##;##
#2014-02-23 18:44:49
#GS-911 Android V1.1
#F650GS
#BMS-C
Time (ms);Speed( km/h);RPM;Throttle position (TPS)( °);Engine temperature( °C);Intake air temperature( °C);Ambient air pressure( mbar);Battery voltage( V);Idle actuator position( steps);Injection time( ms);Ignition angle( °KW);Lambda sensor voltage( mV);Fuel pump;Fan motor;Lambda closed-loop control;Lambda sensor heating;Tank venting valve (US only)
118;0;1410.0;0;101.25;25.5;1025.0;14.20;24.0;2.95;19.0;295.24;1.0;0;1.0;0;0
446;0;1440.0;0;101.25;25.5;1025.0;14.29;24.0;3.03;12.0;69.11;1.0;0;1.0;0;0
862;0;1430.0;0;101.25;25.5;1025.0;14.11;24.0;3.09;14.0;68.66;1.0;0;1.0;0;0
1279;0;1410.0;0;101.25;25.5;1025.0;14.29;24.0;3.10;15.0;126.94;1.0;0;1.0;0;0
1604;0;1510.0;0;101.25;25.5;1025.0;14.20;24.0;3.01;17.0;255.41;1.0;0;1.0;0;0
1986;0;1520.0;0;101.25;25.5;1025.0;14.29;24.0;3.05;9.5;819.73;1.0;0;1.0;0;0
2299;0;1560.0;0;101.25;25.5;1025.0;14.29;24.0;2.92;10.0;850.48;1.0;0;1.0;0;0
2699;0;1500.0;0;101.25;25.5;1025.0;14.11;24.0;2.94;20.5;805.77;1.0;0;1.0;0;0
3064;0;1470.0;0;101.25;25.5;1025.0;14.20;24.0;3.00;17.0;175.31;1.0;0;1.0;0;0
3403;0;1460.0;0;101.25;25.5;1025.0;14.20;24.0;3.05;13.0;91.92;1.0;0;1.0;0;0
3724;0;1460.0;0;101.25;25.5;1025.0;14.29;24.0;3.04;17.0;654.33;1.0;0;1.0;0;0
4052;0;1440.0;0;101.25;25.5;1025.0;14.20;24.0;3.09;14.0;690.72;1.0;0;1.0;0;0
4376;0;1470.0;0;101.25;25.5;1025.0;14.11;24.0;2.98;14.0;840.56;1.0;0;1.0;0;0
4750;0;1480.0;0;101.25;25.5;1025.0;14.11;24.0;3.00;20.5;195.07;1.0;0;1.0;0;0
5126;0;1420.0;0;101.25;25.5;1025.0;14.20;24.0;3.05;14.5;702.93;1.0;0;1.0;0;0
5521;0;1480.0;0;101.25;25.5;1025.0;14.29;24.0;2.95;15.0;259.84;1.0;0;1.0;0;0
5839;0;1520.0;0;101.25;25.5;1025.0;14.20;24.0;2.95;18.5;71.63;1.0;0;1.0;0;0
6179;0;1460.0;0;101.25;25.5;1025.0;14.20;24.0;3.00;15.0;498.47;1.0;0;1.0;0;0
6493;0;1510.0;0;101.25;25.5;1025.0;14.29;24.0;2.94;13.0;157.38;1.0;0;1.0;0;0
6837;0;1500.0;0;101.25;25.5;1025.0;14.20;24.0;2.97;14.0;749.85;1.0;0;1.0;0;0
7191;0;1560.0;0;101.25;25.5;1025.0;14.20;24.0;2.91;14.5;368.25;1.0;0;1.0;0;0
7572;0;1470.0;0;101.25;25.5;1025.0;14.20;24.0;2.98;12.5;588.72;1.0;0;1.0;0;0
7963;0;1530.0;0;103.5;25.5;1025.0;14.29;24.0;2.97;10.0;230.85;1.0;0;1.0;0;0
8278;0;1490.0;0;103.5;25.5;1025.0;14.20;24.0;3.00;14.0;472.76;1.0;0;1.0;0;0
8648;0;1440.0;0;103.5;25.5;1025.0;14.29;23.0;2.98;17.0;732.68;1.0;0;1.0;0;0
9043;0;1470.0;0;103.5;26.25;1025.0;14.11;24.0;3.02;15.0;102.61;1.0;0;1.0;0;0
9368;0;1520.0;0;103.5;26.25;1025.0;14.01;24.0;3.02;16.0;73.31;1.0;0;1.0;0;0
9741;0;1480.0;0;103.5;26.25;1025.0;14.20;24.0;3.02;14.5;734.06;1.0;0;1.0;0;0
10142;0;1490.0;0;103.5;26.25;1025.0;14.11;24.0;3.02;17.5;305.54;1.0;0;1.0;0;0
10593;0;1510.0;0;103.5;26.25;1025.0;14.11;23.0;3.00;17.0;855.74;1.0;0;1.0;0;0
10906;0;1440.0;0;103.5;26.25;1025.0;14.11;26.0;2.98;22.5;806.61;1.0;0;1.0;0;0
11302;0;1510.0;0;103.5;26.25;1025.0;14.29;24.0;2.90;12.5;691.41;1.0;0;1.0;0;0
11615;0;1490.0;0;103.5;26.25;1025.0;14.20;24.0;2.97;12.5;166.99;1.0;0;1.0;0;0
11987;0;1390.0;0;103.5;26.25;1025.0;14.20;24.0;3.15;19.0;57.29;1.0;0;1.0;0;0
12326;0;1450.0;0;103.5;26.25;1025.0;14.20;24.0;3.07;12.0;305.46;1.0;0;1.0;0;0
12694;0;1510.0;0;103.5;26.25;1025.0;14.11;24.0;3.02;12.0;675.62;1.0;0;1.0;0;0
13111;0;1510.0;0;103.5;26.25;1025.0;14.20;24.0;2.90;13.0;785.93;1.0;0;1.0;0;0
13426;0;1440.0;0;103.5;26.25;1025.0;14.11;24.0;3.06;20.0;677.37;1.0;0;1.0;0;0
13824;0;1450.0;0;103.5;26.25;1025.0;14.20;24.0;2.95;15.0;396.17;1.0;0;1.0;0;0
14200;0;1500.0;0;103.5;26.25;1025.0;14.20;23.0;2.89;12.5;119.77;1.0;0;1.0;0;0
14573;0;1500.0;0;103.5;26.25;1025.0;14.20;24.0;2.95;18.5;222.46;1.0;0;1.0;0;0
14888;0;1450.0;0;103.5;26.25;1025.0;14.29;24.0;2.97;15.5;643.27;1.0;0;1.0;0;0
15258;0;1440.0;0;103.5;26.25;1025.0;14.11;24.0;3.09;15.5;133.81;1.0;0;1.0;0;0
15617;0;1490.0;0;103.5;26.25;1025.0;14.29;24.0;3.07;12.0;211.62;1.0;0;1.0;0;0
15990;0;1460.0;0;103.5;26.25;1025.0;14.11;24.0;3.02;17.0;801.50;1.0;0;1.0;0;0
16387;0;1550.0;0;103.5;26.25;1025.0;14.11;24.0;2.91;13.0;204.45;1.0;0;1.0;0;0
16757;0;1480.0;0;103.5;26.25;1025.0;14.11;24.0;2.98;15.5;601.85;1.0;0;1.0;0;0
17123;0;1470.0;0;103.5;26.25;1025.0;14.20;24.0;2.97;14.0;303.10;1.0;0;1.0;0;0
17495;0;1500.0;0;103.5;26.25;1025.0;14.20;24.0;2.95;14.0;184.08;1.0;0;1.0;0;0
17883;0;1470.0;0;103.5;26.25;1025.0;14.29;24.0;3.03;16.0;678.67;1.0;0;1.0;0;0
18202;0;1400.0;0;103.5;26.25;1025.0;14.29;24.0;3.07;12.0;517.24;1.0;0;1.0;0;0
18595;0;1430.0;0;103.5;26.25;1025.0;14.29;24.0;3.11;15.0;129.84;1.0;0;1.0;0;0
19073;0;1500.0;0;103.5;26.25;1025.0;14.29;24.0;3.07;12.5;467.73;1.0;0;1.0;0;0
19481;0;1470.0;0;103.5;26.25;1025.0;14.29;23.0;3.00;15.5;814.62;1.0;0;1.0;0;0
19839;0;1400.0;0;103.5;25.5;1025.0;14.20;23.0;3.00;15.5;754.20;1.0;0;1.0;0;0
20235;0;1520.0;3.76;103.5;25.5;1025.0;14.20;23.0;3.17;15.5;819.81;1.0;0;0;0;0
20692;0;2300.0;0;103.5;25.5;1025.0;14.01;28.0;2.64;16.5;925.70;1.0;0;1.0;0;0
21099;0;1680.0;0;103.5;25.5;1025.0;14.11;28.0;3.03;0;933.17;1.0;0;1.0;0;0
21469;0;1540.0;0;103.5;25.5;1025.0;14.11;27.0;3.07;14.0;850.55;1.0;0;1.0;0;0
21900;0;1520.0;0;103.5;25.5;1025.0;14.20;26.0;2.96;12.5;682.18;1.0;0;1.0;0;0
22292;0;1460.0;0;103.5;25.5;1025.0;14.11;26.0;3.08;19.0;143.27;1.0;1.0;1.0;0;0
22700;0;1430.0;0;103.5;25.5;1025.0;13.54;27.0;3.14;22.5;130.37;1.0;1.0;1.0;0;0
23077;0;1510.0;0;103.5;25.5;1025.0;13.92;25.0;3.08;15.0;395.56;1.0;1.0;1.0;0;0
23452;0;1570.0;11.29;105.0;25.5;1025.0;14.01;30.0;5.56;13.0;852.15;1.0;1.0;1.0;0;0
23822;0;2200.0;0.47;105.0;26.25;1025.0;13.73;28.0;2.72;0.5;933.94;1.0;1.0;1.0;0;0
24217;0;1610.0;0;105.0;26.25;1025.0;14.01;28.0;3.11;1.0;927.68;1.0;1.0;1.0;0;0
24533;0;1510.0;0;105.0;26.25;1025.0;14.01;27.0;3.09;12.0;836.51;1.0;1.0;1.0;0;0
24880;0;1450.0;0;105.0;26.25;1025.0;14.01;26.0;3.06;14.5;375.95;1.0;0;1.0;0;0
25293;0;1450.0;0;105.0;26.25;1025.0;13.92;26.0;3.09;16.0;88.57;1.0;1.0;1.0;0;0
25609;0;1550.0;0.47;105.0;26.25;1025.0;14.01;26.0;3.05;16.0;64.99;1.0;1.0;1.0;0;0
26009;0;1940.0;0;105.0;26.25;1025.0;14.01;30.0;3.20;17.0;781.59;1.0;1.0;1.0;0;0
26322;0;1750.0;0;105.0;26.25;1025.0;14.01;28.0;3.05;16.5;926.00;1.0;1.0;1.0;0;0
26694;0;1830.0;2.35;105.0;27.0;1025.0;14.01;30.0;3.60;17.5;945.23;1.0;1.0;1.0;0;0
27032;0;2110.0;7.05;105.0;27.0;1025.0;13.92;30.0;4.33;18.0;205.14;1.0;1.0;1.0;0;0
27357;0;1980.0;10.35;105.0;27.0;1025.0;13.92;30.0;4.84;17.5;47.68;1.0;1.0;1.0;0;0
27753;4.0;2250.0;17.40;105.0;27.0;1025.0;13.92;30.0;5.62;17.0;440.19;1.0;1.0;1.0;0;0
28160;9.0;2400.0;17.87;105.0;27.75;1025.0;13.54;30.0;6.02;21.0;912.12;1.0;1.0;0;0;0
28533;12.0;2700.0;0.47;105.0;27.75;1025.0;13.73;28.0;2.78;27.5;917.38;1.0;1.0;0;0;0
28929;12.0;1880.0;0;105.0;27.0;1025.0;14.01;28.0;3.51;15.0;909.98;1.0;1.0;1.0;0;0
29300;12.0;1770.0;0;105.0;27.0;1025.0;14.01;28.0;3.01;15.0;931.57;1.0;1.0;1.0;0;0
29613;12.0;1690.0;0;105.0;27.0;1025.0;13.92;28.0;3.70;15.0;902.35;1.0;1.0;1.0;0;0
29945;10.0;1670.0;0;105.0;27.0;1025.0;13.92;28.0;3.74;15.0;936.00;1.0;0;1.0;0;0
30341;12.0;1750.0;0;105.0;27.0;1025.0;13.92;28.0;3.00;15.0;917.84;1.0;1.0;1.0;0;0
30711;10.0;1660.0;0;105.0;26.25;1025.0;13.92;27.0;2.93;15.0;868.25;1.0;1.0;1.0;0;0
31072;10.0;1520.0;0;105.0;26.25;1025.0;13.82;27.0;3.00;15.0;608.79;1.0;1.0;1.0;0;0
31468;12.0;1480.0;0;105.0;26.25;1025.0;13.73;27.0;3.12;16.0;248.85;1.0;1.0;1.0;0;0
31781;12.0;1410.0;0;105.0;26.25;1025.0;13.73;27.0;3.36;15.5;67.89;1.0;1.0;0;0;0
32154;10.0;1470.0;0;105.0;26.25;1025.0;14.01;28.0;3.30;15.5;727.11;1.0;1.0;1.0;0;0
32538;9.0;1630.0;0.47;105.0;26.25;1025.0;14.01;28.0;3.08;16.0;938.21;1.0;0;1.0;0;0
32914;10.0;1630.0;0.47;105.0;26.25;1025.0;14.01;28.0;3.14;16.0;890.30;1.0;1.0;0;0;0
33290;10.0;1520.0;3.76;105.0;26.25;1025.0;14.01;30.0;4.83;16.0;956.44;1.0;1.0;0;0;0
33684;10.0;2450.0;8.93;105.0;26.25;1025.0;13.92;30.0;5.06;22.5;911.81;1.0;1.0;0;0;0
34061;10.0;2600.0;0.47;105.0;26.25;1025.0;13.73;30.0;3.22;27.5;926.77;1.0;0;0;0;0
34432;10.0;2300.0;2.35;105.0;26.25;1025.0;13.73;30.0;4.43;20.0;897.55;1.0;1.0;0;0;0
34788;10.0;2170.0;9.41;105.0;26.25;1025.0;13.82;30.0;5.37;18.0;950.49;1.0;1.0;0;0;0
35128;12.0;2190.0;9.41;105.0;26.25;1025.0;13.82;30.0;5.36;18.0;880.46;1.0;1.0;0;0;0
35500;13.0;2160.0;0.47;105.0;26.25;1025.0;13.82;28.0;3.25;15.0;900.98;1.0;1.0;1.0;0;0
35896;12.0;1800.0;0;105.0;26.25;1025.0;13.92;28.0;2.94;15.0;937.83;1.0;1.0;1.0;0;0
36253;13.0;1820.0;0;105.0;26.25;1025.0;14.01;27.0;2.86;15.0;926.38;1.0;1.0;1.0;0;0
36648;12.0;1790.0;0;105.0;26.25;1025.0;13.82;27.0;2.89;15.0;915.93;1.0;1.0;0;0;0
37053;12.0;1540.0;0;105.0;26.25;1025.0;13.92;28.0;3.88;16.0;939.96;1.0;1.0;1.0;0;0
37377;10.0;1660.0;0;105.0;26.25;1025.0;13.82;28.0;3.06;15.0;942.63;1.0;1.0;1.0;0;0
37716;9.0;1580.0;0;105.0;26.25;1025.0;13.92;27.0;3.07;15.0;888.54;1.0;1.0;1.0;0;0
38158;7.0;1390.0;0;105.0;26.25;1025.0;13.73;27.0;3.25;15.0;841.32;1.0;0;1.0;0;0
38490;6.0;1520.0;0.47;105.0;26.25;1025.0;13.73;27.0;3.03;15.5;694.54;1.0;1.0;1.0;0;0
38860;6.0;1510.0;3.29;105.0;26.25;1025.0;13.92;30.0;4.00;15.5;900.60;1.0;1.0;1.0;0;0
39213;6.0;2090.0;4.23;103.5;26.25;1025.0;13.82;30.0;3.87;18.5;880.31;1.0;1.0;1.0;0;0
39604;9.0;1920.0;4.23;103.5;26.25;1025.0;13.92;30.0;3.93;17.5;849.10;1.0;1.0;0;0;0
40022;10.0;1780.0;4.23;103.5;26.25;1025.0;14.01;30.0;5.25;16.5;929.66;1.0;1.0;0;0;0
40393;12.0;1880.0;5.64;103.5;26.25;1025.0;13.92;30.0;5.36;17.0;943.70;1.0;1.0;0;0;0
40731;15.0;1970.0;8.93;103.5;26.25;1025.0;13.92;30.0;5.48;17.5;906.93;1.0;0;0;0;0
41105;16.0;2200.0;8.93;103.5;26.25;1025.0;13.82;30.0;5.23;18.5;911.66;1.0;1.0;0;0;0
41553;18.0;2450.0;7.52;103.5;26.25;1025.0;13.82;30.0;4.84;24.0;911.89;1.0;1.0;0;0;0
41934;21.0;2650.0;5.17;103.5;26.25;1025.0;13.63;30.0;4.17;32.5;932.18;1.0;1.0;0;0;0
42274;21.0;2550.0;2.35;103.5;25.5;1025.0;13.73;30.0;3.67;24.5;964.00;1.0;1.0;0;0;0
42650;19.0;2600.0;0.94;103.5;25.5;1025.0;13.73;30.0;3.22;26.0;963.16;1.0;0;0;0;0
42962;18.0;2400.0;0;103.5;25.5;1025.0;13.73;28.0;3.09;17.5;904.41;1.0;1.0;0;0;0
43357;16.0;2260.0;0.47;103.5;25.5;1025.0;13.82;28.0;2.69;15.0;933.17;1.0;0;1.0;0;0
43733;15.0;2140.0;0.47;103.5;25.5;1025.0;13.92;28.0;3.59;19.0;944.69;1.0;0;0;0;0
44090;15.0;1990.0;0.94;103.5;24.75;1025.0;13.92;28.0;3.72;18.0;963.16;1.0;1.0;0;0;0
44427;15.0;2110.0;2.35;103.5;24.75;1025.0;13.92;30.0;4.14;19.0;955.37;1.0;0;0;0;0
44797;16.0;2050.0;4.70;103.5;24.75;1025.0;13.82;30.0;4.96;18.5;947.90;1.0;1.0;0;0;0
45173;16.0;2250.0;4.70;103.5;24.75;1025.0;13.73;30.0;4.67;19.5;944.31;1.0;1.0;0;0;0
45604;18.0;2300.0;3.76;103.5;24.75;1025.0;13.82;30.0;4.40;22.0;945.84;1.0;1.0;0;0;0
45975;19.0;2500.0;4.70;103.5;24.75;1025.0;13.82;30.0;4.33;27.0;930.89;1.0;1.0;0;0;0
46364;19.0;2600.0;7.52;101.25;24.75;1025.0;13.63;30.0;4.68;32.0;927.15;1.0;1.0;0;0;0
46677;21.0;2700.0;0.47;101.25;24.75;1025.0;13.73;30.0;2.47;22.5;890.83;1.0;1.0;1.0;0;0
47072;21.0;2090.0;5.17;101.25;24.75;1025.0;13.92;30.0;4.71;18.5;923.18;1.0;1.0;0;0;0
47419;22.0;2110.0;14.11;101.25;24.75;1025.0;13.92;30.0;5.90;15.5;895.56;1.0;1.0;0;0;0
47770;25.0;2130.0;20.70;101.25;24.75;1025.0;13.73;30.0;6.44;10.0;934.93;1.0;1.0;1.0;0;0
48141;27.0;2220.0;22.11;101.25;24.75;1025.0;13.92;30.0;6.53;7.0;936.45;1.0;1.0;1.0;0;0
48513;28.0;2500.0;22.11;101.25;24.0;1025.0;13.82;30.0;6.31;22.0;933.25;1.0;0;1.0;0;0
48954;33.0;2650.0;22.11;101.25;24.0;1025.0;13.73;30.0;5.98;30.0;922.80;1.0;0;1.0;0;0
49268;34.0;2800.0;13.17;101.25;24.0;1025.0;13.63;30.0;5.0;40.0;890.38;1.0;1.0;0;0;0
49607;34.0;2900.0;9.88;101.25;24.0;1025.0;13.63;30.0;4.57;40.0;867.95;1.0;1.0;0;0;0
49977;34.0;2900.0;8.46;101.25;23.25;1025.0;13.73;30.0;4.44;39.5;877.02;1.0;1.0;0;0;0
50363;36.0;2950.0;7.05;101.25;23.25;1025.0;13.82;30.0;4.17;40.5;899.84;1.0;1.0;0;0;0
50682;37.0;3000.0;7.05;101.25;23.25;1025.0;13.63;30.0;4.11;40.0;923.79;1.0;1.0;0;0;0
51078;36.0;3050.0;6.11;101.25;23.25;1025.0;13.63;30.0;3.91;40.0;932.11;1.0;1.0;0;0;0
51448;36.0;3000.0;5.64;101.25;23.25;1025.0;13.63;30.0;3.85;39.5;944.92;1.0;1.0;0;0;0
51887;37.0;3000.0;5.64;101.25;23.25;1025.0;13.82;30.0;3.89;39.5;943.40;1.0;1.0;0;0;0
52267;37.0;3050.0;5.17;101.25;23.25;1025.0;13.73;30.0;3.81;40.0;951.25;1.0;1.0;0;0;0
52653;36.0;3050.0;5.17;99.75;23.25;1025.0;13.63;30.0;3.76;39.0;950.95;1.0;1.0;0;0;0
53012;36.0;3050.0;5.17;99.75;23.25;1025.0;13.63;30.0;3.76;39.0;943.78;1.0;0;0;0;0
53350;37.0;3000.0;3.76;99.75;23.25;1025.0;13.63;30.0;3.53;37.0;943.78;1.0;1.0;0;0;0
53721;36.0;2800.0;0.47;99.75;23.25;1025.0;13.73;28.0;2.44;29.0;931.42;1.0;1.0;0;0;0
54112;33.0;2800.0;0.47;99.75;23.25;1025.0;13.63;28.0;2.74;24.0;904.72;1.0;0;0;0;0
54483;31.0;2600.0;0;99.75;23.25;1025.0;13.73;28.0;2.58;21.0;944.92;1.0;1.0;0;0;0
54856;30.0;2500.0;0;99.75;23.25;1025.0;13.73;27.0;2.55;20.0;943.09;1.0;1.0;0;0;0
55226;30.0;2450.0;0;99.75;23.25;1025.0;13.82;27.0;2.52;18.5;938.36;1.0;1.0;0;0;0
55659;28.0;2350.0;0;99.75;23.25;1030.0;13.82;27.0;2.61;16.5;933.10;1.0;1.0;0;0;0
56036;28.0;2350.0;5.64;99.75;22.5;1025.0;13.73;30.0;4.78;22.0;944.24;1.0;0;0;0;0
56409;28.0;2300.0;12.23;99.75;22.5;1025.0;13.73;30.0;5.55;20.5;732.30;1.0;0;0;0;0
56756;30.0;2400.0;12.23;99.75;22.5;1025.0;13.73;30.0;5.44;25.0;878.86;1.0;1.0;0;0;0
57126;31.0;2600.0;12.23;99.75;22.5;1025.0;13.82;30.0;5.26;33.5;873.44;1.0;1.0;0;0;0
57500;33.0;2750.0;15.52;99.0;22.5;1025.0;13.82;30.0;5.36;40.0;901.97;1.0;0;0;0;0
57883;34.0;2850.0;20.70;99.0;22.5;1025.0;13.63;30.0;5.60;41.5;940.96;1.0;1.0;1.0;0;0
58197;36.0;3100.0;25.87;99.0;22.5;1025.0;13.63;30.0;6.28;35.0;937.22;1.0;0;1.0;0;0
58570;39.0;3300.0;32.93;99.0;22.5;1025.0;13.92;30.0;7.64;22.0;922.19;1.0;1.0;1.0;0;0
58967;42.0;3550.0;32.93;99.0;22.5;1025.0;13.54;30.0;7.40;26.5;904.41;1.0;1.0;1.0;0;0
59288;45.0;3800.0;31.52;99.0;22.5;1025.0;13.82;30.0;6.89;35.5;881.22;1.0;1.0;0;0;0
59661;50.0;4250.0;63.98;99.0;22.5;1025.0;13.73;30.0;11.87;15.5;810.19;1.0;1.0;0;0;0
60032;54.0;4700.0;70.57;99.0;22.5;1025.0;13.73;30.0;12.73;18.0;313.32;1.0;1.0;0;0;0
60416;62.0;5250.0;79.51;99.0;22.5;1025.0;13.63;30.0;13.29;19.5;884.04;1.0;1.0;0;0;0
60737;68.0;5400.0;0;99.0;22.5;1025.0;13.82;28.0;1.87;50.0;944.08;1.0;1.0;0;0;0
61132;66.0;4250.0;39.52;99.0;22.5;1030.0;13.63;30.0;9.81;27.0;912.19;1.0;1.0;0;0;0
61445;71.0;4500.0;68.69;99.0;22.5;1030.0;13.63;30.0;10.96;16.0;837.81;1.0;1.0;1.0;0;0
61826;74.0;4500.0;27.75;99.0;22.5;1025.0;13.73;30.0;6.13;40.5;905.63;1.0;1.0;0;0;0
62196;72.0;4500.0;8.46;98.25;22.5;1025.0;13.63;30.0;3.15;53.5;899.07;1.0;0;0;0;0
62535;69.0;4350.0;1.41;98.25;22.5;1025.0;13.63;30.0;2.24;51.5;866.88;1.0;1.0;0;0;0
62906;69.0;4250.0;1.41;98.25;22.5;1025.0;13.63;30.0;2.25;50.0;867.03;1.0;1.0;0;0;0
63278;68.0;4100.0;0.47;98.25;22.5;1025.0;13.63;28.0;2.14;48.5;924.71;1.0;1.0;0;0;0
63710;63.0;4000.0;0.47;98.25;22.5;1025.0;13.63;28.0;2.21;46.5;887.40;1.0;1.0;0;0;0
64081;63.0;3900.0;6.11;98.25;22.5;1030.0;13.63;30.0;3.27;46.0;919.37;1.0;1.0;0;0;0
64411;62.0;3900.0;10.35;98.25;22.5;1025.0;13.63;30.0;3.78;47.5;317.74;1.0;1.0;0;0;0
64806;62.0;3800.0;11.29;98.25;22.5;1025.0;13.63;30.0;4.07;47.5;67.36;1.0;1.0;0;0;0
65119;62.0;3800.0;13.17;98.25;21.75;1030.0;13.73;30.0;4.35;48.0;52.86;1.0;1.0;0;0;0
65492;60.0;3750.0;12.23;98.25;21.75;1025.0;13.63;30.0;4.23;48.0;58.13;1.0;1.0;0;0;0
65873;60.0;3750.0;11.76;98.25;21.75;1030.0;13.63;30.0;4.23;48.0;725.67;1.0;1.0;0;0;0
66270;59.0;3700.0;6.58;97.5;21.75;1025.0;13.63;30.0;3.48;45.5;899.53;1.0;1.0;0;0;0
66676;57.0;3550.0;0.47;97.5;21.75;1025.0;13.73;28.0;2.29;42.5;841.78;1.0;1.0;0;0;0
67004;56.0;3450.0;0;97.5;21.75;1025.0;13.82;28.0;2.31;42.0;768.54;1.0;1.0;0;0;0
67398;54.0;3350.0;0;97.5;21.75;1030.0;13.73;28.0;2.15;40.0;839.26;1.0;1.0;0;0;0
67710;53.0;3250.0;0;97.5;21.75;1030.0;13.73;28.0;2.17;31.5;871.00;1.0;1.0;0;0;0
68051;51.0;3150.0;0;97.5;21.75;1025.0;13.63;28.0;2.42;30.0;919.67;1.0;1.0;0;0;0
68378;50.0;3000.0;0.47;97.5;21.75;1030.0;13.73;28.0;2.26;28.5;921.50;1.0;1.0;0;0;0
68747;50.0;3050.0;0.47;97.5;21.75;1025.0;13.63;28.0;2.57;36.0;930.73;1.0;1.0;0;0;0
69145;48.0;3000.0;4.23;97.5;21.75;1030.0;13.63;30.0;3.62;36.5;942.63;1.0;1.0;0;0;0
69506;48.0;3000.0;7.99;97.5;21.75;1030.0;13.63;30.0;4.32;41.0;871.07;1.0;1.0;0;0;0
69878;48.0;3050.0;14.58;97.5;21.75;1030.0;13.63;30.0;4.97;42.5;389.23;1.0;1.0;0;0;0
70251;50.0;3050.0;15.99;96.75;21.0;1025.0;13.54;30.0;5.10;43.0;771.13;1.0;1.0;0;0;0
70650;50.0;3100.0;14.11;96.75;21.0;1030.0;13.63;30.0;4.92;43.5;887.02;1.0;1.0;0;0;0
70962;51.0;3200.0;10.82;96.75;21.0;1025.0;13.63;30.0;4.41;44.0;870.24;1.0;1.0;0;0;0
71335;51.0;3200.0;7.05;96.75;21.0;1030.0;13.63;30.0;3.95;43.0;906.47;1.0;1.0;0;0;0
71732;51.0;3050.0;1.41;96.75;21.0;1025.0;13.63;30.0;2.90;36.0;954.31;1.0;1.0;0;0;0
72092;50.0;3050.0;0;96.75;21.0;1025.0;13.73;28.0;2.52;36.0;775.03;1.0;1.0;0;0;0
72487;48.0;2950.0;0;96.75;21.0;1030.0;13.73;28.0;2.28;27.5;873.67;1.0;1.0;0;0;0
72800;47.0;2900.0;0;96.75;21.0;1030.0;13.73;27.0;2.25;26.0;948.36;1.0;1.0;0;0;0
73172;47.0;2850.0;0.94;96.75;21.0;1030.0;13.73;28.0;2.47;30.5;936.30;1.0;1.0;0;0;0
73556;45.0;2850.0;5.64;96.75;21.0;1030.0;13.82;30.0;4.08;36.5;935.69;1.0;1.0;0;0;0
73926;45.0;2850.0;6.11;96.75;21.0;1030.0;13.63;30.0;4.24;37.0;881.68;1.0;1.0;0;0;0
74322;45.0;2800.0;5.64;96.75;21.0;1030.0;13.73;30.0;4.19;36.5;904.34;1.0;1.0;0;0;0
74683;45.0;2850.0;5.64;96.0;21.0;1030.0;13.63;30.0;4.08;36.5;921.35;1.0;1.0;0;0;0
75079;45.0;2800.0;5.17;96.0;21.0;1030.0;13.73;30.0;4.08;36.5;921.81;1.0;1.0;0;0;0
75391;45.0;2800.0;3.76;96.0;21.0;1030.0;13.73;30.0;3.75;33.0;946.75;1.0;1.0;0;0;0
75777;45.0;2750.0;3.29;96.0;21.0;1030.0;13.63;30.0;3.77;32.5;953.09;1.0;1.0;0;0;0
76090;44.0;2750.0;3.29;96.0;21.0;1030.0;13.63;30.0;3.73;32.0;953.09;1.0;1.0;0;0;0
76472;45.0;2750.0;3.29;96.0;21.0;1030.0;13.73;30.0;3.71;31.5;949.20;1.0;0;0;0;0
76867;44.0;2700.0;5.17;96.0;21.0;1030.0;13.73;30.0;4.27;32.5;947.97;1.0;1.0;0;0;0
77243;44.0;2650.0;5.64;96.0;21.0;1030.0;13.73;30.0;4.30;33.5;913.80;1.0;1.0;0;0;0
77556;42.0;2650.0;5.64;96.0;21.0;1030.0;13.73;30.0;4.35;33.5;922.88;1.0;1.0;0;0;0
77973;44.0;2700.0;5.64;96.0;21.0;1030.0;13.73;30.0;4.25;33.5;933.17;1.0;1.0;0;0;0
78336;44.0;2650.0;5.64;95.25;21.0;1030.0;13.73;30.0;4.35;33.5;927.68;1.0;0;0;0;0
78714;44.0;2650.0;5.64;95.25;21.0;1030.0;13.92;30.0;4.32;33.5;931.27;1.0;0;0;0;0
79087;44.0;2700.0;5.64;95.25;21.0;1030.0;13.92;30.0;4.28;33.5;930.28;1.0;0;0;0;0
79456;44.0;2650.0;5.64;95.25;21.0;1030.0;14.01;30.0;4.32;33.5;935.16;1.0;0;0;0;0
79840;44.0;2700.0;5.64;95.25;21.0;1030.0;13.92;30.0;4.28;33.5;934.55;1.0;0;0;0;0
80267;44.0;2650.0;6.58;95.25;21.0;1025.0;13.92;30.0;4.45;33.5;937.14;1.0;0;0;0;0
80639;44.0;2700.0;16.93;95.25;21.0;1030.0;13.92;30.0;5.58;40.0;907.69;1.0;0;1.0;0;0
81019;45.0;2900.0;33.87;95.25;21.0;1030.0;13.92;30.0;8.73;14.0;950.87;1.0;0;0;0;0
81396;48.0;3100.0;44.22;95.25;21.0;1030.0;13.92;30.0;10.48;8.5;929.13;1.0;0;0;0;0
81769;53.0;3300.0;42.81;95.25;21.0;1025.0;13.92;30.0;9.45;9.0;910.44;1.0;0;1.0;0;0
82146;54.0;3350.0;22.58;95.25;21.0;1030.0;13.82;30.0;5.37;42.0;945.15;1.0;0;1.0;0;0
82484;54.0;3450.0;23.52;95.25;21.0;1030.0;13.82;30.0;5.15;42.5;881.07;1.0;0;1.0;0;0
82874;56.0;3400.0;27.75;95.25;21.0;1030.0;13.82;30.0;5.56;37.5;677.22;1.0;0;0;0;0
83243;59.0;3500.0;23.05;94.5;21.0;1030.0;13.82;30.0;5.74;37.5;857.27;1.0;0;1.0;0;0
83679;57.0;3350.0;0;94.5;21.0;1030.0;13.82;30.0;2.17;33.0;858.79;1.0;0;0;0;0
84052;56.0;3400.0;0;94.5;21.0;1030.0;13.92;30.0;2.12;33.5;925.55;1.0;0;0;0;0
84390;53.0;3300.0;1.88;94.5;21.0;1030.0;13.92;28.0;2.60;39.5;894.34;1.0;0;0;0;0
84768;53.0;3250.0;32.46;94.5;21.0;1030.0;13.92;30.0;7.20;42.0;321.48;1.0;0;0;0;0
85137;57.0;3600.0;80.92;94.5;21.0;1025.0;13.92;30.0;12.94;11.5;883.81;1.0;0;0;0;0
85541;60.0;3750.0;80.92;94.5;21.0;1030.0;13.82;30.0;12.01;14.0;887.86;1.0;0;0;0;0
85919;63.0;4000.0;80.92;94.5;21.0;1025.0;13.73;30.0;12.26;16.0;898.00;1.0;0;0;0;0
86281;69.0;4400.0;80.92;94.5;21.0;1030.0;13.82;30.0;12.56;17.0;910.29;1.0;0;0;0;0
86621;74.0;4650.0;80.45;94.5;21.0;1030.0;13.82;30.0;12.79;18.0;905.25;1.0;0;0;0;0
86977;77.0;4750.0;54.57;94.5;21.0;1030.0;13.82;30.0;10.68;20.0;916.62;1.0;0;1.0;0;0
87356;78.0;4800.0;28.70;94.5;21.0;1030.0;13.82;30.0;6.15;47.0;946.37;1.0;0;0;0;0
87726;80.0;5000.0;51.75;94.5;21.0;1025.0;13.82;30.0;10.27;25.5;871.99;1.0;0;1.0;0;0
88125;85.0;5300.0;2.35;94.5;21.0;1030.0;13.82;30.0;2.83;55.0;835.52;1.0;0;0;0;0
88494;83.0;4100.0;21.64;93.75;21.0;1030.0;13.92;30.0;5.78;48.5;635.26;1.0;0;0;0;0
88855;83.0;4600.0;51.28;93.75;21.0;1030.0;13.82;30.0;11.06;22.5;858.72;1.0;0;1.0;0;0
89254;86.0;4250.0;41.87;93.75;21.0;1025.0;13.92;30.0;8.99;25.0;865.73;1.0;0;1.0;0;0
89570;86.0;4250.0;29.17;93.75;21.0;1025.0;13.73;30.0;6.38;40.0;892.82;1.0;0;1.0;0;0
89959;86.0;4250.0;23.05;93.75;21.0;1030.0;13.82;30.0;5.13;48.0;848.42;1.0;0;1.0;0;0
90329;86.0;4200.0;22.11;93.75;21.0;1030.0;13.82;30.0;5.06;49.0;165.09;1.0;0;1.0;0;0
90654;85.0;4150.0;19.76;93.75;21.0;1030.0;13.73;30.0;4.92;50.0;82.39;1.0;0;1.0;0;0
91025;85.0;4150.0;22.11;93.75;21.0;1030.0;13.92;30.0;5.31;49.0;103.22;1.0;0;1.0;0;0
91360;85.0;4150.0;29.17;93.75;21.0;1025.0;13.73;30.0;6.44;40.5;872.07;1.0;0;1.0;0;0
91730;85.0;4200.0;23.05;93.75;21.0;1030.0;13.82;30.0;5.43;46.0;895.79;1.0;0;1.0;0;0
92128;85.0;4150.0;15.52;93.75;21.0;1030.0;13.92;30.0;4.06;50.0;139.07;1.0;0;1.0;0;0
92501;83.0;4100.0;15.05;93.75;21.0;1025.0;13.82;30.0;4.19;49.5;45.39;1.0;0;1.0;0;0
92874;82.0;4050.0;12.23;93.75;20.25;1030.0;13.73;30.0;4.09;49.0;84.52;1.0;0;0;0;0
93187;80.0;3950.0;0;93.75;20.25;1025.0;13.82;28.0;2.09;42.0;809.97;1.0;0;0;0;0
93604;77.0;3800.0;0;93.75;20.25;1030.0;13.82;28.0;2.03;40.0;798.98;1.0;0;0;0;0
93940;72.0;3550.0;0;93.75;20.25;1030.0;13.82;28.0;2.10;36.0;855.59;1.0;0;0;0;0
94251;71.0;3450.0;0.94;93.75;20.25;1030.0;13.82;28.0;2.49;41.5;899.68;1.0;0;0;0;0
94627;69.0;3600.0;11.29;93.75;20.25;1030.0;13.82;30.0;4.15;47.5;620.84;1.0;0;0;0;0
95038;69.0;3450.0;11.76;93.75;20.25;1025.0;13.92;30.0;4.34;46.0;62.78;1.0;0;0;0;0
95375;68.0;3350.0;9.88;93.75;20.25;1030.0;13.92;30.0;4.23;46.0;60.57;1.0;0;0;0;0
95745;68.0;3350.0;0;93.75;20.25;1030.0;13.92;30.0;2.44;41.0;858.10;1.0;0;0;0;0
96108;66.0;3250.0;0.47;93.0;20.25;1030.0;13.82;30.0;2.27;31.5;888.47;1.0;0;0;0;0
96428;66.0;3200.0;11.29;93.0;20.25;1025.0;13.82;30.0;4.44;44.5;733.29;1.0;0;0;0;0
96746;66.0;3250.0;16.46;93.0;19.5;1030.0;13.92;30.0;5.06;45.0;143.73;1.0;0;1.0;0;0
97141;66.0;3300.0;22.11;93.0;19.5;1030.0;13.82;30.0;5.51;43.5;845.29;1.0;0;1.0;0;0
97455;68.0;3350.0;30.11;93.0;19.5;1030.0;13.92;30.0;6.94;33.0;913.80;1.0;0;1.0;0;0
97784;69.0;3400.0;30.11;93.0;19.5;1025.0;13.92;30.0;6.74;33.5;901.59;1.0;0;1.0;0;0
98180;71.0;3400.0;30.58;93.0;19.5;1030.0;13.92;30.0;6.63;34.0;889.92;1.0;0;1.0;0;0
98534;71.0;3450.0;30.11;93.0;19.5;1030.0;13.82;30.0;6.50;35.0;842.92;1.0;0;1.0;0;0
98911;72.0;3500.0;26.34;93.0;19.5;1030.0;13.82;30.0;5.63;39.5;848.03;1.0;0;1.0;0;0
99254;72.0;3600.0;35.28;93.0;19.5;1030.0;13.82;30.0;7.54;24.5;172.41;1.0;0;1.0;0;0
99628;74.0;3650.0;41.87;93.0;19.5;1030.0;13.82;30.0;8.72;18.5;55.31;1.0;0;1.0;0;0
100003;75.0;3750.0;40.93;93.0;19.5;1030.0;13.92;30.0;8.91;19.5;67.66;1.0;0;1.0;0;0
100424;78.0;3850.0;39.52;93.0;19.5;1025.0;13.92;30.0;8.53;24.0;389.30;1.0;0;1.0;0;0
100797;82.0;3950.0;38.11;93.0;19.5;1030.0;13.73;30.0;8.03;26.0;455.22;1.0;0;1.0;0;0
101134;83.0;4100.0;36.69;92.25;19.5;1030.0;13.82;30.0;7.79;27.5;769.53;1.0;0;1.0;0;0
101651;83.0;4050.0;31.99;92.25;19.5;1030.0;13.82;30.0;6.65;37.0;670.43;1.0;0;1.0;0;0
102049;85.0;4200.0;31.99;92.25;19.5;1030.0;13.82;30.0;6.64;37.5;648.54;1.0;0;1.0;0;0
102506;86.0;4200.0;33.40;92.25;19.5;1030.0;13.82;30.0;7.08;36.5;482.00;1.0;0;1.0;0;0
102839;86.0;4350.0;0;92.25;19.5;1030.0;13.92;30.0;2.00;45.0;719.79;1.0;0;0;0;0
103209;83.0;3450.0;17.87;92.25;19.5;1030.0;13.92;30.0;5.15;47.0;509.00;1.0;0;0;0;0
103583;83.0;3400.0;31.05;92.25;19.5;1025.0;13.92;30.0;7.11;34.5;822.48;1.0;0;1.0;0;0
103980;85.0;3450.0;32.93;92.25;19.5;1025.0;13.82;30.0;7.50;26.0;830.64;1.0;0;1.0;0;0
104339;85.0;3500.0;31.05;92.25;19.5;1030.0;13.92;30.0;6.87;33.5;815.61;1.0;0;0;0;0
104722;86.0;3500.0;46.57;92.25;19.5;1030.0;13.92;30.0;10.36;13.5;199.72;1.0;0;1.0;0;0
105035;86.0;3550.0;42.81;92.25;19.5;1025.0;13.92;30.0;9.46;16.0;819.50;1.0;0;1.0;0;0
105367;88.0;3650.0;35.28;92.25;19.5;1030.0;13.92;30.0;7.94;22.5;857.34;1.0;0;1.0;0;0
105740;89.0;3600.0;24.93;92.25;19.5;1025.0;13.82;30.0;5.71;41.5;889.31;1.0;0;1.0;0;0
106077;88.0;3550.0;24.93;92.25;19.5;1025.0;13.82;30.0;5.49;42.0;819.88;1.0;0;1.0;0;0
106453;88.0;3600.0;24.93;91.5;19.5;1025.0;13.82;30.0;5.57;42.0;259.53;1.0;0;1.0;0;0
106833;86.0;3550.0;18.34;91.5;19.5;1030.0;13.82;30.0;4.65;46.5;402.58;1.0;0;0;0;0
107205;85.0;3450.0;14.11;91.5;19.5;1025.0;13.92;30.0;4.67;47.0;86.74;1.0;0;0;0;0
107579;83.0;3450.0;9.88;91.5;19.5;1025.0;13.92;30.0;4.02;46.0;61.48;1.0;0;0;0;0
107966;83.0;3350.0;9.88;91.5;19.5;1025.0;13.82;30.0;4.18;45.5;68.05;1.0;0;0;0;0
108349;82.0;3250.0;0;91.5;19.5;1025.0;13.92;28.0;2.12;32.0;95.66;1.0;0;0;0;0
108718;78.0;3550.0;0.94;91.5;19.5;1025.0;13.82;28.0;2.44;42.0;850.63;1.0;0;0;0;0
109054;75.0;3700.0;0.94;91.5;19.5;1025.0;13.92;28.0;2.33;44.0;858.64;1.0;0;0;0;0
109372;74.0;3550.0;0.94;91.5;19.5;1030.0;13.92;28.0;2.43;42.5;926.61;1.0;0;0;0;0
109741;71.0;3500.0;3.76;91.5;19.5;1025.0;13.92;30.0;3.16;42.5;911.89;1.0;0;0;0;0
110176;69.0;3450.0;3.76;91.5;19.5;1025.0;13.92;30.0;3.19;42.0;914.94;1.0;0;0;0;0
110497;69.0;3350.0;3.76;91.5;19.5;1025.0;13.92;30.0;3.21;40.5;917.38;1.0;0;0;0;0
110867;66.0;3300.0;5.17;91.5;19.5;1025.0;13.92;30.0;3.52;41.5;911.20;1.0;0;0;0;0
111210;66.0;3250.0;5.17;91.5;19.5;1025.0;13.92;30.0;3.56;41.0;906.32;1.0;0;0;0;0
111574;65.0;3200.0;7.52;90.75;19.5;1025.0;13.82;30.0;4.00;42.5;878.25;1.0;0;0;0;0
111956;65.0;3200.0;11.29;90.75;19.5;1025.0;13.92;30.0;4.43;44.5;301.72;1.0;0;0;0;0
112328;65.0;3150.0;13.17;90.75;18.75;1025.0;13.92;30.0;4.68;44.0;105.43;1.0;0;0;0;0
112665;65.0;3150.0;16.46;90.75;18.75;1025.0;13.92;30.0;5.07;44.0;806.08;1.0;0;0;0;0
113047;66.0;3250.0;19.29;90.75;18.75;1025.0;13.92;30.0;5.07;44.5;909.30;1.0;0;1.0;0;0
113427;66.0;3200.0;6.58;90.75;18.75;1025.0;13.92;30.0;3.82;43.0;888.54;1.0;0;0;0;0
113741;65.0;2950.0;0;90.75;18.75;1025.0;13.92;28.0;2.25;27.5;929.44;1.0;0;0;0;0
114133;63.0;3050.0;0.94;90.75;18.75;1025.0;13.92;28.0;2.63;37.0;842.16;1.0;0;0;0;0
114494;63.0;3050.0;12.23;90.75;18.75;1025.0;13.92;30.0;4.71;42.0;888.93;1.0;0;0;0;0
114831;62.0;3050.0;12.70;90.75;18.75;1025.0;13.92;30.0;4.76;42.5;447.97;1.0;0;0;0;0
115204;62.0;3000.0;11.76;90.75;18.75;1025.0;13.92;30.0;4.68;42.0;747.71;1.0;0;0;0;0
115575;62.0;2950.0;11.29;90.75;18.75;1025.0;13.92;30.0;4.65;42.0;812.25;1.0;0;0;0;0
115970;60.0;2950.0;0;90.75;18.75;1025.0;13.92;30.0;2.46;27.5;817.67;1.0;0;0;0;0
116342;59.0;2850.0;0;90.75;18.75;1025.0;13.92;30.0;2.34;25.0;840.18;1.0;0;0;0;0
116694;57.0;2750.0;3.29;90.75;18.75;1025.0;13.92;29.0;2.86;29.0;938.44;1.0;0;0;0;0
117019;56.0;2700.0;19.29;90.75;18.75;1025.0;13.92;30.0;5.56;40.0;527.01;1.0;0;1.0;0;0
117360;56.0;2800.0;23.99;90.0;18.75;1025.0;13.92;30.0;6.27;30.0;902.28;1.0;0;1.0;0;0
117739;56.0;2700.0;23.99;90.0;18.75;1025.0;13.92;30.0;6.26;30.0;914.41;1.0;0;1.0;0;0
118104;57.0;2750.0;23.05;90.0;18.75;1025.0;13.92;30.0;5.88;31.0;909.14;1.0;0;1.0;0;0
118480;57.0;2800.0;24.93;90.0;18.75;1025.0;13.92;30.0;5.99;29.5;890.07;1.0;0;0;0;0
118852;57.0;2950.0;46.10;90.0;18.75;1025.0;13.92;30.0;10.30;6.5;873.52;1.0;0;1.0;0;0
119221;60.0;2950.0;27.28;90.0;18.75;1025.0;14.01;30.0;7.11;24.0;907.85;1.0;0;1.0;0;0
119599;60.0;2850.0;18.34;90.0;18.75;1025.0;13.92;30.0;5.14;39.0;900.98;1.0;0;0;0;0
119980;59.0;2950.0;26.34;90.0;18.75;1025.0;14.01;30.0;6.51;32.0;889.00;1.0;0;1.0;0;0
120420;59.0;2950.0;25.87;90.0;18.75;1025.0;13.92;30.0;6.35;31.5;891.29;1.0;0;1.0;0;0
120815;59.0;2850.0;32.93;90.0;18.75;1025.0;13.92;30.0;7.89;17.5;758.09;1.0;0;1.0;0;0
121129;60.0;2900.0;22.11;90.0;18.75;1025.0;13.92;30.0;5.37;40.5;877.86;1.0;0;1.0;0;0
121570;59.0;2900.0;20.70;90.0;18.75;1025.0;13.82;30.0;5.12;42.0;792.19;1.0;0;1.0;0;0
121889;60.0;2950.0;20.23;90.0;18.75;1025.0;13.92;30.0;4.97;42.0;273.27;1.0;0;1.0;0;0
122259;60.0;2950.0;20.23;90.0;18.75;1025.0;13.92;30.0;5.04;42.0;344.06;1.0;0;1.0;0;0
122658;60.0;2850.0;20.70;90.0;18.75;1025.0;13.92;30.0;5.13;41.5;93.22;1.0;0;1.0;0;0
123012;59.0;2950.0;31.52;90.0;18.75;1025.0;13.92;30.0;8.10;21.0;458.80;1.0;0;0;0;0
123406;60.0;3000.0;40.46;90.0;18.75;1025.0;13.92;30.0;9.39;8.5;767.93;1.0;0;1.0;0;0
123826;62.0;2950.0;22.58;90.0;18.75;1025.0;13.92;30.0;5.67;38.0;921.81;1.0;0;1.0;0;0
124139;60.0;3000.0;21.64;90.0;18.75;1025.0;13.92;30.0;5.37;41.5;842.08;1.0;0;1.0;0;0
124479;60.0;3000.0;21.17;90.0;18.75;1025.0;13.92;30.0;5.10;42.5;817.98;1.0;0;1.0;0;0
124851;60.0;2900.0;20.70;90.0;18.75;1025.0;13.92;30.0;5.05;42.0;741.15;1.0;0;1.0;0;0
125220;60.0;2950.0;20.23;90.0;18.75;1025.0;13.92;30.0;5.02;42.0;212.08;1.0;0;1.0;0;0
125655;60.0;2900.0;19.29;89.25;18.75;1025.0;13.92;30.0;5.09;42.0;103.98;1.0;0;1.0;0;0
125977;59.0;2850.0;19.29;90.0;18.75;1025.0;13.92;30.0;5.01;41.5;721.85;1.0;0;1.0;0;0
126352;59.0;2800.0;19.29;89.25;18.75;1025.0;13.92;30.0;5.22;41.5;248.09;1.0;0;1.0;0;0
126783;59.0;2900.0;21.64;89.25;18.75;1025.0;13.92;30.0;5.25;40.5;399.30;1.0;0;1.0;0;0
127163;57.0;2750.0;23.52;89.25;18.75;1025.0;13.92;30.0;5.96;31.5;858.87;1.0;0;1.0;0;0
127482;57.0;2850.0;23.05;89.25;18.75;1025.0;13.92;30.0;5.59;32.0;829.88;1.0;0;1.0;0;0
127897;57.0;2850.0;22.58;89.25;18.75;1025.0;14.01;30.0;5.35;34.5;802.03;1.0;0;1.0;0;0
128284;57.0;2750.0;35.28;89.25;18.75;1025.0;13.92;30.0;7.78;14.0;155.93;1.0;0;0;0;0
128638;59.0;2850.0;48.46;89.25;18.75;1025.0;13.92;30.0;10.29;6.0;232.37;1.0;0;1.0;0;0
129008;60.0;2900.0;40.93;89.25;18.75;1025.0;13.92;30.0;9.46;8.5;825.68;1.0;0;1.0;0;0
129433;62.0;3100.0;31.99;89.25;18.75;1025.0;13.92;30.0;7.37;20.0;879.62;1.0;0;1.0;0;0
129783;62.0;3100.0;31.99;89.25;18.75;1025.0;13.92;30.0;7.20;21.5;839.18;1.0;0;1.0;0;0
130098;63.0;3150.0;31.05;89.25;18.75;1025.0;13.92;30.0;6.86;24.0;782.96;1.0;0;1.0;0;0
130528;63.0;3150.0;26.34;89.25;18.75;1025.0;13.92;30.0;5.90;33.0;820.72;1.0;0;1.0;0;0
130844;63.0;3150.0;23.05;89.25;18.75;1025.0;13.92;30.0;5.10;40.0;777.24;1.0;0;1.0;0;0
131252;62.0;3050.0;29.64;89.25;18.75;1025.0;13.92;30.0;6.33;31.5;124.27;1.0;0;1.0;0;0
131624;65.0;3100.0;32.46;89.25;18.75;1025.0;13.92;30.0;7.16;22.0;185.53;1.0;0;1.0;0;0
131996;65.0;3150.0;25.40;89.25;18.75;1025.0;13.92;30.0;5.64;34.5;789.83;1.0;0;1.0;0;0
132378;65.0;3150.0;22.11;89.25;18.75;1025.0;13.82;30.0;5.02;43.0;272.73;1.0;0;1.0;0;0
132747;63.0;3150.0;22.11;89.25;18.75;1025.0;13.92;30.0;5.18;42.0;85.29;1.0;0;1.0;0;0
133143;63.0;3050.0;22.11;89.25;18.75;1025.0;13.92;30.0;5.29;42.0;161.20;1.0;0;1.0;0;0
133505;63.0;3150.0;26.81;89.25;18.75;1025.0;13.92;30.0;6.05;32.5;726.66;1.0;0;1.0;0;0
133875;62.0;3050.0;25.87;89.25;18.75;1025.0;13.92;30.0;5.74;33.5;750.69;1.0;0;1.0;0;0
134270;63.0;3050.0;32.93;89.25;18.75;1025.0;13.92;30.0;8.05;21.0;146.55;1.0;0;1.0;0;0
134583;63.0;3150.0;27.75;89.25;18.75;1025.0;13.92;30.0;6.72;31.5;856.43;1.0;0;1.0;0;0
134930;63.0;3150.0;23.05;89.25;18.75;1025.0;13.92;30.0;5.57;40.0;882.52;1.0;0;1.0;0;0
135300;63.0;3150.0;22.58;89.25;18.75;1025.0;13.92;30.0;5.43;41.0;837.58;1.0;0;1.0;0;0
135638;63.0;3150.0;26.81;89.25;18.75;1025.0;13.92;30.0;6.05;32.5;754.20;1.0;0;1.0;0;0
135999;63.0;3100.0;26.34;89.25;18.75;1025.0;13.92;30.0;5.90;33.0;793.72;1.0;0;1.0;0;0
136369;65.0;3100.0;34.34;89.25;18.75;1025.0;13.92;30.0;7.60;19.5;96.43;1.0;0;1.0;0;0
136766;66.0;3250.0;38.11;89.25;18.75;1025.0;13.92;30.0;8.53;13.5;75.52;1.0;0;1.0;0;0
137137;66.0;3300.0;43.28;89.25;18.75;1025.0;13.92;30.0;9.33;11.5;156.31;1.0;0;1.0;0;0
137498;69.0;3400.0;59.28;89.25;18.75;1025.0;13.92;30.0;10.26;10.0;62.32;1.0;0;1.0;0;0
137919;71.0;3500.0;50.81;89.25;18.75;1025.0;13.92;30.0;10.35;11.5;166.38;1.0;0;1.0;0;0
138258;72.0;3450.0;28.23;89.25;18.75;1025.0;13.92;30.0;6.56;33.5;887.78;1.0;0;1.0;0;0
138590;71.0;3450.0;22.11;89.25;18.75;1025.0;13.92;30.0;5.18;44.5;868.02;1.0;0;1.0;0;0
138930;71.0;3500.0;25.40;89.25;18.75;1025.0;13.92;30.0;5.55;41.5;806.08;1.0;0;0;0;0
139244;71.0;3600.0;50.34;89.25;18.75;1025.0;13.92;30.0;11.23;13.0;723.00;1.0;0;0;0;0
139614;72.0;3550.0;58.34;89.25;18.75;1025.0;14.01;30.0;10.33;11.5;543.94;1.0;0;1.0;0;0
139988;75.0;3650.0;67.75;89.25;18.75;1025.0;13.92;30.0;10.92;12.0;169.59;1.0;0;1.0;0;0
140417;77.0;3750.0;68.22;89.25;19.5;1025.0;13.92;30.0;10.84;13.0;646.32;1.0;0;1.0;0;0
140762;80.0;3900.0;73.39;89.25;19.5;1025.0;14.01;30.0;12.07;15.5;579.95;1.0;0;0;0;0
141119;83.0;4000.0;80.92;89.25;19.5;1025.0;13.92;30.0;12.23;16.5;870.85;1.0;0;0;0;0
141552;83.0;4150.0;74.80;89.25;19.5;1025.0;13.92;30.0;12.30;16.5;893.50;1.0;0;1.0;0;0
141964;85.0;4050.0;26.81;89.25;19.5;1025.0;13.92;30.0;6.01;42.5;923.64;1.0;0;1.0;0;0
142339;83.0;4050.0;21.64;89.25;19.5;1025.0;13.92;30.0;5.03;47.5;838.88;1.0;0;1.0;0;0
142677;82.0;4050.0;18.82;89.25;19.5;1025.0;13.82;30.0;4.61;49.0;190.64;1.0;0;1.0;0;0
143047;82.0;3950.0;24.93;89.25;19.5;1025.0;13.82;30.0;5.67;44.5;110.46;1.0;0;0;0;0
143428;83.0;4000.0;57.40;89.25;19.5;1025.0;13.92;30.0;11.98;15.5;846.97;1.0;0;0;0;0
143807;85.0;4050.0;38.58;89.25;19.5;1025.0;13.82;30.0;8.54;26.5;869.17;1.0;0;1.0;0;0
144177;82.0;4150.0;22.11;89.25;19.5;1025.0;13.92;30.0;5.08;48.0;890.45;1.0;0;1.0;0;0
144572;83.0;4050.0;22.11;89.25;19.5;1025.0;13.92;30.0;4.98;46.5;768.54;1.0;0;1.0;0;0
144899;82.0;4050.0;25.87;89.25;19.5;1025.0;13.82;30.0;5.55;44.0;111.84;1.0;0;0;0;0
145213;83.0;4050.0;48.46;89.25;19.5;1025.0;13.82;30.0;11.01;19.5;785.32;1.0;0;1.0;0;0
145583;85.0;4200.0;52.69;89.25;19.5;1020.0;13.92;30.0;10.11;18.5;736.42;1.0;0;1.0;0;0
146014;86.0;4200.0;46.10;89.25;19.5;1025.0;13.92;30.0;9.58;24.0;815.61;1.0;0;0;0;0
146357;89.0;4300.0;52.22;89.25;19.5;1025.0;13.82;30.0;10.25;20.5;611.92;1.0;0;1.0;0;0
146672;89.0;4450.0;47.52;89.25;19.5;1020.0;13.82;30.0;9.44;23.5;757.40;1.0;0;1.0;0;0
147042;91.0;4450.0;37.64;90.0;19.5;1025.0;13.92;30.0;7.65;32.0;820.88;1.0;0;1.0;0;0
147484;92.0;4600.0;41.87;89.25;19.5;1020.0;13.92;30.0;9.74;30.0;442.71;1.0;0;0;0;0
147798;94.0;4650.0;38.58;89.25;19.5;1025.0;13.82;30.0;8.22;32.0;868.25;1.0;0;1.0;0;0
148167;94.0;4700.0;31.99;89.25;19.5;1025.0;13.92;30.0;6.86;41.5;861.61;1.0;0;1.0;0;0
148563;95.0;4650.0;31.99;90.0;19.5;1025.0;13.92;30.0;6.49;43.0;818.13;1.0;0;1.0;0;0
148924;92.0;4250.0;1.88;89.25;19.5;1025.0;13.92;28.0;2.15;50.0;822.32;1.0;0;0;0;0
149356;92.0;3850.0;21.64;90.0;19.5;1025.0;13.92;30.0;5.38;47.0;252.44;1.0;0;1.0;0;0
149768;91.0;3750.0;22.11;90.0;19.5;1025.0;13.92;30.0;5.36;46.0;803.79;1.0;0;1.0;0;0
150198;92.0;3800.0;31.52;90.0;19.5;1025.0;13.92;30.0;6.98;36.5;797.45;1.0;0;1.0;0;0
150681;92.0;3750.0;39.05;90.0;18.75;1025.0;13.92;30.0;8.53;22.5;579.19;1.0;0;1.0;0;0
151076;94.0;3900.0;45.63;89.25;18.75;1025.0;13.82;30.0;9.66;17.5;109.47;1.0;0;1.0;0;0
151428;94.0;3900.0;33.87;89.25;18.75;1020.0;13.92;30.0;7.29;27.0;829.50;1.0;0;1.0;0;0
151869;94.0;3800.0;22.58;89.25;18.75;1020.0;13.82;30.0;4.99;45.0;844.30;1.0;0;1.0;0;0
152233;92.0;3800.0;20.23;89.25;18.75;1025.0;13.92;30.0;4.85;47.0;116.72;1.0;0;1.0;0;0
152579;91.0;3750.0;18.34;89.25;18.75;1020.0;13.92;30.0;4.71;48.0;62.48;1.0;0;1.0;0;0
152952;91.0;3700.0;15.99;89.25;18.75;1020.0;13.82;30.0;4.47;48.0;48.74;1.0;0;1.0;0;0
153268;89.0;3700.0;14.58;89.25;18.75;1020.0;13.92;30.0;4.57;47.5;429.51;1.0;0;1.0;0;0
153663;89.0;3700.0;18.82;89.25;18.75;1020.0;13.92;30.0;5.10;47.5;418.37;1.0;0;1.0;0;0
153974;89.0;3600.0;18.82;89.25;18.75;1020.0;13.82;30.0;4.92;47.5;800.28;1.0;0;1.0;0;0
154309;86.0;3600.0;18.82;89.25;18.0;1020.0;13.92;30.0;4.79;47.5;388.16;1.0;0;1.0;0;0
154690;88.0;3550.0;18.34;89.25;18.0;1020.0;13.92;30.0;4.82;47.5;740.62;1.0;0;1.0;0;0
155027;88.0;3550.0;17.87;89.25;18.0;1020.0;13.92;30.0;4.71;47.0;288.14;1.0;0;1.0;0;0
155385;86.0;3500.0;22.11;89.25;18.0;1020.0;13.92;30.0;5.32;45.0;735.96;1.0;0;1.0;0;0
155757;86.0;3550.0;26.34;89.25;18.0;1020.0;13.92;30.0;5.89;39.5;883.05;1.0;0;1.0;0;0
156153;85.0;3550.0;25.87;89.25;18.0;1020.0;13.82;30.0;5.78;39.5;873.13;1.0;0;1.0;0;0
156477;85.0;3500.0;24.46;89.25;18.0;1020.0;13.92;30.0;5.28;42.0;855.28;1.0;0;1.0;0;0
156791;86.0;3500.0;22.58;89.25;18.0;1020.0;13.92;30.0;4.88;44.5;805.92;1.0;0;1.0;0;0
157186;85.0;3450.0;22.11;89.25;18.0;1020.0;13.92;30.0;4.80;44.5;501.37;1.0;0;1.0;0;0
157498;85.0;3400.0;20.70;89.25;18.0;1025.0;13.92;30.0;4.78;45.5;66.06;1.0;0;1.0;0;0
157884;83.0;3400.0;20.70;89.25;18.0;1020.0;13.92;30.0;4.86;45.0;98.79;1.0;0;1.0;0;0
158197;82.0;3400.0;23.05;89.25;18.0;1020.0;13.92;30.0;5.27;44.0;292.72;1.0;0;1.0;0;0
158592;82.0;3300.0;25.87;89.25;18.0;1020.0;13.92;30.0;5.72;38.0;768.69;1.0;0;1.0;0;0
158904;82.0;3300.0;24.46;89.25;18.0;1020.0;13.92;30.0;5.32;39.0;804.85;1.0;0;1.0;0;0
159280;82.0;3250.0;23.05;89.25;18.0;1020.0;13.92;30.0;5.16;42.0;304.24;1.0;0;1.0;0;0
159677;80.0;3300.0;22.58;89.25;18.0;1020.0;13.82;30.0;5.03;43.0;582.39;1.0;0;1.0;0;0
159989;80.0;3300.0;20.70;89.25;18.0;1020.0;13.92;30.0;4.86;44.5;83.38;1.0;0;1.0;0;0
160377;78.0;3250.0;18.82;89.25;18.0;1020.0;13.92;30.0;4.77;44.5;127.86;1.0;0;1.0;0;0
160748;78.0;3200.0;17.40;89.25;18.0;1020.0;13.92;30.0;4.71;44.5;57.82;1.0;0;1.0;0;0
161061;78.0;3200.0;17.40;89.25;18.0;1020.0;13.92;30.0;4.85;44.0;585.60;1.0;0;0;0;0
161457;77.0;3200.0;17.40;89.25;18.0;1020.0;14.01;30.0;4.85;44.0;798.98;1.0;0;0;0;0
161817;75.0;3100.0;21.64;89.25;18.0;1020.0;13.92;30.0;5.43;43.0;877.79;1.0;0;1.0;0;0
162213;75.0;3150.0;26.34;89.25;18.0;1020.0;13.92;30.0;6.21;33.0;872.37;1.0;0;1.0;0;0
162527;77.0;3100.0;26.81;89.25;18.0;1020.0;14.01;30.0;6.20;33.0;867.87;1.0;0;1.0;0;0
162913;77.0;3200.0;26.81;89.25;18.0;1020.0;13.92;30.0;6.04;33.5;859.63;1.0;0;1.0;0;0
163226;78.0;3150.0;33.87;89.25;18.0;1020.0;13.92;30.0;7.65;20.5;236.19;1.0;0;1.0;0;0
163622;77.0;3150.0;32.93;89.25;18.0;1020.0;13.92;30.0;7.18;21.5;682.41;1.0;0;1.0;0;0
163973;78.0;3250.0;27.28;89.25;18.0;1020.0;13.92;30.0;5.89;33.0;792.19;1.0;0;1.0;0;0
164404;77.0;3200.0;23.52;89.25;18.0;1020.0;13.92;30.0;5.14;39.0;784.56;1.0;0;1.0;0;0
164770;78.0;3250.0;29.17;89.25;18.0;1020.0;13.92;30.0;6.28;32.5;206.66;1.0;0;1.0;0;0
165166;80.0;3250.0;29.64;89.25;18.0;1020.0;13.82;30.0;6.51;32.5;317.97;1.0;0;1.0;0;0
165493;80.0;3250.0;28.70;89.25;18.0;1020.0;13.92;30.0;6.36;33.0;308.66;1.0;0;1.0;0;0
165807;80.0;3250.0;28.23;89.25;18.0;1020.0;13.92;30.0;6.10;33.0;690.04;1.0;0;1.0;0;0
166202;80.0;3250.0;29.17;89.25;18.0;1020.0;13.92;30.0;6.21;34.0;346.05;1.0;0;1.0;0;0
166573;82.0;3300.0;43.75;89.25;18.0;1020.0;13.92;30.0;8.91;13.0;49.28;1.0;0;1.0;0;0
166936;82.0;3450.0;44.22;89.25;18.0;1020.0;13.92;30.0;9.31;12.5;75.22;1.0;0;1.0;0;0
167311;85.0;3400.0;39.99;88.5;18.0;1020.0;14.01;30.0;9.06;16.0;466.05;1.0;0;1.0;0;0
167682;85.0;3450.0;35.28;88.5;18.0;1020.0;13.92;30.0;7.73;22.0;815.38;1.0;0;1.0;0;0
168010;86.0;3450.0;28.23;88.5;18.0;1020.0;13.92;30.0;6.09;35.5;830.72;1.0;0;1.0;0;0
168387;86.0;3450.0;25.87;88.5;18.0;1020.0;13.92;30.0;5.55;39.5;769.23;1.0;0;1.0;0;0
168849;86.0;3550.0;24.93;88.5;18.0;1020.0;13.92;30.0;5.46;41.0;255.11;1.0;0;1.0;0;0
169173;86.0;3500.0;23.52;88.5;18.0;1020.0;13.92;30.0;5.16;43.0;83.69;1.0;0;1.0;0;0
169572;86.0;3450.0;28.70;88.5;18.0;1020.0;13.92;30.0;6.18;35.5;98.49;1.0;0;1.0;0;0
169885;86.0;3500.0;36.69;88.5;18.0;1020.0;13.82;30.0;8.18;20.5;66.67;1.0;0;1.0;0;0
170223;86.0;3500.0;35.28;88.5;18.0;1020.0;13.92;30.0;7.73;23.5;642.59;1.0;0;1.0;0;0
170591;88.0;3500.0;33.87;88.5;18.0;1020.0;13.82;30.0;7.20;26.5;570.49;1.0;0;1.0;0;0
170986;88.0;3650.0;31.05;88.5;18.0;1020.0;13.92;30.0;6.57;29.5;716.13;1.0;0;1.0;0;0
171298;88.0;3650.0;29.17;88.5;18.0;1020.0;13.92;30.0;6.31;36.0;180.50;1.0;0;1.0;0;0
171674;88.0;3550.0;26.34;88.5;18.0;1020.0;13.92;30.0;5.73;38.0;679.74;1.0;0;1.0;0;0
171998;88.0;3600.0;23.05;88.5;18.0;1020.0;13.92;30.0;5.14;44.0;328.04;1.0;0;1.0;0;0
172377;86.0;3600.0;22.58;88.5;18.0;1020.0;13.92;30.0;5.13;44.5;271.82;1.0;0;1.0;0;0
172772;86.0;3550.0;28.70;88.5;18.0;1020.0;13.92;30.0;6.37;35.5;85.13;1.0;0;1.0;0;0
173139;86.0;3550.0;27.75;88.5;18.0;1020.0;13.92;30.0;6.06;36.5;789.06;1.0;0;1.0;0;0
173476;86.0;3500.0;27.28;88.5;18.0;1020.0;13.92;30.0;5.82;37.0;738.10;1.0;0;1.0;0;0
173848;85.0;3500.0;26.34;88.5;18.0;1020.0;13.92;30.0;5.63;39.5;504.20;1.0;0;1.0;0;0
174168;85.0;3550.0;24.93;88.5;18.0;1020.0;13.92;30.0;5.62;41.0;266.02;1.0;0;1.0;0;0
174549;85.0;3500.0;24.46;88.5;18.0;1020.0;13.92;30.0;5.44;41.5;701.94;1.0;0;1.0;0;0
174862;85.0;3450.0;35.28;88.5;18.0;1020.0;13.92;30.0;8.20;23.5;103.22;1.0;0;1.0;0;0
175258;85.0;3450.0;34.81;88.5;18.0;1020.0;13.92;30.0;8.13;23.5;754.05;1.0;0;1.0;0;0
175573;86.0;3450.0;30.58;88.5;18.0;1020.0;13.92;30.0;6.87;34.0;839.80;1.0;0;1.0;0;0
175896;85.0;3450.0;25.87;88.5;18.0;1020.0;13.92;30.0;5.78;39.0;846.66;1.0;0;1.0;0;0
176326;85.0;3400.0;23.99;88.5;18.0;1020.0;13.92;30.0;5.42;41.5;824.54;1.0;0;1.0;0;0
176696;83.0;3350.0;23.05;88.5;18.0;1020.0;13.92;30.0;5.22;43.5;329.03;1.0;0;1.0;0;0
177086;82.0;3400.0;23.05;88.5;18.0;1020.0;13.92;30.0;5.22;43.0;313.78;1.0;0;1.0;0;0
177401;80.0;3350.0;22.58;88.5;18.0;1020.0;14.01;30.0;5.12;43.5;614.21;1.0;0;1.0;0;0
177770;80.0;3250.0;22.11;88.5;18.0;1020.0;13.92;30.0;5.23;43.5;571.03;1.0;0;1.0;0;0
178147;78.0;3200.0;22.11;87.75;18.0;1020.0;13.92;30.0;5.26;43.0;340.48;1.0;0;1.0;0;0
178567;78.0;3200.0;22.11;88.5;18.0;1020.0;13.92;30.0;5.20;43.0;491.53;1.0;0;1.0;0;0
178880;78.0;3150.0;22.11;87.75;18.0;1020.0;13.92;30.0;5.18;42.0;519.30;1.0;0;1.0;0;0
179250;77.0;3150.0;24.46;87.75;18.0;1020.0;13.92;30.0;5.48;41.5;650.37;1.0;0;1.0;0;0
179641;75.0;3100.0;27.75;87.75;18.0;1020.0;13.92;30.0;6.10;32.5;723.91;1.0;0;1.0;0;0
179953;77.0;3200.0;26.34;87.75;18.0;1015.0;13.92;30.0;5.63;33.0;508.24;1.0;0;1.0;0;0
180290;77.0;3100.0;23.05;87.75;18.0;1020.0;13.92;30.0;5.10;40.0;752.29;1.0;0;1.0;0;0
180661;75.0;3150.0;22.58;87.75;18.0;1020.0;13.92;30.0;5.16;41.0;173.63;1.0;0;1.0;0;0
181067;74.0;3100.0;22.58;87.75;18.0;1015.0;14.01;30.0;5.28;41.0;184.92;1.0;0;1.0;0;0
181406;74.0;3000.0;22.58;87.75;18.0;1015.0;13.92;30.0;5.34;39.5;181.34;1.0;0;1.0;0;0
181776;72.0;3050.0;24.46;87.75;18.0;1015.0;13.92;30.0;5.56;34.5;568.51;1.0;0;1.0;0;0
182087;72.0;3050.0;23.99;87.75;18.0;1020.0;14.01;30.0;5.43;34.5;559.96;1.0;0;1.0;0;0
182424;74.0;3000.0;23.99;87.75;18.0;1020.0;14.01;30.0;5.42;35.0;573.31;1.0;0;1.0;0;0
182794;71.0;2900.0;23.05;87.75;18.0;1020.0;13.92;30.0;5.50;37.0;456.90;1.0;0;1.0;0;0
183118;71.0;2950.0;23.05;87.75;17.25;1020.0;13.92;30.0;5.30;36.5;320.87;1.0;0;1.0;0;0
183456;69.0;2850.0;23.05;87.75;17.25;1015.0;13.92;30.0;5.54;36.5;502.52;1.0;0;1.0;0;0
183826;71.0;2900.0;19.76;87.75;17.25;1015.0;14.01;30.0;4.96;41.5;174.17;1.0;0;0;0;0
184220;69.0;2850.0;16.93;87.75;17.25;1015.0;14.01;30.0;5.36;41.0;248.93;1.0;0;0;0;0
184578;68.0;2850.0;17.40;87.75;17.25;1015.0;14.01;30.0;5.44;41.0;841.78;1.0;0;0;0;0
184948;66.0;3000.0;5.64;87.75;17.25;1015.0;14.01;30.0;3.84;38.5;911.28;1.0;0;0;0;0
185343;65.0;3150.0;10.82;87.75;17.25;1015.0;13.92;30.0;4.45;44.0;438.28;1.0;0;0;0;0
185657;65.0;3200.0;16.46;87.75;17.25;1015.0;13.82;30.0;5.09;44.0;93.76;1.0;0;0;0;0
186046;63.0;3150.0;16.93;87.75;17.25;1015.0;13.92;30.0;5.09;43.5;807.83;1.0;0;1.0;0;0
186358;63.0;3100.0;21.64;87.75;17.25;1015.0;14.01;30.0;5.39;43.0;902.89;1.0;0;1.0;0;0
186753;63.0;3100.0;24.46;87.75;17.25;1015.0;13.92;30.0;5.83;38.5;879.39;1.0;0;1.0;0;0
187165;63.0;3050.0;26.81;87.75;17.25;1015.0;14.01;30.0;6.26;32.0;877.86;1.0;0;1.0;0;0
187537;63.0;3200.0;35.28;87.75;17.25;1015.0;13.92;30.0;7.73;18.0;716.74;1.0;0;1.0;0;0
187913;65.0;3200.0;31.05;87.75;17.25;1015.0;13.92;30.0;6.65;26.5;812.86;1.0;0;1.0;0;0
188287;65.0;3200.0;25.40;87.75;17.25;1015.0;14.01;30.0;5.56;35.0;819.88;1.0;0;1.0;0;0
188629;65.0;3200.0;25.40;87.75;17.25;1015.0;13.92;30.0;5.43;35.0;702.47;1.0;0;1.0;0;0
188942;65.0;3200.0;24.46;87.75;17.25;1015.0;14.01;30.0;5.41;36.0;169.28;1.0;0;1.0;0;0
189312;65.0;3100.0;22.58;87.75;17.25;1015.0;14.01;30.0;4.95;41.5;175.39;1.0;0;1.0;0;0
189698;63.0;3100.0;22.11;87.75;17.25;1015.0;13.92;30.0;5.03;43.0;65.45;1.0;0;1.0;0;0
190049;65.0;3200.0;31.05;87.75;17.25;1015.0;14.01;30.0;6.64;27.0;61.87;1.0;0;1.0;0;0
190444;65.0;3150.0;31.99;87.75;17.25;1015.0;14.01;30.0;7.23;23.0;125.49;1.0;0;1.0;0;0
190874;65.0;3250.0;23.99;87.75;17.25;1015.0;13.92;30.0;5.59;36.0;809.05;1.0;0;1.0;0;0
191187;65.0;3150.0;20.23;87.75;17.25;1015.0;13.92;30.0;4.72;43.5;382.28;1.0;0;1.0;0;0
191582;65.0;3200.0;19.76;87.75;17.25;1015.0;13.92;30.0;4.71;44.0;85.29;1.0;0;1.0;0;0
191894;65.0;3100.0;17.87;87.75;17.25;1015.0;14.01;30.0;5.21;44.0;79.11;1.0;0;0;0;0
192284;63.0;3100.0;16.93;87.75;17.25;1015.0;13.92;30.0;5.12;43.5;656.78;1.0;0;0;0;0
192656;63.0;3150.0;16.93;87.75;17.25;1015.0;13.92;30.0;5.09;43.5;796.31;1.0;0;0;0;0
193074;63.0;3150.0;16.93;87.75;17.25;1015.0;14.01;30.0;5.11;43.0;790.66;1.0;0;0;0;0
193387;63.0;3050.0;16.46;87.75;17.25;1015.0;13.92;30.0;5.15;43.0;816.45;1.0;0;0;0;0
193727;63.0;3050.0;16.46;87.75;17.25;1015.0;13.92;30.0;5.15;43.0;838.35;1.0;0;0;0;0
194100;63.0;3050.0;16.46;87.75;17.25;1015.0;14.01;30.0;5.15;43.0;846.81;1.0;0;0;0;0
194476;62.0;3050.0;19.76;87.75;17.25;1015.0;13.92;30.0;5.45;43.0;872.68;1.0;0;1.0;0;0
194793;62.0;3100.0;20.70;87.75;17.25;1015.0;13.92;30.0;5.20;43.0;896.02;1.0;0;1.0;0;0
195226;63.0;3100.0;20.70;87.75;17.25;1015.0;13.92;30.0;5.13;43.0;886.87;1.0;0;1.0;0;0
195600;62.0;3000.0;28.70;87.75;17.25;1015.0;14.01;30.0;6.57;31.5;869.70;1.0;0;1.0;0;0
195973;63.0;3200.0;37.16;87.75;17.25;1015.0;14.01;30.0;8.22;14.5;813.48;1.0;0;1.0;0;0
196351;65.0;3200.0;27.28;87.75;17.25;1015.0;13.92;30.0;5.98;32.0;871.15;1.0;0;1.0;0;0
196721;65.0;3200.0;23.05;87.75;17.25;1015.0;13.92;30.0;5.10;39.5;849.56;1.0;0;1.0;0;0
197091;63.0;3100.0;22.58;87.75;17.25;1015.0;13.92;30.0;5.03;41.5;771.82;1.0;0;1.0;0;0
197472;63.0;3100.0;22.58;87.75;17.25;1015.0;14.01;30.0;4.80;42.0;622.98;1.0;0;1.0;0;0
197863;63.0;3100.0;22.58;87.75;17.25;1015.0;13.92;30.0;5.05;42.0;72.70;1.0;0;1.0;0;0
198236;63.0;3050.0;22.11;87.75;17.25;1015.0;13.92;30.0;5.16;42.0;93.98;1.0;0;1.0;0;0
198681;63.0;3050.0;19.76;87.75;17.25;1015.0;13.92;30.0;4.84;43.0;173.55;1.0;0;0;0;0
199068;63.0;3100.0;17.40;87.75;17.25;1015.0;13.92;30.0;5.14;43.0;768.46;1.0;0;0;0;0
199438;62.0;3100.0;15.05;87.75;17.25;1015.0;14.01;30.0;4.99;43.0;708.12;1.0;0;0;0;0
199808;62.0;3000.0;12.23;87.75;17.25;1015.0;14.01;30.0;4.76;42.5;682.94;1.0;0;0;0;0
200187;62.0;3050.0;9.88;87.75;17.25;1015.0;14.01;30.0;4.40;42.0;111.07;1.0;0;0;0;0
200560;60.0;2950.0;9.41;87.75;17.25;1015.0;14.01;30.0;4.47;41.5;660.59;1.0;0;0;0;0
200936;60.0;2950.0;7.99;87.75;17.25;1015.0;14.01;30.0;4.26;40.0;822.78;1.0;0;0;0;0
201315;60.0;2950.0;7.99;87.75;17.25;1015.0;13.92;30.0;4.28;40.0;861.84;1.0;0;0;0;0
201684;59.0;2850.0;7.52;87.75;17.25;1015.0;14.01;30.0;4.40;39.0;866.34;1.0;0;0;0;0
202080;57.0;2800.0;7.52;87.75;17.25;1015.0;14.01;30.0;4.48;38.5;886.87;1.0;0;0;0;0
202392;57.0;2850.0;7.52;87.75;17.25;1015.0;14.01;30.0;4.40;38.5;889.77;1.0;0;0;0;0
202729;57.0;2800.0;6.11;87.75;17.25;1015.0;13.92;30.0;4.26;36.5;891.21;1.0;0;0;0;0
203116;54.0;2650.0;0;87.75;17.25;1015.0;14.01;28.0;2.39;20.0;915.32;1.0;0;0;0;0
203486;53.0;2600.0;0;87.75;17.25;1015.0;14.01;28.0;2.44;21.0;821.71;1.0;0;0;0;0
203877;51.0;2550.0;0;87.75;17.25;1015.0;14.01;27.0;2.43;20.0;873.06;1.0;0;0;0;0
204253;50.0;2450.0;0;87.75;17.25;1015.0;14.01;27.0;2.49;18.5;858.18;1.0;0;0;0;0
204623;47.0;2350.0;0.47;87.75;17.25;1015.0;14.11;27.0;2.60;16.5;894.65;1.0;0;0;0;0
204961;45.0;2190.0;0.47;87.75;17.25;1015.0;14.20;28.0;3.36;19.0;859.40;1.0;0;0;0;0
205338;42.0;2130.0;0.47;87.75;17.25;1015.0;14.20;28.0;3.44;19.0;931.88;1.0;0;0;0;0
205769;41.0;2080.0;0;87.75;17.25;1015.0;14.20;28.0;3.30;15.0;934.01;1.0;0;1.0;0;0
206138;41.0;2000.0;1.41;87.75;17.25;1010.0;14.11;30.0;3.69;18.0;895.64;1.0;0;0;0;0
206525;37.0;2600.0;7.99;87.75;17.25;1010.0;14.01;30.0;4.80;32.0;897.17;1.0;0;0;0;0
206837;39.0;2350.0;8.46;87.75;17.25;1010.0;14.01;30.0;5.02;22.5;760.45;1.0;0;0;0;0
207175;37.0;2400.0;10.82;87.75;17.25;1010.0;14.01;30.0;5.29;22.5;851.24;1.0;0;0;0;0
207545;39.0;2350.0;14.58;87.75;17.25;1010.0;14.01;30.0;5.62;23.5;867.64;1.0;0;0;0;0
207890;39.0;2400.0;15.52;87.75;17.25;1010.0;14.01;30.0;5.72;23.0;888.24;1.0;0;0;0;0
208202;39.0;2400.0;20.70;87.75;17.25;1010.0;14.01;30.0;6.06;25.0;900.83;1.0;0;1.0;0;0
208578;41.0;2600.0;29.17;87.75;17.25;1015.0;13.92;30.0;7.64;10.0;916.39;1.0;0;0;0;0
208956;44.0;2650.0;45.16;87.75;17.25;1010.0;13.92;30.0;9.87;5.5;894.04;1.0;0;1.0;0;0
209293;47.0;2850.0;44.69;87.75;17.25;1010.0;14.01;30.0;9.59;7.5;865.05;1.0;0;1.0;0;0
209610;50.0;3000.0;44.22;87.75;17.25;1010.0;14.01;30.0;9.39;9.5;848.80;1.0;0;1.0;0;0
210016;53.0;3150.0;47.99;87.75;17.25;1010.0;13.92;30.0;9.50;10.5;782.43;1.0;0;1.0;0;0
210400;56.0;3500.0;51.75;87.75;17.25;1010.0;14.01;30.0;9.98;11.5;264.80;1.0;0;1.0;0;0
210777;59.0;3700.0;49.40;87.75;18.0;1010.0;14.01;30.0;9.63;14.5;627.10;1.0;0;1.0;0;0
211147;62.0;3800.0;46.57;87.75;18.0;1010.0;13.92;30.0;9.50;17.0;601.69;1.0;0;1.0;0;0
211550;65.0;4100.0;57.87;87.75;18.0;1010.0;14.01;30.0;10.68;16.5;247.63;1.0;0;0;0;0
211896;69.0;4400.0;70.57;87.75;18.0;1010.0;13.92;30.0;12.29;18.5;812.48;1.0;0;1.0;0;0
212292;72.0;4550.0;46.57;87.75;18.0;1010.0;13.92;30.0;9.45;25.5;876.87;1.0;0;1.0;0;0
212605;74.0;4550.0;40.46;87.75;18.0;1010.0;13.92;30.0;8.11;31.5;852.61;1.0;0;1.0;0;0
212926;77.0;4800.0;55.98;87.75;18.0;1015.0;13.92;30.0;10.26;21.5;163.94;1.0;0;1.0;0;0
213356;78.0;5000.0;68.22;87.75;18.0;1010.0;13.82;30.0;11.04;18.0;69.88;1.0;0;0;0;0
213726;83.0;5300.0;78.10;87.75;18.0;1010.0;13.92;30.0;13.07;20.5;844.68;1.0;0;1.0;0;0
214112;82.0;4550.0;16.93;87.75;18.0;1010.0;13.92;30.0;4.55;54.5;821.41;1.0;0;0;0;0
214425;83.0;4050.0;23.05;87.75;18.0;1010.0;13.92;30.0;5.35;46.0;879.69;1.0;0;1.0;0;0
214762;83.0;4050.0;27.75;87.75;18.0;1010.0;13.92;30.0;5.83;43.5;862.38;1.0;0;1.0;0;0
215149;83.0;4050.0;28.23;87.75;18.0;1010.0;13.82;30.0;5.86;40.0;839.80;1.0;0;1.0;0;0
215457;82.0;4000.0;23.52;87.75;18.0;1010.0;13.92;30.0;4.81;45.0;783.04;1.0;0;1.0;0;0
215852;80.0;3950.0;21.17;87.75;18.0;1010.0;13.92;30.0;4.57;47.0;162.80;1.0;0;1.0;0;0
216222;80.0;3800.0;21.17;87.75;18.0;1010.0;13.92;30.0;4.71;46.5;53.47;1.0;0;1.0;0;0
216534;80.0;3900.0;21.17;87.75;18.0;1010.0;13.92;30.0;4.85;46.5;55.46;1.0;0;1.0;0;0
216858;78.0;3850.0;20.70;87.75;18.0;1010.0;14.01;30.0;4.9;47.0;174.70;1.0;0;1.0;0;0
217255;78.0;3800.0;14.58;87.75;18.0;1010.0;13.92;30.0;4.55;48.0;62.25;1.0;0;0;0;0
217567;75.0;3750.0;10.35;87.75;18.0;1010.0;13.92;30.0;3.79;47.5;62.10;1.0;0;0;0;0
217955;75.0;3700.0;7.52;87.75;18.0;1010.0;13.92;30.0;3.48;45.5;809.13;1.0;0;0;0;0
218323;72.0;3650.0;7.05;87.75;18.0;1010.0;13.92;30.0;3.50;45.5;879.47;1.0;0;0;0;0
218660;71.0;3550.0;6.11;87.75;18.0;1010.0;14.01;30.0;3.52;44.5;898.69;1.0;0;0;0;0
219030;71.0;3500.0;6.11;87.75;18.0;1010.0;13.92;30.0;3.55;44.5;903.88;1.0;0;0;0;0
219410;69.0;3400.0;6.58;87.75;18.0;1010.0;13.92;30.0;3.61;44.0;907.54;1.0;0;0;0;0
219722;69.0;3400.0;13.64;87.75;18.0;1010.0;13.92;30.0;4.55;46.0;829.50;1.0;0;0;0;0
220095;68.0;3350.0;14.58;88.5;18.0;1010.0;13.92;30.0;4.75;46.0;829.73;1.0;0;0;0;0
220477;68.0;3400.0;21.64;87.75;18.0;1010.0;13.92;30.0;5.27;44.5;890.91;1.0;0;1.0;0;0
220790;68.0;3400.0;34.34;88.5;18.0;1010.0;14.01;30.0;8.08;23.0;890.38;1.0;0;1.0;0;0
221185;68.0;3450.0;34.81;88.5;17.25;1010.0;13.92;30.0;8.02;22.5;888.32;1.0;0;1.0;0;0
221497;71.0;3400.0;41.87;88.5;17.25;1010.0;14.01;30.0;8.93;15.5;824.16;1.0;0;1.0;0;0
221887;71.0;3450.0;40.46;88.5;17.25;1010.0;13.92;30.0;8.60;17.0;820.95;1.0;0;1.0;0;0
222199;72.0;3600.0;39.99;88.5;17.25;1010.0;13.92;30.0;8.35;18.0;770.91;1.0;0;1.0;0;0
222594;72.0;4300.0;6.11;88.5;17.25;1010.0;13.82;30.0;2.59;50.5;823.55;1.0;0;0;0;0
222947;71.0;4450.0;27.75;88.5;17.25;1010.0;13.92;30.0;6.17;44.0;840.41;1.0;0;1.0;0;0
223335;72.0;4500.0;31.52;88.5;17.25;1010.0;14.01;30.0;6.81;41.0;850.70;1.0;0;1.0;0;0
223647;72.0;4600.0;39.99;88.5;17.25;1010.0;13.92;30.0;8.04;32.5;777.62;1.0;0;1.0;0;0
224042;75.0;4650.0;40.46;88.5;17.25;1010.0;13.92;30.0;8.23;31.5;668.91;1.0;0;1.0;0;0
224350;75.0;4650.0;25.40;88.5;17.25;1010.0;13.92;30.0;5.23;46.5;849.71;1.0;0;1.0;0;0
224730;74.0;4600.0;22.58;88.5;17.25;1010.0;13.92;30.0;4.81;53.0;157.99;1.0;0;1.0;0;0
225107;72.0;4500.0;21.64;88.5;17.25;1010.0;13.92;30.0;4.85;52.0;53.09;1.0;0;0;0;0
225477;74.0;4600.0;41.40;88.5;17.25;1010.0;13.82;30.0;8.81;31.5;822.02;1.0;0;1.0;0;0
225910;75.0;4650.0;29.17;88.5;17.25;1010.0;13.92;30.0;6.40;41.5;882.06;1.0;0;1.0;0;0
226224;75.0;4650.0;19.76;88.5;17.25;1010.0;13.92;30.0;4.70;53.5;183.24;1.0;0;1.0;0;0
226597;74.0;4550.0;20.23;88.5;17.25;1010.0;13.82;30.0;4.82;52.5;68.05;1.0;0;1.0;0;0
226940;72.0;4500.0;19.76;88.5;17.25;1010.0;13.92;30.0;4.92;52.5;150.90;1.0;0;1.0;0;0
227252;74.0;4450.0;18.34;88.5;17.25;1005.0;13.92;30.0;4.62;52.5;747.41;1.0;0;1.0;0;0
227647;72.0;4450.0;16.46;88.5;17.25;1005.0;13.92;30.0;4.19;52.5;501.45;1.0;0;1.0;0;0
227960;72.0;4400.0;16.93;88.5;16.5;1010.0;13.92;30.0;4.60;52.0;233.59;1.0;0;0;0;0
228342;72.0;4350.0;20.70;88.5;16.5;1010.0;13.92;30.0;4.97;51.5;780.90;1.0;0;1.0;0;0
228655;71.0;4400.0;23.52;88.5;16.5;1010.0;13.92;30.0;5.27;50.0;883.66;1.0;0;1.0;0;0
228992;72.0;4400.0;23.52;88.5;16.5;1010.0;13.92;30.0;5.16;50.0;872.91;1.0;0;1.0;0;0
229379;72.0;4500.0;23.52;88.5;16.5;1005.0;13.92;30.0;4.96;50.5;861.08;1.0;0;1.0;0;0
229749;74.0;4500.0;23.52;87.75;16.5;1005.0;13.92;30.0;4.84;51.0;796.84;1.0;0;1.0;0;0
230061;72.0;4450.0;23.05;87.75;16.5;1005.0;13.92;30.0;4.71;50.5;683.71;1.0;0;1.0;0;0
230444;72.0;4450.0;23.05;87.75;16.5;1010.0;13.92;30.0;4.92;51.0;99.86;1.0;0;1.0;0;0
230803;72.0;4500.0;22.11;88.5;16.5;1010.0;13.92;30.0;4.89;52.0;91.47;1.0;0;1.0;0;0
231116;72.0;4450.0;22.11;88.5;16.5;1010.0;13.92;30.0;4.86;51.5;388.92;1.0;0;1.0;0;0
231487;72.0;4500.0;21.64;87.75;16.5;1005.0;13.92;30.0;4.97;52.0;258.39;1.0;0;1.0;0;0
231869;72.0;4500.0;23.05;87.75;16.5;1010.0;13.92;30.0;4.88;51.0;670.97;1.0;0;1.0;0;0
232187;72.0;4500.0;23.99;88.5;16.5;1010.0;13.92;30.0;4.85;50.5;812.03;1.0;0;1.0;0;0
232564;72.0;4550.0;26.81;88.5;16.5;1010.0;13.92;30.0;5.32;45.5;795.01;1.0;0;1.0;0;0
232934;74.0;4600.0;25.87;87.75;16.5;1005.0;13.92;30.0;5.12;46.0;733.37;1.0;0;0;0;0
233312;72.0;3950.0;18.34;87.75;16.5;1005.0;13.92;30.0;4.85;49.0;671.50;1.0;0;0;0;0
233682;72.0;3550.0;26.34;87.75;16.5;1005.0;13.82;30.0;5.96;40.0;815.00;1.0;0;1.0;0;0
234057;74.0;3600.0;27.75;87.75;16.5;1010.0;13.92;30.0;6.25;37.0;850.17;1.0;0;1.0;0;0
234454;74.0;3600.0;27.28;87.75;16.5;1005.0;13.92;30.0;5.87;38.0;803.02;1.0;0;1.0;0;0
234833;74.0;3650.0;27.28;87.75;16.5;1005.0;14.01;30.0;5.64;38.0;584.53;1.0;0;1.0;0;0
235203;74.0;3700.0;26.81;87.75;16.5;1005.0;13.82;30.0;5.63;39.5;602.15;1.0;0;1.0;0;0
235540;75.0;3700.0;25.87;87.75;16.5;1005.0;13.92;30.0;5.67;40.5;261.97;1.0;0;1.0;0;0
235905;75.0;3750.0;24.93;87.75;16.5;1005.0;13.92;30.0;5.33;42.5;401.43;1.0;0;1.0;0;0
236300;75.0;3650.0;24.46;87.75;16.5;1005.0;13.92;30.0;5.45;43.0;358.25;1.0;0;1.0;0;0
236705;75.0;3750.0;24.46;87.75;16.5;1005.0;13.92;30.0;5.45;43.0;161.65;1.0;0;1.0;0;0
237085;75.0;3700.0;24.46;87.75;16.5;1005.0;13.92;30.0;5.41;43.5;227.49;1.0;0;1.0;0;0
237458;77.0;3700.0;24.46;87.75;16.5;1005.0;13.92;30.0;5.41;43.5;489.24;1.0;0;1.0;0;0
237827;75.0;3750.0;31.99;87.75;16.5;1005.0;13.92;30.0;6.84;35.0;134.65;1.0;0;1.0;0;0
238198;78.0;3850.0;47.99;87.75;16.5;1005.0;13.92;30.0;9.72;17.5;69.04;1.0;0;1.0;0;0
238526;78.0;3850.0;50.34;87.75;16.5;1005.0;13.92;30.0;10.14;17.0;145.56;1.0;0;1.0;0;0
238920;82.0;4000.0;50.81;87.75;16.5;1005.0;13.92;30.0;10.21;17.0;250.68;1.0;0;1.0;0;0
239290;83.0;4050.0;56.93;87.75;16.5;1005.0;13.82;30.0;10.86;17.0;426.84;1.0;0;1.0;0;0
239619;85.0;4200.0;42.34;87.75;17.25;1005.0;13.92;30.0;9.01;24.5;843.00;1.0;0;1.0;0;0
239931;86.0;4250.0;35.28;87.75;17.25;1005.0;13.92;30.0;7.54;31.5;852.69;1.0;0;1.0;0;0
240257;86.0;4250.0;29.64;87.75;17.25;1005.0;14.01;30.0;6.17;40.5;848.26;1.0;0;1.0;0;0
240627;85.0;4250.0;26.81;87.75;17.25;1005.0;13.92;30.0;5.50;42.5;817.67;1.0;0;1.0;0;0
241018;86.0;4200.0;26.34;87.75;17.25;1005.0;13.92;30.0;5.45;44.0;251.83;1.0;0;1.0;0;0
241336;86.0;4250.0;49.40;87.75;17.25;1005.0;13.92;30.0;10.79;21.5;636.18;1.0;0;1.0;0;0
241706;86.0;4350.0;55.04;87.75;17.25;1005.0;13.92;30.0;10.30;19.5;272.35;1.0;0;1.0;0;0
242076;89.0;4300.0;51.75;87.75;17.25;1005.0;13.92;30.0;10.20;21.5;639.31;1.0;0;1.0;0;0
242459;88.0;4300.0;37.64;88.5;17.25;1005.0;14.01;30.0;8.04;31.0;846.43;1.0;0;1.0;0;0
242829;88.0;4350.0;25.87;87.75;17.25;1005.0;13.92;30.0;5.49;45.5;867.26;1.0;0;1.0;0;0
243199;86.0;4250.0;22.58;88.5;17.25;1005.0;13.92;30.0;4.94;49.0;411.20;1.0;0;1.0;0;0
243539;86.0;4300.0;29.17;88.5;17.25;1005.0;13.82;30.0;6.19;42.0;380.83;1.0;0;1.0;0;0
243853;88.0;4250.0;39.52;87.75;17.25;1005.0;13.92;30.0;8.05;30.0;136.86;1.0;0;1.0;0;0
244247;88.0;4300.0;49.40;87.75;17.25;1005.0;13.92;30.0;9.71;23.0;84.75;1.0;0;1.0;0;0
244560;89.0;4300.0;30.58;87.75;17.25;1005.0;13.92;30.0;6.39;40.5;844.98;1.0;0;1.0;0;0
244890;88.0;4350.0;22.58;87.75;17.25;1005.0;13.92;30.0;4.83;50.0;683.55;1.0;0;1.0;0;0
245260;86.0;4250.0;18.82;87.75;17.25;1005.0;13.92;30.0;4.54;50.5;76.28;1.0;0;1.0;0;0
245630;86.0;4200.0;21.64;87.75;17.25;1005.0;13.92;30.0;4.99;49.5;74.07;1.0;0;0;0;0
246019;86.0;4250.0;34.34;87.75;17.25;1005.0;13.92;30.0;7.70;32.5;823.16;1.0;0;1.0;0;0
246330;88.0;4200.0;27.75;87.75;17.25;1005.0;14.01;30.0;5.98;40.5;861.08;1.0;0;1.0;0;0
246725;86.0;4200.0;17.40;87.75;17.25;1005.0;13.92;30.0;4.65;50.0;790.36;1.0;0;0;0;0
247038;83.0;3850.0;0;87.75;17.25;1005.0;13.92;30.0;1.98;40.5;815.92;1.0;0;0;0;0
247418;80.0;3950.0;0;87.75;17.25;1005.0;13.92;30.0;1.95;42.0;853.30;1.0;0;0;0;0
247789;78.0;3800.0;0;87.75;17.25;1005.0;13.92;29.0;1.97;40.5;837.51;1.0;0;0;0;0
248160;74.0;3650.0;0;87.75;17.25;1005.0;13.92;28.0;1.98;37.5;830.03;1.0;0;0;0;0
248533;71.0;3450.0;0;87.75;17.25;1005.0;14.01;28.0;2.05;34.5;843.00;1.0;0;0;0;0
248856;68.0;3300.0;0;87.75;17.25;1005.0;13.92;27.0;2.05;32.0;876.11;1.0;0;0;0;0
249281;65.0;3150.0;0;87.75;17.25;1005.0;14.11;27.0;2.06;30.5;820.27;1.0;0;0;0;0
249663;60.0;2950.0;0;87.75;17.25;1005.0;13.92;27.0;2.15;26.5;818.97;1.0;0;0;0;0
250034;57.0;2800.0;0;87.75;17.25;1005.0;14.11;27.0;2.25;24.0;826.44;1.0;0;0;0;0
250406;56.0;2650.0;0;87.75;17.25;1005.0;14.01;27.0;2.34;21.5;871.07;1.0;0;0;0;0
250776;51.0;2350.0;0;87.75;17.25;1005.0;14.11;27.0;2.52;17.5;873.74;1.0;0;1.0;0;0
251165;47.0;2800.0;0;87.75;17.25;1005.0;14.01;27.0;2.23;23.5;834.76;1.0;0;0;0;0
251535;45.0;2750.0;0;87.75;17.25;1005.0;14.20;27.0;2.26;23.5;883.13;1.0;0;0;0;0
251847;42.0;2750.0;7.99;87.75;17.25;1005.0;14.11;30.0;4.60;37.0;871.46;1.0;0;0;0;0
252184;41.0;2950.0;0;87.75;17.25;1005.0;14.01;28.0;2.20;26.0;882.29;1.0;0;0;0;0
252570;37.0;3100.0;0;87.75;17.25;1005.0;13.92;27.0;2.11;30.0;842.47;1.0;0;0;0;0
252888;34.0;2850.0;0;87.75;17.25;1005.0;14.01;27.0;2.22;25.0;868.94;1.0;0;0;0;0
253206;33.0;2650.0;0;87.75;17.25;1005.0;13.92;27.0;2.34;21.5;873.29;1.0;0;0;0;0
253576;28.0;2400.0;0;87.75;17.25;1005.0;14.01;27.0;2.49;18.5;851.62;1.0;0;0;0;0
253948;27.0;2290.0;0;87.75;17.25;1005.0;14.20;27.0;2.57;15.0;835.90;1.0;0;0;0;0
254343;25.0;2130.0;0;87.75;17.25;1005.0;14.20;27.0;2.68;15.0;825.68;1.0;0;1.0;0;0
254655;24.0;1950.0;0;87.75;16.5;1005.0;14.20;27.0;2.69;15.0;762.82;1.0;0;1.0;0;0
255037;22.0;1650.0;0;87.75;17.25;1005.0;14.20;27.0;2.87;15.0;264.26;1.0;0;1.0;0;0
255350;21.0;1400.0;0;87.75;17.25;1005.0;14.29;27.0;3.08;18.0;25.93;1.0;0;1.0;0;0
255687;21.0;1530.0;0;87.75;16.5;1005.0;14.29;27.0;3.03;15.0;37.53;1.0;0;1.0;0;0
256058;18.0;1410.0;3.76;87.75;17.25;1005.0;14.29;28.0;3.60;15.5;33.56;1.0;0;0;0;0
256445;18.0;2140.0;0.94;87.75;16.5;1005.0;14.01;30.0;3.03;15.0;896.56;1.0;0;0;0;0
256850;15.0;2600.0;2.82;87.75;17.25;1005.0;14.01;30.0;3.94;28.0;920.66;1.0;0;0;0;0
257220;15.0;2220.0;2.35;87.75;17.25;1005.0;14.01;30.0;4.03;19.5;930.28;1.0;0;0;0;0
257603;16.0;2090.0;5.64;87.75;17.25;1005.0;14.11;30.0;4.92;19.0;924.93;1.0;0;0;0;0
257972;15.0;2210.0;0;87.75;17.25;1005.0;14.01;30.0;2.71;15.0;928.52;1.0;0;1.0;0;0
258343;13.0;2450.0;0;87.75;17.25;1005.0;14.01;30.0;2.59;21.5;907.69;1.0;0;1.0;0;0
258805;13.0;2090.0;2.35;87.75;17.25;1005.0;14.11;30.0;4.27;19.0;921.12;1.0;0;0;0;0
259129;12.0;2200.0;0;87.75;17.25;1005.0;14.20;30.0;2.75;15.0;929.36;1.0;0;1.0;0;0
259498;12.0;2000.0;0;87.75;17.25;1005.0;14.20;30.0;2.81;15.0;909.60;1.0;0;1.0;0;0
259810;10.0;1820.0;0.47;87.75;17.25;1005.0;14.29;28.0;3.57;15.0;861.31;1.0;0;0;0;0
260193;9.0;1740.0;1.41;87.75;17.25;1005.0;14.11;30.0;4.02;16.5;921.20;1.0;0;1.0;0;0
260563;6.0;2250.0;4.23;87.75;17.25;1005.0;14.01;30.0;3.81;19.0;860.16;1.0;0;1.0;0;0
260933;4.0;2450.0;7.52;87.75;17.25;1005.0;14.01;30.0;4.11;24.0;769.84;1.0;0;1.0;0;0
261269;6.0;2300.0;10.82;87.75;17.25;1005.0;14.11;30.0;4.68;22.5;80.10;1.0;0;1.0;0;0
261632;7.0;2300.0;10.82;87.75;17.25;1005.0;14.01;30.0;4.75;18.0;218.64;1.0;0;1.0;0;0
262029;9.0;2550.0;23.99;87.75;17.25;1005.0;14.01;30.0;6.81;26.0;760.84;1.0;0;0;0;0
262435;13.0;3850.0;49.40;87.75;17.25;1005.0;14.01;30.0;10.19;16.0;899.84;1.0;0;1.0;0;0
262811;18.0;3500.0;23.05;88.5;17.25;1005.0;13.92;30.0;5.41;44.0;903.04;1.0;0;1.0;0;0
263182;22.0;2950.0;16.46;88.5;17.25;1005.0;14.01;30.0;5.17;42.0;856.43;1.0;0;0;0;0
263552;25.0;3250.0;17.87;88.5;17.25;1005.0;13.92;30.0;5.05;44.5;864.74;1.0;0;0;0;0
263940;25.0;3450.0;17.87;88.5;17.25;1005.0;14.01;30.0;4.78;47.0;863.75;1.0;0;1.0;0;0
264253;28.0;3650.0;17.87;88.5;17.25;1005.0;14.01;30.0;4.73;47.5;428.06;1.0;0;1.0;0;0
264623;28.0;3850.0;18.34;88.5;17.25;1005.0;13.92;30.0;4.73;48.0;403.11;1.0;0;1.0;0;0
265018;30.0;4050.0;22.11;88.5;17.25;1005.0;13.92;30.0;5.14;47.0;825.15;1.0;0;1.0;0;0
265373;33.0;4400.0;23.99;88.5;17.25;1005.0;13.92;30.0;5.05;48.5;878.70;1.0;0;1.0;0;0
265743;36.0;4650.0;31.52;88.5;16.5;1005.0;13.92;30.0;7.27;43.5;848.72;1.0;0;0;0;0
266082;39.0;5250.0;42.81;88.5;16.5;1005.0;13.92;30.0;8.55;33.0;890.45;1.0;0;1.0;0;0
266454;45.0;5850.0;42.81;88.5;16.5;1005.0;13.82;30.0;8.19;34.0;868.40;1.0;0;1.0;0;0
266777;45.0;4900.0;8.46;88.5;16.5;1005.0;13.92;28.0;2.75;55.0;734.21;1.0;0;0;0;0
267147;48.0;4050.0;45.16;88.5;16.5;1005.0;14.01;30.0;10.69;23.5;843.91;1.0;0;0;0;0
267542;53.0;4550.0;61.16;88.5;16.5;1005.0;13.92;30.0;10.64;19.5;730.78;1.0;0;1.0;0;0
267905;59.0;5100.0;61.63;88.5;16.5;1005.0;13.92;30.0;10.82;20.0;707.58;1.0;0;1.0;0;0
268218;65.0;5450.0;60.69;88.5;17.25;1005.0;13.92;30.0;10.68;23.5;405.32;1.0;0;1.0;0;0
268649;69.0;5800.0;58.81;88.5;17.25;1005.0;13.82;30.0;10.05;25.0;743.44;1.0;0;1.0;0;0
269014;71.0;5800.0;0;88.5;17.25;1005.0;13.92;30.0;1.77;52.0;734.59;1.0;0;0;0;0
269394;71.0;4400.0;15.52;88.5;17.25;1005.0;13.92;30.0;4.30;52.0;406.77;1.0;0;0;0;0
269768;71.0;4450.0;22.11;88.5;17.25;1005.0;13.92;30.0;5.19;51.0;684.32;1.0;0;1.0;0;0
270138;72.0;4500.0;26.81;89.25;17.25;1005.0;14.01;30.0;5.90;45.0;877.79;1.0;0;1.0;0;0
270525;72.0;4450.0;21.64;89.25;17.25;1005.0;13.92;30.0;4.93;51.0;829.57;1.0;0;1.0;0;0
270840;72.0;4450.0;15.52;89.25;16.5;1005.0;13.92;30.0;4.28;52.5;108.02;1.0;0;0;0;0
271209;72.0;4500.0;19.76;89.25;16.5;1005.0;13.92;30.0;4.83;52.0;652.35;1.0;0;1.0;0;0
271588;72.0;4500.0;18.82;89.25;16.5;1005.0;13.92;30.0;4.55;52.5;767.40;1.0;0;1.0;0;0
271960;72.0;4500.0;21.17;89.25;16.5;1005.0;13.92;30.0;4.94;52.5;522.43;1.0;0;1.0;0;0
272330;74.0;4600.0;18.34;89.25;16.5;1005.0;13.82;30.0;4.37;53.0;588.95;1.0;0;0;0;0
272700;72.0;4550.0;15.05;89.25;16.5;1005.0;13.92;30.0;4.13;54.0;829.34;1.0;0;0;0;0
273085;74.0;4600.0;19.29;89.25;16.5;1005.0;13.92;30.0;4.68;53.0;867.64;1.0;0;1.0;0;0
273459;74.0;4650.0;35.28;89.25;16.5;1005.0;13.92;30.0;8.24;40.0;867.72;1.0;0;0;0;0
273829;78.0;5050.0;79.51;89.25;16.5;1005.0;13.92;30.0;12.82;20.0;899.68;1.0;0;0;0;0
274206;82.0;5250.0;81.39;89.25;16.5;1005.0;13.92;30.0;12.98;20.5;882.59;1.0;0;0;0;0
274612;86.0;4950.0;9.88;89.25;16.5;1005.0;13.92;30.0;2.93;55.0;904.03;1.0;0;0;0;0
274924;85.0;5100.0;0;89.25;16.5;1005.0;13.92;28.0;1.89;48.5;847.04;1.0;0;0;0;0
275294;82.0;5000.0;0;89.25;16.5;1005.0;13.92;28.0;1.80;48.0;711.32;1.0;0;0;0;0
275668;78.0;4850.0;0;89.25;16.5;1005.0;13.92;27.0;1.82;47.5;841.86;1.0;0;0;0;0
276038;75.0;4550.0;0;89.25;16.5;1005.0;13.92;27.0;1.86;45.5;828.58;1.0;0;0;0;0
276376;71.0;4350.0;1.41;89.25;16.5;1005.0;13.92;28.0;2.14;51.5;827.74;1.0;0;0;0;0
276762;68.0;4450.0;0.47;89.25;16.5;1005.0;13.92;30.0;2.45;53.0;347.34;1.0;0;0;0;0
277132;62.0;5200.0;0;89.25;16.5;1005.0;13.82;30.0;1.83;49.0;803.10;1.0;0;0;0;0
277502;59.0;4900.0;0;89.25;16.5;1005.0;13.82;29.0;1.85;47.5;840.86;1.0;0;0;0;0
277814;57.0;4650.0;0;89.25;16.5;1005.0;13.82;28.0;1.86;46.5;817.14;1.0;0;0;0;0
278263;56.0;4550.0;0;89.25;16.5;1005.0;13.92;28.0;1.86;45.5;773.42;1.0;0;0;0;0
278637;51.0;4400.0;6.11;90.0;16.5;1005.0;13.92;30.0;2.85;52.0;829.42;1.0;0;0;0;0
279008;51.0;4300.0;7.52;90.0;16.5;1005.0;13.92;30.0;3.13;51.0;835.90;1.0;0;0;0;0
279393;51.0;4250.0;8.93;90.0;16.5;1005.0;13.92;30.0;3.29;50.5;857.80;1.0;0;0;0;0
279708;50.0;4200.0;9.41;89.25;16.5;1005.0;13.92;30.0;3.38;49.5;721.32;1.0;0;0;0;0
280078;50.0;4150.0;12.70;90.0;16.5;1005.0;13.92;30.0;4.05;50.0;441.10;1.0;0;0;0;0
280508;51.0;4150.0;13.17;89.25;16.5;1005.0;13.92;30.0;4.05;50.5;141.21;1.0;0;0;0;0
280825;51.0;4200.0;14.58;90.0;16.5;1005.0;13.92;30.0;4.33;51.0;843.53;1.0;0;0;0;0
281220;51.0;4250.0;14.58;89.25;16.5;1000.0;13.92;30.0;4.33;51.0;877.18;1.0;0;0;0;0
281624;51.0;4300.0;14.11;90.0;16.5;1005.0;13.92;30.0;4.17;51.5;881.68;1.0;0;0;0;0
282010;53.0;4300.0;19.76;90.0;16.5;1005.0;13.92;30.0;4.83;51.0;883.97;1.0;0;1.0;0;0
282323;54.0;4450.0;23.05;90.0;16.5;1005.0;13.92;30.0;5.01;50.5;889.46;1.0;0;1.0;0;0
282693;54.0;4600.0;25.87;90.0;16.5;1005.0;13.92;30.0;5.37;50.5;891.44;1.0;0;1.0;0;0
283094;56.0;4750.0;30.11;90.0;16.5;1000.0;13.92;30.0;5.85;46.0;905.33;1.0;0;1.0;0;0
283440;60.0;4950.0;29.17;90.0;16.5;1005.0;14.01;30.0;5.46;48.5;864.36;1.0;0;1.0;0;0
283811;60.0;5000.0;23.52;89.25;16.5;1005.0;13.92;30.0;4.43;55.0;737.87;1.0;0;1.0;0;0
284207;60.0;5050.0;23.99;90.0;16.5;1005.0;13.92;30.0;4.65;55.0;58.51;1.0;0;1.0;0;0
284536;62.0;5200.0;34.34;90.0;16.5;1005.0;13.92;30.0;6.34;43.5;338.19;1.0;0;1.0;0;0
284907;65.0;5400.0;0;89.25;16.5;1005.0;13.82;30.0;1.81;50.0;661.73;1.0;0;0;0;0
285220;65.0;3950.0;20.23;90.0;16.5;1005.0;13.92;30.0;5.26;48.0;458.35;1.0;0;1.0;0;0
285589;65.0;3950.0;22.11;90.0;16.5;1005.0;13.92;30.0;5.31;46.0;811.49;1.0;0;1.0;0;0
285977;63.0;3900.0;17.40;90.0;16.5;1005.0;13.92;30.0;4.92;48.5;383.66;1.0;0;0;0;0
286289;63.0;3900.0;13.64;90.0;16.5;1005.0;13.92;30.0;4.31;48.0;618.94;1.0;0;0;0;0
286659;63.0;3850.0;13.17;90.0;16.5;1005.0;13.92;30.0;4.24;48.0;199.87;1.0;0;0;0;0
287043;62.0;3850.0;12.70;90.0;16.5;1005.0;13.92;30.0;4.22;48.0;88.03;1.0;0;0;0;0
287413;63.0;3850.0;11.76;90.0;16.5;1000.0;13.92;30.0;4.01;48.0;799.13;1.0;0;0;0;0
287783;62.0;3850.0;9.88;90.0;16.5;1000.0;13.92;30.0;3.71;47.0;869.93;1.0;0;0;0;0
288156;62.0;3800.0;9.41;90.0;16.5;1000.0;13.92;30.0;3.69;47.0;883.74;1.0;0;0;0;0
288480;60.0;3800.0;8.46;90.0;16.5;1000.0;13.92;30.0;3.55;46.0;892.66;1.0;0;0;0;0
288852;60.0;3750.0;5.17;90.0;16.5;1005.0;13.92;30.0;3.23;45.0;916.31;1.0;0;0;0;0
289272;59.0;3600.0;4.23;90.0;16.5;1005.0;13.92;30.0;3.18;43.5;942.25;1.0;0;0;0;0
289633;57.0;3700.0;0;90.0;16.5;1005.0;13.92;30.0;2.03;38.5;827.44;1.0;0;0;0;0
289974;53.0;4300.0;0;90.0;16.5;1005.0;13.92;30.0;1.94;44.5;661.35;1.0;0;0;0;0
290348;51.0;4150.0;2.35;90.0;16.5;1005.0;13.92;30.0;2.45;49.5;852.15;1.0;0;0;0;0
290683;50.0;4050.0;4.23;90.0;16.5;1005.0;13.92;30.0;2.83;48.0;931.50;1.0;0;0;0;0
291067;48.0;4000.0;7.05;90.0;16.5;1000.0;13.92;30.0;3.25;47.0;881.45;1.0;0;0;0;0
291379;47.0;4000.0;9.88;90.0;16.5;1005.0;13.92;30.0;3.66;47.5;804.78;1.0;0;0;0;0
291749;47.0;3900.0;12.70;90.0;16.5;1005.0;13.92;30.0;4.12;48.5;188.43;1.0;0;0;0;0
292126;48.0;3950.0;15.52;90.0;16.5;1000.0;13.92;30.0;4.59;48.5;448.73;1.0;0;0;0;0
292468;48.0;4050.0;20.23;90.0;16.5;1000.0;13.82;30.0;5.08;48.5;649.45;1.0;0;1.0;0;0
292838;50.0;4150.0;24.93;90.0;16.5;1000.0;13.92;30.0;5.60;46.0;904.41;1.0;0;1.0;0;0
293208;51.0;4400.0;35.28;90.0;16.5;1000.0;13.92;30.0;7.3;36.5;899.23;1.0;0;1.0;0;0
293531;56.0;4700.0;42.34;90.0;16.5;1000.0;13.92;30.0;8.17;31.0;865.05;1.0;0;1.0;0;0
293908;59.0;4950.0;47.99;90.0;16.5;1005.0;13.82;30.0;8.65;28.0;739.32;1.0;0;1.0;0;0
294264;65.0;5300.0;46.10;90.0;16.5;1000.0;13.92;30.0;8.28;31.0;592.69;1.0;0;1.0;0;0
294657;65.0;5050.0;2.35;90.0;16.5;1000.0;13.92;30.0;1.86;48.5;740.16;1.0;0;0;0;0
294966;65.0;4000.0;18.34;90.0;16.5;1000.0;13.92;30.0;4.97;49.0;378.85;1.0;0;1.0;0;0
295361;66.0;4100.0;20.23;90.0;16.5;1000.0;13.92;30.0;5.01;49.0;402.50;1.0;0;1.0;0;0
295673;66.0;4100.0;24.93;90.0;16.5;1005.0;13.92;30.0;5.78;43.5;869.24;1.0;0;1.0;0;0
296093;66.0;4150.0;23.05;90.0;16.5;1000.0;13.92;30.0;5.34;47.5;866.80;1.0;0;1.0;0;0
296476;68.0;4200.0;17.40;90.0;16.5;1000.0;13.82;30.0;4.76;50.5;178.82;1.0;0;0;0;0
296839;69.0;4300.0;16.93;90.0;16.5;1000.0;13.92;30.0;4.66;51.0;255.19;1.0;0;0;0;0
297219;69.0;4300.0;16.93;90.0;16.5;1000.0;13.92;30.0;4.64;51.0;447.82;1.0;0;0;0;0
297532;69.0;4300.0;14.11;90.0;16.5;1000.0;13.82;30.0;4.22;51.5;450.11;1.0;0;0;0;0
297927;69.0;4250.0;14.11;90.0;16.5;1000.0;13.92;30.0;4.21;51.5;824.61;1.0;0;0;0;0
298241;68.0;4250.0;12.70;90.0;16.5;1005.0;13.82;30.0;3.99;51.0;863.22;1.0;0;0;0;0
298618;68.0;4250.0;11.29;90.0;16.5;1000.0;13.92;30.0;3.74;50.5;873.44;1.0;0;0;0;0
298931;66.0;4150.0;10.35;90.0;16.5;1000.0;13.92;30.0;3.64;50.0;892.21;1.0;0;0;0;0
299359;68.0;4150.0;10.35;90.0;16.5;1000.0;13.92;30.0;3.64;50.0;894.65;1.0;0;0;0;0
299698;66.0;4100.0;10.35;90.0;16.5;1000.0;13.92;30.0;3.68;49.5;895.49;1.0;0;0;0;0
300058;66.0;4100.0;10.35;90.0;16.5;1000.0;13.92;30.0;3.65;49.0;897.55;1.0;0;0;0;0
300427;66.0;4100.0;12.70;90.0;16.5;1000.0;13.92;30.0;4.00;49.0;893.96;1.0;0;0;0;0
300798;66.0;4100.0;21.64;90.0;15.75;1000.0;13.92;30.0;5.22;48.0;886.18;1.0;0;1.0;0;0
301178;68.0;4150.0;20.23;90.0;15.75;1000.0;13.92;30.0;4.83;49.5;873.97;1.0;0;0;0;0
301551;68.0;4200.0;12.70;90.0;15.75;1000.0;13.92;30.0;4.04;50.5;896.94;1.0;0;0;0;0
301920;63.0;4000.0;0;90.0;15.75;1000.0;13.92;30.0;1.95;43.0;820.57;1.0;0;0;0;0
302294;63.0;3900.0;0;90.0;15.75;1000.0;13.92;29.0;1.98;41.5;632.74;1.0;0;0;0;0
302617;62.0;3800.0;0;90.0;15.75;1000.0;13.92;29.0;1.97;40.0;818.43;1.0;0;0;0;0
302987;60.0;3700.0;0;90.0;15.75;1000.0;13.92;28.0;1.97;38.5;837.81;1.0;0;0;0;0
303359;59.0;3600.0;0;90.0;15.75;1000.0;14.11;28.0;2.00;37.0;815.69;1.0;0;0;0;0
303746;56.0;3400.0;0;90.0;15.75;1000.0;14.01;27.0;2.03;34.5;878.40;1.0;0;0;0;0
304083;54.0;3250.0;0;90.0;15.75;1000.0;14.01;27.0;2.06;31.5;872.60;1.0;0;0;0;0
304432;50.0;3100.0;0;90.0;15.75;1000.0;14.11;27.0;2.08;29.0;849.10;1.0;0;0;0;0
304769;47.0;2900.0;0;90.0;16.5;1000.0;14.11;27.0;2.18;26.0;879.85;1.0;0;0;0;0
305111;45.0;2650.0;3.29;90.0;15.75;1000.0;14.20;30.0;3.76;29.5;886.87;1.0;0;0;0;0
305458;42.0;2700.0;0;90.0;16.5;1000.0;14.01;30.0;2.42;22.5;916.92;1.0;0;0;0;0
305853;41.0;3300.0;0;90.0;16.5;1000.0;14.20;29.0;2.06;33.0;905.33;1.0;0;0;0;0
306240;39.0;3150.0;0;90.0;16.5;1000.0;14.01;29.0;2.14;30.5;871.91;1.0;0;0;0;0
306578;36.0;3000.0;0;90.0;16.5;1000.0;14.11;28.0;2.15;28.5;815.99;1.0;0;0;0;0
306916;34.0;2900.0;0;90.0;16.5;1000.0;14.01;27.0;2.19;26.0;886.87;1.0;0;0;0;0
307286;33.0;2750.0;0;90.0;16.5;1000.0;14.11;27.0;2.26;23.5;898.23;1.0;0;0;0;0
307613;31.0;2550.0;0;89.25;16.5;1000.0;14.11;27.0;2.40;21.0;899.53;1.0;0;0;0;0
308055;30.0;2450.0;0;89.25;16.5;1000.0;14.11;27.0;2.45;18.5;894.27;1.0;0;0;0;0
308425;25.0;2160.0;0;89.25;16.5;1000.0;14.11;27.0;2.65;15.0;876.57;1.0;0;1.0;0;0
308804;24.0;1840.0;0;89.25;16.5;1000.0;14.20;27.0;2.80;15.0;824.16;1.0;0;1.0;0;0
309178;21.0;1610.0;0;89.25;16.5;1000.0;14.20;27.0;2.93;15.0;213.15;1.0;0;1.0;0;0
309549;19.0;1530.0;0;89.25;16.5;1000.0;14.20;27.0;3.03;16.0;29.29;1.0;0;1.0;0;0
309921;16.0;1470.0;0;89.25;16.5;1000.0;14.01;27.0;3.14;16.0;41.04;1.0;0;1.0;0;0
310239;15.0;1500.0;0;89.25;16.5;1000.0;14.11;27.0;3.11;15.0;47.68;1.0;0;1.0;0;0
310699;12.0;1540.0;0;89.25;16.5;1000.0;14.11;27.0;3.13;15.0;58.59;1.0;0;1.0;0;0
311081;9.0;1460.0;0;89.25;16.5;1000.0;14.29;27.0;3.22;15.0;68.88;1.0;0;1.0;0;0
311455;9.0;1480.0;0;89.25;16.5;1000.0;14.11;27.0;3.25;15.0;72.17;1.0;0;1.0;0;0
311826;7.0;1600.0;0;89.25;16.5;1000.0;14.29;27.0;3.10;15.0;540.97;1.0;0;1.0;0;0
312221;6.0;1540.0;0;89.25;16.5;1000.0;14.20;27.0;3.20;15.0;798.98;1.0;0;1.0;0;0
312580;6.0;1540.0;0;89.25;16.5;1000.0;14.29;27.0;3.17;15.0;630.46;1.0;0;1.0;0;0
312952;4.0;1510.0;0;89.25;16.5;1000.0;14.11;27.0;3.20;17.5;93.22;1.0;0;1.0;0;0
313322;0;1560.0;0;89.25;16.5;1000.0;14.20;27.0;3.19;10.0;192.02;1.0;0;1.0;0;0
313692;0;1490.0;0.94;89.25;16.5;1000.0;14.29;26.0;3.43;12.5;796.16;1.0;0;0;0;0
314014;0;2130.0;11.76;89.25;16.5;1000.0;14.20;30.0;4.92;17.0;690.19;1.0;0;1.0;0;0
314410;0;2130.0;15.99;89.25;16.5;1000.0;14.11;30.0;5.71;13.5;520.06;1.0;0;1.0;0;0
314721;4.0;2180.0;15.99;89.25;16.5;1000.0;14.01;30.0;5.52;15.0;868.10;1.0;0;1.0;0;0
315095;9.0;2300.0;15.99;89.25;16.5;1000.0;14.11;30.0;5.85;17.0;845.67;1.0;0;0;0;0
315417;9.0;2150.0;0;90.0;16.5;1000.0;14.29;28.0;2.72;15.0;916.62;1.0;0;1.0;0;0
315787;9.0;1990.0;0;90.0;16.5;1000.0;14.29;27.0;2.71;15.0;926.08;1.0;0;1.0;0;0
316183;7.0;1890.0;0;90.0;16.5;1000.0;14.20;27.0;2.74;15.0;903.96;1.0;0;1.0;0;0
316546;6.0;1700.0;0;90.0;16.5;1000.0;14.20;27.0;2.79;15.0;869.40;1.0;0;1.0;0;0
316883;4.0;1570.0;4.23;90.0;16.5;1000.0;14.20;30.0;3.73;16.5;757.48;1.0;0;1.0;0;0
317256;6.0;2040.0;0;90.0;16.5;1000.0;14.20;30.0;2.69;15.0;261.75;1.0;0;1.0;0;0
317570;6.0;2070.0;6.11;90.0;16.5;1000.0;14.20;30.0;3.95;18.5;872.68;1.0;0;1.0;0;0
317971;6.0;2020.0;8.46;90.0;16.5;1000.0;14.29;30.0;4.41;18.0;78.73;1.0;0;1.0;0;0
318284;7.0;1800.0;8.93;90.0;16.5;1000.0;14.11;30.0;4.65;16.5;43.18;1.0;0;1.0;0;0
318608;7.0;2040.0;8.93;90.0;16.5;1000.0;14.11;30.0;4.77;17.5;56.91;1.0;0;0;0;0
318980;10.0;2220.0;8.93;90.0;16.5;1000.0;14.01;30.0;5.21;18.5;779.30;1.0;0;0;0;0
319317;10.0;2550.0;8.46;90.0;16.5;1000.0;14.01;30.0;4.85;30.0;880.61;1.0;0;0;0;0
319688;12.0;2800.0;7.99;90.0;16.5;1000.0;14.01;30.0;4.43;37.5;893.35;1.0;0;0;0;0
320058;12.0;2800.0;2.35;90.0;16.5;1000.0;14.01;30.0;3.53;36.0;918.98;1.0;0;0;0;0
320473;12.0;2040.0;1.41;90.0;16.5;1000.0;14.11;28.0;3.72;19.0;792.95;1.0;0;0;0;0
320846;10.0;1840.0;4.23;90.0;16.5;1000.0;14.20;30.0;5.19;17.5;940.35;1.0;0;0;0;0
321218;12.0;2190.0;4.70;90.0;16.5;1000.0;14.11;30.0;4.78;19.0;940.27;1.0;0;0;0;0
321733;10.0;2200.0;4.23;90.0;16.5;1000.0;14.11;30.0;4.54;19.5;946.98;1.0;0;0;0;0
322035;12.0;2110.0;4.23;90.0;16.5;1000.0;14.11;30.0;4.74;19.0;938.29;1.0;0;0;0;0
322395;12.0;2070.0;4.23;90.0;16.5;1000.0;14.20;30.0;4.80;18.5;941.8;1.0;0;0;0;0
322757;13.0;2060.0;4.23;90.0;16.5;1000.0;14.11;30.0;4.84;18.5;938.97;1.0;0;0;0;0
323150;12.0;2020.0;4.23;90.0;16.5;1000.0;14.01;30.0;4.90;18.5;938.21;1.0;0;0;0;0
323520;15.0;2070.0;4.23;90.0;16.5;1000.0;14.11;30.0;4.82;18.5;942.63;1.0;0;0;0;0
323832;13.0;2040.0;8.93;90.0;16.5;1000.0;14.11;30.0;5.46;17.5;936.45;1.0;0;0;0;0
324254;15.0;2450.0;20.70;90.0;16.5;1000.0;14.01;30.0;6.12;23.0;915.32;1.0;0;1.0;0;0
324623;18.0;2800.0;23.52;90.0;16.5;1000.0;13.92;30.0;6.09;31.5;936.91;1.0;0;1.0;0;0
324993;21.0;2900.0;23.52;90.0;16.5;1000.0;14.01;30.0;5.77;34.5;929.13;1.0;0;1.0;0;0
325380;25.0;3400.0;28.70;90.0;16.5;1000.0;14.01;30.0;6.30;34.0;910.59;1.0;0;1.0;0;0
325692;30.0;3900.0;29.64;90.75;16.5;1000.0;13.92;30.0;6.17;38.0;888.62;1.0;0;1.0;0;0
326088;33.0;4350.0;28.23;90.75;16.5;1000.0;14.01;30.0;5.78;43.0;882.52;1.0;0;1.0;0;0
326458;36.0;4750.0;9.88;90.75;16.5;1000.0;13.92;30.0;2.74;53.5;821.33;1.0;0;0;0;0
326815;36.0;3200.0;11.29;90.75;16.5;1000.0;14.01;30.0;4.38;45.0;791.20;1.0;0;0;0;0
327186;37.0;3100.0;34.81;90.75;16.5;1000.0;14.01;30.0;8.16;26.5;841.32;1.0;0;0;0;0
327557;42.0;3800.0;65.39;90.75;16.5;1000.0;13.92;30.0;10.39;14.5;839.80;1.0;0;1.0;0;0
327940;48.0;4050.0;68.22;90.75;16.5;1000.0;13.92;30.0;10.98;15.5;207.20;1.0;0;0;0;0
328312;54.0;4650.0;70.10;90.75;16.5;995.0;13.92;31.0;12.35;19.5;795.85;1.0;0;1.0;0;0
328685;60.0;5100.0;56.93;90.75;16.5;1000.0;13.92;30.0;10.34;23.5;858.56;1.0;0;1.0;0;0
329055;63.0;4950.0;0;90.75;16.5;1000.0;13.92;28.0;1.91;55.0;914.86;1.0;0;0;0;0
329375;62.0;3850.0;12.23;90.75;16.5;995.0;13.82;31.0;4.12;48.0;859.33;1.0;0;0;0;0
329746;62.0;3850.0;19.29;90.75;16.5;1000.0;13.92;30.0;4.97;48.0;190.95;1.0;0;1.0;0;0
330142;63.0;3900.0;20.70;90.75;16.5;1000.0;14.01;30.0;5.17;47.0;864.89;1.0;0;1.0;0;0
330529;62.0;3900.0;19.29;90.75;16.5;1000.0;13.92;30.0;4.86;48.5;737.72;1.0;0;0;0;0
330842;63.0;3900.0;11.29;90.75;16.5;1000.0;13.92;30.0;3.94;48.0;679.82;1.0;0;0;0;0
331180;63.0;3900.0;8.93;90.75;16.5;1000.0;13.92;30.0;3.55;47.0;865.96;1.0;0;0;0;0
331550;62.0;3850.0;8.46;90.75;16.5;1000.0;14.01;30.0;3.55;47.0;897.70;1.0;0;0;0;0
331930;62.0;3800.0;8.46;90.75;16.5;1000.0;13.92;30.0;3.57;46.5;899.84;1.0;0;0;0;0
332242;62.0;3750.0;8.46;90.75;16.5;1000.0;14.01;30.0;3.57;46.0;896.56;1.0;0;0;0;0
332612;60.0;3500.0;0;91.5;16.5;1000.0;13.92;28.0;2.22;36.0;897.39;1.0;0;0;0;0
333015;57.0;3550.0;0;91.5;16.5;1000.0;13.92;28.0;2.03;36.0;768.39;1.0;0;0;0;0
333406;56.0;3350.0;0;91.5;16.5;995.0;13.92;28.0;2.08;33.0;815.00;1.0;0;0;0;0
333801;53.0;3200.0;0;91.5;16.5;1000.0;13.92;27.0;2.08;30.5;893.05;1.0;0;0;0;0
334113;48.0;2950.0;0;91.5;16.5;1000.0;14.20;27.0;2.14;26.5;927.53;1.0;0;0;0;0
334445;47.0;2750.0;0;91.5;16.5;995.0;14.11;28.0;2.31;23.5;927.68;1.0;0;0;0;0
334821;42.0;2600.0;0;91.5;16.5;995.0;14.01;27.0;2.35;21.0;922.04;1.0;0;0;0;0
335192;41.0;2500.0;0;91.5;16.5;1000.0;14.20;27.0;2.43;19.0;912.27;1.0;0;0;0;0
335562;39.0;2400.0;0;91.5;16.5;1000.0;14.20;27.0;2.49;18.5;908.15;1.0;0;0;0;0
335930;37.0;2260.0;0;91.5;16.5;1000.0;14.01;28.0;2.62;15.0;899.38;1.0;0;1.0;0;0
336303;36.0;2450.0;0;91.5;16.5;1000.0;14.01;28.0;2.52;16.5;876.57;1.0;0;0;0;0
336676;33.0;2750.0;0;91.5;16.5;1000.0;14.01;27.0;2.29;23.5;910.90;1.0;0;0;0;0
337050;31.0;2650.0;0;91.5;16.5;995.0;14.01;28.0;2.36;21.5;909.30;1.0;0;0;0;0
337423;30.0;2500.0;0;91.5;16.5;1000.0;14.01;27.0;2.43;20.0;901.51;1.0;0;0;0;0
337737;28.0;2350.0;0;91.5;16.5;995.0;14.01;28.0;2.57;17.5;898.23;1.0;0;0;0;0
338179;28.0;2260.0;0;91.5;16.5;995.0;14.01;28.0;2.63;15.0;890.15;1.0;0;0;0;0
338590;25.0;2150.0;0;91.5;16.5;995.0;14.11;28.0;2.65;15.0;887.63;1.0;0;1.0;0;0
338902;25.0;2010.0;0;91.5;16.5;1000.0;14.11;27.0;2.71;15.0;842.92;1.0;0;1.0;0;0
339275;24.0;1870.0;0;91.5;16.5;995.0;14.20;28.0;2.80;15.0;834.30;1.0;0;1.0;0;0
339704;19.0;1670.0;0;91.5;16.5;995.0;14.11;28.0;2.95;15.0;190.80;1.0;0;1.0;0;0
340047;16.0;1430.0;0;91.5;16.5;995.0;14.29;27.0;3.10;15.0;38.98;1.0;0;1.0;0;0
340510;13.0;1490.0;0;91.5;16.5;1000.0;14.29;27.0;3.13;15.0;47.29;1.0;0;1.0;0;0
340857;12.0;1420.0;0;91.5;16.5;995.0;14.29;28.0;3.29;19.0;55.61;1.0;0;1.0;0;0
341190;9.0;1550.0;0;91.5;16.5;995.0;14.29;28.0;3.15;15.0;63.47;1.0;0;1.0;0;0
341558;9.0;1520.0;0;91.5;16.5;1000.0;14.29;27.0;3.19;15.0;78.96;1.0;0;1.0;0;0
341885;7.0;1550.0;0;91.5;16.5;995.0;14.29;28.0;3.18;15.0;629.39;1.0;0;1.0;0;0
342216;6.0;1540.0;0;91.5;16.5;995.0;14.20;28.0;3.2;15.0;554.01;1.0;0;1.0;0;0
342597;4.0;1810.0;5.64;91.5;16.5;995.0;14.11;31.0;4.69;17.0;791.96;1.0;0;1.0;0;0
342910;4.0;2190.0;4.23;91.5;16.5;995.0;14.01;31.0;3.95;20.0;903.27;1.0;0;1.0;0;0
343333;4.0;2400.0;1.88;91.5;17.25;995.0;14.11;31.0;3.2;22.0;903.27;1.0;0;1.0;0;0
343756;4.0;2280.0;12.23;91.5;17.25;995.0;14.20;31.0;4.89;17.5;700.41;1.0;0;1.0;0;0
344149;4.0;2400.0;11.29;92.25;17.25;995.0;14.01;31.0;4.81;22.5;87.88;1.0;0;1.0;0;0
344547;6.0;2550.0;6.58;91.5;17.25;995.0;14.01;31.0;4.09;27.5;633.28;1.0;0;1.0;0;0
344921;7.0;1940.0;2.82;92.25;17.25;995.0;14.29;31.0;3.78;18.5;936.00;1.0;0;0;0;0
345291;9.0;1880.0;2.82;92.25;17.25;995.0;14.20;31.0;4.58;18.0;934.85;1.0;0;0;0;0
345661;10.0;1870.0;2.82;92.25;17.25;995.0;14.20;31.0;4.54;17.5;943.63;1.0;0;0;0;0
346047;10.0;1890.0;2.82;92.25;17.25;995.0;14.20;31.0;4.54;18.0;941.18;1.0;0;0;0;0
346360;12.0;1860.0;2.82;92.25;17.25;995.0;14.11;31.0;4.54;17.5;939.81;1.0;0;0;0;0
346730;12.0;1740.0;2.82;92.25;17.25;995.0;14.20;31.0;4.73;17.5;937.90;1.0;0;0;0;0
347108;12.0;1770.0;2.82;92.25;17.25;995.0;14.20;31.0;4.68;16.5;937.29;1.0;0;0;0;0
347481;13.0;1750.0;2.82;92.25;17.25;995.0;14.20;31.0;4.68;17.5;940.35;1.0;0;0;0;0
347851;13.0;1840.0;0;92.25;16.5;995.0;14.20;28.0;3.51;15.0;938.29;1.0;0;1.0;0;0
348221;12.0;1880.0;0;92.25;16.5;995.0;14.11;29.0;2.88;15.0;930.89;1.0;0;1.0;0;0
348607;12.0;1810.0;0;92.25;16.5;995.0;14.29;28.0;2.86;15.0;904.26;1.0;0;1.0;0;0
348919;12.0;1690.0;0;92.25;16.5;995.0;14.29;28.0;2.88;15.0;890.45;1.0;0;1.0;0;0
349357;9.0;1570.0;0;92.25;16.5;995.0;14.29;28.0;2.94;15.0;868.48;1.0;0;1.0;0;0
349730;7.0;1520.0;0;92.25;16.5;995.0;14.29;28.0;2.93;15.0;836.44;1.0;0;1.0;0;0
350042;6.0;1570.0;1.88;92.25;16.5;995.0;14.29;29.0;3.12;16.0;777.24;1.0;0;1.0;0;0
350412;6.0;2080.0;5.64;92.25;16.5;995.0;14.11;31.0;3.87;18.0;763.05;1.0;0;1.0;0;0
350748;4.0;2080.0;1.88;92.25;16.5;995.0;14.29;31.0;3.38;18.5;860.47;1.0;0;1.0;0;0
351165;4.0;2170.0;0;92.25;16.5;995.0;14.01;31.0;2.83;15.0;923.79;1.0;0;1.0;0;0
351535;3.0;2350.0;7.05;92.25;16.5;995.0;14.01;31.0;4.17;21.5;907.77;1.0;0;1.0;0;0
351905;3.0;2400.0;9.88;92.25;16.5;995.0;14.01;31.0;4.50;22.5;104.89;1.0;0;1.0;0;0
352286;4.0;2350.0;9.88;92.25;16.5;995.0;14.01;31.0;4.68;22.5;100.93;1.0;0;1.0;0;0
352624;6.0;2450.0;9.88;92.25;16.5;995.0;14.01;31.0;4.50;25.0;782.04;1.0;0;1.0;0;0
352996;7.0;2550.0;9.88;93.0;16.5;995.0;14.01;31.0;4.43;30.5;758.39;1.0;0;1.0;0;0
353369;7.0;2650.0;9.88;93.0;16.5;995.0;14.01;31.0;4.32;33.0;368.48;1.0;0;0;0;0
353821;10.0;2750.0;2.35;93.0;16.5;995.0;14.01;31.0;3.47;32.5;863.83;1.0;0;0;0;0
354264;9.0;2650.0;6.11;93.0;16.5;995.0;14.01;31.0;4.39;29.5;913.87;1.0;0;0;0;0
354634;10.0;2850.0;7.05;93.0;16.5;995.0;14.01;31.0;4.29;39.0;914.86;1.0;0;0;0;0
355009;12.0;2700.0;6.58;93.0;16.5;995.0;14.01;31.0;4.48;34.0;910.59;1.0;0;0;0;0
355379;12.0;2550.0;6.58;93.0;16.5;995.0;14.01;31.0;4.58;27.5;922.11;1.0;0;0;0;0
355749;13.0;2350.0;6.58;93.0;16.5;995.0;14.01;31.0;4.79;22.5;928.37;1.0;0;0;0;0
356127;15.0;2180.0;10.35;93.0;16.5;995.0;14.20;31.0;5.36;18.0;918.76;1.0;0;0;0;0
356493;18.0;2350.0;11.29;93.0;16.5;995.0;14.01;31.0;5.21;19.5;910.75;1.0;0;0;0;0
356864;18.0;2550.0;6.11;93.0;16.5;995.0;14.01;31.0;4.39;27.5;914.56;1.0;0;0;0;0
357233;18.0;2300.0;4.23;93.0;16.5;995.0;14.11;31.0;4.3;21.0;910.59;1.0;0;0;0;0
357624;18.0;2850.0;8.93;93.0;16.5;995.0;14.01;31.0;4.52;39.5;932.41;1.0;0;0;0;0
357936;19.0;2900.0;6.11;93.0;16.5;995.0;14.01;31.0;4.12;38.5;915.48;1.0;0;0;0;0
358306;19.0;2650.0;4.23;93.0;16.5;995.0;14.01;31.0;4.16;31.0;937.45;1.0;0;1.0;0;0
358720;19.0;2210.0;0;93.0;16.5;995.0;14.20;31.0;2.74;15.0;937.98;1.0;0;1.0;0;0
359032;18.0;2030.0;0;93.0;16.5;995.0;14.11;30.0;2.80;15.0;938.90;1.0;0;1.0;0;0
359444;16.0;2020.0;0;93.0;16.5;995.0;14.11;30.0;2.78;15.0;927.53;1.0;0;1.0;0;0
359805;15.0;1950.0;0;93.0;16.5;995.0;14.11;29.0;2.72;15.0;912.04;1.0;0;1.0;0;0
360134;13.0;1860.0;0;93.75;16.5;995.0;14.11;28.0;2.73;15.0;900.29;1.0;0;1.0;0;0
360496;13.0;1750.0;0;93.75;16.5;995.0;14.29;28.0;2.75;15.0;880.61;1.0;0;1.0;0;0
360855;12.0;1540.0;0;93.75;16.5;995.0;14.29;28.0;2.89;15.0;844.37;1.0;0;1.0;0;0
361217;10.0;1490.0;0;93.75;16.5;995.0;14.20;28.0;2.92;17.0;387.32;1.0;0;1.0;0;0
361610;9.0;1410.0;0;93.75;16.5;995.0;14.29;28.0;2.98;15.5;102.30;1.0;0;1.0;0;0
361985;7.0;1470.0;0;93.75;16.5;995.0;14.20;28.0;2.97;15.0;61.48;1.0;0;1.0;0;0
362416;7.0;1770.0;6.58;93.75;16.5;995.0;14.20;31.0;4.45;16.5;587.50;1.0;0;1.0;0;0
362753;7.0;1990.0;5.64;93.75;16.5;995.0;14.11;31.0;4.15;18.0;88.34;1.0;0;0;0;0
363114;7.0;2040.0;0;93.75;16.5;995.0;14.11;31.0;2.86;15.0;837.81;1.0;0;1.0;0;0
363511;7.0;2060.0;0;93.75;16.5;995.0;14.20;31.0;2.80;15.0;919.67;1.0;0;1.0;0;0
363871;3.0;1900.0;0;93.75;16.5;995.0;14.11;30.0;2.87;15.0;908.15;1.0;0;1.0;0;0
364207;0;1710.0;0;93.75;16.5;995.0;14.29;29.0;2.88;0;898.39;1.0;0;1.0;0;0
364557;0;1440.0;0;93.75;16.5;995.0;14.20;29.0;3.06;14.0;732.68;1.0;0;1.0;0;0
364942;0;1540.0;0;93.75;16.5;995.0;14.29;28.0;2.98;11.5;233.14;1.0;0;1.0;0;0
365246;0;1430.0;0;93.75;16.5;995.0;14.29;27.0;3.01;17.0;68.88;1.0;0;1.0;0;0
365581;0;1520.0;0;93.75;16.5;995.0;14.29;27.0;2.97;12.0;73.77;1.0;0;1.0;0;0
365954;0;1490.0;0;93.75;16.5;995.0;14.29;26.0;3.01;13.0;67.74;1.0;0;1.0;0;0
366295;0;1520.0;0;93.75;16.5;995.0;14.29;25.0;2.98;11.0;450.49;1.0;0;1.0;0;0
366652;0;1500.0;0;93.75;16.5;995.0;14.29;25.0;2.90;17.0;361.53;1.0;0;1.0;0;0
367037;0;1480.0;0;93.75;16.5;995.0;14.29;24.0;2.88;17.5;328.88;1.0;0;1.0;0;0
367350;0;1580.0;0;94.5;16.5;995.0;14.20;29.0;3.07;20.0;421.80;1.0;0;1.0;0;0
367738;0;1550.0;0;94.5;17.25;995.0;14.29;29.0;3.03;11.5;882.90;1.0;0;1.0;0;0
368108;0;1470.0;0;94.5;17.25;995.0;14.29;28.0;3.06;14.0;158.30;1.0;0;1.0;0;0
368504;0;1470.0;0;94.5;17.25;995.0;14.20;27.0;3.08;13.0;60.04;1.0;0;1.0;0;0
368817;0;1470.0;0;94.5;18.0;995.0;14.29;27.0;3.12;14.5;76.13;1.0;0;1.0;0;0
369192;0;1450.0;0;94.5;18.0;995.0;14.29;27.0;3.14;21.0;77.96;1.0;0;1.0;0;0
369563;0;1490.0;0;94.5;18.0;995.0;14.29;26.0;3.11;10.0;638.39;1.0;0;1.0;0;0
369932;0;1520.0;0;94.5;18.0;995.0;14.29;26.0;3.00;12.0;824.38;1.0;0;1.0;0;0
370332;0;1430.0;0;94.5;18.0;995.0;14.29;25.0;3.04;15.5;813.25;1.0;0;1.0;0;0
370647;0;1460.0;0;94.5;18.0;995.0;14.29;25.0;3.01;14.0;168.37;1.0;0;1.0;0;0
371077;0;1450.0;0;94.5;18.0;995.0;14.29;25.0;3.00;12.5;381.75;1.0;0;1.0;0;0
371416;0;1740.0;15.05;94.5;18.0;995.0;14.20;31.0;5.56;11.5;868.79;1.0;0;1.0;0;0
371799;0;2400.0;22.58;94.5;18.75;995.0;14.20;31.0;6.18;17.5;906.40;1.0;0;1.0;0;0
372169;4.0;2950.0;25.40;94.5;18.75;995.0;14.01;31.0;6.04;31.5;925.62;1.0;0;1.0;0;0
372539;6.0;2800.0;25.40;94.5;18.75;995.0;14.01;31.0;6.20;28.5;917.92;1.0;0;1.0;0;0
372928;12.0;2500.0;25.40;94.5;18.75;995.0;14.11;31.0;6.57;16.5;905.71;1.0;0;1.0;0;0
373290;16.0;2800.0;38.58;94.5;18.0;995.0;14.11;31.0;8.46;7.0;683.02;1.0;0;1.0;0;0
373660;24.0;3250.0;38.58;94.5;18.0;995.0;14.01;31.0;8.17;13.5;778.61;1.0;0;1.0;0;0
374047;27.0;3900.0;38.58;94.5;18.0;995.0;13.92;31.0;7.93;24.5;536.01;1.0;0;1.0;0;0
374451;33.0;4500.0;37.16;95.25;18.0;995.0;13.92;31.0;7.28;33.5;442.32;1.0;0;1.0;0;0
374821;37.0;5050.0;37.16;95.25;18.0;995.0;13.92;31.0;6.82;40.0;394.41;1.0;0;1.0;0;0
375191;42.0;5150.0;0;95.25;18.0;995.0;13.92;29.0;1.88;55.0;717.58;1.0;0;0;0;0
375578;42.0;3450.0;31.99;95.25;18.0;995.0;13.92;31.0;6.66;42.5;754.50;1.0;0;0;0;0
375890;45.0;4550.0;81.39;95.25;18.0;995.0;13.82;31.0;13.43;19.5;843.84;1.0;0;0;0;0
376260;53.0;4250.0;76.69;95.25;18.0;995.0;13.92;31.0;12.12;18.5;878.25;1.0;0;0;0;0
376609;56.0;4850.0;72.92;95.25;18.0;995.0;13.92;31.0;12.50;20.0;885.19;1.0;0;0;0;0
376958;63.0;5250.0;63.98;95.25;18.0;995.0;13.92;31.0;10.73;21.0;886.48;1.0;0;1.0;0;0
377403;66.0;5650.0;81.39;95.25;18.0;995.0;13.92;31.0;13.91;22.5;823.39;1.0;0;0;0;0
377763;72.0;6050.0;66.34;95.25;18.0;995.0;13.92;31.0;12.80;24.5;903.34;1.0;0;0;0;0
378304;72.0;4350.0;14.11;95.25;18.0;995.0;13.92;31.0;4.08;52.5;763.81;1.0;0;1.0;0;0
378692;71.0;4450.0;26.34;95.25;18.0;995.0;13.92;31.0;5.39;48.0;800.12;1.0;0;0;0;0
379009;72.0;4550.0;41.87;95.25;17.25;995.0;13.92;31.0;8.62;30.5;905.79;1.0;0;1.0;0;0
379387;72.0;4250.0;0;95.25;17.25;995.0;13.92;29.0;2.02;50.0;923.18;1.0;0;0;0;0
379756;69.0;4300.0;0;95.25;17.25;995.0;14.01;29.0;2.02;50.5;790.97;1.0;0;0;0;0
380139;68.0;4300.0;21.17;95.25;17.25;995.0;13.92;31.0;5.12;50.0;360.77;1.0;0;1.0;0;0
380574;68.0;4300.0;28.70;95.25;17.25;995.0;14.01;31.0;6.34;42.0;884.35;1.0;0;1.0;0;0
380943;68.0;4300.0;23.99;96.0;17.25;990.0;13.92;31.0;5.15;49.0;876.11;1.0;0;0;0;0
381279;71.0;4450.0;44.22;96.0;17.25;995.0;14.01;31.0;9.41;27.5;891.52;1.0;0;1.0;0;0
381592;74.0;4550.0;46.57;96.0;17.25;995.0;13.92;31.0;9.52;25.5;819.12;1.0;0;1.0;0;0
381920;75.0;4650.0;31.52;96.0;17.25;995.0;14.01;31.0;6.44;43.0;890.91;1.0;0;0;0;0
382290;75.0;4850.0;48.93;96.0;17.25;995.0;13.92;31.0;9.80;27.0;871.61;1.0;0;1.0;0;0
382663;80.0;4950.0;35.28;96.0;17.25;995.0;14.01;31.0;7.29;40.0;854.44;1.0;0;1.0;0;0
383044;80.0;5000.0;50.34;96.0;17.25;995.0;13.92;31.0;10.83;28.5;879.08;1.0;0;1.0;0;0
383414;83.0;5200.0;43.28;96.0;17.25;995.0;13.92;31.0;8.43;31.5;854.14;1.0;0;1.0;0;0
383788;86.0;5250.0;44.69;96.0;17.25;995.0;13.82;31.0;8.32;32.5;840.94;1.0;0;0;0;0
384158;85.0;4850.0;26.81;96.0;17.25;995.0;13.92;31.0;6.25;54.5;837.20;1.0;0;0;0;0
384480;86.0;4800.0;25.87;96.0;17.25;995.0;13.92;31.0;5.58;48.0;906.40;1.0;0;1.0;0;0
384852;86.0;4200.0;22.11;96.0;16.5;995.0;13.92;31.0;5.06;48.5;889.99;1.0;0;1.0;0;0
385224;86.0;4150.0;21.64;96.0;16.5;995.0;13.92;31.0;5.06;49.0;427.91;1.0;0;1.0;0;0
385569;85.0;4150.0;24.93;96.0;16.5;995.0;13.92;31.0;5.38;44.5;855.28;1.0;0;1.0;0;0
385939;85.0;4150.0;20.70;96.0;16.5;995.0;13.92;31.0;4.82;49.5;295.16;1.0;0;1.0;0;0
386351;83.0;4150.0;17.40;96.0;16.5;995.0;13.92;31.0;4.45;49.5;234.43;1.0;0;0;0;0
386668;83.0;4100.0;16.93;96.0;16.5;995.0;13.92;31.0;4.77;49.5;529.75;1.0;0;0;0;0
387042;82.0;4050.0;16.93;96.0;16.5;995.0;13.92;31.0;4.81;49.5;443.32;1.0;0;0;0;0
387423;82.0;4000.0;15.05;96.0;16.5;995.0;13.92;31.0;4.54;48.5;723.99;1.0;0;0;0;0
387793;80.0;3950.0;7.52;96.0;16.5;995.0;13.92;31.0;3.41;47.0;879.01;1.0;0;0;0;0
388164;78.0;3850.0;7.05;96.0;16.5;995.0;14.01;31.0;3.39;46.0;927.68;1.0;0;0;0;0
388534;77.0;3750.0;7.05;96.0;16.5;995.0;13.92;31.0;3.42;46.0;926.69;1.0;0;0;0;0
388904;75.0;3700.0;6.58;96.0;16.5;995.0;14.01;31.0;3.44;45.5;926.16;1.0;0;0;0;0
389300;75.0;3700.0;6.58;96.0;16.5;995.0;13.92;31.0;3.46;45.5;926.54;1.0;0;0;0;0
389658;72.0;3600.0;6.58;96.0;16.5;995.0;14.01;31.0;3.53;45.0;925.39;1.0;0;0;0;0
390028;72.0;3550.0;6.58;96.0;16.5;995.0;14.01;31.0;3.51;44.5;925.85;1.0;0;0;0;0
390440;71.0;3500.0;6.11;96.0;16.5;995.0;14.01;31.0;3.53;44.5;926.08;1.0;0;0;0;0
390805;69.0;3500.0;6.11;96.0;16.5;995.0;13.92;31.0;3.53;44.0;931.27;1.0;0;0;0;0
391184;71.0;3450.0;15.05;96.0;16.5;995.0;14.01;31.0;4.75;47.0;856.27;1.0;0;0;0;0
391508;71.0;3450.0;17.40;96.0;16.5;995.0;14.01;31.0;4.99;47.0;832.47;1.0;0;0;0;0
391900;71.0;3550.0;23.05;96.0;16.5;995.0;13.92;31.0;5.46;43.5;908.53;1.0;0;1.0;0;0
392303;74.0;3550.0;36.69;96.0;16.5;995.0;13.92;31.0;8.35;22.5;909.83;1.0;0;1.0;0;0
392653;75.0;3650.0;36.22;96.0;16.5;995.0;14.01;31.0;7.99;24.5;900.98;1.0;0;1.0;0;0
393104;75.0;3700.0;39.52;96.0;16.5;995.0;14.01;31.0;9.57;23.0;890.30;1.0;0;0;0;0
393494;78.0;3900.0;81.39;96.0;16.5;995.0;14.01;31.0;11.82;16.0;899.07;1.0;0;0;0;0
393829;80.0;3900.0;78.57;96.0;16.5;995.0;14.01;31.0;11.82;17.0;881.60;1.0;0;1.0;0;0
394142;82.0;3900.0;13.17;95.25;16.5;995.0;13.92;31.0;4.26;48.5;948.36;1.0;0;0;0;0
394469;78.0;3900.0;7.52;95.25;16.5;995.0;13.92;31.0;3.36;46.5;932.03;1.0;0;0;0;0
394853;77.0;3800.0;7.52;95.25;16.5;995.0;14.01;31.0;3.48;46.0;910.82;1.0;0;0;0;0
395166;77.0;3750.0;7.52;95.25;16.5;995.0;14.01;31.0;3.52;46.0;893.58;1.0;0;0;0;0
395595;75.0;3650.0;7.52;95.25;16.5;995.0;14.01;31.0;3.61;46.0;887.02;1.0;0;0;0;0
395967;74.0;3600.0;7.52;95.25;16.5;995.0;13.92;31.0;3.62;45.0;888.01;1.0;0;0;0;0
396337;72.0;3550.0;7.52;95.25;16.5;995.0;13.92;31.0;3.68;45.5;899.53;1.0;0;0;0;0
396708;71.0;3500.0;7.52;95.25;16.5;995.0;13.92;31.0;3.71;45.0;899.84;1.0;0;0;0;0
397087;71.0;3450.0;15.99;95.25;16.5;995.0;14.01;31.0;4.82;47.0;831.86;1.0;0;0;0;0
397402;69.0;3450.0;16.46;95.25;16.5;990.0;13.92;31.0;4.89;46.5;821.03;1.0;0;0;0;0
397797;68.0;3350.0;16.46;95.25;16.5;995.0;14.01;31.0;4.94;46.0;858.03;1.0;0;0;0;0
398169;69.0;3400.0;14.58;95.25;15.75;995.0;14.01;31.0;4.71;46.0;899.23;1.0;0;0;0;0
398496;68.0;3300.0;13.64;95.25;15.75;995.0;14.01;31.0;4.76;45.5;912.65;1.0;0;0;0;0
398868;68.0;3250.0;6.11;95.25;15.75;995.0;14.01;31.0;3.74;43.0;928.22;1.0;0;0;0;0
399263;63.0;3150.0;0;95.25;15.75;995.0;14.01;29.0;2.46;38.5;793.49;1.0;0;0;0;0
399620;62.0;3000.0;0;95.25;15.75;995.0;14.01;29.0;2.55;36.0;669.44;1.0;0;0;0;0
399993;60.0;3150.0;11.76;95.25;15.75;995.0;14.01;31.0;4.64;43.0;862.76;1.0;0;0;0;0
400363;59.0;2950.0;13.64;95.25;15.75;990.0;14.01;31.0;4.93;41.5;843.91;1.0;0;0;0;0
400733;59.0;2900.0;12.70;95.25;15.75;990.0;14.01;31.0;4.88;41.0;879.54;1.0;0;0;0;0
401054;59.0;2900.0;11.76;95.25;15.75;995.0;14.01;31.0;4.83;40.5;864.97;1.0;0;0;0;0
401451;57.0;2850.0;11.76;95.25;15.75;995.0;14.01;31.0;4.81;39.5;874.28;1.0;0;0;0;0
401823;57.0;2750.0;8.46;94.5;15.75;990.0;14.01;31.0;4.65;38.0;882.52;1.0;0;0;0;0
402136;56.0;2800.0;8.46;94.5;15.75;995.0;14.01;31.0;4.58;38.0;918.91;1.0;0;0;0;0
402518;54.0;2650.0;8.46;94.5;15.75;995.0;14.11;31.0;4.72;37.5;915.17;1.0;0;0;0;0
402832;54.0;2650.0;8.46;94.5;15.75;990.0;14.01;31.0;4.77;32.5;916.77;1.0;0;0;0;0
403202;53.0;2650.0;7.99;94.5;15.75;995.0;14.01;31.0;4.79;30.0;924.78;1.0;0;0;0;0
403579;53.0;2600.0;8.46;94.5;15.75;990.0;14.11;31.0;4.81;30.0;921.81;1.0;0;0;0;0
403953;51.0;2500.0;7.99;94.5;15.75;990.0;14.01;31.0;4.92;30.0;924.48;1.0;0;0;0;0
404326;51.0;2550.0;8.46;94.5;15.75;990.0;14.01;31.0;4.89;27.5;923.18;1.0;0;0;0;0
404676;51.0;2550.0;1.41;94.5;15.75;995.0;14.01;31.0;3.84;26.0;928.75;1.0;0;0;0;0
405067;51.0;2500.0;0;94.5;15.75;990.0;14.01;29.0;2.54;18.5;811.49;1.0;0;0;0;0
405430;50.0;2450.0;0;94.5;15.75;995.0;14.11;28.0;2.53;18.5;886.33;1.0;0;0;0;0
405820;48.0;2350.0;0;94.5;15.75;990.0;14.11;28.0;2.60;17.5;898.69;1.0;0;1.0;0;0
406206;47.0;2260.0;0.47;94.5;15.75;990.0;14.11;29.0;3.36;20.5;847.65;1.0;0;0;0;0
406572;45.0;2200.0;0;94.5;15.75;990.0;14.20;29.0;3.19;15.0;935.84;1.0;0;1.0;0;0
406907;44.0;2200.0;0;94.5;15.75;990.0;14.01;29.0;2.68;15.0;933.71;1.0;0;1.0;0;0
407269;42.0;2130.0;6.11;94.5;15.75;990.0;14.20;31.0;5.21;18.5;917.08;1.0;0;0;0;0
407641;45.0;2190.0;7.52;94.5;15.75;990.0;14.11;31.0;5.14;18.5;891.75;1.0;0;0;0;0
407980;44.0;2220.0;7.52;94.5;15.75;990.0;14.11;31.0;5.10;18.5;896.25;1.0;0;0;0;0
408352;44.0;2230.0;13.17;94.5;15.75;990.0;14.29;31.0;5.69;16.0;901.36;1.0;0;0;0;0
408731;44.0;2240.0;14.58;94.5;15.75;990.0;14.01;31.0;5.82;15.5;916.01;1.0;0;0;0;0
409087;44.0;2550.0;13.17;93.75;15.75;990.0;14.01;31.0;5.10;28.0;848.42;1.0;0;0;0;0
409464;45.0;3150.0;31.99;93.75;15.75;990.0;14.01;31.0;7.78;26.0;927.91;1.0;0;0;0;0
409832;47.0;3750.0;48.93;93.75;15.75;990.0;13.92;31.0;10.00;16.0;906.47;1.0;0;1.0;0;0
410207;51.0;4100.0;67.28;93.75;15.75;990.0;14.01;31.0;11.42;16.5;872.83;1.0;0;0;0;0
410577;54.0;3500.0;60.22;93.75;15.75;990.0;14.01;31.0;10.05;11.0;877.02;1.0;0;1.0;0;0
410912;59.0;3700.0;58.81;93.75;15.75;990.0;14.01;31.0;9.89;13.5;766.71;1.0;0;1.0;0;0
411236;62.0;3850.0;58.34;93.75;15.75;990.0;14.01;31.0;9.73;15.0;558.13;1.0;0;1.0;0;0
411609;66.0;4000.0;50.34;93.75;16.5;990.0;14.01;31.0;9.49;18.5;548.52;1.0;0;1.0;0;0
412003;68.0;4150.0;29.64;93.75;16.5;990.0;13.92;31.0;6.03;39.0;898.69;1.0;0;1.0;0;0
412354;69.0;4200.0;29.17;93.75;16.5;990.0;14.01;31.0;5.74;41.5;856.73;1.0;0;0;0;0
412697;69.0;4350.0;54.10;93.75;16.5;990.0;14.01;31.0;10.32;22.0;794.86;1.0;0;1.0;0;0
413063;72.0;4600.0;63.51;93.75;16.5;990.0;13.92;31.0;10.87;20.0;203.77;1.0;0;1.0;0;0
413391;74.0;4750.0;0;93.75;16.5;990.0;13.92;29.0;1.94;55.0;771.52;1.0;0;0;0;0
413767;75.0;3700.0;19.76;93.75;16.5;990.0;14.01;31.0;5.08;47.0;822.17;1.0;0;1.0;0;0
414137;74.0;3650.0;36.69;93.75;16.5;990.0;14.01;31.0;8.82;25.5;889.23;1.0;0;1.0;0;0
414507;75.0;3750.0;25.40;93.75;16.5;990.0;13.92;31.0;5.86;41.5;910.59;1.0;0;1.0;0;0
414883;75.0;3750.0;20.70;93.75;16.5;990.0;14.01;31.0;4.94;46.0;853.91;1.0;0;0;0;0
415260;75.0;3650.0;15.99;93.75;16.5;990.0;13.92;31.0;4.76;47.5;335.67;1.0;0;0;0;0
415630;74.0;3600.0;11.76;93.75;16.5;990.0;14.01;31.0;4.14;47.5;269.15;1.0;0;0;0;0
415994;72.0;3550.0;5.64;93.75;16.5;990.0;14.01;31.0;3.50;44.5;775.48;1.0;0;0;0;0
416322;71.0;3500.0;4.70;93.75;16.5;990.0;13.92;31.0;3.32;43.5;947.14;1.0;0;0;0;0
416717;69.0;3400.0;5.17;93.75;16.5;990.0;14.01;31.0;3.44;42.5;946.98;1.0;0;0;0;0
417064;68.0;3300.0;3.76;93.75;16.5;995.0;14.01;31.0;3.22;40.5;939.43;1.0;0;0;0;0
417403;65.0;3250.0;0;93.75;16.5;990.0;14.01;29.0;2.09;31.5;935.08;1.0;0;0;0;0
417787;65.0;3150.0;0;93.75;16.5;990.0;14.01;29.0;2.12;30.0;924.10;1.0;0;0;0;0
418134;62.0;3050.0;0;93.75;16.5;990.0;14.11;28.0;2.13;28.5;921.73;1.0;0;0;0;0
418533;59.0;2900.0;0;93.75;16.5;990.0;14.11;28.0;2.21;26.0;908.61;1.0;0;0;0;0
418914;56.0;2750.0;0;93.75;16.5;990.0;14.01;28.0;2.32;23.5;909.83;1.0;0;0;0;0
419228;53.0;2600.0;0;93.75;16.5;990.0;14.20;28.0;2.41;21.0;906.63;1.0;0;0;0;0
419624;50.0;2500.0;0;93.0;16.5;990.0;14.20;28.0;2.45;19.0;905.02;1.0;0;0;0;0
419937;48.0;2400.0;0;93.0;16.5;990.0;14.20;28.0;2.50;17.5;905.02;1.0;0;0;0;0
420254;47.0;2300.0;0;93.0;16.5;990.0;14.01;28.0;2.61;16.0;900.37;1.0;0;0;0;0
420624;47.0;2300.0;0;93.0;16.5;990.0;14.11;28.0;2.58;16.0;897.70;1.0;0;0;0;0
421076;45.0;2240.0;0;93.0;16.5;990.0;14.11;28.0;2.62;15.0;888.62;1.0;0;0;0;0
421441;44.0;2120.0;0;93.0;16.5;990.0;14.20;28.0;2.67;15.0;883.66;1.0;0;1.0;0;0
421812;42.0;2030.0;0;93.0;15.75;990.0;14.29;28.0;2.74;15.0;854.82;1.0;0;1.0;0;0
422207;39.0;1950.0;0;93.0;15.75;990.0;14.20;28.0;2.71;15.0;777.08;1.0;0;0;0;0
422617;37.0;2550.0;11.76;93.0;15.75;990.0;14.01;31.0;5.22;28.0;373.59;1.0;0;0;0;0
422974;37.0;2450.0;12.70;93.0;15.75;990.0;14.11;31.0;5.37;28.0;631.07;1.0;0;0;0;0
423403;37.0;1960.0;7.52;93.0;15.75;990.0;14.11;31.0;5.32;16.0;901.44;1.0;0;0;0;0
423777;37.0;1830.0;0;93.0;15.75;990.0;14.20;31.0;2.99;15.0;946.07;1.0;0;0;0;0
424154;36.0;1940.0;11.76;93.0;15.75;990.0;14.11;31.0;5.76;17.0;946.22;1.0;0;0;0;0
424467;34.0;2550.0;0;93.0;15.75;990.0;14.20;31.0;2.54;20.0;854.44;1.0;0;0;0;0
424837;34.0;2300.0;0;93.0;15.75;990.0;14.01;31.0;2.67;16.5;927.83;1.0;0;0;0;0
425220;33.0;2550.0;6.11;93.0;15.75;990.0;14.20;31.0;4.80;27.5;792.19;1.0;0;0;0;0
425533;33.0;2190.0;7.99;93.0;15.75;990.0;14.20;31.0;5.28;18.5;882.29;1.0;0;0;0;0
425868;34.0;2100.0;5.64;93.0;15.75;990.0;14.11;31.0;5.07;18.5;909.75;1.0;0;0;0;0
426242;34.0;2170.0;14.11;93.0;15.75;990.0;14.29;31.0;5.79;16.0;900.37;1.0;0;0;0;0
426620;36.0;2190.0;9.88;93.0;15.75;990.0;14.11;31.0;5.35;18.0;882.29;1.0;0;0;0;0
426989;36.0;2300.0;9.88;93.0;15.75;990.0;14.20;31.0;5.23;19.5;890.76;1.0;0;0;0;0
427302;36.0;2350.0;9.88;93.0;15.75;990.0;14.20;31.0;5.22;19.5;895.26;1.0;0;0;0;0
427672;37.0;2350.0;10.35;93.0;15.75;990.0;14.01;31.0;5.21;21.0;893.81;1.0;0;0;0;0
428061;39.0;2350.0;10.35;93.0;15.75;990.0;14.01;31.0;5.25;22.5;912.65;1.0;0;0;0;0
428432;39.0;2400.0;9.88;93.0;15.75;990.0;14.11;31.0;5.19;23.5;906.85;1.0;0;0;0;0
428746;41.0;2500.0;8.93;93.0;15.75;990.0;14.01;31.0;4.98;25.0;915.63;1.0;0;0;0;0
429124;39.0;2450.0;7.05;93.0;15.75;990.0;14.11;31.0;4.83;25.0;923.18;1.0;0;0;0;0
429494;41.0;2500.0;5.64;93.0;15.75;990.0;14.01;31.0;4.52;25.0;940.57;1.0;0;0;0;0
429866;41.0;2450.0;5.64;93.0;15.75;990.0;14.01;31.0;4.60;25.0;954.54;1.0;0;0;0;0
430236;41.0;2500.0;5.64;93.0;15.75;990.0;14.20;31.0;4.40;25.0;950.57;1.0;0;0;0;0
430660;41.0;2550.0;13.64;93.0;15.75;990.0;14.01;31.0;5.36;28.0;918.76;1.0;0;0;0;0
431033;41.0;2550.0;3.76;93.0;15.75;990.0;14.20;31.0;4.00;27.5;927.38;1.0;0;0;0;0
431347;39.0;2500.0;2.35;93.0;15.75;990.0;14.11;31.0;3.65;24.5;948.66;1.0;0;0;0;0
431740;41.0;2700.0;9.88;93.0;15.75;990.0;14.01;31.0;4.98;35.0;949.81;1.0;0;0;0;0
432052;39.0;2450.0;12.70;93.0;15.75;990.0;14.11;31.0;5.35;25.0;882.29;1.0;0;0;0;0
432422;41.0;2550.0;12.70;93.0;15.75;990.0;14.01;31.0;5.28;28.0;899.00;1.0;0;0;0;0
432792;42.0;2550.0;20.70;93.0;15.75;990.0;14.20;31.0;6.40;31.0;903.73;1.0;0;0;0;0
433121;45.0;2850.0;48.93;93.0;15.75;990.0;14.01;31.0;10.32;5.0;940.42;1.0;0;1.0;0;0
433491;47.0;2900.0;37.64;93.0;15.75;990.0;14.01;31.0;8.75;11.5;927.99;1.0;0;0;0;0
433860;51.0;3050.0;28.23;93.0;15.75;990.0;14.01;31.0;6.71;28.5;925.70;1.0;0;1.0;0;0
434246;51.0;3250.0;32.93;93.0;15.75;990.0;14.01;31.0;7.27;25.5;924.32;1.0;0;0;0;0
434613;54.0;3450.0;35.75;93.0;15.75;990.0;13.92;31.0;8.22;19.5;905.56;1.0;0;1.0;0;0
434988;57.0;3600.0;0;93.0;15.75;990.0;14.01;31.0;2.48;45.5;906.24;1.0;0;0;0;0
435358;56.0;2750.0;12.70;93.0;15.75;990.0;14.01;31.0;5.13;38.0;905.25;1.0;0;0;0;0
435738;56.0;2750.0;21.64;93.0;15.75;990.0;14.01;31.0;6.07;38.5;864.51;1.0;0;0;0;0
436051;57.0;2750.0;21.64;93.0;15.75;990.0;14.01;31.0;6.17;36.5;918.22;1.0;0;0;0;0
436421;57.0;2800.0;22.11;93.0;15.75;990.0;14.01;31.0;6.13;35.5;917.08;1.0;0;0;0;0
436802;57.0;2800.0;21.17;93.0;15.75;990.0;14.01;31.0;5.89;40.0;915.02;1.0;0;0;0;0
437174;57.0;2850.0;20.70;93.0;15.75;990.0;14.01;31.0;5.79;41.0;908.69;1.0;0;0;0;0
437487;59.0;2800.0;20.23;93.0;15.75;990.0;14.01;31.0;5.72;41.5;909.22;1.0;0;0;0;0
437860;57.0;2900.0;17.87;93.0;15.75;990.0;14.01;31.0;5.42;41.5;898.16;1.0;0;0;0;0
438290;57.0;2900.0;16.46;93.0;15.0;990.0;13.92;31.0;5.37;41.5;891.21;1.0;0;0;0;0
438661;59.0;2850.0;13.17;93.0;15.0;990.0;14.01;31.0;4.99;40.5;882.29;1.0;0;0;0;0
439000;59.0;2850.0;12.70;93.0;15.0;990.0;14.01;31.0;4.97;40.5;831.78;1.0;0;0;0;0
439427;59.0;2900.0;12.23;93.0;15.0;990.0;14.01;31.0;4.84;40.5;836.44;1.0;0;0;0;0
439743;59.0;2900.0;11.76;93.0;15.0;990.0;14.01;31.0;4.79;40.5;862.91;1.0;0;0;0;0
440140;59.0;2950.0;11.76;93.0;15.0;990.0;14.01;31.0;4.70;41.0;882.44;1.0;0;0;0;0
440536;59.0;2950.0;11.29;93.0;15.0;990.0;13.92;31.0;4.69;40.0;887.25;1.0;0;0;0;0
440864;59.0;2850.0;21.17;93.0;15.0;990.0;14.01;31.0;5.83;42.0;896.40;1.0;0;0;0;0
441238;59.0;3050.0;48.46;93.0;15.0;990.0;14.11;31.0;10.75;10.0;935.08;1.0;0;0;0;0
441608;63.0;3050.0;52.69;93.0;15.0;990.0;14.01;31.0;9.66;9.5;887.93;1.0;0;1.0;0;0
441977;66.0;3250.0;31.05;93.0;15.0;990.0;13.92;31.0;7.10;21.0;913.87;1.0;0;1.0;0;0
442315;66.0;3250.0;22.11;93.0;15.0;985.0;13.92;31.0;5.72;42.5;933.25;1.0;0;0;0;0
442627;66.0;3300.0;17.40;93.0;15.0;990.0;14.01;31.0;5.14;45.0;892.21;1.0;0;0;0;0
442998;66.0;3250.0;17.40;93.0;15.0;990.0;14.01;31.0;5.12;45.0;880.00;1.0;0;0;0;0
443327;68.0;3350.0;25.40;93.0;15.0;990.0;13.92;31.0;6.33;38.0;910.82;1.0;0;1.0;0;0
443698;69.0;3350.0;25.87;93.0;15.0;990.0;14.01;31.0;6.03;38.0;915.48;1.0;0;1.0;0;0
444068;69.0;3450.0;25.40;93.0;15.0;990.0;14.01;31.0;6.00;39.0;916.24;1.0;0;1.0;0;0
444487;71.0;3450.0;25.40;93.0;15.0;990.0;14.01;31.0;5.82;40.5;897.39;1.0;0;1.0;0;0
444910;72.0;3500.0;24.93;93.0;15.0;990.0;13.92;31.0;5.63;41.0;880.15;1.0;0;1.0;0;0
445358;72.0;3600.0;23.05;93.0;15.0;990.0;14.01;31.0;5.79;44.0;827.13;1.0;0;0;0;0
445794;72.0;3600.0;38.58;93.0;15.0;990.0;14.01;31.0;9.29;24.0;859.40;1.0;0;0;0;0
446187;77.0;3850.0;43.75;93.0;15.0;990.0;13.92;31.0;9.33;20.0;841.24;1.0;0;1.0;0;0
446575;80.0;3950.0;35.28;93.0;15.0;990.0;13.92;31.0;7.67;29.5;880.53;1.0;0;1.0;0;0
446885;82.0;4000.0;16.93;93.0;15.0;990.0;14.01;31.0;5.27;45.0;872.29;1.0;0;0;0;0
447273;80.0;3350.0;6.11;93.0;15.75;990.0;13.92;31.0;3.48;41.5;847.27;1.0;0;0;0;0
447597;80.0;3250.0;21.17;93.0;15.75;990.0;13.92;31.0;5.62;44.0;749.62;1.0;0;0;0;0
447931;80.0;3300.0;25.40;93.0;15.75;990.0;14.01;31.0;6.00;39.0;896.63;1.0;0;1.0;0;0
448315;82.0;3250.0;26.81;93.0;15.0;990.0;14.01;31.0;6.30;34.5;892.13;1.0;0;1.0;0;0
448627;80.0;3250.0;19.76;93.0;15.0;985.0;14.01;31.0;5.31;44.5;906.70;1.0;0;0;0;0
448999;80.0;3300.0;17.40;93.0;15.0;985.0;14.01;31.0;5.18;45.0;880.61;1.0;0;0;0;0
449395;80.0;3250.0;13.64;93.0;15.0;985.0;14.01;31.0;4.76;45.0;858.33;1.0;0;0;0;0
449696;78.0;3200.0;13.64;93.0;15.0;990.0;14.01;31.0;4.83;44.5;857.88;1.0;0;0;0;0
450092;78.0;3150.0;13.64;93.0;15.0;985.0;14.01;31.0;4.84;44.0;867.79;1.0;0;0;0;0
450465;77.0;3200.0;13.64;93.0;15.0;985.0;13.92;31.0;4.81;44.0;878.55;1.0;0;0;0;0
450846;77.0;3100.0;13.64;92.25;15.0;990.0;14.01;31.0;4.89;43.5;888.77;1.0;0;0;0;0
451218;77.0;3150.0;14.11;92.25;15.0;990.0;14.01;31.0;4.89;43.5;898.54;1.0;0;0;0;0
451557;77.0;3200.0;24.46;92.25;15.0;985.0;14.01;31.0;6.13;39.0;936.15;1.0;0;0;0;0
451917;75.0;3150.0;23.99;92.25;15.0;990.0;14.01;31.0;6.13;36.5;935.16;1.0;0;0;0;0
452381;77.0;3150.0;22.11;92.25;15.0;990.0;14.01;31.0;5.83;42.0;927.68;1.0;0;0;0;0
452751;75.0;3050.0;21.17;92.25;15.0;990.0;14.01;31.0;5.59;43.0;920.13;1.0;0;0;0;0
453121;75.0;3100.0;20.70;92.25;15.0;990.0;14.01;31.0;5.52;43.0;912.65;1.0;0;0;0;0
453500;75.0;3150.0;20.70;92.25;15.0;985.0;13.92;31.0;5.48;43.5;911.36;1.0;0;0;0;0
453812;77.0;3100.0;20.23;92.25;15.0;985.0;14.01;31.0;5.41;43.5;908.84;1.0;0;0;0;0
454183;75.0;3100.0;18.82;92.25;15.0;990.0;14.01;31.0;5.36;43.5;900.22;1.0;0;0;0;0
454580;77.0;3150.0;18.82;92.25;15.0;990.0;14.01;31.0;5.37;43.5;900.29;1.0;0;0;0;0
454881;75.0;3100.0;18.82;92.25;15.0;985.0;14.01;31.0;5.34;43.5;902.43;1.0;0;0;0;0
455277;75.0;3100.0;18.82;92.25;15.0;985.0;14.01;31.0;5.34;43.5;896.78;1.0;0;0;0;0
455590;75.0;3200.0;23.99;92.25;15.0;985.0;14.01;31.0;6.06;39.0;912.80;1.0;0;0;0;0
455971;77.0;3100.0;27.75;92.25;15.0;990.0;14.01;31.0;6.58;32.5;920.13;1.0;0;1.0;0;0
456340;78.0;3150.0;26.34;92.25;15.0;985.0;14.01;31.0;6.09;33.5;912.65;1.0;0;0;0;0
456654;77.0;3250.0;21.64;92.25;15.0;985.0;13.92;31.0;5.65;41.5;922.95;1.0;0;0;0;0
457024;77.0;3200.0;15.05;92.25;15.0;985.0;14.01;31.0;4.93;44.0;884.65;1.0;0;0;0;0
457407;77.0;3200.0;12.70;92.25;15.0;985.0;14.01;31.0;4.69;44.0;834.91;1.0;0;0;0;0
457720;77.0;3150.0;8.46;92.25;15.0;985.0;14.01;31.0;4.16;43.5;869.85;1.0;0;0;0;0
458090;77.0;3150.0;5.64;92.25;15.0;985.0;14.01;31.0;3.81;42.0;908.84;1.0;0;0;0;0
458427;77.0;3100.0;3.29;92.25;15.0;985.0;14.01;31.0;3.35;38.5;948.89;1.0;0;0;0;0
458806;75.0;3150.0;0;92.25;15.0;985.0;14.01;29.0;2.10;30.0;863.22;1.0;0;0;0;0
459117;74.0;3050.0;0;92.25;15.0;985.0;14.01;29.0;2.13;28.5;912.50;1.0;0;0;0;0
459487;72.0;3000.0;0;92.25;15.0;985.0;14.01;28.0;2.12;27.5;929.13;1.0;0;0;0;0
459874;72.0;2950.0;0;91.5;15.0;985.0;14.01;28.0;2.15;26.5;920.51;1.0;0;0;0;0
460187;69.0;2850.0;0;91.5;15.0;985.0;14.01;28.0;2.27;26.0;913.42;1.0;0;0;0;0
460558;69.0;2850.0;0;91.5;15.0;985.0;14.01;28.0;2.23;25.0;911.66;1.0;0;0;0;0
460930;68.0;2800.0;0;91.5;15.0;985.0;14.11;28.0;2.24;24.0;909.07;1.0;0;0;0;0
461250;66.0;2750.0;0;91.5;15.0;985.0;14.11;28.0;2.32;23.5;908.69;1.0;0;0;0;0
461646;66.0;2700.0;0;91.5;15.0;985.0;14.01;28.0;2.32;23.5;906.24;1.0;0;0;0;0
461993;65.0;2700.0;0;91.5;15.0;985.0;13.92;28.0;2.35;22.5;898.84;1.0;0;0;0;0
462367;63.0;2650.0;0;91.5;15.0;985.0;14.01;28.0;2.35;21.5;907.31;1.0;0;0;0;0
462737;62.0;2600.0;0;91.5;15.0;985.0;14.01;28.0;2.39;21.0;898.23;1.0;0;0;0;0
463134;63.0;2550.0;0;91.5;15.0;985.0;14.20;28.0;2.41;20.0;898.31;1.0;0;0;0;0
463538;60.0;2450.0;0;91.5;15.0;985.0;14.11;28.0;2.51;19.0;900.98;1.0;0;0;0;0
463935;57.0;2350.0;0;91.5;15.0;985.0;14.20;28.0;2.54;16.5;854.29;1.0;0;0;0;0
464249;56.0;2260.0;0;91.5;15.0;985.0;14.20;28.0;2.62;16.0;891.44;1.0;0;1.0;0;0
464679;53.0;2210.0;0;91.5;15.0;985.0;14.11;28.0;2.67;15.0;886.48;1.0;0;0;0;0
465064;50.0;2090.0;0;91.5;15.0;985.0;14.01;28.0;2.71;15.0;854.21;1.0;0;1.0;0;0
465455;50.0;2400.0;0.47;91.5;15.0;985.0;14.29;31.0;3.74;21.0;859.48;1.0;0;0;0;0
465860;48.0;2270.0;0;91.5;15.0;985.0;14.11;29.0;2.65;16.0;925.77;1.0;0;0;0;0
466249;47.0;2300.0;0;90.75;15.0;985.0;14.20;28.0;2.60;16.5;906.78;1.0;0;0;0;0
466620;48.0;2450.0;0;90.75;15.0;985.0;14.01;31.0;2.59;17.5;920.20;1.0;0;0;0;0
466993;45.0;2800.0;2.82;90.75;15.0;985.0;14.01;31.0;3.49;31.5;931.34;1.0;0;0;0;0
467364;45.0;2850.0;7.52;90.75;15.0;985.0;14.01;31.0;4.41;38.5;873.21;1.0;0;0;0;0
467741;47.0;2900.0;15.05;90.75;15.0;985.0;14.01;31.0;5.14;41.0;589.03;1.0;0;0;0;0
468111;47.0;2900.0;24.93;90.75;15.0;985.0;14.01;31.0;6.40;36.0;923.64;1.0;0;1.0;0;0
468432;50.0;3150.0;31.99;90.75;15.0;985.0;13.92;31.0;7.34;23.5;914.10;1.0;0;1.0;0;0
468860;53.0;3300.0;31.99;90.75;15.0;985.0;14.01;31.0;7.23;24.0;901.13;1.0;0;1.0;0;0
469229;56.0;3450.0;31.52;90.75;15.0;985.0;14.01;31.0;6.83;30.0;880.61;1.0;0;1.0;0;0
469547;57.0;3600.0;27.75;90.75;15.0;985.0;14.01;31.0;5.95;37.0;884.35;1.0;0;1.0;0;0
469917;59.0;3650.0;33.40;90.75;15.0;985.0;14.01;31.0;6.82;30.5;661.05;1.0;0;1.0;0;0
470351;62.0;3900.0;41.40;90.75;15.0;985.0;13.92;31.0;8.56;23.0;191.86;1.0;0;1.0;0;0
470667;65.0;4050.0;39.05;90.75;15.0;985.0;14.01;31.0;7.95;28.0;707.58;1.0;0;1.0;0;0
471038;68.0;4250.0;36.69;90.75;15.0;985.0;13.92;31.0;7.29;31.0;781.74;1.0;0;1.0;0;0
471420;71.0;4350.0;36.22;90.75;15.0;985.0;14.01;31.0;7.12;33.0;658.15;1.0;0;0;0;0
471732;69.0;3550.0;6.11;90.75;15.0;985.0;13.92;31.0;3.54;44.5;821.94;1.0;0;0;0;0
472102;69.0;3400.0;15.99;90.75;15.0;985.0;14.01;31.0;4.98;46.5;351.69;1.0;0;0;0;0
472472;71.0;3500.0;23.52;90.75;15.0;985.0;14.01;31.0;5.75;43.5;857.42;1.0;0;1.0;0;0
472800;72.0;3550.0;25.87;90.75;15.0;985.0;13.92;31.0;5.84;40.0;888.77;1.0;0;1.0;0;0
473171;72.0;3500.0;24.93;90.75;15.0;985.0;13.92;31.0;5.50;41.5;870.16;1.0;0;1.0;0;0
473541;72.0;3600.0;23.52;90.75;15.0;985.0;13.92;31.0;5.11;43.0;804.09;1.0;0;1.0;0;0
473924;72.0;3650.0;23.52;90.75;15.0;985.0;13.92;31.0;5.11;43.5;236.04;1.0;0;1.0;0;0
474262;74.0;3650.0;23.52;90.75;15.0;985.0;14.01;31.0;5.04;43.5;128.47;1.0;0;1.0;0;0
474610;75.0;3700.0;23.52;90.0;15.0;985.0;14.01;31.0;5.16;44.0;192.78;1.0;0;1.0;0;0
474981;75.0;3750.0;22.58;90.0;15.0;985.0;13.92;31.0;5.15;45.0;422.41;1.0;0;0;0;0
475362;77.0;3750.0;22.58;90.0;15.0;985.0;14.01;31.0;5.47;45.0;760.53;1.0;0;1.0;0;0
475732;77.0;3800.0;23.05;90.0;15.0;985.0;13.92;31.0;5.42;44.5;847.27;1.0;0;1.0;0;0
476102;77.0;3800.0;23.05;90.0;15.0;985.0;14.01;31.0;5.31;44.5;841.93;1.0;0;1.0;0;0
476481;78.0;3800.0;23.05;90.0;15.0;985.0;14.01;31.0;5.10;45.0;791.73;1.0;0;1.0;0;0
476864;78.0;3850.0;22.58;90.0;15.0;985.0;13.92;31.0;5.04;45.0;508.39;1.0;0;1.0;0;0
477245;78.0;3900.0;22.58;90.0;15.0;985.0;14.01;31.0;4.94;45.0;392.35;1.0;0;1.0;0;0
477626;78.0;3900.0;22.58;90.0;15.0;985.0;14.01;31.0;5.01;45.5;655.10;1.0;0;1.0;0;0
477979;80.0;3950.0;22.58;90.0;15.0;985.0;14.01;31.0;5.01;45.5;266.93;1.0;0;1.0;0;0
478316;80.0;4000.0;0;90.0;15.0;985.0;14.01;31.0;2.05;43.0;607.19;1.0;0;0;0;0
478687;78.0;3200.0;7.52;90.0;15.0;985.0;14.01;31.0;3.92;42.0;861.16;1.0;0;0;0;0
479061;78.0;3250.0;21.17;90.0;15.0;985.0;13.92;31.0;5.55;44.0;737.19;1.0;0;0;0;0
479374;80.0;3250.0;27.75;90.0;15.0;985.0;13.92;31.0;6.36;33.5;894.80;1.0;0;1.0;0;0
479744;80.0;3350.0;37.64;90.0;15.0;985.0;13.92;31.0;8.87;21.0;875.58;1.0;0;0;0;0
480172;83.0;3450.0;42.34;90.0;15.0;985.0;14.01;31.0;9.21;15.0;852.38;1.0;0;1.0;0;0
480539;85.0;3450.0;24.46;90.0;15.0;985.0;13.92;31.0;5.76;39.0;906.17;1.0;0;0;0;0
480909;85.0;3500.0;22.58;90.0;15.0;985.0;13.92;31.0;5.68;44.0;898.77;1.0;0;0;0;0
481295;85.0;3500.0;18.34;90.0;15.0;985.0;14.01;31.0;5.10;47.0;844.68;1.0;0;0;0;0
481606;85.0;3500.0;15.52;90.0;15.0;985.0;14.01;31.0;4.8;47.0;340.17;1.0;0;0;0;0
481975;85.0;3450.0;15.05;90.0;15.0;985.0;13.92;31.0;4.8;46.5;383.81;1.0;0;0;0;0
482347;83.0;3450.0;14.11;90.0;15.0;985.0;14.01;31.0;4.70;46.5;814.85;1.0;0;0;0;0
482717;83.0;3400.0;14.11;90.0;15.0;985.0;14.01;31.0;4.71;46.5;862.38;1.0;0;0;0;0
483042;82.0;3350.0;12.70;90.0;15.0;985.0;14.01;31.0;4.57;46.0;873.44;1.0;0;0;0;0
483420;83.0;3350.0;10.35;90.0;15.0;985.0;13.92;31.0;4.22;46.0;842.31;1.0;0;0;0;0
483787;83.0;3350.0;9.88;90.0;15.0;985.0;14.01;31.0;4.16;46.0;890.38;1.0;0;0;0;0
484169;82.0;3400.0;9.88;90.0;15.0;985.0;14.01;31.0;4.07;45.5;889.08;1.0;0;0;0;0
484560;80.0;3300.0;9.41;90.0;15.0;985.0;14.01;31.0;4.17;45.5;895.03;1.0;0;0;0;0
484924;82.0;3300.0;9.41;90.0;15.0;985.0;14.01;31.0;4.17;45.5;900.22;1.0;0;0;0;0
485310;78.0;2950.0;0;90.0;15.0;985.0;14.01;29.0;2.23;27.5;879.31;1.0;0;0;0;0
485688;78.0;3200.0;6.11;90.0;15.0;985.0;14.01;31.0;3.81;41.0;916.77;1.0;0;0;0;0
486094;77.0;3200.0;11.76;90.0;15.0;985.0;13.92;31.0;4.52;44.0;858.49;1.0;0;0;0;0
486464;77.0;3150.0;12.23;89.25;15.0;985.0;14.01;31.0;4.64;44.0;855.21;1.0;0;0;0;0
486918;77.0;3150.0;12.23;89.25;15.0;985.0;14.01;31.0;4.64;44.0;872.22;1.0;0;0;0;0
487256;75.0;3150.0;12.23;89.25;15.0;985.0;14.01;31.0;4.64;44.0;877.25;1.0;0;0;0;0
487613;77.0;3100.0;13.17;89.25;15.0;985.0;14.01;31.0;4.78;43.5;887.86;1.0;0;0;0;0
487961;77.0;3150.0;14.11;89.25;15.0;985.0;14.01;31.0;4.88;43.5;906.09;1.0;0;0;0;0
488306;77.0;3150.0;20.23;89.25;15.0;985.0;14.01;31.0;5.48;43.5;906.17;1.0;0;0;0;0
488618;77.0;3150.0;23.52;89.25;15.0;985.0;14.01;31.0;5.99;39.5;944.08;1.0;0;0;0;0
488967;75.0;3100.0;26.81;89.25;15.0;985.0;14.01;31.0;6.30;33.5;940.35;1.0;0;1.0;0;0
489314;75.0;3100.0;34.34;89.25;15.0;985.0;14.01;31.0;7.75;20.0;909.30;1.0;0;1.0;0;0
489688;78.0;3250.0;33.87;89.25;15.0;985.0;14.01;31.0;7.45;21.5;893.12;1.0;0;1.0;0;0
490090;80.0;3200.0;32.46;89.25;15.0;985.0;14.01;31.0;6.99;25.0;878.40;1.0;0;1.0;0;0
490404;78.0;3250.0;31.52;89.25;15.0;985.0;14.01;31.0;6.54;28.0;810.50;1.0;0;1.0;0;0
490813;80.0;3300.0;29.17;89.25;15.0;985.0;14.01;31.0;6.00;32.5;808.97;1.0;0;1.0;0;0
491127;80.0;3200.0;28.70;89.25;15.0;985.0;14.01;31.0;5.69;33.0;639.92;1.0;0;1.0;0;0
491498;80.0;3300.0;26.81;89.25;15.0;985.0;13.92;31.0;5.46;34.5;389.23;1.0;0;1.0;0;0
491843;80.0;3200.0;30.11;89.25;15.0;985.0;14.01;31.0;6.16;32.5;269.45;1.0;0;1.0;0;0
492191;78.0;3200.0;29.17;89.25;15.0;985.0;14.11;31.0;6.16;32.5;103.67;1.0;0;1.0;0;0
492563;80.0;3300.0;23.99;89.25;15.0;985.0;14.01;31.0;6.09;39.0;806.84;1.0;0;0;0;0
492933;78.0;3150.0;14.11;89.25;15.0;985.0;14.01;31.0;4.83;44.0;834.30;1.0;0;0;0;0
493310;77.0;3150.0;5.64;89.25;15.0;985.0;14.01;31.0;3.81;41.0;831.56;1.0;0;0;0;0
493680;75.0;3000.0;0;89.25;15.0;985.0;14.11;31.0;2.19;27.5;916.39;1.0;0;0;0;0
494050;74.0;3000.0;0;89.25;15.0;985.0;14.01;31.0;2.26;27.5;929.21;1.0;0;0;0;0
494435;72.0;2950.0;0;89.25;15.0;985.0;14.11;30.0;2.23;26.5;921.81;1.0;0;0;0;0
494748;71.0;2900.0;0;89.25;15.0;985.0;13.92;29.0;2.23;26.0;909.52;1.0;0;0;0;0
495118;69.0;2850.0;0;89.25;15.0;985.0;14.01;29.0;2.24;25.0;902.12;1.0;0;0;0;0
495487;68.0;2750.0;0;88.5;15.0;985.0;14.01;28.0;2.32;24.0;901.74;1.0;0;0;0;0
495870;66.0;2750.0;0;88.5;15.0;985.0;14.01;28.0;2.29;23.5;900.67;1.0;0;0;0;0
496240;65.0;2700.0;0;88.5;15.0;985.0;14.01;28.0;2.32;22.5;897.93;1.0;0;0;0;0
496610;63.0;2650.0;0;88.5;15.0;985.0;14.01;28.0;2.35;21.5;891.06;1.0;0;0;0;0
496996;62.0;2550.0;1.41;88.5;15.0;985.0;14.11;31.0;3.44;24.0;900.83;1.0;0;0;0;0
497366;62.0;2450.0;1.88;88.5;15.0;985.0;14.01;31.0;3.59;22.5;931.11;1.0;0;0;0;0
497770;60.0;2500.0;0;88.5;15.0;985.0;14.20;29.0;2.45;19.0;936.99;1.0;0;0;0;0
498136;60.0;2450.0;0;88.5;15.0;985.0;14.11;28.0;2.50;19.0;901.13;1.0;0;0;0;0
498466;59.0;2450.0;6.11;88.5;15.0;985.0;14.01;31.0;4.69;24.0;904.34;1.0;0;0;0;0
498836;57.0;2500.0;7.05;88.5;15.0;985.0;14.20;31.0;4.74;25.0;869.01;1.0;0;0;0;0
499211;59.0;2400.0;7.05;88.5;15.0;985.0;14.20;31.0;4.87;24.0;865.43;1.0;0;0;0;0
499578;60.0;2450.0;7.52;88.5;15.0;985.0;14.01;31.0;4.85;24.0;872.83;1.0;0;0;0;0
499948;59.0;2300.0;0;88.5;15.0;985.0;14.01;31.0;2.68;17.5;865.43;1.0;0;0;0;0
500319;59.0;2450.0;0;88.5;15.0;985.0;14.11;31.0;2.59;18.5;934.17;1.0;0;0;0;0
500697;57.0;2400.0;0;88.5;15.0;985.0;14.01;30.0;2.56;17.5;927.91;1.0;0;0;0;0
501029;59.0;2350.0;0;88.5;15.0;985.0;14.20;29.0;2.54;17.5;916.77;1.0;0;0;0;0
501364;57.0;2400.0;0;88.5;15.0;985.0;14.01;29.0;2.53;17.5;910.59;1.0;0;0;0;0
501731;56.0;2350.0;0;88.5;15.0;985.0;14.11;28.0;2.54;16.5;906.02;1.0;0;0;0;0
502059;54.0;2270.0;0;88.5;15.0;985.0;14.01;28.0;2.67;15.0;905.18;1.0;0;1.0;0;0
502477;53.0;2120.0;0;88.5;15.0;985.0;14.20;28.0;2.71;15.0;898.39;1.0;0;0;0;0
502833;51.0;2060.0;0;88.5;15.0;985.0;14.20;28.0;2.66;15.0;878.86;1.0;0;1.0;0;0
503227;48.0;1990.0;0;88.5;15.0;985.0;14.29;28.0;2.68;15.0;863.52;1.0;0;1.0;0;0
503577;45.0;1840.0;0;88.5;15.0;985.0;14.11;28.0;2.75;15.0;719.10;1.0;0;1.0;0;0
503946;44.0;1800.0;0;88.5;15.0;985.0;14.20;28.0;2.73;15.0;383.12;1.0;0;1.0;0;0
504317;41.0;1700.0;0;88.5;15.0;985.0;14.29;28.0;2.82;15.0;122.90;1.0;0;1.0;0;0
504644;41.0;1590.0;0;88.5;15.0;985.0;14.11;28.0;2.97;15.0;59.96;1.0;0;1.0;0;0
505014;39.0;1850.0;0;88.5;15.0;980.0;14.20;28.0;2.77;15.0;54.47;1.0;0;1.0;0;0
505384;39.0;1810.0;0;88.5;15.0;985.0;14.29;28.0;2.79;15.0;781.05;1.0;0;1.0;0;0
505754;34.0;1760.0;0;88.5;15.0;985.0;14.29;28.0;2.87;15.0;178.67;1.0;0;1.0;0;0
506139;33.0;1630.0;0;88.5;15.0;985.0;14.20;28.0;2.98;15.0;74.68;1.0;0;1.0;0;0
506534;30.0;1840.0;0;88.5;15.0;985.0;14.29;28.0;2.88;15.0;66.37;1.0;0;1.0;0;0
506847;30.0;1830.0;0;88.5;15.0;985.0;14.29;28.0;2.86;15.0;725.44;1.0;0;1.0;0;0
507210;28.0;1710.0;0;88.5;15.0;985.0;14.29;28.0;2.90;15.0;815.92;1.0;0;1.0;0;0
507580;27.0;1670.0;0;88.5;15.0;985.0;14.29;28.0;2.98;15.0;94.14;1.0;0;1.0;0;0
507918;25.0;1520.0;0;88.5;15.0;985.0;14.11;28.0;3.11;15.0;80.48;1.0;0;1.0;0;0
508254;24.0;1600.0;0;88.5;15.0;985.0;14.20;28.0;3.06;15.0;67.59;1.0;0;1.0;0;0
508576;21.0;1640.0;0;88.5;15.0;985.0;14.29;28.0;3.10;15.0;560.12;1.0;0;1.0;0;0
508947;19.0;1670.0;0;88.5;15.0;985.0;14.29;28.0;3.02;15.0;828.89;1.0;0;1.0;0;0
509351;18.0;1670.0;0;88.5;15.0;985.0;14.29;28.0;2.98;15.0;836.36;1.0;0;1.0;0;0
509729;16.0;1620.0;0;88.5;15.0;980.0;14.20;28.0;2.96;15.0;775.33;1.0;0;1.0;0;0
510043;13.0;1600.0;0;88.5;15.0;985.0;14.29;28.0;3.01;15.0;118.40;1.0;0;1.0;0;0
510440;13.0;1640.0;0;88.5;15.0;985.0;14.20;28.0;3.05;15.0;83.30;1.0;0;1.0;0;0
510790;12.0;1630.0;0;88.5;15.0;985.0;14.29;28.0;3.04;15.0;801.73;1.0;0;1.0;0;0
511168;12.0;1700.0;0;88.5;15.0;985.0;14.29;28.0;2.93;15.0;828.20;1.0;0;1.0;0;0
511480;10.0;1650.0;0;88.5;15.0;985.0;14.29;28.0;2.95;15.0;308.59;1.0;0;1.0;0;0
511850;10.0;1600.0;0;88.5;15.0;985.0;14.29;28.0;3.01;15.0;585.06;1.0;0;1.0;0;0
512230;9.0;1600.0;0;88.5;15.0;985.0;14.20;28.0;2.96;15.0;201.48;1.0;0;1.0;0;0
512603;7.0;1540.0;0;88.5;15.0;980.0;14.29;28.0;3.05;15.0;75.52;1.0;0;1.0;0;0
512973;7.0;1580.0;4.23;88.5;15.0;985.0;14.11;31.0;4.55;16.0;397.69;1.0;0;1.0;0;0
513342;6.0;2060.0;0;88.5;15.0;985.0;14.20;31.0;2.78;15.0;901.51;1.0;0;1.0;0;0
513728;4.0;2090.0;0;88.5;15.0;985.0;14.20;31.0;2.77;15.0;920.20;1.0;0;1.0;0;0
514098;6.0;1870.0;0;88.5;15.0;985.0;14.29;31.0;2.83;15.0;886.64;1.0;0;1.0;0;0
514520;4.0;1820.0;10.35;88.5;15.0;985.0;14.11;31.0;5.06;16.0;568.74;1.0;0;1.0;0;0
514875;6.0;2450.0;20.70;88.5;15.0;980.0;14.11;31.0;5.74;25.0;829.88;1.0;0;1.0;0;0
515251;9.0;2750.0;21.17;88.5;15.0;980.0;13.92;31.0;5.99;35.5;911.97;1.0;0;0;0;0
515577;13.0;2700.0;32.93;88.5;15.0;985.0;14.01;31.0;8.24;11.0;918.53;1.0;0;1.0;0;0
515970;19.0;3500.0;36.22;88.5;15.0;980.0;13.92;31.0;8.25;21.0;898.69;1.0;0;1.0;0;0
516362;27.0;4000.0;35.28;88.5;15.0;985.0;14.11;31.0;7.61;30.0;883.36;1.0;0;1.0;0;0
516724;31.0;4100.0;32.93;88.5;15.0;985.0;13.92;31.0;8.09;36.0;900.45;1.0;0;0;0;0
517112;31.0;3850.0;14.11;88.5;15.0;985.0;13.92;31.0;4.32;48.0;838.19;1.0;0;0;0;0
517440;33.0;3450.0;32.93;88.5;15.0;985.0;13.92;31.0;8.06;34.5;871.61;1.0;0;0;0;0
517811;36.0;4150.0;47.05;88.5;15.0;985.0;13.92;31.0;10.32;22.0;869.85;1.0;0;1.0;0;0
518212;44.0;4350.0;45.63;88.5;15.0;980.0;13.92;31.0;9.27;28.0;856.50;1.0;0;1.0;0;0
518584;47.0;3850.0;0;88.5;15.0;985.0;14.20;31.0;1.98;41.5;873.36;1.0;0;0;0;0
518908;48.0;3050.0;20.70;88.5;15.0;985.0;13.92;31.0;5.55;42.5;890.91;1.0;0;0;0;0
519278;51.0;3200.0;22.58;88.5;15.0;980.0;14.01;31.0;5.79;43.0;918.98;1.0;0;0;0;0
519648;56.0;3550.0;31.52;88.5;15.0;985.0;13.92;31.0;7.06;34.0;894.80;1.0;0;1.0;0;0
520035;60.0;3750.0;31.99;88.5;15.0;985.0;14.01;31.0;7.16;31.5;869.78;1.0;0;1.0;0;0
520348;62.0;3800.0;20.23;88.5;15.0;980.0;13.92;31.0;4.82;47.0;896.78;1.0;0;0;0;0
520718;63.0;3900.0;21.64;88.5;15.0;985.0;13.92;31.0;5.45;47.0;865.96;1.0;0;0;0;0
521098;65.0;4050.0;39.05;88.5;15.0;985.0;14.11;31.0;9.12;31.0;891.37;1.0;0;1.0;0;0
521468;69.0;4300.0;46.57;88.5;15.0;985.0;14.01;31.0;9.60;24.5;840.86;1.0;0;1.0;0;0
521784;71.0;4000.0;0;88.5;15.0;980.0;13.92;29.0;1.91;43.0;884.35;1.0;0;0;0;0
522154;72.0;3500.0;8.93;88.5;15.0;985.0;13.92;31.0;3.93;46.0;793.87;1.0;0;0;0;0
522535;69.0;3450.0;0;88.5;15.0;980.0;14.01;31.0;2.08;33.0;896.40;1.0;0;0;0;0
522906;69.0;3350.0;0;88.5;15.0;980.0;14.11;31.0;2.08;33.0;932.72;1.0;0;0;0;0
523275;68.0;3300.0;0;89.25;15.0;980.0;14.01;30.0;2.09;32.0;924.32;1.0;0;0;0;0
523645;66.0;3250.0;0;89.25;15.0;980.0;14.01;29.0;2.06;30.5;900.83;1.0;0;0;0;0
524011;66.0;3200.0;0;89.25;15.0;980.0;14.11;29.0;2.08;30.5;883.74;1.0;0;0;0;0
524382;65.0;3150.0;0;89.25;15.0;980.0;14.01;28.0;2.11;30.0;905.94;1.0;0;0;0;0
524753;63.0;3100.0;0;89.25;15.0;985.0;13.92;28.0;2.09;29.0;880.84;1.0;0;0;0;0
525184;62.0;3050.0;0;89.25;15.0;980.0;14.11;28.0;2.12;28.5;881.98;1.0;0;0;0;0
525497;60.0;3000.0;0;89.25;15.0;980.0;14.01;28.0;2.11;27.5;901.67;1.0;0;0;0;0
525867;60.0;2950.0;7.52;89.25;15.0;980.0;14.01;31.0;4.21;42.0;724.37;1.0;0;0;0;0
526238;62.0;3000.0;7.52;89.25;15.0;980.0;14.20;31.0;4.16;40.5;840.33;1.0;0;0;0;0
526620;62.0;3000.0;6.11;89.25;15.0;980.0;14.01;31.0;3.97;40.5;887.48;1.0;0;0;0;0
526934;62.0;2950.0;2.82;89.25;15.0;980.0;14.01;31.0;3.28;35.5;946.45;1.0;0;0;0;0
527311;62.0;3050.0;1.41;89.25;15.0;980.0;14.01;31.0;2.97;37.0;952.02;1.0;0;0;0;0
527686;60.0;3000.0;0.94;89.25;15.0;985.0;14.01;29.0;2.74;35.5;911.97;1.0;0;0;0;0
528056;60.0;2950.0;0.47;89.25;15.0;980.0;14.01;29.0;2.22;26.5;923.41;1.0;0;0;0;0
528457;59.0;2950.0;0;89.25;15.0;980.0;14.01;29.0;2.23;26.5;935.16;1.0;0;0;0;0
528814;59.0;2900.0;0;89.25;15.0;980.0;14.01;29.0;2.26;26.0;925.09;1.0;0;0;0;0
529204;57.0;2900.0;0;89.25;15.0;980.0;14.01;28.0;2.20;25.0;916.24;1.0;0;0;0;0
529566;57.0;2850.0;0;89.25;15.0;980.0;14.11;28.0;2.20;25.0;917.46;1.0;0;0;0;0
529959;57.0;2850.0;0;89.25;15.0;985.0;14.01;28.0;2.24;25.0;917.00;1.0;0;0;0;0
530322;59.0;2850.0;0;89.25;15.0;980.0;14.11;28.0;2.21;25.0;914.48;1.0;0;0;0;0
530707;57.0;2850.0;0;89.25;15.0;980.0;14.01;28.0;2.22;25.0;911.05;1.0;0;0;0;0
531021;56.0;2900.0;7.99;89.25;15.0;980.0;14.11;31.0;4.48;39.0;919.44;1.0;0;0;0;0
531369;57.0;2900.0;8.93;89.25;15.0;980.0;14.01;31.0;4.45;39.5;389.91;1.0;0;0;0;0
531674;60.0;2900.0;8.93;89.25;15.0;980.0;14.20;31.0;4.41;40.5;820.80;1.0;0;0;0;0
532046;60.0;3000.0;8.46;89.25;15.0;985.0;14.01;31.0;4.36;41.0;872.37;1.0;0;0;0;0
532423;62.0;3050.0;13.17;89.25;15.0;985.0;13.92;31.0;4.79;43.0;861.23;1.0;0;0;0;0
532742;63.0;3100.0;12.23;89.25;15.0;980.0;14.01;31.0;4.67;43.5;831.63;1.0;0;0;0;0
533114;65.0;3200.0;12.23;89.25;15.0;985.0;14.01;31.0;4.59;44.0;878.25;1.0;0;0;0;0
533559;65.0;3250.0;10.82;89.25;15.0;980.0;14.11;31.0;4.32;44.5;890.76;1.0;0;0;0;0
533873;66.0;3250.0;10.35;89.25;15.0;980.0;14.01;31.0;4.31;45.0;898.84;1.0;0;0;0;0
534244;68.0;3350.0;10.35;89.25;15.0;980.0;14.01;31.0;4.23;45.5;895.49;1.0;0;0;0;0
534616;68.0;3400.0;10.35;89.25;14.25;980.0;14.01;31.0;4.12;46.5;902.58;1.0;0;0;0;0
535044;71.0;3450.0;20.70;89.25;14.25;980.0;14.01;31.0;5.35;46.0;917.69;1.0;0;0;0;0
535423;74.0;3550.0;20.23;89.25;14.25;980.0;14.01;31.0;5.21;46.5;922.80;1.0;0;0;0;0
535828;74.0;3650.0;16.93;89.25;14.25;980.0;14.01;31.0;4.81;47.5;905.40;1.0;0;0;0;0
536210;75.0;3750.0;33.87;89.25;14.25;980.0;13.92;31.0;8.05;34.0;930.73;1.0;0;1.0;0;0
536611;77.0;3300.0;11.29;89.25;14.25;980.0;14.01;31.0;4.39;45.0;830.34;1.0;0;0;0;0
536914;80.0;3300.0;12.70;89.25;14.25;980.0;14.01;31.0;4.55;45.0;864.21;1.0;0;0;0;0
537264;82.0;3400.0;8.46;89.25;14.25;980.0;14.01;31.0;3.89;45.0;894.50;1.0;0;0;0;0
537622;82.0;3200.0;2.82;89.25;14.25;980.0;14.01;31.0;3.21;38.5;915.25;1.0;0;0;0;0
537952;82.0;3400.0;0;89.25;14.25;980.0;14.01;29.0;2.03;33.5;854.82;1.0;0;0;0;0
538322;80.0;3350.0;0;89.25;14.25;980.0;14.01;29.0;2.05;33.0;899.68;1.0;0;0;0;0
538634;83.0;3350.0;0;89.25;14.25;980.0;13.92;28.0;2.05;33.0;887.40;1.0;0;0;0;0
539004;80.0;3300.0;0;89.25;14.25;980.0;14.11;28.0;2.02;32.0;875.42;1.0;0;0;0;0
539386;80.0;3250.0;0;89.25;14.25;980.0;14.01;28.0;2.08;32.0;888.54;1.0;0;0;0;0
539714;78.0;3200.0;0;89.25;14.25;980.0;14.01;28.0;2.06;31.5;901.90;1.0;0;0;0;0
540086;78.0;3150.0;0;89.25;14.25;980.0;13.92;28.0;2.11;30.5;835.22;1.0;0;0;0;0
540500;75.0;3100.0;0;89.25;14.25;980.0;14.20;28.0;2.11;29.0;900.67;1.0;0;0;0;0
540812;75.0;3100.0;0;89.25;14.25;985.0;14.01;28.0;2.12;29.0;804.93;1.0;0;0;0;0
541182;75.0;3100.0;0;89.25;14.25;980.0;14.01;28.0;2.11;29.0;867.18;1.0;0;0;0;0
541552;75.0;3100.0;2.82;89.25;14.25;980.0;14.01;31.0;2.62;37.0;850.78;1.0;0;0;0;0
541923;75.0;3200.0;10.35;89.25;14.25;980.0;14.01;31.0;4.33;44.0;709.49;1.0;0;0;0;0
542294;78.0;3250.0;10.35;89.25;14.25;980.0;14.01;31.0;4.28;44.5;139.15;1.0;0;0;0;0
542631;78.0;3250.0;21.17;88.5;14.25;980.0;14.01;31.0;5.55;44.0;758.85;1.0;0;0;0;0
543009;80.0;3300.0;22.11;88.5;14.25;980.0;14.01;31.0;5.68;43.5;921.04;1.0;0;0;0;0
543322;82.0;3350.0;22.11;88.5;14.25;980.0;13.92;31.0;5.61;44.0;919.82;1.0;0;0;0;0
543692;85.0;3500.0;21.64;88.5;14.25;980.0;14.01;31.0;5.51;44.5;912.65;1.0;0;0;0;0
544062;86.0;3500.0;9.88;88.5;14.25;985.0;14.01;31.0;4.09;47.0;865.12;1.0;0;0;0;0
544440;85.0;3450.0;0;88.5;14.25;985.0;14.01;29.0;2.04;34.5;843.53;1.0;0;0;0;0
544753;85.0;3450.0;0;88.5;14.25;980.0;14.01;28.0;2.03;34.5;835.52;1.0;0;0;0;0
545130;83.0;3450.0;0;88.5;14.25;985.0;14.01;28.0;2.01;34.5;913.03;1.0;0;0;0;0
545541;83.0;3450.0;0;88.5;14.25;980.0;13.92;28.0;2.00;34.5;879.85;1.0;0;0;0;0
545909;83.0;3400.0;0;88.5;14.25;985.0;14.01;28.0;2.04;33.5;828.89;1.0;0;0;0;0
546222;83.0;3400.0;0;88.5;14.25;985.0;13.92;28.0;2.03;33.5;866.04;1.0;0;0;0;0
546592;83.0;3400.0;0;88.5;14.25;980.0;14.01;28.0;2.02;33.5;874.13;1.0;0;0;0;0
547001;83.0;3400.0;0;88.5;14.25;985.0;13.92;28.0;2.04;33.5;833.31;1.0;0;0;0;0
547407;82.0;3400.0;0;88.5;14.25;980.0;14.01;28.0;2.03;33.5;834.99;1.0;0;0;0;0
547777;82.0;3350.0;0;88.5;14.25;980.0;14.01;28.0;2.05;33.0;619.70;1.0;0;0;0;0
548159;82.0;3350.0;0;88.5;14.25;985.0;14.01;28.0;2.06;33.0;805.77;1.0;0;0;0;0
548474;82.0;3350.0;0;88.5;14.25;980.0;14.01;28.0;2.02;33.0;787.92;1.0;0;0;0;0
548844;82.0;3350.0;0;88.5;14.25;985.0;14.01;28.0;2.03;33.0;866.57;1.0;0;0;0;0
549214;82.0;3350.0;0;87.75;14.25;985.0;13.92;28.0;2.03;33.0;851.16;1.0;0;0;0;0
549536;82.0;3300.0;0;87.75;14.25;980.0;14.01;28.0;2.03;33.0;845.67;1.0;0;0;0;0
549946;82.0;3300.0;0;87.75;14.25;985.0;14.01;28.0;2.06;32.0;836.36;1.0;0;0;0;0
550257;80.0;3300.0;0;87.75;14.25;980.0;14.01;28.0;2.03;32.0;853.76;1.0;0;0;0;0
550631;80.0;3250.0;0;87.75;14.25;985.0;14.01;28.0;2.07;31.5;826.60;1.0;0;0;0;0
551017;77.0;3200.0;0;87.75;14.25;985.0;14.01;28.0;2.09;30.5;840.56;1.0;0;0;0;0
551427;74.0;3050.0;0;87.75;14.25;985.0;14.11;28.0;2.12;28.5;842.77;1.0;0;0;0;0
551819;72.0;2950.0;0;87.75;14.25;985.0;14.20;28.0;2.13;26.5;906.70;1.0;0;0;0;0
552127;68.0;2800.0;0;87.75;14.25;985.0;13.92;28.0;2.25;25.0;881.14;1.0;0;0;0;0
552498;66.0;2700.0;0;87.75;14.25;985.0;14.01;28.0;2.32;23.5;908.15;1.0;0;0;0;0
552927;63.0;2600.0;0;87.75;14.25;985.0;14.01;28.0;2.39;21.0;908.53;1.0;0;0;0;0
553248;60.0;2500.0;0;87.75;14.25;985.0;14.11;28.0;2.44;19.0;907.46;1.0;0;0;0;0
553626;59.0;2450.0;0;87.75;14.25;985.0;14.20;28.0;2.45;18.5;891.90;1.0;0;0;0;0
553938;57.0;2350.0;0;87.75;14.25;985.0;14.11;28.0;2.54;16.5;904.41;1.0;0;0;0;0
554312;56.0;2280.0;0;87.0;14.25;985.0;14.20;29.0;2.62;15.0;858.87;1.0;0;0;0;0
554630;54.0;2200.0;0;87.0;14.25;985.0;14.11;29.0;2.70;15.0;848.42;1.0;0;1.0;0;0
555006;51.0;2100.0;0;87.0;14.25;985.0;14.11;29.0;2.68;15.0;758.39;1.0;0;1.0;0;0
555403;48.0;1990.0;0;87.0;14.25;985.0;14.20;29.0;2.74;15.0;531.13;1.0;0;1.0;0;0
555750;45.0;1900.0;0;87.0;14.25;985.0;14.29;29.0;2.81;15.0;158.53;1.0;0;1.0;0;0
556166;44.0;1770.0;0;87.0;14.25;985.0;14.29;29.0;2.94;15.0;62.86;1.0;0;1.0;0;0
556536;42.0;1730.0;0;87.0;14.25;985.0;14.20;29.0;3.03;15.0;56.60;1.0;0;1.0;0;0
556906;42.0;1680.0;0;87.0;14.25;985.0;14.29;29.0;3.08;15.0;74.23;1.0;0;1.0;0;0
557331;41.0;1620.0;0;87.0;14.25;985.0;14.29;29.0;3.15;15.0;63.32;1.0;0;1.0;0;0
557702;41.0;1730.0;0;87.0;14.25;985.0;14.20;29.0;3.10;15.0;64.31;1.0;0;1.0;0;0
558026;36.0;1680.0;0;87.0;14.25;985.0;13.73;29.0;3.25;15.0;174.32;1.0;0;1.0;0;0
558342;37.0;1630.0;0;87.0;14.25;985.0;13.73;29.0;3.30;15.0;771.13;1.0;0;1.0;0;0
558714;36.0;1710.0;0;87.0;14.25;985.0;13.63;29.0;3.15;15.0;835.22;1.0;0;1.0;0;0
559084;36.0;1620.0;0;87.0;14.25;985.0;13.82;29.0;3.23;15.0;828.43;1.0;0;1.0;0;0
559454;36.0;1650.0;0;87.0;14.25;985.0;14.39;29.0;3.11;15.0;784.41;1.0;0;1.0;0;0
559830;37.0;1630.0;0;87.0;14.25;985.0;14.20;29.0;3.16;15.0;213.91;1.0;0;1.0;0;0
560202;37.0;1630.0;0;87.0;14.25;985.0;14.29;29.0;3.2;15.0;126.10;1.0;0;1.0;0;0
560572;37.0;1720.0;0;87.0;14.25;985.0;14.11;29.0;3.05;15.0;821.41;1.0;0;1.0;0;0
560996;37.0;1690.0;0;87.0;14.25;985.0;14.29;29.0;3.06;15.0;834.00;1.0;0;1.0;0;0
561308;37.0;1660.0;0;87.0;14.25;985.0;14.29;29.0;3.06;15.0;237.03;1.0;0;1.0;0;0
561678;37.0;1720.0;0;87.0;14.25;985.0;14.20;29.0;3.05;15.0;271.28;1.0;0;1.0;0;0
562048;37.0;1680.0;0;87.0;14.25;985.0;14.29;29.0;3.05;15.0;832.47;1.0;0;1.0;0;0
562431;34.0;1480.0;0;86.25;14.25;985.0;14.29;29.0;3.19;15.0;396.55;1.0;0;1.0;0;0
562801;34.0;1560.0;0;86.25;14.25;985.0;14.20;29.0;3.17;15.0;59.50;1.0;0;1.0;0;0
563202;34.0;1610.0;0;86.25;14.25;985.0;14.29;29.0;3.16;15.0;78.96;1.0;0;1.0;0;0
563520;34.0;1720.0;0;86.25;14.25;985.0;14.29;29.0;3.04;15.0;785.78;1.0;0;1.0;0;0
563836;36.0;1630.0;0;86.25;14.25;985.0;14.29;29.0;3.11;15.0;830.56;1.0;0;1.0;0;0
564204;36.0;1670.0;0;86.25;14.25;985.0;14.29;29.0;3.03;15.0;802.64;1.0;0;1.0;0;0
564576;34.0;1620.0;0;86.25;14.25;985.0;13.63;29.0;3.16;15.0;241.68;1.0;0;1.0;0;0
564950;33.0;1580.0;0;86.25;14.25;985.0;13.63;29.0;3.23;15.0;74.53;1.0;0;1.0;0;0
565321;36.0;1620.0;0;86.25;14.25;985.0;13.82;29.0;3.2;15.0;96.27;1.0;0;1.0;0;0
565691;33.0;1710.0;0;86.25;14.25;985.0;13.73;29.0;3.12;15.0;681.80;1.0;0;1.0;0;0
566022;31.0;1720.0;0;86.25;14.25;985.0;13.82;29.0;3.07;15.0;869.55;1.0;0;1.0;0;0
566392;31.0;1690.0;0;86.25;14.25;985.0;14.20;29.0;3.06;15.0;850.63;1.0;0;1.0;0;0
566762;31.0;1660.0;0;86.25;14.25;985.0;14.29;29.0;3.01;15.0;837.20;1.0;0;1.0;0;0
567132;31.0;1620.0;0;86.25;14.25;985.0;14.29;29.0;3.04;15.0;535.86;1.0;0;0;0;0
567458;31.0;1840.0;2.82;86.25;14.25;985.0;14.11;32.0;4.70;17.5;801.12;1.0;0;0;0;0
567828;33.0;2220.0;6.58;87.0;14.25;985.0;14.01;32.0;5.01;18.5;912.65;1.0;0;0;0;0
568198;34.0;1950.0;6.58;86.25;14.25;985.0;14.20;32.0;5.25;17.5;919.06;1.0;0;0;0;0
568582;36.0;1660.0;11.29;87.0;14.25;985.0;14.29;32.0;5.96;14.5;925.93;1.0;0;0;0;0
568952;37.0;1670.0;15.99;87.0;14.25;985.0;14.29;32.0;6.51;3.5;939.89;1.0;0;0;0;0
569265;37.0;1700.0;17.40;87.0;14.25;985.0;14.29;32.0;6.64;3.5;936.30;1.0;0;0;0;0
569635;39.0;1740.0;9.41;87.0;14.25;985.0;14.29;32.0;6.14;2.5;937.45;1.0;0;1.0;0;0
570013;36.0;2070.0;0;87.0;14.25;985.0;14.20;32.0;2.89;15.0;955.37;1.0;0;1.0;0;0
570385;37.0;2300.0;12.23;87.0;14.25;985.0;14.11;32.0;5.46;19.5;941.87;1.0;0;0;0;0
570742;39.0;2400.0;15.52;87.0;14.25;985.0;14.01;32.0;5.79;23.0;909.30;1.0;0;0;0;0
571112;39.0;2450.0;13.64;87.0;14.25;985.0;14.01;32.0;5.50;23.5;924.55;1.0;0;0;0;0
571440;39.0;2500.0;11.29;87.0;14.25;985.0;14.01;32.0;5.23;25.0;905.86;1.0;0;0;0;0
571810;41.0;2550.0;10.82;87.0;14.25;985.0;14.11;32.0;5.09;28.0;901.67;1.0;0;0;0;0
572179;41.0;2600.0;10.82;87.0;14.25;985.0;14.01;32.0;5.03;30.5;900.67;1.0;0;0;0;0
572515;42.0;2650.0;7.99;87.0;14.25;985.0;14.01;32.0;4.83;30.0;919.06;1.0;0;0;0;0
572885;41.0;2400.0;2.35;87.0;14.25;985.0;14.01;32.0;3.80;22.5;937.37;1.0;0;0;0;0
573315;41.0;2550.0;2.35;87.0;14.25;985.0;14.20;32.0;3.67;24.5;954.69;1.0;0;0;0;0
573702;39.0;2350.0;0;87.0;14.25;985.0;14.20;32.0;2.66;17.5;963.46;1.0;0;1.0;0;0
574188;39.0;2350.0;0;87.0;14.25;985.0;14.20;32.0;2.65;16.5;954.38;1.0;0;0;0;0
574595;37.0;2450.0;7.99;87.0;14.25;985.0;14.01;32.0;4.98;27.5;917.31;1.0;0;0;0;0
574937;37.0;2350.0;6.11;87.0;14.25;985.0;14.01;32.0;4.82;22.5;923.18;1.0;0;0;0;0
575293;39.0;2400.0;3.29;87.0;14.25;985.0;14.11;32.0;4.19;22.5;961.33;1.0;0;0;0;0
575657;37.0;2400.0;2.82;87.0;14.25;985.0;14.01;32.0;3.96;22.5;960.79;1.0;0;0;0;0
575981;39.0;2230.0;0;87.0;14.25;985.0;14.11;32.0;2.79;15.0;963.61;1.0;0;1.0;0;0
576358;37.0;2350.0;0;87.0;14.25;985.0;14.11;32.0;2.68;16.5;947.29;1.0;0;1.0;0;0
576728;37.0;2300.0;0;87.0;14.25;985.0;14.11;31.0;2.67;16.5;934.78;1.0;0;1.0;0;0
577132;36.0;2230.0;0;87.0;14.25;985.0;14.11;30.0;2.71;15.0;925.09;1.0;0;1.0;0;0
577447;34.0;2110.0;0;87.0;14.25;985.0;14.20;29.0;2.71;15.0;915.02;1.0;0;1.0;0;0
577768;33.0;2020.0;0;87.0;14.25;985.0;14.29;29.0;2.75;15.0;903.34;1.0;0;1.0;0;0
578138;31.0;2010.0;0;87.0;14.25;985.0;14.11;29.0;2.68;15.0;879.24;1.0;0;1.0;0;0
578509;30.0;1920.0;0;87.0;14.25;985.0;14.11;29.0;2.72;15.0;852.99;1.0;0;1.0;0;0
578887;28.0;1750.0;0;87.0;14.25;985.0;14.20;29.0;2.80;15.0;552.33;1.0;0;1.0;0;0
579257;27.0;1730.0;0;87.0;14.25;985.0;14.29;29.0;2.85;15.0;202.70;1.0;0;1.0;0;0
579627;27.0;1650.0;0;87.0;14.25;985.0;14.29;29.0;2.92;15.0;91.01;1.0;0;1.0;0;0
579997;25.0;1730.0;0;87.0;14.25;985.0;14.20;29.0;2.90;15.0;68.35;1.0;0;1.0;0;0
580415;25.0;1580.0;0;87.0;14.25;985.0;14.20;29.0;3.05;15.0;61.03;1.0;0;1.0;0;0
580785;25.0;1600.0;0;87.0;14.25;985.0;14.29;29.0;3.06;15.0;59.58;1.0;0;1.0;0;0
581155;25.0;1660.0;0;87.0;14.25;985.0;14.29;29.0;3.05;15.0;68.12;1.0;0;1.0;0;0
581532;24.0;1720.0;0;87.0;14.25;985.0;14.29;29.0;3.00;15.0;748.55;1.0;0;1.0;0;0
581845;24.0;1690.0;0;87.0;14.25;985.0;14.29;29.0;2.99;15.0;859.33;1.0;0;1.0;0;0
582214;24.0;1440.0;0;87.0;14.25;985.0;14.39;29.0;3.15;15.0;786.62;1.0;0;1.0;0;0
582585;24.0;1560.0;0;87.0;14.25;985.0;14.29;29.0;3.09;15.0;67.97;1.0;0;0;0;0
582908;22.0;2170.0;8.46;87.0;13.5;985.0;14.20;32.0;5.28;17.0;829.73;1.0;0;0;0;0
583280;25.0;2070.0;8.46;87.0;13.5;985.0;14.11;32.0;5.39;18.0;895.03;1.0;0;0;0;0
583650;27.0;1680.0;8.46;87.0;13.5;985.0;14.29;32.0;5.80;15.5;926.08;1.0;0;0;0;0
583978;28.0;1840.0;7.99;87.0;13.5;985.0;14.29;32.0;5.54;16.0;932.56;1.0;0;0;0;0
584356;30.0;1930.0;7.05;87.0;13.5;985.0;14.11;32.0;5.46;17.0;928.06;1.0;0;0;0;0
584801;31.0;1850.0;0;87.0;13.5;985.0;14.20;32.0;3.03;15.0;945.08;1.0;0;1.0;0;0
585177;33.0;1940.0;0;87.0;13.5;985.0;14.29;31.0;2.89;15.0;944.92;1.0;0;1.0;0;0
585535;33.0;2040.0;0;87.0;13.5;985.0;14.11;31.0;2.78;15.0;919.59;1.0;0;1.0;0;0
585905;31.0;1980.0;0;87.0;13.5;985.0;14.20;30.0;2.75;15.0;907.08;1.0;0;1.0;0;0
586275;33.0;2000.0;0;87.0;13.5;985.0;14.11;29.0;2.66;15.0;891.37;1.0;0;1.0;0;0
586652;30.0;2010.0;0.94;87.0;13.5;985.0;14.11;29.0;2.80;18.0;881.68;1.0;0;0;0;0
586965;33.0;2010.0;3.76;87.0;13.5;985.0;14.11;32.0;4.84;18.5;926.99;1.0;0;0;0;0
587300;33.0;2080.0;3.76;87.0;13.5;985.0;14.11;32.0;4.77;18.5;942.33;1.0;0;0;0;0
587612;33.0;2050.0;0;87.0;13.5;985.0;14.11;30.0;2.80;15.0;949.35;1.0;0;1.0;0;0
587995;33.0;2060.0;0;87.0;13.5;985.0;14.29;30.0;2.75;15.0;931.34;1.0;0;1.0;0;0
588307;33.0;2100.0;0;87.0;13.5;985.0;14.20;29.0;2.63;15.0;912.35;1.0;0;1.0;0;0
588704;34.0;2090.0;0;87.0;13.5;985.0;14.11;29.0;2.73;15.0;911.28;1.0;0;1.0;0;0
589062;33.0;2070.0;0;87.0;13.5;985.0;14.29;29.0;2.68;15.0;908.00;1.0;0;1.0;0;0
589375;33.0;2010.0;0;87.0;13.5;985.0;14.29;29.0;2.74;15.0;898.46;1.0;0;1.0;0;0
589745;33.0;1990.0;0;87.0;13.5;985.0;14.20;29.0;2.81;15.0;888.32;1.0;0;1.0;0;0
590115;31.0;2050.0;0;87.75;13.5;985.0;14.11;29.0;2.68;15.0;890.22;1.0;0;1.0;0;0
590496;33.0;1970.0;0;87.75;13.5;985.0;14.29;28.0;2.71;15.0;889.84;1.0;0;1.0;0;0
590867;31.0;1950.0;0;87.75;13.5;985.0;14.20;28.0;2.71;15.0;883.28;1.0;0;1.0;0;0
591236;30.0;1970.0;0;87.75;13.5;985.0;14.20;28.0;2.67;15.0;859.48;1.0;0;1.0;0;0
591559;31.0;2000.0;0;87.75;13.5;985.0;14.11;28.0;2.75;15.0;793.64;1.0;0;1.0;0;0
591925;31.0;1820.0;0;87.75;13.5;985.0;14.20;28.0;2.84;15.0;879.39;1.0;0;1.0;0;0
592295;31.0;1890.0;0;87.75;13.5;985.0;14.11;28.0;2.83;15.0;862.07;1.0;0;1.0;0;0
592747;30.0;1900.0;0;87.75;13.5;985.0;14.11;28.0;2.75;15.0;841.32;1.0;0;1.0;0;0
593139;31.0;1910.0;0;87.75;13.5;985.0;14.11;28.0;2.69;15.0;757.71;1.0;0;1.0;0;0
593559;30.0;1900.0;0;87.75;13.5;985.0;14.20;28.0;2.79;15.0;577.43;1.0;0;1.0;0;0
593949;30.0;1940.0;0;87.75;13.5;985.0;14.11;28.0;2.79;15.0;837.05;1.0;0;1.0;0;0
594332;31.0;1910.0;0;87.75;13.5;985.0;14.20;28.0;2.75;15.0;847.88;1.0;0;1.0;0;0
594670;31.0;1910.0;0;87.75;13.5;985.0;14.11;28.0;2.72;15.0;671.12;1.0;0;1.0;0;0
595007;30.0;1890.0;0;87.75;13.5;985.0;14.29;28.0;2.72;15.0;596.89;1.0;0;1.0;0;0
595377;31.0;1920.0;0;87.75;13.5;985.0;14.20;28.0;2.71;15.0;395.79;1.0;0;1.0;0;0
595709;30.0;1870.0;0;87.75;13.5;985.0;14.29;28.0;2.69;15.0;738.33;1.0;0;1.0;0;0
596079;30.0;1860.0;0;87.75;13.5;985.0;14.29;28.0;2.70;15.0;775.71;1.0;0;0;0;0
596497;30.0;1920.0;0;87.75;13.5;985.0;14.20;28.0;2.83;15.0;159.44;1.0;0;1.0;0;0
596868;28.0;1820.0;0;87.75;13.5;985.0;14.20;28.0;2.97;15.0;870.24;1.0;0;1.0;0;0
597239;28.0;1730.0;0.47;87.75;13.5;985.0;14.29;29.0;3.57;16.5;900.45;1.0;0;0;0;0
597609;25.0;1650.0;0;87.75;13.5;985.0;14.29;29.0;3.01;15.0;957.97;1.0;0;1.0;0;0
598015;25.0;1630.0;1.41;87.75;13.5;985.0;14.29;29.0;3.24;16.0;828.12;1.0;0;0;0;0
598367;25.0;2210.0;0;87.75;13.5;985.0;14.20;31.0;2.74;15.0;928.83;1.0;0;1.0;0;0
598749;25.0;2050.0;0;87.75;13.5;985.0;14.20;30.0;2.77;15.0;910.75;1.0;0;1.0;0;0
599177;25.0;2170.0;0;87.75;13.5;985.0;14.11;30.0;2.65;15.0;881.91;1.0;0;1.0;0;0
599522;25.0;2100.0;0;87.75;13.5;985.0;14.11;29.0;2.74;15.0;895.11;1.0;0;1.0;0;0
599917;24.0;2070.0;0;87.75;13.5;985.0;14.29;28.0;2.68;15.0;890.22;1.0;0;1.0;0;0
600289;24.0;2080.0;0;87.75;13.5;985.0;14.11;28.0;2.73;15.0;899.00;1.0;0;1.0;0;0
600611;25.0;2070.0;0;87.75;13.5;985.0;14.11;28.0;2.68;15.0;895.49;1.0;0;1.0;0;0
600981;25.0;2000.0;0;87.75;13.5;985.0;14.11;28.0;2.74;15.0;880.31;1.0;0;1.0;0;0
601332;24.0;2220.0;4.70;87.75;13.5;985.0;14.11;31.0;4.75;19.0;922.26;1.0;0;0;0;0
601704;24.0;2110.0;4.70;87.75;13.5;985.0;14.20;31.0;4.90;18.5;927.91;1.0;0;0;0;0
602094;25.0;2190.0;4.70;87.75;13.5;985.0;14.20;31.0;4.80;19.0;943.85;1.0;0;0;0;0
602406;25.0;2210.0;4.23;87.75;13.5;985.0;14.01;31.0;4.68;19.5;944.08;1.0;0;0;0;0
602719;25.0;2160.0;4.23;87.75;13.5;985.0;14.20;31.0;4.73;19.5;946.22;1.0;0;0;0;0
603068;27.0;2200.0;3.76;87.75;13.5;985.0;14.11;31.0;4.50;20.0;950.87;1.0;0;0;0;0
603448;27.0;2210.0;3.29;87.75;13.5;985.0;14.20;31.0;4.33;19.5;950.11;1.0;0;0;0;0
603822;25.0;2220.0;2.82;88.5;13.5;985.0;14.11;31.0;4.11;19.5;954.54;1.0;0;0;0;0
604134;25.0;2180.0;2.35;88.5;13.5;985.0;14.11;31.0;4.09;19.5;954.08;1.0;0;0;0;0
604516;27.0;2100.0;2.35;88.5;13.5;985.0;14.20;31.0;4.11;19.5;953.85;1.0;0;0;0;0
604829;25.0;2070.0;1.88;88.5;13.5;985.0;14.29;31.0;3.97;18.5;957.74;1.0;0;0;0;0
605164;25.0;2040.0;2.82;88.5;13.5;985.0;14.11;31.0;4.42;19.0;956.98;1.0;0;0;0;0
605477;24.0;2070.0;3.29;88.5;13.5;985.0;14.20;31.0;4.55;18.5;952.17;1.0;0;0;0;0
605824;24.0;2110.0;3.29;88.5;13.5;985.0;14.11;31.0;4.54;19.0;953.54;1.0;0;0;0;0
606199;24.0;2120.0;3.29;88.5;13.5;985.0;14.11;31.0;4.54;19.0;951.41;1.0;0;0;0;0
606569;25.0;2080.0;3.29;88.5;13.5;985.0;14.20;31.0;4.68;19.0;958.50;1.0;0;0;0;0
607054;25.0;2150.0;3.76;88.5;13.5;985.0;14.20;31.0;4.45;19.5;958.35;1.0;0;0;0;0
607408;25.0;2150.0;3.29;88.5;13.5;985.0;14.20;31.0;4.41;19.5;957.82;1.0;0;0;0;0
607779;27.0;2190.0;3.29;88.5;13.5;990.0;14.11;31.0;4.45;19.5;956.98;1.0;0;0;0;0
608149;25.0;2180.0;3.29;88.5;13.5;985.0;14.11;31.0;4.42;19.5;957.59;1.0;0;0;0;0
608512;25.0;2150.0;3.29;88.5;13.5;985.0;14.20;31.0;4.45;19.5;957.82;1.0;0;0;0;0
608847;27.0;2170.0;3.29;88.5;13.5;985.0;14.20;31.0;4.45;19.5;957.59;1.0;0;0;0;0
609184;27.0;2190.0;3.29;88.5;13.5;985.0;14.11;31.0;4.42;19.5;957.82;1.0;0;0;0;0
609542;25.0;2230.0;3.29;88.5;13.5;985.0;14.20;31.0;4.35;19.5;955.37;1.0;0;0;0;0
609858;27.0;2200.0;4.23;88.5;13.5;985.0;14.11;31.0;4.71;19.5;956.37;1.0;0;0;0;0
610227;27.0;2210.0;4.70;88.5;13.5;985.0;14.11;31.0;4.76;19.5;957.28;1.0;0;0;0;0
610616;28.0;2250.0;4.70;88.5;13.5;985.0;14.11;31.0;4.74;20.5;955.45;1.0;0;0;0;0
611007;28.0;2350.0;5.17;88.5;13.5;985.0;14.01;31.0;4.58;20.5;947.82;1.0;0;0;0;0
611451;30.0;2350.0;5.17;88.5;13.5;985.0;14.01;31.0;4.49;22.0;956.98;1.0;0;0;0;0
611920;28.0;2400.0;4.70;88.5;13.5;985.0;14.01;31.0;4.48;23.0;956.90;1.0;0;0;0;0
612341;30.0;2450.0;5.17;88.5;13.5;990.0;14.11;31.0;4.43;24.0;956.37;1.0;0;0;0;0
612686;28.0;2450.0;4.70;88.5;13.5;985.0;14.11;31.0;4.43;24.0;955.76;1.0;0;0;0;0
613077;30.0;2500.0;4.70;88.5;13.5;985.0;14.01;31.0;4.33;25.0;956.98;1.0;0;0;0;0
613441;30.0;2500.0;4.70;88.5;13.5;985.0;14.01;31.0;4.33;27.0;950.11;1.0;0;0;0;0
613811;30.0;2550.0;4.23;88.5;13.5;985.0;14.01;31.0;4.01;26.0;957.97;1.0;0;0;0;0
614124;31.0;2550.0;3.29;88.5;13.5;985.0;14.01;31.0;3.86;25.0;960.33;1.0;0;0;0;0
614494;31.0;2600.0;3.29;88.5;13.5;990.0;14.01;31.0;3.86;27.0;958.27;1.0;0;0;0;0
614816;31.0;2600.0;3.29;88.5;13.5;985.0;14.01;31.0;3.84;27.0;960.10;1.0;0;0;0;0
615187;31.0;2600.0;3.29;88.5;13.5;985.0;14.01;31.0;3.82;27.0;962.62;1.0;0;0;0;0
615594;31.0;2600.0;3.29;89.25;13.5;990.0;14.01;31.0;3.84;27.0;960.10;1.0;0;0;0;0
615973;31.0;2550.0;3.29;88.5;13.5;990.0;14.11;31.0;3.87;27.0;960.71;1.0;0;0;0;0
616297;31.0;2600.0;3.29;89.25;13.5;985.0;14.01;31.0;3.76;28.5;958.88;1.0;0;0;0;0
616648;31.0;2550.0;3.29;89.25;13.5;985.0;14.01;31.0;3.86;25.0;961.17;1.0;0;0;0;0
617045;31.0;2500.0;2.82;89.25;13.5;985.0;14.01;31.0;3.92;25.0;960.03;1.0;0;0;0;0
617406;31.0;2550.0;3.29;89.25;13.5;990.0;14.11;31.0;3.81;25.0;961.02;1.0;0;0;0;0
617733;30.0;2500.0;2.82;89.25;13.5;985.0;14.20;31.0;3.92;23.5;959.04;1.0;0;0;0;0
618101;31.0;2500.0;2.82;89.25;13.5;985.0;14.01;31.0;3.92;25.0;959.04;1.0;0;0;0;0
618459;31.0;2500.0;3.29;89.25;13.5;990.0;14.11;31.0;3.90;25.0;960.41;1.0;0;0;0;0
618779;30.0;2500.0;2.82;89.25;13.5;985.0;14.01;31.0;3.84;25.0;956.29;1.0;0;0;0;0
619149;30.0;2550.0;2.82;89.25;13.5;990.0;14.11;31.0;3.75;25.0;961.63;1.0;0;0;0;0
619524;30.0;2500.0;2.82;89.25;13.5;990.0;14.20;31.0;3.75;24.5;960.56;1.0;0;0;0;0
619846;30.0;2450.0;2.82;89.25;13.5;990.0;14.11;31.0;3.82;22.5;961.48;1.0;0;0;0;0
620216;28.0;2450.0;2.82;89.25;13.5;990.0;14.11;31.0;3.84;22.5;959.72;1.0;0;0;0;0
620587;30.0;2450.0;2.82;89.25;13.5;985.0;14.20;31.0;3.79;22.5;962.85;1.0;0;0;0;0
620956;30.0;2400.0;2.82;89.25;13.5;990.0;14.11;31.0;3.88;22.5;961.25;1.0;0;0;0;0
621340;28.0;2300.0;0;89.25;13.5;985.0;14.01;31.0;2.67;16.5;958.96;1.0;0;1.0;0;0
621653;28.0;2300.0;0;89.25;13.5;990.0;14.01;31.0;2.73;16.5;948.36;1.0;0;1.0;0;0
622022;27.0;2300.0;0;89.25;13.5;985.0;14.01;30.0;2.70;16.0;940.35;1.0;0;1.0;0;0
622401;27.0;2210.0;0;89.25;13.5;990.0;14.11;29.0;2.69;15.0;930.58;1.0;0;1.0;0;0
622714;25.0;2160.0;0;89.25;13.5;985.0;14.20;29.0;2.65;15.0;926.54;1.0;0;1.0;0;0
623084;24.0;2050.0;0;89.25;13.5;985.0;14.20;28.0;2.74;15.0;922.80;1.0;0;1.0;0;0
623454;24.0;2040.0;0;89.25;13.5;990.0;14.20;28.0;2.71;15.0;915.17;1.0;0;1.0;0;0
623777;22.0;1930.0;0;89.25;13.5;990.0;14.11;28.0;2.75;15.0;904.72;1.0;0;1.0;0;0
624146;24.0;1910.0;0;89.25;13.5;990.0;14.29;28.0;2.73;15.0;894.72;1.0;0;1.0;0;0
624481;22.0;1870.0;0;89.25;13.5;990.0;14.29;28.0;2.73;15.0;858.64;1.0;0;1.0;0;0
624812;21.0;1760.0;0;89.25;13.5;990.0;14.11;28.0;2.77;15.0;777.62;1.0;0;1.0;0;0
625121;19.0;1700.0;0;89.25;13.5;985.0;14.20;28.0;2.77;15.0;424.85;1.0;0;1.0;0;0
625491;19.0;1720.0;0;89.25;13.5;985.0;14.29;28.0;2.78;15.0;166.54;1.0;0;1.0;0;0
625861;19.0;1590.0;0;89.25;13.5;990.0;14.29;28.0;2.93;15.0;69.34;1.0;0;1.0;0;0
626240;18.0;1580.0;0;89.25;13.5;990.0;14.29;28.0;2.97;15.0;53.70;1.0;0;1.0;0;0
626611;18.0;1540.0;0;89.25;13.5;990.0;14.11;28.0;3.03;15.0;53.70;1.0;0;1.0;0;0
626924;18.0;1440.0;0;89.25;13.5;990.0;14.20;28.0;3.14;18.0;47.60;1.0;0;1.0;0;0
627294;16.0;1500.0;0;89.25;13.5;985.0;14.29;28.0;3.09;15.0;52.02;1.0;0;1.0;0;0
627621;16.0;1600.0;0;89.25;13.5;990.0;14.29;28.0;3.05;15.0;71.33;1.0;0;1.0;0;0
627991;13.0;1630.0;0;89.25;13.5;990.0;14.29;28.0;3.09;15.0;207.50;1.0;0;1.0;0;0
628361;13.0;1670.0;0;89.25;13.5;985.0;14.29;28.0;3.07;15.0;494.51;1.0;0;1.0;0;0
628743;13.0;1730.0;0;89.25;13.5;985.0;14.20;28.0;2.95;15.0;811.64;1.0;0;1.0;0;0
629057;13.0;1680.0;0;89.25;13.5;990.0;14.29;28.0;3.00;15.0;865.28;1.0;0;1.0;0;0
629486;12.0;1680.0;0;89.25;13.5;990.0;14.29;28.0;2.96;15.0;738.25;1.0;0;1.0;0;0
629873;12.0;1630.0;0;89.25;13.5;990.0;14.29;28.0;3.05;15.0;82.16;1.0;0;1.0;0;0
630238;12.0;1610.0;0;89.25;13.5;985.0;14.29;28.0;3.06;15.0;73.84;1.0;0;1.0;0;0
630689;12.0;1670.0;0;89.25;13.5;990.0;14.29;28.0;3.07;15.0;424.32;1.0;0;1.0;0;0
631023;9.0;1600.0;0;89.25;13.5;990.0;14.29;28.0;3.05;15.0;528.99;1.0;0;1.0;0;0
631397;9.0;1580.0;0;89.25;13.5;990.0;14.29;28.0;3.13;15.0;108.56;1.0;0;1.0;0;0
631741;7.0;1560.0;0;90.0;13.5;990.0;14.29;28.0;3.15;15.0;564.92;1.0;0;1.0;0;0
632191;6.0;1580.0;0;90.0;13.5;990.0;14.29;28.0;3.09;15.0;652.96;1.0;0;1.0;0;0
632583;4.0;1560.0;0;90.0;13.5;990.0;14.29;28.0;3.15;15.0;102.68;1.0;0;1.0;0;0
632953;4.0;1610.0;2.82;90.0;13.5;990.0;14.39;31.0;4.06;16.5;560.27;1.0;0;1.0;0;0
633326;4.0;2080.0;0;90.0;13.5;990.0;14.20;31.0;2.9;15.0;907.31;1.0;0;1.0;0;0
633695;4.0;2030.0;3.76;90.0;13.5;990.0;14.11;31.0;3.77;18.5;927.38;1.0;0;1.0;0;0
634017;4.0;2130.0;1.41;90.0;13.5;985.0;14.20;31.0;3.11;19.5;908.00;1.0;0;1.0;0;0
634387;6.0;1890.0;1.41;90.0;13.5;990.0;14.29;31.0;3.29;17.5;911.58;1.0;0;1.0;0;0
634757;6.0;1790.0;0.94;90.0;13.5;990.0;14.11;29.0;3.11;17.0;893.50;1.0;0;1.0;0;0
635143;6.0;2170.0;2.82;90.0;13.5;990.0;14.20;31.0;3.33;19.0;904.57;1.0;0;1.0;0;0
635514;6.0;2070.0;0;90.0;13.5;990.0;14.11;29.0;2.80;18.5;926.84;1.0;0;1.0;0;0
635884;6.0;1780.0;0;90.0;13.5;990.0;14.20;29.0;3.05;17.0;934.01;1.0;0;1.0;0;0
636254;4.0;1730.0;0;90.0;13.5;990.0;14.11;29.0;2.93;16.5;959.95;1.0;0;1.0;0;0
636574;3.0;1740.0;0.47;90.0;13.5;990.0;14.29;29.0;3.01;16.5;960.64;1.0;0;1.0;0;0
636888;4.0;1840.0;0.47;90.0;13.5;990.0;14.20;29.0;2.95;17.5;925.47;1.0;0;1.0;0;0
637258;4.0;1840.0;0;90.0;13.5;990.0;14.20;29.0;2.74;15.0;933.56;1.0;0;1.0;0;0
637631;3.0;1580.0;0;90.0;13.5;990.0;14.29;29.0;2.9;15.0;775.18;1.0;0;1.0;0;0
637948;4.0;1710.0;2.35;90.0;13.5;990.0;14.29;31.0;3.53;17.0;834.84;1.0;0;1.0;0;0
638318;3.0;1940.0;2.35;90.0;13.5;990.0;14.20;31.0;3.37;18.5;833.46;1.0;0;1.0;0;0
638688;4.0;1830.0;3.29;90.0;13.5;990.0;14.11;31.0;3.74;17.5;288.83;1.0;0;1.0;0;0
639078;4.0;1960.0;3.76;90.0;13.5;990.0;14.29;31.0;3.73;18.0;83.00;1.0;0;1.0;0;0
639448;4.0;2090.0;3.76;90.0;13.5;990.0;14.11;31.0;3.65;18.5;733.52;1.0;0;1.0;0;0
639818;6.0;2090.0;3.76;90.0;13.5;990.0;14.11;31.0;3.66;19.0;725.13;1.0;0;1.0;0;0
640188;4.0;2350.0;0;90.0;13.5;990.0;14.11;29.0;2.64;16.5;762.21;1.0;0;1.0;0;0
640540;3.0;2150.0;0;90.0;13.5;990.0;14.11;29.0;2.71;15.0;925.09;1.0;0;1.0;0;0
640875;3.0;1950.0;0;90.75;13.5;990.0;14.11;28.0;2.78;15.0;922.34;1.0;0;1.0;0;0
641246;0;1860.0;0;90.75;13.5;990.0;14.11;28.0;2.80;15.0;906.70;1.0;0;1.0;0;0
641624;0;1770.0;7.99;90.75;13.5;990.0;14.29;31.0;4.72;16.5;945.23;1.0;0;0;0;0
641994;3.0;3050.0;20.70;90.75;13.5;990.0;14.01;31.0;5.43;39.5;952.78;1.0;0;1.0;0;0
642364;6.0;3450.0;4.23;90.75;13.5;990.0;14.01;31.0;3.80;46.5;874.97;1.0;0;0;0;0
642739;6.0;2950.0;16.46;90.75;13.5;990.0;14.01;31.0;4.97;42.5;756.18;1.0;0;1.0;0;0
643042;9.0;2800.0;5.64;90.75;13.5;990.0;14.01;31.0;4.24;39.0;188.20;1.0;0;0;0;0
643519;7.0;2450.0;0;90.75;13.5;990.0;14.01;29.0;2.54;18.5;807.52;1.0;0;0;0;0
643843;9.0;2260.0;6.11;90.75;13.5;990.0;14.11;31.0;4.95;20.5;909.07;1.0;0;1.0;0;0
644237;9.0;2350.0;5.17;90.75;13.5;990.0;14.11;31.0;4.64;23.0;912.65;1.0;0;0;0;0
644640;10.0;2190.0;0;90.75;13.5;985.0;14.11;31.0;2.77;15.0;948.36;1.0;0;0;0;0
645020;9.0;2090.0;0;90.75;13.5;990.0;14.29;30.0;2.79;15.0;941.18;1.0;0;1.0;0;0
645380;7.0;1930.0;0;90.75;13.5;990.0;14.20;30.0;2.86;15.0;908.30;1.0;0;1.0;0;0
645691;7.0;1750.0;0;90.75;13.5;990.0;14.20;29.0;2.87;15.0;881.75;1.0;0;1.0;0;0
646074;7.0;1650.0;0;90.75;13.5;990.0;14.29;28.0;2.89;15.0;825.15;1.0;0;1.0;0;0
646375;4.0;1600.0;0;90.75;13.5;990.0;14.29;28.0;2.89;15.0;523.04;1.0;0;1.0;0;0
646757;4.0;1560.0;0;90.75;13.5;990.0;14.29;28.0;2.95;15.0;157.38;1.0;0;1.0;0;0
647127;0;1540.0;0;90.75;13.5;990.0;14.29;28.0;3.03;10.0;58.13;1.0;0;1.0;0;0
647500;0;1470.0;0;90.75;13.5;990.0;14.29;27.0;3.03;15.0;54.85;1.0;0;1.0;0;0
647812;0;1550.0;0;91.5;13.5;990.0;14.29;27.0;3.00;16.0;46.61;1.0;0;1.0;0;0
648193;0;1590.0;0;91.5;13.5;990.0;14.29;26.0;3.00;11.5;69.88;1.0;0;1.0;0;0
648563;0;1420.0;0;91.5;14.25;990.0;14.29;25.0;3.16;15.0;286.39;1.0;0;1.0;0;0
648933;0;1520.0;0;91.5;14.25;990.0;14.29;25.0;3.04;12.5;102.61;1.0;0;1.0;0;0
649316;0;1500.0;0;91.5;14.25;990.0;14.29;24.0;2.96;17.5;748.40;1.0;0;1.0;0;0
649722;0;1520.0;0;91.5;14.25;990.0;14.29;24.0;2.92;14.5;852.46;1.0;0;1.0;0;0
650092;0;1490.0;0;91.5;14.25;990.0;14.29;24.0;2.94;16.0;748.78;1.0;0;1.0;0;0
650458;0;1490.0;0;91.5;14.25;990.0;14.29;24.0;2.99;12.5;169.44;1.0;0;1.0;0;0
650780;0;1520.0;0;91.5;14.25;990.0;14.29;24.0;2.96;12.5;120.23;1.0;0;1.0;0;0
651150;0;1560.0;0;91.5;14.25;990.0;14.29;23.0;2.88;10.0;810.81;1.0;0;1.0;0;0
651520;0;1430.0;0;91.5;14.25;990.0;14.29;24.0;2.98;18.5;813.63;1.0;0;1.0;0;0
651902;0;1460.0;0;91.5;14.25;990.0;14.20;24.0;2.94;16.0;308.05;1.0;0;1.0;0;0
652272;0;1530.0;0;91.5;14.25;990.0;14.20;24.0;2.92;19.0;71.10;1.0;0;1.0;0;0
652584;0;1480.0;0;91.5;14.25;990.0;14.29;24.0;3.02;15.0;82.62;1.0;0;1.0;0;0
652954;0;1460.0;0;91.5;14.25;990.0;14.29;24.0;2.99;14.5;635.80;1.0;0;1.0;0;0
653283;0;1510.0;0;91.5;14.25;990.0;14.29;24.0;2.91;16.0;543.56;1.0;0;1.0;0;0
653653;0;1440.0;0;91.5;15.0;990.0;14.29;24.0;3.04;15.0;209.18;1.0;0;1.0;0;0
654023;0;1520.0;0;92.25;15.0;990.0;14.39;24.0;2.99;10.0;628.85;1.0;0;1.0;0;0
654400;0;1480.0;0;92.25;15.0;990.0;14.29;24.0;2.99;12.5;852.69;1.0;0;1.0;0;0
654714;0;1530.0;0;92.25;15.0;990.0;14.20;24.0;2.89;12.0;787.31;1.0;0;1.0;0;0
655085;0;1460.0;0;92.25;15.0;990.0;14.29;24.0;2.92;18.0;498.24;1.0;0;1.0;0;0
655479;0;1490.0;0;92.25;15.0;990.0;14.29;24.0;2.95;12.0;96.27;1.0;0;1.0;0;0
655830;0;1480.0;0;92.25;15.0;990.0;14.29;24.0;2.99;12.5;385.18;1.0;0;1.0;0;0
656200;0;1390.0;0;92.25;15.0;990.0;14.20;24.0;3.06;20.0;297.37;1.0;0;1.0;0;0
656571;0;1460.0;0;92.25;15.0;990.0;14.20;24.0;2.97;16.0;76.21;1.0;0;1.0;0;0
656938;0;1490.0;0;92.25;15.0;990.0;14.29;25.0;3.05;15.5;103.98;1.0;0;1.0;0;0
657308;0;1510.0;0;92.25;15.0;990.0;14.29;24.0;2.94;15.5;742.68;1.0;0;1.0;0;0
657634;0;1540.0;0;92.25;15.0;990.0;14.39;24.0;2.89;14.5;843.61;1.0;0;1.0;0;0
658017;0;1520.0;0;92.25;15.0;990.0;14.39;24.0;2.89;15.5;830.26;1.0;0;1.0;0;0
658340;0;1400.0;0;92.25;15.0;990.0;14.29;24.0;3.03;20.0;242.44;1.0;0;1.0;0;0
658734;0;1560.0;0;92.25;15.0;990.0;14.29;24.0;2.95;12.5;99.25;1.0;0;1.0;0;0
659127;0;1400.0;0;92.25;15.0;990.0;14.29;24.0;2.97;14.5;818.21;1.0;0;1.0;0;0
659488;0;1460.0;0;93.0;15.0;990.0;14.20;24.0;2.95;15.0;262.28;1.0;0;1.0;0;0
659874;0;1490.0;0;93.0;15.0;990.0;14.29;24.0;2.94;17.0;778.99;1.0;0;1.0;0;0
660237;0;1460.0;0;93.0;15.0;990.0;14.29;24.0;2.90;20.0;349.63;1.0;0;1.0;0;0
660629;0;1470.0;0;93.0;15.0;990.0;14.20;25.0;3.00;14.0;81.47;1.0;0;1.0;0;0
660992;0;1510.0;0;93.0;15.0;990.0;14.29;25.0;3.00;14.5;81.85;1.0;0;1.0;0;0
661373;0;1470.0;0;93.0;15.0;990.0;14.39;25.0;3.03;13.0;726.05;1.0;0;1.0;0;0
661686;0;1550.0;0;93.0;15.0;990.0;14.29;24.0;2.84;11.0;861.92;1.0;0;1.0;0;0
662077;0;1470.0;0;93.0;15.0;990.0;14.29;24.0;2.93;12.5;819.50;1.0;0;1.0;0;0
662389;0;1480.0;0;93.0;15.0;990.0;14.29;24.0;2.90;14.5;763.73;1.0;0;1.0;0;0
662759;0;1490.0;0;93.0;15.0;990.0;14.20;24.0;2.92;17.5;141.28;1.0;0;1.0;0;0
663129;0;1480.0;0;93.0;15.0;990.0;14.20;24.0;2.94;15.0;90.47;1.0;0;1.0;0;0
663514;0;1460.0;0;93.0;15.0;990.0;14.20;24.0;2.97;18.0;93.53;1.0;0;1.0;0;0
663884;0;1540.0;0;93.0;15.0;990.0;14.29;24.0;2.91;14.0;738.10;1.0;0;1.0;0;0
664234;0;1430.0;0;93.0;15.75;990.0;14.29;24.0;2.98;16.0;841.55;1.0;0;1.0;0;0
664558;0;1420.0;0;93.0;15.75;990.0;14.20;24.0;2.91;18.5;642.20;1.0;0;1.0;0;0
664984;0;1450.0;0;93.0;15.75;990.0;14.11;25.0;2.96;20.0;154.94;1.0;0;1.0;0;0
665347;0;1460.0;0;93.75;15.75;990.0;14.20;25.0;2.98;19.0;62.02;1.0;0;1.0;0;0
665733;0;1430.0;0;93.75;15.75;990.0;14.29;25.0;3.06;15.0;63.77;1.0;0;1.0;0;0
666107;0;1490.0;0;93.75;15.75;990.0;14.29;25.0;3.06;13.0;504.73;1.0;0;1.0;0;0
666477;0;1480.0;0;93.75;15.75;990.0;14.29;25.0;3.00;14.5;817.82;1.0;0;1.0;0;0
666850;0;1470.0;0;93.75;15.75;990.0;14.29;25.0;3.07;14.0;185.46;1.0;0;1.0;0;0
667204;0;1510.0;0;93.75;15.75;990.0;14.29;25.0;2.98;13.0;624.35;1.0;0;1.0;0;0
667574;0;1480.0;0;93.75;15.75;990.0;14.29;25.0;2.98;15.0;833.62;1.0;0;1.0;0;0
668024;0;1490.0;0;93.75;15.75;990.0;14.29;25.0;2.95;18.0;723.30;1.0;0;1.0;0;0
668379;0;1560.0;0;93.75;15.75;990.0;14.29;25.0;2.91;10.0;183.47;1.0;0;1.0;0;0
668813;0;1440.0;0;93.75;15.75;990.0;14.29;24.0;2.96;17.5;775.18;1.0;0;1.0;0;0
669133;0;1430.0;0;93.75;15.75;990.0;14.29;25.0;3.05;18.0;304.85;1.0;0;1.0;0;0
669567;0;1480.0;0;93.75;15.75;990.0;14.20;25.0;3.01;15.5;356.80;1.0;0;1.0;0;0
669938;0;1540.0;0;93.75;15.75;990.0;14.29;25.0;2.93;18.0;174.70;1.0;0;1.0;0;0
670330;0;1540.0;0;93.75;15.75;990.0;14.29;25.0;2.98;12.0;711.09;1.0;0;1.0;0;0
670694;0;1430.0;0;93.75;15.75;990.0;14.20;24.0;2.99;14.5;840.25;1.0;0;1.0;0;0
671087;0;1480.0;0;93.75;15.75;990.0;14.29;24.0;2.90;15.0;517.09;1.0;0;1.0;0;0
671405;0;1480.0;0;94.5;15.75;990.0;14.29;24.0;2.93;11.5;246.18;1.0;0;1.0;0;0
671779;0;1490.0;0;94.5;15.75;990.0;14.29;24.0;2.90;14.5;769.76;1.0;0;1.0;0;0
672105;0;1420.0;0;94.5;15.75;990.0;14.29;24.0;2.94;15.5;786.01;1.0;0;1.0;0;0
672624;0;1490.0;0;94.5;15.75;990.0;14.20;25.0;2.95;17.5;112.90;1.0;0;1.0;0;0
673076;0;1480.0;0;94.5;15.75;990.0;14.29;25.0;2.96;15.0;74.23;1.0;0;1.0;0;0
673574;0;1500.0;0;94.5;15.75;990.0;14.29;24.0;2.96;13.0;81.24;1.0;0;1.0;0;0
673979;0;1460.0;0;94.5;15.75;990.0;14.29;24.0;2.93;14.5;816.53;1.0;0;1.0;0;0
674374;0;1490.0;0;94.5;15.75;990.0;14.29;24.0;2.88;15.5;728.87;1.0;0;1.0;0;0
674735;0;1400.0;0;94.5;15.75;990.0;14.29;24.0;2.98;16.0;177.22;1.0;0;1.0;0;0
675112;0;1560.0;0;94.5;15.75;990.0;14.39;24.0;2.90;10.0;570.80;1.0;0;1.0;0;0
675438;0;1490.0;0;94.5;15.75;990.0;14.29;24.0;2.90;17.5;835.07;1.0;0;1.0;0;0
675922;0;1440.0;0;94.5;15.75;990.0;14.29;24.0;2.98;13.0;180.27;1.0;0;1.0;0;0
676283;0;1460.0;0;94.5;15.75;990.0;14.29;24.0;2.95;17.5;70.49;1.0;0;1.0;0;0
676704;0;1500.0;0;94.5;15.75;990.0;14.29;29.0;3.04;15.0;87.73;1.0;0;1.0;0;0
677179;0;1590.0;0;94.5;15.75;990.0;14.29;29.0;3.10;8.5;770.68;1.0;0;1.0;0;0
677541;0;1550.0;0;95.25;15.75;990.0;14.29;29.0;3.12;11.0;100.55;1.0;0;1.0;0;0
677853;0;1490.0;0;95.25;15.75;990.0;14.29;29.0;3.29;13.0;76.67;1.0;0;1.0;0;0
678204;0;1610.0;0;95.25;15.75;990.0;14.29;29.0;3.14;8.5;357.72;1.0;0;1.0;0;0
678559;0;1540.0;0;95.25;15.75;990.0;14.29;29.0;3.23;9.5;835.98;1.0;0;1.0;0;0
678940;0;1510.0;0;95.25;15.75;990.0;14.20;29.0;3.22;10.0;221.85;1.0;0;1.0;0;0
679392;0;1610.0;0;95.25;15.75;990.0;14.20;29.0;3.14;9.5;410.59;1.0;0;1.0;0;0
679786;0;1560.0;0;95.25;15.75;990.0;14.29;28.0;3.09;12.5;546.38;1.0;0;1.0;0;0
680147;0;1560.0;0;95.25;15.75;990.0;14.29;28.0;3.05;15.0;652.73;1.0;0;1.0;0;0
680534;0;1550.0;0;95.25;15.75;990.0;14.39;27.0;3.04;12.5;785.10;1.0;0;1.0;0;0
680905;0;1630.0;0;95.25;15.75;990.0;14.11;29.0;3.15;16.0;860.93;1.0;0;1.0;0;0
681349;0;1750.0;0.94;95.25;15.75;990.0;14.20;29.0;3.08;17.0;954.61;1.0;0;1.0;0;0
681752;0;1850.0;0;95.25;15.75;990.0;14.20;29.0;2.82;0;944.85;1.0;0;1.0;0;0
682209;0;1540.0;0;95.25;15.75;990.0;14.29;28.0;2.98;12.0;880.00;1.0;0;1.0;0;0
682597;0;1530.0;0;95.25;16.5;990.0;14.29;28.0;3.00;11.5;205.67;1.0;0;1.0;0;0
683016;0;1570.0;0;95.25;16.5;990.0;14.29;29.0;3.12;15.0;82.39;1.0;0;1.0;0;0
683386;0;1700.0;0;95.25;16.5;990.0;14.29;29.0;2.9;2.0;815.23;1.0;0;1.0;0;0
683784;0;1580.0;0;95.25;16.5;990.0;14.29;29.0;2.98;12.5;433.25;1.0;0;1.0;0;0
684161;0;1550.0;0;96.0;16.5;990.0;14.29;28.0;2.99;12.5;59.04;1.0;0;1.0;0;0
684523;0;1560.0;0;96.0;16.5;990.0;14.29;27.0;2.98;10.0;72.09;1.0;0;1.0;0;0
684857;0;1530.0;0;96.0;16.5;990.0;14.20;27.0;3.07;14.5;170.05;1.0;0;1.0;0;0
685218;0;1560.0;0;96.0;16.5;990.0;14.29;26.0;2.96;14.0;631.14;1.0;0;1.0;0;0
685607;0;1560.0;0;96.0;16.5;990.0;14.29;25.0;2.95;10.0;861.46;1.0;0;1.0;0;0
685932;0;1450.0;0;96.0;16.5;990.0;14.29;25.0;2.94;14.5;869.93;1.0;0;1.0;0;0
686271;0;1470.0;0;96.0;16.5;990.0;14.29;24.0;2.89;15.0;796.46;1.0;0;1.0;0;0
686710;0;1440.0;0;96.0;16.5;990.0;14.39;24.0;2.90;14.0;838.65;1.0;0;1.0;0;0
687027;0;1490.0;0;96.0;16.5;990.0;14.29;23.0;2.85;17.0;397.47;1.0;0;1.0;0;0
687378;0;1490.0;0;96.0;16.5;990.0;14.29;23.0;2.85;14.0;760.22;1.0;0;1.0;0;0
687773;0;1470.0;0;96.0;16.5;990.0;14.29;24.0;2.82;20.5;645.94;1.0;0;1.0;0;0
688110;0;1440.0;0;96.0;16.5;990.0;14.29;24.0;2.88;15.0;83.84;1.0;0;1.0;0;0
688468;0;1460.0;0;96.0;16.5;990.0;14.29;24.0;2.85;14.5;71.56;1.0;0;1.0;0;0
688903;0;1510.0;0;96.0;16.5;990.0;14.29;24.0;2.85;14.5;74.91;1.0;0;1.0;0;0
689290;0;1470.0;0;96.0;16.5;990.0;14.29;24.0;2.93;15.5;281.28;1.0;0;1.0;0;0
689614;0;1550.0;0;96.0;16.5;990.0;14.39;24.0;2.84;12.0;620.61;1.0;0;1.0;0;0
689948;0;1510.0;0;96.75;16.5;990.0;14.29;24.0;2.85;15.5;820.72;1.0;0;1.0;0;0
690332;0;1470.0;0;96.75;16.5;990.0;14.29;23.0;2.85;14.0;782.88;1.0;0;1.0;0;0
690729;0;1460.0;0;96.75;16.5;990.0;14.29;23.0;2.82;20.5;778.99;1.0;0;1.0;0;0
691188;0;1490.0;0;96.75;16.5;990.0;14.29;24.0;2.87;15.0;88.64;1.0;0;1.0;0;0
691580;0;1540.0;0;96.75;16.5;990.0;14.29;24.0;2.87;14.0;479.86;1.0;0;1.0;0;0
691891;0;1370.0;0;96.75;16.5;990.0;14.29;24.0;2.92;18.5;356.04;1.0;0;1.0;0;0
692274;0;1360.0;0;96.75;16.5;990.0;14.39;24.0;3.00;18.0;72.85;1.0;0;1.0;0;0
692598;0;1490.0;0;96.75;16.5;990.0;14.29;24.0;2.92;17.5;75.98;1.0;0;1.0;0;0
692966;0;1540.0;0;96.75;16.5;990.0;14.29;24.0;2.90;11.5;111.23;1.0;0;1.0;0;0
693358;0;1480.0;0;96.75;16.5;990.0;14.29;24.0;2.92;13.0;748.63;1.0;0;1.0;0;0
693716;0;1470.0;0;96.75;16.5;990.0;14.29;24.0;2.90;15.5;492.90;1.0;0;1.0;0;0
694046;0;1460.0;0;96.75;16.5;990.0;14.20;24.0;2.93;14.5;104.59;1.0;0;1.0;0;0
694453;0;1460.0;0;96.75;16.5;990.0;14.39;24.0;2.93;16.0;216.66;1.0;0;1.0;0;0
694806;0;1500.0;0;96.75;16.5;990.0;14.39;24.0;2.89;12.0;130.91;1.0;0;1.0;0;0
695141;0;1480.0;0;96.75;16.5;990.0;14.29;24.0;2.96;18.0;567.29;1.0;0;1.0;0;0
695537;0;1490.0;0;96.75;16.5;990.0;14.20;24.0;3.01;15.0;545.62;1.0;0;1.0;0;0
695877;0;1470.0;0;96.75;16.5;990.0;14.29;24.0;2.93;15.5;388.01;1.0;0;1.0;0;0
696237;0;1500.0;0;96.75;16.5;990.0;14.29;24.0;2.92;15.0;129.84;1.0;0;1.0;0;0
696553;0;1480.0;0;96.75;16.5;990.0;14.20;24.0;2.98;17.0;721.55;1.0;0;1.0;0;0
696896;0;1470.0;0;96.75;16.5;990.0;14.29;24.0;2.95;14.5;792.04;1.0;0;1.0;0;0
697252;0;1460.0;0;97.5;16.5;990.0;14.20;24.0;2.93;14.5;834.99;1.0;0;1.0;0;0
697587;0;1510.0;0;97.5;16.5;990.0;14.29;24.0;2.84;15.0;767.17;1.0;0;1.0;0;0
697981;0;1500.0;0;97.5;16.5;990.0;14.39;24.0;2.81;18.0;457.35;1.0;0;1.0;0;0
698282;0;1520.0;0;97.5;16.5;990.0;14.29;24.0;2.85;12.5;106.57;1.0;0;1.0;0;0
698705;0;1510.0;0;97.5;16.5;990.0;14.20;24.0;2.89;15.5;79.87;1.0;0;1.0;0;0
699060;0;1520.0;0;97.5;16.5;990.0;14.29;24.0;2.92;12.5;227.57;1.0;0;1.0;0;0
699371;0;1340.0;0;97.5;16.5;990.0;14.39;24.0;3.14;19.0;618.48;1.0;0;1.0;0;0
699756;0;1470.0;0;97.5;17.25;990.0;14.39;25.0;2.99;15.5;91.85;1.0;0;1.0;0;0
