##;##
#2014-06-12 08:30:29
#GS-911 Android V1.1
#F650GS
#BMS-C
Time (ms);Speed( km/h);RPM;Throttle position (TPS)( °);Engine temperature( °C);Intake air temperature( °C);Ambient air pressure( mbar);Battery voltage( V);Idle actuator position( steps);Injection time( ms);Ignition angle( °KW);Lambda sensor voltage( mV);Fuel pump;Fan motor;Lambda closed-loop control;Lambda sensor heating;Tank venting valve (US only)
326;0;1560.0;0;45.75;23.25;985.0;14.01;39.0;3.44;16.0;449.72;1.0;0;0;0;0
668;0;1640.0;0;45.75;23.25;985.0;14.11;39.0;3.33;11.5;444.46;1.0;0;0;0;0
1032;0;1490.0;0;45.75;23.25;985.0;14.11;39.0;3.53;14.5;465.97;1.0;0;0;0;0
1402;0;1530.0;0;45.75;23.25;985.0;14.01;39.0;3.44;17.5;444.61;1.0;0;0;0;0
1798;0;1570.0;0;45.75;23.25;985.0;14.11;40.0;3.37;14.5;439.43;1.0;0;0;0;0
2121;0;1600.0;0;45.75;23.25;985.0;14.11;39.0;3.33;12.0;437.59;1.0;0;0;0;0
2475;0;1440.0;0;45.75;23.25;985.0;14.11;39.0;3.51;17.0;437.82;1.0;0;0;0;0
2867;0;1610.0;0;45.75;23.25;985.0;14.11;40.0;3.38;16.0;432.64;1.0;0;0;0;0
3245;0;1570.0;0;45.75;23.25;985.0;14.11;39.0;3.37;14.0;429.66;1.0;0;0;0;0
3633;0;1490.0;0;45.75;23.25;985.0;14.11;40.0;3.47;15.5;427.37;1.0;0;0;0;0
3396;0;1580.0;0;45.75;23.25;985.0;14.20;39.0;3.36;12.5;424.78;1.0;0;0;0;0
3774;0;1600.0;0;45.75;23.25;985.0;14.11;40.0;3.38;16.0;421.65;1.0;0;0;0;0
4099;0;1580.0;0;45.75;23.25;985.0;14.11;40.0;3.43;14.5;419.36;1.0;0;0;0;0
4421;0;1550.0;0;45.75;23.25;985.0;14.11;40.0;3.43;18.5;415.01;1.0;0;0;0;0
4789;0;1500.0;0;45.75;23.25;985.0;14.11;40.0;3.48;18.0;411.27;1.0;0;0;0;0
5175;0;1610.0;0;45.75;23.25;985.0;14.11;40.0;3.38;14.0;407.38;1.0;0;0;0;0
5540;0;1500.0;0;46.5;23.25;985.0;14.11;41.0;3.57;20.0;405.25;1.0;0;0;0;0
5937;0;1540.0;0;46.5;23.25;985.0;14.11;40.0;3.48;17.0;400.36;1.0;0;0;0;0
6308;0;1480.0;0;46.5;23.25;985.0;14.20;40.0;3.51;15.5;396.70;1.0;0;0;0;0
6768;0;1520.0;0;46.5;23.25;985.0;14.20;40.0;3.47;17.0;392.20;1.0;0;0;0;0
7230;0;1610.0;0;46.5;23.25;985.0;14.29;40.0;3.39;11.0;389.30;1.0;0;0;0;0
7690;0;1530.0;0;46.5;23.25;985.0;14.29;40.0;3.47;14.0;394.03;1.0;0;0;0;0
8064;0;1530.0;0;46.5;23.25;985.0;14.29;39.0;3.47;14.0;375.95;1.0;0;0;0;0
8443;0;1540.0;0;46.5;23.25;985.0;14.29;40.0;3.50;17.0;379.23;1.0;0;0;0;0
8844;0;1550.0;0;46.5;23.25;985.0;14.29;39.0;3.41;12.0;373.05;1.0;0;0;0;0
9364;0;1560.0;0;46.5;23.25;985.0;14.29;39.0;3.36;14.5;372.52;1.0;0;0;0;0
9828;0;1500.0;0;46.5;23.25;985.0;14.29;40.0;3.50;18.0;358.10;1.0;0;0;0;0
10283;0;1460.0;0;47.25;23.25;985.0;14.20;40.0;3.49;19.0;357.87;1.0;0;0;0;0
10745;0;1490.0;0;47.25;23.25;985.0;14.20;40.0;3.49;15.5;341.77;1.0;0;0;0;0
11143;0;1550.0;0;47.25;23.25;985.0;14.29;40.0;3.44;13.0;332.47;1.0;0;0;0;0
11512;0;1580.0;0;47.25;23.25;985.0;14.20;40.0;3.44;11.0;334.60;1.0;0;0;0;0
11877;0;1570.0;0;47.25;23.25;985.0;14.29;40.0;3.41;12.5;323.69;1.0;0;0;0;0
12269;0;1540.0;0;47.25;23.25;985.0;14.11;39.0;3.39;20.0;322.24;1.0;0;0;0;0
12642;3.0;1540.0;0;48.0;23.25;985.0;14.29;37.0;3.38;15.5;316.83;1.0;0;0;0;0
13038;3.0;1550.0;0;48.0;23.25;985.0;14.20;37.0;3.25;14.5;320.57;1.0;0;0;0;0
13441;3.0;1560.0;0;48.0;23.25;985.0;14.29;37.0;3.25;18.5;308.74;1.0;0;0;0;0
13831;3.0;1470.0;0;48.0;23.25;985.0;14.29;35.0;3.31;20.5;656.39;1.0;0;0;0;0
14205;0;1600.0;0;48.0;23.25;985.0;14.29;35.0;3.15;15.0;505.87;1.0;0;0;0;0
14583;3.0;1550.0;0;48.0;23.25;985.0;14.29;35.0;3.23;21.0;693.01;1.0;0;0;0;0
14978;3.0;1490.0;0;48.0;23.25;985.0;14.29;34.0;3.25;17.5;710.56;1.0;0;0;0;0
15297;3.0;1450.0;0;48.0;23.25;985.0;14.29;35.0;3.31;20.5;539.44;1.0;0;0;0;0
15653;0;1480.0;0;48.0;23.25;985.0;14.29;36.0;3.31;18.0;303.71;1.0;0;0;0;0
16120;0;1570.0;0;48.0;23.25;985.0;14.29;36.0;3.25;16.0;457.58;1.0;0;0;0;0
16481;0;1570.0;0;48.0;23.25;985.0;14.29;37.0;3.23;18.0;703.24;1.0;0;0;0;0
16825;0;1470.0;0;48.75;23.25;985.0;14.29;37.0;3.34;18.0;582.93;1.0;0;0;0;0
17193;0;1540.0;0;48.75;23.25;985.0;14.29;37.0;3.30;15.5;292.26;1.0;0;0;0;0
17584;0;1490.0;0;48.75;23.25;985.0;14.29;37.0;3.38;15.0;249.69;1.0;0;0;0;0
18108;0;1650.0;0;48.75;23.25;985.0;14.39;41.0;3.35;15.0;236.11;1.0;0;0;0;0
18502;0;1510.0;0;48.75;23.25;985.0;14.29;40.0;3.45;17.0;241.38;1.0;0;0;0;0
18881;0;1470.0;5.17;48.75;23.25;985.0;14.29;46.0;4.07;15.5;233.52;1.0;0;0;0;0
19280;0;2190.0;8.93;48.75;23.25;985.0;14.01;45.0;5.11;17.0;806.00;1.0;0;0;0;0
19601;0;2020.0;8.93;48.75;23.25;985.0;14.01;43.0;5.24;17.0;803.94;1.0;0;0;0;0
19957;3.0;1900.0;0;48.75;23.25;985.0;14.01;42.0;3.50;15.5;797.99;1.0;0;0;0;0
20436;4.0;1880.0;0;48.75;23.25;985.0;14.20;42.0;3.24;15.0;829.73;1.0;0;0;0;0
20822;3.0;1790.0;0;49.5;23.25;985.0;14.01;40.0;3.24;15.0;816.83;1.0;0;0;0;0
21184;0;1540.0;0;49.5;23.25;985.0;14.29;39.0;3.39;15.0;805.69;1.0;0;0;0;0
21585;0;1620.0;0;49.5;23.25;985.0;14.29;39.0;3.30;12.5;791.50;1.0;0;0;0;0
21953;0;1460.0;0;49.5;23.25;985.0;14.29;38.0;3.41;19.0;786.54;1.0;0;0;0;0
22415;0;1580.0;0;49.5;23.25;985.0;14.20;37.0;3.25;12.5;773.65;1.0;0;0;0;0
22875;3.0;1580.0;0;49.5;23.25;985.0;14.29;37.0;3.25;18.0;745.81;1.0;0;0;0;0
23275;0;1520.0;0;49.5;23.25;985.0;14.20;36.0;3.27;19.0;770.75;1.0;0;0;0;0
23643;0;1480.0;0;49.5;23.25;985.0;14.20;42.0;3.58;25.0;683.55;1.0;0;0;0;0
24040;3.0;1630.0;0;49.5;23.25;985.0;14.11;37.0;3.23;15.0;736.65;1.0;0;0;0;0
24412;3.0;1550.0;0;49.5;23.25;985.0;14.01;36.0;3.26;19.0;490.16;1.0;0;0;0;0
24811;3.0;1400.0;0;50.25;23.25;985.0;14.29;36.0;3.33;19.0;637.86;1.0;0;0;0;0
25178;4.0;1360.0;0;50.25;23.25;985.0;14.20;44.0;3.81;26.0;231.38;1.0;0;0;0;0
25639;4.0;1730.0;0.94;50.25;23.25;985.0;14.29;39.0;3.66;16.5;381.06;1.0;0;0;0;0
26100;4.0;1920.0;1.41;50.25;23.25;985.0;14.11;41.0;3.69;18.0;837.51;1.0;0;0;0;0
26501;4.0;1290.0;3.29;51.0;23.25;985.0;14.29;41.0;5.65;15.5;686.61;1.0;0;0;0;0
26939;4.0;2450.0;9.88;51.0;23.25;985.0;13.92;41.0;4.87;23.5;855.28;1.0;0;0;0;0
27332;7.0;2750.0;9.88;51.0;23.25;985.0;13.92;41.0;4.57;39.0;860.85;1.0;0;0;0;0
27692;12.0;2090.0;4.70;51.0;23.25;985.0;13.92;41.0;5.24;17.5;864.59;1.0;0;0;0;0
28100;12.0;1440.0;0;51.0;23.25;985.0;14.29;39.0;3.46;21.0;767.78;1.0;0;0;0;0
28503;13.0;2030.0;4.70;51.0;23.25;985.0;14.01;41.0;5.04;18.0;887.93;1.0;0;0;0;0
28814;13.0;2020.0;6.11;51.0;23.25;985.0;13.92;41.0;5.37;17.5;880.31;1.0;0;0;0;0
29173;16.0;2030.0;7.52;51.0;23.25;985.0;13.92;41.0;5.52;17.5;877.48;1.0;0;0;0;0
29568;16.0;2220.0;7.99;51.0;23.25;985.0;14.01;41.0;5.37;18.0;879.62;1.0;0;0;0;0
29943;18.0;2400.0;8.46;51.0;23.25;985.0;14.01;41.0;5.21;23.5;881.45;1.0;0;0;0;0
30322;19.0;2600.0;7.99;51.75;23.25;985.0;13.92;41.0;5.04;30.5;887.40;1.0;0;0;0;0
30690;21.0;2180.0;0;51.75;23.25;985.0;14.01;41.0;2.98;15.0;866.95;1.0;0;0;0;0
31072;21.0;1960.0;0;51.75;23.25;985.0;14.01;40.0;3.06;15.0;884.42;1.0;0;0;0;0
31453;21.0;1860.0;9.88;51.75;23.25;985.0;14.20;41.0;5.85;15.5;876.87;1.0;0;0;0;0
31912;22.0;1940.0;10.35;51.75;23.25;985.0;14.29;41.0;5.85;15.5;869.09;1.0;0;0;0;0
32367;25.0;1990.0;10.35;51.75;23.25;985.0;14.11;41.0;5.85;16.0;864.97;1.0;0;0;0;0
32711;25.0;2150.0;10.82;51.75;23.25;985.0;14.11;41.0;5.65;17.0;871.30;1.0;0;0;0;0
33080;27.0;2040.0;0;51.75;23.25;985.0;14.01;41.0;3.08;15.0;855.59;1.0;0;0;0;0
33459;27.0;1980.0;0;51.75;23.25;985.0;14.01;41.0;3.10;15.0;893.50;1.0;0;0;0;0
33826;27.0;1920.0;0;51.75;23.25;985.0;14.11;40.0;3.10;15.0;887.48;1.0;0;0;0;0
34192;25.0;1770.0;0;52.5;23.25;985.0;14.29;40.0;3.20;15.0;873.21;1.0;0;0;0;0
34661;24.0;1830.0;0;52.5;23.25;985.0;14.29;40.0;3.17;15.0;869.85;1.0;0;0;0;0
35062;22.0;1750.0;0;52.5;23.25;985.0;14.29;39.0;3.13;15.0;870.08;1.0;0;0;0;0
35440;22.0;1640.0;0;52.5;23.25;985.0;14.29;39.0;3.26;15.0;857.72;1.0;0;0;0;0
35843;21.0;1640.0;0;53.25;23.25;985.0;14.29;39.0;3.31;15.0;843.08;1.0;0;0;0;0
36222;22.0;1660.0;0;53.25;23.25;985.0;14.29;39.0;3.22;15.0;851.32;1.0;0;0;0;0
36601;21.0;1620.0;0;53.25;23.25;985.0;14.20;39.0;3.26;15.0;817.98;1.0;0;0;0;0
37025;19.0;1620.0;0;53.25;23.25;985.0;14.29;39.0;3.26;15.0;801.88;1.0;0;0;0;0
37359;21.0;1660.0;0;53.25;23.25;985.0;14.20;39.0;3.22;15.0;683.93;1.0;0;0;0;0
37709;18.0;1610.0;0;53.25;23.25;985.0;14.29;39.0;3.26;15.0;836.06;1.0;0;0;0;0
38085;18.0;1600.0;0;53.25;23.25;985.0;14.29;39.0;3.26;15.0;842.77;1.0;0;0;0;0
38484;16.0;1630.0;0;53.25;23.25;985.0;14.29;39.0;3.26;15.0;835.75;1.0;0;0;0;0
38812;16.0;1600.0;0;53.25;23.25;985.0;14.20;39.0;3.31;15.0;836.67;1.0;0;0;0;0
39164;15.0;1670.0;0;53.25;23.25;985.0;14.20;39.0;3.22;15.0;818.05;1.0;0;0;0;0
39565;12.0;1690.0;0;53.25;23.25;985.0;14.29;39.0;3.27;15.0;835.29;1.0;0;0;0;0
39886;10.0;1610.0;0;54.0;23.25;985.0;14.29;38.0;3.23;15.0;844.91;1.0;0;0;0;0
40256;10.0;1510.0;0;54.0;23.25;985.0;14.29;38.0;3.31;17.0;817.67;1.0;0;0;0;0
40715;7.0;1570.0;0;54.0;23.25;985.0;14.11;38.0;3.27;15.0;836.90;1.0;0;0;0;0
41179;6.0;1650.0;0;54.0;23.25;985.0;14.01;38.0;3.21;15.0;848.11;1.0;0;0;0;0
41659;0;1610.0;0;54.0;23.25;985.0;14.29;38.0;3.23;12.5;736.04;1.0;0;0;0;0
42104;0;1410.0;0;54.0;23.25;985.0;14.29;38.0;3.41;19.0;672.57;1.0;0;0;0;0
42478;0;1540.0;0;54.0;23.25;985.0;14.29;37.0;3.26;17.0;422.87;1.0;0;0;0;0
42835;0;1600.0;0;54.0;23.25;985.0;14.29;37.0;3.19;17.5;665.24;1.0;0;0;0;0
43228;0;1430.0;0;54.0;23.25;985.0;14.39;36.0;3.36;17.5;546.38;1.0;0;0;0;0
43597;0;1490.0;0;54.75;23.25;985.0;14.20;36.0;3.25;17.5;324.69;1.0;0;0;0;0
43968;0;1570.0;0;54.75;23.25;985.0;14.29;35.0;3.14;12.5;214.83;1.0;0;0;0;0
44340;0;1400.0;0;54.75;23.25;985.0;14.29;36.0;3.34;21.5;749.47;1.0;0;0;0;0
44811;0;1540.0;0;54.75;23.25;985.0;14.11;36.0;3.21;18.0;207.73;1.0;0;0;0;0
45141;0;1480.0;0;54.75;23.25;985.0;14.20;37.0;3.25;18.0;161.73;1.0;0;0;0;0
45511;0;1580.0;0;54.75;23.25;985.0;14.11;37.0;3.23;14.0;116.57;1.0;0;0;0;0
45861;0;1510.0;0;54.75;23.25;985.0;14.20;37.0;3.24;14.0;134.42;1.0;0;0;0;0
46238;0;1410.0;0;54.75;23.25;985.0;14.29;37.0;3.36;20.0;95.89;1.0;0;0;0;0
46559;0;1540.0;0;54.75;23.25;985.0;14.20;37.0;3.24;16.0;91.70;1.0;0;0;0;0
46928;0;1570.0;0;54.75;23.25;985.0;14.20;37.0;3.24;15.0;107.41;1.0;0;0;0;0
47302;0;1550.0;0;54.75;23.25;985.0;14.20;38.0;3.25;23.5;96.58;1.0;0;0;0;0
47680;0;1440.0;0;55.5;23.25;985.0;14.29;38.0;3.42;17.0;99.02;1.0;0;0;0;0
47994;0;1590.0;0;55.5;23.25;985.0;14.11;38.0;3.25;12.5;99.78;1.0;0;0;0;0
48365;0;1500.0;0;55.5;23.25;985.0;14.20;38.0;3.34;14.5;121.52;1.0;0;0;0;0
48737;0;1500.0;0;55.5;23.25;985.0;14.20;38.0;3.29;17.0;88.87;1.0;0;0;0;0
49111;0;1570.0;0;55.5;23.25;985.0;14.11;39.0;3.28;12.5;88.80;1.0;0;0;0;0
49470;0;1510.0;0;56.25;23.25;985.0;14.20;39.0;3.34;14.5;96.58;1.0;0;0;0;0
49882;0;1540.0;0;56.25;23.25;985.0;14.11;39.0;3.40;11.0;92.15;1.0;0;0;0;0
50266;0;1520.0;0;56.25;23.25;985.0;14.11;38.0;3.34;15.5;95.36;1.0;0;0;0;0
50638;0;1490.0;0;56.25;23.25;985.0;14.11;39.0;3.43;18.0;96.96;1.0;0;0;0;0
50950;0;1550.0;0;56.25;23.25;985.0;14.11;39.0;3.30;12.0;103.14;1.0;0;0;0;0
51320;0;1510.0;0;56.25;23.25;985.0;14.11;38.0;3.31;13.0;93.37;1.0;0;0;0;0
51684;0;1530.0;0;56.25;23.25;985.0;14.11;39.0;3.34;16.0;86.58;1.0;0;0;0;0
52006;0;1490.0;0;56.25;23.25;985.0;14.11;41.0;3.38;15.0;86.43;1.0;0;0;0;0
52377;0;1620.0;0;56.25;23.25;985.0;14.01;39.0;3.26;9.0;85.52;1.0;0;0;0;0
52756;0;1450.0;0;56.25;23.25;985.0;14.20;39.0;3.38;17.5;93.91;1.0;0;0;0;0
53135;0;1590.0;0;56.25;23.25;985.0;14.11;39.0;3.28;11.0;95.89;1.0;0;0;0;0
53505;0;1500.0;0;56.25;23.25;985.0;14.29;39.0;3.34;13.0;91.47;1.0;0;0;0;0
53943;0;1540.0;0;57.0;23.25;985.0;14.29;39.0;3.39;12.0;85.06;1.0;0;0;0;0
54312;0;1610.0;0;57.0;23.25;985.0;14.11;39.0;3.31;10.0;101.23;1.0;0;0;0;0
54682;0;1440.0;0;57.0;23.25;985.0;14.29;39.0;3.42;19.0;118.55;1.0;0;0;0;0
55056;0;1590.0;0;57.0;23.25;985.0;14.20;39.0;3.33;10.0;81.32;1.0;0;0;0;0
55414;0;1600.0;0;57.0;23.25;985.0;14.01;38.0;3.26;13.0;113.90;1.0;0;0;0;0
55728;0;1460.0;0;57.0;23.25;985.0;14.20;38.0;3.35;17.5;126.18;1.0;0;0;0;0
56098;0;1570.0;0;57.0;23.25;985.0;14.29;38.0;3.28;12.5;85.59;1.0;0;0;0;0
56469;0;1490.0;0;57.0;23.25;985.0;14.29;39.0;3.43;18.5;85.44;1.0;0;0;0;0
56794;0;1560.0;0;57.0;23.25;985.0;14.29;39.0;3.28;12.5;90.78;1.0;0;0;0;0
57166;0;1400.0;0;57.0;23.25;985.0;14.29;39.0;3.47;14.5;80.71;1.0;0;0;0;0
57536;0;1490.0;0;57.0;23.25;985.0;14.20;38.0;3.35;14.5;88.26;1.0;0;0;0;0
57919;0;1570.0;0;57.0;23.25;985.0;14.29;38.0;3.25;12.5;86.58;1.0;0;0;0;0
58232;0;1540.0;5.17;57.75;23.25;985.0;14.29;39.0;3.42;16.0;86.66;1.0;0;0;0;0
58603;0;2100.0;0;57.75;23.25;985.0;14.01;44.0;3.11;0.5;897.47;1.0;0;0;0;0
58976;0;1530.0;0;57.75;23.25;985.0;14.29;44.0;3.60;11.5;917.76;1.0;0;0;0;0
59350;0;1560.0;0;57.75;23.25;985.0;14.11;43.0;3.51;12.5;327.74;1.0;0;0;0;0
59663;0;1530.0;0;57.75;23.25;985.0;14.20;42.0;3.51;13.0;122.75;1.0;0;0;0;0
60045;0;1500.0;5.17;57.75;23.25;985.0;14.11;42.0;5.02;16.0;87.42;1.0;0;0;0;0
60400;0;1980.0;8.93;57.75;23.25;985.0;14.01;43.0;5.37;18.5;922.80;1.0;0;0;0;0
60726;0;2400.0;10.35;57.75;23.25;985.0;14.01;42.0;4.77;22.5;919.90;1.0;0;0;0;0
61050;3.0;2070.0;10.35;57.75;23.25;985.0;14.01;42.0;5.06;16.5;894.11;1.0;0;0;0;0
61380;6.0;1830.0;10.82;57.75;23.25;985.0;14.01;41.0;5.28;15.5;881.30;1.0;0;0;0;0
61853;9.0;1930.0;12.23;57.75;23.25;985.0;14.29;41.0;6.06;15.0;871.38;1.0;0;0;0;0
62281;12.0;2010.0;15.99;57.75;23.25;985.0;14.01;41.0;6.57;9.0;929.21;1.0;0;0;0;0
62644;15.0;2090.0;15.99;57.75;23.25;985.0;14.11;41.0;6.49;9.0;938.74;1.0;0;0;0;0
63029;18.0;2300.0;15.99;58.5;23.25;985.0;13.92;41.0;6.21;19.0;930.58;1.0;0;0;0;0
63342;21.0;2700.0;15.99;58.5;23.25;985.0;14.01;41.0;5.73;34.0;929.13;1.0;0;0;0;0
63713;21.0;2900.0;15.99;58.5;23.25;985.0;13.92;41.0;5.51;41.5;929.28;1.0;0;0;0;0
64087;24.0;3200.0;15.99;58.5;23.25;985.0;13.82;41.0;5.23;44.0;918.60;1.0;0;0;0;0
64477;25.0;3400.0;15.52;58.5;23.25;985.0;13.82;41.0;5.16;46.0;916.24;1.0;0;0;0;0
64849;27.0;3000.0;0;59.25;23.25;985.0;13.92;40.0;2.36;27.5;845.90;1.0;0;0;0;0
65168;27.0;2600.0;15.99;59.25;23.25;985.0;13.92;40.0;5.85;34.0;924.93;1.0;0;0;0;0
65554;28.0;2400.0;15.99;59.25;23.25;985.0;14.01;40.0;6.03;21.0;926.38;1.0;0;0;0;0
65911;30.0;2550.0;14.11;59.25;23.25;985.0;14.01;40.0;5.66;28.0;940.88;1.0;0;0;0;0
66306;31.0;2550.0;7.05;59.25;23.25;985.0;13.92;40.0;4.88;30.5;972.16;1.0;0;0;0;0
66652;31.0;2500.0;4.70;59.25;23.25;985.0;14.01;40.0;4.40;25.0;961.71;1.0;0;0;0;0
67030;30.0;2450.0;4.70;59.25;23.25;985.0;14.01;40.0;4.49;24.0;909.91;1.0;0;0;0;0
67343;30.0;2450.0;8.46;59.25;22.5;985.0;13.92;40.0;5.14;23.5;969.87;1.0;0;0;0;0
67713;30.0;2500.0;8.46;59.25;22.5;985.0;14.01;40.0;5.09;28.0;959.65;1.0;0;0;0;0
68085;31.0;2550.0;8.46;59.25;22.5;985.0;13.92;40.0;5.04;30.5;963.54;1.0;0;0;0;0
68405;33.0;2650.0;8.46;59.25;22.5;985.0;14.01;40.0;4.93;33.0;965.29;1.0;0;0;0;0
68801;33.0;2700.0;8.46;59.25;22.5;985.0;13.92;40.0;4.80;35.5;965.06;1.0;0;0;0;0
69113;33.0;2750.0;7.99;60.0;22.5;985.0;13.92;40.0;4.73;38.0;965.29;1.0;0;0;0;0
69440;33.0;2750.0;6.58;60.0;22.5;985.0;13.92;40.0;4.59;37.5;965.67;1.0;0;0;0;0
69752;33.0;2650.0;4.70;60.0;22.5;985.0;13.92;40.0;4.27;34.0;967.35;1.0;0;0;0;0
70123;31.0;2650.0;5.17;60.0;22.5;985.0;13.92;40.0;4.33;32.0;967.35;1.0;0;0;0;0
70505;33.0;2650.0;7.05;60.0;22.5;985.0;14.01;40.0;4.80;35.0;965.37;1.0;0;0;0;0
70869;33.0;2750.0;9.41;60.0;22.5;985.0;13.92;40.0;4.91;39.0;957.82;1.0;0;0;0;0
71240;33.0;2850.0;9.41;60.0;22.5;985.0;13.92;40.0;4.74;39.5;953.70;1.0;0;0;0;0
71555;34.0;2900.0;7.05;60.0;22.5;985.0;13.92;40.0;4.42;39.5;961.02;1.0;0;0;0;0
71926;36.0;2900.0;6.58;60.0;22.5;985.0;13.92;40.0;4.37;39.5;968.19;1.0;0;0;0;0
72301;34.0;2900.0;6.11;60.0;22.5;985.0;13.92;40.0;4.33;39.5;967.73;1.0;0;0;0;0
72671;34.0;2950.0;9.88;60.0;22.5;985.0;13.92;40.0;4.69;41.0;963.39;1.0;0;0;0;0
73102;36.0;3000.0;10.35;60.0;22.5;985.0;13.92;40.0;4.63;41.5;955.30;1.0;0;0;0;0
73466;36.0;3050.0;8.93;60.0;22.5;985.0;13.92;40.0;4.47;42.5;956.98;1.0;0;0;0;0
73780;37.0;3050.0;7.05;60.75;22.5;985.0;13.92;40.0;4.28;42.5;965.83;1.0;0;0;0;0
74151;37.0;3050.0;6.11;60.75;22.5;985.0;13.92;40.0;4.19;42.5;968.04;1.0;0;0;0;0
74533;37.0;3050.0;4.70;60.75;22.5;985.0;13.92;40.0;3.82;40.0;951.33;1.0;0;0;0;0
74846;36.0;2900.0;0;60.75;22.5;985.0;13.82;38.0;2.69;33.0;849.71;1.0;0;0;0;0
75216;33.0;2850.0;0;60.75;22.5;985.0;13.92;38.0;2.38;25.0;866.34;1.0;0;0;0;0
75553;33.0;2800.0;0;60.75;22.5;985.0;13.92;37.0;2.35;24.0;936.61;1.0;0;0;0;0
75866;33.0;2700.0;0;60.75;22.5;985.0;13.92;37.0;2.43;22.5;907.01;1.0;0;0;0;0
76236;31.0;2650.0;0;60.75;22.5;985.0;13.92;37.0;2.45;22.5;925.32;1.0;0;0;0;0
76607;31.0;2600.0;0;60.75;22.5;985.0;13.92;37.0;2.48;21.0;954.08;1.0;0;0;0;0
76977;30.0;2550.0;0;60.75;22.5;985.0;13.92;37.0;2.54;20.0;948.05;1.0;0;0;0;0
77307;30.0;2400.0;0;60.75;22.5;985.0;14.11;37.0;2.62;17.5;944.24;1.0;0;1.0;0;0
77679;27.0;2300.0;0;60.75;22.5;985.0;14.20;37.0;2.63;16.0;934.70;1.0;0;0;0;0
78049;25.0;2140.0;0;61.5;22.5;985.0;14.20;37.0;2.74;15.0;900.98;1.0;0;1.0;0;0
78427;25.0;2110.0;0;61.5;22.5;985.0;14.20;37.0;2.72;15.0;916.77;1.0;0;1.0;0;0
78755;22.0;1910.0;0;61.5;22.5;985.0;14.20;37.0;2.82;15.0;897.39;1.0;0;1.0;0;0
79129;18.0;1550.0;0;61.5;22.5;985.0;14.29;37.0;3.02;15.0;822.48;1.0;0;1.0;0;0
79503;15.0;1500.0;0;61.5;22.5;985.0;14.29;40.0;3.21;25.0;278.15;1.0;0;1.0;0;0
79864;10.0;1480.0;0;61.5;22.5;985.0;14.20;37.0;3.15;15.0;91.77;1.0;0;1.0;0;0
80197;9.0;1610.0;0;61.5;22.5;985.0;14.29;37.0;3.07;15.0;78.50;1.0;0;1.0;0;0
80559;9.0;1470.0;0;62.25;22.5;985.0;14.11;37.0;3.25;19.0;74.45;1.0;0;0;0;0
80953;10.0;2230.0;10.35;62.25;22.5;985.0;14.01;40.0;5.50;17.5;881.53;1.0;0;0;0;0
81266;13.0;1970.0;10.82;62.25;22.5;985.0;14.01;40.0;5.79;15.5;913.72;1.0;0;0;0;0
81642;16.0;2100.0;11.29;62.25;22.5;985.0;14.01;40.0;5.63;16.5;915.32;1.0;0;0;0;0
82012;18.0;2350.0;11.29;62.25;22.5;985.0;14.01;40.0;5.40;22.0;925.55;1.0;0;0;0;0
82391;21.0;2350.0;0;62.25;22.5;985.0;13.92;40.0;2.74;16.5;918.07;1.0;0;1.0;0;0
82706;19.0;2070.0;0;62.25;22.5;985.0;14.01;39.0;2.89;15.0;952.09;1.0;0;1.0;0;0
83078;21.0;1990.0;0;62.25;22.5;985.0;14.01;39.0;2.88;15.0;934.32;1.0;0;1.0;0;0
83428;21.0;1920.0;0;62.25;22.5;985.0;13.92;38.0;2.86;15.0;912.96;1.0;0;1.0;0;0
83800;19.0;1900.0;0;62.25;22.5;985.0;14.01;38.0;2.81;15.0;907.01;1.0;0;1.0;0;0
84170;21.0;1790.0;0;62.25;22.5;985.0;14.01;37.0;2.87;15.0;896.10;1.0;0;1.0;0;0
84540;21.0;1600.0;0.94;62.25;22.5;985.0;14.20;37.0;3.19;15.0;710.71;1.0;0;0;0;0
84918;19.0;2270.0;7.52;62.25;22.5;985.0;14.01;40.0;5.15;18.0;925.39;1.0;0;0;0;0
85232;19.0;2290.0;0;62.25;22.5;985.0;14.01;38.0;2.79;16.5;953.93;1.0;0;1.0;0;0
85602;16.0;2130.0;1.88;63.0;22.5;985.0;14.01;40.0;4.15;19.0;942.94;1.0;0;0;0;0
85973;16.0;2400.0;9.88;63.0;22.5;985.0;13.92;40.0;5.25;23.5;947.52;1.0;0;0;0;0
86302;19.0;2350.0;14.11;63.0;22.5;985.0;13.92;40.0;5.76;21.5;906.09;1.0;0;0;0;0
86673;19.0;2550.0;21.17;63.0;22.5;985.0;14.01;40.0;6.50;28.0;911.51;1.0;0;0;0;0
86992;21.0;2750.0;22.11;63.0;22.5;985.0;13.92;40.0;6.35;34.0;937.45;1.0;0;0;0;0
87382;22.0;2950.0;22.11;63.0;22.5;985.0;13.92;40.0;6.14;37.5;945.23;1.0;0;0;0;0
87753;24.0;3100.0;22.58;63.0;22.5;985.0;13.92;40.0;6.00;41.0;939.43;1.0;0;0;0;0
88124;24.0;3300.0;0;63.0;21.75;985.0;13.92;40.0;2.48;32.0;932.26;1.0;0;0;0;0
88437;24.0;2110.0;18.82;63.0;21.75;985.0;14.01;40.0;6.80;15.5;874.05;1.0;0;0;0;0
88828;25.0;2020.0;28.70;63.0;21.75;985.0;14.01;40.0;9.15;3.0;950.26;1.0;0;0;0;0
89148;28.0;2400.0;32.93;63.0;21.75;985.0;14.11;40.0;8.99;3.0;956.75;1.0;0;0;0;0
89520;30.0;2400.0;30.58;63.0;21.75;985.0;13.92;40.0;8.90;6.5;971.24;1.0;0;0;0;0
89913;31.0;2600.0;28.70;63.0;21.75;985.0;13.92;40.0;8.36;10.5;972.31;1.0;0;0;0;0
90241;33.0;2700.0;27.75;63.0;21.75;985.0;13.92;40.0;7.79;17.5;969.49;1.0;0;0;0;0
90588;33.0;2800.0;24.46;63.0;21.75;985.0;13.92;40.0;6.87;27.5;969.34;1.0;0;0;0;0
90958;34.0;2850.0;21.64;63.0;21.75;985.0;13.92;40.0;6.14;35.5;955.07;1.0;0;0;0;0
91384;36.0;2900.0;20.70;63.75;21.75;985.0;13.92;40.0;5.97;40.5;942.79;1.0;0;0;0;0
91754;36.0;2950.0;20.70;63.75;21.75;985.0;13.92;40.0;5.79;42.5;934.55;1.0;0;0;0;0
92126;36.0;3100.0;27.75;63.75;21.75;985.0;13.82;40.0;7.09;33.0;949.58;1.0;0;0;0;0
92478;39.0;3250.0;33.87;63.75;21.75;985.0;13.92;40.0;8.16;22.5;962.85;1.0;0;0;0;0
92793;41.0;3300.0;26.34;63.75;21.75;985.0;13.92;40.0;6.65;35.5;964.53;1.0;0;0;0;0
93163;41.0;3350.0;24.46;63.75;21.75;985.0;13.92;40.0;6.31;39.5;937.52;1.0;0;0;0;0
93533;41.0;3450.0;22.11;63.75;21.75;985.0;13.92;40.0;5.75;44.5;926.54;1.0;0;0;0;0
93914;42.0;3550.0;19.76;64.5;21.75;985.0;13.92;40.0;5.39;47.0;892.05;1.0;0;0;0;0
94253;42.0;3500.0;14.11;64.5;21.75;985.0;13.82;40.0;4.81;47.0;921.50;1.0;0;0;0;0
94601;44.0;3550.0;13.17;64.5;21.75;985.0;13.82;40.0;4.67;47.5;933.94;1.0;0;0;0;0
94997;44.0;3550.0;13.17;64.5;21.75;985.0;13.92;40.0;4.65;47.0;935.69;1.0;0;0;0;0
95412;44.0;3600.0;17.87;64.5;21.75;985.0;13.92;40.0;5.29;47.5;941.18;1.0;0;0;0;0
95785;45.0;3600.0;26.34;64.5;21.75;985.0;13.82;40.0;6.52;40.5;931.72;1.0;0;0;0;0
96096;45.0;3850.0;39.99;64.5;21.75;985.0;13.82;40.0;9.04;24.0;969.49;1.0;0;1.0;0;0
96414;48.0;3750.0;0;64.5;22.5;985.0;13.82;40.0;2.08;39.0;966.97;1.0;0;0;0;0
96782;47.0;2750.0;15.99;64.5;22.5;985.0;13.92;40.0;5.62;40.0;796.62;1.0;0;0;0;0
97118;48.0;2900.0;22.58;64.5;22.5;985.0;13.92;40.0;6.21;37.5;944.24;1.0;0;0;0;0
97431;48.0;2950.0;21.64;64.5;22.5;985.0;13.92;40.0;6.11;39.0;950.95;1.0;0;0;0;0
97757;48.0;3000.0;18.82;64.5;22.5;985.0;13.92;40.0;5.55;42.5;934.01;1.0;0;0;0;0
98136;48.0;3000.0;17.40;64.5;22.5;985.0;13.92;40.0;5.42;42.5;933.86;1.0;0;0;0;0
98506;50.0;3000.0;16.46;64.5;22.5;985.0;13.92;40.0;5.38;43.0;932.72;1.0;0;0;0;0
98870;48.0;3000.0;11.76;64.5;22.5;985.0;13.92;40.0;4.78;42.5;938.29;1.0;0;0;0;0
99213;48.0;2950.0;7.52;64.5;22.5;985.0;13.92;40.0;4.43;41.5;965.75;1.0;0;0;0;0
99530;47.0;2850.0;0.94;65.25;22.5;985.0;13.92;37.0;2.91;34.0;802.03;1.0;0;0;0;0
99907;45.0;2750.0;0.94;65.25;22.5;985.0;13.92;37.0;2.92;29.0;761.90;1.0;0;0;0;0
100277;45.0;2900.0;8.93;65.25;21.75;985.0;13.92;39.0;4.55;40.0;949.20;1.0;0;0;0;0
100590;44.0;2700.0;8.46;65.25;22.5;985.0;13.92;39.0;4.71;38.0;960.49;1.0;0;0;0;0
100960;44.0;2700.0;7.52;65.25;21.75;985.0;13.92;39.0;4.63;37.5;961.40;1.0;0;0;0;0
101335;44.0;2700.0;6.11;65.25;21.75;985.0;13.92;39.0;4.48;35.0;964.68;1.0;0;0;0;0
101711;44.0;2700.0;4.70;65.25;21.75;985.0;14.01;39.0;4.22;34.0;972.01;1.0;0;0;0;0
102082;44.0;2650.0;4.23;65.25;21.75;985.0;13.92;39.0;4.22;32.0;973.61;1.0;0;0;0;0
102452;42.0;2650.0;8.46;65.25;21.75;985.0;14.01;39.0;4.92;33.0;971.47;1.0;0;0;0;0
102837;42.0;2550.0;10.35;65.25;21.75;985.0;14.01;39.0;5.06;30.5;951.10;1.0;0;0;0;0
103208;44.0;2650.0;13.64;65.25;21.75;985.0;13.92;39.0;5.37;34.0;900.67;1.0;0;0;0;0
103578;44.0;2650.0;13.64;65.25;21.75;985.0;13.92;39.0;5.37;37.0;910.44;1.0;0;0;0;0
103891;44.0;2650.0;13.64;65.25;21.75;985.0;13.92;39.0;5.37;37.0;914.48;1.0;0;0;0;0
104257;45.0;2750.0;10.82;65.25;21.75;985.0;14.01;39.0;5.01;39.5;921.43;1.0;0;0;0;0
104627;45.0;2700.0;0.47;66.0;21.75;985.0;13.92;37.0;3.04;32.0;970.56;1.0;0;0;0;0
104962;44.0;2650.0;0;66.0;21.75;985.0;13.92;37.0;2.42;21.5;735.51;1.0;0;0;0;0
105338;42.0;2550.0;0;66.0;21.75;985.0;13.92;36.0;2.49;21.0;888.01;1.0;0;0;0;0
105650;42.0;2550.0;0;66.0;21.75;985.0;14.01;36.0;2.48;20.0;958.66;1.0;0;0;0;0
106020;41.0;2550.0;0;66.0;21.75;985.0;14.01;36.0;2.48;20.0;957.43;1.0;0;0;0;0
106390;37.0;2350.0;0;66.0;21.75;985.0;14.01;36.0;2.59;16.5;956.90;1.0;0;0;0;0
106720;39.0;2400.0;0;66.0;21.75;985.0;14.01;36.0;2.56;17.5;953.09;1.0;0;0;0;0
107091;37.0;2300.0;0;66.0;21.75;985.0;14.20;36.0;2.59;16.5;950.42;1.0;0;0;0;0
107461;34.0;2160.0;0;66.0;21.75;985.0;14.01;36.0;2.71;15.0;943.17;1.0;0;1.0;0;0
107840;33.0;2090.0;0;66.0;21.75;985.0;14.11;36.0;2.73;15.0;930.43;1.0;0;1.0;0;0
108212;31.0;1930.0;0;66.0;21.75;985.0;14.01;36.0;2.78;15.0;910.21;1.0;0;1.0;0;0
108527;28.0;1790.0;0;66.0;21.75;985.0;14.11;36.0;2.85;15.0;880.23;1.0;0;1.0;0;0
108898;25.0;1610.0;0;66.0;21.75;985.0;14.29;36.0;2.92;15.0;748.25;1.0;0;1.0;0;0
109276;24.0;1490.0;0;66.0;21.75;985.0;14.20;36.0;2.97;17.0;523.50;1.0;0;1.0;0;0
109646;24.0;1500.0;0;66.0;21.75;985.0;14.29;36.0;2.99;17.0;142.50;1.0;0;1.0;0;0
110016;22.0;1900.0;0;66.0;21.75;985.0;14.29;36.0;2.78;15.0;92.76;1.0;0;1.0;0;0
110400;21.0;1850.0;0;66.0;21.75;985.0;14.11;36.0;2.74;15.0;838.35;1.0;0;1.0;0;0
110713;21.0;1710.0;0;66.75;21.75;985.0;14.20;36.0;2.85;15.0;230.85;1.0;0;1.0;0;0
111083;19.0;1640.0;0;66.75;21.75;985.0;14.29;36.0;2.93;15.0;92.08;1.0;0;1.0;0;0
111455;16.0;1460.0;0;66.75;21.75;985.0;14.11;36.0;3.09;20.5;51.72;1.0;0;1.0;0;0
111844;15.0;1440.0;0;66.75;21.75;985.0;14.20;36.0;3.20;17.5;53.40;1.0;0;1.0;0;0
112205;12.0;1610.0;0;66.75;21.75;985.0;14.11;36.0;3.07;15.0;59.88;1.0;0;1.0;0;0
112577;12.0;1500.0;0;66.75;21.75;985.0;14.20;36.0;3.19;15.0;70.49;1.0;0;1.0;0;0
112961;10.0;1600.0;0;66.75;21.75;985.0;14.20;39.0;3.15;15.0;745.88;1.0;0;1.0;0;0
113332;10.0;1690.0;0;66.75;21.75;985.0;14.01;39.0;3.15;15.0;903.50;1.0;0;1.0;0;0
113701;9.0;1450.0;0;66.75;21.75;985.0;14.11;46.0;3.49;26.0;589.18;1.0;0;1.0;0;0
114077;6.0;1610.0;0;66.75;21.75;985.0;14.29;37.0;3.05;15.0;69.19;1.0;0;1.0;0;0
114428;4.0;1560.0;0;67.5;21.75;985.0;14.29;38.0;3.18;15.0;52.94;1.0;0;1.0;0;0
114798;0;1500.0;0;67.5;21.75;985.0;14.20;37.0;3.21;13.0;57.06;1.0;0;1.0;0;0
115170;0;1580.0;0;67.5;21.75;985.0;14.20;36.0;3.18;11.0;63.16;1.0;0;1.0;0;0
115546;0;1520.0;0;67.5;21.75;985.0;14.29;36.0;3.23;18.0;84.60;1.0;0;1.0;0;0
115915;0;1390.0;0;67.5;21.75;985.0;14.29;37.0;3.44;17.0;93.98;1.0;0;1.0;0;0
116287;0;1460.0;0;67.5;21.75;985.0;14.11;34.0;3.28;18.5;525.33;1.0;0;1.0;0;0
116663;0;1470.0;0;67.5;21.75;985.0;14.29;36.0;3.34;15.5;128.01;1.0;0;1.0;0;0
116985;0;2010.0;0;67.5;21.75;985.0;14.20;41.0;2.96;12.0;779.07;1.0;0;1.0;0;0
117376;0;1710.0;0;67.5;21.75;985.0;14.20;41.0;3.13;3.0;927.07;1.0;0;1.0;0;0
117828;0;1460.0;0;67.5;21.75;985.0;14.39;41.0;3.31;20.5;262.05;1.0;0;0;0;0
118187;0;1770.0;16.93;67.5;21.75;985.0;14.20;41.0;5.97;3.5;924.48;1.0;0;1.0;0;0
118558;0;2500.0;18.82;67.5;21.75;985.0;14.01;40.0;5.51;27.5;806.61;1.0;0;1.0;0;0
118941;6.0;2180.0;19.29;67.5;21.75;985.0;14.11;40.0;5.85;14.0;789.44;1.0;0;0;0;0
119315;9.0;1850.0;19.29;67.5;21.75;985.0;14.20;40.0;6.89;4.0;916.92;1.0;0;0;0;0
119638;15.0;2030.0;30.58;67.5;21.75;985.0;14.01;40.0;9.8;3.0;940.73;1.0;0;0;0;0
120010;18.0;2600.0;36.22;67.5;21.75;985.0;14.11;40.0;9.00;6.0;957.05;1.0;0;1.0;0;0
120426;24.0;3050.0;33.87;67.5;21.75;985.0;13.92;40.0;7.79;20.5;958.81;1.0;0;1.0;0;0
120796;27.0;3700.0;33.87;67.5;21.75;985.0;13.92;40.0;7.43;29.0;939.96;1.0;0;1.0;0;0
121166;31.0;4000.0;0;67.5;21.75;985.0;13.82;40.0;2.15;43.0;943.32;1.0;0;0;0;0
121537;31.0;2750.0;31.05;67.5;21.75;985.0;14.11;40.0;7.91;29.0;927.68;1.0;0;0;0;0
121922;34.0;2900.0;48.93;68.25;21.75;985.0;13.92;40.0;9.79;9.0;933.10;1.0;0;1.0;0;0
122236;39.0;3250.0;48.93;68.25;21.75;985.0;13.92;40.0;9.59;11.5;865.05;1.0;0;1.0;0;0
122606;44.0;3650.0;48.93;68.25;21.75;985.0;13.82;40.0;9.53;15.0;820.27;1.0;0;1.0;0;0
122978;45.0;3900.0;48.93;68.25;22.5;985.0;13.92;40.0;9.37;18.0;808.90;1.0;0;1.0;0;0
123356;50.0;4050.0;48.46;68.25;22.5;985.0;13.92;40.0;9.10;21.0;801.73;1.0;0;1.0;0;0
123725;51.0;4300.0;46.10;68.25;22.5;985.0;13.82;40.0;8.8;24.5;869.55;1.0;0;1.0;0;0
124096;54.0;4500.0;45.63;68.25;22.5;985.0;13.92;40.0;8.47;27.0;880.31;1.0;0;1.0;0;0
124482;57.0;4750.0;45.16;68.25;22.5;985.0;13.82;40.0;8.24;28.5;861.61;1.0;0;0;0;0
124852;56.0;3600.0;24.93;68.25;22.5;985.0;13.92;40.0;6.37;44.0;885.19;1.0;0;0;0;0
125167;57.0;3550.0;48.46;68.25;22.5;985.0;13.92;40.0;10.24;15.0;929.44;1.0;0;1.0;0;0
125537;59.0;3600.0;37.64;68.25;22.5;985.0;14.01;40.0;8.37;22.0;928.14;1.0;0;1.0;0;0
125913;60.0;3700.0;26.81;68.25;22.5;985.0;13.82;40.0;6.58;38.0;941.49;1.0;0;0;0;0
126284;60.0;3650.0;23.52;68.25;22.5;985.0;13.92;40.0;5.89;43.5;928.06;1.0;0;0;0;0
126655;59.0;3700.0;23.05;68.25;22.5;985.0;13.92;40.0;5.82;44.0;912.27;1.0;0;0;0;0
127054;60.0;3700.0;30.11;68.25;22.5;985.0;14.01;40.0;7.06;37.0;922.57;1.0;0;0;0;0
127367;63.0;3800.0;46.57;68.25;22.5;985.0;13.82;40.0;9.68;18.5;924.55;1.0;0;1.0;0;0
127739;63.0;3900.0;44.69;68.25;22.5;985.0;13.92;40.0;9.27;21.0;914.10;1.0;0;1.0;0;0
128115;65.0;3950.0;34.81;68.25;22.5;985.0;13.92;40.0;7.56;30.0;938.97;1.0;0;1.0;0;0
128540;66.0;4050.0;37.16;68.25;22.5;985.0;13.92;40.0;7.83;30.0;936.91;1.0;0;0;0;0
128880;68.0;4150.0;47.99;68.25;22.5;985.0;13.82;40.0;9.67;21.5;908.53;1.0;0;1.0;0;0
129226;69.0;4300.0;47.52;69.0;22.5;985.0;13.82;40.0;9.47;23.0;896.86;1.0;0;1.0;0;0
129600;69.0;4350.0;46.10;69.0;22.5;985.0;13.92;40.0;9.07;25.5;903.27;1.0;0;1.0;0;0
129972;72.0;4400.0;44.69;69.0;22.5;985.0;13.82;40.0;8.76;27.5;904.26;1.0;0;1.0;0;0
130342;74.0;4500.0;52.22;69.0;23.25;985.0;13.82;40.0;11.21;24.0;874.13;1.0;0;0;0;0
130731;75.0;4750.0;55.51;69.0;23.25;985.0;13.92;40.0;10.37;22.0;885.19;1.0;0;1.0;0;0
131041;78.0;4800.0;54.57;69.0;23.25;985.0;13.92;40.0;10.02;23.0;889.38;1.0;0;1.0;0;0
131412;80.0;5100.0;0;69.0;23.25;985.0;13.82;40.0;1.78;55.0;909.75;1.0;0;0;0;0
131841;77.0;3750.0;41.40;69.0;23.25;985.0;13.92;40.0;10.14;25.0;922.80;1.0;0;0;0;0
132221;80.0;3900.0;48.93;69.0;23.25;985.0;13.92;40.0;9.72;18.0;876.72;1.0;0;1.0;0;0
132535;78.0;3850.0;48.93;69.0;23.25;985.0;13.82;40.0;9.53;18.5;853.45;1.0;0;1.0;0;0
132905;80.0;3900.0;48.93;69.0;23.25;985.0;13.92;40.0;9.44;18.5;836.06;1.0;0;1.0;0;0
133275;82.0;4000.0;48.46;69.0;23.25;985.0;14.11;40.0;9.23;19.0;806.76;1.0;0;1.0;0;0
133647;83.0;4000.0;46.10;69.0;23.25;985.0;13.82;40.0;8.93;20.5;834.30;1.0;0;1.0;0;0
134019;83.0;4100.0;40.46;69.75;23.25;985.0;14.11;40.0;8.01;26.5;889.46;1.0;0;1.0;0;0
134389;83.0;4050.0;31.99;69.75;23.25;985.0;13.92;40.0;6.43;36.0;915.63;1.0;0;1.0;0;0
134778;82.0;4000.0;22.58;69.75;23.25;985.0;13.92;40.0;5.61;46.5;879.08;1.0;0;0;0;0
135092;82.0;4050.0;48.93;69.75;23.25;985.0;13.82;40.0;10.96;20.0;923.18;1.0;0;1.0;0;0
135462;83.0;4050.0;54.57;69.75;23.25;985.0;13.82;40.0;10.13;18.0;868.02;1.0;0;1.0;0;0
135832;83.0;4100.0;54.10;69.75;23.25;985.0;13.82;40.0;9.98;19.0;852.61;1.0;0;1.0;0;0
136153;86.0;4150.0;50.34;69.75;23.25;985.0;13.92;40.0;9.43;21.5;863.52;1.0;0;1.0;0;0
136585;86.0;4200.0;48.46;70.5;23.25;985.0;13.92;40.0;9.24;22.0;863.83;1.0;0;1.0;0;0
136945;86.0;4200.0;46.10;70.5;23.25;985.0;13.82;39.0;8.86;23.5;869.40;1.0;0;1.0;0;0
137337;86.0;4300.0;44.22;70.5;23.25;985.0;13.92;39.0;8.42;25.5;873.13;1.0;0;1.0;0;0
137707;88.0;4200.0;42.81;70.5;23.25;985.0;13.92;39.0;8.11;27.0;836.67;1.0;0;1.0;0;0
138049;88.0;4250.0;42.34;70.5;23.25;985.0;13.92;39.0;7.81;27.0;849.48;1.0;0;1.0;0;0
138490;88.0;4300.0;41.87;70.5;23.25;985.0;13.73;39.0;7.66;28.0;849.18;1.0;0;1.0;0;0
138809;86.0;4250.0;40.93;71.25;23.25;985.0;13.92;39.0;7.44;28.5;795.32;1.0;0;1.0;0;0
139180;86.0;4300.0;40.93;71.25;23.25;985.0;13.82;39.0;7.28;28.5;700.95;1.0;0;1.0;0;0
139550;86.0;4200.0;39.05;71.25;23.25;985.0;13.82;39.0;7.00;29.5;755.19;1.0;0;1.0;0;0
139935;86.0;4300.0;48.46;71.25;23.25;985.0;13.82;39.0;9.82;22.5;742.07;1.0;0;1.0;0;0
140289;86.0;4250.0;48.46;71.25;23.25;985.0;13.82;39.0;9.59;22.5;854.14;1.0;0;1.0;0;0
140661;88.0;4300.0;33.87;71.25;23.25;985.0;13.82;39.0;7.20;36.0;926.69;1.0;0;1.0;0;0
140974;86.0;4250.0;28.70;71.25;23.25;985.0;13.92;39.0;6.04;41.5;909.98;1.0;0;1.0;0;0
141340;85.0;4150.0;26.81;72.0;23.25;985.0;13.92;39.0;5.76;42.5;894.65;1.0;0;1.0;0;0
141711;83.0;4100.0;26.34;72.0;23.25;985.0;13.92;39.0;5.52;43.0;863.45;1.0;0;1.0;0;0
142084;83.0;4050.0;24.93;72.0;23.25;985.0;13.82;39.0;5.29;44.5;842.85;1.0;0;1.0;0;0
142464;82.0;4050.0;25.40;72.0;23.25;985.0;13.82;39.0;5.21;43.5;797.15;1.0;0;0;0;0
142834;82.0;4050.0;46.10;72.0;23.25;985.0;14.11;39.0;9.67;22.0;923.64;1.0;0;1.0;0;0
143206;82.0;4000.0;42.81;72.0;23.25;985.0;13.82;39.0;9.03;23.5;905.10;1.0;0;1.0;0;0
143576;82.0;4000.0;27.75;72.0;23.25;985.0;13.82;39.0;6.19;39.5;934.01;1.0;0;1.0;0;0
143901;82.0;3900.0;23.05;72.75;23.25;985.0;13.92;39.0;5.20;44.0;901.29;1.0;0;0;0;0
144271;80.0;3900.0;20.23;72.75;23.25;985.0;13.82;39.0;5.33;47.5;883.13;1.0;0;0;0;0
144647;78.0;3750.0;17.87;72.75;23.25;985.0;13.82;39.0;5.07;48.0;875.42;1.0;0;0;0;0
145024;77.0;3750.0;13.64;72.75;23.25;985.0;13.82;39.0;4.48;48.0;875.96;1.0;0;0;0;0
145394;75.0;3600.0;7.05;72.75;23.25;985.0;13.92;39.0;3.62;46.0;935.16;1.0;0;0;0;0
145764;72.0;3500.0;6.11;72.75;23.25;985.0;13.92;39.0;3.60;45.5;950.34;1.0;0;0;0;0
146134;71.0;3450.0;9.88;73.5;23.25;985.0;13.82;39.0;4.13;46.5;947.59;1.0;0;0;0;0
146460;68.0;3350.0;10.82;73.5;23.25;985.0;13.92;39.0;4.35;45.5;925.09;1.0;0;0;0;0
146830;66.0;3250.0;10.35;73.5;22.5;985.0;13.92;39.0;4.36;45.0;923.56;1.0;0;0;0;0
147210;65.0;3200.0;10.35;73.5;22.5;985.0;13.92;39.0;4.34;44.5;925.55;1.0;0;0;0;0
147583;63.0;3150.0;10.35;73.5;22.5;985.0;13.92;39.0;4.36;43.5;928.98;1.0;0;0;0;0
147954;62.0;3050.0;10.35;73.5;22.5;985.0;13.92;39.0;4.47;42.5;929.66;1.0;0;0;0;0
148325;60.0;3000.0;8.93;73.5;22.5;985.0;13.82;39.0;4.44;42.0;925.70;1.0;0;0;0;0
148697;59.0;2950.0;9.41;73.5;22.5;985.0;13.92;39.0;4.50;41.0;934.85;1.0;0;0;0;0
149021;59.0;2900.0;8.93;74.25;22.5;985.0;13.92;39.0;4.47;40.0;937.22;1.0;0;0;0;0
149391;57.0;2850.0;8.93;74.25;22.5;985.0;14.01;39.0;4.54;39.5;941.72;1.0;0;0;0;0
149761;56.0;2800.0;12.70;74.25;22.5;985.0;13.92;39.0;5.08;39.5;931.42;1.0;0;0;0;0
150144;54.0;2650.0;18.34;74.25;22.5;985.0;13.92;39.0;5.81;40.0;887.55;1.0;0;0;0;0
150518;56.0;2700.0;18.82;74.25;22.5;985.0;14.01;39.0;5.77;37.0;915.93;1.0;0;0;0;0
150877;54.0;2650.0;22.11;74.25;22.5;985.0;14.01;39.0;6.46;27.0;924.55;1.0;0;0;0;0
151252;54.0;2650.0;23.99;74.25;22.5;985.0;13.92;39.0;6.83;25.0;950.95;1.0;0;0;0;0
151638;53.0;2550.0;23.99;74.25;22.5;985.0;13.92;39.0;6.96;25.0;950.57;1.0;0;0;0;0
152031;53.0;2650.0;23.99;74.25;22.5;985.0;14.11;39.0;6.81;25.0;957.36;1.0;0;0;0;0
152390;51.0;2700.0;0;74.25;22.5;985.0;13.92;39.0;2.44;22.5;879.85;1.0;0;0;0;0
152767;50.0;3200.0;14.11;74.25;22.5;985.0;13.92;39.0;4.74;44.0;927.38;1.0;0;0;0;0
153137;50.0;3000.0;15.99;74.25;22.5;985.0;14.01;39.0;5.14;43.0;905.56;1.0;0;0;0;0
153507;48.0;3050.0;15.99;74.25;22.5;985.0;13.92;39.0;5.07;43.0;913.72;1.0;0;0;0;0
153877;48.0;2950.0;15.99;75.0;22.5;985.0;13.92;39.0;5.18;42.5;897.32;1.0;0;0;0;0
154277;47.0;3000.0;15.99;74.25;22.5;985.0;13.92;39.0;5.19;42.5;910.97;1.0;0;0;0;0
154648;47.0;2900.0;15.99;75.0;22.5;985.0;13.92;39.0;5.27;42.0;917.15;1.0;0;0;0;0
155017;47.0;2900.0;15.99;75.0;22.5;985.0;13.92;39.0;5.21;41.5;919.82;1.0;0;0;0;0
155445;47.0;2800.0;15.52;75.0;22.5;985.0;13.92;39.0;5.31;41.0;920.20;1.0;0;0;0;0
155761;45.0;2800.0;15.52;75.0;22.5;985.0;13.92;39.0;5.29;40.5;917.53;1.0;0;0;0;0
156158;44.0;2800.0;15.05;75.0;22.5;985.0;13.92;39.0;5.29;40.5;926.61;1.0;0;0;0;0
156472;45.0;2700.0;15.05;75.0;22.5;985.0;14.01;39.0;5.41;40.0;925.47;1.0;0;0;0;0
156841;44.0;2650.0;15.05;75.0;22.5;985.0;14.01;39.0;5.43;37.0;923.41;1.0;0;0;0;0
157211;42.0;2700.0;15.05;75.0;22.5;985.0;14.01;39.0;5.41;37.0;927.15;1.0;0;0;0;0
157583;42.0;2700.0;15.05;75.0;22.5;985.0;13.92;39.0;5.41;37.0;932.34;1.0;0;0;0;0
157970;44.0;2600.0;23.05;75.0;22.5;985.0;14.01;39.0;6.47;31.5;931.42;1.0;0;1.0;0;0
158340;44.0;2650.0;36.22;75.0;22.5;985.0;13.92;39.0;8.82;9.0;965.14;1.0;0;1.0;0;0
158654;45.0;2800.0;31.52;75.0;22.5;985.0;13.92;39.0;7.69;14.0;966.67;1.0;0;1.0;0;0
159041;45.0;2750.0;26.81;75.0;22.5;985.0;13.92;39.0;6.63;22.5;965.60;1.0;0;1.0;0;0
159355;45.0;2800.0;25.87;75.0;22.5;985.0;13.92;39.0;6.24;28.5;953.24;1.0;0;1.0;0;0
159726;45.0;2850.0;25.40;75.0;22.5;985.0;13.92;39.0;6.03;29.0;939.51;1.0;0;1.0;0;0
160097;47.0;2850.0;24.93;75.0;22.5;985.0;13.92;39.0;5.82;29.5;935.92;1.0;0;1.0;0;0
160444;47.0;2850.0;24.93;75.0;22.5;985.0;13.92;39.0;5.68;30.5;925.85;1.0;0;1.0;0;0
160789;47.0;2850.0;24.46;75.0;22.5;985.0;13.92;39.0;5.59;30.5;918.98;1.0;0;1.0;0;0
161161;47.0;2950.0;25.40;75.0;22.5;985.0;13.92;39.0;5.46;31.0;912.27;1.0;0;0;0;0
161554;48.0;3050.0;35.28;75.0;22.5;985.0;14.01;39.0;8.30;15.5;947.90;1.0;0;1.0;0;0
161911;50.0;3050.0;28.70;75.0;22.5;980.0;14.20;39.0;6.79;27.5;947.44;1.0;0;1.0;0;0
162283;48.0;3050.0;27.75;75.0;22.5;985.0;13.92;39.0;6.37;31.0;940.35;1.0;0;1.0;0;0
162671;50.0;3050.0;26.81;75.75;22.5;985.0;13.92;39.0;6.16;31.5;928.29;1.0;0;1.0;0;0
163030;50.0;3100.0;25.40;75.75;22.5;985.0;13.82;39.0;5.8;33.5;922.88;1.0;0;1.0;0;0
163409;51.0;3150.0;25.40;75.75;22.5;985.0;13.82;39.0;5.65;34.5;920.13;1.0;0;0;0;0
163722;53.0;3200.0;46.10;75.0;22.5;985.0;13.92;39.0;10.03;11.0;930.28;1.0;0;1.0;0;0
164130;54.0;3400.0;46.10;75.0;22.5;985.0;13.92;39.0;9.53;12.0;905.25;1.0;0;1.0;0;0
164521;57.0;3600.0;50.81;75.0;22.5;980.0;13.92;39.0;9.51;13.5;787.77;1.0;0;1.0;0;0
164838;60.0;3700.0;43.75;75.0;22.5;985.0;13.92;39.0;8.88;17.0;876.34;1.0;0;1.0;0;0
165267;60.0;3800.0;34.81;75.0;22.5;985.0;13.92;39.0;7.46;27.0;920.13;1.0;0;1.0;0;0
165661;62.0;3750.0;29.64;75.0;22.5;985.0;13.82;39.0;6.11;37.0;921.50;1.0;0;1.0;0;0
166050;62.0;3800.0;27.28;75.0;22.5;980.0;13.92;39.0;5.69;39.0;905.48;1.0;0;1.0;0;0
166403;63.0;3900.0;26.81;75.0;22.5;985.0;13.82;39.0;5.54;40.0;880.99;1.0;0;1.0;0;0
166848;62.0;3900.0;23.99;75.0;22.5;980.0;13.92;39.0;4.93;43.5;828.05;1.0;0;1.0;0;0
167219;62.0;3900.0;22.11;75.0;22.5;980.0;13.92;39.0;4.70;45.5;312.94;1.0;0;0;0;0
167590;62.0;3850.0;16.93;75.0;22.5;980.0;13.92;39.0;4.86;48.0;765.34;1.0;0;0;0;0
167955;62.0;3850.0;13.64;75.0;22.5;980.0;13.92;39.0;4.35;48.0;895.72;1.0;0;0;0;0
168280;62.0;3800.0;11.29;75.0;22.5;980.0;13.92;39.0;4.01;48.0;928.29;1.0;0;0;0;0
168676;60.0;3800.0;8.46;75.0;22.5;980.0;13.92;39.0;3.65;47.0;940.19;1.0;0;0;0;0
169050;60.0;3650.0;7.52;75.75;22.5;985.0;14.01;39.0;3.64;46.5;954.61;1.0;0;0;0;0
169399;57.0;3550.0;7.52;75.75;22.5;980.0;13.92;39.0;3.68;46.0;949.12;1.0;0;0;0;0
169794;57.0;3500.0;6.11;75.0;22.5;980.0;13.92;39.0;3.56;45.5;948.28;1.0;0;0;0;0
170141;54.0;3350.0;0.47;75.0;22.5;985.0;13.82;37.0;2.42;40.0;890.99;1.0;0;0;0;0
170582;53.0;3400.0;7.52;75.0;22.5;980.0;13.92;39.0;3.82;45.0;880.84;1.0;0;0;0;0
171000;53.0;3350.0;9.41;75.75;22.5;980.0;13.92;39.0;4.04;45.5;941.34;1.0;0;0;0;0
171353;54.0;3350.0;10.35;75.0;22.5;980.0;13.92;39.0;4.20;45.5;914.18;1.0;0;0;0;0
171683;54.0;3400.0;14.11;75.0;22.5;980.0;13.92;39.0;4.62;46.0;920.20;1.0;0;0;0;0
172052;54.0;3400.0;18.82;75.0;22.5;980.0;13.92;39.0;5.14;46.0;874.43;1.0;0;0;0;0
172423;54.0;3350.0;24.46;75.0;22.5;980.0;14.11;39.0;5.64;41.5;901.13;1.0;0;0;0;0
172795;57.0;3500.0;56.93;75.0;21.75;985.0;13.92;39.0;11.15;13.0;938.29;1.0;0;0;0;0
173179;62.0;3800.0;60.22;75.75;22.5;980.0;13.92;39.0;9.97;14.5;888.16;1.0;0;1.0;0;0
173499;63.0;4050.0;60.22;75.75;22.5;980.0;13.92;39.0;9.87;16.5;817.67;1.0;0;1.0;0;0
173869;66.0;4150.0;60.22;75.75;22.5;980.0;13.92;39.0;9.71;17.5;642.28;1.0;0;1.0;0;0
174239;69.0;4450.0;60.22;75.75;22.5;980.0;13.92;39.0;10.20;19.0;375.27;1.0;0;1.0;0;0
174634;74.0;4650.0;23.52;75.75;22.5;980.0;13.92;39.0;5.08;29.5;534.71;1.0;0;0;0;0
175010;72.0;3650.0;35.75;75.75;22.5;980.0;13.92;39.0;8.88;28.5;921.50;1.0;0;0;0;0
175319;74.0;3700.0;49.40;75.75;22.5;980.0;13.92;39.0;9.59;15.5;911.20;1.0;0;1.0;0;0
175703;75.0;3800.0;54.10;75.75;22.5;980.0;13.92;39.0;9.62;15.0;768.01;1.0;0;1.0;0;0
176015;78.0;3900.0;54.10;75.75;22.5;980.0;13.92;39.0;9.76;16.0;328.19;1.0;0;1.0;0;0
176385;80.0;3900.0;50.34;75.75;23.25;980.0;13.92;39.0;9.23;18.0;786.85;1.0;0;1.0;0;0
176756;80.0;4050.0;44.69;75.75;23.25;980.0;13.82;39.0;8.49;21.0;812.71;1.0;0;1.0;0;0
177146;82.0;4000.0;38.58;75.75;23.25;980.0;13.82;39.0;7.55;27.0;882.90;1.0;0;1.0;0;0
177517;83.0;4050.0;31.05;75.75;22.5;980.0;13.92;39.0;5.89;37.5;905.71;1.0;0;1.0;0;0
177886;83.0;4050.0;45.63;75.75;22.5;980.0;13.92;39.0;10.44;23.5;797.68;1.0;0;1.0;0;0
178196;86.0;4150.0;51.75;75.75;22.5;980.0;13.82;39.0;9.65;20.5;835.75;1.0;0;1.0;0;0
178590;86.0;4050.0;0;75.75;22.5;980.0;13.92;39.0;1.90;43.5;872.83;1.0;0;0;0;0
178960;85.0;3500.0;25.40;75.75;22.5;980.0;13.92;39.0;6.14;41.0;848.80;1.0;0;1.0;0;0
179272;86.0;3500.0;26.34;75.75;22.5;980.0;13.92;39.0;5.89;38.5;914.18;1.0;0;1.0;0;0
179663;86.0;3500.0;26.34;75.75;22.5;980.0;13.92;39.0;5.72;39.0;902.66;1.0;0;1.0;0;0
180011;88.0;3550.0;21.17;75.75;22.5;980.0;13.92;39.0;4.76;46.0;796.54;1.0;0;0;0;0
180384;88.0;3600.0;12.23;75.75;22.5;980.0;13.92;39.0;4.31;47.5;735.28;1.0;0;0;0;0
180756;88.0;3400.0;0.94;75.75;22.5;980.0;13.92;37.0;2.53;41.0;909.22;1.0;0;0;0;0
181139;86.0;3500.0;0;75.75;22.5;980.0;13.92;37.0;2.01;35.5;877.64;1.0;0;0;0;0
181509;83.0;3450.0;0;75.75;22.5;980.0;13.92;36.0;2.01;34.5;915.32;1.0;0;0;0;0
181879;83.0;3400.0;0;75.75;22.5;980.0;13.92;36.0;2.04;33.5;891.90;1.0;0;0;0;0
182303;82.0;3350.0;0.47;75.75;22.5;980.0;13.92;36.0;2.08;33.0;921.65;1.0;0;0;0;0
182673;80.0;3350.0;11.29;75.75;22.5;980.0;13.92;39.0;4.35;46.0;850.48;1.0;0;0;0;0
183043;82.0;3400.0;9.88;75.75;22.5;980.0;13.92;39.0;4.13;46.0;884.04;1.0;0;0;0;0
183421;83.0;3400.0;9.88;75.75;22.5;980.0;13.92;39.0;4.08;46.0;921.27;1.0;0;0;0;0
183795;82.0;3400.0;8.93;75.75;22.5;980.0;13.92;39.0;3.99;46.5;929.66;1.0;0;0;0;0
184123;83.0;3400.0;9.41;75.75;22.5;980.0;13.92;39.0;3.99;46.0;931.11;1.0;0;0;0;0
184434;83.0;3400.0;14.11;75.75;22.5;980.0;13.92;39.0;4.67;46.0;774.49;1.0;0;0;0;0
184917;85.0;3400.0;14.58;75.75;22.5;980.0;13.82;39.0;4.69;47.0;825.22;1.0;0;0;0;0
185310;85.0;3500.0;16.46;75.75;21.75;980.0;13.92;39.0;4.96;47.0;852.08;1.0;0;0;0;0
185668;86.0;3500.0;16.46;75.75;21.75;980.0;13.92;39.0;4.96;47.0;888.47;1.0;0;0;0;0
186038;85.0;3550.0;16.46;75.75;21.75;980.0;13.92;39.0;4.96;47.0;895.26;1.0;0;0;0;0
186391;86.0;3550.0;16.46;75.75;21.75;980.0;13.92;39.0;4.96;47.0;907.54;1.0;0;0;0;0
186787;86.0;3550.0;16.46;75.75;21.75;980.0;13.92;39.0;4.94;47.5;909.30;1.0;0;0;0;0
187155;86.0;3550.0;16.46;75.75;21.75;980.0;13.92;39.0;4.94;47.5;918.91;1.0;0;0;0;0
187560;88.0;3600.0;16.93;75.75;21.75;980.0;13.92;39.0;5.03;47.5;925.39;1.0;0;0;0;0
187926;88.0;3600.0;17.40;76.5;21.75;980.0;13.92;38.0;4.97;47.5;928.29;1.0;0;0;0;0
188323;89.0;3600.0;17.40;76.5;21.75;980.0;13.92;38.0;4.98;47.5;931.72;1.0;0;0;0;0
188659;88.0;3650.0;17.40;76.5;21.75;980.0;13.92;38.0;4.98;47.5;931.42;1.0;0;0;0;0
189029;89.0;3650.0;17.40;76.5;21.75;980.0;13.92;38.0;4.98;47.5;927.68;1.0;0;0;0;0
189400;88.0;3600.0;23.05;76.5;21.75;980.0;13.82;38.0;5.44;45.0;922.65;1.0;0;1.0;0;0
189786;89.0;3700.0;38.58;76.5;21.75;980.0;13.82;38.0;9.24;23.5;957.74;1.0;0;1.0;0;0
190157;89.0;3750.0;39.52;76.5;21.75;980.0;13.92;38.0;8.57;21.5;950.11;1.0;0;1.0;0;0
190470;91.0;3750.0;38.11;75.75;21.75;980.0;13.92;38.0;8.15;23.5;936.61;1.0;0;1.0;0;0
190839;92.0;3800.0;32.46;76.5;21.75;980.0;13.92;38.0;6.87;31.0;944.92;1.0;0;1.0;0;0
191262;92.0;3850.0;26.34;76.5;21.75;980.0;13.92;38.0;5.50;40.5;930.12;1.0;0;1.0;0;0
191633;94.0;3800.0;23.52;76.5;21.75;980.0;13.92;38.0;4.93;44.0;882.21;1.0;0;1.0;0;0
192028;92.0;3850.0;22.58;76.5;21.75;980.0;13.92;38.0;4.71;45.0;778.92;1.0;0;1.0;0;0
192414;92.0;3850.0;22.58;76.5;21.75;980.0;13.82;38.0;4.58;45.0;649.99;1.0;0;1.0;0;0
192727;94.0;3850.0;22.11;75.75;21.75;980.0;13.82;39.0;4.57;45.5;479.63;1.0;0;1.0;0;0
193098;92.0;3800.0;21.64;75.75;21.75;980.0;13.92;39.0;4.60;45.5;97.11;1.0;0;1.0;0;0
193469;92.0;3800.0;21.64;75.75;21.75;980.0;13.92;39.0;4.65;46.0;94.82;1.0;0;1.0;0;0
193849;92.0;3800.0;21.64;75.75;21.75;980.0;13.92;39.0;4.76;46.0;496.49;1.0;0;1.0;0;0
194219;92.0;3800.0;21.17;75.75;21.75;980.0;13.92;39.0;4.76;46.0;149.68;1.0;0;1.0;0;0
194589;92.0;3800.0;21.17;75.75;21.75;980.0;13.92;39.0;4.65;46.0;338.80;1.0;0;1.0;0;0
194974;91.0;3800.0;21.17;75.75;21.75;980.0;13.92;39.0;4.5;46.5;781.97;1.0;0;1.0;0;0
195287;91.0;3750.0;21.17;75.75;21.75;980.0;13.92;39.0;4.67;46.5;101.23;1.0;0;1.0;0;0
195657;92.0;3800.0;21.17;75.75;21.75;980.0;13.92;39.0;4.67;46.5;504.81;1.0;0;1.0;0;0
196053;92.0;3750.0;31.05;75.75;21.75;980.0;13.82;39.0;7.26;37.5;825.99;1.0;0;0;0;0
196406;92.0;3800.0;47.52;75.75;21.75;980.0;13.92;39.0;9.59;17.5;919.37;1.0;0;1.0;0;0
196789;94.0;3900.0;50.81;75.75;21.75;980.0;13.92;39.0;9.57;17.0;891.29;1.0;0;1.0;0;0
197174;94.0;3950.0;47.05;75.75;21.75;980.0;13.92;39.0;9.10;18.5;877.33;1.0;0;1.0;0;0
197559;95.0;3900.0;33.87;75.75;21.75;980.0;13.92;39.0;6.95;30.5;919.90;1.0;0;1.0;0;0
197871;95.0;3850.0;30.11;75.75;21.75;980.0;13.92;39.0;6.16;36.5;919.21;1.0;0;1.0;0;0
198241;94.0;3800.0;25.40;75.75;21.75;980.0;13.92;39.0;5.13;42.5;834.61;1.0;0;1.0;0;0
198637;92.0;3800.0;23.52;75.75;21.75;980.0;13.92;39.0;4.76;44.5;507.40;1.0;0;1.0;0;0
198939;92.0;3800.0;22.58;75.75;21.75;980.0;13.82;39.0;4.80;45.5;93.22;1.0;0;1.0;0;0
199335;94.0;3800.0;22.11;75.75;21.75;980.0;13.92;39.0;4.90;45.5;207.12;1.0;0;1.0;0;0
199708;94.0;3800.0;22.11;75.75;21.75;980.0;13.92;39.0;4.87;45.5;692.10;1.0;0;1.0;0;0
200028;92.0;3800.0;22.11;75.75;21.75;980.0;13.92;39.0;4.92;45.5;633.89;1.0;0;1.0;0;0
200340;92.0;3850.0;22.11;75.75;21.75;980.0;13.92;39.0;4.74;46.0;662.65;1.0;0;1.0;0;0
200710;92.0;3800.0;22.11;75.75;21.75;980.0;13.92;39.0;4.83;45.5;738.86;1.0;0;0;0;0
201080;92.0;3800.0;34.81;75.75;21.75;980.0;13.82;39.0;7.92;28.0;926.46;1.0;0;1.0;0;0
201465;92.0;3800.0;34.81;75.75;21.75;980.0;13.82;39.0;7.64;29.0;931.27;1.0;0;1.0;0;0
201779;92.0;3850.0;29.17;75.75;21.75;980.0;13.92;39.0;6.29;37.5;934.01;1.0;0;1.0;0;0
202175;92.0;3850.0;26.81;75.75;21.75;980.0;13.92;39.0;5.74;39.5;920.82;1.0;0;1.0;0;0
202530;94.0;3800.0;24.93;75.75;21.75;980.0;13.92;39.0;5.23;42.5;872.14;1.0;0;1.0;0;0
202903;92.0;3800.0;23.05;75.75;21.75;980.0;13.82;39.0;4.85;44.5;837.35;1.0;0;1.0;0;0
203273;92.0;3750.0;23.05;75.75;21.75;980.0;13.92;39.0;4.73;44.5;581.32;1.0;0;1.0;0;0
203643;92.0;3800.0;22.58;75.75;21.0;980.0;13.92;39.0;4.82;45.0;247.56;1.0;0;1.0;0;0
204027;92.0;3700.0;22.58;75.75;21.0;980.0;13.82;39.0;4.84;44.5;460.71;1.0;0;1.0;0;0
204364;91.0;3700.0;22.58;75.75;21.0;980.0;13.92;39.0;4.71;45.0;720.63;1.0;0;1.0;0;0
204737;91.0;3700.0;22.58;75.75;21.0;980.0;13.82;39.0;4.87;45.0;173.78;1.0;0;1.0;0;0
205089;89.0;3750.0;22.58;75.75;21.0;980.0;13.92;39.0;4.62;45.0;715.52;1.0;0;1.0;0;0
205461;89.0;3700.0;22.58;76.5;21.0;980.0;13.92;38.0;4.82;44.5;412.42;1.0;0;1.0;0;0
205831;91.0;3700.0;22.58;77.25;21.0;980.0;13.92;38.0;4.64;44.5;719.26;1.0;0;1.0;0;0
206202;88.0;3700.0;22.11;77.25;21.0;980.0;13.92;38.0;4.59;45.0;350.09;1.0;0;1.0;0;0
206585;89.0;3600.0;22.11;77.25;21.0;980.0;13.92;38.0;4.69;45.0;114.28;1.0;0;1.0;0;0
206900;89.0;3600.0;22.11;77.25;21.0;980.0;13.92;38.0;4.66;45.0;695.99;1.0;0;1.0;0;0
207296;88.0;3650.0;22.11;77.25;21.0;980.0;13.92;38.0;4.69;44.5;313.93;1.0;0;1.0;0;0
207610;88.0;3650.0;31.05;77.25;21.0;980.0;13.92;38.0;5.92;35.0;859.63;1.0;0;1.0;0;0
207928;88.0;3550.0;31.99;77.25;21.0;980.0;13.92;38.0;5.99;33.5;896.33;1.0;0;1.0;0;0
208298;88.0;3650.0;27.75;77.25;21.0;980.0;13.92;38.0;5.26;37.0;892.66;1.0;0;1.0;0;0
208727;88.0;3550.0;24.46;77.25;21.0;980.0;13.92;38.0;4.75;42.0;823.16;1.0;0;1.0;0;0
209055;88.0;3550.0;22.58;77.25;21.0;980.0;13.92;38.0;4.66;44.0;259.15;1.0;0;1.0;0;0
209391;88.0;3600.0;22.11;77.25;21.0;980.0;13.92;38.0;4.66;44.5;77.12;1.0;0;1.0;0;0
209763;86.0;3600.0;18.82;77.25;21.0;980.0;13.92;38.0;4.39;47.5;48.13;1.0;0;1.0;0;0
210169;86.0;3550.0;15.99;77.25;21.0;980.0;13.82;38.0;4.83;47.5;260.22;1.0;0;0;0;0
210486;86.0;3400.0;1.88;77.25;21.0;980.0;13.92;38.0;2.69;44.5;922.65;1.0;0;0;0;0
210857;85.0;3450.0;0.94;77.25;21.0;980.0;13.92;36.0;2.39;41.5;838.27;1.0;0;0;0;0
211286;83.0;3400.0;4.70;77.25;21.0;980.0;13.92;38.0;3.36;43.0;834.76;1.0;0;0;0;0
211613;82.0;3400.0;0.47;77.25;21.0;980.0;13.82;38.0;2.15;33.5;854.90;1.0;0;0;0;0
211933;80.0;3850.0;4.70;77.25;21.0;980.0;13.92;38.0;3.01;45.5;785.55;1.0;0;0;0;0
212303;78.0;3900.0;11.29;77.25;21.0;980.0;13.92;38.0;3.84;48.0;921.04;1.0;0;0;0;0
212673;77.0;3850.0;19.29;77.25;21.0;980.0;13.92;38.0;5.13;48.0;601.31;1.0;0;1.0;0;0
213049;78.0;3850.0;27.28;77.25;21.0;980.0;13.92;38.0;6.05;40.5;810.19;1.0;0;1.0;0;0
213424;80.0;4000.0;38.11;77.25;21.0;980.0;13.92;38.0;8.01;27.5;921.04;1.0;0;1.0;0;0
213794;82.0;3950.0;29.64;77.25;21.0;980.0;13.92;38.0;6.21;37.5;936.30;1.0;0;1.0;0;0
214221;82.0;4050.0;28.70;77.25;21.0;980.0;13.82;38.0;5.97;39.0;916.85;1.0;0;1.0;0;0
214534;82.0;4000.0;23.52;77.25;21.0;980.0;13.82;38.0;4.89;45.0;901.74;1.0;0;1.0;0;0
214907;83.0;4050.0;22.11;76.5;21.0;980.0;13.92;38.0;4.57;46.5;696.52;1.0;0;1.0;0;0
215278;82.0;4100.0;18.82;76.5;21.0;980.0;13.92;38.0;5.06;49.0;303.63;1.0;0;0;0;0
215607;82.0;4050.0;16.93;76.5;21.0;980.0;13.82;38.0;4.81;49.0;882.29;1.0;0;0;0;0
216002;82.0;4000.0;13.17;76.5;21.0;980.0;13.92;38.0;4.26;49.0;913.19;1.0;0;0;0;0
216314;82.0;4000.0;13.17;76.5;21.0;980.0;13.92;38.0;4.22;48.5;916.31;1.0;0;0;0;0
216698;82.0;4000.0;12.70;76.5;21.0;980.0;13.92;38.0;4.22;48.5;920.05;1.0;0;0;0;0
217068;82.0;4050.0;13.17;76.5;21.0;980.0;13.92;38.0;4.17;49.0;925.70;1.0;0;0;0;0
217380;83.0;4050.0;21.64;76.5;21.0;980.0;13.92;38.0;5.15;48.0;902.43;1.0;0;1.0;0;0
217750;83.0;4100.0;32.46;76.5;21.0;980.0;13.92;38.0;6.81;37.5;941.03;1.0;0;0;0;0
218075;85.0;4150.0;40.46;76.5;21.0;980.0;13.82;38.0;8.58;27.5;947.21;1.0;0;1.0;0;0
218445;86.0;4200.0;39.52;76.5;21.0;980.0;13.92;38.0;8.26;29.0;941.26;1.0;0;1.0;0;0
218820;88.0;4250.0;35.75;76.5;21.0;980.0;13.92;38.0;7.35;32.5;936.61;1.0;0;1.0;0;0
219200;88.0;4400.0;33.40;76.5;21.0;980.0;13.92;38.0;6.65;37.5;931.80;1.0;0;1.0;0;0
219574;89.0;4400.0;31.05;76.5;21.0;980.0;13.92;38.0;6.04;41.5;917.61;1.0;0;1.0;0;0
220024;91.0;4450.0;31.05;76.5;21.0;980.0;13.92;38.0;5.91;41.0;892.05;1.0;0;1.0;0;0
220435;89.0;3900.0;0;76.5;21.0;980.0;13.92;38.0;1.93;42.0;751.60;1.0;0;0;0;0
220766;91.0;3750.0;20.70;76.5;21.0;980.0;13.92;38.0;5.04;47.0;727.80;1.0;0;1.0;0;0
221138;91.0;3650.0;22.11;76.5;21.0;980.0;13.92;38.0;5.33;45.0;783.34;1.0;0;1.0;0;0
221450;89.0;3700.0;22.11;76.5;21.0;980.0;13.92;38.0;5.22;45.0;869.93;1.0;0;1.0;0;0
221822;89.0;3700.0;22.11;76.5;21.0;980.0;13.92;38.0;5.12;45.0;861.61;1.0;0;1.0;0;0
222193;89.0;3650.0;20.70;75.75;21.0;980.0;13.92;39.0;4.84;46.0;828.58;1.0;0;0;0;0
222580;88.0;3650.0;11.29;75.75;21.0;980.0;13.92;39.0;4.11;47.5;861.77;1.0;0;0;0;0
223009;88.0;3600.0;7.99;75.75;21.0;980.0;13.92;39.0;3.71;46.5;939.66;1.0;0;0;0;0
223346;88.0;3450.0;4.70;75.75;21.0;980.0;13.92;39.0;3.40;44.5;955.22;1.0;0;0;0;0
223660;85.0;3500.0;0;75.75;21.0;980.0;13.92;37.0;2.24;35.5;817.67;1.0;0;0;0;0
224031;83.0;3450.0;0;75.75;21.0;980.0;14.01;37.0;2.04;34.5;837.05;1.0;0;0;0;0
224414;83.0;3350.0;0;75.75;21.0;980.0;13.92;36.0;2.06;33.5;909.22;1.0;0;0;0;0
224788;80.0;3350.0;0;75.75;21.0;980.0;14.01;36.0;2.05;33.0;901.06;1.0;0;0;0;0
225162;80.0;3250.0;0;75.75;21.0;980.0;13.92;36.0;2.10;31.5;915.02;1.0;0;0;0;0
225478;75.0;3100.0;0;75.0;21.0;980.0;14.01;36.0;2.16;30.0;858.49;1.0;0;0;0;0
225850;74.0;3050.0;0;75.0;21.0;980.0;14.20;36.0;2.15;29.0;910.06;1.0;0;0;0;0
226220;72.0;3050.0;0;75.0;21.0;980.0;13.92;36.0;2.17;28.5;834.15;1.0;0;0;0;0
226600;71.0;2950.0;0;75.0;21.0;980.0;14.01;36.0;2.22;26.5;849.64;1.0;0;0;0;0
226918;69.0;2850.0;0;75.0;21.0;980.0;14.20;36.0;2.25;25.0;778.46;1.0;0;0;0;0
227313;66.0;2750.0;0;76.5;21.0;980.0;14.01;35.0;2.30;23.5;876.80;1.0;0;0;0;0
227628;65.0;2650.0;0;77.25;21.0;980.0;14.01;35.0;2.37;21.5;898.23;1.0;0;0;0;0
227994;63.0;2600.0;0;77.25;21.0;980.0;13.92;35.0;2.4;21.0;829.80;1.0;0;0;0;0
228314;62.0;2550.0;0;77.25;21.0;980.0;13.92;35.0;2.42;19.0;749.54;1.0;0;0;0;0
228685;60.0;2450.0;0;77.25;21.0;980.0;14.01;35.0;2.50;18.5;673.56;1.0;0;0;0;0
229081;59.0;2400.0;0;77.25;21.0;980.0;14.01;35.0;2.54;17.5;821.64;1.0;0;0;0;0
229396;57.0;2350.0;0;77.25;21.0;980.0;14.01;35.0;2.56;16.5;876.72;1.0;0;0;0;0
229756;57.0;2300.0;0;77.25;21.0;980.0;14.20;35.0;2.59;16.0;874.74;1.0;0;0;0;0
230094;56.0;2280.0;0;77.25;21.0;980.0;14.01;35.0;2.62;16.0;877.25;1.0;0;0;0;0
230466;54.0;2230.0;0;77.25;21.0;980.0;14.20;35.0;2.65;15.0;859.10;1.0;0;0;0;0
230841;53.0;2190.0;0;77.25;21.0;980.0;14.11;35.0;2.66;15.0;683.78;1.0;0;1.0;0;0
231152;53.0;2230.0;10.35;77.25;21.0;980.0;14.01;38.0;5.32;18.0;846.20;1.0;0;0;0;0
231582;54.0;2200.0;14.11;77.25;21.75;980.0;14.29;38.0;5.71;15.0;625.34;1.0;0;0;0;0
231956;56.0;2240.0;14.11;77.25;21.75;980.0;14.01;38.0;5.74;17.5;841.55;1.0;0;0;0;0
232321;56.0;2450.0;0;77.25;21.75;980.0;14.11;38.0;2.69;18.5;899.53;1.0;0;0;0;0
232690;54.0;2700.0;12.70;77.25;21.75;980.0;14.01;38.0;5.04;33.5;957.21;1.0;0;0;0;0
233083;56.0;2800.0;20.70;77.25;21.75;980.0;14.01;38.0;5.75;39.5;877.41;1.0;0;1.0;0;0
233399;59.0;2800.0;37.64;77.25;21.75;980.0;14.01;38.0;9.70;14.0;946.07;1.0;0;0;0;0
233712;59.0;3000.0;38.58;77.25;21.75;980.0;14.01;38.0;8.89;12.0;950.95;1.0;0;1.0;0;0
234084;62.0;3000.0;37.16;77.25;21.75;980.0;13.92;38.0;8.50;13.5;938.90;1.0;0;1.0;0;0
234457;63.0;3150.0;33.40;77.25;21.75;980.0;14.01;38.0;7.46;20.5;945.84;1.0;0;1.0;0;0
234842;63.0;3150.0;23.52;77.25;21.75;980.0;14.01;38.0;5.29;38.5;939.89;1.0;0;1.0;0;0
235214;65.0;3200.0;15.52;77.25;21.75;980.0;14.01;38.0;4.93;44.0;878.63;1.0;0;0;0;0
235584;65.0;3200.0;4.70;77.25;21.75;980.0;13.92;38.0;3.58;42.0;944.62;1.0;0;0;0;0
235963;63.0;3150.0;0;77.25;21.75;980.0;14.01;38.0;2.18;30.0;741.99;1.0;0;0;0;0
236351;63.0;3100.0;0;77.25;21.75;980.0;14.01;37.0;2.17;29.0;917.23;1.0;0;0;0;0
236727;62.0;3050.0;0;77.25;21.75;980.0;14.01;37.0;2.17;28.5;925.62;1.0;0;0;0;0
237039;62.0;3050.0;0;77.25;21.75;980.0;14.01;36.0;2.14;28.5;920.97;1.0;0;0;0;0
237367;60.0;3000.0;0;77.25;21.75;980.0;13.92;35.0;2.14;27.5;818.66;1.0;0;0;0;0
237763;60.0;2950.0;0;77.25;21.75;980.0;14.01;35.0;2.2;26.0;884.73;1.0;0;0;0;0
238136;57.0;2850.0;0;77.25;21.75;980.0;14.01;35.0;2.24;25.0;849.10;1.0;0;0;0;0
238494;54.0;2650.0;0;77.25;21.75;980.0;13.92;35.0;2.37;21.5;860.62;1.0;0;0;0;0
238880;51.0;2500.0;0;77.25;21.75;980.0;14.01;35.0;2.49;20.0;827.59;1.0;0;0;0;0
239252;50.0;2500.0;0;77.25;21.75;980.0;14.01;35.0;2.43;19.0;854.44;1.0;0;0;0;0
239585;50.0;2450.0;0;77.25;21.75;980.0;14.01;35.0;2.50;18.5;822.55;1.0;0;0;0;0
239960;50.0;2450.0;0;77.25;21.75;980.0;14.01;35.0;2.50;18.5;755.95;1.0;0;0;0;0
240332;50.0;2450.0;0;77.25;21.75;980.0;14.01;35.0;2.52;18.5;508.54;1.0;0;0;0;0
240702;50.0;2550.0;12.70;77.25;21.75;980.0;13.92;38.0;5.17;34.0;894.88;1.0;0;0;0;0
241079;51.0;2500.0;13.17;77.25;21.75;980.0;14.01;38.0;5.21;28.0;486.19;1.0;0;0;0;0
241393;53.0;2550.0;12.70;77.25;21.75;980.0;14.01;38.0;5.12;31.0;842.62;1.0;0;0;0;0
241774;56.0;2700.0;12.70;77.25;21.75;980.0;14.01;38.0;4.98;36.5;882.59;1.0;0;0;0;0
242149;56.0;2750.0;12.23;77.25;21.75;980.0;13.92;38.0;4.87;39.5;889.31;1.0;0;0;0;0
242518;57.0;2800.0;5.17;77.25;21.75;980.0;13.92;38.0;3.94;37.0;908.61;1.0;0;0;0;0
242888;57.0;3000.0;15.05;77.25;21.75;980.0;13.92;38.0;4.98;42.0;961.02;1.0;0;0;0;0
243257;59.0;2600.0;0;77.25;21.75;980.0;14.01;38.0;2.50;21.5;892.13;1.0;0;0;0;0
243639;57.0;2800.0;0;77.25;21.75;980.0;14.01;38.0;2.37;24.0;910.44;1.0;0;0;0;0
243977;54.0;2700.0;0;77.25;21.75;980.0;14.11;37.0;2.38;22.5;946.98;1.0;0;0;0;0
244289;53.0;2650.0;0;77.25;21.75;980.0;13.92;36.0;2.41;21.5;938.82;1.0;0;0;0;0
244662;54.0;2600.0;0;77.25;21.75;980.0;14.01;36.0;2.45;21.5;935.46;1.0;0;0;0;0
244989;53.0;2600.0;0;77.25;21.75;980.0;14.20;35.0;2.41;21.0;930.58;1.0;0;0;0;0
245362;51.0;2550.0;0;77.25;21.75;980.0;14.01;35.0;2.44;20.0;929.82;1.0;0;0;0;0
245699;50.0;2400.0;0;77.25;21.75;980.0;14.01;35.0;2.50;17.5;924.25;1.0;0;0;0;0
246055;48.0;2350.0;0;77.25;21.75;980.0;14.20;35.0;2.52;16.5;915.78;1.0;0;0;0;0
246419;47.0;2300.0;0;77.25;21.75;980.0;14.20;35.0;2.57;16.0;912.19;1.0;0;0;0;0
246849;47.0;2300.0;0;77.25;21.75;980.0;14.01;35.0;2.58;16.0;907.31;1.0;0;0;0;0
247164;45.0;2260.0;0;77.25;21.75;980.0;14.01;35.0;2.62;15.0;902.05;1.0;0;0;0;0
247547;45.0;2190.0;0;77.25;21.75;980.0;14.01;35.0;2.68;15.0;895.33;1.0;0;0;0;0
247917;44.0;2120.0;0;77.25;21.75;980.0;14.11;35.0;2.67;15.0;890.68;1.0;0;1.0;0;0
248288;42.0;2080.0;0;77.25;21.75;980.0;14.20;35.0;2.68;15.0;872.07;1.0;0;1.0;0;0
248667;41.0;2010.0;0;77.25;21.75;980.0;14.11;35.0;2.73;15.0;824.31;1.0;0;1.0;0;0
249004;39.0;1910.0;0;77.25;21.75;980.0;14.20;35.0;2.72;15.0;473.45;1.0;0;1.0;0;0
249378;39.0;1930.0;0;77.25;21.75;980.0;14.29;35.0;2.77;15.0;149.07;1.0;0;1.0;0;0
249811;39.0;1970.0;0;77.25;21.75;980.0;14.20;35.0;2.70;15.0;786.39;1.0;0;1.0;0;0
250132;39.0;1990.0;0;77.25;21.75;980.0;14.11;35.0;2.75;15.0;637.86;1.0;0;1.0;0;0
250506;39.0;1980.0;0;77.25;21.75;980.0;14.29;35.0;2.73;15.0;504.88;1.0;0;1.0;0;0
250824;39.0;1940.0;0;77.25;21.75;980.0;14.20;35.0;2.80;15.0;491.53;1.0;0;1.0;0;0
251201;37.0;1870.0;0;77.25;21.75;980.0;14.20;35.0;2.80;15.0;610.16;1.0;0;1.0;0;0
251573;36.0;1850.0;0;77.25;21.75;980.0;14.29;35.0;2.81;15.0;155.40;1.0;0;1.0;0;0
251959;34.0;1710.0;0;77.25;21.75;980.0;14.20;35.0;2.95;15.0;88.87;1.0;0;1.0;0;0
252332;33.0;1660.0;0;77.25;21.75;980.0;14.29;35.0;3.03;15.0;73.46;1.0;0;1.0;0;0
252634;31.0;1600.0;0;77.25;21.75;980.0;14.39;35.0;3.08;15.0;68.35;1.0;0;1.0;0;0
253007;31.0;1990.0;0;77.25;21.75;980.0;14.11;35.0;2.88;15.0;267.77;1.0;0;1.0;0;0
253437;31.0;1940.0;0;77.25;21.75;980.0;14.11;35.0;2.85;15.0;876.19;1.0;0;1.0;0;0
253761;31.0;2000.0;0;77.25;21.75;980.0;14.11;35.0;2.78;15.0;880.00;1.0;0;0;0;0
254087;33.0;2220.0;9.41;77.25;21.75;980.0;14.01;38.0;5.14;18.0;915.78;1.0;0;0;0;0
254470;34.0;2090.0;5.17;77.25;21.75;980.0;14.01;38.0;4.83;18.0;929.97;1.0;0;0;0;0
254838;36.0;2090.0;0;77.25;21.75;980.0;14.11;36.0;3.29;19.0;954.84;1.0;0;0;0;0
255163;36.0;2210.0;0;77.25;21.75;980.0;14.01;36.0;2.63;15.0;947.29;1.0;0;1.0;0;0
255476;34.0;2200.0;0;77.25;21.75;980.0;14.11;35.0;2.62;15.0;917.08;1.0;0;0;0;0
255804;36.0;2220.0;0;77.25;21.75;980.0;14.11;35.0;2.63;15.0;913.72;1.0;0;1.0;0;0
256174;34.0;2210.0;0;77.25;21.75;980.0;14.11;35.0;2.62;15.0;910.29;1.0;0;1.0;0;0
256564;36.0;2180.0;0;77.25;21.75;980.0;14.11;35.0;2.66;15.0;906.47;1.0;0;0;0;0
256877;34.0;2220.0;0;77.25;21.75;980.0;14.11;35.0;2.62;15.0;900.67;1.0;0;0;0;0
257246;34.0;2190.0;0;77.25;21.75;980.0;14.11;35.0;2.69;15.0;898.08;1.0;0;0;0;0
257627;34.0;2170.0;0;77.25;21.75;980.0;14.11;35.0;2.63;15.0;891.90;1.0;0;1.0;0;0
258001;34.0;2110.0;0;77.25;21.75;980.0;14.11;35.0;2.66;15.0;883.05;1.0;0;1.0;0;0
258373;33.0;1980.0;0;77.25;21.75;980.0;14.11;35.0;2.76;15.0;867.34;1.0;0;1.0;0;0
258747;30.0;1880.0;0;77.25;21.75;980.0;14.11;35.0;2.80;15.0;743.06;1.0;0;1.0;0;0
259070;28.0;1840.0;0;78.0;21.75;980.0;14.20;35.0;2.80;15.0;330.56;1.0;0;1.0;0;0
259442;30.0;1810.0;0;78.0;21.75;980.0;14.11;35.0;2.84;15.0;86.36;1.0;0;1.0;0;0
259812;28.0;1830.0;0;78.0;21.75;980.0;14.20;35.0;2.85;15.0;83.00;1.0;0;1.0;0;0
260188;27.0;1690.0;0;78.0;21.75;980.0;14.29;35.0;3.02;15.0;89.33;1.0;0;1.0;0;0
260502;27.0;1650.0;0;78.0;21.75;980.0;14.29;35.0;3.05;15.0;558.90;1.0;0;1.0;0;0
260877;25.0;1580.0;0;78.0;21.75;980.0;14.29;35.0;3.06;15.0;177.98;1.0;0;1.0;0;0
261263;25.0;1650.0;0;78.0;21.75;980.0;14.11;35.0;3.04;15.0;70.72;1.0;0;1.0;0;0
261598;25.0;1820.0;7.99;78.0;21.75;980.0;14.11;38.0;5.36;16.0;597.27;1.0;0;0;0;0
261996;25.0;2350.0;8.46;78.0;21.75;980.0;14.01;38.0;4.93;22.5;928.98;1.0;0;0;0;0
262342;28.0;1820.0;17.40;78.0;21.75;980.0;14.11;38.0;6.46;4.0;892.59;1.0;0;0;0;0
262721;30.0;1990.0;22.58;78.0;21.75;980.0;14.01;38.0;6.65;3.5;921.81;1.0;0;1.0;0;0
263047;31.0;1920.0;23.05;78.0;21.75;980.0;14.11;38.0;6.70;4.0;917.92;1.0;0;1.0;0;0
263417;33.0;2130.0;21.64;78.0;21.75;980.0;14.01;38.0;6.21;6.0;915.93;1.0;0;1.0;0;0
263787;34.0;2150.0;32.46;78.0;21.75;980.0;14.11;38.0;9.64;2.5;937.14;1.0;0;1.0;0;0
264158;37.0;2400.0;27.28;78.0;21.75;980.0;13.92;38.0;7.57;5.0;949.35;1.0;0;1.0;0;0
264553;39.0;2450.0;17.87;78.0;21.75;980.0;13.92;38.0;5.88;23.0;928.52;1.0;0;0;0;0
264866;39.0;2450.0;12.23;78.0;21.75;980.0;14.01;38.0;5.24;25.0;904.18;1.0;0;0;0;0
265236;41.0;2600.0;11.76;78.0;21.75;980.0;14.01;38.0;5.00;31.0;911.97;1.0;0;0;0;0
265617;41.0;2550.0;17.87;78.0;21.75;980.0;14.11;38.0;5.77;34.0;908.15;1.0;0;0;0;0
265931;44.0;2650.0;7.99;78.0;21.75;980.0;14.01;38.0;4.52;33.5;920.82;1.0;0;0;0;0
266301;42.0;2500.0;0.47;78.0;21.75;980.0;14.01;36.0;3.04;24.0;936.53;1.0;0;0;0;0
266677;41.0;2550.0;0;78.0;21.75;980.0;14.01;36.0;2.50;21.0;863.06;1.0;0;0;0;0
267047;42.0;2550.0;0;78.0;21.75;980.0;14.01;35.0;2.44;20.0;947.21;1.0;0;0;0;0
267417;42.0;2750.0;9.88;78.0;21.75;980.0;14.01;38.0;4.64;38.5;930.43;1.0;0;0;0;0
267754;44.0;2700.0;10.82;78.0;21.75;980.0;14.01;38.0;4.77;36.0;896.86;1.0;0;0;0;0
268117;44.0;2800.0;7.52;78.0;21.75;980.0;14.01;38.0;4.37;38.5;915.02;1.0;0;0;0;0
268488;47.0;2750.0;4.70;78.0;21.75;980.0;14.01;38.0;3.97;36.0;956.29;1.0;0;0;0;0
268883;45.0;2800.0;0;78.0;21.75;980.0;14.01;36.0;2.29;24.0;892.28;1.0;0;0;0;0
269238;45.0;2800.0;0;78.0;21.75;980.0;14.01;36.0;2.29;25.0;924.55;1.0;0;0;0;0
269608;45.0;2800.0;0;78.0;21.75;980.0;14.01;35.0;2.28;24.0;933.63;1.0;0;0;0;0
269978;45.0;2800.0;0;78.0;21.75;980.0;14.01;35.0;2.29;24.0;928.44;1.0;0;0;0;0
270355;47.0;3000.0;6.11;78.0;21.75;980.0;13.92;38.0;3.98;40.5;942.18;1.0;0;0;0;0
270678;47.0;2900.0;6.11;78.0;21.75;980.0;13.92;38.0;4.00;39.0;947.21;1.0;0;0;0;0
271051;47.0;3000.0;9.88;78.0;21.75;980.0;14.01;38.0;4.42;40.5;944.24;1.0;0;0;0;0
271421;48.0;3000.0;15.52;78.0;21.75;980.0;14.01;38.0;4.99;42.5;849.94;1.0;0;0;0;0
271748;50.0;2700.0;0;78.0;21.75;980.0;14.01;38.0;2.42;23.5;715.98;1.0;0;0;0;0
272143;50.0;2550.0;12.70;78.0;21.75;980.0;14.01;38.0;5.11;28.0;937.98;1.0;0;0;0;0
272491;53.0;2500.0;9.41;78.0;21.75;980.0;14.01;38.0;5.03;28.0;887.48;1.0;0;0;0;0
272803;51.0;2550.0;0.94;78.0;21.75;980.0;14.01;36.0;3.15;24.0;937.83;1.0;0;0;0;0
273170;53.0;2500.0;0.47;78.0;21.75;980.0;14.01;36.0;3.09;23.5;958.12;1.0;0;0;0;0
273584;53.0;2550.0;0;78.0;21.75;980.0;14.01;36.0;2.46;20.0;944.62;1.0;0;0;0;0
273934;51.0;2650.0;8.93;78.0;21.75;980.0;13.92;38.0;4.66;38.5;916.85;1.0;0;0;0;0
274269;54.0;2650.0;9.41;78.0;21.75;980.0;14.01;38.0;4.67;33.0;929.97;1.0;0;0;0;0
274640;54.0;2700.0;9.41;78.0;21.75;980.0;14.01;38.0;4.62;35.5;932.87;1.0;0;0;0;0
275009;56.0;2700.0;1.88;78.0;21.75;980.0;14.01;38.0;3.13;38.0;939.89;1.0;0;0;0;0
275380;56.0;2750.0;0;78.0;21.75;980.0;14.01;36.0;2.33;23.5;922.65;1.0;0;0;0;0
275720;54.0;2750.0;0;78.0;21.75;980.0;14.01;35.0;2.30;23.5;937.52;1.0;0;0;0;0
276080;54.0;2750.0;0;78.0;21.75;980.0;14.01;35.0;2.30;23.5;935.77;1.0;0;0;0;0
276456;54.0;2650.0;0;78.0;21.75;980.0;14.01;35.0;2.37;21.5;933.48;1.0;0;0;0;0
276827;51.0;2550.0;0;78.0;21.75;980.0;14.01;35.0;2.44;20.0;930.50;1.0;0;0;0;0
277194;48.0;2400.0;0;78.0;21.75;980.0;14.11;35.0;2.51;18.5;921.04;1.0;0;0;0;0
277568;47.0;2300.0;0;78.0;21.75;980.0;14.29;35.0;2.55;16.0;911.43;1.0;0;0;0;0
277940;44.0;2200.0;0;78.0;21.75;980.0;14.20;35.0;2.62;15.0;902.96;1.0;0;1.0;0;0
278268;42.0;2070.0;0;78.0;21.75;980.0;14.29;35.0;2.68;15.0;898.39;1.0;0;1.0;0;0
278638;41.0;1990.0;0;78.0;21.75;980.0;14.11;35.0;2.70;15.0;887.32;1.0;0;1.0;0;0
279068;39.0;1910.0;0;78.0;21.75;980.0;14.11;35.0;2.69;15.0;820.04;1.0;0;1.0;0;0
279422;36.0;1850.0;0;78.0;22.5;980.0;14.29;35.0;2.71;15.0;387.40;1.0;0;1.0;0;0
279734;36.0;1980.0;0;78.0;21.75;980.0;14.20;38.0;2.86;15.0;851.47;1.0;0;1.0;0;0
280130;37.0;2270.0;0;78.0;22.5;980.0;14.01;38.0;2.71;16.0;919.98;1.0;0;1.0;0;0
280442;36.0;2270.0;0;78.0;22.5;980.0;14.11;37.0;2.66;15.0;903.19;1.0;0;0;0;0
280781;34.0;2200.0;0;78.0;22.5;980.0;14.20;36.0;2.64;15.0;890.07;1.0;0;1.0;0;0
281151;34.0;2140.0;0;78.0;22.5;980.0;14.20;36.0;2.68;15.0;850.09;1.0;0;1.0;0;0
281521;33.0;2070.0;0;78.0;22.5;980.0;14.11;35.0;2.68;15.0;864.82;1.0;0;1.0;0;0
281838;31.0;1970.0;0;78.0;22.5;980.0;14.20;35.0;2.69;15.0;794.78;1.0;0;1.0;0;0
282221;30.0;1920.0;0;78.0;22.5;980.0;14.20;35.0;2.77;15.0;281.58;1.0;0;1.0;0;0
282533;30.0;1870.0;0;78.0;22.5;980.0;14.11;35.0;2.84;15.0;103.29;1.0;0;1.0;0;0
282946;30.0;1870.0;0;78.0;22.5;980.0;14.29;35.0;2.85;15.0;115.50;1.0;0;1.0;0;0
283397;28.0;1850.0;0;78.0;22.5;980.0;14.11;35.0;2.87;15.0;157.53;1.0;0;1.0;0;0
283767;30.0;1830.0;0;78.0;22.5;980.0;14.11;35.0;2.93;15.0;783.95;1.0;0;1.0;0;0
284139;28.0;1810.0;0;78.0;22.5;980.0;14.20;35.0;2.85;15.0;379.39;1.0;0;1.0;0;0
284507;28.0;1780.0;0;78.0;22.5;980.0;14.20;35.0;2.94;15.0;367.94;1.0;0;1.0;0;0
284900;28.0;1780.0;0;78.0;22.5;980.0;14.29;35.0;2.91;15.0;682.49;1.0;0;1.0;0;0
285212;28.0;1780.0;0;78.0;22.5;980.0;14.29;35.0;2.94;15.0;132.28;1.0;0;1.0;0;0
285598;28.0;1690.0;0.47;78.0;22.5;980.0;14.29;35.0;3.07;15.0;750.69;1.0;0;0;0;0
285916;28.0;1880.0;2.35;78.0;22.5;980.0;14.11;38.0;4.39;17.5;930.96;1.0;0;0;0;0
286287;28.0;1790.0;2.35;78.0;22.5;980.0;14.20;38.0;4.43;17.5;940.04;1.0;0;0;0;0
286656;28.0;1870.0;8.93;78.0;22.5;980.0;14.11;38.0;5.38;16.5;943.63;1.0;0;0;0;0
287042;31.0;1930.0;11.76;78.0;22.5;980.0;14.29;38.0;5.53;15.0;908.15;1.0;0;0;0;0
287412;31.0;1980.0;7.52;78.0;22.5;980.0;14.01;38.0;5.11;17.0;893.50;1.0;0;0;0;0
287725;31.0;1880.0;0;78.0;22.5;980.0;14.29;36.0;2.82;15.0;948.05;1.0;0;1.0;0;0
288095;31.0;1930.0;0;78.75;22.5;980.0;14.11;35.0;2.77;15.0;925.39;1.0;0;1.0;0;0
288418;31.0;1880.0;0;78.75;22.5;980.0;14.11;35.0;2.77;15.0;911.13;1.0;0;1.0;0;0
288793;31.0;1780.0;0;78.75;22.5;980.0;14.29;35.0;2.80;15.0;893.96;1.0;0;1.0;0;0
289128;30.0;1820.0;0;78.75;22.5;980.0;14.11;35.0;2.72;15.0;844.60;1.0;0;1.0;0;0
289501;31.0;1860.0;0;78.75;22.5;980.0;14.11;35.0;2.67;15.0;774.87;1.0;0;1.0;0;0
289821;30.0;1810.0;0;78.75;22.5;980.0;14.11;35.0;2.66;15.0;680.96;1.0;0;0;0;0
290201;30.0;1930.0;5.17;78.75;22.5;980.0;14.20;38.0;4.56;17.0;153.95;1.0;0;0;0;0
290515;31.0;2030.0;10.35;78.75;22.5;980.0;14.20;38.0;5.29;17.0;877.41;1.0;0;0;0;0
290911;31.0;1980.0;10.35;78.75;22.5;980.0;14.29;38.0;5.35;16.5;882.82;1.0;0;0;0;0
291226;33.0;2070.0;8.46;78.75;22.5;980.0;14.11;38.0;5.07;17.5;927.61;1.0;0;0;0;0
291595;34.0;2210.0;4.70;78.75;22.5;980.0;14.01;38.0;4.58;19.0;944.16;1.0;0;0;0;0
291966;34.0;2040.0;4.70;78.75;22.5;980.0;14.11;38.0;4.74;18.0;919.67;1.0;0;0;0;0
292347;36.0;2290.0;7.52;78.75;22.5;980.0;14.11;38.0;4.85;20.0;952.09;1.0;0;0;0;0
292660;37.0;2300.0;10.82;78.75;22.5;980.0;14.01;38.0;5.05;21.0;929.74;1.0;0;0;0;0
293054;39.0;2400.0;13.17;78.75;22.5;980.0;14.11;38.0;5.21;23.5;895.11;1.0;0;0;0;0
293410;42.0;2500.0;0;78.75;22.5;980.0;14.01;38.0;2.54;20.0;881.83;1.0;0;1.0;0;0
293782;41.0;2070.0;0;78.75;22.5;980.0;14.11;38.0;2.76;15.0;948.97;1.0;0;1.0;0;0
294152;41.0;2190.0;5.64;78.75;22.5;980.0;14.01;38.0;4.77;18.5;953.24;1.0;0;0;0;0
294582;42.0;2170.0;5.64;78.75;22.5;980.0;14.20;38.0;4.76;18.5;953.24;1.0;0;0;0;0
294942;44.0;2090.0;0;78.75;22.5;980.0;14.11;36.0;3.24;15.0;916.01;1.0;0;0;0;0
295371;44.0;2210.0;0;78.75;22.5;980.0;14.11;36.0;2.64;15.0;943.47;1.0;0;0;0;0
295686;45.0;2200.0;0;78.75;22.5;980.0;14.11;35.0;2.62;15.0;931.95;1.0;0;0;0;0
296066;44.0;2190.0;0;78.75;22.5;980.0;14.11;35.0;2.67;15.0;928.44;1.0;0;1.0;0;0
296436;44.0;2160.0;0;78.75;22.5;980.0;14.29;35.0;2.66;15.0;922.34;1.0;0;1.0;0;0
296807;42.0;2110.0;0;78.75;22.5;980.0;14.01;35.0;2.66;15.0;907.54;1.0;0;1.0;0;0
297177;42.0;2080.0;0;78.75;22.5;980.0;14.29;35.0;2.69;15.0;899.15;1.0;0;1.0;0;0
297595;42.0;2080.0;0;78.75;22.5;980.0;14.11;35.0;2.68;15.0;892.59;1.0;0;1.0;0;0
297953;42.0;2070.0;0;78.75;22.5;980.0;14.11;35.0;2.66;15.0;889.23;1.0;0;1.0;0;0
298323;42.0;2060.0;0;78.75;22.5;980.0;14.01;35.0;2.68;15.0;871.91;1.0;0;1.0;0;0
298758;41.0;2060.0;0;78.75;22.5;980.0;14.20;35.0;2.65;15.0;859.33;1.0;0;1.0;0;0
299070;41.0;2050.0;0;78.75;22.5;980.0;14.29;35.0;2.71;15.0;867.41;1.0;0;1.0;0;0
299440;41.0;2060.0;0;78.75;22.5;985.0;14.11;35.0;2.68;15.0;876.34;1.0;0;1.0;0;0
299833;41.0;2070.0;0.94;78.75;22.5;980.0;14.11;35.0;2.70;18.5;862.61;1.0;0;0;0;0
300182;42.0;2080.0;4.70;78.75;22.5;980.0;14.29;38.0;4.72;18.0;948.66;1.0;0;0;0;0
300575;42.0;2100.0;4.70;78.75;22.5;980.0;14.11;38.0;4.65;18.5;947.29;1.0;0;0;0;0
300935;42.0;2090.0;27.75;78.75;22.5;980.0;14.11;38.0;8.59;11.0;896.78;1.0;0;0;0;0
301310;42.0;2120.0;7.05;78.75;22.5;980.0;14.11;38.0;6.45;17.0;674.17;1.0;0;0;0;0
301680;42.0;2110.0;5.17;78.75;22.5;980.0;14.01;38.0;4.78;18.0;648.61;1.0;0;0;0;0
302050;44.0;2150.0;6.58;78.75;22.5;985.0;14.11;38.0;4.81;18.0;963.31;1.0;0;0;0;0
302428;44.0;2140.0;4.70;78.75;22.5;980.0;14.11;38.0;4.66;18.5;970.63;1.0;0;0;0;0
302794;44.0;2130.0;5.17;78.75;22.5;980.0;14.20;38.0;4.66;18.5;971.32;1.0;0;0;0;0
303165;44.0;2170.0;12.23;78.75;22.5;985.0;14.11;38.0;5.19;17.5;948.20;1.0;0;0;0;0
303560;44.0;2150.0;5.17;78.75;22.5;980.0;14.11;38.0;4.40;18.0;642.89;1.0;0;0;0;0
303867;44.0;2130.0;4.70;78.75;22.5;980.0;14.11;38.0;4.73;18.0;534.41;1.0;0;0;0;0
304237;42.0;2120.0;4.70;78.75;22.5;980.0;14.01;38.0;4.66;18.5;910.13;1.0;0;0;0;0
304567;44.0;2140.0;5.17;78.75;22.5;980.0;14.11;38.0;4.73;18.5;972.77;1.0;0;0;0;0
304937;44.0;2160.0;4.23;78.75;22.5;980.0;14.11;38.0;4.53;18.5;971.47;1.0;0;0;0;0
305310;42.0;2120.0;0;78.75;22.5;985.0;14.01;36.0;3.25;19.0;839.80;1.0;0;1.0;0;0
305681;42.0;2130.0;0;78.75;22.5;985.0;14.11;36.0;2.69;15.0;930.73;1.0;0;1.0;0;0
306053;44.0;2150.0;0;78.75;22.5;985.0;14.29;35.0;2.63;15.0;960.03;1.0;0;1.0;0;0
306427;42.0;2060.0;0;78.75;22.5;980.0;14.20;35.0;2.68;15.0;955.37;1.0;0;1.0;0;0
306765;41.0;2040.0;0;78.75;22.5;980.0;14.11;35.0;2.68;15.0;947.90;1.0;0;1.0;0;0
307135;41.0;1960.0;0;78.75;22.5;980.0;14.11;35.0;2.7;15.0;936.68;1.0;0;1.0;0;0
307521;39.0;1920.0;0;78.75;22.5;980.0;14.11;35.0;2.69;15.0;923.56;1.0;0;1.0;0;0
307891;37.0;1810.0;0;78.75;22.5;985.0;14.11;35.0;2.85;15.0;921.43;1.0;0;1.0;0;0
308203;37.0;1820.0;0;78.75;22.5;985.0;14.20;35.0;2.82;15.0;910.13;1.0;0;1.0;0;0
308575;36.0;1840.0;0;78.75;22.5;985.0;14.29;35.0;2.77;15.0;900.06;1.0;0;1.0;0;0
308995;36.0;1780.0;0;78.75;23.25;985.0;14.29;35.0;2.79;15.0;875.96;1.0;0;1.0;0;0
309366;36.0;1790.0;0;78.75;22.5;985.0;14.29;35.0;2.74;15.0;853.83;1.0;0;1.0;0;0
309737;37.0;1810.0;0;78.75;22.5;985.0;14.29;35.0;2.70;15.0;718.49;1.0;0;1.0;0;0
310173;36.0;1810.0;0;78.75;23.25;985.0;14.11;35.0;2.71;15.0;262.81;1.0;0;1.0;0;0
310546;36.0;1810.0;0;78.75;22.5;985.0;14.11;35.0;2.74;15.0;140.14;1.0;0;1.0;0;0
310858;36.0;1820.0;0;78.75;23.25;980.0;14.20;35.0;2.78;15.0;249.62;1.0;0;1.0;0;0
311235;37.0;1860.0;0;78.75;23.25;985.0;14.29;35.0;2.74;15.0;789.90;1.0;0;1.0;0;0
311610;37.0;1920.0;4.70;78.75;23.25;985.0;14.20;38.0;4.94;17.0;826.67;1.0;0;0;0;0
312063;39.0;1920.0;4.70;78.75;23.25;980.0;14.29;38.0;4.87;17.0;957.82;1.0;0;0;0;0
312434;39.0;1930.0;7.52;78.75;23.25;980.0;14.20;38.0;6.92;17.0;965.75;1.0;0;0;0;0
312756;39.0;2040.0;0.47;79.5;23.25;985.0;14.11;36.0;3.48;18.5;946.91;1.0;0;0;0;0
313126;41.0;1910.0;0;78.75;22.5;985.0;14.11;36.0;2.84;15.0;961.25;1.0;0;1.0;0;0
313439;41.0;1990.0;0;79.5;23.25;985.0;14.20;36.0;2.77;15.0;936.30;1.0;0;1.0;0;0
313821;41.0;2030.0;0;78.75;23.25;985.0;14.11;35.0;2.70;15.0;916.31;1.0;0;1.0;0;0
314198;41.0;2020.0;0;79.5;22.5;980.0;14.29;35.0;2.69;15.0;907.01;1.0;0;1.0;0;0
314591;39.0;1940.0;0;79.5;22.5;985.0;14.11;35.0;2.80;15.0;901.97;1.0;0;1.0;0;0
314955;37.0;1850.0;0;79.5;23.25;985.0;14.29;35.0;2.79;15.0;877.41;1.0;0;1.0;0;0
315283;36.0;1810.0;0;79.5;23.25;985.0;14.20;35.0;2.76;15.0;773.19;1.0;0;1.0;0;0
315656;36.0;1710.0;0;79.5;22.5;985.0;14.29;35.0;2.80;15.0;704.69;1.0;0;1.0;0;0
316094;33.0;1660.0;0;79.5;22.5;985.0;14.29;35.0;2.84;15.0;247.33;1.0;0;1.0;0;0
316402;33.0;1620.0;0;79.5;23.25;985.0;14.29;35.0;2.91;15.0;78.65;1.0;0;1.0;0;0
316727;33.0;1570.0;0;79.5;22.5;985.0;14.39;35.0;2.97;15.0;68.05;1.0;0;1.0;0;0
317122;33.0;1630.0;0;79.5;23.25;985.0;14.20;35.0;3.01;15.0;58.97;1.0;0;1.0;0;0
317434;33.0;1630.0;0;79.5;23.25;985.0;14.20;35.0;3.02;15.0;63.32;1.0;0;1.0;0;0
317810;34.0;1640.0;0;79.5;23.25;985.0;14.29;35.0;3.03;15.0;154.94;1.0;0;1.0;0;0
318188;34.0;1740.0;0.47;79.5;23.25;985.0;14.29;35.0;3.05;15.0;796.39;1.0;0;0;0;0
318614;36.0;1710.0;2.82;79.5;23.25;985.0;14.29;38.0;4.87;17.0;936.53;1.0;0;0;0;0
318996;36.0;1730.0;11.29;79.5;22.5;985.0;14.20;38.0;7.33;15.0;921.04;1.0;0;0;0;0
319481;34.0;1730.0;4.70;79.5;23.25;985.0;14.20;38.0;5.13;16.5;733.45;1.0;0;0;0;0
319849;36.0;1790.0;4.23;79.5;22.5;985.0;14.11;38.0;5.18;17.0;971.09;1.0;0;0;0;0
320232;37.0;1900.0;4.70;79.5;23.25;985.0;14.29;38.0;4.9;17.0;968.27;1.0;0;0;0;0
320566;39.0;1920.0;4.70;79.5;23.25;985.0;14.11;38.0;4.91;17.5;967.43;1.0;0;0;0;0
320937;39.0;2020.0;4.23;79.5;22.5;985.0;14.11;38.0;4.82;17.5;972.46;1.0;0;0;0;0
321250;41.0;2080.0;0;79.5;23.25;985.0;14.01;36.0;2.72;15.0;960.10;1.0;0;1.0;0;0
321628;42.0;1990.0;0;79.5;23.25;985.0;14.11;35.0;2.71;15.0;942.86;1.0;0;1.0;0;0
322008;42.0;2050.0;0.47;79.5;22.5;985.0;14.11;35.0;2.71;15.0;927.68;1.0;0;0;0;0
322341;44.0;2140.0;7.52;79.5;23.25;985.0;14.11;38.0;5.01;18.0;949.73;1.0;0;0;0;0
322652;45.0;2160.0;7.52;79.5;23.25;985.0;14.01;38.0;4.99;18.0;948.51;1.0;0;0;0;0
323032;47.0;2230.0;4.23;79.5;23.25;985.0;14.11;38.0;4.53;19.0;952.09;1.0;0;0;0;0
323345;47.0;2270.0;0.94;79.5;23.25;985.0;14.11;36.0;3.44;19.5;920.20;1.0;0;0;0;0
323775;45.0;2280.0;0;79.5;23.25;985.0;14.01;36.0;3.07;15.0;947.52;1.0;0;0;0;0
324161;45.0;2250.0;0;79.5;23.25;985.0;14.11;36.0;2.65;15.0;944.47;1.0;0;0;0;0
324473;47.0;2300.0;0;79.5;23.25;985.0;14.01;35.0;2.58;16.0;937.29;1.0;0;0;0;0
324843;47.0;2300.0;0;79.5;23.25;985.0;14.01;35.0;2.58;16.0;934.39;1.0;0;0;0;0
325213;47.0;2300.0;0;79.5;23.25;985.0;14.11;35.0;2.57;16.0;931.88;1.0;0;0;0;0
325593;47.0;2300.0;0;79.5;23.25;985.0;14.11;35.0;2.59;16.0;924.10;1.0;0;0;0;0
325964;47.0;2270.0;5.17;79.5;23.25;985.0;14.01;38.0;4.58;20.5;941.72;1.0;0;0;0;0
326289;47.0;2400.0;6.11;79.5;23.25;985.0;14.11;38.0;4.63;22.5;956.44;1.0;0;0;0;0
326659;48.0;2350.0;4.70;79.5;23.25;985.0;14.11;38.0;4.39;21.5;962.24;1.0;0;0;0;0
327048;48.0;2350.0;0;79.5;23.25;985.0;14.01;36.0;2.60;16.5;955.22;1.0;0;0;0;0
327406;48.0;2350.0;0;79.5;23.25;985.0;14.11;36.0;2.57;16.5;947.97;1.0;0;0;0;0
327777;48.0;2300.0;0;79.5;23.25;985.0;14.11;35.0;2.57;16.5;934.01;1.0;0;0;0;0
328157;47.0;2350.0;0;79.5;23.25;985.0;14.11;35.0;2.54;16.5;929.44;1.0;0;0;0;0
328532;47.0;2300.0;0;79.5;23.25;985.0;14.11;35.0;2.59;16.0;925.93;1.0;0;0;0;0
328903;48.0;2300.0;0;79.5;23.25;985.0;14.11;35.0;2.59;16.0;920.51;1.0;0;0;0;0
329281;47.0;2300.0;0;79.5;23.25;985.0;14.11;35.0;2.57;16.0;920.36;1.0;0;0;0;0
329608;47.0;2300.0;0;79.5;23.25;985.0;14.01;35.0;2.61;16.0;921.50;1.0;0;0;0;0
329921;47.0;2300.0;0;79.5;23.25;985.0;14.11;35.0;2.57;16.0;909.60;1.0;0;0;0;0
330291;47.0;2300.0;0;79.5;23.25;985.0;14.11;35.0;2.59;16.0;911.13;1.0;0;0;0;0
330684;47.0;2300.0;0;79.5;23.25;985.0;14.11;35.0;2.59;16.0;910.90;1.0;0;0;0;0
330996;47.0;2290.0;0;79.5;23.25;985.0;14.01;35.0;2.64;16.0;905.10;1.0;0;0;0;0
331366;45.0;2280.0;0;79.5;23.25;985.0;14.11;35.0;2.61;15.0;908.61;1.0;0;0;0;0
331761;47.0;2300.0;0;79.5;23.25;985.0;14.11;35.0;2.59;16.0;908.38;1.0;0;0;0;0
332120;47.0;2300.0;0;79.5;23.25;985.0;14.11;35.0;2.57;16.0;905.25;1.0;0;0;0;0
332506;45.0;2250.0;0;79.5;23.25;985.0;14.11;35.0;2.62;15.0;906.47;1.0;0;0;0;0
332903;45.0;2240.0;0;79.5;23.25;985.0;14.11;35.0;2.65;15.0;902.51;1.0;0;0;0;0
333274;45.0;2260.0;0;79.5;23.25;985.0;14.01;35.0;2.62;15.0;849.79;1.0;0;0;0;0
333644;44.0;2240.0;0;79.5;23.25;985.0;14.11;35.0;2.62;15.0;898.92;1.0;0;0;0;0
333957;44.0;2190.0;0;79.5;23.25;985.0;14.11;35.0;2.69;15.0;752.75;1.0;0;1.0;0;0
334327;45.0;2180.0;0;79.5;22.5;985.0;14.01;35.0;2.69;15.0;898.08;1.0;0;1.0;0;0
334703;42.0;2150.0;0;79.5;23.25;985.0;14.29;35.0;2.61;15.0;898.92;1.0;0;1.0;0;0
335079;42.0;2040.0;0;79.5;22.5;985.0;14.11;35.0;2.75;15.0;879.24;1.0;0;1.0;0;0
335449;39.0;1960.0;0;79.5;22.5;985.0;14.20;35.0;2.70;15.0;838.35;1.0;0;1.0;0;0
335831;37.0;1870.0;0;79.5;22.5;985.0;14.11;35.0;2.83;15.0;182.10;1.0;0;1.0;0;0
336189;37.0;1840.0;0;79.5;22.5;985.0;14.20;35.0;2.84;15.0;427.37;1.0;0;1.0;0;0
336572;34.0;1750.0;0;79.5;23.25;985.0;14.29;35.0;2.88;15.0;132.21;1.0;0;1.0;0;0
336935;33.0;1580.0;0;79.5;23.25;985.0;14.11;35.0;3.06;15.0;82.69;1.0;0;1.0;0;0
337307;33.0;1710.0;0;79.5;23.25;985.0;14.11;35.0;2.98;15.0;60.72;1.0;0;1.0;0;0
337702;30.0;1870.0;0;79.5;23.25;985.0;14.11;35.0;2.87;15.0;671.96;1.0;0;1.0;0;0
338071;28.0;1770.0;0;79.5;23.25;985.0;14.20;35.0;2.91;15.0;565.53;1.0;0;1.0;0;0
338427;25.0;1650.0;0;79.5;22.5;985.0;14.29;35.0;3.01;15.0;155.17;1.0;0;1.0;0;0
338824;24.0;1530.0;0;79.5;23.25;985.0;14.29;35.0;3.17;15.0;104.97;1.0;0;1.0;0;0
339194;21.0;1480.0;0;79.5;23.25;985.0;14.20;35.0;3.24;15.0;62.48;1.0;0;1.0;0;0
339581;19.0;1560.0;0;79.5;22.5;985.0;14.29;35.0;3.2;15.0;103.98;1.0;0;1.0;0;0
339919;18.0;1480.0;0;79.5;22.5;985.0;14.20;35.0;3.28;15.0;742.83;1.0;0;1.0;0;0
340256;16.0;1520.0;0;79.5;22.5;985.0;14.20;35.0;3.20;16.0;796.39;1.0;0;1.0;0;0
340608;15.0;1540.0;0;79.5;22.5;985.0;14.39;35.0;3.15;15.0;838.12;1.0;0;1.0;0;0
341023;13.0;1540.0;0;79.5;22.5;985.0;14.20;35.0;3.13;15.0;430.19;1.0;0;1.0;0;0
341393;13.0;1620.0;0;79.5;22.5;985.0;14.29;35.0;3.10;15.0;434.54;1.0;0;1.0;0;0
341763;12.0;1600.0;0;79.5;22.5;985.0;14.29;35.0;3.05;15.0;842.08;1.0;0;1.0;0;0
342108;12.0;1570.0;0;79.5;22.5;985.0;14.29;35.0;3.06;15.0;490.16;1.0;0;1.0;0;0
342420;12.0;1540.0;0;79.5;22.5;985.0;14.39;35.0;3.13;15.0;126.33;1.0;0;1.0;0;0
342790;10.0;1480.0;0;79.5;22.5;985.0;14.39;35.0;3.21;15.0;147.23;1.0;0;1.0;0;0
343165;12.0;1650.0;0;79.5;22.5;985.0;14.39;35.0;3.06;15.0;112.45;1.0;0;1.0;0;0
343546;9.0;1610.0;0;79.5;22.5;985.0;14.20;35.0;3.08;15.0;844.07;1.0;0;1.0;0;0
343859;9.0;1540.0;0;79.5;22.5;985.0;14.39;35.0;3.13;15.0;850.55;1.0;0;1.0;0;0
344257;7.0;1560.0;0;79.5;22.5;985.0;14.20;35.0;3.13;15.0;236.11;1.0;0;1.0;0;0
344569;7.0;1580.0;0;79.5;22.5;985.0;14.39;35.0;3.11;15.0;607.03;1.0;0;1.0;0;0
344887;7.0;1660.0;0;79.5;22.5;985.0;14.29;35.0;3.01;15.0;792.50;1.0;0;1.0;0;0
345259;7.0;1520.0;0;79.5;23.25;985.0;14.29;35.0;3.11;15.0;826.90;1.0;0;1.0;0;0
345689;6.0;1530.0;0;79.5;23.25;985.0;14.29;35.0;3.13;15.0;166.15;1.0;0;1.0;0;0
346071;6.0;1540.0;0;79.5;23.25;985.0;14.29;35.0;3.18;15.5;76.51;1.0;0;1.0;0;0
346385;3.0;1460.0;0;79.5;23.25;985.0;14.29;35.0;3.23;15.0;89.33;1.0;0;1.0;0;0
346769;0;1430.0;0;79.5;23.25;985.0;14.39;35.0;3.32;13.0;77.43;1.0;0;1.0;0;0
347080;0;1560.0;0;79.5;23.25;985.0;14.20;34.0;3.12;12.5;702.85;1.0;0;1.0;0;0
347430;0;1510.0;0;79.5;23.25;985.0;14.20;34.0;3.13;17.0;805.24;1.0;0;1.0;0;0
347801;0;1550.0;0;79.5;23.25;985.0;14.20;33.0;3.04;11.5;843.91;1.0;0;1.0;0;0
348171;0;1490.0;0;79.5;23.25;985.0;14.20;32.0;3.05;17.5;800.05;1.0;0;1.0;0;0
348480;0;1440.0;0;79.5;23.25;985.0;14.20;32.0;3.06;18.5;642.81;1.0;0;1.0;0;0
348875;0;1460.0;0;79.5;23.25;985.0;14.39;31.0;3.01;16.0;103.37;1.0;0;1.0;0;0
349245;0;1410.0;0;79.5;23.25;985.0;14.39;32.0;3.14;18.0;324.30;1.0;0;1.0;0;0
349578;0;1490.0;0;79.5;23.25;985.0;14.20;32.0;3.13;13.0;588.34;1.0;0;1.0;0;0
349911;0;1530.0;0;79.5;23.25;985.0;14.20;32.0;3.04;14.5;837.43;1.0;0;1.0;0;0
350284;0;1470.0;0;79.5;23.25;985.0;14.29;32.0;3.07;18.5;261.36;1.0;0;1.0;0;0
350654;0;1450.0;0;79.5;23.25;985.0;14.29;32.0;3.07;16.0;734.44;1.0;0;1.0;0;0
351041;0;1480.0;0;79.5;23.25;985.0;14.20;32.0;3.07;16.0;242.44;1.0;0;1.0;0;0
351411;0;1530.0;0;79.5;23.25;985.0;14.29;33.0;3.10;16.0;129.00;1.0;0;1.0;0;0
351723;0;1400.0;0;79.5;23.25;985.0;14.20;33.0;3.14;17.0;719.71;1.0;0;1.0;0;0
352160;0;1490.0;0;79.5;23.25;985.0;14.29;33.0;3.13;14.5;150.59;1.0;0;1.0;0;0
352514;0;1440.0;0;79.5;23.25;985.0;14.29;33.0;3.23;15.5;465.29;1.0;0;1.0;0;0
352910;0;1560.0;0;79.5;23.25;985.0;14.29;33.0;3.04;14.5;761.98;1.0;0;1.0;0;0
353280;0;1490.0;0;79.5;23.25;985.0;14.29;33.0;3.11;15.5;333.15;1.0;0;1.0;0;0
353601;0;1430.0;0;79.5;23.25;985.0;14.20;34.0;3.42;24.0;71.78;1.0;0;1.0;0;0
353971;0;1580.0;0;79.5;23.25;985.0;14.29;34.0;3.09;8.5;626.26;1.0;0;1.0;0;0
354290;0;1520.0;0;79.5;23.25;985.0;14.29;34.0;3.13;16.0;353.22;1.0;0;1.0;0;0
354660;0;1430.0;0;79.5;23.25;985.0;14.20;34.0;3.23;17.0;92.31;1.0;0;1.0;0;0
355037;0;1470.0;0;79.5;23.25;985.0;14.20;34.0;3.23;15.0;93.07;1.0;0;1.0;0;0
355408;0;1520.0;0;80.25;23.25;985.0;14.29;34.0;3.20;17.5;524.26;1.0;0;1.0;0;0
355803;0;1540.0;0;80.25;23.25;985.0;14.29;33.0;3.12;11.5;836.06;1.0;0;1.0;0;0
356161;0;1450.0;0;80.25;23.25;985.0;14.39;33.0;3.14;14.5;850.55;1.0;0;1.0;0;0
356532;0;1450.0;0;80.25;23.25;985.0;14.29;33.0;3.11;18.0;383.35;1.0;0;1.0;0;0
356942;0;1550.0;0;80.25;23.25;985.0;14.39;34.0;3.09;10.0;104.28;1.0;0;1.0;0;0
357360;0;1500.0;0;80.25;23.25;985.0;14.29;34.0;3.18;15.5;154.94;1.0;0;1.0;0;0
357719;0;1520.0;0;80.25;23.25;985.0;14.29;34.0;3.22;16.0;168.98;1.0;0;1.0;0;0
358089;0;1500.0;0;80.25;23.25;985.0;14.20;33.0;3.15;13.0;859.86;1.0;0;1.0;0;0
358497;0;1510.0;0;80.25;23.25;985.0;14.20;33.0;3.15;12.5;838.50;1.0;0;1.0;0;0
358897;0;1530.0;0;80.25;23.25;985.0;14.29;33.0;3.08;12.5;830.64;1.0;0;1.0;0;0
359209;0;1490.0;0;80.25;24.0;985.0;14.29;33.0;3.09;17.5;730.62;1.0;0;1.0;0;0
359548;0;1500.0;0;80.25;24.0;985.0;14.39;33.0;3.08;13.0;158.14;1.0;0;1.0;0;0
359925;0;1490.0;0;80.25;24.0;985.0;14.39;33.0;3.13;15.5;89.56;1.0;0;1.0;0;0
360245;0;1560.0;0;80.25;24.0;985.0;14.29;33.0;3.12;11.5;288.75;1.0;0;1.0;0;0
360618;0;1400.0;0;80.25;24.0;985.0;14.39;33.0;3.16;15.0;815.54;1.0;0;1.0;0;0
360987;0;1530.0;0;80.25;24.0;985.0;14.39;33.0;3.12;13.0;476.58;1.0;0;1.0;0;0
361375;0;1430.0;0;80.25;24.75;985.0;14.39;33.0;3.16;18.0;820.27;1.0;0;1.0;0;0
361688;0;1540.0;0;80.25;24.75;985.0;14.29;33.0;3.12;12.0;187.67;1.0;0;1.0;0;0
362060;0;1500.0;0;80.25;24.75;985.0;14.29;34.0;3.15;16.0;669.36;1.0;0;1.0;0;0
362429;0;1510.0;0;80.25;24.75;985.0;14.29;34.0;3.15;14.5;219.71;1.0;0;1.0;0;0
362810;0;1520.0;0;80.25;24.75;985.0;14.29;34.0;3.16;17.0;97.04;1.0;0;1.0;0;0
363180;0;1570.0;0;80.25;24.75;985.0;14.29;33.0;3.08;12.5;805.08;1.0;0;1.0;0;0
363550;0;1440.0;0;80.25;24.75;985.0;14.39;33.0;3.17;18.5;802.41;1.0;0;1.0;0;0
363935;0;1500.0;0;80.25;24.75;985.0;14.11;34.0;3.15;18.0;630.23;1.0;0;1.0;0;0
364248;0;1480.0;0;80.25;24.75;985.0;14.20;34.0;3.19;17.0;684.01;1.0;0;1.0;0;0
364644;0;1500.0;0;80.25;24.75;985.0;14.39;34.0;3.10;15.0;628.01;1.0;0;1.0;0;0
364995;0;1530.0;0;80.25;24.75;985.0;14.39;34.0;3.11;13.0;119.08;1.0;0;1.0;0;0
365371;0;1530.0;0;80.25;24.75;985.0;14.29;33.0;3.10;14.5;663.41;1.0;0;1.0;0;0
365741;0;1430.0;0;80.25;24.75;985.0;14.39;33.0;3.16;17.0;817.37;1.0;0;1.0;0;0
366136;0;1520.0;0;80.25;24.75;985.0;14.29;33.0;3.08;16.0;157.99;1.0;0;1.0;0;0
366495;0;1550.0;0;80.25;24.75;985.0;14.29;34.0;3.07;16.0;453.39;1.0;0;1.0;0;0
366814;0;1430.0;0;80.25;24.75;985.0;14.29;34.0;3.19;17.0;357.80;1.0;0;1.0;0;0
367209;0;1520.0;0;80.25;24.75;985.0;14.29;34.0;3.13;14.0;81.17;1.0;0;1.0;0;0
367521;0;1510.0;0;80.25;24.75;985.0;14.29;34.0;3.16;14.5;74.07;1.0;0;1.0;0;0
367900;0;1490.0;0;80.25;24.75;985.0;14.20;34.0;3.23;17.0;91.39;1.0;0;1.0;0;0
368263;0;1590.0;0;80.25;24.75;985.0;14.29;34.0;3.18;12.5;455.90;1.0;0;1.0;0;0
368634;0;1490.0;0;81.0;24.75;985.0;14.29;33.0;3.18;14.0;841.70;1.0;0;1.0;0;0
369021;0;1520.0;0;80.25;24.75;985.0;14.29;33.0;3.13;15.5;813.40;1.0;0;1.0;0;0
369334;0;1490.0;0;81.0;24.75;985.0;14.29;33.0;3.13;16.0;801.27;1.0;0;1.0;0;0
369729;0;1540.0;0;81.0;24.75;985.0;14.39;33.0;3.03;12.0;775.94;1.0;0;1.0;0;0
370099;0;1450.0;0;81.0;24.75;985.0;14.29;34.0;3.14;18.0;173.48;1.0;0;1.0;0;0
370463;0;1420.0;0;81.0;25.5;985.0;14.39;34.0;3.22;15.0;81.40;1.0;0;1.0;0;0
370833;0;1600.0;0;81.0;24.75;985.0;14.29;33.0;3.04;9.5;84.14;1.0;0;1.0;0;0
371202;0;1540.0;0;81.0;24.75;985.0;14.39;33.0;3.11;11.5;789.29;1.0;0;1.0;0;0
371615;0;1480.0;0;81.0;24.75;985.0;14.29;33.0;3.15;14.5;758.09;1.0;0;1.0;0;0
371928;0;1490.0;0;81.0;24.75;985.0;14.39;33.0;3.13;19.0;805.01;1.0;0;1.0;0;0
372323;0;1510.0;0;81.0;24.75;985.0;14.29;33.0;3.09;13.0;678.14;1.0;0;1.0;0;0
372635;0;1490.0;0;81.0;24.75;985.0;14.29;33.0;3.17;13.0;176.38;1.0;0;1.0;0;0
373013;0;1480.0;0;81.0;24.75;985.0;14.39;32.0;3.09;12.5;783.34;1.0;0;1.0;0;0
373350;0;1450.0;0;81.0;24.75;985.0;14.29;36.0;3.13;23.0;643.12;1.0;0;1.0;0;0
373664;0;1500.0;0;81.0;24.75;985.0;14.29;32.0;3.17;13.0;160.81;1.0;0;1.0;0;0
374038;0;1460.0;0;81.0;24.75;985.0;14.29;32.0;3.10;14.5;817.44;1.0;0;1.0;0;0
374420;0;1510.0;0;81.0;24.75;985.0;14.39;33.0;3.06;14.0;744.59;1.0;0;1.0;0;0
374790;0;1390.0;0;81.0;24.75;985.0;14.39;33.0;3.19;18.0;382.97;1.0;0;1.0;0;0
375103;0;1540.0;0;81.0;24.75;985.0;14.29;32.0;3.11;13.0;125.64;1.0;0;1.0;0;0
375478;0;1510.0;0;81.0;24.75;985.0;14.29;32.0;3.09;12.0;646.25;1.0;0;1.0;0;0
375853;0;1460.0;0;81.0;24.75;985.0;14.29;32.0;3.08;17.0;794.02;1.0;0;1.0;0;0
376223;0;1500.0;0;81.0;24.75;985.0;14.39;32.0;3.01;14.5;822.78;1.0;0;1.0;0;0
376597;0;1450.0;0;81.0;24.75;985.0;14.20;32.0;3.06;15.0;183.17;1.0;0;1.0;0;0
376944;0;1500.0;0;81.0;24.75;985.0;14.29;33.0;3.09;20.5;79.64;1.0;0;1.0;0;0
377322;0;1520.0;0;81.0;24.75;985.0;14.39;33.0;3.09;11.0;689.12;1.0;0;1.0;0;0
377693;0;1470.0;0;81.0;24.75;985.0;14.29;33.0;3.11;16.0;230.47;1.0;0;1.0;0;0
378075;0;1570.0;0;81.0;24.75;985.0;14.29;32.0;3.04;9.0;301.19;1.0;0;1.0;0;0
378445;0;1460.0;0;81.0;24.75;985.0;14.29;32.0;3.08;14.0;816.30;1.0;0;1.0;0;0
378815;0;1510.0;0;81.0;24.75;985.0;14.39;32.0;3.05;14.0;771.21;1.0;0;1.0;0;0
379201;0;1560.0;0;81.0;24.75;985.0;14.29;32.0;3.06;12.5;588.34;1.0;0;1.0;0;0
379514;0;1520.0;0;81.75;24.75;985.0;14.39;31.0;2.99;18.5;852.69;1.0;0;1.0;0;0
379885;0;1440.0;0;81.75;24.75;985.0;14.20;31.0;3.08;15.5;786.16;1.0;0;1.0;0;0
380315;0;1490.0;0;81.75;24.75;985.0;14.20;32.0;3.08;21.5;284.25;1.0;0;1.0;0;0
380635;0;1460.0;0;81.75;24.75;985.0;14.20;32.0;3.12;15.5;677.53;1.0;0;1.0;0;0
381010;0;1440.0;0;81.75;24.75;985.0;14.29;32.0;3.11;17.5;765.57;1.0;0;1.0;0;0
381404;0;1460.0;0;81.75;24.75;985.0;14.39;32.0;3.06;19.0;129.00;1.0;0;1.0;0;0
381762;0;1490.0;0;81.75;24.75;985.0;14.39;33.0;3.16;16.0;97.49;1.0;0;1.0;0;0
382131;0;1520.0;0;81.75;24.75;985.0;14.39;33.0;3.08;16.0;278.38;1.0;0;1.0;0;0
382501;0;1500.0;0;81.75;24.75;985.0;14.29;32.0;3.07;12.0;146.09;1.0;0;1.0;0;0
382839;0;1470.0;0;81.75;24.75;985.0;14.39;33.0;3.19;14.5;170.73;1.0;0;1.0;0;0
383231;0;1540.0;0;81.75;24.75;985.0;14.20;32.0;3.07;12.0;803.48;1.0;0;1.0;0;0
383601;0;1490.0;0;81.75;24.75;985.0;14.20;32.0;3.06;18.5;841.32;1.0;0;1.0;0;0
383972;0;1470.0;0;81.75;24.75;985.0;14.20;32.0;3.03;17.5;560.42;1.0;0;1.0;0;0
384400;0;1530.0;0;81.75;24.75;985.0;14.39;33.0;3.05;14.0;102.15;1.0;0;1.0;0;0
384773;0;1460.0;0;81.75;24.75;985.0;14.29;33.0;3.17;15.0;78.27;1.0;0;1.0;0;0
385143;0;1490.0;0;81.75;24.75;985.0;14.39;33.0;3.16;14.5;386.71;1.0;0;1.0;0;0
385514;0;1490.0;0;81.75;24.75;985.0;14.29;33.0;3.10;14.0;660.59;1.0;0;1.0;0;0
385905;0;1520.0;0;81.75;24.75;985.0;14.39;33.0;3.08;13.0;546.08;1.0;0;1.0;0;0
386218;0;1490.0;0;81.75;24.75;985.0;14.29;33.0;3.12;13.0;740.08;1.0;0;1.0;0;0
386593;0;1540.0;0;81.75;24.75;985.0;14.39;32.0;3.02;12.0;762.82;1.0;0;1.0;0;0
386975;0;1530.0;0;81.75;24.75;985.0;14.20;32.0;3.07;17.5;202.77;1.0;0;1.0;0;0
387288;0;1450.0;0;81.75;24.75;985.0;14.29;32.0;3.06;18.5;784.87;1.0;0;1.0;0;0
387682;0;1490.0;0;81.75;24.75;985.0;14.20;33.0;3.12;17.0;272.12;1.0;0;1.0;0;0
388053;0;1470.0;0;81.75;24.75;985.0;14.20;33.0;3.14;20.0;151.89;1.0;0;1.0;0;0
388408;0;1520.0;0;82.5;24.75;985.0;14.20;33.0;3.06;12.5;343.38;1.0;0;1.0;0;0
388803;0;1490.0;0;82.5;24.75;985.0;14.39;34.0;3.13;18.5;212.69;1.0;0;1.0;0;0
389115;0;1400.0;0;82.5;24.75;985.0;14.29;33.0;3.19;15.0;69.72;1.0;0;1.0;0;0
389535;0;1570.0;0;82.5;24.75;985.0;14.29;34.0;3.12;10.0;72.62;1.0;0;1.0;0;0
389905;0;1430.0;0;82.5;24.75;985.0;14.29;33.0;3.19;16.0;824.46;1.0;0;1.0;0;0
390294;0;1560.0;0;82.5;24.75;985.0;14.29;33.0;3.04;11.0;816.83;1.0;0;1.0;0;0
390608;0;1490.0;0;82.5;24.75;985.0;14.20;33.0;3.08;15.0;681.26;1.0;0;1.0;0;0
390954;0;1490.0;0;82.5;24.75;985.0;14.39;33.0;3.10;16.0;130.76;1.0;0;1.0;0;0
391268;0;1530.0;0;82.5;24.75;985.0;14.29;33.0;3.14;13.0;79.64;1.0;0;1.0;0;0
391638;0;1480.0;0;82.5;24.75;985.0;14.39;33.0;3.16;15.5;574.38;1.0;0;1.0;0;0
392025;0;1550.0;0;82.5;24.75;985.0;14.39;33.0;3.04;12.0;802.34;1.0;0;1.0;0;0
392396;0;1470.0;0;82.5;24.75;985.0;14.39;33.0;3.08;17.5;487.72;1.0;0;1.0;0;0
392708;0;1480.0;0;82.5;24.75;985.0;14.20;33.0;3.14;15.5;95.05;1.0;0;1.0;0;0
393043;0;1510.0;0;82.5;24.75;990.0;14.29;33.0;3.13;15.5;178.21;1.0;0;1.0;0;0
393375;0;1470.0;0;82.5;24.75;985.0;14.29;33.0;3.22;13.0;117.86;1.0;0;1.0;0;0
393688;0;1490.0;0;82.5;24.75;985.0;14.39;32.0;3.14;15.5;814.39;1.0;0;1.0;0;0
394059;0;1440.0;0;82.5;24.75;985.0;14.39;33.0;3.17;16.0;847.65;1.0;0;1.0;0;0
394454;0;1420.0;0;82.5;24.75;985.0;14.39;32.0;3.18;14.5;843.08;1.0;0;1.0;0;0
394808;0;1550.0;0;82.5;24.75;985.0;14.29;32.0;2.98;11.0;836.90;1.0;0;1.0;0;0
395237;0;1450.0;0;82.5;24.75;985.0;14.29;32.0;3.06;18.0;265.79;1.0;0;1.0;0;0
395608;0;1510.0;0;82.5;24.75;985.0;14.39;32.0;3.07;17.0;205.37;1.0;0;1.0;0;0
395992;0;1530.0;0;82.5;24.75;985.0;14.20;32.0;3.06;9.0;809.20;1.0;0;1.0;0;0
396304;0;1420.0;0;82.5;24.75;985.0;14.29;32.0;3.12;18.5;510.38;1.0;0;1.0;0;0
396675;0;1460.0;0;82.5;24.75;985.0;14.29;32.0;3.08;15.5;107.56;1.0;0;1.0;0;0
397077;0;1490.0;0;82.5;24.75;985.0;14.39;33.0;3.11;18.5;653.19;1.0;0;1.0;0;0
397494;0;1530.0;0;83.25;24.75;985.0;14.39;33.0;3.05;12.5;101.38;1.0;0;1.0;0;0
397864;0;1540.0;0;83.25;24.75;985.0;14.39;33.0;3.10;12.0;71.94;1.0;0;1.0;0;0
398234;0;1540.0;0;83.25;24.75;985.0;14.39;33.0;3.12;16.0;453.16;1.0;0;1.0;0;0
398557;0;1430.0;0;83.25;24.75;985.0;14.39;32.0;3.10;17.5;814.62;1.0;0;1.0;0;0
398927;0;1410.0;0;83.25;24.75;990.0;14.20;33.0;3.15;16.0;546.46;1.0;0;1.0;0;0
399297;0;1500.0;0;83.25;24.75;985.0;14.39;33.0;3.10;14.0;89.03;1.0;0;1.0;0;0
399681;0;1440.0;0;83.25;24.75;985.0;14.29;33.0;3.25;15.0;173.25;1.0;0;1.0;0;0
399994;0;1380.0;0;83.25;24.75;985.0;14.29;33.0;3.25;18.5;661.89;1.0;0;1.0;0;0
400332;0;1490.0;0;83.25;24.75;990.0;14.39;33.0;3.18;13.0;143.65;1.0;0;1.0;0;0
400739;0;1450.0;0;83.25;24.75;985.0;14.39;33.0;3.12;18.5;716.05;1.0;0;1.0;0;0
401117;0;1450.0;0;83.25;24.75;985.0;14.39;33.0;3.10;17.5;803.02;1.0;0;1.0;0;0
401512;0;1500.0;0;83.25;24.75;985.0;14.39;33.0;3.10;15.0;114.35;1.0;0;1.0;0;0
401881;0;1540.0;10.35;83.25;24.75;985.0;14.29;40.0;5.28;11.5;279.22;1.0;0;1.0;0;0
402196;0;2190.0;0;83.25;24.75;985.0;14.01;39.0;2.83;0.5;867.26;1.0;0;1.0;0;0
402519;0;1640.0;0;83.25;24.75;990.0;14.20;39.0;3.19;0;907.39;1.0;0;1.0;0;0
402947;0;1520.0;0;83.25;24.75;985.0;14.29;38.0;3.14;12.0;785.78;1.0;0;1.0;0;0
403326;0;1530.0;0;83.25;24.75;985.0;14.29;38.0;3.15;15.0;168.29;1.0;0;1.0;0;0
403638;0;1570.0;0;83.25;24.75;985.0;14.20;38.0;3.18;9.5;62.71;1.0;0;1.0;0;0
403978;0;1530.0;0;83.25;24.75;985.0;14.29;37.0;3.16;12.5;69.50;1.0;0;1.0;0;0
404347;0;1600.0;0;83.25;25.5;985.0;14.20;36.0;3.09;8.5;61.87;1.0;0;1.0;0;0
404717;0;1560.0;0;83.25;25.5;985.0;14.29;36.0;3.17;11.5;94.98;1.0;0;1.0;0;0
405104;0;1480.0;0;83.25;25.5;990.0;14.20;35.0;3.25;14.0;182.94;1.0;0;1.0;0;0
405420;0;1490.0;0;83.25;25.5;985.0;14.29;34.0;3.19;13.0;772.58;1.0;0;1.0;0;0
405788;0;1480.0;0;84.0;25.5;985.0;14.39;34.0;3.19;20.0;336.21;1.0;0;1.0;0;0
406174;0;1610.0;0;84.0;25.5;985.0;14.20;33.0;3.03;8.0;665.93;1.0;0;1.0;0;0
406547;0;1480.0;0;84.0;25.5;985.0;14.39;32.0;3.05;15.5;854.60;1.0;0;1.0;0;0
406917;0;1520.0;0;84.0;25.5;990.0;14.20;33.0;3.13;17.0;375.95;1.0;0;1.0;0;0
407287;0;1710.0;7.05;84.0;25.5;985.0;14.20;39.0;4.75;15.0;832.40;1.0;0;1.0;0;0
407668;0;2200.0;10.35;84.0;25.5;985.0;14.01;39.0;4.70;19.5;882.44;1.0;0;1.0;0;0
408038;4.0;1850.0;11.29;84.0;25.5;985.0;14.01;38.0;5.07;15.0;517.01;1.0;0;1.0;0;0
408408;7.0;1870.0;11.76;84.0;24.75;990.0;14.20;38.0;5.02;15.0;807.07;1.0;0;0;0;0
408792;10.0;2000.0;12.23;84.0;24.75;990.0;14.01;38.0;5.49;15.5;872.60;1.0;0;0;0;0
409110;13.0;1980.0;11.76;84.0;24.75;985.0;14.11;38.0;5.56;15.5;900.90;1.0;0;0;0;0
409481;16.0;2260.0;13.17;84.0;24.75;985.0;14.11;38.0;5.39;16.5;905.48;1.0;0;0;0;0
409878;18.0;2600.0;14.58;84.0;24.75;985.0;14.20;38.0;5.27;31.0;911.20;1.0;0;0;0;0
410236;21.0;2850.0;0;84.0;24.75;990.0;13.92;38.0;2.55;26.0;908.15;1.0;0;0;0;0
410605;22.0;2130.0;5.17;84.0;24.75;985.0;14.11;38.0;3.01;19.5;925.47;1.0;0;0;0;0
411001;24.0;1980.0;10.35;84.0;24.75;990.0;14.01;38.0;5.49;16.5;929.97;1.0;0;0;0;0
411323;25.0;2200.0;9.88;84.0;24.75;985.0;14.01;38.0;5.15;17.5;933.71;1.0;0;0;0;0
411697;27.0;2270.0;5.17;84.0;24.75;985.0;14.11;38.0;4.68;19.0;952.09;1.0;0;0;0;0
412078;28.0;2350.0;8.93;84.0;24.75;985.0;14.01;38.0;5.10;22.5;963.54;1.0;0;0;0;0
412451;28.0;2450.0;10.35;84.0;24.75;985.0;14.01;38.0;4.98;22.5;934.55;1.0;0;0;0;0
412823;31.0;2600.0;15.05;84.0;24.75;985.0;14.01;38.0;5.32;28.0;897.78;1.0;0;0;0;0
413161;31.0;2650.0;15.05;84.0;24.75;985.0;14.01;38.0;5.30;37.0;905.25;1.0;0;0;0;0
413534;34.0;2850.0;19.29;84.0;24.75;990.0;14.01;38.0;5.46;41.0;908.99;1.0;0;1.0;0;0
413912;36.0;2950.0;19.29;85.5;24.75;985.0;13.92;38.0;5.04;42.0;912.73;1.0;0;1.0;0;0
414250;36.0;3100.0;19.29;85.5;24.75;990.0;14.01;38.0;4.85;43.5;918.15;1.0;0;1.0;0;0
414619;37.0;3250.0;19.29;85.5;24.75;990.0;13.92;38.0;4.78;44.5;905.25;1.0;0;1.0;0;0
414935;41.0;3350.0;20.23;85.5;24.75;990.0;14.01;38.0;4.81;45.0;885.34;1.0;0;1.0;0;0
415301;42.0;3500.0;27.28;85.5;24.0;985.0;13.92;38.0;5.77;37.0;925.09;1.0;0;0;0;0
415639;45.0;3750.0;43.28;85.5;24.0;985.0;13.92;38.0;9.08;20.0;951.87;1.0;0;1.0;0;0
416009;51.0;4150.0;45.63;85.5;24.0;985.0;13.92;38.0;9.26;22.5;935.23;1.0;0;1.0;0;0
416386;54.0;4400.0;0;85.5;24.0;990.0;13.92;38.0;2.00;45.0;939.58;1.0;0;0;0;0
416833;54.0;3450.0;40.46;85.5;24.75;985.0;13.92;38.0;9.97;16.5;920.51;1.0;0;0;0;0
417242;59.0;3700.0;81.86;85.5;24.75;985.0;13.92;38.0;11.51;15.0;909.83;1.0;0;0;0;0
417632;65.0;4100.0;83.27;85.5;24.75;985.0;13.92;38.0;11.80;17.5;879.47;1.0;0;0;0;0
417949;69.0;4400.0;82.80;85.5;24.75;985.0;13.82;38.0;12.12;18.5;900.98;1.0;0;0;0;0
418328;74.0;4650.0;57.40;85.5;24.75;990.0;13.92;38.0;10.78;18.0;911.05;1.0;0;1.0;0;0
418698;72.0;3400.0;9.41;85.5;24.75;985.0;13.92;38.0;4.08;44.5;748.17;1.0;0;0;0;0
419034;74.0;3600.0;20.70;86.25;24.75;990.0;14.01;38.0;5.11;46.5;818.59;1.0;0;1.0;0;0
419348;74.0;3600.0;19.29;86.25;24.75;990.0;13.82;38.0;4.92;47.0;746.57;1.0;0;1.0;0;0
419742;74.0;3600.0;8.93;86.25;24.75;990.0;14.11;38.0;3.81;47.5;897.01;1.0;0;0;0;0
420157;72.0;3600.0;0.47;86.25;24.75;990.0;13.92;38.0;2.48;43.0;941.18;1.0;0;0;0;0
420479;71.0;3550.0;0;86.25;24.75;985.0;13.92;36.0;2.04;36.0;842.54;1.0;0;0;0;0
420888;71.0;3500.0;0;86.25;24.75;990.0;13.82;35.0;2.07;35.5;861.46;1.0;0;0;0;0
421279;69.0;3400.0;0;86.25;24.75;990.0;14.01;35.0;2.08;33.5;925.70;1.0;0;0;0;0
421593;69.0;3350.0;12.23;86.25;24.75;990.0;13.82;38.0;4.44;45.5;889.84;1.0;0;0;0;0
421940;69.0;3400.0;11.76;86.25;24.75;990.0;13.92;38.0;4.33;46.0;872.83;1.0;0;0;0;0
422333;71.0;3450.0;11.76;86.25;24.75;990.0;14.01;38.0;4.31;46.5;880.76;1.0;0;0;0;0
422643;71.0;3500.0;11.76;86.25;24.75;990.0;13.92;38.0;4.26;47.0;908.76;1.0;0;0;0;0
422993;71.0;3500.0;15.05;86.25;24.75;990.0;14.01;38.0;4.64;46.5;892.05;1.0;0;0;0;0
423307;71.0;3500.0;15.05;86.25;24.0;990.0;14.01;38.0;4.64;47.0;901.97;1.0;0;0;0;0
423679;71.0;3500.0;14.58;86.25;24.0;990.0;13.92;38.0;4.63;47.0;908.76;1.0;0;0;0;0
424043;71.0;3500.0;11.29;86.25;24.0;990.0;13.92;38.0;4.18;47.0;933.33;1.0;0;0;0;0
424382;71.0;3500.0;10.82;86.25;24.0;990.0;14.01;38.0;4.10;47.0;948.28;1.0;0;0;0;0
424752;71.0;3500.0;10.35;86.25;24.0;990.0;13.92;38.0;4.07;47.0;954.69;1.0;0;0;0;0
425122;71.0;3500.0;9.88;86.25;24.0;990.0;13.92;38.0;4.01;47.0;956.44;1.0;0;0;0;0
425514;71.0;3450.0;9.88;86.25;24.0;990.0;14.01;38.0;4.01;47.0;956.37;1.0;0;0;0;0
425827;69.0;3500.0;16.93;86.25;24.0;990.0;13.92;38.0;4.68;47.0;903.12;1.0;0;1.0;0;0
426198;69.0;3500.0;15.99;86.25;24.0;990.0;13.92;38.0;4.56;47.0;887.63;1.0;0;0;0;0
426588;69.0;3350.0;7.99;86.25;24.0;990.0;13.82;38.0;3.84;45.0;934.32;1.0;0;0;0;0
426901;68.0;3350.0;0;86.25;24.0;990.0;13.92;36.0;2.11;33.0;811.49;1.0;0;0;0;0
427270;66.0;3300.0;0;86.25;24.0;990.0;14.01;36.0;2.14;32.0;750.84;1.0;0;0;0;0
427608;65.0;3200.0;0;86.25;24.0;990.0;14.01;35.0;2.15;30.5;851.01;1.0;0;0;0;0
427993;63.0;3100.0;0;86.25;24.0;990.0;14.01;35.0;2.18;29.0;931.19;1.0;0;0;0;0
428309;60.0;2950.0;0;86.25;24.0;990.0;13.92;35.0;2.25;26.5;916.85;1.0;0;0;0;0
428678;59.0;2850.0;0;86.25;24.0;990.0;14.01;35.0;2.30;25.0;926.92;1.0;0;0;0;0
429048;57.0;2800.0;0;86.25;24.0;990.0;14.01;35.0;2.34;24.0;934.17;1.0;0;0;0;0
429423;57.0;2750.0;0;86.25;24.0;990.0;14.01;35.0;2.39;23.5;931.42;1.0;0;0;0;0
429818;56.0;2700.0;0;86.25;24.0;990.0;14.01;35.0;2.41;22.5;928.29;1.0;0;0;0;0
430131;54.0;2650.0;5.17;86.25;24.0;990.0;14.01;38.0;4.17;34.0;955.53;1.0;0;0;0;0
430528;54.0;2650.0;5.17;86.25;24.0;990.0;14.01;38.0;4.19;32.0;956.29;1.0;0;0;0;0
430902;54.0;2650.0;5.17;86.25;24.0;990.0;14.01;38.0;4.19;32.0;955.98;1.0;0;0;0;0
431272;54.0;2650.0;5.17;86.25;24.0;990.0;14.01;38.0;4.19;32.0;956.60;1.0;0;0;0;0
431651;53.0;2600.0;5.17;86.25;24.0;990.0;14.01;38.0;4.25;32.0;956.98;1.0;0;0;0;0
432023;54.0;2400.0;0.94;86.25;24.0;990.0;14.01;36.0;3.32;24.5;939.74;1.0;0;0;0;0
432393;51.0;2600.0;5.17;86.25;24.0;990.0;14.01;38.0;4.30;29.5;926.08;1.0;0;0;0;0
432788;51.0;2550.0;7.52;86.25;24.0;990.0;14.01;38.0;4.67;27.5;957.51;1.0;0;0;0;0
433151;51.0;2600.0;9.88;86.25;24.0;990.0;14.11;38.0;4.77;30.5;938.82;1.0;0;0;0;0
433521;53.0;2550.0;10.82;86.25;24.0;990.0;14.01;38.0;5.01;33.5;934.32;1.0;0;0;0;0
433891;54.0;2700.0;16.46;86.25;24.0;990.0;14.01;38.0;5.40;37.0;900.06;1.0;0;0;0;0
434216;54.0;2650.0;17.40;86.25;23.25;990.0;14.01;38.0;5.51;40.0;924.10;1.0;0;1.0;0;0
434613;57.0;2750.0;22.58;86.25;23.25;990.0;13.92;38.0;5.99;32.0;928.67;1.0;0;1.0;0;0
434925;57.0;2900.0;41.87;86.25;23.25;990.0;14.01;38.0;10.04;8.5;962.85;1.0;0;0;0;0
435248;59.0;3000.0;31.52;86.25;23.25;990.0;14.01;38.0;8.04;16.5;956.37;1.0;0;1.0;0;0
435640;60.0;3050.0;24.93;86.25;23.25;990.0;14.01;38.0;6.13;32.5;962.77;1.0;0;1.0;0;0
435952;62.0;3050.0;16.93;86.25;23.25;990.0;14.01;38.0;4.70;43.0;918.76;1.0;0;0;0;0
436322;63.0;3100.0;10.82;86.25;23.25;990.0;14.01;38.0;4.36;42.5;917.92;1.0;0;0;0;0
436718;62.0;2950.0;12.23;86.25;23.25;990.0;14.01;38.0;3.77;38.5;951.94;1.0;0;0;0;0
437046;62.0;3050.0;0;85.5;23.25;990.0;14.01;36.0;2.22;28.5;891.06;1.0;0;0;0;0
437416;62.0;3000.0;0;85.5;23.25;990.0;14.01;35.0;2.22;27.5;945.15;1.0;0;0;0;0
437759;62.0;3000.0;0;85.5;23.25;990.0;13.92;35.0;2.22;27.5;915.32;1.0;0;0;0;0
438168;60.0;3000.0;0;85.5;23.25;990.0;13.92;35.0;2.22;27.5;933.48;1.0;0;0;0;0
438537;60.0;2900.0;0;85.5;23.25;990.0;14.01;35.0;2.27;26.5;918.07;1.0;0;0;0;0
438948;59.0;2850.0;0;85.5;23.25;990.0;14.01;35.0;2.32;25.0;855.74;1.0;0;0;0;0
439317;56.0;2800.0;0;85.5;23.25;990.0;14.01;35.0;2.33;24.0;918.53;1.0;0;0;0;0
439662;56.0;2750.0;0;85.5;23.25;990.0;14.01;35.0;2.39;23.5;882.06;1.0;0;0;0;0
439996;56.0;2700.0;0;85.5;23.25;990.0;14.01;35.0;2.41;22.5;870.69;1.0;0;0;0;0
440356;54.0;2700.0;0;85.5;23.25;990.0;14.01;35.0;2.40;22.5;896.71;1.0;0;0;0;0
440706;53.0;2600.0;0;85.5;23.25;990.0;14.01;35.0;2.45;21.0;911.43;1.0;0;0;0;0
441076;51.0;2500.0;0;85.5;23.25;990.0;14.01;35.0;2.55;19.0;912.80;1.0;0;0;0;0
441446;50.0;2450.0;0;85.5;23.25;990.0;14.11;35.0;2.55;18.5;871.99;1.0;0;0;0;0
441841;50.0;2450.0;0;85.5;23.25;990.0;14.11;35.0;2.55;18.5;910.06;1.0;0;0;0;0
442200;48.0;2350.0;0;85.5;23.25;990.0;14.01;35.0;2.62;17.5;911.28;1.0;0;0;0;0
442570;47.0;2300.0;0;85.5;23.25;990.0;14.11;35.0;2.66;16.5;908.15;1.0;0;0;0;0
442943;47.0;2270.0;0;85.5;23.25;990.0;14.01;35.0;2.73;15.0;805.39;1.0;0;1.0;0;0
443318;45.0;2020.0;0;85.5;23.25;990.0;14.20;35.0;2.74;15.0;880.00;1.0;0;1.0;0;0
443688;45.0;1740.0;0;85.5;23.25;990.0;14.20;35.0;2.90;15.0;497.41;1.0;0;1.0;0;0
444097;39.0;2450.0;0;85.5;23.25;990.0;14.11;35.0;2.55;19.0;342.00;1.0;0;1.0;0;0
444482;34.0;2110.0;0;85.5;23.25;990.0;14.11;35.0;2.75;15.0;894.95;1.0;0;1.0;0;0
444852;28.0;1800.0;0;85.5;23.25;990.0;14.29;35.0;2.88;15.0;852.15;1.0;0;1.0;0;0
445217;27.0;1540.0;0;85.5;23.25;990.0;14.29;35.0;3.12;15.0;127.63;1.0;0;1.0;0;0
445641;25.0;1540.0;0;85.5;23.25;990.0;14.11;35.0;3.19;15.0;58.59;1.0;0;1.0;0;0
446008;22.0;1570.0;0;85.5;23.25;990.0;14.39;35.0;3.16;15.0;55.76;1.0;0;1.0;0;0
446398;21.0;1470.0;0;85.5;23.25;990.0;14.39;35.0;3.28;15.0;66.83;1.0;0;1.0;0;0
446738;19.0;1480.0;0;85.5;23.25;990.0;14.39;35.0;3.32;15.0;82.39;1.0;0;1.0;0;0
447107;18.0;1530.0;0;85.5;23.25;990.0;14.20;35.0;3.31;18.0;83.00;1.0;0;1.0;0;0
447502;16.0;1530.0;0;85.5;23.25;990.0;14.39;35.0;3.29;15.0;739.47;1.0;0;1.0;0;0
447816;16.0;1640.0;0;85.5;23.25;990.0;14.20;35.0;3.17;15.0;843.08;1.0;0;1.0;0;0
448188;16.0;1680.0;0;85.5;23.25;990.0;14.20;35.0;3.11;15.0;863.90;1.0;0;1.0;0;0
448511;16.0;1570.0;0;84.0;23.25;990.0;14.20;35.0;3.16;15.0;850.02;1.0;0;1.0;0;0
448881;16.0;1430.0;0;84.0;23.25;990.0;14.39;35.0;3.23;25.0;549.89;1.0;0;1.0;0;0
449276;16.0;1550.0;0;84.0;23.25;990.0;14.29;35.0;3.17;15.0;470.55;1.0;0;1.0;0;0
449601;16.0;1610.0;0;84.0;23.25;990.0;14.20;35.0;3.08;15.0;842.69;1.0;0;1.0;0;0
449973;15.0;1590.0;0;84.0;23.25;990.0;14.29;35.0;3.12;15.0;275.55;1.0;0;1.0;0;0
450284;13.0;1610.0;0;84.0;23.25;990.0;14.29;35.0;3.11;15.0;201.25;1.0;0;1.0;0;0
450680;12.0;1530.0;0;84.0;23.25;990.0;14.29;35.0;3.16;15.0;793.64;1.0;0;1.0;0;0
451038;10.0;1530.0;0;84.0;23.25;990.0;14.39;35.0;3.18;15.0;560.35;1.0;0;1.0;0;0
451408;10.0;1550.0;0;84.0;23.25;990.0;14.29;35.0;3.10;15.0;743.06;1.0;0;1.0;0;0
451805;12.0;1550.0;0;84.0;23.25;990.0;14.29;35.0;3.08;15.0;770.45;1.0;0;1.0;0;0
452117;10.0;1440.0;0;84.0;23.25;990.0;14.29;35.0;3.24;17.0;127.17;1.0;0;1.0;0;0
452440;12.0;1460.0;0;84.0;23.25;990.0;14.39;35.0;3.22;15.0;163.33;1.0;0;1.0;0;0
452870;12.0;1590.0;0;84.0;23.25;990.0;14.20;35.0;3.14;15.0;640.07;1.0;0;1.0;0;0
453240;10.0;1550.0;0;84.0;23.25;990.0;14.20;35.0;3.08;15.0;786.77;1.0;0;1.0;0;0
453653;10.0;1470.0;0;84.0;23.25;990.0;14.29;35.0;3.20;15.0;116.26;1.0;0;1.0;0;0
453966;10.0;1590.0;0;84.0;23.25;990.0;14.20;35.0;3.16;15.0;77.73;1.0;0;1.0;0;0
454336;9.0;1600.0;0;84.0;23.25;990.0;14.20;35.0;3.10;15.0;764.50;1.0;0;1.0;0;0
454722;9.0;1560.0;0;84.0;23.25;990.0;14.29;35.0;3.08;15.0;723.30;1.0;0;1.0;0;0
455036;7.0;1540.0;0;84.0;23.25;990.0;14.20;35.0;3.19;15.0;237.87;1.0;0;1.0;0;0
455440;7.0;1600.0;0;84.0;23.25;990.0;14.29;35.0;3.11;15.0;230.24;1.0;0;1.0;0;0
455810;6.0;1590.0;0;84.0;23.25;990.0;14.29;35.0;3.12;15.0;824.69;1.0;0;1.0;0;0
456191;6.0;1610.0;0;84.0;23.25;990.0;14.29;35.0;3.04;15.0;844.22;1.0;0;1.0;0;0
456562;3.0;1550.0;0;84.0;23.25;990.0;14.29;35.0;3.05;15.0;536.31;1.0;0;1.0;0;0
456932;0;1530.0;0;84.0;23.25;990.0;14.39;35.0;3.17;11.0;85.90;1.0;0;1.0;0;0
457342;0;1510.0;0;84.0;23.25;990.0;14.39;34.0;3.13;19.0;92.00;1.0;0;1.0;0;0
457679;0;1510.0;0;84.0;24.0;990.0;14.39;34.0;3.16;14.0;551.04;1.0;0;1.0;0;0
458050;0;1500.0;0;84.0;24.0;990.0;14.20;33.0;3.08;11.5;567.44;1.0;0;1.0;0;0
458363;0;1570.0;0;84.0;24.0;990.0;14.20;32.0;3.03;10.0;198.88;1.0;0;0;0;0
458748;0;1770.0;4.70;84.0;24.0;990.0;14.11;38.0;4.45;16.5;894.72;1.0;0;1.0;0;0
459061;0;2270.0;6.11;84.0;24.0;990.0;14.11;38.0;4.08;20.0;920.51;1.0;0;1.0;0;0
459398;3.0;2070.0;7.99;84.0;24.0;990.0;14.11;38.0;4.42;18.0;906.63;1.0;0;1.0;0;0
459768;3.0;2050.0;7.99;84.0;24.0;990.0;14.11;38.0;4.40;17.5;848.49;1.0;0;1.0;0;0
460113;6.0;2450.0;7.05;84.0;24.0;990.0;14.11;38.0;3.93;24.0;895.94;1.0;0;1.0;0;0
460427;4.0;2850.0;1.41;84.0;24.0;990.0;13.92;38.0;2.85;32.5;913.87;1.0;0;0;0;0
460797;7.0;2300.0;4.70;84.0;24.0;990.0;14.11;38.0;4.11;21.5;941.03;1.0;0;1.0;0;0
461181;7.0;2260.0;5.17;84.0;24.0;990.0;14.01;38.0;3.95;20.5;935.16;1.0;0;0;0;0
461500;9.0;1790.0;5.17;84.0;24.0;990.0;14.20;38.0;5.15;17.0;935.54;1.0;0;0;0;0
461876;12.0;1740.0;5.17;84.0;24.0;990.0;14.11;38.0;5.18;16.5;948.89;1.0;0;0;0;0
462206;13.0;1900.0;0;84.0;24.0;990.0;14.11;36.0;2.89;15.0;957.13;1.0;0;1.0;0;0
462589;12.0;1610.0;4.70;84.0;24.0;990.0;14.29;38.0;5.22;16.5;905.25;1.0;0;0;0;0
462901;13.0;1790.0;5.64;84.0;24.0;990.0;14.11;38.0;5.26;16.5;957.66;1.0;0;0;0;0
463274;15.0;1930.0;7.05;84.0;24.0;990.0;14.20;38.0;5.20;17.5;943.63;1.0;0;0;0;0
463610;18.0;2270.0;7.52;84.0;24.0;990.0;14.11;38.0;4.96;18.5;946.75;1.0;0;0;0;0
463928;18.0;2400.0;11.29;85.5;24.0;990.0;14.01;38.0;5.16;22.5;935.84;1.0;0;0;0;0
464325;19.0;2650.0;16.46;84.0;24.0;990.0;14.01;38.0;5.44;34.0;901.82;1.0;0;0;0;0
464710;24.0;3000.0;16.93;85.5;24.0;990.0;13.92;38.0;5.12;42.5;916.54;1.0;0;0;0;0
465112;25.0;3400.0;0;85.5;24.0;990.0;14.01;38.0;2.10;45.5;898.39;1.0;0;0;0;0
465424;25.0;2500.0;0;85.5;24.0;990.0;14.01;38.0;2.68;20.0;860.70;1.0;0;1.0;0;0
465822;25.0;2260.0;12.23;85.5;24.0;990.0;14.11;38.0;5.41;17.0;939.35;1.0;0;0;0;0
466135;28.0;2260.0;13.64;85.5;24.0;990.0;14.11;38.0;5.45;18.0;909.37;1.0;0;0;0;0
466462;28.0;2350.0;13.17;85.5;24.0;990.0;14.11;38.0;5.38;22.0;914.18;1.0;0;0;0;0
466829;30.0;2550.0;13.17;85.5;24.0;990.0;14.01;38.0;5.16;28.0;917.61;1.0;0;0;0;0
467168;33.0;2600.0;11.76;85.5;24.0;990.0;14.01;38.0;5.02;33.5;926.23;1.0;0;0;0;0
467551;33.0;2700.0;10.82;85.5;24.0;990.0;14.01;38.0;4.79;39.0;933.25;1.0;0;0;0;0
467862;33.0;2800.0;10.82;85.5;24.0;990.0;14.01;38.0;4.66;39.5;938.82;1.0;0;0;0;0
468238;34.0;2950.0;9.41;85.5;24.0;990.0;14.01;38.0;4.34;41.0;942.94;1.0;0;0;0;0
468675;36.0;2950.0;7.52;85.5;24.0;990.0;14.01;38.0;4.22;40.5;962.77;1.0;0;0;0;0
468991;36.0;3000.0;6.58;85.5;24.0;990.0;14.01;38.0;3.96;41.0;965.29;1.0;0;0;0;0
469361;36.0;3000.0;5.17;85.5;24.0;990.0;14.01;38.0;3.87;40.5;966.13;1.0;0;0;0;0
469731;34.0;3000.0;4.70;85.5;24.0;990.0;13.92;38.0;3.74;39.5;967.12;1.0;0;0;0;0
470255;34.0;3000.0;5.64;85.5;24.0;990.0;13.92;38.0;3.92;40.5;966.74;1.0;0;0;0;0
470628;36.0;3000.0;6.58;85.5;24.0;990.0;14.01;38.0;4.02;41.0;962.16;1.0;0;0;0;0
471045;36.0;3000.0;6.58;85.5;24.0;990.0;14.01;38.0;3.96;41.5;962.24;1.0;0;0;0;0
471426;36.0;3050.0;9.88;85.5;24.0;990.0;13.92;38.0;4.33;42.0;950.72;1.0;0;0;0;0
471796;37.0;3050.0;10.35;85.5;24.0;990.0;14.01;38.0;4.41;42.5;940.35;1.0;0;0;0;0
472167;37.0;3150.0;13.64;85.5;24.0;990.0;13.92;38.0;4.67;44.0;917.76;1.0;0;0;0;0
472561;39.0;3250.0;15.99;85.5;23.25;990.0;13.92;38.0;4.90;45.0;886.87;1.0;0;0;0;0
472919;41.0;2400.0;5.17;85.5;23.25;990.0;14.01;38.0;4.04;22.0;720.48;1.0;0;0;0;0
473290;41.0;2700.0;12.70;85.5;23.25;990.0;14.01;38.0;4.99;36.5;922.80;1.0;0;0;0;0
473661;41.0;2600.0;15.05;85.5;23.25;990.0;14.01;38.0;5.35;31.0;920.20;1.0;0;0;0;0
474049;44.0;2650.0;13.64;85.5;23.25;990.0;14.01;38.0;5.06;34.0;927.07;1.0;0;0;0;0
474387;44.0;2750.0;11.76;85.5;23.25;990.0;14.01;38.0;4.80;39.0;932.56;1.0;0;0;0;0
474700;45.0;2800.0;9.88;85.5;23.25;990.0;14.01;38.0;4.57;39.0;940.88;1.0;0;0;0;0
475069;47.0;2800.0;9.41;85.5;23.25;990.0;13.92;38.0;4.52;39.5;959.88;1.0;0;0;0;0
475458;45.0;2900.0;7.99;85.5;23.25;990.0;14.01;38.0;4.28;39.5;968.12;1.0;0;0;0;0
475828;47.0;2850.0;7.52;85.5;23.25;990.0;14.01;38.0;4.29;39.5;967.12;1.0;0;0;0;0
476166;47.0;2750.0;1.88;85.5;23.25;990.0;14.01;38.0;3.14;38.5;967.35;1.0;0;0;0;0
476517;45.0;2850.0;0;85.5;23.25;990.0;14.01;36.0;2.36;25.0;854.37;1.0;0;0;0;0
476947;45.0;2800.0;0;85.5;23.25;990.0;13.92;35.0;2.37;24.0;921.65;1.0;0;0;0;0
477370;45.0;2750.0;0;85.5;23.25;990.0;14.01;35.0;2.39;23.5;953.39;1.0;0;0;0;0
477719;44.0;2750.0;0;85.5;23.25;990.0;14.01;35.0;2.40;23.5;949.73;1.0;0;0;0;0
478042;45.0;3000.0;7.52;85.5;23.25;990.0;14.01;38.0;4.12;41.0;937.14;1.0;0;0;0;0
478438;45.0;2800.0;11.29;85.5;23.25;990.0;14.01;38.0;4.68;39.5;947.21;1.0;0;0;0;0
478807;47.0;2900.0;20.70;85.5;23.25;990.0;14.01;38.0;5.30;41.5;875.42;1.0;0;1.0;0;0
479136;48.0;3000.0;27.75;85.5;23.25;990.0;14.01;38.0;6.51;31.5;937.75;1.0;0;1.0;0;0
479507;51.0;3200.0;41.87;85.5;23.25;990.0;13.92;38.0;9.98;12.0;949.42;1.0;0;0;0;0
479819;54.0;3300.0;31.99;85.5;23.25;990.0;13.92;38.0;7.52;25.0;964.15;1.0;0;1.0;0;0
480156;56.0;3400.0;24.93;85.5;23.25;990.0;13.92;38.0;5.82;40.0;950.19;1.0;0;1.0;0;0
480476;57.0;3550.0;34.81;85.5;23.25;990.0;13.92;38.0;7.68;25.5;935.46;1.0;0;0;0;0
480862;59.0;2950.0;12.70;85.5;23.25;990.0;14.01;38.0;4.55;42.0;718.57;1.0;0;0;0;0
481175;60.0;3000.0;26.81;85.5;23.25;990.0;14.01;38.0;6.47;31.0;922.72;1.0;0;0;0;0
481557;62.0;3100.0;37.64;85.5;23.25;990.0;14.01;38.0;8.98;12.5;952.93;1.0;0;1.0;0;0
481879;65.0;3150.0;29.64;85.5;23.25;990.0;14.01;38.0;6.82;25.0;958.81;1.0;0;1.0;0;0
482274;66.0;3300.0;22.11;85.5;23.25;990.0;13.92;38.0;5.29;42.0;931.57;1.0;0;1.0;0;0
482585;68.0;3350.0;15.05;85.5;23.25;990.0;13.92;38.0;4.73;45.5;838.12;1.0;0;0;0;0
483011;69.0;3400.0;8.46;85.5;23.25;990.0;14.01;38.0;3.93;46.0;912.50;1.0;0;0;0;0
483381;66.0;3350.0;0;85.5;23.25;990.0;14.01;38.0;2.16;33.0;901.29;1.0;0;0;0;0
483751;68.0;3300.0;0;85.5;23.25;990.0;13.92;37.0;2.15;32.0;950.19;1.0;0;0;0;0
484089;68.0;3250.0;0;85.5;23.25;990.0;14.01;37.0;2.16;32.0;944.31;1.0;0;0;0;0
484408;65.0;3200.0;0;85.5;23.25;990.0;14.01;36.0;2.16;31.5;913.64;1.0;0;0;0;0
484804;65.0;3200.0;0;85.5;23.25;990.0;14.01;35.0;2.16;30.0;927.22;1.0;0;0;0;0
485177;65.0;3150.0;0;85.5;23.25;990.0;14.01;35.0;2.16;30.0;919.67;1.0;0;0;0;0
485536;63.0;3100.0;0;85.5;23.25;990.0;14.01;35.0;2.18;30.0;801.50;1.0;0;0;0;0
485906;63.0;3100.0;0;85.5;23.25;990.0;13.92;35.0;2.18;29.0;907.31;1.0;0;0;0;0
486283;60.0;2950.0;0;85.5;23.25;990.0;14.01;35.0;2.23;26.5;819.43;1.0;0;0;0;0
486653;59.0;2900.0;0;85.5;23.25;990.0;14.01;35.0;2.26;26.0;420.28;1.0;0;0;0;0
487048;59.0;2900.0;0;85.5;23.25;990.0;14.01;35.0;2.26;26.0;808.82;1.0;0;0;0;0
487361;57.0;2800.0;0;85.5;23.25;990.0;14.01;35.0;2.33;24.0;828.28;1.0;0;0;0;0
487733;57.0;2850.0;0;85.5;23.25;990.0;14.01;35.0;2.32;25.0;902.43;1.0;0;0;0;0
488122;59.0;2850.0;0;85.5;23.25;990.0;14.01;35.0;2.29;25.0;893.20;1.0;0;0;0;0
488496;57.0;2700.0;0;85.5;23.25;990.0;14.01;35.0;2.40;23.5;907.54;1.0;0;0;0;0
488816;57.0;2300.0;0;85.5;23.25;990.0;14.11;35.0;2.64;16.0;903.04;1.0;0;1.0;0;0
489189;59.0;1890.0;0;85.5;23.25;990.0;14.20;35.0;2.89;15.0;872.29;1.0;0;1.0;0;0
489673;57.0;2350.0;4.70;85.5;23.25;990.0;14.01;38.0;4.85;21.0;258.85;1.0;0;0;0;0
490046;60.0;2450.0;0;85.5;23.25;990.0;14.01;38.0;3.03;18.5;954.23;1.0;0;1.0;0;0
490440;60.0;2450.0;0;85.5;23.25;990.0;14.01;38.0;2.67;18.5;923.94;1.0;0;0;0;0
490799;60.0;2500.0;0;85.5;23.25;990.0;14.11;37.0;2.56;19.0;912.42;1.0;0;0;0;0
491250;60.0;2500.0;0;85.5;23.25;990.0;14.01;36.0;2.55;18.5;903.12;1.0;0;0;0;0
491630;60.0;2450.0;0;85.5;23.25;990.0;14.01;35.0;2.58;18.5;911.28;1.0;0;0;0;0
492029;60.0;2450.0;0;85.5;23.25;990.0;14.11;35.0;2.59;18.5;913.64;1.0;0;0;0;0
492341;60.0;2450.0;0;85.5;23.25;990.0;14.01;35.0;2.56;18.5;917.92;1.0;0;0;0;0
492737;59.0;2500.0;0;85.5;23.25;990.0;14.01;35.0;2.52;18.5;913.34;1.0;0;0;0;0
493050;60.0;2450.0;0;85.5;23.25;990.0;14.01;35.0;2.58;19.0;912.73;1.0;0;0;0;0
493434;60.0;2450.0;0;85.5;23.25;990.0;14.11;35.0;2.56;19.0;916.16;1.0;0;0;0;0
493748;60.0;2500.0;0;85.5;23.25;990.0;14.01;35.0;2.55;19.0;914.03;1.0;0;0;0;0
494144;62.0;2500.0;0;85.5;23.25;990.0;14.11;35.0;2.51;19.0;914.56;1.0;0;0;0;0
494561;60.0;2500.0;0;85.5;23.25;990.0;14.11;35.0;2.53;19.0;910.13;1.0;0;0;0;0
494895;60.0;2500.0;0;85.5;23.25;990.0;14.01;35.0;2.52;19.0;914.71;1.0;0;0;0;0
495255;62.0;2550.0;0;85.5;23.25;990.0;14.01;35.0;2.52;20.0;913.03;1.0;0;0;0;0
495614;62.0;2500.0;0;85.5;23.25;990.0;14.01;35.0;2.55;19.0;909.22;1.0;0;0;0;0
495988;60.0;2550.0;0;85.5;23.25;990.0;14.01;35.0;2.5;20.0;911.89;1.0;0;0;0;0
496302;62.0;2550.0;0;85.5;23.25;990.0;14.01;35.0;2.5;21.0;916.77;1.0;0;0;0;0
496638;63.0;2550.0;0;85.5;23.25;990.0;14.01;35.0;2.5;20.0;917.15;1.0;0;0;0;0
497057;63.0;2550.0;0;85.5;23.25;990.0;14.01;35.0;2.5;20.0;918.76;1.0;0;0;0;0
497475;63.0;2600.0;0.94;85.5;23.25;990.0;14.01;36.0;3.11;25.0;909.30;1.0;0;0;0;0
497845;65.0;2600.0;1.88;84.0;23.25;990.0;14.01;38.0;3.47;26.5;945.53;1.0;0;0;0;0
498239;63.0;2700.0;1.88;85.5;23.25;990.0;14.01;38.0;3.33;31.0;950.95;1.0;0;0;0;0
498547;65.0;2700.0;0;84.0;23.25;990.0;13.92;36.0;2.82;29.0;947.59;1.0;0;0;0;0
498885;65.0;2700.0;0;84.0;23.25;990.0;14.01;36.0;2.44;22.5;948.66;1.0;0;0;0;0
499255;66.0;2850.0;7.05;84.0;23.25;990.0;14.01;38.0;4.25;38.5;951.71;1.0;0;0;0;0
499641;68.0;2800.0;7.99;84.0;24.0;990.0;14.01;38.0;4.41;38.5;937.68;1.0;0;0;0;0
499954;68.0;2800.0;7.05;84.0;23.25;990.0;14.11;38.0;4.30;38.0;947.75;1.0;0;0;0;0
500373;69.0;2850.0;4.70;84.0;23.25;990.0;14.01;38.0;3.91;37.0;956.21;1.0;0;0;0;0
500758;69.0;2800.0;4.70;84.0;23.25;990.0;14.01;38.0;3.91;36.5;962.55;1.0;0;0;0;0
501081;69.0;2850.0;4.70;84.0;23.25;990.0;14.01;38.0;3.88;36.5;964.00;1.0;0;0;0;0
501450;69.0;2850.0;0.94;84.0;23.25;990.0;14.11;36.0;2.9;31.5;816.91;1.0;0;0;0;0
501787;69.0;2850.0;0;84.0;23.25;990.0;14.01;36.0;2.32;25.0;945.84;1.0;0;0;0;0
502154;69.0;2850.0;0;84.0;23.25;990.0;14.01;36.0;2.32;25.0;944.16;1.0;0;0;0;0
502549;69.0;2800.0;0;84.0;23.25;995.0;14.01;35.0;2.33;24.0;936.53;1.0;0;0;0;0
502919;68.0;2800.0;0;84.0;23.25;990.0;14.11;35.0;2.31;24.0;933.33;1.0;0;0;0;0
503231;66.0;2750.0;0;84.0;23.25;990.0;14.01;35.0;2.36;23.5;926.92;1.0;0;0;0;0
503611;68.0;2750.0;0;84.0;23.25;990.0;14.01;35.0;2.36;23.5;923.33;1.0;0;0;0;0
503981;65.0;2700.0;0;84.0;23.25;995.0;14.01;35.0;2.40;22.5;919.90;1.0;0;0;0;0
504376;63.0;2550.0;0;84.0;23.25;990.0;14.11;35.0;2.48;21.0;920.82;1.0;0;0;0;0
504737;60.0;2450.0;0;84.0;23.25;995.0;14.01;35.0;2.56;18.5;916.92;1.0;0;0;0;0
505107;60.0;2400.0;0;84.0;23.25;995.0;14.11;35.0;2.58;17.5;917.69;1.0;0;0;0;0
505501;57.0;2400.0;0;84.0;23.25;995.0;14.01;35.0;2.61;17.5;923.41;1.0;0;0;0;0
505879;59.0;2400.0;0;84.0;23.25;995.0;14.11;35.0;2.59;17.5;923.26;1.0;0;0;0;0
506296;57.0;2350.0;0;84.0;23.25;995.0;14.11;35.0;2.63;16.5;921.73;1.0;0;1.0;0;0
506693;57.0;2350.0;0;84.0;23.25;995.0;14.11;35.0;2.63;16.5;920.66;1.0;0;1.0;0;0
507064;57.0;2300.0;0;84.0;23.25;995.0;14.11;35.0;2.63;16.5;920.89;1.0;0;0;0;0
507424;57.0;2350.0;0;84.0;23.25;995.0;14.01;35.0;2.62;16.5;917.31;1.0;0;1.0;0;0
507819;57.0;2550.0;8.46;84.0;23.25;995.0;14.11;38.0;4.76;27.5;937.90;1.0;0;0;0;0
508189;57.0;2400.0;8.46;84.0;23.25;995.0;14.01;38.0;4.95;22.5;934.55;1.0;0;0;0;0
508509;59.0;2400.0;6.58;83.25;23.25;990.0;14.01;38.0;4.65;22.5;942.33;1.0;0;0;0;0
508848;59.0;2450.0;5.64;83.25;23.25;995.0;14.01;38.0;4.54;24.0;948.51;1.0;0;0;0;0
509218;59.0;2450.0;4.70;83.25;23.25;990.0;14.01;38.0;4.27;24.0;961.48;1.0;0;0;0;0
509530;59.0;2400.0;4.70;83.25;23.25;995.0;14.11;38.0;4.16;21.5;964.61;1.0;0;0;0;0
509880;60.0;2500.0;8.93;83.25;23.25;995.0;14.11;38.0;4.86;25.0;948.66;1.0;0;0;0;0
510249;60.0;2450.0;8.93;83.25;23.25;995.0;14.01;38.0;4.95;25.0;939.96;1.0;0;0;0;0
510565;60.0;2500.0;6.58;83.25;23.25;995.0;14.01;38.0;4.66;27.5;951.56;1.0;0;0;0;0
510935;62.0;2550.0;4.70;83.25;23.25;995.0;14.01;38.0;4.19;27.5;958.12;1.0;0;0;0;0
511262;60.0;2450.0;0;83.25;23.25;995.0;14.11;36.0;2.56;17.5;952.09;1.0;0;0;0;0
511657;62.0;2550.0;11.29;83.25;23.25;995.0;14.11;36.0;5.44;23.0;951.25;1.0;0;0;0;0
512025;63.0;2550.0;8.46;83.25;23.25;995.0;14.01;38.0;4.79;30.5;944.62;1.0;0;0;0;0
512391;63.0;2600.0;0;83.25;23.25;995.0;14.01;36.0;2.48;21.0;932.56;1.0;0;0;0;0
512771;63.0;2600.0;7.05;83.25;23.25;995.0;14.11;38.0;4.50;30.0;946.68;1.0;0;0;0;0
513144;65.0;2550.0;0.94;83.25;23.25;995.0;14.01;38.0;3.24;28.5;919.06;1.0;0;0;0;0
513513;63.0;2550.0;0;83.25;23.25;995.0;14.01;36.0;2.52;21.0;945.15;1.0;0;0;0;0
513902;62.0;2600.0;0;83.25;23.25;995.0;14.01;35.0;2.45;21.0;943.85;1.0;0;0;0;0
514215;62.0;2600.0;0;83.25;23.25;995.0;14.01;35.0;2.45;21.0;933.94;1.0;0;0;0;0
514593;63.0;2550.0;0;83.25;23.25;995.0;14.01;35.0;2.5;20.0;930.12;1.0;0;0;0;0
514978;60.0;2500.0;0;83.25;23.25;995.0;14.11;35.0;2.51;19.0;923.64;1.0;0;0;0;0
515289;60.0;2450.0;0;83.25;23.25;995.0;14.01;35.0;2.56;18.5;918.60;1.0;0;0;0;0
515627;60.0;2450.0;0;83.25;23.25;995.0;14.11;35.0;2.55;18.5;915.02;1.0;0;0;0;0
515998;60.0;2450.0;0;83.25;23.25;995.0;14.11;35.0;2.55;19.0;916.85;1.0;0;0;0;0
516341;60.0;2450.0;0;83.25;23.25;995.0;14.11;35.0;2.55;18.5;917.53;1.0;0;0;0;0
516654;59.0;2400.0;0;83.25;23.25;995.0;14.11;35.0;2.59;18.5;914.86;1.0;0;0;0;0
517024;60.0;2500.0;0;83.25;23.25;995.0;14.01;35.0;2.52;19.0;917.46;1.0;0;0;0;0
517398;60.0;2450.0;10.82;82.5;23.25;995.0;14.11;38.0;5.0;25.0;927.22;1.0;0;0;0;0
517780;62.0;2550.0;9.41;82.5;23.25;995.0;14.01;38.0;4.78;28.0;902.12;1.0;0;0;0;0
518150;63.0;2600.0;4.70;82.5;23.25;995.0;14.11;38.0;4.21;29.5;946.91;1.0;0;0;0;0
518520;63.0;2500.0;2.35;82.5;23.25;995.0;14.11;38.0;3.74;24.0;964.53;1.0;0;0;0;0
518969;63.0;2600.0;0.94;82.5;23.25;995.0;14.01;36.0;3.11;24.5;949.27;1.0;0;0;0;0
519339;63.0;2600.0;4.70;82.5;23.25;995.0;14.11;38.0;4.07;29.5;919.06;1.0;0;0;0;0
519734;65.0;2600.0;4.70;82.5;23.25;995.0;14.01;38.0;4.12;31.5;965.22;1.0;0;0;0;0
520061;65.0;2600.0;4.70;82.5;23.25;995.0;14.01;38.0;4.12;29.5;964.76;1.0;0;0;0;0
520374;65.0;2650.0;0;82.5;23.25;995.0;14.01;36.0;2.45;21.5;965.67;1.0;0;0;0;0
520751;63.0;2650.0;0;82.5;23.25;995.0;14.01;36.0;2.45;21.5;944.92;1.0;0;0;0;0
521123;63.0;2650.0;0;82.5;24.0;995.0;14.29;35.0;2.39;21.5;933.71;1.0;0;0;0;0
521580;65.0;2600.0;0;82.5;23.25;995.0;14.11;35.0;2.48;21.0;927.15;1.0;0;0;0;0
521965;62.0;2550.0;0;82.5;24.0;995.0;14.01;35.0;2.5;21.0;924.78;1.0;0;0;0;0
522277;62.0;2550.0;0;82.5;24.0;995.0;13.92;35.0;2.5;20.0;924.02;1.0;0;0;0;0
522657;62.0;2550.0;0;82.5;24.0;995.0;14.01;35.0;2.5;20.0;919.37;1.0;0;0;0;0
522969;62.0;2550.0;0;82.5;24.0;995.0;14.11;35.0;2.48;20.0;922.49;1.0;0;0;0;0
523442;62.0;2550.0;0;82.5;24.0;995.0;14.01;35.0;2.5;20.0;919.90;1.0;0;0;0;0
523812;62.0;2550.0;0;82.5;24.0;995.0;14.01;35.0;2.5;20.0;920.36;1.0;0;0;0;0
524210;60.0;2500.0;0;82.5;24.0;995.0;14.11;35.0;2.51;19.0;920.66;1.0;0;0;0;0
524524;62.0;2500.0;0;82.5;24.0;995.0;14.11;35.0;2.53;19.0;923.79;1.0;0;0;0;0
524865;62.0;2550.0;0;82.5;24.0;995.0;14.01;35.0;2.5;20.0;923.26;1.0;0;0;0;0
525217;62.0;2550.0;0;82.5;24.0;995.0;14.01;35.0;2.5;20.0;924.93;1.0;0;0;0;0
525611;62.0;2600.0;0;82.5;24.0;995.0;14.01;35.0;2.45;20.0;919.67;1.0;0;0;0;0
525981;63.0;2600.0;0;82.5;24.0;995.0;14.11;35.0;2.44;21.0;919.67;1.0;0;0;0;0
526294;63.0;2550.0;0;82.5;24.0;995.0;14.11;35.0;2.51;21.0;919.44;1.0;0;0;0;0
526623;63.0;2600.0;0;82.5;24.0;995.0;14.01;35.0;2.45;21.0;917.99;1.0;0;0;0;0
526959;62.0;2600.0;0;82.5;24.0;995.0;14.01;35.0;2.45;21.0;914.71;1.0;0;0;0;0
527330;62.0;2550.0;0;81.75;24.0;995.0;14.01;34.0;2.45;21.0;917.92;1.0;0;0;0;0
527708;63.0;2600.0;0;82.5;24.0;995.0;14.01;35.0;2.45;21.0;895.64;1.0;0;0;0;0
528076;63.0;2600.0;0;81.75;24.0;995.0;14.11;34.0;2.4;21.0;917.46;1.0;0;0;0;0
528471;63.0;2600.0;0;81.75;24.0;995.0;14.01;34.0;2.41;21.0;911.43;1.0;0;0;0;0
528784;63.0;2600.0;0;81.75;24.0;995.0;14.01;34.0;2.44;21.0;916.16;1.0;0;0;0;0
529171;63.0;2550.0;0;81.75;24.0;995.0;14.01;34.0;2.47;21.0;916.39;1.0;0;0;0;0
529484;63.0;2600.0;0;81.75;24.0;995.0;14.01;34.0;2.41;21.0;919.06;1.0;0;0;0;0
529854;63.0;2600.0;0;81.75;24.0;995.0;14.11;34.0;2.42;21.0;912.19;1.0;0;0;0;0
530243;63.0;2750.0;6.58;81.75;24.0;995.0;14.01;37.0;4.30;37.0;892.05;1.0;0;0;0;0
530614;65.0;2600.0;7.05;81.75;24.0;995.0;14.01;37.0;4.47;32.5;945.76;1.0;0;0;0;0
530984;63.0;2500.0;0;81.75;24.0;995.0;14.01;35.0;2.55;20.0;958.27;1.0;0;0;0;0
531367;63.0;2650.0;0;81.75;24.0;995.0;14.01;35.0;2.43;21.5;943.17;1.0;0;0;0;0
531736;65.0;2650.0;0;81.75;24.0;995.0;14.01;34.0;2.41;21.5;930.73;1.0;0;0;0;0
532133;65.0;2600.0;0;81.75;24.0;995.0;14.11;34.0;2.42;21.0;923.56;1.0;0;0;0;0
532454;62.0;2550.0;0;81.75;24.0;995.0;14.11;34.0;2.45;20.0;921.65;1.0;0;0;0;0
532862;60.0;2550.0;0;81.75;24.0;995.0;14.11;34.0;2.44;20.0;912.27;1.0;0;0;0;0
533202;60.0;2450.0;0;81.75;24.0;995.0;14.11;34.0;2.49;19.0;911.28;1.0;0;0;0;0
533514;60.0;2500.0;0;81.75;24.0;995.0;14.01;34.0;2.47;19.0;908.99;1.0;0;0;0;0
533860;60.0;2450.0;0;81.75;24.0;995.0;14.11;34.0;2.52;18.5;912.42;1.0;0;0;0;0
534234;60.0;2500.0;0;81.75;24.0;995.0;14.01;34.0;2.51;19.0;914.18;1.0;0;0;0;0
534552;60.0;2500.0;0;81.75;24.0;995.0;14.11;34.0;2.49;19.0;917.69;1.0;0;0;0;0
534889;60.0;2500.0;0;81.75;24.0;995.0;14.01;34.0;2.48;19.0;917.84;1.0;0;0;0;0
535294;60.0;2500.0;0;81.75;24.0;995.0;14.11;34.0;2.47;19.0;914.56;1.0;0;0;0;0
535664;60.0;2500.0;7.99;81.75;24.0;995.0;14.01;37.0;5.07;25.0;914.48;1.0;0;0;0;0
536059;62.0;2550.0;8.46;81.75;24.0;995.0;14.11;37.0;4.69;27.5;935.77;1.0;0;0;0;0
536379;62.0;2550.0;10.35;81.75;24.0;995.0;14.11;37.0;4.93;30.5;937.75;1.0;0;0;0;0
536797;65.0;2600.0;13.64;81.75;24.0;995.0;14.01;37.0;5.16;34.0;783.80;1.0;0;0;0;0
537223;65.0;2700.0;12.23;81.75;24.0;995.0;14.01;37.0;4.87;36.5;875.96;1.0;0;0;0;0
537593;66.0;2700.0;9.88;81.75;24.0;995.0;14.11;37.0;4.64;38.5;955.45;1.0;0;0;0;0
538081;68.0;2800.0;16.46;81.75;24.0;995.0;14.01;37.0;5.33;40.5;899.76;1.0;0;1.0;0;0
538453;69.0;2800.0;42.34;81.75;24.0;995.0;14.01;37.0;10.09;8.5;961.02;1.0;0;1.0;0;0
538902;71.0;2900.0;34.81;81.75;24.0;995.0;14.01;37.0;8.05;14.5;960.03;1.0;0;1.0;0;0
539311;74.0;3100.0;31.99;81.75;24.0;995.0;14.01;37.0;7.68;19.0;954.99;1.0;0;1.0;0;0
539703;75.0;3100.0;23.05;81.75;24.0;995.0;14.01;37.0;5.52;38.0;945.38;1.0;0;1.0;0;0
540066;75.0;3100.0;20.23;81.75;24.0;995.0;14.01;37.0;4.84;43.5;871.15;1.0;0;1.0;0;0
540483;77.0;3200.0;19.29;81.0;24.0;995.0;14.01;37.0;4.68;44.0;631.29;1.0;0;1.0;0;0
540796;78.0;3250.0;17.40;81.75;24.0;995.0;14.01;37.0;4.43;44.5;677.98;1.0;0;1.0;0;0
541190;82.0;3350.0;17.40;81.0;24.0;995.0;14.01;37.0;4.46;45.5;459.49;1.0;0;1.0;0;0
541595;82.0;3350.0;14.11;81.0;24.0;995.0;14.01;38.0;4.57;45.5;169.59;1.0;0;0;0;0
541937;82.0;3350.0;11.76;81.0;24.0;995.0;13.92;38.0;4.33;45.5;897.09;1.0;0;0;0;0
542260;82.0;3400.0;7.99;81.0;23.25;995.0;14.01;38.0;3.84;45.5;923.94;1.0;0;0;0;0
542690;83.0;3400.0;6.11;81.0;24.0;995.0;14.01;38.0;3.63;44.5;966.28;1.0;0;0;0;0
543100;82.0;3350.0;4.70;81.0;23.25;995.0;13.92;38.0;3.39;42.5;910.44;1.0;0;0;0;0
543438;82.0;3300.0;6.11;81.0;23.25;995.0;14.01;38.0;3.70;43.0;861.23;1.0;0;0;0;0
543750;82.0;3350.0;9.41;81.0;23.25;1000.0;14.01;37.0;4.11;45.5;940.42;1.0;0;0;0;0
544120;82.0;3350.0;9.88;81.0;23.25;995.0;14.01;38.0;4.08;45.5;936.84;1.0;0;0;0;0
544509;82.0;3350.0;9.88;81.0;23.25;995.0;13.92;38.0;4.08;45.5;933.33;1.0;0;0;0;0
544829;82.0;3350.0;6.58;81.0;23.25;995.0;14.01;38.0;3.72;44.5;950.72;1.0;0;0;0;0
545251;82.0;3300.0;4.70;81.0;23.25;995.0;13.92;38.0;3.42;42.5;960.33;1.0;0;0;0;0
545629;80.0;3350.0;0;81.0;23.25;995.0;13.92;36.0;2.10;33.0;878.63;1.0;0;0;0;0
546001;80.0;3300.0;0;81.0;23.25;995.0;14.01;35.0;2.11;32.0;940.04;1.0;0;0;0;0
546372;80.0;3250.0;0;81.0;23.25;995.0;13.92;35.0;2.11;31.5;897.24;1.0;0;0;0;0
546741;78.0;3250.0;0;81.0;23.25;1000.0;14.01;34.0;2.09;31.5;816.68;1.0;0;0;0;0
547069;78.0;3250.0;0;81.0;23.25;1000.0;14.01;34.0;2.09;31.5;905.94;1.0;0;0;0;0
547407;78.0;3250.0;0;81.0;23.25;1000.0;14.01;34.0;2.09;31.5;916.01;1.0;0;0;0;0
547776;78.0;3200.0;0;81.0;23.25;1000.0;14.01;34.0;2.16;30.5;870.69;1.0;0;0;0;0
548164;77.0;3200.0;0;81.0;23.25;995.0;14.01;34.0;2.10;30.5;820.19;1.0;0;0;0;0
548576;77.0;3150.0;0;81.0;23.25;995.0;14.01;35.0;2.12;30.5;853.99;1.0;0;0;0;0
548947;77.0;3200.0;0;81.0;23.25;995.0;14.01;35.0;2.14;30.5;904.57;1.0;0;0;0;0
549377;78.0;3150.0;13.17;81.0;23.25;1000.0;14.01;37.0;4.07;38.5;894.27;1.0;0;0;0;0
549743;77.0;3150.0;7.05;81.0;23.25;1000.0;14.01;37.0;3.95;42.5;945.84;1.0;0;0;0;0
550139;77.0;3250.0;10.82;81.0;24.0;1000.0;14.01;37.0;4.27;44.5;912.73;1.0;0;0;0;0
550451;78.0;3250.0;11.29;81.0;23.25;1000.0;13.92;37.0;4.35;44.5;879.54;1.0;0;0;0;0
550859;80.0;3250.0;14.11;80.25;23.25;1000.0;14.01;37.0;4.69;44.5;876.03;1.0;0;0;0;0
551172;82.0;3350.0;15.05;80.25;24.0;1000.0;14.01;37.0;4.79;45.5;873.74;1.0;0;0;0;0
551620;82.0;3350.0;15.05;80.25;24.0;1000.0;13.92;37.0;4.82;46.0;902.66;1.0;0;0;0;0
551945;83.0;3400.0;15.52;80.25;24.0;1000.0;13.92;37.0;4.79;46.0;907.62;1.0;0;0;0;0
552278;83.0;3450.0;14.11;80.25;24.0;1000.0;13.92;37.0;4.53;46.5;912.42;1.0;0;0;0;0
552648;85.0;3450.0;10.35;80.25;24.0;1000.0;14.01;37.0;4.07;46.5;948.81;1.0;0;0;0;0
553043;85.0;3450.0;7.52;80.25;24.0;1000.0;13.92;37.0;3.76;46.0;969.72;1.0;0;0;0;0
553350;83.0;3450.0;4.70;80.25;24.0;1000.0;14.01;37.0;3.36;44.0;896.56;1.0;0;0;0;0
553687;83.0;3400.0;4.70;80.25;24.0;1000.0;13.92;37.0;3.34;43.0;860.16;1.0;0;0;0;0
554059;82.0;3400.0;5.17;80.25;24.0;1000.0;14.01;37.0;3.39;43.0;861.54;1.0;0;0;0;0
554429;83.0;3450.0;11.76;80.25;24.0;1000.0;14.01;37.0;4.24;46.5;923.56;1.0;0;0;0;0
554775;85.0;3450.0;10.35;80.25;24.0;1000.0;13.92;37.0;4.13;46.5;919.90;1.0;0;0;0;0
555155;85.0;3450.0;9.88;80.25;24.0;1000.0;13.92;37.0;4.07;47.0;937.22;1.0;0;0;0;0
555502;86.0;3500.0;7.52;80.25;24.0;1000.0;13.92;37.0;3.63;46.0;956.98;1.0;0;0;0;0
555935;85.0;3450.0;4.70;80.25;24.0;1000.0;13.92;37.0;3.35;44.0;967.20;1.0;0;0;0;0
556363;83.0;3450.0;6.58;80.25;24.0;1000.0;13.92;37.0;3.62;44.5;944.92;1.0;0;0;0;0
556713;83.0;3450.0;7.99;80.25;24.0;1000.0;14.01;37.0;3.76;45.5;961.17;1.0;0;0;0;0
557179;85.0;3500.0;7.99;80.25;24.0;1000.0;13.92;37.0;3.74;46.0;958.35;1.0;0;0;0;0
557539;86.0;3550.0;10.35;80.25;24.0;1000.0;13.92;37.0;4.04;47.0;927.38;1.0;0;0;0;0
557889;86.0;3550.0;10.82;80.25;24.0;1000.0;14.01;37.0;4.11;47.0;930.43;1.0;0;0;0;0
558283;88.0;3550.0;10.35;80.25;24.0;1000.0;14.01;37.0;3.98;47.5;931.80;1.0;0;0;0;0
558652;88.0;3450.0;1.88;80.25;24.0;1000.0;14.01;37.0;3.22;42.5;961.86;1.0;0;0;0;0
558968;86.0;3500.0;0;80.25;24.0;1000.0;13.92;35.0;2.24;42.0;746.11;1.0;0;0;0;0
559398;86.0;3500.0;0;80.25;24.0;1000.0;13.92;35.0;2.06;35.5;851.54;1.0;0;0;0;0
559786;85.0;3500.0;0;79.5;24.0;1000.0;14.01;34.0;2.01;35.5;905.94;1.0;0;0;0;0
560158;85.0;3500.0;0;79.5;24.0;1000.0;14.01;34.0;2.01;35.5;904.95;1.0;0;0;0;0
560470;85.0;3500.0;0;79.5;24.0;1000.0;13.82;34.0;2.02;35.5;885.49;1.0;0;0;0;0
560805;85.0;3450.0;0.47;79.5;24.0;1000.0;13.92;34.0;2.32;41.5;827.44;1.0;0;0;0;0
561173;85.0;3450.0;0.94;79.5;24.0;1000.0;14.01;35.0;2.41;41.5;919.90;1.0;0;0;0;0
561568;83.0;3450.0;1.88;79.5;24.0;1000.0;13.92;37.0;2.79;41.5;940.96;1.0;0;0;0;0
561938;85.0;3450.0;3.29;79.5;24.0;1000.0;14.01;37.0;3.06;41.5;958.27;1.0;0;0;0;0
562396;85.0;3450.0;4.70;79.5;24.0;1000.0;14.01;37.0;3.39;44.0;936.00;1.0;0;0;0;0
562766;85.0;3450.0;5.17;79.5;24.0;1000.0;14.01;37.0;3.46;44.0;962.85;1.0;0;0;0;0
563137;85.0;3500.0;5.17;79.5;24.0;1000.0;14.01;37.0;3.43;44.5;963.84;1.0;0;0;0;0
563523;85.0;3550.0;5.17;79.5;24.0;1000.0;13.92;37.0;3.4;44.5;962.16;1.0;0;0;0;0
563893;85.0;3550.0;5.17;79.5;24.0;1000.0;14.01;37.0;3.41;44.5;962.32;1.0;0;0;0;0
564263;86.0;3500.0;5.17;79.5;24.0;1000.0;13.92;37.0;3.41;44.5;965.06;1.0;0;0;0;0
564601;86.0;3550.0;5.17;79.5;24.0;1000.0;13.92;37.0;3.38;44.5;965.98;1.0;0;0;0;0
564987;85.0;3500.0;5.17;79.5;24.0;1000.0;13.92;37.0;3.41;44.5;966.13;1.0;0;0;0;0
565299;86.0;3550.0;5.17;79.5;24.0;1000.0;14.01;37.0;3.39;44.5;964.53;1.0;0;0;0;0
565707;85.0;3500.0;5.17;79.5;24.0;1000.0;14.01;37.0;3.43;44.5;966.82;1.0;0;0;0;0
566019;85.0;3450.0;0;79.5;24.0;1000.0;14.01;35.0;2.06;34.5;892.89;1.0;0;0;0;0
566410;85.0;3450.0;0;79.5;24.0;1000.0;13.92;35.0;2.06;34.5;907.85;1.0;0;0;0;0
566783;83.0;3400.0;0;79.5;24.0;1000.0;14.01;34.0;2.06;33.5;905.63;1.0;0;0;0;0
567153;82.0;3350.0;0;79.5;24.0;1000.0;14.01;34.0;2.06;33.0;906.32;1.0;0;0;0;0
567520;78.0;3250.0;0;78.75;24.0;1000.0;13.92;34.0;2.10;32.0;912.19;1.0;0;0;0;0
567892;77.0;3200.0;0;78.75;24.0;1000.0;14.01;34.0;2.10;30.5;898.23;1.0;0;0;0;0
568323;75.0;3100.0;0;78.75;24.0;1000.0;14.01;34.0;2.13;29.0;910.90;1.0;0;0;0;0
568701;74.0;3050.0;0;78.75;24.0;1000.0;14.01;34.0;2.15;28.5;854.14;1.0;0;0;0;0
569063;72.0;3000.0;0;78.75;24.75;1000.0;14.01;34.0;2.19;27.5;733.29;1.0;0;0;0;0
569428;74.0;3000.0;0;78.75;24.0;1000.0;14.01;34.0;2.16;27.5;842.16;1.0;0;0;0;0
569766;71.0;2950.0;0;78.75;24.75;1000.0;14.01;34.0;2.20;26.5;859.94;1.0;0;0;0;0
570134;72.0;2900.0;0;78.75;24.75;1000.0;14.01;34.0;2.23;26.0;866.50;1.0;0;0;0;0
570447;71.0;2900.0;4.70;78.75;24.75;1000.0;14.01;37.0;3.91;37.5;899.23;1.0;0;0;0;0
570842;71.0;2900.0;7.99;78.75;24.75;1000.0;13.92;37.0;4.35;39.5;950.64;1.0;0;0;0;0
571259;72.0;2900.0;8.46;78.75;24.75;1000.0;14.01;37.0;4.41;40.5;948.66;1.0;0;0;0;0
571573;71.0;2850.0;0.47;78.75;24.75;1000.0;14.01;37.0;2.85;33.0;956.14;1.0;0;0;0;0
571943;72.0;2950.0;0;78.75;24.75;1000.0;14.01;35.0;2.24;26.5;960.56;1.0;0;0;0;0
572280;71.0;2900.0;0;78.75;24.75;1000.0;14.01;34.0;2.23;26.0;931.19;1.0;0;0;0;0
572599;69.0;2900.0;0.47;78.75;24.75;1000.0;14.01;34.0;2.33;26.0;938.59;1.0;0;0;0;0
572975;71.0;3000.0;5.64;78.75;24.75;1000.0;14.01;37.0;3.93;40.5;940.73;1.0;0;0;0;0
573371;71.0;2900.0;6.58;78.75;24.75;1000.0;14.01;37.0;4.12;39.5;959.80;1.0;0;0;0;0
573732;72.0;2900.0;11.76;78.75;24.75;1000.0;14.01;37.0;4.73;41.0;889.77;1.0;0;0;0;0
574102;71.0;2950.0;8.46;78.75;24.75;1000.0;14.01;37.0;4.22;41.5;893.88;1.0;0;0;0;0
574473;71.0;2900.0;0.47;78.75;24.75;1000.0;14.01;35.0;2.33;26.0;885.19;1.0;0;0;0;0
574868;71.0;2900.0;13.17;78.75;24.75;1000.0;14.01;37.0;4.84;41.0;935.92;1.0;0;0;0;0
575232;74.0;2950.0;23.99;78.75;24.75;1000.0;14.01;37.0;5.94;36.0;911.28;1.0;0;1.0;0;0
575602;74.0;3100.0;30.11;78.75;24.75;1000.0;14.01;37.0;6.9;31.0;955.83;1.0;0;1.0;0;0
575973;75.0;3100.0;31.99;78.0;24.75;1000.0;14.01;37.0;7.12;22.5;959.27;1.0;0;1.0;0;0
576349;78.0;3150.0;31.99;78.0;24.75;1000.0;14.01;37.0;6.97;23.0;953.70;1.0;0;1.0;0;0
576742;80.0;3200.0;31.52;78.0;24.75;1000.0;13.92;37.0;6.79;25.0;947.21;1.0;0;1.0;0;0
577112;82.0;3350.0;28.70;78.0;24.75;1005.0;14.01;37.0;6.09;33.5;936.38;1.0;0;1.0;0;0
577424;83.0;3400.0;27.28;78.0;24.75;1000.0;13.92;37.0;5.64;35.0;921.20;1.0;0;1.0;0;0
577757;83.0;3450.0;24.46;78.0;24.75;1000.0;14.01;37.0;5.01;41.5;816.07;1.0;0;1.0;0;0
578127;85.0;3500.0;23.05;78.0;24.75;1005.0;13.92;37.0;4.76;43.0;645.10;1.0;0;1.0;0;0
578522;85.0;3500.0;22.11;78.0;24.75;1005.0;13.92;37.0;4.74;44.5;133.73;1.0;0;1.0;0;0
578838;86.0;3500.0;21.64;78.0;24.75;1005.0;14.01;37.0;4.78;45.5;74.76;1.0;0;1.0;0;0
579218;86.0;3600.0;16.46;78.0;24.75;1005.0;14.01;37.0;4.92;47.5;64.31;1.0;0;0;0;0
579531;88.0;3600.0;15.99;78.0;24.75;1005.0;14.01;37.0;4.90;47.5;783.87;1.0;0;0;0;0
579927;88.0;3650.0;15.52;78.0;24.75;1005.0;13.92;37.0;4.79;47.5;880.00;1.0;0;0;0;0
580289;89.0;3650.0;9.88;78.0;24.75;1005.0;13.92;37.0;3.87;47.0;948.89;1.0;0;0;0;0
580667;89.0;3650.0;9.88;78.0;24.75;1005.0;14.01;37.0;3.89;47.0;967.05;1.0;0;0;0;0
581038;91.0;3700.0;9.88;78.0;24.75;1005.0;14.01;37.0;3.92;47.5;962.32;1.0;0;0;0;0
581412;91.0;3650.0;9.88;78.0;24.75;1005.0;13.92;37.0;3.97;47.5;958.58;1.0;0;0;0;0
581784;89.0;3700.0;9.88;78.0;24.75;1005.0;13.92;37.0;3.95;47.5;957.82;1.0;0;0;0;0
582165;91.0;3700.0;9.88;78.0;24.75;1005.0;13.92;37.0;3.92;47.5;955.83;1.0;0;0;0;0
582502;91.0;3700.0;9.88;78.0;24.75;1005.0;13.92;37.0;3.92;47.5;954.38;1.0;0;0;0;0
582911;91.0;3700.0;8.46;78.0;24.75;1005.0;14.01;37.0;3.74;46.5;959.95;1.0;0;0;0;0
583311;89.0;3650.0;0.94;78.0;24.75;1005.0;13.92;37.0;2.46;43.5;916.70;1.0;0;0;0;0
583690;88.0;3650.0;0;78.0;24.75;1005.0;13.82;35.0;2.02;37.5;784.94;1.0;0;0;0;0
584003;88.0;3600.0;0;78.0;24.75;1005.0;13.92;34.0;2.00;37.0;832.32;1.0;0;0;0;0
584377;86.0;3550.0;0;78.0;24.75;1005.0;14.01;34.0;2.00;36.0;869.70;1.0;0;0;0;0
584772;86.0;3550.0;0;78.0;24.75;1005.0;14.11;34.0;2.00;36.0;905.10;1.0;0;0;0;0
585085;85.0;3450.0;0;78.0;24.75;1005.0;14.01;34.0;2.04;35.5;844.75;1.0;0;0;0;0
585469;85.0;3500.0;0;78.0;24.75;1005.0;14.01;34.0;2.02;35.5;907.39;1.0;0;0;0;0
585832;83.0;3450.0;0;78.0;24.75;1005.0;14.01;34.0;2.04;34.5;910.75;1.0;0;0;0;0
586203;82.0;3400.0;0;78.0;24.75;1005.0;13.92;34.0;2.06;33.5;891.83;1.0;0;0;0;0
586627;83.0;3400.0;0;78.0;24.75;1005.0;13.92;34.0;2.06;33.5;923.94;1.0;0;0;0;0
587005;82.0;3350.0;0;78.0;24.75;1005.0;13.92;34.0;2.07;33.0;825.30;1.0;0;0;0;0
587376;80.0;3350.0;7.52;78.0;24.75;1005.0;13.92;37.0;3.88;44.0;811.57;1.0;0;0;0;0
587713;80.0;3300.0;7.99;78.0;24.75;1005.0;14.01;37.0;3.93;45.0;944.31;1.0;0;0;0;0
588030;82.0;3300.0;4.70;78.0;24.75;1005.0;13.92;37.0;3.50;42.5;958.12;1.0;0;0;0;0
588431;82.0;3350.0;5.17;78.0;24.75;1005.0;14.01;37.0;3.55;43.0;969.49;1.0;0;0;0;0
588761;82.0;3300.0;9.88;78.0;24.75;1005.0;14.01;37.0;4.23;45.0;941.95;1.0;0;0;0;0
589147;82.0;3350.0;13.17;77.25;24.75;1005.0;13.92;37.0;4.60;45.5;906.17;1.0;0;0;0;0
589518;82.0;3400.0;21.17;77.25;24.75;1005.0;13.92;37.0;5.24;44.5;847.96;1.0;0;1.0;0;0
589891;83.0;3350.0;27.75;77.25;24.75;1005.0;14.01;37.0;6.38;35.5;934.85;1.0;0;1.0;0;0
590261;83.0;3500.0;28.23;77.25;24.75;1005.0;14.01;37.0;6.36;35.0;954.08;1.0;0;1.0;0;0
590646;83.0;3500.0;22.11;77.25;24.75;1005.0;14.01;37.0;5.03;44.5;909.91;1.0;0;1.0;0;0
590958;86.0;3500.0;20.23;77.25;24.75;1005.0;13.92;37.0;4.64;46.0;568.81;1.0;0;1.0;0;0
591389;86.0;3550.0;15.52;77.25;24.75;1005.0;13.92;37.0;4.76;47.0;685.84;1.0;0;0;0;0
591754;88.0;3550.0;7.52;77.25;24.75;1005.0;13.92;37.0;3.74;46.0;955.37;1.0;0;0;0;0
592151;86.0;3550.0;0.47;77.25;24.75;1005.0;13.92;35.0;2.37;42.5;861.31;1.0;0;0;0;0
592562;88.0;3550.0;0;77.25;24.75;1005.0;13.92;35.0;2.04;36.0;766.94;1.0;0;0;0;0
592883;86.0;3550.0;0;77.25;24.75;1005.0;13.82;34.0;2.02;36.0;883.43;1.0;0;0;0;0
593250;86.0;3500.0;0;77.25;24.75;1005.0;13.92;34.0;2.02;36.0;897.78;1.0;0;0;0;0
593608;85.0;3550.0;0;77.25;24.75;1005.0;13.92;34.0;2.00;36.0;922.11;1.0;0;0;0;0
593978;86.0;3550.0;0;77.25;24.75;1005.0;13.92;34.0;2.00;36.0;889.46;1.0;0;0;0;0
594366;86.0;3550.0;0;77.25;24.75;1005.0;13.92;34.0;2.02;36.0;896.02;1.0;0;0;0;0
594682;86.0;3550.0;0;77.25;24.75;1005.0;14.01;34.0;2.00;36.0;849.26;1.0;0;0;0;0
595078;86.0;3550.0;0;77.25;24.75;1005.0;14.01;34.0;2.00;36.0;667.23;1.0;0;0;0;0
595391;85.0;3500.0;0;77.25;24.75;1005.0;13.92;34.0;2.02;35.5;885.34;1.0;0;0;0;0
595709;83.0;3450.0;0;77.25;24.75;1005.0;14.01;34.0;2.04;34.5;897.62;1.0;0;0;0;0
596104;83.0;3400.0;0;77.25;24.75;1005.0;14.01;34.0;2.06;33.5;910.36;1.0;0;0;0;0
596417;82.0;3350.0;0;77.25;24.75;1005.0;14.01;34.0;2.07;33.0;866.50;1.0;0;0;0;0
596803;80.0;3300.0;0;77.25;24.75;1005.0;14.01;34.0;2.09;32.0;871.99;1.0;0;0;0;0
597173;80.0;3250.0;0;77.25;24.75;1005.0;13.92;34.0;2.11;32.0;840.02;1.0;0;0;0;0
597593;80.0;3250.0;0;77.25;24.75;1005.0;14.01;34.0;2.10;31.5;852.00;1.0;0;0;0;0
597963;78.0;3200.0;0;77.25;24.75;1005.0;13.92;34.0;2.11;30.5;869.78;1.0;0;0;0;0
598333;77.0;3150.0;0;77.25;24.75;1005.0;14.01;34.0;2.14;30.5;468.72;1.0;0;0;0;0
598728;77.0;3150.0;0;77.25;24.75;1005.0;14.01;34.0;2.14;30.5;532.80;1.0;0;0;0;0
599041;77.0;3150.0;0;77.25;24.75;1005.0;14.01;34.0;2.13;30.0;447.74;1.0;0;0;0;0
599421;77.0;3200.0;0;77.25;24.75;1005.0;14.01;34.0;2.13;30.5;594.68;1.0;0;0;0;0
599813;77.0;3200.0;0;77.25;24.75;1005.0;14.01;34.0;2.11;30.5;804.63;1.0;0;0;0;0
600183;78.0;3200.0;0;77.25;24.75;1005.0;14.01;34.0;2.11;30.5;435.69;1.0;0;0;0;0
600613;77.0;3150.0;0;77.25;24.75;1005.0;13.92;34.0;2.13;30.0;342.61;1.0;0;0;0;0
600988;77.0;3200.0;0;77.25;24.75;1005.0;14.01;34.0;2.13;30.5;546.00;1.0;0;0;0;0
601358;77.0;3150.0;0;77.25;24.75;1005.0;13.92;34.0;2.13;30.0;315.68;1.0;0;0;0;0
601729;77.0;3150.0;0;77.25;24.75;1005.0;13.92;34.0;2.14;30.0;793.26;1.0;0;0;0;0
602113;77.0;3150.0;0;77.25;24.75;1005.0;14.01;34.0;2.14;30.0;882.59;1.0;0;0;0;0
602486;77.0;3150.0;0;77.25;24.75;1005.0;14.01;34.0;2.14;30.0;856.73;1.0;0;0;0;0
602857;77.0;3150.0;0;77.25;24.75;1005.0;13.92;34.0;2.14;30.0;877.02;1.0;0;0;0;0
603228;77.0;3150.0;0;77.25;24.75;1005.0;14.01;34.0;2.13;30.0;753.82;1.0;0;0;0;0
603620;75.0;3150.0;0;77.25;24.75;1005.0;14.01;34.0;2.14;30.0;868.10;1.0;0;0;0;0
603933;77.0;3100.0;0;77.25;24.75;1005.0;14.01;34.0;2.17;29.0;462.54;1.0;0;0;0;0
604304;75.0;3100.0;0;77.25;24.75;1005.0;14.01;34.0;2.14;29.0;774.57;1.0;0;0;0;0
604638;77.0;3100.0;0;77.25;24.75;1005.0;14.01;34.0;2.14;29.0;847.42;1.0;0;0;0;0
605030;75.0;3100.0;0;77.25;24.75;1005.0;13.92;34.0;2.17;29.0;834.07;1.0;0;0;0;0
605424;75.0;3100.0;0;76.5;24.75;1005.0;14.01;34.0;2.14;29.0;362.22;1.0;0;0;0;0
605733;75.0;3150.0;7.99;76.5;24.75;1005.0;14.01;37.0;4.18;43.0;679.74;1.0;0;0;0;0
606131;75.0;3100.0;8.93;76.5;24.75;1005.0;14.01;37.0;4.30;42.5;934.85;1.0;0;0;0;0
606443;77.0;3000.0;0;76.5;24.75;1005.0;14.01;35.0;2.25;27.5;964.00;1.0;0;0;0;0
606813;77.0;3100.0;5.64;76.5;24.75;1005.0;14.01;37.0;3.89;41.0;946.75;1.0;0;0;0;0
607196;77.0;3200.0;9.88;76.5;24.75;1005.0;14.01;37.0;4.25;44.0;944.16;1.0;0;0;0;0
607566;78.0;3250.0;9.41;76.5;24.75;1005.0;14.01;37.0;4.18;44.5;941.03;1.0;0;0;0;0
607937;80.0;3300.0;15.05;76.5;24.75;1005.0;14.01;37.0;4.99;45.0;909.45;1.0;0;0;0;0
608323;80.0;3350.0;22.11;76.5;24.75;1005.0;14.01;37.0;5.36;43.5;901.13;1.0;0;1.0;0;0
608643;83.0;3400.0;19.76;76.5;24.75;1005.0;13.92;37.0;5.35;45.5;871.38;1.0;0;0;0;0
609012;83.0;3400.0;19.76;76.5;24.75;1005.0;14.01;37.0;5.26;46.0;885.34;1.0;0;0;0;0
609348;85.0;3500.0;19.29;76.5;24.75;1005.0;13.92;37.0;5.26;46.5;904.26;1.0;0;0;0;0
609718;85.0;3550.0;12.23;76.5;24.75;1005.0;13.92;37.0;4.35;47.0;930.12;1.0;0;0;0;0
610090;86.0;3550.0;7.99;76.5;24.75;1005.0;14.01;37.0;3.78;46.0;974.83;1.0;0;0;0;0
610520;86.0;3550.0;4.70;76.5;24.75;1005.0;14.01;37.0;3.31;44.0;822.55;1.0;0;0;0;0
610883;86.0;3500.0;0;76.5;24.75;1005.0;14.01;35.0;2.06;35.5;613.44;1.0;0;0;0;0
611263;86.0;3500.0;0;76.5;24.75;1005.0;14.01;35.0;2.06;35.5;793.33;1.0;0;0;0;0
611634;86.0;3500.0;0;76.5;24.75;1005.0;13.92;34.0;2.02;35.5;853.30;1.0;0;0;0;0
612030;85.0;3500.0;0;76.5;24.75;1005.0;14.01;34.0;2.02;35.5;922.26;1.0;0;0;0;0
612384;86.0;3500.0;0;76.5;24.75;1005.0;14.01;34.0;2.03;35.5;879.39;1.0;0;0;0;0
612780;85.0;3500.0;0;76.5;24.75;1005.0;14.01;34.0;2.02;35.5;823.32;1.0;0;0;0;0
613092;85.0;3500.0;0;76.5;25.5;1005.0;13.92;34.0;2.02;35.5;829.95;1.0;0;0;0;0
613413;85.0;3500.0;0;76.5;25.5;1005.0;13.92;34.0;2.02;35.5;767.32;1.0;0;0;0;0
613786;86.0;3500.0;0;76.5;25.5;1005.0;14.01;34.0;2.03;35.5;794.94;1.0;0;0;0;0
614181;85.0;3500.0;0;76.5;25.5;1005.0;14.01;34.0;2.02;35.5;858.72;1.0;0;0;0;0
614493;85.0;3450.0;0;76.5;25.5;1005.0;13.92;34.0;2.04;34.5;760.99;1.0;0;0;0;0
614873;83.0;3450.0;0;76.5;25.5;1005.0;14.01;34.0;2.06;34.5;689.81;1.0;0;0;0;0
615246;83.0;3400.0;0;76.5;25.5;1005.0;14.01;34.0;2.07;33.5;880.84;1.0;0;0;0;0
615616;82.0;3350.0;1.88;76.5;25.5;1005.0;14.01;37.0;2.87;41.0;841.40;1.0;0;0;0;0
616003;83.0;3400.0;7.05;76.5;25.5;1005.0;14.01;37.0;3.77;44.5;940.19;1.0;0;0;0;0
616316;83.0;3450.0;7.05;76.5;25.5;1005.0;14.01;37.0;3.79;45.0;952.70;1.0;0;0;0;0
616713;83.0;3450.0;7.05;76.5;25.5;1005.0;14.01;37.0;3.77;45.0;957.59;1.0;0;0;0;0
617026;83.0;3400.0;7.05;76.5;25.5;1005.0;13.92;37.0;3.79;45.0;960.33;1.0;0;0;0;0
617402;83.0;3400.0;5.64;76.5;25.5;1005.0;14.01;37.0;3.63;44.0;959.57;1.0;0;0;0;0
617774;82.0;3400.0;5.17;76.5;25.5;1005.0;13.92;37.0;3.59;44.0;967.12;1.0;0;0;0;0
618145;82.0;3400.0;12.70;76.5;25.5;1005.0;14.01;37.0;4.59;46.0;890.38;1.0;0;0;0;0
618518;82.0;3350.0;13.17;76.5;25.5;1005.0;13.92;37.0;4.62;46.0;877.48;1.0;0;0;0;0
618866;82.0;3350.0;13.17;76.5;25.5;1005.0;14.01;37.0;4.60;46.0;910.75;1.0;0;0;0;0
619183;82.0;3400.0;9.88;76.5;25.5;1005.0;14.01;37.0;4.13;46.0;932.72;1.0;0;0;0;0
619554;82.0;3400.0;9.41;76.5;25.5;1005.0;13.92;37.0;4.07;46.0;969.18;1.0;0;0;0;0
620001;83.0;3350.0;5.64;76.5;25.5;1005.0;13.92;37.0;3.63;44.0;974.22;1.0;0;0;0;0
620371;82.0;3350.0;4.70;76.5;25.5;1005.0;13.92;37.0;3.43;42.5;952.09;1.0;0;0;0;0
620741;80.0;3350.0;6.11;76.5;25.5;1005.0;14.01;37.0;3.49;45.0;662.34;1.0;0;0;0;0
621090;82.0;3350.0;7.52;76.5;25.5;1005.0;13.92;37.0;3.92;45.5;942.41;1.0;0;0;0;0
621466;82.0;3350.0;9.41;76.5;25.5;1005.0;14.01;37.0;4.11;45.5;962.16;1.0;0;0;0;0
621778;83.0;3400.0;7.52;76.5;25.5;1005.0;14.01;37.0;3.88;45.5;970.33;1.0;0;0;0;0
622154;83.0;3400.0;4.70;76.5;25.5;1005.0;13.92;37.0;3.54;43.5;972.62;1.0;0;0;0;0
622521;82.0;3350.0;4.70;76.5;25.5;1005.0;14.01;37.0;3.46;42.5;954.84;1.0;0;0;0;0
622858;82.0;3500.0;7.99;76.5;25.5;1005.0;13.92;37.0;3.85;46.0;972.62;1.0;0;0;0;0
623228;83.0;3400.0;8.93;76.5;25.5;1005.0;14.01;37.0;4.08;46.5;958.43;1.0;0;0;0;0
623598;83.0;3400.0;8.46;76.5;25.5;1005.0;13.92;37.0;4.01;46.5;959.49;1.0;0;0;0;0
623930;83.0;3300.0;0.94;76.5;25.5;1005.0;14.01;35.0;2.53;39.5;947.06;1.0;0;0;0;0
624299;83.0;3350.0;0;76.5;25.5;1005.0;14.01;35.0;2.33;33.5;849.18;1.0;0;0;0;0
624694;82.0;3350.0;0;76.5;25.5;1005.0;14.01;35.0;2.10;33.0;942.79;1.0;0;0;0;0
625091;82.0;3350.0;0;76.5;25.5;1005.0;14.01;34.0;2.09;33.0;929.44;1.0;0;0;0;0
625508;80.0;3350.0;8.93;76.5;25.5;1005.0;14.01;37.0;4.17;45.0;919.67;1.0;0;0;0;0
625821;82.0;3400.0;15.52;76.5;25.5;1005.0;14.01;37.0;4.84;46.0;879.47;1.0;0;0;0;0
626198;83.0;3400.0;21.64;76.5;25.5;1005.0;13.92;37.0;5.30;44.0;729.86;1.0;0;1.0;0;0
626585;83.0;3450.0;21.64;76.5;25.5;1005.0;14.01;37.0;5.19;44.5;906.47;1.0;0;0;0;0
626922;85.0;3450.0;10.82;76.5;25.5;1005.0;14.01;37.0;4.25;46.5;903.88;1.0;0;0;0;0
627292;85.0;3400.0;0;75.75;25.5;1010.0;14.01;35.0;2.10;33.5;915.55;1.0;0;0;0;0
627616;82.0;3350.0;0;76.5;25.5;1005.0;14.01;35.0;2.11;33.0;822.55;1.0;0;0;0;0
627953;80.0;3300.0;0;76.5;25.5;1005.0;14.01;34.0;2.09;32.0;849.87;1.0;0;0;0;0
628267;78.0;3250.0;0;75.75;25.5;1005.0;14.01;34.0;2.11;31.5;891.98;1.0;0;0;0;0
628637;78.0;3200.0;0;75.75;25.5;1005.0;14.01;35.0;2.17;30.5;921.43;1.0;0;0;0;0
629017;77.0;3150.0;0;76.5;25.5;1005.0;14.01;34.0;2.13;30.0;947.14;1.0;0;0;0;0
629388;75.0;3100.0;0;75.75;25.5;1010.0;13.92;35.0;2.18;29.0;942.94;1.0;0;0;0;0
629758;75.0;3050.0;0;75.75;25.5;1010.0;14.11;35.0;2.18;28.5;913.57;1.0;0;0;0;0
630140;72.0;3000.0;0;75.75;25.5;1005.0;14.01;35.0;2.2;27.5;881.37;1.0;0;0;0;0
630513;72.0;2950.0;0;75.75;25.5;1005.0;14.11;35.0;2.25;26.5;865.96;1.0;0;0;0;0
630883;71.0;2850.0;0;75.75;25.5;1010.0;14.01;35.0;2.34;26.0;836.97;1.0;0;0;0;0
631253;69.0;2800.0;0;75.75;25.5;1010.0;14.01;35.0;2.35;24.0;918.60;1.0;0;0;0;0
631583;65.0;2650.0;0;75.75;25.5;1010.0;14.01;35.0;2.45;21.5;894.34;1.0;0;0;0;0
631978;62.0;2550.0;0;75.75;25.5;1010.0;14.01;35.0;2.52;20.0;915.70;1.0;0;0;0;0
632348;59.0;2400.0;0;75.75;25.5;1010.0;14.01;35.0;2.63;17.5;897.78;1.0;0;0;0;0
632670;57.0;2350.0;0;75.75;25.5;1010.0;14.01;35.0;2.62;16.5;869.24;1.0;0;0;0;0
632988;56.0;2300.0;0;75.75;25.5;1010.0;14.11;35.0;2.63;16.0;905.18;1.0;0;1.0;0;0
633384;56.0;2270.0;0;75.75;25.5;1010.0;14.01;35.0;2.69;15.0;916.92;1.0;0;1.0;0;0
633697;53.0;2200.0;0;75.75;25.5;1010.0;14.11;35.0;2.68;15.0;912.50;1.0;0;1.0;0;0
634076;53.0;2190.0;0;75.75;25.5;1010.0;14.11;35.0;2.69;15.0;903.88;1.0;0;1.0;0;0
634446;51.0;2180.0;0;75.75;25.5;1010.0;14.11;35.0;2.7;15.0;900.37;1.0;0;1.0;0;0
634817;51.0;1970.0;0;75.75;25.5;1010.0;14.20;35.0;2.77;15.0;736.65;1.0;0;1.0;0;0
635204;51.0;2070.0;0;75.75;25.5;1010.0;14.20;35.0;2.73;15.0;187.97;1.0;0;0;0;0
635546;48.0;2350.0;0;75.75;25.5;1010.0;14.11;35.0;2.61;17.5;885.42;1.0;0;0;0;0
635917;45.0;2280.0;0;75.75;25.5;1010.0;14.01;35.0;2.67;15.0;915.55;1.0;0;1.0;0;0
636312;45.0;2170.0;0;75.75;25.5;1010.0;14.11;35.0;2.74;15.0;908.46;1.0;0;1.0;0;0
636635;39.0;1930.0;0;75.75;25.5;1010.0;14.11;35.0;2.87;15.0;855.43;1.0;0;1.0;0;0
636947;36.0;1700.0;0;75.75;25.5;1010.0;14.20;35.0;2.94;15.0;499.08;1.0;0;1.0;0;0
637284;30.0;1530.0;0;75.75;25.5;1010.0;14.29;35.0;3.14;15.0;79.34;1.0;0;1.0;0;0
637656;30.0;1500.0;0;75.75;25.5;1010.0;14.39;35.0;3.14;19.0;49.58;1.0;0;1.0;0;0
638041;28.0;1820.0;0;75.75;25.5;1010.0;14.11;35.0;2.96;15.0;57.98;1.0;0;1.0;0;0
638452;28.0;1800.0;0;76.5;25.5;1010.0;14.20;35.0;2.96;15.0;435.38;1.0;0;1.0;0;0
638822;28.0;1770.0;0;76.5;25.5;1010.0;14.29;34.0;2.97;15.0;76.59;1.0;0;1.0;0;0
639200;28.0;1650.0;0;76.5;25.5;1010.0;14.20;34.0;3.07;15.0;77.96;1.0;0;1.0;0;0
639570;25.0;1640.0;0;76.5;25.5;1010.0;14.29;34.0;3.15;15.0;76.44;1.0;0;1.0;0;0
639965;25.0;1610.0;0;76.5;25.5;1010.0;14.20;34.0;3.17;15.0;93.30;1.0;0;1.0;0;0
640279;24.0;1580.0;0;76.5;25.5;1010.0;14.39;34.0;3.26;15.0;78.42;1.0;0;1.0;0;0
640604;22.0;1530.0;0;76.5;25.5;1010.0;14.39;34.0;3.29;15.0;711.02;1.0;0;1.0;0;0
641038;21.0;1640.0;0;76.5;25.5;1010.0;14.39;34.0;3.17;15.0;782.35;1.0;0;1.0;0;0
641351;19.0;1670.0;0;76.5;25.5;1010.0;14.29;34.0;3.09;15.0;842.77;1.0;0;1.0;0;0
641683;19.0;1660.0;0;76.5;25.5;1010.0;14.39;34.0;3.07;15.0;460.48;1.0;0;1.0;0;0
642078;19.0;1590.0;0;76.5;25.5;1010.0;14.39;34.0;3.19;15.0;96.65;1.0;0;1.0;0;0
642387;19.0;1630.0;0;76.5;25.5;1010.0;14.20;34.0;3.17;15.0;522.96;1.0;0;1.0;0;0
642758;19.0;1560.0;0;76.5;25.5;1010.0;14.29;34.0;3.17;15.0;104.97;1.0;0;1.0;0;0
643212;19.0;1610.0;0;76.5;25.5;1010.0;14.20;34.0;3.18;15.0;75.45;1.0;0;1.0;0;0
643526;19.0;1630.0;0;76.5;25.5;1010.0;14.20;34.0;3.17;15.0;766.33;1.0;0;1.0;0;0
643976;21.0;1570.0;0;76.5;25.5;1010.0;14.11;34.0;3.19;15.0;826.83;1.0;0;1.0;0;0
644382;21.0;1720.0;0;76.5;25.5;1010.0;14.29;34.0;3.04;15.0;805.69;1.0;0;1.0;0;0
644696;21.0;1710.0;0.47;76.5;25.5;1010.0;14.29;34.0;3.11;15.0;350.55;1.0;0;0;0;0
645076;21.0;1730.0;5.17;76.5;25.5;1010.0;14.20;37.0;5.38;16.5;790.59;1.0;0;0;0;0
645466;22.0;1970.0;5.17;76.5;25.5;1010.0;14.11;37.0;5.07;17.0;952.09;1.0;0;0;0;0
645778;24.0;1940.0;0;76.5;25.5;1010.0;14.29;35.0;2.87;15.0;956.82;1.0;0;1.0;0;0
646148;24.0;1990.0;1.88;76.5;25.5;1010.0;14.01;35.0;3.04;18.0;923.71;1.0;0;0;0;0
646543;24.0;2090.0;0.47;76.5;25.5;1010.0;14.20;37.0;2.91;15.0;965.98;1.0;0;0;0;0
646908;25.0;2140.0;6.58;76.5;25.5;1010.0;14.11;37.0;5.03;18.5;963.69;1.0;0;0;0;0
647360;27.0;2260.0;6.58;76.5;25.5;1010.0;14.11;37.0;4.92;20.0;954.84;1.0;0;0;0;0
647672;30.0;2400.0;13.64;76.5;25.5;1010.0;14.01;37.0;5.53;23.5;937.07;1.0;0;0;0;0
648002;31.0;2650.0;22.58;76.5;25.5;1010.0;14.11;37.0;6.26;26.5;936.91;1.0;0;1.0;0;0
648338;33.0;2950.0;44.69;76.5;25.5;1010.0;14.01;37.0;10.93;7.5;961.63;1.0;0;0;0;0
648710;39.0;3150.0;34.34;76.5;25.5;1010.0;14.01;37.0;8.15;17.5;963.16;1.0;0;1.0;0;0
649080;41.0;3500.0;32.93;76.5;25.5;1010.0;14.01;37.0;7.38;27.0;960.10;1.0;0;1.0;0;0
649505;45.0;3800.0;1.41;76.5;25.5;1010.0;14.01;37.0;3.36;47.0;947.06;1.0;0;0;0;0
649880;47.0;2950.0;28.23;77.25;25.5;1010.0;14.01;37.0;7.35;33.0;925.09;1.0;0;0;0;0
650250;50.0;3100.0;44.69;77.25;25.5;1010.0;14.01;37.0;9.74;8.5;939.96;1.0;0;1.0;0;0
650627;53.0;3250.0;25.87;77.25;25.5;1010.0;14.01;37.0;6.19;35.5;966.06;1.0;0;1.0;0;0
650997;54.0;3450.0;25.40;77.25;25.5;1010.0;13.92;37.0;5.92;39.0;932.87;1.0;0;1.0;0;0
651335;56.0;3550.0;23.52;77.25;25.5;1010.0;14.01;37.0;5.46;43.0;917.38;1.0;0;1.0;0;0
651705;59.0;3600.0;23.52;77.25;25.5;1010.0;14.01;37.0;5.39;43.0;887.32;1.0;0;1.0;0;0
652030;60.0;3700.0;23.05;77.25;25.5;1010.0;14.01;37.0;5.29;44.0;883.36;1.0;0;0;0;0
652425;59.0;3700.0;0;77.25;25.5;1010.0;14.01;35.0;2.02;37.5;763.58;1.0;0;0;0;0
652795;59.0;3600.0;0;77.25;25.5;1010.0;14.01;34.0;2.02;37.0;862.00;1.0;0;0;0;0
653144;54.0;3300.0;0;77.25;25.5;1010.0;14.01;34.0;2.10;32.0;853.22;1.0;0;0;0;0
653573;48.0;2900.0;0;77.25;25.5;1010.0;14.01;34.0;2.24;26.0;880.92;1.0;0;0;0;0
653947;45.0;2650.0;0;77.25;25.5;1010.0;14.01;34.0;2.44;22.5;922.49;1.0;0;0;0;0
654284;41.0;2500.0;0;77.25;25.5;1010.0;14.11;34.0;2.52;19.0;920.43;1.0;0;0;0;0
654676;37.0;2300.0;0;77.25;25.5;1010.0;14.11;34.0;2.65;16.5;914.41;1.0;0;0;0;0
655153;34.0;2160.0;0;77.25;25.5;1010.0;14.11;34.0;2.69;15.0;886.33;1.0;0;1.0;0;0
655548;31.0;1980.0;0;77.25;25.5;1010.0;14.20;34.0;2.74;15.0;581.17;1.0;0;1.0;0;0
655941;30.0;1850.0;0;77.25;25.5;1010.0;14.39;34.0;2.86;15.0;228.64;1.0;0;1.0;0;0
656333;27.0;1650.0;0;77.25;25.5;1010.0;14.39;34.0;3.04;15.0;116.26;1.0;0;1.0;0;0
656658;25.0;1510.0;0;77.25;25.5;1010.0;14.29;34.0;3.2;15.0;61.03;1.0;0;1.0;0;0
657024;22.0;1560.0;0;77.25;25.5;1010.0;14.39;34.0;3.17;15.0;57.75;1.0;0;1.0;0;0
657394;19.0;1520.0;0;77.25;25.5;1010.0;14.39;34.0;3.25;15.0;58.43;1.0;0;1.0;0;0
657789;19.0;1530.0;0;77.25;25.5;1010.0;14.39;34.0;3.27;15.0;68.35;1.0;0;1.0;0;0
658147;16.0;1560.0;0;77.25;25.5;1010.0;14.39;34.0;3.28;15.0;96.27;1.0;0;1.0;0;0
658523;16.0;1560.0;0;77.25;25.5;1010.0;14.29;34.0;3.33;15.0;563.55;1.0;0;1.0;0;0
658920;18.0;1590.0;0;77.25;25.5;1010.0;14.39;34.0;3.26;15.0;853.91;1.0;0;1.0;0;0
659278;18.0;1560.0;0;77.25;25.5;1010.0;14.29;34.0;3.23;15.0;610.54;1.0;0;1.0;0;0
659672;18.0;1600.0;0;77.25;25.5;1010.0;14.39;34.0;3.15;15.0;735.20;1.0;0;1.0;0;0
660068;16.0;1490.0;0;77.25;25.5;1010.0;14.39;34.0;3.30;15.0;135.49;1.0;0;1.0;0;0
660424;15.0;1580.0;0;78.0;25.5;1010.0;14.39;34.0;3.25;15.0;73.54;1.0;0;1.0;0;0
660772;16.0;1520.0;0;78.0;25.5;1010.0;14.29;34.0;3.34;15.5;89.10;1.0;0;1.0;0;0
661142;16.0;1540.0;0;78.0;25.5;1010.0;14.39;34.0;3.31;15.0;787.46;1.0;0;1.0;0;0
661512;18.0;1620.0;0;78.0;25.5;1010.0;14.29;34.0;3.20;15.0;799.29;1.0;0;0;0;0
661907;16.0;2300.0;6.58;78.0;25.5;1010.0;14.01;37.0;4.86;18.0;931.95;1.0;0;0;0;0
662261;19.0;2650.0;9.41;78.0;25.5;1010.0;14.01;37.0;4.79;35.5;946.30;1.0;0;0;0;0
662617;21.0;2700.0;10.35;78.0;25.5;1010.0;14.11;37.0;4.81;38.5;937.45;1.0;0;0;0;0
662952;24.0;2650.0;0;78.0;25.5;1010.0;14.11;35.0;2.46;21.5;902.12;1.0;0;0;0;0
663269;22.0;2200.0;0;78.0;25.5;1010.0;14.11;35.0;2.71;15.0;955.37;1.0;0;1.0;0;0
663643;24.0;1970.0;0;78.0;25.5;1010.0;14.11;34.0;2.83;15.0;936.30;1.0;0;0;0;0
663981;24.0;2160.0;10.82;78.0;25.5;1010.0;14.11;37.0;5.4;17.0;915.63;1.0;0;0;0;0
664351;25.0;2100.0;10.82;78.0;25.5;1010.0;14.11;37.0;5.48;17.0;911.58;1.0;0;0;0;0
664737;27.0;2250.0;7.52;78.0;25.5;1015.0;14.11;37.0;5.10;20.0;955.30;1.0;0;0;0;0
665050;27.0;2150.0;0;78.0;25.5;1010.0;14.11;35.0;2.75;15.0;934.78;1.0;0;0;0;0
665387;27.0;2290.0;0;78.0;25.5;1010.0;14.11;35.0;2.70;16.0;949.81;1.0;0;1.0;0;0
665757;27.0;2180.0;0;78.0;25.5;1015.0;14.01;34.0;2.73;15.0;939.28;1.0;0;1.0;0;0
666102;27.0;2200.0;4.70;78.0;25.5;1015.0;14.11;37.0;4.73;19.0;945.69;1.0;0;0;0;0
666415;28.0;2280.0;4.70;78.0;25.5;1010.0;14.11;37.0;4.65;21.5;966.74;1.0;0;0;0;0
666785;28.0;2210.0;0;78.0;25.5;1010.0;14.11;37.0;2.80;15.0;963.69;1.0;0;1.0;0;0
667158;28.0;2180.0;0;78.0;25.5;1015.0;14.11;37.0;2.79;15.0;935.46;1.0;0;1.0;0;0
667539;27.0;2260.0;0;78.0;25.5;1010.0;14.11;36.0;2.71;15.0;928.52;1.0;0;1.0;0;0
667909;27.0;2230.0;0;78.0;25.5;1010.0;14.11;35.0;2.70;15.0;926.84;1.0;0;1.0;0;0
668246;27.0;2210.0;0;78.0;25.5;1015.0;14.11;35.0;2.7;15.0;918.76;1.0;0;1.0;0;0
668610;25.0;2220.0;0;78.0;25.5;1010.0;14.11;34.0;2.66;15.0;921.96;1.0;0;1.0;0;0
669031;25.0;2190.0;0;78.0;25.5;1015.0;14.11;34.0;2.73;15.0;917.00;1.0;0;1.0;0;0
669342;25.0;2160.0;0;78.75;25.5;1015.0;14.01;34.0;2.70;15.0;913.19;1.0;0;1.0;0;0
669719;25.0;2060.0;0;78.75;25.5;1015.0;14.20;34.0;2.72;15.0;908.30;1.0;0;1.0;0;0
670041;24.0;2030.0;0;78.75;25.5;1015.0;14.20;34.0;2.71;15.0;881.75;1.0;0;1.0;0;0
670472;25.0;2050.0;1.41;78.75;25.5;1015.0;14.11;35.0;3.78;18.5;847.58;1.0;0;0;0;0
670843;25.0;2090.0;6.58;78.75;25.5;1015.0;14.11;37.0;5.19;19.0;955.30;1.0;0;0;0;0
671231;24.0;2350.0;6.58;78.75;25.5;1015.0;14.01;37.0;4.8;19.0;950.42;1.0;0;0;0;0
671648;27.0;2260.0;6.58;78.75;25.5;1015.0;14.11;37.0;4.90;18.5;952.55;1.0;0;0;0;0
671985;27.0;2350.0;7.05;78.75;25.5;1015.0;14.11;37.0;4.83;21.5;958.43;1.0;0;0;0;0
672294;28.0;2400.0;7.05;78.75;25.5;1015.0;14.11;37.0;4.87;24.0;957.21;1.0;0;0;0;0
672821;31.0;2600.0;10.35;78.75;25.5;1015.0;14.11;37.0;4.94;30.5;933.02;1.0;0;0;0;0
673155;33.0;2750.0;15.52;78.75;25.5;1015.0;14.01;37.0;5.36;40.0;916.85;1.0;0;0;0;0
673524;34.0;2950.0;32.46;78.75;25.5;1015.0;14.01;37.0;8.58;18.5;942.94;1.0;0;0;0;0
673906;39.0;3150.0;27.28;78.75;25.5;1015.0;14.01;37.0;6.65;32.0;970.63;1.0;0;1.0;0;0
674277;41.0;3400.0;15.52;78.75;25.5;1015.0;14.01;37.0;4.94;46.0;912.35;1.0;0;0;0;0
674589;42.0;3300.0;10.35;78.75;25.5;1015.0;13.92;37.0;5.38;45.0;953.47;1.0;0;0;0;0
674977;41.0;3350.0;0;78.75;25.5;1015.0;14.01;35.0;2.12;33.0;745.88;1.0;0;0;0;0
675290;39.0;3250.0;0;78.75;25.5;1015.0;14.01;35.0;2.17;31.5;810.50;1.0;0;0;0;0
675685;37.0;3250.0;0;78.75;25.5;1015.0;14.01;34.0;2.12;31.5;905.18;1.0;0;0;0;0
676056;37.0;3100.0;0;78.75;25.5;1015.0;14.01;34.0;2.19;30.0;929.28;1.0;0;0;0;0
676435;37.0;3200.0;5.17;78.75;25.5;1015.0;14.01;37.0;3.70;41.5;951.87;1.0;0;0;0;0
676790;37.0;3150.0;5.17;78.75;25.5;1015.0;14.01;37.0;3.75;41.5;961.25;1.0;0;0;0;0
677185;37.0;3100.0;0.94;78.75;25.5;1015.0;14.01;37.0;2.89;35.5;823.93;1.0;0;0;0;0
677502;37.0;3100.0;0;78.75;25.5;1010.0;14.01;35.0;2.18;28.5;945.08;1.0;0;0;0;0
677819;36.0;3000.0;0;78.75;25.5;1015.0;14.01;35.0;2.22;27.5;942.33;1.0;0;0;0;0
678213;36.0;2950.0;0;78.75;25.5;1015.0;14.01;34.0;2.22;27.5;899.15;1.0;0;0;0;0
678526;34.0;2900.0;0;78.75;25.5;1015.0;14.01;34.0;2.28;26.0;929.82;1.0;0;0;0;0
678910;34.0;2850.0;0;78.75;25.5;1015.0;14.01;34.0;2.31;25.0;924.48;1.0;0;0;0;0
679247;33.0;2750.0;0;78.75;25.5;1015.0;14.01;34.0;2.38;24.0;927.38;1.0;0;0;0;0
679617;33.0;2750.0;0;78.75;25.5;1015.0;14.01;34.0;2.35;23.5;923.33;1.0;0;0;0;0
679930;31.0;2700.0;0;78.75;25.5;1015.0;14.11;34.0;2.39;22.5;925.24;1.0;0;0;0;0
680311;31.0;2650.0;0;79.5;25.5;1015.0;14.01;34.0;2.45;21.5;922.49;1.0;0;0;0;0
680680;31.0;2600.0;0;79.5;25.5;1015.0;14.11;34.0;2.43;21.0;921.35;1.0;0;0;0;0
681051;30.0;2500.0;0;79.5;25.5;1015.0;14.01;34.0;2.52;19.0;919.67;1.0;0;0;0;0
681434;30.0;2450.0;0;79.5;25.5;1015.0;14.11;34.0;2.56;19.0;916.31;1.0;0;0;0;0
681804;28.0;2350.0;0;79.5;25.5;1015.0;14.11;34.0;2.62;17.5;919.59;1.0;0;0;0;0
682233;28.0;2300.0;0;79.5;25.5;1015.0;14.11;34.0;2.66;16.5;913.03;1.0;0;0;0;0
682655;25.0;2180.0;0;79.5;25.5;1015.0;14.11;34.0;2.70;15.0;907.54;1.0;0;1.0;0;0
683027;24.0;1980.0;0;79.5;25.5;1015.0;14.11;34.0;2.79;15.0;883.81;1.0;0;1.0;0;0
683397;21.0;1710.0;0;79.5;25.5;1015.0;14.20;34.0;2.92;15.0;807.60;1.0;0;1.0;0;0
683769;18.0;1510.0;0;79.5;25.5;1015.0;14.29;34.0;3.08;16.0;239.09;1.0;0;1.0;0;0
684145;16.0;1510.0;0;79.5;25.5;1015.0;14.39;34.0;3.12;17.0;92.92;1.0;0;1.0;0;0
684519;15.0;1420.0;0;79.5;25.5;1015.0;14.39;34.0;3.23;17.0;63.47;1.0;0;1.0;0;0
684857;13.0;1600.0;0;79.5;25.5;1015.0;14.29;34.0;3.11;15.0;67.66;1.0;0;1.0;0;0
685279;12.0;1640.0;2.35;79.5;25.5;1015.0;14.29;37.0;4.67;16.0;218.41;1.0;0;0;0;0
685649;13.0;2040.0;0;79.5;25.5;1015.0;14.11;37.0;5.82;16.0;956.82;1.0;0;1.0;0;0
686018;13.0;1860.0;0;79.5;25.5;1015.0;14.20;37.0;2.97;15.0;947.21;1.0;0;1.0;0;0
686404;12.0;1820.0;0;79.5;25.5;1015.0;14.29;36.0;2.95;15.0;901.51;1.0;0;1.0;0;0
686775;9.0;1650.0;0;79.5;25.5;1015.0;14.20;35.0;3.00;15.0;804.09;1.0;0;1.0;0;0
687145;6.0;1560.0;0;79.5;25.5;1015.0;14.20;35.0;3.04;15.0;317.97;1.0;0;1.0;0;0
687575;6.0;1360.0;0;79.5;25.5;1015.0;14.39;34.0;3.22;18.5;67.82;1.0;0;1.0;0;0
687904;3.0;1520.0;0;79.5;26.25;1015.0;14.29;34.0;3.13;15.0;55.69;1.0;0;1.0;0;0
688276;0;1590.0;0;79.5;26.25;1015.0;14.29;34.0;3.12;17.0;63.47;1.0;0;1.0;0;0
688647;0;1500.0;0;79.5;26.25;1015.0;14.39;33.0;3.2;14.0;86.89;1.0;0;1.0;0;0
688994;0;1530.0;0;79.5;26.25;1015.0;14.39;33.0;3.19;12.0;79.26;1.0;0;1.0;0;0
689310;0;1500.0;0;79.5;26.25;1015.0;14.39;32.0;3.2;14.5;482.91;1.0;0;1.0;0;0
689682;0;1390.0;0.47;79.5;26.25;1015.0;14.29;35.0;3.53;15.5;776.93;1.0;0;1.0;0;0
690052;0;1780.0;4.70;79.5;26.25;1015.0;14.20;37.0;4.67;16.5;906.32;1.0;0;0;0;0
690433;0;2300.0;5.17;79.5;26.25;1015.0;14.11;37.0;3.97;19.0;940.12;1.0;0;1.0;0;0
690803;0;2090.0;5.64;79.5;26.25;1015.0;14.11;37.0;4.20;18.5;928.14;1.0;0;1.0;0;0
691198;3.0;1950.0;6.11;79.5;26.25;1015.0;14.29;37.0;4.26;17.5;901.67;1.0;0;1.0;0;0
691584;4.0;1890.0;6.11;79.5;26.25;1015.0;14.20;37.0;4.33;17.5;882.59;1.0;0;1.0;0;0
691957;7.0;1660.0;0;79.5;26.25;1015.0;14.20;37.0;3.00;15.0;871.61;1.0;0;1.0;0;0
692327;7.0;1750.0;0;79.5;26.25;1015.0;14.29;37.0;2.9;15.0;904.11;1.0;0;1.0;0;0
692697;6.0;1650.0;0;79.5;26.25;1015.0;14.29;36.0;2.90;15.0;815.69;1.0;0;1.0;0;0
693049;3.0;1460.0;0;80.25;26.25;1015.0;14.39;35.0;3.03;17.0;202.62;1.0;0;1.0;0;0
693361;3.0;1550.0;0;80.25;26.25;1015.0;14.29;35.0;3.00;21.0;52.41;1.0;0;1.0;0;0
693731;0;1520.0;7.05;80.25;26.25;1015.0;14.20;35.0;3.68;16.0;53.70;1.0;0;0;0;0
694110;0;2050.0;5.64;80.25;26.25;1015.0;14.11;37.0;4.30;17.5;814.54;1.0;0;1.0;0;0
694443;0;2700.0;6.11;80.25;26.25;1015.0;14.01;37.0;3.77;36.5;932.72;1.0;0;1.0;0;0
694760;3.0;2900.0;6.58;80.25;26.25;1015.0;14.01;37.0;3.61;40.0;930.28;1.0;0;1.0;0;0
695155;3.0;2650.0;6.58;80.25;26.25;1015.0;14.01;37.0;3.81;32.5;920.20;1.0;0;1.0;0;0
695482;4.0;2500.0;0;80.25;26.25;1015.0;14.11;37.0;2.62;19.0;936.45;1.0;0;1.0;0;0
695795;4.0;2130.0;0;80.25;26.25;1015.0;14.11;37.0;2.89;15.0;940.80;1.0;0;1.0;0;0
696165;4.0;1740.0;0;80.25;26.25;1015.0;14.20;36.0;3.08;15.0;902.66;1.0;0;1.0;0;0
696560;4.0;1400.0;0;80.25;26.25;1015.0;14.39;35.0;3.26;15.0;789.67;1.0;0;1.0;0;0
696921;6.0;1410.0;0;80.25;26.25;1015.0;14.29;35.0;3.29;15.5;108.17;1.0;0;1.0;0;0
697291;7.0;1500.0;0.47;80.25;26.25;1015.0;14.39;35.0;3.33;16.0;688.05;1.0;0;1.0;0;0
697629;7.0;1680.0;0.94;80.25;26.25;1015.0;14.20;35.0;3.27;17.0;902.12;1.0;0;1.0;0;0
697994;7.0;1600.0;0.94;80.25;26.25;1015.0;14.29;35.0;3.31;16.5;309.43;1.0;0;1.0;0;0
698389;9.0;1680.0;1.41;80.25;26.25;1015.0;14.29;37.0;4.39;16.5;740.69;1.0;0;0;0;0
698701;9.0;1670.0;0;80.25;26.25;1015.0;14.20;37.0;3.14;15.0;939.12;1.0;0;1.0;0;0
699071;10.0;1850.0;0;80.25;26.25;1015.0;14.20;37.0;2.96;15.0;908.15;1.0;0;1.0;0;0
699453;9.0;1850.0;0;80.25;26.25;1015.0;14.20;36.0;2.91;15.0;873.74;1.0;0;1.0;0;0
699822;7.0;1810.0;0;80.25;26.25;1015.0;14.29;35.0;2.87;15.0;842.24;1.0;0;1.0;0;0
700199;4.0;1580.0;0;80.25;26.25;1015.0;14.20;35.0;3.02;15.0;759.08;1.0;0;1.0;0;0
700580;3.0;1490.0;0;80.25;26.25;1015.0;14.39;34.0;3.09;15.0;90.17;1.0;0;1.0;0;0
700950;0;1600.0;0;80.25;26.25;1015.0;14.20;34.0;3.00;15.0;75.06;1.0;0;1.0;0;0
701345;3.0;1500.0;0;81.0;26.25;1015.0;14.29;34.0;3.11;16.0;60.95;1.0;0;1.0;0;0
701719;0;1470.0;0;81.0;26.25;1015.0;14.39;34.0;3.17;15.0;77.81;1.0;0;1.0;0;0
702099;0;1480.0;0;81.0;26.25;1015.0;14.29;33.0;3.19;12.5;83.07;1.0;0;1.0;0;0
702425;0;1570.0;0;81.0;26.25;1015.0;14.39;32.0;3.08;10.0;343.61;1.0;0;1.0;0;0
702820;0;1490.0;0;81.0;26.25;1015.0;14.29;32.0;3.11;15.0;837.81;1.0;0;1.0;0;0
703203;0;1410.0;0;81.0;26.25;1015.0;14.39;31.0;3.05;17.5;669.59;1.0;0;1.0;0;0
703525;0;1490.0;0;81.0;26.25;1015.0;14.20;30.0;3.08;12.5;113.36;1.0;0;1.0;0;0
703901;0;1440.0;0;81.0;26.25;1015.0;14.29;30.0;3.07;18.0;815.46;1.0;0;1.0;0;0
704279;0;1710.0;2.35;81.0;26.25;1015.0;14.29;37.0;3.81;16.5;882.82;1.0;0;1.0;0;0
704627;0;2080.0;19.29;81.0;26.25;1015.0;14.11;37.0;4.34;18.0;935.31;1.0;0;0;0;0
704996;3.0;730.0;4.70;81.0;26.25;1015.0;14.01;37.0;0;111.5;894.95;1.0;0;0;0;0
705309;3.0;0;0;81.0;26.25;1015.0;13.35;57.0;0;111.0;736.96;0;0;0;0;0
705697;3.0;0;0;81.0;26.25;1015.0;13.73;121.0;0;111.0;681.80;0;0;0;0;0
706010;0;0;0;81.0;26.25;1015.0;13.73;140.0;0;111.0;537.69;0;0;0;0;0
706405;3.0;0;0;81.0;26.25;1015.0;13.63;140.0;0;111.0;403.19;0;0;0;0;0
706719;0;0;0;81.0;26.25;1015.0;13.63;140.0;0;111.0;294.47;0;0;0;0;0
707064;0;0;0;81.0;26.25;1015.0;13.63;140.0;0;111.0;265.41;0;0;0;0;0
707450;0;0;0;81.0;26.25;1015.0;13.54;140.0;0;111.0;287.07;0;0;0;0;0
707901;0;300.0;0;81.0;26.25;1015.0;11.55;140.0;9.33;10.0;469.33;1.0;0;0;0;0
708225;0;1040.0;0;81.0;26.25;1015.0;12.02;140.0;9.03;10.0;706.29;1.0;0;0;0;0
708595;0;2400.0;0;81.0;26.25;1015.0;13.35;92.0;5.10;4.0;927.38;1.0;0;0;0;0
708967;0;2500.0;0;81.0;26.25;1015.0;14.20;30.0;2.85;13.5;949.20;1.0;0;0;0;0
709341;0;1630.0;0;81.75;26.25;1015.0;14.01;29.0;3.44;1.0;778.53;1.0;0;0;0;0
709689;0;1550.0;17.40;81.75;26.25;1015.0;14.11;36.0;6.82;2.0;939.20;1.0;0;0;0;0
710060;0;2600.0;22.58;81.75;26.25;1015.0;14.20;36.0;6.48;10.5;959.04;1.0;0;0;0;0
710373;0;2400.0;0;81.75;26.25;1015.0;14.29;36.0;2.64;7.0;833.01;1.0;0;1.0;0;0
710781;0;1860.0;0;81.75;26.25;1015.0;14.29;35.0;2.96;0;929.97;1.0;0;1.0;0;0
711119;0;1640.0;5.64;81.75;26.25;1015.0;14.29;36.0;4.86;15.5;921.35;1.0;0;1.0;0;0
711431;0;2010.0;0;81.75;26.25;1015.0;14.39;36.0;2.85;0.5;942.56;1.0;0;1.0;0;0
711801;0;1580.0;0;81.75;26.25;1015.0;14.39;36.0;3.13;8.0;931.65;1.0;0;1.0;0;0
712190;0;1610.0;0;81.75;26.25;1015.0;14.39;35.0;3.04;8.0;868.25;1.0;0;1.0;0;0
712533;0;1540.0;0;81.75;26.25;1015.0;14.39;34.0;3.03;12.0;837.51;1.0;0;1.0;0;0
712907;0;1510.0;0;81.75;26.25;1015.0;14.39;34.0;2.99;17.0;717.88;1.0;0;1.0;0;0
713284;0;1450.0;0;81.75;26.25;1015.0;14.39;33.0;3.03;18.5;364.66;1.0;0;1.0;0;0
713660;0;1520.0;0;81.75;26.25;1015.0;14.39;32.0;3.00;15.0;165.39;1.0;0;1.0;0;0
714030;0;1450.0;0;81.75;26.25;1015.0;14.39;31.0;2.99;15.5;108.86;1.0;0;1.0;0;0
714425;0;1480.0;0;81.75;26.25;1015.0;14.39;32.0;3.08;20.0;79.26;1.0;0;1.0;0;0
714785;0;1470.0;0;81.75;26.25;1015.0;14.20;31.0;3.08;17.5;72.93;1.0;0;1.0;0;0
715155;0;1500.0;0;81.75;26.25;1015.0;14.39;30.0;3.01;14.0;232.22;1.0;0;1.0;0;0
715493;0;1470.0;0;81.75;26.25;1015.0;14.29;30.0;3.05;16.0;793.26;1.0;0;1.0;0;0
715870;0;1490.0;0;81.75;26.25;1015.0;14.39;30.0;3.01;17.0;813.09;1.0;0;1.0;0;0
716208;0;1420.0;0;81.75;26.25;1015.0;14.39;30.0;3.05;16.0;854.06;1.0;0;1.0;0;0
716577;0;1460.0;0;81.75;27.0;1015.0;14.39;31.0;3.01;18.0;272.35;1.0;0;1.0;0;0
716890;0;1490.0;0;81.75;26.25;1015.0;14.39;32.0;3.10;17.0;74.38;1.0;0;1.0;0;0
717274;0;1460.0;0;81.75;27.0;1015.0;14.39;32.0;3.11;18.0;65.07;1.0;0;1.0;0;0
717619;0;1460.0;0;81.75;27.0;1015.0;14.39;32.0;3.13;18.0;74.91;1.0;0;1.0;0;0
717994;0;1490.0;0;82.5;26.25;1015.0;14.29;34.0;3.25;27.0;53.86;1.0;0;1.0;0;0
718399;0;1560.0;0;82.5;27.0;1015.0;14.20;35.0;3.22;9.0;618.17;1.0;0;1.0;0;0
718769;0;1460.0;0;82.5;27.0;1015.0;14.29;34.0;3.25;13.0;339.87;1.0;0;1.0;0;0
719144;0;1490.0;0;82.5;27.0;1015.0;14.20;34.0;3.29;12.5;165.77;1.0;0;1.0;0;0
719514;0;1540.0;0;82.5;27.0;1015.0;14.20;34.0;3.21;12.0;670.28;1.0;0;1.0;0;0
719843;0;1510.0;0;82.5;26.25;1015.0;14.39;34.0;3.23;14.0;211.32;1.0;0;1.0;0;0
720180;0;1500.0;0;82.5;27.0;1015.0;14.29;34.0;3.25;15.0;106.72;1.0;0;1.0;0;0
720550;0;1500.0;0;82.5;27.0;1015.0;14.39;34.0;3.27;14.0;307.52;1.0;0;1.0;0;0
720920;0;1520.0;0;82.5;27.0;1015.0;14.29;34.0;3.27;14.5;857.80;1.0;0;1.0;0;0
721302;0;1560.0;0;82.5;27.0;1015.0;14.20;33.0;3.16;12.5;832.01;1.0;0;1.0;0;0
721673;0;1450.0;0;82.5;27.0;1015.0;14.20;33.0;3.19;14.0;871.91;1.0;0;1.0;0;0
722010;0;1520.0;0;82.5;26.25;1015.0;14.20;33.0;3.17;12.5;575.45;1.0;0;1.0;0;0
722394;0;1490.0;0;82.5;26.25;1015.0;14.29;33.0;3.19;13.0;655.94;1.0;0;1.0;0;0
722707;0;1550.0;0;82.5;26.25;1015.0;14.39;33.0;3.11;11.0;414.55;1.0;0;1.0;0;0
723101;0;1510.0;0;82.5;26.25;1015.0;14.29;32.0;3.16;12.0;815.23;1.0;0;1.0;0;0
723456;0;1490.0;0;82.5;26.25;1015.0;14.29;33.0;3.18;16.0;329.95;1.0;0;1.0;0;0
723849;0;1450.0;0;82.5;26.25;1015.0;14.39;33.0;3.21;15.0;159.98;1.0;0;1.0;0;0
724161;0;1470.0;0;82.5;26.25;1015.0;14.39;33.0;3.25;18.0;391.36;1.0;0;1.0;0;0
724534;0;1470.0;0;82.5;26.25;1015.0;14.29;33.0;3.23;14.5;837.96;1.0;0;1.0;0;0
724923;0;1520.0;0;82.5;26.25;1015.0;14.20;33.0;3.15;13.0;749.09;1.0;0;1.0;0;0
725235;0;1490.0;0;82.5;26.25;1015.0;14.29;33.0;3.19;15.0;327.81;1.0;0;1.0;0;0
725573;0;1550.0;0;82.5;26.25;1015.0;14.20;33.0;3.13;11.5;115.88;1.0;0;1.0;0;0
725944;0;1550.0;0;82.5;26.25;1015.0;14.39;33.0;3.15;11.5;181.11;1.0;0;1.0;0;0
726273;0;1530.0;0;82.5;26.25;1015.0;14.39;32.0;3.14;15.0;792.95;1.0;0;1.0;0;0
726642;0;1500.0;0;83.25;26.25;1015.0;14.39;32.0;3.15;14.5;841.86;1.0;0;1.0;0;0
726980;0;1420.0;0;82.5;26.25;1015.0;14.39;32.0;3.17;14.0;790.13;1.0;0;1.0;0;0
727364;0;1510.0;0;83.25;26.25;1015.0;14.29;32.0;3.07;11.5;780.21;1.0;0;1.0;0;0
727677;0;1490.0;0;83.25;26.25;1015.0;14.39;32.0;3.11;13.0;325.98;1.0;0;1.0;0;0
728071;0;1450.0;0;83.25;26.25;1015.0;14.20;33.0;3.19;17.5;97.26;1.0;0;1.0;0;0
728384;0;1570.0;0;83.25;26.25;1015.0;14.20;32.0;3.14;14.0;79.18;1.0;0;1.0;0;0
728765;0;1480.0;0;83.25;26.25;1015.0;14.39;32.0;3.15;15.0;754.73;1.0;0;1.0;0;0
729135;0;1460.0;0;83.25;26.25;1015.0;14.29;32.0;3.13;13.0;815.15;1.0;0;1.0;0;0
729505;0;1460.0;0;83.25;26.25;1015.0;14.39;32.0;3.10;17.0;823.16;1.0;0;1.0;0;0
729879;0;1480.0;0;83.25;26.25;1015.0;14.39;32.0;3.13;13.0;141.89;1.0;0;1.0;0;0
730259;0;1480.0;0;83.25;26.25;1015.0;14.39;32.0;3.15;18.0;82.46;1.0;0;1.0;0;0
730653;0;1540.0;0;83.25;26.25;1015.0;14.39;32.0;3.12;12.0;550.27;1.0;0;1.0;0;0
731024;0;1460.0;0;83.25;26.25;1015.0;14.39;32.0;3.11;20.5;781.51;1.0;0;1.0;0;0
731355;0;1500.0;0;83.25;26.25;1015.0;14.39;32.0;3.11;13.0;503.36;1.0;0;1.0;0;0
731668;0;1510.0;0;83.25;26.25;1015.0;14.29;32.0;3.15;16.0;731.39;1.0;0;1.0;0;0
732054;0;1490.0;0;83.25;26.25;1015.0;14.20;32.0;3.11;17.5;836.06;1.0;0;1.0;0;0
732367;0;1410.0;0;83.25;26.25;1015.0;14.20;32.0;3.12;19.0;581.63;1.0;0;1.0;0;0
732701;0;1490.0;0;83.25;26.25;1015.0;14.39;32.0;3.11;15.0;107.95;1.0;0;1.0;0;0
733071;0;1450.0;0;83.25;26.25;1015.0;14.39;33.0;3.18;20.5;91.62;1.0;0;1.0;0;0
733466;0;1430.0;0;83.25;26.25;1015.0;14.29;33.0;3.30;15.5;75.29;1.0;0;1.0;0;0
733790;0;1440.0;0;83.25;26.25;1015.0;14.20;37.0;3.40;20.0;433.17;1.0;0;1.0;0;0
734108;0;1790.0;0;83.25;26.25;1015.0;14.29;37.0;3.18;17.0;782.96;1.0;0;1.0;0;0
734478;0;1760.0;0;83.25;26.25;1015.0;14.20;36.0;3.15;17.0;877.94;1.0;0;1.0;0;0
734919;0;1700.0;0;84.0;26.25;1015.0;14.29;35.0;3.11;16.5;778.38;1.0;0;1.0;0;0
735258;0;1490.0;0;84.0;26.25;1015.0;14.20;35.0;3.35;16.0;118.17;1.0;0;1.0;0;0
735628;0;1570.0;0;84.0;26.25;1015.0;14.20;35.0;3.28;16.5;92.00;1.0;0;1.0;0;0
736023;0;1620.0;0;84.0;26.25;1015.0;14.29;35.0;3.21;7.0;386.63;1.0;0;1.0;0;0
736385;0;1570.0;0;84.0;26.25;1015.0;14.29;35.0;3.19;9.5;815.76;1.0;0;1.0;0;0
736755;0;1630.0;4.70;84.0;26.25;1015.0;14.11;37.0;4.92;5.5;742.22;1.0;0;0;0;0
737150;0;2290.0;4.70;84.0;26.25;1015.0;14.11;37.0;3.95;19.0;941.95;1.0;0;1.0;0;0
737520;0;2300.0;5.17;84.0;26.25;1015.0;14.11;37.0;3.98;21.5;937.45;1.0;0;1.0;0;0
737882;3.0;2030.0;5.17;84.0;26.25;1015.0;14.11;37.0;4.19;17.5;925.62;1.0;0;1.0;0;0
738277;4.0;2140.0;0;84.0;26.25;1015.0;14.11;37.0;2.72;15.0;910.44;1.0;0;1.0;0;0
738589;3.0;2060.0;0;84.0;26.25;1015.0;14.11;37.0;2.88;15.0;931.04;1.0;0;1.0;0;0
738978;3.0;1930.0;0;84.0;26.25;1015.0;14.29;36.0;2.92;15.0;916.70;1.0;0;1.0;0;0
739290;0;1520.0;0;84.0;26.25;1015.0;14.39;35.0;3.12;8.0;894.88;1.0;0;1.0;0;0
739685;0;1520.0;0;84.0;26.25;1015.0;14.20;35.0;3.10;15.0;431.87;1.0;0;1.0;0;0
739998;0;1510.0;0;84.0;26.25;1015.0;14.39;34.0;3.09;14.0;70.11;1.0;0;1.0;0;0
740391;0;1420.0;0;84.0;26.25;1015.0;14.39;33.0;3.17;15.5;57.21;1.0;0;1.0;0;0
740798;0;1480.0;0;84.0;26.25;1015.0;14.39;33.0;3.18;14.0;77.20;1.0;0;1.0;0;0
741168;0;1490.0;0;84.0;26.25;1015.0;14.39;32.0;3.17;20.0;84.37;1.0;0;1.0;0;0
741540;0;1490.0;0;84.0;26.25;1015.0;14.39;31.0;3.09;18.5;797.76;1.0;0;1.0;0;0
741878;0;1490.0;0;84.0;26.25;1015.0;14.39;31.0;3.09;16.0;839.95;1.0;0;1.0;0;0
742248;0;1450.0;0;84.0;26.25;1015.0;14.39;30.0;3.06;16.0;769.15;1.0;0;1.0;0;0
742618;0;1630.0;0.47;84.0;26.25;1015.0;14.20;35.0;3.29;16.5;864.67;1.0;0;1.0;0;0
742969;0;1560.0;0;84.0;26.25;1015.0;14.29;35.0;3.08;7.0;877.18;1.0;0;1.0;0;0
743281;0;1530.0;0;84.0;26.25;1015.0;14.29;34.0;3.11;14.0;161.50;1.0;0;1.0;0;0
743651;0;1530.0;0;84.0;26.25;1015.0;14.39;34.0;3.12;14.0;70.11;1.0;0;1.0;0;0
744065;0;1490.0;0;85.5;26.25;1015.0;14.39;33.0;3.16;12.5;134.42;1.0;0;1.0;0;0
744402;0;1530.0;0;85.5;26.25;1015.0;14.39;32.0;3.14;11.0;415.93;1.0;0;1.0;0;0
744774;0;1510.0;0;85.5;26.25;1015.0;14.39;32.0;3.07;17.0;814.24;1.0;0;1.0;0;0
745087;0;1540.0;0;85.5;26.25;1015.0;14.29;31.0;2.96;15.5;843.38;1.0;0;1.0;0;0
745470;0;1430.0;0;85.5;26.25;1015.0;14.39;30.0;3.06;21.5;769.91;1.0;0;1.0;0;0
745843;0;1800.0;0;85.5;26.25;1015.0;14.29;35.0;2.95;2.5;713.99;1.0;0;1.0;0;0
746213;0;1450.0;0;85.5;26.25;1020.0;14.29;35.0;3.20;16.0;845.75;1.0;0;1.0;0;0
746590;0;1510.0;0;85.5;26.25;1015.0;14.29;34.0;3.10;17.5;96.65;1.0;0;1.0;0;0
746983;0;1510.0;0;85.5;26.25;1015.0;14.20;33.0;3.09;15.5;61.48;1.0;0;1.0;0;0
747295;0;1580.0;0;85.5;26.25;1020.0;14.20;33.0;3.10;14.5;77.96;1.0;0;1.0;0;0
747665;0;1530.0;0;85.5;26.25;1015.0;14.29;32.0;3.14;13.0;397.92;1.0;0;1.0;0;0
748055;0;1480.0;0;85.5;26.25;1015.0;14.29;31.0;3.07;14.5;829.57;1.0;0;1.0;0;0
748368;0;1490.0;0;85.5;26.25;1015.0;14.29;32.0;3.11;13.0;507.55;1.0;0;1.0;0;0
748705;0;1480.0;0;85.5;26.25;1015.0;14.39;31.0;3.03;20.5;125.80;1.0;0;1.0;0;0
749080;0;1540.0;0;85.5;26.25;1015.0;14.29;31.0;3.09;12.5;100.62;1.0;0;1.0;0;0
749403;0;1460.0;0;85.5;26.25;1015.0;14.39;30.0;3.05;13.0;826.22;1.0;0;1.0;0;0
749777;0;1440.0;0;85.5;26.25;1015.0;14.29;31.0;3.10;17.0;820.88;1.0;0;1.0;0;0
750115;0;1390.0;0;85.5;26.25;1015.0;14.29;31.0;3.13;17.0;452.17;1.0;0;1.0;0;0
750498;0;1480.0;0;85.5;26.25;1015.0;14.39;31.0;3.04;17.0;87.04;1.0;0;1.0;0;0
750810;0;1430.0;0;85.5;26.25;1015.0;14.39;31.0;3.14;14.5;97.49;1.0;0;1.0;0;0
751205;0;1490.0;0;85.5;26.25;1015.0;14.29;31.0;3.14;13.0;100.62;1.0;0;1.0;0;0
751518;0;1480.0;0;85.5;26.25;1015.0;14.29;31.0;3.14;12.5;597.96;1.0;0;1.0;0;0
751893;0;1470.0;0;85.5;26.25;1015.0;14.29;31.0;3.12;14.5;852.99;1.0;0;1.0;0;0
752243;0;1460.0;0;86.25;26.25;1015.0;14.39;31.0;3.07;14.5;585.83;1.0;0;1.0;0;0
752617;0;1530.0;0;86.25;26.25;1015.0;14.20;31.0;2.98;14.0;545.16;1.0;0;1.0;0;0
752933;0;1510.0;0;86.25;26.25;1015.0;14.20;31.0;3.02;15.5;377.71;1.0;0;1.0;0;0
753305;0;1490.0;0;86.25;26.25;1015.0;14.20;30.0;3.08;12.0;104.13;1.0;0;1.0;0;0
753675;0;1550.0;0;86.25;26.25;1015.0;14.20;30.0;2.97;13.0;305.38;1.0;0;1.0;0;0
754070;0;1420.0;0;86.25;27.0;1015.0;14.39;31.0;3.06;18.0;797.68;1.0;0;1.0;0;0
754395;0;1480.0;0;86.25;27.0;1015.0;14.39;31.0;3.08;13.0;123.66;1.0;0;1.0;0;0
754708;0;1450.0;0;86.25;27.0;1015.0;14.39;30.0;3.07;14.5;411.58;1.0;0;1.0;0;0
755045;0;1510.0;0;86.25;27.0;1015.0;14.39;30.0;3.00;15.0;839.80;1.0;0;1.0;0;0
755415;0;1510.0;0;86.25;27.0;1015.0;14.20;30.0;2.93;14.0;814.47;1.0;0;1.0;0;0
755744;0;1380.0;0;86.25;27.0;1015.0;14.29;33.0;3.28;23.5;549.66;1.0;0;1.0;0;0
756139;0;1470.0;0;86.25;27.0;1015.0;14.48;31.0;3.07;16.0;85.67;1.0;0;1.0;0;0
756451;0;1620.0;0;86.25;27.0;1020.0;14.29;33.0;3.02;7.0;89.25;1.0;0;1.0;0;0
756830;0;1500.0;0;86.25;27.75;1015.0;14.39;33.0;3.12;18.5;100.24;1.0;0;1.0;0;0
757198;0;1590.0;0;86.25;27.75;1015.0;14.20;33.0;3.12;13.0;70.79;1.0;0;1.0;0;0
757592;0;1490.0;0;86.25;27.75;1015.0;14.29;33.0;3.18;12.5;768.46;1.0;0;1.0;0;0
757905;0;1580.0;0;86.25;27.75;1020.0;14.29;33.0;3.10;8.5;204.68;1.0;0;1.0;0;0
758238;0;1520.0;0;86.25;27.75;1015.0;14.29;33.0;3.18;12.0;438.28;1.0;0;1.0;0;0
758608;0;1580.0;0;86.25;27.75;1015.0;14.20;32.0;3.05;13.0;775.18;1.0;0;1.0;0;0
759003;0;1520.0;0;86.25;27.75;1015.0;14.29;32.0;3.08;11.5;729.17;1.0;0;1.0;0;0
759319;0;1560.0;0;86.25;27.75;1015.0;14.20;32.0;3.07;10.0;206.82;1.0;0;1.0;0;0
759642;0;1500.0;0;86.25;27.75;1015.0;14.39;31.0;3.01;11.5;824.69;1.0;0;1.0;0;0
759979;0;1450.0;0;86.25;28.5;1015.0;14.29;31.0;3.05;19.0;308.51;1.0;0;1.0;0;0
760349;0;1550.0;0;86.25;28.5;1015.0;14.29;31.0;3.02;9.5;182.33;1.0;0;1.0;0;0
760737;0;1560.0;0;86.25;28.5;1015.0;14.29;31.0;3.00;11.5;745.58;1.0;0;1.0;0;0
761053;0;1530.0;0;86.25;27.75;1015.0;14.20;31.0;3.03;15.0;401.05;1.0;0;1.0;0;0
761378;0;1470.0;0;86.25;27.75;1015.0;14.39;31.0;3.07;15.0;196.29;1.0;0;1.0;0;0
761715;0;1470.0;0;86.25;27.75;1015.0;14.39;31.0;3.05;15.5;538.68;1.0;0;1.0;0;0
762106;0;1540.0;0;86.25;27.75;1015.0;14.39;31.0;3.05;12.5;142.20;1.0;0;1.0;0;0
762522;0;1530.0;0;86.25;27.75;1015.0;14.29;30.0;3.05;14.5;156.24;1.0;0;1.0;0;0
762884;0;1590.0;0;86.25;27.75;1020.0;14.39;30.0;3.04;9.0;440.72;1.0;0;1.0;0;0
763268;0;1500.0;0;85.5;27.75;1015.0;14.29;30.0;3.05;13.0;868.02;1.0;0;1.0;0;0
763638;0;1550.0;0;85.5;27.75;1015.0;14.29;30.0;2.99;13.0;854.60;1.0;0;1.0;0;0
764007;0;1410.0;0;85.5;27.75;1015.0;14.29;29.0;2.98;16.0;808.13;1.0;0;1.0;0;0
764405;0;1560.0;0;85.5;27.75;1015.0;14.39;29.0;2.96;17.5;139.00;1.0;0;1.0;0;0
764762;0;1460.0;0;85.5;27.75;1015.0;14.39;29.0;2.97;16.0;783.80;1.0;0;1.0;0;0
765181;0;1460.0;0;85.5;27.75;1015.0;14.39;29.0;2.97;16.0;385.79;1.0;0;1.0;0;0
765554;0;1450.0;0;85.5;27.75;1015.0;14.39;29.0;2.99;15.5;490.08;1.0;0;1.0;0;0
765883;0;1420.0;0;85.5;27.75;1015.0;14.39;29.0;2.96;15.0;409.52;1.0;0;1.0;0;0
766206;0;1380.0;0;85.5;27.75;1015.0;14.39;29.0;3.10;17.5;245.65;1.0;0;1.0;0;0
766643;0;1490.0;0;85.5;27.75;1020.0;14.29;30.0;3.08;15.0;454.53;1.0;0;1.0;0;0
767013;0;1500.0;0;87.0;27.75;1015.0;14.39;29.0;2.93;15.0;827.36;1.0;0;1.0;0;0
767447;0;1430.0;0;87.0;27.75;1015.0;14.29;29.0;2.96;16.0;619.55;1.0;0;1.0;0;0
767819;0;1520.0;0;87.0;27.75;1015.0;14.29;30.0;3.00;13.0;105.28;1.0;0;1.0;0;0
768196;0;1430.0;0;87.0;27.75;1015.0;14.39;29.0;2.96;16.0;749.93;1.0;0;1.0;0;0
768573;0;1850.0;10.82;87.0;27.75;1015.0;14.29;37.0;5.07;14.5;830.34;1.0;0;1.0;0;0
768942;0;2500.0;13.64;87.0;27.75;1020.0;14.01;37.0;5.04;25.0;197.89;1.0;0;1.0;0;0
769337;4.0;2500.0;19.76;87.0;27.75;1015.0;14.01;37.0;5.87;25.0;687.75;1.0;0;1.0;0;0
769662;7.0;2290.0;23.99;87.0;27.75;1015.0;13.92;37.0;6.94;9.0;933.10;1.0;0;1.0;0;0
770043;13.0;2030.0;33.87;87.0;27.75;1015.0;14.01;37.0;9.51;127.0;948.20;1.0;0;1.0;0;0
770413;19.0;2650.0;31.52;87.0;27.75;1015.0;14.11;37.0;7.96;8.0;946.07;1.0;0;1.0;0;0
770726;22.0;3050.0;30.58;87.0;27.75;1015.0;14.01;37.0;6.91;23.5;953.47;1.0;0;1.0;0;0
771105;27.0;3450.0;31.05;87.0;27.75;1020.0;13.92;37.0;6.76;27.5;940.57;1.0;0;1.0;0;0
771500;28.0;3850.0;0;87.0;27.75;1015.0;13.92;37.0;3.00;48.0;931.95;1.0;0;0;0;0
771871;30.0;3050.0;16.93;87.0;27.75;1015.0;14.01;37.0;5.36;43.0;945.53;1.0;0;0;0;0
772190;31.0;3000.0;32.93;87.0;27.75;1020.0;14.01;37.0;7.68;18.0;930.81;1.0;0;1.0;0;0
772558;34.0;2900.0;33.87;87.0;27.0;1020.0;14.01;37.0;8.35;11.5;937.45;1.0;0;1.0;0;0
772953;37.0;3100.0;31.05;87.0;27.0;1015.0;14.01;37.0;7.03;24.0;947.14;1.0;0;1.0;0;0
773267;41.0;3350.0;30.58;87.0;27.0;1015.0;14.01;37.0;6.68;33.0;937.52;1.0;0;1.0;0;0
773656;42.0;3550.0;29.64;87.0;27.0;1020.0;13.92;37.0;6.28;35.5;922.42;1.0;0;1.0;0;0
773969;45.0;3750.0;29.17;87.0;27.0;1015.0;13.92;37.0;6.12;37.0;909.68;1.0;0;0;0;0
774307;45.0;3350.0;0;87.0;27.0;1015.0;14.01;37.0;2.17;33.5;884.88;1.0;0;0;0;0
774679;47.0;2900.0;18.34;87.0;27.0;1020.0;14.01;37.0;5.39;42.5;820.65;1.0;0;1.0;0;0
775059;48.0;3000.0;29.17;87.0;27.0;1015.0;14.01;37.0;6.96;25.5;916.47;1.0;0;0;0;0
775432;50.0;3200.0;37.16;87.0;27.0;1015.0;14.01;37.0;8.74;12.0;938.59;1.0;0;1.0;0;0
775802;53.0;3350.0;35.28;87.75;27.0;1015.0;14.01;36.0;8.09;18.5;944.24;1.0;0;1.0;0;0
776192;54.0;3400.0;32.93;87.75;26.25;1015.0;13.92;36.0;7.28;25.0;942.33;1.0;0;1.0;0;0
776504;56.0;3500.0;0;87.75;26.25;1020.0;13.92;36.0;2.09;35.5;938.97;1.0;0;0;0;0
776842;56.0;2750.0;10.35;87.75;26.25;1020.0;14.01;36.0;4.66;37.5;933.10;1.0;0;0;0;0
777212;59.0;2850.0;20.70;88.5;26.25;1020.0;14.01;36.0;5.53;41.0;774.11;1.0;0;1.0;0;0
777586;59.0;2900.0;20.70;88.5;26.25;1020.0;14.01;36.0;5.42;41.5;890.22;1.0;0;1.0;0;0
777981;60.0;2900.0;20.23;88.5;26.25;1015.0;14.01;36.0;5.19;42.0;878.55;1.0;0;1.0;0;0
778366;60.0;2950.0;16.93;88.5;26.25;1020.0;14.01;36.0;5.21;42.5;844.22;1.0;0;0;0;0
778737;62.0;3050.0;12.70;88.5;26.25;1020.0;14.01;36.0;4.74;42.5;894.88;1.0;0;0;0;0
779132;63.0;3000.0;8.93;88.5;26.25;1020.0;14.01;36.0;4.30;42.0;936.38;1.0;0;0;0;0
779444;62.0;3000.0;7.05;88.5;26.25;1015.0;14.01;36.0;4.12;42.0;961.55;1.0;0;0;0;0
779838;62.0;3050.0;6.58;88.5;26.25;1020.0;14.01;36.0;3.98;41.5;962.62;1.0;0;0;0;0
780147;62.0;3000.0;4.70;88.5;26.25;1015.0;14.01;36.0;3.65;39.5;960.79;1.0;0;0;0;0
780484;62.0;3000.0;0;88.5;26.25;1020.0;14.01;34.0;2.54;35.5;822.17;1.0;0;0;0;0
780854;60.0;3000.0;0;88.5;26.25;1015.0;14.01;34.0;2.2;27.5;912.96;1.0;0;0;0;0
781243;60.0;2950.0;0;88.5;26.25;1020.0;14.01;34.0;2.23;26.5;933.56;1.0;0;0;0;0
781581;60.0;2900.0;0;88.5;26.25;1020.0;14.01;33.0;2.25;26.5;897.85;1.0;0;0;0;0
781893;57.0;2900.0;0;88.5;26.25;1020.0;14.01;33.0;2.25;26.0;927.15;1.0;0;0;0;0
782263;59.0;2850.0;0;87.75;26.25;1020.0;14.01;33.0;2.28;25.0;925.09;1.0;0;0;0;0
782591;57.0;2800.0;0;87.75;26.25;1015.0;14.01;33.0;2.31;24.0;922.19;1.0;0;0;0;0
782986;57.0;2800.0;0;87.75;26.25;1020.0;14.01;33.0;2.29;24.0;924.55;1.0;0;0;0;0
783297;56.0;2900.0;11.29;87.75;26.25;1015.0;14.01;36.0;4.74;41.0;935.54;1.0;0;0;0;0
783684;57.0;2850.0;11.76;87.75;26.25;1020.0;14.01;36.0;4.78;40.0;818.82;1.0;0;0;0;0
784054;57.0;2850.0;9.88;87.75;26.25;1020.0;14.11;36.0;4.53;39.5;883.66;1.0;0;0;0;0
784424;57.0;2850.0;5.64;87.75;26.25;1020.0;14.01;36.0;4.04;37.5;954.08;1.0;0;0;0;0
784819;59.0;2750.0;0;87.75;26.25;1020.0;14.01;34.0;2.95;38.5;964.30;1.0;0;0;0;0
785153;56.0;2800.0;0;88.5;26.25;1015.0;14.01;34.0;2.31;24.0;936.99;1.0;0;0;0;0
785465;56.0;2750.0;0;88.5;26.25;1020.0;14.01;33.0;2.33;23.5;945.99;1.0;0;0;0;0
785836;56.0;2750.0;0;88.5;26.25;1020.0;14.01;33.0;2.33;23.5;941.11;1.0;0;0;0;0
786213;54.0;2700.0;0;89.25;26.25;1020.0;14.01;33.0;2.39;22.5;934.55;1.0;0;0;0;0
786608;51.0;2500.0;0;89.25;26.25;1020.0;14.29;33.0;2.46;19.0;927.68;1.0;0;0;0;0
786920;44.0;2100.0;0;89.25;26.25;1020.0;14.11;33.0;2.72;15.0;915.63;1.0;0;1.0;0;0
787315;37.0;1840.0;0;89.25;26.25;1020.0;13.73;33.0;2.92;15.0;896.10;1.0;0;1.0;0;0
787674;31.0;1650.0;0;89.25;26.25;1020.0;13.82;33.0;2.95;15.0;849.33;1.0;0;1.0;0;0
788044;27.0;1450.0;0;89.25;26.25;1015.0;14.20;33.0;3.06;17.5;305.46;1.0;0;1.0;0;0
788383;24.0;1500.0;0;89.25;26.25;1020.0;14.29;33.0;3.05;16.0;116.57;1.0;0;1.0;0;0
788759;22.0;1460.0;0;89.25;26.25;1020.0;14.29;33.0;3.10;15.0;61.87;1.0;0;1.0;0;0
789082;18.0;1550.0;0;89.25;26.25;1020.0;14.29;33.0;3.07;15.0;72.85;1.0;0;1.0;0;0
789477;13.0;1560.0;0;89.25;26.25;1020.0;14.39;33.0;3.09;15.0;73.84;1.0;0;1.0;0;0
789789;12.0;1530.0;0;89.25;26.25;1020.0;14.39;33.0;3.11;15.0;598.03;1.0;0;1.0;0;0
790178;12.0;1560.0;0;89.25;26.25;1020.0;14.39;33.0;3.07;15.0;126.71;1.0;0;1.0;0;0
790491;12.0;1490.0;0;89.25;26.25;1020.0;14.29;33.0;3.21;15.0;86.51;1.0;0;1.0;0;0
790886;12.0;1540.0;0;89.25;26.25;1020.0;14.39;33.0;3.18;17.0;93.37;1.0;0;1.0;0;0
791198;12.0;1520.0;0;89.25;26.25;1020.0;14.39;33.0;3.19;15.0;733.45;1.0;0;1.0;0;0
791573;12.0;1600.0;0;89.25;26.25;1020.0;14.29;33.0;3.08;15.0;846.51;1.0;0;1.0;0;0
791946;12.0;1550.0;0;89.25;26.25;1020.0;14.29;33.0;3.08;15.0;797.99;1.0;0;1.0;0;0
792341;12.0;1540.0;0;89.25;26.25;1020.0;14.20;33.0;3.13;15.0;211.85;1.0;0;1.0;0;0
792671;13.0;1600.0;7.99;89.25;26.25;1020.0;14.20;36.0;5.67;14.5;469.25;1.0;0;0;0;0
792983;12.0;2750.0;8.93;89.25;26.25;1020.0;14.11;36.0;4.60;38.0;923.10;1.0;0;0;0;0
793379;12.0;3450.0;8.93;89.25;26.25;1020.0;14.01;36.0;3.97;46.0;938.44;1.0;0;0;0;0
793692;12.0;3000.0;0;89.25;26.25;1020.0;14.01;36.0;2.26;28.5;892.97;1.0;0;0;0;0
794076;12.0;2650.0;0;89.25;26.25;1020.0;14.11;35.0;2.47;22.5;939.12;1.0;0;0;0;0
794453;12.0;2300.0;0;89.25;26.25;1020.0;14.11;35.0;2.70;16.5;925.77;1.0;0;1.0;0;0
794791;13.0;2000.0;0;89.25;26.25;1020.0;14.11;34.0;2.76;15.0;905.56;1.0;0;1.0;0;0
795160;13.0;1710.0;7.99;89.25;26.25;1020.0;14.29;36.0;5.54;15.5;921.20;1.0;0;0;0;0
795542;15.0;2140.0;10.82;89.25;26.25;1020.0;14.01;36.0;5.41;17.0;919.67;1.0;0;0;0;0
795912;16.0;2230.0;10.82;89.25;26.25;1020.0;14.11;36.0;5.34;18.0;882.21;1.0;0;0;0;0
796224;18.0;2120.0;0;89.25;26.25;1020.0;14.11;36.0;2.82;15.0;927.76;1.0;0;1.0;0;0
796612;18.0;2150.0;0;89.25;26.25;1020.0;14.11;35.0;2.71;15.0;933.63;1.0;0;1.0;0;0
796984;13.0;1990.0;0;89.25;26.25;1020.0;14.20;35.0;2.81;15.0;921.96;1.0;0;0;0;0
797354;16.0;2200.0;7.99;89.25;26.25;1020.0;14.11;36.0;5.10;18.0;939.74;1.0;0;0;0;0
797698;18.0;2300.0;7.99;89.25;26.25;1020.0;14.11;36.0;4.99;20.0;940.80;1.0;0;0;0;0
798012;18.0;2450.0;7.99;89.25;26.25;1020.0;14.01;36.0;4.87;23.5;947.75;1.0;0;0;0;0
798407;19.0;2650.0;7.99;89.25;26.25;1020.0;14.01;36.0;4.66;33.0;949.42;1.0;0;0;0;0
798720;21.0;2850.0;8.46;89.25;26.25;1020.0;14.01;36.0;4.43;39.0;948.43;1.0;0;0;0;0
799068;22.0;2950.0;8.46;89.25;26.25;1020.0;14.01;36.0;4.34;41.5;946.22;1.0;0;0;0;0
799380;22.0;2650.0;0;89.25;26.25;1020.0;14.11;36.0;2.49;22.5;937.52;1.0;0;0;0;0
799776;22.0;2300.0;0;89.25;26.25;1020.0;14.11;35.0;2.65;16.0;941.72;1.0;0;1.0;0;0
800146;22.0;1850.0;0;89.25;26.25;1020.0;14.20;35.0;2.94;15.0;916.77;1.0;0;1.0;0;0
800511;22.0;1890.0;0;89.25;26.25;1020.0;14.11;34.0;2.87;15.0;898.16;1.0;0;1.0;0;0
800881;22.0;1840.0;0;89.25;26.25;1020.0;14.20;33.0;2.83;15.0;889.23;1.0;0;1.0;0;0
801310;22.0;1880.0;0;89.25;26.25;1020.0;14.20;33.0;2.73;15.0;880.53;1.0;0;1.0;0;0
801698;21.0;1810.0;0;89.25;26.25;1015.0;14.20;33.0;2.72;15.0;858.26;1.0;0;1.0;0;0
802011;21.0;1620.0;0;89.25;26.25;1020.0;14.39;33.0;2.81;15.0;685.00;1.0;0;1.0;0;0
802406;21.0;1580.0;0;89.25;26.25;1020.0;14.39;33.0;2.87;15.0;365.58;1.0;0;1.0;0;0
802718;16.0;1510.0;0;89.25;26.25;1020.0;14.39;33.0;2.93;15.0;90.17;1.0;0;1.0;0;0
803094;16.0;1510.0;0;89.25;26.25;1020.0;14.39;33.0;2.95;16.0;55.46;1.0;0;1.0;0;0
803489;16.0;1450.0;0;89.25;26.25;1020.0;14.39;33.0;3.04;17.0;53.09;1.0;0;1.0;0;0
803860;16.0;1510.0;0;89.25;26.25;1020.0;14.39;33.0;3.03;16.0;59.35;1.0;0;1.0;0;0
804191;15.0;1490.0;0;89.25;26.25;1020.0;14.20;33.0;3.11;16.0;54.31;1.0;0;1.0;0;0
804548;15.0;1520.0;0;89.25;26.25;1020.0;14.20;33.0;3.09;15.0;67.44;1.0;0;1.0;0;0
804921;15.0;1470.0;0;89.25;26.25;1020.0;14.39;33.0;3.15;15.0;73.84;1.0;0;1.0;0;0
805233;12.0;1530.0;0;89.25;26.25;1020.0;14.29;33.0;3.16;18.5;73.92;1.0;0;1.0;0;0
805624;12.0;1570.0;0;89.25;26.25;1020.0;14.39;33.0;3.12;15.0;113.67;1.0;0;1.0;0;0
805937;12.0;1550.0;0;89.25;26.25;1020.0;14.29;33.0;3.10;15.0;801.88;1.0;0;1.0;0;0
806274;12.0;1540.0;0;89.25;26.25;1020.0;14.29;33.0;3.11;15.0;835.45;1.0;0;1.0;0;0
806646;12.0;1460.0;0;89.25;26.25;1020.0;14.39;33.0;3.2;15.0;198.96;1.0;0;1.0;0;0
806996;12.0;1540.0;0;89.25;26.25;1020.0;14.20;33.0;3.16;15.0;78.65;1.0;0;1.0;0;0
807366;12.0;1530.0;0;89.25;26.25;1020.0;14.20;33.0;3.18;15.0;166.84;1.0;0;1.0;0;0
807678;12.0;1620.0;0;89.25;26.25;1020.0;14.39;33.0;3.08;15.0;815.92;1.0;0;1.0;0;0
808062;12.0;1550.0;0;89.25;26.25;1020.0;14.29;33.0;3.10;15.0;865.96;1.0;0;1.0;0;0
808432;12.0;1570.0;0;89.25;26.25;1020.0;14.29;33.0;3.07;15.0;808.97;1.0;0;1.0;0;0
808863;12.0;1610.0;0;89.25;26.25;1020.0;14.39;33.0;2.97;15.0;820.57;1.0;0;1.0;0;0
809240;12.0;1830.0;5.64;89.25;26.25;1020.0;14.29;36.0;5.25;17.0;886.03;1.0;0;0;0;0
809561;13.0;1710.0;0.94;89.25;26.25;1020.0;14.20;36.0;4.20;17.0;931.34;1.0;0;0;0;0
809899;15.0;1840.0;1.88;89.25;26.25;1020.0;14.20;36.0;4.41;17.5;951.03;1.0;0;0;0;0
810318;15.0;1860.0;0;89.25;26.25;1020.0;14.20;34.0;2.90;15.0;957.51;1.0;0;1.0;0;0
810720;15.0;1850.0;0;89.25;26.25;1020.0;14.20;33.0;2.84;15.0;914.03;1.0;0;1.0;0;0
811067;13.0;1860.0;0;89.25;26.25;1020.0;14.11;36.0;3.82;17.0;911.05;1.0;0;1.0;0;0
811462;13.0;1870.0;0;89.25;26.25;1020.0;14.11;36.0;2.96;15.0;933.40;1.0;0;1.0;0;0
811774;15.0;1860.0;0;90.0;26.25;1020.0;14.20;35.0;2.9;15.0;893.50;1.0;0;1.0;0;0
812146;15.0;1770.0;0;90.0;26.25;1020.0;14.20;35.0;2.93;15.0;871.23;1.0;0;1.0;0;0
812544;15.0;1530.0;0;90.0;26.25;1020.0;14.20;34.0;3.04;15.0;704.84;1.0;0;1.0;0;0
812914;15.0;1510.0;0;90.0;26.25;1020.0;14.29;33.0;3.03;15.0;187.59;1.0;0;1.0;0;0
813243;15.0;1660.0;2.35;90.0;26.25;1020.0;14.20;36.0;4.78;16.5;585.83;1.0;0;0;0;0
813581;16.0;1950.0;2.35;90.0;26.25;1020.0;14.20;36.0;4.35;18.0;941.49;1.0;0;0;0;0
813951;16.0;1890.0;0.94;90.0;26.25;1020.0;14.20;34.0;3.94;17.5;950.03;1.0;0;0;0;0
814263;16.0;1540.0;0;90.0;26.25;1020.0;14.29;34.0;3.77;15.0;945.99;1.0;0;1.0;0;0
814616;16.0;1680.0;0;90.0;26.25;1020.0;14.20;34.0;3.01;15.0;929.59;1.0;0;1.0;0;0
815010;15.0;1560.0;0;90.0;26.25;1020.0;14.20;33.0;3.03;15.0;871.61;1.0;0;1.0;0;0
815395;13.0;1540.0;1.88;90.0;26.25;1020.0;14.39;33.0;3.10;16.0;747.03;1.0;0;0;0;0
815778;13.0;1750.0;4.70;90.0;26.25;1020.0;14.20;36.0;5.16;16.0;857.27;1.0;0;0;0;0
816148;13.0;1880.0;5.64;90.0;26.25;1020.0;14.29;36.0;5.16;17.0;949.81;1.0;0;0;0;0
816543;15.0;1820.0;5.64;90.0;26.25;1020.0;14.29;36.0;5.15;17.0;949.81;1.0;0;0;0;0
816857;16.0;1730.0;1.41;90.0;26.25;1020.0;14.29;36.0;4.38;15.0;954.23;1.0;0;0;0;0
817184;16.0;1430.0;0.94;90.0;26.25;1020.0;14.29;34.0;4.28;15.5;963.92;1.0;0;0;0;0
817580;16.0;1610.0;5.17;90.0;26.25;1020.0;14.29;36.0;5.44;16.0;931.95;1.0;0;0;0;0
817892;16.0;1980.0;7.52;90.0;26.25;1020.0;14.11;36.0;5.28;17.0;954.84;1.0;0;0;0;0
818271;16.0;1940.0;6.11;90.0;26.25;1020.0;14.11;36.0;5.15;17.0;948.36;1.0;0;0;0;0
818663;19.0;1850.0;6.11;90.0;26.25;1020.0;14.11;36.0;5.19;17.0;954.08;1.0;0;0;0;0
819033;19.0;1870.0;7.99;90.0;26.25;1020.0;14.11;36.0;5.42;16.5;951.10;1.0;0;0;0;0
819370;21.0;2010.0;13.17;90.0;26.25;1020.0;14.01;36.0;5.87;15.0;930.05;1.0;0;0;0;0
819771;22.0;2000.0;11.29;90.0;26.25;1020.0;14.29;36.0;5.58;16.0;927.53;1.0;0;0;0;0
820202;24.0;1950.0;11.29;90.0;26.25;1020.0;14.20;36.0;5.65;16.0;921.04;1.0;0;0;0;0
820576;27.0;2230.0;11.29;90.0;26.25;1020.0;14.11;36.0;5.47;17.0;930.35;1.0;0;0;0;0
820957;27.0;2280.0;11.29;90.0;26.25;1020.0;14.01;36.0;5.4;17.0;927.61;1.0;0;0;0;0
821327;28.0;2350.0;8.93;90.0;26.25;1020.0;14.01;36.0;5.11;22.5;949.12;1.0;0;0;0;0
821722;28.0;2450.0;14.58;90.0;26.25;1020.0;14.01;36.0;5.50;23.5;941.18;1.0;0;0;0;0
822085;31.0;2550.0;22.11;90.0;26.25;1020.0;14.11;36.0;6.41;25.5;948.28;1.0;0;1.0;0;0
822455;33.0;2750.0;18.34;90.0;26.25;1020.0;14.01;36.0;5.60;40.0;936.45;1.0;0;0;0;0
822851;34.0;2850.0;19.29;90.0;26.25;1020.0;14.01;36.0;5.40;41.5;932.34;1.0;0;0;0;0
823253;34.0;2180.0;0;90.0;26.25;1020.0;14.11;36.0;2.76;15.0;805.69;1.0;0;1.0;0;0
823685;34.0;2250.0;10.35;90.0;26.25;1020.0;14.11;36.0;5.21;18.0;950.64;1.0;0;0;0;0
824059;36.0;2220.0;10.82;90.0;26.25;1020.0;14.11;36.0;5.34;17.0;930.66;1.0;0;0;0;0
824428;36.0;2300.0;17.87;90.0;26.25;1020.0;14.11;36.0;6.09;16.5;920.82;1.0;0;0;0;0
824820;37.0;2300.0;18.34;90.0;26.25;1020.0;14.01;36.0;6.25;18.5;944.24;1.0;0;0;0;0
825157;39.0;2450.0;13.64;90.0;26.25;1020.0;14.11;36.0;5.56;23.0;925.62;1.0;0;0;0;0
825470;39.0;2450.0;7.99;90.0;26.25;1020.0;14.01;36.0;4.88;23.5;963.23;1.0;0;0;0;0
825840;39.0;2400.0;7.99;90.0;26.25;1020.0;14.01;36.0;4.90;23.5;965.60;1.0;0;0;0;0
826171;39.0;2450.0;7.99;90.0;26.25;1020.0;14.11;36.0;4.83;24.0;964.15;1.0;0;0;0;0
826566;41.0;2500.0;7.05;90.0;26.25;1020.0;14.11;36.0;4.74;25.0;962.01;1.0;0;0;0;0
826878;41.0;2450.0;1.88;90.0;26.25;1020.0;14.20;36.0;3.59;23.0;970.10;1.0;0;0;0;0
827261;39.0;2400.0;0.47;90.0;26.25;1020.0;14.11;34.0;3.14;21.5;950.34;1.0;0;0;0;0
827635;37.0;2350.0;0;90.0;26.25;1020.0;14.20;34.0;2.58;16.5;965.83;1.0;0;0;0;0
828005;36.0;2300.0;0;90.75;26.25;1020.0;14.11;33.0;2.61;16.0;942.33;1.0;0;0;0;0
828400;37.0;2300.0;6.58;90.0;26.25;1020.0;14.11;36.0;4.96;19.0;932.79;1.0;0;0;0;0
828761;36.0;2300.0;8.46;90.75;26.25;1020.0;14.01;36.0;5.01;19.5;941.11;1.0;0;0;0;0
829157;37.0;2300.0;0;90.75;26.25;1020.0;14.01;34.0;3.22;16.0;950.95;1.0;0;1.0;0;0
829533;36.0;2220.0;0;90.75;26.25;1020.0;14.20;34.0;2.67;15.0;950.11;1.0;0;0;0;0
829857;36.0;2210.0;0;90.75;26.25;1020.0;14.11;33.0;2.68;15.0;940.35;1.0;0;1.0;0;0
830170;34.0;2180.0;0;90.75;26.25;1020.0;14.20;33.0;2.7;15.0;931.95;1.0;0;1.0;0;0
830568;33.0;2100.0;0;90.75;26.25;1020.0;14.20;33.0;2.69;15.0;919.90;1.0;0;1.0;0;0
830881;31.0;1920.0;0;90.75;26.25;1020.0;14.20;33.0;2.80;15.0;905.25;1.0;0;1.0;0;0
831253;30.0;1800.0;0;90.75;26.25;1020.0;14.29;33.0;2.80;15.0;892.36;1.0;0;1.0;0;0
831673;28.0;1710.0;0;90.75;26.25;1020.0;14.39;33.0;2.91;15.0;874.81;1.0;0;1.0;0;0
832043;27.0;1680.0;0;90.75;26.25;1020.0;14.29;33.0;2.88;15.0;822.78;1.0;0;1.0;0;0
832380;27.0;1560.0;0;90.75;26.25;1020.0;14.29;33.0;2.96;15.0;344.67;1.0;0;1.0;0;0
832717;25.0;1530.0;0;90.75;26.25;1020.0;14.29;33.0;3.03;15.0;133.27;1.0;0;1.0;0;0
833101;24.0;1530.0;0;90.75;26.25;1020.0;14.39;33.0;3.04;15.0;78.42;1.0;0;1.0;0;0
833473;22.0;1620.0;0;90.75;26.25;1020.0;14.39;33.0;2.99;15.0;67.51;1.0;0;1.0;0;0
833816;22.0;1830.0;0;90.75;26.25;1020.0;14.20;33.0;2.90;15.0;139.38;1.0;0;1.0;0;0
834128;21.0;1750.0;0;90.75;26.25;1020.0;14.20;33.0;2.9;15.0;855.66;1.0;0;1.0;0;0
834523;21.0;1760.0;0;90.75;26.25;1020.0;14.29;33.0;2.88;15.0;876.64;1.0;0;1.0;0;0
834840;21.0;1710.0;0;90.75;26.25;1020.0;14.20;33.0;2.87;15.0;471.77;1.0;0;1.0;0;0
835163;19.0;1640.0;0;90.75;26.25;1020.0;14.29;33.0;2.99;15.0;118.47;1.0;0;1.0;0;0
835557;18.0;1620.0;0;90.75;26.25;1020.0;14.29;33.0;3.02;15.0;82.54;1.0;0;1.0;0;0
835913;18.0;1610.0;0;90.75;26.25;1020.0;14.29;33.0;3.06;15.0;397.85;1.0;0;1.0;0;0
836293;18.0;1470.0;0;90.75;26.25;1020.0;14.20;33.0;3.17;15.0;801.27;1.0;0;1.0;0;0
836666;18.0;1440.0;0;90.75;26.25;1020.0;14.29;33.0;3.2;15.0;251.60;1.0;0;1.0;0;0
837096;16.0;1570.0;0;90.75;26.25;1020.0;14.29;33.0;3.12;20.0;77.12;1.0;0;1.0;0;0
837471;15.0;1560.0;0;90.75;26.25;1020.0;14.29;33.0;3.16;15.0;382.44;1.0;0;1.0;0;0
837806;12.0;1480.0;0;90.75;26.25;1020.0;14.29;33.0;3.19;17.0;823.16;1.0;0;1.0;0;0
838176;12.0;1480.0;0;90.75;26.25;1020.0;14.29;33.0;3.17;15.0;759.77;1.0;0;1.0;0;0
838606;10.0;1550.0;0;90.75;26.25;1020.0;14.39;33.0;3.09;18.0;185.53;1.0;0;1.0;0;0
838974;10.0;1540.0;0;90.75;26.25;1020.0;14.29;33.0;3.15;15.0;765.49;1.0;0;1.0;0;0
839312;9.0;1480.0;0;90.75;26.25;1020.0;14.29;33.0;3.15;17.0;523.12;1.0;0;1.0;0;0
839682;9.0;1570.0;0;90.75;26.25;1020.0;14.39;33.0;3.09;15.0;102.68;1.0;0;1.0;0;0
840066;9.0;1590.0;0;90.75;26.25;1020.0;14.20;33.0;3.08;15.0;837.96;1.0;0;1.0;0;0
840436;6.0;1550.0;0;90.75;26.25;1020.0;14.39;33.0;3.05;15.0;813.93;1.0;0;1.0;0;0
840831;6.0;1420.0;0;90.75;27.0;1020.0;14.39;33.0;3.09;15.0;630.15;1.0;0;1.0;0;0
841217;4.0;1470.0;0;90.75;26.25;1020.0;14.39;33.0;3.10;20.0;74.45;1.0;0;1.0;0;0
841610;4.0;1560.0;0;90.75;27.0;1020.0;14.39;33.0;3.07;15.0;71.10;1.0;0;1.0;0;0
841989;4.0;1470.0;1.88;90.75;27.0;1020.0;14.39;34.0;3.62;15.5;362.75;1.0;0;0;0;0
842368;6.0;2140.0;5.17;90.75;27.0;1020.0;14.01;36.0;4.08;18.0;932.79;1.0;0;1.0;0;0
842787;6.0;2290.0;0;90.75;27.0;1020.0;14.01;34.0;2.73;20.5;942.86;1.0;0;1.0;0;0
843180;6.0;1760.0;0.47;90.75;27.0;1020.0;14.29;34.0;3.05;17.0;921.04;1.0;0;1.0;0;0
843538;7.0;1740.0;2.82;90.75;27.0;1020.0;14.20;36.0;3.69;17.0;893.58;1.0;0;0;0;0
843904;7.0;1330.0;4.70;90.75;27.0;1020.0;14.29;36.0;4.89;8.0;756.56;1.0;0;0;0;0
844277;9.0;2300.0;6.58;90.75;27.0;1020.0;14.01;36.0;4.73;20.0;941.03;1.0;0;1.0;0;0
844647;10.0;2550.0;6.11;90.75;27.0;1020.0;14.01;36.0;4.5;30.0;945.91;1.0;0;0;0;0
845042;10.0;2260.0;6.58;90.75;27.0;1020.0;14.11;36.0;4.78;21.5;957.43;1.0;0;0;0;0
845403;13.0;1920.0;0;90.75;27.0;1020.0;14.11;36.0;3.38;17.0;948.13;1.0;0;1.0;0;0
845833;15.0;1930.0;0;90.75;27.0;1020.0;14.11;36.0;2.92;15.0;952.55;1.0;0;1.0;0;0
846204;15.0;1940.0;1.88;90.75;27.0;1020.0;14.11;36.0;4.19;18.0;937.60;1.0;0;0;0;0
846569;16.0;1930.0;7.99;90.75;27.0;1020.0;14.29;36.0;5.77;17.5;957.51;1.0;0;0;0;0
846961;13.0;1790.0;4.70;90.75;27.0;1020.0;14.20;36.0;4.86;15.5;783.11;1.0;0;0;0;0
847424;13.0;2050.0;6.58;90.75;27.0;1020.0;14.11;36.0;4.99;17.5;957.28;1.0;0;0;0;0
847779;15.0;2240.0;7.05;90.75;27.0;1020.0;14.11;36.0;4.98;20.0;963.39;1.0;0;0;0;0
848130;16.0;2250.0;7.05;90.75;27.0;1020.0;14.11;36.0;4.95;18.5;956.21;1.0;0;0;0;0
848524;18.0;2400.0;7.05;90.75;27.0;1020.0;14.01;36.0;4.84;22.5;964.07;1.0;0;0;0;0
848920;19.0;2450.0;0;90.75;27.0;1020.0;14.11;36.0;2.61;20.0;954.69;1.0;0;1.0;0;0
849245;19.0;2300.0;4.70;90.75;27.0;1020.0;14.11;36.0;4.46;20.5;951.87;1.0;0;0;0;0
849617;18.0;2400.0;4.70;90.75;27.0;1020.0;14.11;36.0;4.33;23.0;957.21;1.0;0;0;0;0
850015;19.0;2350.0;4.70;91.5;27.0;1020.0;14.01;36.0;4.47;21.5;967.43;1.0;0;0;0;0
850385;18.0;2290.0;0;91.5;27.0;1020.0;14.11;34.0;2.65;15.0;961.48;1.0;0;0;0;0
850731;16.0;2210.0;0;91.5;27.0;1020.0;14.11;33.0;2.68;15.0;952.09;1.0;0;1.0;0;0
851103;16.0;2070.0;0;91.5;27.0;1020.0;14.11;33.0;2.72;15.0;938.13;1.0;0;1.0;0;0
851480;15.0;2040.0;0;91.5;27.0;1020.0;14.29;33.0;2.69;15.0;920.20;1.0;0;1.0;0;0
851827;15.0;1930.0;0;91.5;27.0;1020.0;14.11;33.0;2.76;15.0;907.62;1.0;0;1.0;0;0
852140;15.0;1840.0;0;91.5;27.0;1020.0;14.11;33.0;2.77;15.0;886.79;1.0;0;1.0;0;0
852535;13.0;1820.0;0;91.5;27.0;1020.0;14.20;33.0;2.75;15.0;822.40;1.0;0;1.0;0;0
852863;13.0;1710.0;0;91.5;27.0;1020.0;14.20;33.0;2.78;15.0;506.71;1.0;0;1.0;0;0
853223;13.0;1650.0;0;91.5;27.0;1020.0;14.29;33.0;2.81;15.0;235.58;1.0;0;1.0;0;0
853558;12.0;1600.0;0;91.5;27.0;1020.0;14.29;33.0;2.88;15.0;109.78;1.0;0;1.0;0;0
853931;12.0;1570.0;0;91.5;27.0;1020.0;14.20;33.0;2.96;15.0;65.22;1.0;0;1.0;0;0
854356;12.0;1510.0;0;91.5;27.0;1020.0;14.20;33.0;3.04;15.0;61.18;1.0;0;1.0;0;0
854747;12.0;1580.0;0;91.5;27.0;1020.0;14.29;33.0;3.03;15.0;74.84;1.0;0;1.0;0;0
855107;12.0;1650.0;2.35;91.5;26.25;1020.0;14.29;36.0;4.58;16.5;705.37;1.0;0;0;0;0
855481;13.0;1460.0;6.11;91.5;26.25;1020.0;14.39;36.0;6.42;4.5;943.24;1.0;0;0;0;0
855876;12.0;1190.0;5.17;91.5;26.25;1020.0;14.39;36.0;5.95;0;795.39;1.0;0;0;0;0
856188;12.0;830.0;14.58;91.5;26.25;1020.0;13.35;51.0;0;111.0;909.07;0;0;0;0;0
856526;12.0;0;15.99;91.5;26.25;1020.0;13.73;64.0;0;111.0;897.70;0;0;0;0;0
856895;10.0;0;9.88;91.5;26.25;1020.0;13.73;130.0;0;111.0;913.03;0;0;0;0;0
857232;10.0;0;0;91.5;27.0;1020.0;13.63;140.0;0;111.0;918.98;0;0;0;0;0
857602;10.0;0;0;91.5;27.0;1020.0;13.63;140.0;0;111.0;922.80;0;0;0;0;0
857986;12.0;0;0;91.5;27.0;1020.0;13.54;140.0;0;111.0;927.68;0;0;0;0;0
858356;12.0;0;0;91.5;27.0;1020.0;13.54;140.0;0;111.0;931.95;0;0;0;0;0
858693;10.0;0;0;91.5;27.0;1020.0;13.54;140.0;0;111.0;932.95;0;0;0;0;0
859063;10.0;0;0;91.5;27.0;1020.0;10.13;140.0;0;111.0;850.40;1.0;0;0;0;0
859398;12.0;310.0;0;91.5;27.0;1020.0;11.26;140.0;8.63;10.0;382.59;1.0;0;0;0;0
859768;10.0;1460.0;0;91.5;27.0;1020.0;12.12;140.0;8.36;10.0;821.26;1.0;0;0;0;0
860147;12.0;3050.0;0;91.5;27.0;1020.0;14.01;74.0;3.69;28.5;934.55;1.0;0;0;0;0
860545;12.0;2650.0;0;91.5;27.0;1020.0;14.29;29.0;2.60;22.5;881.91;1.0;0;0;0;0
860858;12.0;1710.0;0;91.5;27.0;1020.0;14.11;29.0;3.28;15.0;890.99;1.0;0;0;0;0
861227;10.0;1500.0;0;91.5;27.0;1020.0;14.11;29.0;2.94;15.0;953.09;1.0;0;1.0;0;0
861565;12.0;1500.0;0;91.5;27.0;1020.0;14.11;29.0;2.91;15.5;927.45;1.0;0;1.0;0;0
861951;12.0;1470.0;0;91.5;27.0;1020.0;14.11;29.0;2.92;15.0;904.79;1.0;0;1.0;0;0
862287;12.0;1480.0;0;91.5;27.0;1020.0;14.11;29.0;2.88;15.0;872.52;1.0;0;1.0;0;0
862659;12.0;1430.0;2.35;91.5;26.25;1020.0;14.11;34.0;3.42;15.5;809.74;1.0;0;0;0;0
863036;10.0;1460.0;6.11;91.5;26.25;1020.0;14.11;36.0;5.66;13.0;830.79;1.0;0;0;0;0
863405;10.0;2600.0;1.88;91.5;26.25;1020.0;14.01;36.0;4.50;30.5;944.62;1.0;0;0;0;0
863775;10.0;2180.0;9.88;91.5;26.25;1020.0;14.20;36.0;5.19;19.0;908.30;1.0;0;0;0;0
864108;10.0;2650.0;0;91.5;26.25;1020.0;14.11;36.0;2.47;21.5;883.13;1.0;0;0;0;0
864480;10.0;2300.0;10.35;91.5;26.25;1020.0;14.29;36.0;5.18;18.0;948.66;1.0;0;0;0;0
864875;13.0;2700.0;9.41;91.5;26.25;1020.0;14.11;36.0;4.69;35.5;936.30;1.0;0;0;0;0
865187;15.0;2550.0;8.46;91.5;26.25;1020.0;14.29;36.0;4.75;30.5;958.88;1.0;0;0;0;0
865573;15.0;2350.0;0;91.5;26.25;1020.0;14.29;36.0;2.65;16.5;944.39;1.0;0;1.0;0;0
865960;15.0;2080.0;0;91.5;26.25;1020.0;14.11;36.0;2.79;15.0;955.53;1.0;0;1.0;0;0
866285;15.0;1900.0;0;91.5;26.25;1020.0;14.20;35.0;2.86;15.0;936.84;1.0;0;1.0;0;0
866619;13.0;1800.0;0;91.5;26.25;1020.0;14.29;34.0;2.83;15.0;912.50;1.0;0;1.0;0;0
866945;12.0;1710.0;0;91.5;26.25;1020.0;14.29;34.0;2.88;15.0;888.77;1.0;0;1.0;0;0
867282;12.0;1640.0;0;91.5;26.25;1020.0;14.29;33.0;2.88;15.0;794.78;1.0;0;1.0;0;0
867595;12.0;1490.0;0;91.5;26.25;1020.0;14.20;33.0;2.96;15.0;522.28;1.0;0;1.0;0;0
867990;10.0;1480.0;0;91.5;26.25;1020.0;14.29;33.0;3.00;15.0;236.80;1.0;0;1.0;0;0
868351;12.0;1440.0;0;91.5;26.25;1020.0;14.39;33.0;3.05;17.0;89.86;1.0;0;1.0;0;0
868721;10.0;1450.0;0;91.5;26.25;1020.0;14.39;33.0;3.06;18.5;70.11;1.0;0;1.0;0;0
869136;10.0;1450.0;0;91.5;26.25;1020.0;14.39;33.0;3.10;15.0;63.77;1.0;0;1.0;0;0
869503;10.0;1510.0;0;91.5;26.25;1020.0;14.39;33.0;3.11;15.0;64.99;1.0;0;1.0;0;0
869876;9.0;1510.0;0;91.5;26.25;1020.0;14.39;33.0;3.11;18.0;75.98;1.0;0;1.0;0;0
870214;10.0;1610.0;0;91.5;26.25;1020.0;14.39;33.0;3.08;15.0;501.22;1.0;0;1.0;0;0
870605;9.0;1610.0;0;91.5;26.25;1020.0;14.29;33.0;3.02;15.0;862.76;1.0;0;1.0;0;0
870935;9.0;1570.0;0;91.5;26.25;1020.0;14.29;33.0;3.03;15.0;847.20;1.0;0;1.0;0;0
871305;7.0;1400.0;0;91.5;26.25;1020.0;14.29;33.0;3.16;17.5;287.07;1.0;0;1.0;0;0
871642;7.0;1520.0;0;91.5;26.25;1020.0;14.29;33.0;3.14;15.0;109.17;1.0;0;1.0;0;0
872007;7.0;1620.0;0;91.5;26.25;1020.0;14.29;33.0;3.06;15.0;276.24;1.0;0;1.0;0;0
872376;7.0;1600.0;0;91.5;26.25;1020.0;14.29;33.0;3.01;15.0;841.40;1.0;0;1.0;0;0
872771;7.0;1560.0;0;91.5;26.25;1020.0;14.20;33.0;3.01;15.0;802.72;1.0;0;1.0;0;0
873090;7.0;1430.0;0;91.5;26.25;1020.0;14.20;33.0;3.16;15.0;128.39;1.0;0;1.0;0;0
873471;7.0;1560.0;0;91.5;26.25;1020.0;14.39;33.0;3.07;15.0;82.69;1.0;0;1.0;0;0
873809;6.0;1430.0;0;91.5;26.25;1020.0;14.29;33.0;3.20;15.0;139.22;1.0;0;1.0;0;0
874121;6.0;1570.0;0;91.5;26.25;1020.0;14.39;33.0;3.12;15.0;143.12;1.0;0;1.0;0;0
874520;6.0;1540.0;0;91.5;26.25;1020.0;14.39;33.0;3.16;16.0;787.77;1.0;0;1.0;0;0
874845;7.0;1560.0;0;91.5;26.25;1020.0;14.29;33.0;3.07;15.0;797.00;1.0;0;1.0;0;0
875214;6.0;1550.0;0;91.5;26.25;1020.0;14.39;33.0;3.04;15.0;803.63;1.0;0;1.0;0;0
875599;6.0;1470.0;0;91.5;26.25;1020.0;14.39;34.0;3.14;15.5;91.92;1.0;0;1.0;0;0
875910;6.0;1560.0;0;91.5;26.25;1020.0;14.39;34.0;3.09;16.0;69.50;1.0;0;1.0;0;0
876305;7.0;1460.0;0;91.5;26.25;1020.0;14.39;33.0;3.14;15.0;103.06;1.0;0;1.0;0;0
876619;6.0;1590.0;0;91.5;26.25;1020.0;14.39;33.0;3.10;15.0;514.04;1.0;0;1.0;0;0
877013;7.0;1570.0;0;91.5;26.25;1020.0;14.39;33.0;3.08;15.0;852.31;1.0;0;1.0;0;0
877371;6.0;1450.0;0;91.5;26.25;1020.0;14.39;33.0;3.13;19.0;467.12;1.0;0;1.0;0;0
877766;7.0;1530.0;0;92.25;26.25;1020.0;14.39;33.0;3.14;15.0;130.53;1.0;0;1.0;0;0
878145;7.0;1490.0;0;91.5;26.25;1020.0;14.39;33.0;3.17;17.5;600.24;1.0;0;1.0;0;0
878463;7.0;1620.0;0;91.5;26.25;1020.0;14.29;33.0;3.02;15.0;731.23;1.0;0;1.0;0;0
878836;7.0;1580.0;0;92.25;26.25;1020.0;14.29;33.0;3.01;15.0;809.51;1.0;0;1.0;0;0
879207;7.0;1490.0;0;92.25;26.25;1020.0;14.39;33.0;3.14;15.0;232.83;1.0;0;1.0;0;0
879601;6.0;1560.0;0;92.25;26.25;1020.0;14.39;33.0;3.05;15.0;80.71;1.0;0;1.0;0;0
879962;6.0;1510.0;0;92.25;26.25;1020.0;14.29;33.0;3.14;16.0;100.55;1.0;0;1.0;0;0
880357;4.0;1470.0;0;92.25;26.25;1020.0;14.29;33.0;3.22;16.0;79.95;1.0;0;1.0;0;0
880673;4.0;1470.0;0;92.25;26.25;1020.0;14.29;33.0;3.24;15.0;412.11;1.0;0;1.0;0;0
881060;4.0;1510.0;0;92.25;26.25;1020.0;14.39;33.0;3.14;15.0;834.07;1.0;0;1.0;0;0
881397;3.0;1550.0;0;92.25;26.25;1020.0;14.39;33.0;3.08;15.0;870.24;1.0;0;1.0;0;0
881710;3.0;1480.0;0;92.25;26.25;1020.0;14.39;33.0;3.16;15.0;737.11;1.0;0;1.0;0;0
882085;3.0;1570.0;0;92.25;26.25;1020.0;14.39;33.0;3.07;15.0;492.07;1.0;0;1.0;0;0
882478;3.0;1560.0;0;92.25;26.25;1020.0;14.29;33.0;3.05;15.0;802.79;1.0;0;1.0;0;0
882848;3.0;1550.0;0;92.25;26.25;1020.0;14.20;33.0;3.03;15.0;743.67;1.0;0;1.0;0;0
883263;0;1580.0;0;92.25;26.25;1020.0;14.29;33.0;3.06;15.0;153.87;1.0;0;1.0;0;0
883683;0;1560.0;0;92.25;26.25;1020.0;14.29;33.0;3.10;10.0;74.45;1.0;0;1.0;0;0
884285;3.0;1480.0;0;92.25;26.25;1020.0;14.39;33.0;3.15;15.0;721.85;1.0;0;1.0;0;0
884675;3.0;1480.0;0;92.25;26.25;1020.0;14.39;32.0;3.09;15.0;307.90;1.0;0;1.0;0;0
885059;3.0;1480.0;0;92.25;26.25;1020.0;14.39;32.0;3.13;12.5;103.98;1.0;0;1.0;0;0
885452;0;1460.0;0;92.25;26.25;1020.0;14.29;31.0;3.10;14.5;454.53;1.0;0;1.0;0;0
885765;0;1440.0;0;92.25;26.25;1020.0;14.39;31.0;3.09;20.0;303.48;1.0;0;1.0;0;0
886149;0;1470.0;0;92.25;27.0;1020.0;14.29;30.0;3.06;15.5;104.13;1.0;0;1.0;0;0
886518;0;1480.0;0;92.25;27.0;1020.0;14.20;30.0;3.06;18.0;591.55;1.0;0;1.0;0;0
886914;0;1420.0;0;92.25;27.0;1020.0;14.39;29.0;3.00;15.0;828.28;1.0;0;1.0;0;0
887220;0;1460.0;0;92.25;27.0;1020.0;14.39;30.0;3.02;16.0;599.94;1.0;0;1.0;0;0
887639;0;1470.0;0;92.25;27.75;1020.0;14.39;30.0;3.06;14.0;138.84;1.0;0;1.0;0;0
888016;0;1460.0;0;92.25;27.75;1020.0;14.39;30.0;3.02;15.5;791.73;1.0;0;1.0;0;0
888328;0;1400.0;0;92.25;27.75;1020.0;14.39;31.0;3.03;16.0;767.47;1.0;0;1.0;0;0
888707;0;1470.0;0;92.25;27.75;1020.0;14.29;31.0;3.07;14.5;162.95;1.0;0;1.0;0;0
889088;0;1450.0;0;92.25;27.75;1020.0;14.29;31.0;3.08;14.5;432.56;1.0;0;1.0;0;0
889483;0;1550.0;0;92.25;27.75;1020.0;14.29;31.0;2.98;15.0;769.38;1.0;0;1.0;0;0
889861;0;1490.0;0;92.25;27.75;1020.0;14.39;31.0;3.05;22.5;457.66;1.0;0;1.0;0;0
890232;0;1470.0;0;92.25;27.75;1020.0;14.39;31.0;3.07;15.5;133.50;1.0;0;1.0;0;0
890545;0;1490.0;0;92.25;27.75;1020.0;14.39;31.0;3.13;16.0;315.07;1.0;0;1.0;0;0
890940;0;1510.0;0;92.25;27.75;1020.0;14.29;31.0;3.06;17.0;803.02;1.0;0;1.0;0;0
891264;0;1360.0;0;92.25;27.75;1020.0;14.20;31.0;3.18;20.0;805.69;1.0;0;1.0;0;0
891636;0;1480.0;0;92.25;27.75;1020.0;14.39;31.0;3.07;12.5;191.86;1.0;0;1.0;0;0
892006;0;1490.0;0;92.25;27.75;1020.0;14.29;31.0;3.06;16.0;814.24;1.0;0;1.0;0;0
892439;0;1470.0;0;92.25;28.5;1020.0;14.39;31.0;3.04;18.5;778.46;1.0;0;1.0;0;0
892818;0;1430.0;0;92.25;28.5;1020.0;14.39;34.0;3.20;22.5;191.10;1.0;0;1.0;0;0
893267;0;1370.0;0;92.25;28.5;1020.0;14.39;33.0;3.26;19.0;70.94;1.0;0;1.0;0;0
893635;0;1520.0;0;92.25;28.5;1020.0;14.29;32.0;3.15;12.5;102.15;1.0;0;1.0;0;0
894013;0;1520.0;0;92.25;28.5;1020.0;14.39;32.0;3.12;14.5;802.41;1.0;0;1.0;0;0
894410;0;1400.0;0;92.25;28.5;1020.0;14.20;32.0;3.17;15.0;856.05;1.0;0;1.0;0;0
894722;0;1460.0;0;92.25;28.5;1020.0;14.29;31.0;3.04;11.0;496.72;1.0;0;1.0;0;0
895105;0;1440.0;0;92.25;28.5;1020.0;14.29;31.0;3.11;14.5;599.02;1.0;0;1.0;0;0
895475;0;1500.0;0;92.25;28.5;1020.0;14.39;31.0;2.98;12.5;528.99;1.0;0;1.0;0;0
895813;0;1420.0;0;92.25;28.5;1020.0;14.39;32.0;3.31;23.5;161.88;1.0;0;1.0;0;0
896138;0;1510.0;0;92.25;28.5;1020.0;14.39;32.0;3.10;17.0;236.19;1.0;0;1.0;0;0
896514;0;1460.0;0;92.25;28.5;1020.0;14.39;32.0;3.13;16.0;766.10;1.0;0;1.0;0;0
896943;0;1520.0;0;92.25;28.5;1020.0;14.20;32.0;3.12;15.5;118.85;1.0;0;1.0;0;0
897314;0;1500.0;0;92.25;29.25;1020.0;14.39;32.0;3.12;14.5;564.46;1.0;0;1.0;0;0
897664;0;1450.0;0;93.0;29.25;1020.0;14.29;32.0;3.13;14.5;762.67;1.0;0;1.0;0;0
898033;0;1640.0;0;93.0;29.25;1020.0;14.20;36.0;3.26;16.5;279.06;1.0;0;1.0;0;0
898396;0;1610.0;0.47;93.0;29.25;1020.0;14.20;36.0;3.35;16.5;875.12;1.0;0;1.0;0;0
898773;0;2130.0;1.41;93.0;29.25;1020.0;14.11;37.0;3.95;18.5;904.57;1.0;0;1.0;0;0
899132;0;1760.0;0;93.0;29.25;1020.0;14.20;37.0;3.02;0;920.59;1.0;0;1.0;0;0
899527;0;1560.0;0;93.0;29.25;1020.0;14.29;36.0;3.12;12.0;764.42;1.0;0;1.0;0;0
899897;0;1610.0;0;93.0;29.25;1020.0;14.39;35.0;3.06;9.0;317.44;1.0;0;1.0;0;0
900224;0;1550.0;0;93.0;29.25;1020.0;14.39;35.0;3.10;14.5;98.26;1.0;0;1.0;0;0
900597;0;1510.0;0;93.0;29.25;1020.0;14.39;34.0;3.14;14.0;96.50;1.0;0;1.0;0;0
900977;0;1610.0;0.94;93.0;29.25;1020.0;14.20;35.0;3.37;16.5;76.59;1.0;0;1.0;0;0
901348;0;1670.0;0;93.0;29.25;1020.0;14.29;34.0;3.06;0;893.96;1.0;0;1.0;0;0
901725;0;1520.0;0;93.0;29.25;1020.0;14.39;33.0;3.12;12.5;646.1;1.0;0;1.0;0;0
902155;0;1540.0;0;93.0;29.25;1020.0;14.39;33.0;3.21;13.0;148.53;1.0;0;1.0;0;0
902558;0;1520.0;0;93.0;30.0;1020.0;14.20;34.0;3.22;11.5;71.25;1.0;0;1.0;0;0
902951;0;1820.0;0.94;93.0;30.0;1020.0;14.11;34.0;3.24;17.0;881.14;1.0;0;1.0;0;0
903332;0;1600.0;0;93.0;30.0;1020.0;14.29;34.0;3.05;3.0;919.21;1.0;0;1.0;0;0
903707;0;1570.0;0;93.0;30.0;1020.0;14.29;33.0;3.09;16.0;521.51;1.0;0;1.0;0;0
904092;0;1650.0;0;93.0;30.0;1020.0;14.20;34.0;3.03;10.0;307.14;1.0;0;1.0;0;0
904411;0;1470.0;0;93.0;30.0;1020.0;14.39;33.0;3.2;15.0;574.46;1.0;0;1.0;0;0
904748;0;1570.0;0;93.0;30.0;1020.0;14.29;33.0;3.07;13.0;88.95;1.0;0;1.0;0;0
905119;0;1550.0;0;93.0;30.0;1020.0;14.20;32.0;3.02;11.0;771.97;1.0;0;1.0;0;0
905519;0;1600.0;0;93.0;30.0;1020.0;14.29;32.0;2.96;9.5;786.16;1.0;0;1.0;0;0
905889;0;1480.0;0;93.0;30.0;1020.0;14.39;31.0;2.98;20.0;629.16;1.0;0;1.0;0;0
906252;0;1440.0;0;93.0;30.0;1020.0;14.20;31.0;3.06;21.5;89.18;1.0;0;1.0;0;0
906650;0;1480.0;0;93.75;30.0;1020.0;14.39;31.0;3.04;17.0;146.62;1.0;0;1.0;0;0
907020;0;1540.0;0;93.75;30.0;1020.0;14.20;29.0;2.99;13.0;552.41;1.0;0;1.0;0;0
907357;0;1480.0;0;93.75;30.0;1020.0;14.20;29.0;2.99;15.0;809.20;1.0;0;1.0;0;0
907670;0;1500.0;0;93.75;30.0;1020.0;14.39;30.0;2.92;21.0;661.20;1.0;0;1.0;0;0
907999;0;1430.0;0;93.75;30.0;1020.0;14.39;30.0;3.08;14.5;608.10;1.0;0;1.0;0;0
908393;0;1420.0;0;93.75;30.0;1020.0;14.29;30.0;3.09;17.5;461.55;1.0;0;1.0;0;0
908707;0;1430.0;0;93.75;30.0;1020.0;14.39;30.0;3.09;17.5;80.71;1.0;0;1.0;0;0
909044;0;1460.0;0;93.75;30.0;1020.0;14.39;30.0;3.11;15.5;65.45;1.0;0;1.0;0;0
909368;0;1820.0;0.47;93.75;30.0;1020.0;14.29;34.0;3.07;17.0;796.46;1.0;0;1.0;0;0
909762;0;1940.0;0.47;93.75;30.0;1020.0;14.20;34.0;2.98;17.5;876.26;1.0;0;1.0;0;0
910075;0;1990.0;0.47;93.75;30.0;1020.0;14.11;34.0;2.92;18.0;858.94;1.0;0;1.0;0;0
910463;0;2040.0;0.47;93.75;30.0;1020.0;14.11;34.0;2.84;18.0;863.90;1.0;0;1.0;0;0
910829;0;1940.0;0.47;93.75;30.0;1020.0;14.11;34.0;2.89;18.0;757.17;1.0;0;1.0;0;0
911224;0;1860.0;0.47;93.75;30.0;1020.0;14.20;34.0;2.95;17.5;117.94;1.0;0;1.0;0;0
911538;0;1870.0;0.47;93.75;30.0;1020.0;14.20;34.0;2.98;17.5;64.84;1.0;0;1.0;0;0
911929;0;1900.0;0.47;93.75;30.0;1020.0;14.20;34.0;2.98;17.5;79.34;1.0;0;1.0;0;0
912241;0;1850.0;0.47;93.75;30.0;1020.0;14.20;34.0;3.05;17.5;71.10;1.0;0;1.0;0;0
912636;0;1720.0;0;93.75;30.0;1020.0;14.29;34.0;3.00;0;159.36;1.0;0;1.0;0;0
912965;0;1530.0;0;93.75;30.0;1020.0;14.29;33.0;3.11;20.0;250.15;1.0;0;1.0;0;0
913302;0;1510.0;0;93.75;30.0;1020.0;14.39;33.0;3.11;9.5;87.50;1.0;0;1.0;0;0
913615;0;1510.0;0;93.75;30.0;1020.0;14.39;32.0;3.12;15.0;123.20;1.0;0;1.0;0;0
914011;0;1510.0;0;93.75;30.0;1020.0;14.39;32.0;3.15;12.5;506.56;1.0;0;1.0;0;0
914338;0;1490.0;0;93.75;30.0;1020.0;14.39;31.0;3.07;14.5;843.46;1.0;0;1.0;0;0
914650;0;1480.0;0;93.75;30.0;1020.0;14.29;30.0;3.01;12.5;576.90;1.0;0;1.0;0;0
915045;0;1490.0;0;93.75;30.0;1020.0;14.20;30.0;3.04;17.5;304.24;1.0;0;1.0;0;0
915423;0;1480.0;0;93.75;30.0;1020.0;14.39;29.0;2.95;19.0;591.09;1.0;0;1.0;0;0
915732;0;1450.0;0;93.75;30.0;1020.0;14.29;29.0;3.02;16.0;93.45;1.0;0;1.0;0;0
916070;0;1500.0;0;93.75;30.0;1020.0;14.29;29.0;2.99;13.0;351.92;1.0;0;1.0;0;0
916440;0;1410.0;0;93.75;30.0;1020.0;14.39;29.0;3.01;17.0;845.97;1.0;0;1.0;0;0
916775;0;1470.0;0;93.75;30.0;1020.0;14.29;29.0;2.94;15.5;801.73;1.0;0;1.0;0;0
917147;0;1440.0;0;93.75;30.0;1020.0;14.29;30.0;3.06;17.5;341.77;1.0;0;1.0;0;0
917485;0;1540.0;0;93.75;30.75;1020.0;14.29;30.0;2.98;15.5;766.10;1.0;0;1.0;0;0
917855;0;1470.0;0;93.75;30.75;1020.0;14.39;29.0;2.90;15.5;853.45;1.0;0;1.0;0;0
918249;0;1500.0;0;93.75;30.75;1020.0;14.20;30.0;3.05;13.0;152.19;1.0;0;1.0;0;0
918586;0;1460.0;0;93.75;30.75;1020.0;14.39;30.0;3.07;12.0;666.77;1.0;0;1.0;0;0
918957;0;1520.0;0;94.5;30.75;1020.0;14.29;30.0;2.93;15.5;157.30;1.0;0;1.0;0;0
919293;0;1470.0;0;93.75;30.75;1020.0;14.29;30.0;3.03;13.0;749.32;1.0;0;1.0;0;0
919667;0;1470.0;0;94.5;30.75;1020.0;14.20;30.0;3.02;12.0;825.53;1.0;0;1.0;0;0
919980;0;1420.0;0;94.5;30.75;1020.0;14.39;30.0;3.08;18.0;358.79;1.0;0;1.0;0;0
920375;0;1510.0;0;94.5;30.75;1020.0;14.39;30.0;2.95;18.0;65.45;1.0;0;1.0;0;0
920703;0;1470.0;0;94.5;30.75;1020.0;14.39;30.0;2.95;15.5;746.19;1.0;0;1.0;0;0
921016;0;1470.0;0;94.5;30.75;1020.0;14.20;30.0;2.97;17.0;489.85;1.0;0;1.0;0;0
921411;0;1520.0;0;94.5;30.75;1020.0;14.20;30.0;2.96;12.5;116.26;1.0;0;1.0;0;0
921749;0;1500.0;0;94.5;30.75;1020.0;14.29;30.0;3.00;13.0;108.17;1.0;0;1.0;0;0
922111;0;1500.0;0;94.5;30.75;1020.0;14.39;30.0;3.00;18.0;108.56;1.0;0;1.0;0;0
922481;0;1460.0;0;94.5;30.75;1020.0;14.29;30.0;3.02;13.0;794.10;1.0;0;1.0;0;0
922818;0;1480.0;0;94.5;30.75;1020.0;14.29;30.0;3.00;14.5;826.29;1.0;0;1.0;0;0
923206;0;1520.0;0;94.5;30.75;1020.0;14.20;30.0;2.93;12.5;699.04;1.0;0;1.0;0;0
923519;0;1470.0;0;94.5;30.75;1020.0;14.20;30.0;3.00;17.0;123.51;1.0;0;1.0;0;0
923920;0;1480.0;0;94.5;30.75;1020.0;14.39;30.0;3.02;19.0;90.63;1.0;0;1.0;0;0
924233;0;1530.0;0;94.5;30.75;1020.0;14.20;30.0;3.00;12.0;711.78;1.0;0;1.0;0;0
924565;0;1420.0;0;94.5;30.75;1020.0;14.39;30.0;3.03;17.0;625.65;1.0;0;1.0;0;0
924937;0;1440.0;0;94.5;30.75;1020.0;14.20;30.0;3.08;15.5;709.87;1.0;0;1.0;0;0
925275;0;1480.0;0;94.5;30.75;1020.0;14.20;30.0;3.02;17.0;760.22;1.0;0;1.0;0;0
925646;0;1410.0;0;94.5;30.75;1020.0;14.29;30.0;3.03;14.5;812.03;1.0;0;1.0;0;0
926076;0;1480.0;0;94.5;30.75;1020.0;14.39;31.0;3.02;15.0;205.22;1.0;0;1.0;0;0
926450;0;1520.0;0;95.25;30.75;1020.0;14.20;31.0;3.03;11.5;81.09;1.0;0;1.0;0;0
926845;0;1490.0;0;95.25;30.75;1020.0;14.29;31.0;3.05;14.5;762.74;1.0;0;1.0;0;0
927164;0;1510.0;0;95.25;30.75;1020.0;14.39;31.0;2.99;13.0;102.76;1.0;0;1.0;0;0
927536;0;1480.0;0;95.25;30.75;1020.0;14.39;30.0;3.01;16.0;519.00;1.0;0;1.0;0;0
927913;0;1490.0;0;95.25;30.75;1020.0;14.39;30.0;2.99;12.5;820.27;1.0;0;1.0;0;0
928351;0;1500.0;0;95.25;30.75;1020.0;14.39;30.0;2.95;13.0;383.50;1.0;0;1.0;0;0
928664;0;1470.0;0;95.25;30.75;1020.0;14.39;30.0;3.00;15.5;549.97;1.0;0;1.0;0;0
929059;0;1450.0;0;95.25;30.75;1020.0;14.20;30.0;2.97;18.0;449.88;1.0;0;1.0;0;0
929371;0;1450.0;0;95.25;30.75;1020.0;14.20;30.0;3.02;15.0;248.09;1.0;0;1.0;0;0
929755;0;1460.0;0;95.25;30.75;1020.0;14.20;30.0;3.02;14.0;159.67;1.0;0;1.0;0;0
930150;0;1470.0;0;95.25;30.75;1020.0;14.39;30.0;2.99;13.0;767.70;1.0;0;1.0;0;0
930461;0;1450.0;0;95.25;30.75;1020.0;14.29;30.0;2.97;14.0;839.49;1.0;0;1.0;0;0
930797;0;1490.0;0;95.25;30.75;1020.0;14.39;30.0;2.94;14.5;497.48;1.0;0;1.0;0;0
931188;0;1510.0;0;95.25;30.75;1020.0;14.39;30.0;2.95;17.0;113.82;1.0;0;1.0;0;0
931500;0;1500.0;0;95.25;30.75;1020.0;14.29;30.0;2.98;14.0;68.43;1.0;0;1.0;0;0
931876;0;1470.0;0;95.25;30.75;1020.0;14.29;30.0;3.06;17.5;181.49;1.0;0;1.0;0;0
932225;0;1490.0;0;95.25;30.75;1020.0;14.20;30.0;3.04;14.5;732.76;1.0;0;1.0;0;0
932604;0;1490.0;0;95.25;30.75;1020.0;14.29;30.0;3.02;13.0;853.53;1.0;0;1.0;0;0
932974;0;1440.0;0;95.25;30.75;1020.0;14.20;30.0;3.03;15.0;832.17;1.0;0;1.0;0;0
933311;0;1500.0;0;95.25;30.75;1020.0;14.39;30.0;2.96;15.5;204.83;1.0;0;1.0;0;0
933691;0;1410.0;0;95.25;30.75;1020.0;14.39;30.0;3.06;15.5;94.37;1.0;0;1.0;0;0
934061;0;1550.0;0;95.25;30.0;1020.0;14.39;30.0;3.00;11.0;347.95;1.0;0;1.0;0;0
934399;0;1510.0;0;95.25;30.0;1020.0;14.20;30.0;2.96;18.0;816.22;1.0;0;1.0;0;0
934725;0;1480.0;0;95.25;30.0;1020.0;14.20;30.0;2.99;18.5;831.86;1.0;0;1.0;0;0
935037;0;1460.0;0;95.25;30.0;1020.0;14.39;30.0;2.99;15.5;180.80;1.0;0;1.0;0;0
935417;0;1530.0;0;95.25;30.0;1020.0;14.39;29.0;2.91;12.0;571.56;1.0;0;1.0;0;0
935846;0;1440.0;0;95.25;30.0;1020.0;14.39;30.0;3.02;17.0;784.41;1.0;0;1.0;0;0
936256;0;1550.0;0;95.25;30.0;1020.0;14.29;30.0;2.96;12.5;117.02;1.0;0;1.0;0;0
936682;0;1370.0;0;95.25;30.0;1020.0;14.39;31.0;3.12;16.0;689.43;1.0;0;1.0;0;0
936997;0;1800.0;1.88;95.25;30.75;1020.0;14.20;36.0;3.60;16.5;652.12;1.0;0;1.0;0;0
937381;0;2080.0;0;95.25;30.75;1020.0;14.11;36.0;2.79;0.5;905.63;1.0;0;1.0;0;0
937751;0;1600.0;0;95.25;30.75;1020.0;14.20;36.0;3.04;5.0;883.20;1.0;0;1.0;0;0
938151;0;1490.0;0;96.0;30.75;1020.0;14.29;35.0;3.14;14.0;225.74;1.0;0;1.0;0;0
938520;0;1510.0;0;96.0;30.75;1020.0;14.29;34.0;3.08;17.0;55.76;1.0;0;1.0;0;0
938845;0;1470.0;0;96.0;30.75;1020.0;14.20;33.0;3.16;12.5;70.03;1.0;0;1.0;0;0
939215;0;1550.0;0;96.0;30.75;1020.0;14.39;33.0;3.09;11.5;104.66;1.0;0;1.0;0;0
939553;0;1530.0;0;96.0;30.75;1020.0;14.29;32.0;3.09;12.0;677.07;1.0;0;1.0;0;0
939939;0;1490.0;0;96.0;30.75;1020.0;14.29;32.0;3.13;12.5;845.52;1.0;0;1.0;0;0
940277;0;1490.0;0;96.0;30.75;1020.0;14.20;31.0;3.02;13.0;550.27;1.0;0;1.0;0;0
940589;0;1490.0;0;96.0;30.75;1020.0;14.29;30.0;3.06;18.0;116.18;1.0;0;1.0;0;0
940984;0;1470.0;0;96.0;30.75;1020.0;14.39;30.0;3.08;15.5;365.04;1.0;0;1.0;0;0
941348;0;1500.0;0;96.0;30.75;1020.0;14.39;29.0;2.97;14.5;492.14;1.0;0;1.0;0;0
941717;0;1460.0;0;96.0;30.75;1020.0;14.39;29.0;3.01;15.0;397.85;1.0;0;1.0;0;0
942055;0;1800.0;0.47;96.0;30.75;1020.0;14.20;34.0;3.00;16.5;599.25;1.0;0;1.0;0;0
942431;0;1900.0;0;96.0;30.75;1020.0;14.20;34.0;2.81;0;884.73;1.0;0;1.0;0;0
942834;0;1460.0;0;96.0;30.75;1020.0;14.39;34.0;3.07;16.0;662.65;1.0;0;1.0;0;0
943210;0;1500.0;0;96.0;30.75;1020.0;14.39;33.0;3.03;14.0;64.61;1.0;0;1.0;0;0
943551;0;1530.0;0;96.0;30.75;1020.0;14.29;32.0;3.06;12.0;73.23;1.0;0;1.0;0;0
943876;0;1490.0;0;96.0;30.75;1020.0;14.29;32.0;3.11;16.0;321.40;1.0;0;1.0;0;0
944280;0;1430.0;0;96.0;30.75;1020.0;14.39;31.0;3.04;13.0;800.28;1.0;0;1.0;0;0
944652;0;1490.0;0;96.0;31.5;1020.0;14.39;30.0;3.00;14.0;159.98;1.0;0;1.0;0;0
945029;0;1510.0;0;96.0;31.5;1020.0;14.20;31.0;3.07;21.0;90.93;1.0;0;1.0;0;0
945424;0;1470.0;0;96.0;31.5;1020.0;14.29;33.0;3.11;15.5;456.51;1.0;0;1.0;0;0
945739;0;1820.0;0.47;96.0;31.5;1020.0;14.29;34.0;3.15;17.0;882.52;1.0;0;1.0;0;0
946110;0;1710.0;0;96.0;31.5;1020.0;14.20;34.0;2.91;0;929.74;1.0;0;1.0;0;0
946494;0;1440.0;0;96.0;31.5;1020.0;14.39;33.0;3.07;17.0;569.73;1.0;0;1.0;0;0
946875;0;1540.0;0;96.0;31.5;1020.0;14.20;33.0;3.13;15.0;73.00;1.0;0;1.0;0;0
947244;0;1480.0;0.47;96.0;31.5;1020.0;14.39;34.0;3.31;16.0;60.11;1.0;0;1.0;0;0
947669;0;1920.0;0.47;96.0;31.5;1020.0;14.20;34.0;2.90;17.5;891.52;1.0;0;1.0;0;0
948039;0;1620.0;0;96.0;31.5;1020.0;14.39;34.0;2.96;6.5;889.54;1.0;0;1.0;0;0
948376;0;1570.0;0;96.0;31.5;1020.0;14.20;33.0;2.99;14.5;204.15;1.0;0;1.0;0;0
948733;0;1500.0;0;96.0;31.5;1020.0;14.20;33.0;3.05;17.5;62.93;1.0;0;1.0;0;0
949131;0;1480.0;0;96.0;31.5;1020.0;14.20;32.0;3.16;12.5;69.19;1.0;0;1.0;0;0
949444;0;1550.0;0;96.0;31.5;1020.0;14.20;31.0;3.05;10.0;81.55;1.0;0;1.0;0;0
949819;0;1490.0;0;96.0;31.5;1020.0;14.29;31.0;3.14;15.5;66.60;1.0;0;1.0;0;0
950209;0;1480.0;0;96.0;31.5;1020.0;14.29;30.0;3.18;12.5;77.96;1.0;0;1.0;0;0
950581;0;1500.0;0;96.0;31.5;1020.0;14.29;29.0;3.08;12.5;591.47;1.0;0;1.0;0;0
950956;0;1580.0;0;96.75;31.5;1020.0;14.20;34.0;3.21;16.0;373.36;1.0;0;1.0;0;0
951334;0;1840.0;0;96.75;31.5;1020.0;14.20;34.0;3.05;17.0;777.39;1.0;0;1.0;0;0
951729;0;1650.0;0;96.75;31.5;1020.0;14.20;34.0;3.04;3.5;918.98;1.0;0;1.0;0;0
952100;0;1510.0;0;96.75;31.5;1020.0;14.39;33.0;3.09;11.5;841.78;1.0;0;1.0;0;0
952473;0;1870.0;4.70;96.75;31.5;1020.0;14.11;36.0;4.27;17.0;915.63;1.0;0;1.0;0;0
952844;0;1910.0;0;96.75;31.5;1020.0;14.29;36.0;2.86;0.5;936.45;1.0;0;1.0;0;0
953275;0;1500.0;0;96.75;31.5;1020.0;14.39;35.0;3.09;10.0;817.21;1.0;0;1.0;0;0
953649;0;1530.0;0;96.75;31.5;1020.0;14.39;34.0;3.11;12.5;113.44;1.0;0;1.0;0;0
954044;0;1550.0;0;96.75;31.5;1020.0;14.39;34.0;3.06;14.5;69.34;1.0;0;1.0;0;0
954357;0;1550.0;0;96.75;32.25;1020.0;14.29;33.0;3.06;9.5;449.95;1.0;0;1.0;0;0
954751;0;1530.0;0;96.75;32.25;1020.0;14.39;32.0;3.07;12.0;183.40;1.0;0;1.0;0;0
955064;0;1540.0;0;96.75;32.25;1020.0;14.29;32.0;3.08;12.0;717.58;1.0;0;1.0;0;0
955391;0;1480.0;0;96.75;32.25;1020.0;14.39;31.0;3.02;15.5;839.34;1.0;0;1.0;0;0
955786;0;1490.0;0;96.75;32.25;1020.0;14.20;31.0;3.03;14.5;369.77;1.0;0;1.0;0;0
956109;0;1470.0;0;96.75;32.25;1020.0;14.39;30.0;3.01;14.0;113.21;1.0;0;1.0;0;0
956485;0;1440.0;0;96.75;32.25;1020.0;14.20;29.0;3.00;17.0;706.75;1.0;0;1.0;0;0
956857;0;1450.0;0;96.75;32.25;1020.0;14.29;29.0;2.97;17.0;563.78;1.0;0;1.0;0;0
957195;0;1470.0;0;96.75;32.25;1020.0;14.39;29.0;2.97;17.5;170.66;1.0;0;1.0;0;0
957565;0;1410.0;0;96.75;32.25;1020.0;14.39;29.0;2.98;17.5;816.15;1.0;0;1.0;0;0
957950;0;1470.0;0;96.75;32.25;1020.0;14.39;30.0;2.99;15.5;741.92;1.0;0;1.0;0;0
958296;0;1500.0;0;96.75;32.25;1020.0;14.29;30.0;2.98;14.0;753.36;1.0;0;1.0;0;0
958610;0;1450.0;0;96.75;32.25;1020.0;14.29;30.0;3.07;14.0;835.60;1.0;0;1.0;0;0
959002;0;1400.0;0.94;96.75;32.25;1020.0;14.39;35.0;3.35;15.0;394.34;1.0;0;1.0;0;0
959365;0;1770.0;0.94;96.75;32.25;1020.0;14.20;36.0;3.27;17.0;885.19;1.0;0;1.0;0;0
959763;0;1890.0;1.88;96.75;32.25;1020.0;14.29;36.0;3.41;17.5;869.55;1.0;0;1.0;0;0
960075;0;1760.0;1.88;96.75;32.25;1020.0;14.11;36.0;3.42;17.0;883.05;1.0;0;1.0;0;0
960468;3.0;1570.0;1.88;96.75;32.25;1020.0;14.20;36.0;3.59;16.5;840.25;1.0;0;1.0;0;0
960780;4.0;1550.0;1.41;96.75;32.25;1020.0;14.39;36.0;3.55;16.5;831.10;1.0;0;1.0;0;0
961118;4.0;1890.0;1.88;96.75;32.25;1020.0;14.29;36.0;3.32;18.0;471.77;1.0;0;1.0;0;0
961489;6.0;2000.0;2.35;96.75;31.5;1020.0;14.20;36.0;3.34;18.5;830.79;1.0;0;1.0;0;0
961823;7.0;1850.0;1.88;96.75;31.5;1020.0;14.11;36.0;3.34;17.5;880.53;1.0;0;1.0;0;0
962217;7.0;1790.0;0;96.75;31.5;1020.0;14.20;36.0;2.78;15.0;873.13;1.0;0;1.0;0;0
962531;7.0;1640.0;0;96.75;31.5;1020.0;14.20;35.0;2.87;15.0;162.34;1.0;0;1.0;0;0
962911;7.0;1530.0;0;96.75;31.5;1020.0;14.39;35.0;2.97;15.0;54.24;1.0;0;1.0;0;0
963266;7.0;1770.0;0.94;96.75;31.5;1020.0;14.20;34.0;3.06;16.5;444.54;1.0;0;1.0;0;0
963689;9.0;1640.0;1.41;96.75;31.5;1020.0;14.29;36.0;4.30;17.0;894.11;1.0;0;0;0;0
964042;12.0;1650.0;0;97.5;31.5;1020.0;14.11;34.0;2.97;16.0;931.57;1.0;0;1.0;0;0
964439;12.0;1640.0;0;97.5;31.5;1020.0;14.20;33.0;3.00;15.0;851.85;1.0;0;1.0;0;0
964809;10.0;1550.0;0;97.5;31.5;1020.0;14.39;33.0;2.94;15.0;694.46;1.0;0;1.0;0;0
965181;10.0;1550.0;0;97.5;31.5;1020.0;14.39;33.0;2.99;15.0;132.74;1.0;0;1.0;0;0
965564;10.0;1560.0;0;97.5;31.5;1020.0;14.29;33.0;3.03;15.0;105.96;1.0;0;1.0;0;0
965936;12.0;1580.0;0;97.5;30.75;1020.0;14.20;33.0;3.05;15.0;104.82;1.0;0;1.0;0;0
966331;12.0;1580.0;0;97.5;30.75;1020.0;14.39;33.0;3.08;15.0;157.61;1.0;0;1.0;0;0
966644;10.0;1560.0;0;97.5;30.75;1020.0;14.39;33.0;3.06;15.0;687.98;1.0;0;1.0;0;0
966971;9.0;1490.0;0;97.5;30.75;1020.0;14.39;33.0;3.11;15.0;803.25;1.0;0;1.0;0;0
967309;10.0;1530.0;0;97.5;30.75;1020.0;14.39;33.0;3.11;15.0;309.58;1.0;0;1.0;0;0
967679;9.0;1560.0;0;97.5;30.75;1020.0;14.29;33.0;3.08;15.0;505.57;1.0;0;1.0;0;0
968033;7.0;1550.0;0;97.5;30.75;1020.0;14.39;33.0;3.03;15.0;397.47;1.0;0;1.0;0;0
968345;7.0;1460.0;0;97.5;30.75;1020.0;14.39;33.0;3.17;15.0;371.53;1.0;0;1.0;0;0
968740;7.0;1520.0;0;97.5;30.75;1020.0;14.20;33.0;3.09;15.0;414.86;1.0;0;1.0;0;0
969055;7.0;1550.0;0;97.5;30.75;1020.0;14.39;33.0;3.01;15.0;720.86;1.0;0;1.0;0;0
969438;7.0;1620.0;0;97.5;30.75;1020.0;14.39;33.0;2.97;15.0;346.66;1.0;0;1.0;0;0
969830;6.0;1560.0;0;97.5;30.75;1020.0;14.29;33.0;3.03;15.0;737.26;1.0;0;1.0;0;0
970184;6.0;1600.0;0;97.5;30.75;1020.0;14.20;33.0;2.95;15.0;713.15;1.0;0;1.0;0;0
970644;4.0;1470.0;0;97.5;30.75;1020.0;14.20;33.0;3.12;15.5;179.12;1.0;0;1.0;0;0
971033;6.0;1610.0;0.47;97.5;30.75;1020.0;14.20;34.0;3.17;16.5;94.67;1.0;0;1.0;0;0
971426;6.0;1830.0;0;97.5;30.75;1020.0;14.20;34.0;2.91;17.5;873.36;1.0;0;1.0;0;0
971800;6.0;1590.0;0;97.5;30.75;1020.0;14.29;34.0;2.98;15.0;860.55;1.0;0;1.0;0;0
972122;7.0;1380.0;0;97.5;30.75;1020.0;14.39;47.0;3.42;28.5;162.11;1.0;0;1.0;0;0
972460;7.0;1620.0;1.88;97.5;30.75;1020.0;14.39;33.0;3.09;15.0;73.46;1.0;0;0;0;0
972855;9.0;1460.0;10.82;97.5;30.75;1020.0;14.20;36.0;5.97;11.5;762.51;1.0;0;0;0;0
973184;9.0;2020.0;0;97.5;30.75;1020.0;14.20;36.0;2.81;15.0;935.23;1.0;0;1.0;0;0
973557;9.0;1510.0;0;97.5;30.75;1020.0;14.29;35.0;3.11;16.0;903.04;1.0;0;1.0;0;0
973949;6.0;1580.0;0;97.5;30.75;1020.0;14.20;35.0;3.10;15.0;756.49;1.0;0;0;0;0
974344;4.0;2260.0;10.82;97.5;30.75;1020.0;14.11;36.0;4.79;17.0;855.51;1.0;0;1.0;0;0
974748;6.0;2030.0;0;97.5;30.75;1020.0;14.11;34.0;2.74;15.0;913.57;1.0;0;1.0;0;0
975087;7.0;1620.0;0.94;97.5;30.75;1020.0;14.29;34.0;3.27;17.0;925.39;1.0;0;0;0;0
975457;10.0;1510.0;9.88;97.5;30.75;1020.0;14.39;36.0;5.84;12.5;925.85;1.0;0;0;0;0
975804;13.0;1660.0;0;97.5;30.75;1020.0;14.29;36.0;3.07;15.0;932.95;1.0;0;1.0;0;0
976141;12.0;1840.0;0;97.5;30.75;1020.0;14.11;36.0;2.93;15.0;920.20;1.0;0;1.0;0;0
976510;12.0;1860.0;0;97.5;30.75;1020.0;14.29;35.0;2.87;15.0;907.24;1.0;0;1.0;0;0
976884;9.0;1820.0;0;97.5;30.75;1020.0;14.20;34.0;2.80;15.0;891.52;1.0;0;1.0;0;0
977209;7.0;1650.0;0;97.5;30.75;1020.0;14.20;34.0;2.84;15.0;792.80;1.0;0;1.0;0;0
977604;7.0;1600.0;0;97.5;30.75;1020.0;14.39;33.0;2.86;15.0;166.38;1.0;0;1.0;0;0
977930;4.0;1500.0;0;97.5;30.75;1020.0;14.39;33.0;2.98;17.0;54.92;1.0;0;1.0;0;0
978328;4.0;1450.0;0;97.5;30.75;1020.0;14.29;33.0;3.14;15.0;50.58;1.0;0;1.0;0;0
978725;6.0;1580.0;0.47;97.5;30.75;1020.0;14.20;34.0;3.21;16.0;51.11;1.0;0;1.0;0;0
979109;6.0;1500.0;0.94;97.5;30.75;1020.0;14.39;34.0;3.32;16.0;306.76;1.0;0;1.0;0;0
979449;7.0;1390.0;0;97.5;30.75;1020.0;14.39;34.0;3.21;17.0;852.31;1.0;0;1.0;0;0
979770;7.0;1490.0;0;97.5;30.75;1020.0;14.39;34.0;3.05;15.0;518.00;1.0;0;1.0;0;0
980140;9.0;1350.0;0.47;97.5;30.75;1020.0;14.20;34.0;4.24;15.5;77.20;1.0;0;0;0;0
980479;10.0;1490.0;7.05;97.5;30.75;1020.0;14.39;36.0;5.58;12.5;878.32;1.0;0;0;0;0
980863;13.0;1610.0;7.05;97.5;30.75;1020.0;14.39;36.0;5.57;15.0;943.63;1.0;0;0;0;0
981201;13.0;1790.0;0;97.5;30.75;1020.0;14.39;34.0;2.91;15.0;955.53;1.0;0;1.0;0;0
981514;13.0;1870.0;0;97.5;30.75;1020.0;14.20;34.0;2.83;15.0;915.25;1.0;0;1.0;0;0
981909;13.0;1830.0;0;98.25;30.75;1020.0;14.29;33.0;2.83;15.0;901.21;1.0;0;1.0;0;0
982271;13.0;1720.0;0;98.25;30.75;1020.0;14.29;33.0;2.83;15.0;875.12;1.0;0;1.0;0;0
982691;12.0;1560.0;0;98.25;30.75;1020.0;14.39;33.0;2.90;15.0;508.93;1.0;0;1.0;0;0
983020;12.0;1480.0;0;98.25;30.75;1020.0;14.29;33.0;3.02;15.0;62.40;1.0;0;1.0;0;0
983334;10.0;1420.0;0;98.25;30.0;1020.0;14.39;33.0;3.08;15.0;52.18;1.0;0;1.0;0;0
983731;10.0;1470.0;0;98.25;30.0;1020.0;14.29;33.0;3.09;15.0;64.46;1.0;0;1.0;0;0
984107;9.0;1560.0;0;98.25;30.0;1020.0;14.20;33.0;3.05;15.0;63.24;1.0;0;1.0;0;0
984420;9.0;1560.0;0;98.25;30.0;1020.0;14.39;33.0;3.08;15.0;93.53;1.0;0;1.0;0;0
984801;9.0;1600.0;0;98.25;30.0;1020.0;14.39;33.0;3.01;15.0;737.41;1.0;0;1.0;0;0
985231;7.0;1530.0;0;98.25;30.75;1020.0;14.39;33.0;3.05;15.0;822.94;1.0;0;1.0;0;0
985601;7.0;1490.0;0;98.25;30.75;1020.0;14.39;33.0;3.11;18.5;113.90;1.0;0;1.0;0;0
985988;9.0;1540.0;0;98.25;30.75;1020.0;14.20;33.0;3.12;15.0;91.24;1.0;0;1.0;0;0
986358;9.0;1640.0;0;98.25;30.75;1020.0;14.20;33.0;3.04;15.0;643.65;1.0;0;1.0;0;0
986695;9.0;1640.0;0;98.25;30.0;1020.0;14.20;33.0;3.00;15.0;800.73;1.0;0;1.0;0;0
987091;7.0;1510.0;0;98.25;30.0;1020.0;14.39;33.0;3.08;15.0;844.68;1.0;0;1.0;0;0
987450;9.0;1550.0;0;98.25;30.0;1020.0;14.29;33.0;3.09;15.0;328.88;1.0;0;1.0;0;0
987787;7.0;1590.0;0.47;98.25;30.0;1020.0;14.29;34.0;3.27;16.5;86.05;1.0;0;0;0;0
988159;9.0;1900.0;1.88;98.25;30.0;1020.0;14.20;34.0;4.07;17.5;906.17;1.0;0;0;0;0
988510;9.0;1760.0;4.70;98.25;30.0;1020.0;14.20;36.0;5.05;17.0;957.13;1.0;0;0;0;0
988888;12.0;1580.0;4.70;98.25;30.0;1020.0;14.20;36.0;5.26;15.5;954.69;1.0;0;0;0;0
989203;13.0;1760.0;0;98.25;30.0;1020.0;14.29;36.0;3.47;15.0;954.15;1.0;0;1.0;0;0
989597;13.0;1900.0;0;98.25;30.0;1020.0;14.20;36.0;2.89;15.0;941.72;1.0;0;1.0;0;0
989916;13.0;1750.0;0;98.25;29.25;1020.0;14.29;35.0;2.91;15.0;890.38;1.0;0;1.0;0;0
990288;12.0;1700.0;0;98.25;29.25;1020.0;14.20;34.0;2.88;15.0;850.63;1.0;0;1.0;0;0
990684;12.0;1620.0;0;98.25;29.25;1020.0;14.39;34.0;2.91;15.0;633.51;1.0;0;1.0;0;0
991000;10.0;1510.0;0;98.25;29.25;1020.0;14.39;33.0;3.00;15.0;71.02;1.0;0;1.0;0;0
991348;12.0;1490.0;0;98.25;29.25;1020.0;14.20;33.0;3.07;15.5;49.58;1.0;0;1.0;0;0
991661;9.0;1570.0;0;98.25;29.25;1020.0;14.20;33.0;3.04;15.0;61.71;1.0;0;1.0;0;0
992055;10.0;1620.0;0;98.25;29.25;1020.0;14.20;34.0;3.08;15.0;283.41;1.0;0;1.0;0;0
992384;9.0;1650.0;0;98.25;29.25;1020.0;14.20;34.0;2.96;15.0;884.73;1.0;0;1.0;0;0
992696;10.0;1580.0;0;98.25;29.25;1020.0;14.20;33.0;2.99;15.0;799.06;1.0;0;1.0;0;0
993034;9.0;1530.0;0;98.25;29.25;1020.0;14.29;33.0;3.05;15.0;166.38;1.0;0;1.0;0;0
993429;9.0;1460.0;0;98.25;29.25;1020.0;14.39;33.0;3.11;18.0;69.50;1.0;0;1.0;0;0
993791;9.0;1600.0;0;98.25;29.25;1020.0;14.39;33.0;3.02;15.0;82.08;1.0;0;1.0;0;0
994127;9.0;1630.0;0;98.25;29.25;1020.0;14.20;33.0;3.06;15.0;472.92;1.0;0;1.0;0;0
994508;9.0;1690.0;0;98.25;29.25;1020.0;14.20;33.0;2.98;15.0;852.15;1.0;0;1.0;0;0
994840;7.0;1660.0;0;98.25;29.25;1020.0;14.39;33.0;2.93;15.0;874.74;1.0;0;1.0;0;0
995165;7.0;1530.0;0;98.25;29.25;1020.0;14.39;33.0;3.02;15.0;745.50;1.0;0;1.0;0;0
995536;7.0;1460.0;0;98.25;29.25;1020.0;14.39;33.0;3.09;15.0;213.07;1.0;0;1.0;0;0
995873;6.0;1590.0;0;98.25;29.25;1020.0;14.20;33.0;3.05;15.0;73.39;1.0;0;1.0;0;0
996259;6.0;1640.0;0;98.25;29.25;1020.0;14.20;33.0;3.00;15.0;690.34;1.0;0;1.0;0;0
996662;4.0;1660.0;0;98.25;29.25;1020.0;14.29;33.0;2.93;15.0;845.29;1.0;0;1.0;0;0
997001;3.0;1480.0;0;98.25;29.25;1020.0;14.39;33.0;3.08;15.0;330.71;1.0;0;1.0;0;0
997314;4.0;1520.0;0;98.25;29.25;1020.0;14.39;33.0;3.07;15.0;66.44;1.0;0;1.0;0;0
997694;4.0;1560.0;0;98.25;29.25;1020.0;14.29;33.0;3.06;15.0;71.25;1.0;0;1.0;0;0
998031;3.0;1590.0;0;98.25;29.25;1020.0;14.29;33.0;3.06;15.0;632.13;1.0;0;1.0;0;0
998401;3.0;1610.0;0;98.25;29.25;1020.0;14.29;33.0;2.99;15.0;778.61;1.0;0;1.0;0;0
998751;3.0;1530.0;0;98.25;30.0;1020.0;14.20;33.0;3.03;15.0;783.72;1.0;0;1.0;0;0
999064;3.0;1470.0;0;98.25;30.0;1020.0;14.29;33.0;3.11;15.5;114.43;1.0;0;1.0;0;0
999459;0;1520.0;0;98.25;30.0;1020.0;14.29;33.0;3.07;15.0;72.93;1.0;0;1.0;0;0
999771;0;1500.0;0;98.25;30.0;1020.0;14.29;32.0;3.08;12.0;71.25;1.0;0;1.0;0;0
1000155;0;1530.0;0;98.25;30.0;1020.0;14.29;32.0;3.11;11.0;481.31;1.0;0;1.0;0;0
1000530;0;1510.0;0;98.25;30.0;1020.0;14.20;31.0;3.01;10.0;844.68;1.0;0;1.0;0;0
1000868;0;1470.0;0;98.25;30.0;1020.0;14.39;30.0;2.97;15.5;740.39;1.0;0;1.0;0;0
1001239;0;1440.0;0;98.25;30.0;1020.0;14.39;30.0;3.05;16.0;121.45;1.0;0;1.0;0;0
1001622;0;1520.0;0;98.25;30.0;1020.0;14.39;29.0;2.93;16.0;92.38;1.0;0;1.0;0;0
1002018;0;1440.0;0;98.25;30.0;1020.0;14.39;29.0;2.98;15.0;806.76;1.0;0;1.0;0;0
1002389;0;1450.0;0;98.25;30.0;1020.0;14.20;29.0;2.97;21.0;198.96;1.0;0;1.0;0;0
1002716;0;1470.0;0;98.25;30.0;1020.0;14.29;29.0;3.00;14.5;434.54;1.0;0;1.0;0;0
1003089;0;1560.0;0;98.25;30.0;1020.0;14.29;29.0;2.88;10.0;806.61;1.0;0;1.0;0;0
1003499;0;1430.0;0;98.25;30.0;1020.0;14.39;29.0;2.94;17.0;838.65;1.0;0;1.0;0;0
1003871;0;1360.0;0;98.25;30.0;1020.0;14.39;30.0;3.10;20.0;113.74;1.0;0;1.0;0;0
1004272;0;1440.0;0;98.25;30.0;1020.0;14.39;30.0;3.11;17.5;111.99;1.0;0;1.0;0;0
1004643;0;1420.0;0;99.0;30.0;1020.0;14.29;31.0;3.16;18.0;773.73;1.0;0;1.0;0;0
1005047;0;1540.0;0;98.25;30.0;1020.0;14.20;31.0;3.03;14.5;79.26;1.0;0;1.0;0;0
1005403;0;1510.0;0;98.25;30.0;1020.0;14.39;31.0;2.99;14.0;815.38;1.0;0;1.0;0;0
1005798;0;1510.0;0;99.0;30.0;1020.0;14.39;31.0;2.99;14.5;371.37;1.0;0;1.0;0;0
1006135;0;1500.0;0;98.25;30.0;1020.0;14.29;31.0;3.04;13.0;104.66;1.0;0;1.0;0;0
1006499;0;1520.0;0;99.0;30.0;1020.0;14.39;31.0;3.04;19.0;75.22;1.0;0;1.0;0;0
1006843;0;1470.0;0;99.0;30.0;1020.0;14.39;31.0;3.07;14.0;811.72;1.0;0;1.0;0;0
1007155;0;1490.0;0;99.0;30.0;1020.0;14.39;30.0;3.01;12.0;837.66;1.0;0;1.0;0;0
1007493;0;1520.0;0;99.0;30.0;1020.0;14.29;30.0;2.95;15.0;797.15;1.0;0;1.0;0;0
1007893;0;1500.0;0;99.0;30.0;1020.0;14.29;30.0;2.93;17.5;758.93;1.0;0;1.0;0;0
1008201;0;1500.0;0;99.0;30.0;1020.0;14.20;30.0;2.96;18.0;675.92;1.0;0;1.0;0;0
1008631;0;1530.0;0;99.0;30.0;1020.0;14.29;30.0;2.98;11.0;276.01;1.0;0;1.0;0;0
1009023;0;1450.0;0;99.0;30.0;1020.0;14.39;30.0;2.97;14.0;612.45;1.0;0;1.0;0;0
1009338;0;1500.0;0;99.0;30.0;1020.0;14.39;30.0;2.97;15.0;111.53;1.0;0;1.0;0;0
1009715;0;1490.0;0;99.0;30.0;1020.0;14.39;30.0;3.04;14.5;85.90;1.0;0;1.0;0;0
1010052;0;1470.0;0;99.0;30.0;1020.0;14.39;30.0;3.10;18.0;161.35;1.0;0;1.0;0;0
1010431;0;1560.0;0;99.0;30.0;1020.0;14.39;30.0;2.99;11.5;821.71;1.0;0;1.0;0;0
1010804;0;1490.0;0;99.0;30.0;1020.0;14.29;30.0;3.02;12.5;836.06;1.0;0;1.0;0;0
1011199;0;1530.0;0;99.0;30.0;1020.0;14.29;29.0;2.89;11.0;664.86;1.0;0;1.0;0;0
1011538;0;1470.0;0;99.0;30.0;1020.0;14.39;29.0;2.93;14.5;200.94;1.0;0;1.0;0;0
1011890;0;1450.0;0;99.0;30.0;1020.0;14.39;29.0;2.97;17.0;68.96;1.0;0;1.0;0;0
1012285;0;1490.0;0;99.0;30.0;1020.0;14.29;29.0;3.00;16.0;77.35;1.0;0;1.0;0;0
1012599;0;1510.0;0;99.0;30.0;1020.0;14.39;29.0;2.94;11.5;679.05;1.0;0;1.0;0;0
1012990;0;1480.0;0;99.0;30.0;1020.0;14.39;29.0;2.95;17.0;730.93;1.0;0;1.0;0;0
1013362;0;1460.0;0;99.0;30.0;1020.0;14.39;29.0;2.92;16.0;704.69;1.0;0;1.0;0;0
1013759;0;1460.0;0;99.0;30.0;1020.0;14.39;29.0;2.95;13.0;156.39;1.0;0;1.0;0;0
1014147;0;1490.0;0;99.0;30.0;1020.0;14.39;29.0;2.95;15.0;788.45;1.0;0;1.0;0;0
1014521;0;1510.0;0;99.0;30.0;1020.0;14.20;29.0;2.88;13.0;362.37;1.0;0;1.0;0;0
1014915;0;1510.0;0;99.0;30.75;1020.0;14.20;29.0;2.93;11.5;585.52;1.0;0;1.0;0;0
1015227;0;1480.0;0;99.0;30.75;1020.0;14.29;29.0;2.92;14.0;107.41;1.0;0;1.0;0;0
1015612;0;1450.0;0;99.0;30.75;1020.0;14.39;29.0;2.93;15.0;281.89;1.0;0;1.0;0;0
1016008;0;1480.0;0;99.0;30.75;1020.0;14.20;29.0;2.93;15.0;664.10;1.0;0;1.0;0;0
1016320;0;1510.0;0;99.0;30.75;1020.0;14.39;30.0;2.93;13.0;170.66;1.0;0;1.0;0;0
1016707;0;1490.0;0;99.0;30.75;1020.0;14.29;29.0;2.97;12.5;496.26;1.0;0;1.0;0;0
1017077;0;1540.0;0;99.0;30.75;1020.0;14.29;29.0;2.88;12.0;648.77;1.0;0;1.0;0;0
1017506;0;1480.0;0;99.0;30.75;1020.0;14.29;29.0;2.88;14.0;797.84;1.0;0;1.0;0;0
1017880;0;1440.0;0;99.0;30.75;1020.0;14.20;29.0;2.93;15.5;137.39;1.0;0;1.0;0;0
1018338;0;1440.0;0;99.0;30.75;1020.0;14.29;29.0;2.96;15.5;96.20;1.0;0;1.0;0;0
