##;##
#2011-09-07 09:18:28
#GS-911 Mobile WM5 V1009.2
#F800GS
#BMS-KP2
Time (ms);Speed( km/h);RPM;Intake air temperature( °C);Engine temperature( °C);Battery voltage( V)
285;0;1340.00;33.75;63.75;14.21
649;0;1347.00;33.75;63.75;14.30
1014;0;1354.00;33.75;63.75;14.21
1429;0;1308.00;33.75;64.50;14.21
1846;0;1325.00;33.75;64.50;14.21
2211;0;1379.00;33.75;64.50;14.11
2575;0;1329.00;33.75;64.50;14.21
2941;0;1312.00;33.75;64.50;14.30
3275;0;1339.00;33.75;64.50;14.21
3644;0;1308.00;33.75;64.50;14.21
4004;0;1299.00;33.75;64.50;14.21
4365;0;1375.00;33.75;64.50;14.30
4729;0;1332.00;33.75;64.50;14.21
5092;0;1330.00;33.75;64.50;14.30
5459;0;1311.00;33.75;64.50;14.21
5825;0;1362.00;33.75;65.25;14.21
6239;0;1327.00;33.75;65.25;14.21
6598;0;1279.00;33.75;65.25;14.30
6961;0;1344.00;33.75;65.25;14.21
7245;0;1329.00;33.75;65.25;14.21
7609;0;1347.00;33.75;65.25;14.21
7970;0;1323.00;33.75;65.25;14.21
8250;0;2594.00;33.75;65.25;14.02
8614;0;2153.00;33.00;65.25;14.11
8983;0;1416.00;33.00;65.25;14.21
9317;5.00;1421.00;33.00;65.25;14.11
9700;6.00;1469.00;33.00;66.00;14.30
10071;7.00;1392.00;33.00;66.00;14.30
10436;6.00;1262.00;33.00;66.00;14.39
10805;7.00;1432.00;33.00;66.00;14.21
11182;7.00;1591.00;33.00;66.00;14.11
11546;7.00;2014.00;33.00;66.00;14.11
11906;8.00;1960.00;33.00;66.00;14.11
12190;10.00;1383.00;33.00;66.00;14.30
12565;12.00;1476.00;33.00;66.00;14.11
12933;12.00;1380.00;33.00;66.00;14.30
13218;12.00;1487.00;33.00;66.00;14.11
13582;11.00;1352.00;33.00;66.00;14.30
14000;10.00;1370.00;33.00;66.75;14.11
14347;10.00;1345.00;33.00;66.75;14.21
14712;10.00;1309.00;33.00;66.75;14.30
15077;8.00;1420.00;33.00;66.75;14.21
15447;8.00;1373.00;33.00;66.75;14.21
15807;7.00;1292.00;33.00;66.75;14.30
16176;8.00;1651.00;33.00;66.75;14.11
16550;8.00;1884.00;33.00;66.75;14.02
16915;8.00;1857.00;33.00;66.75;14.11
17198;8.00;1346.00;33.00;66.75;14.21
17564;8.00;1413.00;33.00;66.75;14.21
17924;8.00;1411.00;33.00;66.75;14.21
18253;10.00;1516.00;33.00;67.50;14.21
18627;8.00;1485.00;33.00;67.50;14.11
19049;10.00;1429.00;33.00;67.50;14.30
19473;10.00;1734.00;33.00;67.50;14.21
19838;12.00;2016.00;33.00;67.50;14.21
20202;12.00;1394.00;33.00;67.50;14.21
20562;12.00;1309.00;33.00;67.50;14.30
20927;13.00;1402.00;33.00;67.50;14.30
21215;12.00;1391.00;33.00;67.50;14.39
21584;11.00;1374.00;33.00;68.25;14.21
21958;12.00;1405.00;33.00;68.25;14.21
22294;15.00;1788.00;33.00;68.25;14.21
22710;16.00;1935.00;33.00;68.25;14.11
23129;17.00;2014.00;33.00;68.25;14.02
23566;18.00;2055.00;33.00;68.25;14.02
23956;18.00;2104.00;33.00;68.25;14.11
24265;18.00;1952.00;33.00;68.25;14.21
24655;17.00;1953.00;33.00;68.25;14.11
25098;16.00;1731.00;33.00;68.25;14.11
25488;13.00;1560.00;33.00;68.25;14.21
25931;12.00;1384.00;33.00;69.00;14.30
26251;12.00;1432.00;33.00;69.00;14.30
26634;11.00;1392.00;33.00;69.00;14.21
27027;11.00;1335.00;33.00;69.00;14.21
27463;11.00;1386.00;33.00;69.00;14.39
27851;10.00;1369.00;33.00;69.00;14.21
28241;8.00;1295.00;33.00;69.00;14.30
28633;8.00;1368.00;33.00;69.00;14.11
29021;8.00;1322.00;33.00;69.00;14.30
29328;7.00;1356.00;33.00;69.00;14.21
29722;8.00;1363.00;33.00;69.00;14.30
30113;7.00;1340.00;33.00;69.00;14.21
30512;6.00;1343.00;33.00;69.00;14.30
30903;6.00;1347.00;33.00;69.00;14.21
31267;7.00;2268.00;33.00;69.75;14.11
31711;6.00;1479.00;33.00;69.75;14.21
32154;6.00;1345.00;33.00;69.75;14.30
32597;6.00;1612.00;33.00;69.75;14.11
32986;7.00;1992.00;33.00;69.75;14.11
33293;7.00;1306.00;33.00;69.75;14.21
33718;7.00;1545.00;33.00;69.75;14.21
34105;11.00;1966.00;33.00;69.75;14.11
34503;17.00;2046.00;33.00;69.75;14.11
34893;23.00;2460.00;33.00;69.75;14.02
35337;27.00;3147.00;33.00;70.50;14.02
35778;30.00;2858.00;33.00;70.50;14.02
36216;31.00;2442.00;33.00;70.50;13.92
36606;30.00;2440.00;33.00;70.50;14.02
37049;28.00;2252.00;33.00;70.50;14.02
37436;27.00;2173.00;33.00;70.50;14.02
37885;25.00;2041.00;33.00;70.50;14.11
38326;23.00;2009.00;33.00;70.50;14.02
38717;25.00;1936.00;33.00;70.50;14.21
39111;26.00;2040.00;33.00;70.50;14.02
39503;28.00;2250.00;33.00;70.50;14.11
39961;31.00;2460.00;33.00;70.50;14.02
40272;33.00;2583.00;33.00;70.50;14.02
40669;35.00;2722.00;33.00;70.50;13.83
41060;36.00;2864.00;33.00;70.50;14.02
41453;36.00;2011.00;33.00;71.25;14.02
41891;37.00;2311.00;33.00;71.25;14.11
42285;38.00;2376.00;33.00;71.25;14.02
42677;38.00;2328.00;33.00;71.25;14.02
43114;37.00;2353.00;33.00;71.25;14.02
43502;37.00;2320.00;33.00;71.25;14.02
43887;36.00;2290.00;33.00;72.00;14.11
44283;36.00;2240.00;33.00;72.00;14.02
44676;36.00;2220.00;33.00;72.00;14.11
45064;36.00;2243.00;33.00;72.00;14.11
45449;36.00;2240.00;33.00;72.00;14.11
45834;36.00;2237.00;33.00;72.00;14.11
46217;36.00;2259.00;33.00;72.00;14.02
46608;36.00;2223.00;33.00;72.00;14.02
46995;36.00;2189.00;33.00;72.00;14.02
47300;35.00;2178.00;33.00;72.00;14.11
47744;33.00;1991.00;33.00;72.00;14.11
48182;31.00;1962.00;33.00;72.00;14.11
48569;30.00;1878.00;33.00;72.75;14.02
48964;28.00;1811.00;33.00;72.75;14.02
49372;27.00;1741.00;33.00;72.75;14.02
49811;27.00;2580.00;33.00;72.75;14.02
50247;25.00;1957.00;33.00;72.75;14.02
50636;23.00;1882.00;33.00;72.75;14.11
51028;22.00;1779.00;33.00;72.75;14.11
51340;20.00;1625.00;33.00;72.75;14.21
51731;17.00;1444.00;33.00;72.75;14.21
52169;16.00;1315.00;33.00;72.75;14.30
52611;15.00;1233.00;33.00;72.75;14.21
53004;13.00;1281.00;33.00;72.75;14.21
53311;13.00;1295.00;33.00;72.75;14.21
53696;13.00;1381.00;33.00;72.75;14.39
54085;12.00;1513.00;33.00;72.75;14.30
54479;12.00;2084.00;33.00;73.50;14.11
54872;15.00;2001.00;33.00;73.50;14.11
55262;17.00;2007.00;33.00;73.50;14.02
55653;17.00;1283.00;33.00;73.50;14.30
56092;16.00;1425.00;33.00;73.50;14.30
56480;15.00;1446.00;33.00;73.50;14.21
56871;16.00;2024.00;33.00;73.50;14.21
57259;18.00;2111.00;33.00;73.50;14.02
57650;18.00;1681.00;33.00;73.50;14.11
58039;18.00;1385.00;33.00;73.50;14.30
58347;17.00;1527.00;33.00;73.50;14.21
58739;13.00;1520.00;33.00;74.25;14.30
59135;11.00;1321.00;33.00;74.25;14.21
59528;10.00;1317.00;33.00;74.25;14.30
59970;7.00;1284.00;33.00;74.25;14.21
60281;6.00;1292.00;33.00;74.25;14.21
60668;6.00;1247.00;33.00;74.25;14.21
61104;5.00;1300.00;33.00;74.25;14.21
61493;5.00;1320.00;33.00;74.25;14.21
61878;3.00;1334.00;33.00;74.25;14.30
62321;2.00;1306.00;33.00;74.25;14.30
62761;0;1322.00;33.00;74.25;14.30
63147;0;1881.00;33.00;74.25;14.11
63535;0;1873.00;33.00;74.25;14.30
63935;0;1903.00;33.00;75.00;14.11
64330;7.00;1361.00;33.00;75.00;14.21
64727;7.00;1407.00;33.00;75.00;14.21
65112;8.00;1376.00;33.00;75.00;14.21
65501;7.00;1349.00;33.00;75.00;14.11
65893;7.00;1289.00;33.00;75.00;14.30
66282;7.00;1303.00;33.00;75.00;14.21
66670;7.00;1319.00;33.00;75.00;14.30
67059;7.00;1301.00;33.00;75.00;14.30
67364;7.00;1422.00;33.00;75.00;14.30
67751;8.00;1796.00;33.00;75.00;14.30
68140;8.00;1319.00;33.00;75.00;14.30
68527;8.00;1304.00;33.00;75.00;14.21
68922;7.00;1296.00;33.00;75.00;14.39
69315;5.00;1276.00;33.00;75.00;14.30
69707;0;1280.00;33.00;75.00;14.21
70151;0;1301.00;33.00;75.00;14.39
70539;0;1280.00;33.00;75.00;14.21
70943;0;1320.00;33.00;75.00;14.21
71327;0;1331.00;33.00;75.00;14.21
71716;0;1312.00;33.00;75.00;14.30
72105;0;1361.00;33.00;75.00;14.30
72490;0;1314.00;33.00;75.00;14.11
72928;0;1323.00;33.00;75.00;14.21
73315;0;1364.00;33.00;75.00;14.39
73702;0;1339.00;33.00;75.00;14.30
74143;0;1314.00;33.00;75.00;14.30
74577;0;1327.00;33.00;75.00;14.30
74960;0;1315.00;33.00;75.00;14.21
75399;0;1294.00;33.00;75.75;14.30
75842;0;1317.00;33.00;75.75;14.30
76225;0;1333.00;33.00;75.75;14.30
76660;0;1314.00;33.00;75.75;14.21
77097;0;1293.00;33.00;75.75;14.30
77486;0;1302.00;33.00;75.75;14.21
77877;0;1398.00;33.00;75.75;14.30
78266;0;1672.00;33.00;75.75;14.21
78656;0;1366.00;33.00;75.75;14.30
79053;0;1293.00;33.00;75.75;14.21
79413;0;1277.00;33.00;75.75;14.30
79801;0;1285.00;33.00;75.75;14.21
80190;0;1263.00;33.00;75.75;14.30
80579;0;1287.00;33.00;75.75;14.30
80964;0;1304.00;33.00;75.75;14.21
81354;0;1281.00;33.00;75.75;14.30
81743;0;1296.00;33.00;75.75;14.30
82127;0;2106.00;33.00;75.75;14.02
82514;0;2219.00;33.00;76.50;14.02
82902;0;1349.00;33.00;76.50;14.21
83294;0;1344.00;33.00;76.50;14.21
83730;0;1284.00;33.00;76.50;14.30
84118;0;1218.00;33.00;76.50;14.30
84504;0;1258.00;33.00;76.50;14.30
84888;3.00;1214.00;33.00;76.50;14.30
85327;5.00;1336.00;33.00;76.50;14.21
85769;5.00;1352.00;33.00;76.50;14.21
86154;5.00;1361.00;33.00;76.50;14.21
86540;6.00;1651.00;33.00;76.50;14.21
86929;6.00;1315.00;33.00;76.50;14.21
87314;6.00;1321.00;33.00;76.50;14.30
87703;8.00;2179.00;33.00;76.50;14.11
88095;11.00;1858.00;33.00;76.50;14.11
88408;16.00;1805.00;33.00;76.50;14.11
88796;20.00;2248.00;33.00;76.50;14.11
89190;27.00;3006.00;33.00;76.50;13.92
89634;33.00;3681.00;33.00;76.50;13.92
90023;35.00;3311.00;33.00;76.50;13.92
90332;41.00;3222.00;33.00;77.25;14.02
90777;47.00;3716.00;33.00;77.25;14.02
91166;53.00;4124.00;33.00;77.25;14.02
91554;55.00;3824.00;33.00;77.25;14.02
91995;60.00;3708.00;33.00;77.25;13.92
92389;63.00;3912.00;33.00;77.25;14.02
92831;67.00;4094.00;33.00;77.25;14.02
93275;71.00;4368.00;33.00;77.25;13.92
93666;72.00;4177.00;33.00;77.25;13.92
94058;73.00;3822.00;33.00;77.25;13.92
94366;76.00;3965.00;33.00;77.25;13.92
94755;77.00;3670.00;33.00;77.25;14.02
95151;78.00;3653.00;33.00;78.00;14.02
95594;80.00;3701.00;33.00;78.00;14.02
95985;82.00;3779.00;32.25;78.00;13.92
96381;83.00;3867.00;32.25;78.00;13.92
96769;85.00;4179.00;32.25;78.00;13.73
97162;86.00;3639.00;32.25;78.75;14.02
97560;86.00;3657.00;32.25;78.75;14.02
97945;87.00;3710.00;32.25;78.75;14.02
98333;88.00;3752.00;32.25;78.75;14.02
98721;88.00;3779.00;32.25;78.75;14.02
99107;90.00;3801.00;32.25;78.75;13.83
99420;90.00;3862.00;32.25;79.50;14.02
99811;91.00;3871.00;32.25;79.50;13.83
100203;91.00;3897.00;32.25;79.50;14.02
100594;92.00;3906.00;32.25;79.50;14.02
100985;92.00;3924.00;32.25;79.50;14.02
101375;92.00;3936.00;32.25;79.50;13.92
101763;92.00;3948.00;32.25;80.25;14.02
102155;93.00;3952.00;32.25;80.25;14.02
102542;93.00;3945.00;32.25;80.25;13.83
102931;93.00;3956.00;32.25;80.25;13.92
103319;92.00;3946.00;32.25;80.25;13.92
103707;92.00;3926.00;32.25;81.00;14.02
104100;92.00;3929.00;32.25;81.00;13.92
104409;92.00;3901.00;32.25;81.00;14.02
104798;91.00;3878.00;32.25;81.00;13.83
105191;91.00;3887.00;32.25;81.00;13.92
105629;91.00;3875.00;32.25;81.00;13.92
106013;91.00;3868.00;32.25;81.00;13.92
106398;91.00;3882.00;32.25;81.75;13.92
106786;91.00;3891.00;32.25;81.75;14.02
107174;92.00;3912.00;32.25;81.75;14.02
107613;92.00;3908.00;32.25;81.75;13.92
108002;92.00;3934.00;32.25;81.75;13.92
108387;92.00;3934.00;32.25;81.75;13.92
108768;93.00;3937.00;32.25;81.75;14.02
109212;93.00;3944.00;32.25;81.75;13.92
109601;92.00;3963.00;32.25;82.50;13.92
109993;92.00;3949.00;32.25;82.50;14.02
110381;92.00;3934.00;32.25;82.50;14.02
110764;92.00;3923.00;32.25;82.50;13.92
111155;91.00;3635.00;32.25;82.50;14.02
111602;88.00;3722.00;32.25;82.50;14.02
111990;86.00;3632.00;32.25;82.50;14.02
112378;83.00;3562.00;32.25;82.50;14.02
112766;82.00;3458.00;32.25;82.50;13.92
113157;78.00;3356.00;32.25;82.50;14.02
113549;75.00;3183.00;32.25;82.50;14.02
113987;70.00;2987.00;32.25;83.25;14.02
114380;66.00;2819.00;32.25;83.25;14.11
114771;61.00;2619.00;32.25;83.25;14.02
115214;56.00;2411.00;32.25;83.25;14.11
115605;51.00;2176.00;32.25;83.25;14.02
116048;46.00;2005.00;32.25;83.25;14.02
116356;42.00;1823.00;32.25;83.25;14.02
116798;38.00;1283.00;32.25;83.25;14.39
117190;35.00;1687.00;32.25;83.25;14.21
117634;32.00;1380.00;32.25;83.25;14.21
118022;30.00;1446.00;32.25;83.25;14.21
118426;27.00;1452.00;32.25;83.25;14.11
118870;23.00;1263.00;32.25;83.25;14.30
119313;21.00;1342.00;32.25;83.25;14.30
119702;20.00;1307.00;32.25;83.25;14.39
120095;18.00;1270.00;32.25;83.25;14.21
120457;17.00;1222.00;32.25;83.25;14.30
120849;15.00;1269.00;32.25;83.25;14.21
121241;13.00;1239.00;32.25;83.25;14.30
121683;12.00;1260.00;32.25;83.25;14.21
122074;11.00;1292.00;32.25;83.25;14.21
122384;11.00;1207.00;32.25;83.25;14.39
122771;10.00;1241.00;32.25;83.25;14.30
123163;10.00;1273.00;32.25;83.25;14.30
123598;8.00;1256.00;32.25;83.25;14.21
123991;6.00;1273.00;32.25;83.25;14.21
124384;2.00;1260.00;32.25;83.25;14.39
124828;0;1266.00;32.25;83.25;14.39
125215;0;1234.00;32.25;83.25;14.30
125604;0;1264.00;32.25;83.25;14.30
126042;0;1248.00;32.25;83.25;14.30
126425;0;1855.00;32.25;83.25;14.11
126863;0;2110.00;32.25;83.25;14.11
127249;10.00;2280.00;32.25;83.25;14.02
127697;17.00;2634.00;32.25;83.25;14.02
128087;23.00;2993.00;32.25;83.25;14.02
128397;30.00;3325.00;32.25;83.25;14.02
128785;33.00;3702.00;32.25;83.25;14.02
129180;38.00;3076.00;32.25;83.25;14.02
129573;43.00;3419.00;32.25;83.25;14.02
129963;48.00;3797.00;32.25;83.25;13.92
130406;53.00;4230.00;32.25;83.25;13.92
130795;56.00;3662.00;32.25;83.25;14.02
131187;58.00;3646.00;32.25;83.25;14.02
131636;62.00;3846.00;32.25;83.25;13.92
132078;65.00;3983.00;32.25;83.25;13.92
132384;68.00;4187.00;32.25;83.25;13.92
132823;71.00;4304.00;32.25;83.25;14.02
133215;72.00;3787.00;32.25;83.25;14.02
133606;75.00;3928.00;32.25;83.25;14.02
133995;78.00;4038.00;32.25;82.50;14.02
134437;81.00;4197.00;32.25;82.50;14.02
134829;82.00;4315.00;32.25;82.50;14.02
135218;85.00;4414.00;32.25;82.50;14.02
135607;87.00;4487.00;32.25;82.50;14.02
135997;86.00;4278.00;32.25;82.50;14.02
136439;88.00;4087.00;32.25;81.75;14.02
136831;90.00;4138.00;32.25;81.75;14.02
137217;91.00;4183.00;32.25;81.75;13.92
137659;92.00;4256.00;32.25;81.75;13.92
138046;91.00;4023.00;32.25;81.75;14.02
138439;93.00;3947.00;32.25;81.75;14.02
138877;93.00;3976.00;32.25;81.75;14.02
139265;95.00;4008.00;31.50;81.00;13.92
139664;95.00;4047.00;31.50;81.00;13.92
140050;96.00;4079.00;31.50;81.00;14.02
140442;96.00;4099.00;31.50;81.00;14.02
140831;97.00;4117.00;31.50;81.00;14.02
141220;97.00;4116.00;31.50;81.00;14.02
141605;96.00;4096.00;31.50;81.00;14.02
142046;96.00;4073.00;31.50;81.00;13.92
142435;95.00;4035.00;31.50;81.00;14.02
142879;95.00;4017.00;31.50;81.00;14.02
143265;93.00;3994.00;31.50;81.00;14.02
143653;93.00;3979.00;31.50;81.00;13.83
144090;93.00;3962.00;31.50;81.00;14.02
144404;92.00;3935.00;31.50;81.00;13.83
144797;92.00;3907.00;31.50;81.00;14.02
145185;91.00;3881.00;31.50;81.00;14.02
145576;91.00;3879.00;31.50;81.00;14.02
146013;91.00;3851.00;31.50;81.00;14.02
146396;91.00;3862.00;31.50;81.00;13.92
146836;91.00;3859.00;31.50;81.00;14.02
147225;91.00;3873.00;31.50;81.00;13.92
147614;91.00;3875.00;31.50;81.00;14.02
148002;91.00;3889.00;31.50;81.00;13.92
148441;91.00;3885.00;31.50;81.00;13.92
148825;92.00;3872.00;31.50;81.00;14.02
149222;92.00;3906.00;31.50;81.00;14.02
149657;92.00;3891.00;31.50;81.00;13.92
150045;92.00;3906.00;31.50;81.00;14.02
150485;92.00;3907.00;31.50;81.00;13.92
150872;92.00;3914.00;31.50;81.00;14.02
151261;92.00;3926.00;31.50;81.00;14.02
151646;92.00;3935.00;31.50;81.00;14.02
152035;92.00;3940.00;31.50;81.00;14.02
152420;92.00;3932.00;31.50;81.00;14.02
152806;92.00;3941.00;31.50;81.00;14.02
153189;92.00;3920.00;31.50;81.00;14.02
153624;92.00;3937.00;31.50;81.00;14.02
154014;92.00;3939.00;31.50;81.00;14.02
154398;92.00;3931.00;31.50;81.00;14.02
154783;92.00;3932.00;31.50;81.00;14.02
155168;92.00;3944.00;31.50;81.00;13.92
155474;92.00;3918.00;31.50;81.00;14.02
155913;92.00;3927.00;31.50;81.00;14.02
156298;92.00;3926.00;31.50;81.00;14.02
156743;92.00;3919.00;31.50;81.75;13.83
157185;92.00;3911.00;31.50;81.75;14.02
157492;92.00;3918.00;31.50;81.75;14.02
157928;92.00;3911.00;31.50;81.75;13.92
158317;92.00;3915.00;31.50;81.75;14.02
158705;92.00;3898.00;31.50;81.75;14.02
159092;92.00;3908.00;31.50;81.75;14.02
159397;92.00;3924.00;31.50;81.75;13.92
159786;92.00;3924.00;31.50;81.75;14.02
160174;92.00;3955.00;31.50;81.75;13.92
160483;92.00;3952.00;31.50;81.75;14.02
160922;92.00;3936.00;31.50;81.75;14.02
161306;92.00;3931.00;31.50;81.75;14.02
161749;92.00;3934.00;31.50;81.75;14.02
162132;92.00;3912.00;31.50;81.75;14.02
162437;92.00;3918.00;31.50;81.75;14.02
162822;92.00;3902.00;31.50;81.75;14.02
163207;92.00;3909.00;31.50;81.75;14.02
163592;92.00;3904.00;31.50;81.75;14.02
163977;92.00;3914.00;31.50;81.75;14.02
164364;92.00;3892.00;31.50;81.75;13.92
164803;92.00;3920.00;31.50;81.75;14.02
165195;92.00;3907.00;31.50;81.75;14.02
165551;92.00;3885.00;31.50;81.75;13.92
165955;91.00;3903.00;30.75;81.75;13.92
166349;92.00;3905.00;30.75;81.75;13.92
166738;92.00;3908.00;30.75;81.75;14.02
167128;92.00;3916.00;30.75;81.75;13.92
167486;92.00;3924.00;30.75;81.75;13.92
167872;92.00;3907.00;30.75;81.75;13.92
168258;92.00;3910.00;30.75;81.75;14.02
168649;92.00;3917.00;30.75;81.75;13.92
169088;92.00;3922.00;30.75;81.75;14.02
169476;92.00;3930.00;30.75;81.75;14.02
169916;92.00;3927.00;30.75;81.75;14.02
170301;92.00;3952.00;30.75;81.75;14.02
170688;92.00;3929.00;30.75;81.75;13.92
171078;93.00;3947.00;30.75;81.75;14.02
171492;93.00;3953.00;30.75;81.75;14.02
171889;92.00;3958.00;30.75;81.75;14.02
172279;93.00;3972.00;30.75;81.75;14.02
172667;92.00;3942.00;30.75;81.75;14.02
173055;92.00;3947.00;30.75;81.75;13.92
173496;92.00;3919.00;30.75;81.75;14.02
173935;92.00;3918.00;30.75;81.75;13.92
174324;92.00;3903.00;30.75;81.75;13.92
174712;92.00;3904.00;30.75;81.75;13.92
175099;92.00;3876.00;30.75;81.75;14.02
175538;92.00;3880.00;30.75;81.75;14.02
175922;91.00;3883.00;30.75;81.75;14.02
176311;91.00;3873.00;30.75;81.75;14.02
176697;91.00;3897.00;30.75;81.75;14.02
177133;91.00;3877.00;30.75;81.75;14.02
177436;91.00;3873.00;30.75;81.75;14.02
177871;92.00;3897.00;30.75;81.75;14.02
178261;92.00;3900.00;30.75;81.75;14.02
178647;92.00;3925.00;30.75;81.75;14.02
179033;92.00;3936.00;30.75;81.75;14.02
179419;92.00;3947.00;30.75;81.75;14.02
179803;92.00;3933.00;30.75;81.75;14.02
180189;93.00;3945.00;30.75;81.75;13.92
180500;93.00;3943.00;30.75;81.75;14.02
180888;93.00;3958.00;30.75;81.75;14.02
181273;92.00;3970.00;30.75;81.75;14.02
181712;93.00;3967.00;30.75;81.75;14.02
182100;93.00;3977.00;30.75;81.75;13.92
182489;93.00;3959.00;30.75;82.50;13.92
182877;93.00;3958.00;30.75;82.50;14.02
183316;93.00;3981.00;30.75;82.50;14.02
183698;93.00;3983.00;30.75;82.50;14.02
184134;93.00;3988.00;30.75;82.50;14.02
184490;93.00;3975.00;30.75;82.50;14.02
184873;93.00;3989.00;30.75;82.50;13.92
185311;93.00;3972.00;30.75;82.50;14.02
185700;93.00;3965.00;30.75;82.50;14.02
186083;92.00;3953.00;30.75;82.50;14.02
186472;92.00;3948.00;30.75;82.50;14.02
186858;92.00;3927.00;30.75;82.50;14.02
187293;91.00;3918.00;30.75;82.50;14.02
187681;91.00;3892.00;30.75;82.50;14.02
188071;91.00;3873.00;30.75;82.50;14.02
188455;91.00;3872.00;30.75;82.50;14.02
188839;91.00;3851.00;30.75;82.50;14.02
189276;91.00;3879.00;30.75;82.50;13.92
189667;91.00;3863.00;30.75;82.50;14.02
190055;91.00;3888.00;30.75;82.50;14.02
190439;91.00;3883.00;30.75;82.50;14.02
190823;92.00;3908.00;30.75;82.50;13.92
191215;92.00;3916.00;30.75;82.50;14.02
191522;92.00;3942.00;30.75;82.50;14.02
191917;92.00;3922.00;30.75;82.50;14.02
192302;92.00;3917.00;30.75;82.50;13.92
192690;92.00;3941.00;30.75;82.50;14.02
193078;92.00;3946.00;30.75;82.50;14.02
193513;93.00;3956.00;30.75;82.50;14.02
193901;92.00;3957.00;30.75;82.50;14.02
194289;92.00;3955.00;30.75;82.50;14.02
194676;92.00;3938.00;30.75;82.50;14.02
195060;91.00;3889.00;30.75;82.50;14.02
195447;91.00;3892.00;30.75;82.50;14.02
195834;91.00;3841.00;30.75;82.50;14.02
196268;90.00;3842.00;30.75;82.50;14.02
196657;90.00;3840.00;30.75;82.50;13.92
197044;91.00;3825.00;30.75;82.50;14.02
197437;91.00;3866.00;30.75;82.50;13.92
197824;91.00;3867.00;30.75;82.50;13.92
198210;91.00;3879.00;30.75;82.50;14.02
198568;91.00;3877.00;30.75;82.50;13.92
198957;91.00;3869.00;30.75;82.50;14.02
199346;91.00;3879.00;30.75;82.50;14.02
199731;90.00;3840.00;30.75;82.50;14.02
200177;90.00;3805.00;30.75;82.50;14.02
200482;90.00;3812.00;30.75;82.50;13.83
200869;90.00;3785.00;30.75;82.50;13.92
201258;88.00;3756.00;30.75;82.50;13.92
201646;88.00;3760.00;30.75;82.50;14.02
202084;88.00;3752.00;30.75;82.50;14.02
202468;88.00;3784.00;30.75;82.50;13.92
202908;87.00;3656.00;30.75;82.50;14.02
203298;86.00;3646.00;30.75;82.50;13.92
203740;85.00;3559.00;30.75;82.50;14.11
204132;82.00;3482.00;30.75;82.50;14.11
204523;80.00;3396.00;30.75;82.50;14.11
204961;77.00;3305.00;30.75;82.50;14.11
205353;76.00;3248.00;30.75;82.50;14.02
205748;73.00;3137.00;30.75;82.50;14.02
206135;72.00;3069.00;30.75;82.50;14.02
206524;71.00;3040.00;30.75;82.50;14.02
206917;68.00;2917.00;30.75;82.50;14.02
207305;67.00;2877.00;30.75;82.50;14.02
207696;66.00;2795.00;30.75;82.50;14.11
208088;65.00;2744.00;30.75;82.50;14.11
208527;63.00;2672.00;30.75;82.50;14.02
208918;61.00;2565.00;30.75;82.50;14.11
209311;57.00;2466.00;30.75;82.50;14.02
209754;53.00;2317.00;30.75;82.50;14.11
210145;51.00;2176.00;30.75;82.50;14.11
210534;48.00;2084.00;30.75;82.50;14.02
210925;45.00;1947.00;30.75;82.50;14.11
211316;42.00;1792.00;30.75;82.50;14.21
211707;37.00;1325.00;30.75;82.50;14.39
212099;33.00;1299.00;30.75;82.50;14.30
212542;31.00;1438.00;30.75;82.50;14.21
212932;28.00;1270.00;30.75;82.50;14.21
213321;26.00;1488.00;30.75;82.50;14.30
213727;25.00;1364.00;30.75;82.50;14.21
214154;23.00;1222.00;30.75;82.50;14.21
214546;21.00;1256.00;30.75;82.50;14.30
214938;20.00;1308.00;30.75;82.50;14.21
215332;20.00;1276.00;30.75;82.50;14.21
215769;17.00;1297.00;30.75;82.50;14.39
216161;15.00;1238.00;30.75;82.50;14.21
216472;13.00;1262.00;30.75;82.50;14.21
216913;12.00;1235.00;30.75;82.50;14.39
217356;11.00;1238.00;30.75;82.50;14.39
217743;8.00;1267.00;30.75;82.50;14.30
218185;7.00;1247.00;30.75;82.50;14.30
218494;5.00;1266.00;30.75;82.50;14.30
218881;3.00;1172.00;30.75;82.50;14.30
219270;0;1264.00;30.75;82.50;14.30
219657;0;1244.00;30.75;82.50;14.30
220092;0;1247.00;30.75;82.50;14.30
220478;0;1306.00;30.75;82.50;14.30
220863;0;1276.00;30.75;82.50;14.21
221300;0;1241.00;30.75;82.50;14.30
221689;0;1259.00;30.75;82.50;14.39
222078;0;1274.00;30.75;82.50;14.30
222466;0;1253.00;30.75;82.50;14.30
222849;0;1294.00;30.75;82.50;14.39
223288;0;1261.00;30.75;82.50;14.30
223675;0;1246.00;30.75;82.50;14.39
224115;0;1206.00;30.75;83.25;14.39
224503;0;1286.00;30.75;83.25;14.39
224892;0;1200.00;30.75;83.25;14.39
225274;0;1173.00;30.75;83.25;14.39
225659;0;1264.00;30.75;83.25;14.39
226045;0;1241.00;30.75;83.25;14.39
226430;0;1278.00;30.75;83.25;14.30
226816;0;1250.00;30.75;83.25;14.39
227256;0;1260.00;30.75;83.25;14.30
227572;0;1248.00;30.75;83.25;14.39
227958;0;1213.00;30.75;83.25;14.30
228402;0;1207.00;30.75;83.25;14.30
228785;0;1253.00;30.75;83.25;14.39
229225;0;1261.00;30.75;83.25;14.30
229544;0;1243.00;30.75;83.25;14.21
229932;0;1257.00;30.75;83.25;14.30
230318;0;1193.00;30.75;83.25;14.30
230754;0;1255.00;30.75;83.25;14.30
231140;0;1264.00;30.75;83.25;14.21
231527;0;1206.00;30.75;84.00;14.30
231934;0;1263.00;30.75;84.00;14.21
232326;0;1197.00;30.75;84.00;14.39
232715;0;1234.00;30.75;84.00;14.30
233105;0;1238.00;30.75;84.00;14.30
233489;0;1235.00;31.50;84.00;14.39
233930;0;1252.00;31.50;84.00;14.39
234315;0;1191.00;31.50;84.00;14.30
234757;0;1294.00;31.50;84.00;14.21
235146;0;1272.00;31.50;84.00;14.30
235536;0;1266.00;31.50;84.00;14.30
235920;0;1254.00;31.50;84.00;14.21
236357;0;1255.00;31.50;84.00;14.39
236748;0;1226.00;31.50;84.00;14.30
237137;0;1255.00;31.50;84.00;14.39
237525;0;1261.00;31.50;84.00;14.39
237909;0;1262.00;31.50;84.00;14.30
238348;0;1253.00;31.50;84.00;14.21
238735;0;1275.00;31.50;84.00;14.21
239118;0;1224.00;31.50;84.00;14.30
239506;0;1218.00;31.50;84.00;14.21
239895;0;1210.00;31.50;84.00;14.30
240290;0;1301.00;31.50;84.00;14.39
240599;0;1248.00;31.50;84.00;14.39
240983;0;1224.00;31.50;84.00;14.39
241418;0;1244.00;31.50;84.00;14.30
241806;0;1235.00;31.50;84.00;14.30
242191;0;1270.00;31.50;84.00;14.39
242630;0;1213.00;31.50;84.00;14.30
243020;0;1263.00;31.50;84.00;14.30
243456;0;1298.00;31.50;84.00;14.30
243840;0;1260.00;31.50;84.00;14.21
244226;0;1252.00;31.50;84.00;14.30
244539;0;1266.00;31.50;84.00;14.39
244930;0;1264.00;31.50;84.00;14.39
245313;0;1228.00;31.50;84.00;14.39
245750;0;1311.00;31.50;84.00;14.30
246138;0;1228.00;31.50;84.00;14.30
246521;0;1240.00;31.50;84.00;14.30
246904;0;1244.00;31.50;84.00;14.39
247343;0;1270.00;31.50;84.00;14.21
247732;0;1277.00;31.50;84.00;14.30
248119;0;1253.00;31.50;84.00;14.30
248504;0;1255.00;31.50;84.00;14.30
248892;0;1264.00;31.50;84.00;14.21
249280;0;1256.00;31.50;84.00;14.39
249638;0;1231.00;31.50;84.00;14.39
250021;0;1228.00;31.50;84.00;14.39
250405;0;1247.00;31.50;84.00;14.39
250841;0;1220.00;31.50;84.00;14.30
251230;0;1245.00;31.50;84.00;14.30
251534;0;1261.00;31.50;84.00;14.30
251917;0;1196.00;31.50;84.00;14.39
252311;0;1272.00;31.50;84.00;14.30
252697;0;1257.00;31.50;84.00;14.39
253084;0;1242.00;31.50;84.00;14.39
253519;0;1251.00;31.50;84.00;14.39
253903;0;1256.00;31.50;84.00;14.21
254289;0;2444.00;31.50;84.00;14.02
254611;0;2013.00;31.50;84.00;14.21
255002;7.00;1968.00;31.50;84.00;14.11
255446;12.00;2041.00;31.50;84.00;14.11
255890;18.00;2113.00;31.50;84.00;14.02
256280;21.00;2321.00;31.50;84.00;13.92
256591;25.00;2791.00;31.50;84.00;14.11
257033;30.00;3248.00;31.50;84.00;14.02
257478;35.00;3829.00;31.50;84.00;14.02
257866;40.00;4417.00;31.50;83.25;13.92
258312;42.00;3949.00;31.50;83.25;13.92
258621;48.00;3810.00;31.50;83.25;14.02
259013;53.00;4196.00;31.50;83.25;13.83
259406;58.00;4618.00;31.50;83.25;13.92
259797;61.00;4423.00;30.75;83.25;14.02
260192;66.00;4046.00;30.75;83.25;13.83
260584;70.00;4254.00;30.75;82.50;13.92
260991;73.00;4503.00;30.75;82.50;14.02
261433;77.00;4736.00;30.75;82.50;14.02
261823;78.00;4075.00;30.75;82.50;13.92
262218;81.00;4229.00;30.75;82.50;14.02
262660;83.00;4375.00;30.75;82.50;13.92
263054;86.00;4496.00;30.75;82.50;14.02
263499;88.00;4588.00;30.75;82.50;14.02
263939;90.00;4132.00;30.75;82.50;14.02
264327;91.00;4177.00;30.75;82.50;14.02
264719;92.00;4233.00;30.75;82.50;14.02
265108;93.00;4288.00;30.75;82.50;14.02
265546;95.00;4389.00;30.75;82.50;14.02
265937;97.00;4495.00;30.75;82.50;13.92
266328;97.00;4131.00;30.75;82.50;14.02
266637;98.00;4161.00;30.75;82.50;14.02
267025;98.00;4203.00;30.75;82.50;14.02
267409;100.00;4242.00;30.75;82.50;14.02
267855;101.00;4272.00;30.75;82.50;14.02
268242;101.00;4292.00;30.75;82.50;13.83
268551;102.00;4335.00;30.75;82.50;14.02
268993;102.00;4362.00;30.75;82.50;14.02
269378;103.00;4384.00;30.75;82.50;14.02
269766;103.00;4404.00;30.75;82.50;14.02
270151;103.00;4412.00;30.75;82.50;14.02
270536;103.00;4418.00;30.75;82.50;14.02
270921;105.00;4412.00;30.75;82.50;14.02
271309;105.00;4419.00;30.75;82.50;14.02
271664;105.00;4424.00;30.75;82.50;14.02
272049;105.00;4417.00;30.75;82.50;14.02
272433;103.00;4396.00;30.75;82.50;13.92
272876;102.00;4315.00;30.75;82.50;13.92
273266;101.00;4323.00;30.75;81.75;14.02
273580;100.00;4268.00;30.75;81.75;13.92
273971;100.00;4262.00;30.75;81.75;14.02
274359;101.00;4270.00;30.75;81.75;14.02
274800;102.00;4333.00;30.75;81.75;13.92
275193;102.00;4366.00;30.75;81.75;13.83
275582;103.00;4373.00;30.75;81.75;14.02
275974;103.00;4388.00;30.75;81.75;14.02
276360;103.00;4410.00;30.75;81.75;14.02
276746;103.00;4418.00;30.75;81.75;13.92
277133;103.00;4427.00;30.75;81.75;13.92
277520;105.00;4420.00;30.75;81.75;13.92
277908;105.00;4425.00;30.75;81.75;13.92
278292;105.00;4438.00;30.75;81.75;14.02
278599;105.00;4451.00;30.75;81.75;14.02
279035;105.00;4459.00;30.75;81.75;14.02
279422;105.00;4452.00;30.75;81.75;14.02
279808;105.00;4444.00;30.75;81.75;14.02
280192;105.00;4454.00;30.75;81.00;14.02
280549;105.00;4455.00;30.75;81.00;13.92
280938;105.00;4445.00;30.75;81.00;13.92
281324;105.00;4488.00;30.75;81.00;14.02
281632;105.00;4457.00;30.75;81.00;14.02
282016;105.00;4434.00;30.75;81.00;14.02
282450;105.00;4439.00;30.75;81.00;14.02
282834;105.00;4483.00;30.75;81.00;14.02
283218;105.00;4460.00;30.75;81.00;14.02
283602;105.00;4467.00;30.75;81.00;14.02
283987;106.00;4448.00;30.75;81.00;13.83
284428;105.00;4461.00;30.75;81.00;14.02
284822;105.00;4462.00;30.75;81.00;14.02
285207;105.00;4432.00;30.75;81.00;14.02
285592;105.00;4418.00;30.75;81.00;13.92
285980;105.00;4417.00;30.75;81.00;13.83
286370;105.00;4425.00;30.75;81.00;13.92
286758;105.00;4448.00;30.75;81.00;14.02
287198;105.00;4465.00;30.75;81.00;14.02
287584;105.00;4461.00;30.75;81.00;14.02
287968;105.00;4452.00;30.75;81.00;14.02
288404;105.00;4440.00;30.75;81.00;14.02
288790;105.00;4467.00;30.75;81.00;14.02
289178;105.00;4464.00;30.75;81.00;14.02
289561;105.00;4473.00;30.75;81.00;14.02
289951;106.00;4481.00;30.75;81.00;14.02
290340;106.00;4486.00;30.75;81.00;14.02
290645;106.00;4481.00;30.75;81.00;14.02
291030;106.00;4495.00;30.75;81.00;14.02
291464;105.00;4477.00;30.75;81.00;14.02
291853;106.00;4486.00;30.75;81.00;13.92
292249;106.00;4475.00;30.75;81.00;14.02
292639;106.00;4492.00;30.75;81.00;14.02
293025;106.00;4488.00;30.75;81.00;13.92
293414;106.00;4512.00;30.75;81.00;13.92
293798;106.00;4505.00;30.75;81.00;14.02
294185;105.00;4479.00;30.75;81.00;14.02
294574;106.00;4463.00;30.75;81.00;14.02
294971;106.00;4483.00;30.75;81.00;14.02
295406;105.00;4449.00;30.75;81.00;14.02
295797;105.00;4475.00;30.75;81.00;14.02
296182;106.00;4489.00;30.75;81.00;14.02
296621;106.00;4476.00;30.75;81.75;14.02
297014;106.00;4472.00;30.75;81.75;14.02
297449;106.00;4502.00;30.75;81.75;14.02
297836;106.00;4488.00;30.75;81.75;14.02
298221;106.00;4495.00;30.75;81.75;13.83
298660;106.00;4506.00;30.75;81.75;13.83
299050;106.00;4521.00;30.75;81.75;14.02
299438;106.00;4503.00;30.75;81.75;13.92
299876;106.00;4520.00;30.75;81.75;14.02
300265;106.00;4510.00;30.75;81.75;14.02
300648;106.00;4505.00;30.75;81.75;14.02
301087;106.00;4505.00;30.75;81.75;14.02
301469;106.00;4516.00;30.75;81.75;14.02
301856;107.00;4527.00;30.75;81.75;14.02
302297;107.00;4534.00;30.75;81.75;13.92
302655;106.00;4532.00;30.75;81.75;14.02
303048;107.00;4526.00;30.75;81.75;14.02
303486;107.00;4535.00;30.75;81.75;14.02
303872;107.00;4542.00;30.75;81.75;14.02
304256;107.00;4539.00;30.75;81.75;13.92
304695;107.00;4537.00;30.75;81.75;14.02
305083;107.00;4545.00;30.75;81.75;14.02
305469;107.00;4515.00;30.75;81.75;14.02
305854;106.00;4471.00;30.75;81.75;13.92
306247;106.00;4507.00;30.75;81.75;13.83
306636;106.00;4493.00;30.75;81.75;14.02
307027;106.00;4475.00;30.75;81.75;14.02
307413;105.00;4470.00;30.75;81.75;14.02
307852;105.00;4473.00;30.75;81.75;14.02
308237;106.00;4459.00;30.75;81.75;14.02
308641;105.00;4457.00;30.75;81.75;14.02
309031;105.00;4459.00;30.75;81.75;13.92
309419;105.00;4434.00;30.75;81.75;14.02
309859;105.00;4443.00;30.75;81.75;14.02
310244;105.00;4453.00;30.75;81.75;14.02
310630;105.00;4439.00;30.75;81.75;14.02
311065;105.00;4452.00;30.75;81.75;14.02
311450;105.00;4439.00;30.75;81.75;14.02
311834;105.00;4459.00;30.75;81.75;14.02
312219;106.00;4472.00;30.75;81.75;14.02
312658;106.00;4471.00;30.75;81.75;14.02
313043;106.00;4468.00;30.75;81.75;14.02
313428;105.00;4476.00;30.75;81.75;14.02
313868;105.00;4442.00;30.75;81.75;14.02
314255;105.00;4422.00;30.75;81.75;14.02
314638;103.00;4377.00;30.75;81.75;14.02
315025;103.00;4380.00;30.75;81.75;14.02
315411;103.00;4367.00;30.75;81.75;13.92
315801;103.00;4416.00;30.75;81.75;14.02
316190;105.00;4411.00;30.75;81.75;14.02
316629;103.00;4418.00;30.75;81.75;14.02
317016;103.00;4430.00;30.75;81.75;14.02
317400;103.00;4393.00;30.75;81.75;14.02
317836;103.00;4403.00;30.75;81.75;14.02
318220;103.00;4377.00;30.75;81.75;14.02
318604;102.00;4388.00;30.75;81.75;14.02
318991;102.00;4363.00;30.75;81.75;14.02
319376;102.00;4369.00;30.75;81.75;13.92
319689;102.00;4372.00;30.75;81.75;13.92
320072;103.00;4358.00;30.75;81.75;14.02
320467;102.00;4362.00;30.75;81.75;14.02
320856;102.00;4366.00;30.75;81.75;14.02
321245;102.00;4339.00;30.75;81.75;13.92
321632;102.00;4305.00;30.75;81.75;13.92
322068;102.00;4361.00;30.75;81.75;13.83
322458;102.00;4352.00;30.75;81.75;14.02
322846;102.00;4358.00;30.75;81.75;14.02
323231;102.00;4326.00;30.75;81.75;13.83
323670;101.00;4307.00;30.75;81.75;14.02
324114;100.00;4215.00;30.75;81.75;14.02
324503;98.00;4127.00;30.75;81.75;14.02
324892;96.00;4098.00;30.75;81.75;14.02
325335;96.00;4041.00;30.75;81.75;14.02
325640;95.00;4030.00;30.75;81.75;13.92
326032;93.00;4001.00;30.75;81.75;14.02
326475;93.00;3979.00;30.75;81.75;13.83
326864;93.00;3988.00;30.75;81.75;14.02
327251;95.00;4009.00;30.75;81.75;14.02
327639;95.00;4030.00;30.75;81.75;14.02
328025;95.00;4038.00;30.75;81.75;13.92
328415;95.00;4017.00;30.75;81.75;14.02
328857;95.00;4027.00;30.75;81.75;14.02
329240;93.00;3989.00;30.75;81.75;14.02
329627;93.00;3987.00;30.75;81.75;14.02
330062;93.00;3959.00;30.75;81.75;14.02
330446;92.00;3901.00;30.75;81.75;14.02
330833;91.00;3858.00;30.75;81.75;14.02
331220;91.00;3886.00;30.75;81.75;13.92
331606;91.00;3884.00;30.75;81.75;14.02
332045;92.00;3922.00;30.75;81.75;14.02
332445;92.00;3907.00;30.75;81.75;14.02
332830;92.00;3903.00;30.75;81.75;14.02
333214;92.00;3929.00;30.75;81.75;13.92
333602;93.00;3953.00;30.75;81.75;13.92
333990;93.00;4000.00;30.75;81.75;14.02
334379;95.00;4019.00;30.75;81.75;14.02
334687;95.00;4037.00;30.75;81.75;13.92
335074;95.00;4058.00;30.75;81.75;13.92
335510;95.00;4056.00;30.75;81.75;14.02
335949;96.00;4077.00;30.75;81.75;14.02
336337;96.00;4078.00;30.75;81.75;14.02
336642;96.00;4044.00;30.75;81.75;14.02
337028;96.00;4092.00;30.75;81.75;14.02
337473;96.00;4095.00;30.75;81.75;14.02
337857;96.00;4106.00;30.75;81.75;14.02
338240;97.00;4139.00;30.75;81.75;14.02
338628;97.00;4169.00;30.75;81.75;14.02
339016;98.00;4183.00;30.75;81.75;14.02
339405;98.00;4212.00;30.75;81.75;14.02
339709;100.00;4228.00;30.75;81.75;13.92
340107;100.00;4259.00;30.75;81.75;14.02
340496;101.00;4319.00;30.75;81.75;13.92
340887;103.00;4390.00;30.75;81.75;14.02
341330;105.00;4424.00;30.75;81.75;14.02
341638;105.00;4455.00;30.75;81.75;14.02
342023;106.00;4509.00;30.75;81.75;14.02
342416;107.00;4526.00;30.75;81.75;13.92
342780;107.00;4575.00;30.75;82.50;14.02
343173;108.00;4610.00;30.75;82.50;14.02
343610;110.00;4642.00;30.75;82.50;14.02
344001;110.00;4673.00;30.75;82.50;14.02
344386;111.00;4662.00;30.75;82.50;14.02
344694;111.00;4731.00;30.75;82.50;13.92
345083;111.00;4735.00;30.75;82.50;13.92
345468;112.00;4740.00;30.75;82.50;13.92
345857;112.00;4772.00;30.75;82.50;14.02
346244;112.00;4779.00;30.75;82.50;14.02
346628;111.00;4740.00;30.75;82.50;14.02
347069;111.00;4720.00;30.75;82.50;14.02
347459;111.00;4679.00;30.75;82.50;14.02
347895;110.00;4652.00;30.75;82.50;14.02
348286;110.00;4647.00;30.75;82.50;14.02
348670;110.00;4639.00;30.75;82.50;13.92
349056;108.00;4629.00;30.75;82.50;13.83
349447;108.00;4634.00;30.75;82.50;14.02
349836;108.00;4638.00;30.75;82.50;14.02
350221;110.00;4644.00;30.75;82.50;14.02
350661;110.00;4659.00;30.75;82.50;14.02
351046;110.00;4671.00;30.75;82.50;13.92
351434;111.00;4685.00;30.75;82.50;14.02
351824;111.00;4683.00;30.75;82.50;13.92
352211;111.00;4667.00;30.75;82.50;14.02
352601;110.00;4681.00;30.75;82.50;14.02
353040;110.00;4636.00;30.75;82.50;13.92
353428;110.00;4670.00;30.75;82.50;14.02
353738;108.00;4602.00;30.75;82.50;13.92
354131;108.00;4603.00;30.75;82.50;13.92
354616;108.00;4584.00;30.75;82.50;14.02
355005;107.00;4556.00;30.75;82.50;14.02
355393;107.00;4558.00;30.75;82.50;14.02
355713;106.00;4509.00;30.75;82.50;13.92
356155;106.00;4499.00;30.75;82.50;14.02
356594;106.00;4509.00;30.75;82.50;14.02
356980;107.00;4551.00;30.75;82.50;14.02
357369;107.00;4560.00;30.75;82.50;14.02
357673;107.00;4529.00;30.75;82.50;14.02
358058;106.00;4518.00;30.75;82.50;14.02
358447;103.00;4419.00;30.75;82.50;14.02
358838;102.00;4335.00;30.75;82.50;14.02
359225;101.00;4266.00;30.75;82.50;14.02
359615;100.00;4208.00;30.75;82.50;14.02
360055;97.00;4135.00;30.75;82.50;14.02
360445;97.00;4101.00;30.75;82.50;14.02
360880;97.00;4106.00;30.75;82.50;13.83
361269;96.00;4081.00;30.75;82.50;14.02
361665;96.00;4057.00;30.75;82.50;13.92
362055;95.00;4044.00;30.75;82.50;14.02
362446;95.00;4052.00;30.75;82.50;13.92
362753;95.00;4030.00;30.75;82.50;14.02
363141;95.00;4005.00;30.75;82.50;14.02
363575;93.00;4000.00;30.75;82.50;14.02
363963;93.00;3956.00;30.75;82.50;13.92
364351;92.00;3902.00;30.75;82.50;14.02
364664;91.00;3913.00;30.75;82.50;14.02
365058;90.00;3842.00;30.75;82.50;13.92
365451;88.00;3788.00;30.75;82.50;14.02
365768;87.00;3732.00;30.75;82.50;13.92
366160;86.00;3660.00;30.75;82.50;14.02
366552;85.00;3632.00;30.75;82.50;14.11
366945;85.00;3640.00;30.75;82.50;14.02
367333;83.00;3577.00;30.75;82.50;14.02
367722;82.00;3562.00;30.75;82.50;14.02
368126;82.00;3473.00;30.75;82.50;14.02
368513;81.00;3509.00;30.75;82.50;14.02
368902;82.00;3464.00;30.75;82.50;14.02
369291;82.00;3526.00;30.75;82.50;14.02
369726;82.00;3488.00;30.75;82.50;14.02
370110;82.00;3503.00;30.75;82.50;14.02
370496;82.00;3471.00;30.75;82.50;14.02
370881;82.00;3475.00;30.75;82.50;14.11
371269;82.00;3497.00;30.75;82.50;14.02
371656;82.00;3535.00;30.75;82.50;14.02
372091;83.00;3558.00;30.75;82.50;14.02
372481;83.00;3545.00;30.75;82.50;14.02
372867;83.00;3507.00;30.75;82.50;14.02
373252;82.00;3520.00;30.75;82.50;14.02
373695;83.00;3540.00;30.75;82.50;14.02
374083;83.00;3569.00;30.75;82.50;14.02
374466;85.00;3595.00;30.75;82.50;14.02
374855;85.00;3608.00;30.75;83.25;14.02
375245;86.00;3636.00;30.75;83.25;13.92
375637;86.00;3672.00;30.75;83.25;14.02
376026;87.00;3690.00;30.75;83.25;14.02
376417;87.00;3726.00;30.75;83.25;14.02
376724;87.00;3723.00;30.75;83.25;14.02
377109;87.00;3722.00;30.75;83.25;14.02
377495;87.00;3740.00;30.75;83.25;14.02
377884;87.00;3733.00;30.75;83.25;13.92
378275;87.00;3709.00;30.75;83.25;14.02
378663;86.00;3632.00;30.75;83.25;14.02
379051;86.00;3678.00;30.75;83.25;14.02
379485;86.00;3704.00;30.75;83.25;13.92
379876;86.00;3607.00;30.75;83.25;14.02
380265;86.00;3654.00;30.75;83.25;14.02
380649;87.00;3689.00;30.75;83.25;14.02
381092;87.00;3714.00;30.75;83.25;13.92
381480;88.00;3756.00;30.75;83.25;14.11
381871;88.00;3747.00;30.75;83.25;14.02
382261;87.00;3722.00;30.75;83.25;14.02
382648;87.00;3728.00;30.75;83.25;13.92
383036;87.00;3690.00;30.75;83.25;14.02
383476;86.00;3679.00;30.75;83.25;14.11
383868;86.00;3670.00;30.75;83.25;14.02
384256;87.00;3700.00;30.75;83.25;14.02
384647;87.00;3713.00;30.75;83.25;13.83
385035;87.00;3715.00;30.75;83.25;14.11
385426;88.00;3725.00;30.75;83.25;14.02
385737;88.00;3770.00;30.75;83.25;14.02
386125;90.00;3798.00;30.75;83.25;14.02
386515;91.00;3856.00;30.75;83.25;14.02
386904;92.00;3944.00;30.75;83.25;14.02
387343;93.00;3987.00;30.75;83.25;14.02
387731;95.00;4040.00;30.75;83.25;13.92
388122;96.00;4086.00;30.75;83.25;14.02
388516;97.00;4131.00;30.75;83.25;14.02
388905;98.00;4164.00;30.75;83.25;14.02
389344;100.00;4216.00;30.75;83.25;13.92
389741;100.00;4231.00;30.75;83.25;14.02
390136;100.00;4273.00;30.75;83.25;14.02
390520;101.00;4297.00;30.75;83.25;14.02
390909;102.00;4309.00;30.75;83.25;14.02
391297;102.00;4327.00;30.75;83.25;14.02
391732;102.00;4324.00;30.75;83.25;14.02
392119;102.00;4344.00;30.75;83.25;14.02
392503;102.00;4379.00;30.75;83.25;14.02
392887;103.00;4374.00;30.75;83.25;13.83
393277;103.00;4409.00;30.75;83.25;14.02
393718;105.00;4428.00;30.75;83.25;14.02
394113;105.00;4440.00;30.75;83.25;14.02
394499;105.00;4442.00;30.75;83.25;14.02
394885;105.00;4452.00;30.75;83.25;14.02
395271;105.00;4453.00;30.75;83.25;14.02
395656;105.00;4449.00;30.75;83.25;14.02
396047;105.00;4452.00;30.75;83.25;14.02
396483;105.00;4433.00;30.75;83.25;13.92
396791;105.00;4425.00;30.75;83.25;14.02
397181;105.00;4416.00;30.75;83.25;14.02
397568;105.00;4436.00;30.75;83.25;14.02
397953;105.00;4454.00;30.75;83.25;14.02
398341;105.00;4446.00;30.75;83.25;14.02
398697;105.00;4434.00;30.75;83.25;13.92
399085;105.00;4440.00;30.75;83.25;13.92
399469;105.00;4430.00;30.75;83.25;14.02
399834;103.00;4405.00;30.75;83.25;14.02
400222;103.00;4410.00;30.75;83.25;13.83
400610;103.00;4396.00;30.75;83.25;14.02
401058;103.00;4387.00;30.75;83.25;14.02
401442;103.00;4378.00;30.75;83.25;14.02
401747;103.00;4389.00;30.75;83.25;14.02
402136;103.00;4373.00;30.75;83.25;14.02
402534;103.00;4378.00;30.75;83.25;14.02
402918;103.00;4379.00;30.75;83.25;14.02
403302;103.00;4394.00;30.75;83.25;13.92
403691;103.00;4392.00;30.75;83.25;14.02
404185;103.00;4384.00;30.75;83.25;14.02
404570;103.00;4401.00;30.75;83.25;14.02
405005;105.00;4429.00;30.75;82.50;14.02
405497;105.00;4461.00;30.75;82.50;13.92
405805;105.00;4472.00;30.75;82.50;14.02
406193;106.00;4503.00;30.75;82.50;14.02
406583;106.00;4484.00;30.75;82.50;14.02
407018;106.00;4510.00;30.75;82.50;14.02
407403;106.00;4523.00;30.75;82.50;14.02
407764;106.00;4505.00;30.75;82.50;14.02
408149;106.00;4496.00;30.75;82.50;14.02
408532;106.00;4463.00;30.75;82.50;14.02
408915;105.00;4443.00;30.75;82.50;13.83
409308;105.00;4446.00;30.75;82.50;13.92
409698;105.00;4442.00;30.75;82.50;14.02
410087;105.00;4454.00;30.75;82.50;14.02
410473;105.00;4440.00;30.75;82.50;13.92
410779;106.00;4460.00;30.75;82.50;14.02
411173;106.00;4480.00;30.75;82.50;13.92
411611;106.00;4500.00;30.75;82.50;13.92
411996;105.00;4483.00;30.75;82.50;14.02
412387;106.00;4491.00;30.75;82.50;14.02
412774;106.00;4481.00;30.75;82.50;14.02
413209;106.00;4492.00;30.75;82.50;14.02
413595;106.00;4489.00;30.75;82.50;14.02
413979;106.00;4498.00;30.75;82.50;14.02
414364;106.00;4493.00;30.75;82.50;13.92
414753;105.00;4475.00;30.75;82.50;14.02
415144;105.00;4468.00;30.75;82.50;14.02
415528;105.00;4440.00;30.75;82.50;14.02
415913;103.00;4411.00;30.75;82.50;14.02
416307;103.00;4390.00;30.75;82.50;14.02
416744;103.00;4389.00;30.75;82.50;14.02
417130;103.00;4384.00;30.75;82.50;14.02
417515;103.00;4395.00;30.75;82.50;14.02
417899;103.00;4408.00;30.75;82.50;14.02
418283;103.00;4413.00;30.75;82.50;14.11
418671;103.00;4414.00;30.75;82.50;14.02
419059;103.00;4391.00;30.75;82.50;14.02
419546;103.00;4418.00;30.75;82.50;13.92
419934;103.00;4425.00;30.75;82.50;13.83
420324;105.00;4431.00;30.75;82.50;14.02
420715;105.00;4450.00;30.75;82.50;14.02
421103;105.00;4456.00;30.75;82.50;14.02
421487;105.00;4460.00;30.75;82.50;14.02
421792;105.00;4451.00;30.75;82.50;14.11
422182;105.00;4433.00;30.75;82.50;14.02
422569;105.00;4427.00;30.75;82.50;14.02
422955;105.00;4428.00;30.75;82.50;14.02
423340;103.00;4439.00;30.75;82.50;14.02
423828;105.00;4413.00;30.75;82.50;13.92
424221;105.00;4434.00;30.75;82.50;14.02
424608;105.00;4449.00;30.75;82.50;14.02
425043;105.00;4449.00;30.75;82.50;14.02
425425;105.00;4444.00;30.75;82.50;14.02
425729;105.00;4454.00;30.75;82.50;14.02
426165;105.00;4462.00;30.75;82.50;14.11
426603;105.00;4441.00;30.75;82.50;13.83
426993;105.00;4435.00;30.75;82.50;14.02
427381;105.00;4442.00;30.75;82.50;13.92
427820;105.00;4433.00;30.75;82.50;14.02
428210;105.00;4442.00;30.75;82.50;14.02
428591;105.00;4435.00;30.75;82.50;14.02
428977;105.00;4435.00;30.75;82.50;14.02
429358;103.00;4434.00;30.75;82.50;14.02
429745;105.00;4423.00;30.75;82.50;13.92
430137;103.00;4418.00;30.75;82.50;13.92
430575;105.00;4412.00;30.75;82.50;14.02
430968;105.00;4439.00;30.75;82.50;14.02
431352;105.00;4444.00;30.75;82.50;14.02
431790;105.00;4454.00;30.75;82.50;14.02
432175;105.00;4466.00;30.75;82.50;14.11
432564;106.00;4474.00;30.75;82.50;13.92
432955;106.00;4474.00;30.75;82.50;14.02
433337;106.00;4484.00;30.75;82.50;14.02
433722;106.00;4489.00;30.75;82.50;14.02
434157;106.00;4496.00;30.75;82.50;14.02
434546;106.00;4507.00;30.75;82.50;14.02
434932;106.00;4516.00;30.75;82.50;14.02
435327;106.00;4522.00;30.75;82.50;14.02
435762;106.00;4503.00;30.75;82.50;14.02
436147;106.00;4512.00;30.75;82.50;14.02
436532;106.00;4529.00;30.75;82.50;14.02
436835;106.00;4534.00;30.75;82.50;13.92
437274;107.00;4526.00;30.75;82.50;14.02
437667;107.00;4514.00;30.75;82.50;14.02
438053;106.00;4489.00;30.75;82.50;14.02
438498;106.00;4478.00;30.75;82.50;14.02
438803;105.00;4445.00;30.75;82.50;13.92
439197;103.00;4413.00;30.75;82.50;14.02
439590;102.00;4383.00;30.75;82.50;14.02
439979;101.00;4298.00;30.75;82.50;13.83
440371;101.00;4274.00;30.75;82.50;14.02
440760;100.00;4226.00;30.75;82.50;14.11
441151;98.00;4173.00;30.75;82.50;14.02
441542;98.00;4170.00;30.75;82.50;14.02
441847;97.00;4129.00;30.75;82.50;13.92
442240;96.00;4039.00;30.75;82.50;13.83
442631;96.00;4078.00;30.75;82.50;14.02
443020;96.00;4064.00;30.75;82.50;14.02
443404;96.00;4075.00;30.75;82.50;14.02
443788;96.00;4073.00;30.75;82.50;14.02
444173;96.00;4067.00;30.75;82.50;14.02
444561;96.00;4071.00;30.75;82.50;14.02
444944;96.00;4058.00;30.75;82.50;13.92
445331;95.00;4029.00;30.75;82.50;14.02
445825;95.00;3997.00;30.75;82.50;14.02
446209;95.00;3980.00;30.75;82.50;14.02
446595;95.00;3993.00;30.75;82.50;13.92
446983;93.00;3993.00;30.75;82.50;14.02
447424;93.00;3975.00;30.75;82.50;14.02
447814;93.00;3959.00;30.75;82.50;13.92
448203;93.00;3964.00;30.75;82.50;13.92
448588;93.00;3973.00;30.75;82.50;14.02
449076;93.00;3994.00;30.75;82.50;14.02
449463;93.00;3988.00;30.75;82.50;14.02
449768;95.00;4005.00;30.75;82.50;14.02
450173;95.00;4020.00;30.75;82.50;14.11
450562;95.00;3995.00;30.75;82.50;13.83
450950;95.00;4028.00;30.75;82.50;14.02
451338;95.00;4020.00;30.75;82.50;14.02
451772;93.00;4005.00;30.75;82.50;14.02
452159;93.00;3999.00;30.75;82.50;14.02
452596;93.00;3970.00;30.75;82.50;14.02
452982;93.00;3967.00;30.75;82.50;14.02
453369;93.00;3956.00;30.75;83.25;14.02
453758;93.00;3967.00;30.75;83.25;14.11
454198;93.00;3967.00;30.75;83.25;14.11
454595;95.00;4023.00;30.75;83.25;14.02
454988;95.00;4029.00;30.75;83.25;14.02
455386;95.00;4062.00;30.75;83.25;14.02
455771;96.00;4065.00;30.75;83.25;14.02
456161;96.00;4062.00;30.75;83.25;14.02
456548;96.00;4101.00;30.75;83.25;14.02
456852;96.00;4080.00;30.75;83.25;13.92
457293;96.00;4072.00;30.75;83.25;13.92
457678;96.00;4061.00;30.75;83.25;14.02
458069;96.00;4041.00;30.75;83.25;14.02
458505;95.00;4015.00;30.75;83.25;13.92
458816;95.00;4025.00;30.75;83.25;14.11
459307;95.00;4039.00;30.75;83.25;14.02
459696;96.00;4049.00;30.75;83.25;14.02
460085;96.00;4096.00;30.75;83.25;14.02
460470;97.00;4127.00;30.75;83.25;14.02
460829;97.00;4142.00;30.75;83.25;14.02
461213;97.00;4135.00;30.75;83.25;14.11
461652;97.00;4158.00;30.75;83.25;13.92
462043;97.00;4160.00;30.75;83.25;14.02
462430;97.00;4158.00;30.75;83.25;13.92
462819;97.00;4148.00;30.75;83.25;14.02
463206;98.00;4183.00;30.75;83.25;13.92
463598;100.00;4208.00;30.75;83.25;14.02
463994;100.00;4236.00;30.75;83.25;14.11
464434;100.00;4223.00;30.75;83.25;14.02
464824;101.00;4263.00;30.75;83.25;14.02
465212;101.00;4272.00;30.75;83.25;14.02
465651;101.00;4294.00;30.75;83.25;14.02
466037;101.00;4315.00;30.75;83.25;14.02
466422;102.00;4323.00;30.75;83.25;14.02
466815;102.00;4355.00;30.75;83.25;13.92
467202;102.00;4357.00;30.75;83.25;13.92
467637;102.00;4334.00;30.75;83.25;14.02
468078;102.00;4364.00;30.75;83.25;14.02
468464;102.00;4338.00;30.75;83.25;14.02
468853;102.00;4358.00;30.75;83.25;14.02
469237;103.00;4396.00;30.75;83.25;14.02
469626;105.00;4430.00;30.75;83.25;13.92
470069;105.00;4460.00;30.75;83.25;14.02
470459;105.00;4466.00;30.75;83.25;14.02
470845;106.00;4464.00;30.75;83.25;14.11
471288;106.00;4481.00;30.75;83.25;14.02
471677;106.00;4471.00;30.75;83.25;14.02
472061;106.00;4490.00;30.75;83.25;14.02
472446;105.00;4484.00;30.75;83.25;14.02
472835;106.00;4489.00;30.75;83.25;14.02
473278;106.00;4487.00;30.75;83.25;13.92
473667;106.00;4416.00;30.75;83.25;14.11
474054;105.00;4470.00;30.75;83.25;14.02
474445;105.00;4454.00;30.75;83.25;13.92
474832;105.00;4435.00;30.75;83.25;13.92
475267;105.00;4430.00;30.75;83.25;14.11
475658;105.00;4427.00;30.75;83.25;14.02
476047;105.00;4430.00;30.75;83.25;13.92
476436;103.00;4427.00;30.75;83.25;13.92
476829;103.00;4410.00;30.75;83.25;14.02
477219;103.00;4417.00;30.75;83.25;14.02
477604;103.00;4412.00;30.75;83.25;14.02
477988;103.00;4411.00;30.75;83.25;14.11
478375;103.00;4404.00;30.75;83.25;14.02
478762;103.00;4405.00;30.75;83.25;14.02
479198;105.00;4427.00;30.75;83.25;14.11
479591;105.00;4448.00;30.75;83.25;14.02
479901;105.00;4444.00;30.75;83.25;14.02
480287;106.00;4484.00;30.75;83.25;14.02
480677;106.00;4505.00;30.75;83.25;14.02
481062;106.00;4503.00;30.75;83.25;14.02
481449;106.00;4510.00;30.75;83.25;14.02
481884;106.00;4516.00;30.75;83.25;14.02
482319;106.00;4518.00;30.75;83.25;13.92
482708;106.00;4531.00;30.75;83.25;14.02
483097;106.00;4507.00;30.75;83.25;14.11
483485;106.00;4520.00;30.75;83.25;14.02
483873;106.00;4515.00;30.75;83.25;14.02
484308;106.00;4532.00;30.75;83.25;14.02
484695;107.00;4547.00;30.75;83.25;14.02
485084;107.00;4560.00;30.75;83.25;14.11
485476;110.00;4470.00;30.75;83.25;14.02
485868;107.00;4550.00;30.75;83.25;14.11
486263;107.00;4561.00;30.75;83.25;14.02
486651;107.00;4562.00;30.75;83.25;14.02
487089;107.00;4562.00;30.75;83.25;14.02
487476;107.00;4564.00;30.75;83.25;13.92
487865;107.00;4572.00;30.75;83.25;14.02
488254;107.00;4572.00;30.75;83.25;14.02
488635;107.00;4557.00;30.75;83.25;14.02
489027;107.00;4563.00;30.75;83.25;14.02
489412;106.00;4529.00;30.75;83.25;14.02
489850;107.00;4535.00;30.75;83.25;14.02
490240;107.00;4550.00;30.75;83.25;14.02
490626;107.00;4543.00;30.75;83.25;14.02
491010;107.00;4533.00;30.75;83.25;14.11
491399;107.00;4563.00;30.75;83.25;14.02
491788;107.00;4536.00;30.75;83.25;14.11
492178;107.00;4501.00;30.75;83.25;14.02
492617;107.00;4527.00;30.75;83.25;14.02
493002;107.00;4525.00;30.75;83.25;13.92
493390;106.00;4513.00;30.75;83.25;14.02
493781;106.00;4517.00;30.75;83.25;14.02
494165;106.00;4514.00;30.75;83.25;14.02
494602;106.00;4510.00;30.75;83.25;14.02
494958;106.00;4513.00;30.75;83.25;14.02
495444;107.00;4542.00;30.75;83.25;14.02
495832;107.00;4537.00;30.75;83.25;14.02
496217;107.00;4538.00;30.75;83.25;14.02
496603;107.00;4538.00;30.75;83.25;14.02
496905;107.00;4542.00;30.75;83.25;13.92
497345;107.00;4547.00;30.75;83.25;14.02
497750;107.00;4551.00;30.75;83.25;13.92
498140;107.00;4549.00;30.75;83.25;14.02
498529;107.00;4543.00;30.75;83.25;13.92
498838;107.00;4560.00;30.75;83.25;14.02
499229;107.00;4566.00;30.75;83.25;14.02
499613;107.00;4572.00;30.75;83.25;13.92
499919;107.00;4578.00;30.75;83.25;13.92
500303;107.00;4581.00;30.75;83.25;13.92
500686;107.00;4577.00;30.75;83.25;13.92
501071;108.00;4590.00;30.75;83.25;14.02
501464;108.00;4604.00;30.75;83.25;14.02
501898;108.00;4588.00;30.75;83.25;14.02
502334;108.00;4576.00;30.75;83.25;14.02
502721;107.00;4584.00;30.75;83.25;13.92
503116;108.00;4591.00;30.75;83.25;14.02
503508;108.00;4596.00;30.75;83.25;14.02
503945;108.00;4581.00;30.75;83.25;13.92
504333;107.00;4594.00;30.75;83.25;14.02
504725;107.00;4572.00;30.75;83.25;14.02
505166;107.00;4581.00;30.75;83.25;13.92
505556;107.00;4567.00;30.75;83.25;14.02
505863;107.00;4568.00;30.75;83.25;14.02
506299;107.00;4554.00;30.75;83.25;14.02
506684;107.00;4537.00;30.75;83.25;14.02
507070;107.00;4525.00;30.75;83.25;14.02
507455;107.00;4531.00;30.75;83.25;14.02
507839;106.00;4518.00;30.75;83.25;14.02
508231;106.00;4504.00;30.75;83.25;13.92
508617;106.00;4510.00;30.75;83.25;14.02
508926;106.00;4511.00;30.75;83.25;13.92
509313;106.00;4511.00;30.75;83.25;13.92
509694;106.00;4505.00;30.75;83.25;14.11
510083;106.00;4511.00;30.75;83.25;13.92
510471;106.00;4478.00;30.75;83.25;13.92
510908;106.00;4468.00;30.75;83.25;14.02
511295;105.00;4476.00;30.75;83.25;14.02
511686;105.00;4484.00;30.75;83.25;14.11
512074;105.00;4479.00;30.75;83.25;14.02
512461;105.00;4475.00;30.75;83.25;14.02
512845;106.00;4466.00;30.75;83.25;14.02
513239;105.00;4399.00;30.75;83.25;14.02
513679;105.00;4456.00;30.75;83.25;14.02
514065;105.00;4451.00;30.75;83.25;14.02
514449;105.00;4455.00;30.75;83.25;14.02
514833;105.00;4453.00;30.75;83.25;14.02
515218;105.00;4452.00;30.75;83.25;14.02
515609;105.00;4464.00;30.75;83.25;14.11
515919;105.00;4466.00;30.75;83.25;14.02
516307;105.00;4458.00;30.75;83.25;14.11
516694;105.00;4472.00;30.75;83.25;14.02
517134;105.00;4462.00;30.75;83.25;14.02
517519;105.00;4472.00;30.75;83.25;14.11
517910;106.00;4469.00;30.75;83.25;14.02
518306;106.00;4505.00;30.75;83.25;13.92
518747;106.00;4490.00;30.75;83.25;14.11
519135;106.00;4506.00;30.75;83.25;13.92
519523;106.00;4492.00;30.75;83.25;14.02
519911;106.00;4489.00;30.75;83.25;14.02
520346;106.00;4492.00;30.75;83.25;14.02
520731;106.00;4489.00;30.75;83.25;14.11
521118;106.00;4488.00;30.75;83.25;14.11
521504;106.00;4500.00;30.75;83.25;14.02
521944;106.00;4497.00;30.75;83.25;13.92
522334;106.00;4500.00;30.75;83.25;14.11
522724;106.00;4474.00;30.75;83.25;14.02
523116;106.00;4497.00;30.75;83.25;14.02
523504;106.00;4509.00;30.75;83.25;14.02
523889;106.00;4511.00;30.75;83.25;14.02
524276;107.00;4539.00;30.75;83.25;13.92
524668;106.00;4530.00;30.75;83.25;13.92
525057;106.00;4518.00;30.75;83.25;14.11
525445;106.00;4492.00;30.75;83.25;14.11
525881;105.00;4451.00;30.75;83.25;14.11
526275;105.00;4452.00;30.75;83.25;14.02
526664;105.00;4437.00;30.75;83.25;14.11
527052;105.00;4430.00;30.75;83.25;14.02
527441;105.00;4432.00;30.75;83.25;13.92
527881;105.00;4408.00;30.75;83.25;14.11
528269;103.00;4396.00;30.75;83.25;14.02
528660;103.00;4399.00;30.75;83.25;14.11
529047;103.00;4399.00;30.75;83.25;14.02
529432;103.00;4368.00;30.75;83.25;13.92
529819;103.00;4372.00;30.75;83.25;14.02
530208;103.00;4384.00;30.75;83.25;13.92
530648;103.00;4391.00;30.75;83.25;14.02
531007;103.00;4407.00;30.75;83.25;14.11
531402;103.00;4413.00;30.75;83.25;14.02
531789;103.00;4414.00;30.75;83.25;14.11
532177;103.00;4407.00;30.75;83.25;14.02
532616;105.00;4436.00;30.75;83.25;14.02
532925;105.00;4436.00;30.75;83.25;14.02
533358;105.00;4442.00;30.75;83.25;14.11
533798;105.00;4448.00;30.75;83.25;14.11
534184;105.00;4453.00;30.75;83.25;14.02
534572;105.00;4457.00;30.75;83.25;14.02
534877;105.00;4445.00;30.75;83.25;14.11
535266;105.00;4440.00;30.75;83.25;14.02
535658;105.00;4455.00;30.75;83.25;14.02
535963;105.00;4454.00;30.75;83.25;14.02
536349;105.00;4455.00;30.75;83.25;14.02
536733;105.00;4467.00;30.75;83.25;14.11
537124;105.00;4475.00;30.75;83.25;14.02
537517;106.00;4464.00;30.75;83.25;14.02
537906;106.00;4468.00;30.75;83.25;14.02
538340;105.00;4472.00;30.75;83.25;14.11
538734;105.00;4462.00;30.75;83.25;14.02
539123;105.00;4467.00;30.75;83.25;14.02
539509;105.00;4448.00;30.75;83.25;14.02
539944;105.00;4447.00;30.75;83.25;14.02
540329;105.00;4443.00;30.75;83.25;13.92
540769;105.00;4433.00;30.75;83.25;14.02
541158;103.00;4424.00;30.75;83.25;14.11
541550;103.00;4409.00;30.75;83.25;13.92
541938;103.00;4398.00;30.75;83.25;14.11
542326;103.00;4389.00;30.75;83.25;13.92
542765;103.00;4374.00;30.75;83.25;14.02
543207;103.00;4360.00;30.75;83.25;14.11
543600;102.00;4368.00;30.75;83.25;14.02
543912;102.00;4356.00;30.75;83.25;14.02
544296;102.00;4357.00;30.75;83.25;14.02
544695;102.00;4340.00;30.75;83.25;14.02
545082;102.00;4355.00;30.75;83.25;14.02
545469;102.00;4365.00;30.75;83.25;14.02
545854;102.00;4346.00;30.75;83.25;14.02
546239;102.00;4345.00;30.00;83.25;14.02
546627;102.00;4355.00;30.00;83.25;14.11
546936;102.00;4347.00;30.00;83.25;13.92
547325;103.00;4346.00;30.00;83.25;13.92
547716;102.00;4352.00;30.00;83.25;14.11
548109;102.00;4374.00;30.00;83.25;14.02
548501;103.00;4379.00;30.00;83.25;14.11
548894;103.00;4385.00;30.00;83.25;14.02
549281;103.00;4393.00;30.00;83.25;14.11
549726;103.00;4405.00;30.00;83.25;13.92
550115;103.00;4408.00;30.00;83.25;13.92
550499;103.00;4412.00;30.00;83.25;13.92
550883;105.00;4436.00;30.00;83.25;13.92
551274;105.00;4428.00;30.00;83.25;14.11
551663;105.00;4440.00;30.00;83.25;14.11
551967;105.00;4438.00;30.00;83.25;14.02
552356;105.00;4442.00;30.00;83.25;14.02
552740;105.00;4441.00;30.00;83.25;14.02
553125;105.00;4450.00;30.00;83.25;14.02
553511;105.00;4447.00;30.00;83.25;14.02
553896;105.00;4459.00;30.00;83.25;14.11
554283;105.00;4454.00;30.00;83.25;14.11
554668;105.00;4444.00;30.00;83.25;14.02
554976;105.00;4450.00;30.00;83.25;14.02
555363;105.00;4464.00;30.00;83.25;14.02
555749;105.00;4466.00;30.00;83.25;14.02
556135;106.00;4494.00;30.00;83.25;14.02
556525;106.00;4511.00;30.00;83.25;14.02
556910;106.00;4509.00;30.00;83.25;13.92
557298;107.00;4533.00;30.00;83.25;14.02
557691;107.00;4516.00;30.00;83.25;14.02
557997;107.00;4531.00;30.00;83.25;14.02
558383;107.00;4549.00;30.00;83.25;14.02
558767;107.00;4579.00;30.00;83.25;13.92
559156;107.00;4568.00;30.00;83.25;14.11
559545;107.00;4553.00;30.00;83.25;14.02
559985;107.00;4552.00;30.00;83.25;14.02
560373;107.00;4549.00;30.00;83.25;14.02
560756;107.00;4547.00;30.00;83.25;13.92
561145;107.00;4543.00;30.00;83.25;14.02
561534;107.00;4524.00;30.00;83.25;14.02
561927;106.00;4519.00;30.00;83.25;14.11
562319;106.00;4520.00;30.00;83.25;14.02
562709;106.00;4509.00;30.00;83.25;14.02
563094;106.00;4507.00;30.00;83.25;14.02
563480;106.00;4518.00;30.00;83.25;14.02
563870;106.00;4500.00;30.00;83.25;14.02
564255;106.00;4503.00;30.00;83.25;14.02
564639;105.00;4469.00;30.00;83.25;14.02
564999;106.00;4472.00;30.00;83.25;14.11
565390;105.00;4480.00;30.00;83.25;14.11
565778;106.00;4497.00;30.00;83.25;14.11
566217;106.00;4510.00;30.00;83.25;14.02
566605;107.00;4512.00;30.00;83.25;13.92
566916;107.00;4526.00;30.00;83.25;14.02
567355;107.00;4548.00;30.00;83.25;14.11
567745;107.00;4567.00;30.00;83.25;14.11
568131;107.00;4561.00;30.00;83.25;14.02
568520;108.00;4582.00;30.00;83.25;14.02
568907;108.00;4569.00;30.00;83.25;14.11
569295;108.00;4578.00;30.00;83.25;14.02
569685;108.00;4586.00;30.00;83.25;14.02
569991;108.00;4582.00;30.00;83.25;14.02
570376;108.00;4582.00;30.00;83.25;14.11
570760;107.00;4557.00;30.00;83.25;14.02
571156;108.00;4562.00;30.00;83.25;13.92
571597;108.00;4583.00;30.00;83.25;14.02
571990;108.00;4605.00;30.00;83.25;14.02
572375;108.00;4618.00;30.00;83.25;14.02
572762;108.00;4611.00;30.00;83.25;14.11
573150;110.00;4640.00;30.00;83.25;13.92
573594;110.00;4659.00;30.00;83.25;13.92
574032;110.00;4638.00;30.00;83.25;14.02
574421;110.00;4640.00;30.00;83.25;14.02
574807;108.00;4637.00;30.00;83.25;14.02
575196;108.00;4621.00;30.00;83.25;14.02
575579;108.00;4625.00;30.00;83.25;14.11
575967;110.00;4635.00;30.00;83.25;14.02
576359;110.00;4637.00;30.00;83.25;14.11
576747;110.00;4645.00;30.00;83.25;14.02
577186;110.00;4639.00;30.00;83.25;14.02
577572;108.00;4607.00;30.00;83.25;14.02
577963;107.00;4584.00;30.00;83.25;14.02
578357;107.00;4543.00;30.00;83.25;14.11
578745;106.00;4523.00;30.00;83.25;14.02
579190;105.00;4487.00;30.00;83.25;13.92
579585;105.00;4392.00;30.00;83.25;14.11
579975;103.00;4350.00;30.00;83.25;14.02
580418;101.00;4259.00;30.00;83.25;14.11
580816;100.00;4213.00;30.00;83.25;14.11
581204;98.00;4214.00;30.00;83.25;14.11
581593;98.00;4195.00;30.00;83.25;14.02
581980;100.00;4210.00;30.00;83.25;14.02
582425;100.00;4243.00;30.00;83.25;14.11
582814;101.00;4270.00;30.00;83.25;14.02
583205;101.00;4300.00;30.00;83.25;14.02
583640;102.00;4327.00;30.00;83.25;14.02
583998;102.00;4361.00;30.00;83.25;14.02
584382;103.00;4376.00;30.00;83.25;14.11
584774;103.00;4417.00;30.00;83.25;14.02
585263;105.00;4463.00;30.00;83.25;14.11
585657;106.00;4477.00;30.00;83.25;13.92
585971;106.00;4518.00;30.00;83.25;14.02
586358;107.00;4551.00;30.00;83.25;14.02
586747;107.00;4568.00;30.00;83.25;13.92
587136;108.00;4592.00;30.00;83.25;13.92
587575;108.00;4601.00;30.00;83.25;14.11
587963;108.00;4598.00;30.00;83.25;14.02
588402;108.00;4604.00;30.00;83.25;13.92
588791;108.00;4609.00;30.00;83.25;14.02
589179;108.00;4622.00;30.00;83.25;14.02
589566;110.00;4619.00;30.00;84.00;14.02
589958;108.00;4593.00;30.00;84.00;14.11
590350;108.00;4580.00;30.00;84.00;13.92
590792;108.00;4588.00;30.00;84.00;14.02
591183;108.00;4580.00;30.00;84.00;14.02
591568;108.00;4585.00;30.00;84.00;14.02
591982;107.00;4588.00;30.00;84.00;14.02
592371;107.00;4574.00;30.00;84.00;14.02
592757;107.00;4576.00;30.00;84.00;13.92
593145;107.00;4567.00;30.00;84.00;14.11
593535;107.00;4574.00;30.00;84.00;13.92
593975;107.00;4583.00;30.00;84.00;13.92
594363;107.00;4570.00;30.00;84.00;14.02
594754;107.00;4577.00;30.00;83.25;14.02
595141;107.00;4577.00;30.00;83.25;14.02
595522;107.00;4579.00;30.00;83.25;14.02
595919;107.00;4577.00;30.00;83.25;14.02
596302;107.00;4558.00;30.00;83.25;14.02
596687;107.00;4555.00;30.00;83.25;14.02
596992;106.00;4549.00;30.00;83.25;14.02
597431;107.00;4532.00;30.00;83.25;14.02
597820;106.00;4519.00;30.00;83.25;14.02
598215;106.00;4530.00;30.00;83.25;14.11
598606;106.00;4533.00;30.00;83.25;14.11
599042;107.00;4545.00;30.00;83.25;14.02
599485;107.00;4542.00;30.00;83.25;14.11
599875;107.00;4535.00;30.00;83.25;13.92
600267;107.00;4526.00;30.00;83.25;14.02
600655;106.00;4540.00;30.00;83.25;14.02
600963;106.00;4524.00;30.00;83.25;14.11
601351;106.00;4505.00;30.00;83.25;14.02
601739;106.00;4511.00;30.00;83.25;13.92
602047;106.00;4507.00;30.00;83.25;14.11
602433;106.00;4491.00;30.00;83.25;14.11
602817;106.00;4492.00;30.00;83.25;13.92
603207;106.00;4495.00;30.00;83.25;13.92
603591;106.00;4497.00;30.00;83.25;14.02
603979;106.00;4507.00;30.00;83.25;13.92
604372;106.00;4472.00;30.00;83.25;14.02
604760;105.00;4469.00;30.00;83.25;14.02
605201;105.00;4456.00;30.00;83.25;14.02
605638;105.00;4454.00;30.00;83.25;14.02
606023;105.00;4423.00;30.00;83.25;14.11
606418;105.00;4419.00;30.00;83.25;14.02
606807;103.00;4419.00;30.00;83.25;13.92
607196;103.00;4388.00;30.00;83.25;14.02
607583;103.00;4385.00;30.00;83.25;14.02
608020;103.00;4375.00;30.00;83.25;14.02
608407;102.00;4343.00;30.00;83.25;14.02
608796;101.00;4295.00;30.00;83.25;14.02
609236;100.00;4258.00;30.00;83.25;14.02
609626;100.00;4230.00;30.00;83.25;14.11
610015;98.00;4167.00;30.00;83.25;14.02
610408;96.00;4095.00;30.00;83.25;14.02
610796;95.00;4004.00;30.00;83.25;14.02
611186;92.00;3929.00;30.00;83.25;14.11
611629;91.00;3850.00;30.00;83.25;14.11
612018;90.00;3937.00;30.00;83.25;14.02
612410;90.00;3811.00;30.00;83.25;14.11
612797;88.00;3745.00;30.00;83.25;14.02
613188;87.00;3741.00;30.00;83.25;13.92
613631;86.00;3605.00;30.00;83.25;14.02
614024;86.00;3578.00;30.00;83.25;14.11
614411;85.00;3629.00;30.00;83.25;14.02
614804;83.00;3619.00;30.00;83.25;14.11
615195;83.00;3568.00;30.00;83.25;14.11
615580;83.00;3537.00;30.00;83.25;14.11
616067;83.00;3552.00;30.00;83.25;14.02
616509;85.00;3582.00;30.00;83.25;14.02
616900;85.00;3601.00;30.00;83.25;14.11
617289;85.00;3581.00;30.00;83.25;14.02
617678;85.00;3603.00;30.75;83.25;14.02
617986;85.00;3609.00;30.75;83.25;14.02
618372;85.00;3590.00;30.75;83.25;14.11
618762;85.00;3603.00;30.75;83.25;14.11
619068;86.00;3645.00;30.75;83.25;14.02
619461;86.00;3659.00;30.75;83.25;14.02
619845;87.00;3694.00;30.75;83.25;14.02
620233;87.00;3714.00;30.75;83.25;14.02
620621;87.00;3738.00;30.75;83.25;14.02
621018;87.00;3711.00;30.75;83.25;14.02
621453;87.00;3720.00;30.75;83.25;14.11
621844;88.00;3743.00;30.75;83.25;14.11
622234;88.00;3769.00;30.75;83.25;14.11
622618;90.00;3808.00;30.75;83.25;14.11
623007;91.00;3876.00;30.75;83.25;14.02
623398;92.00;3939.00;30.75;83.25;14.11
623791;95.00;4047.00;30.75;83.25;14.02
624234;97.00;4135.00;30.75;83.25;14.11
624629;98.00;4211.00;30.00;83.25;14.11
625021;101.00;4265.00;30.00;83.25;14.02
625468;101.00;4310.00;30.00;83.25;14.02
625853;103.00;4381.00;30.00;83.25;14.02
626241;105.00;4440.00;30.00;83.25;14.11
626633;106.00;4494.00;30.00;83.25;14.11
627021;107.00;4530.00;30.00;83.25;14.11
627411;108.00;4575.00;30.00;83.25;14.02
627855;110.00;4631.00;30.00;83.25;13.92
628248;110.00;4650.00;30.00;83.25;14.02
628637;110.00;4665.00;30.00;83.25;14.11
629028;110.00;4681.00;30.00;83.25;14.02
629417;111.00;4701.00;30.00;83.25;14.11
629810;111.00;4701.00;30.00;84.00;14.02
630201;111.00;4730.00;30.00;84.00;14.02
630587;112.00;4765.00;30.00;84.00;14.02
630975;112.00;4767.00;30.00;84.00;14.11
631362;112.00;4762.00;30.00;84.00;14.11
631746;112.00;4754.00;30.00;84.00;14.11
632049;111.00;4727.00;30.00;84.00;14.11
632436;111.00;4703.00;30.00;84.00;14.02
632874;111.00;4704.00;30.00;84.00;14.02
633263;111.00;4711.00;30.00;84.00;14.02
633652;111.00;4723.00;30.00;84.00;13.92
634042;111.00;4708.00;30.00;84.00;14.02
634431;111.00;4698.00;30.00;84.00;14.02
634818;111.00;4715.00;30.00;84.00;13.92
635206;111.00;4704.00;30.00;84.00;14.11
635594;111.00;4690.00;30.00;84.00;14.02
635983;110.00;4659.00;30.00;84.00;14.02
636423;108.00;4607.00;30.00;84.00;14.02
636811;107.00;4507.00;30.00;84.00;14.02
637201;105.00;4481.00;30.00;84.00;14.02
637592;103.00;4394.00;30.00;84.00;14.02
637980;101.00;4276.00;30.00;84.00;14.11
638373;98.00;4218.00;30.00;84.00;14.02
638867;97.00;4106.00;30.00;84.00;14.11
639275;95.00;4044.00;30.00;84.00;14.11
639664;93.00;3956.00;30.00;84.00;14.11
640053;91.00;3893.00;30.00;84.00;14.11
640442;90.00;3863.00;30.00;84.00;13.92
640842;91.00;3849.00;30.00;84.00;14.02
641285;90.00;3835.00;30.00;84.00;14.02
641674;90.00;3835.00;30.00;83.25;14.02
642060;90.00;3816.00;30.00;83.25;14.02
642445;90.00;3825.00;30.00;83.25;14.02
642830;90.00;3833.00;30.00;83.25;13.92
643218;91.00;3867.00;30.00;83.25;14.02
643611;91.00;3850.00;30.00;83.25;13.92
643998;91.00;3863.00;30.00;83.25;14.11
644391;91.00;3758.00;30.00;83.25;14.02
644829;88.00;3789.00;30.00;83.25;14.02
645220;87.00;3706.00;30.00;83.25;14.11
645613;86.00;3638.00;30.00;83.25;14.11
646002;85.00;3564.00;30.00;83.25;14.11
646390;82.00;3526.00;30.00;83.25;14.11
646785;81.00;3482.00;30.00;83.25;14.11
647093;80.00;3380.00;30.00;83.25;14.11
647481;78.00;3356.00;30.75;83.25;14.11
647923;78.00;3333.00;30.75;83.25;14.02
648311;78.00;3363.00;30.75;83.25;14.11
648701;80.00;3371.00;30.75;83.25;14.11
649090;80.00;3370.00;30.75;83.25;14.02
649480;81.00;3413.00;30.75;83.25;14.11
649872;82.00;3474.00;30.75;83.25;14.11
650312;82.00;3498.00;30.75;83.25;14.02
650701;82.00;3526.00;30.75;83.25;14.11
651093;82.00;3458.00;30.75;83.25;14.02
651482;81.00;3413.00;30.75;83.25;14.11
651873;80.00;3534.00;30.75;83.25;14.11
652260;80.00;3408.00;30.75;83.25;14.11
652696;81.00;3432.00;30.75;83.25;14.11
653085;81.00;3472.00;30.75;83.25;14.02
653476;82.00;3496.00;30.75;83.25;14.02
653867;83.00;3558.00;30.75;83.25;14.02
654257;86.00;3640.00;30.75;83.25;14.11
654649;87.00;3732.00;30.75;83.25;14.02
655094;91.00;3839.00;30.75;83.25;14.11
655487;92.00;3926.00;30.75;83.25;14.11
655876;95.00;4028.00;30.75;83.25;14.11
656264;96.00;4102.00;30.00;83.25;14.11
656654;97.00;4157.00;30.00;83.25;14.11
657145;98.00;4195.00;30.00;83.25;14.02
657537;100.00;4249.00;30.00;83.25;14.02
657930;101.00;4307.00;30.00;83.25;13.92
658374;102.00;4308.00;30.00;83.25;14.11
658769;102.00;4335.00;30.00;83.25;14.11
659076;103.00;4372.00;30.00;83.25;14.02
659517;105.00;4421.00;30.00;83.25;14.11
659909;105.00;4443.00;30.00;83.25;14.02
660297;106.00;4474.00;30.00;83.25;14.02
660687;106.00;4505.00;30.00;83.25;13.92
661045;107.00;4537.00;30.00;83.25;14.02
661441;107.00;4570.00;30.00;83.25;13.92
661879;108.00;4592.00;30.00;83.25;14.02
662272;108.00;4607.00;30.00;83.25;14.02
662657;108.00;4608.00;30.00;83.25;14.02
663041;108.00;4595.00;30.00;83.25;14.11
663428;108.00;4575.00;30.00;83.25;14.02
663818;108.00;4569.00;30.00;83.25;14.02
664123;107.00;4554.00;30.00;83.25;14.11
664517;107.00;4539.00;30.00;83.25;13.92
664907;106.00;4521.00;30.00;83.25;14.02
665298;105.00;4444.00;30.00;83.25;14.02
665687;103.00;4385.00;30.00;83.25;14.02
666133;103.00;4404.00;30.00;83.25;14.02
666518;103.00;4377.00;30.00;83.25;14.02
666904;102.00;4362.00;30.00;83.25;14.02
667294;101.00;4299.00;30.00;83.25;14.02
667684;100.00;4269.00;30.00;84.00;14.02
668077;98.00;4173.00;30.00;84.00;14.02
668518;96.00;4212.00;30.00;84.00;14.11
668910;95.00;4032.00;30.00;84.00;14.02
669302;93.00;3985.00;30.00;84.00;14.02
669689;92.00;3723.00;30.00;84.00;13.92
670080;88.00;3766.00;30.00;84.00;14.11
670471;86.00;3655.00;30.00;84.00;14.02
670913;83.00;3563.00;30.00;84.00;14.11
671307;83.00;3530.00;30.00;84.00;14.11
671691;83.00;3570.00;30.00;83.25;14.11
672078;83.00;3553.00;30.00;83.25;14.02
672467;85.00;3582.00;30.00;83.25;14.02
672855;85.00;3604.00;30.00;83.25;14.02
673240;85.00;3629.00;30.00;83.25;14.02
673626;86.00;3629.00;30.00;83.25;14.02
674012;85.00;3623.00;30.00;83.25;14.02
674399;85.00;3621.00;30.00;83.25;14.11
674788;85.00;3637.00;30.00;83.25;14.02
675095;86.00;3668.00;30.00;83.25;14.11
675487;87.00;3702.00;30.00;83.25;14.11
675876;87.00;3730.00;30.00;83.25;14.11
676312;90.00;3802.00;30.00;83.25;14.11
676752;90.00;3812.00;30.00;83.25;14.11
677055;90.00;3846.00;30.00;83.25;14.02
677444;90.00;3814.00;30.00;83.25;14.11
677833;87.00;3490.00;30.00;83.25;14.02
678194;87.00;3844.00;30.00;83.25;14.11
678581;87.00;3737.00;30.00;83.25;14.11
679068;88.00;3778.00;30.00;83.25;14.11
679508;90.00;3834.00;30.00;83.25;14.02
679902;92.00;3906.00;30.00;83.25;14.02
680289;93.00;3978.00;30.00;83.25;14.11
680681;95.00;3999.00;30.00;83.25;14.11
681121;95.00;4019.00;30.00;83.25;14.11
681557;96.00;4064.00;30.00;83.25;14.11
682000;97.00;4149.00;30.00;83.25;14.11
682388;98.00;4164.00;30.00;83.25;14.11
682778;98.00;4232.00;30.00;83.25;14.02
683085;101.00;4252.00;30.00;83.25;14.02
683480;101.00;4296.00;30.00;83.25;14.11
683919;102.00;4339.00;30.00;83.25;14.02
684310;103.00;4385.00;30.00;83.25;14.11
684720;105.00;4460.00;30.00;83.25;14.11
685109;105.00;4435.00;30.00;83.25;13.92
685499;106.00;4485.00;30.00;83.25;14.11
685893;106.00;4477.00;30.00;83.25;14.02
686281;106.00;4469.00;30.00;83.25;14.02
686682;105.00;4464.00;30.00;83.25;13.92
687080;105.00;4432.00;30.00;83.25;14.02
687468;105.00;4433.00;30.00;83.25;14.11
687857;105.00;4428.00;30.00;83.25;14.11
688241;103.00;4425.00;30.00;83.25;14.02
688633;103.00;4393.00;30.00;83.25;13.92
689072;102.00;4316.00;30.00;83.25;14.02
689515;102.00;4348.00;30.00;83.25;14.11
689902;102.00;4363.00;30.00;83.25;14.02
690289;103.00;4364.00;30.00;83.25;14.11
690682;103.00;4387.00;30.00;83.25;14.11
691067;103.00;4403.00;30.00;83.25;14.02
691456;103.00;4375.00;30.00;83.25;14.02
691840;102.00;4357.00;30.00;83.25;14.11
692154;102.00;4325.00;30.00;83.25;13.92
692542;102.00;4345.00;30.00;83.25;14.02
692930;102.00;4340.00;30.00;83.25;14.11
693318;102.00;4345.00;30.00;83.25;14.02
693705;102.00;4344.00;30.00;83.25;14.02
694173;102.00;4349.00;30.00;83.25;14.02
694610;102.00;4360.00;30.00;83.25;13.92
695047;102.00;4366.00;30.00;83.25;13.92
695432;103.00;4377.00;30.00;83.25;14.11
695874;102.00;4371.00;30.00;83.25;14.11
696266;102.00;4372.00;30.00;83.25;14.11
696650;103.00;4358.00;30.00;83.25;14.02
697042;103.00;4368.00;30.00;83.25;13.92
697428;102.00;4370.00;30.00;83.25;13.92
697816;102.00;4341.00;30.00;83.25;14.11
698124;102.00;4317.00;30.00;83.25;14.02
698511;101.00;4306.00;30.00;83.25;14.02
698900;101.00;4291.00;30.00;83.25;14.11
699289;101.00;4281.00;30.00;83.25;14.02
699677;101.00;4267.00;30.00;83.25;14.11
700065;101.00;4260.00;30.00;83.25;14.02
700453;100.00;4250.00;30.00;83.25;14.02
700844;100.00;4216.00;30.00;83.25;14.02
701149;98.00;4168.00;30.00;83.25;14.11
701541;97.00;4123.00;30.00;83.25;14.11
701931;97.00;4138.00;30.00;83.25;13.92
702369;97.00;4143.00;30.00;83.25;14.02
702808;97.00;4145.00;30.00;83.25;14.02
703112;97.00;4152.00;30.00;83.25;14.11
703501;98.00;4149.00;30.00;83.25;14.11
703887;97.00;4171.00;30.00;83.25;14.11
704277;97.00;4148.00;30.00;83.25;14.11
704766;96.00;4040.00;30.00;83.25;14.11
705208;95.00;4010.00;30.00;83.25;14.02
705603;93.00;3994.00;30.00;83.25;13.92
705994;92.00;3946.00;30.00;83.25;14.11
706385;92.00;3912.00;30.00;83.25;14.02
706773;92.00;3903.00;30.00;83.25;14.02
707208;91.00;3856.00;30.00;83.25;14.11
707600;90.00;3824.00;30.00;83.25;14.11
707988;87.00;3732.00;30.00;83.25;14.02
708380;85.00;3668.00;30.00;83.25;14.11
708773;83.00;3832.00;30.00;83.25;14.11
709165;81.00;3762.00;30.00;83.25;14.11
709554;80.00;3672.00;30.00;83.25;14.11
710042;78.00;3602.00;30.00;83.25;14.11
710481;78.00;3627.00;30.00;83.25;14.02
710919;78.00;3636.00;30.00;83.25;14.11
711318;80.00;3682.00;30.00;82.50;14.02
711712;81.00;3746.00;30.00;82.50;14.02
712152;82.00;3811.00;30.00;82.50;14.11
712591;82.00;3794.00;30.00;82.50;14.11
712977;81.00;3803.00;30.00;82.50;14.11
713372;81.00;3740.00;30.00;82.50;14.11
713759;81.00;3752.00;30.00;82.50;14.02
714147;81.00;3733.00;30.00;82.50;14.02
714531;81.00;3750.00;30.00;82.50;14.11
714918;82.00;3780.00;30.00;82.50;14.11
715306;82.00;3780.00;30.00;82.50;14.02
715692;82.00;3762.00;30.00;82.50;14.02
716077;82.00;3799.00;30.00;82.50;14.02
716463;83.00;3853.00;30.00;82.50;14.11
716854;83.00;3883.00;30.00;82.50;14.11
717159;85.00;3892.00;30.00;82.50;14.02
717553;85.00;3914.00;30.00;82.50;14.02
717937;85.00;3916.00;30.00;82.50;14.02
718324;85.00;3857.00;30.00;82.50;14.02
718710;83.00;3869.00;30.00;82.50;14.02
719099;83.00;3814.00;30.00;82.50;14.11
719489;82.00;3813.00;30.00;82.50;14.02
719880;82.00;3783.00;30.00;82.50;13.92
720188;81.00;3731.00;30.00;82.50;14.11
720582;80.00;3705.00;30.00;82.50;14.11
720973;80.00;3635.00;30.00;82.50;14.02
721412;78.00;3644.00;30.00;82.50;14.02
721801;77.00;3613.00;30.00;82.50;14.11
722161;77.00;3559.00;30.00;82.50;14.11
722546;76.00;3552.00;30.00;82.50;14.02
722938;77.00;3554.00;30.00;82.50;14.11
723328;77.00;3552.00;30.00;82.50;14.11
723765;78.00;3593.00;30.00;82.50;14.02
724162;78.00;3629.00;30.00;82.50;14.02
724552;80.00;3659.00;30.00;82.50;14.02
724941;81.00;3738.00;30.00;82.50;14.11
725334;83.00;3822.00;30.00;82.50;14.02
725726;85.00;3917.00;30.00;82.50;14.02
726165;87.00;3983.00;30.00;82.50;14.02
726603;88.00;4110.00;30.00;82.50;14.02
726992;91.00;4166.00;30.00;82.50;14.02
727380;91.00;3697.00;30.00;82.50;14.11
727767;92.00;3893.00;30.00;82.50;14.02
728160;92.00;3923.00;30.00;82.50;14.11
728548;93.00;3981.00;30.00;82.50;14.11
728936;95.00;4004.00;30.00;82.50;14.11
729324;95.00;4033.00;30.00;82.50;14.11
729709;96.00;4078.00;30.00;82.50;14.02
730101;96.00;4087.00;30.00;82.50;14.02
730485;96.00;4070.00;30.00;82.50;14.02
730869;96.00;4042.00;30.00;82.50;14.11
731228;95.00;4057.00;30.00;82.50;14.11
731617;95.00;4040.00;30.00;82.50;14.11
732003;95.00;4033.00;30.00;82.50;14.02
732391;95.00;4052.00;30.00;82.50;14.11
732779;96.00;4063.00;30.00;82.50;14.02
733172;96.00;4048.00;30.00;82.50;14.11
733559;95.00;4062.00;30.00;82.50;14.11
733948;96.00;4071.00;30.00;83.25;14.02
734359;96.00;4121.00;30.00;83.25;14.11
734748;97.00;4126.00;30.00;83.25;14.11
735136;97.00;4136.00;30.00;83.25;14.02
735529;97.00;4127.00;30.00;83.25;14.02
735913;97.00;4153.00;30.00;83.25;13.92
736221;97.00;4147.00;30.00;83.25;14.11
736613;98.00;4175.00;30.00;83.25;13.92
737004;98.00;4203.00;30.00;83.25;14.11
737391;98.00;4206.00;30.00;83.25;14.02
737780;100.00;4194.00;30.00;83.25;14.02
738172;100.00;4222.00;30.00;83.25;14.02
738607;100.00;4234.00;30.00;83.25;14.02
738992;100.00;4232.00;30.00;83.25;14.11
739381;100.00;4215.00;30.00;83.25;14.11
739868;100.00;4225.00;30.00;83.25;14.02
740176;98.00;4220.00;30.00;83.25;14.02
740563;100.00;4220.00;30.00;83.25;14.11
740957;100.00;4224.00;30.00;83.25;14.11
741342;100.00;4223.00;30.00;83.25;14.11
741729;100.00;4229.00;30.00;83.25;14.02
742118;100.00;4225.00;30.00;83.25;14.11
742507;101.00;4246.00;30.00;83.25;14.02
742900;100.00;4257.00;30.00;83.25;14.02
743211;100.00;4246.00;30.00;83.25;14.02
743598;100.00;4229.00;30.00;83.25;14.02
743982;100.00;4219.00;30.00;83.25;14.11
744371;100.00;4234.00;30.00;83.25;14.02
744761;100.00;4231.00;30.00;83.25;14.11
745151;100.00;4222.00;30.00;83.25;14.02
745542;100.00;4231.00;30.00;83.25;14.11
745982;100.00;4241.00;30.00;83.25;14.11
746367;100.00;4238.00;30.00;83.25;14.11
746753;100.00;4229.00;30.00;83.25;14.02
747140;100.00;4235.00;30.00;83.25;14.02
747577;100.00;4231.00;30.00;83.25;13.92
748016;98.00;4170.00;30.00;83.25;14.11
748408;98.00;4180.00;30.00;83.25;14.02
748797;97.00;4127.00;30.00;83.25;14.11
749190;97.00;4111.00;30.00;83.25;14.11
749574;97.00;4120.00;30.00;83.25;14.11
749959;97.00;4103.00;30.00;83.25;14.02
750348;96.00;4111.00;30.00;83.25;14.11
750740;96.00;4095.00;30.00;83.25;14.02
751130;96.00;4086.00;30.00;83.25;13.92
751519;96.00;4094.00;30.00;83.25;14.02
751910;96.00;4099.00;30.00;83.25;14.11
752217;96.00;4077.00;30.00;83.25;14.02
752605;96.00;4092.00;30.00;83.25;14.11
752993;96.00;4096.00;30.00;83.25;14.11
753379;96.00;4081.00;30.00;83.25;14.11
753764;96.00;4079.00;30.00;83.25;14.11
754127;95.00;4058.00;30.00;83.25;13.92
754518;95.00;4007.00;30.00;83.25;14.11
754907;95.00;3990.00;30.00;83.25;14.02
755216;93.00;3988.00;30.00;83.25;14.02
755607;93.00;3963.00;30.00;83.25;14.11
755996;93.00;3969.00;30.00;83.25;14.11
756382;93.00;3981.00;30.00;83.25;14.02
756770;93.00;3973.00;30.00;83.25;14.02
757155;93.00;3993.00;30.00;83.25;14.11
757543;95.00;4023.00;30.00;83.25;14.11
757931;96.00;4054.00;30.00;83.25;14.11
758291;96.00;4094.00;30.00;83.25;14.11
758676;97.00;4132.00;30.00;83.25;14.11
759115;98.00;4192.00;30.00;83.25;14.02
759508;100.00;4236.00;30.00;83.25;14.11
759906;101.00;4250.00;30.00;83.25;13.92
760217;101.00;4296.00;30.00;83.25;14.02
760605;101.00;4312.00;30.00;83.25;14.02
760989;102.00;4340.00;30.00;83.25;13.92
761380;103.00;4369.00;30.00;83.25;14.02
761777;103.00;4406.00;30.00;83.25;14.02
762161;105.00;4427.00;30.00;83.25;14.11
762603;106.00;4456.00;30.00;83.25;14.02
762998;106.00;4493.00;30.00;83.25;14.02
763384;107.00;4540.00;30.00;83.25;14.02
763774;107.00;4532.00;30.00;83.25;13.92
764166;107.00;4552.00;30.00;83.25;14.11
764555;107.00;4592.00;30.00;83.25;14.02
764945;108.00;4579.00;30.00;83.25;14.02
765253;108.00;4593.00;30.00;83.25;14.11
765642;108.00;4568.00;30.00;83.25;14.02
766033;107.00;4560.00;30.00;83.25;14.11
766425;107.00;4571.00;30.00;83.25;14.11
766812;108.00;4588.00;30.00;83.25;14.02
767204;108.00;4584.00;30.00;83.25;14.02
767690;108.00;4583.00;30.00;83.25;14.11
768129;108.00;4585.00;30.00;83.25;14.11
768515;107.00;4572.00;30.00;83.25;14.11
768955;107.00;4542.00;30.00;83.25;14.11
769259;107.00;4572.00;30.00;83.25;14.11
769644;107.00;4561.00;30.00;83.25;14.11
770030;107.00;4562.00;30.00;83.25;14.11
770415;107.00;4563.00;30.00;83.25;14.11
770801;107.00;4543.00;30.00;83.25;14.11
771189;107.00;4572.00;30.00;83.25;14.11
771623;107.00;4548.00;30.00;83.25;14.11
772025;107.00;4553.00;30.00;83.25;14.02
772415;107.00;4526.00;30.00;83.25;14.02
772800;107.00;4514.00;30.00;83.25;14.02
773184;106.00;4519.00;30.00;83.25;14.11
773577;106.00;4507.00;30.00;83.25;14.11
773960;106.00;4494.00;30.00;83.25;14.11
774268;106.00;4492.00;30.00;83.25;14.02
774707;105.00;4485.00;30.00;83.25;14.11
775101;105.00;4474.00;30.00;83.25;14.11
775486;106.00;4477.00;30.00;83.25;14.11
775880;106.00;4474.00;30.00;83.25;14.02
776189;106.00;4487.00;30.00;83.25;14.02
776585;106.00;4474.00;30.00;83.25;14.02
776968;105.00;4458.00;30.00;83.25;14.02
777357;105.00;4454.00;30.00;83.25;14.11
777745;105.00;4456.00;30.00;83.25;14.02
778135;105.00;4449.00;30.00;83.25;14.11
778523;105.00;4449.00;30.00;83.25;14.11
778907;105.00;4475.00;30.00;83.25;14.02
779266;106.00;4503.00;30.00;83.25;13.92
779708;106.00;4513.00;30.00;83.25;14.02
780098;106.00;4528.00;30.00;83.25;14.02
780483;107.00;4541.00;30.00;83.25;14.02
780888;107.00;4549.00;30.00;83.25;14.02
781195;107.00;4572.00;30.00;83.25;14.02
781632;107.00;4546.00;30.00;83.25;14.11
782021;107.00;4529.00;30.00;83.25;14.02
782411;106.00;4519.00;30.00;83.25;14.02
782852;106.00;4497.00;30.00;83.25;14.02
783289;106.00;4523.00;30.00;83.25;13.92
783729;106.00;4519.00;30.00;83.25;14.02
784123;106.00;4508.00;30.00;83.25;14.02
784508;107.00;4538.00;30.00;83.25;14.11
784901;107.00;4548.00;30.00;83.25;13.92
785258;107.00;4553.00;30.00;83.25;14.11
785647;107.00;4564.00;30.00;83.25;14.02
786038;107.00;4549.00;30.00;83.25;14.11
786426;107.00;4556.00;30.00;83.25;14.02
786814;107.00;4535.00;30.00;83.25;14.11
787204;107.00;4528.00;30.00;83.25;14.11
787589;107.00;4534.00;30.00;83.25;14.02
787980;107.00;4544.00;30.00;83.25;14.02
788337;107.00;4549.00;30.00;83.25;14.11
788724;107.00;4554.00;30.00;83.25;14.02
789162;107.00;4549.00;30.00;83.25;14.11
789602;107.00;4546.00;30.00;83.25;14.02
789992;107.00;4570.00;30.00;83.25;14.02
790377;107.00;4567.00;30.00;83.25;14.02
790763;108.00;4569.00;30.00;83.25;14.11
791206;108.00;4596.00;30.00;83.25;14.02
791601;108.00;4608.00;30.00;83.25;14.11
791990;108.00;4587.00;30.00;83.25;14.11
792374;107.00;4565.00;30.00;83.25;14.11
792763;107.00;4552.00;30.00;83.25;14.02
793152;107.00;4535.00;30.00;83.25;14.02
793539;106.00;4524.00;30.00;83.25;13.92
793930;107.00;4527.00;30.00;83.25;14.02
794243;106.00;4515.00;30.00;83.25;14.11
794633;106.00;4518.00;30.00;83.25;14.02
795020;106.00;4496.00;30.00;83.25;14.02
795406;106.00;4495.00;30.00;83.25;14.11
795795;106.00;4463.00;30.00;83.25;14.11
796181;105.00;4498.00;30.00;83.25;14.02
796574;106.00;4475.00;30.00;83.25;14.11
797018;105.00;4494.00;30.00;83.25;14.11
797405;105.00;4473.00;30.00;83.25;14.11
797789;106.00;4473.00;30.00;83.25;14.02
798178;106.00;4458.00;30.00;83.25;14.02
798560;105.00;4422.00;30.00;83.25;14.02
798951;106.00;4532.00;30.00;83.25;14.11
799265;106.00;4502.00;30.00;83.25;14.02
799655;107.00;4561.00;30.00;83.25;14.02
800043;107.00;4555.00;30.00;83.25;14.02
800427;108.00;4587.00;30.00;83.25;14.02
800816;108.00;4609.00;30.00;83.25;14.11
801207;108.00;4595.00;30.00;83.25;13.92
801597;110.00;4627.00;30.00;83.25;14.11
801989;110.00;4656.00;30.00;83.25;13.92
802299;108.00;4641.00;30.00;83.25;14.11
802691;108.00;4613.00;30.00;83.25;14.02
803084;108.00;4622.00;30.00;83.25;14.02
803469;108.00;4639.00;30.00;83.25;14.02
803853;108.00;4627.00;30.00;83.25;14.02
804237;108.00;4615.00;30.00;83.25;14.11
804627;108.00;4608.00;30.00;83.25;14.02
805017;108.00;4587.00;30.00;83.25;14.11
805406;108.00;4576.00;30.00;83.25;14.02
805796;107.00;4551.00;30.00;83.25;14.02
806186;107.00;4561.00;30.00;83.25;14.11
806576;107.00;4533.00;30.00;83.25;14.02
806968;106.00;4492.00;30.00;83.25;14.11
807281;106.00;4511.00;30.00;83.25;14.02
807670;106.00;4504.00;30.00;83.25;14.02
808053;106.00;4480.00;30.00;83.25;14.11
808441;105.00;4464.00;30.00;83.25;14.11
808831;105.00;4453.00;30.00;84.00;14.02
809225;105.00;4476.00;30.00;84.00;14.11
809614;105.00;4453.00;30.00;84.00;14.02
810003;105.00;4438.00;30.00;84.00;14.02
810309;105.00;4448.00;30.00;83.25;14.02
810699;105.00;4446.00;30.00;83.25;14.02
811086;105.00;4428.00;30.00;83.25;14.11
811476;105.00;4424.00;30.00;83.25;14.11
811861;105.00;4445.00;30.00;83.25;14.02
812251;105.00;4433.00;30.00;83.25;14.11
812640;105.00;4460.00;30.00;83.25;14.11
813025;105.00;4463.00;30.00;83.25;14.11
813462;105.00;4455.00;30.00;83.25;14.02
813852;105.00;4445.00;30.00;83.25;14.02
814258;105.00;4451.00;30.00;83.25;14.11
814646;103.00;4419.00;30.00;83.25;14.02
815088;103.00;4397.00;30.00;83.25;14.11
815475;103.00;4405.00;30.00;83.25;14.11
815859;103.00;4431.00;30.00;83.25;14.11
816346;105.00;4422.00;30.00;83.25;14.02
816788;105.00;4447.00;30.00;83.25;14.02
817226;105.00;4456.00;30.00;83.25;14.02
817661;105.00;4457.00;30.00;83.25;14.02
818097;105.00;4461.00;30.00;83.25;14.02
818482;106.00;4470.00;30.00;83.25;13.92
818975;105.00;4471.00;30.00;83.25;14.11
819287;105.00;4480.00;30.00;83.25;14.11
819673;105.00;4458.00;30.00;83.25;14.11
820158;105.00;4430.00;30.00;83.25;14.11
820543;103.00;4397.00;30.00;83.25;14.11
820933;103.00;4379.00;30.00;83.25;14.11
821238;103.00;4393.00;30.00;83.25;14.02
821627;103.00;4389.00;30.00;83.25;14.02
822014;105.00;4442.00;30.00;83.25;13.92
822377;105.00;4456.00;30.00;83.25;14.11
822769;106.00;4470.00;30.00;83.25;14.02
823163;106.00;4467.00;30.00;83.25;14.11
823551;106.00;4515.00;30.00;83.25;14.02
823942;107.00;4524.00;30.00;83.25;14.02
824260;107.00;4528.00;30.00;83.25;14.02
824645;107.00;4526.00;30.00;83.25;13.92
825034;107.00;4541.00;30.00;83.25;14.02
825422;107.00;4549.00;30.00;83.25;13.92
825810;107.00;4553.00;30.00;83.25;14.11
826197;107.00;4560.00;30.00;83.25;14.02
826585;107.00;4575.00;30.00;83.25;14.02
826971;107.00;4573.00;30.00;83.25;14.02
827275;108.00;4591.00;30.00;83.25;14.11
827782;108.00;4609.00;30.00;83.25;14.11
828168;108.00;4665.00;30.00;83.25;14.02
828557;110.00;4683.00;30.00;83.25;13.92
828948;111.00;4708.00;30.00;83.25;14.11
829260;112.00;4765.00;30.00;83.25;14.02
829653;112.00;4804.00;30.00;83.25;14.02
830038;113.00;4818.00;30.00;83.25;14.02
830428;113.00;4797.00;30.00;83.25;14.11
830817;113.00;4810.00;30.00;83.25;14.11
831203;113.00;4810.00;30.00;83.25;14.02
831587;113.00;4826.00;30.00;83.25;14.11
831976;113.00;4803.00;30.00;83.25;14.02
832339;113.00;4808.00;30.00;83.25;14.11
832729;113.00;4810.00;30.00;83.25;13.92
833118;113.00;4818.00;30.00;83.25;14.02
833505;113.00;4786.00;30.00;83.25;14.11
833894;113.00;4810.00;30.00;83.25;14.11
834280;113.00;4838.00;30.00;83.25;14.02
834669;113.00;4823.00;30.00;83.25;14.11
835061;113.00;4831.00;30.00;83.25;14.02
835451;113.00;4851.00;30.00;83.25;13.92
835839;113.00;4832.00;30.00;83.25;14.11
836226;113.00;4812.00;30.00;83.25;13.92
836615;112.00;4755.00;30.00;83.25;14.02
837008;111.00;4746.00;30.00;83.25;14.02
837319;112.00;4749.00;30.00;83.25;14.02
837708;112.00;4734.00;30.00;83.25;14.02
838094;112.00;4764.00;30.00;83.25;14.11
838533;112.00;4763.00;30.00;83.25;14.11
838921;112.00;4750.00;30.00;83.25;14.11
839312;111.00;4745.00;30.00;83.25;14.02
839705;112.00;4757.00;30.00;83.25;14.02
840094;111.00;4735.00;30.00;83.25;14.02
840482;111.00;4729.00;30.00;83.25;14.11
840869;112.00;4710.00;30.00;83.25;14.11
841258;111.00;4714.00;30.00;83.25;14.02
841650;111.00;4709.00;30.00;83.25;14.02
842039;111.00;4697.00;30.00;83.25;14.02
842395;110.00;4697.00;30.00;83.25;14.11
842834;110.00;4681.00;30.00;83.25;14.11
843222;110.00;4656.00;30.00;83.25;14.02
843612;108.00;4623.00;30.00;83.25;14.11
844007;108.00;4602.00;30.00;83.25;14.02
844318;107.00;4564.00;30.00;83.25;14.11
844709;107.00;4547.00;30.00;83.25;14.11
845096;106.00;4496.00;30.00;83.25;14.11
845485;106.00;4500.00;30.00;83.25;14.02
845873;105.00;4435.00;30.00;83.25;14.11
846264;103.00;4446.00;30.00;83.25;14.11
846652;103.00;4410.00;30.00;83.25;14.11
847039;103.00;4407.00;30.00;83.25;14.11
847343;103.00;4386.00;30.00;83.25;14.02
847731;103.00;4360.00;30.00;83.25;14.11
848120;102.00;4342.00;30.00;83.25;14.11
848515;102.00;4321.00;30.00;83.25;14.11
848950;101.00;4323.00;30.00;83.25;14.02
849394;101.00;4314.00;30.00;83.25;14.11
849833;101.00;4267.00;30.00;83.25;14.02
850224;100.00;4249.00;30.00;83.25;14.11
850617;100.00;4241.00;30.00;83.25;14.11
851002;100.00;4223.00;30.00;83.25;14.02
851361;98.00;4169.00;30.00;83.25;14.11
851805;100.00;4219.00;30.00;83.25;14.11
852200;98.00;4176.00;30.00;83.25;14.02
852598;98.00;4154.00;30.00;83.25;14.11
852987;97.00;4092.00;30.00;83.25;14.02
853300;96.00;4069.00;30.00;83.25;14.11
853691;95.00;4051.00;30.00;83.25;14.02
854083;93.00;3964.00;30.00;83.25;14.11
854474;92.00;3935.00;30.00;83.25;14.11
854912;91.00;3874.00;30.00;83.25;14.11
855352;91.00;3811.00;30.00;83.25;13.92
855741;91.00;3847.00;30.00;83.25;14.11
856129;90.00;3836.00;30.00;83.25;14.11
856518;90.00;3838.00;30.00;83.25;14.02
856956;90.00;3834.00;30.00;83.25;14.11
857344;90.00;3825.00;30.00;83.25;14.11
857730;90.00;3841.00;30.00;83.25;14.11
858166;90.00;3791.00;30.00;83.25;14.11
858601;90.00;3838.00;30.00;83.25;14.11
858987;91.00;3873.00;30.00;83.25;13.92
859298;91.00;3871.00;30.00;83.25;14.11
859686;91.00;3858.00;30.75;83.25;14.02
860079;91.00;3861.00;30.75;83.25;14.11
860467;92.00;3896.00;30.75;83.25;14.11
860856;92.00;3936.00;30.75;83.25;14.02
861245;93.00;3943.00;30.75;83.25;14.11
861639;93.00;3974.00;30.75;83.25;14.11
862078;93.00;3981.00;30.75;83.25;14.11
862514;95.00;4009.00;30.75;83.25;14.02
862907;95.00;4029.00;30.75;83.25;14.11
863346;95.00;4032.00;30.75;83.25;14.11
863783;96.00;4068.00;30.75;83.25;13.92
864225;96.00;4071.00;30.75;83.25;14.11
864615;95.00;4068.00;30.75;83.25;14.11
865003;95.00;4045.00;30.75;83.25;14.02
865311;95.00;4033.00;30.75;83.25;14.02
865695;95.00;4044.00;30.75;83.25;14.02
866081;95.00;4042.00;30.75;83.25;14.11
866469;95.00;4053.00;30.75;83.25;14.11
866854;96.00;4072.00;30.75;83.25;14.11
867243;97.00;4106.00;30.75;83.25;14.11
867632;98.00;4189.00;30.75;83.25;14.02
868024;100.00;4244.00;30.75;83.25;14.11
868343;102.00;4330.00;30.75;83.25;14.11
868736;103.00;4404.00;30.75;83.25;14.11
869123;105.00;4456.00;30.75;83.25;14.11
869512;106.00;4506.00;30.75;83.25;14.11
869900;107.00;4544.00;30.75;83.25;14.02
870292;107.00;4562.00;30.75;83.25;14.11
870680;108.00;4581.00;30.75;83.25;14.02
871071;108.00;4576.00;30.75;83.25;14.11
871379;108.00;4604.00;30.75;83.25;14.11
871767;108.00;4620.00;30.00;83.25;14.02
872160;110.00;4673.00;30.00;83.25;13.92
872551;111.00;4707.00;30.00;83.25;14.11
872945;112.00;4743.00;30.00;83.25;14.02
873306;112.00;4731.00;30.00;83.25;13.92
873695;112.00;4743.00;30.00;83.25;13.92
874079;112.00;4740.00;30.00;83.25;14.11
874406;111.00;4722.00;30.00;83.25;14.11
874816;111.00;4712.00;30.00;83.25;14.11
875201;111.00;4697.00;30.00;83.25;14.02
875591;110.00;4689.00;30.00;83.25;14.02
875980;110.00;4656.00;30.00;83.25;14.11
876369;110.00;4650.00;30.00;83.25;14.11
876755;110.00;4622.00;30.00;83.25;14.02
877142;108.00;4625.00;30.00;83.25;14.02
877531;110.00;4656.00;30.00;83.25;14.11
877925;110.00;4658.00;30.00;83.25;14.11
878310;110.00;4651.00;30.00;83.25;14.11
878696;110.00;4669.00;30.00;83.25;14.02
879086;110.00;4671.00;30.00;83.25;14.02
879443;110.00;4672.00;30.00;83.25;14.02
879879;110.00;4665.00;30.00;84.00;14.02
880316;110.00;4689.00;30.00;84.00;14.02
880703;110.00;4688.00;30.75;84.00;13.92
881146;111.00;4695.00;30.75;84.00;14.02
881591;112.00;4728.00;30.75;84.00;14.11
881987;112.00;4752.00;30.75;84.00;14.11
882372;112.00;4793.00;30.75;84.00;14.11
882758;113.00;4806.00;30.75;84.00;14.11
883149;113.00;4823.00;30.75;84.00;14.11
883533;113.00;4805.00;30.75;84.00;14.11
883923;112.00;4788.00;30.75;84.00;14.11
884313;112.00;4749.00;30.75;84.00;14.11
884701;112.00;4735.00;30.75;84.00;14.02
885091;111.00;4739.00;30.75;84.00;14.11
885454;111.00;4714.00;30.75;84.00;14.11
885840;111.00;4700.00;30.75;84.00;14.02
886279;111.00;4713.00;30.75;84.00;14.11
886720;111.00;4683.00;30.75;84.00;14.02
887111;111.00;4673.00;30.75;84.00;14.11
887500;110.00;4660.00;30.75;84.00;14.02
887893;110.00;4691.00;30.75;84.00;14.02
888278;110.00;4687.00;30.75;84.00;14.02
888666;110.00;4681.00;30.75;84.00;14.11
889056;110.00;4660.00;30.75;84.00;14.02
889415;110.00;4653.00;30.75;84.00;14.02
889801;110.00;4477.00;30.75;84.00;14.11
890189;107.00;4576.00;30.75;84.00;14.11
890576;108.00;4580.00;30.75;84.00;14.02
890973;108.00;4584.00;30.00;84.00;14.11
891364;108.00;4583.00;30.00;84.00;14.11
891749;108.00;4606.00;30.00;84.00;14.11
892184;108.00;4586.00;30.00;84.00;14.11
892570;108.00;4602.00;30.00;84.00;14.11
892954;108.00;4605.00;30.75;84.00;14.02
893345;108.00;4611.00;30.75;84.00;14.11
893733;110.00;4634.00;30.00;84.00;14.02
894127;110.00;4634.00;30.00;84.00;14.11
894517;110.00;4633.00;30.00;84.00;14.11
894902;110.00;4655.00;30.00;84.00;14.11
895288;110.00;4664.00;30.00;84.00;14.11
895675;110.00;4665.00;30.00;84.00;14.02
896064;110.00;4676.00;30.00;84.00;14.11
896373;110.00;4668.00;30.00;84.00;14.11
896757;110.00;4659.00;30.00;84.00;14.02
897146;110.00;4673.00;30.00;84.00;13.92
897533;110.00;4674.00;30.00;84.00;13.92
897919;110.00;4689.00;30.00;84.00;14.11
898307;110.00;4676.00;30.00;84.00;14.11
898695;111.00;4695.00;30.00;84.00;14.11
899090;111.00;4704.00;30.00;84.00;13.92
899399;111.00;4705.00;30.00;84.00;14.11
899838;111.00;4709.00;30.00;84.00;13.92
900227;111.00;4729.00;30.00;84.00;14.02
900616;112.00;4720.00;30.00;84.00;14.02
901005;112.00;4749.00;30.00;84.00;14.02
901393;112.00;4767.00;30.00;84.00;14.11
901831;112.00;4772.00;30.00;84.00;13.92
902222;112.00;4765.00;30.00;84.00;14.02
902612;112.00;4778.00;30.00;84.00;14.11
903000;112.00;4765.00;30.00;84.00;14.02
903390;112.00;4772.00;30.00;84.00;14.11
903780;112.00;4774.00;30.00;84.00;14.02
904169;112.00;4770.00;30.00;84.00;14.11
904565;112.00;4776.00;30.00;84.00;14.02
904954;112.00;4768.00;30.00;84.00;14.11
905343;112.00;4769.00;30.00;84.00;14.02
905731;112.00;4767.00;30.00;84.00;14.11
906121;112.00;4765.00;30.00;84.00;14.11
906477;111.00;4732.00;30.00;83.25;14.11
906920;111.00;4714.00;30.00;83.25;14.02
907308;111.00;4693.00;30.00;83.25;14.02
907693;111.00;4695.00;30.00;83.25;14.11
908079;111.00;4701.00;30.00;83.25;14.11
908384;111.00;4679.00;30.00;83.25;14.02
908771;111.00;4693.00;30.00;83.25;14.02
909159;111.00;4718.00;30.00;83.25;14.02
909549;111.00;4705.00;30.00;83.25;14.02
909936;111.00;4715.00;30.00;83.25;13.92
910376;111.00;4713.00;30.00;83.25;14.11
910766;111.00;4716.00;30.00;83.25;14.02
911155;111.00;4730.00;30.00;83.25;14.11
911544;111.00;4727.00;30.00;83.25;14.02
911981;111.00;4716.00;30.00;83.25;14.02
912368;111.00;4726.00;30.00;83.25;14.11
912808;111.00;4703.00;30.00;83.25;14.11
913250;111.00;4738.00;30.00;83.25;14.02
913638;111.00;4758.00;30.00;83.25;13.92
914027;111.00;4712.00;30.00;83.25;14.11
914417;111.00;4707.00;30.00;83.25;14.02
914808;111.00;4703.00;30.00;83.25;14.11
915196;111.00;4697.00;30.00;83.25;14.11
915582;110.00;4698.00;30.00;83.25;14.11
916023;110.00;4687.00;30.00;83.25;13.92
916412;110.00;4678.00;30.00;83.25;14.02
916851;110.00;4677.00;30.00;83.25;14.02
917237;110.00;4664.00;30.00;83.25;14.11
917677;110.00;4654.00;30.00;83.25;14.11
918112;110.00;4661.00;30.00;83.25;14.11
918417;110.00;4658.00;30.00;83.25;14.11
918804;110.00;4650.00;30.00;83.25;14.02
919193;110.00;4658.00;30.00;83.25;14.02
919584;110.00;4647.00;30.00;83.25;14.02
919968;110.00;4638.00;30.00;83.25;14.11
920360;110.00;4655.00;30.00;83.25;14.11
920748;110.00;4653.00;30.00;83.25;14.02
921138;110.00;4641.00;30.00;83.25;14.11
921497;110.00;4704.00;30.00;83.25;14.11
921949;108.00;4629.00;30.00;83.25;14.02
922342;108.00;4617.00;30.00;83.25;14.11
922732;108.00;4603.00;30.00;83.25;14.11
923118;107.00;4582.00;30.00;83.25;14.11
923428;107.00;4552.00;30.00;83.25;14.02
923815;107.00;4558.00;30.00;83.25;13.92
924205;106.00;4527.00;30.00;83.25;14.11
924605;106.00;4514.00;30.00;83.25;14.11
924989;106.00;4504.00;30.00;83.25;14.02
925383;106.00;4516.00;30.00;83.25;14.02
925767;106.00;4529.00;30.00;83.25;14.11
926157;106.00;4521.00;30.00;83.25;14.11
926545;106.00;4537.00;30.00;83.25;14.11
926933;107.00;4529.00;30.00;83.25;14.02
927331;107.00;4542.00;30.00;83.25;14.02
927717;106.00;4531.00;30.00;83.25;14.02
928107;107.00;4531.00;30.00;83.25;14.02
928462;107.00;4516.00;30.00;83.25;14.11
928902;106.00;4533.00;30.00;83.25;14.11
929343;107.00;4543.00;30.00;83.25;14.02
929785;107.00;4554.00;30.00;83.25;14.11
930174;107.00;4540.00;30.00;83.25;14.11
930560;107.00;4574.00;30.00;83.25;14.11
930944;107.00;4576.00;30.00;83.25;14.11
931330;107.00;4574.00;30.00;83.25;14.11
931714;108.00;4571.00;30.00;83.25;14.11
932104;108.00;4575.00;30.00;83.25;14.02
932416;108.00;4595.00;30.00;83.25;14.02
932802;108.00;4610.00;30.00;83.25;14.11
933193;108.00;4628.00;30.00;83.25;14.02
933632;110.00;4636.00;30.00;83.25;14.02
934071;110.00;4650.00;30.00;83.25;14.02
934343;110.00;4703.00;30.00;83.25;14.11
934730;111.00;4727.00;30.00;83.25;14.11
935119;112.00;4767.00;30.00;83.25;14.11
935426;113.00;4816.00;30.00;83.25;14.11
935813;115.00;4867.00;30.00;83.25;14.02
936204;115.00;4887.00;30.00;83.25;14.02
936590;115.00;4893.00;30.00;83.25;14.11
936977;115.00;4884.00;30.00;83.25;14.11
937364;116.00;4891.00;30.00;83.25;14.11
937752;116.00;4916.00;30.00;83.25;13.92
938141;116.00;4912.00;30.00;83.25;14.02
938448;116.00;4903.00;30.00;83.25;14.11
938887;116.00;4897.00;30.00;83.25;14.02
939326;115.00;4900.00;30.00;83.25;14.11
939770;115.00;4905.00;30.00;83.25;13.92
940159;115.00;4873.00;30.00;83.25;14.11
940467;116.00;4873.00;30.00;83.25;14.11
940851;115.00;4906.00;30.00;83.25;14.11
941245;116.00;4902.00;30.00;83.25;14.11
941634;116.00;4894.00;30.00;83.25;14.11
942018;116.00;4911.00;30.00;83.25;14.11
942403;116.00;4892.00;30.00;83.25;14.11
942788;116.00;4902.00;30.00;83.25;14.11
943224;116.00;4914.00;30.00;83.25;14.02
943612;116.00;4926.00;30.00;83.25;14.11
944000;116.00;4921.00;30.00;83.25;14.02
944437;115.00;4900.00;30.00;83.25;14.11
944830;115.00;4851.00;30.00;83.25;14.02
945218;113.00;4822.00;30.00;83.25;14.11
945610;112.00;4787.00;30.00;83.25;14.11
946050;112.00;4753.00;30.00;83.25;14.11
946486;112.00;4747.00;30.00;83.25;14.11
946870;112.00;4752.00;30.00;83.25;14.11
947254;111.00;4731.00;30.00;83.25;14.02
947647;111.00;4725.00;30.00;83.25;14.02
948031;111.00;4720.00;30.00;83.25;14.02
948417;111.00;4717.00;30.00;83.25;14.11
948806;111.00;4724.00;30.00;83.25;14.02
949245;111.00;4716.00;30.00;83.25;14.11
949636;111.00;4702.00;30.00;83.25;14.02
950076;111.00;4684.00;30.00;83.25;14.11
950465;110.00;4669.00;30.00;83.25;14.02
950907;110.00;4653.00;30.00;83.25;14.02
951295;110.00;4640.00;30.00;83.25;13.92
951686;108.00;4631.00;30.00;83.25;14.11
952088;110.00;4628.00;30.00;83.25;14.02
952530;110.00;4648.00;30.00;83.25;14.02
952967;110.00;4660.00;30.00;83.25;14.11
953355;110.00;4652.00;30.00;83.25;14.11
953739;111.00;4691.00;30.00;83.25;14.02
954131;111.00;4691.00;30.00;83.25;14.11
954435;111.00;4703.00;30.00;83.25;14.11
954870;111.00;4700.00;30.00;83.25;14.11
955307;111.00;4702.00;30.00;83.25;14.02
955696;111.00;4710.00;30.00;83.25;14.11
956083;111.00;4714.00;30.00;83.25;14.02
956470;111.00;4714.00;30.00;83.25;14.02
956853;111.00;4727.00;30.00;83.25;13.92
957252;111.00;4719.00;30.00;83.25;14.02
957640;111.00;4706.00;30.00;83.25;14.11
958028;110.00;4682.00;30.00;83.25;14.11
958418;110.00;4666.00;30.00;83.25;14.11
958803;110.00;4614.00;30.00;83.25;14.02
959192;108.00;4625.00;30.00;83.25;14.02
959553;108.00;4594.00;30.00;83.25;14.11
959948;108.00;4580.00;30.00;83.25;14.11
960336;107.00;4557.00;30.00;83.25;14.11
960727;107.00;4541.00;30.00;83.25;14.11
961114;107.00;4544.00;30.00;83.25;14.02
961472;107.00;4546.00;30.00;83.25;13.92
961963;107.00;4536.00;30.00;83.25;14.02
962402;107.00;4525.00;30.00;83.25;14.11
962841;107.00;4549.00;30.00;83.25;14.11
963224;107.00;4540.00;30.00;83.25;14.02
963613;107.00;4536.00;30.00;83.25;14.02
963999;107.00;4541.00;30.00;83.25;14.11
964387;107.00;4565.00;30.00;83.25;14.11
964775;107.00;4566.00;30.00;83.25;14.02
965163;107.00;4563.00;30.00;83.25;14.11
965471;107.00;4558.00;30.00;83.25;14.02
965860;107.00;4572.00;30.00;83.25;14.11
966247;107.00;4574.00;30.00;83.25;14.11
966632;107.00;4546.00;30.00;83.25;14.11
967016;107.00;4559.00;30.00;83.25;14.02
967403;107.00;4557.00;30.00;83.25;14.11
967793;107.00;4546.00;30.00;83.25;14.11
968228;107.00;4531.00;30.00;83.25;14.02
968668;107.00;4564.00;30.00;83.25;14.11
969122;107.00;4553.00;30.00;83.25;14.02
969428;107.00;4555.00;30.00;83.25;14.02
969816;107.00;4568.00;30.00;83.25;14.11
970254;107.00;4546.00;30.00;83.25;14.02
970644;106.00;4518.00;30.00;83.25;14.11
971086;107.00;4512.00;30.00;83.25;14.11
971475;106.00;4529.00;30.00;83.25;14.02
971868;106.00;4518.00;30.00;83.25;14.02
972253;106.00;4496.00;30.00;83.25;14.11
972646;106.00;4487.00;30.00;83.25;14.11
973033;106.00;4491.00;30.00;83.25;14.02
973472;106.00;4499.00;30.00;83.25;14.02
973858;106.00;4510.00;30.00;83.25;14.11
974246;106.00;4499.00;30.00;83.25;14.11
974685;106.00;4511.00;30.00;83.25;14.11
975069;106.00;4493.00;30.00;83.25;14.02
975458;106.00;4520.00;30.00;83.25;14.11
975846;106.00;4517.00;30.00;83.25;14.11
976230;107.00;4505.00;30.00;83.25;14.02
976623;106.00;4522.00;30.00;83.25;14.11
977016;107.00;4515.00;30.00;83.25;13.92
977408;106.00;4511.00;30.00;83.25;14.02
977800;107.00;4522.00;30.00;83.25;14.11
978191;106.00;4518.00;30.00;83.25;14.11
978500;106.00;4512.00;30.00;83.25;14.11
978884;106.00;4493.00;30.00;83.25;14.11
979270;106.00;4499.00;29.25;83.25;14.11
979709;106.00;4470.00;29.25;83.25;14.11
980146;106.00;4492.00;29.25;83.25;14.11
980450;105.00;4448.00;29.25;83.25;14.11
980839;105.00;4475.00;29.25;83.25;14.02
981228;105.00;4469.00;29.25;83.25;14.11
981617;105.00;4467.00;29.25;83.25;14.02
982007;105.00;4445.00;29.25;83.25;14.11
982397;105.00;4422.00;29.25;83.25;14.02
982786;105.00;4435.00;29.25;83.25;14.11
983173;105.00;4436.00;29.25;83.25;14.11
983478;103.00;4450.00;29.25;83.25;14.11
983865;103.00;4421.00;29.25;83.25;14.02
984253;105.00;4432.00;29.25;83.25;14.02
984642;105.00;4417.00;29.25;83.25;14.02
985028;105.00;4434.00;29.25;83.25;14.11
985418;105.00;4452.00;29.25;83.25;14.11
985810;105.00;4460.00;29.25;83.25;14.11
986197;105.00;4457.00;29.25;83.25;14.11
986501;105.00;4464.00;29.25;83.25;14.02
986890;105.00;4467.00;29.25;83.25;14.11
987279;106.00;4469.00;29.25;83.25;14.02
987671;106.00;4482.00;29.25;83.25;14.11
988060;106.00;4471.00;29.25;83.25;14.02
988448;106.00;4483.00;29.25;83.25;14.11
988835;105.00;4473.00;29.25;83.25;14.02
989228;105.00;4467.00;29.25;83.25;14.02
989584;105.00;4442.00;29.25;83.25;14.11
990024;105.00;4448.00;29.25;83.25;14.11
990459;105.00;4432.00;29.25;83.25;14.02
990848;105.00;4416.00;29.25;83.25;14.11
991235;103.00;4414.00;29.25;83.25;14.11
991543;103.00;4412.00;29.25;83.25;14.11
991933;103.00;4414.00;29.25;83.25;14.02
992323;103.00;4393.00;29.25;83.25;13.92
992712;103.00;4394.00;29.25;83.25;14.02
993101;103.00;4407.00;29.25;83.25;14.11
993490;103.00;4432.00;29.25;83.25;14.11
993875;103.00;4388.00;29.25;83.25;14.11
994345;103.00;4404.00;29.25;83.25;14.11
994731;103.00;4395.00;29.25;83.25;14.11
995168;103.00;4397.00;29.25;83.25;14.11
995472;103.00;4390.00;29.25;83.25;14.11
995858;103.00;4386.00;29.25;83.25;14.11
996244;103.00;4393.00;29.25;83.25;14.02
996630;103.00;4414.00;29.25;83.25;14.11
997069;103.00;4392.00;29.25;83.25;14.11
997505;103.00;4405.00;29.25;83.25;14.11
997889;103.00;4405.00;29.25;83.25;14.11
998271;103.00;4399.00;29.25;83.25;14.11
998675;103.00;4406.00;29.25;83.25;14.02
999112;103.00;4416.00;29.25;83.25;14.11
999500;103.00;4419.00;29.25;83.25;14.11
999889;103.00;4408.00;29.25;83.25;14.02
1000278;103.00;4392.00;29.25;83.25;14.11
1000666;103.00;4387.00;29.25;83.25;14.11
1001050;103.00;4401.00;29.25;83.25;14.02
1001439;103.00;4419.00;29.25;83.25;14.11
1001829;103.00;4397.00;29.25;83.25;14.11
1002215;103.00;4402.00;29.25;83.25;14.02
1002523;103.00;4397.00;29.25;83.25;14.11
1002912;103.00;4421.00;29.25;83.25;14.02
1003349;105.00;4425.00;29.25;83.25;14.02
1003740;105.00;4432.00;29.25;83.25;14.11
1004131;105.00;4429.00;29.25;83.25;14.11
1004517;105.00;4458.00;29.25;83.25;14.11
1004906;106.00;4490.00;29.25;83.25;14.11
1005297;106.00;4474.00;29.25;83.25;14.02
1005685;106.00;4483.00;29.25;83.25;14.11
1006079;105.00;4482.00;29.25;83.25;14.11
1006467;106.00;4502.00;29.25;83.25;14.02
1006860;106.00;4510.00;29.25;83.25;14.02
1007244;106.00;4527.00;29.25;83.25;14.11
1007552;107.00;4561.00;29.25;83.25;14.02
1007943;107.00;4550.00;29.25;83.25;14.11
1008333;107.00;4557.00;29.25;83.25;14.02
1008721;107.00;4559.00;29.25;83.25;14.11
1009109;107.00;4556.00;29.25;83.25;14.11
1009494;107.00;4549.00;29.25;83.25;14.11
1009880;107.00;4557.00;29.25;83.25;14.11
1010265;107.00;4563.00;29.25;83.25;14.11
1010702;107.00;4568.00;29.25;83.25;14.11
1011137;107.00;4561.00;29.25;83.25;14.02
1011526;107.00;4567.00;29.25;83.25;14.02
1011911;107.00;4560.00;29.25;83.25;14.02
1012297;107.00;4550.00;29.25;83.25;14.02
1012682;107.00;4558.00;29.25;83.25;14.02
1013117;107.00;4546.00;29.25;83.25;14.11
1013504;107.00;4555.00;29.25;83.25;14.02
1013894;107.00;4538.00;29.25;83.25;13.92
1014284;107.00;4557.00;29.25;83.25;14.02
1014674;107.00;4531.00;29.25;83.25;14.02
1015060;107.00;4541.00;29.25;83.25;14.11
1015449;107.00;4566.00;29.25;83.25;14.02
1015836;107.00;4559.00;29.25;83.25;14.11
1016238;107.00;4574.00;29.25;83.25;14.02
1016546;107.00;4557.00;29.25;83.25;14.11
1016934;107.00;4587.00;29.25;83.25;14.11
1017318;108.00;4613.00;29.25;83.25;14.11
1017709;108.00;4581.00;29.25;83.25;14.02
1018100;108.00;4588.00;29.25;83.25;14.11
1018491;108.00;4598.00;29.25;83.25;14.02
1018881;108.00;4604.00;29.25;83.25;14.11
1019271;108.00;4618.00;29.25;83.25;14.11
1019575;108.00;4579.00;29.25;83.25;14.02
1020014;108.00;4593.00;29.25;83.25;14.02
1020399;108.00;4594.00;29.25;83.25;14.11
1020787;108.00;4589.00;29.25;83.25;14.11
1021171;108.00;4579.00;29.25;83.25;14.11
1021557;108.00;4602.00;29.25;83.25;14.11
1021993;108.00;4585.00;29.25;83.25;14.11
1022377;108.00;4591.00;29.25;83.25;14.11
1022764;108.00;4590.00;29.25;83.25;14.02
1023152;107.00;4597.00;29.25;83.25;14.02
1023542;108.00;4587.00;29.25;83.25;14.11
1023937;108.00;4588.00;29.25;83.25;14.02
1024325;108.00;4620.00;29.25;83.25;14.02
1024710;108.00;4628.00;29.25;83.25;14.11
1025100;110.00;4630.00;29.25;83.25;14.02
1025493;110.00;4641.00;29.25;83.25;14.11
1025882;110.00;4643.00;29.25;83.25;14.11
1026273;110.00;4666.00;29.25;83.25;14.11
1026578;110.00;4679.00;29.25;83.25;14.02
1026966;110.00;4665.00;29.25;83.25;14.02
1027351;110.00;4674.00;29.25;83.25;14.11
1027742;111.00;4690.00;29.25;83.25;13.92
1028134;111.00;4677.00;29.25;83.25;14.11
1028526;111.00;4715.00;29.25;83.25;14.02
1028916;111.00;4719.00;29.25;83.25;14.11
1029305;111.00;4708.00;29.25;83.25;14.02
1029695;111.00;4689.00;29.25;83.25;13.92
1030084;111.00;4731.00;30.00;83.25;14.11
1030476;111.00;4735.00;30.00;83.25;14.11
1030862;112.00;4724.00;30.00;83.25;14.02
1031254;112.00;4754.00;30.00;83.25;14.11
1031562;112.00;4765.00;30.00;83.25;14.11
1031998;112.00;4757.00;30.00;83.25;14.11
1032434;113.00;4773.00;30.00;83.25;14.02
1032825;113.00;4801.00;30.00;83.25;14.02
1033210;113.00;4817.00;30.00;83.25;14.02
1033514;113.00;4760.00;30.00;83.25;14.11
1033954;113.00;4796.00;30.00;83.25;14.11
1034341;113.00;4826.00;30.00;83.25;14.02
1034781;113.00;4801.00;30.00;83.25;14.02
1035216;113.00;4786.00;30.00;83.25;14.02
1035520;112.00;4794.00;30.00;83.25;14.11
1035913;113.00;4783.00;30.00;83.25;14.02
1036306;112.00;4801.00;30.00;83.25;14.02
1036702;113.00;4773.00;30.00;83.25;14.02
1037143;112.00;4773.00;30.00;83.25;14.11
1037532;112.00;4781.00;30.00;83.25;14.11
1037918;113.00;4791.00;30.00;83.25;14.11
1038307;113.00;4804.00;29.25;83.25;14.11
1038694;113.00;4818.00;29.25;83.25;14.02
1039081;113.00;4823.00;29.25;83.25;14.02
1039465;115.00;4841.00;29.25;83.25;14.11
1039907;115.00;4856.00;29.25;83.25;14.11
1040295;115.00;4851.00;29.25;83.25;14.11
1040599;115.00;4869.00;29.25;83.25;14.11
1040985;115.00;4873.00;29.25;82.50;14.02
1041383;115.00;4871.00;29.25;82.50;14.11
1041771;115.00;4881.00;29.25;82.50;14.02
1042159;115.00;4893.00;29.25;82.50;14.11
1042550;115.00;4888.00;29.25;82.50;14.02
1042939;116.00;4906.00;29.25;82.50;14.02
1043329;116.00;4897.00;29.25;82.50;13.92
1043717;116.00;4917.00;29.25;82.50;13.92
1044103;116.00;4902.00;29.25;82.50;14.02
1044542;116.00;4910.00;29.25;82.50;14.02
1044977;116.00;4921.00;29.25;82.50;14.02
1045362;116.00;4906.00;29.25;82.50;13.92
1045800;116.00;4904.00;29.25;82.50;14.02
1046188;116.00;4910.00;29.25;82.50;14.11
1046576;115.00;4864.00;29.25;82.50;14.11
1046966;115.00;4867.00;29.25;82.50;14.11
1047352;113.00;4820.00;29.25;82.50;14.11
1047741;115.00;4862.00;29.25;82.50;14.02
1048133;115.00;4846.00;29.25;82.50;14.11
1048522;115.00;4851.00;29.25;82.50;14.02
1048909;115.00;4860.00;29.25;82.50;14.11
1049348;115.00;4849.00;29.25;82.50;14.11
1049784;115.00;4837.00;29.25;82.50;14.02
1050222;115.00;4868.00;29.25;82.50;14.02
1050524;115.00;4863.00;29.25;82.50;14.02
1050907;115.00;4861.00;29.25;82.50;14.02
1051344;115.00;4849.00;29.25;82.50;14.11
1051783;115.00;4835.00;29.25;82.50;14.11
1052166;113.00;4867.00;29.25;82.50;14.11
1052560;115.00;4842.00;29.25;82.50;14.11
1052948;115.00;4841.00;29.25;82.50;14.11
1053333;115.00;4858.00;29.25;82.50;14.02
1053721;113.00;4834.00;29.25;82.50;14.11
1054114;113.00;4832.00;29.25;82.50;14.02
1054521;113.00;4815.00;29.25;82.50;14.11
1054959;113.00;4823.00;29.25;82.50;14.02
1055398;113.00;4805.00;29.25;82.50;14.02
1055833;113.00;4807.00;29.25;82.50;14.11
1056220;113.00;4815.00;29.25;82.50;14.11
1056523;113.00;4818.00;29.25;82.50;13.92
1056962;113.00;4818.00;29.25;82.50;14.11
1057398;113.00;4817.00;29.25;82.50;14.11
1057832;112.00;4830.00;29.25;82.50;14.02
1058274;113.00;4793.00;29.25;82.50;14.11
1058590;113.00;4815.00;29.25;82.50;14.02
1058980;113.00;4796.00;29.25;83.25;14.02
1059370;112.00;4792.00;29.25;83.25;14.11
1059763;112.00;4769.00;29.25;83.25;13.92
1060203;112.00;4751.00;29.25;83.25;14.02
1060591;111.00;4732.00;29.25;83.25;14.11
1060981;111.00;4688.00;29.25;83.25;14.11
1061366;111.00;4702.00;29.25;83.25;14.11
1061751;111.00;4680.00;29.25;83.25;14.02
1062140;111.00;4701.00;29.25;83.25;14.02
1062525;110.00;4682.00;29.25;83.25;14.02
1062919;110.00;4684.00;29.25;83.25;14.11
1063324;110.00;4699.00;29.25;83.25;14.02
1063634;110.00;4675.00;29.25;83.25;14.11
1064023;111.00;4678.00;29.25;83.25;14.02
1064414;110.00;4706.00;29.25;83.25;14.02
1064804;110.00;4692.00;29.25;83.25;14.02
1065190;111.00;4703.00;29.25;83.25;14.11
1065583;111.00;4687.00;29.25;83.25;14.11
1065968;111.00;4691.00;29.25;83.25;14.11
1066352;111.00;4691.00;29.25;83.25;14.11
1066734;111.00;4719.00;29.25;83.25;14.11
1067119;111.00;4722.00;29.25;83.25;14.11
1067507;111.00;4723.00;29.25;83.25;14.11
1067943;111.00;4734.00;29.25;83.25;14.02
1068384;111.00;4720.00;29.25;83.25;14.11
1068776;111.00;4724.00;29.25;83.25;13.92
1069214;111.00;4731.00;29.25;83.25;14.02
1069654;111.00;4720.00;29.25;83.25;14.11
1070091;111.00;4710.00;29.25;83.25;14.02
1070532;111.00;4698.00;29.25;83.25;14.11
1070971;110.00;4680.00;29.25;83.25;13.92
1071362;110.00;4674.00;29.25;83.25;14.02
1071801;110.00;4664.00;29.25;83.25;14.02
1072186;110.00;4658.00;29.25;83.25;14.11
1072573;108.00;4633.00;29.25;83.25;14.02
1072966;108.00;4608.00;29.25;83.25;14.11
1073354;108.00;4595.00;29.25;83.25;13.92
1073742;108.00;4571.00;29.25;83.25;14.11
1074131;108.00;4523.00;29.25;83.25;14.11
1074516;107.00;4540.00;29.25;83.25;14.11
1074904;107.00;4553.00;29.25;83.25;14.11
1075291;106.00;4531.00;29.25;83.25;14.11
1075655;106.00;4530.00;29.25;83.25;14.11
1076092;107.00;4535.00;29.25;83.25;14.02
1076585;107.00;4536.00;29.25;83.25;14.11
1077024;107.00;4541.00;29.25;83.25;14.11
1077460;106.00;4540.00;29.25;83.25;14.02
1077853;107.00;4527.00;29.25;83.25;14.11
1078245;107.00;4564.00;29.25;83.25;14.02
1078684;107.00;4551.00;29.25;83.25;14.11
1079074;107.00;4561.00;29.25;83.25;14.02
1079514;107.00;4565.00;29.25;83.25;14.11
1079953;108.00;4570.00;29.25;83.25;14.02
1080397;108.00;4570.00;29.25;83.25;14.11
1080789;108.00;4569.00;29.25;83.25;14.11
1081176;108.00;4611.00;29.25;83.25;14.02
1081616;108.00;4545.00;29.25;83.25;14.11
1082055;108.00;4586.00;29.25;83.25;14.11
1082492;108.00;4588.00;29.25;83.25;13.92
1082878;110.00;4589.00;29.25;83.25;14.02
1083270;107.00;4585.00;29.25;83.25;14.11
1083582;107.00;4590.00;29.25;83.25;14.02
1083972;108.00;4580.00;29.25;83.25;14.11
1084365;108.00;4611.00;29.25;83.25;14.11
1084749;108.00;4615.00;29.25;83.25;14.11
1085134;108.00;4616.00;29.25;83.25;14.11
1085519;110.00;4639.00;29.25;83.25;14.11
1085959;110.00;4657.00;29.25;83.25;13.92
1086397;110.00;4654.00;29.25;83.25;13.92
1086831;110.00;4664.00;29.25;83.25;14.02
1087220;110.00;4671.00;29.25;83.25;14.11
1087608;110.00;4680.00;29.25;83.25;14.11
1087995;110.00;4663.00;29.25;83.25;14.02
1088385;110.00;4651.00;29.25;83.25;14.02
1088772;110.00;4666.00;29.25;83.25;14.11
1089162;110.00;4674.00;29.25;83.25;14.11
1089597;110.00;4654.00;29.25;83.25;14.11
1089981;110.00;4644.00;29.25;83.25;14.02
1090369;108.00;4640.00;29.25;83.25;14.11
1090764;110.00;4615.00;29.25;83.25;14.11
1091153;110.00;4635.00;29.25;83.25;14.11
1091538;110.00;4641.00;29.25;83.25;14.11
1091922;110.00;4644.00;29.25;83.25;14.11
1092308;110.00;4644.00;29.25;83.25;14.11
1092608;110.00;4632.00;29.25;83.25;14.11
1092994;110.00;4634.00;29.25;83.25;14.02
1093432;108.00;4619.00;29.25;83.25;14.02
1093872;108.00;4605.00;29.25;83.25;14.11
1094311;108.00;4611.00;29.25;83.25;14.11
1094616;108.00;4615.00;29.25;83.25;14.11
1095001;108.00;4607.00;29.25;83.25;14.11
1095387;108.00;4606.00;29.25;83.25;14.11
1095824;108.00;4627.00;29.25;83.25;14.11
1096259;108.00;4605.00;29.25;83.25;14.11
1096695;108.00;4590.00;29.25;83.25;14.02
1097085;108.00;4597.00;29.25;83.25;14.11
1097472;108.00;4582.00;29.25;83.25;14.02
1097860;108.00;4578.00;29.25;83.25;14.02
1098246;107.00;4562.00;29.25;83.25;14.02
1098636;107.00;4578.00;29.25;83.25;14.11
1099026;107.00;4568.00;29.25;83.25;14.11
1099462;107.00;4544.00;29.25;83.25;14.11
1099897;107.00;4550.00;29.25;83.25;14.02
1100291;107.00;4545.00;29.25;83.25;14.11
1100597;107.00;4560.00;29.25;83.25;14.02
1100990;107.00;4554.00;29.25;83.25;14.11
1101377;107.00;4558.00;29.25;83.25;14.02
1101723;107.00;4470.00;29.25;83.25;14.11
1102114;107.00;4549.00;29.25;83.25;14.11
1102501;107.00;4477.00;29.25;83.25;14.02
1102889;106.00;4504.00;29.25;83.25;14.11
1103281;106.00;4503.00;29.25;83.25;14.11
1103636;105.00;4473.00;29.25;83.25;14.11
1104077;105.00;4493.00;29.25;83.25;14.11
1104513;105.00;4454.00;29.25;83.25;14.02
1104900;105.00;4442.00;29.25;83.25;14.11
1105288;105.00;4442.00;29.25;83.25;14.11
1105592;105.00;4409.00;29.25;83.25;14.11
1105977;103.00;4422.00;29.25;83.25;14.11
1106365;103.00;4391.00;29.25;83.25;14.11
1106671;103.00;4408.00;29.25;83.25;13.92
1107109;103.00;4402.00;29.25;83.25;14.02
1107549;103.00;4397.00;29.25;83.25;14.02
1107936;103.00;4400.00;29.25;83.25;14.11
1108376;103.00;4426.00;29.25;83.25;14.11
1108680;105.00;4436.00;29.25;83.25;14.11
1109075;105.00;4447.00;29.25;83.25;14.11
1109459;105.00;4457.00;29.25;83.25;14.11
1109845;105.00;4455.00;29.25;83.25;14.11
1110288;105.00;4471.00;29.25;83.25;14.11
1110643;105.00;4479.00;29.25;83.25;14.11
1111044;106.00;4500.00;29.25;83.25;14.02
1111437;106.00;4508.00;29.25;83.25;14.02
1111823;107.00;4534.00;29.25;83.25;14.11
1112266;107.00;4563.00;29.25;83.25;14.02
1112657;108.00;4598.00;29.25;83.25;14.11
1113052;108.00;4618.00;29.25;83.25;14.11
1113437;108.00;4623.00;29.25;83.25;14.02
1113829;110.00;4633.00;29.25;83.25;14.02
1114225;110.00;4637.00;29.25;83.25;14.11
1114646;110.00;4666.00;29.25;83.25;14.11
1115033;110.00;4664.00;29.25;83.25;14.11
1115418;110.00;4676.00;29.25;83.25;14.02
1115809;111.00;4675.00;29.25;83.25;14.11
1116203;110.00;4669.00;29.25;83.25;14.11
1116594;110.00;4669.00;29.25;83.25;14.02
1116980;110.00;4673.00;29.25;83.25;14.02
1117367;110.00;4661.00;29.25;83.25;14.11
1117674;111.00;4703.00;29.25;83.25;14.02
1118067;110.00;4671.00;29.25;83.25;14.11
1118459;111.00;4677.00;29.25;83.25;14.11
1118900;110.00;4683.00;29.25;83.25;13.92
1119342;110.00;4685.00;29.25;83.25;14.02
1119648;111.00;4693.00;29.25;83.25;14.11
1120039;111.00;4718.00;29.25;83.25;14.02
1120428;111.00;4706.00;29.25;83.25;14.02
1120812;111.00;4706.00;29.25;83.25;14.11
1121248;111.00;4706.00;29.25;83.25;14.11
1121635;111.00;4701.00;29.25;83.25;14.11
1122069;110.00;4680.00;29.25;83.25;14.11
1122457;111.00;4682.00;29.25;83.25;14.11
1122846;111.00;4678.00;29.25;83.25;14.02
1123234;110.00;4677.00;29.25;83.25;14.11
1123677;110.00;4675.00;29.25;83.25;14.11
1124061;110.00;4677.00;29.25;83.25;14.02
1124501;110.00;4682.00;29.25;83.25;14.11
1124939;110.00;4671.00;29.25;83.25;14.11
1125330;110.00;4664.00;29.25;83.25;14.02
1125639;110.00;4660.00;29.25;83.25;14.02
1126025;110.00;4654.00;29.25;83.25;14.11
1126414;110.00;4633.00;29.25;83.25;14.11
1126801;108.00;4627.00;29.25;83.25;14.11
1127195;108.00;4599.00;29.25;83.25;14.11
1127582;107.00;4557.00;29.25;83.25;14.11
1127971;107.00;4536.00;29.25;83.25;14.11
1128359;106.00;4565.00;29.25;83.25;14.11
1128667;107.00;4562.00;29.25;83.25;14.02
1129059;108.00;4563.00;29.25;83.25;14.11
1129506;108.00;4584.00;29.25;83.25;14.02
1129946;108.00;4577.00;29.25;83.25;14.11
1130386;108.00;4573.00;29.25;83.25;14.11
1130690;107.00;4567.00;29.25;83.25;14.11
1131077;107.00;4573.00;29.25;83.25;14.11
1131462;108.00;4576.00;29.25;83.25;14.11
1131852;108.00;4618.00;29.25;83.25;14.11
1132239;108.00;4608.00;29.25;83.25;14.11
1132625;108.00;4609.00;29.25;83.25;14.11
1133010;108.00;4629.00;30.00;83.25;14.11
1133397;110.00;4628.00;30.00;83.25;14.11
1133756;110.00;4637.00;30.00;83.25;14.02
1134145;110.00;4655.00;30.00;83.25;14.11
1134530;110.00;4673.00;30.00;83.25;14.11
1134915;110.00;4685.00;30.00;83.25;14.11
1135353;110.00;4679.00;30.00;83.25;13.92
1135714;111.00;4682.00;30.00;83.25;14.11
1136105;110.00;4691.00;30.00;83.25;14.11
1136544;111.00;4692.00;30.00;83.25;13.92
1136937;111.00;4680.00;30.00;83.25;14.11
1137374;110.00;4709.00;30.00;83.25;14.02
1137685;111.00;4693.00;30.00;83.25;14.02
1138074;111.00;4692.00;30.00;83.25;14.11
1138462;110.00;4676.00;30.00;83.25;13.92
1138853;110.00;4646.00;30.00;83.25;14.11
1139242;110.00;4649.00;30.00;83.25;14.11
1139627;110.00;4638.00;30.00;83.25;14.11
1140014;110.00;4647.00;30.00;83.25;14.02
1140453;110.00;4655.00;30.00;83.25;14.11
1140894;110.00;4662.00;30.00;83.25;14.02
1141338;110.00;4647.00;30.00;83.25;14.02
1141695;110.00;4644.00;30.00;83.25;14.02
1142079;108.00;4621.00;30.00;83.25;14.11
1142470;108.00;4561.00;30.00;83.25;14.02
1142858;107.00;4534.00;30.00;83.25;14.02
1143246;106.00;4495.00;30.00;83.25;14.11
1143640;106.00;4500.00;30.00;83.25;14.11
1144026;106.00;4505.00;30.00;83.25;14.11
1144409;106.00;4498.00;30.00;83.25;14.11
1144714;106.00;4495.00;30.00;83.25;14.11
1145099;106.00;4494.00;30.00;83.25;14.02
1145490;106.00;4470.00;30.00;83.25;14.02
1145877;106.00;4457.00;30.00;83.25;14.11
1146317;105.00;4492.00;30.00;83.25;14.11
1146758;106.00;4489.00;30.00;83.25;14.02
1147200;106.00;4514.00;30.00;83.25;14.02
1147589;107.00;4533.00;30.00;83.25;14.02
1148029;107.00;4548.00;30.00;83.25;14.11
1148418;107.00;4564.00;30.00;83.25;14.02
1148726;107.00;4567.00;29.25;83.25;14.11
1149117;107.00;4574.00;29.25;83.25;14.11
1149504;107.00;4570.00;29.25;83.25;13.92
1149891;107.00;4575.00;29.25;83.25;14.02
1150280;108.00;4607.00;29.25;83.25;14.02
1150669;108.00;4624.00;29.25;83.25;14.11
1151059;108.00;4656.00;29.25;83.25;14.11
1151494;108.00;4628.00;29.25;83.25;14.11
1151931;108.00;4628.00;29.25;83.25;14.11
1152413;108.00;4601.00;29.25;83.25;14.11
1152722;107.00;4582.00;29.25;83.25;14.11
1153111;107.00;4554.00;29.25;83.25;14.11
1153498;107.00;4543.00;29.25;83.25;14.11
1153883;107.00;4540.00;29.25;83.25;14.11
1154269;107.00;4557.00;29.25;83.25;14.11
1154652;107.00;4553.00;29.25;83.25;14.11
1155038;107.00;4535.00;29.25;83.25;14.02
1155493;106.00;4530.00;29.25;83.25;14.11
1155885;106.00;4498.00;29.25;83.25;14.02
1156273;106.00;4449.00;29.25;83.25;14.02
1156658;105.00;4464.00;29.25;83.25;14.11
1157051;105.00;4468.00;29.25;83.25;14.02
1157440;106.00;4497.00;29.25;83.25;14.11
1157803;106.00;4467.00;29.25;83.25;14.02
1158208;106.00;4476.00;29.25;83.25;14.11
1158598;105.00;4482.00;29.25;83.25;14.11
1158987;105.00;4421.00;29.25;83.25;13.92
1159376;103.00;4433.00;29.25;83.25;14.11
1159689;103.00;4384.00;29.25;83.25;14.11
1160074;102.00;4330.00;29.25;84.00;14.11
1160524;101.00;4248.00;30.00;84.00;14.11
1160916;101.00;4333.00;30.00;84.00;14.11
1161301;101.00;4281.00;30.00;84.00;14.02
1161694;101.00;4315.00;30.00;84.00;14.11
1162087;102.00;4332.00;30.00;84.00;13.92
1162479;102.00;4325.00;30.00;84.00;14.11
1162868;101.00;4348.00;30.00;84.00;14.11
1163257;101.00;4303.00;30.00;84.00;13.92
1163645;101.00;4264.00;30.00;84.00;14.02
1164034;100.00;4260.00;30.00;84.00;14.11
1164477;100.00;4223.00;30.00;84.00;14.11
1164862;100.00;4195.00;30.00;84.00;14.11
1165298;100.00;4201.00;30.00;84.00;14.11
1165736;98.00;4188.00;30.00;84.00;14.02
1166178;98.00;4205.00;30.00;84.00;14.11
1166618;98.00;4218.00;30.00;84.00;14.11
1167053;100.00;4233.00;30.00;84.00;14.11
1167447;100.00;4254.00;30.00;84.00;14.11
1167753;101.00;4299.00;30.00;84.00;14.11
1168140;102.00;4304.00;30.00;84.00;14.11
1168530;102.00;4355.00;30.00;84.00;14.11
1168916;102.00;4368.00;30.00;84.00;14.11
1169353;103.00;4412.00;30.00;84.00;14.02
1169745;105.00;4418.00;30.00;84.00;13.92
1170136;105.00;4441.00;30.00;84.00;14.11
1170530;105.00;4438.00;30.00;84.00;14.11
1170966;105.00;4460.00;30.00;84.00;14.02
1171353;105.00;4464.00;30.00;84.00;14.11
1171741;106.00;4469.00;30.00;84.00;14.02
1172134;106.00;4495.00;30.00;84.00;14.02
1172519;106.00;4467.00;30.00;84.00;14.11
1172908;105.00;4468.00;30.00;84.00;14.11
1173298;105.00;4466.00;30.00;84.00;14.11
1173689;105.00;4451.00;30.00;84.00;14.11
1174077;103.00;4411.00;30.00;84.00;13.92
1174519;103.00;4421.00;30.00;84.00;14.02
1174908;103.00;4392.00;30.00;84.00;14.11
1175347;105.00;4425.00;30.00;84.00;14.11
1175743;105.00;4426.00;30.00;84.00;14.02
1176134;103.00;4424.00;30.00;84.00;14.11
1176526;103.00;4409.00;30.00;84.00;14.02
1176916;103.00;4408.00;30.00;84.00;14.11
1177305;103.00;4393.00;30.00;84.00;14.11
1177691;103.00;4387.00;30.00;84.00;14.11
1178127;103.00;4374.00;30.00;84.00;14.11
1178511;103.00;4364.00;30.00;84.00;14.11
1178896;103.00;4369.00;30.00;84.00;14.11
1179283;102.00;4363.00;30.00;84.00;14.02
1179677;102.00;4342.00;30.00;84.00;14.02
1180064;102.00;4330.00;30.00;84.00;14.11
1180454;101.00;4306.00;30.00;84.00;14.11
1180764;100.00;4255.00;30.00;84.00;14.11
1181153;100.00;4213.00;30.00;84.00;14.11
1181537;97.00;4137.00;30.00;84.00;13.92
1181929;96.00;4047.00;30.00;84.00;14.11
1182322;93.00;3995.00;30.00;84.00;14.11
1182709;91.00;3862.00;30.00;84.00;14.11
1183102;90.00;3857.00;30.00;84.00;14.11
1183490;90.00;3923.00;30.00;84.00;14.11
1183875;88.00;3769.00;30.00;84.00;14.11
1184316;88.00;3733.00;30.00;84.00;14.02
1184705;87.00;3731.00;30.00;84.00;14.02
1185144;87.00;3720.00;30.00;84.00;14.11
1185584;87.00;3726.00;30.00;84.00;14.11
1186019;88.00;3772.00;30.00;84.00;14.02
1186410;88.00;3780.00;30.00;84.00;14.11
1186717;90.00;3804.00;30.00;84.00;14.02
1187109;90.00;3835.00;30.00;84.00;14.11
1187498;91.00;3847.00;30.00;84.00;14.11
1187892;92.00;3904.00;30.00;84.00;14.11
1188281;92.00;3941.00;30.00;84.00;14.11
1188667;93.00;3985.00;30.00;84.00;14.11
1189106;95.00;4027.00;30.00;84.00;14.02
1189550;95.00;4062.00;30.00;84.00;14.11
1189945;96.00;4059.00;30.00;84.00;14.11
1190333;96.00;4091.00;30.00;84.00;14.11
1190720;96.00;4104.00;30.00;84.00;14.02
1191158;97.00;4132.00;30.00;84.00;14.11
1191604;97.00;4125.00;30.00;84.00;14.11
1191994;97.00;4123.00;30.00;84.00;14.11
1192378;97.00;4120.00;30.00;84.00;14.11
1192814;97.00;4132.00;30.00;84.00;14.02
1193253;97.00;4157.00;30.00;84.00;14.02
1193637;98.00;4173.00;30.00;84.00;14.11
1194034;98.00;4201.00;30.00;84.00;14.11
1194421;100.00;4226.00;30.00;84.00;14.11
1194734;100.00;4223.00;30.00;84.00;14.11
1195118;100.00;4238.00;30.00;84.00;14.11
1195553;101.00;4278.00;30.00;84.00;14.11
1195942;101.00;4296.00;30.00;84.00;14.02
1196330;102.00;4335.00;30.00;84.00;14.11
1196721;102.00;4351.00;30.00;84.00;14.11
1197107;103.00;4364.00;30.00;84.00;14.02
1197499;102.00;4366.00;30.00;84.00;14.11
1197812;103.00;4370.00;30.00;84.00;14.11
1198203;103.00;4381.00;30.00;84.00;14.11
1198590;103.00;4389.00;30.00;84.00;14.11
1199026;103.00;4390.00;30.00;84.00;14.11
1199412;103.00;4389.00;30.00;84.00;14.11
1199716;103.00;4392.00;30.00;84.00;14.11
1200107;103.00;4413.00;30.00;84.00;14.11
1200494;103.00;4414.00;30.00;84.00;14.11
1200798;103.00;4380.00;30.00;84.00;14.11
1201184;103.00;4387.00;30.00;84.00;14.11
1201570;103.00;4395.00;30.00;84.00;14.11
1202007;103.00;4363.00;30.00;84.00;14.11
1202391;102.00;4359.00;30.00;84.00;14.11
1202780;102.00;4369.00;30.00;84.00;14.11
1203170;103.00;4390.00;30.00;84.00;14.02
1203563;103.00;4399.00;30.00;84.00;14.11
1203952;105.00;4410.00;30.00;84.00;14.02
1204345;105.00;4419.00;30.00;84.00;14.02
1204729;105.00;4438.00;30.00;84.00;14.11
1205118;105.00;4442.00;30.00;84.00;14.11
1205553;105.00;4442.00;30.00;84.00;14.02
1206006;105.00;4453.00;30.00;84.00;14.11
1206395;105.00;4466.00;30.00;84.00;14.11
1206780;106.00;4497.00;30.00;84.00;14.11
1207219;106.00;4521.00;30.00;84.00;14.11
1207657;107.00;4545.00;30.00;84.00;13.92
1208100;107.00;4555.00;30.00;84.00;14.11
1208490;107.00;4551.00;30.00;84.00;14.11
1208794;107.00;4578.00;30.00;84.00;14.11
1209178;108.00;4588.00;30.00;84.00;14.11
1209568;108.00;4600.00;30.00;84.00;14.02
1209958;108.00;4593.00;30.00;84.00;14.11
1210397;107.00;4547.00;30.00;84.00;14.11
1210836;108.00;4598.00;30.00;84.00;14.11
1211276;110.00;4635.00;30.00;84.00;13.92
1211719;110.00;4675.00;30.00;84.00;14.02
1212109;111.00;4724.00;30.00;84.00;14.11
1212503;112.00;4750.00;30.00;84.00;14.02
1212815;112.00;4798.00;30.00;84.00;14.02
1213251;113.00;4828.00;30.00;84.00;14.11
1213645;113.00;4817.00;30.00;84.00;14.11
1214081;113.00;4814.00;30.00;84.00;14.02
1214518;113.00;4825.00;30.00;84.00;14.02
1214824;113.00;4801.00;30.00;84.00;14.11
1215262;113.00;4816.00;30.00;84.00;14.02
1215654;113.00;4803.00;30.00;84.00;13.92
1216045;113.00;4807.00;30.00;84.00;14.02
1216436;113.00;4817.00;30.00;84.00;14.02
1216792;113.00;4847.00;30.00;84.00;14.11
1217181;115.00;4838.00;30.00;84.00;14.02
1217572;113.00;4850.00;30.00;84.00;14.11
1217963;115.00;4850.00;30.00;84.00;14.11
1218351;113.00;4816.00;30.00;84.00;13.92
1218741;113.00;4841.00;30.00;84.00;14.11
1219128;115.00;4843.00;30.00;84.00;14.11
1219567;115.00;4857.00;30.00;84.00;14.02
1220008;115.00;4868.00;30.00;84.00;14.11
1220398;115.00;4865.00;30.00;84.00;14.11
1220786;115.00;4886.00;30.00;84.00;14.11
1221170;115.00;4898.00;30.00;84.00;14.11
1221604;116.00;4892.00;30.00;84.00;14.11
1221993;116.00;4906.00;30.00;84.00;14.02
1222382;116.00;4897.00;30.00;84.00;14.02
1222769;116.00;4939.00;30.00;84.00;14.11
1223159;117.00;4929.00;30.00;84.00;14.02
1223602;117.00;4957.00;30.00;84.00;14.02
1224037;117.00;4974.00;30.00;84.00;14.11
1224478;117.00;4960.00;30.00;84.00;14.02
1224786;117.00;4984.00;30.00;84.00;14.02
1225173;117.00;4946.00;30.00;84.00;13.92
1225561;116.00;4942.00;30.00;84.00;14.11
1225956;117.00;4946.00;30.00;84.00;14.02
1226350;117.00;4970.00;30.00;84.00;14.11
1226740;117.00;4991.00;30.00;84.00;14.11
1227126;118.00;4988.00;30.00;84.00;14.02
1227520;118.00;5015.00;30.00;84.00;13.92
1227830;118.00;5027.00;30.00;84.00;14.02
1228273;118.00;5048.00;30.00;84.00;14.02
1228660;118.00;5023.00;30.00;84.00;14.11
1229100;118.00;5019.00;30.00;84.00;13.92
1229538;118.00;4999.00;30.00;84.00;14.02
1229849;117.00;4995.00;30.00;84.00;14.11
1230240;117.00;4962.00;30.00;84.00;14.11
1230624;116.00;4942.00;30.00;84.00;14.02
1231017;116.00;4921.00;30.00;84.00;13.92
1231405;116.00;4924.00;30.00;84.00;14.11
1231796;117.00;4954.00;30.00;84.00;14.11
1232182;117.00;4967.00;30.00;84.00;14.11
1232618;117.00;4971.00;30.00;84.00;13.92
1233005;117.00;4978.00;30.00;84.00;14.11
1233396;117.00;4981.00;30.00;84.00;14.11
1233781;117.00;4977.00;30.00;84.00;14.02
1234169;117.00;4961.00;30.00;84.00;14.11
1234555;116.00;4946.00;30.00;84.00;14.02
1234967;116.00;4909.00;30.00;84.00;14.11
1235356;115.00;4833.00;30.00;84.00;14.02
1235762;113.00;4830.00;30.00;84.00;14.11
1236154;112.00;4772.00;30.00;84.00;14.11
1236542;112.00;4727.00;30.00;84.00;14.02
1236851;111.00;4721.00;30.00;84.00;14.02
1237240;111.00;4707.00;30.00;84.00;14.11
1237627;111.00;4725.00;30.00;84.00;13.92
1238014;111.00;4715.00;30.00;84.00;14.11
1238409;111.00;4728.00;30.00;84.00;14.02
1238797;111.00;4726.00;30.00;84.00;14.11
1239185;111.00;4713.00;30.00;84.00;14.11
1239569;111.00;4696.00;30.00;84.00;14.11
1239957;112.00;4732.00;30.00;84.00;14.02
1240400;112.00;4781.00;30.00;84.00;14.11
1240796;112.00;4781.00;29.25;84.00;14.11
1241181;113.00;4790.00;29.25;84.00;14.11
1241621;113.00;4811.00;29.25;84.00;14.11
1242056;113.00;4819.00;29.25;84.00;14.11
1242498;113.00;4821.00;29.25;84.00;14.02
1242807;113.00;4811.00;29.25;84.00;14.11
1243197;113.00;4806.00;29.25;84.00;14.11
1243586;113.00;4829.00;29.25;84.00;14.02
1243975;113.00;4793.00;29.25;83.25;14.11
1244370;113.00;4791.00;29.25;83.25;14.11
1244756;112.00;4788.00;29.25;83.25;14.11
1245147;113.00;4791.00;29.25;83.25;14.11
1245536;113.00;4788.00;29.25;83.25;14.11
1245891;112.00;4763.00;29.25;83.25;14.11
1246280;112.00;4759.00;29.25;83.25;14.11
1246664;112.00;4769.00;29.25;83.25;14.11
1247050;112.00;4777.00;29.25;83.25;14.11
1247488;112.00;4785.00;29.25;83.25;14.11
1247791;112.00;4770.00;29.25;83.25;14.11
1248176;112.00;4741.00;29.25;83.25;14.11
1248617;112.00;4730.00;29.25;83.25;14.11
1249052;112.00;4725.00;29.25;83.25;14.02
1249441;111.00;4757.00;29.25;83.25;14.11
1249832;112.00;4744.00;29.25;83.25;14.11
1250220;112.00;4735.00;29.25;83.25;14.02
1250607;112.00;4751.00;29.25;83.25;14.11
1250994;112.00;4786.00;29.25;83.25;14.02
1251383;112.00;4774.00;29.25;83.25;14.11
1251771;112.00;4751.00;29.25;83.25;14.11
1252206;112.00;4772.00;29.25;83.25;14.11
1252592;112.00;4786.00;29.25;83.25;14.11
1252976;112.00;4776.00;29.25;83.25;14.02
1253383;113.00;4808.00;29.25;83.25;14.11
1253827;113.00;4820.00;29.25;83.25;14.11
1254215;113.00;4799.00;29.25;83.25;13.92
1254602;113.00;4760.00;29.25;83.25;14.02
1254989;113.00;4817.00;29.25;83.25;14.11
1255377;113.00;4790.00;29.25;83.25;14.11
1255762;113.00;4776.00;29.25;83.25;14.02
1256152;113.00;4818.00;29.25;83.25;14.11
1256541;113.00;4790.00;29.25;83.25;14.11
1256897;113.00;4792.00;29.25;83.25;14.02
1257287;112.00;4773.00;29.25;83.25;14.02
1257678;112.00;4791.00;29.25;83.25;14.02
1258064;113.00;4791.00;29.25;83.25;14.02
1258451;112.00;4760.00;29.25;83.25;14.11
1258845;112.00;4771.00;29.25;83.25;14.02
1259234;112.00;4783.00;29.25;83.25;14.02
1259618;112.00;4755.00;29.25;83.25;14.11
1260005;112.00;4745.00;29.25;83.25;14.02
1260394;111.00;4737.00;29.25;83.25;14.02
1260783;111.00;4722.00;29.25;83.25;14.02
1261168;112.00;4743.00;29.25;83.25;14.11
1261561;112.00;4733.00;29.25;83.25;14.11
1261864;112.00;4749.00;29.25;83.25;14.11
1262250;112.00;4777.00;29.25;83.25;14.02
1262639;112.00;4787.00;29.25;83.25;14.11
1263028;112.00;4733.00;29.25;83.25;14.02
1263418;112.00;4730.00;29.25;83.25;14.02
1263804;111.00;4709.00;29.25;83.25;14.02
1264245;110.00;4680.00;29.25;83.25;14.11
1264689;110.00;4658.00;29.25;83.25;14.11
1265126;108.00;4609.00;29.25;83.25;14.11
1265567;108.00;4578.00;29.25;83.25;14.02
1265878;107.00;4550.00;29.25;83.25;14.11
1266271;107.00;4531.00;29.25;83.25;14.02
1266712;106.00;4498.00;29.25;83.25;14.02
1267151;105.00;4451.00;29.25;83.25;14.02
1267540;105.00;4425.00;29.25;83.25;14.02
1267845;103.00;4378.00;29.25;83.25;14.02
1268287;102.00;4350.00;29.25;83.25;14.11
1268682;101.00;4307.00;29.25;83.25;13.92
1269075;100.00;4116.00;29.25;83.25;14.11
1269466;97.00;4098.00;29.25;83.25;14.21
1269857;95.00;4037.00;29.25;84.00;14.11
1270251;93.00;3944.00;29.25;84.00;14.11
1270638;91.00;3830.00;29.25;84.00;14.11
1271028;88.00;3744.00;29.25;84.00;14.11
1271417;87.00;3706.00;29.25;84.00;14.11
1271807;86.00;3591.00;29.25;84.00;14.02
1272250;85.00;3618.00;29.25;84.00;14.02
1272639;85.00;3630.00;29.25;84.00;14.02
1273075;85.00;3564.00;29.25;84.00;14.11
1273462;83.00;3570.00;29.25;84.00;14.02
1273853;83.00;3526.00;29.25;84.00;14.11
1274241;82.00;3537.00;29.25;84.00;14.11
1274629;82.00;3528.00;29.25;84.00;14.21
1275017;82.00;3528.00;29.25;84.00;14.21
1275399;85.00;3579.00;29.25;84.00;14.11
1275844;87.00;3707.00;29.25;84.00;14.11
1276283;90.00;3831.00;29.25;84.00;14.11
1276672;92.00;3945.00;29.25;84.00;14.11
1277061;96.00;4051.00;29.25;84.00;14.11
1277449;98.00;4145.00;29.25;84.00;14.11
1277836;100.00;4292.00;29.25;84.00;14.11
1278229;102.00;4375.00;29.25;84.00;14.11
1278619;105.00;4475.00;29.25;84.00;14.11
1279007;107.00;4532.00;29.25;84.00;14.02
1279399;108.00;4585.00;29.25;84.00;14.11
1279791;111.00;4721.00;29.25;84.00;14.11
1280180;112.00;4746.00;29.25;84.00;14.02
1280571;113.00;4805.00;29.25;84.00;14.11
1280938;115.00;4843.00;29.25;84.00;14.02
1281330;115.00;4862.00;29.25;84.00;14.11
1281717;115.00;4863.00;29.25;84.00;14.02
1282155;115.00;4868.00;29.25;84.00;14.11
1282600;115.00;4856.00;29.25;84.00;14.11
1282956;115.00;4864.00;29.25;84.00;14.11
1283341;115.00;4868.00;29.25;84.00;14.11
1283726;115.00;4875.00;29.25;84.00;13.92
1284115;115.00;4889.00;29.25;84.00;14.02
1284555;115.00;4876.00;29.25;84.00;14.11
1284866;115.00;4861.00;29.25;84.00;14.11
1285302;115.00;4869.00;29.25;84.00;14.11
1285687;115.00;4872.00;29.25;84.00;14.02
1286075;115.00;4876.00;29.25;84.00;14.02
1286460;115.00;4863.00;29.25;84.00;14.11
1286902;115.00;4880.00;29.25;84.00;14.02
1287293;115.00;4854.00;29.25;84.00;14.02
1287730;115.00;4864.00;29.25;84.00;14.11
1288168;115.00;4859.00;29.25;84.00;14.11
1288552;113.00;4838.00;29.25;84.00;14.02
1288866;113.00;4818.00;29.25;84.00;14.11
1289253;113.00;4794.00;29.25;84.00;14.11
1289639;112.00;4761.00;29.25;84.00;14.11
1290028;112.00;4746.00;29.25;84.00;14.11
1290414;112.00;4732.00;29.25;84.00;14.11
1290799;111.00;4709.00;29.25;84.00;13.92
1291191;110.00;4710.00;29.25;84.00;14.11
1291591;110.00;4680.00;29.25;84.00;14.11
1291898;110.00;4654.00;29.25;84.00;14.11
1292282;110.00;4620.00;29.25;84.00;14.02
1292721;108.00;4626.00;29.25;84.00;13.92
1293113;110.00;4617.00;29.25;84.00;14.02
1293555;110.00;4629.00;29.25;84.00;14.02
1293860;108.00;4634.00;29.25;84.00;14.11
1294251;110.00;4642.00;29.25;84.00;13.92
1294644;110.00;4657.00;29.25;84.00;14.02
1295036;110.00;4654.00;29.25;84.00;14.11
1295425;110.00;4654.00;29.25;84.00;14.02
1295839;110.00;4687.00;29.25;84.00;14.02
1296227;111.00;4689.00;29.25;84.00;14.02
1296668;111.00;4695.00;29.25;84.00;14.11
1297111;111.00;4724.00;29.25;84.00;14.11
1297498;111.00;4732.00;29.25;84.00;14.11
1297934;111.00;4756.00;29.25;84.00;14.02
1298373;112.00;4772.00;29.25;84.00;14.02
1298812;112.00;4783.00;30.00;83.25;14.02
1299208;113.00;4773.00;30.00;83.25;14.02
1299597;113.00;4840.00;30.00;83.25;14.02
1299902;113.00;4849.00;30.00;83.25;14.11
1300291;115.00;4837.00;30.00;83.25;14.02
1300748;115.00;4881.00;30.00;83.25;14.02
1301133;116.00;4893.00;30.00;83.25;14.02
1301522;116.00;4915.00;30.00;83.25;14.11
1301912;116.00;4915.00;30.00;83.25;14.11
1302294;117.00;4963.00;30.00;83.25;14.02
1302687;117.00;4968.00;30.00;83.25;14.11
1303126;117.00;4977.00;30.00;83.25;14.11
1303562;117.00;4995.00;30.00;83.25;13.92
1303919;118.00;5013.00;30.00;83.25;14.02
1304312;118.00;5016.00;30.00;83.25;13.92
1304699;118.00;5013.00;30.00;83.25;14.02
1305091;118.00;5026.00;30.00;83.25;14.02
1305526;120.00;5060.00;30.00;83.25;14.02
1305969;120.00;5063.00;30.00;83.25;14.02
1306404;120.00;5082.00;30.00;83.25;14.11
1306793;120.00;5049.00;30.00;83.25;14.11
1307244;120.00;5058.00;30.00;83.25;14.11
1307631;118.00;5040.00;30.00;83.25;14.11
1307940;118.00;5005.00;30.00;83.25;13.92
1308326;117.00;4979.00;30.00;83.25;14.11
1308720;117.00;4978.00;30.00;83.25;14.02
1309106;117.00;4974.00;30.00;83.25;14.11
1309497;117.00;4978.00;30.00;83.25;14.11
1309881;117.00;4958.00;30.00;83.25;14.02
1310323;117.00;4923.00;30.00;83.25;14.02
1310759;116.00;4933.00;30.00;83.25;14.11
1311150;116.00;4924.00;30.00;83.25;14.11
1311535;116.00;4952.00;30.00;83.25;14.11
1311921;117.00;4952.00;30.00;83.25;14.02
1312317;117.00;4969.00;30.00;83.25;14.11
1312707;117.00;4968.00;30.00;83.25;14.02
1313096;117.00;4956.00;30.00;83.25;14.11
1313488;116.00;4954.00;30.00;83.25;14.11
1313877;116.00;4929.00;30.00;83.25;13.92
1314269;116.00;4914.00;30.00;83.25;14.02
1314659;116.00;4898.00;30.00;83.25;14.02
1315047;115.00;4869.00;30.00;83.25;14.02
1315437;115.00;4848.00;30.00;83.25;14.02
1315823;115.00;4857.00;30.00;83.25;14.02
1316207;115.00;4848.00;30.00;83.25;14.02
1316591;115.00;4875.00;30.00;83.25;14.11
1316898;115.00;4892.00;30.00;83.25;14.02
1317285;115.00;4896.00;30.00;83.25;14.11
1317674;116.00;4932.00;30.00;83.25;14.02
1318068;117.00;4972.00;30.00;83.25;14.02
1318456;118.00;5004.00;30.00;83.25;14.11
1318851;118.00;5019.00;30.00;83.25;14.02
1319238;120.00;5065.00;30.00;83.25;13.92
1319680;121.00;5128.00;30.00;83.25;14.02
1320073;122.00;5160.00;30.00;83.25;14.11
1320465;122.00;5184.00;30.00;83.25;14.02
1320853;122.00;5191.00;30.00;83.25;14.11
1321292;123.00;5214.00;30.00;83.25;14.02
1321736;123.00;5229.00;30.00;83.25;14.02
1322123;122.00;5213.00;30.00;83.25;14.11
1322514;122.00;5191.00;30.00;83.25;14.02
1322952;122.00;5155.00;30.00;83.25;14.02
1323338;121.00;5146.00;30.00;83.25;14.11
1323734;121.00;5118.00;30.00;83.25;14.11
1324170;120.00;5102.00;30.00;83.25;13.92
1324562;120.00;5100.00;30.00;83.25;14.11
1324871;120.00;5078.00;30.00;83.25;14.02
1325262;120.00;5041.00;30.00;83.25;14.02
1325650;118.00;5030.00;30.00;83.25;14.02
1325958;118.00;5005.00;30.00;83.25;14.02
1326342;118.00;5009.00;30.00;83.25;14.11
1326731;117.00;5003.00;30.00;83.25;14.02
1327124;117.00;4972.00;30.00;83.25;14.11
1327514;117.00;4973.00;30.00;83.25;14.11
1327902;117.00;4967.00;30.00;83.25;14.02
1328292;117.00;4984.00;30.00;83.25;14.11
1328681;117.00;4954.00;30.00;83.25;14.11
1329115;116.00;4956.00;30.00;83.25;14.02
1329508;117.00;4940.00;30.00;83.25;14.02
1329897;116.00;4935.00;30.00;83.25;14.02
1330284;116.00;4908.00;30.00;83.25;14.11
1330673;116.00;4897.00;30.00;83.25;14.02
1331062;116.00;4898.00;30.00;83.25;14.02
1331498;115.00;4899.00;30.00;83.25;14.02
1331939;115.00;4893.00;30.00;83.25;13.92
1332378;115.00;4872.00;30.00;83.25;14.11
1332818;115.00;4872.00;30.00;83.25;14.11
1333251;115.00;4863.00;30.00;83.25;14.02
1333646;115.00;4849.00;30.00;83.25;13.92
1333955;113.00;4834.00;30.00;83.25;14.11
1334349;113.00;4846.00;30.00;83.25;14.02
1334736;113.00;4813.00;30.00;83.25;14.11
1335174;113.00;4804.00;30.00;83.25;14.11
1335611;113.00;4812.00;30.00;83.25;14.02
1335919;113.00;4801.00;30.00;83.25;14.02
1336305;112.00;4785.00;30.00;83.25;14.11
1336700;112.00;4780.00;30.00;83.25;13.92
1337087;112.00;4769.00;30.00;83.25;14.11
1337480;112.00;4778.00;30.00;84.00;13.92
1337871;112.00;4772.00;30.00;84.00;14.02
1338260;112.00;4775.00;30.00;84.00;13.92
1338699;112.00;4790.00;30.00;84.00;14.02
1339136;112.00;4795.00;30.00;84.00;14.02
1339526;113.00;4793.00;30.00;84.00;14.11
1339920;113.00;4804.00;30.00;84.00;14.02
1340361;113.00;4805.00;30.00;84.00;14.11
1340799;113.00;4805.00;30.00;84.00;14.02
1341234;113.00;4805.00;30.00;84.00;14.11
1341617;113.00;4824.00;30.00;84.00;14.02
1341929;113.00;4789.00;30.00;84.00;14.11
1342318;113.00;4799.00;30.00;84.00;14.11
1342704;112.00;4800.00;30.00;84.00;14.02
1343094;113.00;4793.00;30.00;84.00;14.02
1343481;112.00;4788.00;30.00;84.00;14.02
1343872;112.00;4776.00;30.00;84.00;14.11
1344260;113.00;4780.00;30.00;84.00;13.92
1344652;112.00;4776.00;30.00;84.00;14.02
1345014;113.00;4786.00;30.00;84.00;13.92
1345456;113.00;4809.00;30.00;84.00;14.11
1345849;113.00;4810.00;30.00;84.00;14.02
1346288;113.00;4807.00;30.00;84.00;14.11
1346728;113.00;4814.00;30.00;84.00;14.02
1347168;113.00;4835.00;30.00;84.00;14.02
1347550;113.00;4841.00;30.00;84.00;14.11
1347939;115.00;4851.00;30.00;84.00;14.02
1348348;115.00;4857.00;30.00;84.00;14.02
1348735;115.00;4882.00;30.00;84.00;14.02
1349170;115.00;4869.00;30.00;84.00;14.11
1349561;115.00;4872.00;30.00;84.00;14.11
1349946;115.00;4882.00;30.00;84.00;14.02
1350334;115.00;4897.00;30.00;84.00;14.02
1350718;115.00;4875.00;30.00;83.25;14.11
1351159;115.00;4867.00;30.00;83.25;14.02
1351602;115.00;4851.00;30.00;83.25;14.11
1351910;115.00;4842.00;30.00;83.25;14.02
1352297;115.00;4849.00;30.00;83.25;14.11
1352687;115.00;4843.00;30.00;83.25;14.02
1352998;113.00;4835.00;30.00;83.25;14.11
1353442;115.00;4836.00;30.00;83.25;14.11
1353831;115.00;4871.00;30.00;83.25;13.92
1354270;115.00;4879.00;30.00;83.25;14.02
1354710;115.00;4890.00;30.00;83.25;14.11
1355122;116.00;4883.00;30.00;83.25;14.02
1355515;116.00;4904.00;30.00;83.25;14.11
1355955;116.00;4906.00;30.00;83.25;14.11
1356340;116.00;4921.00;30.00;83.25;14.11
1356723;116.00;4940.00;30.00;83.25;14.11
1357109;117.00;4952.00;30.00;83.25;13.92
1357552;117.00;4951.00;30.00;83.25;14.02
1357993;117.00;4966.00;30.00;83.25;14.11
1358432;117.00;4975.00;30.00;83.25;13.92
1358871;117.00;4989.00;30.00;83.25;14.02
1359311;117.00;4989.00;30.00;83.25;13.92
1359701;117.00;4984.00;30.00;83.25;14.02
1360009;117.00;4965.00;30.00;83.25;14.02
1360445;117.00;4983.00;30.00;83.25;14.11
1360834;117.00;4981.00;30.00;83.25;14.02
1361280;117.00;4959.00;30.00;83.25;14.02
1361666;117.00;4935.00;30.00;83.25;14.02
1361975;116.00;4944.00;30.00;83.25;14.11
1362366;116.00;4947.00;30.00;83.25;14.02
1362756;116.00;4953.00;30.00;83.25;14.11
1363143;116.00;4940.00;30.00;83.25;14.11
1363528;116.00;4943.00;30.00;83.25;14.02
1363919;116.00;4945.00;30.00;83.25;14.02
1364307;116.00;4943.00;30.00;83.25;13.92
1364746;117.00;4946.00;30.00;83.25;14.11
1365137;116.00;4957.00;30.00;83.25;14.11
1365575;117.00;4972.00;30.00;83.25;14.02
1365937;117.00;4979.00;30.00;83.25;14.11
1366324;117.00;4979.00;30.00;83.25;14.02
1366711;118.00;5008.00;30.00;83.25;14.11
1367106;118.00;5022.00;30.00;83.25;14.02
1367495;118.00;5022.00;30.00;83.25;14.11
1367931;118.00;5017.00;30.00;83.25;14.11
1368367;118.00;5032.00;30.00;83.25;14.11
1368757;118.00;5037.00;30.00;83.25;14.02
1369145;118.00;5021.00;30.00;83.25;14.11
1369535;118.00;5022.00;30.00;83.25;14.11
1369922;117.00;4983.00;30.00;83.25;14.02
1370317;117.00;4967.00;30.00;83.25;14.11
1370707;117.00;4978.00;30.00;83.25;14.02
1371017;118.00;5017.00;30.00;83.25;14.02
1371404;120.00;5085.00;30.00;83.25;14.11
1371798;121.00;5139.00;30.00;83.25;14.02
1372189;122.00;5144.00;30.00;83.25;14.02
1372576;123.00;5216.00;30.00;83.25;14.11
1372969;123.00;5238.00;30.00;83.25;14.11
1373352;123.00;5238.00;30.00;83.25;14.11
1373736;123.00;5246.00;30.00;83.25;14.02
1374175;123.00;5223.00;30.00;83.25;14.02
1374611;123.00;5195.00;30.00;83.25;14.11
1375001;122.00;5185.00;30.00;83.25;14.11
1375391;122.00;5177.00;30.00;83.25;14.02
1375779;122.00;5196.00;30.00;83.25;14.11
1376170;122.00;5190.00;30.00;83.25;14.02
1376559;121.00;5163.00;30.00;83.25;14.02
1376949;122.00;5163.00;30.00;83.25;14.02
1377384;121.00;5134.00;30.00;83.25;14.02
1377824;121.00;5137.00;30.00;83.25;13.92
1378213;121.00;5103.00;30.00;83.25;14.02
1378603;120.00;5087.00;30.00;83.25;14.11
1378996;118.00;5038.00;30.00;83.25;14.02
1379389;117.00;4997.00;30.00;83.25;14.11
1379782;117.00;4965.00;30.00;83.25;14.11
1380268;117.00;4945.00;30.00;83.25;14.11
1380651;116.00;4946.00;30.00;83.25;14.02
1381015;116.00;4902.00;30.00;83.25;14.11
1381405;115.00;4899.00;30.00;83.25;14.11
1381845;115.00;4849.00;30.00;83.25;14.02
1382285;113.00;4823.00;30.00;83.25;14.11
1382728;113.00;4797.00;30.00;83.25;14.02
1383036;113.00;4807.00;30.00;83.25;14.11
1383423;113.00;4814.00;30.00;83.25;14.11
1383813;113.00;4790.00;30.00;83.25;14.11
1384198;113.00;4805.00;30.00;83.25;14.02
1384642;113.00;4794.00;30.00;83.25;14.02
1384997;113.00;4823.00;30.00;83.25;14.02
1385381;113.00;4825.00;30.00;83.25;14.11
1385769;115.00;4864.00;30.00;83.25;14.02
1386161;113.00;4803.00;30.00;83.25;14.02
1386550;113.00;4795.00;30.00;83.25;14.11
1386938;113.00;4777.00;30.00;83.25;14.11
1387322;112.00;4765.00;30.00;83.25;14.11
1387710;112.00;4777.00;30.00;83.25;14.02
1388019;112.00;4762.00;30.00;83.25;14.11
1388456;111.00;4740.00;30.00;83.25;14.02
1388852;111.00;4694.00;30.00;83.25;14.11
1389241;111.00;4690.00;30.00;83.25;14.02
1389632;110.00;4694.00;30.00;83.25;14.11
1390075;110.00;4674.00;30.00;83.25;14.11
1390511;110.00;4651.00;30.00;83.25;14.11
1390946;110.00;4642.00;30.00;83.25;14.02
1391386;108.00;4620.00;30.00;83.25;14.11
1391777;108.00;4591.00;30.00;83.25;14.02
1392164;107.00;4547.00;30.00;83.25;14.02
1392552;106.00;4514.00;30.00;83.25;14.11
1392944;106.00;4491.00;30.00;83.25;14.11
1393331;106.00;4493.00;30.00;83.25;14.02
1393770;105.00;4461.00;30.00;83.25;14.02
1394210;105.00;4430.00;30.00;83.25;14.11
1394649;103.00;4392.00;30.00;83.25;14.02
1394961;103.00;4395.00;30.00;83.25;14.02
1395345;103.00;4378.00;30.00;83.25;14.02
1395730;103.00;4356.00;30.00;83.25;14.11
1396039;102.00;4351.00;30.00;83.25;13.92
1396447;102.00;4312.00;30.00;83.25;14.02
1396837;101.00;4289.00;30.00;83.25;14.11
1397232;101.00;4279.00;30.00;83.25;14.11
1397617;101.00;4277.00;30.00;83.25;14.02
1398012;101.00;4293.00;30.00;83.25;14.11
1398404;101.00;4306.00;30.00;83.25;14.11
1398791;101.00;4313.00;30.00;83.25;14.02
1399231;102.00;4333.00;30.00;83.25;14.11
1399675;102.00;4352.00;30.00;83.25;14.11
1399978;103.00;4383.00;30.00;83.25;14.11
1400368;103.00;4374.00;30.00;83.25;14.02
1400806;103.00;4390.00;30.00;83.25;14.11
1401196;105.00;4412.00;30.00;83.25;14.02
1401593;105.00;4438.00;30.00;83.25;14.02
1401978;105.00;4451.00;30.00;83.25;14.11
1402367;105.00;4447.00;30.00;83.25;14.11
1402804;105.00;4453.00;30.00;83.25;14.02
1403242;105.00;4464.00;30.00;83.25;13.92
1403632;105.00;4489.00;30.00;83.25;14.11
1403990;106.00;4487.00;30.00;83.25;14.02
1404382;106.00;4487.00;30.00;83.25;14.02
1404763;106.00;4499.00;30.00;83.25;14.11
1405201;106.00;4529.00;30.00;83.25;14.11
1405688;107.00;4535.00;30.00;83.25;14.11
1405997;107.00;4539.00;30.00;83.25;14.11
1406387;107.00;4550.00;30.00;83.25;14.02
1406777;108.00;4568.00;30.00;83.25;14.11
1407219;108.00;4609.00;30.00;83.25;14.11
1407604;108.00;4608.00;30.00;83.25;14.02
1408044;110.00;4630.00;30.00;83.25;14.02
1408485;110.00;4639.00;30.00;83.25;14.02
1408921;110.00;4642.00;30.00;83.25;14.02
1409304;110.00;4682.00;30.00;83.25;14.11
1409694;111.00;4687.00;30.00;83.25;14.02
1410006;111.00;4695.00;30.00;83.25;14.11
1410444;111.00;4692.00;30.00;83.25;14.11
1410880;111.00;4702.00;30.00;83.25;14.11
1411265;111.00;4727.00;30.00;83.25;14.02
1411654;111.00;4732.00;30.00;83.25;13.92
1412044;111.00;4750.00;30.00;83.25;14.11
1412433;112.00;4731.00;30.00;83.25;14.11
1412822;111.00;4735.00;30.00;83.25;13.92
1413214;111.00;4749.00;30.00;83.25;13.92
1413599;111.00;4739.00;30.00;83.25;14.02
1413989;112.00;4722.00;30.00;83.25;14.11
1414382;111.00;4737.00;30.00;83.25;14.02
1414775;111.00;4726.00;30.00;83.25;14.11
1415096;112.00;4727.00;30.00;83.25;14.11
1415535;112.00;4734.00;30.00;83.25;14.02
1415924;111.00;4719.00;30.00;83.25;14.11
1416317;111.00;4728.00;30.00;83.25;14.02
1416705;111.00;4729.00;30.00;83.25;14.11
1417015;111.00;4711.00;30.00;83.25;14.11
1417451;111.00;4714.00;30.00;83.25;14.02
1417890;111.00;4720.00;30.00;83.25;14.11
1418330;111.00;4729.00;30.00;83.25;13.92
1418768;111.00;4720.00;30.00;83.25;14.11
1419127;111.00;4722.00;30.00;83.25;14.02
1419515;111.00;4730.00;30.00;83.25;14.11
1419907;111.00;4727.00;30.00;83.25;14.11
1420294;111.00;4751.00;30.00;83.25;14.02
1420735;112.00;4756.00;30.00;83.25;14.11
1421045;111.00;4753.00;30.00;83.25;14.11
1421441;112.00;4743.00;30.00;83.25;14.11
1421882;112.00;4744.00;30.00;83.25;13.92
1422271;112.00;4736.00;30.00;83.25;14.11
1422710;112.00;4742.00;30.00;83.25;14.02
1423019;112.00;4740.00;30.00;83.25;14.02
1423408;112.00;4770.00;30.00;83.25;14.11
1423846;112.00;4755.00;30.00;83.25;14.11
1424235;112.00;4746.00;30.00;83.25;14.11
1424620;112.00;4744.00;30.00;83.25;14.11
1425004;112.00;4750.00;30.00;83.25;14.11
1425390;112.00;4759.00;30.00;83.25;14.02
1425778;112.00;4766.00;30.00;83.25;14.11
1426084;112.00;4769.00;30.00;83.25;14.11
1426473;112.00;4774.00;30.00;83.25;14.11
1426906;112.00;4783.00;30.00;83.25;14.11
1427293;112.00;4776.00;30.00;83.25;14.02
1427682;112.00;4786.00;30.00;83.25;14.11
1428070;112.00;4776.00;30.00;83.25;14.11
1428453;112.00;4761.00;30.00;83.25;14.11
1428837;112.00;4779.00;30.00;83.25;14.02
1429225;112.00;4769.00;30.00;83.25;14.02
1429609;112.00;4765.00;30.00;83.25;14.02
1429996;112.00;4743.00;30.00;83.25;13.92
1430435;112.00;4752.00;30.00;83.25;14.02
1430874;112.00;4739.00;30.00;83.25;14.02
1431310;111.00;4747.00;30.00;83.25;14.11
1431756;111.00;4730.00;30.00;83.25;14.11
1432060;111.00;4736.00;30.00;83.25;14.11
1432447;111.00;4735.00;30.00;83.25;14.11
1432882;111.00;4752.00;30.00;83.25;14.11
1433319;111.00;4726.00;30.00;83.25;14.02
1433706;111.00;4728.00;30.00;83.25;14.11
1434017;111.00;4698.00;30.00;83.25;14.02
1434456;111.00;4695.00;30.00;83.25;14.11
1434894;111.00;4691.00;30.00;83.25;14.02
1435334;111.00;4692.00;30.00;83.25;14.11
1435772;111.00;4695.00;30.00;83.25;14.11
1436077;111.00;4676.00;30.00;83.25;14.02
1436465;110.00;4655.00;30.00;83.25;14.11
1436860;110.00;4656.00;30.00;83.25;14.11
1437245;110.00;4642.00;30.00;83.25;14.02
1437685;110.00;4642.00;30.00;83.25;14.11
1438068;108.00;4630.00;30.00;83.25;14.02
1438461;108.00;4606.00;30.00;83.25;14.11
1438849;108.00;4608.00;30.00;83.25;13.92
1439238;108.00;4594.00;30.00;83.25;14.02
1439627;108.00;4613.00;30.00;83.25;14.11
1440065;108.00;4607.00;30.00;83.25;13.92
1440454;108.00;4617.00;30.00;83.25;14.11
1440844;108.00;4617.00;30.00;83.25;14.11
1441227;110.00;4623.00;30.00;83.25;14.02
1441617;110.00;4622.00;30.00;83.25;13.92
1442004;110.00;4649.00;30.00;83.25;14.11
1442399;110.00;4655.00;30.00;83.25;14.02
1442789;110.00;4656.00;30.00;83.25;14.11
1443147;110.00;4668.00;30.00;83.25;14.11
1443583;110.00;4666.00;30.00;83.25;14.02
1443985;110.00;4654.00;30.00;83.25;13.92
1444372;110.00;4656.00;30.00;83.25;13.92
1444756;110.00;4660.00;30.00;83.25;14.02
1445064;110.00;4660.00;30.00;83.25;14.11
1445450;110.00;4666.00;30.00;83.25;14.02
1445837;110.00;4646.00;30.00;83.25;14.02
1446222;110.00;4667.00;30.00;83.25;14.11
1446612;110.00;4669.00;30.00;83.25;14.02
1447003;111.00;4699.00;30.00;83.25;14.11
1447397;111.00;4726.00;30.00;83.25;14.11
1447785;111.00;4740.00;30.00;83.25;14.11
1448089;112.00;4751.00;30.00;83.25;14.02
1448485;112.00;4750.00;30.00;83.25;14.02
1448873;112.00;4769.00;30.00;83.25;14.11
1449262;112.00;4779.00;30.00;83.25;13.92
1449650;112.00;4790.00;30.00;83.25;14.11
1450041;112.00;4778.00;30.00;83.25;14.02
1450480;112.00;4785.00;30.00;83.25;14.02
1450917;113.00;4788.00;30.00;83.25;14.02
1451304;113.00;4780.00;30.00;83.25;14.11
1451692;113.00;4815.00;30.00;83.25;14.02
1452081;113.00;4814.00;30.00;83.25;14.11
1452469;113.00;4820.00;30.00;83.25;14.11
1452857;113.00;4863.00;30.00;83.25;14.11
1453245;115.00;4838.00;30.00;83.25;14.02
1453636;115.00;4852.00;30.00;83.25;14.11
1454024;115.00;4877.00;30.00;83.25;14.11
1454409;115.00;4876.00;30.00;83.25;14.02
1454796;115.00;4885.00;30.00;83.25;14.02
1455100;115.00;4903.00;30.00;83.25;14.02
1455484;116.00;4892.00;30.00;83.25;14.02
1455875;116.00;4918.00;30.00;83.25;14.02
1456261;116.00;4896.00;30.00;83.25;14.11
1456700;115.00;4901.00;30.00;83.25;14.02
1457092;115.00;4894.00;30.00;83.25;14.11
1457532;115.00;4881.00;30.00;83.25;14.11
1457916;115.00;4870.00;30.00;83.25;14.11
1458300;115.00;4865.00;30.00;83.25;14.02
1458689;115.00;4867.00;30.00;83.25;14.11
1459132;115.00;4863.00;30.00;83.25;14.02
1459523;115.00;4862.00;30.00;83.25;14.11
1459961;115.00;4870.00;30.00;83.25;14.11
1460347;115.00;4871.00;30.00;83.25;14.02
1460787;115.00;4870.00;30.00;83.25;14.11
1461094;115.00;4850.00;30.00;83.25;14.02
1461488;115.00;4849.00;30.00;83.25;14.11
1461877;115.00;4854.00;30.00;83.25;13.92
1462266;113.00;4833.00;30.00;83.25;14.02
1462710;113.00;4827.00;30.00;83.25;14.11
1463099;113.00;4822.00;30.00;83.25;14.11
1463488;113.00;4825.00;30.00;83.25;14.11
1463872;113.00;4837.00;30.00;83.25;14.02
1464264;113.00;4811.00;30.00;83.25;14.02
1464653;113.00;4840.00;30.00;83.25;14.11
1465042;115.00;4854.00;30.00;83.25;14.11
1465430;115.00;4847.00;30.00;83.25;14.11
1465866;115.00;4869.00;30.00;83.25;14.02
1466307;115.00;4861.00;30.00;83.25;14.11
1466746;115.00;4900.00;30.00;83.25;14.02
1467052;116.00;4910.00;30.00;83.25;14.02
1467441;116.00;4915.00;30.00;83.25;14.02
1467827;116.00;4919.00;30.00;83.25;14.11
1468135;116.00;4930.00;30.00;83.25;14.11
1468518;116.00;4934.00;30.00;83.25;14.11
1468954;117.00;4940.00;30.00;83.25;14.02
1469400;117.00;4958.00;30.00;83.25;14.02
1469787;117.00;4962.00;30.00;83.25;14.11
1470095;117.00;4959.00;30.00;83.25;14.11
1470479;117.00;4956.00;30.00;83.25;14.11
1470915;117.00;4955.00;30.00;83.25;14.11
1471301;117.00;4977.00;30.00;83.25;14.11
1471687;117.00;4973.00;30.00;83.25;14.11
1472071;117.00;4993.00;30.00;83.25;14.11
1472506;117.00;4975.00;30.00;83.25;14.02
1472893;117.00;4989.00;29.25;83.25;14.11
1473287;117.00;4987.00;29.25;83.25;14.11
1473725;117.00;4989.00;29.25;83.25;14.11
1474110;117.00;4979.00;29.25;83.25;14.11
1474497;117.00;4971.00;29.25;83.25;14.11
1474932;117.00;4957.00;29.25;83.25;14.11
1475318;117.00;4962.00;29.25;83.25;14.02
1475705;117.00;4957.00;29.25;83.25;14.02
1476090;117.00;4971.00;29.25;83.25;14.11
1476481;117.00;4961.00;29.25;83.25;14.02
1476872;117.00;4967.00;29.25;83.25;14.02
1477308;117.00;4966.00;29.25;83.25;14.11
1477748;117.00;4981.00;29.25;83.25;14.11
1478132;117.00;4970.00;29.25;83.25;14.11
1478518;117.00;4984.00;29.25;83.25;14.11
1478903;117.00;4983.00;29.25;83.25;14.02
1479292;117.00;4989.00;29.25;83.25;14.11
1479682;117.00;4997.00;29.25;83.25;14.02
1480071;118.00;4981.00;29.25;83.25;14.11
1480464;118.00;5014.00;29.25;83.25;13.92
1480854;118.00;5006.00;29.25;83.25;14.11
1481162;118.00;5015.00;29.25;83.25;14.02
1481601;118.00;5019.00;29.25;83.25;14.11
1482041;118.00;5037.00;29.25;83.25;14.02
1482480;118.00;5025.00;29.25;83.25;14.02
1482865;118.00;5029.00;29.25;83.25;14.21
1483254;120.00;5064.00;29.25;83.25;14.11
1483648;118.00;5036.00;29.25;83.25;14.11
1484038;120.00;5072.00;29.25;83.25;14.11
1484428;120.00;5092.00;29.25;83.25;14.02
1484821;120.00;5070.00;29.25;83.25;14.11
1485132;120.00;5089.00;29.25;83.25;14.11
1485568;120.00;5066.00;29.25;83.25;14.11
1485954;120.00;5086.00;29.25;83.25;14.11
1486338;120.00;5077.00;29.25;83.25;14.11
1486726;120.00;5081.00;29.25;83.25;14.02
1487165;120.00;5093.00;29.25;83.25;14.11
1487606;120.00;5100.00;29.25;83.25;14.11
1488041;121.00;5098.00;29.25;83.25;14.11
1488429;120.00;5097.00;29.25;83.25;14.11
1488817;121.00;5079.00;29.25;83.25;14.11
1489176;120.00;5063.00;29.25;83.25;14.02
1489571;120.00;5058.00;29.25;83.25;14.11
1489962;118.00;5043.00;29.25;83.25;14.11
1490401;118.00;5032.00;29.25;83.25;14.11
1490789;118.00;4980.00;29.25;83.25;14.11
1491108;117.00;4961.00;29.25;83.25;14.11
1491549;117.00;4942.00;29.25;83.25;14.11
1491985;116.00;4930.00;29.25;83.25;14.11
1492373;116.00;4952.00;29.25;83.25;14.02
1492760;116.00;4932.00;29.25;83.25;14.11
1493150;116.00;4871.00;29.25;83.25;14.02
1493538;115.00;4902.00;29.25;83.25;14.02
1493978;115.00;4892.00;29.25;83.25;14.11
1494417;115.00;4861.00;29.25;83.25;14.11
1494853;115.00;4879.00;29.25;83.25;14.11
1495158;115.00;4878.00;29.25;83.25;14.11
1495545;115.00;4877.00;29.25;83.25;14.11
1495929;115.00;4862.00;29.25;83.25;14.02
1496318;115.00;4882.00;29.25;83.25;14.11
1496706;115.00;4857.00;29.25;83.25;14.11
1497095;115.00;4868.00;29.25;83.25;14.02
1497483;115.00;4859.00;29.25;83.25;14.11
1497921;113.00;4828.00;29.25;83.25;14.02
1498365;113.00;4787.00;29.25;83.25;14.11
1498758;113.00;4806.00;28.50;83.25;14.11
1499198;113.00;4818.00;28.50;83.25;14.11
1499633;113.00;4801.00;28.50;83.25;14.11
1500017;113.00;4807.00;28.50;83.25;14.11
1500405;113.00;4814.00;28.50;83.25;14.11
1500791;112.00;4785.00;28.50;83.25;14.11
1501099;112.00;4802.00;28.50;83.25;14.11
1501485;113.00;4792.00;28.50;83.25;14.11
1501874;112.00;4795.00;28.50;83.25;14.11
1502233;113.00;4780.00;28.50;83.25;14.11
1502620;113.00;4834.00;28.50;83.25;14.02
1503012;113.00;4760.00;28.50;83.25;14.11
1503401;113.00;4797.00;28.50;83.25;14.21
1503788;113.00;4831.00;28.50;83.25;14.11
1504096;113.00;4821.00;28.50;83.25;14.11
1504481;113.00;4811.00;28.50;83.25;14.02
1504869;113.00;4814.00;28.50;83.25;14.02
1505224;113.00;4807.00;28.50;83.25;14.02
1505608;113.00;4809.00;28.50;83.25;14.11
1505997;113.00;4794.00;28.50;83.25;14.11
1506382;113.00;4797.00;28.50;83.25;14.02
1506776;113.00;4790.00;28.50;83.25;14.02
1507165;113.00;4824.00;28.50;83.25;14.11
1507605;112.00;4762.00;28.50;83.25;14.11
1508044;112.00;4754.00;28.50;83.25;14.02
1508483;112.00;4750.00;28.50;83.25;14.11
1508922;112.00;4738.00;28.50;83.25;14.11
1509319;112.00;4755.00;28.50;83.25;14.11
1509704;112.00;4754.00;28.50;83.25;14.11
1510090;112.00;4752.00;28.50;83.25;14.11
1510472;112.00;4759.00;28.50;83.25;14.02
1510911;112.00;4753.00;28.50;83.25;14.11
1511352;112.00;4794.00;28.50;83.25;14.11
1511736;112.00;4739.00;28.50;83.25;14.11
1512122;112.00;4768.00;28.50;83.25;14.11
1512507;112.00;4755.00;28.50;83.25;14.11
1512943;112.00;4767.00;28.50;83.25;14.11
1513387;112.00;4767.00;28.50;83.25;14.11
1513768;112.00;4752.00;28.50;83.25;14.11
1514153;112.00;4714.00;28.50;83.25;14.21
1514542;112.00;4754.00;28.50;83.25;14.02
1514930;112.00;4755.00;28.50;83.25;14.02
1515315;112.00;4766.00;28.50;83.25;14.11
1515702;112.00;4759.00;28.50;83.25;14.11
1516087;112.00;4763.00;28.50;83.25;14.02
1516526;112.00;4779.00;28.50;83.25;14.11
1516965;112.00;4776.00;28.50;83.25;14.11
1517402;112.00;4761.00;28.50;83.25;14.11
1517838;113.00;4788.00;28.50;83.25;14.11
1518147;112.00;4786.00;28.50;83.25;14.11
1518586;112.00;4780.00;28.50;83.25;14.11
1519022;112.00;4796.00;28.50;83.25;14.11
1519408;113.00;4774.00;28.50;83.25;14.11
1519795;113.00;4808.00;28.50;83.25;14.02
1520184;113.00;4802.00;28.50;83.25;14.11
1520574;113.00;4822.00;28.50;83.25;14.11
1520960;113.00;4854.00;28.50;83.25;14.11
1521396;113.00;4846.00;28.50;83.25;14.11
1521779;115.00;4836.00;28.50;83.25;14.11
1522167;113.00;4846.00;28.50;83.25;14.11
1522557;115.00;4818.00;28.50;83.25;14.02
1522952;113.00;4824.00;28.50;83.25;14.11
1523346;113.00;4816.00;28.50;83.25;14.11
1523732;113.00;4780.00;28.50;83.25;14.11
1524168;113.00;4811.00;28.50;83.25;14.02
1524608;115.00;4839.00;28.50;83.25;14.02
1524996;113.00;4778.00;28.50;83.25;14.11
1525388;113.00;4804.00;28.50;83.25;14.11
1525772;113.00;4829.00;28.50;83.25;14.11
1526157;113.00;4831.00;28.50;83.25;14.11
1526593;113.00;4825.00;28.50;83.25;14.11
1526978;113.00;4824.00;28.50;83.25;14.02
1527366;113.00;4852.00;28.50;83.25;14.11
1527756;115.00;4830.00;28.50;83.25;13.92
1528198;115.00;4842.00;28.50;83.25;14.11
1528586;115.00;4847.00;28.50;83.25;14.02
1529028;115.00;4828.00;28.50;83.25;14.11
1529419;115.00;4832.00;28.50;83.25;14.11
1529855;115.00;4858.00;28.50;83.25;14.11
1530160;113.00;4821.00;28.50;83.25;14.11
1530548;115.00;4826.00;28.50;83.25;14.02
1530942;113.00;4840.00;28.50;83.25;14.11
1531334;115.00;4837.00;28.50;83.25;14.02
1531777;115.00;4882.00;28.50;83.25;14.11
1532168;116.00;4900.00;28.50;83.25;14.11
1532559;115.00;4877.00;28.50;83.25;14.02
1533000;115.00;4877.00;28.50;83.25;14.02
1533425;115.00;4883.00;28.50;83.25;14.11
1533812;115.00;4857.00;28.50;83.25;14.11
1534197;115.00;4883.00;28.50;83.25;14.11
1534588;115.00;4861.00;28.50;83.25;14.11
1534974;115.00;4882.00;28.50;83.25;14.02
1535412;115.00;4907.00;28.50;83.25;14.11
1535800;115.00;4850.00;28.50;83.25;14.11
1536184;115.00;4885.00;28.50;83.25;14.02
1536624;115.00;4881.00;28.50;83.25;14.11
1537063;115.00;4919.00;28.50;83.25;14.11
1537497;116.00;4900.00;28.50;83.25;14.11
1537886;116.00;4916.00;28.50;83.25;14.11
1538192;115.00;4814.00;28.50;83.25;13.92
1538636;116.00;4937.00;28.50;83.25;14.02
1539047;116.00;4917.00;28.50;83.25;14.11
1539442;115.00;4875.00;28.50;83.25;14.11
1539881;115.00;4882.00;28.50;83.25;14.11
1540186;115.00;4839.00;28.50;83.25;14.11
1540570;113.00;4830.00;28.50;83.25;14.11
1540959;112.00;4784.00;28.50;83.25;14.11
1541349;112.00;4759.00;28.50;83.25;14.02
1541739;112.00;4774.00;28.50;83.25;14.02
1542124;112.00;4756.00;28.50;83.25;14.11
1542513;112.00;4743.00;28.50;83.25;13.92
1542901;112.00;4725.00;28.50;83.25;14.11
1543210;112.00;4714.00;28.50;83.25;14.11
1543596;111.00;4708.00;28.50;83.25;14.02
1543987;111.00;4722.00;28.50;83.25;14.11
1544375;110.00;4684.00;28.50;83.25;14.02
1544769;110.00;4663.00;28.50;83.25;14.11
1545156;110.00;4627.00;28.50;83.25;14.11
1545543;110.00;4638.00;28.50;83.25;14.02
1545930;108.00;4597.00;28.50;83.25;14.11
1546241;108.00;4590.00;28.50;83.25;14.11
1546627;107.00;4573.00;28.50;83.25;14.11
1547066;107.00;4543.00;28.50;83.25;14.02
1547505;108.00;4582.00;28.50;83.25;14.11
1547948;107.00;4534.00;28.50;83.25;14.02
1548392;106.00;4500.00;28.50;83.25;14.11
1548834;106.00;4483.00;28.50;83.25;14.11
1549218;106.00;4479.00;28.50;83.25;14.02
1549659;105.00;4483.00;28.50;83.25;14.11
1550103;105.00;4479.00;28.50;83.25;14.11
1550488;106.00;4493.00;28.50;83.25;14.02
1550880;107.00;4503.00;28.50;83.25;14.02
1551189;107.00;4554.00;28.50;83.25;14.11
1551578;108.00;4597.00;28.50;83.25;14.11
1552017;110.00;4626.00;28.50;83.25;14.11
1552456;110.00;4638.00;28.50;83.25;14.02
1552896;110.00;4653.00;28.50;83.25;14.02
1553200;110.00;4667.00;28.50;83.25;14.11
1553589;110.00;4614.00;28.50;83.25;14.02
1553980;110.00;4663.00;28.50;83.25;14.11
1554419;110.00;4668.00;28.50;83.25;14.11
1554855;110.00;4667.00;28.50;83.25;14.11
1555161;110.00;4642.00;28.50;83.25;14.11
1555548;108.00;4636.00;28.50;83.25;14.02
1555990;108.00;4635.00;28.50;83.25;14.02
1556376;108.00;4609.00;28.50;83.25;14.11
1556763;108.00;4611.00;28.50;83.25;13.92
1557151;108.00;4622.00;28.50;83.25;14.11
1557539;108.00;4635.00;28.50;83.25;14.02
1557929;110.00;4664.00;28.50;83.25;14.02
1558286;110.00;4646.00;28.50;83.25;14.02
1558673;110.00;4656.00;28.50;83.25;14.02
1559059;110.00;4653.00;28.50;83.25;14.11
1559448;110.00;4647.00;28.50;83.25;14.02
1559840;110.00;4661.00;28.50;83.25;14.02
1560225;110.00;4662.00;28.50;83.25;14.11
1560665;110.00;4667.00;28.50;84.00;14.11
1561053;110.00;4672.00;28.50;84.00;14.11
1561444;110.00;4678.00;28.50;84.00;14.11
1561830;111.00;4704.00;28.50;84.00;14.02
1562221;110.00;4719.00;28.50;84.00;14.02
1562612;111.00;4696.00;28.50;84.00;14.02
1563001;111.00;4730.00;28.50;84.00;14.11
1563389;111.00;4705.00;28.50;84.00;14.02
1563778;111.00;4705.00;28.50;84.00;14.11
1564161;111.00;4742.00;28.50;84.00;14.11
1564547;112.00;4730.00;28.50;84.00;14.11
1564934;112.00;4766.00;28.50;84.00;14.02
1565242;113.00;4776.00;28.50;84.00;14.11
1565633;112.00;4795.00;28.50;84.00;14.11
1566021;113.00;4786.00;28.50;84.00;14.02
1566414;113.00;4801.00;28.50;84.00;14.11
1566801;113.00;4821.00;28.50;84.00;14.11
1567187;113.00;4819.00;28.50;84.00;13.92
1567628;115.00;4822.00;28.50;84.00;14.11
1568070;115.00;4858.00;28.50;84.00;13.92
1568508;115.00;4869.00;28.50;84.00;14.02
1568949;115.00;4874.00;28.50;84.00;14.11
1569256;115.00;4877.00;28.50;84.00;14.11
1569640;115.00;4864.00;28.50;84.00;14.02
1570078;115.00;4856.00;28.50;84.00;14.11
1570517;115.00;4846.00;28.50;84.00;14.11
1570953;113.00;4852.00;28.50;83.25;14.11
1571314;115.00;4859.00;28.50;83.25;14.02
1571706;113.00;4837.00;28.50;83.25;14.11
1572098;115.00;4858.00;28.50;83.25;14.02
1572489;113.00;4861.00;28.50;83.25;14.11
1572880;115.00;4884.00;28.50;83.25;14.02
1573242;115.00;4849.00;28.50;83.25;14.11
1573681;115.00;4843.00;28.50;83.25;14.11
1574117;115.00;4826.00;28.50;83.25;14.11
1574506;115.00;4869.00;28.50;83.25;14.11
1574892;115.00;4831.00;28.50;83.25;14.02
1575202;115.00;4866.00;28.50;83.25;14.11
1575599;115.00;4881.00;28.50;83.25;14.11
1575984;115.00;4870.00;28.50;83.25;14.11
1576420;115.00;4852.00;28.50;83.25;14.11
1576805;115.00;4855.00;28.50;83.25;14.02
1577194;115.00;4836.00;28.50;83.25;14.11
1577585;115.00;4861.00;28.50;83.25;14.11
1577971;115.00;4838.00;28.50;83.25;14.11
1578276;115.00;4852.00;28.50;83.25;14.02
1578666;113.00;4826.00;28.50;83.25;14.11
1579057;113.00;4827.00;28.50;83.25;14.11
1579443;113.00;4814.00;28.50;83.25;14.02
1579882;113.00;4817.00;28.50;83.25;14.11
1580190;113.00;4826.00;28.50;83.25;14.11
1580576;113.00;4842.00;28.50;83.25;14.11
1580962;113.00;4856.00;28.50;83.25;14.02
1581269;113.00;4812.00;28.50;83.25;14.02
1581660;113.00;4821.00;28.50;83.25;14.02
1582050;113.00;4816.00;28.50;83.25;14.11
1582439;113.00;4816.00;28.50;83.25;14.02
1582826;113.00;4843.00;28.50;83.25;14.02
1583261;113.00;4829.00;28.50;83.25;14.11
1583651;113.00;4816.00;28.50;83.25;14.02
1584037;113.00;4785.00;28.50;83.25;14.11
1584425;113.00;4808.00;28.50;83.25;14.11
1584809;113.00;4802.00;28.50;83.25;14.02
1585249;113.00;4802.00;28.50;83.25;14.02
1585680;113.00;4800.00;28.50;83.25;14.11
1586069;113.00;4830.00;28.50;83.25;14.11
1586467;113.00;4825.00;28.50;83.25;14.02
1586857;113.00;4809.00;28.50;83.25;14.11
1587246;113.00;4824.00;28.50;83.25;14.11
1587632;113.00;4816.00;28.50;83.25;14.02
1588021;113.00;4829.00;28.50;83.25;14.11
1588460;113.00;4810.00;28.50;83.25;14.02
1588900;113.00;4820.00;28.50;83.25;14.02
1589205;113.00;4842.00;28.50;83.25;14.02
1589591;113.00;4846.00;28.50;83.25;14.11
1589981;113.00;4846.00;28.50;83.25;14.02
1590286;115.00;4833.00;28.50;83.25;14.02
1590675;113.00;4832.00;28.50;83.25;14.11
1591066;113.00;4843.00;28.50;83.25;13.92
1591454;115.00;4836.00;28.50;83.25;14.11
1591850;113.00;4841.00;28.50;83.25;14.11
1592240;115.00;4833.00;28.50;83.25;14.11
1592631;113.00;4840.00;28.50;83.25;14.11
1593021;115.00;4844.00;28.50;83.25;14.11
1593500;113.00;4837.00;28.50;83.25;14.02
1593893;113.00;4831.00;28.50;83.25;14.11
1594280;113.00;4828.00;28.50;83.25;14.02
1594669;113.00;4819.00;28.50;83.25;13.92
1595057;113.00;4812.00;28.50;83.25;14.11
1595447;113.00;4822.00;28.50;83.25;14.11
1595836;113.00;4808.00;28.50;82.50;13.92
1596278;113.00;4820.00;28.50;82.50;14.11
1596665;112.00;4805.00;28.50;82.50;14.11
1597053;112.00;4788.00;28.50;82.50;14.11
1597438;112.00;4747.00;28.50;82.50;14.11
1597829;112.00;4776.00;28.50;82.50;14.11
1598212;112.00;4771.00;28.50;82.50;14.11
1598650;112.00;4773.00;28.50;82.50;14.11
1599034;112.00;4772.00;28.50;82.50;14.11
1599417;112.00;4775.00;28.50;82.50;14.02
1599861;112.00;4780.00;28.50;82.50;14.02
1600246;112.00;4762.00;28.50;82.50;14.02
1600681;112.00;4768.00;28.50;82.50;14.02
1601064;112.00;4771.00;28.50;82.50;14.11
1601453;112.00;4770.00;28.50;82.50;14.02
1601844;112.00;4775.00;28.50;82.50;14.02
1602232;112.00;4775.00;28.50;82.50;14.02
1602665;113.00;4790.00;28.50;82.50;14.02
1603051;112.00;4750.00;28.50;82.50;14.11
1603445;112.00;4790.00;28.50;82.50;14.02
1603832;113.00;4792.00;28.50;82.50;14.11
1604276;113.00;4819.00;28.50;82.50;14.02
1604670;113.00;4793.00;28.50;82.50;13.92
1605057;113.00;4811.00;28.50;82.50;14.02
1605447;113.00;4807.00;28.50;82.50;14.02
1605832;113.00;4813.00;28.50;82.50;13.92
1606221;113.00;4809.00;28.50;82.50;14.11
1606607;113.00;4811.00;28.50;82.50;14.11
1606993;113.00;4807.00;28.50;82.50;14.02
1607301;113.00;4800.00;28.50;82.50;14.02
1607736;113.00;4805.00;28.50;82.50;14.02
1608120;113.00;4791.00;28.50;82.50;14.11
1608510;112.00;4792.00;28.50;82.50;14.11
1608949;112.00;4770.00;28.50;82.50;14.11
1609253;112.00;4789.00;28.50;82.50;14.11
1609642;113.00;4774.00;28.50;82.50;14.11
1610034;113.00;4790.00;28.50;82.50;14.11
1610421;112.00;4774.00;28.50;82.50;14.02
1610863;112.00;4786.00;28.50;82.50;14.02
1611297;112.00;4789.00;28.50;82.50;13.92
1611683;113.00;4804.00;28.50;82.50;14.11
1612074;113.00;4800.00;28.50;82.50;14.02
1612462;113.00;4803.00;28.50;82.50;14.11
1612848;113.00;4800.00;28.50;82.50;14.02
1613234;113.00;4820.00;28.50;82.50;14.02
1613617;113.00;4811.00;28.50;82.50;14.11
1614011;113.00;4834.00;28.50;82.50;14.11
1614316;113.00;4830.00;28.50;82.50;14.02
1614709;113.00;4839.00;28.50;82.50;14.11
1615095;115.00;4840.00;28.50;82.50;14.11
1615495;115.00;4867.00;28.50;83.25;14.11
1615934;115.00;4880.00;28.50;83.25;14.11
1616239;115.00;4872.00;28.50;83.25;14.02
1616627;115.00;4882.00;28.50;83.25;13.92
1617017;115.00;4892.00;28.50;83.25;13.92
1617321;115.00;4874.00;28.50;83.25;14.02
1617709;115.00;4890.00;28.50;83.25;14.11
1618101;115.00;4898.00;28.50;83.25;14.02
1618490;115.00;4894.00;28.50;83.25;14.02
1618876;115.00;4888.00;28.50;83.25;14.11
1619317;115.00;4872.00;28.50;83.25;14.11
1619703;115.00;4857.00;28.50;83.25;14.11
1620087;113.00;4838.00;28.50;83.25;14.02
1620478;113.00;4808.00;28.50;83.25;14.02
1620862;112.00;4782.00;28.50;83.25;14.11
1621304;112.00;4792.00;28.50;83.25;14.11
1621739;112.00;4777.00;28.50;83.25;14.11
1622122;112.00;4775.00;28.50;83.25;14.11
1622509;112.00;4770.00;28.50;83.25;14.02
1622899;112.00;4780.00;28.50;83.25;14.11
1623291;112.00;4748.00;28.50;83.25;14.02
1623681;112.00;4783.00;28.50;83.25;14.11
1624074;112.00;4780.00;28.50;83.25;14.02
1624512;112.00;4783.00;28.50;83.25;14.02
1624948;112.00;4780.00;28.50;83.25;14.11
1625256;112.00;4790.00;28.50;83.25;14.11
1625643;113.00;4779.00;28.50;83.25;14.11
1626083;113.00;4798.00;28.50;83.25;14.02
1626523;113.00;4806.00;28.50;83.25;13.92
1626961;113.00;4815.00;28.50;83.25;14.11
1627272;113.00;4801.00;28.50;83.25;14.02
1627659;113.00;4808.00;28.50;83.25;14.02
1628045;113.00;4804.00;28.50;83.25;14.11
1628483;113.00;4815.00;28.50;83.25;14.11
1628919;113.00;4810.00;28.50;83.25;14.02
1629308;113.00;4797.00;28.50;83.25;14.11
1629697;113.00;4804.00;28.50;83.25;14.02
1630084;113.00;4823.00;28.50;83.25;14.02
1630468;113.00;4810.00;28.50;83.25;14.11
1630859;113.00;4810.00;28.50;83.25;14.11
1631293;113.00;4800.00;28.50;83.25;14.02
1631681;112.00;4784.00;28.50;83.25;13.92
1632073;113.00;4783.00;28.50;83.25;14.02
1632466;112.00;4801.00;28.50;83.25;14.11
1632858;113.00;4794.00;28.50;83.25;14.11
1633246;113.00;4791.00;28.50;83.25;14.11
1633648;113.00;4819.00;28.50;83.25;14.11
1634032;113.00;4811.00;28.50;83.25;14.11
1634388;113.00;4801.00;28.50;83.25;14.11
1634823;112.00;4790.00;28.50;83.25;14.02
1635216;112.00;4783.00;28.50;83.25;14.02
1635603;112.00;4786.00;28.50;83.25;14.02
1635989;112.00;4789.00;28.50;83.25;13.92
1636348;113.00;4813.00;28.50;83.25;14.02
1636791;113.00;4812.00;28.50;83.25;14.11
1637230;113.00;4804.00;28.50;83.25;14.02
1637670;113.00;4825.00;28.50;83.25;14.02
1638054;113.00;4830.00;28.50;83.25;14.11
1638442;113.00;4825.00;28.50;83.25;14.11
1638828;113.00;4837.00;28.50;83.25;14.02
1639266;113.00;4835.00;28.50;83.25;14.11
1639653;115.00;4810.00;28.50;83.25;14.02
1640045;115.00;4843.00;28.50;83.25;14.02
1640350;113.00;4845.00;28.50;83.25;14.11
1640744;115.00;4845.00;28.50;83.25;14.02
1641136;115.00;4855.00;28.50;83.25;14.11
1641526;115.00;4846.00;28.50;83.25;14.02
1641915;115.00;4863.00;28.50;83.25;14.11
1642354;115.00;4858.00;28.50;83.25;14.02
1642794;115.00;4852.00;28.50;83.25;14.02
1643178;115.00;4847.00;28.50;83.25;14.11
1643568;115.00;4854.00;28.50;83.25;14.02
1643955;115.00;4837.00;28.50;83.25;14.11
1644346;113.00;4827.00;28.50;83.25;14.02
1644740;113.00;4821.00;28.50;83.25;14.11
1645130;113.00;4789.00;28.50;83.25;14.11
1645517;112.00;4769.00;28.50;83.25;14.11
1645907;112.00;4758.00;28.50;83.25;14.02
1646301;112.00;4742.00;28.50;83.25;14.11
1646741;111.00;4713.00;28.50;83.25;14.02
1647188;110.00;4679.00;28.50;83.25;14.02
1647577;110.00;4672.00;28.50;83.25;14.11
1648015;110.00;4652.00;28.50;83.25;14.11
1648321;110.00;4642.00;28.50;83.25;14.02
1648708;110.00;4650.00;28.50;83.25;14.02
1649094;110.00;4645.00;28.50;83.25;14.11
1649533;108.00;4619.00;28.50;83.25;14.11
1649974;108.00;4603.00;28.50;83.25;14.02
1650279;108.00;4591.00;28.50;83.25;14.02
1650665;107.00;4569.00;28.50;83.25;14.02
1651103;107.00;4556.00;28.50;83.25;14.11
1651543;107.00;4567.00;28.50;83.25;13.92
1651983;107.00;4570.00;28.50;83.25;14.02
1652290;107.00;4564.00;28.50;83.25;14.11
1652679;107.00;4572.00;28.50;83.25;14.02
1653067;107.00;4567.00;28.50;83.25;14.11
1653373;107.00;4549.00;28.50;83.25;14.11
1653758;107.00;4547.00;28.50;83.25;14.11
1654170;107.00;4533.00;28.50;83.25;14.11
1654606;107.00;4532.00;28.50;83.25;13.92
1655046;107.00;4535.00;28.50;83.25;14.02
1655354;107.00;4543.00;28.50;83.25;14.02
1655738;107.00;4539.00;28.50;83.25;13.92
1656125;106.00;4519.00;28.50;83.25;14.11
1656568;106.00;4492.00;28.50;83.25;14.11
1657005;106.00;4516.00;28.50;83.25;14.11
1657310;106.00;4487.00;28.50;83.25;14.11
1657698;105.00;4477.00;28.50;83.25;13.92
1658140;105.00;4458.00;28.50;83.25;14.11
1658580;105.00;4454.00;28.50;83.25;14.11
1659015;105.00;4460.00;28.50;83.25;14.02
1659322;105.00;4458.00;28.50;83.25;14.11
1659711;105.00;4254.00;28.50;83.25;14.02
1660149;105.00;4443.00;28.50;83.25;14.11
1660589;105.00;4455.00;28.50;83.25;14.11
1661025;105.00;4443.00;28.50;83.25;14.11
1661329;105.00;4451.00;28.50;83.25;14.11
1661716;106.00;4498.00;28.50;83.25;14.11
1662104;106.00;4516.00;28.50;83.25;14.11
1662488;107.00;4520.00;28.50;83.25;14.11
1662879;107.00;4530.00;28.50;83.25;14.11
1663265;107.00;4557.00;28.50;83.25;14.11
1663652;107.00;4570.00;28.50;83.25;14.02
1664091;107.00;4560.00;28.50;83.25;14.02
1664475;107.00;4561.00;28.50;83.25;14.02
1664872;107.00;4571.00;28.50;83.25;14.02
1665255;107.00;4583.00;28.50;83.25;14.11
1665645;107.00;4595.00;28.50;83.25;14.11
1666030;108.00;4590.00;28.50;83.25;14.11
1666340;108.00;4605.00;28.50;83.25;14.02
1666728;108.00;4616.00;28.50;83.25;14.11
1667116;108.00;4642.00;28.50;83.25;14.11
1667502;110.00;4674.00;28.50;83.25;14.11
1667940;110.00;4667.00;28.50;83.25;14.02
1668379;110.00;4686.00;28.50;83.25;14.11
1668818;111.00;4688.00;28.50;83.25;14.11
1669257;110.00;4680.00;28.50;83.25;14.02
1669647;113.00;4797.00;28.50;83.25;14.02
1670038;113.00;4800.00;28.50;83.25;14.11
1670345;115.00;4836.00;28.50;83.25;14.02
1670787;115.00;4854.00;28.50;83.25;14.11
1671225;115.00;4845.00;28.50;83.25;14.11
1671610;115.00;4872.00;28.50;83.25;14.11
1671996;115.00;4877.00;28.50;83.25;14.11
1672386;116.00;4887.00;28.50;83.25;14.11
1672774;116.00;4901.00;28.50;83.25;14.11
1673160;116.00;4911.00;28.50;83.25;14.11
1673544;116.00;4904.00;28.50;83.25;14.11
1673929;116.00;4922.00;28.50;83.25;14.02
1674318;116.00;4901.00;28.50;83.25;14.11
1674757;115.00;4847.00;28.50;83.25;14.02
1675201;113.00;4811.00;28.50;83.25;14.11
1675594;113.00;4809.00;28.50;83.25;14.02
1675982;113.00;4800.00;28.50;83.25;14.02
1676418;113.00;4821.00;28.50;83.25;14.02
1676804;113.00;4785.00;28.50;83.25;14.11
1677191;113.00;4806.00;28.50;83.25;14.11
1677574;113.00;4794.00;28.50;83.25;14.11
1678011;113.00;4795.00;28.50;83.25;14.11
1678316;112.00;4781.00;28.50;83.25;14.11
1678705;112.00;4767.00;28.50;83.25;14.11
1679092;112.00;4762.00;28.50;83.25;14.11
1679396;112.00;4747.00;28.50;83.25;14.11
1679780;112.00;4776.00;28.50;83.25;14.11
1680217;112.00;4739.00;28.50;83.25;14.02
1680604;112.00;4757.00;28.50;83.25;14.11
1681006;112.00;4732.00;28.50;83.25;14.11
1681390;111.00;4722.00;28.50;83.25;14.11
1681830;111.00;4695.00;28.50;83.25;14.11
1682214;110.00;4667.00;28.50;83.25;14.02
1682605;110.00;4651.00;28.50;83.25;14.11
1682992;108.00;4609.00;28.50;83.25;14.11
1683431;107.00;4565.00;28.50;83.25;14.02
1683822;107.00;4537.00;28.50;83.25;14.11
1684211;106.00;4500.00;28.50;83.25;14.11
1684599;106.00;4473.00;28.50;83.25;14.11
1684992;106.00;4507.00;29.25;83.25;14.11
1685380;106.00;4485.00;29.25;83.25;14.11
1685764;105.00;4460.00;29.25;83.25;14.02
1686158;106.00;4487.00;29.25;83.25;14.11
1686551;106.00;4480.00;29.25;83.25;14.02
1686940;106.00;4474.00;29.25;83.25;14.11
1687330;106.00;4486.00;29.25;83.25;14.11
1687718;106.00;4467.00;29.25;83.25;14.11
1688154;105.00;4465.00;29.25;83.25;14.11
1688543;103.00;4414.00;29.25;83.25;14.11
1688932;103.00;4388.00;29.25;83.25;14.11
1689314;103.00;4368.00;29.25;83.25;14.11
1689699;103.00;4370.00;29.25;83.25;14.11
1690085;102.00;4364.00;29.25;83.25;14.11
1690394;102.00;4342.00;29.25;83.25;14.02
1690786;102.00;4329.00;29.25;83.25;14.02
1691222;101.00;4293.00;29.25;83.25;14.11
1691614;101.00;4297.00;29.25;83.25;14.11
1691998;101.00;4275.00;29.25;83.25;14.02
1692389;101.00;4285.00;29.25;83.25;14.11
1692780;101.00;4264.00;29.25;83.25;14.11
1693166;100.00;4240.00;29.25;83.25;14.11
1693560;100.00;4230.00;29.25;83.25;14.11
1693945;100.00;4250.00;29.25;83.25;14.11
1694330;100.00;4255.00;29.25;83.25;14.11
1694720;100.00;4221.00;29.25;83.25;14.11
1695106;100.00;4282.00;29.25;83.25;14.02
1695465;100.00;4257.00;29.25;83.25;14.11
1695854;100.00;4270.00;29.25;83.25;14.11
1696239;101.00;4254.00;29.25;83.25;14.11
1696626;100.00;4253.00;29.25;83.25;14.11
1697015;100.00;4253.00;29.25;83.25;14.11
1697399;100.00;4209.00;29.25;83.25;14.11
1697836;98.00;4184.00;29.25;83.25;14.11
1698225;97.00;4155.00;29.25;83.25;14.02
1698617;96.00;4102.00;29.25;83.25;14.11
1699009;96.00;4064.00;29.25;83.25;14.11
1699393;95.00;4031.00;29.25;83.25;14.02
1699786;95.00;4023.00;29.25;83.25;14.11
1700176;95.00;4006.00;29.25;83.25;14.11
1700561;93.00;3979.00;29.25;83.25;14.11
1700999;92.00;3952.00;29.25;83.25;14.11
1701440;91.00;3883.00;29.25;83.25;14.02
1701830;92.00;3917.00;29.25;83.25;14.02
1702216;92.00;3888.00;29.25;83.25;14.11
1702605;92.00;3898.00;29.25;83.25;14.11
1702989;91.00;3873.00;29.25;83.25;14.11
1703375;92.00;3897.00;29.25;83.25;14.02
1703767;91.00;3876.00;29.25;83.25;14.02
1704156;91.00;3911.00;29.25;83.25;14.11
1704544;91.00;3884.00;29.25;83.25;14.11
1704929;92.00;3908.00;29.25;83.25;14.11
1705324;93.00;3938.00;29.25;83.25;14.11
1705714;93.00;3956.00;29.25;83.25;14.11
1706101;93.00;3984.00;29.25;83.25;14.11
1706405;93.00;4022.00;29.25;83.25;14.11
1706790;95.00;4012.00;29.25;83.25;14.02
1707182;95.00;4014.00;29.25;83.25;14.11
1707622;95.00;4036.00;29.25;83.25;14.02
1708061;96.00;4052.00;29.25;83.25;14.11
1708372;96.00;4088.00;29.25;83.25;14.11
1708757;96.00;4090.00;29.25;83.25;14.11
1709143;97.00;4114.00;29.25;83.25;14.11
1709583;97.00;4150.00;29.25;83.25;14.11
1710024;97.00;4172.00;29.25;83.25;14.11
1710459;98.00;4158.00;29.25;83.25;14.11
1710853;97.00;4132.00;29.25;83.25;14.11
1711242;97.00;4139.00;29.25;83.25;14.02
1711629;97.00;4137.00;29.25;83.25;14.11
1712019;97.00;4108.00;29.25;83.25;14.11
1712405;96.00;4097.00;29.25;83.25;14.11
1712796;96.00;4102.00;29.25;83.25;14.02
1713234;96.00;4090.00;29.25;83.25;14.11
1713767;96.00;4048.00;29.25;83.25;14.02
1714155;96.00;4030.00;29.25;83.25;14.11
1714544;96.00;4060.00;29.25;83.25;14.11
1714935;95.00;4027.00;29.25;83.25;14.11
1715325;95.00;4035.00;29.25;83.25;14.11
1715762;95.00;4022.00;29.25;83.25;14.11
1716197;95.00;4076.00;29.25;83.25;14.11
1716633;95.00;4008.00;29.25;83.25;14.11
1717022;95.00;4012.00;29.25;83.25;14.02
1717410;95.00;4022.00;29.25;83.25;14.11
1717798;95.00;4035.00;29.25;83.25;14.11
1718184;95.00;4058.00;29.25;83.25;14.02
1718571;96.00;4072.00;29.25;83.25;14.02
1718961;96.00;4064.00;29.25;83.25;14.11
1719349;96.00;4090.00;29.25;83.25;14.11
1719737;96.00;4076.00;29.25;83.25;14.11
1720129;96.00;4100.00;29.25;83.25;14.02
1720487;97.00;4130.00;29.25;83.25;14.11
1720931;97.00;4122.00;29.25;83.25;14.11
1721368;97.00;4134.00;29.25;83.25;14.11
1721803;97.00;4143.00;29.25;83.25;14.02
1722190;97.00;4148.00;29.25;83.25;14.02
1722586;98.00;4146.00;29.25;83.25;14.02
1722976;98.00;4180.00;29.25;83.25;14.11
1723363;98.00;4148.00;29.25;83.25;14.02
1723752;98.00;4160.00;29.25;83.25;14.11
1724142;98.00;4154.00;29.25;83.25;14.11
1724448;97.00;4164.00;29.25;83.25;14.11
1724888;98.00;4161.00;29.25;83.25;14.11
1725278;98.00;4177.00;28.50;83.25;14.11
1725668;98.00;4168.00;28.50;83.25;14.11
1726053;98.00;4180.00;28.50;83.25;14.11
1726489;98.00;4186.00;28.50;83.25;14.11
1726925;98.00;4188.00;28.50;83.25;14.11
1727311;98.00;4187.00;28.50;83.25;14.02
1727702;98.00;4192.00;28.50;83.25;14.11
1728091;98.00;4207.00;28.50;83.25;14.11
1728448;100.00;4224.00;28.50;83.25;14.02
1728860;100.00;4234.00;28.50;83.25;14.02
1729245;100.00;4230.00;28.50;83.25;14.02
1729631;100.00;4253.00;28.50;83.25;14.11
1730070;100.00;4218.00;28.50;83.25;14.02
1730377;100.00;4213.00;28.50;83.25;14.02
1730762;98.00;4213.00;28.50;83.25;14.11
1731160;100.00;4204.00;28.50;83.25;14.02
1731476;98.00;4194.00;28.50;83.25;14.11
1731890;98.00;4180.00;28.50;83.25;14.02
1732281;98.00;4201.00;28.50;83.25;14.11
1732721;100.00;4271.00;28.50;83.25;14.11
1733164;102.00;4331.00;28.50;83.25;14.02
1733526;103.00;4426.00;28.50;83.25;14.11
1734021;106.00;4467.00;28.50;83.25;14.02
1734413;107.00;4518.00;28.50;83.25;14.11
1734855;107.00;4562.00;28.50;83.25;14.11
1735291;108.00;4630.00;28.50;83.25;14.11
1735730;110.00;4670.00;28.50;83.25;14.11
1736119;110.00;4696.00;28.50;83.25;14.11
1736423;111.00;4755.00;28.50;83.25;14.02
1736866;113.00;4806.00;28.50;83.25;13.92
1737308;115.00;4910.00;28.50;83.25;14.11
1737702;117.00;4965.00;28.50;83.25;14.02
1738096;118.00;4993.00;28.50;83.25;14.11
1738459;118.00;5027.00;28.50;83.25;14.11
1738894;118.00;5009.00;28.50;83.25;14.02
1739334;118.00;5022.00;28.50;83.25;14.11
1739721;118.00;5034.00;28.50;83.25;14.02
1740109;118.00;5006.00;28.50;83.25;14.02
1740415;117.00;4980.00;28.50;83.25;14.02
1740854;117.00;4957.00;28.50;83.25;13.92
1741248;116.00;4944.00;28.50;83.25;14.02
1741691;116.00;4878.00;28.50;83.25;13.92
1742079;115.00;4897.00;28.50;83.25;14.02
1742470;115.00;4887.00;28.50;83.25;14.11
1742860;113.00;4822.00;28.50;83.25;14.11
1743247;115.00;4846.00;28.50;83.25;14.02
1743638;115.00;4843.00;28.50;83.25;14.11
1744025;115.00;4841.00;28.50;83.25;13.92
1744414;113.00;4832.00;28.50;83.25;14.11
1744807;113.00;4818.00;28.50;83.25;14.02
1745245;113.00;4826.00;28.50;83.25;14.11
1745686;115.00;4857.00;28.50;83.25;14.02
1746128;115.00;4872.00;28.50;83.25;14.02
1746431;115.00;4846.00;28.50;83.25;14.11
1746818;115.00;4879.00;28.50;83.25;14.11
1747254;113.00;4836.00;28.50;83.25;14.02
1747647;115.00;4859.00;28.50;83.25;14.02
1748089;115.00;4848.00;28.50;83.25;14.11
1748527;115.00;4888.00;28.50;83.25;14.11
1748964;115.00;4906.00;28.50;83.25;14.11
1749355;115.00;4879.00;28.50;83.25;14.11
1749743;115.00;4874.00;28.50;83.25;14.11
1750129;113.00;4827.00;28.50;83.25;13.92
1750492;115.00;4873.00;28.50;83.25;14.11
1750934;113.00;4822.00;28.50;83.25;13.92
1751376;113.00;4818.00;28.50;83.25;14.11
1751762;113.00;4806.00;28.50;83.25;14.11
1752147;113.00;4809.00;28.50;83.25;14.11
1752452;115.00;4861.00;28.50;83.25;14.11
1752892;113.00;4807.00;28.50;83.25;14.11
1753332;113.00;4796.00;28.50;83.25;14.11
1753715;113.00;4834.00;28.50;83.25;14.02
1754104;113.00;4831.00;28.50;83.25;14.11
1754464;113.00;4797.00;28.50;83.25;14.11
1754901;113.00;4785.00;28.50;83.25;14.02
1755340;113.00;4836.00;28.50;83.25;14.11
1755727;112.00;4801.00;28.50;83.25;14.02
1756120;112.00;4769.00;28.50;83.25;14.11
1756429;113.00;4801.00;28.50;83.25;14.11
1756867;113.00;4811.00;28.50;83.25;14.11
1757304;112.00;4752.00;28.50;83.25;14.02
1757701;112.00;4788.00;28.50;83.25;14.02
1758137;112.00;4789.00;28.50;83.25;14.11
1758443;112.00;4796.00;28.50;83.25;14.11
1758828;113.00;4774.00;28.50;83.25;14.11
1759215;112.00;4767.00;28.50;83.25;14.02
1759656;112.00;4788.00;28.50;83.25;13.92
1760044;112.00;4779.00;28.50;83.25;14.02
1760436;113.00;4767.00;28.50;83.25;14.02
1760825;112.00;4800.00;28.50;83.25;14.11
1761217;113.00;4782.00;28.50;83.25;14.11
1761606;113.00;4818.00;28.50;83.25;14.11
1761991;113.00;4815.00;28.50;83.25;14.11
1762375;112.00;4797.00;28.50;83.25;14.11
1762769;113.00;4804.00;28.50;83.25;14.02
1763160;113.00;4809.00;28.50;83.25;14.02
1763466;113.00;4853.00;28.50;83.25;14.11
1763854;113.00;4786.00;27.75;83.25;14.11
1764294;113.00;4771.00;27.75;83.25;14.11
1764728;113.00;4795.00;27.75;83.25;13.92
1765167;113.00;4770.00;27.75;83.25;14.11
1765475;112.00;4742.00;27.75;83.25;14.11
1765864;111.00;4749.00;27.75;83.25;14.11
1766303;112.00;4795.00;27.75;83.25;14.11
1766691;112.00;4732.00;27.75;83.25;14.11
1767075;112.00;4723.00;27.75;83.25;14.02
1767463;111.00;4747.00;27.75;83.25;14.11
1767856;112.00;4761.00;27.75;83.25;14.11
1768246;113.00;4796.00;27.75;83.25;13.92
1768687;115.00;4909.00;27.75;83.25;14.11
1769079;116.00;4950.00;27.75;83.25;14.11
1769521;117.00;4946.00;27.75;83.25;14.11
1769911;117.00;4960.00;27.75;83.25;13.92
1770348;118.00;4999.00;27.75;83.25;14.11
1770794;120.00;5031.00;27.75;83.25;14.02
1771237;120.00;5087.00;27.75;83.25;14.02
1771625;118.00;5035.00;27.75;83.25;14.02
1772011;118.00;5027.00;27.75;83.25;13.92
1772451;117.00;4992.00;27.75;83.25;14.11
1772843;117.00;4950.00;27.75;83.25;14.02
1773232;116.00;4934.00;27.75;83.25;14.02
1773625;115.00;4904.00;27.75;83.25;14.11
1774039;115.00;4878.00;27.75;83.25;14.02
1774425;115.00;4854.00;27.75;83.25;14.02
1774813;113.00;4827.00;27.75;83.25;14.11
1775255;113.00;4803.00;27.75;83.25;14.11
1775646;113.00;4803.00;27.75;83.25;13.92
1776082;113.00;4817.00;27.75;83.25;14.11
1776468;113.00;4818.00;27.75;83.25;14.11
1776868;113.00;4831.00;27.75;83.25;14.11
1777305;113.00;4823.00;27.75;83.25;14.02
1777698;113.00;4816.00;27.75;83.25;13.92
1778136;115.00;4846.00;27.75;83.25;14.02
1778448;115.00;4859.00;27.75;83.25;14.11
1778837;115.00;4876.00;27.75;83.25;14.02
1779225;115.00;4889.00;27.75;83.25;14.11
1779532;115.00;4894.00;27.75;83.25;14.11
1779916;116.00;4904.00;27.75;83.25;14.11
1780312;116.00;4895.00;27.75;83.25;14.11
1780696;115.00;4905.00;27.75;83.25;14.11
1781135;115.00;4905.00;27.75;83.25;14.11
1781436;115.00;4810.00;27.75;83.25;13.92
1781827;115.00;4855.00;27.75;83.25;14.11
1782218;113.00;4855.00;27.75;83.25;14.11
1782576;113.00;4827.00;27.75;83.25;13.92
1782968;113.00;4779.00;27.75;83.25;14.11
1783407;112.00;4799.00;27.75;83.25;14.11
1783800;112.00;4752.00;27.75;83.25;14.11
1784184;112.00;4744.00;27.75;83.25;14.02
1784542;111.00;4736.00;27.75;83.25;14.11
1784986;111.00;4702.00;27.75;83.25;14.02
1785424;111.00;4705.00;27.75;83.25;14.11
1785869;111.00;4703.00;27.75;83.25;14.02
1786256;111.00;4707.00;27.75;83.25;14.11
1786644;111.00;4702.00;27.75;83.25;14.11
1787027;111.00;4738.00;27.75;83.25;14.02
1787417;111.00;4704.00;27.75;83.25;14.11
1787807;111.00;4692.00;27.75;83.25;14.11
1788197;111.00;4713.00;27.75;83.25;14.11
1788502;111.00;4716.00;27.75;83.25;14.11
1788887;111.00;4749.00;27.75;83.25;14.02
1789277;111.00;4744.00;27.75;83.25;14.11
1789717;112.00;4762.00;27.75;83.25;14.11
1790157;112.00;4767.00;27.75;83.25;14.11
1790460;112.00;4790.00;27.75;83.25;14.02
1790849;113.00;4783.00;27.75;83.25;14.11
1791291;113.00;4798.00;27.75;83.25;14.11
1791726;113.00;4784.00;27.75;83.25;14.11
1792123;112.00;4775.00;27.75;83.25;14.11
1792512;113.00;4755.00;27.75;83.25;14.11
1792907;112.00;4781.00;27.75;83.25;14.11
1793299;113.00;4793.00;27.75;83.25;14.11
1793738;113.00;4777.00;27.75;83.25;14.02
1794176;112.00;4782.00;27.75;83.25;14.11
1794487;112.00;4784.00;27.75;83.25;14.11
1794873;112.00;4793.00;27.75;83.25;14.02
1795261;112.00;4809.00;27.75;83.25;14.11
1795699;113.00;4803.00;27.75;83.25;14.02
1796142;113.00;4812.00;27.75;83.25;14.02
1796526;113.00;4826.00;27.75;83.25;14.11
1796912;113.00;4823.00;27.75;83.25;14.02
1797300;115.00;4833.00;27.75;83.25;14.11
1797694;113.00;4849.00;27.75;83.25;14.02
1798090;115.00;4856.00;27.75;83.25;14.02
1798478;115.00;4873.00;27.75;83.25;14.02
1798864;115.00;4870.00;27.75;83.25;14.21
1799253;116.00;4881.00;27.75;83.25;14.02
1799565;115.00;4902.00;27.75;83.25;14.11
1799957;115.00;4877.00;27.75;83.25;14.11
1800342;115.00;4895.00;27.75;83.25;14.02
1800731;116.00;4889.00;27.75;83.25;14.02
1801120;116.00;4917.00;27.75;83.25;14.02
1801554;115.00;4878.00;27.75;83.25;13.92
1801946;115.00;4859.00;27.75;83.25;14.11
1802386;115.00;4849.00;27.75;83.25;14.11
1802877;113.00;4844.00;27.75;83.25;14.11
1803366;113.00;4824.00;27.75;83.25;14.02
1803754;113.00;4806.00;27.75;83.25;14.11
1804144;113.00;4820.00;27.75;83.25;14.11
1804529;113.00;4836.00;27.75;83.25;14.11
1804966;115.00;4846.00;27.75;83.25;14.11
1805352;115.00;4850.00;27.75;83.25;14.11
1805738;115.00;4834.00;27.75;83.25;13.92
1806126;115.00;4820.00;27.75;83.25;14.11
1806517;113.00;4858.00;27.75;83.25;14.11
1806908;113.00;4821.00;27.75;83.25;14.02
1807299;113.00;4812.00;28.50;83.25;14.11
1807694;113.00;4834.00;28.50;83.25;14.11
1808083;113.00;4811.00;28.50;83.25;14.11
1808468;113.00;4821.00;28.50;83.25;14.11
1808854;113.00;4803.00;28.50;83.25;14.11
1809240;113.00;4792.00;28.50;83.25;14.11
1809600;112.00;4777.00;28.50;83.25;14.02
1810042;113.00;4775.00;28.50;83.25;14.02
1810481;113.00;4765.00;28.50;83.25;14.02
1810917;112.00;4778.00;28.50;83.25;14.02
1811305;112.00;4778.00;28.50;83.25;14.11
1811689;112.00;4785.00;28.50;83.25;14.02
1812134;113.00;4792.00;28.50;83.25;14.02
1812525;113.00;4803.00;28.50;83.25;14.02
1812916;113.00;4809.00;28.50;83.25;14.11
1813306;113.00;4831.00;28.50;83.25;14.11
1813694;113.00;4830.00;28.50;83.25;14.02
1814134;113.00;4864.00;28.50;83.25;14.11
1814572;115.00;4838.00;28.50;83.25;14.02
1814964;115.00;4873.00;28.50;83.25;14.11
1815351;115.00;4858.00;28.50;83.25;14.11
1815740;115.00;4858.00;28.50;83.25;14.02
1816126;115.00;4876.00;28.50;83.25;14.11
1816516;115.00;4877.00;28.50;83.25;14.11
1816951;115.00;4880.00;28.50;83.25;14.02
1817336;115.00;4874.00;28.50;83.25;14.11
1817725;115.00;4884.00;28.50;83.25;14.11
1818110;115.00;4877.00;28.50;83.25;14.11
1818547;115.00;4866.00;28.50;82.50;14.11
1818934;115.00;4872.00;28.50;82.50;14.11
1819318;115.00;4861.00;28.50;82.50;14.11
1819702;115.00;4833.00;28.50;82.50;14.02
1820091;113.00;4842.00;28.50;82.50;14.11
1820493;115.00;4844.00;28.50;82.50;14.11
1820881;113.00;4855.00;28.50;82.50;14.02
1821323;113.00;4835.00;28.50;82.50;14.11
1821713;115.00;4837.00;28.50;82.50;14.02
1822106;113.00;4841.00;28.50;82.50;14.11
1822549;113.00;4821.00;28.50;82.50;14.11
1822984;113.00;4790.00;28.50;82.50;14.02
1823424;112.00;4784.00;28.50;82.50;14.02
1823863;112.00;4773.00;28.50;82.50;14.02
1824298;112.00;4797.00;28.50;82.50;14.02
1824698;112.00;4773.00;28.50;82.50;14.02
1825081;112.00;4733.00;28.50;82.50;14.11
1825481;111.00;4723.00;28.50;82.50;14.11
1825868;111.00;4740.00;28.50;82.50;14.02
1826261;111.00;4736.00;28.50;82.50;14.11
1826569;112.00;4744.00;28.50;82.50;14.11
1827007;112.00;4748.00;28.50;82.50;14.02
1827446;112.00;4734.00;28.50;82.50;14.11
1827885;112.00;4748.00;28.50;82.50;14.11
1828268;112.00;4749.00;28.50;82.50;14.11
1828624;112.00;4730.00;28.50;82.50;14.02
1829013;112.00;4712.00;28.50;82.50;14.11
1829402;111.00;4722.00;28.50;82.50;14.11
1829791;111.00;4695.00;28.50;82.50;14.02
1830179;111.00;4691.00;28.50;82.50;14.11
1830566;111.00;4684.00;28.50;82.50;14.11
1831000;111.00;4688.00;28.50;82.50;14.02
1831389;111.00;4715.00;28.50;82.50;14.11
1831778;111.00;4740.00;28.50;82.50;14.02
1832169;111.00;4739.00;28.50;82.50;13.92
1832557;112.00;4733.00;28.50;82.50;14.11
1832950;112.00;4743.00;28.50;82.50;14.11
1833334;112.00;4752.00;28.50;82.50;14.11
1833770;112.00;4760.00;28.50;82.50;14.11
1834154;112.00;4764.00;28.50;82.50;14.02
1834542;112.00;4761.00;28.50;82.50;14.11
1834932;112.00;4783.00;28.50;82.50;14.11
1835318;113.00;4798.00;28.50;82.50;14.11
1835705;113.00;4803.00;28.50;82.50;14.11
1836140;115.00;4832.00;28.50;82.50;14.02
1836531;113.00;4847.00;28.50;82.50;14.02
1836918;113.00;4808.00;28.50;82.50;14.02
1837304;115.00;4846.00;28.50;82.50;14.11
1837746;113.00;4851.00;28.50;82.50;14.11
1838186;115.00;4847.00;28.50;82.50;14.11
1838572;115.00;4832.00;28.50;82.50;14.11
1838956;113.00;4854.00;28.50;82.50;14.11
1839344;115.00;4849.00;28.50;82.50;14.11
1839782;115.00;4851.00;28.50;82.50;14.02
1840222;115.00;4859.00;28.50;82.50;14.02
1840536;115.00;4854.00;28.50;82.50;14.11
1840923;115.00;4842.00;28.50;82.50;14.02
1841311;115.00;4847.00;28.50;82.50;14.02
1841616;113.00;4858.00;28.50;82.50;14.11
1842008;115.00;4849.00;28.50;82.50;14.02
1842403;115.00;4845.00;28.50;82.50;14.11
1842842;113.00;4820.00;28.50;82.50;14.02
1843232;113.00;4828.00;28.50;82.50;14.02
1843535;115.00;4826.00;28.50;82.50;14.11
1843978;113.00;4864.00;28.50;83.25;14.11
1844371;115.00;4865.00;28.50;83.25;14.11
1844762;115.00;4848.00;28.50;83.25;14.11
1845147;115.00;4880.00;28.50;83.25;14.11
1845595;115.00;4870.00;28.50;83.25;14.11
1845982;115.00;4895.00;28.50;83.25;14.11
1846368;116.00;4922.00;28.50;83.25;14.02
1846759;116.00;4935.00;28.50;83.25;14.02
1847142;116.00;4916.00;28.50;83.25;14.02
1847529;116.00;4923.00;28.50;83.25;14.11
1847967;116.00;4951.00;28.50;83.25;14.11
1848407;116.00;4917.00;28.50;83.25;14.11
1848842;117.00;4965.00;28.50;82.50;14.11
1849235;117.00;4952.00;28.50;82.50;14.11
1849539;117.00;4969.00;28.50;82.50;14.11
1849925;117.00;5006.00;28.50;82.50;14.11
1850361;118.00;5017.00;28.50;82.50;14.11
1850750;118.00;5030.00;28.50;82.50;14.11
1851134;118.00;5051.00;28.50;82.50;14.11
1851521;118.00;5039.00;28.50;82.50;14.02
1851908;120.00;5090.00;28.50;82.50;14.11
1852350;121.00;5137.00;28.50;82.50;14.11
1852738;122.00;5172.00;28.50;82.50;14.02
1853133;122.00;5205.00;28.50;82.50;14.11
1853520;123.00;5198.00;28.50;82.50;14.11
1853913;123.00;5207.00;28.50;82.50;14.11
1854297;123.00;5236.00;28.50;82.50;14.11
1854654;123.00;5203.00;28.50;82.50;14.02
1855040;122.00;5172.00;28.50;82.50;14.11
1855431;122.00;5172.00;28.50;82.50;14.11
1855812;123.00;5154.00;28.50;82.50;14.02
1856254;123.00;5216.00;28.50;82.50;14.02
1856562;123.00;5196.00;28.50;82.50;14.02
1856946;123.00;5241.00;28.50;82.50;14.02
1857332;123.00;5267.00;28.50;83.25;14.02
1857770;123.00;5238.00;28.50;83.25;14.11
1858208;123.00;5270.00;28.50;83.25;14.11
1858562;125.00;5292.00;28.50;83.25;14.11
1858951;125.00;5293.00;28.50;83.25;14.11
1859335;125.00;5301.00;28.50;83.25;14.11
1859719;126.00;5323.00;28.50;83.25;14.11
1860108;126.00;5332.00;28.50;83.25;14.11
1860494;126.00;5351.00;28.50;83.25;14.11
1860931;127.00;5383.00;28.50;83.25;14.11
1861368;127.00;5394.00;28.50;83.25;14.11
1861751;127.00;5416.00;28.50;83.25;14.11
1862137;128.00;5433.00;28.50;83.25;13.92
1862527;128.00;5401.00;28.50;83.25;14.11
1862914;128.00;5425.00;28.50;83.25;14.11
1863298;127.00;5440.00;28.50;83.25;14.11
1863606;128.00;5420.00;28.50;83.25;14.11
1863994;128.00;5465.00;28.50;83.25;14.11
1864428;127.00;5409.00;28.50;83.25;14.11
1864817;127.00;5385.00;28.50;83.25;14.02
1865206;127.00;5384.00;28.50;83.25;14.02
1865593;127.00;5368.00;28.50;83.25;14.11
1866032;126.00;5355.00;28.50;83.25;14.02
1866474;126.00;5359.00;28.50;83.25;14.11
1866916;126.00;5328.00;28.50;83.25;14.11
1867300;126.00;5324.00;28.50;83.25;14.11
1867605;125.00;5333.00;28.50;83.25;14.02
1868048;125.00;5308.00;28.50;83.25;14.11
1868438;125.00;5276.00;28.50;83.25;14.02
1868877;125.00;5279.00;28.50;83.25;14.02
1869263;123.00;5240.00;28.50;83.25;14.11
1869575;123.00;5237.00;28.50;83.25;14.02
1869963;123.00;5237.00;28.50;83.25;14.02
1870345;123.00;5249.00;28.50;83.25;14.11
1870736;123.00;5229.00;28.50;83.25;14.02
1871125;123.00;5228.00;28.50;83.25;14.02
1871512;123.00;5224.00;28.50;83.25;14.02
1871911;123.00;5212.00;28.50;83.25;14.02
1872295;123.00;5204.00;28.50;83.25;14.11
1872655;122.00;5192.00;28.50;83.25;14.02
1873100;122.00;5169.00;28.50;83.25;14.02
1873486;122.00;5175.00;28.50;83.25;14.11
1873925;122.00;5149.00;28.50;83.25;14.11
1874467;121.00;5139.00;28.50;83.25;14.11
1874909;121.00;5137.00;28.50;83.25;14.02
1875297;121.00;5128.00;28.50;83.25;14.11
1875604;121.00;5123.00;28.50;83.25;14.02
1875994;121.00;5101.00;28.50;83.25;14.02
1876380;120.00;5097.00;27.75;83.25;14.11
1876829;120.00;5094.00;27.75;83.25;14.11
1877215;120.00;5074.00;27.75;83.25;14.21
1877656;120.00;5077.00;27.75;83.25;14.11
1878094;120.00;5072.00;27.75;83.25;13.92
1878537;120.00;5054.00;27.75;83.25;14.02
1878977;118.00;5047.00;27.75;83.25;14.02
1879415;118.00;5044.00;27.75;83.25;14.02
1879852;118.00;5028.00;27.75;83.25;14.02
1880235;118.00;5028.00;27.75;83.25;14.11
1880621;118.00;5009.00;27.75;83.25;14.11
1881058;118.00;5015.00;27.75;83.25;14.02
1881445;117.00;5030.00;27.75;83.25;14.02
1881834;117.00;5000.00;27.75;83.25;14.02
1882218;117.00;4962.00;27.75;83.25;14.11
1882608;116.00;4954.00;27.75;83.25;14.02
1883052;116.00;4931.00;27.75;83.25;14.11
1883441;116.00;4909.00;27.75;83.25;14.02
1883880;115.00;4895.00;27.75;83.25;14.02
1884319;115.00;4886.00;27.75;83.25;14.11
1884627;115.00;4863.00;27.75;83.25;14.02
1885016;115.00;4888.00;27.75;83.25;14.11
1885406;115.00;4878.00;27.75;83.25;14.11
1885839;115.00;4861.00;27.75;83.25;14.02
1886278;115.00;4863.00;27.75;83.25;14.11
1886584;115.00;4896.00;27.75;83.25;14.02
1886974;115.00;4869.00;27.75;83.25;14.11
1887416;115.00;4884.00;27.75;83.25;14.11
1887801;115.00;4892.00;27.75;83.25;14.02
1888243;115.00;4887.00;27.75;83.25;14.02
1888679;115.00;4856.00;27.75;83.25;14.11
1889069;115.00;4840.00;27.75;83.25;14.11
1889454;115.00;4829.00;27.75;83.25;14.11
1889840;113.00;4804.00;27.75;83.25;14.02
1890235;113.00;4772.00;27.75;83.25;14.02
1890622;113.00;4807.00;27.75;83.25;14.11
1891062;113.00;4769.00;27.75;83.25;14.11
1891495;112.00;4818.00;27.75;83.25;14.11
1891884;112.00;4816.00;27.75;83.25;14.02
1892273;113.00;4782.00;27.75;83.25;14.11
1892667;111.00;4749.00;27.75;83.25;14.02
1893058;111.00;4739.00;27.75;83.25;14.11
1893449;111.00;4713.00;27.75;83.25;14.11
1893834;111.00;4701.00;27.75;83.25;14.11
1894220;111.00;4697.00;27.75;83.25;14.11
1894658;110.00;4682.00;27.75;83.25;14.02
1895052;110.00;4702.00;27.75;83.25;14.11
1895439;111.00;4697.00;27.75;83.25;14.11
1895829;111.00;4713.00;27.75;83.25;14.11
1896212;111.00;4701.00;27.75;83.25;14.11
1896650;111.00;4703.00;27.75;83.25;14.11
1897035;111.00;4715.00;27.75;83.25;14.11
1897419;111.00;4716.00;27.75;83.25;14.02
1897807;111.00;4719.00;27.75;83.25;14.11
1898256;111.00;4715.00;27.75;83.25;13.92
1898644;111.00;4714.00;27.75;83.25;14.11
1899034;111.00;4716.00;27.75;83.25;14.11
1899420;111.00;4703.00;27.75;83.25;14.02
1899861;110.00;4668.00;27.75;83.25;14.11
1900253;110.00;4677.00;27.75;83.25;14.11
1900690;110.00;4679.00;27.75;83.25;14.02
1901079;110.00;4677.00;27.75;83.25;14.02
1901464;110.00;4660.00;27.75;83.25;14.11
1901853;110.00;4640.00;27.75;83.25;14.02
1902243;108.00;4642.00;27.75;83.25;14.02
1902682;108.00;4613.00;27.75;83.25;14.11
1903069;108.00;4605.00;27.75;83.25;14.11
1903504;108.00;4588.00;27.75;83.25;14.11
1903890;108.00;4577.00;27.75;83.25;14.11
1904274;108.00;4572.00;27.75;83.25;14.11
1904658;108.00;4572.00;27.75;83.25;14.11
1905043;107.00;4572.00;27.75;83.25;14.11
1905430;107.00;4560.00;27.75;83.25;14.02
1905833;107.00;4561.00;27.75;83.25;14.11
1906221;107.00;4546.00;27.75;83.25;14.11
1906604;106.00;4526.00;27.75;83.25;14.11
1907045;106.00;4507.00;27.75;83.25;14.11
1907481;106.00;4500.00;27.75;83.25;14.11
1907866;105.00;4482.00;27.75;83.25;14.11
1908255;105.00;4477.00;27.75;83.25;14.02
1908644;105.00;4478.00;27.75;83.25;14.02
1909032;106.00;4506.00;27.75;83.25;14.11
1909427;105.00;4471.00;27.75;83.25;14.11
1909817;103.00;4413.00;28.50;83.25;14.11
1910212;103.00;4431.00;28.50;83.25;14.02
1910599;105.00;4429.00;28.50;83.25;14.11
1911041;105.00;4476.00;28.50;83.25;14.11
1911476;105.00;4483.00;28.50;83.25;14.11
1911912;106.00;4484.00;28.50;83.25;14.11
1912311;106.00;4501.00;28.50;83.25;14.11
1912665;106.00;4521.00;28.50;83.25;14.11
1913051;106.00;4507.00;28.50;83.25;14.02
1913490;107.00;4505.00;28.50;83.25;14.02
1913932;107.00;4527.00;28.50;83.25;14.02
1914371;106.00;4528.00;28.50;83.25;14.11
1914684;106.00;4531.00;28.50;83.25;14.11
1915070;106.00;4523.00;28.50;83.25;14.11
1915456;106.00;4538.00;28.50;83.25;14.11
1915844;106.00;4502.00;28.50;83.25;14.11
1916280;106.00;4485.00;28.50;83.25;14.11
1916665;106.00;4486.00;28.50;83.25;14.02
1917054;106.00;4487.00;28.50;83.25;14.11
1917445;107.00;4524.00;28.50;83.25;14.11
1917835;107.00;4514.00;28.50;83.25;14.11
1918221;107.00;4536.00;28.50;83.25;14.11
1918656;107.00;4559.00;28.50;83.25;14.11
1919040;107.00;4584.00;28.50;83.25;14.11
1919426;107.00;4563.00;28.50;83.25;14.11
1919812;107.00;4578.00;28.50;83.25;14.11
1920262;108.00;4602.00;28.50;83.25;14.11
1920651;107.00;4558.00;28.50;83.25;14.11
1921090;107.00;4573.00;28.50;83.25;14.11
1921527;107.00;4566.00;28.50;83.25;14.02
1921964;107.00;4566.00;28.50;83.25;14.02
1922345;107.00;4548.00;28.50;83.25;14.02
1922701;107.00;4529.00;28.50;83.25;14.11
1923196;106.00;4506.00;28.50;83.25;14.11
1923584;106.00;4513.00;28.50;83.25;14.02
1923973;106.00;4510.00;28.50;83.25;14.02
1924357;106.00;4507.00;28.50;83.25;14.11
1924716;106.00;4498.00;28.50;83.25;14.11
1925152;106.00;4494.00;28.50;83.25;14.11
1925588;106.00;4482.00;28.50;83.25;14.11
1925975;106.00;4500.00;28.50;83.25;14.02
1926380;106.00;4495.00;28.50;83.25;14.11
1926687;106.00;4504.00;28.50;83.25;14.11
1927072;107.00;4534.00;28.50;83.25;14.11
1927510;107.00;4539.00;28.50;83.25;14.11
1927895;107.00;4541.00;28.50;83.25;14.11
1928281;107.00;4540.00;28.50;83.25;14.02
1928673;107.00;4520.00;28.50;83.25;14.11
1929061;107.00;4533.00;28.50;83.25;14.02
1929500;107.00;4567.00;28.50;83.25;14.02
1929884;107.00;4547.00;28.50;83.25;14.11
1930324;107.00;4566.00;28.50;83.25;14.02
1930682;108.00;4571.00;28.50;83.25;14.02
1931071;108.00;4563.00;28.50;83.25;14.11
1931462;108.00;4596.00;28.50;83.25;14.11
1931849;107.00;4583.00;28.50;83.25;14.02
1932240;108.00;4602.00;28.50;83.25;14.02
1932628;110.00;4630.00;28.50;83.25;14.11
1933020;110.00;4643.00;28.50;83.25;14.02
1933415;110.00;4658.00;28.50;83.25;14.02
1933720;111.00;4665.00;28.50;83.25;14.11
1934111;111.00;4682.00;28.50;83.25;13.92
1934501;111.00;4707.00;28.50;83.25;14.11
1934940;111.00;4729.00;28.50;83.25;14.11
1935375;111.00;4724.00;28.50;83.25;14.11
1935679;111.00;4717.00;28.50;83.25;14.11
1936064;111.00;4738.00;28.50;83.25;14.11
1936450;111.00;4731.00;28.50;83.25;14.02
1936837;112.00;4742.00;28.50;83.25;14.11
1937227;112.00;4737.00;28.50;83.25;14.11
1937611;112.00;4764.00;28.50;83.25;14.11
1938048;112.00;4772.00;28.50;83.25;14.11
1938485;112.00;4785.00;28.50;83.25;14.02
1938872;113.00;4804.00;28.50;83.25;14.11
1939263;113.00;4798.00;28.50;83.25;14.02
1939651;113.00;4830.00;28.50;83.25;14.11
1940039;113.00;4802.00;28.50;83.25;14.11
1940474;113.00;4831.00;28.50;83.25;14.11
1940857;113.00;4823.00;28.50;83.25;14.11
1941242;113.00;4842.00;28.50;83.25;13.92
1941680;115.00;4851.00;28.50;83.25;14.11
1942123;115.00;4839.00;28.50;83.25;14.02
1942562;113.00;4801.00;28.50;83.25;14.11
1943004;112.00;4632.00;28.50;83.25;14.11
1943452;110.00;4665.00;28.50;83.25;14.11
1943891;108.00;4567.00;28.50;83.25;14.11
1944282;106.00;4495.00;28.50;83.25;14.11
1944673;105.00;4429.00;28.50;83.25;14.11
1945112;105.00;4429.00;28.50;83.25;14.11
1945493;103.00;4419.00;28.50;83.25;14.11
1945882;103.00;4389.00;28.50;83.25;13.92
1946269;103.00;4382.00;28.50;83.25;14.11
1946659;103.00;4385.00;28.50;83.25;14.11
1947044;103.00;4392.00;28.50;83.25;13.92
1947482;103.00;4393.00;28.50;83.25;14.11
1947871;103.00;4404.00;28.50;83.25;14.11
1948257;105.00;4418.00;28.50;83.25;14.02
1948649;105.00;4418.00;28.50;83.25;14.02
1949032;105.00;4438.00;28.50;83.25;14.02
1949467;105.00;4455.00;28.50;83.25;14.11
1949856;105.00;4480.00;28.50;83.25;14.11
1950242;106.00;4505.00;28.50;83.25;14.11
1950632;107.00;4572.00;28.50;83.25;14.11
1951021;108.00;4614.00;28.50;83.25;13.92
1951464;110.00;4647.00;28.50;83.25;14.02
1951907;111.00;4701.00;28.50;83.25;14.02
1952297;111.00;4709.00;28.50;83.25;13.92
1952734;111.00;4736.00;28.50;83.25;14.11
1953173;111.00;4757.00;28.50;83.25;14.02
1953613;111.00;4739.00;28.50;83.25;14.02
1954050;112.00;4754.00;28.50;83.25;14.11
1954441;112.00;4742.00;28.50;83.25;14.02
1954791;112.00;4743.00;28.50;83.25;14.11
1955178;112.00;4739.00;28.50;83.25;14.02
1955567;112.00;4753.00;28.50;83.25;14.11
1955959;112.00;4770.00;28.50;83.25;14.11
1956344;112.00;4786.00;28.50;83.25;14.11
1956732;113.00;4800.00;28.50;83.25;14.11
1957121;113.00;4810.00;28.50;83.25;14.11
1957505;113.00;4824.00;28.50;83.25;14.11
1957890;113.00;4815.00;28.50;83.25;14.02
1958279;113.00;4844.00;28.50;83.25;14.11
1958669;113.00;4820.00;28.50;83.25;14.11
1959106;113.00;4821.00;28.50;83.25;14.11
1959544;113.00;4837.00;28.50;83.25;14.11
1959928;113.00;4835.00;28.50;83.25;14.02
1960318;113.00;4836.00;28.50;83.25;14.02
1960701;113.00;4814.00;28.50;83.25;14.02
1961087;113.00;4823.00;28.50;83.25;14.11
1961525;113.00;4820.00;28.50;83.25;14.11
1961910;113.00;4798.00;28.50;83.25;14.02
1962296;113.00;4802.00;28.50;83.25;14.11
1962736;113.00;4818.00;28.50;83.25;14.11
1963172;112.00;4804.00;28.50;83.25;14.11
1963558;112.00;4776.00;28.50;83.25;13.92
1963945;112.00;4762.00;28.50;83.25;14.11
1964333;112.00;4767.00;28.50;83.25;14.02
1964724;112.00;4760.00;28.50;83.25;14.11
1965115;112.00;4737.00;28.50;83.25;14.11
1965557;112.00;4746.00;28.50;83.25;14.11
1965997;111.00;4733.00;28.50;83.25;14.02
1966440;111.00;4728.00;28.50;83.25;14.02
1966746;111.00;4722.00;28.50;83.25;13.92
1967132;111.00;4714.00;28.50;83.25;14.11
1967525;111.00;4701.00;28.50;83.25;14.11
1967909;111.00;4702.00;28.50;83.25;13.92
1968348;111.00;4722.00;28.50;83.25;14.11
1968802;111.00;4734.00;28.50;83.25;14.02
1969191;111.00;4742.00;28.50;83.25;14.11
1969587;112.00;4742.00;28.50;83.25;14.11
1969973;112.00;4752.00;28.50;83.25;14.11
1970360;111.00;4756.00;28.50;83.25;14.02
1970804;112.00;4758.00;28.50;83.25;14.11
1971196;112.00;4788.00;28.50;83.25;14.11
1971638;112.00;4773.00;28.50;83.25;14.02
1972025;112.00;4766.00;28.50;83.25;14.11
1972415;112.00;4780.00;28.50;83.25;14.11
1972721;112.00;4790.00;28.50;83.25;14.11
1973107;112.00;4779.00;28.50;83.25;14.11
1973544;112.00;4769.00;28.50;83.25;14.11
1973930;112.00;4764.00;28.50;83.25;14.11
1974314;112.00;4791.00;28.50;83.25;14.02
1974702;112.00;4778.00;28.50;83.25;14.11
1975141;113.00;4778.00;28.50;83.25;14.02
1975580;113.00;4781.00;28.50;83.25;14.11
1976019;112.00;4784.00;28.50;83.25;14.11
1976462;112.00;4759.00;28.50;83.25;14.11
1976766;112.00;4770.00;28.50;83.25;14.11
1977153;112.00;4778.00;28.50;83.25;14.11
1977588;112.00;4744.00;28.50;83.25;14.11
1977972;112.00;4759.00;28.50;83.25;14.11
1978358;112.00;4771.00;28.50;83.25;14.11
1978746;113.00;4811.00;28.50;83.25;14.21
1979189;113.00;4799.00;28.50;83.25;14.02
1979579;113.00;4793.00;28.50;83.25;14.11
1979966;113.00;4791.00;28.50;83.25;14.21
1980354;113.00;4829.00;28.50;83.25;14.11
1980744;113.00;4835.00;28.50;83.25;14.11
1981127;113.00;4822.00;28.50;83.25;14.11
1981563;113.00;4839.00;28.50;83.25;14.11
1981998;113.00;4809.00;28.50;83.25;14.11
1982383;113.00;4811.00;28.50;83.25;14.02
1982772;113.00;4818.00;28.50;83.25;14.02
1983156;113.00;4798.00;28.50;83.25;14.11
1983598;112.00;4794.00;28.50;83.25;14.11
1984037;112.00;4777.00;28.50;83.25;14.11
1984474;112.00;4769.00;28.50;83.25;14.11
1984779;112.00;4744.00;28.50;83.25;14.11
1985165;112.00;4780.00;28.50;83.25;14.11
1985600;112.00;4789.00;28.50;83.25;14.11
1985986;113.00;4796.00;28.50;83.25;14.02
1986377;113.00;4779.00;28.50;83.25;14.02
1986762;113.00;4799.00;28.50;83.25;14.02
1987146;112.00;4794.00;28.50;83.25;14.11
1987537;112.00;4792.00;28.50;83.25;14.21
1987925;112.00;4759.00;28.50;83.25;14.11
1988314;112.00;4766.00;28.50;83.25;14.11
1988700;112.00;4794.00;28.50;83.25;14.11
1989136;112.00;4757.00;28.50;83.25;14.11
1989571;112.00;4721.00;28.50;83.25;14.11
1989956;112.00;4737.00;28.50;83.25;14.11
1990342;112.00;4756.00;28.50;83.25;14.11
1990777;111.00;4743.00;28.50;83.25;14.02
1991219;111.00;4740.00;28.50;83.25;14.11
1991607;111.00;4754.00;28.50;83.25;14.11
1991993;112.00;4694.00;28.50;83.25;14.11
1992382;111.00;4729.00;28.50;83.25;14.02
1992774;111.00;4757.00;28.50;83.25;14.11
1993164;111.00;4740.00;28.50;82.50;14.11
1993554;112.00;4737.00;28.50;82.50;14.11
1993993;112.00;4750.00;28.50;82.50;14.02
1994431;112.00;4763.00;28.50;82.50;14.11
1994741;112.00;4759.00;28.50;82.50;14.11
1995123;112.00;4792.00;28.50;83.25;14.11
1995513;112.00;4783.00;28.50;83.25;14.11
1995949;112.00;4775.00;28.50;83.25;14.11
1996384;113.00;4785.00;28.50;83.25;14.11
1996774;113.00;4782.00;28.50;83.25;14.11
1997160;113.00;4815.00;28.50;83.25;14.11
1997546;113.00;4805.00;28.50;83.25;14.02
1997933;115.00;4874.00;28.50;83.25;14.11
1998324;115.00;4872.00;28.50;83.25;14.11
1998708;115.00;4844.00;28.50;83.25;14.11
1999144;113.00;4823.00;28.50;83.25;14.02
1999587;113.00;4832.00;28.50;83.25;14.11
1999978;113.00;4825.00;28.50;83.25;14.11
2000363;113.00;4825.00;28.50;83.25;14.11
2000745;113.00;4835.00;28.50;83.25;14.11
2001135;113.00;4819.00;28.50;83.25;14.02
2001522;113.00;4806.00;28.50;83.25;14.11
2001961;113.00;4806.00;28.50;83.25;14.11
2002393;113.00;4801.00;28.50;83.25;14.11
2002777;113.00;4789.00;28.50;83.25;14.11
2003163;113.00;4797.00;28.50;83.25;14.11
2003598;113.00;4781.00;28.50;83.25;14.11
2003982;112.00;4786.00;28.50;83.25;14.02
2004377;112.00;4783.00;28.50;83.25;14.11
2004765;113.00;4784.00;28.50;83.25;14.02
2005157;112.00;4789.00;28.50;83.25;14.11
2005550;112.00;4771.00;28.50;83.25;14.11
2005934;112.00;4768.00;28.50;83.25;14.11
2006322;112.00;4779.00;28.50;83.25;14.11
2006757;112.00;4768.00;28.50;83.25;14.11
2007192;112.00;4760.00;28.50;83.25;14.11
2007578;112.00;4761.00;28.50;83.25;14.11
2007964;112.00;4751.00;28.50;83.25;14.11
2008398;112.00;4748.00;28.50;83.25;14.11
2008784;112.00;4754.00;28.50;83.25;14.11
2009169;112.00;4765.00;28.50;83.25;14.11
2009605;112.00;4792.00;28.50;83.25;14.11
2010041;113.00;4808.00;28.50;83.25;14.11
2010429;112.00;4772.00;28.50;83.25;14.11
2010740;112.00;4678.00;28.50;83.25;14.11
2011127;112.00;4725.00;28.50;83.25;14.11
2011563;113.00;4790.00;28.50;83.25;14.11
2012004;113.00;4789.00;28.50;83.25;14.11
2012489;113.00;4781.00;28.50;83.25;14.02
2012798;112.00;4790.00;28.50;83.25;14.11
2013190;112.00;4781.00;28.50;83.25;14.11
2013625;112.00;4771.00;28.50;83.25;14.11
2014062;112.00;4754.00;28.50;83.25;14.02
2014449;112.00;4767.00;28.50;83.25;14.11
2014846;112.00;4742.00;28.50;83.25;14.11
2015230;112.00;4735.00;28.50;83.25;14.11
2015613;111.00;4710.00;28.50;83.25;14.21
2016007;111.00;4720.00;28.50;83.25;14.02
2016446;111.00;4721.00;28.50;83.25;14.11
2016767;111.00;4739.00;28.50;83.25;14.02
2017205;111.00;4727.00;28.50;83.25;14.11
2017645;111.00;4732.00;28.50;83.25;14.11
2018081;111.00;4716.00;28.50;83.25;14.11
2018467;111.00;4716.00;28.50;83.25;14.11
2018819;111.00;4713.00;28.50;83.25;14.11
2019205;111.00;4711.00;28.50;83.25;14.11
2019589;111.00;4693.00;28.50;83.25;14.11
2019975;111.00;4695.00;28.50;83.25;14.02
2020365;110.00;4682.00;28.50;83.25;14.11
2020807;110.00;4670.00;28.50;83.25;14.11
2021248;110.00;4654.00;28.50;83.25;14.11
2021632;110.00;4648.00;28.50;83.25;14.02
2022020;110.00;4632.00;28.50;83.25;14.11
2022408;110.00;4634.00;28.50;83.25;14.11
2022843;110.00;4640.00;28.50;83.25;14.11
2023230;110.00;4639.00;28.50;83.25;14.11
2023615;110.00;4637.00;28.50;83.25;14.11
2023999;110.00;4647.00;28.50;83.25;14.11
2024436;110.00;4664.00;28.50;83.25;14.11
2024873;110.00;4671.00;28.50;83.25;14.11
2025258;110.00;4672.00;28.50;83.25;14.02
2025648;110.00;4691.00;28.50;83.25;14.11
2026035;111.00;4683.00;28.50;83.25;14.11
2026476;110.00;4696.00;28.50;83.25;14.02
2026787;111.00;4702.00;28.50;83.25;14.11
2027179;111.00;4687.00;28.50;83.25;14.02
2027567;111.00;4713.00;28.50;83.25;14.11
2027958;111.00;4757.00;28.50;83.25;14.11
2028341;111.00;4744.00;28.50;83.25;14.11
2028733;112.00;4734.00;28.50;83.25;14.11
2029125;111.00;4744.00;28.50;83.25;14.11
2029565;112.00;4758.00;28.50;83.25;14.11
2030009;112.00;4769.00;28.50;83.25;14.02
2030446;112.00;4767.00;28.50;83.25;14.11
2030836;112.00;4763.00;28.50;83.25;14.02
2031229;112.00;4778.00;28.50;83.25;14.11
2031671;112.00;4790.00;28.50;83.25;14.11
2032107;113.00;4792.00;28.50;83.25;14.02
2032497;113.00;4806.00;28.50;83.25;14.02
2032800;113.00;4812.00;28.50;83.25;14.11
2033188;113.00;4827.00;28.50;83.25;14.21
2033575;113.00;4837.00;28.50;83.25;14.11
2033964;115.00;4830.00;28.50;83.25;14.11
2034352;113.00;4851.00;28.50;83.25;14.02
2034745;115.00;4843.00;28.50;83.25;14.11
2035137;113.00;4849.00;28.50;83.25;14.02
2035530;113.00;4852.00;28.50;83.25;14.21
2035888;113.00;4820.00;28.50;83.25;14.11
2036278;113.00;4808.00;28.50;83.25;14.11
2036662;113.00;4807.00;28.50;83.25;14.11
2037048;113.00;4804.00;28.50;83.25;14.11
2037434;113.00;4787.00;28.50;83.25;14.21
2037874;113.00;4823.00;28.50;83.25;14.11
2038312;112.00;4805.00;28.50;83.25;14.02
2038705;113.00;4787.00;28.50;83.25;14.11
2039148;112.00;4761.00;28.50;83.25;14.02
2039540;112.00;4759.00;28.50;83.25;14.11
2039847;112.00;4756.00;28.50;83.25;14.02
2040237;112.00;4759.00;28.50;83.25;14.11
2040625;112.00;4754.00;28.50;83.25;14.02
2041015;112.00;4749.00;28.50;83.25;14.11
2041406;111.00;4733.00;28.50;83.25;14.21
2041849;111.00;4741.00;28.50;83.25;14.11
2042239;111.00;4718.00;28.50;83.25;14.11
2042676;111.00;4720.00;28.50;83.25;14.11
2043112;111.00;4712.00;28.50;83.25;14.11
2043500;111.00;4702.00;28.50;83.25;14.11
2043856;111.00;4709.00;28.50;83.25;14.11
2044292;111.00;4702.00;28.50;83.25;14.11
2044677;111.00;4692.00;28.50;83.25;14.02
2045065;111.00;4692.00;28.50;83.25;14.11
2045451;110.00;4686.00;28.50;83.25;14.02
2045894;110.00;4682.00;28.50;83.25;14.11
2046284;110.00;4680.00;28.50;83.25;14.11
2046723;110.00;4667.00;28.50;83.25;14.02
2047111;110.00;4635.00;28.50;83.25;14.02
2047498;108.00;4634.00;28.50;83.25;14.11
2047809;108.00;4626.00;28.50;83.25;14.11
2048245;108.00;4635.00;28.50;83.25;14.11
2048630;108.00;4632.00;28.50;83.25;14.11
2049016;110.00;4638.00;28.50;83.25;14.11
2049404;110.00;4641.00;28.50;83.25;14.11
2049790;110.00;4644.00;28.50;83.25;14.02
2050231;110.00;4619.00;28.50;83.25;14.11
2050670;108.00;4632.00;28.50;83.25;14.02
2051111;108.00;4620.00;28.50;83.25;14.11
2051551;108.00;4612.00;28.50;83.25;14.21
2051860;108.00;4613.00;28.50;83.25;14.11
2052250;108.00;4625.00;28.50;83.25;14.11
2052637;110.00;4642.00;27.75;83.25;14.11
2053030;110.00;4652.00;27.75;83.25;14.11
2053465;110.00;4662.00;27.75;83.25;14.11
2053853;110.00;4671.00;27.75;83.25;14.11
2054236;110.00;4676.00;28.50;83.25;14.11
2054625;111.00;4690.00;28.50;83.25;14.11
2055016;111.00;4700.00;28.50;83.25;14.11
2055403;111.00;4715.00;28.50;83.25;14.11
2055840;111.00;4712.00;28.50;83.25;14.11
2056275;111.00;4717.00;28.50;83.25;14.02
2056664;111.00;4715.00;28.50;83.25;14.21
2057052;111.00;4711.00;28.50;83.25;14.21
2057438;111.00;4704.00;28.50;83.25;14.02
2057827;111.00;4709.00;28.50;83.25;14.21
2058219;111.00;4715.00;28.50;83.25;14.11
2058659;111.00;4715.00;28.50;83.25;14.11
2059039;111.00;4707.00;28.50;83.25;14.11
2059425;111.00;4720.00;28.50;83.25;14.11
2059861;112.00;4731.00;28.50;83.25;14.02
2060309;112.00;4738.00;28.50;83.25;14.11
2060749;112.00;4753.00;28.50;83.25;14.11
2061184;112.00;4746.00;28.50;83.25;14.11
2061570;112.00;4758.00;28.50;83.25;14.02
2061879;112.00;4748.00;28.50;83.25;14.11
2062268;112.00;4750.00;28.50;83.25;14.11
2062704;112.00;4748.00;28.50;83.25;14.11
2063141;112.00;4754.00;28.50;83.25;14.11
2063525;112.00;4748.00;28.50;83.25;14.02
2063882;112.00;4748.00;28.50;83.25;14.02
2064262;112.00;4751.00;28.50;83.25;14.11
2064667;112.00;4756.00;28.50;83.25;14.21
2065053;112.00;4748.00;28.50;83.25;14.02
2065441;112.00;4742.00;28.50;83.25;14.11
2065831;112.00;4740.00;28.50;83.25;14.11
2066216;112.00;4740.00;28.50;83.25;14.11
2066601;112.00;4744.00;28.50;83.25;14.11
2066985;112.00;4747.00;28.50;83.25;14.11
2067369;112.00;4760.00;28.50;83.25;14.11
2067804;111.00;4725.00;28.50;83.25;14.11
2068244;112.00;4794.00;28.50;83.25;14.11
2068684;111.00;4729.00;28.50;83.25;14.21
2069127;111.00;4738.00;28.50;83.25;14.11
2069514;111.00;4713.00;28.50;83.25;14.02
2069822;111.00;4717.00;28.50;83.25;14.11
2070213;111.00;4712.00;28.50;83.25;14.11
2070600;111.00;4697.00;28.50;83.25;14.21
2070990;110.00;4691.00;28.50;83.25;14.11
2071386;110.00;4675.00;28.50;83.25;14.11
2071823;110.00;4697.00;28.50;83.25;14.11
2072207;111.00;4688.00;28.50;83.25;14.11
2072597;111.00;4703.00;28.50;83.25;14.11
2072953;111.00;4689.00;28.50;83.25;14.11
2073339;111.00;4711.00;28.50;83.25;14.11
2073774;111.00;4709.00;28.50;83.25;14.11
2074159;111.00;4700.00;28.50;83.25;14.11
2074594;111.00;4709.00;28.50;83.25;14.11
2074938;111.00;4722.00;28.50;83.25;14.11
2075375;111.00;4728.00;28.50;83.25;14.02
2075814;111.00;4730.00;28.50;83.25;14.11
2076202;112.00;4732.00;28.50;83.25;14.11
2076590;112.00;4727.00;28.50;83.25;14.11
2076945;112.00;4754.00;28.50;83.25;14.11
2077331;112.00;4738.00;28.50;83.25;14.11
2077716;112.00;4757.00;28.50;83.25;14.11
2078101;112.00;4750.00;28.50;83.25;14.11
2078536;112.00;4741.00;28.50;83.25;14.02
2078894;112.00;4743.00;28.50;83.25;13.92
2079284;111.00;4733.00;28.50;83.25;14.11
2079678;111.00;4728.00;28.50;83.25;14.11
2080064;111.00;4715.00;28.50;83.25;14.02
2080508;111.00;4699.00;28.50;83.25;14.11
2080898;110.00;4693.00;28.50;83.25;14.02
2081341;111.00;4703.00;28.50;83.25;14.11
2081734;111.00;4683.00;28.50;83.25;14.11
2082125;111.00;4701.00;28.50;83.25;14.02
2082568;111.00;4702.00;28.50;83.25;14.11
2082876;111.00;4703.00;28.50;83.25;14.11
2083310;111.00;4706.00;28.50;83.25;14.11
2083696;111.00;4688.00;28.50;83.25;14.11
2084131;111.00;4698.00;28.50;83.25;14.11
2084565;111.00;4679.00;28.50;83.25;14.11
2084869;111.00;4690.00;28.50;83.25;14.11
2085257;111.00;4686.00;28.50;83.25;14.02
2085645;110.00;4677.00;28.50;83.25;14.11
2086038;110.00;4674.00;28.50;83.25;14.02
2086478;110.00;4662.00;28.50;83.25;14.11
2086836;110.00;4661.00;28.50;83.25;14.02
2087226;110.00;4659.00;28.50;83.25;14.02
2087660;110.00;4651.00;28.50;83.25;14.11
2088100;110.00;4649.00;28.50;83.25;14.11
2088483;110.00;4634.00;28.50;83.25;14.02
2088873;110.00;4633.00;28.50;83.25;14.02
2089260;108.00;4622.00;28.50;83.25;14.02
2089649;108.00;4607.00;28.50;83.25;13.92
2090089;108.00;4572.00;28.50;83.25;14.11
2090477;107.00;4559.00;28.50;83.25;14.11
2090865;107.00;4577.00;28.50;83.25;14.11
2091250;107.00;4578.00;28.50;83.25;14.02
2091638;107.00;4584.00;28.50;83.25;13.92
2092027;107.00;4563.00;28.50;83.25;14.11
2092466;107.00;4557.00;28.50;83.25;14.11
2092903;107.00;4577.00;28.50;83.25;14.11
2093286;108.00;4583.00;28.50;83.25;14.11
2093675;108.00;4577.00;28.50;83.25;14.02
2094064;108.00;4586.00;28.50;83.25;14.02
2094451;108.00;4564.00;28.50;83.25;14.11
2094841;107.00;4583.00;28.50;83.25;14.11
2095230;107.00;4559.00;28.50;83.25;14.02
2095617;107.00;4562.00;28.50;83.25;14.11
2095925;107.00;4545.00;28.50;83.25;14.11
2096312;107.00;4543.00;28.50;83.25;14.02
2096755;106.00;4549.00;28.50;83.25;14.11
2097199;106.00;4501.00;28.50;83.25;14.11
2097636;106.00;4482.00;28.50;83.25;14.11
2098072;105.00;4453.00;28.50;83.25;14.02
2098463;105.00;4446.00;28.50;83.25;14.11
2098851;105.00;4429.00;28.50;83.25;14.11
2099234;103.00;4417.00;28.50;83.25;14.11
2099674;103.00;4392.00;28.50;83.25;14.02
2100114;103.00;4376.00;28.50;83.25;14.02
2100499;102.00;4366.00;28.50;82.50;14.11
2100865;102.00;4353.00;28.50;82.50;14.11
2101249;102.00;4350.00;28.50;82.50;14.11
2101635;102.00;4354.00;28.50;82.50;14.11
2101939;103.00;4392.00;28.50;82.50;14.02
2102330;103.00;4415.00;28.50;82.50;14.02
2102714;105.00;4418.00;28.50;82.50;14.11
2103156;105.00;4436.00;28.50;82.50;14.11
2103592;105.00;4454.00;28.50;82.50;14.11
2103896;105.00;4443.00;28.50;82.50;14.11
2104280;105.00;4442.00;28.50;82.50;14.11
2104716;105.00;4462.00;28.50;82.50;14.11
2105150;105.00;4458.00;28.50;82.50;14.11
2105536;106.00;4471.00;28.50;82.50;14.11
2105927;106.00;4481.00;28.50;82.50;14.11
2106313;106.00;4482.00;28.50;82.50;14.11
2106697;106.00;4489.00;28.50;82.50;14.02
2107084;106.00;4479.00;28.50;82.50;14.11
2107472;105.00;4480.00;28.50;82.50;14.11
2107862;105.00;4479.00;28.50;82.50;14.11
2108295;106.00;4481.00;28.50;82.50;14.11
2108735;106.00;4502.00;28.50;82.50;14.11
2109169;106.00;4507.00;28.50;82.50;14.11
2109553;106.00;4503.00;28.50;82.50;14.11
2109858;107.00;4530.00;28.50;82.50;14.11
2110246;107.00;4552.00;28.50;82.50;14.11
2110631;107.00;4568.00;28.50;82.50;14.02
2110990;108.00;4589.00;28.50;82.50;14.11
2111381;108.00;4597.00;28.50;82.50;14.02
2111768;108.00;4615.00;28.50;82.50;14.11
2112170;108.00;4615.00;28.50;82.50;14.02
2112605;108.00;4620.00;28.50;82.50;14.11
2112912;108.00;4660.00;28.50;82.50;14.02
2113350;108.00;4627.00;28.50;82.50;14.11
2113789;110.00;4637.00;28.50;82.50;14.11
2114178;110.00;4643.00;28.50;82.50;14.11
2114561;110.00;4653.00;28.50;82.50;14.02
2114868;110.00;4663.00;28.50;82.50;14.11
2115257;110.00;4668.00;28.50;82.50;14.11
2115641;110.00;4676.00;28.50;82.50;14.11
2115993;110.00;4680.00;28.50;82.50;14.02
2116384;110.00;4653.00;28.50;82.50;14.11
2116826;108.00;4663.00;28.50;82.50;14.11
2117214;110.00;4649.00;28.50;82.50;14.11
2117603;110.00;4655.00;28.50;82.50;14.11
2117909;110.00;4637.00;28.50;82.50;14.02
2118296;110.00;4655.00;28.50;82.50;14.11
2118682;110.00;4643.00;28.50;82.50;14.11
2119070;110.00;4650.00;28.50;82.50;14.02
2119459;110.00;4622.00;28.50;82.50;14.11
2119849;110.00;4639.00;28.50;82.50;14.02
2120238;110.00;4650.00;28.50;82.50;14.02
2120678;110.00;4677.00;28.50;82.50;14.02
2121114;110.00;4666.00;28.50;82.50;14.11
2121503;110.00;4705.00;28.50;82.50;14.02
2121893;110.00;4671.00;28.50;82.50;14.11
2122280;110.00;4672.00;28.50;82.50;14.11
2122666;110.00;4652.00;28.50;82.50;14.11
2123102;110.00;4659.00;28.50;82.50;14.11
2123485;110.00;4669.00;28.50;82.50;14.11
2123871;110.00;4671.00;28.50;82.50;14.11
2124257;110.00;4658.00;28.50;82.50;14.02
2124697;110.00;4661.00;28.50;82.50;14.11
2125135;110.00;4672.00;28.50;82.50;14.11
2125570;110.00;4676.00;28.50;82.50;14.11
2125876;110.00;4686.00;28.50;82.50;14.02
2126314;110.00;4676.00;28.50;82.50;14.11
2126754;111.00;4691.00;28.50;82.50;14.11
2127142;111.00;4704.00;28.50;82.50;14.02
2127531;111.00;4703.00;28.50;82.50;14.11
2127918;111.00;4729.00;28.50;82.50;14.11
2128304;111.00;4705.00;28.50;82.50;14.02
2128694;111.00;4703.00;28.50;82.50;14.11
2129083;111.00;4721.00;28.50;82.50;14.11
2129468;111.00;4726.00;28.50;82.50;14.02
2129855;111.00;4721.00;28.50;82.50;14.02
2130239;111.00;4728.00;28.50;82.50;14.11
2130630;111.00;4725.00;28.50;82.50;14.02
2130942;112.00;4725.00;28.50;82.50;14.11
2131380;112.00;4733.00;28.50;82.50;14.11
2131763;112.00;4761.00;28.50;82.50;14.02
2132152;112.00;4770.00;28.50;82.50;14.11
2132543;112.00;4755.00;28.50;82.50;14.02
2132987;112.00;4766.00;28.50;82.50;14.02
2133422;112.00;4773.00;28.50;82.50;14.02
2133806;112.00;4768.00;28.50;82.50;14.11
2134195;112.00;4777.00;28.50;82.50;14.11
2134581;112.00;4778.00;28.50;82.50;14.02
2134940;113.00;4787.00;28.50;82.50;14.11
2135382;113.00;4795.00;28.50;82.50;14.02
2135769;113.00;4804.00;28.50;82.50;14.11
2136157;113.00;4820.00;28.50;82.50;14.02
2136544;113.00;4815.00;28.50;82.50;13.92
2136931;113.00;4828.00;28.50;82.50;14.11
2137370;113.00;4825.00;28.50;82.50;14.02
2137809;113.00;4836.00;28.50;82.50;14.02
2138244;113.00;4826.00;28.50;82.50;14.11
2138632;113.00;4819.00;28.50;82.50;14.11
2138938;113.00;4837.00;28.50;82.50;14.11
2139374;113.00;4842.00;28.50;82.50;14.11
2139757;115.00;4832.00;28.50;82.50;14.11
2140148;113.00;4829.00;28.50;82.50;14.11
2140536;113.00;4824.00;28.50;82.50;14.02
2140926;113.00;4804.00;28.50;82.50;14.02
2141362;113.00;4808.00;28.50;82.50;14.11
2141803;112.00;4781.00;28.50;82.50;14.11
2142291;112.00;4790.00;28.50;82.50;14.11
2142675;112.00;4769.00;28.50;82.50;14.11
2143027;112.00;4773.00;28.50;82.50;14.11
2143413;112.00;4780.00;28.50;82.50;14.02
2143802;112.00;4776.00;28.50;82.50;14.02
2144194;113.00;4778.00;28.50;82.50;14.02
2144584;112.00;4801.00;28.50;82.50;14.11
2144979;113.00;4775.00;28.50;82.50;14.02
2145371;112.00;4776.00;28.50;82.50;13.92
2145763;112.00;4781.00;28.50;82.50;14.11
2146150;112.00;4762.00;28.50;82.50;14.02
2146539;112.00;4774.00;28.50;82.50;14.11
2146980;112.00;4784.00;28.50;82.50;14.11
2147363;112.00;4792.00;28.50;82.50;14.11
2147747;112.00;4772.00;28.50;83.25;14.11
2148135;112.00;4769.00;28.50;83.25;14.11
2148522;112.00;4786.00;28.50;83.25;14.11
2148959;112.00;4789.00;28.50;83.25;14.11
2149345;112.00;4807.00;28.50;83.25;14.02
2149734;113.00;4798.00;28.50;83.25;14.02
2150122;113.00;4794.00;28.50;83.25;14.11
2150510;113.00;4827.00;28.50;83.25;14.11
2150946;113.00;4806.00;28.50;83.25;14.02
2151436;113.00;4800.00;28.50;83.25;14.11
2151825;113.00;4824.00;28.50;83.25;14.11
2152214;113.00;4835.00;28.50;83.25;14.11
2152600;113.00;4824.00;28.50;83.25;14.11
2152986;113.00;4850.00;28.50;83.25;14.11
2153374;115.00;4853.00;28.50;83.25;14.02
2153765;115.00;4862.00;27.75;83.25;14.02
2154210;115.00;4874.00;27.75;83.25;14.11
2154649;115.00;4882.00;27.75;83.25;14.11
2154954;115.00;4864.00;27.75;83.25;14.02
2155341;115.00;4860.00;28.50;83.25;14.02
2155782;115.00;4859.00;28.50;83.25;14.11
2156221;115.00;4853.00;28.50;83.25;14.02
2156660;115.00;4836.00;28.50;83.25;14.02
2156964;113.00;4835.00;28.50;83.25;14.11
2157358;113.00;4839.00;28.50;83.25;14.02
2157745;113.00;4828.00;28.50;83.25;14.11
2158136;113.00;4814.00;28.50;83.25;14.11
2158522;113.00;4814.00;28.50;83.25;14.02
2158908;113.00;4809.00;28.50;83.25;14.11
2159298;113.00;4799.00;28.50;83.25;14.11
2159683;113.00;4815.00;28.50;83.25;14.11
2160053;113.00;4802.00;28.50;83.25;14.11
2160440;113.00;4814.00;28.50;83.25;14.11
2160876;113.00;4820.00;28.50;83.25;14.02
2161263;113.00;4838.00;28.50;83.25;14.11
2161651;113.00;4836.00;28.50;83.25;14.11
2161958;115.00;4858.00;28.50;83.25;14.02
2162402;115.00;4836.00;28.50;83.25;14.11
2162792;113.00;4863.00;28.50;83.25;14.02
2163190;115.00;4840.00;28.50;83.25;14.11
2163580;113.00;4850.00;27.75;83.25;14.11
2163973;113.00;4824.00;27.75;83.25;14.02
2164361;113.00;4826.00;27.75;83.25;14.11
2164800;113.00;4830.00;27.75;83.25;14.11
2165243;113.00;4816.00;27.75;83.25;14.02
2165631;113.00;4829.00;27.75;83.25;14.11
2165939;113.00;4833.00;27.75;83.25;14.11
2166324;113.00;4841.00;27.75;83.25;14.02
2166713;113.00;4836.00;27.75;83.25;14.11
2167022;113.00;4821.00;27.75;83.25;14.11
2167457;113.00;4838.00;27.75;83.25;14.11
2167842;115.00;4869.00;27.75;83.25;14.21
2168235;115.00;4859.00;27.75;83.25;14.11
2168625;115.00;4874.00;27.75;83.25;14.02
2168932;115.00;4871.00;27.75;83.25;14.02
2169322;116.00;4879.00;27.75;83.25;14.11
2169713;116.00;4915.00;27.75;83.25;14.02
2170023;116.00;4908.00;27.75;83.25;14.11
2170462;116.00;4885.00;27.75;83.25;14.11
2170898;116.00;4917.00;27.75;83.25;14.11
2171284;116.00;4905.00;27.75;83.25;14.21
2171673;116.00;4911.00;27.75;83.25;14.11
2171985;116.00;4925.00;27.75;83.25;14.02
2172423;116.00;4912.00;27.75;83.25;13.92
2172862;116.00;4919.00;27.75;83.25;14.02
2173300;116.00;4959.00;27.75;83.25;14.02
2173686;116.00;4913.00;27.75;83.25;14.11
2173992;116.00;4914.00;27.75;83.25;14.11
2174379;116.00;4934.00;27.75;83.25;14.11
2174764;116.00;4906.00;27.75;83.25;14.02
2175152;116.00;4901.00;27.75;83.25;13.92
2175540;116.00;4911.00;27.75;83.25;14.11
2175929;116.00;4906.00;27.75;83.25;14.11
2176364;115.00;4880.00;27.75;83.25;14.11
2176805;116.00;4880.00;27.75;83.25;14.11
2177240;115.00;4877.00;27.75;83.25;14.02
2177634;115.00;4854.00;27.75;83.25;14.11
2177944;115.00;4883.00;27.75;83.25;14.02
2178333;115.00;4876.00;27.75;83.25;14.11
2178771;115.00;4867.00;27.75;83.25;14.11
2179208;116.00;4885.00;27.75;83.25;14.11
2179597;115.00;4896.00;27.75;83.25;14.02
2179988;116.00;4897.00;27.75;83.25;14.11
2180431;116.00;4924.00;27.75;83.25;14.02
2180818;116.00;4921.00;27.75;83.25;14.11
2181207;116.00;4918.00;27.75;83.25;14.02
2181594;116.00;4927.00;27.75;83.25;14.02
2181982;116.00;4942.00;27.75;83.25;14.02
2182419;116.00;4946.00;27.75;83.25;14.11
2182807;116.00;4935.00;27.75;83.25;14.11
2183192;116.00;4924.00;27.75;83.25;14.11
2183576;116.00;4933.00;27.75;83.25;14.11
2184013;116.00;4913.00;27.75;83.25;14.11
2184398;116.00;4910.00;27.75;83.25;14.11
2184783;115.00;4890.00;27.75;83.25;14.11
2185173;115.00;4886.00;27.75;83.25;14.11
2185558;115.00;4867.00;27.75;83.25;14.11
2185995;115.00;4900.00;27.75;83.25;14.02
2186382;116.00;4895.00;27.75;83.25;14.02
2186770;116.00;4912.00;27.75;83.25;13.92
2187159;116.00;4911.00;27.75;83.25;14.02
2187546;116.00;4936.00;27.75;83.25;14.11
2187985;116.00;4917.00;27.75;83.25;14.11
2188369;116.00;4926.00;27.75;83.25;13.92
2188756;116.00;4909.00;27.75;83.25;14.02
2189145;116.00;4883.00;27.75;83.25;14.11
2189539;115.00;4874.00;27.75;83.25;14.11
2189927;115.00;4855.00;27.75;83.25;14.02
2190317;115.00;4854.00;27.75;83.25;14.11
2190704;115.00;4867.00;27.75;83.25;14.11
2191008;115.00;4839.00;27.75;83.25;14.11
2191391;115.00;4842.00;27.75;83.25;14.02
2191835;113.00;4826.00;27.75;83.25;14.11
2192279;113.00;4829.00;27.75;83.25;14.11
2192667;113.00;4824.00;27.75;83.25;14.11
2193023;113.00;4813.00;27.75;83.25;14.11
2193408;113.00;4840.00;27.75;83.25;14.11
2193793;115.00;4846.00;27.75;83.25;14.11
2194232;115.00;4860.00;27.75;83.25;14.11
2194667;115.00;4867.00;27.75;83.25;14.11
2194971;115.00;4868.00;27.75;83.25;14.11
2195427;115.00;4864.00;27.75;83.25;14.11
2195812;115.00;4870.00;27.75;83.25;14.11
2196197;115.00;4865.00;27.75;83.25;14.11
2196633;115.00;4878.00;27.75;83.25;14.11
2197016;115.00;4879.00;27.75;83.25;14.02
2197403;115.00;4877.00;27.75;83.25;14.02
2197792;115.00;4874.00;27.75;83.25;14.11
2198230;115.00;4872.00;27.75;83.25;14.02
2198671;115.00;4854.00;27.75;83.25;14.11
2198979;115.00;4877.00;27.75;83.25;14.02
2199372;115.00;4872.00;27.75;83.25;14.11
2199763;115.00;4887.00;27.75;83.25;14.02
2200071;115.00;4900.00;27.75;83.25;14.11
2200510;116.00;4893.00;27.75;83.25;14.11
2200899;116.00;4924.00;27.75;83.25;14.11
2201284;116.00;4906.00;27.75;83.25;14.11
2201673;116.00;4914.00;27.75;83.25;14.11
2201979;116.00;4930.00;27.75;83.25;14.11
2202364;116.00;4930.00;27.75;83.25;13.92
2202749;116.00;4915.00;27.75;83.25;14.02
2203108;117.00;4938.00;27.75;83.25;14.11
2203549;116.00;4943.00;27.75;83.25;14.11
2203991;116.00;4922.00;27.75;83.25;14.11
2204381;116.00;4928.00;27.75;83.25;13.92
2204769;116.00;4936.00;27.75;83.25;14.11
2205077;116.00;4937.00;27.75;83.25;14.11
2205462;116.00;4922.00;27.75;83.25;14.11
2205847;116.00;4943.00;27.75;83.25;14.02
2206235;116.00;4930.00;27.75;83.25;14.11
2206624;116.00;4957.00;27.75;83.25;14.02
2207025;117.00;4949.00;27.75;83.25;14.02
2207465;116.00;4953.00;27.75;83.25;14.11
2207857;117.00;4955.00;27.75;83.25;14.11
2208246;117.00;4957.00;27.75;83.25;14.11
2208630;117.00;4962.00;27.75;83.25;14.11
2209016;116.00;4952.00;27.75;83.25;14.11
2209460;117.00;4955.00;27.75;83.25;14.11
2209849;117.00;4971.00;27.75;83.25;14.11
2210284;117.00;4967.00;27.75;83.25;14.11
2210668;117.00;4962.00;27.75;83.25;14.11
2211055;117.00;4942.00;27.75;83.25;14.11
2211441;116.00;4918.00;27.75;83.25;13.92
2211883;116.00;4933.00;27.75;83.25;14.11
2212230;116.00;4943.00;27.75;83.25;14.02
2212620;117.00;4949.00;27.75;83.25;14.02
2213061;116.00;4934.00;27.75;83.25;14.11
2213504;116.00;4943.00;27.75;83.25;14.21
2213894;116.00;4915.00;27.75;83.25;14.11
2214335;116.00;4917.00;27.75;83.25;14.11
2214721;116.00;4927.00;27.75;83.25;14.02
2215029;116.00;4947.00;27.75;83.25;14.11
2215416;116.00;4944.00;27.75;83.25;14.02
2215810;116.00;4926.00;27.75;83.25;14.11
2216198;116.00;4945.00;27.75;83.25;14.02
2216637;116.00;4941.00;27.75;83.25;14.11
2217077;116.00;4916.00;27.75;83.25;14.11
2217512;116.00;4917.00;27.75;83.25;14.02
2217901;116.00;4905.00;27.75;83.25;14.11
2218288;116.00;4907.00;27.75;83.25;14.02
2218676;116.00;4909.00;27.75;83.25;14.11
2219065;116.00;4921.00;27.75;83.25;14.11
2219501;116.00;4925.00;27.75;83.25;14.11
2219887;116.00;4927.00;27.75;83.25;14.02
2220277;116.00;4934.00;27.75;83.25;14.11
2220665;117.00;4922.00;27.75;83.25;14.11
2221054;116.00;4951.00;27.75;83.25;14.02
2221495;117.00;4945.00;27.75;83.25;14.02
2221885;116.00;4942.00;27.75;83.25;14.02
2222325;116.00;4933.00;27.75;83.25;14.11
2222766;116.00;4931.00;27.75;83.25;14.02
2223073;116.00;4934.00;27.75;83.25;14.11
2223464;116.00;4923.00;27.75;83.25;13.92
2223852;116.00;4942.00;27.75;83.25;14.02
2224242;116.00;4940.00;27.75;83.25;14.02
2224627;116.00;4942.00;27.75;83.25;14.11
2225017;117.00;4944.00;27.75;83.25;14.02
2225408;116.00;4956.00;27.75;83.25;14.11
2225801;116.00;4936.00;27.75;83.25;14.11
2226236;116.00;4952.00;27.75;83.25;14.11
2226620;116.00;4937.00;27.75;83.25;14.11
2227011;116.00;4917.00;27.75;83.25;14.02
2227401;116.00;4924.00;27.75;83.25;14.02
2227788;116.00;4925.00;27.75;83.25;14.11
2228096;116.00;4912.00;27.75;83.25;14.21
2228483;116.00;4916.00;27.75;83.25;14.02
2228871;116.00;4924.00;27.75;83.25;14.11
2229262;116.00;4914.00;27.75;83.25;14.02
2229653;116.00;4904.00;27.75;83.25;14.02
2230041;115.00;4905.00;27.75;83.25;14.11
2230485;115.00;4868.00;27.75;83.25;14.11
2230920;115.00;4872.00;27.75;83.25;14.11
2231305;115.00;4860.00;27.75;83.25;14.02
2231694;115.00;4871.00;27.75;83.25;14.02
2232083;115.00;4849.00;27.75;83.25;14.11
2232474;115.00;4851.00;27.75;83.25;14.02
2232865;115.00;4852.00;27.75;83.25;14.02
2233254;115.00;4854.00;27.75;83.25;14.02
2233692;115.00;4856.00;27.75;83.25;14.02
2234051;115.00;4889.00;27.75;83.25;14.11
2234438;115.00;4863.00;27.75;83.25;14.11
2234822;115.00;4874.00;27.75;83.25;14.02
2235211;115.00;4878.00;27.75;83.25;14.02
2235596;115.00;4868.00;27.75;83.25;14.02
2235993;116.00;4909.00;27.75;83.25;14.11
2236438;116.00;4880.00;27.75;83.25;14.02
2236879;115.00;4892.00;27.75;83.25;14.02
2237267;116.00;4958.00;27.75;83.25;14.11
2237658;116.00;4924.00;27.75;83.25;14.11
2238043;116.00;4933.00;27.75;83.25;14.11
2238426;116.00;4925.00;27.75;83.25;14.11
2238862;116.00;4914.00;27.75;83.25;14.21
2239249;116.00;4926.00;27.75;83.25;14.11
2239638;116.00;4947.00;27.75;83.25;14.02
2240026;117.00;4927.00;27.75;83.25;14.11
2240420;116.00;4946.00;27.75;83.25;14.11
2240807;117.00;4935.00;27.75;83.25;14.11
2241114;116.00;4922.00;27.75;83.25;14.11
2241502;116.00;4903.00;27.75;83.25;14.11
2241886;115.00;4880.00;27.75;83.25;14.11
2242325;115.00;4892.00;27.75;83.25;14.11
2242713;116.00;4887.00;27.75;83.25;14.02
2243103;115.00;4898.00;27.75;83.25;14.11
2243495;116.00;4933.00;27.75;83.25;14.02
2243937;116.00;4919.00;27.75;83.25;14.02
2244372;116.00;4928.00;27.75;83.25;14.02
2244757;116.00;4904.00;27.75;83.25;14.11
2245065;116.00;4916.00;27.75;83.25;14.11
2245451;116.00;4908.00;27.75;83.25;14.11
2245839;116.00;4879.00;27.75;83.25;14.21
2246227;115.00;4876.00;27.75;83.25;14.02
2246619;115.00;4867.00;27.75;83.25;14.11
2247006;115.00;4858.00;27.75;83.25;14.02
2247444;113.00;4825.00;27.75;83.25;14.11
2247885;113.00;4820.00;27.75;83.25;14.02
2248325;113.00;4817.00;27.75;83.25;14.02
2248710;112.00;4831.00;27.75;83.25;14.11
2249103;112.00;4804.00;27.75;83.25;14.11
2249486;112.00;4781.00;27.75;83.25;14.11
2249872;112.00;4775.00;27.75;83.25;14.02
2250259;112.00;4781.00;28.50;83.25;14.02
2250699;112.00;4779.00;28.50;83.25;14.11
2251139;113.00;4785.00;28.50;83.25;14.02
2251580;113.00;4817.00;28.50;83.25;14.11
2252021;113.00;4791.00;28.50;83.25;14.11
2252509;112.00;4789.00;28.50;83.25;14.11
2252897;113.00;4772.00;28.50;83.25;14.11
2253287;112.00;4783.00;28.50;83.25;14.11
2253675;112.00;4781.00;28.50;83.25;14.11
2254063;112.00;4782.00;28.50;83.25;13.92
2254502;112.00;4796.00;28.50;83.25;14.02
2254956;113.00;4834.00;28.50;83.25;14.11
2255366;115.00;4838.00;28.50;83.25;14.02
2255760;115.00;4850.00;28.50;83.25;14.11
2256120;115.00;4864.00;28.50;83.25;14.11
2256505;115.00;4847.00;28.50;83.25;14.02
2256943;115.00;4868.00;28.50;83.25;14.11
2257330;115.00;4863.00;28.50;83.25;14.02
2257718;113.00;4851.00;28.50;83.25;14.11
2258113;113.00;4840.00;28.50;83.25;14.02
2258501;113.00;4815.00;28.50;83.25;14.11
2258891;113.00;4820.00;28.50;83.25;14.11
2259278;113.00;4803.00;28.50;83.25;14.11
2259662;113.00;4809.00;28.50;84.00;14.02
2260053;113.00;4802.00;28.50;84.00;14.02
2260440;113.00;4796.00;28.50;84.00;14.11
2260829;113.00;4810.00;28.50;84.00;14.02
2261137;112.00;4809.00;28.50;84.00;14.11
2261528;113.00;4792.00;28.50;84.00;14.11
2261917;113.00;4811.00;28.50;84.00;14.02
2262307;113.00;4801.00;28.50;84.00;14.11
2262694;113.00;4798.00;28.50;84.00;14.11
2263080;113.00;4816.00;28.50;84.00;14.11
2263468;113.00;4832.00;28.50;84.00;14.11
2263904;115.00;4851.00;28.50;84.00;14.11
2264348;115.00;4850.00;28.50;84.00;14.11
2264734;115.00;4857.00;28.50;84.00;14.11
2265120;115.00;4845.00;28.50;84.00;14.11
2265504;115.00;4858.00;28.50;84.00;14.02
2265943;115.00;4874.00;28.50;84.00;14.11
2266332;113.00;4829.00;28.50;84.00;14.11
2266720;113.00;4832.00;28.50;84.00;14.11
2267112;113.00;4836.00;28.50;84.00;14.11
2267497;113.00;4800.00;28.50;84.00;14.02
2267887;113.00;4805.00;28.50;84.00;14.11
2268278;113.00;4804.00;28.50;84.00;14.11
2268667;113.00;4786.00;28.50;84.00;14.11
2269102;113.00;4775.00;28.50;84.00;14.11
2269488;112.00;4788.00;28.50;84.00;14.02
2269881;112.00;4778.00;28.50;84.00;14.02
2270265;113.00;4785.00;28.50;84.00;14.11
2270656;112.00;4793.00;28.50;84.00;14.02
2271050;113.00;4791.00;28.50;84.00;14.11
2271444;112.00;4778.00;28.50;84.00;14.11
2271831;113.00;4776.00;28.50;84.00;14.11
2272207;112.00;4783.00;28.50;84.00;14.02
2272599;113.00;4791.00;28.50;84.00;14.11
2272991;113.00;4823.00;28.50;84.00;14.11
2273376;113.00;4818.00;28.50;84.00;14.11
2273764;113.00;4829.00;28.50;84.00;14.02
2274072;113.00;4816.00;28.50;84.00;14.02
2274461;113.00;4815.00;28.50;84.00;14.02
2274849;113.00;4813.00;28.50;84.00;14.11
2275165;113.00;4816.00;28.50;84.00;14.11
2275550;113.00;4801.00;28.50;84.00;14.11
2275987;113.00;4793.00;28.50;84.00;14.02
2276375;113.00;4785.00;28.50;84.00;14.11
2276763;112.00;4792.00;28.50;84.00;14.11
2277071;112.00;4772.00;28.50;84.00;14.02
2277510;112.00;4779.00;28.50;84.00;14.02
2277945;112.00;4772.00;28.50;84.00;14.11
2278383;112.00;4784.00;28.50;84.00;14.02
2278773;112.00;4774.00;28.50;84.00;14.11
2279081;112.00;4770.00;28.50;84.00;14.11
2279517;112.00;4755.00;28.50;84.00;14.11
2279902;112.00;4745.00;28.50;84.00;14.11
2280288;112.00;4773.00;28.50;84.00;14.11
2280674;112.00;4767.00;28.50;84.00;14.02
2281112;112.00;4797.00;28.50;84.00;14.11
2281552;112.00;4769.00;28.50;84.00;14.11
2281987;112.00;4773.00;28.50;84.00;14.11
2282370;112.00;4758.00;28.50;84.00;14.02
2282758;112.00;4765.00;28.50;84.00;14.11
2283148;112.00;4785.00;28.50;84.00;14.11
2283536;113.00;4777.00;28.50;84.00;14.02
2283929;112.00;4774.00;28.50;84.00;14.11
2284321;112.00;4768.00;28.50;84.00;14.11
2284758;112.00;4766.00;28.50;84.00;14.11
2285145;112.00;4752.00;28.50;84.00;14.11
2285531;112.00;4741.00;28.50;84.00;14.11
2285918;112.00;4752.00;28.50;84.00;14.11
2286355;112.00;4746.00;28.50;84.00;14.11
2286792;112.00;4767.00;28.50;84.00;14.02
2287101;112.00;4763.00;28.50;84.00;14.11
2287489;112.00;4748.00;28.50;84.00;14.11
2287875;112.00;4765.00;28.50;84.00;14.02
2288313;112.00;4756.00;28.50;84.00;14.11
2288753;111.00;4744.00;28.50;84.00;14.11
2289192;111.00;4741.00;28.50;84.00;14.11
2289628;111.00;4718.00;28.50;84.00;14.02
2290070;111.00;4732.00;28.50;84.00;14.11
2290458;111.00;4728.00;28.50;84.00;14.11
2290841;111.00;4724.00;28.50;84.00;14.11
2291147;111.00;4734.00;28.50;83.25;14.11
2291534;111.00;4737.00;28.50;83.25;14.11
2291921;111.00;4718.00;28.50;83.25;14.02
2292360;111.00;4740.00;28.50;83.25;14.11
2292799;111.00;4735.00;28.50;83.25;13.92
2293105;111.00;4726.00;28.50;83.25;14.02
2293494;111.00;4747.00;28.50;83.25;14.11
2293882;112.00;4717.00;28.50;83.25;14.11
2294320;112.00;4724.00;28.50;83.25;14.02
2294766;111.00;4714.00;28.50;83.25;14.11
2295156;111.00;4736.00;28.50;83.25;14.11
2295542;111.00;4728.00;28.50;83.25;13.92
2295931;111.00;4713.00;28.50;83.25;14.11
2296318;111.00;4690.00;28.50;83.25;14.11
2296702;111.00;4707.00;28.50;83.25;14.02
2297091;111.00;4701.00;28.50;83.25;14.02
2297478;111.00;4720.00;28.50;83.25;14.11
2297918;111.00;4718.00;28.50;83.25;14.02
2298357;111.00;4727.00;28.50;83.25;14.11
2298743;111.00;4704.00;28.50;83.25;14.02
2299130;111.00;4707.00;28.50;83.25;14.11
2299520;111.00;4700.00;28.50;83.25;14.11
2299906;110.00;4697.00;28.50;83.25;14.11
2300295;110.00;4684.00;28.50;83.25;14.11
2300681;110.00;4671.00;28.50;83.25;14.02
2301068;110.00;4637.00;28.50;83.25;14.02
2301452;110.00;4639.00;28.50;83.25;14.11
2301842;110.00;4642.00;28.50;83.25;14.11
2302161;110.00;4640.00;28.50;83.25;14.11
2302598;110.00;4643.00;28.50;83.25;14.11
2303033;108.00;4621.00;28.50;83.25;14.02
2303475;110.00;4613.00;28.50;83.25;14.11
2303866;108.00;4654.00;28.50;83.25;13.92
2304177;112.00;4681.00;28.50;83.25;14.11
2304568;108.00;4565.00;28.50;83.25;14.02
2304962;108.00;4581.00;28.50;83.25;14.02
2305347;108.00;4570.00;28.50;83.25;14.11
2305736;108.00;4579.00;28.50;83.25;14.11
2306125;108.00;4585.00;28.50;83.25;14.02
2306515;107.00;4603.00;28.50;83.25;14.02
2306904;107.00;4572.00;28.50;83.25;14.11
2307294;107.00;4557.00;28.50;83.25;14.11
2307679;107.00;4574.00;28.50;83.25;14.02
2308067;107.00;4576.00;28.50;83.25;14.11
2308456;107.00;4587.00;28.50;83.25;14.11
2308891;108.00;4578.00;28.50;83.25;14.02
2309202;108.00;4602.00;28.50;83.25;14.02
2309589;108.00;4611.00;28.50;83.25;14.11
2309980;108.00;4622.00;28.50;83.25;14.02
2310369;108.00;4624.00;28.50;83.25;14.11
2310758;108.00;4632.00;28.50;83.25;14.02
2311197;108.00;4622.00;28.50;83.25;14.02
2311581;110.00;4635.00;28.50;83.25;14.02
2312019;108.00;4632.00;28.50;83.25;14.11
2312410;108.00;4630.00;28.50;83.25;13.92
2312798;108.00;4631.00;28.50;83.25;14.11
2313188;108.00;4611.00;28.50;83.25;13.92
2313578;108.00;4603.00;28.50;83.25;14.02
2313969;108.00;4610.00;28.50;83.25;14.02
2314407;108.00;4603.00;28.50;83.25;14.11
2314852;108.00;4625.00;28.50;83.25;14.11
2315155;108.00;4610.00;28.50;83.25;14.02
2315564;110.00;4623.00;28.50;83.25;14.11
2316006;108.00;4637.00;28.50;83.25;14.02
2316401;110.00;4646.00;28.50;83.25;14.11
2316793;110.00;4648.00;28.50;83.25;14.02
2317183;110.00;4640.00;28.50;83.25;14.11
2317574;108.00;4655.00;28.50;83.25;14.11
2317964;110.00;4626.00;28.50;83.25;14.11
2318355;110.00;4629.00;28.50;83.25;14.11
2318792;110.00;4635.00;28.50;83.25;14.11
2319176;110.00;4641.00;28.50;83.25;14.02
2319564;110.00;4649.00;28.50;83.25;14.11
2319952;110.00;4668.00;28.50;83.25;14.11
2320336;110.00;4657.00;28.50;83.25;14.11
2320777;110.00;4655.00;28.50;83.25;14.02
2321216;110.00;4676.00;28.50;83.25;14.11
2321653;110.00;4668.00;28.50;83.25;14.11
2322088;111.00;4676.00;28.50;83.25;14.02
2322481;110.00;4704.00;28.50;83.25;14.11
2322872;110.00;4697.00;28.50;83.25;14.11
2323227;111.00;4685.00;28.50;83.25;14.11
2323666;111.00;4688.00;28.50;83.25;14.11
2324103;111.00;4688.00;28.50;83.25;13.92
2324487;111.00;4706.00;28.50;83.25;14.11
2324890;111.00;4707.00;28.50;83.25;14.11
2325195;111.00;4712.00;28.50;83.25;14.02
2325585;111.00;4705.00;28.50;83.25;14.11
2325974;111.00;4712.00;28.50;83.25;14.02
2326363;111.00;4708.00;28.50;83.25;14.02
2326747;111.00;4704.00;28.50;83.25;14.11
2327134;111.00;4696.00;28.50;83.25;14.02
2327523;111.00;4673.00;28.50;83.25;14.11
2327912;110.00;4685.00;28.50;83.25;14.11
2328220;110.00;4641.00;28.50;83.25;14.11
2328605;110.00;4630.00;28.50;83.25;14.11
2328990;110.00;4656.00;28.50;83.25;14.11
2329427;110.00;4628.00;28.50;83.25;14.11
2329874;110.00;4635.00;28.50;83.25;14.11
2330179;110.00;4630.00;28.50;83.25;14.02
2330567;110.00;4636.00;28.50;83.25;14.11
2330960;110.00;4646.00;28.50;83.25;14.11
2331345;108.00;4638.00;28.50;83.25;14.11
2331736;108.00;4634.00;28.50;83.25;14.11
2332123;110.00;4639.00;28.50;83.25;14.11
2332564;110.00;4636.00;28.50;83.25;14.11
2333005;108.00;4632.00;28.50;83.25;14.11
2333445;108.00;4607.00;28.50;83.25;14.11
2333881;108.00;4608.00;28.50;83.25;14.11
2334236;108.00;4603.00;28.50;83.25;14.11
2334623;108.00;4621.00;28.50;83.25;14.02
2335067;110.00;4635.00;28.50;83.25;14.02
2335457;110.00;4644.00;28.50;83.25;14.02
2335892;110.00;4655.00;28.50;83.25;14.11
2336199;110.00;4656.00;28.50;83.25;14.11
2336583;110.00;4676.00;28.50;83.25;14.11
2337020;110.00;4674.00;28.50;83.25;14.02
2337415;110.00;4671.00;28.50;83.25;14.11
2337855;110.00;4684.00;28.50;83.25;14.02
2338162;111.00;4678.00;28.50;83.25;14.02
2338550;111.00;4678.00;28.50;83.25;14.11
2338934;110.00;4660.00;28.50;83.25;14.11
2339242;110.00;4659.00;28.50;83.25;14.02
2339630;110.00;4641.00;28.50;83.25;14.11
2340019;110.00;4636.00;28.50;83.25;14.11
2340403;108.00;4643.00;28.50;83.25;14.11
2340843;110.00;4631.00;28.50;83.25;14.11
2341156;110.00;4636.00;28.50;83.25;14.11
2341540;108.00;4630.00;28.50;83.25;14.11
2341931;108.00;4615.00;28.50;83.25;14.11
2342234;108.00;4616.00;28.50;83.25;14.11
2342674;108.00;4604.00;28.50;83.25;14.02
2343113;108.00;4599.00;28.50;83.25;14.11
2343501;108.00;4589.00;28.50;83.25;14.02
2343889;108.00;4578.00;28.50;83.25;13.92
2344247;108.00;4589.00;28.50;83.25;14.11
2344686;108.00;4578.00;28.50;83.25;14.02
2345128;108.00;4588.00;28.50;83.25;14.11
2345566;108.00;4596.00;28.50;83.25;14.11
2345952;108.00;4600.00;28.50;83.25;14.11
2346337;108.00;4589.00;28.50;83.25;14.11
2346723;108.00;4590.00;28.50;83.25;14.11
2347107;107.00;4596.00;28.50;83.25;14.11
2347495;107.00;4591.00;28.50;83.25;14.11
2347881;108.00;4597.00;28.50;83.25;14.02
2348245;107.00;4569.00;28.50;83.25;14.11
2348688;107.00;4531.00;28.50;83.25;14.02
2349077;106.00;4511.00;28.50;83.25;14.11
2349472;106.00;4508.00;28.50;83.25;14.11
2349874;106.00;4500.00;28.50;83.25;14.21
2350182;107.00;4522.00;28.50;83.25;14.11
2350575;107.00;4528.00;28.50;83.25;14.11
2350960;107.00;4547.00;28.50;83.25;14.11
2351345;107.00;4579.00;28.50;83.25;14.11
2351837;107.00;4582.00;28.50;83.25;14.11
2352273;107.00;4581.00;28.50;83.25;14.11
2352661;108.00;4590.00;28.50;83.25;14.11
2353050;108.00;4610.00;28.50;83.25;14.02
2353438;108.00;4609.00;28.50;83.25;14.11
2353828;108.00;4601.00;28.50;83.25;14.11
2354265;108.00;4604.00;28.50;83.25;14.11
2354649;108.00;4602.00;28.50;83.25;14.11
2355035;108.00;4610.00;28.50;83.25;14.11
2355422;108.00;4620.00;28.50;83.25;14.21
2355812;110.00;4633.00;28.50;83.25;14.11
2356255;110.00;4630.00;28.50;83.25;14.21
2356646;110.00;4636.00;28.50;83.25;14.11
2357086;108.00;4623.00;28.50;83.25;14.11
2357525;108.00;4618.00;28.50;83.25;14.11
2357909;108.00;4627.00;28.50;83.25;14.11
2358213;108.00;4609.00;28.50;83.25;14.11
2358649;108.00;4607.00;28.50;83.25;14.11
2359084;108.00;4608.00;28.50;83.25;14.02
2359473;108.00;4606.00;28.50;83.25;14.11
2359863;108.00;4611.00;28.50;83.25;14.11
2360248;108.00;4595.00;28.50;83.25;14.11
2360635;108.00;4597.00;28.50;83.25;14.02
2361023;108.00;4604.00;28.50;83.25;14.11
2361412;108.00;4598.00;28.50;83.25;14.11
2361794;108.00;4602.00;28.50;83.25;14.02
2362191;108.00;4589.00;28.50;83.25;14.11
2362580;107.00;4573.00;28.50;83.25;14.11
2362968;107.00;4571.00;28.50;83.25;14.21
2363275;107.00;4562.00;28.50;83.25;14.11
2363664;107.00;4583.00;28.50;83.25;14.11
2364049;107.00;4555.00;28.50;83.25;14.02
2364439;107.00;4565.00;28.50;83.25;14.11
2364828;107.00;4569.00;28.50;83.25;14.11
2365264;107.00;4570.00;28.50;83.25;14.21
2365703;107.00;4569.00;28.50;83.25;14.11
2366091;107.00;4563.00;28.50;83.25;14.11
2366476;107.00;4558.00;28.50;83.25;14.02
2366864;107.00;4557.00;28.50;83.25;14.11
2367255;107.00;4558.00;28.50;83.25;14.11
2367641;107.00;4552.00;28.50;83.25;14.11
2368078;107.00;4531.00;28.50;83.25;14.11
2368462;107.00;4546.00;28.50;83.25;14.11
2368846;107.00;4541.00;28.50;83.25;14.11
2369233;107.00;4534.00;28.50;83.25;14.11
2369670;107.00;4542.00;28.50;83.25;14.11
2370057;107.00;4554.00;28.50;83.25;14.11
2370441;107.00;4555.00;28.50;83.25;14.02
2370831;107.00;4548.00;28.50;83.25;14.11
2371222;107.00;4579.00;28.50;83.25;14.11
2371657;107.00;4572.00;28.50;83.25;14.21
2372095;108.00;4574.00;28.50;83.25;14.11
2372487;107.00;4570.00;28.50;83.25;14.02
2372879;107.00;4577.00;28.50;83.25;14.11
2373266;107.00;4590.00;28.50;83.25;14.11
2373652;107.00;4564.00;28.50;83.25;14.11
2374037;107.00;4547.00;28.50;83.25;14.21
2374476;107.00;4536.00;28.50;83.25;14.11
2374913;107.00;4546.00;28.50;83.25;14.11
2375218;107.00;4549.00;28.50;83.25;14.11
2375609;107.00;4527.00;28.50;83.25;14.02
2375998;107.00;4539.00;28.50;83.25;14.11
2376436;106.00;4531.00;28.50;83.25;14.02
2376827;106.00;4514.00;28.50;83.25;14.21
2377267;106.00;4516.00;28.50;83.25;14.11
2377706;106.00;4516.00;28.50;83.25;14.11
2378140;106.00;4540.00;28.50;83.25;14.11
2378524;106.00;4514.00;28.50;83.25;14.11
2378909;107.00;4536.00;28.50;83.25;14.11
2379218;106.00;4529.00;28.50;83.25;14.21
2379610;107.00;4517.00;28.50;83.25;14.02
2380002;107.00;4539.00;28.50;83.25;14.11
2380389;107.00;4540.00;28.50;83.25;14.11
2380773;107.00;4540.00;28.50;83.25;14.11
2381206;107.00;4551.00;28.50;83.25;14.02
2381593;107.00;4546.00;28.50;83.25;14.11
2381981;107.00;4554.00;28.50;83.25;14.02
2382289;107.00;4545.00;28.50;83.25;14.11
2382728;107.00;4542.00;28.50;83.25;14.02
2383167;107.00;4531.00;28.50;83.25;14.11
2383557;107.00;4539.00;28.50;83.25;14.11
2383942;107.00;4558.00;28.50;83.25;14.21
2384301;107.00;4563.00;28.50;83.25;14.11
2384739;107.00;4566.00;28.50;83.25;14.11
2385176;107.00;4555.00;28.50;83.25;14.11
2385560;107.00;4565.00;28.50;83.25;14.11
2385945;107.00;4552.00;28.50;83.25;14.11
2386248;107.00;4568.00;28.50;83.25;14.11
2386633;107.00;4564.00;28.50;83.25;14.11
2387019;108.00;4569.00;28.50;83.25;14.11
2387460;107.00;4569.00;28.50;83.25;14.11
2387897;108.00;4580.00;28.50;83.25;14.11
2388285;107.00;4589.00;28.50;83.25;14.11
2388674;107.00;4575.00;28.50;83.25;14.11
2389059;107.00;4565.00;28.50;83.25;14.02
2389449;107.00;4558.00;28.50;83.25;14.02
2389885;107.00;4556.00;28.50;83.25;14.11
2390324;107.00;4547.00;28.50;83.25;14.21
2390766;107.00;4530.00;28.50;83.25;14.11
2391155;107.00;4527.00;28.50;83.25;14.11
2391545;107.00;4529.00;28.50;83.25;14.11
2391930;106.00;4512.00;28.50;83.25;14.21
2392256;106.00;4496.00;28.50;83.25;14.02
2392645;106.00;4493.00;28.50;83.25;14.11
2393033;106.00;4495.00;28.50;83.25;14.02
2393421;106.00;4477.00;28.50;83.25;14.11
2393811;106.00;4463.00;28.50;83.25;14.11
2394195;105.00;4466.00;28.50;83.25;14.11
2394636;105.00;4458.00;28.50;83.25;14.21
2395076;105.00;4440.00;28.50;83.25;14.11
2395470;105.00;4454.00;28.50;83.25;14.11
2395855;105.00;4472.00;28.50;83.25;14.21
2396243;105.00;4480.00;28.50;83.25;14.11
2396631;105.00;4482.00;28.50;83.25;14.02
2397021;105.00;4480.00;28.50;83.25;14.11
2397425;106.00;4491.00;28.50;83.25;14.21
2397817;106.00;4495.00;28.50;83.25;14.11
2398205;106.00;4507.00;28.50;83.25;14.02
2398592;106.00;4505.00;28.50;83.25;14.21
2398983;106.00;4512.00;28.50;83.25;14.21
2399289;106.00;4500.00;28.50;83.25;14.02
2399680;106.00;4515.00;28.50;83.25;14.02
2400065;106.00;4506.00;28.50;83.25;14.11
2400454;106.00;4512.00;28.50;83.25;14.11
2400838;106.00;4534.00;28.50;83.25;14.11
2401225;107.00;4527.00;28.50;83.25;14.11
2401666;107.00;4544.00;28.50;83.25;14.11
2402051;107.00;4541.00;28.50;83.25;14.11
2402437;107.00;4580.00;28.50;83.25;14.11
2402821;108.00;4570.00;28.50;83.25;14.11
2403211;108.00;4593.00;28.50;83.25;14.11
2403648;108.00;4606.00;28.50;83.25;14.11
2404132;108.00;4611.00;28.50;83.25;14.11
2404516;108.00;4600.00;28.50;83.25;14.21
2404907;108.00;4604.00;28.50;83.25;14.11
2405297;108.00;4601.00;28.50;83.25;14.11
2405682;108.00;4622.00;28.50;83.25;14.11
2406067;108.00;4621.00;28.50;83.25;14.11
2406452;108.00;4632.00;28.50;83.25;14.11
2406839;108.00;4635.00;28.50;83.25;14.02
2407230;110.00;4639.00;28.50;83.25;14.11
2407625;110.00;4648.00;28.50;83.25;14.11
2408012;110.00;4651.00;28.50;83.25;14.02
2408319;110.00;4633.00;28.50;83.25;14.11
2408706;110.00;4633.00;28.50;83.25;14.11
2409089;108.00;4611.00;28.50;83.25;14.11
2409529;108.00;4621.00;28.50;83.25;14.11
2409965;108.00;4622.00;28.50;83.25;14.11
2410269;108.00;4650.00;28.50;83.25;14.11
2410655;108.00;4619.00;28.50;83.25;14.11
2411041;108.00;4609.00;28.50;83.25;14.02
2411430;108.00;4595.00;28.50;83.25;14.11
2411821;108.00;4582.00;28.50;83.25;14.11
2412206;108.00;4583.00;28.50;83.25;14.02
2412595;107.00;4578.00;28.50;83.25;14.02
2412985;107.00;4568.00;28.50;83.25;14.11
2413292;107.00;4564.00;28.50;83.25;14.11
2413675;107.00;4535.00;28.50;83.25;14.02
2414064;107.00;4543.00;28.50;83.25;14.11
2414503;107.00;4536.00;28.50;83.25;14.02
2414943;107.00;4537.00;28.50;83.25;14.11
2415252;107.00;4548.00;28.50;83.25;14.11
2415638;107.00;4549.00;28.50;83.25;14.11
2416024;107.00;4571.00;28.50;83.25;14.11
2416329;107.00;4556.00;28.50;83.25;14.11
2416715;107.00;4558.00;28.50;83.25;14.11
2417099;107.00;4571.00;28.50;83.25;14.11
2417483;107.00;4553.00;28.50;83.25;14.11
2417926;106.00;4542.00;28.50;83.25;14.11
2418316;107.00;4538.00;28.50;83.25;14.11
2418706;107.00;4550.00;28.50;83.25;14.11
2419093;107.00;4562.00;28.50;83.25;14.02
2419482;107.00;4539.00;28.50;83.25;14.11
2419869;107.00;4557.00;28.50;83.25;14.02
2420309;107.00;4554.00;28.50;83.25;14.11
2420747;107.00;4537.00;28.50;83.25;14.11
2421133;107.00;4528.00;28.50;83.25;14.11
2421517;107.00;4519.00;28.50;83.25;14.11
2421901;107.00;4521.00;28.50;83.25;14.11
2422284;106.00;4504.00;28.50;83.25;14.02
2422726;106.00;4512.00;28.50;83.25;14.02
2423110;106.00;4510.00;28.50;83.25;14.11
2423499;106.00;4500.00;28.50;83.25;14.02
2423889;106.00;4500.00;28.50;83.25;14.02
2424270;106.00;4482.00;28.50;83.25;14.11
2424659;106.00;4476.00;28.50;83.25;14.11
2425043;105.00;4467.00;28.50;83.25;14.02
2425355;105.00;4457.00;28.50;83.25;14.11
2425794;105.00;4451.00;28.50;83.25;14.11
2426230;105.00;4434.00;28.50;83.25;14.02
2426619;105.00;4427.00;28.50;83.25;14.02
2427005;103.00;4421.00;28.50;83.25;14.11
2427367;103.00;4393.00;28.50;83.25;14.11
2427803;103.00;4401.00;28.50;83.25;14.11
2428188;103.00;4407.00;28.50;83.25;14.11
2428576;103.00;4404.00;28.50;83.25;14.02
2428964;105.00;4418.00;28.50;83.25;14.02
2429323;103.00;4431.00;28.50;83.25;14.02
2429712;105.00;4447.00;28.50;83.25;14.02
2430101;105.00;4446.00;28.50;83.25;14.11
2430487;105.00;4466.00;28.50;83.25;14.11
2430873;106.00;4479.00;28.50;83.25;14.11
2431263;106.00;4496.00;28.50;83.25;14.11
2431652;106.00;4515.00;28.50;83.25;14.11
2432090;106.00;4531.00;28.50;83.25;14.11
2432525;107.00;4557.00;28.50;83.25;14.11
2432966;107.00;4557.00;28.50;83.25;14.02
2433271;107.00;4572.00;28.50;83.25;14.11
2433662;108.00;4585.00;28.50;83.25;14.02
2434057;108.00;4593.00;28.50;83.25;14.11
2434416;108.00;4594.00;28.50;83.25;14.02
2434857;108.00;4586.00;28.50;83.25;14.02
2435295;108.00;4604.00;28.50;83.25;14.11
2435683;108.00;4642.00;28.50;83.25;14.02
2436073;110.00;4643.00;28.50;83.25;14.11
2436464;110.00;4658.00;28.50;83.25;14.02
2436851;110.00;4645.00;28.50;83.25;14.02
2437237;110.00;4658.00;28.50;83.25;14.11
2437628;110.00;4662.00;28.50;83.25;14.11
2438016;110.00;4676.00;28.50;83.25;14.02
2438324;110.00;4671.00;28.50;83.25;14.11
2438713;110.00;4684.00;28.50;83.25;14.11
2439098;111.00;4697.00;28.50;83.25;14.11
2439536;110.00;4677.00;28.50;83.25;14.11
2439924;110.00;4684.00;28.50;83.25;14.11
2440313;111.00;4682.00;28.50;83.25;14.02
2440704;111.00;4678.00;28.50;83.25;14.11
2441089;110.00;4671.00;28.50;83.25;14.02
2441481;110.00;4657.00;28.50;83.25;13.92
2441869;110.00;4663.00;28.50;83.25;14.11
2442259;110.00;4654.00;28.50;83.25;14.11
2442645;110.00;4652.00;28.50;83.25;14.02
2443036;110.00;4644.00;28.50;83.25;14.11
2443344;108.00;4608.00;28.50;83.25;14.02
2443737;108.00;4608.00;28.50;83.25;14.11
2444136;108.00;4593.00;28.50;83.25;14.11
2444521;108.00;4602.00;28.50;83.25;14.11
2444906;108.00;4608.00;28.50;83.25;14.11
2445293;108.00;4625.00;28.50;83.25;14.11
2445729;110.00;4642.00;28.50;83.25;14.11
2446118;108.00;4611.00;28.50;83.25;14.11
2446556;108.00;4633.00;28.50;83.25;14.02
2446945;108.00;4626.00;28.50;83.25;14.11
2447334;108.00;4595.00;28.50;83.25;14.11
2447719;108.00;4607.00;28.50;83.25;14.11
2448156;108.00;4546.00;28.50;83.25;14.02
2448544;108.00;4558.00;28.50;83.25;14.02
2448979;108.00;4566.00;28.50;83.25;14.11
2449289;108.00;4569.00;28.50;83.25;14.11
2449726;108.00;4581.00;28.50;83.25;14.11
2450162;108.00;4562.00;28.50;83.25;14.11
2450598;107.00;4561.00;28.50;83.25;14.11
2450986;107.00;4536.00;28.50;83.25;14.11
2451294;107.00;4527.00;28.50;83.25;14.11
2451731;107.00;4527.00;28.50;83.25;14.11
2452111;107.00;4521.00;28.50;83.25;14.11
2452497;107.00;4541.00;28.50;83.25;14.11
2452884;107.00;4537.00;28.50;83.25;14.11
2453320;107.00;4548.00;28.50;83.25;14.11
2453703;107.00;4529.00;28.50;83.25;14.11
2454089;107.00;4544.00;28.50;83.25;14.02
2454529;107.00;4524.00;28.50;83.25;14.11
2454968;106.00;4572.00;28.50;83.25;14.11
2455408;106.00;4590.00;28.50;83.25;14.11
2455845;107.00;4533.00;28.50;83.25;14.02
2456288;107.00;4549.00;28.50;83.25;14.11
2456677;107.00;4539.00;28.50;83.25;14.11
2457111;107.00;4547.00;28.50;83.25;14.11
2457495;107.00;4547.00;28.50;83.25;14.02
2457930;107.00;4567.00;28.50;83.25;14.11
2458320;107.00;4565.00;28.50;83.25;14.02
2458707;108.00;4589.00;28.50;83.25;14.02
2459096;107.00;4583.00;28.50;83.25;14.02
2459485;107.00;4570.00;28.50;83.25;14.11
2459875;107.00;4577.00;28.50;83.25;14.11
2460266;107.00;4568.00;28.50;83.25;14.02
2460655;107.00;4562.00;28.50;83.25;14.11
2461044;107.00;4546.00;28.50;83.25;14.02
2461352;107.00;4554.00;28.50;83.25;14.02
2461735;107.00;4564.00;28.50;83.25;14.11
2462124;107.00;4571.00;28.50;83.25;14.11
2462561;108.00;4574.00;28.50;83.25;14.11
2463002;108.00;4582.00;28.50;83.25;14.11
2463306;108.00;4588.00;28.50;83.25;14.11
2463690;108.00;4600.00;28.50;83.25;14.11
2464125;108.00;4615.00;28.50;83.25;14.02
2464512;110.00;4627.00;28.50;83.25;14.11
2464905;110.00;4640.00;28.50;83.25;14.02
2465295;110.00;4656.00;28.50;83.25;14.11
2465684;110.00;4677.00;28.50;83.25;14.11
2466071;110.00;4685.00;28.50;83.25;14.02
2466430;111.00;4709.00;28.50;83.25;14.11
2466872;112.00;4745.00;28.50;83.25;14.02
2467269;112.00;4747.00;28.50;83.25;14.11
2467659;111.00;4736.00;28.50;83.25;14.11
2468100;111.00;4719.00;28.50;83.25;14.11
2468403;111.00;4672.00;28.50;83.25;14.11
2468787;111.00;4715.00;28.50;83.25;13.92
2469226;110.00;4681.00;28.50;83.25;14.11
2469670;110.00;4671.00;28.50;83.25;14.11
2470055;110.00;4650.00;28.50;83.25;14.11
2470422;108.00;4615.00;28.50;83.25;14.11
2470861;108.00;4612.00;28.50;83.25;14.11
2471245;108.00;4619.00;28.50;83.25;14.02
2471633;108.00;4605.00;28.50;83.25;14.11
2472022;108.00;4601.00;28.50;83.25;14.11
2472383;108.00;4611.00;28.50;83.25;14.11
2472820;108.00;4613.00;28.50;82.50;14.02
2473210;108.00;4606.00;28.50;82.50;14.11
2473597;108.00;4594.00;28.50;82.50;14.11
2473981;108.00;4588.00;28.50;82.50;14.11
2474367;108.00;4585.00;28.50;82.50;14.11
2474752;108.00;4569.00;28.50;82.50;14.11
2475138;108.00;4597.00;28.50;82.50;14.11
2475522;108.00;4578.00;28.50;82.50;14.11
2475910;108.00;4589.00;28.50;82.50;14.02
2476348;108.00;4564.00;28.50;82.50;14.11
2476738;107.00;4572.00;28.50;82.50;14.11
2477178;107.00;4573.00;28.50;82.50;14.11
2477613;107.00;4583.00;28.50;82.50;14.11
2477999;108.00;4578.00;28.50;82.50;14.11
2478389;108.00;4591.00;28.50;82.50;14.11
2478776;107.00;4566.00;28.50;82.50;14.11
2479215;108.00;4564.00;28.50;82.50;14.02
2479710;108.00;4578.00;28.50;82.50;14.02
2480098;108.00;4551.00;28.50;82.50;14.11
2480411;108.00;4593.00;28.50;82.50;14.11
2480795;108.00;4578.00;28.50;82.50;14.11
2481180;108.00;4598.00;28.50;82.50;14.11
2481617;108.00;4580.00;28.50;82.50;14.02
2482057;108.00;4597.00;28.50;82.50;14.11
2482365;108.00;4589.00;28.50;82.50;14.11
2482748;108.00;4592.00;28.50;82.50;14.02
2483140;108.00;4589.00;28.50;82.50;14.11
2483580;108.00;4593.00;28.50;82.50;14.11
2484016;108.00;4590.00;28.50;82.50;14.11
2484451;108.00;4578.00;28.50;82.50;14.02
2484839;108.00;4594.00;28.50;82.50;14.02
2485223;107.00;4586.00;28.50;82.50;14.02
2485662;108.00;4579.00;28.50;82.50;14.11
2486104;108.00;4584.00;28.50;82.50;14.02
2486412;108.00;4603.00;28.50;82.50;14.02
2486847;108.00;4623.00;28.50;82.50;14.02
2487231;108.00;4602.00;28.50;82.50;14.11
2487669;108.00;4604.00;28.50;82.50;14.11
2488105;108.00;4598.00;28.50;82.50;14.11
2488409;108.00;4590.00;28.50;82.50;14.11
2488794;108.00;4605.00;28.50;82.50;14.11
2489177;110.00;4622.00;28.50;82.50;14.11
2489567;110.00;4646.00;28.50;82.50;14.02
2489954;110.00;4671.00;28.50;82.50;14.02
2490341;111.00;4703.00;28.50;82.50;14.11
2490734;111.00;4691.00;28.50;82.50;14.02
2491124;111.00;4692.00;28.50;82.50;14.11
2491431;111.00;4679.00;28.50;82.50;14.11
2491830;111.00;4682.00;28.50;82.50;14.02
2492269;110.00;4690.00;28.50;82.50;14.11
2492712;110.00;4681.00;28.50;82.50;14.11
2493147;111.00;4684.00;28.50;82.50;14.02
2493538;110.00;4689.00;28.50;82.50;14.11
2493930;110.00;4678.00;28.50;82.50;14.02
2494317;110.00;4670.00;28.50;82.50;14.11
2494706;110.00;4659.00;28.50;82.50;14.02
2495093;110.00;4659.00;28.50;82.50;14.11
2495398;110.00;4655.00;28.50;82.50;14.11
2495806;110.00;4651.00;28.50;82.50;14.02
2496198;110.00;4636.00;28.50;82.50;14.11
2496592;108.00;4621.00;28.50;82.50;14.02
2496986;110.00;4629.00;28.50;83.25;14.11
2497382;108.00;4633.00;28.50;83.25;14.02
2497774;108.00;4633.00;28.50;83.25;14.11
2498157;110.00;4640.00;28.50;83.25;14.02
2498551;110.00;4670.00;28.50;83.25;14.11
2498941;110.00;4663.00;28.50;83.25;14.11
2499326;110.00;4661.00;28.50;83.25;14.02
2499766;111.00;4670.00;28.50;83.25;14.11
2500209;111.00;4686.00;28.50;83.25;14.11
2500648;111.00;4678.00;28.50;83.25;14.11
2501034;111.00;4708.00;28.50;83.25;14.11
2501420;110.00;4691.00;28.50;83.25;14.02
2501811;111.00;4703.00;28.50;83.25;14.11
2502202;111.00;4683.00;28.50;83.25;14.02
2502589;111.00;4690.00;28.50;83.25;14.11
2502979;111.00;4705.00;28.50;83.25;14.02
2503370;111.00;4720.00;28.50;83.25;14.11
2503808;111.00;4722.00;28.50;83.25;14.11
2504193;111.00;4718.00;28.50;83.25;14.11
2504580;111.00;4723.00;28.50;83.25;14.11
2504966;111.00;4711.00;28.50;83.25;14.11
2505349;111.00;4744.00;28.50;83.25;14.11
2505736;112.00;4757.00;28.50;83.25;14.02
2506178;112.00;4748.00;28.50;83.25;14.11
2506567;112.00;4755.00;28.50;83.25;14.11
2506953;112.00;4772.00;28.50;83.25;14.02
2507342;112.00;4775.00;28.50;83.25;14.11
2507731;112.00;4771.00;28.50;83.25;14.02
2508121;112.00;4768.00;28.50;83.25;14.11
2508428;113.00;4794.00;28.50;83.25;14.11
2508818;113.00;4869.00;28.50;83.25;14.11
2509204;117.00;4953.00;28.50;83.25;14.11
2509593;118.00;5022.00;28.50;83.25;14.11
2509984;121.00;5171.00;28.50;83.25;14.11
2510371;122.00;5210.00;28.50;83.25;14.02
2510767;125.00;5312.00;28.50;83.25;14.11
2511208;127.00;5414.00;28.50;83.25;14.11
2511648;130.00;5493.00;28.50;83.25;14.11
2512088;131.00;5578.00;28.50;83.25;14.11
2512402;132.00;5662.00;28.50;83.25;14.02
2512793;135.00;5706.00;28.50;83.25;14.02
2513182;136.00;5810.00;28.50;83.25;14.11
2513574;138.00;5880.00;28.50;83.25;14.11
2513961;140.00;5973.00;28.50;83.25;14.11
2514350;142.00;6034.00;28.50;83.25;14.11
2514738;143.00;6088.00;28.50;83.25;13.92
2515132;143.00;6160.00;28.50;83.25;14.11
2515492;146.00;6206.00;28.50;83.25;14.11
2515931;147.00;6263.00;28.50;83.25;14.11
2516372;148.00;6333.00;28.50;83.25;14.11
2516759;150.00;6409.00;28.50;83.25;13.92
2517152;151.00;6405.00;28.50;83.25;14.02
2517463;152.00;6481.00;28.50;83.25;14.11
2517855;153.00;6560.00;28.50;83.25;14.11
2518243;155.00;6598.00;28.50;83.25;14.11
2518632;156.00;6631.00;28.50;83.25;14.02
2519025;157.00;6647.00;28.50;83.25;14.11
2519417;157.00;6689.00;28.50;83.25;14.11
2519802;158.00;6706.00;28.50;83.25;14.11
2520242;158.00;6699.00;28.50;83.25;14.11
2520677;157.00;6669.00;28.50;83.25;14.11
2521167;156.00;6623.00;28.50;84.00;14.11
2521478;155.00;6571.00;28.50;84.00;14.11
2521867;153.00;6508.00;28.50;84.00;13.92
2522259;152.00;6438.00;28.50;84.00;13.92
2522648;150.00;6340.00;28.50;84.00;14.11
2523042;148.00;6275.00;28.50;84.00;14.11
2523432;146.00;6216.00;28.50;84.00;14.02
2523824;145.00;6143.00;28.50;84.00;14.11
2524217;145.00;6105.00;28.50;84.00;13.92
2524606;143.00;6054.00;28.50;84.00;14.11
2525001;141.00;5966.00;28.50;84.00;14.11
2525390;140.00;5869.00;28.50;84.75;14.02
2525786;138.00;5829.00;28.50;84.75;14.02
2526176;137.00;5774.00;28.50;84.75;14.02
2526566;136.00;5751.00;28.50;84.75;14.02
2526961;135.00;5666.00;28.50;84.75;14.11
2527354;132.00;5609.00;28.50;84.75;14.02
2527748;130.00;5544.00;28.50;84.75;14.02
2528147;128.00;5446.00;28.50;84.75;14.11
2528458;127.00;5376.00;28.50;84.75;14.11
2528846;125.00;5374.00;28.50;84.75;14.02
2529239;125.00;5257.00;28.50;84.75;14.02
2529624;123.00;5241.00;28.50;84.75;14.02
2530064;122.00;5156.00;28.50;84.75;14.02
2530503;121.00;5138.00;28.50;84.75;14.02
2530943;120.00;5086.00;28.50;84.00;14.11
2531389;118.00;5035.00;28.50;84.00;14.02
2531784;118.00;4991.00;28.50;84.00;14.02
2532170;118.00;4984.00;28.50;84.00;14.11
2532529;117.00;5000.00;28.50;84.00;14.11
2532919;117.00;4988.00;28.50;84.00;14.02
2533309;117.00;4969.00;28.50;84.00;14.02
2533692;117.00;4931.00;28.50;84.00;14.11
2534082;116.00;4891.00;28.50;84.00;14.21
2534524;115.00;4872.00;28.50;84.00;14.11
2534918;113.00;4846.00;28.50;84.00;14.11
2535314;113.00;4811.00;28.50;84.00;14.11
2535699;113.00;4807.00;28.50;84.00;14.02
2536138;113.00;4800.00;28.50;84.00;13.92
2536447;112.00;4793.00;28.50;84.00;14.02
2536838;112.00;4757.00;28.50;84.00;14.11
2537227;112.00;4777.00;28.50;84.00;14.02
2537615;112.00;4774.00;28.50;84.00;14.02
2538000;112.00;4763.00;28.50;84.00;14.02
2538435;113.00;4780.00;28.50;84.00;14.02
2538825;112.00;4759.00;28.50;84.00;14.02
2539214;112.00;4780.00;28.50;84.00;14.02
2539615;112.00;4752.00;28.50;84.00;14.11
2540054;113.00;4807.00;28.50;84.00;14.11
2540495;113.00;4832.00;28.50;84.00;14.02
2540935;113.00;4833.00;28.50;84.00;14.11
2541375;115.00;4834.00;28.50;84.00;13.92
2541819;115.00;4856.00;28.50;83.25;14.11
2542267;113.00;4840.00;28.50;83.25;14.02
2542661;115.00;4833.00;28.50;83.25;14.11
2543052;113.00;4832.00;28.50;83.25;14.11
2543439;113.00;4823.00;28.50;83.25;14.11
2543874;113.00;4808.00;28.50;83.25;14.02
2544314;113.00;4774.00;28.50;83.25;14.02
2544711;112.00;4806.00;28.50;83.25;14.02
2545109;112.00;4774.00;28.50;83.25;13.92
2545467;112.00;4766.00;28.50;83.25;14.02
2545907;112.00;4752.00;28.50;83.25;14.11
2546347;112.00;4727.00;28.50;83.25;14.11
2546783;112.00;4729.00;28.50;83.25;14.11
2547174;112.00;4740.00;28.50;83.25;14.11
2547479;112.00;4729.00;28.50;83.25;14.11
2547866;111.00;4735.00;28.50;83.25;14.11
2548255;111.00;4723.00;28.50;83.25;14.02
2548695;111.00;4725.00;28.50;83.25;14.11
2549083;111.00;4727.00;28.50;83.25;14.11
2549469;111.00;4725.00;28.50;83.25;14.11
2549852;111.00;4731.00;28.50;83.25;14.02
2550293;111.00;4726.00;28.50;83.25;14.11
2550731;111.00;4705.00;28.50;83.25;14.02
2551171;111.00;4701.00;28.50;83.25;14.11
2551479;111.00;4713.00;28.50;83.25;14.02
2551867;111.00;4699.00;28.50;83.25;14.11
2552258;110.00;4688.00;28.50;83.25;14.02
2552653;111.00;4665.00;28.50;83.25;14.02
2553040;110.00;4676.00;28.50;83.25;14.11
2553433;110.00;4675.00;28.50;83.25;14.11
2553816;110.00;4674.00;28.50;83.25;14.11
2554201;110.00;4656.00;28.50;83.25;14.02
2554511;110.00;4682.00;28.50;83.25;14.11
2554903;110.00;4638.00;28.50;83.25;14.11
2555292;110.00;4642.00;28.50;83.25;14.11
2555684;110.00;4632.00;28.50;83.25;14.11
2556119;108.00;4671.00;28.50;83.25;14.11
2556427;108.00;4618.00;28.50;83.25;14.11
2556815;108.00;4595.00;28.50;83.25;14.11
2557200;108.00;4598.00;28.50;83.25;14.11
2557505;108.00;4594.00;28.50;83.25;14.11
2557890;108.00;4579.00;28.50;83.25;14.11
2558275;107.00;4579.00;28.50;83.25;14.11
2558660;107.00;4578.00;28.50;83.25;14.02
2559046;107.00;4571.00;28.50;83.25;14.02
2559430;107.00;4569.00;28.50;83.25;14.02
2559818;107.00;4577.00;28.50;83.25;14.11
2560206;107.00;4575.00;28.50;83.25;14.11
2560511;107.00;4585.00;28.50;83.25;14.11
2560897;107.00;4594.00;28.50;83.25;14.11
2561333;108.00;4589.00;28.50;83.25;14.11
2561720;108.00;4598.00;28.50;83.25;14.11
2562105;108.00;4599.00;28.50;83.25;14.11
2562492;108.00;4597.00;28.50;83.25;14.11
2562880;108.00;4592.00;28.50;83.25;14.11
2563276;108.00;4579.00;28.50;83.25;14.11
2563665;107.00;4557.00;28.50;83.25;14.11
2564104;107.00;4547.00;28.50;83.25;14.02
2564543;107.00;4527.00;28.50;83.25;14.11
2564982;106.00;4520.00;28.50;83.25;14.11
2565421;106.00;4513.00;28.50;83.25;14.11
2565806;106.00;4486.00;28.50;83.25;14.02
2566195;106.00;4508.00;28.50;83.25;14.11
2566553;106.00;4494.00;28.50;83.25;14.11
2566989;105.00;4473.00;28.50;83.25;14.11
2567378;105.00;4462.00;28.50;83.25;14.02
2567766;105.00;4440.00;28.50;83.25;14.11
2568155;105.00;4465.00;28.50;83.25;14.11
2568463;105.00;4471.00;28.50;83.25;14.11
2568900;106.00;4473.00;28.50;83.25;14.11
2569289;106.00;4485.00;28.50;83.25;14.11
2569675;106.00;4502.00;28.50;83.25;14.02
2570064;106.00;4506.00;28.50;83.25;14.02
2570451;106.00;4496.00;28.50;83.25;14.11
2570889;106.00;4497.00;28.50;83.25;14.11
2571324;106.00;4491.00;28.50;83.25;14.02
2571815;106.00;4501.00;28.50;83.25;14.02
2572264;106.00;4481.00;28.50;83.25;14.11
2572653;106.00;4480.00;28.50;83.25;14.11
2573039;106.00;4472.00;28.50;83.25;14.02
2573428;106.00;4464.00;28.50;83.25;14.02
2573816;106.00;4487.00;28.50;83.25;14.11
2574204;105.00;4463.00;28.50;83.25;14.11
2574643;105.00;4476.00;28.50;83.25;14.02
2575033;106.00;4484.00;28.50;83.25;14.02
2575423;106.00;4491.00;28.50;83.25;14.02
2575812;106.00;4492.00;28.50;83.25;14.11
2576252;106.00;4483.00;28.50;83.25;14.11
2576689;106.00;4484.00;28.50;83.25;14.11
2577124;106.00;4472.00;28.50;83.25;14.11
2577509;105.00;4470.00;28.50;83.25;14.11
2577898;106.00;4467.00;28.50;83.25;14.11
2578298;106.00;4467.00;28.50;83.25;14.11
2578680;106.00;4469.00;28.50;83.25;14.02
2579068;106.00;4487.00;28.50;83.25;14.11
2579507;106.00;4497.00;28.50;83.25;14.11
2579944;106.00;4476.00;28.50;83.25;14.11
2580329;106.00;4485.00;28.50;83.25;14.02
2580717;106.00;4498.00;28.50;83.25;14.11
2581107;106.00;4497.00;28.50;83.25;14.11
2581493;106.00;4483.00;28.50;83.25;14.02
2581931;106.00;4491.00;28.50;83.25;14.02
2582366;106.00;4483.00;28.50;82.50;14.11
2582808;106.00;4491.00;28.50;82.50;14.11
2583196;106.00;4497.00;28.50;82.50;14.02
2583504;106.00;4514.00;28.50;82.50;14.02
2583939;106.00;4536.00;28.50;82.50;14.11
2584328;106.00;4528.00;28.50;82.50;14.11
2584765;106.00;4516.00;28.50;82.50;14.02
2585153;106.00;4526.00;28.50;82.50;14.21
2585460;106.00;4511.00;28.50;82.50;14.02
2585898;106.00;4510.00;28.50;82.50;14.11
2586338;106.00;4512.00;28.50;82.50;14.02
2586725;107.00;4523.00;28.50;82.50;14.11
2587116;107.00;4532.00;28.50;82.50;14.02
2587518;107.00;4545.00;28.50;82.50;14.11
2587957;107.00;4553.00;28.50;82.50;14.11
2588342;107.00;4554.00;28.50;82.50;14.02
2588779;107.00;4568.00;28.50;82.50;14.11
2589168;108.00;4593.00;28.50;82.50;14.02
2589480;108.00;4594.00;28.50;82.50;14.11
2589869;108.00;4601.00;28.50;82.50;14.02
2590307;108.00;4604.00;28.50;82.50;14.11
2590696;108.00;4612.00;28.50;82.50;13.92
2591086;108.00;4609.00;28.50;82.50;14.11
2591473;108.00;4616.00;28.50;82.50;14.02
2591861;108.00;4626.00;28.50;82.50;14.02
2592245;110.00;4632.00;28.50;82.50;14.11
2592557;110.00;4628.00;28.50;82.50;14.02
2592946;110.00;4625.00;28.50;82.50;14.11
2593337;110.00;4649.00;28.50;82.50;14.11
2593721;110.00;4668.00;28.50;82.50;14.11
2594106;110.00;4681.00;28.50;82.50;14.11
2594542;110.00;4679.00;28.50;82.50;14.11
2594927;110.00;4693.00;28.50;82.50;14.11
2595311;111.00;4701.00;28.50;82.50;14.11
2595704;111.00;4707.00;28.50;82.50;14.02
2596093;111.00;4710.00;28.50;82.50;14.11
2596481;111.00;4759.00;28.50;82.50;14.11
2596917;112.00;4758.00;28.50;83.25;14.11
2597409;112.00;4776.00;28.50;83.25;14.02
2597799;113.00;4786.00;28.50;83.25;14.11
2598190;113.00;4786.00;28.50;83.25;14.02
2598495;113.00;4805.00;28.50;83.25;14.11
2598882;113.00;4812.00;28.50;83.25;14.11
2599318;113.00;4809.00;28.50;83.25;14.02
2599764;113.00;4803.00;28.50;83.25;14.02
2600200;113.00;4806.00;28.50;83.25;14.02
2600504;113.00;4797.00;28.50;83.25;14.11
2600894;112.00;4793.00;28.50;83.25;14.02
2601287;112.00;4763.00;28.50;83.25;14.11
2601675;112.00;4741.00;28.50;83.25;14.11
2602062;111.00;4740.00;28.50;83.25;14.11
2602450;111.00;4725.00;28.50;83.25;14.02
2602840;111.00;4702.00;28.50;83.25;14.02
2603224;111.00;4703.00;28.50;83.25;14.11
2603535;111.00;4686.00;28.50;83.25;14.11
2603918;111.00;4688.00;28.50;83.25;14.11
2604303;111.00;4670.00;28.50;83.25;14.02
2604691;110.00;4678.00;28.50;83.25;14.02
2605082;110.00;4676.00;28.50;83.25;14.11
2605473;110.00;4676.00;28.50;82.50;13.92
2605945;111.00;4652.00;28.50;82.50;14.11
2606335;110.00;4667.00;28.50;82.50;14.11
2606723;110.00;4662.00;28.50;82.50;14.02
2607112;110.00;4665.00;28.50;82.50;14.11
2607501;110.00;4652.00;28.50;82.50;14.11
2607936;110.00;4648.00;28.50;82.50;14.11
2608372;110.00;4638.00;28.50;82.50;14.11
2608759;110.00;4643.00;28.50;82.50;14.02
2609147;110.00;4645.00;28.50;82.50;14.11
2609536;110.00;4651.00;28.50;82.50;14.11
2609973;110.00;4655.00;28.50;82.50;14.11
2610408;110.00;4666.00;28.50;82.50;14.02
2610911;110.00;4657.00;28.50;82.50;14.02
2611299;110.00;4671.00;28.50;82.50;14.11
2611739;110.00;4661.00;28.50;82.50;14.11
2612174;110.00;4676.00;28.50;82.50;14.11
2612559;111.00;4671.00;28.50;82.50;14.02
2612948;111.00;4685.00;28.50;82.50;14.11
2613336;110.00;4692.00;28.50;82.50;14.02
2613729;111.00;4696.00;28.50;82.50;14.11
2614121;111.00;4678.00;28.50;82.50;14.02
2614510;111.00;4693.00;28.50;82.50;14.11
2614899;111.00;4696.00;28.50;82.50;14.11
2615335;111.00;4691.00;28.50;82.50;14.11
2615719;111.00;4732.00;28.50;82.50;14.02
2616108;111.00;4710.00;28.50;82.50;14.11
2616498;111.00;4707.00;28.50;82.50;14.11
2616882;111.00;4718.00;28.50;82.50;14.02
2617322;111.00;4714.00;28.50;82.50;14.11
2617759;112.00;4753.00;28.50;82.50;14.02
2618231;112.00;4759.00;28.50;82.50;14.11
2618540;112.00;4750.00;28.50;82.50;14.02
2618928;112.00;4738.00;27.75;82.50;14.02
2619315;112.00;4747.00;27.75;82.50;14.11
2619702;111.00;4748.00;27.75;82.50;14.02
2620098;111.00;4728.00;27.75;82.50;14.11
2620486;111.00;4672.00;27.75;82.50;14.11
2620872;110.00;4673.00;27.75;82.50;14.11
2621312;110.00;4651.00;27.75;82.50;14.02
2621699;108.00;4632.00;27.75;82.50;14.02
2622091;108.00;4634.00;27.75;82.50;14.11
2622531;108.00;4603.00;27.75;82.50;14.11
2622966;108.00;4584.00;27.75;82.50;14.11
2623351;107.00;4583.00;27.75;82.50;14.11
2623742;108.00;4596.00;27.75;82.50;14.11
2624132;108.00;4634.00;27.75;82.50;14.11
2624568;110.00;4652.00;27.75;82.50;14.02
2624958;110.00;4661.00;27.75;82.50;14.11
2625347;110.00;4689.00;27.75;82.50;14.11
2625729;110.00;4676.00;27.75;82.50;14.11
2626115;110.00;4671.00;27.75;82.50;14.02
2626554;110.00;4682.00;27.75;82.50;14.11
2626994;110.00;4663.00;27.75;82.50;14.11
2627428;110.00;4657.00;27.75;82.50;14.11
2627813;110.00;4655.00;27.75;82.50;14.02
2628206;110.00;4654.00;27.75;82.50;14.02
2628523;110.00;4664.00;27.75;82.50;14.02
2628908;110.00;4683.00;27.75;82.50;14.11
2629347;111.00;4683.00;27.75;82.50;14.02
2629787;111.00;4694.00;27.75;82.50;14.11
2630174;110.00;4676.00;27.75;82.50;14.02
2630565;110.00;4691.00;27.75;82.50;14.11
2630952;110.00;4697.00;27.75;82.50;14.11
2631336;111.00;4679.00;27.75;82.50;14.11
2631726;110.00;4671.00;27.75;82.50;14.11
2632116;110.00;4663.00;27.75;82.50;14.11
2632503;110.00;4664.00;27.75;82.50;14.02
2632890;110.00;4643.00;27.75;82.50;14.11
2633327;108.00;4639.00;27.75;82.50;14.11
2633715;110.00;4643.00;27.75;82.50;14.02
2634108;110.00;4634.00;27.75;82.50;14.02
2634493;110.00;4647.00;27.75;82.50;14.11
2634883;110.00;4651.00;27.75;82.50;14.11
2635285;110.00;4660.00;27.75;82.50;14.11
2635590;110.00;4672.00;27.75;82.50;14.11
2636027;110.00;4690.00;27.75;82.50;14.02
2636468;111.00;4690.00;27.75;82.50;14.11
2636907;111.00;4708.00;27.75;82.50;13.92
2637294;111.00;4702.00;27.75;82.50;14.11
2637603;111.00;4719.00;27.75;82.50;14.11
2637989;111.00;4711.00;27.75;82.50;14.11
2638424;111.00;4710.00;27.75;82.50;14.02
2638811;111.00;4710.00;27.75;82.50;14.02
2639192;111.00;4706.00;27.75;82.50;14.11
2639631;111.00;4687.00;27.75;82.50;14.02
2640071;111.00;4699.00;27.75;82.50;14.11
2640511;111.00;4685.00;27.75;82.50;13.92
2640949;111.00;4692.00;27.75;82.50;14.11
2641338;111.00;4699.00;27.75;82.50;14.02
2641777;111.00;4687.00;27.75;82.50;14.11
2642165;110.00;4673.00;27.75;82.50;14.11
2642554;110.00;4687.00;27.75;82.50;14.11
2642940;110.00;4664.00;27.75;82.50;14.02
2643327;110.00;4655.00;27.75;82.50;14.02
2643712;110.00;4635.00;27.75;82.50;14.11
2644099;110.00;4640.00;27.75;82.50;14.11
2644485;110.00;4639.00;27.75;82.50;13.92
2644924;110.00;4634.00;27.75;82.50;14.02
2645363;110.00;4649.00;27.75;82.50;14.11
2645801;110.00;4626.00;27.75;82.50;14.11
2646238;110.00;4626.00;27.75;82.50;14.11
2646592;108.00;4630.00;27.75;82.50;14.11
2646982;108.00;4620.00;27.75;82.50;14.11
2647418;108.00;4620.00;27.75;82.50;14.11
2647799;108.00;4617.00;27.75;82.50;14.02
2648188;108.00;4617.00;27.75;82.50;14.11
2648577;108.00;4603.00;27.75;82.50;14.11
2648963;108.00;4603.00;27.75;82.50;13.92
2649399;108.00;4597.00;27.75;82.50;14.11
2649787;108.00;4588.00;27.75;82.50;14.02
2650175;108.00;4609.00;27.75;82.50;14.11
2650563;108.00;4595.00;27.75;82.50;14.11
2650950;108.00;4596.00;27.75;82.50;14.02
2651389;108.00;4591.00;27.75;82.50;14.11
2651828;108.00;4575.00;27.75;82.50;14.11
2652262;107.00;4576.00;27.75;82.50;14.11
2652570;107.00;4579.00;27.75;82.50;14.11
2652957;107.00;4580.00;27.75;82.50;14.11
2653393;107.00;4564.00;27.75;82.50;14.02
2653835;107.00;4557.00;27.75;82.50;14.11
2654275;107.00;4552.00;27.75;82.50;14.11
2654577;107.00;4544.00;27.75;82.50;14.11
2654964;107.00;4527.00;27.75;82.50;14.11
2655348;106.00;4532.00;27.75;82.50;14.11
2655734;106.00;4521.00;27.75;82.50;14.02
2656127;106.00;4533.00;27.75;82.50;14.11
2656516;106.00;4525.00;27.75;82.50;14.11
2656900;106.00;4515.00;27.75;82.50;14.02
2657340;106.00;4496.00;27.75;82.50;14.02
2657645;106.00;4497.00;27.75;82.50;14.11
2658033;106.00;4489.00;27.75;82.50;14.11
2658418;106.00;4483.00;27.75;82.50;14.02
2658858;106.00;4489.00;27.75;82.50;14.02
2659294;106.00;4465.00;27.75;82.50;14.11
2659602;105.00;4476.00;27.75;82.50;14.02
2659995;105.00;4472.00;27.75;82.50;14.11
2660385;106.00;4488.00;27.75;82.50;14.02
2660782;106.00;4490.00;27.75;82.50;14.02
2661168;106.00;4495.00;27.75;82.50;14.11
2661556;106.00;4501.00;27.75;82.50;14.11
2661942;106.00;4506.00;27.75;82.50;14.11
2662326;106.00;4497.00;27.75;82.50;14.11
2662631;106.00;4507.00;27.75;82.50;14.11
2663066;106.00;4515.00;27.75;82.50;14.02
2663454;106.00;4517.00;27.75;82.50;14.02
2663839;106.00;4525.00;27.75;82.50;14.11
2664229;106.00;4535.00;27.75;82.50;14.11
2664616;107.00;4545.00;27.75;82.50;14.11
2665054;107.00;4530.00;27.75;82.50;14.11
2665490;107.00;4534.00;27.75;82.50;14.11
2665926;107.00;4551.00;27.75;82.50;14.11
2666310;107.00;4562.00;27.75;82.50;14.11
2666664;107.00;4561.00;27.75;82.50;14.11
2667049;108.00;4579.00;27.75;82.50;14.11
2667439;108.00;4589.00;27.75;82.50;14.11
2667823;108.00;4609.00;27.75;82.50;14.11
2668258;110.00;4639.00;27.75;82.50;14.02
2668574;110.00;4674.00;27.75;82.50;14.11
2668961;111.00;4698.00;27.75;82.50;14.11
2669348;111.00;4723.00;27.75;82.50;14.11
2669652;111.00;4731.00;27.75;82.50;14.11
2670037;112.00;4746.00;27.75;82.50;14.11
2670423;112.00;4750.00;27.75;82.50;14.02
2670811;112.00;4745.00;27.75;82.50;14.02
2671199;112.00;4737.00;27.75;82.50;14.11
2671587;111.00;4752.00;27.75;82.50;14.11
2671976;112.00;4749.00;27.75;82.50;14.11
2672365;112.00;4720.00;27.75;82.50;14.02
2672753;111.00;4715.00;27.75;82.50;14.02
2673140;111.00;4703.00;27.75;82.50;14.11
2673530;110.00;4664.00;27.75;82.50;14.02
2673973;110.00;4675.00;27.75;82.50;14.11
2674411;110.00;4649.00;27.75;82.50;14.11
2674847;108.00;4631.00;27.75;82.50;14.11
2675236;108.00;4618.00;27.75;82.50;14.11
2675621;108.00;4601.00;27.75;82.50;14.11
2676004;108.00;4587.00;27.75;82.50;14.21
2676428;107.00;4552.00;27.75;82.50;14.11
2676819;107.00;4547.00;27.75;83.25;14.11
2677208;107.00;4541.00;27.75;83.25;14.11
2677594;107.00;4542.00;27.75;83.25;14.11
2678029;106.00;4520.00;27.75;83.25;14.11
2678419;106.00;4510.00;27.75;83.25;14.11
2678803;106.00;4503.00;27.75;83.25;14.02
2679191;106.00;4513.00;27.75;83.25;14.11
2679582;106.00;4515.00;27.75;83.25;14.11
2679967;107.00;4519.00;27.75;83.25;14.11
2680408;106.00;4523.00;27.75;82.50;14.11
2680799;106.00;4529.00;27.75;82.50;14.11
2681191;107.00;4539.00;27.75;82.50;14.11
2681579;106.00;4537.00;27.75;82.50;14.11
2682017;107.00;4530.00;27.75;82.50;14.02
2682410;107.00;4533.00;27.75;82.50;14.11
2682813;107.00;4537.00;27.75;82.50;14.11
2683201;107.00;4541.00;27.75;82.50;14.11
2683585;107.00;4539.00;27.75;82.50;14.11
2683967;107.00;4538.00;27.75;82.50;14.11
2684355;107.00;4512.00;27.75;82.50;14.11
2684716;107.00;4533.00;27.75;82.50;14.02
2685157;107.00;4537.00;27.75;82.50;14.11
2685596;106.00;4536.00;27.75;82.50;14.02
2686090;106.00;4519.00;27.75;82.50;14.11
2686528;107.00;4540.00;27.75;82.50;14.11
2686915;107.00;4530.00;27.75;82.50;14.11
2687301;107.00;4550.00;27.75;82.50;14.11
2687657;107.00;4544.00;27.75;82.50;14.11
2688094;107.00;4538.00;27.75;82.50;14.02
2688533;107.00;4521.00;27.75;82.50;14.11
2688922;106.00;4502.00;27.75;82.50;14.11
2689312;106.00;4516.00;27.75;82.50;14.11
2689617;107.00;4540.00;27.75;82.50;14.02
2690008;107.00;4543.00;27.75;82.50;14.11
2690448;107.00;4539.00;27.75;82.50;14.11
2690884;108.00;4573.00;27.75;82.50;14.02
2691278;108.00;4581.00;27.75;82.50;14.02
2691713;108.00;4585.00;27.75;82.50;14.11
2692102;108.00;4588.00;27.75;82.50;14.11
2692487;108.00;4577.00;27.75;82.50;14.02
2692877;108.00;4587.00;27.75;82.50;14.11
2693264;108.00;4606.00;27.75;82.50;14.11
2693648;108.00;4590.00;27.75;82.50;14.11
2694032;108.00;4611.00;27.75;82.50;14.02
2694420;108.00;4600.00;27.75;82.50;14.02
2694855;108.00;4599.00;27.75;82.50;14.11
2695242;108.00;4597.00;27.75;82.50;14.02
2695630;108.00;4602.00;27.75;82.50;14.11
2696016;108.00;4584.00;27.75;82.50;14.11
2696400;108.00;4619.00;27.75;82.50;14.02
2696846;108.00;4639.00;27.75;82.50;14.11
2697233;110.00;4648.00;27.75;82.50;14.11
2697672;110.00;4655.00;27.75;82.50;14.11
2698056;110.00;4659.00;27.75;82.50;14.11
2698441;110.00;4662.00;27.75;82.50;14.11
2698828;110.00;4659.00;27.75;82.50;14.11
2699212;110.00;4644.00;27.75;82.50;14.11
2699599;110.00;4654.00;27.75;82.50;14.11
2699982;110.00;4667.00;27.75;82.50;14.11
2700418;111.00;4696.00;27.75;82.50;14.11
2700806;111.00;4695.00;27.75;82.50;14.11
2701190;111.00;4708.00;27.75;82.50;14.11
2701574;111.00;4723.00;27.75;82.50;14.11
2702009;111.00;4724.00;27.75;82.50;14.02
2702395;111.00;4722.00;27.75;82.50;14.11
2702702;111.00;4742.00;27.75;82.50;14.11
2703136;111.00;4699.00;27.75;82.50;14.11
2703520;111.00;4737.00;27.75;82.50;14.02
2703910;111.00;4719.00;27.75;82.50;14.11
2704300;111.00;4712.00;27.75;82.50;14.11
2704655;112.00;4740.00;27.75;82.50;14.02
2705098;112.00;4741.00;27.75;82.50;14.11
2705535;112.00;4739.00;27.75;82.50;14.11
2705970;112.00;4734.00;27.75;82.50;14.02
2706357;112.00;4742.00;27.75;82.50;14.02
2706712;112.00;4735.00;27.75;82.50;14.11
2707099;112.00;4727.00;27.75;82.50;14.11
2707537;112.00;4732.00;27.75;82.50;14.11
2707922;112.00;4771.00;27.75;82.50;14.11
2708306;112.00;4780.00;27.75;82.50;14.11
2708609;112.00;4782.00;27.75;82.50;14.11
2708993;113.00;4796.00;27.75;82.50;14.11
2709432;113.00;4803.00;27.75;82.50;14.11
2709818;113.00;4802.00;27.75;82.50;14.02
2710204;113.00;4801.00;27.75;82.50;14.11
2710592;113.00;4789.00;27.75;82.50;14.11
2710983;112.00;4788.00;27.75;82.50;14.11
2711372;112.00;4777.00;27.75;82.50;14.11
2711678;112.00;4753.00;27.75;82.50;14.11
2712064;112.00;4734.00;27.75;82.50;14.11
2712450;112.00;4722.00;27.75;82.50;14.11
2712885;111.00;4725.00;27.75;82.50;14.02
2713327;112.00;4717.00;27.75;82.50;14.11
2713636;111.00;4729.00;27.75;82.50;14.02
2714028;111.00;4720.00;27.75;82.50;14.11
2714416;111.00;4718.00;27.75;82.50;14.11
2714800;111.00;4713.00;27.75;82.50;14.02
2715190;111.00;4691.00;27.75;82.50;14.11
2715630;110.00;4662.00;27.75;82.50;14.02
2716073;110.00;4646.00;27.75;82.50;14.11
2716465;108.00;4643.00;27.75;82.50;14.02
2716859;108.00;4615.00;27.75;82.50;14.02
2717245;108.00;4612.00;27.75;82.50;14.02
2717631;107.00;4595.00;27.75;82.50;14.11
2718022;108.00;4570.00;27.75;82.50;14.11
2718410;108.00;4581.00;27.75;82.50;14.11
2718717;108.00;4607.00;27.75;82.50;14.11
2719110;108.00;4599.00;27.75;82.50;14.11
2719497;108.00;4603.00;27.75;82.50;14.11
2719883;108.00;4588.00;27.75;83.25;14.02
2720275;108.00;4588.00;27.75;82.50;14.11
2720664;108.00;4579.00;27.75;82.50;14.11
2721048;108.00;4586.00;27.75;82.50;14.11
2721433;107.00;4559.00;27.75;82.50;14.02
2721877;107.00;4551.00;27.75;82.50;14.11
2722270;107.00;4552.00;27.75;82.50;14.11
2722705;107.00;4549.00;27.75;83.25;14.11
2723092;107.00;4557.00;27.75;83.25;14.11
2723476;107.00;4557.00;27.75;83.25;14.11
2723864;107.00;4543.00;27.75;83.25;14.11
2724250;107.00;4553.00;27.75;83.25;14.11
2724686;107.00;4526.00;27.75;82.50;14.11
2725073;106.00;4526.00;27.75;82.50;14.11
2725457;107.00;4523.00;27.75;82.50;14.11
2725845;107.00;4536.00;27.75;82.50;14.02
2726283;107.00;4547.00;27.75;82.50;14.11
2726722;107.00;4570.00;27.75;82.50;14.11
2727157;107.00;4579.00;27.75;82.50;14.02
2727547;108.00;4599.00;27.75;82.50;14.02
2727937;108.00;4595.00;27.75;82.50;14.11
2728325;108.00;4598.00;27.75;82.50;14.11
2728709;108.00;4590.00;27.75;82.50;14.11
2729093;108.00;4598.00;27.75;82.50;14.11
2729477;108.00;4587.00;27.75;82.50;14.11
2729863;108.00;4581.00;27.75;82.50;14.11
2730250;108.00;4585.00;27.75;82.50;14.11
2730651;108.00;4581.00;27.75;82.50;14.02
2731041;108.00;4593.00;27.75;82.50;14.11
2731429;108.00;4595.00;27.75;82.50;14.11
2731734;108.00;4600.00;27.75;82.50;14.11
2732118;108.00;4584.00;27.75;82.50;14.11
2732504;108.00;4579.00;27.75;82.50;14.11
2732941;107.00;4585.00;27.75;82.50;14.11
2733379;108.00;4573.00;27.75;82.50;14.11
2733738;107.00;4556.00;27.75;82.50;14.11
2734127;107.00;4549.00;27.75;82.50;14.11
2734515;107.00;4543.00;27.75;82.50;14.11
2734902;107.00;4530.00;27.75;82.50;14.11
2735291;107.00;4543.00;27.75;82.50;14.11
2735676;107.00;4526.00;27.75;82.50;14.02
2736063;107.00;4530.00;27.75;82.50;14.11
2736455;107.00;4543.00;27.00;82.50;14.02
2736847;107.00;4527.00;27.00;82.50;14.11
2737236;107.00;4536.00;27.00;82.50;14.02
2737628;107.00;4532.00;27.00;82.50;14.11
2738016;107.00;4542.00;27.00;82.50;14.02
2738454;107.00;4544.00;27.00;82.50;14.02
2738899;107.00;4552.00;27.00;82.50;14.11
2739342;108.00;4582.00;27.00;82.50;14.11
2739733;108.00;4603.00;27.00;82.50;14.11
2740168;108.00;4597.00;27.00;82.50;14.11
2740605;108.00;4613.00;27.00;82.50;14.11
2741091;108.00;4614.00;27.00;82.50;14.02
2741479;108.00;4602.00;27.00;82.50;14.11
2741867;108.00;4601.00;27.00;82.50;13.92
2742258;108.00;4602.00;27.00;82.50;14.02
2742646;107.00;4602.00;27.00;82.50;14.11
2743036;107.00;4565.00;27.00;82.50;14.11
2743426;107.00;4543.00;27.00;82.50;14.11
2743731;107.00;4554.00;27.00;82.50;14.11
2744116;107.00;4566.00;27.00;82.50;14.11
2744502;107.00;4570.00;27.00;82.50;14.02
2744890;107.00;4580.00;27.00;82.50;14.02
2745274;108.00;4574.00;27.00;82.50;14.11
2745666;107.00;4563.00;27.00;82.50;14.11
2746054;107.00;4559.00;27.00;82.50;14.02
2746449;107.00;4533.00;27.75;82.50;14.11
2746810;107.00;4538.00;27.75;82.50;14.11
2747245;107.00;4520.00;27.75;82.50;14.02
2747632;106.00;4520.00;27.75;82.50;14.11
2748019;106.00;4527.00;27.75;82.50;14.02
2748407;106.00;4528.00;27.75;82.50;14.02
2748710;107.00;4544.00;27.75;82.50;14.02
2749098;107.00;4544.00;27.75;82.50;14.11
2749486;107.00;4559.00;27.75;82.50;14.02
2749873;107.00;4578.00;27.75;82.50;14.02
2750259;107.00;4572.00;27.75;82.50;14.11
2750698;108.00;4567.00;27.75;82.50;14.11
2751138;108.00;4594.00;27.75;82.50;14.02
2751531;108.00;4587.00;27.75;82.50;14.11
2751970;108.00;4585.00;27.75;82.50;14.11
2752407;108.00;4588.00;27.75;82.50;14.11
2752713;107.00;4590.00;27.75;82.50;14.11
2753153;107.00;4573.00;27.75;82.50;14.11
2753594;107.00;4570.00;27.00;82.50;14.11
2754032;107.00;4549.00;27.00;82.50;14.11
2754468;107.00;4564.00;27.00;82.50;14.11
2754852;107.00;4561.00;27.00;82.50;14.11
2755237;107.00;4576.00;27.00;82.50;14.11
2755677;107.00;4587.00;27.00;82.50;14.02
2756115;107.00;4583.00;27.00;82.50;14.11
2756555;108.00;4581.00;27.00;82.50;14.02
2756947;108.00;4580.00;27.00;82.50;14.11
2757386;108.00;4574.00;27.00;82.50;14.11
2757689;107.00;4575.00;27.00;82.50;14.02
2758082;108.00;4586.00;27.00;82.50;14.02
2758471;108.00;4595.00;27.00;82.50;14.11
2758859;108.00;4584.00;27.00;82.50;14.11
2759294;108.00;4588.00;27.00;82.50;14.11
2759736;108.00;4578.00;27.00;82.50;14.02
2760123;107.00;4570.00;27.00;82.50;14.11
2760514;107.00;4569.00;27.00;82.50;14.11
2760897;107.00;4563.00;27.00;82.50;14.02
2761288;107.00;4562.00;27.00;82.50;14.11
2761677;107.00;4553.00;27.00;82.50;14.11
2762112;107.00;4548.00;27.00;82.50;14.02
2762552;107.00;4543.00;27.00;82.50;14.11
2762938;107.00;4550.00;27.00;82.50;14.02
2763326;107.00;4548.00;27.00;82.50;14.11
2763714;107.00;4540.00;27.00;82.50;14.02
2764104;106.00;4535.00;27.00;82.50;14.11
2764498;106.00;4532.00;27.00;82.50;14.11
2764884;106.00;4522.00;27.00;82.50;14.11
2765271;106.00;4531.00;27.00;82.50;14.11
2765656;106.00;4507.00;27.00;82.50;14.11
2766041;106.00;4518.00;27.00;82.50;14.11
2766427;106.00;4515.00;27.00;82.50;14.11
2766781;106.00;4512.00;27.00;82.50;14.02
2767169;106.00;4513.00;27.00;82.50;14.11
2767558;106.00;4529.00;27.00;82.50;14.11
2767945;106.00;4517.00;27.00;82.50;14.11
2768380;107.00;4516.00;27.00;82.50;14.11
2768766;106.00;4518.00;27.00;82.50;14.11
2769156;106.00;4517.00;27.00;82.50;14.11
2769541;106.00;4509.00;27.00;82.50;14.02
2769931;106.00;4503.00;27.00;82.50;14.02
2770317;106.00;4504.00;27.00;82.50;14.11
2770756;106.00;4510.00;27.00;82.50;14.11
2771139;106.00;4503.00;27.00;82.50;14.02
2771529;106.00;4496.00;27.00;82.50;14.11
2771918;106.00;4498.00;27.00;82.50;14.11
2772304;106.00;4491.00;27.00;82.50;14.02
2772695;106.00;4476.00;27.00;82.50;14.11
2773085;106.00;4483.00;27.00;82.50;14.11
2773472;106.00;4481.00;27.00;82.50;14.11
2773775;105.00;4472.00;27.00;82.50;14.11
2774167;105.00;4475.00;27.00;82.50;14.11
2774554;105.00;4487.00;27.00;82.50;14.11
2774939;105.00;4483.00;27.00;82.50;14.02
2775328;105.00;4478.00;27.00;82.50;14.02
2775713;106.00;4480.00;27.00;82.50;14.02
2776103;106.00;4482.00;27.00;82.50;14.11
2776495;106.00;4482.00;27.00;82.50;14.11
2776877;106.00;4486.00;27.00;82.50;14.11
2777262;106.00;4505.00;27.00;82.50;14.02
2777650;106.00;4524.00;27.00;82.50;14.11
2778054;107.00;4518.00;27.00;82.50;14.11
2778443;107.00;4539.00;27.00;82.50;14.02
2778749;107.00;4524.00;27.00;82.50;14.11
2779138;107.00;4554.00;27.00;82.50;14.11
2779573;107.00;4562.00;27.00;82.50;14.02
2780014;107.00;4571.00;27.00;82.50;14.02
2780450;107.00;4590.00;27.00;82.50;14.02
2780806;108.00;4580.00;27.00;82.50;14.02
2781196;108.00;4593.00;27.00;82.50;14.11
2781590;108.00;4604.00;27.00;82.50;14.11
2781976;108.00;4593.00;27.00;82.50;14.11
2782365;108.00;4592.00;27.00;82.50;14.11
2782801;108.00;4612.00;27.00;82.50;14.11
2783186;108.00;4612.00;27.00;82.50;14.11
2783567;108.00;4612.00;27.00;82.50;14.11
2784000;108.00;4626.00;27.00;82.50;14.11
2784386;110.00;4651.00;27.00;82.50;14.11
2784774;110.00;4647.00;27.00;82.50;14.11
2785160;110.00;4659.00;27.00;82.50;14.02
2785599;111.00;4679.00;27.00;82.50;14.11
2785991;111.00;4692.00;27.00;82.50;14.11
2786375;111.00;4700.00;27.00;82.50;14.11
2786761;111.00;4698.00;27.00;82.50;14.02
2787148;111.00;4708.00;27.00;82.50;14.11
2787536;111.00;4686.00;27.00;82.50;14.02
2787976;111.00;4672.00;27.00;82.50;14.11
2788415;110.00;4687.00;27.00;82.50;14.02
2788726;110.00;4672.00;27.00;82.50;14.11
2789118;110.00;4647.00;27.00;82.50;14.11
2789503;110.00;4645.00;27.00;82.50;14.11
2789809;108.00;4619.00;27.00;82.50;14.11
2790198;108.00;4624.00;27.00;82.50;13.92
2790584;108.00;4615.00;27.00;82.50;14.11
2790971;108.00;4615.00;27.00;82.50;14.02
2791357;108.00;4614.00;27.00;82.50;14.02
2791791;108.00;4603.00;27.00;82.50;14.02
2792176;108.00;4628.00;27.00;82.50;14.11
2792614;108.00;4615.00;27.00;82.50;14.02
2793003;108.00;4608.00;27.00;82.50;14.11
2793390;108.00;4609.00;27.00;82.50;14.02
2793781;108.00;4606.00;27.00;82.50;14.11
2794219;108.00;4596.00;27.00;82.50;14.11
2794654;108.00;4592.00;27.00;82.50;14.11
2795038;108.00;4571.00;27.00;82.50;14.11
2795425;107.00;4574.00;27.00;82.50;14.11
2795734;107.00;4556.00;27.00;82.50;14.11
2796171;107.00;4550.00;27.00;82.50;14.02
2796525;107.00;4518.00;27.00;82.50;14.11
2796962;106.00;4508.00;27.00;82.50;14.11
2797402;106.00;4494.00;27.00;82.50;14.11
2797837;106.00;4505.00;27.00;82.50;14.02
2798226;106.00;4495.00;27.00;82.50;14.02
2798613;106.00;4498.00;27.00;82.50;14.11
2799001;106.00;4504.00;27.00;82.50;14.02
2799391;106.00;4508.00;27.00;82.50;14.02
2799777;106.00;4481.00;27.00;82.50;14.11
2800164;105.00;4481.00;27.00;82.50;14.11
2800598;105.00;4463.00;27.00;82.50;14.11
2800983;105.00;4455.00;27.00;82.50;14.11
2801368;105.00;4453.00;27.00;82.50;14.11
2801752;105.00;4458.00;27.00;82.50;14.11
2802136;105.00;4439.00;27.00;82.50;14.11
2802521;105.00;4448.00;27.00;82.50;14.02
2802961;105.00;4447.00;27.00;82.50;14.11
2803399;105.00;4450.00;27.00;82.50;14.11
2803834;105.00;4453.00;27.00;82.50;14.11
2804220;105.00;4455.00;27.00;82.50;14.02
2804608;105.00;4465.00;27.00;82.50;14.11
2804998;106.00;4490.00;27.00;82.50;14.02
2805441;106.00;4503.00;27.00;82.50;14.02
2805795;106.00;4503.00;27.00;82.50;14.02
2806179;106.00;4512.00;27.00;82.50;14.11
2806567;106.00;4525.00;27.00;82.50;14.11
2806953;107.00;4520.00;27.00;82.50;14.11
2807341;107.00;4531.00;27.00;82.50;14.02
2807780;107.00;4542.00;27.00;82.50;14.11
2808169;107.00;4536.00;27.00;82.50;14.11
2808555;107.00;4544.00;27.00;82.50;14.11
2808941;107.00;4549.00;27.00;82.50;14.02
2809380;106.00;4529.00;27.00;82.50;14.11
2809822;106.00;4515.00;27.00;82.50;14.11
2810259;106.00;4506.00;27.00;82.50;14.11
2810643;106.00;4507.00;27.00;82.50;14.02
2811031;106.00;4488.00;27.00;82.50;14.02
2811415;106.00;4499.00;27.00;82.50;14.11
2811805;106.00;4510.00;27.00;82.50;14.11
2812241;106.00;4503.00;27.00;82.50;14.11
2812625;106.00;4517.00;27.00;82.50;14.11
2813008;106.00;4498.00;27.00;82.50;14.11
2813394;106.00;4496.00;27.00;82.50;14.11
2813831;106.00;4503.00;27.00;82.50;14.11
2814215;106.00;4496.00;27.00;82.50;14.11
2814598;106.00;4493.00;27.00;82.50;14.11
2814988;106.00;4488.00;27.00;82.50;14.11
2815424;106.00;4494.00;27.00;82.50;14.02
2815862;106.00;4504.00;27.00;82.50;14.02
2816247;106.00;4523.00;27.00;82.50;14.11
2816636;106.00;4522.00;27.00;82.50;14.11
2817022;107.00;4531.00;27.00;82.50;14.02
2817465;107.00;4526.00;27.00;82.50;14.11
2817824;107.00;4538.00;27.00;82.50;14.11
2818259;106.00;4526.00;27.00;82.50;14.11
2818648;106.00;4502.00;27.00;82.50;14.11
2819033;106.00;4513.00;27.00;82.50;14.02
2819423;106.00;4507.00;27.00;82.50;14.11
2819812;106.00;4506.00;27.00;82.50;14.11
2820196;106.00;4505.00;27.00;82.50;14.11
2820581;106.00;4498.00;27.00;82.50;14.02
2820969;106.00;4497.00;27.00;82.50;14.02
2821357;106.00;4498.00;27.00;82.50;14.11
2821796;106.00;4518.00;27.00;82.50;14.11
2822232;106.00;4513.00;27.00;82.50;14.11
2822616;106.00;4519.00;26.25;82.50;14.02
2823009;107.00;4532.00;26.25;82.50;14.11
2823400;107.00;4542.00;26.25;82.50;14.02
2823789;107.00;4550.00;26.25;82.50;14.11
2824182;107.00;4566.00;26.25;82.50;14.02
2824571;107.00;4557.00;26.25;82.50;14.11
2824959;107.00;4580.00;26.25;82.50;14.11
2825348;108.00;4603.00;26.25;82.50;14.11
2825802;108.00;4599.00;26.25;82.50;14.11
2826188;108.00;4621.00;26.25;82.50;14.11
2826574;108.00;4634.00;26.25;82.50;14.11
2826960;108.00;4611.00;26.25;82.50;14.02
2827399;110.00;4637.00;26.25;82.50;14.11
2827842;110.00;4641.00;26.25;82.50;14.11
2828228;110.00;4653.00;26.25;82.50;14.11
2828613;110.00;4644.00;26.25;82.50;14.02
2829000;110.00;4647.00;26.25;82.50;14.11
2829389;110.00;4639.00;26.25;82.50;14.02
2829828;110.00;4641.00;26.25;82.50;14.02
2830265;110.00;4648.00;26.25;82.50;14.11
2830652;110.00;4652.00;26.25;82.50;14.11
2831038;110.00;4656.00;26.25;82.50;14.11
2831422;110.00;4659.00;26.25;82.50;14.02
2831812;110.00;4653.00;26.25;82.50;14.11
2832251;108.00;4647.00;26.25;82.50;14.11
2832691;108.00;4618.00;26.25;82.50;14.11
2833077;108.00;4611.00;26.25;82.50;14.11
2833565;108.00;4594.00;26.25;82.50;14.02
2833954;108.00;4597.00;26.25;82.50;14.11
2834341;108.00;4607.00;26.25;82.50;14.11
2834725;108.00;4618.00;26.25;82.50;14.02
2835164;108.00;4615.00;26.25;82.50;14.11
2835603;108.00;4600.00;26.25;82.50;14.11
2835987;108.00;4572.00;26.25;82.50;14.11
2836373;107.00;4566.00;26.25;82.50;14.02
2836769;107.00;4557.00;26.25;82.50;13.92
2837156;107.00;4555.00;26.25;82.50;14.11
2837545;107.00;4558.00;26.25;82.50;14.11
2837850;107.00;4559.00;26.25;82.50;13.92
2838239;107.00;4535.00;26.25;82.50;14.11
2838626;107.00;4535.00;26.25;82.50;14.02
2839014;107.00;4530.00;26.25;82.50;14.11
2839453;107.00;4527.00;26.25;82.50;14.02
2839893;106.00;4534.00;26.25;82.50;14.11
2840336;106.00;4512.00;26.25;82.50;14.11
2840723;106.00;4515.00;26.25;82.50;14.11
2841157;106.00;4506.00;26.25;82.50;14.11
2841542;106.00;4489.00;26.25;82.50;14.02
2841850;106.00;4508.00;26.25;82.50;14.11
2842244;106.00;4482.00;26.25;82.50;14.11
2842681;106.00;4486.00;26.25;82.50;14.02
2843071;106.00;4489.00;26.25;82.50;14.02
2843505;106.00;4498.00;26.25;82.50;14.11
2843814;106.00;4513.00;26.25;82.50;14.11
2844249;106.00;4510.00;26.25;82.50;14.02
2844639;107.00;4527.00;26.25;82.50;14.02
2845026;107.00;4541.00;26.25;82.50;14.11
2845415;107.00;4534.00;26.25;82.50;14.11
2845800;107.00;4538.00;26.25;82.50;14.11
2846186;107.00;4539.00;26.25;82.50;14.11
2846621;107.00;4549.00;26.25;82.50;14.11
2847007;107.00;4559.00;26.25;82.50;14.11
2847392;107.00;4580.00;26.25;82.50;14.02
2847781;107.00;4582.00;26.25;82.50;14.21
2848220;107.00;4589.00;25.50;82.50;14.11
2848663;108.00;4592.00;25.50;82.50;14.11
2849103;108.00;4593.00;25.50;82.50;14.11
2849488;108.00;4586.00;25.50;82.50;14.11
2849793;108.00;4590.00;25.50;82.50;14.11
2850178;108.00;4592.00;25.50;82.50;14.11
2850613;107.00;4576.00;25.50;82.50;14.11
2851051;107.00;4574.00;25.50;82.50;14.11
2851434;107.00;4578.00;25.50;82.50;14.11
2851821;107.00;4570.00;25.50;82.50;14.02
2852259;107.00;4560.00;25.50;82.50;14.02
2852694;107.00;4544.00;25.50;82.50;14.11
2853080;107.00;4534.00;25.50;82.50;14.02
2853468;107.00;4519.00;25.50;82.50;14.11
2853857;107.00;4554.00;25.50;82.50;14.11
2854257;107.00;4560.00;25.50;82.50;14.11
2854639;107.00;4557.00;25.50;82.50;14.11
2855026;107.00;4566.00;25.50;82.50;14.11
2855412;107.00;4554.00;25.50;82.50;14.11
2855796;107.00;4548.00;25.50;82.50;14.11
2856180;107.00;4542.00;25.50;82.50;14.11
2856597;107.00;4555.00;25.50;82.50;14.02
2856986;107.00;4554.00;25.50;82.50;14.11
2857374;107.00;4536.00;25.50;82.50;14.02
2857813;107.00;4545.00;25.50;82.50;14.11
2858201;107.00;4523.00;25.50;82.50;13.92
2858589;106.00;4505.00;25.50;82.50;14.02
2858901;106.00;4493.00;25.50;82.50;14.11
2859293;106.00;4471.00;25.50;82.50;14.11
2859680;105.00;4459.00;25.50;82.50;14.11
2860121;105.00;4453.00;25.50;82.50;14.11
2860557;105.00;4416.00;25.50;82.50;14.02
2860864;103.00;4415.00;25.50;82.50;14.11
2861257;103.00;4431.00;25.50;82.50;14.02
2861645;105.00;4436.00;25.50;82.50;14.11
2862038;105.00;4448.00;25.50;82.50;14.11
2862429;105.00;4459.00;25.50;82.50;14.11
2862815;105.00;4458.00;25.50;82.50;14.11
2863250;106.00;4490.00;25.50;82.50;14.11
2863690;106.00;4496.00;25.50;82.50;14.11
2864074;106.00;4501.00;25.50;82.50;14.11
2864464;106.00;4498.00;25.50;82.50;14.11
2864849;106.00;4507.00;25.50;82.50;14.11
2865286;106.00;4505.00;25.50;82.50;14.11
2865671;106.00;4505.00;25.50;82.50;14.11
2866053;106.00;4503.00;25.50;82.50;14.11
2866440;106.00;4481.00;25.50;82.50;14.11
2866825;105.00;4480.00;25.50;82.50;14.11
2867214;105.00;4463.00;25.50;82.50;14.02
2867601;106.00;4471.00;25.50;82.50;14.11
2867964;106.00;4477.00;25.50;82.50;14.11
2868348;106.00;4499.00;25.50;82.50;14.02
2868735;106.00;4496.00;25.50;82.50;14.11
2869125;106.00;4495.00;25.50;82.50;14.11
2869508;106.00;4481.00;25.50;82.50;14.11
2869864;106.00;4486.00;25.50;82.50;14.11
2870299;105.00;4473.00;25.50;82.50;14.02
2870690;106.00;4480.00;25.50;82.50;14.11
2871080;106.00;4501.00;25.50;82.50;14.02
2871469;106.00;4502.00;25.50;82.50;14.02
2871856;106.00;4504.00;25.50;82.50;14.11
2872246;106.00;4499.00;25.50;82.50;14.11
2872681;106.00;4509.00;25.50;82.50;14.11
2873064;106.00;4506.00;25.50;82.50;14.11
2873463;106.00;4492.00;25.50;82.50;14.11
2873849;106.00;4487.00;25.50;82.50;14.11
2874235;105.00;4491.00;25.50;82.50;14.02
2874628;106.00;4491.00;25.50;82.50;14.11
2875018;105.00;4433.00;25.50;82.50;14.02
2875413;105.00;4446.00;25.50;82.50;14.11
2875800;105.00;4433.00;25.50;82.50;14.11
2876185;105.00;4424.00;25.50;82.50;14.11
2876575;105.00;4444.00;25.50;82.50;14.11
2876884;105.00;4436.00;25.50;82.50;14.11
2877269;105.00;4430.00;25.50;82.50;14.11
2877655;105.00;4453.00;25.50;82.50;14.02
2878042;105.00;4446.00;25.50;82.50;14.02
2878428;105.00;4469.00;25.50;82.50;14.11
2878817;105.00;4466.00;25.50;82.50;14.02
2879206;105.00;4458.00;25.50;82.50;14.11
2879596;105.00;4462.00;25.50;82.50;14.11
2879951;105.00;4454.00;25.50;82.50;14.02
2880339;105.00;4442.00;25.50;82.50;14.02
2880724;105.00;4436.00;25.50;82.50;14.11
2881113;105.00;4428.00;25.50;82.50;14.11
2881548;105.00;4446.00;25.50;82.50;14.11
2881851;105.00;4455.00;25.50;82.50;14.11
2882237;105.00;4445.00;25.50;82.50;14.11
2882679;105.00;4453.00;25.50;82.50;14.11
2883114;106.00;4467.00;25.50;82.50;14.02
2883507;106.00;4492.00;25.50;82.50;14.11
2883894;106.00;4516.00;25.50;82.50;14.11
2884280;106.00;4524.00;25.50;82.50;14.02
2884669;106.00;4532.00;25.50;82.50;14.11
2885057;106.00;4523.00;25.50;82.50;14.02
2885447;106.00;4507.00;25.50;82.50;14.11
2885886;106.00;4499.00;25.50;82.50;14.11
2886269;106.00;4498.00;25.50;82.50;14.11
2886654;106.00;4527.00;25.50;82.50;14.02
2887044;107.00;4544.00;25.50;82.50;14.11
2887437;107.00;4554.00;25.50;82.50;14.02
2887825;107.00;4580.00;25.50;82.50;14.11
2888215;108.00;4596.00;25.50;82.50;14.11
2888607;108.00;4591.00;25.50;82.50;14.11
2888911;108.00;4602.00;25.50;82.50;14.11
2889296;108.00;4615.00;25.50;82.50;14.11
2889681;108.00;4623.00;25.50;82.50;14.11
2890116;108.00;4614.00;25.50;82.50;14.11
2890501;108.00;4627.00;25.50;82.50;14.11
2890888;108.00;4624.00;25.50;82.50;14.02
2891277;108.00;4618.00;25.50;82.50;14.11
2891667;108.00;4597.00;25.50;82.50;14.02
2892062;107.00;4582.00;25.50;82.50;14.11
2892454;108.00;4580.00;25.50;82.50;14.11
2892846;108.00;4591.00;25.50;82.50;14.02
2893234;108.00;4600.00;25.50;82.50;14.11
2893625;108.00;4609.00;25.50;82.50;14.11
2893928;108.00;4598.00;25.50;82.50;14.02
2894317;108.00;4594.00;25.50;82.50;14.11
2894706;108.00;4595.00;25.50;82.50;14.11
2895093;108.00;4566.00;25.50;82.50;14.11
2895530;106.00;4518.00;25.50;82.50;14.02
2895921;106.00;4478.00;25.50;82.50;14.02
2896356;106.00;4517.00;25.50;82.50;14.02
2896742;106.00;4489.00;25.50;82.50;14.11
2897130;106.00;4473.00;25.50;82.50;14.11
2897516;105.00;4480.00;25.50;82.50;14.11
2897954;106.00;4491.00;25.50;82.50;14.02
2898397;106.00;4500.00;25.50;82.50;14.02
2898837;106.00;4494.00;25.50;82.50;14.11
2899274;106.00;4488.00;25.50;82.50;14.11
2899660;106.00;4482.00;26.25;82.50;14.11
2900049;105.00;4471.00;26.25;82.50;14.02
2900441;105.00;4467.00;26.25;82.50;14.11
2900830;105.00;4439.00;26.25;82.50;14.11
2901215;105.00;4439.00;26.25;82.50;14.02
2901651;103.00;4438.00;26.25;82.50;14.11
2902045;103.00;4400.00;26.25;82.50;14.11
2902428;103.00;4394.00;26.25;82.50;14.11
2902813;103.00;4403.00;26.25;82.50;14.11
2903199;103.00;4396.00;26.25;82.50;14.02
2903638;103.00;4414.00;26.25;82.50;14.02
2903941;103.00;4385.00;26.25;82.50;14.11
2904330;103.00;4375.00;26.25;82.50;14.02
2904719;103.00;4382.00;26.25;82.50;14.11
2905109;103.00;4366.00;26.25;82.50;14.11
2905544;102.00;4352.00;26.25;82.50;14.11
2905933;102.00;4346.00;26.25;82.50;14.11
2906318;102.00;4340.00;26.25;82.50;14.11
2906703;101.00;4301.00;26.25;82.50;14.11
2907095;101.00;4281.00;26.25;82.50;14.02
2907533;101.00;4277.00;26.25;82.50;14.11
2907973;101.00;4296.00;26.25;82.50;14.11
2908409;101.00;4271.00;26.25;82.50;14.11
2908793;101.00;4288.00;26.25;82.50;14.11
2909179;101.00;4269.00;26.25;82.50;14.11
2909563;100.00;4250.00;26.25;82.50;14.02
2909875;100.00;4251.00;26.25;82.50;14.02
2910261;100.00;4243.00;26.25;82.50;14.11
2910650;100.00;4218.00;26.25;82.50;14.11
2911005;98.00;4207.00;26.25;82.50;14.02
2911396;98.00;4167.00;26.25;82.50;14.21
2911784;98.00;4187.00;26.25;82.50;14.11
2912173;98.00;4171.00;26.25;82.50;14.02
2912560;100.00;4222.00;26.25;82.50;14.11
2912961;100.00;4228.00;26.25;82.50;14.11
2913345;100.00;4235.00;26.25;82.50;14.11
2913729;100.00;4234.00;26.25;82.50;14.11
2914112;100.00;4220.00;25.50;82.50;14.11
2914500;100.00;4218.00;25.50;82.50;14.11
2914887;100.00;4215.00;25.50;82.50;14.11
2915273;100.00;4251.00;25.50;82.50;14.11
2915658;100.00;4266.00;25.50;82.50;14.11
2915961;100.00;4266.00;25.50;82.50;14.11
2916343;100.00;4256.00;25.50;82.50;14.11
2916800;100.00;4257.00;25.50;82.50;14.11
2917185;101.00;4287.00;25.50;82.50;14.02
2917625;101.00;4270.00;25.50;82.50;14.02
2917928;101.00;4277.00;25.50;82.50;14.02
2918314;101.00;4281.00;25.50;82.50;14.11
2918703;101.00;4297.00;25.50;82.50;14.11
2919092;101.00;4309.00;25.50;82.50;14.02
2919534;102.00;4302.00;25.50;82.50;14.11
2919928;102.00;4324.00;25.50;82.50;14.11
2920314;101.00;4261.00;25.50;82.50;14.11
2920768;101.00;4257.00;25.50;82.50;14.11
2921153;101.00;4284.00;25.50;82.50;14.11
2921539;101.00;4288.00;25.50;82.50;14.11
2921923;102.00;4335.00;25.50;82.50;14.11
2922313;101.00;4302.00;25.50;82.50;14.11
2922702;101.00;4282.00;25.50;82.50;14.11
2923092;102.00;4335.00;25.50;82.50;14.02
2923485;101.00;4293.00;25.50;82.50;14.02
2923875;100.00;4261.00;25.50;82.50;14.11
2924266;100.00;4274.00;25.50;82.50;14.11
2924653;100.00;4248.00;25.50;82.50;13.92
2925011;100.00;4278.00;25.50;82.50;14.11
2925452;100.00;4220.00;25.50;82.50;14.11
2925837;100.00;4245.00;25.50;82.50;14.02
2926225;100.00;4199.00;25.50;82.50;14.11
2926612;98.00;4180.00;25.50;82.50;14.02
2926923;98.00;4168.00;25.50;82.50;14.11
2927310;98.00;4179.00;25.50;82.50;14.11
2927696;97.00;4138.00;25.50;82.50;14.11
2928083;97.00;4125.00;25.50;82.50;14.21
2928470;97.00;4106.00;25.50;82.50;14.02
2928909;97.00;4126.00;25.50;82.50;14.11
2929349;97.00;4146.00;25.50;82.50;14.21
2929787;97.00;4149.00;25.50;82.50;14.11
2930228;97.00;4126.00;25.50;82.50;14.11
2930667;97.00;4123.00;25.50;82.50;14.11
2930971;96.00;4073.00;25.50;82.50;14.21
2931362;96.00;4068.00;25.50;82.50;14.11
2931753;95.00;4057.00;25.50;82.50;14.21
2932194;96.00;4051.00;25.50;82.50;14.21
2932585;95.00;4055.00;25.50;82.50;14.11
2932979;95.00;4028.00;25.50;82.50;14.11
2933367;95.00;4012.00;25.50;82.50;14.02
2933755;93.00;3961.00;25.50;82.50;14.11
2934198;93.00;3973.00;25.50;82.50;14.11
2934645;93.00;3981.00;25.50;82.50;14.11
2935001;93.00;3996.00;25.50;82.50;14.02
2935387;95.00;3996.00;25.50;82.50;14.11
2935778;93.00;3983.00;25.50;82.50;14.02
2936169;95.00;4001.00;25.50;82.50;14.11
2936562;95.00;4003.00;25.50;82.50;14.02
2936951;93.00;3990.00;25.50;82.50;14.11
2937343;95.00;4014.00;25.50;82.50;14.02
2937734;95.00;4015.00;25.50;82.50;14.11
2938121;95.00;4012.00;25.50;82.50;14.11
2938504;95.00;4020.00;25.50;82.50;14.11
2938890;95.00;4007.00;25.50;82.50;14.02
2939278;95.00;3993.00;25.50;82.50;14.11
2939672;95.00;4026.00;25.50;82.50;14.11
2939975;95.00;4006.00;25.50;82.50;14.11
2940359;95.00;4001.00;25.50;82.50;14.02
2940747;95.00;4019.00;25.50;82.50;14.11
2941135;93.00;4019.00;25.50;82.50;14.02
2941523;95.00;3991.00;25.50;82.50;14.11
2941918;93.00;3996.00;25.50;82.50;14.02
2942311;93.00;4011.00;25.50;82.50;14.11
2942700;93.00;3975.00;25.50;82.50;14.11
2943054;92.00;3946.00;25.50;82.50;14.11
2943442;92.00;3935.00;25.50;82.50;14.21
2943829;91.00;3867.00;25.50;82.50;14.11
2944222;91.00;3871.00;25.50;82.50;14.02
2944610;90.00;3835.00;25.50;82.50;14.21
2944971;87.00;3679.00;25.50;82.50;14.11
2945413;86.00;3689.00;25.50;82.50;14.21
2945856;86.00;3665.00;25.50;82.50;14.21
2946243;87.00;3707.00;25.50;82.50;14.11
2946685;87.00;3732.00;25.50;82.50;14.02
2946993;88.00;3764.00;25.50;82.50;14.11
2947384;88.00;3790.00;25.50;82.50;14.11
2947769;90.00;3769.00;25.50;82.50;14.11
2948156;91.00;3873.00;25.50;82.50;14.11
2948595;91.00;3856.00;25.50;82.50;14.11
2949033;91.00;3868.00;26.25;82.50;14.11
2949473;91.00;3872.00;26.25;82.50;14.02
2949860;91.00;3878.00;26.25;82.50;14.11
2950249;91.00;3871.00;26.25;82.50;14.11
2950634;91.00;3822.00;26.25;82.50;14.11
2950988;90.00;3824.00;26.25;82.50;14.11
2951377;90.00;3825.00;26.25;82.50;14.02
2951766;90.00;3801.00;26.25;83.25;14.11
2952163;88.00;3798.00;26.25;83.25;14.11
2952602;88.00;3766.00;26.25;83.25;14.11
2953039;88.00;3756.00;26.25;83.25;14.11
2953427;88.00;3751.00;26.25;83.25;14.11
2953813;87.00;3736.00;26.25;83.25;14.02
2954205;87.00;3714.00;26.25;83.25;14.21
2954596;87.00;3699.00;26.25;83.25;14.11
2954990;87.00;3696.00;26.25;83.25;14.11
2955376;86.00;3665.00;26.25;83.25;14.02
2955818;86.00;3636.00;26.25;83.25;14.21
2956257;86.00;3650.00;26.25;83.25;14.11
2956696;86.00;3652.00;26.25;83.25;14.11
2957000;85.00;3642.00;26.25;83.25;14.11
2957388;85.00;3619.00;26.25;83.25;14.11
2957774;86.00;3623.00;26.25;83.25;14.11
2958215;86.00;3657.00;26.25;83.25;14.11
2958650;86.00;3672.00;26.25;83.25;14.21
2958959;87.00;3694.00;26.25;83.25;14.11
2959357;87.00;3706.00;26.25;83.25;14.11
2959753;87.00;3722.00;26.25;83.25;14.11
2960138;87.00;3717.00;26.25;83.25;14.11
2960521;87.00;3739.00;26.25;83.25;14.11
2960908;88.00;3739.00;26.25;83.25;14.02
2961347;88.00;3742.00;26.25;83.25;14.11
2961785;88.00;3763.00;26.25;83.25;14.02
2962227;87.00;3727.00;26.25;83.25;14.11
2962671;87.00;3700.00;26.25;83.25;14.21
2962980;86.00;3591.00;26.25;83.25;14.02
2963373;83.00;3520.00;26.25;83.25;14.21
2963765;81.00;3462.00;26.25;83.25;14.11
2964157;80.00;3365.00;26.25;83.25;14.11
2964548;77.00;3279.00;26.25;83.25;14.21
2964944;75.00;3187.00;26.25;83.25;14.21
2965332;73.00;3097.00;26.25;83.25;14.21
2965719;71.00;3037.00;26.25;83.25;14.21
2966027;70.00;2973.00;26.25;83.25;14.11
2966470;67.00;2876.00;26.25;83.25;14.21
2966912;63.00;2734.00;26.25;83.25;14.21
2967302;62.00;2644.00;26.25;83.25;14.21
2967741;60.00;2543.00;26.25;83.25;14.21
2968194;57.00;2444.00;26.25;83.25;14.11
2968584;56.00;2389.00;26.25;83.25;14.11
2968972;53.00;2290.00;26.25;83.25;14.21
2969363;52.00;2205.00;26.25;83.25;14.21
2969755;51.00;2160.00;26.25;83.25;14.11
2970151;48.00;2064.00;26.25;83.25;14.21
2970594;46.00;1984.00;26.25;83.25;14.21
2970982;45.00;1904.00;26.25;83.25;14.30
2971375;43.00;1875.00;26.25;83.25;14.21
2971766;42.00;1794.00;26.25;83.25;14.21
2972155;41.00;1752.00;26.25;83.25;14.21
2972543;38.00;1688.00;26.25;83.25;14.30
2972935;37.00;1639.00;26.25;83.25;14.21
2973329;37.00;1544.00;26.25;83.25;14.30
2973717;36.00;1486.00;26.25;83.25;14.30
2974024;35.00;1464.00;26.25;83.25;14.39
2974416;33.00;1453.00;26.25;83.25;14.30
2974813;32.00;1415.00;26.25;83.25;14.39
2975205;31.00;1422.00;26.25;83.25;14.39
2975647;30.00;1369.00;26.25;83.25;14.30
2975959;28.00;1361.00;26.25;83.25;14.39
2976351;28.00;1223.00;26.25;83.25;14.39
2976787;27.00;1327.00;26.25;83.25;14.39
2977282;25.00;1312.00;26.25;83.25;14.39
2977723;22.00;1320.00;26.25;83.25;14.39
2978031;17.00;1327.00;26.25;83.25;14.39
2978420;13.00;1326.00;26.25;83.25;14.39
2978809;10.00;1314.00;26.25;83.25;14.30
2979201;7.00;1286.00;26.25;83.25;14.39
2979594;5.00;1304.00;26.25;83.25;14.39
2979984;3.00;1207.00;27.00;83.25;14.39
2980376;2.00;1262.00;27.00;83.25;14.39
2980764;0;1273.00;27.00;83.25;14.39
2981154;0;1291.00;27.00;83.25;14.39
2981590;0;1259.00;27.00;84.00;14.39
2981977;0;1234.00;27.00;84.00;14.49
2982365;0;1235.00;27.00;84.00;14.39
2982751;0;1276.00;27.00;84.00;14.30
2983142;0;1282.00;27.00;84.00;14.39
2983537;0;1257.00;27.00;84.00;14.39
2983919;0;1232.00;27.00;84.00;14.39
2984303;0;1232.00;27.00;84.00;14.39
2984788;0;1270.00;27.00;84.00;14.39
2985174;0;1254.00;27.00;84.00;14.39
2985560;0;1256.00;27.00;84.75;14.49
2986001;0;1240.00;27.00;84.75;14.49
2986389;0;1233.00;27.00;84.75;14.39
2986826;0;1233.00;27.00;84.75;14.49
2987261;0;1233.00;27.00;84.75;14.49
2987645;0;1251.00;27.00;84.75;14.39
2988032;0;1249.00;27.00;84.75;14.39
2988419;0;1245.00;27.00;84.75;14.39
2988855;0;1260.00;27.00;84.75;14.49
2989344;0;1262.00;27.00;84.75;14.49
2989780;0;1235.00;27.00;84.75;14.39
2990166;0;1244.00;27.00;84.75;14.49
2990554;0;1206.00;27.00;85.50;14.39
2990948;0;1233.00;27.00;85.50;14.39
2991333;0;1232.00;27.00;85.50;14.39
2991721;0;1236.00;27.00;85.50;14.39
2992024;0;1209.00;27.00;85.50;14.39
2992411;0;1223.00;27.00;85.50;14.39
2992853;0;1276.00;27.00;85.50;14.39
2993239;0;1200.00;27.00;85.50;14.39
2993673;0;1225.00;27.00;85.50;14.39
2993978;0;1253.00;27.00;85.50;14.39
2994365;0;1255.00;27.00;85.50;14.49
2994753;0;1238.00;27.00;86.25;14.39
2995113;0;1230.00;27.00;86.25;14.39
2995496;0;1269.00;27.00;86.25;14.39
2995929;0;1240.00;27.00;86.25;14.30
2996368;0;1225.00;27.00;86.25;14.39
2996856;0;1223.00;27.00;86.25;14.39
2997240;0;1275.00;27.00;86.25;14.30
2997626;0;1253.00;27.00;86.25;14.30
2998013;0;1245.00;27.00;86.25;14.39
2998451;0;1275.00;27.00;86.25;14.39
2998886;0;1201.00;27.00;86.25;14.49
2999272;0;1259.00;27.00;86.25;14.49
2999657;0;1224.00;27.00;86.25;14.30
3000046;0;2353.00;27.00;86.25;14.21
3000487;0;1459.00;27.00;86.25;14.39
3000875;0;1297.00;27.00;86.25;14.30
3001263;0;1276.00;27.00;86.25;14.39
3001651;0;1202.00;27.00;86.25;14.30
3002039;0;1285.00;27.00;86.25;14.39
3002429;0;1242.00;27.00;86.25;14.49
3002815;0;1184.00;27.00;86.25;14.39
3003253;0;1545.00;27.00;86.25;14.30
3003693;0;2141.00;27.00;86.25;14.21
3003999;0;1387.00;27.00;86.25;14.30
3004388;0;1334.00;27.00;86.25;14.49
3004775;0;1257.00;27.00;86.25;14.39
3005133;0;3029.00;27.00;86.25;14.11
3005570;0;1581.00;27.00;86.25;14.30
3005959;0;1325.00;27.00;86.25;14.39
3006346;0;1262.00;27.00;86.25;14.39
3006730;0;1310.00;27.00;86.25;14.39
3007033;0;1277.00;27.00;86.25;14.39
3007429;0;1293.00;27.00;86.25;14.30
3007817;0;2606.00;27.00;86.25;14.21
3008205;0;2835.00;27.00;86.25;14.21
3008589;0;1632.00;27.00;86.25;14.30
3009029;0;1258.00;27.00;86.25;14.49
3009469;0;1287.00;27.00;86.25;14.39
3009856;0;1277.00;27.00;86.25;14.39
3010240;0;1265.00;27.00;86.25;14.30
3010630;0;1253.00;27.00;86.25;14.30
3011013;0;1295.00;27.00;86.25;14.39
3011400;0;3030.00;27.00;86.25;14.11
3011836;0;1679.00;27.00;86.25;14.30
3012223;0;1342.00;27.00;86.25;14.39
3012612;0;2279.00;27.00;86.25;14.21
3013003;0;1427.00;27.00;86.25;14.39
3013389;0;1310.00;27.00;86.25;14.39
3013775;0;1284.00;27.00;86.25;14.39
3014080;0;3172.00;27.00;86.25;14.11
3014466;0;1656.00;27.00;86.25;14.30
3014857;0;1362.00;27.00;86.25;14.39
3015296;0;1252.00;27.00;86.25;14.39
3015731;0;1251.00;27.00;86.25;14.39
3016052;0;2866.00;27.00;87.00;14.21
3016445;0;1584.00;27.00;87.00;14.30
3016884;0;1296.00;27.00;87.00;14.39
3017272;0;2398.00;27.00;87.00;14.11
3017710;0;1582.00;27.00;87.00;14.39
3018019;0;1315.00;27.00;87.00;14.39
3018403;0;1255.00;27.00;87.00;14.39
3018788;0;1319.00;27.00;87.00;14.39
3019091;0;1253.00;27.00;87.00;14.49
3019531;0;1259.00;27.00;87.00;14.49
3019977;0;1294.00;27.00;87.00;14.30
3020367;0;1991.00;27.00;87.00;14.21
3020806;0;1339.00;27.00;87.00;14.39
3021245;0;1309.00;27.00;87.75;14.39
3021683;0;2273.00;27.00;87.75;14.21
3022069;0;1366.00;27.00;87.75;14.30
3022465;0;1307.00;27.00;87.75;14.39
3022855;0;2513.00;27.00;87.75;14.30
3023243;0;2443.00;27.00;87.75;14.21
3023630;0;1513.00;27.00;87.75;14.30
3024021;0;1242.00;27.00;87.75;14.49
3024408;0;3149.00;27.00;87.75;14.11
3024798;0;2198.00;27.00;87.75;14.21
3025159;0;1404.00;27.00;88.50;14.39
3025603;0;1271.00;27.00;89.25;14.49
3025993;0;3377.00;27.00;89.25;14.11
3026431;0;1635.00;27.00;89.25;14.39
3026870;0;1298.00;27.00;89.25;14.39
3027307;0;1243.00;27.00;89.25;14.39
3027741;0;1260.00;27.00;89.25;14.39
3028045;0;2835.00;27.00;89.25;14.11
3028435;0;1638.00;27.00;89.25;14.30
3028823;0;3025.00;27.00;89.25;14.21
3029212;0;1629.00;27.00;89.25;14.30
3029601;0;1298.00;27.00;90.00;14.39
3029994;0;3446.00;27.00;90.00;14.11
3030383;0;2435.00;27.00;90.00;14.21
3030772;0;2284.00;27.00;90.00;14.21
3031127;0;6141.00;27.00;90.00;14.02
3031514;0;3842.00;27.00;90.00;14.11
3031900;0;2056.00;27.00;90.00;14.21
3032287;0;1422.00;27.00;90.00;14.39
3032725;0;1236.00;27.00;90.00;14.39
3033029;0;1238.00;27.00;90.00;14.39
3033417;0;1201.00;27.00;90.00;14.39
3033801;0;1241.00;27.00;90.00;14.39
3034109;0;1217.00;27.00;90.75;14.39
3034500;0;1261.00;27.00;90.75;14.30
3034890;0;1225.00;27.00;90.75;14.49
3035279;0;2562.00;27.00;90.75;14.21
3035668;0;1434.00;27.00;90.75;14.49
3036056;0;2494.00;27.00;90.75;14.11
3036494;0;1368.00;27.00;90.75;14.39
3036933;0;1297.00;27.00;90.75;14.39
3037369;0;2513.00;27.00;90.75;14.21
3037861;0;1455.00;27.00;90.75;14.30
3038249;0;1272.00;27.00;91.50;14.30
3038636;0;1261.00;27.00;91.50;14.30
3039020;0;1282.00;27.00;91.50;14.39
3039458;0;1324.00;27.00;91.50;14.30
3039897;0;1895.00;27.00;91.50;14.30
3040333;0;1305.00;27.00;91.50;14.39
3040772;0;1244.00;27.00;91.50;14.49
3041078;0;1206.00;27.75;91.50;14.39
3041470;0;1268.00;27.75;91.50;14.39
3041857;0;2789.00;27.75;91.50;14.11
3042297;0;1503.00;27.75;91.50;14.30
3042735;0;1340.00;27.75;91.50;14.39
3043043;0;1350.00;27.75;92.25;14.49
3043434;0;2461.00;27.75;92.25;14.11
3043821;0;1561.00;27.75;92.25;14.39
3044178;0;1321.00;27.75;92.25;14.39
3044613;0;1272.00;27.75;92.25;14.39
3044996;0;2407.00;27.75;92.25;14.11
3045386;0;1634.00;27.75;92.25;14.21
3045774;0;1298.00;27.75;92.25;14.39
3046081;0;2710.00;27.75;92.25;14.21
3046469;0;1758.00;27.75;92.25;14.30
3046856;0;1296.00;27.75;92.25;14.39
3047245;0;1272.00;27.75;92.25;14.30
3047683;0;1273.00;27.75;92.25;14.39
3048122;0;2077.00;27.75;92.25;14.21
3048559;0;1355.00;27.75;93.00;14.39
3048951;0;2080.00;27.75;93.00;14.21
3049339;0;1373.00;27.75;93.00;14.30
3049728;0;1320.00;27.75;93.00;14.39
3050117;0;2710.00;27.75;93.00;14.21
3050507;0;1555.00;27.75;93.75;14.30
3050899;0;1277.00;27.75;93.75;14.39
3051288;0;1249.00;27.75;93.75;14.39
3051674;0;1226.00;27.75;93.75;14.39
3052110;0;1912.00;27.75;93.75;14.30
3052554;0;2135.00;27.75;93.75;14.21
3052993;0;1336.00;27.75;93.75;14.30
3053434;0;1321.00;27.75;93.75;14.49
3053872;0;2742.00;27.75;93.75;14.11
3054265;0;1588.00;27.75;93.75;14.21
3054654;0;2888.00;27.75;94.50;14.11
3055048;0;1548.00;27.75;94.50;14.30
3055489;0;1228.00;27.75;94.50;14.30
3055925;0;2186.00;27.75;94.50;14.21
3056317;0;2070.00;27.75;94.50;14.21
3056700;0;1380.00;27.75;94.50;14.39
3057093;0;2178.00;27.75;94.50;14.21
3057479;0;1338.00;27.75;94.50;14.39
3057869;0;1290.00;27.75;94.50;14.39
3058305;0;1256.00;27.75;94.50;14.39
3058688;0;1218.00;27.75;94.50;14.39
3059072;0;1233.00;27.75;94.50;14.39
3059458;0;1272.00;27.75;94.50;14.39
3059842;0;1227.00;27.75;94.50;14.39
3060146;0;1225.00;27.75;95.25;14.49
3060535;0;1231.00;27.75;95.25;14.39
3060974;0;1267.00;27.75;95.25;14.30
3061414;0;1218.00;27.75;95.25;14.49
3061854;0;1235.00;27.75;95.25;14.49
3062289;0;1242.00;27.75;95.25;14.39
3062675;0;1245.00;27.75;95.25;14.39
3063060;0;1268.00;27.75;96.00;14.39
3063499;0;1261.00;27.75;96.00;14.39
3063882;0;1222.00;27.75;96.00;14.39
3064283;0;1230.00;27.75;96.00;14.39
3064717;0;1256.00;27.75;96.00;14.39
3065114;0;1271.00;27.75;96.00;14.21
3065553;0;1235.00;27.75;96.00;14.39
3065991;0;1214.00;27.75;96.00;14.39
3066375;0;1273.00;27.75;96.00;14.49
3066762;0;1223.00;27.75;96.00;14.39
3067070;0;1238.00;27.75;96.00;14.39
3067452;0;1239.00;27.75;96.75;14.39
3067840;0;1251.00;27.75;96.75;14.39
3068194;0;1257.00;27.75;96.75;14.39
3068629;0;1239.00;27.75;96.75;14.39
3069014;0;1277.00;27.75;96.75;14.39
3069402;0;1250.00;27.75;96.75;14.30
3069840;0;1210.00;27.75;96.75;14.39
3070154;0;1249.00;27.75;96.75;14.30
3070543;0;1242.00;27.75;96.75;14.49
3070930;0;1254.00;27.75;96.75;14.39
3071318;0;1251.00;27.75;96.75;14.39
3071702;0;1245.00;27.75;96.75;14.39
3072086;0;1198.00;27.75;96.75;14.39
3072473;0;1241.00;27.75;96.75;14.39
3072857;0;1246.00;27.75;96.75;14.39
3073216;0;1248.00;27.75;96.75;14.30
3073656;0;1263.00;27.75;96.75;14.30
3074090;0;1262.00;27.75;96.75;14.49
3074478;0;1251.00;27.75;97.50;14.39
3074869;0;1208.00;27.75;97.50;14.39
3075224;0;1236.00;27.75;97.50;14.39
3075607;0;1296.00;27.75;97.50;14.39
3075990;0;1266.00;27.75;97.50;14.30
3076428;0;1228.00;27.75;97.50;14.49
3076817;0;1226.00;27.75;97.50;14.39
3077124;0;1247.00;27.75;97.50;14.30
3077512;0;1225.00;27.75;97.50;14.39
3077902;0;1208.00;27.75;97.50;14.39
3078287;0;1260.00;27.75;97.50;14.39
3078724;0;1280.00;27.75;97.50;14.39
3079078;0;1276.00;27.75;97.50;14.30
3079467;0;1232.00;27.75;98.25;14.39
3079858;0;1269.00;27.75;98.25;14.39
3080218;0;1200.00;27.75;98.25;14.30
3080657;0;1209.00;27.75;98.25;14.39
3081044;0;1198.00;27.75;98.25;14.39
3081428;0;2802.00;27.75;98.25;14.11
3081866;0;1570.00;27.75;98.25;14.39
3082173;0;1257.00;27.75;98.25;14.39
3082563;0;1261.00;27.75;98.25;14.39
3082948;0;2816.00;27.75;98.25;14.11
3083337;0;2608.00;27.75;98.25;14.11
3083774;8.00;2091.00;27.75;99.00;14.21
3084220;11.00;1308.00;27.75;99.00;14.39
3084623;12.00;2473.00;27.75;99.00;14.11
3085015;15.00;2477.00;27.75;99.00;14.21
3085407;18.00;2238.00;27.75;99.00;14.21
3085796;21.00;2336.00;27.75;99.00;14.11
3086108;25.00;2750.00;27.75;99.00;14.11
3086498;28.00;3134.00;27.75;99.00;14.11
3086888;32.00;3640.00;27.75;99.00;14.02
3087331;38.00;4197.00;27.75;99.00;14.11
3087730;43.00;4763.00;27.75;99.00;14.11
3088120;45.00;4424.00;27.75;99.00;13.92
3088512;51.00;4027.00;27.75;99.00;14.02
3088906;57.00;4468.00;27.75;99.00;13.92
3089298;62.00;4932.00;27.75;99.00;14.11
3089689;63.00;4748.00;27.75;99.00;14.02
3090082;70.00;4234.00;27.75;99.00;14.02
3090470;72.00;4435.00;27.75;99.00;14.02
3090861;76.00;4605.00;27.75;99.00;14.11
3091171;78.00;4871.00;27.75;99.00;14.11
3091560;80.00;4143.00;27.75;99.00;13.92
3091951;81.00;4268.00;27.75;99.00;14.11
3092343;85.00;4384.00;27.75;99.00;14.02
3092739;86.00;4426.00;27.75;99.00;14.02
3093129;87.00;4008.00;27.75;99.00;14.11
3093521;88.00;4059.00;27.75;99.00;14.11
3093911;90.00;4139.00;27.75;99.00;14.11
3094400;91.00;4195.00;27.75;99.00;14.02
3094896;90.00;3834.00;27.75;98.25;14.11
3095343;88.00;3671.00;27.75;97.50;14.11
3095734;87.00;3685.00;27.75;97.50;14.11
3096123;85.00;3634.00;27.75;97.50;14.02
3096514;83.00;3560.00;27.75;97.50;14.02
3096953;82.00;3518.00;27.75;96.75;14.11
3097321;82.00;3537.00;27.75;96.75;14.02
3097712;83.00;3541.00;27.75;96.75;14.11
3098104;83.00;3547.00;27.75;96.75;14.21
3098492;85.00;3592.00;27.75;96.00;14.02
3098890;85.00;3612.00;27.75;96.00;14.11
3099199;85.00;3597.00;27.75;95.25;14.11
3099589;83.00;3536.00;27.75;95.25;14.11
3099979;82.00;3530.00;27.75;95.25;14.02
3100370;81.00;3414.00;27.75;94.50;14.11
3100766;78.00;3384.00;27.75;94.50;14.11
3101155;76.00;3245.00;27.75;94.50;14.11
3101542;71.00;3031.00;27.75;94.50;14.21
3101936;66.00;2828.00;27.75;93.75;14.11
3102333;61.00;2590.00;27.75;93.00;14.21
3102732;56.00;2382.00;27.75;93.00;14.11
3103124;52.00;1441.00;27.75;93.00;14.30
3103517;50.00;1967.00;27.75;92.25;14.30
3104011;48.00;2231.00;27.75;92.25;14.21
3104453;45.00;2668.00;27.75;92.25;14.21
3104893;43.00;2305.00;27.75;92.25;14.21
3105201;38.00;2368.00;27.75;92.25;14.21
3105590;33.00;2102.00;27.75;91.50;14.21
3105982;32.00;3309.00;27.75;91.50;14.02
3106373;32.00;1911.00;27.75;91.50;14.30
3106760;31.00;2520.00;27.75;91.50;14.21
3107151;32.00;2522.00;27.75;91.50;14.21
3107590;35.00;2753.00;27.75;91.50;14.11
3108035;37.00;2963.00;27.75;91.50;14.21
3108429;40.00;3115.00;27.75;90.75;14.11
3108824;41.00;3265.00;27.75;90.75;14.11
3109132;43.00;3397.00;27.75;90.75;14.11
3109572;46.00;3584.00;27.75;90.75;14.02
3110014;50.00;3923.00;27.75;90.75;14.02
3110454;53.00;4201.00;27.75;90.75;14.11
3110902;57.00;4469.00;27.75;90.75;14.02
3111214;61.00;4811.00;27.75;90.00;14.02
3111672;63.00;3932.00;27.75;90.00;14.02
3112060;66.00;4021.00;27.75;90.00;14.11
3112453;67.00;4175.00;27.75;90.00;14.02
3112845;70.00;4277.00;27.00;90.00;14.11
3113161;72.00;4385.00;27.00;90.00;14.11
3113549;73.00;4520.00;27.00;90.00;14.11
3113938;73.00;4584.00;27.00;90.00;14.11
3114324;75.00;3883.00;27.00;90.00;14.11
3114762;76.00;3918.00;27.00;89.25;14.11
3115205;76.00;3959.00;27.00;88.50;14.11
3115594;76.00;3952.00;27.00;88.50;14.11
3115978;77.00;4045.00;27.00;88.50;14.11
3116365;80.00;4110.00;27.00;88.50;14.02
3116759;81.00;4207.00;27.00;88.50;14.11
3117153;82.00;4274.00;27.00;88.50;14.11
3117540;83.00;4381.00;27.00;87.75;14.11
3117933;86.00;4484.00;27.00;87.75;14.11
3118324;86.00;4209.00;27.00;87.75;14.02
3118714;86.00;3978.00;27.00;87.75;14.11
3119155;87.00;4010.00;27.00;87.75;14.11
3119594;87.00;4040.00;27.00;87.00;14.11
3120033;88.00;4083.00;27.00;87.00;14.02
3120526;88.00;4084.00;27.00;87.00;14.21
3120967;88.00;4079.00;27.00;87.00;14.11
3121408;88.00;4094.00;27.00;87.00;14.11
3121842;90.00;4105.00;27.00;87.00;14.21
3122153;88.00;4100.00;27.00;86.25;14.11
3122551;88.00;4112.00;27.00;86.25;14.11
3122936;88.00;4069.00;27.00;86.25;14.11
3123321;88.00;4074.00;27.00;86.25;14.11
3123757;87.00;4044.00;27.00;86.25;14.11
3124145;87.00;4041.00;27.00;85.50;14.02
3124537;87.00;4015.00;27.00;85.50;14.11
3124925;87.00;4002.00;27.00;85.50;14.11
3125231;86.00;3985.00;27.00;85.50;14.21
3125673;86.00;3970.00;27.00;85.50;14.11
3126060;85.00;3919.00;27.00;85.50;14.11
3126449;85.00;3904.00;27.00;84.75;14.11
3126837;85.00;3933.00;27.00;84.75;14.02
3127196;85.00;3921.00;27.00;84.75;14.11
3127584;86.00;3923.00;27.00;84.75;14.11
3127974;86.00;3965.00;27.00;84.75;14.11
3128360;86.00;3975.00;27.00;84.00;14.11
3128748;86.00;3963.00;27.00;84.00;14.02
3129135;86.00;3989.00;27.00;84.00;14.21
3129523;87.00;4053.00;27.00;84.00;14.11
3129967;88.00;4044.00;27.00;84.00;14.11
3130360;88.00;4119.00;27.00;84.00;14.02
3130746;88.00;4114.00;27.00;83.25;14.11
3131136;90.00;4165.00;27.00;83.25;14.11
3131525;90.00;4353.00;27.00;83.25;14.11
3132013;91.00;3864.00;27.00;83.25;14.11
3132402;90.00;3843.00;27.00;83.25;14.11
3132792;91.00;3891.00;27.00;83.25;14.11
3133179;91.00;3886.00;27.00;82.50;14.11
3133568;92.00;3901.00;27.00;82.50;14.11
3133958;92.00;3908.00;27.00;82.50;14.21
3134398;91.00;3883.00;27.00;82.50;14.21
3134837;90.00;3811.00;27.00;82.50;14.02
3135228;88.00;3792.00;27.00;82.50;14.11
3135619;87.00;3585.00;27.00;82.50;14.02
3136062;85.00;3612.00;27.00;82.50;14.11
3136505;82.00;3575.00;27.00;82.50;14.11
3136894;81.00;2729.00;27.00;82.50;14.11
3137202;80.00;3672.00;27.00;81.75;14.11
3137593;78.00;3619.00;27.00;81.75;14.11
3137984;76.00;3529.00;27.00;81.75;14.11
3138372;75.00;3919.00;27.00;81.75;14.11
3138816;75.00;3861.00;27.00;81.75;14.21
3139206;73.00;3797.00;27.00;81.75;13.92
3139647;72.00;3738.00;27.00;81.75;14.11
3140090;70.00;3675.00;27.00;81.75;14.11
3140480;70.00;3605.00;27.00;81.75;14.21
3140917;68.00;3563.00;27.00;81.75;14.11
3141230;68.00;3555.00;27.00;81.00;14.11
3141616;70.00;3632.00;27.00;81.00;14.11
3142005;71.00;3679.00;27.00;81.00;14.11
3142393;72.00;3751.00;27.00;81.00;14.11
3142832;73.00;3843.00;27.00;81.00;14.11
3143273;73.00;3847.00;27.00;81.00;14.11
3143708;73.00;3849.00;27.00;81.00;14.11
3144093;75.00;3894.00;27.00;81.00;14.11
3144481;73.00;3829.00;27.00;81.00;14.11
3144870;72.00;3671.00;26.25;81.00;14.11
3145186;71.00;3689.00;26.25;81.00;14.21
3145582;70.00;3620.00;26.25;81.00;14.11
3146024;67.00;3575.00;26.25;81.00;14.11
3146414;67.00;3762.00;26.25;81.00;14.02
3146853;66.00;4161.00;26.25;81.00;14.11
3147296;66.00;4014.00;26.25;81.00;14.11
3147732;65.00;3957.00;26.25;81.00;14.11
3148174;62.00;3877.00;26.25;81.00;14.11
3148562;61.00;3755.00;26.25;81.00;14.11
3149003;60.00;3654.00;26.25;81.00;14.21
3149447;57.00;3569.00;26.25;81.00;14.02
3149889;57.00;3494.00;26.25;81.00;14.02
3150193;57.00;3508.00;26.25;80.25;14.11
3150587;57.00;3562.00;26.25;80.25;14.11
3150972;58.00;3595.00;26.25;80.25;14.21
3151414;58.00;3630.00;26.25;80.25;14.11
3151854;60.00;3669.00;26.25;80.25;14.21
3152246;62.00;3844.00;26.25;80.25;14.21
3152686;65.00;3996.00;26.25;80.25;14.11
3153130;68.00;4243.00;26.25;80.25;14.11
3153520;71.00;4369.00;26.25;80.25;14.11
3153960;75.00;4577.00;26.25;80.25;14.02
3154272;73.00;3858.00;26.25;80.25;14.02
3154660;75.00;3868.00;26.25;80.25;14.21
3155053;75.00;3854.00;26.25;80.25;14.11
3155445;73.00;3865.00;26.25;80.25;14.11
3155833;73.00;3872.00;26.25;80.25;14.11
3156217;75.00;3895.00;26.25;80.25;14.11
3156606;75.00;3938.00;26.25;80.25;14.11
3157043;76.00;3956.00;26.25;80.25;14.21
3157487;75.00;3900.00;26.25;80.25;14.21
3157925;76.00;3908.00;26.25;80.25;14.11
3158239;75.00;3893.00;26.25;80.25;14.11
3158627;75.00;3890.00;26.25;80.25;14.21
3159015;73.00;3842.00;26.25;80.25;14.11
3159409;73.00;3752.00;26.25;80.25;14.11
3159809;71.00;3673.00;26.25;80.25;14.02
3160201;68.00;3579.00;26.25;81.00;14.11
3160597;66.00;3491.00;26.25;81.00;14.21
3160990;65.00;3340.00;26.25;81.00;14.11
3161432;62.00;3256.00;26.25;81.00;14.21
3161825;60.00;3296.00;26.25;81.00;14.11
3162218;60.00;3156.00;26.25;81.00;14.11
3162604;58.00;3109.00;26.25;81.00;14.11
3162995;58.00;3135.00;26.25;81.00;14.11
3163382;60.00;3127.00;26.25;81.00;14.11
3163773;61.00;3163.00;26.25;81.00;14.21
3164166;62.00;3263.00;26.25;81.00;14.11
3164560;65.00;3372.00;26.25;81.00;14.11
3164950;66.00;3440.00;26.25;81.00;14.11
3165310;68.00;3550.00;26.25;81.00;14.11
3165752;70.00;3600.00;26.25;81.00;14.11
3166191;70.00;3568.00;26.25;81.00;14.11
3166626;68.00;3532.00;26.25;81.00;14.11
3167015;66.00;3468.00;26.25;81.00;14.11
3167407;65.00;3377.00;26.25;81.00;14.21
3167797;63.00;3402.00;26.25;81.00;14.11
3168188;62.00;3252.00;26.25;81.00;14.11
3168576;62.00;3311.00;26.25;81.00;14.21
3168967;63.00;3345.00;26.25;81.00;14.02
3169280;65.00;3412.00;26.25;81.00;14.30
3169672;66.00;3471.00;26.25;81.00;14.11
3170115;68.00;3563.00;26.25;81.00;14.02
3170558;70.00;3644.00;26.25;81.00;14.11
3170950;71.00;3683.00;26.25;81.00;14.11
3171310;71.00;3719.00;26.25;81.00;14.02
3171697;72.00;3764.00;26.25;80.25;14.02
3172090;73.00;3804.00;26.25;80.25;14.11
3172482;73.00;3847.00;26.25;80.25;14.21
3172869;75.00;3920.00;26.25;80.25;14.02
3173312;76.00;3960.00;26.25;80.25;14.11
3173754;77.00;4009.00;26.25;80.25;14.11
3174145;77.00;4047.00;26.25;80.25;14.11
3174531;78.00;4100.00;26.25;80.25;14.02
3174923;78.00;4259.00;26.25;80.25;14.02
3175230;77.00;3619.00;26.25;80.25;14.11
3175621;78.00;3611.00;26.25;80.25;14.11
3176010;78.00;3655.00;26.25;80.25;14.11
3176397;80.00;3669.00;26.25;80.25;14.11
3176837;80.00;3640.00;26.25;80.25;14.21
3177276;78.00;3641.00;26.25;80.25;14.21
3177715;80.00;3644.00;26.25;80.25;14.02
3178159;80.00;3657.00;26.25;80.25;14.02
3178543;78.00;3647.00;26.25;80.25;14.11
3178947;78.00;3645.00;26.25;80.25;14.11
3179251;78.00;3604.00;26.25;80.25;14.21
3179639;77.00;3565.00;26.25;80.25;14.11
3180033;76.00;3534.00;26.25;80.25;14.02
3180425;76.00;3495.00;26.25;80.25;14.21
3180813;75.00;3446.00;26.25;80.25;14.11
3181207;73.00;3403.00;26.25;80.25;14.21
3181601;73.00;3401.00;26.25;80.25;14.11
3181988;72.00;3872.00;26.25;80.25;14.11
3182297;70.00;3742.00;26.25;80.25;14.11
3182685;68.00;3570.00;26.25;80.25;14.02
3183082;66.00;3469.00;26.25;80.25;14.11
3183474;62.00;3799.00;26.25;80.25;14.11
3183862;60.00;3622.00;26.25;80.25;14.02
3184252;57.00;3472.00;26.25;80.25;14.11
3184642;52.00;3236.00;26.25;80.25;14.11
3185031;48.00;2968.00;26.25;80.25;14.11
3185469;45.00;2780.00;26.25;80.25;14.11
3185911;45.00;2907.00;26.25;80.25;14.11
3186215;46.00;2887.00;26.25;80.25;14.21
3186607;47.00;2930.00;26.25;80.25;14.11
3187001;48.00;3011.00;26.25;80.25;14.11
3187310;50.00;3069.00;26.25;80.25;14.11
3187700;50.00;3073.00;26.25;80.25;14.11
3188134;51.00;3148.00;26.25;80.25;14.02
3188526;53.00;3287.00;26.25;80.25;14.21
3188919;55.00;3383.00;26.25;80.25;14.11
3189231;55.00;3412.00;26.25;80.25;14.21
3189620;56.00;3434.00;26.25;80.25;14.11
3190012;56.00;3471.00;26.25;80.25;14.11
3190366;57.00;3542.00;26.25;80.25;14.11
3190805;58.00;3588.00;26.25;80.25;14.11
3191192;60.00;3631.00;26.25;80.25;14.11
3191585;60.00;3687.00;26.25;80.25;14.21
3191973;61.00;3778.00;26.25;80.25;14.21
3192333;63.00;3898.00;26.25;80.25;14.11
3192725;66.00;4035.00;26.25;80.25;14.02
3193123;66.00;3991.00;26.25;81.00;14.02
3193562;66.00;3423.00;26.25;81.00;14.11
3194000;65.00;3424.00;26.25;81.00;14.11
3194309;67.00;3477.00;26.25;81.00;14.11
3194699;67.00;3502.00;26.25;81.00;14.11
3195085;67.00;3498.00;26.25;81.00;14.11
3195522;67.00;3502.00;26.25;81.00;13.92
3195961;66.00;3479.00;26.25;81.00;14.02
3196272;66.00;3469.00;26.25;81.00;14.11
3196660;66.00;3457.00;26.25;81.00;14.02
3197052;67.00;3485.00;26.25;81.00;14.02
3197441;66.00;3456.00;26.25;81.00;14.02
3197833;66.00;3466.00;26.25;81.00;14.21
3198272;66.00;3409.00;26.25;81.00;14.11
3198660;65.00;3404.00;26.25;81.00;14.02
3199053;66.00;3445.00;26.25;81.00;14.21
3199496;66.00;3443.00;26.25;81.00;14.02
3199935;67.00;3511.00;26.25;81.00;14.11
3200246;68.00;3589.00;26.25;81.00;14.11
3200641;70.00;3635.00;26.25;81.00;14.11
3201029;71.00;3667.00;25.50;81.75;14.11
3201425;72.00;3737.00;25.50;81.75;14.02
3201818;73.00;3839.00;25.50;81.75;14.21
3202209;76.00;3940.00;25.50;81.75;14.11
3202602;77.00;4002.00;25.50;81.75;14.11
3202991;77.00;4074.00;25.50;81.75;14.11
3203345;78.00;4079.00;25.50;81.75;14.21
3203737;78.00;4071.00;25.50;81.75;14.11
3204125;78.00;4088.00;25.50;81.75;14.11
3204510;78.00;4090.00;25.50;81.75;14.11
3204897;78.00;4118.00;25.50;81.75;14.11
3205285;80.00;4183.00;25.50;81.75;14.02
3205732;82.00;4282.00;25.50;81.75;14.11
3206125;81.00;3668.00;25.50;81.75;14.11
3206564;81.00;3761.00;25.50;81.75;14.11
3207001;82.00;3778.00;25.50;81.75;14.11
3207325;82.00;3825.00;25.50;81.75;14.11
3207765;83.00;3841.00;25.50;81.75;14.11
3208204;83.00;3904.00;25.50;81.75;14.11
3208642;85.00;3912.00;25.50;81.75;14.11
3209030;83.00;3848.00;25.50;81.75;14.11
3209339;82.00;3800.00;25.50;81.75;14.11
3209777;80.00;3730.00;25.50;81.75;14.11
3210170;77.00;2913.00;25.50;81.75;14.11
3210608;73.00;3862.00;25.50;81.75;14.11
3211048;71.00;3708.00;25.50;81.75;14.11
3211489;68.00;3517.00;25.50;81.75;14.21
3211930;66.00;3404.00;25.50;81.75;14.11
3212323;63.00;3958.00;25.50;81.75;14.11
3212713;61.00;3710.00;25.50;82.50;14.11
3213104;57.00;3552.00;25.50;82.50;14.11
3213492;55.00;3349.00;25.50;82.50;14.11
3213883;52.00;3155.00;25.50;82.50;14.11
3214272;48.00;2986.00;25.50;82.50;14.11
3214664;46.00;2996.00;25.50;82.50;14.21
3215058;45.00;2723.00;25.50;82.50;14.21
3215445;43.00;4129.00;25.50;82.50;14.11
3215840;42.00;2560.00;25.50;82.50;14.21
3216232;41.00;2780.00;25.50;82.50;14.02
3216626;40.00;3306.00;25.50;82.50;14.21
3217020;40.00;3137.00;25.50;82.50;14.11
3217413;38.00;3064.00;25.50;82.50;14.11
3217800;37.00;3083.00;25.50;82.50;14.21
3218199;36.00;3013.00;25.50;82.50;14.11
3218589;37.00;2978.00;25.50;82.50;14.21
3218982;38.00;3071.00;25.50;82.50;14.21
3219341;41.00;3201.00;25.50;82.50;14.11
3219784;43.00;3406.00;25.50;82.50;14.11
3220223;45.00;3547.00;25.50;82.50;14.11
3220668;46.00;3552.00;25.50;82.50;14.11
3221058;45.00;3539.00;25.50;82.50;14.11
3221447;46.00;3583.00;25.50;82.50;14.21
3221839;46.00;3545.00;25.50;82.50;14.11
3222332;45.00;3492.00;25.50;82.50;14.21
3222776;43.00;3472.00;25.50;82.50;14.11
3223171;41.00;3219.00;25.50;82.50;14.11
3223611;40.00;3080.00;25.50;82.50;14.11
3224051;38.00;3039.00;25.50;82.50;14.21
3224362;38.00;3048.00;25.50;82.50;14.21
3224748;36.00;2951.00;25.50;82.50;14.11
3225140;36.00;2833.00;25.50;82.50;14.21
3225531;35.00;2688.00;25.50;82.50;14.02
3225925;35.00;2734.00;25.50;82.50;14.11
3226314;35.00;2782.00;25.50;82.50;14.11
3226749;37.00;2895.00;25.50;82.50;14.21
3227142;38.00;3049.00;25.50;82.50;14.02
3227533;41.00;3261.00;25.50;82.50;14.02
3227978;45.00;3458.00;25.50;82.50;14.21
3228290;47.00;3645.00;25.50;82.50;13.92
3228681;48.00;3820.00;25.50;82.50;14.11
3229073;50.00;3934.00;25.50;82.50;14.11
3229462;51.00;4020.00;25.50;82.50;14.11
3229851;52.00;4123.00;25.50;82.50;14.21
3230245;55.00;4280.00;25.50;82.50;14.11
3230637;57.00;4495.00;25.50;82.50;14.11
3231030;58.00;4752.00;25.50;82.50;14.02
3231395;61.00;3781.00;25.50;82.50;14.21
3231790;62.00;3839.00;25.50;82.50;14.11
3232184;63.00;3951.00;25.50;82.50;14.02
3232574;65.00;4002.00;25.50;82.50;14.21
3232966;66.00;4049.00;25.50;82.50;14.11
3233328;68.00;4142.00;25.50;82.50;14.11
3233769;67.00;3502.00;25.50;82.50;14.21
3234212;67.00;3493.00;25.50;82.50;14.11
3234652;67.00;3520.00;25.50;82.50;14.11
3235038;67.00;3490.00;25.50;82.50;14.11
3235342;67.00;3466.00;25.50;82.50;14.02
3235785;65.00;3396.00;25.50;82.50;14.11
3236178;63.00;3709.00;25.50;82.50;14.11
3236615;61.00;3727.00;25.50;82.50;14.11
3237002;58.00;3617.00;25.50;82.50;14.21
3237314;57.00;3493.00;25.50;82.50;14.11
3237706;56.00;3457.00;25.50;82.50;14.11
3238100;55.00;3457.00;25.50;82.50;14.11
3238485;55.00;3381.00;25.50;82.50;14.21
3238875;55.00;3383.00;25.50;82.50;14.21
3239262;55.00;3384.00;25.50;82.50;14.11
3239651;56.00;3411.00;25.50;82.50;14.11
3240042;56.00;3413.00;25.50;83.25;14.11
3240350;55.00;3366.00;25.50;83.25;14.02
3240747;55.00;3324.00;25.50;83.25;14.11
3241135;53.00;3862.00;25.50;83.25;14.11
3241523;52.00;3854.00;25.50;83.25;14.11
3241962;50.00;3864.00;25.50;83.25;14.02
3242404;47.00;3696.00;25.50;83.25;14.11
3242846;46.00;3517.00;25.50;83.25;14.11
3243234;43.00;3394.00;25.50;83.25;14.11
3243624;41.00;3186.00;25.50;83.25;14.21
3244016;41.00;3351.00;25.50;83.25;14.11
3244325;40.00;3071.00;25.50;83.25;14.11
3244716;40.00;3123.00;25.50;82.50;14.21
3245108;40.00;3179.00;25.50;82.50;14.21
3245494;41.00;3251.00;25.50;82.50;14.21
3245934;45.00;3494.00;25.50;82.50;14.02
3246326;47.00;3701.00;25.50;82.50;14.02
3246715;51.00;3992.00;25.50;82.50;14.11
3247157;56.00;4327.00;25.50;82.50;14.11
3247595;56.00;3943.00;25.50;82.50;14.11
3247981;56.00;3497.00;25.50;82.50;14.21
3248369;57.00;3486.00;25.50;82.50;14.21
3248760;57.00;3511.00;25.50;82.50;14.11
3249152;57.00;3504.00;25.50;82.50;14.02
3249591;57.00;3555.00;25.50;82.50;14.21
3250029;58.00;3639.00;25.50;82.50;14.21
3250337;61.00;3721.00;25.50;82.50;14.21
3250725;62.00;3802.00;25.50;82.50;14.21
3251115;63.00;3887.00;25.50;82.50;14.02
3251558;63.00;3934.00;25.50;82.50;14.11
3251997;65.00;3922.00;25.50;82.50;14.11
3252305;63.00;3877.00;25.50;82.50;14.02
3252696;62.00;3844.00;25.50;82.50;14.11
3253087;62.00;3833.00;25.50;82.50;14.21
3253395;62.00;3819.00;25.50;82.50;14.21
3253830;63.00;3889.00;25.50;82.50;14.11
3254279;63.00;3991.00;25.50;82.50;14.21
3254669;63.00;3781.00;25.50;82.50;14.02
3255122;65.00;3417.00;25.50;83.25;14.11
3255518;66.00;3469.00;25.50;83.25;14.11
3255908;67.00;3502.00;25.50;83.25;14.21
3256299;67.00;3521.00;25.50;83.25;14.11
3256688;68.00;3569.00;25.50;83.25;14.11
3257078;68.00;3593.00;25.50;83.25;14.02
3257386;70.00;3606.00;25.50;83.25;14.11
3257783;70.00;3646.00;25.50;83.25;14.11
3258167;71.00;3666.00;25.50;83.25;14.21
3258558;71.00;3707.00;25.50;83.25;14.11
3258945;71.00;3738.00;25.50;83.25;14.11
3259331;71.00;3674.00;25.50;83.25;14.21
3259721;70.00;3630.00;25.50;83.25;14.11
3260114;70.00;3625.00;25.50;83.25;14.11
3260498;67.00;3515.00;25.50;83.25;14.02
3260892;66.00;3449.00;25.50;83.25;14.11
3261284;63.00;3352.00;25.50;83.25;14.11
3261673;62.00;3238.00;25.50;83.25;14.11
3262062;61.00;3602.00;25.50;83.25;14.11
3262374;58.00;3618.00;25.50;83.25;14.11
3262763;57.00;3664.00;25.50;83.25;14.11
3263149;55.00;4103.00;25.50;83.25;14.11
3263539;52.00;4042.00;25.50;83.25;14.11
3263926;48.00;3745.00;25.50;83.25;14.11
3264318;45.00;3472.00;25.50;83.25;14.11
3264708;42.00;3317.00;25.50;82.50;14.11
3265151;42.00;3665.00;25.50;82.50;14.11
3265538;45.00;3486.00;25.50;82.50;14.11
3265977;46.00;3633.00;25.50;82.50;14.11
3266365;48.00;3795.00;25.50;82.50;14.02
3266757;50.00;3950.00;25.50;82.50;14.11
3267150;52.00;4113.00;25.50;82.50;14.11
3267539;56.00;4339.00;25.50;82.50;14.02
3267931;56.00;3503.00;25.50;82.50;14.11
3268319;57.00;3491.00;25.50;82.50;14.21
3268711;58.00;3639.00;25.50;82.50;14.11
3269106;61.00;3701.00;25.50;82.50;14.21
3269468;62.00;3858.00;25.50;82.50;14.11
3269911;65.00;3944.00;25.50;82.50;14.21
3270304;66.00;4021.00;25.50;82.50;14.11
3270698;65.00;4017.00;25.50;82.50;14.11
3271087;66.00;4056.00;25.50;82.50;14.11
3271395;67.00;4132.00;25.50;82.50;14.02
3271786;66.00;3604.00;25.50;82.50;14.11
3272178;67.00;3493.00;25.50;82.50;14.11
3272566;67.00;3527.00;25.50;82.50;14.11
3272951;68.00;3562.00;25.50;82.50;14.11
3273390;68.00;3597.00;25.50;82.50;14.11
3273827;68.00;3565.00;25.50;82.50;14.11
3274212;67.00;3401.00;25.50;82.50;14.21
3274604;65.00;3409.00;25.50;82.50;14.21
3274992;63.00;3305.00;25.50;82.50;14.11
3275385;61.00;3194.00;25.50;82.50;14.02
3275779;58.00;3118.00;25.50;82.50;14.11
3276171;57.00;3070.00;25.50;82.50;14.11
3276558;56.00;2925.00;25.50;82.50;14.11
3276996;55.00;2862.00;25.50;82.50;14.11
3277473;55.00;2884.00;25.50;82.50;14.21
3277861;57.00;2993.00;25.50;82.50;14.11
3278256;60.00;3095.00;25.50;82.50;14.21
3278648;61.00;3163.00;25.50;82.50;14.02
3279039;61.00;3198.00;25.50;82.50;14.02
3279344;62.00;3212.00;25.50;82.50;14.21
3279735;62.00;3246.00;25.50;82.50;14.11
3280124;62.00;3260.00;25.50;82.50;14.02
3280432;63.00;3288.00;25.50;82.50;14.21
3280875;63.00;3295.00;25.50;82.50;14.11
3281269;63.00;3341.00;25.50;82.50;14.11
3281656;63.00;3328.00;25.50;82.50;14.21
3282094;65.00;3390.00;25.50;82.50;14.21
3282402;66.00;3471.00;25.50;82.50;14.11
3282797;67.00;3517.00;25.50;82.50;14.11
3283186;67.00;3545.00;25.50;82.50;14.21
3283574;68.00;3570.00;25.50;82.50;14.11
3284018;68.00;3553.00;25.50;83.25;14.11
3284411;67.00;3509.00;25.50;83.25;14.11
3284802;67.00;3475.00;25.50;83.25;14.21
3285192;65.00;3314.00;25.50;83.25;14.11
3285635;63.00;3322.00;25.50;83.25;14.21
3286078;62.00;3246.00;25.50;83.25;14.11
3286388;63.00;3313.00;25.50;83.25;14.21
3286781;65.00;3405.00;25.50;83.25;14.21
3287171;67.00;3483.00;25.50;83.25;14.21
3287561;68.00;3547.00;25.50;83.25;14.11
3287953;70.00;3653.00;25.50;83.25;14.11
3288344;71.00;3735.00;25.50;83.25;14.11
3288736;72.00;3785.00;25.50;83.25;14.11
3289125;73.00;3839.00;25.50;83.25;14.11
3289431;75.00;3866.00;25.50;83.25;14.21
3289824;75.00;3916.00;25.50;83.25;14.21
3290208;75.00;3937.00;25.50;83.25;14.11
3290602;75.00;3871.00;24.75;83.25;14.21
3290993;73.00;3833.00;24.75;83.25;14.11
3291387;72.00;3770.00;24.75;82.50;14.02
3291782;71.00;3681.00;24.75;82.50;14.11
3292173;70.00;3642.00;24.75;82.50;14.11
3292561;67.00;3503.00;24.75;82.50;14.21
3292953;66.00;3417.00;24.75;82.50;14.02
3293346;63.00;3315.00;24.75;82.50;14.11
3293738;62.00;3283.00;24.75;82.50;14.21
3294129;62.00;3262.00;24.75;82.50;14.21
3294483;63.00;3280.00;24.75;82.50;14.21
3294873;63.00;3353.00;24.75;82.50;14.11
3295259;65.00;3365.00;24.75;82.50;13.92
3295653;65.00;3352.00;24.75;82.50;14.11
3296040;65.00;3376.00;24.75;82.50;14.11
3296475;65.00;3387.00;24.75;82.50;14.21
3296867;63.00;3317.00;24.75;82.50;14.21
3297306;60.00;3432.00;24.75;82.50;14.11
3297800;57.00;3922.00;24.75;82.50;14.11
3298240;53.00;4090.00;24.75;82.50;14.11
3298680;48.00;3767.00;24.75;82.50;14.11
3299119;45.00;3522.00;24.75;82.50;14.21
3299432;40.00;3164.00;24.75;82.50;14.11
3299824;37.00;2961.00;24.75;82.50;14.11
3300211;36.00;2845.00;24.75;82.50;14.11
3300652;38.00;2979.00;24.75;82.50;14.11
3301091;38.00;3061.00;24.75;82.50;14.21
3301399;41.00;3187.00;24.75;82.50;14.02
3301791;42.00;3341.00;24.75;82.50;14.11
3302197;45.00;3523.00;24.75;82.50;14.21
3302640;50.00;3883.00;24.75;82.50;14.11
3303084;53.00;4161.00;24.75;82.50;14.11
3303444;58.00;4531.00;24.75;82.50;14.02
3303836;62.00;4882.00;24.75;82.50;14.21
3304226;62.00;3889.00;24.75;82.50;14.11
3304614;62.00;3838.00;24.75;82.50;14.11
3305000;61.00;3788.00;24.75;82.50;14.11
3305389;60.00;3701.00;24.75;82.50;14.11
3305828;58.00;3600.00;24.75;82.50;14.21
3306222;57.00;3374.00;24.75;82.50;14.11
3306664;55.00;3367.00;24.75;82.50;14.11
3307055;52.00;3164.00;24.75;82.50;14.11
3307495;48.00;2985.00;24.75;82.50;14.02
3307939;47.00;2965.00;24.75;82.50;14.02
3308377;48.00;2982.00;24.75;82.50;14.21
3308774;50.00;3076.00;24.75;82.50;14.11
3309216;52.00;3219.00;24.75;82.50;14.11
3309655;55.00;3404.00;24.75;82.50;14.21
3310098;57.00;3511.00;24.75;82.50;13.92
3310409;60.00;3680.00;24.75;82.50;14.11
3310801;62.00;3818.00;24.75;82.50;14.21
3311295;65.00;3995.00;24.75;82.50;14.11
3311687;67.00;4162.00;24.75;82.50;13.92
3312080;70.00;4299.00;24.75;82.50;13.92
3312387;71.00;4106.00;24.75;82.50;14.21
3312779;72.00;3740.00;24.75;82.50;14.11
3313172;72.00;3785.00;24.75;82.50;14.11
3313562;73.00;3850.00;24.75;82.50;14.11
3313999;75.00;3904.00;24.75;82.50;14.11
3314389;75.00;3895.00;24.75;83.25;14.02
3314780;73.00;3851.00;24.75;83.25;14.21
3315173;72.00;3761.00;24.75;83.25;14.11
3315617;70.00;3655.00;24.75;83.25;14.21
3316068;67.00;3559.00;24.75;83.25;14.11
3316385;66.00;3445.00;24.75;83.25;14.11
3316774;63.00;3289.00;24.75;83.25;14.21
3317165;61.00;3180.00;24.75;83.25;14.11
3317528;57.00;2985.00;24.75;83.25;14.21
3317920;53.00;3058.00;24.75;83.25;14.11
3318313;48.00;2957.00;24.75;83.25;14.11
3318700;45.00;3613.00;24.75;83.25;14.11
3319087;42.00;3297.00;24.75;83.25;14.02
3319449;40.00;3084.00;24.75;83.25;14.21
3319890;38.00;3696.00;24.75;83.25;14.11
3320333;40.00;3355.00;24.75;83.25;14.21
3320727;41.00;3206.00;24.75;83.25;14.21
3321118;41.00;3216.00;24.75;83.25;14.11
3321476;40.00;3187.00;24.75;83.25;14.11
3321866;41.00;3158.00;24.75;83.25;14.21
3322259;38.00;2809.00;24.75;83.25;14.11
3322650;37.00;2822.00;24.75;83.25;14.11
3323039;37.00;2918.00;24.75;83.25;14.11
3323425;37.00;2975.00;24.75;83.25;14.11
3323812;38.00;3004.00;24.75;83.25;14.21
3324203;40.00;3144.00;24.75;83.25;14.02
3324594;42.00;3357.00;24.75;83.25;14.11
3324989;46.00;3629.00;24.75;83.25;14.21
3325434;51.00;3992.00;24.75;83.25;14.11
3325826;55.00;4259.00;24.75;83.25;14.02
3326219;57.00;4491.00;24.75;83.25;14.11
3326662;57.00;3552.00;24.75;83.25;14.11
3327098;58.00;3607.00;24.75;83.25;14.11
3327406;60.00;3689.00;24.75;83.25;14.21
3327798;61.00;3763.00;24.75;83.25;14.02
3328189;62.00;3812.00;24.75;83.25;14.21
3328501;62.00;3807.00;24.75;83.25;14.11
3328942;62.00;3812.00;24.75;83.25;14.11
3329378;61.00;3775.00;24.75;83.25;14.11
3329817;61.00;3736.00;24.75;83.25;14.21
3330204;60.00;3706.00;24.75;83.25;14.11
3330597;60.00;3716.00;24.75;83.25;14.11
3330982;60.00;3631.00;24.75;83.25;14.11
3331417;57.00;3518.00;24.75;83.25;14.11
3331808;56.00;3481.00;24.75;83.25;14.21
3332250;57.00;3493.00;24.75;83.25;14.11
3332693;57.00;3496.00;24.75;83.25;14.11
3333082;57.00;3563.00;24.75;83.25;14.11
3333467;58.00;3589.00;24.75;83.25;14.21
3333861;60.00;3671.00;24.75;83.25;14.11
3334254;61.00;3766.00;24.75;83.25;14.11
3334642;63.00;3931.00;24.75;83.25;14.11
3335033;67.00;4088.00;24.75;83.25;13.92
3335475;70.00;4279.00;24.75;83.25;14.21
3335869;70.00;3615.00;24.75;83.25;14.11
3336261;70.00;3641.00;24.75;83.25;14.02
3336699;71.00;3665.00;24.75;83.25;14.11
3337148;71.00;3724.00;24.75;84.00;14.11
3337543;71.00;3729.00;24.75;84.00;14.11
3337929;72.00;3740.00;24.75;84.00;14.11
3338319;72.00;3807.00;24.75;84.00;14.21
3338759;73.00;3831.00;24.75;83.25;14.21
3339151;75.00;3912.00;24.75;83.25;14.11
3339462;76.00;3973.00;24.75;83.25;14.11
3339852;77.00;3325.00;24.75;83.25;14.11
3340240;77.00;3574.00;24.75;83.25;14.11
3340627;77.00;3618.00;24.75;83.25;14.02
3341066;78.00;3784.00;24.75;83.25;14.11
3341509;77.00;3304.00;24.75;83.25;14.21
3341952;77.00;3280.00;24.75;83.25;14.11
3342339;77.00;3291.00;24.75;83.25;14.11
3342723;76.00;3255.00;24.75;83.25;14.11
3343112;76.00;3246.00;24.75;83.25;14.21
3343469;76.00;3185.00;24.75;83.25;14.11
3343857;75.00;3168.00;24.75;83.25;14.21
3344249;75.00;3183.00;24.75;83.25;14.21
3344633;73.00;3167.00;24.75;83.25;14.11
3345027;75.00;3142.00;24.75;83.25;14.21
3345418;75.00;3171.00;24.75;83.25;14.11
3345809;75.00;3159.00;24.75;83.25;14.30
3346198;75.00;3203.00;24.75;83.25;14.11
3346507;75.00;3183.00;24.75;83.25;14.11
3346890;75.00;3126.00;24.75;83.25;14.21
3347285;75.00;3139.00;24.75;83.25;14.21
3347671;73.00;3142.00;24.75;83.25;14.11
3348065;73.00;3139.00;24.75;83.25;14.11
3348501;72.00;3083.00;24.75;83.25;14.21
3348893;72.00;3058.00;24.75;83.25;14.21
3349277;71.00;3007.00;24.75;83.25;14.21
3349665;70.00;2975.00;24.75;83.25;14.21
3350055;68.00;2919.00;24.75;82.50;14.21
3350462;67.00;2887.00;24.75;82.50;14.11
3350856;66.00;2821.00;24.75;82.50;14.21
3351248;66.00;2813.00;24.75;82.50;14.11
3351687;66.00;2797.00;24.75;82.50;14.11
3352122;65.00;2794.00;24.75;82.50;14.21
3352434;65.00;2762.00;24.75;82.50;14.21
3352821;65.00;2776.00;24.75;82.50;14.11
3353259;66.00;2792.00;24.75;82.50;14.21
3353708;66.00;2791.00;24.75;82.50;14.11
3354147;67.00;2845.00;24.75;82.50;14.21
3354459;67.00;2851.00;24.75;81.75;14.21
3354897;67.00;2882.00;24.75;81.75;14.21
3355282;68.00;2902.00;24.75;81.75;14.21
3355672;67.00;2833.00;24.75;81.75;14.11
3356064;65.00;2770.00;24.75;81.75;14.21
3356505;62.00;2619.00;24.75;81.75;14.21
3356944;60.00;2046.00;24.75;81.75;14.21
3357332;58.00;1772.00;24.75;81.75;14.30
3357725;51.00;2702.00;24.75;81.75;14.11
3358167;48.00;3610.00;24.75;81.75;14.21
3358480;43.00;2747.00;24.75;81.75;14.21
3358868;37.00;2240.00;24.75;81.75;14.30
3359262;33.00;2555.00;24.75;81.75;14.11
3359655;30.00;2334.00;24.75;81.75;14.21
3360046;27.00;1988.00;24.75;81.00;14.21
3360439;25.00;2348.00;24.75;81.00;14.30
3360834;27.00;2739.00;24.75;81.00;14.21
3361226;30.00;2360.00;24.75;81.00;14.21
3361585;35.00;2719.00;24.75;81.00;14.21
3362024;40.00;3148.00;24.75;81.00;14.11
3362468;45.00;3546.00;24.75;81.00;14.11
3362856;50.00;3874.00;24.75;81.00;14.02
3363249;53.00;4164.00;24.75;81.00;14.11
3363641;57.00;4481.00;24.75;81.00;14.11
3364029;60.00;4260.00;24.75;81.00;14.21
3364422;60.00;3752.00;24.75;81.00;14.11
3364810;58.00;3603.00;24.75;81.00;14.11
3365200;57.00;3466.00;24.75;81.00;14.21
3365511;56.00;3425.00;24.75;81.75;14.21
3365904;56.00;3454.00;24.75;81.75;14.11
3366344;56.00;3417.00;24.75;81.75;14.11
3366781;57.00;3519.00;24.75;81.75;14.21
3367276;60.00;3661.00;24.75;81.75;14.21
3367716;62.00;3858.00;24.75;81.75;14.11
3368107;63.00;3925.00;24.75;81.75;14.11
3368465;66.00;4059.00;24.75;81.75;14.11
3368854;67.00;4155.00;24.75;81.75;14.02
3369296;68.00;4240.00;24.75;81.75;14.11
3369690;70.00;4307.00;24.75;81.75;14.02
3370085;71.00;4363.00;24.75;81.75;14.21
3370479;71.00;4186.00;24.75;81.75;14.11
3370867;70.00;3662.00;24.75;81.75;14.11
3371306;68.00;3565.00;24.75;81.75;14.11
3371745;67.00;3546.00;24.75;81.75;14.02
3372188;66.00;3433.00;24.75;81.75;14.11
3372498;65.00;3371.00;24.75;81.75;14.11
3372886;63.00;3298.00;24.75;81.75;14.11
3373273;63.00;3288.00;24.75;81.75;14.21
3373665;63.00;3290.00;24.75;81.75;14.21
3374053;62.00;3282.00;24.75;82.50;14.21
3374446;62.00;3248.00;24.75;82.50;14.11
3374884;61.00;3214.00;24.75;82.50;14.21
3375275;58.00;3063.00;24.75;82.50;14.11
3375668;56.00;2951.00;24.75;82.50;14.30
3376110;55.00;2928.00;24.75;82.50;14.11
3376504;52.00;2806.00;24.75;82.50;14.21
3376950;51.00;2710.00;24.75;82.50;14.11
3377392;52.00;2715.00;24.75;82.50;14.21
3377834;52.00;2758.00;24.75;82.50;14.21
3378270;53.00;2801.00;24.75;82.50;14.11
3378662;53.00;2826.00;24.75;82.50;14.30
3379051;56.00;2909.00;24.75;82.50;14.21
3379442;56.00;2925.00;24.75;82.50;14.11
3379829;56.00;2939.00;24.75;82.50;14.11
3380213;56.00;2958.00;24.75;82.50;14.21
3380521;57.00;2993.00;24.75;83.25;14.02
3380916;57.00;3037.00;24.75;83.25;14.11
3381357;60.00;3095.00;24.75;83.25;14.21
3381749;60.00;3103.00;24.75;83.25;14.11
3382136;58.00;3097.00;24.75;83.25;14.02
3382529;58.00;3079.00;24.75;83.25;14.21
3382917;58.00;3050.00;24.75;83.25;14.21
3383352;58.00;3094.00;24.75;83.25;14.11
3383795;61.00;3171.00;24.75;83.25;14.11
3384235;61.00;3215.00;24.75;83.25;14.21
3384541;62.00;3262.00;24.75;83.25;14.21
3384930;62.00;3272.00;24.75;83.25;14.11
3385319;63.00;3300.00;24.75;84.00;14.11
3385710;63.00;3314.00;24.75;84.00;14.21
3386148;66.00;3420.00;24.75;84.00;14.11
3386540;67.00;3523.00;24.75;84.00;14.21
3386985;67.00;3520.00;24.75;84.00;14.21
3387421;68.00;3600.00;24.75;84.00;14.11
3387812;71.00;3705.00;24.00;84.00;14.21
3388206;73.00;3827.00;24.00;84.00;14.11
3388566;75.00;3869.00;24.00;84.00;14.21
3388959;73.00;3830.00;24.00;84.00;14.11
3389351;73.00;3858.00;24.00;84.00;14.11
3389734;75.00;3877.00;24.00;84.00;14.11
3390174;75.00;3907.00;24.00;84.00;14.02
3390481;76.00;3980.00;24.00;84.00;14.11
3390875;77.00;4030.00;24.00;84.00;14.11
3391263;77.00;4042.00;24.00;84.00;14.02
3391626;78.00;4079.00;24.00;84.00;14.11
3392069;78.00;4108.00;24.00;84.00;14.11
3392504;80.00;4166.00;24.00;84.00;14.02
3392999;81.00;4203.00;24.00;84.00;14.02
3393386;80.00;3708.00;24.00;84.00;14.21
3393777;80.00;3699.00;24.00;84.00;14.21
3394163;80.00;3691.00;24.00;84.00;14.11
3394551;81.00;3722.00;24.00;84.00;14.11
3394941;81.00;3744.00;24.00;84.00;14.11
3395375;81.00;3749.00;24.00;84.00;14.11
3395759;81.00;3755.00;24.00;84.00;14.21
3396147;81.00;3761.00;24.00;84.00;14.11
3396539;81.00;3742.00;24.00;84.00;14.02
3396931;81.00;3720.00;24.00;84.00;14.11
3397320;80.00;3684.00;24.00;84.00;14.21
3397724;80.00;3678.00;24.00;84.00;14.21
3398109;78.00;3586.00;24.00;84.00;14.11
3398566;76.00;3524.00;24.00;84.00;14.11
3398954;76.00;3452.00;24.00;84.00;14.21
3399343;73.00;3193.00;24.00;84.00;14.11
3399735;70.00;3623.00;24.00;84.00;14.11
3400123;67.00;4361.00;24.00;84.00;14.11
3400512;63.00;3906.00;24.00;84.00;14.11
3400950;61.00;3718.00;24.00;84.00;14.11
3401344;58.00;3540.00;24.00;84.00;14.02
3401794;53.00;3315.00;24.00;84.00;14.11
3402187;52.00;3482.00;24.00;84.00;14.02
3402551;47.00;3625.00;24.00;84.00;14.11
3402944;43.00;3337.00;24.00;84.00;14.11
3403382;40.00;3077.00;24.00;84.00;14.21
3403828;37.00;2882.00;24.00;84.00;14.21
3404217;36.00;2754.00;24.00;83.25;14.11
3404534;36.00;2833.00;24.00;83.25;14.21
3404921;36.00;2839.00;24.00;83.25;14.11
3405359;36.00;2855.00;24.00;83.25;14.21
3405747;36.00;2846.00;24.00;83.25;14.11
3406136;36.00;2875.00;24.00;83.25;14.11
3406570;37.00;2926.00;24.00;83.25;14.11
3407011;38.00;2970.00;24.00;83.25;14.02
3407403;38.00;3040.00;24.00;83.25;14.11
3407792;40.00;3086.00;24.00;83.25;14.11
3408183;41.00;3176.00;24.00;83.25;14.11
3408573;41.00;3264.00;24.00;83.25;14.02
3408961;43.00;3394.00;24.75;83.25;14.11
3409357;43.00;3452.00;24.00;83.25;14.11
3409745;45.00;3508.00;24.00;83.25;14.02
3410136;47.00;3707.00;24.00;83.25;14.11
3410580;51.00;3913.00;24.00;83.25;14.21
3410973;52.00;4117.00;24.00;83.25;14.11
3411371;55.00;4279.00;24.00;83.25;14.21
3411762;56.00;4354.00;24.00;83.25;14.21
3412150;58.00;4540.00;24.00;83.25;14.02
3412593;60.00;4484.00;24.00;83.25;14.11
3413035;60.00;3714.00;24.00;83.25;14.02
3413425;61.00;3786.00;24.00;83.25;14.02
3413864;63.00;3889.00;24.00;83.25;14.02
3414304;65.00;3996.00;24.00;83.25;14.11
3414746;67.00;4132.00;24.00;83.25;14.11
3415135;68.00;4230.00;24.00;83.25;14.11
3415525;71.00;4387.00;24.00;83.25;14.21
3415973;73.00;4525.00;24.00;83.25;14.02
3416420;73.00;4026.00;24.00;83.25;14.11
3416809;73.00;3805.00;24.00;83.25;14.02
3417253;72.00;3816.00;24.00;83.25;14.02
3417563;73.00;3838.00;24.00;83.25;14.11
3417956;75.00;3897.00;24.00;83.25;14.02
3418349;76.00;3943.00;24.00;83.25;14.11
3418792;76.00;3975.00;24.00;83.25;14.11
3419177;76.00;3977.00;24.00;83.25;14.11
3419560;76.00;3938.00;24.00;83.25;14.11
3419947;75.00;3852.00;24.00;83.25;14.11
3420335;72.00;3788.00;24.00;83.25;14.02
3420726;70.00;3658.00;24.00;83.25;14.11
3421118;66.00;3483.00;24.00;83.25;14.11
3421505;63.00;2980.00;24.00;83.25;14.21
3421898;61.00;4184.00;24.00;84.00;14.11
3422295;60.00;3649.00;24.00;84.00;14.11
3422654;57.00;3572.00;24.00;84.00;14.11
3423094;56.00;3463.00;24.00;84.00;14.11
3423533;55.00;3379.00;24.00;84.00;14.11
3423926;55.00;3342.00;24.00;84.00;14.11
3424361;52.00;3257.00;24.00;84.00;14.21
3424753;50.00;2754.00;24.00;84.00;14.21
3425140;46.00;3461.00;24.00;84.00;14.02
3425533;43.00;3358.00;24.00;84.00;14.11
3425926;40.00;3182.00;24.00;84.00;14.11
3426317;38.00;2975.00;24.00;84.00;14.21
3426710;37.00;2965.00;24.00;84.00;14.30
3427104;37.00;2906.00;24.00;84.00;14.30
3427487;37.00;2888.00;24.00;84.00;14.21
3427929;37.00;2911.00;24.00;84.00;14.11
3428369;40.00;3130.00;24.00;84.00;14.21
3428812;43.00;3359.00;24.00;84.00;14.21
3429199;47.00;3694.00;24.00;84.00;14.11
3429592;52.00;4067.00;24.00;84.00;14.11
3429980;56.00;4346.00;24.00;84.00;14.11
3430369;60.00;4621.00;24.00;84.00;14.11
3430757;63.00;5003.00;24.00;84.00;14.11
3431195;65.00;3940.00;24.00;84.00;14.02
3431638;66.00;4089.00;24.00;84.00;14.11
3432083;68.00;4197.00;24.00;84.00;14.11
3432521;72.00;4430.00;24.00;84.00;14.11
3432961;72.00;3825.00;24.00;84.00;14.11
3433345;72.00;3752.00;24.00;84.00;14.11
3433731;73.00;3804.00;24.00;84.00;14.11
3434124;73.00;3855.00;24.00;84.00;14.11
3434509;73.00;3879.00;24.00;84.00;14.11
3434946;72.00;3801.00;24.00;84.00;14.21
3435337;72.00;3746.00;24.00;84.00;14.21
3435773;71.00;3696.00;24.00;84.00;14.21
3436165;70.00;3661.00;24.00;84.00;14.02
3436556;68.00;3624.00;24.00;84.00;14.11
3436947;68.00;3590.00;24.00;84.00;14.11
3437331;66.00;3486.00;24.00;84.00;14.21
3437774;62.00;3692.00;24.00;84.00;14.02
3438221;58.00;3599.00;24.00;84.00;14.11
3438614;57.00;3444.00;24.00;84.00;14.21
3439006;55.00;3321.00;24.00;84.00;14.11
3439400;52.00;3188.00;24.00;84.00;14.21
3439794;50.00;3366.00;24.00;84.00;14.11
3440186;48.00;2997.00;24.00;84.00;14.11
3440575;46.00;2487.00;24.00;84.00;14.21
3440969;42.00;2441.00;24.00;84.00;14.21
3441408;38.00;2328.00;24.00;84.00;14.11
3441852;38.00;2411.00;24.75;84.00;14.11
3442296;38.00;2436.00;24.75;84.00;14.21
3442603;41.00;2533.00;24.75;84.00;14.11
3443044;42.00;2608.00;24.75;84.00;14.11
3443432;43.00;2646.00;24.75;84.00;14.11
3443820;45.00;2814.00;24.75;84.00;14.11
3444210;47.00;2974.00;24.75;84.00;14.11
3444601;51.00;3113.00;24.75;84.00;14.21
3444994;53.00;3281.00;24.75;84.00;14.11
3445437;57.00;3504.00;24.75;84.00;14.11
3445826;60.00;3668.00;24.75;84.00;14.21
3446267;62.00;3830.00;24.75;84.00;14.11
3446582;65.00;3996.00;24.75;84.75;14.11
3447040;67.00;4165.00;24.75;84.75;14.02
3447432;67.00;4111.00;24.75;84.75;14.21
3447821;68.00;3557.00;24.75;84.75;14.02
3448212;68.00;3596.00;24.75;84.75;14.21
3448601;71.00;3686.00;24.75;84.75;14.11
3449043;72.00;3751.00;24.75;84.75;14.11
3449435;73.00;3862.00;24.75;84.75;14.02
3449830;76.00;3933.00;24.75;84.75;14.11
3450223;76.00;3973.00;24.75;84.75;14.11
3450607;77.00;3996.00;24.75;84.75;14.21
3450999;77.00;4023.00;24.75;84.75;14.11
3451388;77.00;4055.00;24.75;84.75;14.21
3451824;78.00;4108.00;24.75;84.75;14.11
3452216;81.00;4202.00;24.75;84.75;14.21
3452607;81.00;4227.00;24.75;84.75;14.02
3452996;81.00;4257.00;24.75;84.75;14.11
3453385;81.00;4231.00;24.75;84.75;14.11
3453820;80.00;4171.00;24.75;84.75;14.11
3454209;78.00;4111.00;24.75;84.75;14.02
3454604;78.00;4019.00;24.75;84.75;14.11
3454991;76.00;3976.00;24.75;84.75;14.11
3455380;73.00;3810.00;24.75;84.75;14.21
3455773;71.00;3695.00;24.75;84.75;14.11
3456165;68.00;3591.00;24.75;84.75;14.11
3456567;66.00;3458.00;24.75;84.75;14.11
3456958;63.00;3342.00;24.75;84.00;14.11
3457348;62.00;3250.00;24.75;84.00;14.11
3457690;60.00;3105.00;24.75;84.00;14.02
3458081;58.00;3036.00;24.75;84.00;14.11
3458478;56.00;3135.00;24.75;84.00;14.11
3458868;56.00;2920.00;24.75;84.00;14.11
3459254;56.00;2932.00;24.75;84.00;14.11
3459558;56.00;2931.00;24.75;84.00;14.21
3459947;56.00;2942.00;24.75;84.00;14.11
3460336;56.00;2915.00;24.75;84.00;14.21
3460695;55.00;2888.00;24.75;84.00;14.11
3461088;55.00;2916.00;24.75;84.00;14.11
3461523;56.00;2960.00;24.75;84.00;14.30
3461916;57.00;3045.00;24.75;84.00;14.11
3462307;58.00;3065.00;24.75;84.00;14.21
3462619;60.00;3107.00;24.75;84.00;14.02
3463013;60.00;3156.00;24.75;84.00;14.11
3463402;57.00;3001.00;24.75;84.00;14.21
3463795;55.00;3363.00;24.75;84.00;14.11
3464189;52.00;3793.00;24.75;84.00;14.11
3464583;50.00;4043.00;24.75;84.00;14.21
3464975;48.00;3768.00;24.75;84.00;14.11
3465368;46.00;3660.00;24.75;84.00;14.11
3465759;45.00;3550.00;24.75;84.00;14.21
3466201;45.00;3531.00;24.75;84.00;14.11
3466596;45.00;3542.00;24.75;84.00;14.11
3466982;46.00;3592.00;24.75;84.00;14.21
3467425;47.00;3721.00;24.75;84.00;14.11
3467816;50.00;3904.00;24.75;84.00;14.11
3468257;53.00;4156.00;24.75;84.00;14.11
3468651;56.00;4405.00;24.75;84.00;14.02
3469104;60.00;4734.00;24.75;84.00;14.21
3469495;63.00;4932.00;24.75;84.00;14.02
3469888;62.00;4258.00;24.75;84.00;14.02
3470277;63.00;3925.00;24.75;84.00;14.02
3470635;66.00;4020.00;24.75;84.00;14.02
3471074;67.00;4139.00;24.75;84.00;14.11
3471466;70.00;4264.00;24.75;84.00;14.11
3471855;70.00;4322.00;24.75;84.00;14.11
3472239;70.00;4260.00;24.75;84.00;14.11
3472631;70.00;4294.00;24.75;84.00;14.11
3473015;70.00;4241.00;24.75;84.00;14.21
3473403;70.00;4259.00;24.75;84.00;14.11
3473794;70.00;4228.00;24.75;84.00;14.11
3474180;67.00;4129.00;24.75;84.00;14.02
3474572;66.00;4023.00;24.75;84.00;14.11
3474965;63.00;3901.00;24.75;84.00;13.92
3475359;62.00;3865.00;24.75;84.00;14.11
3475721;62.00;3816.00;24.75;84.00;14.11
3476156;63.00;3910.00;24.75;84.00;14.11
3476543;63.00;3888.00;24.75;84.00;14.11
3476979;63.00;3927.00;24.75;84.00;13.92
3477368;66.00;4001.00;24.75;84.00;14.02
3477730;67.00;4145.00;24.75;84.00;14.21
3478123;68.00;4206.00;24.75;84.00;14.11
3478515;70.00;4242.00;24.75;84.00;14.11
3478954;71.00;4351.00;24.75;84.00;14.02
3479396;72.00;4401.00;24.75;84.00;14.11
3479840;72.00;3975.00;24.75;84.00;14.11
3480223;72.00;3823.00;24.75;84.00;14.21
3480664;72.00;3761.00;24.75;84.00;14.21
3481124;73.00;3834.00;24.75;84.00;14.02
3481518;75.00;3844.00;24.75;84.00;14.11
3481908;73.00;3814.00;24.75;84.00;14.11
3482297;75.00;3832.00;24.75;84.00;14.02
3482609;76.00;3966.00;24.75;84.00;14.11
3483002;76.00;3934.00;24.75;84.00;14.11
3483386;75.00;3901.00;24.75;84.00;14.02
3483778;75.00;3862.00;24.75;84.00;14.11
3484169;75.00;3883.00;24.75;84.00;14.11
3484554;73.00;3875.00;24.75;84.00;14.02
3484947;75.00;3912.00;24.75;84.00;14.21
3485389;76.00;3949.00;24.75;84.00;14.11
3485833;77.00;4001.00;24.75;84.00;14.11
3486273;77.00;4049.00;24.75;84.00;14.21
3486715;78.00;4122.00;24.75;84.00;14.02
3487106;81.00;4183.00;24.75;84.00;14.11
3487500;82.00;4318.00;24.75;84.00;14.11
3487938;82.00;3788.00;24.75;84.00;14.11
3488375;82.00;3765.00;24.75;84.00;14.11
3488730;82.00;3769.00;24.75;84.00;14.21
3489174;82.00;3776.00;24.75;84.00;14.21
3489561;81.00;3750.00;24.75;84.00;14.11
3490005;81.00;3784.00;24.75;84.00;13.92
3490443;81.00;3765.00;24.75;84.00;14.21
3490885;81.00;3737.00;24.75;84.00;14.11
3491275;81.00;3744.00;24.75;84.00;14.02
3491668;81.00;3728.00;24.75;84.00;14.21
3492110;80.00;3694.00;24.75;84.00;14.11
3492553;80.00;3702.00;24.75;84.00;14.02
3492991;80.00;3674.00;24.75;84.00;14.02
3493376;80.00;3693.00;24.75;84.00;14.11
3493689;80.00;3663.00;24.75;84.00;14.11
3494076;80.00;3667.00;24.75;84.00;14.11
3494461;78.00;3637.00;24.75;84.00;14.11
3494849;78.00;3653.00;24.75;84.00;14.21
3495253;78.00;3617.00;24.75;84.00;14.21
3495690;78.00;3607.00;24.00;84.00;14.21
3496079;77.00;3584.00;24.00;84.00;14.11
3496471;78.00;3598.00;24.00;84.00;14.11
3496875;77.00;3606.00;24.00;84.00;14.02
3497319;77.00;3591.00;24.00;84.00;14.21
3497627;77.00;3591.00;24.00;84.00;14.11
3498011;77.00;3585.00;24.00;84.00;14.11
3498396;77.00;3559.00;24.00;84.00;14.11
3498701;76.00;3516.00;24.00;84.00;14.21
3499092;76.00;3506.00;24.00;84.00;14.11
3499480;75.00;3477.00;24.00;84.00;14.11
3499870;75.00;3422.00;24.00;84.00;14.02
3500259;73.00;3410.00;24.00;84.00;14.11
3500703;72.00;3352.00;24.00;84.00;14.11
3501142;72.00;3306.00;24.00;84.00;14.11
3501577;71.00;3272.00;24.00;83.25;14.02
3501973;68.00;2962.00;24.00;83.25;14.21
3502369;66.00;3374.00;24.00;83.25;14.11
3502681;63.00;3303.00;24.00;83.25;14.11
3503068;62.00;3213.00;24.00;83.25;14.11
3503456;60.00;3071.00;24.00;83.25;14.21
3503898;57.00;3873.00;24.00;83.25;14.11
3504293;55.00;2478.00;24.00;83.25;14.11
3504684;53.00;3354.00;24.00;83.25;14.11
3505076;51.00;3115.00;24.00;83.25;14.11
3505466;51.00;3131.00;24.00;83.25;14.11
3505902;51.00;3167.00;24.00;83.25;14.21
3506344;52.00;3192.00;24.00;83.25;14.11
3506657;52.00;3188.00;24.00;83.25;14.02
3507054;52.00;3242.00;24.00;83.25;14.11
3507440;55.00;3356.00;24.00;83.25;14.21
3507833;56.00;3425.00;24.00;83.25;14.11
3508226;58.00;3614.00;24.00;83.25;14.11
3508615;61.00;3769.00;24.00;83.25;14.21
3509006;63.00;3893.00;24.00;83.25;14.02
3509401;66.00;4030.00;24.00;83.25;14.11
3509712;67.00;4122.00;24.00;83.25;14.11
3510151;68.00;4185.00;24.00;83.25;14.11
3510540;68.00;4184.00;24.00;83.25;14.11
3510924;68.00;4187.00;24.00;82.50;14.02
3511316;68.00;4185.00;24.00;82.50;14.02
3511671;68.00;4178.00;24.00;82.50;14.11
3512061;67.00;3967.00;24.00;82.50;14.11
3512449;66.00;3992.00;24.00;82.50;14.11
3512840;62.00;3838.00;24.00;82.50;14.11
3513229;61.00;3710.00;24.00;82.50;14.11
3513617;57.00;3524.00;24.00;82.50;14.11
3514007;55.00;3408.00;24.00;82.50;14.21
3514402;52.00;3230.00;24.00;82.50;14.11
3514764;47.00;2909.00;24.00;82.50;14.11
3515158;42.00;2633.00;24.00;82.50;14.11
3515597;40.00;2448.00;24.00;82.50;14.21
3516040;38.00;2447.00;24.00;82.50;14.21
3516480;40.00;2457.00;24.00;82.50;14.11
3516925;41.00;2571.00;24.00;82.50;14.11
3517365;43.00;2710.00;24.00;82.50;14.11
3517674;47.00;2904.00;24.00;82.50;14.11
3518112;50.00;3082.00;24.00;82.50;14.11
3518500;53.00;3261.00;24.00;82.50;14.11
3518887;56.00;3456.00;24.00;82.50;14.11
3519283;58.00;3584.00;24.00;82.50;14.11
3519674;61.00;3739.00;24.00;82.50;14.02
3520116;62.00;3839.00;24.00;82.50;14.11
3520558;63.00;3945.00;24.00;82.50;14.11
3520946;63.00;3912.00;24.00;82.50;14.11
3521331;63.00;3952.00;24.00;82.50;14.11
3521636;62.00;3819.00;24.00;82.50;13.92
3522026;60.00;3675.00;24.00;82.50;14.11
3522418;58.00;3589.00;24.00;82.50;14.11
3522726;57.00;3460.00;24.00;83.25;14.11
3523118;56.00;3396.00;24.00;83.25;14.11
3523505;55.00;3340.00;24.00;83.25;14.11
3523897;53.00;3318.00;24.00;83.25;14.21
3524299;53.00;3257.00;24.00;83.25;14.21
3524684;52.00;3181.00;24.00;83.25;14.21
3525073;51.00;3253.00;24.00;83.25;14.11
3525517;51.00;3045.00;24.00;83.25;14.11
3525904;50.00;3076.00;24.00;83.25;14.11
3526343;48.00;2988.00;24.00;83.25;14.21
3526654;47.00;2955.00;24.00;83.25;14.11
3527045;48.00;3006.00;24.00;83.25;14.02
3527436;48.00;2995.00;24.00;83.25;14.11
3527795;50.00;3044.00;24.00;83.25;14.21
3528237;50.00;3079.00;24.00;83.25;14.21
3528672;52.00;3186.00;24.00;83.25;14.21
3529062;53.00;3283.00;24.00;83.25;14.02
3529455;55.00;3352.00;24.00;83.25;14.21
3529849;56.00;3460.00;24.00;83.25;14.21
3530237;58.00;3581.00;24.00;83.25;14.21
3530626;60.00;3689.00;24.00;83.25;14.11
3531018;61.00;3751.00;24.00;83.25;14.02
3531410;62.00;3793.00;24.00;83.25;14.11
3531772;65.00;3939.00;24.00;83.25;14.11
3532164;66.00;4057.00;24.00;83.25;14.11
3532602;68.00;4214.00;24.00;83.25;13.92
3532993;71.00;4343.00;24.00;83.25;14.21
3533386;72.00;4470.00;24.00;83.25;14.11
3533698;72.00;4237.00;24.00;83.25;14.02
3534085;71.00;3714.00;24.00;83.25;14.21
3534478;71.00;3682.00;24.00;83.25;14.02
3534868;70.00;3610.00;24.00;82.50;14.02
3535260;68.00;3564.00;24.00;82.50;14.11
3535702;67.00;3504.00;24.00;82.50;14.11
3536098;66.00;3459.00;24.00;82.50;14.11
3536487;66.00;3435.00;24.00;82.50;14.21
3536877;66.00;3474.00;24.00;82.50;14.11
3537322;68.00;3553.00;24.00;82.50;14.11
3537715;67.00;3530.00;24.00;83.25;14.21
3538113;67.00;3504.00;24.00;83.25;14.11
3538499;70.00;3594.00;24.00;83.25;14.11
3538888;71.00;3681.00;24.00;83.25;14.02
3539331;72.00;3786.00;24.00;83.25;14.11
3539773;76.00;3950.00;24.00;83.25;14.02
3540216;78.00;4091.00;24.00;83.25;14.11
3540657;78.00;3624.00;24.00;83.25;14.11
3541044;78.00;3641.00;24.00;83.25;14.11
3541429;80.00;3688.00;24.00;83.25;14.21
3541741;80.00;3700.00;24.00;83.25;14.11
3542130;80.00;3713.00;24.00;83.25;14.11
3542531;81.00;3718.00;24.00;83.25;14.11
3542920;81.00;3748.00;24.00;83.25;14.11
3543307;81.00;3705.00;24.00;83.25;14.11
3543743;78.00;3626.00;24.00;83.25;14.11
3544132;78.00;3616.00;24.00;83.25;14.02
3544520;77.00;3573.00;24.00;83.25;14.21
3544913;75.00;3499.00;24.00;83.25;14.11
3545304;75.00;3426.00;24.00;83.25;14.02
3545692;73.00;3363.00;24.00;83.25;14.11
3546085;73.00;3408.00;24.00;83.25;14.11
3546472;72.00;3342.00;24.00;83.25;14.11
3546911;72.00;3359.00;24.00;83.25;14.02
3547350;72.00;3341.00;24.00;83.25;14.11
3547788;72.00;3351.00;24.00;83.25;14.11
3548274;72.00;3395.00;24.00;83.25;14.02
3548663;72.00;3349.00;24.00;83.25;14.11
3549051;73.00;3360.00;24.00;83.25;14.11
3549495;73.00;3380.00;24.00;83.25;14.11
3549880;73.00;3387.00;24.00;83.25;14.11
3550317;73.00;3364.00;24.00;83.25;14.11
3550671;73.00;3375.00;24.00;83.25;14.11
3551058;73.00;3433.00;24.00;83.25;14.11
3551442;75.00;3454.00;24.00;83.25;14.11
3551752;76.00;3472.00;24.00;83.25;14.11
3552143;76.00;3515.00;24.00;83.25;14.21
3552582;76.00;3526.00;24.00;83.25;14.11
3553023;77.00;3547.00;24.00;83.25;14.21
3553466;77.00;3545.00;24.00;83.25;14.02
3553773;77.00;3544.00;24.00;82.50;14.11
3554164;76.00;3527.00;24.00;82.50;14.02
3554557;76.00;3502.00;24.00;82.50;14.11
3554946;75.00;3435.00;24.00;82.50;14.11
3555335;73.00;3391.00;24.00;82.50;14.02
3555728;72.00;3330.00;24.00;82.50;14.11
3556120;71.00;3264.00;24.00;82.50;14.21
3556562;68.00;3174.00;24.00;82.50;14.11
3556956;68.00;3163.00;24.00;82.50;14.11
3557342;68.00;3175.00;24.00;82.50;14.21
3557781;68.00;3179.00;24.00;82.50;14.11
3558169;68.00;3176.00;24.00;82.50;14.11
3558555;68.00;3156.00;24.00;82.50;14.21
3558943;67.00;3118.00;24.00;82.50;14.21
3559335;67.00;3101.00;24.00;82.50;14.11
3559723;66.00;3301.00;24.00;82.50;14.21
3560166;63.00;3327.00;24.00;82.50;14.21
3560555;63.00;3296.00;24.00;82.50;14.11
3560994;62.00;3268.00;24.00;82.50;14.02
3561437;62.00;3250.00;24.00;82.50;14.21
3561744;61.00;3223.00;24.00;82.50;14.02
3562137;61.00;3166.00;24.00;82.50;14.21
3562526;60.00;3121.00;24.00;82.50;14.02
3562920;57.00;2874.00;24.00;82.50;14.02
3563308;55.00;2900.00;24.00;82.50;14.21
3563703;53.00;2886.00;24.00;82.50;14.02
3564095;53.00;2824.00;24.00;82.50;14.21
3564487;53.00;2833.00;24.00;82.50;14.11
3564925;56.00;2942.00;24.00;82.50;14.21
3565368;58.00;3065.00;24.00;82.50;14.11
3565811;61.00;3174.00;24.00;82.50;14.21
3566205;62.00;3273.00;24.00;82.50;14.11
3566598;63.00;3346.00;24.00;82.50;14.11
3566987;65.00;3411.00;24.00;82.50;14.11
3567426;67.00;3493.00;24.00;82.50;14.11
3567734;67.00;3539.00;24.00;82.50;14.11
3568119;68.00;3552.00;24.00;82.50;14.21
3568511;68.00;3566.00;24.00;82.50;14.02
3568949;70.00;3620.00;24.00;82.50;14.30
3569394;70.00;3670.00;24.00;82.50;14.11
3569709;71.00;3730.00;24.00;83.25;14.21
3570156;72.00;3783.00;24.00;83.25;14.21
3570548;75.00;3876.00;24.00;83.25;14.02
3570941;76.00;3989.00;24.00;83.25;14.11
3571334;77.00;4043.00;24.00;83.25;14.11
3571779;77.00;4053.00;24.00;83.25;14.11
3572165;78.00;4073.00;24.00;83.25;14.11
3572557;78.00;4103.00;24.00;83.25;14.11
3572994;78.00;4100.00;24.00;83.25;14.02
3573382;78.00;4088.00;24.00;83.25;14.02
3573766;78.00;4096.00;24.00;82.50;14.21
3574158;77.00;3958.00;24.00;82.50;14.11
3574551;76.00;3921.00;24.00;82.50;14.21
3574943;75.00;3891.00;24.00;82.50;14.11
3575334;73.00;3873.00;24.00;82.50;14.02
3575728;73.00;3832.00;24.00;82.50;14.11
3576119;73.00;3961.00;24.00;82.50;14.02
3576509;72.00;3347.00;24.00;82.50;14.11
3576902;72.00;3365.00;24.00;82.50;14.21
3577292;73.00;3392.00;24.00;82.50;14.02
3577735;73.00;3381.00;24.00;82.50;14.11
3578175;73.00;3364.00;24.00;82.50;14.11
3578611;72.00;3355.00;24.00;82.50;14.11
3579100;71.00;3229.00;24.00;82.50;14.11
3579489;71.00;3283.00;24.00;82.50;14.11
3579795;68.00;3148.00;24.00;82.50;14.21
3580237;66.00;3076.00;24.00;82.50;14.11
3580632;65.00;2962.00;24.00;82.50;14.21
3581025;62.00;2870.00;24.00;82.50;14.21
3581416;61.00;2819.00;24.00;82.50;14.21
3581724;60.00;2778.00;24.00;82.50;14.21
3582111;61.00;2820.00;24.00;82.50;14.21
3582499;62.00;2908.00;24.00;82.50;14.21
3582809;63.00;2943.00;24.00;82.50;14.21
3583195;66.00;3019.00;24.00;82.50;14.21
3583586;68.00;3144.00;24.00;82.50;14.02
3583979;70.00;3269.00;24.00;82.50;14.21
3584371;72.00;3355.00;24.00;82.50;14.11
3584762;75.00;3447.00;24.00;82.50;14.11
3585150;76.00;3521.00;24.00;82.50;14.02
3585541;77.00;3610.00;24.00;82.50;14.11
3585938;80.00;3668.00;24.00;82.50;14.21
3586329;81.00;3743.00;24.00;82.50;14.11
3586720;82.00;3777.00;24.00;82.50;14.21
3587112;82.00;3834.00;24.00;82.50;14.11
3587502;83.00;3882.00;24.00;82.50;14.11
3587812;85.00;3932.00;24.00;82.50;14.11
3588200;86.00;3939.00;24.00;82.50;14.11
3588589;87.00;4027.00;24.00;82.50;14.02
3588981;87.00;3710.00;24.00;82.50;14.21
3589369;87.00;3720.00;24.00;82.50;14.11
3589760;87.00;3725.00;24.00;82.50;14.02
3590165;87.00;3734.00;24.00;82.50;14.11
3590554;87.00;3693.00;24.00;82.50;14.21
3590942;87.00;3706.00;24.00;82.50;14.21
3591329;87.00;3712.00;24.00;82.50;14.11
3591769;87.00;3678.00;24.00;82.50;14.11
3592205;86.00;3654.00;24.00;82.50;14.02
3592649;86.00;3667.00;24.00;82.50;14.11
3593038;86.00;3598.00;24.00;82.50;14.11
3593473;83.00;3571.00;24.00;82.50;14.21
3593833;81.00;3442.00;24.00;82.50;14.02
3594277;76.00;3225.00;24.00;82.50;14.11
3594672;72.00;3010.00;24.00;82.50;14.02
3595064;70.00;2983.00;24.00;82.50;14.11
3595458;70.00;3002.00;24.00;82.50;14.02
3595818;71.00;3002.00;24.00;82.50;14.11
3596258;71.00;3037.00;24.00;82.50;14.11
3596694;71.00;3047.00;24.00;82.50;14.21
3597133;71.00;2899.00;24.00;82.50;14.11
3597523;70.00;2945.00;24.00;82.50;14.11
3597834;67.00;2868.00;24.00;82.50;14.11
3598223;66.00;2823.00;24.00;82.50;14.11
3598662;65.00;2814.00;24.00;82.50;14.11
3599051;65.00;2815.00;24.00;82.50;14.11
3599436;65.00;2796.00;24.00;82.50;14.11
3599744;65.00;2780.00;24.00;82.50;14.21
3600184;66.00;2805.00;24.00;82.50;14.11
3600576;66.00;2819.00;24.00;82.50;14.21
3600964;66.00;2826.00;24.00;82.50;14.21
3601349;66.00;2840.00;24.00;82.50;14.21
3601733;68.00;2905.00;24.00;82.50;14.21
3602171;68.00;2939.00;24.00;82.50;14.11
3602611;70.00;2971.00;24.00;82.50;14.21
3603056;70.00;2994.00;24.00;82.50;14.30
3603445;71.00;3008.00;24.00;82.50;14.30
3603753;71.00;3014.00;24.00;82.50;14.11
3604140;71.00;3010.00;24.00;82.50;14.21
3604578;70.00;2986.00;24.00;82.50;14.30
3605024;67.00;2875.00;24.00;82.50;14.21
3605416;65.00;2789.00;24.00;82.50;14.11
3605811;62.00;2650.00;24.00;82.50;14.21
3606204;58.00;2516.00;24.00;82.50;14.21
3606594;56.00;2368.00;24.00;82.50;14.11
3606986;51.00;2214.00;24.00;82.50;14.30
3607379;46.00;1997.00;24.00;82.50;14.30
3607767;42.00;1784.00;24.00;82.50;14.39
3608210;41.00;2096.00;24.00;82.50;14.21
3608603;41.00;2635.00;24.00;82.50;14.21
3609040;43.00;2005.00;24.00;82.50;14.30
3609431;45.00;2091.00;24.00;82.50;14.30
3609819;46.00;2148.00;24.00;82.50;14.30
3610207;47.00;2204.00;24.00;82.50;14.21
3610598;48.00;2274.00;24.00;82.50;14.21
3610986;50.00;2332.00;24.00;83.25;14.11
3611383;50.00;2287.00;24.00;83.25;14.11
3611767;50.00;2284.00;24.00;83.25;14.21
3612206;48.00;2236.00;24.00;83.25;14.21
3612647;46.00;2150.00;24.00;83.25;14.21
3613034;43.00;2030.00;24.00;83.25;14.11
3613476;41.00;1940.00;24.00;83.25;14.30
3613785;38.00;1782.00;24.00;83.25;14.30
3614173;35.00;1619.00;24.00;83.25;14.30
3614564;32.00;1356.00;24.00;83.25;14.39
3615008;30.00;1580.00;24.00;83.25;14.39
3615446;27.00;1471.00;24.00;83.25;14.39
3615888;26.00;1429.00;24.00;83.25;14.39
3616327;23.00;1376.00;24.00;83.25;14.39
3616768;20.00;1325.00;24.00;83.25;14.30
3617210;16.00;1271.00;24.00;83.25;14.49
3617601;12.00;1300.00;24.00;83.25;14.39
3617992;11.00;1258.00;24.00;83.25;14.39
3618381;8.00;1339.00;24.00;83.25;14.39
3618769;6.00;1302.00;24.00;83.25;14.30
3619160;5.00;1251.00;24.00;83.25;14.39
3619551;3.00;1278.00;24.00;83.25;14.39
3619909;0;1284.00;24.00;83.25;14.30
3620351;0;1274.00;24.00;83.25;14.39
3620740;0;1247.00;24.00;83.25;14.39
3621125;0;1227.00;24.00;84.00;14.39
3621514;0;1253.00;24.00;84.00;14.39
3621820;0;1217.00;24.00;84.00;14.49
3622224;0;1193.00;24.00;84.00;14.39
3622613;0;1267.00;24.00;84.00;14.39
3623048;0;1254.00;24.00;84.00;14.39
3623484;0;1200.00;24.00;84.00;14.30
3623790;0;1259.00;24.00;84.00;14.39
3624178;0;1251.00;24.00;84.00;14.39
3624613;0;1238.00;24.00;84.00;14.30
3625002;0;1287.00;24.00;84.00;14.49
3625391;0;1274.00;24.00;84.00;14.39
3625782;0;1265.00;24.00;84.00;14.39
3626166;0;1262.00;24.00;84.75;14.39
3626607;0;2171.00;24.00;84.75;14.11
3627045;0;1460.00;24.00;84.75;14.39
3627434;0;2102.00;24.00;84.75;14.21
3627792;10.00;2094.00;24.00;84.75;14.21
3628185;15.00;2069.00;24.00;84.75;14.21
3628576;20.00;2199.00;24.75;84.75;14.21
3628971;23.00;2714.00;24.75;84.75;14.11
3629363;28.00;3163.00;24.75;84.75;14.11
3629752;32.00;3612.00;24.75;84.75;14.21
3630144;37.00;4103.00;24.75;84.75;14.11
3630537;41.00;4473.00;24.00;84.75;14.11
3630848;42.00;3301.00;24.00;84.75;14.11
3631237;47.00;3718.00;24.00;85.50;14.11
3631629;52.00;4081.00;24.00;85.50;14.11
3632070;58.00;4471.00;24.00;84.75;14.11
3632512;62.00;4790.00;24.00;84.75;14.11
3632821;62.00;3832.00;24.00;84.75;14.11
3633205;65.00;3918.00;24.00;84.75;13.92
3633648;66.00;4103.00;24.00;84.75;14.11
3634039;70.00;4225.00;24.00;84.75;14.11
3634480;68.00;3446.00;24.00;84.75;14.11
3634787;68.00;3606.00;24.00;84.75;14.11
3635171;68.00;3591.00;24.00;84.75;14.11
3635606;70.00;3619.00;24.00;84.00;14.11
3635998;70.00;3676.00;24.00;84.00;14.11
3636387;70.00;3644.00;24.00;84.00;14.11
3636772;70.00;3633.00;24.00;84.00;14.11
3637156;70.00;3622.00;24.00;84.00;14.11
3637591;70.00;3656.00;24.00;84.00;14.11
3638063;70.00;3635.00;24.00;84.00;14.11
3638513;68.00;3585.00;24.00;84.00;14.11
3638872;67.00;3488.00;24.00;84.00;14.11
3639312;66.00;3416.00;24.00;84.00;14.11
3639700;63.00;3286.00;24.00;84.00;14.02
3640090;62.00;3222.00;24.00;84.00;14.21
3640480;61.00;3175.00;24.00;84.00;14.11
3640790;60.00;3088.00;24.00;84.00;14.11
3641181;58.00;3033.00;24.00;84.00;14.21
3641624;57.00;3021.00;24.00;84.00;14.11
3642017;57.00;2968.00;24.00;84.00;14.02
3642409;57.00;2945.00;24.00;84.00;14.11
3642847;56.00;2908.00;24.00;84.00;14.21
3643290;56.00;2923.00;24.00;84.00;14.11
3643730;56.00;2952.00;24.00;84.00;14.11
3644165;57.00;2964.00;24.00;84.00;14.11
3644555;58.00;3059.00;24.00;84.00;14.21
3644867;60.00;3112.00;24.00;84.00;14.11
3645258;61.00;3180.00;24.00;84.00;14.11
3645649;62.00;3215.00;24.00;84.00;14.21
3646041;63.00;3346.00;24.00;84.00;14.11
3646435;66.00;3433.00;24.00;84.00;14.11
3646825;67.00;3456.00;24.00;83.25;14.11
3647272;67.00;3532.00;24.00;83.25;14.11
3647657;68.00;3511.00;24.00;83.25;14.11
3648050;67.00;3454.00;24.00;83.25;14.11
3648493;66.00;3467.00;24.00;83.25;14.11
3648801;66.00;3460.00;24.00;83.25;14.11
3649186;65.00;3369.00;24.00;83.25;14.11
3649574;63.00;3338.00;24.00;83.25;14.11
3649883;63.00;3316.00;24.00;83.25;14.11
3650266;63.00;3271.00;24.00;83.25;14.11
3650652;62.00;3300.00;24.00;83.25;14.21
3651046;62.00;3192.00;24.00;83.25;14.11
3651435;61.00;3231.00;24.00;83.25;14.21
3651879;61.00;3107.00;24.00;83.25;14.11
3652274;60.00;3164.00;24.00;83.25;14.21
3652669;60.00;3150.00;24.00;83.25;14.11
3653058;60.00;3124.00;24.00;83.25;14.11
3653445;58.00;3076.00;24.00;83.25;14.11
3653834;58.00;3057.00;24.00;83.25;14.02
3654223;58.00;3079.00;24.00;83.25;14.21
3654661;60.00;3112.00;24.00;83.25;14.02
3655053;60.00;3135.00;24.00;82.50;14.11
3655445;60.00;3150.00;24.00;82.50;14.11
3655829;61.00;3218.00;24.00;82.50;14.11
3656222;62.00;3237.00;24.00;82.50;14.11
3656616;63.00;3282.00;24.00;82.50;14.11
3657005;63.00;3332.00;24.00;82.50;14.11
3657440;65.00;3356.00;24.00;82.50;14.11
3657880;65.00;3406.00;24.00;82.50;14.11
3658316;66.00;3450.00;24.00;82.50;14.11
3658706;66.00;3454.00;24.00;82.50;13.92
3659093;67.00;3469.00;24.00;82.50;14.11
3659488;67.00;3479.00;24.00;82.50;14.11
3659873;68.00;3562.00;24.00;82.50;14.11
3660313;70.00;3595.00;24.00;82.50;14.11
3660752;70.00;3678.00;24.00;82.50;14.11
3661189;71.00;3681.00;24.00;82.50;14.02
3661579;71.00;3696.00;24.00;82.50;14.11
3661889;71.00;3692.00;24.00;82.50;14.02
3662278;71.00;3683.00;24.00;82.50;14.11
3662673;71.00;3696.00;24.00;82.50;14.11
3663108;71.00;3733.00;24.00;82.50;14.11
3663494;72.00;3811.00;24.00;82.50;14.11
3663933;72.00;3478.00;24.00;82.50;14.11
3664319;72.00;3749.00;24.00;82.50;14.11
3664710;72.00;3364.00;24.00;82.50;14.11
3665096;73.00;3381.00;24.00;82.50;14.02
3665539;73.00;3405.00;24.00;82.50;14.11
3665847;73.00;3420.00;24.00;82.50;14.02
3666236;73.00;3419.00;24.00;82.50;14.11
3666623;73.00;3439.00;24.00;82.50;14.11
3667008;73.00;3427.00;24.00;82.50;14.11
3667392;73.00;3385.00;24.00;82.50;14.11
3667776;72.00;3364.00;24.00;82.50;14.11
3668166;72.00;3352.00;24.00;82.50;14.11
3668602;72.00;3358.00;24.00;82.50;14.11
3668908;73.00;3390.00;24.00;82.50;14.11
3669297;72.00;3361.00;24.00;82.50;14.11
3669688;72.00;3348.00;24.00;82.50;14.11
3670123;72.00;3365.00;24.00;82.50;14.11
3670559;73.00;3397.00;24.00;82.50;14.11
3670868;73.00;3423.00;24.00;82.50;14.21
3671258;75.00;3441.00;24.00;82.50;14.11
3671654;75.00;3499.00;24.00;82.50;14.11
3672042;76.00;3499.00;24.00;82.50;14.11
3672478;76.00;3504.00;24.00;82.50;14.11
3672861;76.00;3507.00;24.00;82.50;14.11
3673245;76.00;3376.00;24.00;82.50;14.11
3673681;73.00;3468.00;24.00;82.50;14.21
3674079;73.00;3389.00;24.00;82.50;14.11
3674517;72.00;3330.00;24.00;82.50;14.21
3674960;71.00;3231.00;24.00;82.50;14.21
3675399;68.00;3176.00;24.00;82.50;14.11
3675841;67.00;3173.00;24.00;82.50;14.11
3676228;67.00;3113.00;24.00;82.50;14.11
3676614;66.00;3068.00;24.00;82.50;14.11
3676972;66.00;3067.00;24.00;82.50;14.11
3677414;66.00;3020.00;24.00;82.50;14.21
3677803;65.00;3031.00;24.00;82.50;14.11
3678195;65.00;2999.00;24.00;82.50;14.11
3678631;65.00;2980.00;24.00;82.50;14.21
3679021;65.00;2995.00;24.00;82.50;14.21
3679405;63.00;2944.00;24.00;82.50;14.11
3679798;62.00;2351.00;24.00;82.50;14.21
3680192;61.00;3306.00;24.00;82.50;14.11
3680584;60.00;3117.00;24.00;82.50;14.21
3680895;58.00;3091.00;24.00;82.50;14.11
3681287;58.00;3055.00;24.00;82.50;14.21
3681675;57.00;3036.00;24.00;82.50;14.21
3682064;58.00;3061.00;24.00;82.50;14.11
3682455;58.00;3040.00;24.00;82.50;14.21
3682848;58.00;3030.00;24.00;82.50;14.11
3683236;58.00;3044.00;24.00;82.50;14.11
3683622;58.00;3025.00;24.00;82.50;14.11
3683927;57.00;3025.00;24.00;82.50;14.11
3684312;57.00;3016.00;24.00;82.50;14.11
3684698;57.00;2988.00;24.00;82.50;14.11
3685134;57.00;2977.00;24.00;82.50;14.21
3685524;56.00;2961.00;24.00;82.50;14.21
3685930;56.00;2944.00;24.00;82.50;14.21
3686316;56.00;2941.00;24.00;82.50;14.21
3686700;56.00;2940.00;24.00;82.50;14.11
3687090;57.00;2993.00;24.00;82.50;14.21
3687482;57.00;3007.00;24.00;82.50;14.11
3687871;58.00;3060.00;24.00;82.50;14.21
3688263;60.00;3100.00;24.00;82.50;14.21
3688652;60.00;3114.00;24.00;82.50;14.11
3689092;60.00;3133.00;24.00;82.50;14.11
3689527;60.00;3095.00;24.00;82.50;14.11
3689918;60.00;3157.00;24.00;82.50;14.02
3690308;61.00;3174.00;24.00;82.50;14.11
3690699;62.00;3229.00;24.00;82.50;14.21
3691091;62.00;3259.00;24.00;82.50;14.11
3691479;63.00;3321.00;24.00;82.50;14.02
3691870;65.00;3360.00;24.00;82.50;14.11
3692261;65.00;3381.00;24.00;82.50;14.11
3692648;66.00;3417.00;24.00;82.50;14.11
3693087;66.00;3433.00;24.00;82.50;14.21
3693527;66.00;3465.00;24.00;82.50;14.11
3693913;67.00;3487.00;24.00;82.50;14.21
3694306;67.00;3514.00;24.00;82.50;14.11
3694693;67.00;3487.00;24.00;82.50;14.02
3695080;67.00;3512.00;24.00;82.50;14.11
3695470;67.00;3507.00;24.00;82.50;14.11
3695861;67.00;3514.00;24.00;82.50;14.21
3696249;67.00;3553.00;24.00;82.50;14.02
3696640;68.00;3571.00;24.00;82.50;14.21
3696955;67.00;3305.00;24.00;82.50;14.21
3697344;68.00;3159.00;24.00;82.50;14.11
3697735;68.00;3181.00;24.00;82.50;14.11
3698156;68.00;3202.00;24.00;82.50;14.11
3698542;70.00;3195.00;24.00;82.50;14.21
3698933;70.00;3199.00;24.00;82.50;14.21
3699320;68.00;3164.00;24.00;82.50;14.21
3699759;68.00;3158.00;24.00;82.50;14.11
3700199;67.00;3119.00;24.00;82.50;13.92
3700590;67.00;3092.00;24.00;82.50;14.21
3700898;66.00;3105.00;24.00;82.50;14.11
3701290;66.00;3004.00;24.00;82.50;14.21
3701678;65.00;3005.00;24.00;82.50;14.21
3702117;65.00;2956.00;24.00;82.50;14.11
3702556;65.00;2975.00;24.00;82.50;14.02
3702997;65.00;2971.00;24.00;82.50;14.11
3703435;63.00;2954.00;24.00;82.50;14.11
3703876;63.00;2954.00;24.00;82.50;14.11
3704308;63.00;2967.00;24.00;82.50;14.02
3704696;63.00;2941.00;24.00;82.50;14.11
3705091;63.00;2959.00;24.00;82.50;14.21
3705479;63.00;2948.00;24.00;82.50;14.02
3705918;63.00;2947.00;24.00;82.50;14.11
3706358;63.00;2924.00;24.00;82.50;14.11
3706793;63.00;2919.00;24.00;82.50;14.11
3707179;62.00;2905.00;24.00;82.50;14.02
3707579;63.00;2908.00;24.00;82.50;14.11
3707895;62.00;2870.00;24.00;82.50;14.21
3708287;62.00;2860.00;24.00;82.50;14.11
3708675;61.00;2816.00;24.00;82.50;14.21
3709067;61.00;2855.00;24.00;83.25;14.11
3709460;62.00;2865.00;24.00;83.25;14.11
3709848;62.00;2899.00;24.00;83.25;14.11
3710235;62.00;2917.00;24.00;83.25;14.21
3710674;63.00;2932.00;24.00;83.25;14.11
3711067;63.00;2963.00;24.00;83.25;14.11
3711504;63.00;2918.00;24.00;83.25;14.02
3711893;63.00;2955.00;24.00;83.25;14.21
3712281;63.00;2917.00;24.00;83.25;14.02
3712669;63.00;2901.00;24.00;83.25;14.11
3712978;63.00;2968.00;24.00;83.25;14.11
3713416;63.00;2945.00;24.00;83.25;14.02
3713804;63.00;2894.00;24.00;83.25;14.11
3714192;61.00;2818.00;24.00;83.25;14.11
3714585;60.00;2762.00;24.00;83.25;14.21
3714946;58.00;2703.00;24.00;83.25;14.21
3715339;57.00;2632.00;24.00;83.25;14.21
3715778;57.00;2705.00;24.00;83.25;14.11
3716219;60.00;2752.00;24.00;83.25;14.11
3716607;61.00;2811.00;24.00;83.25;14.11
3716916;62.00;2883.00;24.00;83.25;14.11
3717306;65.00;2992.00;24.00;83.25;14.21
3717699;66.00;3079.00;24.00;83.25;14.21
3718087;68.00;3164.00;24.00;83.25;14.11
3718481;71.00;3265.00;24.00;83.25;14.11
3718871;72.00;3343.00;24.00;83.25;14.11
3719265;73.00;3413.00;24.00;83.25;14.11
3719656;75.00;3454.00;24.00;83.25;14.11
3719963;75.00;3390.00;24.00;83.25;14.11
3720346;75.00;3443.00;24.00;83.25;14.21
3720734;73.00;3419.00;24.00;83.25;14.11
3721178;73.00;3410.00;24.00;83.25;14.21
3721567;73.00;3396.00;24.00;83.25;14.11
3721956;72.00;3365.00;24.00;83.25;14.11
3722395;72.00;3324.00;24.00;82.50;14.11
3722783;71.00;3297.00;24.00;82.50;14.11
3723173;71.00;3300.00;24.00;82.50;14.11
3723557;71.00;3273.00;24.00;82.50;14.11
3723944;70.00;3247.00;24.00;82.50;14.11
3724387;70.00;3266.00;24.00;82.50;14.02
3724825;70.00;3197.00;24.00;82.50;14.11
3725263;70.00;3199.00;24.00;82.50;14.11
3725701;68.00;3168.00;24.00;82.50;14.11
3726090;68.00;3163.00;24.00;82.50;14.21
3726478;68.00;3162.00;24.00;82.50;14.11
3726866;68.00;3159.00;24.00;81.75;14.21
3727258;67.00;3127.00;24.00;81.75;14.11
3727700;67.00;3083.00;24.00;81.75;14.11
3728136;63.00;2940.00;24.00;81.75;14.11
3728575;60.00;2770.00;24.00;81.75;14.11
3729014;57.00;2636.00;24.00;81.75;14.21
3729457;56.00;2564.00;24.00;81.75;14.21
3729845;56.00;2562.00;24.00;81.75;14.11
3730236;55.00;2568.00;24.00;81.75;14.21
3730627;55.00;2570.00;24.00;81.75;14.11
3730938;55.00;2544.00;24.00;81.75;14.21
3731331;55.00;2494.00;24.00;81.75;14.21
3731717;55.00;2528.00;24.00;81.75;14.11
3732157;55.00;2577.00;24.00;81.75;14.21
3732596;55.00;2587.00;24.00;81.75;14.21
3732902;57.00;2624.00;24.00;81.75;14.21
3733291;57.00;2674.00;24.00;81.75;14.11
3733697;58.00;2691.00;24.00;81.75;14.11
3734006;58.00;2728.00;24.00;81.75;14.21
3734397;58.00;2708.00;24.00;81.75;14.21
3734785;58.00;2754.00;24.00;81.75;14.21
3735171;58.00;2732.00;24.00;81.75;14.11
3735563;58.00;2734.00;24.00;81.75;14.21
3735951;58.00;2745.00;24.00;81.75;14.21
3736336;58.00;2714.00;24.00;81.75;14.02
3736726;58.00;2718.00;24.00;81.75;14.11
3737164;58.00;2721.00;24.00;81.75;14.21
3737609;58.00;2730.00;24.00;81.75;14.11
3737967;60.00;2749.00;24.00;81.75;14.11
3738358;60.00;2755.00;24.00;81.75;14.11
3738844;58.00;2744.00;24.00;81.75;14.21
3739237;58.00;2729.00;24.00;81.75;14.11
3739625;58.00;2742.00;24.00;81.75;14.21
3739935;60.00;2762.00;24.00;81.75;14.02
3740333;60.00;2738.00;24.00;81.75;14.11
3740721;60.00;2753.00;24.00;81.75;14.11
3741158;60.00;2752.00;24.00;81.75;14.21
3741546;60.00;2764.00;24.00;81.75;14.21
3741933;58.00;2745.00;24.00;81.75;14.11
3742331;58.00;2695.00;24.00;81.75;14.11
3742772;57.00;2618.00;24.00;81.75;14.21
3743163;55.00;2530.00;24.00;81.75;14.11
3743556;53.00;2494.00;24.00;81.75;14.11
3743944;52.00;2435.00;24.00;81.75;14.21
3744338;52.00;2417.00;24.00;81.75;14.21
3744724;51.00;2356.00;24.00;81.75;14.30
3745123;50.00;2312.00;24.00;81.75;14.21
3745517;50.00;2292.00;24.00;81.75;14.21
3745953;50.00;2282.00;24.00;81.75;14.21
3746336;50.00;2317.00;24.00;81.75;14.21
3746771;50.00;2325.00;24.00;81.75;14.21
3747207;50.00;2329.00;24.00;82.50;14.21
3747597;51.00;2341.00;24.00;82.50;14.21
3747984;51.00;2104.00;24.00;82.50;14.21
3748371;52.00;2712.00;24.00;82.50;14.21
3748811;53.00;2803.00;24.00;82.50;14.11
3749204;55.00;2892.00;24.00;82.50;14.21
3749648;56.00;2891.00;24.00;82.50;14.21
3749956;56.00;2932.00;24.00;82.50;14.21
3750341;57.00;2980.00;24.00;82.50;14.02
3750733;57.00;2944.00;24.00;82.50;14.11
3751123;57.00;2993.00;24.00;82.50;14.21
3751518;57.00;2960.00;24.00;82.50;14.11
3751908;57.00;2957.00;24.00;82.50;14.21
3752299;58.00;3073.00;24.00;82.50;14.21
3752739;60.00;3101.00;24.00;82.50;14.11
3753133;61.00;3207.00;24.00;82.50;14.02
3753581;63.00;3348.00;24.00;82.50;14.21
3753973;63.00;2788.00;24.00;82.50;14.21
3754358;66.00;3032.00;24.00;82.50;14.02
3754802;66.00;3079.00;24.00;82.50;14.11
3755191;68.00;3185.00;24.00;82.50;14.11
3755635;68.00;3228.00;24.00;82.50;14.11
3755991;68.00;3178.00;24.00;82.50;14.11
3756378;70.00;3216.00;24.00;82.50;14.11
3756766;68.00;3163.00;24.00;82.50;14.11
3757156;68.00;3221.00;24.00;82.50;14.11
3757542;70.00;3209.00;24.00;82.50;14.21
3757933;68.00;3201.00;24.00;82.50;14.11
3758308;70.00;3209.00;24.00;82.50;14.11
3758699;71.00;3258.00;24.00;82.50;14.11
3759008;72.00;3327.00;24.00;82.50;14.21
3759400;73.00;3379.00;24.00;82.50;14.11
3759792;73.00;3435.00;24.00;82.50;14.11
3760181;75.00;3483.00;24.00;82.50;14.11
3760570;76.00;3518.00;24.00;82.50;14.11
3760959;77.00;3569.00;24.00;82.50;14.11
3761347;77.00;3585.00;24.00;82.50;14.11
3761737;78.00;3649.00;24.00;82.50;14.11
3762178;80.00;3679.00;24.00;82.50;14.02
3762620;80.00;3680.00;24.00;82.50;14.02
3763058;81.00;3698.00;24.00;82.50;14.11
3763503;81.00;3736.00;24.00;82.50;14.11
3763890;82.00;3811.00;24.00;82.50;14.11
3764278;82.00;3826.00;24.00;82.50;14.11
3764662;83.00;3845.00;24.00;82.50;14.11
3765022;85.00;3900.00;24.00;82.50;14.02
3765414;83.00;3422.00;24.00;82.50;14.02
3765809;83.00;3557.00;24.00;82.50;14.21
3766249;83.00;3544.00;24.00;82.50;14.11
3766689;83.00;3547.00;24.00;82.50;14.11
3766994;83.00;3568.00;24.00;82.50;14.11
3767380;83.00;3561.00;24.00;82.50;14.11
3767819;83.00;3568.00;24.00;82.50;14.11
3768255;83.00;3559.00;24.00;82.50;14.11
3768641;82.00;3509.00;24.00;82.50;14.11
3768951;82.00;3518.00;24.00;82.50;14.11
3769339;81.00;3475.00;24.00;82.50;14.11
3769727;81.00;3431.00;24.00;82.50;14.02
3770035;80.00;3422.00;24.00;82.50;14.11
3770426;80.00;3376.00;24.00;82.50;14.21
3770816;78.00;3379.00;24.00;82.50;14.11
3771258;77.00;3310.00;24.00;82.50;14.11
3771648;77.00;3331.00;24.00;82.50;14.21
3772008;76.00;3253.00;24.00;82.50;14.21
3772397;77.00;3259.00;24.00;82.50;14.11
3772799;76.00;3253.00;24.00;82.50;14.11
3773188;76.00;3255.00;24.00;82.50;14.11
3773574;76.00;3254.00;24.00;82.50;14.11
3773959;75.00;3212.00;24.00;82.50;14.11
3774349;75.00;3210.00;24.00;82.50;14.11
3774736;76.00;3206.00;24.00;82.50;14.21
3775050;76.00;3224.00;24.00;82.50;14.11
3775440;76.00;3232.00;24.00;82.50;14.11
3775825;76.00;3216.00;24.00;82.50;14.11
3776210;76.00;3219.00;24.00;82.50;14.02
3776601;76.00;3211.00;24.00;82.50;14.11
3776990;75.00;3199.00;24.00;82.50;14.11
3777380;73.00;3134.00;24.00;82.50;14.11
3777769;73.00;3095.00;24.00;82.50;14.11
3778155;73.00;3130.00;24.00;82.50;14.11
3778539;73.00;3146.00;24.00;82.50;14.11
3778974;73.00;3134.00;24.00;82.50;14.11
3779410;73.00;3133.00;24.00;82.50;14.21
3779798;72.00;3066.00;24.00;82.50;14.21
3780187;72.00;3078.00;24.00;82.50;14.11
3780577;71.00;3044.00;24.00;82.50;14.11
3780968;71.00;3013.00;24.00;82.50;14.21
3781372;71.00;3040.00;24.00;82.50;14.11
3781760;72.00;3056.00;24.00;82.50;14.11
3782150;72.00;3073.00;24.00;82.50;14.02
3782539;72.00;3076.00;24.00;82.50;14.11
3782932;72.00;3051.00;24.00;82.50;14.21
3783320;71.00;3027.00;24.00;82.50;14.11
3783763;71.00;3003.00;24.00;83.25;14.11
3784070;70.00;3008.00;24.00;83.25;14.11
3784457;71.00;2994.00;24.00;83.25;14.11
3784846;71.00;3030.00;24.00;83.25;14.11
3785233;72.00;3048.00;24.00;83.25;14.21
3785676;72.00;3080.00;24.00;83.25;14.11
3786034;73.00;3121.00;24.00;83.25;14.11
3786473;73.00;3136.00;24.00;83.25;14.11
3786857;75.00;3183.00;24.00;83.25;14.11
3787247;75.00;3215.00;24.00;83.25;14.21
3787638;76.00;3217.00;24.00;83.25;14.21
3788076;76.00;3250.00;24.00;83.25;14.11
3788517;76.00;3256.00;24.00;83.25;14.11
3788902;76.00;3260.00;24.00;83.25;14.11
3789287;76.00;3214.00;24.00;83.25;14.11
3789672;76.00;3227.00;24.00;83.25;14.11
3789981;76.00;3236.00;24.00;83.25;13.92
3790369;76.00;3239.00;24.00;83.25;14.21
3790808;75.00;3179.00;24.00;83.25;14.02
3791201;75.00;3153.00;24.00;83.25;14.11
3791589;75.00;3171.00;24.00;83.25;14.11
3791976;75.00;3177.00;24.00;83.25;14.11
3792362;75.00;3161.00;24.00;83.25;14.11
3792801;75.00;3146.00;24.00;83.25;14.21
3793191;75.00;3204.00;24.00;83.25;14.11
3793580;76.00;3217.00;24.00;83.25;13.92
3793972;76.00;3228.00;24.00;83.25;14.21
3794362;76.00;3213.00;24.00;83.25;14.11
3794752;76.00;3235.00;24.00;83.25;14.11
3795108;77.00;3267.00;24.00;83.25;14.11
3795496;77.00;3293.00;24.00;83.25;14.11
3795881;77.00;3313.00;24.00;83.25;14.11
3796268;77.00;3307.00;24.00;83.25;14.11
3796704;77.00;3324.00;24.00;83.25;13.92
3797010;78.00;3344.00;24.00;83.25;14.02
3797403;78.00;3327.00;24.00;83.25;14.11
3797790;77.00;3340.00;24.00;83.25;14.11
3798229;77.00;3332.00;24.00;83.25;14.21
3798617;77.00;3297.00;24.00;83.25;14.11
3799007;77.00;3287.00;24.00;83.25;14.21
3799397;77.00;3269.00;24.00;83.25;14.11
3799787;77.00;3262.00;24.00;83.25;14.11
3800174;76.00;3217.00;24.00;83.25;14.11
3800564;76.00;3230.00;24.00;83.25;14.02
3801004;75.00;3190.00;24.00;83.25;14.21
3801447;75.00;3190.00;24.00;83.25;14.02
3801833;75.00;3155.00;24.00;83.25;14.11
3802273;73.00;3121.00;24.00;83.25;14.21
3802716;73.00;3141.00;24.00;83.25;14.11
3803023;73.00;3121.00;24.00;83.25;14.02
3803410;72.00;3084.00;24.00;83.25;14.11
3803803;72.00;3076.00;24.00;83.25;14.21
3804193;72.00;3065.00;24.00;83.25;14.11
3804633;72.00;3068.00;24.00;83.25;14.21
3805072;71.00;3059.00;24.00;83.25;14.21
3805512;70.00;2987.00;24.00;83.25;14.21
3805899;70.00;2981.00;24.00;83.25;14.11
3806286;68.00;2886.00;24.00;83.25;14.11
3806673;67.00;2839.00;24.00;83.25;14.21
3807066;66.00;2839.00;24.00;83.25;14.21
3807452;66.00;2768.00;24.00;83.25;14.21
3807891;65.00;2783.00;24.00;83.25;14.21
3808280;65.00;2737.00;24.00;83.25;14.11
3808667;65.00;2766.00;24.00;83.25;14.21
3809054;65.00;2733.00;24.00;83.25;14.11
3809441;63.00;2480.00;24.00;83.25;14.21
3809884;62.00;2937.00;24.00;83.25;14.21
3810274;62.00;2862.00;24.00;83.25;14.11
3810714;62.00;2877.00;24.00;83.25;14.11
3811019;62.00;2895.00;24.00;83.25;14.21
3811408;63.00;2928.00;24.00;83.25;14.21
3811797;63.00;2940.00;24.00;83.25;14.21
3812183;65.00;2980.00;24.00;83.25;14.11
3812627;65.00;2998.00;24.00;83.25;14.21
3813067;63.00;2941.00;24.00;83.25;14.11
3813509;62.00;2811.00;24.00;83.25;14.21
3813951;58.00;2722.00;24.00;83.25;14.02
3814342;57.00;2638.00;24.00;84.00;14.11
3814751;55.00;2563.00;24.00;84.00;14.21
3815064;53.00;2358.00;24.00;84.00;14.21
3815451;52.00;2613.00;24.00;84.00;14.21
3815890;50.00;2838.00;24.00;84.00;14.11
3816333;47.00;2926.00;24.00;84.00;14.11
3816723;46.00;2813.00;24.00;84.00;14.21
3817034;43.00;2717.00;24.00;84.00;14.11
3817425;42.00;2539.00;24.00;84.00;14.21
3817817;42.00;2614.00;24.00;84.00;14.11
3818212;40.00;2493.00;24.00;84.00;14.21
3818605;41.00;2539.00;24.00;84.00;14.11
3818996;41.00;2535.00;24.00;84.00;14.11
3819432;42.00;2624.00;24.00;84.00;14.11
3819821;45.00;2756.00;24.00;84.00;14.11
3820211;47.00;2861.00;24.00;84.00;14.11
3820603;47.00;2955.00;24.00;84.00;14.11
3820990;50.00;3099.00;24.00;84.00;13.92
3821431;52.00;3192.00;24.00;84.00;14.11
3821873;53.00;3279.00;24.00;84.00;14.02
3822319;55.00;3436.00;24.00;84.00;14.11
3822713;57.00;3528.00;24.00;84.00;14.11
3823076;61.00;3715.00;24.00;84.00;14.11
3823463;63.00;3866.00;24.00;84.00;14.11
3823850;65.00;4004.00;24.00;83.25;14.11
3824243;68.00;4140.00;24.00;83.25;14.02
3824689;70.00;4310.00;24.00;83.25;14.11
3825132;72.00;4463.00;24.00;83.25;14.02
3825575;75.00;4573.00;24.00;83.25;14.11
3826019;77.00;4713.00;24.00;83.25;14.11
3826457;76.00;3961.00;24.00;83.25;14.02
3826851;76.00;3999.00;24.00;83.25;14.11
3827243;77.00;4011.00;24.00;83.25;14.02
3827687;78.00;4091.00;24.00;83.25;14.21
3828081;81.00;4176.00;24.00;83.25;14.11
3828475;82.00;4270.00;24.00;83.25;14.02
3828867;85.00;4473.00;24.00;83.25;14.11
3829276;87.00;4569.00;24.00;83.25;14.11
3829715;86.00;4445.00;24.00;83.25;14.11
3830104;86.00;3946.00;24.00;83.25;14.11
3830493;86.00;3982.00;24.00;83.25;14.21
3830882;86.00;3980.00;24.00;83.25;14.11
3831270;86.00;4015.00;24.00;83.25;14.11
3831657;86.00;3994.00;24.00;83.25;14.11
3832094;87.00;4021.00;24.00;83.25;14.11
3832532;87.00;4024.00;24.00;83.25;14.11
3833020;87.00;3910.00;24.00;83.25;14.11
3833403;86.00;3660.00;24.00;83.25;14.11
3833795;86.00;3626.00;24.00;83.25;14.02
3834153;85.00;3626.00;24.00;83.25;14.11
3834595;85.00;3608.00;24.00;83.25;14.11
3835030;85.00;3612.00;24.00;83.25;14.11
3835414;85.00;3603.00;24.00;83.25;14.11
3835799;85.00;3601.00;24.00;83.25;14.11
3836104;85.00;3598.00;24.00;83.25;14.11
3836491;85.00;3584.00;24.00;83.25;14.21
3836883;83.00;3551.00;24.00;83.25;14.11
3837278;83.00;3560.00;24.00;83.25;14.02
3837668;82.00;3513.00;24.00;83.25;14.11
3838062;82.00;3467.00;24.00;83.25;14.11
3838453;82.00;3506.00;24.00;83.25;14.11
3838890;82.00;3509.00;24.00;83.25;14.11
3839325;82.00;3493.00;24.00;83.25;14.02
3839713;82.00;3493.00;24.00;83.25;14.21
3840098;82.00;3470.00;24.00;83.25;14.21
3840493;81.00;3413.00;24.00;83.25;14.11
3840885;81.00;3366.00;24.00;83.25;14.11
3841269;81.00;3372.00;24.00;83.25;14.11
3841706;80.00;3385.00;24.00;83.25;14.21
3842067;80.00;3406.00;24.00;83.25;14.11
3842454;80.00;3398.00;24.00;83.25;14.11
3842838;80.00;3399.00;24.00;83.25;14.11
3843274;80.00;3416.00;24.00;83.25;14.11
3843657;80.00;3405.00;24.00;83.25;14.11
3844041;80.00;3421.00;24.00;84.00;14.21
3844484;80.00;3395.00;24.00;83.25;14.11
3844877;80.00;3415.00;24.00;83.25;14.11
3845264;80.00;3466.00;24.00;83.25;14.21
3845653;80.00;3429.00;24.00;83.25;14.02
3846042;80.00;3384.00;24.00;83.25;14.11
3846429;80.00;3420.00;24.00;83.25;14.11
3846815;81.00;3401.00;24.00;83.25;14.11
3847124;81.00;3419.00;24.00;83.25;14.02
3847513;81.00;3434.00;24.00;83.25;14.21
3847901;81.00;3471.00;24.00;83.25;14.21
3848287;81.00;3386.00;24.00;83.25;14.11
3848675;81.00;3415.00;24.00;83.25;14.02
3849063;81.00;3396.00;24.00;83.25;14.11
3849451;81.00;3446.00;24.00;83.25;14.21
3849840;81.00;3403.00;24.00;83.25;14.21
3850145;81.00;3460.00;24.00;83.25;14.11
3850583;81.00;3503.00;24.00;83.25;14.11
3850970;81.00;3515.00;24.00;83.25;14.11
3851356;81.00;3480.00;24.00;83.25;14.11
3851740;81.00;3422.00;24.00;83.25;14.21
3852179;80.00;3413.00;24.00;83.25;14.21
3852623;80.00;3475.00;24.00;83.25;14.11
3853020;81.00;3462.00;24.00;83.25;14.21
3853416;81.00;3429.00;24.00;83.25;14.11
3853805;82.00;3464.00;24.00;83.25;14.21
3854166;82.00;3504.00;24.00;83.25;14.11
3854560;82.00;3466.00;24.00;83.25;14.11
3854996;82.00;3538.00;24.00;83.25;14.11
3855384;82.00;3484.00;24.00;83.25;14.21
3855775;82.00;3524.00;24.00;83.25;14.02
3856083;82.00;3480.00;24.00;83.25;14.11
3856472;82.00;3483.00;24.00;83.25;14.11
3856909;82.00;3528.00;24.00;83.25;14.21
3857297;82.00;3430.00;24.00;82.50;14.21
3857686;81.00;3460.00;24.00;82.50;14.11
3858077;80.00;3378.00;24.00;82.50;14.21
3858467;78.00;3373.00;24.00;82.50;14.21
3858855;78.00;3319.00;24.00;82.50;14.21
3859210;77.00;3257.00;24.00;82.50;14.21
3859598;76.00;3220.00;24.00;82.50;14.11
3859992;75.00;3165.00;24.00;82.50;14.11
3860381;75.00;3182.00;24.00;82.50;14.21
3860773;75.00;3197.00;24.00;82.50;14.21
3861080;75.00;3171.00;24.00;82.50;14.21
3861465;75.00;3185.00;24.00;82.50;14.21
3861851;75.00;3179.00;24.00;82.50;14.11
3862161;76.00;3241.00;24.00;82.50;14.02
3862604;76.00;3213.00;24.00;82.50;14.11
3862994;75.00;3181.00;24.00;82.50;14.11
3863435;75.00;3246.00;24.00;82.50;14.11
3863872;75.00;3179.00;24.00;82.50;14.11
3864256;75.00;3173.00;24.00;82.50;14.02
3864644;75.00;3192.00;24.00;82.50;14.11
3865033;75.00;3128.00;24.00;82.50;14.11
3865419;75.00;3208.00;24.00;82.50;14.11
3865858;75.00;3010.00;24.00;82.50;14.21
3866166;73.00;3134.00;24.00;82.50;14.11
3866558;72.00;3086.00;24.00;82.50;14.21
3866951;72.00;3023.00;24.00;82.50;14.11
3867339;70.00;2985.00;24.00;82.50;14.21
3867734;70.00;2952.00;24.00;82.50;14.21
3868123;68.00;2920.00;24.00;82.50;14.11
3868517;67.00;2900.00;24.00;82.50;14.21
3868909;67.00;2834.00;24.00;82.50;14.21
3869293;66.00;2816.00;24.00;82.50;14.21
3869683;66.00;2806.00;24.00;82.50;14.21
3870069;65.00;2759.00;24.00;82.50;14.21
3870457;65.00;2739.00;24.00;82.50;14.11
3870846;65.00;2725.00;24.00;82.50;14.11
3871151;63.00;2742.00;24.00;82.50;14.02
3871543;63.00;2715.00;24.00;82.50;14.21
3871930;63.00;2717.00;24.00;82.50;14.11
3872318;63.00;2704.00;24.00;82.50;14.21
3872706;63.00;2780.00;24.00;82.50;14.11
3873099;65.00;2719.00;24.00;82.50;14.11
3873489;66.00;2844.00;24.00;82.50;14.21
3873882;68.00;2904.00;24.00;81.75;14.11
3874278;70.00;2995.00;24.00;81.75;14.11
3874669;71.00;3028.00;24.00;81.75;14.11
3875060;72.00;3034.00;24.00;81.75;14.11
3875451;71.00;2979.00;24.00;81.75;14.11
3875843;71.00;3051.00;24.00;81.75;14.21
3876165;71.00;3047.00;24.00;81.75;14.21
3876551;71.00;2983.00;24.00;81.75;14.21
3876987;71.00;2999.00;24.00;81.75;14.21
3877372;70.00;2983.00;24.00;81.75;14.21
3877762;70.00;2957.00;24.00;81.75;14.11
3878153;70.00;2939.00;24.00;81.75;14.21
3878564;70.00;2983.00;24.00;81.75;14.21
3878952;70.00;2909.00;24.00;81.75;14.11
3879390;70.00;2973.00;24.00;81.75;14.11
3879828;70.00;2978.00;24.00;81.75;14.21
3880137;70.00;2944.00;24.00;81.75;14.21
3880524;71.00;3001.00;24.00;81.75;14.11
3880968;71.00;3012.00;24.00;81.75;14.21
3881360;71.00;3040.00;24.00;81.75;14.21
3881745;72.00;3060.00;24.00;81.75;14.21
3882133;72.00;3080.00;24.00;81.75;14.11
3882522;72.00;3080.00;24.00;81.75;14.11
3882904;73.00;3107.00;24.00;81.75;14.11
3883298;73.00;3128.00;24.00;81.75;14.11
3883685;73.00;3093.00;24.00;81.75;14.11
3884123;73.00;3164.00;24.00;81.75;14.11
3884559;72.00;3124.00;24.00;81.75;14.02
3884953;72.00;3119.00;24.00;81.75;14.11
3885340;73.00;3125.00;24.00;81.75;14.21
3885734;73.00;3131.00;24.00;81.75;14.11
3886122;73.00;3162.00;24.00;81.75;14.11
3886507;73.00;3178.00;24.00;81.75;14.11
3886943;73.00;3171.00;24.00;81.75;14.21
3887382;73.00;3042.00;24.00;81.75;14.11
3887821;73.00;3146.00;24.00;81.75;14.11
3888126;73.00;3059.00;24.00;81.75;14.21
3888517;73.00;3108.00;24.00;81.75;14.02
3888956;73.00;3076.00;24.00;81.75;14.21
3889395;73.00;3093.00;24.00;81.75;14.11
3889835;73.00;3126.00;24.00;81.75;14.11
3890141;72.00;3061.00;24.00;81.75;14.11
3890530;71.00;3028.00;24.00;81.75;14.11
3890921;71.00;3017.00;24.00;81.75;14.11
3891309;71.00;3035.00;24.00;81.75;14.11
3891746;71.00;3011.00;24.00;81.75;14.21
3892185;70.00;2956.00;24.00;81.75;14.21
3892626;70.00;2994.00;24.00;81.75;14.21
3893060;70.00;2926.00;24.00;81.75;14.21
3893446;68.00;2945.00;24.00;81.75;14.21
3893838;68.00;2911.00;24.00;81.75;14.11
3894196;68.00;2936.00;24.00;81.75;14.11
3894633;67.00;2883.00;24.00;81.75;14.11
3895021;66.00;2808.00;24.00;81.75;14.11
3895409;65.00;2758.00;24.00;81.75;14.21
3895802;65.00;2731.00;24.00;81.75;14.21
3896158;63.00;2705.00;24.00;81.75;14.11
3896598;63.00;2718.00;24.00;81.75;14.21
3897040;63.00;2693.00;24.00;81.75;14.11
3897427;62.00;2672.00;24.00;81.75;14.11
3897814;62.00;2679.00;24.00;81.75;14.11
3898121;62.00;2637.00;24.00;81.75;14.11
3898559;63.00;2713.00;24.00;81.75;14.11
3898999;63.00;2732.00;24.00;81.75;14.11
3899386;63.00;2791.00;24.00;81.75;14.21
3899774;65.00;2757.00;24.00;81.75;14.11
3900166;63.00;2687.00;24.00;81.75;14.02
3900558;63.00;2712.00;24.00;81.75;14.11
3900953;61.00;2620.00;24.00;81.75;14.21
3901347;60.00;2561.00;24.00;81.75;14.11
3901740;56.00;2409.00;24.00;81.75;14.21
3902131;52.00;2219.00;24.00;81.75;14.21
3902521;47.00;2053.00;24.00;81.75;14.21
3902908;43.00;1598.00;24.00;81.75;14.30
3903273;37.00;1407.00;24.00;81.75;14.39
3903666;35.00;1366.00;24.00;81.75;14.39
3904056;31.00;1383.00;24.00;81.75;14.39
3904495;28.00;1377.00;24.00;81.75;14.39
3904936;26.00;1319.00;24.00;81.75;14.39
3905375;25.00;1328.00;24.00;81.75;14.39
3905774;22.00;1333.00;24.00;81.75;14.39
3906163;20.00;1282.00;24.00;81.75;14.30
3906558;17.00;1322.00;24.00;81.75;14.49
3906951;16.00;1393.00;24.00;81.75;14.39
3907343;15.00;1328.00;24.00;81.75;14.39
3907731;13.00;1369.00;24.00;81.75;14.39
3908122;11.00;1313.00;24.00;81.75;14.39
3908561;11.00;1386.00;24.75;81.75;14.49
3909004;10.00;1317.00;24.75;81.75;14.30
3909448;8.00;1347.00;24.75;81.75;14.39
3909891;8.00;1327.00;24.75;81.75;14.39
3910246;7.00;1312.00;24.75;81.75;14.49
3910636;7.00;1293.00;24.75;81.75;14.39
3911022;7.00;1266.00;24.75;81.75;14.39
3911407;7.00;1259.00;24.75;82.50;14.39
3911847;7.00;1267.00;24.75;82.50;14.39
3912151;6.00;1320.00;24.75;82.50;14.30
3912542;6.00;1281.00;24.75;82.50;14.39
3912930;5.00;1292.00;24.75;82.50;14.39
3913369;5.00;1236.00;24.75;82.50;14.39
3913756;3.00;1270.00;24.75;82.50;14.49
3914147;3.00;1227.00;24.75;82.50;14.49
3914532;3.00;1288.00;24.75;82.50;14.30
3914920;3.00;1234.00;24.75;82.50;14.49
3915278;2.00;1277.00;24.75;82.50;14.30
3915669;2.00;1285.00;24.75;83.25;14.49
3916062;0;1240.00;24.75;83.25;14.39
3916453;0;1261.00;24.75;83.25;14.39
3916889;0;1284.00;24.75;83.25;14.49
3917197;0;1244.00;24.75;83.25;14.39
3917586;0;1266.00;24.75;83.25;14.49
3918024;0;1252.00;24.75;83.25;14.49
3918459;0;1261.00;24.75;83.25;14.39
3918846;0;1258.00;24.75;83.25;14.39
3919156;0;1266.00;24.75;83.25;14.39
3919542;0;1271.00;24.75;83.25;14.39
3919977;0;1247.00;24.75;84.00;14.39
3920363;0;1257.00;24.75;84.00;14.39
3920746;0;1244.00;24.75;84.00;14.39
3921185;0;1224.00;24.75;84.00;14.49
3921624;0;1227.00;24.75;84.00;14.39
3922063;0;1255.00;24.75;84.00;14.39
3922447;0;1239.00;24.75;84.00;14.30
3922834;0;1233.00;24.75;84.00;14.49
3923226;0;1255.00;24.75;84.00;14.39
3923615;0;1255.00;24.75;84.00;14.39
3924047;0;1238.00;24.75;84.00;14.49
3924452;0;1238.00;24.75;84.75;14.39
3924843;0;1224.00;24.75;84.75;14.49
3925149;0;1235.00;24.75;84.75;14.39
3925536;0;1218.00;24.75;84.75;14.39
3925920;0;1282.00;24.75;84.75;14.39
3926275;0;1237.00;24.75;84.75;14.39
3926661;0;1233.00;24.75;84.75;14.39
3927046;0;1226.00;24.75;84.75;14.39
3927431;0;1250.00;24.75;84.75;14.39
3927814;0;1271.00;24.75;84.75;14.39
3928197;0;1234.00;24.75;84.75;14.39
3928634;0;1144.00;24.75;84.75;14.49
3929020;0;1208.00;24.75;84.75;14.39
3929410;0;1205.00;24.75;84.75;14.39
3929795;0;1197.00;24.75;84.75;14.49
3930184;0;1257.00;24.75;84.75;14.49
3930619;0;1258.00;24.75;84.75;14.30
3931059;0;1248.00;24.75;85.50;14.49
3931503;0;1228.00;24.75;85.50;14.30
3931942;0;1241.00;24.75;85.50;14.49
3932250;0;1280.00;24.75;85.50;14.49
3932636;0;1255.00;24.75;85.50;14.39
3933073;0;1263.00;24.75;85.50;14.49
3933513;0;1265.00;24.75;85.50;14.39
3933952;0;1250.00;24.75;85.50;14.39
3934392;0;1197.00;24.75;85.50;14.49
3934831;0;1262.00;24.75;85.50;14.30
3935224;0;1216.00;24.75;85.50;14.39
3935613;0;1229.00;24.75;85.50;14.39
3935999;0;1241.00;24.75;85.50;14.49
3936385;0;1286.00;24.75;85.50;14.39
3936774;0;1250.00;24.75;85.50;14.49
3937212;0;1247.00;24.75;85.50;14.39
3937650;0;1263.00;24.75;85.50;14.49
3938089;0;1192.00;24.75;85.50;14.49
3938528;0;1225.00;24.75;85.50;14.30
3938916;0;1216.00;24.75;85.50;14.39
3939226;0;1234.00;24.75;85.50;14.49
3939664;0;1217.00;24.75;85.50;14.39
3940103;0;1254.00;24.75;85.50;14.49
3940541;0;1560.00;24.75;85.50;14.30
3940981;0;3695.00;24.75;85.50;14.11
3941374;10.00;3100.00;24.75;85.50;14.11
3941767;15.00;2871.00;24.75;85.50;14.21
3942159;21.00;2360.00;24.75;85.50;14.30
3942550;25.00;2297.00;24.75;84.75;14.21
3942996;26.00;2667.00;24.75;84.75;14.21
3943487;30.00;2427.00;24.75;84.75;14.21
3943928;31.00;2474.00;24.75;84.75;14.21
3944236;32.00;2551.00;24.75;84.75;14.21
3944627;32.00;2654.00;24.75;84.75;14.11
3945017;32.00;2491.00;24.75;84.75;14.21
3945407;32.00;2453.00;24.75;84.75;14.21
3945793;31.00;2413.00;24.75;84.75;14.21
3946184;30.00;2353.00;24.75;84.75;14.21
3946623;28.00;2310.00;24.75;84.00;14.30
3947070;26.00;2101.00;24.75;84.00;14.21
3947467;23.00;1874.00;24.75;84.00;14.30
3947858;22.00;1736.00;24.75;84.00;14.30
3948245;21.00;1718.00;24.75;84.00;14.21
3948689;21.00;1729.00;24.75;84.00;14.30
3949079;22.00;1998.00;24.75;84.00;14.30
3949523;26.00;2021.00;24.75;84.00;14.30
3949913;28.00;2256.00;24.75;84.00;14.11
3950224;31.00;2501.00;24.75;84.00;14.11
3950613;36.00;2773.00;24.75;84.00;14.21
3951005;37.00;2978.00;24.75;84.00;14.11
3951396;40.00;3157.00;24.75;84.00;14.11
3951784;42.00;3338.00;24.75;84.00;14.11
3952172;46.00;3555.00;24.75;84.00;14.11
3952565;48.00;3846.00;24.75;84.00;14.02
3952957;52.00;4067.00;24.75;84.00;14.11
3953270;53.00;3262.00;24.75;84.00;14.11
3953658;56.00;3407.00;24.75;84.00;14.21
3954101;57.00;3534.00;24.75;84.00;14.11
3954496;58.00;3610.00;24.75;84.00;14.11
3954885;60.00;3637.00;24.75;84.00;14.11
3955192;60.00;3593.00;24.75;84.00;14.11
3955581;57.00;3564.00;24.75;84.00;14.21
3955973;57.00;3481.00;24.75;84.00;14.11
3956283;56.00;3469.00;24.75;84.00;14.11
3956723;56.00;3441.00;24.75;84.00;14.11
3957159;56.00;3446.00;24.75;84.00;14.11
3957595;55.00;3360.00;24.75;84.00;14.21
3957987;53.00;3280.00;24.75;84.00;14.02
3958379;52.00;3184.00;24.75;84.00;14.21
3958770;52.00;3303.00;24.75;84.00;14.02
3959160;52.00;3239.00;24.75;84.00;14.11
3959548;53.00;3322.00;24.75;84.00;14.11
3959934;55.00;3366.00;24.75;84.00;14.11
3960243;53.00;3301.00;24.75;84.00;14.11
3960632;55.00;3515.00;24.75;84.00;14.11
3961020;55.00;3376.00;24.75;84.00;14.21
3961407;56.00;3420.00;24.75;84.00;14.11
3961799;56.00;3443.00;24.75;84.00;14.11
3962184;57.00;3511.00;24.75;84.00;14.21
3962576;57.00;3524.00;24.75;84.00;14.11
3962963;57.00;3539.00;24.75;83.25;14.11
3963322;58.00;3591.00;24.75;83.25;14.11
3963716;58.00;3623.00;24.75;83.25;14.11
3964101;60.00;3679.00;24.75;83.25;14.11
3964492;60.00;3682.00;24.75;83.25;14.02
3964930;60.00;3702.00;24.75;83.25;14.02
3965234;61.00;3664.00;24.75;83.25;14.11
3965627;61.00;3747.00;24.75;83.25;14.11
3966013;61.00;3747.00;24.75;83.25;14.11
3966396;61.00;3696.00;24.75;83.25;14.02
3966784;62.00;3793.00;24.75;83.25;14.11
3967175;62.00;3480.00;24.75;83.25;14.11
3967561;62.00;3443.00;24.75;83.25;14.21
3967949;63.00;3297.00;24.75;82.50;14.11
3968262;63.00;3311.00;24.75;82.50;14.21
3968701;65.00;3375.00;24.75;82.50;14.02
3969093;65.00;3364.00;24.75;82.50;14.02
3969528;65.00;3362.00;24.75;82.50;14.21
3969917;65.00;3339.00;24.75;82.50;14.21
3970222;63.00;3345.00;24.75;82.50;14.11
3970665;63.00;3334.00;24.75;82.50;14.02
3971106;63.00;3318.00;24.75;82.50;14.21
3971544;63.00;3297.00;24.75;82.50;14.11
3972000;63.00;3309.00;24.75;82.50;14.21
3972308;63.00;3256.00;24.75;82.50;14.21
3972744;63.00;3246.00;24.75;82.50;14.21
3973180;63.00;3294.00;24.75;82.50;14.11
3973570;65.00;3359.00;24.75;82.50;14.11
3973958;65.00;3408.00;24.75;81.75;14.11
3974317;65.00;3417.00;24.75;81.75;14.02
3974757;65.00;3378.00;24.75;81.75;14.02
3975195;66.00;3427.00;24.75;81.75;14.11
3975591;66.00;3449.00;24.75;81.75;14.21
3975983;66.00;3426.00;24.75;81.75;14.21
3976288;65.00;3379.00;24.75;81.75;14.11
3976681;65.00;3340.00;24.75;81.75;14.21
3977070;63.00;3361.00;24.75;81.75;14.21
3977459;63.00;3303.00;24.75;81.75;14.21
3977850;65.00;3340.00;24.75;81.75;14.11
3978244;63.00;3291.00;24.75;81.75;14.21
3978636;63.00;3273.00;24.75;81.75;14.21
3979022;62.00;3253.00;24.75;81.75;14.21
3979462;62.00;3220.00;24.75;81.75;14.11
3979851;61.00;3181.00;24.75;81.75;14.21
3980243;61.00;3180.00;24.75;81.00;14.21
3980631;61.00;3161.00;24.75;81.00;14.21
3981015;61.00;3118.00;24.75;81.00;14.21
3981400;60.00;3144.00;24.75;81.00;14.21
3981839;60.00;3116.00;24.75;81.00;14.11
3982280;60.00;3081.00;24.75;81.00;14.11
3982715;58.00;3071.00;24.75;81.00;14.21
3983157;58.00;3054.00;24.75;81.00;14.21
3983592;57.00;3018.00;24.75;81.00;14.11
3983983;58.00;3003.00;24.75;81.00;14.11
3984341;57.00;3006.00;24.75;81.00;14.11
3984781;57.00;2995.00;24.75;81.00;14.11
3985216;58.00;3077.00;24.75;81.00;14.21
3985608;58.00;3088.00;24.75;81.00;14.11
3986051;60.00;3087.00;24.75;81.00;14.21
3986443;60.00;3100.00;24.75;81.00;14.02
3986832;60.00;3148.00;24.75;81.00;14.11
3987221;60.00;3123.00;24.75;81.00;14.21
3987611;60.00;3120.00;24.75;81.00;14.11
3988001;58.00;3052.00;24.75;81.00;14.11
3988361;58.00;3069.00;24.75;81.00;14.11
3988749;58.00;3045.00;24.75;81.00;14.21
3989137;58.00;3046.00;24.75;81.00;14.21
3989573;57.00;3008.00;24.75;81.00;14.21
3989966;57.00;2995.00;24.75;81.00;14.21
3990272;57.00;2981.00;24.75;81.00;14.21
3990708;57.00;3011.00;24.75;81.00;14.21
3991094;57.00;2947.00;24.75;81.00;14.21
3991480;55.00;2921.00;24.75;81.00;14.11
3991873;53.00;2813.00;24.75;81.00;14.11
3992261;52.00;2725.00;24.75;81.00;14.11
3992651;51.00;2658.00;24.75;81.00;14.11
3993091;51.00;2636.00;24.75;81.00;14.11
3993532;51.00;2659.00;24.75;81.00;14.21
3993972;51.00;2603.00;24.75;81.00;14.11
3994280;50.00;2601.00;24.75;81.00;14.11
3994672;50.00;2652.00;24.75;81.00;14.21
3995060;51.00;2676.00;24.75;81.00;14.21
3995450;53.00;2762.00;24.75;81.00;14.21
3995841;55.00;2834.00;24.75;81.00;14.21
3996232;55.00;2743.00;24.75;81.00;14.21
3996621;55.00;2862.00;24.75;81.00;14.02
3997012;55.00;2827.00;24.75;81.00;14.21
3997319;53.00;2792.00;24.75;81.00;14.11
3997713;53.00;2751.00;24.75;81.00;14.11
3998097;52.00;3202.00;24.75;81.00;14.11
3998521;50.00;3103.00;24.75;81.00;14.11
3998910;46.00;2883.00;24.75;81.00;14.11
3999300;42.00;2617.00;24.75;81.00;14.21
3999691;38.00;2357.00;24.75;81.00;14.30
4000088;36.00;2201.00;24.75;81.00;14.30
4000478;35.00;2149.00;24.75;81.00;14.21
4000871;35.00;2071.00;24.75;81.00;14.21
4001255;35.00;2344.00;24.75;81.00;14.21
4001640;36.00;2195.00;24.75;81.00;14.11
4002033;36.00;2264.00;24.75;81.00;14.11
4002339;38.00;2364.00;24.75;81.00;14.21
4002729;40.00;2472.00;24.75;81.00;14.21
4003117;41.00;2559.00;24.75;81.00;14.21
4003506;42.00;2647.00;24.75;81.00;14.21
4003947;43.00;2663.00;24.75;81.00;14.11
4004260;45.00;2745.00;24.75;81.00;14.21
4004652;46.00;2812.00;24.75;81.00;14.21
4005040;45.00;2701.00;24.75;81.00;14.02
4005432;43.00;2736.00;24.75;81.00;14.11
4005823;42.00;2612.00;24.75;81.00;14.21
4006219;42.00;2495.00;24.75;81.00;14.11
4006608;40.00;2419.00;24.75;81.00;14.11
4006996;38.00;2373.00;24.75;81.00;14.11
4007305;36.00;2261.00;24.75;81.75;14.21
4007701;36.00;2211.00;24.75;81.75;14.30
4008091;35.00;2201.00;24.75;81.75;14.21
4008533;35.00;2064.00;24.75;81.75;14.21
4008922;33.00;2130.00;24.75;81.75;14.02
4009364;33.00;1997.00;24.75;81.75;14.21
4009803;31.00;1965.00;24.75;81.75;14.21
4010191;31.00;1827.00;24.75;81.75;14.30
4010580;30.00;1967.00;24.75;81.75;14.30
4010968;28.00;2292.00;24.75;81.75;14.21
4011282;28.00;2246.00;24.75;81.75;14.21
4011667;28.00;2249.00;24.75;81.75;14.21
4012052;27.00;2160.00;24.75;81.75;14.21
4012492;27.00;2162.00;24.75;81.75;14.21
4012876;26.00;2035.00;24.75;81.75;14.21
4013265;26.00;2057.00;24.75;82.50;14.21
4013659;26.00;2110.00;24.75;82.50;14.30
4014049;26.00;2018.00;24.75;82.50;14.21
4014407;25.00;2033.00;24.75;82.50;14.21
4014800;26.00;2045.00;24.75;82.50;14.21
4015240;26.00;2041.00;24.75;82.50;14.30
4015680;26.00;2085.00;24.75;82.50;14.21
4016069;27.00;2029.00;24.75;82.50;14.21
4016458;28.00;2195.00;24.75;82.50;14.21
4016847;28.00;2284.00;24.75;82.50;14.21
4017231;31.00;2416.00;24.75;82.50;14.11
4017674;32.00;2605.00;24.75;82.50;14.11
4018064;36.00;2804.00;24.75;83.25;14.02
4018510;38.00;3058.00;24.75;83.25;14.21
4018904;42.00;3209.00;24.75;83.25;14.11
4019296;43.00;3426.00;24.75;83.25;14.11
4019700;45.00;3152.00;24.75;83.25;14.11
4020139;43.00;2803.00;24.75;83.25;14.21
4020581;43.00;2755.00;24.75;83.25;14.11
4020970;43.00;2766.00;24.75;83.25;14.21
4021278;43.00;2711.00;24.75;83.25;14.11
4021669;43.00;2699.00;24.75;83.25;14.11
4022056;43.00;2631.00;24.75;83.25;14.21
4022369;42.00;2637.00;24.75;83.25;14.21
4022758;43.00;2578.00;24.75;84.00;14.21
4023150;42.00;2526.00;24.75;84.00;14.11
4023542;41.00;2513.00;24.75;84.00;14.21
4023935;40.00;2448.00;24.75;84.00;14.21
4024323;40.00;2548.00;24.75;84.00;14.21
4024709;41.00;2521.00;24.75;84.00;14.11
4025103;40.00;2480.00;24.75;84.00;14.21
4025494;40.00;2429.00;24.75;84.00;14.30
4025882;38.00;2437.00;24.75;84.00;14.21
4026325;37.00;2299.00;24.75;84.00;14.21
4026717;35.00;2176.00;24.75;84.00;14.21
4027108;31.00;1924.00;24.75;84.00;14.30
4027551;28.00;1702.00;24.75;84.00;14.39
4027944;26.00;1634.00;24.75;84.00;14.39
4028335;26.00;1420.00;24.75;84.00;14.30
4028774;26.00;2057.00;24.75;84.00;14.30
4029210;25.00;2020.00;24.75;84.00;14.30
4029600;26.00;2142.00;24.75;84.00;14.21
4029994;27.00;1922.00;24.75;84.00;14.30
4030306;26.00;2342.00;24.75;84.00;14.21
4030698;27.00;2193.00;24.75;84.00;14.11
4031089;28.00;2284.00;24.75;84.00;14.11
4031478;30.00;2311.00;24.75;84.00;14.21
4031870;30.00;2317.00;24.75;84.00;14.21
4032255;30.00;2332.00;24.75;84.00;14.21
4032690;30.00;2363.00;24.75;84.00;14.21
4033075;30.00;2386.00;24.75;84.00;14.30
4033463;30.00;2399.00;24.75;84.00;14.11
4033851;31.00;2404.00;24.75;84.00;14.11
4034241;31.00;2422.00;24.75;84.00;14.21
4034633;31.00;2456.00;24.75;84.00;14.11
4035071;31.00;2464.00;24.75;84.00;14.21
4035380;32.00;2502.00;24.75;84.00;14.21
4035767;32.00;2519.00;24.75;84.00;14.21
4036151;32.00;2548.00;24.75;84.00;14.21
4036588;32.00;2559.00;24.75;84.00;14.21
4037023;33.00;2631.00;24.75;84.00;14.21
4037333;33.00;2595.00;24.75;84.00;14.21
4037718;33.00;2643.00;24.75;84.00;14.11
4038158;33.00;2659.00;24.75;84.00;14.11
4038593;33.00;2680.00;24.75;84.00;14.21
4038981;33.00;2665.00;24.75;84.00;14.11
4039289;35.00;2720.00;24.75;84.00;14.21
4039731;35.00;2735.00;24.75;84.00;14.21
4040166;35.00;2782.00;24.75;84.00;14.11
4040606;36.00;2832.00;24.75;84.00;14.11
4041045;36.00;2797.00;24.75;84.00;14.21
4041352;36.00;2860.00;24.75;84.00;14.21
4041740;36.00;2875.00;24.75;84.00;14.21
4042124;37.00;2909.00;24.75;84.00;14.11
4042521;37.00;2943.00;24.75;84.00;14.02
4042960;37.00;2935.00;24.75;84.00;14.21
4043400;37.00;2963.00;24.75;84.00;14.21
4043835;37.00;2928.00;24.75;84.00;14.21
4044220;37.00;2941.00;24.75;84.00;14.11
4044616;38.00;2961.00;24.75;84.00;14.11
4045004;38.00;3025.00;24.75;84.00;14.11
4045359;37.00;3021.00;24.75;84.00;14.11
4045746;37.00;2970.00;24.75;84.00;14.11
4046132;37.00;2948.00;24.75;83.25;14.11
4046523;36.00;2804.00;24.75;83.25;14.11
4046911;35.00;2827.00;24.75;83.25;14.11
4047351;35.00;2690.00;24.75;83.25;14.21
4047790;33.00;2643.00;24.75;83.25;14.21
4048228;33.00;2597.00;24.75;83.25;14.21
4048614;33.00;2583.00;24.75;83.25;14.21
4049000;32.00;2599.00;24.75;83.25;14.11
4049311;31.00;2437.00;24.75;83.25;14.21
4049754;30.00;2283.00;24.75;83.25;14.21
4050193;27.00;2116.00;24.75;83.25;14.21
4050632;26.00;2034.00;24.75;83.25;14.21
4051071;25.00;1930.00;24.75;83.25;14.30
4051383;25.00;1933.00;24.75;83.25;14.21
4051771;25.00;1778.00;24.75;83.25;14.30
4052161;23.00;1886.00;24.75;83.25;14.30
4052552;22.00;1762.00;24.75;83.25;14.21
4052947;21.00;1651.00;24.75;83.25;14.30
4053339;20.00;1429.00;24.75;83.25;14.39
4053732;18.00;1353.00;24.75;83.25;14.30
4054123;16.00;1387.00;24.75;83.25;14.39
4054517;13.00;1373.00;24.75;83.25;14.30
4054909;13.00;1340.00;24.75;83.25;14.30
4055293;12.00;1315.00;24.75;83.25;14.39
4055684;11.00;1398.00;24.75;83.25;14.21
4056126;10.00;1257.00;24.75;83.25;14.39
4056570;10.00;1340.00;24.75;84.00;14.39
4057008;10.00;1278.00;24.75;84.00;14.39
4057311;8.00;1456.00;24.75;84.00;14.30
4057702;10.00;1607.00;24.75;84.00;14.30
4058096;11.00;1690.00;24.75;84.00;14.21
4058410;12.00;1950.00;24.75;84.00;14.21
4058806;12.00;1318.00;24.75;84.00;14.39
4059195;12.00;1355.00;24.75;84.00;14.39
4059579;11.00;1374.00;24.75;84.00;14.49
4059973;11.00;1281.00;24.75;84.00;14.39
4060361;11.00;1534.00;24.75;84.00;14.30
4060756;12.00;1654.00;24.75;84.00;14.30
4061197;13.00;1533.00;24.75;84.00;14.39
4061640;13.00;1401.00;24.75;84.00;14.39
4062077;12.00;1456.00;24.75;84.00;14.39
4062385;12.00;1420.00;24.75;84.00;14.30
4062774;12.00;1431.00;24.75;84.75;14.39
4063166;11.00;1302.00;24.75;84.75;14.39
4063556;11.00;1534.00;24.75;84.75;14.30
4063947;12.00;2135.00;24.75;84.75;14.21
4064342;12.00;1399.00;24.75;84.75;14.39
4064730;12.00;1384.00;24.75;84.75;14.39
4065166;13.00;1517.00;24.75;84.75;14.30
4065558;12.00;1340.00;24.75;84.75;14.39
4066001;11.00;1408.00;24.75;84.75;14.49
4066445;11.00;1363.00;24.75;84.75;14.30
4066835;10.00;1326.00;24.75;84.75;14.39
4067240;8.00;1332.00;24.75;84.75;14.30
4067633;8.00;1252.00;24.75;84.75;14.39
4068022;8.00;1336.00;24.75;84.75;14.49
4068332;7.00;1187.00;24.75;84.75;14.49
4068771;7.00;1259.00;24.75;84.75;14.39
4069212;6.00;1224.00;24.75;84.75;14.39
4069652;5.00;1263.00;24.75;85.50;14.49
4070097;5.00;1265.00;24.75;85.50;14.49
4070402;6.00;1224.00;24.75;85.50;14.21
4070794;5.00;1267.00;24.75;85.50;14.39
4071186;3.00;1218.00;24.75;85.50;14.39
4071576;6.00;2331.00;24.75;85.50;14.21
4071967;5.00;2428.00;24.75;85.50;14.21
4072371;3.00;1376.00;24.75;85.50;14.39
4072814;5.00;1332.00;24.75;85.50;14.30
4073206;5.00;1552.00;24.75;85.50;14.30
4073591;8.00;1826.00;24.75;85.50;14.30
4073979;7.00;1399.00;24.75;85.50;14.39
4074373;8.00;1331.00;24.75;85.50;14.39
4074761;7.00;1229.00;24.75;85.50;14.39
4075150;8.00;1285.00;24.75;85.50;14.39
4075538;8.00;1303.00;24.75;85.50;14.30
4075976;8.00;1369.00;24.75;85.50;14.39
4076364;7.00;1267.00;24.75;85.50;14.39
4076754;6.00;1280.00;24.75;85.50;14.39
4077143;5.00;1229.00;24.75;85.50;14.39
4077530;5.00;1274.00;24.75;85.50;14.39
4077916;3.00;1211.00;24.75;85.50;14.39
4078355;3.00;1302.00;24.75;85.50;14.49
4078794;3.00;1273.00;24.75;85.50;14.49
4079230;5.00;1454.00;24.75;85.50;14.30
4079673;6.00;1479.00;24.75;85.50;14.30
4080062;7.00;1445.00;24.75;85.50;14.39
4080374;8.00;1602.00;24.75;85.50;14.30
4080766;8.00;1342.00;24.75;85.50;14.39
4081153;10.00;1399.00;24.75;85.50;14.39
4081548;10.00;1426.00;24.75;85.50;14.30
4081938;10.00;1382.00;24.75;85.50;14.30
4082324;10.00;1379.00;24.75;85.50;14.30
4082760;10.00;1358.00;24.75;85.50;14.30
4083144;10.00;1401.00;24.75;85.50;14.39
4083530;8.00;1320.00;24.75;85.50;14.39
4083970;8.00;1379.00;24.75;85.50;14.39
4084358;7.00;1250.00;24.75;85.50;14.49
4084801;7.00;1271.00;24.75;85.50;14.39
4085188;6.00;1274.00;24.75;85.50;14.39
4085576;6.00;1257.00;24.75;85.50;14.39
4085959;5.00;1267.00;24.75;85.50;14.39
4086349;5.00;1253.00;24.75;85.50;14.49
4086739;5.00;1270.00;24.75;85.50;14.39
4087178;5.00;1257.00;24.75;85.50;14.49
4087616;6.00;1233.00;24.75;85.50;14.39
4088059;6.00;1248.00;24.75;85.50;14.39
4088364;5.00;1218.00;24.75;85.50;14.39
4088751;5.00;1227.00;24.75;86.25;14.49
4089143;2.00;1240.00;24.75;86.25;14.39
4089454;0;1216.00;24.75;86.25;14.39
4089841;0;1235.00;24.75;86.25;14.49
4090228;0;1272.00;24.75;86.25;14.30
4090615;0;1256.00;24.75;86.25;14.39
4091004;0;1264.00;24.75;86.25;14.39
4091444;0;1215.00;24.75;86.25;14.39
4091879;0;1203.00;24.75;86.25;14.39
4092261;0;1267.00;24.75;86.25;14.49
4092650;0;1231.00;24.75;86.25;14.39
4093042;0;1205.00;24.75;86.25;14.39
4093430;0;1239.00;24.75;86.25;14.39
4093867;0;1244.00;24.75;86.25;14.39
4094252;0;1239.00;24.75;86.25;14.49
4094644;0;1236.00;24.75;86.25;14.39
4095034;0;1241.00;24.75;86.25;14.39
4095417;0;1234.00;24.75;86.25;14.49
4095804;0;1243.00;24.75;86.25;14.49
4096189;0;1276.00;24.75;86.25;14.39
4096577;0;1270.00;24.75;86.25;14.49
4096966;0;1265.00;24.75;86.25;14.39
4097354;0;1242.00;24.75;86.25;14.39
4097739;0;1233.00;24.75;86.25;14.39
4098175;0;1264.00;24.75;87.00;14.39
4098564;0;1250.00;24.75;87.00;14.49
4098954;0;1246.00;24.75;87.00;14.39
4099341;0;1239.00;24.75;87.00;14.49
4099729;0;1237.00;24.75;87.00;14.30
4100169;0;1230.00;24.75;87.00;14.49
4100606;0;1264.00;24.75;87.00;14.39
4100996;0;1250.00;24.75;87.00;14.39
4101434;0;1231.00;24.75;87.00;14.49
4101822;0;1214.00;24.75;87.00;14.39
4102210;0;1243.00;24.75;87.00;14.39
4102597;0;1251.00;24.75;87.00;14.30
