##;##
#2011-09-08 08:02:55
#GS-911 Mobile WM5 V1009.2
#F800GS
#BMS-KP2
Time (ms);Speed( km/h);RPM;Intake air temperature( °C);Engine temperature( °C);Battery voltage( V)
285;0;1235.00;31.50;83.25;14.39
650;0;1254.00;31.50;83.25;14.39
1011;0;1299.00;31.50;83.25;14.39
1373;0;3518.00;31.50;83.25;14.11
1738;0;2632.00;31.50;84.00;14.11
2104;0;1679.00;31.50;84.00;14.30
2468;6.00;1298.00;31.50;84.00;14.30
2883;6.00;1505.00;31.50;84.00;14.30
3215;6.00;1683.00;31.50;84.00;14.30
3577;8.00;1721.00;31.50;84.00;14.30
3942;10.00;1652.00;31.50;84.00;14.30
4312;10.00;1215.00;31.50;84.00;14.30
4725;12.00;1432.00;31.50;84.00;13.73
5092;13.00;1453.00;31.50;84.00;14.02
5512;11.00;1364.00;31.50;84.00;14.11
5880;12.00;1370.00;31.50;84.00;14.39
6168;13.00;1576.00;31.50;84.00;14.21
6536;17.00;1926.00;31.50;84.00;14.30
6956;20.00;2180.00;31.50;84.00;14.21
7326;22.00;2543.00;31.50;84.00;14.11
7696;26.00;2897.00;31.50;84.75;14.11
8063;33.00;3773.00;31.50;84.75;14.11
8429;30.00;3112.00;31.50;84.75;14.11
8795;26.00;2901.00;31.50;84.75;13.92
9171;25.00;2931.00;31.50;84.75;14.11
9595;26.00;2766.00;31.50;84.75;14.21
9962;23.00;2589.00;31.50;84.75;14.11
10381;22.00;2436.00;31.50;84.75;14.21
10750;20.00;2245.00;31.50;84.75;14.21
11116;20.00;2082.00;31.50;84.75;14.21
11528;17.00;1942.00;31.50;84.75;14.30
11897;15.00;1756.00;31.50;84.75;14.21
12184;12.00;1464.00;31.50;84.75;14.21
12600;11.00;1294.00;31.50;84.75;14.39
12967;8.00;1300.00;31.50;84.75;14.39
13385;7.00;1282.00;31.50;84.75;14.30
13804;6.00;1250.00;31.50;85.50;14.39
14177;6.00;1237.00;31.50;85.50;14.39
14538;3.00;1248.00;31.50;85.50;14.39
14903;0;1239.00;31.50;85.50;14.30
15189;0;1254.00;31.50;85.50;14.30
15601;0;1201.00;31.50;85.50;14.39
15967;0;1205.00;31.50;85.50;14.21
16383;0;1241.00;31.50;85.50;14.39
16747;0;1171.00;31.50;85.50;14.30
17162;0;1269.00;31.50;85.50;14.39
17526;0;1269.00;31.50;85.50;14.39
17882;0;1240.00;31.50;85.50;14.39
18164;0;1556.00;31.50;85.50;14.21
18584;0;1954.00;31.50;85.50;14.21
18946;0;1664.00;31.50;85.50;14.30
19311;0;1680.00;31.50;85.50;14.21
19728;10.00;1553.00;31.50;85.50;14.30
20102;11.00;1579.00;31.50;85.50;14.39
20469;10.00;1426.00;31.50;85.50;14.30
20838;11.00;1346.00;31.50;85.50;14.21
21208;10.00;1356.00;31.50;85.50;14.39
21629;8.00;1285.00;31.50;85.50;14.39
22044;8.00;1266.00;31.50;85.50;14.30
22410;7.00;1253.00;31.50;85.50;14.39
22780;7.00;1165.00;31.50;85.50;14.39
23144;7.00;1220.00;31.50;85.50;14.39
23507;7.00;1352.00;31.50;85.50;14.30
23873;8.00;1369.00;31.50;85.50;14.30
24158;10.00;1436.00;31.50;85.50;14.02
24530;11.00;1457.00;31.50;86.25;14.11
24953;12.00;1469.00;31.50;86.25;14.21
25243;12.00;1289.00;31.50;86.25;14.39
25606;12.00;1356.00;31.50;86.25;14.39
25968;12.00;1260.00;31.50;86.25;14.39
26328;10.00;1300.00;31.50;86.25;14.02
26695;7.00;1227.00;31.50;86.25;13.92
27064;6.00;1606.00;31.50;86.25;14.21
27486;7.00;1572.00;31.50;86.25;14.30
27857;6.00;1374.00;31.50;86.25;13.92
28225;5.00;1258.00;31.50;86.25;14.30
28594;3.00;1244.00;31.50;86.25;14.39
28962;2.00;1216.00;31.50;86.25;14.39
29377;0;3345.00;31.50;86.25;14.02
29750;0;3117.00;30.75;86.25;14.11
30119;17.00;2371.00;30.75;86.25;14.21
30494;21.00;2628.00;30.75;86.25;14.21
30859;18.00;2959.00;30.75;86.25;14.11
31226;22.00;2907.00;30.75;86.25;14.11
31591;27.00;3054.00;30.75;86.25;14.11
31956;32.00;3486.00;30.75;86.25;13.92
32244;38.00;4200.00;30.75;86.25;14.02
32613;46.00;5110.00;30.75;86.25;14.02
33029;53.00;5961.00;30.75;86.25;14.02
33395;56.00;5113.00;30.75;86.25;13.92
33762;62.00;4858.00;30.75;86.25;14.02
34131;67.00;5262.00;30.75;86.25;14.02
34496;68.00;4207.00;30.75;86.25;14.02
34861;70.00;4285.00;30.75;86.25;14.02
35301;70.00;4261.00;30.75;86.25;14.02
35664;67.00;4149.00;30.75;86.25;14.11
36082;66.00;3959.00;30.75;86.25;14.11
36449;63.00;3882.00;30.75;86.25;14.02
36817;61.00;3780.00;30.75;86.25;14.11
37236;60.00;3614.00;30.75;86.25;14.11
37603;57.00;3514.00;30.75;86.25;14.11
37974;56.00;3391.00;30.75;86.25;14.11
38309;53.00;3285.00;30.75;86.25;14.11
38675;52.00;3144.00;30.75;86.25;14.11
39090;48.00;2953.00;30.75;86.25;14.02
39530;45.00;2721.00;30.75;86.25;14.11
39898;42.00;2576.00;30.75;86.25;14.11
40234;38.00;2355.00;30.75;86.25;14.11
40598;35.00;2152.00;30.75;86.25;14.21
41017;31.00;1927.00;30.75;86.25;14.21
41383;28.00;1820.00;30.75;86.25;14.21
41748;26.00;1420.00;30.75;85.50;14.39
42122;22.00;1289.00;30.75;85.50;14.39
42537;21.00;1679.00;30.75;85.50;14.30
42907;18.00;1524.00;30.75;85.50;14.21
43195;17.00;1304.00;30.75;85.50;14.39
43564;16.00;1293.00;30.75;85.50;14.30
43933;16.00;1271.00;30.75;85.50;14.39
44216;13.00;1300.00;30.75;85.50;14.30
44584;12.00;1288.00;30.75;85.50;14.39
44953;11.00;1249.00;30.75;85.50;14.39
45240;8.00;1263.00;30.75;85.50;14.39
45604;6.00;1279.00;30.75;85.50;14.39
45972;6.00;1233.00;30.75;85.50;14.39
46303;3.00;1277.00;30.75;85.50;14.39
46666;3.00;1266.00;30.75;85.50;14.39
47026;0;1258.00;30.75;85.50;14.39
47391;0;1235.00;30.75;85.50;14.30
47756;0;1253.00;30.75;85.50;14.39
48121;0;1253.00;30.75;85.50;14.30
48481;0;1256.00;30.75;85.50;14.30
48842;0;1173.00;30.75;85.50;14.39
49205;0;1298.00;30.75;85.50;14.39
49566;0;1287.00;30.75;85.50;14.49
49936;0;1233.00;30.75;85.50;14.30
50222;0;1229.00;30.75;85.50;14.39
50587;0;1249.00;30.75;85.50;14.39
50997;0;1274.00;30.75;85.50;14.39
51358;0;1259.00;30.75;85.50;14.30
51722;0;1220.00;30.75;85.50;14.39
52087;0;1234.00;30.75;85.50;14.39
52498;0;1249.00;30.75;85.50;14.39
52911;0;1229.00;30.75;85.50;14.30
53346;0;1244.00;30.75;85.50;14.39
53723;0;1230.00;30.75;85.50;14.39
54085;0;1239.00;30.75;85.50;14.39
54499;0;1206.00;30.75;85.50;14.30
54915;0;1245.00;30.75;85.50;14.39
55198;0;1231.00;30.75;85.50;14.30
55562;0;1204.00;30.75;85.50;14.30
55923;0;1251.00;30.75;85.50;14.39
56210;0;1229.00;30.75;85.50;14.49
56574;0;1244.00;30.75;85.50;14.39
56988;0;1214.00;30.75;85.50;14.39
57267;0;1287.00;30.75;85.50;14.39
57629;0;1253.00;30.75;85.50;14.49
58003;0;1264.00;30.75;85.50;14.39
58287;0;1283.00;30.75;85.50;14.39
58647;0;1231.00;30.75;85.50;14.39
59058;0;1246.00;30.75;85.50;14.39
59419;0;1244.00;30.75;85.50;14.39
59785;0;1256.00;30.75;85.50;14.39
60146;0;1232.00;30.75;85.50;14.49
60510;0;1245.00;30.75;85.50;14.30
60874;0;1251.00;30.75;85.50;14.39
61239;0;1254.00;30.75;85.50;14.30
61604;0;1257.00;30.75;85.50;14.39
61969;0;1234.00;30.75;85.50;14.39
62248;0;1253.00;30.75;85.50;14.30
62612;0;1250.00;30.75;85.50;14.30
63024;0;1251.00;30.75;85.50;14.39
63386;0;1244.00;30.75;85.50;14.30
63752;0;1218.00;30.75;85.50;14.39
64167;0;1212.00;30.75;85.50;14.39
64529;0;1227.00;30.75;85.50;14.49
64894;0;1239.00;30.75;85.50;14.39
65308;0;1283.00;30.75;85.50;14.39
65721;0;1700.00;30.75;85.50;14.11
66088;0;2261.00;30.75;85.50;14.11
66499;0;2099.00;30.75;86.25;14.21
66866;15.00;2166.00;30.75;86.25;14.21
67252;21.00;2360.00;30.75;86.25;14.21
67617;27.00;2980.00;30.75;86.25;14.11
67985;31.00;3438.00;30.75;86.25;14.11
68268;32.00;3263.00;30.75;86.25;14.02
68636;37.00;2932.00;30.75;86.25;14.02
69001;41.00;3174.00;30.75;86.25;14.11
69290;45.00;3496.00;30.75;86.25;14.02
69660;48.00;3764.00;30.75;86.25;14.02
70023;52.00;4109.00;30.75;86.25;14.02
70390;53.00;3415.00;30.75;86.25;14.11
70758;56.00;3440.00;30.75;86.25;14.11
71122;58.00;3615.00;30.75;86.25;14.11
71487;61.00;3782.00;30.75;86.25;13.92
71856;63.00;3935.00;30.75;86.25;13.92
72223;65.00;3621.00;30.75;86.25;14.02
72592;66.00;3463.00;30.75;86.25;13.92
72963;67.00;3547.00;30.75;86.25;14.11
73249;70.00;3663.00;30.75;86.25;14.02
73669;72.00;3783.00;30.75;86.25;13.92
74038;75.00;3887.00;30.75;86.25;13.92
74454;76.00;3930.00;30.75;86.25;14.02
74823;77.00;3561.00;30.75;86.25;14.11
75243;78.00;3654.00;30.75;86.25;14.11
75609;80.00;3696.00;30.75;86.25;14.11
75975;81.00;3742.00;30.75;85.50;14.11
76263;80.00;3591.00;30.75;85.50;14.02
76681;81.00;3412.00;30.75;85.50;14.11
77050;81.00;3435.00;30.75;85.50;14.11
77411;81.00;3430.00;30.75;85.50;14.11
77823;81.00;3462.00;30.75;85.50;14.02
78197;81.00;3486.00;30.75;85.50;14.11
78563;81.00;3487.00;30.75;85.50;14.02
78928;82.00;3479.00;30.75;85.50;14.11
79268;82.00;3516.00;30.75;85.50;14.02
79637;82.00;3500.00;30.75;85.50;13.92
80002;82.00;3497.00;30.75;84.75;14.11
80358;81.00;3480.00;30.75;84.75;14.02
80726;81.00;3462.00;30.75;84.75;14.11
81142;81.00;3441.00;30.75;84.75;14.11
81554;80.00;3453.00;30.75;84.75;14.02
81973;80.00;3362.00;30.75;84.75;14.02
82260;78.00;3363.00;30.75;84.75;14.02
82679;78.00;3365.00;30.75;84.75;14.11
83096;80.00;3398.00;30.75;84.00;14.11
83515;80.00;3401.00;30.75;84.00;14.02
83880;80.00;3409.00;30.75;84.00;14.11
84567;80.00;3436.00;30.75;84.00;14.11
84928;80.00;3454.00;30.75;84.00;14.02
85294;81.00;3423.00;30.75;84.00;14.11
85663;81.00;3417.00;30.75;83.25;14.11
86029;80.00;3406.00;30.75;83.25;14.11
86313;80.00;3422.00;30.75;83.25;14.11
86724;81.00;3426.00;30.75;83.25;14.02
87144;81.00;3457.00;30.75;83.25;14.02
87556;81.00;3471.00;30.00;83.25;14.11
87925;82.00;3503.00;30.00;83.25;14.02
88343;82.00;3502.00;30.00;83.25;14.11
88757;82.00;3518.00;30.00;82.50;14.02
89127;83.00;3524.00;30.00;82.50;14.11
89497;82.00;3517.00;30.00;82.50;14.11
89880;83.00;3540.00;30.00;82.50;14.02
90255;82.00;3524.00;30.00;82.50;14.11
90626;83.00;3522.00;30.00;82.50;14.11
90990;83.00;3556.00;30.00;82.50;14.11
91271;85.00;3574.00;30.00;82.50;14.11
91637;83.00;3566.00;30.00;82.50;14.11
92004;85.00;3593.00;30.00;82.50;14.11
92339;85.00;3571.00;30.00;81.75;14.11
92702;85.00;3552.00;30.00;81.75;14.11
93065;83.00;3564.00;30.00;81.75;14.11
93429;83.00;3560.00;30.00;81.75;14.02
93793;83.00;3540.00;30.00;81.75;14.11
94158;82.00;3467.00;30.00;81.75;14.11
94522;81.00;3435.00;30.00;81.75;14.11
94887;81.00;3519.00;30.00;81.75;13.92
95257;81.00;3450.00;30.00;81.75;14.11
95622;81.00;3434.00;30.00;81.75;14.11
95983;81.00;3419.00;30.00;81.75;14.02
96267;80.00;3398.00;30.00;81.75;14.11
96629;80.00;3390.00;30.00;81.75;13.92
96993;80.00;3389.00;30.00;81.00;14.11
97280;78.00;3352.00;30.00;81.00;13.92
97648;78.00;3332.00;30.00;81.00;14.02
98014;78.00;3340.00;30.00;81.00;14.11
98301;78.00;3338.00;30.00;81.00;14.11
98664;78.00;3317.00;30.00;81.00;14.11
99026;77.00;3317.00;30.00;81.00;14.11
99308;77.00;3303.00;30.00;81.00;14.02
99671;77.00;3269.00;30.00;81.00;14.11
100036;77.00;3268.00;30.00;81.00;14.11
100315;77.00;3299.00;30.00;81.00;14.02
100680;77.00;3325.00;30.00;81.00;14.11
101046;77.00;3299.00;30.00;81.00;14.02
101329;77.00;3316.00;30.00;81.00;14.11
101694;77.00;3305.00;30.00;81.00;14.02
102058;77.00;3270.00;30.00;81.00;14.11
102423;76.00;3274.00;30.00;81.00;14.02
102841;76.00;3232.00;30.00;81.00;14.02
103202;76.00;3228.00;30.00;81.00;14.11
103619;75.00;3202.00;30.00;81.00;14.11
103985;75.00;3157.00;30.00;81.00;14.11
104265;75.00;3164.00;30.00;81.00;14.11
104626;73.00;3164.00;30.00;81.00;14.11
104988;73.00;3143.00;30.00;81.00;14.11
105322;73.00;3153.00;30.00;81.00;14.11
105733;73.00;3113.00;30.00;81.00;14.02
106099;73.00;3102.00;30.00;81.00;14.11
106515;72.00;3062.00;30.00;81.00;14.11
106879;72.00;3087.00;30.00;81.00;14.11
107239;72.00;3108.00;30.00;81.00;14.11
107599;72.00;3054.00;30.00;81.00;14.11
107961;71.00;3040.00;30.00;81.00;14.11
108246;71.00;3026.00;30.00;81.00;14.02
108611;70.00;3044.00;30.00;81.00;14.11
108981;70.00;2939.00;30.00;81.00;14.11
109260;68.00;2870.00;30.00;81.00;14.02
109628;66.00;2819.00;30.00;81.00;14.21
109997;65.00;2751.00;30.00;81.00;14.11
110286;63.00;2711.00;30.00;81.00;14.21
110653;62.00;2652.00;30.00;81.00;14.11
111024;61.00;2615.00;30.00;81.00;14.21
111312;60.00;2556.00;30.00;81.00;14.02
111679;58.00;2495.00;30.00;81.00;14.11
112046;57.00;2426.00;30.00;81.00;14.21
112384;55.00;2357.00;30.00;81.00;14.11
112752;53.00;2294.00;30.00;81.00;14.21
113123;52.00;2221.00;30.00;81.00;14.21
113539;50.00;2134.00;30.00;81.00;14.11
113908;46.00;1985.00;30.00;81.00;14.21
114275;45.00;1807.00;30.00;81.00;14.21
114640;41.00;1508.00;30.00;81.00;14.30
115008;41.00;1850.00;30.00;81.00;14.21
115293;38.00;1785.00;30.00;81.00;14.21
115658;37.00;1952.00;30.00;81.00;14.11
116025;36.00;1940.00;30.00;81.00;14.21
116363;35.00;1548.00;30.00;81.00;14.30
116732;33.00;2012.00;30.00;81.00;14.21
117102;31.00;1962.00;30.00;81.00;14.11
117474;27.00;1741.00;30.00;81.00;14.30
117892;23.00;1498.00;30.75;81.00;14.21
118264;20.00;1280.00;30.75;81.00;14.30
118634;17.00;1351.00;30.75;81.00;14.30
119000;16.00;1345.00;30.75;81.00;14.30
119285;16.00;1332.00;30.75;81.00;14.39
119701;13.00;1253.00;30.75;81.00;14.39
120066;12.00;1288.00;30.75;81.00;14.39
120355;11.00;1268.00;30.75;81.00;14.30
120774;10.00;1356.00;30.75;81.00;14.30
121190;7.00;1272.00;30.75;81.00;14.39
121609;6.00;1301.00;30.75;81.00;14.39
121976;5.00;1298.00;30.75;81.00;14.39
122343;3.00;1297.00;30.75;81.00;14.39
122709;0;1301.00;30.75;81.00;14.39
123124;0;2578.00;30.75;81.00;14.11
123487;0;2545.00;30.75;81.75;14.21
123905;12.00;2272.00;30.75;81.75;14.21
124274;17.00;2419.00;30.75;81.75;14.11
124643;25.00;2811.00;30.75;81.75;14.11
125026;30.00;3297.00;30.75;81.75;14.11
125367;36.00;4036.00;30.75;81.75;14.02
125737;42.00;4723.00;30.75;81.75;14.02
126102;46.00;3533.00;30.75;81.75;14.11
126472;51.00;3943.00;30.75;81.75;14.02
126843;55.00;4270.00;30.75;81.75;14.02
127210;60.00;4640.00;30.75;81.75;14.02
127576;61.00;3829.00;30.75;81.75;14.11
127946;65.00;3979.00;30.00;81.75;13.92
128316;68.00;4193.00;30.00;82.50;14.11
128686;72.00;4445.00;30.00;82.50;14.02
129056;75.00;4583.00;30.00;82.50;14.02
129340;75.00;3923.00;30.00;82.50;14.11
129756;77.00;4000.00;30.00;82.50;14.02
130176;77.00;4019.00;30.00;82.50;13.92
130541;78.00;4017.00;30.00;82.50;14.02
130959;77.00;3838.00;30.00;82.50;14.11
131328;75.00;3890.00;30.00;82.50;14.11
131693;72.00;3791.00;30.00;82.50;14.11
132059;71.00;3706.00;30.00;82.50;14.11
132394;70.00;3690.00;30.00;82.50;13.92
132814;70.00;3615.00;30.00;82.50;14.11
133178;71.00;3669.00;30.00;82.50;14.11
133544;70.00;3602.00;30.00;82.50;14.02
133913;67.00;3474.00;30.00;82.50;14.11
134280;62.00;3226.00;30.00;82.50;14.21
134650;55.00;2899.00;30.00;82.50;14.21
135014;50.00;2636.00;30.00;82.50;14.21
135350;43.00;2295.00;30.00;82.50;14.11
135769;37.00;1941.00;30.00;82.50;14.21
136139;33.00;1736.00;30.00;82.50;14.30
136507;30.00;1397.00;30.00;82.50;14.30
136874;28.00;1753.00;30.00;82.50;14.21
137243;26.00;1495.00;30.00;82.50;14.30
137611;25.00;2044.00;30.00;82.50;14.21
137980;26.00;2944.00;30.00;82.50;14.11
138399;30.00;2370.00;30.00;82.50;14.21
138766;33.00;2646.00;30.00;82.50;14.21
139184;38.00;3005.00;30.00;82.50;14.02
139553;42.00;3322.00;30.00;82.50;14.02
139918;46.00;3626.00;30.00;82.50;13.92
140288;51.00;3956.00;30.00;82.50;13.92
140651;53.00;4219.00;30.00;82.50;14.02
141020;56.00;4469.00;30.00;82.50;14.02
141306;60.00;4665.00;30.00;82.50;14.02
141721;63.00;4948.00;30.00;82.50;14.02
142136;65.00;3963.00;30.00;82.50;14.11
142506;67.00;4105.00;30.00;82.50;14.02
142876;68.00;4232.00;30.00;82.50;14.02
143241;71.00;4356.00;30.00;82.50;14.02
143605;73.00;4491.00;30.00;82.50;13.92
143975;73.00;3944.00;30.00;82.50;14.02
144341;76.00;3948.00;30.00;82.50;13.92
144708;77.00;4000.00;30.00;82.50;14.02
145077;78.00;4049.00;30.00;82.50;13.92
145365;80.00;4192.00;30.00;82.50;14.11
145735;80.00;3871.00;30.00;82.50;13.92
146099;81.00;3724.00;30.00;82.50;14.02
146388;81.00;3776.00;30.00;82.50;14.02
146750;82.00;3788.00;30.00;82.50;14.11
147121;82.00;3795.00;30.00;82.50;14.02
147487;83.00;3833.00;30.00;82.50;14.11
147856;83.00;3853.00;30.00;82.50;14.02
148219;83.00;3854.00;30.00;82.50;13.92
148584;83.00;3870.00;30.00;82.50;14.02
148949;83.00;3822.00;30.00;82.50;14.11
149314;83.00;3837.00;30.00;82.50;14.11
149678;83.00;3826.00;30.00;82.50;14.11
150090;82.00;3799.00;30.00;82.50;14.02
150378;82.00;3782.00;30.00;82.50;14.11
150741;82.00;3836.00;30.00;82.50;14.02
151105;82.00;3522.00;30.00;82.50;14.02
151387;81.00;3455.00;30.00;82.50;14.02
151802;81.00;3450.00;30.00;82.50;14.11
152217;81.00;3455.00;30.00;82.50;14.02
152634;81.00;3473.00;30.00;82.50;14.11
153054;81.00;3452.00;30.00;82.50;14.02
153388;80.00;3331.00;30.00;82.50;14.11
153809;78.00;3347.00;30.00;82.50;14.11
154174;77.00;3264.00;30.00;82.50;14.02
154545;76.00;3198.00;30.00;82.50;14.11
154912;73.00;3110.00;30.00;82.50;14.11
155277;72.00;3049.00;30.00;82.50;14.11
155645;70.00;2996.00;30.00;82.50;14.11
156009;68.00;2913.00;30.00;82.50;14.02
156379;66.00;2826.00;30.00;83.25;14.02
156797;63.00;2695.00;30.00;83.25;14.11
157164;61.00;2601.00;30.00;83.25;14.11
157528;58.00;2502.00;30.00;83.25;14.21
157896;56.00;2408.00;30.00;83.25;14.11
158263;53.00;2265.00;30.00;83.25;14.21
158630;50.00;2160.00;30.00;83.25;14.11
158998;47.00;1759.00;30.00;83.25;14.21
159417;45.00;1319.00;30.00;83.25;14.30
159836;42.00;1467.00;30.00;83.25;14.39
160205;40.00;1727.00;30.00;83.25;14.21
160575;37.00;1629.00;30.00;83.25;14.21
160940;36.00;1562.00;30.00;83.25;14.30
161309;35.00;1474.00;30.00;83.25;14.30
161725;33.00;1330.00;30.00;83.25;14.39
162094;33.00;1361.00;30.00;83.25;14.30
162377;32.00;1512.00;30.00;83.25;14.30
162744;31.00;1441.00;30.00;83.25;14.30
163109;30.00;1343.00;30.00;83.25;14.39
163396;27.00;1316.00;30.00;83.25;14.39
163760;26.00;1273.00;30.00;83.25;14.39
164177;23.00;1326.00;30.00;83.25;14.30
164598;21.00;1242.00;30.00;83.25;14.49
164968;18.00;1340.00;30.00;83.25;14.30
165335;18.00;1266.00;30.00;83.25;14.39
165699;16.00;1309.00;30.00;83.25;14.39
166063;15.00;1252.00;30.00;83.25;14.30
166402;13.00;1301.00;30.00;83.25;14.49
166771;11.00;1278.00;30.00;83.25;14.39
167141;8.00;1281.00;30.00;83.25;14.49
167509;6.00;1292.00;30.00;83.25;14.39
167878;6.00;1290.00;30.00;83.25;14.39
168239;5.00;1271.00;30.00;83.25;14.30
168607;5.00;1279.00;30.00;83.25;14.39
168973;5.00;1273.00;30.00;83.25;14.30
169338;5.00;1254.00;30.00;83.25;14.30
169699;5.00;1234.00;30.00;84.00;14.39
170068;3.00;1207.00;30.00;84.00;14.39
170420;2.00;1223.00;30.00;84.00;14.39
170785;0;1261.00;30.00;84.00;14.30
171154;0;1267.00;30.00;84.00;14.49
171519;0;1245.00;30.00;84.00;14.39
171885;0;1219.00;30.00;84.00;14.30
172250;0;1198.00;30.00;84.00;14.39
172616;0;1234.00;30.00;84.00;14.30
172981;0;1275.00;30.00;84.00;14.39
173347;0;1239.00;30.00;84.00;14.39
173707;0;1249.00;30.00;84.00;14.39
174069;0;1288.00;30.00;84.00;14.39
174350;0;1266.00;30.00;84.00;14.49
174714;0;1288.00;30.00;84.00;14.39
175078;0;1268.00;30.00;84.75;14.39
175364;0;1176.00;30.00;84.75;14.39
175724;0;1268.00;30.00;84.75;14.30
176140;0;1241.00;30.00;84.75;14.30
176420;0;1211.00;30.00;84.75;14.49
176785;0;1229.00;30.00;84.75;14.39
177149;0;1249.00;30.00;84.75;14.39
177510;0;1259.00;30.00;84.75;14.39
177921;0;1238.00;30.00;84.75;14.39
178283;0;1238.00;30.00;84.75;14.30
178643;0;1218.00;30.00;84.75;14.49
179008;0;1228.00;30.00;84.75;14.49
179368;0;1242.00;30.00;84.75;14.39
179732;0;1286.00;30.00;84.75;14.49
180146;0;1238.00;30.00;84.75;14.39
180480;0;1185.00;30.00;84.75;14.39
180842;0;1255.00;30.00;84.75;14.30
181208;0;1236.00;30.00;84.75;14.39
181572;0;1211.00;30.00;84.75;14.49
181988;0;1230.00;30.00;84.75;14.39
182353;0;1212.00;30.75;85.50;14.39
182771;0;1201.00;30.75;85.50;14.39
183133;0;1242.00;30.75;85.50;14.39
183415;0;1243.00;30.75;85.50;14.30
183781;0;1264.00;30.75;85.50;14.39
184195;0;1193.00;30.75;85.50;14.49
184611;0;1215.00;30.75;85.50;14.39
185026;0;1204.00;30.75;85.50;14.30
185443;0;1261.00;30.75;85.50;14.39
185858;0;1267.00;30.75;85.50;14.39
186221;0;1232.00;30.75;85.50;14.39
186633;0;1237.00;30.75;85.50;14.39
186994;0;1219.00;30.75;85.50;14.39
187355;0;2717.00;30.75;85.50;14.11
187719;0;2375.00;30.75;85.50;14.21
188092;0;2176.00;30.75;85.50;14.30
188388;11.00;1973.00;30.75;85.50;14.21
188761;16.00;2101.00;30.75;85.50;14.11
189180;22.00;2492.00;30.75;85.50;14.11
189596;28.00;3124.00;30.00;85.50;14.02
190018;32.00;3532.00;30.00;85.50;14.11
190386;33.00;3084.00;30.00;85.50;14.02
190755;36.00;2807.00;30.00;84.75;14.11
191127;37.00;2983.00;30.00;84.75;14.11
191412;40.00;3126.00;30.00;84.75;14.02
191829;41.00;3267.00;30.00;84.75;14.11
192248;42.00;3332.00;30.00;84.75;14.02
192616;43.00;3391.00;30.00;84.75;14.02
192981;43.00;3417.00;30.00;84.75;14.02
193394;45.00;3475.00;30.00;84.75;14.02
193759;46.00;3613.00;30.00;84.75;14.11
194128;47.00;3750.00;30.00;84.75;14.02
194417;51.00;3914.00;30.00;84.75;14.02
194781;52.00;4097.00;30.00;84.75;14.02
195149;55.00;4261.00;30.00;84.75;14.11
195440;55.00;3398.00;30.00;84.75;14.11
195803;57.00;3535.00;30.00;84.75;14.11
196169;60.00;3695.00;30.00;84.00;14.11
196539;62.00;3868.00;30.00;84.00;14.11
196905;66.00;4041.00;30.00;84.00;14.02
197274;70.00;4229.00;30.00;84.00;14.11
197644;68.00;3730.00;30.00;84.00;14.02
198012;71.00;3679.00;30.00;84.00;14.02
198377;71.00;3718.00;30.00;84.00;14.11
198741;72.00;3750.00;30.00;84.00;14.11
199157;73.00;3795.00;30.00;84.00;14.02
199446;72.00;3782.00;30.00;84.00;14.11
199865;72.00;3786.00;30.00;84.00;14.11
200228;71.00;3703.00;30.00;84.00;14.02
200653;70.00;3624.00;30.00;84.00;14.02
201068;67.00;3521.00;30.00;84.00;14.11
201487;66.00;3386.00;30.00;84.00;14.02
201857;63.00;3307.00;30.00;84.00;14.21
202227;62.00;3237.00;30.00;84.00;14.21
202592;61.00;3137.00;30.00;84.00;14.02
202961;60.00;3069.00;30.00;84.00;14.21
203327;57.00;2999.00;30.00;84.00;14.11
203697;56.00;2913.00;30.00;84.00;14.21
204065;55.00;2951.00;30.00;84.00;14.11
204434;55.00;2875.00;30.00;84.00;14.11
204845;53.00;2812.00;30.00;84.00;14.11
205211;53.00;2957.00;30.00;84.00;14.02
205576;53.00;2827.00;30.00;84.00;14.11
205992;55.00;2856.00;30.00;84.00;14.11
206360;56.00;2933.00;30.00;84.00;14.02
206727;57.00;3033.00;30.00;84.00;13.92
207096;60.00;3112.00;30.00;84.00;14.11
207384;61.00;3212.00;30.00;84.00;14.11
207750;63.00;3308.00;30.00;84.00;14.02
208174;66.00;3428.00;30.00;84.00;13.92
208462;68.00;3577.00;30.00;83.25;13.92
208830;71.00;3724.00;30.00;83.25;14.11
209199;72.00;3839.00;30.00;83.25;14.02
209618;73.00;3404.00;30.00;83.25;14.02
210033;75.00;3469.00;30.00;83.25;14.02
210449;77.00;3599.00;30.00;83.25;14.11
210869;80.00;3664.00;30.00;83.25;14.02
211238;81.00;3758.00;30.00;83.25;14.02
211604;81.00;3178.00;30.00;83.25;14.11
211969;80.00;3397.00;30.00;83.25;14.11
212333;78.00;3361.00;30.00;83.25;14.02
212701;77.00;3395.00;30.00;83.25;14.02
213067;78.00;3356.00;30.00;83.25;13.92
213435;80.00;3372.00;30.00;83.25;14.02
213804;80.00;3363.00;30.00;83.25;14.11
214168;78.00;3359.00;30.00;83.25;14.11
214503;80.00;3375.00;30.00;83.25;14.11
214918;80.00;3384.00;30.00;82.50;14.11
215333;80.00;3387.00;30.00;82.50;14.11
215745;78.00;3343.00;30.00;82.50;14.02
216131;78.00;3346.00;30.00;82.50;14.11
216414;78.00;3333.00;30.00;82.50;14.11
216773;78.00;3288.00;30.00;82.50;14.11
217185;77.00;3333.00;30.00;82.50;14.02
217472;77.00;3289.00;30.00;82.50;14.02
217833;77.00;3256.00;30.00;82.50;14.11
218209;76.00;3224.00;30.00;82.50;13.92
218628;75.00;3136.00;30.00;82.50;14.11
218995;73.00;3093.00;30.00;82.50;14.11
219410;71.00;3046.00;30.00;82.50;14.11
219825;70.00;2989.00;30.00;82.50;14.11
220239;68.00;2921.00;30.00;82.50;14.11
220655;67.00;2857.00;30.00;82.50;14.11
221070;66.00;2833.00;30.00;82.50;14.11
221485;66.00;2843.00;30.00;82.50;14.11
221845;67.00;2844.00;30.00;82.50;14.11
222209;68.00;2914.00;30.00;82.50;14.11
222622;70.00;2967.00;30.00;82.50;14.02
222989;71.00;3005.00;30.00;82.50;14.11
223359;71.00;3037.00;30.00;82.50;14.11
223722;72.00;3089.00;30.00;82.50;14.11
224086;73.00;3108.00;30.00;82.50;14.11
224450;72.00;3089.00;30.00;82.50;14.02
224819;73.00;3128.00;30.00;82.50;14.11
225186;73.00;3059.00;30.00;82.50;14.11
225470;72.00;3085.00;30.00;82.50;14.11
225835;72.00;3068.00;30.00;82.50;14.02
226250;72.00;3085.00;30.00;82.50;14.11
226614;72.00;3100.00;30.00;82.50;14.11
227026;73.00;3134.00;30.00;82.50;14.02
227393;73.00;3138.00;30.00;82.50;14.11
227807;73.00;3113.00;30.00;82.50;14.11
228168;73.00;3139.00;30.00;82.50;14.02
228454;73.00;3143.00;30.00;82.50;14.02
228816;73.00;3145.00;30.00;82.50;14.11
229231;73.00;3079.00;30.00;82.50;14.02
229645;73.00;3152.00;30.00;82.50;14.11
230059;73.00;3141.00;30.00;82.50;14.11
230421;75.00;3170.00;30.00;82.50;14.11
230788;73.00;3155.00;30.00;82.50;14.11
231152;73.00;3090.00;30.00;82.50;14.02
231486;73.00;3122.00;30.00;82.50;14.02
231849;73.00;3164.00;30.00;82.50;14.11
232214;75.00;3176.00;30.00;82.50;14.11
232629;75.00;3204.00;30.00;82.50;14.02
233045;76.00;3216.00;30.00;82.50;14.11
233415;76.00;3219.00;30.00;82.50;14.02
233783;76.00;3220.00;30.00;82.50;14.02
234143;76.00;3239.00;30.00;82.50;14.11
234428;77.00;3287.00;30.00;82.50;14.02
234796;77.00;3315.00;30.00;82.50;14.11
235211;78.00;3341.00;30.00;82.50;14.02
235499;80.00;3384.00;30.00;82.50;14.02
235866;80.00;3389.00;30.00;82.50;14.02
236226;81.00;3429.00;30.00;82.50;14.11
236593;82.00;3470.00;30.00;82.50;14.02
236962;83.00;3530.00;30.00;82.50;14.11
237329;83.00;3570.00;30.00;82.50;14.11
237690;85.00;3630.00;30.00;82.50;14.02
238062;86.00;3665.00;30.00;82.50;14.02
238428;87.00;3751.00;30.00;82.50;14.11
238797;90.00;3791.00;30.00;82.50;14.02
239164;90.00;3834.00;30.00;82.50;14.11
239448;91.00;3894.00;30.00;82.50;14.11
239820;92.00;3927.00;30.00;82.50;14.02
240240;93.00;3974.00;30.00;82.50;14.02
240605;93.00;4002.00;30.00;82.50;14.02
240966;95.00;3995.00;30.00;82.50;14.11
241336;96.00;4073.00;30.00;82.50;13.92
241704;96.00;4108.00;30.00;82.50;14.11
242069;97.00;4131.00;30.00;82.50;14.02
242487;97.00;4163.00;30.00;82.50;14.11
242853;98.00;4174.00;30.00;82.50;14.11
243219;98.00;4188.00;30.00;82.50;13.92
243504;98.00;4192.00;30.00;82.50;14.02
243870;98.00;4209.00;30.00;82.50;14.02
244234;100.00;4230.00;30.00;82.50;13.92
244609;100.00;4243.00;30.00;82.50;14.11
245024;101.00;4293.00;30.00;82.50;14.11
245440;101.00;4310.00;30.00;82.50;14.11
245854;102.00;4321.00;30.00;82.50;14.02
246221;102.00;4349.00;30.00;82.50;14.02
246502;102.00;4364.00;29.25;82.50;14.02
246919;103.00;4380.00;29.25;82.50;14.02
247288;103.00;4378.00;29.25;82.50;13.92
247656;103.00;4403.00;29.25;82.50;14.02
248022;103.00;4377.00;29.25;82.50;14.02
248383;103.00;4373.00;29.25;82.50;14.11
248798;102.00;4370.00;29.25;81.75;14.02
249168;103.00;4389.00;29.25;81.75;14.02
249451;103.00;4367.00;29.25;81.75;14.02
249813;102.00;4371.00;29.25;81.75;14.02
250179;103.00;4356.00;29.25;81.75;14.02
250465;102.00;4372.00;29.25;81.75;13.92
250838;103.00;4342.00;29.25;81.75;14.02
251205;102.00;4381.00;29.25;81.75;14.02
251541;102.00;4333.00;29.25;81.75;14.02
251904;102.00;4367.00;29.25;81.75;14.11
252271;102.00;4365.00;29.25;81.75;13.92
252639;102.00;4379.00;29.25;81.75;14.02
253006;102.00;4350.00;29.25;81.75;14.02
253369;102.00;4362.00;29.25;81.75;14.02
253780;102.00;4378.00;29.25;81.75;14.02
254141;103.00;4357.00;29.25;81.75;14.02
254506;103.00;4393.00;29.25;81.75;14.02
254917;103.00;4361.00;29.25;81.75;14.02
255279;102.00;4351.00;29.25;81.75;14.02
255645;102.00;4358.00;29.25;81.75;14.02
256009;102.00;4379.00;29.25;81.75;14.02
256372;103.00;4366.00;29.25;81.75;13.92
256739;103.00;4385.00;29.25;81.75;14.02
257155;102.00;4364.00;29.25;81.75;14.02
257492;102.00;4361.00;29.25;81.75;14.11
257856;103.00;4353.00;29.25;81.75;14.02
258224;102.00;4373.00;29.25;81.75;13.92
258511;103.00;4388.00;29.25;81.75;14.11
258879;103.00;4376.00;29.25;81.75;13.92
259244;103.00;4385.00;29.25;81.75;14.02
259532;103.00;4381.00;29.25;81.75;14.02
259894;103.00;4407.00;29.25;81.75;14.11
260309;103.00;4360.00;29.25;81.75;14.02
260676;103.00;4373.00;29.25;81.75;14.11
261039;103.00;4392.00;29.25;81.75;14.02
261421;103.00;4351.00;29.25;81.75;14.02
261787;102.00;4368.00;29.25;81.75;14.11
262155;103.00;4365.00;29.25;81.75;14.02
262444;102.00;4361.00;29.25;81.75;14.11
262814;102.00;4378.00;29.25;81.75;14.02
263228;102.00;4374.00;29.25;81.75;14.02
263511;103.00;4379.00;29.25;81.75;14.02
263877;102.00;4359.00;29.25;81.75;14.02
264244;103.00;4379.00;29.25;81.75;14.11
264531;102.00;4312.00;29.25;81.75;14.02
264899;102.00;4331.00;29.25;81.75;14.02
265311;102.00;4329.00;29.25;81.75;14.11
265677;102.00;4325.00;29.25;81.75;14.11
266090;102.00;4304.00;29.25;81.75;14.02
266456;102.00;4343.00;29.25;81.75;14.02
266816;101.00;4340.00;29.25;81.75;14.02
267182;102.00;4338.00;29.25;81.75;14.02
267467;102.00;4358.00;29.25;81.75;13.92
267883;102.00;4326.00;29.25;81.75;14.02
268299;102.00;4322.00;29.25;81.75;14.02
268663;101.00;4276.00;29.25;81.75;14.11
269083;102.00;4334.00;29.25;81.75;14.11
269448;101.00;4326.00;29.25;81.75;14.02
269873;101.00;4281.00;29.25;81.75;13.92
270242;101.00;4290.00;29.25;81.75;14.02
270527;101.00;4293.00;29.25;81.75;14.11
270898;100.00;4257.00;29.25;81.75;14.02
271267;100.00;4240.00;29.25;81.75;14.02
271680;100.00;4256.00;29.25;81.75;14.02
272043;100.00;4232.00;29.25;81.75;14.11
272407;100.00;4234.00;29.25;81.75;14.02
272771;101.00;4284.00;29.25;81.75;14.02
273137;101.00;4282.00;29.25;81.75;13.92
273504;101.00;4285.00;29.25;81.75;14.02
273870;101.00;4278.00;29.25;81.75;14.02
274234;101.00;4294.00;29.25;81.75;14.02
274515;101.00;4283.00;29.25;81.75;14.11
274879;101.00;4309.00;28.50;82.50;14.02
275250;101.00;4283.00;28.50;82.50;14.02
275532;101.00;4265.00;28.50;82.50;13.92
275898;101.00;4311.00;28.50;82.50;14.02
276267;100.00;4259.00;28.50;82.50;14.02
276551;100.00;4231.00;28.50;82.50;14.11
276966;100.00;4225.00;28.50;82.50;13.92
277331;100.00;4216.00;28.50;82.50;14.02
277746;100.00;4252.00;28.50;82.50;14.02
278109;100.00;4267.00;28.50;82.50;14.02
278472;100.00;4264.00;28.50;82.50;14.02
278835;100.00;4210.00;28.50;82.50;14.11
279200;100.00;4254.00;28.50;82.50;14.02
279484;100.00;4247.00;28.50;82.50;14.11
279900;100.00;4212.00;28.50;82.50;14.02
280264;100.00;4223.00;28.50;82.50;14.11
280547;100.00;4230.00;28.50;82.50;14.02
280912;98.00;4233.00;28.50;82.50;14.02
281276;100.00;4212.00;28.50;82.50;14.11
281650;100.00;4242.00;28.50;82.50;14.11
282012;100.00;4239.00;28.50;82.50;13.92
282376;100.00;4236.00;28.50;82.50;14.02
282742;100.00;4242.00;28.50;82.50;14.02
283105;100.00;4219.00;28.50;82.50;14.02
283517;98.00;4194.00;28.50;82.50;14.02
283883;98.00;4168.00;28.50;82.50;14.11
284247;98.00;4175.00;28.50;82.50;14.11
284528;97.00;4156.00;28.50;82.50;14.02
284899;97.00;4131.00;28.50;82.50;14.02
285261;97.00;4129.00;28.50;82.50;14.02
285543;97.00;4078.00;28.50;82.50;14.11
285908;96.00;4078.00;28.50;82.50;14.02
286274;96.00;4056.00;28.50;82.50;14.02
286555;95.00;4026.00;28.50;82.50;14.11
286973;95.00;4035.00;28.50;82.50;14.02
287339;95.00;3999.00;28.50;82.50;14.02
287701;93.00;3971.00;28.50;82.50;14.02
288069;92.00;3931.00;28.50;82.50;14.02
288435;91.00;3935.00;28.50;82.50;13.92
288804;90.00;3812.00;28.50;82.50;14.02
289173;88.00;3770.00;28.50;82.50;14.02
289539;88.00;3752.00;28.50;82.50;14.11
289905;87.00;3733.00;28.50;82.50;14.02
290276;87.00;3706.00;28.50;82.50;14.02
290559;87.00;3684.00;28.50;82.50;14.11
290980;87.00;3704.00;28.50;82.50;14.11
291341;86.00;3241.00;28.50;82.50;14.02
291760;85.00;3994.00;28.50;82.50;13.92
292130;83.00;3832.00;28.50;82.50;14.11
292502;82.00;3776.00;28.50;82.50;14.11
292867;81.00;3756.00;28.50;82.50;14.02
293234;81.00;3752.00;28.50;82.50;14.11
293569;80.00;3703.00;28.50;82.50;14.11
293934;80.00;3717.00;28.50;82.50;14.11
294297;81.00;3745.00;28.50;82.50;13.92
294715;81.00;3746.00;28.50;82.50;14.02
295131;82.00;3770.00;28.50;82.50;14.11
295552;82.00;3768.00;28.50;82.50;14.11
295914;82.00;3783.00;28.50;82.50;14.11
296327;82.00;3768.00;28.50;82.50;14.11
296739;82.00;3788.00;28.50;82.50;14.02
297155;82.00;3811.00;28.50;82.50;13.92
297570;85.00;3923.00;28.50;82.50;13.92
297988;83.00;3857.00;28.50;82.50;14.02
298409;83.00;3880.00;28.50;82.50;14.11
298774;85.00;3882.00;28.50;82.50;14.11
299140;83.00;3871.00;28.50;82.50;14.02
299557;83.00;3855.00;28.50;82.50;14.02
299920;83.00;3868.00;28.50;82.50;14.02
300332;83.00;3866.00;28.50;82.50;14.02
300745;83.00;3852.00;28.50;82.50;13.92
301111;83.00;3833.00;28.50;82.50;14.02
301476;83.00;3887.00;28.50;82.50;14.02
301837;82.00;3818.00;28.50;82.50;14.11
302255;83.00;3811.00;28.50;82.50;14.11
302541;83.00;3853.00;28.50;82.50;14.11
302903;83.00;3908.00;28.50;82.50;14.02
303318;85.00;3922.00;28.50;82.50;14.02
303685;85.00;3910.00;28.50;82.50;13.92
304052;85.00;3897.00;28.50;82.50;14.11
304467;86.00;3933.00;28.50;82.50;14.11
304882;86.00;3983.00;28.50;82.50;14.02
305296;86.00;3965.00;28.50;82.50;14.11
305581;86.00;3996.00;28.50;82.50;14.11
305942;86.00;3969.00;28.50;82.50;14.11
306304;86.00;3959.00;28.50;82.50;14.11
306652;82.00;3073.00;28.50;82.50;14.11
307067;81.00;3411.00;28.50;82.50;14.11
307496;78.00;3351.00;28.50;82.50;14.11
307915;76.00;3247.00;28.50;82.50;14.11
308281;75.00;3179.00;28.50;82.50;14.11
308565;73.00;3093.00;28.50;82.50;14.11
308931;72.00;3056.00;28.50;82.50;14.11
309295;71.00;2967.00;28.50;82.50;14.11
309579;68.00;2925.00;28.50;82.50;14.11
309944;67.00;2859.00;28.50;82.50;14.11
310309;66.00;2821.00;28.50;82.50;14.11
310596;65.00;2565.00;28.50;82.50;14.21
311015;63.00;2576.00;28.50;82.50;14.02
311433;62.00;2837.00;28.50;82.50;14.11
311850;60.00;2809.00;28.50;82.50;14.02
312219;57.00;2685.00;28.50;82.50;14.11
312557;53.00;2505.00;28.50;82.50;14.02
312928;50.00;2336.00;28.50;82.50;14.21
313299;47.00;2203.00;28.50;82.50;14.21
313584;45.00;2076.00;28.50;82.50;14.11
314003;45.00;1830.00;28.50;82.50;14.21
314368;43.00;2243.00;28.50;82.50;14.21
314733;43.00;2510.00;28.50;82.50;14.02
315147;43.00;2325.00;28.50;82.50;14.11
315565;46.00;2370.00;28.50;82.50;14.11
315931;46.00;2442.00;28.50;82.50;14.11
316294;47.00;2476.00;28.50;82.50;14.21
316581;48.00;2492.00;28.50;82.50;14.11
316949;47.00;2410.00;28.50;82.50;14.11
317316;47.00;2442.00;28.50;82.50;14.11
317597;46.00;2406.00;28.50;82.50;14.11
317962;45.00;2323.00;28.50;82.50;14.21
318331;42.00;2213.00;28.50;82.50;14.11
318700;40.00;2050.00;28.50;82.50;14.21
319068;36.00;1928.00;28.50;82.50;14.21
319433;35.00;1829.00;28.50;82.50;14.21
319797;33.00;1881.00;28.50;82.50;14.21
320162;30.00;1899.00;28.50;82.50;14.21
320528;27.00;1720.00;28.50;82.50;14.21
320894;26.00;1627.00;28.50;82.50;14.39
321265;25.00;1439.00;28.50;82.50;14.39
321600;23.00;1936.00;28.50;82.50;14.30
321970;22.00;1736.00;28.50;82.50;14.30
322335;21.00;1645.00;28.50;82.50;14.39
322707;20.00;1647.00;28.50;82.50;14.30
323074;20.00;1561.00;28.50;82.50;14.30
323436;18.00;1648.00;28.50;82.50;14.30
323804;20.00;1553.00;28.50;82.50;14.30
324172;18.00;1393.00;28.50;82.50;14.30
324537;17.00;1355.00;28.50;83.25;14.39
324911;15.00;1276.00;28.50;83.25;14.39
325328;13.00;1264.00;28.50;83.25;14.49
325616;11.00;1193.00;28.50;83.25;14.49
325980;10.00;1629.00;29.25;83.25;14.30
326353;10.00;1879.00;29.25;83.25;14.21
326720;12.00;2022.00;29.25;83.25;14.11
327089;15.00;2239.00;29.25;83.25;14.30
327458;18.00;2080.00;29.25;83.25;14.21
327878;23.00;2048.00;29.25;83.25;14.30
328298;27.00;2140.00;29.25;83.25;14.21
328639;31.00;2464.00;29.25;83.25;14.11
329010;35.00;2767.00;29.25;83.25;14.11
329376;40.00;3101.00;29.25;83.25;14.11
329740;45.00;3477.00;29.25;83.25;14.02
330125;50.00;3864.00;29.25;83.25;14.02
330489;53.00;4263.00;29.25;84.00;14.02
330855;58.00;4627.00;28.50;84.00;14.02
331223;60.00;3969.00;28.50;84.00;13.92
331591;65.00;3967.00;28.50;84.00;14.02
331960;67.00;4189.00;28.50;84.00;13.92
332328;71.00;4362.00;28.50;84.00;14.02
332617;73.00;4531.00;28.50;84.00;14.02
332982;77.00;4740.00;28.50;84.00;14.02
333398;78.00;4084.00;28.50;84.00;14.11
333766;81.00;4196.00;28.50;84.00;14.11
334131;82.00;4313.00;28.50;84.00;14.02
334552;86.00;4472.00;28.50;84.00;14.11
334972;88.00;4609.00;28.50;83.25;14.02
335347;87.00;4081.00;28.50;83.25;14.11
335684;90.00;4167.00;28.50;83.25;14.11
336049;91.00;4201.00;28.50;83.25;14.11
336417;92.00;4268.00;28.50;83.25;14.02
336785;93.00;4328.00;28.50;83.25;14.02
337152;96.00;4441.00;28.50;83.25;14.11
337520;95.00;4424.00;28.50;83.25;14.02
337889;95.00;4042.00;28.50;83.25;14.11
338312;95.00;4045.00;28.50;83.25;14.02
338595;96.00;4075.00;28.50;83.25;14.11
338964;96.00;4061.00;28.50;83.25;14.11
339326;96.00;4097.00;28.50;83.25;14.11
339658;97.00;4136.00;28.50;83.25;14.11
340024;97.00;4163.00;28.50;83.25;14.11
340436;98.00;4217.00;28.50;83.25;14.02
340804;100.00;4221.00;28.50;83.25;14.11
341228;100.00;4240.00;28.50;83.25;14.02
341595;100.00;4240.00;28.50;83.25;14.11
341957;100.00;4260.00;28.50;83.25;14.02
342380;101.00;4285.00;28.50;83.25;14.11
342748;101.00;4285.00;28.50;83.25;14.02
343109;101.00;4265.00;28.50;83.25;14.11
343524;101.00;4276.00;28.50;83.25;14.11
343938;101.00;4266.00;28.50;83.25;14.02
344354;101.00;4260.00;28.50;83.25;14.11
344637;101.00;4249.00;28.50;83.25;14.11
345049;100.00;4242.00;28.50;83.25;14.11
345428;100.00;4225.00;28.50;83.25;14.11
345840;100.00;4242.00;28.50;83.25;13.92
346205;100.00;4229.00;28.50;83.25;14.11
346622;100.00;4229.00;28.50;83.25;14.11
346981;100.00;4209.00;28.50;83.25;14.11
347344;98.00;4175.00;28.50;83.25;14.11
347680;98.00;4183.00;28.50;83.25;14.11
348091;98.00;4184.00;28.50;83.25;13.92
348463;98.00;4172.00;28.50;83.25;14.11
348878;98.00;4183.00;28.50;83.25;14.11
349242;98.00;4189.00;28.50;83.25;14.02
349659;98.00;4173.00;28.50;83.25;14.11
350075;97.00;4145.00;28.50;83.25;14.11
350440;97.00;4132.00;28.50;83.25;14.11
350853;96.00;4104.00;28.50;83.25;14.11
351219;97.00;4130.00;28.50;83.25;14.02
351640;97.00;4132.00;28.50;83.25;14.11
352008;98.00;4152.00;28.50;83.25;14.11
352391;98.00;4182.00;28.50;83.25;14.11
352754;97.00;4151.00;28.50;83.25;14.11
353121;97.00;4149.00;28.50;83.25;14.11
353484;97.00;4149.00;28.50;83.25;14.02
353951;97.00;4120.00;28.50;83.25;14.11
354317;96.00;4100.00;28.50;83.25;14.11
354604;96.00;4068.00;28.50;83.25;14.02
354971;95.00;4082.00;28.50;83.25;13.92
355341;95.00;4022.00;28.50;83.25;14.11
355626;93.00;3977.00;28.50;83.25;14.02
355992;92.00;3976.00;28.50;83.25;14.02
356359;92.00;3918.00;28.50;83.25;14.02
356692;92.00;3868.00;28.50;83.25;14.11
357057;91.00;3862.00;28.50;83.25;14.11
357422;91.00;3842.00;28.50;83.25;14.11
357833;90.00;3820.00;28.50;83.25;14.11
358200;90.00;3804.00;28.50;83.25;14.11
358568;90.00;3799.00;28.50;83.25;14.11
358930;88.00;3766.00;28.50;83.25;14.11
359297;88.00;3769.00;28.50;83.25;13.92
359633;88.00;3717.00;28.50;83.25;14.11
360050;88.00;3760.00;28.50;83.25;14.11
360413;88.00;3744.00;28.50;83.25;14.11
360825;88.00;3725.00;28.50;83.25;14.11
361187;87.00;3724.00;28.50;83.25;14.11
361552;87.00;3733.00;28.50;83.25;14.11
361914;87.00;3700.00;28.50;82.50;14.02
362283;87.00;3727.00;28.50;82.50;14.11
362568;87.00;3733.00;28.50;82.50;14.02
362984;87.00;3722.00;28.50;82.50;14.11
363398;87.00;3740.00;28.50;82.50;14.02
363814;88.00;3733.00;28.50;82.50;14.02
364230;88.00;3778.00;28.50;82.50;14.11
364653;88.00;3780.00;28.50;82.50;14.11
365015;88.00;3774.00;28.50;82.50;14.11
365376;90.00;3792.00;28.50;82.50;14.02
365663;90.00;3785.00;28.50;82.50;14.11
366078;90.00;3794.00;28.50;82.50;14.11
366439;90.00;3794.00;28.50;82.50;14.02
366800;90.00;3828.00;28.50;82.50;14.11
367165;90.00;3848.00;28.50;82.50;14.11
367528;91.00;3830.00;28.50;82.50;14.02
367948;90.00;3821.00;28.50;82.50;14.11
368317;90.00;3819.00;28.50;82.50;14.11
368648;90.00;3794.00;28.50;82.50;14.11
369009;88.00;3784.00;28.50;82.50;14.02
369378;90.00;3799.00;28.50;82.50;14.11
369667;90.00;3816.00;28.50;82.50;14.11
370029;90.00;3802.00;28.50;82.50;14.11
370390;90.00;3810.00;28.50;82.50;14.11
370801;90.00;3814.00;28.50;82.50;14.11
371163;90.00;3791.00;28.50;82.50;14.11
371524;90.00;3811.00;28.50;82.50;14.11
371886;90.00;3827.00;28.50;82.50;14.02
372250;90.00;3798.00;28.50;82.50;14.11
372614;91.00;3840.00;28.50;82.50;14.02
373035;91.00;3899.00;28.50;82.50;14.11
373399;92.00;3911.00;28.50;82.50;14.11
373765;92.00;3940.00;28.50;82.50;14.11
374128;93.00;3947.00;28.50;82.50;14.02
374548;93.00;3958.00;28.50;82.50;14.11
374912;93.00;3976.00;28.50;82.50;14.11
375274;93.00;3981.00;28.50;82.50;14.11
375635;93.00;3939.00;28.50;82.50;14.11
375996;92.00;3944.00;28.50;82.50;14.02
376366;92.00;3919.00;28.50;82.50;14.11
376650;93.00;3970.00;28.50;82.50;14.11
377017;93.00;3962.00;28.50;82.50;14.02
377382;93.00;3973.00;28.50;82.50;14.11
377718;93.00;4005.00;28.50;82.50;14.11
378129;93.00;3971.00;28.50;82.50;13.92
378493;95.00;3997.00;28.50;82.50;14.11
378862;93.00;3983.00;28.50;82.50;14.02
379231;95.00;3985.00;28.50;82.50;14.02
379597;95.00;4015.00;28.50;82.50;14.11
379960;95.00;4018.00;28.50;82.50;14.11
380322;95.00;4027.00;28.50;82.50;14.11
380603;95.00;4022.00;28.50;82.50;14.02
381019;95.00;4015.00;28.50;82.50;14.11
381435;95.00;4026.00;28.50;82.50;14.11
381848;95.00;4030.00;28.50;82.50;14.11
382261;95.00;4031.00;28.50;82.50;14.11
382624;95.00;4056.00;28.50;82.50;14.11
382987;96.00;4050.00;28.50;82.50;13.92
383410;96.00;4060.00;28.50;82.50;14.11
383694;96.00;4095.00;28.50;82.50;14.11
384056;97.00;4143.00;28.50;82.50;14.11
384423;98.00;4178.00;28.50;82.50;14.11
384795;100.00;4250.00;28.50;82.50;13.92
385218;101.00;4289.00;28.50;82.50;14.02
385637;101.00;4306.00;28.50;82.50;14.02
385998;101.00;4313.00;28.50;82.50;14.02
386362;101.00;4312.00;28.50;82.50;14.02
386644;102.00;4319.00;28.50;82.50;14.02
387010;102.00;4331.00;28.50;82.50;14.02
387421;102.00;4337.00;28.50;82.50;14.11
387837;102.00;4365.00;28.50;82.50;14.11
388198;103.00;4395.00;28.50;82.50;13.92
388567;103.00;4401.00;28.50;82.50;14.11
388934;103.00;4430.00;28.50;82.50;14.11
389295;105.00;4440.00;28.50;82.50;14.02
389664;105.00;4448.00;28.50;82.50;14.02
390076;105.00;4446.00;28.50;82.50;14.02
390436;105.00;4458.00;28.50;82.50;14.02
390797;105.00;4449.00;28.50;82.50;14.02
391209;105.00;4449.00;28.50;82.50;14.02
391566;105.00;4444.00;28.50;82.50;14.11
391982;105.00;4455.00;28.50;82.50;14.02
392398;105.00;4437.00;28.50;82.50;14.11
392683;105.00;4470.00;28.50;82.50;14.02
393050;105.00;4439.00;28.50;82.50;14.11
393415;105.00;4433.00;28.50;82.50;14.11
393748;103.00;4410.00;28.50;82.50;14.02
394118;103.00;4376.00;28.50;82.50;14.02
394480;102.00;4352.00;28.50;82.50;14.02
394844;102.00;4343.00;28.50;82.50;14.11
395208;102.00;4334.00;28.50;82.50;14.11
395621;101.00;4299.00;28.50;82.50;14.11
395986;101.00;4313.00;28.50;82.50;14.11
396347;101.00;4295.00;28.50;82.50;14.02
396632;101.00;4298.00;28.50;82.50;14.11
396996;101.00;4285.00;28.50;82.50;14.02
397359;101.00;4288.00;28.50;82.50;14.11
397662;101.00;4268.00;28.50;82.50;14.11
398022;100.00;4259.00;28.50;82.50;13.92
398390;100.00;4260.00;28.50;82.50;14.11
398674;100.00;4261.00;28.50;82.50;14.11
399036;100.00;4258.00;28.50;82.50;14.02
399404;100.00;4255.00;28.50;82.50;14.11
399689;100.00;4233.00;28.50;82.50;14.11
400049;100.00;4240.00;28.50;82.50;14.02
400413;100.00;4251.00;28.50;82.50;14.02
400696;100.00;4237.00;28.50;82.50;14.11
401112;100.00;4248.00;28.50;82.50;14.02
401528;101.00;4272.00;28.50;82.50;14.11
401947;101.00;4275.00;28.50;82.50;14.11
402309;100.00;4252.00;28.50;82.50;14.11
402724;100.00;4242.00;28.50;82.50;14.02
403089;100.00;4253.00;28.50;82.50;14.11
403505;100.00;4244.00;28.50;82.50;14.02
403869;100.00;4259.00;28.50;82.50;14.11
404284;101.00;4266.00;28.50;82.50;14.11
404650;101.00;4259.00;28.50;82.50;14.11
405012;101.00;4268.00;28.50;82.50;14.11
405373;101.00;4277.00;28.50;82.50;14.11
405657;101.00;4277.00;28.50;82.50;13.92
406017;101.00;4279.00;28.50;82.50;14.11
406433;101.00;4276.00;28.50;82.50;14.02
406718;101.00;4277.00;28.50;82.50;14.11
407082;101.00;4272.00;28.50;82.50;14.11
407445;101.00;4272.00;28.50;82.50;14.02
407807;101.00;4285.00;28.50;82.50;14.02
408220;101.00;4295.00;28.50;82.50;14.11
408635;101.00;4302.00;28.50;82.50;14.11
408997;101.00;4286.00;28.50;82.50;14.11
409358;101.00;4321.00;28.50;82.50;14.11
409640;102.00;4319.00;28.50;82.50;14.11
410058;102.00;4315.00;28.50;82.50;14.11
410419;102.00;4332.00;28.50;82.50;14.11
410700;102.00;4329.00;28.50;82.50;14.11
411063;102.00;4341.00;28.50;82.50;14.11
411474;102.00;4329.00;28.50;82.50;14.02
411889;102.00;4357.00;28.50;82.50;14.02
412249;102.00;4345.00;28.50;82.50;14.11
412615;102.00;4321.00;28.50;82.50;14.02
412988;102.00;4349.00;28.50;82.50;14.02
413350;102.00;4354.00;28.50;82.50;14.11
413633;102.00;4357.00;28.50;82.50;14.11
413996;102.00;4357.00;28.50;82.50;14.11
414355;102.00;4363.00;28.50;82.50;14.11
414637;102.00;4368.00;28.50;82.50;14.02
415001;102.00;4361.00;28.50;82.50;14.02
415363;102.00;4351.00;28.50;82.50;14.11
415698;102.00;4351.00;28.50;82.50;14.02
416060;102.00;4354.00;28.50;82.50;14.02
416420;102.00;4338.00;28.50;82.50;14.02
416751;102.00;4323.00;28.50;82.50;14.11
417115;102.00;4329.00;28.50;82.50;14.11
417477;102.00;4320.00;28.50;82.50;14.11
417890;102.00;4327.00;28.50;82.50;14.11
418251;102.00;4332.00;28.50;82.50;14.11
418612;102.00;4344.00;28.50;82.50;14.11
419025;102.00;4323.00;28.50;82.50;14.11
419439;102.00;4329.00;28.50;82.50;14.02
419728;102.00;4333.00;28.50;82.50;14.11
420092;101.00;4310.00;28.50;82.50;14.11
420508;101.00;4311.00;28.50;82.50;14.11
420918;101.00;4302.00;28.50;82.50;14.02
421283;101.00;4308.00;28.50;82.50;13.92
421649;102.00;4308.00;28.50;82.50;14.11
422016;102.00;4336.00;28.50;82.50;14.11
422377;102.00;4312.00;28.50;82.50;14.11
422658;102.00;4324.00;28.50;82.50;14.02
423021;102.00;4329.00;28.50;82.50;14.11
423388;102.00;4313.00;28.50;82.50;14.11
423719;102.00;4318.00;28.50;82.50;14.11
424081;102.00;4339.00;28.50;82.50;14.11
424442;102.00;4343.00;28.50;82.50;14.11
424722;102.00;4349.00;28.50;82.50;14.02
425092;102.00;4365.00;28.50;82.50;14.11
425508;102.00;4376.00;28.50;82.50;14.11
425921;103.00;4363.00;28.50;82.50;14.02
426290;102.00;4368.00;28.50;82.50;14.11
426710;102.00;4348.00;28.50;82.50;14.11
427073;102.00;4340.00;28.50;82.50;14.11
427521;101.00;4308.00;28.50;82.50;14.02
427888;102.00;4320.00;28.50;82.50;14.02
428254;102.00;4328.00;28.50;82.50;14.02
428615;102.00;4317.00;28.50;82.50;14.02
428983;102.00;4323.00;28.50;82.50;14.02
429346;101.00;4262.00;28.50;82.50;14.11
429766;101.00;4283.00;28.50;82.50;14.11
430127;100.00;4268.00;28.50;82.50;14.02
430547;101.00;4288.00;28.50;82.50;14.02
430912;101.00;4268.00;28.50;82.50;14.11
431279;100.00;4280.00;28.50;82.50;14.11
431646;100.00;4266.00;28.50;82.50;14.11
432058;100.00;4262.00;28.50;82.50;14.02
432473;100.00;4233.00;28.50;82.50;13.92
432839;100.00;4198.00;28.50;82.50;14.11
433253;98.00;4209.00;28.50;82.50;14.11
433618;98.00;4171.00;28.50;82.50;14.02
434034;98.00;4159.00;28.50;82.50;14.02
434395;97.00;4153.00;28.50;82.50;14.11
434686;97.00;4133.00;28.50;82.50;14.11
435046;97.00;4118.00;28.50;82.50;14.02
435411;97.00;4103.00;28.50;82.50;14.11
435746;96.00;4101.00;28.50;82.50;14.02
436115;96.00;4087.00;28.50;82.50;13.92
436479;96.00;4072.00;28.50;82.50;14.11
436896;96.00;4059.00;28.50;82.50;14.02
437263;96.00;4062.00;28.50;82.50;14.11
437678;96.00;4055.00;27.75;82.50;14.11
438043;95.00;4047.00;27.75;82.50;14.02
438411;95.00;4034.00;27.75;82.50;14.02
438692;96.00;4084.00;27.75;82.50;14.02
439061;96.00;4085.00;27.75;82.50;14.11
439425;96.00;4084.00;27.75;82.50;14.11
439757;95.00;4064.00;27.75;82.50;14.02
440125;96.00;4076.00;27.75;82.50;14.02
440541;96.00;4045.00;27.75;82.50;14.11
440956;96.00;4047.00;27.75;82.50;14.11
441318;96.00;4064.00;27.75;82.50;14.11
441680;95.00;4048.00;27.75;82.50;14.11
442044;95.00;4039.00;27.75;82.50;14.02
442408;95.00;4035.00;27.75;82.50;14.11
442760;95.00;4009.00;27.75;82.50;14.11
443173;95.00;3999.00;27.75;82.50;14.02
443589;95.00;3988.00;27.75;82.50;14.02
443950;93.00;3997.00;27.75;82.50;14.11
444320;93.00;3973.00;27.75;82.50;14.02
444684;93.00;3988.00;27.75;82.50;14.11
445049;93.00;3993.00;27.75;82.50;14.11
445410;93.00;3973.00;27.75;82.50;14.02
445695;93.00;3978.00;27.75;82.50;14.02
446056;93.00;3990.00;27.75;82.50;13.92
446420;93.00;3977.00;27.75;82.50;14.11
446704;93.00;3881.00;27.75;82.50;14.11
447067;93.00;3942.00;27.75;82.50;14.11
447482;93.00;3975.00;27.75;82.50;14.02
447766;93.00;3950.00;27.75;82.50;14.11
448130;92.00;3927.00;27.75;82.50;14.11
448495;92.00;3911.00;27.75;82.50;14.11
448857;91.00;3888.00;27.75;82.50;14.11
449222;91.00;3869.00;27.75;82.50;14.11
449634;90.00;3833.00;27.75;82.50;14.11
450000;90.00;3804.00;27.75;82.50;14.11
450361;88.00;3793.00;27.75;82.50;14.02
450729;88.00;3780.00;27.75;82.50;14.11
451092;88.00;3746.00;27.75;82.50;14.11
451454;88.00;3767.00;27.75;82.50;14.02
451740;88.00;3701.00;27.75;82.50;14.11
452156;88.00;3742.00;27.75;82.50;14.11
452567;87.00;3725.00;27.75;82.50;14.02
452986;86.00;3669.00;27.75;82.50;14.11
453357;86.00;3645.00;27.75;82.50;14.11
453770;85.00;3631.00;27.75;82.50;14.02
454139;85.00;3583.00;27.75;82.50;14.11
454504;85.00;3587.00;27.75;82.50;14.11
454866;85.00;3576.00;27.75;82.50;14.02
455281;85.00;3575.00;27.75;82.50;14.02
455694;83.00;3572.00;27.75;82.50;14.11
456063;83.00;3572.00;27.75;82.50;14.11
456422;83.00;3557.00;27.75;82.50;14.02
456705;83.00;3561.00;27.75;82.50;14.11
457069;83.00;3539.00;27.75;82.50;14.11
457436;83.00;3539.00;27.75;82.50;14.11
457764;83.00;3524.00;27.75;82.50;14.02
458129;82.00;3541.00;27.75;82.50;14.02
458493;82.00;3515.00;27.75;82.50;14.11
458829;82.00;3487.00;27.75;82.50;14.02
459245;82.00;3507.00;27.75;82.50;14.11
459660;82.00;3505.00;27.75;82.50;14.02
460074;82.00;3514.00;27.75;82.50;14.11
460490;82.00;3493.00;27.75;82.50;14.11
460771;82.00;3493.00;27.75;82.50;14.11
461181;82.00;3479.00;27.75;82.50;14.11
461542;81.00;3458.00;27.75;82.50;14.11
461909;81.00;3442.00;27.75;82.50;14.02
462275;80.00;3431.00;27.75;82.50;14.11
462694;80.00;3380.00;27.75;82.50;14.11
463057;80.00;3367.00;27.75;82.50;14.11
463468;78.00;3351.00;27.75;82.50;14.11
463753;78.00;3374.00;27.75;82.50;14.11
464118;78.00;3341.00;27.75;82.50;14.11
464478;78.00;3316.00;27.75;82.50;14.02
464813;77.00;3181.00;27.75;82.50;14.02
465229;75.00;3180.00;27.75;82.50;14.11
465647;73.00;3097.00;27.75;82.50;14.21
466016;71.00;3021.00;27.75;82.50;14.11
466385;70.00;2944.00;27.75;82.50;14.21
466754;66.00;2846.00;27.75;82.50;14.21
467117;63.00;2710.00;27.75;82.50;14.21
467482;61.00;2606.00;27.75;82.50;14.21
467817;57.00;2465.00;27.75;82.50;14.11
468184;55.00;2313.00;27.75;82.50;14.21
468554;52.00;2243.00;27.75;82.50;14.11
468973;51.00;2177.00;27.75;82.50;14.11
469340;50.00;2133.00;27.75;82.50;14.21
469759;48.00;2063.00;27.75;83.25;14.11
470131;47.00;1420.00;27.75;83.25;14.39
470500;47.00;1302.00;27.75;83.25;14.30
470787;46.00;2163.00;27.75;83.25;14.21
471157;45.00;2112.00;27.75;83.25;14.21
471523;45.00;1527.00;27.75;83.25;14.30
471887;43.00;1354.00;27.75;83.25;14.39
472255;41.00;2142.00;27.75;83.25;14.21
472624;40.00;2142.00;27.75;83.25;14.21
472984;40.00;2089.00;27.75;83.25;14.21
473347;38.00;1957.00;27.75;83.25;14.21
473711;36.00;1972.00;27.75;83.25;14.21
474075;36.00;1902.00;28.50;83.25;14.21
474443;36.00;1843.00;28.50;83.25;14.21
474722;35.00;1584.00;28.50;83.25;14.30
475089;35.00;1689.00;28.50;83.25;14.39
475461;36.00;2220.00;28.50;83.25;14.21
475801;35.00;2181.00;28.50;83.25;14.21
476165;35.00;2165.00;28.50;83.25;14.30
476530;33.00;2076.00;28.50;83.25;14.21
476900;32.00;1975.00;28.50;83.25;14.21
477264;30.00;1887.00;28.50;83.25;14.30
477633;28.00;1748.00;28.50;83.25;14.39
478002;26.00;1512.00;28.50;83.25;14.30
478370;25.00;1476.00;28.50;83.25;14.30
478734;23.00;1852.00;28.50;83.25;14.21
479101;22.00;1752.00;28.50;83.25;14.30
479468;21.00;1540.00;28.50;83.25;14.39
479760;20.00;1356.00;28.50;83.25;14.39
480125;20.00;1599.00;28.50;84.00;14.30
480494;20.00;1569.00;28.50;84.00;14.39
480828;20.00;1529.00;28.50;84.00;14.30
481243;20.00;1503.00;28.50;84.00;14.30
481604;18.00;1474.00;28.50;84.00;14.30
482022;18.00;1319.00;28.50;84.00;14.30
482383;18.00;1446.00;28.50;84.00;14.30
482744;18.00;1513.00;28.50;84.00;14.39
483108;18.00;1587.00;28.50;84.00;14.39
483468;18.00;1498.00;28.50;84.00;14.30
483753;20.00;1598.00;28.50;84.00;14.39
484120;20.00;1487.00;28.50;84.00;14.30
484485;20.00;1402.00;28.50;84.00;14.39
484768;20.00;2225.00;28.50;84.00;14.11
485134;20.00;2065.00;28.50;84.00;14.11
485497;21.00;1660.00;28.50;84.00;14.30
485784;22.00;1784.00;28.50;84.00;14.30
486149;23.00;1886.00;28.50;84.00;14.21
486517;25.00;1957.00;28.50;84.00;14.30
486805;26.00;2058.00;28.50;84.00;14.21
487175;27.00;2158.00;28.50;84.00;14.02
487600;28.00;2270.00;28.50;84.75;14.21
488022;30.00;2349.00;28.50;84.75;14.21
488388;31.00;2435.00;28.50;84.75;14.21
488755;32.00;2509.00;28.50;84.75;14.21
489121;32.00;2570.00;28.50;84.75;14.11
489486;33.00;2585.00;28.50;84.75;14.11
489772;33.00;2536.00;28.50;84.75;14.21
490188;32.00;2582.00;28.50;84.75;14.21
490603;32.00;2539.00;28.50;84.75;14.21
490964;31.00;2475.00;28.50;84.75;14.21
491330;31.00;2429.00;28.50;84.75;14.21
491693;30.00;2347.00;28.50;84.75;14.21
492108;28.00;2283.00;28.50;84.75;14.11
492476;28.00;2223.00;28.50;84.75;14.21
492760;28.00;2236.00;28.50;84.75;14.21
493172;28.00;2223.00;28.50;84.75;14.11
493589;28.00;2256.00;28.50;84.75;14.21
494005;28.00;2234.00;28.50;84.75;14.21
494418;28.00;2291.00;28.50;84.75;14.11
494786;30.00;2345.00;28.50;84.75;14.30
495206;30.00;2388.00;28.50;84.75;14.21
495570;31.00;2423.00;28.50;84.75;14.11
495990;31.00;2458.00;28.50;84.75;14.21
496355;30.00;2379.00;28.50;84.75;14.21
496728;30.00;2409.00;28.50;84.75;14.11
497094;30.00;2404.00;28.50;84.75;14.21
497460;30.00;2362.00;28.50;84.75;14.21
497743;30.00;2351.00;28.50;84.75;14.11
498159;30.00;2346.00;28.50;84.00;14.11
498525;28.00;2217.00;28.50;84.00;14.21
498815;27.00;2225.00;28.50;84.00;14.11
499184;26.00;2066.00;28.50;84.00;14.11
499606;27.00;2085.00;28.50;84.00;14.21
499976;26.00;2156.00;28.50;84.00;14.11
500345;26.00;2043.00;28.50;84.00;14.21
500708;25.00;1950.00;28.50;84.00;14.11
501077;23.00;1926.00;28.50;84.00;14.21
501445;23.00;1884.00;28.50;84.00;14.30
501810;25.00;1936.00;28.50;84.00;14.21
502180;25.00;1979.00;28.50;84.00;14.11
502597;25.00;1949.00;28.50;84.00;14.21
503011;25.00;1911.00;28.50;84.00;14.30
503378;23.00;1930.00;28.50;84.00;14.21
503753;25.00;1879.00;28.50;84.00;14.21
504169;25.00;1960.00;28.50;84.00;14.21
504531;25.00;1995.00;28.50;84.75;14.21
504817;26.00;2115.00;28.50;84.75;14.21
505182;27.00;2118.00;28.50;84.75;14.21
505548;26.00;2136.00;28.50;84.75;14.21
505884;28.00;2330.00;28.50;84.75;14.21
506298;31.00;2385.00;28.50;84.75;14.11
506719;32.00;2509.00;28.50;84.75;14.11
507086;33.00;2586.00;28.50;84.75;14.21
507456;35.00;2683.00;28.50;84.75;14.11
507832;35.00;2810.00;28.50;84.75;14.02
508198;37.00;2929.00;28.50;84.75;14.11
508566;36.00;2781.00;28.50;84.75;14.11
508851;37.00;2824.00;28.50;84.75;14.11
509215;38.00;2904.00;28.50;84.75;14.11
509582;40.00;3032.00;28.50;84.75;14.11
509949;40.00;3173.00;28.50;84.75;13.92
510316;42.00;3330.00;28.50;84.75;14.11
510684;45.00;3484.00;28.50;84.75;13.92
511053;45.00;2717.00;28.50;84.75;14.21
511419;46.00;2874.00;28.50;84.75;14.11
511793;48.00;2968.00;28.50;84.75;14.11
512158;50.00;3055.00;28.50;84.75;14.11
512522;51.00;3143.00;28.50;84.75;14.11
512808;52.00;3224.00;28.50;84.75;14.02
513176;53.00;3299.00;28.50;84.75;14.11
513545;55.00;3327.00;28.50;84.75;14.11
513883;56.00;3428.00;28.50;84.75;14.11
514251;57.00;3495.00;28.50;84.75;14.11
514616;57.00;3520.00;28.50;84.75;14.11
514977;57.00;3541.00;28.50;84.75;14.02
515394;57.00;3516.00;28.50;84.75;14.02
515805;57.00;3511.00;28.50;84.75;14.11
516172;57.00;3541.00;28.50;84.75;14.11
516533;58.00;3574.00;28.50;84.75;13.92
516826;58.00;3607.00;28.50;84.75;14.11
517192;58.00;2846.00;28.50;84.75;14.02
517556;57.00;3182.00;28.50;84.75;14.11
517894;58.00;3032.00;28.50;84.75;14.11
518258;58.00;3060.00;28.50;84.75;14.11
518622;60.00;3114.00;28.50;84.75;14.11
519037;61.00;3157.00;28.50;84.75;14.02
519409;61.00;3157.00;28.50;84.75;14.11
519770;61.00;3126.00;28.50;84.75;14.11
520183;60.00;3118.00;28.50;84.75;14.11
520547;58.00;3113.00;28.50;84.75;14.11
520831;57.00;3001.00;28.50;84.75;13.92
521252;57.00;2954.00;28.50;84.75;14.02
521616;56.00;2941.00;28.50;84.75;14.11
521992;55.00;2863.00;28.50;84.75;14.11
522407;53.00;2780.00;28.50;84.75;14.11
522772;52.00;2771.00;28.50;84.75;14.11
523188;52.00;2719.00;28.50;84.75;14.11
523550;52.00;2724.00;28.50;84.75;14.11
523830;51.00;2741.00;28.50;84.75;14.02
524200;50.00;2600.00;28.50;84.75;14.11
524569;50.00;2530.00;28.50;84.75;14.21
524855;48.00;2521.00;28.50;84.75;14.11
525274;47.00;2444.00;28.50;84.75;14.11
525639;46.00;2411.00;28.50;84.75;14.11
526004;45.00;2332.00;28.50;84.75;14.21
526424;45.00;2335.00;28.50;84.75;14.21
526786;43.00;2290.00;28.50;84.75;14.11
527205;42.00;2248.00;28.50;84.75;14.11
527571;42.00;2170.00;28.50;84.75;14.21
527856;41.00;2223.00;28.50;84.75;14.21
528221;41.00;2232.00;28.50;84.75;14.11
528637;41.00;2535.00;28.50;84.75;14.11
528999;41.00;2559.00;28.50;84.75;14.11
529364;42.00;2588.00;28.50;84.75;14.11
529779;43.00;2696.00;28.50;84.75;14.21
530197;45.00;2728.00;28.50;84.75;14.11
530565;45.00;2757.00;28.50;84.75;14.11
530896;45.00;2788.00;28.50;84.75;14.21
531263;45.00;2755.00;28.50;84.75;14.11
531629;46.00;2845.00;28.50;84.75;14.11
531994;47.00;2874.00;28.50;84.00;14.11
532416;47.00;2894.00;28.50;84.00;14.11
532776;47.00;2891.00;28.50;84.00;14.21
533160;47.00;2912.00;28.50;84.00;14.02
533524;47.00;2921.00;28.50;84.00;14.11
533807;47.00;2890.00;28.50;84.00;14.02
534176;47.00;2909.00;28.50;84.00;14.11
534540;47.00;2914.00;28.50;84.00;14.02
534876;47.00;2941.00;28.50;84.00;14.11
535292;47.00;2947.00;28.50;84.00;13.92
535709;48.00;3016.00;28.50;84.00;14.02
536135;50.00;3052.00;28.50;84.00;14.11
536505;50.00;3101.00;28.50;84.00;14.11
536784;51.00;3132.00;28.50;84.00;14.11
537200;51.00;3167.00;28.50;84.00;14.02
537615;52.00;3254.00;28.50;84.00;14.11
538035;55.00;3370.00;28.50;84.00;14.11
538400;57.00;3503.00;28.50;84.00;14.02
538769;58.00;3624.00;28.50;84.00;14.11
539141;61.00;3818.00;28.50;84.00;14.11
539557;61.00;3152.00;28.50;84.00;14.11
539889;62.00;3232.00;28.50;84.00;14.02
540308;62.00;3295.00;28.50;84.00;14.11
540673;63.00;3342.00;28.50;84.00;14.11
541038;65.00;3378.00;28.50;84.00;14.11
541406;66.00;3422.00;28.50;84.00;14.02
541776;66.00;3451.00;27.75;84.00;14.02
542144;67.00;3491.00;27.75;84.00;14.11
542513;67.00;3545.00;27.75;84.00;14.11
542794;70.00;3623.00;27.75;84.00;14.11
543159;70.00;3714.00;27.75;84.00;14.02
543574;70.00;3278.00;27.75;84.00;14.02
543856;71.00;3272.00;27.75;84.00;14.11
544233;72.00;3331.00;27.75;84.00;14.11
544599;73.00;3367.00;27.75;84.00;14.02
544888;73.00;3398.00;27.75;84.00;14.11
545252;75.00;3464.00;27.75;84.00;14.11
545669;76.00;3507.00;27.75;84.00;13.92
546087;77.00;3542.00;27.75;84.00;14.02
546456;78.00;3598.00;27.75;84.00;14.11
546824;78.00;3671.00;27.75;84.00;14.11
547185;80.00;3714.00;27.75;84.00;14.11
547549;81.00;3731.00;27.75;84.00;14.02
547887;82.00;3798.00;27.75;84.00;14.11
548258;83.00;3855.00;27.75;84.00;14.11
548625;85.00;3912.00;27.75;84.00;14.11
549041;86.00;3975.00;27.75;84.00;14.02
549462;87.00;4018.00;27.75;84.00;14.02
549828;88.00;4098.00;27.75;84.00;14.11
550196;90.00;4139.00;27.75;84.00;14.11
550562;90.00;4152.00;27.75;84.00;14.11
550844;90.00;4165.00;27.75;84.00;14.11
551207;90.00;4169.00;27.75;84.00;14.11
551570;90.00;4152.00;27.75;84.00;14.11
551852;90.00;4133.00;27.75;84.00;14.02
552218;88.00;4105.00;27.75;84.00;14.11
552585;88.00;4068.00;27.75;84.00;14.02
552871;87.00;4059.00;27.75;84.00;14.11
553241;86.00;3965.00;27.75;84.00;14.11
553608;85.00;3933.00;27.75;84.00;14.02
553947;83.00;3885.00;27.75;84.00;14.11
554322;83.00;3870.00;27.75;83.25;14.11
554740;83.00;3834.00;27.75;83.25;14.11
555101;82.00;3840.00;27.75;83.25;14.11
555464;83.00;3843.00;27.75;83.25;14.11
555830;85.00;3902.00;27.75;83.25;14.02
556199;85.00;3931.00;27.75;83.25;14.02
556562;85.00;3930.00;27.75;83.25;14.11
556845;86.00;3962.00;27.75;83.25;14.11
557209;86.00;3945.00;27.75;83.25;14.11
557570;86.00;3975.00;27.75;83.25;14.02
557905;86.00;3987.00;27.75;83.25;14.02
558271;86.00;3993.00;27.75;83.25;14.11
558636;86.00;3971.00;27.75;83.25;14.11
559047;86.00;3977.00;27.75;83.25;14.11
559406;86.00;3980.00;27.75;83.25;14.02
559896;86.00;3995.00;27.75;83.25;14.02
560257;86.00;3984.00;27.75;83.25;14.02
560619;87.00;4002.00;27.75;83.25;14.02
560904;87.00;3995.00;27.75;83.25;14.02
561316;87.00;4020.00;27.75;83.25;14.11
561681;87.00;4019.00;27.75;83.25;14.02
562044;87.00;4042.00;27.75;83.25;14.11
562416;87.00;3992.00;27.75;83.25;14.11
562777;86.00;3968.00;27.75;83.25;14.11
563142;85.00;3931.00;27.75;83.25;14.11
563509;85.00;3926.00;27.75;83.25;14.02
563873;85.00;3923.00;27.75;83.25;14.11
564238;86.00;3946.00;27.75;83.25;14.02
564657;86.00;3969.00;27.75;83.25;14.02
565018;86.00;3971.00;27.75;83.25;14.02
565432;87.00;3999.00;27.75;83.25;14.11
565800;87.00;4029.00;27.75;82.50;14.02
566218;87.00;4066.00;27.75;82.50;14.11
566634;88.00;4083.00;27.75;82.50;14.11
566918;88.00;4096.00;27.75;82.50;14.11
567283;90.00;4128.00;27.75;82.50;14.11
567647;91.00;4165.00;27.75;82.50;14.02
568067;91.00;4217.00;27.75;82.50;14.11
568431;92.00;4219.00;27.75;82.50;14.02
568799;92.00;4227.00;27.75;82.50;14.11
569163;92.00;4216.00;27.75;82.50;14.02
569528;92.00;4235.00;27.75;82.50;14.11
569893;92.00;4241.00;27.75;82.50;14.02
570263;92.00;4267.00;27.75;82.50;13.92
570628;92.00;4259.00;27.75;82.50;14.11
570963;93.00;4272.00;27.75;82.50;14.11
571378;93.00;4294.00;27.75;82.50;14.02
571794;93.00;4309.00;27.75;82.50;14.11
572209;93.00;4308.00;27.75;82.50;14.02
572625;93.00;4312.00;27.75;82.50;14.11
572912;93.00;4308.00;27.75;82.50;14.11
573273;93.00;4310.00;27.75;82.50;14.11
573633;93.00;4324.00;27.75;82.50;14.11
573964;93.00;4312.00;27.75;82.50;14.02
574327;93.00;4265.00;27.75;82.50;14.11
574691;92.00;4271.00;27.75;82.50;14.02
575060;92.00;4206.00;27.75;82.50;14.11
575427;91.00;4188.00;27.75;82.50;14.11
575791;90.00;4171.00;27.75;82.50;14.11
576156;90.00;4150.00;27.75;82.50;14.11
576522;90.00;4154.00;27.75;82.50;14.02
576886;90.00;4143.00;27.75;82.50;14.11
577253;90.00;4140.00;27.75;82.50;14.02
577617;90.00;4177.00;27.75;82.50;14.11
577901;90.00;4158.00;27.75;82.50;14.11
578330;91.00;4193.00;27.75;82.50;14.11
578697;91.00;4184.00;27.75;82.50;14.11
579058;90.00;4144.00;27.75;82.50;14.11
579424;90.00;4148.00;27.75;82.50;14.11
579787;91.00;4163.00;27.75;82.50;14.02
580157;91.00;4199.00;27.75;82.50;14.02
580522;91.00;4217.00;27.75;82.50;14.11
580938;92.00;4223.00;27.75;82.50;14.02
581357;92.00;4271.00;27.75;82.50;14.11
581722;91.00;3672.00;27.75;82.50;14.11
582090;90.00;3824.00;27.75;82.50;14.11
582456;90.00;3800.00;27.75;82.50;14.02
582823;90.00;3824.00;27.75;82.50;13.92
583189;90.00;3823.00;27.75;82.50;14.02
583606;90.00;3826.00;27.75;82.50;14.11
583940;90.00;3811.00;27.75;82.50;14.11
584301;90.00;3814.00;27.75;82.50;14.11
584714;90.00;3803.00;27.75;82.50;14.11
585077;90.00;3802.00;27.75;82.50;14.11
585438;90.00;3808.00;27.75;82.50;14.11
585849;88.00;3760.00;27.75;82.50;13.92
586217;88.00;3742.00;27.75;82.50;14.11
586639;87.00;3705.00;27.75;82.50;14.11
586924;87.00;3699.00;27.75;82.50;14.11
587337;86.00;3628.00;27.75;82.50;14.11
587702;85.00;3598.00;27.75;82.50;14.11
588068;83.00;3587.00;27.75;82.50;14.11
588432;83.00;3559.00;27.75;82.50;14.11
588793;83.00;3560.00;27.75;82.50;14.11
589156;83.00;3540.00;27.75;82.50;14.02
589576;83.00;3565.00;27.75;82.50;13.92
589911;81.00;3914.00;27.75;82.50;14.11
590278;81.00;3700.00;27.75;82.50;14.11
590697;80.00;3663.00;27.75;82.50;14.02
591116;80.00;3662.00;27.75;82.50;14.11
591479;78.00;3646.00;27.75;82.50;14.11
591894;78.00;3652.00;27.75;83.25;13.92
592262;78.00;3617.00;27.75;82.50;14.11
592632;78.00;3606.00;27.75;82.50;14.11
592914;77.00;3584.00;27.75;82.50;14.11
593279;77.00;3563.00;27.75;82.50;14.11
593640;77.00;3560.00;27.75;82.50;14.11
593920;76.00;3547.00;27.75;82.50;14.11
594286;76.00;3530.00;27.75;82.50;14.11
594698;76.00;3522.00;27.75;82.50;14.11
595060;76.00;3509.00;27.75;82.50;14.02
595473;76.00;3509.00;27.75;82.50;13.92
595833;75.00;3483.00;27.75;82.50;14.11
596251;75.00;3412.00;27.75;82.50;14.02
596616;73.00;3392.00;27.75;82.50;14.11
596956;72.00;3380.00;27.75;82.50;14.11
597320;72.00;3338.00;27.75;82.50;14.02
597737;71.00;3295.00;27.75;82.50;14.11
598157;71.00;3273.00;27.75;82.50;14.11
598519;70.00;3254.00;27.75;82.50;14.11
598934;70.00;3201.00;27.75;82.50;14.11
599296;68.00;3208.00;27.75;82.50;14.11
599662;68.00;3187.00;27.75;82.50;14.02
599947;68.00;3149.00;27.75;82.50;14.11
600312;67.00;3026.00;27.75;82.50;14.11
600675;66.00;3584.00;27.75;82.50;14.11
600961;66.00;3469.00;27.75;82.50;14.11
601322;66.00;3473.00;27.75;82.50;14.11
601735;66.00;3472.00;27.75;82.50;14.11
602096;67.00;3512.00;27.75;82.50;14.11
602461;68.00;3547.00;27.75;82.50;14.11
602878;68.00;3598.00;27.75;82.50;14.11
603289;68.00;3618.00;27.75;82.50;14.11
603702;68.00;3607.00;27.75;82.50;14.02
604065;68.00;3592.00;27.75;82.50;14.11
604429;68.00;3567.00;27.75;82.50;14.11
604796;68.00;3532.00;27.75;82.50;14.11
605159;67.00;3519.00;27.75;82.50;14.11
605523;67.00;3526.00;27.75;82.50;14.11
605884;67.00;3549.00;27.75;82.50;14.02
606298;68.00;3565.00;27.75;82.50;14.11
606666;68.00;3565.00;27.75;82.50;14.11
606942;68.00;3585.00;27.75;82.50;14.11
607304;68.00;3617.00;27.75;82.50;14.11
607715;70.00;3651.00;27.75;82.50;14.11
608084;70.00;3651.00;27.75;82.50;14.11
608493;70.00;3658.00;27.75;82.50;14.11
608859;70.00;3629.00;27.75;82.50;14.11
609271;71.00;3693.00;27.75;82.50;14.02
609692;71.00;3677.00;27.75;82.50;14.02
609973;71.00;3687.00;27.75;82.50;14.02
610336;71.00;3675.00;27.75;82.50;14.11
610751;71.00;3681.00;27.75;82.50;14.11
611112;70.00;3640.00;27.75;82.50;14.11
611527;70.00;3650.00;27.75;82.50;14.11
611888;70.00;3618.00;27.75;82.50;14.11
612249;70.00;3629.00;27.75;82.50;13.92
612614;70.00;3610.00;27.75;82.50;14.11
612949;68.00;3609.00;27.75;82.50;14.11
613313;68.00;3568.00;27.75;82.50;14.11
613674;68.00;3591.00;27.75;82.50;14.11
614004;68.00;3594.00;27.75;82.50;14.11
614417;68.00;3614.00;27.75;82.50;14.11
614780;70.00;3644.00;27.75;82.50;14.11
615146;71.00;3703.00;27.75;82.50;14.11
615509;71.00;3740.00;27.75;82.50;14.11
615870;72.00;3764.00;27.75;82.50;14.02
616239;72.00;3771.00;27.75;82.50;13.92
616605;72.00;3757.00;27.75;82.50;14.11
616946;72.00;3775.00;27.75;82.50;13.92
617313;72.00;3772.00;27.75;82.50;14.11
617679;72.00;3755.00;27.75;82.50;14.11
617960;72.00;3739.00;27.75;82.50;14.11
618320;71.00;3708.00;27.75;82.50;14.11
618683;71.00;3674.00;27.75;82.50;14.11
619017;70.00;3579.00;27.75;82.50;14.11
619433;68.00;3575.00;27.75;82.50;14.11
619797;67.00;3545.00;27.75;82.50;14.02
620166;67.00;3541.00;27.75;82.50;14.11
620582;66.00;2664.00;27.75;82.50;14.11
620947;66.00;3040.00;27.75;82.50;14.02
621311;66.00;3069.00;27.75;82.50;14.11
621675;66.00;3070.00;27.75;82.50;14.11
621959;67.00;3083.00;27.75;82.50;14.11
622326;67.00;3103.00;27.75;82.50;14.11
622689;67.00;3102.00;27.75;82.50;14.11
622971;67.00;3130.00;27.75;82.50;14.02
623336;68.00;3134.00;27.75;82.50;14.11
623720;67.00;3138.00;27.75;82.50;14.11
624005;67.00;3117.00;27.75;82.50;14.11
624366;67.00;3117.00;27.75;82.50;14.02
624728;67.00;3120.00;27.75;82.50;14.11
625094;67.00;3097.00;27.75;82.50;14.11
625455;66.00;3082.00;27.75;82.50;14.11
625821;66.00;3081.00;27.75;82.50;14.11
626234;67.00;3095.00;27.75;82.50;14.11
626600;67.00;3107.00;27.75;82.50;14.11
627012;67.00;3076.00;27.75;82.50;14.02
627377;66.00;3084.00;27.75;83.25;14.11
627749;66.00;3061.00;27.75;83.25;14.11
628160;66.00;3061.00;27.75;83.25;14.11
628519;66.00;3030.00;27.75;83.25;14.11
628882;65.00;3005.00;27.75;83.25;14.11
629298;65.00;3002.00;27.75;83.25;14.11
629715;65.00;2988.00;27.75;83.25;14.11
629996;63.00;2963.00;27.75;83.25;14.11
630413;63.00;2946.00;27.75;83.25;14.02
630778;63.00;2950.00;27.75;83.25;14.11
631142;63.00;2934.00;27.75;83.25;14.11
631555;63.00;2932.00;27.75;83.25;14.11
631917;63.00;2919.00;27.75;83.25;14.11
632329;63.00;2922.00;27.75;83.25;14.11
632740;63.00;2918.00;27.75;83.25;14.11
633154;62.00;2906.00;27.75;83.25;14.11
633519;62.00;2895.00;27.75;83.25;14.02
633884;62.00;3272.00;27.75;83.25;14.11
634248;60.00;2880.00;27.75;83.25;14.11
634612;58.00;3146.00;27.75;83.25;14.11
634975;58.00;3076.00;27.75;83.25;14.11
635337;58.00;3067.00;27.75;83.25;14.11
635750;60.00;3085.00;27.75;83.25;14.11
636114;60.00;3120.00;27.75;83.25;14.02
636479;60.00;3146.00;27.75;83.25;14.11
636897;60.00;3127.00;27.75;83.25;14.21
637266;60.00;3106.00;27.75;83.25;14.11
637630;60.00;3099.00;27.75;83.25;14.02
637914;58.00;3074.00;27.75;83.25;14.11
638281;58.00;3078.00;27.75;83.25;13.92
638648;58.00;3077.00;27.75;83.25;14.11
638984;58.00;3090.00;27.75;83.25;14.11
639396;58.00;3095.00;27.75;83.25;14.11
639808;60.00;3093.00;27.75;83.25;14.11
640172;60.00;3114.00;27.75;83.25;14.11
640582;60.00;3128.00;27.75;83.25;14.11
640944;60.00;3137.00;27.75;83.25;14.11
641306;60.00;3132.00;27.75;83.25;14.02
641722;60.00;3131.00;27.75;83.25;14.11
642006;60.00;3116.00;27.75;83.25;14.11
642367;60.00;3088.00;27.75;83.25;14.11
642729;58.00;3082.00;27.75;83.25;14.11
643094;58.00;3085.00;27.75;83.25;14.02
643510;58.00;3075.00;27.75;83.25;14.11
643878;60.00;3090.00;27.75;83.25;14.11
644293;58.00;3066.00;27.75;83.25;14.11
644709;58.00;3083.00;27.75;83.25;14.11
644992;58.00;3073.00;27.75;83.25;14.11
645353;58.00;3085.00;27.75;83.25;14.02
645717;58.00;3089.00;27.75;83.25;14.11
646017;58.00;3085.00;27.75;83.25;14.11
646378;58.00;3076.00;27.75;83.25;14.11
646739;58.00;3077.00;27.75;83.25;14.11
647154;60.00;3101.00;27.75;83.25;14.11
647570;60.00;3129.00;27.75;83.25;14.02
647984;60.00;3140.00;27.75;83.25;14.02
648398;60.00;3142.00;27.75;83.25;13.92
648812;60.00;3135.00;27.75;83.25;14.02
649178;60.00;3092.00;27.75;84.00;14.11
649546;58.00;3031.00;27.75;84.00;14.02
649965;56.00;2967.00;27.75;84.00;14.02
650382;53.00;2744.00;27.75;84.00;14.02
650797;51.00;2716.00;27.75;84.00;14.11
651221;48.00;2573.00;27.75;84.00;14.11
651587;46.00;2411.00;27.75;84.00;14.21
651957;45.00;2335.00;27.75;84.00;14.21
652324;42.00;2129.00;27.75;84.00;14.30
652693;41.00;1707.00;27.75;84.00;14.30
652979;38.00;2416.00;27.75;84.00;14.21
653399;36.00;2260.00;27.75;84.00;14.11
653770;33.00;2055.00;27.75;84.00;14.30
654139;28.00;1722.00;27.75;84.00;14.21
654506;26.00;1395.00;27.75;84.00;14.30
654925;26.00;1946.00;27.75;84.00;14.21
655296;26.00;1721.00;27.75;84.00;14.30
655661;27.00;1861.00;27.75;84.00;14.21
655950;28.00;2073.00;27.75;84.00;14.21
656365;26.00;2111.00;27.75;84.00;14.21
656780;26.00;2193.00;27.75;84.00;14.30
657145;26.00;2148.00;27.75;84.00;14.30
657507;27.00;2165.00;27.75;84.00;14.30
657872;28.00;2236.00;27.75;84.00;14.02
658292;28.00;2292.00;27.75;84.00;14.11
658660;30.00;2310.00;27.75;84.00;14.21
658946;30.00;2355.00;27.75;84.00;14.21
659309;31.00;2390.00;27.75;84.00;14.11
659728;31.00;2427.00;27.75;84.00;14.21
660014;30.00;2178.00;27.75;84.00;14.11
660381;28.00;2296.00;27.75;84.00;14.21
660749;28.00;2293.00;27.75;84.00;14.21
661030;30.00;2343.00;27.75;84.00;14.21
661398;31.00;2405.00;27.75;84.75;14.11
661772;32.00;2515.00;27.75;84.75;14.11
662136;33.00;2625.00;27.75;84.75;14.21
662506;35.00;2723.00;27.75;84.75;14.21
662870;36.00;2830.00;27.75;84.75;14.02
663239;37.00;2880.00;27.75;84.75;14.02
663605;37.00;2955.00;27.75;84.75;14.11
663972;37.00;2979.00;27.75;84.75;14.11
664335;37.00;2986.00;27.75;84.75;14.11
664697;38.00;2987.00;27.75;84.75;14.11
664981;37.00;2950.00;27.75;84.75;14.21
665349;37.00;2935.00;27.75;84.75;14.11
665714;37.00;2892.00;27.75;84.75;14.02
665998;36.00;2856.00;27.75;84.75;14.11
666367;36.00;2788.00;27.75;84.75;14.11
666730;35.00;2663.00;27.75;84.75;14.11
667015;33.00;2574.00;27.75;84.75;14.11
667386;32.00;2493.00;27.75;84.75;14.11
667752;31.00;2394.00;27.75;84.75;14.11
668040;28.00;2286.00;27.75;84.75;14.11
668405;27.00;2103.00;27.75;84.75;14.21
668823;25.00;1936.00;27.75;84.75;14.21
669203;23.00;1844.00;27.75;84.75;14.30
669572;22.00;2363.00;27.75;84.75;14.11
669941;23.00;2455.00;27.75;84.75;14.11
670310;26.00;2075.00;27.75;84.75;14.21
670679;27.00;2165.00;27.75;84.75;14.21
671017;28.00;2290.00;27.75;84.75;14.11
671387;31.00;2469.00;27.75;84.75;14.21
671756;33.00;2627.00;27.75;84.75;14.02
672044;36.00;2882.00;27.75;84.75;14.11
672415;40.00;3110.00;27.75;84.75;14.11
672780;42.00;3355.00;27.75;84.75;14.11
673146;46.00;3575.00;27.75;84.75;14.11
673512;48.00;3761.00;27.75;84.75;14.02
673881;48.00;3816.00;27.75;84.75;14.11
674246;48.00;3836.00;27.75;84.75;14.02
674611;50.00;3872.00;27.75;84.75;14.11
674980;50.00;3911.00;27.75;84.75;14.02
675347;51.00;3991.00;27.75;84.75;14.11
675718;52.00;4100.00;27.75;84.75;14.02
676008;55.00;4304.00;27.75;84.75;14.02
676373;57.00;4533.00;27.75;84.75;14.02
676789;60.00;4594.00;27.75;84.75;14.02
677155;60.00;3680.00;27.75;84.75;14.11
677522;61.00;3723.00;27.75;84.75;14.11
677938;61.00;3717.00;27.75;84.75;14.11
678302;61.00;3737.00;27.75;84.75;14.02
678718;61.00;3754.00;27.75;84.75;14.02
679000;62.00;3830.00;27.75;84.75;14.11
679368;63.00;3934.00;27.75;84.75;14.11
679784;66.00;4046.00;27.75;84.75;14.02
680153;67.00;4177.00;27.75;84.75;14.11
680521;70.00;4306.00;27.75;84.75;14.11
680887;73.00;4485.00;27.75;84.75;14.11
681251;75.00;4579.00;27.75;84.75;13.92
681621;77.00;4731.00;27.75;84.75;14.02
681988;76.00;3940.00;27.75;84.75;14.11
682358;76.00;3949.00;27.75;84.75;14.11
682770;76.00;3964.00;27.75;84.75;14.11
683052;76.00;3939.00;27.75;84.75;14.11
683468;75.00;3849.00;27.75;84.75;14.11
683833;72.00;3780.00;27.75;84.75;14.11
684249;70.00;3696.00;27.75;84.75;14.11
684665;67.00;3495.00;27.75;84.75;14.11
685149;66.00;3431.00;27.75;84.75;14.11
685532;65.00;3340.00;27.75;84.75;14.02
685903;63.00;3301.00;27.75;84.75;14.02
686267;62.00;3257.00;27.75;84.75;14.21
686636;61.00;3216.00;27.75;84.75;14.11
687003;60.00;3109.00;27.75;84.75;14.11
687370;58.00;2911.00;27.75;84.75;14.21
687790;57.00;2965.00;27.75;84.75;14.11
688078;55.00;2863.00;27.75;84.75;14.11
688442;53.00;2781.00;27.75;84.75;14.11
688807;51.00;2656.00;27.75;84.75;14.21
689175;48.00;2550.00;27.75;84.75;14.21
689541;47.00;2458.00;27.75;84.75;14.21
689909;45.00;2374.00;27.75;84.75;14.21
690274;45.00;2407.00;27.75;84.75;14.11
690639;45.00;2316.00;27.75;84.75;14.21
691055;45.00;2369.00;27.75;84.75;14.21
691468;46.00;2436.00;27.75;84.75;14.11
691888;47.00;2454.00;27.75;85.50;14.11
692257;47.00;2490.00;27.75;85.50;14.11
692621;47.00;2505.00;27.75;85.50;14.21
692989;47.00;2488.00;27.75;85.50;14.11
693354;48.00;2532.00;27.75;85.50;14.11
693770;48.00;2522.00;27.75;85.50;14.11
694051;50.00;2573.00;27.75;85.50;14.21
694469;50.00;2641.00;27.75;85.50;14.11
694835;51.00;2713.00;27.75;85.50;14.02
695203;52.00;2765.00;27.75;85.50;14.11
695574;53.00;2820.00;27.75;85.50;14.02
695944;55.00;2891.00;27.75;85.50;14.11
696363;57.00;2981.00;27.75;85.50;14.11
696779;58.00;3073.00;27.75;84.75;14.11
697066;60.00;3123.00;27.75;84.75;14.11
697432;62.00;3222.00;27.75;84.75;14.11
697798;63.00;3305.00;27.75;84.75;14.11
698083;65.00;3387.00;27.75;84.75;14.11
698448;67.00;3485.00;27.75;84.75;14.11
698816;68.00;3609.00;27.75;84.75;14.11
699181;71.00;3715.00;27.75;84.75;14.11
699547;72.00;3802.00;27.75;84.75;14.11
699963;76.00;3920.00;27.75;84.75;14.11
700333;77.00;3996.00;27.75;84.75;14.11
700698;78.00;4085.00;27.75;84.75;14.11
701114;80.00;4157.00;27.75;84.75;14.11
701530;80.00;4172.00;27.75;84.75;14.11
701893;82.00;4262.00;27.75;84.75;14.02
702262;83.00;4368.00;27.75;84.75;14.11
702682;86.00;4494.00;27.75;84.75;14.11
703048;86.00;3995.00;27.75;84.75;14.11
703412;88.00;4068.00;27.75;84.75;14.02
703832;90.00;4110.00;27.75;84.75;14.11
704202;92.00;4231.00;27.75;84.75;14.02
704571;93.00;4312.00;27.75;84.75;14.02
704937;95.00;4320.00;27.75;84.75;14.02
705302;97.00;4502.00;27.75;84.75;14.11
705678;96.00;4081.00;27.75;84.75;14.11
706043;95.00;4005.00;27.75;84.75;14.02
706412;95.00;4013.00;27.75;84.75;14.11
706777;93.00;3997.00;27.75;84.75;14.02
707117;93.00;3949.00;27.75;84.75;14.02
707479;92.00;3912.00;27.75;84.75;14.11
707848;90.00;3830.00;27.75;84.00;14.11
708219;88.00;3738.00;27.75;84.00;14.11
708583;86.00;3649.00;27.75;84.00;14.11
708948;83.00;3541.00;27.75;84.00;14.11
709364;80.00;3386.00;27.75;84.00;14.21
709737;78.00;3286.00;27.75;84.00;14.11
710076;75.00;3217.00;27.75;84.00;14.11
710442;73.00;3115.00;27.75;84.00;14.11
710808;72.00;3079.00;27.75;84.00;14.11
711091;70.00;2958.00;27.75;84.00;14.11
711457;67.00;2889.00;27.75;84.00;14.21
711826;66.00;2813.00;27.75;84.00;14.11
712195;63.00;2710.00;27.75;84.00;14.11
712564;61.00;2598.00;27.75;84.00;14.11
712930;57.00;2447.00;27.75;84.00;14.21
713349;55.00;2324.00;27.75;84.00;14.21
713765;51.00;2206.00;27.75;84.00;14.21
714048;48.00;2084.00;27.75;84.00;14.21
714413;46.00;1946.00;27.75;84.00;14.21
714795;43.00;1717.00;27.75;84.00;14.21
715081;41.00;1406.00;27.75;84.00;14.39
715449;37.00;1386.00;27.75;84.00;14.39
715913;32.00;1378.00;27.75;84.00;14.39
716471;31.00;1366.00;27.75;84.00;14.39
716838;30.00;1310.00;27.75;84.00;14.39
717253;28.00;1369.00;27.75;84.00;14.30
717623;28.00;1308.00;27.75;84.00;14.39
717987;27.00;1314.00;27.75;84.00;14.30
718354;27.00;1294.00;27.75;84.00;14.49
718719;26.00;1287.00;27.75;84.00;14.30
719086;26.00;1321.00;27.75;84.00;14.49
719452;25.00;1292.00;27.75;84.00;14.39
719825;25.00;1266.00;27.75;84.00;14.30
720161;26.00;1250.00;27.75;84.00;14.49
720531;26.00;1279.00;27.75;84.00;14.30
720896;26.00;1288.00;27.75;84.00;14.39
721261;26.00;1252.00;27.75;84.00;14.39
721626;27.00;1918.00;27.75;84.00;14.30
722046;28.00;1634.00;27.75;84.00;14.30
722413;31.00;1746.00;27.75;84.00;14.21
722783;32.00;2556.00;27.75;84.00;14.02
723121;32.00;1961.00;27.75;84.00;14.21
723486;35.00;2103.00;27.75;84.00;14.11
723905;38.00;1994.00;27.75;84.00;14.11
724272;41.00;2144.00;27.75;84.00;14.21
724640;43.00;2315.00;27.75;84.00;14.11
725011;47.00;2490.00;27.75;84.00;14.11
725376;51.00;2632.00;27.75;84.00;14.11
725742;52.00;2743.00;27.75;84.00;14.02
726034;56.00;2910.00;27.75;84.00;13.92
726404;58.00;3067.00;27.75;84.00;14.02
726772;61.00;3163.00;27.75;84.00;14.11
727112;63.00;3344.00;27.75;84.00;14.11
727478;66.00;3427.00;27.75;84.00;14.11
727843;67.00;3508.00;27.75;84.00;14.11
728213;68.00;3571.00;27.75;84.00;14.11
728614;70.00;3622.00;27.75;84.00;14.11
728978;71.00;3700.00;27.75;84.00;14.11
729344;71.00;3638.00;27.75;84.00;14.11
729705;71.00;3700.00;27.75;84.00;14.11
730068;71.00;3684.00;27.75;84.00;14.11
730480;71.00;3689.00;27.75;84.00;13.92
730843;72.00;3734.00;27.75;84.00;14.11
731212;72.00;3805.00;27.75;84.00;14.02
731576;72.00;2852.00;27.75;84.00;14.11
731941;72.00;3324.00;27.75;83.25;14.11
732306;72.00;3336.00;27.75;83.25;14.21
732671;71.00;3267.00;27.75;83.25;14.21
733035;70.00;3240.00;27.75;83.25;14.11
733403;71.00;3236.00;27.75;83.25;14.11
733767;71.00;3295.00;27.75;83.25;14.11
734099;71.00;3248.00;27.75;83.25;14.11
734460;72.00;3426.00;27.75;83.25;14.02
734831;73.00;3360.00;27.75;83.25;14.11
735171;72.00;3316.00;27.75;83.25;14.21
735538;71.00;3258.00;27.75;83.25;14.11
735906;70.00;3244.00;27.75;83.25;14.11
736272;70.00;3224.00;27.75;83.25;14.11
736634;68.00;3154.00;27.75;83.25;14.11
736999;68.00;3172.00;27.75;83.25;14.11
737410;67.00;3130.00;27.75;83.25;14.11
737824;67.00;3136.00;27.75;83.25;14.11
738106;68.00;3170.00;27.75;83.25;14.02
738473;68.00;3192.00;27.75;83.25;14.11
738839;68.00;3124.00;27.75;82.50;14.11
739122;67.00;3127.00;27.75;82.50;14.11
739487;67.00;3106.00;27.75;82.50;14.11
739849;66.00;3091.00;27.75;82.50;14.11
740190;66.00;3029.00;27.75;82.50;14.21
740553;66.00;3030.00;27.75;82.50;14.21
740914;65.00;2983.00;27.75;82.50;14.21
741329;65.00;2973.00;27.75;82.50;14.21
741741;63.00;2950.00;27.75;82.50;14.21
742105;63.00;2934.00;27.75;82.50;14.11
742470;62.00;2901.00;27.75;82.50;14.11
742835;62.00;2893.00;27.75;82.50;14.21
743118;62.00;2860.00;27.75;82.50;14.11
743534;61.00;2854.00;27.75;82.50;14.11
743949;61.00;2841.00;27.75;82.50;14.02
744366;61.00;2822.00;27.75;82.50;14.11
744780;61.00;2808.00;27.75;82.50;14.11
745061;61.00;2917.00;27.75;82.50;14.11
745422;62.00;2851.00;27.75;82.50;14.11
745837;61.00;2801.00;27.75;81.75;14.11
746126;61.00;2821.00;27.75;81.75;14.11
746487;61.00;2813.00;27.75;81.75;14.21
746851;60.00;2766.00;27.75;81.75;14.11
747189;58.00;2759.00;27.75;81.75;14.11
747552;58.00;2731.00;27.75;81.75;14.02
747918;58.00;2711.00;27.75;81.75;14.21
748333;57.00;2650.00;27.75;81.75;14.11
748753;56.00;2636.00;27.75;81.75;14.11
749119;56.00;2608.00;27.75;81.75;14.11
749481;56.00;2587.00;27.75;81.75;14.11
749863;56.00;2579.00;27.75;81.75;14.11
750199;55.00;2555.00;27.75;81.75;14.11
750566;55.00;2539.00;27.75;81.75;14.11
750931;55.00;2534.00;27.75;81.75;14.02
751347;55.00;2533.00;27.75;81.75;14.11
751715;55.00;2536.00;27.75;81.75;14.02
752129;55.00;2522.00;27.75;81.75;14.11
752546;55.00;2527.00;27.75;81.75;14.21
752961;53.00;2488.00;27.75;81.75;14.11
753330;53.00;2496.00;27.75;81.75;14.21
753746;53.00;2451.00;27.75;81.75;14.11
754161;53.00;2480.00;27.75;81.75;14.21
754578;52.00;2450.00;27.75;81.75;14.11
754997;52.00;2470.00;27.75;81.75;14.11
755408;52.00;2441.00;27.75;81.75;14.11
755820;52.00;2439.00;27.75;81.75;14.21
756104;52.00;2413.00;27.75;81.75;14.21
756465;52.00;2425.00;27.75;81.75;14.21
756877;52.00;2409.00;28.50;81.75;14.11
757245;52.00;2379.00;28.50;81.75;14.11
757658;52.00;2362.00;28.50;81.75;14.21
758022;51.00;2399.00;28.50;81.75;14.11
758390;51.00;2358.00;28.50;81.75;14.21
758754;51.00;2353.00;28.50;81.75;14.11
759088;50.00;2330.00;28.50;81.75;14.21
759457;50.00;2261.00;28.50;81.75;14.21
759824;48.00;2271.00;28.50;81.75;14.21
760113;47.00;2181.00;28.50;81.75;14.21
760497;45.00;2129.00;28.50;81.75;14.02
760915;42.00;1983.00;28.50;81.75;14.21
761334;38.00;1847.00;28.50;81.75;14.30
761755;35.00;1640.00;28.50;81.75;14.30
762170;31.00;1389.00;28.50;81.75;14.39
762589;27.00;1410.00;28.50;81.75;14.39
762958;23.00;1410.00;28.50;81.75;14.49
763322;21.00;1387.00;28.50;81.75;14.39
763692;18.00;1434.00;28.50;81.75;14.39
764058;15.00;1377.00;28.50;81.75;14.39
764423;13.00;1297.00;28.50;81.75;14.39
764838;11.00;1407.00;28.50;81.75;14.30
765125;10.00;1325.00;28.50;81.75;14.39
765494;10.00;1439.00;28.50;81.75;14.39
765856;8.00;1343.00;28.50;81.75;14.30
766145;8.00;1335.00;28.50;81.75;14.39
766510;8.00;1383.00;28.50;81.75;14.39
766870;7.00;1314.00;28.50;81.75;14.39
767155;7.00;1265.00;28.50;81.75;14.39
767516;7.00;1284.00;28.50;81.75;14.30
767879;6.00;1290.00;28.50;82.50;14.39
768221;5.00;1284.00;28.50;82.50;14.39
768587;3.00;1283.00;28.50;82.50;14.49
768956;0;1270.00;28.50;82.50;14.39
769324;0;1264.00;28.50;82.50;14.39
769686;0;1239.00;28.50;82.50;14.30
770101;0;1309.00;28.50;82.50;14.30
770512;0;1201.00;28.50;82.50;14.30
770875;0;1243.00;28.50;82.50;14.49
771159;0;1332.00;28.50;82.50;14.39
771523;0;1246.00;28.50;82.50;14.49
771939;0;1268.00;28.50;82.50;14.39
772303;0;1243.00;28.50;82.50;14.39
772716;0;1230.00;28.50;82.50;14.49
773079;0;1240.00;28.50;82.50;14.39
773443;0;1250.00;28.50;83.25;14.49
773809;0;1238.00;28.50;83.25;14.49
774142;0;1294.00;28.50;83.25;14.49
774555;0;1278.00;28.50;83.25;14.39
774918;0;1281.00;28.50;83.25;14.39
775280;0;1252.00;28.50;83.25;14.49
775645;0;1214.00;28.50;83.25;14.39
776009;0;1232.00;28.50;83.25;14.39
776371;0;1221.00;28.50;83.25;14.49
776789;0;1237.00;28.50;83.25;14.39
777204;0;1252.00;28.50;83.25;14.49
777619;0;1213.00;28.50;83.25;14.39
777983;0;1262.00;28.50;84.00;14.39
778398;0;1261.00;28.50;84.00;14.49
778761;0;1242.00;28.50;84.00;14.49
779122;0;1235.00;28.50;84.00;14.49
779482;0;1288.00;28.50;84.00;14.39
779898;0;1226.00;28.50;84.00;14.30
780180;0;1252.00;28.50;84.00;14.30
780591;0;1217.00;28.50;84.00;14.49
780956;0;1239.00;28.50;84.00;14.49
781320;0;1235.00;28.50;84.00;14.49
781732;0;1251.00;28.50;84.00;14.39
782095;0;1293.00;28.50;84.00;14.39
782462;0;1244.00;28.50;84.00;14.39
782874;0;1219.00;28.50;84.75;14.30
783162;0;1229.00;28.50;84.75;14.49
783526;0;1231.00;28.50;84.75;14.49
783889;0;1258.00;28.50;84.75;14.39
784173;0;1233.00;28.50;84.75;14.39
784535;0;1267.00;28.50;84.75;14.49
784899;0;1251.00;28.50;84.75;14.39
785233;0;1248.00;28.50;84.75;14.39
785645;0;1238.00;28.50;84.75;14.49
786010;0;1270.00;28.50;84.75;14.39
786375;0;1261.00;28.50;84.75;14.49
786791;0;1251.00;28.50;84.75;14.39
787156;0;1243.00;28.50;84.75;14.39
787517;0;1236.00;28.50;84.75;14.39
787928;0;1225.00;28.50;84.75;14.39
788300;0;1233.00;28.50;84.75;14.30
788714;0;1253.00;28.50;84.75;14.49
789131;0;1213.00;28.50;84.75;14.49
789543;0;1237.00;28.50;85.50;14.39
789910;0;1213.00;28.50;85.50;14.49
790193;0;1207.00;28.50;85.50;14.39
790564;0;1257.00;28.50;85.50;14.39
790925;0;1246.00;28.50;85.50;14.39
791285;0;1208.00;28.50;85.50;14.39
791646;0;1230.00;28.50;85.50;14.39
792006;0;1253.00;28.50;85.50;14.39
792366;0;1249.00;28.50;85.50;14.39
792725;0;1202.00;28.50;85.50;14.39
793086;0;1260.00;28.50;85.50;14.39
793447;0;1247.00;28.50;85.50;14.39
793809;0;1227.00;28.50;85.50;14.39
794222;0;1222.00;28.50;85.50;14.49
794587;0;1236.00;28.50;85.50;14.39
795002;0;1249.00;28.50;85.50;14.39
795363;0;1245.00;28.50;85.50;14.39
795724;0;1279.00;28.50;85.50;14.39
796087;0;1226.00;28.50;85.50;14.49
796453;0;1192.00;28.50;85.50;14.49
796814;0;1280.00;28.50;85.50;14.39
797177;0;1224.00;28.50;85.50;14.39
797538;0;1219.00;28.50;85.50;14.39
797950;0;1253.00;28.50;85.50;14.49
798366;0;1238.00;28.50;85.50;14.39
798730;0;1249.00;28.50;85.50;14.39
799142;0;1254.00;28.50;85.50;14.30
799505;0;1222.00;28.50;85.50;14.49
799921;0;1233.00;28.50;85.50;14.30
800206;0;1263.00;28.50;85.50;14.39
800623;0;1254.00;28.50;85.50;14.49
800994;0;1221.00;28.50;85.50;14.30
801360;0;1246.00;28.50;85.50;14.39
801726;0;1241.00;28.50;85.50;14.39
802137;0;1261.00;28.50;85.50;14.30
802502;0;1248.00;28.50;85.50;14.39
802918;0;1266.00;28.50;85.50;14.49
803202;0;1270.00;28.50;85.50;14.39
803568;0;1207.00;28.50;85.50;14.39
803928;0;1234.00;28.50;85.50;14.39
804209;0;1260.00;28.50;85.50;14.39
804619;0;1239.00;28.50;85.50;14.49
804986;0;1234.00;28.50;85.50;14.30
805356;0;1229.00;28.50;85.50;14.49
805720;0;1232.00;28.50;85.50;14.39
806102;0;1222.00;28.50;85.50;14.39
806513;0;1276.00;28.50;85.50;14.49
806877;0;1241.00;28.50;85.50;14.39
807211;0;1263.00;28.50;85.50;14.39
807623;0;1294.00;28.50;85.50;14.49
808038;0;1254.00;28.50;85.50;14.39
808405;0;1247.00;28.50;85.50;14.49
808768;0;1253.00;28.50;86.25;14.39
809135;0;1241.00;28.50;86.25;14.49
809549;0;1248.00;28.50;86.25;14.49
809910;0;1258.00;28.50;86.25;14.39
810193;0;1205.00;28.50;86.25;14.39
810555;0;1218.00;28.50;86.25;14.39
810918;0;1253.00;28.50;86.25;14.49
811252;0;1272.00;28.50;86.25;14.39
811618;0;1309.00;28.50;86.25;14.39
812029;0;1220.00;28.50;86.25;14.39
812390;0;1263.00;28.50;86.25;14.39
812757;0;1253.00;28.50;86.25;14.39
813119;0;1225.00;28.50;86.25;14.39
813481;0;1214.00;28.50;86.25;14.39
813842;0;1249.00;28.50;86.25;14.49
814204;0;1227.00;28.50;86.25;14.39
814569;0;1242.00;28.50;86.25;14.39
814930;0;1239.00;28.50;86.25;14.49
815215;0;1216.00;28.50;86.25;14.49
815628;0;1267.00;28.50;86.25;14.39
815994;0;1219.00;28.50;86.25;14.39
816354;0;1234.00;28.50;86.25;14.39
816716;0;1207.00;28.50;86.25;14.49
817131;0;1205.00;28.50;86.25;14.39
817496;0;1257.00;28.50;86.25;14.39
817856;0;1270.00;28.50;86.25;14.39
818138;0;1252.00;28.50;86.25;14.39
818550;0;1211.00;28.50;86.25;14.39
818910;0;1234.00;28.50;86.25;14.49
819243;0;1236.00;28.50;86.25;14.30
819657;0;1205.00;28.50;86.25;14.39
820072;0;1285.00;28.50;86.25;14.39
820434;0;1240.00;28.50;86.25;14.49
820800;0;1254.00;28.50;86.25;14.49
821162;0;1244.00;28.50;87.00;14.49
821525;0;1211.00;28.50;87.00;14.49
821886;0;1263.00;28.50;87.00;14.39
822169;0;1270.00;28.50;87.00;14.39
822531;0;1292.00;28.50;87.00;14.39
822897;0;1258.00;28.50;87.00;14.30
823182;0;1276.00;28.50;87.00;14.39
823546;0;1250.00;28.50;87.00;14.39
823906;0;1252.00;28.50;87.00;14.30
824241;0;2761.00;28.50;87.00;14.11
824657;0;1700.00;28.50;87.00;14.30
825020;0;1412.00;28.50;87.00;14.39
825440;0;1288.00;28.50;87.00;14.39
825852;0;1279.00;28.50;87.00;14.39
826213;0;1228.00;28.50;87.00;14.30
826578;0;1251.00;28.50;87.00;14.49
826948;0;1255.00;28.50;87.00;14.39
827282;0;2176.00;28.50;87.00;14.11
827698;0;1378.00;28.50;87.00;14.30
828062;0;1310.00;28.50;87.00;14.39
828478;0;1259.00;28.50;87.00;14.39
828838;0;3160.00;28.50;87.00;14.21
829202;0;1707.00;28.50;87.00;14.30
829618;0;1344.00;28.50;87.75;14.49
829988;0;1286.00;28.50;87.75;14.39
830404;0;1232.00;28.50;87.75;14.39
830768;0;1222.00;28.50;87.75;14.49
831133;0;1250.00;28.50;87.75;14.39
831497;0;2357.00;28.50;87.75;14.21
831915;0;1513.00;28.50;87.75;14.39
832249;0;1270.00;28.50;87.75;14.49
832612;0;1260.00;28.50;87.75;14.30
832980;0;1267.00;28.50;87.75;14.39
833345;0;1246.00;28.50;87.75;14.49
833709;0;1240.00;28.50;87.75;14.39
834074;0;1282.00;28.50;87.75;14.39
834435;0;1229.00;28.50;87.75;14.39
834847;0;1248.00;28.50;87.75;14.39
835209;0;1239.00;28.50;87.75;14.39
835571;0;1228.00;28.50;87.75;14.39
835932;0;1263.00;28.50;87.75;14.30
836269;0;1230.00;28.50;87.75;14.39
836632;0;1241.00;28.50;87.75;14.49
836998;0;1241.00;28.50;87.75;14.39
837360;0;1228.00;28.50;87.75;14.39
837721;0;1291.00;28.50;87.75;14.30
838136;0;1219.00;28.50;87.75;14.49
838551;0;1208.00;28.50;87.75;14.39
838916;0;1231.00;28.50;87.75;14.39
839196;0;1258.00;28.50;87.75;14.49
839560;0;1222.00;28.50;88.50;14.49
839928;0;1191.00;28.50;88.50;14.49
840215;0;1237.00;28.50;88.50;14.49
840627;0;1242.00;28.50;88.50;14.49
840987;0;1223.00;28.50;88.50;14.39
841353;0;1240.00;28.50;88.50;14.39
841715;0;1233.00;28.50;88.50;14.39
842127;0;1241.00;28.50;88.50;14.49
842541;0;1191.00;28.50;88.50;14.49
842907;0;1244.00;28.50;89.25;14.39
843195;0;1269.00;28.50;89.25;14.39
843555;0;1221.00;28.50;89.25;14.39
843967;0;1219.00;28.50;89.25;14.21
844251;0;1255.00;28.50;89.25;14.39
844667;0;1218.00;28.50;89.25;14.39
845027;0;1224.00;28.50;89.25;14.39
845390;0;1273.00;28.50;89.25;14.39
845802;0;1216.00;28.50;89.25;14.39
846160;0;2770.00;28.50;89.25;14.11
846525;0;2965.00;28.50;89.25;14.11
846887;12.00;2586.00;28.50;89.25;14.21
847314;22.00;2553.00;28.50;90.00;14.30
847687;31.00;3392.00;28.50;90.00;14.02
848059;38.00;4235.00;28.50;90.00;14.02
848505;42.00;3879.00;28.50;90.00;14.11
848924;47.00;3737.00;28.50;90.00;14.02
849213;52.00;4087.00;28.50;90.00;14.11
849583;58.00;4520.00;28.50;90.00;14.02
850002;62.00;4385.00;28.50;90.00;14.02
850418;66.00;4026.00;28.50;90.00;14.02
850835;70.00;4320.00;27.75;90.00;14.02
851255;75.00;4582.00;27.75;90.00;14.02
851687;76.00;4064.00;27.75;90.00;14.11
852055;80.00;4161.00;27.75;90.00;14.02
852423;82.00;4295.00;27.75;90.00;14.02
852790;86.00;4434.00;27.75;90.00;14.02
853213;86.00;4287.00;27.75;90.00;14.11
853630;88.00;4101.00;27.75;90.00;14.02
854050;91.00;4197.00;27.75;90.00;14.02
854418;91.00;4315.00;27.75;90.00;14.11
854783;92.00;3961.00;27.75;90.00;14.11
855149;95.00;4032.00;27.75;90.00;14.11
855567;96.00;4063.00;27.75;90.00;14.02
855937;96.00;4095.00;27.75;89.25;14.02
856221;97.00;4137.00;27.75;89.25;14.11
856640;98.00;4147.00;27.75;88.50;14.11
857060;97.00;4142.00;27.75;88.50;14.11
857425;97.00;4141.00;27.75;88.50;14.11
857837;97.00;4120.00;27.75;88.50;14.11
858199;97.00;4132.00;27.75;88.50;14.11
858611;97.00;4115.00;27.75;87.75;14.11
858978;97.00;4107.00;27.75;87.75;14.11
859312;96.00;4108.00;27.75;87.75;14.11
859727;96.00;4071.00;27.75;87.75;14.11
860088;96.00;4074.00;27.75;87.75;14.11
860450;95.00;4064.00;27.75;87.75;14.11
860815;95.00;4059.00;27.75;87.00;14.11
861180;93.00;4025.00;27.75;87.00;14.11
861596;95.00;4007.00;27.75;87.00;14.02
862016;95.00;4033.00;27.75;87.00;14.11
862383;95.00;4068.00;27.75;87.00;14.11
862796;95.00;4031.00;27.75;86.25;14.11
863215;95.00;4044.00;27.75;86.25;14.02
863630;95.00;4013.00;27.75;86.25;14.02
864043;95.00;4021.00;27.75;86.25;14.11
864459;95.00;4014.00;27.75;86.25;14.02
864824;95.00;3990.00;27.75;85.50;14.02
865189;95.00;3978.00;27.75;85.50;14.11
865554;95.00;4024.00;27.75;85.50;14.02
865970;95.00;4009.00;27.75;85.50;14.02
866252;95.00;4008.00;27.75;85.50;14.11
866618;95.00;4021.00;27.75;85.50;14.02
866982;93.00;4000.00;27.75;84.75;13.92
867275;93.00;3953.00;27.75;84.75;14.11
867640;93.00;3964.00;27.75;84.75;14.02
868005;92.00;3954.00;27.75;84.75;14.11
868296;92.00;3907.00;27.75;84.75;14.11
868658;91.00;3879.00;27.75;84.75;14.11
869073;91.00;3876.00;27.75;84.75;14.11
869435;91.00;3878.00;27.75;84.00;13.92
869875;91.00;3857.00;27.75;84.00;14.11
870243;91.00;3848.00;27.75;84.00;14.11
870608;91.00;3897.00;27.75;84.00;13.92
870973;91.00;3880.00;27.75;84.00;13.92
871306;90.00;3863.00;27.75;84.00;14.02
871725;90.00;3851.00;27.75;84.00;13.92
872091;91.00;3838.00;27.75;83.25;14.02
872513;91.00;3859.00;27.75;83.25;14.11
872882;91.00;3896.00;27.75;83.25;14.02
873248;92.00;3912.00;27.75;83.25;14.11
873619;92.00;3938.00;27.75;83.25;14.11
873980;93.00;4001.00;27.75;83.25;14.02
874267;93.00;3978.00;27.75;83.25;14.11
874683;95.00;4012.00;27.75;83.25;14.11
875047;95.00;4049.00;27.75;82.50;14.02
875415;96.00;4051.00;27.75;82.50;14.11
875783;96.00;4064.00;27.75;82.50;14.02
876146;97.00;4101.00;27.75;82.50;14.11
876513;96.00;4068.00;27.75;82.50;13.92
876880;96.00;4095.00;27.75;82.50;14.02
877243;96.00;4096.00;27.75;82.50;14.11
877610;96.00;4086.00;27.75;82.50;14.02
878025;96.00;4093.00;27.75;82.50;14.02
878305;96.00;4081.00;27.75;82.50;14.11
878669;96.00;4088.00;27.75;81.75;14.02
879036;96.00;4077.00;27.75;81.75;13.92
879403;96.00;4087.00;27.75;81.75;14.11
879768;96.00;4102.00;27.75;81.75;14.02
880184;96.00;4087.00;27.75;81.75;14.11
880598;96.00;4068.00;27.75;81.75;14.11
880961;96.00;4090.00;27.75;81.75;14.11
881242;96.00;4106.00;27.75;81.75;14.11
881657;96.00;4109.00;27.75;81.75;14.11
882069;96.00;4067.00;27.75;81.75;14.11
882430;96.00;4100.00;27.75;81.75;14.02
882796;96.00;4083.00;27.75;81.00;14.02
883163;96.00;4104.00;27.75;81.00;14.11
883535;96.00;4087.00;27.75;81.00;14.11
883897;96.00;4095.00;27.75;81.00;14.11
884258;96.00;4087.00;27.75;81.00;14.11
884670;96.00;4078.00;27.75;81.00;14.11
885084;96.00;4061.00;27.00;81.00;14.02
885451;96.00;4104.00;27.00;81.00;14.11
885867;96.00;4086.00;27.00;81.00;14.11
886228;96.00;4085.00;27.00;81.00;14.02
886594;96.00;4123.00;27.00;81.00;14.11
886959;96.00;4096.00;27.00;81.00;13.92
887294;96.00;4068.00;27.00;81.00;14.11
887711;96.00;4072.00;27.00;81.00;14.02
888127;96.00;4075.00;27.00;81.00;14.11
888492;96.00;4076.00;27.00;81.00;14.11
888905;95.00;4038.00;27.00;80.25;13.92
889275;95.00;3986.00;27.00;80.25;14.02
889647;95.00;4029.00;27.00;80.25;14.11
890011;95.00;4038.00;27.00;80.25;14.11
890292;95.00;4051.00;27.00;80.25;14.11
890706;96.00;4063.00;27.00;80.25;14.11
891121;96.00;4089.00;27.00;80.25;14.11
891482;96.00;4083.00;27.00;80.25;14.11
891844;96.00;4103.00;27.00;80.25;14.11
892206;96.00;4095.00;27.00;80.25;14.02
892573;96.00;4085.00;27.00;80.25;14.11
892939;96.00;4094.00;27.00;80.25;14.11
893352;96.00;4066.00;27.00;80.25;14.11
893717;96.00;4097.00;27.00;80.25;14.11
894078;96.00;4109.00;27.00;80.25;14.02
894493;96.00;4105.00;27.00;80.25;14.11
894859;97.00;4108.00;27.00;80.25;14.11
895223;97.00;4091.00;27.00;80.25;14.11
895584;97.00;4103.00;27.00;80.25;14.02
896002;97.00;4110.00;27.00;80.25;14.02
896283;97.00;4091.00;27.00;80.25;14.11
896647;96.00;4078.00;27.00;80.25;14.11
897015;96.00;4071.00;27.00;80.25;14.11
897346;96.00;4072.00;27.00;80.25;14.02
897787;96.00;4084.00;27.00;80.25;14.11
898151;96.00;4090.00;27.00;80.25;14.02
898516;96.00;4092.00;27.00;80.25;14.11
898880;96.00;4083.00;27.00;80.25;14.11
899242;96.00;4061.00;27.00;80.25;13.92
899657;96.00;4071.00;27.00;80.25;14.02
900023;96.00;4071.00;27.00;80.25;14.11
900310;96.00;4087.00;27.00;80.25;14.11
900671;96.00;4091.00;27.00;80.25;14.11
901033;96.00;4111.00;27.00;80.25;14.11
901314;96.00;4115.00;27.00;80.25;14.02
901730;96.00;4088.00;27.00;80.25;14.11
902096;96.00;4094.00;27.00;80.25;14.11
902457;96.00;4050.00;27.00;80.25;14.11
902820;95.00;4070.00;27.00;80.25;13.92
903243;95.00;4038.00;27.00;80.25;14.11
903609;95.00;4012.00;27.00;80.25;14.11
904020;95.00;4032.00;27.00;80.25;14.02
904305;93.00;4015.00;27.00;80.25;14.11
904725;93.00;3995.00;27.00;80.25;14.11
905085;93.00;3989.00;27.00;80.25;14.11
905447;93.00;3961.00;27.00;81.00;14.02
905814;92.00;3940.00;27.00;81.00;14.11
906233;92.00;3911.00;27.00;81.00;14.11
906645;90.00;3821.00;27.00;81.00;14.11
907009;88.00;3765.00;27.00;81.00;14.11
907294;86.00;3698.00;27.00;81.00;14.11
907660;86.00;3604.00;27.00;81.00;14.11
908023;86.00;3527.00;27.00;81.00;14.11
908340;85.00;3546.00;27.00;81.00;14.11
908755;86.00;3655.00;27.00;81.00;14.11
909120;87.00;3701.00;27.00;81.00;14.02
909539;88.00;3768.00;27.75;81.00;14.02
909908;90.00;3841.00;27.75;81.00;14.02
910274;91.00;3874.00;27.75;81.00;14.11
910641;92.00;3931.00;27.75;81.00;14.11
911055;93.00;3997.00;27.75;81.00;14.02
911345;95.00;4037.00;27.75;81.00;14.11
911713;96.00;4099.00;27.75;81.00;14.02
912084;97.00;4133.00;27.75;81.00;14.11
912451;97.00;4141.00;27.75;81.00;14.11
912814;98.00;4141.00;27.75;81.00;14.11
913175;97.00;4140.00;27.75;81.00;14.11
913590;97.00;4160.00;27.75;81.00;14.11
914004;97.00;4133.00;27.75;81.00;14.11
914285;97.00;4141.00;27.75;81.00;14.02
914651;97.00;4140.00;27.75;81.00;14.02
915061;98.00;4171.00;27.75;81.00;14.11
915349;98.00;4178.00;27.75;81.00;13.92
915714;100.00;4207.00;27.75;81.00;14.02
916087;100.00;4253.00;27.75;81.75;14.02
916452;101.00;4281.00;27.00;81.75;14.11
916875;101.00;4324.00;27.00;81.75;14.11
917287;102.00;4325.00;27.00;81.75;14.02
917655;102.00;4357.00;27.00;81.75;14.02
918022;102.00;4371.00;27.00;81.75;14.02
918303;102.00;4333.00;27.00;81.75;14.02
918716;102.00;4328.00;27.00;81.75;14.11
919131;102.00;4313.00;27.00;81.75;14.02
919497;101.00;4318.00;27.00;81.75;14.02
919865;101.00;4280.00;27.00;81.75;14.11
920231;101.00;4281.00;27.00;81.75;14.02
920596;100.00;4262.00;27.00;81.75;14.02
920960;100.00;4231.00;27.00;81.75;14.02
921322;100.00;4238.00;27.00;81.75;14.02
921735;100.00;4232.00;27.00;81.75;14.02
922148;100.00;4220.00;27.00;81.75;14.02
922509;100.00;4211.00;27.00;81.75;14.11
922926;100.00;4198.00;27.00;81.75;14.11
923291;98.00;4204.00;27.00;81.75;14.11
923657;98.00;4202.00;27.00;81.75;14.11
924019;98.00;4209.00;27.00;81.75;14.02
924303;100.00;4205.00;27.00;81.75;14.11
924674;98.00;4179.00;27.00;81.75;13.92
925043;98.00;4200.00;27.00;81.75;14.11
925326;98.00;4177.00;27.00;81.75;14.11
925687;97.00;4162.00;27.00;81.75;14.11
926102;97.00;4152.00;27.00;81.75;14.11
926463;97.00;4150.00;27.00;81.75;14.11
926825;97.00;4160.00;27.00;81.75;14.11
927188;98.00;4178.00;27.00;81.75;14.11
927553;98.00;4180.00;27.00;81.75;14.11
927963;98.00;4183.00;27.00;81.75;14.11
928329;98.00;4197.00;27.00;81.75;14.11
928690;98.00;4196.00;27.00;81.75;14.11
929051;98.00;4197.00;27.00;82.50;14.11
929386;100.00;4226.00;27.00;82.50;14.11
929754;100.00;4222.00;27.00;82.50;14.11
930115;100.00;4246.00;27.00;82.50;14.11
930527;100.00;4241.00;27.00;82.50;14.11
930889;100.00;4274.00;27.00;82.50;14.11
931303;100.00;4253.00;27.00;82.50;14.11
931665;100.00;4265.00;27.00;82.50;14.02
932030;100.00;4239.00;27.00;82.50;14.11
932315;100.00;4235.00;27.00;82.50;14.02
932681;100.00;4252.00;27.00;82.50;14.11
933098;100.00;4245.00;27.00;82.50;14.11
933430;98.00;4161.00;27.00;82.50;14.11
933847;97.00;4116.00;27.00;82.50;14.02
934222;95.00;4055.00;27.00;82.50;14.11
934639;93.00;3970.00;27.00;82.50;14.11
935055;92.00;3866.00;27.00;82.50;14.11
935337;90.00;3824.00;27.00;82.50;14.02
935706;88.00;3767.00;27.00;82.50;14.11
936074;87.00;3693.00;27.00;82.50;14.11
936409;86.00;3639.00;27.00;82.50;14.11
936825;83.00;3585.00;27.00;82.50;14.02
937244;81.00;3451.00;27.00;82.50;14.11
937662;78.00;3337.00;27.00;82.50;14.11
938077;75.00;3178.00;27.00;82.50;14.11
938368;71.00;2994.00;27.00;82.50;14.11
938732;66.00;2804.00;27.00;82.50;14.21
939101;62.00;2642.00;27.00;82.50;14.11
939388;57.00;2452.00;27.00;82.50;14.21
939755;52.00;2240.00;27.00;82.50;14.21
940120;47.00;2024.00;27.00;82.50;14.21
940486;43.00;1839.00;27.75;82.50;14.21
940860;38.00;1426.00;27.75;82.50;14.49
941228;33.00;1317.00;27.75;82.50;14.39
941596;30.00;1360.00;27.75;82.50;14.30
941965;26.00;1351.00;27.75;82.50;14.30
942335;22.00;1385.00;27.75;82.50;14.39
942703;18.00;1282.00;27.75;82.50;14.39
943083;17.00;1360.00;27.75;82.50;14.39
943418;13.00;1275.00;27.75;82.50;14.39
943783;10.00;1334.00;27.75;82.50;14.39
944150;7.00;1331.00;27.75;82.50;14.39
944566;7.00;1260.00;27.75;82.50;14.39
944928;6.00;1313.00;27.75;82.50;14.39
945294;6.00;1262.00;27.75;82.50;14.30
945661;6.00;1297.00;27.75;82.50;14.49
946077;5.00;1262.00;27.75;82.50;14.30
946367;3.00;1304.00;27.75;82.50;14.39
946735;3.00;1257.00;27.75;82.50;14.39
947097;2.00;1275.00;27.75;82.50;14.39
947381;0;1285.00;27.75;82.50;14.39
947749;0;1278.00;27.75;82.50;14.30
948115;0;1269.00;27.75;82.50;14.30
948451;0;1298.00;27.75;82.50;14.39
948818;0;1222.00;27.75;82.50;14.39
949179;0;1307.00;27.75;82.50;14.39
949539;0;1195.00;27.75;82.50;14.49
949955;0;1301.00;27.75;83.25;14.39
950374;0;1192.00;27.75;83.25;14.39
950735;0;1247.00;27.75;83.25;14.30
951106;0;1282.00;27.75;83.25;14.39
951442;0;1179.00;27.75;83.25;14.39
951802;0;1294.00;27.75;83.25;14.39
952161;0;1237.00;27.75;83.25;14.30
952530;0;1226.00;27.75;83.25;14.39
952946;0;1252.00;27.75;83.25;14.49
953360;0;1195.00;27.75;84.00;14.39
953780;0;1269.00;27.75;84.00;14.39
954192;0;1233.00;27.75;84.00;14.39
954554;0;1237.00;27.75;84.00;14.39
954915;0;1266.00;27.75;84.00;14.39
955277;0;1273.00;27.75;84.00;14.49
955691;0;1279.00;27.75;84.00;14.49
956106;0;1252.00;27.75;84.00;14.39
956391;0;1261.00;27.75;84.00;14.39
956752;0;1270.00;27.75;84.00;14.49
957117;0;1232.00;27.75;84.00;14.49
957397;0;1272.00;27.75;84.75;14.49
957760;0;1261.00;27.75;84.75;14.39
958140;0;1215.00;27.75;84.75;14.39
958426;0;1261.00;27.75;84.75;14.30
958791;0;1267.00;27.75;84.75;14.39
959155;0;1228.00;27.75;84.75;14.39
959566;0;1268.00;27.75;84.75;14.49
959932;0;1222.00;27.75;84.75;14.39
960296;0;1236.00;27.75;84.75;14.49
960661;0;1251.00;27.75;84.75;14.49
961023;0;1228.00;27.75;84.75;14.39
961386;0;1209.00;27.75;84.75;14.39
961750;0;1279.00;27.75;85.50;14.39
962164;0;1257.00;27.75;85.50;14.39
962527;0;1233.00;27.75;85.50;14.39
962887;0;1247.00;27.75;85.50;14.49
963253;0;1268.00;27.75;85.50;14.39
963618;0;1266.00;27.75;85.50;14.30
964034;0;1303.00;27.75;85.50;14.39
964449;0;1256.00;27.75;85.50;14.39
964861;0;1250.00;27.75;85.50;14.39
965222;0;1250.00;27.75;85.50;14.39
965581;0;1243.00;27.75;85.50;14.39
965993;0;1153.00;27.75;85.50;14.39
966355;0;1257.00;27.75;85.50;14.39
966718;0;1279.00;27.75;85.50;14.39
967078;0;1236.00;27.75;85.50;14.39
967360;0;1223.00;27.75;85.50;14.39
967720;0;1249.00;27.75;85.50;14.39
968083;0;1219.00;27.75;86.25;14.39
968367;0;1248.00;27.75;86.25;14.39
968730;0;1231.00;27.75;86.25;14.39
969092;0;1244.00;27.75;86.25;14.49
969376;0;1215.00;27.75;86.25;14.49
969736;0;1269.00;27.75;86.25;14.30
970099;0;2763.00;27.75;86.25;14.21
970385;0;2324.00;27.75;86.25;14.21
970797;10.00;2556.00;27.75;86.25;14.21
971171;16.00;2339.00;27.75;86.25;14.21
971535;21.00;2437.00;27.75;86.25;14.21
971900;28.00;3155.00;27.75;86.25;14.11
972319;35.00;3812.00;27.75;86.25;14.02
972686;38.00;4377.00;27.75;86.25;14.11
973056;42.00;3549.00;27.75;86.25;14.11
973340;46.00;3605.00;27.75;86.25;14.11
973705;51.00;3997.00;27.75;86.25;14.02
974125;55.00;4310.00;27.75;86.25;14.02
974460;60.00;4638.00;27.75;86.25;14.11
974829;62.00;3790.00;27.75;86.25;14.11
975245;66.00;4032.00;27.75;86.25;14.11
975662;70.00;4246.00;27.75;86.25;13.92
976035;72.00;4423.00;27.75;86.25;14.11
976454;76.00;4641.00;27.75;86.25;14.11
976821;77.00;4001.00;27.75;86.25;13.92
977241;80.00;4118.00;27.75;86.25;14.11
977612;81.00;4262.00;27.75;86.25;14.02
977981;85.00;4411.00;27.75;86.25;14.02
978345;85.00;3935.00;27.75;86.25;14.11
978711;87.00;4029.00;27.75;86.25;14.11
979076;88.00;4113.00;27.75;86.25;14.11
979412;91.00;4207.00;27.75;86.25;14.11
979778;92.00;4305.00;27.75;86.25;14.11
980145;95.00;4361.00;27.75;86.25;13.92
980433;95.00;4891.00;27.75;86.25;14.02
980797;97.00;4104.00;27.75;86.25;14.11
981166;97.00;4145.00;27.75;86.25;14.11
981528;98.00;4210.00;27.75;86.25;14.11
981943;101.00;4274.00;27.75;85.50;14.02
982323;101.00;4289.00;27.75;85.50;14.02
982690;102.00;4338.00;27.75;85.50;14.11
983060;102.00;4352.00;27.75;85.50;14.11
983421;103.00;4387.00;27.75;85.50;14.02
983841;103.00;4403.00;27.75;85.50;14.02
984202;103.00;4419.00;27.75;85.50;13.92
984619;103.00;4440.00;27.75;85.50;14.11
985035;105.00;4423.00;27.75;85.50;14.11
985401;105.00;4427.00;27.75;85.50;14.02
985767;103.00;4415.00;27.75;85.50;14.11
986135;105.00;4426.00;27.75;85.50;14.02
986422;105.00;4449.00;27.75;84.75;14.11
986790;105.00;4441.00;27.75;84.75;14.02
987154;105.00;4433.00;27.75;84.75;14.02
987487;105.00;4443.00;27.75;84.75;14.11
987851;105.00;4438.00;27.75;84.75;14.11
988229;105.00;4436.00;27.75;84.75;14.11
988589;105.00;4439.00;27.75;84.75;14.11
988949;105.00;4414.00;27.75;84.75;14.02
989314;105.00;4421.00;27.75;84.75;14.11
989730;103.00;4447.00;27.75;84.75;14.11
990096;105.00;4430.00;27.75;84.00;14.11
990385;105.00;4425.00;27.75;84.00;14.02
990750;105.00;4441.00;27.75;84.00;14.11
991165;105.00;4443.00;27.75;84.00;13.92
991452;105.00;4436.00;27.75;84.00;14.11
991818;105.00;4448.00;27.75;84.00;14.11
992180;105.00;4472.00;27.75;84.00;14.02
992597;105.00;4449.00;27.75;84.00;14.02
993009;106.00;4462.00;27.75;84.00;14.11
993378;106.00;4462.00;27.75;84.00;14.11
993736;106.00;4501.00;27.75;83.25;14.02
994157;105.00;4500.00;27.75;83.25;14.11
994445;106.00;4467.00;27.75;83.25;14.11
994816;106.00;4489.00;27.75;83.25;14.02
995180;106.00;4515.00;27.75;83.25;13.92
995544;106.00;4485.00;27.75;83.25;14.02
995959;106.00;4529.00;27.75;83.25;14.11
996324;106.00;4501.00;27.75;83.25;14.11
996740;106.00;4506.00;27.75;83.25;14.02
997105;106.00;4503.00;27.75;83.25;14.02
997386;106.00;4519.00;27.75;83.25;14.02
997797;105.00;4484.00;27.75;83.25;14.11
998167;106.00;4464.00;27.75;83.25;14.11
998451;105.00;4454.00;27.75;83.25;14.11
998816;105.00;4417.00;27.75;83.25;13.92
999181;103.00;4418.00;27.00;83.25;13.92
999550;105.00;4422.00;27.00;83.25;14.02
999919;103.00;4409.00;27.00;82.50;14.11
1000290;103.00;4390.00;27.00;82.50;14.02
1000704;102.00;4352.00;27.00;82.50;14.02
1001073;102.00;4356.00;27.00;82.50;14.11
1001438;102.00;4341.00;27.00;82.50;13.92
1001804;102.00;4336.00;27.00;82.50;14.02
1002219;102.00;4346.00;27.00;82.50;14.11
1002635;102.00;4335.00;27.00;82.50;14.02
1003049;105.00;4419.00;27.00;82.50;13.92
1003418;105.00;4446.00;27.00;82.50;14.02
1003836;105.00;4421.00;27.00;82.50;14.11
1004251;103.00;4381.00;27.00;82.50;14.11
1004616;103.00;4374.00;27.00;82.50;14.11
1004976;102.00;4351.00;27.00;82.50;14.11
1005341;102.00;4311.00;27.00;82.50;14.11
1005702;101.00;4300.00;27.00;82.50;13.92
1006124;97.00;4099.00;27.00;82.50;14.11
1006413;95.00;4008.00;27.00;82.50;14.11
1006778;91.00;3902.00;27.00;82.50;14.11
1007193;88.00;3732.00;27.00;82.50;14.11
1007556;83.00;3591.00;27.00;82.50;14.11
1007919;80.00;3401.00;27.00;82.50;14.11
1008283;76.00;3211.00;27.00;82.50;14.11
1008699;71.00;3040.00;27.00;82.50;14.21
1009117;68.00;2914.00;27.00;82.50;14.21
1009452;66.00;2785.00;27.00;82.50;14.21
1009817;63.00;2704.00;27.00;82.50;14.21
1010182;62.00;3740.00;27.00;82.50;14.11
1010469;58.00;2716.00;27.00;82.50;14.11
1010835;55.00;2537.00;27.00;82.50;14.11
1011203;51.00;2375.00;27.00;82.50;14.21
1011621;50.00;2813.00;27.00;82.50;14.21
1011987;50.00;2544.00;27.00;82.50;14.11
1012349;50.00;2564.00;27.00;82.50;14.11
1012761;50.00;2607.00;27.00;82.50;14.21
1013126;51.00;2653.00;27.00;82.50;14.11
1013466;51.00;2656.00;27.00;82.50;14.11
1013829;50.00;2576.00;27.00;82.50;14.11
1014244;48.00;2609.00;27.00;82.50;14.11
1014662;48.00;2539.00;27.00;82.50;14.11
1015072;48.00;2578.00;27.00;82.50;14.21
1015437;48.00;2552.00;27.75;82.50;14.11
1015805;48.00;2397.00;27.75;82.50;14.21
1016171;48.00;2495.00;27.75;82.50;14.11
1016455;47.00;2479.00;27.75;82.50;14.11
1016822;46.00;2408.00;27.75;82.50;14.21
1017192;45.00;2374.00;27.75;82.50;14.11
1017530;45.00;2322.00;27.75;82.50;14.02
1017894;43.00;2300.00;27.75;82.50;14.21
1018263;42.00;2277.00;27.75;82.50;14.21
1018628;42.00;2212.00;27.75;82.50;14.21
1019001;41.00;2185.00;27.75;82.50;14.21
1019418;38.00;2035.00;27.75;82.50;14.21
1019784;36.00;1589.00;27.75;82.50;14.30
1020151;32.00;1354.00;27.75;82.50;14.30
1020436;28.00;1318.00;27.75;82.50;14.39
1020805;23.00;1369.00;27.75;82.50;14.39
1021176;21.00;1303.00;27.75;82.50;14.39
1021513;16.00;1279.00;27.75;82.50;14.39
1021877;11.00;1331.00;27.75;82.50;14.39
1022244;11.00;1304.00;27.75;82.50;14.39
1022656;10.00;1282.00;27.75;82.50;14.39
1023022;10.00;2017.00;27.75;82.50;14.21
1023385;11.00;1798.00;27.75;82.50;14.21
1023750;15.00;2248.00;27.75;82.50;14.21
1024116;18.00;2509.00;27.75;82.50;14.11
1024456;23.00;2620.00;27.75;82.50;14.11
1024871;28.00;3166.00;27.75;83.25;14.11
1025290;32.00;3665.00;27.75;83.25;14.11
1025656;35.00;3220.00;27.75;83.25;14.11
1026073;38.00;3031.00;27.75;83.25;14.11
1026488;42.00;3281.00;27.75;83.25;14.11
1026904;45.00;3481.00;27.75;83.25;14.11
1027321;47.00;3669.00;27.75;83.25;14.02
1027688;50.00;3872.00;27.75;83.25;14.02
1028054;50.00;3337.00;27.75;83.25;13.92
1028420;51.00;3163.00;27.75;83.25;14.02
1028789;52.00;3245.00;27.75;83.25;14.11
1029134;53.00;3297.00;27.75;83.25;14.11
1029419;55.00;3391.00;27.75;83.25;14.11
1029783;56.00;3466.00;27.75;83.25;14.11
1030148;57.00;3506.00;27.75;84.00;14.11
1030435;57.00;3553.00;27.75;84.00;14.11
1030798;57.00;3552.00;27.75;84.00;14.02
1031167;58.00;3561.00;27.75;84.00;14.11
1031455;58.00;3600.00;27.75;84.00;14.11
1031817;58.00;3578.00;27.75;84.00;14.11
1032229;60.00;3635.00;27.75;84.00;14.02
1032598;60.00;3262.00;27.75;84.00;14.11
1033015;60.00;3116.00;27.75;84.00;14.11
1033430;60.00;3122.00;27.75;84.00;14.11
1033815;60.00;3147.00;27.75;84.00;14.11
1034177;61.00;3188.00;27.75;84.00;14.11
1034513;62.00;3222.00;27.75;84.00;14.11
1034878;62.00;3238.00;27.75;84.00;14.02
1035249;62.00;3254.00;27.75;84.00;14.11
1035667;62.00;3266.00;27.75;84.00;14.11
1036080;62.00;3250.00;27.75;84.00;14.21
1036446;62.00;3243.00;27.75;84.00;14.11
1036810;62.00;3215.00;27.75;84.00;14.21
1037225;61.00;3184.00;27.75;84.00;14.21
1037509;61.00;3113.00;27.75;84.00;14.11
1037925;61.00;3131.00;27.75;84.00;14.21
1038289;60.00;3020.00;27.75;84.00;14.21
1038654;58.00;3056.00;27.75;84.00;14.11
1039079;57.00;2985.00;27.75;84.00;14.11
1039494;56.00;2918.00;27.75;84.00;14.21
1039863;55.00;2862.00;27.75;84.00;14.11
1040281;52.00;2759.00;27.75;84.00;14.21
1040701;51.00;2776.00;27.75;84.00;14.11
1041122;51.00;2699.00;27.75;84.00;14.21
1041487;51.00;2552.00;27.75;84.00;14.21
1041848;50.00;2629.00;27.75;84.00;14.21
1042265;48.00;2551.00;27.75;84.00;14.11
1042633;47.00;2501.00;27.75;84.00;14.11
1042998;47.00;2468.00;27.75;84.00;14.11
1043359;45.00;2344.00;27.75;84.00;14.21
1043731;42.00;2200.00;27.75;84.00;14.21
1044099;40.00;2068.00;27.75;84.00;14.21
1044465;37.00;1999.00;27.75;84.00;14.21
1044830;35.00;1823.00;27.75;84.00;14.21
1045193;33.00;1755.00;27.75;84.00;14.21
1045478;31.00;1633.00;27.75;84.00;14.30
1045847;30.00;1441.00;27.75;84.00;14.30
1046211;28.00;1420.00;27.75;84.00;14.39
1046500;28.00;1713.00;27.75;84.00;14.21
1046864;30.00;1656.00;27.75;84.00;14.21
1047229;31.00;1665.00;27.75;84.00;14.21
1047513;32.00;1730.00;27.75;84.00;14.30
1047882;36.00;1884.00;27.75;84.00;14.21
1048251;37.00;1982.00;27.75;84.00;14.21
1048617;40.00;2104.00;27.75;84.00;14.21
1048981;42.00;2218.00;27.75;84.00;14.30
1049353;45.00;2347.00;27.75;84.00;14.11
1049721;47.00;2437.00;27.75;84.00;14.21
1050090;48.00;2547.00;27.75;84.00;14.11
1050459;48.00;2555.00;27.75;84.00;14.11
1050871;50.00;2603.00;27.75;84.00;14.11
1051237;50.00;2608.00;27.75;84.00;14.21
1051570;50.00;2671.00;27.75;84.00;14.11
1051936;50.00;2619.00;27.75;84.00;14.11
1052298;50.00;2560.00;27.75;84.00;14.11
1052658;48.00;2551.00;27.75;84.00;14.11
1053022;47.00;2504.00;27.75;84.00;14.11
1053391;47.00;2486.00;27.75;84.00;14.21
1053807;47.00;2457.00;27.75;84.00;14.02
1054173;46.00;2456.00;27.75;84.00;14.21
1054512;47.00;2445.00;27.75;84.00;14.11
1054931;47.00;2448.00;27.75;84.00;14.02
1055347;48.00;2555.00;27.75;84.00;14.11
1055715;50.00;2589.00;27.75;84.00;14.02
1056136;51.00;2636.00;27.75;84.00;14.11
1056554;50.00;2609.00;27.75;84.00;14.11
1056971;50.00;2595.00;27.75;84.00;14.21
1057336;50.00;2604.00;27.75;84.00;14.11
1057753;48.00;2573.00;27.75;84.00;14.21
1058172;48.00;2543.00;27.75;84.00;14.11
1058457;47.00;2516.00;27.75;84.00;14.11
1058873;47.00;2456.00;27.75;84.00;14.11
1059235;47.00;2470.00;27.75;84.00;14.11
1059565;47.00;2457.00;27.75;84.00;14.21
1059930;48.00;2513.00;27.75;84.00;14.21
1060295;50.00;2578.00;27.75;84.00;14.21
1060659;51.00;2660.00;27.75;84.00;14.11
1061027;52.00;2740.00;27.75;84.00;14.11
1061392;55.00;2838.00;27.75;84.00;14.11
1061758;56.00;2899.00;27.75;84.00;14.11
1062174;56.00;2938.00;27.75;84.00;14.11
1062456;57.00;2968.00;27.75;84.00;14.11
1062822;57.00;2818.00;27.75;84.00;14.11
1063183;57.00;2965.00;27.75;84.00;14.11
1063464;56.00;2921.00;27.75;84.00;14.11
1063834;56.00;2885.00;27.75;84.00;14.11
1064195;56.00;2903.00;27.75;84.00;13.92
1064531;55.00;2889.00;27.75;84.00;14.11
1064950;55.00;2837.00;27.75;83.25;14.11
1065315;55.00;2877.00;27.75;83.25;14.11
1065677;55.00;2875.00;27.75;83.25;14.11
1066037;56.00;2914.00;27.75;83.25;14.11
1066453;57.00;2966.00;27.75;83.25;14.21
1066821;58.00;3039.00;27.75;83.25;14.11
1067189;60.00;3083.00;27.75;83.25;14.11
1067531;61.00;3159.00;27.75;83.25;14.02
1067899;61.00;3209.00;27.75;83.25;13.92
1068264;62.00;3264.00;27.75;83.25;14.11
1068551;63.00;3288.00;27.75;83.25;14.11
1068968;65.00;3350.00;27.75;83.25;14.02
1069335;65.00;3393.00;27.75;83.25;14.11
1069699;65.00;3406.00;27.75;83.25;14.11
1070060;65.00;3334.00;27.75;83.25;14.02
1070425;65.00;3326.00;27.75;83.25;14.02
1070791;63.00;3330.00;27.75;83.25;13.92
1071161;62.00;3274.00;27.75;83.25;14.11
1071528;61.00;3232.00;27.75;83.25;14.21
1071896;61.00;3184.00;27.75;83.25;14.11
1072260;60.00;3103.00;27.75;83.25;14.02
1072599;58.00;3075.00;27.75;82.50;14.11
1073023;56.00;2920.00;27.75;82.50;14.21
1073441;52.00;2769.00;27.75;82.50;14.11
1073810;50.00;2589.00;27.75;82.50;14.11
1074176;46.00;2419.00;27.75;82.50;14.11
1074543;45.00;2359.00;27.75;82.50;14.11
1074910;45.00;2324.00;27.75;82.50;14.11
1075322;45.00;2341.00;27.75;82.50;14.21
1075738;46.00;2425.00;27.75;82.50;14.21
1076102;47.00;2491.00;27.75;82.50;14.11
1076469;48.00;2566.00;27.75;82.50;14.21
1076837;51.00;2636.00;27.75;82.50;14.11
1077205;51.00;2688.00;27.75;82.50;14.11
1077487;52.00;2732.00;27.75;82.50;14.02
1077907;53.00;2844.00;27.75;82.50;14.21
1078327;56.00;2906.00;27.75;82.50;14.11
1078696;56.00;2971.00;27.75;82.50;14.21
1079060;57.00;3022.00;27.75;82.50;14.02
1079445;58.00;3055.00;27.75;82.50;14.11
1079869;60.00;3135.00;27.75;82.50;14.11
1080236;61.00;3136.00;27.75;82.50;14.21
1080523;60.00;2964.00;27.75;82.50;14.11
1080891;60.00;3072.00;27.75;82.50;14.11
1081252;58.00;3083.00;27.75;82.50;14.11
1081587;58.00;3158.00;27.75;82.50;14.21
1081954;58.00;3065.00;27.75;82.50;14.11
1082368;60.00;3086.00;27.75;82.50;14.21
1082788;58.00;3080.00;27.75;82.50;14.02
1083207;58.00;3034.00;27.75;82.50;14.11
1083490;58.00;3010.00;27.75;82.50;14.21
1083853;58.00;3073.00;27.75;82.50;14.02
1084267;58.00;2982.00;27.75;82.50;14.11
1084602;57.00;2955.00;27.75;82.50;14.11
1085020;57.00;3034.00;27.75;82.50;14.11
1085431;57.00;2991.00;27.75;82.50;14.11
1085793;57.00;2966.00;27.75;82.50;14.02
1086208;57.00;3013.00;27.75;82.50;14.02
1086540;57.00;2997.00;27.75;82.50;14.11
1086903;57.00;2942.00;27.75;82.50;14.11
1087264;57.00;2971.00;27.75;82.50;14.21
1087549;57.00;2945.00;27.75;82.50;14.11
1087965;56.00;2921.00;27.75;82.50;14.11
1088381;56.00;2922.00;27.75;82.50;14.11
1088742;57.00;2950.00;27.75;82.50;14.11
1089143;56.00;3101.00;27.75;82.50;14.21
1089512;55.00;3442.00;27.75;82.50;14.11
1089932;55.00;3373.00;27.75;82.50;14.11
1090295;55.00;3483.00;27.75;82.50;14.11
1090706;55.00;3375.00;27.75;82.50;14.21
1091120;55.00;3368.00;27.75;82.50;14.11
1091483;55.00;3380.00;27.75;82.50;14.11
1091843;55.00;3370.00;27.75;82.50;14.02
1092208;55.00;3315.00;27.75;82.50;14.11
1092492;53.00;3242.00;27.75;82.50;14.02
1092912;52.00;3203.00;27.75;82.50;14.11
1093279;52.00;3168.00;27.75;82.50;14.02
1093613;50.00;3095.00;27.75;82.50;14.02
1093978;48.00;2978.00;27.75;82.50;14.11
1094398;50.00;2972.00;27.75;82.50;14.11
1094815;48.00;2964.00;27.75;82.50;14.11
1095232;47.00;2872.00;27.75;82.50;14.11
1095517;45.00;2783.00;27.75;82.50;14.21
1095884;47.00;2807.00;27.75;82.50;13.92
1096252;42.00;2603.00;27.75;82.50;14.11
1096538;42.00;2498.00;27.75;82.50;14.21
1096903;41.00;2541.00;27.75;82.50;14.02
1097274;41.00;2619.00;27.75;82.50;14.21
1097610;43.00;2636.00;27.75;82.50;14.21
1098026;46.00;2679.00;27.75;82.50;14.21
1098390;43.00;2620.00;27.75;82.50;14.11
1098757;41.00;2543.00;27.75;82.50;14.21
1099125;41.00;2423.00;27.75;82.50;14.21
1099487;42.00;2521.00;27.75;82.50;14.21
1099851;37.00;2185.00;27.75;82.50;14.11
1100221;38.00;2083.00;27.75;82.50;13.64
1100559;41.00;2678.00;27.75;82.50;14.02
1100979;42.00;2667.00;27.75;82.50;14.11
1101350;56.00;3431.00;27.75;82.50;14.11
1101714;47.00;3406.00;27.75;82.50;14.11
1102129;61.00;4007.00;27.75;82.50;14.11
1102493;61.00;3776.00;27.75;82.50;14.02
1102908;56.00;4179.00;27.75;82.50;14.02
1103272;72.00;4042.00;27.75;82.50;14.11
1103560;66.00;4154.00;27.75;82.50;14.11
1103923;66.00;3987.00;27.75;82.50;14.02
1104289;63.00;4212.00;27.75;82.50;14.02
1104574;72.00;4208.00;27.75;82.50;14.11
1104941;75.00;4751.00;27.75;82.50;14.02
1105310;70.00;4461.00;27.75;82.50;14.02
1105595;70.00;4007.00;27.75;82.50;14.02
1105957;73.00;4469.00;27.75;82.50;14.11
1106376;68.00;4200.00;27.75;82.50;14.02
1106747;68.00;4786.00;27.75;82.50;14.02
1107111;72.00;4294.00;27.75;82.50;14.02
1107526;68.00;4260.00;27.75;82.50;14.11
1107949;75.00;4260.00;27.75;82.50;14.02
1108315;68.00;3303.00;27.75;82.50;14.02
1108598;60.00;3153.00;27.75;82.50;14.21
1108968;68.00;3136.00;27.75;82.50;14.11
1109390;67.00;3148.00;27.75;82.50;14.11
1109814;76.00;3515.00;27.75;82.50;14.11
1110181;80.00;3770.00;27.75;82.50;14.02
1110599;71.00;3316.00;27.75;82.50;14.11
1110968;67.00;2928.00;27.75;82.50;14.11
1111382;61.00;3120.00;27.75;82.50;14.11
1111747;81.00;3841.00;27.75;82.50;14.11
1112162;73.00;3190.00;27.75;82.50;14.21
1112581;66.00;3279.00;27.75;82.50;14.21
1112946;68.00;3298.00;27.75;82.50;14.11
1113313;72.00;3310.00;27.75;82.50;14.11
1113597;70.00;2991.00;27.75;82.50;14.21
1113967;67.00;3014.00;27.75;82.50;14.11
1114334;62.00;2936.00;27.75;82.50;14.11
1114699;62.00;3250.00;27.75;82.50;14.11
1115060;60.00;3474.00;27.75;82.50;14.11
1115425;58.00;3445.00;27.75;83.25;14.02
1115847;55.00;3379.00;27.75;83.25;14.11
1116264;55.00;2835.00;27.75;83.25;14.21
1116599;50.00;2772.00;27.75;83.25;14.11
1116968;46.00;2949.00;27.75;83.25;14.11
1117333;45.00;2677.00;27.75;83.25;14.02
1117702;46.00;2606.00;27.75;83.25;14.11
1118070;43.00;3227.00;27.75;83.25;14.11
1118433;48.00;3014.00;27.75;83.25;13.64
1118802;51.00;2971.00;27.75;83.25;14.11
1119176;48.00;2980.00;27.75;83.25;14.11
1119542;47.00;2743.00;27.75;83.25;14.21
1119916;50.00;3593.00;27.75;83.25;14.11
1120283;52.00;3159.00;27.75;83.25;14.21
1120571;48.00;2864.00;27.75;83.25;14.02
1120937;46.00;2781.00;27.75;83.25;14.21
1121306;43.00;2626.00;27.75;83.25;14.11
1121644;42.00;2558.00;27.75;83.25;14.11
1122010;41.00;2519.00;27.75;83.25;14.11
1122425;40.00;2782.00;27.75;83.25;14.11
1122789;38.00;2960.00;27.75;83.25;14.11
1123154;37.00;2918.00;27.75;83.25;14.11
1123517;37.00;2798.00;27.75;83.25;14.11
1123930;36.00;2733.00;27.75;83.25;14.21
1124300;35.00;2879.00;27.75;83.25;14.21
1124636;33.00;2709.00;27.75;83.25;14.11
1125020;35.00;2559.00;27.75;83.25;14.21
1125389;37.00;2928.00;27.75;83.25;14.11
1125756;37.00;2999.00;27.75;83.25;14.11
1126118;37.00;2949.00;27.75;83.25;14.11
1126479;40.00;3167.00;27.75;83.25;14.11
1126847;38.00;2464.00;27.75;83.25;14.02
1127266;41.00;2522.00;27.75;83.25;14.02
1127550;42.00;2829.00;27.75;83.25;14.11
1127917;43.00;2676.00;27.75;83.25;14.11
1128333;43.00;2698.00;27.75;83.25;14.11
1128612;47.00;2696.00;27.75;83.25;14.11
1129028;62.00;3965.00;27.75;83.25;14.11
1129445;46.00;3492.00;27.75;83.25;14.11
1129811;58.00;3189.00;27.75;83.25;14.11
1130226;50.00;3102.00;27.75;83.25;13.83
1130593;52.00;3292.00;27.75;83.25;14.11
1130962;57.00;3666.00;27.75;83.25;14.02
1131330;60.00;3572.00;27.75;83.25;14.11
1131617;63.00;4105.00;27.75;83.25;14.11
1131982;62.00;3966.00;27.00;83.25;14.11
1132350;62.00;3892.00;27.00;83.25;14.02
1132685;70.00;4171.00;27.00;83.25;14.11
1133104;67.00;3473.00;27.00;83.25;14.11
1133519;67.00;3526.00;27.00;83.25;14.11
1133882;72.00;3982.00;27.00;83.25;14.11
1134247;72.00;3764.00;27.00;83.25;14.11
1134609;71.00;3668.00;27.00;83.25;14.11
1134973;71.00;3781.00;27.00;83.25;14.11
1135385;76.00;3974.00;27.00;83.25;14.11
1135802;77.00;3978.00;27.00;83.25;14.11
1136166;78.00;4035.00;27.00;83.25;14.11
1136530;76.00;3639.00;27.00;83.25;14.02
1136898;76.00;3514.00;27.00;84.00;14.02
1137263;75.00;3521.00;27.00;84.00;14.11
1137549;77.00;3576.00;27.00;84.00;14.11
1137965;80.00;3703.00;27.00;84.00;14.11
1138382;80.00;3642.00;27.00;84.00;14.11
1138743;81.00;3610.00;27.00;84.00;14.11
1139108;82.00;3783.00;27.00;84.00;14.02
1139579;81.00;3771.00;27.00;84.00;14.11
1139947;80.00;3613.00;27.00;84.00;14.11
1140312;77.00;3504.00;27.00;84.00;14.21
1140601;76.00;3457.00;27.00;84.00;14.02
1140968;75.00;3632.00;27.00;84.00;14.21
1141336;73.00;3365.00;27.00;84.00;14.02
1141675;70.00;3226.00;27.00;84.00;14.21
1142101;68.00;3194.00;27.00;84.00;14.21
1142467;67.00;3062.00;27.00;84.00;14.21
1142831;66.00;3036.00;27.00;84.00;14.11
1143250;65.00;3106.00;27.00;84.00;14.11
1143617;63.00;2961.00;27.00;84.00;14.02
1143986;63.00;2932.00;27.00;84.00;14.21
1144350;63.00;2963.00;27.00;84.00;14.11
1144635;65.00;3054.00;27.00;84.00;14.11
1145003;65.00;3016.00;27.00;84.00;14.21
1145367;61.00;2772.00;27.00;84.00;14.21
1145783;65.00;2971.00;27.00;84.00;14.21
1146153;67.00;3296.00;27.00;84.00;14.11
1146522;70.00;3211.00;27.00;84.00;14.21
1146943;71.00;3311.00;27.00;84.00;14.11
1147310;72.00;3333.00;27.00;84.00;14.11
1147593;72.00;3258.00;27.00;84.00;14.11
1147955;72.00;3617.00;27.00;84.00;14.11
1148368;72.00;3360.00;27.00;84.00;14.11
1148728;72.00;3339.00;27.00;84.00;14.11
1149090;73.00;3421.00;27.00;84.00;14.11
1149456;73.00;3103.00;27.00;84.00;14.11
1149868;72.00;3402.00;27.00;84.00;14.02
1150289;75.00;3458.00;27.00;84.00;14.11
1150576;72.00;3129.00;27.00;84.00;14.11
1150941;71.00;3301.00;27.00;84.00;14.21
1151310;70.00;3174.00;27.00;84.00;14.21
1151597;70.00;3198.00;27.00;84.00;14.21
1151960;72.00;3314.00;27.00;84.00;14.21
1152375;75.00;3466.00;27.00;84.00;14.02
1152743;77.00;3590.00;27.00;84.00;14.02
1153158;81.00;3714.00;27.00;84.00;14.02
1153576;83.00;3887.00;27.00;84.00;14.11
1153946;87.00;4023.00;27.00;84.00;14.11
1154312;90.00;4120.00;27.00;84.00;14.11
1154596;92.00;4235.00;27.00;84.00;14.11
1154962;95.00;4365.00;27.00;84.00;14.11
1155327;96.00;4444.00;27.00;84.00;14.02
1155613;96.00;3901.00;27.00;84.00;14.11
1155979;97.00;4124.00;27.00;84.00;14.11
1156395;98.00;4174.00;27.00;84.00;14.11
1156762;101.00;4228.00;27.00;83.25;14.11
1157135;101.00;4283.00;27.00;83.25;14.11
1157497;102.00;4314.00;27.00;83.25;14.11
1157861;102.00;4323.00;27.00;83.25;14.11
1158222;101.00;4323.00;27.00;83.25;14.11
1158635;101.00;4311.00;27.00;83.25;14.11
1159048;101.00;4299.00;27.00;83.25;14.11
1159409;101.00;4310.00;27.00;83.25;14.11
1159822;101.00;4295.00;27.00;83.25;14.02
1160185;101.00;4293.00;27.00;83.25;14.11
1160602;101.00;4289.00;27.00;83.25;14.11
1161015;101.00;4265.00;27.00;83.25;14.11
1161376;100.00;4255.00;27.00;83.25;14.11
1161666;100.00;4257.00;27.00;83.25;14.11
1162027;100.00;4223.00;27.00;83.25;14.11
1162438;100.00;4200.00;27.00;83.25;14.02
1162803;98.00;4207.00;27.00;83.25;14.11
1163170;100.00;4248.00;27.00;83.25;14.11
1163541;98.00;4233.00;27.00;83.25;14.02
1163961;100.00;4233.00;27.00;83.25;14.11
1164336;100.00;4246.00;27.00;83.25;14.02
1164670;100.00;4221.00;27.00;83.25;14.02
1165031;100.00;4234.00;27.00;83.25;14.11
1165395;100.00;4237.00;27.00;83.25;14.11
1165757;98.00;4218.00;27.00;83.25;14.02
1166176;98.00;4191.00;27.00;83.25;14.11
1166592;97.00;4131.00;27.00;83.25;14.11
1166956;97.00;4107.00;27.00;83.25;14.11
1167367;96.00;3898.00;27.00;83.25;14.11
1167652;95.00;4015.00;27.00;83.25;14.11
1168018;93.00;3979.00;27.00;83.25;14.02
1168438;93.00;3967.00;27.00;83.25;14.11
1168853;92.00;3941.00;27.00;83.25;14.02
1169271;92.00;3917.00;27.00;83.25;14.11
1169686;91.00;3870.00;27.00;83.25;14.11
1170102;90.00;3819.00;27.00;83.25;14.11
1170468;88.00;3782.00;27.00;83.25;14.11
1170850;87.00;3947.00;27.00;83.25;14.11
1171214;88.00;3745.00;27.00;83.25;14.11
1171581;87.00;3724.00;27.00;83.25;14.11
1171947;87.00;3694.00;27.00;83.25;14.11
1172312;87.00;3702.00;27.00;83.25;14.11
1172593;86.00;3653.00;27.00;83.25;14.02
1172962;86.00;3664.00;27.00;83.25;14.11
1173379;86.00;3644.00;27.00;83.25;14.11
1173711;86.00;3654.00;27.00;83.25;14.11
1174072;86.00;3633.00;27.00;83.25;14.02
1174443;83.00;3593.00;27.00;83.25;14.11
1174811;82.00;3486.00;27.00;83.25;14.21
1175180;80.00;3483.00;27.00;83.25;14.21
1175544;80.00;3541.00;27.00;83.25;14.02
1175908;80.00;3394.00;27.00;83.25;14.21
1176273;80.00;3344.00;27.00;83.25;14.11
1176638;78.00;3352.00;27.00;83.25;14.11
1177003;78.00;3325.00;27.00;83.25;14.11
1177415;78.00;3338.00;27.00;83.25;14.02
1177780;78.00;3331.00;27.00;83.25;14.11
1178144;77.00;3294.00;27.00;83.25;14.11
1178516;78.00;3321.00;27.00;83.25;14.21
1178885;77.00;3299.00;27.00;83.25;14.11
1179469;76.00;3225.00;27.00;83.25;14.21
1179756;73.00;3156.00;27.00;83.25;14.11
1180125;72.00;3113.00;27.00;83.25;14.21
1180496;71.00;3107.00;27.00;83.25;14.11
1180863;71.00;3033.00;27.00;83.25;14.11
1181225;70.00;2968.00;27.00;83.25;14.11
1181641;70.00;3005.00;27.00;83.25;14.11
1182056;71.00;3008.00;27.00;83.25;14.21
1182423;70.00;2999.00;27.00;83.25;14.11
1182790;70.00;2999.00;27.00;83.25;14.11
1183201;71.00;3010.00;27.00;83.25;14.11
1183564;71.00;3004.00;27.00;83.25;14.11
1183924;71.00;3018.00;27.00;83.25;14.11
1184285;71.00;3025.00;27.00;83.25;14.11
1184645;71.00;3014.00;27.00;83.25;14.11
1185006;71.00;3017.00;27.00;83.25;14.11
1185418;71.00;3041.00;27.00;83.25;14.02
1185782;71.00;3036.00;27.00;83.25;14.11
1186199;71.00;3020.00;27.00;83.25;14.21
1186563;70.00;2930.00;27.00;83.25;14.11
1186931;68.00;2918.00;27.00;83.25;14.21
1187349;68.00;2906.00;27.00;83.25;14.21
1187681;67.00;2880.00;27.00;83.25;14.11
1188049;67.00;2871.00;27.00;83.25;14.02
1188413;67.00;2886.00;27.00;83.25;14.21
1188698;68.00;2898.00;27.00;83.25;14.11
1189118;68.00;2902.00;27.00;83.25;14.11
1189480;68.00;2929.00;27.00;83.25;14.21
1189845;68.00;2912.00;27.00;83.25;14.11
1190260;68.00;2936.00;27.00;83.25;14.11
1190670;70.00;2968.00;27.00;83.25;14.11
1191036;70.00;2966.00;27.00;83.25;14.11
1191399;70.00;2999.00;27.00;83.25;14.11
1191731;71.00;2986.00;27.00;83.25;14.11
1192095;71.00;3019.00;27.00;83.25;14.11
1192506;71.00;3000.00;27.00;83.25;14.11
1192868;71.00;3016.00;27.00;83.25;14.11
1193230;71.00;3031.00;27.00;83.25;14.11
1193642;71.00;3035.00;27.00;83.25;14.11
1194055;71.00;3037.00;27.00;83.25;14.21
1194419;72.00;3065.00;27.00;83.25;14.11
1194756;72.00;3052.00;27.00;83.25;14.11
1195117;71.00;3059.00;27.00;83.25;14.11
1195534;72.00;3064.00;27.00;83.25;14.21
1195952;72.00;3074.00;27.00;83.25;14.11
1196371;72.00;3068.00;27.00;83.25;14.02
1196661;72.00;3101.00;27.00;83.25;14.21
1197025;72.00;3094.00;27.00;83.25;14.02
1197390;73.00;3107.00;27.00;83.25;14.11
1197678;72.00;3092.00;27.00;83.25;14.11
1198044;73.00;3169.00;27.00;83.25;13.92
1198412;73.00;3114.00;27.00;83.25;14.11
1198702;72.00;3080.00;27.00;83.25;14.02
1199120;72.00;3073.00;27.00;83.25;14.11
1199534;71.00;3069.00;27.00;83.25;14.02
1199953;71.00;3009.00;27.00;83.25;14.11
1200369;71.00;3056.00;27.00;83.25;14.11
1200650;70.00;2960.00;27.00;83.25;14.11
1201015;68.00;2898.00;27.00;83.25;14.02
1201386;68.00;2956.00;27.00;83.25;14.11
1201668;67.00;2866.00;27.00;83.25;14.02
1202087;66.00;2854.00;27.00;83.25;14.02
1202503;66.00;2833.00;27.00;83.25;14.11
1202868;66.00;2838.00;27.00;83.25;14.11
1203231;66.00;2844.00;27.00;83.25;14.11
1203644;66.00;2810.00;27.00;83.25;14.11
1204004;66.00;2882.00;27.00;83.25;14.11
1204369;66.00;2828.00;27.00;83.25;14.11
1204650;66.00;2818.00;27.00;83.25;14.21
1205015;66.00;2823.00;27.00;83.25;14.11
1205383;66.00;2798.00;27.00;84.00;14.11
1205718;65.00;2791.00;27.00;84.00;14.11
1206135;63.00;2689.00;27.00;84.00;14.11
1206501;62.00;2686.00;27.00;84.00;14.21
1206870;61.00;2629.00;27.00;84.00;14.11
1207288;60.00;2610.00;27.00;84.00;14.11
1207705;60.00;2591.00;27.00;84.00;14.11
1208068;60.00;2551.00;27.00;84.00;14.21
1208433;60.00;2542.00;27.00;84.00;14.11
1208769;58.00;2500.00;27.00;84.00;14.21
1209140;57.00;2455.00;27.00;84.00;14.21
1209503;56.00;2422.00;27.00;84.00;14.21
1209871;55.00;2336.00;27.00;84.00;14.11
1210290;55.00;2351.00;27.00;84.00;14.11
1210653;55.00;2309.00;27.00;84.00;14.11
1211066;53.00;2290.00;27.00;84.00;14.11
1211431;53.00;2319.00;27.00;84.00;14.21
1211716;52.00;2185.00;27.00;84.00;14.21
1212081;51.00;2195.00;27.00;84.00;14.21
1212448;50.00;2129.00;27.00;84.00;14.21
1212733;50.00;2186.00;27.00;84.00;14.21
1213096;48.00;2031.00;27.00;84.00;14.21
1213462;50.00;2330.00;27.00;84.00;14.21
1213828;50.00;2339.00;27.00;84.00;14.21
1214190;50.00;2489.00;27.00;84.00;14.21
1214602;50.00;2614.00;27.00;84.00;14.21
1215015;50.00;2628.00;27.00;84.00;14.21
1215376;50.00;2498.00;27.00;84.00;14.11
1215714;48.00;2555.00;27.00;84.00;14.21
1216082;47.00;2480.00;27.00;84.00;14.21
1216465;46.00;2456.00;27.00;84.00;14.21
1216750;45.00;2371.00;27.00;84.00;14.11
1217118;43.00;2310.00;27.00;84.00;14.21
1217488;42.00;2248.00;27.00;84.00;14.21
1217853;42.00;2331.00;27.00;84.00;14.11
1218220;43.00;2278.00;27.00;84.00;14.21
1218588;43.00;3074.00;27.00;84.00;14.11
1218957;45.00;2850.00;27.00;84.00;14.11
1219322;48.00;3000.00;27.00;84.00;14.02
1219691;53.00;3244.00;27.00;84.00;14.02
1220057;57.00;3486.00;27.00;84.00;14.11
1220427;60.00;3733.00;27.00;84.75;14.11
1220767;66.00;4066.00;27.00;84.75;14.11
1221184;70.00;4308.00;27.00;84.00;13.92
1221605;77.00;4698.00;27.00;84.00;14.02
1221974;80.00;4919.00;27.00;84.00;14.02
1222339;85.00;5211.00;27.00;84.00;14.11
1222758;88.00;5549.00;27.00;84.00;13.92
1223127;93.00;5794.00;27.00;84.00;13.92
1223492;100.00;6073.00;27.00;84.00;14.02
1223866;100.00;5175.00;27.00;84.00;14.11
1224230;101.00;5275.00;27.00;84.00;14.11
1224595;106.00;5492.00;27.00;84.00;14.11
1225010;103.00;4804.00;27.00;83.25;14.02
1225434;106.00;4867.00;27.00;83.25;14.02
1225718;106.00;4844.00;27.00;83.25;14.11
1226135;106.00;4523.00;27.00;83.25;14.11
1226549;106.00;4531.00;27.00;83.25;14.02
1226924;106.00;4507.00;27.00;83.25;14.11
1227288;106.00;4500.00;27.00;83.25;14.11
1227701;107.00;4552.00;27.00;83.25;14.11
1228066;108.00;4613.00;27.00;83.25;13.92
1228435;110.00;4663.00;27.00;83.25;14.11
1228723;111.00;4709.00;27.00;83.25;14.02
1229090;111.00;4707.00;27.00;83.25;14.11
1229457;111.00;4714.00;27.00;83.25;14.02
1229791;110.00;4665.00;27.00;83.25;14.02
1230165;111.00;4711.00;27.00;83.25;14.02
1230581;111.00;4729.00;27.00;83.25;13.92
1231004;112.00;4753.00;27.00;83.25;14.02
1231373;112.00;4735.00;27.00;83.25;14.11
1231739;111.00;4707.00;27.00;83.25;14.02
1232109;110.00;4592.00;27.00;83.25;14.11
1232477;107.00;4598.00;27.00;83.25;14.02
1232764;106.00;4488.00;27.00;83.25;14.11
1233132;103.00;4393.00;27.00;83.25;14.11
1233547;102.00;4404.00;27.00;83.25;13.92
1233914;101.00;4289.00;27.00;83.25;14.02
1234282;100.00;4250.00;27.00;83.25;14.11
1234652;98.00;4216.00;27.00;83.25;14.02
1235078;97.00;4134.00;27.00;83.25;14.11
1235446;96.00;4039.00;27.00;83.25;14.11
1235728;93.00;3965.00;27.00;83.25;14.11
1236143;91.00;3877.00;27.00;83.25;14.11
1236507;88.00;3764.00;27.00;83.25;14.11
1236872;87.00;3721.00;27.00;83.25;14.11
1237238;85.00;3918.00;27.00;83.25;14.02
1237606;82.00;3804.00;27.00;83.25;14.11
1237973;81.00;3733.00;27.00;83.25;14.11
1238339;81.00;3720.00;27.00;83.25;14.11
1238702;82.00;3826.00;27.00;83.25;14.11
1239122;85.00;3904.00;27.00;83.25;14.11
1239543;87.00;4041.00;27.00;83.25;14.11
1239910;88.00;4075.00;27.00;83.25;14.02
1240281;90.00;4142.00;27.00;83.25;14.11
1240648;88.00;4017.00;27.00;83.25;14.11
1241013;86.00;3978.00;27.00;83.25;14.11
1241379;85.00;3888.00;27.00;83.25;14.02
1241746;82.00;3769.00;27.00;83.25;14.11
1242166;78.00;3625.00;27.00;83.25;14.11
1242582;73.00;3416.00;27.00;82.50;14.11
1243001;68.00;2854.00;27.00;82.50;14.11
1243366;65.00;2447.00;27.00;82.50;14.21
1243785;61.00;3140.00;27.00;82.50;14.21
1244199;57.00;3355.00;27.00;82.50;14.11
1244568;53.00;3283.00;27.00;82.50;14.02
1244987;48.00;3026.00;27.00;82.50;14.11
1245358;45.00;3452.00;27.00;82.50;14.11
1245725;41.00;3194.00;27.00;82.50;14.11
1246091;40.00;3044.00;27.00;82.50;14.11
1246507;37.00;2951.00;27.00;82.50;14.02
1246926;37.00;2894.00;27.00;82.50;14.21
1247292;35.00;2750.00;27.00;82.50;14.21
1247656;33.00;2639.00;27.00;82.50;14.21
1248022;35.00;2720.00;27.00;82.50;14.21
1248385;36.00;2832.00;27.00;82.50;14.21
1248751;37.00;2948.00;27.00;82.50;14.11
1249168;40.00;3177.00;27.00;82.50;14.11
1249537;43.00;3330.00;27.00;82.50;14.02
1249906;43.00;3404.00;27.00;82.50;14.11
1250271;43.00;3425.00;27.00;82.50;14.02
1250635;43.00;3415.00;27.00;82.50;14.21
1250999;43.00;3357.00;27.00;82.50;14.11
1251367;41.00;3289.00;27.00;82.50;14.21
1251785;38.00;3024.00;27.00;82.50;14.11
1252206;36.00;2848.00;27.00;82.50;14.21
1252575;35.00;2688.00;27.00;82.50;14.21
1252939;32.00;2538.00;27.00;82.50;14.21
1253354;32.00;2547.00;27.00;82.50;14.11
1253721;31.00;2471.00;27.00;82.50;14.11
1254137;31.00;2894.00;27.00;82.50;13.92
1254555;27.00;2998.00;27.00;82.50;14.21
1254975;25.00;2780.00;27.00;82.50;14.11
1255345;22.00;2490.00;27.00;82.50;14.11
1255759;20.00;2192.00;27.00;82.50;14.21
1256128;18.00;2020.00;27.00;82.50;14.21
1256557;16.00;1877.00;27.75;82.50;14.21
1256925;16.00;1862.00;27.75;82.50;14.21
1257288;17.00;1919.00;27.75;82.50;14.21
1257651;18.00;2061.00;27.75;82.50;14.30
1258023;21.00;2249.00;27.75;82.50;14.21
1258392;27.00;2958.00;27.75;82.50;14.11
1258760;22.00;2491.00;27.75;82.50;13.73
1259127;15.00;1582.00;27.75;82.50;14.30
1259496;15.00;1637.00;27.75;82.50;14.21
1259783;13.00;1399.00;27.75;82.50;14.11
1260154;10.00;1331.00;27.75;83.25;14.39
1260526;10.00;1270.00;27.75;83.25;14.02
1260892;7.00;1309.00;27.75;83.25;13.83
1261261;7.00;1255.00;27.75;83.25;13.92
1261625;6.00;1229.00;27.75;83.25;14.39
1261993;5.00;1275.00;27.75;83.25;14.39
1262359;3.00;2109.00;27.75;83.25;14.11
1262796;13.00;2439.00;27.75;83.25;14.21
1263172;11.00;3314.00;27.75;83.25;14.11
1263539;12.00;1502.00;27.75;83.25;14.30
1263908;12.00;1504.00;27.75;83.25;14.30
1264269;12.00;1469.00;27.75;83.25;14.30
1264680;13.00;1415.00;27.75;83.25;14.39
1265049;12.00;1530.00;27.75;83.25;14.39
1265465;12.00;1414.00;27.75;83.25;14.39
1265746;12.00;1391.00;27.75;83.25;14.39
1266107;11.00;1292.00;27.75;84.00;14.49
1266479;15.00;1645.00;27.75;84.00;14.39
1266765;16.00;2032.00;27.75;84.00;14.30
1267134;21.00;2356.00;27.75;84.00;14.21
1267503;21.00;2700.00;27.75;84.00;13.83
1267788;32.00;2878.00;27.75;84.00;14.11
1268156;22.00;2396.00;27.75;84.00;14.11
1268521;30.00;3024.00;27.75;84.00;14.11
1268856;32.00;3514.00;27.75;84.00;14.11
1269274;30.00;3815.00;27.75;84.00;14.02
1269694;31.00;3930.00;27.75;84.00;14.11
1270114;33.00;2623.00;27.75;84.00;14.11
1270482;37.00;3047.00;27.75;84.75;14.11
1270819;36.00;2975.00;27.00;84.75;14.02
1271190;38.00;3075.00;27.00;84.75;14.21
1271610;42.00;3323.00;27.00;84.75;14.11
1271981;40.00;3225.00;27.00;84.75;14.11
1272346;48.00;3462.00;27.00;84.75;14.11
1272711;42.00;3437.00;27.00;84.75;14.11
1273126;47.00;3399.00;27.00;84.75;14.11
1273542;46.00;3641.00;27.00;84.75;14.11
1273958;56.00;3745.00;27.00;84.75;14.11
1274323;48.00;3824.00;27.00;84.75;14.11
1274740;50.00;4075.00;27.00;84.75;14.11
1275106;52.00;4219.00;27.00;84.75;14.11
1275472;48.00;4481.00;27.00;84.75;14.11
1275755;52.00;3144.00;27.00;84.75;14.11
1276170;52.00;3283.00;27.00;84.75;14.11
1276581;52.00;3256.00;27.00;84.75;14.11
1276994;55.00;3443.00;27.00;84.75;14.02
1277364;56.00;3332.00;27.00;84.75;14.11
1277784;58.00;3548.00;27.00;84.75;14.02
1278152;58.00;3496.00;27.00;84.75;14.02
1278514;55.00;3511.00;27.00;84.75;14.11
1278802;57.00;3602.00;27.00;84.75;14.02
1279172;57.00;3533.00;27.00;84.75;14.11
1279536;58.00;3639.00;27.00;85.50;14.11
1279908;61.00;3671.00;27.00;85.50;14.11
1280324;57.00;3622.00;27.00;85.50;14.11
1280688;61.00;4230.00;27.00;85.50;14.02
1281059;61.00;3099.00;27.00;85.50;14.11
1281429;61.00;3230.00;27.00;85.50;14.21
1281793;63.00;3351.00;27.00;85.50;14.11
1282162;66.00;3408.00;27.00;85.50;14.11
1282527;62.00;3260.00;27.00;85.50;14.11
1282863;62.00;3234.00;27.00;85.50;14.11
1283224;63.00;3275.00;27.00;85.50;14.11
1283588;61.00;3207.00;27.00;85.50;14.11
1284003;61.00;3187.00;27.00;85.50;14.11
1284365;60.00;3267.00;27.00;85.50;14.21
1284734;63.00;3185.00;27.00;85.50;14.02
1285103;62.00;3305.00;27.00;85.50;14.11
1285477;60.00;3189.00;27.00;85.50;14.11
1285761;62.00;3152.00;27.00;85.50;14.21
1286180;63.00;3107.00;27.00;85.50;14.11
1286600;57.00;3125.00;27.00;85.50;14.02
1286968;63.00;3272.00;27.00;85.50;14.11
1287339;62.00;3287.00;27.00;85.50;14.11
1287705;62.00;3259.00;27.00;85.50;14.11
1288067;63.00;3367.00;27.00;85.50;14.11
1288483;67.00;3323.00;27.00;85.50;14.21
1288770;60.00;3104.00;27.00;85.50;14.11
1289139;57.00;2797.00;27.00;85.50;14.21
1289564;52.00;2617.00;27.00;85.50;14.21
1289980;50.00;2525.00;27.00;85.50;14.11
1290399;46.00;2417.00;27.00;85.50;14.21
1290769;45.00;2322.00;27.00;85.50;14.21
1291134;42.00;2210.00;27.00;85.50;14.21
1291501;41.00;2152.00;27.00;85.50;14.11
1291790;40.00;2073.00;27.00;85.50;14.30
1292210;37.00;1930.00;27.00;85.50;14.30
1292626;36.00;2265.00;27.00;85.50;14.21
1292995;38.00;1934.00;27.00;85.50;14.21
1293359;38.00;2149.00;27.00;85.50;14.39
1293726;41.00;2244.00;27.00;85.50;14.21
1294095;41.00;2212.00;27.00;85.50;14.11
1294460;57.00;2883.00;27.00;85.50;13.92
1294748;65.00;4195.00;27.00;85.50;13.92
1295116;48.00;2603.00;27.00;85.50;14.21
1295485;47.00;2488.00;27.00;85.50;14.21
1295821;50.00;2574.00;27.00;85.50;14.11
1296190;51.00;2856.00;27.00;85.50;14.11
1296560;55.00;2907.00;27.00;85.50;14.11
1296928;57.00;2922.00;27.00;85.50;14.11
1297296;58.00;3011.00;27.00;85.50;14.02
1297670;60.00;3102.00;27.00;85.50;14.11
1298039;60.00;3142.00;27.00;85.50;14.11
1298400;61.00;3175.00;27.00;85.50;14.02
1298769;61.00;3195.00;27.00;85.50;14.11
1299133;62.00;3237.00;27.00;84.75;14.11
1299503;63.00;3333.00;27.00;84.75;14.11
1299839;63.00;3332.00;27.00;84.75;14.02
1300205;63.00;3310.00;27.00;84.75;14.02
1300566;65.00;3314.00;27.00;84.75;14.11
1300932;63.00;3329.00;27.00;84.75;13.92
1301302;63.00;3195.00;27.00;84.75;14.11
1301666;61.00;3072.00;27.00;84.75;14.21
1302034;60.00;3175.00;27.00;84.75;14.11
1302404;61.00;3148.00;27.00;84.75;14.02
1302824;60.00;3060.00;27.00;84.75;14.11
1303192;58.00;3050.00;27.00;84.75;14.21
1303561;57.00;2984.00;27.00;84.75;14.11
1303849;57.00;3042.00;27.00;84.75;14.11
1304210;56.00;2918.00;27.00;84.75;14.21
1304581;55.00;2920.00;27.00;84.75;14.11
1304949;55.00;2831.00;27.00;84.75;14.11
1305311;55.00;2834.00;27.00;84.75;14.11
1305671;55.00;2870.00;27.00;84.75;14.11
1306031;55.00;2853.00;27.00;84.00;14.21
1306398;57.00;2808.00;27.00;84.00;14.21
1306764;57.00;2883.00;27.00;84.00;14.02
1307130;56.00;2952.00;27.00;84.00;14.21
1307550;58.00;3057.00;27.00;84.00;14.11
1307905;58.00;3107.00;27.00;84.00;14.11
1308267;61.00;3159.00;27.00;84.00;14.11
1308633;61.00;3217.00;27.00;84.00;14.11
1308996;63.00;3306.00;27.00;84.00;14.21
1309415;62.00;3276.00;27.00;84.00;14.11
1309791;62.00;3354.00;27.00;84.00;14.21
1310156;82.00;4279.00;27.00;84.00;14.11
1310524;93.00;5107.00;27.00;84.00;14.11
1310859;62.00;3422.00;27.00;84.00;14.11
1311276;65.00;3459.00;27.00;84.00;14.11
1311692;68.00;3631.00;27.00;84.00;14.02
1312113;72.00;3756.00;27.00;84.00;14.21
1312532;76.00;3916.00;27.00;84.00;14.11
1312871;73.00;3455.00;27.00;83.25;14.11
1313242;76.00;3500.00;27.00;83.25;14.11
1313606;78.00;3546.00;27.00;83.25;14.11
1314022;78.00;3660.00;27.00;83.25;14.11
1314436;77.00;3542.00;27.00;83.25;14.11
1314853;75.00;3391.00;27.00;83.25;14.21
1315222;73.00;3331.00;27.00;83.25;14.02
1315589;72.00;2989.00;27.00;83.25;14.21
1316007;68.00;3566.00;27.00;83.25;14.02
1316426;68.00;3534.00;27.00;83.25;14.02
1316938;62.00;3324.00;27.00;83.25;14.21
1317358;61.00;3078.00;27.00;83.25;14.21
1317774;61.00;3522.00;27.00;83.25;14.11
1318139;58.00;3555.00;27.00;83.25;14.21
1318558;56.00;3480.00;27.00;83.25;14.21
1318842;55.00;3380.00;27.00;83.25;14.21
1319208;53.00;3223.00;27.00;83.25;14.11
1319576;56.00;3285.00;27.00;83.25;14.11
1319913;50.00;3016.00;27.00;83.25;14.11
1320328;48.00;2931.00;27.00;83.25;14.21
1320695;47.00;2847.00;27.00;83.25;14.11
1321062;47.00;2762.00;27.00;83.25;14.11
1321475;45.00;2594.00;27.00;83.25;14.21
1321842;42.00;2593.00;27.00;83.25;14.21
1322210;41.00;2507.00;27.00;83.25;14.21
1322625;38.00;2384.00;27.00;83.25;14.21
1322991;37.00;2752.00;27.00;83.25;14.21
1323355;37.00;2912.00;27.00;83.25;13.83
1323718;35.00;2830.00;27.00;83.25;14.11
1324087;35.00;2746.00;27.00;82.50;14.11
1324451;35.00;2762.00;27.00;82.50;14.21
1324819;37.00;2891.00;27.00;82.50;14.11
1325239;37.00;2970.00;27.00;82.50;14.11
1325600;38.00;2998.00;27.00;82.50;14.21
1325973;36.00;2868.00;27.00;82.50;14.11
1326391;37.00;2928.00;27.00;82.50;14.11
1326807;41.00;3164.00;27.00;82.50;14.11
1327222;40.00;3082.00;27.00;82.50;14.21
1327644;41.00;3246.00;27.00;82.50;14.11
1328018;43.00;3083.00;27.00;82.50;14.21
1328386;42.00;3332.00;27.00;82.50;14.02
1328754;45.00;3361.00;27.00;82.50;14.02
1329119;42.00;2984.00;27.00;82.50;14.21
1329486;41.00;3349.00;27.00;82.50;14.11
1329856;45.00;3423.00;27.00;82.50;14.11
1330222;42.00;3388.00;27.00;82.50;13.92
1330591;43.00;3444.00;27.00;82.50;14.11
1330929;50.00;3593.00;27.00;82.50;14.11
1331299;42.00;3293.00;27.00;82.50;14.11
1331665;42.00;3305.00;27.00;82.50;14.11
1332028;43.00;3353.00;27.00;82.50;14.02
1332447;43.00;3400.00;27.00;82.50;14.11
1332863;43.00;3373.00;27.00;82.50;14.11
1333276;42.00;3336.00;27.00;82.50;14.02
1333694;42.00;3317.00;27.00;82.50;14.11
1334114;42.00;3290.00;27.00;82.50;14.11
1334474;41.00;3281.00;27.00;82.50;14.11
1334840;48.00;3796.00;27.00;82.50;14.11
1335205;43.00;3428.00;27.00;82.50;14.11
1335568;46.00;3498.00;27.00;82.50;14.11
1335903;43.00;3182.00;27.00;83.25;14.11
1336269;46.00;3483.00;27.00;83.25;14.02
1336637;47.00;3169.00;27.00;83.25;14.11
1337055;40.00;3307.00;27.00;83.25;14.21
1337475;42.00;3215.00;27.00;83.25;14.11
1337894;41.00;3463.00;27.00;83.25;14.11
1338261;38.00;3059.00;27.00;83.25;14.11
1338675;37.00;2955.00;27.00;83.25;14.11
1339091;36.00;2711.00;27.00;83.25;14.21
1339457;33.00;2605.00;27.00;83.25;14.02
1339831;32.00;2588.00;27.00;83.25;14.21
1340249;27.00;2065.00;27.00;83.25;14.21
1340665;25.00;1956.00;27.00;83.25;14.30
1341032;22.00;1914.00;27.00;83.25;14.30
1341447;22.00;1808.00;27.00;83.25;14.30
1341859;30.00;1787.00;27.00;83.25;14.30
1342225;27.00;2153.00;27.00;83.25;14.30
1342589;27.00;2281.00;27.00;83.25;14.30
1342870;28.00;2441.00;27.00;83.25;14.11
1343289;32.00;2522.00;27.00;83.25;14.21
1343708;32.00;2569.00;27.00;83.25;14.11
1344123;35.00;2777.00;27.00;83.25;14.11
1344538;33.00;2536.00;27.00;83.25;14.11
1344822;31.00;2488.00;27.00;83.25;14.21
1345193;32.00;2524.00;27.00;83.25;14.11
1345612;36.00;2913.00;27.00;83.25;14.02
1345897;37.00;2870.00;27.00;83.25;14.21
1346267;37.00;2802.00;27.00;83.25;14.11
1346631;37.00;2974.00;27.00;83.25;14.11
1346993;38.00;3002.00;27.00;83.25;14.02
1347411;38.00;3096.00;27.00;84.00;14.11
1348130;38.00;2093.00;27.00;84.00;14.21
1348496;38.00;2194.00;27.00;84.00;13.07
1348860;37.00;2043.00;27.00;84.00;14.30
1349280;36.00;2233.00;27.00;84.00;14.11
1349649;35.00;2128.00;27.00;84.00;14.21
1350024;35.00;2042.00;27.00;84.00;14.21
1350436;32.00;1988.00;27.00;84.00;14.21
1350801;32.00;1994.00;27.00;84.00;14.30
1351168;31.00;1944.00;27.00;84.00;14.30
1351532;33.00;1907.00;27.00;84.00;14.30
1351817;32.00;2028.00;27.00;84.00;14.21
1352243;33.00;2124.00;27.00;84.00;14.30
1352613;33.00;2027.00;27.00;84.00;14.21
1352949;37.00;2370.00;27.00;84.00;14.21
1353313;36.00;2247.00;27.00;84.00;14.21
1353678;35.00;2115.00;27.00;84.00;14.21
1354042;37.00;2343.00;27.00;84.00;14.30
1354412;36.00;2161.00;27.00;84.00;14.21
1354780;37.00;2432.00;27.00;84.00;14.21
1355162;37.00;2326.00;27.00;84.75;14.21
1355577;38.00;2390.00;27.00;84.75;14.21
1355863;40.00;2367.00;27.00;84.75;14.02
1356231;42.00;2668.00;27.00;84.75;14.21
1356600;42.00;2655.00;27.00;84.75;14.21
1356881;42.00;2901.00;27.00;84.75;14.11
1357298;43.00;2769.00;27.00;84.75;14.11
1357716;43.00;2805.00;27.00;84.75;14.11
1358127;42.00;2650.00;27.00;84.75;14.21
1358495;45.00;2790.00;27.00;84.75;14.02
1358914;45.00;2753.00;27.00;84.75;14.11
1359329;42.00;2699.00;27.00;84.75;14.11
1359701;43.00;2745.00;27.00;84.75;14.11
1360070;43.00;2761.00;27.00;84.75;14.02
1360448;37.00;2430.00;27.00;84.75;13.83
1360815;36.00;2684.00;27.00;84.75;14.11
1361234;40.00;2498.00;27.00;84.75;14.21
1361603;41.00;2409.00;27.00;84.75;14.21
1361888;40.00;2541.00;27.00;84.75;14.11
1362259;38.00;2578.00;27.00;84.75;14.21
1362628;40.00;2447.00;27.00;84.75;14.11
1362966;38.00;2310.00;27.00;84.75;14.21
1363336;40.00;2417.00;27.00;84.75;14.21
1363702;35.00;2187.00;27.00;84.75;14.21
1364067;35.00;2168.00;27.00;84.75;14.21
1364478;37.00;2429.00;27.00;84.75;14.21
1364895;35.00;2296.00;27.00;84.75;14.21
1365312;38.00;2496.00;27.00;84.75;14.21
1365677;42.00;2749.00;27.00;84.75;14.11
1366044;42.00;2594.00;27.00;84.75;14.11
1366405;42.00;2624.00;27.00;84.75;14.11
1366767;46.00;2777.00;27.00;84.75;14.21
1367138;45.00;2783.00;27.00;84.75;14.11
1367508;45.00;2688.00;27.00;84.75;14.21
1367874;46.00;2787.00;27.00;84.75;14.11
1368244;45.00;2731.00;27.00;84.75;14.02
1368612;43.00;2599.00;27.00;84.75;14.11
1368901;45.00;2636.00;27.00;84.75;14.11
1369269;41.00;2481.00;27.00;84.75;14.11
1369634;40.00;2433.00;27.00;84.75;14.11
1369920;36.00;2243.00;27.00;84.75;14.21
1370291;35.00;2143.00;27.00;84.75;14.21
1370655;32.00;2017.00;27.00;84.75;14.30
1371022;32.00;2086.00;27.00;84.75;14.11
1371386;30.00;2297.00;27.00;84.75;14.21
1371755;31.00;1824.00;27.00;84.75;14.21
1372120;28.00;1777.00;27.00;84.75;14.21
1372487;27.00;1805.00;27.00;84.75;14.21
1372852;31.00;2183.00;27.00;84.75;14.30
1373221;31.00;1931.00;27.00;84.75;14.30
1373582;36.00;2351.00;27.00;84.75;14.21
1373869;35.00;2263.00;27.00;84.75;14.21
1374285;42.00;2558.00;27.00;84.75;14.21
1374651;50.00;2849.00;27.00;84.75;14.11
1374940;43.00;2652.00;27.00;84.75;14.11
1375309;45.00;2758.00;27.00;84.75;14.11
1375675;46.00;2896.00;27.00;84.75;14.11
1376041;47.00;2990.00;27.00;84.75;14.21
1376414;46.00;2848.00;27.00;84.75;14.11
1376783;42.00;2413.00;27.00;84.75;14.21
1377153;42.00;2729.00;27.00;84.75;14.11
1377516;42.00;2545.00;27.00;85.50;14.11
1377881;41.00;2524.00;27.00;85.50;14.11
1378245;40.00;2418.00;27.00;85.50;14.21
1378614;40.00;2279.00;27.00;85.50;14.11
1378950;36.00;2192.00;27.00;85.50;14.21
1379318;37.00;2348.00;27.00;85.50;14.11
1379687;36.00;2292.00;27.00;85.50;14.11
1380052;38.00;2317.00;27.00;85.50;14.11
1380473;37.00;2355.00;27.00;85.50;14.21
1380892;37.00;2317.00;27.00;85.50;14.21
1381305;37.00;2354.00;27.00;85.50;14.21
1381718;38.00;2398.00;27.00;85.50;14.30
1382086;35.00;2172.00;27.00;85.50;14.21
1382453;37.00;2367.00;27.00;85.50;14.21
1382817;36.00;2274.00;27.00;85.50;14.21
1383182;35.00;2143.00;27.00;85.50;14.21
1383547;35.00;2299.00;27.00;85.50;14.21
1383908;33.00;2549.00;27.00;85.50;14.11
1384327;32.00;2592.00;27.00;85.50;14.21
1384697;32.00;2624.00;27.00;85.50;14.21
1385058;32.00;2605.00;27.00;85.50;14.11
1385421;33.00;2534.00;27.00;85.50;14.11
1385784;32.00;2538.00;27.00;85.50;14.11
1386149;31.00;2350.00;27.00;85.50;14.21
1386519;28.00;2253.00;27.00;85.50;14.21
1386885;27.00;2131.00;27.00;85.50;14.21
1387250;30.00;2208.00;27.00;85.50;14.21
1387615;25.00;2351.00;27.00;85.50;14.21
1387950;25.00;1793.00;27.00;85.50;14.30
1388314;27.00;1990.00;27.00;85.50;14.21
1388682;23.00;1962.00;27.00;85.50;14.21
1389102;23.00;2608.00;27.00;85.50;13.73
1389467;28.00;2321.00;27.00;85.50;14.21
1389835;36.00;2585.00;27.00;85.50;14.21
1390199;28.00;2270.00;27.00;85.50;14.11
1390572;31.00;2433.00;27.00;85.50;14.21
1390940;42.00;2559.00;27.00;85.50;14.21
1391305;35.00;2677.00;27.00;85.50;14.21
1391670;33.00;2752.00;27.00;85.50;14.21
1391955;36.00;2764.00;27.00;85.50;14.11
1392375;36.00;2828.00;27.00;85.50;14.21
1392740;37.00;2888.00;27.00;85.50;14.11
1393158;37.00;2927.00;27.00;85.50;14.02
1393523;36.00;2721.00;27.00;85.50;14.21
1393941;33.00;2648.00;27.00;85.50;14.21
1394309;32.00;2643.00;27.00;85.50;14.11
1394728;32.00;2561.00;27.00;85.50;14.21
1395093;31.00;2532.00;27.00;85.50;14.21
1395460;28.00;2254.00;27.00;85.50;14.21
1395875;27.00;2110.00;27.00;85.50;14.21
1396239;27.00;2048.00;27.00;85.50;14.02
1396662;26.00;2052.00;27.00;85.50;14.21
1396951;25.00;2052.00;27.00;85.50;14.21
1397313;26.00;2010.00;27.00;85.50;14.30
1397681;27.00;2144.00;27.00;85.50;14.21
1397969;28.00;2237.00;27.00;85.50;14.21
1398332;28.00;2241.00;27.00;85.50;14.30
1398748;28.00;2168.00;27.00;85.50;14.21
1399162;32.00;2294.00;27.00;85.50;14.21
1399578;30.00;2481.00;27.00;85.50;14.02
1399947;32.00;2436.00;27.00;85.50;14.11
1400316;32.00;2574.00;27.00;85.50;14.02
1400754;32.00;2630.00;27.00;85.50;14.21
1401119;38.00;2689.00;27.00;85.50;14.21
1401535;36.00;2893.00;27.00;85.50;14.11
1401905;36.00;2860.00;27.00;85.50;14.11
1402265;38.00;3138.00;27.00;85.50;14.11
1402630;37.00;2923.00;27.00;85.50;14.02
1402920;40.00;2940.00;27.00;85.50;14.11
1403288;40.00;3036.00;27.00;85.50;14.11
1403651;43.00;3055.00;27.00;85.50;14.11
1403986;36.00;2915.00;27.00;85.50;14.11
1404352;38.00;3028.00;27.00;85.50;14.11
1404718;40.00;3205.00;27.00;85.50;13.92
1405089;43.00;2916.00;27.00;85.50;14.21
1405457;37.00;2927.00;27.00;85.50;14.21
1405822;36.00;2837.00;27.00;85.50;14.11
1406195;36.00;2959.00;27.00;85.50;14.21
1406559;35.00;2534.00;27.00;85.50;14.02
1406928;36.00;2919.00;27.00;85.50;13.35
1407295;32.00;2595.00;27.00;85.50;14.21
1407665;32.00;2445.00;27.00;85.50;14.21
1407946;31.00;2452.00;27.00;85.50;14.11
1408315;32.00;2443.00;27.00;85.50;14.11
1408681;33.00;2467.00;27.00;85.50;14.11
1409017;35.00;2767.00;27.00;85.50;14.21
1409387;32.00;2648.00;27.00;85.50;14.11
1409755;35.00;2691.00;27.00;85.50;14.11
1410172;32.00;2671.00;27.00;85.50;14.21
1410590;32.00;2615.00;27.00;85.50;14.21
1410951;33.00;2544.00;27.00;85.50;14.02
1411319;33.00;2665.00;27.00;85.50;14.11
1411684;33.00;2718.00;27.00;85.50;13.83
1411969;31.00;2647.00;27.00;85.50;14.21
1412337;40.00;2834.00;27.00;85.50;14.21
1412702;37.00;3003.00;27.00;85.50;14.11
1413042;35.00;2074.00;27.00;85.50;13.92
1413463;38.00;2340.00;27.00;85.50;14.11
1413883;38.00;2414.00;27.00;85.50;14.11
1414248;38.00;2501.00;27.00;85.50;14.11
1414612;43.00;2557.00;27.00;85.50;14.11
1414903;46.00;2697.00;27.00;85.50;14.11
1415268;42.00;2600.00;27.00;85.50;14.21
1415637;42.00;2891.00;27.00;85.50;14.11
1415922;45.00;2872.00;27.00;85.50;14.11
1416286;45.00;2682.00;27.00;85.50;14.11
1416649;45.00;2750.00;27.00;85.50;14.21
1416935;46.00;2842.00;27.00;85.50;14.11
1417304;46.00;2797.00;27.00;85.50;14.11
1417666;47.00;2889.00;27.00;85.50;14.21
1418005;45.00;2796.00;27.00;85.50;14.11
1418374;46.00;2935.00;27.00;85.50;14.21
1418744;45.00;2724.00;27.00;85.50;14.11
1419114;45.00;2760.00;27.00;85.50;14.11
1419474;46.00;2827.00;27.00;86.25;14.11
1419843;43.00;2836.00;27.00;86.25;13.92
1420214;47.00;2816.00;27.00;86.25;14.21
1420583;43.00;2727.00;27.00;86.25;14.02
1420952;43.00;2758.00;27.00;86.25;14.11
1421316;43.00;2651.00;27.00;86.25;14.11
1421678;45.00;2634.00;27.00;85.50;14.21
1421970;42.00;2710.00;27.00;85.50;14.11
1422388;40.00;3051.00;27.00;85.50;14.11
1422804;41.00;3147.00;27.00;85.50;14.11
1423169;38.00;2961.00;27.00;85.50;14.21
1423539;37.00;2884.00;27.00;85.50;14.11
1423960;35.00;2709.00;27.00;85.50;14.02
1424378;36.00;2897.00;27.00;85.50;14.21
1424797;33.00;2462.00;27.00;85.50;14.11
1425216;36.00;2741.00;27.00;85.50;14.11
1425582;35.00;2699.00;27.00;85.50;14.11
1425947;33.00;2594.00;27.00;85.50;14.11
1426315;32.00;2442.00;27.00;85.50;13.83
1426733;32.00;2492.00;27.00;85.50;14.21
1427101;32.00;2632.00;27.00;85.50;14.11
1427516;35.00;2736.00;27.00;85.50;14.11
1427932;36.00;2831.00;27.00;85.50;14.11
1428348;33.00;2613.00;27.00;85.50;14.21
1428768;35.00;2697.00;27.00;85.50;14.11
1429189;32.00;2744.00;27.00;85.50;14.11
1429554;36.00;2879.00;27.00;85.50;13.92
1429923;36.00;3013.00;27.00;85.50;14.21
1430338;37.00;2706.00;27.00;85.50;14.11
1430709;36.00;2864.00;27.00;85.50;14.21
1430996;38.00;3091.00;27.00;85.50;14.11
1431366;40.00;3168.00;27.00;85.50;14.11
1431780;41.00;3288.00;27.00;85.50;14.11
1432197;41.00;2555.00;27.00;84.75;14.11
1432562;43.00;2580.00;27.00;84.75;14.11
1432927;42.00;2249.00;27.00;84.75;14.11
1433292;41.00;2547.00;27.00;84.75;14.21
1433661;42.00;2544.00;27.00;84.75;14.21
1433996;41.00;2488.00;27.00;84.75;14.21
1434363;40.00;2394.00;27.00;84.75;14.21
1434731;40.00;2426.00;27.00;84.75;14.21
1435098;41.00;2409.00;27.00;84.75;14.11
1435468;38.00;2430.00;27.00;84.75;14.21
1435840;40.00;2433.00;27.00;84.75;14.11
1436209;40.00;2472.00;27.00;84.75;14.11
1436621;38.00;2110.00;27.00;84.75;14.21
1436991;36.00;2259.00;27.00;84.75;14.21
1437356;35.00;2189.00;27.00;84.75;13.45
1437728;33.00;2132.00;27.00;84.75;14.21
1438068;33.00;2093.00;27.00;84.75;14.21
1438432;35.00;2039.00;27.00;84.75;13.92
1438852;37.00;2142.00;27.00;84.75;14.11
1439222;35.00;2189.00;27.00;84.75;14.21
1439591;33.00;1981.00;27.00;84.75;14.30
1439958;31.00;1926.00;27.00;84.75;14.21
1440326;31.00;1940.00;27.00;84.75;14.30
1440691;30.00;1894.00;27.00;84.75;14.30
1440977;30.00;1810.00;27.00;84.75;14.30
1441338;28.00;1791.00;27.00;84.75;14.21
1441706;28.00;2513.00;27.00;84.75;14.21
1441985;28.00;1640.00;27.00;84.75;14.30
1442401;26.00;2027.00;27.00;84.75;14.30
1442766;23.00;1898.00;27.00;84.75;14.21
1443139;21.00;1662.00;27.00;84.75;14.30
1443560;20.00;1599.00;27.00;84.75;14.39
1443979;17.00;1335.00;27.00;84.75;14.49
1444347;16.00;1359.00;27.00;84.75;14.39
1444716;16.00;1373.00;27.00;85.50;14.49
1445053;13.00;1295.00;27.00;85.50;14.39
1445424;11.00;1278.00;27.00;85.50;14.39
1445789;11.00;1287.00;27.00;85.50;14.39
1446218;8.00;1309.00;27.00;85.50;14.49
1446584;8.00;1208.00;27.00;85.50;14.39
1446949;8.00;1263.00;27.00;85.50;14.39
1447314;7.00;1254.00;27.00;85.50;14.39
1447680;6.00;1173.00;27.00;85.50;14.39
1448016;6.00;1270.00;27.00;85.50;14.39
1448430;6.00;1271.00;27.00;85.50;14.49
1448830;6.00;1262.00;27.00;85.50;14.49
1449241;6.00;1319.00;27.00;85.50;14.39
1449605;6.00;1299.00;27.00;85.50;14.39
1450017;5.00;1220.00;27.00;85.50;14.39
1450382;5.00;1299.00;27.00;85.50;14.39
1450743;6.00;1275.00;27.00;85.50;14.39
1451029;6.00;1328.00;27.00;85.50;14.39
1451390;8.00;1305.00;27.00;85.50;14.49
1451760;12.00;1267.00;27.00;85.50;14.39
1452132;16.00;1503.00;27.00;85.50;14.21
1452500;18.00;1939.00;27.00;85.50;14.21
1452866;18.00;2045.00;27.00;85.50;14.11
1453238;17.00;1978.00;27.00;85.50;14.21
1453657;16.00;1859.00;27.00;85.50;14.30
1453944;17.00;1814.00;27.00;85.50;14.21
1454312;15.00;1651.00;27.00;85.50;14.30
1454680;16.00;1757.00;27.00;85.50;14.21
1454968;15.00;1682.00;27.00;85.50;14.21
1455335;15.00;1580.00;27.00;86.25;14.30
1455703;13.00;1518.00;27.00;86.25;14.39
1456040;13.00;1499.00;27.00;86.25;14.39
1456401;12.00;1430.00;27.00;86.25;14.39
1456818;12.00;1483.00;27.00;86.25;14.39
1457229;12.00;1372.00;27.00;86.25;14.30
1457644;10.00;1277.00;27.00;86.25;14.39
1458013;11.00;1303.00;27.00;86.25;14.49
1458382;11.00;1279.00;27.00;86.25;14.39
1458747;8.00;1298.00;27.00;86.25;14.49
1459085;6.00;1164.00;27.00;86.25;14.39
1459455;6.00;1242.00;27.00;86.25;14.30
1459820;6.00;1270.00;27.00;86.25;14.39
1460186;5.00;1228.00;27.00;86.25;14.49
1460555;3.00;1261.00;27.00;86.25;14.49
1460921;3.00;1270.00;27.00;86.25;14.30
1461342;3.00;1216.00;27.00;86.25;14.49
1461707;3.00;1238.00;27.00;86.25;14.39
1461990;5.00;1258.00;27.00;86.25;14.49
1462410;6.00;1215.00;27.00;86.25;14.39
1462829;6.00;1255.00;27.00;86.25;14.49
1463246;6.00;1231.00;27.00;86.25;14.49
1463658;7.00;1264.00;27.00;86.25;14.30
1464025;7.00;1190.00;27.00;86.25;14.39
1464389;8.00;1162.00;27.00;86.25;14.39
1464755;7.00;1249.00;27.00;86.25;14.49
1465093;7.00;1190.00;27.00;86.25;14.39
1465459;7.00;1245.00;27.00;86.25;14.49
1465824;8.00;1242.00;27.00;86.25;14.39
1466242;8.00;1264.00;27.00;87.00;14.39
1466608;10.00;1270.00;27.00;87.00;14.39
1467028;11.00;1385.00;27.00;87.00;14.39
1467399;12.00;2045.00;27.00;87.00;14.21
1467766;15.00;2162.00;27.00;87.00;14.21
1468102;20.00;2238.00;27.00;87.00;14.21
1468518;25.00;2833.00;27.00;87.00;14.21
1468933;27.00;2566.00;27.00;87.00;14.11
1469352;28.00;2325.00;27.00;87.00;14.21
1469719;31.00;2462.00;27.00;87.00;14.11
1469976;33.00;2661.00;27.00;87.00;14.02
1470348;36.00;2828.00;27.00;87.00;14.11
1470717;37.00;2944.00;27.00;87.00;14.11
1471002;38.00;2940.00;27.00;87.00;14.11
1471370;37.00;2897.00;27.00;87.00;14.11
1471737;36.00;2811.00;27.00;87.00;14.11
1472071;33.00;2681.00;27.00;87.00;14.11
1472437;32.00;2545.00;27.00;87.00;14.11
1472806;31.00;2452.00;27.00;87.00;14.21
1473176;30.00;2326.00;27.00;87.00;14.21
1473591;28.00;2242.00;27.00;87.00;14.21
1473956;26.00;2141.00;27.00;87.00;14.11
1474323;26.00;2046.00;27.00;87.75;14.21
1474691;26.00;1979.00;27.00;87.75;14.21
1474972;27.00;2122.00;27.00;87.75;14.11
1475346;27.00;2193.00;27.00;87.75;14.21
1475710;27.00;1998.00;27.00;87.75;14.21
1476042;26.00;1816.00;27.00;87.75;14.21
1476405;23.00;2138.00;27.00;87.75;14.11
1476773;22.00;2445.00;27.00;87.75;14.21
1477112;20.00;2238.00;27.00;87.75;14.21
1477477;18.00;2107.00;27.00;87.00;14.21
1477851;17.00;1781.00;27.00;87.00;14.30
1478271;12.00;1298.00;27.00;87.00;14.39
1478638;7.00;1352.00;27.00;87.00;14.39
1479004;2.00;1284.00;27.00;87.00;14.39
1479369;0;1363.00;27.00;87.00;14.39
1479732;0;1300.00;27.00;87.00;14.39
1480014;0;1301.00;27.00;87.00;14.39
1480382;0;1265.00;27.00;87.00;14.39
1480743;0;1276.00;27.00;87.00;14.49
1481028;0;1311.00;27.00;87.00;14.39
1481443;0;1302.00;27.00;87.00;14.30
1481858;0;1293.00;27.00;87.00;14.39
1482272;0;1221.00;27.00;87.00;14.49
1482638;0;2432.00;27.00;87.00;14.21
1483002;0;2246.00;27.00;87.00;14.30
1483418;7.00;2509.00;27.00;87.00;14.11
1483837;7.00;2282.00;27.00;87.00;14.21
1484202;10.00;2399.00;27.00;87.00;14.21
1484623;12.00;2243.00;27.00;87.00;14.21
1484987;18.00;2296.00;27.00;87.00;14.11
1485411;25.00;2775.00;27.00;87.00;14.11
1485776;30.00;3333.00;27.00;87.00;14.11
1486062;36.00;4006.00;27.00;87.00;14.11
1486428;42.00;4678.00;27.00;87.00;14.02
1486797;47.00;5176.00;27.00;87.00;13.92
1487084;48.00;4183.00;27.00;87.00;14.02
1487504;55.00;4285.00;27.00;87.75;14.11
1487927;60.00;4739.00;27.00;87.75;14.02
1488294;66.00;5081.00;27.00;87.75;13.92
1488663;68.00;5374.00;27.00;87.75;13.92
1489027;71.00;4515.00;27.00;87.75;14.11
1489396;73.00;4500.00;27.00;87.75;14.02
1489765;76.00;4635.00;27.00;87.75;14.11
1490105;78.00;4804.00;27.00;87.75;14.11
1490521;78.00;4601.00;27.00;87.75;14.11
1490934;82.00;4306.00;27.00;87.75;14.02
1491352;85.00;4407.00;27.00;87.75;14.11
1491788;86.00;4483.00;27.00;87.75;14.11
1492073;88.00;4636.00;27.00;87.75;14.11
1492439;88.00;4729.00;27.00;87.75;14.02
1492804;90.00;4162.00;27.00;87.75;14.11
1493173;92.00;4209.00;27.00;87.75;14.11
1493541;93.00;4314.00;27.00;87.75;14.11
1493906;96.00;4388.00;27.00;87.75;14.11
1494323;96.00;4680.00;27.00;87.75;14.11
1494683;96.00;4107.00;27.00;87.75;14.11
1495095;96.00;4097.00;27.00;87.75;14.11
1495457;97.00;4130.00;27.00;87.00;14.21
1495830;97.00;4139.00;27.00;87.00;14.11
1496194;97.00;4131.00;27.00;87.00;14.11
1496556;97.00;4141.00;27.00;87.00;14.11
1496968;98.00;4162.00;27.00;87.00;14.11
1497382;98.00;4180.00;27.00;87.00;14.11
1497794;98.00;4238.00;27.00;87.00;14.11
1498076;98.00;4158.00;27.00;87.00;14.11
1498487;98.00;4168.00;27.00;87.00;14.02
1498853;98.00;4180.00;27.00;87.00;14.11
1499269;98.00;4188.00;27.00;87.00;14.11
1499637;98.00;4183.00;27.00;87.00;14.11
1500000;98.00;4161.00;27.00;86.25;14.11
1500364;98.00;4159.00;27.00;86.25;14.11
1500725;97.00;4145.00;27.00;86.25;14.02
1501066;97.00;4133.00;27.00;86.25;14.02
1501479;97.00;4127.00;27.00;86.25;14.11
1501843;97.00;4114.00;27.00;86.25;14.11
1502255;97.00;4107.00;27.00;86.25;14.11
1502617;97.00;4117.00;27.00;86.25;14.11
1502979;96.00;4108.00;27.00;86.25;14.11
1503394;96.00;4086.00;27.00;86.25;14.11
1503756;96.00;4106.00;27.00;85.50;14.11
1504038;96.00;4097.00;27.00;85.50;14.21
1504455;96.00;4080.00;27.00;85.50;14.11
1504821;96.00;4088.00;27.00;85.50;14.11
1505234;96.00;4078.00;27.00;85.50;14.11
1505647;96.00;4070.00;27.00;85.50;14.02
1506063;96.00;4090.00;27.00;85.50;14.11
1506428;96.00;4065.00;27.00;85.50;14.11
1506790;96.00;4075.00;27.00;84.75;14.11
1507124;96.00;4070.00;27.00;84.75;14.11
1507486;96.00;4070.00;27.00;84.75;14.11
1507896;96.00;4058.00;27.00;84.75;14.11
1508258;96.00;4080.00;27.00;84.75;14.11
1508617;97.00;4110.00;27.00;84.75;13.92
1508998;97.00;4125.00;27.00;84.75;14.02
1509365;97.00;4147.00;27.00;84.75;14.11
1509738;97.00;4144.00;27.00;84.75;14.11
1510019;97.00;4160.00;27.00;84.75;14.11
1510432;98.00;4188.00;27.00;84.75;14.11
1510797;98.00;4170.00;27.00;84.00;14.11
1511082;98.00;4209.00;27.00;84.00;14.02
1511447;100.00;4203.00;26.25;84.00;14.11
1511827;100.00;4222.00;26.25;84.00;14.11
1512109;98.00;4232.00;26.25;84.00;14.11
1512524;100.00;4228.00;26.25;84.00;14.21
1512949;100.00;4235.00;26.25;84.00;14.11
1513369;100.00;4247.00;26.25;84.00;14.21
1513736;101.00;4258.00;26.25;84.00;14.11
1514027;101.00;4276.00;26.25;84.00;14.11
1514391;101.00;4284.00;26.25;84.00;14.11
1514753;101.00;4287.00;26.25;84.00;14.11
1515033;101.00;4309.00;26.25;84.00;14.11
1515393;102.00;4311.00;26.25;84.00;14.11
1515815;102.00;4317.00;26.25;83.25;14.11
1516151;102.00;4339.00;26.25;83.25;14.11
1516564;102.00;4345.00;26.25;83.25;14.11
1516926;102.00;4354.00;26.25;83.25;14.02
1517290;102.00;4343.00;26.25;83.25;14.02
1517655;102.00;4330.00;26.25;83.25;14.11
1518027;102.00;4327.00;26.25;83.25;14.11
1518389;101.00;4324.00;26.25;83.25;14.11
1518805;102.00;4319.00;26.25;83.25;14.11
1519090;101.00;4300.00;26.25;83.25;14.11
1519454;101.00;4304.00;26.25;83.25;14.11
1519816;101.00;4285.00;26.25;83.25;14.11
1520148;101.00;4263.00;26.25;83.25;14.21
1520516;100.00;4244.00;26.25;83.25;14.11
1520883;100.00;4232.00;26.25;83.25;14.11
1521296;98.00;4203.00;26.25;83.25;14.11
1521661;100.00;4217.00;26.25;83.25;14.11
1522029;100.00;4233.00;26.25;83.25;14.11
1522390;98.00;4211.00;26.25;83.25;14.11
1522756;98.00;4209.00;26.25;82.50;14.02
1523094;98.00;4198.00;26.25;82.50;14.11
1523510;100.00;4210.00;26.25;82.50;14.11
1523884;98.00;4201.00;26.25;82.50;14.11
1524251;100.00;4217.00;26.25;82.50;14.11
1524670;98.00;4201.00;26.25;82.50;14.11
1525036;98.00;4200.00;26.25;82.50;14.11
1525448;98.00;4194.00;26.25;82.50;14.11
1525812;98.00;4184.00;26.25;82.50;14.11
1526094;98.00;4189.00;26.25;82.50;14.11
1526455;98.00;4188.00;26.25;82.50;14.11
1526867;98.00;4186.00;26.25;82.50;14.21
1527232;98.00;4195.00;26.25;82.50;14.11
1527595;98.00;4200.00;26.25;82.50;14.11
1527963;98.00;4181.00;26.25;82.50;14.11
1528324;98.00;4166.00;26.25;82.50;14.11
1528738;98.00;4191.00;26.25;82.50;14.21
1529154;100.00;4198.00;26.25;82.50;14.02
1529526;100.00;4221.00;26.25;82.50;14.11
1529940;100.00;4230.00;26.25;82.50;14.11
1530353;100.00;4240.00;26.25;82.50;14.11
1530714;100.00;4262.00;26.25;82.50;14.11
1531075;100.00;4245.00;26.25;82.50;14.11
1531438;100.00;4245.00;26.25;82.50;14.11
1531850;100.00;4265.00;26.25;82.50;14.11
1532211;100.00;4267.00;26.25;82.50;14.11
1532571;100.00;4258.00;26.25;82.50;14.11
1532932;100.00;4280.00;26.25;82.50;14.11
1533292;101.00;4293.00;26.25;82.50;14.11
1533656;102.00;4312.00;26.25;82.50;14.21
1534029;101.00;4307.00;26.25;82.50;14.11
1534398;101.00;4301.00;26.25;82.50;14.11
1534758;101.00;4291.00;26.25;82.50;14.11
1535120;102.00;4320.00;26.25;82.50;14.11
1535535;101.00;4313.00;26.25;82.50;14.11
1535955;102.00;4371.00;26.25;82.50;14.21
1536374;103.00;4391.00;26.25;82.50;14.11
1536743;103.00;4398.00;26.25;82.50;14.11
1537107;103.00;4406.00;26.25;82.50;14.11
1537484;105.00;4430.00;26.25;82.50;14.11
1537849;105.00;4445.00;26.25;82.50;14.11
1538179;105.00;4421.00;26.25;82.50;14.11
1538541;105.00;4420.00;26.25;82.50;14.02
1538905;103.00;4408.00;26.25;82.50;14.11
1539275;103.00;4388.00;26.25;82.50;14.11
1539638;103.00;4414.00;26.25;82.50;14.11
1540002;103.00;4386.00;26.25;82.50;14.11
1540413;103.00;4361.00;26.25;82.50;14.11
1540774;102.00;4358.00;26.25;82.50;14.21
1541062;102.00;4340.00;26.25;82.50;14.02
1541428;101.00;4301.00;26.25;82.50;14.11
1541846;100.00;4247.00;26.25;82.50;14.11
1542136;97.00;4132.00;26.25;82.50;14.11
1542552;95.00;4049.00;26.25;82.50;14.21
1542970;92.00;3940.00;26.25;82.50;14.11
1543389;90.00;3815.00;26.25;82.50;14.21
1543808;88.00;3731.00;26.25;82.50;14.11
1544097;86.00;3633.00;26.25;82.50;14.21
1544465;83.00;3587.00;26.25;82.50;14.11
1544883;82.00;3465.00;26.25;82.50;14.21
1545304;80.00;3366.00;26.25;82.50;14.21
1545670;77.00;3337.00;26.25;82.50;14.21
1546033;76.00;3276.00;26.25;82.50;14.11
1546453;75.00;3162.00;26.25;81.75;14.11
1546872;71.00;3009.00;26.25;81.75;14.21
1547211;63.00;2741.00;26.25;81.75;14.21
1547626;58.00;1507.00;26.25;81.75;14.39
1547993;55.00;2513.00;26.25;81.75;14.21
1548360;51.00;2171.00;26.25;81.75;14.21
1548725;48.00;1528.00;27.00;81.75;14.39
1549095;47.00;1991.00;27.00;81.75;14.30
1549464;46.00;1689.00;27.00;81.75;14.30
1549829;45.00;2065.00;27.00;81.75;14.21
1550117;45.00;3053.00;27.00;81.75;14.11
1550482;45.00;2793.00;27.00;81.75;14.21
1550847;45.00;2772.00;27.00;81.75;14.21
1551128;46.00;2825.00;27.00;81.75;14.11
1551497;46.00;2885.00;27.00;81.75;14.11
1551857;47.00;2915.00;27.00;81.75;14.21
1552195;50.00;3079.00;27.00;81.75;14.11
1552615;52.00;3220.00;27.00;81.75;14.11
1552982;56.00;3489.00;27.00;81.75;14.11
1553347;58.00;4123.00;27.00;81.75;14.11
1553762;61.00;3203.00;27.00;81.75;14.11
1554179;63.00;3364.00;27.00;81.75;14.11
1554558;67.00;3486.00;27.00;81.75;14.21
1554926;67.00;3387.00;27.00;82.50;14.11
1555295;68.00;3154.00;27.00;82.50;14.11
1555664;68.00;3198.00;27.00;82.50;14.11
1556025;70.00;3257.00;27.00;82.50;14.02
1556398;71.00;3307.00;27.00;82.50;14.11
1556766;72.00;3310.00;27.00;82.50;14.11
1557130;75.00;3414.00;27.00;82.50;14.02
1557499;73.00;3457.00;27.00;82.50;14.21
1557867;73.00;3415.00;27.00;82.50;14.11
1558203;73.00;3360.00;27.00;82.50;14.02
1558568;72.00;3361.00;27.00;82.50;14.11
1558937;72.00;3344.00;27.00;82.50;14.11
1559350;71.00;3312.00;27.00;82.50;14.21
1559718;71.00;3286.00;27.00;82.50;14.11
1560081;71.00;3216.00;27.00;82.50;14.11
1560494;70.00;3230.00;27.00;82.50;14.11
1560859;70.00;3202.00;27.00;82.50;14.11
1561192;68.00;3181.00;27.00;82.50;14.11
1561556;68.00;3168.00;27.00;82.50;14.11
1561916;68.00;3151.00;27.00;82.50;14.21
1562288;67.00;3123.00;27.00;82.50;14.11
1562656;67.00;3080.00;27.00;82.50;14.11
1563018;66.00;3101.00;27.00;82.50;14.11
1563383;66.00;3028.00;27.00;82.50;14.11
1563795;62.00;2894.00;27.00;82.50;14.11
1564161;58.00;2714.00;27.00;81.75;14.21
1564532;55.00;2516.00;27.00;81.75;14.21
1564896;51.00;2360.00;27.00;81.75;14.21
1565311;47.00;2084.00;27.00;81.75;14.21
1565681;45.00;1415.00;27.00;81.75;14.39
1566048;42.00;2146.00;27.00;81.75;14.21
1566417;37.00;1962.00;27.00;81.75;14.21
1566833;35.00;1426.00;27.00;81.75;14.39
1567120;31.00;1342.00;27.00;81.75;14.39
1567484;27.00;1781.00;27.00;81.75;14.21
1567855;25.00;1585.00;27.00;81.75;14.30
1568197;23.00;1427.00;27.00;81.75;14.30
1568564;23.00;1421.00;27.00;81.75;14.30
1568963;23.00;1398.00;27.00;81.75;14.39
1569329;23.00;1692.00;27.00;81.75;14.39
1569689;26.00;1577.00;27.00;81.75;14.30
1570056;26.00;1699.00;27.00;81.75;14.11
1570472;28.00;1775.00;27.00;81.75;14.30
1570891;31.00;1914.00;27.00;81.75;14.30
1571226;32.00;2020.00;27.00;81.75;14.21
1571595;35.00;2160.00;27.00;81.75;14.21
1571959;37.00;2279.00;27.00;81.75;14.21
1572324;38.00;2388.00;27.00;81.75;14.21
1572690;40.00;2470.00;27.00;81.75;14.11
1573058;41.00;2313.00;27.00;81.75;14.21
1573428;40.00;2442.00;27.00;81.75;14.11
1573848;38.00;2398.00;27.00;81.75;14.02
1574136;38.00;2377.00;27.00;81.75;14.30
1574500;37.00;2311.00;27.00;82.50;14.21
1574872;37.00;2314.00;27.00;82.50;14.21
1575204;37.00;2360.00;27.00;82.50;14.21
1575616;37.00;2274.00;27.00;82.50;14.21
1575977;36.00;2288.00;27.00;82.50;14.21
1576343;36.00;2219.00;27.00;82.50;14.21
1576704;36.00;2182.00;27.00;82.50;14.21
1577117;35.00;2149.00;27.00;82.50;14.11
1577485;32.00;2012.00;27.00;82.50;14.21
1577906;31.00;1900.00;27.00;82.50;14.21
1578191;28.00;1735.00;27.00;82.50;14.30
1578561;26.00;1567.00;27.00;82.50;14.30
1578927;23.00;1450.00;27.00;83.25;14.30
1579294;22.00;1439.00;27.00;83.25;14.30
1579660;22.00;1412.00;27.00;83.25;14.39
1580025;22.00;1352.00;27.00;83.25;14.39
1580385;21.00;1292.00;27.00;83.25;14.49
1580805;20.00;1308.00;27.00;83.25;14.39
1581174;20.00;1350.00;27.00;83.25;14.30
1581541;18.00;1314.00;27.00;83.25;14.39
1581910;17.00;1241.00;27.00;83.25;14.39
1582194;17.00;1309.00;27.00;83.25;14.39
1582607;16.00;1297.00;27.00;83.25;14.39
1583040;16.00;1303.00;27.00;83.25;14.30
1583405;16.00;1303.00;27.00;83.25;14.39
1583769;16.00;1276.00;27.00;83.25;14.39
1584181;15.00;1273.00;27.00;83.25;14.49
1584547;16.00;2908.00;27.00;83.25;14.11
1584915;17.00;2600.00;27.00;83.25;14.21
1585204;20.00;1972.00;27.00;83.25;14.30
1585624;22.00;1752.00;27.00;83.25;14.30
1585989;22.00;1440.00;27.00;84.00;14.39
1586408;22.00;1430.00;27.00;84.00;14.39
1586769;21.00;1459.00;27.00;84.00;14.39
1587134;20.00;1402.00;27.00;84.00;14.49
1587504;18.00;1472.00;27.00;84.00;14.39
1587875;17.00;1345.00;27.00;84.00;14.39
1588210;15.00;1272.00;27.00;84.00;14.39
1588626;13.00;1355.00;27.00;84.00;14.39
1589043;11.00;1225.00;27.00;84.00;14.39
1589458;8.00;1278.00;27.00;84.00;14.39
1589825;8.00;1253.00;27.00;84.00;14.49
1590190;6.00;1239.00;27.00;84.00;14.39
1590558;5.00;1267.00;27.00;84.00;14.30
1590930;3.00;1288.00;27.00;84.00;14.39
1591217;0;1272.00;27.00;84.00;14.49
1591638;0;1265.00;27.00;84.75;14.49
1592003;0;1280.00;27.00;84.75;14.39
1592369;0;1261.00;27.00;84.75;14.39
1592730;0;1255.00;27.00;84.75;14.49
1593095;0;1241.00;27.00;84.75;14.49
1593459;0;1256.00;27.00;84.75;14.30
1593873;0;1289.00;27.00;84.75;14.39
1594156;0;1257.00;27.00;84.75;14.30
1594527;0;1233.00;27.00;84.75;14.49
1594941;0;1237.00;27.00;84.75;14.49
1595303;0;1274.00;27.00;84.75;14.39
1595669;0;1310.00;27.00;84.75;14.39
1596081;0;1228.00;27.00;84.75;14.30
1596497;0;1197.00;27.00;84.75;14.49
1596862;0;1271.00;27.00;84.75;14.39
1597146;0;1225.00;27.00;84.75;14.49
1597513;0;1248.00;27.00;84.75;14.49
1597874;0;1270.00;27.00;84.75;14.39
1598159;0;1258.00;27.00;84.75;14.30
1598524;0;1266.00;27.00;84.75;14.39
1598888;0;1271.00;27.00;84.75;14.49
1599171;0;1180.00;27.00;85.50;14.39
1599591;0;1156.00;27.00;85.50;14.39
1600008;0;1239.00;27.00;85.50;14.39
1600368;0;1280.00;27.00;85.50;14.39
1600728;0;1244.00;27.00;85.50;14.49
1601094;0;1233.00;27.00;85.50;14.39
1601509;0;1234.00;27.00;85.50;14.49
1601923;0;1263.00;27.00;85.50;14.39
1602206;0;1234.00;27.00;85.50;14.39
1602623;0;1203.00;27.00;85.50;14.49
1603037;0;1236.00;27.00;85.50;14.39
1603401;0;1255.00;27.00;85.50;14.39
1603763;0;1193.00;27.00;85.50;14.39
1604173;0;1288.00;27.00;85.50;14.39
1604534;0;1234.00;27.00;85.50;14.11
1604899;0;0;27.00;85.50;14.11
1605179;0;0;27.00;85.50;14.11
1605536;0;0;27.00;85.50;14.11
1605897;0;0;27.00;85.50;14.11
1606173;0;0;27.00;85.50;14.11
1606533;0;0;27.00;85.50;14.11
1606942;0;0;27.00;85.50;14.11
1607299;0;0;27.00;85.50;14.11
1607709;0;0;27.00;85.50;14.11
1608067;0;0;27.00;85.50;14.11
1608426;0;0;27.00;85.50;14.11
