##;##
#2011-11-27 06:11:04
#GS-911 Mobile WM5 V1009.2
#F800GS
#BMS-KP2
Time (ms);Injection time( ms);Lambda control factor;Speed( km/h);RPM;Intake air temperature( °C);Engine temperature( °C);Ignition angle( °KW);Throttle valve position (TPS)( %);Engine load( %);Battery voltage( V);Knock sensor 1( V);Knock sensor 2( V);Ignition dwell time( ms);Odometer( km);Front wheel speed( km/h);Rear wheel speed( km/h);Idle actuator position( steps);Fuel pressure( mbar);Ambient air pressure( mbar);Lambda sensor voltage( mV);Gear position;Sidestand switch 1;Sidestand switch 2;Sidestand switch calculated;Clutch switch;Kill switch;Oil pressure switch;Start switch;Tank venting valve (US only);Secondary air valve;Engine over-temperature light;Actuation of starter relay;Lambda sensor heating;Fuel pump;Fan motor;Engine safety cut-out (of BMSK);Starter function (of BMSK);Starter safety cut-out (of BMSK);Engine warning light (MIL)
1269;0;1.00;0;0;13.50;14.25;-96.00;0;56.62;12.31;52.81;52.81;3.48;69178.00;0;0;204.00;4286.80;989.04;449.21;0;0;1;0;0;0;0;0;0;0;0;0;0;0;0;0;1;0;0
2510;0;1.00;0;0;13.50;14.25;-96.00;0;56.62;12.31;52.81;52.81;3.48;69178.00;0;0;204.00;4280.80;989.04;449.21;0;0;1;0;0;0;0;0;0;0;0;0;0;0;0;0;1;0;0
3866;0;1.00;0;0;13.50;14.25;-96.00;0;56.62;12.31;52.81;52.81;3.48;69178.00;0;0;204.00;4275.00;989.04;449.21;0;0;1;0;0;0;0;0;0;0;0;0;0;0;0;0;1;0;0
5172;0;1.00;0;0;13.50;14.25;-96.00;0;56.62;12.31;52.81;52.81;3.48;69178.00;0;0;204.00;4269.00;989.04;449.21;0;0;1;0;0;0;0;1;0;0;0;1;0;1;0;0;1;0;0
6424;4.70;1.00;0;1706.00;13.50;14.25;11.25;0;19.98;11.65;47.52;50.09;3.63;69178.00;0;0;204.00;4300.40;989.04;449.21;0;0;1;0;0;0;1;0;0;1;0;0;1;1;0;0;1;0;0
7893;3.77;1.00;0;1436.00;13.50;14.25;3.00;0;17.05;14.02;22.79;19.53;2.58;69178.00;0;0;147.00;4500.40;989.04;449.21;0;0;1;0;0;0;1;0;0;1;0;0;1;1;0;0;1;0;0
9292;3.36;1.00;0;1384.00;13.50;13.50;5.25;0;17.40;14.21;21.97;19.63;2.58;69178.00;0;0;139.00;4519.80;989.04;449.21;0;0;1;0;0;0;1;0;0;1;0;0;1;1;0;0;1;0;0
10556;3.30;1.00;0;1390.00;13.50;13.50;5.25;0;17.56;14.11;33.45;73.90;2.58;69178.00;0;0;143.00;4531.40;989.04;449.21;0;0;1;0;0;0;1;0;0;1;0;0;1;1;0;0;1;0;0
11955;3.19;1.00;0;1393.00;13.50;13.50;5.25;0;17.62;14.11;34.98;103.14;2.58;69178.00;0;0;144.00;4523.60;989.04;449.21;0;0;1;0;0;0;1;0;0;1;0;0;1;1;0;0;1;0;0
13358;3.02;1.00;0;1379.00;13.50;13.50;6.00;0;17.79;14.21;115.27;97.16;2.58;69178.00;0;0;144.00;4513.20;989.04;449.21;0;0;1;0;0;0;1;0;0;1;0;0;1;1;0;0;1;0;0
14635;2.90;1.00;0;1400.00;13.50;13.50;4.50;0;17.08;14.02;110.03;73.06;2.58;69178.00;0;0;142.00;4504.00;989.04;449.21;0;0;1;0;0;0;1;0;0;1;0;0;1;1;0;0;1;0;0
15968;2.96;1.00;0;1406.00;13.50;14.25;4.50;0;17.12;14.11;167.86;138.02;2.58;69178.00;0;0;143.00;4518.40;989.04;449.21;0;0;1;0;0;0;1;0;0;1;0;0;1;1;0;0;1;0;0
17375;2.96;1.00;0;1394.00;13.50;14.25;4.50;0;17.16;14.21;225.02;228.01;2.58;69178.00;0;0;143.00;4510.60;989.04;449.21;0;0;1;0;0;0;1;0;0;1;0;0;1;1;0;0;1;0;0
18620;2.71;1.00;0;1435.00;13.50;14.25;3.75;0;16.87;14.30;186.69;171.45;2.58;69178.00;0;0;141.00;4511.00;989.04;449.21;0;0;1;0;0;0;1;0;0;1;0;0;1;1;0;0;1;0;0
19964;2.78;1.00;0;1366.00;13.50;15.00;5.25;0;17.50;14.11;103.29;94.66;2.58;69178.00;0;0;140.00;4527.80;989.04;449.21;0;0;1;0;0;0;1;0;0;1;0;0;1;1;0;0;1;0;0
21314;2.76;1.00;0;1374.00;13.50;15.00;5.25;0;17.60;14.21;66.56;72.07;2.58;69178.00;0;0;144.00;4502.00;989.04;449.21;0;0;1;0;0;0;1;0;0;1;0;0;1;1;0;0;1;0;0
22573;2.60;1.00;0;1425.00;13.50;15.75;4.50;0;16.85;14.11;38.53;50.29;2.58;69178.00;0;0;142.00;4515.80;989.04;449.21;0;0;1;0;0;0;1;0;0;1;0;0;1;1;0;0;1;0;0
23961;2.65;1.00;0;1381.00;13.50;16.50;6.00;0;17.45;14.21;23.28;33.75;2.58;69178.00;0;0;141.00;4499.80;989.04;449.21;0;0;1;0;0;0;1;0;0;1;0;0;1;1;0;0;1;0;0
25304;2.83;1.00;0;1334.00;13.50;16.50;7.50;0;17.94;14.11;33.90;30.78;2.58;69178.00;0;0;142.00;4536.80;989.04;449.21;0;0;1;0;0;0;1;0;0;1;0;0;1;1;0;0;1;0;0
26613;2.72;1.00;0;1398.00;13.50;16.50;5.25;0;17.00;14.30;17.36;16.91;2.58;69178.00;0;0;139.00;4515.00;989.04;429.68;0;0;1;0;0;0;1;0;0;1;0;0;1;1;0;0;1;0;0
27951;2.63;1.00;0;1386.00;13.50;17.25;5.25;0;16.95;14.11;38.69;29.33;2.58;69178.00;0;0;139.00;4516.00;989.04;429.68;0;0;1;0;0;0;1;0;0;1;0;0;1;1;0;0;1;0;0
29475;2.62;1.00;0;1368.00;13.50;18.00;6.75;0;17.30;14.11;81.93;29.65;2.58;69178.00;0;0;136.00;4519.80;989.04;429.68;0;0;1;0;0;0;1;0;0;1;0;0;1;1;0;0;1;0;0
30728;2.68;1.00;0;1384.00;13.50;18.00;6.00;0;16.75;14.21;101.24;96.03;2.58;69178.00;0;0;134.00;4515.80;989.04;429.68;0;0;1;0;0;0;1;0;0;1;0;0;1;1;0;0;1;0;0
32088;2.53;1.00;0;1433.00;13.50;18.75;4.50;0;16.26;14.11;54.96;49.74;2.58;69178.00;0;0;133.00;4512.60;989.04;488.28;0;0;1;0;0;0;1;0;0;1;0;0;1;1;0;0;1;0;0
33439;2.49;1.00;0;1446.00;13.50;19.50;3.75;0;15.73;14.02;33.79;64.98;2.58;69178.00;0;0;131.00;4510.20;989.04;468.74;0;0;1;0;0;0;1;0;0;1;0;0;1;1;0;0;1;0;0
34732;2.54;1.00;0;1405.00;13.50;19.50;6.00;0;16.57;14.11;60.09;124.95;2.58;69178.00;0;0;129.00;4504.60;989.04;468.74;0;0;1;0;0;0;1;0;0;1;0;0;1;1;0;0;1;0;0
36167;2.64;1.00;0;1384.00;13.50;20.25;6.75;0;16.62;14.11;31.62;92.20;2.58;69178.00;0;0;129.00;4513.40;989.04;429.68;0;0;1;0;0;0;1;0;0;1;0;0;1;1;0;0;1;0;0
37628;2.63;1.00;0;1392.00;13.50;21.00;6.75;0;16.51;14.21;38.85;54.74;2.58;69178.00;0;0;128.00;4512.00;989.04;507.81;0;0;1;0;0;0;1;0;0;1;0;0;1;1;0;0;1;0;0
39088;2.51;1.00;0;1415.00;13.50;21.00;6.00;0;16.20;14.11;26.50;33.57;2.58;69178.00;0;0;128.00;4521.80;989.04;468.74;0;0;1;0;0;0;1;0;0;1;0;0;1;1;0;0;1;0;0
40556;2.55;1.00;0;1428.00;13.50;21.75;5.25;0;16.02;14.11;69.41;49.12;2.58;69178.00;0;0;126.00;4506.40;989.04;527.34;0;0;1;0;0;0;1;0;0;1;0;0;1;1;0;0;1;0;0
41926;2.56;0.99;0;1387.00;13.50;21.75;6.75;0;16.37;14.21;82.18;48.90;2.58;69178.00;0;0;124.00;4503.40;989.04;371.09;0;0;1;0;0;0;1;0;0;1;0;0;1;1;0;0;1;0;0
43449;2.47;0.99;0;1377.00;13.50;22.50;6.75;0;16.31;14.30;50.72;34.24;2.58;69178.00;0;0;122.00;4518.60;989.04;546.87;0;0;1;0;0;0;1;0;0;1;0;0;1;1;0;0;1;0;0
44841;2.42;0.96;0;1362.00;13.50;22.50;7.50;0;16.84;14.11;24.90;22.28;2.58;69178.00;0;0;126.00;4520.40;989.04;507.81;0;0;1;0;0;0;1;0;0;1;0;0;1;1;0;0;1;0;0
46265;2.40;0.96;0;1370.00;13.50;23.25;7.50;0;16.76;14.30;20.90;23.85;2.58;69178.00;0;0;126.00;4516.00;989.04;351.56;0;0;1;0;0;0;1;0;0;1;0;0;1;1;0;0;1;0;0
47600;2.47;1.00;0;1388.00;13.50;23.25;6.75;0;16.43;14.11;44.78;127.55;2.58;69178.00;0;0;125.00;4515.60;989.04;585.93;0;0;1;0;0;0;1;0;0;1;0;0;1;1;0;0;1;0;0
49099;2.51;0.98;0;1384.00;13.50;24.00;6.75;0;16.28;14.11;78.71;78.47;2.58;69178.00;0;0;122.00;4511.20;989.04;585.93;0;0;1;0;0;0;1;0;0;1;0;0;1;1;0;0;1;0;0
50543;2.36;0.95;0;1378.00;13.50;24.75;6.75;0;16.29;14.11;44.14;55.19;2.58;69178.00;0;0;122.00;4505.60;989.04;332.03;0;0;1;0;0;0;1;0;0;1;0;0;1;1;0;0;1;0;0
52009;2.43;0.99;0;1383.00;13.50;25.50;6.75;0;16.25;14.21;133.04;103.43;2.58;69178.00;0;0;123.00;4515.20;989.04;624.99;0;0;1;0;0;0;1;0;0;1;0;0;1;1;0;0;1;0;0
53529;2.34;0.96;0;1379.00;13.50;25.50;6.75;0;16.20;14.21;102.06;76.81;2.58;69178.00;0;0;120.00;4511.20;989.04;585.93;0;0;1;0;0;0;1;0;0;1;0;0;1;1;0;0;1;0;0
54862;2.31;0.95;0;1349.00;13.50;26.25;7.50;0;16.63;14.21;69.72;59.51;2.58;69178.00;0;0;122.00;4527.40;989.04;292.97;0;0;1;0;0;0;1;0;0;1;0;0;1;1;0;0;1;0;0
56389;2.35;0.99;0;1436.00;13.50;26.25;4.50;0;15.40;14.21;71.87;35.21;2.58;69178.00;0;0;123.00;4524.40;989.04;664.05;0;0;1;0;0;0;1;0;0;1;0;0;1;1;0;0;1;0;0
57741;2.41;0.96;0;1394.00;13.50;27.00;6.00;0;16.00;14.11;56.89;27.77;2.58;69178.00;0;0;120.00;4503.60;989.04;312.50;0;0;1;0;0;0;1;0;0;1;0;0;1;1;0;0;1;0;0
59086;2.36;0.97;0;1399.00;13.50;27.00;6.00;0;16.01;14.30;28.28;24.92;2.58;69178.00;0;0;121.00;4502.60;989.04;410.15;0;0;1;0;0;0;1;0;0;1;0;0;1;1;0;0;1;0;0
60553;2.30;0.97;0;1420.00;13.50;27.75;5.25;0;15.73;14.30;16.48;10.62;2.58;69178.00;0;0;119.00;4504.60;989.04;683.59;0;0;1;0;0;0;1;0;0;1;0;0;0;1;0;0;1;0;0
61997;2.36;0.96;0;1360.00;13.50;27.75;6.75;0;16.17;14.21;23.46;52.52;2.58;69178.00;0;0;118.00;4527.20;989.04;664.05;0;0;1;0;0;0;1;0;0;1;0;0;1;1;0;0;1;0;0
63470;2.30;0.95;0;1380.00;13.50;28.50;6.75;0;16.04;14.21;66.48;117.61;2.58;69178.00;0;0;117.00;4517.20;989.04;253.90;0;0;1;0;0;0;1;0;0;1;0;0;1;1;0;0;1;0;0
64931;2.37;0.99;0;1392.00;13.50;29.25;6.00;0;15.85;14.02;51.36;141.63;2.58;69178.00;0;0;117.00;4521.00;989.04;546.87;0;0;1;0;0;0;1;0;0;1;0;0;1;1;0;0;1;0;0
66356;2.26;0.96;0;1417.00;13.50;29.25;5.25;0;15.61;14.02;28.30;73.94;2.58;69178.00;0;0;117.00;4496.20;989.04;292.97;0;0;1;0;0;0;1;0;0;1;0;0;1;1;0;0;1;0;0
67689;2.30;0.96;0;1392.00;13.50;30.00;6.00;0;15.84;14.30;13.77;28.53;2.58;69178.00;0;0;116.00;4522.60;989.04;468.74;0;0;1;0;0;0;1;0;0;1;0;0;1;1;0;0;1;0;0
69171;2.27;0.95;0;1393.00;13.50;30.00;6.00;0;15.85;14.11;9.69;14.80;2.58;69178.00;0;0;118.00;4501.80;989.04;449.21;0;0;1;0;0;0;1;0;0;1;0;0;1;1;0;0;1;0;0
70639;2.31;0.99;0;1410.00;13.50;30.75;6.00;0;15.58;14.02;17.67;34.74;2.58;69178.00;0;0;115.00;4500.20;989.04;742.18;0;0;1;0;0;0;1;0;0;1;0;0;0;1;0;0;1;0;0
72128;2.24;0.94;0;1389.00;13.50;30.75;6.75;0;15.78;14.21;14.20;17.38;2.58;69178.00;0;0;116.00;4505.80;989.04;703.12;0;0;1;0;0;0;1;0;0;1;0;0;1;1;0;0;1;0;0
73601;2.25;0.92;0;1391.00;13.50;31.50;7.50;0;15.89;14.30;9.84;6.99;2.58;69178.00;0;0;115.00;4518.00;989.04;546.87;0;0;1;0;0;0;1;0;0;1;0;0;1;1;0;0;1;0;0
75078;2.26;0.94;0;1399.00;13.50;31.50;6.75;0;15.64;14.02;58.90;86.85;2.58;69178.00;0;0;112.00;4514.40;989.04;722.65;0;0;1;0;0;0;1;0;0;1;0;0;1;1;0;0;1;0;0
76601;2.09;0.91;0;1403.00;13.50;32.25;6.75;0;15.54;14.11;61.44;65.99;2.58;69178.00;0;0;111.00;4501.40;989.04;175.78;0;0;1;0;0;0;1;0;0;1;0;0;1;1;0;0;1;0;0
78073;2.26;0.96;0;1373.00;13.50;32.25;7.50;0;15.82;14.21;46.15;34.67;2.58;69178.00;0;0;112.00;4517.40;989.04;429.68;0;0;1;0;0;0;1;0;0;1;0;0;1;1;0;0;1;0;0
79499;2.21;0.95;0;1361.00;13.50;33.00;7.50;0;15.68;14.11;30.76;33.36;2.58;69178.00;0;0;109.00;4505.60;989.04;195.31;0;0;1;0;0;0;1;0;0;1;0;0;1;1;0;0;1;0;0
80810;2.21;0.96;0;1390.00;13.50;33.00;6.75;0;15.48;14.21;134.80;127.39;2.58;69178.00;0;0;110.00;4499.00;989.04;781.24;0;0;1;0;0;0;1;0;0;1;0;0;0;1;0;0;1;0;0
82300;2.19;0.95;0;1395.00;13.50;33.75;6.75;0;15.43;14.11;122.96;126.61;2.58;69178.00;0;0;109.00;4510.60;989.04;507.81;0;0;1;0;0;0;1;0;0;1;0;0;1;1;0;0;1;0;0
83642;2.17;0.91;0;1436.00;13.50;33.75;5.25;0;14.93;14.21;86.01;72.57;2.58;69178.00;0;0;111.00;4502.00;989.04;156.25;0;0;1;0;0;0;1;0;0;1;0;0;1;1;0;0;1;0;0
85117;2.25;0.96;0;1390.00;13.50;34.50;6.75;0;15.53;14.11;138.29;89.78;2.58;69178.00;0;0;109.00;4512.40;989.04;507.81;0;0;1;0;0;0;1;0;0;1;0;0;1;1;0;0;1;0;0
86582;2.09;0.94;0;1414.00;13.50;34.50;6.00;0;15.23;14.21;114.48;73.61;2.58;69178.00;0;0;109.00;4506.00;989.04;292.97;0;0;1;0;0;0;1;0;0;1;0;0;1;1;0;0;1;0;0
87975;2.23;0.96;0;1368.00;13.50;35.25;7.50;0;15.63;14.21;113.39;100.19;2.58;69178.00;0;0;108.00;4519.20;989.04;156.25;0;0;1;0;0;0;1;0;0;1;0;0;1;1;0;0;1;0;0
89437;2.14;0.96;0;1419.00;13.50;35.25;5.25;0;14.77;14.21;73.04;61.34;2.58;69178.00;0;0;107.00;4533.40;989.04;742.18;0;0;1;0;0;0;1;0;0;1;0;0;1;1;0;0;1;0;0
90772;2.14;0.92;0;1400.00;13.50;36.00;6.00;0;15.20;14.30;42.69;38.98;2.58;69178.00;0;0;107.00;4514.00;989.04;410.15;0;0;1;0;0;0;1;0;0;1;0;0;1;1;0;0;1;0;0
92193;2.24;0.94;0;1351.00;13.50;36.00;7.50;0;15.61;14.21;98.49;154.25;2.58;69178.00;0;0;107.00;4519.40;989.04;156.25;0;0;1;0;0;0;1;0;0;1;0;0;1;1;0;0;1;0;0
93634;2.30;0.98;0;1420.00;13.50;36.00;5.25;0;14.78;14.11;63.08;106.67;2.58;69178.00;0;0;106.00;4507.20;989.04;781.24;0;0;1;0;0;0;1;0;0;1;0;0;1;1;0;0;1;0;0
95073;2.10;0.93;0;1387.00;13.50;36.75;6.75;0;15.36;14.21;58.38;134.84;2.58;69178.00;0;0;108.00;4528.20;989.04;332.03;0;0;1;0;0;0;1;0;0;1;0;0;1;1;0;0;1;0;0
96538;2.22;0.95;0;1410.00;13.50;36.75;6.00;0;15.23;14.02;38.44;96.07;2.58;69178.00;0;0;109.00;4512.80;989.04;546.87;0;0;1;0;0;0;1;0;0;1;0;0;1;1;0;0;1;0;0
97882;2.23;0.94;0;1374.00;13.50;37.50;7.50;0;15.57;14.02;68.41;111.57;2.58;69178.00;0;0;107.00;4509.60;989.04;585.93;0;0;1;0;0;0;1;0;0;1;0;0;1;1;0;0;1;0;0
99329;2.20;0.92;0;1281.00;13.50;37.50;10.50;0;16.65;14.21;127.22;137.51;2.58;69178.00;0;0;108.00;4506.60;989.04;136.72;0;0;1;0;0;0;1;0;0;1;0;0;1;1;0;0;1;0;0
100984;2.14;0.92;0;1388.00;13.50;38.25;6.75;0;15.36;14.30;68.57;87.65;2.58;69178.00;0;0;106.00;4493.80;989.04;117.19;0;0;1;0;0;0;1;0;0;1;0;0;1;1;0;0;1;0;0
102602;2.24;0.97;0;1403.00;13.50;39.00;6.00;0;15.18;14.30;37.95;63.16;2.58;69178.00;0;0;106.00;4502.80;989.04;820.30;0;0;1;0;0;0;1;0;0;1;0;0;1;1;0;0;1;0;0
104258;2.16;0.93;0;1372.00;13.50;39.00;7.50;0;15.46;14.21;18.96;34.78;2.58;69178.00;0;0;104.00;4516.40;989.04;507.81;0;0;1;0;0;0;1;0;0;1;0;0;1;1;0;0;1;0;0
105653;2.15;0.95;0;1351.00;13.50;39.75;7.50;0;15.50;14.11;28.55;24.16;2.58;69178.00;0;0;105.00;4512.20;989.04;605.46;0;0;1;0;0;0;1;0;0;1;0;0;1;1;0;0;1;0;0
107150;2.17;0.97;0;1384.00;13.50;39.75;6.75;0;15.26;14.11;20.21;34.43;2.58;69178.00;0;0;105.00;4516.20;989.04;800.77;0;0;1;0;0;0;1;0;0;1;0;0;1;1;0;0;1;0;0
108611;2.08;0.92;0;1371.00;13.50;39.75;7.50;0;15.50;14.21;10.94;21.64;2.58;69178.00;0;0;106.00;4507.80;989.04;117.19;0;0;1;0;0;0;1;0;0;1;0;0;1;1;0;0;1;0;0
109945;2.15;0.95;0;1366.00;13.50;40.50;8.25;0;14.62;14.11;43.84;18.36;2.58;69178.00;0;0;104.00;4535.20;989.04;136.72;0;0;1;0;0;0;1;0;0;1;0;0;1;1;0;0;1;0;0
111412;2.14;1.00;0;1428.00;13.50;40.50;6.00;0;14.62;14.21;24.63;27.79;2.58;69178.00;0;0;105.00;4515.20;989.04;839.83;0;0;1;0;0;0;1;0;0;1;0;0;1;1;0;0;1;0;0
112730;2.14;0.95;0;1403.00;13.50;41.25;6.00;0;14.52;14.21;16.48;17.93;2.58;69178.00;0;0;103.00;4507.40;989.04;605.46;0;0;1;0;0;0;1;0;0;1;0;0;1;1;0;0;1;0;0
114109;2.09;0.96;0;1373.00;13.50;41.25;7.50;0;15.10;14.11;127.80;26.70;2.58;69178.00;0;0;101.00;4510.20;989.04;214.84;0;0;1;0;0;0;1;0;0;1;0;0;1;1;0;0;1;0;0
115554;2.18;0.98;0;1350.00;13.50;41.25;8.25;0;15.24;14.21;72.61;13.40;2.58;69178.00;0;0;100.00;4500.20;989.04;742.18;0;0;1;0;0;0;1;0;0;1;0;0;1;1;0;0;1;0;0
116872;2.10;0.93;0;1402.00;13.50;42.00;6.00;0;14.41;14.11;33.28;5.68;2.58;69178.00;0;0;100.00;4509.20;989.04;722.65;0;1;0;1;0;0;1;0;0;1;0;0;1;1;0;0;1;0;0
118315;2.01;0.89;0;1350.00;13.50;42.00;8.25;0;15.21;14.11;38.08;52.73;2.58;69178.00;0;0;100.00;4510.60;989.04;117.19;0;1;0;1;0;0;1;0;0;1;0;0;1;1;0;0;1;0;0
119757;2.17;0.94;0;1368.00;13.50;42.75;7.50;0;15.08;14.11;18.65;29.51;2.58;69178.00;0;0;102.00;4504.20;989.04;97.66;0;1;0;1;0;0;1;0;0;1;0;0;1;1;0;0;1;0;0
121178;2.22;0.99;0;1383.00;13.50;42.75;6.75;0;14.82;14.21;11.27;15.58;2.58;69178.00;0;0;100.00;4518.80;989.04;761.71;0;1;0;1;0;0;1;0;0;1;0;0;0;1;0;0;1;0;0
122612;2.13;0.94;0;1354.00;13.50;42.75;8.25;0;15.14;14.21;26.85;25.14;2.58;69178.00;0;0;99.00;4518.20;989.04;781.24;0;1;0;1;0;0;1;0;0;1;0;0;1;1;0;0;1;0;0
123946;2.12;0.94;0;1393.00;13.50;43.50;6.75;0;14.86;14.02;12.71;11.31;2.58;69178.00;0;0;100.00;4514.00;989.04;97.66;0;1;0;1;0;0;1;0;0;1;0;0;1;1;0;0;1;0;0
125403;2.18;0.98;0;1399.00;13.50;43.50;6.00;0;14.42;14.21;5.10;6.54;2.58;69178.00;0;0;100.00;4518.60;989.04;839.83;0;1;0;1;0;0;1;0;0;1;0;0;1;1;0;0;1;0;0
126881;2.09;0.93;0;1372.00;13.50;44.25;6.75;0;14.71;14.21;84.41;95.21;2.58;69178.00;0;0;99.00;4504.00;989.04;136.72;0;1;0;1;0;0;1;0;0;1;0;0;1;1;0;0;1;0;0
128371;2.02;0.95;0;1417.00;13.50;44.25;5.25;0;14.20;14.11;96.83;99.97;2.58;69178.00;0;0;100.00;4516.60;989.04;136.72;0;1;0;1;0;0;1;0;0;1;0;0;1;1;0;0;1;0;0
129723;2.16;0.99;0;1370.00;13.50;45.00;6.75;0;14.82;14.11;48.57;52.85;2.58;69178.00;0;0;100.00;4505.00;989.04;839.83;0;1;0;1;0;0;1;0;0;1;0;0;1;1;0;0;1;0;0
131080;2.13;0.94;0;1370.00;13.50;45.00;7.50;0;14.89;14.30;33.28;34.57;2.58;69178.00;0;0;98.00;4508.40;989.04;117.19;0;1;0;1;0;0;1;0;0;1;0;0;1;1;0;0;1;0;0
132964;2.10;0.93;0;1363.00;13.50;45.00;7.50;0;14.82;14.21;170.56;139.85;2.58;69178.00;0;0;98.00;4503.80;989.04;761.71;0;1;0;1;0;0;1;0;0;1;0;0;1;1;0;0;1;0;0
134400;2.02;0.93;0;1349.00;13.50;45.75;8.25;0;15.04;14.11;154.09;129.43;2.58;69178.00;0;0;98.00;4513.00;989.04;78.12;0;1;0;1;0;0;1;0;0;1;0;0;1;1;0;0;1;0;0
135625;2.05;0.98;0;1393.00;13.50;45.75;6.00;0;14.21;14.11;198.68;197.80;2.58;69178.00;0;0;97.00;4510.60;989.04;117.19;0;1;0;1;0;0;1;0;0;1;0;0;1;1;0;0;1;0;0
137075;2.07;0.98;0;1371.00;13.50;45.75;6.75;0;14.53;14.21;102.63;93.29;2.58;69178.00;0;0;95.00;4527.40;989.04;800.77;0;1;0;1;0;0;1;0;0;1;0;0;1;1;0;0;1;0;0
138491;2.07;0.96;0;1344.00;13.50;46.50;8.25;0;14.91;14.30;63.51;59.66;2.58;69178.00;0;0;96.00;4511.20;989.04;78.12;0;1;0;1;0;0;1;0;0;1;0;0;1;1;0;0;1;0;0
139856;2.11;0.99;0;1392.00;13.50;46.50;6.00;0;14.15;14.30;27.21;27.89;2.58;69178.00;0;0;96.00;4510.00;989.04;781.24;0;1;0;1;0;0;1;0;0;1;0;0;1;1;0;0;1;0;0
141240;2.09;0.94;0;1347.00;13.50;46.50;7.50;0;14.68;14.11;13.24;15.76;2.58;69178.00;0;0;95.00;4524.20;989.04;78.12;0;1;0;1;0;0;1;0;0;1;0;0;1;1;0;0;1;0;0
142710;2.09;0.99;0;1341.00;13.50;47.25;8.25;0;14.87;14.30;6.39;14.45;2.58;69178.00;0;0;95.00;4521.00;989.04;859.36;0;1;0;1;0;0;1;0;0;1;0;0;1;1;0;0;1;0;0
144481;1.99;0.95;0;1376.00;13.50;47.25;6.75;0;14.36;14.30;84.33;115.56;2.58;69178.00;0;0;93.00;4518.00;989.04;781.24;0;1;0;1;0;0;1;0;0;1;0;0;1;1;0;0;1;0;0
145851;1.94;0.92;0;1347.00;13.50;47.25;8.25;0;14.75;14.11;75.64;95.58;2.58;69178.00;0;0;94.00;4507.20;989.04;58.59;0;1;0;1;0;0;1;0;0;1;0;0;1;1;0;0;1;0;0
147182;2.06;0.97;0;1400.00;13.50;48.00;6.00;0;14.08;14.21;164.77;161.44;2.58;69178.00;0;0;94.00;4499.40;989.04;546.87;0;1;0;1;0;0;1;0;0;1;0;0;1;1;0;0;1;0;0
148716;2.03;0.98;0;1394.00;13.50;48.00;6.00;0;13.99;14.21;142.37;91.77;2.58;69178.00;0;0;94.00;4509.60;989.04;234.37;0;1;0;1;1;0;1;0;0;1;0;0;1;1;0;0;1;0;0
150138;2.14;0.98;0;1431.00;13.50;48.00;4.50;0;13.65;14.21;195.63;140.69;2.58;69178.00;0;0;93.00;4505.00;989.04;839.83;1;1;0;1;0;0;1;0;0;1;0;0;1;1;0;0;0;0;0
151594;2.85;1.00;0;1874.00;13.50;48.75;10.50;3.53;16.52;14.11;111.40;88.33;2.58;69178.00;0;0;95.00;4491.60;989.04;136.72;1;1;0;1;0;0;1;0;0;1;0;0;1;1;0;0;0;0;0
153115;2.10;1.00;5.00;1320.00;13.50;48.75;9.00;0;15.12;14.30;85.85;103.10;2.58;69178.00;6.00;5.00;96.00;4505.80;989.04;878.90;1;1;0;1;0;0;1;0;0;1;0;0;1;1;0;0;0;0;0
154625;3.14;0.99;7.00;1399.00;13.50;49.50;10.50;2.75;18.89;14.21;94.95;134.19;2.58;69178.00;8.00;7.00;96.00;4509.60;989.04;761.71;1;1;0;1;0;0;1;0;0;1;0;0;1;1;0;0;0;0;0
156000;3.78;0.98;16.00;1661.00;13.50;49.50;9.75;4.71;19.28;14.11;177.45;188.45;2.58;69178.00;16.00;15.00;95.00;4581.00;989.04;859.36;1;1;0;1;0;0;1;0;0;1;0;0;1;1;0;0;0;0;0
157475;2.96;0.95;22.00;2503.00;13.50;49.50;15.00;6.28;19.78;14.02;292.85;289.71;2.58;69178.00;22.00;23.00;95.00;4435.60;989.04;58.59;1;1;0;1;0;0;1;0;0;1;0;0;1;1;0;0;0;0;0
158749;1.54;1.00;17.00;1982.00;13.50;50.25;6.00;0;13.87;14.21;238.03;296.37;2.58;69178.00;18.00;17.00;92.00;4521.80;989.04;859.36;1;1;0;1;0;0;1;0;0;1;0;0;1;1;0;0;0;0;0
160193;1.91;0.96;11.00;1422.00;13.50;50.25;5.25;0;13.63;14.11;118.37;139.74;2.58;69178.00;12.00;11.00;90.00;4507.40;989.04;859.36;1;1;0;1;0;0;1;0;0;1;0;0;1;1;0;0;0;0;0
161665;2.36;1.00;11.00;1936.00;13.50;50.25;3.00;3.53;14.72;14.02;80.44;99.29;2.58;69178.00;11.00;10.00;94.00;4529.80;989.04;58.59;1;1;0;1;0;0;1;0;0;1;0;0;1;1;0;0;0;0;0
163067;2.09;1.01;13.00;1538.00;13.50;51.00;10.50;1.18;12.70;14.21;121.09;88.12;2.58;69178.00;14.00;14.00;93.00;4519.60;989.04;58.59;1;1;0;1;0;0;1;0;0;1;0;0;1;1;0;0;0;0;0
164495;3.69;1.00;16.00;1825.00;13.50;51.00;10.50;5.88;22.60;14.02;49.49;35.99;2.58;69178.00;16.00;16.00;93.00;4541.60;989.04;742.18;1;1;0;1;0;0;1;0;0;1;0;0;1;1;0;0;0;0;0
165854;3.93;1.00;23.00;2580.00;13.50;51.00;15.75;10.59;25.70;13.92;13.14;9.02;2.82;69178.00;24.00;23.00;93.00;4436.60;989.04;839.83;1;1;0;1;0;0;1;0;0;1;0;0;1;1;0;0;0;0;0
167399;3.46;0.99;30.00;2346.00;13.50;51.75;15.00;7.84;23.14;13.92;1.80;2.95;2.82;69178.00;30.00;30.00;92.00;4474.00;989.04;468.74;2.00;1;0;1;0;0;1;0;0;1;0;0;1;1;0;0;0;0;0
168978;2.81;0.97;33.00;2694.00;13.50;51.75;18.75;6.28;19.92;14.02;1.52;4.41;2.58;69178.00;34.00;34.00;92.00;4522.20;989.04;585.93;2.00;1;0;1;0;0;1;0;0;1;0;0;1;1;0;0;0;0;0
170310;1.42;0.98;31.00;2518.00;13.50;51.75;17.25;1.57;9.66;14.02;0.21;0.82;2.58;69178.00;32.00;32.00;92.00;4553.00;989.04;820.30;2.00;1;0;1;0;0;1;0;0;1;0;0;1;1;0;0;0;0;0
171800;1.42;0.99;26.00;2061.00;13.50;52.50;12.00;0.78;9.49;14.02;145.42;113.63;2.58;69178.00;26.00;26.00;91.00;4511.40;989.04;39.06;2.00;1;0;1;0;0;1;0;0;1;0;0;1;1;0;0;0;0;0
173723;2.93;1.05;25.00;1982.00;13.50;52.50;11.25;3.92;16.93;14.02;189.79;231.68;2.58;69178.00;25.00;25.00;91.00;4514.60;989.04;78.12;2.00;1;0;1;0;0;1;0;0;1;0;0;1;1;0;0;0;0;0
175024;2.27;1.02;26.00;2010.00;12.75;53.25;12.75;2.35;14.15;14.02;304.88;320.90;2.58;69178.00;25.00;26.00;90.00;4510.80;989.04;58.59;2.00;1;0;1;0;0;1;0;0;1;0;0;1;1;0;0;0;0;0
176379;1.64;1.00;22.00;1795.00;12.75;54.00;6.00;0;13.71;14.02;305.64;260.30;2.58;69178.00;23.00;23.00;90.00;4524.80;989.04;878.90;2.00;1;0;1;0;0;1;0;0;1;0;0;1;1;0;0;0;0;0
177814;2.07;0.95;16.00;1326.00;12.75;54.00;8.25;0;14.55;14.21;137.08;124.56;2.58;69178.00;16.00;16.00;91.00;4508.40;989.04;878.90;2.00;1;0;1;1;0;1;0;0;1;0;0;1;1;0;0;0;0;0
179168;1.83;0.93;6.00;1410.00;12.75;54.00;4.50;0;13.67;14.11;118.53;130.71;2.58;69178.00;7.00;6.00;92.00;4498.20;989.04;78.12;2.00;1;0;1;0;0;1;0;0;1;0;0;1;1;0;0;0;0;0
180545;4.50;1.00;7.00;2100.00;12.75;54.75;13.50;9.81;28.94;13.92;146.48;113.76;2.82;69178.00;7.00;7.00;89.00;4600.60;988.84;195.31;1;1;0;1;0;0;1;0;0;1;0;0;1;1;0;0;0;0;0
181993;3.07;1.01;20.00;2292.00;12.75;54.75;15.75;5.88;20.50;14.02;42.15;35.66;2.58;69178.00;21.00;21.00;89.00;4479.00;988.92;605.46;1;1;0;1;0;0;1;0;0;1;0;0;1;1;0;0;0;0;0
183468;1.94;1.00;25.00;2178.00;12.75;55.50;16.50;2.35;11.22;14.11;8.55;7.19;2.58;69178.00;26.00;25.00;89.00;4595.20;988.92;878.90;1;1;0;1;0;0;1;0;0;1;0;0;1;1;0;0;0;0;0
184840;3.78;0.95;31.00;2446.00;12.75;55.50;16.50;11.37;27.62;14.02;2.40;1.50;2.58;69178.00;31.00;31.00;88.00;4459.80;988.92;312.50;2.00;1;0;1;0;0;1;0;0;1;0;0;1;1;0;0;0;0;0
186270;3.54;0.97;36.00;2853.00;12.75;55.50;20.25;10.98;26.16;13.92;0.31;0.16;2.82;69178.00;36.00;37.00;88.00;4528.00;988.72;546.87;2.00;1;0;1;0;0;1;0;0;1;0;0;1;1;0;0;0;0;0
187682;3.48;0.94;40.00;3145.00;12.75;56.25;22.50;12.16;27.13;13.92;61.58;80.46;2.82;69178.00;40.00;41.00;87.00;4517.40;988.53;195.31;2.00;1;0;1;0;0;1;0;0;1;0;0;1;1;0;0;0;0;0
189070;3.92;1.00;43.00;2638.00;12.75;57.00;18.00;12.94;28.16;14.02;177.06;204.19;2.58;69178.00;43.00;43.00;86.00;4493.40;988.37;722.65;3.00;1;0;1;0;0;1;0;0;1;0;0;1;1;0;0;0;0;0
190703;3.79;0.99;46.00;2847.00;12.75;57.00;21.00;12.94;27.99;13.92;166.75;177.06;2.82;69178.00;46.00;46.00;86.00;4523.40;988.10;156.25;3.00;1;0;1;0;0;1;0;0;1;0;0;1;1;0;0;0;0;0
192063;3.71;0.97;48.00;2981.00;12.75;57.00;22.50;12.94;28.23;14.02;328.34;302.11;2.58;69178.00;48.00;49.00;86.00;4512.00;987.94;800.77;3.00;1;0;1;0;0;1;0;0;1;0;0;1;1;0;0;0;0;0
193535;3.55;0.95;51.00;3154.00;12.75;57.75;24.75;12.55;27.78;13.83;115.27;116.98;2.82;69178.00;51.00;51.00;85.00;4516.20;987.90;97.66;3.00;1;0;1;0;0;1;0;0;1;0;0;1;1;0;0;0;0;0
195001;4.37;1.00;52.00;2740.00;12.75;58.50;19.50;7.45;18.65;14.02;14.32;14.96;2.58;69178.00;53.00;53.00;85.00;4291.20;987.51;859.36;4.00;1;0;1;0;0;1;0;0;1;0;0;1;1;0;0;0;0;0
196418;3.22;0.92;52.00;2740.00;12.75;58.50;21.00;10.20;25.28;13.92;3.69;2.62;2.82;69178.00;52.00;53.00;85.00;4467.20;987.36;97.66;4.00;1;0;1;0;0;1;0;0;1;0;0;1;1;0;0;0;0;0
197906;2.77;1.02;50.00;2619.00;12.75;59.25;21.75;5.49;19.63;13.92;2.99;0.31;2.82;69178.00;50.00;51.00;84.00;4534.40;986.89;839.83;4.00;1;0;1;0;0;1;0;0;1;0;0;1;1;0;0;0;0;0
199405;3.11;0.94;48.00;2597.00;12.75;60.00;21.75;7.84;23.74;13.83;9.90;6.52;2.82;69178.00;48.00;49.00;83.00;4493.80;986.69;117.19;4.00;1;0;1;0;0;1;0;0;1;0;0;1;1;0;0;0;0;0
200931;3.23;0.97;50.00;2509.00;12.75;60.00;21.00;8.24;24.21;13.92;111.28;112.88;2.82;69178.00;50.00;48.00;83.00;4509.00;986.65;58.59;4.00;1;0;1;0;0;1;0;0;1;0;0;1;1;0;0;0;0;0
202423;1.30;1.00;41.00;2166.00;12.75;60.00;5.25;0;13.26;14.11;50.27;87.03;2.58;69178.00;42.00;41.00;84.00;4507.20;986.61;878.90;4.00;1;0;1;0;0;1;0;0;1;0;0;1;1;0;0;0;0;0
203904;1.64;0.99;30.00;1621.00;12.75;60.75;6.00;0;13.31;14.11;53.53;60.76;2.58;69178.00;30.00;30.00;86.00;4465.20;986.54;820.30;4.00;1;0;1;0;0;1;0;0;1;0;0;1;1;0;0;0;0;0
205332;1.79;0.95;20.00;1334.00;12.75;61.50;6.00;0;13.32;14.11;74.21;46.05;2.58;69178.00;20.00;20.00;83.00;4516.20;986.26;117.19;4.00;1;0;1;1;0;1;0;0;1;0;0;1;1;0;0;0;0;0
206802;1.94;0.99;16.00;1348.00;12.75;61.50;6.00;0;13.33;14.21;114.86;93.65;2.58;69178.00;16.00;16.00;83.00;4503.80;985.87;78.12;4.00;1;0;1;1;0;1;0;0;1;0;0;1;1;0;0;1;0;0
208361;2.06;1.01;13.00;1277.00;12.75;61.50;8.25;0;14.02;14.30;171.73;176.73;2.58;69178.00;14.00;13.00;84.00;4501.20;985.64;839.83;3.00;1;0;1;0;0;1;0;0;1;0;0;1;1;0;0;1;0;0
209882;2.00;1.01;11.00;1320.00;12.75;62.25;6.75;0;13.64;14.30;154.97;231.72;2.58;69178.00;11.00;11.00;83.00;4521.40;985.48;97.66;2.00;1;0;1;1;0;1;0;0;1;0;0;1;1;0;0;1;0;0
211268;1.86;1.02;7.00;1402.00;12.75;62.25;3.75;0;12.59;14.30;230.47;250.10;2.58;69178.00;7.00;7.00;83.00;4515.20;985.40;820.30;1;1;0;1;0;0;1;0;0;1;0;0;1;1;0;0;0;0;0
212907;2.06;1.02;5.00;1299.00;12.75;62.25;7.50;0;13.78;14.30;145.21;230.14;2.58;69178.00;5.00;5.00;82.00;4510.20;985.36;292.97;1;1;0;1;0;0;1;0;0;1;0;0;1;1;0;0;0;0;0
214443;1.95;1.02;0;1367.00;12.75;63.00;4.50;0;12.90;14.11;150.63;197.78;2.58;69178.00;0;0;79.00;4505.40;985.36;742.18;1;1;0;1;1;0;1;0;0;1;0;0;1;1;0;0;1;0;0
215962;1.97;1.02;0;1325.00;12.75;63.00;7.50;0;13.51;14.39;93.41;145.95;2.31;69178.00;0;0;77.00;4520.80;985.36;78.12;1;1;0;1;0;0;1;0;0;1;0;0;1;1;0;0;0;0;0
217433;1.84;1.01;0;1334.00;13.50;63.00;7.50;0;13.53;14.11;53.34;189.23;2.58;69178.00;0;0;78.00;4517.20;985.36;800.77;1;1;0;1;0;0;1;0;0;1;0;0;1;1;0;0;0;0;0
218926;1.88;1.02;0;1332.00;13.50;63.75;7.50;0;13.58;14.30;26.01;237.09;2.58;69178.00;0;0;77.00;4512.20;985.36;97.66;1;1;0;1;0;0;1;0;0;1;0;0;1;1;0;0;0;0;0
220435;1.98;1.04;0;1368.00;13.50;63.75;6.75;0;13.30;14.21;26.85;112.77;2.58;69178.00;0;0;78.00;4519.40;985.36;917.96;1;1;0;1;0;0;1;0;0;1;0;0;1;1;0;0;0;0;0
221864;1.90;1.00;0;1354.00;13.50;63.75;8.25;0;13.99;14.21;31.40;121.50;2.58;69178.00;0;0;81.00;4506.80;985.36;332.03;1;1;0;1;0;0;1;0;0;1;0;0;1;1;0;0;0;0;0
223318;1.88;1.03;0;1363.00;13.50;63.75;6.75;0;13.55;14.21;35.56;86.09;2.58;69178.00;0;0;81.00;4509.20;985.36;78.12;1;1;0;1;0;0;1;0;0;1;0;0;1;1;0;0;0;0;0
224802;1.86;1.03;0;1370.00;13.50;63.75;6.00;0;13.02;14.30;82.63;57.32;2.58;69178.00;0;0;79.00;4517.20;985.36;839.83;1;1;0;1;0;0;1;0;0;1;0;0;1;1;0;0;0;0;0
226185;1.88;1.00;0;1353.00;13.50;63.75;6.75;0;13.29;14.30;75.41;59.68;2.58;69178.00;0;0;75.00;4514.20;985.36;78.12;1;1;0;1;0;0;1;0;0;1;0;0;1;1;0;0;0;0;0
227635;1.79;1.03;0;1371.00;13.50;64.50;6.00;0;12.87;14.11;61.19;32.26;2.58;69178.00;0;0;73.00;4504.80;985.36;839.83;1;1;0;1;0;0;1;0;0;1;0;0;1;1;0;0;0;0;0
229039;1.81;1.00;0;1319.00;13.50;64.50;9.75;0;14.04;14.21;30.19;69.02;2.58;69178.00;0;0;75.00;4508.20;985.36;78.12;1;1;0;1;0;0;1;0;0;1;0;0;1;1;0;0;0;0;0
230497;1.88;1.02;0;1360.00;13.50;64.50;8.25;0;13.55;14.21;89.78;49.57;2.58;69178.00;0;0;76.00;4518.60;985.36;58.59;1;1;0;1;0;0;1;0;0;1;0;0;1;1;0;0;0;0;0
231893;4.06;0.98;0;1712.00;13.50;64.50;12.00;7.84;29.84;14.21;27.46;22.03;2.58;69178.00;0;0;72.00;4556.60;985.52;97.66;1;1;0;1;0;0;1;0;0;1;0;0;1;1;0;0;0;0;0
233540;3.84;1.02;21.00;2423.00;13.50;65.25;21.00;10.98;28.00;13.92;11.33;5.78;2.82;69178.00;21.00;22.00;69.00;4417.40;985.40;820.30;1;1;0;1;0;0;1;0;0;1;0;0;1;1;0;0;0;0;0
235154;4.42;1.00;32.00;2625.00;13.50;65.25;15.00;10.59;24.99;14.02;4.24;1.27;2.58;69178.00;33.00;33.00;69.00;4230.80;985.44;820.30;2.00;1;0;1;0;0;1;0;0;1;0;0;1;1;0;0;0;0;0
236581;4.62;1.07;43.00;3442.00;13.50;65.25;26.25;18.04;32.06;13.92;1.35;0.06;2.82;69178.00;43.00;44.00;69.00;4494.00;985.56;839.83;2.00;1;0;1;0;0;1;0;0;1;0;0;1;1;0;0;0;0;0
238085;4.37;1.00;55.00;3382.00;13.50;65.25;24.75;18.83;32.79;13.92;0;0;2.82;69178.00;55.00;55.00;69.00;4506.80;985.44;703.12;3.00;1;0;1;0;0;1;0;0;1;0;0;1;1;0;0;0;0;0
239523;3.76;0.91;63.00;3868.00;13.50;65.25;30.75;17.65;31.06;13.83;1.97;0;2.82;69178.00;62.00;63.00;69.00;4524.40;985.40;859.36;3.00;1;0;1;0;0;1;0;0;0;0;0;1;1;0;0;0;0;0
240860;4.46;0.98;70.00;3654.00;13.50;66.00;26.25;20.00;31.89;13.83;155.79;171.32;2.82;69178.00;69.00;70.00;66.00;4509.60;985.36;761.71;4.00;1;0;1;0;0;1;0;0;0;0;0;1;1;0;0;0;0;0
242438;5.22;0.99;78.00;4070.00;13.50;66.00;24.00;25.10;38.34;14.02;95.17;264.24;2.58;69178.00;77.00;79.00;66.00;4468.00;985.36;878.90;4.00;1;0;1;0;0;1;0;0;0;0;0;0;1;0;0;0;0;0
243903;3.99;0.97;82.00;3798.00;13.50;66.75;29.25;18.83;31.01;13.92;264.89;290.70;2.82;69178.00;82.00;83.00;64.00;4509.20;985.36;527.34;5.00;1;0;1;0;0;1;0;0;0;0;0;1;1;0;0;0;0;0
245376;2.95;0.97;86.00;3668.00;13.50;66.75;35.25;10.20;23.33;14.02;24.86;26.23;2.58;69178.00;85.00;87.00;64.00;4486.00;985.36;820.30;6.00;1;0;1;0;0;1;0;0;0;0;0;1;1;0;0;0;0;0
246814;2.74;0.89;87.00;3723.00;13.50;67.50;35.25;10.59;23.33;13.83;4.84;3.20;2.82;69178.00;88.00;88.00;61.00;4509.20;985.36;820.30;6.00;1;0;1;0;0;1;0;0;0;0;0;1;1;0;0;0;0;0
248240;2.91;0.95;90.00;3827.00;13.50;68.25;36.00;10.59;23.50;13.92;137.43;95.97;2.82;69179.00;89.00;90.00;58.00;4527.80;985.36;683.59;6.00;1;0;1;0;0;1;0;0;0;0;0;1;1;0;0;0;0;0
249818;2.24;0.92;91.00;3845.00;13.50;68.25;41.25;7.45;18.94;13.92;264.92;282.25;2.82;69179.00;90.00;91.00;58.00;4525.00;985.36;117.19;6.00;1;0;1;0;0;1;0;0;0;0;0;1;1;0;0;0;0;0
251264;1.98;0.91;91.00;3860.00;13.50;69.00;42.00;6.28;16.92;13.92;319.35;339.63;2.82;69179.00;91.00;91.00;55.00;4519.00;985.44;175.78;6.00;1;0;1;0;0;1;0;0;0;0;0;1;1;0;0;0;0;0
252796;1.74;0.90;90.00;3853.00;13.50;69.00;43.50;5.49;15.06;13.92;283.77;295.16;2.82;69179.00;90.00;91.00;55.00;4514.20;985.44;175.78;6.00;1;0;1;0;0;1;0;0;0;0;0;1;1;0;0;0;0;0
254264;1.70;0.89;90.00;3833.00;13.50;69.75;42.75;5.49;15.05;13.92;37.34;45.11;2.82;69179.00;90.00;90.00;52.00;4511.80;985.72;136.72;6.00;1;0;1;0;0;1;0;0;0;0;0;1;1;0;0;0;0;0
255656;1.49;0.89;90.00;3833.00;13.50;69.75;42.75;4.71;12.99;14.02;6.74;5.19;2.58;69179.00;90.00;90.00;52.00;4503.20;986.03;292.97;6.00;1;0;1;0;0;1;0;0;0;0;0;1;1;0;0;0;0;0
257096;1.86;0.89;90.00;3831.00;13.50;69.75;42.75;6.28;16.37;13.92;3.38;2.44;2.82;69179.00;90.00;91.00;52.00;4508.40;986.38;78.12;6.00;1;0;1;0;0;1;0;0;0;0;0;1;1;0;0;0;0;0
258507;2.32;0.91;92.00;3903.00;13.50;70.50;42.00;8.24;19.87;13.92;174.21;115.79;2.82;69179.00;92.00;92.00;50.00;4500.60;986.50;781.24;6.00;1;0;1;0;0;1;0;0;0;0;0;1;1;0;0;0;0;0
260064;2.38;0.94;93.00;3986.00;13.50;70.50;42.00;8.24;19.70;13.92;195.61;244.63;2.82;69179.00;94.00;94.00;50.00;4524.20;986.54;195.31;6.00;1;0;1;0;0;1;0;0;0;0;0;1;1;0;0;0;0;0
261487;2.23;0.90;95.00;4007.00;13.50;70.50;42.75;7.84;19.21;13.92;350.43;240.14;2.82;69179.00;95.00;95.00;50.00;4519.60;986.97;136.72;6.00;1;0;1;0;0;1;0;0;0;0;0;1;1;0;0;0;0;0
262921;1.98;0.91;95.00;4056.00;13.50;71.25;44.25;6.67;16.96;13.92;179.17;154.27;2.82;69179.00;96.00;96.00;49.00;4505.00;987.28;117.19;6.00;1;0;1;0;0;1;0;0;0;0;0;1;1;0;0;0;0;0
264395;1.47;0.89;95.00;4020.00;13.50;71.25;45.75;5.10;13.44;13.83;13.28;11.64;2.82;69179.00;94.00;96.00;49.00;4517.80;987.51;800.77;6.00;1;0;1;0;0;1;0;0;0;0;0;1;1;0;0;0;0;0
265811;2.13;0.91;93.00;3993.00;13.50;72.00;43.50;6.67;17.17;13.92;0.94;2.99;2.82;69179.00;93.00;94.00;49.00;4507.60;987.71;859.36;6.00;1;0;1;0;0;1;0;0;0;0;0;1;1;0;0;0;0;0
267305;2.26;0.93;95.00;4041.00;13.50;72.00;43.50;7.45;18.80;13.92;0;1.50;2.82;69179.00;95.00;96.00;49.00;4515.80;988.02;859.36;6.00;1;0;1;0;0;1;0;0;0;0;0;1;1;0;0;0;0;0
268734;2.29;1.00;95.00;4038.00;13.50;72.00;44.25;7.06;17.37;13.92;2.34;0.35;2.82;69179.00;95.00;95.00;49.00;4511.80;988.29;839.83;6.00;1;0;1;0;0;1;0;0;0;0;0;1;1;0;0;0;0;0
270088;2.14;0.92;96.00;4055.00;13.50;72.75;44.25;7.45;18.35;13.92;1.41;1.50;2.82;69179.00;96.00;96.00;48.00;4510.60;988.65;839.83;6.00;1;0;1;0;0;1;0;0;0;0;0;1;1;0;0;0;0;0
271554;2.15;0.94;96.00;4088.00;13.50;72.75;44.25;7.45;18.06;13.83;0;0;2.82;69179.00;96.00;97.00;48.00;4513.80;988.88;761.71;6.00;1;0;1;0;0;1;0;0;0;0;0;1;1;0;0;0;0;0
272930;2.16;0.96;97.00;4130.00;13.50;72.75;44.25;7.06;17.98;13.83;1.35;0.90;2.82;69179.00;96.00;97.00;48.00;4518.40;989.04;820.30;6.00;1;0;1;0;0;1;0;0;0;0;0;1;1;0;0;0;0;0
274385;1.98;0.97;97.00;4118.00;13.50;72.75;45.00;6.28;16.23;14.02;3.75;1.93;2.58;69179.00;97.00;98.00;48.00;4503.20;989.35;761.71;6.00;1;0;1;0;0;1;0;0;0;0;0;1;1;0;0;0;0;0
275773;1.88;0.93;97.00;4119.00;13.50;73.50;45.00;6.28;16.03;13.73;1.89;0.82;2.82;69179.00;97.00;97.00;48.00;4518.40;989.70;859.36;6.00;1;0;1;0;0;1;0;0;0;0;0;1;1;0;0;0;0;0
277068;1.80;0.89;96.00;4117.00;13.50;73.50;45.00;6.28;16.04;14.02;0;0;2.58;69179.00;96.00;97.00;48.00;4498.00;990.05;156.25;6.00;1;0;1;0;0;1;0;0;0;0;0;1;1;0;0;0;0;0
278585;1.99;0.97;95.00;4049.00;13.50;73.50;45.00;6.28;16.20;13.73;2.46;0;2.82;69179.00;95.00;95.00;48.00;4499.60;990.21;781.24;6.00;1;0;1;0;0;1;0;0;0;0;0;1;1;0;0;0;0;0
279970;2.32;0.94;96.00;4080.00;13.50;74.25;42.75;7.84;19.30;14.02;178.52;210.36;2.58;69179.00;95.00;96.00;47.00;4515.00;990.25;742.18;6.00;1;0;1;0;0;1;0;0;0;0;0;1;1;0;0;0;0;0
281515;2.21;0.95;96.00;4092.00;13.50;74.25;44.25;7.45;18.28;13.92;222.60;263.54;2.82;69179.00;96.00;97.00;47.00;4519.40;990.40;156.25;6.00;1;0;1;0;0;1;0;0;0;0;0;1;1;0;0;0;0;0
282955;1.95;0.93;96.00;4102.00;13.50;74.25;45.00;6.67;16.63;13.83;222.02;217.64;2.82;69179.00;96.00;97.00;47.00;4518.60;990.91;644.52;6.00;1;0;1;0;0;1;0;0;0;0;0;1;1;0;0;0;0;0
284333;1.92;0.93;96.00;4091.00;13.50;75.00;45.00;6.28;16.33;14.02;243.64;229.89;2.58;69179.00;96.00;97.00;47.00;4512.20;991.26;390.62;6.00;1;0;1;0;0;1;0;0;0;0;0;1;1;0;0;0;0;0
285845;1.83;0.92;96.00;4090.00;13.50;75.00;45.00;6.28;16.10;13.83;324.32;330.29;2.82;69180.00;96.00;97.00;47.00;4517.00;991.46;761.71;6.00;1;0;1;0;0;1;0;0;0;0;0;1;1;0;0;0;0;0
287259;1.83;0.94;96.00;4087.00;13.50;75.00;45.75;5.88;15.49;13.92;238.70;275.90;2.82;69180.00;96.00;97.00;47.00;4526.20;991.58;742.18;6.00;1;0;1;0;0;1;0;0;0;0;0;1;1;0;0;0;0;0
288770;2.10;0.93;96.00;4058.00;13.50;75.00;44.25;7.06;17.82;13.92;201.67;241.20;2.82;69180.00;95.00;96.00;47.00;4506.20;991.93;839.83;6.00;1;0;1;0;0;1;0;0;0;0;0;1;1;0;0;0;0;0
290132;2.02;0.95;96.00;4066.00;13.50;75.00;45.00;6.67;16.72;14.02;179.83;231.04;2.58;69180.00;96.00;96.00;47.00;4502.20;992.36;761.71;6.00;1;0;1;0;0;1;0;0;0;0;0;1;1;0;0;0;0;0
291510;1.42;0.91;95.00;3986.00;13.50;75.75;45.00;4.71;12.25;13.92;281.95;334.92;2.82;69180.00;95.00;95.00;46.00;4512.40;992.59;800.77;6.00;1;0;1;0;0;1;0;0;0;0;0;1;1;0;0;0;0;0
293006;1.94;0.90;93.00;3955.00;13.50;75.75;43.50;6.67;17.04;14.02;297.54;268.32;2.58;69180.00;93.00;94.00;46.00;4515.60;992.71;58.59;6.00;1;0;1;0;0;1;0;0;0;0;0;1;1;0;0;0;0;0
294484;1.92;0.91;93.00;3973.00;13.50;75.75;44.25;6.28;16.77;13.92;298.81;216.35;2.82;69180.00;93.00;94.00;46.00;4509.40;992.79;781.24;6.00;1;0;1;0;0;1;0;0;0;0;0;1;1;0;0;0;0;0
296071;1.98;0.94;95.00;3979.00;13.50;76.50;44.25;6.67;16.70;13.92;256.68;290.43;2.82;69180.00;94.00;95.00;46.00;4500.00;993.41;253.90;6.00;1;0;1;0;0;1;0;0;0;0;0;1;1;0;0;0;0;0
297454;1.92;0.92;95.00;4021.00;13.50;76.50;44.25;6.28;16.57;14.02;350.49;360.09;2.58;69180.00;94.00;95.00;46.00;4508.60;993.68;800.77;6.00;1;0;1;0;0;1;0;0;0;0;0;1;1;0;0;0;0;0
298926;2.02;0.94;95.00;4051.00;13.50;76.50;44.25;6.67;17.10;13.92;279.57;261.27;2.82;69180.00;95.00;96.00;46.00;4509.00;993.88;781.24;6.00;1;0;1;0;0;1;0;0;0;0;0;1;1;0;0;0;0;0
300493;1.81;0.99;96.00;4074.00;13.50;77.25;45.75;5.49;14.48;13.92;177.64;232.84;2.82;69180.00;96.00;96.00;46.00;4531.40;993.96;859.36;6.00;1;0;1;0;0;1;0;0;0;0;0;1;1;0;0;0;0;0
301911;1.62;0.90;95.00;4037.00;13.50;77.25;45.75;5.49;14.39;13.83;163.68;258.40;2.82;69180.00;95.00;96.00;46.00;4504.40;994.47;429.68;6.00;1;0;1;0;0;1;0;0;0;0;0;1;1;0;0;0;0;0
303430;1.81;0.90;95.00;4021.00;13.50;77.25;45.00;6.28;15.99;13.92;338.90;275.94;2.82;69180.00;95.00;95.00;46.00;4500.00;994.86;97.66;6.00;1;0;1;0;0;1;0;0;0;0;0;1;1;0;0;0;0;0
304858;1.93;0.90;95.00;4013.00;13.50;78.00;45.00;6.67;16.90;13.92;55.80;111.67;2.82;69180.00;95.00;95.00;45.00;4502.60;995.09;546.87;6.00;1;0;1;0;0;1;0;0;0;0;0;1;1;0;0;0;0;0
306367;1.88;0.94;95.00;4023.00;13.50;78.00;45.00;6.28;15.93;13.92;5.61;7.85;2.82;69180.00;94.00;95.00;45.00;4504.40;995.17;644.52;6.00;1;0;1;0;0;1;0;0;0;0;0;1;1;0;0;0;0;0
307871;2.20;0.93;95.00;4005.00;13.50;78.00;43.50;7.45;18.78;14.02;0.70;3.09;2.58;69180.00;94.00;95.00;45.00;4517.20;995.29;781.24;6.00;1;0;1;0;0;1;0;0;0;0;0;1;1;0;0;0;0;0
309335;2.33;0.88;95.00;4066.00;13.50;78.75;41.25;8.63;20.80;13.92;2.79;1.09;2.82;69180.00;95.00;96.00;45.00;4521.80;995.75;97.66;6.00;1;0;1;0;0;1;0;0;0;0;0;1;1;0;0;0;0;0
310812;2.34;0.89;96.00;4085.00;13.50;78.75;42.00;8.63;20.56;14.02;0.76;1.72;2.58;69180.00;95.00;96.00;45.00;4506.40;995.95;859.36;6.00;1;0;1;0;0;1;0;0;0;0;0;1;1;0;0;0;0;0
312255;2.43;0.95;95.00;4060.00;13.50;78.75;42.00;8.24;20.16;14.02;0.72;1.66;2.58;69180.00;95.00;96.00;45.00;4514.60;996.22;820.30;6.00;1;0;1;0;0;1;0;0;0;0;0;1;1;0;0;0;0;0
313675;2.41;0.95;95.00;4026.00;13.50;78.75;42.75;8.24;19.90;13.92;1.43;0.57;2.82;69180.00;94.00;96.00;45.00;4509.80;996.30;117.19;6.00;1;0;1;0;0;1;0;0;0;0;0;1;1;0;0;0;0;0
314973;2.02;0.95;95.00;4017.00;13.50;79.50;44.25;6.67;16.92;14.02;4.04;0.27;2.58;69180.00;94.00;95.00;44.00;4513.00;996.42;585.93;6.00;1;0;1;0;0;1;0;0;0;0;0;1;1;0;0;0;0;0
316451;2.26;0.93;93.00;3959.00;13.50;79.50;42.75;7.45;19.14;14.02;1.00;1.15;2.58;69180.00;93.00;94.00;44.00;4517.20;996.42;136.72;6.00;1;0;1;0;0;1;0;0;0;0;0;1;1;0;0;0;0;0
317982;1.81;0.92;92.00;3908.00;12.75;79.50;44.25;5.88;15.70;13.92;2.81;0;2.82;69180.00;93.00;93.00;44.00;4512.40;996.46;781.24;6.00;1;0;1;0;0;1;0;0;0;0;0;1;1;0;0;0;0;0
319565;1.58;0.91;91.00;3857.00;12.75;80.25;44.25;5.10;13.95;14.02;0;0;2.58;69180.00;91.00;91.00;44.00;4508.00;996.69;839.83;6.00;1;0;1;0;0;1;0;0;0;0;0;1;1;0;0;0;0;0
321046;2.00;0.91;90.00;3810.00;12.75;80.25;42.75;6.67;17.53;13.83;0.96;0.76;2.82;69180.00;90.00;90.00;44.00;4531.00;996.81;117.19;6.00;1;0;1;0;0;1;0;0;0;0;0;1;1;0;0;0;0;0
322440;1.94;0.90;90.00;3793.00;12.75;80.25;42.75;6.28;17.26;13.92;2.38;1.35;2.82;69180.00;89.00;90.00;44.00;4495.60;997.12;58.59;6.00;1;0;1;0;0;1;0;0;0;0;0;1;1;0;0;0;0;0
323853;2.58;0.91;90.00;3821.00;12.75;81.00;39.00;9.81;22.34;14.02;111.01;115.19;2.58;69181.00;89.00;90.00;43.00;4516.00;997.43;820.30;6.00;1;0;1;0;0;1;0;0;0;0;0;1;1;0;0;0;0;0
325446;2.02;0.93;90.00;3855.00;12.75;81.00;42.75;6.28;17.13;13.92;167.22;192.98;2.82;69181.00;90.00;91.00;43.00;4511.60;997.47;78.12;6.00;1;0;1;0;0;1;0;0;0;0;0;1;1;0;0;0;0;0
326885;1.58;0.92;90.00;3803.00;12.75;81.00;43.50;5.10;13.79;13.92;303.71;315.94;2.82;69181.00;89.00;90.00;43.00;4520.60;997.59;781.24;6.00;1;0;1;0;0;1;0;0;0;0;0;1;1;0;0;0;0;0
328336;2.82;0.94;90.00;3843.00;12.75;81.00;37.50;10.59;23.45;13.92;310.92;318.16;2.82;69181.00;89.00;91.00;43.00;4523.40;997.67;234.37;6.00;1;0;1;0;0;1;0;0;0;0;0;1;1;0;0;0;0;0
329815;2.62;0.94;92.00;3921.00;12.75;81.75;39.75;9.41;21.92;13.92;198.17;200.10;2.82;69181.00;92.00;92.00;43.00;4512.80;997.71;136.72;6.00;1;0;1;0;0;1;0;0;0;0;0;1;1;0;0;0;0;0
331153;2.27;0.92;93.00;3961.00;12.75;81.75;42.00;7.84;19.63;14.02;201.86;219.48;2.58;69181.00;93.00;93.00;43.00;4519.00;997.94;78.12;6.00;1;0;1;0;0;1;0;0;0;0;0;1;1;0;0;0;0;0
332574;2.18;0.89;93.00;4000.00;12.75;81.75;42.00;7.84;19.19;13.92;329.69;214.52;2.82;69181.00;93.00;94.00;43.00;4513.00;998.14;156.25;6.00;1;0;1;0;0;1;0;0;0;0;0;1;1;0;0;0;0;0
334081;2.14;0.94;95.00;4039.00;12.00;81.75;44.25;7.06;18.05;13.73;359.88;142.73;2.82;69181.00;94.00;95.00;43.00;4529.00;998.33;722.65;6.00;1;0;1;0;0;1;0;0;0;0;0;1;1;0;0;0;0;0
335471;1.92;0.95;93.00;3985.00;12.00;81.75;44.25;6.28;16.42;13.83;364.96;273.99;2.82;69181.00;93.00;94.00;43.00;4514.40;998.65;781.24;6.00;1;0;1;0;0;1;0;0;0;0;0;1;1;0;0;0;0;0
336940;1.87;0.92;93.00;3957.00;12.00;81.75;44.25;6.28;16.20;14.02;249.50;257.48;2.58;69181.00;93.00;94.00;43.00;4510.40;998.84;722.65;6.00;1;0;1;0;0;1;0;0;0;0;0;1;1;0;0;0;0;0
338350;1.80;0.93;92.00;3895.00;12.00;81.75;43.50;5.88;15.60;13.92;300.41;335.47;2.82;69181.00;92.00;92.00;43.00;4506.40;998.88;839.83;6.00;1;0;1;0;0;1;0;0;0;0;0;1;1;0;0;0;0;0
339881;1.55;0.89;91.00;3861.00;12.00;81.75;43.50;5.10;13.99;14.02;300.12;242.56;2.58;69181.00;90.00;91.00;43.00;4510.60;998.92;507.81;6.00;1;0;1;0;0;1;0;0;0;0;0;1;1;0;0;0;0;0
341323;1.26;0.87;88.00;3751.00;12.00;82.50;43.50;3.92;11.44;14.02;209.89;200.69;2.58;69181.00;89.00;89.00;42.00;4538.40;999.00;781.24;6.00;1;0;1;0;0;1;0;0;0;0;0;1;1;0;0;0;0;0
342708;1.20;0.89;86.00;3670.00;12.00;82.50;42.00;3.53;10.70;14.02;215.16;218.19;2.58;69181.00;87.00;86.00;42.00;4514.80;998.96;58.59;6.00;1;0;1;0;0;1;0;0;0;0;0;1;1;0;0;0;0;0
344013;1.38;0.94;83.00;3533.00;12.00;82.50;40.50;3.92;11.54;14.02;331.07;330.31;2.58;69181.00;84.00;84.00;42.00;4510.00;999.08;39.06;6.00;1;0;1;0;0;1;0;0;0;0;0;1;1;0;0;0;0;0
345436;0.60;1.00;78.00;3342.00;12.00;82.50;-30.00;0;0;14.11;339.12;312.42;2.58;69181.00;79.00;78.00;42.00;4529.80;999.35;0;6.00;1;0;1;0;0;1;0;0;0;0;0;1;1;0;0;0;0;0
346984;2.10;1.00;73.00;3062.00;12.00;82.50;5.25;5.10;9.32;14.02;306.74;244.18;2.58;69181.00;73.00;73.00;42.00;4268.20;999.74;839.83;6.00;1;0;1;0;0;1;0;0;0;0;0;1;1;0;0;0;0;0
348463;1.85;0.95;72.00;3050.00;12.00;82.50;30.00;5.10;15.10;14.02;306.56;235.41;2.58;69181.00;72.00;72.00;42.00;4498.80;999.90;97.66;6.00;1;0;1;0;0;1;0;0;0;0;0;1;1;0;0;0;0;0
349939;1.44;0.99;70.00;2946.00;12.00;82.50;33.00;3.14;11.74;14.02;357.52;347.13;2.58;69181.00;70.00;70.00;42.00;4495.80;1000.05;742.18;6.00;1;0;1;0;0;1;0;0;0;0;0;1;1;0;0;0;0;0
351456;1.31;0.95;68.00;2929.00;12.00;82.50;33.00;3.14;11.17;13.92;314.28;284.69;2.82;69181.00;68.00;68.00;42.00;4516.00;1000.13;58.59;6.00;1;0;1;0;0;1;0;0;0;0;0;1;1;0;0;0;0;0
352979;2.40;0.99;66.00;2837.00;12.00;82.50;31.50;6.28;19.11;14.02;268.28;251.59;2.58;69181.00;67.00;67.00;42.00;4513.20;1000.17;566.40;6.00;1;0;1;0;0;1;0;0;0;0;0;1;1;0;0;0;0;0
354479;1.87;0.96;67.00;2837.00;12.00;82.50;31.50;4.71;15.52;13.92;258.60;283.09;2.82;69181.00;67.00;67.00;42.00;4507.40;1000.17;703.12;6.00;1;0;1;0;0;1;0;0;0;0;0;1;1;0;0;0;0;0
355952;2.12;0.97;66.00;2835.00;12.00;82.50;31.50;5.49;17.97;14.02;333.63;329.67;2.58;69181.00;66.00;67.00;42.00;4512.20;1000.17;800.77;6.00;1;0;1;0;0;1;0;0;0;0;0;1;1;0;0;0;0;0
357344;1.64;0.97;66.00;2861.00;12.00;82.50;31.50;3.92;13.67;14.02;346.99;346.21;2.58;69181.00;66.00;67.00;42.00;4527.20;1000.21;781.24;6.00;1;0;1;0;0;1;0;0;0;0;0;1;1;0;0;0;0;0
358819;1.45;0.95;63.00;2829.00;12.75;82.50;30.75;3.14;12.36;14.02;317.62;343.06;2.58;69181.00;64.00;64.00;42.00;4505.20;1000.21;97.66;6.00;1;0;1;0;0;1;0;0;0;0;0;1;1;0;0;0;0;0
360212;2.22;0.96;65.00;2760.00;12.75;82.50;30.00;5.88;18.39;13.92;266.19;332.77;2.82;69181.00;64.00;65.00;42.00;4512.00;1000.25;78.12;6.00;1;0;1;0;0;1;0;0;0;0;0;1;1;0;0;0;0;0
361685;2.17;0.96;66.00;2817.00;12.75;82.50;31.50;5.88;18.28;14.02;339.47;354.12;2.58;69181.00;65.00;66.00;42.00;4515.40;1000.25;195.31;6.00;1;0;1;0;0;1;0;0;0;0;0;1;1;0;0;0;0;0
363059;2.23;0.99;66.00;2837.00;12.00;82.50;31.50;5.88;18.02;14.02;350.35;346.72;2.58;69181.00;66.00;66.00;42.00;4517.40;1000.33;742.18;6.00;1;0;1;0;0;1;0;0;0;0;0;1;1;0;0;0;0;0
364478;2.11;0.97;66.00;2826.00;12.00;82.50;31.50;5.49;17.61;13.92;329.24;298.42;2.82;69181.00;66.00;67.00;42.00;4506.80;1000.25;859.36;6.00;1;0;1;0;0;1;0;0;0;0;0;1;1;0;0;0;0;0
365945;2.02;0.96;66.00;2826.00;12.00;82.50;31.50;5.10;16.88;14.02;314.10;310.59;2.58;69181.00;66.00;67.00;42.00;4507.00;1000.33;683.59;6.00;1;0;1;0;0;1;0;0;0;0;0;1;1;0;0;0;0;0
367354;2.08;0.93;67.00;2854.00;12.00;82.50;31.50;5.49;17.67;13.92;350.19;347.69;2.82;69181.00;67.00;67.00;42.00;4510.60;1000.48;97.66;6.00;1;0;1;0;0;1;0;0;0;0;0;1;1;0;0;0;0;0
368820;2.12;0.98;67.00;2849.00;12.00;82.50;31.50;5.49;17.15;14.02;324.71;331.31;2.58;69182.00;67.00;67.00;42.00;4501.20;1000.36;839.83;6.00;1;0;1;0;0;1;0;0;0;0;0;1;1;0;0;0;0;0
370248;2.12;0.95;67.00;2845.00;12.00;82.50;31.50;5.88;17.71;13.92;336.54;275.10;2.82;69182.00;67.00;67.00;42.00;4508.00;1000.40;878.90;6.00;1;0;1;0;0;1;0;0;0;0;0;1;1;0;0;0;0;0
371669;2.63;0.94;70.00;2961.00;12.00;82.50;32.25;8.24;22.26;14.11;241.96;240.71;2.58;69182.00;69.00;70.00;42.00;4506.80;1000.44;58.59;6.00;1;0;1;0;0;1;0;0;0;0;0;1;1;0;0;0;0;0
373113;2.34;0.96;71.00;3029.00;12.00;82.50;34.50;6.28;19.74;14.02;333.53;347.28;2.58;69182.00;70.00;71.00;42.00;4530.40;1000.40;58.59;6.00;1;0;1;0;0;1;0;0;0;0;0;1;1;0;0;0;0;0
374637;1.94;0.99;71.00;3009.00;12.00;82.50;34.50;5.10;15.68;14.11;79.21;85.58;2.58;69182.00;70.00;71.00;42.00;4518.00;1000.29;703.12;6.00;1;0;1;0;0;1;0;0;0;0;0;1;1;0;0;0;0;0
376118;1.73;0.91;70.00;3005.00;12.00;82.50;33.75;4.71;15.41;14.02;201.28;192.80;2.58;69182.00;69.00;70.00;42.00;4529.80;1000.48;58.59;6.00;1;0;1;0;0;1;0;0;0;0;0;1;1;0;0;0;0;0
377518;2.74;0.98;70.00;2997.00;12.00;82.50;33.00;7.84;21.95;14.02;260.96;263.58;2.58;69182.00;70.00;71.00;42.00;4497.40;1000.40;683.59;6.00;1;0;1;0;0;1;0;0;0;0;0;1;1;0;0;0;0;0
378973;1.74;0.95;70.00;2990.00;12.00;81.75;34.50;4.31;14.96;14.02;348.96;351.85;2.58;69182.00;71.00;71.00;43.00;4535.20;1000.83;742.18;6.00;1;0;1;0;0;1;0;0;0;0;0;1;1;0;0;0;0;0
380450;1.67;0.96;70.00;2957.00;12.00;81.75;33.00;3.92;14.25;14.02;323.85;305.45;2.58;69182.00;69.00;70.00;43.00;4502.60;1000.64;820.30;6.00;1;0;1;0;0;1;0;0;0;0;0;1;1;0;0;0;0;0
381916;2.38;0.98;71.00;3018.00;12.00;81.75;33.75;6.28;19.24;13.83;173.33;166.81;2.82;69182.00;70.00;71.00;43.00;4523.80;1000.48;820.30;6.00;1;0;1;0;0;1;0;0;0;0;0;1;1;0;0;0;0;0
383306;1.78;0.95;71.00;3058.00;12.00;81.75;34.50;4.71;14.98;14.02;254.89;246.06;2.58;69182.00;71.00;72.00;43.00;4518.40;1000.72;722.65;6.00;1;0;1;0;0;1;0;0;0;0;0;1;1;0;0;0;0;0
384743;1.27;1.00;72.00;3013.00;12.00;81.75;34.50;3.14;10.92;14.02;323.08;312.36;2.58;69182.00;72.00;72.00;43.00;4537.60;1000.76;820.30;6.00;1;0;1;0;0;1;0;0;0;0;0;1;1;0;0;0;0;0
386036;1.54;0.98;72.00;3064.00;12.00;81.75;35.25;3.53;12.64;13.92;315.04;311.72;2.82;69182.00;71.00;72.00;43.00;4510.00;1000.95;859.36;6.00;1;0;1;0;0;1;0;0;0;0;0;1;1;0;0;0;0;0
387550;1.22;0.92;71.00;3055.00;12.00;81.75;34.50;2.75;10.77;13.83;197.88;206.35;2.82;69182.00;71.00;71.00;43.00;4512.40;1001.03;78.12;6.00;1;0;1;0;0;1;0;0;0;0;0;1;1;0;0;0;0;0
389080;1.06;0.90;68.00;2910.00;12.00;81.75;33.00;2.35;9.54;14.02;70.03;105.62;2.58;69182.00;69.00;69.00;43.00;4504.00;1001.19;58.59;6.00;1;0;1;0;0;1;0;0;0;0;0;1;1;0;0;0;0;0
390628;0.69;1.00;66.00;2841.00;12.00;81.75;-30.00;0;0;13.92;313.48;320.98;2.82;69182.00;67.00;67.00;43.00;4625.20;1001.30;0;6.00;1;0;1;0;0;1;0;0;0;0;0;1;1;0;0;0;0;0
392222;3.10;1.00;62.00;2625.00;12.00;81.75;-2.25;6.28;9.70;14.02;256.10;346.83;2.58;69182.00;62.00;62.00;43.00;4272.40;1001.38;878.90;6.00;1;0;1;0;0;1;0;0;0;0;0;1;1;0;0;0;0;0
393631;1.75;0.99;65.00;2753.00;12.75;81.75;30.75;3.92;14.90;13.92;211.63;267.23;2.82;69182.00;65.00;65.00;43.00;4516.00;1001.42;175.78;6.00;1;0;1;0;0;1;0;0;0;0;0;1;1;0;0;0;0;0
395130;1.82;0.98;65.00;2767.00;12.75;81.75;30.75;3.92;14.88;14.02;216.86;328.06;2.58;69182.00;65.00;65.00;43.00;4508.20;1001.42;624.99;6.00;1;0;1;0;0;1;0;0;0;0;0;1;1;0;0;0;0;0
396584;1.92;1.01;66.00;2818.00;12.75;81.75;31.50;4.31;15.28;14.02;309.94;355.06;2.58;69182.00;67.00;67.00;43.00;4498.80;1001.42;839.83;6.00;1;0;1;0;0;1;0;0;0;0;0;1;1;0;0;0;0;0
398054;2.38;0.95;68.00;2923.00;12.75;81.00;33.00;6.67;20.00;13.92;307.97;332.69;2.82;69182.00;69.00;69.00;43.00;4514.00;1001.58;800.77;6.00;1;0;1;0;0;1;0;0;0;0;0;1;1;0;0;0;0;0
399553;2.18;0.95;71.00;3019.00;12.75;81.00;34.50;6.28;18.39;13.92;317.89;337.73;2.82;69182.00;71.00;71.00;43.00;4509.80;1001.61;78.12;6.00;1;0;1;0;0;1;0;0;0;0;0;1;1;0;0;0;0;0
400932;1.82;0.95;72.00;3057.00;12.75;81.00;34.50;4.71;15.30;14.02;265.16;279.90;2.58;69182.00;71.00;72.00;43.00;4532.40;1001.89;683.59;6.00;1;0;1;0;0;1;0;0;0;0;0;1;1;0;0;0;0;0
402343;1.47;0.94;71.00;2994.00;12.00;81.00;34.50;3.53;12.63;13.83;327.65;342.46;2.82;69182.00;71.00;71.00;43.00;4497.60;1002.01;878.90;6.00;1;0;1;0;0;1;0;0;0;0;0;1;1;0;0;0;0;0
403819;2.03;0.91;73.00;3100.00;12.00;81.00;35.25;5.88;17.96;14.02;325.35;290.67;2.58;69182.00;73.00;73.00;43.00;4539.60;1002.04;605.46;6.00;1;0;1;0;0;1;0;0;0;0;0;1;1;0;0;0;0;0
405265;1.15;0.91;72.00;3064.00;12.00;81.00;35.25;2.75;10.32;14.02;257.33;263.64;2.58;69182.00;72.00;73.00;43.00;4524.20;1002.20;820.30;6.00;1;0;1;0;0;1;0;0;0;0;0;1;1;0;0;0;0;0
406857;1.20;0.88;71.00;3002.00;12.00;81.00;33.75;2.75;10.96;14.02;205.38;213.64;2.58;69182.00;71.00;71.00;43.00;4507.80;1002.16;39.06;6.00;1;0;1;0;0;1;0;0;0;0;0;1;1;0;0;0;0;0
408169;1.70;0.95;71.00;3001.00;12.00;81.00;34.50;4.31;14.50;14.02;336.03;341.05;2.58;69182.00;71.00;71.00;43.00;4509.40;1002.28;97.66;6.00;1;0;1;0;0;1;0;0;0;0;0;1;1;0;0;0;0;0
409675;1.65;0.96;71.00;3021.00;12.75;81.00;33.75;3.92;13.76;14.02;306.31;290.18;2.58;69182.00;71.00;71.00;43.00;4516.00;1002.51;800.77;6.00;1;0;1;0;0;1;0;0;0;0;0;1;1;0;0;0;0;0
411216;1.41;0.94;71.00;3067.00;12.75;81.00;34.50;3.53;12.00;14.02;230.73;239.83;2.58;69182.00;72.00;71.00;43.00;4519.20;1002.59;546.87;6.00;1;0;1;0;0;1;0;0;0;0;0;1;1;0;0;0;0;0
412729;1.32;0.94;70.00;2861.00;12.75;81.00;32.25;2.75;11.44;13.92;187.61;190.46;2.82;69182.00;69.00;70.00;43.00;4517.00;1002.63;58.59;6.00;1;0;1;0;0;1;0;0;0;0;0;1;1;0;0;0;0;0
414141;2.08;0.94;71.00;2994.00;12.75;81.00;34.50;5.88;17.90;13.92;336.62;338.51;2.82;69182.00;71.00;71.00;43.00;4517.60;1002.63;820.30;6.00;1;0;1;0;0;1;0;0;0;0;0;0;1;0;0;0;0;0
415623;1.70;0.92;72.00;3065.00;12.00;81.00;35.25;4.71;15.16;14.02;295.65;279.92;2.58;69182.00;72.00;73.00;43.00;4528.00;1002.63;136.72;6.00;1;0;1;0;0;1;0;0;0;0;0;1;1;0;0;0;0;0
417147;0.89;0.94;71.00;3013.00;12.00;81.00;34.50;1.18;7.67;14.02;338.98;300.57;2.58;69182.00;71.00;70.00;43.00;4531.40;1002.63;878.90;6.00;1;0;1;0;0;1;0;0;0;0;0;1;1;0;0;0;0;0
418563;0.70;1.00;66.00;2801.00;12.00;81.00;-30.00;0;0;13.92;347.95;345.58;2.82;69182.00;66.00;66.00;43.00;4537.00;1002.63;0;6.00;1;0;1;0;0;1;0;0;0;0;0;1;1;0;0;0;0;0
420056;0.74;1.00;61.00;2586.00;12.00;81.00;-30.00;0;0;14.02;334.49;352.09;2.58;69183.00;62.00;61.00;43.00;4420.00;1002.75;0;6.00;1;0;1;0;0;1;0;0;1;0;0;1;1;0;0;0;0;0
421549;1.09;1.00;52.00;1790.00;12.00;81.00;15.00;0;11.81;14.21;168.64;151.90;2.58;69183.00;52.00;53.00;36.00;4452.00;1002.71;58.59;6.00;1;0;1;0;0;1;0;0;1;0;0;1;1;0;0;0;0;0
423054;0.83;1.00;43.00;2163.00;12.00;81.00;16.50;0;11.96;14.02;90.91;113.76;2.58;69183.00;44.00;43.00;35.00;4502.80;1002.67;58.59;4.00;1;0;1;0;0;1;0;0;1;0;0;1;1;0;0;0;0;0
424576;1.24;1.01;30.00;1574.00;12.75;81.00;13.50;0;11.84;14.21;79.43;54.84;2.58;69183.00;30.00;30.00;35.00;4502.80;1003.10;97.66;4.00;1;0;1;0;0;1;0;0;1;0;0;1;1;0;0;0;0;0
425992;1.46;1.00;20.00;1228.00;12.75;81.00;19.50;0;12.69;14.30;50.09;31.68;2.58;69183.00;21.00;21.00;38.00;4512.20;1003.45;781.24;3.00;1;0;1;0;0;1;0;0;1;0;0;1;1;0;0;1;0;0
427595;1.51;0.97;15.00;1213.00;12.75;81.00;20.25;0;12.98;14.21;137.80;103.94;2.58;69183.00;15.00;15.00;39.00;4528.40;1003.76;58.59;2.00;1;0;1;0;0;1;0;0;1;0;0;1;1;0;0;1;0;0
429215;1.38;1.02;11.00;1323.00;12.75;81.00;13.50;0;12.03;14.30;183.35;117.65;2.58;69183.00;12.00;12.00;39.00;4518.20;1003.84;742.18;0;1;0;1;0;0;1;0;0;1;0;0;1;1;0;0;1;0;0
430637;1.37;0.99;7.00;1283.00;12.75;81.00;14.25;0;12.20;14.30;182.23;120.81;2.58;69183.00;7.00;7.00;39.00;4518.00;1003.88;820.30;0;1;0;1;0;0;1;0;0;1;0;0;1;1;0;0;1;0;0
432121;1.45;0.94;2.00;1275.00;12.75;81.00;15.00;0;12.28;14.39;223.23;220.92;2.31;69183.00;3.00;3.00;40.00;4507.20;1003.88;58.59;0;1;0;1;0;0;1;0;0;1;0;0;1;1;0;0;1;0;0
433595;1.38;0.98;0;1265.00;12.75;81.00;15.75;0;12.49;14.21;131.89;161.18;2.58;69183.00;0;0;40.00;4520.60;1003.88;58.59;0;1;0;1;0;0;1;0;0;1;0;0;1;1;0;0;1;0;0
435110;1.45;1.03;0;1276.00;12.75;81.00;15.00;0;12.41;14.30;56.70;74.12;2.58;69183.00;0;0;40.00;4506.40;1003.88;839.83;0;1;0;1;0;0;1;0;0;1;0;0;1;1;0;0;1;0;0
436660;1.55;1.00;0;1262.00;12.75;81.00;16.50;0;12.67;14.30;87.90;80.09;2.58;69183.00;0;0;41.00;4505.00;1003.88;859.36;0;1;0;1;0;0;1;0;0;1;0;0;1;1;0;0;1;0;0
438078;1.41;0.97;0;1258.00;12.75;81.00;16.50;0;12.76;14.30;42.79;44.33;2.58;69183.00;0;0;41.00;4523.00;1003.88;39.06;0;1;0;1;0;0;1;0;0;1;0;0;1;1;0;0;1;0;0
439526;1.42;1.01;0;1310.00;12.75;81.00;12.75;0;12.10;14.30;20.68;18.98;2.58;69183.00;0;0;40.00;4519.60;1003.88;820.30;0;1;0;1;0;0;1;0;0;1;0;0;1;1;0;0;1;0;0
440948;1.38;0.99;0;1298.00;12.75;81.00;13.50;0;12.19;14.39;15.12;16.19;2.31;69183.00;0;0;40.00;4503.40;1003.88;683.59;0;1;0;1;0;0;1;0;0;1;0;0;1;1;0;0;1;0;0
442322;1.38;0.99;0;1277.00;12.75;81.75;14.25;0;12.25;14.39;104.11;47.26;2.31;69183.00;0;0;39.00;4520.20;1003.88;839.83;0;1;0;1;0;0;1;0;0;1;0;0;1;1;0;0;1;0;0
443818;1.41;0.97;0;1220.00;12.75;81.75;18.00;0;12.90;14.39;121.38;93.61;2.31;69183.00;0;0;40.00;4510.00;1003.88;39.06;0;1;0;1;0;0;1;0;0;1;0;0;1;1;0;0;1;0;0
445098;1.42;1.01;0;1264.00;12.75;81.75;15.00;0;12.32;14.21;95.78;66.44;2.58;69183.00;0;0;40.00;4515.20;1003.88;390.62;0;1;0;1;0;0;1;0;0;1;0;0;1;1;0;0;1;0;0
446576;1.38;1.00;0;1281.00;12.75;81.75;13.50;0;12.14;14.30;45.41;32.19;2.58;69183.00;0;0;39.00;4515.60;1003.88;742.18;0;1;0;1;0;0;1;0;0;1;0;0;1;1;0;0;1;0;0
448086;1.40;1.00;0;1298.00;12.75;81.75;12.75;0;12.01;14.21;53.82;20.37;2.58;69183.00;0;0;40.00;4514.80;1003.88;507.81;0;1;0;1;0;0;1;0;0;1;0;0;1;1;0;0;1;0;0
449588;1.42;0.98;0;1286.00;12.75;81.75;13.50;0;12.07;14.30;146.90;107.65;2.58;69183.00;0;0;39.00;4516.40;1003.88;78.12;0;1;0;1;0;0;1;0;0;1;0;0;1;1;0;0;1;0;0
451063;1.40;1.00;0;1270.00;12.75;81.75;14.25;0;12.19;14.30;203.54;132.65;2.58;69183.00;0;0;39.00;4505.00;1003.88;449.21;0;1;0;1;0;0;1;0;0;1;0;0;1;1;0;0;1;0;0
452500;1.41;1.00;0;1261.00;12.75;81.75;15.00;0;12.03;14.39;194.99;114.11;2.31;69183.00;0;0;38.00;4500.40;1003.88;781.24;0;1;0;1;0;0;1;0;0;1;0;0;1;1;0;0;1;0;0
454007;1.35;0.98;0;1271.00;12.75;82.50;14.25;0;12.15;14.39;207.66;146.85;2.31;69183.00;0;0;37.00;4518.80;1003.88;800.77;0;1;0;1;0;0;1;0;0;1;0;0;1;1;0;0;1;0;0
455474;1.45;0.97;0;1258.00;12.75;82.50;16.50;0;13.12;14.30;236.31;172.53;2.58;69183.00;0;0;40.00;4513.00;1003.88;58.59;0;1;0;1;0;0;1;0;0;1;0;0;1;1;0;0;1;0;0
456984;1.49;1.02;0;1226.00;12.75;82.50;17.25;0;12.70;14.39;214.42;116.28;2.31;69183.00;0;0;38.00;4501.80;1003.88;722.65;0;1;0;1;0;0;1;0;0;1;0;0;1;1;0;0;1;0;0
458415;1.42;1.00;0;1259.00;12.75;82.50;15.00;0;12.24;14.30;228.44;149.93;2.58;69183.00;0;0;38.00;4539.60;1003.88;800.77;0;1;0;1;0;0;1;0;0;1;0;0;1;1;0;0;1;0;0
459799;1.38;0.98;0;1259.00;12.75;82.50;15.75;0;12.42;14.30;266.35;215.90;2.58;69183.00;0;0;39.00;4491.60;1003.88;58.59;0;1;0;1;0;0;1;0;0;1;0;0;1;1;0;0;1;0;0
461166;1.42;1.00;0;1267.00;12.75;82.50;15.00;0;12.28;14.30;319.71;246.23;2.58;69183.00;0;0;39.00;4520.40;1003.88;351.56;0;1;0;1;0;0;1;0;0;1;0;0;1;1;0;0;1;0;0
462641;1.33;1.00;0;1305.00;12.75;82.50;12.00;0;12.05;14.39;321.25;228.93;2.31;69183.00;0;0;38.00;4509.80;1003.88;664.05;0;1;0;1;0;0;1;0;0;1;0;0;1;1;0;0;1;0;0
464098;1.32;0.97;0;1328.00;12.75;82.50;12.00;0;11.76;14.39;302.38;221.10;2.31;69183.00;0;0;39.00;4526.60;1003.88;703.12;0;1;0;1;0;0;1;0;0;1;0;0;1;1;0;0;1;0;0
465569;1.42;0.98;0;1298.00;12.75;82.50;13.50;0;12.09;14.30;188.97;128.29;2.58;69183.00;0;0;39.00;4517.80;1003.88;58.59;0;1;0;1;0;0;1;0;0;1;0;0;1;1;0;0;1;0;0
466890;1.44;1.01;0;1245.00;12.75;83.25;15.00;0;12.33;14.30;122.79;93.18;2.58;69183.00;0;0;39.00;4518.00;1003.88;117.19;0;1;0;1;0;0;1;0;0;1;0;0;1;1;0;0;1;0;0
468340;1.47;1.01;0;1248.00;12.75;83.25;15.00;0;12.22;14.21;175.67;142.16;2.58;69183.00;0;0;38.00;4523.60;1003.88;800.77;0;1;0;1;0;0;1;0;0;1;0;0;1;1;0;0;1;0;0
469835;1.45;0.99;0;1225.00;12.75;83.25;17.25;0;12.66;14.39;225.90;173.17;2.31;69183.00;0;0;39.00;4519.00;1003.88;800.77;0;1;0;1;0;0;1;0;0;1;0;0;1;1;0;0;1;0;0
471260;1.39;1.00;0;1271.00;12.75;83.25;13.50;0;11.97;14.30;241.57;225.32;2.58;69183.00;0;0;39.00;4509.20;1003.88;742.18;0;1;0;1;0;0;1;0;0;1;0;0;1;1;0;0;1;0;0
472686;1.40;1.00;0;1293.00;12.75;83.25;12.75;0;11.86;14.21;312.15;234.89;2.58;69183.00;0;0;39.00;4497.40;1003.88;722.65;0;1;0;1;0;0;1;0;0;1;0;0;1;1;0;0;1;0;0
474100;1.35;0.98;0;1248.00;12.75;83.25;15.75;0;12.33;14.30;332.75;306.21;2.58;69183.00;0;0;39.00;4523.00;1003.88;58.59;0;1;0;1;0;0;1;0;0;1;0;0;1;1;0;0;1;0;0
475655;1.43;0.99;0;1258.00;12.75;83.25;14.25;0;12.18;14.30;318.20;321.09;2.58;69183.00;0;0;38.00;4516.20;1003.88;664.05;0;1;0;1;0;0;1;0;0;1;0;0;1;1;0;0;1;0;0
477140;1.38;0.99;0;1256.00;12.75;83.25;15.75;0;12.37;14.30;339.84;333.59;2.58;69183.00;0;0;39.00;4507.80;1003.88;78.12;0;1;0;1;0;0;1;0;0;1;0;0;1;1;0;0;1;0;0
478613;1.39;0.99;0;1243.00;13.50;83.25;15.75;0;12.37;14.30;344.78;346.09;2.58;69183.00;0;0;38.00;4499.40;1003.88;97.66;0;1;0;1;0;0;1;0;0;1;0;0;1;1;0;0;1;0;0
480082;1.34;1.00;0;1303.00;13.50;83.25;12.00;0;11.72;14.21;329.74;350.62;2.58;69183.00;0;0;38.00;4511.00;1003.88;761.71;0;1;0;1;0;0;1;0;0;1;0;0;1;1;0;0;1;0;0
481522;1.37;1.00;0;1275.00;13.50;83.25;14.25;0;12.18;14.21;296.39;312.83;2.58;69183.00;0;0;39.00;4509.00;1003.88;644.52;0;1;0;1;0;0;1;0;0;1;0;0;1;1;0;0;1;0;0
483019;1.44;1.00;0;1237.00;13.50;83.25;16.50;0;12.53;14.30;248.83;278.26;2.58;69183.00;0;0;38.00;4529.80;1003.88;156.25;0;1;0;1;0;0;1;0;0;1;0;0;1;1;0;0;1;0;0
484398;1.46;1.00;0;1251.00;13.50;83.25;15.00;0;12.29;14.30;224.67;227.95;2.58;69183.00;0;0;40.00;4504.20;1003.88;97.66;0;1;0;1;0;0;1;0;0;1;0;0;1;1;0;0;1;0;0
485947;1.44;1.01;0;1243.00;13.50;83.25;16.50;0;12.54;14.39;172.18;249.34;2.31;69183.00;0;0;39.00;4516.60;1003.88;253.90;0;1;0;1;0;0;1;0;0;1;0;0;1;1;0;0;1;0;0
487364;1.50;1.01;0;1237.00;13.50;82.50;16.50;0;12.55;14.49;141.81;214.05;2.31;69183.00;0;0;39.00;4510.80;1003.88;761.71;0;1;0;1;0;0;1;0;0;1;0;0;1;1;0;0;1;0;0
488775;1.45;1.01;0;1304.00;13.50;82.50;12.75;0;11.94;14.30;120.27;185.98;2.58;69183.00;0;0;39.00;4506.40;1003.88;839.83;0;1;0;1;0;0;1;0;0;1;0;0;1;1;0;0;1;0;0
490228;1.45;1.00;0;1225.00;13.50;82.50;18.00;0;12.86;14.39;191.02;227.19;2.31;69183.00;0;0;39.00;4501.80;1003.88;507.81;0;1;0;1;0;0;1;0;0;1;0;0;1;1;0;0;1;0;0
491735;1.42;0.99;0;1234.00;13.50;82.50;17.25;0;12.69;14.30;236.82;200.85;2.58;69183.00;0;0;39.00;4515.20;1003.88;703.12;0;1;0;1;0;0;1;0;0;1;0;0;1;1;0;0;1;0;0
493294;1.36;0.99;0;1286.00;13.50;82.50;14.25;0;12.25;14.30;115.19;153.31;2.58;69183.00;0;0;40.00;4523.40;1003.88;58.59;0;1;0;1;0;0;1;0;0;1;0;0;1;1;0;0;1;0;0
494720;1.43;1.03;0;1294.00;13.50;82.50;13.50;0;12.15;14.21;65.54;65.89;2.58;69183.00;0;0;40.00;4517.00;1003.88;781.24;0;1;0;1;0;0;1;0;0;1;0;0;1;1;0;0;1;0;0
496234;1.37;0.99;0;1281.00;13.50;82.50;14.25;0;12.25;14.30;128.39;55.78;2.58;69183.00;0;0;39.00;4506.60;1003.88;253.90;0;1;0;1;0;0;1;0;0;1;0;0;1;1;0;0;1;0;0
497761;1.33;0.97;0;1288.00;13.50;82.50;13.50;0;12.15;14.30;92.10;29.94;2.58;69183.00;0;0;40.00;4527.00;1003.88;839.83;0;1;0;1;0;0;1;0;0;1;0;0;1;1;0;0;1;0;0
499171;1.42;0.97;0;1264.00;13.50;82.50;15.00;0;12.41;14.39;46.56;13.48;2.31;69183.00;0;0;40.00;4498.40;1003.88;39.06;0;1;0;1;0;0;1;0;0;1;0;0;1;1;0;0;1;0;0
500624;1.56;1.01;0;1210.00;13.50;82.50;19.50;0;13.12;14.30;28.05;11.66;2.58;69183.00;0;0;40.00;4500.00;1003.88;449.21;0;1;0;1;0;0;1;0;0;1;0;0;1;1;0;0;1;0;0
502128;1.38;1.00;0;1261.00;13.50;82.50;15.00;0;12.35;14.21;22.40;31.38;2.58;69183.00;0;0;39.00;4508.20;1003.88;703.12;0;1;0;1;0;0;1;0;0;1;0;0;1;1;0;0;1;0;0
503506;1.37;0.98;0;1274.00;13.50;82.50;14.25;0;12.25;14.39;50.17;69.47;2.31;69183.00;0;0;39.00;4532.00;1003.88;371.09;0;1;0;1;0;0;1;0;0;1;0;0;1;1;0;0;1;0;0
505011;1.42;1.00;0;1267.00;13.50;82.50;15.00;0;12.36;14.30;41.52;36.15;2.58;69183.00;0;0;40.00;4508.80;1003.88;58.59;0;1;0;1;0;0;1;0;0;1;0;0;1;1;0;0;1;0;0
506365;1.42;1.03;0;1287.00;13.50;82.50;13.50;0;12.17;14.39;17.75;15.47;2.31;69183.00;0;0;40.00;4517.20;1003.88;878.90;0;1;0;1;0;0;1;0;0;1;0;0;1;1;0;0;1;0;0
507892;1.38;0.98;0;1258.00;13.50;82.50;15.00;0;12.09;14.30;96.65;53.94;2.58;69183.00;0;0;39.00;4512.00;1003.88;722.65;0;1;0;1;0;0;1;0;0;1;0;0;1;1;0;0;1;0;0
509296;1.38;0.99;0;1278.00;13.50;82.50;14.25;0;12.27;14.39;87.55;93.37;2.31;69183.00;0;0;39.00;4537.80;1003.88;58.59;0;1;0;1;0;0;1;0;0;1;0;0;1;1;0;0;1;0;0
510730;1.44;1.03;0;1248.00;13.50;82.50;16.50;0;12.64;14.39;58.45;53.75;2.31;69183.00;0;0;39.00;4505.80;1003.88;859.36;0;1;0;1;0;0;1;0;0;1;0;0;1;1;0;0;1;0;0
512302;1.43;0.99;0;1265.00;13.50;82.50;15.00;0;12.29;14.21;130.66;137.35;2.58;69183.00;0;0;39.00;4538.80;1003.88;195.31;0;1;0;1;0;0;1;0;0;1;0;0;1;1;0;0;1;0;0
513674;1.37;1.00;0;1280.00;13.50;82.50;14.25;0;12.22;14.21;124.48;187.37;2.58;69183.00;0;0;40.00;4520.40;1003.88;78.12;0;1;0;1;0;0;1;0;0;1;0;0;1;1;0;0;1;0;0
515128;1.39;0.99;0;1257.00;13.50;82.50;15.75;0;12.44;14.30;132.51;161.86;2.58;69183.00;0;0;39.00;4523.80;1003.88;292.97;0;1;0;1;0;0;1;0;0;1;0;0;0;1;0;0;1;0;0
516677;1.46;1.01;0;1290.00;13.50;82.50;13.50;0;12.14;14.30;91.28;84.58;2.58;69183.00;0;0;39.00;4518.00;1003.88;781.24;0;1;0;1;0;0;1;0;0;1;0;0;1;1;0;0;1;0;0
518044;1.42;0.98;0;1228.00;13.50;82.50;18.00;0;12.92;14.21;104.95;73.22;2.58;69183.00;0;0;39.00;4518.00;1003.88;58.59;0;1;0;1;0;0;1;0;0;1;0;0;1;1;0;0;1;0;0
519535;1.46;1.03;0;1251.00;13.50;82.50;16.50;0;12.62;14.39;97.92;50.33;2.31;69183.00;0;0;39.00;4508.20;1003.88;859.36;0;1;0;1;0;0;1;0;0;1;0;0;1;1;0;0;1;0;0
520940;1.42;0.99;0;1263.00;13.50;82.50;15.00;0;12.33;14.30;81.24;28.46;2.58;69183.00;0;0;39.00;4499.60;1003.88;624.99;0;1;0;1;0;0;1;0;0;1;0;0;1;1;0;0;1;0;0
522323;1.40;0.99;0;1252.00;13.50;81.75;16.50;0;12.64;14.21;49.25;46.66;2.58;69183.00;0;0;40.00;4517.00;1003.88;78.12;0;1;0;1;0;0;1;0;0;1;0;0;1;1;0;0;1;0;0
523805;1.42;1.01;0;1277.00;13.50;81.75;14.25;0;12.31;14.39;22.24;21.03;2.31;69183.00;0;0;40.00;4508.00;1003.88;820.30;0;1;0;1;0;0;1;0;0;1;0;0;1;1;0;0;1;0;0
525249;1.41;0.98;0;1233.00;13.50;81.75;17.25;0;12.77;14.30;63.73;47.48;2.58;69183.00;0;0;39.00;4512.80;1003.88;58.59;0;1;0;1;0;0;1;0;0;1;0;0;0;1;0;0;1;0;0
526806;1.42;1.02;0;1276.00;13.50;81.75;14.25;0;12.27;14.30;67.34;34.26;2.58;69183.00;0;0;39.00;4514.80;1003.88;781.24;0;1;0;1;0;0;1;0;0;1;0;0;1;1;0;0;1;0;0
528282;1.46;0.99;0;1255.00;13.50;81.75;16.50;0;12.60;14.30;132.55;85.37;2.58;69183.00;0;0;40.00;4508.40;1003.88;703.12;0;1;0;1;0;0;1;0;0;1;0;0;1;1;0;0;1;0;0
529891;1.44;0.98;0;1272.00;13.50;81.75;15.00;0;12.29;14.21;136.38;105.33;2.58;69183.00;0;0;39.00;4518.80;1003.88;97.66;0;1;0;1;0;0;1;0;0;1;0;0;1;1;0;0;1;0;0
531698;1.39;0.99;0;1256.00;13.50;81.75;15.75;0;12.40;14.39;219.44;188.19;2.31;69183.00;0;0;38.00;4509.00;1003.88;97.66;0;1;0;1;0;0;1;0;0;1;0;0;1;1;0;0;1;0;0
533259;1.39;0.99;0;1258.00;13.50;81.75;15.75;0;12.38;14.30;224.26;248.58;2.58;69183.00;0;0;38.00;4503.40;1003.88;390.62;0;1;0;1;0;0;1;0;0;1;0;0;1;1;0;0;1;0;0
534726;1.38;0.97;0;1231.00;13.50;81.75;17.25;0;12.70;14.21;196.28;143.17;2.58;69183.00;0;0;39.00;4530.80;1003.88;214.84;0;1;0;1;0;0;1;0;0;1;0;0;1;1;0;0;1;0;0
536126;1.39;0.99;0;1296.00;13.50;81.75;12.75;0;12.01;14.21;185.95;124.58;2.58;69183.00;0;0;40.00;4508.60;1003.88;800.77;0;1;0;1;0;0;1;0;0;1;0;0;1;1;0;0;1;0;0
537568;1.48;0.98;0;1198.00;13.50;81.75;21.00;0;13.32;14.21;195.34;162.61;2.58;69183.00;0;0;40.00;4507.20;1003.88;58.59;0;1;0;1;0;0;1;0;0;1;0;0;1;1;0;0;1;0;0
539112;1.36;0.98;0;1302.00;13.50;81.75;12.75;0;11.99;14.30;102.86;73.67;2.58;69183.00;0;0;40.00;4505.80;1003.88;468.74;0;1;0;1;0;0;1;0;0;1;0;0;1;1;0;0;1;0;0
540491;1.45;1.00;0;1274.00;13.50;81.75;14.25;0;12.29;14.30;67.57;38.32;2.58;69183.00;0;0;39.00;4542.20;1003.88;97.66;0;1;0;1;0;0;1;0;0;1;0;0;1;1;0;0;1;0;0
541984;1.39;1.01;0;1307.00;13.50;81.75;12.00;0;11.86;14.30;44.84;29.47;2.58;69183.00;0;0;40.00;4521.20;1003.88;664.05;0;1;0;1;0;0;1;0;0;1;0;0;1;1;0;0;1;0;0
543422;1.40;1.00;0;1255.00;13.50;81.75;16.50;0;12.65;14.21;25.10;24.53;2.58;69183.00;0;0;40.00;4503.20;1003.88;78.12;0;1;0;1;0;0;1;0;0;1;0;0;1;1;0;0;1;0;0
544917;1.52;1.03;0;1231.00;13.50;81.75;18.00;0;12.46;14.30;18.79;79.27;2.58;69183.00;0;0;39.00;4502.20;1003.88;878.90;0;1;0;1;0;0;1;0;0;1;0;0;1;1;0;0;1;0;0
546527;1.37;0.97;0;1254.00;13.50;81.75;15.75;0;12.46;14.21;31.46;49.94;2.58;69183.00;0;0;39.00;4523.20;1003.88;312.50;0;1;0;1;1;0;1;0;0;1;0;0;1;1;0;0;1;0;0
548091;4.52;1.00;0;3322.00;13.50;81.75;27.75;16.86;31.80;13.92;88.30;90.15;2.82;69183.00;0;0;43.00;4456.60;1003.88;898.43;1;1;0;1;0;0;1;0;0;1;0;0;1;1;0;0;0;0;0
549541;0.70;1.00;27.00;2446.00;13.50;82.50;-30.00;0;0;13.92;208.42;232.70;2.82;69183.00;27.00;27.00;42.00;4411.80;1003.88;878.90;2.00;1;0;1;0;0;1;0;0;1;0;0;1;1;0;0;0;0;0
551154;2.59;0.95;33.00;2660.00;13.50;82.50;27.75;6.28;20.93;14.02;201.80;238.83;2.58;69183.00;34.00;34.00;42.00;4456.20;1003.88;859.36;2.00;1;0;1;0;0;1;0;0;1;0;0;1;1;0;0;0;0;0
552550;6.86;1.00;47.00;3694.00;13.50;82.50;16.50;32.94;45.03;14.02;211.76;127.92;2.58;69183.00;46.00;48.00;42.00;4549.80;1003.88;878.90;2.00;1;0;1;0;0;1;0;0;1;0;0;1;1;0;0;0;0;0
553989;4.46;1.01;57.00;3556.00;13.50;82.50;27.00;19.22;33.56;13.92;313.03;276.92;2.82;69183.00;57.00;58.00;42.00;4512.00;1003.88;839.83;3.00;1;0;1;0;0;1;0;0;1;0;0;1;1;0;0;0;0;0
555331;3.47;0.99;66.00;3457.00;13.50;82.50;31.50;13.33;26.67;14.02;228.46;325.41;2.58;69183.00;66.00;67.00;42.00;4468.00;1003.88;878.90;4.00;1;0;1;0;0;1;0;0;0;0;0;1;1;0;0;0;0;0
556811;3.84;0.92;76.00;3918.00;13.50;82.50;30.75;19.22;31.88;14.02;196.30;312.68;2.58;69183.00;75.00;76.00;42.00;4543.00;1003.88;898.43;4.00;1;0;1;0;0;1;0;0;0;0;0;1;1;0;0;0;0;0
558263;4.24;0.97;82.00;3798.00;13.50;82.50;30.00;19.22;31.82;13.92;195.83;164.66;2.82;69183.00;81.00;83.00;42.00;4514.00;1003.88;898.43;5.00;1;0;1;0;0;1;0;0;0;0;0;1;1;0;0;0;0;0
559715;4.90;0.90;90.00;4145.00;13.50;81.75;23.25;26.28;39.99;14.02;300.68;295.94;2.58;69183.00;89.00;90.00;43.00;4545.40;1003.88;917.96;5.00;1;0;1;0;0;1;0;0;0;0;0;1;1;0;0;0;0;0
561215;2.91;0.86;92.00;3924.00;13.50;81.75;36.00;12.94;25.91;14.02;280.86;320.90;2.58;69183.00;92.00;93.00;43.00;4516.00;1003.88;351.56;6.00;1;0;1;0;0;1;0;0;0;0;0;1;1;0;0;0;0;0
562695;2.50;0.91;93.00;3975.00;13.50;81.75;39.75;9.02;21.64;13.92;240.02;251.62;2.82;69183.00;94.00;94.00;43.00;4500.40;1003.72;898.43;6.00;1;0;1;0;0;1;0;0;0;0;0;1;1;0;0;0;0;0
564256;0.87;0.95;90.00;3814.00;13.50;81.75;43.50;1.96;7.19;13.83;224.46;224.11;2.82;69183.00;90.00;90.00;43.00;4496.80;1003.69;898.43;6.00;1;0;1;0;0;1;0;0;0;0;0;1;1;0;0;0;0;0
565661;1.54;0.88;87.00;3746.00;13.50;81.00;42.75;5.10;14.00;14.02;319.55;337.50;2.58;69183.00;88.00;88.00;43.00;4510.00;1003.80;800.77;6.00;1;0;1;0;0;1;0;0;0;0;0;0;1;0;0;0;0;0
567217;1.14;0.97;85.00;3621.00;13.50;81.00;41.25;2.75;9.30;14.02;337.13;346.46;2.58;69183.00;84.00;85.00;43.00;4514.80;1003.84;898.43;6.00;1;0;1;0;0;1;0;0;0;0;0;1;1;0;0;0;0;0
568693;0.62;1.00;80.00;3350.00;13.50;80.25;-30.00;0;0;13.92;337.07;344.24;2.82;69183.00;80.00;79.00;44.00;4526.60;1003.88;0;6.00;1;0;1;0;0;1;0;0;0;0;0;1;1;0;0;0;0;0
570194;0.66;1.00;73.00;3091.00;13.50;80.25;-30.00;0;0;14.02;40.84;48.92;2.58;69183.00;73.00;73.00;44.00;4560.60;1003.88;0;6.00;1;0;1;0;0;1;0;0;0;0;0;1;1;0;0;0;0;0
571738;2.84;1.00;66.00;2699.00;13.50;80.25;5.25;4.31;9.99;14.02;5.64;9.22;2.58;69183.00;66.00;67.00;44.00;4324.00;1003.88;957.02;6.00;1;0;1;0;0;1;0;0;0;0;0;1;1;0;0;0;0;0
573211;1.62;1.00;62.00;2357.00;13.50;80.25;11.25;2.35;10.17;14.02;7.27;7.62;2.58;69183.00;63.00;63.00;44.00;4294.40;1003.92;917.96;4.00;1;0;1;0;0;1;0;0;0;0;0;1;1;0;0;0;0;0
574711;2.77;0.94;66.00;3469.00;13.50;80.25;35.25;9.81;23.27;14.02;1.00;0.70;2.58;69183.00;64.00;67.00;44.00;4501.00;1004.00;859.36;4.00;1;0;1;0;0;1;0;0;0;0;0;1;1;0;0;0;0;0
576187;1.26;0.98;66.00;3420.00;13.50;80.25;39.75;3.14;10.33;14.11;0.47;0;2.58;69183.00;66.00;66.00;44.00;4512.60;1004.15;839.83;4.00;1;0;1;0;0;1;0;0;0;0;0;1;1;0;0;0;0;0
577602;1.10;0.93;65.00;3279.00;13.50;80.25;38.25;2.35;9.80;14.11;0;3.03;2.58;69183.00;65.00;64.00;44.00;4523.00;1004.43;859.36;4.00;1;0;1;0;0;1;0;0;0;0;0;1;1;0;0;0;0;0
578974;0.72;1.00;60.00;3109.00;13.50;80.25;-30.00;0;0;14.02;0.57;0.88;2.58;69183.00;60.00;60.00;44.00;4592.00;1004.47;19.53;4.00;1;0;1;0;0;1;0;0;1;0;0;1;1;0;0;0;0;0
580323;0.70;1.00;55.00;2797.00;13.50;80.25;-30.00;0;0;14.11;1.52;0.76;2.58;69183.00;55.00;54.00;44.00;4596.00;1004.62;0;4.00;1;0;1;0;0;1;0;0;1;0;0;1;1;0;0;0;0;0
581774;0.80;1.00;46.00;2841.00;13.50;80.25;16.50;0;12.10;14.02;0.90;1.15;2.58;69183.00;47.00;46.00;44.00;4271.60;1004.58;39.06;3.00;1;0;1;0;0;1;0;0;1;0;0;1;1;0;0;0;0;0
583255;1.46;1.00;38.00;2416.00;13.50;80.25;18.75;1.57;9.63;14.11;40.52;11.07;2.58;69183.00;38.00;39.00;44.00;4476.00;1004.86;917.96;3.00;1;0;1;0;0;1;0;0;1;0;0;1;1;0;0;0;0;0
584702;3.45;0.96;42.00;2650.00;13.50;80.25;27.00;10.98;27.94;14.02;8.65;2.27;2.58;69183.00;43.00;43.00;44.00;4484.60;1005.01;78.12;3.00;1;0;1;0;0;1;0;0;1;0;0;1;1;0;0;0;0;0
586210;3.18;0.95;51.00;3135.00;13.50;80.25;30.75;10.98;26.52;14.02;2.15;0.25;2.58;69183.00;50.00;51.00;44.00;4519.20;1005.09;820.30;3.00;1;0;1;0;0;1;0;0;1;0;0;1;1;0;0;0;0;0
587606;1.33;0.99;53.00;3281.00;13.50;80.25;37.50;2.75;10.61;14.02;2.01;0;2.58;69183.00;53.00;54.00;44.00;4547.20;1005.13;39.06;3.00;1;0;1;0;0;1;0;0;1;0;0;1;1;0;0;0;0;0
589108;2.66;0.99;52.00;3197.00;13.50;80.25;36.00;6.67;20.70;14.02;0.14;1.27;2.58;69183.00;52.00;52.00;44.00;4432.20;1005.13;859.36;3.00;1;0;1;0;0;1;0;0;1;0;0;1;1;0;0;0;0;0
590467;1.49;0.97;52.00;3222.00;13.50;80.25;36.75;3.14;12.08;14.02;2.05;0.29;2.58;69183.00;53.00;53.00;44.00;4512.80;1005.13;878.90;3.00;1;0;1;0;0;1;0;0;1;0;0;1;1;0;0;0;0;0
591878;1.18;0.92;51.00;3198.00;13.50;80.25;36.75;2.35;10.06;14.11;0.16;0;2.58;69183.00;51.00;51.00;44.00;4511.00;1005.13;839.83;3.00;1;0;1;0;0;1;0;0;1;0;0;1;1;0;0;0;0;0
593324;2.27;0.92;51.00;3140.00;13.50;81.00;36.00;5.88;19.61;14.11;114.37;107.49;2.58;69183.00;51.00;51.00;43.00;4507.00;1005.13;527.34;3.00;1;0;1;0;0;1;0;0;1;0;0;1;1;0;0;0;0;0
594772;1.94;0.90;53.00;3310.00;13.50;81.00;38.25;5.10;17.17;13.92;261.21;311.54;2.82;69183.00;54.00;54.00;43.00;4513.60;1005.13;58.59;3.00;1;0;1;0;0;1;0;0;1;0;0;1;1;0;0;0;0;0
596333;1.25;0.93;53.00;3316.00;13.50;81.00;38.25;2.75;10.62;14.02;322.05;328.05;2.58;69183.00;54.00;54.00;43.00;4525.20;1005.13;859.36;3.00;1;0;1;0;0;1;0;0;1;0;0;1;1;0;0;0;0;0
597868;1.22;0.88;52.00;3204.00;13.50;81.00;36.75;2.75;10.92;14.02;313.32;296.06;2.58;69183.00;52.00;53.00;43.00;4509.40;1005.13;58.59;3.00;1;0;1;0;0;1;0;0;1;0;0;1;1;0;0;0;0;0
599261;0.88;0.90;48.00;3029.00;13.50;81.00;34.50;0.39;9.61;14.02;312.44;313.69;2.58;69183.00;49.00;49.00;43.00;4519.00;1005.13;820.30;3.00;1;0;1;0;0;1;0;0;1;0;0;1;1;0;0;0;0;0
600732;1.45;0.89;47.00;2899.00;13.50;81.75;33.00;3.14;12.86;14.02;355.37;355.64;2.58;69184.00;48.00;48.00;43.00;4522.60;1005.13;39.06;3.00;1;0;1;0;0;1;0;0;1;0;0;1;1;0;0;0;0;0
602159;1.38;0.93;47.00;2914.00;13.50;81.75;33.00;2.75;11.72;14.02;306.46;290.41;2.58;69184.00;48.00;47.00;43.00;4520.60;1005.13;878.90;3.00;1;0;1;0;0;1;0;0;1;0;0;1;1;0;0;0;0;0
603605;1.32;0.89;46.00;2866.00;13.50;81.75;31.50;2.35;11.50;13.92;276.70;318.71;2.82;69184.00;46.00;46.00;43.00;4492.40;1005.13;39.06;3.00;1;0;1;0;0;1;0;0;1;0;0;1;1;0;0;0;0;0
605143;1.83;0.94;47.00;2908.00;13.50;81.75;33.00;3.92;15.45;14.02;236.43;230.83;2.58;69184.00;47.00;48.00;43.00;4504.60;1005.13;664.05;3.00;1;0;1;0;0;1;0;0;1;0;0;1;1;0;0;0;0;0
606503;0.90;1.00;48.00;3034.00;12.75;81.75;33.75;0.78;7.09;14.02;342.87;338.22;2.58;69184.00;48.00;48.00;43.00;4538.40;1005.13;800.77;3.00;1;0;1;0;0;1;0;0;1;0;0;1;1;0;0;0;0;0
607997;0.74;1.00;42.00;2619.00;12.75;81.75;-30.00;0;0;14.02;346.38;343.04;2.58;69184.00;43.00;43.00;43.00;4506.20;1005.13;0;3.00;1;0;1;0;0;1;0;0;1;0;0;1;1;0;0;0;0;0
609440;1.12;1.01;37.00;2327.00;12.75;81.75;23.25;0.39;8.73;14.11;212.49;187.53;2.58;69184.00;38.00;38.00;43.00;4484.60;1005.13;898.43;3.00;1;0;1;0;0;1;0;0;1;0;0;1;1;0;0;0;0;0
611017;1.43;0.99;35.00;2713.00;12.75;82.50;29.25;2.35;11.26;14.02;240.06;124.50;2.58;69184.00;35.00;35.00;42.00;4497.00;1005.13;898.43;2.00;1;0;1;0;0;1;0;0;1;0;0;1;1;0;0;0;0;0
612406;2.21;1.00;32.00;2627.00;12.75;82.50;27.75;3.53;14.73;14.02;334.67;227.54;2.58;69184.00;33.00;33.00;42.00;4493.40;1005.13;878.90;2.00;1;0;1;0;0;1;0;0;1;0;0;1;1;0;0;0;0;0
613870;3.68;0.98;40.00;3098.00;12.75;82.50;29.25;12.94;28.86;13.92;353.18;276.82;2.82;69184.00;39.00;40.00;42.00;4518.00;1005.25;136.72;2.00;1;0;1;0;0;1;0;0;1;0;0;1;1;0;0;0;0;0
615400;2.27;1.00;45.00;2800.00;12.75;82.50;30.75;5.49;18.84;14.02;330.45;328.75;2.58;69184.00;45.00;46.00;42.00;4429.40;1005.21;859.36;3.00;1;0;1;0;0;1;0;0;1;0;0;1;1;0;0;0;0;0
616914;1.60;0.98;45.00;2736.00;12.75;82.50;30.00;2.35;11.65;14.02;319.39;250.16;2.58;69184.00;44.00;45.00;42.00;4507.20;1005.17;859.36;3.00;1;0;1;0;0;1;0;0;1;0;0;1;1;0;0;0;0;0
618360;1.76;0.99;46.00;2823.00;12.75;82.50;30.75;3.53;14.00;14.02;354.51;313.38;2.58;69184.00;44.00;46.00;42.00;4495.80;1005.17;898.43;3.00;1;0;1;0;0;1;0;0;1;0;0;1;1;0;0;0;0;0
619886;1.54;0.99;47.00;2896.00;12.75;82.50;32.25;2.75;12.38;14.02;328.59;326.31;2.58;69184.00;47.00;48.00;42.00;4533.40;1005.17;898.43;3.00;1;0;1;0;0;1;0;0;1;0;0;1;1;0;0;0;0;0
621291;0.82;1.00;45.00;2723.00;12.75;82.50;15.75;0;11.88;14.02;223.52;285.02;2.58;69184.00;44.00;45.00;42.00;4502.20;1005.17;0;3.00;1;0;1;0;0;1;0;0;1;0;0;1;1;0;0;0;0;0
622741;2.16;0.98;42.00;2629.00;12.75;82.50;16.50;4.31;14.48;14.11;238.27;334.49;2.58;69184.00;42.00;43.00;42.00;4459.00;1005.17;839.83;3.00;1;0;1;0;0;1;0;0;1;0;0;1;1;0;0;0;0;0
624273;1.86;0.93;43.00;2714.00;12.75;82.50;29.25;3.92;15.77;14.02;332.09;355.80;2.58;69184.00;44.00;44.00;42.00;4507.40;1005.17;253.90;3.00;1;0;1;0;0;1;0;0;1;0;0;1;1;0;0;0;0;0
625725;1.38;0.91;43.00;2838.00;12.75;82.50;33.00;2.75;11.96;14.11;327.60;331.64;2.58;69184.00;44.00;44.00;42.00;4516.40;1005.17;820.30;3.00;1;0;1;0;0;1;0;0;1;0;0;1;1;0;0;0;0;0
627134;1.02;1.00;40.00;2477.00;12.75;82.50;25.50;0.39;12.15;14.02;288.93;306.87;2.58;69184.00;41.00;40.00;42.00;4547.80;1005.17;898.43;3.00;1;0;1;0;0;1;0;0;1;0;0;1;1;0;0;0;0;0
628417;1.07;0.97;38.00;2297.00;12.75;82.50;22.50;0.39;8.49;14.02;262.07;280.80;2.58;69184.00;39.00;39.00;42.00;4528.40;1005.17;878.90;3.00;1;0;1;0;0;1;0;0;1;0;0;1;1;0;0;0;0;0
629930;0.95;1.00;33.00;2112.00;12.75;82.50;12.75;0;11.67;14.02;294.49;253.50;2.58;69184.00;34.00;34.00;34.00;4522.40;1005.17;898.43;3.00;1;0;1;0;0;1;0;0;1;0;0;1;1;0;0;0;0;0
631408;0.88;1.00;28.00;2230.00;12.75;82.50;15.75;0;11.71;14.02;163.49;178.04;2.58;69184.00;29.00;28.00;34.00;4513.40;1005.17;917.96;2.00;1;0;1;0;0;1;0;0;1;0;0;1;1;0;0;0;0;0
632904;2.48;1.01;27.00;2187.00;12.75;82.50;10.50;4.31;15.67;14.21;232.02;154.19;2.58;69184.00;28.00;28.00;42.00;4502.00;1005.17;878.90;2.00;1;0;1;0;0;1;0;0;1;0;0;1;1;0;0;0;0;0
634378;2.49;0.95;32.00;2569.00;12.75;82.50;26.25;5.88;20.12;14.02;294.26;200.98;2.58;69184.00;32.00;33.00;42.00;4472.20;1005.17;97.66;2.00;1;0;1;0;0;1;0;0;1;0;0;1;1;0;0;0;0;0
635743;1.92;0.94;35.00;2788.00;12.75;82.50;30.75;4.31;16.17;14.02;344.69;302.13;2.58;69184.00;35.00;36.00;42.00;4520.00;1005.17;605.46;2.00;1;0;1;0;0;1;0;0;1;0;0;1;1;0;0;0;0;0
637265;1.46;0.91;37.00;2913.00;12.75;82.50;33.00;2.75;12.59;14.11;320.94;310.70;2.58;69184.00;37.00;37.00;42.00;4508.20;1005.17;195.31;2.00;1;0;1;0;0;1;0;0;1;0;0;1;1;0;0;0;0;0
638672;2.65;0.94;40.00;3115.00;12.75;83.25;35.25;7.06;22.11;13.92;294.79;292.66;2.82;69184.00;40.00;40.00;42.00;4640.80;1005.17;19.53;2.00;1;0;1;0;0;1;0;0;1;0;0;1;1;0;0;0;0;0
640142;1.79;1.00;40.00;2332.00;12.75;82.50;22.50;2.35;13.34;14.02;173.64;287.68;2.58;69184.00;37.00;40.00;42.00;4427.80;1005.17;898.43;3.00;1;0;1;0;0;1;0;0;1;0;0;1;1;0;0;0;0;0
641517;1.80;0.94;40.00;2421.00;12.75;82.50;24.00;3.14;14.49;14.02;319.90;326.23;2.58;69184.00;40.00;39.00;42.00;4505.40;1005.17;820.30;3.00;1;0;1;0;0;1;0;0;1;0;0;1;1;0;0;0;0;0
642877;1.54;0.92;40.00;2455.00;12.75;82.50;24.75;2.75;12.82;14.02;324.92;310.96;2.58;69184.00;40.00;40.00;42.00;4509.20;1005.17;800.77;3.00;1;0;1;0;0;1;0;0;1;0;0;1;1;0;0;0;0;0
644368;1.37;0.90;40.00;2460.00;12.75;82.50;24.75;1.96;11.73;14.11;268.83;247.15;2.58;69184.00;40.00;40.00;42.00;4529.40;1005.17;58.59;3.00;1;0;1;0;0;1;0;0;1;0;0;1;1;0;0;0;0;0
645817;1.30;0.92;38.00;2370.00;12.75;82.50;23.25;1.57;10.84;14.11;219.81;213.33;2.58;69184.00;38.00;38.00;42.00;4506.80;1005.17;800.77;3.00;1;0;1;0;0;1;0;0;1;0;0;1;1;0;0;0;0;0
647340;1.34;0.92;37.00;2212.00;12.75;82.50;21.75;1.57;10.80;14.11;333.85;333.88;2.58;69184.00;37.00;37.00;42.00;4526.00;1005.17;839.83;3.00;1;0;1;0;0;1;0;0;1;0;0;1;1;0;0;0;0;0
648746;1.42;0.94;36.00;2276.00;12.75;82.50;21.75;1.96;11.43;14.11;336.66;330.14;2.58;69184.00;37.00;37.00;42.00;4502.80;1005.17;429.68;3.00;1;0;1;0;0;1;0;0;1;0;0;1;1;0;0;0;0;0
650097;1.39;0.93;36.00;2190.00;12.75;82.50;21.75;1.96;11.54;14.02;342.26;325.88;2.58;69184.00;36.00;36.00;42.00;4518.40;1005.17;39.06;3.00;1;0;1;0;0;1;0;0;1;0;0;1;1;0;0;0;0;0
651384;1.52;0.95;35.00;2166.00;12.75;82.50;20.25;1.96;11.88;14.02;319.00;319.63;2.58;69184.00;35.00;35.00;42.00;4521.00;1005.17;742.18;3.00;1;0;1;0;0;1;0;0;1;0;0;1;1;0;0;0;0;0
652903;1.27;0.94;35.00;2057.00;12.75;82.50;18.75;1.18;10.12;14.11;352.09;350.74;2.58;69184.00;35.00;34.00;42.00;4499.80;1005.17;117.19;3.00;1;0;1;0;0;1;0;0;1;0;0;1;1;0;0;0;0;0
654404;1.01;1.00;32.00;1917.00;12.75;82.50;14.25;0;11.83;14.21;277.68;275.04;2.58;69184.00;32.00;32.00;35.00;4519.80;1005.17;39.06;3.00;1;0;1;0;0;1;0;0;1;0;0;1;1;0;0;0;0;0
655880;1.27;0.99;30.00;1831.00;12.75;82.50;15.00;0.39;10.55;14.11;321.41;285.90;2.58;69184.00;29.00;30.00;42.00;4510.20;1005.17;800.77;3.00;1;0;1;0;0;1;0;0;1;0;0;1;1;0;0;0;0;0
657271;1.36;0.98;27.00;1718.00;12.75;82.50;13.50;0.39;9.57;14.11;293.28;146.26;2.58;69184.00;28.00;28.00;42.00;4506.60;1005.17;39.06;3.00;1;0;1;0;0;1;0;0;1;0;0;1;1;0;0;0;0;0
658671;1.82;1.02;27.00;1696.00;12.75;82.50;13.50;1.57;12.67;14.11;337.17;260.49;2.58;69184.00;27.00;28.00;42.00;4529.00;1005.17;820.30;3.00;1;0;1;0;0;1;0;0;1;0;0;1;1;0;0;0;0;0
660114;1.26;0.99;27.00;1700.00;12.75;82.50;13.50;0;11.69;14.30;290.35;317.66;2.58;69184.00;28.00;28.00;42.00;4508.60;1005.17;859.36;3.00;1;0;1;0;0;1;0;0;1;0;0;1;1;0;0;0;0;0
661536;1.22;0.95;23.00;1488.00;12.75;82.50;15.00;0;11.68;14.30;314.34;264.03;2.58;69184.00;23.00;24.00;34.00;4505.80;1005.17;878.90;3.00;1;0;1;0;0;1;0;0;1;0;0;1;1;0;0;0;0;0
663018;1.58;0.90;20.00;1343.00;12.75;82.50;9.00;1.18;11.59;14.21;214.24;213.09;2.58;69184.00;20.00;20.00;43.00;4510.40;1005.17;19.53;3.00;1;0;1;0;0;1;0;0;1;0;0;1;1;0;0;0;0;0
664406;1.40;1.01;20.00;1273.00;12.75;82.50;14.25;0;11.71;14.30;177.68;148.19;2.58;69184.00;20.00;20.00;35.00;4502.80;1005.17;878.90;3.00;1;0;1;0;0;1;0;0;1;0;0;1;1;0;0;0;0;0
665950;2.67;0.98;22.00;1421.00;12.75;82.50;7.50;2.75;16.49;14.30;211.14;164.89;2.58;69184.00;22.00;22.00;43.00;4509.20;1005.17;820.30;3.00;1;0;1;0;0;1;0;0;1;0;0;1;1;0;0;0;0;0
667405;1.07;1.00;26.00;1611.00;12.75;83.25;12.75;0;11.85;14.21;132.26;107.38;2.58;69184.00;26.00;26.00;34.00;4496.60;1005.17;39.06;3.00;1;0;1;0;0;1;0;0;1;0;0;1;1;0;0;0;0;0
668932;1.46;0.99;23.00;1491.00;12.75;83.25;12.75;0.39;11.73;14.11;104.70;98.47;2.58;69184.00;23.00;23.00;42.00;4515.80;1005.17;878.90;3.00;1;0;1;0;0;1;0;0;1;0;0;1;1;0;0;0;0;0
670429;1.34;0.95;22.00;1331.00;12.75;83.25;13.50;0;11.48;14.21;195.34;223.33;2.58;69184.00;22.00;22.00;34.00;4508.20;1005.17;878.90;3.00;1;0;1;0;0;1;0;0;1;0;0;1;1;0;0;0;0;0
671917;1.23;0.90;20.00;1281.00;12.75;83.25;12.75;0;11.43;14.39;216.31;226.94;2.31;69184.00;20.00;20.00;35.00;4521.60;1005.17;39.06;3.00;1;0;1;1;0;1;0;0;1;0;0;1;1;0;0;0;0;0
673390;1.46;0.94;16.00;1228.00;12.75;83.25;17.25;0;12.31;14.39;126.65;161.38;2.31;69184.00;16.00;17.00;36.00;4509.80;1005.25;703.12;3.00;1;0;1;0;0;1;0;0;1;0;0;1;1;0;0;0;0;0
674897;1.44;0.94;13.00;1288.00;12.75;83.25;14.25;0;11.91;14.39;63.06;81.85;2.31;69184.00;14.00;14.00;37.00;4508.20;1005.33;800.77;2.00;1;0;1;1;0;1;0;0;1;0;0;1;1;0;0;0;0;0
676406;1.45;0.94;11.00;1234.00;12.75;83.25;15.75;0;12.12;14.39;28.90;37.58;2.31;69184.00;11.00;11.00;36.00;4502.80;1005.21;58.59;1;1;0;1;0;0;1;0;0;1;0;0;1;1;0;0;0;0;0
677910;1.78;0.96;10.00;1346.00;12.75;83.25;7.50;1.18;11.92;14.39;17.87;19.30;2.31;69184.00;11.00;11.00;45.00;4485.80;1005.56;566.40;1;1;0;1;0;0;1;0;0;1;0;0;1;1;0;0;0;0;0
679293;1.66;0.97;13.00;1530.00;12.75;83.25;13.50;1.18;12.17;14.30;55.58;19.57;2.58;69184.00;14.00;14.00;42.00;4516.20;1005.76;39.06;1;1;0;1;0;0;1;0;0;1;0;0;1;1;0;0;0;0;0
680796;1.60;1.02;15.00;1685.00;12.75;84.00;13.50;1.18;11.79;14.21;43.16;31.70;2.58;69184.00;15.00;15.00;41.00;4539.40;1005.60;97.66;1;1;0;1;0;0;1;0;0;1;0;0;1;1;0;0;0;0;0
682205;2.24;1.03;16.00;1813.00;12.75;84.00;14.25;2.75;15.28;14.21;15.74;13.89;2.58;69184.00;16.00;16.00;41.00;4517.20;1005.72;917.96;1;1;0;1;0;0;1;0;0;1;0;0;1;1;0;0;0;0;0
683598;2.60;1.00;25.00;2166.00;12.75;84.00;21.75;4.31;14.85;14.11;4.20;5.16;2.58;69184.00;25.00;26.00;41.00;4555.80;1005.76;898.43;0;1;0;1;0;0;1;0;0;1;0;0;1;1;0;0;0;0;0
685030;3.70;1.00;36.00;2837.00;12.75;83.25;27.75;12.55;28.95;14.02;29.72;49.27;2.58;69184.00;35.00;36.00;42.00;4688.40;1005.56;39.06;2.00;1;0;1;0;0;1;0;0;1;0;0;1;1;0;0;0;0;0
686485;0.99;1.00;42.00;2535.00;12.75;83.25;26.25;0;13.16;14.11;108.68;61.68;2.58;69184.00;42.00;40.00;42.00;4517.00;1005.56;898.43;3.00;1;0;1;0;0;1;0;0;1;0;0;1;1;0;0;0;0;0
688033;1.94;0.99;41.00;2559.00;12.75;83.25;26.25;3.53;15.20;14.11;280.80;243.62;2.58;69184.00;42.00;42.00;42.00;4502.60;1005.52;878.90;3.00;1;0;1;0;0;1;0;0;1;0;0;1;1;0;0;0;0;0
689455;0.84;1.00;40.00;2492.00;12.75;82.50;14.25;0;11.91;14.11;264.63;270.49;2.58;69184.00;40.00;40.00;40.00;4528.80;1005.52;624.99;3.00;1;0;1;0;0;1;0;0;1;0;0;1;1;0;0;0;0;0
690908;0.93;1.00;35.00;2169.00;12.75;81.75;14.25;0;11.76;14.02;158.29;183.15;2.58;69184.00;35.00;35.00;35.00;4500.60;1005.44;39.06;3.00;1;0;1;0;0;1;0;0;1;0;0;1;1;0;0;0;0;0
692390;2.46;0.98;33.00;2081.00;12.75;81.75;12.75;3.92;16.22;14.02;131.44;189.13;2.58;69184.00;34.00;34.00;43.00;4512.20;1005.44;800.77;3.00;1;0;1;0;0;1;0;0;1;0;0;1;1;0;0;0;0;0
693879;1.77;1.01;37.00;2304.00;12.75;81.75;22.50;2.35;12.99;14.11;296.93;299.47;2.58;69184.00;37.00;37.00;43.00;4511.60;1005.48;898.43;3.00;1;0;1;0;0;1;0;0;1;0;0;1;1;0;0;0;0;0
695433;1.57;0.97;37.00;2293.00;12.75;81.00;22.50;1.96;12.33;14.02;337.11;337.95;2.58;69184.00;37.00;37.00;43.00;4509.80;1005.48;878.90;3.00;1;0;1;0;0;1;0;0;1;0;0;1;1;0;0;0;0;0
696881;1.28;0.92;35.00;2138.00;12.75;81.00;19.50;1.18;9.91;14.21;298.38;339.28;2.58;69184.00;35.00;35.00;43.00;4515.40;1005.60;839.83;3.00;1;0;1;0;0;1;0;0;1;0;0;1;1;0;0;0;0;0
698389;0.98;1.00;32.00;1987.00;12.75;81.00;14.25;0;11.87;14.11;212.41;195.71;2.58;69184.00;33.00;32.00;35.00;4511.60;1005.44;39.06;3.00;1;0;1;0;0;1;0;0;1;0;0;1;1;0;0;0;0;0
699936;1.26;1.01;23.00;1514.00;12.75;81.00;15.00;0;11.78;14.21;205.96;252.29;2.58;69184.00;24.00;24.00;35.00;4490.00;1005.48;898.43;3.00;1;0;1;1;0;1;0;0;1;0;0;1;1;0;0;1;0;0
701374;1.44;0.98;13.00;1278.00;12.75;81.00;15.00;0;11.93;14.39;105.58;116.38;2.31;69184.00;14.00;14.00;36.00;4512.20;1005.56;839.83;2.00;1;0;1;1;0;1;0;0;1;0;0;1;1;0;0;0;0;0
702909;1.42;0.93;8.00;1272.00;12.75;81.00;15.00;0;11.98;14.30;43.01;47.44;2.58;69184.00;9.00;8.00;37.00;4509.60;1005.76;546.87;1;1;0;1;0;0;1;0;0;1;0;0;1;1;0;0;0;0;0
704452;1.53;0.94;8.00;1224.00;12.75;81.00;19.50;0;12.88;14.39;71.03;72.34;2.31;69184.00;9.00;7.00;39.00;4508.40;1005.95;781.24;1;1;0;1;0;0;1;0;0;1;0;0;1;1;0;0;0;0;0
705961;1.44;0.92;8.00;1273.00;12.75;81.00;16.50;0;12.72;14.30;86.38;72.94;2.58;69184.00;8.00;7.00;42.00;4522.00;1005.91;58.59;1;1;0;1;0;0;1;0;0;1;0;0;1;1;0;0;0;0;0
707443;4.17;1.00;13.00;1604.00;12.75;81.00;11.25;6.28;27.89;14.30;75.23;64.84;2.58;69184.00;14.00;14.00;43.00;4552.00;1006.15;878.90;1;1;0;1;0;0;1;0;0;1;0;0;1;1;0;0;0;0;0
709166;0.74;1.00;26.00;2321.00;12.75;81.00;14.25;0;12.04;14.02;140.62;125.21;2.58;69184.00;26.00;27.00;40.00;4544.80;1006.15;859.36;2.00;1;0;1;0;0;1;0;0;1;0;0;1;1;0;0;0;0;0
710591;2.34;1.00;31.00;2437.00;12.00;81.75;24.00;4.71;18.03;14.11;204.13;228.09;2.58;69184.00;31.00;31.00;43.00;4466.40;1006.07;839.83;2.00;1;0;1;0;0;1;0;0;1;0;0;1;1;0;0;0;0;0
712054;0.86;1.00;32.00;2481.00;12.00;81.75;14.25;0;12.10;14.11;272.33;281.33;2.58;69185.00;32.00;31.00;41.00;4568.80;1005.95;39.06;2.00;1;0;1;0;0;1;0;0;1;0;0;1;1;0;0;0;0;0
713509;2.42;0.97;30.00;2364.00;12.00;81.75;10.50;4.71;15.78;14.11;258.52;287.62;2.58;69185.00;30.00;30.00;43.00;4494.20;1005.64;527.34;2.00;1;0;1;0;0;1;0;0;1;0;0;1;1;0;0;0;0;0
714970;1.92;0.95;33.00;2672.00;12.00;81.75;28.50;3.92;15.85;14.11;185.20;286.23;2.58;69185.00;34.00;34.00;43.00;4537.00;1005.68;878.90;2.00;1;0;1;0;0;1;0;0;1;0;0;1;1;0;0;0;0;0
716383;0.85;1.00;31.00;2411.00;12.00;81.75;15.75;0;11.86;14.11;289.92;321.82;2.58;69185.00;31.00;30.00;37.00;4536.80;1005.72;214.84;2.00;1;0;1;0;0;1;0;0;1;0;0;1;1;0;0;0;0;0
717887;1.23;1.00;25.00;1940.00;12.00;82.50;15.75;0.39;11.80;14.21;279.75;215.24;2.58;69185.00;25.00;25.00;42.00;4526.80;1005.68;839.83;2.00;1;0;1;0;0;1;0;0;1;0;0;1;1;0;0;0;0;0
719340;1.57;1.00;23.00;1893.00;12.00;82.50;16.50;1.57;11.74;14.11;318.85;290.63;2.58;69185.00;24.00;24.00;42.00;4514.20;1005.79;488.28;2.00;1;0;1;0;0;1;0;0;1;0;0;1;1;0;0;0;0;0
720765;1.82;0.99;23.00;1915.00;12.00;82.50;16.50;1.96;13.46;14.11;298.11;327.17;2.58;69185.00;24.00;24.00;42.00;4513.80;1005.79;117.19;2.00;1;0;1;0;0;1;0;0;1;0;0;1;1;0;0;0;0;0
722217;1.77;0.98;26.00;2009.00;12.00;82.50;18.00;2.35;13.34;14.11;324.78;325.90;2.58;69185.00;26.00;26.00;42.00;4520.60;1005.79;664.05;2.00;1;0;1;0;0;1;0;0;1;0;0;1;1;0;0;0;0;0
723495;1.69;0.96;26.00;2055.00;12.00;82.50;18.75;1.96;13.06;14.11;343.63;330.62;2.58;69185.00;26.00;27.00;42.00;4505.00;1005.72;722.65;2.00;1;0;1;0;0;1;0;0;1;0;0;1;1;0;0;0;0;0
724957;1.20;0.93;25.00;1927.00;12.00;82.50;16.50;0.78;9.38;14.11;310.68;331.31;2.58;69185.00;25.00;24.00;42.00;4528.40;1005.68;39.06;2.00;1;0;1;0;0;1;0;0;1;0;0;1;1;0;0;0;0;0
726417;1.67;0.98;22.00;1802.00;12.00;82.50;15.00;1.57;12.25;14.21;321.01;301.17;2.58;69185.00;23.00;23.00;42.00;4521.00;1005.48;58.59;2.00;1;0;1;0;0;1;0;0;1;0;0;1;1;0;0;0;0;0
727897;1.74;1.02;23.00;1890.00;12.00;82.50;15.75;1.57;12.31;14.21;286.66;246.78;2.58;69185.00;24.00;24.00;42.00;4510.80;1005.60;859.36;2.00;1;0;1;0;0;1;0;0;1;0;0;1;1;0;0;0;0;0
729444;1.63;0.98;23.00;1868.00;12.00;82.50;15.75;1.57;11.96;14.11;333.55;323.83;2.58;69185.00;24.00;24.00;42.00;4518.20;1005.68;58.59;2.00;1;0;1;0;0;1;0;0;1;0;0;1;1;0;0;0;0;0
730800;1.12;1.00;22.00;1765.00;12.00;82.50;13.50;0;11.88;14.21;294.32;336.46;2.58;69185.00;23.00;22.00;36.00;4515.40;1005.60;898.43;2.00;1;0;1;0;0;1;0;0;1;0;0;1;1;0;0;0;0;0
732149;1.67;0.99;21.00;1680.00;12.00;83.25;13.50;1.57;11.94;14.21;165.40;311.31;2.58;69185.00;21.00;21.00;42.00;4512.40;1005.68;175.78;2.00;1;0;1;0;0;1;0;0;1;0;0;1;1;0;0;0;0;0
733479;1.78;1.00;21.00;1646.00;12.00;83.25;13.50;1.18;12.62;14.21;161.53;311.70;2.58;69185.00;21.00;21.00;42.00;4513.40;1005.48;117.19;2.00;1;0;1;0;0;1;0;0;1;0;0;1;1;0;0;0;0;0
734874;2.55;0.99;25.00;1946.00;12.00;83.25;17.25;3.92;18.52;14.21;271.14;339.16;2.58;69185.00;25.00;24.00;42.00;4504.00;1005.36;78.12;2.00;1;0;1;0;0;1;0;0;1;0;0;1;1;0;0;0;0;0
736243;2.26;1.00;27.00;2218.00;12.00;83.25;21.00;3.53;16.99;14.11;333.81;267.72;2.58;69185.00;28.00;28.00;42.00;4500.60;1005.44;859.36;2.00;1;0;1;0;0;1;0;0;1;0;0;1;1;0;0;0;0;0
737554;2.63;0.95;33.00;2654.00;12.00;83.25;28.50;6.67;21.55;14.11;348.92;225.42;2.58;69185.00;33.00;34.00;42.00;4479.40;1005.48;878.90;2.00;1;0;1;0;0;1;0;0;1;0;0;1;1;0;0;0;0;0
739064;2.63;0.97;38.00;2353.00;12.00;83.25;22.50;5.10;20.12;14.11;230.69;227.00;2.58;69185.00;37.00;39.00;42.00;4510.20;1005.48;312.50;3.00;1;0;1;0;0;1;0;0;1;0;0;1;1;0;0;0;0;0
740517;2.42;0.97;41.00;2524.00;12.00;83.25;25.50;5.10;19.17;14.02;329.69;299.69;2.58;69185.00;40.00;41.00;42.00;4495.20;1005.36;839.83;3.00;1;0;1;0;0;1;0;0;1;0;0;1;1;0;0;0;0;0
742022;2.11;0.92;43.00;2721.00;12.00;83.25;29.25;5.10;18.07;14.11;326.09;262.27;2.58;69185.00;44.00;44.00;42.00;4536.60;1005.56;136.72;3.00;1;0;1;0;0;1;0;0;1;0;0;1;1;0;0;0;0;0
743448;2.57;0.97;46.00;2797.00;12.00;83.25;30.75;6.28;21.15;14.02;327.64;289.42;2.58;69185.00;45.00;46.00;42.00;4509.20;1005.36;820.30;3.00;1;0;1;0;0;1;0;0;1;0;0;1;1;0;0;0;0;0
744866;1.79;0.92;48.00;2968.00;12.00;82.50;33.75;4.31;15.62;14.02;269.83;275.88;2.58;69185.00;48.00;49.00;42.00;4534.00;1005.33;839.83;3.00;1;0;1;0;0;1;0;0;1;0;0;1;1;0;0;0;0;0
746364;2.06;0.91;47.00;2904.00;12.00;82.50;32.25;4.31;15.83;14.11;292.89;276.51;2.58;69185.00;47.00;47.00;42.00;4495.80;1005.25;878.90;3.00;1;0;1;0;0;1;0;0;1;0;0;1;1;0;0;0;0;0
747743;1.75;0.98;50.00;3032.00;12.00;81.75;35.25;3.53;14.55;14.11;288.59;265.96;2.58;69185.00;50.00;50.00;43.00;4525.40;1005.21;878.90;3.00;1;0;1;0;0;1;0;0;1;0;0;1;1;0;0;0;0;0
749218;1.59;0.92;50.00;3046.00;12.00;81.75;34.50;3.53;13.58;14.11;226.74;252.85;2.58;69185.00;49.00;50.00;43.00;4503.60;1005.17;761.71;3.00;1;0;1;0;0;1;0;0;1;0;0;1;1;0;0;0;0;0
750652;2.25;1.00;51.00;2679.00;12.00;81.75;23.25;3.92;15.57;14.21;225.22;112.59;2.58;69185.00;51.00;52.00;43.00;4259.20;1005.17;878.90;4.00;1;0;1;0;0;1;0;0;1;0;0;1;1;0;0;0;0;0
752017;1.21;0.98;48.00;2550.00;12.00;81.00;27.00;1.18;9.40;14.02;306.80;298.52;2.58;69185.00;49.00;49.00;43.00;4500.40;1005.17;898.43;4.00;1;0;1;0;0;1;0;0;1;0;0;1;1;0;0;0;0;0
753465;1.02;0.93;45.00;2362.00;12.00;81.00;23.25;0.39;8.50;14.11;224.03;348.77;2.58;69185.00;46.00;45.00;43.00;4524.20;1005.17;859.36;4.00;1;0;1;0;0;1;0;0;1;0;0;1;1;0;0;0;0;0
754874;3.32;1.00;42.00;2287.00;12.00;81.00;22.50;5.88;21.37;14.02;168.72;167.65;2.58;69185.00;42.00;43.00;43.00;4502.00;1005.17;878.90;4.00;1;0;1;0;0;1;0;0;1;0;0;1;1;0;0;0;0;0
756350;2.49;0.95;46.00;2406.00;12.00;81.00;24.00;5.49;20.09;14.21;165.09;109.09;2.58;69185.00;46.00;46.00;43.00;4503.20;1005.17;39.06;4.00;1;0;1;0;0;1;0;0;1;0;0;1;1;0;0;0;0;0
757689;0.89;1.00;47.00;2242.00;12.00;81.00;14.25;0;11.93;14.11;298.59;215.26;2.58;69185.00;47.00;47.00;36.00;4548.40;1005.17;566.40;4.00;1;0;1;0;0;1;0;0;1;0;0;0;1;0;0;0;0;0
759153;0.90;1.00;42.00;2189.00;12.00;81.00;15.75;0;11.85;14.11;101.11;90.95;2.58;69185.00;42.00;42.00;34.00;4502.80;1005.17;39.06;4.00;1;0;1;0;0;1;0;0;1;0;0;1;1;0;0;0;0;0
760520;1.87;1.01;37.00;1901.00;12.00;81.00;9.75;1.96;11.02;14.11;182.86;97.51;2.58;69185.00;38.00;37.00;43.00;4531.60;1005.17;742.18;4.00;1;0;1;0;0;1;0;0;1;0;0;1;1;0;0;0;0;0
762004;0.95;1.00;37.00;2011.00;12.00;81.00;13.50;0;11.94;14.11;140.66;95.50;2.58;69185.00;37.00;37.00;36.00;4499.60;1005.17;722.65;4.00;1;0;1;0;0;1;0;0;1;0;0;1;1;0;0;0;0;0
763576;1.18;1.01;31.00;1670.00;12.00;81.00;14.25;0;11.83;14.21;164.13;75.87;2.58;69185.00;32.00;31.00;36.00;4478.20;1005.17;859.36;4.00;1;0;1;0;0;1;0;0;1;0;0;1;1;0;0;0;0;0
765108;1.09;1.00;23.00;1796.00;12.00;81.00;14.25;0;12.02;14.21;90.64;52.24;2.58;69185.00;24.00;23.00;36.00;4535.60;1005.17;664.05;2.00;1;0;1;0;0;1;0;0;1;0;0;1;1;0;0;0;0;0
766565;3.90;1.00;25.00;1982.00;12.00;81.75;14.25;8.24;28.39;14.21;115.60;126.07;2.58;69185.00;25.00;26.00;43.00;4479.20;1005.17;898.43;2.00;1;0;1;0;0;1;0;0;1;0;0;1;1;0;0;0;0;0
768216;4.56;1.00;41.00;3245.00;12.00;81.75;24.00;20.00;34.62;14.02;178.82;210.83;2.58;69185.00;40.00;41.00;43.00;4540.60;1005.17;839.83;2.00;1;0;1;0;0;1;0;0;0;0;0;1;1;0;0;0;0;0
769634;2.53;1.00;50.00;3115.00;12.00;81.75;22.50;5.88;18.16;14.02;316.48;332.50;2.58;69185.00;50.00;51.00;43.00;4289.60;1005.17;878.90;3.00;1;0;1;0;0;1;0;0;1;0;0;1;1;0;0;0;0;0
771139;1.40;0.95;50.00;2994.00;12.00;81.75;34.50;2.75;11.55;14.02;256.59;244.93;2.58;69185.00;50.00;50.00;43.00;4507.60;1005.17;878.90;3.00;1;0;1;0;0;1;0;0;1;0;0;1;1;0;0;0;0;0
772545;0.70;1.00;45.00;2773.00;12.00;82.50;-30.00;0;0;14.11;307.42;277.81;2.58;69185.00;46.00;45.00;42.00;4570.00;1005.17;0;3.00;1;0;1;0;0;1;0;0;1;0;0;1;1;0;0;0;0;0
773935;1.56;1.00;40.00;2499.00;12.00;82.50;18.00;1.96;10.15;14.11;291.43;264.40;2.58;69185.00;41.00;40.00;42.00;4393.00;1005.17;898.43;3.00;1;0;1;0;0;1;0;0;1;0;0;1;1;0;0;0;0;0
775502;0.84;1.00;38.00;2368.00;12.00;82.50;16.50;0;11.83;14.02;345.45;296.88;2.58;69185.00;39.00;38.00;36.00;4532.60;1005.17;78.12;3.00;1;0;1;0;0;1;0;0;1;0;0;1;1;0;0;0;0;0
776961;2.80;1.00;33.00;2103.00;12.00;82.50;-3.00;4.31;10.71;14.11;303.95;228.46;2.58;69185.00;34.00;34.00;42.00;4528.40;1005.17;195.31;3.00;1;0;1;0;0;1;0;0;1;0;0;1;1;0;0;0;0;0
778444;0.98;1.00;32.00;2012.00;12.00;82.50;12.75;0;11.80;14.11;162.74;163.49;2.58;69185.00;33.00;32.00;35.00;4509.80;1005.17;39.06;3.00;1;0;1;0;0;1;0;0;1;0;0;1;1;0;0;0;0;0
779945;1.69;1.01;28.00;1852.00;12.00;82.50;11.25;1.57;11.15;14.21;175.09;124.86;2.58;69185.00;29.00;29.00;42.00;4529.60;1005.17;429.68;3.00;1;0;1;0;0;1;0;0;1;0;0;1;1;0;0;0;0;0
781439;2.13;1.03;30.00;1835.00;12.00;82.50;15.00;2.35;14.56;14.21;263.67;232.06;2.58;69185.00;30.00;30.00;42.00;4504.00;1005.17;898.43;3.00;1;0;1;0;0;1;0;0;1;0;0;1;1;0;0;0;0;0
782959;5.14;1.00;35.00;2225.00;12.00;82.50;18.00;10.59;30.25;14.21;319.71;311.41;2.58;69185.00;35.00;35.00;42.00;4439.60;1005.17;878.90;3.00;1;0;1;0;0;1;0;0;1;0;0;1;1;0;0;0;0;0
784384;4.25;0.97;46.00;2851.00;12.00;82.50;23.25;18.04;33.81;14.02;346.99;285.88;2.58;69185.00;43.00;46.00;42.00;4558.60;1005.25;78.12;3.00;1;0;1;0;0;1;0;0;1;0;0;1;1;0;0;0;0;0
785858;2.27;1.00;53.00;3273.00;12.00;82.50;38.25;5.88;19.26;14.02;297.89;179.44;2.58;69185.00;53.00;54.00;42.00;4509.60;1005.21;878.90;3.00;1;0;1;0;0;1;0;0;1;0;0;1;1;0;0;0;0;0
787358;1.80;1.00;53.00;2776.00;12.00;83.25;31.50;3.14;13.56;14.02;333.20;330.86;2.58;69185.00;52.00;54.00;42.00;4375.00;1005.17;898.43;4.00;1;0;1;0;0;1;0;0;1;0;0;1;1;0;0;0;0;0
788640;3.44;0.96;57.00;2986.00;12.00;83.25;30.00;11.77;28.27;13.73;257.31;258.73;2.82;69185.00;57.00;58.00;42.00;4522.20;1005.17;703.12;4.00;1;0;1;0;0;1;0;0;1;0;0;1;1;0;0;0;0;0
790166;1.69;0.96;58.00;3036.00;12.00;83.25;35.25;3.53;14.12;14.02;203.76;199.89;2.58;69185.00;58.00;58.00;42.00;4509.80;1005.17;878.90;4.00;1;0;1;0;0;1;0;0;1;0;0;1;1;0;0;0;0;0
791571;2.38;0.89;60.00;3108.00;12.00;83.25;35.25;6.67;21.39;14.02;227.06;181.47;2.58;69185.00;59.00;60.00;42.00;4505.40;1005.17;253.90;4.00;1;0;1;0;0;1;0;0;0;0;0;1;1;0;0;0;0;0
793149;2.29;0.94;63.00;3204.00;12.00;82.50;36.00;6.67;19.40;14.11;344.35;326.11;2.58;69185.00;64.00;60.00;42.00;4512.20;1005.17;468.74;4.00;1;0;1;0;0;1;0;0;0;0;0;1;1;0;0;0;0;0
794587;3.91;1.00;63.00;2717.00;12.00;82.50;12.00;7.84;18.70;13.92;346.93;333.53;2.82;69185.00;63.00;63.00;42.00;4278.60;1005.17;878.90;4.00;1;0;1;0;0;1;0;0;0;0;0;1;1;0;0;0;0;0
795954;1.62;1.00;65.00;2977.00;12.00;82.50;33.75;3.92;13.33;14.11;330.08;337.56;2.58;69185.00;64.00;65.00;42.00;4501.20;1005.17;859.36;5.00;1;0;1;0;0;1;0;0;0;0;0;1;1;0;0;0;0;0
797462;1.43;0.98;61.00;2874.00;12.00;82.50;32.25;2.75;11.06;14.02;223.50;204.56;2.58;69185.00;61.00;62.00;42.00;4494.20;1005.17;839.83;5.00;1;0;1;0;0;1;0;0;0;0;0;1;1;0;0;0;0;0
798967;1.55;1.00;56.00;2470.00;12.00;82.50;26.25;0.39;11.27;14.21;336.38;346.44;2.58;69185.00;57.00;55.00;42.00;4280.60;1005.17;820.30;5.00;1;0;1;0;0;1;0;0;1;0;0;1;1;0;0;0;0;0
800473;2.46;0.99;56.00;2571.00;12.00;81.75;27.00;5.10;18.87;14.11;350.74;327.93;2.58;69185.00;56.00;56.00;43.00;4472.00;1005.17;800.77;5.00;1;0;1;0;0;1;0;0;1;0;0;1;1;0;0;0;0;0
801895;2.51;0.96;57.00;2625.00;12.00;81.75;27.75;5.88;20.59;14.02;344.86;342.28;2.58;69186.00;57.00;57.00;43.00;4510.60;1005.17;898.43;5.00;1;0;1;0;0;1;0;0;1;0;0;1;1;0;0;0;0;0
803368;2.71;0.94;60.00;2790.00;12.00;81.75;30.75;7.45;23.12;14.02;253.73;179.93;2.58;69186.00;60.00;60.00;43.00;4538.80;1005.17;97.66;5.00;1;0;1;0;0;1;0;0;0;0;0;1;1;0;0;0;0;0
804857;1.87;0.97;60.00;2775.00;12.00;81.75;30.75;4.71;15.52;14.11;349.55;312.66;2.58;69186.00;60.00;60.00;43.00;4514.80;1005.17;722.65;5.00;1;0;1;0;0;1;0;0;0;0;0;1;1;0;0;0;0;0
806328;0.74;1.00;57.00;2593.00;12.00;81.75;18.00;0;11.67;14.11;332.24;313.55;2.58;69186.00;57.00;56.00;43.00;4513.40;1005.17;703.12;5.00;1;0;1;0;0;1;0;0;1;0;0;1;1;0;0;0;0;0
807694;0.79;1.00;52.00;2373.00;12.00;81.75;16.50;0;11.80;14.02;183.02;179.32;2.58;69186.00;52.00;49.00;36.00;4534.60;1005.09;19.53;5.00;1;0;1;0;0;1;0;0;1;0;0;1;1;0;0;0;0;0
809175;1.03;1.00;41.00;1879.00;12.00;81.75;15.00;0;11.75;14.30;121.26;151.85;2.58;69186.00;41.00;41.00;34.00;4481.80;1005.13;39.06;5.00;1;0;1;0;0;1;0;0;1;0;0;1;1;0;0;0;0;0
810591;1.22;1.00;33.00;1818.00;12.00;81.75;15.75;0.39;9.52;14.11;201.57;205.79;2.58;69186.00;34.00;34.00;43.00;4505.40;1005.13;859.36;3.00;1;0;1;0;0;1;0;0;1;0;0;1;1;0;0;0;0;0
812184;3.02;0.97;38.00;2380.00;12.00;81.75;23.25;7.45;23.81;14.11;257.50;291.45;2.58;69186.00;38.00;39.00;43.00;4470.40;1005.13;878.90;3.00;1;0;1;0;0;1;0;0;1;0;0;1;1;0;0;0;0;0
813659;5.46;1.04;51.00;3122.00;12.00;81.75;17.25;25.89;39.01;14.02;283.11;212.82;2.58;69186.00;50.00;51.00;43.00;4548.00;1005.13;878.90;3.00;1;0;1;0;0;1;0;0;1;0;0;1;1;0;0;0;0;0
815179;3.22;0.97;60.00;3146.00;12.00;81.75;31.50;10.59;26.44;14.11;287.66;199.99;2.58;69186.00;59.00;60.00;43.00;4496.40;1005.13;742.18;4.00;1;0;1;0;0;1;0;0;0;0;0;1;1;0;0;0;0;0
816635;0.63;1.00;60.00;3117.00;12.00;81.75;-30.00;0;0;14.02;343.49;340.27;2.58;69186.00;61.00;60.00;43.00;4653.60;1005.05;0;4.00;1;0;1;0;0;1;0;0;1;0;0;1;1;0;0;0;0;0
818074;0.70;1.00;53.00;2769.00;12.00;81.75;-30.00;0;0;14.02;319.98;329.63;2.58;69186.00;54.00;53.00;43.00;4663.60;1005.09;0;4.00;1;0;1;0;0;1;0;0;1;0;0;1;1;0;0;0;0;0
819568;0.90;1.00;42.00;2176.00;12.00;81.75;15.00;0;11.86;14.11;152.65;220.28;2.58;69186.00;43.00;42.00;35.00;4401.80;1005.05;78.12;4.00;1;0;1;0;0;1;0;0;1;0;0;1;1;0;0;0;0;0
821081;0.88;1.00;35.00;2172.00;12.00;81.75;14.25;0;11.92;14.11;125.70;96.40;2.58;69186.00;35.00;35.00;36.00;4511.80;1005.09;39.06;2.00;1;0;1;1;0;1;0;0;1;0;0;1;1;0;0;1;0;0
822638;1.54;1.03;7.00;1224.00;12.00;81.75;18.00;0;12.63;14.21;75.41;52.40;2.58;69186.00;8.00;8.00;37.00;4501.80;1005.13;859.36;1;1;0;1;0;0;1;0;0;1;0;0;1;1;0;0;0;0;0
824167;1.35;0.98;0;1291.00;12.00;81.75;13.50;0;11.90;14.39;56.83;30.13;2.31;69186.00;0;0;38.00;4509.20;1005.13;683.59;1;1;0;1;1;0;1;0;0;1;0;0;1;1;0;0;1;0;0
825596;1.38;0.99;0;1248.00;12.00;81.75;16.50;0;12.40;14.39;72.32;28.57;2.31;69186.00;0;0;38.00;4526.60;1005.13;39.06;1;1;0;1;0;0;1;0;0;1;0;0;1;1;0;0;0;0;0
827082;1.46;1.03;0;1252.00;12.00;81.75;16.50;0;13.28;14.30;118.80;92.55;2.58;69186.00;0;0;38.00;4500.80;1005.13;859.36;1;1;0;1;0;0;1;0;0;1;0;0;1;1;0;0;0;0;0
828577;4.88;1.00;0;2003.00;12.00;81.75;12.75;14.12;36.17;14.21;151.46;155.77;2.58;69186.00;0;0;43.00;4522.00;1005.13;859.36;1;1;0;1;0;0;1;0;0;1;0;0;1;1;0;0;0;0;0
830168;2.89;0.98;27.00;2974.00;12.00;81.75;33.00;8.24;23.95;14.11;239.57;257.52;2.58;69186.00;27.00;27.00;43.00;4497.20;1005.05;859.36;1;1;0;1;0;0;1;0;0;1;0;0;1;1;0;0;0;0;0
831804;6.06;1.00;42.00;3378.00;12.00;81.75;18.75;25.10;38.96;14.02;277.37;318.92;2.58;69186.00;42.00;43.00;43.00;4391.20;1005.05;878.90;2.00;1;0;1;0;0;1;0;0;1;0;0;1;1;0;0;0;0;0
833196;4.46;1.00;55.00;3374.00;12.00;82.50;27.75;17.65;31.98;14.02;315.08;316.37;2.58;69186.00;54.00;55.00;42.00;4465.20;1005.09;644.52;3.00;1;0;1;0;0;1;0;0;1;0;0;1;1;0;0;0;0;0
834705;6.22;1.00;66.00;4088.00;12.00;82.50;20.25;30.59;44.11;13.92;255.35;324.47;2.82;69186.00;65.00;67.00;42.00;4485.00;1005.13;898.43;3.00;1;0;1;0;0;1;0;0;0;0;0;1;1;0;0;0;0;0
836241;5.96;0.96;76.00;3966.00;12.00;82.50;18.00;32.55;43.86;14.02;237.80;319.49;2.58;69186.00;75.00;76.00;42.00;4500.40;1004.97;839.83;4.00;1;0;1;0;0;1;0;0;0;0;0;1;1;0;0;0;0;0
837702;5.90;1.00;81.00;3727.00;12.00;82.50;18.75;28.24;40.65;14.02;289.02;197.96;2.58;69186.00;80.00;81.00;42.00;4505.80;1004.78;859.36;5.00;1;0;1;0;0;1;0;0;0;0;0;1;1;0;0;0;0;0
839265;2.77;0.93;82.00;3507.00;11.25;81.75;35.25;10.59;24.12;14.02;349.72;269.46;2.58;69186.00;82.00;83.00;43.00;4503.80;1004.43;761.71;6.00;1;0;1;0;0;1;0;0;0;0;0;1;1;0;0;0;0;0
840552;1.87;0.90;82.00;3497.00;11.25;81.75;39.75;5.88;16.79;13.92;350.50;327.15;2.82;69186.00;82.00;83.00;43.00;4521.20;1004.19;664.05;6.00;1;0;1;0;0;1;0;0;0;0;0;1;1;0;0;0;0;0
842000;1.22;0.89;80.00;3363.00;11.25;81.75;38.25;3.14;10.95;14.02;344.96;332.26;2.58;69186.00;79.00;80.00;43.00;4524.80;1004.08;488.28;6.00;1;0;1;0;0;1;0;0;0;0;0;1;1;0;0;0;0;0
843408;1.14;0.88;76.00;3273.00;11.25;81.75;38.25;3.14;10.34;14.11;314.61;345.86;2.58;69186.00;76.00;76.00;43.00;4511.80;1004.04;97.66;6.00;1;0;1;0;0;1;0;0;0;0;0;1;1;0;0;0;0;0
844833;1.21;0.92;72.00;3072.00;11.25;81.75;35.25;2.75;10.59;14.02;331.60;341.17;2.58;69186.00;72.00;72.00;43.00;4522.00;1003.96;781.24;6.00;1;0;1;0;0;1;0;0;0;0;0;1;1;0;0;0;0;0
846285;1.24;0.91;68.00;2926.00;11.25;81.75;33.00;2.75;10.99;14.02;314.71;337.99;2.58;69186.00;69.00;69.00;43.00;4513.80;1003.92;371.09;6.00;1;0;1;0;0;1;0;0;0;0;0;1;1;0;0;0;0;0
847564;2.68;1.00;66.00;2835.00;11.25;81.75;31.50;7.06;20.61;14.02;349.06;347.85;2.58;69186.00;66.00;66.00;43.00;4511.20;1003.92;859.36;6.00;1;0;1;0;0;1;0;0;0;0;0;1;1;0;0;0;0;0
849112;0.75;1.00;62.00;2627.00;11.25;81.75;-30.00;0;0;14.11;322.21;315.39;2.58;69186.00;62.00;62.00;43.00;4518.80;1003.92;0;6.00;1;0;1;0;0;1;0;0;0;0;0;1;1;0;0;0;0;0
850538;1.43;1.00;57.00;2426.00;12.00;81.75;7.50;2.35;8.80;14.11;332.44;330.64;2.58;69186.00;58.00;58.00;43.00;4460.00;1003.92;664.05;6.00;1;0;1;0;0;1;0;0;1;0;0;1;1;0;0;0;0;0
852010;0.89;1.00;52.00;2201.00;12.00;81.75;15.75;0;11.80;14.11;192.33;164.76;2.58;69186.00;52.00;52.00;36.00;4509.00;1003.92;39.06;6.00;1;0;1;0;0;1;0;0;1;0;0;1;1;0;0;0;0;0
853535;1.01;1.00;46.00;1947.00;12.00;81.75;13.50;0;11.78;14.11;192.31;213.37;2.58;69186.00;46.00;45.00;35.00;4534.00;1003.92;917.96;6.00;1;0;1;0;0;1;0;0;1;0;0;1;1;0;0;0;0;0
854851;1.02;1.00;40.00;1866.00;12.00;81.75;14.25;0;11.76;14.21;124.13;145.36;2.58;69186.00;40.00;40.00;34.00;4526.80;1003.92;878.90;5.00;1;0;1;0;0;1;0;0;1;0;0;1;1;0;0;0;0;0
856350;1.25;1.00;28.00;1507.00;12.00;81.75;14.25;0;11.76;14.21;80.03;122.43;2.58;69186.00;28.00;28.00;35.00;4478.40;1003.92;878.90;4.00;1;0;1;1;0;1;0;0;1;0;0;1;1;0;0;1;0;0
857718;1.33;0.95;18.00;1281.00;12.00;81.75;14.25;0;11.74;14.39;75.54;110.42;2.31;69186.00;19.00;19.00;36.00;4500.80;1003.92;742.18;3.00;1;0;1;0;0;1;0;0;1;0;0;1;1;0;0;0;0;0
859276;1.38;0.93;13.00;1284.00;12.00;81.75;14.25;0;11.80;14.39;44.18;53.77;2.31;69186.00;14.00;14.00;37.00;4523.20;1003.92;39.06;3.00;1;0;1;0;0;1;0;0;1;0;0;1;1;0;0;0;0;0
860746;1.38;0.97;8.00;1296.00;12.00;82.50;13.50;0;11.82;14.39;26.58;26.09;2.31;69186.00;9.00;9.00;38.00;4523.00;1003.92;624.99;2.00;1;0;1;0;0;1;0;0;1;0;0;1;1;0;0;0;0;0
862200;1.84;0.95;5.00;1253.00;12.00;82.50;12.00;0.78;12.52;14.39;12.46;11.13;2.31;69186.00;5.00;5.00;44.00;4539.20;1003.92;78.12;1;1;0;1;0;0;1;0;0;1;0;0;1;1;0;0;0;0;0
863704;1.37;1.00;6.00;1380.00;12.00;82.50;14.25;0;11.82;14.39;124.80;150.48;2.31;69186.00;6.00;6.00;36.00;4464.00;1003.92;898.43;1;1;0;1;0;0;1;0;0;1;0;0;1;1;0;0;0;0;0
865281;1.42;0.97;0;1206.00;12.00;82.50;19.50;0;12.55;14.30;84.53;87.20;2.58;69186.00;0;0;35.00;4507.40;1003.92;839.83;1;1;0;1;0;0;1;0;0;1;0;0;1;1;0;0;0;0;0
866785;1.35;0.92;0;1201.00;12.00;82.50;20.25;0;12.77;14.30;36.31;37.40;2.58;69186.00;0;0;37.00;4497.00;1003.92;19.53;1;1;0;1;0;0;1;0;0;1;0;0;1;1;0;0;0;0;0
868272;1.37;0.98;0;1219.00;12.00;83.25;18.00;0;12.62;14.30;21.76;31.52;2.58;69186.00;0;0;38.00;4499.20;1003.92;39.06;1;1;0;1;0;0;1;0;0;1;0;0;1;1;0;0;0;0;0
869672;1.42;1.02;0;1255.00;12.00;83.25;15.00;0;12.09;14.39;22.67;48.61;2.31;69186.00;0;0;37.00;4518.20;1003.92;410.15;1;1;0;1;0;0;1;0;0;1;0;0;1;1;0;0;1;0;0
871198;1.46;1.00;0;1208.00;12.00;83.25;18.00;0;12.65;14.30;14.08;23.49;2.58;69186.00;0;0;37.00;4506.60;1003.92;800.77;1;1;0;1;1;0;1;0;0;1;0;0;1;1;0;0;0;0;0
872673;1.30;0.96;0;1253.00;12.00;83.25;15.00;0;12.04;14.39;7.15;10.02;2.31;69186.00;0;0;37.00;4504.20;1003.92;97.66;1;1;0;1;0;0;1;0;0;1;0;0;1;1;0;0;0;0;0
874195;1.38;0.98;0;1235.00;12.00;84.00;17.25;0;12.60;14.39;104.90;52.75;2.31;69186.00;0;0;40.00;4525.80;1003.92;58.59;1;1;0;1;0;0;1;0;0;1;0;0;1;1;0;0;0;0;0
875583;1.50;1.03;0;1255.00;12.00;84.00;15.00;0;12.22;14.30;171.59;141.38;2.58;69186.00;0;0;39.00;4513.20;1003.92;820.30;1;1;0;1;0;0;1;0;0;1;0;0;1;1;0;0;0;0;0
876909;1.40;0.98;0;1243.00;12.00;84.00;15.75;0;12.34;14.39;162.10;223.66;2.31;69186.00;0;0;39.00;4513.00;1003.92;585.93;1;1;0;1;0;0;1;0;0;1;0;0;1;1;0;0;0;0;0
878423;1.38;1.00;0;1309.00;12.00;84.00;12.00;0;11.74;14.39;119.17;223.74;2.31;69186.00;0;0;38.00;4521.20;1003.92;78.12;1;1;0;1;0;0;1;0;0;1;0;0;1;1;0;0;0;0;0
879793;1.41;1.03;0;1295.00;12.00;84.00;12.00;0;11.63;14.30;84.21;157.26;2.58;69186.00;0;0;37.00;4518.20;1003.92;878.90;1;1;0;1;0;0;1;0;0;1;0;0;1;1;0;0;0;0;0
881379;1.33;0.99;0;1283.00;12.00;84.00;12.75;0;11.69;14.39;45.47;71.32;2.31;69186.00;0;0;37.00;4513.20;1003.92;839.83;1;1;0;1;0;0;1;0;0;1;0;0;1;1;0;0;0;0;0
882808;1.38;0.96;0;1229.00;12.00;84.75;16.50;0;12.35;14.39;22.89;32.28;2.31;69186.00;0;0;38.00;4504.20;1003.92;58.59;1;1;0;1;0;0;1;0;0;1;0;0;1;1;0;0;0;0;0
884308;3.78;0.98;0;2257.00;12.00;84.75;21.00;10.59;29.65;14.11;18.91;12.30;2.58;69186.00;0;0;41.00;4560.80;1003.92;234.37;1;1;0;1;0;0;1;0;0;1;0;0;1;1;0;0;0;0;0
885873;3.30;0.97;25.00;2848.00;12.00;84.00;28.50;10.59;26.72;14.11;4.30;3.44;2.58;69186.00;25.00;26.00;41.00;4500.20;1003.92;820.30;1;1;0;1;0;0;1;0;0;1;0;0;1;1;0;0;0;0;0
887394;0;1.00;41.00;4358.00;12.00;84.00;42.00;0;4.55;14.02;3.16;2.38;2.58;69186.00;40.00;41.00;41.00;4445.60;1003.92;820.30;1;1;0;1;0;0;1;0;0;1;0;0;1;1;0;0;0;0;0
888861;6.08;1.00;55.00;4312.00;12.00;83.25;21.75;31.77;43.52;14.02;204.23;118.39;2.58;69186.00;53.00;56.00;42.00;4674.80;1003.92;156.25;2.00;1;0;1;0;0;1;0;0;1;0;0;1;1;0;0;0;0;0
890370;4.59;0.93;66.00;4042.00;12.00;82.50;27.75;22.36;37.32;14.02;269.42;98.26;2.58;69186.00;65.00;66.00;42.00;4561.60;1003.92;156.25;3.00;1;0;1;0;0;1;0;0;1;0;0;1;1;0;0;0;0;0
891748;4.70;1.08;76.00;4671.00;12.00;81.75;33.00;22.36;33.44;14.02;312.28;248.19;2.58;69186.00;75.00;76.00;43.00;4459.80;1003.84;917.96;3.00;1;0;1;0;0;1;0;0;0;0;0;1;1;0;0;0;0;0
893346;4.53;0.94;85.00;4390.00;12.00;81.00;28.50;24.32;35.72;14.02;350.86;325.84;2.58;69186.00;83.00;85.00;43.00;4472.80;1003.88;917.96;4.00;1;0;1;0;0;1;0;0;0;0;0;1;1;0;0;0;0;0
894675;4.72;0.94;90.00;4182.00;12.00;80.25;26.25;23.92;37.65;14.02;103.59;181.36;2.58;69186.00;89.00;91.00;44.00;4508.20;1003.69;917.96;5.00;1;0;1;0;0;1;0;0;0;0;0;1;1;0;0;0;0;0
896184;3.38;0.93;93.00;3981.00;12.00;80.25;34.50;15.30;27.89;14.02;8.65;14.45;2.58;69186.00;92.00;94.00;44.00;4505.80;1003.69;703.12;6.00;1;0;1;0;0;1;0;0;0;0;0;1;1;0;0;0;0;0
897601;2.68;0.97;95.00;4039.00;12.00;80.25;40.50;9.41;21.72;14.11;2.36;3.16;2.58;69186.00;95.00;96.00;44.00;4503.80;1003.80;839.83;6.00;1;0;1;0;0;1;0;0;0;0;0;1;1;0;0;0;0;0
899006;1.98;0.91;95.00;4018.00;12.00;80.25;44.25;6.67;17.80;14.02;1.86;0.76;2.58;69187.00;95.00;95.00;44.00;4497.20;1003.72;820.30;6.00;1;0;1;0;0;1;0;0;0;0;0;1;1;0;0;0;0;0
900380;1.77;0.91;93.00;3996.00;12.00;81.00;44.25;5.88;15.56;14.02;17.56;7.15;2.58;69187.00;94.00;94.00;43.00;4498.40;1003.65;800.77;6.00;1;0;1;0;0;1;0;0;0;0;0;1;1;0;0;0;0;0
901736;1.39;0.88;92.00;3907.00;12.00;81.00;44.25;4.71;12.50;14.11;221.82;164.70;2.58;69187.00;92.00;92.00;43.00;4504.60;1003.69;878.90;6.00;1;0;1;0;0;1;0;0;0;0;0;1;1;0;0;0;0;0
903243;1.97;0.94;91.00;3865.00;12.00;81.00;43.50;6.28;16.53;14.02;262.56;229.17;2.58;69187.00;91.00;92.00;43.00;4512.80;1003.80;761.71;6.00;1;0;1;0;0;1;0;0;0;0;0;1;1;0;0;0;0;0
904727;2.35;0.95;91.00;3890.00;12.00;81.00;41.25;7.84;19.63;14.02;320.96;326.09;2.58;69187.00;90.00;91.00;43.00;4523.60;1003.84;664.05;6.00;1;0;1;0;0;1;0;0;0;0;0;1;1;0;0;0;0;0
906140;2.60;0.90;92.00;3929.00;12.00;81.00;39.00;9.81;22.54;14.02;293.34;259.67;2.58;69187.00;91.00;93.00;43.00;4519.00;1003.88;820.30;6.00;1;0;1;0;0;1;0;0;0;0;0;1;1;0;0;0;0;0
907692;3.11;0.95;93.00;3951.00;12.00;81.00;36.75;12.16;25.34;14.02;215.38;240.73;2.58;69187.00;93.00;93.00;43.00;4509.00;1003.88;546.87;6.00;1;0;1;0;0;1;0;0;0;0;0;1;1;0;0;0;0;0
909164;2.62;0.88;95.00;4030.00;12.00;81.00;39.75;10.20;23.09;14.11;225.36;230.81;2.58;69187.00;93.00;95.00;43.00;4511.40;1003.88;820.30;6.00;1;0;1;0;0;1;0;0;0;0;0;0;1;0;0;0;0;0
910740;2.53;0.98;95.00;4039.00;12.00;81.00;42.00;8.63;20.22;13.92;321.52;288.50;2.82;69187.00;95.00;96.00;43.00;4501.60;1003.88;839.83;6.00;1;0;1;0;0;1;0;0;0;0;0;1;1;0;0;0;0;0
912135;2.21;0.93;95.00;4004.00;12.00;81.00;43.50;7.45;18.84;14.02;321.50;160.46;2.58;69187.00;93.00;95.00;43.00;4496.60;1003.88;878.90;6.00;1;0;1;0;0;1;0;0;0;0;0;1;1;0;0;0;0;0
913604;3.11;0.91;95.00;4024.00;12.00;81.00;36.75;13.33;26.29;14.02;173.23;266.12;2.58;69187.00;94.00;96.00;43.00;4526.80;1003.88;175.78;6.00;1;0;1;0;0;1;0;0;0;0;0;1;1;0;0;0;0;0
915129;2.70;0.99;97.00;4140.00;12.00;81.00;40.50;9.41;21.71;13.83;250.90;281.25;2.82;69187.00;96.00;98.00;43.00;4497.60;1003.88;878.90;6.00;1;0;1;0;0;1;0;0;0;0;0;1;1;0;0;0;0;0
916588;2.33;0.98;96.00;4073.00;12.00;81.00;43.50;7.45;18.71;13.92;290.86;346.35;2.82;69187.00;97.00;96.00;43.00;4524.80;1003.92;878.90;6.00;1;0;1;0;0;1;0;0;0;0;0;1;1;0;0;0;0;0
918040;2.56;0.90;97.00;4106.00;12.00;81.00;40.50;9.81;22.34;14.02;225.98;264.73;2.58;69187.00;95.00;97.00;43.00;4525.00;1004.00;585.93;6.00;1;0;1;0;0;1;0;0;0;0;0;1;1;0;0;0;0;0
919482;2.71;0.92;97.00;4115.00;12.00;81.00;39.75;10.20;22.99;14.02;177.66;207.66;2.58;69187.00;97.00;98.00;43.00;4523.60;1004.15;97.66;6.00;1;0;1;0;0;1;0;0;0;0;0;0;1;0;0;0;0;0
920930;2.67;0.93;98.00;4164.00;11.25;81.00;40.50;9.81;22.38;14.02;238.11;231.94;2.58;69187.00;97.00;98.00;43.00;4504.40;1004.19;546.87;6.00;1;0;1;0;0;1;0;0;0;0;0;1;1;0;0;0;0;0
922509;2.48;0.92;98.00;4176.00;11.25;81.00;42.00;9.02;21.15;14.02;318.18;312.38;2.58;69187.00;98.00;99.00;43.00;4519.60;1004.54;136.72;6.00;1;0;1;0;0;1;0;0;0;0;0;1;1;0;0;0;0;0
923933;2.38;0.89;98.00;4175.00;11.25;81.00;41.25;9.02;21.06;14.02;291.70;214.69;2.58;69187.00;98.00;99.00;43.00;4505.00;1004.62;839.83;6.00;1;0;1;0;0;1;0;0;0;0;0;1;1;0;0;0;0;0
925425;1.15;1.01;97.00;4134.00;11.25;81.00;46.50;3.53;10.60;14.02;218.09;149.31;2.58;69187.00;98.00;98.00;43.00;4501.00;1004.94;898.43;6.00;1;0;1;0;0;1;0;0;0;0;0;1;1;0;0;0;0;0
926811;1.47;0.95;93.00;4011.00;11.25;81.00;45.00;4.71;12.11;14.02;258.99;305.02;2.58;69187.00;94.00;94.00;43.00;4495.20;1004.90;839.83;6.00;1;0;1;0;0;1;0;0;0;0;0;1;1;0;0;0;0;0
928177;1.54;0.88;92.00;3926.00;11.25;81.00;45.00;5.10;13.90;14.11;304.98;316.15;2.58;69187.00;92.00;93.00;43.00;4510.60;1005.05;722.65;6.00;1;0;1;0;0;1;0;0;0;0;0;1;1;0;0;0;0;0
929681;0.55;1.00;88.00;3743.00;11.25;81.00;-30.00;0;0;14.11;249.24;214.46;2.58;69187.00;89.00;88.00;43.00;4567.40;1005.09;0;6.00;1;0;1;0;0;1;0;0;0;0;0;1;1;0;0;0;0;0
931131;0.59;1.00;81.00;3423.00;11.25;81.00;-30.00;0;0;14.11;193.66;188.27;2.58;69187.00;81.00;81.00;43.00;4569.20;1005.13;0;6.00;1;0;1;0;0;1;0;0;0;0;0;1;1;0;0;0;0;0
932633;0.65;1.00;75.00;3155.00;11.25;81.00;-30.00;0;0;14.11;334.98;317.28;2.58;69187.00;75.00;75.00;43.00;4558.60;1005.13;0;6.00;1;0;1;0;0;1;0;0;0;0;0;1;1;0;0;0;0;0
934094;0.67;1.00;68.00;2878.00;11.25;81.75;-30.00;0;0;14.11;322.26;334.86;2.58;69187.00;69.00;68.00;43.00;4601.40;1005.13;0;6.00;1;0;1;0;0;1;0;0;0;0;0;1;1;0;0;0;0;0
935443;0.71;1.00;63.00;2707.00;11.25;81.00;-30.00;0;0;14.11;325.78;342.40;2.58;69187.00;63.00;63.00;43.00;4558.20;1005.13;0;6.00;1;0;1;0;0;1;0;0;0;0;0;1;1;0;0;0;0;0
938151;0.88;1.00;55.00;2340.00;12.00;81.00;15.00;0;11.83;14.11;146.77;159.50;2.58;69188.00;54.00;55.00;35.00;4517.00;1005.29;39.06;6.00;1;0;1;0;0;1;0;0;1;0;0;1;1;0;0;0;0;0
939590;1.46;1.01;51.00;2103.00;12.00;81.00;18.00;1.57;10.33;14.11;94.15;102.75;2.58;69188.00;51.00;50.00;43.00;4485.40;1005.44;898.43;5.00;1;0;1;0;0;1;0;0;1;0;0;0;1;0;0;0;0;0
941022;2.64;0.96;53.00;2449.00;12.00;81.00;24.75;5.88;21.12;14.11;185.30;266.39;2.58;69188.00;53.00;54.00;43.00;4499.00;1005.87;624.99;5.00;1;0;1;0;0;1;0;0;1;0;0;1;1;0;0;0;0;0
942593;2.46;1.00;56.00;2572.00;12.00;81.00;27.00;5.10;19.17;14.11;183.74;287.89;2.58;69188.00;55.00;56.00;43.00;4503.60;1005.79;781.24;5.00;1;0;1;0;0;1;0;0;1;0;0;1;1;0;0;0;0;0
943991;2.12;0.97;57.00;2639.00;12.00;81.75;27.75;4.31;16.98;14.11;299.41;330.53;2.58;69188.00;57.00;57.00;43.00;4519.60;1005.79;800.77;5.00;1;0;1;0;0;1;0;0;1;0;0;1;1;0;0;0;0;0
945556;3.75;0.98;62.00;2871.00;12.00;81.75;24.75;16.86;30.62;14.11;339.92;332.19;2.58;69188.00;61.00;62.00;43.00;4541.20;1005.91;820.30;5.00;1;0;1;0;0;1;0;0;0;0;0;1;1;0;0;0;0;0
946988;1.82;0.96;65.00;2988.00;12.00;81.75;33.75;4.71;15.53;14.11;339.22;341.52;2.58;69188.00;64.00;65.00;43.00;4537.40;1005.76;820.30;5.00;1;0;1;0;0;1;0;0;0;0;0;1;1;0;0;0;0;0
948545;2.65;1.00;67.00;3101.00;12.00;81.75;33.75;7.84;21.66;14.11;115.79;141.63;2.58;69188.00;67.00;67.00;43.00;4535.80;1005.64;859.36;5.00;1;0;1;0;0;1;0;0;0;0;0;1;1;0;0;0;0;0
949891;3.10;0.99;70.00;3247.00;12.00;81.75;32.25;10.20;24.79;14.02;243.56;296.68;2.58;69188.00;70.00;70.00;43.00;4513.60;1005.72;781.24;5.00;1;0;1;0;0;1;0;0;0;0;0;1;1;0;0;0;0;0
951342;1.59;0.92;71.00;3284.00;12.00;81.75;38.25;4.31;14.27;14.02;323.20;344.84;2.58;69188.00;71.00;72.00;43.00;4512.20;1005.52;839.83;5.00;1;0;1;0;0;1;0;0;0;0;0;1;1;0;0;0;0;0
952855;3.12;0.95;73.00;3366.00;12.00;82.50;33.00;10.59;24.26;14.02;328.16;321.41;2.58;69188.00;73.00;73.00;42.00;4504.20;1005.72;605.46;5.00;1;0;1;0;0;1;0;0;0;0;0;1;1;0;0;0;0;0
954366;2.61;0.99;75.00;3183.00;12.00;82.50;31.50;7.06;20.00;14.02;273.87;189.85;2.58;69188.00;75.00;75.00;42.00;4324.40;1005.64;859.36;6.00;1;0;1;0;0;1;0;0;0;0;0;1;1;0;0;0;0;0
955882;1.70;0.95;75.00;3205.00;12.00;82.50;36.75;4.31;14.62;14.02;330.49;277.78;2.58;69188.00;75.00;76.00;42.00;4503.80;1005.56;898.43;6.00;1;0;1;0;0;1;0;0;0;0;0;1;1;0;0;0;0;0
957352;2.32;0.92;77.00;3286.00;12.00;82.50;36.00;7.06;19.91;14.02;355.72;324.88;2.58;69188.00;77.00;77.00;42.00;4536.40;1005.40;312.50;6.00;1;0;1;0;0;1;0;0;0;0;0;1;1;0;0;0;0;0
958776;1.87;0.95;77.00;3278.00;12.00;82.50;38.25;5.10;15.88;14.02;312.40;341.46;2.58;69188.00;77.00;77.00;42.00;4511.20;1005.40;761.71;6.00;1;0;1;0;0;1;0;0;0;0;0;1;1;0;0;0;0;0
960226;2.01;0.91;76.00;3236.00;12.00;83.25;37.50;5.49;16.80;14.02;333.73;315.23;2.58;69188.00;76.00;76.00;42.00;4494.80;1005.48;878.90;6.00;1;0;1;0;0;1;0;0;0;0;0;1;1;0;0;0;0;0
961694;2.90;0.95;78.00;3344.00;12.00;83.25;33.75;10.20;23.95;14.02;337.32;351.11;2.58;69188.00;78.00;79.00;42.00;4513.40;1005.64;800.77;6.00;1;0;1;0;0;1;0;0;0;0;0;1;1;0;0;0;0;0
963280;1.75;1.00;80.00;3420.00;12.00;83.25;39.00;4.71;14.35;14.02;346.79;341.42;2.58;69188.00;80.00;81.00;42.00;4540.00;1005.36;878.90;6.00;1;0;1;0;0;1;0;0;0;0;0;1;1;0;0;0;0;0
964712;1.74;0.93;78.00;3343.00;12.00;83.25;38.25;5.10;15.06;14.02;346.40;329.12;2.58;69188.00;78.00;79.00;42.00;4508.00;1005.44;800.77;6.00;1;0;1;0;0;1;0;0;0;0;0;1;1;0;0;0;0;0
966187;1.31;0.90;77.00;3281.00;12.00;83.25;38.25;3.53;11.74;13.92;293.89;324.14;2.82;69188.00;77.00;77.00;42.00;4524.20;1005.40;39.06;6.00;1;0;1;0;0;1;0;0;0;0;0;1;1;0;0;0;0;0
967666;1.60;0.90;76.00;3232.00;12.00;83.25;37.50;4.31;14.39;14.11;328.06;353.02;2.58;69188.00;77.00;77.00;42.00;4516.60;1005.52;97.66;6.00;1;0;1;0;0;1;0;0;0;0;0;1;1;0;0;0;0;0
969050;1.62;0.91;75.00;3215.00;12.00;83.25;36.75;4.31;14.25;14.02;330.10;335.25;2.58;69188.00;75.00;75.00;42.00;4510.20;1005.56;156.25;6.00;1;0;1;0;0;1;0;0;0;0;0;1;1;0;0;0;0;0
970568;1.53;0.94;73.00;3142.00;12.00;82.50;36.00;3.92;13.79;14.11;324.02;305.29;2.58;69188.00;73.00;74.00;42.00;4529.00;1005.68;390.62;6.00;1;0;1;0;0;1;0;0;0;0;0;1;1;0;0;0;0;0
972073;1.93;0.92;71.00;3096.00;12.00;82.50;35.25;4.71;14.24;13.92;271.23;224.44;2.82;69188.00;72.00;72.00;42.00;4497.80;1005.64;878.90;6.00;1;0;1;0;0;1;0;0;0;0;0;1;1;0;0;0;0;0
973502;1.87;0.92;72.00;3073.00;12.00;82.50;35.25;5.10;16.32;14.02;331.39;308.05;2.58;69188.00;72.00;72.00;42.00;4518.80;1005.56;58.59;6.00;1;0;1;0;0;1;0;0;0;0;0;1;1;0;0;0;0;0
974977;1.34;0.94;71.00;3049.00;12.00;82.50;34.50;3.14;11.47;14.02;329.12;336.72;2.58;69188.00;72.00;72.00;42.00;4531.40;1005.60;527.34;6.00;1;0;1;0;0;1;0;0;0;0;0;1;1;0;0;0;0;0
976460;2.09;0.97;71.00;2998.00;12.00;82.50;34.50;5.49;17.24;14.11;104.66;123.00;2.58;69188.00;71.00;71.00;42.00;4512.20;1005.33;742.18;6.00;1;0;1;0;0;1;0;0;0;0;0;1;1;0;0;0;0;0
977823;1.18;0.94;70.00;2982.00;12.00;82.50;33.75;2.35;10.29;14.02;222.58;134.52;2.58;69188.00;70.00;70.00;42.00;4513.40;1005.36;703.12;6.00;1;0;1;0;0;1;0;0;0;0;0;1;1;0;0;0;0;0
979313;2.01;0.92;67.00;2907.00;12.00;82.50;32.25;5.49;17.52;14.11;292.64;289.32;2.58;69188.00;67.00;68.00;42.00;4501.00;1005.44;58.59;6.00;1;0;1;0;0;1;0;0;0;0;0;1;1;0;0;0;0;0
980709;2.08;0.95;68.00;2909.00;12.00;82.50;33.00;5.49;17.51;14.02;311.41;301.86;2.58;69188.00;69.00;69.00;42.00;4523.40;1005.68;468.74;6.00;1;0;1;0;0;1;0;0;0;0;0;1;1;0;0;0;0;0
982192;1.40;0.95;68.00;2919.00;12.00;82.50;33.00;3.14;11.92;14.02;261.39;241.18;2.58;69188.00;69.00;69.00;42.00;4528.20;1005.79;468.74;6.00;1;0;1;0;0;1;0;0;0;0;0;1;1;0;0;0;0;0
983640;1.39;0.95;67.00;2858.00;12.00;82.50;32.25;2.75;11.77;14.11;192.98;183.09;2.58;69188.00;68.00;68.00;42.00;4515.00;1005.79;449.21;6.00;1;0;1;0;0;1;0;0;0;0;0;1;1;0;0;0;0;0
985079;1.24;0.94;66.00;2806.00;12.00;82.50;31.50;2.35;10.73;14.11;289.53;285.55;2.58;69188.00;66.00;67.00;42.00;4512.40;1005.83;859.36;6.00;1;0;1;0;0;1;0;0;0;0;0;1;1;0;0;0;0;0
986608;1.18;0.93;65.00;2715.00;12.00;82.50;29.25;2.35;10.18;14.11;320.62;347.15;2.58;69188.00;65.00;65.00;42.00;4497.60;1005.91;117.19;6.00;1;0;1;0;0;1;0;0;0;0;0;1;1;0;0;0;0;0
987946;1.91;0.98;65.00;2756.00;12.00;82.50;30.75;4.31;15.56;14.11;342.48;326.05;2.58;69189.00;65.00;65.00;42.00;4505.60;1006.11;781.24;6.00;1;0;1;0;0;1;0;0;0;0;0;1;1;0;0;0;0;0
989449;1.64;0.93;67.00;2836.00;12.00;82.50;31.50;3.92;14.12;13.92;219.13;334.98;2.82;69189.00;67.00;67.00;42.00;4513.00;1006.19;410.15;6.00;1;0;1;0;0;1;0;0;0;0;0;1;1;0;0;0;0;0
990802;1.19;0.94;67.00;2812.00;12.00;82.50;31.50;2.35;10.33;14.11;291.62;335.02;2.58;69189.00;67.00;67.00;42.00;4523.80;1006.26;722.65;6.00;1;0;1;0;0;1;0;0;0;0;0;1;1;0;0;0;0;0
992257;0.74;1.00;63.00;2701.00;12.00;82.50;-30.00;0;0;14.21;344.61;349.41;2.58;69189.00;64.00;64.00;42.00;4526.20;1006.30;39.06;6.00;1;0;1;0;0;1;0;0;0;0;0;1;1;0;0;0;0;0
993819;2.57;0.96;62.00;2663.00;12.00;82.50;18.75;6.67;18.97;14.11;129.31;353.57;2.58;69189.00;63.00;63.00;42.00;4452.40;1006.34;605.46;6.00;1;0;1;0;0;1;0;0;0;0;0;1;1;0;0;0;0;0
995395;2.32;0.99;66.00;2798.00;12.00;82.50;30.75;5.88;18.95;14.11;95.01;280.98;2.58;69189.00;66.00;66.00;42.00;4513.60;1006.34;859.36;6.00;1;0;1;0;0;1;0;0;0;0;0;1;1;0;0;0;0;0
996858;2.14;0.95;67.00;2862.00;12.00;82.50;32.25;5.49;18.00;14.11;297.64;341.62;2.58;69189.00;67.00;67.00;42.00;4522.00;1006.34;839.83;6.00;1;0;1;0;0;1;0;0;0;0;0;1;1;0;0;0;0;0
998291;1.86;0.94;67.00;2844.00;12.00;82.50;31.50;4.71;15.97;14.02;338.47;344.82;2.58;69189.00;67.00;67.00;42.00;4511.00;1006.34;332.03;6.00;1;0;1;0;0;1;0;0;0;0;0;1;1;0;0;0;0;0
999793;2.45;0.97;66.00;2842.00;12.00;82.50;31.50;6.28;19.81;14.02;338.22;330.27;2.58;69189.00;66.00;67.00;42.00;4495.80;1006.34;781.24;6.00;1;0;1;0;0;1;0;0;0;0;0;1;1;0;0;0;0;0
1001260;2.28;0.95;66.00;2834.00;12.00;82.50;31.50;6.28;19.26;14.11;217.13;280.43;2.58;69189.00;66.00;67.00;42.00;4508.40;1006.34;585.93;6.00;1;0;1;0;0;1;0;0;0;0;0;1;1;0;0;0;0;0
1002668;1.50;0.99;66.00;2779.00;12.00;82.50;30.75;3.14;12.37;14.11;316.62;316.85;2.58;69189.00;66.00;66.00;42.00;4533.60;1006.34;761.71;6.00;1;0;1;0;0;1;0;0;0;0;0;1;1;0;0;0;0;0
1004043;2.93;0.97;66.00;2801.00;12.00;82.50;29.25;9.02;23.51;14.11;343.83;331.29;2.58;69189.00;65.00;66.00;42.00;4515.20;1006.34;722.65;6.00;1;0;1;0;0;1;0;0;0;0;0;1;1;0;0;0;0;0
1005497;2.66;0.96;66.00;2838.00;12.00;82.50;30.75;7.84;22.11;14.02;329.08;329.20;2.58;69189.00;66.00;67.00;42.00;4505.40;1006.34;839.83;6.00;1;0;1;0;0;1;0;0;0;0;0;1;1;0;0;0;0;0
1006845;2.58;0.95;67.00;2891.00;12.00;82.50;31.50;7.84;21.83;14.02;300.94;285.45;2.58;69189.00;67.00;68.00;42.00;4511.40;1006.34;781.24;6.00;1;0;1;0;0;1;0;0;0;0;0;1;1;0;0;0;0;0
1008215;2.64;0.94;68.00;2917.00;12.00;82.50;31.50;8.24;22.38;14.11;313.09;319.69;2.58;69189.00;68.00;69.00;42.00;4533.00;1006.34;117.19;6.00;1;0;1;0;0;1;0;0;0;0;0;1;1;0;0;0;0;0
1009583;1.90;0.99;68.00;2908.00;12.00;82.50;32.25;4.71;15.34;14.11;324.90;354.57;2.58;69189.00;68.00;68.00;42.00;4495.80;1006.34;898.43;6.00;1;0;1;0;0;1;0;0;0;0;0;1;1;0;0;0;0;0
1011001;2.30;0.92;68.00;2916.00;12.00;82.50;33.00;6.67;20.18;14.02;316.11;313.73;2.58;69189.00;68.00;69.00;42.00;4521.20;1006.34;78.12;6.00;1;0;1;0;0;1;0;0;0;0;0;1;1;0;0;0;0;0
1012459;1.26;1.00;68.00;2898.00;12.00;83.25;32.25;2.75;10.71;14.02;280.63;231.84;2.58;69189.00;67.00;68.00;42.00;4529.20;1006.26;839.83;6.00;1;0;1;0;0;1;0;0;0;0;0;1;1;0;0;0;0;0
1013997;2.30;0.92;66.00;2808.00;12.00;83.25;31.50;6.28;19.78;14.11;292.01;289.69;2.58;69189.00;66.00;66.00;42.00;4504.40;1006.26;78.12;6.00;1;0;1;0;0;1;0;0;0;0;0;1;1;0;0;0;0;0
1015431;2.54;0.93;67.00;2852.00;12.00;83.25;30.75;7.45;21.73;14.11;340.43;347.40;2.58;69189.00;67.00;67.00;42.00;4522.40;1006.07;117.19;6.00;1;0;1;0;0;1;0;0;0;0;0;1;1;0;0;0;0;0
1016877;1.96;0.98;67.00;2871.00;12.00;83.25;32.25;5.49;17.34;14.11;303.24;301.70;2.58;69189.00;67.00;68.00;42.00;4551.40;1005.83;839.83;6.00;1;0;1;0;0;1;0;0;0;0;0;1;1;0;0;0;0;0
1018302;2.82;1.00;65.00;2556.00;12.00;83.25;18.00;5.10;14.98;14.11;287.52;264.81;2.58;69189.00;65.00;65.00;42.00;4280.20;1005.68;878.90;5.00;1;0;1;0;0;1;0;0;0;0;0;1;1;0;0;0;0;0
1019793;0.78;0.99;62.00;2890.00;12.00;83.25;32.25;0.39;6.77;14.11;290.94;269.18;2.58;69189.00;63.00;63.00;42.00;4516.20;1005.40;898.43;5.00;1;0;1;0;0;1;0;0;0;0;0;1;1;0;0;0;0;0
1021287;2.77;1.00;60.00;2782.00;12.00;83.25;30.75;7.06;21.34;14.11;327.32;342.95;2.58;69189.00;61.00;61.00;42.00;4487.40;1005.25;839.83;5.00;1;0;1;0;0;1;0;0;0;0;0;1;1;0;0;0;0;0
1022735;2.18;0.92;61.00;2846.00;12.00;83.25;31.50;6.28;19.05;14.21;348.69;329.10;2.58;69189.00;61.00;62.00;42.00;4500.80;1005.21;878.90;5.00;1;0;1;0;0;1;0;0;0;0;0;1;1;0;0;0;0;0
1024033;2.75;0.93;63.00;2945.00;12.00;83.25;31.50;9.41;23.75;13.92;220.44;287.62;2.82;69189.00;63.00;64.00;42.00;4530.20;1005.17;117.19;5.00;1;0;1;0;0;1;0;0;0;0;0;1;1;0;0;0;0;0
1025506;2.27;0.99;63.00;2931.00;12.00;83.25;33.00;5.88;18.23;14.11;249.85;280.92;2.58;69189.00;62.00;64.00;42.00;4509.80;1005.17;859.36;5.00;1;0;1;0;0;1;0;0;0;0;0;1;1;0;0;0;0;0
1026939;1.74;0.96;61.00;2823.00;12.00;83.25;31.50;4.31;13.32;14.02;342.81;344.24;2.58;69189.00;60.00;61.00;42.00;4496.00;1005.17;664.05;5.00;1;0;1;0;0;1;0;0;0;0;0;1;1;0;0;0;0;0
1028451;1.93;0.97;58.00;2747.00;12.00;83.25;30.00;4.71;15.89;14.02;348.94;324.80;2.58;69189.00;59.00;59.00;42.00;4512.00;1005.17;742.18;5.00;1;0;1;0;0;1;0;0;0;0;0;1;1;0;0;0;0;0
1029975;2.55;0.96;57.00;2660.00;12.00;83.25;28.50;7.06;21.11;14.21;335.56;199.60;2.58;69189.00;58.00;58.00;42.00;4492.40;1004.90;624.99;5.00;1;0;1;0;0;1;0;0;0;0;0;1;1;0;0;0;0;0
1031349;2.50;0.97;58.00;2701.00;12.00;83.25;29.25;6.67;20.63;14.11;350.43;250.84;2.58;69189.00;58.00;59.00;42.00;4516.80;1004.90;644.52;5.00;1;0;1;0;0;1;0;0;0;0;0;1;1;0;0;0;0;0
1032859;2.64;1.00;56.00;3002.00;12.00;83.25;33.75;5.88;19.75;14.11;328.61;297.11;2.58;69189.00;56.00;56.00;42.00;4324.20;1004.62;878.90;4.00;1;0;1;0;0;1;0;0;1;0;0;1;1;0;0;0;0;0
1034331;3.93;1.00;58.00;3049.00;12.00;83.25;29.25;13.33;29.06;14.02;340.39;329.67;2.58;69189.00;58.00;59.00;42.00;4496.40;1004.27;820.30;4.00;1;0;1;0;0;1;0;0;0;0;0;1;1;0;0;0;0;0
1035840;5.68;1.00;68.00;3563.00;12.00;83.25;17.25;28.24;40.15;14.02;286.95;298.97;2.58;69189.00;67.00;69.00;42.00;4598.40;1004.04;878.90;4.00;1;0;1;0;0;1;0;0;0;0;0;1;1;0;0;0;0;0
1037363;1.78;1.00;70.00;2977.00;12.00;82.50;33.00;1.57;0;14.11;335.10;335.10;2.58;69189.00;70.00;69.00;42.00;4202.00;1003.96;878.90;5.00;1;0;1;0;0;1;0;0;0;0;0;1;1;0;0;0;0;0
1038788;2.30;0.91;71.00;3250.00;12.00;82.50;36.00;7.06;19.79;14.02;314.06;349.47;2.58;69189.00;70.00;71.00;42.00;4534.00;1003.92;878.90;5.00;1;0;1;0;0;1;0;0;0;0;0;1;1;0;0;0;0;0
1040268;0.66;1.00;65.00;3006.00;12.00;82.50;-30.00;0;0;14.11;322.46;323.46;2.58;69189.00;65.00;65.00;42.00;4603.20;1003.92;0;5.00;1;0;1;0;0;1;0;0;0;0;0;1;1;0;0;0;0;0
1041703;0.73;1.00;57.00;2641.00;12.00;82.50;-30.00;0;0;14.11;329.20;328.10;2.58;69189.00;57.00;57.00;42.00;4437.00;1003.92;0;5.00;1;0;1;0;0;1;0;0;1;0;0;1;1;0;0;0;0;0
1043118;0.86;1.00;51.00;2367.00;12.00;82.50;15.75;0;11.70;14.11;182.92;192.06;2.58;69190.00;51.00;51.00;36.00;4480.60;1003.92;820.30;5.00;1;0;1;0;0;1;0;0;1;0;0;1;1;0;0;0;0;0
1044650;2.21;0.96;51.00;2696.00;12.00;82.50;29.25;4.71;18.10;14.11;213.21;243.68;2.58;69190.00;51.00;52.00;42.00;4506.80;1003.88;683.59;4.00;1;0;1;0;0;1;0;0;1;0;0;1;1;0;0;0;0;0
1045942;1.02;1.00;50.00;2562.00;12.00;82.50;27.00;0.39;12.56;14.21;319.02;217.31;2.58;69190.00;50.00;50.00;42.00;4526.00;1003.80;878.90;4.00;1;0;1;0;0;1;0;0;1;0;0;1;1;0;0;0;0;0
1047407;2.13;0.94;50.00;2601.00;12.00;82.50;27.00;4.31;17.85;14.11;304.53;209.71;2.58;69190.00;49.00;50.00;42.00;4508.20;1003.84;468.74;4.00;1;0;1;0;0;1;0;0;1;0;0;1;1;0;0;0;0;0
1048814;1.22;0.95;51.00;2668.00;12.00;82.50;28.50;1.96;10.50;14.21;301.33;212.00;2.58;69190.00;51.00;52.00;42.00;4522.40;1003.80;878.90;4.00;1;0;1;0;0;1;0;0;1;0;0;1;1;0;0;0;0;0
1050381;1.03;0.90;48.00;2586.00;12.00;82.50;27.00;1.18;8.79;14.21;344.10;325.84;2.58;69190.00;49.00;49.00;42.00;4524.80;1003.80;800.77;4.00;1;0;1;0;0;1;0;0;1;0;0;1;1;0;0;0;0;0
1051912;1.03;0.89;47.00;2490.00;12.00;82.50;24.75;1.18;8.96;14.11;341.46;345.41;2.58;69190.00;47.00;47.00;42.00;4532.80;1003.80;39.06;4.00;1;0;1;0;0;1;0;0;1;0;0;1;1;0;0;0;0;0
1053285;0.85;1.00;43.00;2272.00;12.00;82.50;15.00;0;11.71;14.21;177.41;163.39;2.58;69190.00;44.00;43.00;35.00;4517.00;1003.84;39.06;4.00;1;0;1;0;0;1;0;0;1;0;0;1;1;0;0;0;0;0
1054820;0.92;1.00;40.00;2039.00;12.00;82.50;14.25;0;11.75;14.21;228.36;247.89;2.58;69190.00;40.00;39.00;35.00;4527.40;1003.88;39.06;4.00;1;0;1;0;0;1;0;0;1;0;0;1;1;0;0;0;0;0
1056232;1.05;1.00;33.00;1780.00;12.00;82.50;13.50;0;11.68;14.30;326.74;320.31;2.58;69190.00;34.00;33.00;35.00;4503.00;1003.88;58.59;4.00;1;0;1;0;0;1;0;0;1;0;0;1;1;0;0;1;0;0
1057757;1.33;1.00;26.00;1291.00;12.00;82.50;13.50;0;11.58;14.39;259.85;269.75;2.31;69190.00;27.00;27.00;35.00;4525.60;1003.88;878.90;3.00;1;0;1;0;0;1;0;0;1;0;0;1;1;0;0;0;0;0
1059147;1.25;0.96;20.00;1278.00;12.00;82.50;13.50;0;11.62;14.49;212.13;264.59;2.31;69190.00;20.00;21.00;35.00;4504.40;1003.88;839.83;3.00;1;0;1;1;0;1;0;0;1;0;0;1;1;0;0;1;0;0
1060620;1.29;0.93;13.00;1267.00;12.00;82.50;15.00;0;11.82;14.39;150.65;198.11;2.31;69190.00;14.00;14.00;36.00;4516.40;1003.88;39.06;2.00;1;0;1;1;0;1;0;0;1;0;0;1;1;0;0;1;0;0
1061955;1.32;0.97;8.00;1277.00;12.00;82.50;14.25;0;11.78;14.49;79.33;118.23;2.31;69190.00;9.00;9.00;36.00;4521.20;1003.88;781.24;1;1;0;1;0;0;1;0;0;1;0;0;1;1;0;0;0;0;0
1063537;1.32;0.95;6.00;1273.00;12.00;82.50;14.25;0;11.83;14.30;38.38;50.80;2.58;69190.00;7.00;7.00;36.00;4508.80;1003.88;820.30;1;1;0;1;0;0;1;0;0;1;0;0;1;1;0;0;0;0;0
1064865;1.35;0.95;0;1231.00;12.00;82.50;18.00;0;12.53;14.49;18.26;22.95;2.31;69190.00;0;0;37.00;4517.80;1003.88;58.59;1;1;0;1;0;0;1;0;0;1;0;0;1;1;0;0;0;0;0
1066358;1.34;0.97;0;1245.00;12.00;82.50;16.50;0;12.32;14.39;7.77;10.29;2.31;69190.00;0;0;37.00;4539.00;1003.88;58.59;1;1;0;1;0;0;1;0;0;1;0;0;1;1;0;0;0;0;0
1067827;1.41;1.01;0;1261.00;12.00;82.50;15.00;0;12.16;14.39;92.26;79.12;2.31;69190.00;0;0;38.00;4506.40;1003.88;878.90;1;1;0;1;0;0;1;0;0;1;0;0;1;1;0;0;0;0;0
1069375;1.32;0.97;0;1249.00;12.00;83.25;15.00;0;12.13;14.49;114.80;106.52;2.31;69190.00;0;0;37.00;4532.00;1003.88;253.90;1;1;0;1;0;0;1;0;0;1;0;0;1;1;0;0;0;0;0
1070876;1.31;0.96;0;1257.00;12.00;83.25;15.00;0;12.00;14.39;53.24;45.78;2.31;69190.00;0;0;36.00;4521.80;1003.88;761.71;1;1;0;1;0;0;1;0;0;1;0;0;0;1;0;0;0;0;0
1072413;1.37;0.96;0;1215.00;12.00;83.25;18.00;0;12.59;14.39;25.99;22.77;2.31;69190.00;0;0;37.00;4503.80;1003.88;78.12;1;1;0;1;0;0;1;0;0;1;0;0;1;1;0;0;0;0;0
1073895;1.37;0.98;0;1309.00;12.00;83.25;12.00;0;11.61;14.30;23.49;44.41;2.58;69190.00;0;0;37.00;4519.40;1003.88;839.83;1;1;0;1;0;0;1;0;0;1;0;0;1;1;0;0;0;0;0
1075327;1.29;0.94;0;1295.00;12.00;84.00;12.00;0;11.58;14.49;10.57;25.88;2.31;69190.00;0;0;37.00;4522.80;1003.88;39.06;1;1;0;1;0;0;1;0;0;1;0;0;1;1;0;0;0;0;0
1076875;1.54;0.97;0;1234.00;12.00;84.00;17.25;0;12.51;14.49;17.66;12.69;2.31;69190.00;0;0;38.00;4509.60;1003.88;488.28;1;1;0;1;0;0;1;0;0;1;0;0;1;1;0;0;0;0;0
1078448;1.36;0.95;0;1234.00;12.00;84.00;16.50;0;12.31;14.39;8.18;7.30;2.31;69190.00;0;0;37.00;4504.60;1003.88;97.66;1;1;0;1;0;0;1;0;0;1;0;0;1;1;0;0;0;0;0
1079964;1.43;0.98;0;1228.00;12.00;84.00;16.50;0;12.36;14.39;3.40;5.10;2.31;69190.00;0;0;37.00;4521.60;1003.88;781.24;1;1;0;1;0;0;1;0;0;1;0;0;1;1;0;0;0;0;0
1081390;1.40;0.97;0;1271.00;12.00;84.00;14.25;0;12.02;14.39;15.14;16.33;2.31;69190.00;0;0;38.00;4523.20;1003.88;761.71;1;1;0;1;1;0;1;0;0;1;0;0;1;1;0;0;1;0;0
1082802;1.31;0.95;0;1266.00;12.00;84.75;12.75;0;11.75;14.39;15.41;16.97;2.31;69190.00;0;0;37.00;4523.00;1003.88;58.59;1;1;0;1;0;0;1;0;0;1;0;0;1;1;0;0;0;0;0
1084265;1.38;0.99;0;1260.00;12.00;84.75;14.25;0;11.98;14.39;12.69;6.82;2.31;69190.00;0;0;37.00;4517.20;1003.88;78.12;1;1;0;1;0;0;1;0;0;1;0;0;1;1;0;0;0;0;0
1085760;1.35;0.98;0;1254.00;12.00;84.75;13.50;0;11.85;14.30;5.68;4.69;2.58;69190.00;0;0;36.00;4525.00;1003.88;800.77;1;1;0;1;0;0;1;0;0;1;0;0;1;1;0;0;0;0;0
1087202;1.42;0.94;0;1276.00;12.75;84.75;12.75;0;11.67;14.39;4.00;3.36;2.31;69190.00;0;0;37.00;4519.60;1003.88;117.19;1;1;0;1;0;0;1;0;0;1;0;0;1;1;0;0;0;0;0
1088634;1.31;0.97;0;1290.00;12.75;84.75;12.00;0;11.55;14.49;3.95;2.97;2.31;69190.00;0;0;37.00;4518.60;1003.88;58.59;1;1;0;1;0;0;1;0;0;1;0;0;1;1;0;0;0;0;0
1089910;1.44;0.97;0;1233.00;12.75;84.75;15.75;0;12.19;14.49;7.21;3.24;2.31;69190.00;0;0;37.00;4519.40;1003.88;839.83;1;1;0;1;0;0;1;0;0;1;0;0;1;1;0;0;0;0;0
1091431;1.32;0.96;0;1279.00;12.75;84.75;12.75;0;11.76;14.39;40.47;42.61;2.31;69190.00;0;0;38.00;4534.80;1003.88;39.06;1;1;0;1;0;0;1;0;0;1;0;0;1;1;0;0;0;0;0
1092990;1.44;1.00;0;1247.00;12.75;84.75;15.00;0;12.08;14.39;84.10;49.84;2.31;69190.00;0;0;37.00;4526.40;1003.88;839.83;1;1;0;1;0;0;1;0;0;1;0;0;1;1;0;0;0;0;0
1094514;1.38;0.95;0;1205.00;12.75;84.75;18.00;0;12.63;14.39;45.31;27.44;2.31;69190.00;0;0;38.00;4516.00;1003.88;605.46;1;1;0;1;1;0;1;0;0;1;0;0;1;1;0;0;1;0;0
1095974;1.30;0.97;0;1285.00;12.75;84.75;12.00;0;11.55;14.30;34.45;13.16;2.58;69190.00;0;0;37.00;4513.20;1003.88;742.18;1;1;0;1;0;0;1;0;0;1;0;0;1;1;0;0;0;0;0
1097489;1.32;0.95;0;1224.00;12.75;84.75;16.50;0;12.22;14.39;14.73;10.19;2.31;69190.00;0;0;36.00;4517.60;1003.88;39.06;1;1;0;1;0;0;1;0;0;1;0;0;1;1;0;0;0;0;0
1098946;1.33;0.96;0;1268.00;12.75;84.75;13.50;0;11.82;14.39;18.83;5.80;2.31;69190.00;0;0;37.00;4527.60;1003.88;97.66;1;1;0;1;0;0;1;0;0;1;0;0;1;1;0;0;0;0;0
1100400;1.48;0.96;0;1149.00;12.75;84.75;22.50;0;13.16;14.49;9.92;2.70;2.31;69190.00;0;0;37.00;4514.40;1003.88;664.05;1;1;0;1;0;0;1;0;0;1;0;0;1;1;0;0;0;0;0
1101925;1.39;0.97;0;1267.00;12.75;84.00;13.50;0;11.84;14.49;12.73;14.67;2.31;69190.00;0;0;37.00;4511.20;1003.88;781.24;1;1;0;1;0;0;1;0;0;1;0;0;1;1;0;0;0;0;0
1103494;1.30;0.95;0;1277.00;12.75;84.00;13.50;0;11.84;14.39;7.34;8.53;2.31;69190.00;0;0;37.00;4529.00;1003.88;234.37;1;1;0;1;1;0;1;0;0;1;0;0;1;1;0;0;1;0;0
1104847;1.26;0.95;0;1323.00;12.75;84.00;11.25;0;11.29;14.39;4.63;5.19;2.31;69190.00;0;0;37.00;4517.00;1003.88;97.66;1;1;0;1;0;0;1;0;0;1;0;0;1;1;0;0;0;0;0
1106401;1.37;0.99;0;1271.00;12.75;84.00;13.50;0;11.88;14.39;8.93;18.30;2.31;69190.00;0;0;37.00;4504.80;1003.88;742.18;1;1;0;1;0;0;1;0;0;1;0;0;1;1;0;0;0;0;0
1107846;1.31;0.95;0;1252.00;12.75;84.00;15.00;0;12.06;14.30;8.48;10.27;2.58;69190.00;0;0;37.00;4512.20;1003.88;39.06;1;1;0;1;0;0;1;0;0;1;0;0;1;1;0;0;0;0;0
1109218;1.40;0.98;0;1237.00;12.75;84.00;17.25;0;12.56;14.39;119.27;110.72;2.31;69190.00;0;0;38.00;4516.40;1003.88;800.77;1;1;0;1;0;0;1;0;0;1;0;0;1;1;0;0;0;0;0
1110771;1.39;0.95;0;1239.00;12.75;84.00;16.50;0;12.50;14.49;102.71;217.43;2.31;69190.00;0;0;38.00;4519.40;1003.88;136.72;1;1;0;1;0;0;1;0;0;1;0;0;1;1;0;0;0;0;0
1112046;1.42;0.97;0;1223.00;12.75;84.00;18.00;0;12.60;14.39;144.39;173.39;2.31;69190.00;0;0;39.00;4532.40;1003.88;546.87;1;1;0;1;0;0;1;0;0;1;0;0;1;1;0;0;0;0;0
1113595;1.39;0.98;0;1219.00;12.75;84.00;17.25;0;12.63;14.30;216.69;234.22;2.58;69190.00;0;0;38.00;4503.20;1003.88;722.65;1;1;0;1;0;0;1;0;0;1;0;0;1;1;0;0;0;0;0
1114999;1.46;0.96;0;1217.00;12.75;84.75;17.25;0;12.60;14.30;263.69;296.23;2.58;69190.00;0;0;38.00;4505.20;1003.88;820.30;1;1;0;1;0;0;1;0;0;1;0;0;1;1;0;0;0;0;0
1116458;1.45;0.96;0;1198.00;12.75;84.75;19.50;0;12.82;14.39;143.04;186.69;2.31;69190.00;0;0;38.00;4518.20;1003.88;117.19;1;1;0;1;0;0;1;0;0;1;0;0;1;1;0;0;0;0;0
1117927;1.40;0.98;0;1216.00;12.75;84.75;17.25;0;12.57;14.39;143.02;192.29;2.31;69190.00;0;0;37.00;4505.40;1003.88;761.71;1;1;0;1;0;0;1;0;0;1;0;0;1;1;0;0;0;0;0
1119331;1.32;0.95;0;1262.00;12.75;84.75;14.25;0;12.10;14.39;171.40;218.70;2.31;69190.00;0;0;38.00;4514.80;1003.88;39.06;1;1;0;1;0;0;1;0;0;1;0;0;1;1;0;0;0;0;0
1120875;1.38;0.98;0;1248.00;12.75;84.75;15.00;0;12.20;14.49;229.93;280.69;2.31;69190.00;0;0;39.00;4510.60;1003.88;820.30;1;1;0;1;0;0;1;0;0;1;0;0;1;1;0;0;0;0;0
1122306;1.39;0.95;0;1209.00;12.75;84.75;18.00;0;12.75;14.39;195.71;178.21;2.31;69190.00;0;0;38.00;4502.20;1003.88;58.59;1;1;0;1;0;0;1;0;0;1;0;0;1;1;0;0;0;0;0
1123772;3.81;1.00;0;2321.00;12.75;84.75;22.50;9.41;27.37;14.30;95.48;94.13;2.58;69190.00;0;0;41.00;4557.00;1003.88;898.43;1;1;0;1;0;0;1;0;0;1;0;0;1;1;0;0;0;0;0
1125136;5.10;0.98;30.00;3278.00;13.50;84.75;18.75;24.71;38.59;14.02;21.72;24.65;2.58;69190.00;29.00;30.00;41.00;4560.60;1003.88;898.43;1;1;0;1;0;0;1;0;0;0;0;0;1;1;0;0;0;0;0
1126640;6.46;1.00;47.00;3697.00;13.50;84.75;18.00;28.63;42.27;13.92;2.60;5.43;2.82;69190.00;46.00;47.00;41.00;4567.00;1003.88;859.36;2.00;1;0;1;0;0;1;0;0;1;0;0;1;1;0;0;0;0;0
1128030;6.92;1.00;63.00;3884.00;13.50;84.75;14.25;36.87;46.49;14.02;1.89;1.50;2.58;69190.00;62.00;64.00;41.00;4546.40;1003.88;800.77;3.00;1;0;1;0;0;1;0;0;0;0;0;1;1;0;0;0;0;0
1129492;6.32;1.00;75.00;3860.00;13.50;85.50;17.25;32.94;43.89;14.11;0.39;1.70;2.58;69190.00;73.00;75.00;41.00;4560.00;1003.88;683.59;4.00;1;0;1;0;0;1;0;0;0;0;0;1;1;0;0;0;0;0
1131011;3.45;0.98;82.00;3791.00;13.50;85.50;33.75;14.51;26.97;13.92;1.50;0;2.82;69190.00;82.00;83.00;41.00;4441.80;1003.88;664.05;5.00;1;0;1;0;0;1;0;0;0;0;0;1;1;0;0;0;0;0
1132496;2.86;0.98;85.00;3921.00;12.75;84.75;39.00;10.20;22.83;14.02;3.30;1.60;2.58;69190.00;84.00;85.00;41.00;4503.80;1003.76;839.83;5.00;1;0;1;0;0;1;0;0;0;0;0;1;1;0;0;0;0;0
1133987;3.56;1.00;87.00;4051.00;12.75;84.75;37.50;12.55;25.57;14.11;1.60;0.68;2.58;69190.00;85.00;88.00;41.00;4553.40;1003.33;859.36;5.00;1;0;1;0;0;1;0;0;0;0;0;1;1;0;0;0;0;0
1135552;3.06;0.91;91.00;4197.00;12.75;84.00;37.50;12.94;25.71;14.02;1.11;0.29;2.58;69190.00;89.00;91.00;41.00;4510.60;1003.06;664.05;5.00;1;0;1;0;0;1;0;0;0;0;0;1;1;0;0;0;0;0
1137020;3.02;0.95;93.00;4302.00;12.75;84.00;39.00;11.77;24.49;14.02;0.55;0;2.58;69190.00;92.00;93.00;41.00;4535.60;1002.90;214.84;5.00;1;0;1;0;0;1;0;0;0;0;0;1;1;0;0;0;0;0
1138532;2.86;0.97;97.00;4433.00;12.75;83.25;41.25;10.98;22.88;13.92;258.40;253.38;2.82;69190.00;97.00;97.00;42.00;4516.20;1003.06;566.40;5.00;1;0;1;0;0;1;0;0;0;0;0;1;1;0;0;0;0;0
1140049;3.86;1.00;100.00;4591.00;12.75;82.50;36.75;16.86;27.91;14.02;311.97;341.64;2.58;69190.00;97.00;100.00;42.00;4579.80;1003.10;58.59;5.00;1;0;1;0;0;1;0;0;0;0;0;1;1;0;0;0;0;0
1141535;2.62;0.93;101.00;4312.00;12.75;81.75;41.25;9.81;21.66;14.11;242.70;174.85;2.58;69190.00;102.00;102.00;43.00;4489.80;1003.26;97.66;6.00;1;0;1;0;0;1;0;0;0;0;0;0;1;0;0;0;0;0
1143109;1.86;0.98;102.00;4366.00;12.75;81.00;47.25;6.28;14.99;14.11;326.62;310.49;2.58;69190.00;102.00;103.00;43.00;4487.20;1003.45;800.77;6.00;1;0;1;0;0;1;0;0;0;0;0;1;1;0;0;0;0;0
1144552;2.14;0.93;103.00;4395.00;12.75;81.00;45.75;7.45;18.22;14.02;347.24;332.05;2.58;69190.00;103.00;104.00;43.00;4510.60;1003.53;839.83;6.00;1;0;1;0;0;1;0;0;0;0;0;1;1;0;0;0;0;0
1146067;2.19;0.97;105.00;4427.00;12.75;80.25;45.75;7.45;17.73;14.11;62.34;74.57;2.58;69190.00;104.00;105.00;44.00;4514.80;1004.00;859.36;6.00;1;0;1;0;0;1;0;0;0;0;0;1;1;0;0;0;0;0
1147597;1.54;0.96;103.00;4388.00;12.75;80.25;47.25;5.10;12.57;14.02;3.24;6.07;2.58;69190.00;103.00;103.00;44.00;4509.80;1004.19;859.36;6.00;1;0;1;0;0;1;0;0;0;0;0;1;1;0;0;0;0;0
1148967;1.56;0.91;102.00;4316.00;12.75;80.25;46.50;5.49;13.50;14.02;1.76;0.94;2.58;69190.00;101.00;102.00;44.00;4522.00;1004.39;78.12;6.00;1;0;1;0;0;1;0;0;0;0;0;1;1;0;0;0;0;0
1150478;1.94;0.92;102.00;4339.00;12.75;79.50;45.75;6.67;16.66;14.02;0.66;1.07;2.58;69190.00;102.00;102.00;44.00;4518.80;1004.58;624.99;6.00;1;0;1;0;0;1;0;0;0;0;0;1;1;0;0;0;0;0
1151915;2.01;0.95;102.00;4346.00;12.75;79.50;46.50;6.67;16.63;14.02;0;0.62;2.58;69190.00;101.00;103.00;44.00;4494.60;1004.86;605.46;6.00;1;0;1;0;0;1;0;0;0;0;0;1;1;0;0;0;0;0
1153384;1.91;0.96;101.00;4317.00;12.75;79.50;45.75;6.28;15.84;14.11;0.68;0.25;2.58;69190.00;101.00;102.00;44.00;4517.20;1005.13;175.78;6.00;1;0;1;0;0;1;0;0;0;0;0;1;1;0;0;0;0;0
1154882;1.90;0.95;101.00;4285.00;12.75;79.50;45.75;6.67;15.92;14.02;2.40;2.01;2.58;69190.00;100.00;101.00;44.00;4504.00;1005.33;390.62;6.00;1;0;1;0;0;1;0;0;0;0;0;1;1;0;0;0;0;0
1156223;1.94;0.94;100.00;4250.00;12.75;79.50;45.75;6.67;16.36;13.92;0.62;0.62;2.82;69191.00;100.00;100.00;44.00;4534.40;1005.48;449.21;6.00;1;0;1;0;0;1;0;0;0;0;0;1;1;0;0;0;0;0
1157783;1.71;0.94;100.00;4234.00;12.75;79.50;46.50;5.88;15.46;14.11;0.70;0.39;2.58;69191.00;99.00;100.00;44.00;4506.20;1005.76;878.90;6.00;1;0;1;0;0;1;0;0;0;0;0;1;1;0;0;0;0;0
1159271;0.57;1.00;93.00;3943.00;12.75;80.25;-30.00;0;0;14.02;0;0;2.58;69191.00;94.00;93.00;44.00;4555.60;1006.11;0;6.00;1;0;1;0;0;1;0;0;0;0;0;1;1;0;0;0;0;0
1160763;0.58;1.00;88.00;3714.00;12.75;80.25;-30.00;0;0;14.02;0.98;1.76;2.58;69191.00;88.00;88.00;44.00;4563.60;1006.26;0;6.00;1;0;1;0;0;1;0;0;0;0;0;1;1;0;0;0;0;0
1162160;0.59;1.00;81.00;3452.00;12.75;80.25;-30.00;0;0;14.11;3.83;0;2.58;69191.00;82.00;81.00;44.00;4566.40;1006.30;0;6.00;1;0;1;0;0;1;0;0;0;0;0;1;1;0;0;0;0;0
1163569;0.62;1.00;75.00;3212.00;12.75;80.25;-30.00;0;0;14.11;0.31;0.61;2.58;69191.00;75.00;75.00;44.00;4556.80;1006.50;0;6.00;1;0;1;0;0;1;0;0;0;0;0;1;1;0;0;0;0;0
1165082;0.67;1.00;68.00;2926.00;12.75;80.25;-30.00;0;0;14.11;0;0.49;2.58;69191.00;69.00;69.00;44.00;4609.40;1006.69;0;6.00;1;0;1;0;0;1;0;0;0;0;0;1;1;0;0;0;0;0
1166530;1.14;1.00;63.00;2868.00;13.50;80.25;33.00;2.75;6.90;14.11;1.86;0;2.58;69191.00;64.00;64.00;44.00;4331.00;1007.04;742.18;5.00;1;0;1;0;0;1;0;0;0;0;0;1;1;0;0;0;0;0
1168073;0.67;1.00;57.00;3018.00;13.50;81.00;-30.00;0;0;14.11;36.15;35.04;2.58;69191.00;58.00;58.00;43.00;4585.40;1007.24;0;4.00;1;0;1;0;0;1;0;0;1;0;0;1;1;0;0;0;0;0
1169597;1.13;1.00;52.00;2701.00;13.50;81.00;30.00;0.78;8.28;14.11;182.63;167.37;2.58;69191.00;52.00;52.00;43.00;4304.20;1007.36;898.43;4.00;1;0;1;0;0;1;0;0;1;0;0;1;1;0;0;0;0;0
1171160;4.09;1.00;50.00;3108.00;13.50;81.00;30.75;11.37;27.18;14.02;169.44;120.23;2.58;69191.00;50.00;50.00;43.00;4320.40;1007.44;878.90;3.00;1;0;1;0;0;1;0;0;1;0;0;1;1;0;0;0;0;0
1172723;5.78;1.00;62.00;3851.00;13.50;81.00;23.25;24.71;40.14;14.11;334.18;326.54;2.58;69191.00;62.00;63.00;43.00;4560.60;1007.55;820.30;3.00;1;0;1;0;0;1;0;0;0;0;0;1;1;0;0;0;0;0
1174137;4.81;0.96;71.00;3687.00;12.75;81.00;25.50;21.96;34.99;14.02;311.78;308.09;2.58;69191.00;70.00;71.00;43.00;4540.40;1007.59;781.24;4.00;1;0;1;0;0;1;0;0;0;0;0;1;1;0;0;0;0;0
1175726;2.98;1.00;77.00;3579.00;12.75;81.00;36.75;9.41;22.33;14.02;168.37;234.75;2.58;69191.00;77.00;77.00;43.00;4456.40;1007.55;839.83;5.00;1;0;1;0;0;1;0;0;0;0;0;1;1;0;0;0;0;0
1177177;3.79;0.94;82.00;3769.00;12.75;81.00;31.50;18.04;30.70;14.02;209.77;223.95;2.58;69191.00;81.00;82.00;43.00;4498.60;1007.40;878.90;5.00;1;0;1;0;0;1;0;0;0;0;0;1;1;0;0;0;0;0
1178497;3.13;0.93;83.00;3566.00;12.75;81.00;33.00;12.16;25.81;14.11;325.82;337.69;2.58;69191.00;83.00;84.00;43.00;4523.00;1006.93;97.66;6.00;1;0;1;0;0;1;0;0;0;0;0;1;1;0;0;0;0;0
1180069;3.18;0.95;86.00;3654.00;12.75;81.75;33.75;12.55;26.04;14.02;334.31;345.68;2.58;69191.00;86.00;86.00;43.00;4506.40;1006.58;761.71;6.00;1;0;1;0;0;1;0;0;0;0;0;1;1;0;0;0;0;0
1181567;3.17;0.95;87.00;3709.00;12.75;81.75;34.50;12.55;25.77;14.02;249.65;326.48;2.58;69191.00;86.00;88.00;43.00;4501.20;1006.46;644.52;6.00;1;0;1;0;0;1;0;0;0;0;0;1;1;0;0;0;0;0
1183018;1.23;0.99;85.00;3631.00;12.75;81.75;41.25;3.14;10.10;14.11;274.16;305.31;2.58;69191.00;86.00;85.00;43.00;4502.80;1006.42;878.90;6.00;1;0;1;0;0;1;0;0;0;0;0;1;1;0;0;0;0;0
1184497;1.98;0.90;82.00;3515.00;12.75;82.50;40.50;6.28;17.63;14.11;355.19;324.02;2.58;69191.00;82.00;83.00;42.00;4524.60;1006.38;605.46;6.00;1;0;1;0;0;1;0;0;0;0;0;1;1;0;0;0;0;0
1185926;1.82;0.96;81.00;3448.00;12.75;82.50;39.75;5.10;15.16;14.11;348.24;354.49;2.58;69191.00;82.00;82.00;42.00;4519.20;1006.38;859.36;6.00;1;0;1;0;0;1;0;0;0;0;0;1;1;0;0;0;0;0
1187309;1.67;0.88;80.00;3412.00;12.75;82.50;39.00;5.10;15.21;14.02;338.98;333.53;2.58;69191.00;80.00;81.00;42.00;4517.60;1006.38;273.43;6.00;1;0;1;0;0;1;0;0;0;0;0;1;1;0;0;0;0;0
1188718;1.62;0.91;80.00;3386.00;12.75;83.25;39.00;4.71;14.36;14.11;328.92;310.59;2.58;69191.00;79.00;80.00;42.00;4519.80;1006.38;664.05;6.00;1;0;1;0;0;1;0;0;0;0;0;1;1;0;0;0;0;0
1190147;1.62;0.90;78.00;3351.00;12.75;83.25;38.25;4.71;14.30;14.11;353.18;326.70;2.58;69191.00;79.00;79.00;42.00;4514.60;1006.38;839.83;6.00;1;0;1;0;0;1;0;0;0;0;0;1;1;0;0;0;0;0
1191499;1.49;0.89;77.00;3322.00;12.75;83.25;38.25;4.31;13.33;14.02;350.04;345.95;2.58;69191.00;78.00;78.00;42.00;4519.00;1006.38;97.66;6.00;1;0;1;0;0;1;0;0;0;0;0;1;1;0;0;0;0;0
1192870;1.04;0.92;77.00;3234.00;12.75;83.25;37.50;2.35;9.43;14.11;346.31;341.99;2.58;69191.00;77.00;77.00;42.00;4530.00;1006.38;878.90;6.00;1;0;1;0;0;1;0;0;0;0;0;1;1;0;0;0;0;0
1194269;0.66;1.00;72.00;3049.00;12.75;83.25;-30.00;0;0;14.11;329.73;332.07;2.58;69191.00;73.00;72.00;42.00;4601.80;1006.38;0;6.00;1;0;1;0;0;1;0;0;0;0;0;1;1;0;0;0;0;0
1195757;0.68;1.00;67.00;2855.00;12.75;83.25;-30.00;0;0;14.11;338.36;340.72;2.58;69191.00;68.00;67.00;42.00;4609.20;1006.38;0;6.00;1;0;1;0;0;1;0;0;0;0;0;1;1;0;0;0;0;0
1197120;0.73;1.00;62.00;2646.00;12.75;83.25;-30.00;0;0;14.11;348.83;357.13;2.58;69191.00;62.00;63.00;42.00;4523.60;1006.38;0;6.00;1;0;1;0;0;1;0;0;0;0;0;1;1;0;0;0;0;0
1198593;0.82;1.00;57.00;2490.00;12.75;82.50;15.00;0;11.75;14.21;249.09;288.22;2.58;69191.00;58.00;58.00;46.00;4390.80;1006.61;507.81;6.00;1;0;1;0;0;1;0;0;1;0;0;1;1;0;0;0;0;0
1200079;0.90;1.00;50.00;2143.00;12.75;82.50;13.50;0;11.67;14.21;174.09;235.75;2.58;69191.00;50.00;50.00;34.00;4509.60;1006.65;19.53;6.00;1;0;1;0;0;1;0;0;1;0;0;1;1;0;0;0;0;0
1201661;1.48;1.02;38.00;1272.00;12.75;82.50;15.00;0;11.73;14.30;270.80;317.26;2.58;69191.00;38.00;39.00;35.00;4501.20;1006.81;839.83;6.00;1;0;1;0;0;1;0;0;1;0;0;1;1;0;0;1;0;0
1203201;1.31;0.97;33.00;1304.00;12.75;82.50;13.50;0;11.54;14.30;291.93;224.38;2.58;69191.00;34.00;34.00;35.00;4509.40;1007.32;820.30;6.00;1;0;1;0;0;1;0;0;1;0;0;1;1;0;0;0;0;0
1204731;1.30;0.94;23.00;1300.00;12.75;82.50;13.50;0;11.56;14.39;326.11;208.85;2.31;69192.00;24.00;24.00;35.00;4502.20;1007.47;39.06;6.00;1;0;1;1;0;1;0;0;1;0;0;1;1;0;0;1;0;0
1206143;1.38;0.99;18.00;1275.00;12.75;82.50;14.25;0;11.82;14.30;166.10;113.82;2.58;69192.00;19.00;19.00;36.00;4522.00;1007.55;742.18;6.00;1;0;1;1;0;1;0;0;1;0;0;1;1;0;0;1;0;0
1207599;1.36;0.95;16.00;1246.00;12.75;82.50;16.50;0;12.20;14.39;87.92;63.16;2.31;69192.00;16.00;16.00;36.00;4514.60;1007.59;58.59;4.00;1;0;1;1;0;1;0;0;1;0;0;1;1;0;0;1;0;0
1209118;1.41;1.00;10.00;1272.00;12.75;82.50;14.25;0;11.83;14.49;58.65;30.90;2.31;69192.00;10.00;10.00;36.00;4519.00;1007.59;58.59;3.00;1;0;1;0;0;1;0;0;1;0;0;1;1;0;0;0;0;0
1210676;1.32;1.00;7.00;1291.00;12.75;82.50;12.75;0;11.51;14.39;91.07;31.93;2.31;69192.00;7.00;7.00;35.00;4511.20;1007.59;839.83;3.00;1;0;1;0;0;1;0;0;1;0;0;1;1;0;0;0;0;0
1212163;1.40;0.98;6.00;1239.00;12.75;83.25;16.50;0;12.04;14.30;151.83;100.74;2.58;69192.00;6.00;6.00;36.00;4506.80;1007.59;39.06;1;1;0;1;0;0;1;0;0;1;0;0;1;1;0;0;0;0;0
1213710;1.40;1.01;2.00;1251.00;12.75;83.25;15.00;0;11.77;14.30;184.97;105.36;2.58;69192.00;3.00;3.00;35.00;4510.60;1007.59;488.28;1;1;0;1;0;0;1;0;0;1;0;0;1;1;0;0;0;0;0
1215207;1.26;0.96;0;1294.00;12.75;83.25;12.00;0;11.24;14.39;239.13;165.13;2.31;69192.00;0;0;35.00;4515.60;1007.59;58.59;1;1;0;1;0;0;1;0;0;1;0;0;1;1;0;0;0;0;0
1216715;5.12;1.00;0;1534.00;12.75;83.25;9.00;7.45;31.01;14.30;187.94;141.26;2.58;69192.00;0;0;53.00;4457.40;1007.59;898.43;1;1;0;1;0;0;1;0;0;1;0;0;1;1;0;0;0;0;0
1218118;5.81;1.00;20.00;2392.00;12.75;84.00;12.75;23.92;39.92;14.11;64.41;48.04;2.58;69192.00;19.00;20.00;41.00;4507.80;1007.59;136.72;1;1;0;1;0;0;1;0;0;1;0;0;1;1;0;0;0;0;0
1219723;6.80;1.00;46.00;3580.00;12.75;84.00;17.25;27.85;41.75;13.92;7.09;4.63;2.82;69192.00;45.00;46.00;41.00;4553.40;1007.63;859.36;2.00;1;0;1;0;0;1;0;0;1;0;0;1;1;0;0;0;0;0
1221219;8.78;1.00;65.00;3981.00;12.75;84.00;21.00;29.02;43.46;14.11;0.25;0.33;2.58;69192.00;64.00;65.00;41.00;4478.00;1007.71;839.83;3.00;1;0;1;0;0;1;0;0;1;0;0;1;1;0;0;0;0;0
1222752;6.46;1.00;76.00;4146.00;12.75;83.25;33.00;17.65;30.47;14.02;129.60;118.78;2.58;69192.00;76.00;77.00;42.00;4423.80;1007.59;878.90;4.00;1;0;1;0;0;1;0;0;0;0;0;1;1;0;0;0;0;0
1224316;5.15;1.00;87.00;4026.00;12.75;81.75;30.00;20.79;33.37;13.92;218.35;298.59;2.82;69192.00;86.00;88.00;43.00;4421.00;1007.44;878.90;5.00;1;0;1;0;0;1;0;0;0;0;0;1;1;0;0;0;0;0
1225843;5.16;0.99;95.00;4019.00;12.00;81.00;30.00;20.79;33.53;14.11;313.30;350.37;2.58;69192.00;93.00;95.00;43.00;4494.80;1007.40;878.90;6.00;1;0;1;0;0;1;0;0;0;0;0;1;1;0;0;0;0;0
1227250;2.47;0.95;97.00;4115.00;12.00;81.00;42.00;8.24;20.32;14.11;229.48;245.16;2.58;69192.00;96.00;97.00;43.00;4475.80;1007.24;820.30;6.00;1;0;1;0;0;1;0;0;0;0;0;1;1;0;0;0;0;0
1228681;2.10;0.91;96.00;4068.00;12.00;81.00;44.25;7.06;18.19;14.11;240.94;173.00;2.58;69192.00;95.00;96.00;43.00;4502.60;1007.12;820.30;6.00;1;0;1;0;0;1;0;0;0;0;0;1;1;0;0;0;0;0
1230150;2.62;0.88;96.00;4100.00;12.00;81.00;39.75;10.59;23.17;14.11;263.71;310.84;2.58;69192.00;96.00;97.00;43.00;4509.00;1007.01;839.83;6.00;1;0;1;0;0;1;0;0;0;0;0;1;1;0;0;0;0;0
1231633;2.66;0.91;96.00;4097.00;12.00;81.00;39.75;10.20;22.65;14.02;308.55;318.46;2.58;69192.00;96.00;97.00;43.00;4513.80;1007.04;117.19;6.00;1;0;1;0;0;1;0;0;0;0;0;1;1;0;0;0;0;0
1233091;2.71;0.93;97.00;4125.00;12.00;81.00;39.75;10.20;22.64;14.02;236.88;233.07;2.58;69192.00;96.00;97.00;43.00;4505.60;1006.97;644.52;6.00;1;0;1;0;0;1;0;0;0;0;0;1;1;0;0;0;0;0
1234640;2.54;0.89;97.00;4127.00;12.00;81.00;40.50;9.81;22.25;14.11;213.66;129.50;2.58;69192.00;96.00;97.00;43.00;4509.80;1007.01;820.30;6.00;1;0;1;0;0;1;0;0;0;0;0;1;1;0;0;0;0;0
1236111;3.01;0.94;97.00;4133.00;12.00;81.00;37.50;11.77;24.84;14.11;277.27;278.26;2.58;69192.00;97.00;98.00;43.00;4528.60;1006.93;136.72;6.00;1;0;1;0;0;1;0;0;0;0;0;1;1;0;0;0;0;0
1237555;2.99;0.94;98.00;4190.00;12.00;81.00;37.50;11.77;24.88;14.02;315.31;292.33;2.58;69192.00;97.00;99.00;43.00;4532.40;1007.08;136.72;6.00;1;0;1;0;0;1;0;0;0;0;0;1;1;0;0;0;0;0
1239051;2.78;0.93;98.00;4214.00;12.00;81.00;39.75;10.59;23.20;14.11;281.58;304.92;2.58;69192.00;98.00;99.00;43.00;4503.00;1006.65;488.28;6.00;1;0;1;0;0;1;0;0;0;0;0;1;1;0;0;0;0;0
1240564;2.43;0.89;98.00;4219.00;12.00;81.75;42.00;9.02;21.39;14.11;166.59;174.48;2.58;69192.00;98.00;99.00;43.00;4514.40;1006.50;839.83;6.00;1;0;1;0;0;1;0;0;0;0;0;1;1;0;0;0;0;0
1242029;2.20;0.90;98.00;4211.00;12.00;81.75;43.50;8.24;19.58;14.11;242.72;238.70;2.58;69192.00;98.00;99.00;43.00;4492.40;1006.42;839.83;6.00;1;0;1;0;0;1;0;0;0;0;0;1;1;0;0;0;0;0
1243442;2.33;0.92;98.00;4173.00;12.00;81.75;42.00;8.24;19.99;14.11;315.06;325.99;2.58;69192.00;98.00;98.00;43.00;4517.80;1006.85;781.24;6.00;1;0;1;0;0;1;0;0;0;0;0;1;1;0;0;0;0;0
1244907;2.53;0.95;97.00;4120.00;12.00;81.75;41.25;8.63;20.86;14.11;252.05;325.72;2.58;69192.00;97.00;98.00;43.00;4502.20;1007.04;605.46;6.00;1;0;1;0;0;1;0;0;0;0;0;1;1;0;0;0;0;0
1246296;2.40;0.88;96.00;4113.00;12.00;81.75;41.25;9.02;21.29;14.11;195.32;217.33;2.58;69192.00;96.00;97.00;43.00;4508.80;1007.04;839.83;6.00;1;0;1;0;0;1;0;0;0;0;0;1;1;0;0;0;0;0
1247706;2.20;0.92;95.00;4038.00;12.00;81.75;43.50;7.45;18.82;14.11;246.72;291.27;2.58;69192.00;95.00;96.00;43.00;4500.00;1007.16;898.43;6.00;1;0;1;0;0;1;0;0;0;0;0;1;1;0;0;0;0;0
1249222;1.12;0.96;91.00;3837.00;12.00;81.75;44.25;3.14;9.30;14.02;316.68;315.29;2.58;69192.00;90.00;91.00;43.00;4521.00;1007.20;878.90;6.00;1;0;1;0;0;1;0;0;0;0;0;1;1;0;0;0;0;0
1250576;1.59;0.91;86.00;3691.00;12.00;81.75;42.00;4.71;13.85;14.11;338.65;310.96;2.58;69192.00;86.00;87.00;43.00;4509.00;1007.12;683.59;6.00;1;0;1;0;0;1;0;0;0;0;0;1;1;0;0;0;0;0
1252075;1.19;1.00;83.00;3499.00;12.00;81.75;39.75;2.75;9.52;14.11;327.60;332.34;2.58;69192.00;83.00;83.00;43.00;4516.00;1006.97;898.43;6.00;1;0;1;0;0;1;0;0;0;0;0;1;1;0;0;0;0;0
1253586;1.23;1.00;77.00;3308.00;12.00;81.75;37.50;2.75;9.29;14.21;318.50;330.99;2.58;69192.00;77.00;77.00;43.00;4271.80;1006.77;878.90;6.00;1;0;1;0;0;1;0;0;0;0;0;1;1;0;0;0;0;0
1254999;1.39;0.97;73.00;3165.00;12.00;81.75;36.75;3.14;11.52;14.21;344.88;352.28;2.58;69192.00;74.00;74.00;43.00;4500.40;1006.65;781.24;6.00;1;0;1;0;0;1;0;0;0;0;0;1;1;0;0;0;0;0
1256453;0.87;0.96;70.00;2959.00;12.00;81.75;33.75;1.18;7.36;14.02;246.33;247.39;2.58;69192.00;70.00;70.00;43.00;4520.80;1006.58;761.71;6.00;1;0;1;0;0;1;0;0;0;0;0;1;1;0;0;0;0;0
1257984;0.73;1.00;63.00;2704.00;12.00;81.75;-30.00;0;0;14.11;209.69;178.60;2.58;69192.00;64.00;64.00;43.00;4521.20;1006.61;0;6.00;1;0;1;0;0;1;0;0;0;0;0;1;1;0;0;0;0;0
1259301;0.83;1.00;58.00;2482.00;12.00;81.75;15.00;0;11.85;14.21;314.10;264.18;2.58;69193.00;59.00;58.00;48.00;4334.40;1006.69;39.06;6.00;1;0;1;0;0;1;0;0;1;0;0;1;1;0;0;0;0;0
1260844;0.87;1.00;53.00;2238.00;12.00;81.75;14.25;0;11.81;14.02;244.63;250.16;2.58;69193.00;54.00;53.00;34.00;4507.00;1006.61;19.53;6.00;1;0;1;0;0;1;0;0;1;0;0;1;1;0;0;0;0;0
1262178;0.94;1.00;47.00;2017.00;12.00;81.75;13.50;0;11.74;14.11;306.23;312.66;2.58;69193.00;47.00;47.00;34.00;4519.00;1006.50;19.53;6.00;1;0;1;0;0;1;0;0;1;0;0;1;1;0;0;0;0;0
1263633;1.50;1.03;32.00;1232.00;12.00;82.50;17.25;0;12.29;14.39;158.06;209.62;2.31;69193.00;32.00;32.00;36.00;4512.20;1006.42;878.90;6.00;1;0;1;0;0;1;0;0;1;0;0;1;1;0;0;0;0;0
1265100;1.28;0.98;26.00;1272.00;12.00;82.50;14.25;0;11.79;14.39;98.61;123.43;2.31;69193.00;27.00;27.00;36.00;4505.80;1006.46;820.30;6.00;1;0;1;0;0;1;0;0;1;0;0;1;1;0;0;0;0;0
1266469;1.26;0.94;20.00;1287.00;12.00;82.50;14.25;0;11.86;14.39;49.65;76.07;2.31;69193.00;20.00;20.00;37.00;4513.60;1006.61;156.25;6.00;1;0;1;1;0;1;0;0;1;0;0;1;1;0;0;0;0;0
1267845;1.37;0.98;17.00;1265.00;12.00;82.50;15.00;0;12.04;14.39;25.35;36.31;2.31;69193.00;18.00;18.00;38.00;4520.60;1006.46;58.59;6.00;1;0;1;0;0;1;0;0;1;0;0;1;1;0;0;0;0;0
1269253;1.44;1.01;16.00;1291.00;12.00;82.50;12.00;0;12.55;14.39;25.23;20.19;2.31;69193.00;16.00;16.00;41.00;4508.80;1006.50;820.30;3.00;1;0;1;0;0;1;0;0;1;0;0;1;1;0;0;0;0;0
1270790;1.44;0.97;15.00;1247.00;12.00;82.50;16.50;0;12.72;14.30;97.24;73.55;2.58;69193.00;15.00;15.00;40.00;4510.60;1006.46;58.59;3.00;1;0;1;0;0;1;0;0;1;0;0;1;1;0;0;0;0;0
1272232;1.48;1.00;13.00;1202.00;12.00;83.25;18.00;0;12.89;14.30;70.31;72.38;2.58;69193.00;13.00;13.00;39.00;4509.00;1006.42;664.05;3.00;1;0;1;1;0;1;0;0;1;0;0;1;1;0;0;1;0;0
1273634;1.39;0.98;11.00;1233.00;12.00;83.25;15.75;0;12.33;14.39;43.69;63.02;2.31;69193.00;11.00;11.00;37.00;4521.60;1006.58;781.24;2.00;1;0;1;0;0;1;0;0;1;0;0;1;1;0;0;0;0;0
1275147;1.34;0.98;8.00;1277.00;12.00;83.25;13.50;0;11.90;14.49;21.83;27.05;2.31;69193.00;8.00;9.00;37.00;4515.40;1006.50;78.12;1;1;0;1;0;0;1;0;0;1;0;0;1;1;0;0;0;0;0
1276615;1.44;0.99;6.00;1227.00;12.00;84.00;16.50;0;12.45;14.39;12.93;15.27;2.31;69193.00;6.00;6.00;37.00;4511.80;1006.54;820.30;1;1;0;1;0;0;1;0;0;1;0;0;1;1;0;0;0;0;0
1278171;1.40;0.96;3.00;1237.00;12.00;84.00;16.50;0;12.38;14.30;12.95;21.15;2.58;69193.00;4.00;4.00;37.00;4511.40;1006.65;58.59;1;1;0;1;0;0;1;0;0;1;0;0;1;1;0;0;0;0;0
1279657;1.34;0.98;0;1278.00;12.00;84.00;13.50;0;11.86;14.39;5.47;12.30;2.31;69193.00;0;0;37.00;4509.20;1006.50;839.83;1;1;0;1;1;0;1;0;0;1;0;0;1;1;0;0;1;0;0
1281157;1.30;0.94;0;1256.00;12.00;84.00;14.25;0;12.03;14.39;2.25;10.78;2.31;69193.00;0;0;37.00;4519.40;1006.46;58.59;1;1;0;1;0;0;1;0;0;1;0;0;1;1;0;0;0;0;0
1282700;1.48;0.97;0;1206.00;12.00;84.75;17.25;0;12.45;14.39;2.38;6.02;2.31;69193.00;0;0;36.00;4501.20;1006.46;527.34;1;1;0;1;0;0;1;0;0;1;0;0;1;1;0;0;0;0;0
1284125;1.42;0.95;0;1222.00;12.00;84.75;16.50;0;12.28;14.49;0.94;4.08;2.31;69193.00;0;0;36.00;4515.60;1006.58;820.30;1;1;0;1;0;0;1;0;0;1;0;0;1;1;0;0;0;0;0
1285574;1.31;0.94;0;1251.00;12.00;84.75;15.00;0;12.04;14.30;0.33;1.74;2.58;69193.00;0;0;37.00;4515.60;1006.54;117.19;1;1;0;1;0;0;1;0;0;1;0;0;1;1;0;0;0;0;0
1287002;1.42;0.98;0;1224.00;12.00;84.75;16.50;0;12.39;14.39;35.74;10.57;2.31;69193.00;0;0;38.00;4502.00;1006.58;78.12;1;1;0;1;0;0;1;0;0;1;0;0;1;1;0;0;0;0;0
1288396;1.46;0.99;0;1238.00;12.00;84.75;15.00;0;12.11;14.49;18.53;6.13;2.31;69193.00;0;0;37.00;4520.20;1006.65;859.36;1;1;0;1;0;0;1;0;0;1;0;0;1;1;0;0;0;0;0
1289874;1.45;0.95;0;1162.00;12.00;84.75;21.00;0;13.09;14.39;8.30;6.46;2.31;69193.00;0;0;37.00;4541.60;1006.58;703.12;1;1;0;1;1;0;1;0;0;1;0;0;1;1;0;0;1;0;0
1291299;1.49;0.96;0;1185.00;12.00;84.75;20.25;0;12.95;14.30;9.24;6.97;2.58;69193.00;0;0;38.00;4501.60;1006.65;878.90;1;1;0;1;0;0;1;0;0;1;0;0;1;1;0;0;0;0;0
1292801;1.31;0.93;0;1241.00;12.00;84.75;15.00;0;11.73;14.39;60.48;73.20;2.31;69193.00;0;0;35.00;4510.40;1006.58;605.46;1;1;0;1;0;0;1;0;0;1;0;0;1;1;0;0;0;0;0
1294329;1.30;0.95;0;1268.00;12.00;84.75;13.50;0;11.70;14.39;46.36;53.71;2.31;69193.00;0;0;35.00;4500.20;1006.50;97.66;1;1;0;1;0;0;1;0;0;1;0;0;1;1;0;0;0;0;0
1295889;1.36;0.99;0;1255.00;12.00;84.75;14.25;0;11.84;14.39;23.61;27.67;2.31;69193.00;0;0;36.00;4504.00;1006.54;800.77;1;1;0;1;0;0;1;0;0;1;0;0;1;1;0;0;0;0;0
1297329;1.10;0.95;0;1530.00;12.00;84.75;14.25;0;11.59;14.30;17.50;16.62;2.58;69193.00;0;0;34.00;4489.20;1006.73;859.36;1;1;0;1;0;0;1;0;0;1;0;0;1;1;0;0;0;0;0
1298901;1.31;0.93;0;1225.00;12.00;84.75;17.25;0;12.11;14.39;70.46;22.13;2.31;69193.00;0;0;35.00;4509.60;1006.73;39.06;1;1;0;1;0;0;1;0;0;1;0;0;1;1;0;0;0;0;0
1300276;1.37;0.97;0;1232.00;12.00;84.75;16.50;0;12.08;14.49;85.42;20.72;2.31;69193.00;0;0;35.00;4508.40;1006.61;839.83;1;1;0;1;0;0;1;0;0;1;0;0;1;1;0;0;0;0;0
1301777;1.45;0.94;0;1153.00;12.00;84.75;22.50;0;13.04;14.39;40.62;11.80;2.31;69193.00;0;0;37.00;4512.80;1006.46;58.59;1;1;0;1;0;0;1;0;0;1;0;0;1;1;0;0;0;0;0
1303142;1.39;0.98;0;1219.00;12.00;84.75;17.25;0;12.48;14.30;26.64;7.05;2.58;69193.00;0;0;37.00;4516.80;1006.46;429.68;1;1;0;1;0;0;1;0;0;1;0;0;1;1;0;0;0;0;0
1304623;1.43;0.96;0;1222.00;12.00;84.00;16.50;0;12.32;14.39;11.37;4.88;2.31;69193.00;0;0;37.00;4520.60;1006.58;703.12;1;1;0;1;0;0;1;0;0;1;0;0;1;1;0;0;0;0;0
1306084;1.31;0.94;0;1247.00;12.00;84.00;16.50;0;12.36;14.39;12.48;4.47;2.31;69193.00;0;0;38.00;4512.40;1006.58;820.30;1;1;0;1;0;0;1;0;0;1;0;0;1;1;0;0;0;0;0
1307525;1.34;0.90;0;1262.00;12.00;84.00;15.00;0;12.28;14.49;106.52;97.57;2.31;69193.00;0;0;39.00;4533.20;1006.54;58.59;1;1;0;1;0;0;1;0;0;1;0;0;1;1;0;0;0;0;0
1309009;1.41;0.93;0;1194.00;12.00;84.00;20.25;0;13.12;14.49;149.44;127.78;2.31;69193.00;0;0;39.00;4517.80;1006.58;214.84;1;1;0;1;0;0;1;0;0;1;0;0;1;1;0;0;0;0;0
1310496;1.35;0.93;0;1217.00;12.00;84.00;18.00;0;12.79;14.39;102.57;113.90;2.31;69193.00;0;0;39.00;4511.60;1006.65;58.59;1;1;0;1;0;0;1;0;0;1;0;0;1;1;0;0;0;0;0
1311993;1.50;0.97;0;1237.00;12.00;84.00;17.25;0;12.88;14.30;93.69;78.43;2.58;69193.00;0;0;42.00;4514.60;1006.65;781.24;1;1;0;1;0;0;1;0;0;1;0;0;1;1;0;0;0;0;0
1313343;1.31;0.94;0;1247.00;12.00;84.00;15.00;0;12.36;14.39;117.96;162.22;2.31;69193.00;0;0;38.00;4515.60;1006.73;566.40;1;1;0;1;0;0;1;0;0;1;0;0;0;1;0;0;0;0;0
1314885;1.39;0.96;0;1234.00;12.00;84.00;16.50;0;12.65;14.39;85.60;110.68;2.31;69193.00;0;0;39.00;4512.80;1006.61;58.59;1;1;0;1;1;0;1;0;0;1;0;0;1;1;0;0;0;0;0
1316232;0.63;1.00;0;2092.00;12.00;84.00;11.25;0;11.66;14.21;54.86;75.00;2.58;69193.00;0;0;36.00;4522.40;1006.46;898.43;1;1;0;1;0;0;1;0;0;1;0;0;1;1;0;0;0;0;0
1317750;1.22;0.96;0;1340.00;12.00;84.00;15.00;0;11.66;14.30;35.95;48.22;2.58;69193.00;0;0;34.00;4491.80;1006.46;898.43;1;1;0;1;0;0;1;0;0;1;0;0;1;1;0;0;0;0;0
1319293;5.05;1.00;0;1644.00;12.00;84.00;10.50;7.06;29.79;14.21;53.63;59.55;2.58;69193.00;0;0;42.00;4430.00;1006.50;917.96;1;1;0;1;0;0;1;0;0;1;0;0;1;1;0;0;0;0;0
1320650;5.14;1.00;17.00;2292.00;12.00;84.00;13.50;19.22;37.74;14.21;13.50;15.25;2.58;69193.00;18.00;18.00;41.00;4400.80;1006.73;800.77;1;1;0;1;0;0;1;0;0;1;0;0;1;1;0;0;0;0;0
1322257;5.88;1.00;42.00;3263.00;12.00;83.25;21.00;23.14;36.88;14.11;17.93;107.67;2.58;69193.00;41.00;42.00;42.00;4266.20;1006.61;898.43;2.00;1;0;1;0;0;1;0;0;1;0;0;1;1;0;0;0;0;0
1323769;7.36;1.00;60.00;4121.00;12.00;83.25;29.25;21.18;38.00;14.02;309.41;322.58;2.58;69193.00;59.00;61.00;42.00;4458.20;1006.61;898.43;3.00;1;0;1;0;0;1;0;0;1;0;0;1;1;0;0;0;0;0
1325211;7.09;1.00;72.00;4166.00;12.00;83.25;31.50;20.39;34.55;14.02;345.78;349.59;2.58;69193.00;72.00;73.00;42.00;4444.40;1006.58;878.90;4.00;1;0;1;0;0;1;0;0;0;0;0;1;1;0;0;0;0;0
1326718;0;1.00;82.00;4276.00;12.00;83.25;42.00;0;4.37;14.11;171.32;321.46;2.58;69193.00;82.00;82.00;42.00;4420.00;1006.46;878.90;4.00;1;0;1;0;0;1;0;0;0;0;0;1;1;0;0;0;0;0
1328177;5.84;0.92;90.00;4161.00;12.00;83.25;18.00;34.12;44.89;14.02;141.85;254.22;2.58;69193.00;88.00;90.00;42.00;4381.40;1006.42;878.90;5.00;1;0;1;0;0;1;0;0;0;0;0;1;1;0;0;0;0;0
1329806;3.40;0.92;92.00;3926.00;12.00;83.25;34.50;15.30;28.18;13.92;294.51;304.98;2.82;69193.00;92.00;93.00;42.00;4507.60;1006.38;703.12;6.00;1;0;1;0;0;1;0;0;0;0;0;1;1;0;0;0;0;0
1331244;3.47;0.95;95.00;4013.00;12.00;82.50;35.25;15.30;28.17;14.11;263.40;346.13;2.58;69193.00;93.00;95.00;42.00;4503.60;1006.34;664.05;6.00;1;0;1;0;0;1;0;0;0;0;0;1;1;0;0;0;0;0
1332775;3.14;0.92;95.00;4031.00;12.00;82.50;36.75;13.33;26.30;14.02;204.44;271.47;2.58;69193.00;94.00;95.00;42.00;4518.60;1005.95;371.09;6.00;1;0;1;0;0;1;0;0;0;0;0;1;1;0;0;0;0;0
1334286;2.54;0.93;96.00;4080.00;12.00;81.75;39.00;10.59;25.24;13.92;180.42;226.72;2.82;69193.00;94.00;97.00;43.00;4487.40;1005.56;878.90;6.00;1;0;1;0;0;1;0;0;0;0;0;1;1;0;0;0;0;0
1335712;2.73;0.91;95.00;4057.00;12.00;81.75;39.00;10.59;23.27;14.02;318.83;322.25;2.58;69193.00;95.00;96.00;43.00;4509.00;1005.52;664.05;6.00;1;0;1;0;0;1;0;0;0;0;0;1;1;0;0;0;0;0
1337228;2.53;0.89;93.00;4000.00;12.00;81.00;40.50;9.81;22.28;14.11;350.45;111.34;2.58;69193.00;93.00;94.00;43.00;4509.40;1005.29;839.83;6.00;1;0;1;0;0;1;0;0;0;0;0;1;1;0;0;0;0;0
1338665;2.63;0.94;93.00;3947.00;12.00;81.00;39.75;9.41;21.88;13.92;233.48;236.12;2.82;69193.00;92.00;94.00;43.00;4511.40;1005.21;878.90;6.00;1;0;1;0;0;1;0;0;0;0;0;1;1;0;0;0;0;0
1340184;2.59;0.87;92.00;3926.00;11.25;81.00;38.25;10.59;23.34;14.11;220.90;188.58;2.58;69193.00;93.00;93.00;43.00;4497.00;1005.17;859.36;6.00;1;0;1;0;0;1;0;0;0;0;0;1;1;0;0;0;0;0
1341783;2.76;0.90;91.00;3900.00;11.25;80.25;38.25;10.59;23.86;14.11;120.19;115.99;2.58;69193.00;90.00;92.00;44.00;4505.60;1005.17;781.24;6.00;1;0;1;0;0;1;0;0;0;0;0;1;1;0;0;0;0;0
1343291;2.78;0.94;90.00;3839.00;11.25;80.25;38.25;10.20;23.02;14.11;11.03;10.78;2.58;69193.00;90.00;91.00;44.00;4517.60;1005.17;195.31;6.00;1;0;1;0;0;1;0;0;0;0;0;1;1;0;0;0;0;0
1344844;3.46;0.99;90.00;3815.00;11.25;80.25;34.50;13.73;26.54;14.11;0.88;0.82;2.58;69193.00;89.00;90.00;44.00;4517.60;1005.17;839.83;6.00;1;0;1;0;0;1;0;0;0;0;0;1;1;0;0;0;0;0
1346313;3.78;1.01;91.00;3844.00;11.25;80.25;33.00;16.47;28.94;14.02;1.70;0;2.58;69193.00;90.00;91.00;44.00;4518.00;1005.09;800.77;6.00;1;0;1;0;0;1;0;0;0;0;0;1;1;0;0;0;0;0
1347741;3.99;0.97;92.00;3933.00;11.25;81.00;31.50;18.43;31.38;14.11;137.49;102.53;2.58;69193.00;91.00;93.00;43.00;4525.60;1005.01;234.37;6.00;1;0;1;0;0;1;0;0;0;0;0;1;1;0;0;0;0;0
1349363;3.87;0.93;92.00;3955.00;11.25;81.00;30.75;18.83;31.59;14.11;268.34;212.15;2.58;69193.00;92.00;93.00;43.00;4521.00;1004.58;664.05;6.00;1;0;1;0;0;1;0;0;0;0;0;1;1;0;0;0;0;0
1350821;4.86;0.93;95.00;4048.00;11.25;81.00;24.75;25.10;39.04;14.11;319.32;91.13;2.58;69193.00;93.00;96.00;43.00;4538.40;1004.27;703.12;6.00;1;0;1;0;0;1;0;0;0;0;0;1;1;0;0;0;0;0
1352284;4.13;0.94;96.00;4063.00;11.25;81.00;30.75;19.61;32.97;14.02;239.24;222.06;2.58;69193.00;94.00;96.00;43.00;4483.40;1004.04;917.96;6.00;1;0;1;0;0;1;0;0;0;0;0;1;1;0;0;0;0;0
1353732;2.86;0.87;91.00;4180.00;11.25;81.00;38.25;11.77;25.17;14.11;340.78;326.70;2.58;69193.00;90.00;91.00;43.00;4464.40;1003.96;175.78;5.00;1;0;1;0;0;1;0;0;0;0;0;1;1;0;0;0;0;0
1355184;2.92;0.90;91.00;4186.00;10.50;81.00;38.25;11.77;24.98;14.11;312.03;287.74;2.58;69193.00;90.00;91.00;43.00;4513.60;1003.92;585.93;5.00;1;0;1;0;0;1;0;0;0;0;0;1;1;0;0;0;0;0
1356691;2.30;1.00;88.00;4169.00;10.50;81.75;42.75;7.84;19.17;14.11;199.93;214.26;2.58;69194.00;86.00;89.00;43.00;4487.00;1003.49;898.43;5.00;1;0;1;0;0;1;0;0;0;0;0;1;1;0;0;0;0;0
1358115;6.37;1.00;88.00;4089.00;10.50;81.75;18.75;31.77;43.72;14.02;237.23;207.74;2.58;69194.00;85.00;89.00;43.00;4480.40;1003.02;898.43;5.00;1;0;1;0;0;1;0;0;0;0;0;1;1;0;0;0;0;0
1359560;4.66;1.00;91.00;4235.00;10.50;81.75;26.25;23.53;37.36;14.11;327.26;348.40;2.58;69194.00;90.00;92.00;43.00;4496.60;1002.71;878.90;5.00;1;0;1;0;0;1;0;0;0;0;0;1;1;0;0;0;0;0
1360992;2.78;0.85;90.00;4141.00;10.50;81.75;37.50;12.16;25.30;14.11;328.65;277.99;2.58;69194.00;89.00;90.00;43.00;4501.80;1002.44;742.18;5.00;1;0;1;0;0;1;0;0;0;0;0;1;1;0;0;0;0;0
1362339;4.34;0.94;92.00;4228.00;10.50;81.75;28.50;21.96;34.81;14.02;256.96;258.62;2.58;69194.00;89.00;92.00;43.00;4527.60;1001.85;761.71;5.00;1;0;1;0;0;1;0;0;0;0;0;1;1;0;0;0;0;0
1363798;2.49;1.00;91.00;4220.00;10.50;81.75;42.00;9.02;20.79;14.11;183.35;165.05;2.58;69194.00;91.00;92.00;43.00;4409.00;1001.61;898.43;5.00;1;0;1;0;0;1;0;0;0;0;0;1;1;0;0;0;0;0
1365329;1.06;0.98;82.00;3824.00;10.50;81.75;44.25;2.75;8.60;14.02;320.47;315.37;2.58;69194.00;82.00;83.00;43.00;4507.80;1001.50;898.43;5.00;1;0;1;0;0;1;0;0;0;0;0;1;1;0;0;0;0;0
1366842;1;0.93;73.00;3414.00;10.50;81.75;39.00;2.35;8.61;14.11;323.03;348.98;2.58;69194.00;74.00;74.00;43.00;4522.40;1001.22;839.83;5.00;1;0;1;0;0;1;0;0;0;0;0;1;1;0;0;0;0;0
1368330;6.52;1.00;72.00;3369.00;10.50;81.75;13.50;33.73;41.69;14.11;341.19;330.66;2.58;69194.00;72.00;73.00;43.00;4556.60;1000.83;742.18;5.00;1;0;1;0;0;1;0;0;0;0;0;1;1;0;0;0;0;0
1369848;6.08;0.95;82.00;3763.00;10.50;82.50;15.00;35.69;44.46;14.11;336.50;348.86;2.58;69194.00;80.00;82.00;42.00;4532.80;1000.40;742.18;5.00;1;0;1;0;0;1;0;0;0;0;0;1;1;0;0;0;0;0
1371426;5.98;0.96;90.00;4118.00;10.50;82.50;18.75;32.94;44.09;14.11;250.94;341.97;2.58;69194.00;88.00;90.00;42.00;4546.60;1000.29;624.99;5.00;1;0;1;0;0;1;0;0;0;0;0;1;1;0;0;0;0;0
1372843;5.78;1.01;93.00;4322.00;11.25;82.50;22.50;30.98;41.63;14.02;289.28;321.82;2.58;69194.00;92.00;94.00;42.00;4377.40;999.86;898.43;5.00;1;0;1;0;0;1;0;0;0;0;0;1;1;0;0;0;0;0
1374362;3.86;0.95;93.00;3949.00;11.25;82.50;31.50;18.43;30.91;13.92;197.06;276.54;2.82;69194.00;91.00;93.00;42.00;4501.40;999.27;722.65;6.00;1;0;1;0;0;1;0;0;0;0;0;1;1;0;0;0;0;0
1375796;3.89;0.95;92.00;3913.00;11.25;82.50;31.50;18.83;31.39;14.11;221.78;236.27;2.58;69194.00;92.00;93.00;42.00;4526.40;999.08;742.18;6.00;1;0;1;0;0;1;0;0;0;0;0;1;1;0;0;0;0;0
1377172;4.21;0.96;93.00;3970.00;11.25;82.50;29.25;20.39;33.26;14.02;320.98;279.30;2.58;69194.00;92.00;93.00;42.00;4527.60;999.00;117.19;6.00;1;0;1;0;0;1;0;0;0;0;0;1;1;0;0;0;0;0
1378595;3.48;0.93;93.00;4000.00;11.25;82.50;34.50;16.08;28.78;14.11;328.38;224.17;2.58;69194.00;93.00;94.00;42.00;4498.80;998.41;800.77;6.00;1;0;1;0;0;1;0;0;0;0;0;1;1;0;0;0;0;0
1380074;1.20;1.00;92.00;3910.00;11.25;83.25;45.00;3.14;10.73;13.92;215.01;245.39;2.82;69194.00;92.00;92.00;42.00;4536.80;998.06;742.18;6.00;1;0;1;0;0;1;0;0;0;0;0;1;1;0;0;0;0;0
1381516;0.57;1.00;82.00;3508.00;11.25;83.25;-30.00;0;0;14.11;291.35;283.07;2.58;69194.00;83.00;82.00;42.00;4566.60;997.79;0;6.00;1;0;1;0;0;1;0;0;0;0;0;1;1;0;0;0;0;0
1382983;0.63;1.00;75.00;3190.00;11.25;83.25;-30.00;0;0;14.11;339.10;343.04;2.58;69194.00;75.00;75.00;42.00;4550.40;997.63;0;6.00;1;0;1;0;0;1;0;0;0;0;0;1;1;0;0;0;0;0
1384322;0.66;1.00;68.00;2923.00;11.25;83.25;-30.00;0;0;14.02;330.31;355.07;2.58;69194.00;69.00;69.00;42.00;4590.20;997.63;0;6.00;1;0;1;0;0;1;0;0;0;0;0;1;1;0;0;0;0;0
1385766;0.74;1.00;63.00;2681.00;11.25;83.25;-30.00;0;0;14.21;314.71;328.55;2.58;69194.00;63.00;63.00;42.00;4477.20;997.04;0;6.00;1;0;1;0;0;1;0;0;0;0;0;1;1;0;0;0;0;0
1387219;0.82;1.00;57.00;2444.00;11.25;83.25;15.75;0;11.63;14.11;330.08;318.03;2.58;69194.00;57.00;58.00;46.00;4428.60;997.08;859.36;6.00;1;0;1;0;0;1;0;0;1;0;0;1;1;0;0;0;0;0
1388735;0.86;1.00;52.00;2252.00;11.25;83.25;15.00;0;11.66;14.11;303.36;250.73;2.58;69194.00;53.00;53.00;35.00;4508.00;997.24;39.06;6.00;1;0;1;0;0;1;0;0;1;0;0;1;1;0;0;0;0;0
1390168;1.38;1.01;48.00;1335.00;12.00;83.25;16.50;0;11.88;14.30;335.08;255.30;2.58;69194.00;49.00;49.00;35.00;4522.80;997.36;58.59;5.00;1;0;1;0;0;1;0;0;1;0;0;1;1;0;0;0;0;0
1391572;0.97;1.00;45.00;2013.00;12.00;83.25;13.50;0;11.66;14.21;231.94;145.26;2.58;69194.00;45.00;44.00;34.00;4515.40;997.47;39.06;5.00;1;0;1;0;0;1;0;0;1;0;0;1;1;0;0;0;0;0
1393089;1.02;1.00;40.00;1889.00;12.00;83.25;14.25;0;11.71;14.21;261.84;236.74;2.58;69194.00;40.00;40.00;35.00;4534.20;997.47;507.81;5.00;1;0;1;0;0;1;0;0;1;0;0;1;1;0;0;0;0;0
1394490;1.13;0.98;35.00;1561.00;12.00;83.25;14.25;0;11.71;14.30;328.28;295.10;2.58;69194.00;35.00;35.00;35.00;4479.60;997.55;859.36;5.00;1;0;1;1;0;1;0;0;1;0;0;1;1;0;0;0;0;0
1395945;1.15;0.93;28.00;1491.00;12.00;83.25;15.00;0;11.60;14.30;309.06;295.47;2.58;69194.00;29.00;29.00;35.00;4519.20;997.67;859.36;4.00;1;0;1;0;0;1;0;0;1;0;0;1;1;0;0;1;0;0
1397390;1.22;0.89;21.00;1278.00;12.00;83.25;13.50;0;11.53;14.39;263.81;174.03;2.31;69194.00;22.00;22.00;35.00;4507.20;997.59;39.06;4.00;1;0;1;0;0;1;0;0;1;0;0;1;1;0;0;1;0;0
1398767;1.30;0.92;16.00;1214.00;12.00;83.25;17.25;0;12.18;14.39;173.68;115.83;2.31;69194.00;17.00;17.00;36.00;4507.80;997.51;78.12;3.00;1;0;1;1;0;1;0;0;1;0;0;1;1;0;0;0;0;0
1400251;1.42;0.96;13.00;1265.00;12.00;83.25;14.25;0;11.67;14.30;111.93;154.66;2.58;69194.00;14.00;14.00;36.00;4508.40;997.63;468.74;2.00;1;0;1;0;0;1;0;0;1;0;0;1;1;0;0;1;0;0
1401719;1.24;0.95;11.00;1278.00;12.00;83.25;13.50;0;11.50;14.39;117.00;130.54;2.31;69194.00;12.00;12.00;35.00;4535.20;997.67;722.65;0;1;0;1;0;0;1;0;0;1;0;0;1;1;0;0;1;0;0
1403294;1.33;0.93;7.00;1297.00;12.00;83.25;12.00;0;11.21;14.30;113.74;184.17;2.58;69194.00;7.00;7.00;35.00;4509.20;997.71;644.52;0;1;0;1;0;0;1;0;0;1;0;0;1;1;0;0;1;0;0
1404787;1.33;0.95;6.00;1211.00;12.00;84.00;17.25;0;12.02;14.39;168.68;205.40;2.31;69194.00;6.00;6.00;34.00;4515.60;997.71;214.84;0;1;0;1;0;0;1;0;0;1;0;0;1;1;0;0;1;0;0
1406120;1.27;0.96;2.00;1291.00;12.00;84.00;12.00;0;11.11;14.49;219.22;229.75;2.31;69194.00;3.00;3.00;34.00;4514.40;997.71;195.31;0;1;0;1;0;0;1;0;0;1;0;0;1;1;0;0;1;0;0
1407494;1.27;0.95;0;1248.00;12.00;84.00;15.00;0;11.48;14.39;184.83;215.12;2.31;69194.00;0;0;33.00;4498.40;997.71;722.65;0;1;0;1;0;0;1;0;0;1;0;0;1;1;0;0;1;0;0
1408958;1.24;0.95;0;1290.00;12.00;84.00;12.75;0;11.10;14.39;105.85;139.05;2.31;69194.00;0;0;34.00;4516.20;997.71;39.06;0;1;0;1;0;0;1;0;0;1;0;0;1;1;0;0;1;0;0
1410456;1.32;0.99;0;1280.00;12.00;84.75;12.00;0;11.05;14.39;109.91;211.45;2.31;69194.00;0;0;34.00;4513.20;997.71;800.77;0;1;0;1;0;0;1;0;0;1;0;0;1;1;0;0;1;0;0
1411969;1.30;0.95;0;1201.00;12.00;84.75;18.00;0;12.04;14.39;179.30;263.58;2.31;69194.00;0;0;34.00;4513.80;997.71;97.66;0;1;0;1;0;0;1;0;0;1;0;0;1;1;0;0;1;0;0
1413242;1.44;0.98;0;1231.00;12.00;84.75;15.75;0;11.64;14.39;236.23;291.08;2.31;69194.00;0;0;34.00;4513.20;997.71;585.93;0;1;0;1;0;0;1;0;0;1;0;0;1;1;0;0;1;0;0
1414706;1.27;0.96;0;1216.00;12.00;84.75;16.50;0;11.75;14.39;216.39;270.08;2.31;69194.00;0;0;33.00;4522.00;997.71;722.65;0;1;0;1;0;0;1;0;0;1;0;0;1;1;0;0;1;0;0
1416155;1.23;0.97;0;1298.00;12.00;84.75;12.00;0;11.06;14.39;165.32;172.66;2.31;69194.00;0;0;34.00;4522.80;997.71;58.59;0;1;0;1;0;0;1;0;0;1;0;0;1;1;0;0;1;0;0
1417520;1.28;0.97;0;1236.00;12.00;84.75;15.00;0;11.51;14.39;226.14;232.97;2.31;69194.00;0;0;34.00;4503.20;997.71;39.06;0;1;0;1;0;0;1;0;0;1;0;0;1;1;0;0;1;0;0
1418987;1.40;0.99;0;1226.00;12.00;84.75;15.75;0;11.64;14.39;255.67;230.26;2.31;69194.00;0;0;33.00;4507.20;997.71;781.24;0;1;0;1;0;0;1;0;0;1;0;0;1;1;0;0;1;0;0
1420343;1.33;0.97;0;1200.00;12.00;84.75;18.00;0;12.02;14.39;211.53;218.52;2.31;69194.00;0;0;34.00;4513.20;997.71;39.06;0;1;0;1;0;0;1;0;0;1;0;0;1;1;0;0;1;0;0
1421787;1.26;0.98;0;1259.00;12.00;84.75;13.50;0;11.30;14.49;154.35;202.76;2.31;69194.00;0;0;34.00;4521.40;997.71;781.24;0;1;0;1;0;0;1;0;0;1;0;0;1;1;0;0;1;0;0
1423314;1.28;0.98;0;1245.00;12.00;84.75;15.00;0;11.17;14.39;221.82;268.30;2.31;69194.00;0;0;34.00;4520.80;997.71;58.59;0;1;0;1;0;0;1;0;0;1;0;0;1;1;0;0;1;0;0
1424758;1.36;0.98;0;1230.00;12.00;84.75;15.75;0;11.67;14.39;193.52;316.91;2.31;69194.00;0;0;34.00;4512.40;997.71;761.71;0;1;0;1;0;0;1;0;0;1;0;0;1;1;0;0;1;0;0
1426196;1.26;0.96;0;1250.00;12.00;84.75;14.25;0;11.48;14.30;190.89;316.03;2.58;69194.00;0;0;34.00;4508.00;997.71;78.12;0;1;0;1;0;0;1;0;0;1;0;0;1;1;0;0;1;0;0
1427579;1.32;1.00;0;1235.00;12.00;84.75;15.00;0;11.54;14.39;179.64;291.97;2.31;69194.00;0;0;34.00;4512.40;997.71;117.19;0;1;0;1;0;0;1;0;0;1;0;0;1;1;0;0;1;0;0
1429151;1.28;0.98;0;1267.00;12.00;84.75;12.75;0;11.14;14.30;159.60;269.14;2.58;69194.00;0;0;33.00;4529.40;997.71;117.19;0;1;0;1;0;0;1;0;0;1;0;0;1;1;0;0;1;0;0
1430491;1.33;0.99;0;1232.00;12.00;84.75;15.75;0;11.59;14.49;141.65;195.05;2.31;69194.00;0;0;34.00;4512.60;997.71;800.77;0;1;0;1;0;0;1;0;0;1;0;0;1;1;0;0;1;0;0
1432050;1.30;0.97;0;1248.00;12.00;84.75;14.25;0;11.41;14.39;186.02;212.47;2.31;69194.00;0;0;33.00;4514.60;997.71;39.06;0;1;0;1;0;0;1;0;0;1;0;0;1;1;0;0;1;0;0
1433390;1.30;0.98;0;1218.00;12.00;84.75;16.50;0;11.68;14.39;101.05;117.65;2.31;69194.00;0;0;33.00;4536.80;997.71;781.24;0;1;0;1;0;0;1;0;0;1;0;0;1;1;0;0;1;0;0
1434818;1.29;0.97;0;1230.00;12.00;84.75;16.50;0;11.70;14.30;158.25;119.68;2.58;69194.00;0;0;34.00;4515.00;997.71;234.37;0;1;0;1;1;0;1;0;0;1;0;0;1;1;0;0;1;0;0
1436316;1.22;1.00;0;1314.00;12.00;84.75;10.50;0;10.59;14.49;207.21;148.35;2.31;69194.00;0;0;34.00;4521.20;997.71;781.24;1;1;0;1;0;0;1;0;0;1;0;0;1;1;0;0;0;0;0
1437816;1.32;0.97;0;1216.00;12.00;84.75;17.25;0;11.89;14.39;224.93;209.09;2.31;69194.00;0;0;34.00;4529.00;997.71;644.52;1;1;0;1;0;0;1;0;0;1;0;0;1;1;0;0;0;0;0
1439313;1.33;0.97;0;1229.00;12.00;84.75;16.50;0;12.00;14.39;149.35;120.23;2.31;69194.00;0;0;35.00;4502.20;997.71;957.02;1;1;0;1;0;0;1;0;0;1;0;0;1;1;0;0;0;0;0
1440804;4.81;1.00;11.00;2667.00;12.00;84.75;21.00;18.83;34.43;14.21;67.28;42.83;2.58;69194.00;11.00;11.00;41.00;4489.60;997.71;722.65;1;1;0;1;0;0;1;0;0;1;0;0;1;1;0;0;0;0;0
1442245;6.67;1.00;38.00;4293.00;12.00;84.75;18.00;35.69;45.26;14.11;10.14;9.69;2.58;69194.00;38.00;39.00;41.00;4449.40;997.71;878.90;1;1;0;1;0;0;1;0;0;1;0;0;1;1;0;0;0;0;0
1443739;6.47;0.97;58.00;4577.00;12.00;84.00;18.00;41.97;46.85;13.92;2.48;0.61;2.82;69194.00;56.00;59.00;41.00;4504.80;997.59;878.90;2.00;1;0;1;0;0;1;0;0;1;0;0;1;1;0;0;0;0;0
1445209;3.38;0.93;67.00;4166.00;12.00;84.00;36.00;14.51;28.84;14.02;1.29;0;2.58;69194.00;66.00;68.00;41.00;4541.00;997.51;97.66;3.00;1;0;1;0;0;1;0;0;1;0;0;1;1;0;0;0;0;0
1446653;6.65;1.00;78.00;4815.00;12.00;84.00;21.75;38.04;43.33;13.92;1.89;0.66;2.82;69194.00;76.00;79.00;41.00;4503.40;997.43;898.43;3.00;1;0;1;0;0;1;0;0;0;0;0;1;1;0;0;0;0;0
1448130;1.82;0.96;78.00;4106.00;12.00;84.00;45.75;5.88;14.54;14.02;2.71;2.58;2.58;69195.00;79.00;79.00;41.00;4479.00;997.36;917.96;4.00;1;0;1;0;0;1;0;0;0;0;0;1;1;0;0;0;0;0
1449493;1.42;1.00;81.00;3759.00;12.00;84.00;42.00;3.92;10.89;14.02;2.56;0.88;2.58;69195.00;81.00;81.00;41.00;4281.80;997.47;878.90;5.00;1;0;1;0;0;1;0;0;0;0;0;1;1;0;0;0;0;0
1451006;1.36;0.95;81.00;3770.00;12.00;83.25;43.50;3.92;11.32;14.11;127.55;138.55;2.58;69195.00;81.00;82.00;42.00;4508.40;997.51;878.90;5.00;1;0;1;0;0;1;0;0;0;0;0;1;1;0;0;0;0;0
1452526;1.14;0.90;81.00;3723.00;12.00;83.25;42.75;3.14;10.04;14.02;332.50;328.85;2.58;69195.00;80.00;81.00;42.00;4508.40;997.63;859.36;5.00;1;0;1;0;0;1;0;0;0;0;0;1;1;0;0;0;0;0
1453985;1.18;0.86;80.00;3676.00;12.00;82.50;42.00;3.92;10.95;14.11;334.22;346.79;2.58;69195.00;78.00;80.00;42.00;4466.60;997.67;878.90;5.00;1;0;1;0;0;1;0;0;0;0;0;1;1;0;0;0;0;0
1455476;1.88;0.97;81.00;3753.00;12.00;82.50;42.75;5.49;15.62;14.11;270.24;244.71;2.58;69195.00;81.00;82.00;42.00;4507.80;997.90;878.90;5.00;1;0;1;0;0;1;0;0;0;0;0;1;1;0;0;0;0;0
1456843;1.77;0.87;82.00;3810.00;12.00;81.75;42.75;5.88;16.32;13.92;189.44;138.45;2.82;69195.00;81.00;83.00;43.00;4510.00;998.22;156.25;5.00;1;0;1;0;0;1;0;0;0;0;0;1;1;0;0;0;0;0
1458314;2.10;0.92;85.00;3908.00;12.00;81.75;43.50;6.67;18.09;14.11;273.81;319.43;2.58;69195.00;84.00;85.00;43.00;4518.00;998.57;624.99;5.00;1;0;1;0;0;1;0;0;0;0;0;1;1;0;0;0;0;0
1459790;1.79;1.00;83.00;3557.00;12.00;81.00;40.50;4.71;13.74;14.11;314.37;333.59;2.58;69195.00;83.00;84.00;43.00;4353.00;998.68;878.90;6.00;1;0;1;0;0;1;0;0;0;0;0;1;1;0;0;0;0;0
1461308;1.21;0.93;85.00;3603.00;12.00;81.00;41.25;3.14;10.41;14.02;331.70;292.97;2.58;69195.00;85.00;85.00;43.00;4506.60;998.84;859.36;6.00;1;0;1;0;0;1;0;0;0;0;0;1;1;0;0;0;0;0
1462740;1.83;0.91;85.00;3630.00;12.00;81.00;41.25;5.88;16.26;14.11;324.10;294.20;2.58;69195.00;85.00;86.00;43.00;4509.40;998.96;839.83;6.00;1;0;1;0;0;1;0;0;0;0;0;1;1;0;0;0;0;0
1464158;0.95;0.87;86.00;3579.00;12.00;80.25;41.25;2.35;8.78;13.92;140.01;137.76;2.82;69195.00;87.00;87.00;44.00;4525.40;999.15;507.81;6.00;1;0;1;0;0;1;0;0;0;0;0;1;1;0;0;0;0;0
1465549;0.58;1.00;83.00;3552.00;12.00;80.25;-30.00;0;0;14.11;15.16;17.32;2.58;69195.00;84.00;84.00;44.00;4452.00;999.50;0;6.00;1;0;1;0;0;1;0;0;0;0;0;1;1;0;0;0;0;0
1467044;1.30;0.99;83.00;3520.00;12.00;80.25;39.75;3.14;10.25;14.11;1.60;2.13;2.58;69195.00;83.00;83.00;44.00;4453.20;999.93;898.43;6.00;1;0;1;0;0;1;0;0;0;0;0;1;1;0;0;0;0;0
1468367;1.21;0.94;85.00;3602.00;12.00;80.25;41.25;3.14;10.17;14.11;0;0.59;2.58;69195.00;85.00;85.00;44.00;4516.20;1000.09;878.90;6.00;1;0;1;0;0;1;0;0;0;0;0;1;1;0;0;0;0;0
1469813;1.42;0.88;86.00;3643.00;12.00;80.25;42.00;4.31;12.84;14.02;0;2.09;2.58;69195.00;85.00;86.00;44.00;4505.20;1000.64;683.59;6.00;1;0;1;0;0;1;0;0;0;0;0;1;1;0;0;0;0;0
1471282;1.14;0.86;85.00;3645.00;12.00;80.25;42.00;3.53;10.51;13.92;0;1.02;2.82;69195.00;85.00;85.00;44.00;4517.40;1000.99;39.06;6.00;1;0;1;0;0;1;0;0;0;0;0;1;1;0;0;0;0;0
1472678;2.00;0.90;86.00;3657.00;12.00;80.25;41.25;6.28;17.64;14.11;4.94;0;2.58;69195.00;85.00;86.00;44.00;4508.60;1001.22;58.59;6.00;1;0;1;0;0;1;0;0;0;0;0;1;1;0;0;0;0;0
1474147;0.57;1.00;87.00;3723.00;12.00;80.25;41.25;0;5.87;14.02;0.33;0.68;2.58;69195.00;86.00;87.00;44.00;4573.40;1001.34;39.06;6.00;1;0;1;0;0;1;0;0;0;0;0;1;1;0;0;0;0;0
1475583;0.61;1.00;76.00;3229.00;12.00;81.00;-30.00;0;0;14.11;124.95;123.68;2.58;69195.00;76.00;77.00;43.00;4593.40;1001.58;0;6.00;1;0;1;0;0;1;0;0;0;0;0;1;1;0;0;0;0;0
1477146;0.70;1.00;67.00;3074.00;12.00;81.00;-30.00;0;0;14.02;149.44;140.17;2.58;69195.00;67.00;67.00;43.00;4220.20;1002.24;39.06;5.00;1;0;1;0;0;1;0;0;0;0;0;1;1;0;0;0;0;0
1478565;1.46;0.99;66.00;3174.00;12.00;81.00;36.00;3.14;11.07;14.11;181.12;195.26;2.58;69195.00;67.00;67.00;43.00;4465.40;1002.47;859.36;5.00;1;0;1;0;0;1;0;0;0;0;0;1;1;0;0;0;0;0
1480076;1.16;0.92;68.00;3154.00;12.00;81.00;36.00;3.14;10.78;14.11;196.08;203.54;2.58;69195.00;68.00;69.00;43.00;4541.60;1002.79;859.36;5.00;1;0;1;0;0;1;0;0;0;0;0;1;1;0;0;0;0;0
1481463;0.66;1.00;67.00;3063.00;12.00;81.00;-30.00;0;0;14.02;325.82;327.85;2.58;69195.00;68.00;67.00;43.00;4558.80;1002.98;0;5.00;1;0;1;0;0;1;0;0;0;0;0;1;1;0;0;0;0;0
1482949;0.66;1.00;65.00;2963.00;12.00;81.00;-30.00;0;0;14.11;208.33;205.42;2.58;69195.00;65.00;64.00;43.00;4583.20;1003.49;0;5.00;1;0;1;0;0;1;0;0;0;0;0;1;1;0;0;0;0;0
1484376;1.02;1.00;62.00;2837.00;12.00;81.00;29.25;1.57;7.76;14.11;207.60;210.73;2.58;69195.00;62.00;62.00;43.00;4277.80;1003.72;800.77;5.00;1;0;1;0;0;1;0;0;0;0;0;1;1;0;0;0;0;0
1485825;0.71;1.00;61.00;2801.00;12.00;81.00;-30.00;0;0;14.11;238.48;238.93;2.58;69195.00;61.00;61.00;43.00;4439.60;1003.84;0;5.00;1;0;1;0;0;1;0;0;0;0;0;1;1;0;0;0;0;0
1487307;0.96;1.00;60.00;2752.00;12.00;81.00;30.00;1.18;7.30;14.11;341.91;336.66;2.58;69195.00;60.00;60.00;43.00;4365.40;1003.92;898.43;5.00;1;0;1;0;0;1;0;0;0;0;0;1;1;0;0;0;0;0
1488712;1.05;1.00;60.00;2760.00;12.00;81.00;30.00;1.57;8.07;14.11;351.46;332.63;2.58;69195.00;60.00;60.00;43.00;4348.00;1004.43;878.90;5.00;1;0;1;0;0;1;0;0;0;0;0;1;1;0;0;0;0;0
1490260;1.55;0.97;62.00;2895.00;12.00;81.00;32.25;3.53;12.92;14.11;351.50;311.02;2.58;69195.00;62.00;62.00;43.00;4516.20;1004.82;800.77;5.00;1;0;1;0;0;1;0;0;0;0;0;1;1;0;0;0;0;0
1491681;1.48;0.96;65.00;2985.00;12.00;81.00;33.75;3.53;12.35;14.11;200.59;181.57;2.58;69195.00;64.00;65.00;43.00;4508.80;1005.01;644.52;5.00;1;0;1;0;0;1;0;0;0;0;0;1;1;0;0;0;0;0
1493053;2.06;0.94;66.00;3057.00;12.00;81.75;35.25;5.49;16.08;14.21;336.48;331.40;2.58;69195.00;66.00;66.00;43.00;4492.20;1005.09;878.90;5.00;1;0;1;0;0;1;0;0;0;0;0;1;1;0;0;0;0;0
1494625;2.03;0.91;70.00;3224.00;12.00;81.75;36.75;5.88;18.00;14.11;322.93;341.38;2.58;69195.00;70.00;70.00;43.00;4575.40;1005.21;39.06;5.00;1;0;1;0;0;1;0;0;0;0;0;1;1;0;0;0;0;0
1496048;1.74;0.99;70.00;2961.00;12.00;81.75;33.75;3.92;13.79;14.11;299.67;270.24;2.58;69196.00;70.00;70.00;43.00;4422.20;1005.52;859.36;6.00;1;0;1;0;0;1;0;0;0;0;0;1;1;0;0;0;0;0
1497530;1.77;0.91;71.00;3038.00;12.00;81.75;34.50;4.71;15.39;14.11;113.76;85.40;2.58;69196.00;72.00;72.00;43.00;4496.40;1005.60;78.12;6.00;1;0;1;0;0;1;0;0;0;0;0;1;1;0;0;0;0;0
1499057;1.35;0.95;72.00;3051.00;12.00;81.75;35.25;3.14;11.57;14.11;323.12;320.94;2.58;69196.00;72.00;72.00;43.00;4525.00;1005.99;742.18;6.00;1;0;1;0;0;1;0;0;0;0;0;1;1;0;0;0;0;0
1500484;0.95;0.93;71.00;2951.00;12.00;81.75;33.75;1.57;8.41;14.11;329.43;329.26;2.58;69196.00;71.00;71.00;43.00;4527.00;1006.22;839.83;6.00;1;0;1;0;0;1;0;0;0;0;0;1;1;0;0;0;0;0
1502045;1.17;0.97;68.00;2894.00;12.00;81.75;33.00;1.96;9.46;14.21;234.44;280.86;2.58;69196.00;68.00;68.00;43.00;4499.60;1006.30;839.83;6.00;1;0;1;0;0;1;0;0;0;0;0;1;1;0;0;0;0;0
1503465;1.71;0.93;67.00;2892.00;12.00;81.75;32.25;4.31;14.77;14.11;113.66;188.68;2.58;69196.00;68.00;68.00;43.00;4504.40;1006.34;175.78;6.00;1;0;1;0;0;1;0;0;0;0;0;1;1;0;0;0;0;0
1505016;1.74;0.95;70.00;2937.00;12.00;81.75;33.75;4.31;14.34;14.11;333.88;328.96;2.58;69196.00;69.00;70.00;43.00;4507.60;1006.34;820.30;6.00;1;0;1;0;0;1;0;0;0;0;0;1;1;0;0;0;0;0
1506486;1.68;0.91;70.00;2983.00;12.00;82.50;33.75;4.31;14.91;14.11;296.25;301.70;2.58;69196.00;70.00;70.00;42.00;4509.20;1006.34;58.59;6.00;1;0;1;0;0;1;0;0;0;0;0;1;1;0;0;0;0;0
1507845;1.66;0.95;70.00;2944.00;12.00;82.50;33.75;3.92;14.20;14.21;253.81;262.39;2.58;69196.00;70.00;70.00;42.00;4517.20;1006.34;820.30;6.00;1;0;1;0;0;1;0;0;0;0;0;1;1;0;0;0;0;0
1509312;0.70;1.00;67.00;2879.00;12.00;82.50;-30.00;0;0;14.11;198.01;226.80;2.58;69196.00;68.00;68.00;42.00;4596.60;1006.50;19.53;6.00;1;0;1;0;0;1;0;0;0;0;0;1;1;0;0;0;0;0
1510728;0.90;1.00;63.00;2703.00;12.00;82.50;30.00;0.78;6.83;14.11;319.43;334.69;2.58;69196.00;64.00;64.00;42.00;4313.40;1006.46;898.43;6.00;1;0;1;0;0;1;0;0;0;0;0;1;1;0;0;0;0;0
1512217;1.40;0.98;61.00;2630.00;12.00;82.50;27.75;2.75;11.54;14.21;344.41;259.77;2.58;69196.00;62.00;62.00;42.00;4494.80;1006.61;800.77;6.00;1;0;1;0;0;1;0;0;0;0;0;1;1;0;0;0;0;0
1513691;1.77;0.93;62.00;2668.00;12.00;83.25;28.50;4.31;15.14;14.11;354.04;304.53;2.58;69196.00;62.00;63.00;42.00;4509.80;1006.85;78.12;6.00;1;0;1;0;0;1;0;0;0;0;0;1;1;0;0;0;0;0
1515075;1.45;0.96;63.00;2717.00;12.00;83.25;29.25;2.75;12.12;14.21;339.86;313.12;2.58;69196.00;63.00;63.00;42.00;4511.60;1006.81;781.24;6.00;1;0;1;0;0;1;0;0;0;0;0;1;1;0;0;0;0;0
1516610;0.76;1.00;61.00;2585.00;12.00;83.25;18.75;0;11.72;14.11;355.50;355.13;2.58;69196.00;61.00;61.00;42.00;4525.40;1007.12;19.53;6.00;1;0;1;0;0;1;0;0;0;0;0;1;1;0;0;0;0;0
1518129;0.86;1.00;57.00;2445.00;12.00;83.25;20.25;0;11.83;14.11;289.38;324.71;2.58;69196.00;58.00;57.00;43.00;4456.00;1007.28;898.43;6.00;1;0;1;0;0;1;0;0;1;0;0;1;1;0;0;0;0;0
1519534;1.15;1.00;55.00;1915.00;12.00;83.25;16.50;0.39;11.31;14.21;209.64;352.15;2.58;69196.00;56.00;55.00;38.00;4468.80;1007.47;898.43;5.00;1;0;1;0;0;1;0;0;1;0;0;1;1;0;0;0;0;0
1521017;1.72;1.00;56.00;2571.00;12.00;83.25;27.00;3.14;14.27;14.21;145.05;232.70;2.58;69196.00;56.00;56.00;42.00;4514.00;1007.55;878.90;5.00;1;0;1;0;0;1;0;0;1;0;0;1;1;0;0;0;0;0
1522490;1.53;0.95;56.00;2579.00;12.00;83.25;27.00;2.35;12.42;14.21;315.18;333.63;2.58;69196.00;56.00;56.00;42.00;4516.40;1007.55;878.90;5.00;1;0;1;0;0;1;0;0;1;0;0;1;1;0;0;0;0;0
1523977;1.24;0.90;55.00;2541.00;12.00;83.25;26.25;1.96;10.64;14.11;309.28;346.70;2.58;69196.00;55.00;55.00;42.00;4516.40;1007.63;429.68;5.00;1;0;1;0;0;1;0;0;1;0;0;1;1;0;0;0;0;0
1525444;1.65;0.92;56.00;2598.00;12.00;83.25;27.00;3.14;13.95;14.21;235.20;300.74;2.58;69196.00;56.00;56.00;42.00;4511.80;1007.67;78.12;5.00;1;0;1;0;0;1;0;0;1;0;0;1;1;0;0;0;0;0
1526961;1.66;0.94;57.00;2635.00;12.00;83.25;27.75;3.14;13.76;14.11;200.85;283.26;2.58;69196.00;58.00;57.00;42.00;4517.40;1007.79;859.36;5.00;1;0;1;0;0;1;0;0;1;0;0;1;1;0;0;0;0;0
1528465;1.43;0.90;60.00;2713.00;12.00;83.25;30.00;2.75;12.38;14.11;331.39;347.75;2.58;69196.00;60.00;59.00;42.00;4536.20;1007.86;839.83;5.00;1;0;1;0;0;1;0;0;1;0;0;1;1;0;0;0;0;0
1529896;0.85;0.87;60.00;2786.00;12.00;83.25;30.75;0.39;7.58;14.11;331.74;347.61;2.58;69196.00;60.00;60.00;42.00;4529.20;1008.06;878.90;5.00;1;0;1;0;0;1;0;0;1;0;0;1;1;0;0;0;0;0
1531410;1.13;0.83;58.00;2650.00;12.00;83.25;28.50;1.96;10.27;14.02;315.57;324.51;2.58;69196.00;59.00;58.00;42.00;4510.40;1008.45;19.53;5.00;1;0;1;0;0;1;0;0;1;0;0;1;1;0;0;0;0;0
1532918;1.47;0.90;61.00;2855.00;12.00;83.25;32.25;3.53;13.17;14.11;323.61;265.00;2.58;69196.00;61.00;62.00;42.00;4524.40;1008.57;39.06;5.00;1;0;1;0;0;1;0;0;0;0;0;1;1;0;0;0;0;0
1534511;1.38;0.96;62.00;2897.00;12.00;83.25;32.25;3.14;11.55;14.11;335.53;345.06;2.58;69196.00;63.00;63.00;42.00;4513.00;1008.69;234.37;5.00;1;0;1;0;0;1;0;0;0;0;0;1;1;0;0;0;0;0
1535957;0.70;1.00;65.00;2960.00;12.00;82.50;33.75;0.78;6.37;14.11;339.67;352.65;2.58;69196.00;66.00;65.00;42.00;4541.80;1008.76;898.43;5.00;1;0;1;0;0;1;0;0;0;0;0;1;1;0;0;0;0;0
1537463;1.50;0.95;65.00;3009.00;12.00;82.50;34.50;3.53;12.63;14.11;148.78;149.62;2.58;69196.00;64.00;65.00;42.00;4504.40;1008.80;820.30;5.00;1;0;1;0;0;1;0;0;0;0;0;1;1;0;0;0;0;0
1538939;0.72;0.90;62.00;2894.00;12.00;82.50;32.25;0.39;6.62;13.92;246.39;225.75;2.82;69196.00;62.00;62.00;42.00;4517.80;1008.84;39.06;5.00;1;0;1;0;0;1;0;0;0;0;0;1;1;0;0;0;0;0
1540461;1.11;1.00;58.00;2706.00;12.00;82.50;29.25;0.39;7.02;14.11;340.74;313.73;2.58;69196.00;59.00;58.00;42.00;4256.00;1008.88;214.84;5.00;1;0;1;0;0;1;0;0;0;0;0;1;1;0;0;0;0;0
1541949;1.25;1.00;57.00;2611.00;12.00;82.50;27.75;0.39;11.48;14.11;348.84;341.19;2.58;69196.00;57.00;57.00;42.00;4242.20;1008.92;703.12;5.00;1;0;1;0;0;1;0;0;1;0;0;1;1;0;0;0;0;0
1543454;1.33;0.99;56.00;2594.00;12.00;81.75;27.00;1.57;10.16;14.11;341.76;312.32;2.58;69196.00;56.00;56.00;43.00;4503.20;1009.15;898.43;5.00;1;0;1;0;0;1;0;0;1;0;0;1;1;0;0;0;0;0
1544889;1.77;0.93;58.00;2718.00;12.00;81.75;30.00;3.53;14.84;14.11;294.08;327.89;2.58;69196.00;59.00;59.00;43.00;4524.80;1009.15;742.18;5.00;1;0;1;0;0;1;0;0;0;0;0;1;1;0;0;0;0;0
1546524;0.95;0.92;60.00;2763.00;12.00;81.75;30.75;1.57;8.48;14.02;354.55;343.10;2.58;69196.00;60.00;60.00;43.00;4521.40;1009.51;58.59;5.00;1;0;1;0;0;1;0;0;0;0;0;1;1;0;0;0;0;0
1547992;0.86;1.00;58.00;2651.00;12.00;81.75;29.25;0.39;7.16;14.21;341.35;305.10;2.58;69196.00;58.00;58.00;43.00;4509.40;1009.78;898.43;5.00;1;0;1;0;0;1;0;0;0;0;0;1;1;0;0;0;0;0
1549481;1.58;0.95;60.00;2772.00;12.00;81.75;30.00;3.53;13.36;14.11;250.67;224.34;2.58;69196.00;59.00;60.00;43.00;4526.40;1009.90;429.68;5.00;1;0;1;0;0;1;0;0;0;0;0;1;1;0;0;0;0;0
1551044;1.77;0.93;61.00;2825.00;12.00;81.75;31.50;4.31;15.10;14.11;295.18;290.80;2.58;69196.00;61.00;61.00;43.00;4511.00;1010.01;175.78;5.00;1;0;1;0;0;1;0;0;0;0;0;1;1;0;0;0;0;0
1552483;1.62;0.94;63.00;2985.00;12.00;81.75;33.00;3.92;13.93;14.11;349.82;327.58;2.58;69197.00;63.00;64.00;43.00;4510.00;1010.05;859.36;5.00;1;0;1;0;0;1;0;0;0;0;0;1;1;0;0;0;0;0
1554048;0.83;0.99;63.00;2923.00;12.00;81.75;33.75;0.78;6.57;14.21;305.76;297.91;2.58;69197.00;64.00;63.00;43.00;4525.20;1010.05;878.90;5.00;1;0;1;0;0;1;0;0;0;0;0;1;1;0;0;0;0;0
1555511;0.85;0.95;62.00;2835.00;12.00;81.75;31.50;0.39;11.41;14.21;202.86;265.16;2.58;69197.00;62.00;62.00;43.00;4515.40;1010.13;878.90;5.00;1;0;1;0;0;1;0;0;0;0;0;1;1;0;0;0;0;0
1557097;1.15;0.92;60.00;2779.00;12.00;81.75;30.75;2.35;10.05;14.21;298.28;323.75;2.58;69197.00;60.00;60.00;43.00;4498.60;1010.37;97.66;5.00;1;0;1;0;0;1;0;0;0;0;0;1;1;0;0;0;0;0
1558576;1.17;0.95;60.00;2756.00;12.00;81.75;30.75;2.35;9.94;14.11;346.52;329.59;2.58;69197.00;60.00;60.00;43.00;4522.20;1010.83;742.18;5.00;1;0;1;0;0;1;0;0;0;0;0;1;1;0;0;0;0;0
1559945;0.85;0.91;60.00;2733.00;12.00;81.75;30.00;1.18;7.35;14.21;330.10;326.60;2.58;69197.00;60.00;59.00;43.00;4505.60;1011.03;58.59;5.00;1;0;1;0;0;1;0;0;0;0;0;1;1;0;0;0;0;0
1561454;0.94;1.00;57.00;2665.00;12.00;81.75;29.25;1.18;7.62;14.11;316.52;339.53;2.58;69197.00;58.00;57.00;43.00;4509.40;1011.22;878.90;5.00;1;0;1;0;0;1;0;0;0;0;0;1;1;0;0;0;0;0
1563043;1.28;0.95;56.00;2597.00;12.00;81.75;27.75;1.96;10.85;14.11;356.75;355.33;2.58;69197.00;57.00;56.00;43.00;4506.20;1011.26;859.36;5.00;1;0;1;0;0;1;0;0;1;0;0;1;1;0;0;0;0;0
1564628;1.41;0.90;57.00;2683.00;12.00;81.75;28.50;2.35;12.09;14.11;354.12;335.64;2.58;69197.00;57.00;58.00;43.00;4510.40;1011.30;703.12;5.00;1;0;1;0;0;1;0;0;1;0;0;1;1;0;0;0;0;0
1566051;1.37;0.90;57.00;2666.00;12.00;81.75;29.25;2.35;11.92;14.11;330.04;245.94;2.58;69197.00;58.00;58.00;43.00;4503.40;1011.46;58.59;5.00;1;0;1;0;0;1;0;0;1;0;0;1;1;0;0;0;0;0
1567475;1.32;0.92;57.00;2663.00;12.00;81.75;28.50;1.96;11.10;14.02;332.93;224.20;2.58;69197.00;58.00;58.00;43.00;4509.80;1011.69;859.36;5.00;1;0;1;0;0;1;0;0;1;0;0;1;1;0;0;0;0;0
1569004;0.94;0.88;57.00;2618.00;12.00;81.75;27.75;0.78;8.14;14.02;355.04;319.63;2.58;69197.00;58.00;58.00;43.00;4519.20;1011.89;136.72;5.00;1;0;1;0;0;1;0;0;1;0;0;1;1;0;0;0;0;0
1570407;0.98;0.92;57.00;2640.00;12.00;81.75;27.75;0.78;8.00;14.11;313.67;323.87;2.58;69197.00;58.00;57.00;43.00;4502.20;1011.97;839.83;5.00;1;0;1;0;0;1;0;0;1;0;0;1;1;0;0;0;0;0
1571908;0.86;1.00;56.00;2574.00;12.00;81.75;12.75;0;11.79;14.21;346.70;339.88;2.58;69197.00;57.00;56.00;43.00;4518.80;1012.20;58.59;5.00;1;0;1;0;0;1;0;0;1;0;0;1;1;0;0;0;0;0
1573420;1.11;1.00;56.00;2615.00;12.00;81.75;27.00;1.18;8.54;14.11;230.71;247.19;2.58;69197.00;56.00;56.00;43.00;4511.60;1012.44;898.43;5.00;1;0;1;0;0;1;0;0;1;0;0;1;1;0;0;0;0;0
1574884;1.18;0.95;57.00;2595.00;12.00;81.75;27.75;1.57;9.54;14.21;302.64;334.28;2.58;69197.00;57.00;57.00;43.00;4511.80;1012.51;878.90;5.00;1;0;1;0;0;1;0;0;1;0;0;1;1;0;0;0;0;0
1576451;1.55;0.90;57.00;2607.00;12.00;81.75;28.50;2.75;13.28;14.11;303.77;333.88;2.58;69197.00;58.00;58.00;43.00;4499.60;1012.55;878.90;5.00;1;0;1;0;0;1;0;0;0;0;0;1;1;0;0;0;0;0
1577967;1.66;0.93;62.00;2874.00;12.00;81.75;31.50;3.92;14.40;14.02;327.87;301.02;2.58;69197.00;62.00;62.00;43.00;4522.40;1012.55;488.28;5.00;1;0;1;0;0;1;0;0;0;0;0;1;1;0;0;0;0;0
1579428;1.64;0.96;63.00;2958.00;12.00;82.50;33.75;3.92;13.87;14.11;189.85;210.34;2.58;69197.00;64.00;64.00;42.00;4501.00;1012.90;839.83;5.00;1;0;1;0;0;1;0;0;0;0;0;1;1;0;0;0;0;0
1580925;1.45;0.91;66.00;3039.00;12.00;82.50;34.50;3.53;12.81;14.11;335.37;343.38;2.58;69197.00;66.00;66.00;42.00;4513.60;1013.33;78.12;5.00;1;0;1;0;0;1;0;0;0;0;0;1;1;0;0;0;0;0
1582351;3.26;1.00;67.00;3130.00;12.00;82.50;30.75;10.59;25.14;14.21;301.70;272.31;2.58;69197.00;68.00;68.00;42.00;4504.80;1013.53;820.30;5.00;1;0;1;0;0;1;0;0;0;0;0;1;1;0;0;0;0;0
1583833;2.41;0.97;71.00;3001.00;12.00;82.50;34.50;6.28;19.23;14.02;332.65;331.40;2.58;69197.00;70.00;71.00;42.00;4425.80;1013.69;820.30;6.00;1;0;1;0;0;1;0;0;0;0;0;1;1;0;0;0;0;0
1585369;1.50;0.97;71.00;3050.00;12.00;82.50;34.50;3.53;12.52;14.11;279.32;279.32;2.58;69197.00;71.00;71.00;42.00;4542.00;1013.72;859.36;6.00;1;0;1;0;0;1;0;0;0;0;0;1;1;0;0;0;0;0
1586744;2.20;0.97;71.00;3043.00;12.00;82.50;34.50;5.88;18.12;14.11;327.64;331.13;2.58;69197.00;71.00;72.00;42.00;4512.40;1013.76;820.30;6.00;1;0;1;0;0;1;0;0;0;0;0;1;1;0;0;0;0;0
1588207;1.80;0.92;72.00;3106.00;12.00;82.50;35.25;4.71;15.68;14.11;321.23;319.34;2.58;69197.00;72.00;73.00;42.00;4516.00;1013.76;429.68;6.00;1;0;1;0;0;1;0;0;0;0;0;1;1;0;0;0;0;0
1589494;1.91;0.97;72.00;3064.00;12.00;82.50;35.25;5.10;15.88;14.11;249.44;232.37;2.58;69197.00;73.00;72.00;42.00;4497.40;1013.76;683.59;6.00;1;0;1;0;0;1;0;0;0;0;0;1;1;0;0;0;0;0
1590993;1.91;0.91;72.00;3057.00;12.00;82.50;35.25;5.49;16.92;13.92;184.46;226.55;2.82;69197.00;72.00;73.00;42.00;4515.60;1013.76;78.12;6.00;1;0;1;0;0;1;0;0;0;0;0;1;1;0;0;0;0;0
1592451;1.19;0.94;71.00;3044.00;12.00;82.50;35.25;2.75;10.32;14.11;314.88;319.51;2.58;69197.00;71.00;72.00;42.00;4525.40;1013.76;859.36;6.00;1;0;1;0;0;1;0;0;0;0;0;1;1;0;0;0;0;0
1593985;3.15;0.89;68.00;2984.00;12.00;82.50;33.75;7.84;21.19;14.11;306.00;293.03;2.58;69197.00;69.00;69.00;42.00;4502.20;1013.76;859.36;6.00;1;0;1;0;0;1;0;0;0;0;0;1;1;0;0;0;0;0
1595457;1.96;0.91;71.00;3040.00;12.00;82.50;34.50;5.49;17.25;14.02;224.95;239.26;2.58;69197.00;71.00;72.00;42.00;4534.60;1013.92;58.59;6.00;1;0;1;0;0;1;0;0;0;0;0;1;1;0;0;0;0;0
1596934;1.58;0.95;71.00;3009.00;12.00;82.50;34.50;3.92;13.32;14.21;136.24;143.76;2.58;69197.00;71.00;71.00;42.00;4526.60;1013.84;878.90;6.00;1;0;1;0;0;1;0;0;0;0;0;1;1;0;0;0;0;0
1598462;1.26;0.96;68.00;2927.00;12.00;82.50;33.00;2.75;10.73;14.11;320.66;307.27;2.58;69197.00;68.00;69.00;42.00;4516.20;1014.00;839.83;6.00;1;0;1;0;0;1;0;0;0;0;0;1;1;0;0;0;0;0
1599851;0.78;0.91;66.00;2790.00;12.00;82.50;30.75;0.78;6.91;14.11;313.42;310.61;2.58;69197.00;66.00;66.00;42.00;4509.60;1014.04;761.71;6.00;1;0;1;0;0;1;0;0;0;0;0;1;1;0;0;0;0;0
1601363;2.38;0.97;65.00;2769.00;12.00;82.50;30.75;5.88;19.37;14.11;324.30;303.30;2.58;69197.00;65.00;65.00;42.00;4500.40;1014.15;878.90;6.00;1;0;1;0;0;1;0;0;0;0;0;1;1;0;0;0;0;0
1602832;2.39;0.91;68.00;2899.00;12.00;82.50;32.25;7.06;21.10;14.11;316.76;222.90;2.58;69197.00;68.00;68.00;42.00;4507.60;1014.27;58.59;6.00;1;0;1;0;0;1;0;0;0;0;0;1;1;0;0;0;0;0
1604274;1.69;0.97;68.00;2907.00;12.00;82.50;32.25;3.92;13.90;14.11;350.23;322.73;2.58;69197.00;68.00;68.00;42.00;4515.60;1014.35;839.83;6.00;1;0;1;0;0;1;0;0;0;0;0;1;1;0;0;0;0;0
1605713;1.31;0.92;67.00;2849.00;12.00;82.50;32.25;2.75;11.55;14.11;313.53;346.17;2.58;69197.00;67.00;67.00;42.00;4528.80;1014.23;761.71;6.00;1;0;1;0;0;1;0;0;0;0;0;1;1;0;0;0;0;0
1607176;1.68;1.00;62.00;2658.00;12.00;82.50;17.25;2.35;9.42;14.11;307.03;350.88;2.58;69197.00;63.00;63.00;42.00;4258.40;1014.04;839.83;6.00;1;0;1;0;0;1;0;0;0;0;0;1;1;0;0;0;0;0
1608795;1.65;0.96;61.00;2616.00;12.00;83.25;27.75;3.53;13.58;14.11;339.29;349.29;2.58;69198.00;62.00;62.00;42.00;4495.20;1014.19;722.65;6.00;1;0;1;0;0;1;0;0;0;0;0;1;1;0;0;0;0;0
1610275;1.36;0.93;61.00;2571.00;12.00;83.25;27.00;2.75;11.88;14.21;337.44;351.64;2.58;69198.00;61.00;61.00;42.00;4530.20;1014.19;78.12;6.00;1;0;1;0;0;1;0;0;0;0;0;1;1;0;0;0;0;0
1611713;0.82;1.00;57.00;2450.00;12.00;83.25;15.75;0;12.02;14.02;309.53;321.11;2.58;69198.00;58.00;58.00;46.00;4533.80;1014.31;839.83;6.00;1;0;1;0;0;1;0;0;1;0;0;1;1;0;0;0;0;0
1613206;0.86;1.00;53.00;2280.00;12.00;83.25;15.00;0;11.83;14.11;219.22;296.93;2.58;69198.00;53.00;54.00;35.00;4510.20;1014.35;39.06;6.00;1;0;1;0;0;1;0;0;1;0;0;1;1;0;0;0;0;0
1614725;0.98;1.00;47.00;1971.00;12.00;83.25;13.50;0;11.84;14.21;234.73;321.07;2.58;69198.00;47.00;47.00;35.00;4503.40;1014.66;39.06;6.00;1;0;1;0;0;1;0;0;1;0;0;1;1;0;0;0;0;0
1616188;1.06;1.00;42.00;1796.00;12.00;83.25;14.25;0;11.91;14.21;320.27;314.59;2.58;69198.00;42.00;42.00;35.00;4522.40;1014.82;58.59;6.00;1;0;1;0;0;1;0;0;1;0;0;1;1;0;0;0;0;0
1617622;1.20;1.02;40.00;1544.00;12.00;83.25;15.00;0;11.91;14.39;329.31;232.25;2.31;69198.00;40.00;40.00;34.00;4535.00;1014.86;859.36;5.00;1;0;1;0;0;1;0;0;1;0;0;1;1;0;0;0;0;0
1619126;2.05;1.00;37.00;2290.00;12.00;83.25;21.00;2.75;14.29;14.21;263.32;132.45;2.58;69198.00;37.00;37.00;42.00;4532.40;1014.97;859.36;4.00;1;0;1;0;0;1;0;0;1;0;0;1;1;0;0;0;0;0
1620595;1.85;0.95;38.00;2013.00;12.00;83.25;18.00;2.35;14.28;14.21;163.13;147.69;2.58;69198.00;39.00;39.00;42.00;4504.20;1014.97;214.84;4.00;1;0;1;0;0;1;0;0;1;0;0;1;1;0;0;0;0;0
1622057;1.91;0.97;40.00;2080.00;12.00;83.25;18.75;2.35;14.47;14.30;292.27;288.40;2.58;69198.00;40.00;40.00;42.00;4514.80;1015.01;839.83;4.00;1;0;1;0;0;1;0;0;1;0;0;1;1;0;0;0;0;0
1623570;1.59;0.95;40.00;2072.00;12.00;83.25;19.50;1.96;12.40;14.21;321.33;316.93;2.58;69198.00;41.00;40.00;42.00;4510.00;1014.94;585.93;4.00;1;0;1;0;0;1;0;0;1;0;0;1;1;0;0;0;0;0
1625041;1.47;0.95;40.00;2082.00;12.00;84.00;18.75;1.57;11.48;14.30;280.76;288.93;2.58;69198.00;40.00;40.00;41.00;4502.20;1014.97;195.31;4.00;1;0;1;0;0;1;0;0;1;0;0;1;1;0;0;0;0;0
1626423;1.50;0.96;38.00;1988.00;12.00;84.00;17.25;1.57;11.30;14.21;93.43;100.62;2.58;69198.00;38.00;38.00;41.00;4505.00;1015.01;351.56;4.00;1;0;1;0;0;1;0;0;1;0;0;1;1;0;0;0;0;0
1627903;1.80;0.97;37.00;1984.00;12.00;84.00;17.25;1.96;13.44;14.30;24.94;28.46;2.58;69198.00;38.00;38.00;41.00;4518.40;1014.97;585.93;4.00;1;0;1;0;0;1;0;0;1;0;0;1;1;0;0;0;0;0
1629356;2.57;0.97;41.00;2158.00;12.00;84.00;19.50;4.71;19.37;14.21;8.42;7.93;2.58;69198.00;41.00;41.00;41.00;4507.60;1015.01;683.59;4.00;1;0;1;0;0;1;0;0;1;0;0;1;1;0;0;0;0;0
1630840;3.07;0.96;46.00;2403.00;12.00;84.00;24.00;7.84;24.75;14.21;1.50;1.50;2.58;69198.00;45.00;46.00;41.00;4455.60;1015.01;97.66;4.00;1;0;1;0;0;1;0;0;1;0;0;1;1;0;0;0;0;0
1632330;3.10;0.96;51.00;2678.00;12.00;84.00;27.75;9.02;25.59;14.11;0.20;0.20;2.58;69198.00;51.00;51.00;41.00;4511.20;1014.86;722.65;4.00;1;0;1;0;0;1;0;0;1;0;0;1;1;0;0;0;0;0
1633699;3.62;0.94;55.00;2901.00;12.00;83.25;29.25;11.37;27.88;14.02;3.40;8.14;2.58;69198.00;55.00;56.00;42.00;4510.20;1014.90;839.83;4.00;1;0;1;0;0;1;0;0;1;0;0;1;1;0;0;0;0;0
1635257;2.41;0.93;60.00;3096.00;12.00;83.25;35.25;6.28;20.76;14.11;191.94;190.26;2.58;69198.00;59.00;60.00;42.00;4571.00;1014.70;156.25;4.00;1;0;1;0;0;1;0;0;1;0;0;1;1;0;0;0;0;0
1636723;0.70;1.00;53.00;2766.00;12.00;83.25;-30.00;0;0;14.11;234.52;212.06;2.58;69198.00;54.00;54.00;42.00;4532.60;1014.70;19.53;4.00;1;0;1;0;0;1;0;0;1;0;0;1;1;0;0;0;0;0
1638306;0.89;1.00;41.00;2196.00;12.00;82.50;15.00;0;11.83;14.30;268.19;152.65;2.58;69198.00;41.00;41.00;35.00;4450.40;1014.54;39.06;4.00;1;0;1;0;0;1;0;0;1;0;0;1;1;0;0;0;0;0
1639694;1.33;1.02;27.00;1467.00;12.00;82.50;14.25;0;11.87;14.39;214.60;230.98;2.31;69198.00;27.00;28.00;35.00;4481.60;1014.23;898.43;4.00;1;0;1;1;0;1;0;0;1;0;0;1;1;0;0;1;0;0
1641201;1.34;0.98;21.00;1317.00;12.00;82.50;12.75;0;11.60;14.49;214.85;298.95;2.31;69198.00;21.00;21.00;34.00;4511.80;1014.39;859.36;3.00;1;0;1;1;0;1;0;0;1;0;0;1;1;0;0;1;0;0
1642734;1.28;0.94;17.00;1290.00;12.00;82.50;13.50;0;11.73;14.39;190.65;196.26;2.31;69198.00;17.00;17.00;35.00;4512.60;1014.43;781.24;2.00;1;0;1;0;0;1;0;0;1;0;0;1;1;0;0;1;0;0
1644045;1.31;0.93;13.00;1272.00;12.00;82.50;15.00;0;11.97;14.30;176.69;264.75;2.58;69198.00;14.00;13.00;35.00;4517.60;1014.27;58.59;0;1;0;1;0;0;1;0;0;1;0;0;1;1;0;0;1;0;0
1645616;1.31;0.98;7.00;1304.00;12.00;82.50;12.00;0;11.46;14.39;209.07;295.78;2.31;69198.00;8.00;7.00;35.00;4508.40;1014.08;488.28;0;1;0;1;0;0;1;0;0;1;0;0;1;1;0;0;1;0;0
1647075;1.29;0.96;0;1264.00;12.00;82.50;14.25;0;11.83;14.30;274.77;245.69;2.58;69198.00;0;0;34.00;4503.20;1014.08;605.46;0;1;0;1;0;0;1;0;0;1;0;0;1;1;0;0;1;0;0
1648604;1.38;0.98;0;1254.00;12.00;82.50;15.75;0;12.06;14.30;263.67;188.52;2.58;69198.00;0;0;34.00;4509.40;1014.12;585.93;0;1;0;1;0;0;1;0;0;1;0;0;1;1;0;0;1;0;0
1650103;1.40;0.98;0;1261.00;12.00;82.50;15.00;0;11.93;14.39;321.11;185.40;2.31;69198.00;0;0;35.00;4513.40;1014.12;664.05;0;1;0;1;0;0;1;0;0;1;0;0;1;1;0;0;1;0;0
1651557;1.28;0.94;0;1264.00;12.00;82.50;15.00;0;11.89;14.39;338.20;255.37;2.31;69198.00;0;0;35.00;4505.20;1014.00;742.18;0;1;0;1;0;0;1;0;0;1;0;0;1;1;0;0;1;0;0
1653047;1.34;0.95;0;1245.00;12.00;82.50;16.50;0;12.17;14.39;199.67;302.70;2.31;69198.00;0;0;35.00;4512.40;1014.04;78.12;0;1;0;1;0;0;1;0;0;1;0;0;1;1;0;0;1;0;0
1654518;1.34;0.99;0;1238.00;12.00;83.25;15.75;0;12.03;14.49;183.80;316.87;2.31;69198.00;0;0;34.00;4509.20;1014.00;371.09;0;1;0;1;0;0;1;0;0;1;0;0;1;1;0;0;1;0;0
1655960;1.34;0.97;0;1241.00;12.00;83.25;15.75;0;11.97;14.39;212.76;284.02;2.31;69198.00;0;0;34.00;4510.80;1014.04;351.56;0;1;0;1;0;0;1;0;0;1;0;0;1;1;0;0;1;0;0
1657456;1.32;0.96;0;1271.00;12.00;83.25;13.50;0;11.60;14.30;296.15;282.93;2.58;69198.00;0;0;34.00;4517.40;1014.08;253.90;0;1;0;1;0;0;1;0;0;1;0;0;1;1;0;0;1;0;0
1658831;1.34;0.96;0;1275.00;12.00;83.25;13.50;0;11.57;14.39;233.34;204.58;2.31;69198.00;0;0;34.00;4513.40;1013.96;78.12;0;1;0;1;0;0;1;0;0;1;0;0;1;1;0;0;1;0;0
1660345;1.32;0.97;0;1256.00;12.00;83.25;15.00;0;11.75;14.39;135.62;176.26;2.31;69198.00;0;0;34.00;4521.40;1013.92;683.59;0;1;0;1;0;0;1;0;0;1;0;0;1;1;0;0;1;0;0
1661716;1.33;0.98;0;1267.00;12.00;84.00;12.75;0;11.85;14.39;209.60;159.13;2.31;69198.00;0;0;34.00;4509.80;1014.15;839.83;0;1;0;1;0;0;1;0;0;1;0;0;1;1;0;0;1;0;0
1663132;1.34;0.97;0;1242.00;12.00;84.00;15.75;0;11.88;14.39;166.32;128.04;2.31;69198.00;0;0;34.00;4519.20;1014.08;117.19;0;1;0;1;0;0;1;0;0;1;0;0;1;1;0;0;1;0;0
1664624;1.32;0.98;0;1251.00;12.00;84.00;15.00;0;11.75;14.39;172.84;122.49;2.31;69198.00;0;0;34.00;4521.40;1014.04;742.18;0;1;0;1;0;0;1;0;0;1;0;0;1;1;0;0;1;0;0
1666121;1.36;0.99;0;1221.00;12.00;84.00;17.25;0;12.13;14.49;106.32;94.84;2.31;69198.00;0;0;34.00;4513.00;1014.12;761.71;0;1;0;1;0;0;1;0;0;1;0;0;1;1;0;0;1;0;0
1667723;1.29;0.96;0;1242.00;12.00;84.00;15.75;0;11.82;14.39;78.90;99.00;2.31;69198.00;0;0;33.00;4515.40;1014.08;234.37;0;1;0;1;0;0;1;0;0;1;0;0;1;1;0;0;1;0;0
1669153;1.30;0.97;0;1239.00;12.00;84.00;16.50;0;11.89;14.30;42.61;54.18;2.58;69198.00;0;0;34.00;4508.40;1013.96;585.93;0;1;0;1;0;0;1;0;0;1;0;0;1;1;0;0;1;0;0
1670576;1.23;0.96;0;1314.00;12.00;84.00;12.00;0;11.23;14.30;43.71;33.38;2.58;69198.00;0;0;34.00;4516.80;1014.08;800.77;0;1;0;1;0;0;1;0;0;1;0;0;1;1;0;0;1;0;0
1672122;1.30;0.96;0;1255.00;12.00;84.00;15.00;0;11.77;14.39;96.91;38.32;2.31;69198.00;0;0;34.00;4525.20;1014.19;78.12;0;1;0;1;0;0;1;0;0;1;0;0;1;1;0;0;1;0;0
1673580;1.32;0.97;0;1237.00;12.00;84.75;15.00;0;11.78;14.49;162.10;135.66;2.31;69198.00;0;0;34.00;4515.60;1014.08;78.12;0;1;0;1;0;0;1;0;0;1;0;0;1;1;0;0;1;0;0
1675141;1.26;0.97;0;1275.00;12.00;84.75;12.75;0;11.34;14.49;121.20;108.80;2.31;69198.00;0;0;33.00;4503.20;1014.04;136.72;0;1;0;1;0;0;1;0;0;1;0;0;1;1;0;0;1;0;0
1676589;1.31;0.95;0;1262.00;12.00;84.75;13.50;0;11.46;14.39;80.44;60.29;2.31;69198.00;0;0;33.00;4514.80;1014.04;781.24;0;1;0;1;0;0;1;0;0;1;0;0;1;1;0;0;1;0;0
1677949;1.24;0.94;0;1309.00;12.00;84.75;12.00;0;11.22;14.49;40.47;46.23;2.31;69198.00;0;0;33.00;4520.40;1014.19;58.59;0;1;0;1;0;0;1;0;0;1;0;0;1;1;0;0;1;0;0
1679449;1.30;0.98;0;1266.00;12.00;84.75;13.50;0;11.46;14.49;73.90;92.26;2.31;69198.00;0;0;33.00;4508.60;1014.19;175.78;0;1;0;1;0;0;1;0;0;1;0;0;1;1;0;0;1;0;0
1680788;1.27;0.97;0;1292.00;12.00;84.75;12.00;0;11.17;14.39;33.42;44.06;2.31;69198.00;0;0;33.00;4542.20;1014.12;390.62;0;1;0;1;0;0;1;0;0;1;0;0;1;1;0;0;1;0;0
1682292;1.31;0.99;0;1263.00;12.00;84.75;13.50;0;11.37;14.30;15.08;18.87;2.58;69198.00;0;0;33.00;4518.20;1014.27;839.83;0;1;0;1;0;0;1;0;0;1;0;0;1;1;0;0;1;0;0
1683770;1.34;0.95;0;1201.00;12.00;84.75;19.50;0;12.23;14.49;6.41;9.92;2.31;69198.00;0;0;33.00;4510.00;1014.47;97.66;0;1;0;1;0;0;1;0;0;1;0;0;1;1;0;0;1;0;0
1685134;1.41;0.99;0;1253.00;12.00;84.75;15.00;0;11.62;14.49;9.06;20.60;2.31;69198.00;0;0;34.00;4512.40;1014.19;859.36;0;1;0;1;0;0;1;0;0;1;0;0;1;1;0;0;1;0;0
1686689;1.30;0.95;0;1236.00;12.00;84.75;15.00;0;11.73;14.39;26.09;36.44;2.31;69198.00;0;0;33.00;4520.80;1014.15;742.18;0;1;0;1;0;0;1;0;0;1;0;0;1;1;0;0;1;0;0
1688135;1.42;0.96;0;1223.00;12.00;84.75;16.50;0;12.03;14.39;54.53;70.44;2.31;69198.00;0;0;34.00;4508.00;1014.12;449.21;0;1;0;1;0;0;1;0;0;1;0;0;1;1;0;0;1;0;0
1689690;1.39;0.94;0;1164.00;12.00;84.75;21.00;0;12.67;14.39;60.37;63.22;2.31;69198.00;0;0;34.00;4506.20;1014.00;39.06;0;1;0;1;0;0;1;0;0;1;0;0;1;1;0;0;1;0;0
1691113;1.37;0.98;0;1258.00;12.00;84.75;13.50;0;11.54;14.39;50.19;107.53;2.31;69198.00;0;0;34.00;4517.00;1013.96;761.71;0;1;0;1;0;0;1;0;0;1;0;0;1;1;0;0;1;0;0
1692618;1.30;0.96;0;1244.00;12.00;84.75;15.00;0;11.77;14.39;91.89;133.06;2.31;69198.00;0;0;34.00;4533.80;1014.00;39.06;0;1;0;1;0;0;1;0;0;1;0;0;1;1;0;0;1;0;0
1694064;1.34;0.98;0;1233.00;12.00;84.75;15.00;0;12.06;14.39;84.90;155.07;2.31;69198.00;0;0;34.00;4522.80;1014.23;859.36;0;1;0;1;0;0;1;0;0;1;0;0;1;1;0;0;1;0;0
1695540;1.32;0.93;0;1210.00;12.00;84.75;17.25;0;12.16;14.49;64.72;121.77;2.31;69198.00;0;0;34.00;4498.80;1014.23;117.19;0;1;0;1;0;0;1;0;0;1;0;0;1;1;0;0;1;0;0
1696958;1.37;0.98;0;1262.00;12.00;84.75;13.50;0;11.61;14.49;136.18;173.37;2.31;69198.00;0;0;34.00;4522.40;1014.15;117.19;0;1;0;1;0;0;1;0;0;1;0;0;1;1;0;0;1;0;0
1698450;1.28;0.98;0;1246.00;12.00;84.75;14.25;0;11.58;14.49;71.79;97.06;2.31;69198.00;0;0;33.00;4518.00;1014.00;781.24;0;1;0;1;0;0;1;0;0;1;0;0;1;1;0;0;1;0;0
1699833;1.39;0.98;0;1236.00;12.00;84.75;15.75;0;11.74;14.39;36.11;49.35;2.31;69198.00;0;0;33.00;4526.20;1013.96;820.30;0;1;0;1;0;0;1;0;0;1;0;0;1;1;0;0;0;0;0
1701355;3.13;0.99;0;2199.00;12.00;84.75;21.00;6.28;23.13;14.30;13.79;22.60;2.58;69198.00;0;0;41.00;4530.80;1014.04;898.43;1;1;0;1;0;0;1;0;0;1;0;0;1;1;0;0;0;0;0
1702788;5.62;1.00;21.00;2683.00;12.00;84.75;15.75;25.10;39.04;14.02;4.59;5.04;2.58;69198.00;21.00;22.00;41.00;4522.60;1014.12;839.83;1;1;0;1;0;0;1;0;0;1;0;0;1;1;0;0;0;0;0
1704446;5.31;0.97;47.00;3666.00;12.00;85.50;24.75;22.75;37.12;14.02;1.19;6.21;2.58;69198.00;46.00;47.00;41.00;4509.40;1014.23;878.90;2.00;1;0;1;0;0;1;0;0;1;0;0;1;1;0;0;0;0;0
1705848;5.33;1.00;62.00;3868.00;12.00;85.50;24.75;23.14;38.30;14.11;0.84;0.86;2.58;69198.00;61.00;63.00;41.00;4462.20;1014.15;898.43;3.00;1;0;1;0;0;1;0;0;1;0;0;1;1;0;0;0;0;0
1707374;5.76;0.98;72.00;4456.00;12.00;85.50;22.50;32.16;42.81;14.02;0;2.34;2.58;69198.00;71.00;73.00;41.00;4497.20;1014.00;898.43;3.00;1;0;1;0;0;1;0;0;0;0;0;1;1;0;0;0;0;0
1708830;4.25;0.89;80.00;4166.00;12.00;85.50;27.75;21.96;36.02;14.11;2.50;2.01;2.58;69198.00;79.00;80.00;41.00;4569.40;1013.88;39.06;4.00;1;0;1;0;0;1;0;0;0;0;0;1;1;0;0;0;0;0
1710403;3.59;0.90;83.00;3882.00;12.00;84.75;33.00;16.47;28.81;14.11;3.71;2.38;2.58;69198.00;83.00;84.00;41.00;4525.20;1013.84;878.90;5.00;1;0;1;0;0;1;0;0;0;0;0;1;1;0;0;0;0;0
1711862;3.34;0.99;90.00;3800.00;12.00;84.75;35.25;12.94;26.13;13.92;0.10;1.70;2.82;69198.00;89.00;90.00;41.00;4480.40;1013.80;761.71;6.00;1;0;1;0;0;1;0;0;0;0;0;1;1;0;0;0;0;0
1713298;3.06;0.91;93.00;3947.00;12.00;84.00;36.00;12.55;25.96;14.11;0;2.68;2.58;69198.00;91.00;93.00;41.00;4517.80;1013.80;195.31;6.00;1;0;1;0;0;1;0;0;0;0;0;1;1;0;0;0;0;0
1714674;2.18;0.94;93.00;3973.00;12.00;84.00;42.75;7.06;18.29;14.11;3.40;0.57;2.58;69198.00;93.00;94.00;41.00;4506.60;1013.76;839.83;6.00;1;0;1;0;0;1;0;0;0;0;0;1;1;0;0;0;0;0
1716231;2.49;0.89;95.00;4014.00;12.00;83.25;40.50;9.02;21.79;14.11;43.14;307.15;2.58;69198.00;94.00;95.00;42.00;4507.60;1013.76;722.65;6.00;1;0;1;0;0;1;0;0;0;0;0;1;1;0;0;0;0;0
1717765;2.25;0.89;95.00;4038.00;12.00;82.50;42.75;7.84;19.89;14.11;337.58;212.47;2.58;69198.00;94.00;95.00;42.00;4516.60;1013.76;156.25;6.00;1;0;1;0;0;1;0;0;0;0;0;1;1;0;0;0;0;0
1719289;2.88;0.91;96.00;4095.00;12.00;81.75;38.25;11.37;24.64;14.02;181.36;170.97;2.58;69198.00;96.00;96.00;43.00;4519.00;1013.76;839.83;6.00;1;0;1;0;0;1;0;0;0;0;0;1;1;0;0;0;0;0
1720796;2.54;0.89;98.00;4173.00;12.00;81.00;40.50;9.81;22.20;14.02;310.27;305.70;2.58;69198.00;97.00;98.00;43.00;4513.20;1013.76;214.84;6.00;1;0;1;0;0;1;0;0;0;0;0;1;1;0;0;0;0;0
1722218;3.13;0.98;100.00;4214.00;12.00;81.00;39.00;11.37;24.64;13.92;334.31;317.50;2.82;69198.00;98.00;100.00;43.00;4499.20;1013.76;859.36;6.00;1;0;1;0;0;1;0;0;0;0;0;1;1;0;0;0;0;0
1723840;2.38;0.90;100.00;4210.00;12.00;80.25;42.75;8.63;20.56;14.02;110.11;91.09;2.58;69198.00;99.00;100.00;44.00;4518.00;1013.76;839.83;6.00;1;0;1;0;0;1;0;0;0;0;0;1;1;0;0;0;0;0
1725307;2.44;0.93;100.00;4201.00;12.00;80.25;42.75;8.24;20.37;14.11;6.93;5.76;2.58;69198.00;98.00;100.00;44.00;4504.80;1013.76;273.43;6.00;1;0;1;0;0;1;0;0;0;0;0;1;1;0;0;0;0;0
1726752;2.07;0.90;98.00;4162.00;12.00;80.25;44.25;7.06;18.15;13.92;0.33;0.27;2.82;69198.00;98.00;98.00;44.00;4506.00;1013.76;117.19;6.00;1;0;1;0;0;1;0;0;0;0;0;1;1;0;0;0;0;0
1728190;1.89;0.87;97.00;4113.00;12.00;80.25;44.25;6.67;17.14;14.02;2.38;0.86;2.58;69199.00;96.00;97.00;44.00;4504.80;1013.76;605.46;6.00;1;0;1;0;0;1;0;0;0;0;0;1;1;0;0;0;0;0
1729618;1.79;0.86;95.00;4048.00;12.00;80.25;45.00;6.28;16.46;14.11;0.66;0.43;2.58;69199.00;95.00;95.00;44.00;4511.80;1013.88;78.12;6.00;1;0;1;0;0;1;0;0;0;0;0;1;1;0;0;0;0;0
1731000;2.70;0.89;96.00;4061.00;12.00;80.25;39.00;10.59;23.89;14.11;2.30;0.90;2.58;69199.00;95.00;96.00;44.00;4536.20;1013.84;351.56;6.00;1;0;1;0;0;1;0;0;0;0;0;1;1;0;0;0;0;0
1732457;2.82;0.93;96.00;4103.00;12.00;80.25;39.00;10.59;23.59;14.11;0;2.87;2.58;69199.00;95.00;97.00;44.00;4514.80;1014.04;488.28;6.00;1;0;1;0;0;1;0;0;0;0;0;1;1;0;0;0;0;0
1733819;3.18;0.92;98.00;4153.00;12.00;80.25;36.00;13.33;26.79;14.11;0.33;2.73;2.58;69199.00;98.00;98.00;44.00;4519.20;1014.12;703.12;6.00;1;0;1;0;0;1;0;0;0;0;0;1;1;0;0;0;0;0
1735297;2.46;0.88;98.00;4181.00;12.00;80.25;42.00;9.02;21.55;14.02;0.59;0.43;2.58;69199.00;98.00;99.00;44.00;4510.00;1014.00;78.12;6.00;1;0;1;0;0;1;0;0;0;0;0;1;1;0;0;0;0;0
1736668;2.39;0.88;98.00;4144.00;12.00;80.25;41.25;9.02;21.26;14.11;0.23;0.27;2.58;69199.00;98.00;98.00;44.00;4511.00;1014.04;390.62;6.00;1;0;1;0;0;1;0;0;0;0;0;1;1;0;0;0;0;0
1738211;2.40;0.91;97.00;4140.00;12.00;80.25;42.75;8.63;20.72;14.11;0.80;0.33;2.58;69199.00;98.00;98.00;44.00;4506.00;1014.00;839.83;6.00;1;0;1;0;0;1;0;0;0;0;0;1;1;0;0;0;0;0
1739680;2.46;0.91;97.00;4155.00;12.00;80.25;41.25;8.63;21.02;14.11;0.59;0.66;2.58;69199.00;97.00;98.00;44.00;4537.60;1014.00;58.59;6.00;1;0;1;0;0;1;0;0;0;0;0;1;1;0;0;0;0;0
1741257;2.51;0.90;97.00;4129.00;12.00;80.25;40.50;9.41;21.78;14.02;0.33;0.27;2.58;69199.00;96.00;98.00;44.00;4502.20;1014.15;859.36;6.00;1;0;1;0;0;1;0;0;0;0;0;1;1;0;0;0;0;0
1742757;2.72;0.90;97.00;4141.00;12.00;81.00;39.00;10.59;23.36;14.11;142.43;138.98;2.58;69199.00;97.00;98.00;43.00;4524.80;1014.15;78.12;6.00;1;0;1;0;0;1;0;0;0;0;0;1;1;0;0;0;0;0
1744249;2.69;0.92;98.00;4157.00;12.00;81.00;39.75;10.20;22.94;14.02;317.17;308.85;2.58;69199.00;97.00;98.00;43.00;4504.60;1014.12;546.87;6.00;1;0;1;0;0;1;0;0;0;0;0;1;1;0;0;0;0;0
1745782;2.80;0.92;100.00;4231.00;11.25;81.00;39.75;10.59;23.52;14.11;301.11;345.74;2.58;69199.00;98.00;100.00;43.00;4502.40;1014.27;742.18;6.00;1;0;1;0;0;1;0;0;0;0;0;1;1;0;0;0;0;0
1747350;2.86;0.91;100.00;4260.00;11.25;81.00;39.00;11.37;24.28;14.11;248.91;254.57;2.58;69199.00;99.00;100.00;43.00;4528.20;1014.08;800.77;6.00;1;0;1;0;0;1;0;0;0;0;0;1;1;0;0;0;0;0
1748775;2.67;0.89;101.00;4263.00;11.25;81.00;40.50;10.59;23.16;14.11;147.53;159.23;2.58;69199.00;100.00;101.00;43.00;4502.00;1014.08;839.83;6.00;1;0;1;0;0;1;0;0;0;0;0;1;1;0;0;0;0;0
1750332;2.63;0.95;101.00;4282.00;11.25;81.00;42.00;9.41;21.45;14.11;283.28;304.36;2.58;69199.00;101.00;102.00;43.00;4490.80;1014.04;332.03;6.00;1;0;1;0;0;1;0;0;0;0;0;1;1;0;0;0;0;0
1751856;2.55;0.92;101.00;4282.00;11.25;81.00;41.25;9.41;21.68;14.11;305.57;333.77;2.58;69199.00;100.00;101.00;43.00;4511.40;1013.92;97.66;6.00;1;0;1;0;0;1;0;0;0;0;0;1;1;0;0;0;0;0
1753353;2.49;0.90;101.00;4293.00;11.25;81.75;41.25;9.41;21.62;14.11;316.62;296.66;2.58;69199.00;100.00;101.00;43.00;4510.20;1013.92;859.36;6.00;1;0;1;0;0;1;0;0;0;0;0;1;1;0;0;0;0;0
1754773;2.63;0.94;101.00;4286.00;11.25;81.75;41.25;9.41;21.64;14.02;321.50;251.84;2.58;69199.00;100.00;102.00;43.00;4511.00;1014.04;136.72;6.00;1;0;1;0;0;1;0;0;0;0;0;1;1;0;0;0;0;0
1756224;2.53;0.93;102.00;4301.00;11.25;81.75;42.00;9.02;21.26;14.11;348.24;333.94;2.58;69199.00;100.00;102.00;43.00;4512.00;1014.08;644.52;6.00;1;0;1;0;0;1;0;0;0;0;0;1;1;0;0;0;0;0
1757649;2.54;0.92;101.00;4277.00;11.25;81.75;42.00;9.02;21.34;14.02;326.17;314.53;2.58;69199.00;100.00;101.00;43.00;4538.40;1014.12;156.25;6.00;1;0;1;0;0;1;0;0;0;0;0;1;1;0;0;0;0;0
1758933;2.39;0.88;101.00;4312.00;11.25;81.75;42.00;9.02;21.25;14.11;276.60;314.90;2.58;69199.00;100.00;102.00;43.00;4498.20;1014.12;878.90;6.00;1;0;1;0;0;1;0;0;0;0;0;1;1;0;0;0;0;0
1760379;2.51;1.00;100.00;4246.00;11.25;81.75;44.25;7.84;18.95;14.02;232.90;183.29;2.58;69199.00;99.00;100.00;43.00;4525.20;1014.19;839.83;6.00;1;0;1;0;0;1;0;0;0;0;0;1;1;0;0;0;0;0
1761894;2.50;0.85;100.00;4245.00;11.25;81.75;40.50;10.20;22.93;14.21;352.91;313.91;2.58;69199.00;99.00;100.00;43.00;4549.00;1014.27;175.78;6.00;1;0;1;0;0;1;0;0;0;0;0;1;1;0;0;0;0;0
1763423;2.55;0.88;100.00;4238.00;11.25;81.75;41.25;9.81;22.35;14.02;329.30;327.65;2.58;69200.00;100.00;101.00;43.00;4526.40;1014.27;839.83;6.00;1;0;1;0;0;1;0;0;0;0;0;1;1;0;0;0;0;0
1764844;2.62;0.92;101.00;4290.00;11.25;81.75;41.25;9.81;22.10;14.11;337.56;318.48;2.58;69200.00;101.00;102.00;43.00;4509.80;1014.31;58.59;6.00;1;0;1;0;0;1;0;0;0;0;0;1;1;0;0;0;0;0
1766265;2.18;0.90;100.00;4240.00;11.25;81.75;44.25;7.84;18.94;14.11;214.28;252.05;2.58;69200.00;99.00;100.00;43.00;4514.60;1014.54;117.19;6.00;1;0;1;0;0;1;0;0;0;0;0;1;1;0;0;0;0;0
1767747;2.05;0.87;100.00;4211.00;11.25;81.75;44.25;7.45;18.51;14.02;317.40;335.15;2.58;69200.00;98.00;100.00;43.00;4489.80;1014.54;781.24;6.00;1;0;1;0;0;1;0;0;0;0;0;1;1;0;0;0;0;0
1769146;2.43;1.00;98.00;4203.00;11.25;81.75;44.25;7.84;19.01;14.11;326.11;316.13;2.58;69200.00;98.00;99.00;43.00;4508.80;1014.51;878.90;6.00;1;0;1;0;0;1;0;0;0;0;0;1;1;0;0;0;0;0
1770624;2.89;0.92;98.00;4210.00;11.25;81.75;39.75;10.59;23.30;14.21;212.58;234.93;2.58;69200.00;98.00;99.00;43.00;4545.20;1014.04;117.19;6.00;1;0;1;0;0;1;0;0;0;0;0;1;1;0;0;0;0;0
1772086;2.53;0.89;100.00;4245.00;11.25;81.75;41.25;9.81;22.05;14.02;97.59;152.80;2.58;69200.00;99.00;100.00;43.00;4531.20;1014.39;644.52;6.00;1;0;1;0;0;1;0;0;0;0;0;1;1;0;0;0;0;0
1773478;2.24;0.89;100.00;4249.00;11.25;81.75;43.50;8.24;19.73;14.21;290.31;329.82;2.58;69200.00;99.00;100.00;43.00;4506.60;1014.54;214.84;6.00;1;0;1;0;0;1;0;0;0;0;0;1;1;0;0;0;0;0
1774871;2.47;0.90;100.00;4254.00;11.25;81.75;42.00;9.02;21.26;14.21;274.87;348.81;2.58;69200.00;100.00;101.00;43.00;4520.40;1014.58;97.66;6.00;1;0;1;0;0;1;0;0;0;0;0;1;1;0;0;0;0;0
1776309;2.71;0.90;100.00;4249.00;11.25;81.75;40.50;10.20;22.77;14.11;272.19;290.67;2.58;69200.00;99.00;101.00;43.00;4531.40;1014.62;488.28;6.00;1;0;1;0;0;1;0;0;0;0;0;1;1;0;0;0;0;0
1777862;2.94;0.95;102.00;4344.00;11.25;81.75;39.00;11.77;24.62;14.02;243.71;289.43;2.58;69200.00;101.00;102.00;43.00;4514.80;1014.58;175.78;6.00;1;0;1;0;0;1;0;0;0;0;0;1;1;0;0;0;0;0
1779322;3.12;0.97;103.00;4392.00;11.25;81.75;39.00;12.16;24.84;14.02;324.73;354.78;2.58;69200.00;103.00;104.00;43.00;4528.20;1014.58;644.52;6.00;1;0;1;0;0;1;0;0;0;0;0;1;1;0;0;0;0;0
1780703;2.68;0.93;103.00;4406.00;11.25;81.75;42.00;10.20;22.35;14.11;324.16;350.39;2.58;69200.00;103.00;104.00;43.00;4519.60;1014.31;800.77;6.00;1;0;1;0;0;1;0;0;0;0;0;1;1;0;0;0;0;0
1782206;2.33;0.94;103.00;4414.00;11.25;81.75;44.25;8.24;19.34;14.11;337.40;310.94;2.58;69200.00;104.00;104.00;43.00;4492.00;1014.31;761.71;6.00;1;0;1;0;0;1;0;0;0;0;0;1;1;0;0;0;0;0
1783658;2.34;1.00;103.00;4370.00;11.25;81.75;45.00;7.45;18.42;14.02;272.52;275.02;2.58;69200.00;102.00;104.00;43.00;4466.60;1014.43;917.96;6.00;1;0;1;0;0;1;0;0;0;0;0;1;1;0;0;0;0;0
1785087;1.60;0.96;98.00;4167.00;11.25;81.75;46.50;5.10;13.14;14.11;327.26;344.94;2.58;69200.00;98.00;98.00;43.00;4505.40;1014.43;878.90;6.00;1;0;1;0;0;1;0;0;0;0;0;1;1;0;0;0;0;0
1786566;3.11;1.00;97.00;4150.00;11.25;81.75;39.00;10.59;23.78;14.11;283.15;294.16;2.58;69200.00;97.00;98.00;43.00;4548.00;1014.54;859.36;6.00;1;0;1;0;0;1;0;0;0;0;0;1;1;0;0;0;0;0
1787878;2.98;0.93;98.00;4212.00;11.25;81.75;39.00;11.37;24.61;14.11;253.71;273.85;2.58;69200.00;98.00;99.00;43.00;4522.40;1014.39;800.77;6.00;1;0;1;0;0;1;0;0;0;0;0;1;1;0;0;0;0;0
1789405;2.49;0.91;100.00;4238.00;11.25;81.75;42.00;9.02;21.25;14.11;155.73;173.41;2.58;69200.00;99.00;100.00;43.00;4510.00;1014.12;58.59;6.00;1;0;1;0;0;1;0;0;0;0;0;1;1;0;0;0;0;0
1790946;1.36;0.87;98.00;4152.00;11.25;81.75;45.75;4.71;12.48;14.02;326.31;287.15;2.58;69200.00;98.00;98.00;43.00;4497.60;1014.51;839.83;6.00;1;0;1;0;0;1;0;0;0;0;0;1;1;0;0;0;0;0
1792432;1.25;0.83;95.00;4006.00;11.25;81.75;45.75;4.31;12.02;14.11;254.03;307.25;2.58;69200.00;94.00;95.00;43.00;4506.60;1014.54;97.66;6.00;1;0;1;0;0;1;0;0;0;0;0;1;1;0;0;0;0;0
1793960;1.29;0.85;91.00;3880.00;11.25;81.75;45.00;4.31;12.00;14.11;242.74;237.31;2.58;69200.00;92.00;92.00;43.00;4515.20;1014.51;214.84;6.00;1;0;1;0;0;1;0;0;0;0;0;1;1;0;0;0;0;0
1795403;1.31;0.85;88.00;3788.00;11.25;81.75;43.50;4.31;12.25;14.02;183.84;175.65;2.58;69200.00;89.00;89.00;43.00;4507.80;1014.66;175.78;6.00;1;0;1;0;0;1;0;0;0;0;0;1;1;0;0;0;0;0
1796915;1.23;0.86;87.00;3686.00;11.25;81.75;42.00;3.92;11.42;14.02;322.93;334.43;2.58;69200.00;87.00;87.00;43.00;4520.60;1014.86;820.30;6.00;1;0;1;0;0;1;0;0;0;0;0;1;1;0;0;0;0;0
1798334;1.44;0.86;83.00;3563.00;11.25;81.75;40.50;4.31;13.23;14.21;353.40;334.80;2.58;69200.00;84.00;84.00;43.00;4499.60;1014.94;58.59;6.00;1;0;1;0;0;1;0;0;0;0;0;0;1;0;0;0;0;0
1799872;1.34;0.88;82.00;3481.00;11.25;81.75;39.75;3.92;12.21;14.11;324.63;344.80;2.58;69201.00;83.00;82.00;43.00;4511.80;1014.97;97.66;6.00;1;0;1;0;0;1;0;0;0;0;0;1;1;0;0;0;0;0
1801278;0.68;0.89;80.00;3383.00;11.25;81.75;39.00;1.18;6.10;14.11;244.67;243.64;2.58;69201.00;80.00;79.00;43.00;4527.20;1014.97;39.06;6.00;1;0;1;0;0;1;0;0;0;0;0;1;1;0;0;0;0;0
1802694;1.62;0.91;77.00;3257.00;11.25;81.75;37.50;4.31;14.31;14.21;337.73;332.54;2.58;69201.00;77.00;77.00;43.00;4502.60;1015.01;156.25;6.00;1;0;1;0;0;1;0;0;0;0;0;1;1;0;0;0;0;0
1804122;1.10;0.90;75.00;3150.00;11.25;81.75;36.00;2.75;9.91;14.11;346.68;345.82;2.58;69201.00;75.00;75.00;43.00;4506.20;1015.01;859.36;6.00;1;0;1;0;0;1;0;0;0;0;0;1;1;0;0;0;0;0
1805584;0.91;0.88;72.00;3047.00;11.25;81.75;35.25;1.57;8.31;14.02;270.02;247.21;2.58;69201.00;72.00;72.00;43.00;4523.20;1015.01;39.06;6.00;1;0;1;0;0;1;0;0;0;0;0;1;1;0;0;0;0;0
1807016;0.72;1.00;67.00;2836.00;11.25;82.50;-30.00;0;0;14.21;238.72;248.13;2.58;69201.00;68.00;67.00;42.00;4587.60;1015.01;0;6.00;1;0;1;0;0;1;0;0;0;0;0;1;1;0;0;0;0;0
1808535;2.47;1.00;62.00;2655.00;12.00;82.50;3.00;3.92;9.01;14.11;319.84;345.06;2.58;69201.00;63.00;63.00;42.00;4251.40;1015.01;820.30;6.00;1;0;1;0;0;1;0;0;0;0;0;1;1;0;0;0;0;0
1809857;2.00;0.95;62.00;2676.00;12.00;82.50;24.75;4.31;15.98;14.11;330.27;264.79;2.58;69201.00;63.00;63.00;42.00;4500.20;1015.01;800.77;6.00;1;0;1;0;0;1;0;0;0;0;0;1;1;0;0;0;0;0
1811412;0.98;0.93;61.00;2551.00;12.00;82.50;27.00;1.18;8.52;14.11;192.10;267.72;2.58;69201.00;61.00;61.00;42.00;4512.40;1015.01;859.36;6.00;1;0;1;0;0;1;0;0;0;0;0;1;1;0;0;0;0;0
1812871;1.22;0.91;58.00;2469.00;12.00;82.50;25.50;1.96;10.63;14.02;201.69;214.58;2.58;69201.00;59.00;59.00;42.00;4500.00;1015.01;78.12;6.00;1;0;1;0;0;1;0;0;0;0;0;1;1;0;0;0;0;0
1814353;2.71;0.96;61.00;2593.00;12.00;82.50;27.00;7.84;22.48;14.21;314.39;330.96;2.58;69201.00;61.00;61.00;42.00;4509.20;1015.01;624.99;6.00;1;0;1;0;0;1;0;0;0;0;0;1;1;0;0;0;0;0
1815864;1.81;1.00;65.00;2749.00;12.00;82.50;30.00;4.31;15.05;14.11;347.17;347.77;2.58;69201.00;64.00;65.00;42.00;4538.20;1015.01;800.77;6.00;1;0;1;0;0;1;0;0;0;0;0;1;1;0;0;0;0;0
1817253;1.82;0.94;65.00;2743.00;12.00;83.25;30.75;4.31;15.44;14.11;322.40;307.27;2.58;69201.00;65.00;65.00;42.00;4473.60;1015.01;898.43;6.00;1;0;1;0;0;1;0;0;0;0;0;1;1;0;0;0;0;0
1818757;2.27;0.91;68.00;2928.00;12.00;83.25;33.00;6.67;20.70;14.11;255.51;296.74;2.58;69201.00;68.00;69.00;42.00;4516.20;1015.01;859.36;6.00;1;0;1;0;0;1;0;0;0;0;0;1;1;0;0;0;0;0
1820171;1.98;0.96;70.00;2973.00;12.00;83.25;33.75;5.10;16.55;14.11;329.80;347.05;2.58;69201.00;69.00;70.00;42.00;4504.00;1015.01;820.30;6.00;1;0;1;0;0;1;0;0;0;0;0;1;1;0;0;0;0;0
1821599;2.10;0.91;71.00;3050.00;12.00;83.25;34.50;5.88;18.59;14.21;363.14;362.57;2.58;69201.00;71.00;72.00;42.00;4522.40;1015.01;781.24;6.00;1;0;1;0;0;1;0;0;0;0;0;1;1;0;0;0;0;0
1823056;2.36;0.92;73.00;3131.00;12.00;83.25;34.50;6.67;19.47;14.11;249.98;303.95;2.58;69201.00;73.00;74.00;42.00;4498.20;1015.01;742.18;6.00;1;0;1;0;0;1;0;0;0;0;0;1;1;0;0;0;0;0
1824532;2.70;0.95;76.00;3245.00;12.00;83.25;34.50;8.24;22.02;13.92;208.85;286.68;2.82;69201.00;76.00;76.00;42.00;4509.60;1015.01;410.15;6.00;1;0;1;0;0;1;0;0;0;0;0;1;1;0;0;0;0;0
1825882;2.74;1.00;80.00;3418.00;12.00;83.25;36.00;8.63;22.18;14.11;331.85;363.94;2.58;69201.00;79.00;80.00;42.00;4515.20;1015.01;898.43;6.00;1;0;1;0;0;1;0;0;0;0;0;1;1;0;0;0;0;0
1827317;1.78;0.94;80.00;3396.00;12.00;83.25;39.00;5.10;15.11;14.11;345.64;356.93;2.58;69201.00;80.00;80.00;42.00;4508.40;1015.01;839.83;6.00;1;0;1;0;0;1;0;0;0;0;0;1;1;0;0;0;0;0
1828766;1.94;0.88;81.00;3405.00;12.00;83.25;39.00;5.88;17.69;14.11;340.29;332.34;2.58;69201.00;80.00;81.00;42.00;4503.40;1015.01;253.90;6.00;1;0;1;0;0;1;0;0;0;0;0;1;1;0;0;0;0;0
1830239;1.87;0.88;81.00;3412.00;12.00;82.50;39.00;5.88;17.13;14.11;316.62;271.56;2.58;69201.00;81.00;81.00;42.00;4515.20;1015.01;97.66;6.00;1;0;1;0;0;1;0;0;0;0;0;1;1;0;0;0;0;0
1831595;1.86;0.90;81.00;3416.00;12.00;82.50;39.00;5.49;16.73;14.11;360.31;348.84;2.58;69201.00;80.00;81.00;42.00;4539.00;1015.01;664.05;6.00;1;0;1;0;0;1;0;0;0;0;0;1;1;0;0;0;0;0
1833032;1.69;0.88;80.00;3424.00;12.00;82.50;39.00;5.10;15.26;14.11;362.03;338.79;2.58;69201.00;80.00;81.00;42.00;4524.00;1015.01;546.87;6.00;1;0;1;0;0;1;0;0;0;0;0;1;1;0;0;0;0;0
1834434;1.07;0.89;78.00;3321.00;12.00;82.50;38.25;2.75;9.74;14.11;348.77;349.74;2.58;69201.00;79.00;79.00;42.00;4524.20;1015.01;839.83;6.00;1;0;1;0;0;1;0;0;0;0;0;1;1;0;0;0;0;0
1835890;1.04;0.85;76.00;3207.00;12.00;81.75;36.75;2.35;9.85;14.11;203.09;306.91;2.58;69201.00;76.00;76.00;43.00;4515.40;1015.01;78.12;6.00;1;0;1;0;0;1;0;0;0;0;0;1;1;0;0;0;0;0
1837373;1.49;0.90;73.00;3165.00;12.00;81.75;36.00;3.92;13.48;14.11;320.47;355.04;2.58;69201.00;73.00;74.00;43.00;4517.20;1015.01;58.59;6.00;1;0;1;0;0;1;0;0;0;0;0;1;1;0;0;0;0;0
1838765;1.86;0.93;73.00;3144.00;12.00;81.75;36.00;5.10;16.01;14.11;352.32;353.22;2.58;69201.00;73.00;74.00;43.00;4514.20;1015.01;683.59;6.00;1;0;1;0;0;1;0;0;0;0;0;1;1;0;0;0;0;0
1840165;1.94;0.97;72.00;3025.00;12.00;81.75;34.50;3.92;14.07;14.02;273.71;269.18;2.58;69201.00;72.00;72.00;43.00;4502.60;1015.01;859.36;6.00;1;0;1;0;0;1;0;0;0;0;0;1;1;0;0;0;0;0
1841681;1.72;0.91;71.00;3047.00;12.00;81.75;34.50;4.71;15.23;14.11;198.60;151.61;2.58;69201.00;71.00;72.00;43.00;4517.00;1015.01;117.19;6.00;1;0;1;0;0;1;0;0;0;0;0;1;1;0;0;0;0;0
1843102;2.06;0.90;72.00;3068.00;12.00;81.75;35.25;5.88;18.23;14.11;333.46;315.96;2.58;69201.00;72.00;73.00;43.00;4509.20;1015.01;78.12;6.00;1;0;1;0;0;1;0;0;0;0;0;1;1;0;0;0;0;0
1844536;1.87;0.93;72.00;3084.00;12.00;81.75;35.25;5.10;16.19;14.11;307.19;313.83;2.58;69201.00;73.00;73.00;43.00;4503.20;1015.01;195.31;6.00;1;0;1;0;0;1;0;0;0;0;0;1;1;0;0;0;0;0
1845940;2.06;0.95;72.00;3104.00;12.00;81.75;36.00;5.49;17.57;14.11;319.37;238.97;2.58;69201.00;73.00;73.00;43.00;4515.80;1015.01;820.30;6.00;1;0;1;0;0;1;0;0;0;0;0;1;1;0;0;0;0;0
1847487;1.42;1.00;73.00;3120.00;12.00;81.75;35.25;3.14;11.39;14.21;190.28;154.46;2.58;69201.00;73.00;74.00;43.00;4513.20;1015.01;878.90;6.00;1;0;1;0;0;1;0;0;0;0;0;1;1;0;0;0;0;0
1848895;1.41;0.95;72.00;3051.00;12.00;81.75;35.25;3.14;11.95;14.21;312.28;264.73;2.58;69202.00;72.00;72.00;43.00;4511.00;1015.01;839.83;6.00;1;0;1;0;0;1;0;0;0;0;0;1;1;0;0;0;0;0
1850401;2.16;0.94;72.00;3094.00;12.00;81.75;35.25;5.88;18.51;14.11;292.15;299.22;2.58;69202.00;72.00;72.00;43.00;4522.80;1015.01;722.65;6.00;1;0;1;0;0;1;0;0;0;0;0;1;1;0;0;0;0;0
1851876;0.70;1.00;70.00;2978.00;12.00;81.75;-30.00;0;0;14.21;156.65;132.82;2.58;69202.00;70.00;71.00;43.00;4585.00;1015.01;0;6.00;1;0;1;0;0;1;0;0;0;0;0;1;1;0;0;0;0;0
1853373;0.74;1.00;65.00;2750.00;12.00;81.75;-30.00;0;0;14.21;117.00;118.72;2.58;69202.00;65.00;65.00;43.00;4544.00;1015.01;0;6.00;1;0;1;0;0;1;0;0;0;0;0;1;1;0;0;0;0;0
1854967;0.89;1.00;57.00;2432.00;12.00;81.75;15.00;0;12.03;14.21;294.79;301.11;2.58;69202.00;57.00;57.00;48.00;4359.40;1015.01;58.59;6.00;1;0;1;0;0;1;0;0;1;0;0;1;1;0;0;0;0;0
1856430;1.02;1.00;45.00;1910.00;12.00;81.75;14.25;0;11.96;14.30;211.57;127.32;2.58;69202.00;46.00;45.00;36.00;4517.40;1015.01;39.06;6.00;1;0;1;0;0;1;0;0;1;0;0;1;1;0;0;0;0;0
1857892;1.36;1.01;36.00;1307.00;12.00;81.75;12.75;0;11.75;14.39;113.37;65.03;2.31;69202.00;36.00;36.00;35.00;4525.60;1015.01;898.43;5.00;1;0;1;0;0;1;0;0;1;0;0;1;1;0;0;0;0;0
1859423;1.22;0.96;26.00;1372.00;12.00;81.75;15.00;0;11.97;14.30;72.79;58.79;2.58;69202.00;27.00;27.00;35.00;4501.00;1015.01;859.36;4.00;1;0;1;0;0;1;0;0;1;0;0;1;1;0;0;1;0;0
1860877;1.36;0.92;20.00;1216.00;12.00;81.75;19.50;0;12.69;14.30;142.88;69.90;2.58;69202.00;20.00;20.00;35.00;4525.20;1015.01;136.72;4.00;1;0;1;1;0;1;0;0;1;0;0;1;1;0;0;1;0;0
1862407;1.38;0.95;16.00;1268.00;12.00;81.75;15.00;0;12.10;14.39;74.00;45.70;2.31;69202.00;16.00;16.00;36.00;4512.00;1015.01;97.66;3.00;1;0;1;1;0;1;0;0;1;0;0;1;1;0;0;1;0;0
1863848;1.43;0.95;11.00;1259.00;12.00;82.50;15.00;0;12.04;14.39;37.81;22.85;2.31;69202.00;11.00;11.00;35.00;4519.20;1015.01;781.24;0;1;0;1;0;0;1;0;0;1;0;0;1;1;0;0;1;0;0
1865452;1.42;0.94;7.00;1252.00;12.00;82.50;16.50;0;12.25;14.49;75.93;84.02;2.31;69202.00;7.00;7.00;35.00;4506.00;1015.01;97.66;0;1;0;1;0;0;1;0;0;1;0;0;1;1;0;0;1;0;0
1866982;1.38;0.94;5.00;1283.00;12.00;82.50;13.50;0;11.76;14.30;180.89;187.35;2.58;69202.00;5.00;5.00;35.00;4512.80;1015.01;839.83;0;1;0;1;0;0;1;0;0;1;0;0;1;1;0;0;1;0;0
1868479;1.35;0.93;0;1288.00;12.00;82.50;13.50;0;13.15;14.39;165.22;193.44;2.31;69202.00;0;0;35.00;4511.80;1015.09;624.99;0;1;0;1;0;0;1;0;0;1;0;0;1;1;0;0;1;0;0
1870064;1.23;0.91;0;1285.00;12.00;83.25;12.75;0;11.62;14.30;159.76;155.62;2.58;69202.00;0;0;35.00;4515.40;1015.05;19.53;0;1;0;1;0;0;1;0;0;1;0;0;1;1;0;0;1;0;0
1871529;1.32;0.96;0;1260.00;12.00;83.25;14.25;0;11.87;14.39;200.30;199.67;2.31;69202.00;0;0;35.00;4511.00;1015.05;78.12;0;1;0;1;0;0;1;0;0;1;0;0;1;1;0;0;1;0;0
1872987;1.33;0.98;0;1266.00;12.00;83.25;14.25;0;11.88;14.39;236.35;236.90;2.31;69202.00;0;0;35.00;4514.00;1015.05;58.59;0;1;0;1;0;0;1;0;0;1;0;0;1;1;0;0;1;0;0
1874389;1.38;1.00;0;1255.00;12.00;84.00;14.25;0;11.87;14.49;261.39;296.06;2.31;69202.00;0;0;35.00;4515.00;1015.05;117.19;0;1;0;1;0;0;1;0;0;1;0;0;1;1;0;0;1;0;0
1875922;1.38;0.98;0;1210.00;12.00;84.00;18.00;0;12.44;14.39;208.05;210.46;2.31;69202.00;0;0;34.00;4512.20;1015.05;839.83;0;1;0;1;0;0;1;0;0;1;0;0;1;1;0;0;1;0;0
1877374;1.27;0.93;0;1275.00;12.00;84.00;13.50;0;11.76;14.39;185.50;225.98;2.31;69202.00;0;0;35.00;4505.00;1015.05;19.53;0;1;0;1;0;0;1;0;0;1;0;0;1;1;0;0;1;0;0
1878777;1.42;0.97;0;1245.00;12.00;84.00;15.75;0;12.11;14.39;224.50;263.19;2.31;69202.00;0;0;35.00;4511.60;1015.05;781.24;0;1;0;1;0;0;1;0;0;1;0;0;1;1;0;0;1;0;0
1880233;1.39;0.98;0;1269.00;12.00;84.75;13.50;0;11.76;14.49;250.47;320.35;2.31;69202.00;0;0;35.00;4507.60;1015.05;820.30;0;1;0;1;0;0;1;0;0;1;0;0;1;1;0;0;1;0;0
1881709;1.28;0.95;0;1312.00;12.00;84.75;11.25;0;11.13;14.49;220.61;314.49;2.31;69202.00;0;0;35.00;4507.40;1015.05;58.59;0;1;0;1;0;0;1;0;0;1;0;0;1;1;0;0;1;0;0
1882931;1.38;0.99;0;1267.00;12.00;84.75;13.50;0;11.66;14.30;214.77;301.09;2.58;69202.00;0;0;35.00;4501.20;1015.05;195.31;0;1;0;1;0;0;1;0;0;1;0;0;1;1;0;0;1;0;0
1884454;1.39;0.98;0;1240.00;12.00;84.75;15.00;0;11.83;14.49;257.78;335.43;2.31;69202.00;0;0;34.00;4520.00;1015.05;800.77;0;1;0;1;0;0;1;0;0;1;0;0;1;1;0;0;1;0;0
1885861;1.32;0.97;0;1278.00;12.00;84.75;12.75;0;11.50;14.39;257.48;305.84;2.31;69202.00;0;0;34.00;4519.80;1015.05;58.59;0;1;0;1;0;0;1;0;0;1;0;0;1;1;0;0;1;0;0
1887409;1.39;0.97;0;1195.00;12.00;84.75;18.00;0;12.38;14.39;201.08;195.53;2.31;69202.00;0;0;34.00;4509.20;1015.05;839.83;0;1;0;1;0;0;1;0;0;1;0;0;1;1;0;0;1;0;0
1888898;1.38;0.97;0;1239.00;12.00;84.75;15.00;0;12.10;14.49;216.96;189.13;2.31;69202.00;0;0;34.00;4524.00;1015.05;624.99;0;1;0;1;0;0;1;0;0;1;0;0;1;1;0;0;1;0;0
1890368;1.31;0.96;0;1234.00;12.00;84.75;15.00;0;11.81;14.39;256.80;253.46;2.31;69202.00;0;0;34.00;4505.60;1015.05;273.43;0;1;0;1;0;0;1;0;0;1;0;0;1;1;0;0;1;0;0
1891827;1.38;0.97;0;1251.00;12.00;84.75;15.00;0;11.78;14.49;282.62;254.30;2.31;69202.00;0;0;34.00;4520.00;1015.05;78.12;0;1;0;1;0;0;1;0;0;1;0;0;1;1;0;0;1;0;0
1893273;1.30;0.97;0;1266.00;12.00;84.75;12.75;0;11.46;14.39;204.79;215.44;2.31;69202.00;0;0;34.00;4516.40;1015.05;742.18;0;1;0;1;0;0;1;0;0;1;0;0;1;1;0;0;1;0;0
1894743;1.26;0.98;0;1332.00;12.00;84.75;9.75;0;10.76;14.39;182.31;233.54;2.31;69202.00;0;0;34.00;4509.00;1015.05;410.15;0;1;0;1;0;0;1;0;0;1;0;0;1;1;0;0;1;0;0
1896130;1.28;0.96;0;1257.00;12.00;84.75;13.50;0;11.49;14.49;158.60;213.81;2.31;69202.00;0;0;33.00;4517.40;1015.05;820.30;0;1;0;1;0;0;1;0;0;1;0;0;1;1;0;0;1;0;0
1897670;1.30;0.95;0;1268.00;12.00;84.75;13.50;0;11.53;14.30;170.73;177.06;2.58;69202.00;0;0;34.00;4516.80;1015.05;58.59;0;1;0;1;0;0;1;0;0;1;0;0;1;1;0;0;1;0;0
1899089;1.36;0.99;0;1239.00;12.00;84.75;15.00;0;11.77;14.39;183.23;166.86;2.31;69202.00;0;0;34.00;4518.00;1015.05;820.30;0;1;0;1;0;0;1;0;0;1;0;0;1;1;0;0;1;0;0
1900530;1.38;0.97;0;1239.00;12.00;84.75;15.00;0;11.75;14.49;160.65;126.34;2.31;69202.00;0;0;34.00;4515.80;1015.05;566.40;0;1;0;1;0;0;1;0;0;1;0;0;1;1;0;0;1;0;0
1901971;1.33;0.95;0;1229.00;12.00;84.75;15.75;0;11.81;14.39;100.38;95.89;2.31;69202.00;0;0;33.00;4513.40;1015.05;449.21;0;1;0;1;0;0;1;0;0;1;0;0;1;1;0;0;1;0;0
1903447;1.43;0.96;0;1226.00;12.00;84.75;16.50;0;12.04;14.39;76.91;67.26;2.31;69202.00;0;0;34.00;4505.60;1015.05;97.66;0;1;0;1;0;0;1;0;0;1;0;0;1;1;0;0;1;0;0
1904862;1.30;0.96;0;1269.00;12.00;84.75;12.75;0;11.42;14.49;122.77;118.61;2.31;69202.00;0;0;34.00;4514.00;1015.05;839.83;0;1;0;1;0;0;1;0;0;1;0;0;1;1;0;0;1;0;0
1906427;1.33;0.94;0;1242.00;12.75;84.75;15.00;0;11.81;14.39;100.35;131.65;2.31;69202.00;0;0;35.00;4505.40;1015.05;58.59;0;1;0;1;0;0;1;0;0;1;0;0;1;1;0;0;1;0;0
1907934;1.44;0.97;0;1189.00;12.75;84.75;19.50;0;12.50;14.39;251.31;251.10;2.31;69202.00;0;0;34.00;4518.00;1015.05;878.90;0;1;0;1;0;0;1;0;0;1;0;0;1;1;0;0;1;0;0
1909458;1.51;0.97;0;1177.00;12.75;84.75;20.25;0;12.57;14.30;211.10;230.30;2.58;69202.00;0;0;34.00;4504.20;1015.05;839.83;0;1;0;1;0;0;1;0;0;1;0;0;0;1;0;0;1;0;0
1910903;1.26;0.93;0;1238.00;12.75;84.75;15.00;0;11.73;14.39;139.68;192.49;2.31;69202.00;0;0;33.00;4516.40;1015.05;546.87;0;1;0;1;0;0;1;0;0;1;0;0;1;1;0;0;1;0;0
1912269;1.30;0.95;0;1248.00;12.75;84.75;15.00;0;11.78;14.39;166.30;154.99;2.31;69202.00;0;0;35.00;4512.00;1015.05;39.06;0;1;0;1;0;0;1;0;0;1;0;0;1;1;0;0;1;0;0
1913712;1.26;0.97;0;1250.00;12.75;84.75;14.25;0;11.67;14.30;211.86;158.95;2.58;69202.00;0;0;33.00;4505.40;1015.05;839.83;0;1;0;1;0;0;1;0;0;1;0;0;1;1;0;0;1;0;0
1915059;1.43;0.95;0;1206.00;12.75;84.75;18.00;0;12.27;14.39;132.18;104.33;2.31;69202.00;0;0;33.00;4510.20;1015.05;97.66;0;1;0;1;0;0;1;0;0;1;0;0;1;1;0;0;1;0;0
1916566;1.23;0.95;0;1281.00;12.75;84.75;12.75;0;11.29;14.49;68.41;53.32;2.31;69202.00;0;0;33.00;4511.80;1015.05;742.18;0;1;0;1;0;0;1;0;0;1;0;0;1;1;0;0;1;0;0
1918047;1.30;0.95;0;1256.00;12.75;84.75;14.25;0;11.62;14.30;49.88;34.33;2.58;69202.00;0;0;33.00;4505.00;1015.05;78.12;0;1;0;1;0;0;1;0;0;1;0;0;1;1;0;0;1;0;0
1919507;1.36;0.95;0;1241.00;12.75;84.75;15.00;0;11.70;14.49;74.53;70.15;2.31;69202.00;0;0;34.00;4510.40;1015.05;683.59;0;1;0;1;0;0;1;0;0;1;0;0;1;1;0;0;1;0;0
1920982;1.38;0.95;0;1174.00;12.75;85.50;20.25;0;12.60;14.39;83.98;61.87;2.31;69202.00;0;0;34.00;4506.80;1015.05;58.59;0;1;0;1;0;0;1;0;0;1;0;0;1;1;0;0;1;0;0
1922433;1.28;0.99;0;1271.00;12.75;85.50;12.75;0;11.30;14.39;68.84;44.92;2.31;69202.00;0;0;33.00;4524.00;1015.05;742.18;0;1;0;1;0;0;1;0;0;1;0;0;1;1;0;0;1;0;0
1923913;1.38;0.97;0;1200.00;12.75;85.50;18.00;0;12.18;14.39;35.95;20.29;2.31;69202.00;0;0;33.00;4510.20;1015.05;527.34;0;1;0;1;0;0;1;0;0;1;0;0;1;1;0;0;1;0;0
1925379;1.26;0.96;0;1287.00;12.75;85.50;12.75;0;11.34;14.39;109.82;62.63;2.31;69202.00;0;0;34.00;4513.40;1015.05;742.18;0;1;0;1;0;0;1;0;0;1;0;0;1;1;0;0;1;0;0
1926822;1.42;0.94;0;1141.00;12.75;85.50;24.00;0;13.08;14.49;109.09;97.86;2.31;69202.00;0;0;34.00;4508.40;1015.05;644.52;0;1;0;1;0;0;1;0;0;1;0;0;1;1;0;0;1;0;0
1928287;1.29;0.95;0;1244.00;12.75;85.50;14.25;0;11.70;14.30;91.83;99.11;2.58;69202.00;0;0;34.00;4521.80;1015.05;97.66;0;1;0;1;0;0;1;0;0;1;0;0;1;1;0;0;1;0;0
1929744;1.29;0.96;0;1237.00;12.75;86.25;15.00;0;11.68;14.39;49.49;70.27;2.31;69202.00;0;0;33.00;4517.40;1015.05;449.21;0;1;0;1;0;0;1;0;0;1;0;0;0;1;0;0;1;0;0
1931216;1.26;0.98;0;1251.00;12.75;86.25;14.25;0;11.55;14.39;26.78;32.44;2.31;69202.00;0;0;33.00;4522.20;1015.05;468.74;0;1;0;1;0;0;1;0;0;1;0;0;1;1;0;0;1;0;0
1932685;1.25;0.96;0;1249.00;12.75;86.25;15.00;0;11.58;14.49;11.41;19.16;2.31;69202.00;0;0;33.00;4515.20;1015.05;468.74;0;1;0;1;0;0;1;0;0;1;0;0;1;1;0;0;1;0;0
1934007;1.32;0.98;0;1274.00;12.75;86.25;13.50;0;11.44;14.49;9.53;26.91;2.31;69202.00;0;0;34.00;4513.20;1015.05;800.77;0;1;0;1;0;0;1;0;0;1;0;0;1;1;0;0;1;0;0
1935550;1.33;0.93;0;1220.00;12.75;86.25;17.25;0;12.02;14.30;8.55;26.01;2.58;69202.00;0;0;33.00;4523.80;1015.05;39.06;0;1;0;1;0;0;1;0;0;1;0;0;1;1;0;0;1;0;0
1937022;1.22;0.96;0;1275.00;12.75;87.00;12.75;0;11.23;14.49;5.68;12.30;2.31;69202.00;0;0;33.00;4516.40;1015.05;78.12;0;1;0;1;0;0;1;0;0;1;0;0;1;1;0;0;1;0;0
1938525;1.27;0.95;0;1257.00;12.75;87.00;14.25;0;11.48;14.39;2.32;7.09;2.31;69202.00;0;0;33.00;4510.80;1015.05;136.72;0;1;0;1;0;0;1;0;0;1;0;0;1;1;0;0;1;0;0
1940018;1.34;0.98;0;1214.00;13.50;87.00;17.25;0;11.97;14.39;2.73;2.93;2.31;69202.00;0;0;33.00;4519.00;1015.09;664.05;0;1;0;1;0;0;1;0;0;1;0;0;1;1;0;0;1;0;0
1941382;1.27;0.95;0;1242.00;13.50;87.00;15.00;0;11.58;14.21;2.68;3.22;2.58;69202.00;0;0;33.00;4509.80;1015.05;39.06;0;1;0;1;0;0;1;0;0;1;0;0;1;1;0;0;1;0;0
1942905;1.32;0.97;0;1223.00;13.50;87.75;16.50;0;11.85;14.49;7.34;3.07;2.31;69202.00;0;0;33.00;4510.60;1015.05;156.25;0;1;0;1;0;0;1;0;0;1;0;0;1;1;0;0;1;0;0
1944434;1.33;0.99;0;1223.00;13.50;87.75;16.50;0;11.85;14.39;3.05;1.27;2.31;69202.00;0;0;32.00;4524.20;1015.05;839.83;0;1;0;1;1;0;1;0;0;1;0;0;1;1;0;0;1;0;0
1945871;1.23;0.95;0;1288.00;13.50;87.75;12.00;0;11.11;14.39;3.24;0.43;2.31;69202.00;0;0;33.00;4509.40;1015.05;742.18;1;1;0;1;1;0;1;0;0;1;0;0;1;1;0;0;1;0;0
1947296;1.30;0.95;0;1238.00;13.50;87.75;15.00;0;11.62;14.39;15.70;4.26;2.31;69202.00;0;0;33.00;4521.40;1015.05;58.59;1;1;0;1;1;0;1;0;0;1;0;0;1;1;0;0;1;0;0
1948675;1.44;0.99;0;1157.00;13.50;87.75;22.50;0;12.73;14.39;13.94;3.50;2.31;69202.00;0;0;34.00;4511.00;1015.05;839.83;1;1;0;1;1;0;1;0;0;1;0;0;1;1;0;0;1;0;0
1950161;1.24;0.95;0;1246.00;13.50;88.50;15.00;0;11.64;14.39;17.23;64.92;2.31;69202.00;0;0;33.00;4502.60;1015.05;117.19;1;1;0;1;0;0;1;0;0;1;0;0;1;1;0;0;0;0;0
1951741;1.48;0.98;0;1207.00;13.50;88.50;18.00;0;12.27;14.49;17.28;58.18;2.31;69202.00;0;0;34.00;4503.20;1015.05;781.24;1;1;0;1;0;0;1;0;0;1;0;0;1;1;0;0;0;0;0
1953031;1.42;0.99;0;1192.00;13.50;88.50;23.25;0;13.00;14.39;41.42;62.36;2.31;69202.00;0;0;34.00;4494.60;1015.05;878.90;1;1;0;1;1;0;1;0;0;1;0;0;1;1;0;0;0;0;0
1954501;1.35;0.95;0;1180.00;13.50;89.25;20.25;0;11.37;14.39;64.21;80.99;2.31;69202.00;0;0;33.00;4531.40;1015.05;800.77;1;1;0;1;0;0;1;0;0;1;0;0;1;1;0;0;0;0;0
1955986;1.35;0.95;0;1244.00;13.50;89.25;15.75;0;11.89;14.30;119.19;110.83;2.58;69202.00;0;0;34.00;4513.60;1015.05;58.59;1;1;0;1;0;0;1;0;0;1;0;0;1;1;0;0;0;0;0
1957538;1.49;0.97;0;1202.00;13.50;90.00;18.00;0;12.45;14.39;98.27;101.97;2.31;69202.00;0;0;35.00;4504.60;1015.05;117.19;1;1;0;1;0;0;1;0;0;1;0;0;1;1;0;0;0;0;0
1959024;1.44;0.99;0;1240.00;13.50;90.00;15.75;0;12.08;14.39;143.96;199.77;2.31;69202.00;0;0;35.00;4503.20;1015.05;957.02;1;1;0;1;0;0;1;0;0;1;0;0;1;1;0;0;0;0;0
1960487;5.01;1.00;15.00;2293.00;13.50;90.00;14.25;18.43;37.18;14.11;301.00;310.33;2.58;69202.00;14.00;15.00;38.00;4456.80;1015.13;859.36;1;1;0;1;0;0;1;0;0;1;0;0;1;1;0;0;0;0;0
1962083;2.22;0.98;35.00;3795.00;13.50;90.00;42.75;6.28;18.33;14.11;343.67;325.88;2.58;69202.00;34.00;35.00;38.00;4501.00;1015.13;878.90;1;1;0;1;0;0;1;0;0;0;0;0;1;1;0;0;0;0;0
1963527;1.75;1.00;40.00;3330.00;13.50;90.00;31.50;3.92;12.41;14.11;177.47;180.24;2.58;69202.00;40.00;40.00;38.00;4257.60;1015.17;898.43;2.00;1;0;1;0;0;1;0;0;1;0;0;1;1;0;0;0;0;0
1965096;3.56;0.92;51.00;3960.00;13.50;90.75;33.75;15.69;29.97;14.11;203.70;210.49;2.58;69202.00;49.00;51.00;38.00;4586.40;1015.09;878.90;2.00;1;0;1;0;0;1;0;0;0;0;0;1;1;0;0;0;0;0
1966610;5.34;1.00;61.00;3732.00;13.50;90.75;24.00;22.75;37.61;14.11;347.50;341.11;2.58;69202.00;59.00;61.00;38.00;4550.40;1015.13;859.36;3.00;1;0;1;0;0;1;0;0;1;0;0;1;1;0;0;0;0;0
1968127;4.63;0.98;72.00;4383.00;13.50;90.75;29.25;22.75;36.36;14.11;210.71;337.03;2.58;69202.00;71.00;72.00;38.00;4565.20;1015.05;781.24;3.00;1;0;1;0;0;1;0;0;1;0;0;1;1;0;0;0;0;0
1969603;4.94;1.00;80.00;4110.00;13.50;90.00;27.75;21.96;36.00;14.11;165.40;222.37;2.58;69202.00;78.00;80.00;38.00;4521.80;1015.13;742.18;4.00;1;0;1;0;0;1;0;0;0;0;0;1;1;0;0;0;0;0
1971057;2.36;1.00;86.00;3970.00;13.50;89.25;45.75;7.84;14.47;14.11;201.78;195.83;2.58;69202.00;85.00;86.00;39.00;4411.80;1015.13;878.90;4.00;1;0;1;0;0;1;0;0;0;0;0;1;1;0;0;0;0;0
1972577;2.71;0.95;90.00;4113.00;13.50;88.50;40.50;9.41;22.05;14.11;317.75;301.13;2.58;69202.00;89.00;90.00;39.00;4492.20;1015.09;742.18;5.00;1;0;1;0;0;1;0;0;0;0;0;1;1;0;0;0;0;0
1974052;1.70;1.00;88.00;4116.00;13.50;87.75;45.75;5.10;13.54;14.11;55.02;54.70;2.58;69202.00;89.00;89.00;40.00;4492.20;1015.01;898.43;5.00;1;0;1;0;0;1;0;0;0;0;0;1;1;0;0;0;0;0
1975616;2.05;0.89;87.00;4015.00;13.50;87.00;44.25;7.06;18.19;14.11;3.89;3.18;2.58;69202.00;86.00;87.00;40.00;4520.20;1015.01;97.66;5.00;1;0;1;0;0;1;0;0;0;0;0;1;1;0;0;0;0;0
1977040;1.66;0.89;87.00;3997.00;13.50;86.25;45.00;5.49;14.96;14.02;0.18;2.09;2.58;69202.00;86.00;87.00;41.00;4523.40;1014.94;781.24;5.00;1;0;1;0;0;1;0;0;0;0;0;1;1;0;0;0;0;0
1978484;1.28;0.97;85.00;3913.00;13.50;85.50;45.00;3.53;10.52;14.11;3.07;1.86;2.58;69202.00;84.00;85.00;41.00;4510.40;1014.97;898.43;5.00;1;0;1;0;0;1;0;0;0;0;0;1;1;0;0;0;0;0
1979949;1.93;0.94;83.00;3847.00;13.50;84.75;43.50;5.88;16.42;14.11;178.21;131.16;2.58;69202.00;83.00;84.00;42.00;4517.20;1015.01;878.90;5.00;1;0;1;0;0;1;0;0;0;0;0;1;1;0;0;0;0;0
1981462;1.09;0.92;82.00;3758.00;13.50;84.00;43.50;3.14;10.37;14.02;172.02;169.19;2.58;69202.00;81.00;82.00;42.00;4515.00;1015.01;898.43;5.00;1;0;1;0;0;1;0;0;0;0;0;1;1;0;0;0;0;0
1982973;2.56;0.99;77.00;3580.00;13.50;83.25;39.75;7.06;19.31;14.11;263.32;268.19;2.58;69202.00;78.00;78.00;43.00;4502.40;1015.01;859.36;5.00;1;0;1;0;0;1;0;0;0;0;0;1;1;0;0;0;0;0
1984457;2.76;0.94;81.00;3728.00;13.50;82.50;37.50;9.81;23.11;14.11;345.08;347.79;2.58;69202.00;80.00;81.00;43.00;4511.80;1015.01;859.36;5.00;1;0;1;0;0;1;0;0;0;0;0;1;1;0;0;0;0;0
1985927;4.15;0.92;86.00;3954.00;13.50;81.75;28.50;20.79;34.28;14.11;130.15;151.08;2.58;69202.00;85.00;86.00;44.00;4539.20;1015.01;839.83;5.00;1;0;1;0;0;1;0;0;0;0;0;1;1;0;0;0;0;0
1987389;5.64;0.99;92.00;4246.00;13.50;81.00;21.75;28.63;41.14;14.11;8.69;12.75;2.58;69202.00;91.00;93.00;44.00;4492.60;1015.01;917.96;5.00;1;0;1;0;0;1;0;0;0;0;0;1;1;0;0;0;0;0
1988774;3.04;0.90;92.00;3927.00;13.50;81.00;36.00;12.94;26.18;14.02;2.87;3.61;2.58;69202.00;92.00;93.00;44.00;4512.60;1015.01;839.83;6.00;1;0;1;0;0;1;0;0;0;0;0;1;1;0;0;0;0;0
1990153;3.10;0.92;95.00;4029.00;13.50;80.25;36.75;12.55;25.96;14.02;4.63;0.14;2.58;69202.00;95.00;95.00;44.00;4520.60;1015.01;703.12;6.00;1;0;1;0;0;1;0;0;0;0;0;1;1;0;0;0;0;0
1991609;2.82;0.90;96.00;4084.00;13.50;80.25;38.25;10.98;24.12;14.02;2.01;0.64;2.58;69202.00;94.00;96.00;44.00;4503.40;1014.94;156.25;6.00;1;0;1;0;0;1;0;0;0;0;0;1;1;0;0;0;0;0
1992929;2.30;0.92;96.00;4068.00;13.50;79.50;42.00;8.24;20.17;14.02;0.06;0;2.58;69202.00;96.00;96.00;45.00;4485.00;1014.97;839.83;6.00;1;0;1;0;0;1;0;0;0;0;0;1;1;0;0;0;0;0
1994376;2.56;0.93;95.00;4068.00;13.50;79.50;41.25;9.02;21.57;14.11;0.90;2.09;2.58;69202.00;94.00;96.00;45.00;4511.80;1015.01;683.59;6.00;1;0;1;0;0;1;0;0;0;0;0;1;1;0;0;0;0;0
1995838;2.48;0.91;95.00;4067.00;13.50;78.75;41.25;8.63;21.38;14.11;2.03;0.92;2.58;69202.00;94.00;95.00;45.00;4499.40;1014.90;859.36;6.00;1;0;1;0;0;1;0;0;0;0;0;1;1;0;0;0;0;0
1997264;2.43;0.90;95.00;4010.00;12.75;78.75;41.25;8.63;21.19;14.02;2.52;1.05;2.58;69203.00;94.00;95.00;45.00;4528.60;1014.90;820.30;6.00;1;0;1;0;0;1;0;0;0;0;0;1;1;0;0;0;0;0
1998732;2.45;0.94;93.00;3983.00;12.75;78.00;42.00;8.24;20.60;14.02;196.55;215.24;2.58;69203.00;94.00;94.00;46.00;4512.80;1014.86;800.77;6.00;1;0;1;0;0;1;0;0;0;0;0;1;1;0;0;0;0;0
2000127;2.07;0.92;92.00;3930.00;12.75;78.00;43.50;6.67;17.70;14.02;231.08;295.84;2.58;69203.00;92.00;93.00;46.00;4500.40;1014.90;898.43;6.00;1;0;1;0;0;1;0;0;0;0;0;1;1;0;0;0;0;0
2001648;3.00;0.92;93.00;3972.00;12.75;78.00;36.75;11.77;25.15;14.11;313.30;345.13;2.58;69203.00;93.00;93.00;46.00;4511.80;1014.82;507.81;6.00;1;0;1;0;0;1;0;0;0;0;0;1;1;0;0;0;0;0
2003131;2.89;0.92;95.00;4010.00;12.75;78.00;38.25;10.98;24.38;14.11;361.34;208.21;2.58;69203.00;94.00;95.00;46.00;4515.60;1014.70;410.15;6.00;1;0;1;0;0;1;0;0;0;0;0;1;1;0;0;0;0;0
2004682;2.84;0.94;96.00;4064.00;12.75;78.00;39.00;10.59;23.62;14.11;260.75;162.06;2.58;69203.00;95.00;96.00;46.00;4510.00;1014.78;546.87;6.00;1;0;1;0;0;1;0;0;0;0;0;1;1;0;0;0;0;0
2006158;2.98;0.96;96.00;4060.00;12.75;78.00;39.00;10.59;23.65;14.11;288.93;216.67;2.58;69203.00;95.00;96.00;46.00;4550.20;1014.66;644.52;6.00;1;0;1;0;0;1;0;0;0;0;0;1;1;0;0;0;0;0
2007566;2.70;0.89;96.00;4100.00;12.75;78.00;39.00;10.98;23.97;14.02;329.84;300.14;2.58;69203.00;96.00;97.00;46.00;4519.80;1014.70;820.30;6.00;1;0;1;0;0;1;0;0;0;0;0;1;1;0;0;0;0;0
2009128;2.57;0.94;97.00;4116.00;12.75;78.00;41.25;9.02;21.46;13.92;270.22;255.41;2.82;69203.00;96.00;97.00;46.00;4500.60;1014.70;78.12;6.00;1;0;1;0;0;1;0;0;0;0;0;1;1;0;0;0;0;0
2010691;1.74;0.99;96.00;4077.00;12.75;78.75;45.75;5.10;14.00;14.11;57.67;41.95;2.58;69203.00;96.00;96.00;45.00;4490.00;1014.62;859.36;6.00;1;0;1;0;0;1;0;0;0;0;0;1;1;0;0;0;0;0
2012158;2.60;0.90;95.00;4070.00;12.75;78.75;40.50;9.41;22.04;14.02;6.13;6.00;2.58;69203.00;94.00;95.00;45.00;4534.00;1014.86;58.59;6.00;1;0;1;0;0;1;0;0;0;0;0;1;1;0;0;0;0;0
2013637;2.76;0.91;95.00;4021.00;12.75;79.50;39.00;10.59;23.47;14.11;1.70;2.29;2.58;69203.00;95.00;96.00;45.00;4511.80;1014.82;800.77;6.00;1;0;1;0;0;1;0;0;0;0;0;1;1;0;0;0;0;0
2015159;2.65;0.90;96.00;4082.00;12.75;79.50;39.75;9.81;22.70;14.11;0.66;0;2.58;69203.00;95.00;96.00;45.00;4506.60;1014.94;429.68;6.00;1;0;1;0;0;1;0;0;0;0;0;1;1;0;0;0;0;0
2016718;2.58;0.90;96.00;4063.00;12.75;79.50;40.50;9.81;22.37;14.11;1.66;0.31;2.58;69203.00;95.00;96.00;45.00;4510.40;1014.86;761.71;6.00;1;0;1;0;0;1;0;0;0;0;0;1;1;0;0;0;0;0
2018165;2.72;0.96;96.00;4103.00;12.75;80.25;40.50;9.41;22.15;14.11;0;2.27;2.58;69203.00;95.00;97.00;44.00;4529.40;1014.86;585.93;6.00;1;0;1;0;0;1;0;0;0;0;0;1;1;0;0;0;0;0
2019671;2.46;0.90;96.00;4082.00;12.75;80.25;41.25;8.63;21.31;14.11;1.39;2.70;2.58;69203.00;95.00;96.00;44.00;4499.00;1014.74;273.43;6.00;1;0;1;0;0;1;0;0;0;0;0;1;1;0;0;0;0;0
2021138;2.11;0.93;95.00;4010.00;12.75;80.25;44.25;7.06;18.06;14.11;1.78;0.53;2.58;69203.00;94.00;95.00;44.00;4506.80;1014.86;449.21;6.00;1;0;1;0;0;1;0;0;0;0;0;1;1;0;0;0;0;0
2022511;2.64;0.89;93.00;3969.00;12.75;81.00;39.00;10.20;23.10;14.11;0.70;0;2.58;69203.00;93.00;93.00;44.00;4523.00;1014.78;800.77;6.00;1;0;1;0;0;1;0;0;0;0;0;1;1;0;0;0;0;0
2024063;2.61;0.91;93.00;3950.00;12.75;81.00;39.75;9.41;22.31;13.92;0.37;2.15;2.82;69203.00;92.00;94.00;44.00;4515.60;1014.82;761.71;6.00;1;0;1;0;0;1;0;0;0;0;0;1;1;0;0;0;0;0
2025480;2.61;0.93;93.00;3966.00;12.75;81.00;39.75;9.02;21.88;14.11;2.34;0.84;2.58;69203.00;93.00;94.00;44.00;4500.40;1014.78;156.25;6.00;1;0;1;0;0;1;0;0;0;0;0;1;1;0;0;0;0;0
2026934;2.51;0.90;93.00;3989.00;12.75;81.00;39.75;9.02;21.90;14.11;0.33;1.05;2.58;69203.00;92.00;94.00;44.00;4519.40;1014.78;820.30;6.00;1;0;1;0;0;1;0;0;0;0;0;1;1;0;0;0;0;0
2028412;2.51;0.91;93.00;3961.00;12.75;81.75;40.50;8.63;21.51;14.02;0;1.80;2.58;69203.00;93.00;94.00;44.00;4500.20;1014.62;97.66;6.00;1;0;1;0;0;1;0;0;0;0;0;1;1;0;0;0;0;0
2029756;2.48;0.90;93.00;3972.00;12.75;81.75;40.50;8.63;21.49;14.11;2.19;0.47;2.58;69203.00;93.00;94.00;44.00;4538.00;1014.74;781.24;6.00;1;0;1;0;0;1;0;0;0;0;0;1;1;0;0;0;0;0
2031245;2.11;0.95;93.00;3968.00;12.75;81.75;43.50;5.88;17.82;14.11;0.12;3.18;2.58;69203.00;94.00;94.00;44.00;4489.40;1014.82;898.43;6.00;1;0;1;0;0;1;0;0;0;0;0;1;1;0;0;0;0;0
2032651;2.41;0.89;93.00;3976.00;12.75;81.75;40.50;8.24;21.22;14.11;0.23;1.25;2.58;69203.00;92.00;94.00;44.00;4497.20;1014.82;859.36;6.00;1;0;1;0;0;1;0;0;0;0;0;1;1;0;0;0;0;0
2034167;1.90;0.88;92.00;3909.00;12.75;81.75;43.50;6.28;17.10;14.11;0.37;0;2.58;69203.00;92.00;92.00;44.00;4596.80;1014.66;19.53;6.00;1;0;1;0;0;1;0;0;0;0;0;1;1;0;0;0;0;0
2035585;1.46;1.00;86.00;3645.00;12.75;81.75;30.00;3.53;9.71;14.21;1.00;2.62;2.58;69204.00;87.00;86.00;44.00;4285.60;1014.74;859.36;6.00;1;0;1;0;0;1;0;0;0;0;0;1;1;0;0;0;0;0
2037041;0.82;1.00;81.00;3422.00;12.75;82.50;39.00;1.18;6.24;14.11;0;3.01;2.58;69204.00;81.00;81.00;43.00;4272.00;1014.90;878.90;6.00;1;0;1;0;0;1;0;0;0;0;0;1;1;0;0;0;0;0
2038668;1.58;0.96;78.00;3302.00;12.75;82.50;38.25;3.92;13.19;14.11;225.12;182.20;2.58;69204.00;78.00;79.00;43.00;4509.20;1014.97;761.71;6.00;1;0;1;0;0;1;0;0;0;0;0;1;1;0;0;0;0;0
2040216;3.10;0.95;78.00;3358.00;12.75;82.50;33.00;10.98;24.79;14.11;201.35;149.01;2.58;69204.00;78.00;79.00;43.00;4504.00;1015.01;58.59;6.00;1;0;1;0;0;1;0;0;0;0;0;1;1;0;0;0;0;0
2041745;2.87;0.96;82.00;3499.00;12.75;82.50;34.50;9.81;23.62;14.11;334.92;324.24;2.58;69204.00;81.00;82.00;43.00;4513.00;1015.01;214.84;6.00;1;0;1;0;0;1;0;0;0;0;0;1;1;0;0;0;0;0
2043193;2.47;0.91;83.00;3529.00;12.75;82.50;36.75;8.24;21.75;14.02;343.10;335.60;2.58;69204.00;82.00;83.00;43.00;4518.60;1014.94;781.24;6.00;1;0;1;0;0;1;0;0;0;0;0;1;1;0;0;0;0;0
2044620;2.94;0.93;85.00;3552.00;12.75;82.50;34.50;10.98;24.48;14.11;338.96;322.99;2.58;69204.00;84.00;85.00;43.00;4528.60;1014.97;156.25;6.00;1;0;1;0;0;1;0;0;0;0;0;1;1;0;0;0;0;0
2046176;2.82;0.95;87.00;3722.00;12.75;82.50;36.75;10.20;23.45;14.02;298.46;265.63;2.58;69204.00;85.00;87.00;43.00;4522.00;1015.01;800.77;6.00;1;0;1;0;0;1;0;0;0;0;0;1;1;0;0;0;0;0
2047593;2.39;0.95;86.00;3617.00;12.75;82.50;39.75;7.06;19.93;14.11;351.99;331.40;2.58;69204.00;85.00;86.00;43.00;4500.80;1015.01;878.90;6.00;1;0;1;0;0;1;0;0;0;0;0;1;1;0;0;0;0;0
2049104;1.96;0.88;85.00;3590.00;12.75;82.50;41.25;6.28;17.73;14.21;346.05;345.93;2.58;69204.00;85.00;85.00;43.00;4511.60;1015.01;117.19;6.00;1;0;1;0;0;1;0;0;0;0;0;1;1;0;0;0;0;0
2050581;1.94;0.90;83.00;3580.00;12.75;82.50;40.50;6.28;17.32;14.11;343.57;333.30;2.58;69204.00;83.00;84.00;43.00;4515.20;1014.97;78.12;6.00;1;0;1;0;0;1;0;0;0;0;0;1;1;0;0;0;0;0
2051952;2.02;0.91;83.00;3527.00;12.75;82.50;40.50;5.88;17.79;14.11;324.18;338.03;2.58;69204.00;83.00;84.00;43.00;4517.00;1015.01;195.31;6.00;1;0;1;0;0;1;0;0;0;0;0;1;1;0;0;0;0;0
2053339;2.32;0.93;82.00;3505.00;12.75;82.50;38.25;7.06;19.83;14.11;336.19;355.39;2.58;69204.00;82.00;83.00;43.00;4503.20;1015.01;136.72;6.00;1;0;1;0;0;1;0;0;0;0;0;1;1;0;0;0;0;0
2054852;2.33;0.92;82.00;3525.00;12.75;82.50;38.25;7.45;20.17;14.11;350.02;334.30;2.58;69204.00;82.00;83.00;43.00;4507.00;1015.01;761.71;6.00;1;0;1;0;0;1;0;0;0;0;0;1;1;0;0;0;0;0
2056267;2.46;0.94;83.00;3520.00;12.75;82.50;38.25;7.84;20.86;14.21;324.78;323.26;2.58;69204.00;82.00;83.00;43.00;4508.20;1015.01;781.24;6.00;1;0;1;0;0;1;0;0;0;0;0;1;1;0;0;0;0;0
2057682;2.44;0.96;83.00;3567.00;12.75;82.50;39.00;7.45;20.26;14.11;295.98;220.38;2.58;69204.00;83.00;84.00;43.00;4521.80;1014.94;781.24;6.00;1;0;1;0;0;1;0;0;0;0;0;1;1;0;0;0;0;0
2059153;2.34;0.97;82.00;3526.00;12.75;82.50;39.00;6.67;19.33;14.11;347.15;335.49;2.58;69204.00;82.00;83.00;43.00;4507.40;1014.90;800.77;6.00;1;0;1;0;0;1;0;0;0;0;0;1;1;0;0;0;0;0
2060609;2.60;0.94;83.00;3522.00;12.75;82.50;37.50;8.24;21.79;14.11;351.60;314.34;2.58;69204.00;82.00;83.00;43.00;4510.60;1014.97;800.77;6.00;1;0;1;0;0;1;0;0;0;0;0;1;1;0;0;0;0;0
2062062;2.56;0.97;83.00;3566.00;12.75;82.50;38.25;7.84;21.29;14.11;346.21;264.32;2.58;69204.00;83.00;84.00;43.00;4503.60;1015.01;566.40;6.00;1;0;1;0;0;1;0;0;0;0;0;1;1;0;0;0;0;0
2063568;2.35;0.98;83.00;3563.00;12.75;82.50;39.75;6.67;19.18;14.11;200.08;277.54;2.58;69204.00;84.00;84.00;43.00;4510.60;1014.97;800.77;6.00;1;0;1;0;0;1;0;0;0;0;0;1;1;0;0;0;0;0
2065088;2.89;1.01;83.00;3539.00;12.75;82.50;38.25;7.45;20.53;14.21;311.84;344.98;2.58;69204.00;83.00;84.00;43.00;4499.80;1014.94;859.36;6.00;1;0;1;0;0;1;0;0;0;0;0;1;1;0;0;0;0;0
2066375;2.55;0.90;83.00;3546.00;12.75;82.50;36.75;8.63;22.42;14.11;335.88;342.77;2.58;69204.00;83.00;84.00;43.00;4508.00;1014.86;703.12;6.00;1;0;1;0;0;1;0;0;0;0;0;1;1;0;0;0;0;0
2067828;2.39;0.93;83.00;3558.00;12.75;82.50;39.00;7.45;20.47;14.02;276.41;340.92;2.58;69204.00;83.00;84.00;43.00;4509.00;1014.70;839.83;6.00;1;0;1;0;0;1;0;0;0;0;0;1;1;0;0;0;0;0
2069154;2.42;0.93;82.00;3524.00;12.75;82.50;38.25;7.84;20.85;14.11;181.77;233.34;2.58;69204.00;82.00;83.00;43.00;4506.80;1014.47;839.83;6.00;1;0;1;0;0;1;0;0;0;0;0;1;1;0;0;0;0;0
2070682;2.45;0.93;82.00;3478.00;12.75;82.50;37.50;7.45;20.72;14.11;319.80;269.42;2.58;69204.00;81.00;82.00;43.00;4520.60;1014.39;117.19;6.00;1;0;1;0;0;1;0;0;0;0;0;1;1;0;0;0;0;0
2072154;2.41;0.92;81.00;3444.00;12.00;82.50;36.75;7.45;20.76;14.21;341.31;220.26;2.58;69204.00;80.00;81.00;43.00;4512.20;1014.04;58.59;6.00;1;0;1;0;0;1;0;0;0;0;0;1;1;0;0;0;0;0
2073578;2.18;0.90;80.00;3398.00;12.00;82.50;38.25;6.67;19.30;14.11;207.29;330.90;2.58;69204.00;79.00;80.00;43.00;4515.20;1014.00;78.12;6.00;1;0;1;0;0;1;0;0;0;0;0;1;1;0;0;0;0;0
2075043;2.28;0.90;80.00;3370.00;12.00;82.50;37.50;7.06;20.29;14.11;218.31;317.73;2.58;69204.00;80.00;79.00;43.00;4505.60;1013.92;781.24;6.00;1;0;1;0;0;1;0;0;0;0;0;1;1;0;0;0;0;0
2076448;1.12;1.00;78.00;3320.00;12.00;82.50;38.25;2.35;9.48;14.11;269.67;336.68;2.58;69204.00;79.00;79.00;43.00;4525.20;1013.84;898.43;6.00;1;0;1;0;0;1;0;0;0;0;0;1;1;0;0;0;0;0
2077907;0.66;1.00;73.00;3135.00;12.00;82.50;-30.00;0;0;14.11;322.36;352.05;2.58;69205.00;74.00;74.00;43.00;4558.00;1013.80;0;6.00;1;0;1;0;0;1;0;0;0;0;0;1;1;0;0;0;0;0
2079339;0.68;1.00;68.00;2878.00;12.00;82.50;-30.00;0;0;14.11;331.54;335.08;2.58;69205.00;68.00;68.00;43.00;4619.20;1013.80;0;6.00;1;0;1;0;0;1;0;0;0;0;0;1;1;0;0;0;0;0
2080690;0.74;1.00;63.00;2673.00;12.00;82.50;-30.00;0;0;14.11;198.82;327.50;2.58;69205.00;64.00;63.00;43.00;4488.80;1013.80;0;6.00;1;0;1;0;0;1;0;0;0;0;0;1;1;0;0;0;0;0
2082183;0.80;1.00;60.00;2530.00;12.75;82.50;18.75;0;11.91;14.11;319.80;356.56;2.58;69205.00;60.00;60.00;43.00;4304.40;1013.88;58.59;6.00;1;0;1;0;0;1;0;0;1;0;0;1;1;0;0;0;0;0
2083750;0.90;1.00;50.00;2140.00;12.75;82.50;14.25;0;11.90;14.21;157.06;190.28;2.58;69205.00;51.00;50.00;35.00;4512.60;1013.84;19.53;6.00;1;0;1;1;0;1;0;0;1;0;0;1;1;0;0;0;0;0
2085319;1.02;1.00;40.00;1873.00;12.75;82.50;13.50;0;11.95;14.30;86.13;114.93;2.58;69205.00;40.00;40.00;36.00;4534.40;1013.80;78.12;5.00;1;0;1;0;0;1;0;0;1;0;0;1;1;0;0;0;0;0
2086850;1.15;0.99;30.00;1617.00;12.75;82.50;15.00;0;11.95;14.30;58.65;73.88;2.58;69205.00;30.00;30.00;35.00;4504.40;1013.88;898.43;4.00;1;0;1;0;0;1;0;0;1;0;0;1;1;0;0;0;0;0
2088166;1.29;0.95;22.00;1299.00;12.75;82.50;13.50;0;11.76;14.30;141.71;129.97;2.58;69205.00;22.00;22.00;35.00;4500.80;1014.54;878.90;3.00;1;0;1;0;0;1;0;0;1;0;0;1;1;0;0;1;0;0
2089670;1.30;0.93;15.00;1274.00;12.75;82.50;15.00;0;11.94;14.39;269.14;186.55;2.31;69205.00;15.00;15.00;36.00;4505.20;1014.82;58.59;0;1;0;1;0;0;1;0;0;1;0;0;1;1;0;0;1;0;0
2091192;1.38;0.96;11.00;1184.00;12.75;83.25;20.25;0;12.85;14.39;203.70;110.83;2.31;69205.00;12.00;12.00;36.00;4521.60;1014.94;136.72;0;1;0;1;0;0;1;0;0;1;0;0;1;1;0;0;1;0;0
2092683;1.39;0.97;7.00;1215.00;12.75;83.25;18.00;0;12.51;14.49;201.18;117.82;2.31;69205.00;8.00;8.00;35.00;4513.60;1014.97;859.36;0;1;0;1;1;0;1;0;0;1;0;0;1;1;0;0;1;0;0
2094128;1.38;0.95;5.00;1212.00;12.75;83.25;18.00;0;12.48;14.39;260.67;225.69;2.31;69205.00;5.00;5.00;35.00;4521.00;1015.01;78.12;1;1;0;1;0;0;1;0;0;1;0;0;1;1;0;0;0;0;0
2095597;1.29;0.96;5.00;1257.00;12.75;83.25;15.00;0;11.97;14.49;250.57;217.80;2.31;69205.00;5.00;5.00;35.00;4500.60;1015.01;136.72;1;1;0;1;0;0;1;0;0;1;0;0;1;1;0;0;0;0;0
2097151;1.37;0.96;3.00;1290.00;12.75;83.25;12.75;0;11.72;14.30;134.72;109.06;2.58;69205.00;3.00;3.00;36.00;4513.40;1015.01;722.65;1;1;0;1;0;0;1;0;0;1;0;0;1;1;0;0;0;0;0
2098817;1.39;0.94;0;1244.00;12.75;84.00;16.50;0;12.42;14.39;56.01;52.95;2.31;69205.00;0;0;37.00;4508.20;1015.01;78.12;1;1;0;1;0;0;1;0;0;1;0;0;1;1;0;0;0;0;0
2100287;1.87;0.97;0;1474.00;12.75;84.00;12.75;1.57;14.05;14.30;78.37;53.16;2.58;69205.00;0;0;43.00;4574.80;1015.01;19.53;1;1;0;1;0;0;1;0;0;1;0;0;1;1;0;0;0;0;0
2101809;1.30;1.01;6.00;1369.00;12.75;84.00;15.00;0;11.83;14.39;220.36;102.12;2.31;69205.00;6.00;6.00;35.00;4469.40;1015.01;898.43;1;1;0;1;0;0;1;0;0;1;0;0;1;1;0;0;0;0;0
2103199;1.45;0.98;3.00;1250.00;12.75;84.75;14.25;0;11.78;14.49;241.98;129.86;2.31;69205.00;3.00;3.00;34.00;4513.00;1015.01;859.36;1;1;0;1;0;0;1;0;0;1;0;0;1;1;0;0;0;0;0
2104683;1.23;0.93;0;1281.00;12.75;84.75;12.75;0;11.46;14.39;228.75;177.45;2.31;69205.00;0;0;34.00;4519.20;1015.01;332.03;1;1;0;1;1;0;1;0;0;1;0;0;1;1;0;0;1;0;0
2106147;1.31;0.95;0;1227.00;12.75;84.75;16.50;0;12.13;14.39;299.90;251.10;2.31;69205.00;0;0;34.00;4517.00;1015.01;58.59;1;1;0;1;1;0;1;0;0;1;0;0;1;1;0;0;1;0;0
2107696;1.37;0.98;0;1244.00;12.75;84.75;15.00;0;11.87;14.39;326.68;277.50;2.31;69205.00;0;0;35.00;4522.20;1015.01;742.18;1;1;0;1;1;0;1;0;0;1;0;0;1;1;0;0;1;0;0
2109129;1.28;0.97;0;1277.00;12.75;84.75;12.75;0;11.52;14.39;307.38;322.66;2.31;69205.00;0;0;34.00;4515.40;1015.01;58.59;0;1;0;1;0;0;1;0;0;1;0;0;1;1;0;0;1;0;0
2110516;1.33;0.97;0;1230.00;12.75;84.75;15.75;0;11.99;14.39;319.41;339.90;2.31;69205.00;0;0;34.00;4524.00;1015.01;429.68;0;1;0;1;0;0;1;0;0;1;0;0;1;1;0;0;1;0;0
2112095;1.34;0.97;0;1212.00;12.75;84.75;16.50;0;12.16;14.39;322.46;317.93;2.31;69205.00;0;0;34.00;4514.40;1015.01;78.12;0;1;0;1;0;0;1;0;0;1;0;0;1;1;0;0;1;0;0
2113461;1.37;0.98;0;1234.00;12.75;84.75;15.00;0;11.81;14.39;336.95;323.81;2.31;69205.00;0;0;34.00;4514.60;1015.01;761.71;0;1;0;1;0;0;1;0;0;1;0;0;1;1;0;0;1;0;0
2114977;1.38;0.97;0;1248.00;12.75;84.75;14.25;0;11.71;14.49;274.12;304.34;2.31;69205.00;0;0;34.00;4509.80;1015.01;781.24;0;1;0;1;0;0;1;0;0;1;0;0;1;1;0;0;1;0;0
2116369;1.28;0.96;0;1273.00;12.75;84.75;12.00;0;11.36;14.39;212.80;339.43;2.31;69205.00;0;0;34.00;4508.80;1015.01;761.71;0;1;0;1;0;0;1;0;0;1;0;0;1;1;0;0;1;0;0
2117724;1.28;0.95;0;1261.00;12.75;84.75;14.25;0;11.75;14.49;245.84;270.02;2.31;69205.00;0;0;35.00;4510.60;1015.01;58.59;0;1;0;1;0;0;1;0;0;1;0;0;1;1;0;0;1;0;0
2119172;1.43;1.00;0;1231.00;12.75;84.75;15.75;0;11.99;14.39;267.03;302.60;2.31;69205.00;0;0;34.00;4516.40;1015.01;761.71;0;1;0;1;0;0;1;0;0;1;0;0;1;1;0;0;1;0;0
2120602;1.35;0.97;0;1228.00;12.75;84.75;15.00;0;11.79;14.39;314.65;293.20;2.31;69205.00;0;0;33.00;4512.20;1015.01;97.66;0;1;0;1;0;0;1;0;0;1;0;0;1;1;0;0;1;0;0
2122108;1.33;0.98;0;1220.00;12.75;84.75;16.50;0;11.93;14.39;180.50;142.16;2.31;69205.00;0;0;33.00;4528.20;1015.01;820.30;0;1;0;1;0;0;1;0;0;1;0;0;1;1;0;0;1;0;0
2123484;1.30;0.96;0;1230.00;12.75;84.75;16.50;0;12.82;14.39;128.82;130.01;2.31;69205.00;0;0;35.00;4516.00;1015.01;58.59;0;1;0;1;0;0;1;0;0;1;0;0;1;1;0;0;1;0;0
2124890;1.30;1.00;0;1264.00;12.75;84.75;13.50;0;11.54;14.30;205.69;145.89;2.58;69205.00;0;0;33.00;4518.80;1015.01;859.36;0;1;0;1;0;0;1;0;0;1;0;0;1;1;0;0;1;0;0
2126333;1.35;0.97;0;1234.00;12.75;84.00;16.50;0;12.03;14.39;170.73;120.34;2.31;69205.00;0;0;34.00;4509.80;1015.01;117.19;0;1;0;1;0;0;1;0;0;1;0;0;1;1;0;0;1;0;0
2127740;1.33;0.97;0;1264.00;12.75;84.00;14.25;0;11.68;14.39;142.14;135.58;2.31;69205.00;0;0;34.00;4512.40;1015.01;781.24;0;1;0;1;0;0;1;0;0;1;0;0;1;1;0;0;1;0;0
2129238;1.27;0.97;0;1292.00;12.75;84.00;12.75;0;11.37;14.30;96.24;99.37;2.58;69205.00;0;0;34.00;4511.20;1015.01;839.83;0;1;0;1;0;0;1;0;0;1;0;0;1;1;0;0;1;0;0
2130717;1.30;0.94;0;1242.00;12.75;84.00;15.75;0;11.89;14.49;73.06;139.62;2.31;69205.00;0;0;34.00;4512.40;1015.01;781.24;0;1;0;1;0;0;1;0;0;1;0;0;1;1;0;0;1;0;0
2132165;1.33;0.94;0;1274.00;12.75;84.00;13.50;0;11.60;14.30;153.04;158.17;2.58;69205.00;0;0;34.00;4502.40;1015.01;58.59;0;1;0;1;0;0;1;0;0;1;0;0;1;1;0;0;1;0;0
2133650;1.30;0.99;0;1280.00;13.50;84.00;12.75;0;11.47;14.49;166.75;142.69;2.31;69205.00;0;0;34.00;4512.80;1015.01;761.71;0;1;0;1;0;0;1;0;0;1;0;0;1;1;0;0;1;0;0
2135132;1.27;0.95;0;1252.00;13.50;84.00;14.25;0;11.72;14.39;226.78;241.72;2.31;69205.00;0;0;33.00;4513.00;1015.01;800.77;0;1;0;1;0;0;1;0;0;1;0;0;1;1;0;0;1;0;0
2136498;1.34;0.94;0;1235.00;13.50;84.00;16.50;0;12.07;14.39;229.01;241.98;2.31;69205.00;0;0;34.00;4515.60;1015.01;58.59;0;1;0;1;0;0;1;0;0;1;0;0;1;1;0;0;1;0;0
2137969;1.27;0.98;0;1330.00;13.50;84.00;10.50;0;10.95;14.39;223.66;234.77;2.31;69205.00;0;0;34.00;4524.20;1015.01;58.59;0;1;0;1;0;0;1;0;0;1;0;0;1;1;0;0;1;0;0
2139290;1.32;0.96;0;1242.00;13.50;84.00;15.75;0;11.71;14.39;173.33;191.47;2.31;69205.00;0;0;34.00;4519.20;1015.01;722.65;0;1;0;1;0;0;1;0;0;1;0;0;1;1;0;0;1;0;0
2140751;1.25;0.94;0;1295.00;13.50;84.00;12.00;0;11.33;14.39;221.49;267.15;2.31;69205.00;0;0;34.00;4515.60;1015.01;39.06;0;1;0;1;0;0;1;0;0;1;0;0;1;1;0;0;1;0;0
2142211;1.27;0.95;0;1256.00;13.50;84.00;14.25;0;11.75;14.49;204.65;310.29;2.31;69205.00;0;0;34.00;4509.60;1015.01;605.46;0;1;0;1;0;0;1;0;0;1;0;0;1;1;0;0;1;0;0
2143736;1.31;0.96;0;1245.00;13.50;84.00;15.00;0;11.81;14.49;204.42;233.21;2.31;69205.00;0;0;34.00;4512.20;1015.01;703.12;0;1;0;1;1;0;1;0;0;1;0;0;1;1;0;0;1;0;0
2145208;1.28;0.94;0;1223.00;13.50;84.75;15.75;0;11.90;14.39;141.16;159.27;2.31;69205.00;0;0;33.00;4523.00;1015.01;39.06;1;1;0;1;0;0;1;0;0;1;0;0;1;1;0;0;0;0;0
2146672;1.26;0.98;0;1318.00;13.50;84.75;12.75;0;11.77;14.39;243.21;195.63;2.31;69205.00;0;0;34.00;4505.20;1015.01;898.43;1;1;0;1;0;0;1;0;0;1;0;0;1;1;0;0;0;0;0
2148206;1.23;1.00;0;2314.00;13.50;84.75;18.00;0;12.39;14.30;316.39;186.61;2.58;69205.00;0;0;43.00;4538.00;1015.01;937.49;1;1;0;1;0;0;1;0;0;1;0;0;1;1;0;0;0;0;0
2149718;3.48;0.98;15.00;2018.00;13.50;84.75;18.00;7.84;27.79;14.21;248.32;167.39;2.58;69205.00;15.00;15.00;42.00;4504.60;1015.01;859.36;1;1;0;1;0;0;1;0;0;1;0;0;1;1;0;0;0;0;0
2151301;2.82;0.89;32.00;3560.00;13.50;84.75;35.25;9.81;25.11;14.30;298.44;233.31;2.58;69205.00;31.00;32.00;42.00;4527.80;1015.01;917.96;1;1;0;1;0;0;1;0;0;1;0;0;1;1;0;0;0;0;0
2152829;4.95;1.00;46.00;3578.00;12.75;84.75;28.50;18.04;32.88;14.02;352.46;312.13;2.58;69205.00;45.00;46.00;42.00;4401.40;1015.01;898.43;2.00;1;0;1;0;0;1;0;0;1;0;0;1;1;0;0;0;0;0
2154279;5.33;1.00;57.00;4447.00;12.75;84.75;27.75;25.49;38.39;14.02;332.75;295.06;2.58;69205.00;56.00;58.00;42.00;4578.40;1014.86;58.59;2.00;1;0;1;0;0;1;0;0;1;0;0;1;1;0;0;0;0;0
2155841;2.78;0.89;63.00;3925.00;12.75;84.75;38.25;9.81;24.47;14.02;218.97;233.17;2.58;69205.00;64.00;64.00;42.00;4486.60;1014.82;97.66;3.00;1;0;1;0;0;1;0;0;1;0;0;1;1;0;0;0;0;0
2157322;2.50;0.93;65.00;3963.00;12.75;84.75;41.25;7.84;21.35;14.02;207.88;219.69;2.58;69205.00;64.00;65.00;42.00;4518.80;1014.74;78.12;3.00;1;0;1;0;0;1;0;0;1;0;0;1;1;0;0;0;0;0
2158834;0.52;1.00;62.00;3776.00;12.75;84.00;-30.00;0;0;14.11;257.76;339.31;2.58;69205.00;62.00;62.00;42.00;4574.40;1014.19;0;3.00;1;0;1;0;0;1;0;0;0;0;0;1;1;0;0;0;0;0
2160319;0.61;1.00;53.00;3243.00;12.75;84.00;-30.00;0;0;14.02;326.19;348.34;2.58;69205.00;54.00;53.00;42.00;4574.00;1013.96;0;3.00;1;0;1;0;0;1;0;0;1;0;0;1;1;0;0;0;0;0
2161734;0.71;1.00;46.00;2756.00;12.75;83.25;-30.00;0;0;14.11;210.92;231.12;2.58;69205.00;46.00;45.00;43.00;4573.00;1013.84;0;3.00;1;0;1;0;0;1;0;0;1;0;0;1;1;0;0;0;0;0
2163242;0.86;1.00;37.00;2299.00;12.75;83.25;15.75;0;11.94;14.21;210.16;187.51;2.58;69205.00;38.00;37.00;35.00;4451.60;1013.80;39.06;3.00;1;0;1;0;0;1;0;0;1;0;0;1;1;0;0;0;0;0
2164820;1.02;1.00;31.00;1912.00;12.75;82.50;14.25;0;11.95;14.30;253.09;287.79;2.58;69205.00;31.00;31.00;35.00;4521.60;1013.80;39.06;3.00;1;0;1;0;0;1;0;0;1;0;0;1;1;0;0;0;0;0
2166277;1.22;0.99;25.00;1562.00;12.75;82.50;14.25;0;11.94;14.21;186.82;118.66;2.58;69205.00;26.00;25.00;36.00;4495.80;1013.80;898.43;3.00;1;0;1;0;0;1;0;0;1;0;0;1;1;0;0;0;0;0
2167776;1.30;0.94;21.00;1432.00;12.75;82.50;14.25;0;11.94;14.30;127.37;111.26;2.58;69205.00;21.00;21.00;35.00;4545.60;1013.80;878.90;2.00;1;0;1;0;0;1;0;0;1;0;0;1;1;0;0;0;0;0
2169195;1.16;0.90;16.00;1355.00;12.75;82.50;14.25;0;11.92;14.39;98.82;133.47;2.31;69205.00;17.00;16.00;35.00;4507.00;1013.80;859.36;2.00;1;0;1;1;0;1;0;0;1;0;0;1;1;0;0;1;0;0
2170700;1.38;0.87;12.00;1208.00;12.75;82.50;19.50;0;12.73;14.39;209.17;238.13;2.31;69205.00;13.00;13.00;35.00;4510.00;1013.80;19.53;0;1;0;1;0;0;1;0;0;1;0;0;1;1;0;0;0;0;0
2172196;1.38;0.91;8.00;1247.00;12.75;82.50;16.50;0;12.26;14.49;242.39;260.04;2.31;69205.00;9.00;9.00;35.00;4524.80;1013.80;58.59;1;1;0;1;0;0;1;0;0;1;0;0;1;1;0;0;0;0;0
2173544;3.50;1.00;7.00;1493.00;12.75;82.50;12.00;3.92;20.70;14.30;170.99;221.43;2.58;69205.00;8.00;8.00;69.00;4568.00;1013.80;214.84;1;1;0;1;0;0;1;0;0;1;0;0;1;1;0;0;0;0;0
2175154;6.41;1.00;22.00;2595.00;12.75;82.50;15.00;26.67;39.51;14.11;205.46;251.21;2.58;69205.00;22.00;23.00;43.00;4464.60;1013.80;898.43;1;1;0;1;0;0;1;0;0;1;0;0;1;1;0;0;0;0;0
2176590;6.19;1.00;46.00;3632.00;12.75;82.50;19.50;26.28;40.87;14.11;283.20;345.66;2.58;69205.00;45.00;47.00;43.00;4358.20;1013.80;839.83;2.00;1;0;1;0;0;1;0;0;1;0;0;1;1;0;0;0;0;0
2178156;6.90;1.07;63.00;4926.00;12.75;82.50;19.50;41.57;45.04;13.92;348.69;209.54;2.82;69205.00;62.00;64.00;43.00;4465.00;1013.53;898.43;2.00;1;0;1;0;0;1;0;0;1;0;0;1;1;0;0;0;0;0
2179490;5.89;0.98;71.00;4330.00;12.75;81.75;21.00;31.77;43.34;14.02;40.35;26.40;2.58;69205.00;69.00;71.00;44.00;4596.80;1013.53;58.59;3.00;1;0;1;0;0;1;0;0;0;0;0;1;1;0;0;0;0;0
2181091;4.93;0.96;75.00;3892.00;12.75;81.00;24.75;23.53;37.48;14.02;5.19;3.01;2.58;69205.00;74.00;75.00;44.00;4495.40;1013.18;97.66;4.00;1;0;1;0;0;1;0;0;0;0;0;1;1;0;0;0;0;0
2182494;5.66;0.99;80.00;4159.00;12.75;81.00;21.00;28.24;41.68;14.02;1.52;1.21;2.58;69205.00;79.00;81.00;44.00;4538.40;1012.79;722.65;4.00;1;0;1;0;0;1;0;0;0;0;0;1;1;0;0;0;0;0
2183939;3.94;1.00;82.00;3774.00;12.75;81.00;30.00;18.43;31.65;14.11;0;2.70;2.58;69205.00;81.00;82.00;44.00;4495.20;1012.55;859.36;5.00;1;0;1;0;0;1;0;0;0;0;0;1;1;0;0;0;0;0
2185511;4.18;0.94;83.00;3870.00;12.75;81.00;28.50;20.79;33.85;14.11;0.78;0.59;2.58;69205.00;83.00;84.00;44.00;4526.40;1011.77;605.46;5.00;1;0;1;0;0;1;0;0;0;0;0;1;1;0;0;0;0;0
2187025;4.29;0.92;86.00;3985.00;12.75;81.00;27.75;21.57;35.19;14.11;0;1.66;2.58;69205.00;86.00;87.00;44.00;4520.60;1011.50;878.90;5.00;1;0;1;0;0;1;0;0;0;0;0;1;1;0;0;0;0;0
2188458;3.85;0.91;88.00;4104.00;12.75;81.00;31.50;18.43;32.07;14.11;1.07;2.58;2.58;69205.00;87.00;89.00;44.00;4511.60;1011.30;859.36;5.00;1;0;1;0;0;1;0;0;0;0;0;1;1;0;0;0;0;0
2189897;3.42;0.90;90.00;4116.00;12.75;81.00;34.50;15.69;29.08;13.92;0.18;2.71;2.82;69205.00;88.00;90.00;44.00;4519.40;1010.99;781.24;5.00;1;0;1;0;0;1;0;0;0;0;0;1;1;0;0;0;0;0
2191374;3.57;0.92;90.00;4104.00;12.00;81.00;33.75;16.47;29.63;14.02;0;1.46;2.58;69205.00;88.00;90.00;44.00;4511.60;1010.44;664.05;5.00;1;0;1;0;0;1;0;0;0;0;0;1;1;0;0;0;0;0
2192834;3.70;0.96;90.00;4124.00;12.00;81.00;33.75;16.08;29.36;14.02;2.03;0;2.58;69205.00;89.00;90.00;44.00;4518.00;1010.21;761.71;5.00;1;0;1;0;0;1;0;0;0;0;0;1;1;0;0;0;0;0
2194296;3.91;0.93;90.00;4111.00;12.00;81.00;31.50;18.43;31.88;14.02;3.28;1.70;2.58;69205.00;88.00;90.00;44.00;4516.80;1010.13;839.83;5.00;1;0;1;0;0;1;0;0;0;0;0;1;1;0;0;0;0;0
2195852;3.78;0.90;90.00;4142.00;12.00;81.00;31.50;18.04;31.77;14.11;0.47;0.76;2.58;69205.00;88.00;90.00;44.00;4501.40;1009.90;156.25;5.00;1;0;1;0;0;1;0;0;0;0;0;1;1;0;0;0;0;0
2197373;4.14;0.96;90.00;4154.00;12.00;81.00;30.75;19.22;32.81;14.11;0.90;1.07;2.58;69205.00;89.00;91.00;44.00;4511.80;1009.35;761.71;5.00;1;0;1;0;0;1;0;0;0;0;0;1;1;0;0;0;0;0
2198739;4.02;1.00;91.00;4099.00;12.00;81.00;33.00;17.26;30.68;14.11;0;0;2.58;69205.00;90.00;91.00;44.00;4497.00;1009.08;722.65;5.00;1;0;1;0;0;1;0;0;0;0;0;1;1;0;0;0;0;0
2200209;3.42;0.95;91.00;4186.00;12.00;81.00;35.25;14.51;27.56;14.11;0;0;2.58;69206.00;89.00;91.00;44.00;4500.60;1008.96;800.77;5.00;1;0;1;0;0;1;0;0;0;0;0;1;1;0;0;0;0;0
2201586;3.73;0.96;91.00;4179.00;12.00;81.00;33.75;16.08;29.38;14.11;4.49;2.34;2.58;69206.00;90.00;91.00;44.00;4497.60;1008.92;195.31;5.00;1;0;1;0;0;1;0;0;0;0;0;1;1;0;0;0;0;0
2203039;3.35;0.94;90.00;4148.00;12.00;81.00;36.00;14.51;27.29;14.02;0.20;1.72;2.58;69206.00;89.00;90.00;44.00;4525.40;1008.22;839.83;5.00;1;0;1;0;0;1;0;0;0;0;0;1;1;0;0;0;0;0
2204450;3.54;0.97;90.00;4141.00;12.00;81.75;35.25;14.90;28.05;14.11;0.57;0.76;2.58;69206.00;89.00;90.00;44.00;4532.40;1007.75;468.74;5.00;1;0;1;0;0;1;0;0;0;0;0;1;1;0;0;0;0;0
2205872;4.14;0.98;90.00;4147.00;12.00;81.75;31.50;18.43;32.11;13.92;1.60;1.43;2.82;69206.00;88.00;90.00;44.00;4505.40;1007.40;820.30;5.00;1;0;1;0;0;1;0;0;0;0;0;1;1;0;0;0;0;0
2207330;4.06;0.97;90.00;4175.00;12.00;81.75;31.50;18.04;31.67;14.11;3.07;0.41;2.58;69206.00;88.00;91.00;44.00;4497.80;1006.97;800.77;5.00;1;0;1;0;0;1;0;0;0;0;0;1;1;0;0;0;0;0
2208795;3.55;0.92;90.00;4134.00;12.00;81.75;33.75;16.08;29.46;14.11;0;0.68;2.58;69206.00;88.00;90.00;44.00;4522.80;1006.58;683.59;5.00;1;0;1;0;0;1;0;0;0;0;0;1;1;0;0;0;0;0
2210301;3.53;0.92;90.00;4116.00;12.00;81.75;33.75;16.08;29.23;14.11;1.07;0.20;2.58;69206.00;88.00;90.00;44.00;4514.40;1006.46;859.36;5.00;1;0;1;0;0;1;0;0;0;0;0;1;1;0;0;0;0;0
2211708;4.18;0.96;91.00;4217.00;12.00;81.75;29.25;20.79;34.09;14.11;0.25;0.25;2.58;69206.00;90.00;91.00;44.00;4535.80;1006.19;800.77;5.00;1;0;1;0;0;1;0;0;0;0;0;1;1;0;0;0;0;0
2213080;4.17;0.96;92.00;4261.00;12.00;81.75;31.50;20.00;32.91;14.11;0;0;2.58;69206.00;91.00;92.00;44.00;4511.40;1005.76;644.52;5.00;1;0;1;0;0;1;0;0;0;0;0;1;1;0;0;0;0;0
2214514;4.02;0.98;92.00;4268.00;12.00;81.75;33.00;18.04;30.98;14.11;0;0.23;2.58;69206.00;92.00;93.00;44.00;4484.20;1005.36;800.77;5.00;1;0;1;0;0;1;0;0;0;0;0;1;1;0;0;0;0;0
2215924;4.27;0.96;92.00;4272.00;12.00;81.75;30.75;20.79;33.52;14.11;0.31;2.52;2.58;69206.00;92.00;93.00;44.00;4527.80;1005.25;761.71;5.00;1;0;1;0;0;1;0;0;0;0;0;1;1;0;0;0;0;0
2217428;4.05;0.95;92.00;4269.00;12.00;81.75;32.25;19.22;32.15;14.11;0.57;0.66;2.58;69206.00;91.00;93.00;44.00;4528.60;1005.01;644.52;5.00;1;0;1;0;0;1;0;0;0;0;0;1;1;0;0;0;0;0
2218850;3.98;0.93;92.00;4247.00;12.00;81.75;32.25;19.22;32.20;14.11;2.62;1.27;2.58;69206.00;91.00;93.00;44.00;4501.80;1004.54;624.99;5.00;1;0;1;0;0;1;0;0;0;0;0;1;1;0;0;0;0;0
2220301;3.89;0.93;92.00;4230.00;12.00;81.75;31.50;18.43;31.58;14.11;0;0.59;2.58;69206.00;91.00;92.00;44.00;4513.20;1004.15;722.65;5.00;1;0;1;0;0;1;0;0;0;0;0;1;1;0;0;0;0;0
2221755;4.53;0.99;92.00;4261.00;12.00;81.75;30.00;21.57;34.57;14.11;0.41;0.31;2.58;69206.00;91.00;93.00;44.00;4523.00;1003.88;683.59;5.00;1;0;1;0;0;1;0;0;0;0;0;1;1;0;0;0;0;0
2223263;4.30;1.00;93.00;4308.00;12.00;81.75;31.50;20.39;32.64;14.11;0;2.68;2.58;69206.00;92.00;94.00;44.00;4519.80;1003.65;234.37;5.00;1;0;1;0;0;1;0;0;0;0;0;1;1;0;0;0;0;0
2224745;4.82;1.03;95.00;4351.00;12.00;81.75;29.25;22.75;34.85;14.02;1.50;1.35;2.58;69206.00;93.00;95.00;44.00;4505.40;1003.06;820.30;5.00;1;0;1;0;0;1;0;0;0;0;0;1;1;0;0;0;0;0
2226227;4.30;0.99;95.00;4381.00;12.00;81.75;31.50;21.18;32.90;14.02;0;1.15;2.58;69206.00;94.00;95.00;44.00;4508.20;1002.79;703.12;5.00;1;0;1;0;0;1;0;0;0;0;0;1;1;0;0;0;0;0
2227616;3.87;0.99;93.00;4303.00;12.00;81.75;34.50;16.86;29.18;14.02;0.16;1.07;2.58;69206.00;93.00;94.00;44.00;4529.00;1002.28;273.43;5.00;1;0;1;0;0;1;0;0;0;0;0;1;1;0;0;0;0;0
2229178;3.64;0.94;92.00;4237.00;12.00;82.50;34.50;16.86;29.44;14.11;36.11;41.99;2.58;69206.00;91.00;93.00;43.00;4511.20;1002.01;644.52;5.00;1;0;1;0;0;1;0;0;0;0;0;1;1;0;0;0;0;0
2230564;5.70;1.00;93.00;4312.00;12.00;82.50;24.75;28.24;39.77;14.11;264.92;250.65;2.58;69206.00;91.00;94.00;43.00;4548.20;1001.58;800.77;5.00;1;0;1;0;0;1;0;0;0;0;0;1;1;0;0;0;0;0
2232170;5.61;1.02;95.00;4393.00;12.00;82.50;25.50;27.45;38.82;14.11;210.87;208.83;2.58;69206.00;93.00;96.00;43.00;4508.20;1001.11;761.71;5.00;1;0;1;0;0;1;0;0;0;0;0;1;1;0;0;0;0;0
2233582;3.75;0.99;93.00;4313.00;12.00;82.50;35.25;16.47;28.87;14.11;190.14;169.52;2.58;69206.00;92.00;94.00;43.00;4454.60;1000.76;800.77;5.00;1;0;1;0;0;1;0;0;0;0;0;1;1;0;0;0;0;0
2235013;3.22;0.91;91.00;4188.00;12.00;82.50;36.00;14.12;27.07;14.02;306.80;329.82;2.58;69206.00;91.00;92.00;43.00;4461.40;1000.48;839.83;5.00;1;0;1;0;0;1;0;0;0;0;0;1;1;0;0;0;0;0
2236496;4.63;0.99;92.00;4221.00;12.00;82.50;28.50;22.36;35.28;14.11;305.18;319.22;2.58;69206.00;90.00;92.00;43.00;4533.00;999.50;800.77;5.00;1;0;1;0;0;1;0;0;0;0;0;1;1;0;0;0;0;0
2237958;4.52;0.99;93.00;4339.00;12.00;82.50;30.00;22.36;34.58;14.11;266.92;235.51;2.58;69206.00;92.00;94.00;43.00;4527.80;999.39;234.37;5.00;1;0;1;0;0;1;0;0;0;0;0;1;1;0;0;0;0;0
2239415;4.12;0.97;95.00;4377.00;12.00;82.50;32.25;20.39;32.34;14.11;206.24;225.90;2.58;69207.00;93.00;95.00;43.00;4499.40;999.04;468.74;5.00;1;0;1;0;0;1;0;0;0;0;0;1;1;0;0;0;0;0
2240917;4.06;0.99;95.00;4392.00;12.00;82.50;33.00;19.61;31.21;14.11;324.69;339.55;2.58;69207.00;93.00;96.00;43.00;4518.60;998.53;156.25;5.00;1;0;1;0;0;1;0;0;0;0;0;1;1;0;0;0;0;0
2242329;4.17;1.00;95.00;4372.00;12.00;82.50;32.25;20.00;31.90;14.02;267.13;321.60;2.58;69207.00;93.00;95.00;43.00;4504.80;998.14;820.30;5.00;1;0;1;0;0;1;0;0;0;0;0;1;1;0;0;0;0;0
2243840;3.94;0.97;93.00;4330.00;12.00;82.50;33.75;18.43;30.62;13.92;127.69;243.73;2.82;69207.00;93.00;94.00;43.00;4503.60;997.63;703.12;5.00;1;0;1;0;0;1;0;0;0;0;0;1;1;0;0;0;0;0
2245256;3.21;0.92;93.00;4292.00;12.00;82.50;36.75;14.51;26.93;14.02;226.92;249.28;2.58;69207.00;92.00;93.00;43.00;4498.40;997.12;820.30;5.00;1;0;1;0;0;1;0;0;0;0;0;1;1;0;0;0;0;0
2246692;3.89;0.99;92.00;4240.00;12.00;82.50;33.00;17.65;30.16;14.11;319.53;348.86;2.58;69207.00;92.00;93.00;43.00;4510.40;996.77;761.71;5.00;1;0;1;0;0;1;0;0;0;0;0;1;1;0;0;0;0;0
2248162;3.86;0.96;93.00;4270.00;12.00;82.50;33.00;18.43;30.78;14.11;305.51;307.46;2.58;69207.00;92.00;93.00;43.00;4507.00;996.61;703.12;5.00;1;0;1;0;0;1;0;0;0;0;0;1;1;0;0;0;0;0
2249460;4.34;0.98;93.00;4300.00;12.00;82.50;30.75;21.18;33.30;14.11;292.48;280.33;2.58;69207.00;91.00;93.00;43.00;4525.20;996.34;781.24;5.00;1;0;1;0;0;1;0;0;0;0;0;1;1;0;0;0;0;0
2250962;4.15;0.98;95.00;4361.00;12.00;82.50;32.25;20.39;32.07;14.11;230.08;316.44;2.58;69207.00;93.00;95.00;43.00;4520.20;995.87;722.65;5.00;1;0;1;0;0;1;0;0;0;0;0;1;1;0;0;0;0;0
2252374;3.52;0.93;95.00;4358.00;12.00;82.50;35.25;16.47;28.54;14.11;330.21;336.66;2.58;69207.00;93.00;95.00;43.00;4481.80;995.79;683.59;5.00;1;0;1;0;0;1;0;0;0;0;0;1;1;0;0;0;0;0
2253824;4.06;1.00;93.00;4346.00;12.00;82.50;33.00;18.83;30.82;14.11;328.34;349.27;2.58;69207.00;92.00;94.00;43.00;4526.80;995.25;585.93;5.00;1;0;1;0;0;1;0;0;0;0;0;1;1;0;0;0;0;0
2255303;3.90;1.00;93.00;4349.00;12.00;82.50;34.50;17.65;29.77;14.11;311.52;287.42;2.58;69207.00;93.00;94.00;43.00;4510.00;994.74;703.12;5.00;1;0;1;0;0;1;0;0;0;0;0;1;1;0;0;0;0;0
2256772;3.92;0.98;93.00;4295.00;12.00;82.50;33.75;18.43;30.42;14.11;327.75;230.43;2.58;69207.00;93.00;93.00;43.00;4548.40;994.43;644.52;5.00;1;0;1;0;0;1;0;0;0;0;0;1;1;0;0;0;0;0
2258277;4.68;1.01;95.00;4358.00;12.00;82.50;30.00;22.75;34.79;14.11;346.66;343.71;2.58;69207.00;93.00;95.00;43.00;4513.60;994.19;800.77;5.00;1;0;1;0;0;1;0;0;0;0;0;1;1;0;0;0;0;0
2259655;4.06;1.01;95.00;4389.00;12.00;82.50;33.75;18.83;30.75;14.11;310.64;318.30;2.58;69207.00;93.00;95.00;43.00;4493.20;993.92;722.65;5.00;1;0;1;0;0;1;0;0;0;0;0;1;1;0;0;0;0;0
2261173;4.92;1.02;95.00;4374.00;12.00;82.50;28.50;24.32;35.86;14.02;296.33;310.92;2.58;69207.00;93.00;95.00;43.00;4534.60;993.61;683.59;5.00;1;0;1;0;0;1;0;0;0;0;0;1;1;0;0;0;0;0
2262565;4.75;1.02;95.00;4390.00;12.00;82.50;29.25;23.53;34.91;14.11;233.07;331.87;2.58;69207.00;93.00;96.00;43.00;4518.60;993.29;644.52;5.00;1;0;1;0;0;1;0;0;0;0;0;1;1;0;0;0;0;0
2263982;4.61;1.02;95.00;4354.00;11.25;82.50;30.00;22.36;34.36;14.11;352.89;348.53;2.58;69207.00;93.00;95.00;43.00;4506.80;992.79;585.93;5.00;1;0;1;0;0;1;0;0;0;0;0;1;1;0;0;0;0;0
2265491;4.34;1.00;95.00;4370.00;11.25;82.50;31.50;21.18;32.63;14.11;317.50;345.72;2.58;69207.00;93.00;95.00;43.00;4506.40;992.32;800.77;5.00;1;0;1;0;0;1;0;0;0;0;0;1;1;0;0;0;0;0
2266893;3.56;0.94;93.00;4285.00;11.25;82.50;35.25;16.47;28.80;14.11;317.09;295.22;2.58;69207.00;92.00;94.00;43.00;4485.20;991.93;761.71;5.00;1;0;1;0;0;1;0;0;0;0;0;1;1;0;0;0;0;0
2268405;4.38;1.00;91.00;4230.00;11.25;82.50;30.75;20.00;32.56;14.02;297.13;232.84;2.58;69207.00;90.00;92.00;43.00;4525.80;991.69;624.99;5.00;1;0;1;0;0;1;0;0;0;0;0;1;1;0;0;0;0;0
2269889;3.47;0.94;91.00;4233.00;11.25;82.50;35.25;15.69;28.18;14.11;338.01;342.91;2.58;69207.00;90.00;92.00;43.00;4476.40;991.11;859.36;5.00;1;0;1;0;0;1;0;0;0;0;0;1;1;0;0;0;0;0
2271318;5.44;1.00;92.00;4276.00;11.25;82.50;24.75;26.67;39.16;14.11;311.68;315.06;2.58;69207.00;90.00;93.00;43.00;4534.00;990.60;742.18;5.00;1;0;1;0;0;1;0;0;0;0;0;1;1;0;0;0;0;0
2272779;4.33;0.97;93.00;4297.00;11.25;82.50;30.75;21.57;33.93;14.11;272.29;305.84;2.58;69207.00;91.00;94.00;43.00;4508.40;990.09;703.12;5.00;1;0;1;0;0;1;0;0;0;0;0;1;1;0;0;0;0;0
2274343;5.34;0.96;93.00;4271.00;11.25;82.50;27.75;24.32;36.69;14.11;231.86;207.39;2.58;69207.00;91.00;93.00;43.00;4540.40;989.70;527.34;5.00;1;0;1;0;0;1;0;0;0;0;0;1;1;0;0;0;0;0
2275853;5.30;0.99;93.00;4313.00;11.25;82.50;25.50;27.45;39.26;14.11;341.27;301.29;2.58;69207.00;91.00;94.00;43.00;4546.20;989.23;742.18;5.00;1;0;1;0;0;1;0;0;0;0;0;1;1;0;0;0;0;0
2277334;4.52;1.00;95.00;4345.00;11.25;82.50;30.00;22.36;34.03;14.11;322.09;315.55;2.58;69208.00;93.00;95.00;43.00;4498.40;988.72;800.77;5.00;1;0;1;0;0;1;0;0;0;0;0;1;1;0;0;0;0;0
2278762;4.49;1.00;95.00;4348.00;11.25;82.50;30.00;22.36;34.11;14.11;286.41;278.91;2.58;69208.00;92.00;95.00;43.00;4509.60;988.49;664.05;5.00;1;0;1;0;0;1;0;0;0;0;0;1;1;0;0;0;0;0
2280309;5.46;1.00;95.00;4357.00;11.25;82.50;25.50;27.85;39.19;13.92;232.23;325.45;2.82;69208.00;92.00;95.00;43.00;4518.40;987.98;644.52;5.00;1;0;1;0;0;1;0;0;0;0;0;1;1;0;0;0;0;0
2281847;4.98;1.02;95.00;4369.00;11.25;82.50;27.75;25.10;36.68;14.02;338.55;354.02;2.58;69208.00;93.00;95.00;43.00;4505.20;987.36;253.90;5.00;1;0;1;0;0;1;0;0;0;0;0;1;1;0;0;0;0;0
2283435;4.91;1.03;96.00;4415.00;11.25;82.50;28.50;25.10;36.11;14.11;328.49;351.11;2.58;69208.00;94.00;96.00;43.00;4510.80;986.93;703.12;5.00;1;0;1;0;0;1;0;0;0;0;0;1;1;0;0;0;0;0
2284914;4.13;0.99;93.00;4346.00;11.25;83.25;33.00;19.22;31.05;14.02;278.77;301.54;2.58;69208.00;93.00;94.00;43.00;4546.80;986.15;136.72;5.00;1;0;1;0;0;1;0;0;0;0;0;1;1;0;0;0;0;0
2286343;3.57;0.97;92.00;4300.00;11.25;83.25;36.00;16.08;28.22;14.02;272.87;330.84;2.58;69208.00;92.00;93.00;43.00;4487.60;985.83;703.12;5.00;1;0;1;0;0;1;0;0;0;0;0;1;1;0;0;0;0;0
2287855;3.45;0.93;92.00;4276.00;11.25;83.25;36.00;16.08;28.35;14.11;347.03;337.89;2.58;69208.00;90.00;93.00;43.00;4486.60;985.44;800.77;5.00;1;0;1;0;0;1;0;0;0;0;0;1;1;0;0;0;0;0
2289353;5.21;1.00;92.00;4283.00;11.25;83.25;27.00;25.89;37.48;14.11;317.38;324.63;2.58;69208.00;90.00;93.00;43.00;4537.00;984.97;742.18;5.00;1;0;1;0;0;1;0;0;0;0;0;1;1;0;0;0;0;0
2290855;3.66;0.93;93.00;4275.00;11.25;83.25;33.75;17.65;29.77;14.11;185.11;253.28;2.58;69208.00;89.00;93.00;43.00;4453.80;984.47;859.36;5.00;1;0;1;0;0;1;0;0;0;0;0;1;1;0;0;0;0;0
2292344;5.70;1.00;90.00;4165.00;11.25;83.25;23.25;27.45;39.76;14.11;303.30;289.34;2.58;69208.00;88.00;91.00;43.00;4564.20;983.96;605.46;5.00;1;0;1;0;0;1;0;0;0;0;0;1;1;0;0;0;0;0
2293683;4.45;0.94;92.00;4271.00;11.25;83.25;29.25;23.14;35.46;14.02;344.29;340.43;2.58;69208.00;90.00;93.00;43.00;4514.20;983.72;800.77;5.00;1;0;1;0;0;1;0;0;0;0;0;1;1;0;0;0;0;0
2295200;5.42;1.00;93.00;4317.00;11.25;83.25;25.50;27.06;38.57;14.02;291.43;304.18;2.58;69208.00;91.00;94.00;43.00;4531.00;983.22;742.18;5.00;1;0;1;0;0;1;0;0;0;0;0;1;1;0;0;0;0;0
2296584;4.42;0.97;95.00;4325.00;11.25;83.25;30.00;22.36;34.38;14.11;260.45;253.71;2.58;69208.00;92.00;95.00;43.00;4513.20;982.83;195.31;5.00;1;0;1;0;0;1;0;0;0;0;0;1;1;0;0;0;0;0
2298104;3.17;0.94;93.00;4345.00;11.25;83.25;37.50;14.12;25.87;14.11;329.90;343.55;2.58;69208.00;92.00;94.00;43.00;4480.40;982.40;703.12;5.00;1;0;1;0;0;1;0;0;0;0;0;1;1;0;0;0;0;0
2299448;3.46;0.96;93.00;4331.00;11.25;83.25;36.00;15.69;27.62;14.02;338.40;354.66;2.58;69208.00;93.00;94.00;43.00;4513.80;982.20;722.65;5.00;1;0;1;0;0;1;0;0;0;0;0;1;1;0;0;0;0;0
2300884;3.30;0.96;93.00;4298.00;11.25;83.25;37.50;14.51;26.43;13.92;322.11;332.28;2.82;69208.00;91.00;93.00;43.00;4502.20;981.81;742.18;5.00;1;0;1;0;0;1;0;0;0;0;0;1;1;0;0;0;0;0
2302347;3.22;0.93;91.00;4189.00;11.25;83.25;36.75;14.12;26.56;13.92;204.32;201.14;2.82;69208.00;90.00;92.00;43.00;4499.60;981.65;820.30;5.00;1;0;1;0;0;1;0;0;0;0;0;1;1;0;0;0;0;0
2303865;4.42;0.95;91.00;4192.00;11.25;83.25;28.50;22.36;35.12;14.02;241.39;243.97;2.58;69208.00;89.00;92.00;43.00;4529.60;981.15;703.12;5.00;1;0;1;0;0;1;0;0;0;0;0;1;1;0;0;0;0;0
2305382;3.71;0.94;90.00;4161.00;11.25;83.25;33.00;17.26;30.22;14.11;326.83;340.13;2.58;69208.00;89.00;91.00;43.00;4499.00;980.72;761.71;5.00;1;0;1;0;0;1;0;0;0;0;0;1;1;0;0;0;0;0
2306857;3.28;0.93;90.00;4115.00;11.25;83.25;36.00;14.51;26.99;14.11;284.63;275.98;2.58;69208.00;87.00;90.00;43.00;4498.40;980.56;683.59;5.00;1;0;1;0;0;1;0;0;0;0;0;1;1;0;0;0;0;0
2308226;2.53;0.93;86.00;3961.00;11.25;83.25;39.00;10.20;22.60;14.11;243.75;171.69;2.58;69208.00;86.00;86.00;43.00;4477.00;980.29;839.83;5.00;1;0;1;0;0;1;0;0;0;0;0;1;1;0;0;0;0;0
2309658;3.12;1.00;81.00;3765.00;11.25;83.25;38.25;9.81;22.15;14.11;284.45;261.00;2.58;69208.00;80.00;81.00;43.00;4487.80;979.70;859.36;5.00;1;0;1;0;0;1;0;0;0;0;0;1;1;0;0;0;0;0
2311121;5.13;0.99;82.00;3823.00;11.25;83.25;23.25;25.89;38.65;14.11;324.45;345.52;2.58;69208.00;80.00;83.00;43.00;4533.60;979.39;761.71;5.00;1;0;1;0;0;1;0;0;0;0;0;1;1;0;0;0;0;0
2312572;6.94;0.99;87.00;4054.00;11.25;83.25;14.25;41.97;47.06;14.11;330.35;240.43;2.58;69208.00;85.00;88.00;43.00;4557.20;979.19;527.34;5.00;1;0;1;0;0;1;0;0;0;0;0;1;1;0;0;0;0;0
2314047;6.86;0.98;93.00;4315.00;11.25;83.25;15.00;45.89;47.77;14.11;246.20;214.09;2.58;69208.00;91.00;94.00;43.00;4569.60;978.68;39.06;5.00;1;0;1;0;0;1;0;0;0;0;0;1;1;0;0;0;0;0
2315466;4.68;1.00;96.00;4424.00;11.25;83.25;28.50;25.49;36.25;14.11;263.46;236.37;2.58;69209.00;95.00;96.00;43.00;4514.20;978.18;664.05;5.00;1;0;1;0;0;1;0;0;0;0;0;1;1;0;0;0;0;0
2317063;3.10;0.97;93.00;4320.00;11.25;83.25;39.00;12.55;24.56;14.11;345.13;350.04;2.58;69209.00;94.00;94.00;43.00;4469.60;977.55;839.83;5.00;1;0;1;0;0;1;0;0;0;0;0;1;1;0;0;0;0;0
2318578;2.46;0.88;91.00;4193.00;11.25;83.25;41.25;10.20;21.91;14.11;286.17;268.30;2.58;69209.00;89.00;91.00;43.00;4494.40;977.08;761.71;5.00;1;0;1;0;0;1;0;0;0;0;0;1;1;0;0;0;0;0
2319972;4.58;1.00;90.00;4127.00;11.25;83.25;35.25;16.08;28.05;14.11;203.42;186.59;2.58;69209.00;87.00;90.00;43.00;4552.20;976.73;878.90;5.00;1;0;1;0;0;1;0;0;0;0;0;1;1;0;0;0;0;0
2321454;5.22;1.00;91.00;4193.00;11.25;83.25;24.75;26.28;38.75;14.02;270.24;287.40;2.58;69209.00;89.00;92.00;43.00;4558.80;976.34;175.78;5.00;1;0;1;0;0;1;0;0;0;0;0;1;1;0;0;0;0;0
2322880;5.55;1.01;95.00;4360.00;11.25;83.25;24.00;30.20;40.12;14.02;345.54;350.90;2.58;69209.00;92.00;95.00;43.00;4524.80;975.87;683.59;5.00;1;0;1;0;0;1;0;0;0;0;0;1;1;0;0;0;0;0
2324443;3.78;0.99;95.00;4348.00;11.25;83.25;34.50;17.65;29.24;14.11;311.41;343.18;2.58;69209.00;92.00;95.00;43.00;4474.20;975.56;742.18;5.00;1;0;1;0;0;1;0;0;0;0;0;1;1;0;0;0;0;0
2326012;3.47;0.98;93.00;4285.00;11.25;83.25;36.75;15.69;27.46;14.02;255.78;251.66;2.58;69209.00;92.00;93.00;43.00;4485.20;974.97;722.65;5.00;1;0;1;0;0;1;0;0;0;0;0;1;1;0;0;0;0;0
2327524;3.38;0.97;93.00;4291.00;11.25;83.25;36.75;15.30;26.87;14.02;271.37;338.81;2.58;69209.00;92.00;94.00;43.00;4523.60;974.66;781.24;5.00;1;0;1;0;0;1;0;0;0;0;0;1;1;0;0;0;0;0
2328988;3.94;1.00;95.00;4391.00;12.00;83.25;33.75;18.83;30.16;14.11;322.81;349.43;2.58;69209.00;93.00;96.00;43.00;4517.20;974.43;742.18;5.00;1;0;1;0;0;1;0;0;0;0;0;1;1;0;0;0;0;0
2330375;3.86;1.00;93.00;4313.00;11.25;82.50;34.50;18.04;29.62;14.11;306.23;292.93;2.58;69209.00;92.00;94.00;43.00;4504.20;974.04;742.18;5.00;1;0;1;0;0;1;0;0;0;0;0;1;1;0;0;0;0;0
2331807;3.21;0.94;93.00;4297.00;11.25;82.50;37.50;14.51;26.24;14.11;197.39;214.65;2.58;69209.00;91.00;93.00;43.00;4471.60;973.88;703.12;5.00;1;0;1;0;0;1;0;0;0;0;0;1;1;0;0;0;0;0
2333222;3.78;0.95;92.00;4246.00;11.25;82.50;33.00;18.83;30.91;14.02;321.66;282.25;2.58;69209.00;90.00;93.00;43.00;4516.80;973.53;800.77;5.00;1;0;1;0;0;1;0;0;0;0;0;1;1;0;0;0;0;0
2334655;2.39;0.93;88.00;4075.00;11.25;82.50;43.50;8.24;19.13;14.11;272.62;306.74;2.58;69209.00;86.00;88.00;43.00;4499.40;973.22;234.37;5.00;1;0;1;0;0;1;0;0;0;0;0;1;1;0;0;0;0;0
2336152;3.29;0.95;86.00;3964.00;11.25;82.50;36.00;14.51;26.49;14.21;356.09;207.80;2.58;69209.00;84.00;86.00;43.00;4541.60;973.10;683.59;5.00;1;0;1;0;0;1;0;0;0;0;0;1;1;0;0;0;0;0
2337475;3.13;0.97;85.00;3933.00;11.25;82.50;36.75;12.94;25.15;14.11;262.62;161.30;2.58;69209.00;84.00;86.00;43.00;4508.20;972.98;117.19;5.00;1;0;1;0;0;1;0;0;0;0;0;1;1;0;0;0;0;0
2338983;3.30;1.00;83.00;3878.00;11.25;82.50;36.00;13.73;25.60;14.11;327.15;286.21;2.58;69209.00;83.00;84.00;43.00;4511.40;972.51;78.12;5.00;1;0;1;0;0;1;0;0;0;0;0;1;1;0;0;0;0;0
2340601;3.98;1.00;85.00;3902.00;11.25;82.50;32.25;18.83;30.62;14.11;309.90;332.34;2.58;69209.00;84.00;86.00;43.00;4522.00;972.04;585.93;5.00;1;0;1;0;0;1;0;0;0;0;0;1;1;0;0;0;0;0
2342115;3.66;0.96;86.00;3969.00;11.25;82.50;33.00;17.65;29.53;14.11;253.62;284.47;2.58;69209.00;85.00;86.00;43.00;4512.40;971.89;546.87;5.00;1;0;1;0;0;1;0;0;0;0;0;1;1;0;0;0;0;0
2343591;3.38;0.91;87.00;3976.00;11.25;82.50;34.50;16.86;28.57;14.11;95.11;316.56;2.58;69209.00;86.00;87.00;43.00;4514.40;971.81;449.21;5.00;1;0;1;0;0;1;0;0;0;0;0;1;1;0;0;0;0;0
2345064;5.49;1.00;88.00;4103.00;11.25;82.50;24.00;27.06;39.92;14.11;283.56;220.96;2.58;69209.00;87.00;89.00;43.00;4586.80;971.61;605.46;5.00;1;0;1;0;0;1;0;0;0;0;0;1;1;0;0;0;0;0
2346548;4.18;0.94;92.00;4242.00;11.25;82.50;30.00;21.96;33.80;14.11;313.12;319.32;2.58;69209.00;91.00;92.00;43.00;4516.20;971.07;820.30;5.00;1;0;1;0;0;1;0;0;0;0;0;1;1;0;0;0;0;0
2347963;2.89;0.91;92.00;4240.00;11.25;82.50;38.25;12.94;25.12;14.02;304.38;272.52;2.58;69209.00;91.00;92.00;43.00;4459.60;970.75;878.90;5.00;1;0;1;0;0;1;0;0;0;0;0;1;1;0;0;0;0;0
2349470;0.50;1.00;83.00;3801.00;11.25;82.50;-30.00;0;0;14.11;145.01;309.39;2.58;69209.00;83.00;82.00;43.00;4452.60;970.60;0;5.00;1;0;1;0;0;1;0;0;0;0;0;1;1;0;0;0;0;0
2350983;2.14;0.99;75.00;3457.00;11.25;82.50;17.25;5.88;13.04;14.11;273.60;351.58;2.58;69209.00;75.00;75.00;43.00;4342.40;970.48;839.83;5.00;1;0;1;0;0;1;0;0;0;0;0;1;1;0;0;0;0;0
2352501;1.62;0.96;70.00;3263.00;12.00;82.50;37.50;4.31;13.64;14.11;304.20;321.44;2.58;69209.00;69.00;71.00;43.00;4500.20;970.40;839.83;5.00;1;0;1;0;0;1;0;0;0;0;0;1;1;0;0;0;0;0
2354016;0.80;1.00;66.00;3120.00;12.00;82.50;34.50;1.18;6.73;14.11;303.20;313.48;2.58;69209.00;66.00;67.00;43.00;4544.60;969.82;839.83;5.00;1;0;1;0;0;1;0;0;0;0;0;1;1;0;0;0;0;0
2355479;0.71;1.00;58.00;2698.00;12.00;82.50;-30.00;0;0;14.21;199.32;181.57;2.58;69210.00;59.00;59.00;43.00;4423.20;969.70;0;5.00;1;0;1;0;0;1;0;0;1;0;0;1;1;0;0;0;0;0
2357020;0.86;1.00;53.00;2487.00;12.00;82.50;15.00;0;11.86;14.11;276.21;278.81;2.58;69210.00;53.00;53.00;42.00;4495.20;969.43;742.18;5.00;1;0;1;0;0;1;0;0;1;0;0;1;1;0;0;0;0;0
2358624;0.92;1.00;46.00;2119.00;12.00;82.50;13.50;0;11.71;14.21;210.75;138.45;2.58;69210.00;47.00;46.00;39.00;4498.80;969.35;39.06;5.00;1;0;1;0;0;1;0;0;1;0;0;1;1;0;0;0;0;0
2360002;0.98;1.00;41.00;1914.00;12.00;82.50;14.25;0;11.75;14.30;109.33;82.89;2.58;69210.00;41.00;41.00;38.00;4527.60;969.31;273.43;5.00;1;0;1;0;0;1;0;0;1;0;0;1;1;0;0;0;0;0
2361489;0.98;1.00;33.00;1933.00;12.00;82.50;13.50;0;11.88;14.30;117.41;102.30;2.58;69210.00;34.00;34.00;39.00;4523.60;969.31;839.83;5.00;1;0;1;0;0;1;0;0;1;0;0;1;1;0;0;0;0;0
2362977;1.26;0.96;26.00;1299.00;12.00;82.50;13.50;0;11.60;14.39;147.76;115.79;2.31;69210.00;26.00;26.00;38.00;4491.60;969.31;820.30;3.00;1;0;1;1;0;1;0;0;1;0;0;1;1;0;0;1;0;0
2364496;1.23;0.92;15.00;1288.00;12.00;83.25;12.75;0;11.47;14.39;221.86;212.33;2.31;69210.00;15.00;15.00;38.00;4508.20;969.31;58.59;2.00;1;0;1;0;0;1;0;0;1;0;0;1;1;0;0;1;0;0
2365940;1.34;0.97;8.00;1270.00;12.00;83.25;13.50;0;11.58;14.49;218.50;236.04;2.31;69210.00;9.00;9.00;38.00;4509.40;969.31;78.12;1;1;0;1;0;0;1;0;0;1;0;0;1;1;0;0;0;0;0
2367387;1.33;0.97;5.00;1269.00;12.00;83.25;13.50;0;11.53;14.39;197.62;185.67;2.31;69210.00;5.00;5.00;38.00;4518.00;969.31;820.30;1;1;0;1;0;0;1;0;0;1;0;0;1;1;0;0;0;0;0
2368851;1.26;0.92;0;1257.00;12.00;83.25;14.25;0;11.64;14.39;182.47;113.90;2.31;69210.00;0;0;38.00;4527.00;969.31;58.59;1;1;0;1;0;0;1;0;0;1;0;0;1;1;0;0;0;0;0
2370307;1.28;0.96;0;1261.00;12.00;84.00;14.25;0;11.70;14.49;199.71;194.87;2.31;69210.00;0;0;38.00;4507.20;969.31;58.59;1;1;0;1;0;0;1;0;0;1;0;0;1;1;0;0;0;0;0
2371720;1.30;0.98;0;1304.00;12.00;84.00;12.00;0;11.27;14.39;159.68;190.46;2.31;69210.00;0;0;37.00;4519.80;969.31;664.05;1;1;0;1;0;0;1;0;0;1;0;0;1;1;0;0;0;0;0
2373219;0.98;1.00;0;1826.00;12.00;84.00;14.25;0;11.71;14.21;84.60;104.90;2.58;69210.00;0;0;38.00;4506.80;969.31;839.83;1;1;0;1;0;0;1;0;0;1;0;0;1;1;0;0;0;0;0
2374551;2.92;1.00;0;2813.00;12.00;84.75;31.50;6.67;20.01;14.11;65.82;130.44;2.58;69210.00;0;0;42.00;4498.20;969.31;878.90;1;1;0;1;0;0;1;0;0;1;0;0;1;1;0;0;0;0;0
2376166;4.31;0.98;21.00;2370.00;12.00;84.75;18.00;16.47;33.71;14.30;171.02;220.14;2.58;69210.00;21.00;21.00;42.00;4463.80;969.31;175.78;1;1;0;1;0;0;1;0;0;0;0;0;1;1;0;0;0;0;0
2377817;4.86;1.00;40.00;3098.00;12.00;84.75;20.25;23.53;36.26;14.11;240.82;234.73;2.58;69210.00;39.00;40.00;42.00;4539.40;969.31;820.30;2.00;1;0;1;0;0;1;0;0;1;0;0;1;1;0;0;0;0;0
2379282;5.27;1.00;52.00;3698.00;12.00;84.75;32.25;19.22;29.24;14.21;286.90;200.26;2.58;69210.00;52.00;52.00;42.00;4477.80;969.31;820.30;3.00;1;0;1;0;0;1;0;0;1;0;0;1;1;0;0;0;0;0
2380688;0;1.00;65.00;4078.00;12.00;84.00;46.50;0.39;10.05;14.11;350.66;341.48;2.58;69210.00;65.00;65.00;42.00;4457.40;969.31;761.71;3.00;1;0;1;0;0;1;0;0;0;0;0;1;1;0;0;0;0;0
2382081;5.54;0.99;72.00;3778.00;12.00;83.25;20.25;28.63;40.07;14.21;331.72;348.65;2.58;69210.00;71.00;73.00;43.00;4554.60;969.19;878.90;4.00;1;0;1;0;0;1;0;0;0;0;0;1;1;0;0;0;0;0
2383680;2.74;1.00;76.00;3515.00;12.00;82.50;36.75;9.41;22.07;14.02;336.11;339.69;2.58;69210.00;75.00;76.00;43.00;4486.20;968.68;859.36;5.00;1;0;1;0;0;1;0;0;0;0;0;1;1;0;0;0;0;0
2385205;2.70;0.96;76.00;3263.00;12.00;82.50;34.50;9.41;22.38;14.11;267.42;280.90;2.58;69210.00;75.00;77.00;43.00;4519.80;968.29;839.83;6.00;1;0;1;0;0;1;0;0;0;0;0;1;1;0;0;0;0;0
2386635;0.72;0.94;72.00;3182.00;12.00;82.50;36.00;1.18;6.31;14.21;318.75;346.99;2.58;69210.00;73.00;73.00;43.00;4527.60;968.10;605.46;6.00;1;0;1;0;0;1;0;0;0;0;0;1;1;0;0;0;0;0
2388120;0.66;1.00;66.00;2815.00;12.00;82.50;-30.00;0;0;14.11;219.15;234.73;2.58;69210.00;67.00;67.00;43.00;4510.00;967.67;0;6.00;1;0;1;0;0;1;0;0;0;0;0;1;1;0;0;0;0;0
2389674;0.84;1.00;57.00;2279.00;12.00;82.50;15.00;0;11.91;14.21;188.19;236.00;2.58;69210.00;57.00;57.00;51.00;4369.20;967.47;58.59;5.00;1;0;1;0;0;1;0;0;1;0;0;1;1;0;0;0;0;0
2391291;0.80;1.00;46.00;2427.00;12.00;82.50;15.75;0;11.72;14.11;243.23;183.21;2.58;69210.00;46.00;46.00;39.00;4583.40;967.16;39.06;4.00;1;0;1;0;0;1;0;0;1;0;0;1;1;0;0;0;0;0
2392680;0.89;1.00;35.00;2165.00;12.00;82.50;15.00;0;11.82;14.21;167.94;195.55;2.58;69210.00;35.00;35.00;38.00;4520.00;966.97;58.59;3.00;1;0;1;0;0;1;0;0;1;0;0;1;1;0;0;0;0;0
2394198;1.13;1.00;25.00;1548.00;12.00;82.50;15.00;0;11.77;14.30;129.58;186.18;2.58;69210.00;24.00;25.00;39.00;4488.80;966.89;878.90;3.00;1;0;1;0;0;1;0;0;1;0;0;1;1;0;0;0;0;0
2395712;1.05;0.98;21.00;1664.00;12.00;82.50;15.00;0;11.71;14.30;143.02;237.60;2.58;69210.00;21.00;21.00;40.00;4499.40;966.81;859.36;2.00;1;0;1;0;0;1;0;0;1;0;0;1;1;0;0;0;0;0
2397069;1.18;0.94;18.00;1508.00;12.00;82.50;13.50;0;11.74;14.30;202.66;253.56;2.58;69210.00;19.00;19.00;39.00;4503.20;966.81;859.36;2.00;1;0;1;0;0;1;0;0;1;0;0;1;1;0;0;0;0;0
2398569;2.82;0.99;20.00;1775.00;12.00;82.50;0.75;4.71;14.04;14.21;214.83;246.66;2.58;69210.00;20.00;21.00;43.00;4540.40;966.81;234.37;2.00;1;0;1;0;0;1;0;0;1;0;0;1;1;0;0;0;0;0
2400086;2.83;0.98;30.00;2305.00;12.00;82.50;22.50;6.67;22.20;14.21;206.88;309.71;2.58;69210.00;29.00;30.00;43.00;4412.20;967.04;58.59;2.00;1;0;1;0;0;1;0;0;1;0;0;1;1;0;0;0;0;0
2401576;4.33;1.00;38.00;3017.00;12.00;82.50;26.25;17.65;31.75;14.11;152.41;318.20;2.58;69210.00;38.00;39.00;43.00;4553.80;967.04;664.05;2.00;1;0;1;0;0;1;0;0;1;0;0;1;1;0;0;0;0;0
2403044;3.05;1.00;47.00;2955.00;12.00;82.50;30.75;9.41;24.34;14.11;261.51;321.31;2.58;69210.00;47.00;48.00;43.00;4493.40;967.00;820.30;3.00;1;0;1;0;0;1;0;0;1;0;0;1;1;0;0;0;0;0
2404587;3.64;0.92;55.00;3408.00;12.00;83.25;32.25;14.12;27.75;14.21;341.11;353.71;2.58;69210.00;55.00;55.00;43.00;4503.60;967.08;761.71;3.00;1;0;1;0;0;1;0;0;0;0;0;1;1;0;0;0;0;0
2406149;3.35;1.00;63.00;3310.00;12.00;83.25;32.25;12.55;25.57;14.21;327.93;317.71;2.58;69210.00;62.00;63.00;43.00;4486.00;967.20;800.77;4.00;1;0;1;0;0;1;0;0;0;0;0;1;1;0;0;0;0;0
2407613;0.80;1.01;66.00;2920.00;12.00;82.50;33.75;0.39;8.55;14.11;295.41;291.84;2.58;69210.00;66.00;66.00;43.00;4529.40;967.04;820.30;5.00;1;0;1;0;0;1;0;0;0;0;0;1;1;0;0;0;0;0
2409197;0.97;1.00;62.00;2923.00;12.00;82.50;31.50;1.57;7.36;14.11;345.04;348.81;2.58;69210.00;63.00;63.00;43.00;4286.60;967.00;878.90;5.00;1;0;1;0;0;1;0;0;0;0;0;1;1;0;0;0;0;0
2410795;1.10;1.00;66.00;3021.00;12.00;82.50;34.50;2.35;9.06;14.21;282.56;237.93;2.58;69210.00;66.00;67.00;43.00;4513.80;967.12;898.43;5.00;1;0;1;0;0;1;0;0;0;0;0;1;1;0;0;0;0;0
2412221;0.82;0.95;67.00;3075.00;12.00;82.50;35.25;1.18;6.91;14.21;266.53;229.15;2.58;69210.00;68.00;67.00;43.00;4514.40;967.47;742.18;5.00;1;0;1;0;0;1;0;0;0;0;0;1;1;0;0;0;0;0
2413728;0.62;1.00;66.00;3043.00;12.00;82.50;-30.00;0;0;14.11;195.55;205.30;2.58;69210.00;66.00;66.00;43.00;4576.40;967.71;0;5.00;1;0;1;0;0;1;0;0;0;0;0;1;1;0;0;0;0;0
2415169;0.63;1.00;65.00;2967.00;12.00;82.50;-30.00;0;0;14.21;338.59;344.43;2.58;69210.00;65.00;65.00;43.00;4568.40;968.06;0;5.00;1;0;1;0;0;1;0;0;0;0;0;1;1;0;0;0;0;0
2416676;0.75;1.00;56.00;2586.00;12.00;81.75;-30.00;0;0;14.11;82.92;91.46;2.58;69210.00;56.00;56.00;44.00;4424.40;968.49;0;5.00;1;0;1;0;0;1;0;0;1;0;0;1;1;0;0;0;0;0
2418106;0.86;1.00;52.00;2404.00;12.00;81.75;16.50;0;11.90;14.11;19.84;24.57;2.58;69210.00;52.00;52.00;40.00;4485.60;968.92;39.06;5.00;1;0;1;0;0;1;0;0;1;0;0;1;1;0;0;0;0;0
2419629;0.86;1.00;51.00;2376.00;12.00;81.75;15.75;0;11.89;14.30;22.65;14.37;2.58;69210.00;52.00;51.00;40.00;4519.20;969.15;39.06;5.00;1;0;1;0;0;1;0;0;1;0;0;1;1;0;0;0;0;0
2421083;1.33;1.01;52.00;2437.00;12.00;81.75;7.50;1.96;8.41;14.21;15.02;4.80;2.58;69210.00;53.00;53.00;44.00;4496.80;969.39;859.36;5.00;1;0;1;0;0;1;0;0;1;0;0;1;1;0;0;0;0;0
2422529;0.85;1.00;52.00;2411.00;12.00;81.75;15.75;0;11.86;14.21;8.93;4.92;2.58;69210.00;52.00;52.00;41.00;4516.60;969.35;39.06;5.00;1;0;1;0;0;1;0;0;1;0;0;1;1;0;0;0;0;0
2424094;1.53;0.99;52.00;2390.00;12.00;81.75;24.00;2.35;11.98;14.11;4.84;1.43;2.58;69210.00;53.00;52.00;44.00;4488.20;969.90;878.90;5.00;1;0;1;0;0;1;0;0;1;0;0;1;1;0;0;0;0;0
2425648;0.98;0.95;53.00;2486.00;12.00;81.75;25.50;0.78;8.01;14.21;0.78;1.35;2.58;69210.00;54.00;54.00;44.00;4504.00;970.25;800.77;5.00;1;0;1;0;0;1;0;0;1;0;0;1;1;0;0;0;0;0
2427071;0.85;1.00;53.00;2431.00;12.00;81.75;15.00;0;11.85;14.21;23.89;27.79;2.58;69210.00;53.00;53.00;40.00;4516.60;970.40;39.06;5.00;1;0;1;0;0;1;0;0;1;0;0;1;1;0;0;0;0;0
2428660;0.90;1.00;47.00;2189.00;12.00;81.75;15.00;0;11.88;14.21;26.74;15.00;2.58;69210.00;48.00;48.00;39.00;4530.60;970.44;39.06;5.00;1;0;1;0;0;1;0;0;1;0;0;1;1;0;0;0;0;0
2430114;1.02;1.00;42.00;1902.00;12.00;81.75;14.25;0;11.91;14.21;118.08;83.30;2.58;69210.00;42.00;42.00;39.00;4513.20;970.48;371.09;5.00;1;0;1;0;0;1;0;0;1;0;0;1;1;0;0;0;0;0
2431670;0.50;1.00;40.00;2159.00;12.00;81.75;15.00;0;11.89;14.21;104.60;62.73;2.58;69210.00;40.00;40.00;40.00;4503.40;970.68;761.71;4.00;1;0;1;0;0;1;0;0;1;0;0;1;1;0;0;1;0;0
2433214;0.86;1.00;40.00;2413.00;12.00;81.75;15.75;0;12.01;14.11;81.05;103.02;2.58;69210.00;39.00;40.00;41.00;4512.20;970.99;742.18;3.00;1;0;1;0;0;1;0;0;1;0;0;1;1;0;0;0;0;0
2434638;0.86;1.00;31.00;2464.00;12.75;82.50;14.25;0;11.83;14.21;125.99;173.33;2.58;69210.00;32.00;32.00;42.00;4573.80;971.42;761.71;2.00;1;0;1;0;0;1;0;0;1;0;0;1;1;0;0;0;0;0
2436134;0.99;1.00;25.00;1926.00;12.75;82.50;13.50;0;11.73;14.21;114.95;79.99;2.58;69210.00;25.00;24.00;38.00;4522.20;971.61;859.36;2.00;1;0;1;0;0;1;0;0;1;0;0;1;1;0;0;0;0;0
2437598;1.10;0.98;27.00;2163.00;12.75;82.50;19.50;0.78;8.45;14.21;152.59;156.92;2.58;69210.00;28.00;27.00;43.00;4522.60;971.69;878.90;2.00;1;0;1;0;0;1;0;0;1;0;0;1;1;0;0;0;0;0
2439090;3.25;1.00;36.00;2800.00;12.75;82.50;29.25;9.41;25.01;14.21;308.48;262.03;2.58;69211.00;36.00;36.00;43.00;4515.40;971.73;839.83;2.00;1;0;1;0;0;1;0;0;1;0;0;1;1;0;0;0;0;0
2440649;3.88;0.98;48.00;3767.00;12.75;82.50;32.25;17.65;30.53;14.02;349.92;303.01;2.58;69211.00;47.00;49.00;43.00;4577.00;971.73;781.24;2.00;1;0;1;0;0;1;0;0;1;0;0;1;1;0;0;0;0;0
2442197;2.51;0.93;55.00;3428.00;12.75;82.50;37.50;7.84;21.71;14.21;232.39;281.62;2.58;69211.00;55.00;56.00;43.00;4505.40;971.73;39.06;3.00;1;0;1;0;0;1;0;0;1;0;0;1;1;0;0;0;0;0
2443764;0.86;0.98;56.00;3431.00;12.75;82.50;39.00;1.18;6.62;14.11;247.56;318.71;2.58;69211.00;56.00;56.00;43.00;4502.00;971.89;878.90;3.00;1;0;1;0;0;1;0;0;1;0;0;1;1;0;0;0;0;0
2445351;1.38;0.95;56.00;3393.00;12.75;82.50;39.00;3.14;11.52;14.11;331.48;239.36;2.58;69211.00;55.00;56.00;43.00;4505.60;971.93;859.36;3.00;1;0;1;0;0;1;0;0;1;0;0;1;1;0;0;0;0;0
2446745;1.30;0.90;57.00;3514.00;12.75;82.50;40.50;3.53;11.42;14.11;346.33;334.98;2.58;69211.00;57.00;58.00;43.00;4506.00;972.20;117.19;3.00;1;0;1;0;0;1;0;0;0;0;0;1;1;0;0;0;0;0
2448245;1.23;0.99;58.00;3029.00;12.75;82.50;34.50;2.75;10.00;14.21;132.49;158.19;2.58;69211.00;59.00;58.00;43.00;4426.40;972.24;898.43;4.00;1;0;1;0;0;1;0;0;0;0;0;1;1;0;0;0;0;0
2449684;0.72;0.95;57.00;2993.00;12.75;82.50;33.75;0.78;6.05;14.11;282.40;284.73;2.58;69211.00;57.00;57.00;43.00;4513.20;972.51;58.59;4.00;1;0;1;0;0;1;0;0;1;0;0;1;1;0;0;0;0;0
2451115;1.06;0.95;56.00;2970.00;12.75;81.75;33.75;1.96;8.91;14.11;134.62;115.95;2.58;69211.00;57.00;57.00;44.00;4507.00;972.75;859.36;4.00;1;0;1;0;0;1;0;0;1;0;0;1;1;0;0;0;0;0
2452600;1.08;0.90;57.00;3005.00;12.75;81.75;33.75;1.96;9.49;14.02;19.41;17.58;2.58;69211.00;58.00;58.00;44.00;4511.20;972.90;820.30;4.00;1;0;1;0;0;1;0;0;1;0;0;1;1;0;0;0;0;0
2454157;1.75;0.89;61.00;3163.00;12.75;81.75;36.75;5.49;15.98;14.11;2.17;1.86;2.58;69211.00;60.00;61.00;44.00;4499.60;972.94;117.19;4.00;1;0;1;0;0;1;0;0;0;0;0;1;1;0;0;0;0;0
2455750;0.96;1.00;67.00;3109.00;12.75;81.75;35.25;1.57;7.74;14.21;1.68;0;2.58;69211.00;67.00;67.00;44.00;4337.80;972.98;878.90;5.00;1;0;1;0;0;1;0;0;0;0;0;1;1;0;0;0;0;0
2457149;1;0.98;70.00;3195.00;12.75;81.75;36.75;1.96;8.28;14.11;1.93;0;2.58;69211.00;70.00;69.00;44.00;4479.00;973.29;898.43;5.00;1;0;1;0;0;1;0;0;0;0;0;1;1;0;0;0;0;0
2458714;0.84;0.94;71.00;3315.00;12.75;81.75;37.50;1.57;7.10;14.21;2.01;0.25;2.58;69211.00;72.00;71.00;44.00;4504.60;973.72;898.43;5.00;1;0;1;0;0;1;0;0;0;0;0;1;1;0;0;0;0;0
2460228;0.61;1.00;72.00;3261.00;12.75;81.75;-30.00;0;0;14.11;0.47;0;2.58;69211.00;72.00;71.00;44.00;4528.00;974.04;0;5.00;1;0;1;0;0;1;0;0;0;0;0;1;1;0;0;0;0;0
2461720;1.25;1.00;71.00;3219.00;12.75;81.75;30.75;2.75;8.96;14.11;0;0.94;2.58;69211.00;71.00;70.00;44.00;4287.60;974.19;878.90;5.00;1;0;1;0;0;1;0;0;0;0;0;1;1;0;0;0;0;0
2463228;2.01;1.00;73.00;3168.00;12.75;81.75;22.50;5.10;13.55;14.11;3.73;1.09;2.58;69211.00;74.00;74.00;44.00;4275.80;974.70;898.43;6.00;1;0;1;0;0;1;0;0;0;0;0;1;1;0;0;0;0;0
2464725;1.26;0.95;77.00;3290.00;12.75;81.75;38.25;3.14;10.63;14.11;0.29;0.33;2.58;69211.00;78.00;78.00;44.00;4529.60;975.13;761.71;6.00;1;0;1;0;0;1;0;0;0;0;0;1;1;0;0;0;0;0
2466187;0.61;1.00;76.00;3204.00;12.75;81.75;-30.00;0;0;14.11;0.94;1.56;2.58;69211.00;75.00;76.00;44.00;4560.00;975.33;0;6.00;1;0;1;0;0;1;0;0;0;0;0;1;1;0;0;0;0;0
2467670;1.14;1.00;75.00;3160.00;12.75;81.75;32.25;1.96;7.84;13.92;1.86;1.09;2.82;69211.00;74.00;75.00;44.00;4269.80;975.64;898.43;6.00;1;0;1;0;0;1;0;0;0;0;0;1;1;0;0;0;0;0
2469214;0.68;1.00;73.00;3115.00;12.75;81.00;-30.00;0;0;14.11;1.11;0.61;2.58;69211.00;74.00;73.00;44.00;4353.80;976.11;0;6.00;1;0;1;0;0;1;0;0;0;0;0;1;1;0;0;0;0;0
2470674;0.68;1.00;72.00;3040.00;12.75;81.00;-30.00;0;0;14.11;0.70;0;2.58;69211.00;72.00;72.00;44.00;4362.80;976.46;0;6.00;1;0;1;0;0;1;0;0;0;0;0;1;1;0;0;0;0;0
2472078;0.69;1.00;70.00;2995.00;12.75;81.00;-30.00;0;0;14.11;0.33;0;2.58;69211.00;70.00;70.00;44.00;4369.60;976.61;0;6.00;1;0;1;0;0;1;0;0;0;0;0;1;1;0;0;0;0;0
2473530;0.70;1.00;68.00;2878.00;12.75;81.00;-30.00;0;0;14.11;0;0.64;2.58;69211.00;69.00;69.00;44.00;4358.20;976.97;0;6.00;1;0;1;0;0;1;0;0;0;0;0;1;1;0;0;0;0;0
2474899;0.71;1.00;68.00;2886.00;12.75;81.00;-30.00;0;0;14.11;2.21;1.35;2.58;69211.00;69.00;68.00;44.00;4352.00;977.51;0;6.00;1;0;1;0;0;1;0;0;0;0;0;1;1;0;0;0;0;0
2476437;0.78;1.00;62.00;2611.00;12.75;81.00;-30.00;0;0;14.11;0.21;2.07;2.58;69211.00;62.00;62.00;44.00;4216.00;977.90;0;6.00;1;0;1;0;0;1;0;0;0;0;0;1;1;0;0;0;0;0
2477876;0.84;1.00;57.00;2375.00;12.75;81.00;15.75;0;11.98;14.11;38.24;13.55;2.58;69211.00;58.00;57.00;40.00;4476.20;978.49;195.31;6.00;1;0;1;0;0;1;0;0;1;0;0;1;1;0;0;0;0;0
2479405;0.85;1.00;56.00;2410.00;12.75;81.00;15.75;0;11.87;14.11;96.13;59.90;2.58;69211.00;57.00;57.00;39.00;4516.00;978.92;58.59;6.00;1;0;1;0;0;1;0;0;1;0;0;1;1;0;0;0;0;0
2480697;0.87;1.00;56.00;2387.00;12.75;81.00;15.75;0;11.99;14.11;113.47;223.91;2.58;69211.00;56.00;56.00;40.00;4517.60;979.08;58.59;6.00;1;0;1;0;0;1;0;0;1;0;0;1;1;0;0;0;0;0
2482196;1.06;1.00;51.00;1760.00;12.75;81.00;15.00;0;11.77;14.21;98.39;165.71;2.58;69211.00;51.00;51.00;37.00;4550.80;979.19;78.12;5.00;1;0;1;0;0;1;0;0;1;0;0;1;1;0;0;0;0;0
2483663;1.14;0.99;40.00;1718.00;12.75;81.00;13.50;0;11.89;14.30;108.70;127.45;2.58;69211.00;40.00;39.00;39.00;4477.20;979.82;742.18;3.00;1;0;1;0;0;1;0;0;1;0;0;1;1;0;0;0;0;0
2485244;2.66;1.00;40.00;2532.00;12.75;81.00;25.50;5.49;19.72;14.21;38.88;53.49;2.58;69211.00;41.00;40.00;44.00;4450.80;980.21;859.36;3.00;1;0;1;0;0;1;0;0;1;0;0;1;1;0;0;0;0;0
2486673;3.60;0.94;48.00;2986.00;12.75;81.00;27.75;14.51;29.67;14.21;7.05;11.87;2.58;69211.00;48.00;49.00;44.00;4535.80;980.33;97.66;3.00;1;0;1;0;0;1;0;0;1;0;0;1;1;0;0;0;0;0
2488170;0.55;1.00;52.00;3209.00;12.75;81.00;-30.00;0;0;14.11;1.54;1.27;2.58;69211.00;52.00;52.00;44.00;4510.60;980.36;19.53;3.00;1;0;1;0;0;1;0;0;1;0;0;1;1;0;0;0;0;0
2489611;1.29;0.99;50.00;3002.00;12.75;81.75;33.75;2.35;10.23;14.11;0.08;0.76;2.58;69211.00;50.00;48.00;44.00;4487.40;980.40;917.96;3.00;1;0;1;0;0;1;0;0;1;0;0;1;1;0;0;0;0;0
2491175;0.76;1.00;42.00;2615.00;12.75;81.75;-30.00;0;0;14.11;0.96;0.62;2.58;69211.00;43.00;43.00;44.00;4406.60;980.40;0;3.00;1;0;1;0;0;1;0;0;1;0;0;1;1;0;0;0;0;0
2492682;1.18;1.00;28.00;1628.00;12.75;81.75;14.25;0;11.91;13.07;118.02;10.31;3.24;69211.00;28.00;29.00;38.00;4489.60;980.40;78.12;3.00;1;0;1;1;0;1;0;0;1;0;0;1;1;0;0;1;0;0
2494273;1.43;0.99;3.00;1258.00;12.75;82.50;14.25;0;11.78;14.49;95.36;18.57;2.31;69211.00;4.00;3.00;36.00;4502.60;980.40;878.90;2.00;1;0;1;0;0;1;0;0;1;0;0;1;1;0;0;0;0;0
2496213;4.48;1.00;5.00;2206.00;12.75;82.50;20.25;9.81;27.15;14.21;128.59;93.00;2.58;69211.00;5.00;5.00;43.00;4489.40;980.40;898.43;1;1;0;1;0;0;1;0;0;1;0;0;1;1;0;0;0;0;0
2497859;2.19;1.00;21.00;1594.00;12.75;82.50;13.50;2.35;14.63;14.21;219.19;295.63;2.58;69211.00;21.00;21.00;43.00;4528.00;980.40;39.06;2.00;1;0;1;0;0;1;0;0;1;0;0;1;1;0;0;0;0;0
2499414;1.02;1.00;23.00;1817.00;12.75;82.50;14.25;0;11.88;14.21;197.64;300.16;2.58;69211.00;23.00;23.00;37.00;4459.60;980.40;878.90;2.00;1;0;1;1;0;1;0;0;1;0;0;1;1;0;0;1;0;0
2500843;1.10;0.95;21.00;1584.00;12.75;83.25;14.25;0;11.66;14.39;80.80;143.17;2.31;69211.00;21.00;20.00;36.00;4508.00;980.40;878.90;2.00;1;0;1;0;0;1;0;0;1;0;0;1;1;0;0;0;0;0
2502438;1.16;0.91;18.00;1440.00;12.75;83.25;14.25;0;11.76;14.30;31.93;58.84;2.58;69211.00;19.00;18.00;38.00;4517.20;980.40;878.90;2.00;1;0;1;0;0;1;0;0;1;0;0;1;1;0;0;0;0;0
2503863;2.47;0.98;22.00;1783.00;12.75;83.25;11.25;3.92;16.63;14.39;116.28;153.19;2.31;69211.00;23.00;23.00;43.00;4515.00;980.40;39.06;2.00;1;0;1;0;0;1;0;0;1;0;0;1;1;0;0;0;0;0
2505326;1.78;0.98;28.00;2295.00;12.75;84.00;22.50;2.75;13.91;14.21;248.77;197.66;2.58;69211.00;29.00;29.00;42.00;4507.00;980.40;898.43;2.00;1;0;1;0;0;1;0;0;1;0;0;1;1;0;0;0;0;0
2506872;1.34;0.93;31.00;2321.00;12.75;84.00;22.50;1.96;11.06;14.11;214.89;180.59;2.58;69211.00;30.00;31.00;42.00;4520.80;980.40;859.36;2.00;1;0;1;0;0;1;0;0;1;0;0;1;1;0;0;0;0;0
2508471;1.19;0.89;31.00;2391.00;12.75;84.00;24.00;1.57;10.70;14.21;307.58;310.55;2.58;69211.00;31.00;31.00;42.00;4511.20;980.44;683.59;2.00;1;0;1;0;0;1;0;0;1;0;0;1;1;0;0;0;0;0
2509727;0.86;1.00;28.00;2244.00;12.75;84.00;15.00;0;11.70;14.21;233.31;116.54;2.58;69211.00;29.00;29.00;36.00;4515.00;980.44;703.12;2.00;1;0;1;0;0;1;0;0;1;0;0;1;1;0;0;0;0;0
2511235;0.91;1.00;26.00;2101.00;12.75;84.00;14.25;0;11.66;14.21;81.32;69.60;2.58;69212.00;27.00;27.00;36.00;4510.60;980.44;39.06;2.00;1;0;1;0;0;1;0;0;1;0;0;1;1;0;0;0;0;0
2512660;0.95;1.00;25.00;1977.00;12.75;84.00;13.50;0;11.61;14.21;29.59;22.83;2.58;69212.00;26.00;25.00;36.00;4529.60;980.60;78.12;2.00;1;0;1;0;0;1;0;0;1;0;0;1;1;0;0;0;0;0
2514169;1.44;0.99;12.00;1267.00;12.75;83.25;14.25;0;11.59;14.39;14.00;12.44;2.31;69212.00;13.00;13.00;37.00;4496.80;980.72;878.90;2.00;1;0;1;0;0;1;0;0;1;0;0;1;1;0;0;0;0;0
2515686;1.44;0.94;10.00;1219.00;12.75;83.25;17.25;0;12.14;14.39;7.52;7.21;2.31;69212.00;10.00;10.00;37.00;4518.80;981.07;820.30;2.00;1;0;1;0;0;1;0;0;1;0;0;1;1;0;0;0;0;0
2517208;1.45;0.89;10.00;1236.00;12.75;83.25;16.50;0;12.18;14.39;57.61;18.24;2.31;69212.00;10.00;10.00;38.00;4501.60;981.42;859.36;2.00;1;0;1;0;0;1;0;0;1;0;0;1;1;0;0;0;0;0
2518832;4.30;1.00;20.00;1756.00;12.75;83.25;12.75;8.63;29.68;14.30;75.11;55.09;2.58;69212.00;21.00;20.00;43.00;4507.20;981.54;878.90;2.00;1;0;1;0;0;1;0;0;1;0;0;1;1;0;0;0;0;0
2521018;0.82;1.00;32.00;2497.00;12.75;83.25;13.50;0;11.72;14.21;233.48;220.10;2.58;69212.00;33.00;32.00;42.00;4492.60;981.61;39.06;2.00;1;0;1;0;0;1;0;0;1;0;0;1;1;0;0;0;0;0
2522552;0.83;1.00;30.00;2371.00;12.75;83.25;15.75;0;11.75;14.21;98.10;88.94;2.58;69212.00;31.00;30.00;37.00;4540.60;981.30;898.43;2.00;1;0;1;0;0;1;0;0;1;0;0;1;1;0;0;0;0;0
2524019;0.94;1.00;31.00;2591.00;12.75;83.25;24.75;0.78;7.21;14.11;152.43;106.52;2.58;69212.00;32.00;32.00;43.00;4506.00;981.42;898.43;2.00;1;0;1;0;0;1;0;0;1;0;0;1;1;0;0;0;0;0
2525392;3.16;1.00;35.00;2752.00;12.75;83.25;28.50;8.24;23.90;14.21;260.98;241.20;2.58;69212.00;33.00;35.00;43.00;4524.80;981.50;859.36;2.00;1;0;1;0;0;1;0;0;1;0;0;1;1;0;0;0;0;0
2526845;1.53;0.98;32.00;2545.00;12.75;82.50;26.25;2.75;12.14;14.21;333.69;339.69;2.58;69212.00;32.00;32.00;43.00;4509.60;981.50;859.36;2.00;1;0;1;0;0;1;0;0;1;0;0;1;1;0;0;0;0;0
2528357;1.58;0.93;31.00;2451.00;12.75;82.50;24.75;2.75;13.41;14.21;311.44;322.46;2.58;69212.00;31.00;31.00;43.00;4515.60;981.58;156.25;2.00;1;0;1;0;0;1;0;0;1;0;0;1;1;0;0;0;0;0
2529918;1.90;0.95;31.00;2492.00;12.00;81.75;25.50;3.53;15.62;14.21;91.93;75.95;2.58;69212.00;31.00;31.00;44.00;4503.00;981.61;58.59;2.00;1;0;1;0;0;1;0;0;1;0;0;1;1;0;0;0;0;0
2531396;1.46;0.96;32.00;2534.00;12.00;81.75;26.25;2.35;12.08;14.21;19.80;16.33;2.58;69212.00;33.00;33.00;44.00;4612.00;981.61;859.36;2.00;1;0;1;0;0;1;0;0;1;0;0;1;1;0;0;0;0;0
2532807;0.94;1.00;26.00;2063.00;12.00;81.75;14.25;0;11.88;14.11;74.74;49.25;2.58;69212.00;27.00;27.00;38.00;4515.40;981.61;39.06;2.00;1;0;1;0;0;1;0;0;1;0;0;1;1;0;0;0;0;0
2534319;1.78;1.00;22.00;1761.00;12.00;81.75;15.00;1.57;12.75;14.30;28.26;38.81;2.58;69212.00;23.00;23.00;44.00;4526.20;981.54;78.12;2.00;1;0;1;0;0;1;0;0;1;0;0;1;1;0;0;0;0;0
2535790;2.33;0.97;27.00;2136.00;12.00;81.75;19.50;4.31;17.79;14.21;7.85;10.82;2.58;69212.00;28.00;28.00;44.00;4510.40;981.54;566.40;2.00;1;0;1;0;0;1;0;0;1;0;0;1;1;0;0;0;0;0
2537244;1.32;0.94;30.00;2267.00;12.00;81.75;21.75;1.57;10.94;14.21;3.55;3.75;2.58;69212.00;30.00;29.00;44.00;4513.00;981.54;859.36;2.00;1;0;1;0;0;1;0;0;1;0;0;1;1;0;0;0;0;0
2538669;1.22;0.90;26.00;2129.00;12.00;81.75;19.50;1.18;10.13;14.30;0.70;2.05;2.58;69212.00;27.00;26.00;44.00;4530.00;981.50;39.06;2.00;1;0;1;0;0;1;0;0;1;0;0;1;1;0;0;0;0;0
2540094;1.53;0.94;26.00;2027.00;12.00;81.75;18.00;1.96;12.17;14.21;0.06;0.43;2.58;69212.00;26.00;26.00;44.00;4518.20;981.50;39.06;2.00;1;0;1;0;0;1;0;0;1;0;0;1;1;0;0;0;0;0
2541541;1.58;0.98;26.00;2048.00;12.00;81.75;18.75;1.96;12.04;14.21;0;0;2.58;69212.00;26.00;26.00;44.00;4515.80;981.54;820.30;2.00;1;0;1;0;0;1;0;0;1;0;0;1;1;0;0;0;0;0
2542931;1.58;0.96;25.00;2009.00;12.00;82.50;18.00;1.96;12.28;14.21;154.15;190.12;2.58;69212.00;26.00;25.00;43.00;4501.80;981.42;117.19;2.00;1;0;1;0;0;1;0;0;1;0;0;1;1;0;0;0;0;0
2544489;1.58;0.96;25.00;2025.00;12.00;82.50;18.00;1.96;12.14;14.11;274.18;285.27;2.58;69212.00;26.00;26.00;43.00;4508.60;981.38;488.28;2.00;1;0;1;0;0;1;0;0;1;0;0;1;1;0;0;0;0;0
2545924;1.32;0.96;23.00;1933.00;12.00;82.50;16.50;1.18;9.93;14.21;185.54;187.59;2.58;69212.00;24.00;24.00;43.00;4512.80;981.11;58.59;2.00;1;0;1;0;0;1;0;0;1;0;0;1;1;0;0;0;0;0
2547297;1.15;1.00;22.00;1726.00;12.00;82.50;14.25;0;11.86;14.30;178.66;203.29;2.58;69212.00;22.00;23.00;37.00;4506.20;981.03;898.43;2.00;1;0;1;0;0;1;0;0;1;0;0;1;1;0;0;0;0;0
2548908;1.18;0.96;18.00;1484.00;12.00;83.25;14.25;0;11.64;14.30;75.44;75.85;2.58;69212.00;19.00;19.00;36.00;4503.40;981.03;898.43;2.00;1;0;1;0;0;1;0;0;1;0;0;1;1;0;0;1;0;0
2550311;1.22;0.91;16.00;1322.00;12.00;83.25;12.75;0;11.46;14.39;35.37;39.45;2.31;69212.00;16.00;16.00;37.00;4512.40;980.95;859.36;2.00;1;0;1;0;0;1;0;0;1;0;0;1;1;0;0;0;0;0
2551803;1.25;0.88;13.00;1238.00;12.00;83.25;15.75;0;11.92;14.39;15.12;16.89;2.31;69212.00;14.00;14.00;37.00;4512.40;980.91;39.06;2.00;1;0;1;0;0;1;0;0;1;0;0;1;1;0;0;0;0;0
2553249;1.30;0.93;10.00;1289.00;12.00;83.25;13.50;0;11.65;14.39;23.08;14.53;2.31;69212.00;11.00;11.00;38.00;4526.40;980.83;507.81;2.00;1;0;1;1;0;1;0;0;1;0;0;1;1;0;0;1;0;0
2554746;1.26;0.91;8.00;1246.00;12.00;83.25;15.00;0;11.79;14.39;24.72;25.94;2.31;69212.00;8.00;8.00;36.00;4515.20;980.72;195.31;1;1;0;1;0;0;1;0;0;1;0;0;1;1;0;0;0;0;0
2556366;1.35;0.94;6.00;1224.00;12.00;84.00;17.25;0;12.14;14.39;24.02;11.05;2.31;69212.00;6.00;6.00;36.00;4521.40;980.75;664.05;1;1;0;1;0;0;1;0;0;1;0;0;1;1;0;0;0;0;0
2557879;1.31;0.99;5.00;1390.00;12.00;84.00;23.25;0;13.18;14.39;28.42;20.14;2.31;69212.00;6.00;6.00;38.00;4496.80;980.83;878.90;1;1;0;1;0;0;1;0;0;1;0;0;1;1;0;0;0;0;0
2559399;1.86;1.01;8.00;1468.00;12.75;84.00;12.75;1.57;13.43;14.39;101.46;69.14;2.31;69212.00;9.00;9.00;42.00;4536.60;980.72;234.37;1;1;0;1;0;0;1;0;0;1;0;0;1;1;0;0;0;0;0
2560932;1.90;0.97;10.00;1265.00;12.75;84.75;12.75;1.18;14.24;14.49;62.03;56.42;2.31;69212.00;10.00;10.00;43.00;4495.80;980.83;58.59;1;1;0;1;0;0;1;0;0;1;0;0;1;1;0;0;1;0;0
2563357;1.32;0.98;8.00;1290.00;12.75;84.75;12.75;0;11.35;14.49;41.85;31.83;2.31;69212.00;9.00;9.00;36.00;4509.60;980.60;859.36;1;1;0;1;0;0;1;0;0;1;0;0;1;1;0;0;0;0;0
2565488;1.37;0.92;7.00;1234.00;12.75;84.75;12.75;0.39;11.72;14.39;48.02;18.69;2.31;69212.00;7.00;7.00;43.00;4511.80;980.52;136.72;1;1;0;1;0;0;1;0;0;1;0;0;1;1;0;0;0;0;0
2567090;1.36;1.00;5.00;1481.00;12.75;84.75;14.25;0;11.74;14.39;27.97;31.83;2.31;69212.00;0;5.00;37.00;4475.80;980.48;878.90;1;1;0;1;0;0;1;0;0;1;0;0;1;1;0;0;0;0;0
2568759;1.42;1.01;7.00;1314.00;12.75;84.75;14.25;0;11.67;14.39;82.65;116.22;2.31;69212.00;8.00;7.00;37.00;4516.00;980.48;898.43;1;1;0;1;0;0;1;0;0;1;0;0;1;1;0;0;0;0;0
2570307;1.38;0.95;6.00;1231.00;12.75;84.75;15.00;0;11.59;14.49;59.63;129.87;2.31;69212.00;6.00;6.00;35.00;4515.40;980.44;859.36;1;1;0;1;0;0;1;0;0;1;0;0;1;1;0;0;0;0;0
2571790;1.30;0.89;2.00;1221.00;12.75;84.75;16.50;0;11.93;14.39;97.79;124.07;2.31;69212.00;3.00;3.00;36.00;4511.80;980.52;273.43;1;1;0;1;0;0;1;0;0;1;0;0;1;1;0;0;0;0;0
2573731;1.37;0.92;0;1203.00;12.75;84.75;18.00;0;12.20;14.49;41.99;56.21;2.31;69212.00;0;0;37.00;4505.60;980.52;78.12;1;1;0;1;0;0;1;0;0;1;0;0;1;1;0;0;0;0;0
2575196;1.38;0.96;0;1198.00;12.75;84.75;18.00;0;12.41;14.49;24.41;41.95;2.31;69212.00;0;0;38.00;4510.40;980.48;97.66;1;1;0;1;0;0;1;0;0;1;0;0;1;1;0;0;0;0;0
2576803;1.67;0.99;0;1271.00;12.75;84.75;12.75;0.78;12.36;14.30;25.97;47.97;2.58;69212.00;0;0;42.00;4593.40;980.52;898.43;1;1;0;1;0;0;1;0;0;1;0;0;1;1;0;0;0;0;0
2578358;2.56;1.00;0;1674.00;12.75;84.75;13.50;3.14;17.86;14.30;185.22;217.95;2.58;69212.00;0;0;42.00;4482.40;980.60;39.06;1;1;0;1;0;0;1;0;0;1;0;0;1;1;0;0;0;0;0
2579841;1.99;0.99;0;1562.00;12.75;84.75;13.50;1.96;14.46;14.39;106.38;114.91;2.31;69212.00;0;0;42.00;4546.80;980.48;39.06;1;1;0;1;0;0;1;0;0;1;0;0;1;1;0;0;0;0;0
2581347;1.35;1.02;0;1274.00;12.75;84.75;12.75;0;11.43;14.49;112.71;98.53;2.31;69212.00;0;0;37.00;4502.20;980.44;878.90;1;1;0;1;0;0;1;0;0;1;0;0;1;1;0;0;0;0;0
2582949;1.42;0.98;0;1189.00;12.75;84.75;19.50;0;12.36;14.39;52.52;42.50;2.31;69212.00;0;0;35.00;4512.20;980.52;820.30;1;1;0;1;0;0;1;0;0;1;0;0;1;1;0;0;0;0;0
2584504;1.41;0.95;0;1161.00;12.75;84.75;21.00;0;12.64;14.30;26.03;24.22;2.58;69212.00;0;0;36.00;4514.40;980.52;39.06;1;1;0;1;1;0;1;0;0;1;0;0;1;1;0;0;1;0;0
2585820;1.27;0.99;0;1274.00;12.75;84.75;12.00;0;11.12;14.30;20.90;17.79;2.58;69212.00;0;0;35.00;4521.80;980.52;312.50;1;0;1;0;1;0;0;0;0;0;0;0;0;0;0;1;0;0;0
2587321;2.05;1.00;0;0;12.75;84.75;2.25;0;56.01;12.78;68.61;75.82;3.36;69212.00;0;0;113.00;4625.40;980.48;78.12;1;0;1;0;1;0;0;0;0;0;0;0;0;0;0;1;0;0;0
2588854;2.05;1.00;0;0;12.75;84.75;2.25;0;56.01;12.60;68.61;75.82;3.36;69212.00;0;0;113.00;4612.80;980.44;97.66;1;0;1;0;0;0;0;0;0;0;0;0;0;0;0;0;1;0;0
2590308;2.05;1.00;0;0;12.75;84.75;2.25;0;56.01;12.69;68.61;75.82;3.36;69212.00;0;0;113.00;4599.00;980.44;97.66;0;0;1;0;0;0;0;0;0;0;0;0;0;0;0;0;1;0;0
2591745;2.05;1.00;0;0;12.75;84.75;2.25;0;56.01;12.69;68.61;75.82;3.36;69212.00;0;0;113.00;4587.40;980.44;97.66;0;0;1;0;0;0;0;0;0;0;0;0;0;0;0;0;1;0;0
2593168;2.05;1.00;0;0;12.75;84.75;2.25;0;56.01;12.69;68.61;75.82;3.36;69212.00;0;0;113.00;4574.40;980.44;117.19;0;0;1;0;0;0;0;0;0;0;0;0;0;0;0;0;1;0;0
