##;##
#2011-11-24 10:43:44
#GS-911 Mobile WM5 V1009.2
#F800GS
#BMS-KP2
Time (ms);Injection time( ms);Lambda control factor;Speed( km/h);RPM;Intake air temperature( °C);Engine temperature( °C);Ignition angle( °KW);Throttle valve position (TPS)( %);Engine load( %);Battery voltage( V);Knock sensor 1( V);Knock sensor 2( V);Ignition dwell time( ms);Odometer( km);Front wheel speed( km/h);Rear wheel speed( km/h);Idle actuator position( steps);Fuel pressure( mbar);Ambient air pressure( mbar);Lambda sensor voltage( mV);Gear position;Sidestand switch 1;Sidestand switch 2;Sidestand switch calculated;Clutch switch;Kill switch;Oil pressure switch;Start switch;Tank venting valve (US only);Secondary air valve;Engine over-temperature light;Actuation of starter relay;Lambda sensor heating;Fuel pump;Fan motor;Engine safety cut-out (of BMSK);Starter function (of BMSK);Starter safety cut-out (of BMSK);Engine warning light (MIL)
1376;1.28;0.98;0;1274.00;15.00;85.50;12.75;0;11.12;14.30;35.11;41.50;2.58;68914.00;0;0;33.00;4509.20;1014.97;312.50;0;0;1;0;0;0;1;0;0;1;0;0;1;1;0;0;1;0;0
2792;1.42;0.96;0;1155.00;15.00;85.50;22.50;0;12.53;14.49;15.02;24.72;2.31;68914.00;0;0;33.00;4511.40;1014.74;58.59;0;0;1;0;0;0;1;0;0;1;0;0;1;1;0;0;1;0;0
4411;1.32;1.00;0;1280.00;15.00;85.50;12.00;0;11.02;14.39;13.42;16.05;2.31;68914.00;0;0;34.00;4524.00;1014.82;703.12;0;0;1;0;0;0;1;0;0;1;0;0;1;1;0;0;1;0;0
5832;1.31;0.98;0;1240.00;15.00;85.50;15.00;0;11.47;14.39;10.47;9.22;2.31;68914.00;0;0;33.00;4514.60;1014.86;683.59;0;0;1;0;0;0;1;0;0;1;0;0;1;1;0;0;1;0;0
7223;1.36;0.98;0;1222.00;15.00;86.25;16.50;0;11.73;14.39;28.34;14.55;2.31;68914.00;0;0;34.00;4521.20;1014.86;58.59;0;0;1;0;0;0;1;0;0;1;0;0;1;1;0;0;1;0;0
8638;1.29;0.99;0;1285.00;15.00;86.25;12.00;0;11.48;14.39;66.83;67.44;2.31;68914.00;0;0;33.00;4510.00;1014.74;878.90;0;0;1;0;0;0;1;0;0;1;0;0;1;1;0;0;1;0;0
10051;1.27;0.95;0;1243.00;15.00;86.25;15.00;0;11.44;14.39;33.59;32.15;2.31;68914.00;0;0;33.00;4508.20;1014.78;58.59;0;0;1;0;0;0;1;0;0;1;0;0;1;1;0;0;1;0;0
11407;1.35;0.99;0;1270.00;15.00;86.25;12.75;0;11.18;14.49;23.18;73.10;2.31;68914.00;0;0;33.00;4514.00;1014.54;527.34;0;0;1;0;0;0;1;0;0;1;0;0;1;1;0;0;1;0;0
12837;1.35;0.99;0;1243.00;15.00;86.25;15.00;0;11.56;14.39;127.37;81.58;2.31;68914.00;0;0;34.00;4514.00;1014.51;292.97;0;0;1;0;0;0;1;0;0;1;0;0;1;1;0;0;1;0;0
14245;1.42;1.00;0;1234.00;15.00;86.25;15.75;0;11.66;14.30;132.34;103.43;2.58;68914.00;0;0;33.00;4500.20;1014.62;839.83;0;0;1;0;0;0;1;0;0;1;0;0;1;1;0;0;1;0;0
15818;1.25;0.96;0;1300.00;15.00;86.25;12.00;0;11.05;14.30;96.17;57.87;2.58;68914.00;0;0;34.00;4512.80;1014.62;78.12;0;0;1;0;0;0;1;0;0;1;0;0;1;1;0;0;1;0;0
17219;1.34;1.00;0;1254.00;15.00;87.00;13.50;0;11.30;14.39;89.49;29.65;2.31;68914.00;0;0;33.00;4511.60;1014.62;781.24;0;0;1;0;0;0;1;0;0;1;0;0;1;1;0;0;1;0;0
19318;1.30;0.98;0;1270.00;15.00;87.00;13.50;0;11.29;14.39;51.95;63.59;2.31;68914.00;0;0;34.00;4510.60;1014.78;839.83;0;0;1;0;0;0;1;0;0;1;0;0;1;1;0;0;1;0;0
24967;1.32;0.96;0;1225.00;15.00;87.75;16.50;0;11.86;14.30;247.64;178.17;2.58;68914.00;0;0;35.00;4508.00;1014.86;175.78;0;1;0;1;1;0;1;0;0;1;0;0;1;1;0;0;1;0;0
29365;2.54;1.00;0;2590.00;15.00;87.75;26.25;5.10;18.37;14.21;222.70;171.55;2.58;68914.00;0;0;39.00;4552.20;1014.43;898.43;1;1;0;1;0;0;1;0;0;1;0;0;1;1;0;0;0;0;0
31085;4.43;0.99;23.00;2594.00;15.00;87.75;21.75;16.86;33.49;14.11;283.26;265.49;2.58;68914.00;23.00;24.00;39.00;4455.80;1014.47;820.30;1;1;0;1;0;0;1;0;0;1;0;0;1;1;0;0;0;0;0
32607;4.99;0.97;43.00;3382.00;15.00;87.75;21.00;23.53;38.07;14.11;248.27;237.17;2.58;68914.00;42.00;43.00;39.00;4562.00;1014.31;605.46;2.00;1;0;1;0;0;1;0;0;0;0;0;1;1;0;0;0;0;0
34187;3.84;0.99;57.00;3510.00;15.00;87.75;30.00;15.69;30.22;14.11;163.04;233.77;2.58;68914.00;56.00;57.00;39.00;4507.80;1014.51;839.83;3.00;1;0;1;0;0;1;0;0;1;0;0;1;1;0;0;0;0;0
35809;5.65;0.97;71.00;4339.00;15.00;87.75;23.25;30.20;42.44;14.02;300.29;316.44;2.58;68914.00;70.00;71.00;39.00;4360.40;1014.35;917.96;3.00;1;0;1;0;0;1;0;0;0;0;0;1;1;0;0;0;0;0
41729;4.51;1.03;103.00;4385.00;14.25;86.25;31.50;20.79;32.83;14.02;27.44;47.09;2.58;68914.00;102.00;104.00;40.00;4545.40;1013.92;703.12;6.00;1;0;1;0;0;1;0;0;0;0;0;1;1;0;0;0;0;0
43707;3.49;0.99;106.00;4489.00;14.25;85.50;36.75;14.90;26.93;14.02;3.07;4.32;2.58;68914.00;105.00;106.00;40.00;4509.20;1014.00;742.18;6.00;1;0;1;0;0;1;0;0;0;0;0;1;1;0;0;0;0;0
45115;2.93;0.98;107.00;4526.00;14.25;84.75;41.25;10.98;23.06;14.02;0.29;0.51;2.58;68914.00;105.00;107.00;40.00;4475.40;1013.96;214.84;6.00;1;0;1;0;0;1;0;0;0;0;0;1;1;0;0;0;0;0
46442;2.26;0.94;105.00;4460.00;14.25;84.00;45.00;7.84;18.88;14.02;0;0;2.58;68914.00;105.00;105.00;41.00;4493.80;1014.15;839.83;6.00;1;0;1;0;0;1;0;0;0;0;0;1;1;0;0;0;0;0
47899;2.05;0.92;103.00;4377.00;14.25;83.25;45.75;7.06;17.36;14.02;0;2.64;2.58;68914.00;103.00;103.00;41.00;4536.80;1014.12;136.72;6.00;1;0;1;0;0;1;0;0;0;0;0;1;1;0;0;0;0;0
53888;2.93;0.98;102.00;4321.00;14.25;80.25;41.25;10.59;23.11;14.11;340.95;305.76;2.58;68914.00;102.00;103.00;43.00;4498.20;1014.23;175.78;6.00;1;0;1;0;0;1;0;0;0;0;0;1;1;0;0;0;0;0
55928;2.70;0.94;102.00;4339.00;14.25;79.50;41.25;10.20;22.21;14.11;12.50;12.99;2.58;68914.00;101.00;102.00;44.00;4510.40;1014.31;429.68;6.00;1;0;1;0;0;1;0;0;0;0;0;1;1;0;0;0;0;0
57564;2.69;0.95;101.00;4310.00;14.25;78.75;41.25;9.81;21.95;14.11;1.95;2.09;2.58;68914.00;100.00;101.00;44.00;4504.20;1014.31;820.30;6.00;1;0;1;0;0;1;0;0;0;0;0;1;1;0;0;0;0;0
60088;3.16;0.98;102.00;4316.00;14.25;78.00;38.25;12.16;24.82;14.02;0.43;1.33;2.58;68914.00;101.00;102.00;45.00;4508.80;1014.54;566.40;6.00;1;0;1;0;0;1;0;0;0;0;0;1;1;0;0;0;0;0
61749;3.16;0.96;102.00;4347.00;13.50;78.00;38.25;12.55;25.14;14.11;2.89;3.05;2.58;68914.00;101.00;103.00;45.00;4512.00;1014.43;781.24;6.00;1;0;1;0;0;1;0;0;0;0;0;1;1;0;0;0;0;0
63197;3.02;0.95;102.00;4366.00;13.50;78.00;39.75;11.37;24.45;14.11;0.02;0;2.58;68914.00;102.00;103.00;45.00;4505.60;1014.47;781.24;6.00;1;0;1;0;0;1;0;0;0;0;0;1;1;0;0;0;0;0
65066;2.58;0.90;102.00;4348.00;13.50;78.00;42.00;9.81;22.07;14.02;1.97;0.76;2.58;68914.00;101.00;103.00;45.00;4489.80;1014.43;820.30;6.00;1;0;1;0;0;1;0;0;0;0;0;1;1;0;0;0;0;0
67302;2.68;0.93;101.00;4312.00;13.50;78.00;41.25;9.81;22.30;14.11;3.16;1.70;2.58;68914.00;100.00;101.00;45.00;4509.60;1014.39;58.59;6.00;1;0;1;0;0;1;0;0;0;0;0;1;1;0;0;0;0;0
69318;2.98;0.97;100.00;4268.00;13.50;78.75;39.75;10.98;23.66;14.02;0.68;0;2.58;68914.00;99.00;101.00;44.00;4540.40;1014.54;214.84;6.00;1;0;1;0;0;1;0;0;0;0;0;1;1;0;0;0;0;0
71746;3.36;0.99;102.00;4343.00;13.50;78.75;37.50;12.94;25.88;14.11;2.99;0.84;2.58;68915.00;101.00;103.00;44.00;4521.80;1014.54;507.81;6.00;1;0;1;0;0;1;0;0;0;0;0;1;1;0;0;0;0;0
73276;2.49;0.89;102.00;4326.00;13.50;79.50;42.00;9.41;21.55;14.11;1.84;0.61;2.58;68915.00;101.00;103.00;44.00;4510.00;1014.51;703.12;6.00;1;0;1;0;0;1;0;0;0;0;0;1;1;0;0;0;0;0
75932;2.43;0.90;101.00;4317.00;13.50;79.50;42.00;9.02;20.96;14.11;0;2.89;2.58;68915.00;101.00;102.00;44.00;4510.40;1014.54;722.65;6.00;1;0;1;0;0;1;0;0;0;0;0;1;1;0;0;0;0;0
78092;2.34;0.90;101.00;4259.00;13.50;80.25;42.75;8.24;20.23;14.02;237.13;254.65;2.58;68915.00;100.00;101.00;43.00;4504.20;1014.58;839.83;6.00;1;0;1;0;0;1;0;0;0;0;0;1;1;0;0;0;0;0
80021;2.02;0.99;100.00;4205.00;13.50;80.25;45.75;6.28;15.99;14.11;310.70;222.97;2.58;68915.00;99.00;100.00;43.00;4474.60;1014.74;820.30;6.00;1;0;1;0;0;1;0;0;0;0;0;1;1;0;0;0;0;0
82502;2.45;0.87;98.00;4154.00;13.50;81.00;41.25;9.41;21.82;14.11;256.94;264.40;2.58;68915.00;97.00;98.00;43.00;4528.00;1014.82;585.93;6.00;1;0;1;0;0;1;0;0;0;0;0;1;1;0;0;0;0;0
83824;2.62;0.92;98.00;4189.00;13.50;81.00;41.25;9.41;22.07;14.11;332.48;318.12;2.58;68915.00;97.00;99.00;43.00;4501.40;1014.94;449.21;6.00;1;0;1;0;0;1;0;0;0;0;0;1;1;0;0;0;0;0
85264;2.70;0.91;98.00;4173.00;13.50;81.00;40.50;10.20;22.94;14.02;307.07;308.03;2.58;68915.00;98.00;99.00;43.00;4516.80;1014.78;507.81;6.00;1;0;1;0;0;1;0;0;0;0;0;1;1;0;0;0;0;0
86611;2.70;0.91;100.00;4219.00;13.50;81.00;40.50;10.20;23.03;14.11;172.08;195.44;2.58;68915.00;98.00;100.00;43.00;4511.20;1014.94;742.18;6.00;1;0;1;0;0;1;0;0;0;0;0;1;1;0;0;0;0;0
88000;2.54;0.90;100.00;4224.00;13.50;81.00;41.25;9.41;21.79;14.11;199.69;209.32;2.58;68915.00;99.00;100.00;43.00;4505.00;1014.94;800.77;6.00;1;0;1;0;0;1;0;0;0;0;0;1;1;0;0;0;0;0
89460;2.58;0.91;100.00;4228.00;13.50;81.75;41.25;9.41;21.91;14.11;324.76;318.92;2.58;68915.00;99.00;100.00;42.00;4505.00;1014.97;97.66;6.00;1;0;1;0;0;1;0;0;0;0;0;1;1;0;0;0;0;0
90799;2.33;0.88;100.00;4230.00;13.50;81.75;42.75;8.63;20.60;14.02;310.94;285.02;2.58;68915.00;98.00;100.00;42.00;4495.40;1015.01;703.12;6.00;1;0;1;0;0;1;0;0;0;0;0;1;1;0;0;0;0;0
92229;2.42;0.86;98.00;4169.00;13.50;81.75;40.50;9.41;21.94;14.11;257.21;280.55;2.58;68915.00;98.00;99.00;42.00;4553.20;1015.01;58.59;6.00;1;0;1;0;0;1;0;0;0;0;0;1;1;0;0;0;0;0
93502;2.38;0.87;98.00;4176.00;13.50;81.75;42.00;8.63;21.15;14.11;173.39;229.50;2.58;68915.00;98.00;98.00;42.00;4500.60;1014.94;78.12;6.00;1;0;1;0;0;1;0;0;0;0;0;1;1;0;0;0;0;0
94903;2.94;0.92;98.00;4151.00;13.50;81.75;39.00;11.37;24.64;14.11;314.80;321.58;2.58;68915.00;98.00;99.00;42.00;4550.40;1014.94;156.25;6.00;1;0;1;0;0;1;0;0;0;0;0;1;1;0;0;0;0;0
96348;2.70;0.90;98.00;4225.00;13.50;81.75;40.50;10.20;23.19;14.11;280.45;313.50;2.58;68915.00;98.00;99.00;42.00;4499.40;1014.97;820.30;6.00;1;0;1;0;0;1;0;0;0;0;0;1;1;0;0;0;0;0
97720;2.78;0.90;100.00;4233.00;13.50;81.75;39.75;10.98;23.83;14.11;260.45;288.40;2.58;68915.00;99.00;100.00;42.00;4527.60;1014.90;839.83;6.00;1;0;1;0;0;1;0;0;0;0;0;1;1;0;0;0;0;0
99168;2.53;0.92;100.00;4236.00;13.50;81.75;42.00;9.02;21.26;14.02;194.64;222.62;2.58;68915.00;99.00;100.00;42.00;4496.40;1014.97;566.40;6.00;1;0;1;0;0;1;0;0;0;0;0;1;1;0;0;0;0;0
100541;2.34;0.86;100.00;4229.00;13.50;81.75;42.00;9.02;21.12;14.11;276.21;338.26;2.58;68915.00;99.00;100.00;42.00;4502.60;1015.01;820.30;6.00;1;0;1;0;0;1;0;0;0;0;0;1;1;0;0;0;0;0
102035;2.56;0.94;100.00;4243.00;13.50;81.75;42.00;9.02;21.28;14.11;304.49;327.21;2.58;68915.00;99.00;100.00;42.00;4512.20;1015.01;292.97;6.00;1;0;1;0;0;1;0;0;0;0;0;1;1;0;0;0;0;0
103370;2.55;0.93;98.00;4213.00;13.50;81.75;42.00;9.02;21.34;14.21;306.04;263.26;2.58;68915.00;99.00;99.00;42.00;4504.60;1015.01;781.24;6.00;1;0;1;0;0;1;0;0;0;0;0;1;1;0;0;0;0;0
104712;2.54;0.91;98.00;4197.00;13.50;81.75;41.25;9.41;21.74;14.11;163.23;181.80;2.58;68915.00;98.00;99.00;42.00;4503.80;1014.94;839.83;6.00;1;0;1;0;0;1;0;0;0;0;0;1;1;0;0;0;0;0
106090;2.68;0.93;98.00;4204.00;13.50;81.75;41.25;9.81;22.31;14.21;255.67;277.81;2.58;68915.00;98.00;99.00;42.00;4510.40;1014.97;527.34;6.00;1;0;1;0;0;1;0;0;0;0;0;1;1;0;0;0;0;0
107491;2.48;0.88;98.00;4198.00;13.50;81.75;41.25;9.41;21.74;14.11;320.82;323.32;2.58;68916.00;98.00;99.00;42.00;4537.00;1015.01;136.72;6.00;1;0;1;0;0;1;0;0;0;0;0;1;1;0;0;0;0;0
108842;2.69;0.94;100.00;4232.00;13.50;82.50;41.25;9.81;22.25;14.11;313.10;321.03;2.58;68916.00;98.00;100.00;42.00;4512.80;1015.01;781.24;6.00;1;0;1;0;0;1;0;0;0;0;0;1;1;0;0;0;0;0
110239;2.58;0.92;100.00;4255.00;13.50;82.50;41.25;9.41;21.72;14.11;211.63;160.79;2.58;68916.00;99.00;100.00;42.00;4508.60;1014.82;117.19;6.00;1;0;1;0;0;1;0;0;0;0;0;1;1;0;0;0;0;0
111558;2.58;0.92;100.00;4254.00;13.50;82.50;41.25;9.41;21.77;14.21;253.77;243.32;2.58;68916.00;100.00;101.00;42.00;4510.20;1014.94;273.43;6.00;1;0;1;0;0;1;0;0;0;0;0;1;1;0;0;0;0;0
112973;2.86;0.92;100.00;4271.00;13.50;82.50;39.75;10.98;23.92;14.02;328.34;344.59;2.58;68916.00;100.00;101.00;42.00;4523.40;1014.97;761.71;6.00;1;0;1;0;0;1;0;0;0;0;0;1;1;0;0;0;0;0
114391;2.83;0.93;101.00;4302.00;13.50;82.50;39.75;10.98;23.86;14.11;307.70;311.33;2.58;68916.00;101.00;102.00;42.00;4523.80;1014.97;800.77;6.00;1;0;1;0;0;1;0;0;0;0;0;1;1;0;0;0;0;0
115744;2.82;0.93;102.00;4338.00;13.50;82.50;40.50;10.59;23.24;14.11;290.08;267.25;2.58;68916.00;102.00;103.00;42.00;4515.60;1014.86;78.12;6.00;1;0;1;0;0;1;0;0;0;0;0;1;1;0;0;0;0;0
117153;2.85;0.96;103.00;4405.00;13.50;82.50;41.25;10.59;23.07;14.11;304.34;244.77;2.58;68916.00;101.00;104.00;42.00;4512.80;1014.82;800.77;6.00;1;0;1;0;0;1;0;0;0;0;0;1;1;0;0;0;0;0
118496;2.85;0.95;103.00;4374.00;13.50;82.50;41.25;10.59;23.16;14.11;355.86;320.12;2.58;68916.00;102.00;104.00;42.00;4518.60;1014.54;781.24;6.00;1;0;1;0;0;1;0;0;0;0;0;1;1;0;0;0;0;0
119838;3.06;0.96;105.00;4415.00;13.50;82.50;39.75;11.77;24.54;14.11;348.55;328.65;2.58;68916.00;103.00;105.00;42.00;4524.40;1014.58;839.83;6.00;1;0;1;0;0;1;0;0;0;0;0;1;1;0;0;0;0;0
121273;2.92;0.99;105.00;4448.00;13.50;82.50;41.25;10.59;22.94;14.11;344.45;224.17;2.58;68916.00;104.00;105.00;42.00;4505.40;1014.54;761.71;6.00;1;0;1;0;0;1;0;0;0;0;0;1;1;0;0;0;0;0
122595;2.11;0.93;103.00;4418.00;13.50;82.50;45.75;7.45;17.64;14.11;213.79;224.81;2.58;68916.00;103.00;104.00;42.00;4485.00;1014.62;703.12;6.00;1;0;1;0;0;1;0;0;0;0;0;1;1;0;0;0;0;0
123922;2.54;0.94;103.00;4382.00;13.50;81.75;42.75;9.02;20.96;14.02;335.27;323.59;2.58;68916.00;102.00;103.00;42.00;4515.20;1014.58;839.83;6.00;1;0;1;0;0;1;0;0;0;0;0;1;1;0;0;0;0;0
125332;2.42;0.92;102.00;4355.00;13.50;81.75;43.50;8.63;20.32;13.92;347.85;349.88;2.82;68916.00;102.00;103.00;42.00;4502.40;1014.58;703.12;6.00;1;0;1;0;0;1;0;0;0;0;0;1;1;0;0;0;0;0
126655;2.39;0.94;101.00;4315.00;13.50;81.75;43.50;8.24;19.87;14.02;291.72;313.42;2.58;68916.00;100.00;102.00;42.00;4505.80;1014.74;273.43;6.00;1;0;1;0;0;1;0;0;0;0;0;1;1;0;0;0;0;0
128017;1.74;0.90;100.00;4240.00;13.50;81.75;46.50;5.88;15.20;14.11;295.04;259.71;2.58;68916.00;100.00;100.00;42.00;4487.40;1014.86;58.59;6.00;1;0;1;0;0;1;0;0;0;0;0;1;1;0;0;0;0;0
129425;2.23;0.88;100.00;4244.00;13.50;81.75;42.75;8.24;20.03;14.02;277.23;327.95;2.58;68916.00;99.00;100.00;42.00;4519.00;1014.97;468.74;6.00;1;0;1;0;0;1;0;0;0;0;0;1;1;0;0;0;0;0
130801;2.38;0.93;100.00;4247.00;13.50;81.75;42.75;8.24;20.02;14.11;343.98;316.68;2.58;68916.00;98.00;100.00;42.00;4507.00;1014.86;761.71;6.00;1;0;1;0;0;1;0;0;0;0;0;1;1;0;0;0;0;0
132194;2.38;0.94;100.00;4233.00;13.50;81.75;43.50;8.24;19.80;14.02;282.54;290.61;2.58;68916.00;99.00;100.00;42.00;4503.40;1014.94;214.84;6.00;1;0;1;0;0;1;0;0;0;0;0;1;1;0;0;0;0;0
133562;2.15;0.89;100.00;4220.00;13.50;81.75;44.25;7.84;19.07;14.11;211.45;172.33;2.58;68916.00;99.00;100.00;42.00;4511.60;1014.94;800.77;6.00;1;0;1;0;0;1;0;0;0;0;0;1;1;0;0;0;0;0
135011;1.73;0.89;98.00;4191.00;13.50;81.75;46.50;5.88;15.35;14.11;300.39;244.61;2.58;68916.00;98.00;99.00;42.00;4480.60;1014.97;605.46;6.00;1;0;1;0;0;1;0;0;0;0;0;1;1;0;0;0;0;0
136418;1.98;0.88;98.00;4142.00;13.50;81.75;44.25;7.06;17.63;14.02;341.19;344.88;2.58;68916.00;98.00;98.00;42.00;4515.20;1015.01;820.30;6.00;1;0;1;0;0;1;0;0;0;0;0;1;1;0;0;0;0;0
137771;1.95;0.90;97.00;4123.00;13.50;81.75;44.25;6.67;17.10;14.11;287.31;281.90;2.58;68916.00;96.00;97.00;42.00;4506.00;1015.01;234.37;6.00;1;0;1;0;0;1;0;0;0;0;0;1;1;0;0;0;0;0
139176;1.32;1.00;96.00;4048.00;13.50;81.75;46.50;4.31;11.60;14.02;172.27;214.48;2.58;68916.00;96.00;96.00;42.00;4508.00;1015.01;898.43;6.00;1;0;1;0;0;1;0;0;0;0;0;1;1;0;0;0;0;0
140643;1.94;0.91;95.00;4034.00;13.50;81.75;45.00;6.28;16.80;14.11;279.83;172.31;2.58;68916.00;94.00;95.00;42.00;4522.40;1015.01;683.59;6.00;1;0;1;0;0;1;0;0;0;0;0;1;1;0;0;0;0;0
142201;1.70;0.88;93.00;3955.00;13.50;82.50;45.00;5.49;15.23;14.02;279.67;346.13;2.58;68917.00;93.00;94.00;42.00;4517.00;1015.01;781.24;6.00;1;0;1;0;0;1;0;0;0;0;0;1;1;0;0;0;0;0
143573;1.72;0.88;92.00;3919.00;13.50;82.50;43.50;5.88;15.50;14.11;289.83;234.71;2.58;68917.00;92.00;92.00;42.00;4517.20;1015.01;351.56;6.00;1;0;1;0;0;1;0;0;0;0;0;1;1;0;0;0;0;0
145229;1.94;0.87;91.00;3854.00;13.50;82.50;42.75;6.67;17.60;14.11;202.47;186.04;2.58;68917.00;91.00;91.00;42.00;4516.60;1015.01;742.18;6.00;1;0;1;0;0;1;0;0;0;0;0;1;1;0;0;0;0;0
146601;2.06;0.91;91.00;3851.00;13.50;82.50;42.75;6.67;17.86;14.02;270.76;299.82;2.58;68917.00;90.00;91.00;42.00;4518.20;1015.01;781.24;6.00;1;0;1;0;0;1;0;0;0;0;0;1;1;0;0;0;0;0
148042;0.57;1.00;88.00;3757.00;13.50;82.50;-30.00;0;0;14.11;347.71;334.02;2.58;68917.00;89.00;89.00;42.00;4561.60;1015.01;0;6.00;1;0;1;0;0;1;0;0;0;0;0;1;1;0;0;0;0;0
149524;1.60;1.00;82.00;3583.00;13.50;82.50;27.75;3.92;10.42;14.11;324.74;320.86;2.58;68917.00;83.00;83.00;42.00;4301.20;1015.01;878.90;6.00;1;0;1;0;0;1;0;0;0;0;0;1;1;0;0;0;0;0
151019;1.15;0.95;81.00;3383.00;13.50;82.50;39.00;2.35;9.41;14.11;323.16;321.87;2.58;68917.00;81.00;81.00;42.00;4516.20;1015.01;878.90;6.00;1;0;1;0;0;1;0;0;0;0;0;1;1;0;0;0;0;0
152365;1.43;0.90;80.00;3349.00;13.50;82.50;39.00;3.92;12.66;14.11;342.79;351.58;2.58;68917.00;79.00;80.00;42.00;4512.20;1015.01;97.66;6.00;1;0;1;0;0;1;0;0;0;0;0;1;1;0;0;0;0;0
153710;2.14;0.87;80.00;3381.00;13.50;82.50;37.50;6.67;19.51;14.11;347.11;347.36;2.58;68917.00;79.00;80.00;42.00;4517.20;1015.01;58.59;6.00;1;0;1;0;0;1;0;0;0;0;0;1;1;0;0;0;0;0
155223;2.15;0.88;81.00;3419.00;13.50;82.50;37.50;6.67;19.43;14.02;330.49;330.35;2.58;68917.00;80.00;81.00;42.00;4536.60;1015.01;78.12;6.00;1;0;1;0;0;1;0;0;0;0;0;1;1;0;0;0;0;0
156543;1.33;0.90;80.00;3394.00;13.50;82.50;39.00;3.53;12.39;14.02;337.69;323.87;2.58;68917.00;79.00;80.00;42.00;4524.80;1015.01;371.09;6.00;1;0;1;0;0;1;0;0;0;0;0;1;1;0;0;0;0;0
157917;1.30;0.91;77.00;3241.00;13.50;82.50;37.50;3.14;11.49;14.11;271.00;343.16;2.58;68917.00;77.00;77.00;42.00;4523.00;1015.01;859.36;6.00;1;0;1;0;0;1;0;0;0;0;0;1;1;0;0;0;0;0
159322;1.39;0.89;75.00;3182.00;13.50;82.50;36.75;3.53;12.46;14.02;347.63;358.06;2.58;68917.00;74.00;75.00;42.00;4507.40;1015.01;39.06;6.00;1;0;1;0;0;1;0;0;0;0;0;1;1;0;0;0;0;0
160694;1.46;0.94;72.00;3108.00;13.50;82.50;35.25;3.53;12.40;14.21;274.32;302.72;2.58;68917.00;73.00;73.00;42.00;4508.60;1015.01;292.97;6.00;1;0;1;0;0;1;0;0;0;0;0;1;1;0;0;0;0;0
162125;1.03;0.93;71.00;3028.00;13.50;82.50;34.50;1.96;8.92;14.11;250.75;260.92;2.58;68917.00;71.00;72.00;42.00;4522.60;1015.01;839.83;6.00;1;0;1;0;0;1;0;0;0;0;0;1;1;0;0;0;0;0
163733;0.74;1.00;66.00;2775.00;13.50;82.50;-30.00;0;0;14.02;297.66;324.86;2.58;68917.00;66.00;66.00;42.00;4621.00;1015.13;0;6.00;1;0;1;0;0;1;0;0;0;0;0;1;1;0;0;0;0;0
165161;1.02;1.00;60.00;2542.00;13.50;82.50;1.50;0;7.70;14.21;350.88;346.17;2.58;68917.00;59.00;60.00;42.00;4379.00;1015.13;0;6.00;1;0;1;0;0;1;0;0;1;0;0;1;1;0;0;0;0;0
166507;0.99;1.00;47.00;2004.00;13.50;82.50;13.50;0;11.90;14.21;331.97;182.70;2.58;68917.00;48.00;48.00;35.00;4491.60;1015.09;39.06;6.00;1;0;1;0;0;1;0;0;1;0;0;1;1;0;0;0;0;0
168085;1.29;1.01;42.00;1501.00;13.50;83.25;14.25;0;11.94;14.30;276.15;123.33;2.58;68917.00;43.00;43.00;35.00;4520.20;1015.05;800.77;5.00;1;0;1;0;0;1;0;0;1;0;0;1;1;0;0;0;0;0
169516;0.98;1.00;38.00;2027.00;13.50;83.25;14.25;0;11.99;14.11;161.61;117.38;2.58;68917.00;39.00;39.00;35.00;4503.40;1015.09;742.18;4.00;1;0;1;0;0;1;0;0;1;0;0;1;1;0;0;0;0;0
170917;4.07;1.00;32.00;1621.00;13.50;83.25;-0.75;4.31;14.75;14.39;229.56;240.04;2.31;68917.00;32.00;32.00;41.00;4501.00;1015.09;878.90;4.00;1;0;1;0;0;1;0;0;1;0;0;1;1;0;0;0;0;0
172245;1.03;1.00;28.00;1818.00;13.50;83.25;14.25;0;11.87;14.21;228.50;212.80;2.58;68917.00;29.00;29.00;35.00;4508.60;1015.21;878.90;3.00;1;0;1;0;0;1;0;0;1;0;0;1;1;0;0;0;0;0
173575;1;1.00;26.00;2010.00;13.50;83.25;14.25;0;11.83;14.30;166.14;154.33;2.58;68917.00;26.00;25.00;34.00;4505.00;1015.40;39.06;2.00;1;0;1;0;0;1;0;0;1;0;0;1;1;0;0;0;0;0
174927;1.29;0.99;23.00;1858.00;13.50;83.25;15.00;0.39;10.50;14.30;125.03;98.90;2.58;68917.00;23.00;23.00;41.00;4516.60;1015.72;371.09;2.00;1;0;1;0;0;1;0;0;1;0;0;1;1;0;0;0;0;0
176409;2.38;1.00;22.00;1803.00;13.50;83.25;15.00;2.75;15.74;14.39;41.25;40.88;2.31;68917.00;23.00;23.00;41.00;4522.00;1015.72;839.83;2.00;1;0;1;0;0;1;0;0;1;0;0;1;1;0;0;0;0;0
177730;1.94;0.99;27.00;2155.00;13.50;84.00;19.50;2.75;14.50;14.21;14.34;12.30;2.58;68917.00;27.00;28.00;41.00;4497.60;1015.83;898.43;2.00;1;0;1;0;0;1;0;0;1;0;0;1;1;0;0;0;0;0
179249;1.33;0.97;26.00;2123.00;13.50;84.00;19.50;1.18;9.98;14.11;3.32;3.18;2.58;68917.00;27.00;27.00;41.00;4511.80;1015.99;820.30;2.00;1;0;1;0;0;1;0;0;1;0;0;1;1;0;0;0;0;0
180520;1.36;0.97;26.00;2050.00;13.50;84.00;18.75;1.18;10.25;14.11;0.82;1.80;2.58;68917.00;26.00;26.00;41.00;4515.20;1015.83;195.31;2.00;1;0;1;0;0;1;0;0;1;0;0;1;1;0;0;0;0;0
181991;2.34;0.95;30.00;2311.00;13.50;84.00;22.50;4.31;18.19;14.02;1.80;1.29;2.58;68917.00;30.00;30.00;41.00;4441.20;1015.91;97.66;2.00;1;0;1;0;0;1;0;0;1;0;0;1;1;0;0;0;0;0
183400;2.13;0.96;33.00;2667.00;13.50;84.00;28.50;4.31;17.19;14.21;2.09;1.89;2.58;68917.00;34.00;34.00;41.00;4489.20;1015.95;917.96;2.00;1;0;1;0;0;1;0;0;1;0;0;1;1;0;0;0;0;0
184800;4.52;0.95;47.00;3661.00;13.50;84.00;25.50;21.18;35.96;14.11;0.12;0.78;2.58;68917.00;46.00;47.00;41.00;4583.40;1015.91;898.43;2.00;1;0;1;0;0;1;0;0;1;0;0;1;1;0;0;0;0;0
186229;3.64;0.99;56.00;3411.00;13.50;83.25;30.75;13.73;28.95;14.21;0.29;2.09;2.58;68917.00;55.00;56.00;41.00;4496.20;1016.03;742.18;3.00;1;0;1;0;0;1;0;0;1;0;0;1;1;0;0;0;0;0
187613;2.86;0.90;62.00;3796.00;13.50;83.25;37.50;10.20;25.04;14.02;1.56;0.06;2.58;68917.00;62.00;63.00;41.00;4536.00;1015.99;78.12;3.00;1;0;1;0;0;1;0;0;1;0;0;1;1;0;0;0;0;0
189069;3.95;0.99;67.00;4097.00;13.50;82.50;33.75;15.69;30.64;14.02;240.18;271.41;2.58;68917.00;66.00;67.00;42.00;4596.80;1015.68;859.36;3.00;1;0;1;0;0;1;0;0;0;0;0;1;1;0;0;0;0;0
190572;4.86;1.00;73.00;3815.00;13.50;81.75;26.25;21.57;35.15;14.11;240.41;255.90;2.58;68917.00;73.00;74.00;42.00;4554.00;1015.29;820.30;4.00;1;0;1;0;0;1;0;0;0;0;0;1;1;0;0;0;0;0
192039;1.42;0.93;82.00;3844.00;13.50;81.00;43.50;4.31;11.99;13.92;205.87;227.95;2.82;68917.00;82.00;83.00;43.00;4520.80;1015.05;859.36;5.00;1;0;1;0;0;1;0;0;0;0;0;1;1;0;0;0;0;0
198384;1.26;0.87;82.00;3789.00;13.50;81.00;43.50;3.92;11.97;14.02;167.67;179.01;2.58;68917.00;81.00;82.00;43.00;4468.00;1015.05;898.43;5.00;1;0;1;0;0;1;0;0;0;0;0;1;1;0;0;0;0;0
199915;2.55;0.96;83.00;3836.00;13.50;81.00;39.75;8.24;20.39;14.11;339.80;299.36;2.58;68918.00;82.00;84.00;43.00;4513.80;1015.05;878.90;5.00;1;0;1;0;0;1;0;0;0;0;0;1;1;0;0;0;0;0
201425;0.66;0.99;82.00;3807.00;13.50;81.00;43.50;0.78;5.37;14.11;286.52;322.26;2.58;68918.00;82.00;83.00;43.00;4505.80;1015.05;898.43;5.00;1;0;1;0;0;1;0;0;0;0;0;1;1;0;0;0;0;0
202851;2.44;0.92;81.00;3725.00;13.50;81.00;39.75;8.24;20.72;14.11;280.43;308.40;2.58;68918.00;80.00;81.00;43.00;4519.00;1015.05;566.40;5.00;1;0;1;0;0;1;0;0;0;0;0;1;1;0;0;0;0;0
204277;2.79;0.92;82.00;3811.00;13.50;81.75;37.50;10.20;23.53;14.11;157.04;204.93;2.58;68918.00;82.00;83.00;42.00;4536.00;1015.05;175.78;5.00;1;0;1;0;0;1;0;0;0;0;0;1;1;0;0;0;0;0
205724;3.06;0.92;86.00;3974.00;13.50;81.75;36.00;12.55;25.73;14.11;278.26;321.29;2.58;68918.00;85.00;86.00;42.00;4510.20;1015.05;117.19;5.00;1;0;1;0;0;1;0;0;0;0;0;1;1;0;0;0;0;0
207176;2.79;0.95;87.00;3693.00;13.50;81.00;35.25;9.81;22.91;14.11;244.67;338.18;2.58;68918.00;85.00;87.00;43.00;4499.40;1015.05;624.99;6.00;1;0;1;0;0;1;0;0;0;0;0;1;1;0;0;0;0;0
208683;2.51;0.88;86.00;3692.00;13.50;81.00;38.25;9.02;22.40;14.11;236.61;196.55;2.58;68918.00;86.00;87.00;43.00;4513.40;1015.05;117.19;6.00;1;0;1;0;0;1;0;0;0;0;0;1;1;0;0;0;0;0
210151;2.54;0.93;87.00;3718.00;13.50;81.75;39.00;8.24;21.39;14.11;280.80;185.01;2.58;68918.00;86.00;88.00;42.00;4528.00;1015.05;683.59;6.00;1;0;1;0;0;1;0;0;0;0;0;1;1;0;0;0;0;0
211656;2.51;0.91;88.00;3714.00;13.50;81.75;39.00;8.24;21.57;14.02;345.76;316.37;2.58;68918.00;87.00;88.00;42.00;4510.00;1015.05;312.50;6.00;1;0;1;0;0;1;0;0;0;0;0;1;1;0;0;0;0;0
213070;2.52;0.88;88.00;3752.00;13.50;81.75;38.25;9.41;22.40;14.11;309.02;320.76;2.58;68918.00;87.00;89.00;42.00;4517.20;1015.05;605.46;6.00;1;0;1;0;0;1;0;0;0;0;0;1;1;0;0;0;0;0
214477;2.54;0.90;88.00;3758.00;13.50;81.75;39.00;9.02;22.21;14.11;293.44;273.91;2.58;68918.00;89.00;89.00;42.00;4503.60;1015.05;781.24;6.00;1;0;1;0;0;1;0;0;0;0;0;1;1;0;0;0;0;0
215848;2.58;0.93;90.00;3802.00;13.50;81.75;39.00;8.63;21.68;14.11;175.40;325.47;2.58;68918.00;89.00;90.00;42.00;4506.60;1015.05;488.28;6.00;1;0;1;0;0;1;0;0;0;0;0;1;1;0;0;0;0;0
217297;2.43;0.90;90.00;3845.00;13.50;81.75;39.75;8.24;21.09;14.11;319.96;350.68;2.58;68918.00;89.00;90.00;42.00;4530.20;1015.05;117.19;6.00;1;0;1;0;0;1;0;0;0;0;0;1;1;0;0;0;0;0
218709;2.54;0.89;91.00;3837.00;13.50;81.75;39.00;9.41;22.25;14.02;296.88;322.03;2.58;68918.00;90.00;91.00;42.00;4509.20;1015.05;781.24;6.00;1;0;1;0;0;1;0;0;0;0;0;1;1;0;0;0;0;0
220315;2.54;0.89;91.00;3857.00;13.50;81.75;39.00;9.41;22.24;14.11;220.14;219.95;2.58;68918.00;90.00;92.00;42.00;4520.00;1015.05;78.12;6.00;1;0;1;0;0;1;0;0;0;0;0;1;1;0;0;0;0;0
221775;2.18;0.88;91.00;3854.00;13.50;81.75;41.25;7.45;19.51;14.11;229.91;225.20;2.58;68918.00;91.00;91.00;42.00;4520.00;1015.05;97.66;6.00;1;0;1;0;0;1;0;0;0;0;0;1;1;0;0;0;0;0
223323;2.82;0.91;91.00;3901.00;13.50;81.75;37.50;10.98;24.05;14.11;336.72;315.47;2.58;68918.00;90.00;92.00;42.00;4528.80;1015.05;566.40;6.00;1;0;1;0;0;1;0;0;0;0;0;1;1;0;0;0;0;0
224686;2.78;0.92;92.00;3947.00;13.50;81.75;38.25;10.59;23.52;14.11;252.97;276.78;2.58;68918.00;92.00;93.00;42.00;4502.80;1015.05;820.30;6.00;1;0;1;0;0;1;0;0;0;0;0;1;1;0;0;0;0;0
226189;2.56;0.89;93.00;3978.00;13.50;81.75;39.00;9.81;22.68;14.11;307.17;158.68;2.58;68918.00;92.00;94.00;42.00;4519.00;1015.05;136.72;6.00;1;0;1;0;0;1;0;0;0;0;0;1;1;0;0;0;0;0
227640;2.41;0.88;95.00;4023.00;13.50;81.75;40.50;9.02;21.42;14.11;260.45;263.19;2.58;68918.00;93.00;95.00;42.00;4503.80;1015.05;703.12;6.00;1;0;1;0;0;1;0;0;0;0;0;1;1;0;0;0;0;0
229198;2.22;0.90;93.00;3972.00;13.50;81.75;42.00;7.84;19.43;14.02;288.42;359.18;2.58;68918.00;94.00;94.00;42.00;4520.40;1015.05;546.87;6.00;1;0;1;0;0;1;0;0;0;0;0;1;1;0;0;0;0;0
230547;2.05;0.87;93.00;3970.00;13.50;81.75;42.75;7.06;18.45;14.11;253.81;324.67;2.58;68918.00;92.00;94.00;42.00;4529.00;1015.05;800.77;6.00;1;0;1;0;0;1;0;0;0;0;0;1;1;0;0;0;0;0
232095;1.82;0.86;92.00;3898.00;13.50;81.75;43.50;6.28;16.64;14.02;156.14;216.80;2.58;68918.00;91.00;92.00;42.00;4507.60;1015.05;859.36;6.00;1;0;1;0;0;1;0;0;0;0;0;1;1;0;0;0;0;0
233548;2.36;0.89;92.00;3892.00;13.50;81.75;40.50;8.24;20.79;14.11;125.50;212.94;2.58;68918.00;92.00;92.00;42.00;4511.60;1015.05;859.36;6.00;1;0;1;0;0;1;0;0;0;0;0;1;1;0;0;0;0;0
235042;2.38;0.90;92.00;3922.00;13.50;81.75;41.25;8.24;20.72;14.02;317.38;299.51;2.58;68918.00;91.00;92.00;42.00;4511.00;1015.05;97.66;6.00;1;0;1;0;0;1;0;0;0;0;0;1;1;0;0;0;0;0
236544;2.27;0.87;92.00;3921.00;13.50;81.75;41.25;8.24;20.47;14.02;277.60;270.88;2.58;68918.00;91.00;92.00;42.00;4515.40;1015.05;859.36;6.00;1;0;1;0;0;1;0;0;0;0;0;1;1;0;0;0;0;0
237997;2.02;0.87;91.00;3910.00;13.50;81.75;42.75;7.06;18.46;14.11;223.87;205.57;2.58;68918.00;91.00;92.00;42.00;4515.80;1015.05;820.30;6.00;1;0;1;0;0;1;0;0;0;0;0;1;1;0;0;0;0;0
239440;2.38;0.92;91.00;3887.00;13.50;81.75;41.25;7.84;20.36;14.11;205.20;250.92;2.58;68919.00;91.00;92.00;42.00;4515.00;1015.05;488.28;6.00;1;0;1;0;0;1;0;0;0;0;0;1;1;0;0;0;0;0
240854;2.30;0.90;91.00;3881.00;13.50;81.75;41.25;7.84;20.03;14.02;330.23;318.18;2.58;68919.00;91.00;92.00;42.00;4509.80;1015.05;527.34;6.00;1;0;1;0;0;1;0;0;0;0;0;1;1;0;0;0;0;0
242286;2.68;0.90;91.00;3865.00;13.50;81.75;37.50;10.20;23.26;14.11;313.50;310.47;2.58;68919.00;90.00;91.00;42.00;4522.60;1015.05;878.90;6.00;1;0;1;0;0;1;0;0;0;0;0;1;1;0;0;0;0;0
243683;2.53;0.86;91.00;3869.00;13.50;81.75;38.25;9.81;22.93;14.11;227.35;261.17;2.58;68919.00;90.00;91.00;42.00;4531.40;1015.05;781.24;6.00;1;0;1;0;0;1;0;0;0;0;0;1;1;0;0;0;0;0
245078;2.58;0.90;91.00;3852.00;13.50;81.75;39.00;9.02;22.23;14.02;202.04;227.17;2.58;68919.00;91.00;91.00;42.00;4518.20;1015.05;839.83;6.00;1;0;1;0;0;1;0;0;0;0;0;1;1;0;0;0;0;0
246630;3.02;0.91;92.00;3924.00;13.50;81.75;36.75;11.77;25.45;14.02;319.98;320.98;2.58;68919.00;92.00;93.00;42.00;4525.80;1015.05;136.72;6.00;1;0;1;0;0;1;0;0;0;0;0;1;1;0;0;0;0;0
248099;2.82;0.92;93.00;3961.00;13.50;81.75;38.25;10.59;23.78;14.11;294.26;330.31;2.58;68919.00;93.00;94.00;42.00;4530.80;1015.05;234.37;6.00;1;0;1;0;0;1;0;0;0;0;0;1;1;0;0;0;0;0
249651;2.58;0.88;95.00;4053.00;13.50;81.75;39.75;9.81;22.76;14.11;247.66;194.17;2.58;68919.00;94.00;95.00;42.00;4505.80;1015.05;859.36;6.00;1;0;1;0;0;1;0;0;0;0;0;1;1;0;0;0;0;0
251162;2.64;0.92;96.00;4079.00;13.50;81.75;40.50;9.81;22.37;14.02;261.23;243.44;2.58;68919.00;95.00;96.00;42.00;4524.40;1015.05;390.62;6.00;1;0;1;0;0;1;0;0;0;0;0;1;1;0;0;0;0;0
252768;2.58;0.90;96.00;4092.00;13.50;81.75;40.50;9.81;22.35;14.02;320.72;328.05;2.58;68919.00;96.00;97.00;42.00;4494.60;1015.05;566.40;6.00;1;0;1;0;0;1;0;0;0;0;0;1;1;0;0;0;0;0
254259;2.11;0.98;96.00;4083.00;13.50;81.75;45.00;6.67;16.89;14.11;236.20;276.76;2.58;68919.00;96.00;96.00;42.00;4508.00;1015.05;859.36;6.00;1;0;1;0;0;1;0;0;0;0;0;1;1;0;0;0;0;0
255706;1.82;0.84;95.00;4017.00;13.50;81.75;44.25;6.67;17.07;14.11;194.26;255.51;2.58;68919.00;95.00;95.00;42.00;4509.60;1015.05;488.28;6.00;1;0;1;0;0;1;0;0;0;0;0;1;1;0;0;0;0;0
257448;2.78;0.96;95.00;4002.00;13.50;81.75;39.75;9.41;22.31;14.11;186.06;273.07;2.58;68919.00;93.00;95.00;42.00;4532.60;1015.05;859.36;6.00;1;0;1;0;0;1;0;0;0;0;0;1;1;0;0;0;0;0
258922;2.50;0.90;95.00;4009.00;13.50;81.75;40.50;9.02;21.68;14.11;352.59;126.87;2.58;68919.00;94.00;95.00;42.00;4502.20;1015.05;58.59;6.00;1;0;1;0;0;1;0;0;0;0;0;1;1;0;0;0;0;0
260426;2.30;0.90;95.00;4008.00;13.50;81.75;42.00;8.24;20.03;14.11;364.41;305.82;2.58;68919.00;94.00;95.00;42.00;4518.80;1015.05;97.66;6.00;1;0;1;0;0;1;0;0;0;0;0;1;1;0;0;0;0;0
261749;2.62;0.97;92.00;3932.00;13.50;81.75;40.50;8.24;20.92;14.11;176.28;194.19;2.58;68919.00;92.00;93.00;42.00;4534.00;1015.05;781.24;6.00;1;0;1;0;0;1;0;0;0;0;0;1;1;0;0;0;0;0
263420;2.51;0.92;93.00;3937.00;13.50;81.75;40.50;8.63;21.29;14.11;295.18;291.25;2.58;68919.00;92.00;93.00;42.00;4518.60;1015.05;97.66;6.00;1;0;1;0;0;1;0;0;0;0;0;1;1;0;0;0;0;0
265034;2.18;0.87;92.00;3954.00;13.50;81.75;42.00;7.84;19.61;14.11;286.08;301.21;2.58;68919.00;92.00;93.00;42.00;4500.40;1015.05;839.83;6.00;1;0;1;0;0;1;0;0;0;0;0;1;1;0;0;0;0;0
266555;2.36;0.92;92.00;3937.00;13.50;81.75;41.25;7.84;20.22;14.11;168.99;253.89;2.58;68919.00;91.00;93.00;42.00;4509.00;1015.05;644.52;6.00;1;0;1;0;0;1;0;0;0;0;0;1;1;0;0;0;0;0
268171;2.27;0.89;92.00;3918.00;13.50;81.75;41.25;7.84;20.00;14.11;123.64;228.29;2.58;68919.00;92.00;92.00;42.00;4509.00;1015.05;859.36;6.00;1;0;1;0;0;1;0;0;0;0;0;1;1;0;0;0;0;0
270066;1.14;1.00;91.00;3851.00;13.50;81.75;44.25;3.14;9.13;14.02;320.88;317.48;2.58;68919.00;91.00;91.00;42.00;4493.40;1015.05;878.90;6.00;1;0;1;0;0;1;0;0;0;0;0;1;1;0;0;0;0;0
271618;2.22;0.90;90.00;3811.00;13.50;81.75;41.25;7.45;19.37;14.11;331.09;319.30;2.58;68919.00;89.00;90.00;42.00;4512.00;1015.05;273.43;6.00;1;0;1;0;0;1;0;0;0;0;0;1;1;0;0;0;0;0
273297;1.85;0.88;88.00;3756.00;13.50;81.75;42.75;5.88;16.70;14.02;266.62;297.38;2.58;68919.00;89.00;89.00;42.00;4510.40;1015.05;175.78;6.00;1;0;1;0;0;1;0;0;0;0;0;1;1;0;0;0;0;0
274880;1.96;0.88;87.00;3739.00;13.50;81.75;42.00;6.67;17.72;14.11;295.43;305.80;2.58;68919.00;87.00;88.00;42.00;4520.20;1015.05;683.59;6.00;1;0;1;0;0;1;0;0;0;0;0;1;1;0;0;0;0;0
276839;2.08;0.89;87.00;3700.00;13.50;81.75;41.25;6.67;18.48;14.11;338.87;344.70;2.58;68919.00;87.00;88.00;42.00;4529.40;1015.05;878.90;6.00;1;0;1;0;0;1;0;0;0;0;0;1;1;0;0;0;0;0
278586;2.21;0.95;86.00;3648.00;13.50;81.75;41.25;6.28;18.31;14.02;318.87;328.92;2.58;68920.00;85.00;86.00;42.00;4504.40;1015.05;859.36;6.00;1;0;1;0;0;1;0;0;0;0;0;1;1;0;0;0;0;0
279993;1.71;0.84;86.00;3627.00;13.50;81.75;41.25;5.88;16.27;14.02;315.98;221.94;2.58;68920.00;84.00;86.00;42.00;4516.60;1015.05;859.36;6.00;1;0;1;0;0;1;0;0;0;0;0;1;1;0;0;0;0;0
281632;1.11;0.99;83.00;3571.00;13.50;81.75;40.50;2.75;8.96;14.11;353.34;333.88;2.58;68920.00;84.00;84.00;42.00;4519.40;1015.05;898.43;6.00;1;0;1;0;0;1;0;0;0;0;0;1;1;0;0;0;0;0
283088;1.82;0.93;81.00;3460.00;13.50;81.75;39.75;5.10;15.62;14.11;350.82;345.41;2.58;68920.00;82.00;82.00;42.00;4523.00;1015.05;742.18;6.00;1;0;1;0;0;1;0;0;0;0;0;1;1;0;0;0;0;0
284514;1.83;0.91;80.00;3384.00;13.50;81.75;39.00;5.49;16.29;14.02;343.86;323.59;2.58;68920.00;80.00;80.00;42.00;4508.20;1015.05;703.12;6.00;1;0;1;0;0;1;0;0;0;0;0;1;1;0;0;0;0;0
285947;3.28;0.97;81.00;3448.00;13.50;81.75;32.25;12.16;26.18;14.02;263.83;291.00;2.58;68920.00;80.00;81.00;42.00;4546.80;1015.05;624.99;6.00;1;0;1;0;0;1;0;0;0;0;0;1;1;0;0;0;0;0
287423;2.15;1.00;82.00;3499.00;13.50;81.75;39.75;5.88;17.54;14.11;337.81;356.85;2.58;68920.00;81.00;83.00;42.00;4534.80;1015.05;878.90;6.00;1;0;1;0;0;1;0;0;0;0;0;1;1;0;0;0;0;0
288797;1.46;0.96;78.00;3338.00;13.50;82.50;39.00;3.53;12.00;14.11;351.58;337.07;2.58;68920.00;79.00;79.00;42.00;4506.20;1015.05;859.36;6.00;1;0;1;0;0;1;0;0;0;0;0;1;1;0;0;0;0;0
290355;1.33;0.90;75.00;3198.00;13.50;82.50;36.75;3.53;11.75;14.11;208.31;338.63;2.58;68920.00;75.00;75.00;42.00;4509.80;1015.05;644.52;6.00;1;0;1;0;0;1;0;0;0;0;0;1;1;0;0;0;0;0
291723;1.55;0.92;71.00;3070.00;13.50;82.50;34.50;3.92;13.42;14.02;194.30;313.87;2.58;68920.00;71.00;72.00;42.00;4523.00;1014.86;527.34;6.00;1;0;1;0;0;1;0;0;0;0;0;1;1;0;0;0;0;0
293132;1.70;1.00;70.00;2985.00;13.50;82.50;33.75;3.92;13.61;14.11;327.62;356.40;2.58;68920.00;70.00;71.00;42.00;4508.40;1014.90;820.30;6.00;1;0;1;0;0;1;0;0;0;0;0;1;1;0;0;0;0;0
294646;2.01;0.92;68.00;2933.00;13.50;82.50;33.00;5.49;17.30;13.92;268.95;332.05;2.82;68920.00;68.00;69.00;42.00;4502.40;1014.70;507.81;6.00;1;0;1;0;0;1;0;0;0;0;0;1;1;0;0;0;0;0
296112;2.30;0.93;70.00;2958.00;13.50;82.50;33.75;6.28;19.63;14.21;181.02;221.33;2.58;68920.00;69.00;70.00;42.00;4519.80;1014.47;624.99;6.00;1;0;1;0;0;1;0;0;0;0;0;1;1;0;0;0;0;0
297493;2.21;0.96;70.00;2976.00;13.50;82.50;33.75;5.88;18.53;14.02;144.78;159.40;2.58;68920.00;70.00;71.00;42.00;4525.60;1014.27;839.83;6.00;1;0;1;0;0;1;0;0;0;0;0;1;1;0;0;0;0;0
298768;1.83;0.94;71.00;3004.00;13.50;82.50;34.50;4.71;15.57;14.11;237.64;239.98;2.58;68920.00;71.00;71.00;42.00;4509.00;1014.04;800.77;6.00;1;0;1;0;0;1;0;0;0;0;0;1;1;0;0;0;0;0
300181;0.69;1.00;68.00;2869.00;13.50;82.50;-30.00;0;0;14.21;306.33;324.55;2.58;68920.00;69.00;68.00;42.00;4561.40;1014.08;0;6.00;1;0;1;0;0;1;0;0;0;0;0;1;1;0;0;0;0;0
301613;0.72;1.00;63.00;2713.00;13.50;83.25;-30.00;0;0;14.21;99.80;104.51;2.58;68920.00;64.00;64.00;41.00;4670.60;1014.19;0;6.00;1;0;1;0;0;1;0;0;0;0;0;1;1;0;0;0;0;0
302925;0.89;1.00;53.00;2310.00;13.50;83.25;15.00;0;11.83;14.21;23.16;102.01;2.58;68920.00;54.00;54.00;34.00;4362.60;1014.04;39.06;6.00;1;0;1;0;0;1;0;0;1;0;0;1;1;0;0;0;0;0
304386;0.94;1.00;45.00;1986.00;13.50;83.25;15.00;0;11.86;14.21;195.40;240.82;2.58;68920.00;45.00;45.00;35.00;4508.40;1014.39;39.06;6.00;1;0;1;1;0;1;0;0;1;0;0;1;1;0;0;1;0;0
305729;1.11;1.00;36.00;1672.00;13.50;83.25;14.25;0;11.92;14.21;202.27;280.98;2.58;68920.00;36.00;36.00;35.00;4516.80;1014.66;898.43;5.00;1;0;1;0;0;1;0;0;1;0;0;1;1;0;0;0;0;0
307201;1.49;0.95;26.00;1239.00;13.50;83.25;16.50;0;12.14;14.39;182.82;300.02;2.31;68920.00;26.00;26.00;35.00;4509.60;1014.90;820.30;4.00;1;0;1;1;0;1;0;0;1;0;0;1;1;0;0;1;0;0
308665;1.37;0.91;18.00;1277.00;13.50;83.25;13.50;0;11.72;14.49;147.72;290.80;2.31;68920.00;18.00;18.00;35.00;4514.00;1014.97;58.59;3.00;1;0;1;1;0;1;0;0;1;0;0;1;1;0;0;0;0;0
310094;1.50;0.95;13.00;1220.00;13.50;83.25;18.00;0;12.91;14.30;202.29;307.83;2.58;68920.00;14.00;13.00;35.00;4521.80;1015.01;742.18;3.00;1;0;1;1;0;1;0;0;1;0;0;1;1;0;0;1;0;0
311537;1.50;0.93;10.00;1226.00;13.50;83.25;16.50;0;12.24;14.49;236.84;303.57;2.31;68920.00;10.00;10.00;35.00;4508.00;1015.01;527.34;2.00;1;0;1;0;0;1;0;0;1;0;0;1;1;0;0;1;0;0
312937;1.23;0.94;6.00;1276.00;13.50;84.00;12.75;0;11.52;14.39;284.53;288.24;2.31;68920.00;6.00;6.00;33.00;4513.40;1015.01;605.46;0;1;0;1;0;0;1;0;0;1;0;0;1;1;0;0;1;0;0
314316;1.41;0.92;3.00;1228.00;14.25;84.00;16.50;0;12.06;14.39;177.66;188.45;2.31;68920.00;4.00;4.00;34.00;4520.00;1015.01;39.06;0;1;0;1;0;0;1;0;0;1;0;0;1;1;0;0;1;0;0
315720;1.28;0.96;0;1287.00;14.25;84.00;12.75;0;11.41;14.30;186.08;240.24;2.58;68920.00;0;0;35.00;4512.00;1015.01;78.12;0;1;0;1;0;0;1;0;0;1;0;0;1;1;0;0;1;0;0
317135;1.32;1.00;0;1336.00;14.25;84.00;9.75;0;10.66;14.39;258.07;232.90;2.31;68920.00;0;0;34.00;4512.40;1015.01;136.72;0;1;0;1;0;0;1;0;0;1;0;0;1;1;0;0;1;0;0
318519;1.47;1.01;0;1232.00;14.25;84.75;15.00;0;11.62;14.39;290.14;250.10;2.31;68920.00;0;0;34.00;4499.80;1015.01;820.30;0;1;0;1;0;0;1;0;0;1;0;0;1;1;0;0;1;0;0
319871;1.40;1.00;0;1240.00;14.25;84.75;15.00;0;11.50;14.30;162.27;139.66;2.58;68920.00;0;0;33.00;4503.60;1015.01;507.81;0;1;0;1;0;0;1;0;0;1;0;0;1;1;0;0;1;0;0
321267;1.30;0.96;0;1257.00;14.25;84.75;14.25;0;11.43;14.39;94.74;82.61;2.31;68920.00;0;0;34.00;4513.00;1015.01;761.71;0;1;0;1;0;0;1;0;0;1;0;0;1;1;0;0;1;0;0
322665;1.35;0.96;0;1248.00;14.25;84.75;14.25;0;11.47;14.30;91.28;76.85;2.58;68920.00;0;0;34.00;4511.80;1015.01;58.59;0;1;0;1;0;0;1;0;0;1;0;0;1;1;0;0;1;0;0
324051;1.44;0.99;0;1261.00;14.25;84.75;12.75;0;11.17;14.49;102.73;96.95;2.31;68920.00;0;0;33.00;4507.00;1015.01;878.90;0;1;0;1;0;0;1;0;0;1;0;0;1;1;0;0;1;0;0
325504;1.30;0.95;0;1215.00;14.25;84.75;16.50;0;11.71;14.49;49.06;43.88;2.31;68920.00;0;0;33.00;4503.60;1015.01;761.71;0;1;0;1;0;0;1;0;0;1;0;0;1;1;0;0;1;0;0
326813;1.34;0.94;0;1253.00;14.25;84.75;14.25;0;11.36;14.49;24.39;20.90;2.31;68920.00;0;0;33.00;4522.80;1015.01;371.09;0;1;0;1;0;0;1;0;0;1;0;0;1;1;0;0;1;0;0
328199;1.38;0.96;0;1231.00;14.25;84.75;15.75;0;11.61;14.49;13.69;11.41;2.31;68920.00;0;0;33.00;4517.00;1015.01;136.72;0;1;0;1;0;0;1;0;0;1;0;0;1;1;0;0;1;0;0
329584;1.32;0.96;0;1225.00;14.25;84.75;16.50;0;11.81;14.30;67.28;26.72;2.58;68920.00;0;0;34.00;4510.60;1015.01;820.30;0;1;0;1;0;0;1;0;0;1;0;0;1;1;0;0;1;0;0
330968;1.28;0.94;0;1213.00;14.25;84.75;17.25;0;11.92;14.39;52.56;77.51;2.31;68920.00;0;0;33.00;4501.60;1015.01;39.06;0;1;0;1;0;0;1;0;0;1;0;0;1;1;0;0;1;0;0
332475;1.30;0.98;0;1266.00;14.25;84.75;13.50;0;11.32;14.39;33.22;60.84;2.31;68920.00;0;0;33.00;4511.20;1015.01;859.36;0;1;0;1;0;0;1;0;0;1;0;0;1;1;0;0;1;0;0
333756;1.23;0.94;0;1288.00;14.25;84.75;12.00;0;11.02;14.39;16.15;29.00;2.31;68920.00;0;0;33.00;4526.00;1015.01;390.62;0;1;0;1;0;0;1;0;0;1;0;0;1;1;0;0;1;0;0
335141;1.38;0.96;0;1270.00;14.25;84.75;12.75;0;11.14;14.49;31.21;13.05;2.31;68920.00;0;0;33.00;4500.60;1015.01;136.72;0;1;0;1;0;0;1;0;0;1;0;0;1;1;0;0;1;0;0
336530;1.27;0.95;0;1255.00;14.25;84.75;13.50;0;11.23;14.39;14.86;7.93;2.31;68920.00;0;0;33.00;4509.40;1015.01;195.31;0;1;0;1;0;0;1;0;0;1;0;0;1;1;0;0;1;0;0
337894;1.43;0.97;0;1257.00;14.25;84.75;13.50;0;11.24;14.39;7.01;3.52;2.31;68920.00;0;0;33.00;4518.40;1015.01;820.30;0;1;0;1;0;0;1;0;0;1;0;0;1;1;0;0;1;0;0
339284;1.23;0.94;0;1276.00;14.25;84.75;12.00;0;10.93;14.39;3.07;3.12;2.31;68920.00;0;0;33.00;4521.40;1015.01;742.18;0;1;0;1;0;0;1;0;0;1;0;0;1;1;0;0;1;0;0
340674;1.42;0.94;0;1238.00;14.25;84.75;14.25;0;11.36;14.30;2.89;1.33;2.58;68920.00;0;0;33.00;4512.60;1015.01;58.59;0;1;0;1;0;0;1;0;0;1;0;0;1;1;0;0;1;0;0
342016;1.35;0.96;0;1235.00;14.25;84.75;15.00;0;11.36;14.39;1.19;0.55;2.31;68920.00;0;0;32.00;4509.80;1015.01;742.18;0;1;0;1;0;0;1;0;0;1;0;0;1;1;0;0;1;0;0
343431;1.25;0.96;0;1251.00;14.25;84.75;14.25;0;11.34;14.39;2.40;0.18;2.31;68920.00;0;0;33.00;4518.60;1015.01;117.19;0;1;0;1;1;0;1;0;0;1;0;0;1;1;0;0;1;0;0
344739;1.38;0.96;0;1251.00;14.25;84.75;13.50;0;11.23;14.39;1.00;1.97;2.31;68920.00;0;0;33.00;4532.40;1015.01;839.83;1;1;0;1;0;0;1;0;0;1;0;0;1;1;0;0;0;0;0
346128;1.24;0.94;0;1260.00;14.25;84.75;12.75;0;11.14;14.49;23.26;15.16;2.31;68920.00;0;0;33.00;4526.80;1015.01;39.06;1;1;0;1;1;0;1;0;0;1;0;0;1;1;0;0;1;0;0
347575;1.35;1.01;0;1340.00;14.25;84.75;14.25;0;11.83;14.39;17.73;20.76;2.31;68920.00;0;0;36.00;4495.20;1015.01;878.90;1;1;0;1;0;0;1;0;0;1;0;0;1;1;0;0;0;0;0
348960;3.86;0.99;10.00;1989.00;14.25;84.75;15.75;9.41;30.89;14.30;6.13;10.82;2.58;68920.00;10.00;0;40.00;4579.20;1015.01;117.19;1;1;0;1;0;0;1;0;0;1;0;0;1;1;0;0;0;0;0
350424;2.77;1.02;23.00;2607.00;14.25;84.75;27.00;6.28;20.90;14.11;2.40;2.91;2.58;68920.00;23.00;24.00;40.00;4455.00;1015.01;898.43;1;1;0;1;0;0;1;0;0;1;0;0;1;1;0;0;0;0;0
351776;3.90;1.00;35.00;3808.00;14.25;84.00;33.75;14.90;29.09;14.11;0.21;5.53;2.58;68920.00;34.00;35.00;41.00;4577.00;1015.01;898.43;1;1;0;1;0;0;1;0;0;1;0;0;1;1;0;0;0;0;0
353208;6.34;1.00;48.00;3775.00;14.25;84.00;21.75;25.10;40.39;14.11;3.07;2.09;2.58;68920.00;47.00;49.00;41.00;4513.40;1015.01;898.43;2.00;1;0;1;0;0;1;0;0;1;0;0;1;1;0;0;0;0;0
354658;0;1.00;61.00;4602.00;14.25;84.00;42.75;0;4.45;14.11;1.68;0;2.58;68920.00;60.00;61.00;41.00;4305.40;1014.94;917.96;2.00;1;0;1;0;0;1;0;0;1;0;0;1;1;0;0;0;0;0
356012;2.03;0.96;61.00;3721.00;14.25;84.00;41.25;5.49;16.53;14.11;1.80;0.64;2.58;68920.00;60.00;61.00;41.00;4439.80;1014.97;859.36;3.00;1;0;1;0;0;1;0;0;1;0;0;1;1;0;0;0;0;0
357390;1.98;0.90;60.00;3697.00;14.25;84.00;42.00;5.88;17.45;14.11;1.37;0.53;2.58;68920.00;60.00;61.00;41.00;4546.60;1014.94;117.19;3.00;1;0;1;0;0;1;0;0;0;0;0;1;1;0;0;0;0;0
358758;0.62;1.00;53.00;3245.00;14.25;84.00;-30.00;0;0;14.02;1.60;3.46;2.58;68920.00;54.00;54.00;41.00;4578.40;1014.90;0;3.00;1;0;1;0;0;1;0;0;1;0;0;1;1;0;0;0;0;0
360200;1.04;1.00;46.00;2844.00;14.25;84.00;32.25;1.18;7.59;14.21;1.99;0.37;2.58;68920.00;46.00;46.00;41.00;4375.40;1014.58;898.43;3.00;1;0;1;0;0;1;0;0;1;0;0;1;1;0;0;0;0;0
361733;1.02;0.97;42.00;2578.00;14.25;83.25;27.00;0.78;8.03;14.21;0.16;0.61;2.58;68920.00;42.00;42.00;41.00;4488.80;1014.31;878.90;3.00;1;0;1;0;0;1;0;0;1;0;0;1;1;0;0;0;0;0
363150;1.05;0.93;37.00;2301.00;14.25;83.25;22.50;0.39;8.47;14.21;0;5.29;2.58;68920.00;38.00;37.00;41.00;4554.00;1014.12;449.21;3.00;1;0;1;0;0;1;0;0;1;0;0;1;1;0;0;0;0;0
364577;1.65;0.94;33.00;2111.00;14.25;83.25;19.50;1.96;13.02;14.21;2.87;2.73;2.58;68920.00;34.00;34.00;41.00;4527.80;1014.04;19.53;3.00;1;0;1;0;0;1;0;0;1;0;0;1;1;0;0;0;0;0
365980;1.64;0.98;32.00;2010.00;14.25;83.25;17.25;1.57;11.95;14.21;0.59;0.59;2.58;68920.00;32.00;32.00;41.00;4514.60;1013.88;39.06;3.00;1;0;1;0;0;1;0;0;1;0;0;1;1;0;0;0;0;0
367343;0.96;1.00;26.00;2040.00;14.25;83.25;14.25;0;11.92;14.30;18.51;10.88;2.58;68920.00;26.00;26.00;35.00;4516.40;1013.96;19.53;2.00;1;0;1;0;0;1;0;0;1;0;0;1;1;0;0;0;0;0
368809;1.15;1.01;20.00;1637.00;14.25;83.25;13.50;0;11.81;14.30;128.49;128.94;2.58;68920.00;20.00;20.00;35.00;4487.00;1013.88;878.90;2.00;1;0;1;0;0;1;0;0;1;0;0;1;1;0;0;0;0;0
370280;1.44;0.96;16.00;1286.00;14.25;82.50;13.50;0;11.73;14.39;147.59;111.63;2.31;68920.00;16.00;16.00;36.00;4507.00;1013.84;859.36;2.00;1;0;1;0;0;1;0;0;1;0;0;1;1;0;0;0;0;0
371744;1.34;0.92;12.00;1365.00;14.25;82.50;13.50;0;11.88;14.39;70.46;54.45;2.31;68920.00;13.00;12.00;37.00;4521.60;1013.80;859.36;1;1;0;1;0;0;1;0;0;1;0;0;1;1;0;0;0;0;0
373144;1.35;0.90;10.00;1328.00;14.25;82.50;15.00;0;12.01;14.39;82.36;28.18;2.31;68920.00;11.00;11.00;36.00;4505.00;1013.80;937.49;1;1;0;1;0;0;1;0;0;1;0;0;1;1;0;0;0;0;0
374556;4.50;1.00;18.00;2334.00;15.00;82.50;18.00;14.90;33.80;14.11;175.87;231.82;2.58;68920.00;19.00;19.00;42.00;4444.80;1013.88;800.77;1;1;0;1;0;0;1;0;0;1;0;0;1;1;0;0;0;0;0
375982;4.92;0.96;40.00;4376.00;15.00;83.25;26.25;25.89;38.83;14.11;39.16;40.02;2.58;68920.00;39.00;40.00;41.00;4672.40;1013.84;97.66;1;1;0;1;0;0;1;0;0;1;0;0;1;1;0;0;0;0;0
377673;5.26;0.97;52.00;4108.00;14.25;82.50;24.75;24.71;40.16;14.11;140.91;151.61;2.58;68920.00;52.00;53.00;42.00;4612.80;1013.84;78.12;2.00;1;0;1;0;0;1;0;0;1;0;0;1;1;0;0;0;0;0
379151;6.43;1.00;62.00;4386.00;14.25;81.75;33.75;20.79;32.95;14.02;148.23;159.74;2.58;68920.00;61.00;63.00;42.00;4380.60;1013.80;878.90;3.00;1;0;1;0;0;1;0;0;1;0;0;1;1;0;0;0;0;0
380590;5.92;1.01;71.00;4340.00;14.25;81.75;21.75;31.38;43.17;14.11;318.57;324.02;2.58;68920.00;69.00;71.00;42.00;4570.20;1013.72;839.83;3.00;1;0;1;0;0;1;0;0;0;0;0;1;1;0;0;0;0;0
381948;3.85;0.93;75.00;3893.00;14.25;81.75;30.75;18.43;31.09;14.11;323.24;327.50;2.58;68920.00;73.00;75.00;42.00;4463.20;1013.26;878.90;4.00;1;0;1;0;0;1;0;0;0;0;0;1;1;0;0;0;0;0
383359;4.72;0.95;78.00;4071.00;14.25;81.75;26.25;23.53;37.49;14.11;336.97;81.46;2.58;68921.00;76.00;78.00;42.00;4539.20;1012.87;839.83;4.00;1;0;1;0;0;1;0;0;0;0;0;1;1;0;0;0;0;0
384823;4.66;1.00;78.00;3664.00;14.25;81.75;25.50;21.57;34.31;14.11;174.34;177.06;2.58;68921.00;78.00;79.00;42.00;4506.60;1012.67;605.46;5.00;1;0;1;0;0;1;0;0;0;0;0;1;1;0;0;0;0;0
386300;3.18;0.94;81.00;3715.00;14.25;81.75;33.75;13.33;26.52;14.11;292.89;328.83;2.58;68921.00;81.00;81.00;42.00;4497.40;1012.36;703.12;5.00;1;0;1;0;0;1;0;0;0;0;0;1;1;0;0;0;0;0
387705;3.22;0.95;81.00;3709.00;14.25;81.75;33.75;13.33;26.30;14.11;347.63;314.96;2.58;68921.00;80.00;81.00;42.00;4515.60;1011.81;312.50;5.00;1;0;1;0;0;1;0;0;0;0;0;1;1;0;0;0;0;0
388972;2.83;0.89;81.00;3727.00;14.25;81.75;36.00;11.37;24.49;14.11;321.35;341.81;2.58;68921.00;80.00;81.00;42.00;4509.80;1011.54;156.25;5.00;1;0;1;0;0;1;0;0;0;0;0;1;1;0;0;0;0;0
390370;2.92;0.92;80.00;3699.00;14.25;81.75;36.00;11.37;24.66;14.02;261.31;211.80;2.58;68921.00;79.00;81.00;42.00;4513.40;1011.42;820.30;5.00;1;0;1;0;0;1;0;0;0;0;0;1;1;0;0;0;0;0
392069;3.39;0.96;81.00;3747.00;14.25;81.75;33.00;14.51;27.23;14.11;313.52;300.90;2.58;68921.00;80.00;81.00;42.00;4502.80;1011.30;761.71;5.00;1;0;1;0;0;1;0;0;0;0;0;1;1;0;0;0;0;0
393580;3.26;0.95;82.00;3755.00;14.25;81.75;34.50;13.73;26.49;14.11;353.34;352.75;2.58;68921.00;80.00;82.00;42.00;4508.20;1010.87;156.25;5.00;1;0;1;0;0;1;0;0;0;0;0;1;1;0;0;0;0;0
394853;3.34;0.96;81.00;3751.00;14.25;81.75;33.75;14.51;27.05;14.11;309.96;310.51;2.58;68921.00;81.00;82.00;42.00;4522.60;1010.48;800.77;5.00;1;0;1;0;0;1;0;0;0;0;0;1;1;0;0;0;0;0
396311;3.74;0.95;82.00;3777.00;14.25;81.75;31.50;17.65;29.87;14.11;207.04;211.33;2.58;68921.00;81.00;82.00;42.00;4538.00;1010.25;820.30;5.00;1;0;1;0;0;1;0;0;0;0;0;1;1;0;0;0;0;0
397867;3.27;0.95;82.00;3791.00;14.25;81.75;34.50;13.73;26.56;14.11;296.56;317.95;2.58;68921.00;81.00;82.00;42.00;4528.80;1010.13;722.65;5.00;1;0;1;0;0;1;0;0;0;0;0;1;1;0;0;0;0;0
399263;3.44;0.95;82.00;3796.00;14.25;81.75;33.00;15.30;27.81;14.02;347.99;340.60;2.58;68921.00;82.00;83.00;42.00;4502.60;1010.09;703.12;5.00;1;0;1;0;0;1;0;0;0;0;0;1;1;0;0;0;0;0
400668;3.28;0.93;83.00;3861.00;14.25;81.75;35.25;14.90;27.29;14.11;310.66;262.76;2.58;68921.00;82.00;84.00;42.00;4507.00;1009.70;781.24;5.00;1;0;1;0;0;1;0;0;0;0;0;1;1;0;0;0;0;0
401994;3.46;0.95;83.00;3861.00;14.25;81.75;33.75;15.30;27.95;14.11;218.56;167.80;2.58;68921.00;83.00;84.00;42.00;4511.60;1009.19;839.83;5.00;1;0;1;0;0;1;0;0;0;0;0;1;1;0;0;0;0;0
403450;3.02;0.91;83.00;3872.00;14.25;81.75;36.00;12.55;25.64;14.11;292.42;299.39;2.58;68921.00;83.00;84.00;42.00;4501.20;1009.00;175.78;5.00;1;0;1;0;0;1;0;0;0;0;0;1;1;0;0;0;0;0
404851;3.26;1.00;83.00;3854.00;14.25;81.75;36.00;12.16;25.11;14.11;320.60;317.71;2.58;68921.00;84.00;84.00;42.00;4495.20;1008.92;781.24;5.00;1;0;1;0;0;1;0;0;0;0;0;1;1;0;0;0;0;0
406298;2.94;0.90;83.00;3827.00;14.25;81.75;36.00;12.16;25.28;14.11;297.68;307.07;2.58;68921.00;82.00;83.00;42.00;4508.20;1008.61;859.36;5.00;1;0;1;0;0;1;0;0;0;0;0;1;1;0;0;0;0;0
407746;3.78;0.99;83.00;3857.00;14.25;81.75;32.25;16.86;29.20;14.02;211.30;215.38;2.58;68921.00;83.00;84.00;42.00;4520.20;1008.22;175.78;5.00;1;0;1;0;0;1;0;0;0;0;0;1;1;0;0;0;0;0
409071;4.75;1.00;85.00;3956.00;14.25;81.75;27.75;21.57;34.59;14.02;261.12;247.15;2.58;68921.00;82.00;85.00;42.00;4556.40;1007.86;664.05;5.00;1;0;1;0;0;1;0;0;0;0;0;1;1;0;0;0;0;0
410436;3.30;0.95;85.00;3925.00;14.25;81.75;35.25;14.12;26.64;14.11;304.77;324.16;2.58;68921.00;84.00;86.00;42.00;4506.80;1007.55;312.50;5.00;1;0;1;0;0;1;0;0;0;0;0;1;1;0;0;0;0;0
411795;2.83;0.88;83.00;3868.00;14.25;81.75;36.00;11.77;24.87;14.02;314.96;257.17;2.58;68921.00;83.00;84.00;42.00;4508.60;1007.20;742.18;5.00;1;0;1;0;0;1;0;0;0;0;0;1;1;0;0;0;0;0
413204;3.62;1.01;83.00;3874.00;14.25;81.75;33.75;15.30;27.75;14.11;238.32;205.24;2.58;68921.00;83.00;84.00;42.00;4516.80;1006.69;703.12;5.00;1;0;1;0;0;1;0;0;0;0;0;1;1;0;0;0;0;0
414573;3.38;0.96;85.00;3934.00;14.25;81.75;35.25;14.12;27.13;14.02;193.35;215.16;2.58;68921.00;82.00;85.00;42.00;4506.40;1006.50;703.12;5.00;1;0;1;0;0;1;0;0;0;0;0;1;1;0;0;0;0;0
415899;3.46;0.94;85.00;3902.00;14.25;81.75;33.75;15.69;28.27;14.11;318.26;329.33;2.58;68921.00;84.00;85.00;42.00;4504.20;1006.34;703.12;5.00;1;0;1;0;0;1;0;0;0;0;0;1;1;0;0;0;0;0
417358;3.46;0.95;85.00;3949.00;14.25;81.75;34.50;15.69;27.92;14.11;308.79;285.94;2.58;68921.00;84.00;85.00;42.00;4500.00;1006.07;722.65;5.00;1;0;1;0;0;1;0;0;0;0;0;1;1;0;0;0;0;0
418804;3.84;0.95;86.00;3941.00;14.25;81.75;33.00;17.65;29.62;14.11;209.30;196.67;2.58;68921.00;84.00;86.00;42.00;4528.00;1005.56;781.24;5.00;1;0;1;0;0;1;0;0;0;0;0;1;1;0;0;0;0;0
420087;4.01;0.97;86.00;3969.00;14.25;81.75;30.75;18.83;31.59;14.02;113.20;241.29;2.58;68921.00;85.00;86.00;42.00;4515.20;1005.33;703.12;5.00;1;0;1;0;0;1;0;0;0;0;0;1;1;0;0;0;0;0
421442;4.10;0.94;86.00;3981.00;14.25;81.75;30.00;20.00;33.02;14.02;326.62;228.46;2.58;68921.00;85.00;87.00;42.00;4521.60;1005.25;859.36;5.00;1;0;1;0;0;1;0;0;0;0;0;1;1;0;0;0;0;0
422843;3.54;0.96;86.00;3993.00;14.25;81.75;34.50;15.69;28.11;14.11;362.07;86.09;2.58;68921.00;86.00;87.00;42.00;4487.00;1004.97;839.83;5.00;1;0;1;0;0;1;0;0;0;0;0;1;1;0;0;0;0;0
424306;3.70;0.92;86.00;3977.00;14.25;81.75;33.00;18.04;30.69;14.11;226.08;310.82;2.58;68921.00;85.00;87.00;42.00;4520.60;1004.47;332.03;5.00;1;0;1;0;0;1;0;0;0;0;0;1;1;0;0;0;0;0
425728;2.97;1.00;86.00;3964.00;14.25;81.75;36.75;12.55;25.30;14.11;166.49;240.14;2.58;68922.00;85.00;86.00;42.00;4494.40;1004.11;859.36;5.00;1;0;1;0;0;1;0;0;0;0;0;1;1;0;0;0;0;0
427003;3.57;0.92;85.00;3943.00;14.25;81.75;33.00;16.86;29.41;14.02;313.94;308.87;2.58;68922.00;84.00;85.00;42.00;4526.60;1004.00;781.24;5.00;1;0;1;0;0;1;0;0;0;0;0;1;1;0;0;0;0;0
428466;3.87;0.98;86.00;3985.00;14.25;82.50;32.25;17.65;30.27;14.11;251.55;341.95;2.58;68922.00;84.00;86.00;42.00;4521.80;1003.80;234.37;5.00;1;0;1;0;0;1;0;0;0;0;0;1;1;0;0;0;0;0
429874;3.75;0.93;86.00;3967.00;14.25;82.50;33.00;17.65;30.36;13.92;255.02;282.74;2.82;68922.00;85.00;86.00;42.00;4516.00;1003.22;839.83;5.00;1;0;1;0;0;1;0;0;0;0;0;1;1;0;0;0;0;0
431287;3.08;0.94;86.00;3963.00;14.25;82.50;36.00;13.33;25.90;14.11;206.76;220.45;2.58;68922.00;85.00;86.00;42.00;4499.20;1002.86;761.71;5.00;1;0;1;0;0;1;0;0;0;0;0;1;1;0;0;0;0;0
432702;3.13;0.92;83.00;3859.00;14.25;82.50;35.25;13.73;26.18;14.11;256.41;307.71;2.58;68922.00;83.00;84.00;42.00;4533.80;1002.75;781.24;5.00;1;0;1;0;0;1;0;0;0;0;0;1;1;0;0;0;0;0
434081;3.34;0.98;82.00;3840.00;14.25;82.50;34.50;13.73;26.31;14.02;338.59;340.66;2.58;68922.00;82.00;83.00;42.00;4514.00;1002.40;175.78;5.00;1;0;1;0;0;1;0;0;0;0;0;1;1;0;0;0;0;0
435540;4.26;0.95;83.00;3834.00;14.25;82.50;29.25;20.79;32.96;14.02;308.22;314.90;2.58;68922.00;81.00;83.00;42.00;4533.20;1001.85;703.12;5.00;1;0;1;0;0;1;0;0;0;0;0;1;1;0;0;0;0;0
436862;3.62;1.00;83.00;3831.00;14.25;82.50;33.00;16.47;28.64;14.11;183.58;234.52;2.58;68922.00;82.00;84.00;42.00;4477.00;1001.61;683.59;5.00;1;0;1;0;0;1;0;0;0;0;0;1;1;0;0;0;0;0
438279;3.89;0.93;83.00;3845.00;14.25;82.50;30.00;19.61;31.88;14.02;285.65;291.35;2.58;68922.00;82.00;84.00;42.00;4514.80;1001.38;839.83;5.00;1;0;1;0;0;1;0;0;0;0;0;1;1;0;0;0;0;0
439731;3.86;0.95;83.00;3846.00;14.25;82.50;30.75;18.83;30.96;14.11;337.07;350.45;2.58;68922.00;82.00;83.00;42.00;4522.20;1000.83;136.72;5.00;1;0;1;0;0;1;0;0;0;0;0;1;1;0;0;0;0;0
441003;3.80;0.97;83.00;3855.00;14.25;82.50;31.50;17.65;29.97;14.11;256.84;298.09;2.58;68922.00;83.00;84.00;42.00;4521.40;1000.44;234.37;5.00;1;0;1;0;0;1;0;0;0;0;0;1;1;0;0;0;0;0
442407;3.95;0.98;83.00;3863.00;14.25;82.50;32.25;18.43;30.68;14.11;195.57;251.92;2.58;68922.00;82.00;84.00;42.00;4515.60;1000.29;742.18;5.00;1;0;1;0;0;1;0;0;0;0;0;1;1;0;0;0;0;0
443808;3.97;0.97;85.00;3886.00;14.25;82.50;31.50;18.83;31.21;14.11;244.75;241.23;2.58;68922.00;84.00;85.00;42.00;4532.60;999.86;722.65;5.00;1;0;1;0;0;1;0;0;0;0;0;1;1;0;0;0;0;0
445274;3.62;0.92;87.00;4010.00;14.25;82.50;32.25;17.65;30.23;14.11;332.42;220.12;2.58;68922.00;85.00;87.00;42.00;4525.40;999.27;703.12;5.00;1;0;1;0;0;1;0;0;0;0;0;1;1;0;0;0;0;0
446782;4.54;0.99;87.00;4025.00;14.25;82.50;29.25;21.18;34.41;14.11;362.57;29.37;2.58;68922.00;85.00;88.00;42.00;4553.80;999.08;742.18;5.00;1;0;1;0;0;1;0;0;0;0;0;1;1;0;0;0;0;0
448102;4.18;0.95;90.00;4090.00;14.25;82.50;30.00;20.39;33.37;14.02;199.87;252.84;2.58;68922.00;87.00;90.00;42.00;4511.80;998.92;683.59;5.00;1;0;1;0;0;1;0;0;0;0;0;1;1;0;0;0;0;0
449484;3.74;0.92;88.00;4099.00;14.25;82.50;32.25;18.04;31.15;14.11;252.68;211.24;2.58;68922.00;87.00;89.00;42.00;4496.00;998.41;742.18;5.00;1;0;1;0;0;1;0;0;0;0;0;1;1;0;0;0;0;0
450942;3.03;0.93;88.00;4069.00;14.25;82.50;37.50;12.55;25.22;14.11;331.85;278.89;2.58;68922.00;87.00;89.00;42.00;4470.60;997.98;195.31;5.00;1;0;1;0;0;1;0;0;0;0;0;1;1;0;0;0;0;0
452296;3.57;0.94;88.00;4072.00;14.25;82.50;34.50;16.47;28.95;14.02;299.77;276.51;2.58;68922.00;86.00;88.00;42.00;4521.00;997.59;312.50;5.00;1;0;1;0;0;1;0;0;0;0;0;1;1;0;0;0;0;0
453657;3.89;0.96;88.00;4081.00;14.25;82.50;32.25;18.04;31.05;14.02;219.34;254.10;2.58;68922.00;87.00;89.00;42.00;4547.40;997.20;800.77;5.00;1;0;1;0;0;1;0;0;0;0;0;1;1;0;0;0;0;0
454980;3.79;0.91;90.00;4128.00;14.25;82.50;32.25;18.43;31.45;14.11;165.13;172.57;2.58;68922.00;87.00;90.00;42.00;4519.60;996.77;683.59;5.00;1;0;1;0;0;1;0;0;0;0;0;1;1;0;0;0;0;0
456336;3.92;0.94;90.00;4120.00;14.25;82.50;31.50;18.83;31.85;14.11;308.91;320.16;2.58;68922.00;88.00;90.00;42.00;4506.00;996.61;800.77;5.00;1;0;1;0;0;1;0;0;0;0;0;1;1;0;0;0;0;0
457691;3.74;0.92;90.00;4180.00;14.25;82.50;32.25;18.04;31.02;14.11;328.98;291.91;2.58;68922.00;89.00;91.00;42.00;4505.20;996.54;859.36;5.00;1;0;1;0;0;1;0;0;0;0;0;1;1;0;0;0;0;0
459023;4.28;0.94;92.00;4229.00;14.25;82.50;29.25;21.57;34.18;13.92;277.42;283.32;2.82;68922.00;90.00;92.00;42.00;4517.60;995.79;507.81;5.00;1;0;1;0;0;1;0;0;0;0;0;1;1;0;0;0;0;0
460401;4.11;0.98;92.00;4272.00;14.25;82.50;31.50;19.61;31.81;14.11;224.13;272.80;2.58;68922.00;91.00;93.00;42.00;4503.00;995.44;761.71;5.00;1;0;1;0;0;1;0;0;0;0;0;1;1;0;0;0;0;0
461816;3.54;0.93;92.00;4276.00;14.25;82.50;34.50;16.86;28.81;14.11;280.61;323.03;2.58;68922.00;92.00;93.00;42.00;4516.00;995.33;664.05;5.00;1;0;1;0;0;1;0;0;0;0;0;1;1;0;0;0;0;0
463342;4.85;1.00;92.00;4292.00;14.25;82.50;29.25;23.14;34.76;14.11;332.99;350.15;2.58;68922.00;92.00;93.00;42.00;4550.40;995.13;644.52;5.00;1;0;1;0;0;1;0;0;0;0;0;1;1;0;0;0;0;0
464845;5.10;1.04;93.00;4292.00;14.25;82.50;27.00;25.10;37.37;14.11;229.05;267.93;2.58;68922.00;93.00;94.00;42.00;4522.40;994.58;781.24;5.00;1;0;1;0;0;1;0;0;0;0;0;1;1;0;0;0;0;0
466312;4.57;0.98;95.00;4352.00;14.25;82.50;30.00;23.14;34.84;14.02;190.67;264.32;2.58;68922.00;94.00;95.00;42.00;4512.60;994.27;527.34;5.00;1;0;1;0;0;1;0;0;0;0;0;1;1;0;0;0;0;0
467719;3.86;0.96;95.00;4337.00;14.25;82.50;33.75;18.43;30.43;14.02;286.41;336.09;2.58;68923.00;92.00;95.00;42.00;4501.00;994.08;546.87;5.00;1;0;1;0;0;1;0;0;0;0;0;1;1;0;0;0;0;0
468993;3.78;0.97;92.00;4275.00;14.25;82.50;33.75;17.65;30.00;14.11;351.75;337.95;2.58;68923.00;92.00;93.00;42.00;4490.20;993.65;683.59;5.00;1;0;1;0;0;1;0;0;0;0;0;1;1;0;0;0;0;0
470451;3.53;0.92;91.00;4214.00;13.50;82.50;33.75;16.86;29.37;14.02;289.94;307.89;2.58;68923.00;89.00;91.00;42.00;4514.00;993.14;800.77;5.00;1;0;1;0;0;1;0;0;0;0;0;1;1;0;0;0;0;0
471857;3.86;0.92;90.00;4136.00;13.50;82.50;31.50;18.43;31.64;14.11;187.12;202.90;2.58;68923.00;89.00;90.00;42.00;4514.80;992.90;859.36;5.00;1;0;1;0;0;1;0;0;0;0;0;1;1;0;0;0;0;0
473216;4.12;0.94;91.00;4170.00;13.50;82.50;30.00;20.39;33.30;14.02;296.72;218.46;2.58;68923.00;89.00;91.00;42.00;4511.80;992.63;820.30;5.00;1;0;1;0;0;1;0;0;0;0;0;1;1;0;0;0;0;0
474578;4.48;0.97;90.00;4169.00;13.50;82.50;29.25;21.18;34.29;14.11;340.76;344.59;2.58;68923.00;89.00;90.00;42.00;4545.40;992.08;742.18;5.00;1;0;1;0;0;1;0;0;0;0;0;1;1;0;0;0;0;0
475954;3.94;0.92;90.00;4194.00;13.50;82.50;31.50;19.22;32.57;14.02;256.62;283.24;2.58;68923.00;89.00;91.00;42.00;4501.40;991.73;839.83;5.00;1;0;1;0;0;1;0;0;0;0;0;1;1;0;0;0;0;0
477407;4.34;0.91;91.00;4211.00;13.50;82.50;27.75;23.14;36.28;14.11;209.19;216.74;2.58;68923.00;89.00;92.00;42.00;4520.00;991.58;820.30;5.00;1;0;1;0;0;1;0;0;0;0;0;1;1;0;0;0;0;0
478867;4.09;0.96;91.00;4209.00;13.50;82.50;30.75;19.61;32.53;14.11;245.90;223.17;2.58;68923.00;90.00;92.00;42.00;4492.60;990.91;859.36;5.00;1;0;1;0;0;1;0;0;0;0;0;1;1;0;0;0;0;0
480336;4.46;0.93;91.00;4182.00;13.50;82.50;27.75;22.75;36.03;14.02;327.19;342.71;2.58;68923.00;90.00;91.00;42.00;4532.80;990.56;117.19;5.00;1;0;1;0;0;1;0;0;0;0;0;1;1;0;0;0;0;0
481744;4.26;0.92;91.00;4179.00;13.50;82.50;29.25;21.57;34.78;14.02;293.95;298.18;2.58;68923.00;90.00;92.00;42.00;4499.40;990.17;703.12;5.00;1;0;1;0;0;1;0;0;0;0;0;1;1;0;0;0;0;0
483062;4.83;0.98;91.00;4205.00;13.50;82.50;27.75;23.53;36.43;13.92;196.86;212.55;2.82;68923.00;89.00;91.00;42.00;4528.40;989.62;683.59;5.00;1;0;1;0;0;1;0;0;0;0;0;1;1;0;0;0;0;0
484419;4.26;0.94;91.00;4196.00;13.50;82.50;29.25;21.57;34.31;14.11;240.59;220.12;2.58;68923.00;89.00;92.00;42.00;4508.00;989.27;781.24;5.00;1;0;1;0;0;1;0;0;0;0;0;1;1;0;0;0;0;0
485827;4.02;0.91;91.00;4200.00;13.50;82.50;30.00;20.79;33.62;14.02;346.46;338.44;2.58;68923.00;89.00;91.00;42.00;4512.20;989.00;761.71;5.00;1;0;1;0;0;1;0;0;0;0;0;1;1;0;0;0;0;0
487057;4.37;0.95;91.00;4164.00;13.50;82.50;29.25;21.57;34.72;14.02;304.67;301.33;2.58;68923.00;89.00;91.00;42.00;4512.60;988.33;781.24;5.00;1;0;1;0;0;1;0;0;0;0;0;1;1;0;0;0;0;0
488403;4.31;0.93;90.00;4129.00;13.50;82.50;28.50;21.57;34.78;14.11;249.05;273.34;2.58;68923.00;89.00;90.00;42.00;4518.00;988.06;703.12;5.00;1;0;1;0;0;1;0;0;0;0;0;1;1;0;0;0;0;0
489807;4.13;0.92;90.00;4200.00;13.50;82.50;30.00;21.18;33.90;14.11;184.66;228.52;2.58;68923.00;88.00;90.00;42.00;4501.60;987.67;703.12;5.00;1;0;1;0;0;1;0;0;0;0;0;1;1;0;0;0;0;0
491073;4.10;0.91;90.00;4149.00;13.50;82.50;29.25;21.18;34.18;14.02;290.43;293.05;2.58;68923.00;89.00;91.00;42.00;4504.00;987.00;527.34;5.00;1;0;1;0;0;1;0;0;0;0;0;1;1;0;0;0;0;0
492525;3.92;0.93;90.00;4152.00;13.50;83.25;31.50;19.22;32.13;14.11;67.01;58.90;2.58;68923.00;88.00;91.00;41.00;4502.80;986.77;878.90;5.00;1;0;1;0;0;1;0;0;0;0;0;1;1;0;0;0;0;0
493941;3.79;0.90;90.00;4131.00;13.50;83.25;31.50;18.83;31.95;14.11;6.27;6.23;2.58;68923.00;89.00;90.00;41.00;4536.00;986.26;117.19;5.00;1;0;1;0;0;1;0;0;0;0;0;1;1;0;0;0;0;0
495347;3.35;0.86;90.00;4150.00;13.50;83.25;33.75;16.86;29.64;14.11;0.31;2.05;2.58;68923.00;88.00;90.00;41.00;4515.60;985.75;507.81;5.00;1;0;1;0;0;1;0;0;0;0;0;1;1;0;0;0;0;0
496751;4.84;0.94;90.00;4164.00;13.50;83.25;25.50;25.49;38.41;14.11;0.33;0.35;2.58;68923.00;88.00;91.00;41.00;4544.40;985.52;761.71;5.00;1;0;1;0;0;1;0;0;0;0;0;1;1;0;0;0;0;0
498080;4.28;0.93;95.00;4385.00;13.50;83.25;28.50;23.53;34.79;14.02;1.07;1.39;2.58;68923.00;88.00;95.00;41.00;4484.60;985.17;859.36;5.00;1;0;1;0;0;1;0;0;0;0;0;1;1;0;0;0;0;0
499538;4.71;0.94;91.00;4215.00;13.50;83.25;26.25;24.71;37.50;13.92;0;0;2.82;68923.00;90.00;91.00;41.00;4524.60;984.54;859.36;5.00;1;0;1;0;0;1;0;0;0;0;0;1;1;0;0;0;0;0
500960;4.45;0.95;92.00;4288.00;13.50;83.25;29.25;21.57;35.59;14.02;0;0;2.58;68923.00;90.00;93.00;41.00;4512.20;984.27;761.71;5.00;1;0;1;0;0;1;0;0;0;0;0;1;1;0;0;0;0;0
502312;5.15;0.99;93.00;4306.00;13.50;83.25;26.25;26.67;38.31;14.11;0.10;1.78;2.58;68923.00;92.00;93.00;41.00;4543.60;984.08;800.77;5.00;1;0;1;0;0;1;0;0;0;0;0;1;1;0;0;0;0;0
503720;4.35;0.98;92.00;4278.00;13.50;83.25;30.75;21.57;33.72;14.02;1.48;1.35;2.58;68923.00;91.00;93.00;41.00;4504.40;983.49;781.24;5.00;1;0;1;0;0;1;0;0;0;0;0;1;1;0;0;0;0;0
505041;4.26;0.98;95.00;4343.00;13.50;83.25;31.50;21.18;32.70;14.11;2.09;1.27;2.58;68923.00;92.00;95.00;41.00;4511.80;983.14;703.12;5.00;1;0;1;0;0;1;0;0;0;0;0;1;1;0;0;0;0;0
506398;4.23;1.01;96.00;4453.00;13.50;83.25;32.25;20.79;31.67;14.02;0;0.08;2.58;68924.00;94.00;97.00;41.00;4534.00;982.79;722.65;5.00;1;0;1;0;0;1;0;0;0;0;0;1;1;0;0;0;0;0
507768;4.22;1.01;97.00;4511.00;13.50;83.25;33.00;20.79;31.39;14.11;0;0.49;2.58;68924.00;94.00;97.00;41.00;4520.00;982.40;585.93;5.00;1;0;1;0;0;1;0;0;0;0;0;1;1;0;0;0;0;0
509133;3.91;1.00;97.00;4460.00;13.50;83.25;34.50;18.83;29.69;14.02;0;1.43;2.58;68924.00;93.00;97.00;41.00;4513.20;982.04;644.52;5.00;1;0;1;0;0;1;0;0;0;0;0;1;1;0;0;0;0;0
510537;4.42;1.02;96.00;4404.00;13.50;83.25;31.50;21.96;33.04;14.02;0.08;3.67;2.58;68924.00;94.00;96.00;41.00;4508.40;981.61;781.24;5.00;1;0;1;0;0;1;0;0;0;0;0;1;1;0;0;0;0;0
511912;4.88;1.03;96.00;4408.00;13.50;83.25;29.25;24.71;35.55;14.11;0.35;1.60;2.58;68924.00;94.00;96.00;41.00;4535.00;981.26;703.12;5.00;1;0;1;0;0;1;0;0;0;0;0;1;1;0;0;0;0;0
513261;4.93;1.03;96.00;4444.00;13.50;83.25;28.50;25.49;35.87;14.11;0.10;0;2.58;68924.00;94.00;97.00;41.00;4513.00;980.99;683.59;5.00;1;0;1;0;0;1;0;0;0;0;0;1;1;0;0;0;0;0
514717;4.52;1.01;96.00;4427.00;13.50;83.25;30.75;22.75;33.75;14.02;0;1.58;2.58;68924.00;94.00;97.00;41.00;4520.80;980.79;820.30;5.00;1;0;1;0;0;1;0;0;0;0;0;1;1;0;0;0;0;0
516087;4.04;1.00;95.00;4402.00;13.50;83.25;33.75;19.61;30.62;14.02;0;3.12;2.58;68924.00;93.00;96.00;41.00;4508.80;980.33;703.12;5.00;1;0;1;0;0;1;0;0;0;0;0;1;1;0;0;0;0;0
517438;5.20;1.06;95.00;4389.00;13.50;83.25;27.75;25.89;36.90;14.11;1.66;0.76;2.58;68924.00;92.00;96.00;41.00;4513.60;979.93;624.99;5.00;1;0;1;0;0;1;0;0;0;0;0;1;1;0;0;0;0;0
518792;5.50;1.03;96.00;4478.00;13.50;83.25;24.75;30.20;40.04;14.02;1.60;0;2.58;68924.00;94.00;97.00;41.00;4523.20;979.74;781.24;5.00;1;0;1;0;0;1;0;0;0;0;0;1;1;0;0;0;0;0
520170;4.38;1.00;96.00;4441.00;13.50;83.25;30.75;22.36;33.26;14.02;2.42;1.43;2.58;68924.00;94.00;97.00;41.00;4504.40;979.31;624.99;5.00;1;0;1;0;0;1;0;0;0;0;0;1;1;0;0;0;0;0
521523;3.26;0.93;93.00;4352.00;13.50;83.25;36.75;15.30;26.69;14.11;0.88;1.97;2.58;68924.00;92.00;94.00;41.00;4473.60;978.84;781.24;5.00;1;0;1;0;0;1;0;0;0;0;0;1;1;0;0;0;0;0
523000;3.90;1.00;93.00;4331.00;13.50;83.25;34.50;18.04;29.93;14.11;0.53;1.05;2.58;68924.00;91.00;94.00;41.00;4500.60;978.33;761.71;5.00;1;0;1;0;0;1;0;0;0;0;0;1;1;0;0;0;0;0
524349;3.54;0.96;92.00;4255.00;13.50;83.25;35.25;16.08;27.99;13.92;1.07;0;2.82;68924.00;91.00;92.00;41.00;4499.60;977.86;546.87;5.00;1;0;1;0;0;1;0;0;0;0;0;1;1;0;0;0;0;0
525657;3.31;0.97;92.00;4230.00;13.50;83.25;37.50;14.51;26.53;13.92;0;0.90;2.82;68924.00;91.00;93.00;41.00;4494.20;977.24;839.83;5.00;1;0;1;0;0;1;0;0;0;0;0;1;1;0;0;0;0;0
526979;4.75;1.00;92.00;4284.00;14.25;83.25;28.50;23.53;34.95;14.02;0.18;2.38;2.58;68924.00;90.00;93.00;41.00;4562.80;976.93;78.12;5.00;1;0;1;0;0;1;0;0;0;0;0;1;1;0;0;0;0;0
528394;4.53;1.00;95.00;4323.00;14.25;83.25;30.00;23.53;34.75;14.11;2.38;1.29;2.58;68924.00;91.00;95.00;41.00;4506.00;976.73;839.83;5.00;1;0;1;0;0;1;0;0;0;0;0;1;1;0;0;0;0;0
529823;4.58;1.01;95.00;4362.00;14.25;83.25;30.75;23.53;33.86;14.11;0;0;2.58;68924.00;93.00;95.00;41.00;4530.60;976.38;195.31;5.00;1;0;1;0;0;1;0;0;0;0;0;1;1;0;0;0;0;0
531089;3.50;0.92;93.00;4304.00;14.25;83.25;35.25;17.26;28.80;14.02;0.53;1.31;2.58;68924.00;93.00;94.00;41.00;4493.00;975.95;429.68;5.00;1;0;1;0;0;1;0;0;0;0;0;1;1;0;0;0;0;0
532548;3.50;0.95;92.00;4273.00;14.25;83.25;36.00;16.86;28.28;14.11;1.11;0.94;2.58;68924.00;91.00;93.00;41.00;4508.00;975.64;175.78;5.00;1;0;1;0;0;1;0;0;0;0;0;1;1;0;0;0;0;0
534056;3.90;1.02;95.00;4371.00;14.25;83.25;34.50;18.43;29.30;14.11;1.87;0.96;2.58;68924.00;92.00;95.00;41.00;4532.00;975.40;683.59;5.00;1;0;1;0;0;1;0;0;0;0;0;1;1;0;0;0;0;0
535472;3.72;0.98;95.00;4342.00;14.25;83.25;35.25;17.65;28.78;14.02;0;0.10;2.58;68924.00;91.00;95.00;41.00;4508.80;975.01;703.12;5.00;1;0;1;0;0;1;0;0;0;0;0;1;1;0;0;0;0;0
536877;4.30;1.02;95.00;4380.00;14.25;83.25;32.25;21.18;31.88;14.02;0;1.66;2.58;68924.00;93.00;96.00;41.00;4514.00;974.70;644.52;5.00;1;0;1;0;0;1;0;0;0;0;0;1;1;0;0;0;0;0
538196;3.81;1.00;95.00;4356.00;14.25;83.25;35.25;18.04;29.14;14.02;0;0.51;2.58;68924.00;93.00;95.00;41.00;4495.80;974.43;722.65;5.00;1;0;1;0;0;1;0;0;0;0;0;1;1;0;0;0;0;0
539642;3.37;0.96;93.00;4302.00;14.25;83.25;36.75;15.30;26.92;14.02;1.70;1.80;2.58;68924.00;92.00;94.00;41.00;4501.40;974.31;703.12;5.00;1;0;1;0;0;1;0;0;0;0;0;1;1;0;0;0;0;0
541049;4.22;1.02;95.00;4366.00;14.25;83.25;33.00;20.79;31.44;14.11;0.14;0.12;2.58;68924.00;92.00;95.00;41.00;4529.20;974.00;742.18;5.00;1;0;1;0;0;1;0;0;0;0;0;1;1;0;0;0;0;0
542514;4.57;1.02;95.00;4383.00;14.25;83.25;30.75;23.14;33.75;14.02;2.03;0.02;2.58;68924.00;92.00;96.00;41.00;4512.60;973.57;800.77;5.00;1;0;1;0;0;1;0;0;0;0;0;1;1;0;0;0;0;0
543967;3.84;0.99;95.00;4326.00;14.25;83.25;34.50;18.04;29.49;14.11;0;1.70;2.58;68925.00;93.00;95.00;41.00;4484.20;973.22;644.52;5.00;1;0;1;0;0;1;0;0;0;0;0;1;1;0;0;0;0;0
545247;3.47;0.96;93.00;4324.00;14.25;83.25;36.00;16.47;27.82;14.02;1.93;1.60;2.58;68925.00;92.00;93.00;41.00;4506.60;973.10;644.52;5.00;1;0;1;0;0;1;0;0;0;0;0;1;1;0;0;0;0;0
546602;3.19;0.94;93.00;4303.00;14.25;83.25;37.50;14.51;25.98;14.02;1.19;0;2.58;68925.00;92.00;94.00;41.00;4524.40;972.98;742.18;5.00;1;0;1;0;0;1;0;0;0;0;0;1;1;0;0;0;0;0
548113;3.72;0.97;93.00;4287.00;14.25;83.25;34.50;18.43;29.70;14.02;0.70;0;2.58;68925.00;92.00;94.00;41.00;4503.80;972.63;449.21;5.00;1;0;1;0;0;1;0;0;0;0;0;1;1;0;0;0;0;0
549513;3.26;0.93;93.00;4285.00;14.25;83.25;36.75;15.30;26.74;14.02;1.80;0;2.58;68925.00;92.00;94.00;41.00;4498.00;972.08;800.77;5.00;1;0;1;0;0;1;0;0;0;0;0;1;1;0;0;0;0;0
550903;3.26;0.97;92.00;4273.00;14.25;83.25;37.50;14.51;25.86;14.11;1.70;1.87;2.58;68925.00;92.00;93.00;41.00;4501.80;971.89;839.83;5.00;1;0;1;0;0;1;0;0;0;0;0;1;1;0;0;0;0;0
552311;2.61;0.89;91.00;4159.00;14.25;83.25;40.50;10.98;22.84;14.11;2.52;1.70;2.58;68925.00;90.00;91.00;41.00;4503.40;971.81;507.81;5.00;1;0;1;0;0;1;0;0;0;0;0;1;1;0;0;0;0;0
553767;3.51;1.00;88.00;4081.00;14.25;83.25;36.75;15.30;26.54;14.11;0;0.88;2.58;68925.00;88.00;89.00;41.00;4547.00;971.65;839.83;5.00;1;0;1;0;0;1;0;0;0;0;0;1;1;0;0;0;0;0
555142;2.82;0.89;90.00;4121.00;14.25;83.25;38.25;12.55;24.52;14.11;1.74;0.51;2.58;68925.00;88.00;90.00;41.00;4506.60;971.11;117.19;5.00;1;0;1;0;0;1;0;0;0;0;0;1;1;0;0;0;0;0
556504;3.30;0.96;88.00;4102.00;14.25;83.25;36.00;14.90;26.70;14.11;1.11;1.33;2.58;68925.00;88.00;89.00;41.00;4510.20;970.75;664.05;5.00;1;0;1;0;0;1;0;0;0;0;0;1;1;0;0;0;0;0
557899;3.10;0.93;90.00;4158.00;14.25;83.25;37.50;13.73;25.48;14.11;1.00;1.27;2.58;68925.00;88.00;90.00;41.00;4505.20;970.60;605.46;5.00;1;0;1;0;0;1;0;0;0;0;0;1;1;0;0;0;0;0
559223;3.06;0.93;88.00;4110.00;14.25;83.25;37.50;13.73;25.55;14.11;0;0.94;2.58;68925.00;88.00;89.00;41.00;4502.00;970.56;800.77;5.00;1;0;1;0;0;1;0;0;0;0;0;1;1;0;0;0;0;0
560695;3.46;0.94;88.00;4078.00;14.25;82.50;35.25;16.08;27.89;14.11;16.68;67.24;2.58;68925.00;86.00;89.00;42.00;4520.20;970.48;839.83;5.00;1;0;1;0;0;1;0;0;0;0;0;1;1;0;0;0;0;0
562128;3.38;0.92;88.00;4086.00;14.25;82.50;34.50;16.47;28.42;14.02;254.89;317.79;2.58;68925.00;87.00;89.00;42.00;4516.40;969.97;800.77;5.00;1;0;1;0;0;1;0;0;0;0;0;1;1;0;0;0;0;0
563541;3.46;0.94;88.00;4096.00;14.25;82.50;35.25;16.47;28.38;14.02;242.78;284.81;2.58;68925.00;87.00;89.00;42.00;4507.00;969.54;859.36;5.00;1;0;1;0;0;1;0;0;0;0;0;1;1;0;0;0;0;0
565090;2.87;0.90;88.00;4059.00;14.25;82.50;38.25;12.94;24.75;14.11;216.04;229.77;2.58;68925.00;87.00;89.00;42.00;4498.60;969.39;664.05;5.00;1;0;1;0;0;1;0;0;0;0;0;1;1;0;0;0;0;0
566435;2.48;0.92;87.00;3698.00;14.25;82.50;39.00;9.02;21.18;14.11;231.43;309.36;2.58;68925.00;86.00;87.00;42.00;4510.40;969.35;97.66;6.00;1;0;1;0;0;1;0;0;0;0;0;1;1;0;0;0;0;0
567843;2.42;0.90;85.00;3628.00;14.25;82.50;38.25;9.02;21.16;14.11;327.38;335.74;2.58;68925.00;84.00;86.00;42.00;4520.00;969.31;78.12;6.00;1;0;1;0;0;1;0;0;0;0;0;1;1;0;0;0;0;0
569113;1.70;0.99;83.00;3553.00;14.25;82.50;40.50;4.71;13.81;14.11;346.74;342.17;2.58;68925.00;83.00;84.00;42.00;4514.60;969.31;878.90;6.00;1;0;1;0;0;1;0;0;0;0;0;1;1;0;0;0;0;0
570495;0.62;1.00;78.00;3331.00;14.25;82.50;40.50;0;10.60;14.21;339.06;273.03;2.58;68925.00;78.00;79.00;42.00;4526.20;969.04;449.21;6.00;1;0;1;0;0;1;0;0;0;0;0;1;1;0;0;0;0;0
571854;0.62;1.00;71.00;3065.00;14.25;82.50;-30.00;0;0;14.02;334.92;204.09;2.58;68925.00;72.00;72.00;42.00;4563.80;969.04;0;6.00;1;0;1;0;0;1;0;0;0;0;0;1;1;0;0;0;0;0
573250;0.70;1.00;65.00;2742.00;14.25;82.50;-30.00;0;0;14.21;352.85;336.97;2.58;68925.00;65.00;64.00;42.00;4637.20;968.80;0;6.00;1;0;1;0;0;1;0;0;0;0;0;1;1;0;0;0;0;0
574689;0.70;1.00;57.00;2677.00;14.25;83.25;24.00;0;11.77;14.21;125.56;128.41;2.58;68925.00;58.00;58.00;41.00;4364.60;968.72;175.78;5.00;1;0;1;0;0;1;0;0;1;0;0;1;1;0;0;0;0;0
576181;0.82;1.00;50.00;2587.00;14.25;83.25;16.50;0;11.74;14.21;38.38;32.81;2.58;68925.00;50.00;50.00;41.00;4479.60;968.45;58.59;4.00;1;0;1;0;0;1;0;0;1;0;0;1;1;0;0;0;0;0
577585;0.90;1.00;42.00;2215.00;14.25;83.25;14.25;0;11.60;14.11;20.80;24.35;2.58;68925.00;43.00;43.00;38.00;4551.60;968.29;19.53;4.00;1;0;1;0;0;1;0;0;1;0;0;1;1;0;0;0;0;0
579044;1.30;0.99;31.00;1493.00;15.00;83.25;15.00;0;11.66;14.21;148.84;168.50;2.58;68925.00;31.00;31.00;39.00;4486.80;968.14;878.90;4.00;1;0;1;0;0;1;0;0;1;0;0;1;1;0;0;0;0;0
580576;1.26;0.95;18.00;1269.00;15.00;83.25;13.50;0;11.60;14.39;173.06;156.08;2.31;68925.00;19.00;18.00;38.00;4498.40;968.18;761.71;2.00;1;0;1;0;0;1;0;0;1;0;0;1;1;0;0;1;0;0
581992;1.62;0.90;13.00;1398.00;15.00;83.25;11.25;0.39;10.94;14.49;153.15;146.73;2.31;68925.00;14.00;14.00;42.00;4522.80;968.22;195.31;0;1;0;1;0;0;1;0;0;1;0;0;1;1;0;0;0;0;0
583431;3.52;1.00;21.00;2396.00;15.00;83.25;23.25;9.41;25.47;14.21;50.97;43.53;2.58;68925.00;21.00;21.00;41.00;4381.60;968.41;878.90;1;1;0;1;0;0;1;0;0;1;0;0;1;1;0;0;0;0;0
584776;0;1.00;36.00;3954.00;15.00;83.25;46.50;0;5.00;14.11;9.06;7.13;2.58;68925.00;36.00;37.00;41.00;4403.00;968.61;800.77;1;1;0;1;0;0;1;0;0;1;0;0;1;1;0;0;0;0;0
586061;3.54;0.99;46.00;3616.00;15.00;83.25;33.75;14.51;27.76;14.11;2.19;2.66;2.58;68925.00;45.00;47.00;41.00;4457.80;968.65;722.65;2.00;1;0;1;0;0;1;0;0;1;0;0;1;1;0;0;0;0;0
587511;1.74;1.00;52.00;3433.00;15.00;83.25;30.75;3.92;11.37;14.02;1.64;0.43;2.58;68925.00;53.00;53.00;41.00;4250.00;968.61;878.90;3.00;1;0;1;0;0;1;0;0;1;0;0;1;1;0;0;0;0;0
589019;1.52;0.93;56.00;3402.00;15.00;83.25;39.00;3.92;12.76;14.11;1.78;0;2.58;68925.00;56.00;56.00;41.00;4506.80;968.72;800.77;3.00;1;0;1;0;0;1;0;0;1;0;0;1;1;0;0;0;0;0
590423;1.18;0.90;56.00;3492.00;15.00;83.25;39.75;2.75;10.21;14.11;0.39;2.09;2.58;68925.00;56.00;57.00;41.00;4515.00;968.65;761.71;3.00;1;0;1;0;0;1;0;0;1;0;0;1;1;0;0;0;0;0
591781;0.69;0.88;56.00;3424.00;15.00;83.25;39.75;0.78;6.05;14.11;2.27;1.13;2.58;68925.00;56.00;56.00;41.00;4523.20;968.72;19.53;3.00;1;0;1;0;0;1;0;0;1;0;0;1;1;0;0;0;0;0
593096;0.57;1.00;55.00;3385.00;15.00;83.25;40.50;0;10.81;14.11;0.62;0;2.58;68925.00;55.00;55.00;41.00;4270.00;968.68;898.43;3.00;1;0;1;0;0;1;0;0;1;0;0;1;1;0;0;0;0;0
594650;0.82;1.00;58.00;2959.00;15.00;82.50;39.75;0;14.49;14.11;0;0;2.58;68926.00;58.00;58.00;42.00;4513.40;968.76;0;4.00;1;0;1;0;0;1;0;0;1;0;0;1;1;0;0;0;0;0
596110;0.64;1.00;56.00;2898.00;15.00;82.50;-30.00;0;0;14.21;290.41;268.26;2.58;68926.00;56.00;56.00;42.00;4554.00;968.92;0;4.00;1;0;1;0;0;1;0;0;1;0;0;1;1;0;0;0;0;0
597636;0.68;1.00;52.00;2744.00;15.00;82.50;-30.00;0;0;14.11;340.37;340.47;2.58;68926.00;53.00;53.00;42.00;4566.80;969.11;0;4.00;1;0;1;0;0;1;0;0;1;0;0;1;1;0;0;0;0;0
598986;0.68;1.00;52.00;2703.00;15.00;82.50;-30.00;0;0;14.11;346.11;344.16;2.58;68926.00;53.00;52.00;42.00;4562.20;969.19;0;4.00;1;0;1;0;0;1;0;0;1;0;0;1;1;0;0;0;0;0
600415;0.69;1.00;51.00;2669.00;15.00;82.50;-30.00;0;0;14.02;320.49;300.37;2.58;68926.00;52.00;51.00;42.00;4563.20;969.23;0;4.00;1;0;1;0;0;1;0;0;1;0;0;1;1;0;0;0;0;0
601807;0.72;1.00;51.00;2640.00;15.00;82.50;-30.00;0;0;14.11;368.73;351.29;2.58;68926.00;51.00;51.00;42.00;4545.80;969.27;0;4.00;1;0;1;0;0;1;0;0;1;0;0;1;1;0;0;0;0;0
603110;1.18;1.00;52.00;2734.00;15.00;82.50;30.00;1.57;8.96;14.11;354.59;357.28;2.58;68926.00;52.00;52.00;42.00;4418.80;969.39;703.12;4.00;1;0;1;0;0;1;0;0;1;0;0;1;1;0;0;0;0;0
604537;0.70;1.00;51.00;2644.00;15.00;81.75;-30.00;0;0;14.11;329.08;353.02;2.58;68926.00;51.00;51.00;42.00;4543.20;969.54;0;4.00;1;0;1;0;0;1;0;0;1;0;0;1;1;0;0;0;0;0
605974;0.89;1.00;48.00;2568.00;15.00;81.75;15.00;0;11.75;14.21;303.96;329.39;2.58;68926.00;49.00;48.00;42.00;4272.80;970.05;19.53;4.00;1;0;1;0;0;1;0;0;1;0;0;1;1;0;0;0;0;0
607348;0.83;1.00;47.00;2482.00;15.00;81.75;15.00;0;11.82;14.11;235.24;293.15;2.58;68926.00;48.00;48.00;42.00;4504.00;970.29;39.06;4.00;1;0;1;0;0;1;0;0;1;0;0;1;1;0;0;0;0;0
608696;0.86;1.00;42.00;2261.00;15.00;81.75;15.75;0;11.84;14.21;81.36;85.27;2.58;68926.00;43.00;43.00;41.00;4546.80;970.40;19.53;4.00;1;0;1;0;0;1;0;0;1;0;0;1;1;0;0;0;0;0
610149;0.89;1.00;41.00;2166.00;15.00;81.75;14.25;0;11.85;14.21;98.14;63.80;2.58;68926.00;41.00;41.00;40.00;4514.80;970.44;19.53;4.00;1;0;1;0;0;1;0;0;1;0;0;1;1;0;0;0;0;0
611564;0.96;1.00;38.00;1996.00;15.00;81.75;13.50;0;11.77;14.21;40.31;39.47;2.58;68926.00;39.00;38.00;40.00;4506.80;970.75;39.06;4.00;1;0;1;0;0;1;0;0;1;0;0;1;1;0;0;0;0;0
612964;1.05;1.00;36.00;1916.00;15.00;81.75;13.50;0;11.89;14.21;61.62;103.12;2.58;68926.00;36.00;36.00;40.00;4512.80;971.22;39.06;4.00;1;0;1;0;0;1;0;0;1;0;0;1;1;0;0;0;0;0
614300;1.08;1.00;35.00;1821.00;15.00;81.75;13.50;0;11.82;14.21;141.67;144.66;2.58;68926.00;35.00;35.00;40.00;4511.00;971.54;878.90;4.00;1;0;1;0;0;1;0;0;1;0;0;1;1;0;0;0;0;0
615796;1.13;0.97;28.00;1532.00;15.00;81.75;15.00;0;11.77;14.30;163.82;91.71;2.58;68926.00;29.00;29.00;41.00;4481.00;971.65;859.36;4.00;1;0;1;0;0;1;0;0;1;0;0;1;1;0;0;0;0;0
617176;1.36;0.92;25.00;1322.00;15.00;81.75;12.75;0;11.61;14.39;160.46;96.54;2.31;68926.00;25.00;25.00;40.00;4505.60;971.69;722.65;4.00;1;0;1;1;0;1;0;0;1;0;0;1;1;0;0;0;0;0
618531;1.14;1.00;26.00;1656.00;15.00;81.75;13.50;0;11.78;14.39;81.58;52.54;2.31;68926.00;27.00;27.00;40.00;4547.40;971.73;878.90;3.00;1;0;1;0;0;1;0;0;1;0;0;1;1;0;0;0;0;0
620063;2.14;1.00;30.00;1854.00;15.00;81.75;3.75;2.75;11.82;14.30;139.35;141.34;2.58;68926.00;30.00;30.00;42.00;4514.60;971.73;39.06;3.00;1;0;1;0;0;1;0;0;1;0;0;1;1;0;0;0;0;0
621575;1.91;1.02;33.00;2128.00;15.00;82.50;16.50;2.35;13.02;14.21;292.34;252.17;2.58;68926.00;34.00;34.00;42.00;4509.20;971.73;917.96;3.00;1;0;1;0;0;1;0;0;1;0;0;1;1;0;0;0;0;0
623034;5.38;1.00;47.00;2941.00;15.00;82.50;16.50;27.45;38.54;14.21;323.40;225.84;2.58;68926.00;47.00;46.00;42.00;4544.40;971.73;175.78;3.00;1;0;1;0;0;1;0;0;1;0;0;1;1;0;0;0;0;0
624572;3.38;0.99;63.00;3314.00;15.00;82.50;30.75;14.90;26.89;14.21;268.44;246.10;2.58;68926.00;63.00;64.00;42.00;4491.80;971.89;859.36;4.00;1;0;1;0;0;1;0;0;0;0;0;1;1;0;0;0;0;0
626049;2.08;0.91;70.00;3605.00;15.00;83.25;41.25;7.06;18.37;14.11;330.35;349.68;2.58;68926.00;70.00;70.00;41.00;4516.20;972.08;664.05;4.00;1;0;1;0;0;1;0;0;0;0;0;1;1;0;0;0;0;0
627420;1.50;1.00;72.00;3718.00;15.00;83.25;42.75;4.31;11.93;14.11;40.78;40.19;2.58;68926.00;72.00;72.00;41.00;4499.60;971.97;898.43;4.00;1;0;1;0;0;1;0;0;0;0;0;1;1;0;0;0;0;0
628872;1.95;0.88;72.00;3718.00;15.00;83.25;42.00;6.67;17.66;14.11;4.51;5.04;2.58;68926.00;72.00;72.00;41.00;4511.00;972.24;195.31;4.00;1;0;1;0;0;1;0;0;0;0;0;1;1;0;0;0;0;0
630237;2.26;0.92;71.00;3685.00;15.00;83.25;40.50;7.84;19.34;14.11;1.43;0.82;2.58;68926.00;70.00;71.00;41.00;4504.00;972.32;781.24;4.00;1;0;1;0;0;1;0;0;0;0;0;1;1;0;0;0;0;0
632817;4.47;1.00;77.00;4031.00;15.00;82.50;31.50;19.22;31.01;14.11;8.96;7.44;2.58;68926.00;75.00;77.00;42.00;4546.60;972.04;898.43;4.00;1;0;1;0;0;1;0;0;0;0;0;1;1;0;0;0;0;0
634778;2.90;0.93;80.00;3693.00;15.00;82.50;36.00;12.16;24.45;13.92;204.54;153.39;2.82;68926.00;79.00;81.00;42.00;4510.60;971.85;624.99;5.00;1;0;1;0;0;1;0;0;0;0;0;1;1;0;0;0;0;0
636313;2.80;0.95;85.00;3908.00;15.00;82.50;38.25;10.98;23.16;14.11;187.29;225.73;2.58;68926.00;84.00;85.00;42.00;4512.20;971.85;644.52;5.00;1;0;1;0;0;1;0;0;0;0;0;1;1;0;0;0;0;0
638024;2.13;1.00;87.00;3742.00;15.00;82.50;33.75;5.88;14.73;14.11;329.90;347.63;2.58;68926.00;85.00;88.00;42.00;4254.40;971.81;878.90;6.00;1;0;1;0;0;1;0;0;0;0;0;1;1;0;0;0;0;0
639351;1.91;0.89;88.00;3762.00;15.00;82.50;42.75;6.67;16.99;14.11;304.02;300.08;2.58;68926.00;88.00;89.00;42.00;4496.20;971.77;898.43;6.00;1;0;1;0;0;1;0;0;0;0;0;1;1;0;0;0;0;0
640754;1.53;0.95;90.00;3804.00;15.00;82.50;43.50;4.71;12.80;14.11;219.93;252.09;2.58;68926.00;89.00;90.00;42.00;4512.60;971.85;878.90;6.00;1;0;1;0;0;1;0;0;0;0;0;1;1;0;0;0;0;0
642107;1.89;0.88;90.00;3795.00;15.00;82.50;42.75;6.67;16.94;14.11;195.71;245.39;2.58;68926.00;90.00;90.00;42.00;4501.00;972.36;878.90;6.00;1;0;1;0;0;1;0;0;0;0;0;1;1;0;0;0;0;0
643859;1.60;0.87;91.00;3866.00;15.00;82.50;44.25;5.49;14.64;14.11;308.55;292.17;2.58;68926.00;90.00;91.00;42.00;4505.80;972.71;800.77;6.00;1;0;1;0;0;1;0;0;0;0;0;1;1;0;0;0;0;0
645481;1.46;0.85;90.00;3796.00;15.00;81.75;43.50;5.10;13.62;14.11;297.01;321.29;2.58;68926.00;88.00;90.00;42.00;4509.60;972.90;449.21;6.00;1;0;1;0;0;1;0;0;0;0;0;1;1;0;0;0;0;0
647142;2.11;0.89;90.00;3841.00;15.00;81.75;42.00;7.45;18.77;14.11;182.10;253.03;2.58;68926.00;89.00;90.00;42.00;4517.00;972.94;58.59;6.00;1;0;1;0;0;1;0;0;0;0;0;1;1;0;0;0;0;0
648594;2.30;0.97;90.00;3800.00;15.00;81.75;42.75;7.06;17.74;14.11;287.99;303.98;2.58;68926.00;90.00;90.00;42.00;4539.40;972.98;722.65;6.00;1;0;1;0;0;1;0;0;0;0;0;1;1;0;0;0;0;0
650315;2.39;0.95;90.00;3755.00;15.00;81.75;40.50;8.24;20.03;14.11;316.80;325.64;2.58;68926.00;87.00;90.00;42.00;4510.60;972.98;390.62;6.00;1;0;1;0;0;1;0;0;0;0;0;1;1;0;0;0;0;0
652221;2.13;0.92;88.00;3751.00;15.00;81.75;41.25;7.06;18.29;14.11;272.25;270.57;2.58;68926.00;87.00;88.00;42.00;4517.60;973.14;195.31;6.00;1;0;1;0;0;1;0;0;0;0;0;1;1;0;0;0;0;0
654079;1.94;0.95;87.00;3717.00;15.00;81.75;42.00;6.28;16.30;14.11;278.56;326.89;2.58;68927.00;85.00;88.00;42.00;4485.20;973.22;878.90;6.00;1;0;1;0;0;1;0;0;0;0;0;1;1;0;0;0;0;0
655537;2.44;0.88;88.00;3765.00;15.00;81.75;39.00;9.81;21.85;14.11;337.36;322.52;2.58;68927.00;87.00;89.00;42.00;4519.60;973.10;742.18;6.00;1;0;1;0;0;1;0;0;0;0;0;1;1;0;0;0;0;0
657040;2.51;0.93;88.00;3779.00;15.00;81.75;39.75;9.41;21.35;14.11;333.73;306.00;2.58;68927.00;89.00;89.00;42.00;4507.00;973.10;781.24;6.00;1;0;1;0;0;1;0;0;0;0;0;1;1;0;0;0;0;0
658419;2.22;0.93;90.00;3798.00;15.00;81.75;42.00;7.84;19.02;14.02;279.86;291.17;2.58;68927.00;88.00;90.00;42.00;4506.00;973.14;97.66;6.00;1;0;1;0;0;1;0;0;0;0;0;1;1;0;0;0;0;0
660082;1.86;1.00;90.00;3797.00;15.00;81.75;43.50;5.88;15.23;14.11;308.46;342.67;2.58;68927.00;89.00;90.00;42.00;4501.40;973.06;878.90;6.00;1;0;1;0;0;1;0;0;0;0;0;1;1;0;0;0;0;0
661656;1.74;0.90;87.00;3724.00;15.00;81.75;42.75;5.88;15.33;14.11;349.41;350.08;2.58;68927.00;87.00;88.00;42.00;4536.00;973.29;234.37;6.00;1;0;1;0;0;1;0;0;0;0;0;1;1;0;0;0;0;0
663307;1.58;0.91;85.00;3646.00;15.00;81.75;41.25;5.10;13.87;14.11;329.96;282.21;2.58;68927.00;85.00;85.00;42.00;4513.40;973.22;761.71;6.00;1;0;1;0;0;1;0;0;0;0;0;1;1;0;0;0;0;0
665016;1.34;0.89;82.00;3516.00;15.00;81.75;39.75;3.92;11.86;14.11;206.69;211.69;2.58;68927.00;83.00;83.00;42.00;4504.20;973.22;781.24;6.00;1;0;1;0;0;1;0;0;0;0;0;1;1;0;0;0;0;0
666711;2.03;0.95;82.00;3530.00;15.00;81.75;39.75;6.28;17.22;14.11;336.76;345.23;2.58;68927.00;82.00;83.00;42.00;4504.20;973.33;800.77;6.00;1;0;1;0;0;1;0;0;0;0;0;1;1;0;0;0;0;0
668306;2.78;0.98;85.00;3633.00;15.00;81.75;36.75;10.20;22.31;14.11;328.40;328.59;2.58;68927.00;84.00;85.00;42.00;4505.40;973.37;742.18;6.00;1;0;1;0;0;1;0;0;0;0;0;1;1;0;0;0;0;0
669785;1.17;0.99;83.00;3559.00;15.00;81.75;40.50;3.14;9.46;14.11;236.61;321.54;2.58;68927.00;84.00;84.00;42.00;4506.20;973.33;878.90;6.00;1;0;1;0;0;1;0;0;0;0;0;1;1;0;0;0;0;0
671239;1.38;0.95;83.00;3500.00;15.00;81.75;39.75;3.92;11.48;14.02;238.89;263.26;2.58;68927.00;82.00;83.00;42.00;4508.20;973.53;859.36;6.00;1;0;1;0;0;1;0;0;0;0;0;1;1;0;0;0;0;0
672819;2.19;0.90;83.00;3550.00;15.00;81.75;39.75;7.06;18.49;14.11;345.37;356.07;2.58;68927.00;82.00;84.00;42.00;4511.80;973.68;781.24;6.00;1;0;1;0;0;1;0;0;0;0;0;1;1;0;0;0;0;0
674417;2.23;0.95;85.00;3627.00;15.00;81.75;40.50;7.06;18.74;14.11;304.79;340.66;2.58;68927.00;85.00;85.00;42.00;4504.40;974.04;703.12;6.00;1;0;1;0;0;1;0;0;0;0;0;1;1;0;0;0;0;0
675823;2.53;0.94;86.00;3691.00;15.00;81.75;39.00;9.02;21.16;14.11;300.06;210.24;2.58;68927.00;86.00;87.00;42.00;4515.20;974.11;214.84;6.00;1;0;1;0;0;1;0;0;0;0;0;1;1;0;0;0;0;0
677287;0.95;1.00;85.00;3609.00;15.00;81.75;41.25;2.35;7.47;14.11;255.84;216.80;2.58;68927.00;85.00;85.00;42.00;4500.40;974.15;859.36;6.00;1;0;1;0;0;1;0;0;0;0;0;1;1;0;0;0;0;0
678676;1.10;0.94;83.00;3518.00;15.00;82.50;39.75;2.75;9.30;14.11;345.51;335.37;2.58;68927.00;83.00;83.00;42.00;4515.60;974.19;878.90;6.00;1;0;1;0;0;1;0;0;0;0;0;1;1;0;0;0;0;0
680081;0.67;0.90;81.00;3409.00;15.00;82.50;39.00;1.18;5.95;14.02;306.48;260.94;2.58;68927.00;80.00;81.00;42.00;4505.40;974.19;703.12;6.00;1;0;1;0;0;1;0;0;0;0;0;1;1;0;0;0;0;0
681434;1.18;0.89;80.00;3353.00;15.00;82.50;38.25;3.14;10.54;14.11;296.58;319.67;2.58;68927.00;77.00;80.00;42.00;4516.80;974.19;195.31;6.00;1;0;1;0;0;1;0;0;0;0;0;1;1;0;0;0;0;0
682969;2.51;0.98;78.00;3346.00;15.00;82.50;36.75;7.45;20.09;14.11;290.24;235.59;2.58;68927.00;77.00;79.00;42.00;4522.20;974.19;800.77;6.00;1;0;1;0;0;1;0;0;0;0;0;1;1;0;0;0;0;0
684291;2.62;0.94;81.00;3432.00;15.00;82.50;36.75;9.41;22.02;14.21;344.90;340.31;2.58;68927.00;79.00;81.00;42.00;4526.80;974.19;156.25;6.00;1;0;1;0;0;1;0;0;0;0;0;1;1;0;0;0;0;0
685796;1.46;0.98;80.00;3364.00;15.00;82.50;38.25;3.92;11.91;14.21;355.21;240.04;2.58;68927.00;80.00;79.00;42.00;4509.60;974.23;898.43;6.00;1;0;1;0;0;1;0;0;0;0;0;1;1;0;0;0;0;0
687152;0.46;1.00;78.00;3316.00;15.00;82.50;40.50;0;10.99;14.11;341.25;241.80;2.58;68927.00;79.00;77.00;42.00;4555.40;974.47;0;6.00;1;0;1;0;0;1;0;0;0;0;0;1;1;0;0;0;0;0
688561;0.62;1.00;73.00;3140.00;15.00;82.50;-30.00;0;0;14.21;335.33;270.61;2.58;68927.00;74.00;74.00;42.00;4563.00;974.62;820.30;6.00;1;0;1;0;0;1;0;0;0;0;0;1;1;0;0;0;0;0
690062;0.62;1.00;68.00;3142.00;15.00;82.50;-30.00;0;0;14.11;355.66;342.81;2.58;68927.00;69.00;68.00;42.00;4439.00;974.93;0;5.00;1;0;1;0;0;1;0;0;0;0;0;1;1;0;0;0;0;0
691322;1.51;1.00;58.00;2702.00;15.00;82.50;29.25;1.18;10.96;14.11;329.18;339.70;2.58;68927.00;59.00;59.00;42.00;4265.60;975.17;898.43;5.00;1;0;1;0;0;1;0;0;1;0;0;1;1;0;0;0;0;0
692724;2.23;1.00;51.00;2838.00;15.00;82.50;1.50;5.49;10.36;14.21;341.74;340.41;2.58;68927.00;51.00;51.00;42.00;4369.40;975.33;214.84;4.00;1;0;1;0;0;1;0;0;1;0;0;1;1;0;0;0;0;0
694133;2.98;0.96;56.00;2959.00;15.00;82.50;32.25;9.41;24.56;13.92;305.94;214.38;2.82;68927.00;55.00;57.00;42.00;4513.80;975.40;820.30;4.00;1;0;1;0;0;1;0;0;0;0;0;1;1;0;0;0;0;0
695598;2.53;1.00;66.00;3434.00;15.00;82.50;36.75;8.63;20.93;14.11;351.48;316.87;2.58;68927.00;65.00;66.00;42.00;4514.40;975.44;761.71;4.00;1;0;1;0;0;1;0;0;0;0;0;1;1;0;0;0;0;0
697069;1.38;0.97;67.00;3539.00;15.00;82.50;40.50;3.53;10.88;14.11;333.75;347.61;2.58;68928.00;68.00;68.00;42.00;4530.60;975.68;683.59;4.00;1;0;1;0;0;1;0;0;0;0;0;1;1;0;0;0;0;0
698400;2.28;0.96;72.00;3323.00;15.00;82.50;37.50;6.67;18.47;14.11;309.16;326.13;2.58;68928.00;72.00;72.00;42.00;4425.40;975.95;859.36;5.00;1;0;1;0;0;1;0;0;0;0;0;1;1;0;0;0;0;0
699808;0.58;1.00;71.00;3293.00;15.00;82.50;-30.00;0;0;14.11;238.75;236.65;2.58;68928.00;71.00;72.00;42.00;4513.00;976.18;0;5.00;1;0;1;0;0;1;0;0;0;0;0;1;1;0;0;0;0;0
701238;0.65;1.00;56.00;2713.00;15.00;82.50;-30.00;0;0;14.21;340.39;348.24;2.58;68928.00;56.00;57.00;42.00;4814.20;976.50;0;4.00;1;0;1;0;0;1;0;0;1;0;0;1;1;0;0;0;0;0
702733;1.19;1.00;41.00;2416.00;15.00;82.50;0.75;0;9.95;14.21;303.96;304.02;2.58;68928.00;42.00;41.00;67.00;4259.60;976.61;19.53;3.00;1;0;1;0;0;1;0;0;1;0;0;1;1;0;0;0;0;0
704169;3.77;1.00;36.00;2319.00;15.00;82.50;18.00;7.45;21.66;14.30;182.82;254.24;2.58;68928.00;37.00;37.00;42.00;4424.00;976.65;917.96;3.00;1;0;1;0;0;1;0;0;1;0;0;1;1;0;0;0;0;0
705523;5.38;1.00;50.00;3023.00;15.00;81.75;17.25;27.85;39.26;14.11;137.65;272.62;2.58;68928.00;48.00;50.00;42.00;4561.40;976.97;78.12;3.00;1;0;1;0;0;1;0;0;0;0;0;1;1;0;0;0;0;0
706981;1.42;1.00;55.00;2870.00;15.00;81.75;31.50;2.75;11.28;14.11;305.90;346.40;2.58;68928.00;55.00;56.00;42.00;4269.60;977.00;898.43;4.00;1;0;1;0;0;1;0;0;1;0;0;1;1;0;0;0;0;0
708328;1.76;0.96;57.00;2959.00;15.00;82.50;33.75;3.92;14.33;14.11;311.19;350.99;2.58;68928.00;57.00;57.00;42.00;4504.80;977.24;878.90;4.00;1;0;1;0;0;1;0;0;1;0;0;1;1;0;0;0;0;0
709689;0.62;1.00;57.00;3004.00;15.00;82.50;-30.00;0;0;14.11;301.93;290.24;2.58;68928.00;58.00;58.00;42.00;4581.00;977.55;0;4.00;1;0;1;0;0;1;0;0;1;0;0;1;1;0;0;0;0;0
711119;0.99;1.00;56.00;2899.00;15.00;82.50;32.25;0.39;9.24;14.11;182.10;148.39;2.58;68928.00;56.00;56.00;42.00;4281.20;977.71;898.43;4.00;1;0;1;0;0;1;0;0;1;0;0;1;1;0;0;0;0;0
712465;1.98;0.97;57.00;3009.00;15.00;82.50;34.50;4.71;15.89;14.11;262.60;266.82;2.58;68928.00;57.00;58.00;42.00;4461.40;977.83;917.96;4.00;1;0;1;0;0;1;0;0;0;0;0;1;1;0;0;0;0;0
713880;4.66;1.00;67.00;3479.00;15.00;82.50;24.00;22.75;33.89;14.11;343.04;320.16;2.58;68928.00;65.00;67.00;42.00;4552.60;977.94;703.12;4.00;1;0;1;0;0;1;0;0;0;0;0;1;1;0;0;0;0;0
715277;2.14;1.00;75.00;3459.00;15.00;82.50;39.75;6.28;17.40;14.11;307.05;294.22;2.58;68928.00;74.00;75.00;42.00;4491.00;978.02;878.90;5.00;1;0;1;0;0;1;0;0;0;0;0;1;1;0;0;0;0;0
716646;0.57;1.00;75.00;3390.00;15.00;82.50;-30.00;0;0;14.11;258.26;217.08;2.58;68928.00;75.00;74.00;42.00;4581.20;978.10;0;5.00;1;0;1;0;0;1;0;0;0;0;0;1;1;0;0;0;0;0
718026;0.66;1.00;62.00;2858.00;15.00;82.50;-30.00;0;0;14.11;322.19;251.47;2.58;68928.00;62.00;62.00;42.00;4670.60;978.45;0;5.00;1;0;1;0;0;1;0;0;1;0;0;1;1;0;0;0;0;0
719339;0.99;1.00;42.00;1959.00;15.00;82.50;13.50;0;11.72;14.21;247.27;282.56;2.58;68928.00;42.00;42.00;38.00;4402.60;978.84;39.06;5.00;1;0;1;0;0;1;0;0;1;0;0;1;1;0;0;0;0;0
720794;1.32;1.01;30.00;1315.00;15.00;82.50;12.75;0;11.46;14.39;197.19;245.41;2.31;68928.00;30.00;30.00;38.00;4501.60;979.04;957.02;4.00;1;0;1;0;0;1;0;0;1;0;0;1;1;0;0;0;0;0
722281;3.97;0.98;33.00;2125.00;15.00;82.50;17.25;11.37;31.06;14.30;202.16;214.34;2.58;68928.00;34.00;34.00;42.00;4481.40;979.11;859.36;3.00;1;0;1;0;0;1;0;0;1;0;0;1;1;0;0;0;0;0
723776;3.44;0.95;43.00;2695.00;15.00;82.50;27.00;13.33;29.02;14.21;192.41;288.11;2.58;68928.00;42.00;44.00;42.00;4544.20;979.23;703.12;3.00;1;0;1;0;0;1;0;0;1;0;0;1;1;0;0;0;0;0
725338;2.66;1.00;50.00;3078.00;15.00;82.50;34.50;7.06;22.45;14.11;324.24;338.59;2.58;68928.00;48.00;50.00;42.00;4518.00;979.39;859.36;3.00;1;0;1;0;0;1;0;0;1;0;0;1;1;0;0;0;0;0
726799;0.66;1.00;46.00;2805.00;15.00;82.50;-30.00;0;0;14.02;334.37;344.53;2.58;68928.00;45.00;46.00;42.00;4621.80;979.43;19.53;3.00;1;0;1;0;0;1;0;0;1;0;0;1;1;0;0;0;0;0
728230;2.06;1.02;42.00;2624.00;15.00;82.50;19.50;3.92;14.06;14.21;336.40;342.89;2.58;68928.00;42.00;43.00;42.00;4443.40;979.31;878.90;3.00;1;0;1;0;0;1;0;0;1;0;0;1;1;0;0;0;0;0
729731;1.66;0.96;42.00;2640.00;15.00;82.50;27.00;3.14;13.36;14.11;348.57;348.51;2.58;68928.00;43.00;42.00;42.00;4499.80;979.23;820.30;3.00;1;0;1;0;0;1;0;0;1;0;0;1;1;0;0;0;0;0
731342;1.30;0.91;41.00;2526.00;15.00;83.25;25.50;2.35;11.68;14.21;71.95;79.43;2.58;68928.00;41.00;41.00;41.00;4516.00;979.23;78.12;3.00;1;0;1;0;0;1;0;0;1;0;0;1;1;0;0;0;0;0
732858;1.83;0.95;40.00;2462.00;15.00;83.25;24.75;3.53;14.95;14.21;13.91;16.23;2.58;68928.00;40.00;40.00;41.00;4515.40;979.19;97.66;3.00;1;0;1;0;0;1;0;0;1;0;0;1;1;0;0;0;0;0
734229;1.67;0.96;40.00;2482.00;15.00;83.25;25.50;3.14;13.48;14.11;3.75;3.36;2.58;68928.00;40.00;40.00;41.00;4516.60;979.19;527.34;3.00;1;0;1;0;0;1;0;0;1;0;0;1;1;0;0;0;0;0
735798;1.66;0.95;40.00;2457.00;15.00;83.25;24.00;2.75;13.47;14.21;1.60;0.51;2.58;68928.00;40.00;40.00;41.00;4509.80;979.19;58.59;3.00;1;0;1;0;0;1;0;0;1;0;0;1;1;0;0;0;0;0
737242;1.77;0.96;38.00;2428.00;15.00;83.25;24.00;3.14;14.04;14.11;0.21;4.45;2.58;68928.00;39.00;39.00;41.00;4522.00;979.19;644.52;3.00;1;0;1;0;0;1;0;0;1;0;0;1;1;0;0;0;0;0
738686;1.98;0.98;38.00;2388.00;15.00;83.25;24.75;3.53;15.54;14.30;0;0.76;2.58;68928.00;38.00;39.00;41.00;4514.00;979.19;800.77;3.00;1;0;1;0;0;1;0;0;1;0;0;1;1;0;0;0;0;0
740134;1.82;0.94;38.00;2416.00;15.00;83.25;24.00;3.14;14.60;14.11;0;0;2.58;68928.00;39.00;39.00;41.00;4519.20;979.19;58.59;3.00;1;0;1;0;0;1;0;0;1;0;0;1;1;0;0;0;0;0
741603;1.64;0.94;40.00;2435.00;15.00;84.00;24.75;2.75;13.26;14.11;0;0;2.58;68928.00;38.00;40.00;41.00;4514.80;979.19;781.24;3.00;1;0;1;0;0;1;0;0;1;0;0;1;1;0;0;0;0;0
743123;1.71;0.95;38.00;2428.00;15.00;84.00;24.00;2.75;13.71;14.11;0;0;2.58;68928.00;39.00;39.00;41.00;4503.40;979.19;839.83;3.00;1;0;1;0;0;1;0;0;1;0;0;1;1;0;0;0;0;0
744535;1.68;0.92;38.00;2403.00;15.00;84.00;24.75;3.14;13.51;14.21;0;0;2.58;68928.00;39.00;39.00;41.00;4507.60;979.19;39.06;3.00;1;0;1;0;0;1;0;0;1;0;0;1;1;0;0;0;0;0
745919;1.81;0.95;40.00;2492.00;15.00;84.00;24.75;3.53;14.64;14.11;1.23;0;2.58;68928.00;40.00;41.00;41.00;4493.80;979.19;566.40;3.00;1;0;1;0;0;1;0;0;1;0;0;1;1;0;0;0;0;0
747313;1.03;1.00;37.00;2309.00;15.00;84.00;22.50;0.39;11.49;14.21;83.41;87.73;2.58;68928.00;38.00;38.00;41.00;4572.60;979.19;898.43;3.00;1;0;1;0;0;1;0;0;1;0;0;1;1;0;0;0;0;0
748773;1.31;0.98;36.00;2282.00;15.00;84.00;21.75;1.57;10.19;14.30;21.58;23.71;2.58;68928.00;37.00;37.00;41.00;4517.80;979.19;664.05;3.00;1;0;1;0;0;1;0;0;1;0;0;1;1;0;0;0;0;0
750228;0.91;1.00;35.00;2125.00;15.00;84.00;13.50;0;11.62;14.30;37.79;13.94;2.58;68928.00;35.00;34.00;38.00;4506.60;979.19;39.06;3.00;1;0;1;0;0;1;0;0;1;0;0;1;1;0;0;0;0;0
751631;0.98;1.00;31.00;1923.00;15.00;84.00;13.50;0;11.65;14.30;16.19;8.44;2.58;68928.00;31.00;31.00;37.00;4524.40;979.19;39.06;3.00;1;0;1;0;0;1;0;0;1;0;0;1;1;0;0;0;0;0
753013;1.10;1.01;27.00;1711.00;15.00;84.00;13.50;0;11.62;14.21;10.18;6.99;2.58;68928.00;28.00;28.00;37.00;4526.20;979.19;820.30;3.00;1;0;1;0;0;1;0;0;1;0;0;1;1;0;0;0;0;0
754409;1.18;0.99;20.00;1532.00;15.00;84.00;13.50;0;11.56;14.39;31.99;52.24;2.31;68928.00;20.00;20.00;37.00;4450.00;979.19;937.49;2.00;1;0;1;0;0;1;0;0;1;0;0;1;1;0;0;0;0;0
755987;4.22;0.99;25.00;2018.00;15.00;84.00;15.75;11.77;32.95;14.21;10.14;21.95;2.58;68928.00;25.00;25.00;41.00;4453.40;979.19;859.36;2.00;1;0;1;0;0;1;0;0;1;0;0;1;1;0;0;0;0;0
757341;0.22;1.00;36.00;2672.00;15.00;84.00;18.75;0;11.69;14.11;2.15;4.65;2.58;68928.00;36.00;37.00;41.00;4676.60;979.19;0;2.00;1;0;1;0;0;1;0;0;1;0;0;1;1;0;0;0;0;0
758694;2.39;1.00;36.00;2238.00;15.00;84.00;21.00;4.31;17.88;14.21;2.32;1.11;2.58;68928.00;36.00;36.00;41.00;4461.20;979.19;898.43;3.00;1;0;1;0;0;1;0;0;1;0;0;1;1;0;0;0;0;0
760155;3.04;0.94;42.00;2598.00;15.00;84.00;26.25;9.41;25.32;14.21;6.35;0.66;2.58;68928.00;42.00;42.00;41.00;4524.00;979.19;117.19;3.00;1;0;1;0;0;1;0;0;1;0;0;1;1;0;0;0;0;0
761529;1.89;1.00;47.00;2909.00;15.00;84.00;32.25;4.31;15.35;14.11;0.96;0.43;2.58;68928.00;47.00;47.00;41.00;4533.20;979.19;878.90;3.00;1;0;1;0;0;1;0;0;1;0;0;1;1;0;0;0;0;0
762984;1.39;0.97;47.00;2893.00;15.00;84.00;33.00;2.75;11.38;14.21;0;0.62;2.58;68928.00;47.00;47.00;41.00;4523.00;979.19;859.36;3.00;1;0;1;0;0;1;0;0;1;0;0;1;1;0;0;0;0;0
764347;0.75;1.00;43.00;2723.00;15.00;83.25;17.25;0;11.75;14.21;1.70;0;2.58;68928.00;44.00;44.00;41.00;4515.60;979.19;78.12;3.00;1;0;1;0;0;1;0;0;1;0;0;1;1;0;0;0;0;0
765750;0.86;1.00;41.00;2508.00;15.00;83.25;15.00;0;11.77;14.11;0.25;0;2.58;68928.00;41.00;40.00;41.00;4500.00;979.19;58.59;3.00;1;0;1;0;0;1;0;0;1;0;0;1;1;0;0;0;0;0
767262;0.86;1.00;36.00;2196.00;15.00;83.25;14.25;0;11.63;14.30;92.12;50.21;2.58;68928.00;36.00;36.00;38.00;4537.80;979.19;58.59;3.00;1;0;1;0;0;1;0;0;1;0;0;1;1;0;0;0;0;0
768656;0.96;1.00;32.00;2030.00;15.00;83.25;14.25;0;11.63;14.30;45.47;20.04;2.58;68928.00;33.00;33.00;37.00;4503.60;979.19;58.59;3.00;1;0;1;0;0;1;0;0;1;0;0;1;1;0;0;0;0;0
770043;1.02;1.00;31.00;1906.00;15.00;83.25;13.50;0;11.66;14.21;17.46;6.48;2.58;68928.00;32.00;31.00;37.00;4510.80;979.19;58.59;3.00;1;0;1;0;0;1;0;0;1;0;0;1;1;0;0;0;0;0
771466;1.04;1.00;31.00;1846.00;15.00;83.25;14.25;0;11.68;14.30;8.65;4.77;2.58;68928.00;32.00;30.00;37.00;4520.60;979.19;58.59;3.00;1;0;1;0;0;1;0;0;1;0;0;1;1;0;0;0;0;0
772859;1.04;1.00;30.00;1836.00;15.00;83.25;13.50;0;11.61;14.30;8.98;4.49;2.58;68928.00;30.00;29.00;37.00;4520.80;979.19;722.65;3.00;1;0;1;0;0;1;0;0;1;0;0;1;1;0;0;0;0;0
774222;1.30;0.96;21.00;1353.00;15.00;83.25;14.25;0;11.74;14.02;9.90;7.64;2.58;68928.00;22.00;22.00;38.00;4490.20;979.19;898.43;3.00;1;0;1;0;0;1;0;0;1;0;0;1;1;0;0;0;0;0
775634;1.26;0.92;17.00;1278.00;15.00;83.25;13.50;0;11.53;13.16;16.50;14.22;3.24;68928.00;18.00;17.00;37.00;4522.20;979.19;722.65;3.00;1;0;1;1;0;1;0;0;1;0;0;1;1;0;0;1;0;0
777090;1.41;0.91;12.00;1234.00;15.00;83.25;15.75;0;11.92;13.07;86.93;71.75;3.24;68928.00;13.00;13.00;38.00;4496.20;979.19;78.12;2.00;1;0;1;0;0;1;0;0;1;0;0;1;1;0;0;0;0;0
778566;3.30;0.99;13.00;3406.00;15.00;83.25;13.50;10.98;21.87;14.21;38.28;49.63;2.58;68929.00;14.00;14.00;41.00;4485.80;979.35;820.30;1;1;0;1;0;0;1;0;0;1;0;0;1;1;0;0;0;0;0
780032;0.50;1.00;30.00;3101.00;15.00;83.25;-30.00;0.39;0;14.11;7.01;8.59;2.58;68929.00;30.00;30.00;41.00;4375.80;979.27;898.43;1;1;0;1;0;0;1;0;0;1;0;0;1;1;0;0;0;0;0
781280;2.87;0.93;40.00;3120.00;15.00;83.25;33.00;9.41;24.25;14.11;2.52;1.95;2.58;68929.00;40.00;40.00;41.00;4453.80;979.23;136.72;2.00;1;0;1;0;0;1;0;0;1;0;0;1;1;0;0;0;0;0
782664;1.02;0.99;45.00;3320.00;15.00;83.25;38.25;1.57;8.06;14.11;0.18;1.91;2.58;68929.00;44.00;45.00;41.00;4521.00;979.27;703.12;2.00;1;0;1;0;0;1;0;0;1;0;0;0;1;0;0;0;0;0
784195;0.98;1.00;41.00;3215.00;15.00;83.25;36.75;1.57;7.43;14.02;3.73;0.10;2.58;68929.00;41.00;41.00;41.00;4349.00;979.35;917.96;2.00;1;0;1;0;0;1;0;0;1;0;0;1;1;0;0;0;0;0
785571;0.90;0.97;40.00;3066.00;15.00;82.50;35.25;1.18;7.17;14.21;13.14;9.75;2.58;68929.00;39.00;40.00;42.00;4512.20;979.58;820.30;2.00;1;0;1;0;0;1;0;0;1;0;0;1;1;0;0;0;0;0
787011;1.50;1.00;37.00;2854.00;15.00;82.50;26.25;2.35;10.54;14.11;128.61;154.05;2.58;68929.00;37.00;37.00;42.00;4290.80;979.62;917.96;2.00;1;0;1;0;0;1;0;0;1;0;0;1;1;0;0;0;0;0
788412;0.94;0.97;36.00;2821.00;15.00;82.50;31.50;0.39;12.31;14.11;300.98;246.78;2.58;68929.00;36.00;37.00;42.00;4524.80;979.74;468.74;2.00;1;0;1;0;0;1;0;0;1;0;0;1;1;0;0;0;0;0
789873;0.97;1.00;32.00;2544.00;15.00;82.50;0.75;0;7.84;14.11;351.99;242.29;2.58;68929.00;33.00;33.00;42.00;4247.20;979.93;19.53;2.00;1;0;1;0;0;1;0;0;1;0;0;1;1;0;0;0;0;0
791428;1.04;1.00;31.00;2431.00;15.00;82.50;24.75;0.39;7.94;14.02;246.29;150.44;2.58;68929.00;31.00;31.00;42.00;4513.80;979.86;781.24;2.00;1;0;1;0;0;1;0;0;1;0;0;1;1;0;0;0;0;0
792883;0.85;1.00;28.00;2231.00;15.00;81.75;15.00;0;11.82;14.21;108.35;73.69;2.58;68929.00;29.00;28.00;39.00;4545.20;980.09;39.06;2.00;1;0;1;0;0;1;0;0;1;0;0;1;1;0;0;0;0;0
794618;1.25;1.00;27.00;2135.00;15.00;81.75;19.50;1.18;9.20;14.21;196.73;200.67;2.58;68929.00;27.00;27.00;42.00;4513.80;980.33;859.36;2.00;1;0;1;0;0;1;0;0;1;0;0;1;1;0;0;0;0;0
796175;1.42;0.96;27.00;2201.00;15.00;81.75;21.00;1.57;10.98;14.21;235.08;258.03;2.58;68929.00;28.00;28.00;42.00;4447.60;980.36;820.30;2.00;1;0;1;0;0;1;0;0;1;0;0;1;1;0;0;0;0;0
797522;0.86;1.00;30.00;2361.00;15.00;81.75;15.75;0;11.88;14.11;159.77;263.09;2.58;68929.00;31.00;30.00;40.00;4476.40;980.40;97.66;2.00;1;0;1;0;0;1;0;0;1;0;0;1;1;0;0;0;0;0
798910;0.90;1.00;28.00;2264.00;15.00;81.75;15.00;0;11.83;14.21;59.96;119.48;2.58;68929.00;29.00;29.00;38.00;4536.80;980.40;39.06;2.00;1;0;1;0;0;1;0;0;1;0;0;1;1;0;0;0;0;0
800361;0.95;1.00;27.00;2129.00;15.00;81.75;14.25;0;11.79;14.02;218.09;163.33;2.58;68929.00;27.00;27.00;38.00;4513.00;980.40;58.59;2.00;1;0;1;0;0;1;0;0;1;0;0;1;1;0;0;0;0;0
801830;0.95;1.00;25.00;1960.00;15.00;82.50;13.50;0;11.70;14.30;139.09;174.52;2.58;68929.00;25.00;25.00;38.00;4505.40;980.40;78.12;2.00;1;0;1;0;0;1;0;0;1;0;0;1;1;0;0;0;0;0
803230;1.39;1.00;18.00;1328.00;15.00;82.50;12.75;0;11.54;14.30;85.19;128.18;2.58;68929.00;19.00;19.00;38.00;4489.00;980.40;878.90;2.00;1;0;1;0;0;1;0;0;1;0;0;1;1;0;0;1;0;0
804703;1.34;0.95;17.00;1329.00;15.00;82.50;12.75;0;11.52;14.39;90.15;118.31;2.31;68929.00;18.00;17.00;39.00;4506.60;980.40;820.30;2.00;1;0;1;0;0;1;0;0;1;0;0;1;1;0;0;0;0;0
806084;1.36;0.91;15.00;1288.00;15.00;82.50;13.50;0;11.64;14.39;137.84;189.05;2.31;68929.00;16.00;16.00;39.00;4518.80;980.44;39.06;2.00;1;0;1;1;0;1;0;0;1;0;0;1;1;0;0;1;0;0
807433;1.42;0.95;12.00;1268.00;15.00;82.50;14.25;0;11.78;14.39;181.06;231.80;2.31;68929.00;13.00;13.00;38.00;4522.40;980.75;58.59;2.00;1;0;1;0;0;1;0;0;1;0;0;1;1;0;0;0;0;0
808884;1.28;0.97;12.00;1297.00;15.00;82.50;13.50;0;11.60;14.49;193.50;249.93;2.31;68929.00;12.00;12.00;37.00;4511.60;980.99;820.30;2.00;1;0;1;0;0;1;0;0;1;0;0;1;1;0;0;0;0;0
810309;1.36;0.96;10.00;1271.00;15.00;82.50;14.25;0;11.74;14.39;193.56;203.97;2.31;68929.00;10.00;10.00;38.00;4511.80;981.38;39.06;2.00;1;0;1;0;0;1;0;0;1;0;0;1;1;0;0;0;0;0
811683;1.46;0.97;11.00;1222.00;15.75;82.50;18.00;0;12.38;14.39;243.68;256.70;2.31;68929.00;11.00;10.00;38.00;4505.20;981.50;859.36;2.00;1;0;1;1;0;1;0;0;1;0;0;1;1;0;0;1;0;0
813059;1.26;0.95;10.00;1294.00;15.75;83.25;12.75;0;11.42;14.30;194.99;233.42;2.58;68929.00;10.00;9.00;38.00;4512.00;981.58;58.59;0;1;0;1;0;0;1;0;0;1;0;0;1;1;0;0;0;0;0
814440;1.39;0.99;8.00;1208.00;15.75;83.25;18.00;0;12.31;14.39;149.05;198.13;2.31;68929.00;9.00;8.00;37.00;4504.00;981.61;761.71;1;1;0;1;0;0;1;0;0;1;0;0;1;1;0;0;0;0;0
815928;2.27;0.99;7.00;1749.00;15.75;83.25;13.50;2.75;15.95;14.39;84.60;80.78;2.31;68929.00;8.00;7.00;41.00;4519.80;981.61;58.59;1;1;0;1;0;0;1;0;0;1;0;0;1;1;0;0;0;0;0
817399;2.26;1.01;11.00;1423.00;15.75;83.25;12.75;2.35;15.90;14.30;96.46;96.63;2.58;68929.00;12.00;12.00;43.00;4497.20;981.61;761.71;1;1;0;1;1;0;1;0;0;1;0;0;1;1;0;0;1;0;0
818909;1.38;0.96;7.00;1272.00;15.75;84.00;12.75;0;11.39;14.49;66.09;170.61;2.31;68929.00;7.00;7.00;36.00;4508.40;981.61;800.77;1;1;0;1;0;0;1;0;0;1;0;0;1;1;0;0;0;0;0
820338;1.40;0.93;0;1189.00;15.75;84.00;19.50;0;12.52;14.30;75.70;90.31;2.58;68929.00;0;0;37.00;4506.80;981.61;78.12;1;1;0;1;0;0;1;0;0;1;0;0;1;1;0;0;0;0;0
821760;1.27;0.95;0;1256.00;15.75;84.00;14.25;0;11.66;14.39;60.31;45.21;2.31;68929.00;0;0;37.00;4512.60;981.61;97.66;1;1;0;1;0;0;1;0;0;1;0;0;1;1;0;0;0;0;0
823154;1.54;0.99;0;1294.00;15.75;84.00;12.75;0.39;11.46;14.39;84.56;89.90;2.31;68929.00;0;0;41.00;4531.60;981.61;39.06;1;1;0;1;0;0;1;0;0;1;0;0;1;1;0;0;0;0;0
824414;1.32;0.99;0;1260.00;15.75;84.75;14.25;0;11.56;14.30;52.77;81.71;2.58;68929.00;0;0;37.00;4507.80;981.54;703.12;1;1;0;1;0;0;1;0;0;1;0;0;1;1;0;0;0;0;0
825845;1.74;0.99;0;1315.00;15.75;84.75;12.75;1.18;12.75;14.39;27.09;51.95;2.31;68929.00;0;0;41.00;4520.40;981.58;19.53;1;1;0;1;0;0;1;0;0;1;0;0;1;1;0;0;0;0;0
827197;2.51;1.03;0;1607.00;15.75;84.75;13.50;2.75;17.04;14.21;23.94;27.81;2.58;68929.00;0;0;40.00;4550.20;981.61;117.19;1;1;0;1;0;0;1;0;0;1;0;0;1;1;0;0;0;0;0
828548;1.41;1.01;0;1292.00;15.75;84.75;12.00;0;11.23;14.39;24.18;13.91;2.31;68929.00;0;0;37.00;4496.40;981.61;878.90;1;1;0;1;0;0;1;0;0;1;0;0;1;1;0;0;0;0;0
829949;1.31;0.97;0;1231.00;15.75;84.75;15.00;0;11.59;14.39;13.89;6.54;2.31;68929.00;0;0;36.00;4509.80;981.54;78.12;1;1;0;1;0;0;1;0;0;1;0;0;1;1;0;0;0;0;0
831443;1.42;1.00;0;1191.00;15.75;84.75;19.50;0;12.23;14.49;5.84;4.65;2.31;68929.00;0;0;36.00;4504.20;981.58;117.19;1;1;0;1;0;0;1;0;0;1;0;0;1;1;0;0;0;0;0
832866;1.37;1.02;0;1234.00;15.75;84.75;15.75;0;11.67;14.39;6.44;2.01;2.31;68929.00;0;0;36.00;4514.00;981.61;800.77;1;1;0;1;0;0;1;0;0;1;0;0;1;1;0;0;0;0;0
834312;1.28;0.98;0;1276.00;15.75;84.75;12.75;0;11.18;14.39;2.68;2.83;2.31;68929.00;0;0;36.00;4520.60;981.61;781.24;1;1;0;1;0;0;1;0;0;1;0;0;1;1;0;0;0;0;0
835752;1.28;0.97;0;1258.00;15.75;84.75;14.25;0;12.20;14.39;1.19;1.19;2.31;68929.00;0;0;37.00;4525.20;981.61;78.12;1;1;0;1;0;0;1;0;0;1;0;0;1;1;0;0;0;0;0
837189;1.42;1.01;0;1231.00;15.75;84.75;16.50;0;11.79;14.39;0.43;0.47;2.31;68929.00;0;0;36.00;4516.20;981.61;820.30;1;1;0;1;0;0;1;0;0;1;0;0;1;1;0;0;0;0;0
838594;2.16;0.97;0;1495.00;15.75;84.75;12.75;1.96;14.45;14.30;13.69;5.04;2.58;68929.00;0;0;40.00;4554.60;981.61;39.06;1;1;0;1;0;0;1;0;0;1;0;0;1;1;0;0;0;0;0
839977;1.43;1.01;0;1228.00;15.75;84.75;13.50;0;11.56;14.49;11.84;4.06;2.31;68929.00;0;0;38.00;4468.40;981.61;878.90;1;1;0;1;0;0;1;0;0;1;0;0;1;1;0;0;1;0;0
841398;1.26;0.97;0;1341.00;15.75;84.75;8.25;0;10.26;14.30;13.32;18.69;2.58;68929.00;0;0;37.00;4508.20;981.61;78.12;1;1;0;1;1;0;1;0;0;1;0;0;1;1;0;0;1;0;0
842901;1.38;0.99;0;1213.00;15.75;85.50;16.50;0;11.73;14.49;47.75;48.40;2.31;68929.00;0;0;35.00;4522.80;981.58;761.71;1;1;0;1;1;0;1;0;0;1;0;0;1;1;0;0;1;0;0
844354;1.32;1.01;0;1260.00;15.75;85.50;14.25;0;11.32;14.39;127.10;145.19;2.31;68929.00;0;0;36.00;4575.00;981.46;58.59;1;0;1;0;1;0;0;0;0;0;0;0;0;0;0;1;0;0;0
845910;1.74;1.00;0;0;15.75;85.50;15.00;0;60.90;12.78;125.38;123.94;3.36;68929.00;0;0;111.00;4601.80;981.58;78.12;1;0;1;0;0;0;0;0;0;0;0;0;0;0;0;1;0;0;0
847716;1.74;1.00;0;0;15.75;85.50;15.00;0;60.90;12.60;125.38;123.94;3.36;68929.00;0;0;111.00;4592.60;981.58;78.12;1;0;1;0;0;0;0;0;0;0;0;0;0;0;0;1;0;0;0
849044;1.74;1.00;0;0;15.75;85.50;15.00;0;60.90;12.69;125.38;123.94;3.36;68929.00;0;0;111.00;4579.60;981.54;117.19;1;0;1;0;0;0;0;0;0;0;0;0;0;0;0;1;0;0;0
859298;1.74;1.00;0;0;15.75;86.25;15.00;0;60.90;12.69;125.38;123.94;3.36;68929.00;0;0;111.00;4574.60;981.50;117.19;1;0;1;0;0;0;0;0;0;0;0;0;0;0;0;1;0;0;0
860669;1.74;1.00;0;0;15.75;86.25;15.00;0;60.90;12.69;125.38;123.94;3.36;68929.00;0;0;111.00;4574.20;981.58;117.19;1;0;1;0;0;0;0;0;0;0;0;0;0;0;0;1;0;0;0
861983;1.74;1.00;0;0;15.75;86.25;15.00;0;60.90;12.69;125.38;123.94;3.36;68929.00;0;0;111.00;4574.20;981.58;117.19;1;0;1;0;0;0;0;0;0;0;0;0;0;0;0;1;0;0;0
863335;1.74;1.00;0;0;15.75;86.25;15.00;0;60.90;12.60;125.38;123.94;3.36;68929.00;0;0;111.00;4574.20;981.54;136.72;1;0;1;0;0;0;0;0;0;0;0;0;0;0;0;1;0;0;0
864648;1.74;1.00;0;0;15.75;86.25;15.00;0;60.90;12.60;125.38;123.94;3.36;68929.00;0;0;111.00;4574.20;981.50;136.72;1;0;1;0;0;0;0;0;0;0;0;0;0;0;0;1;0;0;0
866055;1.74;1.00;0;0;15.75;86.25;15.00;0;60.90;12.60;125.38;123.94;3.36;68929.00;0;0;111.00;4574.20;981.58;136.72;1;0;1;0;0;0;0;0;0;0;0;0;0;0;0;1;0;0;0
867324;1.74;1.00;0;0;15.75;86.25;15.00;0;60.90;12.60;125.38;123.94;3.36;68929.00;0;0;111.00;4574.20;981.58;156.25;1;0;1;0;0;0;0;0;0;0;0;0;0;0;0;1;0;0;0
868802;1.74;1.00;0;0;15.75;86.25;15.00;0;60.90;12.60;125.38;123.94;3.36;68929.00;0;0;111.00;4574.20;981.54;156.25;1;0;1;0;0;0;0;0;0;0;0;0;0;0;0;1;0;0;0
870163;1.74;1.00;0;0;15.75;86.25;15.00;0;60.90;12.60;125.38;123.94;3.36;68929.00;0;0;111.00;4574.20;981.42;156.25;1;0;1;0;0;0;0;0;0;0;0;0;0;0;0;1;0;0;0
871441;1.74;1.00;0;0;15.75;86.25;15.00;0;60.90;12.60;125.38;123.94;3.36;68929.00;0;0;111.00;4574.20;981.54;175.78;1;0;1;0;0;0;0;0;0;0;0;0;0;0;0;1;0;0;0
