##;##
#2011-06-04 07:25:31
#GS-911 Mobile WM5 V1009.2
#F800GS
#BMS-KP2
Time (ms);Injection time( ms);Lambda control factor;Speed( km/h);Intake air temperature( °C);Engine temperature( °C);Ignition angle( °KW);Throttle valve position (TPS)( %);Engine load( %);Knock sensor 1( V);Knock sensor 2( V)
456;1.04;1.00;23.00;33.00;81.75;14.25;0;12.31;112.90;91.58
859;1.15;1.01;21.00;33.00;81.75;14.25;0;12.34;138.12;98.82
1315;2.34;1.02;20.00;33.00;81.75;7.50;3.14;11.11;102.34;82.49
1717;3.82;1.00;20.00;33.00;81.75;-8.25;7.45;17.29;74.57;60.11
2124;4.46;1.00;22.00;33.00;81.75;0.75;10.59;29.14;57.26;43.79
2528;3.94;0.99;25.00;33.00;81.75;14.25;10.59;30.92;41.70;31.83
2933;3.65;0.97;27.00;32.25;81.75;18.75;10.20;28.41;30.68;21.95
3389;2.84;1.00;31.00;32.25;81.75;24.00;6.28;22.89;18.05;13.61
3794;1.68;1.00;30.00;32.25;82.50;24.00;2.75;13.63;11.78;8.89
4243;1.78;0.99;30.00;32.25;82.50;24.00;3.14;14.24;64.25;14.59
4659;1.79;0.98;30.00;32.25;82.50;23.25;3.14;14.16;122.75;109.97
5038;1.80;0.96;30.00;32.25;82.50;23.25;3.14;14.56;206.22;191.32
5435;1.82;0.97;30.00;32.25;82.50;23.25;3.14;14.55;235.18;209.36
5827;1.82;0.98;30.00;32.25;82.50;23.25;2.75;14.39;279.98;229.30
6220;1.18;0.98;28.00;32.25;82.50;21.00;1.18;9.58;306.52;271.29
6618;1.21;0.97;28.00;32.25;82.50;21.00;1.18;9.61;320.16;271.66
6928;1.18;0.95;27.00;32.25;82.50;19.50;1.18;9.38;329.33;307.52
7327;1.15;0.97;26.00;32.25;82.50;17.25;0.39;10.44;316.54;301.48
7736;1.05;1.00;23.00;32.25;82.50;14.25;0;12.45;326.44;302.46
8137;1.39;1.00;22.00;32.25;82.50;15.00;0.39;10.69;266.43;290.43
8534;1.39;1.02;21.00;32.25;83.25;13.50;0.78;10.18;286.92;320.37
8986;1.49;1.03;20.00;32.25;83.25;13.50;0.78;10.71;304.75;325.51
9430;1.74;1.04;18.00;32.25;83.25;12.75;1.18;11.27;278.89;309.28
9832;2.13;1.06;18.00;32.25;83.25;12.75;1.57;13.03;251.76;261.82
10226;2.37;1.07;18.00;32.25;83.25;12.75;2.35;15.74;257.46;293.67
10620;2.42;1.08;18.00;32.25;83.25;12.75;2.35;15.87;289.98;307.32
10932;1.45;1.00;18.00;32.25;83.25;12.75;1.18;12.17;303.73;320.78
11329;1.46;1.00;18.00;32.25;83.25;13.50;0.78;11.12;318.03;331.11
11723;2.18;1.01;18.00;32.25;83.25;12.75;2.35;15.41;329.00;339.06
12122;2.58;1.02;18.00;32.25;83.25;12.75;3.14;17.71;284.02;291.74
12517;2.94;1.04;20.00;32.25;83.25;12.75;3.92;19.50;271.15;277.09
12914;2.90;1.04;21.00;32.25;83.25;13.50;4.31;19.21;282.29;308.30
13312;2.78;1.03;22.00;32.25;83.25;14.25;4.31;18.85;296.88;321.54
13762;2.61;1.01;23.00;32.25;83.25;15.00;4.31;18.16;307.52;326.52
14160;2.57;1.00;25.00;32.25;83.25;16.50;4.31;17.91;294.32;328.77
14558;2.39;1.01;25.00;32.25;83.25;17.25;3.92;17.39;255.92;285.29
14957;2.23;1.03;26.00;32.25;83.25;18.00;3.14;16.14;176.96;203.91
15410;2.18;1.04;26.00;32.25;84.00;18.75;3.14;15.51;175.16;188.35
15809;0.96;1.00;25.00;32.25;84.00;14.25;0;12.31;163.68;171.65
16210;1.01;1.00;23.00;32.25;84.00;14.25;0;12.23;157.76;125.70
16601;1.05;1.00;22.00;32.25;84.00;14.25;0;12.17;121.20;109.17
16912;1.12;1.01;21.00;32.25;84.00;14.25;0;12.14;106.75;93.92
17307;1.28;1.03;18.00;32.25;84.00;15.00;0;12.10;77.77;79.92
17703;1.29;1.03;17.00;32.25;84.00;14.25;0;12.12;74.59;64.70
18018;1.43;1.01;16.00;32.25;84.00;14.25;0;12.10;57.28;56.48
18411;1.36;1.00;13.00;32.25;84.00;12.75;0;11.81;63.88;49.61
18820;1.28;0.99;12.00;32.25;84.00;14.25;0;12.10;51.72;38.06
19270;1.38;1.00;10.00;32.25;84.00;18.00;0;12.70;39.72;30.82
19670;1.47;1.01;7.00;32.25;84.00;15.75;0;12.31;39.06;31.50
19987;1.38;1.03;6.00;32.25;84.00;13.50;0;11.97;44.31;55.72
20386;1.50;1.04;3.00;32.25;84.00;18.00;0;12.77;67.73;91.79
20835;1.46;1.05;0;32.25;84.00;14.25;0;12.12;68.67;82.75
21232;1.53;1.06;0;32.25;84.00;16.50;0;12.44;55.58;66.99
21675;1.48;1.06;0;32.25;84.00;17.25;0;12.60;50.29;62.03
21986;1.51;1.05;0;32.25;84.00;19.50;0;12.12;89.70;58.80
22380;1.43;1.04;0;32.25;84.00;16.50;0;12.50;111.22;76.42
22781;1.38;1.03;0;32.25;84.00;14.25;0;12.20;132.75;86.75
23225;1.40;1.03;0;32.25;84.00;13.50;0;12.07;154.58;100.09
23622;1.45;1.04;0;32.25;84.00;14.25;0;12.25;131.94;85.44
23935;1.44;1.06;0;32.25;84.00;15.75;0;12.46;131.40;108.06
24335;1.53;1.07;0;32.25;84.00;15.75;0;12.46;149.03;132.49
24840;1.48;1.07;0;32.25;84.00;16.50;0;12.64;146.81;117.36
25231;1.41;1.06;0;32.25;84.00;12.75;0;11.98;136.71;167.22
25623;1.41;1.05;0;32.25;84.00;12.00;0;11.83;151.38;196.20
25936;1.50;1.04;0;32.25;84.00;16.50;0;12.58;139.50;190.89
26385;1.38;1.02;0;32.25;84.75;15.00;0;12.26;133.74;213.19
26783;1.40;1.03;0;32.25;84.75;13.50;0;12.02;138.35;182.02
27179;1.50;1.04;0;32.25;84.75;18.00;0;12.80;120.23;162.63
27573;1.39;1.05;0;32.25;84.75;15.00;0;12.24;121.52;154.17
27966;1.46;1.06;0;32.25;84.75;14.25;0;12.17;116.22;157.20
28361;1.52;1.08;0;32.25;84.75;15.00;0;12.22;163.56;205.40
28754;1.55;1.09;0;32.25;84.75;14.25;0;12.17;181.45;235.81
29147;1.49;1.09;0;32.25;84.75;12.75;0;11.86;216.41;241.68
29539;1.46;1.07;0;32.25;84.75;15.00;0;12.21;219.48;249.34
29983;1.48;1.06;0;32.25;84.75;16.50;0;12.12;204.26;212.88
30376;1.40;1.05;0;32.25;84.75;15.75;0;12.33;173.66;172.39
30771;1.38;1.04;0;32.25;84.75;12.75;0;11.81;179.62;163.29
31164;1.41;1.03;0;32.25;84.75;14.25;0;12.08;163.29;157.14
31559;1.42;1.04;0;32.25;84.75;13.50;0;11.93;132.24;127.26
31952;1.52;1.03;0;32.25;84.75;16.50;0;12.44;115.29;103.04
32347;1.52;1.02;0;32.25;84.75;16.50;0;12.49;111.42;97.83
32734;1.37;1.01;0;32.25;84.75;12.75;0;11.88;106.44;93.59
33127;1.34;1.00;0;32.25;84.75;15.00;0;12.22;102.18;100.33
33526;1.41;1.01;0;32.25;84.75;16.50;0;12.53;98.72;150.71
33926;1.46;1.02;0;32.25;84.75;16.50;0;12.57;141.38;191.51
34322;1.46;1.04;0;32.25;84.75;15.75;0;12.45;183.95;194.30
34764;1.60;1.05;0;32.25;84.75;18.00;0;12.87;199.32;208.07
35210;1.41;1.06;0;32.25;84.75;12.75;0;11.95;161.36;168.08
35605;1.46;1.06;0;32.25;84.00;14.25;0;12.25;179.95;168.45
36050;1.41;1.04;0;32.25;84.00;15.00;0;12.33;170.61;169.33
36494;1.39;1.04;0;32.25;84.00;13.50;0;12.13;131.07;130.09
36935;1.47;1.05;0;32.25;84.00;15.75;0;12.51;113.12;120.60
37332;1.46;1.07;0;32.25;84.00;15.00;0;12.39;91.60;97.65
37726;1.64;1.08;0;32.25;84.00;17.25;0;12.84;78.18;91.56
38090;1.47;1.09;0;32.25;84.00;12.75;0;12.06;63.24;70.31
38535;1.55;1.08;0;32.25;84.00;16.50;0;12.69;51.19;68.16
38981;1.45;1.06;0;32.25;84.00;15.75;0;12.53;43.79;55.17
39430;1.50;1.05;0;32.25;84.00;17.25;0;12.83;69.27;78.71
39825;1.50;1.04;0;32.25;84.00;18.00;0;12.96;106.77;114.43
40244;1.43;1.02;0;32.25;84.00;16.50;0;12.69;86.44;87.89
40689;1.50;1.01;0;32.25;84.00;18.00;0;12.68;78.18;83.24
41003;1.38;1.01;0;32.25;84.00;15.75;0;12.55;63.30;71.40
41399;1.46;1.02;0;32.25;84.00;17.25;0;12.87;51.25;57.81
41845;1.45;1.04;0;32.25;84.00;15.00;0;12.44;41.48;44.39
42239;1.42;1.05;0;32.25;84.00;12.00;0;11.94;33.57;38.02
42631;1.51;1.06;0;32.25;84.00;14.25;0;12.39;28.63;32.46
42946;1.46;1.05;0;32.25;84.00;12.00;0;11.95;21.95;26.27
43341;1.48;1.03;0;32.25;84.00;18.00;0;13.00;19.98;36.38
43737;1.38;1.02;0;32.25;84.00;12.00;0;11.89;23.59;57.28
44051;1.46;1.04;0;32.25;84.00;14.25;0;12.30;49.33;69.39
44445;1.54;1.05;0;32.25;84.00;17.25;0;12.77;71.81;98.45
44839;1.53;1.06;0;32.25;84.00;16.50;0;12.58;83.04;87.92
45234;1.50;1.07;0;32.25;84.00;15.00;0;12.32;116.38;83.67
45637;1.43;1.06;0;32.25;84.00;12.00;0;11.81;152.78;97.65
45950;1.42;1.05;0;32.25;84.00;12.00;0;11.81;193.19;140.52
46343;1.42;1.04;0;32.25;84.00;14.25;0;12.26;164.66;140.95
46737;1.47;1.03;0;32.25;84.00;18.00;0;12.78;182.98;173.78
47050;1.50;1.03;0;32.25;84.00;15.75;0;12.52;148.19;148.94
47493;1.48;1.05;0;33.00;84.00;16.50;0;12.68;121.30;161.98
47941;1.55;1.06;0;33.00;84.00;17.25;0;12.78;122.77;148.99
48337;1.38;1.04;0;33.00;84.00;12.75;0;11.98;99.41;120.64
48730;1.49;1.05;0;33.00;83.25;17.25;0;12.77;100.44;112.47
49104;1.52;1.06;0;33.00;83.25;17.25;0;12.80;84.15;93.39
49495;1.43;1.07;0;33.00;83.25;14.25;0;12.27;80.60;83.41
49888;1.42;1.06;0;33.00;83.25;13.50;0;12.10;74.17;83.67
50281;1.38;1.04;0;33.00;83.25;12.00;0;11.81;68.98;67.75
50675;1.34;1.03;0;33.00;83.25;13.50;0;12.07;68.55;61.85
51040;1.38;1.02;0;33.00;83.25;11.25;0;11.52;116.95;55.21
51490;1.57;1.04;0;33.00;83.25;17.25;0;12.74;112.49;48.57
51884;1.48;1.04;0;33.00;83.25;15.00;0;12.35;86.40;37.28
52327;1.55;1.03;0;33.00;83.25;18.00;0;12.92;87.55;46.11
52726;1.44;1.02;0;33.00;83.25;17.25;0;12.77;109.43;74.04
53045;1.42;1.03;0;33.00;83.25;15.75;0;12.49;88.61;59.94
53439;1.50;1.04;0;33.00;83.25;19.50;0;13.09;71.75;48.51
53833;1.50;1.06;0;33.00;83.25;18.00;0;12.99;65.46;44.96
54224;1.50;1.07;0;33.00;83.25;15.00;0;12.41;53.00;36.38
54666;1.47;1.08;0;33.00;83.25;15.75;0;12.55;49.12;33.16
55044;1.52;1.07;0;33.00;83.25;16.50;0;12.68;35.74;25.43
55438;1.50;1.06;0;33.00;83.25;16.50;0;12.68;28.90;20.57
55825;1.54;1.05;0;33.00;83.25;20.25;0;13.28;23.38;16.60
56220;1.48;1.06;0;33.00;83.25;16.50;0;12.69;18.89;12.69
56614;1.47;1.05;0;33.00;83.25;16.50;0;12.71;17.36;12.34
57004;2.72;1.06;0;33.00;83.25;12.75;2.35;14.49;20.23;12.30
57400;2.74;1.00;0;33.00;83.25;18.00;4.71;19.49;31.44;42.79
57796;3.91;1.00;0;33.00;83.25;11.25;7.06;27.06;97.45;105.76
58196;3.42;0.99;7.00;33.00;83.25;16.50;7.45;25.03;180.09;152.92
58605;2.78;1.00;10.00;33.00;83.25;17.25;5.10;20.90;193.27;141.59
59019;2.91;1.00;13.00;33.00;83.25;15.00;5.49;20.64;219.36;158.45
59425;3.18;1.02;16.00;33.00;83.25;18.00;6.67;22.40;262.70;190.09
59825;3.01;1.00;18.00;33.00;83.25;19.50;6.67;22.55;253.99;207.15
60274;2.85;0.98;22.00;33.00;83.25;24.75;7.45;22.41;264.40;227.29
60678;3.66;1.00;25.00;33.00;82.50;27.75;12.55;27.95;290.08;238.83
61008;3.35;0.97;28.00;33.00;82.50;31.50;12.55;27.28;296.82;221.86
61459;3.35;1.00;32.00;32.25;82.50;34.50;12.55;26.76;281.08;250.96
61858;2.72;1.00;33.00;32.25;82.50;22.50;5.88;14.84;308.53;214.50
62257;4.41;1.00;37.00;32.25;82.50;24.75;17.26;31.87;292.36;224.01
62663;4.26;1.00;40.00;32.25;82.50;25.50;17.65;31.99;233.89;176.77
63032;4.13;1.01;43.00;32.25;82.50;27.75;17.65;31.62;290.92;233.66
63432;3.84;0.98;46.00;32.25;81.75;29.25;17.65;30.73;254.26;153.08
63834;4.41;1.03;48.00;32.25;81.75;30.00;18.83;31.86;128.14;97.57
64285;2.48;1.00;52.00;32.25;81.75;34.50;11.37;29.09;64.53;52.77
64737;3.02;0.98;52.00;32.25;81.75;40.50;10.98;24.31;29.78;22.93
65104;2.98;0.98;53.00;32.25;81.75;34.50;9.41;24.06;15.74;15.53
65502;2.56;0.94;55.00;32.25;81.75;36.75;7.45;21.83;10.35;10.74
65904;1.67;1.00;55.00;32.25;81.00;38.25;3.92;13.62;5.74;5.92
66303;1.70;0.99;53.00;32.25;81.00;38.25;3.92;13.69;5.04;3.24
66698;1.67;0.98;53.00;32.25;81.00;38.25;3.92;13.67;3.07;2.05
67007;1.65;0.96;53.00;32.25;81.00;38.25;3.92;13.74;1.62;2.70
67398;1.85;0.94;53.00;32.25;81.00;38.25;4.71;15.64;1.00;1.60
67791;2.46;0.92;55.00;32.25;81.00;39.00;6.28;19.10;0.47;0.82
68192;2.74;0.98;55.00;32.25;81.00;36.75;8.24;22.15;0.20;0.35
68588;2.58;0.94;56.00;32.25;81.00;36.75;7.84;21.92;0;0.14
69048;1.50;1.00;57.00;32.25;81.00;41.25;4.71;15.02;0;1.46
69445;0.50;1.00;55.00;32.25;81.00;-30.00;0;0;1.86;0.72
69849;0.58;1.00;52.00;32.25;81.00;-30.00;0;0;0.96;1.70
70286;4.00;1.00;51.00;32.25;81.00;-3.75;7.45;10.85;0.49;4.37
70741;3.47;1.00;51.00;32.25;81.00;9.75;10.59;20.99;2.32;2.52
71112;3.45;0.97;52.00;32.25;81.00;30.75;12.55;27.55;1.07;3.07
71530;3.43;0.99;55.00;32.25;81.00;31.50;12.55;27.31;2.64;1.62
71926;3.28;0.96;56.00;32.25;81.00;33.00;12.55;27.14;1.41;0.76
72373;3.37;1.01;58.00;31.50;81.00;33.75;12.55;26.65;0.66;0.33
72775;3.23;0.98;58.00;31.50;81.00;34.50;12.16;26.42;0.33;0.16
73090;4.04;1.01;61.00;31.50;81.00;31.50;16.47;29.64;0.10;0
73491;1.91;1.00;60.00;31.50;81.00;33.00;3.14;11.19;0;0
73939;2.82;1.00;60.00;31.50;81.00;35.25;7.84;20.85;0;0
74328;2.63;0.97;61.00;31.50;81.00;35.25;7.84;20.88;0;1.86
74771;2.49;0.94;61.00;31.50;81.00;35.25;7.84;20.70;0;1.15
75077;1.77;1.01;61.00;31.50;81.00;36.00;4.31;14.30;0;0.45
75522;1.72;1.00;60.00;31.50;81.00;36.00;4.31;14.09;2.09;0.21
75933;0.62;1.00;60.00;31.50;81.00;24.75;0;12.59;1.15;0.02
76378;0.66;1.00;56.00;31.50;81.00;-30.00;0;0;0.61;0
76782;0.70;1.00;53.00;31.50;81.00;-30.00;0;0;0.35;0
77084;0.72;1.00;51.00;31.50;81.00;-30.00;0;0;0.18;1.66
77471;1.05;1.00;46.00;31.50;81.00;9.00;0;12.46;0;1.02
77869;0.93;1.00;41.00;31.50;81.00;15.75;0;12.44;0;6.23
78321;1.04;1.00;36.00;31.50;81.00;14.25;0;12.42;7.79;9.73
78718;1.30;1.01;35.00;31.50;81.00;15.00;1.18;9.51;9.94;9.94
79052;1.89;1.02;33.00;31.50;81.00;12.75;2.35;12.93;7.19;7.19
79467;2.00;1.03;32.00;31.50;81.75;13.50;2.35;13.83;5.19;5.19
79868;0.74;1.00;32.00;31.50;81.75;15.75;0;12.48;3.75;3.75
80265;1.95;0.99;31.00;31.50;81.75;16.50;2.35;14.08;6.25;4.67
80715;1.95;1.00;30.00;31.50;81.75;15.75;2.35;14.07;6.31;3.18
81081;1.57;1.01;28.00;31.50;81.75;15.00;1.18;11.52;6.52;2.27
81483;1.38;1.02;27.00;31.50;81.75;13.50;0.78;9.98;4.96;5.72
81886;0.82;1.00;26.00;31.50;81.75;15.75;0;12.44;3.55;4.10
82293;1;1.00;25.00;31.50;81.75;15.00;0;12.40;4.75;6.60
82688;1.10;1.00;23.00;31.50;81.75;15.00;0;12.45;7.36;10.80
83008;1.08;0.99;21.00;31.50;81.75;13.50;0;12.31;9.35;39.96
83407;1.32;0.98;20.00;31.50;81.75;12.75;0.39;10.27;9.14;48.49
83808;2.69;1.00;18.00;31.50;81.75;9.00;3.14;15.83;6.97;35.31
84209;2.68;1.00;20.00;31.50;81.75;12.00;3.53;18.32;5.04;27.09
84614;2.68;1.02;21.00;31.50;81.75;13.50;3.92;18.42;3.83;20.78
85011;2.60;1.03;21.00;31.50;81.75;13.50;3.53;17.63;2.73;15.10
85404;2.72;1.05;22.00;31.50;81.75;14.25;3.92;18.24;2.17;12.21
85804;2.86;1.03;25.00;31.50;81.75;15.75;5.10;19.79;1.52;8.85
86256;2.76;1.01;26.00;31.50;81.75;18.00;4.71;19.83;0.94;5.45
86659;2.28;1.01;27.00;31.50;81.75;19.50;3.53;16.91;0.59;6.03
87108;2.19;1.03;27.00;31.50;81.75;20.25;3.53;16.02;1.82;5.57
87552;1.44;1.02;27.00;31.50;81.75;19.50;1.57;10.77;1.19;3.59
88002;1.38;1.00;27.00;31.50;81.75;20.25;1.57;10.55;2.68;2.42
88397;1.39;0.99;27.00;31.50;81.75;19.50;1.57;10.71;3.69;1.60
88790;1.39;0.99;26.00;31.50;81.75;18.75;1.57;10.66;2.50;1.05
89154;1.35;1.00;26.00;31.50;82.50;18.75;1.18;10.87;1.68;0.66
89601;1.50;1.01;26.00;31.50;82.50;18.00;1.57;11.25;52.09;20.14
90017;1.61;1.03;26.00;31.50;82.50;18.00;1.57;11.32;71.30;39.78
90457;1.56;1.04;25.00;31.50;82.50;17.25;1.57;11.37;51.95;29.80
90906;1.64;1.05;25.00;31.50;82.50;17.25;1.96;11.76;50.04;31.17
91301;1.72;1.07;26.00;31.50;82.50;18.00;1.96;12.21;32.77;20.41
91764;1.70;1.08;26.00;31.50;82.50;18.75;1.96;11.95;41.07;66.54
92078;2.02;1.07;26.00;31.50;82.50;18.75;2.75;14.04;113.90;131.53
92489;2.35;1.05;27.00;31.50;82.50;18.75;3.53;16.34;172.70;203.68
92886;2.31;1.04;28.00;31.50;82.50;21.75;3.92;16.87;190.36;253.58
93289;2.22;1.02;30.00;31.50;82.50;23.25;3.92;16.65;244.36;288.89
93737;1.93;1.01;30.00;31.50;82.50;24.00;3.14;14.85;232.58;312.54
94117;1.83;0.99;31.00;31.50;82.50;24.75;3.14;14.31;214.95;315.45
94517;1.70;0.98;32.00;31.50;82.50;26.25;3.14;13.63;249.50;325.23
94966;1.66;0.96;32.00;31.50;82.50;27.00;3.14;13.64;225.10;332.52
95363;1.50;0.95;33.00;31.50;82.50;28.50;2.75;12.56;223.99;336.03
95766;1.46;0.94;33.00;31.50;82.50;27.75;2.75;12.22;260.53;335.02
96081;1.39;0.92;35.00;31.50;82.50;30.00;2.75;12.04;297.31;265.88
96478;1.38;0.92;35.00;31.50;82.50;29.25;2.75;12.01;310.55;282.50
96870;1.33;0.93;35.00;31.50;83.25;31.50;2.35;11.41;225.65;310.78
97321;1.26;0.92;36.00;31.50;83.25;31.50;2.35;10.89;193.19;298.18
97717;1.27;0.91;36.00;31.50;83.25;32.25;2.35;11.05;172.92;315.78
98030;1.17;0.90;37.00;31.50;83.25;31.50;1.96;10.38;224.69;334.53
98431;1.13;0.91;37.00;31.50;83.25;31.50;1.96;9.92;257.72;347.18
98823;1.11;0.93;37.00;31.50;83.25;32.25;1.96;9.61;301.86;350.92
99219;1.11;0.94;37.00;31.50;83.25;32.25;1.96;9.59;306.58;356.87
99606;1.14;0.95;37.00;31.50;83.25;33.00;1.96;9.71;335.00;356.66
100001;0.94;1.00;38.00;31.50;83.25;14.25;0;12.28;295.80;325.31
100410;1.33;1.01;37.00;31.50;83.25;21.75;1.57;9.98;245.22;260.06
100861;1.38;1.02;38.00;31.50;83.25;23.25;1.57;10.57;291.47;206.88
101265;1.28;1.00;40.00;31.50;83.25;24.00;1.57;9.85;316.91;212.72
101675;0.82;1.00;38.00;31.50;83.25;16.50;0;12.26;276.99;154.85
102078;0.84;1.00;40.00;31.50;83.25;15.75;0;12.27;296.35;101.54
102524;0.82;1.00;38.00;31.50;83.25;16.50;0;12.29;276.27;66.56
102970;0.83;1.00;38.00;31.50;83.25;15.75;0;12.27;304.08;43.61
103363;0.85;1.00;38.00;31.50;83.25;15.00;0;12.19;207.29;106.69
103812;0.83;1.00;37.00;31.50;83.25;15.00;0;12.16;250.86;140.60
104178;0.86;1.00;37.00;31.50;83.25;15.75;0;12.26;286.21;217.94
104569;0.87;1.00;37.00;31.50;83.25;15.00;0;12.17;310.12;228.34
104961;0.86;1.00;37.00;31.50;83.25;15.75;0;12.22;327.19;253.73
105403;0.87;1.00;36.00;31.50;83.25;15.00;0;12.26;337.62;269.44
105852;0.90;1.00;36.00;31.50;83.25;15.00;0;12.28;345.56;314.49
106241;0.89;1.00;35.00;31.50;83.25;15.00;0;12.23;331.72;307.93
106693;0.89;1.00;35.00;31.50;83.25;15.00;0;12.18;301.89;332.40
107079;0.91;1.00;33.00;31.50;83.25;15.00;0;12.15;231.00;299.81
107469;0.92;1.00;33.00;31.50;82.50;14.25;0;12.16;209.65;214.69
107864;0.94;1.00;33.00;31.50;82.50;13.50;0;12.26;179.09;201.08
108254;0.94;1.00;33.00;31.50;82.50;14.25;0;12.24;173.23;199.28
108641;0.95;1.00;32.00;31.50;82.50;15.00;0;12.28;194.48;225.98
109035;0.96;1.00;32.00;31.50;82.50;14.25;0;12.30;163.74;180.46
109425;0.94;1.00;32.00;31.50;82.50;13.50;0;12.24;208.99;230.67
109816;0.94;1.00;32.00;31.50;82.50;13.50;0;12.24;245.22;242.78
110166;1;1.00;31.00;31.50;82.50;14.25;0;12.35;282.31;242.74
110562;0.98;1.00;31.00;31.50;82.50;14.25;0;12.33;304.61;237.54
110950;1.02;1.00;30.00;31.50;82.50;15.00;0;12.22;318.07;219.17
111393;1.11;1.01;27.00;31.50;82.50;15.00;0;12.28;327.91;204.50
111808;1.18;1.02;26.00;31.50;82.50;14.25;0;12.30;336.62;226.16
112125;1.26;1.03;25.00;31.50;82.50;15.75;0;12.27;319.12;258.40
112573;1.27;1.03;23.00;31.50;82.50;15.00;0;12.21;306.56;246.90
112970;2.08;1.02;22.00;31.50;82.50;5.25;1.96;12.44;263.07;220.03
113372;2.72;1.01;22.00;31.50;82.50;15.00;2.35;12.26;215.94;193.23
113775;1.10;1.00;21.00;31.50;82.50;15.00;0;12.35;205.81;186.92
114092;1.18;0.99;20.00;31.50;82.50;14.25;0;12.35;172.92;196.16
114485;1.15;0.98;20.00;31.50;82.50;14.25;0;12.29;140.23;181.59
114877;3.24;1.00;20.00;31.50;82.50;-4.50;5.49;11.84;138.94;139.50
115330;3.10;0.99;21.00;31.50;82.50;1.50;5.10;15.68;115.66;139.19
115783;3.31;1.00;23.00;31.50;82.50;7.50;6.28;19.68;173.50;182.18
116106;3.04;1.00;26.00;31.50;82.50;15.00;6.28;21.14;225.53;221.51
116507;2.82;0.98;28.00;31.50;82.50;21.75;6.28;21.84;248.56;248.70
116905;2.29;1.00;31.00;31.50;82.50;24.00;4.71;17.83;295.24;268.38
117358;2.14;0.99;32.00;31.50;82.50;26.25;4.31;17.00;320.64;231.51
117759;2.05;0.97;33.00;31.50;82.50;27.75;4.31;16.60;315.53;267.80
118077;1.57;0.96;33.00;31.50;82.50;28.50;2.75;12.89;271.47;298.95
118475;1.56;0.97;33.00;31.50;82.50;29.25;3.14;12.78;190.01;320.88
118924;0.77;1.00;35.00;31.50;82.50;16.50;0;12.42;208.85;236.49
119378;2.60;1.00;32.00;31.50;82.50;14.25;5.10;14.27;207.86;213.91
119828;2.35;0.99;33.00;31.50;82.50;19.50;5.49;16.78;201.86;201.10
120148;3.44;1.00;36.00;31.50;82.50;28.50;11.37;26.63;226.29;162.92
120556;3.20;1.00;40.00;31.50;82.50;30.75;12.16;27.58;164.23;113.74
120953;3.09;0.97;42.00;31.50;82.50;33.75;10.59;25.25;158.31;106.71
121354;3.28;0.94;45.00;31.50;82.50;33.00;13.33;27.29;233.93;204.87
121807;3.34;0.97;47.00;31.50;82.50;33.75;13.73;27.52;264.26;242.68
122179;1.54;1.00;47.00;31.50;82.50;36.75;1.57;0;316.19;303.55
122578;2.26;1.00;48.00;31.50;82.50;26.25;5.49;16.51;313.09;307.71
122981;1.69;0.99;48.00;31.50;82.50;33.00;3.53;13.18;343.30;327.89
123377;1.11;1.00;48.00;30.75;82.50;32.25;1.57;9.01;332.91;306.72
123830;0.92;0.98;47.00;30.75;82.50;33.00;0.78;7.29;301.56;301.50
124205;0.90;0.97;46.00;30.75;82.50;31.50;0.78;7.07;325.99;328.67
124605;0.93;0.98;45.00;30.75;82.50;30.75;0.78;7.29;316.05;319.26
125054;0.95;0.99;43.00;30.75;82.50;29.25;0.78;7.48;322.91;329.20
125451;1.01;1.00;42.00;30.75;82.50;27.75;0.78;7.78;324.73;321.11
125901;0.94;1.00;41.00;30.75;82.50;16.50;0;12.52;313.44;290.92
126306;0.90;1.00;40.00;30.75;82.50;16.50;0;12.35;259.14;286.02
126759;1.08;1.00;38.00;30.75;82.50;22.50;0.39;12.37;184.52;187.61
127129;2.26;1.00;37.00;30.75;82.50;26.25;3.92;16.25;225.86;234.40
127526;2.24;0.98;37.00;30.75;82.50;23.25;4.31;17.22;273.87;281.76
127925;2.14;0.97;38.00;30.75;82.50;24.00;4.31;17.05;302.50;307.38
128324;2.14;0.99;38.00;30.75;82.50;24.00;4.31;16.94;321.46;327.36
128711;1.70;1.01;38.00;30.75;82.50;24.00;2.75;13.23;258.54;334.16
129075;1.70;1.00;38.00;30.75;82.50;24.75;2.75;13.25;305.04;338.22
129466;1.60;0.99;40.00;30.75;82.50;24.75;2.35;12.68;325.86;347.59
129913;1.75;0.97;40.00;30.75;82.50;24.00;2.75;13.96;336.31;284.30
130311;1.06;0.96;38.00;30.75;82.50;24.00;0.78;8.81;278.81;282.76
130764;1;0.95;38.00;30.75;82.50;24.00;0.39;8.45;259.34;301.64
131077;1.03;0.94;37.00;30.75;82.50;22.50;0.78;8.27;204.97;306.52
131478;2.10;1.00;37.00;30.75;82.50;24.75;3.92;15.27;213.91;257.19
131933;2.28;1.01;40.00;30.75;82.50;24.75;4.31;17.57;161.49;301.52
132330;2.23;1.01;41.00;30.75;82.50;26.25;4.31;17.32;165.48;298.71
132777;2.13;0.99;42.00;30.75;82.50;27.75;4.71;17.07;196.45;311.86
133099;1.62;0.97;43.00;30.75;82.50;29.25;3.14;13.36;260.26;330.29
133500;1.52;0.96;45.00;30.75;82.50;30.75;2.75;12.98;299.96;330.15
133952;1.49;0.94;45.00;30.75;82.50;31.50;2.75;12.45;324.39;353.04
134346;1.43;0.93;47.00;30.75;82.50;31.50;2.75;12.11;336.74;354.96
134740;1.41;0.93;47.00;30.75;82.50;32.25;2.75;12.14;323.96;354.49
135103;2.34;0.99;48.00;30.75;82.50;33.75;5.88;18.65;313.14;319.69
135554;0.98;1.00;50.00;30.75;82.50;33.75;1.57;8.22;272.74;294.04
135952;0.97;0.99;50.00;30.75;82.50;35.25;1.18;7.92;274.14;304.53
136349;0.98;0.97;50.00;30.75;82.50;34.50;1.18;7.91;301.56;307.32
136743;0.82;0.97;50.00;30.75;82.50;34.50;0.39;6.69;224.48;257.85
137055;0.92;0.96;48.00;30.75;82.50;34.50;0.39;9.66;132.51;152.20
137448;0.90;0.97;47.00;30.75;82.50;33.75;0.39;12.50;106.97;148.47
137852;0.90;0.96;47.00;30.75;82.50;32.25;0.39;12.48;134.62;145.93
138162;0.85;1.00;46.00;30.75;82.50;18.75;0.39;12.57;147.00;174.75
138560;0.70;1.00;46.00;30.75;82.50;-30.00;0;0;180.77;168.02
138962;0.70;1.00;45.00;30.75;82.50;-30.00;0;0;250.49;214.62
139346;0.70;1.00;43.00;30.75;82.50;-30.00;0;0;293.91;270.04
139781;0.72;1.00;42.00;30.75;82.50;-30.00;0;0;315.98;288.83
140138;0.74;1.00;42.00;30.75;82.50;-30.00;0;0;315.98;317.64
140519;0.90;1.00;41.00;30.75;82.50;12.00;0;11.56;318.09;325.86
140920;0.88;1.00;41.00;30.75;82.50;15.75;0;12.37;338.47;336.15
141311;0.87;1.00;40.00;30.75;82.50;15.00;0;12.29;344.72;292.15
141757;0.84;1.00;40.00;30.75;82.50;15.75;0;12.28;311.43;237.78
142118;0.83;1.00;40.00;30.75;82.50;16.50;0;12.33;256.90;185.83
142509;0.84;1.00;38.00;30.75;82.50;16.50;0;12.31;181.47;225.12
142899;0.86;1.00;38.00;30.75;82.50;15.00;0;12.31;151.36;167.02
143287;0.85;1.00;37.00;30.75;82.50;15.75;0;12.36;122.08;146.14
143685;0.86;1.00;37.00;30.75;82.50;15.00;0;12.32;124.74;117.92
144077;0.86;1.00;36.00;30.75;82.50;15.75;0;12.27;101.46;89.99
144471;0.92;1.00;33.00;30.75;82.50;14.25;0;12.36;88.02;125.75
144923;0.97;1.00;31.00;30.75;82.50;14.25;0;12.26;83.86;176.45
145365;1.10;1.01;27.00;30.75;82.50;13.50;0;12.24;147.02;203.19
145769;1.18;1.02;25.00;30.75;82.50;15.00;0;12.21;188.52;234.01
146087;1.41;1.03;23.00;30.75;82.50;15.00;0;12.29;187.25;264.46
146532;1.34;1.03;22.00;30.75;82.50;14.25;0;12.20;235.53;233.64
146929;1.41;1.01;20.00;30.75;82.50;13.50;0;12.09;260.20;223.99
147328;1.33;1.00;20.00;30.75;82.50;13.50;0;12.07;275.59;224.54
147737;1.33;1.02;17.00;30.75;82.50;13.50;0;12.06;246.88;238.38
148178;1.38;1.03;15.00;30.75;82.50;13.50;0;12.10;249.28;242.15
148623;1.50;1.04;13.00;30.75;82.50;16.50;0;12.61;252.25;233.34
149020;1.46;1.06;13.00;30.75;82.50;15.00;0;12.35;254.65;240.32
149465;1.50;1.07;13.00;30.75;82.50;13.50;0;12.13;230.49;269.30
149858;1.45;1.07;13.00;30.75;82.50;15.00;0;12.35;227.97;246.80
150221;1.51;1.05;13.00;30.75;82.50;15.00;0;12.33;254.09;210.69
150611;1.39;1.04;12.00;30.75;82.50;13.50;0;12.10;243.58;207.98
151009;1.40;1.05;10.00;30.75;82.50;13.50;0;12.11;229.85;235.90
151454;1.47;1.06;10.00;30.75;82.50;16.50;0;12.62;240.59;253.81
151893;1.50;1.08;10.00;30.75;82.50;14.25;0;12.26;262.31;254.89
152287;1.51;1.09;10.00;30.75;82.50;13.50;0;12.11;282.64;257.15
152732;1.51;1.08;10.00;30.75;82.50;14.25;0;12.23;281.84;289.90
153124;1.53;1.07;8.00;30.75;82.50;13.50;0;12.09;275.29;300.90
153522;1.42;1.06;5.00;30.75;82.50;15.75;0;12.41;288.81;309.63
153970;1.44;1.04;6.00;30.75;82.50;12.00;0;11.73;265.47;262.11
154417;1.38;1.03;6.00;30.75;82.50;13.50;0;11.97;215.01;201.39
154810;1.43;1.03;7.00;30.75;82.50;15.75;0;12.30;183.56;171.92
155176;1.45;1.05;7.00;30.75;82.50;14.25;0;12.07;133.78;132.08
155621;1.44;1.06;5.00;30.75;82.50;15.75;0;12.29;108.33;113.98
156020;1.50;1.07;0;30.75;82.50;14.25;0;12.04;87.73;87.55
156420;1.48;1.08;0;31.50;82.50;14.25;0;12.01;71.03;78.69
156813;1.38;1.07;0;31.50;82.50;13.50;0;11.82;72.28;75.54
157128;1.49;1.06;3.00;31.50;82.50;20.25;0;12.86;69.74;77.59
157525;1.41;1.04;2.00;31.50;82.50;12.75;0;11.67;63.47;70.84
157921;1.37;1.03;2.00;31.50;82.50;13.50;0;11.81;51.36;54.39
158316;1.56;1.04;3.00;31.50;82.50;20.25;0;12.88;49.20;47.93
158764;1.42;1.05;0;31.50;82.50;14.25;0;11.94;39.80;38.79
159082;1.50;1.06;0;31.50;82.50;15.00;0;12.01;30.53;31.40
159475;1.52;1.07;0;31.50;82.50;16.50;0;12.28;26.80;27.50
159868;1.43;1.08;0;31.50;82.50;15.00;0;12.01;22.85;23.46
160181;1.45;1.08;0;31.50;83.25;15.00;0;12.02;18.48;17.99
160573;1.39;1.07;0;31.50;83.25;13.50;0;11.82;14.92;14.53
160966;1.43;1.05;3.00;31.50;83.25;18.00;0;12.59;14.37;14.06
161364;1.54;1.04;3.00;31.50;83.25;15.00;0;12.01;14.80;17.71
161758;1.42;1.03;3.00;31.50;83.25;15.00;0;12.01;11.97;14.32
162144;4.33;1.00;6.00;31.50;83.25;13.50;7.45;27.21;14.12;10.96
162595;4.15;1.00;10.00;31.50;83.25;10.50;8.63;31.32;62.85;75.00
163000;3.93;0.99;15.00;31.50;83.25;14.25;9.81;30.09;117.65;153.70
163466;4.22;1.00;17.00;30.75;83.25;25.50;10.59;25.92;201.28;159.99
163878;7.61;1.00;23.00;30.75;83.25;13.50;30.59;40.48;233.13;230.65
164197;6.53;1.00;31.00;30.75;83.25;15.00;36.08;44.79;290.27;258.73
164597;6.18;1.02;40.00;30.75;83.25;18.00;36.08;43.67;259.69;319.12
164994;0;1.00;45.00;30.75;83.25;42.75;0;4.15;324.45;332.81
165446;4.02;0.98;50.00;30.75;83.25;30.75;18.43;31.50;316.25;295.72
165910;1.87;0.99;52.00;30.75;83.25;44.25;6.67;18.19;223.66;314.32
166282;2.02;0.98;53.00;30.75;83.25;45.00;6.28;16.51;223.03;307.62
166734;0.50;1.00;55.00;30.75;83.25;42.00;0;4.59;212.80;272.68
167136;0.87;1.00;53.00;30.75;83.25;37.50;0.39;8.71;139.07;236.55
167533;0.62;1.00;52.00;30.75;83.25;-30.00;0;0;150.71;243.70
167990;0.68;1.00;51.00;30.75;83.25;-30.00;0;0;257.17;261.76
168376;0.68;1.00;50.00;30.75;83.25;-30.00;0;0;301.52;301.31
168762;0.69;1.00;47.00;30.75;82.50;-30.00;0;0;327.69;327.62
169204;0.74;1.00;42.00;30.75;82.50;-30.00;0;0;335.56;303.89
169590;1.18;1.00;38.00;30.75;82.50;3.00;0;10.64;324.76;327.87
169991;0.96;1.00;33.00;30.75;82.50;14.25;0;12.33;308.46;298.34
170449;1.12;1.00;26.00;30.75;82.50;15.00;0;12.25;315.23;293.03
170844;1.43;1.02;20.00;30.75;82.50;15.00;0;12.24;306.02;300.06
171210;1.46;1.03;13.00;30.75;82.50;13.50;0;12.05;312.54;320.96
171607;1.39;1.04;10.00;30.75;82.50;14.25;0;12.22;286.06;325.70
172006;1.37;1.05;7.00;30.75;81.75;9.75;0;11.23;290.84;279.85
172406;1.54;1.06;6.00;30.75;81.75;16.50;0;12.61;281.49;284.08
172810;1.43;1.07;5.00;30.75;81.75;12.75;0;11.94;302.70;259.42
173128;1.41;1.08;5.00;30.75;81.75;12.00;0;11.77;310.31;232.33
173524;1.44;1.07;5.00;30.75;81.75;13.50;0;11.99;251.33;202.17
173919;1.48;1.06;5.00;30.75;81.75;16.50;0;12.46;211.33;155.32
174313;1.46;1.05;5.00;30.75;81.75;14.25;0;12.07;171.16;125.77
174707;1.36;1.04;5.00;30.75;81.75;12.75;0;11.77;131.50;110.05
175113;1.40;1.06;5.00;30.75;81.75;14.25;0;12.02;106.50;89.10
175506;1.40;1.07;5.00;30.75;81.75;14.25;0;12.01;86.24;72.14
175895;1.49;1.08;5.00;30.75;81.75;14.25;0;12.01;80.99;58.41
176199;1.46;1.06;5.00;30.75;81.75;15.75;0;12.19;72.59;50.78
176594;2.28;1.05;6.00;30.75;81.75;15.00;1.18;15.67;58.79;41.11
176998;1.30;1.04;7.00;30.75;81.75;17.25;0;12.42;48.65;48.40
177398;1.45;1.04;7.00;30.75;81.75;15.75;0;12.46;45.23;86.13
177789;1.54;1.04;7.00;30.75;81.75;17.25;0;12.83;37.07;69.72
178151;1.32;1.03;8.00;30.75;81.75;14.25;0;12.33;36.33;64.29
178598;1.46;1.01;7.00;30.75;81.75;12.75;0;12.02;34.10;56.05
178995;1.42;1.01;7.00;30.75;81.75;13.50;0;12.14;33.08;54.82
179442;1.49;1.02;6.00;30.75;81.75;16.50;0;12.62;58.65;59.92
179842;1.41;1.03;6.00;30.75;81.75;15.75;0;12.44;103.49;109.95
180169;1.41;1.04;6.00;30.75;82.50;12.00;0;11.81;153.25;158.49
180613;1.50;1.06;5.00;30.75;82.50;16.50;0;12.57;193.56;197.80
181060;1.50;1.07;5.00;30.75;82.50;15.00;0;12.29;221.39;217.84
181453;1.48;1.08;3.00;30.75;82.50;12.00;0;11.78;227.66;243.89
181850;1.42;1.08;3.00;30.75;82.50;13.50;0;12.05;227.66;248.85
182161;1.46;1.07;3.00;30.75;82.50;12.75;0;11.89;216.96;217.56
182610;6.46;1.00;3.00;30.75;82.50;7.50;9.81;33.27;166.71;184.40
183012;4.99;1.00;10.00;30.75;82.50;17.25;21.18;35.65;168.13;158.00
183427;5.49;1.00;18.00;30.75;82.50;9.75;23.53;38.87;203.37;147.61
183843;4.67;0.97;23.00;30.75;82.50;16.50;23.53;36.27;212.55;155.56
184218;4.93;1.01;32.00;30.75;82.50;21.75;23.53;36.94;225.04;172.31
184616;3.80;1.03;38.00;30.75;82.50;29.25;17.26;33.87;181.80;190.07
185019;4.26;1.00;40.00;30.75;82.50;31.50;13.33;27.66;212.90;194.66
185472;3.47;0.96;43.00;30.75;82.50;32.25;13.73;27.75;233.85;252.52
185873;3.03;0.96;46.00;30.75;82.50;35.25;11.37;25.72;283.54;262.62
186190;2.26;1.00;48.00;30.75;82.50;42.00;6.28;18.97;294.49;295.24
186591;1.27;1.00;48.00;30.75;82.50;43.50;3.14;10.30;328.05;325.86
187037;1.82;0.98;50.00;30.75;83.25;44.25;5.10;14.81;340.60;338.24
187441;0.58;1.00;50.00;30.75;83.25;-30.00;0;0;345.86;346.01
187846;1.08;1.00;48.00;30.75;83.25;25.50;0.39;12.37;350.08;313.61
188170;0.96;1.00;48.00;30.75;83.25;33.00;0.39;12.51;356.38;343.63
188613;0.86;1.00;47.00;30.75;83.25;-30.00;0;0;323.14;315.62
189068;0.76;1.00;46.00;30.75;83.25;-30.00;0;0;306.48;303.03
189506;0.71;1.00;45.00;30.75;83.25;-30.00;0;0;331.42;300.98
189894;0.72;1.00;45.00;30.75;83.25;-30.00;0;0;331.97;297.13
190198;0.76;1.00;43.00;30.75;83.25;-30.00;0;0;316.76;310.25
190584;0.75;1.00;42.00;30.75;83.25;-30.00;0;0;316.35;316.44
191022;1.18;1.00;42.00;30.75;83.25;1.50;0;8.48;322.81;329.24
191414;0.88;1.00;41.00;30.75;83.25;14.25;0;12.20;338.94;339.92
191826;0.87;1.00;38.00;30.75;83.25;15.75;0;12.24;341.70;328.75
192142;0.88;1.00;36.00;30.75;83.25;14.25;0;12.24;348.12;334.08
192534;0.95;1.00;33.00;30.75;83.25;14.25;0;12.18;346.89;338.18
192926;1;1.00;32.00;30.75;83.25;13.50;0;12.18;346.23;343.08
193235;0.98;1.00;31.00;30.75;83.25;14.25;0;12.19;281.23;277.87
193629;1.06;1.00;28.00;30.75;82.50;13.50;0;12.17;239.38;205.46
194027;1.09;1.01;28.00;30.75;82.50;14.25;0;12.29;189.69;149.76
194422;4.04;1.00;27.00;30.75;82.50;-11.25;5.49;11.39;158.64;145.71
194884;0.98;1.00;26.00;30.75;82.50;14.25;0;12.35;167.25;145.38
195203;1.06;1.00;22.00;30.75;82.50;15.00;0;12.24;146.08;114.17
195599;1.17;1.01;20.00;30.75;82.50;14.25;0;12.34;130.99;102.90
196046;1.01;1.00;16.00;30.75;82.50;15.00;0;12.34;103.24;115.11
196439;1.20;0.99;12.00;30.75;82.50;15.00;0;12.30;101.15;90.89
196833;1.39;1.00;10.00;30.75;82.50;14.25;0;12.22;90.15;81.38
197148;1.39;1.00;8.00;30.75;82.50;13.50;0;12.06;104.88;118.16
197552;1.35;1.00;8.00;30.75;82.50;15.75;0;12.42;154.38;165.15
197942;1.94;1.01;8.00;30.75;82.50;13.50;1.57;13.79;133.47;194.42
198390;2.06;1.02;11.00;30.75;82.50;12.75;1.96;14.47;143.70;187.88
198798;2.08;1.04;12.00;30.75;82.50;12.75;1.96;14.35;118.59;152.53
199193;1.13;1.00;13.00;30.75;82.50;15.00;0;12.35;159.19;182.55
199595;1.31;1.01;13.00;30.75;82.50;15.00;0;12.37;183.72;182.94
200036;1.27;1.01;13.00;30.75;82.50;14.25;0;12.25;187.92;185.42
200428;1.30;0.99;12.00;30.75;82.50;15.00;0;12.26;173.70;156.45
200827;1.26;0.98;11.00;30.75;82.50;15.00;0;12.18;155.65;126.73
201141;1.36;0.97;10.00;30.75;82.50;17.25;0;12.66;127.39;117.81
201539;1.43;0.97;8.00;30.75;82.50;19.50;0;12.95;141.36;110.17
201934;1.38;0.98;7.00;30.75;82.50;12.75;0;11.93;129.25;91.63
202252;1.34;0.99;6.00;30.75;82.50;16.50;0;12.60;112.04;81.58
202651;1.35;1.00;6.00;30.75;82.50;14.25;0;12.27;105.93;73.04
203045;1.41;1.01;6.00;30.75;83.25;15.00;0;12.36;85.78;70.54
203494;1.47;1.03;5.00;30.75;83.25;15.00;0;12.36;87.10;65.74
203935;1.49;1.04;5.00;30.75;83.25;15.00;0;12.36;139.97;69.12
204299;1.51;1.05;5.00;30.75;83.25;18.00;0;12.94;155.63;102.06
204753;1.54;1.07;3.00;30.75;83.25;18.00;0;12.90;181.00;163.06
205148;1.50;1.05;0;30.75;83.25;13.50;0;12.07;216.06;192.64
205544;1.50;1.04;0;30.75;83.25;16.50;0;12.54;189.77;172.02
205936;1.47;1.03;0;30.75;83.25;19.50;0;12.93;153.70;139.33
206302;1.42;1.05;0;30.75;83.25;14.25;0;12.15;173.90;122.63
206697;1.45;1.03;0;30.75;83.25;15.00;0;12.22;165.79;114.78
207095;1.46;1.04;0;30.75;83.25;14.25;0;12.12;127.37;92.94
207492;1.47;1.05;0;30.75;83.25;15.00;0;12.16;103.14;75.25
207890;1.38;1.06;0;30.75;83.25;12.75;0;11.77;88.04;64.23
208204;1.41;1.06;0;30.75;83.25;15.00;0;12.10;79.08;49.33
208595;1.47;1.06;0;30.75;83.25;16.50;0;12.35;64.02;39.94
208985;1.49;1.07;0;30.75;83.25;13.50;0;11.82;51.81;34.67
209378;1.45;1.06;0;30.75;83.25;14.25;0;11.94;43.10;34.41
209775;1.45;1.05;0;30.75;83.25;13.50;0;11.77;36.87;49.66
210165;1.35;1.04;0;30.75;83.25;15.00;0;11.95;31.95;95.83
210610;1.50;1.03;0;30.75;83.25;22.50;0;13.09;32.42;73.63
211007;1.45;1.04;0;30.75;83.25;15.00;0;13.09;34.67;59.59
211398;1.44;1.05;0;30.75;83.25;14.25;0;11.94;28.05;48.24
211793;1.46;1.04;0;30.75;83.25;14.25;0;11.96;21.52;39.04
212184;1.37;1.03;0;30.75;84.00;14.25;0;11.98;17.40;31.58
212629;1.44;1.04;0;30.75;84.00;17.25;0;12.48;14.06;25.56
213072;1.47;1.05;0;30.75;84.00;16.50;0;12.35;10.76;19.59
213467;1.43;1.06;0;30.75;84.00;14.25;0;12.02;8.67;15.02
213861;1.50;1.07;0;30.75;84.00;17.25;0;12.55;9.49;14.90
214225;1.53;1.09;0;30.75;84.00;15.00;0;12.11;12.01;14.35
214635;1.46;1.09;0;30.75;84.00;15.75;0;12.27;9.20;13.83
215026;1.48;1.07;0;30.75;84.00;15.75;0;12.29;9.65;13.51
215417;1.46;1.06;0;30.75;84.00;15.00;0;12.17;14.00;41.17
215817;1.41;1.05;0;30.75;84.00;13.50;0;11.97;15.66;80.58
216181;1.42;1.04;0;30.75;84.00;15.75;0;12.35;28.59;107.51
216632;1.54;1.05;0;30.75;84.00;15.00;0;12.22;56.03;156.53
217027;1.53;1.06;0;30.75;84.00;16.50;0;12.57;53.47;135.21
217419;1.55;1.05;0;30.75;84.00;17.25;0;12.76;43.30;117.28
217812;1.42;1.04;0;30.75;84.00;16.50;0;12.60;39.26;117.57
218206;1.41;1.03;0;30.75;84.00;15.00;0;12.32;47.71;129.46
218600;1.47;1.04;0;30.75;84.00;18.00;0;12.90;83.61;159.66
219010;1.54;1.05;0;30.75;84.00;17.25;0;12.78;111.36;155.54
219464;1.49;1.06;0;30.75;84.00;16.50;0;12.65;110.42;133.51
219858;1.50;1.07;0;30.75;84.00;12.75;0;11.99;97.18;122.18
220172;1.48;1.07;0;30.75;84.00;13.50;0;12.11;93.86;114.13
220564;1.58;1.06;0;30.75;84.00;17.25;0;12.74;128.00;129.72
220965;1.37;1.05;0;30.75;84.00;12.00;0;11.77;162.70;145.42
221278;1.37;1.05;0;30.75;84.00;10.50;0;11.30;156.69;160.46
221665;1.46;1.06;0;30.75;84.75;12.75;0;11.82;127.96;137.73
222119;1.40;1.05;0;30.75;84.75;12.75;0;11.77;103.63;111.54
222510;1.43;1.05;0;30.75;84.75;16.50;0;12.35;92.10;90.33
222901;1.38;1.05;0;30.75;84.75;15.00;0;12.01;113.66;95.72
223218;1.43;1.04;0;30.75;84.75;13.50;0;11.78;109.19;89.96
223663;1.42;1.05;0;30.75;84.75;16.50;0;12.25;107.26;77.28
224107;1.40;1.04;0;30.75;84.75;14.25;0;11.88;97.04;69.96
224501;1.38;1.03;0;30.75;84.75;15.00;0;11.94;86.79;60.74
224896;1.35;1.02;0;30.75;84.75;13.50;0;11.72;86.56;51.83
225261;1.33;1.01;0;30.75;84.75;15.00;0;11.91;143.55;56.38
225712;1.35;1.03;0;30.75;84.75;14.25;0;11.90;124.45;50.90
226106;1.32;1.04;0;30.75;84.75;15.00;0;11.95;109.99;50.50
226553;1.38;1.05;0;30.75;84.75;13.50;0;11.76;93.90;43.10
226947;1.45;1.06;0;30.75;84.75;15.75;0;12.12;76.05;34.88
227260;1.42;1.07;0;30.75;84.75;15.00;0;11.98;58.41;30.33
227656;1.43;1.09;0;30.75;84.75;15.00;0;11.97;58.43;28.22
228046;1.43;1.09;0;30.75;84.75;14.25;0;11.88;79.17;31.27
228486;1.41;1.07;0;30.75;84.75;14.25;0;12.22;119.66;36.29
228933;1.46;1.06;0;30.75;84.75;16.50;0;12.24;155.60;33.18
229245;1.39;1.05;0;30.75;84.75;15.00;0;11.97;126.03;26.83
229694;2.96;1.04;0;30.75;84.75;12.75;3.92;12.96;96.79;20.58
230142;1.85;1.00;0;30.75;84.75;21.75;2.35;12.73;114.13;20.35
230546;3.91;1.00;0;30.75;84.75;24.00;10.98;26.94;105.29;84.84
230948;4.93;1.00;0;30.75;84.75;21.75;18.43;33.20;105.54;140.40
231269;5.90;1.00;16.00;30.75;84.75;15.00;27.85;38.76;118.68;152.20
231725;7.19;1.00;27.00;30.75;84.75;12.00;41.18;45.66;103.18;139.87
232128;7.96;1.00;36.00;30.75;84.75;14.25;52.55;51.11;202.98;211.37
232528;6.69;0.99;46.00;30.75;84.75;18.00;54.91;46.91;232.17;263.66
232980;2.98;1.00;48.00;30.75;84.75;47.25;10.98;15.75;294.59;320.90
233302;6.92;1.00;56.00;30.75;84.00;18.75;34.51;43.09;330.72;339.53
233704;5.50;1.00;60.00;30.75;84.00;20.25;36.08;41.83;341.78;350.13
234103;5.67;1.02;66.00;30.75;84.00;22.50;37.65;39.79;351.93;293.03
234556;3.55;1.00;67.00;30.75;84.00;37.50;13.33;27.08;337.69;320.53
234975;3.24;1.01;68.00;30.75;84.00;39.00;12.16;25.50;308.16;321.93
235300;4.46;1.00;70.00;30.75;84.00;32.25;20.00;32.28;324.63;327.65
235702;0.70;1.00;71.00;30.75;84.00;45.75;1.18;6.24;318.91;337.44
236150;0.92;1.01;70.00;30.75;84.00;41.25;1.96;7.26;309.94;340.95
236553;0.91;0.99;68.00;30.75;84.00;40.50;1.96;7.38;321.95;312.89
236949;0.57;1.00;67.00;30.75;84.00;41.25;0;8.42;310.90;300.06
237271;0.58;1.00;66.00;30.75;84.00;-30.00;0;0;329.10;276.23
237671;0.60;1.00;63.00;30.75;84.00;-30.00;0;0;337.34;318.50
238110;0.62;1.00;61.00;30.75;84.00;-30.00;0;0;349.72;339.14
238496;0.67;1.00;60.00;30.75;84.00;-30.00;0;0;353.30;349.90
238935;0.67;1.00;58.00;30.75;84.00;-30.00;0;0;357.48;355.25
239240;0.66;1.00;56.00;30.75;83.25;-30.00;0;0;358.16;343.26
239631;0.72;1.00;53.00;30.75;83.25;-30.00;0;0;338.98;333.42
240017;0.75;1.00;51.00;30.75;83.25;-30.00;0;0;366.93;317.66
240407;0.70;1.00;48.00;30.75;83.25;-30.00;0;0;360.25;343.42
240845;0.74;1.00;45.00;30.75;83.25;-30.00;0;0;325.66;315.02
241231;1.13;1.00;38.00;30.75;83.25;3.00;0;10.41;342.87;330.17
241682;1.02;1.00;33.00;30.75;83.25;13.50;0;12.28;343.81;237.35
242088;1.11;1.00;30.00;30.75;83.25;14.25;0;12.23;251.02;201.86
242485;0.48;1.00;27.00;30.75;83.25;15.00;0;12.33;205.90;203.25
242880;1.07;1.00;23.00;30.75;83.25;13.50;0;12.28;232.09;203.46
243246;4.99;1.01;21.00;30.75;83.25;0.75;8.24;15.08;214.48;193.15
243648;1.07;1.00;18.00;30.75;83.25;13.50;0;12.34;180.65;169.72
244057;1.36;1.01;16.00;30.75;83.25;13.50;0;12.14;203.31;207.45
244451;1.38;1.02;13.00;30.75;83.25;13.50;0;12.06;240.84;218.35
244850;1.63;1.01;11.00;30.75;83.25;12.75;0.39;11.64;264.53;233.68
245221;1.47;1.00;8.00;30.75;82.50;12.75;0.39;11.78;270.72;208.39
245617;1.33;0.99;7.00;30.75;82.50;13.50;0.39;11.78;255.63;167.49
246011;1.32;0.97;6.00;30.75;82.50;15.00;0;12.41;292.70;150.93
246413;1.31;0.96;5.00;30.75;82.50;15.00;0;12.33;245.28;129.25
246858;1.34;0.95;5.00;30.75;82.50;14.25;0;12.29;254.01;122.28
247254;1.37;0.94;3.00;30.75;82.50;15.00;0;12.30;250.16;121.54
247703;1.38;0.94;0;30.75;82.50;18.00;0;12.85;222.97;109.58
248098;1.26;0.96;0;30.75;82.50;12.00;0;11.73;210.18;150.17
248492;1.43;0.97;0;30.75;82.50;15.75;0;12.40;188.80;191.08
248886;1.42;0.98;0;30.75;82.50;12.75;0;11.88;176.77;172.04
249251;1.34;0.99;0;30.75;82.50;12.75;0;11.88;150.54;164.23
249694;1.51;1.00;0;30.75;82.50;23.25;0;13.52;137.88;171.28
250139;1.43;1.02;0;30.75;82.50;13.50;0;12.02;127.65;208.17
250535;6.88;1.00;0;30.75;82.50;3.00;16.08;36.90;138.55;238.05
250941;9.60;1.00;0;30.75;82.50;12.75;41.18;46.54;125.50;226.33
251262;7.32;1.00;0;30.75;82.50;12.75;46.28;48.75;111.36;283.42
251703;7.27;0.98;26.00;30.75;82.50;14.25;54.52;51.24;219.93;276.70
252111;7.14;0.98;36.00;30.75;82.50;14.25;54.91;51.50;292.07;312.21
252506;7.22;1.04;45.00;30.75;82.50;18.00;58.05;48.88;306.23;304.04
252908;0;1.00;48.00;30.75;82.50;44.25;0;4.03;248.79;329.00
253228;5.17;1.00;53.00;30.75;82.50;27.00;34.12;37.23;202.39;288.44
253639;6.29;1.00;58.00;30.00;82.50;21.75;34.91;42.20;226.76;201.47
254042;5.60;1.05;62.00;30.00;82.50;24.75;33.73;39.17;212.19;190.96
254444;5.33;1.04;66.00;30.00;82.50;26.25;34.51;37.93;190.57;189.34
254913;0.22;1.00;68.00;30.00;82.50;43.50;1.96;3.99;198.33;186.02
255285;4.94;1.00;71.00;30.00;82.50;27.75;24.32;36.11;148.82;151.59
255746;5.49;1.00;75.00;30.00;82.50;24.00;31.77;39.90;234.09;206.47
256144;3.56;1.00;78.00;30.00;82.50;26.25;23.53;37.07;273.89;272.44
256595;4.46;1.00;78.00;30.00;82.50;30.75;20.79;32.24;291.19;331.27
256990;5.20;0.99;80.00;30.00;82.50;24.00;26.28;38.03;310.61;325.31
257362;7.02;1.01;82.00;30.00;82.50;15.75;39.22;44.32;338.88;343.71
257814;4.34;1.00;82.00;30.00;82.50;34.50;14.51;26.07;351.31;344.84
258212;2.98;0.96;83.00;30.00;82.50;36.75;12.16;24.45;337.52;332.89
258614;2.92;0.96;83.00;30.00;82.50;37.50;11.37;23.95;306.02;297.17
259009;2.65;0.99;83.00;30.00;82.50;39.75;9.02;21.16;291.39;274.67
259378;1.44;1.00;82.00;30.00;82.50;44.25;3.92;11.67;300.06;275.20
259798;1.42;0.99;82.00;30.00;82.50;43.50;3.92;11.41;297.95;274.20
260191;1.37;0.98;81.00;30.00;82.50;42.75;3.92;11.20;264.24;282.60
260596;1.01;0.96;80.00;30.00;82.50;42.00;2.35;8.39;277.09;204.87
260996;0.99;0.95;78.00;30.00;82.50;41.25;2.35;8.21;278.24;187.06
261315;0.98;0.94;77.00;30.00;82.50;41.25;2.35;8.35;304.86;233.91
261760;0.98;0.93;75.00;30.00;82.50;39.75;2.35;8.50;319.67;288.59
262205;0.98;0.94;73.00;30.00;82.50;39.00;2.35;8.49;350.66;267.56
262652;1.06;0.95;72.00;30.00;82.50;38.25;2.35;8.92;338.42;312.36
263051;1.47;0.95;71.00;30.00;82.50;38.25;3.92;12.43;344.00;329.80
263454;0.89;1.00;71.00;30.00;82.50;37.50;1.96;8.15;325.88;345.49
263852;0.98;0.99;70.00;30.00;82.50;36.75;1.57;8.16;330.25;347.38
264252;0.98;0.98;68.00;30.00;82.50;36.75;1.96;8.23;350.88;348.71
264698;0.66;1.00;67.00;30.00;82.50;-30.00;0;0;331.52;319.14
265112;0.66;1.00;65.00;30.00;82.50;-30.00;0;0;341.93;315.92
265546;0.67;1.00;63.00;30.00;82.50;-30.00;0;0;351.60;336.19
265985;0.71;1.00;62.00;30.00;82.50;-30.00;0;0;284.49;291.21
266292;0.72;1.00;61.00;30.00;81.75;-30.00;0;0;272.66;264.36
266734;0.71;1.00;60.00;30.00;81.75;-30.00;0;0;191.18;156.04
267122;0.73;1.00;57.00;30.00;81.75;-30.00;0;0;126.73;103.06
267511;0.74;1.00;57.00;30.00;81.75;-30.00;0;0;78.82;64.08
267895;0.75;1.00;56.00;30.00;81.75;-30.00;0;0;49.00;41.97
268333;0.90;1.00;55.00;30.00;81.75;15.00;0;12.40;39.02;28.26
268734;0.86;1.00;53.00;30.00;81.75;16.50;0;12.44;34.98;34.61
269130;0.84;1.00;52.00;30.00;81.75;17.25;0;12.37;31.07;70.93
269527;0.86;1.00;51.00;30.00;81.75;15.00;0;12.40;24.31;89.08
269923;0.87;1.00;50.00;30.00;81.75;15.75;0;12.41;17.69;64.92
270239;0.86;1.00;48.00;30.00;81.75;15.75;0;12.39;13.67;69.96
270680;0.90;1.00;47.00;30.00;81.75;15.00;0;12.37;18.01;50.88
271125;0.92;1.00;43.00;30.00;81.75;15.00;0;12.36;81.89;59.29
271518;1.02;1.00;40.00;30.00;81.75;14.25;0;12.41;91.67;45.54
271935;1.07;1.00;37.00;30.00;81.75;14.25;0;12.35;117.90;47.67
272251;1.34;1.02;32.00;30.00;81.75;15.00;0;12.29;85.93;77.10
272700;1.39;1.02;28.00;30.00;81.75;15.00;0;12.35;99.51;60.27
273141;1.37;1.01;23.00;30.00;81.75;13.50;0;12.15;142.00;111.50
273603;1.37;1.00;20.00;30.00;81.75;13.50;0;12.14;193.74;143.10
273994;1.37;1.01;17.00;30.00;81.75;14.25;0;12.31;208.23;175.59
274308;1.45;1.02;15.00;30.00;81.75;14.25;0;12.30;184.66;211.67
274755;1.41;1.02;12.00;30.00;81.75;13.50;0;12.14;149.52;162.63
275149;1.39;1.01;11.00;30.00;81.75;14.25;0;12.34;143.98;139.07
275548;1.44;1.02;10.00;30.00;81.75;14.25;0;12.34;140.79;131.38
275939;1.42;1.01;8.00;30.00;81.75;14.25;0;12.33;135.77;165.58
276254;1.47;1.02;7.00;30.00;81.75;15.00;0;12.39;127.36;188.66
276703;1.40;1.03;7.00;30.00;81.75;14.25;0;12.30;155.13;180.61
277098;1.50;1.04;6.00;30.00;81.75;15.00;0;12.36;170.63;189.95
277495;1.41;1.05;6.00;30.00;81.75;12.75;0;11.94;171.10;162.27
277888;1.46;1.07;5.00;30.00;81.75;13.50;0;12.02;131.46;131.42
278287;1.43;1.06;5.00;30.00;81.75;11.25;0;11.39;106.46;100.95
278732;1.42;1.05;2.00;30.00;81.75;12.00;0;11.64;86.21;81.73
279182;1.36;1.04;0;30.00;81.75;14.25;0;12.04;62.81;62.77
279581;1.39;1.02;0;30.00;81.75;15.00;0;12.10;50.86;58.53
279976;1.48;1.04;0;30.00;81.75;16.50;0;12.38;43.40;49.96
280290;1.37;1.05;0;30.00;81.75;13.50;0;11.86;35.11;38.34
280683;1.42;1.06;0;30.00;81.75;15.00;0;12.06;28.42;31.03
281076;1.46;1.08;0;30.00;82.50;13.50;0;11.86;22.99;25.10
281475;1.45;1.09;0;30.00;82.50;15.00;0;12.09;18.57;21.40
281867;1.42;1.08;0;30.00;82.50;11.25;0;11.29;15.02;17.30
282260;1.43;1.06;0;30.00;82.50;15.00;0;12.08;12.13;13.98
282655;1.38;1.05;0;30.00;82.50;14.25;0;12.01;9.78;10.70
283048;1.46;1.04;0;30.00;82.50;14.25;0;12.03;7.89;10.98
283438;1.50;1.05;0;30.00;82.50;16.50;0;12.40;6.37;15.21
283830;1.42;1.06;0;30.00;82.50;16.50;0;12.40;6.86;24.74
284269;1.42;1.07;0;30.00;82.50;12.75;0;11.76;5.49;18.98
284661;1.42;1.06;0;30.00;82.50;12.00;0;11.58;6.43;17.58
285106;1.38;1.04;0;30.00;82.50;12.00;0;12.19;10.55;27.79
285557;1.37;1.06;0;30.00;82.50;11.25;0;11.25;15.08;30.94
285951;1.38;1.05;0;30.00;82.50;13.50;0;11.77;15.19;33.28
286264;1.42;1.04;0;30.00;82.50;18.00;0;12.56;42.54;41.56
286710;1.36;1.04;0;30.00;83.25;12.00;0;11.48;39.57;34.22
287157;1.44;1.06;0;30.00;83.25;14.25;0;11.88;45.13;76.69
287602;1.44;1.06;0;30.00;83.25;14.25;0;11.86;97.55;119.09
288042;1.38;1.05;0;30.00;83.25;15.00;0;11.90;92.16;136.34
288356;1.43;1.04;0;30.00;83.25;18.00;0;12.44;117.34;144.70
288809;1.35;1.02;0;30.00;83.25;15.75;0;12.01;121.95;180.03
289253;1.42;1.03;0;30.00;83.25;14.25;0;11.83;115.64;154.23
289647;1.46;1.04;0;30.00;83.25;15.75;0;12.03;104.86;183.91
290042;1.38;1.05;0;30.00;83.25;15.75;0;12.03;105.09;210.44
290400;1.40;1.06;0;30.00;83.25;13.50;0;11.68;132.71;210.77
290794;1.42;1.07;0;30.00;83.25;15.00;0;11.87;158.15;228.44
291255;1.43;1.06;0;30.00;83.25;12.75;0;11.51;162.33;254.48
291651;1.43;1.05;0;30.00;83.25;14.25;0;11.80;200.92;275.57
292042;1.39;1.04;0;30.00;83.25;15.75;0;11.99;214.05;269.94
292367;1.38;1.03;0;30.00;84.00;18.00;0;12.42;223.72;296.37
292766;1.38;1.02;0;30.00;84.00;16.50;0;12.15;250.63;305.98
293156;1.29;1.00;0;30.00;84.00;12.00;0;11.38;235.53;263.40
293550;1.45;1.02;0;30.00;84.00;19.50;0;12.59;221.96;292.01
293944;1.34;1.03;0;30.00;84.00;14.25;0;11.80;197.68;299.02
294257;1.43;1.04;0;30.00;84.00;15.75;0;12.01;189.69;292.89
294653;1.38;1.05;0;30.00;84.00;13.50;0;11.69;189.40;315.14
295047;1.42;1.06;0;30.00;84.00;15.75;0;12.03;192.86;303.73
295362;1.38;1.05;0;30.00;84.00;13.50;0;11.70;164.40;274.05
295757;1.40;1.03;0;30.00;84.00;16.50;0;12.21;141.36;221.98
296153;1.33;1.03;0;30.00;84.00;14.25;0;11.86;144.07;216.57
296543;1.42;1.04;0;30.00;84.00;14.25;0;11.88;146.26;207.39
296934;1.41;1.04;0;30.00;84.00;13.50;0;11.73;159.93;237.43
297387;1.41;1.03;0;30.00;84.00;13.50;0;11.72;188.76;246.94
297776;1.38;1.02;0;30.00;84.00;18.00;0;12.46;192.33;264.24
298169;1.42;1.00;0;30.00;84.00;19.50;0;12.59;206.12;265.57
298566;1.46;1.01;0;30.00;84.00;16.50;0;12.21;216.26;260.02
298959;1.42;1.02;0;30.00;84.75;15.00;0;11.91;217.92;230.20
299328;1.47;1.03;0;30.00;84.75;15.00;0;11.94;182.63;190.14
299718;1.46;1.05;0;30.00;84.75;17.25;0;12.35;192.94;192.18
300115;1.37;1.05;0;30.00;84.75;12.00;0;11.43;187.82;202.94
300506;1.43;1.04;0;30.00;84.75;16.50;0;12.20;182.45;179.91
300952;1.34;1.04;0;30.00;84.75;13.50;0;11.70;155.75;168.35
301313;1.46;1.04;0;30.00;84.75;19.50;0;12.58;185.32;153.37
301754;1.54;1.04;0;30.00;84.75;18.00;0;12.44;181.67;139.00
302145;1.50;1.05;0;30.00;84.75;15.75;0;12.03;181.39;143.78
302541;1.49;1.06;0;30.00;84.75;16.50;0;12.17;216.37;177.88
302934;1.36;1.04;0;30.00;84.75;13.50;0;11.69;250.88;213.54
303328;1.35;1.03;0;30.00;84.75;15.00;0;11.90;254.52;224.28
303723;1.35;1.02;0;30.00;84.75;14.25;0;12.22;222.13;214.54
304115;1.37;1.03;0;30.00;84.75;14.25;0;11.88;219.26;197.96
304506;1.34;1.05;0;30.00;84.75;10.50;0;11.06;208.78;176.30
304905;1.38;1.06;0;30.00;84.75;12.00;0;11.46;218.42;204.23
305299;1.46;1.05;0;30.00;84.75;15.75;0;12.07;227.60;216.72
305692;1.42;1.04;0;30.00;84.75;12.75;0;11.55;238.52;207.12
306086;1.42;1.02;0;30.00;84.75;15.75;0;12.00;242.50;198.64
306477;1.37;1.01;0;30.00;84.75;16.50;0;12.13;241.39;200.77
306870;1.34;1.01;0;30.00;84.75;15.00;0;11.86;246.20;211.30
307262;1.42;1.03;0;30.00;84.75;16.50;0;12.18;230.57;169.72
307658;1.43;1.04;0;30.00;84.75;17.25;0;12.37;186.73;144.83
308053;1.37;1.05;0;30.00;84.75;13.50;0;11.73;159.40;123.64
308368;1.54;1.06;0;30.00;84.75;18.00;0;12.52;152.04;115.31
308763;1.47;1.07;0;30.00;84.75;17.25;0;12.14;116.81;101.58
309159;1.40;1.06;0;30.00;84.75;13.50;0;11.78;94.58;82.24
309552;1.36;1.04;0;30.00;84.75;13.50;0;11.76;89.06;74.37
309947;1.34;1.03;0;30.00;84.75;12.75;0;11.59;133.55;112.77
310355;1.35;1.02;0;30.00;84.75;15.00;0;11.93;153.15;116.22
310800;1.35;1.03;0;30.00;84.75;15.00;0;11.90;165.28;140.54
311238;1.54;1.04;0;30.00;84.75;18.00;0;12.46;169.54;158.80
311633;1.43;1.04;0;30.00;84.75;13.50;0;11.72;161.45;128.59
312023;1.36;1.03;0;30.00;84.75;15.00;0;11.95;137.82;117.16
312337;1.43;1.01;0;30.00;84.75;18.00;0;12.52;111.59;102.67
312782;1.34;1.03;0;30.00;84.75;13.50;0;11.77;90.35;83.14
313176;1.40;1.04;0;30.00;84.75;16.50;0;12.31;73.14;67.30
313570;1.44;1.05;0;30.00;84.75;15.75;0;12.19;59.21;51.68
313964;1.42;1.06;0;30.00;84.75;16.50;0;12.31;50.54;44.10
314285;1.42;1.07;0;30.00;84.75;12.75;0;11.69;40.92;35.70
314674;1.42;1.06;0;30.00;84.75;13.50;0;12.48;33.12;28.88
315065;1.44;1.07;0;30.00;84.75;15.00;0;12.08;26.78;24.65
315428;1.58;1.06;0;30.00;84.75;17.25;0;12.49;20.55;18.89
315873;1.46;1.05;0;30.00;84.75;17.25;0;12.48;16.60;15.25
316263;1.40;1.04;0;30.00;84.75;15.00;0;12.04;13.40;11.66
316658;1.50;1.03;0;30.00;84.75;19.50;0;12.79;10.82;9.39
317101;1.38;1.04;0;30.00;84.75;13.50;0;11.86;8.28;7.19
317508;1.46;1.05;0;30.00;84.75;12.75;0;11.73;6.68;5.80
317902;1.40;1.05;0;30.00;84.75;13.50;0;11.88;5.39;4.67
318295;1.44;1.04;0;30.00;84.75;12.75;0;11.73;4.32;5.76
318689;1.40;1.03;0;30.00;84.75;15.00;0;12.10;3.65;4.88
319082;1.41;1.02;0;30.00;84.75;15.00;0;12.10;2.91;3.93
319437;1.48;1.01;0;30.00;84.75;19.50;0;12.82;4.67;2.97
319832;1.46;1.03;0;30.00;84.75;18.00;0;12.68;3.75;2.38
320225;1.46;1.04;0;30.00;84.75;17.25;0;12.55;3.01;1.89
320614;1.41;1.05;0;30.00;84.75;14.25;0;12.04;2.27;1.50
321007;1.48;1.06;0;30.00;84.75;13.50;0;11.88;1.91;3.38
321371;1.39;1.04;0;30.00;84.75;14.25;0;12.01;1.50;2.71
321766;1.38;1.03;0;30.00;84.75;13.50;0;11.84;1.19;4.37
322161;1.40;1.02;0;30.00;84.75;16.50;0;11.69;0.94;3.32
322556;1.45;1.03;0;30.75;84.75;19.50;0;12.73;3.07;2.66
322955;1.45;1.04;0;30.75;84.75;12.75;0;11.65;2.44;4.12
323345;1.47;1.05;0;30.75;84.75;15.00;0;11.97;3.73;19.24
323749;1.43;1.05;0;30.75;84.75;12.00;0;11.48;2.99;15.55
324140;1.34;1.04;0;30.75;84.75;14.25;0;11.91;4.73;12.58
324533;1.33;1.02;0;30.75;84.75;12.00;0;11.46;5.90;16.70
324927;1.34;1.03;0;30.75;85.50;13.50;0;11.72;11.31;27.91
325336;1.35;1.04;0;30.75;85.50;12.00;0;11.42;30.96;30.56
325730;1.40;1.04;0;30.75;85.50;17.25;0;12.32;70.03;40.64
326121;1.35;1.04;0;30.75;85.50;15.00;0;11.90;126.16;102.36
326594;1.39;1.04;0;30.75;85.50;14.25;0;11.80;166.55;144.50
326985;1.38;1.03;0;30.75;85.50;14.25;0;11.82;176.88;149.58
327293;1.42;1.02;0;30.75;85.50;18.00;0;12.41;178.91;155.40
327688;1.43;1.00;0;30.75;85.50;19.50;0;12.56;187.43;167.35
328084;1.29;1.01;0;30.75;85.50;13.50;0;11.65;219.26;178.45
328397;1.38;1.02;0;30.75;85.50;12.75;0;11.51;209.58;213.97
328841;1.43;1.03;0;30.75;85.50;15.00;0;11.86;220.45;205.87
329235;1.46;1.04;0;30.75;85.50;14.25;0;11.82;209.46;197.62
329629;1.47;1.04;0;30.75;85.50;18.00;0;12.44;168.31;189.64
330026;1.48;1.03;0;30.75;85.50;21.00;0;12.15;151.47;186.08
330338;1.40;1.01;0;30.75;85.50;18.00;0;12.45;138.27;180.28
330735;1.33;1.00;0;30.75;85.50;15.00;0;11.90;126.01;170.89
331128;1.34;1.02;0;30.75;85.50;13.50;0;11.72;140.23;161.47
331523;1.40;1.03;0;30.75;85.50;14.25;0;11.84;155.99;173.19
331969;1.40;1.05;0;30.75;85.50;14.25;0;11.80;195.77;209.71
332356;1.47;1.05;0;30.75;85.50;14.25;0;11.82;216.92;220.18
332744;1.44;1.04;0;30.75;85.50;15.00;0;11.86;245.12;229.63
333187;1.44;1.02;0;30.75;85.50;18.00;0;12.41;249.22;255.45
333578;1.35;1.01;0;30.75;85.50;16.50;0;12.13;269.30;276.35
333973;2.42;1.02;0;30.75;85.50;12.75;1.18;12.07;284.20;255.82
334370;2.56;1.00;0;30.75;85.50;26.25;5.49;19.16;207.15;193.87
334768;2.80;0.98;0;30.75;86.25;19.50;5.88;21.05;135.85;127.12
335219;2.89;0.97;7.00;30.75;86.25;18.00;5.88;21.80;89.08;79.08
335667;2.84;0.98;11.00;30.75;86.25;16.50;5.10;20.90;61.58;57.59
336076;2.44;1.00;13.00;30.75;86.25;20.25;4.71;18.36;47.28;44.20
336447;2.72;1.00;18.00;30.75;86.25;27.75;7.06;21.45;27.85;25.99
336845;2.70;1.00;23.00;30.75;86.25;27.00;7.45;21.85;18.18;16.97
337294;2.78;0.97;27.00;30.75;86.25;33.00;8.24;23.17;12.79;9.92
337694;3.38;0.99;32.00;30.75;86.25;33.00;12.55;27.03;7.09;5.80
338149;2.64;1.00;33.00;30.75;86.25;21.75;4.71;15.36;3.48;6.17
338550;4.14;1.00;36.00;30.75;86.25;26.25;14.51;29.22;4.32;3.75
338955;4.41;1.00;41.00;30.00;86.25;25.50;18.43;32.73;2.46;2.15
339406;6.19;1.00;47.00;30.00;86.25;17.25;28.63;40.89;2.30;0.94
339806;6.71;1.00;53.00;30.00;86.25;15.75;36.87;45.64;1.05;2.48
340204;6.85;1.01;58.00;30.00;86.25;16.50;45.10;46.67;2.13;1.02
340656;3.70;1.00;61.00;30.00;86.25;36.00;15.30;28.53;0.88;0.37
341108;4.40;1.00;62.00;30.00;86.25;29.25;20.39;33.79;1.91;0.12
341428;5.22;1.00;66.00;30.00;86.25;25.50;23.92;37.98;2.52;1.19
341826;0;1.00;67.00;30.00;86.25;42.00;0;4.28;1.19;0.47
342224;2.70;0.99;68.00;30.00;87.00;25.50;9.02;20.46;2.30;0.16
342687;2.48;0.93;70.00;30.00;87.00;38.25;8.63;20.83;1.11;0
343090;0.42;0.90;70.00;30.00;87.00;39.75;1.18;6.16;0.51;0
343402;0.60;1.01;68.00;30.00;87.00;40.50;0.39;5.07;0.20;0
343800;0.63;1.02;67.00;30.00;87.00;39.75;0.39;5.65;2.87;0
344193;0.68;1.03;66.00;30.00;87.00;39.00;0.39;5.89;1.80;2.09
344589;0.70;1.04;65.00;30.00;87.00;39.00;0.39;6.01;0.88;1.07
344983;0.59;1.00;62.00;30.00;86.25;-30.00;0;0;0.39;2.15
345447;0.62;1.00;61.00;30.00;86.25;-30.00;0;0;2.03;2.30
345834;0.64;1.00;58.00;30.00;86.25;-30.00;0;0;1.05;3.18
346221;0.65;1.00;57.00;30.00;86.25;-30.00;0;0;0.55;1.80
346659;0.66;1.00;55.00;30.00;86.25;-30.00;0;0;0.27;1.00
347097;0.68;1.00;52.00;30.00;86.25;-30.00;0;0;0.10;0.55
347404;0.70;1.00;50.00;30.00;86.25;-30.00;0;0;1.70;0.27
347796;0.90;1.00;47.00;30.00;86.25;3.00;0;8.71;1.19;0.14
348189;0.83;1.00;45.00;30.00;86.25;15.75;0;11.86;0.70;5.90
348649;0.91;1.00;41.00;30.00;86.25;14.25;0;11.85;16.27;7.83
349052;0.98;1.00;37.00;30.00;86.25;13.50;0;11.93;60.56;56.87
349376;1.10;1.00;33.00;30.00;85.50;14.25;0;11.98;96.42;152.04
349832;1.38;1.01;30.00;30.00;85.50;13.50;0;11.81;127.10;142.14
350240;1.32;1.02;26.00;30.00;85.50;13.50;0;11.78;153.62;167.47
350633;1.39;1.02;23.00;30.00;85.50;13.50;0;11.85;118.02;135.64
351026;1.42;1.01;22.00;30.00;85.50;15.00;0;12.04;100.74;115.79
351343;1.36;1.00;20.00;30.00;85.50;13.50;0;11.84;81.56;93.76
351793;1.40;1.01;17.00;30.00;85.50;15.00;0;12.02;74.23;72.01
352191;1.36;1.02;16.00;30.00;85.50;14.25;0;11.95;57.03;55.27
352646;1.41;1.03;15.00;30.00;85.50;13.50;0;11.82;43.79;44.74
353043;1.55;1.04;13.00;30.00;85.50;18.00;0;12.60;37.34;38.18
353360;1.34;1.05;12.00;30.00;85.50;14.25;0;11.98;30.19;30.88
353809;1.43;1.05;11.00;30.00;85.50;15.75;0;12.20;23.14;22.46
354206;1.40;1.04;10.00;30.00;85.50;14.25;0;12.01;17.75;20.39
354604;1.32;1.03;8.00;30.00;85.50;14.25;0;12.03;16.58;17.64
354999;1.49;1.01;8.00;30.00;85.50;15.00;0;12.08;13.38;15.04
355364;1.34;1.00;7.00;30.00;85.50;15.00;0;12.06;10.80;12.15
355758;1.32;1.00;7.00;30.00;85.50;14.25;0;11.98;8.71;12.03
356152;1.37;1.01;6.00;30.00;85.50;13.50;0;11.82;7.03;9.73
356549;1.33;1.02;5.00;30.00;85.50;11.25;0;11.23;11.89;21.78
356966;1.47;1.03;5.00;30.00;85.50;16.50;0;12.28;16.15;47.83
357360;1.45;1.05;5.00;30.00;85.50;12.75;0;11.65;13.03;38.69
357753;1.49;1.06;2.00;30.00;85.50;14.25;0;11.91;16.19;33.53
358152;1.45;1.07;0;30.00;85.50;12.75;0;11.63;19.63;29.33
358550;1.34;1.07;0;30.00;85.50;10.50;0;11.02;31.81;30.62
358941;1.54;1.06;0;30.00;85.50;19.50;0;12.56;25.72;47.11
359335;1.43;1.04;0;30.00;85.50;13.50;0;11.65;25.25;40.35
359730;1.35;1.03;0;30.00;85.50;13.50;0;11.64;32.87;38.88
360124;1.47;1.02;0;30.00;85.50;17.25;0;12.25;41.17;37.61
360439;1.38;1.01;0;30.00;85.50;15.00;0;11.82;108.66;79.45
360841;1.38;1.02;0;30.00;85.50;17.25;0;12.20;120.91;97.22
361231;1.29;1.04;0;30.00;85.50;12.75;0;11.42;131.14;103.26
361633;1.39;1.05;0;30.00;85.50;15.75;0;11.88;113.59;79.29
362029;1.44;1.06;0;30.00;85.50;16.50;0;12.03;121.50;88.88
362361;1.42;1.07;0;30.00;85.50;12.75;0;11.41;143.37;98.20
362757;1.45;1.08;0;30.00;85.50;13.50;0;11.54;116.11;79.51
363150;1.51;1.08;0;30.00;85.50;15.00;0;11.78;103.98;103.26
363548;1.42;1.07;0;30.00;85.50;14.25;0;11.71;100.17;91.79
363943;1.42;1.06;0;30.00;85.50;15.75;0;11.95;142.57;95.52
364334;1.43;1.05;0;30.00;85.50;15.75;0;11.99;160.46;85.56
364724;1.44;1.03;0;30.00;85.50;17.25;0;12.31;173.62;81.50
365118;1.42;1.02;0;30.00;85.50;18.00;0;12.35;148.21;69.55
365487;1.34;1.02;0;30.00;85.50;12.75;0;11.60;120.01;53.41
365878;1.42;1.03;0;30.00;85.50;14.25;0;11.87;105.38;51.79
366322;1.35;1.05;0;30.00;85.50;14.25;0;11.84;135.42;88.76
366714;1.45;1.06;0;30.00;85.50;17.25;0;12.31;160.34;122.57
367166;1.40;1.06;0;30.00;85.50;12.75;0;11.55;172.55;141.94
367556;1.46;1.05;0;30.00;85.50;19.50;0;12.60;174.01;146.14
367952;1.46;1.04;0;30.00;85.50;19.50;0;12.60;184.62;144.78
368335;1.44;1.05;0;30.00;85.50;16.50;0;12.20;199.87;140.89
368784;1.48;1.04;0;30.00;85.50;15.75;0;12.06;193.58;148.37
369230;1.42;1.05;0;30.00;85.50;16.50;0;12.21;162.02;137.61
369675;1.54;1.05;0;30.00;85.50;16.50;0;12.24;124.46;111.44
370063;1.38;1.04;0;30.00;85.50;15.00;0;11.97;106.24;95.13
370376;1.38;1.03;0;30.00;85.50;15.00;0;11.98;86.01;77.03
370764;1.38;1.02;0;30.00;85.50;16.50;0;12.29;66.07;59.16
371204;1.41;1.04;0;30.00;85.50;16.50;0;12.31;56.38;50.49
371594;1.43;1.05;0;30.00;85.50;15.00;0;12.05;49.33;38.75
371989;1.56;1.06;0;30.00;85.50;16.50;0;12.38;39.94;33.71
372432;1.44;1.07;0;30.00;85.50;14.25;0;12.03;81.56;54.53
372828;1.43;1.06;0;30.00;85.50;14.25;0;12.04;62.63;44.14
373217;1.42;1.04;0;30.00;85.50;14.25;0;12.03;50.68;37.71
373658;1.42;1.03;0;30.00;85.50;15.00;0;12.10;41.01;30.51
374099;1.39;1.03;0;30.00;85.50;15.75;0;12.27;33.20;26.89
374409;1.42;1.05;0;30.00;85.50;13.50;0;11.97;35.78;30.66
374855;1.43;1.06;0;30.00;85.50;13.50;0;12.01;90.40;73.39
375248;1.56;1.07;0;30.00;85.50;16.50;0;12.50;89.21;63.53
375692;1.59;1.08;0;30.00;85.50;15.00;0;12.21;87.03;59.90
376086;1.42;1.07;0;30.00;85.50;14.25;0;12.15;86.75;59.68
376402;1.54;1.06;0;30.00;85.50;17.25;0;12.67;87.85;73.22
376795;1.39;1.05;0;30.00;86.25;12.75;0;11.85;79.35;59.25
377192;1.38;1.03;0;30.00;86.25;14.25;0;12.12;60.95;45.50
377636;1.38;1.05;0;30.00;86.25;14.25;0;12.11;53.24;34.94
378073;1.46;1.06;0;30.00;86.25;15.00;0;12.20;45.45;36.72
378386;1.54;1.07;0;30.00;86.25;14.25;0;12.11;51.91;72.40
378780;1.49;1.07;0;30.00;86.25;14.25;0;12.08;39.84;58.59
379218;1.42;1.06;0;30.00;86.25;13.50;0;11.90;30.56;48.32
379611;1.48;1.05;0;30.00;86.25;18.00;0;12.68;26.05;41.23
380004;1.39;1.04;0;30.00;86.25;15.00;0;12.08;21.07;33.36
380397;1.38;1.03;0;30.00;86.25;13.50;0;11.86;23.59;25.60
380791;1.42;1.03;0;30.00;86.25;15.75;0;12.20;19.10;20.70
381180;1.51;1.05;0;30.00;86.25;16.50;0;12.38;15.43;16.74
381574;1.40;1.06;0;30.00;86.25;12.75;0;11.58;11.82;13.53
381969;1.42;1.06;0;30.00;86.25;11.25;0;11.21;13.96;19.86
382359;1.37;1.04;0;30.00;86.25;13.50;0;11.73;29.10;23.65
382805;1.37;1.03;0;30.00;86.25;16.50;0;12.17;68.53;40.93
383194;1.38;1.02;0;30.00;86.25;15.00;0;11.86;59.59;35.49
383639;1.44;1.02;0;30.00;86.25;16.50;0;12.13;53.88;43.16
384031;1.48;1.03;0;30.00;87.00;15.00;0;11.34;106.61;104.39
384490;1.38;1.03;0;30.00;87.00;14.25;0;11.75;103.49;128.19
384882;1.38;1.02;0;30.00;87.00;12.75;0;11.46;153.25;130.03
385281;4.93;1.00;0;30.00;87.00;23.25;18.04;32.13;183.62;109.19
385683;5.10;1.00;0;30.00;87.00;20.25;23.14;35.56;108.35;64.39
386128;5.70;1.00;16.00;30.00;87.00;15.75;28.24;40.07;66.28;35.99
386452;5.94;1.04;25.00;30.00;87.00;14.25;31.38;40.37;37.05;22.21
386854;6.25;1.00;33.00;30.00;87.00;14.25;34.51;43.63;20.66;12.32
387251;5.92;1.05;41.00;30.00;87.00;21.75;34.91;41.92;9.78;6.13
387705;5.06;1.00;46.00;30.00;87.00;45.00;10.59;19.08;4.10;2.40
388109;6.74;1.00;50.00;30.00;87.00;22.50;26.67;40.08;1.86;1.11
388426;5.98;1.00;55.00;30.00;87.00;21.00;32.16;42.41;0.78;0.43
388824;5.48;0.99;60.00;30.00;87.00;23.25;32.94;40.04;0.27;1.72
389225;0;1.00;65.00;30.00;87.00;48.75;0;4.79;0;0.62
389676;2.52;1.00;66.00;30.00;87.00;41.25;8.24;21.32;0;0.21
390078;1.36;1.00;66.00;30.00;87.00;46.50;3.92;12.03;0;1.50
390389;0.99;0.99;66.00;30.00;87.00;45.00;1.96;7.91;0;0.66
390783;3.63;1.00;66.00;30.00;87.75;37.50;12.55;26.62;2.09;1.91
391198;3.19;0.97;68.00;30.00;87.75;38.25;12.55;25.98;0.90;0.88
391515;3.22;1.01;70.00;30.00;87.75;39.00;12.16;25.48;0.41;2.13
392003;5.36;1.00;73.00;30.00;87.75;26.25;27.06;37.49;0.04;2.42
392403;6.15;1.00;76.00;30.00;87.75;20.25;37.26;42.84;0;1.00
392851;6.76;1.00;81.00;30.00;87.75;18.00;46.28;45.04;0.72;0.23
393299;6.99;1.04;85.00;30.00;87.75;18.00;54.12;46.07;1.19;0
393696;5.74;1.00;86.00;30.00;87.00;27.75;26.67;35.18;0.39;0
394097;2.51;1.00;88.00;30.00;87.00;29.25;25.49;34.71;0.08;1.56
394416;3.37;1.00;88.00;30.00;87.00;36.75;13.73;25.81;0;0.84
394810;3.21;0.97;88.00;30.00;87.00;36.75;13.73;25.81;0;2.01
395194;3.43;1.04;90.00;29.25;87.00;36.75;13.73;25.87;0;3.05
395638;3.35;1.01;90.00;29.25;87.00;37.50;13.73;25.84;0;1.05
396033;3.06;1.01;91.00;29.25;86.25;39.75;10.98;23.49;0;0.39
396431;0.50;1.00;88.00;29.25;86.25;-30.00;0;0;0;0.12
396835;0.55;1.00;87.00;29.25;86.25;-30.00;0;0;0;1.66
397269;0.55;1.00;85.00;29.25;86.25;-30.00;0;0;0;1.84
397701;0.54;1.00;81.00;29.25;86.25;-30.00;0;0;2.09;1.02
398089;0.59;1.00;78.00;29.25;86.25;-30.00;0;0;1.23;0.57
398412;0.59;1.00;75.00;29.25;86.25;-30.00;0;0;0.57;6.97
398797;0.66;1.00;68.00;29.25;85.50;-30.00;0;0;0.25;3.83
399187;0.70;1.00;63.00;29.25;85.50;-30.00;0;0;2.01;2.44
399545;1.15;1.00;58.00;29.25;85.50;3.00;0;10.83;1.05;1.35
399946;0.98;1.00;55.00;29.25;85.50;15.00;0.39;12.06;2.21;4.16
400404;0.68;1.00;51.00;29.25;85.50;-30.00;0;0;3.11;2.52
400808;0.70;1.00;47.00;29.25;84.75;-30.00;0;0;3.26;1.43
401201;0.50;1.00;46.00;29.25;84.75;-30.00;0;0;42.58;83.16
401659;0.61;1.00;41.00;29.25;84.75;-30.00;0;0;178.13;173.62
402063;0.69;1.00;36.00;29.25;84.75;-30.00;0;0;237.02;252.17
402501;1.14;1.00;32.00;29.25;84.75;1.50;0;8.66;285.49;291.41
402896;0.94;1.00;28.00;29.25;84.75;15.00;0;12.11;222.11;244.65
403359;1.17;1.00;26.00;29.25;84.00;18.75;0.39;10.22;165.26;163.00
403760;2.10;1.00;25.00;29.25;84.00;6.00;2.75;11.46;195.32;171.79
404210;2.12;0.99;26.00;30.00;84.00;11.25;3.14;14.01;230.59;172.22
404670;3.65;1.01;27.00;30.00;84.00;16.50;6.28;20.62;264.30;201.73
405124;5.24;1.00;30.00;30.00;84.00;17.25;16.47;33.80;243.70;206.00
405503;4.85;1.00;35.00;30.00;84.00;18.00;23.14;36.16;233.42;225.28
405901;4.68;1.00;40.00;30.00;84.00;19.50;23.14;35.67;223.77;247.84
406297;4.98;1.05;45.00;30.00;84.00;21.75;23.14;36.63;215.90;204.32
406695;2.90;1.00;46.00;30.00;83.25;23.25;5.49;16.73;201.92;162.41
407151;2.40;1.00;47.00;30.00;83.25;28.50;5.88;18.34;247.45;197.72
407467;2.36;0.98;48.00;30.00;83.25;33.75;5.88;18.77;280.28;266.41
407867;2.22;0.95;50.00;30.00;83.25;34.50;5.88;18.54;315.14;306.97
408264;1.98;0.93;51.00;30.00;83.25;36.00;5.10;17.17;332.01;321.33
408665;1.65;0.91;52.00;29.25;83.25;36.75;3.92;14.57;340.15;332.83
409121;1.34;0.91;52.00;29.25;83.25;37.50;3.14;12.08;345.52;328.42
409436;1.13;0.92;52.00;29.25;83.25;37.50;2.35;9.71;332.22;346.11
409828;0.76;1.00;52.00;29.25;83.25;40.50;0;13.58;349.41;330.10
410234;0.62;1.00;52.00;29.25;83.25;-30.00;0;0;332.69;346.93
410635;0.68;1.00;51.00;29.25;83.25;-30.00;0;0;323.69;333.73
411074;0.66;1.00;50.00;29.25;83.25;-30.00;0;0;287.60;277.95
411461;0.72;1.00;48.00;29.25;83.25;-30.00;0;0;273.83;278.85
411848;0.93;1.00;48.00;29.25;83.25;33.75;0.39;7.28;169.40;164.62
412243;1.26;1.00;48.00;29.25;83.25;33.75;1.96;9.65;222.64;219.77
412635;1.47;1.00;48.00;29.25;82.50;33.00;2.75;11.30;227.68;242.88
413041;1.64;0.99;48.00;29.25;82.50;33.75;3.14;12.98;258.77;281.72
413409;2.09;0.96;50.00;29.25;82.50;35.25;5.49;17.23;302.44;316.00
413808;2.07;0.94;51.00;29.25;82.50;36.00;5.49;17.67;327.87;333.81
414206;2.10;0.96;51.00;29.25;82.50;36.75;5.49;17.58;343.28;307.85
414521;2.10;0.96;52.00;29.25;82.50;37.50;5.49;17.39;350.92;330.68
414965;2.01;0.93;53.00;29.25;82.50;38.25;5.49;17.44;334.98;338.30
415374;1.98;0.92;53.00;29.25;82.50;38.25;5.49;17.20;345.68;340.88
415764;1.98;0.95;55.00;29.25;82.50;39.00;5.49;16.84;345.72;330.21
416160;1.95;0.94;55.00;29.25;82.50;39.00;5.49;16.78;327.05;350.06
416471;1.77;0.91;56.00;29.25;82.50;39.00;4.71;15.52;352.97;341.58
416868;1.54;0.91;56.00;29.25;82.50;39.75;3.92;13.29;348.40;339.04
417314;1.61;0.93;56.00;29.25;82.50;39.75;4.31;13.74;342.67;340.54
417707;3.09;1.00;57.00;29.25;82.50;37.50;9.41;23.56;342.60;323.10
418159;3.50;0.99;58.00;29.25;82.50;33.75;13.33;27.31;294.90;339.26
418536;3.83;1.02;62.00;29.25;82.50;32.25;16.86;29.61;303.95;259.57
418939;1.58;1.00;62.00;29.25;82.50;39.00;2.75;7.65;324.82;309.06
419388;1.90;1.00;62.00;29.25;81.75;32.25;5.10;14.26;214.52;208.13
419792;1.95;0.98;63.00;29.25;81.75;38.25;5.49;15.54;120.11;129.50
420193;1.89;0.96;63.00;29.25;81.75;38.25;5.49;15.49;84.45;87.92
420502;1.76;0.94;63.00;29.25;81.75;38.25;5.10;15.39;52.93;52.87
420895;1.71;0.91;63.00;29.25;81.75;38.25;5.10;15.12;31.17;31.68
421286;1.62;0.89;63.00;29.25;81.75;38.25;4.71;14.58;17.40;17.69
421683;1.64;0.91;63.00;29.25;81.75;38.25;4.71;14.53;11.56;9.82
422073;1.68;0.93;63.00;29.25;81.75;38.25;4.71;14.77;6.07;5.45
422465;1.63;0.92;63.00;29.25;81.75;38.25;4.71;14.27;3.32;2.97
422905;1.48;0.90;63.00;29.25;81.75;38.25;4.31;13.10;1.80;3.22
423350;1.50;0.92;63.00;29.25;81.75;38.25;4.31;13.16;0.76;1.43
423741;2.18;0.94;63.00;29.25;81.75;38.25;6.28;18.04;0.35;2.32
424185;2.22;0.93;65.00;29.25;81.75;38.25;6.67;19.18;0.20;1.37
424553;2.14;0.90;66.00;29.25;81.75;38.25;7.06;19.06;0;2.68
424949;2.18;0.94;66.00;29.25;81.75;39.00;6.67;18.77;0;1.43
425399;2.18;0.93;66.00;29.25;81.75;39.00;6.67;18.72;0;2.48
425782;2.06;0.90;67.00;29.25;81.75;39.00;6.67;18.37;2.09;1.31
426176;2.03;0.92;67.00;28.50;81.75;39.75;6.67;17.77;1.23;0.72
426494;2.10;0.96;68.00;28.50;81.75;40.50;6.28;17.66;0.61;2.40
426895;3.36;1.00;70.00;28.50;81.75;34.50;12.55;25.33;0.25;5.80
427302;4.36;1.00;72.00;28.50;81.75;28.50;20.39;31.97;0;7.64
427701;4.90;0.97;75.00;28.50;81.75;23.25;24.71;37.51;1.76;3.75
428103;2.80;1.00;73.00;28.50;81.75;34.50;3.92;11.49;0.96;4.06
428424;2.56;1.00;75.00;28.50;81.75;35.25;7.45;19.80;1.93;2.05
428871;2.46;0.96;76.00;28.50;81.75;38.25;7.45;19.93;0.82;0.82
429268;2.26;0.92;76.00;28.50;81.75;39.75;7.06;19.37;0.33;0.33
429665;1.96;0.89;77.00;28.50;81.75;40.50;6.28;17.73;1.64;0.12
430069;1.81;0.92;77.00;28.50;81.75;40.50;5.49;15.77;0.78;0
430512;1.75;0.92;77.00;28.50;81.75;40.50;5.49;15.23;0.35;0
430898;1.65;0.90;77.00;28.50;81.75;40.50;5.10;14.82;0.12;2.75
431291;1.64;0.89;77.00;28.50;81.00;40.50;5.10;14.79;0;1.37
431685;1.62;0.91;77.00;28.50;81.00;40.50;4.71;14.29;2.09;0.68
432079;1.60;0.91;77.00;28.50;81.00;40.50;4.71;14.04;2.32;0.29
432465;1.58;0.89;76.00;28.50;81.00;40.50;4.71;14.32;1.13;0.08
432860;1.55;0.87;76.00;28.50;81.00;40.50;4.71;14.37;0.57;3.26
433251;1.60;0.90;76.00;28.50;81.00;40.50;4.71;14.32;0.23;1.64
433692;2.29;0.92;76.00;28.50;81.00;40.50;7.06;17.16;3.38;0.84
434153;2.58;0.97;77.00;28.50;81.00;38.25;8.24;20.72;1.70;0.35
434473;2.54;0.93;77.00;28.50;81.00;38.25;9.02;21.54;0.88;0.12
434867;2.49;0.93;78.00;28.50;81.00;39.00;9.02;21.46;0.33;6.74
435314;2.50;0.98;80.00;28.50;81.00;39.75;8.24;20.27;0.10;3.50
435718;2.46;0.96;80.00;28.50;81.00;39.75;8.24;20.36;0;1.78
436109;3.66;1.00;81.00;28.50;81.00;33.75;14.51;26.42;1.76;0.80
436567;4.01;1.00;82.00;28.50;81.00;30.00;19.22;30.79;0.64;0.27
436963;4.63;1.00;85.00;28.50;81.00;25.50;22.75;35.16;1.70;2.15
437361;4.86;1.05;86.00;28.50;81.00;26.25;22.75;35.28;2.23;3.09
437810;3.99;1.01;88.00;28.50;81.00;31.50;18.83;31.06;1.04;3.07
438213;3.99;1.06;88.00;28.50;81.00;33.75;16.86;29.14;2.66;3.44
438575;3.00;0.98;90.00;28.50;81.00;38.25;11.77;24.21;3.09;1.27
439027;2.90;0.95;90.00;28.50;81.00;39.00;11.37;23.67;1.37;1.70
439424;3.78;1.03;91.00;28.50;81.00;34.50;16.08;28.18;0.57;2.87
439827;3.71;1.06;92.00;28.50;81.00;36.75;14.51;26.74;3.05;4.84
440228;3.34;1.01;92.00;28.50;81.00;37.50;13.73;25.63;4.26;3.67
440597;2.84;1.00;92.00;28.50;81.00;41.25;10.20;22.05;1.91;1.66
440995;2.73;0.97;92.00;28.50;81.00;41.25;10.20;21.97;0.82;0.68
441386;3.32;1.00;92.00;28.50;81.00;38.25;13.73;25.60;0.27;1.91
441784;3.52;1.07;93.00;28.50;81.00;38.25;13.73;25.52;0;0.82
442178;3.39;1.03;93.00;28.50;81.00;38.25;13.73;25.41;0;2.09
442533;4.46;1.00;95.00;28.50;81.00;32.25;20.39;31.34;0;2.85
442982;5.10;1.04;96.00;28.50;81.00;27.00;26.28;36.46;0;1.00
443430;3.25;1.00;96.00;28.50;81.00;42.75;7.84;18.95;0;1.56
443824;4.08;1.00;97.00;28.50;81.00;33.75;16.47;28.70;0;0.64
444224;4.00;0.99;97.00;28.50;81.00;32.25;17.65;30.45;2.09;0.23
444543;4.12;1.03;97.00;28.50;81.00;32.25;17.65;30.58;0.90;1.19
444934;4.11;1.04;98.00;28.50;81.00;32.25;17.65;30.25;0.41;0.62
445328;3.98;1.02;98.00;28.50;81.00;32.25;17.65;29.99;2.25;1.89
445717;3.93;1.01;100.00;28.50;81.00;33.00;17.65;29.89;2.30;2.52
446173;4.01;1.04;100.00;28.50;81.00;33.75;17.65;29.56;1.00;1.11
446486;3.94;1.03;101.00;28.50;81.00;33.75;17.65;29.21;0.35;0.43
446880;3.76;1.01;102.00;28.50;81.00;34.50;16.86;28.62;0.08;0.10
447282;3.58;0.97;102.00;28.50;81.00;35.25;16.86;28.31;0;0
447690;3.71;1.02;103.00;28.50;81.00;35.25;16.47;27.95;1.66;0
448085;3.60;1.01;103.00;28.50;81.00;36.75;16.08;27.46;0.64;0
448482;3.44;1.00;103.00;28.50;81.00;37.50;15.30;26.57;0.23;0
448875;2.96;1.00;103.00;28.50;81.00;40.50;11.77;23.54;0;3.03
449272;2.74;0.95;103.00;28.50;81.00;41.25;10.98;22.54;0;3.05
449665;2.58;0.99;103.00;28.50;81.00;43.50;9.41;20.83;0;2.66
450060;2.02;1.01;102.00;28.50;81.00;45.75;6.67;15.73;1.31;1.19
450473;1.96;0.97;102.00;28.50;81.00;45.75;6.67;15.99;1.70;1.80
450914;1.78;0.94;101.00;28.50;81.00;46.50;6.28;15.13;2.05;2.46
451364;1.90;0.98;100.00;28.50;81.00;45.75;6.28;15.57;0.70;0.84
451761;3.29;0.97;100.00;28.50;81.00;39.00;12.16;23.54;0.23;2.01
452232;3.69;1.03;100.00;28.50;81.00;36.75;15.69;27.33;0;0.88
452551;4.22;1.06;101.00;28.50;81.00;33.00;18.83;30.29;0;0.31
453004;4.10;1.03;102.00;28.50;81.00;33.00;18.83;30.45;0;0.02
453394;4.05;1.02;103.00;28.50;81.00;33.00;18.83;30.19;1.31;0
453787;3.99;1.02;103.00;28.50;81.00;33.75;19.22;29.96;0.53;1.31
454181;4.03;1.03;103.00;28.50;81.00;33.75;18.83;29.93;0.23;0.64
454494;3.96;1.01;103.00;28.50;81.00;33.75;19.22;29.96;1.39;0.25
454889;3.70;0.99;106.00;28.50;81.00;33.75;18.43;29.43;3.63;0
455286;3.89;1.01;105.00;28.50;81.00;33.75;18.43;29.28;1.62;1.31
455681;3.90;1.02;105.00;28.50;81.00;33.75;18.43;29.28;2.34;1.60
456069;3.94;1.01;105.00;28.50;81.00;33.75;19.22;29.77;0.96;2.62
456464;3.76;0.98;106.00;28.50;81.00;33.75;18.43;29.27;1.70;3.09
456862;3.65;0.98;106.00;28.50;81.00;34.50;17.65;28.44;0.66;1.29
457256;3.70;1.00;106.00;28.50;81.00;35.25;17.65;28.27;0.29;0.64
457569;3.70;1.00;107.00;28.50;81.00;36.00;17.65;28.24;0;0.21
457962;3.67;1.01;107.00;28.50;81.00;36.00;17.26;27.91;0;0
458355;3.58;1.00;107.00;28.50;81.00;36.75;17.26;27.55;0;0
458795;3.34;0.99;107.00;27.75;81.00;39.00;14.90;25.80;0;0
459188;3.28;1.00;106.00;27.75;81.00;39.75;14.51;25.30;0;0
459502;3.86;1.00;107.00;27.75;81.00;36.00;18.04;27.95;0;0
459893;3.70;0.98;107.00;27.75;81.00;35.25;18.43;28.77;1.31;0
460289;3.89;1.03;107.00;27.75;81.75;35.25;18.43;28.74;0.49;0
460679;3.74;1.00;108.00;27.75;81.75;35.25;18.43;28.54;0.12;1.02
461074;4.21;1.00;108.00;27.75;81.75;33.00;21.18;30.95;0;1.72
461469;4.38;1.04;108.00;27.75;81.75;32.25;22.75;32.13;1.02;0.66
461867;4.12;0.99;108.00;27.75;81.75;33.00;22.36;31.48;2.07;0.21
462265;4.05;1.01;110.00;27.75;81.75;33.75;21.18;30.32;1.02;1.64
462586;3.89;0.98;110.00;27.75;81.75;33.75;20.79;30.27;3.24;0.64
462978;3.84;0.97;110.00;27.75;81.75;33.75;20.79;29.97;1.35;3.09
463421;3.77;0.96;111.00;27.75;81.75;34.50;20.39;29.71;0.47;1.29
463820;3.77;1.00;110.00;27.75;81.75;35.25;19.61;28.91;0.12;0.45
464268;3.59;0.97;111.00;27.75;81.75;36.00;19.22;28.35;1.97;0.12
464588;3.61;0.97;111.00;27.75;81.75;36.00;19.22;28.34;0.78;0
465026;3.74;1.01;111.00;27.75;81.75;36.00;19.22;28.17;0.25;1.23
465416;3.68;1.00;111.00;27.75;81.75;36.00;19.22;28.14;1.97;0.45
465806;3.65;1.00;111.00;27.75;81.75;36.00;18.83;27.99;0.78;0.10
466195;3.47;0.97;111.00;27.75;81.75;37.50;18.04;27.52;0.33;1.56
466564;3.46;0.98;111.00;27.75;81.75;37.50;17.65;27.03;1.97;0.45
466958;4.04;1.03;111.00;27.75;81.75;34.50;21.18;29.76;1.80;0.10
467356;4.26;1.02;113.00;27.75;81.75;33.00;23.53;31.54;0.70;1.97
467807;4.17;1.01;112.00;27.75;81.75;33.00;23.53;31.28;0.23;3.11
468202;4.11;1.01;112.00;27.75;81.75;33.00;23.14;30.92;0;1.56
468512;4.07;1.00;113.00;27.75;81.75;33.75;23.14;30.73;0;0.57
468906;3.91;0.99;113.00;27.75;81.75;34.50;21.96;29.79;0;0.16
469300;3.78;0.98;115.00;27.75;81.75;34.50;21.57;29.51;0;0
469711;3.82;0.99;115.00;27.75;81.75;34.50;21.57;29.30;0;1.97
470149;3.84;1.00;116.00;27.75;81.75;34.50;21.57;29.28;0;0.57
470546;3.73;1.00;116.00;27.75;81.75;36.00;20.79;28.32;1.56;0.14
470940;3.53;1.00;116.00;27.75;81.75;37.50;18.83;27.03;0.72;0
471387;3.22;0.98;116.00;27.75;81.75;39.75;17.26;25.44;0.14;0.72
471834;3.36;1.02;116.00;27.75;81.75;39.75;17.26;25.41;1.02;0.21
472224;3.33;1.00;116.00;27.75;81.75;39.00;17.65;25.61;0.41;0
472591;3.67;1.03;116.00;27.75;81.75;37.50;19.61;27.39;1.66;0
473049;3.59;1.01;116.00;27.75;81.75;37.50;19.61;27.13;0.41;1.56
473445;3.65;1.02;116.00;27.75;81.75;37.50;19.61;27.26;2.15;0.72
473836;3.57;1.02;116.00;27.75;81.75;38.25;19.22;26.85;1.89;0.21
474229;3.36;1.01;116.00;27.75;81.75;39.00;17.26;25.54;0.66;1.11
474550;3.60;0.99;116.00;27.75;81.75;37.50;19.61;27.16;2.56;0.33
474947;3.69;0.98;116.00;27.75;81.75;35.25;20.79;28.51;0.94;1.68
475345;3.78;1.00;116.00;27.75;81.75;35.25;20.79;28.74;0.39;0.80
475736;3.62;0.98;116.00;27.75;81.75;36.00;20.39;28.08;0.06;0.23
476134;3.60;0.99;116.00;27.75;81.75;36.00;20.39;28.14;0;0
476523;3.56;0.98;116.00;27.75;81.75;36.00;20.00;27.65;1.23;0
476914;3.29;0.97;116.00;27.75;81.75;39.00;17.65;25.91;0.29;0
477358;3.44;1.00;115.00;27.75;81.75;38.25;18.04;26.29;0;0
477756;3.85;1.02;116.00;27.75;81.75;35.25;21.18;28.90;0;1.97
478154;3.96;1.04;116.00;27.75;81.75;35.25;21.57;29.06;0;0.72
478543;3.77;0.99;116.00;27.75;81.75;35.25;21.57;28.88;2.85;0.29
478933;3.78;0.99;116.00;27.75;81.75;35.25;21.57;29.06;1.05;2.01
479322;3.90;1.02;116.00;27.75;81.75;35.25;21.57;28.98;0.33;0.76
479714;3.84;1.01;116.00;27.75;81.75;35.25;21.18;28.93;1.11;0.21
480158;3.63;1.00;116.00;27.75;81.75;36.00;20.00;27.75;0.25;2.30
480611;3.34;1.01;116.00;27.75;81.75;39.00;17.26;26.21;0;0.88
481009;3.19;0.98;116.00;27.75;81.75;39.75;16.86;25.15;0;0.27
481402;3.24;0.98;115.00;27.75;81.75;39.75;16.86;25.41;0;0
481789;3.39;1.00;115.00;27.75;81.75;39.00;17.65;25.86;0;0
482179;3.70;0.99;115.00;27.75;81.75;35.25;20.39;28.44;0;0
482541;4.06;1.02;116.00;27.75;81.75;33.75;22.75;30.25;0;0
482934;4.03;1.01;116.00;27.75;81.75;33.75;23.14;30.12;0;0.96
483375;3.88;1.00;116.00;27.75;81.75;34.50;21.96;29.41;0.96;0.21
483824;3.59;1.01;116.00;27.75;81.75;36.00;20.00;27.85;0.29;1.29
484220;3.19;0.96;116.00;27.75;81.75;39.00;17.65;25.65;2.07;0.57
484536;3.31;1.00;116.00;27.75;81.75;39.75;17.26;25.45;0.78;2.15
484984;3.21;1.01;116.00;27.75;81.75;40.50;16.08;24.54;2.15;0.59
485431;3.33;1.03;116.00;27.75;81.75;39.75;16.47;24.92;0.82;2.15
485830;3.13;0.99;116.00;27.75;81.75;40.50;15.69;24.35;0.23;1.89
486228;2.99;1.00;116.00;27.75;81.75;42.00;14.12;23.13;2.97;0.88
486546;3.02;1.02;116.00;27.75;81.75;42.00;12.94;22.97;1.11;0.27
486940;2.97;1.00;115.00;27.75;82.50;42.75;12.94;22.61;0.27;0
487393;2.79;0.97;116.00;27.75;82.50;43.50;12.16;22.20;49.92;85.21
487813;2.67;0.94;115.00;27.75;82.50;43.50;12.16;22.25;110.33;121.07
488222;2.83;0.99;115.00;27.75;82.50;43.50;12.16;22.17;135.40;113.06
488582;2.82;0.98;115.00;27.75;82.50;42.75;12.16;22.23;165.11;118.64
489027;2.81;0.99;115.00;27.75;82.50;43.50;12.16;22.14;195.10;181.73
489472;2.78;0.97;116.00;27.75;82.50;43.50;12.16;22.15;214.87;278.77
489869;2.83;0.99;116.00;27.75;82.50;43.50;12.16;22.10;282.97;291.33
490259;2.69;0.95;116.00;27.75;82.50;43.50;12.16;22.05;318.91;325.99
490626;2.83;1.01;116.00;27.75;82.50;43.50;11.77;21.82;319.75;343.04
491070;2.38;0.99;115.00;27.75;82.50;46.50;9.02;19.04;326.52;347.46
491525;2.26;0.93;115.00;27.75;82.50;46.50;9.02;19.04;342.67;351.15
491911;2.56;0.94;115.00;27.75;82.50;44.25;10.98;20.92;328.38;349.96
492317;3.09;1.00;115.00;27.75;82.50;41.25;14.90;23.80;348.73;328.89
492634;3.26;1.05;115.00;27.75;82.50;41.25;14.90;23.92;346.89;344.16
493026;2.90;0.98;115.00;27.75;82.50;42.75;12.94;22.76;326.35;273.89
493424;2.80;0.98;115.00;27.75;82.50;43.50;12.16;22.20;342.42;229.24
493818;3.24;1.01;115.00;27.75;82.50;40.50;16.08;24.69;321.27;202.14
494215;3.48;1.06;116.00;27.75;82.50;39.75;16.86;25.14;336.33;215.24
494538;3.35;1.04;116.00;27.75;82.50;39.75;16.47;24.85;319.69;201.16
494932;2.86;1.00;116.00;27.75;82.50;42.75;12.55;22.28;323.16;233.40
495381;2.76;0.97;116.00;27.75;82.50;43.50;12.16;22.07;334.80;293.75
495830;2.78;0.99;116.00;27.75;82.50;43.50;12.16;21.97;333.53;320.47
496220;2.79;0.98;116.00;27.75;82.50;43.50;12.16;22.05;351.77;335.27
496529;2.80;0.99;116.00;27.75;82.50;43.50;12.16;22.05;354.72;344.96
496917;2.86;1.01;116.00;27.75;82.50;43.50;12.16;21.98;352.83;331.93
497308;2.76;0.97;116.00;27.75;82.50;43.50;12.16;22.07;350.50;349.18
497619;2.88;1.01;115.00;27.75;82.50;43.50;12.16;22.00;348.65;346.99
498017;2.72;0.94;115.00;27.75;82.50;42.75;12.16;22.23;328.55;348.06
498464;2.68;0.94;115.00;27.75;82.50;42.75;12.16;22.30;306.64;334.10
498853;2.95;0.98;115.00;27.75;82.50;42.00;13.73;23.19;296.47;280.86
499302;3.54;1.06;115.00;27.75;82.50;39.00;16.86;25.60;214.58;284.57
499671;3.19;0.99;115.00;27.75;82.50;39.75;16.47;24.99;224.89;307.75
500124;3.18;1.01;115.00;27.75;82.50;40.50;15.30;24.25;206.94;322.73
500521;2.90;0.97;115.00;27.75;82.50;42.75;13.33;22.84;243.42;203.33
500918;2.64;0.99;115.00;27.75;82.50;44.25;10.98;21.18;250.96;238.21
501316;2.54;0.95;113.00;27.75;82.50;44.25;10.59;20.90;301.78;284.59
501634;2.65;0.98;113.00;27.75;82.50;44.25;10.98;21.18;335.37;315.37
502080;3.00;0.99;113.00;27.75;82.50;42.00;13.73;23.45;355.00;193.15
502478;3.15;1.04;112.00;27.75;82.50;42.00;13.73;23.36;360.97;130.48
502872;2.89;0.97;113.00;27.75;82.50;42.00;12.94;22.97;363.55;87.98
503321;2.79;0.98;112.00;27.75;82.50;43.50;11.77;22.10;364.41;90.74
503644;2.62;0.93;112.00;27.75;82.50;42.75;11.37;21.88;343.77;247.21
504048;2.82;1.00;112.00;27.75;82.50;43.50;11.37;22.00;347.75;206.26
504443;2.65;0.94;112.00;27.75;82.50;42.75;11.37;21.81;324.65;261.86
504889;3.36;1.00;112.00;27.75;82.50;39.75;16.47;25.42;337.95;236.41
505337;3.47;1.00;112.00;27.75;82.50;38.25;17.65;26.69;342.20;212.51
505750;3.45;0.99;113.00;27.75;82.50;38.25;18.04;26.59;320.10;157.65
506197;3.43;0.99;113.00;27.75;82.50;38.25;17.65;26.53;336.35;108.31
506640;3.49;1.02;113.00;27.75;82.50;38.25;17.65;26.24;349.76;102.24
507083;3.34;1.00;113.00;27.75;82.50;39.75;16.86;25.45;353.96;251.90
507532;3.14;0.98;115.00;27.75;82.50;40.50;15.30;24.41;356.38;312.85
507934;3.02;0.98;113.00;27.75;82.50;41.25;14.51;23.63;336.07;336.87
508331;3.02;0.99;113.00;27.75;82.50;42.00;14.12;23.42;336.62;325.78
508645;3.09;1.01;113.00;27.00;82.50;41.25;14.12;23.73;352.38;348.49
509043;2.99;0.98;113.00;27.00;82.50;41.25;14.12;23.78;311.70;345.86
509434;4.23;1.02;113.00;27.00;82.50;34.50;21.18;29.67;338.59;339.57
509832;4.17;1.02;113.00;27.00;82.50;33.00;23.14;30.75;332.65;335.54
510226;4.10;1.00;115.00;27.00;82.50;33.75;23.14;30.70;323.55;324.20
510545;3.88;1.00;115.00;27.00;82.50;34.50;21.18;29.40;308.42;338.81
510938;3.26;0.93;115.00;27.00;82.50;38.25;18.04;26.76;214.17;284.96
511338;3.29;0.96;115.00;27.00;82.50;38.25;17.65;26.34;144.72;315.92
511783;4.35;1.02;115.00;27.00;82.50;32.25;24.71;31.88;107.59;198.31
512202;4.20;1.01;116.00;27.00;82.50;33.00;24.32;31.37;125.68;193.17
512603;3.76;0.99;116.00;27.00;82.50;35.25;20.79;28.67;174.66;215.79
513003;4.14;0.97;116.00;27.00;82.50;33.00;23.92;30.83;204.79;267.15
513454;4.40;1.05;116.00;27.00;82.50;32.25;25.10;31.91;292.95;320.94
513853;4.34;1.04;117.00;27.00;82.50;32.25;25.10;31.70;331.03;338.20
514246;4.10;0.98;117.00;27.00;82.50;32.25;25.10;31.58;342.97;345.78
514558;4.01;0.98;117.00;27.00;82.50;33.00;24.32;30.86;348.75;348.42
514953;4.60;1.03;118.00;27.00;82.50;30.00;27.45;33.16;332.38;350.60
515357;4.54;1.03;118.00;27.00;82.50;30.75;27.45;33.25;349.68;330.00
515798;4.20;1.02;120.00;27.00;82.50;33.75;25.10;31.25;289.51;346.25
516251;4.02;0.99;120.00;27.00;82.50;33.75;24.71;30.88;302.17;296.27
516616;4.13;1.01;120.00;27.00;82.50;33.75;24.71;30.72;280.63;288.48
517057;4.34;1.00;120.00;27.00;82.50;31.50;27.85;32.75;276.76;227.56
517454;4.46;1.01;121.00;27.00;82.50;30.75;28.24;33.06;219.77;179.44
517857;4.25;1.01;121.00;27.00;82.50;32.25;26.28;31.88;198.78;153.31
518259;4.22;1.01;122.00;27.00;82.50;33.00;26.28;31.68;203.17;219.69
518574;4.11;1.00;122.00;27.00;82.50;33.75;25.89;31.34;219.60;252.44
518973;4.53;1.02;122.00;27.00;82.50;30.75;29.02;33.46;275.20;312.05
519370;4.59;1.02;123.00;27.00;82.50;30.75;29.42;33.69;320.94;340.76
519815;4.46;1.02;125.00;27.00;82.50;32.25;28.24;33.09;341.64;332.54
520264;4.31;1.02;125.00;27.00;82.50;33.00;27.45;32.14;345.95;334.82
520630;4.29;1.03;125.00;27.00;82.50;34.50;26.67;31.52;347.50;350.66
521079;4.10;1.01;126.00;27.00;82.50;35.25;25.49;30.60;345.72;346.62
521480;3.81;1.00;126.00;27.00;82.50;36.75;23.14;28.84;288.03;315.88
521879;3.66;1.00;126.00;27.00;82.50;37.50;21.57;27.74;320.27;332.81
522329;3.36;0.98;126.00;27.00;82.50;39.75;19.61;26.18;335.60;308.59
522647;3.31;1.00;126.00;27.00;82.50;41.25;18.83;25.35;324.98;262.95
523045;3.27;0.99;126.00;27.00;82.50;41.25;18.43;25.12;313.22;227.25
523441;3.39;1.02;125.00;27.00;82.50;41.25;18.83;25.30;264.79;194.64
523841;3.25;0.99;125.00;27.00;82.50;41.25;18.43;25.24;294.98;202.66
524235;3.36;1.00;125.00;27.00;82.50;40.50;19.22;25.70;307.62;220.83
524601;2.98;0.98;125.00;27.00;82.50;43.50;16.08;23.43;323.46;288.75
524999;2.95;1.01;125.00;27.00;82.50;44.25;14.51;22.57;349.41;329.92
525396;3.20;1.04;123.00;27.00;82.50;42.75;16.47;23.80;350.09;327.75
525801;3.20;1.03;123.00;27.00;82.50;42.75;16.47;23.93;335.84;351.23
526240;3.23;1.04;123.00;27.00;82.50;42.00;16.47;23.92;355.17;352.63
526556;3.17;1.02;123.00;27.00;82.50;42.00;16.47;23.85;334.22;330.94
526947;3.01;0.98;123.00;27.00;83.25;42.75;16.08;23.59;333.81;317.62
527349;3.17;1.04;122.00;27.00;83.25;42.75;15.69;23.53;325.37;320.06
527667;3.31;1.03;122.00;27.00;83.25;41.25;17.65;24.72;318.05;334.37
528065;3.30;1.01;122.00;27.00;83.25;40.50;17.65;25.02;305.25;320.29
528511;3.25;1.00;122.00;27.00;83.25;40.50;17.65;24.91;285.86;306.56
528951;3.25;1.00;121.00;27.00;83.25;40.50;17.65;24.89;235.65;263.99
529390;3.19;1.00;121.00;27.00;83.25;41.25;17.26;24.51;217.39;224.69
529786;3.22;1.01;121.00;27.00;83.25;41.25;16.86;24.46;306.23;193.85
530180;3.21;1.01;121.00;27.00;83.25;41.25;16.86;24.36;333.67;226.63
530570;3.13;1.00;121.00;27.00;83.25;41.25;16.86;24.30;348.26;290.00
530960;3.04;1.00;121.00;27.00;83.25;42.00;15.69;23.63;353.63;313.22
531354;2.99;1.00;120.00;27.00;83.25;42.75;14.90;23.10;354.31;337.22
531673;2.94;0.99;120.00;27.00;83.25;42.75;14.51;22.90;352.65;348.02
532066;3.02;1.02;120.00;27.00;83.25;43.50;13.73;22.77;334.72;350.60
532465;2.98;1.01;118.00;27.00;83.25;43.50;13.73;22.60;347.54;349.12
532858;2.78;0.96;118.00;27.00;83.25;43.50;12.94;22.35;343.83;348.53
533313;2.94;1.02;118.00;27.00;83.25;43.50;12.94;22.33;326.27;344.82
533625;2.82;0.98;117.00;27.00;83.25;44.25;12.94;22.21;343.08;328.24
534024;3.16;1.03;117.00;27.00;83.25;41.25;15.30;23.72;317.95;339.08
534474;3.24;1.04;117.00;27.00;83.25;41.25;15.30;23.90;322.97;320.96
534865;3.58;1.02;117.00;27.00;83.25;38.25;19.22;26.76;311.60;319.06
535314;3.28;1.01;117.00;27.00;83.25;40.50;16.86;24.82;194.97;193.70
535683;3.17;1.01;118.00;27.00;83.25;41.25;15.69;23.93;244.09;243.09
536134;2.91;0.98;118.00;27.00;83.25;42.00;13.73;23.00;291.54;308.85
536531;2.98;1.00;117.00;27.00;83.25;42.00;13.73;22.93;331.72;339.20
536924;3.02;1.02;117.00;27.00;83.25;42.00;13.73;22.96;345.25;349.86
537315;3.02;1.02;117.00;27.00;83.25;42.00;13.73;22.93;334.47;332.28
537670;2.94;0.99;117.00;27.00;83.25;42.00;13.73;23.13;344.55;336.09
538060;3.03;1.01;116.00;27.00;83.25;42.00;13.73;23.09;289.83;328.26
538456;3.16;0.99;116.00;27.00;83.25;40.50;16.08;24.61;329.06;304.45
538853;3.70;1.06;116.00;27.00;83.25;38.25;18.83;26.64;315.35;311.19
539251;3.93;1.00;116.00;27.00;83.25;34.50;22.36;29.74;314.84;316.44
539569;3.97;1.01;117.00;27.00;83.25;34.50;22.36;29.76;319.00;328.81
540015;3.86;0.99;117.00;27.00;83.25;34.50;22.36;29.44;318.94;335.08
540404;3.82;0.99;118.00;27.00;83.25;35.25;21.96;29.30;336.68;336.95
540806;3.83;1.01;118.00;27.00;83.25;36.00;21.57;28.85;319.28;335.43
541272;3.78;1.01;118.00;27.00;83.25;36.00;21.57;28.54;337.22;303.20
541579;3.73;1.00;118.00;27.00;83.25;36.75;20.79;28.27;343.28;310.96
541976;3.45;0.99;123.00;27.00;83.25;39.00;20.00;27.18;344.18;341.74
542379;3.45;1.00;120.00;27.00;83.25;39.00;19.22;26.23;345.51;348.69
542692;3.85;1.01;118.00;27.00;83.25;36.00;21.96;28.88;332.38;318.91
543093;3.74;1.00;120.00;27.00;83.25;36.00;21.18;28.39;348.84;344.08
543541;3.67;0.98;120.00;27.00;83.25;36.75;21.18;28.32;350.09;343.40
543937;3.48;0.99;120.00;27.00;83.25;39.00;19.61;26.76;351.93;348.63
544335;3.47;0.99;120.00;27.00;83.25;39.00;19.61;26.66;335.43;345.56
544693;3.53;1.02;120.00;27.00;83.25;39.00;19.22;26.52;341.29;326.97
545137;3.54;1.02;120.00;27.00;83.25;39.00;19.22;26.34;323.83;324.32
545581;3.47;1.01;120.00;27.00;83.25;39.00;19.22;26.39;340.74;340.04
546022;3.50;1.02;120.00;27.00;83.25;39.00;19.22;26.20;321.72;314.26
546465;3.35;0.99;120.00;27.00;83.25;39.75;18.83;25.78;305.80;307.60
546863;3.23;0.99;120.00;27.00;83.25;40.50;17.65;25.05;297.73;291.13
547307;3.24;1.00;120.00;27.00;83.25;40.50;17.26;24.81;296.02;312.73
547621;3.90;1.01;120.00;27.00;83.25;35.25;22.75;29.37;303.73;295.10
548071;3.54;0.98;120.00;27.00;83.25;36.75;21.18;28.04;336.31;340.64
548520;3.43;0.97;120.00;27.00;83.25;38.25;20.00;27.07;348.77;333.28
548917;3.48;0.99;120.00;27.00;83.25;39.00;19.61;26.74;337.69;352.15
549364;3.47;1.00;120.00;27.00;83.25;39.00;19.22;26.30;304.45;352.65
549679;3.51;1.00;120.00;27.00;83.25;39.00;19.22;26.44;319.06;351.99
550066;3.69;1.02;120.00;27.00;83.25;38.25;20.39;26.89;340.43;349.74
550466;4.10;1.02;121.00;27.00;83.25;34.50;24.32;30.32;329.41;349.53
550868;3.61;0.99;121.00;27.00;83.25;36.75;21.18;27.81;339.39;351.01
551267;3.87;1.01;121.00;27.00;83.25;36.00;22.75;29.18;339.20;346.36
551584;3.88;1.00;121.00;27.00;83.25;35.25;23.14;29.24;339.12;342.07
551981;3.92;1.02;121.00;27.00;83.25;35.25;23.14;29.21;323.40;266.84
552422;3.77;1.01;121.00;27.00;83.25;36.00;21.96;28.42;341.11;200.69
552821;3.18;0.99;121.00;27.00;83.25;41.25;17.26;24.62;212.72;222.90
553269;3.26;1.00;122.00;27.00;83.25;40.50;18.04;25.15;193.84;273.15
553591;3.36;1.02;121.00;27.00;83.25;40.50;18.04;25.24;177.29;327.75
553988;3.34;1.02;121.00;27.00;83.25;40.50;18.04;25.27;188.23;359.16
554376;3.30;1.02;121.00;27.00;83.25;41.25;17.26;24.79;243.03;362.13
554691;3.14;0.98;121.00;27.00;83.25;41.25;17.65;24.71;315.47;333.36
555086;3.69;1.00;121.00;27.00;83.25;38.25;20.79;27.53;333.71;340.25
555484;3.94;1.01;121.00;27.00;83.25;35.25;23.14;29.49;336.91;350.70
555932;3.48;0.96;122.00;27.00;83.25;36.75;20.79;27.66;322.52;334.43
556332;3.34;0.99;121.00;27.00;83.25;39.75;19.22;25.94;339.35;345.37
556654;3.42;1.03;121.00;27.00;83.25;40.50;18.43;25.38;341.11;341.78
557104;3.50;1.03;121.00;27.00;83.25;39.00;19.22;26.18;339.80;324.51
557550;3.54;1.01;121.00;27.00;83.25;39.00;20.00;26.77;323.59;341.60
557944;3.50;0.99;121.00;27.00;83.25;39.00;20.00;26.79;323.63;310.49
558391;3.59;1.02;121.00;27.00;83.25;39.00;20.00;26.86;290.12;293.85
558700;3.50;1.01;121.00;27.00;83.25;39.00;19.22;26.40;222.76;274.40
559095;3.51;1.02;121.00;27.00;83.25;39.00;19.22;26.36;230.24;321.15
559486;3.42;1.01;121.00;27.00;83.25;39.75;18.83;25.91;231.53;342.03
559884;3.26;1.01;121.00;27.00;83.25;41.25;17.26;24.75;294.71;355.91
560279;3.23;1.00;121.00;27.00;83.25;40.50;17.65;24.92;327.89;349.90
560595;3.85;1.01;121.00;27.00;83.25;36.00;21.96;28.50;340.45;336.99
560993;4.11;1.05;121.00;27.00;83.25;35.25;23.92;29.82;337.01;346.68
561444;4.07;1.04;121.00;27.00;83.25;35.25;23.53;29.63;346.68;342.20
561890;3.87;1.01;122.00;27.00;83.25;36.00;22.75;29.01;350.70;342.01
562344;3.57;1.00;122.00;27.00;83.25;38.25;20.79;27.82;346.68;346.25
562662;3.45;0.98;122.00;27.00;83.25;39.00;20.00;26.79;262.52;341.99
563059;3.26;1.01;122.00;27.00;83.25;40.50;17.65;24.85;315.59;313.12
563458;3.06;0.99;121.00;27.00;83.25;42.00;16.08;23.93;318.59;336.25
563861;3.14;1.01;121.00;27.00;83.25;42.00;16.47;24.00;330.72;322.23
564255;3.21;1.03;121.00;27.00;83.25;42.00;16.08;23.92;320.00;321.89
564699;3.12;1.01;121.00;27.00;83.25;42.00;16.08;23.82;308.07;289.00
565092;3.81;1.03;121.00;27.00;83.25;38.25;20.79;27.35;337.42;285.16
565491;3.82;1.02;121.00;27.00;83.25;36.75;21.96;28.35;350.50;327.03
565900;3.70;1.01;121.00;27.00;83.25;36.75;21.18;27.82;357.77;332.91
566346;3.67;1.01;122.00;27.00;83.25;36.75;21.18;27.72;355.07;291.02
566656;3.38;1.00;122.00;27.00;83.25;39.75;18.83;25.68;348.16;339.29
567053;3.24;1.00;122.00;27.00;83.25;40.50;17.65;24.85;334.61;317.85
567446;2.90;0.98;122.00;27.00;83.25;42.75;14.90;22.90;352.28;335.68
567896;2.83;0.98;121.00;27.00;83.25;43.50;13.73;22.42;345.15;347.03
568345;3.00;1.03;121.00;27.00;83.25;43.50;14.12;22.47;343.34;344.84
568659;3.25;1.03;121.00;27.00;83.25;42.00;16.47;24.12;315.29;341.62
569107;3.24;1.04;121.00;27.00;83.25;42.00;16.47;24.03;332.09;341.46
569500;3.22;1.03;121.00;27.00;83.25;42.00;16.47;23.93;235.02;341.46
569938;3.24;1.02;121.00;27.00;83.25;41.25;16.86;24.28;208.05;270.18
570388;3.45;1.04;121.00;27.00;83.25;40.50;18.04;25.08;214.99;173.95
570756;3.42;1.03;121.00;27.00;83.25;39.75;18.83;25.67;265.59;148.06
571158;3.43;1.04;121.00;27.00;83.25;40.50;18.04;25.25;315.00;221.06
571555;3.35;1.03;121.00;27.00;83.25;40.50;17.65;24.94;335.21;306.48
571947;3.06;1.00;121.00;27.00;83.25;42.00;16.08;23.69;358.81;330.56
572319;2.95;0.98;121.00;27.00;83.25;42.75;15.30;23.17;334.41;340.31
572638;3.06;1.03;121.00;27.00;83.25;42.75;14.90;23.06;354.80;325.57
573031;2.94;1.01;121.00;27.00;83.25;43.50;13.73;22.45;343.04;348.96
573484;2.70;0.96;120.00;27.00;83.25;44.25;12.55;21.94;318.12;351.74
573885;2.88;1.01;120.00;27.00;83.25;44.25;12.55;22.01;323.59;347.30
574277;2.78;0.98;118.00;27.00;83.25;44.25;12.55;21.97;332.93;346.01
574724;3.18;1.04;118.00;27.00;83.25;42.00;15.30;23.70;338.51;353.00
575123;3.18;1.06;118.00;27.00;83.25;42.75;14.51;23.20;313.44;345.97
575517;3.02;1.01;118.00;27.00;83.25;42.75;14.51;22.93;303.36;323.94
575910;2.97;1.00;118.00;27.00;83.25;43.50;14.51;22.83;322.56;315.82
576357;3.02;1.03;118.00;27.00;83.25;43.50;13.73;22.77;311.89;307.01
576688;2.88;0.98;118.00;27.00;83.25;42.75;13.73;22.76;284.36;316.05
577082;2.84;1.00;117.00;27.00;83.25;43.50;12.16;21.97;272.25;306.68
577536;2.23;0.98;116.00;27.00;83.25;47.25;8.63;17.91;333.18;339.55
577938;1.86;0.94;116.00;27.00;83.25;48.00;7.45;15.62;344.45;336.83
578339;1.86;0.94;115.00;27.00;83.25;48.00;7.45;15.70;349.12;294.20
578645;2.01;0.97;113.00;27.00;83.25;48.00;7.45;16.34;321.48;336.72
579040;2.43;1.00;112.00;27.00;83.25;46.50;8.63;19.08;346.54;331.85
579441;2.38;0.95;112.00;27.00;83.25;45.75;9.02;19.54;338.55;329.76
579839;1.94;0.92;111.00;27.00;83.25;47.25;7.45;16.52;344.84;321.76
580245;1.97;0.96;111.00;27.00;83.25;47.25;7.45;16.17;340.15;326.09
580638;2.29;1.00;110.00;27.00;83.25;46.50;8.24;18.13;340.84;344.12
581039;2.47;0.98;110.00;27.00;83.25;45.00;9.02;19.93;340.06;292.81
581437;2.36;0.92;108.00;27.00;83.25;44.25;9.41;20.03;320.72;316.09
581840;2.51;0.97;108.00;27.00;83.25;44.25;9.02;20.29;298.03;310.02
582287;2.52;0.97;108.00;27.00;83.25;44.25;9.02;20.36;336.54;304.36
582675;3.34;0.97;107.00;27.00;83.25;41.25;12.55;23.82;323.24;289.06
583131;3.62;1.03;107.00;27.00;83.25;37.50;16.08;26.89;349.57;342.22
583529;4.02;1.00;108.00;27.00;83.25;33.75;20.00;29.89;352.13;349.78
583931;4.19;1.01;108.00;27.00;83.25;33.00;21.96;31.47;321.52;334.59
584328;4.34;1.03;110.00;27.00;83.25;32.25;23.14;32.05;347.44;349.90
584650;4.76;1.04;111.00;27.00;83.25;29.25;25.89;34.35;352.42;350.11
585051;4.79;1.04;111.00;27.00;83.25;29.25;26.28;34.46;349.45;347.38
585444;4.54;1.01;112.00;27.00;83.25;29.25;25.49;33.82;333.57;342.05
585892;3.84;1.00;112.00;27.00;83.25;34.50;21.18;29.79;320.94;331.33
586292;3.42;0.98;112.00;27.00;83.25;38.25;17.65;26.85;350.84;319.96
586690;2.80;0.90;112.00;27.00;83.25;41.25;14.51;24.12;341.72;315.06
587139;2.36;0.97;112.00;27.00;83.25;45.00;9.02;19.77;334.02;337.34
587538;1.58;1.00;111.00;27.00;83.25;48.00;5.88;12.59;331.85;291.52
587938;1.56;0.98;110.00;27.00;83.25;48.00;5.49;12.50;302.56;209.07
588335;1.45;0.97;108.00;27.00;83.25;48.75;5.10;11.85;317.87;221.67
588655;1.36;0.95;106.00;27.00;83.25;48.75;4.71;11.30;293.30;250.84
589104;1.20;0.94;105.00;27.00;83.25;48.00;4.31;10.24;334.33;306.43
589557;1.30;0.92;102.00;27.00;83.25;47.25;4.31;10.88;344.63;332.05
589956;1.39;0.91;101.00;27.00;83.25;46.50;4.71;12.10;349.78;329.08
590357;0.54;1.00;98.00;27.00;83.25;-30.00;0;0;335.35;349.55
590683;0.56;1.00;95.00;27.00;83.25;-30.00;0;0;314.49;343.30
591122;0.54;1.00;92.00;27.00;83.25;-30.00;0;0;349.51;204.28
591510;0.54;1.00;88.00;27.00;83.25;-30.00;0;0;324.33;212.88
591895;0.61;1.00;86.00;27.00;83.25;-30.00;0;0;301.88;217.74
592281;2.59;1.00;85.00;27.00;83.25;5.25;7.45;10.92;269.96;193.33
592735;3.85;0.99;85.00;27.00;83.25;30.75;16.08;27.98;223.81;167.84
593202;4.05;1.04;86.00;27.00;83.25;30.00;18.04;29.90;164.36;179.17
593658;3.90;1.02;87.00;27.00;83.25;30.75;17.65;29.51;141.01;178.88
594111;3.33;1.00;87.00;27.00;83.25;33.75;14.12;26.36;252.39;222.45
594509;3.36;1.01;86.00;27.00;83.25;33.75;13.73;26.07;278.09;237.97
594906;3.24;0.99;87.00;27.00;83.25;34.50;12.94;25.50;315.49;283.03
595369;2.44;1.00;86.00;27.00;83.25;39.75;7.84;20.55;334.35;310.37
595741;1.94;0.97;85.00;27.00;83.25;41.25;5.88;16.34;316.05;333.06
596143;1.87;0.94;85.00;27.00;83.25;40.50;5.88;16.15;295.29;336.91
596537;1.90;0.91;83.00;27.00;83.25;40.50;5.88;16.84;311.91;323.40
596981;2.09;0.86;83.00;27.00;83.25;39.00;7.45;19.86;312.91;326.07
597380;0.50;1.00;81.00;27.00;83.25;35.25;0;12.29;337.75;332.13
597702;0.58;1.00;78.00;27.00;83.25;-30.00;0;0;322.95;334.63
598106;0.66;1.00;75.00;27.00;83.25;-30.00;0;0;343.57;305.57
598497;0.70;1.00;68.00;27.00;83.25;-30.00;0;0;279.04;263.32
598934;1.51;1.00;67.00;27.00;83.25;21.00;2.75;8.94;237.54;219.30
599334;1.87;1.00;66.00;27.00;83.25;13.50;4.31;11.18;200.85;172.66
599661;3.18;1.00;67.00;27.00;83.25;24.75;9.02;22.28;223.36;237.02
600058;4.03;1.00;68.00;27.00;83.25;27.00;14.51;28.08;281.53;285.49
600461;4.36;0.99;70.00;27.00;83.25;24.00;19.61;31.75;312.56;314.88
600865;4.18;0.99;72.00;27.00;83.25;23.25;20.00;32.26;297.21;298.57
601265;4.38;1.04;75.00;27.00;83.25;24.00;20.39;32.48;330.39;331.19
601668;4.79;1.03;77.00;27.00;83.25;19.50;23.53;34.27;340.04;321.85
602071;4.91;1.06;78.00;27.00;83.25;21.00;23.53;34.79;345.31;324.04
602469;4.79;1.03;82.00;27.00;83.25;21.75;23.14;35.06;338.94;351.34
602871;4.82;1.04;85.00;27.00;83.25;21.75;23.14;35.06;340.15;349.22
603312;4.67;1.00;87.00;27.00;83.25;23.25;23.14;35.37;343.51;345.27
603761;4.86;1.02;90.00;27.00;83.25;24.00;23.14;35.63;298.59;319.41
604161;4.58;0.96;92.00;27.00;84.00;25.50;23.14;36.05;279.96;255.55
604563;4.46;1.01;93.00;27.00;84.00;27.00;21.57;33.91;186.55;273.13
604964;6.17;1.00;95.00;27.00;84.00;20.25;28.24;39.75;99.10;318.91
605416;5.78;1.02;96.00;27.00;84.00;20.25;29.02;40.85;107.08;281.95
605791;5.53;1.02;98.00;27.00;84.00;21.75;27.45;39.40;216.39;294.12
606189;5.45;1.04;100.00;27.00;84.00;23.25;26.67;38.90;235.71;336.03
606598;5.93;1.03;101.00;27.00;84.00;22.50;29.02;39.57;300.37;331.76
607000;5.87;0.98;103.00;27.00;84.00;19.50;33.73;42.02;325.72;332.91
607404;5.63;1.00;103.00;27.00;84.00;21.00;31.77;40.49;334.33;344.67
607723;4.82;1.00;106.00;27.00;84.00;25.50;26.28;36.97;326.91;323.34
608172;4.07;0.97;106.00;27.00;84.00;32.25;21.57;32.05;349.08;340.78
608575;4.48;0.98;107.00;27.00;84.00;30.75;23.14;33.03;332.63;276.04
608977;4.26;0.98;107.00;27.00;84.00;30.75;23.14;32.71;343.01;295.31
609416;4.27;1.00;108.00;27.00;84.00;30.75;22.75;32.44;325.41;326.54
609734;4.18;0.99;108.00;27.00;83.25;32.25;22.36;32.14;252.72;331.33
610136;4.02;0.98;110.00;27.00;83.25;33.00;21.96;31.28;282.83;283.91
610591;3.88;0.96;111.00;27.00;83.25;33.75;21.57;30.76;247.00;308.61
611047;3.65;0.96;111.00;27.00;83.25;35.25;20.00;29.14;191.04;322.73
611495;3.60;0.96;112.00;27.00;83.25;35.25;20.00;28.80;169.38;288.54
611888;3.63;0.97;112.00;27.00;83.25;35.25;19.61;28.57;196.22;307.64
612333;3.54;0.98;113.00;26.25;83.25;36.00;19.22;27.76;306.46;266.99
612738;3.57;0.98;115.00;26.25;83.25;36.00;19.22;27.62;340.08;211.92
613145;3.00;1.00;115.00;26.25;83.25;41.25;14.90;23.76;312.99;292.64
613545;3.30;0.99;116.00;26.25;83.25;39.75;16.47;24.88;335.19;330.27
613949;3.30;1.01;116.00;26.25;83.25;39.00;17.65;26.03;342.01;292.72
614346;3.12;0.94;116.00;26.25;83.25;39.75;16.86;25.30;342.95;321.89
614664;3.31;1.02;116.00;26.25;83.25;39.75;16.47;25.05;312.03;336.78
615110;3.24;1.02;117.00;26.25;83.25;40.50;16.08;24.46;320.92;342.91
615509;2.87;0.97;116.00;26.25;83.25;42.00;13.73;22.87;333.36;338.36
615911;2.96;1.00;116.00;26.25;83.25;42.00;13.33;22.91;320.55;335.49
616309;2.85;0.96;116.00;26.25;83.25;42.00;13.33;22.88;336.31;334.12
616699;2.84;1.01;116.00;26.25;83.25;43.50;11.77;21.91;319.49;332.44
617096;2.51;0.94;115.00;26.25;83.25;44.25;10.59;20.89;334.31;336.05
617499;2.53;0.95;115.00;26.25;83.25;45.00;10.59;20.63;325.04;299.18
617947;2.51;0.95;115.00;26.25;83.25;45.00;10.59;20.59;346.33;334.14
618337;2.50;0.95;115.00;26.25;83.25;45.00;10.20;20.47;353.12;346.81
618781;2.90;0.97;113.00;26.25;83.25;42.00;13.33;23.06;316.37;335.15
619233;3.12;1.02;115.00;26.25;83.25;41.25;14.12;23.60;339.35;353.06
619635;3.06;1.01;115.00;26.25;82.50;41.25;14.12;23.56;272.68;318.63
620028;2.97;0.97;115.00;26.25;82.50;41.25;14.12;23.60;306.43;333.55
620419;3.10;1.02;115.00;26.25;82.50;42.00;14.12;23.50;337.07;338.42
620732;3.04;1.00;115.00;26.25;82.50;41.25;14.12;23.57;335.76;343.81
621139;2.95;0.97;115.00;26.25;82.50;41.25;14.12;23.45;319.43;327.91
621529;3.10;1.02;115.00;26.25;82.50;42.00;13.73;23.42;336.76;346.81
621929;2.65;0.98;113.00;26.25;82.50;44.25;10.98;21.14;337.36;338.01
622330;1.83;1.00;113.00;26.25;82.50;48.75;6.67;14.73;332.17;318.32
622732;0.99;0.98;112.00;26.25;82.50;48.75;3.14;8.22;331.89;314.35
623131;0.58;0.97;110.00;26.25;82.50;48.75;0.78;4.87;326.15;334.96
623528;0.55;1.00;107.00;26.25;82.50;-30.00;0;0;339.55;347.20
623939;0.56;1.00;105.00;26.25;82.50;-30.00;0;0;356.85;355.31
624327;0.56;1.00;103.00;26.25;82.50;-30.00;0;0;358.96;355.19
624712;0.56;1.00;101.00;26.25;82.50;-30.00;0;0;357.05;355.09
625101;0.56;1.00;98.00;26.25;82.50;-30.00;0;0;357.15;337.99
625485;0.55;1.00;96.00;26.25;82.50;-30.00;0;0;327.71;349.76
625873;0.57;1.00;91.00;26.25;82.50;-30.00;0;0;347.42;258.89
626312;0.58;1.00;88.00;26.25;82.50;-30.00;0;0;320.90;215.77
626701;0.60;1.00;86.00;26.25;82.50;-30.00;0;0;284.26;232.66
627087;0.60;1.00;85.00;26.25;82.50;-30.00;0;0;293.93;247.07
627472;1.17;1.00;83.00;26.25;82.50;40.50;0;7.73;315.49;222.54
627917;0.63;1.00;81.00;26.25;82.50;-30.00;0;9.70;324.61;225.86
628316;0.62;1.00;80.00;26.25;82.50;-30.00;0;0;333.40;223.93
628707;1.33;1.00;77.00;26.25;82.50;38.25;0.39;0;345.08;252.80
629100;2.46;1.00;77.00;26.25;82.50;13.50;6.28;11.92;352.09;279.86
629552;3.50;0.99;80.00;26.25;82.50;32.25;12.55;25.80;356.23;321.93
629960;3.90;1.00;81.00;26.25;82.50;29.25;16.08;28.55;357.73;341.09
630413;2.58;1.00;80.00;26.25;82.50;42.00;8.24;20.00;361.56;279.73
630783;2.12;0.99;80.00;26.25;82.50;42.00;6.28;16.99;360.39;246.82
631187;3.97;0.96;81.00;26.25;82.50;36.00;12.55;24.54;356.83;237.84
631595;2.86;1.00;81.00;27.00;82.50;38.25;8.24;23.02;354.27;269.44
632032;5.10;1.00;82.00;27.00;82.50;32.25;16.86;26.85;303.67;314.26
632436;3.75;1.00;85.00;27.00;82.50;27.00;20.00;33.28;276.31;318.18
632754;5.67;1.00;86.00;27.00;82.50;24.75;23.92;36.36;237.13;297.83
633154;7.59;1.00;88.00;27.00;82.50;13.50;44.32;47.50;298.16;181.67
633552;2.76;1.00;90.00;27.00;82.50;36.75;11.37;26.23;244.59;193.21
634000;1.46;1.00;91.00;27.00;82.50;45.75;5.10;12.67;208.76;164.54
634449;0.86;1.00;90.00;27.00;82.50;46.50;1.96;6.97;174.25;168.76
634768;2.95;1.00;90.00;27.00;82.50;42.75;9.02;20.60;169.40;180.26
635220;2.67;0.95;91.00;27.00;82.50;41.25;10.20;22.15;192.74;227.72
635628;2.63;0.96;91.00;27.00;82.50;41.25;9.81;21.66;255.08;287.66
636025;1.87;1.00;92.00;27.00;82.50;46.50;6.28;15.32;309.34;319.82
636426;2.19;1.01;92.00;27.00;82.50;45.75;7.06;16.23;328.98;337.05
636744;5.55;1.00;96.00;27.00;82.50;24.00;28.24;38.23;344.27;330.15
637203;6.13;1.00;97.00;27.00;82.50;19.50;36.87;43.23;346.76;341.38
637652;5.94;1.00;101.00;27.00;82.50;20.25;36.87;42.13;346.70;345.62
638055;4.94;1.01;103.00;27.00;82.50;25.50;30.59;36.74;343.18;313.71
638456;5.02;1.05;105.00;27.00;82.50;27.00;29.02;35.61;242.80;205.12
638778;4.93;1.05;106.00;27.00;82.50;28.50;29.02;35.08;226.45;147.35
639223;3.54;1.00;105.00;27.00;82.50;35.25;9.81;19.62;201.10;138.80
639677;3.06;0.97;107.00;27.00;82.50;39.75;12.94;24.81;209.73;95.81
640086;3.29;0.97;106.00;27.00;82.50;40.50;12.55;23.63;143.51;73.96
640535;3.79;1.01;107.00;27.00;82.50;35.25;17.65;28.50;215.61;167.22
640943;5.14;1.00;107.00;27.00;82.50;28.50;25.49;34.59;194.77;184.07
641391;5.45;1.03;107.00;27.00;82.50;25.50;28.63;37.55;219.54;267.99
641709;5.21;1.03;108.00;26.25;82.50;25.50;29.02;37.37;282.31;317.89
642157;5.14;1.03;110.00;26.25;82.50;25.50;29.02;37.13;321.33;338.10
642564;5.03;1.02;111.00;26.25;82.50;26.25;29.02;36.58;336.87;330.35
642965;3.76;1.00;112.00;26.25;82.50;34.50;20.79;30.16;312.19;347.65
643419;3.31;1.00;112.00;26.25;82.50;39.00;16.08;25.61;267.46;291.66
643786;1.71;0.99;112.00;26.25;82.50;48.00;7.06;17.40;221.22;253.95
644183;1.34;0.99;111.00;26.25;82.50;48.75;4.71;10.69;240.86;207.00
644580;1.34;0.98;108.00;26.25;82.50;48.75;4.71;10.77;226.76;212.49
644972;2.27;0.97;107.00;26.25;82.50;47.25;7.06;16.46;231.65;221.80
645374;2.21;0.92;106.00;26.25;82.50;45.75;8.63;18.88;214.05;206.41
645775;3.42;0.99;107.00;26.25;82.50;39.00;14.90;25.71;180.30;186.96
646238;4.04;1.00;108.00;26.25;82.50;34.50;19.61;29.27;139.85;201.45
646689;3.89;1.00;108.00;26.25;82.50;34.50;19.61;29.46;200.32;218.03
647078;4.90;1.03;110.00;26.25;82.50;29.25;25.10;33.85;277.29;249.55
647531;5.20;1.07;111.00;26.25;82.50;27.00;28.63;36.07;329.33;282.70
647934;4.18;1.00;111.00;26.25;82.50;30.75;23.92;32.66;343.04;329.76
648332;3.58;0.97;112.00;26.25;82.50;36.00;19.22;28.15;331.76;323.40
648746;3.33;0.95;112.00;26.25;82.50;37.50;18.04;26.96;355.47;332.11
649212;3.92;0.98;113.00;26.25;82.50;33.75;21.96;30.27;339.14;353.88
649614;3.83;0.97;113.00;26.25;82.50;34.50;21.18;29.79;332.93;358.41
650012;3.86;0.99;113.00;26.25;82.50;34.50;21.18;29.53;345.49;344.98
650405;3.84;0.98;115.00;26.25;82.50;34.50;21.18;29.34;321.62;330.10
650720;3.47;0.97;115.00;26.25;82.50;36.00;19.61;28.05;339.14;344.04
651171;3.50;0.99;115.00;26.25;82.50;37.50;18.83;27.02;323.01;321.95
651569;3.30;1.00;115.00;26.25;82.50;39.00;16.86;25.54;340.97;337.50
651967;3.04;1.00;115.00;26.25;82.50;41.25;14.51;23.76;310.23;316.99
652362;3.02;0.99;115.00;26.25;82.50;41.25;14.51;23.66;284.16;342.36
652752;2.98;0.96;115.00;26.25;82.50;41.25;14.51;23.79;318.34;345.23
653193;3.04;1.00;115.00;26.25;82.50;42.00;13.73;23.46;343.34;351.29
653592;2.97;0.99;113.00;26.25;82.50;42.00;13.33;23.22;351.97;352.28
653989;2.94;0.98;113.00;26.25;82.50;42.00;13.33;23.29;349.57;358.43
654383;2.95;0.98;113.00;26.25;82.50;42.00;13.33;23.30;350.23;360.60
654772;3.00;0.98;112.00;26.25;82.50;41.25;13.73;23.66;341.44;363.38
655171;3.24;1.00;112.00;26.25;82.50;39.75;15.69;24.92;333.94;364.59
655568;3.30;1.00;112.00;26.25;82.50;39.75;15.69;25.28;348.12;345.64
656008;3.26;0.99;112.00;26.25;82.50;39.75;15.69;25.33;327.13;345.80
656399;3.26;1.01;112.00;26.25;82.50;39.75;15.30;24.94;245.39;326.11
656711;3.14;0.98;112.00;26.25;82.50;40.50;14.90;24.71;258.69;218.42
657109;3.24;0.99;112.00;26.25;82.50;39.75;15.69;25.48;174.34;178.39
657507;3.59;1.02;112.00;26.25;82.50;37.50;17.65;26.90;127.77;167.94
657825;3.50;1.00;112.00;26.25;82.50;38.25;17.65;26.80;105.21;113.76
658272;3.56;1.00;112.00;26.25;82.50;37.50;18.04;27.20;132.59;227.15
658667;3.85;0.99;112.00;26.25;82.50;34.50;20.79;29.64;222.37;201.06
659119;3.81;0.98;113.00;26.25;82.50;34.50;20.79;29.50;270.69;308.16
659513;3.87;1.00;112.00;26.25;82.50;34.50;20.79;29.43;320.64;335.04
659827;3.82;0.99;113.00;26.25;82.50;34.50;20.39;29.25;343.32;350.60
660225;3.72;0.99;113.00;26.25;82.50;35.25;20.00;28.65;333.96;357.32
660619;3.74;1.01;113.00;26.25;82.50;36.00;19.61;28.32;220.34;360.19
661015;3.55;0.98;113.00;26.25;82.50;36.00;18.83;27.65;163.60;362.69
661459;3.41;1.01;113.00;26.25;82.50;38.25;17.65;26.24;274.30;191.49
661828;3.10;0.96;113.00;26.25;82.50;39.75;15.69;24.91;290.72;116.97
662226;3.06;0.97;112.00;26.25;82.50;40.50;14.90;24.41;237.60;96.97
662629;3.24;1.02;112.00;26.25;82.50;40.50;14.90;24.54;269.51;88.37
663021;3.17;0.99;112.00;26.25;82.50;40.50;14.90;24.66;293.34;124.35
663418;3.18;1.00;111.00;26.25;82.50;40.50;14.90;24.54;320.17;107.67
663732;3.16;1.01;112.00;26.25;82.50;40.50;14.12;24.26;326.27;131.98
664129;3.16;1.00;111.00;26.25;82.50;40.50;14.12;24.38;338.22;195.42
664569;4.23;1.00;111.00;26.25;82.50;35.25;20.00;29.14;344.74;283.46
664963;3.76;0.98;111.00;26.25;82.50;34.50;20.39;29.20;342.75;329.31
665360;3.76;1.00;112.00;26.25;82.50;35.25;20.00;28.77;327.30;342.83
665729;3.58;0.98;112.00;26.25;82.50;36.00;18.83;27.92;340.76;333.42
666179;3.55;0.98;112.00;26.25;82.50;36.00;18.83;27.72;342.67;320.35
666571;3.39;0.97;112.00;26.25;82.50;38.25;17.65;26.77;348.57;334.90
666970;3.48;1.00;112.00;26.25;82.50;38.25;17.26;26.77;352.24;336.35
667361;3.06;0.94;112.00;26.25;82.50;39.75;15.30;24.95;348.06;325.66
667758;3.20;1.01;112.00;26.25;82.50;40.50;14.51;24.55;345.58;340.66
668155;3.05;0.97;111.00;26.25;82.50;40.50;14.12;24.28;294.36;320.10
668603;3.09;1.00;111.00;26.25;82.50;40.50;13.73;24.09;324.86;340.66
669048;3.14;1.00;111.00;26.25;82.50;40.50;13.73;24.18;335.37;337.87
669485;3.44;1.01;111.00;26.25;82.50;38.25;16.47;26.18;333.65;321.68
669803;3.40;1.00;111.00;26.25;82.50;39.00;16.08;26.07;342.46;323.40
670253;3.39;0.99;111.00;26.25;82.50;39.00;16.08;26.01;348.98;336.44
670646;3.30;0.99;111.00;26.25;82.50;39.00;15.69;25.67;353.67;334.02
671088;3.36;1.00;111.00;26.25;82.50;39.00;15.69;25.74;352.15;348.67
671529;3.38;1.01;111.00;26.25;82.50;39.00;16.08;25.88;354.84;334.10
671843;3.26;0.98;111.00;26.25;82.50;39.00;15.69;25.65;349.59;346.81
672237;3.27;0.99;111.00;26.25;82.50;39.75;15.69;25.61;347.26;349.31
672631;3.17;0.99;111.00;26.25;82.50;39.75;14.90;24.82;347.24;347.09
673022;3.21;1.00;111.00;26.25;82.50;40.50;14.51;24.59;346.93;346.19
673419;2.87;0.94;111.00;26.25;82.50;41.25;12.94;23.54;347.34;342.42
673737;2.70;0.95;111.00;26.25;82.50;42.75;11.37;22.01;323.79;344.63
674137;2.60;0.96;111.00;26.25;82.50;43.50;10.59;21.11;337.13;342.44
674586;2.32;0.92;111.00;26.25;82.50;45.00;9.02;19.76;334.33;339.65
675036;2.31;0.92;110.00;26.25;82.50;45.00;9.02;19.74;334.55;334.78
675427;2.17;0.96;110.00;26.25;82.50;46.50;7.84;17.82;322.07;336.87
675796;2.18;0.97;110.00;26.25;82.50;46.50;7.84;17.59;344.24;315.88
676190;2.20;0.98;108.00;26.25;82.50;46.50;7.84;17.61;348.30;334.98
676584;2.24;0.98;108.00;26.25;82.50;46.50;7.84;18.09;352.63;348.75
676974;2.32;0.96;108.00;26.25;82.50;45.75;8.63;19.10;333.24;351.15
677422;3.09;1.00;108.00;26.25;82.50;42.00;11.77;22.87;349.55;350.97
677797;2.82;0.94;108.00;26.25;82.50;41.25;11.77;23.24;317.28;348.01
678192;3.11;0.98;108.00;26.25;82.50;40.50;13.33;24.32;325.49;350.00
678591;3.18;1.00;108.00;26.25;82.50;40.50;13.33;24.48;337.97;350.93
678986;2.98;0.99;110.00;26.25;82.50;41.25;12.16;23.33;339.67;351.36
679387;2.78;0.94;110.00;26.25;82.50;41.25;12.16;23.32;341.79;344.39
679829;2.95;0.99;110.00;26.25;82.50;42.00;12.16;23.13;324.33;229.05
680275;2.77;0.93;110.00;26.25;82.50;42.00;12.16;23.04;336.46;186.59
680716;2.93;0.99;110.00;26.25;82.50;42.00;12.16;23.04;333.88;161.69
681103;2.77;0.93;111.00;26.25;82.50;42.00;12.16;23.03;316.17;146.14
681497;3.51;0.96;111.00;26.25;82.50;37.50;17.65;26.96;291.62;128.64
681815;3.83;1.03;112.00;26.25;82.50;36.00;19.22;28.28;322.64;190.01
682217;3.52;0.96;112.00;26.25;82.50;36.00;19.22;27.95;319.98;221.41
682609;3.67;1.00;113.00;26.25;82.50;36.00;18.83;27.74;342.13;303.46
683058;3.54;0.99;113.00;26.25;82.50;37.50;18.83;27.26;344.49;343.86
683503;3.47;0.98;115.00;26.25;82.50;37.50;18.83;27.09;346.97;335.21
683817;3.42;0.97;115.00;26.25;82.50;37.50;18.83;27.12;329.20;352.58
684262;3.45;0.98;115.00;26.25;82.50;38.25;18.43;26.73;323.85;257.15
684727;3.29;0.97;115.00;26.25;82.50;39.00;17.26;26.06;248.38;264.57
685130;3.34;1.00;116.00;26.25;82.50;39.00;17.26;25.78;244.98;184.66
685524;3.34;0.99;115.00;26.25;82.50;39.00;17.26;25.81;238.01;214.21
685885;3.38;1.01;116.00;26.25;82.50;39.00;17.26;25.51;224.91;209.48
686281;3.38;1.01;116.00;26.25;82.50;39.00;17.26;25.63;208.21;218.60
686717;3.14;1.00;116.00;26.25;82.50;40.50;15.69;24.33;208.13;188.11
687116;3.26;1.04;116.00;26.25;82.50;40.50;15.69;24.21;222.37;179.30
687507;3.18;1.01;116.00;26.25;82.50;40.50;15.69;24.25;232.11;200.53
687818;3.24;1.04;116.00;26.25;82.50;41.25;15.30;24.08;261.31;233.15
688216;3.18;1.02;116.00;26.25;82.50;41.25;15.30;24.15;307.03;287.19
688606;3.18;1.01;116.00;26.25;82.50;40.50;15.30;24.22;331.40;326.33
688997;3.26;1.04;116.00;26.25;82.50;41.25;15.30;24.15;327.56;343.22
689391;3.13;1.00;116.00;26.25;82.50;40.50;15.30;24.38;340.60;351.01
689785;3.27;1.05;116.00;26.25;82.50;40.50;15.30;24.19;346.13;349.78
690180;3.25;1.03;116.00;26.25;82.50;40.50;15.30;24.32;346.76;329.82
690571;3.15;1.01;116.00;26.25;82.50;41.25;15.30;24.15;343.77;328.40
690968;3.17;1.01;116.00;26.25;82.50;40.50;15.30;24.22;345.43;344.00
691363;3.14;1.00;116.00;26.25;82.50;40.50;15.30;24.32;344.45;324.10
691754;3.18;1.01;116.00;26.25;82.50;40.50;15.30;24.26;338.44;323.57
692173;3.19;1.01;116.00;26.25;82.50;40.50;15.30;24.22;341.25;342.03
692560;3.18;1.01;116.00;26.25;82.50;40.50;15.30;24.16;336.62;318.63
692946;3.20;1.01;115.00;26.25;82.50;40.50;15.30;24.32;339.98;321.97
693338;3.22;1.02;115.00;26.25;82.50;40.50;15.30;24.36;341.23;342.17
693729;3.21;1.01;115.00;26.25;82.50;40.50;15.30;24.39;343.61;337.26
694122;3.24;1.02;115.00;26.25;82.50;40.50;15.30;24.43;351.29;346.93
694513;3.18;1.00;115.00;26.25;82.50;40.50;15.30;24.52;355.27;347.38
694874;3.14;0.99;115.00;26.25;82.50;40.50;15.30;24.45;335.04;349.08
695315;3.06;0.98;115.00;26.25;82.50;41.25;15.30;23.96;346.76;351.79
695761;3.22;1.03;115.00;26.25;82.50;41.25;14.90;24.12;351.95;346.29
696154;3.10;1.00;115.00;26.25;82.50;41.25;14.90;23.99;347.20;349.04
696598;3.19;1.03;115.00;26.25;82.50;41.25;14.90;23.93;327.50;348.55
697041;3.16;1.02;115.00;26.25;82.50;41.25;14.51;23.85;345.06;340.60
697434;3.06;0.99;115.00;26.25;82.50;41.25;14.51;23.75;341.23;322.11
697874;3.09;0.99;115.00;26.25;82.50;41.25;14.51;23.90;338.42;336.05
698313;3.17;1.02;115.00;26.25;82.50;41.25;14.51;23.86;320.94;315.84
698704;3.00;0.97;115.00;26.25;82.50;41.25;14.51;23.76;315.49;331.40
699096;2.99;0.98;115.00;26.25;82.50;41.25;14.51;23.82;330.64;338.47
699537;3.06;0.99;113.00;26.25;82.50;41.25;13.73;23.65;341.66;343.63
699906;3.04;1.01;113.00;26.25;82.50;42.00;13.73;23.39;364.64;349.43
700300;2.76;0.95;113.00;26.25;82.50;42.75;11.77;22.56;349.86;358.55
700699;2.74;0.96;113.00;26.25;82.50;42.75;11.77;22.30;358.79;334.14
701090;2.61;0.93;112.00;26.25;82.50;43.50;10.98;21.74;362.61;330.78
701492;2.63;0.94;112.00;26.25;82.50;42.75;10.98;21.72;299.59;352.34
701806;2.60;0.95;112.00;26.25;82.50;43.50;10.59;21.29;280.26;232.41
702254;2.59;0.96;112.00;26.25;82.50;43.50;10.59;21.11;262.95;223.50
702644;2.60;0.97;111.00;26.25;82.50;43.50;10.20;20.92;311.76;198.07
703043;2.48;0.92;111.00;26.25;82.50;43.50;10.20;20.95;262.46;202.62
703434;2.60;0.97;110.00;26.25;83.25;43.50;10.20;20.96;209.60;215.28
703832;2.61;0.97;110.00;26.25;83.25;43.50;10.20;20.99;204.40;176.12
704222;3.42;1.02;110.00;26.25;83.25;39.00;15.30;25.64;163.90;171.28
704620;3.70;1.03;110.00;26.25;83.25;36.00;17.65;27.58;150.03;137.45
705017;3.78;1.01;110.00;26.25;83.25;35.25;19.22;28.62;170.38;208.60
705466;3.66;1.00;111.00;26.25;83.25;36.00;18.83;28.05;214.09;240.94
705839;3.20;0.97;111.00;26.25;83.25;39.75;15.30;25.37;259.46;319.16
706237;2.74;0.94;110.00;26.25;83.25;42.00;11.37;22.61;305.00;339.37
706688;2.50;0.92;110.00;26.25;83.25;43.50;10.20;21.12;335.10;327.71
707087;2.59;0.97;108.00;26.25;83.25;43.50;10.20;20.88;328.81;349.12
707533;2.41;0.92;108.00;26.25;83.25;44.25;9.41;20.40;327.93;322.26
707850;1.94;1.01;107.00;26.25;83.25;48.00;6.28;15.35;343.63;334.96
708304;0.94;1.00;105.00;26.25;83.25;48.00;2.75;7.43;309.36;340.45
708700;1.41;0.98;103.00;26.25;83.25;48.00;4.71;11.36;266.78;344.69
709154;2.38;0.95;103.00;26.25;83.25;45.00;8.24;18.85;215.61;331.27
709552;2.29;0.93;103.00;26.25;83.25;44.25;8.24;19.33;225.63;249.12
709867;2.46;0.98;102.00;26.25;83.25;44.25;8.63;19.73;201.39;217.54
710316;2.42;0.98;102.00;26.25;83.25;43.50;8.24;19.41;192.88;204.81
710760;2.42;0.98;102.00;26.25;83.25;43.50;8.24;19.46;194.93;240.96
711198;2.35;0.98;101.00;26.25;83.25;44.25;8.24;19.01;215.90;292.68
711644;2.05;1.00;101.00;26.25;83.25;45.75;6.67;16.20;254.77;325.90
712093;1.94;0.96;101.00;26.25;83.25;45.75;6.67;15.93;284.51;322.48
712486;1.88;0.94;100.00;26.25;83.25;45.75;6.67;15.96;316.76;327.93
712799;1.94;0.97;100.00;26.25;83.25;45.75;6.67;15.96;318.34;348.49
713237;2.43;0.99;100.00;26.25;83.25;43.50;8.24;19.44;315.10;303.83
713635;2.34;0.95;100.00;26.25;83.25;43.50;8.24;19.44;325.23;306.68
714024;1.76;0.95;98.00;26.25;83.25;46.50;5.88;14.75;307.30;312.77
714427;1.59;0.95;98.00;26.25;83.25;46.50;5.49;13.28;250.94;286.76
714868;1.54;0.92;97.00;26.25;83.25;45.75;5.10;13.17;215.03;247.80
715272;1.74;0.90;97.00;26.25;83.25;45.75;6.28;15.49;184.89;246.70
715665;2.70;0.98;97.00;26.25;83.25;41.25;9.41;21.39;183.29;196.26
716062;2.62;0.96;97.00;26.25;83.25;40.50;9.81;21.66;211.08;168.97
716464;3.42;1.01;97.00;26.25;83.25;37.50;12.94;25.57;217.06;221.94
716869;3.17;0.98;98.00;26.25;83.25;37.50;12.55;25.24;260.39;286.27
717317;3.14;1.05;98.00;26.25;83.25;39.00;10.98;23.45;315.21;322.03
717713;2.66;0.99;98.00;26.25;83.25;42.00;9.41;21.14;338.79;342.05
718161;2.31;0.93;98.00;26.25;83.25;43.50;8.24;19.46;346.38;345.80
718560;2.33;0.96;98.00;26.25;83.25;44.25;8.24;19.15;348.42;314.75
718875;2.42;0.97;98.00;26.25;83.25;43.50;8.63;19.67;325.23;280.37
719273;3.04;0.98;98.00;26.25;83.25;39.00;11.77;24.25;314.18;263.95
719729;2.78;1.00;100.00;26.25;83.25;41.25;10.20;21.74;320.88;304.32
720141;2.66;0.96;100.00;26.25;83.25;41.25;9.81;21.75;311.02;276.39
720587;2.77;1.01;100.00;26.25;83.25;42.00;9.81;21.57;281.76;305.25
720917;2.66;0.97;100.00;26.25;83.25;42.00;9.81;21.57;257.50;271.53
721304;2.65;0.97;100.00;26.25;83.25;42.00;9.81;21.48;245.88;230.18
721693;2.73;0.99;100.00;26.25;83.25;41.25;9.81;21.59;178.80;216.20
722140;2.46;0.97;100.00;26.25;83.25;43.50;8.24;19.89;213.44;205.48
722540;2.18;0.98;98.00;26.25;83.25;45.00;7.45;17.63;227.86;223.27
722861;2.04;0.98;98.00;26.25;83.25;45.75;6.67;16.40;260.37;267.48
723256;1.74;0.95;97.00;26.25;83.25;45.75;5.88;14.55;312.52;295.35
723652;1.42;0.92;97.00;26.25;83.25;45.75;4.71;12.57;334.80;327.56
724051;1.42;0.90;96.00;26.25;83.25;45.75;4.71;12.32;348.08;297.68
724441;1.39;0.89;95.00;26.25;83.25;45.75;4.71;12.48;302.70;339.31
724834;1.50;0.87;95.00;26.25;83.25;45.75;5.49;13.82;328.40;283.69
725227;1.57;0.89;95.00;26.25;83.25;45.75;5.49;14.05;245.96;324.24
725615;2.15;0.92;95.00;26.25;83.25;44.25;7.06;17.63;123.94;345.78
726014;3.16;0.96;95.00;26.25;83.25;38.25;11.77;24.19;62.40;355.56
726419;2.99;0.95;95.00;26.25;83.25;38.25;12.16;24.68;96.83;360.47
726867;3.93;1.02;95.00;26.25;83.25;36.00;14.90;26.96;255.75;202.35
727274;3.92;1.03;96.00;26.25;83.25;33.00;17.26;29.50;184.40;231.82
727675;3.98;1.03;96.00;27.00;83.25;33.00;17.26;29.82;187.47;203.62
728117;4.72;1.02;97.00;27.00;83.25;27.75;21.57;34.12;179.72;211.67
728570;4.74;1.04;98.00;27.00;83.25;27.75;21.96;34.49;194.60;242.31
728890;4.50;1.04;100.00;27.00;83.25;30.00;20.39;32.97;268.77;291.72
729293;4.10;1.01;101.00;27.00;83.25;31.50;20.00;31.68;317.01;324.71
729694;3.66;0.97;101.00;27.00;83.25;34.50;16.86;28.68;337.22;341.42
730144;3.77;1.01;102.00;27.00;83.25;34.50;16.86;28.45;346.35;327.75
730540;3.62;0.98;103.00;27.00;83.25;35.25;16.47;28.17;332.83;335.64
730912;3.22;0.98;103.00;27.00;83.25;39.00;13.73;25.34;348.24;340.78
731308;3.23;0.99;103.00;27.00;83.25;39.00;13.33;25.17;347.07;330.00
731701;3.51;1.02;103.00;27.00;83.25;37.50;15.30;26.50;319.12;329.26
732098;3.39;0.98;105.00;27.00;83.25;37.50;15.30;26.53;335.33;333.32
732494;3.38;1.00;105.00;27.00;83.25;38.25;14.90;26.10;307.09;338.49
732812;3.18;0.98;105.00;27.00;83.25;39.00;13.73;25.17;334.51;329.78
733210;2.63;0.98;105.00;27.00;83.25;42.75;9.81;21.12;201.63;271.06
733605;2.34;0.93;105.00;27.00;83.25;44.25;8.63;19.93;209.56;225.81
733922;1.99;0.93;105.00;27.00;83.25;45.75;7.45;17.40;175.50;190.40
734318;1.98;0.96;105.00;27.00;83.25;46.50;7.06;16.26;211.82;231.29
734766;1.30;1.00;103.00;27.00;83.25;48.00;4.31;10.54;271.64;256.53
735168;0.55;1.00;102.00;27.00;83.25;-30.00;0;0;317.56;313.40
735572;0.56;1.00;100.00;27.00;83.25;-30.00;0;0;334.31;333.12
735881;1.06;1.00;98.00;27.00;83.25;39.00;2.75;7.18;345.66;334.69
736279;1.22;1.00;97.00;27.00;83.25;39.00;3.53;8.76;334.28;345.78
736673;1.47;0.99;96.00;27.00;83.25;43.50;4.31;11.21;338.69;304.94
737132;1.62;0.97;96.00;27.00;83.25;45.75;5.10;13.24;317.62;272.13
737581;1.62;0.95;96.00;27.00;83.25;45.75;5.49;13.62;268.87;283.26
737942;1.70;0.92;96.00;27.00;83.25;45.75;5.88;14.63;196.18;284.53
738389;1.70;0.89;95.00;27.00;83.25;45.75;5.88;15.35;235.12;201.04
738834;2.31;0.93;96.00;27.00;83.25;42.75;8.24;19.74;135.40;271.72
739290;2.19;0.98;96.00;27.00;83.25;44.25;7.06;18.06;211.55;184.62
739687;2.12;0.96;96.00;27.00;83.25;44.25;7.06;17.50;184.09;170.71
740078;2.22;0.93;96.00;27.00;83.25;43.50;7.84;19.05;180.65;230.12
740584;2.38;0.97;96.00;27.00;83.25;42.75;8.24;19.53;247.66;297.21
740952;2.43;0.96;96.00;27.00;83.25;42.00;8.24;20.03;278.24;335.62
741347;2.54;0.95;96.00;27.00;83.25;41.25;9.02;21.12;328.96;307.93
741743;2.44;0.93;96.00;27.00;83.25;42.00;8.63;20.72;323.94;331.48
742141;2.29;0.95;96.00;27.00;83.25;42.75;7.84;19.20;285.16;345.60
742539;2.38;0.98;96.00;27.00;83.25;42.75;7.84;19.23;270.02;303.40
742850;2.30;0.96;96.00;27.00;83.25;43.50;7.84;18.89;257.29;296.74
743244;2.25;0.93;97.00;27.00;83.25;42.75;8.24;19.20;275.69;285.92
743645;3.10;0.97;97.00;27.00;83.25;37.50;12.55;24.94;223.72;242.91
744054;4.43;1.00;98.00;27.00;83.25;30.75;19.61;31.75;177.22;215.40
744456;4.75;1.03;100.00;27.00;83.25;27.00;23.14;35.08;161.67;172.45
744863;4.97;1.08;101.00;27.00;83.25;27.75;23.14;34.89;175.48;134.01
745311;4.47;0.99;103.00;27.00;83.25;28.50;23.14;33.89;229.42;103.00
745709;4.34;0.98;105.00;27.00;83.25;29.25;23.14;33.18;271.84;105.95
746158;4.28;0.98;106.00;27.00;83.25;30.75;23.14;32.96;326.54;221.00
746558;4.30;1.00;107.00;27.00;83.25;30.75;22.75;32.44;337.63;269.92
746878;3.78;0.94;108.00;27.00;83.25;33.75;20.79;30.69;349.76;304.04
747280;3.69;0.94;110.00;27.00;83.25;34.50;19.61;29.73;346.33;318.85
747679;2.95;0.95;110.00;27.00;83.25;40.50;13.73;24.26;340.51;337.32
748128;2.92;0.94;110.00;27.00;83.25;41.25;13.33;23.96;298.24;336.42
748526;3.09;1.00;110.00;27.00;83.25;41.25;13.33;23.95;330.70;322.56
748836;2.91;0.94;110.00;27.00;83.25;41.25;13.33;23.95;284.38;342.73
749274;3.05;0.99;111.00;27.00;83.25;41.25;13.33;23.72;226.61;328.75
749718;3.90;1.01;111.00;27.00;83.25;34.50;20.39;29.40;242.17;306.80
750116;3.55;1.00;111.00;26.25;83.25;37.50;18.04;27.46;214.38;312.64
750517;3.06;0.98;112.00;26.25;83.25;40.50;13.73;24.08;204.56;332.46
750837;2.78;0.93;111.00;26.25;83.25;42.00;12.55;22.93;196.53;331.25
751238;3.50;1.00;112.00;26.25;83.25;38.25;17.26;26.47;193.56;313.71
751690;3.38;0.97;112.00;26.25;83.25;38.25;17.65;26.85;183.84;342.30
752084;3.48;0.99;113.00;26.25;83.25;38.25;17.65;26.77;261.68;347.09
752479;3.41;0.99;112.00;26.25;83.25;38.25;17.26;26.40;324.67;338.79
752874;3.42;0.98;113.00;26.25;83.25;38.25;17.65;26.76;345.47;354.10
753272;3.54;1.02;112.00;26.25;83.25;38.25;18.04;26.79;239.09;360.62
753670;3.42;0.98;113.00;26.25;83.25;38.25;17.65;26.79;154.56;363.39
754064;3.38;0.99;113.00;26.25;83.25;39.00;17.26;26.17;105.70;364.59
754514;3.28;0.99;113.00;26.25;83.25;39.75;16.47;25.35;92.57;365.00
754828;3.65;1.00;113.00;26.25;83.25;37.50;18.83;27.37;84.10;365.31
755227;3.88;0.98;115.00;26.25;83.25;34.50;21.57;29.70;175.98;328.20
755685;3.79;0.97;115.00;26.25;83.25;34.50;21.57;29.71;157.41;343.73
756076;3.89;1.00;115.00;26.25;83.25;34.50;21.57;29.73;184.50;322.23
756483;3.72;0.99;115.00;26.25;83.25;35.25;20.39;28.68;178.41;337.91
756881;3.66;0.98;116.00;26.25;83.25;35.25;20.39;28.44;152.78;317.01
757326;3.43;0.96;116.00;26.25;83.25;37.50;19.22;27.26;195.53;324.35
757724;3.39;0.98;116.00;26.25;83.25;38.25;18.83;26.85;254.55;346.11
758122;3.50;1.01;116.00;26.25;83.25;38.25;18.83;26.64;315.62;351.83
758514;3.37;0.96;116.00;26.25;83.25;38.25;18.83;26.64;325.25;347.56
758873;3.39;0.96;116.00;26.25;83.25;37.50;18.83;27.03;337.83;358.18
759317;3.42;0.98;116.00;26.25;83.25;38.25;18.83;26.67;344.47;353.73
759761;3.33;0.97;116.00;26.25;83.25;38.25;18.43;26.50;348.45;352.20
760207;3.35;0.99;116.00;26.25;83.25;39.00;18.04;26.00;329.88;349.55
760606;3.45;1.01;116.00;26.25;83.25;39.00;18.04;26.11;329.98;330.10
760916;3.42;1.02;116.00;26.25;83.25;39.00;17.65;25.67;328.12;345.58
761360;3.89;1.01;116.00;26.25;83.25;35.25;20.79;28.51;340.90;325.04
761810;3.82;1.01;116.00;26.25;83.25;35.25;20.79;28.65;340.86;328.98
762197;3.65;1.00;116.00;26.25;83.25;36.00;20.00;27.86;318.77;331.46
762649;3.42;0.98;116.00;26.25;83.25;38.25;19.22;26.79;335.54;332.22
763018;3.28;1.02;116.00;26.25;83.25;40.50;16.47;24.73;315.00;301.99
763417;3.22;1.01;117.00;26.25;83.25;40.50;16.08;24.71;331.80;309.14
763814;3.22;1.01;116.00;26.25;83.25;40.50;16.08;24.62;345.45;315.08
764202;3.15;0.99;117.00;26.25;83.25;40.50;16.08;24.48;347.17;338.26
764596;3.30;1.04;117.00;26.25;83.25;40.50;16.08;24.43;352.71;345.82
764906;3.22;1.02;117.00;26.25;83.25;40.50;16.08;24.45;336.19;348.69
765348;3.77;1.04;117.00;26.25;83.25;37.50;20.00;27.45;353.86;350.49
765745;3.50;1.00;117.00;26.25;83.25;38.25;19.22;26.85;350.80;348.32
766195;3.19;1.01;117.00;26.25;83.25;40.50;16.08;24.45;316.82;336.76
766593;3.22;1.02;118.00;26.25;83.25;40.50;16.08;24.35;322.48;321.46
766907;3.26;1.04;117.00;26.25;83.25;40.50;16.08;24.21;313.75;299.47
767301;3.14;1.00;117.00;26.25;83.25;40.50;16.08;24.45;330.60;313.48
767692;3.14;1.01;117.00;26.25;83.25;41.25;15.69;24.06;337.56;227.27
768137;3.27;1.05;117.00;26.25;83.25;41.25;15.30;24.08;335.56;203.27
768532;3.16;1.02;117.00;26.25;83.25;41.25;15.30;23.92;338.20;206.78
768893;3.18;1.02;117.00;26.25;83.25;42.00;15.30;23.85;341.03;221.80
769335;3.11;1.00;117.00;26.25;83.25;41.25;15.30;24.05;342.28;230.41
769729;3.19;1.04;117.00;26.25;83.25;41.25;14.90;23.69;351.81;295.00
770122;2.98;1.00;117.00;26.25;83.25;42.75;13.73;22.88;354.00;315.84
770573;2.78;0.96;117.00;26.25;83.25;42.75;12.55;22.31;355.37;329.35
770936;2.82;0.99;117.00;26.25;83.25;43.50;12.16;22.02;358.24;326.97
771387;2.80;0.98;116.00;26.25;83.25;43.50;12.16;22.15;356.87;342.30
771784;2.76;0.97;116.00;26.25;83.25;43.50;12.16;22.07;326.58;345.31
772175;2.69;0.96;116.00;26.25;83.25;43.50;11.37;21.75;320.49;345.88
772568;2.69;0.97;116.00;26.25;83.25;44.25;11.37;21.54;337.03;344.14
772881;2.81;0.99;116.00;26.25;83.25;43.50;11.77;21.95;336.46;340.74
773329;2.86;0.97;115.00;26.25;83.25;42.00;13.73;23.06;338.90;323.18
773732;3.20;1.05;115.00;26.25;83.25;41.25;14.51;23.65;338.59;319.61
774130;3.08;1.01;115.00;26.25;83.25;41.25;14.12;23.53;317.66;317.46
774578;3.06;1.01;116.00;26.25;83.25;42.00;14.12;23.43;333.16;334.80
774893;3.11;1.03;116.00;26.25;83.25;42.00;14.12;23.32;323.38;339.02
775286;2.99;0.99;116.00;26.25;83.25;42.00;14.12;23.30;340.10;310.68
775676;3.06;1.02;116.00;26.25;83.25;42.00;14.12;23.24;351.27;337.69
776066;3.07;1.02;116.00;26.25;83.25;42.00;14.12;23.27;354.63;348.38
776454;2.94;0.98;116.00;26.25;83.25;42.00;14.12;23.13;354.35;334.90
776896;3.12;1.04;117.00;26.25;83.25;42.00;14.12;23.26;353.00;333.40
777341;3.54;1.05;117.00;26.25;83.25;39.75;17.65;25.48;331.05;329.04
777789;3.38;1.01;117.00;26.25;82.50;39.00;18.04;25.73;348.59;339.41
778190;3.46;1.04;118.00;26.25;82.50;39.75;17.65;25.55;326.78;324.12
778592;3.22;0.97;118.00;26.25;82.50;39.75;17.65;25.33;322.42;322.07
778903;3.53;1.03;118.00;26.25;82.50;39.75;18.04;25.86;338.10;319.61
779350;3.34;1.01;118.00;26.25;82.50;40.50;17.65;25.14;336.01;322.40
779746;3.32;1.01;120.00;26.25;82.50;40.50;17.65;25.10;309.94;320.25
780137;3.34;1.02;120.00;26.25;82.50;40.50;17.26;24.92;279.10;276.54
780532;3.34;1.03;120.00;26.25;82.50;40.50;17.26;24.82;210.65;287.07
780920;3.77;1.04;120.00;26.25;82.50;39.00;20.00;26.77;243.30;319.14
781318;3.42;1.04;120.00;26.25;82.50;39.75;18.04;25.60;242.74;324.49
781726;3.33;1.03;120.00;26.25;82.50;40.50;17.26;24.88;304.63;340.95
782123;3.23;1.01;120.00;26.25;82.50;41.25;16.86;24.49;333.42;352.91
782523;3.30;1.03;120.00;26.25;82.50;41.25;16.86;24.55;344.14;355.56
782912;3.24;1.01;120.00;26.25;82.50;41.25;16.86;24.62;325.45;335.84
783305;3.23;1.00;120.00;26.25;82.50;41.25;16.86;24.68;322.95;326.31
783696;3.36;1.05;120.00;26.25;82.50;41.25;16.86;24.56;343.04;308.83
784137;3.16;1.01;120.00;26.25;82.50;42.00;16.08;24.03;340.72;283.30
784539;3.15;1.01;118.00;26.25;82.50;42.00;16.08;24.03;339.18;290.22
784898;3.26;1.04;118.00;26.25;82.50;41.25;16.08;24.18;321.31;310.10
785343;3.24;1.02;118.00;26.25;82.50;41.25;16.08;24.35;301.45;238.29
785737;3.46;1.04;117.00;26.25;82.50;40.50;17.65;25.37;233.60;197.68
786189;3.54;1.02;117.00;26.25;82.50;38.25;19.22;26.70;158.82;165.18
786590;3.73;1.03;117.00;26.25;82.50;36.00;20.00;27.56;147.35;226.33
786908;3.83;1.02;117.00;26.25;82.50;35.25;21.18;28.70;176.98;254.96
787306;4.26;1.02;117.00;26.25;82.50;32.25;25.10;31.58;231.84;299.39
787752;4.34;1.03;117.00;26.25;82.50;32.25;25.49;31.87;271.15;338.26
788147;4.17;1.03;117.00;26.25;82.50;33.75;23.92;30.46;324.65;347.17
788594;3.78;0.97;117.00;26.25;82.50;34.50;22.75;29.80;307.70;350.15
788910;3.86;0.98;117.00;26.25;82.50;34.50;22.75;29.80;304.84;348.75
789349;4.39;1.05;117.00;26.25;82.50;33.00;25.49;31.88;324.65;348.53
789797;4.25;1.02;117.00;26.25;82.50;32.25;25.49;31.80;339.80;346.87
790243;4.16;1.00;117.00;26.25;82.50;33.75;25.10;31.52;321.99;328.65
790642;4.04;0.98;117.00;26.25;82.50;33.75;24.71;31.24;337.93;322.28
791007;3.84;0.98;118.00;26.25;82.50;35.25;23.14;29.77;336.23;336.56
791457;3.82;0.99;118.00;26.25;82.50;34.50;22.36;29.46;188.23;178.00
791905;4.23;1.03;118.00;26.25;82.50;33.75;24.71;31.18;148.94;145.13
792320;4.18;1.04;118.00;26.25;82.50;34.50;24.32;30.81;206.04;221.88
792719;3.67;1.00;118.00;26.25;82.50;36.00;20.79;28.54;227.82;230.57
793117;3.14;0.94;118.00;26.25;82.50;39.75;18.04;25.58;284.43;303.28
793566;2.99;0.98;117.00;26.25;82.50;41.25;15.30;23.85;327.07;311.62
793889;3.02;0.98;117.00;26.25;82.50;41.25;14.90;23.65;341.93;341.40
794284;3.09;1.01;116.00;26.25;82.50;41.25;14.90;23.62;347.07;348.55
794679;3.18;1.03;117.00;26.25;82.50;41.25;14.90;23.73;352.83;345.11
795044;2.90;0.97;116.00;26.25;82.50;42.00;14.12;23.36;352.67;346.50
795497;3.62;1.03;116.00;26.25;82.50;38.25;18.43;26.52;348.10;345.41
795896;3.50;0.99;116.00;26.25;82.50;37.50;18.83;26.93;327.34;343.08
796293;3.47;0.99;116.00;26.25;82.50;38.25;18.83;26.74;322.60;311.95
796685;3.42;0.98;116.00;26.25;82.50;38.25;18.83;26.70;342.17;329.90
796998;3.49;1.00;116.00;26.25;82.50;38.25;18.83;26.66;345.02;214.89
797390;3.47;1.00;116.00;26.25;83.25;38.25;18.83;26.63;339.24;175.77
797780;3.65;1.02;116.00;26.25;83.25;37.50;19.61;27.33;284.88;153.88
798180;3.85;1.02;117.00;26.25;83.25;35.25;21.18;28.73;292.74;190.83
798580;3.83;1.01;117.00;26.25;83.25;35.25;21.57;28.88;303.75;223.48
798893;3.78;0.99;117.00;26.25;83.25;35.25;21.57;29.00;313.50;293.67
799290;3.86;1.01;118.00;26.25;83.25;36.00;21.57;28.91;335.76;325.35
799689;3.80;1.00;117.00;26.25;83.25;35.25;21.57;28.80;342.17;338.53
800007;3.78;1.00;118.00;26.25;83.25;36.00;21.57;28.85;347.54;344.00
800402;3.80;1.01;118.00;26.25;83.25;36.00;21.57;28.71;339.00;348.24
800795;3.87;1.02;118.00;26.25;83.25;36.00;22.36;28.94;343.77;348.63
801189;3.86;1.01;118.00;26.25;83.25;36.00;22.36;29.11;343.98;348.83
801579;3.90;1.03;120.00;26.25;83.25;36.00;22.36;29.06;345.02;345.64
801893;4.22;1.04;120.00;26.25;83.25;33.75;25.10;30.86;345.06;346.52
802291;4.16;1.04;121.00;26.25;83.25;34.50;24.32;30.36;341.72;324.12
802740;4.06;1.02;121.00;26.25;83.25;34.50;23.92;30.03;340.15;307.77
803134;4.03;1.01;122.00;26.25;83.25;34.50;23.92;30.02;229.36;326.29
803529;3.74;1.01;122.00;26.25;83.25;36.00;22.36;29.08;142.61;318.16
803925;3.71;1.00;122.00;26.25;83.25;36.75;21.57;28.09;169.85;330.78
804373;3.63;0.99;122.00;26.25;83.25;36.75;21.18;27.99;208.97;335.51
804818;3.75;1.02;122.00;26.25;83.25;36.75;21.18;27.86;301.56;345.04
805258;3.71;1.02;122.00;26.25;83.25;36.75;21.18;27.85;336.85;350.56
805696;3.66;1.00;122.00;26.25;83.25;36.75;21.18;27.89;346.77;337.28
806005;3.71;1.02;122.00;26.25;83.25;36.75;21.57;27.72;331.29;351.95
806402;3.68;1.00;122.00;26.25;83.25;36.75;21.57;27.83;347.01;328.83
806799;3.62;1.01;122.00;26.25;83.25;38.25;20.79;27.36;347.95;345.08
807198;3.46;1.01;122.00;26.25;83.25;39.00;19.61;26.20;342.73;333.92
807593;3.30;1.01;122.00;26.25;83.25;40.50;18.04;24.94;343.08;320.04
807908;3.19;1.01;122.00;26.25;83.25;41.25;16.86;24.29;328.87;339.06
808305;3.09;1.01;122.00;26.25;83.25;42.75;16.08;23.67;329.20;332.19
808699;3.07;1.00;121.00;26.25;83.25;42.00;16.08;23.67;334.88;268.91
809013;3.12;1.01;121.00;26.25;83.25;42.00;16.08;23.65;210.26;309.71
809405;3.09;1.00;121.00;26.25;83.25;42.00;16.08;23.69;180.73;311.41
809849;2.99;1.00;121.00;26.25;83.25;42.75;14.90;23.02;183.07;278.50
810247;3.08;1.03;121.00;26.25;83.25;42.75;14.90;23.04;244.42;239.24
810638;3.08;1.03;120.00;26.25;83.25;42.75;14.90;23.03;243.97;251.61
810947;3.10;1.03;121.00;26.25;83.25;42.75;14.90;22.99;307.95;315.53
811390;3.31;1.01;120.00;26.25;83.25;42.00;16.86;24.10;341.66;341.79
811792;3.62;1.04;121.00;26.25;83.25;39.00;19.61;26.53;332.91;344.98
812193;3.70;1.04;121.00;26.25;83.25;38.25;20.39;27.32;332.05;345.78
812587;3.58;1.01;121.00;26.25;83.25;38.25;20.00;27.03;351.01;313.12
812901;3.45;0.99;121.00;26.25;83.25;39.00;19.61;26.59;334.12;323.71
813349;3.79;1.03;121.00;26.25;83.25;36.75;21.18;28.18;333.22;320.64
813798;3.80;1.03;121.00;26.25;83.25;36.75;21.18;28.06;339.76;330.68
814237;3.66;1.00;121.00;26.25;83.25;36.75;21.18;28.04;339.35;336.17
814629;3.70;0.99;121.00;26.25;83.25;36.00;21.57;28.37;255.84;321.03
814948;3.89;1.03;121.00;26.25;83.25;36.00;21.96;28.59;223.68;285.68
815341;3.65;0.97;121.00;26.25;83.25;36.00;21.96;28.50;221.98;151.01
815734;4.06;1.01;121.00;26.25;83.25;34.50;24.32;30.25;238.48;208.03
816133;4.15;1.03;122.00;26.25;83.25;34.50;24.71;30.49;210.16;279.63
816530;4.21;1.04;122.00;26.25;83.25;34.50;25.10;30.52;298.85;325.64
816973;4.10;1.02;122.00;26.25;83.25;34.50;24.71;30.40;334.86;346.79
817369;4.06;1.02;123.00;26.25;83.25;34.50;24.71;30.14;344.12;331.72
817809;4.02;1.02;123.00;26.25;83.25;34.50;24.32;30.03;350.56;348.90
818254;3.97;1.00;123.00;26.25;83.25;35.25;23.92;29.73;351.74;331.80
818652;3.21;1.01;123.00;26.25;83.25;40.50;18.43;25.19;331.42;328.73
818971;3.23;0.96;123.00;26.25;83.25;39.75;19.22;25.80;328.65;348.22
819419;3.50;1.03;122.00;26.25;83.25;39.75;19.22;25.88;315.02;344.24
819813;3.42;1.01;123.00;26.25;83.25;39.75;19.22;25.86;301.66;335.43
820210;3.44;1.02;122.00;26.25;83.25;39.75;18.83;25.74;320.14;338.83
820607;3.43;1.02;122.00;26.25;83.25;39.75;19.22;25.86;317.32;307.23
820920;3.70;1.01;122.00;26.25;83.25;36.75;21.57;28.04;234.44;298.93
821321;3.66;1.00;122.00;26.25;83.25;36.75;21.57;27.91;231.65;241.18
821711;3.70;1.01;122.00;25.50;83.25;36.75;21.18;27.86;205.67;295.92
822081;3.45;0.97;122.00;25.50;83.25;38.25;20.79;27.42;279.06;322.64
822479;3.50;0.97;122.00;25.50;83.25;38.25;20.39;27.22;327.73;329.24
822922;3.52;1.00;122.00;25.50;83.25;39.00;20.39;26.76;339.74;354.84
823316;3.50;1.01;122.00;26.25;83.25;39.00;20.00;26.53;334.55;350.41
823714;3.46;0.98;122.00;26.25;83.25;39.00;20.00;26.82;345.39;339.14
824025;3.77;1.03;122.00;26.25;83.25;36.75;21.57;27.99;352.07;329.76
824429;3.68;0.99;122.00;26.25;83.25;36.75;21.57;28.24;332.32;343.08
824870;3.79;1.03;122.00;25.50;83.25;36.75;21.57;28.02;321.33;313.01
825265;3.67;1.00;122.00;25.50;83.25;36.75;21.57;28.02;339.65;303.44
825651;3.45;0.96;122.00;25.50;83.25;38.25;20.39;27.20;330.90;334.47
826022;3.47;0.99;122.00;25.50;83.25;39.00;20.00;26.77;309.80;256.68
826420;3.94;1.02;123.00;25.50;83.25;35.25;23.53;29.18;293.63;299.24
826823;3.96;1.03;123.00;25.50;83.25;35.25;23.14;29.30;316.44;205.26
827268;3.63;0.98;123.00;25.50;83.25;36.75;21.96;28.19;273.40;231.59
827736;3.66;0.99;123.00;25.50;83.25;36.75;21.96;28.15;279.59;241.27
828047;3.52;0.99;123.00;25.50;83.25;38.25;20.39;27.20;308.09;269.22
828441;3.56;1.01;123.00;25.50;83.25;38.25;20.39;26.94;337.63;299.59
828884;3.62;1.03;123.00;25.50;83.25;39.00;20.39;26.80;345.04;300.94
829279;3.50;1.01;123.00;25.50;83.25;39.00;20.00;26.59;350.31;323.71
829674;3.42;0.99;123.00;25.50;83.25;39.00;20.00;26.37;320.59;346.19
829986;3.38;0.98;123.00;25.50;83.25;39.75;19.22;26.11;327.54;344.31
830383;3.34;0.98;123.00;25.50;83.25;39.75;19.22;25.87;343.24;345.86
830772;3.38;1.01;122.00;25.50;83.25;39.75;18.83;25.63;293.95;314.14
831169;3.44;1.03;122.00;25.50;83.25;39.75;18.83;25.61;312.91;328.10
831559;3.30;0.99;122.00;25.50;83.25;39.75;18.83;25.61;301.91;311.15
831950;3.37;1.00;122.00;25.50;83.25;39.75;18.83;25.63;321.83;301.48
832342;3.42;1.02;122.00;25.50;83.25;39.75;18.83;25.57;249.73;264.87
832735;3.45;1.03;122.00;25.50;83.25;39.75;18.83;25.54;188.35;249.30
833097;3.43;1.03;122.00;25.50;83.25;39.75;18.83;25.57;237.43;176.41
833499;3.19;1.01;122.00;25.50;83.25;41.25;16.86;24.29;218.46;257.15
833899;3.26;1.03;121.00;25.50;83.25;41.25;16.86;24.28;305.41;316.01
834293;3.24;1.03;121.00;25.50;83.25;41.25;16.86;24.29;327.75;346.33
834682;3.26;1.03;121.00;25.50;83.25;41.25;16.86;24.35;316.95;355.31
834988;3.43;1.02;121.00;25.50;83.25;39.75;18.83;25.70;338.51;359.80
835386;3.42;1.02;121.00;25.50;83.25;39.75;18.83;25.70;338.85;356.62
835770;3.65;1.03;121.00;25.50;83.25;38.25;20.39;27.12;352.83;346.29
836218;3.65;1.01;121.00;25.50;83.25;36.75;20.79;27.58;330.80;326.35
836613;3.72;1.02;121.00;25.50;83.25;36.75;20.79;27.75;344.18;348.92
837003;3.59;0.99;121.00;25.50;83.25;38.25;20.79;27.55;308.93;345.51
837398;3.66;1.01;121.00;25.50;83.25;36.75;20.79;27.63;306.29;324.86
837794;3.59;1.00;122.00;25.50;83.25;38.25;20.79;27.35;260.67;267.85
838192;3.49;0.99;121.00;25.50;83.25;39.00;20.00;26.74;285.41;161.04
838594;3.39;0.98;121.00;25.50;83.25;39.00;19.61;26.40;293.89;95.70
839040;3.38;1.01;121.00;25.50;83.25;39.75;18.83;25.54;272.95;134.46
839450;3.70;1.02;121.00;25.50;83.25;36.75;21.18;27.69;301.09;170.71
839849;3.66;1.00;121.00;25.50;83.25;36.75;21.18;27.81;334.16;278.73
840291;3.66;1.02;121.00;25.50;83.25;38.25;20.79;27.29;353.34;308.73
840735;3.61;1.01;121.00;25.50;83.25;38.25;20.39;27.26;359.37;315.78
841100;3.60;1.00;121.00;25.50;83.25;38.25;20.39;27.26;303.61;353.08
841539;3.61;1.02;122.00;25.50;83.25;38.25;20.39;27.00;306.17;317.81
841941;3.59;1.02;122.00;25.50;83.25;39.00;20.00;26.79;332.63;309.92
842387;3.59;1.02;122.00;25.50;83.25;39.00;20.00;26.76;290.70;334.72
842774;3.34;1.00;122.00;25.50;83.25;39.75;18.83;25.60;318.14;338.65
843172;3.24;0.98;122.00;25.50;83.25;40.50;18.43;25.38;298.26;323.42
843620;3.21;1.00;121.00;25.50;83.25;41.25;17.26;24.71;299.63;323.59
844022;3.23;1.01;121.00;25.50;83.25;41.25;17.26;24.62;331.42;331.91
844412;3.14;0.98;121.00;25.50;83.25;41.25;17.26;24.48;335.96;337.65
844803;3.26;1.02;121.00;25.50;83.25;41.25;16.86;24.48;302.62;338.51
845193;3.24;1.02;121.00;25.50;83.25;41.25;16.86;24.49;294.04;341.38
845582;3.14;0.98;121.00;25.50;83.25;41.25;16.86;24.48;338.83;344.29
846025;3.19;1.00;120.00;25.50;83.25;41.25;16.86;24.32;346.50;352.01
846420;3.22;1.04;120.00;25.50;83.25;42.00;16.08;23.89;346.48;354.92
846871;3.08;1.02;120.00;25.50;83.25;42.75;14.90;23.23;352.67;325.55
847269;3.11;1.03;118.00;25.50;83.25;42.75;14.90;23.30;315.37;308.95
847665;3.19;1.04;118.00;25.50;83.25;42.00;15.30;23.70;324.06;334.41
847982;3.53;1.04;118.00;25.50;83.25;39.75;18.43;25.87;336.11;339.39
848428;3.49;1.02;118.00;25.50;83.25;39.00;18.83;26.23;337.07;340.74
848826;3.50;1.03;118.00;25.50;83.25;39.75;18.43;26.10;290.92;341.48
849223;3.50;1.02;118.00;25.50;83.25;39.75;18.83;26.17;325.06;340.88
849667;3.44;1.01;118.00;25.50;83.25;39.00;18.83;26.20;316.54;321.64
849982;3.46;1.01;118.00;25.50;83.25;39.00;18.83;26.17;240.96;275.55
850369;3.50;1.02;118.00;25.50;83.25;39.00;18.83;26.24;221.96;220.75
850763;3.36;0.99;118.00;25.50;83.25;39.00;18.83;26.31;246.41;254.46
851154;3.42;1.01;118.00;25.50;83.25;39.75;18.43;26.01;307.87;304.79
851603;3.34;0.98;118.00;25.50;83.25;39.75;18.04;25.87;340.27;313.57
852002;3.39;1.03;118.00;25.50;83.25;40.50;17.65;25.30;348.06;344.84
852450;3.34;1.02;118.00;25.50;83.25;40.50;17.26;25.12;352.03;348.26
852895;3.33;1.02;118.00;25.50;83.25;40.50;17.26;24.88;350.80;346.93
853335;3.33;1.02;118.00;25.50;83.25;40.50;17.26;24.89;329.76;328.06
853771;3.28;1.01;118.00;25.50;83.25;40.50;16.86;24.85;348.63;345.02
854165;3.24;1.01;118.00;25.50;83.25;41.25;16.47;24.46;330.37;328.77
854560;3.19;1.01;118.00;25.50;83.25;41.25;16.47;24.23;343.86;344.10
855004;3.30;1.04;118.00;25.50;83.25;41.25;16.47;24.35;325.08;325.90
855394;3.31;1.04;118.00;25.50;83.25;41.25;16.47;24.41;332.67;268.54
855782;3.34;1.04;118.00;25.50;83.25;41.25;16.86;24.61;335.53;160.32
856224;3.20;1.02;118.00;25.50;83.25;41.25;16.47;24.26;204.17;155.77
856618;3.25;1.03;118.00;25.50;83.25;41.25;16.08;24.26;180.11;166.83
857015;3.22;1.02;118.00;25.50;83.25;41.25;16.08;24.18;226.84;214.22
857411;3.30;1.05;118.00;25.50;83.25;40.50;16.08;24.26;269.53;292.40
857806;3.25;1.03;118.00;25.50;83.25;41.25;16.08;24.21;320.68;324.63
858200;3.74;1.03;118.00;25.50;83.25;38.25;20.00;27.45;342.13;327.15
858595;3.06;0.98;117.00;25.50;83.25;42.00;15.69;24.05;317.81;347.56
858997;3.01;1.01;117.00;25.50;83.25;42.00;14.12;22.94;333.63;333.88
859441;2.71;1.00;117.00;25.50;83.25;44.25;11.37;21.36;316.41;325.99
859842;2.52;0.94;116.00;25.50;83.25;45.00;10.98;20.75;315.37;326.93
860243;2.54;0.95;116.00;25.50;83.25;45.00;10.59;20.75;337.01;296.84
860633;2.62;0.98;115.00;25.50;83.25;45.00;10.59;20.76;340.47;208.72
861027;2.53;0.94;115.00;25.50;83.25;44.25;10.59;20.82;323.05;155.05
861423;2.57;0.95;113.00;25.50;83.25;44.25;10.59;21.02;243.62;121.48
861817;2.62;0.97;113.00;25.50;83.25;44.25;10.59;21.02;207.92;96.54
862204;2.51;0.94;112.00;25.50;83.25;44.25;10.59;20.85;163.84;165.22
862656;2.30;0.98;112.00;25.50;83.25;46.50;8.63;18.55;130.97;259.05
862976;2.22;0.93;111.00;25.50;83.25;45.75;8.24;18.71;233.87;253.62
863394;2.26;0.95;111.00;25.50;83.25;45.75;8.63;18.81;294.88;321.89
863839;2.23;0.92;111.00;25.50;83.25;45.75;8.63;18.98;324.22;331.42
864230;1.98;0.93;110.00;25.50;83.25;47.25;7.45;16.70;341.42;345.76
864633;2.10;0.97;108.00;25.50;83.25;46.50;7.45;17.09;337.56;348.61
865034;2.10;0.97;108.00;25.50;83.25;46.50;7.45;17.12;327.58;302.09
865419;1.88;0.97;107.00;25.50;83.25;48.00;6.67;15.39;346.66;327.30
865868;1.51;0.94;106.00;25.50;83.25;47.25;5.49;12.53;327.89;337.30
866270;1.49;0.92;105.00;25.50;83.25;47.25;5.49;12.63;325.66;339.49
866664;1.52;0.94;105.00;25.50;83.25;47.25;5.49;12.66;295.59;323.59
866976;1.63;0.95;103.00;25.50;83.25;47.25;5.88;13.58;239.98;325.39
867372;2.62;1.00;102.00;25.50;83.25;44.25;8.63;19.86;244.26;223.99
867775;2.49;0.96;102.00;25.50;83.25;43.50;9.02;20.37;239.09;187.76
868092;2.47;0.95;102.00;25.50;83.25;43.50;9.02;20.56;233.27;199.91
868483;2.62;1.00;102.00;25.50;83.25;42.75;9.02;20.72;246.06;237.07
868879;2.43;0.95;102.00;25.50;83.25;42.75;8.63;20.22;276.60;256.74
869273;2.34;0.95;101.00;25.50;83.25;43.50;8.24;19.51;317.81;312.60
869671;2.41;0.97;101.00;25.50;83.25;43.50;8.24;19.51;340.68;340.19
869978;3.30;1.01;101.00;25.50;83.25;38.25;13.33;25.35;323.57;347.95
870383;4.42;1.02;102.00;25.50;83.25;31.50;20.39;31.59;328.14;352.30
870785;4.54;1.02;103.00;25.50;83.25;29.25;22.36;33.42;344.84;351.17
871103;4.94;1.00;103.00;25.50;83.25;26.25;25.89;36.43;345.13;330.99
871502;5.08;1.06;105.00;25.50;83.25;27.00;25.89;36.19;344.67;338.83
871938;4.43;0.97;107.00;25.50;83.25;29.25;24.32;34.32;249.44;339.47
872390;4.34;0.97;108.00;25.50;83.25;30.00;24.32;33.81;227.60;339.94
872787;4.06;1.00;108.00;25.50;83.25;33.00;21.18;31.06;230.65;337.42
873105;3.68;0.92;108.00;25.50;83.25;33.75;20.79;30.60;210.47;340.27
873502;3.44;0.95;110.00;25.50;83.25;36.00;18.04;27.82;194.54;319.43
874007;3.44;0.96;110.00;25.50;83.25;37.50;18.04;27.43;173.02;328.75
874449;3.54;0.99;110.00;25.50;83.25;37.50;17.65;27.40;196.98;325.98
874895;3.36;0.96;110.00;25.50;83.25;37.50;17.26;26.94;295.68;341.38
875291;3.37;0.96;110.00;25.50;83.25;37.50;16.86;26.99;326.39;349.31
875681;3.28;0.94;110.00;25.50;83.25;38.25;16.86;26.74;326.29;336.38
876047;3.32;0.95;111.00;25.50;83.25;38.25;16.86;26.61;340.53;351.05
876493;3.32;0.97;110.00;25.50;83.25;38.25;16.08;26.29;344.29;346.87
876889;3.24;0.95;110.00;25.50;83.25;38.25;16.08;26.20;342.85;330.55
877282;3.50;1.00;110.00;25.50;83.25;38.25;16.86;26.80;328.65;345.47
877675;3.62;1.01;110.00;25.50;83.25;37.50;18.04;27.50;342.79;327.50
877994;3.64;0.99;110.00;25.50;83.25;36.00;18.83;28.29;322.93;323.49
878393;3.70;1.00;110.00;25.50;83.25;36.00;18.83;28.32;319.10;338.67
878786;3.51;0.96;110.00;25.50;83.25;36.00;18.83;28.24;335.76;336.37
879147;3.43;0.95;111.00;25.50;83.25;36.00;18.43;27.91;246.20;277.72
879546;3.44;0.97;110.00;25.50;83.25;37.50;17.65;27.25;181.00;205.24
879953;3.30;0.98;110.00;25.50;83.25;39.00;16.08;26.00;183.11;234.28
880352;3.29;0.98;110.00;25.50;83.25;39.00;15.69;25.90;192.57;246.86
880794;3.31;0.99;110.00;25.50;83.25;39.00;15.69;25.68;260.82;257.78
881107;3.53;1.00;110.00;25.50;83.25;37.50;16.86;27.02;268.01;317.03
881505;3.38;0.96;110.00;25.50;83.25;37.50;17.26;27.05;316.39;338.94
881901;3.50;1.00;110.00;25.50;83.25;38.25;16.86;26.83;330.56;345.17
882349;3.39;0.97;110.00;25.50;83.25;38.25;16.86;26.85;341.83;346.66
882791;3.28;0.95;110.00;25.50;83.25;38.25;16.86;26.49;344.14;347.77
883100;3.90;1.00;110.00;25.50;83.25;34.50;20.00;29.34;345.80;347.07
883499;3.82;0.96;110.00;25.50;83.25;33.75;20.79;30.55;342.60;275.57
883897;3.85;0.98;110.00;25.50;83.25;34.50;20.79;29.79;233.40;315.19
884343;3.62;0.97;110.00;25.50;83.25;35.25;19.22;28.59;193.33;224.75
884791;3.58;0.98;110.00;25.50;83.25;36.00;18.43;28.17;176.61;196.69
885111;3.44;0.97;110.00;25.50;83.25;37.50;17.26;27.16;133.90;178.58
885509;3.40;0.97;110.00;25.50;83.25;37.50;17.26;27.10;188.05;149.78
885898;3.42;0.96;110.00;25.50;83.25;37.50;17.26;27.28;166.45;188.52
886289;3.42;0.97;110.00;25.50;83.25;37.50;17.26;27.18;237.25;251.02
886681;3.48;0.98;108.00;25.50;83.25;37.50;17.26;27.30;297.13;287.97
886995;3.37;0.96;108.00;25.50;83.25;37.50;17.26;27.29;325.43;315.80
887435;3.54;0.98;108.00;25.50;83.25;36.00;17.65;27.86;324.88;318.24
887885;3.78;0.99;108.00;25.50;83.25;34.50;19.22;29.17;297.17;314.14
888284;3.72;0.97;108.00;25.50;83.25;34.50;19.22;29.27;304.04;333.38
888674;3.78;1.00;108.00;25.50;83.25;35.25;19.22;28.98;328.71;311.48
889070;3.71;0.99;108.00;25.50;83.25;35.25;18.83;28.85;340.80;308.42
889463;3.62;0.95;108.00;25.50;83.25;35.25;18.83;28.98;275.41;307.70
889856;3.78;0.99;108.00;25.50;83.25;35.25;18.83;28.85;319.75;334.39
890248;3.73;0.99;108.00;25.50;83.25;35.25;18.83;28.84;313.10;335.19
890687;3.63;0.97;107.00;25.50;83.25;35.25;18.83;28.58;316.11;309.78
891000;3.68;0.98;108.00;25.50;83.25;35.25;18.83;28.88;290.82;290.76
891394;3.74;0.98;108.00;25.50;83.25;35.25;19.22;29.10;268.34;262.42
891785;3.73;0.98;108.00;25.50;83.25;35.25;19.22;29.06;287.19;311.19
892091;3.62;0.95;108.00;25.50;83.25;35.25;19.22;28.88;296.91;330.02
892533;3.74;0.99;108.00;25.50;83.25;35.25;18.83;28.85;335.54;334.28
892977;3.73;0.99;108.00;25.50;83.25;35.25;18.83;28.81;327.01;342.83
893417;3.70;0.98;107.00;25.50;83.25;35.25;18.83;28.90;345.80;351.91
893863;3.66;0.97;107.00;25.50;83.25;35.25;18.83;28.97;345.70;351.95
894255;3.60;0.95;107.00;25.50;83.25;35.25;18.83;28.81;345.06;332.44
894701;3.62;0.96;108.00;25.50;83.25;35.25;18.83;28.91;345.25;348.65
895016;3.73;0.99;107.00;25.50;83.25;35.25;18.83;28.82;329.41;341.66
895421;3.61;0.95;108.00;25.50;83.25;35.25;18.83;29.14;347.28;228.17
895816;3.70;0.98;108.00;25.50;83.25;35.25;18.83;28.82;325.06;221.20
896177;3.70;0.98;108.00;25.50;83.25;35.25;18.83;28.87;247.21;211.92
896614;3.61;0.96;108.00;25.50;83.25;35.25;18.83;28.84;223.29;210.51
897005;3.74;1.00;108.00;25.50;83.25;35.25;18.83;28.70;197.37;165.05
897395;3.68;0.99;108.00;25.50;83.25;35.25;18.83;28.62;210.69;181.75
897787;3.63;0.97;108.00;25.50;83.25;35.25;18.83;28.62;238.79;243.95
898095;3.62;0.97;110.00;25.50;83.25;35.25;18.83;28.55;267.72;278.63
898555;3.46;0.95;110.00;25.50;83.25;36.00;18.04;27.91;326.68;335.23
898953;3.43;0.94;110.00;25.50;83.25;36.00;18.04;27.89;306.70;343.18
899343;3.58;0.98;110.00;25.50;83.25;36.00;18.04;27.95;338.26;332.93
899734;3.50;0.97;110.00;25.50;83.25;36.00;18.04;27.74;311.58;342.56
900046;3.47;0.96;110.00;25.50;83.25;36.00;18.04;27.76;335.72;344.47
900438;3.46;0.96;110.00;25.50;83.25;36.00;18.04;27.62;323.67;326.60
900827;3.44;0.96;110.00;25.50;83.25;37.50;18.04;27.53;308.87;263.13
901220;3.48;0.96;110.00;25.50;83.25;36.00;18.04;27.69;303.83;314.98
901663;3.41;0.95;110.00;25.50;83.25;36.00;18.04;27.62;329.39;217.76
902105;3.44;0.96;111.00;25.50;83.25;37.50;18.04;27.46;298.32;175.75
902504;3.51;0.99;111.00;25.50;83.25;37.50;18.04;27.23;306.78;156.57
902895;3.54;0.99;111.00;25.50;83.25;37.50;18.04;27.29;239.07;131.93
903333;3.38;0.95;111.00;25.50;83.25;37.50;18.04;27.26;248.79;193.19
903774;3.55;1.00;111.00;25.50;83.25;37.50;17.65;27.25;226.67;207.66
904090;3.49;0.98;111.00;25.50;83.25;37.50;17.65;27.25;290.59;281.00
904481;3.47;0.98;111.00;25.50;83.25;37.50;17.65;27.30;328.44;304.02
904869;3.54;0.99;111.00;25.50;83.25;37.50;17.65;27.35;329.67;332.95
905260;3.66;0.99;111.00;25.50;83.25;35.25;19.22;28.38;343.49;344.26
905656;3.86;0.99;111.00;25.50;83.25;34.50;20.39;29.60;332.11;341.78
906051;3.78;1.00;111.00;25.50;83.25;34.50;20.00;29.25;346.54;350.37
906445;3.68;0.97;111.00;25.50;83.25;35.25;20.39;29.08;348.71;329.74
906843;3.81;0.96;112.00;25.50;83.25;33.75;20.79;29.99;344.86;344.96
907248;3.74;0.96;112.00;25.50;83.25;34.50;20.79;29.53;327.36;342.42
907689;3.56;0.97;112.00;25.50;83.25;36.00;19.22;28.11;341.40;337.11
908087;3.43;0.94;112.00;25.50;83.25;36.00;18.83;27.81;341.97;335.82
908482;3.45;0.96;112.00;25.50;83.25;36.00;18.83;27.58;334.12;319.80
908874;3.45;0.95;112.00;25.50;83.25;36.00;18.83;27.55;316.62;336.74
909263;3.79;0.97;112.00;25.50;83.25;34.50;20.79;29.70;341.83;337.87
909716;3.89;0.99;112.00;25.50;83.25;34.50;21.18;29.71;352.87;348.65
910080;3.89;1.00;112.00;25.50;83.25;34.50;21.18;29.62;353.04;358.24
910471;3.79;0.98;112.00;25.50;83.25;34.50;20.79;29.51;360.11;232.13
910915;3.79;0.98;113.00;25.50;83.25;34.50;20.79;29.34;363.61;315.64
911354;3.68;0.97;113.00;25.50;83.25;35.25;20.79;28.95;361.32;322.85
911799;3.65;0.98;113.00;25.50;83.25;35.25;20.00;28.48;357.61;316.33
912113;3.61;0.98;113.00;25.50;83.25;36.00;20.00;28.08;326.80;346.76
912559;3.53;0.96;115.00;25.50;83.25;36.00;19.61;27.96;349.59;320.64
912956;3.56;0.99;115.00;25.50;83.25;37.50;19.22;27.33;328.73;337.30
913403;3.46;0.98;115.00;25.50;83.25;37.50;18.83;27.02;343.45;318.34
913799;3.46;0.98;115.00;25.50;83.25;37.50;18.83;27.00;338.40;340.02
914154;3.50;1.00;116.00;25.50;83.25;38.25;18.83;26.82;319.14;335.70
914553;3.43;0.99;116.00;25.50;83.25;38.25;18.43;26.61;317.09;317.40
915000;3.39;0.99;116.00;25.50;83.25;38.25;18.43;26.39;337.73;346.25
915438;3.05;0.96;116.00;25.50;83.25;39.75;16.08;24.94;345.90;348.01
915836;3.19;1.01;116.00;25.50;83.25;40.50;15.69;24.28;346.77;356.21
916205;3.33;1.00;116.00;25.50;83.25;39.75;16.86;25.02;352.18;351.15
916655;3.46;1.01;116.00;25.50;83.25;38.25;18.04;26.26;352.89;342.46
917053;3.31;0.97;116.00;25.50;83.25;39.00;18.43;26.09;352.24;347.11
917454;3.40;1.00;117.00;25.50;83.25;39.00;18.43;26.16;354.10;345.04
917900;3.26;0.98;117.00;25.50;83.25;39.75;17.26;25.44;350.78;347.99
918348;3.30;1.02;117.00;25.50;83.25;39.75;16.86;24.84;320.39;326.09
918745;3.24;1.00;117.00;25.50;83.25;40.50;16.86;24.92;300.64;310.66
919109;3.19;1.03;117.00;25.50;83.25;41.25;16.08;24.08;336.07;238.36
919560;3.06;1.02;117.00;25.50;83.25;42.75;14.51;23.14;318.69;170.05
920014;3.01;1.00;117.00;25.50;83.25;42.75;14.51;23.00;295.06;146.05
920404;2.96;1.00;118.00;25.50;83.25;42.75;13.73;22.81;194.01;127.32
920797;2.95;1.01;117.00;25.50;83.25;42.75;13.73;22.67;256.80;171.94
921111;2.92;0.99;117.00;25.50;83.25;42.75;13.73;22.71;240.84;203.05
921503;2.98;1.01;117.00;25.50;83.25;42.75;13.73;22.70;300.61;297.07
921946;2.89;0.98;117.00;25.50;83.25;42.75;13.73;22.77;330.64;330.39
922337;2.98;1.01;117.00;25.50;83.25;42.75;13.73;22.73;341.81;333.40
922729;3.03;1.03;117.00;25.50;83.25;42.75;13.73;22.83;350.45;323.81
923040;3.01;1.02;118.00;25.50;83.25;42.75;13.73;22.70;325.12;312.30
923484;2.98;1.02;117.00;25.50;83.25;42.75;13.73;22.71;325.64;338.38
923927;3.07;1.02;118.00;25.50;83.25;42.00;14.12;22.99;336.19;346.56
924377;3.10;1.04;118.00;25.50;83.25;42.75;14.12;23.06;343.04;330.66
924776;2.98;1.00;118.00;25.50;83.25;42.75;14.12;23.06;340.02;323.08
925140;3.02;1.02;117.00;25.50;83.25;43.50;14.12;22.83;340.25;340.90
925540;3.34;1.05;118.00;25.50;83.25;41.25;16.47;24.41;293.65;323.38
925942;3.26;1.02;118.00;25.50;83.25;41.25;16.47;24.56;296.62;311.21
926333;3.30;1.02;118.00;25.50;83.25;41.25;16.47;24.54;270.28;294.96
926723;3.28;1.03;118.00;25.50;83.25;41.25;16.47;24.48;320.72;313.85
927113;3.26;1.03;118.00;25.50;83.25;41.25;16.47;24.41;342.65;332.30
927502;3.28;1.03;118.00;25.50;83.25;41.25;16.47;24.49;347.61;345.41
927891;3.23;1.02;118.00;25.50;83.25;41.25;16.47;24.29;352.01;350.78
928335;3.19;1.02;118.00;25.50;83.25;42.00;16.08;24.12;350.50;351.66
928731;3.30;1.05;120.00;25.50;83.25;42.00;16.08;24.08;346.52;331.80
929126;3.21;1.03;120.00;25.50;83.25;42.00;16.08;24.00;327.28;346.52
929517;3.21;1.04;120.00;25.50;83.25;42.00;16.08;23.92;345.43;328.96
929907;3.12;1.01;120.00;25.50;83.25;42.00;16.08;23.75;346.23;348.67
930298;3.19;1.04;120.00;25.50;83.25;42.00;16.08;23.70;343.45;345.82
930741;3.22;1.05;120.00;25.50;83.25;42.00;15.69;23.66;343.92;342.56
931055;3.13;1.02;121.00;25.50;83.25;42.00;15.69;23.66;344.10;342.91
931446;3.18;1.04;121.00;25.50;83.25;42.00;15.69;23.52;304.30;324.30
931836;3.08;1.01;121.00;25.50;83.25;42.75;15.69;23.37;287.58;205.83
932202;3.08;1.01;121.00;25.50;83.25;42.75;15.69;23.39;240.26;164.70
932588;3.10;1.03;121.00;25.50;83.25;42.75;15.69;23.47;241.92;200.59
932977;3.23;1.06;121.00;25.50;83.25;42.75;15.69;23.49;302.83;201.04
933418;3.12;1.03;120.00;25.50;83.25;42.75;15.69;23.43;342.67;305.20
933814;3.14;1.02;121.00;25.50;82.50;42.00;15.69;23.53;347.77;316.35
934136;3.18;1.04;121.00;25.50;82.50;42.75;15.69;23.49;352.67;327.83
934548;3.17;1.04;120.00;25.50;82.50;42.00;15.69;23.53;354.68;315.53
934942;3.02;1.03;120.00;25.50;82.50;43.50;13.73;22.58;353.28;307.66
935341;2.94;1.01;120.00;25.50;82.50;43.50;13.73;22.45;331.72;339.28
935784;3.32;1.05;120.00;25.50;82.50;41.25;16.47;24.16;347.03;325.70
936102;3.50;1.02;120.00;25.50;82.50;39.00;19.22;26.29;326.35;341.31
936550;3.41;1.00;120.00;25.50;82.50;39.75;18.83;25.97;340.41;318.18
936999;3.34;1.02;120.00;25.50;82.50;40.50;18.04;25.33;340.12;329.41
937397;3.33;1.03;120.00;25.50;82.50;41.25;17.26;24.71;322.91;305.14
937848;2.94;0.99;120.00;25.50;82.50;42.75;14.90;23.33;285.68;227.74
938165;2.74;0.98;118.00;25.50;82.50;45.00;11.77;21.57;325.92;212.56
938568;2.58;0.97;118.00;25.50;82.50;45.75;10.98;20.70;323.36;260.30
939016;2.87;1.00;118.00;25.50;82.50;43.50;12.55;22.27;325.86;316.84
939416;2.92;1.01;117.00;25.50;82.50;42.75;12.94;22.48;344.84;312.21
939822;2.94;1.01;117.00;25.50;82.50;42.75;13.33;22.54;351.19;326.60
940185;2.92;1.00;117.00;25.50;82.50;42.75;13.33;22.65;332.77;349.74
940575;2.91;0.99;116.00;25.50;82.50;42.75;13.33;22.67;352.42;329.74
940970;2.96;1.00;116.00;25.50;82.50;42.75;13.33;22.83;333.77;345.10
941361;2.96;1.01;116.00;25.50;82.50;42.75;13.33;22.77;329.41;346.38
941751;2.94;1.00;116.00;25.50;82.50;42.75;13.33;22.84;345.88;349.90
942111;2.92;0.99;116.00;25.50;82.50;42.75;13.33;22.88;327.38;343.24
942553;3.09;0.98;116.00;25.50;82.50;41.25;14.90;23.88;280.29;312.83
943003;3.40;1.05;115.00;25.50;82.50;39.75;16.08;24.85;320.86;336.62
943406;3.30;1.02;116.00;25.50;82.50;39.75;16.08;24.88;258.26;250.94
943802;3.21;0.99;115.00;25.50;82.50;39.75;16.08;24.98;233.66;147.18
944117;3.18;0.99;115.00;25.50;82.50;40.50;16.08;24.73;218.17;157.33
944508;3.17;0.98;115.00;25.50;82.50;40.50;15.69;24.78;229.13;226.37
944903;3.24;1.03;115.00;25.50;82.50;40.50;15.30;24.29;285.24;268.46
945299;3.18;1.01;115.00;25.50;82.50;40.50;15.69;24.43;325.70;323.51
945693;3.18;1.01;115.00;25.50;82.50;40.50;15.30;24.30;342.91;321.35
946082;3.14;0.99;115.00;25.50;82.50;40.50;15.30;24.36;351.89;346.48
946474;3.10;0.99;115.00;25.50;82.50;41.25;14.90;24.00;348.12;351.87
946921;3.06;0.99;115.00;25.50;82.50;41.25;14.51;23.80;345.19;322.30
947318;3.04;1.00;113.00;25.50;82.50;41.25;14.51;23.76;326.33;321.44
947713;3.02;0.98;115.00;25.50;82.50;41.25;14.51;23.78;306.00;245.94
948161;3.00;0.97;113.00;25.50;82.50;41.25;14.51;23.79;238.81;261.49
948554;3.04;0.98;113.00;25.50;82.50;41.25;14.51;23.83;205.05;154.87
948996;3.02;0.98;113.00;25.50;82.50;41.25;14.51;23.89;134.91;184.77
949433;3.04;0.99;113.00;25.50;82.50;41.25;14.51;23.75;121.69;112.00
949878;3.05;0.97;113.00;25.50;82.50;40.50;14.90;24.22;95.95;146.89
950196;3.22;1.01;113.00;25.50;82.50;40.50;15.30;24.56;85.56;208.33
950591;3.15;0.99;113.00;25.50;82.50;40.50;15.30;24.49;195.85;269.59
950988;3.24;1.02;113.00;25.50;82.50;40.50;15.30;24.61;270.14;318.73
951432;3.20;1.00;113.00;25.50;82.50;40.50;15.30;24.73;296.99;346.76
951873;3.19;1.00;113.00;25.50;82.50;40.50;14.90;24.56;303.73;355.54
952186;3.09;0.99;113.00;25.50;82.50;40.50;14.90;24.23;171.28;361.21
952576;3.09;0.99;113.00;25.50;82.50;41.25;14.51;24.12;114.27;363.65
952968;3.17;1.01;113.00;25.50;82.50;40.50;14.51;24.21;83.47;374.43
953412;3.52;1.00;112.00;25.50;82.50;38.25;17.26;26.27;131.22;339.33
953822;3.51;0.99;113.00;25.50;82.50;37.50;18.04;26.99;264.59;253.81
954143;3.53;0.99;113.00;25.50;82.50;37.50;18.83;27.25;304.55;142.12
954588;3.66;1.01;113.00;25.50;82.50;36.00;19.22;27.81;318.03;105.46
954986;3.46;0.99;113.00;25.50;82.50;38.25;18.04;26.93;318.57;87.40
955439;3.27;0.99;113.00;25.50;82.50;39.00;16.47;25.50;314.47;87.22
955886;3.13;0.96;113.00;25.50;82.50;39.75;16.08;25.02;331.76;147.35
956261;3.41;1.01;113.00;25.50;82.50;39.00;16.86;25.93;328.26;114.68
956659;3.38;1.01;115.00;25.50;82.50;39.00;17.26;25.78;355.88;257.48
957054;3.34;0.99;113.00;25.50;82.50;39.00;17.26;26.11;361.34;222.43
957448;3.39;1.00;113.00;25.50;82.50;39.00;17.26;26.03;350.90;303.91
957890;3.27;0.96;113.00;25.50;82.50;39.00;16.86;25.93;350.37;332.77
958206;3.28;0.98;113.00;25.50;82.50;39.00;16.86;25.75;355.00;330.17
958599;3.19;0.97;113.00;25.50;82.50;39.00;16.47;25.54;327.73;344.06
958992;3.14;0.97;113.00;25.50;82.50;39.75;16.08;25.25;318.44;356.27
959387;3.20;0.97;113.00;25.50;82.50;39.75;16.08;25.27;308.81;326.19
959775;3.35;1.03;113.00;25.50;82.50;39.75;16.08;25.15;335.37;319.24
960089;3.20;0.98;113.00;25.50;82.50;39.75;16.08;25.14;333.08;343.10
960531;3.30;1.01;113.00;25.50;82.50;39.75;16.08;25.12;329.92;346.50
960973;2.92;0.99;113.00;25.50;82.50;42.00;12.94;23.13;339.24;336.07
961371;2.78;0.94;113.00;25.50;82.50;42.00;12.94;23.00;226.76;341.70
961814;2.97;0.97;112.00;25.50;82.50;41.25;13.73;23.56;144.29;353.36
962136;3.11;0.99;113.00;25.50;82.50;40.50;14.51;24.23;163.95;358.40
962542;3.09;0.99;113.00;25.50;82.50;41.25;14.51;24.15;127.75;359.76
962932;3.12;0.99;112.00;25.50;82.50;40.50;14.51;24.26;263.11;357.59
963328;3.02;0.98;112.00;25.50;82.50;41.25;13.73;23.69;321.42;343.63
963726;3.16;0.99;112.00;25.50;82.50;40.50;14.51;24.23;313.28;356.07
964124;3.30;1.02;112.00;25.50;82.50;39.75;15.30;24.88;345.45;346.15
964523;3.34;0.99;112.00;25.50;82.50;39.00;16.86;25.96;344.74;347.83
964924;3.36;0.98;112.00;25.50;82.50;38.25;17.26;26.29;302.17;347.54
965322;3.45;1.00;112.00;25.50;82.50;38.25;17.26;26.39;312.77;245.86
965714;3.34;0.98;112.00;25.50;82.50;38.25;17.26;26.20;185.96;252.05
966105;3.34;0.99;112.00;25.50;82.50;39.00;16.86;26.10;232.35;175.32
966500;3.69;0.98;113.00;25.50;82.50;35.25;20.00;28.64;180.81;114.27
966953;3.68;0.99;113.00;25.50;82.50;35.25;20.00;28.48;131.16;232.93
967401;3.58;0.96;113.00;25.50;82.50;35.25;20.00;28.50;109.80;232.00
967842;3.58;0.97;113.00;25.50;82.50;36.00;19.22;28.09;100.58;297.93
968207;3.64;0.99;113.00;25.50;82.50;36.00;19.22;28.01;158.72;244.69
968598;3.56;0.99;113.00;25.50;82.50;37.50;18.83;27.55;276.47;311.15
968993;3.57;0.99;113.00;25.50;82.50;37.50;18.83;27.48;238.52;340.21
969430;3.51;0.99;113.00;25.50;82.50;37.50;18.43;27.30;225.53;356.68
969822;3.34;0.96;113.00;25.50;82.50;38.25;17.65;26.66;291.09;335.35
970159;3.53;0.98;113.00;25.50;82.50;36.00;19.22;27.68;333.46;195.67
970558;3.60;0.98;113.00;25.50;83.25;36.00;19.61;28.19;348.98;128.51
971003;3.52;0.95;113.00;25.50;83.25;36.00;20.00;28.28;339.61;99.58
971399;3.56;0.96;113.00;25.50;83.25;36.00;19.61;28.24;323.51;95.66
971794;3.71;1.01;113.00;25.50;83.25;36.00;19.61;28.05;317.81;216.80
972111;3.58;0.98;113.00;25.50;83.25;36.00;19.22;28.06;314.14;181.02
972506;3.54;0.97;113.00;25.50;83.25;36.00;19.22;27.85;340.90;124.60
972897;3.47;0.96;113.00;25.50;83.25;36.00;19.22;27.68;343.24;104.60
973210;3.45;0.97;113.00;25.50;83.25;37.50;18.83;27.33;336.46;114.07
973609;3.30;0.95;113.00;25.50;83.25;38.25;17.65;26.53;351.64;100.76
974056;3.39;0.98;113.00;25.50;83.25;39.00;17.26;26.17;357.73;251.53
974454;3.34;0.99;113.00;25.50;83.25;39.00;17.26;25.93;362.13;270.98
974895;3.30;0.98;113.00;25.50;83.25;39.00;16.86;25.91;349.26;315.27
975209;3.27;0.98;115.00;25.50;83.25;39.00;16.86;25.57;364.20;330.86
975605;3.21;1.00;113.00;25.50;83.25;39.75;15.69;24.89;350.86;340.90
976005;3.19;0.99;113.00;25.50;83.25;39.75;15.69;24.68;346.36;346.48
976448;3.16;0.99;113.00;25.50;83.25;40.50;15.30;24.62;333.46;342.24
976893;3.14;1.00;115.00;25.50;83.25;40.50;14.90;24.23;323.10;349.41
977210;3.12;1.00;115.00;25.50;83.25;40.50;14.90;24.23;343.53;342.32
977597;3.12;1.00;115.00;25.50;83.25;41.25;14.90;24.13;326.13;338.04
977984;2.89;0.96;115.00;25.50;83.25;42.00;13.33;23.19;336.50;321.56
978382;2.93;0.98;115.00;25.50;83.25;42.00;13.33;23.16;225.14;307.05
978774;2.86;0.97;115.00;25.50;83.25;42.75;12.94;22.86;146.34;232.35
979171;2.74;0.93;115.00;25.50;83.25;42.75;12.55;22.63;210.51;241.80
979567;2.80;0.96;113.00;25.50;83.25;42.75;12.16;22.53;246.27;284.51
979970;2.69;0.97;113.00;25.50;83.25;43.50;10.98;21.59;292.72;330.62
980419;2.58;0.94;113.00;25.50;83.25;44.25;10.98;21.39;334.14;339.33
980812;2.62;0.97;112.00;25.50;83.25;44.25;10.98;21.08;341.87;354.82
981177;2.35;1.00;112.00;25.50;83.25;46.50;8.63;18.59;353.53;356.93
981577;2.22;0.95;111.00;25.50;83.25;45.75;8.63;18.34;334.86;277.83
981977;2.33;0.90;111.00;25.50;83.25;44.25;9.81;20.32;344.00;320.74
982374;2.62;0.96;111.00;25.50;83.25;43.50;10.59;21.18;331.83;330.68
982778;2.54;0.98;110.00;25.50;83.25;44.25;9.81;20.36;312.99;305.66
983181;2.41;0.94;110.00;25.50;83.25;44.25;9.02;20.09;338.16;277.48
983576;1.85;1.01;108.00;25.50;83.25;48.00;6.28;14.57;337.99;315.86
983976;3.18;0.99;108.00;25.50;83.25;40.50;13.33;24.18;281.37;278.75
984381;2.98;0.95;108.00;25.50;83.25;40.50;13.33;24.28;311.13;225.69
984771;3.31;1.00;108.00;25.50;83.25;39.00;14.90;25.45;302.58;225.79
985175;3.66;1.02;110.00;25.50;83.25;38.25;16.47;26.80;289.49;229.15
985579;3.06;0.94;110.00;25.50;83.25;39.75;14.90;25.17;337.17;276.27
986028;3.34;1.02;110.00;25.50;83.25;39.75;15.30;25.37;346.33;322.07
986422;3.23;1.00;111.00;25.50;83.25;39.75;14.90;24.98;351.56;342.20
986821;3.14;0.99;111.00;25.50;83.25;40.50;14.51;24.64;350.09;350.08
987139;2.98;0.97;111.00;25.50;83.25;41.25;13.33;23.85;334.57;350.13
987545;3.02;0.98;111.00;25.50;83.25;41.25;13.33;23.73;347.59;317.07
987987;2.70;0.94;111.00;25.50;83.25;42.75;11.37;22.18;346.31;332.21
988384;2.69;0.94;111.00;25.50;83.25;42.75;11.37;22.11;329.80;338.47
988823;2.79;0.99;111.00;25.50;83.25;42.75;11.37;22.02;320.47;327.62
989133;2.62;0.93;111.00;25.50;83.25;42.75;11.37;22.08;326.99;332.71
989524;2.67;0.95;111.00;25.50;83.25;42.75;10.98;21.92;315.18;338.96
989971;2.70;0.96;111.00;25.50;83.25;42.75;10.98;21.85;274.20;334.33
990364;2.71;0.96;110.00;25.50;83.25;42.75;10.98;21.97;258.89;332.95
990755;2.72;0.97;110.00;25.50;83.25;42.75;10.98;22.00;248.36;337.38
991146;2.54;0.93;110.00;25.50;83.25;43.50;10.59;21.34;286.35;353.67
991594;2.63;0.97;110.00;25.50;83.25;43.50;10.59;21.25;328.83;347.01
991985;2.58;0.95;110.00;25.50;83.25;43.50;10.20;21.32;338.04;317.83
992430;2.69;0.98;108.00;25.50;83.25;43.50;10.20;21.42;326.80;347.13
992826;2.73;0.96;108.00;25.50;83.25;42.75;10.98;22.25;345.80;350.06
993143;3.27;1.00;108.00;25.50;83.25;39.75;14.90;25.48;348.24;350.02
993542;3.31;1.00;108.00;25.50;83.25;39.00;14.90;25.65;328.65;350.35
993985;3.08;0.97;108.00;25.50;83.25;40.50;13.33;24.54;347.18;344.86
994384;3.09;0.98;108.00;25.50;83.25;40.50;13.33;24.45;343.22;343.75
994826;2.66;0.94;108.00;25.50;83.25;42.75;10.98;22.23;324.51;342.67
995143;2.50;0.95;107.00;25.50;83.25;43.50;9.81;20.85;341.89;322.95
995597;2.31;0.96;107.00;25.50;83.25;45.75;8.24;19.05;294.61;309.88
995994;1.56;1.00;105.00;25.50;83.25;47.25;5.49;12.38;310.57;327.03
996394;1.59;0.99;105.00;25.50;83.25;47.25;5.49;12.50;315.53;291.06
996836;1.58;0.97;102.00;25.50;83.25;47.25;5.49;12.79;340.08;327.03
997151;1.64;0.95;102.00;25.50;83.25;46.50;5.88;13.73;332.97;342.40
997553;1.73;0.93;101.00;25.50;83.25;46.50;6.28;14.97;347.48;358.41
998002;2.36;0.94;100.00;25.50;83.25;43.50;8.24;19.34;351.66;323.20
998406;2.59;0.96;100.00;25.50;83.25;42.00;9.41;21.18;335.17;348.98
998804;2.57;0.96;100.00;25.50;83.25;42.00;9.41;21.09;351.97;336.44
999242;2.82;0.99;98.00;25.50;83.25;41.25;10.59;22.35;344.69;334.61
999653;2.94;0.99;98.00;25.50;83.25;39.75;11.37;23.37;317.73;316.91
1000060;2.98;1.01;98.00;25.50;83.25;40.50;10.98;23.11;303.98;308.46
1000457;2.74;0.95;98.00;25.50;83.25;40.50;10.59;22.48;297.42;285.67
1000902;4.05;1.00;98.00;25.50;83.25;33.75;16.86;29.06;232.74;269.40
1001220;4.30;1.04;100.00;25.50;83.25;31.50;19.22;31.37;216.31;201.53
1001680;4.16;1.01;101.00;25.50;83.25;31.50;19.61;31.32;202.43;142.57
1002078;4.61;1.05;101.00;25.50;83.25;30.75;20.79;32.45;170.61;159.17
1002533;4.43;1.03;102.00;25.50;83.25;30.00;21.18;32.74;183.88;205.22
1002933;4.06;0.97;102.00;25.50;83.25;32.25;20.39;31.48;221.86;244.83
1003253;3.65;0.98;103.00;25.50;83.25;34.50;17.26;28.67;234.44;307.38
1003655;3.62;0.98;103.00;25.50;83.25;34.50;17.26;28.39;286.11;332.21
1004094;3.60;0.98;105.00;25.50;83.25;35.25;17.26;28.18;297.48;344.39
1004488;3.66;0.99;105.00;25.50;83.25;35.25;16.86;28.24;338.75;329.08
1004932;3.43;0.97;105.00;25.50;83.25;36.75;16.08;27.55;329.26;295.94
1005250;2.98;0.93;106.00;25.50;83.25;39.00;13.33;24.99;347.13;207.92
1005720;2.46;0.92;105.00;25.50;83.25;42.75;9.81;20.93;346.76;245.32
1006173;2.09;1.00;105.00;25.50;83.25;45.75;7.45;17.34;327.24;242.82
1006573;2.14;1.00;103.00;25.50;83.25;46.50;7.06;16.90;305.12;252.97
1006972;2.02;0.96;103.00;25.50;83.25;46.50;7.06;16.60;307.21;234.38
1007415;2.02;0.95;102.00;25.50;83.25;45.75;7.06;16.80;335.97;185.12
1007860;2.10;0.99;101.00;25.50;83.25;45.75;7.06;16.89;286.58;183.17
1008175;2.02;0.96;101.00;25.50;83.25;45.75;7.06;16.64;243.77;164.76
1008565;1.91;0.96;100.00;25.50;83.25;45.75;6.67;15.96;289.71;180.52
1008959;1.80;0.96;100.00;25.50;83.25;46.50;6.28;15.02;308.46;217.74
1009273;1.74;0.94;98.00;25.50;83.25;46.50;5.88;14.70;315.08;251.55
1009671;3.86;1.00;100.00;25.50;83.25;36.00;15.69;26.90;332.34;281.51
1010088;4.74;1.01;101.00;25.50;83.25;28.50;22.75;34.42;325.66;315.39
1010490;4.62;1.05;102.00;25.50;83.25;29.25;21.57;33.36;337.67;332.91
1010942;4.40;1.02;102.00;25.50;83.25;30.00;21.57;33.00;341.81;341.46
1011259;4.01;0.98;103.00;25.50;83.25;32.25;20.00;31.11;345.90;343.42
1011659;3.85;0.98;105.00;25.50;83.25;33.00;19.61;30.38;344.92;344.49
1012058;4.79;1.00;106.00;25.50;83.25;27.75;25.10;35.38;342.58;344.35
1012511;4.66;1.00;107.00;25.50;83.25;28.50;25.10;34.81;341.17;342.67
1012906;4.51;1.02;108.00;25.50;83.25;30.00;23.92;33.32;312.71;323.59
1013228;4.17;0.98;108.00;25.50;83.25;30.75;23.14;32.38;326.56;261.12
1013627;4.01;0.97;110.00;25.50;83.25;33.00;22.36;31.39;300.27;206.14
1014027;3.68;0.94;111.00;25.50;83.25;34.50;20.79;29.86;311.54;202.29
1014430;3.74;0.97;111.00;25.50;83.25;34.50;20.39;29.38;318.14;217.82
1014825;3.75;0.97;112.00;25.50;83.25;34.50;20.79;29.43;344.61;301.89
1015233;3.71;0.98;113.00;25.50;83.25;35.25;20.39;29.01;352.77;334.33
1015634;3.65;0.98;113.00;25.50;83.25;35.25;20.00;28.45;338.77;352.09
1016025;3.50;0.97;115.00;25.50;83.25;37.50;19.22;27.46;348.02;352.63
1016477;3.44;0.99;115.00;25.50;83.25;38.25;18.04;26.61;349.55;332.48
1016875;2.99;0.95;115.00;25.50;83.25;40.50;15.69;24.35;346.48;348.75
1017192;3.16;1.01;115.00;25.50;83.25;41.25;15.30;24.15;328.36;344.92
1017594;3.12;1.01;115.00;25.50;83.25;41.25;14.90;23.80;342.79;304.73
1017986;3.08;1.00;116.00;25.50;83.25;41.25;14.90;23.73;315.94;301.43
1018381;2.97;0.98;116.00;25.50;83.25;42.00;14.51;23.37;276.23;305.80
1018829;2.96;0.98;116.00;25.50;83.25;42.00;13.73;23.29;302.77;204.50
1019269;2.86;0.96;115.00;25.50;83.25;42.00;13.33;22.90;323.24;153.49
1019719;2.91;1.00;116.00;25.50;83.25;42.75;12.55;22.50;257.33;163.72
1020138;2.81;0.96;115.00;25.50;83.25;42.75;12.16;22.47;256.29;158.97
1020535;1.90;1.00;115.00;25.50;83.25;48.00;7.45;15.72;324.02;199.95
1020985;1.66;0.99;113.00;25.50;83.25;48.75;6.28;13.31;341.29;293.16
1021387;1.41;0.98;112.00;25.50;83.25;48.75;5.10;11.30;347.42;334.33
1021787;1.11;0.97;110.00;25.50;83.25;48.75;3.53;9.07;347.24;347.18
1022184;0.55;0.96;108.00;25.50;83.25;48.75;0.39;4.73;349.51;349.70
1022582;0.56;1.00;106.00;25.50;83.25;-30.00;0;0;347.36;332.13
1022989;0.57;1.00;103.00;25.50;83.25;-30.00;0;0;330.90;348.18
1023311;0.56;1.00;102.00;25.50;83.25;-30.00;0;0;347.30;215.51
1023698;0.57;1.00;100.00;25.50;83.25;-30.00;0;0;298.54;206.49
1024135;0.56;1.00;97.00;25.50;83.25;-30.00;0;0;304.80;181.43
1024522;0.57;1.00;95.00;25.50;83.25;-30.00;0;0;259.57;171.57
1024909;0.56;1.00;93.00;25.50;83.25;-30.00;0;0;173.68;234.63
1025215;0.55;1.00;91.00;25.50;83.25;-30.00;0;0;238.79;183.37
1025603;0.54;1.00;90.00;25.50;83.25;-30.00;0;0;237.93;250.18
1025990;0.59;1.00;86.00;25.50;83.25;-30.00;0;0;279.45;304.32
1026379;0.60;1.00;83.00;25.50;83.25;-30.00;0;0;313.89;326.50
1026816;0.63;1.00;81.00;25.50;83.25;-30.00;0;0;334.90;340.95
1027203;0.63;1.00;80.00;25.50;83.25;-30.00;0;0;348.36;322.75
1027586;0.65;1.00;76.00;25.50;83.25;-30.00;0;0;325.99;343.47
1027974;0.70;1.00;72.00;25.50;83.25;-30.00;0;0;309.55;329.28
1028281;0.73;1.00;68.00;25.50;83.25;-30.00;0;0;322.48;352.87
1028669;0.93;1.00;66.00;25.50;83.25;7.50;0;12.11;330.70;272.56
1029070;0.74;1.00;62.00;25.50;83.25;-30.00;0;0;251.35;192.10
1029472;1.37;1.00;60.00;25.50;83.25;4.50;0;12.33;190.46;190.67
1029872;0.73;1.00;57.00;25.50;83.25;-30.00;0;0;160.75;139.21
1030201;0.76;1.00;55.00;25.50;83.25;-30.00;0;0;126.34;140.79
1030588;0.78;1.00;51.00;25.50;83.25;-30.00;0;0;126.07;108.98
1030977;1.57;1.00;50.00;25.50;83.25;15.75;0.39;9.48;125.70;126.20
1031294;0.90;1.00;47.00;25.50;83.25;16.50;0;12.29;91.58;100.87
1031748;0.87;1.00;42.00;25.50;83.25;15.75;0;12.41;132.90;166.26
1032148;1.82;1.00;38.00;25.50;83.25;16.50;3.53;9.23;165.34;234.75
1032545;1.13;1.00;37.00;25.50;83.25;13.50;0;12.26;177.86;239.09
1033002;1.26;1.00;36.00;26.25;83.25;13.50;0.39;10.50;159.09;222.92
1033399;1.12;0.99;33.00;26.25;83.25;27.75;1.18;8.70;148.82;229.44
1033800;1.29;0.98;33.00;26.25;83.25;27.75;1.96;10.22;204.54;248.11
1034200;1.57;0.96;35.00;26.25;83.25;29.25;2.75;12.77;213.66;270.30
1034653;2.71;0.95;36.00;26.25;83.25;31.50;5.88;19.81;203.91;311.48
1035055;2.70;0.99;37.00;26.25;83.25;33.00;7.06;21.67;196.34;272.72
1035507;3.44;0.95;40.00;26.25;83.25;31.50;10.59;25.83;225.53;315.47
1035916;3.44;0.98;42.00;26.25;83.25;30.75;12.55;27.50;198.27;278.11
1036234;4.18;1.00;45.00;26.25;83.25;27.75;18.04;31.58;210.65;314.24
1036635;5.06;1.00;48.00;26.25;83.25;23.25;23.53;37.65;204.58;271.92
1037036;4.89;0.99;53.00;26.25;83.25;25.50;23.92;38.11;196.78;251.21
1037439;5.02;1.05;56.00;26.25;83.25;27.75;24.71;36.97;250.57;258.77
1037891;4.97;1.03;60.00;26.25;83.25;28.50;27.06;36.50;273.93;241.66
1038264;3.95;1.00;60.00;26.25;83.25;21.00;12.94;25.28;326.31;311.43
1038661;2.78;1.00;61.00;26.25;83.25;36.00;8.24;21.55;340.80;317.99
1039059;1.23;1.00;60.00;26.25;83.25;41.25;2.75;9.78;343.63;345.80
1039456;0.59;1.00;58.00;26.25;83.25;41.25;0;9.12;348.83;346.52
1039850;0.59;1.00;57.00;26.25;83.25;-30.00;0;0;333.34;343.10
1040297;0.62;1.00;53.00;26.25;83.25;-30.00;0;0;348.38;329.22
1040735;0.69;1.00;50.00;26.25;83.25;-30.00;0;0;347.65;323.63
1041121;0.72;1.00;46.00;26.25;83.25;-30.00;0;0;213.44;210.94
1041527;1.58;1.00;42.00;26.25;83.25;0.75;0;10.85;226.98;213.23
1041930;0.82;1.00;37.00;26.25;83.25;18.00;0;12.22;189.15;201.33
1042256;0.79;1.00;33.00;26.25;83.25;-30.00;0;0;154.05;218.27
1042657;1.02;1.00;31.00;26.25;83.25;11.25;0;12.27;122.49;191.35
1043111;2.25;1.00;30.00;26.25;83.25;3.00;3.92;11.26;167.22;222.43
1043561;2.14;0.98;31.00;26.25;83.25;8.25;3.92;12.57;235.40;271.60
1043957;2.08;0.97;31.00;26.25;83.25;12.75;3.92;13.57;270.67;293.69
1044281;1.98;0.95;32.00;26.25;83.25;18.75;3.92;14.84;302.91;326.50
1044730;1.96;0.97;33.00;26.25;83.25;24.75;3.92;15.53;302.77;341.21
1045134;1.94;0.98;35.00;26.25;83.25;29.25;3.92;15.72;335.68;325.19
1045535;1.90;0.96;36.00;26.25;83.25;31.50;4.31;15.76;340.33;342.71
1045986;1.94;0.94;37.00;26.25;83.25;32.25;4.31;16.44;299.82;311.35
1046357;2.02;0.94;37.00;26.25;83.25;33.00;4.71;17.08;323.20;322.52
1046750;1.94;0.92;38.00;26.25;83.25;34.50;4.71;16.82;190.81;190.40
1047199;1.26;0.93;38.00;26.25;83.25;34.50;2.75;11.75;144.93;161.79
1047594;1.10;0.92;38.00;26.25;83.25;33.75;1.96;9.43;235.22;245.18
1047995;1.05;0.91;38.00;26.25;83.25;34.50;1.57;9.02;280.00;282.27
1048312;0.81;0.90;37.00;26.25;83.25;33.00;0.78;7.04;311.50;312.62
1048763;0.72;1.00;37.00;26.25;83.25;-30.00;0;0;257.95;267.42
1049169;0.74;1.00;35.00;26.25;83.25;-30.00;0;0;298.52;307.58
1049557;1.72;1.00;33.00;26.25;83.25;27.75;0.39;9.89;317.40;324.78
1049954;1.16;1.00;32.00;26.25;83.25;27.00;1.18;8.51;310.43;318.55
1050280;1.19;1.00;32.00;26.25;83.25;27.00;1.18;9.04;327.85;340.70
1050669;1.27;1.00;32.00;26.25;83.25;27.00;1.57;9.69;337.77;328.12
1051059;1.24;0.99;32.00;26.25;83.25;27.00;1.57;9.75;344.72;330.70
1051449;1.57;0.98;32.00;26.25;83.25;27.00;2.75;12.44;347.32;286.66
1051849;2.10;0.96;32.00;26.25;83.25;27.75;3.92;16.24;329.98;325.64
1052273;2.17;0.94;33.00;26.25;83.25;28.50;5.10;17.99;347.61;334.49
1052730;2.49;0.95;35.00;26.25;83.25;30.75;6.28;19.34;344.61;342.65
1053132;3.01;0.99;37.00;26.25;83.25;31.50;8.63;24.05;311.00;310.96
1053585;3.71;1.00;40.00;26.25;83.25;30.00;12.16;27.70;327.58;344.37
1054045;3.45;0.97;42.00;26.25;84.00;31.50;13.33;28.15;236.10;297.56
1054501;3.22;0.96;46.00;26.25;84.00;34.50;12.16;26.85;160.97;180.22
1054902;3.08;0.97;47.00;26.25;84.00;35.25;11.37;25.40;155.87;193.46
1055286;1.37;1.00;48.00;25.50;84.00;43.50;3.53;11.52;250.22;228.93
1055692;1.46;1.00;48.00;25.50;84.00;43.50;3.92;11.76;280.57;289.55
1056084;0.54;1.00;48.00;25.50;84.00;41.25;0;8.60;314.08;305.41
1056530;0.78;1.00;46.00;25.50;84.00;-30.00;0;0;332.56;338.75
1056932;1.29;1.00;45.00;25.50;84.00;30.75;0.39;12.51;336.13;340.58
1057255;1.22;1.00;45.00;25.50;84.00;29.25;1.57;9.22;339.02;346.81
1057649;1.26;1.00;45.00;25.50;84.00;30.00;1.57;9.54;324.32;347.30
1058041;1.25;1.00;43.00;25.50;84.00;30.00;1.57;9.66;342.52;347.93
1058434;1.22;0.98;43.00;25.50;84.00;29.25;1.57;9.73;326.70;326.35
1058828;1.38;0.97;42.00;25.50;84.00;27.75;1.96;10.97;326.07;343.28
1059238;1.81;0.96;42.00;25.50;84.00;27.75;3.53;14.25;339.43;329.88
1059632;2.83;1.00;42.00;25.50;84.00;27.75;6.67;21.00;321.21;345.86
1060026;2.62;0.98;43.00;25.50;84.00;29.25;6.67;20.94;261.66;339.80
1060426;2.42;0.95;45.00;25.50;84.00;30.75;6.28;20.21;299.10;338.08
1060826;2.33;0.93;46.00;25.50;84.00;30.75;6.28;20.17;318.26;328.73
1061272;0.74;1.00;45.00;25.50;84.00;16.50;0;12.33;340.37;339.14
1061723;0.82;1.00;42.00;25.50;84.00;15.75;0;12.22;342.93;349.90
1062117;0.87;1.00;40.00;25.50;84.00;14.25;0;12.22;350.52;334.65
1062560;0.90;1.00;37.00;25.50;84.00;15.75;0;12.19;285.16;312.38
1062956;0.98;1.00;32.00;25.50;84.00;13.50;0;12.07;219.09;227.70
1063272;1.22;1.01;25.00;25.50;84.00;15.00;0;12.11;190.91;231.04
1063671;1.43;1.02;20.00;25.50;84.00;14.25;0;11.99;174.73;201.73
1064068;1.41;1.00;16.00;25.50;84.00;14.25;0;12.08;141.51;154.99
1064464;1.33;0.99;13.00;25.50;84.00;14.25;0;12.11;108.70;133.70
1064857;1.44;0.98;12.00;25.50;84.00;13.50;0;11.94;92.81;114.11
1065317;1.41;0.96;11.00;25.50;84.00;13.50;0;11.95;71.26;83.16
1065713;1.45;0.95;11.00;25.50;84.00;17.25;0;12.63;54.72;67.32
1066107;1.27;0.94;11.00;25.50;84.00;14.25;0;12.12;44.29;51.70
1066501;1.34;0.93;11.00;25.50;84.00;13.50;0;11.95;33.98;41.85
1066897;1.26;0.92;10.00;26.25;84.00;14.25;0;12.11;27.48;32.13
1067297;1.41;0.90;10.00;26.25;84.00;19.50;0;12.95;22.23;25.99
1067694;1.40;0.92;10.00;26.25;84.00;15.75;0;12.38;17.97;21.01
1068089;1.46;0.93;10.00;26.25;84.75;17.25;0;12.66;13.75;18.98
1068488;1.33;0.94;8.00;26.25;84.75;12.75;0;11.84;13.44;17.69
1068885;1.54;0.95;10.00;26.25;84.75;19.50;0;12.89;43.32;46.95
1069263;1.42;0.97;10.00;26.25;84.75;14.25;0;12.12;35.06;54.02
1069707;1.87;0.96;10.00;26.25;84.75;7.50;1.57;12.61;60.78;64.49
1070154;2.43;0.99;12.00;26.25;84.75;10.50;2.75;16.31;50.56;94.49
1070568;2.26;1.00;15.00;26.25;84.75;13.50;2.75;15.80;66.93;103.70
1071022;2.11;1.02;17.00;26.25;84.75;16.50;2.75;15.15;96.46;121.69
1071341;2.12;1.02;18.00;26.25;84.75;18.75;2.75;15.29;158.51;138.55
1071742;2.00;1.01;20.00;26.25;84.75;20.25;2.75;14.74;176.98;110.44
1072191;0.90;1.00;18.00;26.25;84.75;15.75;0;12.11;162.76;111.79
1072644;0.98;1.00;17.00;26.25;84.75;13.50;0;12.01;133.12;77.28
1073038;1.01;1.00;16.00;26.25;84.75;15.00;0;11.93;117.47;87.83
1073356;1.14;1.00;15.00;26.25;84.75;14.25;0;12.08;132.41;144.29
1073757;1.40;1.01;13.00;26.25;84.75;15.00;0;12.02;118.74;187.90
1074156;1.50;1.00;11.00;26.25;85.50;13.50;0;11.82;111.32;175.56
1074608;1.43;0.98;10.00;26.25;85.50;13.50;0;11.81;97.10;184.30
1075002;1.30;0.97;7.00;26.25;85.50;13.50;0;11.81;127.88;192.04
1075325;1.34;0.96;6.00;26.25;85.50;13.50;0;11.78;173.02;211.18
1075719;1.31;0.95;3.00;26.25;85.50;13.50;0;11.76;140.13;171.02
1076111;1.44;0.94;0;26.25;85.50;15.00;0;11.94;113.45;138.49
1076508;1.28;0.93;0;26.25;85.50;15.00;0;11.91;91.85;112.14
1076898;1.31;0.93;0;26.25;85.50;12.00;0;11.41;70.54;90.79
1077305;1.31;0.94;0;26.25;85.50;13.50;0;11.66;57.11;73.51
1077698;1.32;0.96;0;26.25;85.50;14.25;0;11.78;46.23;59.51
1078093;1.26;0.97;0;26.25;85.50;12.75;0;11.35;37.40;48.16
1078539;1.39;0.98;0;26.25;85.50;16.50;0;12.14;30.25;41.35
1078934;1.44;0.99;0;26.25;85.50;17.25;0;12.28;25.80;35.27
1079297;1.36;1.00;0;26.25;85.50;14.25;0;11.76;19.80;27.07
1079694;1.33;1.02;0;26.25;85.50;14.25;0;11.75;15.16;23.98
1080083;1.38;1.03;0;26.25;85.50;15.75;0;11.93;12.26;19.41
1080527;1.30;1.01;0;26.25;85.50;12.75;0;11.41;9.90;15.70
1080972;1.28;1.00;0;26.25;85.50;12.00;0;11.27;7.97;11.99
1081337;1.34;0.99;0;26.25;85.50;14.25;0;11.67;6.44;9.69
1081780;1.23;0.99;0;26.25;85.50;11.25;0;10.95;4.90;7.40
1082221;1.37;1.00;0;26.25;85.50;16.50;0;11.98;3.73;5.96
1082615;1.39;1.01;0;26.25;85.50;18.00;0;12.21;5.21;11.70
1083071;1.26;1.03;0;26.25;85.50;14.25;0;11.58;6.33;8.94
1083466;1.36;1.01;0;26.25;85.50;17.25;0;12.03;12.28;22.34
1083877;1.30;1.01;0;26.25;85.50;13.50;0;11.40;11.74;33.06
1084268;1.33;1.02;0;26.25;85.50;15.00;0;11.52;41.87;81.64
1084662;1.26;1.01;0;26.25;85.50;14.25;0;11.54;103.33;109.78
1085072;1.28;0.99;0;26.25;85.50;13.50;0;11.40;174.36;145.75
1085466;1.34;0.98;0;26.25;85.50;18.00;0;12.14;183.52;177.86
1085913;1.27;1.00;0;26.25;85.50;15.00;0;11.59;205.01;201.16
1086359;1.32;1.00;0;26.25;85.50;15.00;0;11.59;214.71;232.39
1086744;1.30;1.00;0;26.25;86.25;12.00;0;11.12;223.01;186.73
1087190;1.27;1.00;0;26.25;86.25;14.25;0;11.50;218.13;158.25
1087633;1.38;1.00;0;26.25;86.25;16.50;0;11.79;207.56;166.36
1088076;1.23;1.01;0;26.25;86.25;12.75;0;11.19;215.57;158.39
1088522;1.23;1.01;0;26.25;86.25;12.75;0;11.19;215.57;158.39
1088895;1.23;1.01;0;26.25;86.25;12.75;0;11.19;215.57;158.39
1089268;1.23;1.01;0;26.25;86.25;12.75;0;11.19;215.57;158.39
1089642;1.23;1.01;0;26.25;86.25;12.75;0;11.19;215.57;158.39
1090067;1.23;1.01;0;26.25;86.25;12.75;0;11.19;215.57;158.39
1090493;1.23;1.01;0;26.25;86.25;12.75;0;11.19;215.57;158.39
1090867;1.23;1.01;0;26.25;86.25;12.75;0;11.19;215.57;158.39
1091239;1.23;1.01;0;26.25;86.25;12.75;0;11.19;215.57;158.39
1091613;1.23;1.01;0;26.25;86.25;12.75;0;11.19;215.57;158.39
1091985;1.23;1.01;0;26.25;86.25;12.75;0;11.19;215.57;158.39
1092278;1.23;1.01;0;26.25;86.25;12.75;0;11.19;215.57;158.39
