##;##
#2011-06-04 07:53:11
#GS-911 Mobile WM5 V1009.2
#F800GS
#BMS-KP2
Time (ms);Injection time( ms);Lambda control factor;Speed( km/h);RPM;Intake air temperature( °C);Engine temperature( °C);Ignition angle( °KW);Throttle valve position (TPS)( %);Engine load( %);Knock sensor 1( V);Knock sensor 2( V);Lambda sensor voltage( mV)
662;1.29;1.00;0;1230.00;28.50;85.50;16.50;0;11.60;133.60;225.55;117.19
1275;1.38;1.02;0;1210.00;28.50;85.50;17.25;0;11.76;164.33;229.73;175.78
1941;1.32;1.01;0;1242.00;28.50;85.50;15.00;0;11.37;176.28;271.58;820.30
2559;1.30;1.00;0;1222.00;28.50;85.50;16.50;0;11.64;166.65;297.01;761.71
3194;5.73;0.99;0;1172.00;28.50;85.50;12.00;7.45;24.32;180.36;299.39;878.90
3863;2.95;0.99;0;2881.00;28.50;86.25;33.00;7.84;22.77;142.49;203.48;820.30
4453;3.21;0.96;10.00;2117.00;28.50;86.25;18.75;8.24;25.18;68.08;97.26;742.18
5084;3.15;1.01;16.00;1974.00;28.50;86.25;17.25;6.28;22.57;40.13;57.36;175.78
5708;1.20;1.00;20.00;2141.00;28.50;86.25;18.75;1.18;10.35;21.27;30.43;117.19
6379;1.13;1.01;18.00;1561.00;28.50;86.25;14.25;0;11.95;29.41;51.01;136.72
7000;1.02;1.00;16.00;1782.00;28.50;86.25;13.50;0;11.86;115.58;78.35;429.68
7633;1.62;1.02;15.00;1538.00;28.50;86.25;12.00;0.39;11.46;158.49;82.90;136.72
8260;1.77;1.04;15.00;1556.00;28.50;86.25;13.50;1.18;11.03;116.91;57.30;117.19
8880;1.88;1.05;15.00;1708.00;28.50;86.25;13.50;1.57;12.69;72.69;35.62;136.72
9416;1.80;1.07;16.00;1810.00;28.50;86.25;14.25;1.57;12.22;47.65;22.11;136.72
10081;1.02;1.00;16.00;1819.00;28.50;86.25;14.25;0;11.96;31.70;16.03;820.30
10695;1.13;1.00;13.00;1597.00;28.50;86.25;14.25;0;11.94;23.63;18.94;839.83
11357;1.14;0.99;13.00;1536.00;28.50;87.00;14.25;0;11.78;27.01;34.70;839.83
12018;1.18;0.97;13.00;1455.00;28.50;87.00;15.00;0;11.83;55.66;50.43;781.24
12640;1.19;0.95;12.00;1396.00;28.50;87.00;14.25;0;11.78;98.41;142.18;624.99
13269;1.19;0.94;10.00;1296.00;28.50;87.00;12.75;0;11.51;105.54;128.35;97.66
13891;3.74;1.00;10.00;1210.00;28.50;87.00;3.00;3.92;18.46;113.08;192.62;898.43
14434;2.46;0.99;12.00;1719.00;28.50;87.00;3.00;3.14;13.40;80.15;158.82;97.66
15052;2.30;1.01;15.00;1918.00;28.50;87.00;8.25;3.14;13.89;49.84;98.78;117.19
15727;2.26;1.04;18.00;2096.00;28.50;87.00;15.75;3.53;15.39;27.85;55.25;644.52
16356;0.94;1.00;17.00;2014.00;28.50;87.00;13.50;0;11.93;24.37;47.67;742.18
17078;1.02;1.00;16.00;1793.00;28.50;87.00;13.50;0;11.79;101.54;71.44;97.66
17701;1.10;1.01;15.00;1632.00;28.50;87.75;14.25;0;11.76;141.38;103.65;117.19
18387;1.19;1.02;13.00;1492.00;28.50;87.75;15.00;0;11.73;150.40;95.48;859.36
19008;1.50;1.00;12.00;1508.00;28.50;87.75;10.50;0.78;10.47;100.19;76.69;371.09
19630;1.14;1.01;13.00;1560.00;28.50;87.75;13.50;0;11.93;73.06;56.89;97.66
20251;3.62;1.00;13.00;1908.00;28.50;87.75;9.00;5.10;18.29;61.11;46.50;898.43
20880;3.17;0.99;18.00;2174.00;28.50;87.75;21.75;6.67;23.09;34.18;24.65;859.36
21445;3.11;0.96;25.00;2725.00;28.50;87.75;27.75;9.81;25.00;18.10;13.71;761.71
22074;3.13;0.95;30.00;3287.00;28.50;87.75;33.00;11.37;26.18;8.55;6.13;195.31
22710;3.70;1.01;36.00;4000.00;28.50;87.75;33.00;15.69;29.01;2.54;2.71;624.99
23331;4.64;1.00;40.00;3186.00;28.50;87.75;25.50;18.04;32.53;0.88;2.30;781.24
23953;3.62;0.94;46.00;3614.00;28.50;87.75;30.75;16.08;29.50;0.25;0.82;195.31
24574;3.72;1.01;51.00;3985.00;27.75;87.75;33.75;15.69;29.11;0;0.20;781.24
25248;4.12;1.01;56.00;4369.00;27.75;87.75;33.75;18.83;30.70;0;0.62;507.81
25910;4.99;1.05;61.00;4716.00;27.75;87.75;28.50;27.45;35.94;0;2.05;156.25
26450;5.27;1.00;63.00;3965.00;27.75;87.75;26.25;23.14;37.03;0;0.55;859.36
27075;4.79;0.99;68.00;4256.00;27.75;87.75;26.25;23.92;37.02;0;0.06;644.52
27691;4.91;1.05;73.00;4461.00;27.75;87.00;28.50;24.71;35.77;0;0;332.03
28317;5.98;1.07;78.00;4820.00;27.75;87.00;22.50;34.91;40.25;0;0;898.43
28980;4.67;1.00;81.00;4209.00;27.75;87.00;27.75;21.96;33.89;0;0;761.71
29594;5.37;1.00;85.00;4387.00;27.75;87.00;22.50;29.42;38.60;0;1.97;136.72
30209;6.20;1.09;88.00;4618.00;27.75;87.00;21.75;35.30;40.92;0;0.35;800.77
30882;1.78;1.00;90.00;4312.00;27.75;87.00;47.25;7.06;12.13;0.78;0;742.18
31476;3.56;1.05;92.00;4273.00;27.75;86.25;37.50;14.90;26.50;2.05;1.48;800.77
32229;3.48;1.04;93.00;4298.00;27.75;86.25;37.50;14.12;25.84;2.15;3.65;605.46
32912;2.94;1.01;95.00;4348.00;27.75;86.25;41.25;10.59;22.57;0.55;1.07;781.24
33452;2.38;0.96;95.00;4360.00;27.75;86.25;44.25;8.63;19.50;1.25;0.23;117.19
34069;1.82;1.00;93.00;4319.00;27.75;85.50;46.50;6.28;14.51;1.97;0.70;898.43
34745;4.35;1.00;95.00;4403.00;27.75;85.50;31.50;21.18;31.90;0.35;0.04;820.30
35373;2.52;0.98;95.00;4010.00;27.75;85.50;38.25;8.24;20.01;1.19;0;644.52
36044;2.05;0.96;95.00;3984.00;27.75;84.75;45.00;6.67;16.87;69.59;50.86;898.43
36694;4.31;1.00;96.00;4032.00;27.00;84.75;30.75;19.22;31.67;243.52;261.37;585.93
37346;4.40;1.03;97.00;4115.00;27.00;84.75;30.00;20.00;32.74;251.23;284.28;820.30
37978;4.39;1.04;98.00;4187.00;27.00;84.75;30.00;20.00;32.43;248.40;241.59;761.71
38592;4.77;1.00;101.00;4263.00;27.00;84.00;28.50;22.75;34.65;215.12;234.38;156.25
39277;5.48;1.10;102.00;4335.00;27.00;84.00;24.75;26.28;37.17;197.74;196.57;839.83
39899;5.37;1.03;105.00;4422.00;27.00;84.00;23.25;28.24;38.27;153.84;200.07;664.05
40492;5.23;1.04;106.00;4509.00;27.00;84.00;24.75;27.45;36.89;218.95;246.00;703.12
41113;5.00;1.03;108.00;4580.00;27.00;83.25;27.00;27.06;35.98;259.71;310.43;839.83
41744;3.26;0.97;108.00;4620.00;27.00;83.25;38.25;15.69;26.20;293.63;346.89;820.30
42364;3.02;1.01;110.00;4652.00;27.00;83.25;41.25;12.16;23.24;330.62;351.29;839.83
42989;2.52;0.98;108.00;4617.00;27.00;83.25;44.25;9.41;20.23;330.53;347.15;624.99
43663;2.48;0.96;108.00;4584.00;27.00;82.50;44.25;9.41;20.33;327.21;316.52;117.19
44277;2.63;1.00;107.00;4567.00;27.00;82.50;44.25;9.41;20.59;337.85;337.93;644.52
44892;2.86;1.01;107.00;4568.00;27.00;82.50;42.75;10.98;22.12;321.60;305.43;839.83
45501;3.46;1.02;107.00;4578.00;27.00;82.50;38.25;15.30;26.18;273.40;314.26;273.43
46170;3.82;1.00;108.00;4615.00;27.00;82.50;34.50;19.61;29.28;216.51;234.34;839.83
46800;4.73;1.04;110.00;4690.00;27.00;81.75;29.25;25.89;34.16;82.18;95.25;742.18
47478;3.34;0.97;111.00;4746.00;27.00;81.75;37.50;17.65;27.12;21.27;22.83;683.59
48102;2.85;0.96;111.00;4732.00;27.00;81.75;41.25;12.94;24.22;5.86;8.30;781.24
48769;2.45;0.97;111.00;4686.00;27.00;81.75;44.25;9.41;20.10;2.89;1.76;800.77
49388;2.38;0.95;110.00;4674.00;27.00;81.75;45.00;9.02;19.76;0.66;2.03;97.66
50009;3.56;1.03;110.00;4656.00;27.00;81.00;40.50;14.12;24.65;0.62;0.31;703.12
50647;3.38;1.03;110.00;4632.00;27.00;81.00;39.75;14.90;25.33;0.04;1.97;390.62
51270;3.29;1.00;110.00;4668.00;27.00;81.00;39.75;14.90;25.18;0;0.45;820.30
51887;3.67;1.03;111.00;4686.00;27.00;81.00;38.25;16.86;26.50;0;1.35;839.83
52426;3.63;1.03;111.00;4700.00;27.00;81.00;37.50;17.65;27.05;0.78;0.21;683.59
53091;3.50;0.99;111.00;4695.00;27.00;81.00;37.50;17.26;27.16;0.10;0.78;312.50
53705;3.54;1.00;111.00;4711.00;27.00;81.00;37.50;17.26;27.06;1.80;0.12;273.43
54367;3.50;1.00;111.00;4748.00;27.00;81.00;38.25;17.26;26.86;0.29;2.27;761.71
55081;3.86;0.99;112.00;4737.00;27.00;81.00;34.50;20.39;29.51;4.84;0.39;820.30
55702;3.82;0.99;112.00;4777.00;27.00;80.25;34.50;20.79;29.44;1.91;0;703.12
56322;3.80;0.98;113.00;4797.00;27.00;80.25;34.50;20.79;29.36;0.29;0;722.65
56938;3.86;1.01;113.00;4835.00;27.00;80.25;35.25;20.79;29.13;0;0;781.24
57470;3.65;1.00;115.00;4822.00;27.00;80.25;36.00;19.22;27.91;0;0;390.62
58137;3.54;0.97;115.00;4841.00;27.00;80.25;36.00;19.22;27.79;2.85;0;722.65
58744;3.58;0.99;115.00;4862.00;27.00;80.25;36.00;19.22;27.59;0.70;0;839.83
59350;3.66;1.01;116.00;4884.00;27.00;80.25;37.50;19.22;27.48;0.04;1.43;742.18
59970;3.51;0.99;116.00;4921.00;27.00;80.25;37.50;19.22;27.35;1.23;0.33;781.24
60514;3.54;1.00;116.00;4921.00;27.00;80.25;37.50;19.22;27.10;0.14;1.86;820.30
61177;3.56;1.01;116.00;4956.00;27.00;80.25;37.50;19.22;26.92;0.76;0.35;703.12
61841;3.52;1.01;116.00;4944.00;27.00;80.25;38.25;18.83;26.86;0.06;0.62;742.18
62376;3.49;1.00;117.00;4968.00;27.00;80.25;38.25;18.83;26.61;0;0.02;820.30
62997;3.38;0.99;117.00;4996.00;27.00;80.25;39.00;18.43;26.27;0;0;722.65
63664;3.47;1.02;117.00;4997.00;27.00;80.25;39.00;18.43;25.98;0;1.56;488.28
64321;3.30;0.97;117.00;4985.00;27.00;80.25;39.75;18.04;25.97;0.53;0.21;800.77
64996;3.42;1.01;117.00;4979.00;27.00;80.25;39.00;18.04;25.84;0.82;1.66;664.05
65619;3.44;1.02;117.00;5011.00;27.00;80.25;39.75;18.04;25.83;0.68;1.50;644.52
66236;3.34;0.99;117.00;4988.00;27.00;80.25;39.00;18.04;25.80;0.70;1.89;761.71
66905;3.42;1.02;117.00;4997.00;27.00;80.25;39.00;18.04;25.75;0.88;2.01;859.36
67434;4.10;1.03;117.00;4991.00;27.00;80.25;34.50;23.53;30.16;0.94;0.39;703.12
68103;4.00;1.00;118.00;4997.00;27.00;80.25;34.50;23.53;30.30;0.12;0;820.30
68719;3.85;0.99;118.00;5058.00;27.00;80.25;35.25;22.75;29.50;0;0;820.30
69330;3.87;1.00;120.00;5041.00;27.00;81.00;35.25;22.36;29.28;0;1.15;742.18
69949;3.77;0.99;120.00;5061.00;27.00;81.00;36.00;21.96;28.91;0;1.50;683.59
70494;4.21;1.03;120.00;5057.00;27.00;81.00;33.75;24.71;31.02;1.56;0.27;820.30
71184;4.81;1.01;121.00;5122.00;27.00;81.00;28.50;31.38;35.26;0.20;0.45;703.12
71856;4.08;1.00;122.00;5183.00;27.00;81.00;33.75;25.49;31.75;1.15;0.82;859.36
72446;3.46;0.95;122.00;5165.00;27.00;81.00;36.75;21.18;27.79;0.59;2.44;722.65
73069;3.59;0.99;122.00;5180.00;27.00;81.00;36.75;20.79;27.68;1.27;0.47;683.59
73684;3.39;0.97;122.00;5154.00;27.00;81.00;39.00;20.00;26.67;0.20;0;624.99
74303;3.36;0.96;121.00;5165.00;27.00;81.00;39.00;19.61;26.54;0;0;761.71
74969;3.35;0.97;122.00;5149.00;27.00;81.00;39.00;19.61;26.43;1.97;0;644.52
75505;3.33;0.97;121.00;5162.00;27.00;81.00;39.75;19.22;26.10;0.35;1.46;800.77
76124;3.36;0.99;121.00;5140.00;27.00;81.00;39.75;18.83;25.96;0.94;1.70;410.15
76791;3.60;0.98;121.00;5150.00;27.00;81.00;36.75;21.57;28.09;1.35;2.30;820.30
77459;3.70;1.00;121.00;5137.00;27.00;81.00;36.75;21.57;28.14;1.39;2.30;722.65
78072;3.68;1.00;122.00;5156.00;27.00;81.00;36.75;21.18;28.08;1.84;0.43;683.59
78686;3.39;0.95;122.00;5191.00;27.00;81.75;38.25;20.39;27.20;0.33;1.82;722.65
79310;3.46;0.99;122.00;5198.00;26.25;81.75;39.00;20.00;26.79;0.96;0.31;683.59
79937;3.19;0.96;122.00;5180.00;26.25;81.75;40.50;18.43;25.37;0.12;0;742.18
80478;3.11;0.98;122.00;5198.00;26.25;81.75;41.25;17.26;24.41;0;0;253.90
81148;3.02;0.95;122.00;5187.00;26.25;81.75;41.25;16.86;24.39;0;0;781.24
81755;3.15;0.99;123.00;5197.00;26.25;81.75;41.25;16.86;24.38;0;0;781.24
82411;2.98;0.96;122.00;5219.00;26.25;81.75;42.00;16.47;23.83;0;0;820.30
83024;2.72;0.96;122.00;5185.00;26.25;81.75;44.25;13.33;21.95;2.17;0;253.90
83637;3.22;1.01;122.00;5178.00;26.25;81.75;41.25;16.86;24.43;2.87;0;761.71
84251;3.10;1.01;122.00;5166.00;26.25;81.75;42.75;16.08;23.66;0.59;1.72;332.03
84874;3.11;1.01;122.00;5182.00;26.25;81.75;42.75;16.08;23.62;0.04;1.27;722.65
85404;2.94;1.00;122.00;5166.00;26.25;81.75;43.50;14.51;22.67;0;0.20;742.18
86025;2.32;0.93;121.00;5144.00;26.25;81.75;46.50;10.59;19.46;0;0;117.19
86642;2.43;0.97;121.00;5114.00;26.25;81.75;46.50;10.20;19.53;0;0.90;644.52
87254;2.94;1.00;120.00;5111.00;26.25;81.75;43.50;14.12;22.61;0;0.10;820.30
87871;2.93;0.99;120.00;5106.00;26.25;81.75;43.50;14.51;22.78;0;0;781.24
88400;2.90;1.00;120.00;5128.00;26.25;81.75;43.50;13.73;22.30;0.90;1.56;781.24
89013;2.90;1.00;120.00;5091.00;26.25;81.75;43.50;13.73;22.42;2.52;1.27;605.46
89625;2.95;1.02;120.00;5113.00;26.25;81.75;43.50;13.73;22.45;3.20;1.87;683.59
90285;2.86;0.98;121.00;5113.00;26.25;81.75;43.50;14.12;22.53;1.91;1.19;644.52
90900;3.39;1.00;120.00;5110.00;26.25;81.75;39.75;18.83;25.75;0.51;0.25;820.30
91442;3.70;1.01;121.00;5118.00;26.25;81.75;36.75;21.18;27.94;0;0;800.77
92117;3.59;0.99;121.00;5103.00;26.25;81.75;38.25;20.39;27.25;0;0;292.97
92726;3.51;0.99;121.00;5137.00;26.25;81.75;38.25;20.39;27.12;0;0;722.65
93328;3.48;0.98;121.00;5111.00;26.25;81.75;38.25;20.00;27.09;1.15;2.70;683.59
94001;3.82;1.01;121.00;5134.00;26.25;81.75;36.00;22.36;28.84;0.27;0.70;722.65
94643;3.63;0.97;122.00;5146.00;26.25;81.75;36.00;21.96;28.44;0.68;0.47;761.71
95264;3.66;0.99;122.00;5170.00;26.25;81.75;36.75;21.18;27.92;2.05;1.84;644.52
95933;3.51;0.96;122.00;5196.00;26.25;81.75;36.75;21.18;27.86;3.38;0.33;820.30
96463;3.51;0.97;122.00;5180.00;26.25;81.75;38.25;20.79;27.53;0.70;0;683.59
97077;3.56;0.99;122.00;5174.00;26.25;81.75;38.25;20.79;27.37;0.02;0;683.59
97685;3.38;0.97;122.00;5167.00;26.25;81.75;39.00;20.00;26.52;0;0;703.12
98350;3.49;0.96;122.00;5164.00;26.25;81.75;36.75;20.79;27.69;0;1.46;703.12
98969;3.55;0.98;122.00;5169.00;26.25;81.75;38.25;20.79;27.55;1.46;0.35;546.87
99559;3.32;0.94;122.00;5181.00;26.25;81.75;38.25;20.39;27.09;0.18;2.91;781.24
100175;3.79;0.99;122.00;5185.00;26.25;81.75;36.00;22.75;28.82;1.46;0.61;253.90
100794;3.60;0.96;122.00;5181.00;26.25;81.75;36.75;21.96;28.24;1.05;0;546.87
101414;3.86;0.97;122.00;5194.00;26.25;81.75;34.50;24.32;30.09;0.16;1.72;781.24
102032;3.93;0.99;123.00;5209.00;26.25;81.75;35.25;24.32;29.96;0;2.71;683.59
102651;3.82;0.97;123.00;5219.00;26.25;81.75;35.25;23.92;29.80;0;1.52;761.71
103262;3.80;0.97;123.00;5219.00;26.25;81.75;35.25;23.92;29.60;0;0.25;703.12
103921;3.50;0.94;123.00;5232.00;26.25;81.75;36.75;21.96;28.27;1.15;0;781.24
104459;3.54;0.97;123.00;5255.00;26.25;82.50;36.75;21.57;27.81;0.18;1.46;664.05
105078;4.22;1.02;123.00;5259.00;26.25;82.50;33.75;26.28;31.31;126.05;64.33;820.30
105728;4.03;0.98;125.00;5265.00;26.25;82.50;34.50;25.89;31.06;268.13;240.20;800.77
106359;3.33;0.92;125.00;5281.00;26.25;82.50;38.25;20.79;27.30;336.89;316.66;566.40
106976;3.36;0.97;125.00;5260.00;26.25;82.50;39.75;20.00;26.52;344.69;343.38;234.37
107515;3.34;0.97;123.00;5242.00;26.25;82.50;39.75;19.61;26.30;347.26;348.61;664.05
108237;3.27;0.97;125.00;5255.00;26.25;82.50;40.50;19.22;25.75;328.59;345.37;781.24
108860;3.13;0.97;125.00;5241.00;26.25;82.50;41.25;18.04;24.92;306.70;312.99;722.65
109477;2.99;0.95;123.00;5213.00;26.25;82.50;42.00;16.86;24.12;323.83;301.11;761.71
110100;2.74;0.96;122.00;5182.00;26.25;82.50;45.00;13.33;22.00;178.78;287.79;449.21
110798;2.37;0.91;121.00;5131.00;26.25;82.50;45.75;10.98;20.23;195.01;196.12;58.59
111419;1.37;1.00;118.00;5010.00;26.25;82.50;49.50;5.49;10.78;292.44;254.01;859.36
112047;3.82;0.99;118.00;5034.00;26.25;82.50;36.00;21.57;28.71;339.57;310.33;742.18
112645;4.06;1.01;120.00;5041.00;26.25;82.50;34.50;23.92;30.30;346.52;346.93;781.24
113274;3.94;0.98;120.00;5057.00;26.25;82.50;34.50;23.92;30.33;334.18;347.89;781.24
113887;4.02;1.01;120.00;5096.00;26.25;82.50;34.50;23.92;29.97;320.51;320.41;449.21
114550;3.80;0.98;121.00;5111.00;26.25;82.50;35.25;23.92;29.93;335.62;335.31;761.71
115218;3.65;0.97;121.00;5147.00;26.25;82.50;36.00;21.96;28.42;304.26;322.58;605.46
115886;3.22;0.97;121.00;5127.00;26.25;82.50;39.75;18.83;25.83;311.39;209.34;253.90
116502;2.86;0.95;121.00;5137.00;26.25;82.50;42.75;15.30;23.26;286.76;229.85;371.09
117119;2.90;0.97;121.00;5098.00;26.25;82.50;42.75;14.90;22.93;342.81;228.05;683.59
117733;2.97;1.00;121.00;5137.00;26.25;82.50;42.75;14.90;22.91;355.70;309.75;761.71
118350;2.64;0.94;120.00;5094.00;26.25;82.50;44.25;12.55;21.84;339.37;330.41;683.59
118974;2.63;0.94;120.00;5086.00;26.25;82.50;44.25;12.55;21.79;355.93;344.96;742.18
119501;2.77;0.99;120.00;5070.00;26.25;82.50;44.25;12.55;21.87;347.30;328.40;742.18
120178;2.78;0.98;120.00;5047.00;26.25;82.50;44.25;12.55;21.92;342.13;344.67;781.24
120790;3.40;1.03;118.00;5049.00;26.25;83.25;40.50;18.04;25.33;289.83;323.98;820.30
121467;3.45;1.02;120.00;5058.00;26.25;83.25;39.75;18.43;25.75;252.82;293.07;605.46
122142;3.19;0.98;120.00;5094.00;26.25;83.25;40.50;17.65;25.02;184.17;209.17;624.99
122837;3.10;0.98;120.00;5105.00;26.25;83.25;41.25;16.86;24.32;230.12;281.47;703.12
123458;2.76;1.00;120.00;5115.00;26.25;83.25;44.25;12.16;21.68;300.22;337.60;800.77
124126;2.65;0.95;120.00;5062.00;26.25;83.25;44.25;12.16;21.69;345.93;328.48;175.78
124736;3.00;1.02;120.00;5084.00;26.25;83.25;43.50;14.12;22.68;343.08;349.10;742.18
125355;2.95;1.00;120.00;5059.00;26.25;83.25;43.50;14.12;22.84;322.46;346.13;781.24
125965;2.95;1.01;120.00;5077.00;26.25;83.25;43.50;14.12;22.64;346.07;345.33;624.99
126494;3.09;1.01;120.00;5054.00;26.25;83.25;42.00;15.69;23.65;324.88;325.76;820.30
127163;3.39;1.01;120.00;5077.00;26.25;83.25;39.75;18.43;25.77;295.25;306.99;781.24
127786;3.38;0.99;120.00;5062.00;26.25;83.25;39.75;18.83;26.00;309.41;309.08;742.18
128406;3.51;1.02;120.00;5071.00;26.25;83.25;39.00;19.22;26.39;299.81;332.81;781.24
129083;3.54;0.97;120.00;5082.00;26.25;83.25;36.75;20.79;27.71;342.05;337.56;703.12
129703;3.66;1.00;120.00;5054.00;26.25;83.25;36.75;20.79;27.86;334.22;353.88;761.71
130315;3.63;1.01;120.00;5083.00;26.25;83.25;38.25;20.39;27.48;351.29;352.75;800.77
130934;3.59;1.00;120.00;5057.00;26.25;83.25;38.25;20.39;27.35;345.41;349.02;371.09
131465;3.48;0.98;118.00;5059.00;26.25;83.25;38.25;20.00;27.23;346.76;345.80;664.05
132084;4.08;1.02;118.00;5057.00;26.25;83.25;35.25;22.36;29.21;327.36;343.14;664.05
132703;4.06;1.00;118.00;5043.00;26.25;83.25;34.50;24.32;30.56;341.74;236.78;800.77
133334;4.16;1.03;118.00;5042.00;26.25;83.25;34.50;24.32;30.58;272.74;144.46;703.12
133948;4.00;0.99;118.00;5053.00;26.25;83.25;34.50;23.92;30.43;199.40;151.06;781.24
134481;3.86;0.98;120.00;5040.00;26.25;83.25;34.50;23.53;30.07;221.76;247.45;761.71
135099;3.77;0.98;120.00;5059.00;25.50;83.25;36.00;22.36;29.07;303.67;323.44;742.18
135773;3.84;1.00;120.00;5037.00;25.50;83.25;36.00;22.36;29.08;347.09;329.73;742.18
136382;3.62;0.96;118.00;5043.00;25.50;83.25;36.00;21.18;28.47;330.84;326.07;800.77
137005;3.67;0.98;120.00;5032.00;25.50;83.25;36.00;21.18;28.52;330.92;325.08;761.71
137542;3.61;0.97;118.00;5050.00;25.50;83.25;36.75;21.18;28.31;328.71;317.95;800.77
138163;3.57;0.99;118.00;5022.00;25.50;83.25;38.25;20.00;27.37;323.08;336.93;273.43
138783;3.97;1.02;120.00;5042.00;25.50;83.25;35.25;23.14;29.64;337.62;314.84;781.24
139404;3.94;1.01;118.00;5059.00;25.50;83.25;35.25;23.14;29.46;288.59;315.47;644.52
140069;3.84;0.98;118.00;5047.00;25.50;83.25;35.25;22.75;29.53;325.35;309.65;761.71
140655;4.10;1.00;120.00;5042.00;25.50;83.25;33.75;25.10;31.19;350.02;348.38;742.18
141328;4.29;1.03;120.00;5081.00;25.50;83.25;33.00;25.89;31.61;319.45;347.61;800.77
142007;4.19;1.01;120.00;5053.00;25.50;83.25;33.75;25.49;31.44;343.77;332.07;722.65
142598;4.02;1.00;120.00;5070.00;25.50;83.25;34.50;24.32;30.47;330.58;346.03;781.24
143267;4.06;1.02;120.00;5044.00;25.50;83.25;34.50;23.53;30.02;343.90;345.84;800.77
143883;3.86;0.98;120.00;5069.00;25.50;83.25;35.25;23.53;29.79;324.30;325.90;742.18
144499;3.34;1.00;118.00;5023.00;25.50;83.25;39.75;18.43;26.04;311.27;338.77;820.30
145121;4.38;1.00;118.00;5067.00;25.50;83.25;34.50;24.32;30.22;306.27;292.42;761.71
145737;4.14;1.00;118.00;5045.00;25.50;83.25;33.75;25.10;31.18;295.14;313.57;761.71
146402;4.39;1.00;118.00;5021.00;25.50;83.25;31.50;27.06;32.95;336.48;327.38;820.30
147074;4.01;0.99;120.00;5043.00;25.50;83.25;34.50;24.32;30.76;334.57;348.47;742.18
147718;3.87;0.98;120.00;5060.00;25.50;83.25;35.25;23.53;29.84;351.89;354.18;820.30
148347;3.79;0.99;120.00;5049.00;25.50;83.25;35.25;22.36;29.21;337.44;334.65;761.71
149013;3.86;1.01;118.00;5053.00;25.50;83.25;35.25;22.36;29.18;325.45;289.45;605.46
149549;3.60;0.95;118.00;5029.00;25.50;83.25;36.00;21.96;28.70;322.69;285.04;722.65
150218;3.50;0.98;118.00;5026.00;25.50;83.25;38.25;20.00;27.20;328.26;327.81;761.71
150844;3.27;0.97;118.00;4987.00;25.50;83.25;39.75;18.04;25.91;317.64;297.42;781.24
151469;3.14;0.99;117.00;4991.00;25.50;83.25;40.50;16.47;24.52;331.39;316.33;800.77
152144;2.78;0.96;117.00;4928.00;25.50;83.25;42.75;12.94;22.77;322.38;356.62;820.30
152762;2.50;0.96;116.00;4882.00;25.50;83.25;45.00;10.20;20.42;334.88;355.47;781.24
153392;2.47;0.95;115.00;4852.00;25.50;83.25;45.00;10.20;20.26;339.49;349.02;195.31
154007;2.97;1.01;113.00;4817.00;25.50;83.25;42.75;12.16;22.30;193.21;358.32;546.87
154600;3.23;1.06;112.00;4792.00;25.50;83.25;41.25;13.73;23.66;157.29;356.66;820.30
155223;2.65;0.97;112.00;4776.00;25.50;83.25;43.50;10.59;21.16;112.86;352.87;214.84
155898;3.31;1.04;112.00;4774.00;25.50;83.25;40.50;14.90;24.54;177.31;341.68;781.24
156524;3.59;1.02;112.00;4782.00;25.50;83.25;37.50;18.04;27.03;135.36;320.00;742.18
157146;3.80;1.04;113.00;4789.00;25.50;83.25;36.00;19.22;27.94;113.96;313.83;800.77
157818;3.59;0.99;113.00;4807.00;25.50;83.25;37.50;18.83;27.55;98.31;344.74;703.12
158437;3.65;1.02;113.00;4841.00;25.50;83.25;37.50;18.83;27.39;217.37;358.47;722.65
159060;3.65;1.02;115.00;4856.00;25.50;83.25;37.50;18.83;27.30;314.04;357.85;488.28
159585;3.61;1.02;115.00;4885.00;25.50;83.25;37.50;19.22;27.15;328.01;346.48;703.12
160199;3.75;1.01;116.00;4914.00;25.50;83.25;36.00;20.39;28.18;339.28;351.15;703.12
160818;3.78;1.02;116.00;4931.00;25.50;83.25;36.00;20.39;28.35;327.34;346.27;820.30
161437;2.90;0.99;116.00;4911.00;25.50;83.25;42.00;13.73;23.06;323.24;325.78;820.30
162051;1.90;0.95;115.00;4887.00;25.50;83.25;47.25;8.24;17.46;323.03;294.41;820.30
162589;0.89;1.00;112.00;4749.00;25.50;83.25;48.75;2.75;6.93;318.81;306.60;898.43
163212;1.26;0.98;110.00;4657.00;25.50;83.25;48.75;3.92;9.82;343.67;339.41;722.65
163884;2.93;0.98;108.00;4629.00;25.50;83.25;42.00;11.77;22.96;342.15;350.54;312.50
164517;3.23;1.04;108.00;4626.00;25.50;83.25;40.50;12.94;24.13;334.28;350.37;703.12
165188;3.20;1.01;110.00;4630.00;25.50;83.25;40.50;14.12;24.59;345.62;353.34;156.25
165815;3.76;1.05;110.00;4654.00;25.50;83.25;37.50;17.65;27.49;328.05;349.92;800.77
166490;3.62;1.02;111.00;4691.00;25.50;83.25;37.50;17.65;27.13;345.80;344.00;761.71
167107;3.54;1.01;111.00;4724.00;25.50;83.25;37.50;17.65;27.07;341.25;343.86;703.12
167718;3.61;1.03;112.00;4733.00;25.50;83.25;37.50;17.65;26.90;342.42;337.56;546.87
168333;3.43;0.99;112.00;4783.00;25.50;83.25;38.25;17.65;26.57;244.69;269.20;488.28
168950;4.25;1.02;113.00;4835.00;25.50;83.25;33.00;23.92;31.39;115.23;264.26;761.71
169589;4.16;1.03;115.00;4882.00;25.50;83.25;33.75;23.14;30.65;198.58;317.66;761.71
170211;3.81;0.99;116.00;4960.00;25.50;83.25;35.25;21.96;29.14;296.68;343.83;722.65
170839;3.23;0.96;117.00;4959.00;25.50;83.25;38.25;18.43;26.39;322.40;347.30;742.18
171464;3.10;0.98;117.00;4968.00;25.50;83.25;40.50;16.08;24.43;328.44;350.99;761.71
172084;2.98;1.00;117.00;5002.00;25.50;83.25;42.00;14.12;23.03;336.83;348.40;722.65
172622;2.81;0.96;117.00;4975.00;25.50;83.25;42.75;13.33;22.51;343.44;311.93;117.19
173239;2.82;0.97;117.00;4999.00;25.50;83.25;42.75;12.94;22.33;308.30;221.10;761.71
173855;2.22;1.00;117.00;4960.00;25.50;83.25;47.25;8.24;17.50;332.13;192.47;742.18
174525;2.10;0.95;116.00;4922.00;25.50;83.25;47.25;8.24;17.37;317.91;148.90;117.19
175141;2.11;0.97;115.00;4891.00;25.50;83.25;47.25;7.84;16.97;322.93;220.77;761.71
175764;2.13;0.98;115.00;4864.00;25.50;83.25;47.25;8.24;17.06;350.86;295.63;703.12
176380;3.02;0.98;115.00;4851.00;25.50;83.25;42.00;13.33;22.93;295.74;310.41;58.59
177055;3.77;1.05;116.00;4878.00;25.50;83.25;37.50;18.83;27.06;331.70;321.07;742.18
177656;4.30;1.06;117.00;4971.00;25.50;83.25;33.75;23.92;30.76;306.86;346.21;761.71
178277;4.25;1.03;118.00;5016.00;25.50;83.25;34.50;24.32;30.76;344.18;348.02;605.46
178952;3.77;0.96;120.00;5127.00;25.50;83.25;35.25;23.53;29.64;343.40;343.77;722.65
179575;3.86;0.99;121.00;5148.00;25.50;83.25;35.25;23.53;29.37;341.64;212.84;761.71
180194;3.65;0.98;122.00;5176.00;25.50;83.25;36.00;21.96;28.38;227.41;151.44;605.46
180871;3.56;0.97;123.00;5245.00;25.50;83.25;36.75;21.57;27.82;190.18;216.94;683.59
181497;3.58;0.99;125.00;5299.00;25.50;83.25;39.00;21.57;27.53;280.82;310.57;742.18
182168;3.49;0.97;126.00;5347.00;25.50;83.25;39.00;21.18;27.10;341.66;348.51;800.77
182807;3.34;0.98;126.00;5348.00;25.50;83.25;40.50;19.61;26.03;345.39;354.41;761.71
183427;2.94;0.93;127.00;5396.00;25.50;83.25;42.75;17.26;24.13;339.45;343.12;371.09
184051;2.75;0.95;127.00;5389.00;25.50;83.25;45.00;14.51;22.35;342.60;310.41;136.72
184588;3.14;1.02;127.00;5401.00;25.50;83.25;43.50;16.47;23.65;276.29;273.40;781.24
185265;3.10;1.00;127.00;5398.00;25.50;83.25;43.50;16.47;23.69;254.03;276.68;664.05
185881;3.02;0.99;127.00;5408.00;25.50;83.25;43.50;16.47;23.46;181.32;197.21;546.87
186495;2.98;0.98;127.00;5406.00;25.50;83.25;43.50;16.08;23.36;168.43;226.27;664.05
187110;3.15;0.99;127.00;5418.00;25.50;83.25;42.00;17.65;24.36;249.96;268.15;742.18
187700;3.30;1.01;128.00;5413.00;25.50;83.25;41.25;18.43;24.92;331.19;325.99;664.05
188323;3.23;0.99;127.00;5411.00;25.50;83.25;41.25;18.43;24.82;336.03;330.12;742.18
188989;3.18;1.00;127.00;5412.00;25.50;83.25;42.00;18.04;24.46;334.49;328.05;683.59
189611;3.15;0.99;127.00;5390.00;25.50;83.25;42.00;17.65;24.42;332.46;329.55;800.77
190231;3.11;0.98;127.00;5392.00;25.50;83.25;42.00;17.26;24.16;285.57;300.64;683.59
190849;3.09;0.99;126.00;5369.00;25.50;83.25;42.75;16.86;24.00;280.31;313.22;761.71
191473;3.11;0.99;126.00;5318.00;25.50;83.25;42.00;16.86;24.16;290.98;161.30;781.24
192083;3.03;0.99;125.00;5317.00;25.50;83.25;42.75;16.47;23.65;296.37;138.25;722.65
192623;3.02;1.00;125.00;5289.00;25.50;83.25;43.50;15.69;23.33;311.46;229.03;585.93
193241;2.94;0.97;123.00;5240.00;25.50;83.25;42.75;15.69;23.36;347.17;296.88;664.05
193862;3.49;1.01;123.00;5208.00;25.50;83.25;39.00;19.61;26.40;353.02;342.77;800.77
194488;3.45;0.99;123.00;5194.00;25.50;83.25;39.00;20.00;26.54;332.34;327.85;800.77
195105;3.50;1.01;122.00;5208.00;25.50;83.25;39.00;20.00;26.47;344.67;334.90;761.71
195692;3.38;0.99;122.00;5189.00;25.50;83.25;39.75;19.22;26.00;345.66;341.70;781.24
196310;3.58;1.00;122.00;5155.00;25.50;83.25;38.25;20.39;27.16;324.67;342.09;742.18
197032;3.20;0.96;122.00;5161.00;25.50;83.25;39.75;18.43;25.51;236.82;296.13;468.74
197670;3.63;0.99;121.00;5150.00;25.50;83.25;36.75;21.18;27.92;219.91;222.00;800.77
198293;3.64;1.00;121.00;5150.00;25.50;83.25;36.75;21.18;27.81;240.06;207.19;703.12
199008;3.29;0.97;121.00;5131.00;25.50;83.25;39.75;18.83;25.77;313.46;292.07;156.25
199551;3.50;0.98;121.00;5119.00;25.50;83.25;38.25;20.39;27.22;345.74;339.47;761.71
200172;3.69;1.00;121.00;5139.00;25.50;83.25;36.75;21.18;27.94;337.95;343.88;703.12
200841;3.53;0.97;121.00;5122.00;25.50;83.25;36.75;21.18;27.88;328.73;354.08;683.59
201452;3.63;1.00;121.00;5108.00;25.50;83.25;36.75;20.79;27.72;335.70;347.89;722.65
202117;3.99;1.00;121.00;5093.00;25.50;83.25;34.50;23.92;30.07;311.74;340.84;781.24
202652;4.08;1.02;121.00;5124.00;25.50;83.25;34.50;24.32;30.39;320.06;341.50;703.12
203320;3.68;0.96;121.00;5129.00;25.50;83.25;35.25;23.53;29.59;238.81;222.70;781.24
203940;3.82;0.99;121.00;5155.00;25.50;83.25;35.25;23.14;29.34;193.64;222.15;546.87
204663;3.53;0.94;121.00;5130.00;25.50;83.25;36.75;21.57;28.29;301.95;286.23;761.71
205283;3.48;0.98;121.00;5141.00;25.50;83.25;38.25;20.39;27.09;349.72;326.60;703.12
205903;3.78;1.00;121.00;5140.00;25.50;83.25;36.00;22.75;28.85;355.50;345.54;820.30
206520;3.95;1.01;121.00;5126.00;25.50;83.25;35.25;23.53;29.63;334.94;336.25;664.05
207189;3.71;0.97;121.00;5096.00;25.50;83.25;36.00;22.75;29.06;346.97;343.36;664.05
207806;3.50;0.94;120.00;5100.00;25.50;83.25;36.75;21.18;28.08;343.10;342.79;722.65
208429;3.90;0.99;120.00;5114.00;25.50;83.25;35.25;23.53;29.71;340.45;316.52;703.12
209055;4.05;1.03;120.00;5089.00;25.50;83.25;35.25;23.53;29.96;319.35;248.34;820.30
209589;3.94;1.00;120.00;5118.00;25.50;83.25;34.50;23.92;30.00;174.31;146.61;175.78
210209;4.18;1.01;121.00;5117.00;25.50;83.25;33.75;25.49;31.35;203.29;266.35;800.77
210832;4.19;1.02;121.00;5115.00;25.50;83.25;33.75;25.49;31.24;300.90;331.19;742.18
211496;4.06;1.00;121.00;5107.00;25.50;83.25;33.75;25.10;30.88;326.35;351.36;761.71
212212;3.81;0.98;121.00;5119.00;25.50;83.25;35.25;23.14;29.50;318.85;328.83;742.18
212839;4.15;1.00;121.00;5110.00;25.50;83.25;33.00;26.28;31.77;326.40;339.49;761.71
213456;4.15;1.01;121.00;5109.00;25.50;83.25;33.75;25.49;31.12;311.21;326.60;566.40
214077;3.94;0.98;121.00;5151.00;25.50;83.25;34.50;24.71;30.30;336.17;257.99;605.46
214617;3.99;1.00;121.00;5144.00;25.50;83.25;34.50;24.32;30.35;322.81;143.14;410.15
215282;3.66;0.97;122.00;5157.00;25.50;83.25;36.00;21.96;28.48;205.75;161.40;644.52
215955;3.54;0.95;122.00;5183.00;25.50;83.25;36.75;21.96;28.31;259.12;212.12;722.65
216570;4.01;1.01;122.00;5206.00;25.50;83.25;34.50;24.32;30.13;318.20;272.99;761.71
217189;3.80;0.96;123.00;5236.00;25.50;83.25;35.25;24.32;29.86;335.00;336.89;800.77
217809;3.68;0.98;123.00;5250.00;25.50;83.25;36.00;22.75;28.84;352.13;349.76;742.18
218530;3.86;1.00;123.00;5265.00;25.50;83.25;35.25;23.53;29.31;330.15;347.59;742.18
219168;3.84;0.99;125.00;5262.00;25.50;83.25;36.00;23.53;29.33;344.37;343.67;624.99
219760;3.69;0.96;125.00;5308.00;25.50;83.25;36.75;23.53;29.08;321.60;327.97;761.71
220298;3.66;0.96;125.00;5304.00;25.50;83.25;36.75;23.14;28.67;302.25;248.44;761.71
220908;3.43;0.96;126.00;5321.00;25.50;83.25;39.00;20.79;27.09;237.37;167.43;781.24
221579;2.93;0.93;126.00;5316.00;25.50;83.25;42.75;16.86;24.02;242.84;179.66;722.65
222197;2.82;0.96;126.00;5331.00;25.50;83.25;44.25;14.90;22.71;304.51;179.13;664.05
222814;2.81;0.98;126.00;5338.00;25.50;83.25;45.00;14.12;22.12;324.20;318.16;449.21
223540;2.72;0.96;126.00;5319.00;25.50;83.25;45.00;13.73;21.87;343.67;356.25;722.65
224160;2.79;0.99;126.00;5344.00;25.50;83.25;45.00;13.73;21.84;335.13;347.56;781.24
224743;2.81;0.99;126.00;5328.00;25.50;83.25;45.00;13.73;21.85;240.61;328.30;761.71
225352;2.82;1.00;126.00;5326.00;25.50;83.25;45.00;13.73;21.88;248.93;309.61;683.59
226016;2.86;1.01;126.00;5325.00;25.50;83.25;45.00;13.73;22.00;215.83;311.58;703.12
226627;2.82;0.99;125.00;5337.00;25.50;83.25;45.00;13.73;21.94;205.30;227.25;644.52
227243;2.82;0.99;125.00;5298.00;25.50;83.25;45.00;13.73;22.00;170.15;204.34;742.18
227899;2.90;1.01;125.00;5298.00;25.50;83.25;45.00;14.12;22.07;252.78;249.57;761.71
228520;3.02;1.01;125.00;5290.00;25.50;83.25;43.50;15.30;22.96;335.72;326.89;820.30
229190;3.05;1.00;125.00;5280.00;25.50;83.25;43.50;16.08;23.45;346.31;345.31;781.24
229806;3.02;0.99;125.00;5280.00;25.50;83.25;42.75;16.08;23.52;350.68;331.35;175.78
230419;2.94;0.96;123.00;5268.00;25.50;83.25;43.50;16.08;23.46;330.19;331.89;214.84
231038;3.34;1.00;125.00;5267.00;25.50;83.25;40.50;18.83;25.58;345.23;339.12;820.30
231660;3.24;0.98;125.00;5247.00;25.50;83.25;40.50;18.83;25.44;327.40;318.18;820.30
232321;3.31;1.00;123.00;5272.00;25.50;83.25;41.25;18.83;25.37;284.90;306.82;644.52
232941;3.32;1.00;125.00;5263.00;25.50;83.25;41.25;18.43;25.15;229.54;296.15;761.71
233616;3.28;0.99;125.00;5275.00;25.50;83.25;40.50;18.43;25.14;221.45;324.78;781.24
234234;3.28;1.00;125.00;5280.00;25.50;83.25;41.25;18.43;25.11;324.22;338.73;820.30
234848;3.26;1.00;125.00;5254.00;25.50;83.25;40.50;18.04;25.01;329.35;349.92;742.18
235464;3.18;0.99;123.00;5264.00;25.50;83.25;41.25;17.65;24.66;350.60;352.69;722.65
236087;3.21;0.99;123.00;5220.00;25.50;83.25;41.25;17.65;24.76;322.07;329.16;742.18
236616;3.11;0.97;123.00;5232.00;25.50;83.25;41.25;17.65;24.64;345.08;347.24;683.59
237228;3.18;0.99;123.00;5232.00;25.50;83.25;41.25;17.65;24.64;333.57;310.57;273.43
237841;3.17;0.99;123.00;5212.00;25.50;83.25;41.25;17.26;24.58;314.53;324.10;781.24
238457;3.22;1.01;122.00;5199.00;25.50;83.25;41.25;17.26;24.61;292.09;204.77;742.18
239123;3.20;0.99;122.00;5201.00;25.50;83.25;41.25;17.26;24.69;252.60;207.90;683.59
239654;3.35;0.99;122.00;5187.00;25.50;83.25;39.75;19.22;25.86;317.52;278.99;800.77
240268;3.43;1.01;122.00;5178.00;25.50;83.25;39.75;19.22;26.03;346.95;336.21;703.12
240881;3.43;1.00;122.00;5167.00;25.50;83.25;39.75;19.22;26.09;348.49;353.75;566.40
241493;3.28;0.97;122.00;5173.00;25.50;83.25;39.75;18.83;25.83;336.50;335.02;742.18
242108;3.38;1.00;122.00;5191.00;25.50;83.25;39.75;18.83;25.77;345.11;340.90;507.81
242646;3.29;0.97;122.00;5184.00;25.50;83.25;39.75;18.83;25.80;330.62;343.63;683.59
243268;3.53;1.00;122.00;5164.00;25.50;83.25;39.00;20.00;26.82;324.35;324.84;722.65
243889;3.40;1.00;122.00;5160.00;25.50;83.25;39.75;19.22;26.11;241.45;302.58;410.15
244505;3.30;0.98;122.00;5153.00;25.50;83.25;39.75;18.83;25.68;173.17;223.64;781.24
245121;3.02;0.96;121.00;5144.00;25.50;83.25;41.25;16.86;24.25;174.38;302.95;703.12
245663;2.97;0.97;121.00;5133.00;25.50;83.25;42.00;15.69;23.56;254.42;345.88;722.65
246333;3.17;1.00;121.00;5106.00;25.50;83.25;41.25;16.86;24.36;318.40;336.85;761.71
246954;3.07;0.99;120.00;5110.00;25.50;83.25;42.00;16.08;24.03;343.83;351.44;703.12
247582;3.14;1.03;120.00;5104.00;25.50;83.25;42.00;15.69;23.52;343.36;346.50;761.71
248246;3.49;1.03;120.00;5069.00;25.50;83.25;39.75;18.43;25.81;343.22;348.06;703.12
248913;3.26;0.97;120.00;5115.00;25.50;83.25;39.75;18.43;25.61;324.33;325.10;781.24
249525;4.02;1.01;120.00;5089.00;25.50;83.25;36.75;20.79;27.12;322.34;323.44;566.40
250145;3.85;1.00;120.00;5118.00;25.50;83.25;35.25;22.75;29.24;302.75;254.20;820.30
250742;2.94;0.94;120.00;5099.00;25.50;83.25;41.25;16.47;24.39;250.04;199.58;722.65
251360;2.94;0.99;120.00;5064.00;25.50;83.25;42.75;14.51;23.04;315.96;234.48;683.59
251933;2.97;0.99;118.00;5037.00;25.50;83.25;42.75;14.51;23.17;340.27;327.64;781.24
252549;3.02;1.01;118.00;5020.00;25.50;83.25;42.00;14.90;23.29;348.86;346.31;605.46
253168;3.30;1.02;117.00;5017.00;25.50;83.25;39.75;17.26;25.02;349.26;350.29;781.24
253716;4.10;1.03;118.00;5002.00;25.50;83.25;33.75;23.53;30.07;349.31;351.34;781.24
254386;4.14;1.03;118.00;5056.00;25.50;83.25;34.50;24.32;30.40;347.09;330.17;742.18
255051;4.10;1.01;120.00;5067.00;25.50;83.25;34.50;24.32;30.73;339.67;339.59;820.30
255670;4.03;1.00;120.00;5092.00;25.50;83.25;34.50;24.32;30.46;338.90;314.22;644.52
256290;3.94;0.98;121.00;5143.00;25.50;83.25;34.50;24.32;30.25;248.03;210.71;742.18
256911;3.72;0.96;121.00;5161.00;25.50;83.25;35.25;23.14;29.30;324.30;155.34;781.24
257586;3.54;0.95;121.00;5137.00;25.50;83.25;36.00;21.96;28.54;326.93;302.68;781.24
258200;3.55;0.98;121.00;5140.00;25.50;83.25;36.75;20.79;27.66;352.28;317.93;585.93
258794;3.42;0.97;121.00;5121.00;25.50;83.25;39.00;20.00;26.82;352.65;344.00;761.71
259411;3.63;1.00;121.00;5080.00;25.50;83.25;36.75;20.39;27.63;348.45;326.95;156.25
260030;3.79;0.99;120.00;5119.00;25.50;83.25;36.00;22.75;29.11;333.32;321.05;800.77
260704;3.84;1.00;120.00;5121.00;25.50;83.25;36.00;22.75;29.03;332.77;318.18;664.05
261316;3.68;0.97;121.00;5104.00;25.50;83.25;36.00;22.36;28.97;338.61;308.91;644.52
261940;4.20;1.03;121.00;5124.00;25.50;83.25;33.75;25.10;30.92;230.12;230.53;820.30
262558;3.91;0.97;121.00;5157.00;25.50;83.25;34.50;24.32;30.35;230.32;239.71;761.71
263178;3.94;0.98;122.00;5148.00;25.50;83.25;34.50;24.32;30.36;285.96;309.37;800.77
263712;3.78;0.98;122.00;5164.00;25.50;83.25;36.00;22.75;29.10;346.48;341.46;722.65
264328;3.40;0.92;122.00;5156.00;25.50;83.25;36.75;21.57;28.08;354.92;346.95;722.65
264942;3.38;0.97;121.00;5157.00;25.50;83.25;39.00;19.61;26.59;352.42;332.28;703.12
265615;3.27;0.97;121.00;5156.00;25.50;83.25;39.75;18.83;25.75;310.18;298.24;781.24
266237;3.27;0.97;121.00;5133.00;25.50;83.25;39.75;18.83;25.80;318.03;334.80;371.09
266897;3.26;0.96;121.00;5123.00;25.50;83.25;39.75;18.83;25.78;251.39;325.80;664.05
267559;3.46;1.01;121.00;5098.00;25.50;83.25;39.75;18.83;26.04;198.13;248.07;664.05
268185;3.68;1.01;120.00;5132.00;25.50;83.25;36.75;21.18;27.79;220.71;207.76;761.71
268725;3.67;0.99;121.00;5129.00;25.50;83.25;36.75;21.57;28.18;256.80;273.09;664.05
269393;3.82;0.99;120.00;5077.00;25.50;83.25;36.00;22.36;28.70;321.83;335.43;390.62
270065;3.90;0.99;120.00;5119.00;25.50;83.25;35.25;23.53;29.73;342.91;348.86;781.24
270683;3.84;0.99;121.00;5141.00;25.50;83.25;35.25;22.75;29.30;330.84;348.65;703.12
271317;3.65;0.97;120.00;5117.00;25.50;83.25;36.00;22.36;28.62;351.25;317.50;761.71
271941;3.69;0.97;120.00;5108.00;25.50;83.25;36.00;21.96;28.68;345.35;319.86;624.99
272554;3.70;0.98;121.00;5096.00;25.50;83.25;36.00;21.96;28.71;340.53;334.92;761.71
273219;3.65;0.97;121.00;5101.00;25.50;83.25;36.00;21.96;28.61;306.33;314.41;761.71
273746;3.74;0.99;120.00;5115.00;25.50;83.25;36.00;21.96;28.54;191.39;174.73;742.18
274358;3.79;1.01;120.00;5109.00;25.50;83.25;36.00;21.96;28.48;218.66;179.64;761.71
274971;3.72;0.99;120.00;5078.00;25.50;83.25;36.00;21.96;28.61;303.71;278.87;703.12
275583;3.74;1.00;120.00;5100.00;25.50;83.25;36.00;21.96;28.54;340.68;320.06;468.74
276204;3.65;0.97;120.00;5074.00;25.50;83.25;36.00;21.96;28.64;350.92;329.82;781.24
276737;3.75;1.00;120.00;5091.00;25.50;83.25;36.00;21.96;28.55;311.97;333.79;742.18
277398;3.75;1.00;120.00;5092.00;25.50;83.25;36.00;21.96;28.54;292.75;278.91;722.65
278054;3.64;0.97;121.00;5094.00;25.50;83.25;36.00;21.96;28.52;306.02;311.29;742.18
278720;3.75;0.99;121.00;5106.00;25.50;83.25;36.00;21.96;28.50;318.94;311.89;781.24
279434;3.70;0.98;121.00;5111.00;25.50;83.25;36.00;21.96;28.47;276.33;221.49;585.93
280044;3.69;0.99;121.00;5122.00;25.50;83.25;36.00;21.96;28.45;310.00;270.76;722.65
280749;3.58;0.96;121.00;5130.00;25.50;83.25;36.75;21.57;28.18;307.81;340.54;781.24
281384;3.54;0.96;121.00;5162.00;25.50;83.25;36.75;21.18;27.95;351.05;341.79;781.24
281990;3.57;0.99;122.00;5164.00;25.50;83.25;36.75;20.79;27.58;334.41;332.58;683.59
282662;3.38;0.98;122.00;5181.00;25.50;83.25;39.00;19.61;26.50;350.70;329.16;761.71
283279;3.41;0.99;122.00;5189.00;25.50;83.25;39.00;19.61;26.27;302.40;298.87;624.99
283890;3.31;0.96;122.00;5151.00;25.50;83.25;39.00;19.22;26.24;299.49;325.94;800.77
284558;3.37;0.99;122.00;5160.00;25.50;83.25;39.75;19.22;26.07;334.18;311.80;761.71
285174;3.34;0.99;122.00;5199.00;25.50;83.25;39.75;18.83;25.84;279.36;229.42;703.12
285711;3.24;0.98;122.00;5193.00;25.50;83.25;40.50;18.43;25.22;240.41;248.56;722.65
286337;3.30;1.00;122.00;5206.00;25.50;83.25;40.50;18.43;25.21;276.35;289.92;253.90
287000;3.25;0.98;122.00;5160.00;25.50;83.25;40.50;18.43;25.31;338.71;321.41;761.71
287613;3.27;0.99;122.00;5154.00;25.50;83.25;40.50;18.04;25.21;351.95;316.11;644.52
288279;3.16;0.97;121.00;5174.00;25.50;83.25;40.50;18.04;25.02;327.71;331.89;761.71
288898;3.30;1.01;121.00;5146.00;25.50;83.25;40.50;18.04;24.97;324.59;325.47;781.24
289512;3.28;1.01;121.00;5124.00;25.50;83.25;40.50;18.04;24.99;341.46;341.76;800.77
290121;3.22;0.98;121.00;5131.00;25.50;83.25;40.50;18.04;25.11;341.46;341.46;800.77
290702;3.28;1.00;121.00;5138.00;25.50;83.25;40.50;18.04;25.12;341.46;161.34;722.65
291374;3.33;1.01;121.00;5147.00;25.50;83.25;40.50;18.04;25.11;265.90;183.70;703.12
291984;6.70;1.00;122.00;5168.00;25.50;83.25;21.75;40.40;40.11;202.86;237.52;878.90
292608;7.44;1.00;126.00;5388.00;25.50;83.25;17.25;72.95;48.84;310.92;327.91;703.12
293225;7.55;1.00;128.00;5513.00;25.50;83.25;16.50;94.13;49.85;343.30;328.05;859.36
293764;8.53;1.00;132.00;5662.00;25.50;83.25;16.50;98.44;54.59;344.31;300.37;878.90
294381;8.47;1.00;137.00;5833.00;25.50;83.25;17.25;94.13;54.38;287.66;281.29;878.90
295056;7.48;1.00;140.00;5963.00;25.50;83.25;15.00;84.32;47.71;252.62;262.93;683.59
295681;8.56;1.00;142.00;6098.00;25.50;83.25;17.25;100.01;53.67;332.28;344.35;878.90
296307;8.51;1.00;146.00;6242.00;25.50;83.25;17.25;100.01;53.67;194.26;204.93;878.90
296914;7.50;1.00;150.00;6368.00;25.50;83.25;17.25;90.21;48.50;185.75;173.99;664.05
297579;6.84;0.98;152.00;6468.00;25.50;83.25;18.75;69.81;47.34;301.97;264.55;781.24
298254;2.41;1.00;152.00;6364.00;25.50;83.25;45.00;19.61;24.71;345.17;346.76;839.83
298842;0.52;1.00;146.00;6156.00;25.50;83.25;-30.00;0;0;318.63;325.17;0
299521;0.53;1.00;140.00;5920.00;25.50;83.25;-30.00;0;0;329.55;321.60;0
300132;0.54;1.00;135.00;5711.00;25.50;83.25;-30.00;0;0;246.76;235.38;0
300790;0.55;1.00;130.00;5478.00;25.50;83.25;-30.00;0;0;218.03;205.12;0
301405;0.86;1.00;125.00;5286.00;25.50;83.25;49.50;2.35;6.26;228.34;209.56;878.90
302082;2.67;1.00;122.00;5180.00;25.50;84.00;47.25;10.20;18.94;206.94;194.19;839.83
302723;2.36;0.94;121.00;5136.00;26.25;84.00;46.50;10.20;19.56;180.91;216.70;371.09
303345;2.85;0.97;120.00;5112.00;26.25;83.25;43.50;14.12;22.53;243.40;310.47;761.71
304021;2.80;0.97;120.00;5079.00;26.25;83.25;43.50;13.33;22.33;326.33;327.19;761.71
304630;2.91;0.99;118.00;5038.00;26.25;83.25;43.50;13.73;22.81;337.63;327.28;683.59
305255;3.15;1.01;118.00;5021.00;26.25;83.25;42.00;15.69;24.03;332.67;320.08;800.77
305793;3.48;1.04;118.00;5018.00;26.25;83.25;39.75;18.04;25.73;326.13;333.67;644.52
306418;3.64;0.99;118.00;5028.00;26.25;83.25;36.75;20.39;27.85;339.61;340.92;781.24
307088;3.62;0.99;118.00;5006.00;26.25;83.25;36.75;20.39;27.89;337.32;338.75;800.77
307697;3.60;1.01;118.00;5015.00;26.25;83.25;38.25;20.00;27.30;320.08;303.09;664.05
308366;3.58;1.00;118.00;5026.00;26.25;83.25;38.25;20.00;27.05;312.01;329.26;507.81
308981;3.61;1.00;118.00;5019.00;26.25;83.25;38.25;20.00;27.50;339.37;344.51;820.30
309595;3.63;1.01;118.00;5034.00;26.25;83.25;38.25;20.00;27.32;348.57;357.65;781.24
310212;3.60;1.00;118.00;5033.00;26.25;83.25;38.25;20.00;27.43;323.57;351.95;742.18
310746;3.49;0.97;120.00;5055.00;26.25;83.25;38.25;20.00;27.20;346.19;350.52;800.77
311362;3.29;0.98;120.00;5037.00;26.25;83.25;39.75;18.04;25.74;346.19;330.37;781.24
311982;3.26;1.01;118.00;5073.00;26.25;83.25;41.25;17.26;24.75;321.83;345.64;781.24
312600;3.32;1.01;120.00;5040.00;26.25;83.25;40.50;17.26;25.02;316.35;343.53;449.21
313317;3.55;1.00;120.00;5082.00;25.50;83.25;38.25;20.00;26.94;203.74;299.57;683.59
313946;3.15;0.97;120.00;5087.00;25.50;83.25;40.50;17.65;24.99;165.79;291.91;761.71
314624;3.18;0.98;120.00;5061.00;25.50;83.25;40.50;17.26;24.81;230.63;295.25;781.24
315240;3.21;1.00;120.00;5073.00;25.50;83.25;41.25;17.26;24.75;292.23;343.98;605.46
315825;3.18;0.99;120.00;5061.00;25.50;82.50;41.25;16.86;24.62;341.13;306.37;449.21
316442;3.19;0.99;118.00;5062.00;25.50;82.50;41.25;16.86;24.69;307.30;307.03;761.71
317056;3.44;1.03;118.00;5022.00;25.50;82.50;40.50;17.65;25.34;319.35;306.72;742.18
317691;3.32;0.99;118.00;5028.00;25.50;82.50;39.75;18.04;25.51;323.77;322.23;644.52
318311;3.33;1.01;118.00;5058.00;25.50;82.50;40.50;17.65;25.25;325.64;340.13;683.59
318933;3.40;1.01;118.00;5001.00;25.50;82.50;39.75;17.65;25.50;317.05;303.61;781.24
319602;3.29;1.00;118.00;5027.00;25.50;82.50;39.75;17.65;25.33;241.57;285.33;683.59
320217;3.22;1.01;118.00;5011.00;25.50;82.50;41.25;16.08;24.19;241.57;313.50;683.59
320799;2.98;0.99;117.00;5001.00;25.50;82.50;42.75;14.51;23.30;303.34;349.31;781.24
321421;2.91;0.99;117.00;5008.00;25.50;82.50;43.50;13.73;22.83;347.97;356.07;175.78
322037;2.96;1.00;117.00;4970.00;25.50;82.50;42.00;13.73;22.93;341.66;334.16;761.71
322702;3.02;1.00;117.00;4964.00;25.50;82.50;42.00;14.51;23.32;346.72;332.05;664.05
323313;3.30;1.00;117.00;4988.00;25.50;82.50;39.75;17.26;25.17;328.89;328.42;742.18
323993;3.33;1.01;117.00;4960.00;25.50;82.50;39.75;17.26;25.19;344.84;341.19;605.46
324608;3.30;1.02;117.00;4988.00;25.50;82.50;39.75;16.86;24.98;335.13;336.05;781.24
325224;3.53;1.04;117.00;4994.00;25.50;82.50;39.00;18.04;26.11;317.95;308.38;761.71
325814;3.47;1.02;117.00;4989.00;25.50;82.50;39.75;18.43;26.14;296.76;305.33;527.34
326433;3.30;0.99;117.00;4993.00;25.50;82.50;39.75;17.65;25.45;332.48;342.28;800.77
327047;3.75;0.99;118.00;4998.00;25.50;82.50;36.00;21.18;28.54;347.24;332.01;683.59
327670;3.78;1.01;118.00;5017.00;25.50;82.50;36.00;21.18;28.50;351.52;333.24;761.71
328281;3.72;1.00;118.00;5032.00;25.50;82.50;36.75;21.18;28.34;348.16;352.99;742.18
328823;3.63;0.98;118.00;5030.00;25.50;82.50;36.75;20.79;28.17;349.72;328.44;722.65
329494;3.54;0.96;118.00;5064.00;25.50;82.50;36.75;20.79;27.92;328.26;331.23;761.71
330105;3.94;0.99;120.00;5043.00;25.50;82.50;35.25;23.53;29.86;343.38;327.79;742.18
330782;4.04;1.01;121.00;5096.00;25.50;82.50;34.50;24.32;30.36;311.70;323.75;781.24
331405;3.74;0.97;121.00;5121.00;25.50;82.50;35.25;23.14;29.49;205.53;263.46;800.77
332023;3.63;0.98;121.00;5158.00;25.50;82.50;36.75;21.57;28.08;312.09;212.23;742.18
332643;3.44;0.94;121.00;5155.00;25.50;82.50;36.75;20.79;27.66;341.35;240.08;527.34
333258;3.54;0.97;121.00;5162.00;25.50;82.50;36.75;20.79;27.78;357.91;231.78;722.65
333795;3.46;0.96;122.00;5174.00;25.50;82.50;38.25;20.79;27.48;330.78;316.15;722.65
334411;3.45;0.97;121.00;5157.00;25.50;82.50;38.25;20.39;27.15;351.95;323.16;742.18
335031;3.40;0.95;121.00;5137.00;25.50;82.50;38.25;20.39;27.22;327.71;323.91;742.18
335639;3.48;0.98;121.00;5150.00;25.50;82.50;38.25;20.39;27.07;329.49;326.09;722.65
336252;3.39;0.96;121.00;5154.00;25.50;82.50;38.25;20.00;26.90;310.43;335.64;742.18
336785;3.46;0.99;121.00;5137.00;25.50;82.50;39.00;20.00;26.83;148.55;338.51;722.65
337401;3.48;0.97;121.00;5164.00;25.50;82.50;38.25;20.39;27.28;112.22;339.67;546.87
338074;4.15;1.03;122.00;5192.00;25.50;82.50;34.50;24.71;30.36;119.56;352.56;683.59
338753;3.89;0.96;122.00;5196.00;25.50;82.50;34.50;24.71;30.50;284.96;342.07;664.05
339365;3.84;0.98;122.00;5186.00;25.50;82.50;35.25;23.92;29.87;334.61;352.11;761.71
339983;3.78;0.97;123.00;5197.00;25.50;82.50;35.25;23.53;29.47;336.37;341.11;488.28
340601;3.72;0.96;123.00;5193.00;25.50;82.50;35.25;23.53;29.34;345.70;344.10;703.12
341212;3.77;0.97;123.00;5220.00;25.50;82.50;35.25;23.14;29.31;337.42;338.81;644.52
341797;3.82;0.99;123.00;5214.00;25.50;82.50;35.25;23.53;29.30;322.17;325.43;624.99
342415;3.57;0.96;123.00;5210.00;25.50;82.50;36.75;21.57;28.08;339.47;283.26;742.18
343090;3.59;0.98;122.00;5176.00;25.50;82.50;36.75;21.18;27.88;310.90;201.80;664.05
343713;3.82;0.99;123.00;5200.00;25.50;82.50;36.00;23.14;29.14;316.21;198.99;488.28
344338;3.82;1.00;123.00;5214.00;25.50;82.50;35.25;23.14;29.18;340.90;313.12;742.18
345000;3.55;0.96;123.00;5209.00;25.50;82.50;36.75;21.96;28.21;350.76;345.00;722.65
345620;3.28;0.95;123.00;5217.00;25.50;82.50;39.00;19.61;26.37;332.05;345.49;742.18
346240;3.22;0.95;123.00;5235.00;25.50;83.25;39.75;19.22;25.96;344.02;322.44;703.12
346779;3.30;0.98;122.00;5216.00;25.50;83.25;39.75;18.83;25.64;346.95;338.55;449.21
347400;3.30;0.99;122.00;5193.00;25.50;83.25;39.75;18.83;25.65;342.77;341.07;703.12
348065;3.30;0.99;122.00;5174.00;25.50;83.25;39.75;18.83;25.58;278.07;293.40;820.30
348722;3.29;1.00;121.00;5144.00;25.50;83.25;40.50;18.43;25.40;195.22;212.51;781.24
349344;3.14;0.96;121.00;5150.00;25.50;83.25;40.50;17.65;24.95;193.58;292.09;722.65
350010;3.19;0.98;121.00;5142.00;25.50;83.25;40.50;17.65;24.95;235.53;346.64;722.65
350615;3.02;0.98;121.00;5135.00;25.50;83.25;42.00;16.08;23.80;325.53;347.50;703.12
351246;3.18;1.02;120.00;5109.00;25.50;83.25;42.00;16.08;23.96;342.28;356.13;800.77
351782;3.04;1.00;121.00;5099.00;25.50;83.25;42.75;15.30;23.46;350.33;338.61;664.05
352412;3.03;0.99;120.00;5058.00;25.50;83.25;42.00;15.30;23.62;327.87;326.85;722.65
353084;3.24;1.00;118.00;5054.00;25.50;83.25;41.25;16.86;24.65;312.23;345.78;800.77
353706;3.38;1.01;118.00;5059.00;25.50;83.25;39.75;18.04;25.70;337.03;324.80;761.71
354378;3.30;0.99;118.00;5032.00;25.50;83.25;40.50;17.65;25.38;284.10;221.16;410.15
354997;3.26;0.99;118.00;5001.00;25.50;83.25;40.50;17.65;25.45;308.42;213.33;781.24
355603;3.62;1.01;118.00;5036.00;25.50;83.25;37.50;20.00;27.30;342.99;256.14;644.52
356223;3.53;0.99;118.00;5004.00;25.50;83.25;38.25;19.61;27.25;318.26;329.45;703.12
356761;3.63;1.02;118.00;5006.00;25.50;83.25;37.50;19.61;27.23;317.32;344.65;644.52
357382;3.98;1.02;118.00;5016.00;25.50;82.50;35.25;22.75;29.47;329.31;348.71;683.59
358055;3.84;0.99;118.00;5034.00;25.50;82.50;34.50;22.75;29.37;346.50;335.06;800.77
358723;3.79;0.99;118.00;5042.00;25.50;82.50;36.00;21.96;29.04;309.80;341.09;566.40
359337;3.72;0.97;120.00;5019.00;25.50;82.50;36.00;21.57;28.87;319.06;340.41;722.65
359927;3.64;0.98;120.00;5091.00;25.50;82.50;36.75;21.18;28.28;308.18;312.09;800.77
360545;3.42;0.95;120.00;5047.00;25.50;82.50;38.25;20.00;27.52;250.06;264.73;722.65
361165;3.54;0.98;120.00;5072.00;25.50;82.50;38.25;20.39;27.37;241.63;314.12;761.71
361833;3.57;1.00;120.00;5080.00;25.50;82.50;38.25;20.00;27.18;308.57;343.71;781.24
362505;3.54;1.00;120.00;5083.00;25.50;82.50;38.25;20.00;27.09;341.36;351.58;781.24
363163;3.42;0.99;120.00;5086.00;25.50;82.50;39.00;19.22;26.42;348.79;349.00;761.71
363782;3.38;0.97;120.00;5073.00;25.50;82.50;39.00;19.22;26.47;346.97;348.12;800.77
364394;3.33;0.98;120.00;5110.00;25.50;82.50;39.75;18.83;25.98;345.04;343.16;800.77
365008;3.32;0.97;120.00;5090.00;25.50;82.50;39.75;18.83;26.06;344.88;342.85;781.24
365620;3.38;0.99;121.00;5090.00;25.50;82.50;39.75;18.83;26.06;310.96;319.06;605.46
366228;3.30;0.97;121.00;5097.00;25.50;82.50;39.75;18.83;26.01;225.36;246.86;781.24
366838;3.28;0.97;121.00;5099.00;25.50;82.50;39.75;18.43;25.65;201.82;275.33;761.71
367502;3.34;1.01;121.00;5135.00;25.50;82.50;40.50;18.43;25.44;240.18;280.59;742.18
368121;3.32;1.00;121.00;5099.00;25.50;82.50;40.50;18.04;25.42;322.73;341.13;820.30
368735;3.24;0.99;121.00;5103.00;25.50;82.50;40.50;17.65;25.02;349.47;347.48;781.24
369352;3.14;0.98;120.00;5082.00;25.50;82.50;40.50;17.26;24.89;329.20;331.11;703.12
369940;3.26;1.00;120.00;5059.00;25.50;82.50;40.50;17.26;24.84;338.73;334.61;742.18
370552;3.21;0.99;120.00;5060.00;25.50;82.50;40.50;17.26;24.92;343.51;324.43;761.71
371161;3.24;1.00;120.00;5050.00;25.50;82.50;40.50;17.26;24.87;340.43;337.71;488.28
371781;3.23;1.00;118.00;5056.00;25.50;82.50;40.50;17.26;24.82;337.46;281.19;761.71
372452;3.53;1.01;118.00;5025.00;25.50;82.50;39.00;18.83;26.27;287.29;286.76;527.34
373070;3.78;1.03;120.00;5069.00;25.50;82.50;36.75;20.79;28.01;334.96;339.94;722.65
373745;3.54;0.97;120.00;5053.00;25.50;82.50;36.75;20.39;27.75;351.50;330.21;703.12
374362;3.50;0.98;120.00;5054.00;25.50;82.50;38.25;20.00;27.32;356.36;343.32;800.77
374902;3.43;0.98;120.00;5049.00;25.50;82.50;39.00;19.61;26.61;355.60;331.19;664.05
375518;3.39;0.98;120.00;5075.00;25.50;82.50;39.00;19.22;26.40;349.67;346.36;761.71
376130;3.42;0.99;120.00;5064.00;25.50;82.50;39.00;19.22;26.53;329.24;345.66;722.65
376802;3.34;0.97;120.00;5058.00;25.50;82.50;39.00;19.22;26.26;341.85;341.66;800.77
377464;3.36;0.97;120.00;5043.00;25.50;82.50;39.00;19.22;26.52;339.39;339.37;722.65
378123;3.38;0.98;118.00;5058.00;25.50;82.50;39.00;19.22;26.37;273.05;263.48;683.59
378787;3.33;0.97;120.00;5038.00;25.50;82.50;39.00;18.83;26.31;250.39;289.42;761.71
379457;3.27;0.99;118.00;5057.00;25.50;82.50;40.50;18.04;25.37;313.07;347.03;781.24
380082;3.36;1.01;118.00;5013.00;25.50;82.50;40.50;17.65;25.44;325.72;355.78;546.87
380746;3.24;0.98;118.00;5028.00;25.50;82.50;40.50;17.65;25.33;349.35;353.69;722.65
381365;3.30;0.99;117.00;4971.00;25.50;82.50;39.75;17.65;25.65;349.29;345.21;761.71
381906;3.29;0.99;118.00;5002.00;25.50;82.50;39.00;17.65;25.50;286.15;340.04;742.18
382524;3.35;1.01;117.00;5007.00;25.50;82.50;40.50;17.65;25.47;216.12;337.40;683.59
383145;3.25;0.98;118.00;4994.00;25.50;82.50;39.75;17.65;25.55;162.59;317.54;703.12
383763;3.90;1.02;117.00;4979.00;25.50;82.50;36.00;21.57;28.82;116.28;208.76;800.77
384437;3.58;0.97;118.00;5056.00;25.50;82.50;36.75;21.18;28.28;143.92;237.52;703.12
385060;3.72;0.99;118.00;5014.00;25.50;82.50;36.00;20.79;28.44;256.94;275.71;703.12
385678;3.82;0.96;118.00;5052.00;25.50;82.50;35.25;22.75;29.50;328.79;334.61;97.66
386302;4.13;1.04;120.00;5044.00;25.50;82.50;34.50;23.53;30.06;298.01;348.75;761.71
386855;3.85;0.98;120.00;5085.00;25.50;82.50;35.25;23.14;29.31;335.15;350.76;488.28
387527;3.54;0.96;120.00;5082.00;25.50;82.50;36.75;21.18;28.05;315.53;346.60;781.24
388146;3.59;0.99;120.00;5087.00;25.50;82.50;36.75;20.79;27.79;341.95;343.08;722.65
388762;3.54;0.98;120.00;5088.00;25.50;82.50;36.75;20.39;27.56;318.40;340.08;761.71
389377;3.48;0.98;121.00;5164.00;25.50;82.50;38.25;20.39;27.16;305.35;338.96;683.59
389914;3.86;1.00;120.00;5097.00;25.50;82.50;36.00;21.57;28.19;228.54;233.99;156.25
390537;3.74;0.98;121.00;5140.00;25.50;82.50;36.00;22.75;29.07;233.05;249.52;820.30
391213;3.78;1.00;121.00;5127.00;25.50;82.50;36.00;22.36;28.70;318.07;325.31;781.24
391830;3.37;0.96;121.00;5114.00;25.50;82.50;39.00;20.00;26.69;338.61;355.25;703.12
392448;3.34;0.98;121.00;5130.00;25.50;82.50;39.75;19.22;26.16;348.32;333.36;800.77
393068;3.13;0.98;121.00;5138.00;25.50;82.50;40.50;17.65;24.81;347.52;347.28;214.84
393733;3.10;0.97;120.00;5090.00;25.50;82.50;41.25;16.86;24.48;340.15;343.77;703.12
394356;3.24;1.01;120.00;5082.00;25.50;82.50;41.25;16.86;24.59;324.02;325.31;351.56
394886;3.22;0.99;118.00;5022.00;25.50;82.50;40.50;16.86;24.88;337.95;339.33;722.65
395514;3.24;1.01;118.00;5034.00;25.50;82.50;41.25;16.47;24.55;260.76;284.75;703.12
396134;3.89;1.00;118.00;5036.00;25.50;82.50;36.00;21.96;28.90;314.51;321.33;781.24
396809;4.32;1.03;117.00;4997.00;25.50;82.50;33.00;25.10;31.62;344.45;343.01;781.24
397426;3.92;0.99;118.00;5028.00;25.50;82.50;34.50;23.53;29.86;347.46;352.38;800.77
398101;3.69;0.96;118.00;5013.00;25.50;83.25;36.00;21.96;28.97;350.82;332.85;703.12
398724;3.67;1.00;116.00;4946.00;25.50;83.25;36.75;20.39;28.15;352.81;349.41;703.12
399348;3.43;0.96;117.00;4973.00;25.50;83.25;38.25;19.61;27.18;345.80;317.93;156.25
399888;3.49;0.97;117.00;4935.00;25.50;83.25;37.50;19.61;27.46;309.98;282.01;742.18
400511;3.42;1.00;116.00;4939.00;25.50;83.25;38.25;18.04;26.26;328.59;241.98;683.59
401138;2.73;0.96;115.00;4899.00;25.50;83.25;43.50;11.77;22.11;315.64;206.55;781.24
401817;2.53;0.95;115.00;4864.00;25.50;83.25;44.25;10.59;20.85;341.72;196.51;527.34
402436;3.19;1.00;113.00;4825.00;25.50;83.25;40.50;14.90;24.32;330.21;260.35;820.30
403060;3.46;1.02;113.00;4838.00;25.50;83.25;39.00;17.26;26.00;357.38;325.43;820.30
403675;3.03;0.99;113.00;4817.00;25.50;83.25;41.25;14.51;23.88;355.47;341.36;332.03
404301;3.21;1.02;113.00;4826.00;25.50;83.25;40.50;14.90;24.19;346.68;352.93;761.71
404839;2.98;1.00;113.00;4788.00;25.50;83.25;42.00;12.94;23.20;291.91;287.23;781.24
405515;2.17;0.89;112.00;4768.00;25.50;83.25;46.50;8.63;19.10;298.34;135.05;78.12
406136;2.27;0.96;111.00;4734.00;25.50;83.25;45.75;8.63;18.70;186.90;192.21;429.68
406764;1.58;0.99;110.00;4679.00;25.50;83.25;48.00;5.88;12.69;192.14;147.94;839.83
407387;1.60;0.96;108.00;4640.00;25.50;83.25;48.00;5.88;13.21;182.68;133.35;820.30
407921;1.60;0.93;106.00;4494.00;25.50;83.25;48.00;5.88;13.65;244.83;230.90;644.52
408584;1.69;0.93;105.00;4434.00;25.50;83.25;47.25;5.88;14.40;270.39;272.97;58.59
409201;1.71;0.96;102.00;4390.00;25.50;83.25;47.25;6.28;14.15;328.36;323.59;605.46
409887;1.15;0.95;101.00;4285.00;25.50;83.25;47.25;3.53;9.65;334.98;324.28;878.90
410510;0.98;0.93;98.00;4164.00;25.50;83.25;46.50;2.75;8.30;290.08;315.16;878.90
411191;1.87;0.90;96.00;4086.00;25.50;83.25;45.00;6.28;16.12;287.11;294.06;507.81
411829;2.59;0.94;95.00;4034.00;25.50;83.25;40.50;9.81;21.65;281.29;226.76;390.62
412453;3.28;0.99;96.00;4068.00;25.50;83.25;36.75;13.33;25.78;259.38;204.38;820.30
413082;3.31;0.99;96.00;4076.00;25.50;83.25;36.75;13.73;26.14;209.50;192.72;781.24
413694;3.31;1.01;96.00;4064.00;25.50;83.25;37.50;12.94;25.50;265.71;229.17;683.59
414365;2.77;1.00;96.00;4062.00;25.50;83.25;39.75;10.20;22.64;284.65;300.57;800.77
414960;2.50;0.91;95.00;4058.00;25.50;83.25;41.25;9.41;21.52;312.68;306.66;136.72
415586;3.42;1.00;95.00;4036.00;25.50;83.25;37.50;13.33;25.48;280.70;333.61;781.24
416281;2.45;0.98;95.00;4027.00;25.50;83.25;42.00;8.63;20.47;299.36;302.77;859.36
416882;2.08;0.96;93.00;3991.00;25.50;83.25;44.25;6.67;17.23;294.02;346.81;839.83
417505;2.66;0.89;93.00;3986.00;25.50;83.25;38.25;10.98;23.29;271.10;351.38;39.06
418181;2.33;1.00;92.00;3946.00;25.50;83.25;42.75;7.45;18.57;195.59;258.32;839.83
418812;3.31;1.00;92.00;3918.00;25.50;83.25;37.50;11.77;24.49;193.35;192.51;820.30
419435;2.47;0.92;92.00;3904.00;25.50;83.25;40.50;9.02;21.32;206.92;242.78;273.43
420111;3.22;0.99;92.00;3931.00;25.50;83.25;36.75;12.55;25.17;247.21;296.58;703.12
420738;3.62;1.05;93.00;3996.00;25.50;83.25;35.25;14.90;26.86;239.57;323.22;722.65
421413;3.33;1.02;95.00;4010.00;25.50;83.25;37.50;13.33;25.60;307.83;350.74;820.30
421956;2.78;0.97;95.00;4006.00;25.50;83.25;39.75;10.20;22.50;346.79;361.11;761.71
422575;2.60;0.95;95.00;4053.00;25.50;83.25;40.50;9.81;21.59;150.73;361.32;722.65
423194;2.59;0.95;95.00;4020.00;25.50;83.25;41.25;9.41;21.54;258.28;203.23;449.21
423860;3.36;1.00;96.00;4047.00;25.50;83.25;36.75;13.33;25.94;199.48;271.15;761.71
424499;2.86;0.98;96.00;4079.00;25.50;83.25;39.75;10.98;23.10;213.13;171.45;781.24
425120;4.89;1.01;97.00;4145.00;25.50;83.25;31.50;18.04;31.05;201.04;208.91;820.30
425743;5.31;1.00;100.00;4249.00;25.50;83.25;24.75;25.89;37.73;296.25;262.60;58.59
426424;5.39;1.08;102.00;4292.00;25.50;83.25;25.50;25.89;37.31;329.20;323.75;781.24
426969;5.02;1.04;103.00;4434.00;25.50;83.25;27.00;25.89;36.35;332.09;341.64;742.18
427556;4.56;1.01;106.00;4524.00;25.50;83.25;28.50;24.32;34.12;349.24;344.86;156.25
428178;4.38;0.97;107.00;4560.00;25.50;83.25;30.00;24.32;33.76;314.24;346.76;253.90
428800;4.39;1.01;110.00;4657.00;25.50;83.25;30.75;24.32;33.14;320.98;346.19;761.71
429431;4.02;0.98;112.00;4800.00;25.50;84.00;33.00;23.14;31.05;341.52;324.74;722.65
430030;3.70;0.98;113.00;4807.00;25.50;84.00;35.25;20.00;28.64;339.14;334.33;390.62
430648;3.68;0.99;113.00;4830.00;25.50;84.00;35.25;20.00;28.38;287.23;338.67;175.78
431260;3.61;0.97;115.00;4880.00;25.50;84.00;36.00;20.00;28.14;303.89;343.04;781.24
431878;3.66;1.00;116.00;4931.00;25.50;84.00;36.00;20.00;27.83;335.19;350.66;722.65
432545;3.57;0.98;117.00;4999.00;25.50;84.00;36.75;20.39;27.71;330.70;338.87;800.77
433167;3.54;0.98;118.00;5020.00;25.50;84.00;36.75;20.39;27.59;331.85;353.34;722.65
433784;2.82;0.96;120.00;5075.00;25.50;84.00;43.50;14.12;22.73;340.78;349.24;664.05
434417;2.54;0.91;120.00;5060.00;25.50;84.00;45.00;11.77;21.52;327.13;345.86;781.24
434981;2.14;0.91;120.00;5065.00;25.50;84.00;47.25;9.02;18.36;339.82;340.58;117.19
435596;2.18;0.93;118.00;5061.00;25.50;84.00;47.25;9.02;18.36;337.52;340.41;175.78
436207;2.17;0.92;118.00;5023.00;25.50;84.00;47.25;9.02;18.34;309.26;303.54;644.52
436818;2.16;0.93;118.00;5036.00;25.50;84.00;48.00;9.02;18.24;249.83;327.48;624.99
437433;2.21;0.94;117.00;4999.00;25.50;84.00;47.25;9.02;18.41;279.49;346.76;527.34
438022;2.36;0.94;117.00;4962.00;25.50;83.25;46.50;9.81;19.14;338.49;355.82;78.12
438697;2.97;1.01;117.00;4991.00;25.50;83.25;43.50;13.33;22.68;332.38;333.36;859.36
439388;2.51;0.98;117.00;4981.00;25.50;83.25;45.75;10.20;19.97;349.18;327.34;761.71
439927;2.24;0.91;117.00;4983.00;25.50;83.25;45.75;9.81;19.21;348.18;331.99;136.72
440593;2.82;0.99;117.00;4965.00;25.50;83.25;43.50;12.16;21.91;290.67;314.59;800.77
441218;2.78;0.99;118.00;5013.00;25.50;83.25;43.50;12.16;21.84;311.56;304.12;820.30
441830;2.70;0.97;118.00;5005.00;25.50;83.25;44.25;11.77;21.72;269.98;314.59;820.30
442445;2.58;0.96;118.00;5027.00;25.50;83.25;45.00;11.37;20.83;182.35;325.02;703.12
442983;2.94;1.00;118.00;5060.00;25.50;83.25;43.50;14.12;22.68;233.99;312.81;800.77
443611;2.81;0.97;118.00;5078.00;25.50;83.25;43.50;13.73;22.41;318.36;335.90;761.71
444229;2.82;0.99;120.00;5056.00;25.50;83.25;44.25;12.94;22.14;342.50;345.80;800.77
444853;2.68;0.96;120.00;5062.00;25.50;83.25;44.25;12.55;21.78;345.97;328.42;410.15
445468;2.70;0.96;120.00;5067.00;25.50;83.25;44.25;12.16;21.75;346.89;340.25;624.99
446128;2.70;0.96;120.00;5057.00;25.50;83.25;44.25;12.16;21.72;343.85;327.28;136.72
446784;2.67;0.97;120.00;5055.00;25.50;83.25;45.00;11.77;21.39;322.19;324.33;781.24
447405;2.59;0.95;120.00;5053.00;25.50;83.25;45.00;11.37;21.12;309.08;321.41;820.30
447939;2.60;0.95;120.00;5043.00;25.50;83.25;45.00;11.37;21.16;262.29;305.74;800.77
448553;2.54;0.95;118.00;5051.00;25.50;83.25;45.75;11.37;20.77;334.69;329.53;175.78
449168;2.42;0.95;118.00;5016.00;25.50;83.25;46.50;10.20;19.83;352.07;348.84;761.71
449786;2.39;0.94;117.00;5003.00;25.50;83.25;46.50;10.20;19.89;360.72;357.63;78.12
450452;2.47;0.99;117.00;5011.00;25.50;83.25;45.75;10.20;19.57;353.61;351.62;878.90
450993;1.66;0.99;115.00;5048.00;25.50;82.50;49.50;6.28;12.99;351.19;334.78;859.36
451617;2.28;0.92;115.00;4863.00;25.50;82.50;45.75;9.41;19.41;331.31;347.28;78.12
452235;2.91;1.02;115.00;4886.00;25.50;82.50;42.75;12.16;22.28;346.52;342.91;761.71
452881;2.84;0.98;115.00;4887.00;25.50;82.50;42.75;12.55;22.48;342.91;342.01;234.37
453551;2.94;1.00;116.00;4883.00;25.50;82.50;42.75;12.94;22.74;335.97;334.82;839.83
454170;1.69;0.93;115.00;4862.00;25.50;82.50;48.00;7.45;15.99;247.35;259.40;195.31
454790;1.14;0.95;112.00;4689.00;25.50;82.50;48.75;3.92;9.54;297.15;294.28;898.43
455464;1.54;0.93;111.00;4702.00;25.50;82.50;48.00;5.88;12.87;341.78;344.06;97.66
456015;1.51;0.95;108.00;4650.00;25.50;82.50;48.00;5.49;12.49;349.24;353.34;195.31
456641;2.05;0.98;108.00;4597.00;25.50;82.50;47.25;7.45;16.66;351.21;336.54;859.36
457264;2.45;0.95;108.00;4575.00;25.50;82.50;44.25;9.02;20.20;347.18;345.39;175.78
457891;2.75;0.99;108.00;4584.00;25.50;82.50;43.50;10.20;21.41;346.62;342.34;800.77
458520;3.01;1.00;108.00;4601.00;25.50;82.50;41.25;12.16;23.37;240.16;322.03;156.25
459142;3.69;1.01;110.00;4632.00;25.50;82.50;36.00;18.04;27.99;145.73;244.03;722.65
459766;3.74;1.03;111.00;4661.00;25.50;82.50;36.00;18.04;27.78;142.14;181.55;605.46
460380;3.55;1.00;111.00;4689.00;25.50;82.50;37.50;17.65;27.28;161.71;222.13;605.46
460915;3.53;1.02;111.00;4761.00;25.50;82.50;38.25;17.26;26.53;263.21;280.80;761.71
461534;3.45;1.02;112.00;4787.00;25.50;82.50;39.00;16.86;26.01;312.99;332.28;722.65
462154;3.11;1.00;113.00;4810.00;25.50;82.50;41.25;14.12;23.86;354.78;320.68;722.65
462781;2.66;0.95;113.00;4790.00;25.50;82.50;43.50;11.37;21.77;341.64;244.40;156.25
463401;2.66;0.97;112.00;4791.00;25.50;82.50;44.25;10.59;21.29;341.89;130.73;839.83
463945;2.05;0.95;112.00;4771.00;25.50;82.50;47.25;7.84;17.36;233.97;206.78;195.31
464616;2.22;0.94;111.00;4725.00;25.50;82.50;47.25;7.84;16.16;198.52;219.54;839.83
465300;2.49;0.94;111.00;4713.00;25.50;82.50;44.25;10.20;20.77;187.53;191.84;175.78
465923;2.69;0.98;111.00;4720.00;25.50;82.50;43.50;10.59;20.90;212.84;195.91;781.24
466594;4.28;1.00;111.00;4750.00;25.50;82.50;33.75;21.18;30.02;285.04;270.55;214.84
467222;5.18;1.00;113.00;4804.00;25.50;82.50;24.75;32.16;37.69;325.60;332.24;78.12
467844;5.22;1.06;116.00;4893.00;25.50;82.50;26.25;30.98;36.31;338.87;311.19;624.99
468473;4.95;1.05;117.00;4968.00;25.50;82.50;28.50;29.81;35.22;339.43;311.46;195.31
469015;6.06;0.99;118.00;5058.00;25.50;82.50;20.25;42.75;42.65;345.68;336.46;136.72
469687;2.42;1.00;120.00;5063.00;25.50;82.50;45.75;10.98;20.77;345.93;321.42;859.36
470311;0.98;1.00;117.00;4944.00;25.50;82.50;48.75;3.53;7.85;324.37;322.01;878.90
470932;2.80;0.97;116.00;4895.00;25.50;82.50;43.50;12.16;22.21;296.90;306.91;703.12
471569;2.54;0.97;115.00;4895.00;25.50;82.50;45.00;10.59;20.60;236.94;330.17;781.24
472196;2.26;0.91;113.00;4801.00;25.50;82.50;45.75;9.02;19.50;292.05;346.19;156.25
472820;1.84;1.00;112.00;4725.00;25.50;82.50;48.00;6.67;14.65;341.64;357.01;878.90
473497;2.20;0.97;110.00;4645.00;25.50;82.50;47.25;7.45;16.19;352.20;354.02;859.36
474039;2.98;0.97;108.00;4624.00;25.50;82.50;41.25;12.55;23.76;342.22;353.10;136.72
474664;3.68;1.04;108.00;4599.00;25.50;82.50;37.50;16.86;27.22;339.92;326.68;800.77
475283;3.36;1.03;108.00;4592.00;25.50;82.50;39.00;14.90;25.67;344.06;341.25;800.77
475898;2.33;0.98;108.00;4594.00;25.50;82.50;44.25;9.02;21.28;342.26;339.86;820.30
476568;3.66;1.00;107.00;4585.00;25.50;82.50;38.25;16.08;26.44;290.67;340.02;703.12
477256;3.84;1.00;108.00;4601.00;25.50;82.50;34.50;19.61;29.47;298.59;337.30;527.34
477926;5.20;1.03;111.00;4675.00;25.50;82.50;25.50;29.81;37.30;320.35;350.33;820.30
478552;5.30;1.04;113.00;4825.00;25.50;82.50;24.75;32.55;37.43;354.61;335.72;742.18
479175;4.72;1.00;115.00;4870.00;25.50;82.50;28.50;29.02;35.40;340.70;350.52;742.18
479845;4.67;1.03;116.00;4905.00;25.50;82.50;29.25;27.45;34.13;332.81;352.52;839.83
480469;3.70;0.95;116.00;4906.00;25.50;82.50;34.50;21.96;29.59;349.31;348.96;761.71
481009;3.79;1.00;117.00;4963.00;25.50;82.50;35.25;21.18;28.85;347.69;343.34;722.65
481691;3.75;1.00;117.00;4975.00;25.50;82.50;35.25;21.18;28.70;344.96;339.04;781.24
482301;3.74;1.00;117.00;4980.00;25.50;82.50;35.25;20.79;28.51;320.08;323.12;839.83
482913;3.27;0.94;117.00;5021.00;25.50;82.50;39.00;19.22;26.53;290.41;267.70;175.78
483531;3.41;0.98;118.00;4992.00;25.50;82.50;39.00;18.83;26.67;317.36;314.69;800.77
484152;3.50;1.02;118.00;5029.00;25.50;82.50;39.00;18.83;26.33;305.63;333.14;781.24
484814;3.45;1.00;118.00;5003.00;25.50;82.50;39.00;18.83;26.39;349.98;350.27;781.24
485474;3.34;1.00;118.00;5026.00;25.50;82.50;39.75;18.04;25.42;354.47;345.80;722.65
486007;3.22;0.97;120.00;5038.00;25.50;82.50;39.75;18.04;25.45;349.27;349.35;761.71
486631;3.24;1.01;118.00;5032.00;25.50;82.50;41.25;16.86;24.64;329.96;329.06;253.90
487306;3.14;0.98;118.00;5021.00;25.50;83.25;41.25;16.47;24.49;276.08;330.29;742.18
487924;3.19;1.00;118.00;5013.00;25.50;83.25;41.25;16.47;24.54;324.14;237.86;820.30
488538;3.21;1.01;118.00;5017.00;25.50;83.25;41.25;16.47;24.52;224.17;175.01;292.97
489148;3.14;0.98;118.00;5013.00;25.50;83.25;41.25;16.47;24.65;206.76;143.78;722.65
489760;3.19;1.00;118.00;5039.00;25.50;83.25;41.25;16.86;24.61;245.24;207.94;800.77
490377;3.22;1.01;118.00;5038.00;25.50;83.25;41.25;16.47;24.41;314.16;290.94;683.59
490912;3.07;1.02;118.00;5018.00;25.50;83.25;42.75;14.90;23.30;342.01;334.45;800.77
491536;2.98;1.00;118.00;5022.00;25.50;83.25;42.75;14.51;23.09;331.48;346.60;722.65
492206;2.98;0.99;118.00;4987.00;25.50;83.25;42.75;14.51;23.20;348.43;334.65;781.24
492867;3.02;1.01;117.00;4998.00;25.50;82.50;42.00;14.51;23.16;349.14;313.67;703.12
493490;2.95;0.98;117.00;4983.00;25.50;82.50;42.00;14.51;23.23;339.10;283.50;624.99
494022;3.37;1.04;117.00;4965.00;25.50;82.50;39.75;16.86;24.97;322.25;324.14;742.18
494653;3.27;1.01;117.00;4978.00;25.50;82.50;39.75;16.86;24.82;317.40;315.19;234.37
495264;3.06;0.98;117.00;4961.00;25.50;82.50;41.25;15.30;24.00;296.56;325.68;507.81
495939;3.07;0.99;116.00;4941.00;25.50;82.50;41.25;15.30;23.90;308.52;323.20;722.65
496557;3.16;1.02;116.00;4964.00;25.50;82.50;41.25;15.30;23.79;329.59;351.19;449.21
497173;3.10;1.00;116.00;4914.00;25.50;82.50;41.25;14.90;24.03;307.42;333.18;722.65
497840;3.17;1.02;116.00;4902.00;25.50;82.50;41.25;14.90;23.85;311.11;327.79;800.77
498502;3.67;0.99;116.00;4904.00;25.50;82.50;36.00;20.00;28.04;315.10;345.08;644.52
499039;3.59;0.99;116.00;4952.00;25.50;82.50;36.00;20.00;27.72;245.98;344.61;781.24
499713;3.70;1.02;117.00;4955.00;25.50;82.50;36.00;20.00;27.72;226.08;338.36;722.65
500324;3.50;0.98;117.00;4961.00;25.50;82.50;37.50;19.61;27.09;221.47;234.95;410.15
500950;3.46;1.00;116.00;4955.00;25.50;82.50;38.25;18.83;26.61;221.49;227.11;761.71
501574;3.50;1.00;117.00;5006.00;25.50;82.50;38.25;19.22;26.64;271.68;282.99;781.24
502195;3.40;0.99;117.00;4980.00;25.50;82.50;38.25;18.83;26.52;338.38;335.62;800.77
502811;3.86;1.00;117.00;4970.00;25.50;82.50;34.50;21.96;29.31;348.30;348.40;820.30
503430;3.82;0.97;117.00;4941.00;25.50;82.50;34.50;22.36;29.77;347.48;334.37;761.71
503964;3.89;1.00;117.00;5014.00;25.50;82.50;34.50;22.36;29.33;345.04;347.30;761.71
504575;3.45;0.95;117.00;4997.00;25.50;82.50;38.25;20.00;27.52;323.03;323.81;214.84
505196;3.42;0.96;117.00;5049.00;25.50;82.50;38.25;19.61;27.00;307.66;320.45;703.12
505868;3.55;0.99;118.00;5021.00;25.50;82.50;38.25;20.00;27.23;318.24;320.90;683.59
506489;3.58;1.00;118.00;4998.00;25.50;82.50;37.50;20.00;27.39;321.07;321.03;722.65
507023;3.42;1.00;118.00;4992.00;25.50;82.50;38.25;18.83;26.20;289.45;294.41;722.65
507637;3.34;0.97;118.00;5011.00;25.50;82.50;38.25;18.83;26.26;257.01;309.12;781.24
508300;3.50;1.01;117.00;4967.00;25.50;82.50;39.00;18.43;26.50;256.00;346.72;683.59
508922;3.39;1.00;117.00;4966.00;25.50;82.50;39.00;18.04;26.03;326.21;334.57;703.12
509589;3.37;0.98;117.00;4942.00;25.50;82.50;38.25;18.04;26.23;324.06;331.83;761.71
510213;3.50;1.02;116.00;4940.00;25.50;82.50;38.25;18.04;26.24;349.59;344.70;703.12
510833;3.37;0.99;116.00;4914.00;25.50;82.50;38.25;18.04;26.18;343.98;340.78;722.65
511445;3.46;1.02;116.00;4916.00;25.50;82.50;39.00;17.65;26.06;310.92;322.66;742.18
511981;3.38;1.01;116.00;4904.00;25.50;82.50;39.00;17.26;25.75;175.75;208.66;664.05
512596;3.42;1.01;115.00;4826.00;25.50;82.50;39.00;16.86;25.93;149.33;198.50;781.24
513209;3.34;0.99;113.00;4813.00;25.50;82.50;39.00;16.86;26.00;264.83;249.71;585.93
513875;1.80;1.00;112.00;4839.00;25.50;82.50;48.75;6.67;14.69;330.04;329.65;878.90
514514;3.88;1.00;112.00;4763.00;25.50;82.50;36.00;19.61;28.21;350.45;345.41;605.46
515065;4.36;1.05;112.00;4804.00;25.50;82.50;33.00;23.53;31.31;334.61;348.38;566.40
515685;3.94;1.00;113.00;4799.00;25.50;82.50;33.75;21.57;30.20;247.04;359.80;683.59
516309;3.67;0.99;115.00;4847.00;25.50;82.50;36.00;20.00;28.32;160.17;258.97;703.12
516935;3.64;0.98;115.00;4817.00;25.50;82.50;36.00;19.22;27.89;155.19;187.64;722.65
517550;3.22;0.97;115.00;4878.00;25.50;82.50;39.00;16.86;25.50;161.77;155.99;781.24
518219;3.38;1.00;115.00;4874.00;25.50;82.50;39.00;17.26;25.91;146.49;138.14;664.05
518835;3.22;0.97;115.00;4890.00;25.50;82.50;39.75;16.86;25.31;211.49;182.23;703.12
519506;3.33;1.02;115.00;4896.00;25.50;82.50;39.75;16.47;25.12;303.26;241.74;800.77
520046;3.34;1.02;115.00;4912.00;25.50;82.50;39.75;16.47;25.08;309.53;323.24;722.65
520656;3.34;1.03;116.00;4930.00;25.50;82.50;39.75;16.47;24.99;344.06;313.50;761.71
521268;3.21;1.00;116.00;4916.00;25.50;82.50;40.50;15.69;24.51;346.91;337.13;761.71
521886;2.71;0.95;116.00;4940.00;25.50;82.50;43.50;12.16;22.17;298.40;327.48;117.19
522505;2.84;0.98;116.00;4922.00;25.50;82.50;42.75;12.55;22.37;296.88;340.25;214.84
523042;2.86;0.99;116.00;4930.00;25.50;83.25;42.75;12.55;22.41;302.68;323.36;761.71
523656;2.75;0.95;116.00;4900.00;25.50;83.25;42.75;12.55;22.31;329.41;289.38;761.71
524271;2.13;0.94;115.00;4895.00;25.50;83.25;47.25;8.24;17.77;335.92;332.75;253.90
524964;2.16;0.94;113.00;4829.00;25.50;83.25;47.25;8.24;18.05;344.84;314.63;292.97
525627;2.87;0.99;113.00;4831.00;25.50;83.25;42.75;12.16;22.51;341.11;328.38;683.59
526306;2.86;0.98;113.00;4825.00;25.50;83.25;42.75;12.16;22.64;340.90;353.45;253.90
526917;2.94;1.00;113.00;4817.00;25.50;83.25;42.75;12.55;22.68;360.60;339.28;722.65
527532;2.90;1.00;113.00;4811.00;25.50;82.50;42.75;12.55;22.67;348.83;341.44;820.30
528114;2.81;0.96;113.00;4813.00;25.50;82.50;42.75;12.16;22.67;334.02;358.69;800.77
528726;2.54;0.94;112.00;4800.00;25.50;82.50;44.25;10.59;21.25;329.86;363.59;527.34
529354;3.04;1.00;112.00;4824.00;25.50;82.50;41.25;14.12;23.63;255.32;223.52;781.24
530026;3.30;1.01;113.00;4820.00;25.50;82.50;39.75;15.69;25.15;110.36;187.12;800.77
530650;3.34;1.03;115.00;4818.00;25.50;82.50;39.75;15.69;24.99;173.06;208.23;781.24
531265;3.36;1.04;115.00;4860.00;25.50;82.50;40.50;15.69;24.66;235.67;318.24;742.18
531933;3.37;1.00;115.00;4854.00;25.50;82.50;39.00;16.86;25.78;308.07;347.75;781.24
532602;3.39;1.02;116.00;4889.00;25.50;82.50;39.75;16.86;25.48;342.63;330.99;722.65
533222;3.22;1.00;116.00;4941.00;25.50;82.50;40.50;16.08;24.69;321.29;318.73;722.65
533837;3.46;1.03;116.00;4916.00;25.50;82.50;39.00;17.26;25.78;287.48;283.32;742.18
534513;3.24;0.99;116.00;4928.00;25.50;82.50;39.75;16.47;24.99;205.85;247.56;117.19
535056;3.20;1.01;117.00;4983.00;25.50;82.50;40.50;16.08;24.45;185.61;187.72;683.59
535680;3.08;0.99;116.00;4958.00;25.50;82.50;41.25;15.30;23.95;156.90;144.89;839.83
536353;2.88;0.97;116.00;4911.00;25.50;82.50;42.00;13.33;23.02;167.02;226.88;644.52
536973;3.00;1.00;116.00;4947.00;25.50;82.50;42.00;14.12;23.27;280.28;320.74;761.71
537590;2.83;0.98;116.00;4930.00;25.50;82.50;42.75;12.55;22.48;314.20;346.42;156.25
538259;3.10;1.01;116.00;4910.00;25.50;82.50;41.25;14.51;23.57;325.39;303.54;781.24
538885;3.09;1.00;116.00;4938.00;25.50;82.50;41.25;14.90;23.72;342.77;281.60;722.65
539503;3.12;1.01;116.00;4938.00;25.50;82.50;41.25;14.90;23.83;309.20;292.52;761.71
540032;3.26;1.03;115.00;4911.00;25.50;82.50;40.50;15.30;24.25;319.06;316.50;800.77
540654;3.27;1.04;115.00;4872.00;25.50;82.50;40.50;15.30;24.32;200.07;207.02;820.30
541265;3.13;1.01;116.00;4896.00;25.50;82.50;41.25;14.51;23.76;192.70;181.36;839.83
541886;2.75;0.95;115.00;4903.00;25.50;82.50;42.75;12.55;22.48;177.14;185.30;136.72
542560;2.64;0.98;115.00;4854.00;25.50;82.50;44.25;10.98;21.26;266.15;270.43;800.77
543152;3.05;0.94;115.00;4865.00;25.50;82.50;40.50;15.30;24.48;328.87;331.81;58.59
543776;3.15;1.04;113.00;4825.00;25.50;82.50;42.00;14.51;23.39;308.96;326.35;214.84
544457;3.26;1.01;113.00;4827.00;25.50;82.50;39.75;15.69;24.88;338.59;348.92;800.77
544997;3.29;1.03;113.00;4842.00;25.50;82.50;40.50;15.30;24.59;347.87;327.44;722.65
545617;3.15;1.00;115.00;4833.00;25.50;82.50;40.50;14.90;24.28;347.07;343.51;800.77
546238;3.24;1.01;115.00;4854.00;25.50;82.50;39.75;15.69;24.81;324.49;337.81;722.65
546858;3.30;1.02;115.00;4895.00;25.50;82.50;39.75;16.08;24.97;334.82;307.23;742.18
547476;3.38;1.04;115.00;4888.00;25.50;82.50;39.75;16.08;24.99;193.50;210.24;624.99
548009;3.23;1.00;115.00;4883.00;25.50;82.50;39.75;16.08;24.82;231.94;215.57;722.65
548624;3.21;1.02;115.00;4889.00;25.50;82.50;40.50;15.30;24.23;266.96;317.68;644.52
549243;3.29;1.03;115.00;4842.00;25.50;82.50;40.50;14.90;24.23;318.89;344.47;742.18
549912;2.99;1.00;115.00;4858.00;25.50;82.50;42.00;13.33;23.14;327.38;349.84;683.59
550531;2.89;0.96;115.00;4876.00;25.50;82.50;42.00;13.73;23.26;346.85;350.62;175.78
551068;3.06;1.01;115.00;4849.00;25.50;82.50;42.00;13.33;23.37;329.59;326.48;722.65
551682;2.90;0.98;115.00;4825.00;25.50;82.50;42.00;12.55;22.90;292.38;238.72;605.46
552298;2.86;0.97;113.00;4809.00;25.50;82.50;42.75;12.55;22.80;320.98;187.37;214.84
552924;2.90;0.98;113.00;4811.00;25.50;82.50;42.00;12.55;22.83;318.71;108.55;507.81
553545;3.29;1.01;113.00;4821.00;25.50;82.50;39.75;16.08;25.02;177.12;150.48;546.87
554085;3.74;1.01;113.00;4841.00;25.50;82.50;36.00;20.00;28.28;175.18;309.20;781.24
554751;3.74;1.01;115.00;4863.00;25.50;82.50;36.00;20.00;28.15;265.30;327.28;703.12
555364;3.79;1.03;115.00;4872.00;25.50;82.50;36.00;20.00;28.09;326.44;352.50;761.71
555976;3.55;0.99;116.00;4921.00;25.50;82.50;37.50;19.22;27.33;340.39;335.58;820.30
556597;3.44;0.97;116.00;4905.00;25.50;82.50;37.50;19.22;27.32;347.09;338.55;781.24
557129;3.47;0.99;116.00;4918.00;25.50;82.50;38.25;18.83;26.85;328.65;341.03;820.30
557756;3.39;1.01;116.00;4934.00;25.50;82.50;39.00;17.65;25.84;321.54;329.47;722.65
558377;3.35;0.99;116.00;4915.00;25.50;82.50;39.00;17.65;25.86;337.77;337.56;703.12
558988;3.11;1.02;116.00;4915.00;25.50;82.50;41.25;14.90;24.12;333.71;335.37;410.15
559602;2.92;0.99;116.00;4920.00;25.50;82.50;42.75;12.94;22.84;328.28;344.16;742.18
560222;2.28;0.90;115.00;4885.00;25.50;82.50;45.00;10.20;20.04;340.21;337.58;58.59
560844;2.30;0.98;115.00;4842.00;25.50;82.50;46.50;8.63;18.62;346.36;330.64;820.30
561521;1.97;0.95;112.00;4769.00;25.50;82.50;48.00;7.45;16.33;356.56;331.37;117.19
562064;2.66;0.97;112.00;4743.00;25.50;82.50;43.50;10.59;21.14;347.56;327.81;156.25
562694;2.85;1.01;111.00;4725.00;25.50;82.50;42.75;10.98;21.78;343.57;341.81;820.30
563336;2.67;0.97;111.00;4714.00;25.50;82.50;43.50;10.59;21.48;342.75;342.07;722.65
563955;2.07;0.93;110.00;4642.00;25.50;82.50;46.50;7.84;17.59;337.79;340.47;97.66
564628;1.47;0.99;108.00;4566.00;25.50;82.50;48.75;5.10;11.92;211.06;296.43;878.90
565259;1.35;0.96;106.00;4502.00;25.50;82.50;48.00;4.71;11.03;195.36;253.13;859.36
565933;1.66;0.94;103.00;4428.00;25.50;82.50;47.25;5.88;14.07;250.55;310.61;859.36
566553;2.68;0.96;103.00;4400.00;25.50;82.50;42.00;10.20;21.90;295.96;344.96;78.12
567104;2.69;1.00;103.00;4410.00;25.50;82.50;42.75;9.81;21.18;341.50;354.70;781.24
567733;2.38;0.95;103.00;4370.00;25.50;82.50;44.25;8.63;19.67;346.07;332.01;78.12
568406;2.10;1.00;102.00;4348.00;25.50;82.50;46.50;7.06;16.59;347.61;347.34;839.83
569037;1.52;0.99;101.00;4284.00;25.50;82.50;47.25;4.71;11.83;321.95;306.64;859.36
569660;2.12;0.95;100.00;4236.00;25.50;82.50;45.00;7.45;17.80;296.76;272.66;253.90
570283;2.43;0.95;100.00;4215.00;25.50;82.50;42.75;8.63;20.16;276.29;181.04;781.24
570950;2.55;0.95;100.00;4227.00;25.50;82.50;42.00;9.41;21.12;222.84;176.69;175.78
571569;2.95;0.97;100.00;4210.00;25.50;82.50;39.75;11.37;23.45;221.96;190.30;214.84
572121;2.94;1.00;100.00;4243.00;25.50;82.50;40.50;10.98;23.09;317.23;304.02;761.71
572796;3.84;1.01;100.00;4223.00;25.50;82.50;36.75;15.30;27.36;342.69;319.39;175.78
573415;2.87;1.00;101.00;4253.00;25.50;82.50;39.75;10.98;23.20;314.90;343.71;800.77
574036;2.66;0.95;101.00;4254.00;25.50;82.50;41.25;9.81;21.68;309.30;334.22;800.77
574702;2.69;0.94;100.00;4281.00;25.50;82.50;41.25;10.20;21.25;302.99;336.83;742.18
575327;3.38;1.01;101.00;4280.00;25.50;82.50;37.50;13.73;25.80;263.87;299.82;624.99
575949;4.11;1.00;102.00;4352.00;25.50;82.50;32.25;20.00;31.41;274.40;209.69;156.25
576625;4.38;1.05;105.00;4411.00;25.50;82.50;31.50;20.79;31.84;205.67;162.51;800.77
577172;4.20;1.02;106.00;4488.00;25.50;82.50;32.25;20.79;31.25;265.02;182.64;429.68
577844;5.74;1.07;107.00;4598.00;25.50;82.50;24.00;30.98;38.67;320.25;307.95;800.77
578466;6.01;1.01;110.00;4703.00;25.50;82.50;20.25;37.26;42.07;324.22;339.37;429.68
579088;5.38;1.02;113.00;4820.00;25.50;82.50;24.00;32.55;38.01;319.16;261.66;156.25
579812;4.77;1.04;115.00;4929.00;25.50;82.50;29.25;28.24;34.36;332.54;267.81;722.65
580434;4.41;1.00;116.00;4934.00;25.50;82.50;30.00;26.67;33.02;313.50;241.59;742.18
581105;4.02;1.01;117.00;4984.00;25.50;82.50;33.75;23.14;30.10;304.34;212.72;722.65
581735;3.68;0.96;118.00;5000.00;25.50;82.50;36.00;21.57;29.03;310.08;209.54;683.59
582414;3.71;0.98;118.00;5046.00;25.50;82.50;36.00;21.57;28.74;313.42;158.64;820.30
583027;3.44;0.95;120.00;5041.00;25.50;82.50;36.75;20.39;27.58;309.71;198.00;761.71
583649;3.21;0.97;118.00;5070.00;25.50;82.50;40.50;18.04;25.34;313.10;278.17;273.43
584321;3.65;0.97;120.00;5075.00;25.50;82.50;36.00;21.57;28.52;302.48;339.14;703.12
584939;3.66;0.99;120.00;5090.00;25.50;82.50;36.75;21.18;28.12;312.79;345.58;742.18
585557;3.50;0.96;120.00;5116.00;25.50;82.50;38.25;20.00;27.22;335.51;346.13;761.71
586098;3.39;0.97;121.00;5115.00;25.50;82.50;39.00;20.00;26.80;331.60;343.96;800.77
586773;3.41;0.98;121.00;5150.00;25.50;83.25;39.00;19.61;26.43;338.47;323.73;644.52
587394;3.30;0.95;121.00;5146.00;25.50;83.25;39.00;19.61;26.42;322.11;281.25;781.24
588008;3.21;0.98;121.00;5100.00;25.50;83.25;40.50;17.65;25.08;228.05;197.66;742.18
588678;3.19;0.99;121.00;5143.00;25.50;83.25;41.25;17.26;24.72;238.64;211.84;703.12
589348;3.04;0.95;121.00;5133.00;25.50;83.25;41.25;16.86;24.49;303.91;292.46;722.65
589963;3.10;0.97;121.00;5087.00;25.50;83.25;41.25;16.86;24.61;336.91;326.42;800.77
590576;3.09;0.97;120.00;5122.00;25.50;83.25;41.25;16.86;24.51;332.91;341.17;761.71
591108;3.13;0.98;121.00;5133.00;25.50;83.25;41.25;16.86;24.38;330.68;347.81;781.24
591759;3.19;1.00;120.00;5105.00;25.50;83.25;41.25;16.86;24.43;350.06;297.97;488.28
592425;3.06;0.96;120.00;5092.00;25.50;83.25;41.25;16.86;24.51;330.78;335.56;781.24
593093;3.21;0.99;120.00;5073.00;25.50;83.25;40.50;17.26;24.91;308.38;338.51;800.77
593712;3.30;1.01;120.00;5063.00;25.50;83.25;40.50;17.65;25.10;284.20;291.95;312.50
594327;3.20;0.98;120.00;5083.00;25.50;83.25;40.50;17.65;25.08;305.94;303.48;761.71
594938;3.24;0.99;120.00;5078.00;25.50;83.25;40.50;17.65;25.11;335.84;335.02;683.59
595551;3.33;1.01;120.00;5077.00;25.50;83.25;40.50;17.65;25.31;350.45;347.89;820.30
596089;3.30;1.00;118.00;5038.00;25.50;83.25;40.50;17.65;25.27;342.73;333.14;722.65
596708;3.25;1.00;118.00;5081.00;25.50;83.25;40.50;17.26;24.87;340.76;331.70;292.97
597321;3.10;0.99;118.00;5030.00;25.50;83.25;41.25;16.08;24.29;307.27;339.74;722.65
597993;3.57;1.02;118.00;5019.00;25.50;83.25;39.00;19.22;26.70;340.76;324.51;722.65
598658;3.29;0.98;118.00;5006.00;25.50;83.25;39.75;17.65;25.60;338.51;336.56;761.71
599326;3.30;1.02;117.00;5027.00;25.50;83.25;39.75;16.86;24.89;278.65;279.83;781.24
599945;3.01;0.98;118.00;4976.00;25.50;83.25;41.25;15.30;23.89;172.53;204.97;781.24
600565;3.10;1.00;117.00;4956.00;25.50;83.25;41.25;15.30;23.95;224.50;243.89;781.24
601102;3.09;1.00;116.00;4962.00;25.50;83.25;41.25;14.90;23.69;265.45;303.24;742.18
601769;3.15;1.02;116.00;4924.00;25.50;83.25;41.25;14.90;23.86;333.34;340.12;722.65
602336;3.16;1.03;116.00;4899.00;25.50;83.25;41.25;14.51;23.75;343.98;346.66;781.24
603002;3.80;1.00;115.00;4857.00;25.50;83.25;36.00;19.22;27.69;344.86;348.75;683.59
603625;3.85;1.00;115.00;4860.00;25.50;83.25;34.50;20.79;29.18;350.21;326.29;781.24
604161;3.81;1.01;115.00;4911.00;25.50;83.25;35.25;20.79;28.80;324.53;343.65;703.12
604777;3.81;1.01;115.00;4913.00;25.50;83.25;35.25;20.79;28.85;319.59;324.18;722.65
605382;4.52;1.05;116.00;4890.00;25.50;83.25;30.75;25.49;32.48;318.67;318.85;800.77
606009;4.47;1.04;117.00;4966.00;25.50;83.25;30.75;25.89;32.26;289.22;299.86;761.71
606629;4.35;1.02;117.00;4982.00;25.50;83.25;31.50;25.89;32.20;308.61;321.25;800.77
607164;4.26;1.01;118.00;4975.00;25.50;83.25;32.25;25.49;31.90;345.90;350.33;761.71
607838;4.09;1.00;118.00;5019.00;25.50;83.25;33.75;24.71;30.99;357.89;358.47;546.87
608458;3.63;0.96;118.00;5013.00;25.50;83.25;35.25;21.96;29.37;334.65;352.48;800.77
609075;3.58;0.96;118.00;5041.00;25.50;83.25;36.75;20.79;28.17;353.90;346.09;761.71
609743;3.61;0.99;118.00;5021.00;25.50;83.25;36.75;20.39;27.79;341.97;324.90;703.12
610365;3.40;0.98;118.00;5003.00;25.50;83.25;39.00;18.83;26.54;338.94;297.11;742.18
611040;3.49;1.01;118.00;5015.00;25.50;83.25;39.00;18.83;26.33;250.04;239.97;761.71
611702;3.31;1.00;118.00;5005.00;25.50;83.25;39.75;17.65;25.50;198.00;205.83;742.18
612371;3.19;1.00;118.00;4997.00;25.50;83.25;41.25;16.47;24.61;268.73;277.23;722.65
613006;3.18;1.01;118.00;5021.00;25.50;83.25;41.25;16.08;24.30;314.98;311.17;761.71
613673;3.18;1.00;118.00;5002.00;25.50;83.25;41.25;16.08;24.32;342.36;342.97;683.59
614282;3.14;1.00;118.00;5042.00;25.50;83.25;42.00;16.08;24.05;326.19;314.73;683.59
614891;3.18;1.00;118.00;5001.00;25.50;83.25;40.50;16.08;24.19;242.52;341.11;781.24
615561;3.14;1.01;118.00;5005.00;25.50;83.25;42.00;15.69;23.99;261.16;280.51;703.12
616153;3.11;1.01;118.00;5004.00;25.50;83.25;41.25;15.30;23.72;215.67;217.74;312.50
616772;3.26;0.99;118.00;4998.00;25.50;83.25;40.50;17.65;25.40;207.27;211.08;781.24
617390;3.38;0.99;118.00;5016.00;25.50;83.25;38.25;18.83;26.36;205.01;209.30;781.24
618052;3.37;1.00;118.00;5056.00;25.50;83.25;39.75;18.43;25.73;232.06;240.22;800.77
618723;3.39;1.00;118.00;4999.00;25.50;83.25;39.75;18.43;26.06;328.79;326.19;214.84
619331;3.39;0.98;118.00;5043.00;25.50;83.25;39.00;18.83;26.40;336.19;345.45;742.18
619998;3.38;0.99;118.00;5021.00;25.50;83.25;39.00;18.83;26.26;346.40;305.18;781.24
620616;3.42;1.00;118.00;5028.00;25.50;83.25;39.75;18.83;26.14;339.80;334.80;624.99
621154;3.41;1.01;118.00;5056.00;25.50;83.25;39.75;18.83;25.93;344.51;344.31;781.24
621764;3.31;0.98;120.00;5031.00;25.50;83.25;39.75;18.04;25.86;341.72;340.47;429.68
622383;3.30;0.99;120.00;5053.00;25.50;83.25;39.75;18.04;25.63;339.10;322.73;742.18
622997;3.14;0.99;118.00;5061.00;25.50;83.25;41.25;16.47;24.38;283.44;311.25;742.18
623611;2.90;0.97;118.00;5040.00;25.50;83.25;42.75;14.51;23.11;288.77;337.44;722.65
624149;2.71;0.94;118.00;5001.00;25.50;83.25;43.50;12.94;22.24;313.67;333.98;136.72
624775;3.34;1.02;117.00;5001.00;25.50;83.25;39.75;16.86;24.98;331.91;352.07;605.46
625399;3.32;1.03;117.00;4991.00;25.50;83.25;39.75;16.86;24.84;351.62;350.62;781.24
626011;3.66;1.01;117.00;4985.00;25.50;83.25;36.00;20.00;27.59;350.82;350.72;781.24
626625;3.93;1.02;117.00;4980.00;25.50;83.25;34.50;21.96;29.18;329.02;338.40;624.99
627164;4.54;1.05;117.00;4970.00;25.50;83.25;30.75;26.28;32.39;346.23;343.88;624.99
627830;4.49;1.01;118.00;5018.00;25.50;83.25;30.00;27.45;33.21;348.77;328.69;761.71
628452;4.54;1.04;118.00;4992.00;25.50;83.25;30.75;26.67;32.83;324.53;325.10;585.93
629122;4.30;1.01;118.00;5051.00;25.50;83.25;32.25;26.28;32.30;303.96;326.74;820.30
629748;4.13;1.01;118.00;5053.00;25.50;83.25;33.75;25.10;31.09;309.30;329.74;624.99
630365;3.76;0.97;118.00;5019.00;24.75;83.25;35.25;22.36;29.41;345.92;351.34;722.65
631040;3.74;0.98;118.00;5033.00;24.75;83.25;36.00;21.96;29.07;352.28;344.22;820.30
631660;3.18;0.95;118.00;5026.00;24.75;83.25;38.25;19.22;26.50;347.48;352.67;781.24
632198;3.09;0.99;117.00;4966.00;24.75;83.25;41.25;15.69;24.13;348.36;350.68;664.05
632821;3.15;1.03;116.00;4980.00;24.75;83.25;41.25;14.90;23.60;319.59;345.88;742.18
633442;3.53;0.99;117.00;4954.00;24.75;83.25;38.25;18.83;26.37;318.22;343.01;800.77
634065;4.16;1.04;117.00;4983.00;24.75;83.25;33.75;23.53;30.42;305.96;235.12;800.77
634738;3.26;0.96;117.00;4935.00;24.75;83.25;39.00;18.83;27.28;180.81;165.95;703.12
635359;3.40;1.00;117.00;4983.00;24.75;83.25;39.00;18.43;26.10;215.44;163.33;566.40
635974;3.23;0.99;117.00;4982.00;24.75;83.25;40.50;16.86;25.17;236.00;238.19;722.65
636644;3.26;1.00;118.00;4974.00;24.75;83.25;39.75;16.86;25.08;322.69;322.79;703.12
637181;3.17;0.99;117.00;5028.00;24.75;83.25;40.50;16.47;24.62;342.20;343.53;761.71
637856;3.22;1.01;118.00;5012.00;24.75;83.25;41.25;16.47;24.42;323.71;342.89;722.65
638474;3.22;1.01;118.00;5002.00;24.75;83.25;40.50;16.47;24.55;317.69;327.50;742.18
639144;3.41;1.03;118.00;5033.00;24.75;83.25;40.50;18.04;25.45;246.55;288.73;683.59
639761;3.22;0.98;120.00;5059.00;24.75;83.25;40.50;17.65;25.21;193.50;324.33;722.65
640381;3.22;1.00;120.00;5059.00;24.75;83.25;40.50;17.26;24.89;203.05;281.70;742.18
640990;3.12;1.01;120.00;5086.00;24.75;83.25;42.00;16.08;23.69;199.75;312.23;761.71
641609;3.08;1.01;120.00;5114.00;24.75;83.25;42.00;15.69;23.52;251.64;322.23;722.65
642140;3.06;1.01;121.00;5109.00;24.75;83.25;42.75;15.30;23.34;333.46;336.44;703.12
642763;2.99;1.00;120.00;5109.00;24.75;83.25;42.75;14.90;23.07;335.21;330.88;800.77
643381;2.82;0.96;120.00;5096.00;24.75;83.25;43.50;14.12;22.67;314.51;349.55;781.24
644006;2.83;0.97;120.00;5080.00;24.75;83.25;43.50;14.12;22.63;316.11;346.64;742.18
644621;2.87;0.98;120.00;5062.00;24.75;83.25;43.50;13.73;22.67;338.22;343.20;585.93
645211;2.83;0.96;118.00;5039.00;24.75;83.25;43.50;13.73;22.65;319.53;347.20;97.66
645825;3.34;1.06;118.00;5008.00;24.75;83.25;41.25;16.08;24.32;273.97;322.52;839.83
646454;3.54;1.01;118.00;5023.00;24.75;83.25;39.00;19.61;26.86;294.71;244.18;703.12
647073;3.28;1.01;118.00;5043.00;24.75;83.25;40.50;17.26;24.87;296.60;253.42;546.87
647693;3.71;1.01;118.00;5037.00;24.75;83.25;36.75;20.39;27.65;340.90;320.25;703.12
648230;3.44;0.97;120.00;5052.00;24.75;83.25;38.25;20.00;27.02;344.41;348.61;781.24
648860;3.06;0.99;118.00;5014.00;24.75;83.25;42.00;15.69;23.82;316.00;352.54;195.31
649486;3.53;1.04;118.00;5018.00;24.75;83.25;39.00;18.83;26.16;343.96;351.44;800.77
650104;3.58;1.01;118.00;4991.00;24.75;83.25;37.50;19.61;27.05;347.95;351.13;800.77
650771;3.76;1.01;118.00;5020.00;24.75;83.25;35.25;21.18;28.37;325.74;350.23;722.65
651385;3.63;0.97;118.00;5011.00;24.75;83.25;36.75;20.79;28.29;324.49;340.15;722.65
652000;3.57;0.98;118.00;5044.00;24.75;83.25;36.75;20.39;27.71;307.09;315.06;761.71
652614;3.62;1.01;118.00;5047.00;24.75;83.25;38.25;20.00;27.48;301.02;283.71;703.12
653158;3.24;0.97;118.00;5033.00;24.75;83.25;40.50;17.65;25.44;341.03;334.37;781.24
653782;3.70;1.01;118.00;5053.00;24.75;83.25;36.75;20.79;27.95;352.03;353.04;839.83
654454;3.62;0.98;120.00;5071.00;24.75;83.25;36.75;21.18;28.15;350.23;352.24;820.30
655074;3.22;0.98;120.00;5082.00;24.75;83.25;40.50;17.65;25.05;351.17;353.22;703.12
655689;3.18;0.99;120.00;5096.00;24.75;83.25;41.25;17.26;24.59;352.65;346.38;781.24
656228;3.18;0.98;120.00;5081.00;24.75;83.25;41.25;16.86;24.55;326.09;328.63;683.59
656840;3.15;1.00;120.00;5109.00;24.75;83.25;41.25;16.86;24.38;287.66;288.28;800.77
657452;3.14;0.99;120.00;5108.00;24.75;83.25;41.25;16.86;24.30;280.39;295.98;507.81
658072;3.13;0.98;121.00;5084.00;24.75;83.25;41.25;16.86;24.38;249.32;277.72;585.93
658741;3.03;0.98;121.00;5109.00;24.75;83.25;42.00;16.47;23.90;252.27;310.96;761.71
659355;3.14;1.02;120.00;5099.00;24.75;83.25;42.00;16.08;23.78;291.06;308.85;781.24
659974;3.00;1.01;120.00;5086.00;24.75;83.25;42.75;14.90;22.99;341.19;342.32;781.24
660587;2.46;0.97;120.00;5089.00;24.75;83.25;46.50;10.59;19.90;348.06;332.26;800.77
661177;2.19;0.93;118.00;5041.00;24.75;83.25;47.25;9.02;18.51;333.32;328.65;761.71
661818;2.18;0.91;118.00;4994.00;24.75;83.25;47.25;9.02;18.74;328.98;344.92;156.25
662431;2.22;0.93;117.00;4985.00;24.75;83.25;46.50;9.02;18.78;340.49;344.06;253.90
663108;2.22;0.92;116.00;4964.00;24.75;83.25;46.50;9.02;18.85;287.19;273.36;234.37
663723;2.31;0.95;116.00;4930.00;24.75;83.25;46.50;9.02;18.98;224.34;202.94;117.19
664306;2.30;0.94;115.00;4895.00;24.75;83.25;46.50;9.02;19.13;194.79;178.56;156.25
664923;2.32;0.95;115.00;4854.00;24.75;83.25;45.75;9.02;19.24;222.64;226.22;214.84
665538;2.33;0.95;115.00;4850.00;24.75;83.25;45.75;9.02;19.18;309.08;319.80;253.90
666148;2.34;0.96;115.00;4819.00;24.75;83.25;45.75;9.02;19.23;342.01;347.48;683.59
666759;2.63;0.97;113.00;4819.00;24.75;83.25;44.25;10.98;21.29;347.63;289.34;117.19
667393;3.30;1.04;115.00;4853.00;24.75;83.25;41.25;14.90;24.13;292.79;228.89;800.77
668074;3.05;0.99;115.00;4864.00;24.75;82.50;41.25;14.51;23.92;311.52;231.47;761.71
668694;2.84;0.96;115.00;4875.00;24.75;82.50;42.00;13.33;22.94;328.67;237.58;78.12
669231;2.83;1.01;116.00;4902.00;24.75;82.50;43.50;11.77;22.10;336.62;204.01;722.65
669913;2.62;0.96;115.00;4902.00;24.75;82.50;44.25;11.37;21.34;332.56;191.20;742.18
670531;2.70;0.99;116.00;4878.00;24.75;82.50;44.25;10.98;21.18;341.03;218.60;273.43
671206;2.70;0.98;116.00;4883.00;24.75;82.50;44.25;10.98;21.38;356.25;282.79;527.34
671814;2.71;0.99;115.00;4867.00;24.75;82.50;44.25;10.98;21.32;337.63;333.63;722.65
672437;2.67;0.98;115.00;4861.00;24.75;82.50;44.25;10.98;21.19;349.22;346.66;800.77
673101;2.29;0.92;113.00;4820.00;24.75;82.50;45.75;9.41;19.54;359.23;341.72;58.59
673723;2.86;0.97;113.00;4800.00;24.75;82.50;42.75;12.55;22.73;336.97;357.52;566.40
674327;2.98;0.99;113.00;4814.00;24.75;82.50;42.00;12.94;23.23;330.66;363.26;175.78
674947;2.77;0.97;112.00;4809.00;24.75;82.50;43.50;11.37;21.95;328.79;326.09;664.05
675572;2.16;0.88;112.00;4792.00;24.75;82.50;45.75;8.63;19.04;313.93;245.94;58.59
676191;1.91;0.95;111.00;4729.00;24.75;82.50;47.25;7.06;15.90;295.51;147.10;214.84
676875;2.30;0.96;110.00;4709.00;24.75;82.50;45.75;8.63;18.75;342.01;305.00;722.65
677503;2.02;0.95;110.00;4655.00;24.75;82.50;46.50;7.45;16.92;353.24;324.37;78.12
678122;2.05;0.98;108.00;4586.00;24.75;82.50;47.25;7.06;16.44;358.69;347.17;781.24
678753;1.92;0.96;107.00;4594.00;24.75;82.50;47.25;6.67;15.86;356.95;345.86;781.24
679339;1.84;0.94;106.00;4513.00;24.75;82.50;46.50;6.67;15.43;331.27;343.79;97.66
680008;2.62;0.98;106.00;4495.00;24.75;82.50;42.75;9.81;21.01;343.51;324.57;664.05
680632;2.58;0.98;106.00;4501.00;24.75;82.50;42.75;9.81;20.98;324.47;341.52;742.18
681160;2.63;0.99;106.00;4464.00;25.50;82.50;42.75;9.81;20.88;341.46;192.94;722.65
681781;3.28;1.01;105.00;4465.00;25.50;82.50;39.75;12.94;24.16;220.81;121.61;234.37
682465;3.43;1.04;106.00;4493.00;25.50;82.50;38.25;14.90;26.07;305.10;236.45;781.24
683088;2.00;1.00;105.00;4455.00;25.50;82.50;46.50;6.67;16.00;339.31;239.44;898.43
683763;1.01;0.99;103.00;4369.00;25.50;82.50;48.00;3.14;8.00;315.25;280.16;878.90
684307;2.85;0.99;102.00;4374.00;25.50;82.50;42.00;10.59;22.23;330.99;332.07;742.18
684940;2.59;0.96;102.00;4343.00;25.50;82.50;42.75;9.81;21.34;321.42;342.97;97.66
685559;2.62;0.98;102.00;4321.00;25.50;82.50;42.00;9.41;20.85;321.09;333.69;722.65
686186;2.92;1.00;102.00;4344.00;25.50;82.50;40.50;10.98;22.86;294.90;310.70;742.18
686820;2.88;0.98;102.00;4338.00;25.50;82.50;40.50;10.98;22.84;273.34;284.71;742.18
687432;3.53;1.00;102.00;4358.00;25.50;82.50;36.75;15.30;26.77;226.76;296.84;58.59
688103;4.13;1.06;103.00;4396.00;25.50;82.50;33.75;18.83;29.77;230.98;323.18;644.52
688731;4.10;1.05;105.00;4409.00;25.50;82.50;33.00;18.83;30.03;301.95;343.63;644.52
689267;3.85;1.00;105.00;4459.00;25.50;82.50;33.75;18.83;29.51;317.87;354.72;800.77
689934;3.93;1.03;106.00;4494.00;25.50;82.50;34.50;18.43;29.16;342.28;334.65;664.05
690608;4.01;1.02;106.00;4533.00;25.50;82.50;33.75;19.61;30.03;340.53;344.06;820.30
691233;3.18;0.96;107.00;4530.00;25.50;82.50;38.25;14.51;25.55;325.39;343.63;253.90
691863;2.81;0.97;106.00;4513.00;25.50;82.50;42.00;10.98;22.53;239.40;344.86;195.31
692488;2.85;1.01;106.00;4507.00;25.50;82.50;42.00;10.59;22.11;163.68;323.01;722.65
693103;3.24;1.01;106.00;4504.00;25.50;82.50;39.00;13.33;24.91;98.55;155.79;605.46
693718;3.24;1.02;106.00;4484.00;25.50;82.50;39.75;12.94;24.55;154.29;200.26;253.90
694310;3.38;1.03;106.00;4502.00;25.50;82.50;39.00;13.73;25.14;311.80;323.48;195.31
694928;3.50;1.04;107.00;4529.00;25.50;82.50;39.00;14.90;25.94;345.97;346.31;800.77
695546;2.90;1.00;106.00;4529.00;25.50;82.50;41.25;10.98;22.65;349.14;315.72;742.18
696173;3.27;0.99;107.00;4535.00;25.50;82.50;39.75;14.51;25.48;353.10;335.45;585.93
696799;4.08;1.00;108.00;4600.00;25.50;82.50;34.50;20.00;29.71;328.55;344.76;214.84
697474;3.81;0.99;110.00;4672.00;24.75;82.50;34.50;20.39;29.64;341.11;341.01;800.77
698098;3.97;1.03;111.00;4705.00;24.75;82.50;34.50;20.00;29.31;342.40;324.06;703.12
698769;3.85;1.01;112.00;4733.00;24.75;82.50;35.25;20.00;29.13;322.91;336.23;742.18
699305;3.77;1.02;112.00;4763.00;24.75;82.50;36.00;19.22;28.21;337.65;225.20;761.71
699925;3.62;0.99;113.00;4803.00;24.75;82.50;36.00;19.22;27.89;317.42;302.09;820.30
700541;3.35;0.99;113.00;4814.00;24.75;82.50;39.00;16.86;25.91;353.20;334.18;800.77
701163;3.38;1.02;115.00;4856.00;24.75;82.50;39.75;16.47;25.45;338.42;348.01;683.59
701841;3.25;1.01;115.00;4879.00;24.75;82.50;39.75;16.08;24.85;346.66;348.83;800.77
702455;3.09;0.99;115.00;4867.00;24.75;82.50;41.25;14.90;24.00;348.10;345.76;800.77
703069;2.78;0.95;115.00;4861.00;24.75;82.50;42.75;12.55;22.60;344.10;343.69;761.71
703689;2.74;0.96;115.00;4855.00;24.75;82.50;42.75;11.77;22.27;324.98;341.66;761.71
704271;2.77;0.97;115.00;4878.00;24.75;82.50;43.50;11.77;22.17;284.57;336.85;722.65
704887;3.09;1.02;115.00;4852.00;24.75;82.50;42.00;13.73;23.45;193.99;228.38;742.18
705507;3.04;1.00;115.00;4866.00;24.75;82.50;42.00;14.12;23.50;228.89;266.12;624.99
706128;3.09;1.01;115.00;4860.00;24.75;82.50;41.25;14.12;23.62;306.89;326.29;683.59
706742;3.34;1.04;115.00;4848.00;24.75;82.50;39.75;15.69;24.84;343.16;343.51;820.30
707285;3.50;1.03;115.00;4853.00;24.75;82.50;39.00;17.26;25.96;346.44;349.90;839.83
707904;3.54;1.02;115.00;4862.00;24.75;82.50;38.25;18.04;26.61;280.63;249.89;644.52
708523;3.56;0.98;115.00;4876.00;24.75;82.50;36.00;19.61;27.79;335.04;319.37;781.24
709193;3.61;0.98;116.00;4879.00;24.75;82.50;36.00;20.00;28.06;231.88;338.75;742.18
709807;3.58;0.99;116.00;4932.00;24.75;82.50;37.50;19.22;27.16;205.98;335.94;703.12
710444;3.45;1.00;116.00;4899.00;24.75;82.50;38.25;18.04;26.50;163.33;317.13;703.12
711082;3.58;1.00;116.00;4911.00;25.50;82.50;37.50;18.83;27.05;169.83;304.18;624.99
711767;3.63;1.01;116.00;4910.00;25.50;82.50;37.50;19.22;27.20;237.17;308.83;312.50
712353;3.54;0.99;116.00;4904.00;25.50;82.50;37.50;19.22;27.23;333.46;323.98;742.18
712970;3.48;0.99;116.00;4899.00;25.50;82.50;37.50;18.83;26.99;336.95;346.25;742.18
713580;3.45;0.98;116.00;4914.00;25.50;82.50;38.25;18.83;26.82;344.61;348.67;761.71
714195;3.70;1.00;116.00;4931.00;25.50;82.50;36.00;20.39;28.12;333.77;330.06;761.71
714811;3.96;1.01;116.00;4937.00;25.50;82.50;34.50;22.36;29.71;287.33;325.90;820.30
715435;3.98;1.01;116.00;4956.00;25.50;82.50;34.50;22.75;29.87;253.66;338.06;742.18
716104;3.77;0.98;117.00;4962.00;25.50;82.50;34.50;21.57;29.17;201.63;335.29;820.30
716723;3.60;0.98;117.00;4961.00;25.50;82.50;36.00;20.39;27.95;199.62;306.93;742.18
717310;3.56;0.98;117.00;4938.00;25.50;82.50;36.00;20.39;28.08;212.29;306.52;800.77
717918;3.66;1.01;116.00;4964.00;25.50;82.50;36.00;20.00;27.71;277.01;348.32;624.99
718535;3.50;0.97;117.00;4965.00;25.50;82.50;37.50;19.61;27.42;336.05;336.01;761.71
719158;3.58;1.00;117.00;4957.00;25.50;83.25;37.50;19.61;27.35;346.68;348.20;566.40
719775;3.43;0.98;117.00;4981.00;25.50;83.25;38.25;18.83;26.77;347.89;348.10;683.59
720317;3.80;0.99;118.00;4992.00;25.50;83.25;36.00;21.96;29.16;293.38;320.86;800.77
720995;3.68;0.98;118.00;5065.00;25.50;83.25;36.00;21.57;28.41;203.31;331.19;644.52
721610;3.50;0.96;120.00;5043.00;25.50;83.25;36.75;20.79;28.04;199.52;317.38;761.71
722231;3.39;0.97;120.00;5088.00;25.50;83.25;39.00;19.61;26.63;182.72;219.67;175.78
722920;3.14;0.96;120.00;5107.00;25.50;83.25;40.50;18.04;25.01;241.25;256.70;800.77
723589;3.14;0.97;121.00;5131.00;25.50;83.25;40.50;17.65;24.85;330.35;306.74;781.24
724205;3.14;0.99;121.00;5123.00;25.50;83.25;41.25;16.86;24.28;300.76;333.77;253.90
724829;3.14;1.00;121.00;5128.00;25.50;83.25;41.25;16.47;24.13;304.90;352.65;761.71
725504;3.12;0.99;121.00;5135.00;25.50;83.25;42.00;16.47;24.10;350.04;344.33;703.12
726119;3.14;1.00;121.00;5158.00;25.50;83.25;42.00;16.47;24.08;352.42;340.76;761.71
726732;3.02;0.99;121.00;5137.00;25.50;83.25;42.00;16.08;23.70;326.78;323.94;761.71
727314;3.04;0.99;121.00;5155.00;25.50;83.25;42.00;16.08;23.67;342.07;221.12;156.25
727923;2.97;0.97;121.00;5108.00;25.50;83.25;42.00;15.69;23.62;185.96;224.20;507.81
728540;3.35;0.96;121.00;5136.00;25.50;83.25;39.00;19.61;26.61;207.96;165.26;800.77
729157;3.44;0.98;121.00;5154.00;25.50;83.25;39.00;20.00;26.64;280.18;267.33;781.24
729779;3.34;0.95;121.00;5121.00;25.50;83.25;39.00;20.00;26.77;307.42;332.99;781.24
730310;3.42;0.98;121.00;5167.00;25.50;83.25;39.00;20.00;26.53;335.62;357.20;683.59
730921;3.30;0.96;122.00;5151.00;25.50;83.25;39.00;19.61;26.43;322.64;363.28;781.24
731540;3.22;0.95;121.00;5123.00;25.50;83.25;39.00;19.22;26.18;340.99;345.58;820.30
732158;3.27;0.97;121.00;5111.00;25.50;83.25;39.75;18.83;25.75;341.11;341.13;800.77
732776;3.27;1.00;121.00;5152.00;25.50;83.25;40.50;18.04;25.05;341.11;341.11;742.18
733310;3.25;1.00;121.00;5094.00;25.50;83.25;40.50;17.65;25.02;303.87;285.55;781.24
733923;3.22;0.99;120.00;5095.00;25.50;83.25;40.50;17.65;24.89;190.22;206.10;800.77
734595;3.69;1.01;120.00;5097.00;25.50;83.25;36.75;20.79;27.68;223.56;200.16;742.18
735216;3.74;0.98;121.00;5096.00;25.50;83.25;35.25;22.75;29.17;297.54;310.16;800.77
735837;3.65;0.97;121.00;5107.00;25.50;83.25;36.75;21.57;28.35;337.48;345.25;624.99
736457;3.74;0.98;121.00;5134.00;25.50;83.25;36.00;22.36;28.84;346.64;332.85;585.93
737076;3.54;0.96;121.00;5171.00;25.50;83.25;36.75;21.18;27.91;325.23;315.72;292.97
737698;3.53;0.97;121.00;5108.00;25.50;83.25;36.75;20.79;27.83;349.53;336.87;742.18
738231;3.58;0.98;120.00;5108.00;25.50;83.25;36.75;20.79;27.83;325.99;335.06;410.15
738847;3.39;0.93;121.00;5111.00;25.50;83.25;36.75;20.79;27.71;306.13;321.68;761.71
739465;3.58;0.99;120.00;5094.00;25.50;83.25;36.75;20.79;27.68;295.33;216.35;703.12
740081;3.79;0.99;120.00;5117.00;25.50;83.25;36.00;22.36;28.90;228.44;169.72;605.46
740696;3.80;1.00;120.00;5132.00;25.50;83.25;36.00;22.36;28.93;241.88;244.75;605.46
741224;3.42;0.93;120.00;5125.00;25.50;83.25;36.75;20.79;27.78;325.94;297.54;156.25
741841;3.72;0.96;121.00;5089.00;25.50;83.25;35.25;23.14;29.41;345.86;332.42;781.24
742464;3.69;0.95;121.00;5134.00;25.50;83.25;35.25;23.14;29.38;345.95;355.11;820.30
743126;2.90;0.92;121.00;5177.00;25.50;83.25;40.50;17.65;24.81;325.31;358.81;781.24
743752;2.98;0.97;121.00;5144.00;25.50;83.25;42.00;15.69;23.67;295.41;318.42;800.77
744292;3.50;0.99;121.00;5127.00;25.50;83.25;38.25;20.00;26.89;288.42;318.30;781.24
744914;3.47;0.99;121.00;5160.00;25.50;83.25;39.00;20.00;26.79;228.66;325.62;703.12
745580;2.80;0.95;121.00;5156.00;25.50;83.25;42.75;14.90;22.87;205.07;202.02;722.65
746199;2.80;0.97;121.00;5146.00;25.50;83.25;43.50;13.73;22.41;283.32;180.22;722.65
746810;2.89;0.99;121.00;5112.00;25.50;83.25;43.50;13.73;22.57;329.47;252.58;410.15
747392;2.76;0.95;120.00;5071.00;25.50;83.25;43.50;13.73;22.60;339.72;329.02;742.18
748008;2.66;0.93;120.00;5053.00;25.50;83.25;44.25;12.94;22.10;336.87;336.54;781.24
748634;2.19;0.92;118.00;5025.00;25.50;83.25;47.25;9.41;18.78;345.39;351.64;761.71
749309;2.65;0.97;118.00;4993.00;25.50;83.25;45.00;11.77;21.34;346.97;333.96;781.24
749938;2.38;0.94;117.00;4974.00;25.50;83.25;45.75;9.81;19.89;325.25;340.72;332.03
750622;2.28;0.95;116.00;4934.00;25.50;83.25;46.50;9.02;18.85;340.08;319.34;800.77
751244;0.55;1.00;112.00;4754.00;25.50;83.25;-30.00;0;0;319.24;332.58;19.53
751871;0.56;1.00;108.00;4607.00;25.50;83.25;-30.00;0;0;339.88;323.51;0
752479;0.57;1.00;105.00;4427.00;25.50;83.25;-30.00;0;0;317.28;353.47;0
753096;0.58;1.00;100.00;4235.00;25.50;83.25;-30.00;0;0;330.80;354.39;0
753757;0.58;1.00;96.00;4062.00;25.50;83.25;-30.00;0;0;340.97;347.48;0
754279;0.58;1.00;91.00;3887.00;25.50;83.25;-30.00;0;0;240.61;310.59;0
754931;0.60;1.00;87.00;3681.00;25.50;83.25;-30.00;0;0;251.21;330.45;0
755535;0.61;1.00;83.00;3567.00;25.50;83.25;-30.00;0;0;236.22;338.92;0
756142;2.92;1.00;82.00;5090.00;25.50;83.25;45.00;11.77;21.01;203.01;299.73;742.18
756886;3.36;1.00;85.00;3929.00;25.50;83.25;36.00;13.33;25.73;172.08;275.06;722.65
757506;3.38;1.01;86.00;4005.00;25.50;83.25;36.00;13.73;26.07;110.89;302.13;839.83
758137;2.64;0.95;87.00;4015.00;25.50;83.25;39.75;9.81;21.85;188.54;277.66;195.31
758761;3.77;0.99;88.00;4031.00;25.50;83.25;36.00;15.30;26.82;267.48;333.63;820.30
759312;3.48;1.00;90.00;4126.00;25.50;83.25;34.50;15.30;27.82;311.37;310.23;761.71
759949;5.46;1.00;91.00;4262.00;25.50;83.25;27.00;23.53;35.49;339.98;311.52;683.59
760569;6.08;1.04;95.00;4417.00;25.50;83.25;20.25;33.73;41.87;333.90;305.74;820.30
761242;5.38;1.01;98.00;4567.00;25.50;83.25;23.25;31.38;38.82;342.42;318.91;234.37
761916;5.70;1.07;102.00;4723.00;25.50;83.25;24.00;32.94;38.93;338.77;277.35;761.71
762547;6.30;1.04;106.00;4880.00;25.50;83.25;19.50;40.40;42.30;213.25;200.69;800.77
763187;3.70;1.00;106.00;4532.00;25.50;83.25;35.25;17.65;28.27;159.79;178.45;761.71
763807;4.84;1.01;107.00;4562.00;25.50;83.25;29.25;24.71;34.09;169.97;209.28;58.59
764351;5.47;1.00;110.00;4666.00;25.50;83.25;22.50;33.34;39.50;265.90;286.17;664.05
765030;5.22;1.02;111.00;4751.00;25.50;83.25;24.75;31.77;38.02;326.68;341.21;683.59
765655;5.01;1.04;113.00;4846.00;25.50;83.25;27.00;29.81;35.76;340.00;349.27;820.30
766380;3.15;1.00;115.00;4845.00;25.50;83.25;39.75;16.08;25.02;294.69;348.63;800.77
767054;1.83;0.89;113.00;4828.00;25.50;83.25;47.25;7.84;18.09;272.64;260.59;839.83
767685;1.07;1.00;111.00;4737.00;25.50;83.25;48.75;3.53;8.44;301.37;194.50;917.96
768309;1.12;0.98;108.00;4578.00;25.50;83.25;48.75;3.53;8.91;284.12;200.50;878.90
768941;1.11;0.97;106.00;4476.00;25.50;83.25;48.00;3.53;9.06;234.73;189.77;878.90
769555;2.50;0.95;103.00;4605.00;25.50;83.25;46.50;7.84;17.64;241.25;249.89;800.77
770237;4.82;1.00;105.00;4448.00;25.50;83.25;28.50;23.92;34.26;301.27;307.27;312.50
770866;4.62;1.07;106.00;4475.00;25.50;83.25;30.00;22.36;33.04;297.27;339.82;742.18
771462;5.15;1.00;106.00;4552.00;25.50;83.25;29.25;24.71;34.03;349.61;356.13;78.12
772079;5.44;1.02;108.00;4648.00;25.50;83.25;24.00;31.77;38.82;293.63;317.23;820.30
772715;5.14;1.05;111.00;4727.00;25.50;83.25;26.25;29.02;36.36;332.21;297.01;429.68
773391;4.36;0.99;112.00;4767.00;25.50;83.25;30.00;25.49;33.19;342.60;331.46;800.77
774014;4.26;1.03;115.00;4856.00;25.50;83.25;32.25;24.32;31.58;359.02;329.10;761.71
774635;4.30;1.04;115.00;4907.00;25.50;83.25;33.00;24.32;31.29;339.04;314.37;761.71
775249;4.14;1.01;116.00;4911.00;25.50;83.25;33.00;23.92;31.06;322.54;312.30;742.18
775867;3.76;0.99;116.00;4924.00;25.50;83.25;35.25;21.18;28.88;349.26;341.76;703.12
776407;4.48;1.05;117.00;4937.00;25.50;83.25;31.50;25.89;32.30;351.38;356.68;742.18
777032;4.24;1.02;118.00;4984.00;25.50;83.25;33.75;25.10;31.48;355.78;335.45;566.40
777660;3.79;0.97;118.00;5053.00;25.50;83.25;34.50;23.14;29.57;335.62;350.23;644.52
778281;3.46;0.93;118.00;5006.00;25.50;83.25;36.75;20.79;28.21;348.69;344.14;683.59
778899;3.45;0.98;118.00;5043.00;25.50;83.25;39.00;19.61;26.76;326.85;327.89;722.65
779568;3.35;0.99;118.00;5002.00;25.50;83.25;39.75;18.04;25.93;340.92;292.05;742.18
780187;3.16;0.97;118.00;5016.00;25.50;83.25;40.50;16.86;24.84;330.82;288.28;820.30
780807;3.98;1.03;118.00;5009.00;25.50;83.25;35.25;21.96;29.20;218.46;303.38;839.83
781343;3.39;0.98;118.00;5045.00;25.50;83.25;39.00;19.22;26.52;249.20;244.42;761.71
781970;3.30;1.00;118.00;4997.00;25.50;83.25;40.50;17.65;25.40;280.80;320.41;722.65
782590;3.28;1.01;117.00;5018.00;25.50;83.25;39.75;16.86;24.89;340.25;347.50;683.59
783225;3.21;0.99;117.00;4987.00;25.50;83.25;39.75;16.86;24.94;338.22;355.33;761.71
783889;3.63;1.00;118.00;5027.00;25.50;83.25;36.00;20.39;27.44;318.96;351.58;644.52
784511;3.61;1.00;118.00;5003.00;25.50;83.25;38.25;20.00;27.48;316.25;344.96;722.65
785178;3.42;1.00;118.00;5041.00;25.50;83.25;39.75;18.83;26.14;252.93;274.59;703.12
785796;3.30;0.98;118.00;5013.00;25.50;83.25;39.75;18.04;25.74;206.30;186.02;781.24
786382;3.16;1.00;118.00;5005.00;25.50;83.25;41.25;16.08;24.38;151.03;157.88;761.71
787009;3.12;1.01;118.00;4990.00;25.50;83.25;42.00;15.69;23.93;186.90;192.80;683.59
787683;3.11;1.01;117.00;4977.00;25.50;83.25;41.25;15.30;23.85;205.71;274.08;742.18
788308;3.33;1.02;117.00;4988.00;25.50;83.25;39.75;17.26;25.14;281.72;333.87;761.71
788928;3.39;1.02;117.00;5009.00;25.50;83.25;39.00;18.04;25.54;317.13;347.58;742.18
789594;3.50;1.01;117.00;4998.00;25.50;83.25;38.25;19.22;26.64;345.92;333.40;800.77
790264;3.62;1.00;118.00;5000.00;25.50;83.25;38.25;20.00;27.49;349.04;333.59;742.18
790884;3.46;0.96;118.00;5031.00;25.50;83.25;38.25;20.00;27.33;342.40;342.48;742.18
791413;3.46;0.99;118.00;5060.00;25.50;83.25;39.00;19.61;26.67;339.96;338.83;742.18
792030;3.30;0.97;118.00;5035.00;25.50;83.25;39.75;18.43;25.98;293.13;298.91;703.12
792649;3.37;0.98;120.00;5050.00;25.50;83.25;39.75;18.43;25.91;298.16;313.53;644.52
793278;3.35;1.00;120.00;5070.00;25.50;83.25;39.75;18.43;25.67;224.91;338.26;683.59
793891;3.26;0.97;120.00;5073.00;25.50;83.25;39.75;18.43;25.64;297.17;348.71;800.77
794423;3.57;0.97;120.00;5108.00;25.50;83.25;36.75;21.18;27.92;341.76;347.24;800.77
795083;3.58;0.98;120.00;5067.00;25.50;83.25;36.75;20.39;27.63;346.44;353.65;664.05
795752;3.62;0.98;121.00;5127.00;25.50;83.25;36.75;21.57;28.24;344.47;346.60;683.59
796374;3.69;0.98;121.00;5127.00;25.50;83.25;36.00;21.96;28.54;297.70;335.88;781.24
796992;3.68;0.98;121.00;5130.00;25.50;83.25;36.00;21.96;28.44;313.38;308.83;722.65
797651;3.56;0.97;121.00;5154.00;25.50;83.25;36.75;21.57;28.01;304.18;207.06;722.65
798275;3.26;0.96;121.00;5149.00;25.50;83.25;39.75;18.83;25.98;306.21;182.49;683.59
798895;2.68;0.94;121.00;5121.00;25.50;83.25;44.25;13.33;22.11;311.78;177.63;488.28
799437;2.70;0.96;120.00;5099.00;25.50;83.25;44.25;12.55;21.85;348.04;247.52;761.71
800058;2.50;0.93;120.00;5054.00;25.50;83.25;45.75;11.37;20.77;356.07;326.37;703.12
800676;2.31;0.95;118.00;5020.00;25.50;83.25;47.25;9.81;19.04;351.62;345.06;195.31
801305;2.18;0.92;117.00;4953.00;25.50;83.25;46.50;9.02;18.62;345.45;346.03;156.25
801929;2.23;0.94;116.00;4898.00;25.50;83.25;46.50;8.63;18.67;349.67;344.61;156.25
802545;2.23;0.94;115.00;4846.00;25.50;83.25;46.50;8.63;18.55;344.06;341.13;624.99
803155;2.18;0.93;113.00;4821.00;25.50;83.25;46.50;8.63;18.30;336.60;344.94;78.12
803820;2.10;0.96;112.00;4735.00;25.50;83.25;46.50;7.84;17.24;333.94;340.72;527.34
804417;2.82;1.01;111.00;4706.00;25.50;83.25;42.75;10.98;21.85;317.30;342.56;820.30
805046;2.71;0.98;111.00;4699.00;25.50;83.25;43.50;10.98;21.55;322.11;332.17;761.71
805662;2.63;0.99;110.00;4655.00;25.50;83.25;43.50;10.20;20.79;350.80;361.75;800.77
806286;2.22;0.95;108.00;4639.00;25.50;83.25;45.75;8.24;18.46;353.18;358.00;78.12
806961;2.98;1.00;108.00;4594.00;25.50;83.25;42.00;11.37;22.42;338.44;352.11;664.05
807595;3.50;1.06;108.00;4602.00;25.50;83.25;39.00;14.90;25.63;326.93;290.16;839.83
808214;2.98;0.99;108.00;4604.00;25.50;83.25;41.25;11.77;23.23;332.21;338.51;605.46
808832;3.37;1.01;108.00;4613.00;25.50;83.25;39.00;15.30;25.73;317.44;262.60;742.18
809389;3.51;0.98;108.00;4629.00;25.50;83.25;37.50;17.65;27.55;293.26;206.80;585.93
810007;5.84;1.00;108.00;4636.00;25.50;83.25;27.00;27.85;36.17;326.87;163.84;156.25
810630;5.79;1.04;112.00;4751.00;25.50;83.25;21.75;34.91;40.43;314.43;205.85;546.87
811307;5.46;1.04;115.00;4861.00;25.50;83.25;24.00;33.73;38.10;348.30;320.82;722.65
811929;5.18;1.05;116.00;4961.00;25.50;83.25;26.25;32.16;36.63;354.06;332.44;761.71
812601;4.85;1.00;118.00;5016.00;25.50;83.25;27.75;31.77;35.95;350.50;329.74;664.05
813223;4.88;1.02;120.00;5083.00;25.50;83.25;27.75;31.77;35.56;336.76;345.58;800.77
813836;4.82;1.02;121.00;5126.00;25.50;83.25;28.50;30.98;35.05;343.69;325.66;781.24
814375;4.21;1.00;121.00;5175.00;25.50;83.25;33.00;26.28;31.75;341.46;341.78;839.83
814995;3.60;0.94;122.00;5177.00;25.50;83.25;36.00;22.75;29.06;326.97;271.15;761.71
815624;3.58;0.95;122.00;5180.00;25.50;83.25;36.00;21.96;28.47;213.56;192.49;703.12
816240;3.38;0.95;122.00;5180.00;25.50;83.25;38.25;20.39;27.00;221.88;244.22;761.71
816856;3.40;0.96;121.00;5162.00;25.50;83.25;38.25;20.39;27.13;273.32;253.09;800.77
817391;3.42;0.98;121.00;5164.00;25.50;83.25;39.00;20.00;26.74;315.21;342.32;722.65
818008;3.34;0.95;121.00;5138.00;25.50;83.25;39.00;20.00;26.57;305.59;357.91;312.50
818619;3.64;0.99;121.00;5128.00;25.50;83.25;36.75;21.18;28.11;339.04;338.28;624.99
819239;3.62;0.99;121.00;5121.00;25.50;83.25;36.75;21.18;27.94;310.49;298.95;703.12
819849;3.37;0.95;121.00;5119.00;25.50;83.25;38.25;20.39;27.25;335.82;336.85;722.65
820392;3.50;1.00;121.00;5118.00;25.50;83.25;39.00;19.61;26.76;313.93;339.33;761.71
821011;3.10;0.96;121.00;5117.00;25.50;83.25;40.50;17.65;24.84;316.41;245.61;722.65
821633;3.18;0.99;120.00;5119.00;25.50;83.25;41.25;17.26;24.64;218.31;195.89;722.65
822251;2.82;0.97;120.00;5083.00;25.50;83.25;43.50;13.73;22.38;252.21;207.76;312.50
822921;2.86;0.99;120.00;5094.00;25.50;83.25;43.50;13.33;22.30;327.64;316.03;761.71
823508;3.55;0.99;120.00;5075.00;25.50;83.25;38.25;20.00;27.16;348.40;347.38;449.21
824175;3.80;0.98;121.00;5116.00;25.50;83.25;35.25;22.75;29.28;349.63;350.52;820.30
824804;3.07;0.97;121.00;5129.00;25.50;83.25;41.25;16.86;24.43;353.00;328.89;585.93
825345;3.37;1.02;121.00;5122.00;25.50;83.25;40.50;18.04;25.35;344.96;328.92;761.71
826017;3.23;0.99;121.00;5161.00;25.50;83.25;40.50;17.65;24.97;293.77;281.88;820.30
826631;3.01;1.00;121.00;5145.00;25.50;83.25;42.75;15.30;23.33;302.93;305.12;820.30
827246;2.44;0.93;121.00;5115.00;25.50;83.25;45.75;10.98;20.45;301.39;148.70;703.12
827866;2.47;0.94;120.00;5110.00;25.50;83.25;45.75;10.98;20.34;294.94;155.11;703.12
828410;2.44;0.93;120.00;5080.00;25.50;83.25;45.75;10.98;20.43;338.01;269.96;97.66
829021;2.63;0.97;120.00;5055.00;25.50;83.25;45.00;11.37;21.12;353.79;334.04;624.99
829707;2.58;0.94;118.00;5052.00;25.50;83.25;45.00;11.77;21.39;354.57;345.45;156.25
830328;2.72;0.96;118.00;5023.00;25.50;83.25;44.25;12.55;22.02;315.92;343.40;703.12
831001;2.90;0.98;118.00;5036.00;25.50;83.25;43.50;14.12;22.78;341.36;335.19;703.12
831684;3.15;1.02;120.00;5079.00;25.50;83.25;42.00;15.69;23.67;334.41;319.92;566.40
832304;3.15;1.01;120.00;5081.00;25.50;83.25;42.00;16.08;23.93;338.81;322.66;703.12
832914;3.14;1.01;120.00;5113.00;25.50;83.25;42.00;16.08;23.83;253.50;319.24;761.71
833456;3.09;1.00;121.00;5120.00;25.50;83.25;42.00;15.69;23.72;198.52;235.45;390.62
834076;3.01;0.98;121.00;5126.00;25.50;83.25;42.00;15.69;23.62;281.66;234.18;742.18
834747;3.07;1.00;121.00;5161.00;25.50;83.25;42.75;15.69;23.49;338.22;336.38;585.93
835361;2.70;0.96;121.00;5166.00;25.50;83.25;44.25;12.94;21.72;354.82;326.82;742.18
835982;2.26;0.92;121.00;5134.00;25.50;83.25;47.25;10.20;19.11;345.92;358.49;175.78
836652;2.29;0.96;121.00;5102.00;25.50;83.25;47.25;9.02;18.49;349.59;343.30;156.25
837316;2.28;0.98;120.00;5080.00;25.50;83.25;48.00;9.02;18.31;308.87;296.76;722.65
837936;2.11;0.96;118.00;5043.00;25.50;83.25;48.00;8.24;17.23;208.37;305.41;78.12
838526;2.13;0.99;118.00;4993.00;25.50;82.50;48.75;8.24;16.94;150.93;195.57;761.71
839155;2.06;0.96;117.00;4935.00;25.50;82.50;48.00;7.84;16.81;103.37;144.78;722.65
839783;2.37;0.99;116.00;4932.00;25.50;82.50;46.50;9.02;18.89;196.43;191.16;839.83
840405;1.83;0.93;115.00;4870.00;25.50;82.50;48.00;7.45;15.66;292.13;310.80;39.06
841076;2.00;0.98;113.00;4795.00;25.50;82.50;48.00;7.45;16.22;263.36;335.78;117.19
841698;3.03;1.00;113.00;4781.00;25.50;82.50;42.00;12.94;23.10;241.88;347.52;175.78
842323;3.55;1.06;113.00;4797.00;25.50;82.50;39.00;16.47;25.68;330.58;333.65;820.30
842943;2.38;0.97;112.00;4801.00;25.50;82.50;45.75;9.02;19.34;356.03;150.44;761.71
843537;1.90;0.90;112.00;4727.00;25.50;82.50;46.50;7.84;17.27;350.02;137.71;39.06
844216;2.26;0.97;110.00;4654.00;25.50;82.50;45.75;8.24;18.44;338.01;143.39;136.72
844849;2.39;1.00;108.00;4599.00;25.50;82.50;45.75;8.24;18.87;339.67;105.74;800.77
845386;2.82;1.01;107.00;4538.00;25.50;82.50;42.75;10.59;21.88;346.52;122.75;781.24
846065;2.81;0.98;106.00;4493.00;25.50;82.50;42.00;10.98;22.48;351.34;253.58;703.12
846689;6.56;1.00;107.00;4512.00;25.50;82.50;21.75;34.12;40.79;354.84;332.17;839.83
847311;7.29;1.00;110.00;4658.00;25.50;82.50;16.50;56.08;48.89;356.68;345.97;585.93
847932;7.40;1.02;112.00;4752.00;25.50;82.50;17.25;58.83;49.33;355.91;320.39;488.28
848480;7.02;1.02;115.00;4857.00;25.50;82.50;17.25;54.91;47.46;336.05;338.16;703.12
849101;6.35;1.01;117.00;4948.00;25.50;82.50;18.75;44.32;43.80;324.63;311.33;703.12
849720;5.37;1.03;118.00;5029.00;25.50;82.50;24.75;34.51;37.92;316.37;318.55;761.71
850343;4.88;1.02;118.00;5050.00;25.50;82.50;27.75;30.98;35.49;308.89;307.13;781.24
850972;4.94;1.05;120.00;5064.00;25.50;82.50;28.50;30.98;35.20;283.01;332.54;781.24
851507;4.43;1.02;120.00;5096.00;25.50;82.50;31.50;27.45;32.74;300.66;333.77;742.18
852126;3.88;0.96;120.00;5066.00;25.50;82.50;34.50;24.32;30.39;344.53;349.14;820.30
852798;3.67;0.97;120.00;5064.00;25.50;82.50;36.00;21.57;28.50;334.08;353.90;781.24
853422;3.53;0.97;118.00;5060.00;25.50;82.50;36.75;20.79;27.79;345.80;352.67;761.71
854097;3.33;0.98;118.00;5009.00;25.50;82.50;39.75;18.43;26.00;345.80;330.66;800.77
854711;3.45;1.01;117.00;4991.00;25.50;82.50;38.25;18.43;26.21;340.35;340.60;566.40
855332;3.50;1.02;117.00;4950.00;25.50;82.50;38.25;18.43;26.43;339.80;300.39;781.24
855941;3.38;1.00;117.00;4951.00;25.50;82.50;39.00;17.65;25.83;288.81;312.44;781.24
856476;3.41;1.02;116.00;4931.00;25.50;83.25;39.00;17.26;25.74;304.49;312.30;703.12
857099;3.20;0.98;116.00;4945.00;25.50;83.25;39.75;16.86;25.15;305.70;282.56;683.59
857716;3.34;1.00;116.00;4897.00;25.50;83.25;39.00;17.26;25.64;347.56;330.64;683.59
858407;3.41;1.01;115.00;4903.00;25.50;83.25;39.00;17.65;25.88;355.13;334.04;703.12
859081;3.38;1.00;115.00;4889.00;25.50;83.25;39.00;17.65;25.88;349.16;351.17;703.12
859687;3.47;1.01;115.00;4868.00;25.50;83.25;38.25;17.65;26.31;343.51;320.59;703.12
860303;3.61;1.02;115.00;4846.00;24.75;83.25;37.50;18.83;27.16;232.80;250.55;722.65
860928;3.60;1.02;115.00;4871.00;24.75;83.25;37.50;18.83;27.02;220.16;206.43;585.93
861458;3.58;1.00;115.00;4847.00;24.75;83.25;37.50;18.83;27.23;190.07;231.29;175.78
862070;4.17;1.01;115.00;4795.00;24.75;83.25;33.75;21.96;30.19;180.67;206.18;839.83
862689;4.05;1.03;115.00;4912.00;24.75;83.25;34.50;22.36;30.05;165.77;229.93;781.24
863313;3.70;1.00;115.00;4858.00;24.75;83.25;35.25;20.00;28.51;244.20;274.46;722.65
863983;3.53;0.97;115.00;4891.00;24.75;83.25;36.00;20.00;28.19;304.67;322.07;742.18
864569;3.62;0.97;115.00;4870.00;24.75;83.25;36.00;20.00;28.32;254.07;320.41;644.52
865177;3.87;1.00;115.00;4898.00;24.75;83.25;34.50;21.57;29.38;210.12;287.40;683.59
865794;3.80;1.01;115.00;4908.00;24.75;83.25;35.25;20.79;28.74;254.18;317.48;781.24
866417;3.78;0.98;116.00;4897.00;24.75;83.25;34.50;21.57;29.33;222.39;324.49;546.87
867039;4.01;0.99;116.00;4935.00;24.75;83.25;33.75;23.53;30.65;213.29;342.89;761.71
867715;4.11;1.01;117.00;4943.00;24.75;83.25;33.75;23.53;30.52;196.22;334.35;644.52
868384;3.75;0.96;117.00;4957.00;24.75;83.25;34.50;22.36;29.67;218.05;303.96;742.18
869004;3.82;0.99;117.00;4977.00;24.75;83.25;34.50;21.96;29.27;265.55;256.78;800.77
869670;3.80;1.00;117.00;4971.00;24.75;83.25;35.25;21.57;28.93;335.27;337.65;761.71
870290;3.50;0.96;117.00;4982.00;24.75;83.25;37.50;20.00;27.55;351.21;348.36;703.12
870908;3.65;0.97;117.00;4994.00;24.75;83.25;35.25;21.18;28.59;350.99;352.03;800.77
871454;3.80;1.01;117.00;4961.00;24.75;83.25;35.25;21.18;28.67;332.89;347.48;253.90
872169;3.59;0.98;117.00;4971.00;24.75;83.25;36.00;20.39;27.96;329.14;345.08;136.72
872795;3.95;1.01;117.00;4968.00;24.75;83.25;34.50;22.36;29.63;325.31;322.15;781.24
873417;3.84;0.99;117.00;4995.00;24.75;83.25;34.50;22.36;29.57;249.36;291.00;800.77
874080;3.80;1.01;118.00;5012.00;24.75;83.25;35.25;21.18;28.68;114.70;134.58;820.30
874704;3.40;0.98;118.00;4993.00;24.75;83.25;39.00;18.83;26.56;85.76;119.29;781.24
875374;3.39;1.00;117.00;5012.00;24.75;83.25;39.75;18.43;26.04;266.58;278.17;664.05
876005;3.36;0.98;118.00;4998.00;24.75;83.25;39.75;18.43;26.06;286.13;318.01;742.18
876543;3.32;1.00;118.00;5021.00;24.75;83.25;39.75;17.65;25.31;339.26;344.94;664.05
877160;3.21;0.98;118.00;4996.00;24.75;83.25;40.50;17.26;25.33;346.17;347.36;722.65
877783;3.36;1.03;117.00;5020.00;24.75;83.25;40.50;17.26;25.10;343.06;315.45;742.18
878452;3.25;0.98;118.00;4971.00;24.75;83.25;39.75;17.26;25.33;317.46;233.72;742.18
879067;3.31;1.02;118.00;5011.00;24.75;83.25;39.75;16.86;24.89;318.73;207.60;703.12
879681;3.31;1.02;118.00;4992.00;24.75;83.25;40.50;16.86;24.91;319.06;202.16;781.24
880289;3.30;1.02;118.00;5010.00;24.75;83.25;39.75;16.86;24.92;311.66;248.21;703.12
880950;3.61;1.02;118.00;4995.00;24.75;83.25;37.50;19.61;27.02;305.55;269.24;761.71
881486;3.50;0.98;118.00;5000.00;24.75;83.25;38.25;19.61;27.18;333.10;327.44;781.24
882157;3.57;1.00;118.00;4984.00;24.75;83.25;37.50;19.61;27.03;321.33;325.43;703.12
882776;3.29;0.99;117.00;5002.00;24.75;83.25;39.75;17.65;25.45;318.85;321.74;742.18
883399;3.57;1.01;117.00;4947.00;24.75;83.25;38.25;18.83;26.80;343.57;340.29;781.24
884071;3.56;1.02;117.00;4983.00;24.75;83.25;38.25;18.83;26.61;329.02;341.56;683.59
884681;3.35;0.98;117.00;4963.00;24.75;83.25;38.25;18.43;26.24;339.31;320.64;624.99
885299;3.34;0.99;117.00;4940.00;24.75;83.25;39.00;18.04;25.97;319.04;318.16;781.24
885916;3.42;1.02;117.00;4928.00;24.75;83.25;39.00;17.65;25.75;316.60;205.12;644.52
886503;3.22;0.98;116.00;4934.00;24.75;83.25;39.75;16.86;25.19;315.37;247.09;742.18
887132;3.32;1.02;116.00;4917.00;24.75;83.25;39.75;16.47;25.01;333.88;310.78;800.77
887747;3.22;1.03;116.00;4897.00;24.75;83.25;41.25;15.30;24.08;353.53;338.55;664.05
888367;3.18;1.03;115.00;4901.00;24.75;83.25;41.25;14.90;23.82;332.48;349.39;605.46
888983;3.14;1.02;115.00;4887.00;24.75;83.25;41.25;14.90;23.76;331.05;345.97;273.43
889512;3.08;0.99;115.00;4860.00;24.75;83.25;41.25;14.90;23.90;347.50;342.40;683.59
890125;3.77;1.00;113.00;4868.00;24.75;83.25;36.00;19.61;27.96;328.90;323.26;742.18
890752;3.81;0.99;115.00;4844.00;24.75;83.25;34.50;20.79;29.31;343.49;335.68;800.77
891374;3.82;1.00;115.00;4876.00;24.75;83.25;35.25;20.79;29.04;316.78;316.74;683.59
891998;3.66;0.97;115.00;4877.00;24.75;83.25;35.25;20.79;28.75;337.36;326.87;722.65
892531;3.67;0.97;115.00;4888.00;24.75;83.25;35.25;20.39;28.61;344.69;332.34;742.18
893145;3.73;1.02;115.00;4905.00;24.75;83.25;36.00;19.61;27.88;355.97;348.69;703.12
893765;3.44;0.96;116.00;4885.00;24.75;83.25;37.50;19.22;27.43;352.67;354.41;742.18
894387;3.50;0.99;116.00;4900.00;24.75;83.25;37.50;18.83;27.06;351.07;350.90;742.18
895000;3.58;1.01;116.00;4892.00;24.75;83.25;37.50;18.83;27.10;346.58;350.54;781.24
895532;3.51;1.00;116.00;4916.00;24.75;83.25;38.25;18.83;26.86;345.62;343.55;761.71
896166;3.54;1.00;116.00;4890.00;24.75;83.25;37.50;18.83;26.92;271.86;288.93;722.65
896782;3.40;0.99;116.00;4921.00;24.75;83.25;38.25;18.04;26.26;265.98;322.91;703.12
897401;3.36;0.99;116.00;4919.00;24.75;83.25;39.00;17.65;25.93;141.81;212.88;820.30
898068;3.43;1.01;115.00;4892.00;24.75;83.25;39.00;17.65;26.07;206.76;217.95;644.52
898687;3.47;1.01;116.00;4888.00;24.75;83.25;39.00;17.65;26.04;304.43;327.05;546.87
899300;3.30;0.97;116.00;4889.00;24.75;83.25;39.00;17.65;26.04;322.03;348.38;703.12
899908;3.50;1.03;116.00;4882.00;24.75;83.25;39.00;17.65;26.00;349.57;349.26;781.24
900439;3.42;1.02;116.00;4899.00;24.75;83.25;39.00;17.26;25.74;267.33;345.45;820.30
901111;7.54;1.00;118.00;5046.00;24.75;83.25;18.75;60.79;48.55;226.41;331.83;820.30
901733;6.94;0.96;122.00;5189.00;24.75;83.25;18.75;69.03;49.87;202.82;298.22;800.77
902352;7.33;1.00;126.00;5330.00;24.75;83.25;18.75;75.30;50.14;219.97;299.26;214.84
902970;7.38;1.00;128.00;5446.00;24.75;83.25;17.25;72.16;48.62;200.87;220.51;664.05
903507;7.42;1.04;131.00;5651.00;24.75;83.25;17.25;68.64;47.24;211.31;180.89;507.81
904126;5.53;1.01;133.00;5697.00;24.75;83.25;23.25;47.46;43.16;238.56;298.03;58.59
904799;3.09;1.00;132.00;5630.00;24.75;83.25;43.50;18.04;24.28;325.70;343.71;761.71
905428;2.82;1.03;131.00;5562.00;24.75;83.25;47.25;13.73;21.23;344.96;344.59;761.71
906056;2.62;1.01;130.00;5469.00;24.75;83.25;47.25;11.77;20.06;322.01;327.71;781.24
906674;2.55;0.98;127.00;5413.00;24.75;83.25;47.25;11.77;20.09;339.98;322.75;722.65
907359;2.51;0.95;126.00;5320.00;24.75;83.25;46.50;11.77;20.62;333.79;324.78;722.65
907975;2.51;0.94;125.00;5275.00;24.75;83.25;46.50;11.77;20.75;319.86;327.71;214.84
908507;2.51;0.97;123.00;5209.00;24.75;83.25;46.50;10.98;20.23;291.09;285.82;742.18
909125;2.50;0.97;121.00;5156.00;24.75;83.25;45.75;10.98;20.09;300.10;296.64;722.65
909792;2.72;0.96;120.00;5099.00;24.75;83.25;44.25;12.94;21.97;272.81;335.72;761.71
910423;2.79;0.98;120.00;5051.00;24.75;83.25;44.25;12.94;22.21;340.45;352.30;644.52
911089;3.25;1.05;118.00;5035.00;24.75;83.25;42.00;16.08;24.00;317.54;352.73;781.24
911764;3.34;1.02;118.00;4998.00;24.75;83.25;40.50;17.26;25.08;347.77;334.22;644.52
912384;3.36;0.99;117.00;5007.00;24.75;83.25;39.00;18.04;25.86;345.60;330.80;800.77
913057;3.58;1.01;117.00;4981.00;24.75;83.25;37.50;20.00;27.13;326.93;266.84;781.24
913675;3.64;0.98;117.00;5010.00;24.75;83.25;36.00;20.79;28.31;338.03;324.41;742.18
914295;3.40;0.99;117.00;4970.00;24.75;83.25;38.25;18.43;26.26;339.10;301.06;722.65
914964;3.47;1.02;117.00;4977.00;24.75;83.25;39.00;18.43;26.13;303.30;272.81;761.71
915557;3.36;1.01;117.00;4981.00;24.75;83.25;39.00;17.65;25.64;335.56;313.57;683.59
916174;3.39;1.01;117.00;4960.00;24.75;83.25;39.00;17.65;25.74;350.86;313.18;761.71
916783;3.50;1.02;117.00;4950.00;24.75;83.25;39.00;18.04;26.11;349.72;350.80;644.52
917399;3.42;1.01;117.00;4956.00;24.75;83.25;39.00;18.43;26.09;353.75;330.10;781.24
918014;3.47;1.01;116.00;4886.00;24.75;83.25;38.25;18.04;26.46;346.33;348.22;703.12
918603;3.62;1.00;117.00;4963.00;24.75;83.25;37.50;19.61;27.19;347.01;347.99;761.71
919226;3.73;1.01;117.00;4966.00;24.75;83.25;36.00;20.39;27.96;324.32;336.05;800.77
919847;3.54;0.99;117.00;4977.00;24.75;83.25;37.50;19.61;27.30;304.22;320.29;761.71
920476;3.43;0.97;117.00;5003.00;24.75;83.25;37.50;19.61;27.00;230.73;291.84;742.18
921087;3.55;1.02;117.00;4981.00;24.75;83.25;39.00;19.22;26.70;213.07;315.19;761.71
921706;3.38;1.01;118.00;4999.00;24.75;83.25;39.00;18.04;25.78;210.05;315.31;566.40
922323;3.09;0.97;118.00;5011.00;24.75;83.25;40.50;16.47;24.51;272.48;340.82;683.59
922994;3.10;1.01;117.00;4977.00;24.75;83.25;42.00;14.90;23.53;328.32;347.67;781.24
923587;3.82;1.03;117.00;5008.00;24.75;83.25;36.00;20.79;28.19;347.01;353.12;742.18
924207;3.64;0.98;118.00;4997.00;24.75;83.25;36.75;20.79;28.25;349.35;352.09;781.24
924884;3.55;1.00;118.00;5054.00;24.75;83.25;38.25;20.00;27.00;345.02;330.33;703.12
925507;3.23;1.00;118.00;5024.00;24.75;83.25;40.50;16.86;24.84;340.47;328.65;624.99
926125;3.10;0.99;118.00;5059.00;24.75;83.25;42.00;16.08;24.00;225.65;193.64;781.24
926746;3.09;1.02;118.00;5042.00;24.75;83.25;42.75;15.30;23.30;166.47;156.16;234.37
927363;3.10;1.03;118.00;5027.00;24.75;83.25;42.75;14.90;23.23;222.25;210.16;546.87
927978;2.94;1.00;118.00;5010.00;24.75;83.25;43.50;13.73;22.76;272.46;308.44;136.72
928516;3.23;1.05;118.00;5022.00;24.75;83.25;42.00;15.69;23.89;330.84;339.88;742.18
929134;3.30;1.03;118.00;4999.00;24.75;83.25;41.25;16.47;24.68;324.45;327.87;371.09
929758;3.50;1.00;118.00;5037.00;24.75;83.25;39.00;19.61;26.79;320.45;333.22;761.71
930378;3.48;1.00;120.00;5068.00;24.75;83.25;39.00;19.22;26.47;332.73;339.20;761.71
930992;3.74;1.01;120.00;5067.00;24.75;83.25;36.75;21.18;28.15;342.11;339.47;703.12
931539;3.25;0.95;120.00;5073.00;24.75;83.25;39.75;18.83;25.98;279.01;297.70;683.59
932159;3.32;1.01;120.00;5054.00;24.75;83.25;40.50;17.65;25.11;304.65;302.62;683.59
932823;3.10;0.99;120.00;5079.00;24.75;83.25;42.00;15.69;23.83;324.16;317.81;156.25
933442;3.49;0.98;120.00;5065.00;24.75;83.25;38.25;20.00;26.96;340.64;350.50;781.24
934112;3.74;1.01;120.00;5106.00;24.75;83.25;36.75;21.18;28.12;352.95;336.05;781.24
934783;3.42;0.96;121.00;5130.00;24.75;83.25;38.25;20.39;27.19;360.88;350.58;761.71
935407;3.35;0.99;121.00;5130.00;24.75;83.25;39.75;19.22;25.88;358.24;346.23;585.93
936074;3.25;1.00;121.00;5158.00;24.75;83.25;40.50;18.04;24.98;311.27;305.00;585.93
936608;3.26;0.99;121.00;5177.00;24.75;83.25;40.50;18.04;25.19;298.32;296.58;761.71
937220;3.32;0.98;122.00;5143.00;24.75;83.25;39.75;18.83;25.74;296.88;288.18;175.78
937844;3.23;0.96;122.00;5160.00;24.75;83.25;39.75;18.83;25.70;300.10;145.30;722.65
938506;3.24;0.98;122.00;5168.00;24.75;83.25;40.50;18.43;25.31;162.90;184.64;761.71
939134;3.24;0.99;121.00;5179.00;24.75;83.25;40.50;18.04;25.11;246.78;182.45;722.65
939752;3.20;0.99;121.00;5169.00;24.75;83.25;41.25;17.65;24.79;331.78;298.36;761.71
940367;3.18;0.99;121.00;5145.00;24.75;83.25;41.25;17.26;24.59;321.21;356.60;644.52
941029;3.14;1.00;121.00;5154.00;24.75;83.25;42.00;16.47;24.09;325.35;346.99;136.72
941569;3.13;1.00;121.00;5135.00;24.75;83.25;42.00;16.08;23.76;335.47;325.31;156.25
942231;3.09;0.99;121.00;5118.00;24.75;83.25;42.00;16.08;23.85;339.06;342.32;761.71
942893;3.10;1.01;121.00;5120.00;24.75;83.25;42.00;16.08;23.72;298.32;314.00;722.65
943503;2.99;1.01;121.00;5098.00;24.75;83.25;43.50;14.51;22.86;276.51;242.39;644.52
944177;2.94;0.99;120.00;5104.00;24.75;83.25;42.75;14.90;22.87;237.70;231.24;683.59
944802;3.26;1.01;120.00;5106.00;24.75;83.25;40.50;17.65;24.94;302.66;265.65;800.77
945421;3.20;1.00;120.00;5072.00;24.75;83.25;41.25;17.26;24.59;340.02;338.18;585.93
946090;3.17;0.99;120.00;5056.00;24.75;83.25;41.25;16.86;24.64;351.60;349.22;722.65
946676;3.12;1.01;120.00;5064.00;24.75;83.25;42.00;15.69;23.82;351.99;352.30;703.12
947214;3.14;1.02;120.00;5053.00;24.75;83.25;42.00;15.69;23.76;349.14;348.32;332.03
947828;3.24;1.03;118.00;5055.00;24.75;82.50;41.25;16.47;24.22;326.68;347.24;800.77
948455;3.23;0.99;118.00;5053.00;24.75;82.50;40.50;17.65;25.11;298.59;268.60;742.18
949134;3.19;1.01;118.00;5021.00;24.75;82.50;41.25;16.08;24.22;220.85;323.98;585.93
949753;3.06;1.02;118.00;5022.00;24.75;82.50;42.75;14.90;23.24;189.64;218.64;664.05
950373;2.92;0.99;118.00;5025.00;24.75;82.50;43.50;13.73;22.80;208.05;242.84;97.66
951047;3.03;1.02;117.00;4998.00;24.75;82.50;42.00;13.73;22.96;293.11;308.65;214.84
951738;3.46;1.05;117.00;4953.00;24.75;82.50;39.75;16.86;25.11;346.58;348.02;722.65
952356;3.26;0.99;117.00;4962.00;24.75;82.50;39.75;16.86;25.18;331.13;319.71;742.18
952968;3.58;1.04;117.00;4958.00;24.75;82.50;38.25;18.83;26.50;325.58;344.96;761.71
953514;3.62;1.02;117.00;4972.00;24.75;82.50;37.50;19.61;27.15;333.34;299.61;761.71
954182;3.61;1.01;117.00;4984.00;24.75;82.50;37.50;19.61;27.30;288.85;318.83;664.05
954795;3.66;0.99;118.00;4976.00;24.75;82.50;36.00;20.79;28.25;323.67;318.51;800.77
955419;3.70;1.02;118.00;5017.00;24.75;82.50;36.75;20.39;27.76;315.84;320.19;624.99
956036;3.66;1.00;118.00;5011.00;24.75;82.50;36.75;20.39;27.79;299.63;206.82;800.77
956584;4.02;1.03;118.00;5036.00;24.75;82.50;35.25;22.36;29.33;319.06;253.21;664.05
957202;3.60;0.97;120.00;5036.00;24.75;82.50;36.75;20.79;28.17;348.24;297.01;761.71
957823;3.46;0.99;120.00;5054.00;24.75;82.50;39.00;19.61;26.70;351.01;325.39;644.52
958499;3.50;1.01;120.00;5070.00;24.75;82.50;39.00;19.61;26.61;320.64;311.23;800.77
959113;3.41;1.00;120.00;5055.00;24.75;82.50;39.75;18.83;26.00;325.72;319.65;761.71
959731;3.80;1.02;120.00;5078.00;24.75;82.50;36.00;21.57;28.42;334.69;345.13;781.24
960349;3.51;0.96;120.00;5106.00;24.75;82.50;36.75;20.79;27.69;333.79;327.21;820.30
960967;3.54;0.99;120.00;5076.00;24.75;82.50;38.25;20.39;27.32;319.78;311.00;644.52
961504;3.18;0.98;120.00;5077.00;24.75;82.50;40.50;17.26;24.88;270.55;238.52;156.25
962175;3.16;0.98;120.00;5038.00;24.75;82.50;41.25;16.86;24.79;317.58;238.89;722.65
962793;3.29;1.02;118.00;5047.00;24.75;82.50;40.50;17.26;24.84;343.16;307.60;292.97
963482;3.55;0.98;118.00;5060.00;24.75;82.50;38.25;20.39;27.52;334.45;347.40;703.12
964102;3.61;1.01;120.00;5070.00;24.75;82.50;38.25;20.00;27.23;300.22;352.11;800.77
964642;3.25;1.00;120.00;5067.00;24.75;82.50;40.50;17.26;25.08;336.72;333.55;312.50
965260;2.99;0.97;120.00;5046.00;24.75;82.50;42.00;15.69;23.93;326.64;347.13;664.05
965878;3.00;0.98;118.00;5051.00;24.75;82.50;42.00;15.30;23.53;328.08;334.96;722.65
966500;3.12;1.03;118.00;5052.00;24.75;82.50;42.75;15.30;23.42;334.69;341.50;703.12
967115;2.99;0.98;118.00;5011.00;24.75;82.50;42.00;15.30;23.56;302.17;304.47;703.12
967785;3.07;1.01;118.00;5012.00;24.75;82.50;42.00;15.30;23.56;313.24;226.49;761.71
968397;3.43;1.03;118.00;5028.00;24.75;82.50;40.50;17.65;25.24;340.23;257.27;156.25
969068;3.86;1.03;118.00;5063.00;24.75;82.50;36.00;21.57;28.55;347.48;323.63;761.71
969656;3.52;0.95;120.00;5072.00;24.75;82.50;36.75;21.18;28.06;350.52;347.46;742.18
970277;3.64;0.99;120.00;5092.00;24.75;82.50;36.75;21.18;27.89;352.28;350.68;742.18
970883;3.89;1.01;121.00;5130.00;24.75;82.50;36.00;22.75;29.10;346.66;347.24;761.71
971506;3.53;0.96;121.00;5134.00;24.75;82.50;36.75;20.79;27.74;331.11;316.70;683.59
972177;3.22;0.99;121.00;5102.00;24.75;82.50;40.50;17.65;25.02;308.42;329.20;742.18
972802;3.28;1.00;121.00;5099.00;24.75;82.50;40.50;17.26;24.88;246.39;286.06;722.65
973420;3.22;1.00;120.00;5110.00;24.75;82.50;41.25;17.26;24.75;182.59;266.25;664.05
974089;3.07;0.99;120.00;5087.00;24.75;82.50;42.00;16.08;23.90;242.47;295.96;722.65
974678;2.99;1.00;120.00;5085.00;24.75;82.50;42.75;14.90;23.19;310.41;346.81;703.12
975300;2.94;0.98;120.00;5043.00;24.75;82.50;42.75;14.51;22.99;347.69;347.56;156.25
975966;3.06;1.01;118.00;5066.00;24.75;82.50;42.75;14.90;23.11;333.06;342.79;722.65
976584;3.61;1.03;118.00;5030.00;24.75;82.50;39.00;19.22;26.72;351.46;346.83;742.18
977204;3.80;1.00;118.00;5050.00;24.75;82.50;36.00;21.96;28.81;326.48;344.70;761.71
977829;3.67;0.98;120.00;5071.00;24.75;82.50;36.00;21.57;28.39;339.98;347.59;800.77
978450;3.26;0.97;120.00;5051.00;24.75;82.50;39.75;18.04;25.67;322.87;255.39;781.24
979121;3.74;1.01;120.00;5042.00;24.75;82.50;36.75;20.79;27.78;332.21;152.59;761.71
979661;3.58;0.97;120.00;5045.00;24.75;82.50;36.75;20.79;28.02;296.09;176.08;742.18
980273;3.53;0.97;120.00;5086.00;24.75;83.25;36.75;20.79;27.81;329.35;248.50;800.77
980885;3.65;1.00;120.00;5056.00;24.75;83.25;36.75;20.79;27.81;355.27;327.93;683.59
981502;3.94;1.02;120.00;5075.00;24.75;83.25;35.25;22.36;29.17;353.77;347.77;742.18
982128;3.79;1.00;120.00;5092.00;24.75;83.25;36.00;22.36;28.98;333.75;309.84;800.77
982717;3.75;1.00;120.00;5089.00;24.75;83.25;36.00;21.96;28.48;341.95;316.23;761.71
983381;3.62;0.97;120.00;5083.00;24.75;83.25;36.00;21.57;28.44;340.15;279.03;703.12
984045;3.67;0.99;120.00;5110.00;24.75;83.25;36.75;21.18;28.19;340.15;310.68;761.71
984632;3.65;0.99;120.00;5096.00;24.75;83.25;36.75;21.18;28.17;309.47;288.24;371.09
985292;3.58;1.00;120.00;5089.00;24.75;83.25;38.25;20.39;27.25;210.40;321.80;820.30
985963;3.43;0.99;120.00;5083.00;24.75;83.25;39.00;19.61;26.61;285.24;342.50;742.18
986582;3.39;1.01;120.00;5087.00;24.75;83.25;39.75;18.83;25.84;340.15;341.85;761.71
987208;3.28;1.00;120.00;5084.00;24.75;83.25;40.50;17.65;25.04;343.28;349.24;683.59
987829;3.25;0.99;120.00;5036.00;24.75;83.25;40.50;17.65;25.24;352.11;331.09;742.18
988442;3.34;1.02;118.00;5053.00;24.75;83.25;40.50;17.26;24.99;349.02;349.53;703.12
989061;3.45;1.02;118.00;5030.00;24.75;83.25;39.75;18.43;26.00;345.39;338.14;703.12
989592;3.74;0.99;118.00;5052.00;24.75;83.25;36.00;21.57;28.61;322.38;343.44;781.24
990209;3.78;1.01;120.00;5044.00;24.75;83.25;36.00;21.57;28.54;319.96;311.33;761.71
990826;3.39;0.96;120.00;5077.00;24.75;83.25;39.00;19.61;26.57;315.47;240.38;664.05
991443;3.38;0.99;120.00;5048.00;24.75;83.25;39.75;18.83;25.91;309.59;235.67;585.93
992119;3.31;0.98;120.00;5084.00;24.75;83.25;39.75;18.43;25.74;330.31;306.25;800.77
992659;3.33;1.00;120.00;5057.00;24.75;83.25;40.50;18.04;25.37;353.69;330.55;800.77
993275;3.18;1.00;120.00;5066.00;24.75;83.25;41.25;16.86;24.48;350.80;347.48;722.65
993890;3.02;1.00;120.00;5060.00;24.75;83.25;42.75;14.90;23.19;348.49;348.75;781.24
994504;2.94;0.99;118.00;5047.00;24.75;83.25;43.50;14.51;22.86;325.70;348.01;761.71
995127;2.94;1.00;118.00;5026.00;24.75;83.25;43.50;13.73;22.80;312.42;281.64;742.18
995658;2.99;1.02;118.00;5035.00;24.75;83.25;43.50;13.73;22.76;314.67;327.83;722.65
996280;2.97;0.99;118.00;5004.00;24.75;83.25;42.75;13.73;22.90;219.77;187.88;312.50
996903;2.91;0.96;118.00;5019.00;24.75;83.25;42.75;14.90;23.26;178.84;179.48;78.12
997519;3.38;1.05;118.00;5011.00;24.75;83.25;41.25;16.47;24.51;229.67;233.07;722.65
998144;3.22;1.02;118.00;5035.00;24.75;83.25;41.25;16.08;24.26;323.16;304.79;312.50
998678;3.09;0.99;118.00;5019.00;24.75;83.25;42.00;15.69;23.99;346.50;346.77;703.12
999349;3.14;1.02;118.00;5057.00;24.75;83.25;42.00;15.69;23.75;348.26;348.71;683.59
999962;3.10;1.01;120.00;5063.00;24.75;83.25;42.00;15.69;23.75;347.95;345.47;820.30
1000574;3.13;1.02;120.00;5072.00;24.75;83.25;42.00;15.69;23.67;313.59;323.57;800.77
1001192;3.00;0.98;120.00;5075.00;24.75;83.25;42.00;15.69;23.72;322.23;295.53;722.65
1001808;3.12;1.01;120.00;5073.00;24.75;83.25;42.00;15.69;23.67;291.86;328.12;527.34
1002420;3.09;1.03;120.00;5109.00;24.75;83.25;42.75;14.90;23.11;275.53;202.23;800.77
1003036;3.01;1.00;120.00;5089.00;24.75;83.25;42.75;14.90;23.14;306.87;220.12;253.90
1003566;2.90;0.98;120.00;5110.00;24.75;83.25;42.75;14.90;23.10;341.93;248.54;624.99
1004228;2.98;0.99;121.00;5094.00;24.75;83.25;42.75;14.90;23.04;337.24;321.23;703.12
1004843;2.98;1.00;120.00;5119.00;24.75;83.25;42.75;14.90;23.03;350.19;327.24;136.72
1005473;2.95;1.00;120.00;5109.00;24.75;83.25;43.50;14.51;22.77;346.89;301.00;742.18
1006146;2.86;0.97;120.00;5080.00;24.75;83.25;43.50;14.51;22.83;345.60;339.24;781.24
1006680;2.97;1.01;120.00;5099.00;24.75;83.25;43.50;14.51;22.83;333.92;342.56;624.99
1007290;2.93;0.98;120.00;5070.00;24.75;83.25;42.75;14.90;23.10;337.56;340.70;527.34
1007960;3.12;1.00;120.00;5081.00;24.75;83.25;42.00;16.08;23.93;304.88;260.22;644.52
1008580;3.15;1.00;120.00;5059.00;24.75;83.25;41.25;16.08;24.19;283.52;185.26;722.65
1009191;3.14;1.01;120.00;5062.00;24.75;83.25;42.00;16.08;23.96;336.93;271.70;761.71
1009807;3.06;0.99;120.00;5073.00;24.75;83.25;42.00;16.08;23.89;348.22;331.58;761.71
1010474;3.10;1.00;120.00;5041.00;24.75;83.25;42.00;16.08;23.97;353.36;351.09;742.18
1011154;3.06;1.01;120.00;5035.00;24.75;83.25;42.75;15.30;23.46;331.09;351.91;761.71
1011693;2.96;1.00;118.00;5019.00;24.75;83.25;43.50;13.73;22.86;347.50;323.26;722.65
1012375;3.00;1.00;118.00;5020.00;24.75;83.25;42.75;14.51;23.10;271.82;288.71;722.65
1012989;3.44;1.04;118.00;5012.00;24.75;83.25;40.50;17.26;25.28;314.22;305.59;800.77
1013607;3.54;1.02;118.00;5034.00;24.75;83.25;39.00;18.83;26.34;233.09;315.35;703.12
1014228;3.41;0.99;118.00;5028.00;24.75;83.25;39.00;18.83;26.37;211.67;321.82;800.77
1014891;4.09;1.00;118.00;5055.00;24.75;83.25;35.25;23.14;29.49;273.15;320.96;683.59
1015516;4.13;1.02;120.00;5061.00;24.75;83.25;34.50;24.32;30.65;328.49;332.62;527.34
1016141;4.01;1.01;120.00;5106.00;24.75;83.25;34.50;23.92;30.14;344.72;343.75;644.52
1016676;3.76;0.97;121.00;5101.00;24.75;83.25;35.25;22.75;29.25;349.02;352.24;800.77
1017348;3.70;0.99;121.00;5131.00;24.75;83.25;36.75;21.57;28.35;355.90;345.92;722.65
1017966;3.42;0.96;121.00;5152.00;24.75;83.25;38.25;20.39;27.06;344.33;342.24;175.78
1018585;3.34;0.98;121.00;5144.00;24.75;83.25;39.75;18.83;26.00;340.76;297.58;781.24
1019205;3.29;0.99;121.00;5130.00;24.75;83.25;40.50;18.43;25.47;291.15;308.09;664.05
1019875;3.28;1.01;121.00;5116.00;24.75;83.25;40.50;17.65;24.97;187.80;234.11;703.12
1020494;3.21;1.00;120.00;5116.00;24.75;83.25;40.50;17.26;24.81;250.69;234.89;800.77
1021110;3.14;0.98;120.00;5080.00;24.75;83.25;41.25;17.26;24.71;296.19;262.37;781.24
1021650;3.09;1.00;120.00;5076.00;24.75;83.25;42.00;16.08;23.96;324.67;329.37;624.99
1022267;3.12;0.98;120.00;5094.00;24.75;83.25;41.25;16.86;24.55;353.98;346.74;722.65
1022942;3.43;1.02;120.00;5053.00;24.75;83.25;39.75;18.43;25.77;332.85;349.94;683.59
1023560;3.42;1.00;120.00;5073.00;24.75;83.25;39.00;19.22;26.30;332.01;330.58;800.77
1024181;3.46;1.01;120.00;5063.00;24.75;83.25;39.00;18.83;26.18;327.75;341.99;781.24
1024720;3.30;0.97;120.00;5053.00;24.75;83.25;39.75;18.43;26.01;338.61;290.02;664.05
1025313;3.33;0.99;118.00;5042.00;24.75;83.25;39.75;18.43;25.83;261.00;274.55;761.71
1025978;3.34;1.02;118.00;5039.00;24.75;83.25;40.50;17.65;25.22;208.35;256.92;722.65
1026599;2.89;0.97;118.00;5030.00;24.75;83.25;43.50;13.73;22.81;230.12;296.04;488.28
1027219;2.96;1.00;118.00;5019.00;24.75;83.25;42.75;13.73;22.76;322.52;350.86;371.09
1027885;3.53;1.04;117.00;4981.00;24.75;83.25;39.00;17.65;25.37;347.36;356.68;742.18
1028509;3.47;1.02;117.00;4999.00;24.75;83.25;39.00;18.43;26.10;349.78;352.46;800.77
1029129;3.50;1.00;117.00;4990.00;24.75;83.25;39.00;19.22;26.73;317.44;301.09;800.77
1029668;3.56;1.01;117.00;4975.00;24.75;83.25;38.25;19.22;26.82;326.29;266.98;722.65
1030285;3.44;0.99;117.00;4998.00;24.75;83.25;38.25;19.22;26.69;324.06;240.69;781.24
1030899;3.49;1.01;117.00;4982.00;24.75;83.25;38.25;18.83;26.42;293.95;206.94;781.24
1031561;3.45;1.01;117.00;4986.00;24.75;83.25;38.25;18.43;26.24;220.71;169.60;624.99
1032225;3.30;0.98;117.00;4997.00;24.75;83.25;39.00;17.65;25.60;231.49;199.03;722.65
1032894;3.51;0.99;117.00;4973.00;24.75;83.25;37.50;19.22;26.93;329.65;299.30;683.59
1033514;3.51;0.99;117.00;4978.00;24.75;83.25;37.50;19.61;27.15;315.35;338.92;703.12
1034122;3.59;0.98;117.00;4976.00;24.75;83.25;36.00;20.39;27.91;333.73;347.13;605.46
1034666;3.84;1.02;118.00;5008.00;24.75;83.25;36.00;21.18;28.67;344.35;349.37;800.77
1035386;3.47;0.98;118.00;5001.00;24.75;83.25;38.25;19.22;26.87;348.12;331.74;312.50
1036056;3.75;0.96;118.00;5038.00;24.75;83.25;35.25;22.36;29.14;338.44;322.56;78.12
1036688;4.63;1.06;120.00;5054.00;24.75;83.25;32.25;26.67;32.51;337.36;340.02;800.77
1037367;4.16;0.99;120.00;5070.00;24.75;83.25;33.00;25.49;31.68;300.08;285.84;761.71
1037986;3.82;0.96;121.00;5085.00;24.75;83.25;34.50;23.92;29.90;282.66;306.04;742.18
1038659;3.58;0.94;121.00;5121.00;24.75;83.25;36.00;22.36;28.88;335.33;346.03;703.12
1039337;3.77;0.99;121.00;5143.00;24.75;83.25;36.00;22.36;28.82;341.64;360.52;722.65
1039953;3.92;0.98;122.00;5138.00;24.75;83.25;34.50;24.32;30.46;328.48;371.77;703.12
1040577;4.02;0.99;122.00;5167.00;24.75;83.25;33.75;25.10;30.89;349.72;337.28;800.77
1041197;3.54;0.95;122.00;5211.00;24.75;83.25;36.00;21.96;28.48;314.39;330.33;722.65
1041750;3.45;0.97;122.00;5187.00;24.75;83.25;38.25;20.39;27.15;328.87;342.69;781.24
1042338;3.37;0.96;122.00;5160.00;24.75;83.25;39.00;20.00;26.76;328.59;314.71;722.65
1042956;3.33;0.97;122.00;5151.00;24.75;83.25;39.00;19.22;26.20;273.09;207.99;722.65
1043568;3.86;0.99;122.00;5183.00;24.75;83.25;35.25;23.14;29.40;181.39;235.30;761.71
1044198;3.86;1.00;122.00;5180.00;24.75;83.25;35.25;23.14;29.43;248.13;260.16;703.12
1044778;3.98;0.99;122.00;5156.00;24.75;83.25;34.50;24.32;30.32;322.48;283.20;683.59
1045449;3.66;0.95;122.00;5190.00;24.75;83.25;35.25;23.14;29.37;328.20;340.92;800.77
1046067;3.25;0.92;122.00;5191.00;24.75;83.25;38.25;20.39;27.05;333.51;343.69;761.71
1046685;3.85;0.99;122.00;5187.00;24.75;83.25;35.25;23.53;29.38;312.79;347.95;800.77
1047360;4.06;0.99;122.00;5191.00;24.75;83.25;34.50;25.10;30.68;323.14;310.90;136.72
1047977;4.14;0.99;122.00;5205.00;24.75;83.25;33.75;25.89;31.38;319.96;331.37;703.12
1048595;3.82;0.98;123.00;5211.00;24.75;83.25;35.25;23.92;29.62;293.58;311.87;566.40
1049279;3.68;0.98;122.00;5232.00;24.75;83.25;36.00;22.36;28.52;295.49;251.76;742.18
1049899;3.51;0.95;122.00;5217.00;24.75;83.25;36.75;21.57;28.05;312.77;259.16;722.65
1050571;3.55;0.97;122.00;5204.00;24.75;83.25;36.75;21.18;27.82;347.85;338.34;722.65
1051183;3.60;1.00;122.00;5193.00;24.75;83.25;38.25;20.79;27.53;351.99;346.62;781.24
1051733;3.38;0.97;122.00;5171.00;24.75;83.25;39.00;19.61;26.47;353.90;348.24;781.24
1052402;3.46;0.98;121.00;5186.00;24.75;83.25;38.25;20.39;26.94;308.71;296.06;468.74
1053125;3.88;0.98;122.00;5177.00;24.75;83.25;34.50;24.32;30.12;301.74;338.55;683.59
1053671;3.58;0.95;122.00;5181.00;24.75;83.25;36.00;21.96;28.42;320.96;331.50;742.18
1054298;3.38;0.96;122.00;5179.00;24.75;83.25;39.00;20.39;26.82;322.38;331.70;683.59
1054935;3.44;0.98;122.00;5161.00;24.75;83.25;39.00;20.00;26.64;222.17;234.44;703.12
1055552;3.32;0.97;121.00;5131.00;24.75;83.25;39.75;19.22;26.16;161.02;309.16;722.65
1056172;3.38;0.99;121.00;5136.00;24.75;83.25;39.75;19.22;26.11;257.11;348.08;761.71
1056704;3.33;0.98;121.00;5122.00;24.75;83.25;39.75;19.22;26.16;278.05;342.32;800.77
1057315;3.26;0.98;121.00;5132.00;24.75;83.25;40.50;18.43;25.45;330.31;355.13;742.18
1057932;3.20;0.97;120.00;5123.00;24.75;83.25;39.75;18.43;25.50;339.18;351.31;781.24
1058556;3.48;1.00;120.00;5075.00;24.75;83.25;39.00;19.22;26.47;345.25;336.83;722.65
1059174;3.41;0.99;120.00;5094.00;24.75;83.25;39.00;19.61;26.53;330.88;253.23;742.18
1059762;3.48;1.00;120.00;5076.00;24.75;83.25;39.00;19.22;26.63;303.09;205.71;605.46
1060379;3.91;1.01;120.00;5094.00;24.75;83.25;35.25;23.14;29.49;290.51;193.37;800.77
1060998;3.94;1.00;120.00;5095.00;24.75;83.25;35.25;23.53;29.76;301.66;145.01;585.93
1061611;3.62;0.96;120.00;5094.00;24.75;83.25;36.00;21.96;28.68;322.69;208.42;781.24
1062231;3.62;0.97;121.00;5109.00;24.75;83.25;36.00;21.57;28.41;352.97;275.37;742.18
1062768;3.47;0.96;121.00;5102.00;24.75;83.25;38.25;20.39;27.37;352.24;337.56;234.37
1063362;3.53;0.97;121.00;5113.00;24.75;83.25;38.25;20.39;27.55;303.54;350.13;175.78
1064024;2.92;0.95;120.00;5085.00;24.75;83.25;42.00;16.08;23.88;335.60;342.03;703.12
1064698;3.26;1.00;120.00;5079.00;24.75;83.25;40.50;18.04;25.41;341.29;343.14;781.24
1065368;3.39;1.00;120.00;5042.00;24.75;83.25;39.75;18.43;25.83;342.52;323.32;761.71
1065983;3.26;0.97;118.00;5056.00;24.75;83.25;39.75;18.43;25.75;303.01;289.14;742.18
1066649;3.30;1.00;118.00;5042.00;24.75;83.25;40.50;18.04;25.44;220.65;298.36;703.12
1067318;3.14;0.99;118.00;5041.00;24.75;83.25;41.25;16.47;24.52;230.90;276.68;742.18
1067945;3.14;0.99;118.00;5042.00;24.75;83.25;41.25;16.08;24.28;290.41;331.80;742.18
1068603;3.15;1.02;118.00;5034.00;24.75;83.25;42.00;15.69;23.85;321.58;348.77;722.65
1069278;3.08;1.01;118.00;4992.00;24.75;83.25;42.75;14.90;23.50;347.73;348.59;742.18
1069898;3.14;1.03;117.00;4993.00;24.75;83.25;42.75;14.90;23.42;350.13;349.20;781.24
1070514;3.07;1.02;118.00;4986.00;24.75;83.25;42.75;14.51;23.26;350.78;338.42;800.77
1071183;3.34;1.02;117.00;4985.00;24.75;83.25;39.75;17.26;25.07;334.67;323.03;761.71
1071777;3.96;1.02;118.00;5029.00;24.75;83.25;34.50;22.36;29.40;321.07;317.81;761.71
1072399;3.98;1.02;120.00;5039.00;24.75;83.25;35.25;23.14;29.77;304.08;230.88;781.24
1073075;3.77;0.98;120.00;5067.00;24.75;83.25;36.00;22.36;28.94;328.77;257.97;820.30
1073696;3.66;0.98;120.00;5102.00;24.75;83.25;36.75;21.18;28.29;344.55;332.21;761.71
1074318;3.46;0.94;120.00;5097.00;24.75;83.25;36.75;20.79;27.74;343.40;354.49;761.71
1074982;3.50;0.98;120.00;5102.00;24.75;83.25;38.25;20.00;27.06;327.40;349.92;800.77
1075654;3.04;1.00;121.00;5132.00;24.75;83.25;42.00;16.47;24.12;343.24;318.96;781.24
1076326;2.85;0.97;120.00;5056.00;24.75;83.25;43.50;13.73;22.74;343.63;344.06;800.77
1077003;2.27;1.00;120.00;5049.00;24.75;83.25;48.00;8.63;18.08;340.21;342.19;820.30
1077622;1.38;0.99;117.00;4965.00;24.75;83.25;48.75;4.71;10.88;303.11;276.72;898.43
1078303;0.56;0.97;113.00;4827.00;24.75;83.25;48.75;0.39;4.69;210.22;305.72;859.36
1078921;0.55;1.00;110.00;4628.00;24.75;83.25;-30.00;0;0;202.96;219.44;19.53
1079549;0.65;1.00;106.00;4473.00;24.75;83.25;48.00;0.39;4.84;285.22;278.60;19.53
1080164;1.14;1.00;103.00;4368.00;24.75;83.25;48.00;3.14;8.22;334.76;327.38;878.90
1080755;3.38;0.99;102.00;4378.00;24.75;83.25;38.25;14.51;26.00;327.79;352.15;78.12
1081392;4.44;1.00;105.00;4407.00;24.75;83.25;30.75;21.57;32.33;345.62;347.44;97.66
1082063;4.22;1.06;105.00;4455.00;24.75;83.25;32.25;20.39;31.13;325.78;347.28;742.18
1082749;3.30;0.99;106.00;4501.00;24.75;83.25;38.25;14.51;25.84;342.24;325.76;761.71
1083427;3.97;1.01;106.00;4500.00;24.75;83.25;34.50;17.65;28.38;227.41;307.23;703.12
1084045;4.89;1.07;107.00;4594.00;24.75;83.25;30.00;25.10;34.45;177.33;266.23;820.30
1084668;4.80;1.07;108.00;4611.00;24.75;83.25;30.75;24.71;33.95;166.20;243.68;605.46
1085336;5.43;1.00;110.00;4686.00;24.75;83.25;26.25;29.81;37.18;303.01;292.23;839.83
1085959;5.62;0.95;112.00;4763.00;24.75;83.25;21.75;37.26;42.07;323.73;337.50;156.25
1086631;5.50;0.97;116.00;4873.00;24.75;83.25;22.50;36.47;40.33;346.58;355.35;703.12
1087256;5.56;1.03;117.00;4953.00;24.75;83.25;24.00;35.30;39.00;348.08;351.85;703.12
1087802;4.71;1.00;118.00;5049.00;24.75;83.25;28.50;30.98;35.60;300.70;342.85;605.46
1088398;4.75;1.01;120.00;5117.00;24.75;83.25;29.25;30.98;35.26;284.12;309.28;761.71
1089020;4.71;1.01;121.00;5156.00;24.75;83.25;30.00;30.98;35.12;267.80;334.26;742.18
1089637;4.66;1.01;122.00;5187.00;24.75;83.25;30.75;30.59;34.63;156.49;305.35;800.77
1090255;4.54;1.00;123.00;5213.00;24.75;83.25;30.75;29.42;33.95;183.31;202.33;722.65
1090793;3.79;0.95;123.00;5237.00;24.75;83.25;33.75;25.49;30.75;255.24;246.00;859.36
1091463;3.06;0.91;123.00;5249.00;24.75;83.25;39.75;18.83;25.60;330.04;312.34;292.97
1092084;2.90;0.95;123.00;5186.00;24.75;83.25;42.75;15.69;23.45;349.74;345.95;781.24
1092709;2.92;0.98;122.00;5162.00;24.75;83.25;42.75;14.90;22.96;351.27;347.54;722.65
1093329;3.42;1.01;121.00;5148.00;24.75;83.25;39.75;19.22;26.03;309.94;351.40;800.77
1094002;3.54;0.98;121.00;5140.00;24.75;83.25;38.25;20.79;27.48;266.76;319.24;800.77
1094669;3.43;0.98;121.00;5151.00;24.75;83.25;39.00;20.00;26.69;326.37;224.03;664.05
1095334;3.42;0.99;121.00;5136.00;24.75;83.25;39.00;19.61;26.46;253.21;216.28;761.71
1095949;3.42;1.00;121.00;5140.00;24.75;83.25;39.75;18.83;26.07;138.66;208.83;742.18
1096565;3.18;0.96;121.00;5140.00;24.75;83.25;40.50;18.04;25.34;299.26;155.13;800.77
1097190;3.29;1.00;121.00;5122.00;24.75;83.25;40.50;18.04;25.24;327.32;247.56;683.59
1097726;3.18;0.97;121.00;5116.00;24.75;83.25;40.50;17.65;24.97;340.94;332.65;761.71
1098341;3.18;0.99;121.00;5141.00;24.75;83.25;41.25;17.26;24.72;359.22;280.41;742.18
1098958;3.01;0.95;121.00;5116.00;24.75;83.25;41.25;16.47;24.13;346.42;310.59;722.65
1099623;3.14;1.00;120.00;5089.00;24.75;83.25;41.25;16.47;24.29;320.23;325.82;742.18
1100239;3.54;1.01;121.00;5114.00;24.75;83.25;39.00;19.61;26.69;312.75;318.12;703.12
1100833;3.76;0.99;121.00;5135.00;24.75;83.25;36.00;21.96;28.64;326.33;289.53;800.77
1101454;3.53;0.96;121.00;5143.00;24.75;83.25;36.75;21.18;27.95;336.19;332.58;703.12
1102134;3.51;0.97;122.00;5178.00;24.75;83.25;36.75;21.18;27.69;339.20;342.05;800.77
1102751;3.38;0.97;122.00;5192.00;24.75;83.25;39.00;20.00;26.56;349.41;340.37;781.24
1103368;3.38;0.99;122.00;5166.00;24.75;83.25;39.75;19.22;26.16;353.16;354.37;253.90
1104034;3.32;0.97;122.00;5163.00;24.75;83.25;39.75;19.22;26.17;355.11;335.15;605.46
1104664;3.26;0.96;122.00;5150.00;24.75;83.25;39.75;18.83;25.90;354.22;332.67;566.40
1105329;3.26;0.97;122.00;5156.00;24.75;83.25;39.75;18.83;25.71;349.06;340.99;800.77
1105989;3.24;0.99;121.00;5136.00;24.75;83.25;40.50;18.04;25.05;334.61;339.80;410.15
1106663;3.70;0.97;121.00;5131.00;24.75;83.25;36.00;22.36;28.74;332.99;339.80;781.24
1107287;3.98;1.01;121.00;5169.00;24.75;83.25;35.25;23.92;29.94;148.23;323.59;781.24
1107822;3.92;1.01;122.00;5199.00;24.75;83.25;34.50;24.32;30.22;188.09;300.72;839.83
1108442;3.71;0.98;122.00;5208.00;24.75;83.25;36.00;22.75;28.84;267.58;345.76;351.56
1109061;3.63;0.96;123.00;5231.00;24.75;83.25;36.00;22.75;28.75;331.39;354.98;292.97
1109726;3.36;0.95;122.00;5195.00;24.75;83.25;38.25;20.39;26.92;348.24;338.08;644.52
1110350;3.11;0.96;122.00;5180.00;24.75;83.25;40.50;18.04;25.15;333.87;350.92;800.77
1110967;3.01;0.97;122.00;5161.00;24.75;83.25;42.00;16.08;23.88;346.11;348.84;742.18
1111642;2.78;0.97;121.00;5137.00;24.75;83.25;43.50;13.73;22.38;326.25;320.94;722.65
1112266;2.80;0.97;121.00;5132.00;24.75;83.25;43.50;13.73;22.33;314.86;219.67;703.12
1112796;2.43;0.99;120.00;5084.00;24.75;83.25;46.50;10.20;19.30;269.94;190.59;820.30
1113417;2.19;0.90;118.00;5032.00;24.75;83.25;47.25;9.81;19.02;195.42;198.37;39.06
1114088;2.99;1.02;118.00;5000.00;24.75;83.25;43.50;13.33;22.71;242.04;258.13;859.36
1114723;2.72;0.95;117.00;4968.00;24.75;83.25;43.50;12.16;21.88;282.48;269.30;78.12
1115342;3.12;1.03;117.00;4938.00;24.75;83.25;42.00;14.51;23.45;319.26;332.79;820.30
1115970;3.07;1.01;116.00;4937.00;24.75;83.25;42.00;14.51;23.40;344.70;335.72;664.05
1116595;2.98;0.99;116.00;4944.00;24.75;83.25;42.00;14.12;23.22;329.02;304.45;117.19
1117214;3.47;1.03;116.00;4941.00;24.75;83.25;39.00;17.65;25.80;329.86;311.33;800.77
1117754;3.34;1.00;116.00;4936.00;24.75;83.25;39.00;17.65;25.71;340.88;317.09;781.24
1118367;3.41;1.02;116.00;4927.00;24.75;83.25;39.00;17.26;25.73;339.74;334.02;683.59
1118981;2.90;0.98;116.00;4953.00;24.75;83.25;42.00;13.33;22.90;319.00;318.42;253.90
1119651;3.38;1.01;116.00;4954.00;24.75;83.25;39.00;17.26;25.58;347.40;341.79;781.24
1120270;2.88;0.98;116.00;4942.00;24.75;83.25;42.75;13.33;22.83;352.97;322.17;624.99
1120811;3.94;1.00;117.00;4951.00;24.75;83.25;35.25;21.57;29.16;331.66;354.53;390.62
1121440;3.21;0.99;117.00;4970.00;24.75;83.25;39.00;17.26;25.57;335.37;340.99;781.24
1122062;2.41;0.92;117.00;4964.00;24.75;83.25;45.00;10.59;20.52;343.63;344.31;78.12
1122681;3.57;0.99;117.00;4958.00;24.75;83.25;38.25;18.83;26.61;327.23;329.45;800.77
1123359;3.72;1.00;118.00;4978.00;24.75;83.25;35.25;20.79;28.52;326.13;323.92;820.30
1123981;3.70;1.00;118.00;5013.00;24.75;83.25;36.75;20.79;28.21;323.24;324.18;703.12
1124593;3.60;1.00;118.00;5015.00;24.75;83.25;38.25;20.39;27.53;322.38;292.40;214.84
1125258;3.98;1.02;118.00;5058.00;24.75;83.25;35.25;22.36;29.20;206.53;223.36;644.52
1125803;3.82;0.98;120.00;5056.00;24.75;83.25;36.00;22.36;29.01;209.87;271.39;136.72
1126427;4.25;1.03;120.00;5074.00;24.75;83.25;33.75;25.10;31.15;320.25;334.37;722.65
1127052;3.95;0.97;120.00;5116.00;24.75;83.25;34.50;24.71;30.75;344.14;353.32;800.77
1127720;3.31;0.92;120.00;5063.00;24.75;83.25;38.25;20.39;27.43;348.83;335.58;683.59
1128339;4.12;1.00;120.00;5085.00;24.75;83.25;33.75;24.71;30.96;330.39;312.52;761.71
1128958;4.14;1.01;120.00;5121.00;24.75;83.25;33.75;25.10;30.95;329.67;313.20;624.99
1129675;3.75;0.95;121.00;5105.00;24.75;83.25;35.25;23.53;29.86;328.73;323.05;703.12
1130299;3.55;0.94;121.00;5127.00;24.75;83.25;36.00;21.96;28.50;236.08;240.80;742.18
1130845;3.62;0.97;121.00;5099.00;24.75;83.25;36.75;21.57;28.27;213.81;196.28;742.18
1131516;3.46;0.97;120.00;5099.00;24.75;83.25;38.25;20.39;27.35;231.68;213.99;781.24
1132137;3.26;1.00;120.00;5072.00;24.75;83.25;40.50;17.65;25.30;297.17;306.31;800.77
1132757;3.21;0.97;120.00;5066.00;24.75;83.25;40.50;17.65;25.17;340.56;348.36;722.65
1133419;4.14;1.00;120.00;5044.00;24.75;83.25;34.50;23.53;30.13;343.71;349.96;761.71
1134089;3.91;1.02;120.00;5073.00;24.75;83.25;36.00;22.36;29.11;344.72;349.92;820.30
1134709;3.79;0.98;120.00;5062.00;24.75;83.25;35.25;22.75;29.33;345.17;347.75;703.12
1135328;3.95;1.01;120.00;5077.00;24.75;83.25;35.25;23.14;29.47;342.79;340.78;781.24
1135867;3.47;0.96;120.00;5046.00;24.75;83.25;38.25;20.39;27.52;306.84;340.21;566.40
1136457;4.28;1.02;120.00;5064.00;24.75;83.25;33.75;25.10;31.05;218.27;291.90;800.77
1137126;3.54;0.95;120.00;5063.00;24.75;83.25;36.00;21.57;28.55;224.81;202.33;742.18
1137796;3.70;0.99;118.00;5013.00;24.75;83.25;36.75;21.18;28.32;256.19;300.59;761.71
1138419;3.54;0.98;118.00;5023.00;24.75;83.25;36.75;20.39;27.65;317.28;341.46;703.12
1139084;3.60;0.99;118.00;4980.00;24.75;83.25;36.00;20.00;27.74;351.62;353.00;781.24
1139754;3.53;0.98;117.00;4993.00;24.75;83.25;36.00;20.00;27.66;351.40;350.86;683.59
1140376;4.43;1.00;117.00;4973.00;24.75;83.25;33.00;25.49;31.78;346.76;347.20;97.66
1140996;4.50;1.02;118.00;5021.00;24.75;83.25;32.25;27.45;33.16;242.37;339.35;820.30
1141675;4.90;1.00;120.00;5061.00;24.75;83.25;28.50;31.77;35.91;217.74;323.87;839.83
1142299;5.66;1.01;121.00;5145.00;24.75;83.25;23.25;38.44;39.93;197.74;226.20;742.18
1142839;6.05;0.97;123.00;5251.00;24.75;83.25;21.00;46.28;43.43;223.66;181.73;761.71
1143460;6.68;1.02;126.00;5363.00;24.75;83.25;20.25;52.16;45.30;290.65;233.83;683.59
1144083;7.05;1.02;128.00;5494.00;24.75;83.25;18.00;61.18;46.79;344.26;327.48;781.24
1144753;7.28;1.04;132.00;5634.00;24.75;83.25;18.75;62.75;47.10;336.03;337.26;703.12
1145381;6.82;1.03;135.00;5770.00;24.75;83.25;20.25;56.48;45.54;308.20;285.96;742.18
1146056;5.86;1.02;138.00;5873.00;24.75;83.25;25.50;43.93;40.97;243.70;267.29;781.24
1146730;6.62;1.04;140.00;5948.00;24.75;83.25;21.75;52.55;44.21;250.30;239.59;781.24
1147400;7.14;1.05;142.00;6060.00;24.75;83.25;20.25;60.40;46.14;51.36;49.18;722.65
1148023;6.90;0.99;145.00;6129.00;24.75;83.25;19.50;63.14;46.26;130.68;164.05;781.24
1148659;6.44;1.03;147.00;6236.00;24.75;83.25;24.00;51.38;44.35;203.05;262.54;332.03
1149333;5.53;1.03;147.00;6213.00;24.75;83.25;27.75;41.57;38.91;291.39;331.93;761.71
1149920;6.09;1.03;148.00;6278.00;24.75;83.25;24.75;47.46;41.95;332.71;332.97;703.12
1150546;5.61;1.01;148.00;6308.00;24.75;83.25;27.75;43.53;40.19;304.79;324.02;507.81
1151168;4.27;1.00;148.00;6271.00;24.75;83.25;36.00;30.98;32.30;310.06;258.93;703.12
1151886;3.50;0.98;147.00;6223.00;24.75;83.25;41.25;24.71;27.00;261.02;227.00;800.77
1152509;3.43;1.00;145.00;6145.00;24.75;83.25;42.00;23.14;26.10;239.98;239.11;742.18
1153130;2.88;0.94;143.00;6087.00;24.75;83.25;45.75;18.43;23.20;214.75;190.38;703.12
1153755;2.61;0.97;142.00;5989.00;24.75;83.25;48.75;13.73;20.63;267.58;258.56;644.52
1154392;2.68;0.98;140.00;5915.00;24.75;83.25;48.00;14.12;20.96;278.99;269.77;761.71
1155022;2.59;1.00;137.00;5848.00;24.75;83.25;48.75;12.55;19.96;321.11;320.39;800.77
1155649;3.49;1.02;137.00;5792.00;24.75;84.00;42.00;21.57;25.87;320.16;314.71;214.84
1156272;3.39;0.99;136.00;5771.00;24.75;84.00;42.00;21.18;25.77;254.07;267.70;742.18
1156863;3.34;1.01;135.00;5736.00;24.75;84.00;42.00;20.00;25.02;241.39;231.33;781.24
1157480;3.01;0.98;133.00;5685.00;24.75;84.00;44.25;17.26;23.49;210.71;189.58;820.30
1158100;3.46;1.00;133.00;5651.00;24.75;84.00;40.50;21.57;26.44;176.16;172.08;781.24
1158719;3.42;1.01;132.00;5636.00;24.75;84.00;41.25;20.39;25.75;192.10;142.35;703.12
1159393;3.45;1.02;132.00;5593.00;24.75;84.00;41.25;20.39;25.67;239.50;180.36;624.99
1160013;3.74;1.02;132.00;5567.00;24.75;84.00;38.25;23.14;27.86;271.31;285.61;722.65
1160683;4.62;1.00;132.00;5591.00;24.75;84.00;34.50;28.63;32.05;337.75;341.21;781.24
1161303;4.02;1.00;132.00;5619.00;24.75;84.00;35.25;26.67;30.92;328.63;347.61;781.24
1161835;3.64;1.01;132.00;5615.00;24.75;84.00;39.75;22.36;27.28;320.96;306.37;703.12
1162456;3.24;0.99;131.00;5552.00;24.75;84.00;42.00;18.83;24.94;305.35;339.35;488.28
1163079;4.04;1.01;132.00;5609.00;24.75;84.00;38.25;23.92;28.11;300.92;315.55;195.31
1163754;3.77;1.00;132.00;5596.00;24.75;83.25;37.50;24.71;29.13;243.58;243.15;800.77
1164376;3.27;0.97;131.00;5516.00;24.75;83.25;41.25;20.00;25.74;175.34;200.92;722.65
1165055;3.42;0.99;130.00;5497.00;24.75;83.25;41.25;20.39;26.11;156.12;148.19;117.19
1165675;3.90;1.01;130.00;5498.00;24.75;83.25;36.00;24.32;29.17;150.22;209.22;527.34
1166294;3.75;0.99;130.00;5512.00;24.75;83.25;36.75;23.92;28.78;257.68;314.75;800.77
1166834;3.75;1.01;130.00;5494.00;24.75;83.25;37.50;22.75;28.02;317.19;349.26;683.59
1167500;3.28;0.99;128.00;5491.00;24.75;83.25;40.50;19.61;25.61;308.95;352.17;781.24
1168121;3.31;0.96;128.00;5435.00;24.75;83.25;40.50;20.00;25.84;317.03;346.35;156.25
1168735;3.66;1.00;128.00;5458.00;24.75;83.25;37.50;22.36;27.78;317.79;350.27;781.24
1169463;3.40;0.97;128.00;5414.00;24.75;83.25;39.75;20.39;26.49;282.81;266.27;683.59
1170083;4.55;1.03;128.00;5475.00;24.75;83.25;32.25;29.42;33.08;286.02;281.53;820.30
1170701;4.14;0.99;130.00;5459.00;24.75;83.25;34.50;27.06;31.26;208.91;157.12;742.18
1171425;3.59;0.97;130.00;5484.00;24.75;83.25;37.50;23.14;28.25;252.48;245.32;781.24
1172045;3.43;0.98;128.00;5448.00;24.75;83.25;39.75;20.79;26.67;279.08;331.95;644.52
1172666;3.86;1.00;128.00;5469.00;24.75;83.25;36.00;24.32;29.37;331.37;331.93;800.77
1173336;3.96;1.02;128.00;5483.00;24.75;83.25;36.00;24.71;29.44;345.52;350.86;703.12
1173920;3.46;0.95;128.00;5450.00;24.75;83.25;39.00;21.96;27.53;311.54;346.81;683.59
1174546;3.58;0.99;128.00;5450.00;24.75;83.25;39.00;21.57;27.42;286.45;332.67;624.99
1175161;3.54;0.99;127.00;5433.00;24.75;83.25;39.00;21.57;27.26;296.23;309.26;683.59
1175824;3.29;0.94;127.00;5403.00;24.75;83.25;39.75;20.39;26.39;276.27;299.47;820.30
1176494;3.19;0.97;127.00;5382.00;24.75;83.25;41.25;18.83;25.18;214.34;207.33;761.71
1177113;3.19;0.96;126.00;5365.00;24.75;83.25;41.25;18.83;25.22;251.35;239.59;820.30
1177723;4.10;1.00;126.00;5330.00;24.75;83.25;36.00;24.71;29.87;317.42;340.17;722.65
1178342;4.06;1.01;126.00;5365.00;24.75;83.25;35.25;25.10;30.26;342.50;348.36;761.71
1178881;3.82;0.96;126.00;5367.00;24.75;83.25;36.00;24.71;29.89;354.51;350.58;800.77
1179505;3.80;0.98;126.00;5352.00;24.75;83.25;36.00;23.92;29.27;332.36;351.09;820.30
1180170;3.55;0.97;127.00;5374.00;24.75;83.25;37.50;21.96;27.95;326.17;338.57;761.71
1180794;3.22;0.95;126.00;5354.00;24.75;83.25;40.50;19.61;25.78;229.95;321.19;742.18
1181418;4.07;1.00;126.00;5315.00;24.75;83.25;35.25;25.49;30.66;158.21;340.43;742.18
1182083;4.40;1.02;126.00;5346.00;24.75;83.25;33.00;27.85;32.34;136.63;217.41;761.71
1182704;4.06;0.98;127.00;5367.00;24.75;83.25;34.50;26.28;31.28;176.79;224.46;664.05
1183325;3.62;0.97;127.00;5363.00;24.75;83.25;36.75;23.14;28.64;254.93;265.12;800.77
1183870;3.28;0.97;126.00;5370.00;24.75;83.25;39.75;20.39;26.37;327.09;336.05;703.12
1184493;3.30;0.97;126.00;5332.00;24.75;83.25;40.50;19.61;25.90;342.13;351.91;273.43
1185108;3.70;0.98;126.00;5302.00;24.75;83.25;36.75;23.14;28.70;332.42;350.21;781.24
1185726;3.75;0.98;125.00;5298.00;24.75;83.25;36.75;23.14;28.91;330.45;319.82;742.18
1186388;4.46;1.03;126.00;5329.00;24.75;83.25;33.00;28.24;32.64;322.48;339.96;742.18
1187059;4.04;0.98;126.00;5366.00;24.75;83.25;34.50;26.28;31.37;237.35;339.22;800.77
1187677;3.83;0.98;126.00;5372.00;24.75;83.25;36.00;24.32;29.53;180.61;226.31;800.77
1188288;3.42;0.94;126.00;5367.00;24.75;83.25;39.00;21.57;27.55;155.95;221.31;761.71
1188833;3.62;0.97;126.00;5352.00;24.75;83.25;37.50;22.36;27.92;202.53;276.94;644.52
1189455;3.89;0.98;126.00;5330.00;24.75;83.25;35.25;24.71;30.10;309.28;314.32;800.77
1190126;3.82;0.99;126.00;5336.00;24.75;83.25;36.00;23.92;29.33;342.38;334.90;781.24
1190795;3.36;0.94;126.00;5338.00;24.75;83.25;39.00;21.18;27.22;337.65;323.48;742.18
1191465;3.57;0.95;126.00;5346.00;24.75;83.25;37.50;22.75;28.35;329.74;345.47;761.71
1192069;3.82;0.99;126.00;5326.00;24.75;83.25;36.00;23.92;29.36;321.64;328.79;761.71
1192685;3.87;1.00;125.00;5333.00;24.75;83.25;36.00;23.92;29.46;270.90;330.51;722.65
1193303;3.79;0.98;125.00;5300.00;24.75;84.00;36.00;23.92;29.46;270.74;326.07;800.77
1193837;3.74;0.98;125.00;5311.00;24.75;84.00;36.75;23.14;28.88;251.82;276.21;742.18
1194507;3.57;0.95;125.00;5312.00;24.75;84.00;36.75;22.75;28.47;255.76;302.68;781.24
1195172;3.62;0.96;125.00;5306.00;24.75;84.00;36.75;22.36;28.38;329.67;345.99;761.71
1195786;3.73;0.99;125.00;5289.00;24.75;84.00;36.75;22.75;28.55;351.15;353.16;624.99
1196402;3.73;0.98;125.00;5285.00;24.75;84.00;36.75;23.14;28.75;338.90;338.26;683.59
1197013;3.58;0.95;125.00;5295.00;24.75;84.00;36.75;23.14;28.71;328.12;332.15;820.30
1197627;3.68;0.98;125.00;5289.00;24.75;84.00;36.75;22.36;28.55;346.70;345.39;722.65
1198248;3.58;0.97;125.00;5276.00;24.75;84.00;37.50;21.96;27.91;345.78;318.63;742.18
1198922;3.54;0.97;125.00;5277.00;24.75;84.00;37.50;21.57;27.88;281.19;304.10;761.71
1199535;3.50;0.97;125.00;5276.00;24.75;84.00;39.00;21.18;27.55;186.39;289.73;722.65
1200151;3.23;0.95;123.00;5280.00;24.75;84.00;39.75;19.61;25.97;192.51;314.43;781.24
1200824;3.14;0.96;123.00;5244.00;24.75;84.00;41.25;18.04;25.10;283.95;339.63;742.18
1201492;4.15;0.99;123.00;5269.00;24.75;84.00;33.75;26.67;31.82;344.74;356.21;742.18
1202107;4.48;0.99;126.00;5307.00;24.75;84.00;31.50;30.20;33.96;354.35;338.16;781.24
1202726;4.44;1.00;126.00;5347.00;24.75;84.00;32.25;29.42;33.43;331.62;357.56;644.52
1203352;3.85;0.97;126.00;5331.00;24.75;84.00;35.25;24.71;30.09;334.00;299.06;683.59
1203963;3.62;0.97;127.00;5398.00;24.75;84.00;37.50;22.75;28.19;315.82;272.72;781.24
1204635;3.30;0.97;127.00;5382.00;24.75;84.00;40.50;20.00;26.03;261.62;222.08;761.71
1205252;3.30;0.98;126.00;5362.00;24.75;84.00;40.50;19.22;25.57;214.03;163.70;644.52
1205872;3.15;0.96;126.00;5352.00;24.75;84.00;41.25;18.83;25.21;174.77;167.74;722.65
1206542;3.05;0.98;125.00;5333.00;24.75;84.00;42.75;16.47;23.79;236.88;263.99;605.46
1207164;3.62;0.97;125.00;5308.00;24.75;84.00;37.50;22.36;28.31;310.45;333.03;781.24
1207784;3.64;0.99;125.00;5299.00;24.75;83.25;37.50;21.96;28.05;333.77;346.77;761.71
1208458;3.38;0.98;125.00;5320.00;24.75;83.25;39.75;20.00;26.40;341.38;329.63;488.28
1209078;3.80;1.00;125.00;5309.00;24.75;83.25;36.75;23.14;28.77;344.12;323.28;683.59
1209698;3.74;0.96;125.00;5308.00;24.75;83.25;36.00;23.92;29.41;343.63;253.62;761.71
1210367;3.82;1.00;126.00;5313.00;24.75;83.25;36.75;23.53;29.08;312.83;218.09;624.99
1210961;3.54;0.94;126.00;5335.00;24.75;83.25;36.75;22.36;28.38;294.94;179.27;781.24
1211576;3.65;0.98;126.00;5332.00;24.75;83.25;37.50;22.36;28.11;291.56;161.59;683.59
1212192;3.18;0.94;125.00;5303.00;24.75;83.25;40.50;19.22;25.87;305.14;185.22;761.71
1212871;3.54;0.98;125.00;5279.00;24.75;83.25;37.50;21.57;27.72;327.73;305.61;820.30
1213495;3.29;0.96;125.00;5283.00;24.75;83.25;40.50;19.61;26.03;351.34;333.81;722.65
1214164;3.19;0.96;125.00;5257.00;24.75;83.25;41.25;18.83;25.41;315.33;345.78;781.24
1214780;3.14;0.97;123.00;5235.00;24.75;83.25;40.50;17.65;24.81;343.71;345.23;722.65
1215401;3.02;0.97;123.00;5236.00;24.75;83.25;42.00;16.86;24.05;341.33;345.64;156.25
1215934;3.29;1.00;122.00;5230.00;24.75;83.25;40.50;18.04;24.84;304.49;344.59;742.18
1216606;3.54;1.00;122.00;5217.00;24.75;83.25;39.00;20.39;26.87;313.85;266.02;664.05
1217274;3.38;0.97;122.00;5214.00;24.75;83.25;39.00;20.00;26.63;261.08;197.62;742.18
1217899;3.18;0.97;122.00;5200.00;24.75;83.25;40.50;18.04;25.12;205.20;220.24;664.05
1218518;3.05;0.97;122.00;5160.00;24.75;83.25;41.25;16.86;24.29;248.13;301.62;742.18
1219184;3.75;1.01;122.00;5153.00;24.75;83.25;36.75;21.57;28.17;329.61;343.88;683.59
1219857;3.56;0.96;122.00;5168.00;24.75;83.25;36.75;21.57;28.12;327.58;335.13;703.12
1220467;3.60;0.98;121.00;5164.00;24.75;83.25;36.75;21.57;28.15;349.90;341.68;761.71
1221081;3.38;0.94;122.00;5182.00;24.75;83.25;38.25;20.39;27.32;297.48;345.80;800.77
1221703;3.31;0.98;121.00;5151.00;24.75;83.25;39.75;18.83;25.74;326.58;341.13;156.25
1222325;3.66;0.98;121.00;5169.00;24.75;83.25;36.75;21.96;28.35;318.94;218.54;742.18
1222918;3.71;1.00;121.00;5175.00;24.75;83.25;36.75;21.96;28.31;172.10;229.22;781.24
1223533;3.44;0.94;122.00;5167.00;24.75;83.25;36.75;21.18;27.86;234.56;164.36;703.12
1224151;3.51;0.97;122.00;5187.00;24.75;83.25;36.75;20.79;27.56;261.84;254.96;683.59
1224763;3.98;0.99;122.00;5174.00;24.75;83.25;34.50;25.10;30.55;336.33;332.07;761.71
1225380;4.11;1.02;122.00;5220.00;24.75;83.25;34.50;25.10;30.62;347.89;342.30;722.65
1225910;3.75;0.94;123.00;5213.00;24.75;83.25;34.50;24.32;30.03;349.16;353.34;761.71
1226578;3.81;0.98;123.00;5212.00;24.75;83.25;35.25;23.53;29.43;346.81;349.12;488.28
1227255;3.69;0.97;123.00;5246.00;24.75;83.25;36.00;23.14;28.98;306.45;338.06;820.30
1227876;3.18;0.94;123.00;5249.00;24.75;83.25;39.75;19.22;25.83;304.57;305.10;761.71
1228494;2.95;0.95;123.00;5222.00;24.75;83.25;42.00;16.08;23.78;321.09;309.30;644.52
1229165;2.99;0.97;122.00;5180.00;24.75;83.25;42.75;16.08;23.70;242.64;238.32;761.71
1229784;3.55;0.99;122.00;5167.00;24.75;83.25;38.25;20.79;27.36;301.88;217.56;234.37
1230401;3.97;1.03;122.00;5192.00;24.75;83.25;35.25;23.14;29.34;329.35;305.78;761.71
1230940;3.70;0.97;122.00;5189.00;24.75;83.25;36.00;22.75;28.87;332.79;346.72;800.77
1231611;3.64;0.98;123.00;5239.00;24.75;83.25;36.75;21.96;28.37;335.17;352.73;742.18
1232241;3.16;1.00;123.00;5237.00;24.75;83.25;39.00;19.61;26.29;333.36;328.30;761.71
1232923;2.94;0.92;122.00;5216.00;24.75;83.25;41.25;17.26;24.36;342.61;298.20;742.18
1233544;3.10;0.98;122.00;5198.00;24.75;83.25;41.25;16.86;24.41;321.80;320.21;664.05
1234211;2.94;0.97;122.00;5162.00;24.75;83.25;42.00;15.69;23.52;243.79;239.36;742.18
1234828;3.07;1.00;121.00;5116.00;24.75;83.25;42.00;15.69;23.66;180.05;187.20;761.71
1235443;3.18;1.01;121.00;5102.00;24.75;83.25;41.25;16.47;24.38;211.28;218.21;703.12
1235983;3.09;0.98;120.00;5075.00;24.75;83.25;41.25;16.47;24.16;261.29;278.77;683.59
1236650;2.97;1.00;118.00;5071.00;24.75;83.25;42.75;14.51;22.87;335.47;344.45;546.87
1237279;2.98;1.01;118.00;5026.00;24.75;83.25;42.75;14.12;22.87;346.31;328.94;820.30
1237891;2.81;0.98;117.00;4991.00;24.75;83.25;44.25;12.55;22.17;282.76;335.49;800.77
1238513;2.60;0.96;116.00;4922.00;24.75;83.25;44.25;10.98;21.14;324.98;308.96;781.24
1239182;2.61;0.96;115.00;4894.00;24.75;83.25;44.25;10.98;21.21;336.60;273.15;605.46
1239795;2.54;0.95;113.00;4847.00;24.75;83.25;44.25;10.59;20.89;341.44;231.92;781.24
1240468;2.55;0.96;112.00;4786.00;24.75;83.25;44.25;10.20;20.86;328.18;150.71;761.71
1241086;2.58;0.97;111.00;4737.00;24.75;83.25;43.50;10.20;20.83;325.45;151.36;566.40
1241710;1.93;1.01;110.00;4673.00;24.75;83.25;48.00;6.67;15.30;345.78;238.17;820.30
1242336;1.89;0.97;108.00;4641.00;24.75;83.25;48.00;6.67;15.49;309.12;324.37;722.65
1242869;2.31;0.99;108.00;4569.00;24.75;83.25;45.75;8.24;18.48;345.60;315.00;820.30
1243489;2.30;0.97;107.00;4528.00;24.75;83.25;45.00;8.24;18.71;339.29;336.35;761.71
1244110;2.78;1.00;106.00;4505.00;24.75;83.25;42.00;10.59;21.82;328.63;327.67;722.65
1244791;2.78;0.98;106.00;4532.00;24.75;83.25;42.00;10.59;22.04;336.79;324.73;410.15
1245452;3.44;1.00;105.00;4468.00;24.75;83.25;39.00;13.33;25.04;322.64;270.76;117.19
1245993;3.37;1.03;106.00;4484.00;24.75;83.25;39.00;13.73;25.08;317.38;235.28;390.62
1246619;3.07;1.02;106.00;4504.00;24.75;83.25;40.50;11.77;23.62;184.38;134.37;820.30
1247240;2.58;0.98;106.00;4492.00;24.75;83.25;43.50;9.41;20.70;177.55;175.79;722.65
1247863;2.55;0.97;106.00;4491.00;24.75;83.25;43.50;9.41;20.63;306.48;308.96;781.24
1248474;2.64;0.98;105.00;4485.00;24.75;83.25;42.75;9.81;21.22;339.72;341.07;117.19
1249100;2.68;0.98;105.00;4451.00;24.75;83.25;42.75;10.20;21.38;345.64;346.81;195.31
1249719;2.62;0.98;105.00;4467.00;24.75;83.25;42.75;9.81;20.90;328.90;349.84;273.43
1250383;2.52;0.97;105.00;4444.00;24.75;83.25;43.50;9.02;20.23;344.88;344.47;761.71
1250923;2.14;0.96;103.00;4414.00;24.75;83.25;45.75;7.45;17.66;327.44;319.14;117.19
1251551;2.07;0.98;102.00;4367.00;24.75;83.25;46.50;7.06;16.73;186.61;333.06;722.65
1252176;1.95;0.94;102.00;4321.00;24.75;83.25;45.75;7.06;16.60;152.71;242.84;273.43
1252793;2.36;0.94;101.00;4306.00;24.75;83.25;44.25;7.84;17.72;199.95;234.56;781.24
1253445;2.71;0.93;101.00;4306.00;24.75;83.25;40.50;10.98;22.87;242.39;304.77;58.59
1253987;3.32;1.00;102.00;4337.00;24.75;83.25;38.25;13.73;25.65;313.63;339.72;761.71
1254617;3.45;1.04;102.00;4349.00;24.75;83.25;38.25;14.12;25.75;343.61;345.62;781.24
1255282;3.42;1.01;103.00;4355.00;24.75;83.25;38.25;14.51;26.17;346.25;349.53;742.18
1255911;3.48;1.03;103.00;4391.00;24.75;83.25;38.25;14.51;26.06;345.45;348.18;781.24
1256574;3.39;1.02;105.00;4458.00;24.75;83.25;38.25;14.12;25.74;326.60;230.26;722.65
1257195;2.67;0.96;105.00;4439.00;24.75;83.25;42.00;10.20;21.71;311.80;214.79;136.72
1257863;2.67;0.96;105.00;4424.00;24.75;83.25;42.00;10.20;21.65;178.78;211.16;195.31
1258467;2.63;0.98;105.00;4430.00;24.75;83.25;42.75;9.81;20.98;187.82;212.94;742.18
1259004;1.62;1.00;103.00;4373.00;24.75;83.25;47.25;5.49;12.88;280.63;224.05;859.36
1259677;1.54;0.98;102.00;4311.00;24.75;83.25;46.50;5.10;12.28;338.10;319.02;839.83
1260304;3.11;1.00;101.00;4303.00;24.75;83.25;41.25;10.59;22.35;348.88;340.97;839.83
1260989;3.18;0.99;102.00;4305.00;24.75;83.25;38.25;12.94;25.02;347.95;333.88;644.52
1261615;3.32;1.03;102.00;4336.00;24.75;83.25;38.25;12.94;25.02;332.91;339.47;781.24
1262222;3.24;1.01;102.00;4353.00;24.75;83.25;39.00;12.94;24.92;291.95;332.77;761.71
1262838;3.01;0.96;102.00;4374.00;24.75;83.25;39.00;12.55;24.45;328.49;281.10;214.84
1263455;3.69;1.05;103.00;4369.00;24.75;83.25;36.75;15.30;27.03;305.78;214.15;781.24
1263999;3.58;1.03;103.00;4419.00;24.75;83.25;36.75;15.69;26.90;275.35;205.38;703.12
1264614;3.55;1.03;105.00;4440.00;24.75;83.25;37.50;15.30;26.52;297.85;247.04;722.65
1265234;3.54;1.00;105.00;4459.00;24.75;83.25;36.75;16.08;27.15;322.66;279.59;683.59
1265861;3.46;1.00;106.00;4478.00;24.75;83.25;37.50;15.69;26.72;319.73;333.42;761.71
1266483;3.41;0.97;106.00;4492.00;24.75;83.25;37.50;15.69;26.77;345.45;352.18;722.65
1267066;3.76;0.98;106.00;4532.00;24.75;83.25;33.75;18.83;29.30;353.49;358.59;761.71
1267685;3.92;1.02;107.00;4532.00;24.75;83.25;34.50;18.83;29.30;350.88;345.64;585.93
1268348;3.83;0.99;108.00;4576.00;24.75;83.25;34.50;19.22;29.53;325.76;345.90;117.19
1268968;4.07;1.00;108.00;4600.00;24.75;83.25;33.00;21.18;30.95;321.54;341.07;800.77
1269587;4.12;1.03;110.00;4674.00;24.75;83.25;33.75;21.18;30.38;260.59;293.48;761.71
1270213;3.77;0.99;110.00;4700.00;24.75;83.25;35.25;20.00;29.06;231.88;315.57;703.12
1270837;3.77;1.01;111.00;4746.00;24.75;83.25;35.25;19.61;28.48;255.00;342.60;781.24
1271451;3.77;1.01;112.00;4739.00;24.75;83.25;35.25;19.61;28.52;314.84;317.09;332.03
1271980;3.57;0.98;112.00;4745.00;24.75;83.25;36.00;18.83;27.82;344.74;328.40;761.71
1272611;3.68;1.00;112.00;4786.00;24.75;83.25;36.00;19.22;28.08;332.60;329.55;800.77
1273277;3.34;0.97;113.00;4792.00;24.75;83.25;38.25;17.65;26.64;355.64;315.55;742.18
1273901;4.34;1.01;113.00;4847.00;24.75;83.25;33.75;22.36;29.99;359.94;312.54;624.99
1274521;4.06;1.00;115.00;4881.00;24.75;83.25;33.75;23.14;30.62;347.69;338.77;800.77
1275196;3.67;0.95;115.00;4894.00;24.75;83.25;34.50;21.18;29.28;335.23;333.67;703.12
1275816;3.87;1.00;116.00;4871.00;24.75;83.25;34.50;21.18;29.31;235.90;333.24;195.31
1276483;3.84;1.01;116.00;4911.00;24.75;83.25;35.25;21.18;29.00;243.11;327.05;683.59
1277020;3.66;0.96;116.00;4924.00;24.75;83.25;35.25;21.18;28.93;330.70;347.36;800.77
1277682;3.77;1.00;116.00;4959.00;24.75;83.25;35.25;21.18;28.71;350.58;348.69;507.81
1278345;3.70;0.98;117.00;4995.00;24.75;83.25;35.25;21.18;28.54;348.18;351.36;644.52
1278960;3.82;1.01;118.00;4994.00;24.75;83.25;36.00;21.18;28.62;323.71;326.19;703.12
1279632;3.31;0.96;118.00;5021.00;24.75;83.25;39.00;19.22;26.56;343.94;329.02;722.65
1280258;3.37;0.99;118.00;5012.00;24.75;83.25;39.75;18.43;26.03;341.40;329.43;839.83
1280929;3.29;1.01;118.00;5024.00;24.75;83.25;40.50;16.86;24.87;253.69;318.12;683.59
1281547;3.62;0.97;118.00;5016.00;24.75;83.25;36.00;21.18;28.42;184.56;206.37;742.18
1282217;3.74;1.00;118.00;5048.00;24.75;83.25;36.00;21.18;28.44;236.25;203.97;722.65
1282827;3.66;0.98;118.00;5037.00;24.75;83.25;36.00;21.18;28.50;314.55;304.51;742.18
1283437;3.77;1.01;120.00;5046.00;24.75;83.25;36.00;21.18;28.45;342.50;342.65;722.65
1283976;3.63;0.97;120.00;5049.00;24.75;83.25;36.00;21.18;28.44;353.34;286.66;683.59
1284647;3.56;0.98;120.00;5069.00;24.75;83.25;36.75;20.79;27.74;349.90;335.41;781.24
1285269;3.57;0.98;118.00;5035.00;24.75;83.25;36.75;20.39;27.56;323.67;331.93;722.65
1285886;3.42;0.97;118.00;5065.00;24.75;83.25;38.25;20.00;27.03;316.37;331.31;722.65
1286500;3.50;0.99;118.00;5049.00;24.75;83.25;38.25;20.00;27.00;304.43;339.28;761.71
1287032;3.52;1.00;118.00;5036.00;24.75;83.25;38.25;19.61;27.03;305.76;337.99;253.90
1287652;3.46;1.00;118.00;5026.00;24.75;83.25;39.00;18.83;26.39;300.64;339.59;742.18
1288318;3.31;0.98;118.00;4989.00;24.75;83.25;39.00;18.04;25.98;337.15;347.71;781.24
1288932;3.33;1.00;117.00;4982.00;24.75;83.25;39.00;17.65;25.51;344.06;333.47;703.12
1289559;3.23;0.98;117.00;4961.00;24.75;83.25;39.75;17.26;25.31;353.32;351.83;761.71
1290186;3.39;1.03;117.00;4951.00;24.75;83.25;39.75;16.86;25.35;329.82;346.81;742.18
1290802;3.22;0.98;117.00;4951.00;24.75;83.25;39.75;16.86;25.24;347.69;303.96;683.59
1291410;3.25;0.98;116.00;4924.00;24.75;83.25;39.75;16.86;25.30;342.95;332.05;703.12
1291941;3.21;0.98;116.00;4910.00;24.75;83.25;39.75;16.86;25.37;324.57;336.50;722.65
1292601;3.28;1.00;116.00;4897.00;24.75;83.25;39.75;16.47;25.24;317.48;317.69;742.18
1293217;3.48;1.00;115.00;4895.00;24.75;82.50;39.00;18.04;25.97;288.54;174.75;761.71
1293842;4.02;1.00;116.00;4882.00;24.75;82.50;33.75;22.75;30.29;334.94;205.71;761.71
1294464;3.97;1.00;116.00;4905.00;24.75;82.50;33.75;22.75;30.25;345.64;253.58;820.30
1294993;3.91;1.00;116.00;4920.00;24.75;82.50;34.50;21.96;29.59;350.41;304.36;820.30
1295604;3.68;0.99;116.00;4951.00;24.75;82.50;36.00;20.39;28.28;351.83;326.64;624.99
1296224;3.59;0.96;116.00;4913.00;24.75;82.50;35.25;20.39;28.37;351.36;347.26;703.12
1296839;3.79;1.00;116.00;4922.00;24.75;82.50;35.25;20.39;28.45;345.21;307.21;605.46
1297450;3.60;0.97;116.00;4910.00;24.75;82.50;36.00;20.00;28.12;319.75;247.33;800.77
1297988;3.62;1.00;116.00;4927.00;24.75;82.50;36.00;19.61;27.66;276.86;208.56;703.12
1298610;4.02;1.01;116.00;4900.00;24.75;82.50;33.75;22.36;30.02;186.94;207.58;683.59
1299233;4.30;1.03;116.00;4955.00;24.75;82.50;33.00;24.71;31.59;149.33;209.36;761.71
1299853;4.18;1.02;117.00;4951.00;24.75;82.50;33.00;24.32;31.02;198.23;217.72;664.05
1300473;3.97;0.99;117.00;4985.00;24.75;82.50;33.75;23.14;30.17;277.62;307.21;781.24
1301010;3.86;0.99;117.00;4991.00;24.75;82.50;34.50;22.75;29.71;336.15;345.97;781.24
1301621;3.78;0.97;118.00;4998.00;24.75;82.50;35.25;22.36;29.51;346.44;350.19;781.24
1302260;3.86;0.99;118.00;5021.00;24.75;82.50;34.50;22.36;29.41;304.12;337.11;722.65
1302874;3.66;0.95;118.00;4990.00;24.75;82.50;36.00;21.57;29.06;328.49;296.76;703.12
1303550;3.74;1.00;117.00;5014.00;24.75;82.50;36.00;21.18;28.51;214.21;279.63;683.59
1304171;3.54;0.97;118.00;4993.00;24.75;82.50;36.75;20.39;27.82;196.16;304.63;800.77
1304794;3.63;1.00;118.00;5005.00;24.75;82.50;36.75;20.39;27.75;210.65;236.80;820.30
1305405;3.50;0.96;118.00;5006.00;24.75;82.50;36.00;20.39;27.75;234.83;261.72;761.71
1305935;3.72;0.99;118.00;4995.00;24.75;82.50;35.25;21.18;28.54;325.66;332.75;585.93
1306553;3.65;0.98;117.00;5004.00;24.75;82.50;36.75;20.79;28.24;354.82;353.36;781.24
1307228;3.66;1.00;117.00;4965.00;24.75;82.50;36.00;20.39;27.92;333.24;340.39;546.87
1307846;3.34;0.97;117.00;5021.00;24.75;82.50;38.25;18.83;26.40;326.60;327.89;742.18
1308521;3.21;0.99;117.00;4992.00;24.75;82.50;39.75;16.86;25.02;309.67;344.98;761.71
1309110;3.24;0.98;117.00;4956.00;24.75;82.50;39.75;16.86;25.34;324.98;343.71;781.24
1309723;3.54;1.01;116.00;4944.00;24.75;82.50;38.25;18.83;26.46;333.46;312.40;351.56
1310346;3.90;1.04;117.00;4951.00;24.75;82.50;35.25;21.18;28.64;332.81;332.79;800.77
1310968;3.73;0.99;117.00;4942.00;24.75;83.25;35.25;20.79;28.58;340.43;261.66;683.59
1311588;3.76;1.01;117.00;4948.00;24.75;83.25;36.00;20.39;28.31;297.05;312.54;820.30
1312290;3.45;0.96;117.00;4960.00;24.75;83.25;37.50;20.00;27.45;344.39;341.91;761.71
1312917;3.55;0.98;117.00;4936.00;24.75;83.25;37.50;19.61;27.46;350.09;343.86;703.12
1313538;3.57;0.99;117.00;4935.00;24.75;83.25;37.50;19.61;27.46;352.71;346.17;664.05
1314118;3.50;0.97;116.00;4933.00;24.75;83.25;37.50;19.61;27.48;346.77;329.76;781.24
1314735;3.28;0.99;116.00;4955.00;24.75;83.25;39.00;17.65;25.58;343.12;341.52;781.24
1315351;3.33;1.01;116.00;4916.00;24.75;83.25;39.75;17.26;25.45;338.24;340.84;761.71
1316020;3.31;0.99;116.00;4884.00;24.75;83.25;39.00;16.86;25.63;283.28;317.21;800.77
1316641;3.76;1.00;116.00;4920.00;24.75;83.25;35.25;20.79;28.70;326.09;316.19;781.24
1317259;3.86;1.01;116.00;4900.00;24.75;83.25;35.25;21.18;29.01;321.01;327.73;546.87
1317932;3.44;0.97;116.00;4903.00;24.75;83.25;37.50;18.83;26.96;352.99;349.78;175.78
1318554;3.46;1.01;116.00;4890.00;24.75;83.25;38.25;18.04;26.54;351.07;332.28;644.52
1319092;3.38;1.02;116.00;4894.00;24.75;83.25;39.75;16.86;25.41;350.50;354.02;703.12
1319710;3.26;1.01;115.00;4885.00;24.75;83.25;39.75;16.08;24.82;345.41;351.75;781.24
1320328;3.28;1.01;115.00;4853.00;24.75;83.25;39.75;16.08;24.98;248.71;348.75;624.99
1320987;3.31;1.02;115.00;4849.00;24.75;83.25;39.75;16.08;25.05;177.49;319.08;800.77
1321652;3.76;1.02;115.00;4843.00;24.75;83.25;36.00;19.61;28.11;138.02;251.62;820.30
1322270;3.65;1.00;115.00;4843.00;24.75;83.25;36.00;19.61;27.91;133.78;172.57;781.24
1322903;3.57;0.99;115.00;4870.00;24.75;83.25;37.50;19.22;27.46;192.74;181.86;742.18
1323527;3.57;0.99;115.00;4841.00;24.75;83.25;37.50;19.22;27.52;272.93;238.72;742.18
1324048;3.59;0.99;115.00;4876.00;24.75;83.25;36.00;19.61;27.72;314.22;280.98;683.59
1324715;4.02;1.01;115.00;4881.00;24.75;83.25;33.75;22.36;30.17;334.22;335.45;800.77
1325386;3.96;1.00;115.00;4873.00;24.75;83.25;33.75;22.36;30.23;349.41;339.72;742.18
1325970;3.90;0.98;116.00;4911.00;24.75;83.25;33.75;22.36;30.03;344.67;341.89;800.77
1326586;3.98;1.01;116.00;4910.00;24.75;83.25;33.75;22.36;29.93;341.50;329.59;839.83
1327203;3.92;1.00;116.00;4939.00;24.75;83.25;34.50;22.36;29.77;321.29;324.76;800.77
1327825;3.87;0.99;116.00;4948.00;24.75;83.25;34.50;22.36;29.70;337.26;335.37;664.05
1328490;3.80;0.98;117.00;4938.00;24.75;83.25;34.50;21.96;29.59;337.99;323.89;820.30
1329029;3.70;0.98;117.00;4975.00;24.75;83.25;35.25;21.18;28.70;319.63;314.96;546.87
1329645;3.74;1.00;117.00;4955.00;24.75;83.25;35.25;20.79;28.61;343.59;347.56;761.71
1330265;3.70;0.98;117.00;4977.00;24.75;83.25;35.25;20.79;28.61;348.86;354.59;742.18
1330876;3.66;0.97;117.00;4978.00;24.75;83.25;35.25;20.79;28.52;346.79;353.98;820.30
1331486;3.49;0.94;117.00;4989.00;24.75;83.25;36.00;20.79;28.18;334.37;350.60;781.24
1332027;3.66;0.99;117.00;4975.00;24.75;83.25;36.00;20.39;28.15;342.24;343.85;332.03
1332645;3.54;0.98;117.00;4990.00;24.75;83.25;36.00;20.00;27.68;338.36;298.73;781.24
1333259;3.55;1.00;117.00;4983.00;24.75;83.25;37.50;19.61;27.16;248.58;272.85;703.12
1333878;3.17;0.97;117.00;4987.00;24.75;83.25;39.75;17.26;25.17;177.27;171.43;683.59
1334547;3.25;1.01;117.00;4985.00;24.75;83.25;39.75;16.86;24.87;173.54;167.22;644.52
1335081;3.15;0.99;117.00;4944.00;24.75;83.25;40.50;16.08;24.68;282.48;250.04;761.71
1335754;3.20;1.00;116.00;4942.00;24.75;83.25;40.50;16.08;24.58;325.37;326.31;742.18
1336370;3.28;1.03;116.00;4948.00;24.75;83.25;40.50;16.08;24.55;347.24;326.21;781.24
1336987;3.21;1.01;116.00;4908.00;24.75;83.25;40.50;15.69;24.51;336.95;336.99;683.59
1337653;3.26;1.02;116.00;4877.00;24.75;83.25;40.50;15.69;24.49;256.35;318.51;605.46
1338316;3.13;0.98;115.00;4867.00;24.75;83.25;40.50;15.30;24.42;326.44;315.64;722.65
1338935;3.98;0.99;115.00;4884.00;24.75;83.25;33.75;22.36;30.07;335.92;318.22;742.18
1339553;3.90;0.99;116.00;4892.00;24.75;83.25;34.50;21.96;29.71;331.87;321.01;820.30
1340092;3.59;0.96;116.00;4932.00;24.75;83.25;36.00;20.39;28.35;336.89;319.12;664.05
1340711;3.70;1.00;116.00;4914.00;24.75;83.25;36.00;20.39;28.18;348.86;328.03;781.24
1341379;3.27;0.97;116.00;4921.00;24.75;83.25;39.00;17.65;25.80;352.54;352.52;664.05
1342002;3.41;1.02;116.00;4954.00;24.75;83.25;39.00;17.26;25.54;354.33;337.34;761.71
1342617;3.24;0.98;116.00;4931.00;24.75;83.25;39.75;16.86;25.38;353.08;350.64;742.18
1343239;3.28;1.01;116.00;4934.00;24.75;83.25;39.75;16.47;25.01;347.48;343.73;781.24
1343906;3.17;1.01;116.00;4958.00;24.75;83.25;40.50;15.69;24.29;342.52;310.02;761.71
1344523;3.62;1.02;116.00;4899.00;24.75;83.25;38.25;18.43;26.61;325.00;337.56;664.05
1345113;3.47;0.98;116.00;4924.00;24.75;83.25;37.50;18.83;26.93;338.22;339.72;136.72
1345784;3.59;1.02;116.00;4909.00;24.75;83.25;37.50;18.83;26.93;319.14;187.47;664.05
1346450;3.50;1.00;116.00;4914.00;24.75;83.25;38.25;18.83;26.82;261.74;205.77;800.77
1347120;3.50;1.00;116.00;4935.00;24.75;83.25;38.25;18.83;26.67;337.77;303.57;683.59
1347725;3.21;0.97;116.00;4983.00;24.75;83.25;39.75;17.26;25.31;338.83;337.81;820.30
1348395;3.66;1.02;116.00;4965.00;24.75;83.25;38.25;18.83;26.34;342.13;327.56;605.46
1349014;3.94;0.99;117.00;4942.00;24.75;83.25;33.75;23.14;30.13;285.88;308.24;742.18
1349636;3.59;0.96;117.00;4975.00;24.75;82.50;35.25;21.18;28.58;278.89;318.77;800.77
1350312;3.51;0.98;117.00;4973.00;24.75;82.50;37.50;19.61;27.33;317.87;334.39;742.18
1350933;3.54;1.00;117.00;4992.00;24.75;82.50;37.50;19.61;26.92;312.75;301.99;703.12
1351620;3.51;0.99;117.00;4989.00;24.75;82.50;37.50;19.61;27.09;321.44;330.14;761.71
1352283;3.52;1.00;117.00;5007.00;24.75;82.50;38.25;19.22;26.99;329.06;328.26;820.30
1352953;3.49;0.99;118.00;4977.00;24.75;82.50;38.25;19.22;27.00;338.85;344.88;722.65
1353569;3.50;1.00;118.00;5005.00;24.75;82.50;39.00;19.22;26.73;351.93;337.01;722.65
1354102;3.24;0.98;118.00;5037.00;24.75;82.50;40.50;17.65;25.24;332.50;341.11;742.18
1354720;3.93;1.02;118.00;5004.00;24.75;82.50;36.00;21.96;29.16;333.36;347.75;664.05
1355339;3.74;0.98;118.00;5047.00;24.75;82.50;36.00;21.96;28.95;335.86;326.29;761.71
1355956;3.71;0.97;120.00;5041.00;24.75;82.50;36.00;21.96;28.98;310.92;316.17;742.18
1356625;3.62;0.96;118.00;5076.00;24.75;82.50;36.00;21.57;28.48;334.96;275.78;781.24
1357244;3.30;0.96;120.00;5066.00;24.75;82.50;39.00;19.22;26.36;307.87;234.46;234.37
1357865;4.00;1.02;120.00;5042.00;24.75;82.50;35.25;23.14;29.83;306.46;238.93;761.71
1358537;3.65;0.97;120.00;5072.00;24.75;82.50;36.00;21.96;28.70;337.91;301.89;820.30
1359124;3.28;0.95;120.00;5075.00;24.75;82.50;39.00;19.22;26.24;354.55;340.45;761.71
1359746;3.38;0.99;118.00;5079.00;24.75;82.50;39.00;19.22;26.23;352.75;331.44;722.65
1360360;3.86;1.00;120.00;5055.00;24.75;82.50;35.25;22.36;29.17;349.94;347.83;781.24
1360990;3.71;0.96;120.00;5045.00;24.75;82.50;35.25;22.36;29.34;346.31;345.21;761.71
1361604;3.73;0.99;120.00;5059.00;24.75;82.50;36.00;21.57;28.58;326.09;325.66;703.12
1362143;3.45;0.95;120.00;5075.00;24.75;82.50;36.75;20.39;27.59;339.24;312.42;136.72
1362761;3.54;0.99;120.00;5092.00;24.75;82.50;38.25;20.39;27.45;196.76;195.61;624.99
1363376;3.80;0.99;120.00;5053.00;24.75;82.50;35.25;22.36;29.18;166.43;145.36;800.77
1363990;3.68;0.96;120.00;5098.00;24.75;82.50;36.00;22.36;28.95;226.98;240.39;742.18
1364659;3.89;1.00;121.00;5089.00;24.75;82.50;35.25;23.14;29.60;317.46;299.26;781.24
1365284;4.21;1.01;121.00;5122.00;24.75;82.50;33.00;25.89;31.62;340.74;348.75;742.18
1365908;3.88;0.94;122.00;5145.00;24.75;82.50;33.75;25.49;31.06;352.30;328.16;742.18
1366578;3.75;0.94;122.00;5182.00;24.75;82.50;34.50;24.32;30.23;344.78;344.76;703.12
1367164;3.85;0.98;122.00;5194.00;24.75;82.50;35.25;23.92;29.69;345.11;345.37;781.24
1367784;3.60;0.94;122.00;5183.00;24.75;82.50;36.00;22.75;29.10;301.06;296.23;800.77
1368402;3.70;0.98;122.00;5193.00;24.75;82.50;36.00;22.36;28.74;245.61;223.77;781.24
1369068;3.74;0.99;123.00;5196.00;24.75;82.50;36.00;22.36;28.65;199.56;185.34;703.12
1369684;3.57;0.95;122.00;5197.00;24.75;82.50;36.75;21.96;28.29;249.20;220.55;800.77
1370316;3.43;0.94;122.00;5188.00;24.75;82.50;36.75;21.18;27.75;275.57;297.60;761.71
1370986;3.48;0.98;122.00;5180.00;24.75;82.50;38.25;20.39;27.33;327.03;342.83;624.99
1371605;3.45;0.99;122.00;5143.00;24.75;82.50;39.00;19.61;26.70;354.92;326.70;781.24
1372147;3.30;0.95;121.00;5114.00;24.75;82.50;39.00;19.61;26.66;345.45;345.06;781.24
1372757;3.23;0.98;121.00;5124.00;24.75;82.50;40.50;18.04;25.38;346.13;340.94;742.18
1373380;3.16;0.97;120.00;5109.00;24.75;82.50;40.50;18.04;25.11;340.68;325.08;703.12
1373994;3.67;0.99;120.00;5074.00;24.75;82.50;36.75;21.18;28.18;320.51;301.84;410.15
1374663;3.86;1.00;120.00;5096.00;24.75;82.50;35.25;22.75;29.24;299.67;231.57;781.24
1375288;3.80;0.99;120.00;5099.00;24.75;82.50;36.00;22.75;29.16;284.38;219.09;781.24
1375904;3.63;0.96;120.00;5060.00;24.75;82.50;36.00;21.57;28.64;336.50;253.89;722.65
1376571;3.60;0.97;120.00;5066.00;24.75;82.50;36.75;21.18;28.29;333.53;322.73;761.71
1377110;4.28;1.04;120.00;5083.00;24.75;82.50;33.75;25.10;31.06;342.13;343.32;742.18
1377729;3.72;0.98;120.00;5109.00;24.75;82.50;36.00;22.36;28.90;312.01;351.21;781.24
1378348;3.63;0.98;120.00;5098.00;24.75;82.50;36.75;21.18;28.24;321.83;343.79;683.59
1378967;3.47;0.96;120.00;5070.00;24.75;82.50;36.75;20.39;27.88;320.35;342.28;722.65
1379632;3.23;0.96;120.00;5054.00;24.75;82.50;39.75;18.04;25.63;337.97;326.40;781.24
1380227;3.30;1.01;118.00;5059.00;24.75;82.50;40.50;17.65;25.12;233.11;323.83;761.71
1380849;3.24;0.99;118.00;5028.00;24.75;82.50;40.50;17.26;25.10;211.06;327.36;253.90
1381466;3.35;1.01;118.00;4989.00;24.75;83.25;40.50;17.65;25.35;198.48;295.27;800.77
1382134;3.98;1.01;118.00;5006.00;24.75;83.25;34.50;23.53;30.09;253.85;343.42;742.18
1382751;4.08;1.00;118.00;5025.00;24.75;83.25;34.50;24.32;30.72;321.95;332.89;800.77
1383420;4.02;1.00;118.00;5050.00;24.75;83.25;34.50;24.32;30.49;334.08;349.74;800.77
1384023;3.94;0.99;120.00;5058.00;24.75;83.25;34.50;23.92;30.13;337.93;330.10;664.05
1384649;3.80;0.97;120.00;5072.00;24.75;83.25;35.25;23.14;29.69;339.94;346.58;722.65
1385319;3.83;0.99;120.00;5048.00;24.75;83.25;35.25;22.75;29.37;340.84;342.07;683.59
1385936;3.67;0.97;120.00;5061.00;24.75;83.25;36.00;21.96;28.82;295.51;321.41;781.24
1386605;3.59;0.97;120.00;5085.00;24.75;83.25;36.75;21.18;28.08;309.47;312.93;664.05
1387141;3.62;0.96;120.00;5059.00;24.75;83.25;36.00;21.96;28.73;331.37;325.57;585.93
1387758;3.99;1.01;120.00;5049.00;24.75;83.25;35.25;23.14;29.80;342.28;346.68;781.24
1388482;3.81;1.00;120.00;5071.00;24.75;83.25;36.00;22.36;28.97;351.75;349.24;781.24
1389096;4.05;1.00;120.00;5065.00;24.75;83.25;34.50;24.32;30.52;351.13;350.27;761.71
1389720;4.13;1.00;120.00;5102.00;24.75;83.25;33.75;25.49;31.37;353.81;350.29;800.77
1390388;3.91;0.98;121.00;5098.00;24.75;83.25;34.50;24.32;30.12;345.76;346.60;800.77
1391006;3.78;0.99;121.00;5106.00;24.75;83.25;36.00;22.36;29.00;323.55;303.55;781.24
1391625;3.64;0.97;121.00;5118.00;24.75;83.25;36.00;21.96;28.48;300.29;309.47;761.71
1392159;3.69;0.98;121.00;5086.00;24.75;83.25;36.00;21.57;28.41;229.97;189.23;800.77
1392775;3.35;0.97;120.00;5081.00;24.75;83.25;39.00;19.22;26.21;164.19;165.26;292.97
1393398;3.54;1.00;120.00;5098.00;24.75;83.25;38.25;20.00;27.09;282.21;274.01;683.59
1394069;3.84;1.00;120.00;5069.00;24.75;83.25;36.00;22.36;29.10;340.68;333.81;820.30
1394689;3.80;0.99;120.00;5092.00;24.75;83.25;36.00;22.75;29.16;338.22;317.64;800.77
1395305;3.88;0.99;120.00;5101.00;24.75;83.25;35.25;23.14;29.56;338.18;342.30;761.71
1395920;3.73;0.97;120.00;5077.00;24.75;83.25;35.25;23.14;29.43;343.75;341.93;800.77
1396581;3.48;0.94;120.00;5070.00;24.75;83.25;36.75;21.18;28.31;342.28;340.53;761.71
1397118;3.50;0.97;120.00;5064.00;24.75;83.25;38.25;20.39;27.49;340.27;339.33;742.18
1397736;3.52;0.98;120.00;5073.00;24.75;83.25;38.25;20.00;27.19;277.29;323.42;800.77
1398402;3.54;0.99;118.00;5033.00;24.75;83.25;38.25;20.00;27.39;181.77;319.39;761.71
1399022;3.46;0.97;118.00;5059.00;24.75;83.25;38.25;20.00;27.25;220.71;330.37;742.18
1399636;3.72;0.99;118.00;5048.00;24.75;83.25;36.00;21.96;28.67;302.50;349.33;664.05
1400175;4.15;1.03;120.00;5062.00;24.75;83.25;34.50;24.32;30.42;341.95;351.33;781.24
1400816;3.80;0.98;120.00;5089.00;24.75;83.25;35.25;23.14;29.41;357.73;350.88;703.12
1401435;3.82;0.99;120.00;5074.00;24.75;83.25;35.25;22.75;29.34;350.11;332.09;800.77
1402101;3.76;0.98;120.00;5101.00;24.75;83.25;36.00;22.36;29.03;343.79;333.26;761.71
1402722;3.61;0.96;120.00;5091.00;24.75;83.25;36.00;21.96;28.54;299.34;322.09;800.77
1403344;3.64;0.99;120.00;5090.00;24.75;83.25;36.75;20.79;27.86;292.54;334.71;449.21
1403971;3.54;0.97;120.00;5086.00;24.75;83.25;36.75;20.79;27.76;169.79;253.60;742.18
1404587;3.50;0.96;120.00;5102.00;24.75;83.25;36.75;20.79;27.71;213.38;227.43;664.05
1405119;3.46;0.96;120.00;5078.00;24.75;83.25;36.75;20.39;27.58;280.96;292.56;761.71
1405731;3.27;0.95;120.00;5087.00;24.75;83.25;39.00;19.22;26.33;331.37;337.42;742.18
1406350;3.42;1.00;120.00;5075.00;24.75;83.25;39.00;19.22;26.24;342.63;349.24;742.18
1406956;3.36;0.99;120.00;5092.00;24.75;83.25;39.75;18.83;26.00;354.82;306.66;761.71
1407575;3.38;0.99;120.00;5080.00;24.75;83.25;39.75;18.83;25.94;347.36;338.87;507.81
1408116;3.33;0.98;120.00;5074.00;24.75;83.25;39.75;18.83;25.98;342.42;308.07;761.71
1408738;3.34;0.99;118.00;5060.00;24.75;83.25;39.75;18.43;25.70;340.80;313.71;761.71
1409406;3.31;0.99;118.00;5045.00;24.75;83.25;39.75;18.04;25.65;309.08;332.21;761.71
1410015;3.30;1.00;118.00;5042.00;24.75;83.25;40.50;17.65;25.17;282.25;287.13;820.30
1410638;3.30;1.02;118.00;5044.00;24.75;83.25;40.50;17.26;24.97;296.70;323.59;664.05
1411168;3.10;0.98;118.00;5020.00;24.75;83.25;41.25;16.08;24.30;338.14;349.26;800.77
1411788;2.88;0.98;117.00;5021.00;24.75;83.25;42.75;14.12;22.86;355.04;352.99;781.24
1412406;2.90;0.99;117.00;4977.00;24.75;83.25;43.50;13.33;22.78;354.18;351.62;722.65
1413092;2.91;0.99;117.00;4976.00;24.75;83.25;42.75;13.33;22.78;348.90;348.84;742.18
1413704;2.92;0.99;117.00;4943.00;24.75;83.25;42.75;13.33;22.86;327.65;344.86;781.24
1414313;2.82;0.95;116.00;4921.00;24.75;83.25;42.00;13.33;22.87;338.10;342.22;195.31
1414932;2.86;0.98;116.00;4926.00;24.75;83.25;42.75;12.94;22.50;321.21;338.49;761.71
1415551;2.82;0.98;115.00;4906.00;24.75;83.25;42.75;12.55;22.44;333.71;336.35;703.12
1416086;2.82;0.97;115.00;4876.00;24.75;83.25;42.75;12.55;22.45;306.80;234.20;742.18
1416746;2.82;0.98;115.00;4865.00;24.75;83.25;42.75;12.16;22.21;325.31;237.66;761.71
1417356;3.26;0.99;115.00;4846.00;24.75;83.25;39.75;16.47;25.18;353.00;316.95;312.50
1418031;3.61;0.98;115.00;4861.00;24.75;82.50;36.00;19.61;28.01;352.65;343.75;761.71
1418659;3.66;1.01;115.00;4876.00;24.75;82.50;36.00;19.22;27.56;331.81;349.55;781.24
1419196;3.42;0.99;115.00;4899.00;24.75;82.50;38.25;18.04;26.46;344.06;315.98;624.99
1419814;3.38;0.99;116.00;4919.00;24.75;82.50;39.00;17.65;26.11;236.76;324.45;742.18
1420434;3.39;1.00;116.00;4896.00;24.75;82.50;39.00;17.26;25.75;202.45;332.81;683.59
1421099;3.40;1.02;116.00;4897.00;24.75;82.50;39.00;16.86;25.55;160.32;180.75;664.05
1421716;3.18;0.98;116.00;4909.00;24.75;82.50;39.75;16.47;24.85;158.02;139.52;703.12
1422336;3.30;1.03;116.00;4910.00;24.75;82.50;40.50;16.08;24.65;246.78;237.64;703.12
1422955;3.22;1.02;116.00;4883.00;24.75;82.50;41.25;15.30;24.15;327.30;317.69;605.46
1423577;3.21;1.03;116.00;4883.00;24.75;82.50;41.25;14.90;23.97;345.90;324.32;781.24
1424109;3.18;1.01;115.00;4882.00;24.75;82.50;41.25;14.90;23.99;349.67;350.11;703.12
1424776;3.16;1.02;115.00;4903.00;24.75;82.50;41.25;14.90;23.89;345.29;327.15;703.12
1425384;3.32;1.01;115.00;4912.00;24.75;82.50;40.50;16.08;24.68;298.22;284.94;800.77
1426003;3.43;1.01;116.00;4906.00;24.75;82.50;39.00;17.65;25.98;314.16;241.18;800.77
1426617;3.36;1.00;116.00;4908.00;24.75;82.50;39.00;17.65;25.80;320.10;210.26;644.52
1427205;3.30;0.98;116.00;4910.00;24.75;82.50;39.00;17.26;25.77;215.16;180.36;800.77
1427823;3.42;1.01;116.00;4898.00;24.75;82.50;39.00;17.26;25.80;245.53;195.24;742.18
1428487;3.37;1.01;116.00;4920.00;24.75;82.50;39.00;17.26;25.71;251.39;230.79;312.50
1429098;3.74;0.99;116.00;4949.00;24.75;82.50;36.00;20.39;28.25;314.98;306.87;722.65
1429767;3.78;1.01;116.00;4951.00;24.75;82.50;36.00;20.39;28.25;307.64;337.01;722.65
1430372;3.64;0.99;117.00;4940.00;24.75;82.50;36.00;20.00;27.91;347.09;309.47;722.65
1431038;3.72;1.01;117.00;4910.00;24.75;82.50;36.00;20.00;28.12;345.62;334.16;703.12
1431650;3.61;0.99;117.00;4951.00;24.75;82.50;36.00;20.00;27.85;341.83;280.29;800.77
1432240;3.66;1.01;117.00;4988.00;24.75;82.50;36.00;20.00;27.68;342.52;320.62;761.71
1432854;3.51;0.98;117.00;4965.00;24.75;82.50;37.50;20.00;27.37;338.94;330.56;195.31
1433475;3.46;0.96;117.00;4978.00;24.75;82.50;38.25;19.61;27.35;320.04;310.47;742.18
1434094;3.31;1.00;117.00;4976.00;24.75;82.50;39.00;17.65;25.50;280.69;340.78;800.77
1434763;3.70;1.00;117.00;4952.00;24.75;82.50;36.00;20.39;28.24;344.37;351.97;800.77
1435375;3.63;1.00;117.00;4972.00;24.75;82.50;36.00;20.00;27.74;342.07;326.85;332.03
1435986;3.60;0.99;117.00;4984.00;24.75;82.50;36.00;20.00;27.71;347.24;347.85;644.52
1436599;4.03;1.01;117.00;4989.00;24.75;82.50;33.75;23.53;30.38;344.45;346.97;781.24
1437194;3.97;1.00;118.00;5010.00;24.75;82.50;35.25;23.14;29.90;337.99;339.28;761.71
1437819;3.86;0.99;118.00;5027.00;24.75;82.50;35.25;22.75;29.53;340.74;271.88;761.71
1438481;3.43;0.94;118.00;5046.00;24.75;82.50;36.75;20.79;27.75;323.03;324.41;624.99
1439150;3.65;1.00;118.00;5025.00;24.75;82.50;36.75;20.39;27.78;228.89;299.39;527.34
1439763;3.46;0.96;118.00;5043.00;24.75;82.50;38.25;20.39;27.53;244.59;313.12;781.24
1440378;3.56;0.99;118.00;5034.00;24.75;82.50;38.25;20.00;27.32;317.97;326.23;761.71
1440993;3.51;0.99;118.00;5025.00;24.75;82.50;38.25;19.61;27.09;330.02;346.95;820.30
1441662;3.22;0.99;118.00;4998.00;24.75;82.50;39.75;16.86;24.99;326.17;351.97;410.15
1442201;3.11;0.97;117.00;4987.00;24.75;82.50;41.25;16.47;24.59;328.36;343.38;742.18
1442873;3.11;1.00;117.00;4966.00;24.75;82.50;41.25;15.69;24.06;329.74;328.08;800.77
1443485;3.18;1.03;117.00;4961.00;24.75;82.50;41.25;15.30;24.03;281.27;315.43;761.71
1444099;3.01;0.99;116.00;4935.00;24.75;82.50;42.00;14.51;23.46;293.61;313.10;761.71
1444718;2.86;0.96;116.00;4906.00;24.75;82.50;42.00;13.33;23.00;229.87;291.74;800.77
1445254;2.90;0.98;115.00;4874.00;24.75;82.50;42.75;12.94;22.81;229.32;270.80;781.24
1445877;2.70;0.99;115.00;4855.00;24.75;82.50;44.25;10.98;21.22;264.53;260.71;781.24
1446500;3.02;1.00;113.00;4830.00;24.75;82.50;42.00;13.73;23.47;337.83;308.07;761.71
1447176;3.00;0.99;113.00;4821.00;24.75;82.50;42.00;13.73;23.47;342.42;352.22;722.65
1447836;3.07;1.01;113.00;4805.00;24.75;82.50;41.25;13.33;23.52;211.24;362.46;624.99
1448507;2.77;0.96;112.00;4780.00;24.75;82.50;42.75;11.77;22.33;173.82;268.46;156.25
1449129;2.74;0.98;112.00;4760.00;24.75;82.50;42.75;11.37;21.81;204.64;219.01;800.77
1449811;3.14;0.93;111.00;4725.00;24.75;82.50;41.25;13.33;23.75;154.05;203.76;175.78
1450434;3.62;1.06;111.00;4714.00;24.75;82.50;39.00;16.47;26.29;133.78;196.18;839.83
1451103;3.18;1.00;111.00;4681.00;24.75;82.50;40.50;14.12;24.52;177.55;190.65;761.71
1451729;2.86;0.96;110.00;4656.00;24.75;82.50;42.00;11.77;23.00;209.64;264.32;761.71
1452351;2.64;0.97;110.00;4637.00;24.75;82.50;43.50;10.20;21.21;298.34;330.64;292.97
1452968;3.09;1.02;108.00;4621.00;24.75;82.50;41.25;12.16;23.52;318.22;351.75;820.30
1453591;3.04;0.98;108.00;4562.00;24.75;82.50;40.50;12.55;24.00;344.78;332.60;136.72
1454129;3.08;0.99;107.00;4581.00;24.75;82.50;41.25;12.55;23.95;339.47;347.24;683.59
1454748;3.06;0.99;107.00;4538.00;24.75;82.50;40.50;12.94;24.21;324.53;345.29;703.12
1455364;3.09;0.98;107.00;4536.00;24.75;82.50;40.50;13.33;24.43;340.82;340.82;664.05
1455986;3.22;1.02;107.00;4527.00;24.75;82.50;40.50;13.33;24.58;276.68;306.48;703.12
1456600;3.21;1.01;106.00;4527.00;24.75;82.50;39.75;13.33;24.58;218.44;212.25;742.18
1457132;3.07;1.00;106.00;4491.00;24.75;82.50;40.50;12.16;23.90;231.66;242.76;664.05
1457751;3.63;1.04;106.00;4513.00;24.75;82.50;36.75;15.69;26.92;221.26;175.73;781.24
1458422;2.88;0.99;106.00;4529.00;24.75;82.50;41.25;11.37;23.14;276.25;194.93;683.59
1459040;2.86;0.99;106.00;4456.00;24.75;82.50;41.25;10.98;22.67;327.03;302.77;722.65
1459653;3.34;1.02;106.00;4471.00;24.75;82.50;38.25;14.12;25.54;345.93;321.39;781.24
1460193;3.59;1.03;106.00;4499.00;24.75;82.50;36.75;16.08;26.94;344.00;335.45;839.83
1460823;3.83;1.01;106.00;4515.00;24.75;82.50;34.50;18.43;28.98;344.12;323.63;703.12
1461447;3.79;1.01;107.00;4514.00;24.75;82.50;35.25;18.04;28.55;342.48;322.91;742.18
1462066;3.75;1.01;106.00;4535.00;24.75;82.50;34.50;18.04;28.42;223.42;254.48;703.12
1462731;3.77;1.02;107.00;4563.00;24.75;82.50;36.00;18.04;28.24;214.09;223.54;585.93
1463282;3.77;1.02;107.00;4566.00;24.75;82.50;35.25;18.04;28.47;215.98;207.76;781.24
1463892;3.82;1.01;107.00;4584.00;24.75;82.50;35.25;18.43;28.75;313.77;259.12;156.25
1464508;3.78;1.02;108.00;4587.00;24.75;82.50;36.00;18.04;28.27;344.08;319.43;781.24
1465132;3.66;1.00;108.00;4575.00;24.75;82.50;36.00;18.04;28.18;349.96;341.79;761.71
1465750;3.63;1.00;108.00;4604.00;24.75;82.50;36.00;17.65;27.95;346.97;346.68;722.65
1466363;3.68;1.02;108.00;4616.00;24.75;82.50;36.00;17.65;27.75;344.43;282.09;664.05
1466974;3.65;1.00;108.00;4606.00;24.75;82.50;36.00;17.65;27.74;245.90;226.53;117.19
1467585;4.10;1.03;110.00;4627.00;24.75;82.50;33.75;20.39;30.13;220.24;172.90;683.59
1468209;3.96;1.01;110.00;4639.00;24.75;82.50;34.50;20.39;29.93;173.06;147.88;742.18
1468825;4.06;1.04;110.00;4659.00;24.75;82.50;34.50;20.39;29.80;186.41;209.77;703.12
1469489;3.78;1.02;110.00;4673.00;24.75;82.50;36.00;18.83;28.22;215.92;280.69;800.77
1470116;3.68;1.00;110.00;4706.00;24.75;82.50;36.00;18.83;28.05;300.63;343.42;156.25
1470732;3.79;1.03;111.00;4673.00;24.75;82.50;36.00;18.83;28.25;302.64;352.38;703.12
1471268;3.56;0.99;111.00;4692.00;24.75;82.50;37.50;18.04;27.46;306.31;350.13;703.12
1471881;3.54;1.01;111.00;4682.00;24.75;82.50;37.50;17.26;26.90;314.98;343.67;761.71
1472497;3.54;1.01;111.00;4693.00;24.75;82.50;38.25;16.86;26.74;306.64;324.32;761.71
1473156;3.29;0.99;110.00;4672.00;24.75;82.50;39.00;15.69;25.87;291.15;343.40;507.81
1473778;4.00;1.04;111.00;4702.00;24.75;82.50;34.50;20.39;29.20;214.34;328.63;566.40
1474451;4.09;1.00;111.00;4728.00;24.75;82.50;33.00;22.36;30.98;187.49;336.23;800.77
1475128;4.09;1.02;112.00;4753.00;24.75;82.50;33.75;21.57;30.53;255.39;317.07;800.77
1475747;3.75;0.98;112.00;4738.00;24.75;82.50;35.25;20.00;29.10;314.65;290.59;781.24
1476290;3.58;1.00;112.00;4745.00;24.75;82.50;37.50;18.43;27.53;323.44;341.15;703.12
1476908;3.63;1.02;112.00;4728.00;24.75;82.50;37.50;18.04;27.37;234.15;326.27;800.77
1477575;3.58;1.00;112.00;4720.00;24.75;82.50;37.50;18.04;27.42;295.29;251.86;781.24
1478186;3.62;1.02;112.00;4735.00;24.75;82.50;37.50;18.04;27.35;335.31;316.11;800.77
1478798;3.58;1.00;112.00;4751.00;24.75;82.50;37.50;18.04;27.20;321.17;334.16;781.24
1479411;3.24;0.97;111.00;4754.00;24.75;82.50;39.00;16.08;25.75;323.44;335.17;156.25
1480041;3.34;0.99;111.00;4735.00;24.75;82.50;39.00;16.08;25.81;339.29;217.56;351.56
1480703;3.52;1.01;111.00;4707.00;24.75;82.50;38.25;17.26;26.72;324.90;235.96;742.18
1481244;4.11;1.04;111.00;4709.00;24.75;82.50;33.75;21.18;30.13;335.64;283.17;683.59
1481862;3.94;1.00;112.00;4740.00;24.75;82.50;33.75;21.18;30.00;330.53;336.05;800.77
1482479;3.98;1.01;112.00;4745.00;24.75;82.50;33.75;21.18;29.97;352.46;345.06;761.71
1483090;3.69;0.98;112.00;4758.00;24.75;82.50;35.25;19.61;28.85;348.38;330.33;742.18
1483708;3.19;0.97;112.00;4784.00;24.75;82.50;39.75;16.08;25.34;341.23;352.03;117.19
1484252;3.72;1.00;112.00;4766.00;24.75;82.50;36.00;19.22;27.94;342.52;326.91;742.18
1484924;3.75;1.01;112.00;4781.00;24.75;82.50;36.00;19.61;28.31;341.85;337.89;683.59
1485540;3.60;1.00;112.00;4794.00;24.75;82.50;37.50;18.83;27.53;335.41;336.19;781.24
1486160;3.54;1.02;112.00;4795.00;24.75;82.50;38.25;17.65;26.73;351.75;290.78;781.24
1486776;3.40;1.00;112.00;4796.00;24.75;82.50;39.00;16.86;26.10;275.16;211.18;761.71
1487395;3.47;1.01;112.00;4796.00;24.75;82.50;38.25;17.65;26.50;334.26;321.87;761.71
1488007;3.81;1.02;113.00;4803.00;24.75;82.50;35.25;20.00;28.59;329.92;353.16;664.05
1488681;3.57;0.98;113.00;4815.00;24.75;82.50;36.00;19.22;27.66;328.69;362.01;722.65
1489228;3.70;1.03;113.00;4842.00;24.75;82.50;36.00;19.22;27.62;313.77;260.32;761.71
1489892;3.45;0.97;113.00;4867.00;24.75;82.50;37.50;18.83;27.25;190.71;259.28;722.65
1490511;3.50;0.99;115.00;4866.00;24.75;82.50;37.50;18.83;26.93;226.31;198.21;742.18
1491126;3.69;1.00;115.00;4863.00;24.75;82.50;36.00;19.61;28.11;151.71;151.22;800.77
1491743;3.68;1.00;115.00;4887.00;24.75;82.50;36.00;20.00;27.98;107.28;125.01;683.59
1492275;3.62;0.99;116.00;4893.00;24.75;82.50;36.00;20.00;27.94;217.94;192.88;761.71
1492903;3.61;1.00;116.00;4950.00;24.75;82.50;37.50;19.61;27.45;303.93;292.38;703.12
1493574;3.59;1.00;117.00;4947.00;24.75;82.50;37.50;19.61;27.48;345.90;338.22;664.05
1494193;3.55;1.00;117.00;4972.00;24.75;82.50;37.50;19.61;27.33;328.75;347.30;703.12
1494855;3.49;0.98;117.00;5017.00;24.75;82.50;37.50;19.61;27.13;344.78;336.99;175.78
1495466;3.46;0.97;118.00;5017.00;24.75;82.50;38.25;19.61;27.13;335.29;291.95;742.18
1496080;3.46;0.98;118.00;5044.00;24.75;82.50;38.25;19.61;26.99;337.91;230.83;761.71
1496688;3.50;0.99;120.00;5058.00;24.75;82.50;38.25;19.61;26.92;321.41;223.87;664.05
1497273;3.46;0.99;120.00;5066.00;24.75;82.50;38.25;19.61;26.87;270.37;174.11;781.24
1497881;3.52;1.01;120.00;5090.00;24.75;82.50;39.00;19.61;26.63;313.71;175.65;742.18
1498521;3.37;0.98;120.00;5109.00;24.75;82.50;39.00;19.22;26.18;332.97;252.07;722.65
1499139;3.16;0.98;120.00;5107.00;24.75;82.50;40.50;17.65;24.85;349.51;323.28;722.65
1499752;3.22;0.99;120.00;5102.00;24.75;82.50;40.50;17.26;24.88;352.83;326.64;136.72
1500287;3.15;0.99;120.00;5086.00;24.75;82.50;41.25;16.86;24.38;334.30;343.51;644.52
1500911;3.12;0.99;120.00;5085.00;24.75;82.50;41.25;16.47;24.30;325.23;344.10;761.71
1501574;3.18;1.01;120.00;5096.00;24.75;82.50;41.25;16.86;24.32;309.90;341.60;527.34
1502240;3.16;1.00;120.00;5080.00;24.75;82.50;41.25;16.86;24.41;291.00;339.16;800.77
1502854;3.19;1.01;120.00;5099.00;24.75;82.50;41.25;16.47;24.23;294.40;290.76;644.52
1503481;3.18;0.99;120.00;5086.00;24.75;82.50;41.25;16.86;24.56;329.53;308.98;722.65
1504149;3.39;1.01;120.00;5084.00;24.75;82.50;39.75;18.43;25.63;302.07;341.70;800.77
1504770;3.32;0.98;121.00;5087.00;24.75;82.50;39.75;18.83;26.07;349.06;358.06;761.71
1505359;3.56;0.99;121.00;5100.00;24.75;82.50;38.25;20.39;27.26;349.27;359.61;800.77
1505989;3.64;0.99;121.00;5123.00;24.75;82.50;36.75;21.18;27.91;331.64;356.17;703.12
1506609;3.46;0.96;121.00;5146.00;24.75;82.50;38.25;20.39;27.33;332.99;312.15;800.77
1507230;3.44;0.99;121.00;5155.00;24.75;82.50;39.00;19.61;26.56;293.36;285.57;664.05
1507900;3.37;0.98;121.00;5125.00;24.75;82.50;39.75;18.83;25.83;321.64;321.17;781.24
1508526;3.32;0.99;121.00;5117.00;24.75;82.50;39.75;18.83;25.73;322.03;233.66;781.24
1509137;3.36;0.99;120.00;5118.00;24.75;82.50;39.75;18.83;25.73;204.09;166.71;722.65
1509746;3.22;0.95;120.00;5078.00;24.75;82.50;39.75;18.43;25.77;225.79;218.91;722.65
1510276;3.31;0.99;120.00;5098.00;24.75;82.50;39.75;18.43;25.55;295.16;271.21;800.77
1510888;3.74;1.02;120.00;5072.00;24.75;82.50;36.75;20.79;27.99;336.93;333.16;820.30
1511508;3.63;0.99;120.00;5079.00;24.75;82.50;36.75;20.79;27.96;347.09;346.48;742.18
1512125;3.60;0.99;120.00;5086.00;24.75;82.50;36.75;20.79;27.81;319.12;333.40;703.12
1512737;3.58;0.97;120.00;5068.00;24.75;82.50;36.75;20.79;28.02;325.16;328.40;742.18
1513271;3.62;0.98;120.00;5073.00;24.75;82.50;36.75;21.18;28.11;307.52;337.99;761.71
1513888;3.58;0.97;120.00;5065.00;24.75;82.50;36.75;20.79;28.04;322.66;338.81;742.18
1514554;3.59;0.99;120.00;5071.00;24.75;82.50;36.75;20.39;27.65;311.00;308.95;781.24
1515222;3.62;1.00;120.00;5049.00;24.75;82.50;36.75;20.39;27.62;286.95;278.50;781.24
1515829;3.53;0.99;120.00;5067.00;24.75;82.50;38.25;20.00;27.13;340.66;331.39;800.77
1516501;3.46;0.99;120.00;5047.00;24.75;82.50;39.00;19.22;26.54;343.40;352.03;468.74
1517117;3.26;0.97;118.00;5050.00;24.75;82.50;39.75;18.43;25.78;350.27;349.29;781.24
1517747;3.84;1.00;118.00;5027.00;24.75;82.50;36.00;21.96;29.03;329.08;349.61;742.18
1518338;4.03;1.00;118.00;5067.00;24.75;82.50;34.50;24.32;30.43;330.37;329.82;742.18
1518951;4.06;1.01;120.00;5063.00;24.75;82.50;34.50;24.32;30.45;345.52;344.29;722.65
1519568;3.71;0.97;120.00;5089.00;24.75;82.50;36.00;22.36;29.10;320.72;260.35;761.71
1520187;3.62;0.98;120.00;5118.00;24.75;82.50;36.75;21.18;28.14;286.66;199.21;644.52
1520806;3.48;0.97;120.00;5099.00;24.75;82.50;38.25;20.39;27.23;216.61;133.47;781.24
1521397;3.50;0.98;120.00;5103.00;24.75;82.50;38.25;20.00;27.10;206.39;189.15;566.40
1521932;3.41;0.96;120.00;5094.00;24.75;82.50;38.25;20.00;26.93;277.58;227.17;761.71
1522558;3.51;0.99;120.00;5096.00;24.75;82.50;38.25;20.00;26.97;304.41;330.27;664.05
1523170;3.46;0.97;120.00;5051.00;24.75;82.50;38.25;20.00;27.02;344.12;345.27;781.24
1523783;3.56;1.01;120.00;5058.00;24.75;82.50;38.25;20.00;27.06;346.38;347.07;761.71
1524315;3.51;0.99;120.00;5053.00;24.75;82.50;38.25;19.61;26.92;337.89;347.13;781.24
1524928;3.50;1.00;118.00;5049.00;24.75;82.50;39.00;19.61;26.85;286.08;347.58;566.40
1525547;3.45;1.01;118.00;5040.00;24.75;82.50;39.00;18.83;26.18;278.17;262.48;800.77
1526215;3.40;1.00;118.00;5028.00;24.75;82.50;39.75;18.83;26.14;257.37;198.93;742.18
1526839;3.41;1.00;118.00;5000.00;24.75;82.50;39.75;18.43;26.09;201.80;222.90;800.77
1527455;3.42;1.00;118.00;5011.00;24.75;82.50;39.00;18.43;26.11;214.48;227.72;703.12
1528069;3.30;0.99;117.00;4998.00;24.75;82.50;39.75;18.04;25.70;270.65;247.13;722.65
1528693;3.43;1.03;117.00;4965.00;24.75;82.50;39.00;17.65;25.60;325.62;285.68;605.46
1529283;3.22;1.01;117.00;4993.00;24.75;82.50;40.50;16.08;24.43;329.12;296.23;761.71
1529903;3.54;1.01;117.00;4948.00;24.75;82.50;37.50;19.22;26.96;314.14;333.61;761.71
1530514;3.46;0.99;117.00;4969.00;24.75;82.50;38.25;19.22;26.73;335.23;344.31;273.43
1531129;3.45;0.99;117.00;4964.00;24.75;82.50;38.25;18.83;26.60;338.75;324.32;781.24
1531747;3.46;1.00;117.00;4970.00;24.75;82.50;38.25;18.83;26.49;320.23;339.26;664.05
1532280;3.46;0.99;117.00;4954.00;24.75;82.50;38.25;18.83;26.64;335.25;338.59;703.12
1532889;3.38;0.99;117.00;4984.00;24.75;82.50;39.00;18.43;26.26;320.57;332.21;722.65
1533504;3.34;1.00;117.00;4974.00;24.75;82.50;39.00;17.65;25.64;340.99;332.71;234.37
1534170;3.54;0.99;117.00;4962.00;24.75;82.50;38.25;19.22;26.53;354.06;352.11;683.59
1534840;3.45;0.98;117.00;4984.00;24.75;83.25;37.50;19.22;26.87;364.82;352.30;742.18
1535462;3.38;0.98;117.00;4981.00;24.75;83.25;38.25;18.83;26.50;352.18;348.24;800.77
1536090;3.35;1.00;117.00;4993.00;24.75;83.25;39.00;18.04;25.74;326.44;345.21;703.12
1536714;3.17;0.97;117.00;4976.00;24.75;83.25;39.75;16.86;25.11;345.08;344.67;722.65
1537253;3.34;1.00;117.00;4953.00;24.75;83.25;39.75;17.26;25.38;339.08;340.29;742.18
1537869;3.43;1.02;117.00;4992.00;24.75;83.25;39.00;18.04;25.74;318.71;340.15;742.18
1538482;3.43;1.02;117.00;4963.00;24.75;83.25;39.00;17.65;25.77;323.08;285.43;761.71
1539145;3.31;1.01;117.00;4952.00;24.75;83.25;39.75;16.86;25.22;304.34;322.34;742.18
1539815;3.48;1.02;117.00;4936.00;24.75;83.25;38.25;18.43;26.27;347.79;352.15;722.65
1540404;3.58;1.01;117.00;4966.00;24.75;83.25;37.50;19.61;27.22;350.62;357.15;742.18
1541030;3.46;0.97;117.00;4948.00;24.75;83.25;37.50;19.22;27.16;319.73;334.61;683.59
1541648;3.45;0.97;117.00;4958.00;24.75;83.25;37.50;19.22;27.10;324.78;338.12;761.71
1542258;3.52;1.00;117.00;4975.00;24.75;83.25;37.50;19.22;26.93;337.56;339.80;390.62
1542870;3.67;0.99;117.00;4951.00;24.75;83.25;36.00;20.39;28.28;339.24;325.29;781.24
1543490;3.69;1.01;117.00;4977.00;24.75;83.25;36.00;20.39;27.91;300.86;317.97;761.71
1544101;3.65;1.01;117.00;4965.00;24.75;83.25;36.00;20.00;27.58;271.08;252.35;742.18
1544712;3.49;0.99;117.00;4955.00;24.75;83.25;38.25;18.83;26.80;307.75;231.68;781.24
1545303;3.26;0.99;117.00;4947.00;24.75;83.25;39.75;16.86;25.25;351.34;288.48;761.71
1545925;3.24;1.01;116.00;4941.00;24.75;83.25;40.50;16.08;24.69;341.38;324.14;664.05
1546603;3.12;0.99;116.00;4911.00;24.75;83.25;40.50;15.30;24.21;351.21;349.10;117.19
1547237;3.51;1.01;115.00;4889.00;24.75;83.25;38.25;18.43;26.56;331.33;350.23;507.81
1547909;3.55;0.97;116.00;4922.00;24.75;83.25;36.00;20.00;27.94;343.86;344.20;722.65
1548586;3.59;1.00;116.00;4895.00;24.75;83.25;37.50;19.22;27.45;324.02;344.27;742.18
1549203;3.59;1.01;116.00;4906.00;24.75;83.25;37.50;19.22;27.30;339.22;323.59;781.24
1549814;3.53;0.99;116.00;4903.00;24.75;83.25;37.50;19.22;27.25;317.66;319.53;742.18
1550346;3.46;0.98;116.00;4925.00;24.75;83.25;37.50;19.22;27.22;344.20;337.97;800.77
1550964;3.50;1.00;116.00;4924.00;24.75;83.25;38.25;18.83;26.77;338.59;332.19;781.24
1551635;3.48;1.00;116.00;4894.00;24.75;83.25;38.25;18.43;26.70;353.69;346.64;761.71
1552328;3.23;0.96;116.00;4902.00;24.75;83.25;39.00;17.26;25.77;352.99;349.22;722.65
1552947;3.23;0.98;115.00;4899.00;24.75;83.25;39.75;16.86;25.42;347.69;352.99;742.18
1553566;3.17;1.00;115.00;4879.00;24.75;83.25;40.50;15.69;24.49;349.72;343.69;468.74
1554238;3.12;0.98;115.00;4855.00;24.75;83.25;40.50;15.30;24.49;287.29;313.87;761.71
1554850;3.14;0.99;115.00;4852.00;24.75;83.25;40.50;15.69;24.51;182.06;202.68;742.18
1555394;3.44;0.99;115.00;4841.00;24.75;83.25;38.25;18.04;26.50;127.59;144.46;781.24
1556014;3.75;1.00;115.00;4886.00;24.75;83.25;35.25;20.39;28.58;208.37;135.19;820.30
1556633;3.84;1.01;115.00;4866.00;24.75;83.25;35.25;20.79;29.03;194.03;247.31;644.52
1557250;3.66;0.98;115.00;4872.00;24.75;83.25;35.25;20.39;28.47;312.69;328.46;781.24
1557866;3.66;1.00;115.00;4869.00;24.75;83.25;36.00;19.61;27.83;342.56;347.75;703.12
1558481;3.62;1.00;115.00;4870.00;24.75;83.25;36.00;19.61;27.75;350.23;354.90;742.18
1559092;3.58;0.99;115.00;4891.00;24.75;83.25;36.00;19.61;27.62;346.77;334.26;820.30
1559705;3.58;0.99;115.00;4889.00;24.75;83.25;36.00;19.61;27.65;303.46;284.81;781.24
1560368;3.62;1.01;115.00;4870.00;24.75;83.25;37.50;19.22;27.52;223.46;163.99;781.24
1561035;3.50;0.97;115.00;4860.00;24.75;83.25;37.50;19.22;27.53;231.35;127.96;703.12
1561700;4.08;1.03;115.00;4883.00;24.75;83.25;33.75;22.36;30.05;188.78;117.14;761.71
1562319;3.78;0.98;115.00;4847.00;24.75;83.25;34.50;21.18;29.30;217.51;226.14;742.18
1562957;3.62;0.96;115.00;4869.00;24.75;83.25;35.25;20.39;28.64;321.78;330.55;742.18
1563573;4.09;0.98;115.00;4889.00;24.75;83.25;33.00;23.53;30.88;327.46;348.61;156.25
1564193;4.06;1.00;115.00;4899.00;24.75;83.25;33.00;23.53;30.82;348.59;352.65;800.77
1564856;3.91;0.99;116.00;4907.00;24.75;83.25;33.75;22.75;30.19;349.90;348.06;722.65
1565405;3.84;0.98;116.00;4912.00;24.75;83.25;34.50;21.96;29.66;344.33;327.83;800.77
1566025;3.82;0.99;116.00;4941.00;24.75;83.25;34.50;21.57;29.17;286.29;322.66;742.18
1566640;3.77;0.99;116.00;4935.00;24.75;83.25;35.25;21.18;28.94;328.53;339.47;371.09
1567257;3.65;0.96;116.00;4907.00;24.75;83.25;35.25;20.79;28.77;275.28;320.94;156.25
1567923;3.65;0.98;116.00;4906.00;24.75;83.25;36.00;20.39;28.27;307.11;344.29;644.52
1568538;3.62;0.99;115.00;4910.00;24.75;83.25;36.00;20.00;27.96;350.62;352.69;781.24
1569157;3.66;0.99;116.00;4891.00;24.75;83.25;36.00;20.00;28.11;334.08;358.32;800.77
1569827;3.50;0.99;115.00;4906.00;24.75;83.25;37.50;18.83;26.94;349.26;349.98;664.05
1570368;3.46;0.97;115.00;4860.00;24.75;83.25;37.50;18.83;27.12;344.80;349.90;742.18
1571030;3.78;1.00;115.00;4855.00;24.75;83.25;35.25;20.39;28.73;345.39;348.77;468.74
1571650;3.94;1.00;115.00;4867.00;24.75;83.25;34.50;21.96;29.70;329.65;324.32;585.93
1572270;3.87;1.01;115.00;4899.00;24.75;83.25;34.50;21.57;29.30;322.07;335.86;820.30
1572883;3.66;0.99;115.00;4888.00;24.75;83.25;36.00;20.39;28.25;248.44;211.43;742.18
1573553;3.39;0.98;115.00;4875.00;24.75;83.25;38.25;18.04;26.56;204.15;131.53;585.93
1574173;3.92;1.00;115.00;4855.00;24.75;83.25;34.50;21.96;29.90;229.54;205.73;683.59
1574797;4.06;1.02;115.00;4875.00;24.75;83.25;33.75;22.36;30.33;314.26;284.61;742.18
1575337;3.96;1.00;116.00;4901.00;24.75;83.25;33.75;22.36;29.97;343.69;334.86;624.99
1576004;3.79;0.97;116.00;4937.00;24.75;83.25;34.50;21.96;29.64;316.95;349.06;781.24
1576621;3.69;0.97;116.00;4920.00;24.75;83.25;35.25;21.18;29.01;295.80;345.70;781.24
1577236;3.74;0.98;116.00;4923.00;24.75;83.25;35.25;21.18;28.95;302.68;326.89;820.30
1577848;3.79;1.00;117.00;4933.00;24.75;83.25;35.25;21.18;28.84;306.95;203.89;644.52
1578384;3.52;0.97;117.00;4965.00;24.75;83.25;36.00;20.39;27.92;252.76;145.64;761.71
1579004;3.49;0.98;117.00;4944.00;24.75;83.25;37.50;19.22;27.18;197.45;137.59;742.18
1579680;3.56;1.00;117.00;4936.00;24.75;83.25;37.50;19.22;27.22;164.05;221.06;722.65
1580290;3.57;1.01;116.00;4965.00;24.75;83.25;37.50;19.22;27.06;289.10;295.41;449.21
1580906;3.78;1.00;117.00;4972.00;24.75;83.25;35.25;21.57;29.00;317.44;341.03;800.77
1581527;3.81;1.00;117.00;4989.00;24.75;83.25;35.25;21.57;28.93;346.50;350.60;800.77
1582181;3.56;0.96;117.00;5023.00;24.75;83.25;36.75;21.18;28.39;335.51;337.54;781.24
1582855;3.64;1.00;118.00;5024.00;24.75;83.25;36.75;20.39;27.72;346.85;346.23;683.59
1583393;3.34;0.94;118.00;4995.00;24.75;83.25;37.50;19.61;26.90;325.33;345.21;683.59
1584015;3.50;1.00;118.00;5019.00;24.75;83.25;38.25;19.22;26.76;320.86;337.65;683.59
1584635;3.54;0.99;118.00;4995.00;24.75;83.25;37.50;19.22;26.89;319.63;335.64;781.24
1585250;3.61;1.01;118.00;5016.00;24.75;83.25;38.25;20.00;27.52;312.64;341.72;703.12
1585920;3.51;0.97;118.00;5013.00;24.75;83.25;38.25;20.00;27.55;348.12;335.70;703.12
1586528;3.59;1.00;118.00;5032.00;24.75;83.25;38.25;20.00;27.48;336.60;356.56;742.18
1587141;3.51;0.97;118.00;5024.00;24.75;83.25;38.25;20.00;27.48;351.99;354.68;761.71
1587752;3.55;0.99;118.00;5044.00;24.75;83.25;38.25;20.00;27.37;348.65;332.05;683.59
1588414;3.46;0.97;118.00;5045.00;24.75;83.25;38.25;20.00;27.25;345.02;349.65;722.65
1589035;3.53;0.99;118.00;5054.00;24.75;83.25;38.25;20.00;27.05;324.98;328.81;624.99
1589651;3.41;0.98;120.00;5053.00;24.75;83.25;39.00;19.61;26.74;344.55;339.53;781.24
1590274;3.46;0.99;120.00;5068.00;24.75;83.25;39.00;19.22;26.40;305.86;294.63;624.99
1590889;3.39;0.99;120.00;5055.00;24.75;83.25;39.00;18.83;26.18;281.41;278.24;742.18
1591421;3.29;0.98;120.00;5059.00;24.75;83.25;39.75;18.43;25.70;329.30;249.69;761.71
1592090;3.48;1.00;120.00;5040.00;24.75;83.25;39.00;19.22;26.54;355.47;315.86;722.65
1592711;3.42;0.99;118.00;5072.00;24.75;83.25;39.00;19.22;26.37;355.43;345.51;234.37
1593327;3.38;1.00;118.00;5034.00;24.75;83.25;39.75;18.43;25.98;353.36;340.25;722.65
1594005;3.18;0.98;120.00;5039.00;24.75;83.25;40.50;17.26;24.91;336.31;344.39;742.18
1594628;3.54;0.99;118.00;5051.00;24.75;83.25;39.00;19.22;26.21;328.51;343.77;781.24
1595301;3.59;1.01;120.00;5035.00;24.75;83.25;38.25;20.00;27.16;323.67;322.99;664.05
1595923;3.54;1.01;118.00;5063.00;24.75;83.25;39.00;19.61;26.73;273.87;191.02;273.43
1596609;3.44;0.99;120.00;5076.00;24.75;83.25;39.00;19.61;26.63;202.72;100.17;624.99
1597223;3.46;0.99;120.00;5042.00;24.75;83.25;39.00;19.22;26.53;237.64;135.52;585.93
1597885;3.39;0.98;120.00;5047.00;24.75;83.25;39.00;19.22;26.39;319.86;270.18;761.71
1598475;3.41;1.00;120.00;5082.00;24.75;83.25;39.75;18.83;25.97;350.09;335.86;703.12
1599097;3.38;0.99;120.00;5076.00;24.75;83.25;39.75;18.83;26.01;350.39;319.47;664.05
1599709;3.30;0.97;120.00;5058.00;24.75;83.25;39.75;18.83;25.98;348.83;299.18;722.65
1600321;3.22;0.99;120.00;5076.00;24.75;83.25;40.50;17.26;24.85;347.87;279.88;761.71
1600939;3.22;0.99;120.00;5034.00;24.75;83.25;40.50;17.26;24.89;323.30;293.13;742.18
1601542;3.02;1.00;118.00;5030.00;24.75;83.25;42.75;14.90;23.17;337.89;290.00;683.59
1602162;3.30;1.01;118.00;4999.00;24.75;83.25;40.50;17.26;25.11;242.99;200.77;742.18
1602832;3.15;1.00;117.00;4978.00;24.75;83.25;41.25;16.08;24.51;201.08;202.53;703.12
1603433;3.00;1.01;117.00;4988.00;24.75;83.25;42.00;14.12;23.02;254.79;263.17;820.30
1604106;3.38;1.01;117.00;4963.00;24.75;83.25;39.00;17.26;25.57;312.54;325.08;742.18
1604724;3.37;0.98;117.00;4952.00;24.75;83.25;39.00;18.04;26.10;315.37;336.52;781.24
1605339;3.50;1.00;117.00;4979.00;24.75;83.25;38.25;18.83;26.63;343.01;345.10;761.71
1605959;3.41;0.99;117.00;4962.00;24.75;83.25;38.25;18.83;26.37;346.79;313.20;722.65
1606621;3.38;1.00;117.00;4995.00;24.75;83.25;39.00;17.65;25.71;307.66;338.73;742.18
1607290;3.29;1.02;117.00;4981.00;24.75;83.25;40.50;16.86;24.76;329.41;340.10;644.52
1607908;3.65;1.03;117.00;4960.00;24.75;83.25;37.50;19.22;27.09;298.98;321.99;742.18
1608454;3.63;1.03;117.00;4985.00;24.75;83.25;37.50;19.22;26.94;297.99;321.09;800.77
1609064;3.52;1.00;117.00;4993.00;24.75;83.25;37.50;19.22;26.92;318.40;340.41;722.65
1609677;3.52;1.01;117.00;4990.00;24.75;83.25;38.25;18.83;26.69;349.33;357.15;644.52
1610343;3.35;0.97;117.00;5010.00;24.75;83.25;39.00;18.83;26.34;349.98;353.20;722.65
1611008;3.44;1.00;117.00;5029.00;24.75;83.25;39.00;18.83;26.24;349.31;351.33;683.59
1611621;3.43;1.01;118.00;5006.00;24.75;83.25;39.75;18.43;26.14;349.31;351.11;722.65
1612242;3.34;0.98;118.00;5000.00;24.75;83.25;39.75;18.43;26.04;278.40;325.17;781.24
1612923;3.26;0.97;118.00;4989.00;24.75;83.25;39.75;18.04;25.75;323.71;320.80;761.71
1613462;3.21;0.99;118.00;5020.00;24.75;83.25;39.75;17.26;24.97;260.04;292.54;781.24
1614077;3.30;1.01;118.00;4998.00;24.75;83.25;40.50;16.86;24.99;155.60;148.92;781.24
1614692;3.10;0.98;117.00;4999.00;24.75;83.25;40.50;16.47;24.41;158.99;164.91;742.18
1615310;3.33;1.01;118.00;4982.00;24.75;83.25;40.50;17.26;25.33;257.03;240.43;644.52
1615978;3.22;0.98;117.00;4976.00;24.75;83.25;39.75;17.26;25.22;315.23;326.82;800.77
1616597;3.26;1.01;117.00;4982.00;24.75;83.25;39.75;16.86;24.88;347.50;328.73;800.77
1617208;3.29;1.01;117.00;4962.00;24.75;83.25;40.50;16.47;24.79;346.81;329.47;742.18
1617830;3.10;0.99;117.00;4966.00;24.75;83.25;40.50;15.69;24.18;322.30;346.79;761.71
1618366;3.15;1.01;117.00;4971.00;24.75;83.25;41.25;15.30;23.95;320.41;216.29;644.52
1618985;3.19;1.03;117.00;4948.00;24.75;83.25;41.25;15.30;23.89;284.22;206.43;761.71
1619598;3.09;1.01;117.00;4963.00;24.75;83.25;41.25;14.90;23.67;207.74;149.50;820.30
1620213;2.99;0.98;116.00;4940.00;24.75;83.25;42.00;14.51;23.43;195.50;106.69;664.05
1620836;3.02;0.98;116.00;4899.00;24.75;83.25;41.25;14.51;23.59;200.53;175.50;722.65
1621372;2.94;0.98;115.00;4878.00;24.75;83.25;42.00;13.73;23.33;323.22;300.66;664.05
1621993;3.58;1.05;116.00;4884.00;24.75;83.25;39.00;17.65;25.98;350.95;306.64;761.71
1622671;3.41;1.01;115.00;4901.00;24.75;83.25;39.00;17.26;25.77;349.72;340.02;605.46
1623291;3.33;1.01;115.00;4888.00;24.75;83.25;39.75;16.86;25.44;298.85;333.98;742.18
1623919;3.38;1.02;116.00;4871.00;24.75;83.25;39.00;16.86;25.54;327.30;326.05;664.05
1624457;3.30;1.00;115.00;4893.00;24.75;83.25;39.75;16.47;25.30;342.48;291.54;742.18
1625077;3.30;1.00;115.00;4898.00;24.75;83.25;39.75;16.47;25.11;257.76;327.99;683.59
1625733;3.21;1.00;115.00;4896.00;24.75;83.25;40.50;16.08;24.76;201.86;316.87;781.24
1626404;3.85;1.01;115.00;4869.00;24.75;83.25;35.25;20.79;29.00;225.42;295.24;781.24
1627027;3.94;1.00;116.00;4899.00;24.75;83.25;33.75;22.36;29.99;280.00;339.49;800.77
1627655;3.97;1.01;116.00;4946.00;24.75;83.25;34.50;22.36;29.71;333.44;337.50;781.24
1628271;3.81;0.98;117.00;4942.00;24.75;83.25;34.50;21.57;29.30;350.35;335.76;683.59
1628893;3.67;0.97;117.00;4956.00;24.75;83.25;35.25;20.79;28.74;339.06;342.73;566.40
1629430;4.02;1.03;117.00;4991.00;24.75;83.25;34.50;22.36;29.63;345.62;346.68;820.30
1630048;3.73;0.99;117.00;4979.00;24.75;83.25;35.25;21.18;28.71;347.97;327.30;761.71
1630718;3.28;0.94;117.00;4994.00;24.75;83.25;38.25;18.83;26.59;338.83;305.82;722.65
1631337;3.42;0.99;117.00;4976.00;24.75;83.25;39.00;18.43;26.29;335.96;328.16;624.99
1631964;3.41;1.00;117.00;5001.00;24.75;83.25;39.00;18.43;26.17;342.42;338.67;273.43
1632577;3.71;1.00;117.00;4968.00;24.75;83.25;36.00;20.39;28.06;347.61;333.24;820.30
1633192;3.80;1.00;117.00;4980.00;24.75;83.25;35.25;21.18;28.80;320.66;352.71;546.87
1633858;3.62;0.98;117.00;4997.00;24.75;83.25;36.00;20.39;28.02;332.22;352.30;546.87
1634391;3.50;0.97;117.00;4991.00;24.75;83.25;38.25;19.61;27.32;348.12;352.44;624.99
1635009;3.46;1.00;117.00;4988.00;24.75;83.25;38.25;18.83;26.44;343.63;347.03;761.71
1635623;3.50;1.02;117.00;4999.00;24.75;83.25;38.25;18.83;26.33;342.20;344.22;742.18
1636236;3.49;1.00;117.00;4952.00;24.75;83.25;38.25;18.83;26.50;340.84;343.90;703.12
1636903;3.37;0.97;117.00;4955.00;24.75;83.25;38.25;18.83;26.56;323.18;322.69;781.24
1637435;3.75;0.99;117.00;4961.00;24.75;83.25;35.25;21.18;28.71;313.75;298.69;761.71
1638104;3.58;0.99;117.00;4978.00;24.75;83.25;36.00;20.00;27.74;312.21;319.88;781.24
1638718;3.58;1.00;117.00;4960.00;24.75;83.25;37.50;19.61;27.25;346.85;345.45;703.12
1639333;3.55;1.00;116.00;4957.00;24.75;83.25;37.50;19.61;27.29;353.79;351.97;585.93
1639947;4.03;1.03;117.00;4960.00;24.75;83.25;34.50;22.36;29.77;354.29;342.63;800.77
1640490;3.77;0.99;117.00;4971.00;24.75;83.25;35.25;21.57;28.91;349.72;346.99;351.56
1641115;3.55;0.99;117.00;4988.00;24.75;83.25;36.00;20.00;27.56;347.01;302.83;781.24
1641736;3.28;0.98;117.00;4946.00;24.75;83.25;39.75;16.86;25.38;228.36;333.47;742.18
1642357;3.38;1.01;116.00;4930.00;24.75;83.25;39.00;17.26;25.51;181.00;306.62;273.43
1643032;3.60;1.02;116.00;4932.00;24.75;83.25;37.50;18.83;26.93;144.09;220.94;703.12
1643700;3.50;0.99;116.00;4922.00;24.75;83.25;37.50;18.83;26.97;195.38;203.41;742.18
1644361;3.50;0.99;116.00;4922.00;24.75;83.25;38.25;18.83;26.86;226.04;267.35;214.84
1645016;3.86;1.02;116.00;4912.00;24.75;83.25;35.25;20.79;28.75;327.58;328.65;761.71
1645652;3.78;1.00;116.00;4917.00;24.75;83.25;35.25;21.18;28.73;331.85;342.95;273.43
1646275;4.14;1.03;116.00;4931.00;24.75;83.25;33.75;23.53;30.50;343.08;337.97;820.30
1646946;3.86;0.99;116.00;4955.00;24.75;83.25;34.50;21.96;29.53;343.42;308.79;683.59
1647485;3.95;0.99;117.00;4945.00;24.75;83.25;33.75;23.14;30.35;325.99;318.73;781.24
1648105;4.03;1.02;117.00;4985.00;24.75;83.25;33.75;23.14;30.14;325.21;334.76;644.52
1648718;3.89;0.97;117.00;4965.00;24.75;83.25;34.50;23.14;30.22;271.94;208.05;468.74
1649333;4.01;1.02;118.00;5030.00;24.75;83.25;35.25;23.14;29.92;327.28;200.87;195.31
1650003;3.98;1.01;118.00;5023.00;24.75;83.25;35.25;23.14;29.94;333.69;244.05;820.30
1650616;3.89;0.99;118.00;5077.00;24.75;83.25;35.25;23.14;29.67;328.12;325.94;742.18
1651232;3.58;0.95;120.00;5060.00;24.75;83.25;36.00;21.57;28.45;345.15;348.24;742.18
1651849;3.43;0.95;120.00;5080.00;24.75;83.25;36.75;20.79;27.56;349.14;327.91;97.66
1652392;4.13;1.03;120.00;5086.00;24.75;83.25;34.50;24.32;30.32;348.73;329.28;722.65
1653068;3.82;0.98;121.00;5138.00;24.75;83.25;35.25;23.92;29.89;344.61;343.40;761.71
1653741;3.60;0.96;121.00;5145.00;24.75;83.25;36.00;21.96;28.48;293.58;324.28;683.59
1654411;3.44;0.98;121.00;5124.00;24.75;83.25;38.25;20.00;26.87;333.47;245.79;742.18
1655029;3.34;0.96;121.00;5095.00;24.75;83.25;39.00;19.61;26.49;222.86;209.22;781.24
1655707;3.26;1.00;121.00;5133.00;24.75;83.25;40.50;18.04;25.34;299.63;259.20;781.24
1656324;3.16;1.01;120.00;5113.00;24.75;83.25;42.00;16.47;24.13;332.93;328.69;800.77
1656950;3.66;1.01;120.00;5072.00;24.75;83.25;36.75;20.39;27.61;350.17;341.68;742.18
1657538;3.81;0.97;120.00;5115.00;24.75;83.25;36.00;22.75;28.98;337.54;347.07;117.19
1658156;4.44;1.05;121.00;5125.00;24.75;83.25;33.00;26.28;31.95;350.17;351.21;722.65
1658778;4.07;0.99;122.00;5153.00;24.75;83.25;33.75;25.49;31.06;322.48;331.13;644.52
1659455;3.39;0.92;122.00;5167.00;24.75;83.25;36.75;21.57;27.94;295.33;305.61;664.05
1660072;3.58;0.98;122.00;5153.00;24.75;83.25;36.75;21.18;27.85;285.63;269.71;781.24
1660745;3.53;0.96;122.00;5177.00;24.75;83.25;36.75;21.18;27.78;238.79;197.14;722.65
1661358;3.63;0.99;122.00;5180.00;24.75;83.25;36.75;21.18;27.79;244.09;232.00;742.18
1661973;3.39;0.95;122.00;5172.00;24.75;83.25;38.25;20.39;27.19;268.60;292.29;761.71
1662512;3.52;0.98;122.00;5177.00;24.75;83.25;38.25;20.39;27.20;319.51;338.79;683.59
1663174;3.54;0.99;122.00;5173.00;24.75;83.25;38.25;20.39;27.22;331.23;352.13;703.12
1663837;3.40;0.96;122.00;5152.00;24.75;83.25;38.25;20.00;26.92;323.59;334.35;722.65
1664451;3.54;0.99;122.00;5166.00;24.75;83.25;38.25;20.79;27.36;345.64;308.96;664.05
1665067;3.32;0.96;122.00;5176.00;24.75;83.25;39.00;19.61;26.44;325.23;335.53;722.65
1665740;2.95;0.95;121.00;5147.00;24.75;83.25;42.00;16.08;23.78;314.63;340.10;429.68
1666363;3.06;0.99;121.00;5125.00;24.75;83.25;42.00;16.08;23.73;263.26;339.67;722.65
1666978;3.17;1.03;120.00;5116.00;24.75;83.25;42.00;16.08;23.73;248.17;341.97;644.52
1667510;3.07;0.99;120.00;5077.00;24.75;83.25;42.00;15.69;23.80;315.47;334.80;742.18
1668123;2.66;0.95;118.00;5053.00;24.75;83.25;44.25;12.16;21.74;348.32;337.87;78.12
1668745;3.37;1.03;118.00;5029.00;24.75;83.25;40.50;17.26;24.92;334.90;349.74;800.77
1669372;3.38;1.00;118.00;4989.00;24.75;83.25;39.00;18.04;25.91;345.23;352.30;761.71
1669999;3.45;1.02;117.00;4994.00;24.75;83.25;39.00;18.04;25.88;345.10;351.91;761.71
1670585;3.92;1.02;117.00;4995.00;24.75;83.25;35.25;21.57;28.82;342.60;342.19;742.18
1671200;3.63;0.97;117.00;4986.00;24.75;83.25;35.25;20.79;28.37;338.51;340.15;742.18
1671813;3.55;1.00;117.00;4997.00;24.75;83.25;37.50;19.61;27.12;338.12;341.11;683.59
1672476;3.45;0.97;117.00;4970.00;24.75;83.25;37.50;19.61;27.19;293.71;336.62;800.77
1673086;3.54;1.00;117.00;4953.00;24.75;83.25;37.50;19.22;27.13;285.16;350.06;781.24
1673751;3.41;0.98;117.00;4952.00;24.75;83.25;38.25;18.83;26.66;336.54;353.77;781.24
1674419;3.35;1.00;116.00;4956.00;24.75;83.25;39.00;17.65;25.68;335.51;357.07;585.93
1675050;3.02;0.97;116.00;4903.00;24.75;83.25;41.25;14.90;23.93;348.12;349.90;781.24
1675720;3.78;1.01;116.00;4920.00;24.75;83.25;35.25;20.79;28.47;328.22;344.04;703.12
1676340;4.18;1.02;116.00;4929.00;24.75;83.25;33.00;24.32;31.11;347.13;320.10;761.71
1676960;4.21;1.03;117.00;4956.00;24.75;83.25;33.00;24.32;30.99;346.29;329.47;820.30
1677493;4.13;1.02;117.00;4958.00;24.75;83.25;33.75;23.92;30.93;290.72;292.81;664.05
1678112;3.74;0.96;117.00;5012.00;24.75;83.25;34.50;22.75;29.70;195.98;267.89;781.24
1678730;3.72;0.98;118.00;4991.00;24.75;83.25;35.25;21.57;28.93;190.28;257.87;742.18
1679354;3.52;0.96;117.00;4992.00;24.75;83.25;36.75;20.39;27.94;244.63;239.97;820.30
1679984;3.50;0.99;117.00;4969.00;24.75;83.25;39.00;19.22;26.85;329.92;328.12;683.59
1680524;3.40;0.98;117.00;4989.00;24.75;83.25;38.25;18.83;26.39;345.27;349.27;703.12
1681143;3.11;0.98;117.00;4940.00;24.75;83.25;40.50;16.08;24.48;350.60;331.83;742.18
1681809;3.03;1.00;116.00;4921.00;24.75;83.25;42.00;14.51;23.45;315.49;340.35;664.05
1682481;2.96;0.97;116.00;4914.00;24.75;83.25;42.00;14.51;23.47;334.88;311.17;136.72
1683108;3.65;1.03;116.00;4908.00;24.75;83.25;37.50;18.83;26.93;265.69;219.52;800.77
1683778;3.58;1.01;116.00;4895.00;24.75;83.25;37.50;18.83;27.13;302.07;173.07;742.18
1684394;3.56;1.01;116.00;4928.00;24.75;83.25;38.25;18.83;26.99;221.69;145.60;800.77
1685010;3.50;1.00;116.00;4909.00;24.75;83.25;38.25;18.43;26.69;207.51;234.61;722.65
1685544;3.46;1.02;116.00;4921.00;24.75;83.25;39.00;18.04;26.16;300.29;308.73;664.05
1686214;3.43;1.02;115.00;4920.00;24.75;83.25;39.00;17.65;25.83;306.13;333.69;605.46
1686829;3.32;0.98;115.00;4903.00;24.75;83.25;39.00;17.26;25.84;344.39;342.15;781.24
1687445;3.40;1.01;115.00;4873.00;24.75;83.25;39.00;17.26;25.81;281.21;346.87;683.59
1688056;3.73;1.03;115.00;4888.00;24.75;83.25;36.00;19.61;27.65;286.76;251.68;722.65
1688675;3.66;1.01;115.00;4902.00;24.75;83.25;36.00;19.61;27.65;314.30;212.92;742.18
1689288;3.40;0.96;116.00;4912.00;24.75;83.25;37.50;18.83;26.92;319.49;198.19;703.12
1689913;3.74;0.97;116.00;4904.00;24.75;83.25;35.25;21.18;29.11;203.19;201.18;683.59
1690453;3.58;0.96;116.00;4924.00;24.75;83.25;36.00;20.39;28.32;216.37;187.25;722.65
1691073;3.64;1.00;116.00;4935.00;24.75;83.25;36.00;20.00;27.82;287.83;255.39;195.31
1691693;3.89;1.00;117.00;4935.00;24.75;83.25;34.50;21.96;29.53;320.19;333.81;820.30
1692358;3.61;0.98;117.00;4949.00;24.75;83.25;36.00;20.39;28.14;349.57;324.67;761.71
1692981;3.65;0.99;117.00;4968.00;24.75;83.25;36.00;20.39;28.02;348.42;340.68;781.24
1693563;3.68;0.99;117.00;4975.00;24.75;83.25;36.00;20.79;28.14;341.79;327.30;214.84
1694184;4.04;1.02;118.00;4984.00;24.75;83.25;33.75;23.14;30.17;271.51;326.48;800.77
1694823;3.94;1.00;118.00;5001.00;24.75;83.25;35.25;23.14;29.89;325.10;334.43;546.87
1695439;3.82;0.99;118.00;5051.00;24.75;83.25;35.25;23.14;29.50;313.79;314.80;820.30
1696101;3.86;0.99;118.00;5049.00;24.75;83.25;35.25;22.36;29.33;318.20;304.22;722.65
1696764;3.64;0.97;120.00;5064.00;24.75;83.25;36.00;21.96;28.62;338.59;344.37;800.77
1697388;3.58;0.96;120.00;5061.00;24.75;83.25;36.75;21.18;28.25;350.00;323.20;703.12
1698005;3.53;0.96;120.00;5104.00;24.75;83.25;36.75;21.18;27.99;352.67;349.43;742.18
1698590;3.63;0.99;121.00;5097.00;24.75;83.25;36.75;20.79;27.85;348.47;351.87;800.77
1699261;3.52;0.97;120.00;5125.00;24.75;83.25;36.75;20.79;27.66;328.79;346.15;664.05
1699878;3.65;1.01;121.00;5100.00;24.75;83.25;36.75;20.79;27.62;343.90;329.14;781.24
1700491;3.41;0.95;121.00;5116.00;24.75;83.25;38.25;20.39;27.19;313.75;277.15;800.77
1701159;3.38;0.98;121.00;5135.00;24.75;83.25;39.00;19.61;26.47;180.30;213.46;781.24
1701830;3.42;1.00;121.00;5140.00;24.75;83.25;39.00;19.22;26.26;166.94;178.21;722.65
1702450;3.62;0.98;121.00;5128.00;24.75;83.25;36.75;21.18;27.99;209.05;228.05;820.30
1703071;3.61;0.99;121.00;5126.00;24.75;83.25;36.75;20.79;27.78;325.70;321.41;703.12
1703742;3.36;0.96;121.00;5144.00;24.75;83.25;39.00;20.00;26.85;348.16;345.64;761.71
1704365;3.34;0.99;121.00;5128.00;24.75;83.25;39.75;18.83;25.81;353.67;312.77;722.65
1704985;3.28;0.99;121.00;5110.00;24.75;83.25;40.50;18.04;25.27;303.95;328.01;781.24
1705569;3.59;1.02;120.00;5103.00;24.75;83.25;38.25;20.00;26.94;338.44;337.11;800.77
1706191;3.54;0.97;120.00;5093.00;24.75;83.25;36.75;20.39;27.61;324.43;338.61;664.05
1706809;3.54;1.00;120.00;5080.00;24.75;83.25;38.25;20.00;27.06;277.19;289.75;722.65
1707425;3.41;0.99;120.00;5091.00;24.75;83.25;39.00;19.22;26.39;214.67;278.56;156.25
1708096;3.37;1.00;120.00;5054.00;24.75;83.25;39.75;18.43;25.77;287.38;286.52;703.12
1708721;3.44;1.00;118.00;5032.00;24.75;83.25;39.00;18.83;26.04;315.33;344.24;703.12
1709337;3.43;1.01;118.00;5031.00;24.75;83.25;39.75;18.83;26.13;334.18;333.87;761.71
1710003;3.33;0.97;118.00;5023.00;24.75;83.25;39.75;18.83;26.17;328.89;342.09;156.25
1710532;3.86;0.99;118.00;5010.00;24.75;83.25;35.25;22.36;29.44;314.57;335.86;761.71
1711152;4.06;1.02;118.00;5039.00;24.75;83.25;34.50;23.53;30.09;332.40;324.06;703.12
1711773;4.00;1.01;118.00;5025.00;24.75;83.25;34.50;23.53;30.06;339.74;342.19;781.24
1712385;3.73;0.98;118.00;5073.00;24.75;83.25;36.00;21.96;28.81;322.73;321.41;585.93
1713010;3.71;0.99;118.00;5039.00;24.75;83.25;36.00;21.18;28.38;281.60;325.70;253.90
1713548;3.76;0.98;120.00;5072.00;24.75;83.25;36.00;21.96;28.50;308.44;336.66;136.72
1714221;4.24;1.03;120.00;5069.00;24.75;83.25;33.75;25.10;31.18;338.18;349.16;722.65
1714842;4.04;0.99;120.00;5084.00;24.75;83.25;33.75;25.10;30.92;350.54;355.45;781.24
1715453;3.98;0.98;121.00;5120.00;24.75;83.25;33.75;25.10;30.91;364.72;355.74;722.65
1716068;4.07;1.00;121.00;5122.00;24.75;83.25;33.75;25.49;31.12;334.00;352.63;742.18
1716746;3.95;0.97;121.00;5142.00;24.75;83.25;34.50;25.10;30.73;325.88;346.31;664.05
1717365;3.87;0.98;122.00;5154.00;24.75;83.25;34.50;23.92;29.99;341.62;345.82;781.24
1717991;3.67;0.96;122.00;5197.00;24.75;83.25;36.00;23.14;29.13;308.32;330.68;722.65
1718530;3.38;0.94;122.00;5191.00;24.75;83.25;38.25;20.79;27.55;304.43;253.60;761.71
1719149;3.45;0.97;122.00;5192.00;24.75;83.25;38.25;20.39;27.05;196.92;193.21;429.68
1719816;3.26;0.96;122.00;5160.00;24.75;83.25;39.00;19.61;26.34;189.68;255.04;703.12
1720436;3.38;0.98;122.00;5162.00;24.75;83.25;39.00;19.22;26.18;309.47;327.09;683.59
1721099;3.38;1.00;121.00;5177.00;24.75;83.25;39.75;19.22;25.90;340.86;347.71;273.43
1721716;3.21;0.96;121.00;5172.00;24.75;83.25;40.50;18.43;25.45;346.31;346.44;742.18
1722388;3.28;0.99;121.00;5128.00;24.75;83.25;40.50;18.04;25.35;325.10;341.89;742.18
1723005;3.19;0.99;121.00;5144.00;24.75;83.25;40.50;17.65;24.94;341.66;355.04;781.24
1723537;3.17;1.00;121.00;5132.00;24.75;83.25;41.25;16.86;24.32;340.15;344.37;781.24
1724155;3.13;1.01;121.00;5100.00;24.75;83.25;42.00;16.08;23.78;323.46;285.86;585.93
1724773;2.97;0.99;120.00;5094.00;24.75;83.25;42.75;14.90;23.19;280.94;224.09;761.71
1725395;2.96;1.00;120.00;5084.00;24.75;83.25;43.50;14.51;22.81;339.98;236.59;585.93
1726066;3.25;1.03;120.00;5061.00;24.75;83.25;41.25;16.47;24.18;338.98;306.17;722.65
1726605;3.26;1.00;120.00;5071.00;24.75;83.25;40.50;17.65;25.11;352.42;326.60;742.18
1727201;3.04;1.00;118.00;5069.00;24.75;83.25;42.00;15.30;23.59;353.81;321.00;742.18
1727871;3.28;1.00;118.00;5010.00;24.75;83.25;40.50;16.86;24.87;333.20;343.98;800.77
1728488;3.32;0.97;118.00;5047.00;24.75;83.25;39.75;18.83;26.04;347.54;343.92;761.71
1729104;3.40;1.00;118.00;5020.00;24.75;83.25;39.75;18.04;25.83;344.14;327.07;546.87
1729719;3.48;0.99;118.00;5040.00;24.75;83.25;39.75;18.43;25.84;302.93;257.01;761.71
1730333;3.63;0.97;120.00;5033.00;24.75;83.25;36.75;21.18;28.34;228.48;170.83;800.77
1731007;3.70;1.00;120.00;5082.00;24.75;83.25;36.75;21.18;28.05;203.41;107.94;722.65
1731540;3.48;0.97;120.00;5055.00;24.75;83.25;38.25;20.00;27.20;223.05;177.06;722.65
1732162;3.55;1.00;120.00;5074.00;24.75;83.25;38.25;20.00;26.97;306.35;281.47;742.18
1732772;3.41;0.97;120.00;5090.00;24.75;83.25;38.25;20.00;26.94;337.73;327.97;703.12
1733434;4.02;1.02;121.00;5103.00;24.75;83.25;34.50;23.92;29.93;352.73;347.61;722.65
1734054;3.56;0.97;121.00;5122.00;24.75;82.50;36.75;21.18;27.91;329.98;333.77;214.84
1734594;3.31;0.95;121.00;5109.00;24.75;82.50;39.00;19.61;26.53;342.87;346.62;136.72
1735263;3.77;1.02;121.00;5149.00;24.75;82.50;36.75;21.57;28.18;343.20;342.40;781.24
1735882;3.50;0.98;121.00;5141.00;24.75;82.50;38.25;20.39;27.23;340.47;154.46;214.84
1736553;3.46;0.97;121.00;5135.00;24.75;82.50;38.25;20.39;27.12;340.15;180.67;800.77
1737171;3.41;0.95;121.00;5135.00;24.75;82.50;38.25;20.39;27.12;298.75;195.89;253.90
1737777;3.84;0.99;121.00;5136.00;24.75;82.50;35.25;23.14;29.47;164.99;320.29;781.24
1738397;3.75;0.97;121.00;5170.00;24.75;82.50;35.25;23.14;29.24;175.65;352.13;742.18
1739009;3.72;0.98;121.00;5122.00;24.75;82.50;36.00;22.36;28.91;315.10;330.78;644.52
1739549;4.24;1.01;122.00;5165.00;24.75;82.50;33.00;26.28;31.85;304.24;325.27;761.71
1740172;4.14;1.00;122.00;5181.00;24.75;82.50;33.75;25.89;31.34;312.99;316.85;683.59
1740841;3.88;0.96;122.00;5189.00;24.75;82.50;34.50;24.71;30.53;308.83;307.34;683.59
1741515;3.83;0.97;122.00;5185.00;24.75;82.50;34.50;24.71;30.33;323.53;330.76;781.24
1742180;3.58;0.97;122.00;5150.00;24.75;82.50;36.75;21.18;28.06;232.93;270.24;664.05
1742798;3.39;0.94;121.00;5129.00;24.75;82.50;38.25;20.79;27.49;220.03;223.52;781.24
1743421;3.81;0.98;121.00;5104.00;24.75;82.50;35.25;23.53;29.47;312.68;236.37;97.66
1744059;4.13;1.02;121.00;5149.00;24.75;82.50;34.50;24.71;30.62;339.28;300.68;683.59
1744607;3.90;0.97;121.00;5158.00;24.75;82.50;34.50;24.71;30.47;355.13;302.75;761.71
1745217;4.34;1.02;121.00;5151.00;24.75;82.50;33.00;26.67;32.13;359.18;330.17;761.71
1745832;3.96;1.00;122.00;5147.00;24.75;82.50;34.50;24.32;30.22;332.87;328.83;742.18
1746462;3.81;0.98;122.00;5151.00;24.75;83.25;35.25;23.53;29.59;342.81;342.58;644.52
1747086;4.24;1.02;122.00;5183.00;24.75;83.25;33.00;25.89;31.59;326.07;340.86;781.24
1747626;3.91;0.97;122.00;5179.00;24.75;83.25;34.50;24.71;30.42;302.34;286.11;800.77
1748246;3.50;0.95;122.00;5177.00;24.75;83.25;36.75;21.57;28.08;238.54;207.80;312.50
1748866;4.43;1.04;122.00;5173.00;24.75;83.25;33.00;26.67;32.11;246.53;276.70;800.77
1749484;4.20;1.00;122.00;5184.00;24.75;83.25;33.00;26.28;31.87;307.54;310.90;703.12
1750096;4.01;0.96;122.00;5210.00;24.75;83.25;33.00;26.28;31.70;342.75;329.45;761.71
1750629;4.10;0.99;122.00;5222.00;24.75;83.25;33.75;25.89;31.37;353.28;350.72;742.18
1751255;3.78;0.95;122.00;5218.00;24.75;83.25;34.50;24.71;30.22;350.02;348.04;800.77
1751925;3.58;0.95;122.00;5206.00;24.75;83.25;36.00;22.36;28.71;338.38;344.84;742.18
1752546;3.70;0.96;122.00;5181.00;24.75;83.25;36.00;22.36;28.81;324.53;343.30;683.59
1753155;3.73;0.98;122.00;5149.00;24.75;83.25;36.00;22.36;28.87;324.80;317.17;585.93
1753768;3.60;0.99;121.00;5165.00;24.75;83.25;36.75;21.18;27.86;211.30;235.26;820.30
1754401;3.48;0.96;121.00;5139.00;24.75;83.25;36.75;20.79;27.55;228.17;169.62;312.50
1755015;3.51;0.98;121.00;5136.00;24.75;83.25;38.25;20.39;27.37;208.23;238.23;800.77
1755559;3.79;0.96;121.00;5097.00;24.75;83.25;36.00;21.96;28.09;303.85;269.71;117.19
1756235;4.19;1.03;121.00;5112.00;24.75;83.25;34.50;24.71;30.53;341.72;338.18;664.05
1756861;3.89;0.97;121.00;5137.00;24.75;83.25;34.50;24.71;30.46;349.26;349.51;742.18
1757474;3.84;0.98;121.00;5116.00;24.75;83.25;35.25;23.53;29.60;332.71;310.31;683.59
1758094;3.82;0.99;121.00;5129.00;24.75;83.25;35.25;23.14;29.41;309.04;338.38;742.18
1758627;3.68;0.97;120.00;5119.00;24.75;83.25;36.00;22.36;28.88;305.27;324.08;761.71
1759250;3.53;0.95;120.00;5089.00;24.75;83.25;36.75;21.18;28.09;287.11;272.58;703.12
1759921;3.62;0.99;120.00;5068.00;24.75;83.25;36.75;20.79;27.91;301.27;294.22;195.31
1760540;4.38;1.04;120.00;5100.00;24.75;83.25;33.00;26.28;31.91;285.35;334.71;722.65
1761162;4.36;1.02;120.00;5083.00;24.75;83.25;32.25;27.06;32.40;322.79;344.29;722.65
1761828;4.17;0.99;121.00;5102.00;24.75;83.25;33.00;26.28;31.91;351.97;330.51;742.18
1762457;4.02;0.98;121.00;5106.00;24.75;83.25;33.75;25.10;30.95;354.82;332.95;820.30
1763127;3.52;0.93;121.00;5125.00;24.75;83.25;36.00;21.96;28.70;350.19;347.85;761.71
1763747;3.45;0.95;121.00;5104.00;24.75;83.25;36.75;20.79;27.59;344.74;327.42;761.71
1764361;3.55;0.98;120.00;5092.00;24.75;83.25;38.25;20.39;27.55;324.16;325.74;664.05
1764984;3.58;0.98;120.00;5088.00;24.75;83.25;36.75;20.79;27.66;322.05;340.54;742.18
1765576;3.62;1.00;120.00;5065.00;24.75;83.25;36.75;20.39;27.76;296.02;294.49;761.71
1766191;3.42;0.99;120.00;5071.00;24.75;83.25;39.00;19.22;26.42;271.25;315.08;605.46
1766811;3.58;1.01;118.00;5039.00;24.75;83.25;38.25;20.00;27.18;340.39;330.64;683.59
1767435;3.92;1.00;120.00;5051.00;24.75;83.25;35.25;22.75;29.63;351.77;350.80;742.18
1768057;3.74;0.96;120.00;5055.00;24.75;83.25;35.25;22.75;29.37;350.64;352.83;761.71
1768588;3.47;0.96;120.00;5074.00;24.75;83.25;36.75;20.39;27.61;348.01;353.24;761.71
1769200;3.58;0.99;120.00;5061.00;24.75;83.25;38.25;20.39;27.55;330.00;347.42;781.24
1769822;3.60;1.00;120.00;5042.00;24.75;83.25;38.25;20.39;27.53;342.83;345.29;781.24
1770437;3.40;0.96;120.00;5082.00;24.75;83.25;38.25;20.00;27.06;338.79;344.08;722.65
1771054;3.42;0.96;120.00;5067.00;24.75;83.25;38.25;20.00;27.02;338.59;323.59;742.18
1771631;3.36;1.00;120.00;5032.00;24.75;83.25;39.75;18.04;25.77;304.90;256.55;781.24
1772301;3.35;1.00;118.00;5036.00;24.75;83.25;39.75;18.04;25.63;303.18;322.21;742.18
1772911;3.61;1.03;118.00;5023.00;24.75;83.25;38.25;19.61;26.90;333.28;333.88;703.12
1773532;3.80;0.99;118.00;5045.00;24.75;83.25;36.00;21.96;28.95;350.23;336.07;800.77
1774151;3.77;1.00;118.00;5044.00;24.75;83.25;36.00;21.57;28.54;349.88;334.16;781.24
1774776;3.38;0.97;120.00;5050.00;24.75;83.25;39.00;19.22;26.60;351.44;347.30;781.24
1775398;3.30;1.01;118.00;5050.00;24.75;83.25;40.50;17.65;25.21;314.47;307.15;722.65
1776068;3.30;1.00;118.00;5039.00;24.75;83.25;40.50;17.65;25.22;304.32;298.20;781.24
1776647;3.30;1.01;118.00;5030.00;24.75;83.25;40.50;17.26;25.07;311.97;313.36;683.59
1777311;3.28;1.02;118.00;5036.00;24.75;83.25;39.75;16.86;24.81;225.10;259.05;781.24
1777930;3.34;1.02;118.00;5003.00;24.75;83.25;40.50;16.86;24.97;221.92;246.04;820.30
1778544;3.32;1.02;117.00;5002.00;24.75;83.25;39.75;16.86;24.98;290.47;290.63;683.59
1779161;3.16;0.99;117.00;4979.00;24.75;83.25;41.25;16.47;24.69;338.79;337.91;683.59
1779783;3.88;1.00;117.00;4969.00;24.75;83.25;34.50;22.36;29.51;332.44;335.21;781.24
1780452;4.08;1.03;118.00;5031.00;24.75;83.25;34.50;23.53;30.09;346.81;346.15;664.05
1781071;3.84;0.99;118.00;5026.00;24.75;83.25;35.25;22.36;29.38;334.53;345.95;527.34
1781610;3.94;0.99;118.00;5056.00;24.75;83.25;35.25;23.14;29.60;341.83;344.57;429.68
1782273;4.02;0.99;120.00;5064.00;24.75;83.25;34.50;24.32;30.52;305.27;339.90;761.71
1782942;3.93;0.99;120.00;5087.00;24.75;83.25;35.25;23.53;29.92;314.37;328.14;683.59
1783559;3.42;1.00;121.00;5098.00;24.75;83.25;39.00;19.61;26.52;302.44;328.44;800.77
1784189;3.34;0.98;120.00;5081.00;24.75;83.25;39.75;18.83;26.09;324.14;328.12;585.93
1784815;3.30;0.97;120.00;5080.00;24.75;83.25;39.75;18.83;25.87;350.62;347.24;742.18
1785428;3.35;1.00;120.00;5103.00;24.75;83.25;39.75;18.43;25.68;350.78;353.40;664.05
1786042;3.35;1.02;120.00;5105.00;24.75;83.25;40.50;18.04;25.28;335.31;332.89;664.05
1786625;3.77;0.99;121.00;5104.00;24.75;83.25;36.00;21.96;28.78;348.98;328.42;800.77
1787299;3.29;1.00;121.00;5101.00;24.75;83.25;39.00;19.22;26.49;317.42;346.95;781.24
1787918;3.06;0.97;121.00;5105.00;24.75;83.25;42.00;16.47;24.18;286.56;342.05;800.77
1788536;2.94;0.99;120.00;5083.00;24.75;83.25;43.50;14.51;22.84;184.13;285.08;800.77
1789211;2.74;0.96;118.00;5036.00;24.75;83.25;44.25;12.55;22.08;158.43;302.87;664.05
1789836;3.26;1.02;118.00;5031.00;24.75;83.25;41.25;16.86;24.56;185.79;328.48;761.71
1790457;3.11;1.01;118.00;4998.00;24.75;83.25;42.00;14.90;23.56;280.80;339.35;273.43
1791075;3.09;1.02;117.00;4978.00;24.75;83.25;42.00;14.90;23.49;328.05;351.25;800.77
1791608;2.54;0.97;117.00;4963.00;24.75;83.25;45.00;10.59;20.24;349.22;307.54;722.65
1792229;2.47;0.95;116.00;4897.00;24.75;83.25;45.00;10.20;20.32;318.07;322.52;468.74
1792895;2.37;0.94;115.00;4840.00;24.75;83.25;45.75;9.41;19.58;342.19;339.31;664.05
1793521;2.27;0.91;113.00;4833.00;24.75;83.25;45.75;9.41;19.50;333.57;268.32;117.19
1794192;1.94;1.00;112.00;4766.00;24.75;83.25;48.75;7.06;15.49;154.79;121.34;820.30
1794819;1.42;0.96;110.00;4671.00;24.75;83.25;48.75;5.10;11.65;133.19;90.95;859.36
1795440;1.26;0.94;108.00;4564.00;24.75;83.25;48.75;4.31;10.47;164.89;137.90;859.36
1796063;0.60;1.00;106.00;4473.00;24.75;83.25;48.00;1.18;5.16;242.13;220.71;820.30
1796605;0.56;1.00;102.00;4313.00;24.75;83.25;-30.00;0;0;316.76;280.18;58.59
1797281;0.55;1.00;98.00;4159.00;24.75;83.25;-30.00;0;0;325.37;318.50;0
1797891;0.56;1.00;95.00;4024.00;24.75;83.25;-30.00;0;0;328.71;234.50;0
1798500;0.56;1.00;91.00;3878.00;24.75;83.25;-30.00;0;0;333.88;219.40;0
1799104;0.54;1.00;88.00;3770.00;24.75;83.25;-30.00;0;0;317.73;202.49;0
1799632;1.71;1.00;86.00;3646.00;24.75;83.25;27.00;5.10;7.87;309.96;203.17;898.43
1800258;4.50;1.00;87.00;3700.00;24.75;83.25;27.75;20.39;32.40;255.28;203.35;644.52
1800894;5.50;1.00;90.00;3792.00;24.75;83.25;21.00;26.67;39.07;211.71;193.52;78.12
1801562;6.03;1.02;93.00;3995.00;24.75;83.25;18.75;32.16;42.89;233.05;284.02;97.66
1802185;6.90;1.03;96.00;4082.00;24.75;83.25;14.25;39.61;45.64;319.30;298.42;820.30
1802817;6.86;1.03;100.00;4203.00;24.75;83.25;14.25;40.79;45.94;329.35;323.38;371.09
1803495;6.34;1.02;102.00;4346.00;24.75;83.25;18.00;36.87;44.08;347.15;345.45;664.05
1804120;6.02;1.02;105.00;4428.00;24.75;83.25;20.25;34.91;42.71;345.25;331.09;683.59
1804661;6.61;1.02;107.00;4592.00;24.75;83.25;18.00;41.57;45.10;341.07;346.77;468.74
1805330;6.48;1.00;111.00;4692.00;24.75;83.25;18.75;41.97;45.17;340.53;326.95;800.77
1805953;6.33;1.00;113.00;4828.00;24.75;83.25;19.50;41.97;44.23;336.29;347.40;507.81
1806619;5.93;1.00;116.00;4920.00;24.75;83.25;21.00;39.22;42.02;316.07;320.72;781.24
1807241;5.78;1.02;118.00;5021.00;24.75;83.25;22.50;38.44;40.68;306.48;345.33;781.24
1807863;5.54;1.01;121.00;5119.00;24.75;83.25;24.00;37.65;39.76;351.29;350.09;742.18
1808491;5.35;1.01;122.00;5195.00;24.75;83.25;24.75;36.47;38.60;346.66;359.04;800.77
1809116;5.15;1.02;123.00;5231.00;24.75;83.25;27.00;34.51;37.44;352.48;337.67;761.71
1809659;4.38;0.98;125.00;5268.00;24.75;83.25;30.75;30.20;34.19;351.44;354.53;781.24
1810281;3.66;0.99;125.00;5272.00;24.75;83.25;36.75;21.96;28.01;312.48;323.61;703.12
1810951;3.39;0.96;123.00;5252.00;24.75;83.25;38.25;20.39;26.89;332.03;325.88;703.12
1811579;4.00;1.02;123.00;5227.00;24.75;83.25;35.25;23.92;29.73;317.40;297.13;800.77
1812251;3.74;1.00;122.00;5228.00;24.75;83.25;36.75;21.96;28.32;248.48;248.93;703.12
1812872;3.31;0.94;122.00;5218.00;24.75;83.25;39.00;20.39;26.83;223.36;187.57;703.12
1813495;3.90;1.01;122.00;5198.00;24.75;83.25;35.25;23.14;29.36;251.08;245.30;800.77
1814119;3.83;1.00;122.00;5153.00;24.75;83.25;35.25;23.14;29.23;326.78;310.45;781.24
1814655;3.62;0.97;121.00;5145.00;24.75;83.25;36.75;21.18;27.95;348.32;344.67;703.12
1815274;3.75;0.99;121.00;5141.00;24.75;83.25;36.00;21.96;28.65;348.28;324.69;800.77
1815945;3.06;0.96;120.00;5108.00;24.75;83.25;41.25;16.86;24.42;342.56;347.24;390.62
1816566;3.10;0.97;120.00;5047.00;24.75;83.25;41.25;16.86;24.61;344.84;315.21;644.52
1817177;3.22;1.00;118.00;5022.00;24.75;83.25;41.25;16.08;24.42;339.92;336.83;175.78
1817715;3.18;1.01;118.00;4989.00;24.75;83.25;41.25;16.08;24.00;315.59;336.21;703.12
1818382;3.59;1.02;117.00;4979.00;24.75;83.25;37.50;19.61;27.13;284.55;216.31;781.24
1819058;3.57;1.00;117.00;4974.00;24.75;83.25;37.50;19.61;27.25;336.58;242.91;781.24
1819589;3.98;1.01;117.00;4998.00;24.75;83.25;33.75;23.14;29.97;353.30;289.06;781.24
1820204;3.99;1.01;117.00;4985.00;24.75;83.25;35.25;22.75;29.86;334.98;336.66;703.12
1820819;4.22;1.02;117.00;5007.00;24.75;83.25;33.00;24.71;31.38;350.49;332.44;722.65
1821437;4.10;1.01;118.00;4999.00;24.75;83.25;34.50;23.92;30.68;350.86;333.34;664.05
1822117;3.85;0.96;118.00;5000.00;24.75;83.25;34.50;23.14;30.16;326.85;325.25;742.18
1822657;3.86;0.99;118.00;5011.00;24.75;83.25;35.25;22.36;29.41;341.46;339.06;488.28
1823283;3.80;0.99;118.00;5017.00;24.75;83.25;35.25;21.96;29.01;338.28;339.53;800.77
1823895;4.26;1.02;118.00;5041.00;24.75;83.25;33.75;25.10;31.32;303.63;230.75;800.77
1824509;3.93;0.97;118.00;5039.00;24.75;83.25;34.50;24.32;30.59;224.63;229.42;820.30
1825128;3.80;0.99;118.00;5063.00;24.75;83.25;35.25;22.36;29.24;211.35;250.08;683.59
1825668;3.68;0.95;118.00;5031.00;24.75;83.25;35.25;22.36;29.24;327.67;313.18;781.24
1826329;3.74;0.99;118.00;5059.00;24.75;83.25;36.00;21.96;28.88;349.16;348.61;722.65
1826999;3.42;0.96;118.00;5045.00;24.75;83.25;38.25;20.00;27.13;349.90;349.26;703.12
1827626;3.43;0.99;118.00;5014.00;24.75;83.25;39.00;18.83;26.49;328.94;339.92;624.99
1828298;3.64;1.02;118.00;5016.00;24.75;83.25;38.25;20.00;27.29;316.52;261.10;781.24
1828916;3.61;0.99;118.00;4998.00;24.75;83.25;36.75;20.39;27.78;280.84;292.99;683.59
1829535;3.97;1.02;118.00;5010.00;24.75;83.25;35.25;22.36;29.44;174.01;215.55;781.24
1830153;3.84;1.01;118.00;5024.00;24.75;83.25;36.00;21.57;28.77;153.99;193.76;664.05
1830741;4.06;1.01;118.00;5018.00;24.75;83.25;34.50;23.92;30.60;230.53;237.43;742.18
1831359;4.36;1.05;118.00;5032.00;24.75;83.25;33.75;25.49;31.52;316.01;285.88;722.65
1831978;4.05;0.98;120.00;5045.00;24.75;83.25;33.75;25.10;31.18;344.35;316.03;781.24
1832607;4.18;0.99;120.00;5063.00;24.75;83.25;33.00;25.89;31.67;331.48;344.35;703.12
1833229;4.00;0.98;120.00;5096.00;24.75;83.25;33.75;25.10;30.91;348.22;338.53;742.18
1833898;3.96;1.00;120.00;5084.00;24.75;83.25;34.50;23.92;30.25;328.87;344.43;761.71
1834516;3.94;0.99;121.00;5088.00;24.75;83.25;34.50;23.92;30.10;343.94;304.49;761.71
1835127;3.78;0.95;121.00;5083.00;24.75;83.25;34.50;23.92;30.06;310.61;332.89;781.24
1835658;3.86;0.98;121.00;5131.00;24.75;83.25;35.25;23.92;29.89;267.80;224.95;624.99
1836273;3.81;0.99;120.00;5112.00;24.75;83.25;35.25;22.75;29.20;220.10;235.16;683.59
1836893;3.63;0.94;120.00;5104.00;24.75;83.25;36.00;22.75;29.28;277.58;296.37;664.05
1837565;3.70;0.97;121.00;5088.00;24.75;83.25;36.00;22.36;29.03;334.88;328.10;820.30
1838184;3.46;0.95;120.00;5084.00;24.75;83.25;36.75;21.18;28.12;345.02;350.58;761.71
1838725;3.65;0.99;120.00;5069.00;24.75;83.25;36.75;20.79;27.89;348.34;348.55;742.18
1839338;3.53;0.98;120.00;5080.00;24.75;83.25;38.25;20.39;27.33;345.92;330.21;761.71
1839956;3.32;0.99;120.00;5041.00;24.75;83.25;39.75;18.83;26.50;322.75;343.83;742.18
1840578;3.06;1.01;117.00;5012.00;24.75;83.25;42.75;14.90;23.49;302.52;320.29;722.65
1841251;3.11;1.01;117.00;4954.00;24.75;83.25;41.25;14.90;23.72;326.80;295.76;644.52
1841887;3.06;0.99;116.00;4926.00;24.75;83.25;41.25;14.90;23.78;189.64;221.20;683.59
1842558;3.06;0.99;116.00;4896.00;24.75;83.25;41.25;14.90;23.88;226.76;243.03;117.19
1843165;3.17;1.03;115.00;4883.00;24.75;83.25;41.25;14.90;23.82;307.07;312.62;312.50
1843750;3.21;1.00;115.00;4845.00;24.75;83.25;40.50;15.69;24.54;339.90;349.20;800.77
1844371;3.94;1.01;115.00;4872.00;24.75;83.25;34.50;21.57;29.50;302.27;312.79;605.46
1844990;3.84;1.00;115.00;4895.00;24.75;83.25;34.50;21.57;29.28;235.12;303.16;761.71
1845601;3.85;1.00;115.00;4914.00;24.75;83.25;34.50;21.18;29.17;223.01;305.80;605.46
1846211;3.75;0.98;116.00;4916.00;24.75;83.25;34.50;21.18;29.17;222.62;328.05;742.18
1846751;3.86;1.01;116.00;4904.00;24.75;83.25;34.50;21.18;29.23;228.21;310.37;703.12
1847418;3.67;0.97;116.00;4916.00;24.75;83.25;35.25;21.18;28.97;193.09;310.94;664.05
1848034;3.81;1.01;116.00;4943.00;24.75;83.25;35.25;21.18;28.81;200.50;302.72;742.18
1848644;3.74;1.00;116.00;4953.00;24.75;83.25;35.25;20.79;28.51;279.38;339.80;800.77
1849259;3.62;0.99;116.00;4935.00;24.75;83.25;36.00;20.00;27.82;336.40;339.08;722.65
1849878;3.70;1.01;116.00;4929.00;24.75;83.25;36.00;20.00;27.89;332.60;346.17;742.18
1850490;3.45;0.97;116.00;4947.00;24.75;83.25;37.50;19.22;27.16;346.05;353.81;761.71
1851109;3.50;0.99;116.00;4957.00;24.75;83.25;37.50;19.22;26.99;331.07;348.51;761.71
1851642;3.54;1.00;116.00;4942.00;24.75;83.25;37.50;19.22;27.10;339.80;346.01;664.05
1852271;3.56;1.01;116.00;4940.00;24.75;83.25;37.50;19.22;27.07;320.68;342.19;781.24
1852884;3.52;1.00;116.00;4947.00;24.75;83.25;37.50;19.22;26.96;305.59;335.60;761.71
1853547;3.47;1.00;116.00;4924.00;24.75;83.25;38.25;18.83;26.61;328.73;333.69;507.81
1854212;3.34;0.98;116.00;4913.00;24.75;83.25;38.25;18.04;26.11;320.19;292.03;761.71
1854752;3.33;1.00;116.00;4882.00;24.75;83.25;39.00;16.86;25.64;346.07;341.48;644.52
1855422;3.03;1.00;115.00;4879.00;24.75;83.25;41.25;14.12;23.52;351.15;352.32;761.71
1856051;2.66;0.93;115.00;4844.00;24.75;83.25;42.75;12.16;22.33;354.14;348.55;624.99
1856673;2.57;0.97;113.00;4810.00;24.75;83.25;45.00;10.20;20.60;358.43;337.34;820.30
1857308;3.32;0.98;112.00;4749.00;24.75;83.25;39.00;16.47;25.86;348.22;340.27;214.84
1857928;3.62;1.03;112.00;4719.00;24.75;83.25;37.50;17.26;26.93;291.78;326.46;761.71
1858597;3.72;1.03;112.00;4780.00;24.75;83.25;36.00;18.83;27.58;287.58;295.04;742.18
1859214;3.71;1.02;112.00;4780.00;24.75;83.25;36.00;18.83;27.82;220.26;210.08;781.24
1859744;3.71;1.02;112.00;4770.00;24.75;83.25;36.00;19.22;27.96;156.47;267.37;703.12
1860357;3.65;1.00;112.00;4781.00;24.75;83.25;36.00;19.22;28.01;255.18;234.20;781.24
1860976;3.74;1.02;112.00;4781.00;24.75;83.25;36.00;18.83;27.89;330.74;313.67;683.59
1861592;3.58;0.98;112.00;4795.00;24.75;83.25;36.00;19.22;27.74;352.48;269.51;781.24
1862207;3.62;1.00;113.00;4775.00;24.75;83.25;36.00;18.83;27.86;198.46;339.76;742.18
1862746;3.80;1.02;113.00;4768.00;24.75;83.25;36.00;19.61;28.34;283.50;335.39;683.59
1863361;3.65;0.98;113.00;4782.00;24.75;83.25;36.00;19.61;28.27;342.32;330.23;761.71
1864023;3.70;1.01;113.00;4790.00;24.75;83.25;36.00;19.22;27.69;359.90;328.69;722.65
1864641;3.72;1.02;113.00;4793.00;24.75;83.25;36.00;19.22;27.82;364.00;328.36;781.24
1865252;3.55;0.99;113.00;4801.00;24.75;83.25;37.50;18.83;27.50;337.34;323.57;761.71
1865926;3.60;1.00;113.00;4785.00;24.75;83.25;37.50;18.43;27.46;334.53;353.65;683.59
1866540;3.60;1.01;113.00;4789.00;24.75;83.25;37.50;18.83;27.45;356.74;230.49;742.18
1867204;3.62;1.02;113.00;4813.00;24.75;83.25;37.50;18.43;27.18;363.04;208.56;683.59
1867793;3.59;1.01;112.00;4791.00;24.75;83.25;37.50;18.43;27.30;345.47;329.57;761.71
1868408;3.70;1.02;112.00;4784.00;24.75;83.25;36.00;18.83;27.79;360.86;316.44;761.71
1869024;3.74;1.03;112.00;4778.00;24.75;83.25;36.00;18.83;27.83;344.70;342.05;742.18
1869635;3.65;1.00;112.00;4760.00;24.75;83.25;36.00;18.83;28.02;338.42;342.67;468.74
1870253;3.65;1.01;112.00;4762.00;24.75;83.25;36.00;19.22;28.01;319.32;322.79;683.59
1870917;3.81;1.01;112.00;4741.00;24.75;83.25;35.25;19.61;28.58;333.87;331.85;273.43
1871583;3.89;1.02;112.00;4757.00;24.75;83.25;35.25;20.39;29.16;338.20;290.12;781.24
1872198;3.94;1.03;112.00;4769.00;24.75;83.25;34.50;20.39;29.20;352.75;330.60;722.65
1872783;3.89;1.01;112.00;4766.00;24.75;83.25;34.50;20.79;29.47;355.04;344.35;781.24
1873397;3.92;1.00;112.00;4773.00;24.75;83.25;34.50;20.79;29.67;355.91;342.67;781.24
1874008;3.95;1.01;112.00;4758.00;24.75;83.25;34.50;20.79;29.80;352.46;328.12;742.18
1874621;3.90;1.00;112.00;4760.00;24.75;83.25;34.50;20.79;29.63;322.89;351.29;820.30
1875241;3.73;0.97;112.00;4767.00;24.75;83.25;34.50;20.39;29.34;353.28;336.27;703.12
1875777;3.79;1.00;112.00;4765.00;24.75;83.25;35.25;20.00;28.85;337.28;342.20;214.84
1876396;3.70;0.98;112.00;4768.00;24.75;83.25;35.25;20.00;28.71;219.58;278.01;722.65
1877060;3.78;1.00;112.00;4770.00;24.75;83.25;35.25;20.00;28.70;155.99;306.80;761.71
1877673;3.77;1.00;112.00;4780.00;24.75;83.25;35.25;20.00;28.68;242.29;257.03;703.12
1878331;4.15;1.01;113.00;4792.00;24.75;83.25;33.00;23.14;31.06;285.16;332.26;781.24
1879004;3.92;1.03;113.00;4803.00;24.75;83.25;34.50;20.79;29.49;347.13;313.73;761.71
1879624;3.70;0.99;113.00;4814.00;24.75;83.25;35.25;20.00;28.44;360.31;312.05;761.71
1880296;3.34;0.97;112.00;4808.00;24.75;83.25;38.25;17.26;26.40;364.29;311.54;703.12
1880918;3.48;1.02;112.00;4790.00;24.75;83.25;38.25;16.86;26.26;334.24;311.39;683.59
1881533;3.35;0.99;112.00;4767.00;24.75;83.25;39.00;16.47;25.91;201.73;232.91;781.24
1882156;3.45;1.02;112.00;4750.00;24.75;83.25;39.00;16.47;25.97;197.21;181.63;703.12
1882737;3.24;1.00;112.00;4737.00;24.75;83.25;39.75;15.30;24.98;181.00;130.46;761.71
1883356;3.27;1.03;111.00;4699.00;24.75;83.25;40.50;14.51;24.64;198.35;214.13;722.65
1883979;3.85;1.01;111.00;4697.00;24.75;83.25;35.25;19.61;28.98;288.28;271.35;800.77
1884653;4.07;1.04;111.00;4713.00;24.75;83.25;34.50;20.39;29.67;333.79;332.56;683.59
1885274;3.90;1.00;111.00;4724.00;24.75;83.25;34.50;20.39;29.73;350.58;344.96;781.24
1885886;3.88;1.02;111.00;4742.00;24.75;83.25;35.25;20.00;29.08;351.09;311.25;742.18
1886555;3.89;1.03;111.00;4732.00;24.75;83.25;35.25;20.00;28.98;346.89;282.54;781.24
1887166;3.84;1.01;111.00;4737.00;24.75;83.25;35.25;20.00;28.87;324.28;234.18;800.77
1887697;3.70;0.99;111.00;4761.00;24.75;83.25;35.25;20.00;28.75;209.93;234.44;781.24
1888362;3.79;1.01;112.00;4747.00;24.75;83.25;35.25;19.61;28.67;152.94;176.82;781.24
1888978;3.31;0.99;111.00;4738.00;24.75;83.25;39.00;16.08;25.80;212.15;245.43;781.24
1889605;3.43;1.03;111.00;4746.00;24.75;83.25;39.00;16.08;25.75;291.31;301.97;761.71
1890218;3.48;1.03;111.00;4709.00;24.75;83.25;39.00;16.08;25.96;281.76;321.17;722.65
1890814;3.40;1.01;111.00;4714.00;24.75;83.25;39.00;16.08;25.93;276.97;348.34;742.18
1891427;3.42;1.01;111.00;4713.00;24.75;83.25;39.00;16.08;25.94;308.38;342.52;800.77
1892034;3.46;1.03;111.00;4689.00;24.75;83.25;39.00;16.08;25.94;338.14;327.93;742.18
1892644;3.38;1.00;111.00;4673.00;24.75;83.25;39.00;15.69;25.88;325.21;323.92;742.18
1893258;3.30;0.99;111.00;4711.00;24.75;83.25;39.00;15.69;25.70;323.12;321.72;781.24
1893841;3.32;0.99;111.00;4673.00;24.75;83.25;39.00;15.69;25.83;339.18;319.08;800.77
1894453;3.47;1.04;111.00;4667.00;24.75;83.25;39.00;15.69;25.68;335.51;256.25;761.71
1895067;3.39;1.03;110.00;4689.00;24.75;83.25;39.75;15.69;25.42;344.29;301.66;722.65
1895685;3.31;1.00;110.00;4671.00;24.75;83.25;39.00;15.30;25.48;317.73;343.42;800.77
1896304;3.50;1.05;110.00;4639.00;24.75;83.25;39.00;15.30;25.75;348.40;352.67;644.52
1896914;3.35;1.00;110.00;4642.00;24.75;83.25;39.00;15.30;25.74;334.30;352.09;742.18
1897527;3.39;1.03;110.00;4667.00;24.75;83.25;39.75;15.30;25.63;352.01;331.85;195.31
1898141;3.32;1.00;110.00;4655.00;24.75;83.25;39.00;15.30;25.67;344.65;322.30;742.18
1898815;3.74;1.04;110.00;4622.00;24.75;83.25;38.25;16.86;26.86;323.30;337.63;742.18
1899431;3.79;1.01;110.00;4662.00;24.75;83.25;35.25;19.22;28.61;337.73;318.16;644.52
1900051;4.17;1.05;110.00;4694.00;24.75;83.25;33.75;21.18;30.25;334.41;321.21;742.18
1900722;4.02;1.01;111.00;4704.00;24.75;83.25;33.75;21.18;30.27;272.95;324.30;722.65
1901337;4.04;1.02;111.00;4710.00;24.75;83.25;33.75;21.18;30.10;339.67;354.76;761.71
1901998;3.98;1.01;112.00;4731.00;24.75;83.25;34.50;20.79;29.89;347.17;341.35;800.77
1902620;3.89;1.01;112.00;4756.00;24.75;83.25;34.50;20.39;29.28;350.97;356.27;624.99
1903233;3.41;0.99;112.00;4764.00;24.75;83.25;38.25;17.26;26.52;342.67;357.44;742.18
1903826;3.48;1.03;112.00;4757.00;24.75;83.25;39.00;16.47;26.01;238.97;350.13;722.65
1904448;3.22;0.99;112.00;4776.00;24.75;83.25;39.75;15.69;25.14;274.79;257.84;800.77
1905068;3.37;1.04;112.00;4754.00;24.75;83.25;39.75;15.30;25.05;198.00;197.88;664.05
1905733;3.21;0.99;111.00;4746.00;24.75;83.25;39.75;15.30;24.92;157.84;164.52;742.18
1906351;3.15;1.00;111.00;4706.00;24.75;83.25;40.50;14.12;24.35;190.40;171.32;761.71
1907021;3.35;1.04;111.00;4706.00;24.75;83.25;39.75;14.90;24.92;248.13;243.70;703.12
1907635;3.41;1.04;111.00;4710.00;24.75;83.25;39.75;15.30;25.33;320.14;318.03;781.24
1908299;3.40;1.03;111.00;4720.00;24.75;83.25;39.75;15.69;25.40;344.72;311.95;800.77
1908921;3.34;1.01;111.00;4723.00;24.75;83.25;39.75;15.69;25.34;347.65;299.71;234.37
1909534;3.34;1.00;111.00;4678.00;24.75;83.25;39.00;15.69;25.63;329.96;285.10;683.59
1910148;3.41;1.04;111.00;4710.00;24.75;83.25;39.75;15.30;25.17;305.63;325.55;722.65
1910766;3.29;1.02;111.00;4684.00;24.75;83.25;39.75;14.51;24.84;320.31;332.15;683.59
1911433;3.28;1.02;110.00;4694.00;24.75;83.25;40.50;14.51;24.79;315.39;319.37;742.18
1912049;3.27;1.03;111.00;4679.00;24.75;83.25;40.50;14.51;24.65;318.92;342.69;742.18
1912664;3.17;1.03;110.00;4657.00;24.75;83.25;41.25;12.94;23.89;351.89;346.17;761.71
1913289;2.97;0.99;110.00;4673.00;24.75;83.25;41.25;12.55;23.39;345.37;355.15;800.77
1913879;3.03;1.01;110.00;4607.00;24.75;83.25;41.25;11.77;23.22;350.84;352.07;722.65
1914494;3.11;0.99;108.00;4585.00;24.75;83.25;40.50;13.33;24.35;330.92;341.54;97.66
1915116;3.34;1.03;108.00;4607.00;24.75;83.25;39.75;14.12;24.91;324.69;345.13;664.05
1915742;3.38;1.04;108.00;4597.00;24.75;83.25;39.75;14.51;25.14;327.60;340.95;781.24
1916356;3.68;1.01;108.00;4601.00;24.75;83.25;36.00;17.65;27.85;325.31;339.00;722.65
1916973;3.66;1.03;108.00;4652.00;24.75;83.25;37.50;17.26;27.33;284.22;338.73;761.71
1917593;3.45;0.99;110.00;4641.00;24.75;82.50;38.25;16.47;26.76;230.34;335.66;175.78
1918227;3.50;1.00;110.00;4610.00;24.75;82.50;38.25;16.47;26.72;261.14;340.80;371.09
1918812;3.26;0.99;108.00;4632.00;24.75;82.50;39.75;14.51;25.28;314.16;351.23;214.84
1919486;3.26;0.99;108.00;4613.00;24.75;82.50;39.75;14.51;25.31;350.43;350.68;312.50
1920091;3.26;1.00;108.00;4623.00;24.75;82.50;39.75;14.51;25.10;353.49;350.70;156.25
1920701;3.29;1.00;108.00;4590.00;24.75;82.50;39.75;14.51;25.17;347.56;349.27;195.31
1921312;3.24;1.00;108.00;4614.00;24.75;82.50;39.75;14.51;25.04;343.32;351.66;781.24
1921923;3.09;0.97;108.00;4596.00;24.75;82.50;40.50;13.33;24.51;323.28;343.75;761.71
1922593;3.09;0.99;108.00;4585.00;24.75;82.50;40.50;12.94;24.26;338.12;338.94;742.18
1923210;3.32;1.00;108.00;4587.00;24.75;82.50;39.00;14.90;25.54;304.57;320.23;722.65
1923749;3.38;1.00;108.00;4578.00;24.75;82.50;39.00;14.90;25.84;331.29;209.69;312.50
1924356;3.39;1.01;108.00;4590.00;24.75;82.50;39.00;14.90;25.77;292.64;258.83;683.59
1924968;3.45;1.03;108.00;4584.00;24.75;82.50;39.00;14.90;25.80;339.69;306.41;371.09
1925581;2.95;1.01;108.00;4592.00;24.75;82.50;42.00;11.37;22.73;349.27;341.68;800.77
1926250;2.82;0.97;107.00;4577.00;24.75;82.50;42.00;11.37;22.54;351.11;346.58;781.24
1926785;2.83;0.99;107.00;4545.00;24.75;82.50;42.75;10.98;22.54;346.89;342.46;585.93
1927458;2.67;0.98;106.00;4522.00;24.75;82.50;42.75;9.81;21.31;344.22;325.76;566.40
1928079;3.10;1.01;106.00;4492.00;24.75;82.50;40.50;12.16;23.76;192.04;341.89;371.09
1928710;4.19;1.00;106.00;4514.00;24.75;82.50;33.75;18.83;28.57;77.44;191.61;624.99
1929329;4.97;1.01;107.00;4529.00;24.75;82.50;28.50;26.28;35.66;36.79;115.70;78.12
1929870;5.97;1.08;108.00;4665.00;24.75;82.50;23.25;33.73;40.12;167.12;207.31;761.71
1930559;5.90;1.02;112.00;4764.00;24.75;82.50;22.50;36.47;41.19;269.69;305.35;410.15
1931184;5.56;1.01;115.00;4878.00;24.75;82.50;22.50;36.08;40.18;335.84;343.34;488.28
1931854;4.44;1.03;116.00;4909.00;24.75;82.50;31.50;25.89;32.87;344.39;349.27;820.30
1932483;3.62;0.97;116.00;4953.00;24.75;82.50;35.25;21.18;28.82;344.96;332.32;488.28
1933154;3.57;0.98;116.00;4963.00;24.75;82.50;36.00;20.00;27.71;268.62;342.30;703.12
1933773;3.46;1.01;116.00;4925.00;24.75;82.50;38.25;18.04;26.29;154.93;330.29;683.59
1934392;3.29;1.02;116.00;4951.00;24.75;82.50;39.75;16.47;24.97;138.84;326.19;742.18
1935012;3.19;0.99;116.00;4891.00;24.75;82.50;40.50;16.08;24.76;128.18;330.47;781.24
1935633;2.83;0.93;115.00;4870.00;24.75;82.50;42.00;13.73;23.37;155.36;344.69;117.19
1936256;2.90;0.99;115.00;4855.00;24.75;82.50;42.75;12.55;22.63;226.04;346.83;722.65
1936793;2.77;0.96;113.00;4837.00;24.75;82.50;42.75;12.16;22.35;320.17;353.45;605.46
1937418;2.82;0.97;112.00;4784.00;24.75;82.50;42.75;12.16;22.56;346.36;362.11;312.50
1938033;2.78;0.96;112.00;4761.00;24.75;82.50;42.00;11.77;22.63;303.44;324.57;781.24
1938654;2.28;0.92;111.00;4708.00;24.75;82.50;45.00;8.63;19.38;276.66;225.67;624.99
1939278;2.34;0.94;110.00;4660.00;24.75;82.50;45.00;8.63;19.54;320.90;229.18;390.62
1939829;2.51;0.98;108.00;4626.00;24.75;82.50;44.25;9.41;20.27;333.30;220.44;761.71
1940454;2.46;0.96;108.00;4590.00;24.75;82.50;44.25;9.02;20.19;309.90;206.88;117.19
1941070;3.34;1.01;108.00;4607.00;24.75;82.50;39.75;14.90;25.34;307.64;198.93;742.18
1941706;3.46;1.01;108.00;4608.00;24.75;82.50;38.25;16.08;26.31;321.60;256.35;839.83
1942380;2.85;0.96;108.00;4554.00;24.75;82.50;42.00;11.37;23.09;346.27;301.48;175.78
1943000;2.86;0.96;107.00;4567.00;24.75;82.50;42.00;11.77;23.07;333.49;337.89;429.68
1943666;3.16;0.97;107.00;4540.00;24.75;82.50;39.75;13.73;24.92;346.23;348.38;97.66
1944284;3.99;1.00;108.00;4584.00;24.75;82.50;33.75;20.39;30.03;328.49;338.98;683.59
1944835;4.43;1.05;108.00;4617.00;24.75;82.50;32.25;22.36;32.11;331.48;339.43;624.99
1945451;4.34;1.05;110.00;4663.00;24.75;82.50;33.00;22.36;31.47;344.92;340.99;703.12
1946069;3.95;0.99;111.00;4703.00;24.75;82.50;33.75;21.18;30.17;323.79;339.65;800.77
1946699;3.96;1.01;112.00;4733.00;24.75;82.50;34.50;20.79;29.79;332.79;321.56;722.65
1947324;3.89;1.02;112.00;4745.00;24.75;82.50;35.25;20.00;29.13;322.73;343.16;644.52
1947867;3.58;0.98;112.00;4783.00;24.75;82.50;36.00;18.83;27.81;316.64;346.66;761.71
1948486;3.38;0.97;112.00;4784.00;24.75;82.50;38.25;17.65;26.73;351.68;353.88;722.65
1949106;3.36;1.00;113.00;4767.00;24.75;82.50;39.00;16.47;25.84;354.82;350.02;781.24
1949729;3.25;1.01;112.00;4753.00;24.75;82.50;40.50;14.90;24.76;344.82;339.24;742.18
1950403;3.22;1.02;112.00;4769.00;24.75;82.50;40.50;14.51;24.36;279.44;339.98;546.87
1951019;3.93;1.00;112.00;4746.00;24.75;82.50;36.00;19.22;28.27;236.22;185.48;722.65
1951693;3.44;1.01;112.00;4783.00;24.75;82.50;38.25;17.26;26.24;254.14;205.26;624.99
1952311;3.35;0.99;112.00;4791.00;24.75;82.50;39.00;16.86;25.91;184.11;192.90;703.12
1952852;3.33;1.00;112.00;4763.00;24.75;82.50;39.00;16.08;25.50;224.34;124.13;761.71
1953468;3.32;1.02;112.00;4770.00;24.75;82.50;39.75;15.30;25.08;243.32;254.30;644.52
1954086;3.13;0.99;112.00;4762.00;24.75;82.50;40.50;14.51;24.26;292.72;332.38;781.24
1954705;3.31;1.03;112.00;4773.00;24.75;82.50;39.75;15.69;24.95;313.75;301.45;761.71
1955325;3.35;1.02;112.00;4757.00;24.75;82.50;39.75;15.69;25.28;339.69;243.15;761.71
1955859;3.16;1.02;111.00;4737.00;24.75;82.50;41.25;13.73;23.99;263.13;210.36;605.46
1956481;3.05;0.99;111.00;4739.00;24.75;82.50;41.25;13.33;23.72;262.76;232.11;800.77
1957150;2.95;0.99;111.00;4694.00;24.75;82.50;42.00;12.16;23.03;220.12;233.38;742.18
1957764;3.40;1.01;111.00;4678.00;24.75;82.50;39.00;15.30;25.58;239.89;205.98;117.19
1958383;3.63;1.05;111.00;4695.00;24.75;82.50;38.25;16.86;26.53;216.76;193.68;624.99
1959051;3.42;1.00;111.00;4698.00;24.75;82.50;38.25;16.86;26.52;237.89;247.97;800.77
1959664;3.52;1.03;111.00;4700.00;24.75;82.50;38.25;16.47;26.39;301.27;291.15;800.77
1960278;3.49;1.03;111.00;4722.00;24.75;82.50;39.00;16.47;26.13;325.14;336.66;820.30
1960818;3.22;0.97;111.00;4745.00;24.75;82.50;39.75;15.69;25.35;345.49;349.29;97.66
1961439;3.42;1.03;111.00;4721.00;24.75;82.50;39.00;15.69;25.51;347.18;350.95;527.34
1962059;3.86;1.01;111.00;4725.00;24.75;82.50;34.50;20.00;29.23;346.58;345.54;800.77
1962685;4.15;1.04;111.00;4737.00;24.75;82.50;33.75;21.57;30.43;345.93;342.91;175.78
1963353;4.15;1.04;112.00;4721.00;24.75;82.50;33.75;21.18;30.33;339.98;325.21;488.28
1963885;3.74;0.98;112.00;4739.00;24.75;82.50;35.25;20.00;29.01;337.36;338.08;761.71
1964553;3.56;1.00;112.00;4751.00;24.75;82.50;37.50;18.04;27.25;326.68;265.18;781.24
1965223;3.34;1.00;112.00;4758.00;24.75;82.50;39.00;16.08;25.68;342.71;327.54;644.52
1965843;3.30;1.01;112.00;4759.00;24.75;82.50;39.75;15.30;25.18;349.88;350.78;742.18
1966464;3.10;0.99;111.00;4744.00;24.75;82.50;40.50;13.73;24.10;352.50;333.69;742.18
1967083;2.90;0.96;111.00;4726.00;24.75;82.50;41.25;12.94;23.37;350.35;354.24;214.84
1967708;3.04;1.00;110.00;4696.00;24.75;82.50;41.25;12.55;23.43;347.61;328.89;156.25
1968377;2.93;0.98;110.00;4651.00;24.75;82.50;42.00;11.77;23.07;344.84;323.67;351.56
1968968;2.67;0.95;108.00;4630.00;24.75;82.50;42.75;10.59;21.87;219.26;278.46;195.31
1969509;2.39;0.97;107.00;4548.00;24.75;82.50;45.00;8.24;19.34;191.18;203.70;742.18
1970140;3.42;1.00;106.00;4541.00;24.75;82.50;39.00;14.51;25.35;113.78;166.81;703.12
1970773;3.04;0.98;106.00;4490.00;24.75;82.50;39.75;12.55;24.12;250.08;289.40;644.52
1971445;2.98;0.99;105.00;4471.00;24.75;82.50;40.50;11.77;23.47;325.92;336.29;761.71
1972081;2.77;0.97;105.00;4397.00;24.75;82.50;42.00;10.59;22.18;352.97;351.27;781.24
1972752;2.40;0.94;103.00;4344.00;24.75;82.50;43.50;8.63;20.20;353.43;348.43;605.46
1973374;2.39;0.94;101.00;4298.00;24.75;82.50;42.75;8.63;20.00;332.85;339.98;97.66
1973911;2.45;0.99;100.00;4255.00;24.75;82.50;43.50;8.24;19.61;331.11;292.48;800.77
1974539;2.11;0.95;98.00;4178.00;24.75;82.50;45.00;7.06;17.49;310.66;231.94;664.05
1975232;2.08;0.95;97.00;4094.00;24.75;82.50;44.25;7.06;17.41;193.21;222.88;839.83
1975901;1.99;0.91;96.00;4064.00;24.75;82.50;44.25;7.06;17.36;203.82;159.25;78.12
1976518;3.15;0.96;95.00;4028.00;24.75;82.50;39.00;11.37;23.73;276.72;208.46;722.65
1977153;3.07;0.98;95.00;4062.00;24.75;82.50;38.25;11.77;24.55;249.91;291.84;800.77
1977771;3.90;1.00;96.00;4038.00;24.75;82.50;33.75;16.47;28.81;304.63;258.09;585.93
1978393;3.98;1.04;96.00;4109.00;24.75;82.50;33.00;16.86;29.36;303.32;273.81;664.05
1978934;3.29;1.00;96.00;4082.00;24.75;82.50;37.50;13.33;25.63;264.79;301.74;722.65
1979554;2.40;0.95;96.00;4050.00;24.75;82.50;42.75;8.24;19.77;251.37;285.98;820.30
1980177;1.86;0.89;95.00;4050.00;24.75;82.50;45.00;6.67;16.54;181.26;300.72;78.12
1980846;1.89;0.92;93.00;4009.00;24.75;82.50;44.25;6.28;16.33;310.66;101.52;820.30
1981477;0.79;1.00;92.00;3777.00;24.75;82.50;43.50;1.57;6.49;216.55;179.29;898.43
1982149;0.77;0.98;88.00;3788.00;24.75;82.50;43.50;1.18;6.18;225.01;213.23;820.30
1982772;1.56;0.96;87.00;3811.00;24.75;82.50;42.75;4.31;12.04;288.28;283.99;878.90
1983451;2.11;0.91;86.00;3671.00;24.75;82.50;40.50;7.06;18.42;334.82;335.78;624.99
1984125;3.19;0.99;86.00;3698.00;24.75;82.50;34.50;12.16;24.95;346.50;327.42;742.18
1984808;3.69;1.01;87.00;3750.00;24.75;82.50;31.50;16.47;28.42;352.01;345.90;292.97
1985435;3.68;1.01;90.00;3806.00;24.75;82.50;32.25;16.47;28.35;270.82;329.55;253.90
1986105;3.69;1.03;91.00;3866.00;24.75;82.50;33.00;16.08;27.81;287.99;253.01;800.77
1986726;3.42;1.00;92.00;3955.00;24.75;82.50;35.25;14.51;26.59;227.92;222.21;703.12
1987347;3.31;0.98;93.00;3996.00;24.75;82.50;36.00;13.73;26.27;175.57;258.11;742.18
1987940;3.11;0.97;95.00;4021.00;24.75;82.50;37.50;12.55;24.98;58.98;333.51;449.21
1988559;2.85;0.96;95.00;4045.00;24.75;82.50;39.75;10.59;22.86;196.16;351.33;722.65
1989202;2.85;0.97;96.00;4066.00;24.75;82.50;39.75;10.59;23.13;293.89;346.99;800.77
1989822;2.55;0.93;96.00;4081.00;24.75;82.50;40.50;9.81;21.64;267.44;328.44;97.66
1990444;2.63;0.97;96.00;4074.00;24.75;82.50;41.25;9.02;21.25;237.29;315.86;761.71
1991120;3.03;0.97;96.00;4075.00;24.75;82.50;38.25;11.77;24.36;268.40;283.87;312.50
1991742;3.09;1.00;96.00;4055.00;24.75;82.50;38.25;11.77;24.21;251.70;241.92;839.83
1992353;3.62;1.01;96.00;4086.00;24.75;82.50;34.50;15.30;27.75;205.18;281.54;468.74
1992888;4.42;0.99;96.00;4077.00;24.75;82.50;29.25;20.79;33.63;198.37;234.48;136.72
1993508;4.64;1.03;97.00;4119.00;24.75;82.50;28.50;21.57;34.26;201.71;187.31;820.30
1994183;4.37;0.99;97.00;4124.00;24.75;82.50;29.25;20.79;33.77;200.75;263.34;624.99
1994857;4.76;1.01;97.00;4144.00;24.75;82.50;27.75;22.36;35.46;304.55;326.19;820.30
1995478;4.67;1.00;97.00;4172.00;24.75;82.50;27.75;22.36;35.36;340.41;329.02;800.77
1996088;4.55;1.00;98.00;4168.00;24.75;82.50;28.50;21.57;34.81;344.39;301.35;761.71
1996707;4.54;1.00;97.00;4152.00;24.75;82.50;28.50;21.57;34.45;291.41;261.29;703.12
1997372;4.41;0.98;98.00;4138.00;24.75;82.50;28.50;21.18;34.16;251.70;240.10;703.12
1997904;4.45;1.00;98.00;4137.00;24.75;82.50;29.25;20.79;33.95;226.18;214.40;820.30
1998522;4.25;1.00;98.00;4214.00;24.75;82.50;30.00;20.00;32.48;191.94;196.49;742.18
1999195;4.15;0.99;98.00;4194.00;24.75;82.50;30.75;19.61;32.04;159.44;155.58;722.65
1999819;3.87;1.01;100.00;4246.00;24.75;82.50;32.25;18.04;30.30;206.53;221.27;761.71
2000501;3.74;1.01;100.00;4194.00;24.75;82.50;34.50;16.08;28.35;280.37;299.30;722.65
2001167;3.71;1.00;98.00;4191.00;24.75;82.50;33.75;16.08;28.37;334.18;324.35;566.40
2001788;3.73;1.02;98.00;4200.00;24.75;82.50;34.50;16.08;28.21;316.52;350.78;703.12
2002453;3.68;1.02;100.00;4201.00;24.75;82.50;34.50;15.30;27.75;298.07;331.93;781.24
2003086;3.65;1.02;100.00;4222.00;24.75;83.25;34.50;15.30;27.71;291.15;323.69;624.99
2003696;3.01;1.00;98.00;4252.00;24.75;83.25;39.75;11.77;23.86;284.22;258.62;820.30
2004325;2.85;0.94;100.00;4225.00;24.75;83.25;39.75;11.37;23.60;291.25;227.74;742.18
2004925;2.78;0.94;100.00;4202.00;24.75;83.25;40.50;10.98;23.07;209.03;158.74;97.66
2005543;2.98;0.98;98.00;4166.00;24.75;83.25;41.25;10.59;22.38;248.52;196.65;624.99
2006221;3.08;0.99;97.00;4183.00;24.75;83.25;39.00;11.77;24.39;297.89;258.95;644.52
2006896;3.14;1.00;97.00;4129.00;24.75;83.25;38.25;11.77;24.49;323.38;305.37;371.09
2007509;3.02;0.96;97.00;4134.00;24.75;83.25;38.25;12.16;24.49;321.37;335.29;175.78
2008122;3.11;0.99;97.00;4115.00;24.75;83.25;38.25;11.77;24.52;311.60;303.07;644.52
2008737;3.12;0.99;96.00;4086.00;24.75;83.25;38.25;11.77;24.64;255.14;301.31;644.52
2009353;2.72;1.00;96.00;4095.00;24.75;83.25;41.25;9.41;21.61;242.91;259.38;820.30
2009891;1.65;1.00;95.00;4029.00;24.75;83.25;45.75;5.10;13.25;204.07;273.79;878.90
2010562;0.52;1.00;90.00;3811.00;24.75;83.25;-30.00;0;0;186.71;194.87;0
2011189;0.61;1.00;86.00;3665.00;24.75;83.25;-30.00;0;0;263.30;269.32;0
2011792;0.61;1.00;82.00;3518.00;24.75;83.25;-30.00;0;0;310.00;324.24;0
2012394;0.64;1.00;80.00;3368.00;24.75;83.25;-30.00;0;0;334.28;338.04;0
2012975;0.67;1.00;76.00;3225.00;24.75;83.25;-30.00;0;0;349.72;327.89;0
2013587;2.92;1.00;72.00;3167.00;24.75;83.25;0;6.28;9.54;325.49;343.96;859.36
2014266;1.20;1.00;70.00;3288.00;24.75;83.25;37.50;2.75;9.29;247.97;344.33;898.43
2014898;3.14;0.99;70.00;3246.00;24.75;83.25;34.50;9.02;22.21;266.02;334.30;878.90
2015522;3.77;0.99;71.00;3287.00;24.75;83.25;27.75;15.69;28.22;212.12;290.12;253.90
2016197;3.84;1.04;73.00;3379.00;24.75;83.25;28.50;16.47;28.94;196.78;324.43;742.18
2016818;3.68;1.03;75.00;3451.00;24.75;83.25;30.00;15.69;28.05;231.31;327.67;820.30
2017492;2.90;0.95;76.00;3503.00;24.75;83.25;34.50;11.37;24.54;302.91;340.68;839.83
2018118;0.56;1.00;75.00;3445.00;24.75;83.25;40.50;0;9.71;327.09;355.31;800.77
2018745;0.64;1.00;71.00;3272.00;24.75;83.25;-30.00;0;0;342.83;345.15;0
2019423;0.71;1.00;67.00;3073.00;24.75;83.25;-30.00;0;0;349.67;347.11;0
2019950;0.76;1.00;62.00;2847.00;24.75;83.25;-30.00;0;0;249.01;262.93;0
2020555;0.81;1.00;57.00;2649.00;24.75;83.25;-30.00;0;0;220.24;270.37;0
2021212;1.03;1.00;46.00;2170.00;24.75;83.25;14.25;0;12.27;201.61;247.68;19.53
2021894;1.61;1.00;32.00;1484.00;24.75;83.25;12.75;0.39;11.43;210.16;169.72;878.90
2022522;1.46;0.98;21.00;1444.00;24.75;83.25;17.25;0.39;12.38;148.55;111.30;898.43
2023146;1.28;0.96;18.00;1504.00;24.75;83.25;12.75;0;11.39;164.97;84.70;898.43
2023821;1.22;0.94;17.00;1498.00;24.75;83.25;15.00;0;12.28;167.51;84.72;898.43
2024437;1.20;0.93;17.00;1516.00;24.75;83.25;39.75;0;14.80;213.93;69.10;878.90
2024974;4.50;1.00;17.00;1818.00;24.75;83.25;-9.00;6.67;14.81;205.96;59.63;917.96
2025593;3.74;1.00;21.00;1728.00;24.75;83.25;3.00;7.45;25.38;225.86;108.57;839.83
2026220;3.29;0.97;26.00;2058.00;24.75;83.25;16.50;7.45;24.25;224.81;119.52;761.71
2026851;5.09;1.00;32.00;2549.00;24.75;83.25;17.25;22.36;36.19;197.57;153.96;742.18
2027530;4.27;1.01;42.00;3241.00;24.75;83.25;24.75;19.61;33.58;244.50;225.14;839.83
2028211;0.04;1.00;48.00;3584.00;24.75;83.25;41.25;0;8.20;201.98;209.75;898.43
2028889;4.76;1.00;53.00;3294.00;24.75;83.25;23.25;21.18;34.20;257.27;267.74;722.65
2029524;4.46;0.99;58.00;3652.00;24.75;83.25;26.25;21.18;34.67;275.55;328.94;800.77
2030143;0;1.00;63.00;4015.00;24.75;83.25;42.00;0;4.66;330.64;320.66;878.90
2030764;2.47;0.98;66.00;3430.00;24.75;84.00;31.50;7.45;19.60;337.07;339.37;859.36
2031397;1.79;0.92;68.00;3552.00;24.75;84.00;40.50;5.10;16.56;345.82;345.39;859.36
2031939;0.58;1.00;67.00;3501.00;24.75;84.00;-30.00;0;0;344.82;345.80;0
2032570;0.62;1.00;66.00;3421.00;24.75;84.00;-30.00;0;0;344.98;239.38;0
2033182;0.63;1.00;65.00;3345.00;24.75;84.00;-30.00;0;0;330.53;177.57;0
2033874;0.66;1.00;61.00;3191.00;24.75;84.00;-30.00;0;0;284.36;119.41;0
2034479;0.70;1.00;60.00;3099.00;24.75;84.00;-30.00;0;0;315.27;127.32;0
2035088;0.73;1.00;57.00;2998.00;24.75;84.00;-30.00;0;0;337.83;262.93;0
2035744;0.79;1.00;51.00;2704.00;24.75;84.00;-30.00;0;0;351.89;314.41;0
2036349;1.02;1.00;47.00;2432.00;24.75;84.00;12.00;0;12.11;335.53;311.91;0
2036889;1.02;1.00;40.00;2084.00;24.75;84.00;14.25;0;12.13;219.40;197.39;39.06
2037512;1.38;1.01;31.00;1526.00;24.75;84.00;12.75;0;11.47;170.91;158.72;878.90
2038146;1.34;1.00;27.00;1520.00;24.75;84.00;12.75;0;11.51;119.60;152.61;898.43
2038831;1.31;0.97;27.00;1498.00;24.75;84.00;39.75;0;14.45;98.94;122.08;898.43
2039441;1.15;1.00;28.00;1777.00;24.75;84.00;14.25;0;12.25;79.62;98.88;878.90
2039979;1.30;0.98;27.00;1525.00;24.75;84.00;12.00;0;11.21;58.49;71.50;898.43
2040602;1.18;1.00;23.00;1741.00;24.75;84.00;39.75;0;14.75;57.65;47.95;839.83
2041222;1.02;1.00;20.00;2103.00;24.75;84.00;14.25;0;12.23;55.54;31.42;859.36
2041889;1.19;1.00;15.00;1725.00;24.75;84.00;13.50;0;12.26;65.17;47.89;839.83
2042562;1.29;0.98;13.00;1509.00;24.75;84.00;39.75;0;14.71;55.47;38.40;898.43
2043237;1.42;0.96;12.00;1417.00;24.75;84.00;12.75;0.39;11.85;61.73;39.22;878.90
2043862;1.28;0.94;11.00;1414.00;24.75;84.00;19.50;0;12.39;74.98;29.41;859.36
2044483;1.27;0.92;11.00;1462.00;24.75;84.00;15.00;0;12.17;63.04;22.17;859.36
2045145;1.23;0.90;10.00;1469.00;24.75;84.00;15.75;0;12.19;55.70;17.95;859.36
2045762;1.30;0.88;8.00;1475.00;24.75;84.00;14.25;0;12.29;55.09;12.32;859.36
2046376;1.56;0.86;7.00;1327.00;24.75;84.00;19.50;0.39;12.40;42.44;8.93;839.83
2046919;1.19;0.84;6.00;1285.00;24.75;84.00;12.00;0;11.25;64.82;12.32;605.46
2047560;1.27;0.84;0;1311.00;24.75;84.00;12.75;0;11.98;128.41;12.25;58.59
2048234;1.54;0.84;0;1271.00;24.75;84.00;16.50;0.39;12.31;158.29;16.00;39.06
2048855;1.46;0.86;0;1363.00;24.75;84.00;15.75;0;12.22;115.36;17.23;39.06
2049521;1.55;0.88;0;1356.00;24.75;84.75;12.75;0.39;11.33;108.31;13.67;58.59
2050193;1.18;0.90;0;1445.00;24.75;84.75;15.00;0;12.16;85.50;27.81;820.30
2050867;1.30;0.88;0;1330.00;24.75;84.75;15.00;0;12.10;63.18;34.65;820.30
2051526;1.57;0.87;0;1349.00;24.75;84.75;15.00;0.39;12.18;63.20;30.25;507.81
2052193;1.19;0.87;0;1427.00;24.75;84.75;14.25;0;12.20;44.53;29.61;839.83
2052813;1.13;0.85;0;1465.00;24.75;84.75;15.00;0;12.16;38.44;28.18;800.77
2053431;1.15;0.83;0;1335.00;24.75;84.75;39.75;0;14.28;32.32;38.06;39.06
2053966;1.13;0.84;0;1325.00;24.75;84.75;15.75;0;12.14;26.21;35.60;820.30
2054589;1.13;0.84;0;1347.00;24.75;84.75;39.75;0;14.18;24.65;41.03;39.06
2055196;1.26;0.86;0;1336.00;25.50;85.50;14.25;0;12.12;21.21;31.91;761.71
2055827;1.21;0.84;0;1370.00;25.50;85.50;14.25;0;12.08;17.66;24.24;742.18
2056437;1.20;0.83;0;1305.00;25.50;85.50;11.25;0;14.43;12.17;21.62;58.59
2056977;1.19;0.85;0;1401.00;25.50;85.50;14.25;0;12.12;21.27;19.04;58.59
2057642;1.26;0.87;0;1338.00;25.50;85.50;14.25;0;12.08;20.57;28.36;722.65
2058263;1.18;0.85;0;1351.00;25.50;85.50;39.75;0;14.52;16.17;25.60;859.36
2058877;1.57;0.84;0;1276.00;25.50;85.50;39.75;0.39;14.47;36.56;85.68;214.84
2059490;1.26;0.85;0;1261.00;25.50;85.50;13.50;0;11.93;35.02;131.18;39.06
2060116;1.29;0.87;0;1354.00;25.50;85.50;15.00;0;12.18;24.18;118.90;78.12
2060732;1.26;0.87;0;1311.00;25.50;85.50;14.25;0;12.12;18.53;96.20;839.83
2061350;1.70;0.85;0;1173.00;25.50;85.50;20.25;0.39;12.99;12.75;90.50;781.24
2062027;1.20;0.83;0;1342.00;25.50;85.50;15.00;0;12.08;14.67;75.03;683.59
2062647;1.51;0.81;0;1300.00;25.50;86.25;15.00;0.39;12.17;11.46;55.72;468.74
2063265;1.26;0.82;0;1233.00;25.50;86.25;14.25;0;12.03;14.84;50.58;39.06
2063932;1.18;0.84;0;1383.00;25.50;86.25;15.00;0;11.95;24.08;41.29;39.06
2064540;1.38;0.86;0;1198.00;25.50;86.25;14.25;0;12.20;25.70;72.14;97.66
2065205;1.16;0.85;0;1288.00;25.50;86.25;12.00;0;11.56;23.03;79.68;58.59
2065820;1.32;0.87;0;1271.00;25.50;86.25;15.00;0;12.10;25.19;80.48;683.59
2066442;1.22;0.86;0;1325.00;25.50;86.25;15.00;0;12.06;36.72;84.06;605.46
2066978;1.62;0.87;0;1280.00;25.50;86.25;16.50;0.39;12.11;61.42;61.89;781.24
2067594;3.22;1.00;0;3070.00;25.50;86.25;33.00;9.02;24.22;45.90;43.69;917.96
2068263;1.12;0.96;0;2805.00;25.50;86.25;29.25;0.39;14.57;17.69;16.82;703.12
2068887;1.22;1.00;8.00;1766.00;25.50;86.25;13.50;0;12.07;9.82;9.35;156.25
2069511;1.48;1.00;3.00;1420.00;25.50;86.25;39.75;0;14.47;12.03;10.21;917.96
2070149;1.34;0.99;0;1460.00;25.50;86.25;14.25;0;11.96;13.73;33.36;917.96
2070763;1.28;0.97;0;1332.00;25.50;86.25;15.75;0;11.95;13.24;29.14;917.96
2071380;1.67;0.95;0;1339.00;25.50;86.25;15.00;0.39;12.06;13.14;29.26;898.43
2071970;1.57;0.93;0;1379.00;25.50;86.25;15.00;0.39;11.98;15.94;33.16;898.43
2072579;1.37;0.91;0;1334.00;25.50;86.25;15.00;0;12.04;26.78;31.33;878.90
2073193;1.30;0.89;0;1334.00;25.50;86.25;14.25;0;12.02;23.77;30.04;878.90
2073798;1.31;0.88;0;1288.00;25.50;86.25;15.00;0;12.09;20.58;24.86;859.36
2074412;1.23;0.86;0;1317.00;25.50;86.25;15.00;0;12.09;17.77;20.43;703.12
2074938;1.14;0.85;0;1360.00;25.50;86.25;39.75;0;14.20;19.65;17.19;839.83
2075607;1.22;0.84;0;1306.00;25.50;86.25;15.00;0;12.01;28.05;30.39;644.52
2076229;1.17;0.86;0;1306.00;25.50;87.00;39.75;0;14.26;57.52;38.14;136.72
2076896;1.26;0.86;0;1289.00;25.50;87.00;14.25;0;11.96;85.66;80.82;859.36
2077509;1.26;0.84;0;1234.00;25.50;87.00;14.25;0;11.95;113.88;122.26;175.78
2078114;1.22;0.85;0;1310.00;25.50;87.00;15.00;0;12.04;123.14;111.30;117.19
2078727;1.60;0.87;0;1206.00;25.50;87.00;14.25;0.39;12.01;122.16;96.56;58.59
2079395;3.84;1.00;0;2534.00;25.50;87.00;24.75;9.02;25.39;130.62;115.60;917.96
2079947;3.82;0.99;0;1965.00;25.50;87.00;15.75;9.02;29.51;65.76;68.18;839.83
2080566;3.46;0.96;17.00;2116.00;25.50;87.00;18.75;9.02;28.17;44.57;40.19;781.24
2081204;3.47;0.92;27.00;2980.00;25.50;87.00;29.25;12.16;27.71;22.38;21.27;878.90
2081833;4.14;0.99;35.00;3898.00;25.50;87.75;31.50;17.65;31.09;9.53;10.39;820.30
2082508;4.14;1.00;40.00;3568.00;25.50;87.75;36.75;11.77;22.83;3.01;5.76;820.30
2083044;4.78;1.00;47.00;3731.00;25.50;87.75;27.75;20.79;34.24;6.33;1.89;898.43
2083663;6.66;1.00;56.00;4398.00;25.50;87.75;17.25;37.26;44.44;2.95;1.70;664.05
2084281;5.87;0.99;63.00;4889.00;25.50;87.75;21.00;38.44;42.10;1.78;1.11;605.46
2084951;4.66;1.00;67.00;4095.00;25.50;87.75;29.25;20.39;34.25;1.19;0.14;859.36
2085579;4.09;0.96;70.00;4308.00;25.50;87.75;31.50;20.39;33.31;0.27;0;117.19
2086203;4.09;0.99;73.00;4533.00;25.50;88.50;33.75;20.39;31.79;0;0.84;507.81
2086821;4.90;1.00;77.00;4692.00;24.75;88.50;29.25;27.06;36.00;0;0.14;97.66
2087495;5.56;1.07;81.00;4965.00;24.75;88.50;26.25;32.55;38.31;0;0;761.71
2088116;4.90;1.00;83.00;4310.00;24.75;88.50;30.75;20.79;32.48;0;0;859.36
2088650;5.24;1.00;85.00;4434.00;24.75;88.50;24.00;29.02;38.50;0;1.66;781.24
2089265;5.26;1.05;88.00;4611.00;24.75;88.50;26.25;29.42;37.52;0;0.37;800.77
2089882;4.96;1.01;91.00;4717.00;24.75;88.50;27.00;29.02;36.23;1.23;0.70;839.83
2090562;5.61;0.98;93.00;4876.00;24.75;87.75;22.50;36.87;40.67;0.16;1.35;761.71
2091189;4.91;1.00;95.00;4361.00;24.75;87.75;40.50;14.51;23.95;0;0.25;820.30
2091810;4.09;0.99;95.00;4442.00;24.75;87.75;32.25;20.39;31.04;0;0;605.46
2092424;4.02;1.01;96.00;4432.00;24.75;87.75;33.00;19.61;30.58;0;0;761.71
2092958;4.01;1.02;96.00;4457.00;24.75;87.75;33.00;19.61;30.19;0;1.02;859.36
2093569;3.95;1.01;96.00;4433.00;24.75;87.00;33.75;19.22;29.96;0.84;0.21;585.93
2094193;3.77;0.99;97.00;4490.00;24.75;87.00;34.50;18.43;29.14;1.25;0.70;761.71
2094867;3.85;1.01;97.00;4488.00;24.75;87.00;33.75;18.83;29.28;1.31;0.82;742.18
2095491;4.03;1.01;97.00;4472.00;24.75;87.00;33.00;20.00;30.43;2.36;0.20;859.36
2096029;4.88;1.04;98.00;4562.00;24.75;87.00;28.50;25.89;35.29;0.66;0;859.36
2096700;3.94;0.99;100.00;4582.00;24.75;86.25;33.75;20.79;30.72;0.76;0;624.99
2097331;3.96;1.00;101.00;4657.00;24.75;86.25;33.75;20.79;30.07;1.72;0;683.59
2097943;4.69;1.03;102.00;4720.00;24.75;86.25;31.50;24.71;33.07;0.35;0;117.19
2098562;3.25;1.00;101.00;4294.00;24.75;86.25;39.00;12.16;24.45;0.68;0;800.77
2099180;2.93;0.94;100.00;4270.00;24.75;85.50;39.00;12.16;24.30;1.82;3.30;136.72
2099805;2.90;1.00;98.00;4186.00;24.75;85.50;39.00;12.16;24.65;0.47;0.98;839.83
2100421;1.33;1.00;96.00;4061.00;24.75;85.50;46.50;3.92;10.84;0.08;0.29;898.43
2100960;3.37;0.99;95.00;3975.00;24.75;85.50;36.00;14.12;25.83;1.39;0.68;800.77
2101640;4.57;1.00;93.00;3954.00;24.75;84.75;27.75;21.96;34.65;69.74;16.07;97.66
2102288;4.90;1.05;92.00;3924.00;24.75;84.75;27.00;22.75;35.46;145.21;192.72;664.05
2102931;3.40;1.00;90.00;4114.00;24.75;84.75;37.50;12.55;25.18;253.56;162.65;859.36
2103605;2.96;0.99;86.00;4592.00;24.75;84.75;37.50;9.02;18.43;249.42;145.28;859.36
2104219;3.34;0.95;86.00;4457.00;24.75;84.75;37.50;15.30;26.20;169.33;146.67;820.30
2104847;3.44;1.00;86.00;4505.00;24.75;84.75;37.50;15.69;26.61;188.66;177.45;878.90
2105461;5.43;1.00;87.00;4504.00;24.75;84.00;25.50;27.85;37.27;247.76;162.27;312.50
2106056;4.83;1.03;87.00;4543.00;24.75;84.00;29.25;25.49;35.00;319.67;260.43;742.18
2106676;4.89;1.04;90.00;4703.00;24.75;84.00;29.25;27.85;35.63;341.48;330.31;839.83
2107344;3.85;0.99;91.00;4734.00;24.75;84.00;33.00;21.96;30.79;343.59;344.76;800.77
2107964;3.74;0.97;91.00;4700.00;24.75;83.25;34.50;20.39;29.59;347.69;346.09;761.71
2108586;3.87;1.00;90.00;4717.00;24.75;83.25;34.50;20.79;29.60;313.55;305.74;527.34
2109207;5.22;0.99;93.00;4845.00;24.75;83.25;24.75;33.34;38.76;252.70;286.19;761.71
2109836;4.90;1.03;95.00;4934.00;24.75;83.25;28.50;29.81;35.58;150.38;182.20;703.12
2110509;4.72;1.04;95.00;4982.00;24.75;83.25;30.00;28.63;34.26;159.77;179.54;742.18
2111048;4.23;1.00;96.00;5007.00;24.75;83.25;33.00;25.89;32.00;222.58;246.43;683.59
2111770;6.46;1.00;97.00;5074.00;24.75;83.25;21.75;43.53;43.09;316.76;324.63;761.71
2112390;6.18;1.00;100.00;5179.00;24.75;83.25;21.00;45.89;43.70;358.12;331.72;742.18
2113018;6.31;1.03;102.00;5288.00;24.75;83.25;21.00;46.28;43.08;328.34;333.49;78.12
2113637;4.67;0.99;100.00;4597.00;24.75;83.25;30.75;24.71;33.62;315.51;338.77;429.68
2114324;5.74;1.05;101.00;4634.00;24.75;83.25;23.25;33.34;39.72;315.70;332.91;800.77
2114950;5.64;1.06;102.00;4722.00;24.75;83.25;24.00;33.34;39.51;321.91;325.12;624.99
2115573;5.28;1.01;103.00;4743.00;24.00;83.25;24.75;32.94;38.54;224.50;224.81;703.12
2116249;4.73;1.05;103.00;4796.00;24.00;83.25;30.00;27.06;34.02;256.43;165.83;742.18
2116869;4.20;1.01;103.00;4742.00;24.00;83.25;33.00;23.53;31.51;301.91;262.19;742.18
2117482;3.78;0.98;102.00;4714.00;24.00;83.25;34.50;20.79;29.73;280.90;327.28;605.46
2118028;3.16;0.96;102.00;4680.00;24.00;83.25;39.00;15.69;25.74;278.71;345.58;703.12
2118645;1.93;0.98;100.00;4580.00;24.00;83.25;47.25;7.06;16.29;324.51;341.11;859.36
2119324;1.12;0.99;95.00;4417.00;24.00;83.25;48.00;3.53;8.81;334.10;343.30;859.36
2119944;2.56;0.98;95.00;4339.00;24.00;83.25;43.50;9.02;20.49;308.09;340.92;820.30
2120572;4.25;1.00;95.00;4404.00;24.00;82.50;32.25;20.79;31.50;264.67;346.27;820.30
2121116;6.02;1.00;97.00;4470.00;24.00;82.50;21.00;34.12;41.50;276.60;322.66;820.30
2121782;4.50;1.00;98.00;4547.00;24.00;82.50;31.50;23.92;32.86;328.85;334.82;410.15
2122402;5.94;1.00;101.00;4702.00;24.00;82.50;21.00;37.65;42.16;337.65;345.15;761.71
2123029;6.27;0.97;103.00;4767.00;24.00;82.50;18.00;44.71;44.93;353.18;352.36;781.24
2123654;4.58;1.00;105.00;4841.00;24.00;82.50;27.00;30.98;36.94;343.86;361.75;78.12
2124281;3.97;1.01;105.00;4863.00;24.00;82.50;33.75;23.53;30.69;350.15;355.13;800.77
2124910;4.76;1.00;106.00;4876.00;24.00;82.50;29.25;29.02;34.92;350.23;345.62;781.24
2125583;4.10;0.97;107.00;4948.00;24.00;82.50;31.50;25.89;32.43;346.81;321.91;683.59
2126208;3.86;0.98;107.00;4930.00;24.00;82.50;33.75;23.14;30.03;339.24;320.78;722.65
2126877;3.86;0.98;107.00;4949.00;24.00;82.50;34.50;22.75;29.71;337.21;335.60;800.77
2127490;3.91;1.00;108.00;4995.00;24.00;82.50;34.50;23.53;29.83;321.23;213.19;644.52
2128077;5.38;1.00;108.00;5031.00;24.00;82.50;25.50;36.08;38.95;318.85;212.90;585.93
2128700;4.34;1.00;108.00;5056.00;24.00;82.50;32.25;27.85;32.89;316.66;304.43;781.24
2129319;4.28;1.02;110.00;5025.00;24.00;82.50;33.00;25.89;31.77;344.37;342.20;644.52
2129993;4.78;1.05;110.00;5054.00;24.00;82.50;30.75;29.81;34.52;350.00;349.41;781.24
2130612;3.81;0.97;110.00;5040.00;24.00;82.50;34.50;23.92;30.03;333.75;332.40;703.12
2131231;3.78;0.98;110.00;5058.00;24.00;82.50;35.25;23.14;29.24;314.35;332.63;761.71
2131853;4.78;1.02;110.00;5088.00;24.00;82.50;30.00;30.98;35.19;269.57;306.80;742.18
2132476;4.92;1.01;112.00;5120.00;24.00;82.50;27.75;33.34;36.46;192.68;335.60;566.40
2133022;4.74;0.99;112.00;5172.00;24.00;82.50;28.50;32.16;35.40;147.94;340.10;722.65
2133647;4.92;1.01;113.00;5242.00;24.00;82.50;27.75;33.73;36.25;177.00;226.33;703.12
2134322;4.27;1.00;115.00;5308.00;24.00;81.75;33.75;28.24;32.37;50.54;66.17;742.18
2134949;4.95;1.01;116.00;5345.00;24.00;81.75;28.50;34.51;36.53;14.73;15.80;566.40
2135621;3.18;0.99;115.00;4872.00;24.00;81.75;40.50;16.08;24.61;2.71;3.61;449.21
2136245;3.87;1.01;113.00;4824.00;24.00;81.75;34.50;21.57;29.40;3.24;0.82;781.24
2136866;4.00;1.01;113.00;4799.00;24.00;81.75;33.75;22.36;30.16;0.59;0.02;761.71
2137497;4.00;1.01;112.00;4767.00;24.00;81.75;33.75;22.36;30.45;0.08;0;800.77
2138025;3.38;0.96;112.00;4765.00;24.00;81.75;37.50;18.04;26.96;0.59;0;683.59
2138647;3.78;1.02;112.00;4745.00;24.00;81.75;35.25;20.00;28.44;0;0;781.24
2139312;3.94;1.02;111.00;4723.00;24.00;81.75;34.50;20.79;29.56;0;0.72;742.18
2139930;3.06;1.00;108.00;5237.00;24.00;81.75;45.00;13.33;21.61;0.96;0;781.24
2140603;3.07;1.00;107.00;4955.00;24.00;81.75;41.25;15.69;23.72;1.11;1.97;781.24
2141270;2.98;0.98;106.00;4900.00;24.00;82.50;42.00;14.51;23.43;1.19;0.29;761.71
2141897;3.05;1.00;105.00;4821.00;24.00;82.50;41.25;14.51;23.72;217.84;112.24;683.59
2142529;3.13;1.02;103.00;4797.00;24.00;82.50;41.25;14.51;23.76;190.59;277.17;566.40
2143071;2.85;0.98;102.00;4688.00;24.00;82.50;42.00;11.77;22.64;216.02;312.23;605.46
2143750;3.54;1.01;100.00;4633.00;24.00;82.50;38.25;17.26;26.85;218.93;336.38;683.59
2144373;3.60;1.02;98.00;4572.00;24.00;81.75;37.50;17.26;27.20;65.09;112.41;761.71
2145044;3.50;0.97;98.00;4500.00;24.00;81.75;35.25;17.26;27.63;19.26;35.13;683.59
2145657;3.61;1.01;98.00;4528.00;24.00;81.75;37.50;16.86;27.37;6.35;11.43;742.18
2146279;2.78;0.94;97.00;4498.00;24.00;81.75;40.50;11.77;23.20;1.46;2.75;820.30
2146952;3.29;0.98;97.00;4433.00;24.00;81.75;39.00;14.12;25.37;1.11;0.68;742.18
2147572;3.46;1.01;95.00;4406.00;24.00;81.75;37.50;15.69;26.64;1.19;0.12;761.71
2148120;4.15;1.03;95.00;4319.00;24.00;81.75;32.25;19.61;30.93;1.93;0;742.18
2148740;3.68;0.99;93.00;4342.00;24.00;81.75;34.50;17.26;28.65;0.47;1.07;800.77
2149364;3.48;1.00;93.00;4277.00;24.00;81.75;36.75;15.30;27.10;0;1.17;820.30
2150031;3.86;0.99;92.00;4236.00;24.00;81.75;33.00;18.04;29.70;0;0.20;742.18
2150650;3.74;1.00;91.00;4182.00;24.00;81.75;33.75;16.86;28.94;4.45;2.83;742.18
2151270;3.82;1.01;90.00;4131.00;24.00;82.50;33.75;16.86;29.11;8.77;9.28;742.18
2151885;7.42;1.00;91.00;4159.00;24.00;82.50;15.00;39.61;45.56;114.58;125.34;800.77
2152575;5.95;1.00;92.00;4296.00;24.00;82.50;17.25;38.44;44.28;269.49;235.84;39.06
2153170;4.59;1.00;93.00;4323.00;24.00;82.50;27.75;24.71;36.08;313.55;323.30;585.93
2153796;3.02;1.00;92.00;4253.00;24.00;82.50;39.00;12.55;24.41;327.71;321.41;839.83
2154426;2.65;0.95;92.00;4229.00;24.00;82.50;41.25;10.20;21.72;291.43;299.41;585.93
2155045;3.50;1.00;95.00;4365.00;24.00;82.50;37.50;15.69;26.74;288.15;294.47;742.18
2155716;4.58;1.04;93.00;4332.00;24.00;82.50;30.00;22.36;33.33;257.29;302.05;820.30
2156339;5.29;1.00;93.00;4337.00;24.00;82.50;26.25;27.06;37.55;174.62;198.99;78.12
2156958;5.09;1.07;95.00;4382.00;24.00;82.50;27.75;25.10;35.90;138.84;224.81;839.83
2157595;3.98;0.95;95.00;4384.00;24.00;82.50;31.50;21.18;31.85;177.39;259.94;273.43
2158187;4.04;0.97;95.00;4381.00;24.00;82.50;31.50;21.18;31.88;309.71;278.91;410.15
2158800;3.08;0.98;92.00;4258.00;24.00;82.50;39.00;12.94;24.56;322.93;328.81;820.30
2159424;3.17;1.00;92.00;4269.00;24.00;82.50;37.50;13.73;25.78;346.19;341.09;800.77
2160041;2.92;0.99;91.00;4186.00;24.00;82.50;39.00;11.37;23.30;328.08;333.77;742.18
2160714;2.84;0.96;91.00;4178.00;24.00;82.50;40.50;11.37;23.11;313.24;268.30;781.24
2161329;4.22;1.00;91.00;4225.00;24.00;82.50;32.25;18.83;30.36;260.73;243.21;820.30
2161997;4.36;1.00;92.00;4260.00;24.00;82.50;29.25;21.96;33.26;259.44;212.86;800.77
2162674;3.53;0.96;92.00;4281.00;24.00;82.50;33.75;16.86;28.64;204.03;204.05;175.78
2163294;6.02;1.00;95.00;4352.00;24.00;82.50;23.25;30.98;40.19;235.96;236.76;488.28
2163918;6.10;0.99;96.00;4429.00;24.00;82.50;19.50;36.87;42.92;291.45;264.01;292.97
2164540;4.86;1.00;96.00;4347.00;24.00;83.25;25.50;27.45;37.68;299.71;329.02;136.72
2165081;4.54;1.03;95.00;4386.00;24.00;83.25;30.00;23.14;33.80;338.44;342.56;703.12
2165756;5.67;1.00;96.00;4440.00;24.00;83.25;24.00;30.98;38.87;327.19;344.94;703.12
2166375;4.16;1.00;96.00;4435.00;24.00;83.25;30.75;22.75;33.12;346.42;318.16;839.83
2166992;3.39;1.00;96.00;4409.00;24.00;83.25;37.50;15.69;26.66;344.20;318.18;859.36
2167662;2.66;0.94;95.00;4383.00;24.00;83.25;42.00;10.98;22.12;298.75;317.11;605.46
2168285;2.67;0.96;93.00;4359.00;24.00;83.25;41.25;10.59;21.84;283.15;262.15;781.24
2168910;3.05;0.99;92.00;4268.00;24.00;83.25;39.00;12.16;24.05;298.22;223.01;761.71
2169532;2.96;0.96;92.00;4218.00;24.00;83.25;39.00;12.16;24.19;335.94;257.52;742.18
2170063;3.09;0.99;91.00;4207.00;24.00;83.25;39.00;12.55;24.35;334.24;324.98;781.24
2170682;3.02;0.98;92.00;4270.00;24.00;83.25;39.00;12.16;24.13;355.25;344.74;703.12
2171301;2.95;0.98;91.00;4193.00;24.00;83.25;39.75;11.37;23.54;338.10;316.09;761.71
2171977;2.85;0.95;91.00;4211.00;24.00;83.25;39.75;11.77;23.49;303.38;297.77;488.28
2172593;4.12;0.99;90.00;4190.00;24.00;83.25;31.50;19.22;30.91;268.91;309.47;195.31
2173134;2.98;0.99;88.00;4124.00;24.00;83.25;39.00;11.77;23.70;222.39;307.93;761.71
2173806;6.41;1.00;88.00;4109.00;24.00;83.25;26.25;24.71;37.19;219.95;227.78;722.65
2174424;5.97;1.01;90.00;4139.00;24.00;83.25;19.50;32.16;42.16;191.37;210.73;214.84
2175046;6.55;1.05;92.00;4281.00;24.00;83.25;19.50;34.12;41.86;217.31;243.36;859.36
2175665;6.58;0.96;93.00;4321.00;24.00;83.25;15.75;45.50;47.09;287.40;324.28;136.72
2176289;5.45;1.00;96.00;4409.00;24.00;83.25;19.50;36.47;42.72;337.91;349.90;58.59
2176970;5.30;1.06;97.00;4475.00;24.00;83.25;25.50;28.63;37.55;332.38;354.84;781.24
2177601;4.71;1.03;96.00;4429.00;24.00;83.25;29.25;24.71;34.49;349.33;312.91;585.93
2178144;4.02;0.99;97.00;4499.00;24.00;83.25;32.25;21.18;31.08;304.59;344.59;761.71
2178766;2.93;1.00;100.00;4598.00;24.00;83.25;41.25;12.55;23.30;199.91;323.01;781.24
2179446;2.66;0.92;98.00;4540.00;24.00;83.25;42.00;11.77;22.61;214.93;218.21;742.18
2180067;1.76;0.99;96.00;4431.00;24.00;83.25;47.25;6.28;14.10;132.35;143.17;839.83
2180740;1.75;0.95;93.00;4308.00;24.00;83.25;46.50;6.28;14.68;180.93;193.74;742.18
2181361;1.46;0.93;91.00;4161.00;24.00;83.25;45.75;5.10;12.37;241.00;262.78;742.18
2181987;3.59;1.00;90.00;4163.00;24.00;83.25;38.25;12.55;24.42;272.54;330.39;820.30
2182614;2.87;0.94;91.00;4267.00;24.00;83.25;39.00;12.55;24.09;319.22;328.12;117.19
2183152;3.09;0.98;88.00;4120.00;24.00;83.25;38.25;12.55;24.66;295.70;324.53;136.72
2183769;2.40;1.01;88.00;4079.00;24.00;83.25;43.50;7.84;18.82;303.61;265.69;859.36
2184439;5.59;1.00;90.00;4147.00;24.00;83.25;23.25;27.06;38.98;237.09;241.51;703.12
2185069;5.50;1.04;91.00;4211.00;24.00;83.25;23.25;28.24;39.27;171.22;230.45;781.24
2185688;4.93;1.00;93.00;4314.00;24.00;83.25;24.00;28.63;38.60;148.94;194.54;761.71
2186317;4.89;1.01;95.00;4351.00;24.00;83.25;27.00;26.28;36.73;170.75;179.25;722.65
2186993;4.90;1.02;95.00;4386.00;24.00;83.25;27.75;26.28;36.43;262.64;286.72;761.71
2187626;4.09;0.99;95.00;4390.00;24.00;83.25;30.75;21.96;32.26;322.46;279.10;820.30
2188162;3.67;0.97;93.00;4299.00;24.00;83.25;33.75;18.04;29.28;344.98;324.59;722.65
2188785;4.26;1.00;93.00;4346.00;24.00;83.25;32.25;20.39;30.92;350.52;342.32;820.30
2189455;5.31;1.05;93.00;4302.00;24.00;83.25;25.50;27.06;37.75;336.19;312.42;703.12
2190074;5.07;1.04;93.00;4291.00;24.00;83.25;27.00;25.89;37.06;309.02;299.47;800.77
2190695;3.72;1.00;93.00;4345.00;24.00;83.25;34.50;17.65;28.75;304.28;281.78;859.36
2191370;2.66;0.95;92.00;4224.00;24.00;83.25;41.25;10.59;21.98;239.09;219.32;761.71
2192046;2.04;0.92;90.00;4147.00;24.00;83.25;44.25;7.45;17.61;266.64;231.51;761.71
2192665;0.51;1.00;87.00;3980.00;24.00;83.25;-30.00;0;0;319.28;252.54;683.59
2193293;0.52;1.00;81.00;3774.00;24.00;83.25;-30.00;0;0;349.00;318.89;0
2193903;0.58;1.00;77.00;3565.00;24.00;83.25;-30.00;0;0;350.78;318.65;0
2194611;0.60;1.00;72.00;3346.00;24.00;83.25;-30.00;0;0;355.60;340.92;0
2195136;0.64;1.00;68.00;3182.00;24.00;83.25;-30.00;0;0;332.48;343.44;0
2195740;0.69;1.00;65.00;2958.00;24.00;83.25;-30.00;0;0;270.78;266.19;0
2196400;0.72;1.00;60.00;2782.00;24.00;83.25;-30.00;0;0;204.01;219.05;0
2197056;0.76;1.00;56.00;2605.00;24.00;83.25;-30.00;0;0;186.43;222.39;0
2197659;1;1.00;53.00;1996.00;24.00;83.25;15.00;0;12.22;162.26;165.15;39.06
2198292;0.85;1.00;50.00;2575.00;24.00;83.25;15.75;0;12.22;212.97;213.91;19.53
2198907;0.88;1.00;45.00;2383.00;24.00;83.25;15.00;0;12.16;192.10;193.23;19.53
2199521;0.92;1.00;41.00;2162.00;24.00;83.25;15.00;0;12.29;114.64;108.22;19.53
2200128;1.25;1.01;35.00;1516.00;24.00;83.25;14.25;0;12.19;97.63;83.28;39.06
2200755;1.01;1.00;28.00;1892.00;24.00;83.25;15.00;0;12.16;88.76;68.34;820.30
2201383;1.34;0.98;25.00;1420.00;24.00;83.25;15.00;0;12.18;63.77;51.83;820.30
2201992;1.12;1.00;21.00;1689.00;24.00;83.25;13.50;0;12.21;52.63;49.08;859.36
2202609;1.22;0.98;17.00;1476.00;24.00;83.25;15.00;0;12.16;54.25;43.04;859.36
2203143;1.30;0.96;13.00;1358.00;24.00;83.25;14.25;0;12.15;59.88;31.50;839.83
2203762;1.32;0.94;11.00;1346.00;24.00;83.25;14.25;0;12.15;41.35;22.93;898.43
2204375;4.67;1.00;15.00;1812.00;24.00;83.25;7.50;12.16;33.04;94.12;56.23;859.36
2205004;3.87;0.99;21.00;2335.00;24.00;83.25;19.50;12.55;30.16;221.26;160.56;839.83
2205657;6.86;1.00;28.00;3190.00;24.00;83.25;12.75;37.26;41.35;219.69;230.84;878.90
2206201;7.30;1.00;41.00;4565.00;24.00;84.00;17.25;59.61;50.81;271.25;289.84;703.12
2206824;0;1.00;51.00;5010.00;24.00;84.00;43.50;0;3.94;301.54;303.09;898.43
2207441;7.48;1.00;57.00;4464.00;24.00;84.00;16.50;45.50;47.72;340.86;289.28;859.36
2208073;7.45;1.00;67.00;5204.00;24.00;84.00;20.25;83.15;51.40;345.56;327.26;664.05
2208693;8.30;1.00;76.00;5964.00;24.00;84.00;18.75;99.62;53.53;204.40;227.64;898.43
2209363;5.03;1.00;83.00;5487.00;24.00;84.00;33.75;30.59;34.06;167.49;192.88;605.46
2209984;5.70;1.00;87.00;5380.00;24.00;84.00;25.50;40.00;39.40;235.34;306.93;800.77
2210608;0.12;1.00;90.00;5234.00;24.00;84.00;43.50;0;3.93;294.43;344.41;820.30
2211198;0;1.00;90.00;5012.00;24.00;84.00;48.75;0.39;7.08;343.45;347.54;878.90
2211813;2.26;1.00;91.00;4153.00;24.00;84.00;42.00;8.63;20.00;316.48;335.41;781.24
2212438;1.42;1.00;88.00;4157.00;24.00;84.00;46.50;4.71;11.53;316.11;312.77;878.90
2213107;0.62;1.00;87.00;3940.00;24.00;84.00;44.25;1.18;5.28;317.91;201.33;878.90
2213722;0.50;1.00;83.00;3822.00;24.00;84.00;-30.00;0;0;268.97;226.80;39.06
2214378;0.55;1.00;80.00;3695.00;24.00;84.00;-30.00;0;0;219.85;244.67;0
2214995;0.56;1.00;77.00;3532.00;24.00;84.00;-30.00;0;0;231.98;215.90;0
2215604;0.57;1.00;75.00;3440.00;24.00;84.00;-30.00;0;0;284.34;258.97;0
2216137;0.65;1.00;67.00;3124.00;24.00;84.00;-30.00;0;0;325.62;298.01;0
2216792;0.74;1.00;56.00;2598.00;24.00;84.00;-30.00;0;0;355.25;339.12;0
2217397;0.88;1.00;52.00;2478.00;24.00;84.00;16.50;0;12.20;338.40;237.17;878.90
2218024;0.90;1.00;51.00;3088.00;24.00;84.00;35.25;0.78;6.77;310.72;206.86;742.18
2218656;1.79;1.00;50.00;3092.00;24.00;84.00;34.50;3.92;13.64;325.43;233.99;878.90
2219201;2.20;0.97;52.00;3236.00;24.00;84.00;37.50;5.88;18.18;329.39;233.91;839.83
2219831;2.04;0.93;53.00;3293.00;24.00;84.00;38.25;5.88;17.99;321.64;232.17;781.24
2220454;3.12;0.98;55.00;3378.00;24.00;84.00;33.75;10.98;25.17;308.07;226.08;800.77
2221140;3.13;0.94;57.00;3490.00;24.00;84.00;33.00;12.55;26.45;259.32;253.32;78.12
2221764;3.38;1.01;60.00;3648.00;24.00;84.00;34.50;13.73;27.00;313.81;313.50;878.90
2222395;5.38;1.00;65.00;3969.00;24.00;84.00;21.75;26.28;40.87;343.16;310.70;97.66
2223037;4.60;1.00;67.00;4138.00;24.00;83.25;30.00;21.18;34.04;357.73;330.53;781.24
2223676;6.46;1.00;72.00;4417.00;24.00;83.25;19.50;37.26;44.18;342.09;328.34;78.12
2224217;0.78;1.00;68.00;4116.00;24.00;83.25;45.75;1.57;6.66;329.35;334.39;898.43
2224849;0.92;0.98;63.00;3959.00;24.00;83.25;45.75;1.96;7.36;325.92;260.06;878.90
2225466;0.54;1.00;61.00;3714.00;24.00;83.25;-30.00;0;0;281.68;200.77;19.53
2226096;0.54;1.00;57.00;3518.00;24.00;83.25;-30.00;0;0;304.61;143.19;0
2226714;2.36;1.00;56.00;3352.00;24.00;83.25;27.75;5.88;16.02;294.96;107.53;859.36
2227347;1.90;0.97;56.00;3440.00;24.00;83.25;38.25;5.10;15.45;314.82;243.07;859.36
2227962;0.92;0.94;56.00;3454.00;24.00;83.25;39.75;2.35;9.46;342.05;288.63;820.30
2228581;0.86;1.00;52.00;3248.00;24.00;83.25;37.50;0.78;6.35;348.55;328.42;78.12
2229179;1.38;1.00;50.00;3072.00;24.00;83.25;35.25;2.75;10.79;335.17;340.58;878.90
2229815;3.05;1.00;50.00;3118.00;24.00;83.25;35.25;7.06;20.89;341.60;322.73;898.43
2230430;3.66;0.99;52.00;3249.00;24.00;83.25;32.25;13.73;26.88;343.73;335.94;859.36
2231059;6.15;1.00;57.00;3565.00;24.00;83.25;17.25;32.55;42.35;343.67;336.93;839.83
2231681;7.30;1.00;65.00;3940.00;24.00;83.25;14.25;43.53;48.07;318.75;280.88;722.65
2232222;6.80;0.99;71.00;4344.00;24.00;83.25;15.75;45.10;47.28;209.77;239.07;117.19
2232845;3.06;1.00;75.00;4555.00;24.00;83.25;37.50;17.26;28.42;166.61;120.27;878.90
2233518;2.62;0.97;75.00;4569.00;24.00;83.25;44.25;10.20;21.79;242.86;204.62;781.24
2234143;2.62;0.98;75.00;4646.00;24.00;83.25;44.25;9.81;21.29;307.34;299.26;800.77
2234808;3.30;1.01;78.00;4778.00;24.00;83.25;40.50;15.69;25.26;346.33;338.88;624.99
2235490;2.69;1.00;77.00;4051.00;24.00;83.25;29.25;8.63;18.19;354.24;353.67;859.36
2236167;2.70;0.93;77.00;3989.00;24.00;83.25;39.75;10.98;22.54;356.81;249.34;156.25
2236812;3.70;1.00;80.00;4180.00;24.00;83.25;33.75;16.86;28.39;240.53;252.05;195.31
2237433;3.50;1.03;81.00;4214.00;24.00;83.25;36.75;15.30;26.69;210.67;175.26;722.65
2238056;0.84;1.00;78.00;4184.00;24.00;83.25;47.25;2.35;6.85;123.80;177.22;917.96
2238691;0.86;0.98;76.00;3978.00;24.00;83.25;45.75;1.96;6.97;123.23;218.03;917.96
2239237;0.49;1.00;72.00;3788.00;24.00;83.25;-30.00;0;0;237.39;248.36;58.59
2239917;0.56;1.00;68.00;3559.00;24.00;83.25;-30.00;0;0;307.03;296.50;0
2240525;0.59;1.00;63.00;3329.00;24.00;83.25;-30.00;0;0;277.79;339.02;0
2241185;0.66;1.00;57.00;3014.00;24.00;83.25;-30.00;0;0;322.15;339.88;0
2241789;2.62;1.00;55.00;3296.00;24.00;82.50;30.00;3.92;18.89;237.66;259.28;800.77
2242427;4.63;1.00;52.00;3227.00;24.00;82.50;33.75;9.81;24.45;215.87;231.49;859.36
2243047;0.50;1.00;48.00;3784.00;24.00;82.50;-30.00;0;0;150.91;231.20;0
2243686;0.57;1.00;46.00;3560.00;24.00;82.50;-30.00;0;0;116.05;164.44;0
2244214;0.59;1.00;42.00;3266.00;24.00;82.50;-30.00;0;0;134.78;167.31;0
2244870;0.70;1.00;36.00;2806.00;24.00;82.50;-30.00;0;0;252.44;275.55;0
2245577;0.93;1.00;30.00;2380.00;24.00;82.50;15.75;0;12.33;269.38;265.86;0
2246247;1.02;1.00;26.00;2004.00;24.00;82.50;14.25;0;12.35;254.42;225.28;39.06
2246876;1.21;1.01;21.00;1703.00;24.00;82.50;13.50;0;12.31;185.67;153.62;839.83
2247504;3.62;1.00;20.00;1677.00;24.00;82.50;-1.50;5.88;15.22;155.20;125.48;859.36
2248127;3.12;0.98;20.00;1743.00;24.00;82.50;6.75;5.88;18.76;177.10;151.63;703.12
2248798;2.97;0.97;21.00;1898.00;24.00;82.50;15.75;5.88;21.51;212.76;146.77;58.59
2249430;3.04;0.99;23.00;1972.00;24.00;82.50;17.25;6.28;22.23;235.24;225.22;175.78
2250063;4.88;1.00;28.00;2299.00;24.00;82.50;15.00;18.83;35.53;222.17;190.89;859.36
2250745;5.04;0.99;35.00;2755.00;24.00;82.50;17.25;26.28;37.10;246.59;208.17;117.19
2251286;5.60;1.03;42.00;3329.00;24.00;82.50;16.50;29.81;39.86;311.50;286.51;117.19
2251905;6.21;0.99;48.00;3819.00;24.00;82.50;19.50;29.81;41.42;322.21;329.39;742.18
2252575;6.58;1.01;57.00;4476.00;24.00;82.50;18.00;41.18;45.77;324.35;226.22;683.59
2253198;3.85;0.99;60.00;3680.00;24.00;82.50;30.75;18.04;30.52;347.34;291.45;585.93
2253877;5.70;1.00;65.00;3952.00;24.00;82.50;21.75;29.02;41.53;291.68;299.65;58.59
2254500;5.80;1.08;70.00;4242.00;24.00;82.50;24.00;29.02;40.95;239.61;229.48;585.93
2255127;4.74;0.98;73.00;4499.00;24.00;83.25;27.75;27.45;37.21;208.48;229.61;683.59
2255754;5.95;1.00;78.00;4726.00;24.00;83.25;22.50;37.26;42.71;197.86;186.67;761.71
2256378;0;1.00;80.00;4688.00;24.00;83.25;42.75;0;4.30;234.57;208.46;898.43
2256995;3.02;0.97;80.00;4210.00;24.00;83.25;39.00;12.94;24.56;256.86;251.74;644.52
2257679;2.93;0.99;81.00;4203.00;24.00;83.25;40.50;11.37;23.07;328.87;313.91;722.65
2258234;2.30;0.99;81.00;4188.00;24.00;83.25;44.25;7.84;18.61;345.52;341.89;839.83
2258904;4.02;1.00;82.00;4222.00;24.00;83.25;33.00;18.43;30.10;306.45;336.60;859.36
2259585;2.22;0.97;81.00;4170.00;24.00;83.25;45.00;7.84;18.26;305.64;340.21;800.77
2260209;3.61;1.00;81.00;4209.00;24.00;83.25;33.75;16.86;28.67;258.46;293.07;742.18
2260836;5.82;1.00;82.00;4283.00;24.00;83.25;23.25;29.42;39.18;220.59;225.02;761.71
2261456;4.90;1.00;83.00;4379.00;24.00;83.25;27.75;25.89;35.83;218.19;183.07;97.66
2262127;4.16;1.03;85.00;4454.00;24.00;83.25;30.75;21.96;32.44;256.80;198.78;820.30
2262755;2.77;1.00;87.00;4520.00;23.25;83.25;40.50;12.94;23.92;237.25;281.04;820.30
2263353;1.09;1.00;83.00;4323.00;23.25;83.25;47.25;3.53;8.73;245.59;340.53;898.43
2264025;0.50;1.00;80.00;4143.00;23.25;84.00;42.00;0;4.21;311.33;315.68;898.43
2264695;0.53;1.00;76.00;3928.00;23.25;84.00;-30.00;0;0;337.05;246.08;0
2265289;1.06;1.00;71.00;3649.00;23.25;84.00;42.00;0.39;6.25;309.24;237.91;0
2265874;2.15;1.00;68.00;3574.00;23.25;84.00;15.75;6.28;12.12;329.20;233.68;878.90
2266507;2.08;0.95;67.00;3484.00;23.25;84.00;29.25;6.28;16.30;338.85;175.42;859.36
2267130;1.62;0.90;66.00;3415.00;23.25;84.00;39.75;5.10;14.68;239.11;121.34;800.77
2267752;0.60;1.00;63.00;3275.00;23.25;84.00;-30.00;0;0;214.69;107.00;58.59
2268356;1.70;1.00;60.00;3111.00;23.25;84.00;14.25;3.53;8.34;257.58;252.39;839.83
2268983;2.80;0.99;60.00;3135.00;24.00;84.00;27.75;8.63;20.83;319.04;311.93;859.36
2269614;1.19;0.99;58.00;3054.00;24.00;84.00;34.50;2.75;10.10;328.65;340.06;878.90
2270233;0.98;0.97;57.00;2934.00;24.00;84.00;33.00;1.96;8.63;188.00;193.15;898.43
2270857;1.21;0.95;55.00;2886.00;24.00;84.00;32.25;1.96;10.01;221.72;200.69;878.90
2271533;3.88;1.00;53.00;2818.00;24.00;84.00;30.00;9.81;24.55;238.23;246.35;878.90
2272151;2.94;1.00;52.00;3265.00;24.00;84.00;27.00;9.02;22.23;219.07;311.37;859.36
2272778;3.14;0.98;55.00;3376.00;24.00;84.00;32.25;11.37;26.35;201.37;236.43;253.90
2273461;0.62;1.00;51.00;3118.00;24.00;84.00;-30.00;0;0;223.74;235.69;0
2274143;0.70;1.00;46.00;2844.00;24.00;84.00;-30.00;0;0;310.55;299.41;0
2274747;2.94;1.00;43.00;2837.00;24.00;84.00;0.75;5.88;10.72;334.71;330.37;839.83
2275298;3.30;0.99;43.00;2674.00;24.00;84.00;15.00;9.02;21.07;340.95;347.77;878.90
2275898;2.84;0.96;45.00;2764.00;24.00;84.00;30.00;8.63;23.60;352.32;336.81;546.87
2276571;2.90;1.00;46.00;2811.00;24.00;84.00;30.75;8.24;23.27;334.08;317.44;859.36
2277245;2.68;0.95;47.00;2894.00;24.00;84.00;32.25;8.24;22.82;289.06;305.16;664.05
2277869;2.36;0.92;47.00;2915.00;24.00;84.00;33.00;7.06;20.86;265.76;267.81;195.31
2278540;2.43;0.94;48.00;2991.00;24.00;84.00;33.75;7.06;21.10;263.23;238.68;722.65
2279160;2.46;0.93;48.00;2992.00;24.00;84.00;33.75;7.45;21.65;169.36;147.51;195.31
2279776;2.61;0.95;50.00;3062.00;24.00;84.00;34.50;8.24;22.31;182.64;169.42;761.71
2280400;1.72;1.01;50.00;3049.00;24.00;84.00;34.50;3.92;14.12;265.26;264.79;898.43
2281014;1.57;0.99;48.00;3018.00;24.00;84.00;34.50;3.14;13.03;257.21;317.23;878.90
2281632;0.70;1.00;46.00;2829.00;24.00;84.00;-30.00;0;0;297.58;304.49;0
2282231;0.75;1.00;42.00;2599.00;24.00;84.00;-30.00;0;0;315.39;335.64;0
2282843;1.23;1.00;40.00;2491.00;24.00;84.00;24.75;1.57;9.15;288.79;326.87;859.36
2283522;1.38;1.00;38.00;2432.00;24.00;84.00;24.75;1.96;10.63;302.50;290.18;898.43
2284145;1.57;0.98;38.00;2385.00;24.00;84.00;23.25;2.75;12.41;223.58;286.52;878.90
2284766;2.15;0.96;38.00;2429.00;24.00;84.00;24.00;4.71;17.33;197.62;300.08;195.31
2285353;3.42;1.00;41.00;2561.00;24.00;84.00;25.50;10.98;26.21;190.05;329.96;878.90
2285984;5.17;1.00;46.00;2911.00;24.00;84.00;17.25;27.06;37.65;276.99;328.81;78.12
2286622;4.98;1.00;53.00;3268.00;24.00;84.00;16.50;27.06;38.91;331.19;333.30;58.59
2287245;2.33;1.00;56.00;3405.00;24.00;84.00;38.25;7.06;19.83;347.24;350.15;878.90
2287874;0.54;1.00;52.00;3243.00;24.00;84.00;-30.00;0;0;352.30;353.10;0
2288499;1.68;1.00;50.00;3107.00;24.00;84.00;14.25;3.53;9.14;312.01;340.31;820.30
2289124;2.07;0.99;48.00;2961.00;24.00;84.00;23.25;4.71;15.23;334.14;345.10;859.36
2289753;2.42;0.96;48.00;2953.00;24.00;84.00;33.75;6.28;19.85;243.85;241.90;820.30
2290293;1.30;0.99;46.00;2859.00;24.00;84.75;32.25;2.35;10.63;242.35;242.23;898.43
2290969;2.23;0.97;45.00;2791.00;24.00;84.75;30.75;5.49;16.82;212.51;209.79;878.90
2291591;2.14;0.97;45.00;2748.00;24.00;84.75;30.75;5.10;17.69;273.89;279.71;859.36
2292258;2.06;0.94;45.00;2735.00;24.00;84.75;30.00;5.10;17.60;303.87;326.35;546.87
2292876;1.82;0.94;43.00;2712.00;24.00;84.75;29.25;4.31;15.55;339.29;349.02;820.30
2293493;2.19;0.93;43.00;2683.00;24.00;84.75;29.25;5.49;18.62;343.81;352.01;664.05
2294109;0.80;1.00;42.00;2532.00;24.00;84.75;16.50;0;12.15;352.46;311.76;19.53
2294732;1.48;1.01;40.00;2453.00;24.00;84.75;16.50;2.35;10.06;316.50;282.87;859.36
2295276;1.62;0.99;37.00;2293.00;24.00;84.75;21.75;2.35;12.59;328.40;228.15;839.83
2295893;2.90;0.97;36.00;2241.00;24.00;84.75;21.75;5.10;18.77;315.88;171.00;878.90
2296514;2.25;0.98;36.00;2332.00;24.00;84.75;21.00;4.31;18.00;292.44;150.73;820.30
2297187;2.12;0.96;36.00;2229.00;24.00;84.75;21.00;3.92;16.90;243.64;125.29;781.24
2297804;0.62;1.00;35.00;3126.00;24.00;84.75;-13.50;0.39;0.33;297.81;239.36;878.90
2298433;1.94;0.98;35.00;2727.00;24.00;84.75;25.50;4.31;15.12;317.19;257.41;859.36
2299060;3.09;1.00;36.00;2823.00;24.00;84.75;30.75;9.02;23.95;328.28;295.66;878.90
2299683;2.64;0.95;37.00;2935.00;24.00;84.75;33.00;8.24;22.29;313.18;324.86;820.30
2300275;3.70;1.00;40.00;3130.00;24.00;84.75;30.75;12.94;27.23;350.97;348.88;820.30
2300900;3.14;0.94;42.00;3322.00;24.00;84.75;32.25;12.55;26.59;320.02;336.03;136.72
2301580;3.21;0.99;45.00;3532.00;24.00;84.75;33.75;12.55;26.01;184.56;315.04;820.30
2302203;2.81;0.92;46.00;3651.00;24.00;84.75;36.75;10.98;24.61;180.42;335.12;566.40
2302828;2.36;0.96;48.00;3785.00;23.25;84.75;42.00;7.45;19.93;146.48;226.43;859.36
2303456;1.22;0.99;48.00;3746.00;23.25;84.75;42.75;3.14;9.79;224.81;245.69;898.43
2304074;1.22;0.97;47.00;3712.00;23.25;84.75;42.75;3.14;9.88;310.41;317.73;898.43
2304683;1.22;0.96;47.00;3679.00;23.25;84.75;42.00;3.14;10.30;339.45;340.43;859.36
2305225;1.09;0.93;47.00;3715.00;23.25;84.75;42.75;2.75;9.33;344.72;349.04;859.36
2305892;1.10;0.92;46.00;3608.00;23.25;84.75;41.25;2.75;9.60;348.18;330.47;859.36
2306512;1.72;0.90;46.00;3619.00;23.25;84.75;42.00;4.71;13.20;343.18;301.99;878.90
2307191;4.31;1.00;50.00;3868.00;23.25;84.75;30.75;19.61;31.92;272.93;340.08;820.30
2307821;5.62;1.00;55.00;4301.00;23.25;84.75;23.25;29.42;40.08;171.02;301.33;156.25
2308441;5.71;1.03;62.00;4773.00;23.25;84.75;23.25;36.08;40.95;139.78;302.64;624.99
2309060;5.23;0.98;66.00;5204.00;23.25;84.00;25.50;37.65;38.92;238.95;245.37;78.12
2309735;4.72;1.00;68.00;4234.00;23.25;84.00;30.00;21.96;34.08;296.15;292.87;800.77
2310285;4.91;1.02;72.00;4417.00;23.25;84.00;27.75;26.67;37.05;339.29;316.05;859.36
2310959;4.52;1.00;76.00;4618.00;23.25;84.00;30.75;25.89;34.66;331.85;329.86;742.18
2311589;0;1.00;78.00;4859.00;23.25;84.00;42.75;0;4.09;350.45;291.82;878.90
2312258;2.94;0.95;78.00;4086.00;23.25;84.00;38.25;12.55;24.43;279.86;302.62;195.31
2312891;2.55;0.98;78.00;4088.00;23.25;84.00;42.00;9.41;20.75;300.55;222.80;273.43
2313509;0.74;0.99;77.00;3871.00;23.25;84.00;45.00;1.57;6.40;275.02;172.55;898.43
2314132;0.55;0.98;72.00;3715.00;23.25;84.00;42.75;0.39;5.60;285.37;128.92;195.31
2314756;0.68;0.99;68.00;3581.00;23.25;84.00;40.50;1.57;5.61;314.28;174.48;898.43
2315298;2.59;1.00;66.00;3483.00;23.25;84.00;39.00;7.45;19.28;342.61;210.69;878.90
2315933;1.56;0.94;66.00;3450.00;23.25;84.00;39.00;4.71;15.21;349.92;302.77;703.12
2316552;1.03;1.01;63.00;3290.00;23.25;84.75;38.25;2.35;8.43;335.66;331.89;878.90
2317178;2.88;1.00;63.00;3238.00;23.25;84.75;34.50;9.02;21.78;338.59;347.13;820.30
2317806;1.61;0.98;62.00;3243.00;23.25;84.75;37.50;4.31;13.43;331.54;329.28;859.36
2318345;3.14;1.00;62.00;3306.00;23.25;84.75;33.75;10.98;23.63;338.63;301.11;820.30
2319026;3.38;0.99;63.00;3372.00;23.25;84.75;30.75;15.69;27.42;323.65;329.74;292.97
2319649;3.08;1.00;65.00;3407.00;23.25;84.75;33.75;11.77;24.55;319.28;298.03;800.77
2320323;6.02;1.00;66.00;3450.00;23.25;84.75;18.75;29.02;38.46;315.55;223.05;839.83
2320953;6.38;0.99;71.00;3723.00;23.25;84.75;13.50;41.57;44.49;344.72;273.65;253.90
2321578;5.84;1.03;76.00;3943.00;23.25;84.75;19.50;32.94;41.89;352.30;324.32;234.37
2322202;0.62;1.00;75.00;3446.00;23.25;84.75;39.75;1.18;5.82;354.88;346.74;898.43
2322824;0.57;1.00;72.00;3307.00;23.25;84.75;-30.00;0;0;357.61;320.80;19.53
2323369;0.66;1.00;67.00;3084.00;23.25;84.75;-30.00;0;0;328.63;327.89;0
2324032;0.69;1.00;63.00;2942.00;23.25;84.75;-30.00;0;0;249.18;230.02;0
2324635;0.79;1.00;61.00;2807.00;23.25;84.75;-30.00;0.39;0;225.79;227.11;0
2325242;0.89;1.00;58.00;2645.00;23.25;84.75;29.25;0.78;6.85;216.08;223.74;703.12
2325873;1.42;1.00;56.00;2600.00;23.25;84.75;27.00;2.35;9.89;178.09;187.33;859.36
2326550;0.78;0.98;57.00;2609.00;23.25;84.75;27.00;0.39;8.25;267.31;226.68;781.24
2327167;1.26;1.00;52.00;2473.00;23.25;84.75;22.50;2.35;8.52;304.79;231.31;898.43
2327840;1.64;1.01;51.00;2808.00;23.25;84.00;30.75;3.14;12.90;223.93;286.60;859.36
2328471;1.81;0.99;50.00;2605.00;23.25;84.00;27.75;3.53;14.55;286.15;319.14;859.36
2329141;1.76;0.96;50.00;2590.00;23.25;84.00;27.00;3.53;14.55;319.06;337.52;624.99
2329752;1.78;0.96;48.00;2555.00;23.25;84.00;27.00;3.53;14.74;312.48;346.40;214.84
2330291;1.57;0.97;48.00;2501.00;23.25;84.00;25.50;2.75;12.68;323.51;329.14;859.36
2330915;0.96;0.99;46.00;2433.00;23.25;84.00;24.75;0.39;7.85;275.92;334.69;898.43
2331550;0.98;0.97;45.00;2311.00;23.25;84.00;22.50;0.39;8.18;250.59;268.05;878.90
2332170;0.98;0.95;42.00;2197.00;23.25;84.00;21.00;0.39;8.34;259.73;237.89;175.78
2332837;1.10;0.95;40.00;2063.00;23.25;84.00;18.75;0.78;8.96;304.10;298.13;97.66
2333455;2.26;1.00;40.00;2124.00;23.25;84.00;20.25;3.92;16.63;326.05;325.68;820.30
2334092;2.38;0.99;41.00;2113.00;23.25;84.00;20.25;4.31;17.99;324.94;338.87;898.43
2334782;3.08;0.99;42.00;2215.00;23.25;84.00;21.00;7.84;23.37;335.82;345.21;820.30
2335327;2.70;0.95;46.00;2370.00;23.25;84.00;23.25;7.06;22.81;340.19;329.47;58.59
2335966;2.27;1.01;47.00;2419.00;23.25;84.00;24.75;4.71;18.08;323.46;289.02;839.83
2336609;1.16;0.99;46.00;2480.00;23.25;84.00;25.50;1.57;9.34;306.58;177.74;898.43
2337232;2.80;1.00;46.00;2433.00;23.25;84.00;24.75;6.67;21.00;311.82;134.70;878.90
2337859;2.50;0.97;48.00;2528.00;23.25;84.00;26.25;6.67;20.42;291.17;132.16;820.30
2338479;2.45;0.95;50.00;2612.00;23.25;84.00;27.75;6.67;20.53;325.82;184.62;78.12
2339103;2.43;0.98;51.00;2674.00;23.25;84.00;28.50;6.28;20.01;327.50;258.64;820.30
2339784;2.34;0.96;52.00;2767.00;23.25;84.00;30.75;6.28;19.50;326.23;294.53;839.83
2340327;1.81;1.00;53.00;2836.00;23.25;84.75;31.50;3.92;14.66;348.92;325.92;878.90
2341005;1.43;0.97;53.00;2824.00;23.25;84.75;31.50;2.75;11.96;276.27;322.62;878.90
2341665;1.46;0.95;53.00;2815.00;23.25;84.75;31.50;3.14;12.29;282.29;338.92;859.36
2342249;1.65;0.93;53.00;2803.00;23.25;84.75;30.75;3.92;14.25;307.70;343.77;722.65
2342868;1.57;0.91;53.00;2798.00;23.25;84.75;30.75;3.53;13.89;297.36;327.93;859.36
2343485;2.97;0.98;55.00;2859.00;23.25;84.75;30.75;9.41;23.99;307.81;317.03;878.90
2344107;2.74;0.93;56.00;2947.00;23.25;84.75;32.25;9.02;23.78;316.58;328.65;644.52
2344736;0.62;1.00;56.00;2719.00;23.25;84.75;18.00;0;12.11;328.96;344.33;0
2345278;0.77;1.00;51.00;2686.00;23.25;84.75;17.25;0;12.06;344.67;333.73;19.53
2345956;0.89;1.00;46.00;2386.00;23.25;84.75;15.75;0;12.01;270.86;331.27;19.53
2346577;3.79;1.00;45.00;2156.00;23.25;84.75;14.25;7.06;20.94;221.78;310.80;898.43
2347254;3.22;1.00;45.00;2357.00;23.25;84.75;23.25;8.24;24.18;216.20;319.43;878.90
2347868;3.15;0.96;47.00;2450.00;23.25;84.75;24.75;10.20;25.67;205.96;340.99;742.18
2348496;2.93;0.94;48.00;2578.00;23.25;84.75;25.50;10.20;24.82;198.91;280.47;39.06
2349122;3.50;0.99;50.00;2624.00;23.25;84.75;26.25;12.94;27.99;194.21;307.25;742.18
2349810;2.79;1.00;52.00;2739.00;23.25;84.75;29.25;8.63;22.98;246.08;303.63;820.30
2350354;1.49;1.00;52.00;2719.00;23.25;84.75;30.00;2.75;12.22;311.76;345.21;898.43
2350971;1.17;0.99;51.00;2679.00;23.25;84.75;29.25;1.96;9.70;332.09;352.95;898.43
2351597;1.26;0.97;50.00;2621.00;23.25;84.75;27.75;2.35;10.52;335.80;364.20;878.90
2352228;1.22;0.95;50.00;2571.00;23.25;84.75;27.00;1.96;10.24;322.87;362.11;859.36
2352846;1.59;0.93;50.00;2519.00;23.25;84.75;26.25;3.14;13.29;324.04;352.46;273.43
2353386;2.67;1.00;50.00;2581.00;23.25;84.75;27.00;6.28;19.49;325.70;347.50;878.90
2354004;2.68;0.98;51.00;2673.00;23.25;84.75;29.25;7.45;22.21;312.69;347.91;839.83
2354684;2.06;0.93;52.00;2741.00;23.25;84.75;30.00;5.49;18.63;330.33;323.36;39.06
2355306;2.94;1.00;53.00;2817.00;23.25;84.75;30.75;8.24;22.94;286.82;302.07;859.36
2355988;1.40;1.00;55.00;2868.00;23.25;84.75;32.25;2.75;11.85;310.16;345.62;898.43
2356668;1.55;0.98;53.00;2818.00;23.25;84.75;30.75;3.14;12.51;345.80;349.10;878.90
2357290;2.46;0.95;55.00;2876.00;23.25;84.75;32.25;7.06;20.96;316.74;331.48;878.90
2357961;2.95;0.96;57.00;2994.00;23.25;84.75;33.00;10.20;24.71;296.11;260.98;820.30
2358590;2.78;0.93;60.00;3090.00;23.25;84.75;33.00;10.20;24.34;235.65;233.29;156.25
2359213;2.44;0.95;61.00;3216.00;23.25;84.75;35.25;8.24;21.01;222.31;217.12;761.71
2359839;2.33;0.92;62.00;3277.00;23.25;84.75;35.25;8.24;20.46;228.77;207.76;566.40
2360427;1.97;0.92;63.00;3332.00;23.25;84.75;38.25;6.28;17.49;170.13;204.36;312.50
2361046;1.79;0.91;65.00;3345.00;23.25;84.75;38.25;5.88;15.91;146.79;224.09;390.62
2361677;1.28;0.92;65.00;3329.00;23.25;84.75;38.25;3.92;11.40;247.04;286.25;839.83
2362292;0.89;0.90;63.00;3309.00;23.25;84.75;38.25;1.96;8.16;314.47;341.38;839.83
2362957;0.98;0.89;62.00;3273.00;23.25;84.75;37.50;2.35;8.99;319.32;354.84;78.12
2363581;1.01;0.90;62.00;3219.00;23.25;84.75;36.75;2.35;9.08;341.70;339.41;839.83
2364214;0.62;1.00;61.00;3131.00;23.25;84.75;-30.00;0;0;334.94;351.81;0
2364895;0.63;1.00;58.00;3043.00;23.25;84.75;-30.00;0;0;311.50;293.38;0
2365501;1.51;1.00;56.00;2943.00;23.25;84.75;19.50;3.14;10.03;340.99;332.77;800.77
2366184;2.62;0.99;57.00;2995.00;23.25;84.75;33.00;7.06;20.58;355.47;352.81;898.43
2366808;2.32;0.95;58.00;3071.00;23.25;84.75;34.50;6.67;19.68;367.30;356.40;820.30
2367402;2.15;0.91;60.00;3113.00;23.25;84.00;35.25;6.28;19.26;354.04;347.46;97.66
2368078;3.37;1.00;61.00;3183.00;23.25;84.00;31.50;12.94;25.17;360.58;355.11;859.36
2368764;0.36;1.00;63.00;3222.00;23.25;84.00;-30.00;0;0;359.66;353.02;898.43
2369372;2.60;1.00;63.00;2943.00;23.25;84.00;29.25;7.06;18.81;331.17;327.36;898.43
2370044;1.70;0.99;65.00;2967.00;23.25;84.00;33.75;4.31;14.09;265.24;246.37;859.36
2370667;1.65;0.96;65.00;2967.00;23.25;84.00;33.75;4.31;14.09;309.37;292.75;898.43
2371272;3.64;1.00;66.00;3066.00;23.25;84.00;27.75;15.69;27.66;235.36;227.80;820.30
2371903;4.14;1.00;68.00;3178.00;23.25;84.00;27.00;18.43;29.96;218.72;217.23;761.71
2372573;5.46;1.00;73.00;3395.00;23.25;84.00;17.25;29.81;38.59;191.53;131.28;58.59
2373190;5.76;1.06;77.00;3576.00;23.25;84.00;18.00;30.59;39.54;238.70;193.19;839.83
2373827;5.97;0.97;82.00;3782.00;23.25;84.00;15.75;37.65;43.08;264.69;289.26;234.37
2374376;3.88;1.00;83.00;3631.00;23.25;84.00;36.75;11.77;23.09;320.92;337.46;703.12
2375051;4.78;0.99;87.00;3691.00;23.25;84.00;23.25;25.10;36.32;340.68;347.89;624.99
2375673;5.95;1.00;90.00;3858.00;23.25;84.00;19.50;30.20;39.71;322.09;350.00;683.59
2376296;6.09;1.05;93.00;3937.00;23.25;84.00;18.75;33.73;42.39;306.62;315.47;859.36
2376917;2.52;0.98;92.00;3900.00;23.25;84.00;33.00;9.02;19.93;150.28;344.51;859.36
2377537;2.34;0.90;92.00;3906.00;23.25;84.00;41.25;9.41;20.76;169.23;309.80;195.31
2378206;2.43;0.94;92.00;3925.00;23.25;84.00;41.25;9.41;20.66;184.09;172.47;214.84
2378825;2.56;0.98;92.00;3919.00;23.25;84.00;41.25;9.41;20.69;158.90;211.55;820.30
2379359;3.06;0.96;92.00;3937.00;23.25;84.00;38.25;11.77;23.53;236.10;265.45;781.24
2379986;3.10;1.00;93.00;3935.00;23.25;84.00;37.50;12.94;24.49;258.26;328.63;605.46
2380658;2.36;1.01;93.00;3948.00;23.25;84.00;42.00;8.63;19.87;337.48;306.13;800.77
2381276;0.49;1.00;91.00;3929.00;23.25;84.00;-30.00;0;0;300.61;300.88;19.53
2381907;0.53;1.00;87.00;3716.00;23.25;83.25;-30.00;0;0;312.46;300.96;0
2382488;1.36;1.00;85.00;3610.00;23.25;83.25;25.50;3.14;7.62;332.62;301.25;859.36
2383165;1.79;0.99;82.00;3485.00;23.25;83.25;29.25;5.10;12.92;337.73;245.59;859.36
2383798;0.88;0.97;81.00;3421.00;23.25;83.25;36.75;1.96;7.69;294.41;220.96;898.43
2384341;0.97;0.95;78.00;3393.00;23.25;83.25;39.00;2.35;8.19;305.80;218.58;859.36
2384963;1.08;0.93;77.00;3290.00;23.25;83.25;38.25;2.75;9.49;323.73;299.51;839.83
2385652;1.13;0.91;75.00;3204.00;23.25;83.25;37.50;3.14;10.10;355.58;341.21;234.37
2386332;1.54;0.92;73.00;3125.00;23.25;83.25;36.00;4.31;13.68;357.01;351.87;39.06
2386954;1.93;0.95;72.00;3087.00;23.25;82.50;36.00;5.88;16.44;309.00;317.40;97.66
2387625;2.06;0.98;72.00;3047.00;23.25;82.50;35.25;5.88;17.10;302.97;306.48;820.30
2388257;1.98;0.93;71.00;3015.00;23.25;82.50;34.50;5.88;16.97;237.06;276.25;332.03
2388878;2.47;0.93;70.00;2983.00;23.25;82.50;33.00;8.63;21.50;228.29;315.31;624.99
2389423;2.33;0.93;70.00;2976.00;23.25;82.50;33.75;7.84;20.30;165.65;228.75;78.12
2390036;1.70;0.97;68.00;2905.00;23.25;82.50;33.00;4.71;14.44;183.72;212.84;800.77
2390665;1.68;0.96;67.00;2875.00;23.25;82.50;32.25;4.31;14.26;208.93;236.76;332.03
2391288;1.73;0.97;65.00;2794.00;23.25;82.50;30.75;4.31;14.54;289.42;289.45;97.66
2391906;1.82;0.99;65.00;2741.00;23.25;82.50;30.00;4.31;14.95;316.66;325.08;820.30
2392448;1.77;0.96;63.00;2729.00;23.25;82.50;29.25;4.31;14.88;334.30;303.32;703.12
2393071;1.75;0.96;63.00;2665.00;23.25;82.50;28.50;4.31;14.80;281.19;339.98;58.59
2393686;1.78;0.98;62.00;2655.00;23.25;82.50;28.50;4.31;14.58;191.16;360.11;624.99
2394315;0.80;0.98;61.00;2635.00;23.25;82.50;27.75;1.57;9.55;225.26;348.73;781.24
2394961;0.82;0.98;58.00;2504.00;23.25;82.50;25.50;0.39;6.93;243.21;313.20;878.90
2395632;0.84;1.00;57.00;2458.00;23.25;82.50;15.00;0;12.23;206.02;269.94;820.30
2396311;0.85;1.00;55.00;2360.00;23.25;82.50;15.00;0;12.04;175.97;242.70;800.77
2396974;0.89;1.00;53.00;2288.00;23.25;82.50;15.00;0;12.11;117.26;237.89;19.53
2397639;0.91;1.00;52.00;2201.00;23.25;82.50;14.25;0;12.11;98.84;183.46;19.53
2398255;0.90;1.00;51.00;2190.00;23.25;82.50;15.00;0;12.07;76.89;133.98;19.53
2398868;0.91;1.00;50.00;2149.00;23.25;82.50;15.00;0;12.10;52.28;106.79;19.53
2399398;0.95;1.00;48.00;2068.00;23.25;82.50;14.25;0;12.14;32.81;65.13;19.53
2400008;0.96;1.00;47.00;2026.00;23.25;82.50;14.25;0;12.12;18.30;38.38;19.53
2400617;1;1.00;46.00;1954.00;23.25;82.50;13.50;0;12.05;10.74;24.04;19.53
2401227;1;1.00;45.00;1911.00;23.25;82.50;14.25;0;12.06;8.61;15.68;19.53
2401840;0.99;1.00;45.00;1921.00;23.25;82.50;14.25;0;12.18;7.34;13.28;58.59
2402426;1.07;1.00;42.00;1802.00;23.25;82.50;14.25;0;12.18;7.58;11.93;78.12
2403056;1.14;1.00;41.00;1590.00;23.25;83.25;15.00;0;11.93;38.12;18.87;898.43
2403743;1;1.00;41.00;1891.00;23.25;83.25;15.00;0;11.95;55.84;14.98;859.36
2404363;0.83;1.00;41.00;2218.00;23.25;83.25;14.25;0;12.08;75.31;92.75;39.06
2404974;0.98;1.00;38.00;2000.00;23.25;83.25;14.25;0;12.09;56.42;64.96;39.06
2405582;1.04;1.00;35.00;1820.00;23.25;83.25;14.25;0;12.06;38.40;52.28;39.06
2406239;1.26;1.01;27.00;1426.00;23.25;83.25;15.00;0;12.01;28.96;40.54;878.90
2406967;1.31;0.99;20.00;1353.00;23.25;83.25;14.25;0;12.04;17.95;26.80;859.36
2407592;1.27;0.97;16.00;1374.00;23.25;83.25;15.00;0;12.11;14.26;18.48;800.77
2408262;1.27;0.95;11.00;1321.00;23.25;83.25;14.25;0;12.10;10.35;12.03;175.78
2408886;1.42;0.97;7.00;1222.00;23.25;83.25;16.50;0;12.54;21.83;14.63;58.59
2409424;1.30;0.99;3.00;1309.00;23.25;83.25;11.25;0;11.37;19.49;10.60;78.12
2410040;1.46;1.01;0;1201.00;23.25;83.25;18.00;0;12.63;53.28;74.74;78.12
2410706;1.34;1.01;0;1262.00;23.25;83.25;13.50;0;11.73;99.15;71.23;410.15
2411378;1.30;1.02;0;1245.00;23.25;83.25;15.00;0;11.86;90.95;67.85;39.06
2411993;1.33;1.04;0;1242.00;23.25;83.25;15.00;0;11.81;62.87;53.49;97.66
2412712;1.33;1.06;0;1251.00;23.25;83.25;14.25;0;11.71;43.43;35.04;58.59
2413375;1.43;1.08;0;1231.00;23.25;83.25;16.50;0;12.03;29.96;24.18;546.87
2413997;1.33;1.06;0;1248.00;23.25;83.25;15.00;0;11.74;20.66;17.56;820.30
2414614;1.31;1.04;0;1272.00;23.25;83.25;13.50;0;11.52;15.02;12.73;253.90
2415227;1.33;1.06;0;1278.00;24.00;84.00;12.75;0;11.37;12.91;8.75;58.59
2415848;8.73;1.07;0;1259.00;24.00;84.00;4.50;15.69;38.97;11.58;21.46;917.96
2416413;5.02;1.00;0;3182.00;24.00;84.00;19.50;25.89;37.38;79.17;101.71;97.66
2417108;3.98;1.01;18.00;3358.00;24.00;84.00;27.75;18.83;31.30;169.81;160.20;839.83
2417759;3.87;0.97;30.00;3330.00;24.00;84.00;27.75;19.22;31.87;162.06;218.09;898.43
2418429;0.08;1.00;35.00;3975.00;23.25;84.00;42.00;0.39;4.18;252.21;225.67;898.43
2419051;3.21;0.96;41.00;3242.00;23.25;84.00;31.50;12.94;26.80;182.70;176.73;410.15
2419687;3.17;0.99;45.00;3548.00;23.25;84.00;34.50;12.16;25.66;215.10;216.10;800.77
2420360;2.93;0.96;51.00;4019.00;23.25;84.00;38.25;11.77;24.78;293.93;307.97;781.24
2420983;0.26;1.00;56.00;4003.00;23.25;84.00;42.00;0;4.15;338.44;328.69;39.06
2421605;1.54;1.00;56.00;3462.00;23.25;84.00;39.00;3.53;11.82;321.48;350.58;878.90
2422242;1.75;0.98;56.00;3481.00;23.25;84.00;39.75;4.71;14.14;339.80;351.23;859.36
2422863;1.68;0.96;57.00;3520.00;23.25;84.00;39.75;4.71;13.96;348.45;334.41;664.05
2423399;1.62;0.94;58.00;3587.00;23.25;84.00;41.25;4.71;13.96;334.24;281.54;722.65
2424015;1.32;0.91;60.00;3630.00;23.25;84.00;41.25;3.92;11.61;325.21;332.40;78.12
2424683;0.80;0.94;57.00;3546.00;23.25;84.00;41.25;1.18;6.61;325.43;319.63;39.06
2425303;0.54;1.00;56.00;3445.00;23.25;84.00;-30.00;0;0;308.79;322.83;0
2425934;0.60;1.00;55.00;3382.00;23.25;84.00;-30.00;0;0;299.41;343.71;0
2426509;0.76;1.00;55.00;3351.00;23.25;84.00;39.00;0.39;6.18;339.61;361.34;19.53
2427139;0.78;1.00;52.00;3272.00;23.25;84.00;37.50;0.39;6.09;351.60;357.81;19.53
2427750;0.80;1.02;52.00;3214.00;23.25;84.00;36.75;0.39;6.20;333.94;337.65;19.53
2428363;0.82;1.03;51.00;3141.00;23.25;84.00;36.00;0.78;6.67;332.44;351.87;19.53
2428990;0.86;1.05;51.00;3091.00;23.25;84.00;35.25;0.78;6.45;275.10;281.62;839.83
2429615;1.05;1.03;50.00;3076.00;23.25;84.00;34.50;1.57;8.09;265.00;249.16;898.43
2430238;1.06;1.01;50.00;3095.00;23.25;84.00;35.25;1.57;8.55;229.65;233.42;898.43
2430849;1.04;0.99;51.00;3092.00;23.25;84.00;35.25;1.57;8.61;195.81;214.58;878.90
2431390;1.02;0.97;51.00;3130.00;23.25;84.00;36.00;1.57;8.46;246.06;242.58;820.30
2432011;1;0.95;51.00;3156.00;23.25;84.00;36.00;1.57;8.30;314.06;308.59;742.18
2432673;1.20;0.93;51.00;3142.00;23.25;84.00;36.00;2.35;10.10;343.44;336.79;800.77
2433246;1.30;0.92;52.00;3236.00;23.25;84.00;36.75;3.14;11.39;345.97;342.79;78.12
2433868;1.59;0.93;55.00;3320.00;23.25;84.00;38.25;4.31;13.51;353.53;327.77;78.12
2434412;2.22;0.95;57.00;3547.00;23.25;84.00;39.75;6.67;18.86;335.56;339.57;781.24
2435041;1.74;1.00;60.00;3677.00;23.25;84.00;42.00;4.71;14.07;330.66;342.93;878.90
2435681;3.14;1.00;62.00;3830.00;23.25;84.00;40.50;9.41;21.98;274.61;311.56;878.90
2436303;1.65;1.00;63.00;3241.00;23.25;83.25;38.25;2.75;0;249.36;210.30;898.43
2436981;2.65;0.98;67.00;3500.00;23.25;83.25;34.50;8.63;20.60;220.81;165.50;859.36
2437613;2.39;0.91;70.00;3597.00;23.25;83.25;39.00;8.63;20.69;305.88;207.99;195.31
2438234;1.23;1.00;72.00;3737.00;23.25;83.25;42.75;3.92;11.17;321.91;297.11;878.90
2438856;1.26;0.99;73.00;3827.00;23.25;83.25;44.25;3.92;10.37;347.07;333.46;898.43
2439391;1.21;0.97;75.00;3884.00;23.25;83.25;45.00;3.53;10.02;327.97;319.47;878.90
2440067;1.16;0.95;76.00;3939.00;23.25;83.25;45.00;3.53;9.77;322.46;265.32;859.36
2440683;0.61;0.93;77.00;3979.00;23.25;83.25;46.50;1.18;5.40;324.28;311.27;820.30
2441362;0.51;0.93;76.00;3923.00;23.25;83.25;45.75;0.39;4.67;330.49;164.79;19.53
2441985;0.81;1.02;75.00;3908.00;23.25;82.50;45.00;1.57;6.28;200.38;187.84;820.30
2442619;2.04;0.99;77.00;4056.00;23.25;82.50;45.00;6.67;16.37;288.58;84.66;839.83
2443243;1.78;1.00;78.00;3369.00;23.25;82.50;33.00;3.92;10.84;327.38;166.71;878.90
2443924;2.87;1.00;81.00;3714.00;23.25;82.50;39.75;9.02;20.62;352.87;265.20;898.43
2444474;2.19;1.00;82.00;3324.00;23.25;82.50;27.00;4.71;12.57;357.79;326.91;878.90
2445095;1.85;0.99;83.00;3582.00;23.25;82.50;38.25;5.49;14.34;350.62;304.73;878.90
2445721;1.17;1.00;85.00;3618.00;23.25;81.75;41.25;3.14;9.56;233.95;255.63;898.43
2446403;0.55;1.00;83.00;3576.00;23.25;81.75;-30.00;0;0;77.30;84.49;19.53
2447034;0.54;1.00;83.00;3534.00;23.25;81.75;-30.00;0;0;31.46;35.35;0
2447638;0.55;1.00;82.00;3471.00;23.25;81.75;-30.00;0;0;14.16;14.32;0
2448248;0.55;1.00;82.00;3449.00;23.25;81.75;-30.00;0;0;5.68;7.23;0
2448847;0.56;1.00;81.00;3436.00;23.25;81.75;-30.00;0;0;4.00;3.36;0
2449373;0.56;1.00;80.00;3410.00;23.25;81.75;-30.00;0;0;1.50;1.27;0
2450023;0.58;1.00;80.00;3368.00;23.25;81.75;-30.00;0;0;0.43;0.31;0
2450629;0.58;1.00;78.00;3341.00;23.25;81.75;-30.00;0;0;0.06;3.14;0
2451230;0.58;1.00;78.00;3329.00;23.25;81.75;-30.00;0;0;0;3.16;0
2451827;0.58;1.00;78.00;3282.00;23.25;81.75;-30.00;0;0;0.96;1.19;0
2452477;0.58;1.00;76.00;3237.00;23.25;81.75;-30.00;0;0;0.25;0.33;0
2453076;0.64;1.00;72.00;3097.00;23.25;81.75;-30.00;0;0;0;0.08;0
2453730;0.67;1.00;71.00;2991.00;23.25;81.75;-30.00;0;0;0;1.86;0
2454325;0.68;1.00;68.00;2908.00;23.25;81.75;-30.00;0;0;1.66;2.64;0
2454982;0.71;1.00;65.00;2775.00;23.25;81.00;-30.00;0;0;0.57;1.04;0
2455594;0.74;1.00;62.00;2640.00;23.25;81.00;-30.00;0;0;2.21;1.91;0
2456199;0.84;1.00;57.00;2495.00;23.25;81.00;21.75;0;12.51;3.03;0.88;0
2456817;0.90;1.00;55.00;2365.00;23.25;81.00;15.00;0;12.40;4.63;4.43;39.06
2457441;0.98;1.00;55.00;2024.00;23.25;81.00;15.00;0;12.33;19.16;30.90;39.06
2458119;0.84;1.00;55.00;2533.00;23.25;81.00;17.25;0;12.44;10.88;21.99;917.96
2458738;0.75;1.00;56.00;2905.00;23.25;81.00;21.00;0;12.47;6.29;9.90;19.53
2459405;0.79;1.00;56.00;2887.00;23.25;81.00;19.50;0;12.47;2.44;5.41;19.53
2460016;0.78;1.00;55.00;2860.00;23.25;81.00;19.50;0;12.47;1.00;2.48;19.53
2460675;0.78;1.00;55.00;2854.00;23.25;81.00;19.50;0;12.48;1.70;1.07;19.53
2461326;0.77;1.00;55.00;2834.00;23.25;81.00;19.50;0;12.46;0.59;2.03;19.53
2461930;0.86;1.00;53.00;2481.00;23.25;81.00;16.50;0;12.56;0.25;1.00;761.71
2462472;0.60;1.00;52.00;3247.00;23.25;81.00;-30.00;0;0;0;1.97;0
2463143;0.67;1.00;48.00;2985.00;23.25;81.00;-30.00;0;0;0;0.64;0
2463744;0.71;1.00;45.00;2732.00;23.25;81.00;-30.00;0;0;3.69;0.21;0
2464348;0.73;1.00;43.00;2662.00;23.25;81.75;-30.00;0;0;1.68;0;0
2464963;1.32;1.00;42.00;2646.00;23.25;81.75;28.50;0.39;9.66;0.74;0;0
2465494;1.14;1.00;43.00;2636.00;23.25;81.75;27.75;1.57;8.90;0.29;0;878.90
2466117;1.96;0.99;42.00;2656.00;23.25;81.75;27.75;3.92;14.99;0.04;0;917.96
2466790;2.63;0.97;45.00;2789.00;23.25;81.75;30.75;7.06;21.47;0;0.96;839.83
2467415;2.47;0.93;47.00;2897.00;23.25;81.75;32.25;7.06;21.57;1.46;0.35;97.66
2468034;2.52;0.97;48.00;3008.00;23.25;81.75;33.75;7.06;21.12;0.57;1.19;234.37
2468711;2.50;0.97;50.00;3067.00;23.25;81.75;34.50;7.06;21.05;0.12;0.35;800.77
2469326;0.43;1.00;51.00;3066.00;23.25;81.75;40.50;0;14.74;0;1.31;39.06
2470058;0.70;1.00;46.00;2753.00;23.25;81.75;-30.00;0;0;1.86;2.73;0
2470682;0.70;1.00;45.00;2742.00;23.25;81.75;-30.00;0;0;0.68;1.00;0
2471384;1.38;1.00;41.00;2563.00;23.25;81.75;3.00;0;8.71;0.23;0.33;0
2471995;0.90;1.00;40.00;2445.00;23.25;81.75;16.50;0;12.38;6.93;8.52;39.06
2472609;0.90;1.00;37.00;2336.00;23.25;81.75;15.00;0;12.40;145.11;99.31;39.06
2473232;0.94;1.00;35.00;2145.00;23.25;81.75;15.00;0;12.41;162.24;97.22;39.06
2473890;1.07;1.00;31.00;1852.00;23.25;81.75;13.50;0;12.33;208.87;153.15;39.06
2474436;1.05;1.00;30.00;1841.00;23.25;81.75;15.00;0;12.37;158.92;116.03;351.56
2475113;1.23;1.00;30.00;1557.00;23.25;81.75;14.25;0;12.45;119.13;94.76;859.36
2475725;0.94;1.00;27.00;2137.00;23.25;81.75;15.75;0;12.35;130.69;87.30;624.99
2476343;1.24;0.99;26.00;2074.00;23.25;82.50;18.75;1.18;9.66;87.53;65.52;156.25
2476968;1.32;1.00;25.00;2058.00;23.25;82.50;18.75;1.18;10.11;109.60;112.63;39.06
2477575;1.68;1.02;25.00;1968.00;23.25;82.50;17.25;1.96;12.38;117.18;113.90;58.59
2478244;1.90;1.03;26.00;2051.00;23.25;82.50;18.00;2.35;13.67;188.25;174.48;898.43
2478873;1.79;1.01;27.00;2148.00;23.25;82.50;20.25;2.35;13.38;247.07;234.87;898.43
2479544;1.72;0.99;30.00;2262.00;23.25;82.50;21.75;2.75;13.27;287.03;295.92;898.43
2480167;1.60;0.97;28.00;2317.00;23.25;82.50;22.50;2.35;12.76;322.91;320.53;878.90
2480789;1.60;0.95;31.00;2452.00;23.25;82.50;24.75;2.75;13.09;331.33;221.94;742.18
2481458;1.62;0.95;32.00;2587.00;23.25;82.50;26.25;3.14;13.25;323.07;243.62;58.59
2482077;1.57;0.97;35.00;2716.00;23.25;82.50;29.25;3.14;12.98;320.70;255.82;859.36
2482767;1.56;0.94;35.00;2744.00;23.25;83.25;30.00;3.14;13.28;322.66;223.44;703.12
2483387;1.46;0.92;36.00;2862.00;23.25;83.25;32.25;3.14;12.59;322.58;182.92;234.37
2484057;1.43;0.93;37.00;2913.00;23.25;83.25;32.25;3.14;12.14;333.14;220.85;136.72
2484678;1.41;0.93;37.00;2972.00;23.25;83.25;33.75;3.14;12.26;341.42;299.84;253.90
2485308;1.25;0.94;38.00;3038.00;23.25;83.25;34.50;2.35;11.06;199.05;172.98;839.83
2485933;0.86;0.99;38.00;2989.00;23.25;83.25;33.75;0.78;6.73;244.91;238.79;859.36
2486473;0.67;1.00;36.00;2884.00;23.25;83.25;-30.00;0;0;290.76;289.06;0
2487104;0.70;1.00;35.00;2732.00;23.25;83.25;-30.00;0;0;327.79;319.76;0
2487712;1.68;1.00;32.00;2568.00;23.25;84.00;27.00;0.39;9.72;337.48;310.49;0
2488333;1.10;1.00;32.00;2552.00;23.25;84.00;26.25;1.18;8.19;340.04;316.72;898.43
2489012;1.20;1.00;32.00;2574.00;23.25;84.00;27.00;1.57;9.33;330.41;312.21;898.43
2489549;1.20;0.98;33.00;2591.00;23.25;84.00;27.75;1.57;9.66;337.07;337.87;898.43
2490162;0.84;1.00;33.00;2555.00;23.25;84.00;16.50;0;12.31;332.38;345.90;722.65
2490788;0.83;1.00;32.00;2482.00;23.25;84.00;16.50;0;12.19;355.78;355.62;39.06
2491450;0.85;1.00;31.00;2411.00;23.25;84.00;16.50;0;12.16;277.46;308.53;39.06
2492058;0.98;1.00;25.00;2012.00;23.25;83.25;13.50;0;12.16;177.22;163.72;39.06
2492721;1.28;1.01;20.00;1428.00;23.25;83.25;15.00;0;12.11;131.81;115.32;78.12
2493340;1.42;1.01;18.00;1380.00;23.25;83.25;14.25;0;12.15;91.11;79.72;878.90
2494019;1.26;0.99;20.00;1429.00;23.25;83.25;15.00;0;12.13;62.95;59.20;878.90
2494556;1.67;0.97;20.00;1650.00;23.25;83.25;11.25;1.57;11.88;51.64;51.66;39.06
2495175;2.10;0.99;22.00;1863.00;23.25;83.25;15.75;2.75;15.43;103.16;45.54;39.06
2495798;2.06;1.01;25.00;1959.00;23.25;83.25;16.50;3.14;15.04;192.70;161.61;58.59
2496429;2.09;1.02;26.00;2035.00;23.25;83.25;18.00;3.14;15.27;195.22;245.06;878.90
2497106;2.02;0.99;26.00;2100.00;23.25;83.25;18.75;3.14;15.10;215.08;253.11;761.71
2497722;2.02;0.99;27.00;2130.00;23.25;83.25;20.25;3.14;15.48;238.31;296.45;742.18
2498336;1.96;0.98;27.00;2171.00;23.25;84.00;20.25;3.53;15.11;259.22;300.37;781.24
2498960;1.95;0.97;27.00;2165.00;23.25;84.00;20.25;3.14;15.33;289.24;331.46;97.66
2499495;1.95;0.99;28.00;2223.00;23.25;84.00;21.00;3.53;15.01;312.81;319.18;136.72
2500122;1.94;0.99;28.00;2260.00;23.25;84.00;21.75;3.14;14.83;311.29;335.62;859.36
2500739;1.10;0.99;27.00;2109.00;23.25;84.00;19.50;1.18;8.85;308.40;303.54;898.43
2501360;1.37;0.97;26.00;2121.00;23.25;84.00;19.50;1.57;10.71;307.56;263.17;624.99
2502038;2.13;0.99;26.00;2095.00;23.25;84.00;18.75;3.53;15.95;301.43;311.11;683.59
2502627;2.12;0.97;28.00;2156.00;23.25;84.00;20.25;3.92;16.56;330.02;332.58;195.31
2503258;3.65;1.00;30.00;2368.00;23.25;84.00;22.50;10.20;26.20;343.61;338.24;917.96
2503941;3.02;0.98;33.00;2656.00;23.25;84.00;27.00;9.41;24.62;347.11;287.76;859.36
2504536;2.43;0.99;36.00;2849.00;23.25;84.00;32.25;6.28;19.93;341.66;306.29;839.83
2505160;1.67;0.99;37.00;2925.00;23.25;84.00;33.00;3.53;13.65;319.53;324.10;898.43
2505779;1.07;0.96;37.00;2892.00;23.25;84.00;33.00;1.96;9.53;255.76;255.30;878.90
2506395;0.94;0.95;36.00;2867.00;23.25;84.00;31.50;1.18;8.03;289.96;307.17;878.90
2507018;0.99;0.93;35.00;2722.00;23.25;84.00;30.00;1.18;8.47;284.67;300.25;820.30
2507606;0.83;1.00;32.00;2537.00;23.25;84.00;16.50;0;12.20;328.92;335.88;39.06
2508292;0.85;1.00;31.00;2399.00;23.25;84.00;16.50;0;12.15;280.37;267.39;39.06
2508955;0.89;1.00;28.00;2240.00;23.25;84.00;14.25;0;12.14;165.52;163.49;39.06
2509486;0.90;1.00;27.00;2134.00;23.25;84.00;15.75;0;12.08;98.65;99.31;19.53
2510152;1;1.00;25.00;1941.00;23.25;84.00;14.25;0;12.19;69.29;57.54;39.06
2510817;1.23;1.01;22.00;1804.00;23.25;84.00;15.00;0.39;11.52;52.69;94.29;136.72
2511446;1.22;1.01;22.00;1718.00;23.25;84.00;13.50;0.39;10.21;85.46;140.85;703.12
2512118;1.26;1.00;21.00;1618.00;23.25;84.00;13.50;0.39;9.82;94.95;179.38;78.12
2512734;1.31;1.02;20.00;1553.00;23.25;84.00;13.50;0.39;10.01;100.40;190.24;39.06
2513370;1.45;1.04;18.00;1548.00;23.25;84.00;13.50;0.78;10.51;164.17;250.49;39.06
2513983;2.55;1.00;18.00;2667.00;23.25;84.00;25.50;5.49;17.89;212.51;293.91;917.96
2514561;2.14;1.00;18.00;2610.00;23.25;84.00;20.25;3.92;14.30;292.33;299.77;878.90
2515178;1.66;1.00;20.00;2194.00;23.25;84.00;20.25;2.35;12.28;321.72;312.95;839.83
2515844;2.14;0.97;21.00;2386.00;23.25;84.00;23.25;4.31;16.78;304.12;341.15;839.83
2516462;1.98;0.95;23.00;2637.00;23.25;84.00;27.75;4.31;16.20;260.00;349.04;195.31
2517081;1.85;0.96;25.00;2808.00;23.25;84.00;30.75;4.31;15.37;281.80;331.35;859.36
2517706;1.30;0.93;27.00;2964.00;23.25;84.00;33.75;2.75;11.90;228.27;301.56;859.36
2518377;1.22;0.91;27.00;2963.00;23.25;84.00;33.75;2.35;10.77;220.38;266.98;878.90
2519042;1.16;0.89;26.00;2932.00;23.25;84.00;33.00;2.35;10.85;263.54;296.09;839.83
2519580;1;0.88;25.00;2742.00;23.25;84.00;30.75;1.57;9.06;314.51;329.86;58.59
2520206;1.06;0.90;23.00;2623.00;23.25;84.00;27.75;1.57;9.32;338.81;341.62;136.72
2520831;1.10;0.91;22.00;2566.00;23.25;84.00;27.00;1.57;10.08;349.57;351.36;58.59
2521456;1.22;0.93;22.00;2483.00;23.25;84.00;25.50;1.57;10.41;351.38;337.77;839.83
2522078;1.18;0.92;21.00;2353.00;23.25;84.00;23.25;1.57;10.44;338.45;346.27;253.90
2522622;1.01;0.93;20.00;2231.00;23.25;84.00;21.75;0.78;8.39;284.88;262.37;39.06
2523248;1.10;0.95;17.00;2032.00;23.25;84.00;18.00;0.78;8.81;246.31;259.44;58.59
2523918;1.13;1.00;16.00;1714.00;23.25;84.00;14.25;0;12.17;191.08;205.49;39.06
2524546;1.19;1.00;13.00;1584.00;23.25;84.00;13.50;0;12.09;153.41;146.01;859.36
2525167;1.33;0.98;12.00;1445.00;23.25;84.00;14.25;0;12.10;152.96;124.23;878.90
2525787;1.27;0.96;12.00;1382.00;23.25;84.00;14.25;0;12.08;120.60;92.49;878.90
2526396;1.28;0.94;11.00;1304.00;23.25;84.00;12.75;0;11.84;83.35;63.92;800.77
2527016;1.33;0.94;10.00;1311.00;23.25;84.00;12.75;0;11.81;57.59;50.04;58.59
2527559;1.38;0.96;10.00;1298.00;23.25;84.00;13.50;0;11.95;41.91;34.55;39.06
2528225;1.38;0.98;8.00;1338.00;23.25;84.00;14.25;0;12.12;28.90;23.83;97.66
2528838;1.38;0.98;8.00;1287.00;23.25;84.00;13.50;0;11.94;21.01;16.42;97.66
2529495;1.42;0.99;7.00;1284.00;23.25;84.00;12.75;0;11.82;14.45;11.31;117.19
2530121;1.40;1.01;7.00;1257.00;23.25;84.00;13.50;0;11.86;13.34;13.91;117.19
2530781;1.66;1.02;7.00;1262.00;23.25;84.00;13.50;0.39;11.76;15.27;14.22;937.49
2531445;2.14;0.99;7.00;2647.00;23.25;84.00;29.25;4.71;16.63;148.88;110.15;878.90
2532086;0.72;1.00;10.00;2237.00;23.25;84.75;14.25;0;12.10;225.36;201.53;58.59
2532646;1.31;1.01;10.00;1387.00;23.25;84.75;14.25;0;12.11;187.23;152.57;878.90
2533266;1.31;1.00;8.00;1362.00;23.25;84.75;14.25;0;12.08;136.85;113.25;878.90
2533873;1.41;0.98;8.00;1301.00;23.25;84.75;12.75;0;11.78;114.11;100.38;859.36
2534555;1.29;0.96;7.00;1306.00;23.25;84.75;13.50;0;11.88;95.56;90.35;664.05
2535224;1.32;0.96;7.00;1292.00;23.25;84.75;12.00;0;11.58;88.28;80.72;39.06
2535885;1.57;0.98;6.00;1196.00;23.25;84.75;18.00;0;12.62;88.80;83.82;39.06
2536549;1.58;1.00;6.00;1235.00;23.25;84.75;12.75;0.39;11.85;116.32;170.67;800.77
2537200;1.42;0.99;5.00;1309.00;23.25;85.50;13.50;0;12.11;100.79;164.87;898.43
2537827;1.94;0.97;5.00;1246.00;23.25;85.50;12.75;1.57;13.31;82.12;138.27;117.19
2538446;1.27;1.00;2.00;1482.00;23.25;85.50;14.25;0;12.14;107.43;105.17;19.53
2539125;1.26;1.02;3.00;1510.00;23.25;85.50;12.75;0.39;10.06;155.38;93.49;156.25
2539754;1.70;1.04;5.00;1423.00;23.25;85.50;12.75;1.18;12.29;138.08;84.72;39.06
2540423;1.78;1.06;6.00;1330.00;23.25;85.50;12.75;1.18;12.62;129.56;69.39;58.59
2541089;1.46;1.07;8.00;1413.00;23.25;85.50;12.75;0;12.11;116.83;65.09;839.83
2541686;1.54;1.06;8.00;1271.00;23.25;85.50;12.75;0;11.73;96.75;73.84;898.43
2542223;1.39;1.05;7.00;1279.00;23.25;85.50;12.00;0;11.55;138.58;133.70;878.90
2542856;1.34;1.03;6.00;1268.00;23.25;85.50;12.00;0;11.41;95.79;104.80;859.36
2543471;1.31;1.01;5.00;1279.00;23.25;85.50;12.00;0;11.28;100.66;103.27;839.83
2544092;1.38;0.99;3.00;1204.00;23.25;85.50;16.50;0;11.93;105.15;129.09;605.46
2544631;1.47;0.97;3.00;1151.00;23.25;85.50;22.50;0;12.73;118.94;167.18;781.24
2545248;1.23;0.95;3.00;1258.00;23.25;85.50;13.50;0;11.38;148.49;189.25;566.40
2545862;1.40;0.96;3.00;1183.00;23.25;85.50;19.50;0;12.28;146.26;171.77;39.06
2546539;1.30;0.98;3.00;1246.00;23.25;85.50;14.25;0;11.54;186.20;196.32;58.59
2547157;1.42;1.00;3.00;1226.00;23.25;85.50;15.00;0;11.59;171.22;222.00;156.25
2547780;1.42;1.02;3.00;1262.00;23.25;85.50;12.75;0;11.25;163.04;223.99;488.28
2548441;1.39;1.01;0;1266.00;23.25;86.25;12.75;0;11.21;199.44;265.92;839.83
2549058;1.29;0.99;0;1236.00;23.25;86.25;14.25;0;11.43;201.33;223.13;800.77
2549592;1.26;0.97;0;1246.00;24.00;86.25;14.25;0;11.37;159.35;162.63;703.12
2550208;1.21;0.98;0;1257.00;24.00;86.25;13.50;0;11.25;116.13;118.51;39.06
2550874;1.30;1.00;0;1222.00;24.00;86.25;16.50;0;11.77;104.82;112.43;39.06
2551490;1.65;1.02;0;1186.00;24.00;86.25;20.25;0.39;12.46;175.46;157.78;117.19
2552171;1.80;1.02;0;1428.00;24.00;86.25;12.75;1.18;11.88;121.93;116.46;39.06
2552788;1.37;1.03;0;1288.00;24.00;86.25;14.25;0;11.99;92.06;84.56;97.66
2553457;1.38;1.03;0;1264.00;24.00;86.25;13.50;0;11.82;75.91;85.42;410.15
2554077;1.32;1.04;0;1276.00;24.00;86.25;12.75;0;11.63;92.20;114.62;644.52
2554668;1.58;1.04;0;1178.00;24.00;86.25;20.25;0;12.82;143.86;191.96;58.59
2555287;1.39;1.06;0;1360.00;24.00;86.25;14.25;0;11.98;127.26;208.42;39.06
2555902;1.41;1.06;0;1285.00;24.00;86.25;12.00;0;11.55;125.40;236.37;859.36
2556580;1.48;1.04;0;1206.00;24.00;86.25;16.50;0;12.20;100.38;176.06;800.77
2557194;1.32;1.02;0;1252.00;24.00;86.25;14.25;0;11.79;69.35;128.31;722.65
2557809;1.29;1.02;0;1289.00;24.00;86.25;12.00;0;11.38;54.41;109.08;39.06
2558421;1.34;1.04;0;1239.00;24.00;87.00;13.50;0;11.57;37.60;79.29;58.59
2559039;1.35;1.06;0;1279.00;24.00;87.00;12.00;0;11.23;39.76;79.74;97.66
2559573;1.31;1.06;0;1273.00;24.00;87.00;12.00;0;11.31;59.70;119.99;820.30
2560195;1.30;1.04;0;1233.00;24.00;87.00;15.00;0;11.52;57.89;109.84;624.99
2560817;1.25;1.05;0;1279.00;24.00;87.00;12.00;0;11.02;71.83;127.65;58.59
2561436;1.33;1.06;0;1236.00;24.00;87.00;15.00;0;11.46;55.91;100.21;371.09
2562057;1.40;1.07;0;1200.00;24.00;87.00;17.25;0;11.85;40.72;84.35;820.30
2562595;1.26;1.05;0;1252.00;24.00;87.00;13.50;0;11.21;29.63;61.42;820.30
2563206;1.28;1.03;0;1248.00;24.00;87.00;14.25;0;11.31;21.56;42.42;664.05
2563819;1.31;1.03;0;1223.00;24.00;87.00;16.50;0;11.39;16.58;29.26;117.19
2564430;1.26;1.03;0;1231.00;24.00;87.00;15.00;0;11.36;12.01;21.29;605.46
2565042;1.29;1.03;0;1234.00;24.00;87.00;15.00;0;11.35;8.71;18.32;78.12
2565625;1.28;1.05;0;1244.00;24.00;87.75;13.50;0;11.13;5.98;12.64;429.68
2566302;1.33;1.04;0;1251.00;24.00;87.75;13.50;0;11.11;6.19;8.67;78.12
2566912;1.26;1.06;0;1289.00;24.00;87.75;12.00;0;10.81;4.45;6.27;136.72
2567534;1.30;1.06;0;1234.00;24.00;87.75;14.25;0;11.19;5.21;10.51;820.30
2568206;1.30;1.04;0;1224.00;24.00;87.75;15.75;0;11.36;14.94;13.22;839.83
2568830;1.37;1.02;0;1211.00;24.00;87.75;17.25;0;11.63;10.25;8.61;781.24
2569444;1.22;1.00;0;1251.00;24.00;87.75;14.25;0;11.15;14.00;8.32;273.43
2570059;1.31;1.01;0;1202.00;24.00;87.75;18.00;0;11.77;10.72;6.37;39.06
2570599;1.33;1.03;0;1223.00;24.00;87.75;16.50;0;11.55;7.36;4.59;78.12
2571212;1.32;1.05;0;1213.00;24.00;87.75;17.25;0;11.70;5.31;3.28;722.65
2571834;1.22;1.03;0;1251.00;24.00;88.50;13.50;0;11.11;3.61;2.21;859.36
2572456;1.22;1.01;0;1295.00;24.00;88.50;11.25;0;10.58;4.37;1.46;585.93
2573067;1.22;1.02;0;1241.00;24.00;88.50;14.25;0;11.24;3.32;1.07;39.06
2573647;1.26;1.04;0;1249.00;24.00;89.25;13.50;0;11.07;9.04;11.58;58.59
2574307;1.26;1.04;0;0;24.00;89.25;14.25;0;11.17;8.12;10.41;58.59
2574918;1.26;1.04;0;0;24.00;89.25;14.25;0;11.17;8.12;10.41;58.59
2575509;1.26;1.04;0;0;24.00;89.25;14.25;0;11.17;8.12;10.41;78.12
2576100;1.26;1.04;0;0;24.00;89.25;14.25;0;11.17;8.12;10.41;78.12
2576606;1.26;1.04;0;0;24.00;89.25;14.25;0;11.17;8.12;10.41;78.12
2577193;1.26;1.04;0;0;24.00;89.25;14.25;0;11.17;8.12;10.41;78.12
2577782;1.26;1.04;0;0;24.00;89.25;14.25;0;11.17;8.12;10.41;78.12
