##;##
#2011-06-04 12:44:10
#GS-911 Mobile WM5 V1009.2
#F800GS
#BMS-KP2
Time (ms);Intake air temperature( °C);Engine temperature( °C);Throttle valve position (TPS)( %);Knock sensor 1( V);Knock sensor 2( V);Ambient air pressure( mbar)
372;27.00;60.00;0;61.17;92.12;975.44
744;27.00;60.00;0;53.61;70.78;975.44
1110;27.00;60.00;0;43.40;60.41;975.44
1477;27.00;60.00;0;35.11;46.38;975.44
1844;27.00;60.00;0;26.95;37.56;975.44
2211;27.00;60.00;0;22.99;32.05;975.44
2578;27.00;60.00;0;19.59;25.94;975.44
2866;27.00;60.75;0;15.02;27.52;975.44
3288;27.00;60.75;0;46.01;21.11;975.44
3655;27.00;60.75;0;50.52;17.07;975.44
4073;27.00;60.75;0;40.90;13.07;975.44
4491;27.00;60.75;0;33.75;12.89;975.44
4857;27.00;60.75;0;76.30;75.09;975.44
5225;27.00;60.75;0;77.79;117.55;975.44
5648;27.00;60.75;0;115.38;110.23;975.44
6021;27.00;60.75;0;115.38;110.99;975.44
6386;27.00;60.75;0;88.63;89.88;975.44
6804;27.00;60.75;0;79.14;69.02;975.44
7173;27.00;60.75;0;60.76;55.88;975.44
7539;27.00;60.75;0;51.85;48.73;975.44
7908;27.00;60.75;0;57.32;41.66;975.44
8289;27.00;60.75;0;67.09;65.86;975.44
8656;27.00;60.75;0;54.29;57.42;975.44
9026;27.00;61.50;0;54.92;62.11;975.44
9446;27.00;61.50;0;119.25;49.02;975.44
9829;27.00;61.50;1.18;96.56;45.52;975.44
10202;27.00;61.50;5.49;87.81;43.88;975.44
10582;27.00;61.50;5.49;100.85;110.74;975.44
10878;27.00;61.50;0;156.85;198.31;975.44
11249;27.00;61.50;3.53;145.01;181.96;975.44
11620;27.00;61.50;0;168.80;180.30;975.44
11910;27.00;61.50;0;153.35;153.86;975.44
12278;27.00;61.50;0;125.60;148.78;975.44
12645;27.00;61.50;0;107.24;120.50;975.44
12932;27.00;61.50;0;82.36;97.57;975.44
13353;27.00;62.25;0;66.68;83.14;975.44
13725;27.00;62.25;0;57.65;78.74;975.44
14092;27.00;62.25;0;54.39;71.54;975.44
14458;27.00;62.25;0;44.04;63.51;975.44
14827;27.00;62.25;0;35.64;62.65;975.52
15200;27.00;62.25;0;28.85;48.08;975.48
15583;27.00;62.25;0;23.34;41.03;975.48
15870;27.00;62.25;0;23.30;33.73;975.48
16289;27.00;62.25;3.92;23.85;34.80;975.48
16711;27.00;62.25;3.92;39.70;48.12;975.48
17130;27.00;62.25;3.92;127.98;134.11;975.48
17558;27.00;62.25;5.49;169.13;186.71;975.48
17901;27.00;62.25;5.88;217.86;240.14;975.48
18323;27.00;62.25;6.28;209.81;252.99;975.48
18745;27.00;62.25;5.10;222.66;280.14;975.56
19171;27.00;62.25;0;163.80;211.12;975.56
19543;27.00;63.00;2.75;193.70;173.72;975.52
19923;27.00;63.00;2.75;213.33;192.29;975.52
20292;27.00;63.00;2.75;215.88;191.12;975.52
20660;27.00;63.00;2.75;229.52;202.04;975.52
20948;27.00;63.00;2.75;207.84;201.33;975.48
21319;27.00;63.00;2.75;209.81;210.26;975.48
21737;27.00;63.00;1.18;198.70;206.69;975.48
22159;27.00;63.00;4.31;250.12;244.79;975.48
22529;27.00;63.00;4.31;262.60;277.50;975.48
22970;27.00;63.00;4.31;316.17;307.05;975.48
23414;27.00;63.00;3.53;292.93;325.76;975.48
23859;27.00;63.75;3.53;311.68;261.33;975.56
24311;27.00;63.75;3.53;204.44;168.00;975.83
24707;27.00;63.75;3.14;120.64;104.51;975.75
25106;27.00;63.75;2.75;81.01;65.00;975.68
25555;27.00;63.75;2.75;42.97;34.47;975.75
25949;27.00;63.75;2.75;26.68;21.39;975.68
26347;27.00;63.75;2.75;16.56;12.56;975.72
26743;27.00;63.75;2.75;9.69;7.75;975.72
27138;27.00;63.75;2.35;6.64;5.29;975.75
27537;27.00;63.75;2.35;4.06;3.22;975.91
27933;27.00;63.75;1.96;2.44;1.91;975.87
28333;27.00;64.50;1.96;13.91;33.20;975.83
28747;27.00;64.50;1.57;142.10;148.00;975.75
29209;27.00;64.50;1.96;226.43;211.33;975.83
29659;27.00;64.50;3.14;241.08;211.18;975.83
29973;27.00;64.50;0.39;244.89;253.95;975.79
30373;27.00;64.50;7.06;234.79;288.34;975.87
30772;27.00;64.50;4.71;235.10;312.13;975.79
31170;27.00;64.50;2.75;223.52;326.78;975.79
31565;27.00;64.50;2.35;236.92;313.73;975.72
31965;27.00;64.50;0.78;221.49;318.18;975.75
32365;27.00;65.25;0.39;225.90;341.17;975.75
32762;27.00;65.25;0.39;234.34;323.20;975.68
33166;27.00;65.25;0.39;225.24;339.94;975.64
33561;27.00;65.25;0.39;213.33;341.60;975.68
34007;27.00;65.25;0.78;240.39;346.11;975.68
34401;27.00;65.25;1.18;274.30;352.07;975.64
34800;27.00;65.25;1.18;298.69;352.48;975.68
35246;27.00;65.25;1.18;320.53;356.95;975.83
35645;27.00;65.25;1.18;327.19;358.90;975.91
36144;27.00;65.25;1.18;342.87;361.60;976.11
36591;27.00;65.25;1.18;329.35;359.16;976.07
36905;27.00;65.25;0;264.28;272.56;976.15
37303;27.00;65.25;0;200.83;223.91;976.15
37697;27.00;65.25;0;154.15;169.85;976.26
38093;27.00;66.00;0;119.00;143.80;976.38
38493;27.00;66.00;0;86.69;110.48;976.38
38883;27.00;66.00;0;86.71;80.50;976.46
39278;27.00;66.00;0;78.43;61.81;976.50
39679;27.00;66.00;0;67.52;52.73;976.54
39992;27.00;66.00;0;74.76;48.20;976.58
40388;27.00;66.00;0;61.52;41.36;976.61
40782;27.00;66.00;0;53.81;43.53;976.61
41174;27.00;66.00;0;41.29;37.58;976.65
41570;27.00;66.00;0;35.76;28.85;976.65
41964;27.00;66.00;0;42.56;29.57;976.65
42408;27.00;66.75;0;34.43;37.81;976.69
42806;27.00;66.75;0;29.86;55.48;976.69
43206;27.00;66.75;0;22.91;44.90;976.69
43647;27.00;66.75;0;20.72;40.70;976.69
43958;27.00;66.75;0;15.88;32.93;976.69
44350;27.00;66.75;0;12.83;25.27;976.69
44740;27.00;66.75;0;10.37;23.90;976.69
45132;27.00;66.75;0;27.65;24.30;976.69
45575;27.00;66.75;0;87.10;81.09;976.69
45966;27.00;66.75;0;78.73;65.66;976.69
46356;27.00;66.75;0.39;67.75;57.05;976.69
46751;27.00;66.75;2.75;49.35;41.54;976.69
47147;27.00;66.75;2.75;34.10;30.21;976.69
47591;27.00;66.75;1.57;24.82;20.84;976.69
47986;27.00;66.75;6.67;17.11;15.16;976.69
48431;27.00;66.75;5.10;10.04;8.89;976.69
48827;27.00;66.75;5.10;6.87;5.78;976.69
49269;27.00;66.75;5.10;4.43;3.73;976.69
49659;27.00;66.75;0;3.36;5.04;976.69
50024;27.00;66.75;2.35;4.20;3.83;976.69
50418;27.00;66.75;2.75;2.85;2.58;976.69
50864;27.00;66.75;1.96;1.70;1.52;976.69
51310;27.00;66.75;2.35;1.11;0.94;976.69
51754;27.00;67.50;2.35;20.04;9.41;976.69
52214;27.00;67.50;3.14;126.55;125.36;976.69
52619;27.00;67.50;3.53;191.28;190.44;976.69
52934;27.00;67.50;6.67;152.10;233.42;976.69
53331;27.00;67.50;7.45;232.08;258.46;976.69
53776;27.00;67.50;7.45;236.57;292.46;976.69
54217;27.00;67.50;7.84;260.94;300.88;976.69
54615;27.00;67.50;7.45;227.29;279.73;976.69
54929;27.00;67.50;7.45;227.23;229.09;976.69
55320;27.00;67.50;7.45;224.87;231.10;976.69
55719;27.00;67.50;8.24;197.29;234.56;976.69
56118;27.00;67.50;8.24;164.25;212.99;976.69
56510;27.00;68.25;8.24;140.32;139.72;976.69
56955;27.00;68.25;7.84;86.32;83.06;976.69
57349;27.00;68.25;7.84;59.63;60.50;976.69
57740;27.00;68.25;7.45;37.05;37.60;976.69
58134;27.00;68.25;7.45;22.99;22.15;976.61
58529;27.00;68.25;6.67;13.50;14.43;976.61
58974;27.00;68.25;6.28;8.79;7.58;976.65
59375;27.00;68.25;5.88;5.12;4.67;976.65
59770;27.00;68.25;5.88;2.93;4.59;976.65
60212;27.00;68.25;4.31;1.56;2.62;976.69
60609;27.00;69.00;3.92;1.02;1.66;976.69
60927;27.00;69.00;1.57;4.28;0.90;976.69
61322;27.00;69.00;1.96;2.44;0.45;976.38
61722;27.00;69.00;1.96;1.35;0.23;976.38
62114;27.00;69.00;1.96;0.76;0.06;976.30
62510;27.00;69.00;1.96;0.39;0;976.42
62956;27.00;69.00;1.57;1.97;0;976.30
63352;27.00;69.00;1.57;1.31;0;976.22
63743;27.00;69.00;1.18;0.78;0;976.26
64138;27.00;69.00;1.18;0.45;0;976.15
64531;27.00;69.00;1.18;0.27;1.76;976.15
64973;27.00;69.00;1.18;0.10;1.07;976.03
65419;27.00;69.00;1.96;0;0.68;976.03
65820;27.00;69.75;2.35;0;0.41;975.87
66216;27.00;69.75;2.35;66.99;67.28;975.87
66624;27.00;69.75;3.14;136.09;136.32;975.87
67003;27.00;69.75;9.02;132.90;158.08;975.83
67417;27.00;69.75;9.02;140.83;161.77;975.75
67813;27.00;69.75;8.63;185.81;152.98;975.75
68263;27.00;69.75;8.63;197.55;176.55;975.68
68660;27.00;69.75;6.67;241.25;188.33;975.72
68978;27.00;69.75;4.31;288.17;237.07;975.95
69376;27.00;69.75;3.92;316.29;285.53;975.83
69774;27.00;69.75;3.92;329.24;311.97;975.91
70171;27.00;70.50;3.92;326.74;294.14;975.87
70569;27.00;70.50;3.92;338.87;322.52;975.83
70966;27.00;70.50;3.92;309.34;316.99;975.75
71361;27.00;70.50;3.92;320.12;333.65;975.68
71756;27.00;70.50;3.92;314.10;325.64;975.64
72155;27.00;70.50;2.75;282.40;287.09;975.60
72555;27.00;70.50;0.39;301.15;305.80;975.64
73005;27.00;70.50;0.39;328.08;300.84;975.60
73403;27.00;70.50;0;311.33;315.47;975.56
73802;27.00;70.50;0;233.97;309.96;975.56
74244;27.00;70.50;0;189.01;227.51;975.52
74640;27.00;70.50;0;231.74;255.18;975.52
74956;27.00;70.50;0;244.57;281.53;975.52
75348;27.00;70.50;0;247.45;304.39;975.52
75739;27.00;70.50;0;250.12;301.60;975.48
76139;27.00;70.50;0;187.74;227.62;975.48
76581;27.00;70.50;0;196.71;199.26;975.48
76972;27.00;70.50;0;242.45;225.30;975.48
77364;27.00;70.50;0;258.58;246.08;975.48
77807;27.00;70.50;0;251.23;203.09;975.48
78248;27.00;70.50;0;193.03;162.06;975.48
78694;27.00;71.25;0;163.64;139.37;975.48
79011;27.00;71.25;0;125.71;107.04;975.48
79404;27.00;71.25;0;96.56;82.22;975.48
79796;27.00;71.25;0;81.19;63.16;975.48
80238;27.00;71.25;0.39;62.34;48.49;975.48
80632;27.00;71.25;0;58.59;39.35;975.48
81029;27.00;71.25;0;59.29;64.08;975.48
81422;27.00;71.25;0;107.86;94.10;975.48
81819;27.00;71.25;0;153.23;118.02;975.48
82218;27.00;71.25;0;202.39;132.71;975.48
82611;27.00;71.25;0;155.50;107.47;975.48
83001;27.00;71.25;0;125.93;82.55;975.48
83398;27.00;72.00;0;96.75;66.83;975.48
83794;27.00;72.00;0;78.33;51.32;975.56
84190;27.00;72.00;0;60.15;41.54;975.56
84584;27.00;72.00;0;56.30;31.85;975.60
84980;27.00;72.00;0;49.66;40.88;975.72
85427;27.00;72.00;0;38.12;94.53;975.87
85874;27.00;72.00;0;63.12;83.28;975.75
86268;27.00;72.00;0;105.95;106.32;975.83
86725;27.00;72.00;0;143.90;117.02;975.91
87039;27.00;72.00;0;185.98;105.48;976.03
87434;27.00;72.00;0;227.54;128.12;976.18
87829;27.00;72.00;0;228.95;150.42;976.26
88224;27.00;72.00;0;219.61;191.26;976.26
88666;27.00;72.00;0;226.98;178.15;976.30
88981;27.00;72.00;0;234.20;181.63;976.30
89374;27.00;72.00;0;188.13;208.56;976.42
89770;27.00;72.00;0;159.74;191.43;976.50
90215;27.00;72.00;0;151.83;179.23;976.38
90661;27.00;72.00;0;154.78;180.81;976.46
90974;27.00;72.00;0;167.63;147.12;976.34
91370;27.00;72.00;0;128.78;141.59;976.38
91768;27.00;72.00;0;119.88;116.98;976.34
92222;27.00;72.75;0;114.72;109.93;976.46
92620;27.00;72.75;0;92.88;104.47;976.42
93014;27.00;72.75;0;75.21;80.23;976.50
93421;27.00;72.75;0;57.77;72.75;976.46
93817;27.00;72.75;0;55.35;64.43;976.42
94211;27.00;72.75;0;52.79;60.17;976.42
94603;27.00;72.75;0;40.52;48.71;976.34
95049;27.00;72.75;0;32.81;37.38;976.42
95444;27.00;72.75;0;25.17;30.23;976.42
95834;27.00;72.75;0;20.35;23.18;976.50
96308;27.00;72.75;0;14.78;17.79;976.50
96778;27.00;72.75;0;11.33;14.73;976.54
97248;27.00;72.75;0;11.15;11.91;976.58
97671;27.00;72.75;0;8.53;11.95;976.54
98011;27.00;72.75;0;30.25;19.18;976.50
98498;27.00;72.75;0;107.86;76.95;976.34
98923;27.00;72.75;0;145.52;92.10;976.34
99336;27.00;72.75;0;186.53;74.59;976.34
99805;27.00;72.75;0;227.95;109.99;976.46
100234;27.00;72.75;0;259.79;97.28;976.50
100639;27.00;72.75;0;279.86;97.65;976.54
101036;27.00;72.75;0;274.01;140.52;976.50
101487;27.00;72.75;0;309.61;123.16;976.50
101879;27.00;72.75;0;316.50;117.90;976.42
102274;27.00;72.75;0;306.82;138.17;976.46
102668;27.00;72.75;0;315.39;111.91;976.42
103032;27.00;72.75;0;271.47;113.63;976.50
103436;27.00;72.75;0;237.25;119.78;976.54
103882;27.00;72.75;0;261.62;169.05;976.50
104280;27.00;72.75;0;285.68;152.92;976.50
104723;27.00;72.75;3.14;297.36;162.02;976.54
105041;27.00;72.75;4.71;278.79;201.53;976.50
105439;27.00;72.75;5.10;301.43;240.71;976.46
105839;27.00;72.75;0;296.86;221.04;976.54
106241;27.00;72.75;0;252.31;227.70;976.58
106636;27.00;72.75;0;219.13;174.93;976.61
107033;27.00;72.75;0;190.14;164.64;976.61
107427;27.00;72.75;0;153.99;148.25;976.65
107825;27.00;72.75;0;141.26;135.28;976.65
108215;27.00;72.75;0;138.60;149.83;976.58
108611;27.00;72.75;0.39;120.01;146.94;976.61
109011;27.00;72.75;3.92;115.48;170.38;976.54
109410;27.00;72.75;0;174.05;190.69;976.46
109811;27.00;72.75;0;148.92;183.23;976.46
110202;27.00;72.75;0;120.60;164.97;976.50
110599;27.00;72.75;0;114.76;195.03;976.50
111041;27.00;72.75;0.39;130.19;215.40;976.54
111439;27.00;72.75;0;174.87;180.67;976.50
111852;27.00;72.75;0;134.35;153.70;976.54
112286;27.00;72.75;0;103.22;112.00;976.50
112682;27.00;72.75;0;83.57;95.60;976.54
112998;27.00;72.75;0;67.65;73.41;976.58
113393;27.00;72.75;0;51.97;59.45;976.61
113787;27.00;72.75;0;42.07;48.10;976.61
114178;27.00;72.75;0;34.04;36.93;976.50
114578;27.00;72.75;0;28.46;63.75;976.46
114973;27.00;72.75;0;31.19;69.43;976.50
115369;27.00;72.75;0;33.85;76.93;976.54
115817;27.00;72.75;0.39;91.21;86.64;976.61
116215;27.00;72.75;0;138.33;74.33;976.54
116617;27.00;73.50;0.39;163.74;75.68;976.58
117021;27.00;73.50;0;142.69;70.13;976.61
117420;27.00;73.50;0;158.23;56.77;976.61
117812;27.00;73.50;0;153.92;49.45;976.65
118257;27.00;73.50;0;175.34;37.97;976.65
118647;27.00;73.50;0;142.30;32.73;976.65
119039;27.00;73.50;0;123.02;48.84;976.69
119435;27.00;73.50;0;134.41;60.25;976.69
119877;27.00;73.50;0;119.23;58.69;976.69
120267;27.00;73.50;0;110.23;50.07;976.69
120659;27.00;73.50;0;84.66;40.52;976.69
121049;27.00;73.50;0;84.47;33.22;976.69
121439;27.00;73.50;0;61.54;27.60;976.61
121884;27.00;73.50;0;49.82;22.32;976.54
122329;27.00;73.50;0;40.33;17.11;976.58
122725;27.00;73.50;0;32.63;16.82;976.61
123039;27.00;73.50;0;28.73;12.89;976.54
123435;27.00;73.50;0;23.24;10.41;976.58
123833;27.00;73.50;11.37;20.15;10.18;976.61
124290;27.00;73.50;0;48.18;10.94;976.65
124691;27.00;73.50;0;41.11;8.83;976.65
125002;27.00;73.50;0;31.54;7.13;976.58
125398;27.00;73.50;0;25.53;11.99;976.61
125801;27.00;73.50;0;20.62;17.13;976.61
126114;27.00;73.50;0;19.00;13.85;976.65
126560;27.00;73.50;0;17.46;16.50;976.65
126953;27.00;73.50;0;20.27;20.23;976.65
127344;27.00;73.50;0;77.83;92.57;976.69
127739;27.00;74.25;0;119.88;132.45;976.69
128063;27.00;74.25;0;157.98;176.73;976.69
128511;27.00;74.25;0;137.18;137.00;976.61
128906;27.00;74.25;0;180.13;149.91;976.61
129298;27.00;74.25;0;170.79;199.83;976.65
129708;27.00;74.25;0;154.23;224.05;976.65
130020;27.00;74.25;0;150.81;197.02;976.65
130463;27.00;74.25;0;138.14;164.66;976.65
130856;27.00;74.25;0.39;111.87;141.12;976.61
131256;27.00;74.25;3.14;100.35;122.06;976.61
131649;27.00;74.25;3.14;79.43;84.37;976.65
132045;27.00;74.25;3.14;61.01;64.78;976.65
132437;27.00;74.25;3.14;44.41;47.16;976.65
132827;27.00;74.25;3.14;34.10;38.22;976.69
133221;27.00;74.25;3.14;32.73;31.42;976.69
133663;27.00;74.25;3.14;25.12;26.44;976.54
134057;27.00;74.25;3.14;42.99;85.52;976.50
134451;27.00;74.25;3.92;117.63;138.70;976.54
134858;27.00;74.25;3.92;138.45;172.45;976.50
135254;27.00;74.25;3.92;106.36;132.51;976.50
135645;27.00;74.25;3.92;81.67;96.54;976.54
136098;27.00;74.25;4.31;59.49;70.33;976.58
136496;27.00;74.25;4.71;45.66;54.00;976.61
136896;27.00;74.25;5.10;45.95;79.10;976.54
137297;27.00;74.25;5.49;37.61;84.14;976.50
137695;27.00;74.25;5.88;40.68;93.31;976.54
138094;27.00;74.25;0;63.36;86.05;976.58
138547;27.00;74.25;0;55.41;66.09;976.61
138943;27.00;74.25;0;60.05;62.09;976.61
139336;27.00;75.00;0;62.46;56.25;976.65
139732;27.00;75.00;0;70.19;56.44;976.65
140042;27.00;75.00;0;65.11;54.16;976.58
140436;27.00;75.00;0;70.21;49.72;976.61
140832;27.00;75.00;0;57.81;40.25;976.65
141228;27.00;75.00;0;46.79;34.33;976.65
141620;27.00;75.00;0;37.89;26.35;976.65
142061;27.00;75.00;0;29.08;21.31;976.58
142457;27.00;75.00;0;23.51;16.33;976.61
142853;27.00;75.00;0;19.02;13.20;976.58
143249;27.00;75.00;0;14.59;10.66;976.58
143640;27.00;75.00;8.24;14.00;8.14;976.61
144037;27.00;75.00;8.24;10.82;6.97;976.65
144431;27.00;75.00;8.63;6.68;4.51;976.65
144829;27.00;75.00;12.16;4.82;3.24;976.58
145234;27.00;75.00;15.30;3.26;2.17;976.61
145632;27.00;75.00;17.65;2.07;3.36;976.54
146031;27.00;75.00;19.61;1.13;1.91;976.42
146430;27.00;75.00;11.37;0.57;3.05;976.34
146828;27.00;75.00;24.71;0.27;4.02;976.42
147228;27.00;75.00;36.08;0.08;2.29;976.50
147629;27.00;75.00;37.65;0;1.11;976.30
148028;27.00;75.00;40.00;0;0.51;976.26
148473;27.00;75.00;40.40;0;0.18;976.30
148867;27.00;75.00;5.88;0;0;976.22
149260;27.00;75.00;25.10;0;0;976.07
149656;27.00;75.00;25.10;0;0;975.87
150094;27.00;75.00;25.10;1.46;0;975.79
150485;27.00;75.00;24.32;0.78;1.76;975.72
150884;27.00;75.00;23.53;1.52;2.44;975.68
151282;27.00;75.00;17.26;0.62;2.58;975.64
151683;27.00;75.00;17.26;2.34;2.85;975.60
152078;27.00;75.75;16.86;1.02;1.35;975.56
152530;27.00;75.75;16.47;0.29;0.43;975.56
152925;27.00;75.75;17.65;1.76;2.23;975.52
153378;27.00;75.75;24.71;1.91;0.92;975.52
153772;27.00;75.75;27.06;2.15;2.05;975.52
154087;27.00;76.50;29.02;0.88;0.82;975.44
154489;27.00;76.50;15.30;0.33;0.31;975.36
154888;27.00;76.50;16.08;0.10;0.06;975.36
155283;27.00;76.50;17.65;0;0;975.33
155749;27.00;76.50;18.04;1.46;0;975.21
156065;27.00;76.50;18.43;0.64;0;975.01
156461;27.00;77.25;18.43;84.47;116.30;974.86
156924;27.00;77.25;18.43;193.02;177.33;974.70
157375;27.00;77.25;18.04;233.01;232.43;974.58
157824;27.00;77.25;17.65;277.44;267.05;974.50
158143;27.00;77.25;18.43;315.98;276.39;974.47
158542;27.00;78.00;22.36;301.17;308.05;974.39
158943;27.00;78.00;24.32;321.56;321.97;974.35
159343;27.00;78.00;24.32;289.90;303.14;974.31
159743;27.00;78.00;23.53;180.38;323.32;974.31
160110;27.00;78.00;23.14;115.64;343.53;974.27
160560;26.25;78.75;24.71;199.85;239.79;974.19
160970;26.25;78.75;28.63;205.01;217.43;974.15
161369;26.25;78.75;14.51;184.42;188.13;974.15
161764;26.25;78.75;16.08;161.10;154.23;974.15
162080;26.25;78.75;16.47;195.69;213.46;973.88
162478;26.25;78.75;16.47;240.55;267.78;973.68
162874;26.25;79.50;16.47;267.07;298.13;973.53
163275;26.25;79.50;16.47;321.07;324.06;973.41
163677;26.25;79.50;3.14;337.89;334.55;973.29
164075;26.25;79.50;0;350.04;341.58;973.22
164476;26.25;79.50;0;329.80;333.34;973.18
164874;26.25;80.25;0;269.79;318.16;973.14
165322;26.25;80.25;0;159.27;187.82;973.02
165769;26.25;80.25;0;99.08;124.62;972.86
166196;26.25;80.25;0;60.80;77.51;972.83
166591;26.25;80.25;0;44.27;60.56;972.71
167036;26.25;80.25;0;40.41;50.25;972.55
167431;26.25;80.25;0;35.53;53.59;972.51
167827;26.25;80.25;0;78.18;92.51;972.40
168142;26.25;81.00;0;143.57;83.20;972.24
168545;26.25;81.00;0;119.02;107.55;972.12
168945;26.25;81.00;0;100.79;92.94;972.04
169341;26.25;81.00;0;129.09;102.22;971.97
169741;26.25;81.00;0;111.93;91.22;971.93
170135;26.25;81.00;0;99.64;91.48;971.89
170531;26.25;81.00;0;83.20;129.13;971.85
170932;26.25;81.00;3.53;67.36;99.19;971.85
171380;27.00;81.00;0.39;52.95;83.96;971.81
171783;27.00;81.00;0.78;43.96;79.70;971.81
172097;27.00;81.00;1.57;35.58;61.21;971.81
172501;27.00;81.75;1.57;61.19;49.55;971.81
172895;27.00;81.75;0;44.55;39.37;971.77
173293;27.00;81.75;0.39;34.67;39.57;971.77
173692;27.00;81.75;4.71;29.57;32.03;971.77
174088;27.00;81.75;0.39;28.08;25.41;971.77
174483;27.00;81.75;1.18;21.56;21.39;971.77
174878;27.00;81.75;1.57;16.54;16.39;971.77
175272;27.00;81.75;1.57;12.66;12.56;971.77
175664;27.00;81.75;1.57;25.62;14.61;971.77
176107;27.00;81.75;1.57;78.53;91.24;971.77
176500;27.00;81.75;1.57;72.79;91.69;971.77
176892;27.00;81.75;1.57;107.12;98.47;971.77
177339;27.00;81.75;0;135.15;99.25;971.77
177734;27.00;81.75;0;117.67;104.92;971.77
178130;27.00;81.75;1.57;147.30;100.97;971.77
178527;27.00;81.75;18.43;113.14;77.55;971.77
178928;27.00;81.75;24.32;82.44;56.50;971.77
179324;27.00;81.75;34.51;54.04;40.51;971.77
179770;27.00;81.75;34.91;37.32;29.49;971.77
180083;27.00;81.75;34.91;20.82;15.57;971.77
180476;27.00;81.75;16.08;10.43;9.22;971.77
180921;27.00;81.75;23.92;7.01;4.57;971.77
181368;27.00;81.75;27.06;5.64;2.46;971.77
181764;27.00;81.75;27.85;3.63;5.37;971.77
182079;27.00;81.75;28.63;1.72;4.32;971.69
182477;26.25;81.75;31.38;0.76;1.95;971.73
182877;26.25;81.75;36.08;1.62;3.75;971.57
183277;26.25;81.75;26.28;0.62;3.01;971.46
183675;26.25;81.75;11.37;0.18;1.19;971.30
184072;26.25;81.75;14.90;0;0.51;971.18
184471;26.25;81.75;14.90;0;1.43;971.11
184864;26.25;81.75;14.90;0;2.93;970.99
185175;26.25;81.75;14.90;0;1.39;970.87
185567;26.25;81.75;12.55;0;1.84;970.79
185962;26.25;81.75;10.59;2.09;0.84;970.72
186359;26.25;81.75;10.20;0.96;0.33;970.68
186757;26.25;81.75;10.20;0.37;1.91;970.64
187153;26.25;81.75;9.81;1.58;2.99;970.60
187552;26.25;81.75;8.24;0.80;1.43;970.60
187946;25.50;82.50;8.24;2.13;1.87;970.56
188347;25.50;82.50;10.20;3.09;0.86;970.56
188752;25.50;82.50;9.41;1.45;2.17;970.48
189151;25.50;82.50;8.24;0.68;1.00;970.40
189550;25.50;82.50;7.84;0.27;0.43;970.36
189949;25.50;82.50;7.45;0.04;0.14;970.25
190346;25.50;82.50;7.06;0;0;970.25
190743;25.50;82.50;12.16;0;0;970.01
191108;25.50;82.50;10.98;0;0;969.86
191501;25.50;82.50;8.24;0;0;969.70
191896;25.50;82.50;9.81;0;0;969.62
192339;25.50;82.50;10.20;0;0;969.54
192735;25.50;82.50;10.20;0;0;969.47
193123;25.50;82.50;6.67;1.23;0;969.43
193521;25.50;82.50;6.67;0.61;1.46;969.43
193963;25.50;82.50;7.84;2.03;0.72;969.39
194363;25.50;82.50;7.84;1.05;4.22;969.35
194758;25.50;82.50;7.84;0.47;2.29;969.35
195150;25.50;83.25;7.84;0.20;1.11;969.35
195596;25.50;83.25;7.45;0;0.55;969.35
195989;25.50;83.25;7.45;0;0.21;969.31
196381;25.50;83.25;6.67;0;0;969.19
196827;25.50;83.25;4.71;0;1.56;969.11
197140;25.50;83.25;3.92;0;2.70;969.07
197534;25.50;83.25;3.92;1.31;1.43;968.92
197932;25.50;83.25;3.92;0.64;2.32;968.92
198373;25.50;83.25;3.92;0.31;3.32;968.84
198773;25.50;83.25;2.35;2.21;1.89;968.80
199171;25.50;83.25;2.35;1.23;1.05;968.68
199565;25.50;83.25;1.96;1.87;1.89;968.72
200029;25.50;83.25;0;1.04;1.05;968.61
200479;25.50;83.25;0;0.59;0.59;968.49
200924;25.50;83.25;0;0.23;2.34;968.29
201330;25.50;83.25;0.78;0.02;2.75;968.18
201780;25.50;83.25;1.18;0;1.54;968.06
202229;25.50;83.25;1.18;0;0.72;967.94
202621;25.50;83.25;0.78;0;0.35;967.86
203015;25.50;83.25;0;0;2.19;967.79
203411;25.50;82.50;0;33.85;7.93;967.82
203868;25.50;82.50;0;28.63;16.93;967.79
204194;25.50;82.50;0.39;21.56;20.58;967.82
204592;25.50;82.50;0;14.08;22.03;967.82
205038;25.50;82.50;0;16.42;20.14;967.86
205485;25.50;82.50;0;14.45;29.74;967.90
205929;25.50;82.50;0;12.26;36.17;967.94
206323;25.50;82.50;1.18;11.50;33.94;967.90
206721;25.50;82.50;4.31;8.32;28.14;967.90
207115;25.50;82.50;2.75;6.03;19.41;967.82
207515;25.50;82.50;1.18;4.59;14.88;967.79
207965;25.50;82.50;1.57;3.48;11.37;967.82
208366;25.50;82.50;2.75;2.62;8.69;967.75
208827;25.50;82.50;3.92;1.97;8.40;967.67
209146;25.50;82.50;3.14;1.39;6.09;967.59
209597;25.50;82.50;3.53;0.96;6.62;967.63
209995;25.50;82.50;5.10;0.64;4.77;967.51
210444;25.50;82.50;5.49;0.37;3.07;967.36
210844;25.50;82.50;3.92;0.27;2.30;967.40
211162;25.50;82.50;3.92;0.14;1.62;967.47
211557;25.50;82.50;3.92;0;1.05;967.40
211951;25.50;82.50;3.92;0;0.66;967.28
212342;25.50;82.50;3.92;0;0.39;967.24
212733;25.50;82.50;3.53;0;0.23;967.36
213130;25.50;82.50;1.57;0;0.10;967.28
213525;25.50;82.50;1.57;0;0;967.24
213916;25.50;82.50;1.57;0;0;967.16
214305;25.50;82.50;1.57;2.21;0;967.08
214696;25.50;82.50;1.57;1.56;0;967.00
215089;25.50;82.50;1.57;1.07;0;966.97
215480;25.50;82.50;0;0.72;0;966.93
215875;25.50;82.50;0;2.75;3.87;966.89
216291;25.50;82.50;0;6.09;9.14;966.89
216682;25.50;82.50;0;4.88;7.36;966.85
217078;25.50;82.50;0;3.71;5.92;966.85
217519;25.50;82.50;0;4.92;6.27;966.85
217909;25.50;82.50;0;3.96;5.33;966.85
218270;25.50;82.50;0;3.18;4.28;966.81
218664;25.50;82.50;0;2.54;3.24;966.81
219060;25.50;82.50;0;2.03;4.92;966.81
219502;25.50;82.50;0;6.07;10.29;966.81
219898;25.50;82.50;0;17.34;10.51;966.81
220264;25.50;82.50;0;45.90;24.41;966.81
220654;25.50;82.50;0;87.83;89.19;966.81
221044;25.50;82.50;0;84.23;92.14;966.81
221434;25.50;82.50;0;68.20;74.60;966.81
221825;25.50;82.50;0;58.20;63.69;966.81
222186;25.50;82.50;0;44.68;51.56;966.81
222576;26.25;82.50;0;38.49;44.08;966.81
223022;26.25;82.50;0;33.32;33.98;966.81
223413;26.25;82.50;0;42.07;36.40;966.81
223806;26.25;82.50;0;36.38;48.86;966.81
224197;26.25;83.25;0;37.91;90.27;966.81
224589;26.25;83.25;0;49.80;118.31;966.81
225038;26.25;83.25;0;74.57;107.79;966.81
225431;26.25;83.25;0;60.37;95.29;966.81
225821;26.25;83.25;0;51.52;97.32;966.81
226184;26.25;83.25;0;91.89;113.84;966.81
226580;26.25;83.25;0;92.22;161.63;966.81
226973;26.25;83.25;0;144.13;181.59;966.81
227422;26.25;83.25;0;134.35;170.77;966.81
227865;26.25;83.25;0;136.48;145.79;966.81
228178;26.25;83.25;0;110.50;118.08;966.81
228622;26.25;83.25;0;109.82;149.37;966.81
229013;26.25;83.25;0;101.95;153.78;966.81
229406;26.25;83.25;0;106.71;169.56;966.81
229849;26.25;83.25;0;131.40;147.16;966.81
230161;26.25;83.25;0;175.85;153.45;966.81
230604;26.25;83.25;0;211.86;150.50;966.81
230996;26.25;83.25;0;209.95;130.07;966.81
231396;26.25;83.25;0;184.81;145.58;966.81
231790;26.25;83.25;0;173.88;134.78;966.81
232232;26.25;83.25;0;173.62;128.82;966.81
232640;26.25;83.25;0;183.02;163.35;966.81
233030;26.25;83.25;0;164.23;164.72;966.81
233423;26.25;83.25;0;140.19;176.08;966.81
233866;26.25;83.25;0;119.66;158.76;966.81
234177;26.25;83.25;0;105.09;136.77;966.81
234566;26.25;83.25;0;137.10;152.63;966.81
234958;26.25;83.25;0;154.72;149.85;966.81
235401;26.25;83.25;0;175.98;146.26;966.81
235792;26.25;83.25;0;135.21;118.45;966.81
236183;26.25;83.25;0;117.28;120.46;966.81
236626;26.25;83.25;0;111.93;158.45;966.81
237016;26.25;83.25;0;106.09;135.73;966.81
237461;26.25;83.25;0;85.91;109.91;966.81
237851;26.25;83.25;0;73.32;93.84;966.81
238214;26.25;83.25;0;56.30;75.99;966.81
238655;26.25;83.25;0;43.22;65.00;966.81
239046;26.25;83.25;0;34.98;52.63;966.81
239487;26.25;83.25;0;30.53;40.41;966.81
239878;26.25;83.25;0;26.01;34.47;966.81
240187;26.25;83.25;0;21.03;27.89;966.81
240579;26.25;83.25;0;16.99;22.56;966.81
240970;26.25;83.25;0;12.99;18.22;966.81
241364;26.25;83.25;0;10.47;14.73;966.81
241758;26.25;83.25;0;8.44;20.21;966.81
242149;26.25;83.25;0;11.13;59.04;966.81
242549;26.25;83.25;0;14.73;79.66;966.81
242941;26.25;83.25;0;28.49;67.98;966.81
243253;26.25;83.25;0;55.95;62.05;966.81
243643;26.25;83.25;0;62.83;85.62;966.81
244035;26.25;83.25;0;101.56;131.65;966.81
244501;26.25;83.25;0;82.22;106.59;966.81
244893;26.25;83.25;0;70.19;91.01;966.81
245203;26.25;83.25;0;57.79;73.67;966.81
245595;26.25;83.25;0;63.41;79.12;966.81
245987;26.25;83.25;0;87.01;125.50;966.81
246385;26.25;83.25;0;121.14;113.31;966.81
246781;26.25;83.25;0;159.56;126.03;966.81
247174;26.25;83.25;0;179.91;147.06;966.81
247566;26.25;83.25;0;172.06;162.76;966.81
247958;26.25;83.25;2.35;163.76;147.37;966.81
248404;26.25;83.25;7.84;126.36;121.05;966.81
248800;26.25;83.25;14.51;82.87;86.36;966.81
249198;26.25;83.25;19.61;66.66;62.91;966.81
249594;26.25;83.25;20.00;46.03;48.98;966.81
249992;26.25;83.25;20.00;28.59;30.49;966.81
250437;26.25;82.50;20.00;16.80;18.89;966.81
250883;26.25;82.50;20.00;12.21;12.30;966.81
251194;26.25;82.50;8.63;8.20;6.13;966.81
251589;26.25;82.50;14.90;4.51;3.55;966.81
251989;26.25;82.50;15.30;2.58;2.03;966.81
252384;26.25;82.50;19.61;1.43;1.05;966.81
252780;26.25;82.50;19.61;2.19;0.51;966.81
253222;26.25;82.50;20.00;0.90;3.22;966.81
253618;26.25;82.50;24.71;0.49;1.80;966.81
254024;26.25;82.50;27.06;0.10;2.77;966.81
254417;26.25;81.75;29.81;0;1.46;966.81
254817;26.25;81.75;29.81;0;3.69;966.73
255210;26.25;81.75;4.31;0;1.58;966.73
255654;26.25;81.75;16.86;0;0.51;966.69
256055;26.25;81.75;21.96;2.09;0.18;966.73
256455;26.25;81.00;23.92;0.96;0;966.73
256853;26.25;81.00;21.57;0.35;1.07;966.65
257252;26.25;81.00;26.67;0.08;0.41;966.69
257653;26.25;81.00;12.16;0;0.12;966.65
258102;26.25;80.25;13.73;0;0;966.61
258550;26.25;80.25;13.73;1.23;0;966.46
259005;26.25;80.25;18.43;0.53;0;966.38
259400;26.25;80.25;24.71;2.01;0;966.30
259846;26.25;80.25;24.71;0.70;0;966.18
260237;26.25;80.25;24.32;0.27;0;966.03
260632;26.25;80.25;23.92;1.50;0;965.95
261077;26.25;80.25;25.49;0.62;0;965.87
261470;26.25;80.25;29.81;1.70;0;965.79
261866;25.50;80.25;29.81;0.88;0;965.75
262181;25.50;80.25;15.69;2.03;0;965.72
262576;25.50;80.25;16.08;1.00;0;965.68
262972;25.50;80.25;19.22;3.28;0;965.68
263414;25.50;80.25;18.83;1.56;3.26;965.64
263813;25.50;80.25;18.43;2.85;1.54;965.64
264208;25.50;80.25;14.51;1.43;0.72;965.56
264607;25.50;80.25;10.20;0.62;1.60;965.40
265055;25.50;80.25;9.81;0.20;0.62;965.29
265504;25.50;80.25;7.45;2.09;0.25;965.13
265953;25.50;80.25;6.67;7.79;0.02;965.01
266272;25.50;80.25;3.14;4.04;0;964.86
266669;25.50;80.25;3.14;2.17;0;964.74
267062;25.50;80.25;3.14;1.05;0;964.62
267452;25.50;80.25;3.53;2.62;0;964.58
267846;25.50;80.25;7.06;1.39;0;964.50
268292;25.50;80.25;7.45;0.72;0;964.47
268686;25.50;80.25;7.06;1.95;0;964.47
269083;25.50;80.25;6.28;4.51;0;964.43
269479;25.50;80.25;7.06;4.49;0;964.39
269876;25.50;80.25;8.24;2.87;2.09;964.39
270191;25.50;81.00;8.24;1.60;1.15;964.39
270640;25.50;81.00;8.63;0.70;0.49;964.31
271090;25.50;81.00;8.24;0.31;0.23;964.15
271545;25.50;81.00;8.24;0.06;0;964.04
271942;25.50;81.00;5.88;0;0;963.96
272310;25.50;81.00;0;0;0;963.80
272701;25.50;81.00;0;0;0;963.61
273142;25.50;81.00;0;0;0;963.57
273530;25.50;81.00;0;0;0;963.45
273968;25.50;81.00;0;1.76;0;963.37
274282;25.50;81.00;5.10;68.06;39.82;963.29
274698;25.50;81.00;2.75;57.57;28.12;963.25
275097;25.50;81.00;4.71;37.75;18.98;963.22
275496;25.50;81.00;7.45;23.40;11.74;963.18
275894;25.50;81.00;7.45;16.11;8.07;963.18
276206;25.50;81.75;7.84;12.17;4.92;963.14
276613;25.50;81.75;12.94;7.93;3.01;963.14
277011;25.50;81.75;16.47;4.63;1.70;963.14
277407;25.50;81.75;16.47;2.66;0.94;963.14
277850;25.50;81.75;16.47;1.27;0.39;963.10
278244;25.50;81.75;16.08;0.62;0.16;963.10
278640;25.50;81.75;16.08;0.27;0;963.10
279034;25.50;81.75;20.39;2.17;0;963.10
279426;25.50;81.75;20.39;1.35;2.09;963.10
279818;25.50;81.75;20.39;0.62;1.02;963.10
280259;25.50;81.75;23.53;6.95;0.37;963.10
280654;25.50;81.75;27.06;8.26;0.12;963.10
281051;25.50;81.75;27.85;4.08;2.09;963.10
281497;25.50;81.75;31.38;3.87;0.96;963.10
281946;25.50;81.75;16.47;3.65;1.62;963.10
282263;25.50;81.75;22.36;1.84;0.82;963.10
282709;25.50;81.75;22.75;0.96;0.33;963.10
283154;25.50;81.75;22.75;0.33;0.06;963.06
283549;25.50;81.75;22.75;0.10;0;963.06
283941;25.50;81.75;21.96;0;2.09;962.98
284261;25.50;81.75;21.57;0;7.79;962.90
284657;25.50;81.75;21.18;0;10.82;962.82
285057;25.50;81.75;25.49;0;5.68;962.67
285453;25.50;81.75;29.81;1.76;2.91;962.47
285851;25.50;81.75;32.16;0.78;3.24;962.36
286251;25.50;81.75;32.94;0.33;1.52;962.24
286655;25.50;81.75;32.94;0.08;1.91;962.16
287049;25.50;81.75;31.77;0;0.88;962.08
287450;25.50;81.75;31.77;0;3.71;962.04
287842;25.50;81.75;29.81;0;1.70;961.93
288238;25.50;81.75;27.45;1.66;0.76;961.89
288636;25.50;81.75;30.59;0.90;0.33;961.81
289050;25.50;82.50;11.77;0.27;0;961.57
289453;25.50;82.50;12.16;0.02;0;961.50
289901;25.50;82.50;14.90;1.46;0;961.42
290216;25.50;82.50;14.90;0.64;0;961.30
290659;25.50;82.50;14.51;1.25;2.09;961.11
291058;25.50;82.50;14.51;2.38;0.96;961.07
291452;25.50;82.50;14.51;1.11;1.93;960.95
291851;25.50;82.50;14.51;1.70;2.99;960.87
292247;25.50;82.50;14.51;0.82;1.43;960.83
292606;25.50;82.50;19.22;0.39;2.23;960.79
293059;25.50;82.50;19.22;0.06;0.92;960.75
293454;25.50;82.50;18.04;0;0.35;960.72
293904;25.50;82.50;16.47;0;0.16;960.72
294216;25.50;82.50;22.75;2.09;0;960.68
294665;25.50;82.50;27.06;0.72;0;960.68
295107;25.50;82.50;3.53;2.38;0;960.68
295500;25.50;82.50;12.55;1.05;2.09;960.64
295953;25.50;82.50;12.94;0.43;2.60;960.48
296269;25.50;82.50;12.94;0.14;1.21;960.44
296672;25.50;82.50;12.94;0;0.53;960.40
297068;25.50;82.50;12.94;1.39;0.20;960.36
297463;25.50;82.50;12.94;1.84;0;960.29
297859;25.50;82.50;12.94;0.84;1.39;960.21
298254;25.50;82.50;12.94;2.13;0.61;960.01
298650;25.50;82.50;14.12;2.64;1.45;960.01
299045;25.50;82.50;14.51;1.25;0.64;959.97
299493;25.50;82.50;14.90;0.55;0.25;959.86
299891;25.50;82.50;15.30;0.21;0;959.82
300289;25.50;82.50;15.69;0;1.15;959.70
300687;25.50;82.50;15.69;0;0.49;959.62
301081;25.50;82.50;15.69;0;0.18;959.58
301473;25.50;82.50;15.69;2.09;1.43;959.50
301868;25.50;82.50;15.69;0.96;0.62;959.50
302309;25.50;82.50;15.69;0.37;0.25;959.47
302705;25.50;82.50;15.69;0.12;1.82;959.47
303096;25.50;82.50;14.12;1.19;0.82;959.43
303546;25.50;82.50;13.33;1.66;2.03;959.43
303992;25.50;82.50;13.33;0.96;1.11;959.43
304304;25.50;82.50;15.30;2.50;1.70;959.39
304702;25.50;82.50;18.43;1.17;2.60;959.39
305095;25.50;82.50;18.04;2.07;1.21;959.35
305494;25.50;82.50;18.04;0.96;0.53;959.27
305891;25.50;82.50;17.26;0.37;0.21;959.19
306340;25.50;82.50;14.90;1.68;0;959.07
306788;25.50;82.50;10.20;0.62;0.96;958.88
307237;25.50;82.50;10.20;0.23;0.41;958.72
307684;25.50;82.50;10.98;2.09;0.08;958.57
308084;25.50;82.50;16.08;1.02;0;958.45
308482;25.50;82.50;18.43;0.41;1.46;958.41
308880;25.50;82.50;18.83;0.16;0.72;958.33
309281;25.50;82.50;18.04;1.31;0.29;958.29
309745;25.50;82.50;17.26;0.45;1.35;958.25
310143;25.50;82.50;16.86;1.70;0.59;958.25
310539;25.50;82.50;21.18;0.94;2.09;958.22
310941;25.50;82.50;21.18;1.93;0.96;958.22
311250;25.50;82.50;19.22;2.68;0.37;958.14
311649;25.50;82.50;18.83;1.27;1.58;958.06
312049;25.50;82.50;18.04;0.55;0.70;957.94
312498;25.50;82.50;18.04;2.30;0.27;957.90
312893;25.50;82.50;16.47;1.05;0.02;957.82
313292;25.50;82.50;12.55;2.13;0;957.67
313691;25.50;82.50;10.98;1.00;2.09;957.51
314092;25.50;82.50;8.63;1.86;0.96;957.36
314491;25.50;82.50;8.24;0.84;0.37;957.24
314941;25.50;82.50;8.24;1.58;1.91;957.16
315253;25.50;82.50;8.24;1.93;2.68;957.12
315651;25.50;82.50;8.24;0.88;3.38;957.08
316098;25.50;82.50;8.24;0.33;3.73;957.04
316493;25.50;82.50;8.24;0.10;1.80;957.00
316889;25.50;82.50;8.24;1.76;2.17;957.00
317282;25.50;82.50;8.24;0.78;1.00;956.97
317727;25.50;82.50;7.84;0.31;0.43;956.97
318121;25.50;82.50;7.84;0.06;0.14;956.97
318515;25.50;82.50;7.45;0;0;956.93
318963;25.50;82.50;6.67;0;0;956.93
319277;25.50;82.50;6.67;0;0;956.93
319664;25.50;82.50;9.81;1.39;0;956.93
320057;25.50;82.50;9.81;0.61;0;956.93
320495;25.50;82.50;10.59;1.45;1.66;956.93
320893;25.50;82.50;10.98;0.64;2.19;956.93
321289;25.50;82.50;10.59;0.23;2.27;956.93
321683;25.50;82.50;9.02;1.27;1.00;956.93
322079;25.50;82.50;7.06;1.97;1.56;956.93
322473;25.50;82.50;6.28;2.56;2.79;956.93
322868;25.50;82.50;5.88;2.30;1.25;956.93
323262;25.50;82.50;5.88;1.05;0.51;956.93
323655;25.50;82.50;5.88;0.39;0.16;956.93
324098;25.50;82.50;5.88;0.10;0;957.00
324493;25.50;82.50;3.14;0;0;957.08
324887;25.50;82.50;0;0;1.39;957.16
325332;25.50;82.50;0;0;2.27;957.12
325723;25.50;82.50;0;0;1.05;957.28
326115;25.50;81.75;0;2.09;0.43;957.47
326512;25.50;81.75;0;1.02;0.16;957.59
326908;25.50;81.75;0;0.45;0;957.71
327306;25.50;81.75;0;1.97;0;957.82
327747;25.50;81.75;0;3.12;1.56;957.90
328141;25.50;81.75;0;3.65;3.07;957.94
328538;25.50;81.75;0;3.75;1.72;957.98
328984;25.50;81.75;4.31;2.27;1.00;958.02
329306;25.50;81.75;3.14;1.43;0.59;958.06
329705;25.50;81.75;0;0.70;0.27;958.06
330102;25.50;81.75;1.18;0.33;0.06;958.18
330500;25.50;81.75;4.71;0.12;0;958.18
330893;25.50;81.75;8.63;0;2.09;958.29
331292;25.50;81.75;9.81;0;1.07;958.33
331689;25.50;81.75;10.20;0;0.53;958.37
332093;25.50;81.75;10.20;2.09;0.23;958.53
332545;25.50;81.75;9.41;0.90;2.09;958.68
332993;25.50;81.75;9.02;0.49;2.75;958.84
333311;25.50;81.75;7.45;0.18;6.37;958.88
333710;25.50;81.75;7.45;0;3.28;958.92
334121;25.50;81.75;7.06;2.75;1.56;958.96
334520;25.50;81.75;7.06;1.29;2.54;959.04
334916;25.50;81.75;14.51;0.61;1.19;959.11
335319;25.50;81.00;19.61;0.23;0.51;959.15
335725;25.50;81.00;19.61;0;0.18;959.15
336117;25.50;81.00;10.20;0;1.78;959.19
336511;25.50;81.00;10.98;0;0.86;959.23
336907;25.50;81.00;13.73;0;0.35;959.27
337304;25.50;81.00;14.12;1.23;0.10;959.27
337699;25.50;81.00;14.12;0.53;0;959.31
338094;25.50;81.00;12.16;1.70;0;959.31
338488;25.50;81.00;12.16;0.76;1.15;959.31
338879;25.50;81.00;12.16;2.38;1.93;959.31
339271;25.50;81.00;12.16;1.11;2.32;959.35
339722;25.50;81.00;12.16;2.15;1.07;959.35
340165;25.50;81.00;12.16;2.05;0.33;959.35
340556;25.50;81.00;18.43;0.88;1.35;959.35
341001;25.50;81.00;19.61;1.89;0.66;959.35
341315;25.50;81.00;0.39;0.88;0.23;959.35
341710;25.50;81.00;7.84;0.33;0;959.35
342156;25.50;81.00;8.63;0.02;0;959.35
342546;25.50;81.00;9.02;2.09;1.39;959.35
342992;25.50;81.00;9.02;1.15;2.58;959.35
343301;25.50;81.00;8.63;1.72;3.01;959.35
343746;25.50;81.00;8.63;2.03;1.35;959.35
344136;25.50;81.00;8.63;3.05;0.59;959.35
344528;25.50;81.00;8.63;1.43;0.21;959.35
344919;25.50;81.00;8.24;0.59;3.38;959.39
345318;25.50;81.00;8.24;1.66;1.60;959.47
345764;25.50;81.00;8.24;3.26;0.55;959.50
346160;25.50;81.00;8.24;1.54;0.20;959.54
346555;25.50;81.00;8.63;0.68;0;959.58
347005;25.50;81.00;8.24;0.33;0;959.70
347319;25.50;81.00;12.55;0.06;0;959.78
347719;25.50;81.00;12.16;0;0;959.82
348115;25.50;81.00;11.77;0;1.39;959.93
348515;25.50;81.00;15.30;0;0.57;959.93
348957;25.50;81.00;14.90;1.46;0.14;959.97
349361;25.50;81.75;14.51;0.61;2.09;960.09
349761;25.50;81.00;14.51;0.21;0.90;960.05
350162;25.50;81.00;14.51;2.09;2.03;960.17
350576;25.50;81.00;19.61;0.90;2.03;960.29
350971;25.50;81.00;20.00;0.33;0.88;960.05
351370;25.50;81.00;18.83;0.06;0.33;960.21
351767;25.50;81.00;16.47;2.83;3.63;960.29
352170;25.50;81.75;12.55;4.12;3.09;960.36
352648;25.50;81.75;10.98;1.87;1.37;960.13
353051;25.50;81.75;9.81;2.97;0.57;960.17
353367;25.50;81.75;8.63;1.35;0.20;960.21
353766;25.50;81.75;6.28;0.55;2.09;960.17
354165;25.50;81.75;6.28;1.35;0.90;960.05
354561;25.50;81.75;5.49;2.03;0.33;960.05
354954;25.50;81.75;2.35;1.11;0.14;959.90
355353;25.50;81.75;1.57;0.47;0;959.93
355754;25.50;81.75;1.57;1.54;3.07;960.05
356202;25.50;81.75;1.57;2.27;1.43;960.13
356648;25.50;81.75;0;3.16;2.11;960.09
357100;25.50;81.75;0;2.44;0.80;960.05
357495;25.50;81.75;0;1.19;0.33;960.01
357889;25.50;81.75;4.31;2.34;0.12;959.93
358290;25.50;81.75;10.59;1.15;0;959.90
358743;25.50;81.75;18.04;0.53;0;959.86
359140;25.50;81.75;19.61;0.21;0;959.93
359588;25.50;81.75;21.18;0;0;959.86
360035;25.50;81.75;26.28;0;0;959.86
360342;25.50;81.75;24.71;1.46;0;959.90
360739;25.50;81.75;18.04;0.64;0;959.90
361131;25.50;81.75;14.51;0.27;0;959.93
361576;25.50;81.75;14.12;0;0;959.93
361968;25.50;81.75;13.33;1.15;2.09;959.86
362368;25.50;81.75;12.55;2.30;0.96;959.82
362817;25.50;81.75;12.16;3.16;1.82;959.70
363266;25.50;81.75;11.77;3.38;2.13;959.62
363665;25.50;81.75;11.37;3.73;2.44;959.54
364063;25.50;81.75;10.98;2.13;1.43;959.62
364433;25.50;81.75;10.98;1.00;2.73;959.62
364875;25.50;81.75;10.98;1.56;1.05;959.70
365322;25.50;81.75;10.20;0.68;0.43;959.62
365721;25.50;81.75;9.81;2.38;0.14;959.66
366121;25.50;81.75;10.20;1.11;0;959.74
366525;25.50;81.75;14.51;0.43;1.15;959.70
366936;25.50;81.75;12.55;0.14;0.45;959.86
367333;25.50;81.75;11.77;0;0.16;959.97
367732;25.50;81.75;11.77;0;1.23;960.05
368126;25.50;81.75;11.37;1.15;0.49;960.01
368524;25.50;81.75;11.37;0.45;1.41;960.01
368915;25.50;81.75;10.98;1.37;2.03;959.93
369364;25.50;81.75;10.20;2.03;2.03;959.93
369807;25.50;81.75;10.20;0.70;1.89;960.01
370202;25.50;81.75;9.81;0.25;0.88;959.97
370600;25.50;81.75;9.81;2.13;0.31;960.01
371046;25.50;81.75;10.59;1.11;0.12;959.97
371369;25.50;81.75;12.16;2.05;0;960.09
371767;25.50;81.75;12.55;0.88;0;960.21
372164;25.50;81.75;12.55;0.43;0;960.21
372602;25.50;81.75;12.55;0.04;0;960.13
372995;25.50;81.75;12.55;0;0;960.25
373437;25.50;81.75;12.55;1.66;3.50;960.32
373833;25.50;81.75;12.16;1.87;1.48;960.25
374233;25.50;81.75;12.16;0.80;0.62;960.09
374629;25.50;81.75;12.16;2.38;1.89;960.21
375023;25.50;81.75;14.51;1.27;2.38;960.21
375339;25.50;81.75;16.47;0.51;1.05;960.09
375737;25.50;81.75;16.47;0.16;0.39;960.21
376133;25.50;81.75;15.30;0;1.27;960.09
376529;25.50;81.75;15.30;0;2.09;960.25
376973;25.50;81.75;15.30;0;0.90;960.01
377364;25.50;81.75;18.04;0;0.41;960.13
377759;25.50;81.75;18.04;0;0.12;960.09
378153;25.50;81.75;18.04;0;0;959.93
378546;25.50;81.75;18.04;0;2.09;960.01
379005;25.50;81.75;18.04;0.90;0.72;959.90
379402;25.50;81.75;18.04;1.50;1.80;959.86
379798;25.50;81.75;16.86;2.13;0.76;959.86
380192;25.50;81.75;15.69;1.00;1.76;959.74
380591;25.50;81.75;16.86;0.35;4.14;959.66
380991;25.50;81.75;1.96;1.56;2.01;959.58
381440;25.50;81.75;1.96;2.79;0.88;959.54
381835;25.50;81.75;6.28;1.25;0.33;959.50
382233;25.50;81.75;0;0.55;0.06;959.47
382632;25.50;81.75;0;1.87;1.39;959.47
383024;25.50;81.75;0;1.04;0.72;959.43
383339;25.50;81.75;0;0.43;2.07;959.43
383782;25.50;81.75;4.71;0.10;0.78;959.43
384177;25.50;81.75;4.71;0;0.33;959.43
384567;25.50;81.75;7.84;0;3.48;959.39
384962;25.50;81.75;12.55;0;1.86;959.35
385361;25.50;82.50;12.55;1.23;0.90;959.27
385763;25.50;82.50;12.55;0.49;3.65;959.19
386212;25.50;82.50;13.73;0.20;1.84;959.04
386661;25.50;82.50;21.18;0;0.90;958.84
387110;25.50;82.50;21.96;0;0.37;958.76
387426;25.50;82.50;16.08;0;0.14;958.61
387821;25.50;82.50;16.08;0;0;958.49
388214;25.50;82.50;23.53;0;2.09;958.41
388611;25.50;82.50;29.02;0;0.96;958.37
389059;25.50;82.50;32.16;1.76;1.62;958.33
389377;25.50;82.50;35.30;0.72;4.06;958.29
389776;25.50;82.50;31.38;2.38;1.82;958.25
390177;25.50;82.50;34.51;1.05;1.93;958.14
390579;25.50;82.50;34.51;0.39;0.82;957.86
391026;25.50;82.50;32.55;0.16;0.39;957.90
391345;25.50;82.50;32.16;1.15;1.46;957.82
391745;25.50;82.50;31.77;0.41;1.80;957.75
392144;25.50;82.50;29.02;0.10;2.42;957.55
392542;25.50;82.50;23.14;1.97;1.00;957.55
392937;25.50;82.50;18.43;0.78;1.72;957.40
393337;25.50;82.50;16.08;0.29;0.66;957.28
393737;25.50;82.50;15.69;0;0.21;957.12
394135;25.50;82.50;15.69;0;0;957.00
394446;25.50;82.50;15.30;0;0;956.81
394838;25.50;82.50;14.12;0;1.31;956.69
395234;25.50;82.50;10.59;0;0.53;956.57
395678;25.50;82.50;8.24;0;1.27;956.38
396072;25.50;82.50;7.06;0;0.62;956.26
396387;25.50;82.50;7.06;0;0.21;956.11
396779;25.50;82.50;7.06;1.66;2.09;956.03
397178;25.50;82.50;5.88;2.85;0.90;955.91
397628;25.50;82.50;4.31;3.16;0.35;955.87
398028;25.50;82.50;3.92;3.30;1.35;955.83
398425;25.50;82.50;3.14;1.58;0.62;955.79
398825;25.50;82.50;3.53;2.56;0.25;955.75
399225;25.50;82.50;5.10;6.72;0.02;955.75
399620;25.50;82.50;7.84;3.48;0;955.72
400017;25.50;82.50;9.02;1.86;0;955.72
400411;25.50;82.50;12.16;3.01;0;955.64
400814;25.50;82.50;16.47;1.50;0;955.64
401257;25.50;82.50;20.00;0.70;0;955.32
401652;25.50;82.50;21.96;0.29;0;955.21
402052;25.50;82.50;27.45;0.12;0;955.21
402414;25.50;83.25;29.42;1.00;2.09;955.05
402815;25.50;83.25;25.49;0.43;1.02;954.93
403214;25.50;83.25;25.10;1.93;1.68;954.82
403664;25.50;83.25;23.92;2.13;2.71;954.70
404115;25.50;83.25;23.53;1.19;3.61;954.66
404433;25.50;83.25;20.00;0.51;3.34;954.62
404832;25.50;83.25;20.79;0.16;1.60;954.58
405231;25.50;83.25;23.92;0;0.66;954.54
405629;25.50;83.25;20.00;1.39;0.23;954.54
406023;25.50;83.25;17.65;0.57;0;954.50
406421;25.50;83.25;13.33;0.20;0;954.43
406818;25.50;83.25;10.59;0;0;954.23
407265;25.50;83.25;10.20;1.66;1.39;954.27
407663;25.50;83.25;9.41;2.85;0.57;954.07
408061;25.50;83.25;8.63;1.27;2.32;953.96
408380;25.50;83.25;8.24;0.55;1.02;953.84
408777;25.50;83.25;7.84;0.25;2.23;953.72
409176;25.50;83.25;7.84;0;1.04;953.61
409584;25.50;83.25;7.84;2.09;0.33;953.49
409983;25.50;83.25;8.24;0.96;1.64;953.41
410432;25.50;83.25;13.73;1.62;2.89;953.37
410886;25.50;83.25;17.65;0.62;1.11;953.33
411285;25.50;83.25;16.08;0.23;0.47;953.29
411734;25.50;83.25;15.30;0;0.18;953.29
412134;25.50;83.25;14.90;0;0;953.25
412448;25.50;83.25;12.16;0;0;953.25
412892;25.50;83.25;10.98;0;1.76;953.10
413286;25.50;83.25;10.59;1.46;0.78;953.06
413685;25.50;83.25;10.59;2.73;1.52;952.79
414081;25.50;83.25;10.98;1.52;2.99;952.63
414401;25.50;83.25;13.33;2.52;1.43;952.47
414852;25.50;83.25;13.33;1.19;2.19;952.36
415297;25.50;83.25;12.55;1.45;2.62;952.24
415748;25.50;83.25;10.98;0.64;3.34;952.16
416146;25.50;83.25;9.81;0.33;1.89;952.12
416465;25.50;83.25;9.81;0.08;0.88;952.08
416860;25.50;83.25;9.81;0;0.33;952.04
417257;25.50;83.25;10.59;0;0.08;952.04
417654;25.50;83.25;10.98;0;0;952.00
418102;25.50;83.25;10.59;0;0;951.93
418415;25.50;83.25;9.02;0;3.26;951.93
418807;25.50;83.25;5.49;0;3.18;951.89
419201;25.50;83.25;0;2.09;1.50;951.89
419659;25.50;83.25;0;3.07;2.13;951.81
420055;25.50;83.25;0;1.43;1.05;951.77
420454;25.50;83.25;0.39;2.19;0.43;951.81
420852;25.50;83.25;3.14;1.07;2.27;951.77
421249;25.50;83.25;3.53;0.45;5.78;951.81
421649;25.50;83.25;3.53;0.18;2.99;951.77
422046;25.50;83.25;4.31;0;1.50;951.81
422444;25.50;83.25;4.31;0;0.70;951.69
422834;25.50;83.25;5.10;0;0.29;951.69
423290;25.50;83.25;7.06;0;0;951.77
423685;25.50;82.50;7.06;0;0;951.81
424076;25.50;82.50;7.06;0;0;951.73
424385;25.50;82.50;7.06;0;0;951.77
424773;25.50;82.50;7.45;1.76;0;951.73
425170;25.50;82.50;7.45;0.78;0;951.69
425533;26.25;82.50;7.06;2.13;0;951.69
425929;26.25;82.50;6.67;3.09;1.39;951.73
426327;26.25;82.50;5.88;1.45;0.68;951.77
426725;26.25;82.50;5.88;1.89;2.03;951.73
427125;26.25;82.50;9.41;2.52;3.24;951.77
427443;26.25;82.50;10.20;1.19;1.52;951.81
427898;26.25;82.50;7.84;3.07;0.51;951.77
428348;26.25;82.50;7.84;1.43;0.16;951.81
428744;26.25;82.50;7.84;0.59;0;951.85
429139;26.25;82.50;9.81;0.27;0;951.85
429450;26.25;82.50;0;0;0;951.89
429846;26.25;82.50;7.84;0;3.26;951.89
430243;26.25;82.50;8.24;1.76;1.54;951.89
430637;26.25;82.50;8.63;0.78;0.72;951.89
431031;26.25;82.50;8.24;2.13;0.29;951.93
431429;26.25;82.50;7.45;1.00;0.06;951.93
431824;26.25;82.50;7.45;0.43;0;951.93
432215;26.25;82.50;7.06;0.14;0;951.93
432605;26.25;82.50;7.06;0;2.09;951.93
433047;26.25;82.50;7.06;1.76;0.96;951.93
433437;26.25;82.50;6.67;0.78;2.23;951.93
433882;26.25;82.50;6.67;1.87;1.04;951.93
434273;26.25;82.50;5.49;0.86;0.51;951.93
434682;26.25;82.50;3.53;1.60;0.18;951.93
435077;26.25;82.50;3.53;0.76;0;951.93
435520;26.25;82.50;3.14;0.25;0;951.93
435912;26.25;82.50;3.14;0.02;3.87;951.93
436304;26.25;82.50;3.14;0;8.73;951.93
436698;26.25;82.50;3.14;0;7.42;951.93
437086;26.25;82.50;3.14;0;4.55;951.93
437396;26.25;82.50;3.14;0;2.46;951.93
437784;26.25;82.50;3.14;1.46;1.45;951.93
438174;26.25;82.50;3.14;0.72;2.79;951.93
438485;26.25;82.50;3.14;0.37;1.68;951.93
438877;26.25;82.50;3.14;1.68;0.86;951.93
439322;26.25;82.50;3.53;0.70;2.09;951.93
439725;26.25;82.50;3.53;0.29;1.07;951.93
440117;26.25;82.50;3.53;0.14;0.61;951.93
440429;26.25;82.50;3.92;0;0.27;951.93
440873;26.25;82.50;4.31;1.23;0.04;951.93
441267;26.25;82.50;5.88;0.61;0;951.93
441662;26.25;82.50;7.45;0.25;0;952.04
442108;26.25;82.50;7.45;0.02;0;952.04
442418;26.25;82.50;6.28;0;0;952.00
442863;26.25;82.50;5.49;0;1.31;952.00
443253;26.25;82.50;5.49;1.46;0.57;952.16
443646;26.25;82.50;5.49;0.64;1.74;952.32
444041;26.25;82.50;5.49;1.48;0.78;952.40
444487;26.25;82.50;5.49;2.13;2.40;952.43
444935;26.25;82.50;11.77;2.05;0.88;952.55
445338;26.25;82.50;13.73;0.94;1.80;952.71
445736;26.25;82.50;13.73;2.05;2.05;952.82
446134;26.25;82.50;13.33;2.85;1.11;952.90
446451;26.25;82.50;13.33;1.35;0.43;952.98
446848;26.25;81.75;12.55;0.55;1.60;952.94
447253;25.50;81.75;11.37;0.20;2.38;952.98
447656;25.50;81.75;10.20;0;1.11;953.02
448057;25.50;81.75;9.41;1.07;1.89;953.06
448506;25.50;81.75;9.02;0.33;2.77;953.10
448904;25.50;81.75;9.02;1.27;1.23;953.14
449298;25.50;81.75;8.63;0.55;0.49;953.14
449694;25.50;81.75;8.24;3.73;1.86;953.14
450091;25.50;81.75;6.67;2.01;1.02;953.14
450488;25.50;81.75;6.67;0.94;0.41;953.18
450883;25.50;81.75;5.88;1.80;1.82;953.18
451277;25.50;81.75;5.49;0.76;0.82;953.18
451672;25.50;81.75;4.71;2.38;0.29;953.18
452117;25.50;81.75;7.06;1.05;2.15;953.18
452433;25.50;81.75;9.41;0.43;0.94;953.18
452879;25.50;81.75;9.41;0.12;2.48;953.18
453270;25.50;81.75;8.63;0;1.07;953.18
453666;25.50;81.75;7.84;0;1.60;953.18
454059;25.50;81.75;7.06;0;2.17;953.18
454452;25.50;81.75;7.06;0;0.94;953.18
454892;25.50;81.75;8.24;0;1.50;953.18
455285;25.50;81.75;0;0;2.77;953.18
455676;25.50;81.75;3.92;3.34;1.31;953.18
456074;25.50;81.75;3.92;1.60;2.40;953.18
456435;25.50;81.75;3.53;2.56;1.11;953.18
456830;25.50;81.75;3.53;1.19;4.41;953.18
457221;25.50;81.75;3.53;0.55;2.27;953.18
457611;25.50;81.75;3.53;0.21;1.11;953.18
458001;25.50;81.75;3.14;1.91;0.47;953.18
458449;25.50;81.75;3.14;4.84;0.20;953.18
458841;25.50;81.75;3.53;5.33;0;953.18
459237;25.50;81.75;3.92;2.73;0;953.22
459682;25.50;81.75;4.71;1.43;0;953.22
460077;25.50;81.75;5.10;0.66;0;953.29
460472;25.50;81.75;0.39;1.60;0;953.29
460916;25.50;81.75;0;0.66;0;953.25
461309;25.50;81.75;0;0.29;1.56;953.25
461750;25.50;81.75;0;0.08;0.78;953.33
462146;25.50;81.75;0;0;0.45;953.37
462510;25.50;81.75;0;0;0.14;953.37
462898;25.50;81.75;0;0;0;953.41
463288;25.50;81.75;0;0;1.66;953.53
463680;25.50;81.75;0;1.39;0.90;953.68
464075;25.50;81.75;0;2.19;2.15;953.72
464470;25.50;81.75;1.18;1.29;1.19;953.80
464920;25.50;81.75;1.57;0.61;1.84;953.76
465319;25.50;81.75;2.75;2.15;1.07;953.84
465718;25.50;81.75;4.31;1.27;0.57;953.84
466113;25.50;81.75;5.49;2.93;0.29;953.92
466513;25.50;81.75;5.49;3.55;0.12;954.04
466907;25.50;81.75;0.78;4.06;2.21;954.07
467333;25.50;81.75;1.18;2.44;1.31;954.00
467733;25.50;81.75;0;1.35;2.79;954.04
468132;25.50;81.75;0;0.88;1.78;954.11
468447;25.50;81.75;0;0.39;3.20;954.11
468840;26.25;81.75;2.75;0.18;1.70;954.19
469242;26.25;81.75;2.75;0;0.94;954.27
469636;26.25;81.75;2.75;0;0.47;954.31
470028;26.25;81.75;2.75;0;0.21;954.31
470419;26.25;81.75;3.53;0;0.02;954.35
470864;26.25;81.75;6.28;0;0;954.39
471258;26.25;81.75;6.67;0;0;954.39
471646;26.25;81.75;6.67;0;0;954.23
472033;26.25;81.75;6.67;0;0;954.27
472421;26.25;81.75;6.67;1.56;1.39;954.31
472817;26.25;81.75;6.67;0.84;0.72;954.35
473212;26.25;81.75;6.67;0.49;2.32;954.35
473574;26.25;81.75;6.67;0.23;3.32;954.39
473969;26.25;81.75;6.28;2.15;1.89;954.39
474365;26.25;81.75;6.67;1.19;1.00;954.31
474764;26.25;81.75;6.28;0.59;0.51;954.35
475163;26.25;81.75;6.28;2.42;0.27;954.35
475524;26.25;81.75;2.35;1.11;0.02;954.31
475923;26.25;81.75;2.35;0.59;0;954.35
476320;26.25;81.75;2.35;0.25;1.86;954.35
476762;26.25;81.75;1.18;0.06;1.02;954.23
477162;26.25;81.75;0;1.86;0.64;954.19
477530;26.25;81.75;0;2.79;0.27;954.19
477972;26.25;81.75;0;3.38;0.12;954.07
478366;26.25;81.75;0;2.03;2.21;954.04
478811;26.25;81.75;0.78;2.89;1.15;954.07
479211;26.25;81.75;1.57;1.93;2.79;954.07
479525;26.25;81.75;2.35;3.42;1.68;954.11
479922;26.25;81.75;3.14;2.17;1.04;954.11
480318;26.25;81.75;4.71;1.27;0.62;954.19
480767;26.25;81.75;6.67;0.76;0.33;954.15
481165;26.25;81.75;6.67;0.51;0.20;954.23
481480;26.25;81.75;6.67;0.25;0.02;954.19
481878;26.25;81.75;6.67;1.62;0;954.23
482274;26.25;81.75;6.67;0.94;0;954.19
482668;26.25;81.75;6.67;0.51;0;954.19
483055;26.25;81.75;6.67;0.25;0;954.07
483449;26.25;82.50;6.67;0.06;2.21;954.15
483847;26.25;82.50;6.67;0;1.23;954.00
484243;26.25;82.50;4.71;1.66;0.64;953.96
484612;26.25;82.50;2.75;0.90;0.31;954.00
485011;26.25;82.50;1.96;0.45;0.12;953.88
485409;26.25;82.50;1.96;2.11;0;953.92
485904;26.25;82.50;1.57;1.25;0;953.92
486295;26.25;82.50;0;0.66;0;953.80
486690;26.25;82.50;0;0.31;0;953.80
487078;26.25;82.50;0;0.14;2.21;953.88
487474;26.25;82.50;0;0;1.31;953.80
487868;26.25;82.50;0;0;2.95;953.72
488260;26.25;82.50;0;0;1.87;953.76
488650;26.25;82.50;0;21.31;8.71;953.84
489050;26.25;82.50;0;12.52;5.66;953.76
489447;26.25;82.50;0;7.71;5.68;953.84
489843;26.25;82.50;0;6.44;3.46;953.84
490236;26.25;82.50;0;6.99;4.69;953.80
490550;26.25;82.50;0;24.69;8.94;953.88
490952;26.25;82.50;0;28.22;20.10;953.92
491403;26.25;82.50;0;19.47;13.85;953.96
491798;26.25;82.50;3.53;15.41;9.53;954.07
492197;26.25;82.50;4.71;10.60;6.15;954.15
492515;26.25;82.50;1.96;9.10;4.20;954.23
492915;26.25;82.50;3.53;12.79;18.79;954.27
493324;26.25;82.50;5.10;8.32;11.62;954.23
493723;26.25;82.50;3.53;5.41;7.56;954.27
494123;26.25;82.50;2.75;5.47;5.18;954.31
494571;26.25;82.50;3.14;3.73;5.57;954.27
494970;26.25;82.50;4.71;4.63;3.79;954.31
495368;26.25;82.50;15.30;3.14;2.42;954.35
495770;26.25;82.50;28.63;2.01;1.50;954.35
496164;26.25;82.50;33.34;1.35;3.07;954.31
496482;26.25;82.50;33.73;2.99;1.72;954.19
496881;26.25;82.50;25.10;1.60;4.37;954.19
497274;26.25;82.50;28.63;2.56;2.38;954.07
497672;26.25;82.50;0;2.44;3.24;953.96
498072;26.25;83.25;8.63;3.18;1.62;953.92
498472;26.25;83.25;8.63;1.70;0.88;953.76
498867;26.25;83.25;9.02;0.94;0.39;953.65
499266;26.25;83.25;8.63;0.55;0.21;953.57
499583;26.25;83.25;9.02;0.23;0;953.49
499983;26.25;83.25;8.63;0.02;1.86;953.41
500385;26.25;83.25;8.63;1.31;0.96;953.37
500829;25.50;83.25;9.41;2.03;0.35;953.33
501231;25.50;83.25;15.30;1.19;0.18;953.29
501554;25.50;83.25;20.79;0.55;0;953.29
501998;25.50;83.25;23.53;1.62;0;953.25
502453;25.50;83.25;23.53;0.59;0;953.25
502842;25.50;83.25;23.92;1.35;0;953.25
503236;25.50;83.25;26.67;0.70;0;953.22
503550;25.50;83.25;6.67;0.25;1.66;953.22
503995;25.50;83.25;7.06;0.02;0.78;953.22
504389;25.50;83.25;7.06;0;0.33;953.22
504781;25.50;83.25;7.06;0;1.43;953.22
505168;25.50;83.25;5.49;0;0.62;953.22
505610;25.50;83.25;2.35;0;1.56;953.22
506001;25.50;83.25;2.35;1.15;0.68;953.22
506444;25.50;83.25;2.35;2.23;0.21;953.22
506836;25.50;83.25;2.35;1.04;1.80;953.22
507228;25.50;83.25;3.14;0.59;1.05;953.22
507543;25.50;83.25;3.14;1.52;0.43;953.22
507934;25.50;83.25;7.45;0.66;1.70;953.22
508379;25.50;83.25;11.37;1.60;2.87;953.22
508778;25.50;83.25;12.94;2.17;1.35;953.22
509174;25.50;83.25;15.30;1.27;0.70;953.22
509488;25.50;83.25;14.90;0.55;0.27;953.22
509885;25.50;82.50;14.12;0.18;1.29;953.22
510285;25.50;82.50;10.59;0;0.68;953.22
510600;25.50;82.50;8.24;0;0.27;953.22
511058;25.50;82.50;7.84;0;0;953.22
511450;25.50;82.50;8.63;1.39;0;953.22
511841;25.50;82.50;14.90;0.57;1.39;953.22
512238;25.50;82.50;9.41;0.27;0.72;953.22
512554;25.50;82.50;9.81;0.04;0.29;953.22
513011;25.50;82.50;13.73;0;0.06;953.22
513411;25.50;82.50;14.12;0;2.79;953.22
513803;25.50;82.50;14.12;1.46;1.33;953.22
514197;25.50;82.50;14.12;0.78;2.56;953.22
514508;25.50;82.50;16.08;1.78;3.30;953.22
514903;25.50;82.50;16.86;0.80;3.69;953.22
515296;25.50;82.50;6.28;1.89;1.78;953.22
515743;25.50;82.50;7.06;0.70;4.04;953.22
516188;25.50;82.50;7.06;0.35;2.44;953.22
516548;25.50;82.50;7.45;0.06;1.05;953.22
516942;25.50;82.50;7.45;1.46;0.43;953.22
517334;25.50;82.50;7.45;0.64;2.27;953.22
517725;25.50;82.50;7.06;0.27;1.05;953.22
518171;25.50;82.50;7.06;0.02;0.47;953.22
518560;25.50;82.50;6.67;2.09;0.16;953.22
518954;25.50;82.50;6.28;0.96;2.09;953.22
519348;25.50;82.50;6.28;2.52;0.96;953.22
519791;25.50;82.50;6.28;1.27;0.41;953.22
520183;25.50;82.50;5.88;0.55;1.43;953.22
520579;25.50;82.50;4.31;2.32;0.66;953.22
520973;25.50;82.50;3.92;2.44;0.25;953.22
521369;25.50;82.50;3.92;1.19;0.02;953.37
521764;25.50;82.50;3.92;0.55;0;953.33
522160;25.50;82.50;5.49;0.21;0;953.33
522533;25.50;82.50;9.02;0;0;953.29
522927;25.50;82.50;9.02;0;0;953.25
523317;25.50;82.50;9.02;0;0;953.25
523700;25.50;82.50;7.84;0;0;953.33
524090;25.50;82.50;7.84;0;0;953.37
524530;25.50;82.50;7.84;0;2.09;953.33
524923;25.50;82.50;7.84;0;7.79;953.29
525369;25.50;82.50;7.45;0;6.89;953.25
525765;25.50;82.50;7.45;0;3.55;953.49
526157;25.50;82.50;6.28;0;1.80;953.41
526551;25.50;82.50;1.57;2.09;0.94;953.53
526951;25.50;82.50;0.78;1.07;0.39;953.45
527400;25.50;82.50;2.35;0.49;1.50;953.53
527799;25.50;82.50;2.75;1.58;0.70;953.53
528195;25.50;82.50;3.53;0.74;0.31;953.68
528594;25.50;82.50;3.53;0.33;0.10;953.65
528988;25.50;82.50;3.53;1.50;0;953.61
529382;25.50;82.50;4.31;2.01;0;953.84
529830;25.50;82.50;6.28;1.05;0;953.84
530222;25.50;82.50;5.88;0.62;0;953.96
530538;25.50;82.50;5.88;0.25;1.31;953.92
530933;25.50;82.50;5.88;0.04;2.27;954.04
531382;25.50;82.50;5.49;1.33;3.24;954.04
531825;25.50;82.50;6.28;2.15;1.43;954.04
532221;25.50;82.50;9.02;1.27;2.36;954.11
532551;25.50;82.50;9.02;2.25;1.25;954.19
533035;25.50;82.50;7.45;3.05;3.07;954.19
533430;25.50;82.50;5.88;1.60;1.62;954.23
533879;25.50;82.50;5.88;0.76;0.82;954.27
534273;25.50;82.50;5.88;0.39;0.43;954.31
534587;25.50;82.50;0;0.16;0.18;954.35
534987;25.50;82.50;0;1.39;1.80;954.35
535428;25.50;82.50;0;0.57;0.82;954.39
535824;25.50;82.50;0;0.31;2.38;954.39
536215;25.50;82.50;0;0.12;1.35;954.39
536527;25.50;82.50;0;0;0.70;954.39
536917;25.50;82.50;0;6.89;8.36;954.43
537363;25.50;82.50;0;7.81;7.07;954.43
537754;25.50;82.50;0;6.86;4.59;954.43
538145;25.50;82.50;1.18;5.76;4.49;954.43
538539;25.50;82.50;1.57;3.52;4.47;954.43
538935;25.50;82.50;3.92;2.01;2.71;954.43
539330;25.50;82.50;4.31;1.11;1.50;954.43
539726;25.50;82.50;8.24;0.59;0.82;954.43
540171;25.50;82.50;8.24;0.27;0.39;954.43
540564;25.50;82.50;8.24;0.08;0.16;954.43
541007;25.50;82.50;9.81;0;1.39;954.43
541402;25.50;82.50;10.20;1.56;2.79;954.43
541805;25.50;82.50;11.37;0.78;1.48;954.43
542249;25.50;82.50;12.55;0.33;2.03;954.43
542576;25.50;82.50;12.55;5.55;1.05;954.47
542973;25.50;82.50;12.55;7.54;0.43;954.47
543415;25.50;82.50;13.73;3.93;2.27;954.54
543815;25.50;82.50;17.65;1.89;1.05;954.74
544214;25.50;82.50;0;2.30;0.43;954.90
544663;25.50;82.50;6.67;1.93;3.42;954.90
545061;25.50;82.50;6.67;0.94;1.72;954.93
545457;25.50;82.50;8.24;0.39;0.76;955.05
545855;25.50;82.50;9.81;0.12;0.29;955.09
546303;25.50;82.50;14.90;0;0.12;955.21
546627;25.50;82.50;15.30;1.39;2.09;955.29
547027;25.50;82.50;3.92;0.61;0.96;955.32
547476;25.50;82.50;5.10;4.41;0.31;955.40
547926;25.50;82.50;5.49;2.27;0.08;955.48
548325;25.50;82.50;5.49;1.05;1.27;955.44
548689;25.50;82.50;5.10;2.01;0.55;955.48
549087;25.50;82.50;4.71;0.94;1.72;955.52
549485;25.50;82.50;4.31;1.60;2.87;955.56
549887;25.50;82.50;9.02;2.03;3.24;955.56
550386;25.50;82.50;8.63;0.94;3.63;955.60
550836;25.50;81.75;8.24;0.29;1.35;955.60
551287;25.50;81.75;7.84;0.10;0.76;955.60
551601;25.50;81.75;7.84;0;1.76;955.68
551996;25.50;81.75;7.06;1.39;0.72;955.83
552393;25.50;81.75;6.67;0.57;2.38;955.95
552842;25.50;81.75;6.67;0.14;0.88;956.15
553235;25.50;81.75;5.88;1.45;2.13;956.30
553552;25.50;81.75;5.49;0.61;3.09;956.38
553951;25.50;81.75;5.49;0.23;1.37;956.42
554347;25.50;81.75;5.10;0;1.72;956.54
554796;25.50;81.75;5.10;0;2.23;956.61
555238;25.50;81.75;5.10;0;2.29;956.69
555599;25.50;81.75;4.71;1.15;1.00;956.73
556012;25.50;81.75;7.84;0.49;1.86;956.77
556410;25.50;81.75;5.10;1.97;0.84;956.81
556810;25.50;81.75;5.10;2.71;0.33;956.81
557202;25.50;81.75;5.10;3.07;1.35;956.85
557599;25.50;81.75;5.10;1.43;0.59;956.85
557992;25.50;81.75;5.10;0.62;1.76;956.85
558384;25.50;81.75;5.88;1.46;2.89;956.85
558779;25.50;81.75;8.63;0.68;1.35;956.89
559178;25.50;81.75;9.02;0.29;2.42;956.89
559572;25.50;81.75;8.63;1.87;1.11;956.89
560018;25.50;81.75;8.24;0.86;2.30;956.89
560413;25.50;81.75;5.10;2.48;1.05;956.89
560808;25.50;81.75;5.10;1.23;0.47;956.89
561252;25.50;81.75;3.92;0.53;0.18;956.89
561617;25.50;81.75;2.35;4.10;0;956.89
562012;25.50;81.75;2.35;7.54;0;956.89
562401;25.50;81.75;1.18;5.19;0;956.89
562794;25.50;81.75;0;2.40;1.76;956.97
563293;25.50;81.75;0;1.43;1.07;956.93
563608;25.50;81.75;0;0.76;0.53;956.93
564049;25.50;81.75;0;0.33;2.13;956.93
564441;25.50;81.75;0;5.45;13.42;956.93
564889;25.50;81.75;1.96;5.04;8.28;956.93
565283;25.50;81.75;3.92;3.42;7.91;957.08
565651;25.50;81.75;5.88;1.72;4.12;957.16
566048;25.50;81.75;4.31;2.40;2.36;957.20
566447;25.50;81.75;3.53;1.35;1.33;957.12
566847;25.50;81.75;1.96;2.62;2.91;957.32
567247;25.50;81.75;0.39;2.91;1.54;957.36
567651;25.50;81.75;0;1.64;0.90;957.47
568049;25.50;81.75;0;0.90;0.45;957.63
568447;25.50;81.75;0;0.49;0.23;957.75
568841;25.50;81.75;0;0.21;1.50;957.86
569236;25.50;81.75;0;0.08;0.94;957.90
569681;25.50;81.75;0;0;0.35;957.98
570075;25.50;81.75;1.57;0;0.16;958.02
570520;25.50;81.75;0;1.86;0;958.06
570918;25.50;81.75;0;1.02;1.56;958.06
571307;25.50;81.75;0;0.61;1.02;958.06
571618;25.50;81.75;1.96;0.31;2.79;958.18
572015;25.50;81.75;2.35;0.12;1.58;958.25
572415;25.50;81.75;3.53;0;0.86;958.22
572814;25.50;81.75;3.53;2.21;2.34;958.37
573260;25.50;81.75;5.49;1.15;2.75;958.37
573574;25.50;81.75;9.41;0.61;1.54;958.61
574026;25.50;81.75;9.41;0.27;0.78;958.72
574422;25.50;81.75;13.73;0.06;0.35;958.88
574826;25.50;81.75;26.67;0;0.12;959.00
575236;25.50;81.75;27.45;0;0;959.07
575633;25.50;81.75;27.45;0;0;959.15
576020;25.50;81.75;27.45;0;0;959.19
576409;25.50;81.75;27.06;0;0;959.15
576800;25.50;81.75;27.45;0;0;959.19
577191;25.50;81.75;5.10;2.09;1.31;959.15
577591;25.50;81.75;5.10;1.02;2.15;959.23
578086;25.50;81.75;4.71;1.68;0.82;959.19
578535;25.50;81.75;3.14;0.74;1.89;959.15
578934;25.50;81.75;0.78;4.24;0.94;959.19
579333;25.50;81.75;0;6.82;0.39;959.23
579652;25.50;81.75;0;5.08;0.14;959.27
580050;25.50;81.75;0;2.75;0;959.27
580493;25.50;81.75;0;1.45;2.09;959.31
580888;25.50;81.75;0;0.72;3.05;959.31
581281;25.50;81.75;0;0.41;1.80;959.31
581592;25.50;81.75;0;0.18;0.94;959.31
581984;25.50;81.75;0;0;0.47;959.35
582379;25.50;81.75;0;0;0.21;959.35
582769;25.50;81.75;0;0;1.60;959.35
583207;25.50;81.75;0;0;0.94;959.35
583597;25.50;81.75;0;0;0.55;959.35
583984;25.50;81.75;0;1.76;0.27;959.35
584374;25.50;81.75;0.78;2.83;2.34;959.35
584819;25.50;81.75;2.35;1.80;1.46;959.35
585216;25.50;81.75;3.92;1.11;0.84;959.35
585610;25.50;81.75;6.28;0.62;0.49;959.35
586056;25.50;81.75;7.45;0.27;0.21;959.35
586450;25.50;81.75;7.84;3.87;0.02;959.35
586895;25.50;81.75;7.84;2.19;0;959.35
587285;25.50;81.75;4.31;1.37;0;959.35
587596;25.50;81.75;0.39;0.78;0;959.35
588037;25.50;81.75;0;0.37;0;959.35
588428;25.50;81.75;0;0.18;0;959.43
588818;25.50;81.75;0;0;1.86;959.39
589215;25.50;81.75;0;0;1.07;959.47
589606;25.50;81.75;0;0;0.61;959.47
589993;25.50;81.75;0;0;0.31;959.50
590385;25.50;81.75;0;0;0.14;959.54
590776;25.50;81.75;0;0;0;959.58
591168;25.50;81.75;0;6.33;4.08;959.62
591617;25.50;81.75;0;30.10;36.46;959.62
592017;25.50;81.75;0;102.20;23.87;959.58
592421;25.50;81.75;0;73.47;15.58;959.70
592818;25.50;81.75;0;55.48;18.53;959.70
593187;25.50;81.75;0;41.48;22.95;959.78
593585;25.50;81.75;0;29.16;15.80;959.90
593980;25.50;81.75;0;21.83;14.98;960.05
594376;25.50;81.75;0;20.99;13.36;960.13
594741;25.50;81.75;0;18.18;14.57;960.21
595137;25.50;81.75;0;16.76;44.25;960.25
595530;25.50;81.75;0;13.42;34.57;960.32
595928;25.50;81.75;0;11.44;29.49;960.40
596374;25.50;81.75;0;12.75;27.15;960.44
596689;25.50;81.75;1.96;9.75;23.85;960.48
597087;25.50;81.75;0;6.70;16.42;960.52
597486;25.50;81.75;4.71;10.47;15.00;960.52
597892;25.50;81.75;3.92;7.99;9.26;960.48
598290;25.50;81.75;3.92;5.80;6.35;960.48
598601;25.50;81.75;9.02;3.55;4.10;960.44
598999;25.50;81.75;10.98;2.15;4.69;960.48
599402;25.50;81.75;12.55;1.43;3.01;960.52
599771;25.50;82.50;14.51;2.07;1.43;960.52
600185;25.50;82.50;20.79;1.02;0.66;960.56
600588;25.50;82.50;20.79;1.87;0.25;960.56
601030;25.50;82.50;20.79;3.69;3.40;960.56
601422;25.50;82.50;11.77;1.25;2.73;960.52
601922;25.50;82.50;15.30;0.51;1.19;960.44
602319;25.50;82.50;19.22;0.23;0.62;960.40
602638;25.50;82.50;23.14;1.70;1.70;960.44
603087;25.50;82.50;27.45;0.55;2.25;960.40
603485;25.50;82.50;7.45;0.16;2.30;960.44
603886;25.50;82.50;16.86;0;1.00;960.48
604340;25.50;82.50;12.94;0;1.86;960.44
604654;25.50;82.50;9.41;0;0.84;960.48
605051;25.50;82.50;10.59;0;0.35;960.52
605453;25.50;82.50;10.98;0;0.10;960.52
605843;25.50;82.50;13.73;2.09;0;960.52
606238;25.50;82.50;18.43;3.07;0;960.56
606633;25.50;82.50;1.96;1.35;0;960.56
607076;25.50;82.50;3.14;0.51;0;960.56
607466;25.50;82.50;3.14;0.18;1.56;960.60
607911;25.50;82.50;3.53;1.52;0.68;960.60
608306;25.50;82.50;3.53;0.82;2.15;960.60
608616;25.50;82.50;3.53;2.15;1.00;960.60
609058;25.50;82.50;3.53;0.82;0.33;960.60
609450;25.50;82.50;3.53;0.43;0.16;960.60
609895;25.50;82.50;3.53;1.19;0;960.60
610285;25.50;82.50;3.53;0.51;1.23;960.68
610650;25.50;82.50;3.53;2.36;0.64;960.79
611045;25.50;82.50;3.53;1.17;0.27;960.83
611439;25.50;82.50;3.53;0.55;0.04;960.95
611836;25.50;82.50;3.53;0.21;3.87;961.15
612281;25.50;82.50;3.53;0;4.08;961.34
612675;25.50;82.50;3.53;0;2.07;961.46
613065;25.50;82.50;3.53;0;2.81;961.57
613456;25.50;82.50;3.92;0;5.04;961.65
613850;25.50;82.50;3.92;0;6.72;961.69
614243;25.50;82.50;3.53;0;8.14;961.73
614639;25.50;82.50;3.53;0;4.22;961.73
615029;25.50;82.50;2.35;0;2.29;961.77
615423;25.50;82.50;1.57;0;1.11;961.81
615869;25.50;82.50;0;0;1.93;961.81
616261;25.50;82.50;0;0;1.00;961.81
616700;25.50;82.50;0.39;0;0.47;961.81
617092;25.50;82.50;1.57;0;0.20;961.85
617487;25.50;82.50;3.14;1.31;1.91;961.97
617890;25.50;82.50;3.14;2.03;1.00;962.16
618285;25.50;82.50;3.14;2.42;2.38;962.40
618678;25.50;82.50;3.53;2.66;1.27;962.28
619077;25.50;82.50;3.92;1.43;0.62;962.16
619477;25.50;82.50;3.92;0.70;0.27;962.12
619872;25.50;82.50;3.92;0.31;0.06;962.04
620317;25.50;82.50;3.92;0.16;0;962.16
620633;25.50;82.50;3.92;0;0;962.24
621076;25.50;82.50;1.96;0;0;962.47
621468;25.50;82.50;0;1.31;0;962.59
621862;25.50;82.50;0;2.03;1.86;962.71
622258;25.50;82.50;0;2.42;2.87;962.79
622653;25.50;82.50;0;1.50;1.70;962.86
623047;25.50;82.50;0;0.76;2.83;962.90
623494;25.50;82.50;0;0.29;2.62;962.94
623889;25.50;82.50;0;2.19;1.46;962.98
624284;25.50;82.50;0.78;1.21;2.85;962.98
624680;25.50;82.50;5.10;2.71;1.60;963.02
625080;25.50;82.50;5.10;3.40;0.88;963.10
625475;25.50;82.50;4.31;3.44;0.43;963.18
625874;25.50;82.50;0;5.35;0.18;963.29
626274;25.50;82.50;0;3.44;0.02;963.33
626638;25.50;82.50;0;1.93;0;963.49
627033;25.50;82.50;0;1.00;0;963.68
627422;25.50;82.50;0;0.51;1.56;963.84
627786;25.50;82.50;0;0.21;0.84;963.96
628183;25.50;81.75;0;0.02;2.50;964.04
628633;25.50;81.75;2.35;0;1.41;964.11
629033;25.50;81.75;3.53;0;0.74;964.15
629429;25.50;81.75;4.71;1.86;2.03;964.19
629745;25.50;81.75;6.28;3.07;1.11;964.23
630147;25.50;81.75;6.67;1.72;0.59;964.23
630594;25.50;81.75;7.06;3.93;0.20;964.27
630991;25.50;81.75;6.28;3.75;0;964.27
631387;25.50;81.75;0.39;2.40;2.09;964.50
631707;25.50;81.75;0;1.27;1.15;964.47
632104;25.50;81.75;0;0.66;0.57;964.58
632549;25.50;81.75;0;0.29;0.27;964.66
632948;25.50;81.75;0;0.14;0.10;964.74
633343;25.50;81.75;0;13.14;6.52;964.86
633664;25.50;81.75;0;10.33;3.75;965.01
634057;25.50;81.75;0;7.89;9.57;965.13
634450;25.50;81.75;0;11.91;6.50;965.25
634900;25.50;81.75;0;7.34;3.96;965.32
635294;25.50;81.75;0;15.68;4.78;965.40
635692;25.50;81.75;0;24.39;6.56;965.44
636089;25.50;81.75;5.49;17.66;5.94;965.44
636484;25.50;81.75;6.28;12.26;3.61;965.56
636934;25.50;81.75;9.41;9.28;2.05;965.72
637331;25.50;81.75;9.41;5.41;1.11;965.75
637726;25.50;81.75;9.81;3.87;0.47;965.83
638227;25.50;81.75;13.73;3.26;0.18;965.99
638681;25.50;81.75;14.12;1.37;0;966.15
639131;25.50;81.75;13.73;0.61;1.66;966.30
639581;25.50;81.75;12.55;0.16;2.71;966.46
639980;25.50;81.75;0;2.93;1.11;966.54
640379;25.50;81.75;0;3.87;0.66;966.57
640744;25.50;81.75;0;1.95;0.27;966.61
641139;25.50;81.75;0;0.96;0.04;966.65
641534;25.50;81.75;0;0.45;5.39;966.69
641930;25.50;81.75;0.78;0.18;2.75;966.77
642328;25.50;81.75;7.84;0;1.37;966.77
642723;25.50;81.75;15.30;0;0.64;966.85
643125;25.50;81.75;14.12;0;1.58;966.85
643516;25.50;81.75;13.73;0;2.52;966.93
643962;25.50;81.75;12.94;0;1.11;967.12
644356;25.50;81.75;12.55;0;0.43;967.16
644684;25.50;81.75;12.94;0;0.12;967.40
645077;25.50;81.75;13.73;0;0;967.47
645476;25.50;81.75;0;0;0;967.59
645918;25.50;81.75;10.98;1.76;0;967.71
646317;25.50;81.75;0;0.78;1.15;967.79
646715;25.50;81.75;6.28;0.33;1.82;967.79
647110;25.50;81.00;6.67;0.10;4.77;967.82
647513;25.50;81.00;7.06;0;2.44;967.94
647911;25.50;81.00;7.45;1.76;1.19;968.14
648361;25.50;81.00;7.45;0.78;2.34;968.33
648675;25.50;81.00;1.57;2.13;1.07;968.53
649074;25.50;81.00;1.57;1.00;2.29;968.72
649469;25.50;81.00;1.18;2.25;1.05;968.84
649868;25.50;81.00;1.18;1.05;2.58;968.96
650263;25.50;81.00;1.18;0.59;1.52;969.00
650663;25.50;81.00;0;2.34;0.66;969.07
651112;25.50;81.00;0;0.96;0.21;969.11
651506;25.50;81.00;0;4.34;0;969.15
651951;25.50;81.00;0;2.21;0;969.19
652342;25.50;81.00;0;1.15;1.56;969.19
652783;25.50;81.00;0;1.62;2.27;969.23
653202;25.50;81.00;0;0.88;1.27;969.23
653694;25.50;81.00;0;0.35;0.59;969.39
654088;25.50;81.00;0;0.18;0.29;969.58
654584;25.50;81.75;0;8.71;6.37;969.78
654984;25.50;81.75;0;50.88;4.34;969.93
655383;25.50;81.75;0;42.77;36.99;970.05
655702;25.50;81.75;0;33.45;25.53;970.17
656096;25.50;81.75;0;28.14;32.60;970.25
656541;25.50;81.75;0;30.04;30.51;970.29
656937;25.50;81.75;0;18.65;18.91;970.32
657382;25.50;81.75;2.35;12.19;14.43;970.36
657700;25.50;81.75;4.31;10.47;8.91;970.40
658199;25.50;81.75;4.31;5.49;4.92;970.64
658593;25.50;81.75;4.31;5.06;3.01;970.75
658988;25.50;81.75;4.31;4.37;1.70;970.95
659383;25.50;81.75;4.31;2.97;1.05;970.91
659700;25.50;81.75;4.31;1.70;0.55;971.11
660094;25.50;81.75;2.35;0.94;0.25;971.26
660544;25.50;81.75;1.57;0.47;0.06;971.38
660943;25.50;81.75;5.10;0.21;1.56;971.46
661342;25.50;81.75;7.45;1.66;0.84;971.54
661744;25.50;81.75;8.24;0.84;2.15;971.57
662142;25.50;81.75;8.63;2.15;1.11;971.61
662539;25.50;81.75;8.63;1.05;0.51;971.65
662935;25.50;81.75;8.24;2.27;0.18;971.65
663385;25.50;81.75;8.24;1.05;2.09;971.69
663701;25.50;81.75;0;0.47;0.96;971.69
664094;25.50;81.75;5.49;2.09;1.82;971.69
664489;25.50;81.75;5.88;1.02;2.30;971.69
664884;25.50;81.75;5.88;0.49;2.83;971.73
665281;25.50;81.75;5.49;0.20;1.43;971.73
665676;25.50;81.75;2.35;0;3.98;971.73
666071;25.50;81.75;0.39;2.09;2.56;971.81
666470;25.50;81.75;0;2.32;1.27;971.85
666789;25.50;81.75;0;1.21;2.13;972.00
667234;25.50;81.75;0;2.27;1.11;972.16
667630;25.50;81.75;0;1.11;0.55;972.20
668087;25.50;81.75;0;0.43;1.52;972.36
668481;25.50;81.75;0;0.23;0.94;972.40
668796;25.50;81.75;0;0.04;2.05;972.55
669191;25.50;81.75;0;0;2.58;972.67
669586;25.50;82.50;0;0;1.43;972.75
669981;25.50;82.50;0;1.66;0.82;972.79
670375;25.50;82.50;0;2.83;0.43;972.83
670824;25.50;82.50;0;11.74;8.57;972.86
671223;25.50;82.50;0;9.35;46.97;972.90
671625;25.50;82.50;0;8.77;32.44;972.90
672016;25.50;82.50;0;11.62;40.13;972.94
672430;25.50;82.50;0;10.21;29.24;972.94
672742;25.50;82.50;0;6.64;21.97;972.94
673134;25.50;82.50;0;6.87;15.16;973.02
673579;25.50;82.50;0;11.70;13.51;973.29
673978;26.25;82.50;0;8.48;9.30;973.53
674377;26.25;82.50;0.78;5.80;8.16;973.68
674776;26.25;82.50;1.57;6.31;6.21;973.76
675174;26.25;82.50;1.57;3.87;4.00;973.88
675575;26.25;82.50;1.96;4.32;4.82;973.96
676023;26.25;82.50;4.71;4.63;3.09;974.04
676421;26.25;82.50;8.63;3.32;2.32;974.04
676735;26.25;82.50;12.55;2.25;3.46;974.08
677138;26.25;82.50;14.51;1.35;3.98;974.11
677536;26.25;82.50;14.51;0.76;2.29;974.11
677979;26.25;82.50;14.90;1.91;4.47;974.15
678377;26.25;82.50;14.90;2.95;2.42;974.15
678819;26.25;82.50;14.90;1.58;1.27;974.15
679209;26.25;82.50;0;2.29;0.55;974.19
679609;26.25;82.50;6.28;1.11;0.23;974.19
680005;26.25;82.50;6.28;0.55;0.02;974.19
680446;26.25;82.50;6.28;0.29;0;974.19
680808;26.25;82.50;6.28;1.58;0;974.19
681197;26.25;82.50;6.28;0.74;0;974.19
681586;26.25;82.50;3.92;2.13;0;974.19
681979;26.25;82.50;2.75;1.05;0;974.23
682374;26.25;82.50;3.14;0.55;1.46;974.31
682774;26.25;82.50;0;1.50;0.68;974.47
683223;26.25;82.50;0;4.61;6.39;974.58
683618;26.25;82.50;0;5.49;6.25;974.66
684063;26.25;82.50;0;2.85;4.80;974.86
684459;26.25;82.50;0;1.50;2.60;974.97
684771;26.25;82.50;0;0.94;1.64;975.09
685169;26.25;82.50;0;0.43;0.84;975.17
685563;26.25;83.25;0;0.20;0.37;975.21
685961;26.25;83.25;0;0;0.18;975.29
686355;26.25;83.25;0;1.86;0;975.33
686749;26.25;83.25;0;1.02;0;975.36
687139;26.25;83.25;0;0.53;0;975.36
687529;26.25;83.25;0;2.13;2.21;975.40
687925;26.25;83.25;0;1.27;1.23;975.48
688371;26.25;82.50;0;0.66;0.64;975.56
688768;26.25;82.50;0;2.05;0.31;975.68
689179;26.25;82.50;0;1.00;0.10;975.83
689575;26.25;82.50;0;0.66;0;975.95
690020;26.25;82.50;0;2.21;1.46;976.15
690415;26.25;82.50;0;3.55;1.07;976.26
690730;26.25;82.50;0;4.88;4.75;976.34
691176;26.25;82.50;0;11.58;35.54;976.46
691581;26.25;82.50;0;13.71;43.40;976.50
691976;26.25;82.50;0;11.05;35.11;976.54
692373;26.25;82.50;0;9.82;33.79;976.58
692770;26.25;82.50;0;9.39;30.39;976.61
693175;26.25;82.50;0;13.16;54.02;976.61
693571;26.25;82.50;0.39;18.85;78.41;976.73
693971;26.25;82.50;0;19.18;65.41;976.73
694366;26.25;82.50;0;13.22;46.36;976.89
694814;26.25;82.50;0;7.73;28.81;977.12
695209;26.25;82.50;0;7.27;19.86;977.24
695661;26.25;82.50;0;8.32;15.62;977.43
696156;26.25;82.50;0;7.93;12.99;977.55
696553;26.25;82.50;0;7.23;17.64;977.63
696948;26.25;82.50;0.39;10.55;12.81;977.71
697352;26.25;82.50;1.57;7.23;8.81;977.75
697750;26.25;82.50;2.35;4.92;6.05;977.79
698159;26.25;82.50;2.35;3.36;4.12;977.83
698556;26.25;82.50;2.35;4.49;2.79;977.83
698948;26.25;82.50;2.75;3.05;3.77;977.86
699350;26.25;82.50;6.67;1.70;2.29;977.86
699799;26.25;82.50;6.28;1.05;1.35;977.86
700193;26.25;82.50;5.49;2.81;2.46;977.86
700588;26.25;82.50;6.28;3.50;1.45;977.90
700992;26.25;82.50;10.20;1.99;0.78;977.90
701393;26.25;82.50;10.20;4.53;0.37;977.90
701784;26.25;82.50;14.51;2.89;4.08;977.90
702177;26.25;82.50;14.90;1.35;4.18;977.98
702575;26.25;82.50;14.90;0.59;2.03;977.94
702970;26.25;82.50;0;1.66;0.88;978.06
703420;26.25;82.50;6.28;0.72;0.35;978.02
703738;26.25;83.25;7.45;0.33;0.12;977.98
704142;26.25;83.25;8.24;0.10;1.27;977.98
704588;26.25;83.25;9.02;0;2.27;978.06
704985;26.25;83.25;8.24;0;1.27;978.10
705381;26.25;83.25;0;0;0.55;978.14
705776;26.25;83.25;0.39;0;0.18;978.10
706172;26.25;83.25;0.39;0;1.68;978.06
706563;26.25;83.25;0.39;0;2.48;978.18
707004;26.25;83.25;0.39;0;2.71;978.33
707395;26.25;83.25;0.39;0;1.43;978.53
707787;26.25;83.25;0.39;2.09;0.70;978.68
708188;26.25;82.50;0.39;1.07;0.31;978.72
708585;26.25;82.50;0.39;0.53;0.10;978.80
708981;26.25;82.50;1.18;0.29;0;978.88
709431;26.25;82.50;1.96;0.08;0;978.80
709747;26.25;82.50;3.53;1.76;0;978.88
710194;26.25;82.50;4.31;0.78;0;978.96
710587;26.25;82.50;4.31;0.33;1.31;979.00
711034;26.25;82.50;4.31;0.12;0.61;979.04
711428;26.25;82.50;4.71;1.50;0.27;979.08
711829;26.25;82.50;3.14;0.76;1.60;979.08
712224;26.25;82.50;5.88;2.13;0.82;979.11
712626;26.25;82.50;7.45;1.05;0.33;979.11
713036;26.25;82.50;12.94;0.47;0.10;979.11
713440;26.25;82.50;2.35;0.23;0;979.11
713752;26.25;82.50;0;1.35;0;979.15
714198;26.25;82.50;0;0.51;0;979.23
714589;26.25;82.50;0;0.25;0;979.43
715031;26.25;82.50;0;2.09;0;979.35
715422;26.25;82.50;0;1.07;0;979.47
715815;26.25;82.50;0;0.49;1.31;979.47
716207;26.25;82.50;1.57;0.21;0.61;979.54
716604;26.25;82.50;2.35;0;0.27;979.62
717052;26.25;82.50;2.75;0;1.45;979.74
717447;26.25;82.50;2.35;0;0.84;979.78
717812;26.25;82.50;0;1.31;0.31;979.97
718211;26.25;82.50;0;2.27;0.10;980.05
718608;26.25;82.50;0;2.89;1.35;980.13
719002;26.25;81.75;0;1.62;0.70;980.21
719400;26.25;81.75;0;0.82;0.33;980.25
719794;26.25;81.75;0;0.39;0.14;980.29
720191;26.25;81.75;0;0.23;0;980.33
720586;26.25;81.75;0;0.02;1.39;980.33
720978;27.00;81.75;0;2.21;0.72;980.36
721375;27.00;81.75;0;1.23;1.80;980.36
721817;27.00;81.75;0;0.57;0.88;980.44
722212;27.00;81.75;0;0.29;0.47;980.44
722653;27.00;81.75;0;0.12;0.23;980.68
723050;27.00;81.75;0;0;0.06;980.75
723494;27.00;81.75;0;0;1.76;980.83
723805;27.00;81.75;0;1.56;1.02;980.79
724199;27.00;81.75;0;4.12;38.44;980.83
724649;27.00;81.75;8.24;5.14;25.17;980.95
725098;27.00;81.75;0;7.30;25.68;981.11
725496;27.00;81.75;0;4.98;24.55;981.18
725815;27.00;81.75;1.18;2.87;15.21;981.30
726214;27.00;81.75;1.57;1.70;9.39;981.38
726665;27.00;81.75;1.96;3.22;5.49;981.42
727063;27.00;81.75;1.96;1.80;3.18;981.46
727458;27.00;81.75;1.96;1.19;4.04;981.50
727773;27.00;81.75;1.96;0.62;2.30;981.54
728219;27.00;81.75;1.96;2.48;1.11;981.54
728611;27.00;81.75;1.57;5.31;3.95;981.58
729060;27.00;81.75;0;7.01;5.61;981.58
729506;27.00;81.75;0;5.80;6.54;981.65
729871;27.00;81.75;0.39;3.55;3.77;981.65
730265;27.00;81.75;0.39;1.80;3.38;981.73
730711;27.00;81.75;0.78;2.89;2.03;981.81
731111;27.00;81.75;1.18;1.72;1.11;981.77
731509;27.00;81.75;1.18;1.11;0.70;981.89
731823;27.00;81.75;1.18;0.59;0.33;981.93
732270;27.00;81.75;1.18;0.27;1.86;981.93
732661;27.00;81.75;1.18;0.10;1.02;982.00
733060;27.00;81.75;1.57;0;0.53;982.08
733460;27.00;81.75;1.18;0;0.31;982.08
733786;27.00;81.75;1.96;1.39;0.08;982.32
734287;27.00;81.75;1.96;0.72;0;982.43
734682;27.00;81.75;1.96;1.80;1.56;982.55
735078;27.00;81.75;2.75;0.94;0.84;982.63
735476;27.00;81.75;3.53;0.47;0.37;982.67
735806;27.00;81.75;4.31;0.20;0.16;982.71
736208;27.00;81.75;4.31;1.64;2.09;982.75
736656;27.00;81.75;0;2.58;1.07;982.79
737053;27.00;81.75;1.57;1.62;0.61;982.79
737448;27.00;81.75;1.57;0.88;0.29;982.83
737843;27.00;81.75;1.57;0.43;0.12;982.83
738235;27.00;81.75;0.39;3.53;3.93;982.83
738633;27.00;81.75;0;3.46;3.75;982.86
739033;27.00;81.75;0;1.95;2.15;982.86
739475;27.00;81.75;0;1.21;1.43;982.86
739837;27.00;81.75;0;2.44;4.63;983.10
740233;27.00;81.75;0;1.35;2.81;983.02
740680;27.00;81.75;0;0.70;1.60;983.14
741074;27.00;81.75;0.78;1.76;0.76;983.29
741573;27.00;81.75;1.57;1.15;2.70;983.37
741894;27.00;81.75;1.57;2.05;1.50;983.41
742289;27.00;81.75;1.57;1.19;2.71;983.57
742685;27.00;81.75;1.18;0.62;1.60;983.65
743086;27.00;81.75;0.78;0.29;0.88;983.76
743535;27.00;81.75;0.39;0.12;0.43;983.84
743852;27.00;81.75;0;0;0.21;983.92
744250;27.00;81.75;0;0;0.02;983.96
744642;27.00;81.75;0;0;0;984.00
745033;27.00;81.75;0;1.86;0;984.04
745475;27.00;81.75;0;1.23;0;984.04
745783;27.00;81.75;0;0.68;0;984.08
746175;27.00;81.75;0;2.07;0;984.08
746562;27.00;81.75;0;3.46;0;984.08
746870;27.00;81.75;0;2.07;0;984.08
747257;27.00;81.75;0;7.23;1.56;984.11
747703;27.00;81.75;0;6.64;9.77;984.11
748095;27.00;81.75;0;44.65;13.81;984.11
748547;27.00;81.75;0;32.50;11.50;984.11
748860;27.00;81.75;0;73.35;12.46;984.19
749254;27.00;81.75;0;69.45;14.63;984.23
749699;27.00;81.75;0;87.16;13.20;984.31
750094;27.00;81.75;0;99.45;13.01;984.47
750490;27.00;81.75;0;97.44;43.84;984.66
750805;27.00;81.75;0;106.67;80.48;984.82
751206;27.00;81.75;0;120.68;97.47;984.93
751600;27.00;81.75;0;167.18;136.65;985.01
752052;27.00;81.75;0;213.09;198.64;985.09
752447;27.00;81.75;0;248.36;211.22;985.17
752849;27.00;81.75;0;251.51;240.51;985.21
753297;27.00;81.75;4.71;253.01;215.98;985.25
753695;27.00;81.75;5.10;225.59;164.07;985.25
754094;27.00;81.75;5.10;147.98;107.61;985.29
754590;27.00;81.75;5.10;102.32;74.37;985.29
754901;27.00;81.75;6.28;78.61;57.11;985.29
755295;27.00;81.75;12.55;54.31;39.43;985.29
755746;27.00;81.75;13.33;32.01;23.20;985.33
756146;27.00;81.75;13.73;19.86;15.92;985.33
756541;27.00;81.75;13.73;13.69;10.96;985.33
756850;27.00;81.75;13.73;7.99;6.41;985.33
757342;27.00;81.75;13.33;7.25;3.14;985.33
757737;27.00;81.75;12.94;3.96;3.30;985.33
758181;27.00;81.75;12.94;2.15;1.68;985.33
758574;27.00;81.75;12.94;1.27;4.88;985.33
758885;27.00;82.50;10.59;0.55;3.83;985.33
759281;27.00;82.50;10.59;1.72;1.82;985.33
759672;26.25;82.50;10.59;0.76;2.42;985.33
760067;26.25;82.50;6.67;0.31;3.24;985.33
760512;26.25;82.50;5.88;0.06;2.93;985.33
760826;26.25;82.50;5.88;0;1.46;985.33
761220;26.25;82.50;5.88;0;0.68;985.33
761610;26.25;82.50;5.88;2.09;0.31;985.33
762003;26.25;82.50;5.88;1.31;2.25;985.33
762444;26.25;82.50;5.88;0.53;1.00;985.33
762837;26.25;82.50;5.88;0.23;2.40;985.33
763230;26.25;82.50;5.88;2.15;1.35;985.33
763626;26.25;82.50;5.88;3.07;0.66;985.33
764016;26.25;82.50;5.88;3.24;0.31;985.25
764412;26.25;82.50;11.37;1.72;0.10;985.17
764815;26.25;82.50;18.04;2.83;0;985.21
765315;26.25;82.50;24.71;2.99;1.07;985.25
765764;26.25;82.50;31.77;1.50;0.49;985.21
766161;26.25;82.50;35.69;1.91;0.18;985.09
766560;26.25;82.50;36.08;1.05;2.11;984.97
766880;26.25;83.25;36.08;0.39;0.86;984.86
767329;26.25;83.25;37.26;0;0.23;984.74
767727;26.25;83.25;0;0;0;984.66
768122;26.25;83.25;24.71;0;1.76;984.54
768522;26.25;83.25;26.28;0;0.96;984.47
768838;26.25;83.25;26.28;0;0.35;984.39
769229;26.25;83.25;24.32;1.66;0.10;984.35
769678;26.25;83.25;25.10;0.72;1.66;984.31
770077;26.25;83.25;27.85;0.27;0.68;984.04
770478;26.25;83.25;14.12;0;0.25;983.84
770936;26.25;83.25;10.98;0;1.80;983.61
771332;26.25;83.25;7.45;3.26;0.88;983.61
771725;26.25;83.25;4.31;1.64;0.35;983.45
772174;26.25;83.25;0.39;2.89;0.14;983.29
772624;26.25;83.25;0;1.27;0;983.18
773023;26.25;83.25;0;2.73;0;983.10
773417;26.25;83.25;0;1.52;0;983.06
773808;26.25;83.25;0;4.96;1.86;983.02
774254;26.25;83.25;0;2.54;0.96;982.98
774650;26.25;83.25;0;5.21;3.98;982.98
775092;26.25;83.25;0;4.88;2.42;982.94
775489;26.25;83.25;4.31;2.97;3.24;982.94
775854;26.25;83.25;4.31;4.00;3.65;982.94
776247;26.25;83.25;4.71;4.06;3.36;982.94
776641;26.25;83.25;4.71;2.17;3.81;982.90
777136;26.25;83.25;0;1.00;3.71;982.90
777531;27.00;83.25;1.18;2.48;2.52;982.90
777849;27.00;83.25;3.14;1.46;1.60;982.90
778243;27.00;83.25;5.10;0.90;0.94;982.86
778657;27.00;83.25;5.10;0.53;0.55;982.86
779099;27.00;83.25;5.10;0.27;1.91;982.79
779496;27.00;83.25;5.10;0.12;1.11;982.71
779890;27.00;83.25;5.10;0;0.66;982.67
780286;27.00;83.25;4.71;2.21;0.33;982.59
780684;27.00;83.25;5.49;1.31;2.40;982.51
781085;27.00;83.25;5.49;3.01;1.43;982.43
781531;27.00;83.25;0;1.80;2.87;982.47
781850;27.00;83.25;0;3.03;14.45;982.43
782303;27.00;83.25;0;39.24;38.02;982.24
782708;27.00;83.25;0;77.07;38.65;982.20
783154;27.00;83.25;0.39;81.21;116.24;982.08
783562;27.00;83.25;0.39;59.16;120.52;982.00
783929;27.00;83.25;0.39;36.76;74.96;981.97
784325;27.00;83.25;0.39;25.35;51.77;981.89
784771;27.00;83.25;0.39;17.48;35.74;981.85
785167;27.00;83.25;0;12.67;24.65;981.81
785614;27.00;83.25;0;8.71;16.97;981.77
785929;27.00;84.00;0;8.20;12.30;981.73
786327;27.00;84.00;0;14.82;29.90;981.81
786729;27.00;84.00;0;14.43;120.81;981.77
787128;27.00;84.00;0;50.35;119.35;981.73
787523;27.00;84.00;0;52.59;102.94;981.73
787916;27.00;84.00;0;45.90;117.04;981.77
788312;27.00;84.00;0.78;43.69;119.02;981.77
788710;27.00;84.00;2.35;84.39;178.58;981.73
789108;27.00;84.00;2.35;117.34;209.07;981.69
789509;27.00;84.00;2.75;125.73;234.24;981.69
789911;27.00;84.00;2.75;163.52;239.28;981.77
790358;27.00;84.00;2.75;140.69;183.62;981.73
790754;27.00;84.00;2.75;118.51;165.24;981.81
791200;27.00;84.00;3.53;145.85;186.90;981.77
791600;27.00;84.00;4.31;143.02;189.48;981.89
791917;27.00;84.00;3.92;125.13;187.80;981.89
792312;27.00;84.00;0;139.17;234.15;981.93
792713;27.00;84.00;0;139.46;202.86;982.08
793112;27.00;84.00;0;164.81;214.65;982.24
793514;27.00;84.00;0;170.58;232.90;982.32
793960;27.00;84.00;0;227.84;255.12;982.43
794357;27.00;84.00;0;256.06;271.96;982.51
794804;27.00;84.00;0;258.60;297.87;982.63
795200;27.00;84.00;0;298.26;299.34;982.67
795645;27.00;84.00;0;305.00;313.55;982.67
796041;27.00;84.00;0;305.82;276.86;982.71
796437;27.00;84.00;0;286.52;277.99;982.75
796832;27.00;84.00;0;313.81;206.67;982.79
797229;27.00;84.00;0;286.66;192.92;982.79
797622;27.00;84.00;1.57;294.18;201.92;982.83
797942;27.00;84.00;0;253.62;177.78;982.83
798338;27.00;84.00;0;243.79;153.96;982.83
798728;27.00;84.00;0;277.81;151.06;982.83
799170;27.00;84.00;0;257.91;129.72;982.86
799565;27.00;84.00;4.71;294.20;149.80;982.86
799929;27.00;84.00;0;284.57;187.41;982.86
800375;27.00;84.00;1.18;297.97;178.68;982.86
800770;27.00;84.00;3.92;320.25;209.52;982.86
801167;27.00;84.00;3.92;313.57;240.59;982.86
801561;27.00;84.00;2.75;277.97;227.06;982.86
801877;27.00;84.00;3.14;251.14;180.93;982.86
802272;27.00;83.25;3.14;247.19;181.94;982.86
802667;27.00;83.25;3.53;138.43;107.36;982.94
803068;27.00;83.25;4.31;77.48;60.09;982.90
803518;27.00;83.25;4.71;43.32;31.83;982.90
803912;27.00;83.25;4.71;22.95;17.75;982.98
804360;27.00;83.25;0;10.29;7.97;983.06
804758;27.00;83.25;0;13.61;9.35;983.10
805152;27.00;83.25;2.35;12.99;11.05;983.18
805559;27.00;83.25;3.53;10.82;7.58;983.25
805877;27.00;82.50;3.92;8.91;4.41;983.41
806330;27.00;82.50;3.92;5.82;5.76;983.61
806725;27.00;82.50;3.92;3.36;4.77;983.65
807121;27.00;82.50;3.92;2.15;3.07;983.68
807517;27.00;82.50;3.53;1.11;1.72;983.76
807916;27.00;82.50;3.53;0.55;0.88;983.84
808310;27.00;82.50;3.53;0.23;0.39;983.92
808755;27.00;82.50;3.53;0;1.27;984.00
809150;27.00;82.50;3.92;0;0.59;984.00
809543;27.00;82.50;4.31;0;1.52;984.04
809938;27.00;82.50;0.39;0;0.82;984.04
810381;27.00;81.75;3.14;0;0.39;984.08
810781;27.00;81.75;3.14;1.56;0.18;984.08
811224;27.00;81.75;3.14;2.79;1.86;984.08
811615;27.00;81.75;3.14;1.87;1.15;984.11
811930;27.00;81.75;3.14;2.58;0.61;984.11
812320;27.00;81.75;2.75;1.62;0.33;984.11
812713;27.00;81.75;0;0.88;0.14;984.11
813108;27.00;81.75;0;0.43;0;984.11
813498;27.00;81.75;0;1.62;0;984.11
813935;27.00;81.75;0;2.07;1.39;984.11
814327;27.00;81.75;0;1.13;0.78;984.15
814724;27.00;81.75;0;0.72;0.45;984.15
815163;27.00;81.75;0;0.33;1.70;984.15
815555;27.00;81.75;0;2.38;2.52;984.15
815947;27.00;81.75;0;5.86;3.83;984.31
816393;27.00;81.75;0;16.19;54.82;984.35
816802;27.00;81.75;0;13.98;41.56;984.35
817193;27.00;81.75;0;8.18;24.45;984.31
817689;27.00;81.75;0;5.29;16.87;984.35
818084;27.00;81.75;0;3.40;12.99;984.58
818530;27.00;81.75;0;2.03;7.58;984.78
818929;27.00;81.75;0;3.50;6.91;984.93
819324;27.00;81.75;0;4.30;6.97;985.01
819717;27.00;81.75;0;10.62;6.99;985.09
820167;27.00;81.75;0;8.55;17.91;985.17
820566;27.00;81.75;0;13.77;18.73;985.21
820967;27.00;81.75;0;14.43;19.14;985.21
821411;27.00;81.75;0;43.79;31.01;985.25
821805;27.00;81.75;0;49.92;65.58;985.29
822252;27.00;81.75;0;144.58;112.06;985.29
822657;27.00;81.75;0;204.42;163.13;985.29
823034;27.00;81.75;0;191.78;142.86;985.29
823428;27.00;81.75;0;192.21;125.73;985.33
823825;27.00;81.75;0;231.41;144.23;985.33
824271;27.00;81.75;0;212.47;143.12;985.33
824664;27.00;81.75;0;208.44;140.87;985.33
824975;27.00;81.75;0;214.11;160.95;985.33
825467;27.00;81.75;0;148.62;106.11;985.33
825861;27.00;81.75;0;114.72;87.08;985.33
826254;27.00;81.75;0;102.57;84.66;985.33
826644;27.00;81.75;1.18;78.78;73.02;985.40
826962;27.00;82.50;1.96;57.40;50.47;985.48
827364;27.00;82.50;2.35;39.65;36.74;985.44
827763;27.00;82.50;3.53;29.61;25.33;985.56
828162;27.00;82.50;3.92;20.45;19.37;985.60
828560;27.00;82.50;3.92;14.08;12.66;985.75
828957;27.00;82.50;3.92;9.18;8.69;985.72
829353;27.00;82.50;3.92;11.37;5.35;985.95
829757;27.00;82.50;3.92;7.01;5.66;986.11
830203;27.00;82.50;3.92;4.53;3.46;986.15
830598;27.00;82.50;3.92;3.07;4.04;986.22
830913;27.00;82.50;0;3.61;2.44;986.15
831310;27.00;82.50;0;2.30;1.43;986.26
831704;27.00;82.50;0;1.35;2.68;986.34
832105;27.00;82.50;0;0.70;1.60;986.38
832500;27.00;82.50;0;0.35;0.94;986.38
832978;27.00;82.50;0;0.12;0.39;986.42
833377;27.00;82.50;0;0;2.42;986.46
833822;27.00;82.50;0.39;0;1.43;986.50
834218;27.00;82.50;0.39;0;2.68;986.50
834605;27.00;82.50;1.18;0;1.89;986.54
834920;27.00;82.50;1.96;0;1.11;986.54
835362;27.00;82.50;3.14;3.12;0.51;986.54
835759;27.00;82.50;5.10;1.87;0.23;986.54
836204;27.00;82.50;8.63;2.93;0.06;986.58
836604;27.00;82.50;10.98;1.86;0;986.58
836923;27.00;82.50;3.14;1.02;0;986.58
837316;27.00;82.50;3.92;0.57;0;986.58
837707;27.00;82.50;3.92;0.23;0;986.58
838145;27.00;82.50;3.92;0.04;0;986.58
838535;27.00;82.50;3.92;0;0;986.58
838923;27.00;82.50;3.92;2.09;0;986.58
839312;27.00;82.50;3.92;1.15;2.09;986.65
839708;27.00;82.50;3.92;0.57;3.05;986.61
840105;27.00;82.50;3.14;2.36;1.60;986.85
840502;27.00;82.50;0;1.33;2.44;986.81
840900;27.00;82.50;0;2.56;2.68;986.81
841341;27.00;82.50;0;4.63;1.27;986.97
841787;27.00;82.50;0;2.81;0.62;986.97
842177;27.00;82.50;0;1.50;2.17;987.04
842573;27.00;82.50;0.78;0.82;1.19;987.16
842971;27.00;82.50;1.18;0.39;0.62;987.24
843420;27.00;82.50;1.57;0.18;0.29;987.40
843818;27.00;82.50;2.35;0;0.10;987.47
844220;27.00;82.50;3.14;0;0;987.55
844613;27.00;82.50;3.53;0;0;987.63
844975;27.00;82.50;3.53;0;0;987.67
845364;27.00;82.50;3.53;0;0;987.71
845752;27.00;82.50;3.53;0;0;987.75
846138;27.00;82.50;3.53;1.86;1.56;987.75
846529;27.00;82.50;3.53;1.15;1.02;987.79
846923;27.00;82.50;3.14;0.61;2.11;987.79
847319;27.00;82.50;2.35;1.87;1.17;987.79
847713;27.00;82.50;0.78;1.04;2.19;987.79
848108;27.00;82.50;0.78;0.51;1.21;987.83
848503;27.00;82.50;0;0.23;0.64;987.83
848899;27.00;81.75;0;0.04;0.31;987.83
849295;27.00;81.75;0;0;2.34;987.90
849692;27.00;81.75;0;3.89;3.36;987.94
850007;27.00;81.75;0;2.21;1.91;987.94
850398;27.00;81.75;0;1.23;1.05;987.98
850845;27.00;81.75;0;0.57;1.91;988.10
851246;27.00;81.75;0;0.27;2.83;988.10
851638;27.00;81.75;0;0.14;1.89;988.14
851953;27.00;81.75;0.39;1.70;1.19;988.22
852403;27.00;81.75;0.78;1.00;0.62;988.22
852797;27.00;81.75;0.78;0.55;2.03;988.33
853192;27.00;81.75;0.39;0.25;3.42;988.45
853593;27.00;81.75;0.39;0.08;2.05;988.57
853987;27.75;81.75;0.39;0;1.11;988.68
854384;27.75;81.75;0.78;0;0.62;988.76
854777;27.75;81.75;1.57;0;0.31;988.76
855169;27.75;81.75;0.39;0;7.07;988.84
855563;27.75;81.75;3.92;0;5.12;988.88
855929;27.75;81.75;4.31;0;3.28;988.92
856327;27.75;81.75;3.92;1.76;1.97;988.92
856723;27.75;81.75;3.53;3.24;1.15;988.96
857122;27.75;81.75;3.53;1.93;0.64;989.00
857517;27.75;81.75;3.53;1.11;0.33;989.00
857910;27.75;81.75;3.14;0.62;1.86;989.00
858304;27.75;81.75;2.75;1.93;0.96;989.00
858755;27.75;81.75;2.75;2.68;0.49;989.04
859201;27.75;81.75;2.35;1.50;0.25;989.08
859602;27.75;81.75;2.35;0.88;0.06;989.08
859993;27.75;81.75;1.96;0.43;0;989.15
860393;27.75;81.75;1.96;1.89;0;989.15
860781;27.75;81.75;1.96;1.05;1.66;989.35
861227;27.75;81.75;1.96;0.59;0.90;989.43
861622;27.75;81.75;1.57;0.33;0.57;989.50
861942;27.75;81.75;0;0.16;0.29;989.62
862339;27.75;81.75;0;0;0.12;989.70
862733;27.75;81.75;0;0;0;989.78
863125;27.75;81.75;0;0;1.86;989.90
863517;27.75;81.75;0;0;1.07;989.93
863907;27.75;81.75;0;0;2.64;990.01
864298;27.75;81.75;0;3.96;8.14;990.09
864694;27.75;81.75;0;2.85;6.19;990.13
865010;27.75;81.75;0.39;4.14;8.22;990.17
865459;27.75;81.75;3.14;9.12;11.85;990.21
865866;27.75;81.75;3.14;5.61;7.30;990.21
866257;27.75;81.75;3.14;3.61;4.45;990.25
866655;27.75;81.75;2.75;2.44;3.20;990.25
866968;27.75;81.75;0;3.53;4.04;990.25
867378;27.75;81.75;0;2.13;2.58;990.25
867769;27.75;81.75;0;3.34;1.52;990.29
868163;27.75;81.75;4.71;6.25;4.53;990.29
868610;27.75;81.75;14.12;3.83;2.89;990.29
869008;27.75;82.50;28.63;4.02;1.72;990.36
869461;27.75;82.50;38.83;2.15;0.82;990.33
869911;27.75;82.50;45.50;1.19;2.15;990.40
870309;27.75;82.50;46.28;1.95;1.11;990.44
870710;27.75;82.50;46.28;1.02;2.03;990.44
871072;27.75;82.50;45.89;0.45;1.00;990.40
871523;27.00;82.50;44.32;0.16;1.86;990.36
871925;27.00;82.50;10.98;0;2.29;990.36
872320;27.00;82.50;0;0;5.04;990.36
872712;27.00;82.50;10.98;0;3.07;990.36
873082;27.00;82.50;11.77;0;1.35;990.33
873477;27.00;82.50;5.10;0;0.70;990.33
873920;27.00;82.50;1.18;1.31;0.29;990.33
874316;27.00;82.50;3.14;0.64;1.89;990.33
874711;27.00;82.50;3.14;0.35;3.30;990.44
875024;27.00;82.50;3.53;0.14;1.78;990.40
875422;27.00;82.50;3.92;0;2.87;990.36
875822;27.00;82.50;4.31;0;3.14;990.36
876214;27.00;82.50;3.92;0;1.80;990.36
876604;27.00;82.50;3.92;0;0.94;990.40
877046;27.00;82.50;6.67;2.21;0.47;990.40
877441;27.00;82.50;7.06;1.15;0.21;990.36
877839;27.00;82.50;6.67;0.61;0;990.36
878234;27.00;82.50;6.67;0.27;0;990.36
878621;27.00;82.50;4.71;0.08;1.56;990.36
879016;27.00;82.50;0.39;0;0.84;990.33
879413;27.00;82.50;0;1.86;0.37;990.33
879861;27.00;82.50;0;0.84;0.14;990.64
880257;27.00;82.50;4.31;0.41;0;990.64
880652;27.00;82.50;4.31;0.25;0;990.56
880962;27.00;82.50;4.31;3.42;1.66;990.56
881358;27.00;82.50;2.35;1.93;0.90;990.60
881754;27.00;83.25;1.96;1.27;0.53;990.56
882077;27.00;83.25;1.96;2.56;0.27;990.72
882472;27.00;83.25;0;2.89;0.08;990.75
882919;27.00;83.25;0;1.72;0;990.83
883313;27.00;83.25;0;17.05;2.09;990.91
883713;27.00;83.25;0;49.04;5.10;990.87
884029;27.00;83.25;0;38.32;7.73;990.95
884423;27.00;83.25;0;25.78;7.83;990.99
884818;27.00;83.25;0;16.00;5.08;991.11
885214;27.00;83.25;1.18;17.60;5.08;991.22
885610;27.00;83.25;2.35;13.10;4.69;991.30
886010;27.00;83.25;3.14;8.10;4.82;991.34
886460;27.00;83.25;7.06;4.43;2.60;991.42
886859;27.00;83.25;7.06;2.70;1.54;991.42
887252;27.00;83.25;10.98;3.30;0.90;991.46
887657;27.00;83.25;19.22;3.95;0.53;991.46
888021;27.00;83.25;29.42;2.25;0.25;991.50
888418;27.00;83.25;25.10;1.19;1.43;991.50
888875;27.00;83.25;0;0.47;2.70;991.50
889273;27.00;83.25;10.98;0.16;1.35;991.54
889677;27.00;83.25;8.24;0.02;0.82;991.54
889992;27.00;83.25;4.31;0;0.39;991.54
890387;27.00;83.25;1.96;0;0.18;991.54
890880;27.00;83.25;1.18;0;0;991.61
891275;27.00;83.25;2.75;0;0;991.58
891668;27.00;83.25;3.14;0;1.66;991.58
891978;27.00;83.25;1.18;0;0.90;991.65
892423;27.00;83.25;1.96;1.86;0.49;991.65
892817;27.00;83.25;4.31;2.79;1.89;991.61
893282;27.00;83.25;13.73;3.38;1.05;991.69
893685;27.00;83.25;17.65;2.29;2.56;991.65
894005;27.00;83.25;12.55;1.27;1.50;991.73
894406;27.00;83.25;10.20;0.66;0.82;991.81
894806;27.00;83.25;9.81;0.29;0.39;991.77
895204;27.00;83.25;9.41;0.10;0.16;991.69
895603;27.00;83.25;8.63;0;0;991.81
896001;27.00;83.25;8.24;0;0;991.77
896400;27.00;83.25;8.24;0;0;991.69
896839;27.00;83.25;5.49;0;0;991.77
897232;27.00;83.25;1.18;0;2.09;992.00
897627;27.00;83.25;0.39;0;1.07;991.97
898021;27.00;83.25;0;0;0.57;992.00
898416;27.00;83.25;0;1.86;0.25;991.97
898809;27.00;83.25;0;1.02;0.06;991.93
899255;27.00;83.25;0;0.41;0;991.93
899646;27.00;83.25;0;0.25;0;991.93
900032;27.00;83.25;0;7.01;0;992.04
900476;27.00;83.25;0;16.76;15.00;992.04
900876;27.00;83.25;0;28.28;20.14;992.20
901271;27.00;83.25;0;19.74;11.82;992.20
901663;27.00;83.25;0;12.25;14.24;992.32
902057;27.00;83.25;0;16.35;21.60;992.43
902502;27.00;83.25;4.31;11.27;27.79;992.51
902900;27.00;83.25;9.41;7.32;18.16;992.55
903300;27.00;83.25;9.41;4.47;16.09;992.59
903696;27.00;83.25;9.81;3.22;11.66;992.63
904013;27.00;83.25;23.92;3.46;6.82;992.67
904419;27.00;83.25;27.06;4.08;8.09;992.67
904814;27.00;83.25;27.45;5.70;4.41;992.71
905211;27.00;83.25;10.98;3.11;4.06;992.71
905608;27.00;83.25;0;1.56;2.17;992.71
906003;27.00;83.25;0.39;0.78;1.11;992.71
906462;27.00;83.25;3.14;0.29;0.43;992.75
906911;27.00;83.25;0;0.08;0.18;992.75
907305;27.00;83.25;0;0;0;992.75
907695;27.00;83.25;0;0;1.56;992.75
908053;27.00;83.25;0.78;0;0.78;992.75
908444;27.00;83.25;0.78;0;0.35;992.75
908832;27.00;83.25;0.78;0;0.16;992.75
909221;27.00;83.25;0.78;0;2.09;992.75
909608;27.00;83.25;0;0;1.15;992.75
909999;27.00;83.25;0;0;2.87;992.75
910438;27.00;83.25;9.41;3.28;5.25;992.83
910836;27.00;83.25;11.77;3.87;3.03;992.86
911290;27.00;83.25;19.61;3.46;1.35;992.90
911704;27.00;82.50;20.00;2.07;2.30;992.98
912025;27.00;82.50;19.61;1.02;1.11;992.90
912423;27.00;82.50;20.00;0.41;2.30;993.02
912823;27.00;82.50;21.57;0.14;1.00;993.06
913227;27.00;82.50;0;0;0.35;993.18
913626;27.00;82.50;13.73;0;0.08;993.10
914077;27.00;82.50;2.35;0;0;993.10
914470;27.00;82.50;7.06;2.09;0;993.10
914861;27.00;82.50;7.06;1.23;0;993.10
915301;27.00;82.50;7.06;0.49;3.26;993.22
915696;27.00;82.50;7.06;0.25;1.95;993.22
916008;27.00;82.50;7.06;0;3.81;993.33
916403;27.00;82.50;6.28;2.09;1.80;993.49
916803;27.00;82.50;5.49;0.96;2.99;993.61
917202;27.00;82.50;4.71;2.23;1.43;993.68
917603;27.00;82.50;4.31;1.04;0.62;993.76
918053;27.00;82.50;3.14;0.43;2.03;993.84
918453;27.00;82.50;3.14;0.14;0.94;993.88
918847;27.00;82.50;3.14;0;0.35;993.88
919239;27.00;82.50;1.96;2.09;0.10;993.92
919688;27.00;82.50;0.78;0.78;0;993.96
920086;27.00;82.50;0.78;0.31;2.09;993.96
920481;27.00;82.50;0;0.08;1.02;993.96
920876;27.00;82.50;0;1.27;0.41;993.96
921266;27.00;82.50;0;0.59;0.16;994.04
921661;27.00;82.50;0;0.31;0;994.11
922054;27.00;82.50;0;4.00;0;994.15
922444;27.00;82.50;0;2.15;0;994.19
922885;27.00;82.50;0;0.88;1.07;994.31
923280;27.00;82.50;0;0.39;0.53;994.50
923727;27.00;82.50;0;0.21;0.27;994.66
924052;27.00;82.50;0;0;1.21;994.82
924547;27.00;82.50;1.18;1.76;0.61;994.90
924945;27.00;81.75;1.57;0.78;0.21;995.01
925447;27.00;81.75;0.39;2.25;0;995.05
925845;27.00;81.75;0;3.07;1.31;995.09
926243;27.00;81.75;0;3.53;2.03;995.13
926641;27.00;81.75;0;1.89;3.16;995.13
927032;27.00;81.75;0;1.00;3.67;995.17
927426;27.00;81.75;0;0.51;2.09;995.17
927867;27.00;81.75;2.75;0.20;0.96;995.17
928263;27.00;81.75;6.67;0.04;0.61;995.29
928662;27.00;81.75;7.06;0;2.38;995.40
929064;27.00;81.75;6.67;0;1.35;995.60
929511;27.00;81.75;6.67;0;0.55;995.83
929902;27.00;81.75;7.06;0;0.25;995.99
930347;27.00;81.75;6.28;0;1.84;996.11
930743;27.00;81.75;5.88;0;1.13;996.18
931059;27.00;81.75;4.71;0;0.57;996.22
931454;27.00;81.75;0.78;1.31;0.23;996.30
931855;27.00;81.75;0;0.61;0.02;996.34
932303;27.00;81.75;0;0.21;1.76;996.38
932699;27.00;81.75;0;1.66;0.90;996.38
933060;27.00;81.75;0;0.84;0.41;996.42
933505;27.00;81.75;0;2.64;0.20;996.58
933899;27.00;81.75;0;3.38;1.60;996.69
934346;27.00;81.75;0;20.58;9.00;996.81
934747;27.00;81.75;0;15.33;5.80;996.89
935061;27.00;81.75;0;8.05;8.46;997.00
935456;27.00;81.75;0;4.18;6.50;997.12
935851;27.00;81.75;0;2.27;3.55;997.16
936247;27.00;81.75;0;1.19;3.28;997.32
936642;27.00;81.75;0;0.59;1.86;997.40
937037;27.00;81.75;2.35;0.27;1.02;997.47
937438;27.00;81.75;2.35;0.06;0.49;997.59
937833;27.00;81.75;2.35;1.86;0.21;997.71
938230;27.00;81.75;3.14;0.96;0;997.79
938630;27.00;81.75;5.10;0.45;0;997.98
939026;27.00;81.75;5.88;1.54;0;997.94
939421;27.00;81.75;5.10;0.78;1.76;998.10
939871;27.00;81.75;4.71;1.68;2.85;998.25
940269;27.00;81.75;2.75;0.86;1.50;998.41
940669;27.00;81.75;1.96;0.51;2.99;998.53
941037;27.00;81.75;0;0.21;3.71;998.61
941436;27.00;81.75;0;0;2.01;998.61
941827;27.00;81.75;0;0;1.05;998.68
942268;27.00;81.75;2.35;0;0.51;998.76
942663;27.00;81.75;0;0;0.23;998.80
943057;27.00;81.75;0;6.00;9.00;998.84
943502;27.00;81.75;0;3.26;4.67;998.84
943892;27.00;81.75;0;1.84;2.85;998.88
944286;27.00;81.75;0;2.77;1.70;998.88
944728;27.00;81.75;0;1.86;1.11;998.88
945090;27.00;81.75;0;2.50;0.51;998.88
945480;27.00;81.75;0;1.48;0.25;999.08
945873;27.00;81.75;0;3.09;1.80;999.15
946267;27.00;81.75;0;2.07;1.19;999.11
946663;27.00;81.75;0.39;1.21;0.66;999.31
947060;27.00;81.75;0.39;2.54;0.33;999.35
947458;27.00;81.75;0.39;1.50;0.16;999.54
947852;27.00;81.75;0.78;0.88;0;999.70
948253;27.00;81.75;0.78;0.43;0;999.82
948643;27.00;81.75;1.57;0.21;0;999.82
949091;27.00;81.75;1.57;1.35;0;999.93
949481;27.00;81.75;1.96;2.99;0;999.97
949876;27.00;81.75;3.14;1.70;0;1000.05
950327;27.00;81.75;3.53;0.94;2.21;1000.05
950722;27.00;81.75;3.92;0.51;1.23;1000.09
951125;27.00;81.75;3.92;0.23;0.64;1000.09
951567;27.00;81.75;3.92;0.04;0.31;1000.13
951963;27.00;81.75;3.92;0;0.12;1000.13
952353;27.00;81.75;3.92;1.15;0;1000.13
952845;27.00;81.75;3.92;2.50;0;1000.17
953238;27.00;81.75;3.53;1.33;0;1000.17
953627;27.00;81.75;3.53;0.70;0;1000.17
954016;27.00;81.75;2.35;0.33;0;1000.17
954459;27.00;81.75;0.39;0.12;0;1000.25
954859;27.00;81.75;0.39;0;0;1000.21
955252;27.00;81.75;0.39;1.86;2.09;1000.36
955647;27.00;81.75;0.39;1.02;3.46;1000.48
956043;27.00;81.75;0.39;1.99;1.95;1000.56
956455;27.00;81.75;0.78;3.40;1.07;1000.56
956855;27.00;81.75;0.78;1.91;2.83;1000.68
957251;27.00;81.75;1.18;1.11;1.60;1000.79
957649;27.00;81.75;1.18;0.62;2.64;1000.79
958039;27.00;81.75;1.18;2.30;1.58;1000.95
958433;27.00;82.50;1.96;1.35;2.44;1001.07
958834;27.00;82.50;2.35;3.11;3.34;1001.11
959158;27.00;82.50;2.75;1.86;2.01;1001.19
959558;27.00;82.50;4.31;1.07;1.19;1001.03
960007;27.00;82.50;4.31;0.53;0.59;1000.87
960404;27.00;82.50;4.31;0.25;0.29;1000.91
960848;27.00;82.50;4.31;0.14;0.16;1000.95
961163;27.00;82.50;3.92;0;3.79;1000.91
961561;27.00;82.50;3.14;0;2.29;1000.95
961963;27.00;82.50;2.35;0;1.35;1000.99
962409;27.00;82.50;0.78;3.69;0.62;1001.15
962811;27.00;82.50;0.78;2.50;2.27;1001.03
963125;27.00;82.50;0.39;3.71;1.35;1001.11
963575;27.00;82.50;0.39;4.47;2.46;1001.19
963970;27.00;82.50;0;2.71;3.18;1001.26
964372;27.00;82.50;0;1.60;2.03;1001.15
964766;27.00;82.50;0;2.79;1.19;1001.22
965131;27.00;82.50;0;3.91;0.70;1001.19
965527;27.00;82.50;0;2.50;4.53;1001.22
965923;27.00;82.50;0;14.47;81.03;1001.26
966329;27.00;82.50;0;14.06;85.76;1001.30
966774;27.00;83.25;0.39;10.96;76.38;1001.34
967146;27.00;83.25;0.39;8.01;47.46;1001.38
967643;27.00;83.25;1.18;5.49;32.77;1001.38
968037;27.00;83.25;1.96;3.75;23.65;1001.38
968432;27.00;83.25;2.75;2.40;16.31;1001.38
968827;27.00;83.25;5.88;1.80;13.85;1001.42
969147;27.00;83.25;6.28;1.00;8.55;1001.42
969643;27.00;83.25;6.28;0.62;7.52;1001.42
970037;27.00;83.25;6.28;0.31;4.88;1001.42
970481;27.00;83.25;5.49;0.12;2.81;1001.42
970876;27.00;83.25;4.71;0;1.89;1001.34
971276;27.00;83.25;4.31;0;1.11;1001.34
971673;27.00;83.25;3.14;0;0.62;1001.38
972067;27.00;83.25;3.14;0;0.31;1001.38
972454;27.00;83.25;3.14;2.21;0.14;1001.38
972895;27.00;83.25;3.14;1.07;0;1001.42
973290;27.00;83.25;3.14;0.64;1.86;1001.42
973681;27.00;83.25;1.57;0.37;3.12;1001.42
974125;27.00;83.25;1.18;0.14;5.41;1001.42
974521;27.00;83.25;1.18;0;5.02;1001.42
974961;27.00;83.25;1.18;0;4.77;1001.42
975352;27.00;84.00;1.18;8.77;5.23;1001.42
975749;27.00;84.00;1.57;95.78;77.69;1001.42
976205;27.00;84.00;1.96;144.72;146.61;1001.42
976609;27.00;84.00;2.75;162.14;159.03;1001.42
977006;27.00;84.00;3.53;167.59;172.88;1001.42
977402;27.00;84.00;3.53;180.46;165.36;1001.42
977795;27.00;84.00;3.53;178.91;152.49;1001.42
978106;27.00;84.00;3.14;235.98;158.13;1001.42
978500;27.00;84.00;1.96;215.12;137.80;1001.42
978947;27.00;84.00;1.96;228.31;208.80;1001.42
979339;27.00;84.00;1.57;284.45;254.16;1001.42
979733;27.00;84.00;1.57;293.85;291.09;1001.42
980175;27.00;83.25;0;284.34;284.98;1001.42
980572;27.00;83.25;0;148.41;160.58;1001.42
981065;27.00;83.25;0;98.31;94.74;1001.42
981459;27.00;83.25;0;57.97;64.92;1001.42
981850;27.00;83.25;0;36.03;40.35;1001.46
982214;27.00;83.25;0;22.38;25.04;1001.54
982661;27.00;83.25;0;14.63;15.51;1001.61
983056;27.00;83.25;0;9.02;9.59;1001.65
983450;27.00;83.25;0;5.51;6.21;1001.65
983841;27.00;83.25;0;3.96;4.24;1001.69
984156;27.00;83.25;0;2.40;5.00;1001.77
984553;27.00;83.25;0.39;1.50;3.05;1001.85
984951;27.00;83.25;0.39;0.88;1.91;1001.89
985345;27.00;83.25;1.18;2.73;1.11;1002.01
985744;27.00;83.25;1.18;1.62;2.89;1002.16
986141;27.00;83.25;2.35;3.22;1.72;1002.20
986539;27.00;83.25;3.53;1.91;3.07;1002.24
986938;27.00;83.25;4.31;2.83;1.82;1002.36
987336;27.00;83.25;4.71;1.80;1.05;1002.36
987733;27.00;83.25;4.71;1.00;2.81;1002.40
988177;27.00;83.25;15.69;0.55;1.60;1002.47
988582;27.00;83.25;17.26;0.25;0.88;1002.51
988980;27.00;83.25;18.04;0.04;2.34;1002.55
989378;27.75;83.25;12.16;0;1.15;1002.55
989827;27.75;83.25;11.77;0;0.57;1002.59
990143;27.75;83.25;19.22;0;0.23;1002.59
990534;27.75;83.25;22.36;0;0;1002.59
990976;27.75;83.25;12.55;0;2.09;1002.59
991368;27.75;82.50;12.16;1.39;0.96;1002.63
991775;27.75;82.50;3.92;0.61;0.35;1002.63
992168;27.75;82.50;2.75;2.01;0.10;1002.63
992563;27.75;82.50;0;0.88;3.30;1002.63
992959;27.75;82.50;0;0.33;3.38;1002.63
993365;27.75;82.50;0;0.08;1.60;1002.63
993757;27.75;82.50;0;3.26;0.76;1002.63
994148;27.75;82.50;0;1.54;0.31;1002.63
994538;27.75;82.50;3.14;0.72;0.08;1002.63
995034;27.75;82.50;26.67;0.23;0;1002.71
995437;27.75;82.50;37.26;1.72;0;1002.67
995833;27.75;82.50;42.75;0.94;0;1002.75
996149;27.75;82.50;44.32;0.33;0;1002.75
996540;27.75;82.50;43.53;1.80;0;1002.79
997038;27.75;82.50;0;0.51;0;1002.83
997435;27.75;82.50;22.36;1.86;1.31;1003.10
997838;27.75;82.50;16.08;0.96;0.68;1003.14
998158;27.75;82.50;16.08;0.35;0.25;1003.02
998605;27.75;82.50;15.69;0;1.17;1003.06
999005;27.75;81.75;16.08;1.07;0.43;1003.10
999458;27.75;81.75;20.39;0.37;1.19;1003.06
999908;27.75;81.75;4.71;1.23;0.33;1003.10
1000307;27.75;81.75;7.06;0.49;0.08;1003.22
1000757;27.75;81.75;6.28;0.18;0;1003.22
1001203;27.75;81.75;3.92;0;2.09;1003.33
1001617;27.75;81.75;3.92;0;2.60;1003.26
1002011;27.75;81.75;3.14;0;2.70;1003.41
1002406;27.75;81.75;1.57;0;1.27;1003.45
1002801;27.75;81.75;0;0;2.52;1003.45
1003162;27.75;81.75;0;1.46;1.19;1003.49
1003557;27.75;81.75;0;0.64;2.09;1003.57
1004005;27.75;81.75;0;0.21;0.84;1003.53
1004402;27.75;81.75;0;0;2.46;1003.57
1004798;27.75;81.75;0;2.09;1.29;1003.65
1005243;27.75;81.75;1.18;1.07;0.64;1003.69
1005642;27.75;81.75;5.49;2.64;0.29;1003.72
1006042;27.75;81.75;9.81;1.41;0.08;1003.69
1006442;27.75;81.75;10.20;2.66;0;1003.72
1006849;27.75;81.75;13.73;1.60;0;1003.76
1007164;27.75;81.75;19.22;2.93;0;1003.80
1007562;27.75;81.75;20.39;1.56;0;1003.80
1007953;27.75;81.75;20.79;2.29;0;1003.84
1008399;27.75;81.75;19.61;0.94;0;1003.84
1008791;27.75;81.75;17.65;0.51;0;1003.84
1009183;27.75;81.75;16.86;0.20;0;1003.88
1009579;27.75;81.75;16.86;1.64;0;1003.88
1009967;27.75;81.75;16.47;0.72;1.76;1003.88
1010364;27.75;81.75;15.69;1.84;0.78;1003.88
1010758;27.75;81.75;15.30;2.95;1.52;1003.88
1011204;27.75;81.75;15.69;1.17;0.55;1003.88
1011597;27.75;81.75;20.79;0.51;0.20;1003.88
1012043;27.00;81.75;21.18;0.16;0;1003.88
1012441;27.00;81.75;20.79;0;0;1003.88
1012831;27.00;81.75;20.39;0;0;1003.88
1013224;27.00;81.75;19.61;0;0;1003.88
1013613;27.00;81.75;19.22;0;0;1003.88
1014002;27.00;81.75;17.65;0;0;1003.88
1014400;27.00;81.75;17.26;0;0;1003.88
1014837;27.00;81.75;16.47;1.31;1.66;1003.88
1015151;27.00;81.75;11.77;2.23;2.64;1003.96
1015552;27.00;81.75;8.24;2.89;1.17;1004.00
1015950;27.00;81.75;4.31;1.27;2.58;1004.15
1016399;27.00;81.75;0;1.35;0.88;1004.08
1016797;27.00;81.75;0;0.70;0.39;1004.04
1017193;27.00;81.75;0;1.93;2.25;1004.04
1017585;27.00;81.75;0;0.88;1.00;1004.00
1018031;27.00;81.75;0;0.25;1.56;1004.04
1018428;27.00;82.50;0;0.02;0.68;1004.15
1018827;27.00;82.50;0;0;0.35;1004.19
1019192;27.00;82.50;0;0;0.12;1004.35
1019585;27.00;81.75;0;5.39;0;1004.39
1019982;27.00;81.75;0;2.75;0;1004.43
1020424;27.00;81.75;0;3.32;1.31;1004.51
1020819;27.00;81.75;0;1.80;2.27;1004.51
1021211;27.00;81.75;0;1.00;3.30;1004.54
1021657;27.00;81.75;0;0.51;1.87;1004.62
1022052;27.00;81.75;0;2.13;1.09;1004.66
1022446;27.00;81.75;0;1.35;0.62;1004.70
1022839;27.00;81.75;0;0.88;2.40;1004.78
1023204;27.00;81.75;0;15.62;11.43;1004.90
1023616;27.00;81.75;4.71;10.19;7.44;1004.94
1024013;27.00;81.75;0;12.19;10.16;1005.01
1024468;27.00;81.75;0;6.41;5.31;1005.05
1024963;27.00;81.75;0;3.71;3.07;1005.05
1025354;27.00;81.75;0;2.13;1.82;1005.09
1025749;27.00;81.75;0;3.63;10.04;1005.09
1026196;27.75;81.75;0;10.29;22.48;1005.09
1026593;27.75;81.75;0;75.37;44.41;1005.09
1027034;27.75;81.75;0;118.06;42.56;1005.13
1027436;27.75;81.75;0;129.29;49.16;1005.13
1027829;27.75;81.75;0;119.50;56.70;1005.13
1028140;27.75;81.75;0;121.34;47.54;1005.21
1028587;27.75;81.75;0;98.26;38.47;1005.17
1028981;27.75;81.75;0;75.46;31.13;1005.25
1029377;27.75;81.75;0;61.07;25.19;1005.33
1029790;27.75;81.75;4.71;49.43;20.37;1005.36
1030189;27.75;81.75;7.45;40.17;16.80;1005.44
1030638;27.75;81.75;11.77;24.94;10.39;1005.52
1031043;27.75;81.75;11.37;17.21;7.13;1005.56
1031443;27.75;81.75;11.37;13.24;4.88;1005.76
1031836;27.75;81.75;14.12;10.14;5.74;1005.87
1032155;27.75;81.75;23.92;7.81;6.86;1005.91
1032557;27.75;81.75;29.02;6.15;3.55;1005.99
1032959;27.75;81.75;35.30;4.69;1.60;1005.95
1033357;27.75;81.75;23.92;4.51;0.62;1005.91
1033757;27.75;82.50;24.32;2.17;2.01;1005.95
1034159;27.75;82.50;23.53;2.13;0.88;1005.87
1034559;27.75;82.50;30.98;0.94;1.70;1005.87
1034954;27.75;82.50;35.30;0.29;1.93;1005.72
1035354;27.75;82.50;0;0;0.70;1005.72
1035748;27.75;82.50;20.79;1.07;0.23;1005.72
1036147;27.75;82.50;23.14;0.41;0;1005.60
1036547;27.75;82.50;27.06;1.48;0;1005.64
1036992;27.00;82.50;30.20;0.59;1.97;1005.60
1037394;27.00;82.50;4.31;0.18;0.78;1005.56
1037795;27.00;82.50;10.20;1.43;0.31;1005.60
1038197;27.00;82.50;9.81;0.62;0.04;1005.56
1038594;27.00;82.50;9.41;1.39;0;1005.60
1039092;27.00;83.25;9.41;2.03;1.07;1005.48
1039504;27.00;83.25;9.41;0.88;2.56;1005.40
1039899;27.00;83.25;7.45;1.50;2.56;1005.36
1040264;27.00;83.25;7.84;0.62;1.11;1005.29
1040715;27.00;83.25;9.41;1.86;1.80;1005.33
1041114;27.00;83.25;9.02;0.78;0.76;1005.29
1041512;27.00;83.25;9.02;0.29;0.27;1005.25
1041907;27.00;83.25;9.02;0.10;0.06;1005.25
1042218;27.00;83.25;0;0;0;1005.21
1042617;27.00;83.25;5.88;0;2.09;1005.21
1043008;27.00;83.25;5.88;0;1.02;1005.21
1043397;27.00;83.25;5.88;0;0.57;1005.21
1043783;27.00;83.25;5.88;2.09;0.23;1005.17
1044229;27.00;83.25;4.71;8.73;0;1005.17
1044628;27.00;83.25;4.71;11.31;0;1005.17
1045026;27.00;83.25;4.31;8.77;0;1005.17
1045419;27.00;83.25;4.31;4.84;0;1005.17
1045808;27.00;83.25;3.14;2.48;2.75;1005.17
1046216;27.00;83.25;2.35;1.23;1.45;1005.17
1046611;27.00;83.25;0;0.61;0.72;1005.17
1047008;27.00;83.25;0;0.33;0.37;1005.17
1047400;27.00;83.25;0;0.12;0.18;1005.17
1047790;27.00;83.25;0;0;0;1005.17
1048181;27.00;83.25;0;0;1.39;1005.17
1048568;27.00;83.25;0;0;0.72;1005.17
1049005;27.00;83.25;0;2.21;0.35;1005.17
1049449;27.00;83.25;3.92;1.02;0.12;1005.17
1049844;27.00;83.25;0;0.53;0;1005.17
1050240;27.00;83.25;0;2.48;1.86;1005.17
1050632;27.00;83.25;0;1.46;3.44;1005.17
1051023;27.00;83.25;0;4.61;10.12;1005.17
1051419;27.00;83.25;3.92;3.12;12.85;1005.17
1051866;27.00;83.25;3.92;2.36;9.32;1005.17
1052227;27.00;83.25;7.06;1.33;5.76;1005.17
1052622;27.00;83.25;8.63;0.80;3.71;1005.17
1053015;27.00;83.25;17.26;0.47;2.25;1005.17
1053414;27.75;83.25;28.24;0.21;1.35;1005.17
1053812;27.75;83.25;35.69;0.02;4.08;1005.17
1054258;27.75;83.25;47.85;0;2.19;1005.17
1054654;27.75;83.25;54.52;2.75;1.02;1005.17
1055099;27.75;83.25;55.30;3.09;0.41;1005.17
1055497;27.75;83.25;55.30;3.07;1.48;1005.17
1055888;27.75;83.25;55.69;1.52;2.15;1005.25
1056206;27.75;83.25;23.53;2.54;0.82;1005.33
1056606;27.75;83.25;31.77;1.11;0.29;1005.29
1057010;27.75;83.25;32.94;2.15;0;1005.33
1057408;27.00;83.25;32.94;2.25;0;1005.36
1057804;27.00;83.25;14.90;0.88;1.02;1005.44
1058206;27.00;83.25;20.79;1.50;0.35;1005.40
1058603;27.00;83.25;28.63;0.62;0.08;1005.33
1059001;27.00;83.25;32.16;0.20;0;1005.36
1059450;27.00;83.25;34.91;1.97;0;1005.29
1059848;27.00;83.25;12.94;0.78;1.66;1005.33
1060298;27.00;83.25;17.65;0.29;2.03;1005.36
1060699;27.00;83.25;15.30;2.03;0.88;1005.40
1061097;27.00;83.25;14.90;0.88;0.29;1005.40
1061493;27.00;83.25;14.90;0.29;1.76;1005.40
1061885;27.00;83.25;13.73;0.08;0.90;1005.44
1062203;27.00;83.25;13.73;0;0.31;1005.44
1062594;27.00;83.25;13.73;0;2.03;1005.52
1062987;27.00;83.25;13.73;0;2.58;1005.52
1063425;27.00;83.25;13.73;0;3.95;1005.48
1063818;27.00;83.25;12.94;1.31;1.80;1005.48
1064213;27.00;83.25;12.55;2.03;0.94;1005.56
1064610;27.00;82.50;12.55;0.82;0.31;1005.52
1065008;27.00;82.50;12.16;0.27;0.02;1005.60
1065406;27.00;82.50;10.20;0;0;1005.48
1065807;27.00;82.50;10.20;0;0;1005.56
1066196;27.00;82.50;9.81;0;0;1005.52
1066590;27.00;82.50;9.81;0;0;1005.52
1066975;27.00;82.50;9.81;0;0;1005.52
1067279;27.00;82.50;10.20;0;0;1005.56
1067675;27.00;82.50;13.73;3.03;0;1005.56
1068117;27.00;82.50;13.73;2.42;0;1005.60
1068509;27.00;82.50;13.73;1.27;1.97;1005.60
1068898;27.00;82.50;12.94;0.62;1.02;1005.56
1069214;27.00;82.50;13.33;1.27;0.29;1005.60
1069715;27.00;82.50;16.08;2.48;1.43;1005.64
1070113;27.00;82.50;16.08;1.02;1.91;1005.68
1070510;27.00;82.50;14.51;0.35;0.76;1005.68
1070909;27.00;82.50;14.51;0.06;0.25;1005.72
1071224;27.00;82.50;14.12;0;0;1005.72
1071669;27.00;82.50;12.94;0;0;1005.60
1072064;27.00;82.50;11.37;1.97;1.31;1005.64
1072513;27.00;82.50;11.77;0.78;1.87;1005.64
1072907;27.00;82.50;14.12;0.27;0.74;1005.68
1073225;27.00;82.50;14.51;0;0.25;1005.68
1073670;27.00;82.50;14.12;0;0;1005.72
1074065;27.00;82.50;13.73;0;0;1005.72
1074504;27.00;82.50;13.33;1.02;1.66;1005.72
1074951;27.00;82.50;13.33;1.48;0.61;1005.72
1075262;27.00;81.75;12.16;1.93;2.19;1005.68
1075664;27.00;81.75;10.59;2.29;0.90;1005.68
1076057;27.00;81.75;9.81;0.94;0.31;1005.68
1076452;27.00;81.75;9.02;0.31;0.02;1005.72
1076850;27.00;81.75;8.63;0.02;0;1005.72
1077248;27.00;81.75;8.63;0;0;1005.72
1077635;27.00;81.75;12.16;1.02;0;1005.72
1078033;27.00;81.75;12.16;0.37;0;1005.87
1078475;27.00;81.75;12.16;0.08;1.02;1005.99
1078871;27.00;81.75;12.16;0;0.37;1005.99
1079261;27.00;81.75;12.16;1.02;0.08;1006.03
1079707;27.00;81.75;12.16;0.37;1.31;1006.03
1080098;27.00;81.75;12.55;1.80;1.60;1005.95
1080496;27.00;81.75;14.90;2.11;2.62;1006.07
1080946;27.00;81.75;14.90;0.86;2.87;1006.07
1081256;27.00;81.75;14.90;1.43;2.89;1006.11
1081650;27.00;81.75;13.73;1.68;1.19;1006.19
1082103;27.00;81.75;15.30;0.66;0.43;1006.38
1082502;27.00;81.75;18.43;0.21;0.10;1006.34
1082902;27.00;81.75;17.26;0;0;1006.42
1083218;27.00;81.75;14.90;0;0;1006.42
1083657;27.00;81.75;14.51;1.02;0;1006.58
1084052;27.00;81.75;13.33;0.35;1.97;1006.50
1084451;27.00;81.75;11.77;0.06;0.78;1006.34
1084901;27.00;81.75;9.81;0;0.35;1006.34
1085216;27.00;81.75;9.81;1.97;1.45;1006.34
1085607;27.00;81.75;9.81;0.78;0.57;1006.50
1086000;27.00;81.75;9.41;2.36;0.25;1006.46
1086320;27.00;81.75;9.81;1.04;1.41;1006.54
1086718;27.00;81.75;9.41;2.09;1.66;1006.58
1087120;27.00;81.75;12.94;2.23;0.68;1006.61
1087525;27.00;81.75;14.12;1.70;0.16;1006.61
1087920;27.00;81.75;15.30;0.88;0;1006.58
1088241;27.00;81.75;15.69;1.70;0;1006.65
1088686;27.00;81.75;14.90;0.66;0;1006.61
1089084;27.00;81.75;13.33;0.21;0;1006.61
1089476;27.00;81.75;12.16;0;0;1006.61
1089829;27.00;81.75;15.69;0;0;1006.65
1090221;27.00;81.75;17.65;1.66;0;1006.58
1090682;27.00;81.75;17.26;0.49;0;1006.73
1091128;27.00;81.75;15.69;2.07;1.31;1006.65
1091528;27.00;81.75;13.33;2.85;1.87;1006.58
1091926;27.00;81.75;12.94;1.50;2.70;1006.61
1092296;27.00;81.75;12.94;1.70;2.83;1006.73
1092691;27.00;81.75;17.26;1.80;2.89;1006.77
1093141;27.00;81.75;16.86;1.43;0.94;1006.81
1093592;27.00;81.75;16.08;0.55;0.31;1006.85
1093991;27.00;81.75;14.90;0.23;0.08;1006.77
1094311;27.00;82.50;13.73;0;0;1006.81
1094761;27.00;82.50;11.37;1.31;0;1006.81
1095254;27.00;82.50;11.37;0.35;0;1006.85
1095649;27.00;82.50;11.37;0.06;0;1006.85
1096038;27.00;82.50;11.37;1.56;1.02;1006.89
1096433;27.00;82.50;11.37;0.64;0.35;1006.93
1096833;27.00;82.50;11.37;2.21;0.06;1006.89
1097227;27.00;82.50;11.37;0.90;0;1006.97
1097675;27.00;82.50;10.98;0.31;1.66;1006.97
1098068;27.00;82.50;14.90;1.17;2.36;1006.89
1098466;27.00;82.50;11.77;1.52;2.70;1006.93
1098865;27.00;82.50;11.77;1.70;1.11;1007.08
1099262;27.00;82.50;13.33;0.66;0.35;1007.16
1099666;27.00;82.50;13.73;0.21;0.06;1007.12
1100117;27.00;82.50;13.33;0;0;1007.16
1100515;27.00;82.50;12.55;0;0;1007.16
1100952;27.00;82.50;11.37;1.66;0;1007.20
1101266;27.00;82.50;8.63;0.61;0;1007.32
1101664;27.00;82.50;8.63;0.20;0;1007.32
1102051;27.00;82.50;8.63;0;0;1007.47
1102443;27.00;82.50;8.63;0;0;1007.44
1102833;27.00;82.50;9.02;1.66;1.02;1007.40
1103282;27.00;82.50;12.16;0.64;2.38;1007.51
1103687;27.00;82.50;12.16;0.21;2.73;1007.55
1104082;27.00;82.50;12.55;3.12;1.11;1007.55
1104476;27.00;82.50;12.55;1.41;0.39;1007.63
1104873;27.00;82.50;12.55;0.55;1.19;1007.71
1105268;27.00;82.50;12.55;0.16;0.47;1007.63
1105716;27.00;82.50;12.55;0;0.12;1007.59
1106112;27.00;82.50;16.08;0;0;1007.59
1106504;27.00;82.50;18.83;1.02;0;1007.63
1106950;27.00;82.50;19.22;0.37;1.97;1007.71
1107269;27.00;82.50;19.61;0.08;2.56;1007.67
1107668;27.00;82.50;20.39;0;2.42;1007.63
1108068;27.00;82.50;20.39;0;4.12;1007.63
1108558;27.00;82.50;20.39;0;2.87;1007.51
1108955;27.00;82.50;20.39;0;2.89;1007.51
1109264;27.00;82.50;20.00;0;1.27;1007.55
1109659;27.00;82.50;20.00;1.97;0.47;1007.47
1110053;27.00;82.50;20.00;2.56;0.14;1007.36
1110499;27.00;82.50;20.00;2.42;0;1007.36
1110890;27.00;82.50;19.61;2.13;0;1007.32
1111284;27.00;82.50;18.83;0.94;0;1007.24
1111732;27.00;82.50;18.04;1.70;0;1007.28
1112126;27.00;82.50;17.65;0.66;0;1007.12
1112520;27.00;82.50;17.65;0.23;0;1007.16
1112913;27.00;82.50;16.86;0;0;1007.12
1113411;27.00;82.50;16.47;3.03;0;1007.12
1113804;27.00;82.50;16.08;1.35;0;1007.08
1114199;27.00;82.50;14.90;0.51;3.03;1007.12
1114648;27.00;82.50;14.51;2.07;1.05;1007.04
1115048;27.00;82.50;13.33;3.07;0.51;1007.01
1115417;27.00;82.50;10.20;1.35;0.14;1006.93
1115818;27.00;82.50;8.24;0.51;3.07;1007.01
1116270;27.00;82.50;8.24;0.08;2.44;1007.01
1116660;27.00;82.50;8.24;0;2.13;1007.04
1117055;27.00;82.50;8.24;0;0.94;1006.97
1117449;27.00;82.50;7.84;1.66;0.31;1006.97
1117843;27.00;82.50;7.84;0.64;0.04;1006.97
1118233;27.00;82.50;8.24;0.23;0;1006.97
1118729;27.00;82.50;8.63;1.39;0;1006.97
1119120;27.00;82.50;8.63;0.57;1.31;1006.97
1119511;27.00;82.50;8.63;1.50;0.53;1007.08
1119908;27.00;82.50;8.63;0.62;1.50;1007.08
1120299;27.00;82.50;8.63;0.20;0.62;1007.20
1120693;27.00;82.50;8.63;1.19;0.20;1007.20
1121084;27.00;82.50;8.63;0.43;3.12;1007.40
1121531;27.00;82.50;8.24;2.11;3.11;1007.44
1121929;27.00;82.50;8.24;2.62;1.31;1007.44
1122300;27.00;82.50;8.24;2.46;2.23;1007.55
1122695;27.00;82.50;7.84;1.07;2.29;1007.63
1123092;27.00;82.50;8.63;0.37;1.00;1007.71
1123541;27.00;82.50;11.77;0.02;0.27;1007.86
1123943;27.00;82.50;11.37;1.07;0;1007.90
1124342;27.00;82.50;7.45;0.37;0;1007.90
1124786;27.00;82.50;5.88;0.10;0;1007.94
1125183;27.00;82.50;0;0;1.07;1007.90
1125581;27.00;82.50;0;0;0.41;1007.94
1125974;27.00;82.50;0;1.66;0.20;1008.02
1126287;27.00;82.50;0;0.72;0;1008.02
1126679;27.00;82.50;0;1.50;2.09;1008.14
1127075;27.00;82.50;0;0.70;1.02;1008.26
1127522;27.00;82.50;0;0.31;0.45;1008.26
1127914;27.00;82.50;5.88;0.08;1.80;1008.26
1128361;27.00;82.50;0.39;0;0.70;1008.26
1128757;27.00;82.50;7.45;0;0.29;1008.41
1129153;27.00;82.50;7.84;2.09;0.08;1008.37
1129601;27.00;82.50;10.59;1.02;0;1008.33
1130005;27.00;82.50;10.59;0.61;0;1008.41
1130367;27.00;82.50;10.59;2.30;0;1008.41
1130756;27.00;82.50;9.81;1.11;0;1008.37
1131150;27.00;82.50;10.20;0.55;0;1008.49
1131550;27.00;82.50;7.84;0.21;6.68;1008.57
1131950;27.00;82.50;4.71;0;10.23;1008.65
1132358;27.00;82.50;2.75;0;6.68;1008.61
1132755;27.00;82.50;2.75;0;3.46;1008.53
1133148;27.00;82.50;0;1.46;1.84;1008.53
1133549;27.00;82.50;0;0.72;2.56;1008.61
1133945;27.00;82.50;0;0.33;3.24;1008.61
1134335;27.00;82.50;0;0.18;1.93;1008.65
1134730;27.00;82.50;0;0;1.05;1008.69
1135129;27.00;82.50;0;0;0.55;1008.72
1135534;27.00;82.50;0.39;0;4.73;1008.76
1135932;27.00;82.50;2.75;1.76;14.55;1008.69
1136337;27.00;82.50;2.75;0.90;8.52;1008.72
1136732;27.00;82.50;2.75;0.45;4.67;1008.76
1137127;27.00;82.50;2.35;2.30;2.70;1008.76
1137525;27.00;82.50;1.18;1.27;1.50;1008.80
1137924;27.00;82.50;0;0.66;2.38;1008.80
1138319;27.00;82.50;0;0.31;1.35;1008.80
1138710;27.00;82.50;0;0.12;0.76;1008.84
1139104;27.00;82.50;0;1.52;0.35;1008.84
1139496;27.00;82.50;0;0.82;0.18;1008.84
1139886;27.00;82.50;0;0.47;0;1008.84
1140277;27.00;82.50;0;0.21;0;1008.84
1140664;27.00;82.50;0.39;0.02;0;1008.84
1141054;27.00;82.50;0.39;0;0;1008.84
1141361;27.00;82.50;1.18;0;0;1008.84
1141750;27.00;82.50;3.53;0;0;1008.84
1142137;27.00;82.50;5.49;0;1.66;1008.84
1142526;27.00;82.50;6.28;2.77;2.25;1008.84
1142970;27.00;82.50;7.84;1.56;1.19;1008.88
1143368;27.00;82.50;16.08;0.78;0.62;1008.96
1143771;27.00;82.50;16.86;0.35;0.25;1009.00
1144172;27.00;82.50;19.61;5.57;0.04;1009.27
1144622;27.00;82.50;13.73;5.76;0;1009.31
1145018;27.00;82.50;12.55;3.32;3.87;1009.31
1145331;27.00;82.50;9.41;1.70;1.84;1009.43
1145780;27.00;82.50;7.45;2.03;1.74;1009.39
1146179;27.00;82.50;7.06;2.38;0.78;1009.43
1146578;27.00;82.50;6.28;3.24;0.29;1009.43
1146974;27.00;82.50;5.88;1.43;2.15;1009.47
1147424;27.00;82.50;4.71;0.59;0.94;1009.39
1147825;27.00;82.50;1.57;0.21;2.05;1009.47
1148225;27.00;82.50;0;0;0.94;1009.47
1148669;27.00;82.50;0;0;0.27;1009.62
1149061;27.00;82.50;1.57;0;0.10;1009.66
1149376;27.00;82.50;2.35;0;0;1009.70
1149784;27.00;82.50;3.53;1.23;0;1009.70
1150178;27.00;82.50;3.92;0.53;4.57;1009.70
1150573;27.00;82.50;4.71;0.21;2.46;1009.74
1151022;27.00;82.50;5.88;0.04;1.45;1009.78
1151340;27.00;82.50;6.28;1.76;0.64;1009.86
1151792;27.00;82.50;6.28;0.68;0.21;1009.86
1152185;27.00;82.50;6.28;0.27;1.56;1009.90
1152633;27.00;82.50;6.28;0.04;0.68;1009.86
1153029;27.00;82.50;5.88;0;0.29;1009.90
1153399;27.00;82.50;0;0;0.04;1009.94
1153795;27.00;82.50;3.92;2.09;0;1009.90
1154192;27.00;82.50;3.92;1.15;1.56;1009.94
1154588;27.00;82.50;3.92;0.57;4.28;1009.82
1154985;27.00;82.50;3.53;0.25;4.34;1009.82
1155429;27.00;82.50;0;1.97;3.96;1009.78
1155828;27.00;82.50;0;1.07;2.27;1009.78
1156219;27.00;82.50;0;0.57;1.27;1009.78
1156610;27.00;82.50;0;0.27;0.70;1009.74
1157055;27.00;82.50;0;1.64;0.35;1009.82
1157374;27.00;82.50;0;1.02;2.30;1009.90
1157822;27.00;82.50;0;2.70;3.73;1009.94
1158219;27.00;82.50;12.55;3.52;15.29;1009.97
1158628;27.00;82.50;0.39;1.89;8.93;1009.90
1159025;27.00;82.50;1.18;1.35;6.46;1009.86
1159343;27.00;82.50;0.39;2.30;3.75;1009.90
1159742;27.00;82.50;0;1.35;2.27;1009.94
1160139;27.00;82.50;0;2.99;1.43;1009.97
1160536;27.00;82.50;3.92;34.04;18.69;1009.97
1160941;27.00;82.50;4.31;22.26;25.19;1010.01
1161338;27.00;82.50;4.71;14.55;16.46;1010.01
1161783;27.00;82.50;5.10;8.07;13.07;1010.01
1162177;27.00;82.50;5.10;5.19;8.52;1010.05
1162573;27.00;82.50;5.49;3.36;5.19;1010.05
1162971;27.00;82.50;5.88;2.03;3.18;1010.05
1163366;27.00;82.50;5.88;3.42;1.91;1010.05
1163859;27.00;82.50;5.88;1.62;0.94;1009.97
1164256;27.75;82.50;5.88;0.88;0.47;1009.97
1164652;27.75;82.50;5.88;0.39;0.20;1010.01
1165048;27.75;82.50;6.28;2.32;0.04;1010.01
1165361;27.75;82.50;9.41;1.21;0;1010.01
1165756;27.00;82.50;0;2.11;0;1010.01
1166252;27.00;82.50;0;7.01;3.75;1010.05
1166647;27.00;82.50;0;4.78;2.54;1010.05
1167089;27.00;82.50;0;3.07;1.50;1010.05
1167399;27.00;82.50;0;1.82;0.94;1010.05
1167842;27.00;82.50;3.14;3.34;0.51;1009.97
1168239;27.00;82.50;4.31;2.13;0.27;1009.97
1168634;27.00;83.25;4.71;1.27;0.12;1010.01
1169086;27.00;83.25;4.71;0.76;0;1010.01
1169396;27.00;83.25;4.71;0.39;0;1010.01
1169783;27.00;83.25;4.71;0.20;0;1010.01
1170173;27.75;83.25;4.71;0.02;0;1010.05
1170569;27.75;83.25;1.18;0;0;1010.05
1170961;27.75;83.25;0;0;0;1010.05
1171348;27.75;83.25;0;0;0;1009.97
1171737;27.75;83.25;0;0;0;1009.97
1172123;27.75;83.25;0;8.42;5.53;1010.01
1172519;27.75;83.25;0;7.68;5.68;1010.01
1172961;27.75;83.25;0;7.44;3.87;1010.01
1173353;27.75;83.25;0;14.92;4.41;1010.05
1173753;27.75;83.25;0;15.74;5.70;1010.05
1174195;27.75;83.25;0;49.63;7.91;1010.05
1174586;27.75;83.25;0;44.45;7.95;1010.05
1174986;27.75;83.25;0;37.91;12.44;1010.05
1175432;27.75;83.25;0;31.33;11.76;1010.05
1175824;27.75;83.25;0;26.37;9.00;1010.05
1176214;27.75;83.25;0;26.25;14.16;1010.05
1176661;27.75;83.25;0;20.98;12.26;1010.05
1177053;27.75;83.25;0;17.87;10.45;1010.05
1177365;27.75;83.25;0;14.43;8.42;1010.05
1177756;27.75;83.25;0;11.05;8.30;1010.05
1178147;27.75;84.00;0;9.39;6.70;1010.05
1178592;27.75;84.00;0;12.38;11.01;1010.05
1178991;27.75;84.00;0;10.00;8.42;1010.05
1179432;27.75;84.00;0;8.07;6.80;1010.05
1179827;27.75;84.00;0;6.13;5.47;1010.05
1180232;27.75;84.00;0;4.92;4.39;1010.05
1180625;27.75;84.00;0;3.96;3.53;1010.05
1181017;27.75;84.00;0;3.18;2.68;1010.05
1181378;27.75;84.00;0;2.54;2.13;1010.05
1181770;27.75;84.00;0;2.03;1.70;1010.05
1182212;27.75;84.00;0;1.50;3.44;1010.05
1182604;27.75;84.00;0;1.19;2.73;1010.05
1182995;27.75;84.00;0;0.94;2.17;1010.05
1183437;27.75;84.00;0;2.83;4.06;1010.05
1183878;27.75;84.00;0;34.28;64.80;1010.05
1184280;27.75;84.75;0;70.43;113.92;1010.05
1184732;27.75;84.75;0;61.25;108.25;1010.05
1185176;27.75;84.75;0;65.78;113.96;1010.05
1185618;27.75;84.75;0;53.26;92.28;1010.05
1186009;27.75;84.75;0;55.52;95.95;1010.05
1186401;27.75;84.75;0;52.97;85.89;1010.05
1186794;27.75;84.75;0;45.21;78.43;1010.05
1187189;27.75;84.75;0.39;42.95;75.95;1010.05
1187582;27.75;84.75;2.75;39.20;86.36;1010.05
1187977;27.75;84.75;2.35;32.11;77.55;1010.05
1188422;27.75;84.75;2.35;26.64;66.21;1010.05
1188813;27.75;84.75;2.35;26.80;70.80;1010.05
1189204;27.75;84.75;2.35;100.13;116.26;1010.05
1189658;27.75;84.75;2.35;161.06;159.35;1010.05
1190062;27.75;84.75;2.35;224.09;222.90;1010.05
1190373;27.75;85.50;1.96;267.66;266.86;1010.05
1190771;27.75;85.50;1.96;297.81;267.95;1010.05
1191163;27.75;85.50;1.96;309.43;298.05;1010.05
1191604;27.75;85.50;1.96;328.73;315.98;1010.05
1191996;27.75;85.50;1.96;332.09;309.14;1010.05
1192388;27.75;85.50;1.96;320.27;331.70;1010.05
1192830;27.75;85.50;1.96;269.10;321.85;1010.05
1193272;27.75;84.75;1.18;277.79;341.52;1010.05
1193672;27.75;84.75;0;259.59;323.59;1010.05
1194117;27.75;84.75;0;236.96;272.85;1010.05
1194429;27.75;84.75;0;200.08;232.31;1010.05
1194823;27.75;84.75;0;173.23;184.54;1010.05
1195214;27.75;84.75;0;156.92;157.37;1010.05
1195605;27.75;84.75;0;188.52;169.87;1010.05
1195996;27.75;84.75;0;229.50;190.69;1010.05
1196388;27.75;84.75;0;260.98;203.76;1010.05
1196779;27.75;84.75;1.57;215.73;204.17;1010.05
1197173;27.75;84.75;1.96;230.83;239.61;1010.05
1197619;27.75;84.75;1.96;267.33;268.77;1010.05
1198010;27.75;84.75;0;235.81;254.61;1010.05
1198405;27.75;84.75;0;205.01;208.93;1010.05
1198796;27.75;84.75;0;209.36;196.76;1010.05
1199190;27.75;84.75;0;208.48;224.71;1010.05
1199582;27.75;84.75;0;199.19;214.89;1010.05
1199975;27.75;84.75;0;209.65;221.20;1010.05
1200419;27.75;84.75;0;220.14;210.34;1010.05
1200812;27.75;84.75;0;194.30;203.27;1010.05
1201204;27.75;84.75;0;164.76;164.64;1010.05
1201596;27.75;84.75;0;133.43;133.31;1010.05
1202038;27.75;84.75;0;148.12;139.17;1010.05
1202429;27.75;84.75;0;163.62;120.50;1010.05
1202819;27.75;84.75;0;157.47;139.62;1010.05
1203211;27.75;84.75;0;178.21;182.53;1010.05
1203652;27.75;84.75;0;161.24;154.99;1010.05
1204043;27.75;84.75;0;130.58;125.50;1010.05
1204433;27.75;84.75;4.71;105.76;109.84;1010.05
1204828;27.75;84.75;5.10;86.11;169.72;1010.05
1205326;27.75;84.75;1.57;77.03;211.31;1010.05
1205721;27.75;84.75;7.45;111.77;213.95;1010.05
1206121;27.75;84.75;12.94;108.33;206.20;1010.05
1206443;27.75;84.75;0;126.53;205.96;1010.05
1206889;27.75;84.75;0;98.55;245.36;1010.05
1207280;27.75;84.75;3.92;90.58;236.61;1010.05
1207674;27.75;84.75;5.49;101.93;277.56;1010.05
1208124;27.75;84.75;4.71;176.34;285.92;1010.05
1208489;27.75;84.75;4.31;232.25;307.19;1010.05
1208884;27.75;84.75;7.84;237.89;319.80;1010.05
1209382;27.75;84.75;12.94;282.54;246.84;1010.05
1209796;27.75;84.75;12.94;309.59;253.83;1010.05
1210189;27.75;84.75;12.94;316.35;245.26;1010.05
1210580;27.75;84.75;12.94;304.79;250.59;1010.05
1210973;27.75;84.75;13.33;319.73;232.99;1010.05
1211368;27.75;84.75;13.73;324.65;227.56;1010.05
1211763;27.75;84.75;14.12;204.26;245.92;1010.05
1212160;27.75;84.75;14.51;157.53;198.44;1010.05
1212476;27.75;84.75;14.90;233.42;245.24;1010.05
1212870;27.75;84.75;14.90;237.86;239.24;1010.05
1213313;27.75;84.75;15.30;260.53;271.12;1010.05
1213711;27.75;84.75;15.30;301.27;315.60;1010.05
1214103;27.75;84.75;15.30;323.53;332.81;1010.05
1214414;27.75;84.75;15.69;341.46;304.94;1010.05
1214860;27.75;84.75;15.69;353.36;297.40;1010.05
1215253;27.75;84.75;0.39;334.80;297.91;1010.05
1215646;27.75;84.75;0;331.85;291.29;1010.05
1216042;27.75;84.75;5.88;332.91;262.01;1010.05
1216439;27.75;84.75;0;322.42;250.67;1010.05
1216834;27.75;84.75;0;299.10;208.85;1010.05
1217278;27.75;84.75;0;215.03;178.84;1010.05
1217670;27.75;84.75;0;183.58;152.69;1010.05
1218062;27.75;84.75;0;148.68;117.30;1010.05
1218453;27.75;84.75;0;151.61;119.52;1010.05
1218894;27.75;84.75;0;193.54;176.45;1010.05
1219288;27.75;84.75;0;203.33;212.37;1010.05
1219678;27.75;85.50;0;211.98;221.31;1010.05
1220184;27.75;85.50;0;223.01;210.85;1010.05
1220495;27.75;85.50;0;250.08;201.96;1010.05
1220886;27.75;85.50;0;272.01;200.42;1010.05
1221379;27.75;85.50;0;274.90;200.38;1010.05
1221771;27.75;85.50;0;304.12;204.38;1010.05
1222161;27.75;85.50;0;246.33;165.52;1010.05
1222475;27.75;85.50;0;230.73;149.27;1010.05
1222866;27.75;86.25;0;196.98;120.89;1010.05
1223261;27.75;86.25;8.63;166.51;106.11;1010.05
1223656;27.75;86.25;14.12;168.29;88.94;1010.05
1224056;27.75;86.25;14.12;168.66;144.95;1010.05
1224454;27.75;86.25;12.55;229.87;199.87;1010.05
1224864;27.75;86.25;12.55;255.35;256.80;1010.05
1225255;27.75;86.25;12.55;290.57;301.74;1010.05
1225647;27.75;86.25;10.98;324.16;325.84;1010.05
1226042;27.75;86.25;10.20;321.11;340.68;1010.05
1226439;27.75;86.25;10.20;323.16;264.18;1010.05
1226882;27.75;86.25;9.81;329.20;256.98;1010.05
1227278;27.75;87.00;10.20;203.44;180.22;1010.05
1227681;27.75;87.00;7.45;97.24;95.17;1010.05
1228076;27.75;87.00;3.53;57.34;53.24;1010.05
1228471;27.75;87.00;0;33.81;35.74;1010.05
1228917;27.75;87.00;23.14;14.43;15.25;1010.05
1229317;27.75;87.00;8.63;7.69;5.80;1010.05
1229763;27.75;87.00;16.08;3.75;4.84;1010.13
1230171;27.75;87.00;15.30;1.70;4.43;1010.09
1230539;27.75;87.00;14.90;0.82;2.15;1010.09
1230934;27.75;87.00;14.90;2.13;2.25;1010.09
1231377;27.75;87.00;12.55;2.60;0.88;1010.09
1231772;27.75;87.00;12.94;1.54;0.47;1010.09
1232165;27.75;87.75;12.55;0.72;0.18;1010.09
1232483;27.75;87.75;12.16;0.29;0;1010.09
1232881;27.75;87.75;12.16;5.53;0;1010.09
1233268;27.75;87.75;0;4.92;0;1010.09
1233659;27.75;87.75;7.06;5.19;0;1010.09
1234050;27.75;87.75;1.57;10.19;5.23;1010.09
1234452;27.75;87.75;3.92;6.62;3.18;1010.09
1234847;27.75;87.75;4.71;4.04;2.15;1010.09
1235292;27.75;87.75;2.35;3.01;0.94;1010.09
1235686;27.75;87.75;5.88;1.80;0.47;1010.09
1236082;27.75;87.75;15.30;1.00;0.23;1010.09
1236481;27.75;87.75;15.69;0.43;3.95;1010.09
1236876;27.75;87.75;15.69;0.20;2.25;1010.09
1237317;27.75;87.75;15.30;0;0.82;1010.09
1237713;27.75;87.75;14.12;2.09;0.29;1010.09
1238107;27.75;88.50;13.33;1.15;1.66;1010.09
1238473;27.75;88.50;12.94;0.53;0.72;1010.09
1238867;27.75;89.25;12.16;0.20;1.84;1010.09
1239266;27.75;89.25;5.49;1.11;0.72;1010.09
1239762;27.75;89.25;7.06;0.62;0.35;1010.09
1240157;27.75;89.25;7.06;0.35;0.21;1010.09
1240468;27.75;89.25;7.06;0.18;0.04;1010.09
1240859;27.75;89.25;7.45;0;0;1010.09
1241254;27.75;89.25;7.45;0;0;1010.09
1241641;27.75;90.00;7.45;55.13;48.24;1010.09
1242099;27.75;90.00;6.67;173.39;174.72;1010.09
1242555;27.75;90.00;6.67;213.07;239.48;1010.09
1242998;27.75;90.00;7.06;253.81;294.88;1010.09
1243392;27.75;90.00;7.45;292.23;284.88;1010.09
1243787;27.75;90.00;4.71;242.54;312.60;1010.09
1244233;27.75;90.00;5.49;265.98;307.71;1010.09
1244629;27.75;90.75;9.41;279.96;332.77;1010.09
1245027;27.75;90.75;9.41;292.27;322.30;1010.09
1245421;27.75;90.75;9.41;296.00;313.77;1010.09
1245814;27.75;90.75;5.49;318.05;295.31;1010.09
1246208;27.75;90.75;4.71;329.51;320.29;1010.09
1246521;27.75;90.75;5.88;333.94;327.75;1010.09
1246966;27.75;90.75;6.28;288.61;280.90;1010.09
1247363;27.75;90.75;7.45;299.65;290.98;1010.09
1247763;27.75;90.75;7.84;318.96;319.10;1010.09
1248158;27.75;90.75;7.84;333.30;328.48;1010.09
1248471;27.75;90.75;12.55;339.39;323.69;1010.09
1248871;27.75;91.50;0;347.20;343.47;1010.09
1249271;27.75;91.50;5.49;345.82;345.78;1010.09
1249665;27.75;91.50;0;348.73;349.22;1010.09
1250060;27.75;91.50;11.37;283.38;315.98;1010.09
1250463;27.75;91.50;11.37;309.53;323.30;1010.09
1250857;27.75;91.50;4.31;307.46;331.91;1010.09
1251253;27.75;91.50;4.71;330.49;342.61;1010.09
1251647;27.75;91.50;5.10;316.11;347.28;1010.09
1252095;27.75;91.50;0;303.69;329.35;1010.09
1252490;27.75;91.50;10.98;274.01;275.28;1010.09
1252992;27.75;91.50;0;257.09;192.86;1010.09
1253387;27.75;92.25;0;244.73;185.52;1010.09
1253788;27.75;92.25;0;188.05;150.24;1010.09
1254179;27.75;92.25;0;168.76;135.66;1010.09
1254492;27.75;92.25;0;150.69;148.04;1010.09
1254884;27.75;92.25;0;122.04;119.89;1010.09
1255283;27.75;92.25;0;119.78;121.65;1010.09
1255674;27.75;92.25;0;104.00;98.51;1010.09
1256065;27.75;92.25;0;91.60;94.94;1010.09
1256455;27.75;92.25;0;81.58;84.25;1010.09
1256845;27.75;92.25;0;66.05;68.22;1010.09
1257286;27.75;92.25;0;59.29;71.87;1010.09
1257678;27.75;92.25;0;64.43;87.57;1010.09
1258074;27.75;92.25;0;68.18;70.89;1010.09
1258434;27.75;92.25;0;55.19;54.45;1010.09
1258825;27.75;92.25;0;61.30;44.06;1010.09
1259264;27.75;93.00;0;52.32;38.01;1010.09
1259662;27.75;93.00;0;42.34;30.76;1010.09
1260053;27.75;93.00;0;50.19;58.77;1010.09
1260443;27.75;93.00;0;97.40;106.58;1010.09
1260941;27.75;93.00;0;121.13;94.10;1010.09
1261337;27.75;93.00;0;101.24;91.65;1010.09
1261730;27.75;93.00;0;106.54;95.05;1010.09
1262121;27.75;93.00;0;104.09;146.42;1010.09
1262518;27.75;93.00;0;100.33;151.46;1010.09
1262909;27.75;93.75;0;88.24;116.34;1010.09
1263303;27.75;93.75;0;86.24;109.39;1010.09
1263697;27.75;93.75;0;69.84;96.77;1010.09
1264088;27.75;93.75;0;64.39;93.57;1010.09
1264478;27.75;93.75;0;58.84;87.26;1010.09
1264868;27.75;93.75;0;65.15;109.54;1010.09
1265264;28.50;93.75;0;68.77;115.36;1010.09
1265658;28.50;93.75;0;75.15;109.39;1010.09
1266049;28.50;93.75;0;92.71;104.86;1010.09
1266441;28.50;93.75;0;113.90;157.61;1010.09
1266889;28.50;93.75;0;142.24;187.98;1010.09
1267283;28.50;94.50;0;140.15;177.20;1010.09
1267678;28.50;94.50;0;131.07;151.71;1010.09
1268120;28.50;94.50;0;138.88;147.24;1010.09
1268512;28.50;94.50;0;112.45;119.23;1010.09
1268904;28.50;94.50;0;113.66;122.41;1010.09
1269348;28.50;94.50;0;108.02;125.36;1010.09
1269754;28.50;94.50;0;148.92;126.40;1010.09
1270147;28.50;94.50;0;136.03;115.68;1010.09
1270458;28.50;94.50;0.39;104.49;93.67;1010.09
1270904;28.50;94.50;2.75;95.46;81.95;1010.09
1271299;28.50;94.50;0;69.55;62.93;1010.09
1271693;28.50;94.50;0;64.88;59.53;1010.09
1272084;28.50;94.50;3.53;81.62;77.03;1010.09
1272530;28.50;94.50;0;53.49;57.48;1010.09
1272926;28.50;94.50;3.14;48.06;54.31;1010.09
1273372;28.50;94.50;7.06;44.74;49.61;1010.09
1273767;28.50;94.50;0;26.44;27.73;1010.09
1274161;28.50;94.50;0;21.56;28.18;1010.09
1274473;28.50;94.50;0;17.44;37.67;1010.09
1274865;28.50;94.50;0;30.04;37.05;1010.09
1275306;28.50;94.50;0;84.49;37.34;1010.09
1275702;28.50;94.50;0;72.87;64.49;1010.09
1276094;28.50;94.50;0;63.86;95.89;1010.09
1276483;28.50;94.50;0;86.38;135.28;1010.09
1276930;28.50;94.50;20.39;151.01;169.81;1010.09
1277334;28.50;94.50;0;142.26;155.15;1010.09
1277730;28.50;94.50;0;147.45;134.01;1010.09
1278122;28.50;94.50;0;126.77;102.94;1010.09
1278513;28.50;94.50;0;102.67;83.35;1010.09
1278904;28.50;94.50;0;83.14;67.50;1010.09
1279345;28.50;94.50;0;63.84;54.63;1010.09
1279737;28.50;94.50;0;51.68;44.20;1010.09
1280128;28.50;94.50;0;41.83;35.74;1010.09
1280517;28.50;94.50;0;32.13;28.10;1010.09
1280908;28.50;94.50;0;23.24;26.31;1010.09
1281299;28.50;94.50;14.90;20.90;21.27;1010.09
1281698;28.50;95.25;18.83;12.95;13.91;1010.09
1282096;28.50;95.25;0;7.56;8.14;1010.09
1282490;28.50;95.25;18.04;4.65;4.98;1010.09
1282897;28.50;95.25;0;2.52;2.71;1010.09
1283345;28.50;95.25;0;14.30;6.17;1010.09
1283745;28.50;95.25;0;19.53;8.50;1010.09
1284138;28.50;95.25;0;20.14;9.18;1010.09
1284530;28.50;95.25;0;32.22;15.84;1010.09
1284929;28.50;95.25;0;90.62;61.79;1010.09
1285319;28.50;95.25;0;116.07;54.49;1010.09
1285717;28.50;96.00;0;101.77;48.20;1010.09
1286112;28.50;96.00;0;82.40;39.00;1010.09
1286553;28.50;96.00;6.28;66.71;31.54;1010.09
1286949;28.50;96.00;11.77;52.05;22.64;1010.09
1287348;28.50;96.00;1.57;32.34;14.78;1010.09
1287795;28.50;96.00;5.10;23.53;10.18;1010.09
1288246;28.50;96.00;5.10;18.05;7.77;1010.09
1288556;28.50;96.00;0.78;12.42;5.31;1010.09
1289003;28.50;96.00;0.39;8.10;3.42;1010.09
1289398;28.50;96.00;0.39;5.51;4.26;1010.09
1289788;28.50;96.00;0.78;3.96;3.05;1010.09
1290234;28.50;96.75;0.78;3.18;2.29;1010.09
1290602;28.50;96.75;0.78;2.15;1.50;1010.09
1290993;28.50;96.75;1.57;1.60;1.19;1010.09
1291387;28.50;96.75;1.96;1.11;0.82;1010.09
1291781;28.50;96.75;1.96;0.76;0.55;1010.09
1292172;28.50;96.75;2.35;0.55;0.35;1010.09
1292486;28.50;96.75;2.35;0.31;0.21;1010.09
1292883;28.50;96.75;1.96;0.18;0.08;1010.09
1293278;28.50;96.75;1.96;0.04;0;1010.09
1293718;28.50;96.75;1.96;2.21;0;1010.09
1294108;28.50;96.75;1.96;1.39;0;1010.09
1294499;28.50;96.75;1.96;0.84;0;1010.09
1294888;28.50;96.75;1.96;0.61;2.21;1010.09
1295293;28.50;96.75;1.96;0.31;9.04;1010.09
1295684;28.50;96.75;0;0.16;5.84;1010.09
1296078;28.50;96.75;0;0.02;3.75;1010.09
1296469;28.50;96.75;0.78;0;4.43;1010.09
1296862;28.50;96.75;1.57;0;3.01;1010.09
1297304;28.50;96.75;1.96;0;1.80;1010.09
1297695;28.50;96.75;2.35;0;1.27;1010.09
1298086;28.50;96.75;2.75;0;0.82;1010.09
1298477;28.50;96.75;2.75;0;0.43;1010.09
1298864;28.50;96.75;3.53;0;0.23;1010.09
1299252;28.50;96.75;8.24;0;0.12;1010.09
1299563;28.50;96.75;8.24;0;0;1010.09
1299950;28.50;96.75;7.84;0;2.09;1010.09
1300340;28.50;96.75;7.84;1.56;3.20;1010.09
1300733;28.50;96.75;7.06;0.78;1.70;1010.09
1301127;28.50;96.75;7.06;0.35;0.94;1010.09
1301519;28.50;96.75;1.96;1.60;2.05;1010.09
1301915;28.50;96.75;0;3.40;1.35;1010.09
1302309;28.50;96.75;14.12;2.29;0.94;1010.09
1302761;28.50;96.75;10.59;1.11;0.39;1010.09
1303158;28.50;96.75;0;1.70;1.91;1010.09
1303553;28.50;96.75;8.63;3.42;3.50;1010.09
1303947;28.50;96.75;16.86;2.05;2.23;1010.09
1304345;28.50;96.75;16.86;1.00;1.09;1010.09
1304736;28.50;96.75;11.77;0.39;0.47;1010.09
1305130;28.50;96.75;12.16;0.12;0.16;1010.09
1305526;28.50;96.75;4.71;1.43;0;1010.09
1305972;28.50;96.75;4.71;3.73;0;1010.09
1306361;28.50;96.75;20.79;2.13;0;1010.09
1306758;28.50;96.75;0;2.95;0;1010.09
1307200;28.50;96.75;0.39;3.20;0;1010.09
1307560;28.50;96.75;1.18;3.71;0;1010.09
1308006;28.50;96.75;1.57;1.89;0;1010.09
1308396;28.50;96.75;1.96;1.19;0;1010.09
1308787;28.50;96.75;5.88;0.66;0;1010.09
1309177;28.50;96.75;4.71;1.91;0;1010.09
1309568;28.50;96.75;7.06;1.05;0;1010.09
1309958;28.50;96.75;7.45;0.47;0;1010.09
1310349;28.50;96.75;0;0.18;0;1010.09
1310740;28.50;96.75;7.84;0;1.56;1010.09
1311134;28.50;96.75;2.35;0;2.89;1010.09
1311523;28.50;96.75;3.53;0;1.72;1010.09
1311913;28.50;96.75;3.53;0;1.00;1010.09
1312403;28.50;96.75;0;0;2.09;1010.09
1312844;28.50;96.75;0;1.56;6.17;1010.09
1313236;28.50;96.75;0.39;5.00;4.20;1010.09
1313551;28.50;96.75;4.31;3.05;2.70;1010.09
1314023;28.50;96.75;4.71;1.70;1.43;1010.09
1314470;28.50;96.75;4.71;1.00;0.82;1010.09
1314861;28.50;96.75;0;0.55;2.15;1010.09
1315256;28.50;96.75;0;0.31;1.43;1010.09
1315567;28.50;96.75;0;0.14;0.88;1010.09
1315958;28.50;96.75;0;8.05;0.47;1010.09
1316349;28.50;96.75;0;5.19;0.27;1010.09
1316790;28.50;96.75;0;3.36;0.12;1010.09
1317182;28.50;96.75;0;2.27;1.99;1010.09
1317573;28.50;96.75;0;3.40;3.55;1010.09
1317963;28.50;96.75;0;2.56;2.54;1010.09
1318356;28.50;96.75;0;1.80;3.59;1010.09
1318798;28.50;96.75;0;5.61;4.69;1010.09
1319191;28.50;96.75;0;8.40;5.45;1010.09
1319583;28.50;96.75;0;10.43;7.85;1010.09
1319984;28.50;96.75;0;7.56;5.68;1010.09
1320375;28.50;96.75;0;5.47;4.32;1010.09
1320766;28.50;96.75;0.39;4.39;3.26;1010.09
1321159;28.50;96.75;0.39;3.34;4.71;1010.09
1321550;28.50;96.75;0.39;2.68;3.57;1010.09
1321939;28.50;96.75;3.53;2.13;2.87;1010.09
1322385;28.50;96.75;0;3.95;4.51;1010.09
1322781;28.50;96.75;0;5.27;9.34;1010.09
1323172;28.50;96.75;0;11.15;14.45;1010.09
1323541;28.50;96.75;0;70.44;73.12;1010.09
1323981;28.50;96.75;0;126.50;128.66;1010.09
1324385;28.50;96.75;0;181.82;173.64;1010.09
1324827;28.50;96.75;0;199.87;218.05;1010.09
1325218;28.50;96.75;0;224.09;219.46;1010.09
1325581;28.50;96.75;0;230.79;216.70;1010.09
1325973;28.50;96.75;0;237.62;204.30;1010.09
1326365;28.50;96.75;0;241.55;230.81;1010.09
1326810;28.50;96.75;0;244.95;238.25;1010.09
1327252;28.50;96.75;0;219.38;225.53;1010.09
1327561;28.50;96.75;0;208.11;229.99;1010.09
1328003;28.50;96.75;0.39;176.34;236.96;1010.09
1328399;28.50;96.75;1.57;142.80;182.04;1010.09
1328793;28.50;96.75;1.57;109.70;139.83;1010.09
1329235;28.50;96.75;2.35;84.25;107.42;1010.09
1329549;28.50;96.75;2.35;61.38;89.51;1010.09
1329944;28.50;96.75;3.14;47.13;65.19;1010.09
1330339;28.50;96.75;5.10;34.29;47.46;1010.09
1330837;28.50;96.75;5.88;22.42;31.07;1010.09
1331232;28.50;96.75;7.45;18.32;23.83;1010.09
1331547;28.50;96.75;7.84;13.96;14.76;1010.09
1331992;28.50;96.75;7.84;8.18;8.65;1010.09
1332434;28.50;96.75;8.63;3.81;4.28;1010.09
1332830;28.50;96.75;0;1.91;2.17;1010.09
1333226;28.50;96.75;8.63;1.19;1.35;1010.09
1333544;28.50;96.75;13.33;0.62;0.70;1010.09
1333947;28.50;96.75;11.77;0.29;0.33;1010.09
1334341;28.50;96.75;10.98;0.08;0.12;1010.09
1334787;28.50;96.75;7.06;0;2.09;1010.09
1335180;28.50;96.75;5.49;0;4.43;1010.09
1335575;28.50;96.75;4.71;0;3.57;1010.09
1336016;28.50;96.75;6.67;1.46;1.43;1010.09
1336413;28.50;96.75;0;0.78;2.60;1010.09
1336807;28.50;96.75;5.10;2.46;1.37;1010.09
1337201;28.50;96.75;4.31;1.37;0.72;1010.09
1337596;28.50;96.00;3.92;0.72;4.06;1010.09
1337994;28.50;96.00;3.92;0.35;2.30;1010.09
1338385;28.50;95.25;3.14;0.14;1.27;1010.09
1338786;28.50;95.25;3.14;1.87;0.62;1010.09
1339177;28.50;95.25;3.14;1.04;0.29;1010.09
1339567;28.50;95.25;3.14;0.51;1.56;1010.09
1339958;28.50;95.25;3.14;0.23;0.84;1010.09
1340349;28.50;95.25;4.71;1.50;0.37;1010.09
1340795;28.50;95.25;6.67;0.82;0.18;1010.09
1341189;28.50;94.50;6.67;0.35;1.48;1010.09
1341584;28.50;94.50;6.67;2.25;0.74;1010.09
1342026;28.50;94.50;7.84;1.05;0.27;1010.09
1342420;28.50;94.50;12.55;0.51;0.06;1010.09
1342819;28.50;94.50;12.55;0.20;1.27;1010.09
1343261;28.50;94.50;15.69;3.96;0.76;1010.09
1343574;28.50;94.50;16.47;3.32;0.29;1010.09
1343968;28.50;93.75;3.92;1.80;1.70;1010.09
1344367;28.50;93.00;7.84;3.28;3.11;1010.09
1344816;28.50;93.00;7.06;109.95;54.51;1010.09
1345225;28.50;93.00;6.67;114.29;109.31;1010.09
1345632;28.50;93.00;6.67;128.62;125.11;1010.09
1346026;28.50;93.00;5.88;114.31;169.95;1010.09
1346420;28.50;92.25;3.53;167.02;176.10;1010.09
1346817;28.50;92.25;1.96;243.95;244.69;1010.09
1347263;28.50;92.25;0;285.74;269.90;1010.09
1347580;28.50;92.25;0;318.48;311.91;1010.09
1347971;28.50;92.25;0;334.71;314.37;1010.09
1348362;28.50;92.25;0;326.09;325.31;1010.09
1348754;28.50;92.25;0;270.61;211.04;1010.01
1349199;28.50;91.50;0;255.90;233.60;1010.05
1349598;28.50;91.50;0;286.52;245.86;1010.05
1349991;28.50;91.50;0;310.18;237.11;1010.05
1350433;28.50;91.50;0;325.58;221.65;1010.05
1350826;28.50;91.50;0;333.05;221.61;1010.05
1351217;28.50;91.50;0;336.66;206.28;1010.05
1351609;28.50;90.75;0;247.11;159.89;1010.05
1352003;28.50;90.75;0;167.76;147.71;1010.05
1352396;28.50;90.75;0;165.75;144.70;1010.05
1352787;28.50;90.75;0;227.35;138.49;1010.05
1353180;28.50;90.75;0;274.87;186.47;1010.05
1353571;28.50;90.75;0;309.08;220.45;1010.05
1354015;28.50;90.75;0;318.77;240.98;1010.05
1354407;28.50;90.75;0.78;326.80;213.83;1010.05
1354801;28.50;90.00;1.18;338.71;232.25;1010.05
1355198;28.50;90.00;1.57;246.90;174.25;1010.05
1355656;28.50;90.00;1.57;153.62;114.29;1010.05
1356099;28.50;90.00;1.57;111.95;78.98;1010.05
1356492;28.50;90.00;1.57;77.36;57.54;1010.05
1356883;28.50;90.00;1.57;53.43;39.72;1010.05
1357275;28.50;90.00;1.57;41.01;30.49;1010.05
1357586;28.50;90.00;1.57;29.86;21.01;1010.05
1357977;28.50;90.00;1.57;20.58;15.25;1010.05
1358382;28.50;90.00;1.18;14.94;10.47;1010.05
1358777;28.50;90.00;1.18;12.17;7.58;1010.05
1359221;28.50;90.00;0.39;8.83;7.11;1010.05
1359667;28.50;89.25;0.39;5.76;4.61;1010.05
1360061;28.50;89.25;0.39;5.80;5.41;1010.05
1360451;28.50;88.50;0;4.18;6.00;1010.05
1360950;28.50;88.50;0;2.85;7.79;1010.05
1361341;28.50;88.50;0;2.15;6.27;1010.05
1361653;28.50;88.50;0;3.52;7.11;1010.05
1362043;28.50;88.50;0;2.81;5.43;1010.05
1362433;28.50;88.50;0;2.38;4.36;1010.05
1362824;28.50;88.50;0;1.89;3.50;1010.05
1363216;28.50;88.50;0;1.50;2.95;1010.05
1363607;28.50;88.50;0;1.19;2.36;1010.05
1364050;28.50;88.50;0;0.88;1.78;1010.05
1364441;28.50;88.50;0;6.87;1.33;1010.05
1364832;28.50;88.50;0;5.51;1.04;1010.05
1365223;28.50;88.50;0;4.20;0.80;1010.05
1365613;28.50;88.50;0;10.47;3.01;1010.05
1366064;28.50;88.50;0.39;7.99;2.27;1010.05
1366457;28.50;88.50;2.35;6.13;1.60;1010.05
1366851;28.50;88.50;2.35;4.18;1.11;1010.05
1367294;28.50;88.50;0;3.36;0.88;1010.05
1367659;28.50;88.50;0;6.54;13.07;1010.05
1368060;28.50;88.50;0;7.36;18.53;1010.05
1368503;28.50;88.50;0;5.92;14.20;1010.05
1368895;28.50;88.50;0;4.77;11.46;1010.05
1369287;28.50;88.50;0;4.04;9.75;1010.05
1369597;28.50;88.50;0;3.24;7.87;1010.05
1369989;28.50;88.50;0;2.44;6.35;1010.05
1370382;28.50;88.50;0;1.93;5.12;1010.05
1370775;28.50;88.50;0;1.52;4.10;1010.05
1371217;28.50;88.50;0;1.19;3.28;1010.05
1371609;28.50;88.50;0;3.05;2.48;1010.05
1371999;28.50;88.50;0;2.42;1.97;1010.05
1372389;28.50;88.50;0;1.91;1.56;1010.05
1372781;28.50;88.50;0;1.43;3.46;1010.05
1373225;28.50;88.50;0;1.11;2.75;1010.05
1373705;29.25;88.50;0;6.74;4.08;1010.05
1374153;29.25;88.50;0;7.36;9.82;1010.05
1374545;29.25;88.50;0;12.48;21.03;1010.05
1374945;29.25;88.50;0;12.42;19.33;1010.05
1375388;29.25;88.50;0;20.43;37.46;1010.05
1375781;29.25;88.50;0;59.21;99.78;1010.05
1376173;29.25;88.50;0;83.59;150.24;1010.05
1376571;29.25;88.50;0;83.69;121.67;1010.05
1377012;29.25;88.50;0;67.77;98.53;1010.05
1377403;29.25;88.50;0.39;66.09;75.70;1010.05
1377798;29.25;88.50;4.71;61.81;65.52;1010.05
1378194;29.25;88.50;0;42.81;45.27;1010.05
1378640;29.25;88.50;11.37;31.60;30.00;1010.05
1379041;29.25;88.50;0;18.57;17.66;1010.05
1379487;29.25;88.50;4.31;16.13;12.83;1010.05
1379881;29.25;88.50;0;10.49;8.83;1010.05
1380275;29.25;88.50;0;6.82;5.76;1010.05
1380587;29.25;88.50;0;10.57;5.72;1010.05
1381084;29.25;88.50;0;8.09;4.59;1010.05
1381474;29.25;88.50;0;6.48;3.67;1010.05
1381864;29.25;88.50;0;5.19;5.12;1010.05
1382253;29.25;88.50;0;4.18;4.10;1010.05
1382643;29.25;88.50;0;3.36;3.28;1010.05
1383034;29.25;88.50;0;2.54;4.73;1010.05
1383424;29.25;88.50;0;8.69;10.57;1010.05
1383823;29.25;88.50;0;37.24;17.67;1010.05
1384221;29.25;88.50;0;30.13;13.53;1010.05
1384612;29.25;88.50;1.18;30.92;13.03;1010.05
1385007;29.25;88.50;10.20;22.48;9.43;1010.05
1385407;29.25;89.25;17.65;13.20;5.80;1010.05
1385815;29.25;89.25;0;72.53;87.46;1010.17
1386219;29.25;89.25;0;102.57;95.50;1010.17
1386667;29.25;89.25;10.20;89.33;85.68;1010.13
1387071;29.25;89.25;0;83.04;84.76;1010.13
1387467;29.25;89.25;0;101.07;91.36;1010.13
1387864;29.25;89.25;0.78;89.84;81.36;1010.13
1388314;29.25;89.25;7.45;107.96;77.44;1010.09
1388638;29.25;89.25;0;127.08;133.25;1010.09
1389090;29.25;89.25;0;122.16;142.94;1010.09
1389482;29.25;89.25;0;149.60;170.01;1010.09
1389873;29.25;90.00;0;122.32;163.93;1010.09
1390269;29.25;90.00;0;99.04;132.76;1010.09
1390661;29.25;90.00;0;80.17;107.53;1010.09
1391051;29.25;90.00;0;64.92;87.06;1010.09
1391443;29.25;90.00;0;52.56;66.87;1010.09
1391835;29.25;90.00;2.35;44.88;54.14;1010.09
1392230;29.25;90.00;0;36.89;62.71;1010.09
1392627;29.25;90.00;0;34.00;75.35;1010.09
1393018;29.25;90.00;1.57;28.42;57.87;1010.09
1393413;29.25;90.00;2.35;114.90;73.51;1010.09
1393865;29.25;90.00;2.35;158.02;136.09;1010.09
1394262;29.25;90.00;2.35;147.10;107.36;1010.09
1394703;29.25;90.00;2.75;163.06;158.76;1010.09
1395101;29.25;90.00;2.75;160.05;214.77;1010.09
1395492;29.25;90.00;2.75;171.94;238.40;1010.09
1395885;29.25;90.75;2.75;201.18;234.57;1010.09
1396333;29.25;90.75;2.75;191.37;208.78;1010.09
1396695;29.25;90.75;2.75;207.92;224.26;1010.09
1397086;29.25;90.75;8.63;209.73;248.89;1010.09
1397480;29.25;90.75;14.90;173.80;270.96;1010.09
1397879;29.25;90.75;0;224.54;314.90;1010.09
1398279;29.25;90.75;8.24;210.63;308.98;1010.09
1398676;29.25;90.75;8.63;159.97;315.86;1010.09
1399122;29.25;90.75;5.88;180.16;316.58;1010.09
1399515;29.25;90.75;4.71;224.15;330.99;1010.09
1399910;29.25;90.75;2.35;268.79;340.47;1010.09
1400304;29.25;90.75;1.18;295.24;345.31;1010.09
1400670;29.25;91.50;0.78;301.00;354.78;1010.09
1401069;29.25;91.50;0.78;315.10;358.81;1010.09
1401462;29.25;91.50;0.78;328.08;355.90;1010.09
1401906;29.25;91.50;0;334.90;349.86;1010.09
1402303;29.25;91.50;0;319.18;332.17;1010.09
1402615;29.25;91.50;0;253.87;288.09;1010.09
1403021;29.25;91.50;0;221.53;299.90;1010.09
1403416;29.25;91.50;0;226.86;313.40;1010.09
1403807;29.25;91.50;0;211.10;303.98;1010.09
1404199;29.25;91.50;0;196.88;310.86;1010.09
1404591;29.25;91.50;0;183.64;297.68;1010.09
1405034;29.25;91.50;0;191.16;324.78;1010.09
1405428;29.25;91.50;0;224.26;332.50;1010.09
1405832;29.25;91.50;0;244.91;335.41;1010.09
1406224;29.25;91.50;0;268.93;337.40;1010.09
1406614;29.25;91.50;0;283.56;342.73;1010.09
1407004;29.25;91.50;0;280.35;328.30;1010.09
1407395;29.25;91.50;0;301.74;295.86;1010.09
1407728;29.25;91.50;0;276.80;300.98;1010.09
1408121;29.25;91.50;0.39;305.66;327.30;1010.09
1408515;29.25;91.50;5.10;234.87;259.30;1010.09
1408962;29.25;91.50;5.10;278.63;222.64;1010.09
1409355;29.25;91.50;5.10;283.11;204.48;1010.09
1409667;29.25;91.50;0;278.85;189.66;1010.09
1410061;29.25;91.50;0;218.05;178.04;1010.09
1410453;29.25;91.50;0;176.61;144.19;1010.09
1410849;29.25;91.50;0;151.24;118.98;1010.09
1411241;29.25;91.50;0;181.49;111.52;1010.09
1411633;29.25;91.50;0;154.93;95.21;1010.09
1412025;29.25;91.50;0;125.46;77.07;1010.09
1412414;29.25;91.50;0;101.60;65.76;1010.09
1412726;29.25;91.50;0;82.26;53.24;1010.09
1413118;29.25;91.50;0;87.83;57.50;1010.09
1413511;29.25;91.50;0;95.31;78.41;1010.09
1413905;29.25;91.50;0;89.62;114.17;1010.09
1414302;29.25;91.50;0;76.77;117.36;1010.09
1414694;29.25;91.50;0;62.14;95.01;1010.09
1415084;29.25;91.50;0;50.31;76.93;1010.09
1415474;29.25;91.50;0;38.63;62.28;1010.09
1415870;29.25;91.50;0.39;31.25;50.41;1010.09
1416265;29.25;91.50;1.18;27.28;44.29;1010.09
1416661;29.25;91.50;1.18;44.65;69.72;1010.09
1417053;29.25;91.50;0;78.43;138.17;1010.09
1417503;29.25;91.50;0;100.35;136.81;1010.09
1417900;29.25;91.50;0;89.45;127.00;1010.09
1418341;29.25;91.50;0;84.88;119.74;1010.09
1418652;29.25;91.50;0;68.73;96.95;1010.09
1419093;29.25;91.50;0;67.48;96.26;1010.09
1419489;29.25;91.50;0;54.61;77.96;1010.09
1419883;29.25;91.50;0;44.18;63.12;1010.09
1420273;29.25;91.50;0;42.63;59.66;1010.09
1420664;29.25;91.50;0;70.19;80.17;1010.09
1421055;29.25;91.50;0;72.85;73.12;1010.09
1421495;29.25;91.50;0;70.21;63.20;1010.09
1421889;29.25;91.50;0;56.85;51.15;1010.09
1422282;29.25;91.50;0;46.01;41.40;1010.09
1422672;29.25;91.50;0;39.67;44.43;1010.09
1423063;29.25;91.50;0;48.04;70.23;1010.09
1423454;29.25;91.50;0;83.88;107.57;1010.09
1423953;29.25;91.50;0;104.54;100.76;1010.09
1424348;29.25;91.50;0;89.23;85.99;1010.09
1424659;29.25;91.50;0.39;89.74;90.83;1010.09
1425054;29.25;91.50;0.39;142.10;142.98;1010.09
1425454;29.25;91.50;0;165.77;126.75;1010.09
1425849;29.25;91.50;0;142.45;110.85;1010.09
1426241;29.25;91.50;0;164.05;129.68;1010.09
1426685;29.25;91.50;0;158.15;133.90;1010.09
1427128;29.25;91.50;0;142.86;134.68;1010.09
1427521;29.25;91.50;0;137.45;116.85;1010.09
1427912;29.25;91.50;0;111.30;94.62;1010.09
1428302;29.25;91.50;0;90.11;72.67;1010.09
1428745;29.25;91.50;0;72.96;58.84;1010.09
1429188;29.25;91.50;0;59.94;45.17;1010.09
1429580;29.25;91.50;0;48.51;38.90;1010.09
1429972;29.25;91.50;0.39;39.59;33.71;1010.09
1430369;29.25;91.50;0;36.13;28.77;1010.09
1430683;29.25;91.50;0;36.13;57.16;1010.09
1431122;29.25;91.50;0;29.24;46.25;1010.09
1431564;29.25;91.50;0;26.42;37.71;1010.09
1431955;29.25;91.50;0;21.37;28.92;1010.09
1432346;29.25;91.50;0;18.20;27.01;1010.09
1432658;29.25;91.50;0;16.82;25.86;1010.09
1433050;29.25;91.50;3.92;12.23;22.19;1010.09
1433449;29.25;91.50;4.71;57.14;20.47;1010.09
1433803;29.25;91.50;0.78;68.94;40.31;1010.09
1434196;29.25;91.50;6.28;105.85;91.15;1010.09
1434596;29.25;91.50;6.67;203.85;203.48;1010.09
1434997;29.25;91.50;0;228.31;259.18;1010.09
1435443;29.25;91.50;0;182.41;229.11;1010.09
1435753;29.25;91.50;0;154.74;176.04;1010.09
1436145;29.25;91.50;5.10;132.10;150.28;1010.09
1436591;29.25;91.50;5.10;157.43;134.29;1010.09
1436981;29.25;91.50;0;164.11;124.48;1010.09
1437376;29.25;91.50;0;140.11;106.26;1010.09
1437686;29.25;91.50;0;113.43;88.28;1010.09
1438079;29.25;91.50;0;115.23;78.47;1010.09
1438572;29.25;91.50;5.88;103.74;71.50;1010.09
1438969;29.25;91.50;6.28;97.32;65.56;1010.09
1439362;29.25;91.50;7.84;112.04;60.88;1010.09
1439681;29.25;91.50;6.28;100.27;57.11;1010.09
1440076;29.25;91.50;2.35;153.17;120.09;1010.09
1440525;29.25;91.50;0;206.35;159.21;1010.09
1440919;29.25;91.50;0;221.16;193.76;1010.09
1441363;29.25;91.50;0;203.50;192.84;1010.09
1441673;29.25;91.50;0;202.55;181.24;1010.09
1442064;29.25;91.50;0;171.82;139.23;1010.09
1442507;29.25;91.50;0.39;209.05;138.98;1010.09
1442902;29.25;91.50;0.78;227.13;131.30;1010.09
1443297;29.25;91.50;0.78;209.93;142.30;1010.09
1443744;29.25;91.50;1.18;178.21;124.91;1010.09
1444139;29.25;91.50;1.18;199.30;137.67;1010.09
1444530;29.25;91.50;1.18;219.03;171.65;1010.09
1444922;29.25;91.50;1.18;219.46;171.90;1010.09
1445365;29.25;91.50;1.18;192.02;200.03;1010.09
1445677;29.25;92.25;1.18;155.17;238.32;1010.09
1446072;29.25;92.25;1.18;193.95;252.64;1010.09
1446466;29.25;92.25;0.78;240.43;278.75;1010.09
1446860;29.25;92.25;0;250.28;283.52;1010.09
1447370;29.25;92.25;0;256.80;311.11;1010.09
1447733;29.25;92.25;0;277.44;299.14;1010.09
1448124;29.25;92.25;0;294.16;305.00;1010.09
1448524;29.25;92.25;0;267.80;324.76;1010.09
1448917;29.25;92.25;0.39;293.28;330.99;1010.09
1449313;29.25;92.25;3.14;253.54;284.10;1010.09
1449759;29.25;92.25;7.84;193.02;245.28;1010.09
1450157;29.25;92.25;7.84;156.28;256.96;1010.09
1450551;29.25;92.25;7.84;152.88;228.33;1010.09
1450998;29.25;92.25;7.84;166.81;148.64;1010.09
1451392;29.25;92.25;7.84;194.68;153.92;1010.09
1451703;29.25;92.25;7.84;247.41;246.94;1010.09
1452095;29.25;92.25;7.84;256.00;267.07;1010.09
1452488;29.25;92.25;6.28;278.22;318.67;1010.09
1452882;29.25;92.25;12.16;308.22;330.43;1010.09
1453335;29.25;92.25;11.77;325.58;343.67;1010.09
1453733;29.25;93.00;3.53;319.08;347.48;1010.09
1454182;29.25;93.00;3.14;170.83;195.09;1010.09
1454579;29.25;93.00;7.06;95.62;114.09;1010.09
1455025;29.25;93.00;9.81;59.18;63.84;1010.09
1455419;29.25;93.00;9.41;38.88;41.83;1010.09
1455734;29.25;93.00;9.02;20.58;22.17;1010.09
1456130;29.25;93.00;9.81;10.82;11.05;1010.09
1456525;29.25;93.00;14.12;5.10;5.49;1010.09
1456975;29.25;93.00;6.28;2.07;2.27;1010.09
1457370;29.25;93.00;7.84;3.05;1.19;1010.09
1457764;29.25;93.00;9.81;3.32;0.59;1010.09
1458210;29.25;93.00;9.81;1.80;0.25;1010.09
1458601;29.25;93.00;7.84;3.71;0.02;1010.09
1458995;29.25;93.00;14.90;1.89;0;1010.09
1459494;29.25;92.25;19.22;89.21;115.21;1010.09
1459906;29.25;92.25;1.96;85.21;206.73;1010.09
1460300;29.25;92.25;5.88;112.94;260.20;1010.09
1460703;29.25;92.25;4.31;163.39;290.61;1010.09
1461099;29.25;92.25;2.35;180.83;315.19;1010.09
1461493;29.25;92.25;2.35;209.99;329.24;1010.09
1461882;29.25;92.25;2.75;195.96;333.24;1010.09
1462277;29.25;92.25;2.75;176.92;303.83;1010.09
1462720;29.25;92.25;2.35;158.68;299.08;1010.09
1463115;29.25;91.50;8.63;180.07;304.20;1010.09
1463512;29.25;91.50;8.63;260.32;328.01;1010.09
1463903;29.25;91.50;8.63;300.64;344.49;1010.09
1464345;29.25;91.50;8.63;326.83;353.71;1010.09
1464736;29.25;91.50;8.63;340.64;356.75;1010.09
1465126;29.25;91.50;8.63;348.57;351.52;1010.09
1465517;29.25;91.50;8.63;344.10;335.76;1010.09
1465907;29.25;91.50;6.67;347.79;350.41;1010.09
1466302;29.25;90.75;6.67;346.91;348.32;1010.09
1466696;29.25;90.75;5.49;345.62;347.58;1010.09
1467092;29.25;90.75;5.10;342.79;329.30;1010.01
1467494;29.25;90.75;5.10;341.91;329.69;1010.05
1467809;29.25;90.75;5.10;343.02;345.99;1010.05
1468251;29.25;90.75;8.24;297.64;340.41;1009.97
1468650;29.25;90.75;0;308.22;318.51;1009.97
1469047;29.25;90.00;1.18;336.31;331.81;1010.01
1469502;29.25;90.00;2.75;347.24;329.74;1009.94
1469901;29.25;90.00;2.75;352.28;349.78;1009.97
1470297;29.25;90.00;2.75;357.71;356.21;1010.01
1470691;29.25;90.00;0;342.38;356.95;1010.01
1471090;29.25;90.00;0;357.09;360.68;1010.01
1471483;29.25;90.00;0;357.28;340.39;1010.01
1471794;29.25;89.25;1.96;340.64;353.55;1009.97
1472197;29.25;89.25;2.75;266.02;282.81;1009.86
1472645;29.25;88.50;0;192.10;201.51;1009.90
1473049;29.25;88.50;0;107.57;107.02;1009.94
1473493;29.25;88.50;0.39;60.19;59.92;1009.97
1473815;29.25;88.50;1.18;35.54;35.94;1009.97
1474209;29.25;88.50;3.14;19.86;20.06;1010.01
1474608;29.25;87.75;3.92;11.05;11.17;1010.01
1475009;29.25;87.75;9.81;6.13;8.42;1010.01
1475403;29.25;87.75;9.81;5.55;5.18;1010.01
1475714;29.25;87.75;9.81;4.65;2.83;1010.05
1476112;29.25;87.75;14.12;2.52;1.43;1010.05
1476562;29.25;87.75;14.12;1.35;0.66;1010.05
1476953;29.25;87.75;14.12;0.59;1.80;1010.05
1477344;29.25;87.00;13.73;0.21;2.93;1010.05
1477741;28.50;87.00;12.94;1.46;1.39;1010.05
1478139;28.50;87.00;13.33;1.89;0.57;1010.05
1478534;28.50;87.00;0;0.82;0.20;1010.05
1478931;28.50;87.00;3.53;0.33;0;1009.90
1479331;28.50;87.00;1.57;0.10;0;1009.94
1479725;28.50;87.00;0;0;0;1009.97
1480172;28.50;87.00;0;0;0;1009.97
1480555;28.50;87.00;0;0;1.56;1010.01
1480948;28.50;86.25;0;0;0.90;1010.01
1481341;28.50;86.25;0;4.20;2.83;1010.01
1481732;28.50;86.25;0;37.05;36.01;1010.05
1482143;28.50;86.25;0;64.31;98.59;1010.05
1482536;28.50;86.25;0;107.67;117.16;1010.05
1482939;28.50;86.25;0;89.70;85.39;1010.05
1483330;28.50;86.25;0;88.37;90.35;1010.05
1483721;28.50;86.25;0;75.60;91.69;1010.05
1484111;28.50;86.25;0;72.85;70.43;1010.05
1484501;28.50;86.25;0;63.06;67.89;1010.05
1484813;28.50;86.25;0;55.06;72.26;1010.05
1485203;28.50;86.25;0;75.83;62.61;1010.05
1485595;28.50;86.25;0;73.86;80.91;1010.05
1485989;28.50;86.25;0;94.06;74.17;1010.05
1486431;29.25;86.25;0;133.72;72.22;1010.05
1486750;29.25;86.25;0;177.76;90.37;1010.05
1487143;29.25;86.25;0;221.22;118.18;1010.05
1487539;29.25;86.25;2.75;218.66;175.44;1010.05
1487984;29.25;86.25;2.75;175.40;141.87;1010.05
1488426;29.25;86.25;3.14;142.04;123.10;1010.05
1488793;29.25;86.25;4.71;131.10;103.33;1010.05
1489187;29.25;86.25;5.49;90.64;75.29;1010.05
1489582;29.25;86.25;5.49;62.63;52.03;1010.05
1489973;29.25;86.25;5.49;41.01;35.95;1010.05
1490366;29.25;86.25;0;32.09;24.82;1010.05
1490760;29.25;86.25;0;24.80;17.11;1010.05
1491157;29.25;86.25;0;18.05;14.00;1010.05
1491614;29.25;86.25;0.39;16.82;45.17;1010.05
1492009;29.25;86.25;0.39;12.23;32.87;1010.05
1492452;29.25;87.00;0.39;8.87;23.92;1010.05
1492766;29.25;87.00;0.39;7.15;19.35;1010.05
1493208;29.25;87.00;0;4.88;15.00;1010.05
1493602;29.25;87.00;0;7.71;13.71;1010.05
1493993;29.25;87.00;0;39.74;44.96;1010.05
1494391;29.25;87.00;0;57.07;87.08;1010.05
1494833;29.25;87.00;0;46.21;78.32;1010.05
1495224;29.25;87.00;0;43.94;67.91;1010.05
1495614;29.25;87.00;0;37.67;69.76;1010.05
1496005;29.25;87.00;0;32.50;63.47;1010.05
1496395;29.25;87.00;0;24.94;51.36;1010.05
1496785;29.25;87.00;0;20.17;41.58;1010.05
1497176;29.25;87.00;0;16.31;33.63;1010.05
1497617;29.25;87.00;0;13.18;25.80;1010.05
1498059;29.25;87.00;8.63;10.64;20.88;1010.05
1498455;29.25;87.00;9.02;11.35;22.48;1010.05
1498772;29.25;87.00;9.02;7.38;14.69;1010.05
1499162;29.25;87.00;9.81;6.80;9.06;1010.05
1499556;29.25;87.00;10.20;6.39;5.86;1010.05
1499954;29.25;87.00;13.73;7.56;3.57;1010.05
1500351;29.25;87.00;12.55;4.39;3.65;1010.05
1500745;29.25;87.00;0;2.13;3.30;1010.05
1501197;29.25;87.00;1.96;1.27;4.22;1010.05
1501591;29.25;87.75;9.81;6.11;6.29;1010.05
1501988;29.25;87.75;14.51;3.95;3.85;1010.05
1502387;29.25;87.75;14.90;2.25;2.30;1010.05
1502783;29.25;87.75;13.73;3.38;3.18;1010.05
1503179;29.25;87.75;12.55;1.91;1.70;1010.05
1503626;29.25;87.75;5.10;2.73;0.88;1010.05
1504025;29.25;87.75;5.10;1.43;1.91;1010.05
1504415;29.25;87.75;5.10;2.48;1.05;1010.05
1504857;29.25;87.75;3.92;1.31;0.47;1010.05
1505252;29.25;87.75;4.71;0.61;1.46;1010.05
1505646;29.25;87.75;12.16;2.03;0.68;1010.05
1506044;29.25;87.75;10.20;0.94;0.29;1010.05
1506440;29.25;87.75;7.06;2.62;0.12;1010.05
1506754;29.25;87.75;3.53;1.46;0;1010.05
1507148;29.25;87.75;3.53;0.72;0;1010.05
1507535;29.25;87.75;3.53;0.45;0;1010.05
1507893;29.25;87.75;0.39;0.18;0;1010.05
1508284;29.25;87.75;1.18;1.91;0;1010.05
1508675;29.25;87.75;0;1.27;0;1010.05
1509065;29.25;87.75;1.57;0.70;0;1010.05
1509454;29.25;87.75;5.88;0.43;0;1010.05
1509766;29.25;87.75;6.28;0.21;0;1010.05
1510156;29.25;87.75;3.14;3.83;0;1010.05
1510547;29.25;87.75;0;2.17;0;1010.05
1510938;29.25;87.75;0;3.36;1.86;1010.05
1511329;29.25;87.75;0.39;2.03;1.07;1010.05
1511722;29.25;87.75;0.78;1.19;2.64;1010.05
1512168;29.25;87.75;1.57;0.70;1.68;1010.05
1512563;29.25;87.75;1.18;2.03;0.98;1010.05
1512958;29.25;87.75;1.96;1.27;0.59;1010.05
1513354;29.25;87.75;2.75;0.76;0.31;1010.05
1513759;29.25;87.75;2.35;0.33;0.12;1010.05
1514203;29.25;87.75;2.35;2.17;0;1010.05
1514645;29.25;87.75;2.35;1.27;0;1010.05
1515033;29.25;87.75;0;3.11;2.34;1010.05
1515429;29.25;87.75;0;2.09;7.69;1010.05
1515821;29.25;87.75;3.53;2.75;8.61;1010.05
1516216;29.25;87.00;0;8.07;7.58;1010.05
1516669;29.25;87.00;3.14;7.42;5.19;1010.05
1517063;29.25;87.00;0;6.44;3.36;1010.05
1517456;29.25;87.00;0;11.46;11.44;1010.05
1517780;29.25;87.00;0;10.78;104.58;1010.05
1518176;29.25;87.00;0;14.80;113.35;1010.05
1518568;29.25;87.00;0;20.82;85.56;1010.05
1518961;29.25;87.00;0;14.35;62.34;1010.05
1519405;29.25;87.00;0;9.37;43.69;1010.05
1519797;29.25;87.00;0;9.02;34.39;1010.05
1520188;29.25;87.00;0;6.50;26.37;1010.05
1520579;29.25;87.00;5.10;7.32;21.31;1010.05
1520973;29.25;87.00;6.67;5.27;15.49;1010.05
1521368;29.25;87.00;7.84;3.79;11.25;1010.05
1521764;29.25;87.00;7.84;4.28;7.71;1010.05
1522156;29.25;87.00;5.49;5.16;5.25;1010.05
1522549;29.25;87.00;5.49;3.71;5.88;1010.05
1522859;29.25;87.00;5.10;2.52;3.79;1010.05
1523252;29.25;87.00;0;1.60;2.56;1010.05
1523647;29.25;87.00;0;5.41;6.15;1010.05
1524088;29.25;87.00;0;13.44;37.52;1010.05
1524493;29.25;87.00;0;10.27;36.38;1010.05
1524854;29.25;87.00;0;7.07;26.48;1010.05
1525247;29.25;87.00;0;5.12;18.26;1010.05
1525688;29.25;87.00;0;4.92;12.60;1010.05
1526131;29.25;87.00;0;3.55;9.12;1010.05
1526523;29.25;87.00;0;5.19;7.36;1010.05
1526884;29.25;87.00;0;3.55;5.04;1010.05
1527276;29.25;87.00;0;2.85;4.04;1010.05
1527667;29.25;87.00;0;4.36;3.07;1010.05
1528058;29.25;87.00;0;5.19;2.30;1010.05
1528449;29.25;87.00;1.96;7.93;1.72;1010.05
1528846;29.25;87.00;10.20;14.98;5.74;1010.05
1529252;29.25;87.00;10.20;11.46;6.03;1010.05
1529644;29.25;87.00;10.20;10.41;6.93;1010.05
1530036;29.25;87.00;10.98;8.85;4.73;1010.05
1530431;29.25;87.00;1.96;6.41;3.40;1010.05
1530824;30.00;87.00;0;4.37;2.42;1010.05
1531222;30.00;87.00;0.39;4.92;35.21;1010.05
1531623;30.00;87.00;0.39;3.55;25.64;1010.05
1532016;30.00;87.00;2.35;2.40;18.65;1010.05
1532410;30.00;87.00;2.75;1.70;12.85;1010.05
1532854;30.00;87.00;4.31;1.19;9.32;1010.05
1533298;30.00;87.00;6.28;0.66;6.07;1010.05
1533694;30.00;87.00;3.53;0.39;4.14;1010.05
1534087;30.00;87.00;5.10;0.23;2.81;1010.05
1534483;30.00;87.00;5.49;0.14;4.00;1010.05
1534795;30.00;87.00;5.49;1.91;2.71;1010.05
1535238;30.00;87.00;5.49;1.19;3.34;1010.05
1535646;30.00;87.00;5.88;0.70;2.13;1010.05
1536091;30.00;87.00;7.06;0.33;1.19;1010.05
1536491;30.00;87.00;7.06;0.20;0.82;1010.05
1536800;30.00;87.00;7.06;0.04;0.43;1010.05
1537191;29.25;87.00;6.67;0;1.72;1010.05
1537588;29.25;87.00;6.67;0;1.00;1010.05
1537977;29.25;87.00;6.67;0;0.62;1010.05
1538364;29.25;87.00;4.31;2.21;0.29;1010.05
1538814;29.25;86.25;3.92;1.02;0.06;1010.05
1539211;29.25;86.25;3.92;2.27;0;1010.05
1539655;29.25;86.25;3.92;1.27;0;1010.05
1540094;29.25;86.25;3.92;2.81;0;1010.05
1540533;29.25;86.25;3.92;3.67;1.66;1010.05
1540896;29.25;86.25;3.92;1.86;0.72;1010.05
1541350;29.25;86.25;3.53;1.02;0.35;1010.05
1541745;29.25;86.25;3.14;0.53;0.16;1010.05
1542192;29.25;86.25;3.53;0.21;1.86;1010.05
1542587;29.25;86.25;11.37;0.08;2.93;1010.05
1542984;29.25;86.25;8.24;0;1.66;1010.05
1543430;29.25;86.25;5.49;0;0.72;1010.05
1543820;29.25;86.25;4.31;0;0.33;1010.05
1544211;29.25;86.25;3.14;0;0.14;1010.05
1544602;29.25;86.25;3.14;0;1.60;1010.05
1544989;29.25;86.25;2.75;0;1.00;1010.05
1545378;29.25;86.25;0;0;0.43;1010.05
1545818;29.25;86.25;0;0;0.20;1010.05
1546206;29.25;86.25;0.39;0;0.02;1010.05
1546596;29.25;86.25;1.57;0;1.86;1010.05
1546987;29.25;85.50;2.35;2.34;5.14;1010.05
1547485;29.25;85.50;2.75;95.33;75.70;1010.05
1547861;29.25;85.50;3.14;143.10;141.83;1010.05
1548269;29.25;85.50;3.14;160.46;180.69;1010.05
1548660;29.25;85.50;3.14;186.37;194.75;1010.05
1549050;29.25;85.50;3.14;201.96;229.40;1010.05
1549441;29.25;85.50;5.10;231.82;212.66;1010.05
1549835;29.25;85.50;5.49;218.44;173.88;1010.05
1550230;29.25;85.50;5.49;167.04;184.48;1010.05
1550624;29.25;85.50;5.49;194.23;177.35;1010.05
1551016;29.25;85.50;5.49;226.47;248.36;1010.05
1551415;29.25;85.50;0.78;179.46;221.47;1010.05
1551809;29.25;85.50;2.35;222.64;241.96;1010.05
1552205;29.25;85.50;7.45;281.13;291.06;1010.05
1552601;29.25;85.50;6.28;315.66;321.52;1010.05
1552994;29.25;85.50;4.71;326.95;302.99;1010.05
1553440;29.25;85.50;4.71;321.85;299.84;1010.05
1553830;29.25;85.50;3.14;299.20;267.52;1010.05
1554229;29.25;85.50;0;314.04;312.85;1010.05
1554724;29.25;85.50;1.96;270.88;269.49;1010.05
1555119;29.25;85.50;6.28;311.21;286.86;1010.05
1555513;29.25;84.75;0;258.48;244.44;1010.05
1555832;29.25;84.75;0;179.21;186.96;1010.05
1556223;29.25;84.75;0;175.73;161.49;1010.05
1556668;29.25;84.75;0;168.29;217.92;1010.05
1557060;29.25;84.75;0;230.65;247.76;1010.05
1557454;29.25;84.75;0;285.84;280.55;1010.05
1557844;29.25;84.75;0.39;299.71;293.85;1010.05
1558239;29.25;84.75;0.78;319.80;319.26;1010.05
1558685;29.25;84.75;0.78;334.49;327.21;1010.05
1559076;29.25;84.75;0.78;343.16;316.66;1010.05
1559468;29.25;84.75;0.78;330.10;337.95;1010.05
1559860;29.25;84.75;0.78;348.98;341.89;1010.05
1560251;29.25;84.75;0.78;330.86;343.61;1010.05
1560642;29.25;84.75;2.75;288.40;348.10;1010.05
1561088;29.25;84.75;2.75;262.29;304.61;1010.05
1561482;29.25;84.75;2.75;233.31;284.63;1010.05
1561874;29.25;84.75;3.14;216.35;253.46;1010.05
1562319;29.25;84.75;3.14;218.13;223.15;1010.05
1562762;29.25;84.75;3.14;252.48;276.88;1010.05
1563157;29.25;84.75;3.14;292.13;303.63;1010.05
1563548;30.00;84.75;3.14;311.72;318.96;1010.05
1563864;30.00;84.75;3.14;330.21;344.06;1010.05
1564255;30.00;84.75;3.14;321.23;352.15;1010.05
1564645;30.00;84.75;3.14;341.44;350.09;1010.05
1565035;30.00;84.75;3.14;340.43;353.34;1010.05
1565426;30.00;84.75;3.14;322.15;335.64;1010.05
1565817;30.00;84.75;3.14;326.37;313.20;1010.05
1566259;30.00;84.75;3.14;296.86;320.06;1010.05
1566656;30.00;84.75;3.14;309.88;321.46;1010.05
1567049;30.00;84.75;3.14;333.71;310.14;1010.05
1567441;30.00;84.75;3.14;292.62;276.13;1010.05
1567833;30.00;84.75;3.14;291.66;272.48;1010.05
1568274;30.00;84.75;3.14;296.60;297.52;1010.05
1568716;30.00;84.75;2.35;317.99;326.50;1010.05
1569161;30.00;84.75;1.57;345.13;346.48;1010.05
1569558;30.00;84.75;0.78;351.40;345.41;1010.05
1569873;30.00;84.75;0.78;351.58;352.99;1010.05
1570264;30.00;84.75;0;357.73;313.50;1010.05
1570760;30.00;84.75;0;339.31;337.38;1010.05
1571152;30.00;84.75;0;292.36;319.20;1010.05
1571543;30.00;84.75;0;317.13;336.46;1010.05
1571856;30.00;84.75;0;309.18;304.59;1010.05
1572247;30.00;84.75;0;261.76;249.24;1010.05
1572638;30.00;84.75;2.35;247.13;196.10;1010.05
1573032;30.00;84.75;0;202.33;165.87;1010.05
1573428;30.00;84.75;0;168.99;128.25;1010.05
1573821;30.00;84.75;0;130.17;107.16;1010.05
1574214;30.00;84.75;0.39;109.64;97.88;1010.05
1574609;30.00;84.75;0.39;130.85;103.80;1010.05
1574927;30.00;84.75;0.78;194.42;150.22;1010.05
1575323;30.00;84.75;3.92;216.82;158.15;1010.05
1575719;30.00;84.75;3.92;257.07;191.12;1010.05
1576112;30.00;84.75;3.92;290.51;193.19;1010.05
1576513;30.00;84.75;3.53;310.08;244.61;1010.05
1576908;30.00;84.75;3.92;289.73;254.30;1010.05
1577307;30.00;84.75;3.92;287.40;255.04;1010.05
1577698;30.00;84.75;3.92;301.48;272.80;1010.05
1578089;30.00;84.75;3.92;315.60;265.18;1010.05
1578480;30.00;84.75;4.31;278.13;243.50;1010.05
1578924;30.00;85.50;0;301.76;254.89;1010.05
1579323;30.00;85.50;4.31;302.44;205.85;1010.05
1579718;30.00;85.50;4.31;311.80;202.98;1010.05
1580175;30.00;85.50;4.71;327.56;253.07;1010.05
1580571;30.00;85.50;4.71;336.37;283.52;1010.05
1580883;30.00;85.50;4.71;324.08;311.70;1010.05
1581275;30.00;85.50;4.71;338.32;308.24;1010.05
1581669;30.00;85.50;4.71;345.84;329.86;1010.05
1582061;30.00;85.50;3.92;350.68;288.65;1010.05
1582458;30.00;85.50;3.53;350.66;320.51;1010.05
1582853;30.00;85.50;3.14;349.94;329.92;1010.05
1583249;30.00;85.50;3.53;334.31;318.67;1010.05
1583647;30.00;85.50;3.53;331.89;339.18;1010.05
1584041;30.00;85.50;3.53;323.96;310.21;1010.05
1584432;30.00;85.50;3.53;321.99;300.55;1010.05
1584926;30.00;85.50;3.53;277.46;242.27;1010.05
1585319;30.00;85.50;3.53;219.89;215.01;1010.05
1585712;30.00;85.50;3.53;225.77;239.81;1010.05
1586103;30.00;85.50;1.96;279.42;291.27;1010.05
1586505;30.00;85.50;2.35;309.18;318.46;1010.05
1586901;30.00;85.50;2.35;328.53;332.95;1010.05
1587292;30.00;86.25;2.35;242.17;233.50;1010.05
1587686;30.00;86.25;2.75;149.56;145.28;1010.05
1588081;30.00;86.25;2.75;93.04;92.38;1010.05
1588541;30.00;86.25;2.75;54.88;65.21;1010.05
1588851;30.00;86.25;2.75;34.10;38.42;1010.05
1589245;30.00;86.25;2.75;20.08;25.56;1010.05
1589636;30.00;86.25;2.75;14.59;17.62;1010.05
1589947;30.00;86.25;2.75;8.55;12.42;1010.05
1590390;30.00;86.25;2.75;5.21;7.68;1010.05
1590780;30.00;86.25;2.75;3.18;4.43;1010.05
1591170;30.00;86.25;2.75;1.91;2.70;1010.05
1591612;30.00;86.25;2.75;1.11;1.60;1010.05
1591974;30.00;86.25;1.57;0.59;0.94;1010.05
1592369;30.00;86.25;1.57;0.31;0.51;1010.05
1592759;30.00;86.25;1.96;2.36;1.80;1010.05
1593152;30.00;86.25;2.35;3.61;2.73;1010.05
1593546;30.00;86.25;2.75;2.44;1.93;1010.05
1593861;30.00;86.25;2.75;1.52;1.11;1010.05
1594306;30.00;86.25;2.75;0.88;2.15;1010.05
1594699;30.00;86.25;2.75;0.47;1.35;1010.05
1595092;30.00;86.25;2.35;0.23;0.76;1010.05
1595485;30.00;86.25;0;1.89;2.73;1010.05
1595878;30.00;86.25;0;1.11;1.72;1010.05
1596269;30.00;86.25;0.39;0.66;1.00;1010.05
1596663;30.00;86.25;1.96;0.35;0.59;1010.05
1597059;30.00;86.25;2.75;0.20;0.33;1010.05
1597454;30.00;86.25;3.14;0.04;0.18;1010.05
1597850;30.00;86.25;5.10;0;4.28;1010.05
1598244;30.00;86.25;7.45;0;6.13;1010.05
1598636;30.00;86.25;7.45;1.97;4.41;1010.05
1598946;30.00;86.25;7.45;2.99;2.70;1010.05
1599389;30.00;86.25;7.45;1.80;1.50;1010.05
1599780;30.00;86.25;7.45;3.22;4.20;1010.05
1600171;30.00;86.25;7.06;1.70;3.87;1010.05
1600565;29.25;86.25;5.10;1.05;4.36;1010.05
1600883;29.25;86.25;3.92;1.70;1.99;1010.05
1601327;29.25;86.25;3.92;2.75;1.04;1010.05
1601770;29.25;86.25;0;1.45;1.89;1010.05
1602165;29.25;86.25;1.18;2.34;2.52;1010.05
1602560;29.25;86.25;1.57;3.59;1.60;1010.05
1602874;29.25;86.25;3.53;2.03;0.88;1010.05
1603321;29.25;86.25;3.92;0.94;0.33;1010.05
1603765;29.25;86.25;3.92;2.38;0.12;1010.05
1604157;29.25;86.25;3.92;1.27;0;1010.05
1604548;29.25;86.25;0;0.66;1.56;1010.05
1604943;29.25;86.25;3.53;0.31;0.84;1010.05
1605387;29.25;86.25;5.49;2.21;2.32;1010.05
1605785;29.25;86.25;5.88;1.23;3.32;1010.05
1606179;29.25;86.25;5.88;0.61;3.79;1010.05
1606575;29.25;86.25;5.49;1.95;2.29;1010.05
1606890;29.25;86.25;3.14;0.96;1.19;1010.05
1607336;29.25;86.25;3.14;0.35;0.47;1010.05
1607730;29.25;86.25;1.57;0.14;0.20;1010.05
1608126;29.25;86.25;7.45;0;0;1010.05
1608622;29.25;86.25;7.06;0;0;1010.05
1608929;29.25;86.25;4.31;0;0;1010.05
1609418;29.25;86.25;3.53;1.76;0;1010.05
1609860;29.25;86.25;2.35;0.90;2.09;1010.05
1610258;29.25;85.50;2.75;0.37;1.07;1010.05
1610656;29.25;85.50;0;48.34;109.49;1010.05
1611032;29.25;85.50;0.78;143.55;189.83;1010.05
1611435;29.25;85.50;1.57;175.81;235.08;1010.05
1611830;29.25;85.50;0;195.50;251.92;1010.05
1612226;29.25;85.50;0;163.08;251.43;1010.05
1612617;29.25;85.50;1.18;126.22;206.22;1010.05
1612933;29.25;85.50;2.35;116.18;241.98;1010.05
1613328;29.25;85.50;4.31;89.82;234.97;1010.05
1613721;29.25;85.50;4.71;162.39;175.30;1010.05
1614137;29.25;85.50;6.67;114.29;195.20;1010.05
1614532;29.25;85.50;0;105.17;198.68;1010.05
1614928;29.25;85.50;1.18;150.03;210.36;1010.05
1615321;29.25;85.50;1.96;224.09;263.69;1010.05
1615715;29.25;85.50;1.96;253.58;295.08;1010.05
1616108;29.25;85.50;1.96;283.91;314.14;1009.97
1616557;29.25;85.50;0;289.22;325.06;1009.97
1616954;29.25;85.50;0;271.64;297.62;1010.01
1617450;29.25;85.50;0.39;261.29;286.45;1010.01
1617847;29.25;85.50;9.81;300.14;303.18;1010.01
1618242;29.25;85.50;0;314.08;310.49;1010.05
1618692;29.25;85.50;0;232.29;245.20;1010.05
1619084;29.25;85.50;0.78;196.86;242.23;1010.05
1619480;29.25;85.50;1.18;210.69;222.84;1010.05
1619875;29.25;85.50;1.57;194.15;251.35;1010.05
1620321;29.25;85.50;1.96;178.39;225.55;1010.05
1620718;29.25;85.50;4.31;166.51;255.73;1010.05
1621112;29.25;85.50;4.31;213.21;262.37;1010.05
1621503;29.25;85.50;1.57;245.41;307.54;1010.05
1621949;29.25;85.50;0;235.67;317.25;1010.05
1622345;29.25;85.50;3.14;220.24;262.64;1010.05
1622738;29.25;85.50;9.41;242.39;250.34;1010.05
1623182;29.25;85.50;9.41;261.58;282.09;1010.05
1623625;29.25;85.50;8.63;307.07;256.23;1010.05
1623991;29.25;85.50;2.75;320.60;237.02;1010.05
1624400;29.25;85.50;3.53;327.89;245.75;1010.05
1624799;29.25;85.50;3.92;332.65;223.83;1010.05
1625195;29.25;85.50;3.92;334.47;257.01;1010.05
1625637;29.25;85.50;3.53;334.02;279.01;1010.05
1625951;29.25;85.50;3.53;335.21;311.31;1010.05
1626341;29.25;85.50;3.53;321.25;322.83;1010.05
1626734;29.25;85.50;3.53;335.39;324.12;1010.05
1627176;29.25;85.50;3.53;344.69;336.01;1010.05
1627568;29.25;85.50;3.53;352.56;347.15;1010.05
1627958;29.25;85.50;4.31;353.90;348.92;1010.05
1628353;29.25;85.50;4.31;355.76;349.12;1010.05
1628744;29.25;85.50;4.31;356.05;318.81;1010.05
1629195;29.25;85.50;4.31;356.19;346.66;1010.05
1629586;29.25;85.50;3.53;356.81;335.43;1010.05
1629982;29.25;85.50;2.75;321.89;344.37;1010.05
1630378;29.25;85.50;0.78;247.05;277.68;1010.05
1630826;29.25;85.50;1.18;196.61;265.63;1010.05
1631222;29.25;85.50;1.18;205.63;300.18;1010.05
1631614;29.25;85.50;1.57;198.91;295.33;1010.05
1631928;29.25;85.50;4.71;193.72;308.34;1010.05
1632323;29.25;85.50;4.31;187.14;304.38;1010.05
1632718;29.25;85.50;4.31;217.54;329.37;1010.05
1633113;29.25;85.50;4.31;227.64;301.80;1010.05
1633505;29.25;85.50;4.31;284.06;315.29;1010.05
1633899;29.25;85.50;1.96;247.62;278.19;1010.05
1634397;29.25;85.50;0.39;229.26;289.81;1010.05
1634793;29.25;85.50;0;280.69;299.63;1010.05
1635187;29.25;85.50;3.92;311.41;306.84;1010.05
1635684;29.25;85.50;4.71;267.62;316.17;1010.05
1635998;29.25;85.50;4.31;274.38;296.90;1010.05
1636396;29.25;85.50;3.53;295.53;306.89;1010.05
1636790;29.25;85.50;3.14;285.37;259.57;1010.05
1637185;29.25;85.50;8.24;254.79;235.10;1010.05
1637579;29.25;85.50;3.14;253.85;255.30;1010.05
1637975;29.25;85.50;3.14;229.01;212.15;1010.05
1638367;29.25;85.50;3.14;236.51;240.14;1010.05
1638761;29.25;85.50;1.96;285.16;276.78;1010.05
1639156;29.25;85.50;2.35;296.45;313.10;1010.05
1639550;29.25;85.50;2.35;333.47;334.55;1010.05
1639942;29.25;85.50;2.35;310.04;293.75;1010.05
1640334;29.25;85.50;2.35;301.56;244.28;1010.05
1640724;29.25;85.50;2.35;300.39;259.67;1010.05
1641115;29.25;85.50;2.35;290.80;299.20;1010.05
1641505;29.25;85.50;7.45;290.02;317.68;1010.05
1641899;29.25;85.50;7.45;298.73;321.89;1010.05
1642342;29.25;85.50;0;326.46;323.57;1010.05
1642788;29.25;85.50;0.39;319.67;330.55;1010.05
1643184;29.25;85.50;1.18;282.03;301.45;1010.05
1643578;29.25;85.50;4.71;266.04;238.38;1010.05
1643942;29.25;85.50;7.84;198.09;184.56;1010.05
1644337;29.25;85.50;7.45;265.18;257.15;1010.05
1644783;29.25;85.50;7.06;306.23;272.81;1010.05
1645177;29.25;85.50;3.14;332.30;315.68;1010.05
1645571;29.25;85.50;0;343.44;314.45;1010.05
1646017;29.25;85.50;5.49;346.76;337.56;1010.05
1646461;29.25;85.50;3.92;350.13;344.29;1010.05
1646908;29.25;85.50;3.53;341.52;350.39;1010.05
1647303;29.25;85.50;3.53;279.71;337.95;1010.05
1647745;29.25;85.50;1.18;311.84;347.99;1010.05
1648139;29.25;85.50;1.18;264.34;301.70;1010.05
1648531;29.25;85.50;1.18;194.62;218.78;1010.05
1648922;29.25;85.50;0;193.76;178.91;1010.05
1649317;29.25;85.50;0.78;203.29;171.77;1009.97
1649715;29.25;85.50;0.78;180.36;157.57;1009.97
1650078;29.25;85.50;0.78;247.09;222.56;1010.01
1650475;29.25;85.50;1.18;287.81;276.53;1010.01
1650870;29.25;85.50;1.18;317.15;303.77;1010.01
1651260;29.25;85.50;1.57;330.21;321.46;1010.05
1651657;29.25;85.50;1.57;350.23;333.42;1010.05
1651971;29.25;85.50;1.57;352.30;344.43;1010.05
1652413;29.25;85.50;0;303.22;348.49;1010.05
1652807;29.25;85.50;0;224.91;298.24;1010.05
1653200;29.25;85.50;0;158.88;239.28;1010.05
1653591;29.25;85.50;0.39;175.50;208.25;1010.05
1653986;29.25;85.50;0.39;164.52;212.33;1010.05
1654480;29.25;85.50;0.39;178.93;217.37;1010.05
1654922;29.25;85.50;1.18;192.35;202.82;1010.05
1655319;29.25;85.50;4.71;220.14;168.49;1010.05
1655713;29.25;85.50;4.71;205.79;143.12;1010.05
1656023;29.25;85.50;4.71;238.87;139.05;1010.05
1656414;29.25;85.50;4.71;277.91;172.78;1010.05
1656811;29.25;85.50;4.71;308.01;232.19;1010.05
1657204;29.25;85.50;4.71;289.18;241.57;1010.05
1657598;29.25;85.50;4.31;319.61;266.98;1010.05
1657995;29.25;85.50;4.31;328.63;273.03;1010.05
1658386;29.25;85.50;2.35;309.04;301.62;1010.05
1658780;29.25;85.50;0.78;316.46;317.34;1010.05
1659178;29.25;85.50;0;290.72;270.74;1010.05
1659574;29.25;85.50;0;221.92;200.53;1010.05
1659970;29.25;85.50;0;180.07;217.45;1010.05
1660361;29.25;86.25;0.39;139.74;165.54;1010.05
1660758;29.25;86.25;0.78;96.58;128.02;1010.05
1661153;29.25;86.25;1.57;66.75;95.15;1010.05
1661548;29.25;86.25;1.96;48.63;65.76;1010.05
1661941;29.25;86.25;2.75;36.58;47.91;1010.05
1662336;29.25;86.25;2.75;25.25;34.98;1010.05
1662729;29.25;86.25;2.75;19.37;26.83;1010.05
1663092;29.25;86.25;3.14;12.66;17.54;1010.05
1663488;29.25;86.25;3.14;8.24;11.43;1010.05
1663881;29.25;86.25;0;7.58;7.05;1009.97
1664278;29.25;86.25;0;9.37;15.49;1009.97
1664732;29.25;86.25;0;21.35;75.80;1010.01
1665055;29.25;86.25;0;14.71;69.06;1010.01
1665446;29.25;86.25;0;14.90;51.60;1010.01
1665837;29.25;86.25;0;14.84;40.90;1010.05
1666235;29.25;86.25;3.92;11.93;31.87;1010.05
1666630;29.25;86.25;3.92;8.65;23.18;1010.05
1667026;29.25;86.25;3.92;6.60;17.79;1010.05
1667417;29.25;86.25;3.14;4.51;12.26;1010.05
1667862;29.25;86.25;6.28;2.73;7.56;1010.05
1668258;29.25;86.25;6.67;1.82;4.90;1010.05
1668666;29.25;86.25;6.67;1.19;5.76;1010.05
1669028;29.25;86.25;12.94;2.93;3.52;1010.05
1669430;29.25;86.25;14.90;1.66;3.83;1010.05
1669876;29.25;86.25;0;0.78;1.82;1010.05
1670322;29.25;86.25;10.20;0.37;1.05;1010.05
1670722;29.25;86.25;10.59;0.20;0.59;1010.05
1671036;29.25;86.25;10.20;0.02;0.27;1010.05
1671431;29.25;86.25;10.20;0;0.14;1010.05
1671878;29.25;86.25;7.45;0;0;1010.05
1672268;29.25;86.25;5.88;0;0;1010.05
1672656;29.25;86.25;5.88;0;0;1010.05
1672962;29.25;86.25;5.88;0;1.56;1010.05
1673401;29.25;86.25;5.88;0;2.89;1010.05
1673840;29.25;86.25;3.14;2.09;1.35;1010.05
1674256;29.25;86.25;0;1.15;2.29;1010.05
1674656;29.25;86.25;0;0.68;3.73;1010.05
1674968;29.25;86.25;0;1.80;2.01;1010.05
1675358;29.25;86.25;0;1.00;1.11;1010.05
1675749;29.25;86.25;0;0.62;0.70;1010.05
1676061;29.25;86.25;0;0.31;0.35;1009.97
1676458;29.25;86.25;0;0.16;0.18;1009.97
1676854;29.25;86.25;0;4.16;1.84;1009.94
1677302;29.25;86.25;0;48.47;9.10;1009.97
1677702;29.25;86.25;0;35.29;19.67;1009.97
1678019;29.25;86.25;0;31.95;24.47;1010.01
1678415;29.25;86.25;0;26.52;19.00;1010.01
1678808;29.25;86.25;0;21.62;17.11;1010.01
1679200;29.25;86.25;0;22.64;16.58;1010.01
1679592;29.25;86.25;2.35;38.85;16.05;1010.05
1679989;29.25;86.25;2.35;28.26;11.66;1010.05
1680382;29.25;86.25;2.35;20.55;8.44;1010.05
1680775;29.25;86.25;2.35;14.92;6.13;1010.05
1681168;29.25;86.25;2.35;10.82;4.41;1010.05
1681561;29.25;86.25;2.35;7.44;4.96;1010.05
1681952;29.25;86.25;2.75;5.39;3.55;1010.05
1682348;29.25;86.25;3.14;3.87;2.54;1010.05
1682795;29.25;86.25;4.71;2.75;1.70;1010.05
1683191;29.25;86.25;5.10;1.84;1.19;1010.05
1683586;29.25;86.25;5.10;1.21;0.76;1010.05
1683976;28.50;86.25;5.88;0.78;0.43;1010.05
1684384;28.50;86.25;8.63;0.49;0.25;1010.05
1684781;28.50;86.25;16.08;0.27;0.10;1010.05
1685233;28.50;86.25;16.47;0.10;0;1010.05
1685627;28.50;86.25;16.86;0;0;1010.05
1686018;28.50;86.25;16.47;1.66;0;1010.05
1686409;28.50;85.50;21.57;0.90;0;1010.05
1686803;28.50;85.50;23.92;111.09;62.83;1010.05
1687262;28.50;85.50;0;155.87;170.32;1009.97
1687667;28.50;85.50;12.55;180.67;175.18;1009.97
1687988;28.50;85.50;14.90;169.07;206.39;1010.01
1688389;28.50;85.50;15.30;183.07;237.58;1010.01
1688785;28.50;85.50;15.30;156.61;230.28;1009.94
1689180;28.50;85.50;14.90;141.59;228.97;1009.97
1689579;28.50;85.50;14.90;141.22;214.11;1009.78
1689986;28.50;85.50;14.51;129.23;167.67;1009.58
1690486;28.50;85.50;13.33;106.95;182.08;1009.62
1690887;28.50;85.50;0;124.64;199.87;1009.66
1691286;28.50;85.50;0;186.98;232.95;1009.74
1691682;28.50;85.50;0;198.87;282.97;1009.66
1691999;28.50;85.50;0;258.79;318.46;1009.62
1692394;28.50;85.50;0;296.62;336.81;1009.58
1692787;28.50;85.50;0;303.67;312.83;1009.54
1693233;28.50;85.50;0;323.65;322.19;1009.47
1693632;28.50;85.50;0;318.40;309.22;1009.39
1694029;28.50;84.75;0;239.73;230.40;1009.35
1694487;28.50;84.75;0;176.61;239.69;1009.47
1694883;28.50;84.75;0;166.88;250.69;1009.62
1695281;28.50;84.75;0;151.16;243.54;1009.74
1695677;28.50;84.75;0;154.27;212.02;1009.78
1695998;28.50;84.75;0;152.43;170.67;1009.86
1696444;28.50;84.75;0;143.43;139.19;1009.90
1696841;28.50;84.75;0;194.83;128.72;1009.94
1697239;28.50;84.75;0;200.65;139.91;1009.97
1697686;28.50;84.75;0;213.21;121.73;1009.97
1697998;28.50;84.75;0.39;172.66;98.59;1010.01
1698449;28.50;84.75;0.78;156.51;103.31;1010.01
1698848;28.50;84.75;0.78;179.27;108.59;1010.01
1699290;28.50;84.75;1.57;222.37;160.48;1010.05
1699689;28.50;84.75;2.35;243.29;174.97;1010.05
1700006;28.50;84.75;2.75;259.18;150.48;1010.05
1700401;28.50;84.75;2.75;251.68;138.31;1010.05
1700844;28.50;84.75;2.75;189.85;96.67;1010.05
1701238;28.50;84.75;3.14;189.58;105.72;1010.05
1701637;28.50;84.75;3.53;164.54;122.51;1010.05
1702033;28.50;84.75;3.53;143.51;123.78;1010.05
1702477;28.50;84.75;3.53;145.11;147.22;1010.05
1702871;28.50;84.75;3.53;214.38;222.27;1010.05
1703262;28.50;85.50;3.53;247.23;271.51;1010.05
1703656;28.50;85.50;3.53;291.90;300.96;1010.05
1704048;28.50;85.50;2.35;314.16;309.12;1010.05
1704447;28.50;85.50;0;259.03;251.62;1010.05
1704846;28.50;85.50;0;209.46;191.61;1010.05
1705237;28.50;85.50;0;199.52;200.57;1010.05
1705629;28.50;85.50;0;173.50;201.08;1010.05
1706020;28.50;85.50;0;187.64;217.19;1010.05
1706413;28.50;85.50;0;181.61;209.13;1010.05
1706855;28.50;85.50;2.75;168.54;176.14;1010.05
1707251;28.50;85.50;2.75;148.88;160.91;1010.05
1707645;28.50;85.50;3.14;128.78;163.74;1010.05
1708038;28.50;85.50;3.14;155.85;164.70;1010.05
1708431;28.50;85.50;3.53;146.92;174.79;1010.05
1708827;28.50;85.50;3.92;198.87;214.48;1010.05
1709223;28.50;85.50;7.06;256.16;248.28;1010.05
1709620;28.50;85.50;5.10;286.21;296.09;1010.05
1710067;28.50;85.50;3.53;291.37;319.96;1010.05
1710464;28.50;85.50;3.92;325.04;325.68;1010.05
1710858;28.50;85.50;3.92;296.15;331.44;1010.05
1711249;28.50;85.50;3.92;302.17;337.11;1010.05
1711640;28.50;85.50;3.92;328.92;320.39;1010.05
1712037;28.50;85.50;3.92;332.62;310.82;1010.05
1712479;28.50;85.50;3.92;338.22;285.12;1010.05
1712872;28.50;85.50;4.71;329.84;246.14;1010.05
1713282;28.50;85.50;0;328.28;246.66;1010.05
1713679;28.50;85.50;9.02;334.86;202.47;1010.05
1714074;28.50;85.50;3.14;308.34;170.79;1010.05
1714500;28.50;85.50;3.14;332.50;237.72;1010.05
1714893;28.50;85.50;0;289.24;228.19;1010.05
1715287;28.50;85.50;0;285.29;249.71;1010.05
1715681;28.50;85.50;0;288.22;248.07;1010.05
1716075;28.50;85.50;0;290.39;261.98;1010.05
1716519;28.50;85.50;0;308.98;276.53;1010.05
1716912;28.50;85.50;0;258.97;237.78;1010.05
1717305;28.50;85.50;0;192.84;193.27;1010.05
1717696;28.50;85.50;1.18;189.09;196.59;1010.05
1718094;28.50;85.50;1.18;214.50;209.64;1010.05
1718486;28.50;85.50;2.35;183.48;223.46;1010.05
1718934;28.50;85.50;2.35;198.25;218.89;1010.05
1719325;28.50;85.50;3.14;168.35;230.47;1010.05
1719719;28.50;85.50;3.53;150.28;248.93;1010.05
1720033;28.50;85.50;8.24;137.04;288.99;1010.05
1720430;28.50;85.50;8.24;215.57;317.87;1010.05
1720874;28.50;85.50;7.06;266.00;332.34;1010.05
1721271;28.50;85.50;7.06;303.55;343.38;1010.05
1721664;29.25;85.50;7.06;326.95;327.05;1010.05
1722072;29.25;85.50;7.06;286.86;295.39;1010.05
1722463;29.25;85.50;6.28;210.28;230.51;1010.05
1722858;29.25;85.50;1.57;263.23;257.00;1010.05
1723254;29.25;85.50;1.57;191.26;199.89;1010.05
1723646;29.25;85.50;1.57;243.27;255.20;1010.05
1724037;29.25;85.50;1.57;167.59;174.62;1010.05
1724479;29.25;85.50;1.57;198.46;190.44;1010.05
1724873;29.25;85.50;1.57;219.95;180.11;1010.05
1725265;29.25;85.50;1.96;184.85;182.76;1010.05
1725660;29.25;85.50;2.35;182.55;190.91;1010.05
1726106;29.25;85.50;2.35;214.69;256.80;1010.05
1726500;29.25;85.50;2.35;256.94;276.76;1010.05
1726893;29.25;85.50;3.92;297.91;307.40;1010.05
1727288;29.25;85.50;3.92;319.69;331.19;1010.05
1727680;29.25;85.50;3.92;330.94;322.01;1010.05
1728124;29.25;85.50;3.53;338.69;347.65;1010.05
1728569;29.25;85.50;3.92;343.20;350.50;1010.05
1728966;29.25;85.50;4.71;330.99;340.47;1010.05
1729361;29.25;85.50;3.53;320.62;335.37;1010.05
1729808;29.25;85.50;0.39;315.70;322.36;1010.05
1730123;29.25;85.50;1.96;214.13;325.94;1010.05
1730572;29.25;85.50;1.96;208.13;322.77;1010.05
1730964;29.25;85.50;1.96;223.50;329.73;1010.05
1731355;29.25;85.50;1.96;213.40;302.83;1010.05
1731748;29.25;85.50;2.35;237.41;330.62;1010.05
1732074;29.25;85.50;1.96;281.45;338.03;1010.05
1732471;29.25;85.50;7.06;307.36;357.15;1010.05
1732869;29.25;85.50;7.06;324.63;341.29;1010.05
1733260;29.25;85.50;5.10;338.67;345.76;1010.05
1733655;29.25;85.50;5.10;285.47;351.11;1010.05
1734048;29.25;85.50;0;321.56;319.30;1010.05
1734460;29.25;85.50;0;266.72;231.66;1010.05
1734854;29.25;85.50;0;212.72;168.86;1010.05
1735246;29.25;85.50;0;154.38;118.12;1010.05
1735639;29.25;85.50;0.39;131.96;102.40;1009.97
1736037;29.25;85.50;0.78;115.44;99.68;1009.97
1736483;29.25;85.50;0.39;148.25;149.76;1010.01
1736885;29.25;85.50;0.78;215.24;186.18;1010.01
1737332;29.25;85.50;0.39;157.04;150.60;1010.01
1737728;29.25;85.50;0;158.99;171.67;1010.01
1738043;29.25;85.50;0;155.93;162.63;1010.05
1738438;29.25;85.50;0;145.67;162.61;1010.05
1738830;29.25;85.50;0;144.35;165.95;1010.05
1739141;29.25;86.25;0;184.85;152.04;1010.05
1739536;29.25;86.25;0;147.78;126.79;1010.05
1739929;29.25;86.25;0;114.70;106.42;1009.97
1740375;29.25;86.25;0;93.80;79.53;1010.01
1740774;29.25;86.25;0;82.94;75.93;1010.01
1741086;29.25;86.25;0.39;67.83;58.30;1010.01
1741481;29.25;86.25;0.39;71.21;45.78;1010.01
1741874;29.25;86.25;3.53;54.66;35.11;1010.05
1742276;29.25;86.25;8.63;49.31;29.06;1010.05
1742673;29.25;86.25;9.81;35.92;22.28;1010.05
1743069;29.25;86.25;9.81;28.24;15.37;1010.05
1743511;29.25;86.25;9.81;20.47;10.57;1010.05
1743952;29.25;86.25;9.81;13.36;6.86;1010.05
1744345;29.25;86.25;9.41;9.92;4.18;1009.97
1744745;29.25;86.25;9.41;6.13;4.77;1009.97
1745057;29.25;86.25;0;4.18;3.07;1009.94
1745458;29.25;86.25;0.78;4.77;3.55;1009.94
1745902;29.25;86.25;2.35;2.44;1.91;1009.97
1746302;29.25;86.25;2.35;3.65;1.11;1010.01
1746696;29.25;86.25;2.35;2.19;0.62;1010.01
1747146;29.25;86.25;1.96;3.11;0.31;1009.94
1747544;29.25;86.25;1.57;1.86;2.36;1009.97
1747941;29.25;86.25;1.57;1.07;1.41;1009.94
1748389;29.25;86.25;0;0.53;0.66;1009.97
1748789;29.25;86.25;0;2.32;0.43;1009.97
1749101;29.25;86.25;0.78;1.37;2.01;1010.01
1749501;29.25;86.25;1.18;0.84;1.27;1010.01
1749899;29.25;86.25;1.18;0.49;0.76;1010.01
1750292;29.25;86.25;3.53;0.27;5.84;1010.01
1750686;29.25;86.25;3.53;0.12;3.75;1010.05
1751133;29.25;86.25;3.53;2.21;2.27;1010.05
1751575;29.25;86.25;3.53;3.38;2.89;1010.05
1751970;29.25;86.25;3.92;2.03;1.82;1010.05
1752365;29.25;86.25;3.92;1.19;1.05;1010.05
1752756;29.25;86.25;3.92;0.76;0.66;1010.05
1753066;29.25;86.25;3.92;0.39;0.33;1010.05
1753458;29.25;86.25;3.92;0.23;0.20;1010.05
1753848;29.25;86.25;3.92;0.06;0;1010.05
1754160;29.25;86.25;3.92;0;0;1010.05
1754550;29.25;86.25;2.75;0;2.21;1010.05
1754942;29.25;86.25;2.75;0;1.23;1010.05
1755331;29.25;86.25;2.75;1.66;0.64;1010.05
1755723;29.25;86.25;2.75;2.79;0.33;1009.90
1756119;29.25;86.25;3.14;3.91;0.14;1009.86
1756518;29.25;86.25;0;2.23;0;1009.90
1756917;29.25;86.25;2.35;4.82;0;1009.94
1757332;29.25;86.25;3.14;3.26;1.76;1009.97
1757732;29.25;86.25;2.35;2.07;1.23;1009.97
1758129;29.25;86.25;0;1.37;0.78;1010.01
1758529;29.25;86.25;0;55.19;43.88;1010.01
1758936;29.25;86.25;0.39;49.53;37.71;1010.01
1759331;29.25;86.25;0.78;34.20;26.01;1010.05
1759781;29.25;86.25;1.57;23.61;21.01;1010.05
1760095;29.25;86.25;2.75;16.27;14.45;1009.97
1760497;29.25;86.25;2.75;11.19;9.92;1009.97
1760890;29.25;86.25;2.75;8.10;6.82;1010.01
1761287;29.25;86.25;2.75;5.51;4.67;1010.01
1761680;29.25;86.25;2.75;5.55;3.18;1010.01
1762073;29.25;86.25;2.75;3.77;2.15;1010.01
1762464;29.25;86.25;2.75;2.87;3.73;1010.05
1762859;29.25;86.25;3.14;1.91;2.52;1010.05
1763176;29.25;86.25;3.14;1.19;1.70;1010.05
1763568;29.25;86.25;3.14;0.76;1.11;1010.05
1763960;29.25;86.25;3.14;0.51;0.76;1010.05
1764350;29.25;86.25;3.14;0.29;0.43;1010.05
1764742;29.25;86.25;3.14;0.14;0.25;1010.05
1765133;29.25;86.25;3.14;0;0.10;1009.97
1765531;29.25;86.25;3.14;1.97;0;1009.97
1765922;29.25;86.25;3.14;1.31;0;1010.01
1766315;29.25;86.25;3.14;0.78;0;1010.01
1766702;29.25;86.25;3.14;0.45;0;1010.01
1767092;29.25;86.25;2.75;1.84;0;1010.01
1767484;29.25;86.25;3.14;1.21;2.21;1010.05
1767884;29.25;86.25;3.14;0.72;1.39;1010.05
1768327;29.25;86.25;3.53;4.22;0.90;1010.05
1768726;29.25;86.25;3.92;2.71;0.53;1010.05
1769121;29.25;86.25;3.92;1.70;0.29;1010.05
1769513;29.25;86.25;3.92;1.05;0.14;1010.05
1769903;29.25;86.25;3.92;0.62;0;1010.05
1770295;29.25;86.25;3.92;2.56;0;1010.05
1770734;29.25;86.25;3.53;1.60;0;1010.05
1771126;29.25;86.25;0.39;0.94;2.21;1010.05
1771571;29.25;86.25;0.78;0.51;3.53;1010.05
1771966;29.25;86.25;0.78;0.31;2.52;1010.05
1772357;29.25;86.25;0.78;0.16;1.60;1010.05
1772749;29.25;86.25;0.78;1.82;1.05;1010.05
1773141;29.25;86.25;0.78;1.19;0.62;1010.05
1773533;29.25;86.25;0.78;0.76;0.35;1010.05
1773926;29.25;86.25;1.18;2.44;0.21;1010.05
1774377;29.25;86.25;1.18;1.52;2.27;1010.05
1774773;29.25;86.25;1.57;1.05;1.70;1010.05
1775086;29.25;86.25;4.31;0.66;1.11;1010.05
1775531;29.25;86.25;4.31;0.39;0.70;1010.05
1775974;29.25;86.25;4.31;0.20;0.35;1010.05
1776366;29.25;86.25;0;0.10;0.23;1010.05
1776763;29.25;86.25;0;0;32.24;1010.05
1777158;29.25;86.25;0;50.86;24.14;1010.05
1777554;29.25;86.25;0;71.21;21.93;1010.05
1777995;29.25;86.25;1.96;45.19;12.89;1010.05
1778391;29.25;86.25;2.35;31.79;7.95;1010.05
1778786;29.25;86.25;2.75;23.10;5.76;1010.05
1779103;29.25;86.25;2.75;16.54;5.04;1010.05
1779493;30.00;86.25;3.14;10.21;5.23;1010.05
1779890;30.00;86.25;3.53;7.85;5.41;1009.97
1780340;30.00;86.25;3.92;6.87;3.28;1009.97
1780734;30.00;86.25;0;4.20;3.52;1010.01
1781132;30.00;86.25;1.18;2.70;3.87;1010.01
1781579;30.00;86.25;1.57;1.43;4.20;1010.01
1781976;30.00;86.25;1.96;0.88;2.70;1010.05
1782376;30.00;86.25;2.35;0.51;1.70;1010.05
1782770;30.00;86.25;3.14;0.31;1.19;1010.05
1783215;30.00;86.25;0.78;17.67;0.62;1010.05
1783614;30.00;86.25;1.18;25.86;4.06;1010.05
1784009;30.00;86.25;1.18;16.91;2.73;1010.05
1784452;30.00;86.25;1.57;13.36;1.82;1010.05
1784848;30.00;86.25;1.96;11.91;1.35;1010.05
1785165;30.00;86.25;2.35;9.90;0.82;1010.05
1785559;30.00;86.25;3.14;8.67;0.51;1010.05
1785955;30.00;86.25;3.92;5.62;0.29;1010.05
1786400;30.00;86.25;4.31;3.42;0.10;1010.05
1786795;30.00;86.25;0;4.78;0;1010.05
1787159;30.00;86.25;4.71;6.70;3.46;1010.05
1787557;30.00;86.25;5.88;4.59;2.19;1009.97
1787957;30.00;86.25;0;2.93;3.71;1009.97
1788403;30.00;86.25;7.84;3.01;8.96;1010.01
1788803;30.00;86.25;5.88;2.15;6.48;1010.01
1789168;30.00;86.25;7.84;2.87;5.55;1009.97
1789566;30.00;86.25;5.10;1.70;3.38;1009.97
1790012;30.00;86.25;4.71;0.88;1.70;1010.01
1790409;30.00;86.25;0;0.43;2.52;1010.01
1790804;30.00;86.25;5.88;0.25;1.70;1009.94
1791122;30.00;86.25;6.28;0.08;1.00;1009.97
1791519;30.00;86.25;6.28;1.43;0.51;1009.97
1791912;30.00;86.25;1.96;2.68;2.46;1010.01
1792312;30.00;86.25;2.35;4.86;5.31;1010.01
1792707;30.00;86.25;2.75;2.79;4.77;1009.94
1793159;30.00;86.25;3.14;1.58;2.73;1009.97
1793558;30.00;86.25;2.75;0.86;1.52;1009.86
1794007;30.00;86.25;3.14;0.35;0.66;1009.86
1794441;30.00;86.25;3.14;0.16;0.31;1009.90
1794842;30.00;86.25;3.53;0;0.18;1009.94
1795161;30.00;86.25;10.59;0;0;1009.97
1795561;30.00;86.25;0;2.09;1.56;1009.97
1795958;30.00;86.25;5.88;3.40;2.95;1009.94
1796357;30.00;86.25;2.35;2.03;3.67;1009.94
1796802;30.00;86.25;2.35;3.07;2.21;1009.97
1797118;30.00;86.25;2.35;1.82;1.39;1009.94
1797564;30.00;86.25;2.35;1.11;0.78;1009.94
1797956;30.00;86.25;2.35;0.62;2.46;1009.97
1798352;30.00;86.25;2.35;2.56;1.45;1010.01
1798747;30.00;86.25;2.35;1.50;3.12;1009.94
1799193;30.00;86.25;0.39;0.82;1.78;1009.97
1799591;30.00;86.25;0;4.28;17.05;1009.94
1799994;30.00;86.25;2.35;31.83;24.08;1009.97
1800400;30.00;86.25;0;36.76;21.07;1009.90
1800798;30.00;86.25;2.35;25.35;15.47;1009.94
1801247;30.00;86.25;2.35;18.79;12.32;1009.97
1801658;30.00;86.25;2.75;12.95;8.01;1009.97
1802053;30.00;86.25;2.75;8.42;5.49;1010.01
1802448;30.00;86.25;3.14;5.78;3.55;1010.01
1802894;30.00;86.25;3.14;3.73;2.40;1010.01
1803255;30.00;86.25;7.84;4.00;1.50;1010.05
1803653;30.00;86.25;6.67;4.57;0.88;1010.05
1804050;30.00;86.25;9.02;2.75;0.51;1010.05
1804446;30.00;86.25;6.67;1.74;0.25;1010.05
1804899;30.00;86.25;0.78;1.02;0.08;1010.05
1805214;30.00;86.25;1.18;0.57;0;1009.97
1805613;30.00;86.25;1.57;0.31;0;1009.97
1806005;30.00;86.25;1.57;1.78;0;1010.01
1806397;30.00;86.25;1.18;1.04;0;1009.86
1806793;30.00;86.25;2.35;0.62;0;1009.86
1807185;30.00;86.25;2.75;0.33;0;1009.90
1807583;30.00;86.25;2.75;1.80;0;1009.94
1807978;30.00;86.25;3.14;1.19;0;1009.90
1808422;30.00;86.25;3.92;0.66;0;1009.86
1808868;30.00;86.25;4.31;2.58;0;1009.90
1809182;30.00;86.25;4.31;1.82;0;1009.94
1809575;30.00;86.25;3.92;1.05;2.21;1009.90
1809976;30.00;86.25;0;0.62;1.31;1009.94
1810374;30.00;86.25;0;5.66;7.83;1009.90
1810821;30.00;86.25;0;3.65;24.80;1009.78
1811191;30.00;86.25;1.18;14.32;61.38;1009.86
1811594;30.00;86.25;0.78;9.84;40.21;1009.90
1811993;30.00;86.25;0.78;6.76;27.73;1009.94
1812392;30.00;86.25;1.18;4.37;20.84;1009.97
1812841;30.00;86.25;1.57;3.32;15.98;1009.97
1813206;30.00;86.25;1.96;2.13;13.63;1010.01
1813607;30.00;86.25;2.75;1.43;9.37;1010.01
1814002;30.00;86.25;2.75;2.83;8.65;1009.97
1814453;30.00;86.25;3.14;1.89;5.92;1009.97
1814851;30.00;86.25;3.53;1.35;4.51;1010.01
1815173;30.00;86.25;3.14;0.88;3.07;1010.01
1815618;30.00;86.25;3.53;0.47;1.82;1010.01
1816014;30.00;86.25;3.53;1.86;1.11;1010.01
1816406;30.00;86.25;3.53;1.23;0.66;1010.05
1816801;30.00;86.25;3.53;0.72;0.35;1010.05
1817244;30.00;86.25;3.53;0.41;0.21;1009.97
1817689;30.00;86.25;1.18;0.20;0.02;1009.97
1818086;30.00;86.25;0;7.01;2.09;1010.01
1818484;30.00;86.25;0;50.11;13.91;1010.01
1818935;30.00;86.25;0;64.31;12.48;1010.01
1819296;30.00;86.25;0;76.56;27.44;1010.05
1819693;30.00;86.25;0;105.36;78.22;1010.05
1820089;30.00;86.25;0;73.30;63.36;1010.05
1820531;30.00;86.25;0;62.28;83.35;1010.05
1820922;30.00;86.25;0;124.86;117.82;1010.05
1821245;30.00;86.25;0;104.47;111.89;1010.05
1821637;30.00;86.25;0.39;130.30;123.84;1010.05
1822034;30.00;86.25;3.14;103.76;113.72;1010.05
1822431;30.00;86.25;4.31;71.71;78.61;1010.05
1822827;30.00;86.25;4.31;49.55;51.52;1010.05
1823270;30.00;86.25;4.71;34.20;35.58;1010.05
1823667;30.00;86.25;4.71;22.38;23.28;1010.05
1824058;30.00;86.25;3.92;14.63;15.21;1010.05
1824454;30.00;86.25;0;16.44;12.26;1010.05
1824848;30.00;86.25;0;80.60;13.71;1010.05
1825157;30.00;86.25;0.39;98.98;51.29;1010.05
1825552;30.00;86.25;0.78;74.39;37.54;1010.05
1825947;30.00;86.25;0.78;57.38;25.92;1010.05
1826342;30.00;86.25;0.78;39.65;19.76;1010.05
1826734;30.00;86.25;0.78;28.87;13.63;1010.05
1827125;30.00;86.25;0.39;19.90;9.90;1010.05
1827521;30.00;86.25;0;14.45;7.17;1010.05
1827916;30.00;86.25;0;13.79;14.39;1010.05
1828235;30.00;86.25;0;12.11;32.44;1010.05
1828626;30.00;86.25;0;19.61;26.89;1010.05
1829017;30.00;86.25;0.39;18.83;22.75;1010.05
1829411;30.00;86.25;0.78;14.43;17.46;1010.05
1829806;30.00;86.25;1.18;11.05;13.36;1010.05
1830201;30.00;86.25;1.18;8.44;10.21;1010.05
1830594;30.00;86.25;1.18;6.46;7.81;1010.05
1830986;30.00;86.25;1.18;5.19;6.29;1010.05
1831375;30.00;86.25;1.18;3.96;6.82;1010.05
1831766;30.00;86.25;1.18;2.85;5.19;1010.05
1832157;30.00;86.25;0;8.36;6.17;1010.05
1832550;30.00;86.25;0;22.34;13.26;1010.05
1833004;30.00;86.25;0;18.46;11.84;1010.05
1833397;30.00;86.25;0;16.48;17.95;1010.05
1833840;30.00;86.25;0;25.31;46.38;1010.05
1834284;30.00;86.25;0;52.36;101.48;1010.05
1834732;30.00;86.25;0;60.56;155.01;1010.05
1835124;30.00;86.25;0;56.73;141.55;1010.05
1835515;30.00;86.25;0;54.06;141.08;1010.05
1835906;30.00;86.25;0;50.04;128.64;1010.05
1836218;30.00;86.25;0;48.22;119.78;1010.05
1836609;30.00;86.25;0;47.26;158.43;1010.05
1837002;30.00;86.25;0;99.72;197.76;1010.05
1837394;30.00;86.25;0;150.19;211.47;1010.05
1837792;30.00;86.25;0;181.67;240.73;1010.05
1838236;30.00;86.25;0;224.22;250.86;1010.05
1838630;30.00;86.25;0;232.93;233.54;1010.05
1839021;30.00;86.25;0;237.97;256.60;1010.05
1839412;30.00;86.25;0;249.38;258.19;1010.05
1839803;30.00;86.25;0;252.33;242.00;1010.05
1840195;30.00;86.25;0;273.83;242.58;1010.05
1840589;30.00;87.00;0;287.89;245.16;1010.05
1841035;30.00;87.00;0;233.17;188.39;1010.05
1841477;30.00;87.00;2.35;196.24;159.97;1010.05
1841879;30.00;87.00;5.10;150.05;152.02;1010.05
1842193;30.00;87.00;5.49;115.27;116.79;1010.05
1842587;30.00;87.00;5.49;88.53;85.09;1010.05
1842981;30.00;87.00;5.49;106.89;121.01;1010.05
1843383;30.00;87.00;0;77.89;95.78;1010.05
1843778;30.00;87.00;3.92;95.60;81.77;1010.05
1844172;30.00;87.00;5.49;86.54;84.02;1010.05
1844567;30.00;87.00;3.14;70.46;61.21;1010.05
1845024;30.00;87.00;2.75;48.69;45.45;1010.05
1845421;30.00;87.00;3.53;35.43;33.08;1010.05
1845829;30.00;87.00;3.53;24.43;24.06;1010.05
1846222;30.00;87.00;0;17.77;21.95;1010.05
1846670;30.00;87.00;0.39;15.04;26.11;1010.05
1847069;30.00;87.00;1.96;10.92;18.98;1010.05
1847464;30.00;87.75;2.35;7.91;13.79;1010.05
1847865;30.00;87.75;2.75;6.39;10.55;1010.05
1848231;30.00;87.75;2.75;6.23;6.86;1010.05
1848625;30.00;87.75;3.53;4.26;5.19;1010.05
1849022;30.00;87.75;3.53;5.10;5.45;1010.05
1849414;30.00;87.75;3.14;3.46;3.71;1010.05
1849859;30.00;87.75;3.14;4.04;2.38;1010.05
1850302;30.00;87.75;2.75;2.30;1.43;1010.05
1850747;30.00;87.75;2.75;3.07;0.88;1010.05
1851140;30.00;87.75;2.35;1.93;0.51;1010.05
1851533;30.00;87.75;2.75;1.19;0.27;1010.05
1851980;30.00;87.75;2.75;2.32;0.12;1010.05
1852424;30.00;87.75;3.14;1.29;0;1010.05
1852821;30.00;87.75;3.14;0.78;0;1010.05
1853209;30.00;87.75;3.14;0.45;0;1010.05
1853596;30.00;87.75;1.96;0.29;0;1010.05
1853987;30.00;87.75;1.96;0.12;0;1010.05
1854375;30.00;87.75;3.14;0;0;1010.05
1854767;30.00;87.75;3.53;0;0;1010.05
1855157;30.00;87.75;3.53;0;0;1010.05
1855541;30.00;88.50;3.92;0;0;1010.05
1855982;30.00;87.75;4.71;1.97;0;1010.05
1856379;30.00;87.75;5.10;1.15;1.66;1010.05
1856775;30.00;87.75;10.98;0.64;0.96;1010.05
1857173;30.00;87.75;10.59;0.31;0.49;1010.05
1857572;30.00;87.75;10.59;0.10;0.23;1010.05
1857965;30.00;87.75;12.55;1.60;0.06;1010.05
1858282;30.00;87.75;0;0.76;0;1010.05
1858676;30.00;87.75;8.24;0.39;0;1010.05
1859066;30.00;87.75;7.84;0.18;0;1010.05
1859456;30.00;87.75;5.49;0;0;1010.05
1859847;30.00;87.75;4.71;0;0;1010.05
1860235;30.00;87.75;4.71;0;0;1009.97
1860624;30.00;87.75;5.10;0;0;1009.97
1861011;30.00;87.75;5.10;0;0;1010.01
1861401;30.00;87.75;5.10;0;0;1010.01
1861784;30.00;87.75;5.10;1.56;0;1010.01
1862224;30.00;87.75;5.10;0.68;1.86;1010.01
1862667;30.00;87.75;5.10;0.33;0.96;1010.05
1863064;30.00;87.75;5.10;0.12;2.38;1010.05
1863455;30.00;87.75;5.10;1.86;1.27;1010.05
1863845;30.00;87.75;4.71;0.96;0.62;1009.97
1864243;30.00;87.75;1.96;0.45;0.29;1009.97
1864639;30.00;87.75;6.67;0.20;0.08;1010.01
1865044;30.00;87.75;3.14;0;0;1010.01
1865438;30.00;87.75;1.18;0;1.31;1010.01
1865829;30.00;87.75;1.96;2.09;0.68;1010.01
1866221;30.00;87.75;1.18;1.15;0.33;1010.05
1866670;30.00;87.75;0;2.50;1.74;1010.05
1867062;30.00;87.75;0;3.30;2.71;1010.05
1867452;30.00;87.75;0.78;1.99;3.40;1010.05
1867846;30.00;87.00;1.57;1.17;3.75;1010.05
1868246;30.00;87.00;1.57;2.66;2.27;1010.05
1868689;30.00;87.00;6.67;1.60;2.87;1010.05
1869086;30.00;87.00;6.67;0.94;1.70;1010.05
1869477;30.00;87.00;7.06;0.47;1.00;1010.05
1869885;30.00;87.00;6.67;0.23;0.51;1010.05
1870281;30.00;87.00;5.88;0.04;0.25;1010.05
1870676;30.00;87.00;5.88;1.86;2.30;1010.05
1871069;30.00;87.00;9.02;1.02;3.30;1010.05
1871463;30.00;87.00;10.98;0.53;1.87;1010.05
1871914;30.00;87.00;11.37;0.23;0.98;1009.97
1872282;30.00;87.00;10.98;0.02;0.47;1009.97
1872676;30.00;87.00;0;0;0.20;1009.94
1873074;30.00;87.00;4.71;2.21;0;1009.82
1873527;30.00;87.00;9.81;1.02;0;1009.90
1873925;30.00;87.00;9.81;0.64;0;1009.90
1874232;30.00;87.00;8.63;0.31;0;1009.86
1874628;30.00;87.00;8.63;1.72;0;1009.86
1875016;30.00;86.25;8.63;2.83;0;1009.90
1875413;30.00;86.25;5.49;1.50;0;1009.86
1875859;30.00;86.25;0;0.82;0;1009.82
1876305;30.00;86.25;7.06;0.39;0;1009.82
1876696;30.00;86.25;6.28;1.78;0;1009.82
1877087;30.00;86.25;3.53;0.98;0;1009.78
1877481;30.00;86.25;3.14;2.58;0;1009.78
1877872;30.00;86.25;4.71;1.43;0;1009.78
1878264;30.00;86.25;5.88;0.62;1.86;1009.70
1878713;30.00;86.25;8.63;0.29;1.02;1009.74
1879163;30.00;86.25;3.53;1.56;0.49;1009.66
1879562;30.00;86.25;5.88;0.78;2.13;1009.70
1879964;30.00;86.25;5.49;0.49;1.35;1009.74
1880296;30.00;86.25;5.10;0.23;0.70;1009.78
1880746;30.00;86.25;6.67;0;0.27;1009.78
1881142;30.00;86.25;8.63;0;1.70;1009.70
1881536;30.00;86.25;8.63;0;0.94;1009.74
1882028;30.00;85.50;7.84;6.52;11.23;1009.78
1882490;30.00;85.50;4.31;38.71;98.88;1009.78
1882945;30.00;85.50;6.28;45.92;105.60;1009.78
1883268;30.00;85.50;7.06;118.31;105.13;1009.78
1883720;30.00;85.50;6.67;202.78;168.82;1009.66
1884121;30.00;85.50;6.28;261.10;231.00;1009.54
1884519;30.00;85.50;2.75;303.96;266.62;1009.54
1884917;30.00;85.50;2.35;321.39;307.32;1009.54
1885233;30.00;85.50;2.35;340.76;323.69;1009.47
1885629;30.00;85.50;2.75;345.56;335.06;1009.43
1886030;30.00;85.50;0;314.75;293.46;1009.51
1886479;30.00;85.50;0;259.07;253.50;1009.39
1886875;30.00;85.50;0;231.82;242.47;1009.47
1887270;30.00;85.50;0;239.85;216.72;1009.51
1887717;30.00;85.50;0;238.19;232.60;1009.43
1888116;30.00;85.50;0;214.32;209.19;1009.51
1888511;30.00;85.50;0;202.37;201.08;1009.47
1888908;30.00;84.75;0;172.10;202.55;1009.54
1889308;30.00;84.75;0;168.90;188.17;1009.58
1889704;30.00;84.75;0;148.76;181.79;1009.51
1890099;30.00;84.75;3.14;143.17;155.46;1009.51
1890547;30.00;84.75;11.37;215.42;207.76;1009.58
1890968;30.00;84.75;2.75;236.98;256.39;1009.58
1891285;30.00;84.75;5.88;268.30;293.91;1009.58
1891681;30.00;84.75;6.28;262.97;319.16;1009.62
1892180;30.00;84.75;6.28;284.42;315.18;1009.74
1892579;30.00;84.75;5.49;315.02;330.58;1009.74
1892978;30.00;84.75;5.49;305.45;318.26;1009.78
1893294;30.00;84.75;5.49;295.72;290.18;1009.78
1893686;30.00;84.75;1.57;324.88;305.74;1009.78
1894082;30.00;84.75;1.57;330.90;327.77;1009.78
1894475;30.00;84.75;1.57;274.36;316.70;1009.86
1894871;30.00;84.75;2.35;252.52;316.31;1009.90
1895269;30.00;84.75;2.75;295.14;340.95;1009.94
1895670;30.00;84.75;3.14;321.70;350.21;1009.90
1896070;30.00;84.75;3.14;335.21;352.63;1009.86
1896465;30.00;84.75;4.71;321.17;354.02;1009.90
1896865;30.00;84.75;6.28;314.51;358.36;1009.82
1897267;30.00;84.75;5.88;327.99;354.47;1009.86
1897671;30.00;84.75;5.49;319.86;353.65;1009.90
1898072;30.00;84.75;5.10;322.62;352.20;1009.94
1898522;30.00;84.75;1.96;326.80;292.25;1009.97
1898921;30.00;84.75;1.96;335.33;224.30;1009.86
1899316;30.00;84.75;2.35;338.42;205.03;1009.90
1899714;30.00;84.75;3.92;342.07;212.96;1009.86
1900166;30.00;84.75;3.92;325.90;173.82;1009.90
1900566;30.00;84.75;3.92;312.36;141.98;1009.90
1901009;30.00;84.75;0;327.64;210.98;1009.94
1901327;30.00;84.75;1.57;349.16;269.32;1009.90
1901727;30.00;84.75;2.75;336.60;305.53;1009.86
1902126;30.00;84.75;2.75;356.74;325.45;1009.90
1902572;30.00;84.75;0;303.55;337.69;1009.74
1902976;30.00;84.75;0;247.41;323.46;1009.78
1903292;30.00;84.75;0;249.91;326.62;1009.78
1903684;30.00;84.75;0;197.98;278.79;1009.86
1904132;30.00;84.75;0;178.70;230.84;1009.86
1904526;30.00;84.75;0;160.89;238.29;1009.90
1904923;30.00;84.75;0;144.62;272.76;1009.94
1905318;30.00;84.75;0;119.31;297.87;1009.97
1905764;30.00;84.75;0;113.88;276.97;1009.97
1906206;30.00;84.75;0;156.06;219.83;1010.01
1906604;30.00;84.75;0;135.69;191.06;1010.01
1906996;30.00;84.75;0;158.29;214.44;1010.01
1907307;30.00;84.75;0;206.26;225.01;1010.01
1907706;30.00;84.75;0;217.74;238.75;1010.05
1908102;30.00;84.75;0;250.04;224.56;1010.05
1908494;30.00;84.75;0;235.41;181.88;1010.05
1908885;30.00;84.75;0;230.02;147.53;1010.05
1909327;30.00;84.75;0;217.88;160.22;1010.05
1909769;30.00;84.75;0;205.24;154.64;1010.05
1910162;30.00;84.75;0;157.67;125.23;1010.05
1910556;30.00;84.75;0;127.69;101.40;1010.05
1910947;30.00;84.75;0;109.00;86.56;1010.05
1911260;30.75;84.75;0;88.26;70.07;1010.05
1911657;30.75;84.75;0;71.48;53.81;1010.05
1912048;30.75;84.75;1.57;59.00;55.97;1010.05
1912363;30.75;84.75;2.35;48.88;43.10;1010.05
1912767;30.75;84.75;2.75;141.16;149.09;1010.05
1913223;30.75;84.75;2.75;215.18;188.54;1010.05
1913614;30.75;84.75;2.75;235.77;243.11;1010.05
1914005;30.75;84.75;2.75;254.48;285.16;1010.05
1914365;30.75;84.75;2.75;277.19;305.82;1010.05
1914757;30.75;84.75;3.14;306.80;306.74;1010.05
1915152;30.75;84.75;9.41;273.54;319.86;1010.05
1915551;30.75;84.75;9.02;271.96;316.60;1010.05
1915949;30.75;84.75;12.16;291.74;279.96;1010.05
1916350;30.75;84.75;9.02;291.11;277.40;1010.05
1916846;30.00;84.75;9.02;311.52;286.02;1010.05
1917242;30.00;85.50;9.02;293.42;301.45;1010.05
1917637;30.00;85.50;8.24;237.97;282.07;1010.05
1918033;30.00;85.50;2.35;252.35;247.72;1010.05
1918349;30.00;85.50;9.02;218.95;257.35;1010.05
1918847;30.00;85.50;9.02;291.62;310.94;1010.05
1919240;30.00;85.50;7.06;315.25;334.92;1010.05
1919637;30.00;85.50;7.06;335.04;321.23;1010.05
1920029;30.00;85.50;7.06;338.77;347.17;1010.05
1920341;30.00;85.50;7.06;339.74;328.85;1010.05
1920732;30.00;85.50;7.06;346.15;348.42;1010.05
1921123;30.00;85.50;7.84;344.20;348.81;1010.05
1921517;30.00;85.50;8.24;348.69;335.29;1010.05
1921911;30.00;85.50;7.06;290.49;310.49;1010.05
1922306;30.00;85.50;7.45;329.06;202.60;1010.05
1922703;30.00;85.50;7.84;341.19;164.70;1010.05
1923101;30.00;85.50;7.45;309.37;178.91;1009.97
1923502;30.00;85.50;7.06;206.55;197.12;1009.97
1923999;30.00;85.50;0;182.94;184.77;1010.01
1924317;30.00;85.50;0;222.11;241.66;1010.01
1924712;30.00;85.50;0;276.23;292.34;1010.01
1925104;30.00;85.50;0;310.06;319.96;1009.97
1925504;30.00;85.50;0;306.62;341.15;1009.97
1925948;30.00;85.50;0;335.66;348.53;1009.86
1926396;30.00;85.50;0;306.17;301.50;1009.90
1926793;30.00;85.50;0;227.64;217.78;1009.94
1927188;30.00;85.50;0;198.00;182.94;1009.82
1927584;30.00;85.50;0;202.78;162.70;1009.90
1928031;30.00;85.50;0;183.86;143.33;1009.94
1928395;30.00;85.50;0;156.22;152.20;1009.97
1928790;30.00;85.50;0;121.61;124.95;1009.94
1929186;30.00;85.50;0;105.48;111.38;1009.94
1929580;30.00;85.50;0;97.94;103.74;1009.97
1929979;30.00;85.50;0.78;94.10;95.70;1009.97
1930350;30.00;85.50;4.31;133.23;163.97;1010.01
1930758;30.00;85.50;7.06;196.16;218.56;1010.01
1931153;30.00;85.50;7.84;248.36;263.87;1010.01
1931548;30.00;85.50;7.84;267.29;276.43;1010.05
1931944;30.00;85.50;7.84;293.89;307.07;1010.05
1932388;30.00;85.50;7.84;286.43;320.76;1010.05
1932831;30.00;85.50;7.45;254.07;339.04;1010.05
1933230;30.00;85.50;7.45;279.06;328.44;1009.97
1933627;30.00;85.50;7.45;309.04;331.91;1009.97
1934020;30.00;85.50;7.45;321.39;316.25;1010.01
1934335;30.00;85.50;7.45;313.09;309.06;1010.01
1934727;30.00;85.50;7.45;316.93;302.81;1010.01
1935235;30.00;85.50;7.45;279.53;264.90;1010.05
1935633;30.00;85.50;7.45;165.03;164.56;1010.05
1936025;30.00;85.50;7.45;217.72;194.81;1010.05
1936337;30.00;85.50;7.45;278.20;269.87;1009.97
1936735;30.00;85.50;7.45;316.58;305.84;1009.97
1937127;30.00;85.50;7.45;314.65;328.36;1009.94
1937575;30.00;85.50;7.45;330.70;343.75;1009.82
1937971;30.00;85.50;7.45;324.78;345.86;1009.86
1938368;30.00;85.50;9.81;349.41;253.97;1009.94
1938818;30.00;85.50;9.81;301.04;226.78;1009.82
1939214;30.00;85.50;9.41;327.15;222.33;1009.86
1939613;30.00;85.50;7.06;278.65;225.38;1009.78
1940013;30.00;84.75;7.06;282.50;213.07;1009.86
1940338;30.00;84.75;0;216.47;235.71;1009.82
1940737;30.00;84.75;9.02;169.01;210.85;1009.90
1941135;30.00;84.75;1.96;141.83;176.57;1009.78
1941537;30.00;84.75;6.28;117.92;161.73;1009.78
1941933;30.00;84.75;8.24;202.98;226.90;1009.78
1942431;30.00;84.75;9.02;274.42;287.85;1009.70
1942835;30.00;84.75;6.67;315.37;326.35;1009.47
1943287;30.00;84.75;6.67;328.98;341.23;1009.58
1943683;30.00;84.75;1.96;288.50;344.98;1009.70
1944083;30.00;84.75;2.35;302.60;348.83;1009.70
1944398;30.00;84.75;7.45;329.24;350.15;1009.78
1944848;30.00;84.75;0;302.64;326.01;1009.66
1945246;30.00;84.75;0;320.94;320.86;1009.62
1945641;30.00;84.75;0;213.70;240.69;1009.66
1946087;30.00;84.75;0;203.01;240.43;1009.58
1946403;30.00;84.75;0;186.08;212.04;1009.54
1946850;30.00;84.75;0;183.05;152.98;1009.66
1947248;30.00;84.75;0;177.04;155.71;1009.66
1947639;30.00;84.75;0;191.75;153.47;1009.70
1948036;30.00;84.75;0;205.98;139.44;1009.62
1948352;30.00;84.75;0;212.12;143.64;1009.58
1948799;30.00;84.75;0;240.51;191.16;1009.70
1949199;30.00;84.75;0.78;258.05;196.24;1009.70
1949593;30.00;84.75;3.53;283.61;216.45;1009.78
1949993;30.00;84.75;3.92;306.02;236.66;1009.86
1950446;30.00;84.75;3.92;326.46;285.29;1009.90
1950841;30.00;84.75;4.31;338.51;307.05;1009.94
1951291;30.00;84.75;3.92;325.04;299.63;1009.90
1951694;30.00;84.75;4.31;341.38;325.08;1009.94
1952094;30.00;84.75;4.31;344.18;327.73;1009.97
1952461;30.00;84.75;7.84;339.84;335.72;1009.97
1952859;30.00;84.75;7.84;330.66;273.77;1010.01
1953256;30.00;84.75;10.20;342.61;187.76;1010.01
1953658;30.00;84.75;10.20;350.49;251.68;1010.01
1954051;30.00;84.75;10.20;351.58;286.78;1010.01
1954363;30.00;84.75;10.20;356.85;275.57;1010.05
1954810;30.00;84.75;10.20;338.77;281.70;1010.05
1955202;30.00;84.00;10.20;327.54;276.66;1010.05
1955597;30.00;84.00;10.20;333.65;299.53;1009.97
1955992;30.00;84.00;0;344.92;289.34;1009.90
1956390;30.00;84.00;4.31;346.89;320.76;1009.94
1956790;30.00;84.00;4.31;341.13;337.62;1009.82
1957189;30.00;84.00;4.31;319.41;338.03;1009.90
1957584;30.00;84.00;3.14;336.91;341.29;1009.86
1958034;30.00;84.00;1.96;340.60;336.78;1009.78
1958404;30.00;84.00;2.35;324.33;280.92;1009.82
1958802;30.00;84.00;2.35;302.23;230.43;1009.74
1959250;30.00;84.00;3.14;267.07;255.47;1009.78
1959653;30.00;84.00;3.14;309.28;293.99;1009.70
1960049;30.00;84.00;3.14;326.62;309.82;1009.70
1960360;30.00;84.00;3.53;336.44;327.13;1009.70
1960756;30.00;84.00;1.96;341.17;337.15;1009.62
1961206;30.00;84.00;3.14;349.55;322.07;1009.66
1961607;30.00;84.00;3.92;352.17;326.64;1009.62
1962006;30.00;84.00;4.31;350.27;318.07;1009.62
1962453;30.00;84.00;4.31;332.44;327.23;1009.58
1962848;30.00;84.00;4.31;331.58;335.29;1009.70
1963248;30.00;84.00;4.31;347.22;320.86;1009.70
1963692;30.00;84.00;4.31;312.05;340.53;1009.62
1964091;30.00;84.00;4.31;300.06;340.53;1009.62
1964401;30.00;84.00;0;262.80;343.90;1009.51
1964802;30.00;84.00;0.78;225.94;312.36;1009.51
1965198;30.00;84.00;1.18;225.83;310.64;1009.58
1965700;30.00;84.00;1.96;273.83;316.44;1009.62
1966100;30.00;84.00;2.35;295.14;329.73;1009.70
1966419;30.00;84.00;2.35;313.65;342.01;1009.78
1966814;30.00;84.00;2.35;327.93;346.38;1009.78
1967206;30.00;84.00;2.75;336.48;346.01;1009.86
1967656;30.00;84.00;2.75;339.51;331.25;1009.90
1968053;30.00;84.00;2.75;338.61;329.20;1009.94
1968369;30.00;84.00;2.75;326.21;343.73;1009.90
1968764;30.00;84.00;3.14;341.85;344.63;1009.94
1969163;30.00;84.00;3.14;340.39;344.51;1009.97
1969561;30.00;84.00;2.75;311.46;298.13;1009.97
1969958;30.00;84.00;2.75;323.44;321.27;1009.94
1970354;30.00;84.00;2.75;314.61;327.05;1009.94
1970796;30.00;84.00;2.75;334.74;313.91;1009.97
1971244;30.00;84.00;3.53;343.75;342.60;1009.86
1971644;30.00;84.00;3.53;347.46;350.47;1009.74
1972039;30.00;84.00;3.92;348.61;353.32;1009.74
1972355;30.00;84.00;3.92;350.82;362.61;1009.82
1972751;30.00;84.00;3.92;352.34;360.17;1009.82
1973195;30.00;84.00;3.92;350.17;358.98;1009.74
1973593;30.00;84.00;5.49;333.49;360.97;1009.74
1973988;30.00;84.00;6.28;333.16;344.53;1009.70
1974387;30.00;84.00;3.92;289.67;333.77;1009.78
1974816;30.00;84.00;4.31;272.35;268.24;1009.78
1975214;30.00;84.00;4.31;277.09;232.06;1009.66
1975662;30.00;84.00;4.31;211.47;218.89;1009.74
1976060;30.00;84.00;4.31;176.73;220.73;1009.70
1976375;30.00;84.00;4.31;181.71;195.50;1009.78
1976772;30.00;84.00;4.71;184.83;235.20;1009.70
1977170;30.00;84.00;4.71;226.78;282.83;1009.74
1977616;30.00;84.00;5.10;274.47;292.48;1009.74
1978012;30.00;84.00;4.71;305.31;323.94;1009.82
1978410;30.00;83.25;3.92;323.30;336.62;1009.74
1978864;30.00;83.25;2.75;339.55;342.69;1009.66
1979263;30.00;83.25;2.75;341.87;345.52;1009.70
1979676;30.00;83.25;3.14;346.81;346.13;1009.70
1980124;30.00;83.25;3.14;315.84;347.85;1009.70
1980435;30.00;83.25;5.10;321.60;332.21;1009.74
1980835;30.00;83.25;5.49;314.90;306.46;1009.74
1981281;30.00;83.25;5.49;335.82;289.77;1009.62
1981678;30.00;83.25;1.57;304.06;258.87;1009.58
1982076;30.00;83.25;1.57;254.65;224.13;1009.54
1982391;30.00;83.25;4.71;249.28;205.79;1009.66
1982789;30.00;83.25;5.88;278.46;239.24;1009.62
1983190;30.00;83.25;8.24;308.40;286.92;1009.58
1983591;30.00;83.25;8.24;329.92;313.93;1009.62
1983986;30.00;83.25;8.24;339.82;324.76;1009.66
1984388;30.00;83.25;5.88;342.95;341.42;1009.70
1984788;30.00;83.25;10.98;347.73;344.94;1009.62
1985244;30.00;83.25;11.37;345.21;330.99;1009.66
1985644;30.00;83.25;12.55;284.04;341.93;1009.74
1986093;30.00;83.25;3.92;319.43;341.52;1009.78
1986414;30.00;83.25;10.98;334.24;293.81;1009.78
1986813;30.00;83.25;5.88;338.96;264.79;1009.78
1987208;29.25;83.25;6.67;270.14;284.01;1009.82
1987661;29.25;83.25;5.10;285.41;227.60;1009.82
1988062;29.25;83.25;5.10;295.24;177.78;1009.78
1988379;29.25;83.25;5.49;321.72;153.51;1009.78
1988826;29.25;83.25;5.49;338.22;179.30;1009.54
1989223;29.25;83.25;5.10;345.49;255.53;1009.54
1989618;29.25;83.25;5.10;330.94;297.05;1009.58
1990016;29.25;83.25;4.71;361.64;322.89;1009.43
1990466;29.25;83.25;4.31;324.02;332.95;1009.39
1990865;29.25;83.25;4.31;326.09;338.98;1009.54
1991314;29.25;83.25;8.63;343.47;340.39;1009.47
1991713;29.25;83.25;9.02;316.93;343.47;1009.39
1992112;29.25;83.25;9.02;325.16;310.39;1009.43
1992428;29.25;83.25;8.24;332.95;334.00;1009.31
1992827;29.25;83.25;3.14;323.69;273.52;1009.27
1993278;29.25;83.25;3.14;316.11;211.37;1009.35
1993675;29.25;83.25;3.14;319.00;173.43;1009.47
1994072;29.25;83.25;3.14;309.61;205.65;1009.35
1994388;29.25;83.25;3.14;330.70;249.67;1009.39
1994835;29.25;82.50;3.14;325.06;256.84;1009.47
1995234;29.25;82.50;3.92;210.06;159.81;1009.62
1995634;29.25;82.50;4.31;130.71;99.43;1009.58
1996034;29.25;82.50;5.88;81.28;61.81;1009.39
1996432;29.25;82.50;5.88;55.89;38.38;1009.27
1996828;29.25;82.50;5.49;34.72;23.83;1009.27
1997275;29.25;82.50;3.14;18.40;13.28;1009.23
1997675;29.25;82.50;3.53;11.99;8.20;1009.15
1998077;29.25;82.50;3.14;8.24;7.32;1009.23
1998396;29.25;82.50;9.02;5.06;4.47;1009.27
1998795;29.25;82.50;9.81;3.07;2.71;1009.35
1999195;29.25;82.50;10.20;1.72;1.60;1009.31
1999600;29.25;82.50;9.81;1.00;0.88;1009.35
1999999;29.25;82.50;5.88;0.51;2.17;1009.35
2000394;29.25;82.50;7.06;0.25;1.19;1009.39
2000842;29.25;82.50;7.06;0.06;0.70;1009.43
2001238;29.25;82.50;7.06;0;2.25;1009.35
2001633;29.25;82.50;7.06;0;1.35;1009.31
2002026;29.25;82.50;7.06;3.28;2.42;1009.35
2002423;29.25;82.50;7.06;1.86;1.35;1009.31
2002818;29.25;82.50;7.06;1.02;0.70;1009.35
2003214;29.25;82.50;7.06;0.53;0.33;1009.23
2003609;29.25;82.50;5.10;2.50;0.14;1009.23
2004003;29.25;82.50;5.10;1.41;0;1009.19
2004399;29.25;82.50;4.71;0.74;0;1009.19
2004791;29.25;82.50;3.92;0.35;2.21;1009.11
2005242;29.25;82.50;0;0.18;1.23;1009.11
2005640;29.25;82.50;0;0;4.45;1009.11
2006033;29.25;82.50;7.06;0;2.71;1009.15
2006427;29.25;82.50;10.98;0;3.59;1009.08
2006826;29.25;82.50;3.92;1.46;2.03;1009.04
2007275;29.25;82.50;3.53;2.40;1.05;1009.04
2007671;29.25;82.50;5.88;1.43;2.44;1009.15
2008073;29.25;82.50;6.28;0.94;1.62;1009.15
2008440;29.25;82.50;7.45;0.51;2.64;1009.23
2008889;29.25;82.50;9.41;0.20;1.33;1009.19
2009288;29.25;82.50;9.41;0;0.74;1009.11
2009683;29.25;82.50;9.02;0;0.35;1009.27
2010131;29.25;82.50;3.14;0;0.21;1009.27
2010441;29.25;82.50;4.71;0;0.02;1009.27
2010884;29.25;82.50;6.67;0;0;1009.35
2011280;29.25;82.50;6.67;1.66;1.97;1009.43
2011677;29.25;82.50;0.78;0.90;1.15;1009.47
2012075;29.25;82.50;1.57;0.57;0.72;1009.51
2012394;29.25;81.75;1.57;0.29;0.35;1009.35
2012844;29.25;81.75;1.57;0.12;0.18;1009.31
2013239;29.25;81.75;2.75;0;0;1009.19
2013636;29.25;81.75;5.88;0;0;1009.19
2014023;29.25;81.75;5.88;1.46;0;1009.27
2014415;29.25;81.75;6.28;0.84;0;1009.15
2014811;29.25;81.75;6.28;0.45;0;1009.31
2015204;29.25;81.75;6.67;0.23;0;1009.51
2015601;29.25;81.75;6.67;0.06;0;1009.51
2015993;29.25;81.75;6.67;0;2.21;1009.47
2016390;29.25;81.75;6.67;0;1.31;1009.47
2016779;29.25;81.75;6.67;1.46;0.68;1009.47
2017172;29.25;81.75;6.67;0.96;2.32;1009.43
2017488;29.25;81.75;6.28;0.53;1.37;1009.39
2017887;29.25;81.75;0.39;0.27;0.78;1009.39
2018285;29.25;81.75;4.31;0.10;0.41;1009.27
2018735;29.25;81.75;6.28;0;0.21;1009.23
2019133;29.25;81.75;6.28;0;0.08;1009.19
2019444;29.25;81.75;6.67;0;0;1009.19
2019838;29.25;81.75;4.31;2.21;1.66;1009.23
2020239;29.25;81.75;10.20;1.31;0.96;1009.31
2020698;29.25;81.75;8.63;0.61;0.41;1009.39
2021150;29.25;81.75;8.24;0.29;0.21;1009.39
2021516;29.25;81.75;6.28;0.12;1.93;1009.35
2021914;29.25;81.75;5.49;0;1.11;1009.31
2022313;29.25;81.75;5.49;1.46;0.59;1009.43
2022708;29.25;81.75;5.49;0.84;0.27;1009.35
2023158;29.25;81.75;5.49;0.41;0.10;1009.31
2023474;29.25;81.75;4.31;0.20;0;1009.27
2023888;29.25;81.75;8.63;1.76;0;1009.31
2024284;29.25;81.75;8.63;2.87;0;1009.35
2024678;29.25;81.75;6.67;1.60;0;1009.39
2025075;29.25;81.75;7.45;0.88;0;1009.35
2025470;29.25;81.75;12.94;4.39;1.86;1009.31
2025924;29.25;81.75;12.55;6.13;2.48;1009.27
2026322;29.25;81.75;12.55;3.55;1.39;1009.23
2026767;29.25;81.75;7.06;1.70;0.61;1009.19
2027167;29.25;81.75;6.28;1.05;2.23;1009.27
2027488;29.25;81.75;7.06;0.55;1.17;1009.27
2027883;29.25;81.75;7.45;0.23;0.62;1009.27
2028278;29.25;81.75;7.84;1.95;0.27;1009.15
2028682;29.25;81.75;7.45;2.62;0.08;1009.15
2029076;29.25;81.75;7.45;4.86;0;1009.19
2029472;29.25;81.75;7.45;2.79;0;1009.27
2029915;29.25;81.75;3.92;1.48;1.31;1009.31
2030365;29.25;81.75;3.53;0.66;2.17;1009.23
2030764;29.25;81.75;0;0.29;1.19;1009.23
2031159;29.25;81.75;0;0.16;0.70;1009.23
2031470;29.25;81.75;3.53;0;0.33;1009.15
2031868;29.25;81.75;8.24;0;0.14;1009.08
2032263;29.25;81.75;4.71;0;0;1009.04
2032710;29.25;81.75;1.96;0;0;1009.08
2033100;29.25;81.75;2.75;0;0;1009.11
2033414;29.25;81.75;4.31;0;2.21;1009.11
2033806;29.25;81.75;10.20;0;1.23;1009.15
2034208;29.25;81.75;10.20;0;0.78;1009.15
2034515;29.25;81.75;9.81;0;0.37;1009.15
2034937;29.25;81.75;9.81;0;0.18;1009.23
2035329;29.25;81.75;7.06;1.39;1.62;1009.23
2035733;29.25;81.75;7.45;0.72;0.88;1009.19
2036182;29.25;81.75;7.06;1.95;0.43;1009.27
2036502;29.25;81.75;7.06;2.97;0.18;1009.19
2036898;29.25;81.75;2.35;3.93;0;1009.31
2037297;29.25;81.75;4.71;2.13;1.39;1009.19
2037746;29.25;81.75;3.92;1.19;2.30;1009.19
2038142;29.25;81.75;3.14;0.70;1.52;1009.19
2038455;29.25;81.75;4.31;0.33;2.52;1009.35
2038853;29.25;81.75;4.71;1.60;1.35;1009.23
2039304;29.25;81.75;5.10;0.70;0.62;1009.39
2039703;29.25;81.75;5.10;0.33;0.29;1009.27
2040097;29.25;81.75;5.10;0.20;0.14;1009.19
2040464;29.25;81.75;5.10;0;0;1009.11
2040858;29.25;81.75;5.10;0;0;1009.08
2041247;29.25;81.75;0;0;0;1009.08
2041684;29.25;81.75;0.39;1.66;0;1009.11
2042079;29.25;81.75;0;0.90;1.66;1009.19
2042478;29.25;81.75;3.92;2.36;0.90;1009.19
2042923;29.25;81.75;2.75;1.25;2.36;1009.11
2043321;29.25;81.75;4.31;0.66;1.33;1009.27
2043720;29.25;81.75;4.31;0.31;0.70;1009.47
2044167;29.25;81.75;1.96;0.12;2.56;1009.47
2044531;29.25;81.75;0.78;0;1.43;1009.39
2044932;29.25;81.75;2.75;0;0.82;1009.35
2045326;29.25;81.75;7.45;1.39;0.39;1009.39
2045735;29.25;81.75;8.24;0.78;0.18;1009.39
2046132;29.25;81.75;8.24;0.45;0.04;1009.31
2046446;29.25;81.75;8.24;0.23;0;1009.43
2046841;29.25;81.75;5.49;0.04;2.21;1009.43
2047238;29.25;82.50;11.37;0;1.23;1009.51
2047697;29.25;82.50;7.45;0;1.99;1009.54
2048193;29.25;82.50;7.45;0;1.09;1009.51
2048504;29.25;82.50;7.45;1.39;2.15;1009.51
2048949;29.25;82.50;8.63;0.68;3.07;1009.58
2049399;29.25;82.50;13.73;0.27;1.35;1009.51
2049802;29.25;82.50;3.92;0.06;0.66;1009.47
2050200;29.25;82.50;3.53;2.21;0.35;1009.58
2050569;29.25;82.50;6.67;1.07;0.12;1009.58
2050965;29.25;82.50;7.06;0.64;0;1009.54
2051363;29.25;82.50;5.88;0.27;1.66;1009.51
2051812;29.25;82.50;5.88;0.10;0.90;1009.43
2052258;29.25;82.50;6.28;0;0.49;1009.51
2052657;29.25;82.50;7.06;1.39;0.25;1009.62
2053106;29.25;82.50;8.63;2.54;0.02;1009.54
2053555;29.25;82.50;8.63;1.43;0;1009.47
2053950;29.25;82.50;8.63;0.76;0;1009.62
2054341;29.25;82.50;5.10;0.35;0;1009.70
2054741;29.25;82.50;6.67;0.16;0;1009.51
2055188;29.25;82.50;7.45;0;0;1009.43
2055504;29.25;82.50;0.39;0;0;1009.47
2055897;29.25;82.50;8.24;0;0;1009.47
2056286;29.25;82.50;7.84;1.39;0;1009.47
2056677;29.25;82.50;0;0.78;0;1009.39
2057072;29.25;82.50;2.75;0.49;0;1009.35
2057466;29.25;82.50;2.75;0.23;0;1009.39
2057857;29.25;82.50;3.14;0.06;0;1009.43
2058251;29.25;82.50;3.53;0;0;1009.58
2058649;29.25;82.50;3.53;0;0;1009.70
2059037;29.25;82.50;3.53;0;0;1009.78
2059426;29.25;82.50;0;0;0;1009.66
2059869;29.25;82.50;0;1.99;0;1009.58
2060263;29.25;82.50;10.59;30.17;3.55;1009.47
2060725;29.25;82.50;0;19.16;5.62;1009.43
2061124;29.25;82.50;0;51.85;13.22;1009.43
2061525;29.25;82.50;0;33.94;117.77;1009.31
2061926;29.25;82.50;0;51.36;119.86;1009.43
2062372;29.25;82.50;6.67;35.47;98.22;1009.27
2062773;29.25;82.50;8.63;23.20;73.86;1009.39
2063172;29.25;82.50;10.98;15.16;48.40;1009.35
2063546;29.25;82.50;11.37;9.90;31.70;1009.39
2063946;29.25;82.50;10.59;6.44;23.57;1009.35
2064344;29.25;82.50;6.28;4.16;14.61;1009.43
2064793;29.25;82.50;1.18;2.38;12.79;1009.35
2065191;29.25;82.50;1.18;1.60;11.05;1009.39
2065507;29.25;82.50;5.49;1.00;7.19;1009.35
2065905;29.25;82.50;1.18;2.21;4.41;1009.31
2066355;29.25;82.50;1.18;1.39;9.77;1009.43
2066750;29.25;82.50;0;26.21;21.74;1009.51
2067162;29.25;82.50;0;16.25;14.18;1009.51
2067473;29.25;82.50;0;18.36;12.50;1009.58
2067921;29.25;82.50;0;14.80;20.25;1009.74
2068345;29.25;82.50;8.63;37.11;33.40;1009.82
2068747;29.25;82.50;4.71;24.30;21.87;1009.82
2069192;29.25;82.50;10.59;15.06;16.29;1009.78
2069518;29.25;82.50;5.49;11.62;10.08;1009.78
2069915;29.25;82.50;8.24;7.17;8.34;1009.86
2070366;29.25;82.50;7.06;4.39;5.14;1009.74
2070764;29.25;82.50;5.88;2.83;3.12;1009.66
2071214;29.25;83.25;5.88;4.04;10.49;1009.70
2071537;29.25;83.25;5.49;97.59;126.05;1009.66
2071945;29.25;83.25;3.14;151.65;180.44;1009.51
2072351;29.25;83.25;0;185.69;189.36;1009.43
2072749;29.25;83.25;9.81;215.28;220.04;1009.54
2073199;29.25;83.25;9.02;219.95;244.16;1009.58
2073569;29.25;83.25;7.84;223.29;254.01;1009.62
2073967;29.25;83.25;7.06;226.31;241.66;1009.58
2074368;29.25;83.25;3.53;226.39;254.28;1009.70
2074775;29.25;83.25;1.57;216.00;242.23;1009.66
2075175;29.25;83.25;1.96;235.49;226.72;1009.62
2075493;29.25;83.25;2.35;208.03;183.31;1009.62
2075893;29.25;83.25;2.75;210.65;216.86;1009.58
2076294;29.25;83.25;2.75;249.98;277.68;1009.70
2076689;29.25;83.25;2.75;293.58;307.50;1009.70
2077081;29.25;83.25;2.75;320.72;329.37;1009.74
2077478;29.25;83.25;2.75;334.53;340.51;1009.78
2077876;29.25;83.25;3.53;343.01;346.38;1009.86
2078327;29.25;83.25;10.20;329.24;348.53;1009.70
2078732;29.25;83.25;10.20;331.52;350.54;1009.82
2079179;29.25;83.25;9.81;322.01;335.17;1009.86
2079498;29.25;83.25;1.96;339.82;347.59;1009.90
2079949;29.25;83.25;5.49;347.59;337.89;1009.74
2080349;29.25;83.25;7.84;249.40;223.48;1009.66
2080799;29.25;83.25;7.45;130.75;122.65;1009.62
2081198;29.25;83.25;7.45;176.49;155.36;1009.70
2081514;29.25;83.25;7.45;146.36;159.91;1009.66
2081909;29.25;83.25;7.45;228.85;236.47;1009.70
2082305;29.25;83.25;0;284.79;289.28;1009.70
2082700;29.25;82.50;7.06;275.82;278.63;1009.66
2083106;29.25;82.50;3.92;171.63;171.14;1009.58
2083507;29.25;82.50;6.28;114.56;106.48;1009.62
2083907;29.25;82.50;6.28;74.25;66.23;1009.58
2084304;29.25;82.50;6.28;52.11;41.17;1009.62
2084700;29.25;82.50;6.28;32.38;24.24;1009.58
2085148;29.25;82.50;5.88;19.06;15.02;1009.62
2085549;29.25;82.50;3.92;11.80;8.79;1009.66
2085947;29.25;82.50;3.53;7.27;5.41;1009.62
2086346;29.25;82.50;0.39;4.43;4.84;1009.51
2086746;29.25;82.50;3.53;2.70;2.93;1009.51
2087141;29.25;82.50;3.14;1.60;1.76;1009.54
2087592;29.25;82.50;0;0.82;3.12;1009.62
2087992;29.25;82.50;0;2.48;1.87;1009.58
2088394;29.25;82.50;0;1.39;1.09;1009.54
2088841;29.25;82.50;0;0.78;0.62;1009.54
2089232;29.25;83.25;0;2.17;0.35;1009.51
2089601;29.25;83.25;0;71.26;100.68;1009.31
2090008;29.25;83.25;0;122.04;117.73;1009.35
2090411;29.25;83.25;0;169.36;131.81;1009.43
2090806;29.25;83.25;0.39;156.16;117.26;1009.51
2091205;29.25;83.25;2.35;142.67;184.52;1009.47
2091523;29.25;83.25;2.35;126.12;210.71;1009.62
2091969;29.25;83.25;1.57;161.57;173.06;1009.74
2092368;29.25;83.25;0.39;172.88;211.63;1009.82
2092767;29.25;83.25;1.18;174.05;206.16;1009.70
2093218;29.25;83.25;0;132.28;211.82;1009.82
2093538;29.25;83.25;0;108.68;146.46;1009.86
2093935;29.25;83.25;0;82.90;122.82;1009.90
2094380;29.25;83.25;0;63.94;91.89;1009.94
2094815;29.25;83.25;0;51.36;67.59;1009.97
2095210;29.25;83.25;0;45.49;58.82;1009.97
2095521;29.25;83.25;0;36.83;53.18;1010.01
2095921;29.25;83.25;0;33.03;41.89;1010.01
2096318;29.25;83.25;0;27.83;34.06;1010.01
2096711;29.25;83.25;0;25.33;26.70;1010.05
2097106;29.25;83.25;0;21.54;28.14;1010.05
2097498;29.25;83.25;0;17.42;21.58;1010.05
2097888;29.25;83.25;0;14.08;18.42;1010.05
2098278;29.25;83.25;0;11.37;14.88;1010.05
2098593;29.25;83.25;0;11.41;11.37;1010.05
2098986;29.25;83.25;0;9.22;9.69;1010.05
2099378;29.25;83.25;0;7.44;7.81;1010.05
2099770;29.25;83.25;0;8.34;5.96;1010.05
2100162;29.25;83.25;0;6.74;4.78;1010.05
2100553;29.25;83.25;0;5.14;5.82;1010.05
2100949;29.25;83.25;0;4.12;4.69;1010.05
2101340;29.25;83.25;0;3.30;3.75;1010.05
2101733;29.25;83.25;0;2.50;3.01;1010.05
2102175;29.25;83.25;0;1.99;2.27;1010.05
2102617;29.25;83.25;0;1.48;1.70;1010.05
2103061;29.25;83.25;0;3.44;1.35;1010.05
2103513;29.25;83.25;2.75;10.62;4.96;1010.05
2103914;29.25;83.25;2.75;14.35;9.69;1010.05
2104305;29.25;83.25;2.75;19.16;23.34;1010.05
2104758;29.25;83.25;2.35;81.32;67.30;1010.05
2105153;29.25;83.25;1.57;94.33;73.10;1010.05
2105548;29.25;83.25;0;157.10;152.31;1010.05
2106007;29.25;84.00;8.24;173.90;212.96;1010.05
2106406;29.25;84.00;1.18;207.27;265.41;1010.05
2106852;29.25;84.00;0;196.69;259.69;1010.05
2107297;29.25;84.00;0;166.32;197.06;1010.05
2107660;29.25;84.00;0;136.07;223.38;1010.05
2108052;29.25;84.00;0.39;119.31;170.59;1010.05
2108454;29.25;84.00;0;119.29;151.75;1010.05
2108956;29.25;84.00;0;166.06;123.59;1010.05
2109351;29.25;84.00;0;127.57;100.07;1010.05
2109742;29.25;84.00;0;111.52;76.87;1010.05
2110135;29.25;84.00;0;93.47;70.44;1010.05
2110529;29.25;84.00;0;75.70;61.03;1010.05
2110920;29.25;84.00;0;61.30;49.39;1010.05
2111310;29.25;84.00;0;53.73;37.91;1010.05
2111701;29.25;84.75;0;43.49;30.68;1010.05
2112095;29.25;84.75;0;39.65;58.69;1010.05
2112487;29.25;84.75;1.18;38.02;50.07;1010.05
2112880;29.25;84.75;1.57;35.41;44.04;1010.05
2113289;29.25;84.75;1.96;35.54;37.75;1010.05
2113657;29.25;84.75;1.96;71.44;35.19;1010.05
2114048;29.25;84.75;2.75;58.96;42.95;1010.05
2114442;29.25;84.75;0.78;55.00;94.43;1010.05
2114843;29.25;84.75;0.39;107.45;145.85;1010.05
2115298;29.25;84.75;0.39;167.20;177.94;1010.05
2115610;29.25;84.75;0.39;189.89;195.01;1010.05
2116005;29.25;84.75;0.39;169.56;207.04;1010.05
2116398;29.25;84.75;0.39;162.80;182.45;1010.05
2116789;29.25;84.75;0.39;173.66;213.11;1010.05
2117180;29.25;84.75;0.78;210.47;248.38;1010.05
2117574;29.25;84.75;0.78;246.37;270.65;1010.05
2117967;29.25;84.75;0;219.26;256.04;1010.05
2118364;29.25;84.75;0;185.36;204.09;1010.05
2118806;29.25;85.50;0;142.88;165.01;1010.05
2119253;29.25;85.50;0;121.96;192.64;1010.05
2119564;29.25;85.50;0;121.34;225.49;1010.05
2120008;29.25;85.50;0;157.08;221.57;1010.05
2120402;29.25;85.50;0;127.20;195.46;1010.05
2120796;29.25;85.50;0;103.00;165.69;1010.05
2121188;29.25;85.50;0;87.92;141.46;1010.05
2121579;30.00;85.50;0;71.19;114.54;1010.05
2121974;30.00;85.50;0;78.84;113.76;1010.05
2122365;30.00;85.50;0;84.53;117.00;1010.05
2122756;30.00;85.50;0;129.89;157.98;1010.05
2123152;30.00;85.50;0;184.42;181.57;1010.05
2123595;30.00;85.50;0;210.88;208.44;1010.05
2124037;30.00;85.50;0;192.45;174.17;1010.05
2124481;30.00;85.50;4.71;186.73;190.50;1010.05
2124929;30.00;86.25;8.63;133.82;181.75;1010.05
2125327;30.00;86.25;8.63;87.75;125.48;1010.05
2125720;30.00;86.25;7.06;57.52;86.73;1010.05
2126115;30.00;86.25;0;44.24;59.94;1010.05
2126562;30.00;86.25;1.18;36.05;53.75;1010.05
2126961;30.00;86.25;1.96;34.59;61.03;1010.05
2127355;30.00;86.25;1.96;36.48;82.77;1010.05
2127746;30.00;86.25;1.18;28.01;71.17;1010.05
2128140;30.00;86.25;1.18;21.48;58.75;1010.05
2128539;30.00;86.25;1.18;16.46;45.11;1010.05
2128981;30.00;86.25;1.18;12.64;34.63;1010.05
2129423;30.00;86.25;1.18;9.16;25.21;1010.05
2129864;30.00;86.25;1.57;8.89;18.34;1010.05
2130263;30.00;86.25;1.57;7.17;15.62;1010.05
2130574;30.00;86.25;1.18;5.47;11.35;1010.05
2130970;30.00;86.25;1.18;3.95;8.67;1010.05
2131366;30.00;86.25;0;2.99;6.62;1010.05
2131762;30.00;86.25;0;8.83;9.51;1010.05
2132152;30.00;86.25;0.78;16.76;13.50;1010.05
2132564;30.00;86.25;1.18;12.83;10.33;1010.05
2132964;30.00;86.25;1.57;9.82;7.89;1010.05
2133359;30.00;86.25;1.57;7.52;6.03;1010.05
2133801;30.00;87.00;1.96;7.46;6.35;1010.05
2134201;30.00;87.00;1.57;6.02;4.84;1010.05
2134596;30.00;87.00;1.57;6.13;3.67;1010.05
2135038;30.00;87.00;1.57;4.18;2.34;1010.05
2135429;30.00;87.00;1.57;3.01;1.66;1010.05
2135820;30.00;87.00;0;4.36;3.57;1010.05
2136214;30.00;87.00;0.78;5.19;4.80;1010.05
2136609;30.00;87.00;1.18;8.16;3.46;1010.05
2137054;30.00;87.00;1.57;5.88;2.60;1010.05
2137450;30.00;87.00;1.57;4.24;1.84;1010.05
2137840;30.00;87.00;1.57;3.05;1.29;1010.05
2138234;30.00;87.00;1.57;2.42;0.96;1010.05
2138546;30.00;87.00;1.57;1.60;0.64;1010.05
2138938;30.00;87.00;1.57;1.11;0.41;1009.97
2139335;30.00;87.00;1.57;0.82;0.29;1009.97
2139646;30.00;87.00;1.57;0.55;0.18;1010.01
2140042;30.00;87.00;1.57;0.33;0.04;1010.01
2140434;30.00;87.00;1.57;0.21;0;1010.01
2140827;30.00;87.00;1.57;1.99;0;1010.05
2141219;30.00;87.00;1.18;3.52;0;1010.05
2141611;30.00;87.00;1.18;2.52;0;1010.05
2141998;30.00;87.00;1.18;1.89;0;1009.90
2142392;30.00;87.00;1.18;1.27;0;1009.94
2142784;30.00;87.00;1.18;0.88;0;1009.97
2143177;30.00;87.75;1.18;0.55;0;1009.97
2143569;30.00;87.75;1.18;0.33;0;1010.01
2143961;30.00;87.75;1.18;0.21;0;1010.01
2144347;30.00;87.75;0;0.10;0;1010.01
2144739;30.00;87.75;0;0;0;1010.01
2145127;30.00;87.75;0;2.34;0;1010.05
2145522;30.00;87.75;0;7.97;1.86;1010.05
2145914;30.00;87.75;0;6.11;1.46;1010.05
2146307;30.00;87.75;0;5.18;1.15;1010.05
2146618;30.00;87.75;0;4.16;0.90;1010.05
2147009;30.00;87.75;0;3.16;0.68;1010.05
2147401;30.00;87.75;0;5.02;2.91;1010.05
2147794;30.00;87.75;0;21.85;8.67;1010.05
2148191;30.00;87.75;0;38.38;17.34;1010.05
2148587;30.00;87.75;0;66.71;20.94;1010.05
2148978;30.00;87.75;0;99.02;78.37;1010.05
2149369;30.00;87.75;0;80.17;79.47;1010.05
2149760;30.00;87.75;0;64.92;64.33;1010.05
2150152;30.00;87.75;0;55.41;52.07;1010.05
2150595;30.00;87.75;0;44.84;42.15;1010.05
2151038;30.00;87.75;0;34.88;39.26;1010.05
2151483;30.00;87.75;0;34.78;48.69;1010.05
2151924;30.00;87.75;0;91.93;86.38;1010.05
2152316;30.00;87.75;0;131.93;127.18;1010.05
2152690;30.00;87.75;0;106.85;119.00;1010.05
2153083;30.00;87.75;0;102.51;104.56;1010.05
2153476;30.00;87.75;0;99.29;108.82;1010.05
2153868;30.00;87.75;0;100.83;103.84;1010.05
2154316;30.00;87.75;0;102.94;96.85;1009.90
2154632;30.00;87.75;0;98.57;139.87;1009.94
2155032;30.00;87.75;0;95.40;155.56;1009.90
2155428;30.00;87.75;0;80.27;152.22;1009.94
2155825;30.00;87.75;0;65.00;124.72;1009.97
2156220;30.00;87.75;0;49.92;101.01;1009.97
2156613;30.00;87.75;0;75.76;84.21;1010.01
2157007;30.00;87.75;0.39;64.66;71.87;1010.01
2157469;30.00;87.75;2.75;47.11;77.42;1010.01
2157917;30.00;87.75;0;34.86;68.71;1010.01
2158315;30.00;87.75;0;33.94;62.85;1010.05
2158630;30.00;87.75;0.39;42.58;86.24;1010.05
2159025;30.00;87.75;0;41.36;89.64;1009.97
2159424;30.00;87.75;0;69.16;121.57;1009.97
2159822;30.00;87.75;0;99.66;149.15;1010.01
2160268;30.00;87.75;0;101.95;172.33;1010.01
2160637;30.00;87.75;0;146.40;198.27;1009.94
2161032;30.00;87.75;0;112.45;168.78;1009.97
2161429;30.00;87.75;0;91.05;136.69;1009.97
2161922;30.00;87.75;0;108.82;122.22;1010.01
2162323;30.00;87.75;0;92.88;104.33;1010.01
2162687;30.00;87.75;0;79.12;84.49;1010.01
2163128;30.00;87.75;0;72.59;84.00;1010.05
2163525;30.00;87.75;0;107.79;129.46;1009.97
2163931;30.00;87.75;0;156.73;149.81;1009.90
2164377;30.00;87.75;0.78;153.15;146.28;1009.90
2164776;30.00;87.75;1.18;117.65;143.15;1009.86
2165175;30.00;87.75;0;103.45;125.97;1009.86
2165570;30.00;87.75;0;90.78;102.02;1009.90
2166016;30.00;87.75;0.78;66.11;85.37;1009.94
2166418;30.00;87.75;1.18;53.51;69.12;1009.97
2166819;30.00;87.75;1.18;41.09;53.08;1009.97
2167261;30.00;87.75;0.78;35.47;40.76;1010.01
2167663;30.00;87.75;0.39;27.21;31.27;1010.01
2168058;30.00;87.75;0.39;20.88;23.98;1010.01
2168447;30.00;87.75;0.39;16.00;19.41;1010.05
2168842;30.00;87.75;0;12.26;17.23;1010.05
2169238;30.00;87.75;0;16.82;47.09;1010.05
2169630;30.00;87.75;0;20.49;40.45;1010.05
2170072;30.00;87.75;0;18.91;31.05;1010.05
2170514;30.00;87.75;0;14.47;23.83;1010.05
2170919;30.00;87.75;0;11.05;19.26;1010.05
2171311;30.00;87.75;0;9.39;16.42;1010.05
2171622;30.00;87.75;0;7.58;13.28;1009.97
2172018;30.00;87.75;0;8.22;10.16;1009.90
2172414;30.00;87.75;0;6.62;8.20;1009.94
2172859;30.00;87.75;0;7.68;15.53;1009.97
2173263;30.00;87.75;0;55.17;46.81;1009.97
2173663;30.00;88.50;0;44.67;70.78;1010.01
2174113;30.00;88.50;0;38.36;61.40;1009.94
2174509;30.00;88.50;0;33.04;49.70;1009.97
2174903;30.00;88.50;0;26.72;40.23;1010.01
2175299;30.00;88.50;0;28.16;37.77;1010.01
2175611;30.00;88.50;0;37.15;77.22;1010.01
2176003;30.00;88.50;0;91.52;113.22;1010.01
2176402;30.00;88.50;0;74.08;91.67;1010.05
2176848;30.00;88.50;0;60.97;78.63;1009.97
2177296;30.00;88.50;0;83.92;99.00;1009.90
2177663;30.00;88.50;0;103.88;160.69;1009.97
2178068;30.00;88.50;0;156.87;175.13;1009.97
2178459;30.00;88.50;0;151.94;185.50;1010.01
2178855;30.00;88.50;0;123.04;166.24;1009.94
2179303;30.00;88.50;0;99.64;134.35;1009.97
2179669;30.00;88.50;0;80.68;108.80;1009.97
2180062;30.00;88.50;0;65.33;88.10;1010.01
2180457;30.00;88.50;0;50.17;71.32;1009.94
2180850;30.00;88.50;0;40.60;64.74;1009.97
2181257;30.00;88.50;0;34.86;52.40;1009.94
2181653;30.00;88.50;1.18;32.54;50.21;1009.94
2182048;30.00;88.50;1.57;34.76;55.17;1009.97
2182446;30.00;88.50;1.96;60.54;76.54;1010.01
2182845;30.00;88.50;1.96;46.48;58.79;1010.01
2183286;30.00;88.50;1.96;33.85;42.81;1010.01
2183729;30.00;88.50;1.96;23.38;31.25;1009.97
2184125;30.00;88.50;1.96;16.97;21.56;1009.90
2184519;30.00;88.50;0;13.89;15.68;1009.94
2184919;30.00;88.50;0;11.21;14.34;1009.90
2185314;30.00;88.50;0;8.12;14.76;1009.86
2185629;30.00;88.50;0;15.02;12.54;1009.90
2186031;30.00;88.50;0;19.10;12.34;1009.94
2186430;30.00;88.50;0;15.43;9.43;1009.97
2186824;30.00;88.50;0;11.82;7.60;1009.97
2187215;30.00;88.50;0;10.06;6.48;1010.01
2187609;30.00;88.50;0;10.45;4.92;1010.01
2188000;30.00;88.50;0;10.64;6.17;1010.01
2188390;30.00;88.50;0;9.06;5.23;1010.01
2188701;30.00;88.50;0;7.30;6.43;1010.05
2189096;30.00;88.50;0;5.55;7.38;1009.97
2189493;30.00;88.50;0;4.22;5.62;1009.94
2189941;30.00;88.50;0;7.81;11.43;1009.97
2190395;30.00;88.50;0;6.64;9.73;1009.97
2190706;30.00;88.50;0;9.69;23.77;1010.01
2191107;30.00;88.50;0;10.16;51.25;1010.01
2191507;30.00;88.50;0;38.44;43.83;1009.94
2191903;30.00;88.50;0;33.34;53.28;1009.97
2192299;30.00;88.50;0;37.89;68.02;1009.97
2192690;30.00;88.50;0;33.01;63.65;1009.94
2193086;30.00;88.50;0;90.56;112.98;1009.74
2193487;30.00;88.50;0;142.78;136.48;1009.74
2193885;30.00;88.50;0;160.61;154.19;1009.82
2194281;30.00;88.50;0;199.54;203.13;1009.82
2194673;30.00;88.50;0;211.96;214.85;1009.78
2195067;30.00;89.25;0;223.01;223.33;1009.86
2195466;30.00;89.25;3.92;202.55;195.63;1009.82
2195867;30.00;89.25;6.28;132.86;128.31;1009.74
2196268;30.00;89.25;3.92;88.63;84.14;1009.74
2196661;30.00;89.25;3.92;61.27;55.15;1009.74
2197053;30.00;89.25;3.92;47.75;42.34;1009.78
2197449;30.00;89.25;0;38.88;37.73;1009.78
2197896;30.00;89.25;0;31.83;30.53;1009.78
2198290;30.00;89.25;0;25.74;23.40;1009.82
2198688;30.00;89.25;0;19.74;21.25;1009.82
2199079;30.00;89.25;0;15.96;17.19;1009.86
2199475;30.00;90.00;0;15.02;13.16;1009.86
2199875;30.00;90.00;0;12.13;10.62;1009.82
2200321;30.00;90.00;0;9.28;8.57;1009.90
2200687;30.00;90.00;0;7.48;6.89;1009.70
2201084;30.00;90.00;0;6.03;5.53;1009.66
2201482;30.00;90.00;0;4.84;4.20;1009.70
2201892;30.00;90.00;0;6.23;5.70;1009.70
2202285;30.00;90.00;0;5.02;8.59;1009.74
2202681;30.00;90.00;0;4.02;6.91;1009.82
2203075;30.00;90.00;0;3.05;5.55;1009.86
2203469;30.00;90.00;0;2.42;6.48;1009.86
2203863;30.00;90.00;0;1.91;5.19;1009.90
2204309;30.00;90.00;0;1.50;4.18;1009.94
2204706;30.00;90.00;0;3.53;3.36;1009.90
2205101;30.00;90.00;0;33.06;34.69;1009.86
2205512;30.00;90.00;0;26.74;28.06;1009.90
2205909;30.00;90.00;0;21.62;22.71;1009.94
2206303;30.00;90.00;0;16.58;20.58;1009.97
2206698;30.00;90.00;0;13.38;16.62;1009.97
2207091;30.00;90.00;0;10.80;13.42;1010.01
2207487;30.00;90.75;0.78;8.71;10.82;1010.01
2207938;30.00;90.75;1.57;8.65;10.19;1010.01
2208337;30.00;90.75;1.57;11.58;8.67;1010.01
2208653;30.00;90.75;1.57;9.35;6.62;1009.97
2209049;30.00;90.75;0;7.15;5.33;1009.90
2209448;30.00;90.75;0;5.76;4.28;1009.86
2209894;30.00;90.75;0;6.97;5.76;1009.90
2210288;30.00;90.75;0;54.61;26.44;1009.94
2210693;30.00;90.75;0;60.23;37.40;1009.97
2211089;30.00;90.75;0;48.75;37.17;1009.97
2211483;30.00;90.75;0;51.87;64.35;1009.94
2211880;30.00;90.75;0;45.86;92.08;1009.97
2212275;30.00;90.75;0;37.11;74.57;1009.97
2212667;30.00;90.75;0;35.39;64.47;1010.01
2213111;30.00;90.75;0;37.56;101.18;1010.01
2213509;30.00;90.75;0;38.38;92.90;1010.01
2213951;30.00;90.75;0;29.45;71.34;1010.01
2214344;30.00;90.75;0;25.12;60.89;1009.97
2214658;30.00;90.75;0;19.26;49.31;1009.97
2215086;30.00;90.75;0;15.57;39.92;1010.01
2215482;30.00;90.75;0;12.60;32.30;1010.01
2215874;30.00;90.75;0;10.16;26.13;1010.01
2216316;30.00;90.75;0;12.64;23.24;1010.05
2216764;30.00;90.75;0;74.92;68.73;1010.05
2217155;30.00;90.75;0;60.66;55.62;1010.05
2217597;30.00;90.75;0;53.20;45.02;1010.05
2218039;30.00;90.75;0;106.09;74.02;1010.05
2218437;30.00;90.75;0;143.98;80.07;1010.05
2218750;30.00;90.75;0;141.55;86.65;1010.05
2219142;30.00;90.75;0;116.97;82.87;1010.05
2219534;30.00;90.75;0;94.70;74.47;1010.05
2219925;30.00;90.75;0;80.85;63.55;1010.05
2220317;30.00;90.75;0;73.26;48.79;1010.05
2220711;30.00;90.75;0;59.29;39.47;1010.05
2221102;30.00;90.75;0;48.00;31.93;1010.05
2221494;30.00;90.75;0;38.85;25.84;1010.05
2221886;30.00;90.75;0;33.65;23.24;1010.05
2222276;30.00;90.75;0;40.93;67.81;1010.05
2222668;30.00;90.75;0;75.82;124.37;1010.05
2223065;30.00;90.75;0;61.38;100.72;1010.05
2223456;30.00;90.75;0;49.68;81.56;1010.05
2223849;30.00;90.75;0;75.60;81.95;1010.05
2224242;30.00;90.75;0.78;130.64;127.80;1010.05
2224647;30.00;90.75;3.92;105.79;98.18;1010.05
2225093;30.00;90.75;5.10;81.24;75.41;1010.05
2225488;30.00;90.75;5.10;59.18;54.90;1010.05
2225879;30.00;90.75;4.31;40.88;40.13;1010.05
2226273;30.00;90.75;4.31;26.76;26.31;1010.05
2226665;30.00;90.75;3.92;16.60;17.21;1010.05
2227060;30.00;90.75;2.35;10.25;12.87;1009.82
2227458;30.00;90.75;2.35;6.33;7.93;1009.82
2227903;30.00;90.75;0.78;3.87;6.50;1009.74
2228305;30.00;90.75;0.39;2.46;6.43;1009.74
2228699;30.00;90.75;0.39;3.55;3.93;1009.82
2229094;30.00;90.75;0.39;2.27;2.52;1009.82
2229485;30.00;90.75;0;5.76;4.04;1009.86
2229898;30.00;91.50;0;18.77;2.58;1009.86
2230302;30.00;91.50;0;54.20;68.88;1009.90
2230707;30.00;91.50;0;96.58;122.06;1009.94
2231107;30.00;91.50;0;125.68;144.80;1009.97
2231560;30.00;91.50;0;97.88;126.79;1009.97
2231952;30.00;91.50;0;96.61;119.97;1010.01
2232347;30.00;91.50;0;130.23;113.37;1010.01
2232744;30.00;91.50;0;123.25;101.87;1010.01
2233188;30.00;91.50;0;126.05;97.65;1010.05
2233636;30.00;91.50;0;137.75;131.07;1010.05
2234032;30.00;91.50;0;140.85;138.58;1010.05
2234425;30.00;91.50;0;159.07;173.68;1010.05
2234738;30.00;91.50;1.96;144.83;148.62;1010.05
2235135;30.00;91.50;1.96;117.30;126.87;1010.05
2235527;30.00;91.50;1.96;106.09;105.66;1010.05
2235919;30.00;91.50;1.96;106.30;122.86;1010.05
2236310;30.00;91.50;1.96;153.31;166.59;1010.05
2236701;30.00;91.50;1.96;163.02;177.27;1010.05
2237092;30.00;91.50;1.57;168.90;170.67;1010.05
2237488;30.00;91.50;1.57;198.93;230.75;1010.05
2237882;30.00;91.50;1.57;165.61;187.64;1009.97
2238280;30.00;91.50;1.57;146.81;160.97;1009.97
2238724;30.00;91.50;1.57;206.04;191.41;1010.01
2239122;30.00;91.50;1.57;174.77;178.33;1009.94
2239518;30.00;91.50;1.57;214.83;236.02;1009.90
2239915;30.00;91.50;6.28;270.16;276.78;1009.94
2240416;30.00;91.50;6.67;295.98;297.09;1009.97
2240786;30.00;91.50;9.41;320.08;318.34;1010.01
2241183;30.00;91.50;13.73;338.67;337.62;1009.94
2241587;30.00;91.50;18.04;346.91;339.31;1009.97
2242037;30.00;91.50;23.14;354.53;255.94;1009.86
2242436;30.00;91.50;26.67;350.43;297.79;1009.74
2242755;30.00;91.50;0;345.00;298.57;1009.66
2243206;29.25;91.50;14.12;335.51;307.29;1009.54
2243615;29.25;91.50;8.63;302.46;237.07;1009.62
2244066;29.25;91.50;20.79;265.35;215.30;1009.66
2244471;29.25;91.50;27.85;299.34;198.33;1009.58
2244794;29.25;91.50;32.94;320.41;188.05;1009.58
2245240;29.25;91.50;5.49;236.86;224.28;1009.51
2245640;29.25;91.50;29.81;274.87;273.83;1009.43
2246044;29.25;91.50;39.61;316.00;319.65;1009.27
2246463;29.25;91.50;43.93;315.64;333.51;1009.27
2246830;29.25;90.75;46.67;310.04;295.84;1009.23
2247234;29.25;90.75;26.67;126.53;141.28;1009.23
2247629;29.25;90.75;28.24;57.32;60.72;1009.31
2248082;29.25;90.75;45.89;20.96;25.10;1009.31
2248476;29.25;90.75;50.99;11.66;13.26;1009.31
2248842;29.25;90.75;55.69;4.92;5.90;1009.27
2249242;29.25;90.00;34.91;1.60;1.80;1009.15
2249697;29.25;90.00;29.42;0.62;2.11;1009.15
2250092;29.25;90.00;34.91;0.20;2.56;1009.04
2250543;29.25;90.00;36.47;0;0.76;1009.04
2250990;29.25;90.00;0;1.23;0.25;1008.96
2251391;29.25;89.25;21.96;0.61;2.03;1009.00
2251720;29.25;88.50;26.28;2.19;0.88;1008.84
2252173;29.25;88.50;26.67;0.72;1.91;1008.61
2252575;29.25;88.50;33.73;0.27;2.15;1008.69
2252974;29.25;88.50;50.59;1.72;0.88;1008.57
2253373;29.25;87.75;61.58;2.62;1.43;1008.41
2253776;29.25;87.75;62.36;1.07;2.52;1008.45
2254178;29.25;87.75;4.31;0.33;6.93;1008.33
2254576;29.25;87.75;23.92;0.02;2.87;1008.29
2254981;29.25;87.00;19.61;6.33;64.72;1008.29
2255389;29.25;87.00;19.22;50.82;120.56;1008.18
2255722;29.25;87.00;19.22;118.57;145.60;1008.26
2256125;28.50;87.00;33.34;134.80;145.11;1008.10
2256584;28.50;86.25;47.85;155.56;112.77;1007.94
2256987;28.50;86.25;47.85;222.70;167.10;1008.02
2257385;28.50;86.25;43.93;263.09;161.85;1008.06
2257754;28.50;86.25;33.34;306.39;255.30;1008.06
2258151;28.50;85.50;26.28;347.40;315.21;1008.10
2258557;28.50;85.50;24.32;353.63;336.42;1008.14
2258958;28.50;85.50;23.92;353.96;350.64;1008.10
2259359;28.50;85.50;35.30;335.39;348.61;1008.06
2259810;28.50;84.75;34.91;346.05;357.34;1008.02
2260213;28.50;84.75;49.03;330.10;348.20;1008.02
2260660;28.50;84.75;41.57;328.46;345.66;1008.02
2261106;28.50;84.75;27.06;223.42;337.91;1008.14
2261505;28.50;84.00;0;164.79;201.88;1008.02
2261907;28.50;84.00;0;67.20;82.36;1008.06
2262307;28.50;84.00;0;30.43;37.28;1008.02
2262701;28.50;84.00;0;17.79;16.82;1008.02
2263093;28.50;84.00;0;8.42;11.74;1007.90
2263487;28.50;83.25;0;5.18;7.23;1007.86
2263806;28.50;83.25;0;2.83;5.84;1007.94
2264200;28.50;83.25;0;3.11;3.18;1008.18
2264593;28.50;83.25;0;1.76;1.80;1008.33
2265040;28.50;83.25;0;0.96;1.00;1008.29
2265485;28.50;83.25;0;0.49;0.55;1008.29
2265847;28.50;83.25;0;0.25;0.27;1008.45
2266292;28.50;82.50;0;0.04;0.06;1008.57
2266693;28.50;82.50;0;0;0;1008.61
2267088;28.50;82.50;0;15.92;2.21;1008.69
2267490;28.50;82.50;0;91.85;1.56;1008.72
2267856;28.50;82.50;0;89.92;16.09;1008.76
2268263;28.50;82.50;0;87.42;15.21;1008.76
2268655;28.50;82.50;0;86.11;19.90;1008.80
2269056;29.25;82.50;0;81.83;77.32;1008.80
2269453;29.25;82.50;0;91.17;62.59;1008.80
2269814;29.25;82.50;0;82.46;54.18;1008.80
2270207;29.25;82.50;0;63.34;45.58;1008.84
2270604;29.25;82.50;0;51.97;36.89;1008.84
2270994;29.25;82.50;0;42.07;28.32;1008.84
2271385;29.25;82.50;0;34.29;27.95;1008.84
2271775;29.25;82.50;0;26.31;24.71;1008.84
2272166;29.25;82.50;0;20.17;18.94;1008.84
2272558;29.25;82.50;0;16.31;16.42;1008.84
2272951;29.25;82.50;0;14.73;12.60;1008.92
2273349;29.25;82.50;0;13.91;10.72;1008.88
2273746;29.25;82.50;0;13.46;8.20;1008.88
2274141;29.25;82.50;0;12.40;8.36;1008.88
2274583;29.25;82.50;0;10.90;8.42;1008.96
2275069;29.25;82.50;0;12.05;10.31;1009.08
2275571;29.25;82.50;0;18.61;16.37;1009.23
2275967;29.25;82.50;0;15.06;20.14;1009.27
2276364;29.25;82.50;0;11.54;18.40;1009.47
2276761;29.25;82.50;0;12.50;17.36;1009.62
2277208;29.25;82.50;0;14.67;17.75;1009.66
2277605;29.25;82.50;0;11.23;18.07;1009.74
2277999;29.25;82.50;0;10.60;15.96;1009.82
2278393;29.25;82.50;0;8.55;12.25;1009.86
2278789;29.25;82.50;0;6.50;11.97;1009.94
2279237;29.25;82.50;0;11.44;11.27;1009.94
2279635;29.25;82.50;0;11.09;16.00;1009.97
2280030;29.25;82.50;0;8.94;30.06;1010.01
2280424;29.25;82.50;0;23.55;51.89;1010.01
2280739;29.25;82.50;0;18.07;46.44;1010.01
2281131;29.25;82.50;0;16.95;37.60;1010.01
2281525;29.25;82.50;0;20.04;79.76;1009.97
2281922;30.00;82.50;0;21.39;134.03;1009.97
2282377;30.00;82.50;0;18.61;118.55;1010.01
2282773;30.00;82.50;0;48.92;149.35;1010.01
2283165;30.00;82.50;0;109.06;152.12;1010.01
2283561;30.00;82.50;0;100.68;184.64;1010.05
2284007;30.00;82.50;0;106.42;157.04;1010.05
2284448;30.00;82.50;0;110.74;127.16;1010.05
2284759;30.00;82.50;0;117.41;133.66;1010.05
2285202;30.00;82.50;0;112.88;117.47;1010.05
2285645;30.00;82.50;6.67;111.87;97.24;1010.05
2286091;30.00;83.25;18.43;73.35;63.73;1009.97
2286499;30.00;83.25;32.16;53.43;46.42;1009.97
2286817;30.00;83.25;39.22;31.48;27.36;1010.01
2287215;30.00;83.25;44.71;15.76;13.69;1010.01
2287661;30.00;83.25;70.20;5.10;4.41;1010.01
2288057;30.00;83.25;75.30;2.19;5.25;1009.90
2288455;30.00;83.25;38.83;1.93;3.40;1009.86
2288774;30.00;83.25;75.69;0.55;1.05;1009.82
2289224;29.25;83.25;100.01;1.99;1.43;1009.66
2289684;29.25;83.25;100.01;0.35;0.21;1009.78
2290078;29.25;83.25;99.62;0;0;1009.62
2290527;29.25;83.25;2.35;0;1.76;1009.62
2290889;29.25;83.25;99.62;0;0.27;1009.62
2291354;29.25;83.25;100.01;0;0;1009.51
2291758;29.25;83.25;99.62;0;0;1009.43
2292149;29.25;83.25;100.01;1.23;0.61;1009.39
2292552;29.25;83.25;100.01;2.01;0.02;1009.31
2292999;29.25;83.25;100.01;1.46;1.76;1009.27
2293396;29.25;83.25;59.22;1.48;0.29;1009.19
2293793;29.25;83.25;100.01;1.35;0;1009.11
2294248;29.25;83.25;100.01;1.00;1.23;1009.04
2294643;29.25;83.25;100.01;0.16;0.25;1009.00
2295039;29.25;83.25;39.22;3.05;0;1008.96
2295439;29.25;83.25;65.89;1.19;0;1008.80
2295753;29.25;83.25;91.77;2.15;0;1008.69
2296149;29.25;83.25;100.01;1.50;2.03;1008.41
2296557;29.25;83.25;44.32;0.33;0.47;1008.29
2296955;29.25;83.25;83.54;1.86;0.78;1008.29
2297403;29.25;83.25;100.01;0.33;0.06;1008.18
2297805;29.25;83.25;92.17;1.35;0.70;1008.10
2298204;29.25;83.25;1.18;0.31;1.48;1008.06
2298605;29.25;83.25;0;0;1.95;1007.98
2299002;29.25;83.25;0;0;0.53;1007.86
2299398;29.25;83.25;27.45;0;0.06;1007.83
2299802;29.25;83.25;37.65;0;0;1007.79
2300198;29.25;83.25;33.73;0;0;1007.83
2300590;29.25;82.50;42.36;0;0;1007.75
2300984;29.25;82.50;77.66;0;1.02;1007.67
2301381;29.25;82.50;60.79;0;2.13;1007.59
2301777;29.25;82.50;0;0;0.59;1007.51
2302223;29.25;82.50;0;0;3.44;1007.36
2302618;29.25;82.50;0;0;4.53;1007.36
2303009;29.25;82.50;0;1.07;1.52;1007.32
2303406;29.25;82.50;0;1.52;0.47;1007.40
2303800;29.25;82.50;0;0.55;1.07;1007.24
2304205;29.25;81.75;0;0.14;2.89;1007.32
2304603;29.25;81.75;0;1.13;1.19;1007.32
2304994;29.25;81.75;0;0.49;0.55;1007.36
2305391;29.25;81.75;0;0.21;0.21;1007.44
2305787;29.25;81.75;0;0;0.02;1007.55
2306181;29.25;81.75;0;0;0;1007.79
2306624;29.25;81.75;0;2.09;0;1007.90
2307021;29.25;81.75;0;4.82;5.68;1008.14
2307419;29.25;81.75;0;21.03;42.59;1008.29
2307831;29.25;81.75;0;17.67;49.00;1008.41
2308226;29.25;81.75;0;16.39;70.89;1008.53
2308622;29.25;81.75;0;28.55;120.97;1008.61
2309024;29.25;81.75;0;83.30;162.33;1008.65
2309470;29.25;81.75;0;79.16;184.91;1008.72
2309836;29.25;81.75;0;76.69;193.05;1008.72
2310229;29.25;81.75;0;104.51;161.61;1008.76
2310629;29.25;81.75;0;87.01;148.23;1008.76
2311022;29.25;81.75;0;91.85;172.70;1008.80
2311419;30.00;81.75;0;79.37;194.26;1008.80
2311812;30.00;81.75;0;72.59;201.49;1008.80
2312256;30.00;81.75;0;108.51;185.24;1008.84
2312657;30.00;81.75;0.39;142.20;173.21;1008.88
2313055;30.00;81.75;0.39;103.63;140.67;1008.88
2313447;30.00;81.75;1.18;87.79;102.51;1008.96
2313845;30.00;81.75;7.06;60.66;74.68;1009.08
2314250;30.00;81.75;6.28;41.89;62.24;1009.15
2314649;30.00;81.75;5.49;28.90;49.00;1009.31
2315049;30.00;81.75;1.96;19.47;30.86;1009.47
2315504;30.00;81.75;0.39;14.14;23.67;1009.43
2315823;30.00;81.75;0;43.57;27.22;1009.58
2316274;30.00;81.75;0;81.64;86.97;1009.70
2316670;30.00;82.50;0;150.40;155.22;1009.66
2317080;30.00;82.50;0;147.08;127.26;1009.54
2317476;30.00;82.50;0;133.88;110.44;1009.58
2317793;30.00;82.50;0;102.85;84.82;1009.70
2318188;30.00;82.50;0;91.46;65.13;1009.78
2318583;30.00;82.50;0;95.27;52.73;1009.86
2319029;30.00;82.50;0;127.84;46.58;1009.90
2319431;30.00;82.50;0;105.81;39.80;1009.86
2319828;30.00;82.50;0;127.73;32.87;1009.86
2320222;30.00;82.50;0;172.88;75.60;1009.90
2320669;30.00;82.50;0;201.84;87.08;1009.94
2321115;30.00;83.25;0;212.78;90.50;1009.90
2321516;30.00;83.25;0;181.67;77.26;1009.94
2321831;30.00;83.25;0;178.35;70.35;1009.97
2322228;30.00;83.25;0;159.97;76.44;1009.97
2322618;30.00;83.25;0;145.15;74.37;1010.01
2323013;30.00;83.25;0;133.14;102.90;1010.01
2323459;30.00;83.25;0;137.39;111.56;1010.01
2323902;30.00;83.25;0.78;126.77;92.69;1010.05
2324310;30.00;84.00;0;97.40;78.98;1009.97
2324712;30.00;84.00;0;78.86;70.93;1009.97
2325105;30.00;84.00;1.57;75.09;61.46;1010.01
2325505;30.00;84.00;2.35;72.63;60.25;1009.94
2325823;30.00;84.00;0;55.80;43.84;1009.90
2326223;30.00;84.00;0.39;48.24;35.86;1009.94
2326621;30.00;84.00;4.31;56.56;29.72;1009.90
2327019;30.00;84.00;5.49;47.65;25.12;1009.94
2327418;30.00;84.00;6.28;34.69;18.26;1009.97
2327870;30.00;84.75;6.28;22.71;11.93;1009.90
2328271;30.00;84.75;6.28;30.15;66.11;1009.86
2328720;30.00;84.75;6.28;28.46;126.03;1009.94
2329170;30.00;84.75;6.28;106.32;126.20;1009.74
2329571;30.00;84.75;5.88;114.66;138.80;1009.66
2329891;30.00;84.75;0;150.28;156.94;1009.54
2330290;29.25;84.75;0;184.93;128.72;1009.58
2330690;29.25;84.75;0;173.78;114.09;1009.43
2331086;29.25;84.75;0;191.43;102.02;1009.35
2331534;29.25;84.75;0;155.03;87.08;1009.43
2331855;29.25;84.75;0;125.54;66.89;1009.43
2332246;30.00;85.50;0;96.44;54.16;1009.27
2332648;30.00;85.50;0;78.08;43.84;1009.19
2333044;30.00;85.50;0;82.71;44.55;1009.27
2333438;30.00;85.50;0;113.41;38.28;1009.31
2333889;30.00;85.50;0;87.10;31.27;1009.23
2334284;30.00;85.50;0;70.52;25.99;1009.23
2334675;30.00;85.50;0;60.99;27.93;1009.27
2335070;30.00;85.50;0;49.37;68.80;1009.27
2335460;30.00;85.50;0;47.36;64.14;1009.35
2335869;30.00;85.50;0;42.79;52.95;1009.43
2336265;30.00;85.50;0;39.74;46.56;1009.35
2336660;30.00;85.50;0;41.07;50.09;1009.51
2337056;30.00;85.50;0;48.86;88.33;1009.58
2337452;30.00;86.25;0;102.75;140.99;1009.62
2337913;30.00;86.25;0;103.82;192.98;1009.54
2338309;30.00;86.25;0;84.08;156.30;1009.62
2338756;30.00;86.25;0;75.07;126.73;1009.51
2339155;30.00;86.25;0;60.76;102.63;1009.43
2339554;30.00;86.25;0;51.85;87.61;1009.47
2339868;30.00;86.25;0;39.78;70.91;1009.51
2340262;30.00;86.25;0;32.19;57.42;1009.51
2340654;30.00;86.25;0;26.01;46.48;1009.66
2341048;30.00;86.25;0;21.03;35.68;1009.66
2341439;30.00;86.25;0;23.22;28.88;1009.70
2341839;30.00;86.25;0;18.79;23.38;1009.78
2342236;30.00;86.25;0;15.17;18.89;1009.86
2342630;30.00;86.25;0;11.62;21.82;1009.90
2343025;30.00;86.25;0;9.37;17.64;1009.78
2343418;30.00;86.25;0;7.56;14.26;1009.86
2343813;30.00;86.25;0;6.11;11.52;1009.78
2344259;30.00;86.25;0;11.46;8.81;1009.70
2344663;30.00;86.25;0;9.24;7.11;1009.78
2345059;30.00;86.25;0;7.46;5.74;1009.86
2345453;30.00;86.25;0;10.16;6.95;1009.82
2345904;30.00;86.25;0;9.75;17.11;1009.82
2346303;30.00;86.25;0;7.87;13.83;1009.82
2346693;30.00;86.25;0;6.35;11.17;1009.82
2347084;30.00;86.25;0;5.12;8.55;1009.86
2347478;30.00;86.25;0;4.10;6.87;1009.90
2347872;30.00;87.00;0;3.48;5.82;1009.94
2348322;30.00;87.00;0;2.62;4.43;1009.90
2348718;30.00;87.00;0;6.43;5.76;1009.94
2349114;30.00;87.00;0;5.16;4.63;1009.97
2349508;30.00;87.00;0;4.37;3.93;1009.97
2349818;30.00;87.00;0;3.52;3.14;1009.94
2350215;30.00;87.00;0;2.81;2.38;1009.94
2350608;30.00;87.00;0;2.25;1.89;1009.97
2351004;30.00;87.00;0;1.80;1.50;1010.01
2351449;30.00;87.00;0;1.43;1.19;1009.94
2351907;30.00;87.00;0;1.00;0.88;1009.97
2352302;30.00;87.00;0;0.76;0.66;1009.97
2352744;30.00;87.00;0;0.59;0.51;1010.01
2353190;30.00;87.00;0;0.39;0.31;1009.94
2353588;30.00;87.00;0;2.42;0.25;1009.97
2353902;30.00;87.00;0;1.91;0.18;1009.97
2354292;30.00;87.00;0;1.50;0.10;1010.01
2354686;30.00;87.00;0;1.19;0.02;1010.01
2355076;30.00;87.00;0;0.94;2.09;1010.01
2355470;30.00;87.00;0;0.70;1.66;1010.01
2355861;30.00;87.00;0;0.55;1.31;1010.05
2356257;30.00;87.00;0;2.73;0.96;1010.05
2356649;30.00;87.00;0;2.17;0.72;1010.05
2357039;30.00;87.00;0;1.72;0.57;1010.05
2357430;30.00;87.00;0;1.35;0.41;1010.05
2357821;30.00;87.00;0;1.00;0.31;1010.05
2358215;30.00;87.75;0;0.76;0.23;1009.97
2358612;30.00;87.75;0;0.62;0.18;1009.97
2358922;30.00;87.75;0;2.58;0.10;1009.94
2359317;30.00;87.75;0;4.16;0;1009.90
2359712;30.00;87.75;0;3.34;2.21;1009.94
2360108;30.00;87.75;0;4.69;1.76;1009.90
2360553;30.00;87.75;0;6.09;3.81;1009.86
2360867;30.00;87.75;0;22.75;9.41;1009.82
2361316;30.00;87.75;0;65.52;56.60;1009.74
2361715;30.00;87.75;0;74.84;49.51;1009.82
2362109;30.00;87.75;0;60.60;40.08;1009.86
2362504;30.00;87.75;0;49.06;30.76;1009.78
2362899;30.00;87.75;0;39.72;24.90;1009.70
2363345;30.00;87.75;0;32.15;20.14;1009.66
2363740;30.00;87.75;0;24.65;16.27;1009.74
2364134;30.00;87.75;0;19.92;15.16;1009.82
2364530;30.00;87.75;0;23.89;19.84;1009.86
2364843;30.00;87.75;0;21.66;16.03;1009.90
2365239;30.00;87.75;0;47.75;14.28;1009.86
2365635;30.00;87.75;0;38.65;11.54;1009.94
2366029;30.00;88.50;0;35.49;13.53;1009.94
2366474;30.00;88.50;0;43.16;44.82;1009.97
2366869;30.00;88.50;0;104.39;105.72;1010.01
2367276;30.00;88.50;0;128.19;102.77;1009.94
2367672;30.00;88.50;0;173.25;128.21;1009.90
2368069;30.00;88.50;0;148.51;119.86;1009.94
2368463;30.00;88.50;0;128.47;100.29;1009.90
2368857;30.00;88.50;0;142.98;89.00;1009.94
2369251;30.00;88.50;0;166.49;114.09;1009.97
2369651;30.00;89.25;0;169.11;116.61;1009.90
2370102;30.00;89.25;0;161.34;113.74;1009.82
2370498;30.00;89.25;0;154.33;118.35;1009.82
2370891;30.00;89.25;0;124.97;103.24;1009.86
2371286;30.00;89.25;0;108.59;86.67;1009.90
2371680;30.00;89.25;0;107.86;74.00;1009.86
2372127;30.00;89.25;0;90.64;64.21;1009.78
2372522;30.00;89.25;0;81.17;51.99;1009.86
2372917;30.00;89.25;0;69.33;42.09;1009.90
2373311;30.00;89.25;0;56.13;36.05;1009.94
2373704;30.00;89.25;0;45.45;29.18;1009.90
2374099;30.00;90.00;0;38.88;30.15;1009.94
2374497;30.00;90.00;0;31.46;24.37;1009.90
2374942;30.00;90.00;0;25.45;18.69;1009.94
2375338;30.00;90.00;0;20.58;15.10;1009.97
2375732;30.00;90.00;0;16.62;12.21;1009.97
2376123;30.00;90.00;0;12.71;9.84;1010.01
2376518;30.00;90.00;0;10.25;7.93;1009.94
2376912;30.00;90.00;0;8.28;6.41;1009.97
2377358;30.00;90.00;0;6.68;7.50;1009.86
2377804;30.00;90.00;0;7.32;7.66;1009.90
2378198;30.00;90.00;0;10.10;21.29;1009.86
2378607;30.00;90.00;0;8.59;18.14;1009.90
2378922;30.00;90.00;0;6.54;21.23;1009.86
2379368;30.00;90.00;0;7.48;21.17;1009.94
2379763;30.00;90.00;0;12.26;33.04;1009.86
2380179;30.00;90.00;0;9.90;26.72;1009.78
2380575;30.00;90.00;0;7.97;20.49;1009.78
2380887;30.00;90.00;0;6.44;16.56;1009.70
2381284;30.00;90.00;0;5.47;14.10;1009.70
2381674;30.00;90.00;0;4.39;11.37;1009.70
2382065;30.00;90.00;0;3.34;9.18;1009.74
2382459;30.00;90.00;0;5.02;9.75;1009.74
2382850;30.00;90.00;0;8.03;11.87;1009.82
2383249;30.00;90.00;0;6.48;9.57;1009.86
2383645;30.00;90.00;0;5.49;8.14;1009.90
2384011;30.00;90.75;0;6.29;5.86;1009.74
2384461;30.00;90.75;0;7.40;4.71;1009.74
2384853;30.00;90.75;0;5.96;3.77;1009.66
2385249;30.00;90.75;0;6.76;5.25;1009.70
2385643;30.00;90.75;0;5.76;6.56;1009.70
2385953;30.00;90.75;0;4.63;5.57;1009.70
2386343;30.00;90.75;0;3.71;4.47;1009.62
2386740;30.00;90.75;0;2.97;3.59;1009.54
2387136;30.00;90.75;0;4.73;2.71;1009.58
2387531;30.00;90.75;0;3.79;2.15;1009.54
2387925;30.00;90.75;0;3.05;1.70;1009.70
2388321;30.00;90.75;0;2.29;1.35;1009.62
2388767;30.00;90.75;0;1.80;1.05;1009.66
2389162;30.00;90.75;0;1.43;3.16;1009.70
2389559;30.00;90.75;0;1.19;2.68;1009.74
2389873;30.00;90.75;0;11.85;2.01;1009.74
2390269;30.00;90.75;0;9.57;1.60;1009.74
2390660;30.00;90.75;0;23.65;17.21;1009.82
2391064;30.00;90.75;0;43.02;58.90;1009.82
2391455;30.00;90.75;0;34.80;63.69;1009.86
2391851;30.00;90.75;0;28.16;51.56;1009.78
2392249;30.00;90.75;0;22.77;45.21;1009.78
2392639;30.00;90.75;0;19.43;38.59;1009.74
2392954;30.00;90.75;0;22.26;29.61;1009.58
2393350;30.00;90.75;0;18.01;25.97;1009.62
2393747;30.00;90.75;0;14.55;20.99;1009.66
2394143;30.00;90.75;0;11.13;16.97;1009.70
2394594;30.00;90.75;0;24.10;17.95;1009.78
2394910;30.00;90.75;0;80.93;30.43;1009.86
2395334;30.00;90.75;0;91.75;46.95;1009.82
2395730;30.00;90.75;0;99.19;38.01;1009.90
2396125;30.00;90.75;0;80.31;30.76;1009.78
2396525;30.00;91.50;0;65.02;27.24;1009.78
2396918;30.00;91.50;0;77.79;37.99;1009.86
2397313;30.00;91.50;0;62.98;46.75;1009.90
2397709;30.00;91.50;0;50.99;37.85;1009.94
2398157;30.00;91.50;0;44.98;32.97;1009.90
2398553;30.00;91.50;0;38.51;29.02;1009.94
2398950;30.00;91.50;0;31.15;22.26;1009.97
2399345;30.00;91.50;0;25.21;18.01;1009.97
2399736;30.00;91.50;0;20.39;14.55;1009.94
2400129;30.00;91.50;0;22.19;18.65;1009.97
2400523;30.00;91.50;0;30.37;19.30;1009.97
2400965;30.00;91.50;0;31.13;31.52;1009.94
2401359;30.00;91.50;0;27.42;39.33;1009.90
2401753;30.00;91.50;0;28.73;43.32;1009.78
2402150;30.00;91.50;0;35.68;43.06;1009.78
2402542;30.00;91.50;0;28.88;34.84;1009.86
2402939;30.00;91.50;0;23.38;28.18;1009.74
2403334;30.00;91.50;0;17.91;22.77;1009.82
2403730;30.00;91.50;0;14.45;18.42;1009.86
2404124;30.00;91.50;0;11.66;14.88;1009.94
2404574;30.00;91.50;0;9.92;12.66;1009.86
2404940;30.00;91.50;0;7.58;9.18;1009.94
2405335;30.00;91.50;0;6.13;7.40;1009.90
2405731;30.00;91.50;0;4.92;5.96;1009.86
2406126;30.00;91.50;0;3.96;4.78;1009.90
2406520;30.00;91.50;0;3.01;3.85;1009.86
2406914;30.00;91.50;0;2.40;3.07;1009.86
2407310;30.00;91.50;0;1.91;2.44;1009.90
2407706;30.00;92.25;0;3.85;1.82;1009.86
2408104;30.00;92.25;0;3.07;1.43;1009.90
2408498;30.00;92.25;0;2.58;1.19;1009.94
2408892;30.00;92.25;0;8.96;7.85;1009.90
2409286;30.00;92.25;0;14.43;14.34;1009.94
2409741;30.00;92.25;0;17.28;19.45;1009.82
2410136;30.00;92.25;0;18.18;25.49;1009.90
2410530;30.00;92.25;0;17.05;19.53;1009.94
2410925;30.00;92.25;0;17.79;18.12;1009.82
2411372;30.00;92.25;0;16.39;18.65;1009.74
2411771;30.00;92.25;0;13.24;15.08;1009.66
2412165;30.00;92.25;0;14.37;16.64;1009.70
2412560;30.00;92.25;0;45.50;62.44;1009.74
2412955;30.00;92.25;0;69.72;83.43;1009.74
2413397;30.00;92.25;0;56.44;67.53;1009.70
2413844;30.00;92.25;0;46.83;49.18;1009.66
2414240;30.00;92.25;0;37.91;43.49;1009.66
2414631;30.00;92.25;0;32.34;44.02;1009.58
2414995;30.00;92.25;0;37.09;97.06;1009.51
2415391;30.00;92.25;0;30.80;78.61;1009.62
2415787;30.00;92.25;0;28.90;70.64;1009.58
2416183;30.00;92.25;0;25.72;61.29;1009.70
2416579;30.00;92.25;0;22.91;55.07;1009.62
2417022;30.00;92.25;0;17.54;45.95;1009.74
2417468;30.00;92.25;0;20.72;39.31;1009.70
2417864;30.00;92.25;0;15.88;34.04;1009.78
2418260;30.00;92.25;0;14.94;42.65;1009.78
2418651;30.00;92.25;0;12.71;36.38;1009.66
2418966;30.00;92.25;0;10.25;29.45;1009.62
2419360;30.00;92.25;0;8.28;23.83;1009.66
2419754;30.00;92.25;0;12.89;17.32;1009.70
2420204;30.00;92.25;10.20;14.45;16.37;1009.62
2420611;30.00;93.00;10.20;9.39;10.70;1009.66
2420929;30.00;93.00;1.57;7.30;6.23;1009.66
2421324;30.00;93.00;1.57;4.98;4.26;1009.78
2421719;30.00;93.00;2.75;3.57;3.22;1009.82
2422175;30.00;93.00;2.75;2.56;2.29;1009.82
2422565;30.00;93.00;2.75;1.91;1.60;1009.66
2422961;30.00;93.00;3.14;1.35;1.11;1009.74
2423360;30.00;93.00;3.14;0.88;0.70;1009.78
2423808;30.00;93.00;7.06;0.43;1.80;1009.70
2424223;30.00;93.00;7.45;2.44;2.73;1009.74
2424622;30.00;93.00;0;1.52;1.82;1009.78
2424992;30.00;93.00;4.71;0.94;1.05;1009.70
2425391;30.00;93.00;4.71;0.55;0.66;1009.66
2425837;30.00;93.00;3.14;0.25;0.31;1009.70
2426238;30.00;93.00;3.14;0.10;0.16;1009.74
2426633;30.00;93.00;3.14;0;0.04;1009.78
2426949;30.00;93.00;2.75;0;0;1009.70
2427395;30.00;93.00;1.96;0;0;1009.66
2427838;30.00;93.00;0;2.34;6.89;1009.58
2428287;30.00;93.00;0;7.07;25.35;1009.47
2428688;30.00;93.00;0;33.51;98.94;1009.62
2429059;30.00;93.00;0;60.95;89.84;1009.58
2429454;30.00;93.00;0;88.26;81.71;1009.54
2429901;30.00;93.00;0;73.49;63.63;1009.66
2430297;30.00;93.00;0;91.60;53.73;1009.70
2430696;30.00;93.00;0;93.98;39.12;1009.70
2431007;30.00;93.00;0;79.96;38.57;1009.78
2431402;30.00;93.00;0;89.47;92.63;1009.70
2431797;30.00;93.00;0;153.37;117.30;1009.78
2432209;30.00;93.00;0;167.86;174.75;1009.70
2432603;30.00;93.00;0;143.31;166.08;1009.78
2433050;30.00;93.00;0;125.68;158.70;1009.82
2433496;30.00;93.00;0;101.75;128.53;1009.86
2433892;30.00;93.00;0;104.99;121.32;1009.78
2434286;30.00;93.00;0;85.01;106.24;1009.70
2434693;30.00;93.00;0;65.31;86.01;1009.70
2435057;30.00;93.00;0;72.34;108.53;1009.66
2435509;30.00;93.00;0;67.46;114.11;1009.74
2435903;30.00;93.00;0;116.07;153.86;1009.70
2436305;30.00;93.00;7.45;126.89;157.49;1009.70
2436752;30.00;93.00;10.20;107.32;136.50;1009.82
2437159;30.00;93.00;12.16;89.43;111.50;1009.78
2437609;30.00;93.00;12.16;68.82;77.07;1009.86
2438005;30.00;93.00;12.16;56.54;59.18;1009.90
2438401;30.00;93.00;11.77;37.03;40.88;1009.86
2438800;30.00;93.00;10.59;24.24;26.76;1009.70
2439250;30.00;93.00;0;13.50;14.92;1009.66
2439650;30.00;93.00;0;16.23;21.44;1009.54
2440015;30.00;93.00;0;16.25;18.22;1009.58
2440409;30.00;93.00;0;14.78;45.39;1009.62
2440804;30.00;93.00;0;49.00;69.51;1009.62
2441195;30.00;93.00;0;49.12;59.76;1009.58
2441644;30.00;93.00;0;37.75;43.63;1009.62
2441957;30.00;93.00;0;30.39;63.90;1009.66
2442403;30.00;93.00;0;84.02;73.37;1009.78
2442800;30.00;93.00;0;76.73;53.43;1009.78
2443192;30.00;93.00;0;69.94;48.81;1009.74
2443589;30.00;93.00;0;68.49;44.37;1009.82
2443985;30.00;93.00;0;81.05;83.06;1009.90
2444379;30.00;93.00;0.39;65.64;87.42;1009.94
2444829;30.00;93.00;0.39;47.79;67.14;1009.90
2445224;30.00;93.00;0.78;36.68;51.56;1009.94
2445625;30.00;93.00;1.18;31.29;44.00;1009.97
2445942;30.00;93.00;1.18;24.00;35.62;1009.97
2446333;30.00;93.00;1.18;18.42;27.34;1009.86
2446728;30.00;93.00;1.18;15.70;22.11;1009.90
2447044;30.00;93.00;1.18;11.99;16.93;1009.78
2447440;30.00;93.00;1.18;8.69;14.86;1009.78
2447881;30.00;93.00;1.18;6.64;12.89;1009.86
2448327;30.00;93.00;0;11.44;11.25;1009.90
2448735;30.00;93.00;0;51.93;24.20;1009.94
2449050;30.00;93.00;0;98.16;48.79;1009.97
2449444;30.00;93.00;0;127.98;69.98;1009.97
2449842;30.00;93.00;0;128.57;87.57;1010.01
2450288;30.00;93.00;0;151.36;119.86;1010.01
2450683;30.00;93.00;0;167.59;119.19;1010.01
2450996;30.00;93.00;0;177.74;111.30;1009.94
2451392;30.00;93.00;0;160.85;105.56;1009.97
2451788;30.00;93.00;0;145.79;100.70;1010.01
2452184;30.00;93.00;0;118.08;81.54;1010.01
2452576;30.00;93.00;0;95.60;66.01;1010.01
2452966;30.00;93.00;0;85.60;53.43;1010.01
2453357;30.00;93.00;0;81.77;58.53;1010.05
2453752;30.00;93.00;0;127.67;116.83;1010.05
2454203;30.00;93.00;0;103.37;94.60;1010.05
2454595;30.00;93.00;0;79.41;99.60;1010.05
2454990;30.00;93.00;0;64.29;80.64;1010.05
2455422;30.00;93.00;0;49.37;61.95;1010.05
2455863;30.00;93.00;6.67;43.67;47.58;1010.05
2456260;30.00;93.00;7.06;33.57;36.85;1010.05
2456655;30.00;93.00;7.06;25.74;29.82;1010.05
2456969;30.00;93.00;0;18.73;21.68;1010.05
2457365;30.00;93.00;0;30.25;18.63;1010.05
2457759;30.00;93.00;0.78;30.82;21.29;1010.05
2458153;30.00;93.00;1.18;24.94;16.31;1010.05
2458649;30.00;93.00;1.57;19.14;12.50;1010.05
2458964;30.00;93.00;1.57;14.67;9.57;1010.05
2459407;30.00;93.00;1.57;13.12;7.71;1010.05
2459851;30.00;93.00;1.57;9.53;5.25;1010.05
2460245;30.00;93.00;1.18;7.27;3.98;1010.05
2460642;30.00;93.00;0.78;5.82;3.20;1010.05
2461007;30.00;93.00;0;6.66;4.77;1010.05
2461402;30.00;93.00;0;55.97;52.83;1010.05
2461809;30.00;93.00;0;63.12;100.76;1010.05
2462258;30.00;93.00;0;114.37;81.60;1010.05
2462657;30.00;93.00;0;123.86;81.48;1010.05
2462969;30.00;93.00;0;145.03;114.97;1010.05
2463366;30.00;93.00;0;168.13;109.11;1010.05
2463759;30.00;93.00;0;170.42;103.96;1010.05
2464151;30.00;93.00;0.78;170.91;94.53;1010.05
2464547;30.00;93.00;6.28;131.30;83.53;1010.05
2464995;30.00;93.00;0;118.96;64.04;1010.05
2465391;30.00;93.00;5.10;98.96;51.83;1010.05
2465787;30.00;93.00;1.96;75.05;42.38;1010.05
2466182;30.00;93.00;3.14;52.87;43.67;1010.05
2466628;30.00;93.00;11.37;58.28;41.52;1010.05
2467079;30.00;93.00;10.98;45.56;27.15;1010.05
2467475;30.00;93.00;10.59;29.86;16.83;1010.05
2467870;30.00;93.00;3.92;18.49;9.88;1010.05
2468316;30.00;92.25;0;16.50;14.88;1010.05
2468774;30.00;92.25;2.35;47.03;40.41;1010.05
2469184;30.00;92.25;3.53;36.09;29.41;1010.05
2469580;30.00;92.25;3.53;26.29;21.39;1010.05
2469973;30.00;92.25;3.14;18.12;15.53;1010.05
2470370;30.00;92.25;3.14;13.16;10.70;1010.05
2470762;30.00;92.25;3.14;10.80;6.95;1010.05
