##;##
#2012-02-03 12:24:34
#GS-911 Mobile WM5 V1009.2
#F800GS
#BMS-KP2
Time (ms);Injection time( ms);Lambda control factor;Speed( km/h);RPM;Intake air temperature( °C);Engine temperature( °C);Ignition angle( °KW);Throttle valve position (TPS)( %);Engine load( %);Battery voltage( V);Knock sensor 1( V);Knock sensor 2( V);Ignition dwell time( ms);Odometer( km);Front wheel speed( km/h);Rear wheel speed( km/h);Idle actuator position( steps);Fuel pressure( mbar);Ambient air pressure( mbar);Lambda sensor voltage( mV);Gear position;Sidestand switch 1;Sidestand switch 2;Sidestand switch calculated;Clutch switch;Kill switch;Oil pressure switch;Start switch;Tank venting valve (US only);Secondary air valve;Engine over-temperature light;Actuation of starter relay;Lambda sensor heating;Fuel pump;Fan motor;Engine safety cut-out (of BMSK);Starter function (of BMSK);Starter safety cut-out (of BMSK);Engine warning light (MIL)
1289;0;1.00;0;0;15.75;15.00;-96.00;0;56.62;12.12;52.81;52.81;3.48;72748.00;0;0;204.00;4397.00;987.83;449.21;0;1;0;1;0;0;0;0;0;0;0;0;0;0;0;0;1;0;0
2660;0;1.00;0;0;15.75;15.00;-96.00;0;56.62;12.12;52.81;52.81;3.48;72748.00;0;0;204.00;4391.00;987.83;449.21;0;1;0;1;0;0;0;0;0;0;0;0;0;0;0;0;1;0;0
4022;0;1.00;0;0;15.75;15.00;-96.00;0;56.62;12.12;52.81;52.81;3.48;72748.00;0;0;204.00;4391.00;987.83;449.21;0;1;0;1;0;0;0;0;0;0;0;0;0;0;0;0;1;0;0
5384;0;1.00;0;0;15.75;15.00;-96.00;0;56.62;10.13;52.81;52.81;4.87;72748.00;0;0;204.00;4306.40;987.83;449.21;0;1;0;1;0;0;0;0;0;1;0;0;1;1;0;0;1;0;0
6706;4.33;1.00;0;1589.00;15.75;15.00;1.50;0;17.60;14.11;33.45;32.81;2.58;72748.00;0;0;202.00;4353.00;987.83;449.21;0;1;0;1;0;0;1;0;0;1;0;0;1;1;0;0;1;0;0
8120;3.43;1.00;0;1424.00;15.75;15.00;3.00;0;16.97;14.30;90.11;28.67;2.58;72748.00;0;0;152.00;4497.80;987.83;449.21;0;1;0;1;0;0;1;0;0;1;0;0;1;1;0;0;1;0;0
9507;3.31;1.00;0;1407.00;15.75;15.00;4.50;0;17.32;14.30;45.33;13.55;2.58;72748.00;0;0;152.00;4506.00;987.83;449.21;0;1;0;1;0;0;1;0;0;1;0;0;1;1;0;0;1;0;0
10841;3.33;1.00;0;1404.00;15.75;15.00;4.50;0;17.44;14.21;22.26;39.00;2.58;72748.00;0;0;156.00;4514.20;987.83;449.21;0;1;0;1;0;0;1;0;0;1;0;0;1;1;0;0;1;0;0
12141;3.26;1.00;0;1380.00;15.75;15.00;5.25;0;18.06;14.21;52.59;107.43;2.58;72748.00;0;0;160.00;4519.40;987.83;449.21;0;1;0;1;0;0;1;0;0;1;0;0;1;1;0;0;1;0;0
13561;2.98;1.00;0;1379.00;15.75;15.00;5.25;0;18.06;14.30;43.16;121.55;2.58;72748.00;0;0;159.00;4510.00;987.83;449.21;0;1;0;1;0;0;1;0;0;1;0;0;1;1;0;0;1;0;0
14951;2.80;1.00;0;1403.00;15.75;15.00;4.50;0;17.52;14.02;34.94;113.12;2.58;72748.00;0;0;157.00;4508.40;987.83;449.21;0;1;0;1;0;0;1;0;0;1;0;0;1;1;0;0;1;0;0
16208;2.93;1.00;0;1370.00;15.75;15.00;5.25;0;17.92;14.30;15.74;67.53;2.58;72748.00;0;0;156.00;4505.20;987.83;449.21;0;1;0;1;0;0;1;0;0;1;0;0;1;1;0;0;1;0;0
17600;2.68;1.00;0;1400.00;15.75;15.75;5.25;0;17.34;14.02;20.70;71.69;2.58;72748.00;0;0;152.00;4506.00;987.83;449.21;0;1;0;1;0;0;1;0;0;1;0;0;1;1;0;0;1;0;0
18946;2.72;1.00;0;1410.00;15.75;15.75;5.25;0;17.18;14.11;63.34;45.29;2.58;72748.00;0;0;148.00;4535.40;987.83;449.21;0;1;0;1;0;0;1;0;0;1;0;0;1;1;0;0;1;0;0
20198;2.74;1.00;0;1444.00;15.75;16.50;3.75;0;17.04;14.02;48.14;62.96;2.58;72748.00;0;0;146.00;4497.20;987.83;449.21;0;1;0;1;0;0;1;0;0;1;0;0;1;1;0;0;1;0;0
21543;2.67;1.00;0;1338.00;15.00;16.50;7.50;0;17.90;14.02;51.27;62.75;2.58;72748.00;0;0;144.00;4528.00;987.83;449.21;0;1;0;1;0;0;1;0;0;1;0;0;1;1;0;0;1;0;0
22927;2.58;1.00;0;1362.00;15.00;17.25;6.00;0;17.36;14.02;23.14;63.92;2.58;72748.00;0;0;144.00;4511.20;987.83;449.21;0;1;0;1;0;0;1;0;0;1;0;0;1;1;0;0;1;0;0
24175;2.73;1.00;0;1407.00;15.00;18.00;6.00;0;16.74;14.21;15.39;33.57;2.58;72748.00;0;0;144.00;4508.40;987.83;449.21;0;1;0;1;0;0;1;0;0;1;0;0;1;1;0;0;1;0;0
25567;2.74;1.00;0;1373.00;15.00;18.00;6.75;0;17.25;14.21;52.98;52.63;2.58;72748.00;0;0;141.00;4524.60;987.83;429.68;0;1;0;1;0;0;1;0;0;1;0;0;1;1;0;0;1;0;0
26962;2.49;1.00;0;1400.00;15.00;18.75;6.00;0;16.71;14.11;30.13;27.79;2.58;72748.00;0;0;139.00;4516.40;987.83;429.68;0;1;0;1;0;0;1;0;0;1;0;0;1;1;0;0;1;0;0
28220;2.77;1.00;0;1350.00;15.00;19.50;7.50;0;17.37;14.02;25.45;17.23;2.58;72748.00;0;0;139.00;4509.00;987.83;429.68;0;1;0;1;0;0;1;0;0;1;0;0;1;1;0;0;1;0;0
29642;2.54;1.00;0;1421.00;15.00;19.50;5.25;0;16.51;14.02;88.61;19.53;2.58;72748.00;0;0;139.00;4501.20;987.83;429.68;0;1;0;1;0;0;1;0;0;1;0;0;1;1;0;0;1;0;0
31023;2.43;1.00;0;1435.00;15.00;20.25;5.25;0;16.30;14.21;70.91;17.62;2.58;72748.00;0;0;139.00;4534.00;987.83;429.68;0;1;0;1;0;0;1;0;0;1;0;0;1;1;0;0;1;0;0
32192;2.69;1.00;0;1395.00;15.00;20.25;6.75;0;16.59;14.02;41.17;16.58;2.58;72748.00;0;0;134.00;4522.40;987.83;429.68;0;1;0;1;0;0;1;0;0;1;0;0;1;1;0;0;1;0;0
33525;2.44;1.00;0;1357.00;15.00;21.00;7.50;0;16.97;14.30;38.65;21.23;2.58;72748.00;0;0;135.00;4517.00;987.83;410.15;0;1;0;1;0;0;1;0;0;1;0;0;1;1;0;0;1;0;0
39353;4.69;1.00;0;2371.00;15.00;22.50;11.25;10.20;31.24;13.83;22.75;36.48;2.82;72748.00;0;0;130.00;4558.40;987.83;566.40;0;1;0;1;0;0;1;0;0;1;0;0;1;1;0;0;1;0;0
40963;6.32;1.00;0;1690.00;15.00;22.50;6.00;3.92;26.81;14.02;59.29;30.94;2.58;72748.00;0;0;130.00;4498.20;987.83;566.40;0;1;0;1;0;0;1;0;0;1;0;0;1;1;0;0;0;0;0
42259;1.53;1.00;0;1941.00;15.00;23.25;10.50;3.53;16.56;14.21;33.63;10.51;2.58;72748.00;0;0;129.00;4515.40;987.83;566.40;1;1;0;1;0;0;1;0;0;1;0;0;1;1;0;0;0;0;0
43686;7.22;1.00;27.00;3018.00;15.00;24.00;12.75;25.10;36.52;14.02;7.34;2.60;2.58;72748.00;26.00;27.00;128.00;4708.80;987.83;566.40;1;1;0;1;0;0;1;0;0;1;0;0;1;1;0;0;0;0;0
45329;3.82;0.97;38.00;3036.00;15.00;24.75;14.25;11.77;25.00;13.92;78.33;30.47;2.82;72748.00;38.00;39.00;127.00;4498.20;987.83;605.46;2.00;1;0;1;0;0;1;0;0;1;0;0;1;1;0;0;0;0;0
46911;3.32;1.00;46.00;2839.00;15.00;25.50;14.25;7.84;21.48;14.02;242.89;266.64;2.58;72748.00;46.00;46.00;126.00;4535.60;987.83;585.93;3.00;1;0;1;0;0;1;0;0;1;0;0;1;1;0;0;0;0;0
48391;4.14;1.00;48.00;2936.00;15.00;26.25;14.25;10.20;23.83;13.92;219.54;238.48;2.82;72748.00;48.00;48.00;125.00;4499.60;987.83;624.99;3.00;1;0;1;0;0;1;0;0;1;0;0;1;1;0;0;0;0;0
49930;1.25;1.00;47.00;2829.00;15.00;27.00;8.25;0;16.84;13.92;38.96;33.83;2.82;72748.00;48.00;45.00;124.00;4498.40;987.83;664.05;3.00;1;0;1;0;0;1;0;0;1;0;0;1;1;0;0;0;0;0
51299;2.94;1.01;46.00;2777.00;14.25;27.00;15.00;5.88;17.82;13.92;6.70;5.80;2.82;72748.00;46.00;46.00;124.00;4496.20;987.83;214.84;3.00;1;0;1;0;0;1;0;0;1;0;0;1;1;0;0;0;0;0
52729;1.33;1.00;42.00;2662.00;14.25;27.75;8.25;0;16.62;14.02;2.19;0.94;2.58;72748.00;43.00;43.00;124.00;4499.20;987.83;703.12;3.00;1;0;1;0;0;1;0;0;1;0;0;1;1;0;0;0;0;0
54191;1.70;1.00;36.00;2251.00;14.25;28.50;5.25;0;16.52;13.92;22.69;32.81;2.82;72748.00;37.00;37.00;136.00;4541.00;987.83;195.31;3.00;1;0;1;0;0;1;0;0;1;0;0;1;1;0;0;0;0;0
55655;3.50;1.02;36.00;2243.00;14.25;29.25;9.75;5.88;19.56;13.92;172.78;61.89;2.82;72748.00;37.00;37.00;122.00;4507.80;987.83;683.59;3.00;1;0;1;0;0;1;0;0;1;0;0;1;1;0;0;0;0;0
57135;4.06;1.00;37.00;2467.00;14.25;30.00;10.50;6.67;19.59;14.02;86.36;37.40;2.58;72748.00;38.00;38.00;121.00;4450.00;987.83;761.71;3.00;1;0;1;0;0;1;0;0;1;0;0;1;1;0;0;0;0;0
58546;1.49;1.00;37.00;2331.00;14.25;30.75;6.75;0;16.50;13.92;34.98;70.85;2.82;72748.00;38.00;38.00;136.00;4533.80;987.83;703.12;3.00;1;0;1;0;0;1;0;0;1;0;0;1;1;0;0;0;0;0
59948;3.42;1.01;38.00;2380.00;14.25;30.75;10.50;6.28;19.67;13.92;12.99;22.01;2.82;72748.00;38.00;39.00;120.00;4548.00;987.83;781.24;3.00;1;0;1;0;0;1;0;0;1;0;0;1;1;0;0;0;0;0
62619;2.36;1.01;7.00;1437.00;14.25;32.25;5.25;0;15.35;14.30;62.09;35.49;2.58;72748.00;7.00;7.00;126.00;4498.00;987.83;585.93;2.00;1;0;1;0;0;1;0;0;1;0;0;1;1;0;0;0;0;0
64745;2.18;1.01;0;1440.00;14.25;33.00;5.25;0;14.95;14.21;58.08;75.03;2.58;72748.00;0;0;114.00;4506.20;987.86;195.31;1;1;0;1;0;0;1;0;0;1;0;0;1;1;0;0;0;0;0
66301;2.22;1.02;0;1432.00;14.25;33.00;5.25;0;14.89;14.21;74.43;109.62;2.58;72748.00;0;0;115.00;4517.20;988.02;292.97;1;1;0;1;1;0;1;0;0;1;0;0;1;1;0;0;1;0;0
67738;2.18;1.00;0;1390.00;14.25;33.75;6.75;0;15.36;14.30;42.79;83.33;2.58;72748.00;0;0;112.00;4523.60;988.10;800.77;1;1;0;1;1;0;1;0;0;1;0;0;1;1;0;0;1;0;0
69137;4.41;1.00;0;1751.00;14.25;33.75;8.25;4.71;19.56;13.92;17.71;44.37;2.82;72748.00;0;0;117.00;4549.20;988.37;800.77;1;1;0;1;0;0;1;0;0;1;0;0;1;1;0;0;0;0;0
70550;2.78;0.98;0;1461.00;14.25;34.50;5.25;0.39;15.25;14.21;27.38;43.55;2.58;72748.00;0;0;124.00;4464.40;988.41;839.83;1;1;0;1;0;0;1;0;0;1;0;0;1;1;0;0;0;0;0
72473;1.65;1.00;15.00;2078.00;14.25;35.25;8.25;2.75;16.60;14.02;4.41;9.20;2.58;72748.00;15.00;15.00;115.00;4477.20;988.53;742.18;1;1;0;1;0;0;1;0;0;1;0;0;1;1;0;0;0;0;0
74082;4.73;1.00;18.00;2338.00;14.25;35.25;9.00;7.45;21.00;14.02;102.98;42.13;2.58;72748.00;19.00;18.00;115.00;4491.40;988.57;820.30;1;1;0;1;0;0;1;0;0;1;0;0;1;1;0;0;0;0;0
75507;3.98;1.00;21.00;2318.00;14.25;36.00;9.75;7.84;22.04;14.02;182.92;161.14;2.58;72748.00;21.00;21.00;114.00;4437.60;988.72;839.83;1;1;0;1;0;0;1;0;0;1;0;0;1;1;0;0;0;0;0
77005;5.14;1.00;28.00;3215.00;14.25;36.00;15.00;20.00;32.33;13.83;321.25;316.19;2.82;72748.00;28.00;29.00;114.00;4593.20;988.68;820.30;1;1;0;1;0;0;1;0;0;1;0;0;1;1;0;0;0;0;0
78531;4.21;1.00;33.00;2625.00;14.25;36.75;10.50;12.94;26.38;14.02;334.74;330.56;2.58;72748.00;32.00;34.00;114.00;4540.40;988.57;761.71;2.00;1;0;1;0;0;1;0;0;1;0;0;1;1;0;0;0;0;0
80092;4.50;1.00;31.00;2412.00;14.25;37.50;10.50;8.63;22.42;14.02;192.14;155.46;2.58;72748.00;31.00;31.00;113.00;4468.80;988.49;839.83;2.00;1;0;1;0;0;1;0;0;1;0;0;1;1;0;0;0;0;0
81538;2.50;0.99;33.00;2626.00;14.25;38.25;13.50;4.71;16.57;13.92;37.48;31.40;2.82;72748.00;34.00;34.00;112.00;4587.80;988.53;781.24;2.00;1;0;1;0;0;1;0;0;1;0;0;1;1;0;0;0;0;0
83010;1.86;0.97;28.00;2193.00;14.25;39.00;9.75;1.96;11.97;14.02;26.78;39.18;2.58;72748.00;29.00;29.00;111.00;4551.00;988.25;58.59;2.00;1;0;1;0;0;1;0;0;1;0;0;1;1;0;0;0;0;0
84347;1.79;1.00;23.00;1830.00;14.25;39.00;7.50;0;15.76;14.02;205.59;214.03;2.58;72748.00;24.00;24.00;112.00;4517.00;988.02;839.83;2.00;1;0;1;0;0;1;0;0;1;0;0;0;1;0;0;0;0;0
85955;2.10;1.01;13.00;1470.00;14.25;39.75;6.00;0;15.35;14.21;115.40;132.80;2.58;72748.00;14.00;14.00;114.00;4512.80;987.90;781.24;2.00;1;0;1;1;0;1;0;0;1;0;0;1;1;0;0;0;0;0
87489;6.17;1.00;11.00;2072.00;14.25;40.50;8.25;14.12;33.75;14.11;82.55;74.08;2.58;72748.00;11.00;11.00;109.00;4476.80;987.86;839.83;1;1;0;1;0;0;1;0;0;1;0;0;1;1;0;0;0;0;0
89174;5.08;1.00;26.00;2785.00;14.25;40.50;12.75;17.26;30.30;13.92;19.78;13.57;2.82;72748.00;27.00;27.00;109.00;4503.20;987.86;859.36;2.00;1;0;1;0;0;1;0;0;1;0;0;1;1;0;0;0;0;0
90519;8.21;1.00;40.00;2199.00;14.25;41.25;6.75;13.33;29.46;13.92;3.73;2.52;2.82;72748.00;40.00;40.00;108.00;4455.20;987.86;820.30;3.00;1;0;1;0;0;1;0;0;1;0;0;1;1;0;0;0;0;0
92025;3.03;0.99;45.00;2756.00;14.25;42.00;14.25;7.06;19.95;13.83;0.47;0.70;2.82;72748.00;45.00;46.00;108.00;4543.00;987.86;820.30;3.00;1;0;1;0;0;1;0;0;1;0;0;1;1;0;0;0;0;0
93487;3.46;0.99;42.00;2597.00;14.25;42.00;13.50;4.71;15.04;13.92;0;2.75;2.82;72748.00;43.00;42.00;108.00;4476.00;987.71;878.90;3.00;1;0;1;0;0;1;0;0;1;0;0;1;1;0;0;0;0;0
94955;1.22;0.99;41.00;2563.00;14.25;42.75;12.75;0.39;7.60;13.92;184.97;232.49;2.82;72748.00;42.00;41.00;107.00;4498.40;987.79;78.12;3.00;1;0;1;0;0;1;0;0;1;0;0;1;1;0;0;0;0;0
96534;5.79;1.00;43.00;2681.00;14.25;43.50;11.25;20.00;32.29;13.83;222.45;330.21;2.82;72748.00;43.00;44.00;106.00;4486.00;987.83;761.71;3.00;1;0;1;0;0;1;0;0;1;0;0;1;1;0;0;0;0;0
98026;4.18;0.98;52.00;3204.00;14.25;44.25;16.50;16.47;29.62;13.83;79.94;125.36;2.82;72748.00;52.00;52.00;105.00;4515.80;987.83;781.24;3.00;1;0;1;0;0;1;0;0;1;0;0;1;1;0;0;0;0;0
99300;0.82;1.00;57.00;3195.00;14.25;45.00;12.75;0;15.27;13.83;11.66;15.08;2.82;72748.00;58.00;56.00;104.00;4517.40;987.83;78.12;3.00;1;0;1;0;0;1;0;0;1;0;0;1;1;0;0;0;0;0
100884;0.67;1.00;51.00;3852.00;14.25;45.00;-30.00;0;0;13.83;2.56;5.74;2.82;72748.00;51.00;50.00;104.00;4193.40;987.75;58.59;2.00;1;0;1;0;0;1;0;0;1;0;0;1;1;0;0;0;0;0
102365;1.56;1.01;48.00;3732.00;14.25;45.75;34.50;3.14;10.81;13.83;142.49;137.34;2.82;72748.00;49.00;48.00;103.00;4434.00;987.75;898.43;2.00;1;0;1;0;0;1;0;0;1;0;0;1;1;0;0;0;0;0
103974;3.39;0.90;50.00;3833.00;14.25;46.50;27.75;12.55;26.18;13.92;184.66;188.82;2.82;72748.00;49.00;50.00;103.00;4534.00;987.79;859.36;2.00;1;0;1;0;0;1;0;0;1;0;0;1;1;0;0;0;0;0
105584;3.55;1.00;52.00;3210.00;14.25;46.50;19.50;11.37;25.27;13.92;259.53;318.57;2.82;72748.00;53.00;53.00;103.00;4486.20;987.83;839.83;3.00;1;0;1;0;0;1;0;0;1;0;0;1;1;0;0;0;0;0
107090;3.78;1.00;51.00;3140.00;14.25;47.25;19.50;10.20;23.59;14.02;301.89;351.34;2.58;72748.00;51.00;51.00;102.00;4502.60;987.83;878.90;3.00;1;0;1;0;0;1;0;0;1;0;0;1;1;0;0;0;0;0
108519;3.04;0.91;52.00;3217.00;14.25;47.25;21.00;9.41;23.27;13.92;313.46;299.77;2.82;72749.00;52.00;52.00;102.00;4512.40;987.83;820.30;3.00;1;0;1;0;0;1;0;0;1;0;0;1;1;0;0;0;0;0
109988;2.48;0.92;51.00;3152.00;15.00;48.00;24.00;6.28;19.10;13.92;61.73;59.94;2.82;72749.00;52.00;52.00;101.00;4490.20;987.47;878.90;3.00;1;0;1;0;0;1;0;0;1;0;0;1;1;0;0;0;0;0
111417;2.84;0.98;52.00;3229.00;15.00;48.75;24.00;7.06;20.49;13.92;9.47;8.24;2.82;72749.00;52.00;53.00;100.00;4490.40;987.04;839.83;3.00;1;0;1;0;0;1;0;0;1;0;0;1;1;0;0;0;0;0
112823;4.05;1.00;53.00;3248.00;15.00;49.50;21.00;12.55;26.53;13.83;73.86;22.38;2.82;72749.00;54.00;53.00;99.00;4512.60;986.77;859.36;3.00;1;0;1;0;0;1;0;0;1;0;0;1;1;0;0;0;0;0
114323;2.96;0.91;53.00;3287.00;15.00;49.50;24.00;8.63;22.84;14.02;227.95;199.46;2.58;72749.00;53.00;54.00;99.00;4510.80;986.69;527.34;3.00;1;0;1;0;0;1;0;0;1;0;0;1;1;0;0;0;0;0
116054;4.65;1.00;55.00;3083.00;15.00;50.25;18.75;15.69;29.69;13.92;146.55;142.53;2.82;72749.00;54.00;55.00;98.00;4211.40;986.61;214.84;4.00;1;0;1;0;0;1;0;0;1;0;0;1;1;0;0;0;0;0
117937;4.53;0.95;57.00;3008.00;15.00;51.00;18.75;17.65;28.45;13.92;332.95;344.65;2.82;72749.00;58.00;58.00;98.00;4664.20;986.61;917.96;4.00;1;0;1;0;0;1;0;0;1;0;0;1;1;0;0;0;0;0
119335;4.55;0.98;57.00;3566.00;15.00;51.00;24.75;12.94;26.91;13.92;313.03;285.06;2.82;72749.00;57.00;58.00;98.00;4526.80;985.95;878.90;3.00;1;0;1;0;0;1;0;0;1;0;0;1;1;0;0;0;0;0
120789;2.65;0.94;57.00;3477.00;15.00;51.75;29.25;8.24;22.27;13.92;47.91;46.34;2.82;72749.00;57.00;57.00;97.00;4522.60;985.56;820.30;3.00;1;0;1;0;0;1;0;0;1;0;0;1;1;0;0;0;0;0
122193;2.18;0.90;53.00;3312.00;15.00;52.50;29.25;5.49;17.53;13.92;7.32;6.46;2.82;72749.00;54.00;54.00;96.00;4484.00;985.44;898.43;3.00;1;0;1;0;0;1;0;0;1;0;0;1;1;0;0;0;0;0
123618;3.34;1.00;52.00;3218.00;15.00;52.50;24.00;9.41;23.44;13.92;1.76;1.07;2.82;72749.00;52.00;53.00;96.00;4499.20;985.33;878.90;3.00;1;0;1;0;0;1;0;0;1;0;0;1;1;0;0;0;0;0
125132;2.01;0.91;50.00;3116.00;15.00;53.25;26.25;4.71;15.59;13.92;108.33;151.26;2.82;72749.00;50.00;50.00;95.00;4490.00;984.97;898.43;3.00;1;0;1;0;0;1;0;0;1;0;0;1;1;0;0;0;0;0
126558;3.28;0.98;48.00;2973.00;15.00;54.00;23.25;7.84;22.02;13.92;85.83;91.17;2.82;72749.00;48.00;48.00;94.00;4487.00;984.58;878.90;3.00;1;0;1;0;0;1;0;0;1;0;0;1;1;0;0;0;0;0
128124;3.09;0.90;48.00;2975.00;15.00;54.00;21.75;10.20;24.82;14.02;261.00;246.94;2.58;72749.00;49.00;49.00;94.00;4515.40;984.31;78.12;3.00;1;0;1;0;0;1;0;0;1;0;0;1;1;0;0;0;0;0
129537;3.54;0.97;50.00;3078.00;15.00;54.75;21.75;11.77;26.39;13.92;77.26;71.26;2.82;72749.00;50.00;50.00;93.00;4519.60;984.19;664.05;3.00;1;0;1;0;0;1;0;0;1;0;0;1;1;0;0;0;0;0
131035;3.90;1.00;52.00;3210.00;15.00;55.50;22.50;14.90;28.67;14.02;13.42;10.59;2.58;72749.00;51.00;52.00;92.00;4517.80;983.92;878.90;3.00;1;0;1;0;0;1;0;0;1;0;0;1;1;0;0;0;0;0
132475;3.10;0.92;53.00;3263.00;15.00;55.50;25.50;10.20;24.72;13.83;1.70;2.17;2.82;72749.00;53.00;54.00;92.00;4523.20;983.41;585.93;3.00;1;0;1;0;0;1;0;0;1;0;0;1;1;0;0;0;0;0
133908;3.02;0.94;53.00;3278.00;15.00;56.25;26.25;9.41;24.00;13.83;1.70;2.23;2.82;72749.00;53.00;54.00;92.00;4518.00;983.10;800.77;3.00;1;0;1;0;0;1;0;0;1;0;0;1;1;0;0;0;0;0
135251;3.22;1.00;53.00;3290.00;15.00;57.00;26.25;9.81;24.03;13.92;168.76;191.41;2.82;72749.00;53.00;54.00;91.00;4519.60;982.98;878.90;3.00;1;0;1;0;0;1;0;0;1;0;0;1;1;0;0;0;0;0
136645;2.58;0.91;51.00;3150.00;15.00;57.00;27.75;7.06;21.12;13.92;254.05;269.90;2.82;72749.00;52.00;51.00;91.00;4503.20;982.86;859.36;3.00;1;0;1;0;0;1;0;0;1;0;0;1;1;0;0;0;0;0
138097;3.30;0.91;52.00;3189.00;15.00;57.75;25.50;11.77;26.78;13.92;271.15;291.21;2.82;72749.00;51.00;52.00;90.00;4515.40;982.59;58.59;3.00;1;0;1;0;0;1;0;0;1;0;0;1;1;0;0;0;0;0
139445;2.88;0.92;52.00;3240.00;15.00;58.50;27.00;9.02;23.51;14.02;163.23;224.77;2.58;72749.00;52.00;53.00;89.00;4518.80;982.08;332.03;3.00;1;0;1;0;0;1;0;0;1;0;0;1;1;0;0;0;0;0
140858;3.74;0.99;51.00;3171.00;15.00;58.50;24.75;12.55;27.51;14.02;27.15;32.32;2.58;72749.00;51.00;52.00;89.00;4508.20;981.81;859.36;3.00;1;0;1;0;0;1;0;0;1;0;0;1;1;0;0;0;0;0
142399;2.48;0.91;52.00;3210.00;15.00;59.25;30.00;6.67;20.60;13.83;2.68;6.35;2.82;72749.00;52.00;52.00;88.00;4508.60;981.69;878.90;3.00;1;0;1;0;0;1;0;0;1;0;0;1;1;0;0;0;0;0
143873;2.93;0.90;53.00;3259.00;15.00;59.25;27.00;9.81;24.25;14.02;0.18;3.16;2.58;72749.00;52.00;53.00;88.00;4523.00;981.65;742.18;3.00;1;0;1;0;0;1;0;0;1;0;0;1;1;0;0;0;0;0
145491;2.88;1.00;52.00;3204.00;15.00;60.00;30.00;7.84;22.48;13.83;116.18;145.81;2.82;72749.00;52.00;53.00;87.00;4502.00;981.34;878.90;3.00;1;0;1;0;0;1;0;0;1;0;0;1;1;0;0;0;0;0
147009;2.98;0.96;51.00;3160.00;15.00;60.00;28.50;8.63;23.65;13.92;298.81;328.46;2.82;72749.00;51.00;52.00;87.00;4511.20;980.79;800.77;3.00;1;0;1;0;0;1;0;0;1;0;0;1;1;0;0;0;0;0
148341;2.52;0.92;51.00;3136.00;15.00;60.75;29.25;6.67;20.71;13.92;299.67;332.17;2.82;72749.00;51.00;51.00;87.00;4506.00;980.56;839.83;3.00;1;0;1;0;0;1;0;0;1;0;0;1;1;0;0;0;0;0
149743;2.93;0.95;51.00;3141.00;15.00;61.50;28.50;8.63;23.58;14.02;248.36;279.86;2.58;72749.00;51.00;51.00;86.00;4523.40;980.48;39.06;3.00;1;0;1;0;0;1;0;0;1;0;0;1;1;0;0;0;0;0
151204;2.43;1.00;50.00;3088.00;15.00;61.50;30.00;6.28;20.23;14.11;218.31;238.05;2.58;72749.00;50.00;51.00;86.00;4517.60;980.36;839.83;3.00;1;0;1;0;0;1;0;0;1;0;0;1;1;0;0;0;0;0
152618;2.86;0.92;52.00;3178.00;15.00;62.25;29.25;9.41;23.90;13.92;342.58;323.77;2.82;72749.00;52.00;52.00;85.00;4509.80;980.13;605.46;3.00;1;0;1;0;0;1;0;0;1;0;0;1;1;0;0;0;0;0
154090;2.27;0.94;52.00;3218.00;15.00;62.25;32.25;5.88;18.61;14.02;57.14;53.79;2.58;72749.00;52.00;53.00;85.00;4511.20;979.86;97.66;3.00;1;0;1;0;0;1;0;0;1;0;0;1;1;0;0;0;0;0
155415;1.30;0.98;50.00;3019.00;15.00;63.00;30.75;1.96;10.11;14.02;99.64;116.13;2.58;72749.00;50.00;50.00;82.00;4516.20;979.47;839.83;3.00;1;0;1;0;0;1;0;0;1;0;0;1;1;0;0;0;0;0
156883;1.56;1.00;46.00;2881.00;15.00;63.00;28.50;2.75;12.61;13.92;217.45;230.92;2.82;72749.00;47.00;47.00;82.00;4556.40;979.27;898.43;3.00;1;0;1;0;0;1;0;0;1;0;0;1;1;0;0;0;0;0
158323;1.10;1.00;40.00;2469.00;15.00;63.00;9.00;0;13.81;14.02;316.95;329.98;2.58;72749.00;41.00;40.00;86.00;4549.00;979.23;839.83;3.00;1;0;1;0;0;1;0;0;1;0;0;1;1;0;0;0;0;0
159895;1.66;1.00;33.00;1959.00;15.00;63.75;13.50;1.57;11.53;14.11;87.03;152.08;2.58;72749.00;33.00;33.00;79.00;4475.60;979.19;859.36;2.00;1;0;1;0;0;1;0;0;1;0;0;1;1;0;0;0;0;0
161598;2.10;1.02;28.00;2256.00;15.00;64.50;18.00;3.14;14.72;14.02;161.28;218.85;2.58;72749.00;29.00;29.00;77.00;4529.80;979.19;39.06;2.00;1;0;1;0;0;1;0;0;1;0;0;1;1;0;0;0;0;0
163089;6.61;1.00;31.00;2393.00;15.00;64.50;17.25;14.51;31.77;14.02;39.10;49.94;2.58;72749.00;30.00;31.00;77.00;4421.00;979.19;898.43;2.00;1;0;1;0;0;1;0;0;1;0;0;1;1;0;0;0;0;0
164657;3.69;0.97;37.00;2917.00;15.00;64.50;24.75;13.33;28.22;14.02;8.26;9.49;2.58;72749.00;36.00;37.00;77.00;4487.20;979.19;58.59;2.00;1;0;1;0;0;1;0;0;1;0;0;1;1;0;0;0;0;0
166014;3.29;1.00;45.00;3532.00;15.00;65.25;30.75;12.55;26.72;13.92;7.46;5.16;2.82;72749.00;42.00;45.00;74.00;4508.80;979.19;312.50;2.00;1;0;1;0;0;1;0;0;1;0;0;1;1;0;0;0;0;0
167521;6.09;1.00;53.00;3275.00;15.00;65.25;18.00;26.28;38.34;14.02;219.40;98.61;2.58;72749.00;53.00;54.00;74.00;4508.20;979.15;136.72;3.00;1;0;1;0;0;1;0;0;1;0;0;1;1;0;0;0;0;0
169089;4.77;0.95;62.00;3832.00;15.00;65.25;24.00;24.32;38.40;13.92;225.45;220.38;2.82;72749.00;61.00;62.00;74.00;4554.60;978.72;781.24;3.00;1;0;1;0;0;1;0;0;0;0;0;1;1;0;0;0;0;0
170675;1.37;1.00;56.00;2939.00;15.00;66.00;27.00;2.35;9.37;14.11;347.77;336.40;2.58;72749.00;56.00;57.00;71.00;4211.20;978.33;898.43;4.00;1;0;1;0;0;1;0;0;1;0;0;1;1;0;0;0;0;0
172257;0.70;1.00;48.00;3177.00;15.00;66.00;-30.00;0;13.90;14.02;354.55;339.22;2.58;72749.00;48.00;49.00;71.00;4305.80;978.18;878.90;3.00;1;0;1;0;0;1;0;0;1;0;0;1;1;0;0;0;0;0
173788;2.51;0.91;48.00;3032.00;15.00;66.00;31.50;6.67;21.15;14.02;143.64;128.82;2.58;72749.00;49.00;49.00;71.00;4466.40;978.02;58.59;3.00;1;0;1;0;0;1;0;0;1;0;0;1;1;0;0;0;0;0
175287;2.97;0.96;50.00;3082.00;15.00;66.75;30.75;9.41;24.42;13.92;21.91;18.18;2.82;72749.00;50.00;51.00;68.00;4524.60;977.79;644.52;3.00;1;0;1;0;0;1;0;0;1;0;0;1;1;0;0;0;0;0
176698;0;1.00;52.00;3335.00;15.00;66.75;40.50;0;12.78;14.02;6.00;2.85;2.58;72749.00;53.00;52.00;68.00;4394.80;977.63;878.90;3.00;1;0;1;0;0;1;0;0;1;0;0;1;1;0;0;0;0;0
178264;2.49;1.00;52.00;2718.00;15.00;67.50;27.00;5.49;18.87;13.92;1.43;0.29;2.82;72749.00;52.00;52.00;65.00;4428.80;977.55;781.24;4.00;1;0;1;0;0;1;0;0;1;0;0;1;1;0;0;0;0;0
179589;2.89;0.95;52.00;2725.00;15.00;67.50;27.00;8.24;23.60;13.83;0.12;2.21;2.82;72750.00;52.00;53.00;65.00;4515.20;977.43;781.24;4.00;1;0;1;0;0;1;0;0;1;0;0;1;1;0;0;0;0;0
181041;3.02;0.93;53.00;2774.00;15.00;68.25;27.75;9.81;25.24;14.02;178.50;212.96;2.58;72750.00;53.00;54.00;63.00;4529.60;977.00;703.12;4.00;1;0;1;0;0;1;0;0;1;0;0;1;1;0;0;0;0;0
182382;3.02;0.96;53.00;2790.00;15.00;68.25;27.75;9.41;24.58;14.02;303.63;332.09;2.58;72750.00;54.00;54.00;63.00;4518.20;976.85;722.65;4.00;1;0;1;0;0;1;0;0;1;0;0;1;1;0;0;0;0;0
183777;2.98;0.97;53.00;2782.00;15.00;68.25;28.50;8.63;24.25;14.02;326.60;343.30;2.58;72750.00;53.00;54.00;63.00;4507.40;976.77;859.36;4.00;1;0;1;0;0;1;0;0;1;0;0;1;1;0;0;0;0;0
185132;3.59;1.00;55.00;2839.00;15.00;69.00;27.00;12.55;28.05;13.83;112.36;98.55;2.82;72750.00;54.00;55.00;60.00;4512.40;976.61;195.31;4.00;1;0;1;0;0;1;0;0;1;0;0;1;1;0;0;0;0;0
186502;3.09;0.95;56.00;2916.00;15.00;69.00;29.25;10.20;25.46;13.83;16.70;18.44;2.82;72750.00;55.00;56.00;60.00;4517.60;976.34;644.52;4.00;1;0;1;0;0;1;0;0;1;0;0;1;1;0;0;0;0;0
187908;2.44;0.97;55.00;2836.00;15.00;69.75;30.75;6.28;20.25;14.02;3.34;4.63;2.58;72750.00;55.00;55.00;57.00;4524.60;976.07;273.43;4.00;1;0;1;0;0;1;0;0;1;0;0;1;1;0;0;0;0;0
189325;2.02;1.00;51.00;2698.00;15.00;69.75;28.50;3.92;15.93;14.02;0.94;1.41;2.58;72750.00;52.00;52.00;57.00;4498.60;975.72;839.83;4.00;1;0;1;0;0;1;0;0;1;0;0;1;1;0;0;0;0;0
190786;2.62;0.99;48.00;2556.00;15.00;69.75;26.25;6.28;20.46;13.92;0;0.53;2.82;72750.00;49.00;49.00;57.00;4477.00;975.56;898.43;4.00;1;0;1;0;0;1;0;0;1;0;0;1;1;0;0;0;0;0
192155;3.59;0.98;48.00;2537.00;15.00;70.50;25.50;9.02;25.14;14.02;0;0;2.58;72750.00;49.00;49.00;54.00;4473.60;975.52;839.83;4.00;1;0;1;0;0;1;0;0;1;0;0;1;1;0;0;0;0;0
193480;3.71;1.00;50.00;2573.00;15.00;70.50;26.25;11.37;27.63;13.73;189.32;234.91;2.82;72750.00;49.00;50.00;54.00;4487.80;975.48;781.24;4.00;1;0;1;0;0;1;0;0;1;0;0;1;1;0;0;0;0;0
195065;1.72;1.01;48.00;2594.00;15.00;70.50;27.00;3.14;13.75;14.02;252.03;313.69;2.58;72750.00;49.00;49.00;54.00;4533.20;975.21;898.43;4.00;1;0;1;0;0;1;0;0;1;0;0;1;1;0;0;0;0;0
196343;2.09;0.99;47.00;2402.00;15.00;70.50;24.75;3.53;15.52;14.11;236.25;280.12;2.58;72750.00;48.00;48.00;54.00;4514.00;974.86;39.06;4.00;1;0;1;0;0;1;0;0;1;0;0;1;1;0;0;0;0;0
197704;0.94;1.00;42.00;2253.00;15.00;71.25;15.75;0;13.58;14.02;115.07;146.40;2.58;72750.00;43.00;43.00;54.00;4522.80;974.50;820.30;4.00;1;0;1;0;0;1;0;0;1;0;0;1;1;0;0;0;0;0
199146;1.50;0.99;40.00;2066.00;15.00;71.25;9.75;2.35;11.83;14.02;228.15;224.18;2.58;72750.00;39.00;40.00;54.00;4499.00;974.35;58.59;4.00;1;0;1;0;0;1;0;0;1;0;0;1;1;0;0;0;0;0
200469;1.13;1.00;35.00;1815.00;15.00;71.25;15.00;0;13.61;14.11;240.43;279.69;2.58;72750.00;35.00;35.00;55.00;4521.20;974.27;859.36;4.00;1;0;1;0;0;1;0;0;1;0;0;1;1;0;0;0;0;0
201940;1.22;0.96;30.00;1555.00;15.00;72.00;15.75;0;13.53;14.21;172.98;170.81;2.58;72750.00;30.00;30.00;54.00;4485.80;974.23;878.90;4.00;1;0;1;0;0;1;0;0;1;0;0;1;1;0;0;0;0;0
203504;1.21;1.00;26.00;1725.00;15.00;72.00;15.75;0;13.54;14.02;138.55;157.45;2.58;72750.00;26.00;26.00;54.00;4527.80;974.23;878.90;2.00;1;0;1;0;0;1;0;0;1;0;0;1;1;0;0;0;0;0
205015;1.24;1.00;15.00;1708.00;15.00;72.00;15.00;0;13.50;14.11;177.06;131.46;2.58;72750.00;15.00;15.00;53.00;4468.60;974.23;820.30;1;1;0;1;1;0;1;0;0;1;0;0;1;1;0;0;1;0;0
206465;1.48;0.97;8.00;1358.00;15.00;72.75;14.25;0;13.37;14.11;103.74;81.99;2.58;72750.00;9.00;9.00;53.00;4512.20;974.23;58.59;1;1;0;1;0;0;1;0;0;1;0;0;1;1;0;0;0;0;0
207969;1.22;1.00;8.00;1556.00;15.00;72.75;17.25;0;13.65;14.21;36.05;30.82;2.58;72750.00;9.00;9.00;55.00;4482.20;974.23;39.06;1;1;0;1;0;0;1;0;0;1;0;0;1;1;0;0;0;0;0
209538;1.06;1.00;11.00;1737.00;15.00;72.75;15.00;0;13.45;14.02;22.87;27.28;2.58;72750.00;11.00;11.00;52.00;4506.40;974.23;156.25;1;1;0;1;0;0;1;0;0;1;0;0;1;1;0;0;0;0;0
211158;1.46;1.02;8.00;1379.00;15.00;72.75;13.50;0;13.13;14.21;13.28;15.27;2.58;72750.00;9.00;9.00;52.00;4510.00;974.23;58.59;1;1;0;1;0;0;1;0;0;1;0;0;1;1;0;0;0;0;0
212651;1.62;1.06;0;1362.00;15.00;72.75;14.25;0;13.28;14.21;7.87;8.22;2.58;72750.00;0;0;53.00;4507.80;974.23;78.12;1;1;0;1;1;0;1;0;0;1;0;0;1;1;0;0;1;0;0
214113;1.51;1.08;0;1338.00;15.00;72.75;15.00;0;13.32;14.30;3.48;3.61;2.58;72750.00;0;0;52.00;4505.00;974.23;859.36;1;1;0;1;0;0;1;0;0;1;0;0;1;1;0;0;0;0;0
215801;1.41;1.03;0;1332.00;15.00;72.75;15.75;0;13.43;14.11;2.54;3.22;2.58;72750.00;0;0;52.00;4502.40;974.23;39.06;1;1;0;1;1;0;1;0;0;1;0;0;1;1;0;0;1;0;0
217249;1.55;1.06;0;1338.00;15.00;72.75;15.00;0;13.25;14.30;16.58;14.20;2.58;72750.00;0;0;51.00;4519.80;974.23;78.12;1;1;0;1;1;0;1;0;0;1;0;0;1;1;0;0;1;0;0
218669;1.57;1.01;0;1324.00;15.00;72.75;16.50;0;13.96;14.11;23.12;55.48;2.58;72750.00;0;0;54.00;4511.00;974.23;39.06;1;1;0;1;0;0;1;0;0;1;0;0;1;1;0;0;0;0;0
220163;1.76;1.05;0;1301.00;15.00;72.75;19.50;0.39;13.43;14.30;57.50;66.44;2.58;72750.00;0;0;52.00;4512.40;974.23;195.31;1;1;0;1;0;0;1;0;0;1;0;0;1;1;0;0;0;0;0
221505;3.23;1.06;0;1376.00;15.00;72.75;12.75;3.53;11.80;14.30;26.31;25.64;2.58;72750.00;0;0;55.00;4546.60;974.23;878.90;1;1;0;1;0;0;1;0;0;1;0;0;1;1;0;0;0;0;0
222949;1.82;0.99;0;1287.00;15.00;72.75;12.75;0.78;11.65;14.30;72.61;36.50;2.58;72750.00;0;0;53.00;4503.80;974.23;839.83;1;1;0;1;1;0;1;0;0;1;0;0;1;1;0;0;1;0;0
224392;1.42;0.99;0;1290.00;15.00;73.50;19.50;0;14.22;14.21;69.76;25.47;2.58;72750.00;0;0;53.00;4523.60;974.23;39.06;1;1;0;1;0;0;1;0;0;1;0;0;1;1;0;0;0;0;0
225885;5.23;1.00;0;1959.00;15.00;73.50;11.25;16.86;37.08;14.11;22.17;21.66;2.58;72750.00;0;0;52.00;4558.40;974.23;39.06;1;1;0;1;0;0;1;0;0;1;0;0;0;1;0;0;0;0;0
227426;3.44;0.99;28.00;2857.00;15.00;73.50;29.25;12.94;28.18;13.92;6.09;3.87;2.82;72750.00;29.00;29.00;52.00;4489.80;974.23;39.06;2.00;1;0;1;0;0;1;0;0;1;0;0;1;1;0;0;0;0;0
229813;4.72;1.00;46.00;2849.00;15.00;73.50;18.75;24.71;37.04;13.83;0.31;2.05;2.82;72750.00;47.00;47.00;52.00;4510.60;974.23;78.12;3.00;1;0;1;0;0;1;0;0;1;0;0;1;1;0;0;0;0;0
231419;0;1.00;60.00;3874.00;15.00;73.50;41.25;0;4.38;13.92;2.83;0;2.82;72750.00;59.00;60.00;52.00;4485.20;974.23;605.46;3.00;1;0;1;0;0;1;0;0;0;0;0;1;1;0;0;0;0;0
232971;0;1.00;67.00;3713.00;15.00;73.50;41.25;0;5.88;14.02;1.27;0;2.58;72750.00;67.00;68.00;52.00;4450.20;974.23;292.97;4.00;1;0;1;0;0;1;0;0;0;0;0;1;1;0;0;0;0;0
234359;5.94;0.99;76.00;3515.00;15.00;73.50;15.00;33.73;40.83;14.02;2.09;0;2.58;72750.00;75.00;77.00;52.00;4541.80;974.23;703.12;5.00;1;0;1;0;0;1;0;0;0;0;0;1;1;0;0;0;0;0
235854;4.31;1.06;82.00;3504.00;15.00;74.25;27.75;19.61;31.29;13.92;1.70;0.49;2.82;72750.00;82.00;83.00;52.00;4525.00;974.23;839.83;6.00;1;0;1;0;0;1;0;0;0;0;0;1;1;0;0;0;0;0
237278;3.18;0.97;87.00;3687.00;15.00;74.25;34.50;14.51;26.27;14.02;2.93;0;2.58;72750.00;87.00;87.00;52.00;4495.40;974.23;781.24;6.00;1;0;1;0;0;1;0;0;0;0;0;1;1;0;0;0;0;0
238553;2.55;0.97;90.00;3768.00;15.00;74.25;39.75;8.63;20.79;13.73;0.20;2.09;2.82;72750.00;88.00;90.00;52.00;4508.40;974.23;820.30;6.00;1;0;1;0;0;1;0;0;0;0;0;1;1;0;0;0;0;0
240012;1.46;0.88;88.00;3775.00;15.00;75.00;42.75;4.71;13.45;14.02;0.64;0;2.58;72750.00;89.00;89.00;52.00;4529.80;974.23;839.83;6.00;1;0;1;0;0;1;0;0;0;0;0;1;1;0;0;0;0;0
241477;1.72;0.94;87.00;3695.00;15.00;75.00;42.00;5.10;14.67;13.92;2.25;2.52;2.82;72750.00;87.00;87.00;52.00;4492.20;974.23;878.90;6.00;1;0;1;0;0;1;0;0;0;0;0;1;1;0;0;0;0;0
242943;1.34;0.91;85.00;3629.00;15.00;75.75;41.25;3.92;11.82;14.02;11.52;8.71;2.58;72750.00;85.00;85.00;51.00;4529.20;974.23;78.12;6.00;1;0;1;0;0;1;0;0;0;0;0;1;1;0;0;0;0;0
244436;2.09;0.96;81.00;3452.00;15.00;75.75;39.75;6.28;17.27;13.92;142.32;139.05;2.82;72750.00;81.00;81.00;51.00;4508.60;974.23;703.12;6.00;1;0;1;0;0;1;0;0;0;0;0;1;1;0;0;0;0;0
245971;3.04;0.96;82.00;3509.00;15.00;75.75;33.75;11.77;24.66;13.92;302.89;310.98;2.82;72750.00;81.00;83.00;51.00;4518.80;974.23;332.03;6.00;1;0;1;0;0;1;0;0;0;0;0;1;1;0;0;0;0;0
247391;2.94;0.96;85.00;3593.00;15.00;76.50;34.50;11.77;24.52;14.02;348.12;345.43;2.58;72750.00;83.00;85.00;51.00;4525.60;974.27;781.24;6.00;1;0;1;0;0;1;0;0;0;0;0;1;1;0;0;0;0;0
248853;2.19;0.96;86.00;3655.00;15.00;76.50;40.50;7.06;18.44;13.92;298.89;314.18;2.82;72750.00;85.00;86.00;51.00;4504.60;974.47;664.05;6.00;1;0;1;0;0;1;0;0;0;0;0;1;1;0;0;0;0;0
250263;2.14;0.95;85.00;3593.00;15.00;76.50;41.25;6.67;18.32;13.83;237.54;292.17;2.82;72750.00;84.00;85.00;51.00;4518.20;974.86;410.15;6.00;1;0;1;0;0;1;0;0;0;0;0;1;1;0;0;0;0;0
251591;2.78;0.94;87.00;3717.00;15.00;77.25;36.75;10.98;23.39;14.02;271.02;353.63;2.58;72750.00;85.00;87.00;50.00;4508.80;975.13;859.36;6.00;1;0;1;0;0;1;0;0;0;0;0;1;1;0;0;0;0;0
253043;2.81;0.98;87.00;3744.00;15.00;77.25;37.50;10.20;22.60;14.02;328.57;347.30;2.58;72750.00;87.00;88.00;50.00;4522.80;975.33;703.12;6.00;1;0;1;0;0;1;0;0;0;0;0;1;1;0;0;0;0;0
254444;3.18;0.96;90.00;3828.00;15.00;77.25;36.00;12.94;24.87;14.02;315.19;289.28;2.58;72750.00;89.00;91.00;50.00;4507.80;975.40;781.24;6.00;1;0;1;0;0;1;0;0;0;0;0;1;1;0;0;0;0;0
255851;2.70;1.00;95.00;4041.00;15.00;78.00;39.75;10.59;22.58;13.92;290.70;141.55;2.82;72750.00;94.00;96.00;50.00;4493.80;975.60;839.83;6.00;1;0;1;0;0;1;0;0;0;0;0;1;1;0;0;0;0;0
257208;1.50;0.94;96.00;4067.00;15.00;78.00;45.75;5.10;12.86;13.92;292.58;315.98;2.82;72751.00;96.00;96.00;50.00;4490.00;976.03;839.83;6.00;1;0;1;0;0;1;0;0;0;0;0;1;1;0;0;0;0;0
258490;1.14;0.90;95.00;4020.00;15.00;78.00;46.50;3.92;10.29;14.02;264.63;352.01;2.58;72751.00;95.00;95.00;50.00;4509.00;976.42;332.03;6.00;1;0;1;0;0;1;0;0;0;0;0;1;1;0;0;0;0;0
259904;1.25;0.94;92.00;3911.00;15.00;78.75;45.00;3.92;10.77;14.02;23.61;97.73;2.58;72751.00;93.00;93.00;49.00;4502.20;976.58;800.77;6.00;1;0;1;0;0;1;0;0;0;0;0;1;1;0;0;0;0;0
261322;1.14;0.93;91.00;3877.00;15.00;78.75;44.25;3.53;9.97;14.02;2.03;9.92;2.58;72751.00;91.00;91.00;49.00;4499.60;976.69;39.06;6.00;1;0;1;0;0;1;0;0;0;0;0;1;1;0;0;0;0;0
262694;1.48;0.95;91.00;3847.00;15.00;78.75;44.25;4.71;12.60;14.02;2.11;0.76;2.58;72751.00;90.00;91.00;49.00;4513.80;977.12;546.87;6.00;1;0;1;0;0;1;0;0;0;0;0;1;1;0;0;0;0;0
264092;1.50;0.95;91.00;3860.00;15.00;79.50;44.25;4.71;12.86;14.02;2.13;2.01;2.58;72751.00;90.00;91.00;49.00;4511.20;977.47;820.30;6.00;1;0;1;0;0;1;0;0;0;0;0;1;1;0;0;0;0;0
265485;1.43;0.95;91.00;3904.00;15.00;79.50;44.25;4.31;12.04;13.92;0.49;2.11;2.82;72751.00;91.00;92.00;49.00;4509.00;977.75;839.83;6.00;1;0;1;0;0;1;0;0;0;0;0;1;1;0;0;0;0;0
267096;2.46;0.99;91.00;3875.00;15.00;79.50;42.00;7.84;19.05;14.02;2.09;0;2.58;72751.00;91.00;92.00;49.00;4539.00;978.37;449.21;6.00;1;0;1;0;0;1;0;0;0;0;0;1;1;0;0;0;0;0
268975;2.78;0.95;93.00;3991.00;15.00;80.25;39.00;10.98;22.97;13.83;3.81;0.23;2.82;72751.00;92.00;94.00;48.00;4521.80;978.92;214.84;6.00;1;0;1;0;0;1;0;0;0;0;0;1;1;0;0;0;0;0
270624;2.34;0.96;95.00;4029.00;15.00;80.25;42.75;8.24;19.43;13.83;0;4.63;2.82;72751.00;94.00;95.00;48.00;4500.80;979.08;878.90;6.00;1;0;1;0;0;1;0;0;0;0;0;1;1;0;0;0;0;0
272239;3.02;0.99;95.00;4044.00;15.00;80.25;39.75;10.59;24.13;13.83;0;2.95;2.82;72751.00;94.00;95.00;48.00;4518.00;979.11;820.30;6.00;1;0;1;0;0;1;0;0;0;0;0;1;1;0;0;0;0;0
273824;3.13;1.00;95.00;4031.00;15.00;81.00;39.00;10.98;23.37;14.02;1.15;0.55;2.58;72751.00;95.00;95.00;48.00;4535.80;979.54;820.30;6.00;1;0;1;0;0;1;0;0;0;0;0;1;1;0;0;0;0;0
275377;2.62;0.95;95.00;4038.00;15.00;81.00;40.50;9.81;21.82;14.02;0.49;1.84;2.58;72751.00;95.00;95.00;48.00;4524.40;979.97;800.77;6.00;1;0;1;0;0;1;0;0;0;0;0;1;1;0;0;0;0;0
276736;0.86;0.91;93.00;3958.00;15.00;81.00;45.75;2.35;7.59;14.02;0.55;2.77;2.58;72751.00;94.00;94.00;48.00;4516.00;980.25;839.83;6.00;1;0;1;0;0;1;0;0;0;0;0;1;1;0;0;0;0;0
278247;2.70;1.00;93.00;3886.00;15.00;81.00;43.50;7.45;18.84;14.02;0;0.08;2.58;72751.00;91.00;93.00;48.00;4493.40;980.40;859.36;6.00;1;0;1;0;0;1;0;0;0;0;0;1;1;0;0;0;0;0
279639;1.74;0.92;90.00;3786.00;15.00;81.75;43.50;5.49;15.17;13.92;0;3.07;2.82;72751.00;89.00;90.00;47.00;4507.20;981.15;292.97;6.00;1;0;1;0;0;1;0;0;0;0;0;1;1;0;0;0;0;0
281060;2.65;1.00;90.00;3798.00;15.00;81.75;41.25;9.41;19.50;14.02;274.79;246.21;2.58;72751.00;88.00;90.00;47.00;4504.80;981.42;859.36;6.00;1;0;1;0;0;1;0;0;0;0;0;1;1;0;0;0;0;0
282511;2.29;0.95;92.00;3908.00;15.00;81.75;40.50;8.63;21.25;13.92;298.36;322.44;2.82;72751.00;90.00;92.00;47.00;4477.40;981.54;859.36;6.00;1;0;1;0;0;1;0;0;0;0;0;1;1;0;0;0;0;0
284031;1.13;0.96;91.00;3828.00;15.00;81.75;44.25;3.14;9.62;14.02;230.69;204.36;2.58;72751.00;91.00;91.00;47.00;4533.80;981.73;859.36;6.00;1;0;1;0;0;1;0;0;0;0;0;1;1;0;0;0;0;0
285491;1.18;0.90;90.00;3791.00;15.00;81.75;43.50;3.92;10.77;14.02;157.59;135.46;2.58;72751.00;89.00;90.00;47.00;4511.60;982.00;97.66;6.00;1;0;1;0;0;1;0;0;0;0;0;1;1;0;0;0;0;0
287020;1.40;1.01;88.00;3835.00;15.00;81.75;43.50;3.92;10.58;14.02;312.46;338.59;2.58;72751.00;89.00;89.00;47.00;4488.20;982.59;878.90;6.00;1;0;1;0;0;1;0;0;0;0;0;1;1;0;0;0;0;0
288489;1.30;0.96;90.00;3815.00;15.00;81.75;43.50;3.92;11.06;14.02;290.39;302.72;2.58;72751.00;90.00;91.00;47.00;4511.40;982.83;820.30;6.00;1;0;1;0;0;1;0;0;0;0;0;1;1;0;0;0;0;0
289946;0.68;0.91;90.00;3812.00;15.00;81.75;43.50;1.18;6.02;14.02;218.89;203.21;2.58;72751.00;89.00;90.00;47.00;4521.40;983.37;19.53;6.00;1;0;1;0;0;1;0;0;0;0;0;1;1;0;0;0;0;0
291439;1.79;0.94;87.00;3722.00;15.00;81.75;42.75;5.49;15.29;14.02;253.32;249.12;2.58;72751.00;88.00;88.00;47.00;4505.60;983.80;820.30;6.00;1;0;1;0;0;1;0;0;0;0;0;1;1;0;0;0;0;0
293201;2.10;0.94;90.00;3828.00;15.00;81.75;42.75;7.06;17.96;13.83;350.97;344.90;2.82;72751.00;89.00;91.00;47.00;4503.40;984.19;820.30;6.00;1;0;1;0;0;1;0;0;0;0;0;1;1;0;0;0;0;0
294726;1.80;0.94;92.00;3984.00;15.00;82.50;44.25;5.88;15.79;13.83;314.37;255.24;2.82;72751.00;92.00;93.00;47.00;4524.00;984.90;859.36;6.00;1;0;1;0;0;1;0;0;0;0;0;1;1;0;0;0;0;0
296193;0.89;1.00;92.00;3954.00;15.00;82.50;45.00;2.75;9.41;14.02;207.08;180.46;2.58;72752.00;91.00;92.00;47.00;4535.80;985.13;839.83;6.00;1;0;1;0;0;1;0;0;0;0;0;1;1;0;0;0;0;0
297580;1.36;1.00;92.00;3938.00;15.00;82.50;45.00;4.31;11.37;14.02;290.18;220.55;2.58;72752.00;92.00;93.00;47.00;4472.40;985.83;878.90;6.00;1;0;1;0;0;1;0;0;0;0;0;1;1;0;0;0;0;0
299047;1.38;0.97;91.00;3879.00;15.00;81.75;45.00;4.31;11.61;14.02;337.56;339.41;2.58;72752.00;91.00;91.00;47.00;4517.00;986.30;859.36;6.00;1;0;1;0;0;1;0;0;0;0;0;1;1;0;0;0;0;0
300498;3.71;1.00;93.00;3962.00;15.00;81.75;35.25;14.90;26.69;14.02;322.99;292.42;2.58;72752.00;92.00;93.00;47.00;4523.80;986.61;859.36;6.00;1;0;1;0;0;1;0;0;0;0;0;1;1;0;0;0;0;0
301844;3.40;0.93;96.00;4058.00;15.00;81.75;35.25;16.08;28.28;14.02;252.44;185.30;2.58;72752.00;95.00;96.00;47.00;4529.40;987.20;839.83;6.00;1;0;1;0;0;1;0;0;0;0;0;1;1;0;0;0;0;0
303344;2.08;1.00;100.00;4257.00;15.00;81.75;45.00;7.45;17.72;14.02;242.54;192.90;2.58;72752.00;100.00;101.00;47.00;4442.40;987.59;878.90;6.00;1;0;1;0;0;1;0;0;0;0;0;1;1;0;0;0;0;0
304788;0.52;1.00;101.00;4245.00;15.00;81.75;-30.00;0;0;14.11;326.83;335.78;2.58;72752.00;100.00;101.00;47.00;4552.60;987.83;0;6.00;1;0;1;0;0;1;0;0;0;0;0;1;1;0;0;0;0;0
306361;0.56;1.00;86.00;3666.00;15.00;81.75;-30.00;0;0;14.11;323.24;244.73;2.58;72752.00;87.00;87.00;47.00;4492.60;988.45;0;6.00;1;0;1;0;0;1;0;0;0;0;0;1;1;0;0;0;0;0
307824;2.54;0.99;82.00;3487.00;15.00;81.75;9.75;7.06;13.87;14.02;323.46;214.62;2.58;72752.00;83.00;83.00;47.00;4281.60;988.80;839.83;6.00;1;0;1;0;0;1;0;0;0;0;0;1;1;0;0;0;0;0
309338;2.62;1.00;81.00;3444.00;15.00;81.75;1.50;6.67;9.67;14.11;355.19;293.24;2.58;72752.00;81.00;81.00;47.00;4207.60;988.96;859.36;6.00;1;0;1;0;0;1;0;0;0;0;0;1;1;0;0;0;0;0
310815;2.31;0.91;83.00;3526.00;15.00;81.75;30.75;7.84;19.88;14.02;336.48;345.88;2.58;72752.00;82.00;83.00;47.00;4483.80;989.54;39.06;6.00;1;0;1;0;0;1;0;0;0;0;0;1;1;0;0;0;0;0
312356;2.13;1.00;83.00;3803.00;15.00;81.75;42.00;6.28;15.77;14.02;343.65;346.97;2.58;72752.00;84.00;84.00;47.00;4493.20;989.97;878.90;6.00;1;0;1;0;0;1;0;0;0;0;0;1;1;0;0;0;0;0
313706;2.73;1.00;86.00;3656.00;15.00;81.75;39.00;8.24;20.83;13.92;308.89;295.00;2.82;72752.00;86.00;86.00;47.00;4524.00;990.17;898.43;6.00;1;0;1;0;0;1;0;0;0;0;0;1;1;0;0;0;0;0
315175;4.77;0.98;92.00;3891.00;15.00;81.75;25.50;23.53;36.65;13.92;291.50;305.70;2.82;72752.00;91.00;92.00;47.00;4573.60;990.87;585.93;6.00;1;0;1;0;0;1;0;0;0;0;0;1;1;0;0;0;0;0
316599;3.55;0.93;98.00;4165.00;15.00;81.75;33.75;16.86;29.57;14.02;339.94;313.38;2.58;72752.00;98.00;99.00;47.00;4339.60;991.26;859.36;6.00;1;0;1;0;0;1;0;0;0;0;0;1;1;0;0;0;0;0
319117;2.58;0.97;102.00;4328.00;15.00;81.75;42.75;9.02;20.68;14.11;302.93;281.66;2.58;72752.00;102.00;103.00;47.00;4494.60;991.50;703.12;6.00;1;0;1;0;0;1;0;0;0;0;0;1;1;0;0;0;0;0
320692;2.04;0.93;103.00;4390.00;15.00;81.75;45.75;7.06;17.26;14.02;340.12;175.83;2.58;72752.00;103.00;104.00;47.00;4513.80;991.73;898.43;6.00;1;0;1;0;0;1;0;0;0;0;0;1;1;0;0;0;0;0
322155;1.99;0.95;103.00;4365.00;15.00;81.75;46.50;7.06;16.56;14.02;351.95;328.65;2.58;72752.00;102.00;104.00;47.00;4531.00;992.08;429.68;6.00;1;0;1;0;0;1;0;0;0;0;0;1;1;0;0;0;0;0
323599;1.52;0.92;103.00;4371.00;15.00;81.00;47.25;5.49;13.20;14.11;174.09;205.22;2.58;72752.00;103.00;103.00;48.00;4495.20;992.71;624.99;6.00;1;0;1;0;0;1;0;0;0;0;0;1;1;0;0;0;0;0
325076;1.69;0.93;103.00;4393.00;15.00;81.00;47.25;5.88;14.57;14.02;9.92;11.17;2.58;72752.00;103.00;103.00;48.00;4493.20;993.22;859.36;6.00;1;0;1;0;0;1;0;0;0;0;0;1;1;0;0;0;0;0
326519;0.75;0.89;101.00;4308.00;15.00;81.00;47.25;1.96;6.74;14.02;2.42;1.41;2.58;72752.00;101.00;102.00;48.00;4530.00;993.68;859.36;6.00;1;0;1;0;0;1;0;0;0;0;0;1;1;0;0;0;0;0
327912;0.90;0.85;100.00;4222.00;15.00;81.00;47.25;2.75;8.32;14.11;0.45;3.91;2.58;72752.00;99.00;100.00;48.00;4515.40;994.27;156.25;6.00;1;0;1;0;0;1;0;0;0;0;0;1;1;0;0;0;0;0
329446;1.76;0.91;98.00;4200.00;15.00;81.00;45.75;6.28;15.63;14.02;5.84;5.19;2.58;72752.00;99.00;99.00;48.00;4507.40;994.90;781.24;6.00;1;0;1;0;0;1;0;0;0;0;0;1;1;0;0;0;0;0
330844;1.59;0.89;98.00;4175.00;15.00;81.00;46.50;5.88;14.32;14.02;0.35;0.31;2.58;72752.00;97.00;99.00;48.00;4527.00;995.09;839.83;6.00;1;0;1;0;0;1;0;0;0;0;0;1;1;0;0;0;0;0
332195;0.51;0.85;95.00;4030.00;15.00;81.00;46.50;0.78;4.92;13.92;0.45;1.66;2.82;72752.00;96.00;95.00;48.00;4489.80;995.36;39.06;6.00;1;0;1;0;0;1;0;0;0;0;0;1;1;0;0;0;0;0
333957;1.20;0.92;95.00;3966.00;15.00;81.00;45.75;3.92;11.33;14.02;3.24;0;2.58;72753.00;94.00;95.00;48.00;4520.40;996.15;898.43;6.00;1;0;1;0;0;1;0;0;0;0;0;1;1;0;0;0;0;0
335560;1.15;0.90;92.00;3929.00;15.00;81.00;45.00;3.53;9.85;14.02;1.52;1.60;2.58;72753.00;92.00;92.00;48.00;4484.60;996.58;800.77;6.00;1;0;1;0;0;1;0;0;0;0;0;1;1;0;0;0;0;0
337124;0.95;0.89;92.00;3933.00;15.00;81.00;45.75;2.75;8.64;14.02;2.25;1.82;2.58;72753.00;93.00;93.00;48.00;4539.00;997.20;39.06;6.00;1;0;1;0;0;1;0;0;0;0;0;1;1;0;0;0;0;0
339247;2.55;0.99;91.00;3891.00;15.00;81.00;42.00;7.45;19.43;14.21;1.43;0.94;2.58;72753.00;90.00;92.00;48.00;4416.40;998.25;898.43;6.00;1;0;1;0;0;1;0;0;0;0;0;1;1;0;0;0;0;0
340878;0.89;0.95;88.00;3779.00;15.00;81.00;43.50;1.96;7.63;14.21;2.34;1.43;2.58;72753.00;89.00;89.00;48.00;4523.40;998.80;859.36;6.00;1;0;1;0;0;1;0;0;0;0;0;1;1;0;0;0;0;0
342493;1.16;0.98;86.00;3656.00;15.00;81.00;42.00;3.14;9.51;14.11;1.00;0.27;2.58;72753.00;85.00;86.00;48.00;4517.20;999.39;878.90;6.00;1;0;1;0;0;1;0;0;0;0;0;1;1;0;0;0;0;0
344173;0.55;1.00;83.00;3517.00;15.00;81.00;-30.00;0;0;14.11;0;3.26;2.58;72753.00;83.00;83.00;48.00;4560.80;999.93;0;6.00;1;0;1;0;0;1;0;0;0;0;0;1;1;0;0;0;0;0
345813;0.60;1.00;78.00;3298.00;15.00;81.00;-30.00;0;0;14.21;0.16;2.07;2.58;72753.00;79.00;78.00;48.00;4553.20;1000.09;0;6.00;1;0;1;0;0;1;0;0;0;0;0;1;1;0;0;0;0;0
347230;0.65;1.00;73.00;3127.00;15.00;81.00;-30.00;0;0;14.11;0.37;1.58;2.58;72753.00;74.00;74.00;48.00;4570.20;1000.72;0;6.00;1;0;1;0;0;1;0;0;0;0;0;1;1;0;0;0;0;0
348628;0.66;1.00;70.00;2964.00;15.00;81.00;-30.00;0;0;14.21;0;0.47;2.58;72753.00;70.00;70.00;48.00;4579.80;1001.15;0;6.00;1;0;1;0;0;1;0;0;0;0;0;1;1;0;0;0;0;0
351089;0.85;1.00;56.00;2574.00;15.75;80.25;15.00;0;12.76;14.11;2.85;0.08;2.58;72753.00;56.00;56.00;48.00;4670.60;1001.46;19.53;5.00;1;0;1;0;0;1;0;0;1;0;0;1;1;0;0;0;0;0
354084;5.42;1.00;33.00;2096.00;15.75;80.25;-12.00;8.24;13.08;14.11;21.99;5.84;2.58;72753.00;34.00;34.00;48.00;4479.40;1002.44;39.06;3.00;1;0;1;0;0;1;0;0;1;0;0;1;1;0;0;0;0;0
355893;7.28;1.00;23.00;1417.00;15.75;80.25;6.75;10.59;36.97;14.30;23.83;24.20;2.58;72753.00;23.00;23.00;59.00;4577.80;1002.59;898.43;1;1;0;1;0;0;1;0;0;1;0;0;1;1;0;0;0;0;0
358042;0;1.00;50.00;3808.00;15.75;80.25;41.25;0;4.96;14.02;1.89;1.91;2.58;72753.00;49.00;50.00;48.00;4212.00;1002.94;664.05;2.00;1;0;1;0;0;1;0;0;1;0;0;1;1;0;0;0;0;0
359839;0.29;1.00;63.00;3834.00;15.75;80.25;-30.00;0;0;14.11;0;0.16;2.58;72753.00;64.00;63.00;48.00;4523.60;1003.22;78.12;3.00;1;0;1;0;0;1;0;0;1;0;0;1;1;0;0;0;0;0
361619;1.38;1.00;31.00;1337.00;15.75;80.25;22.50;0;13.88;14.30;44.08;10.33;2.58;72753.00;32.00;31.00;43.00;4300.40;1003.53;820.30;2.00;1;0;1;0;0;1;0;0;1;0;0;1;1;0;0;0;0;0
363424;5.22;1.00;47.00;2954.00;15.75;80.25;21.00;21.57;35.99;14.02;13.10;5.55;2.58;72753.00;47.00;47.00;48.00;4207.00;1003.76;39.06;3.00;1;0;1;0;0;1;0;0;1;0;0;1;1;0;0;0;0;0
365083;4.38;0.98;66.00;3440.00;15.75;80.25;24.00;21.18;33.82;14.02;3.48;0.55;2.58;72753.00;65.00;66.00;48.00;4528.00;1003.84;664.05;4.00;1;0;1;0;0;1;0;0;0;0;0;1;1;0;0;0;0;0
366840;3.99;0.96;80.00;3670.00;15.75;80.25;28.50;19.22;31.81;13.92;0.04;4.16;2.82;72753.00;78.00;80.00;48.00;4514.00;1003.88;761.71;5.00;1;0;1;0;0;1;0;0;0;0;0;1;1;0;0;0;0;0
368355;1.95;1.00;86.00;3967.00;15.75;81.00;44.25;6.28;16.20;14.11;1.35;2.36;2.58;72753.00;86.00;86.00;48.00;4507.00;1003.88;898.43;5.00;1;0;1;0;0;1;0;0;0;0;0;1;1;0;0;0;0;0
369844;1.90;0.89;90.00;3817.00;15.75;81.00;42.75;6.67;18.16;14.02;1.19;0.59;2.58;72753.00;89.00;90.00;48.00;4489.80;1004.00;898.43;6.00;1;0;1;0;0;1;0;0;0;0;0;1;1;0;0;0;0;0
371578;1.26;0.99;90.00;3815.00;15.75;81.00;43.50;3.53;10.38;14.02;0;0;2.58;72753.00;89.00;90.00;48.00;4526.40;1004.47;917.96;6.00;1;0;1;0;0;1;0;0;0;0;0;1;1;0;0;0;0;0
373144;0.59;0.94;86.00;3652.00;15.75;81.75;42.00;0.39;5.89;14.11;65.21;48.08;2.58;72753.00;85.00;86.00;47.00;4514.60;1004.70;859.36;6.00;1;0;1;0;0;1;0;0;0;0;0;1;1;0;0;0;0;0
374757;0.58;1.00;81.00;3486.00;15.75;81.75;-30.00;0;0;14.02;298.11;316.76;2.58;72753.00;82.00;82.00;47.00;4529.60;1005.01;0;6.00;1;0;1;0;0;1;0;0;0;0;0;1;1;0;0;0;0;0
376343;0.62;1.00;78.00;3307.00;15.75;81.75;-30.00;0;0;14.02;334.61;344.18;2.58;72753.00;78.00;78.00;47.00;4493.00;1005.36;0;6.00;1;0;1;0;0;1;0;0;0;0;0;1;1;0;0;0;0;0
377807;2.30;0.95;80.00;3396.00;15.75;81.75;38.25;6.67;18.93;14.11;320.04;324.49;2.58;72753.00;80.00;80.00;47.00;4452.20;1005.83;898.43;6.00;1;0;1;0;0;1;0;0;0;0;0;1;1;0;0;0;0;0
379316;2.05;0.96;82.00;3478.00;15.75;81.75;39.75;5.88;17.09;14.02;327.67;298.48;2.58;72753.00;81.00;83.00;47.00;4514.40;1006.15;859.36;6.00;1;0;1;0;0;1;0;0;0;0;0;1;1;0;0;0;0;0
380645;1.83;0.88;83.00;3544.00;15.75;81.75;40.50;5.88;16.93;14.02;353.90;339.94;2.58;72753.00;84.00;84.00;47.00;4513.80;1006.26;605.46;6.00;1;0;1;0;0;1;0;0;0;0;0;1;1;0;0;0;0;0
381992;2.34;0.96;85.00;3639.00;15.75;81.75;39.75;7.45;19.37;14.02;350.25;353.40;2.58;72753.00;84.00;85.00;47.00;4517.20;1006.73;839.83;6.00;1;0;1;0;0;1;0;0;0;0;0;1;1;0;0;0;0;0
383445;0.98;0.86;87.00;3614.00;15.75;81.75;42.00;2.75;9.41;14.02;302.68;314.30;2.58;72754.00;87.00;87.00;47.00;4523.40;1007.16;898.43;6.00;1;0;1;0;0;1;0;0;0;0;0;1;1;0;0;0;0;0
384930;1.28;0.99;88.00;3773.00;15.75;81.75;43.50;3.53;10.62;14.02;322.75;319.94;2.58;72754.00;88.00;89.00;47.00;4521.60;1007.67;878.90;6.00;1;0;1;0;0;1;0;0;0;0;0;1;1;0;0;0;0;0
386460;1.07;0.92;90.00;3750.00;15.75;81.75;42.75;3.14;9.58;14.02;337.32;345.78;2.58;72754.00;90.00;90.00;47.00;4514.00;1008.26;859.36;6.00;1;0;1;0;0;1;0;0;0;0;0;1;1;0;0;0;0;0
388041;1.10;0.86;87.00;3710.00;15.75;81.75;42.75;3.53;10.18;14.02;314.69;326.39;2.58;72754.00;88.00;88.00;47.00;4511.60;1008.65;292.97;6.00;1;0;1;0;0;1;0;0;0;0;0;1;1;0;0;0;0;0
389618;0.75;0.89;86.00;3646.00;15.75;81.75;42.00;1.57;6.83;14.02;295.88;282.13;2.58;72754.00;87.00;86.00;47.00;4517.00;1009.04;58.59;6.00;1;0;1;0;0;1;0;0;0;0;0;1;1;0;0;0;0;0
391071;1.74;0.91;85.00;3587.00;15.75;81.75;41.25;5.49;15.65;13.92;305.10;283.95;2.82;72754.00;84.00;85.00;47.00;4502.60;1009.51;839.83;6.00;1;0;1;0;0;1;0;0;0;0;0;1;1;0;0;0;0;0
392574;0.85;0.87;83.00;3520.00;15.75;81.75;40.50;1.96;7.79;14.02;350.92;348.28;2.58;72754.00;84.00;84.00;47.00;4505.00;1009.86;195.31;6.00;1;0;1;0;0;1;0;0;0;0;0;1;1;0;0;0;0;0
394107;1.04;0.90;82.00;3456.00;15.75;81.75;39.75;2.75;9.48;14.02;320.25;335.94;2.58;72754.00;83.00;83.00;47.00;4497.20;1010.05;917.96;6.00;1;0;1;0;0;1;0;0;0;0;0;1;1;0;0;0;0;0
395609;1.98;0.90;85.00;3583.00;15.75;81.75;40.50;6.28;17.70;14.11;289.92;293.24;2.58;72754.00;83.00;85.00;47.00;4489.00;1010.37;878.90;6.00;1;0;1;0;0;1;0;0;0;0;0;1;1;0;0;0;0;0
397033;1.99;0.87;87.00;3713.00;15.75;81.75;41.25;6.67;18.51;14.11;340.74;351.89;2.58;72754.00;87.00;87.00;47.00;4525.20;1010.76;878.90;6.00;1;0;1;0;0;1;0;0;0;0;0;1;1;0;0;0;0;0
398440;1.49;0.97;86.00;3659.00;15.75;81.75;42.00;4.31;12.52;14.02;349.27;347.61;2.58;72754.00;87.00;86.00;47.00;4533.60;1011.11;898.43;6.00;1;0;1;0;0;1;0;0;0;0;0;1;1;0;0;0;0;0
399815;1.46;1.00;85.00;3618.00;15.75;81.75;41.25;3.92;11.91;14.02;348.84;342.42;2.58;72754.00;84.00;85.00;47.00;4529.60;1011.22;898.43;6.00;1;0;1;0;0;1;0;0;0;0;0;1;1;0;0;0;0;0
401268;2.02;0.95;83.00;3534.00;15.75;81.75;40.50;5.88;16.76;14.11;338.45;217.51;2.58;72754.00;83.00;84.00;47.00;4508.80;1011.58;839.83;6.00;1;0;1;0;0;1;0;0;0;0;0;1;1;0;0;0;0;0
402739;1.18;0.85;82.00;3506.00;15.75;81.75;39.75;3.53;11.19;13.92;348.53;264.51;2.82;72754.00;83.00;83.00;47.00;4525.80;1012.08;742.18;6.00;1;0;1;0;0;1;0;0;0;0;0;1;1;0;0;0;0;0
404165;1.54;1.00;81.00;3424.00;15.75;81.75;39.75;3.92;12.44;14.02;359.94;340.13;2.58;72754.00;80.00;81.00;47.00;4501.20;1012.40;898.43;6.00;1;0;1;0;0;1;0;0;0;0;0;1;1;0;0;0;0;0
405573;1.16;0.96;78.00;3337.00;15.75;81.75;38.25;2.75;9.71;14.11;341.85;343.10;2.58;72754.00;78.00;78.00;47.00;4505.80;1012.47;859.36;6.00;1;0;1;0;0;1;0;0;0;0;0;1;1;0;0;0;0;0
406928;1.01;0.91;77.00;3350.00;15.75;81.75;38.25;2.35;9.11;14.11;339.41;341.54;2.58;72754.00;78.00;78.00;47.00;4514.60;1012.79;878.90;6.00;1;0;1;0;0;1;0;0;0;0;0;1;1;0;0;0;0;0
408322;1.42;0.87;77.00;3424.00;15.75;81.75;39.00;4.31;12.69;14.02;293.71;343.40;2.58;72754.00;77.00;77.00;47.00;4497.20;1013.29;136.72;6.00;1;0;1;0;0;1;0;0;0;0;0;1;1;0;0;0;0;0
409618;1.33;1.00;77.00;3288.00;15.75;81.75;38.25;3.14;11.15;14.11;334.88;345.76;2.58;72754.00;77.00;78.00;47.00;4545.40;1013.61;859.36;6.00;1;0;1;0;0;1;0;0;0;0;0;1;1;0;0;0;0;0
411073;1.28;1.00;75.00;3146.00;15.75;81.75;30.75;1.96;7.99;14.11;331.42;348.55;2.58;72754.00;75.00;74.00;47.00;4227.20;1013.69;624.99;6.00;1;0;1;0;0;1;0;0;0;0;0;1;1;0;0;0;0;0
412524;0.85;1.00;72.00;3034.00;15.75;81.75;35.25;0.39;6.71;14.11;249.59;250.47;2.58;72754.00;72.00;72.00;47.00;4204.60;1014.00;878.90;6.00;1;0;1;0;0;1;0;0;0;0;0;1;1;0;0;0;0;0
413902;3.04;1.00;72.00;3119.00;15.75;81.75;33.75;7.84;21.66;14.11;231.51;270.28;2.58;72754.00;73.00;73.00;47.00;4454.60;1014.54;839.83;6.00;1;0;1;0;0;1;0;0;0;0;0;1;1;0;0;0;0;0
415333;2.02;0.96;77.00;3259.00;15.75;81.75;37.50;5.49;17.10;14.02;333.65;348.34;2.58;72754.00;76.00;77.00;47.00;4512.20;1014.82;800.77;6.00;1;0;1;0;0;1;0;0;0;0;0;1;1;0;0;0;0;0
416759;2.10;0.91;78.00;3377.00;15.75;81.75;38.25;5.88;17.76;14.11;333.32;330.82;2.58;72754.00;78.00;79.00;47.00;4511.00;1014.94;839.83;6.00;1;0;1;0;0;1;0;0;0;0;0;1;1;0;0;0;0;0
418218;2.28;1.01;82.00;3510.00;15.75;81.75;40.50;6.28;18.37;14.11;195.46;239.46;2.58;72754.00;83.00;83.00;47.00;4520.40;1015.37;898.43;6.00;1;0;1;0;0;1;0;0;0;0;0;1;1;0;0;0;0;0
419674;1.21;0.94;83.00;3564.00;15.75;81.75;40.50;3.14;10.38;14.02;159.99;184.11;2.58;72754.00;84.00;84.00;47.00;4516.40;1015.76;859.36;6.00;1;0;1;0;0;1;0;0;0;0;0;1;1;0;0;0;0;0
421078;0.73;0.89;81.00;3464.00;15.75;81.75;39.75;1.18;6.62;14.02;306.80;335.82;2.58;72754.00;81.00;82.00;47.00;4508.20;1016.07;234.37;6.00;1;0;1;0;0;1;0;0;0;0;0;1;1;0;0;0;0;0
422580;1.54;0.87;81.00;3430.00;15.75;81.75;39.00;4.71;14.14;14.02;233.42;351.89;2.58;72754.00;81.00;81.00;47.00;4514.20;1016.19;78.12;6.00;1;0;1;0;0;1;0;0;0;0;0;1;1;0;0;0;0;0
423970;1.04;0.91;80.00;3403.00;15.75;81.75;39.00;2.35;9.35;14.02;320.62;181.67;2.58;72754.00;79.00;80.00;47.00;4530.00;1016.22;898.43;6.00;1;0;1;0;0;1;0;0;0;0;0;1;1;0;0;0;0;0
425428;1.10;0.94;80.00;3382.00;15.75;81.75;39.00;2.75;9.78;14.11;245.16;159.35;2.58;72754.00;79.00;80.00;47.00;4523.80;1016.54;878.90;6.00;1;0;1;0;0;1;0;0;0;0;0;1;1;0;0;0;0;0
426801;0.86;1.00;77.00;3260.00;15.75;81.75;38.25;1.18;6.40;14.02;329.73;334.47;2.58;72755.00;76.00;77.00;47.00;4231.60;1017.08;898.43;6.00;1;0;1;0;0;1;0;0;0;0;0;1;1;0;0;0;0;0
428193;1.13;0.98;75.00;3182.00;15.75;81.75;36.75;2.35;9.40;14.02;348.18;332.77;2.58;72755.00;75.00;75.00;47.00;4469.20;1017.32;878.90;6.00;1;0;1;0;0;1;0;0;0;0;0;1;1;0;0;0;0;0
429711;0.92;0.94;72.00;3078.00;15.75;81.75;35.25;1.57;8.05;14.11;286.02;267.78;2.58;72755.00;73.00;73.00;47.00;4496.40;1017.55;781.24;6.00;1;0;1;0;0;1;0;0;0;0;0;1;1;0;0;0;0;0
431117;0.69;1.00;71.00;2976.00;15.75;81.75;-30.00;0;0;14.11;123.82;103.98;2.58;72755.00;71.00;70.00;47.00;4575.80;1017.98;0;6.00;1;0;1;0;0;1;0;0;0;0;0;1;1;0;0;0;0;0
432642;0.71;1.00;67.00;2835.00;15.75;81.75;-30.00;0;0;14.11;261.21;299.94;2.58;72755.00;67.00;67.00;47.00;4616.40;1018.45;19.53;6.00;1;0;1;0;0;1;0;0;0;0;0;1;1;0;0;0;0;0
434112;0.74;1.00;63.00;2717.00;15.75;81.75;-30.00;0;0;14.02;321.03;339.51;2.58;72755.00;64.00;64.00;47.00;4557.80;1018.65;19.53;6.00;1;0;1;0;0;1;0;0;0;0;0;1;1;0;0;0;0;0
436161;1.42;0.99;35.00;1357.00;15.75;81.75;15.00;0;12.82;14.21;237.27;224.85;2.58;72755.00;35.00;35.00;42.00;4484.60;1019.47;859.36;6.00;1;0;1;0;0;1;0;0;1;0;0;1;1;0;0;0;0;0
439477;1.30;0.97;27.00;1320.00;15.75;81.75;13.50;0;12.50;14.21;164.99;155.20;2.58;72755.00;27.00;28.00;42.00;4494.60;1019.78;58.59;6.00;1;0;1;1;0;1;0;0;1;0;0;1;1;0;0;1;0;0
440800;1.42;1.02;23.00;1322.00;15.75;81.75;14.25;0;12.67;14.21;147.30;126.73;2.58;72755.00;24.00;24.00;41.00;4518.60;1019.90;839.83;5.00;1;0;1;0;0;1;0;0;1;0;0;1;1;0;0;0;0;0
442278;1.31;0.97;23.00;1437.00;15.75;81.75;15.00;0;12.68;14.21;69.60;57.42;2.58;72755.00;24.00;23.00;41.00;4548.80;1020.01;839.83;2.00;1;0;1;0;0;1;0;0;1;0;0;1;1;0;0;0;0;0
443919;1.26;0.96;17.00;1429.00;15.75;81.75;15.00;0;12.66;14.21;84.27;50.91;2.58;72755.00;17.00;17.00;41.00;4506.40;1020.60;175.78;2.00;1;0;1;0;0;1;0;0;1;0;0;1;1;0;0;0;0;0
446129;1.38;0.98;11.00;1266.00;15.75;81.75;15.00;0;12.74;14.30;41.97;23.83;2.58;72755.00;12.00;12.00;41.00;4518.40;1021.03;58.59;2.00;1;0;1;0;0;1;0;0;1;0;0;1;1;0;0;0;0;0
447576;1.51;1.01;7.00;1261.00;16.50;81.75;15.75;0;12.87;14.39;18.91;12.26;2.31;72755.00;8.00;8.00;41.00;4526.20;1021.11;664.05;1;1;0;1;0;0;1;0;0;1;0;0;1;1;0;0;0;0;0
450154;1.47;0.98;3.00;1271.00;16.50;81.75;14.25;0;12.58;14.30;5.82;3.75;2.58;72755.00;3.00;3.00;40.00;4512.20;1021.19;605.46;1;1;0;1;0;0;1;0;0;1;0;0;1;1;0;0;1;0;0
451566;1.48;1.00;0;1289.00;16.50;81.75;13.50;0;12.39;14.21;7.32;26.39;2.58;72755.00;0;0;40.00;4506.40;1021.19;820.30;1;1;0;1;0;0;1;0;0;1;0;0;1;1;0;0;0;0;0
452943;1.32;1.00;0;1303.00;16.50;81.75;12.75;0;12.24;14.21;4.43;13.18;2.58;72755.00;0;0;40.00;4506.40;1021.19;58.59;1;1;0;1;0;0;1;0;0;1;0;0;1;1;0;0;0;0;0
454377;1.52;1.04;0;1252.00;16.50;81.75;16.50;0;12.98;14.21;4.02;5.86;2.58;72755.00;0;0;41.00;4522.80;1021.19;78.12;1;1;0;1;0;0;1;0;0;1;0;0;1;1;0;0;0;0;0
455739;1.46;1.04;0;1231.00;16.50;82.50;17.25;0;13.08;14.39;6.43;10.70;2.31;72755.00;0;0;39.00;4502.80;1021.19;761.71;1;1;0;1;0;0;1;0;0;1;0;0;1;1;0;0;0;0;0
457180;1.47;1.03;0;1242.00;16.50;82.50;16.50;0;12.83;14.30;119.07;129.52;2.58;72755.00;0;0;40.00;4524.00;1021.19;664.05;1;1;0;1;0;0;1;0;0;1;0;0;1;1;0;0;0;0;0
458724;1.46;1.04;0;1282.00;16.50;82.50;14.25;0;12.51;14.30;58.30;59.80;2.58;72755.00;0;0;40.00;4519.40;1021.19;78.12;1;1;0;1;0;0;1;0;0;1;0;0;1;1;0;0;0;0;0
460113;1.43;1.04;0;1274.00;16.50;82.50;15.00;0;12.60;14.30;30.97;37.38;2.58;72755.00;0;0;40.00;4517.80;1021.19;800.77;1;1;0;1;0;0;1;0;0;1;0;0;1;1;0;0;0;0;0
461673;1.38;1.03;0;1287.00;16.50;82.50;14.25;0;12.57;14.39;13.22;18.48;2.31;72755.00;0;0;41.00;4518.60;1021.19;683.59;1;1;0;1;0;0;1;0;0;1;0;0;1;1;0;0;0;0;0
463117;1.46;1.01;0;1252.00;16.50;82.50;16.50;0;12.95;14.39;7.83;11.01;2.31;72755.00;0;0;41.00;4503.00;1021.19;605.46;1;1;0;1;0;0;1;0;0;1;0;0;1;1;0;0;0;0;0
464600;1.43;1.03;0;1238.00;16.50;83.25;17.25;0;13.15;14.21;5.45;6.72;2.58;72755.00;0;0;41.00;4516.20;1021.19;156.25;1;1;0;1;0;0;1;0;0;1;0;0;1;1;0;0;0;0;0
465969;1.39;1.03;0;1287.00;16.50;83.25;13.50;0;12.40;14.39;2.38;7.66;2.31;72755.00;0;0;41.00;4524.40;1021.19;839.83;1;1;0;1;0;0;1;0;0;1;0;0;1;1;0;0;0;0;0
467362;1.47;1.02;0;1205.00;16.50;83.25;19.50;0;13.42;14.30;5.45;4.88;2.58;72755.00;0;0;41.00;4501.80;1021.19;78.12;1;1;0;1;0;0;1;0;0;1;0;0;1;1;0;0;0;0;0
468853;1.50;1.06;0;1238.00;16.50;83.25;16.50;0;13.02;14.30;7.56;2.01;2.58;72755.00;0;0;41.00;4513.80;1021.19;820.30;1;1;0;1;0;0;1;0;0;1;0;0;1;1;0;0;0;0;0
470272;1.45;1.03;0;1225.00;16.50;83.25;17.25;0;13.16;14.30;5.49;3.50;2.58;72755.00;0;0;40.00;4513.60;1021.19;820.30;1;1;0;1;0;0;1;0;0;1;0;0;1;1;0;0;0;0;0
471807;1.43;1.02;0;1246.00;16.50;83.25;16.50;0;13.02;14.30;8.67;3.75;2.58;72755.00;0;0;42.00;4520.00;1021.19;58.59;1;1;0;1;0;0;1;0;0;1;0;0;1;1;0;0;0;0;0
473353;1.46;1.06;0;1267.00;16.50;83.25;15.00;0;12.72;14.30;31.66;6.82;2.58;72755.00;0;0;41.00;4510.00;1021.19;820.30;1;1;0;1;0;0;1;0;0;1;0;0;1;1;0;0;0;0;0
474941;3.78;1.01;0;1247.00;16.50;83.25;15.75;3.53;12.80;14.39;13.92;2.70;2.31;72755.00;0;0;43.00;4484.80;1021.19;898.43;1;1;0;1;0;0;1;0;0;1;0;0;1;1;0;0;0;0;0
476397;5.97;1.00;25.00;2759.00;16.50;83.25;14.25;27.85;40.24;14.02;127.43;135.34;2.58;72755.00;24.00;25.00;47.00;4607.20;1021.19;898.43;1;1;0;1;0;0;1;0;0;1;0;0;1;1;0;0;0;0;0
478065;3.25;1.00;46.00;3588.00;16.50;83.25;30.75;14.51;29.89;13.83;174.46;158.41;2.82;72755.00;46.00;47.00;47.00;4442.40;1021.19;859.36;2.00;1;0;1;0;0;1;0;0;1;0;0;1;1;0;0;0;0;0
479568;0.79;1.00;52.00;3218.00;16.50;82.50;33.00;0.39;6.70;14.11;324.00;322.48;2.58;72755.00;52.00;51.00;47.00;4386.00;1021.19;859.36;3.00;1;0;1;0;0;1;0;0;1;0;0;1;1;0;0;0;0;0
481042;0.70;1.00;47.00;2889.00;16.50;82.50;-30.00;0;0;14.11;287.03;275.92;2.58;72755.00;48.00;47.00;47.00;4543.40;1021.19;19.53;3.00;1;0;1;0;0;1;0;0;1;0;0;1;1;0;0;0;0;0
482627;0.75;1.00;42.00;2610.00;16.50;81.75;-30.00;0;0;14.11;280.45;325.04;2.58;72755.00;43.00;43.00;47.00;4450.20;1021.19;19.53;3.00;1;0;1;0;0;1;0;0;1;0;0;1;1;0;0;0;0;0
483991;0.87;1.00;38.00;2406.00;16.50;81.00;17.25;0;12.78;14.11;223.03;201.65;2.58;72755.00;39.00;39.00;43.00;4407.80;1021.19;58.59;3.00;1;0;1;0;0;1;0;0;1;0;0;1;1;0;0;0;0;0
485474;0.92;1.00;36.00;2149.00;16.50;80.25;15.75;0;12.87;14.02;271.21;262.82;2.58;72755.00;36.00;35.00;43.00;4542.80;1021.19;39.06;3.00;1;0;1;0;0;1;0;0;1;0;0;1;1;0;0;0;0;0
486896;1.53;1.02;20.00;1296.00;16.50;80.25;15.00;0;12.90;14.30;157.18;209.22;2.58;72755.00;20.00;20.00;41.00;4499.80;1021.30;800.77;3.00;1;0;1;1;0;1;0;0;1;0;0;1;1;0;0;1;0;0
489041;1.71;1.01;15.00;2138.00;16.50;80.25;19.50;1.96;13.01;14.02;83.53;106.75;2.58;72755.00;15.00;15.00;48.00;4497.40;1021.85;39.06;2.00;1;0;1;0;0;1;0;0;1;0;0;1;1;0;0;0;0;0
490957;1.53;1.00;10.00;1271.00;16.50;80.25;16.50;0;13.12;14.30;150.56;163.39;2.58;72755.00;11.00;11.00;42.00;4515.00;1022.12;371.09;2.00;1;0;1;1;0;1;0;0;1;0;0;1;1;0;0;0;0;0
492523;1.45;1.02;6.00;1265.00;16.50;80.25;16.50;0;13.04;14.21;112.67;128.74;2.58;72755.00;6.00;6.00;40.00;4506.60;1022.32;58.59;1;1;0;1;0;0;1;0;0;1;0;0;1;1;0;0;0;0;0
493920;1.43;1.07;7.00;1287.00;16.50;80.25;15.00;0;12.72;14.30;51.72;59.66;2.58;72755.00;8.00;7.00;41.00;4523.00;1022.40;722.65;1;1;0;1;0;0;1;0;0;1;0;0;1;1;0;0;0;0;0
495717;1.43;1.00;5.00;1266.00;16.50;80.25;17.25;0;13.13;14.21;16.13;21.01;2.58;72755.00;5.00;5.00;41.00;4509.60;1022.44;58.59;1;1;0;1;0;0;1;0;0;1;0;0;1;1;0;0;0;0;0
497936;1.37;1.01;8.00;1328.00;16.50;80.25;15.00;0;12.95;14.39;51.72;29.22;2.31;72755.00;8.00;8.00;43.00;4492.80;1022.44;664.05;1;1;0;1;0;0;1;0;0;1;0;0;1;1;0;0;0;0;0
499831;1.47;1.00;8.00;1268.00;16.50;80.25;17.25;0;13.30;14.21;132.49;122.86;2.58;72755.00;8.00;8.00;43.00;4516.60;1022.44;58.59;1;1;0;1;0;0;1;0;0;1;0;0;1;1;0;0;0;0;0
501324;1.50;1.05;6.00;1224.00;16.50;81.00;18.00;0;13.37;14.39;94.54;59.78;2.31;72755.00;6.00;6.00;41.00;4520.40;1022.44;859.36;1;1;0;1;0;0;1;0;0;1;0;0;1;1;0;0;0;0;0
503533;1.40;1.01;0;1281.00;16.50;81.00;14.25;0;12.55;14.30;40.70;22.03;2.58;72755.00;0;0;39.00;4510.20;1022.44;136.72;1;1;0;1;1;0;1;0;0;1;0;0;1;1;0;0;1;0;0
504960;1.39;1.04;0;1249.00;16.50;81.00;17.25;0;13.01;14.39;25.88;28.28;2.31;72755.00;0;0;41.00;4515.20;1022.44;58.59;1;1;0;1;0;0;1;0;0;1;0;0;1;1;0;0;0;0;0
506322;1.49;1.06;0;1270.00;17.25;81.75;15.00;0;12.59;14.30;15.53;18.61;2.58;72755.00;0;0;39.00;4527.80;1022.44;859.36;1;1;0;1;0;0;1;0;0;1;0;0;1;1;0;0;0;0;0
507695;1.44;1.02;0;1217.00;17.25;81.75;19.50;0;13.29;14.39;29.78;16.56;2.31;72755.00;0;0;41.00;4513.40;1022.44;624.99;1;1;0;1;0;0;1;0;0;1;0;0;1;1;0;0;0;0;0
508952;1.44;0.99;0;1227.00;17.25;81.75;19.50;0;13.36;14.11;16.05;9.71;2.58;72755.00;0;0;42.00;4492.80;1022.44;58.59;1;1;0;1;0;0;1;0;0;1;0;0;1;1;0;0;0;0;0
510457;1.44;1.04;0;1249.00;17.25;81.75;17.25;0;13.17;14.30;12.89;12.40;2.58;72755.00;0;0;42.00;4509.80;1022.44;136.72;1;1;0;1;0;0;1;0;0;1;0;0;1;1;0;0;0;0;0
511758;1.47;1.05;0;1298.00;17.25;81.75;12.75;0;12.40;14.30;22.28;53.47;2.58;72755.00;0;0;41.00;4520.60;1022.44;761.71;1;1;0;1;0;0;1;0;0;1;0;0;1;1;0;0;0;0;0
513252;1.42;1.02;0;1256.00;17.25;81.75;15.00;0;12.69;14.30;9.49;22.93;2.58;72755.00;0;0;40.00;4520.00;1022.44;761.71;1;1;0;1;0;0;1;0;0;1;0;0;1;1;0;0;0;0;0
514638;1.44;1.00;0;1213.00;17.25;82.50;19.50;0;13.39;14.30;4.41;13.16;2.58;72755.00;0;0;40.00;4524.80;1022.44;58.59;1;1;0;1;0;0;1;0;0;1;0;0;1;1;0;0;0;0;0
515999;1.41;1.05;0;1292.00;17.25;82.50;13.50;0;12.50;14.30;2.03;11.52;2.58;72755.00;0;0;40.00;4510.20;1022.44;644.52;1;1;0;1;1;0;1;0;0;1;0;0;1;1;0;0;0;0;0
517518;1.39;1.03;0;1270.00;17.25;82.50;15.00;0;12.67;14.21;0.76;4.86;2.58;72755.00;0;0;40.00;4521.40;1022.44;507.81;1;1;0;1;0;0;1;0;0;1;0;0;1;1;0;0;0;0;0
518847;1.43;1.02;0;1245.00;17.25;82.50;17.25;0;12.64;14.21;1.50;3.55;2.58;72755.00;0;0;41.00;4505.00;1022.44;97.66;1;1;0;1;0;0;1;0;0;1;0;0;0;1;0;0;0;0;0
520308;1.37;1.02;0;1286.00;17.25;82.50;13.50;0;12.46;14.30;1.72;3.42;2.58;72755.00;0;0;41.00;4526.00;1022.44;820.30;1;1;0;1;0;0;1;0;0;1;0;0;1;1;0;0;0;0;0
521778;1.37;1.00;0;1302.00;17.25;83.25;12.75;0;12.31;14.30;2.25;1.43;2.58;72755.00;0;0;40.00;4509.60;1022.44;39.06;1;1;0;1;0;0;1;0;0;1;0;0;1;1;0;0;0;0;0
523118;1.40;1.04;0;1246.00;17.25;83.25;15.75;0;12.71;14.21;6.33;9.39;2.58;72755.00;0;0;39.00;4515.80;1022.44;58.59;1;1;0;1;0;0;1;0;0;1;0;0;1;1;0;0;0;0;0
524515;1.52;1.04;0;1231.00;17.25;83.25;16.50;0;12.84;14.30;12.50;15.76;2.58;72755.00;0;0;39.00;4503.40;1022.44;800.77;1;1;0;1;1;0;1;0;0;1;0;0;1;1;0;0;1;0;0
526004;1.44;1.04;0;1248.00;17.25;83.25;15.75;0;12.67;14.39;128.25;124.56;2.31;72755.00;0;0;39.00;4516.20;1022.44;156.25;1;1;0;1;1;0;1;0;0;1;0;0;1;1;0;0;1;0;0
527553;1.46;1.03;0;1229.00;17.25;83.25;17.25;0;12.92;14.30;243.03;146.92;2.58;72755.00;0;0;39.00;4503.00;1022.44;624.99;1;1;0;1;0;0;1;0;0;1;0;0;1;1;0;0;0;0;0
528867;1.46;1.02;0;1244.00;17.25;83.25;16.50;0;12.79;14.30;281.78;147.41;2.58;72755.00;0;0;40.00;4510.00;1022.44;683.59;1;1;0;1;0;0;1;0;0;1;0;0;1;1;0;0;0;0;0
530304;1.38;1.02;0;1249.00;17.25;83.25;16.50;0;12.86;14.39;132.37;89.51;2.31;72755.00;0;0;40.00;4502.20;1022.44;58.59;1;1;0;1;0;0;1;0;0;1;0;0;1;1;0;0;0;0;0
531689;6.03;1.00;0;2050.00;17.25;83.25;10.50;17.26;38.75;14.11;173.35;182.66;2.58;72755.00;0;0;47.00;4457.80;1022.44;800.77;1;1;0;1;0;0;1;0;0;1;0;0;1;1;0;0;0;0;0
533076;3.76;1.00;32.00;3088.00;17.25;83.25;30.75;10.98;27.13;14.02;263.66;178.99;2.58;72755.00;32.00;33.00;47.00;4207.40;1022.44;820.30;2.00;1;0;1;0;0;1;0;0;1;0;0;1;1;0;0;0;0;0
534655;1.54;0.99;43.00;3392.00;17.25;83.25;39.00;3.14;12.55;14.02;178.07;252.60;2.58;72755.00;44.00;44.00;47.00;4496.00;1022.44;859.36;2.00;1;0;1;0;0;1;0;0;0;0;0;1;1;0;0;0;0;0
535942;0.66;1.00;40.00;3117.00;17.25;82.50;-30.00;0;0;14.02;178.89;187.16;2.58;72755.00;40.00;40.00;47.00;4568.80;1022.36;0;2.00;1;0;1;0;0;1;0;0;1;0;0;1;1;0;0;0;0;0
537492;0.78;1.00;35.00;2745.00;17.25;82.50;-30.00;0;0;14.11;330.88;316.15;2.58;72755.00;35.00;35.00;47.00;4194.40;1022.40;19.53;2.00;1;0;1;0;0;1;0;0;1;0;0;1;1;0;0;0;0;0
538839;1.40;1.00;31.00;2490.00;17.25;81.75;21.75;1.57;10.24;13.92;326.85;327.52;2.82;72755.00;32.00;31.00;47.00;4383.20;1022.44;898.43;2.00;1;0;1;0;0;1;0;0;1;0;0;1;1;0;0;0;0;0
540365;1.22;0.96;31.00;2453.00;17.25;81.00;24.75;1.57;10.07;14.02;252.35;239.09;2.58;72755.00;31.00;31.00;48.00;4526.20;1022.44;839.83;2.00;1;0;1;0;0;1;0;0;1;0;0;1;1;0;0;0;0;0
541874;1.31;1.01;18.00;1481.00;17.25;81.00;15.00;0;12.80;14.21;171.57;97.14;2.58;72755.00;19.00;18.00;41.00;4484.20;1022.44;878.90;2.00;1;0;1;0;0;1;0;0;1;0;0;1;1;0;0;0;0;0
543494;4.49;1.00;20.00;2166.00;17.25;81.00;16.50;12.16;33.19;14.11;45.86;37.34;2.58;72755.00;19.00;20.00;48.00;4399.00;1022.44;839.83;1;1;0;1;0;0;1;0;0;0;0;0;1;1;0;0;0;0;0
545122;5.58;1.00;35.00;2797.00;17.25;81.00;18.00;23.53;37.91;14.02;8.22;8.65;2.58;72755.00;35.00;35.00;48.00;4306.40;1022.44;78.12;2.00;1;0;1;0;0;1;0;0;1;0;0;1;1;0;0;0;0;0
546628;4.41;1.00;47.00;2900.00;17.25;80.25;24.00;17.65;33.43;14.02;1.11;1.05;2.58;72755.00;46.00;47.00;48.00;4485.60;1022.44;878.90;3.00;1;0;1;0;0;1;0;0;1;0;0;1;1;0;0;0;0;0
548169;2.10;0.97;48.00;3024.00;17.25;81.00;34.50;5.10;17.83;14.02;0;0;2.58;72755.00;49.00;49.00;48.00;4562.60;1022.44;898.43;3.00;1;0;1;0;0;1;0;0;1;0;0;1;1;0;0;0;0;0
549774;1.86;0.96;46.00;2813.00;17.25;81.00;31.50;3.92;15.44;13.92;1.46;1.23;2.82;72755.00;45.00;47.00;48.00;4499.00;1022.44;800.77;3.00;1;0;1;0;0;1;0;0;1;0;0;1;1;0;0;0;0;0
551182;1.61;0.93;45.00;2740.00;17.25;81.00;30.00;3.14;13.91;13.92;0.12;1.19;2.82;72755.00;45.00;45.00;48.00;4510.80;1022.44;273.43;3.00;1;0;1;0;0;1;0;0;1;0;0;1;1;0;0;0;0;0
552533;2.01;0.96;45.00;2743.00;17.25;81.00;30.00;3.92;16.67;14.02;0;0.10;2.58;72755.00;44.00;45.00;48.00;4511.80;1022.44;820.30;3.00;1;0;1;0;0;1;0;0;1;0;0;1;1;0;0;0;0;0
553852;1.38;0.91;45.00;2760.00;17.25;81.00;30.00;2.35;12.17;14.11;0.68;1.86;2.58;72755.00;45.00;45.00;48.00;4523.60;1022.44;839.83;3.00;1;0;1;0;0;1;0;0;1;0;0;1;1;0;0;0;0;0
555199;0.94;0.87;42.00;2645.00;17.25;81.00;27.75;1.18;8.68;14.02;1.54;0.27;2.58;72755.00;43.00;43.00;48.00;4505.20;1022.16;761.71;3.00;1;0;1;0;0;1;0;0;1;0;0;1;1;0;0;0;0;0
556608;0.86;1.00;38.00;2409.00;17.25;81.00;17.25;0;12.78;14.02;77.05;85.58;2.58;72755.00;39.00;39.00;42.00;4544.20;1022.32;58.59;3.00;1;0;1;0;0;1;0;0;1;0;0;1;1;0;0;0;0;0
557971;0.96;1.00;33.00;2114.00;17.25;81.00;14.25;0;12.81;14.11;114.35;154.15;2.58;72755.00;34.00;34.00;41.00;4510.20;1022.32;39.06;3.00;1;0;1;0;0;1;0;0;1;0;0;1;1;0;0;0;0;0
559340;1.76;1.00;30.00;1935.00;17.25;81.00;9.00;1.96;11.09;14.21;62.07;74.76;2.58;72755.00;31.00;30.00;48.00;4532.40;1022.36;58.59;3.00;1;0;1;0;0;1;0;0;1;0;0;0;1;0;0;0;0;0
560823;1.15;0.98;26.00;1631.00;17.25;81.00;15.75;0;12.78;14.30;111.28;112.86;2.58;72755.00;27.00;27.00;43.00;4522.00;1022.40;839.83;3.00;1;0;1;0;0;1;0;0;1;0;0;1;1;0;0;0;0;0
562691;1.19;0.99;20.00;1606.00;17.25;81.75;14.25;0;12.74;14.11;83.61;107.08;2.58;72755.00;21.00;20.00;42.00;4483.20;1022.36;859.36;2.00;1;0;1;0;0;1;0;0;1;0;0;1;1;0;0;1;0;0
564490;1.40;0.93;15.00;1274.00;17.25;81.75;15.00;0;12.69;14.30;28.90;35.97;2.58;72755.00;15.00;15.00;41.00;4513.00;1022.44;39.06;2.00;1;0;1;0;0;1;0;0;1;0;0;1;1;0;0;0;0;0
566490;1.52;0.98;10.00;1247.00;17.25;81.75;16.50;0;13.00;14.30;11.41;11.17;2.58;72755.00;10.00;10.00;41.00;4513.20;1022.40;78.12;1;1;0;1;0;0;1;0;0;1;0;0;1;1;0;0;0;0;0
569493;1.54;1.02;0;1198.00;17.25;81.75;20.25;0;13.50;14.39;4.41;11.09;2.31;72755.00;0;0;39.00;4529.00;1022.44;859.36;1;1;0;1;0;0;1;0;0;1;0;0;1;1;0;0;0;0;0
570987;1.35;1.00;0;1232.00;17.25;81.75;17.25;0;12.91;14.30;39.02;126.20;2.58;72755.00;0;0;38.00;4513.60;1022.44;566.40;1;1;0;1;0;0;1;0;0;1;0;0;1;1;0;0;0;0;0
572386;1.49;1.02;0;1271.00;17.25;82.50;15.00;0;12.48;14.30;110.42;147.94;2.58;72755.00;0;0;38.00;4521.00;1022.44;78.12;1;1;0;1;0;0;1;0;0;1;0;0;1;1;0;0;0;0;0
573904;1.40;1.01;0;1231.00;17.25;82.50;17.25;0;12.89;14.39;152.22;205.98;2.31;72755.00;0;0;38.00;4519.40;1022.44;78.12;1;1;0;1;0;0;1;0;0;1;0;0;1;1;0;0;0;0;0
575602;1.46;1.04;0;1296.00;17.25;82.50;13.50;0;12.26;14.39;216.72;186.55;2.31;72755.00;0;0;38.00;4515.60;1022.44;800.77;1;1;0;1;1;0;1;0;0;1;0;0;1;1;0;0;1;0;0
577439;1.44;1.03;0;1224.00;17.25;82.50;18.00;0;13.08;14.39;245.39;181.75;2.31;72755.00;0;0;38.00;4510.00;1022.44;214.84;1;1;0;1;0;0;1;0;0;1;0;0;1;1;0;0;0;0;0
579023;1.56;1.04;0;1212.00;17.25;83.25;15.00;0;13.06;14.30;303.55;210.96;2.58;72755.00;0;0;39.00;4528.20;1022.44;859.36;1;1;0;1;0;0;1;0;0;1;0;0;1;1;0;0;0;0;0
580577;1.39;1.02;0;1257.00;17.25;83.25;15.00;0;12.51;14.39;296.64;219.09;2.31;72755.00;0;0;39.00;4516.20;1022.44;58.59;1;1;0;1;0;0;1;0;0;1;0;0;1;1;0;0;0;0;0
582289;1.40;1.00;0;1232.00;17.25;83.25;17.25;0;12.99;14.21;210.34;163.72;2.58;72755.00;0;0;40.00;4517.00;1022.44;917.96;1;1;0;1;0;0;1;0;0;1;0;0;1;1;0;0;0;0;0
583807;5.28;1.00;12.00;2015.00;17.25;83.25;11.25;15.69;37.66;13.92;246.92;192.37;2.82;72755.00;12.00;12.00;47.00;4446.60;1022.44;859.36;1;1;0;1;0;0;1;0;0;1;0;0;1;1;0;0;0;0;0
585413;5.20;1.00;36.00;3617.00;17.25;83.25;27.75;20.39;34.63;14.02;329.14;243.66;2.58;72755.00;36.00;37.00;47.00;4237.00;1022.36;527.34;2.00;1;0;1;0;0;1;0;0;1;0;0;1;1;0;0;0;0;0
586926;6.17;1.00;55.00;3428.00;17.25;83.25;18.00;26.67;40.38;14.02;312.50;294.96;2.58;72755.00;54.00;56.00;47.00;4250.40;1022.40;839.83;3.00;1;0;1;0;0;1;0;0;1;0;0;1;1;0;0;0;0;0
588442;6.06;1.00;70.00;3621.00;17.25;83.25;17.25;27.85;40.08;14.02;127.10;290.14;2.58;72755.00;69.00;70.00;47.00;4520.60;1022.40;800.77;4.00;1;0;1;0;0;1;0;0;0;0;0;1;1;0;0;0;0;0
590016;6.18;0.99;82.00;3821.00;17.25;82.50;19.50;27.45;40.53;14.02;317.34;327.56;2.58;72755.00;80.00;82.00;47.00;4492.20;1022.24;644.52;5.00;1;0;1;0;0;1;0;0;0;0;0;1;1;0;0;0;0;0
591396;6.36;1.00;88.00;3764.00;17.25;81.75;18.75;29.02;41.81;14.11;349.04;346.81;2.58;72755.00;88.00;89.00;47.00;4540.40;1022.04;878.90;6.00;1;0;1;0;0;1;0;0;0;0;0;1;1;0;0;0;0;0
593058;4.32;1.00;93.00;3965.00;17.25;81.00;32.25;17.65;30.72;14.02;201.84;143.10;2.58;72755.00;92.00;94.00;48.00;4555.20;1022.16;839.83;6.00;1;0;1;0;0;1;0;0;0;0;0;1;1;0;0;0;0;0
594598;3.07;0.94;95.00;4050.00;17.25;81.00;37.50;12.16;25.48;13.92;23.10;12.52;2.82;72755.00;94.00;95.00;48.00;4521.00;1022.04;742.18;6.00;1;0;1;0;0;1;0;0;0;0;0;1;1;0;0;0;0;0
595944;3.00;0.94;97.00;4116.00;17.25;81.00;37.50;11.37;24.84;14.11;3.07;2.38;2.58;72756.00;97.00;98.00;48.00;4501.20;1022.08;800.77;6.00;1;0;1;0;0;1;0;0;0;0;0;1;1;0;0;0;0;0
597420;2.72;0.91;97.00;4109.00;17.25;81.00;39.00;10.59;23.60;14.11;2.25;3.12;2.58;72756.00;96.00;97.00;48.00;4516.20;1022.12;859.36;6.00;1;0;1;0;0;1;0;0;0;0;0;1;1;0;0;0;0;0
598878;3.11;0.90;97.00;4134.00;17.25;81.00;36.00;12.94;26.67;14.02;0.37;1.74;2.58;72756.00;97.00;98.00;48.00;4512.00;1022.16;859.36;6.00;1;0;1;0;0;1;0;0;0;0;0;1;1;0;0;0;0;0
600284;2.04;0.91;97.00;4159.00;17.25;81.00;44.25;7.06;17.84;14.02;1.66;1.43;2.58;72756.00;97.00;98.00;48.00;4486.20;1022.24;781.24;6.00;1;0;1;0;0;1;0;0;0;0;0;1;1;0;0;0;0;0
601844;1.65;0.90;96.00;4081.00;17.25;81.00;45.75;5.49;14.67;13.92;2.15;0.51;2.82;72756.00;95.00;96.00;48.00;4487.40;1022.28;58.59;6.00;1;0;1;0;0;1;0;0;0;0;0;1;1;0;0;0;0;0
603214;1.59;0.91;93.00;3954.00;17.25;81.00;45.00;5.10;13.95;14.02;1.19;2.56;2.58;72756.00;93.00;93.00;48.00;4501.40;1022.36;781.24;6.00;1;0;1;0;0;1;0;0;0;0;0;1;1;0;0;0;0;0
604647;1.39;0.96;92.00;3874.00;17.25;81.00;44.25;4.31;12.13;13.92;2.36;1.50;2.82;72756.00;92.00;92.00;48.00;4501.60;1022.36;839.83;6.00;1;0;1;0;0;1;0;0;0;0;0;1;1;0;0;0;0;0
605994;1.51;0.92;88.00;3784.00;17.25;81.00;43.50;4.71;13.37;13.92;0.96;1.80;2.82;72756.00;89.00;89.00;48.00;4516.20;1022.36;781.24;6.00;1;0;1;0;0;1;0;0;0;0;0;1;1;0;0;0;0;0
607442;1.01;0.91;85.00;3600.00;17.25;81.00;41.25;2.35;8.93;14.02;0.94;0;2.58;72756.00;86.00;86.00;48.00;4522.80;1022.40;820.30;6.00;1;0;1;0;0;1;0;0;0;0;0;1;1;0;0;0;0;0
608914;1.22;0.91;81.00;3430.00;17.25;81.00;39.00;3.14;10.95;14.11;3.01;0;2.58;72756.00;81.00;82.00;48.00;4503.20;1022.44;39.06;6.00;1;0;1;0;0;1;0;0;0;0;0;1;1;0;0;0;0;0
610349;1.33;0.97;78.00;3363.00;17.25;81.00;38.25;3.53;11.11;14.11;0.66;0.12;2.58;72756.00;78.00;79.00;48.00;4510.40;1022.44;175.78;6.00;1;0;1;0;0;1;0;0;0;0;0;1;1;0;0;0;0;0
611817;1.02;0.96;75.00;3184.00;17.25;81.00;36.75;1.96;8.72;14.11;0;0;2.58;72756.00;76.00;75.00;48.00;4514.60;1022.44;507.81;6.00;1;0;1;0;0;1;0;0;0;0;0;1;1;0;0;0;0;0
613146;2.49;1.01;73.00;3113.00;17.25;81.00;35.25;6.67;19.91;14.02;0.68;1.39;2.58;72756.00;74.00;74.00;48.00;4487.60;1022.44;859.36;6.00;1;0;1;0;0;1;0;0;0;0;0;1;1;0;0;0;0;0
614529;3.95;1.00;76.00;3254.00;17.25;81.00;27.75;16.08;29.63;14.11;3.95;0.51;2.58;72756.00;75.00;77.00;48.00;4524.40;1022.44;820.30;6.00;1;0;1;0;0;1;0;0;0;0;0;1;1;0;0;0;0;0
615961;3.43;0.98;81.00;3448.00;17.25;81.00;31.50;13.73;27.32;14.11;2.01;1.84;2.58;72756.00;80.00;81.00;48.00;4520.60;1022.44;839.83;6.00;1;0;1;0;0;1;0;0;0;0;0;1;1;0;0;0;0;0
617376;3.01;0.97;83.00;3525.00;17.25;81.00;34.50;10.98;24.51;14.02;0.06;0.06;2.58;72756.00;83.00;84.00;48.00;4524.00;1022.44;859.36;6.00;1;0;1;0;0;1;0;0;0;0;0;1;1;0;0;0;0;0
618780;2.26;0.90;83.00;3546.00;17.25;81.00;39.00;7.45;20.16;14.02;0;1.64;2.58;72756.00;83.00;84.00;48.00;4505.80;1022.44;273.43;6.00;1;0;1;0;0;1;0;0;0;0;0;1;1;0;0;0;0;0
620202;2.53;0.95;83.00;3531.00;17.25;81.75;38.25;7.84;21.23;14.11;11.76;37.44;2.58;72756.00;84.00;84.00;47.00;4523.80;1022.44;664.05;6.00;1;0;1;0;0;1;0;0;0;0;0;1;1;0;0;0;0;0
621618;2.87;0.95;83.00;3574.00;17.25;81.75;35.25;10.20;23.95;14.02;218.21;210.59;2.58;72756.00;84.00;84.00;47.00;4510.60;1022.44;234.37;6.00;1;0;1;0;0;1;0;0;0;0;0;1;1;0;0;0;0;0
622996;4.46;1.00;83.00;3563.00;17.25;81.75;28.50;18.04;31.05;14.11;195.89;154.72;2.58;72756.00;83.00;84.00;47.00;4394.80;1022.44;292.97;6.00;1;0;1;0;0;1;0;0;0;0;0;1;1;0;0;0;0;0
624390;4.26;1.02;87.00;3735.00;17.25;81.75;29.25;18.83;31.84;14.11;231.55;226.59;2.58;72756.00;86.00;88.00;47.00;4517.80;1022.44;468.74;6.00;1;0;1;0;0;1;0;0;0;0;0;1;1;0;0;0;0;0
625911;3.58;0.99;91.00;3841.00;17.25;81.75;33.75;15.30;27.95;14.11;310.82;322.87;2.58;72756.00;90.00;92.00;47.00;4499.60;1022.44;585.93;6.00;1;0;1;0;0;1;0;0;0;0;0;1;1;0;0;0;0;0
627415;2.78;0.92;93.00;3940.00;17.25;81.75;37.50;10.59;24.02;14.02;233.15;320.68;2.58;72756.00;92.00;93.00;47.00;4501.20;1022.44;97.66;6.00;1;0;1;0;0;1;0;0;0;0;0;1;1;0;0;0;0;0
628826;2.64;0.90;92.00;3931.00;17.25;82.50;39.00;10.20;23.03;14.11;241.20;202.98;2.58;72756.00;92.00;93.00;47.00;4506.00;1022.44;820.30;6.00;1;0;1;0;0;1;0;0;0;0;0;1;1;0;0;0;0;0
630226;2.78;0.91;92.00;3955.00;17.25;82.50;37.50;10.59;24.02;14.11;240.67;251.59;2.58;72756.00;93.00;93.00;47.00;4513.00;1022.44;703.12;6.00;1;0;1;0;0;1;0;0;0;0;0;1;1;0;0;0;0;0
631720;2.54;0.96;92.00;3901.00;17.25;82.50;40.50;8.24;20.83;14.11;340.19;327.48;2.58;72756.00;91.00;92.00;47.00;4507.40;1022.44;820.30;6.00;1;0;1;0;0;1;0;0;0;0;0;1;1;0;0;0;0;0
633086;2.48;0.96;91.00;3885.00;17.25;82.50;41.25;7.84;20.42;13.92;308.83;303.20;2.82;72756.00;91.00;92.00;47.00;4504.00;1022.44;410.15;6.00;1;0;1;0;0;1;0;0;0;0;0;1;1;0;0;0;0;0
634534;2.57;0.91;92.00;3937.00;17.25;82.50;39.75;9.02;22.10;14.11;220.28;237.19;2.58;72756.00;91.00;93.00;47.00;4501.20;1022.44;136.72;6.00;1;0;1;0;0;1;0;0;0;0;0;1;1;0;0;0;0;0
636164;3.03;0.97;91.00;3842.00;17.25;82.50;36.75;10.98;24.16;14.02;251.82;278.36;2.58;72757.00;91.00;91.00;47.00;4532.60;1022.44;585.93;6.00;1;0;1;0;0;1;0;0;0;0;0;1;1;0;0;0;0;0
637699;2.58;0.91;91.00;3860.00;17.25;82.50;39.00;9.41;22.38;14.02;295.27;336.31;2.58;72757.00;90.00;91.00;47.00;4507.80;1022.44;175.78;6.00;1;0;1;0;0;1;0;0;0;0;0;1;1;0;0;0;0;0
639011;2.16;0.90;90.00;3827.00;17.25;82.50;42.00;7.06;19.14;13.92;294.61;301.00;2.82;72757.00;89.00;90.00;47.00;4517.60;1022.44;859.36;6.00;1;0;1;0;0;1;0;0;0;0;0;1;1;0;0;0;0;0
640439;2.33;0.94;90.00;3784.00;18.00;82.50;41.25;7.45;19.81;14.02;228.91;242.15;2.58;72757.00;89.00;90.00;47.00;4505.20;1022.44;761.71;6.00;1;0;1;0;0;1;0;0;0;0;0;1;1;0;0;0;0;0
641840;2.64;0.95;88.00;3761.00;18.00;82.50;39.00;8.63;21.98;14.02;158.11;181.71;2.58;72757.00;88.00;89.00;47.00;4521.20;1022.44;234.37;6.00;1;0;1;0;0;1;0;0;0;0;0;1;1;0;0;0;0;0
643163;3.59;0.98;90.00;3803.00;18.00;82.50;33.75;14.51;27.09;14.02;338.92;330.88;2.58;72757.00;88.00;90.00;47.00;4551.80;1022.44;664.05;6.00;1;0;1;0;0;1;0;0;0;0;0;1;1;0;0;0;0;0
644582;2.78;0.98;91.00;3888.00;18.00;82.50;39.00;9.41;22.31;14.02;317.26;279.77;2.58;72757.00;91.00;92.00;47.00;4460.40;1022.44;859.36;6.00;1;0;1;0;0;1;0;0;0;0;0;1;1;0;0;0;0;0
646007;2.48;0.89;92.00;3928.00;18.00;82.50;39.75;9.02;21.94;13.92;210.65;210.75;2.82;72757.00;91.00;92.00;47.00;4506.20;1022.44;97.66;6.00;1;0;1;0;0;1;0;0;0;0;0;1;1;0;0;0;0;0
647420;0.60;0.98;87.00;3726.00;18.00;82.50;42.75;0.39;5.39;14.02;220.30;277.66;2.58;72757.00;88.00;88.00;47.00;4525.80;1022.44;878.90;6.00;1;0;1;0;0;1;0;0;0;0;0;1;1;0;0;0;0;0
648849;0.59;1.00;81.00;3407.00;18.00;82.50;-30.00;0;0;14.11;306.35;330.10;2.58;72757.00;81.00;81.00;47.00;4552.20;1022.44;0;6.00;1;0;1;0;0;1;0;0;0;0;0;1;1;0;0;0;0;0
650198;2.44;1.00;75.00;3161.00;18.00;82.50;3.00;5.49;9.59;14.11;329.67;337.09;2.58;72757.00;74.00;75.00;47.00;4218.60;1022.44;859.36;6.00;1;0;1;0;0;1;0;0;0;0;0;1;1;0;0;0;0;0
651567;2.57;0.92;73.00;3139.00;18.00;82.50;34.50;7.84;21.97;13.92;282.62;258.97;2.82;72757.00;74.00;74.00;47.00;4481.20;1022.44;39.06;6.00;1;0;1;0;0;1;0;0;0;0;0;1;1;0;0;0;0;0
653087;1.57;0.95;72.00;3111.00;18.00;82.50;35.25;3.92;13.36;14.02;220.73;236.41;2.58;72757.00;72.00;73.00;47.00;4521.40;1022.44;859.36;6.00;1;0;1;0;0;1;0;0;0;0;0;1;1;0;0;0;0;0
654477;1.18;1.00;67.00;2845.00;18.00;82.50;30.75;1.18;7.26;14.11;339.70;342.97;2.58;72757.00;68.00;67.00;47.00;4295.20;1022.44;253.90;6.00;1;0;1;0;0;1;0;0;0;0;0;1;1;0;0;0;0;0
655929;0.79;1.00;62.00;2665.00;18.00;82.50;-30.00;0;0;14.11;333.83;332.95;2.58;72757.00;62.00;63.00;47.00;4321.80;1022.44;0;6.00;1;0;1;0;0;1;0;0;0;0;0;1;1;0;0;0;0;0
657414;0.94;1.00;50.00;2115.00;18.00;82.50;14.25;0;12.73;14.21;180.73;136.16;2.58;72757.00;50.00;50.00;41.00;4447.00;1022.44;19.53;6.00;1;0;1;0;0;1;0;0;1;0;0;1;1;0;0;0;0;0
659333;0.45;1.00;37.00;2227.00;18.00;82.50;15.00;0;12.73;14.21;74.72;69.18;2.58;72757.00;37.00;37.00;44.00;4525.80;1022.44;39.06;5.00;1;0;1;0;0;1;0;0;1;0;0;1;1;0;0;0;0;0
661133;1.98;1.00;30.00;1584.00;18.00;82.50;6.00;1.57;11.92;14.30;38.45;72.20;2.58;72757.00;30.00;30.00;47.00;4530.80;1022.44;898.43;4.00;1;0;1;0;0;1;0;0;1;0;0;1;1;0;0;0;0;0
663175;2.58;0.99;32.00;1999.00;18.00;82.50;17.25;4.31;18.87;14.02;153.56;201.10;2.58;72757.00;32.00;32.00;47.00;4523.60;1022.63;78.12;3.00;1;0;1;0;0;1;0;0;1;0;0;1;1;0;0;0;0;0
664655;2.88;0.98;36.00;2285.00;18.00;82.50;21.75;6.28;22.32;14.02;101.85;126.85;2.58;72757.00;36.00;37.00;47.00;4449.20;1022.59;683.59;3.00;1;0;1;0;0;1;0;0;1;0;0;1;1;0;0;0;0;0
666064;2.39;0.96;41.00;2530.00;18.00;82.50;26.25;5.10;19.75;14.11;274.01;302.72;2.58;72757.00;41.00;41.00;47.00;4516.40;1022.75;820.30;3.00;1;0;1;0;0;1;0;0;1;0;0;1;1;0;0;0;0;0
667486;0.88;1.00;38.00;2354.00;18.00;82.50;15.75;0;12.69;14.02;283.05;273.05;2.58;72757.00;39.00;38.00;42.00;4543.80;1022.75;156.25;3.00;1;0;1;0;0;1;0;0;1;0;0;1;1;0;0;0;0;0
668940;2.66;1.00;35.00;2291.00;18.00;82.50;-2.25;4.31;11.26;14.21;85.46;99.10;2.58;72757.00;34.00;35.00;47.00;4532.00;1022.79;39.06;3.00;1;0;1;0;0;1;0;0;1;0;0;1;1;0;0;0;0;0
670361;1.69;1.00;31.00;1931.00;18.00;83.25;9.75;1.96;11.02;14.11;61.77;59.55;2.58;72757.00;31.00;31.00;47.00;4544.20;1022.98;898.43;3.00;1;0;1;0;0;1;0;0;1;0;0;1;1;0;0;0;0;0
671742;3.10;0.98;35.00;2156.00;18.00;83.25;12.00;6.67;21.41;14.11;229.05;216.53;2.58;72757.00;34.00;35.00;47.00;4485.40;1023.10;58.59;3.00;1;0;1;0;0;1;0;0;1;0;0;1;1;0;0;0;0;0
673189;3.00;0.99;40.00;2452.00;18.00;83.25;24.75;7.06;23.60;14.02;298.32;327.83;2.58;72757.00;39.00;40.00;47.00;4486.60;1023.22;273.43;3.00;1;0;1;0;0;1;0;0;1;0;0;1;1;0;0;0;0;0
674720;1.53;0.99;40.00;2552.00;18.00;83.25;26.25;2.35;11.99;14.11;242.29;243.44;2.58;72757.00;40.00;40.00;47.00;4477.00;1023.26;898.43;3.00;1;0;1;0;0;1;0;0;1;0;0;1;1;0;0;0;0;0
676087;2.55;0.92;46.00;2810.00;18.00;83.25;31.50;7.06;22.91;14.02;166.10;207.88;2.58;72757.00;45.00;46.00;47.00;4564.80;1023.29;664.05;3.00;1;0;1;0;0;1;0;0;1;0;0;1;1;0;0;0;0;0
677548;1.06;0.98;43.00;2710.00;18.00;83.25;30.00;1.18;8.86;14.11;288.01;326.97;2.58;72757.00;44.00;44.00;47.00;4513.60;1023.18;859.36;3.00;1;0;1;0;0;1;0;0;1;0;0;1;1;0;0;0;0;0
678957;0.88;1.00;41.00;2520.00;18.00;83.25;14.25;0;12.81;14.02;323.85;349.06;2.58;72757.00;42.00;41.00;47.00;4502.40;1023.33;703.12;3.00;1;0;1;0;0;1;0;0;1;0;0;1;1;0;0;0;0;0
680457;2.65;0.99;40.00;2432.00;18.00;83.25;16.50;5.49;18.82;14.11;288.77;166.10;2.58;72757.00;40.00;40.00;47.00;4503.40;1022.90;683.59;3.00;1;0;1;0;0;1;0;0;1;0;0;1;1;0;0;0;0;0
681820;1.51;0.97;40.00;2468.00;18.00;83.25;24.75;2.35;12.28;14.11;256.08;191.08;2.58;72757.00;40.00;40.00;47.00;4523.00;1023.10;878.90;3.00;1;0;1;0;0;1;0;0;1;0;0;1;1;0;0;0;0;0
683188;0.91;1.00;36.00;2249.00;18.00;83.25;14.25;0;12.55;14.11;97.24;126.05;2.58;72757.00;36.00;36.00;41.00;4554.40;1023.22;859.36;3.00;1;0;1;0;0;1;0;0;1;0;0;1;1;0;0;0;0;0
684544;0.96;1.00;33.00;2042.00;18.00;83.25;13.50;0;12.66;14.11;144.60;171.08;2.58;72757.00;33.00;33.00;40.00;4508.40;1023.37;390.62;3.00;1;0;1;0;0;1;0;0;1;0;0;1;1;0;0;0;0;0
686033;2.18;1.02;33.00;2115.00;18.00;82.50;19.50;3.14;16.14;14.21;223.62;199.11;2.58;72757.00;34.00;34.00;47.00;4510.00;1023.41;878.90;3.00;1;0;1;0;0;1;0;0;1;0;0;1;1;0;0;0;0;0
687444;1.22;1.00;32.00;1904.00;18.00;82.50;15.00;0.39;10.71;14.21;113.10;116.14;2.58;72757.00;32.00;31.00;47.00;4523.60;1023.53;273.43;3.00;1;0;1;0;0;1;0;0;1;0;0;1;1;0;0;0;0;0
688854;3.30;1.01;33.00;2084.00;18.00;82.50;18.75;6.28;23.28;14.11;216.35;253.27;2.58;72757.00;34.00;34.00;47.00;4462.20;1023.61;878.90;3.00;1;0;1;0;0;1;0;0;1;0;0;1;1;0;0;0;0;0
690286;2.34;1.00;41.00;2493.00;18.00;82.50;25.50;5.49;20.06;14.02;238.77;335.90;2.58;72757.00;40.00;41.00;47.00;4528.20;1023.37;839.83;3.00;1;0;1;0;0;1;0;0;1;0;0;1;1;0;0;0;0;0
691698;2.14;0.96;43.00;2679.00;18.00;82.50;28.50;4.31;17.64;13.92;260.39;323.67;2.82;72757.00;44.00;44.00;47.00;4554.80;1023.45;859.36;3.00;1;0;1;0;0;1;0;0;1;0;0;1;1;0;0;0;0;0
692976;0.85;1.00;40.00;2429.00;18.00;82.50;15.00;0;12.73;14.11;244.24;279.61;2.58;72757.00;40.00;40.00;41.00;4514.60;1023.37;624.99;3.00;1;0;1;0;0;1;0;0;1;0;0;1;1;0;0;0;0;0
694410;2.72;1.00;36.00;2412.00;18.00;82.50;-2.25;5.10;11.46;14.02;187.84;175.69;2.58;72757.00;36.00;36.00;47.00;4516.60;1023.33;253.90;3.00;1;0;1;0;0;1;0;0;1;0;0;1;1;0;0;0;0;0
695874;0.94;1.00;35.00;2141.00;18.00;82.50;14.25;0;12.73;14.11;268.87;228.52;2.58;72757.00;35.00;35.00;41.00;4514.60;1023.33;585.93;3.00;1;0;1;0;0;1;0;0;1;0;0;1;1;0;0;0;0;0
697256;0.97;1.00;31.00;1929.00;18.00;82.50;14.25;0;12.79;14.11;242.88;213.46;2.58;72757.00;32.00;32.00;41.00;4502.60;1023.53;761.71;3.00;1;0;1;0;0;1;0;0;1;0;0;1;1;0;0;0;0;0
698717;2.26;1.02;31.00;1886.00;18.00;82.50;15.75;2.75;15.92;14.21;219.24;188.97;2.58;72757.00;31.00;31.00;47.00;4513.40;1023.53;800.77;3.00;1;0;1;0;0;1;0;0;1;0;0;1;1;0;0;0;0;0
700095;1.50;0.99;30.00;1887.00;18.00;82.50;15.75;1.18;11.35;14.11;175.61;224.54;2.58;72757.00;30.00;30.00;47.00;4525.60;1023.61;78.12;3.00;1;0;1;0;0;1;0;0;1;0;0;1;1;0;0;0;0;0
701513;1.81;1.02;31.00;1915.00;18.00;82.50;16.50;1.96;13.27;14.11;246.37;293.01;2.58;72757.00;31.00;31.00;47.00;4517.80;1023.61;78.12;3.00;1;0;1;0;0;1;0;0;1;0;0;1;1;0;0;0;0;0
702908;1.23;0.99;28.00;1779.00;18.00;82.50;14.25;0.39;9.86;14.30;253.73;288.13;2.58;72757.00;29.00;29.00;47.00;4516.40;1023.57;781.24;3.00;1;0;1;0;0;1;0;0;1;0;0;1;1;0;0;0;0;0
704424;3.53;0.98;35.00;2165.00;18.75;82.50;19.50;8.24;27.71;14.11;175.73;233.85;2.58;72757.00;35.00;36.00;47.00;4464.00;1023.61;644.52;3.00;1;0;1;0;0;1;0;0;1;0;0;1;1;0;0;0;0;0
705813;1.21;1.00;36.00;2130.00;18.00;82.50;19.50;0.78;9.40;14.11;214.44;260.08;2.58;72758.00;36.00;36.00;47.00;4521.40;1023.53;859.36;3.00;1;0;1;0;0;1;0;0;1;0;0;1;1;0;0;0;0;0
707146;0.98;1.00;31.00;1951.00;18.00;82.50;14.25;0;12.66;14.11;106.24;125.97;2.58;72758.00;32.00;32.00;40.00;4525.20;1023.61;58.59;3.00;1;0;1;0;0;1;0;0;1;0;0;1;1;0;0;0;0;0
708727;1.06;1.00;22.00;1775.00;18.00;82.50;15.00;0;12.64;14.30;66.81;65.45;2.58;72758.00;23.00;23.00;41.00;4506.60;1023.61;859.36;2.00;1;0;1;0;0;1;0;0;1;0;0;1;1;0;0;0;0;0
710327;2.44;0.99;17.00;1775.00;18.00;82.50;8.25;3.14;15.38;14.11;57.81;34.92;2.58;72758.00;17.00;17.00;47.00;4530.00;1023.61;58.59;2.00;1;0;1;0;0;1;0;0;1;0;0;1;1;0;0;0;0;0
711889;1.22;1.01;20.00;1569.00;18.00;82.50;15.00;0;12.67;14.21;120.89;129.09;2.58;72758.00;20.00;20.00;39.00;4492.80;1023.65;878.90;2.00;1;0;1;0;0;1;0;0;1;0;0;1;1;0;0;0;0;0
713439;1.69;1.00;18.00;1484.00;18.75;82.50;11.25;1.18;12.17;14.30;83.24;95.23;2.58;72758.00;18.00;19.00;47.00;4514.20;1023.69;19.53;2.00;1;0;1;0;0;1;0;0;1;0;0;1;1;0;0;0;0;0
714851;1.39;1.02;17.00;1375.00;18.75;82.50;15.00;0;12.64;14.21;120.19;82.48;2.58;72758.00;18.00;18.00;41.00;4507.40;1023.57;859.36;2.00;1;0;1;0;0;1;0;0;1;0;0;1;1;0;0;0;0;0
716329;1.18;1.00;15.00;1603.00;18.75;82.50;14.25;0;12.77;14.30;68.12;42.44;2.58;72758.00;15.00;15.00;42.00;4506.40;1023.65;859.36;0;1;0;1;0;0;1;0;0;1;0;0;1;1;0;0;0;0;0
717833;1.27;0.95;8.00;1352.00;18.75;82.50;15.00;0;12.61;14.21;43.88;34.41;2.58;72758.00;9.00;9.00;42.00;4516.00;1023.53;19.53;1;1;0;1;0;0;1;0;0;1;0;0;1;1;0;0;0;0;0
719615;1.34;1.00;0;1311.00;18.75;83.25;12.00;0;12.07;14.30;95.35;141.81;2.58;72758.00;0;0;40.00;4524.00;1023.61;39.06;1;1;0;1;0;0;1;0;0;1;0;0;1;1;0;0;0;0;0
721205;1.41;1.05;0;1280.00;18.75;83.25;13.50;0;12.23;14.49;45.80;67.57;2.31;72758.00;0;0;40.00;4507.40;1023.65;58.59;1;1;0;1;0;0;1;0;0;1;0;0;1;1;0;0;0;0;0
722662;1.43;1.09;0;1285.00;18.75;83.25;13.50;0;12.22;14.21;27.87;33.14;2.58;72758.00;0;0;41.00;4513.20;1023.69;839.83;1;1;0;1;0;0;1;0;0;1;0;0;1;1;0;0;0;0;0
724241;1.47;1.06;0;1259.00;18.75;83.25;14.25;0;12.37;14.30;11.91;17.56;2.58;72758.00;0;0;39.00;4523.80;1023.69;644.52;1;1;0;1;0;0;1;0;0;1;0;0;1;1;0;0;0;0;0
725596;1.36;1.02;0;1289.00;18.75;83.25;12.75;0;12.02;14.39;65.33;64.82;2.31;72758.00;0;0;39.00;4510.60;1023.53;39.06;1;1;0;1;0;0;1;0;0;1;0;0;1;1;0;0;0;0;0
727146;1.46;1.05;0;1250.00;18.75;83.25;15.00;0;12.47;14.21;34.10;43.40;2.58;72758.00;0;0;40.00;4515.60;1023.57;839.83;1;1;0;1;0;0;1;0;0;1;0;0;1;1;0;0;0;0;0
728871;1.35;1.02;0;1250.00;18.75;84.00;15.75;0;12.52;14.30;26.44;30.76;2.58;72758.00;0;0;40.00;4525.60;1023.65;39.06;1;1;0;1;0;0;1;0;0;1;0;0;1;1;0;0;0;0;0
730443;1.38;1.06;0;1277.00;18.75;84.00;12.75;0;11.93;14.30;173.84;153.31;2.58;72758.00;0;0;38.00;4509.20;1023.57;839.83;1;1;0;1;0;0;1;0;0;1;0;0;1;1;0;0;0;0;0
732105;1.46;1.04;0;1220.00;18.75;84.00;18.00;0;12.82;14.30;227.66;220.85;2.58;72758.00;0;0;39.00;4508.60;1023.65;722.65;1;1;0;1;0;0;1;0;0;1;0;0;1;1;0;0;0;0;0
733562;1.44;1.05;0;1216.00;18.75;84.00;18.00;0;12.86;14.39;235.32;238.64;2.31;72758.00;0;0;39.00;4506.60;1023.69;917.96;1;1;0;1;0;0;1;0;0;1;0;0;1;1;0;0;0;0;0
735156;5.74;1.00;21.00;2368.00;18.75;84.00;12.00;24.71;40.61;14.11;263.09;262.52;2.58;72758.00;20.00;21.00;46.00;4460.40;1023.61;78.12;1;1;0;1;0;0;1;0;0;0;0;0;1;1;0;0;0;0;0
736658;7.44;1.00;43.00;3469.00;18.75;84.00;12.75;37.26;45.63;14.02;341.66;346.29;2.58;72758.00;43.00;44.00;46.00;4330.20;1023.49;898.43;2.00;1;0;1;0;0;1;0;0;1;0;0;1;1;0;0;0;0;0
738149;8.33;1.00;63.00;3865.00;18.00;83.25;12.00;48.63;50.45;14.02;256.23;350.50;2.58;72758.00;62.00;63.00;47.00;4531.00;1023.45;917.96;3.00;1;0;1;0;0;1;0;0;0;0;0;1;1;0;0;0;0;0
739740;8.03;1.00;80.00;4137.00;18.00;82.50;17.25;65.50;54.28;13.92;188.50;286.93;2.82;72758.00;77.00;80.00;47.00;4598.20;1023.22;351.56;4.00;1;0;1;0;0;1;0;0;0;0;0;1;1;0;0;0;0;0
741277;7.77;1.00;91.00;4204.00;18.00;81.75;14.25;52.55;51.84;14.02;262.37;215.06;2.58;72758.00;87.00;91.00;47.00;4578.20;1022.79;917.96;5.00;1;0;1;0;0;1;0;0;0;0;0;1;1;0;0;0;0;0
742786;5.42;1.00;96.00;4066.00;18.00;81.00;21.75;27.06;41.70;14.02;258.79;193.19;2.58;72758.00;94.00;96.00;48.00;4554.40;1022.59;859.36;6.00;1;0;1;0;0;1;0;0;0;0;0;1;1;0;0;0;0;0
744171;2.42;0.93;96.00;4061.00;18.00;81.00;42.00;8.24;20.26;14.02;25.84;18.48;2.58;72758.00;95.00;96.00;48.00;4445.60;1022.51;722.65;6.00;1;0;1;0;0;1;0;0;0;0;0;1;1;0;0;0;0;0
745619;1.48;1.00;92.00;3934.00;18.00;81.00;45.00;4.31;11.99;14.02;1.70;3.12;2.58;72758.00;92.00;93.00;48.00;4476.40;1022.47;898.43;6.00;1;0;1;0;0;1;0;0;0;0;0;1;1;0;0;0;0;0
747024;0.97;0.94;88.00;3649.00;18.00;81.00;42.00;2.35;8.31;13.92;1.78;0.16;2.82;72758.00;88.00;89.00;48.00;4529.20;1022.47;898.43;6.00;1;0;1;0;0;1;0;0;0;0;0;1;1;0;0;0;0;0
748537;0.61;1.00;80.00;3390.00;18.00;81.00;-30.00;0;0;13.92;2.09;4.08;2.82;72758.00;81.00;80.00;48.00;4532.20;1022.47;0;6.00;1;0;1;0;0;1;0;0;0;0;0;1;1;0;0;0;0;0
750054;0.66;1.00;73.00;3100.00;18.00;81.00;-30.00;0;0;14.02;1.05;0.68;2.58;72758.00;73.00;73.00;48.00;4599.40;1022.47;0;6.00;1;0;1;0;0;1;0;0;0;0;0;1;1;0;0;0;0;0
751458;0.74;1.00;66.00;2787.00;18.00;81.00;-30.00;0;0;14.21;1.60;2.73;2.58;72758.00;67.00;66.00;48.00;4614.00;1022.47;0;6.00;1;0;1;0;0;1;0;0;0;0;0;1;1;0;0;0;0;0
753165;0.88;1.00;53.00;2274.00;18.00;81.00;15.75;0;12.91;14.02;0.06;0.66;2.58;72758.00;54.00;53.00;44.00;4376.20;1022.47;898.43;5.00;1;0;1;0;0;1;0;0;1;0;0;1;1;0;0;0;0;0
755590;0.90;1.00;42.00;3216.00;18.75;81.00;37.50;0.78;7.20;14.02;1.11;1.11;2.58;72758.00;42.00;43.00;48.00;4279.20;1022.47;0;2.00;1;0;1;0;0;1;0;0;1;0;0;1;1;0;0;0;0;0
757144;1.86;0.99;38.00;3053.00;18.75;81.00;27.00;3.92;13.78;14.02;0.41;0.35;2.58;72758.00;39.00;39.00;48.00;4423.40;1022.79;917.96;2.00;1;0;1;0;0;1;0;0;1;0;0;1;1;0;0;0;0;0
758744;3.46;0.99;46.00;3575.00;18.75;81.00;33.00;12.55;27.57;14.02;3.73;0.14;2.58;72758.00;46.00;46.00;48.00;4523.80;1022.90;878.90;2.00;1;0;1;0;0;1;0;0;1;0;0;1;1;0;0;0;0;0
760334;6.06;1.01;62.00;4838.00;18.75;81.00;24.00;34.91;41.52;14.02;0.66;0.61;2.58;72758.00;60.00;62.00;48.00;4442.40;1022.98;917.96;2.00;1;0;1;0;0;1;0;0;1;0;0;1;1;0;0;0;0;0
761746;6.67;1.01;72.00;4464.00;18.00;81.00;21.75;32.94;42.91;14.02;0.43;0;2.58;72758.00;71.00;73.00;48.00;4544.60;1022.87;898.43;3.00;1;0;1;0;0;1;0;0;0;0;0;1;1;0;0;0;0;0
763176;2.96;1.00;78.00;4036.00;18.00;81.00;38.25;10.98;24.26;14.02;0;1.80;2.58;72758.00;78.00;79.00;48.00;4503.20;1022.67;878.90;4.00;1;0;1;0;0;1;0;0;0;0;0;1;1;0;0;0;0;0
764589;0.92;1.00;77.00;3568.00;18.00;81.00;40.50;1.57;7.85;14.02;0.12;0;2.58;72758.00;77.00;78.00;48.00;4337.60;1022.55;878.90;5.00;1;0;1;0;0;1;0;0;0;0;0;1;1;0;0;0;0;0
766105;0.62;1.00;70.00;3218.00;18.00;81.00;-30.00;0;0;14.11;2.27;3.53;2.58;72758.00;70.00;70.00;48.00;4499.40;1022.51;0;5.00;1;0;1;0;0;1;0;0;0;0;0;1;1;0;0;0;0;0
767550;0.70;1.00;63.00;2906.00;18.00;81.00;-30.00;0;0;14.02;2.95;0.39;2.58;72758.00;64.00;63.00;48.00;4556.60;1022.47;0;5.00;1;0;1;0;0;1;0;0;0;0;0;1;1;0;0;0;0;0
768988;1.14;1.00;55.00;2564.00;18.00;81.00;1.50;0;9.14;13.92;0.39;0.70;2.82;72758.00;56.00;55.00;48.00;4230.40;1022.55;19.53;5.00;1;0;1;0;0;1;0;0;1;0;0;1;1;0;0;0;0;0
770457;1.36;1.00;50.00;2259.00;18.00;81.00;19.50;1.18;9.22;13.92;172.84;174.91;2.82;72758.00;50.00;50.00;48.00;4483.20;1022.51;859.36;5.00;1;0;1;0;0;1;0;0;1;0;0;1;1;0;0;0;0;0
772116;0.90;1.00;46.00;2139.00;18.00;81.75;15.00;0;12.76;14.11;80.23;152.49;2.58;72758.00;46.00;46.00;41.00;4516.20;1022.47;19.53;5.00;1;0;1;0;0;1;0;0;1;0;0;1;1;0;0;0;0;0
773431;5.98;1.00;50.00;2555.00;18.00;81.75;15.75;24.71;38.31;14.11;164.31;183.80;2.58;72758.00;48.00;50.00;47.00;4469.40;1022.47;58.59;4.00;1;0;1;0;0;1;0;0;1;0;0;1;1;0;0;0;0;0
774988;5.10;1.06;60.00;3164.00;18.75;81.75;21.00;22.75;37.15;14.11;185.05;168.00;2.58;72758.00;59.00;61.00;47.00;4535.00;1022.55;820.30;4.00;1;0;1;0;0;1;0;0;0;0;0;1;1;0;0;0;0;0
776411;4.32;1.00;66.00;3463.00;18.75;81.75;31.50;14.51;27.55;14.02;290.61;266.17;2.58;72758.00;65.00;66.00;47.00;4608.60;1022.51;898.43;4.00;1;0;1;0;0;1;0;0;0;0;0;1;1;0;0;0;0;0
777925;0.79;0.99;65.00;2985.00;18.75;81.75;33.75;0.78;6.61;14.11;332.62;296.29;2.58;72758.00;65.00;65.00;47.00;4439.60;1022.47;878.90;5.00;1;0;1;0;0;1;0;0;0;0;0;1;1;0;0;0;0;0
779359;1.06;1.00;62.00;2911.00;18.75;81.75;33.00;1.96;8.89;14.02;309.18;325.14;2.58;72758.00;62.00;62.00;47.00;4513.60;1022.47;859.36;5.00;1;0;1;0;0;1;0;0;0;0;0;1;1;0;0;0;0;0
780813;1.73;0.96;61.00;2835.00;18.75;81.75;31.50;3.92;14.61;14.11;283.03;295.04;2.58;72758.00;61.00;61.00;47.00;4525.80;1022.51;351.56;5.00;1;0;1;0;0;1;0;0;0;0;0;1;1;0;0;0;0;0
782173;2.40;0.95;62.00;2879.00;18.75;82.50;32.25;6.67;20.24;14.02;302.79;327.05;2.58;72758.00;62.00;63.00;47.00;4525.00;1022.55;703.12;5.00;1;0;1;0;0;1;0;0;0;0;0;1;1;0;0;0;0;0
783597;1.57;0.94;63.00;2894.00;18.75;82.50;33.00;3.92;13.05;14.11;310.31;354.12;2.58;72758.00;64.00;63.00;47.00;4485.40;1022.51;898.43;5.00;1;0;1;0;0;1;0;0;0;0;0;1;1;0;0;0;0;0
785002;3.48;1.00;66.00;3080.00;18.75;82.50;29.25;13.33;27.28;14.11;271.25;277.68;2.58;72758.00;66.00;66.00;47.00;4515.80;1022.47;292.97;5.00;1;0;1;0;0;1;0;0;0;0;0;1;1;0;0;0;0;0
786301;4.03;1.00;72.00;3349.00;18.75;82.50;27.00;17.65;31.05;14.11;198.62;184.15;2.58;72758.00;71.00;73.00;47.00;4526.60;1022.47;781.24;5.00;1;0;1;0;0;1;0;0;0;0;0;1;1;0;0;0;0;0
787750;3.42;0.97;78.00;3621.00;18.75;82.50;32.25;14.90;27.53;14.02;230.24;173.33;2.58;72759.00;78.00;79.00;47.00;4511.40;1022.47;878.90;5.00;1;0;1;0;0;1;0;0;0;0;0;1;1;0;0;0;0;0
789218;2.17;0.98;78.00;3599.00;18.75;82.50;41.25;5.88;16.62;14.11;349.37;322.52;2.58;72759.00;78.00;78.00;47.00;4464.20;1022.47;820.30;5.00;1;0;1;0;0;1;0;0;0;0;0;1;1;0;0;0;0;0
790666;2.57;1.00;80.00;3409.00;18.75;83.25;37.50;7.45;20.27;14.02;313.46;343.10;2.58;72759.00;79.00;81.00;47.00;4308.20;1022.47;898.43;6.00;1;0;1;0;0;1;0;0;0;0;0;1;1;0;0;0;0;0
792133;0.95;1.00;77.00;3295.00;18.75;83.25;38.25;1.18;7.00;14.11;300.12;229.46;2.58;72759.00;77.00;77.00;47.00;4245.60;1022.47;898.43;6.00;1;0;1;0;0;1;0;0;0;0;0;1;1;0;0;0;0;0
793603;1.47;1.00;71.00;3023.00;18.75;83.25;34.50;0.39;9.00;14.11;332.15;311.86;2.58;72759.00;71.00;72.00;47.00;4225.20;1022.47;253.90;6.00;1;0;1;0;0;1;0;0;0;0;0;1;1;0;0;0;0;0
795003;1.87;0.98;68.00;2942.00;18.75;83.25;33.75;4.31;14.87;14.02;347.87;321.00;2.58;72759.00;69.00;69.00;47.00;4451.00;1022.47;781.24;6.00;1;0;1;0;0;1;0;0;0;0;0;1;1;0;0;0;0;0
796414;1.54;0.98;68.00;2895.00;18.75;83.25;32.25;3.53;13.05;14.02;315.78;313.36;2.58;72759.00;68.00;68.00;47.00;4533.40;1022.47;117.19;6.00;1;0;1;0;0;1;0;0;0;0;0;1;1;0;0;0;0;0
797863;2.89;0.99;67.00;2891.00;18.75;82.50;31.50;8.24;22.65;14.11;295.41;278.07;2.58;72759.00;68.00;68.00;47.00;4502.20;1022.47;839.83;6.00;1;0;1;0;0;1;0;0;0;0;0;1;1;0;0;0;0;0
799290;1.95;0.94;68.00;2942.00;18.75;82.50;33.00;5.10;16.92;14.11;246.35;283.75;2.58;72759.00;69.00;69.00;47.00;4498.40;1022.47;839.83;6.00;1;0;1;0;0;1;0;0;0;0;0;1;1;0;0;0;0;0
800738;2.70;0.96;71.00;3006.00;18.75;82.50;31.50;9.02;23.85;14.02;348.38;345.41;2.58;72759.00;71.00;71.00;47.00;4541.00;1022.47;820.30;6.00;1;0;1;0;0;1;0;0;0;0;0;1;1;0;0;0;0;0
802154;2.94;0.99;71.00;3009.00;18.75;82.50;32.25;9.02;23.36;14.11;362.77;362.30;2.58;72759.00;71.00;71.00;47.00;4519.20;1022.47;820.30;6.00;1;0;1;0;0;1;0;0;0;0;0;1;1;0;0;0;0;0
803553;2.14;0.94;72.00;3099.00;18.75;82.50;35.25;6.28;18.61;14.02;233.13;248.44;2.58;72759.00;72.00;73.00;47.00;4509.20;1022.47;761.71;6.00;1;0;1;0;0;1;0;0;0;0;0;1;1;0;0;0;0;0
804955;1.73;0.92;73.00;3143.00;18.75;82.50;36.00;4.71;15.35;14.11;223.87;216.24;2.58;72759.00;73.00;74.00;47.00;4532.40;1022.47;800.77;6.00;1;0;1;0;0;1;0;0;0;0;0;1;1;0;0;0;0;0
806269;2.15;0.91;75.00;3192.00;18.75;82.50;36.00;6.28;19.04;14.02;340.47;315.35;2.58;72759.00;75.00;75.00;47.00;4512.00;1022.47;234.37;6.00;1;0;1;0;0;1;0;0;0;0;0;1;1;0;0;0;0;0
807730;2.88;0.93;77.00;3317.00;18.75;82.50;33.00;10.59;24.73;14.11;327.93;330.80;2.58;72759.00;77.00;78.00;47.00;4516.80;1022.47;800.77;6.00;1;0;1;0;0;1;0;0;0;0;0;1;1;0;0;0;0;0
809253;2.34;0.92;80.00;3398.00;18.75;82.50;36.75;7.45;20.52;14.11;342.58;336.60;2.58;72759.00;79.00;80.00;47.00;4517.00;1022.47;800.77;6.00;1;0;1;0;0;1;0;0;0;0;0;1;1;0;0;0;0;0
810700;3.59;0.99;83.00;3525.00;18.75;82.50;30.75;14.90;28.06;14.11;342.56;189.79;2.58;72759.00;82.00;83.00;47.00;4525.40;1022.47;859.36;6.00;1;0;1;0;0;1;0;0;0;0;0;1;1;0;0;0;0;0
812176;3.28;0.92;85.00;3621.00;18.75;82.50;33.00;13.33;26.44;14.02;332.11;334.72;2.58;72759.00;84.00;85.00;47.00;4528.20;1022.47;39.06;6.00;1;0;1;0;0;1;0;0;0;0;0;1;1;0;0;0;0;0
813533;3.22;0.97;88.00;3761.00;18.75;82.50;35.25;12.94;25.98;14.11;320.74;288.71;2.58;72759.00;87.00;88.00;47.00;4516.40;1022.47;195.31;6.00;1;0;1;0;0;1;0;0;0;0;0;1;1;0;0;0;0;0
815017;2.97;0.94;90.00;3829.00;18.75;82.50;36.00;11.37;24.81;13.92;260.26;258.03;2.82;72759.00;89.00;90.00;47.00;4507.80;1022.47;878.90;6.00;1;0;1;0;0;1;0;0;0;0;0;1;1;0;0;0;0;0
816403;3.26;0.97;91.00;3885.00;18.75;82.50;36.00;12.55;25.71;14.02;244.50;182.25;2.58;72759.00;91.00;92.00;47.00;4550.60;1022.47;859.36;6.00;1;0;1;0;0;1;0;0;0;0;0;1;1;0;0;0;0;0
817866;2.86;1.00;90.00;3799.00;18.75;82.50;39.00;9.02;21.75;14.11;329.61;330.06;2.58;72759.00;88.00;90.00;47.00;4534.40;1022.47;839.83;6.00;1;0;1;0;0;1;0;0;0;0;0;1;1;0;0;0;0;0
819205;3.47;0.96;91.00;3858.00;18.75;82.50;33.75;15.69;28.08;14.02;322.15;311.46;2.58;72759.00;91.00;92.00;47.00;4560.80;1022.47;214.84;6.00;1;0;1;0;0;1;0;0;0;0;0;1;1;0;0;0;0;0
820738;3.35;0.96;93.00;3987.00;18.75;82.50;35.25;13.73;26.77;13.92;195.42;301.54;2.82;72759.00;94.00;94.00;47.00;4532.80;1022.47;839.83;6.00;1;0;1;0;0;1;0;0;0;0;0;1;1;0;0;0;0;0
822244;3.89;0.99;97.00;4123.00;18.75;82.50;33.00;16.86;30.32;14.11;217.74;209.13;2.58;72759.00;97.00;97.00;47.00;4514.00;1022.47;859.36;6.00;1;0;1;0;0;1;0;0;0;0;0;1;1;0;0;0;0;0
823706;2.97;0.99;97.00;4134.00;18.75;81.75;39.00;10.59;23.36;14.02;324.26;343.49;2.58;72759.00;98.00;98.00;47.00;4496.40;1022.47;761.71;6.00;1;0;1;0;0;1;0;0;0;0;0;1;1;0;0;0;0;0
825104;2.16;0.93;97.00;4156.00;18.75;81.75;43.50;7.45;18.29;14.02;315.10;286.27;2.58;72759.00;97.00;98.00;47.00;4478.40;1022.47;800.77;6.00;1;0;1;0;0;1;0;0;0;0;0;1;1;0;0;0;0;0
826658;1.46;0.97;97.00;4134.00;18.75;81.75;45.75;4.71;12.28;14.02;239.24;212.86;2.58;72759.00;97.00;98.00;47.00;4429.80;1022.47;878.90;6.00;1;0;1;0;0;1;0;0;0;0;0;1;1;0;0;0;0;0
828248;2.88;0.95;96.00;4051.00;18.75;81.75;39.00;10.59;23.63;14.02;195.42;224.24;2.58;72759.00;95.00;96.00;47.00;4560.40;1022.47;175.78;6.00;1;0;1;0;0;1;0;0;0;0;0;1;1;0;0;0;0;0
829742;3.47;1.00;96.00;4089.00;18.75;81.75;37.50;12.55;25.63;14.11;319.59;274.34;2.58;72759.00;96.00;96.00;47.00;4544.40;1022.44;781.24;6.00;1;0;1;0;0;1;0;0;0;0;0;1;1;0;0;0;0;0
831192;2.60;0.92;96.00;4076.00;18.75;81.75;40.50;9.41;22.25;14.02;310.43;241.57;2.58;72760.00;95.00;97.00;47.00;4484.60;1022.44;820.30;6.00;1;0;1;0;0;1;0;0;0;0;0;1;1;0;0;0;0;0
832753;2.49;0.97;95.00;4044.00;18.75;81.75;42.00;8.24;20.60;13.92;186.45;268.15;2.82;72760.00;95.00;95.00;47.00;4515.80;1022.36;820.30;6.00;1;0;1;0;0;1;0;0;0;0;0;1;1;0;0;0;0;0
834220;2.34;0.92;93.00;4000.00;18.75;81.75;41.25;8.24;20.17;14.11;133.82;229.24;2.58;72760.00;93.00;94.00;47.00;4498.60;1022.36;683.59;6.00;1;0;1;0;0;1;0;0;0;0;0;1;1;0;0;0;0;0
835685;2.74;0.93;93.00;3971.00;18.75;81.75;39.00;10.20;22.99;13.92;326.48;271.58;2.82;72760.00;94.00;94.00;47.00;4491.80;1022.40;859.36;6.00;1;0;1;0;0;1;0;0;0;0;0;1;1;0;0;0;0;0
837214;3.01;0.93;93.00;3999.00;18.75;81.75;36.75;12.16;25.12;14.11;362.69;298.26;2.58;72760.00;93.00;94.00;47.00;4538.80;1022.20;624.99;6.00;1;0;1;0;0;1;0;0;0;0;0;1;1;0;0;0;0;0
838572;2.78;0.95;93.00;3983.00;18.75;81.75;39.00;10.20;23.11;14.02;35.88;359.82;2.58;72760.00;93.00;94.00;47.00;4500.80;1021.85;820.30;6.00;1;0;1;0;0;1;0;0;0;0;0;1;1;0;0;0;0;0
840069;3.07;0.95;93.00;3980.00;18.75;81.75;36.75;12.16;25.25;14.02;327.09;239.48;2.58;72760.00;93.00;94.00;47.00;4520.00;1021.89;214.84;6.00;1;0;1;0;0;1;0;0;0;0;0;1;1;0;0;0;0;0
841502;2.66;0.93;93.00;3956.00;18.75;81.75;39.75;9.81;22.77;14.02;361.93;354.29;2.58;72760.00;94.00;94.00;47.00;4494.40;1022.01;97.66;6.00;1;0;1;0;0;1;0;0;0;0;0;1;1;0;0;0;0;0
842901;2.90;0.93;93.00;3985.00;18.75;81.75;37.50;11.37;24.29;13.92;266.06;364.37;2.82;72760.00;93.00;94.00;47.00;4540.60;1022.04;839.83;6.00;1;0;1;0;0;1;0;0;0;0;0;1;1;0;0;0;0;0
844377;2.46;0.94;93.00;3967.00;18.75;81.75;40.50;8.63;20.89;14.02;279.20;176.43;2.58;72760.00;93.00;94.00;47.00;4484.00;1022.04;839.83;6.00;1;0;1;0;0;1;0;0;0;0;0;1;1;0;0;0;0;0
845879;2.56;0.95;93.00;3957.00;18.75;81.75;39.75;9.41;21.88;14.11;182.43;305.96;2.58;72760.00;93.00;94.00;47.00;4481.00;1022.01;273.43;6.00;1;0;1;0;0;1;0;0;0;0;0;1;1;0;0;0;0;0
847206;2.98;0.95;93.00;3977.00;18.75;81.75;37.50;10.98;24.28;14.11;325.94;332.58;2.58;72760.00;92.00;93.00;47.00;4530.60;1022.04;97.66;6.00;1;0;1;0;0;1;0;0;0;0;0;1;1;0;0;0;0;0
848640;2.69;0.96;92.00;3957.00;18.75;81.75;39.75;9.41;22.02;14.11;276.10;297.40;2.58;72760.00;93.00;93.00;47.00;4517.40;1022.01;175.78;6.00;1;0;1;0;0;1;0;0;0;0;0;1;1;0;0;0;0;0
850135;3.22;0.96;92.00;3955.00;18.75;81.75;36.00;13.33;26.10;14.11;238.89;209.87;2.58;72760.00;91.00;93.00;47.00;4541.00;1022.12;820.30;6.00;1;0;1;0;0;1;0;0;0;0;0;1;1;0;0;0;0;0
851588;2.86;0.92;93.00;3977.00;18.75;81.75;37.50;10.98;24.18;14.11;270.59;215.32;2.58;72760.00;93.00;94.00;47.00;4492.60;1021.97;683.59;6.00;1;0;1;0;0;1;0;0;0;0;0;1;1;0;0;0;0;0
853146;2.49;0.90;92.00;3926.00;18.75;81.75;40.50;9.02;21.55;14.11;324.10;298.48;2.58;72760.00;92.00;93.00;47.00;4528.20;1022.16;78.12;6.00;1;0;1;0;0;1;0;0;0;0;0;1;1;0;0;0;0;0
854568;2.43;0.88;92.00;3898.00;18.75;81.75;39.75;9.02;21.85;14.02;259.85;270.84;2.58;72760.00;92.00;92.00;47.00;4519.60;1021.97;800.77;6.00;1;0;1;0;0;1;0;0;0;0;0;1;1;0;0;0;0;0
856037;3.49;1.01;93.00;3979.00;18.75;81.75;35.25;14.12;26.87;14.02;174.81;247.70;2.58;72760.00;93.00;94.00;47.00;4507.40;1021.85;820.30;6.00;1;0;1;0;0;1;0;0;0;0;0;1;1;0;0;0;0;0
857387;4.11;0.97;97.00;4118.00;18.75;81.75;31.50;18.83;32.24;14.11;137.35;315.68;2.58;72760.00;95.00;97.00;47.00;4550.20;1022.01;624.99;6.00;1;0;1;0;0;1;0;0;0;0;0;1;1;0;0;0;0;0
858864;3.43;1.00;98.00;4178.00;18.75;81.75;36.75;13.73;27.02;13.92;330.21;347.77;2.82;72760.00;97.00;99.00;47.00;4490.00;1021.93;839.83;6.00;1;0;1;0;0;1;0;0;0;0;0;1;1;0;0;0;0;0
860231;3.18;0.94;98.00;4177.00;18.75;81.75;37.50;12.55;25.91;13.92;310.94;309.78;2.82;72760.00;97.00;99.00;47.00;4519.00;1021.81;859.36;6.00;1;0;1;0;0;1;0;0;0;0;0;1;1;0;0;0;0;0
861624;3.58;0.96;97.00;4124.00;18.75;81.75;37.50;12.16;25.17;14.02;237.04;264.44;2.58;72760.00;96.00;98.00;47.00;4570.60;1021.69;859.36;6.00;1;0;1;0;0;1;0;0;0;0;0;1;1;0;0;0;0;0
863133;1.32;1.00;96.00;4066.00;18.75;81.75;46.50;3.92;10.87;14.11;173.66;210.87;2.58;72760.00;96.00;96.00;47.00;4458.40;1021.69;878.90;6.00;1;0;1;0;0;1;0;0;0;0;0;1;1;0;0;0;0;0
864458;1.98;0.92;93.00;3976.00;18.75;81.75;43.50;6.67;17.19;13.92;167.41;325.68;2.82;72760.00;94.00;94.00;47.00;4487.80;1021.58;605.46;6.00;1;0;1;0;0;1;0;0;0;0;0;1;1;0;0;0;0;0
866086;2.81;1.00;93.00;3974.00;18.75;82.50;38.25;10.59;23.36;14.02;332.95;320.66;2.58;72760.00;94.00;94.00;47.00;4521.00;1021.62;312.50;6.00;1;0;1;0;0;1;0;0;0;0;0;1;1;0;0;0;0;0
867486;2.40;0.88;93.00;3996.00;18.75;82.50;40.50;9.02;21.32;13.92;344.96;361.73;2.82;72760.00;93.00;94.00;47.00;4498.40;1021.73;507.81;6.00;1;0;1;0;0;1;0;0;0;0;0;1;1;0;0;0;0;0
868988;2.89;0.93;93.00;3965.00;18.75;82.50;37.50;10.98;24.13;13.92;262.37;164.44;2.82;72761.00;92.00;94.00;47.00;4508.20;1021.62;781.24;6.00;1;0;1;0;0;1;0;0;0;0;0;1;1;0;0;0;0;0
870389;2.99;0.95;93.00;3983.00;18.75;81.75;38.25;11.37;24.49;13.92;309.32;343.38;2.82;72761.00;93.00;94.00;47.00;4514.00;1021.54;722.65;6.00;1;0;1;0;0;1;0;0;0;0;0;1;1;0;0;0;0;0
871839;2.81;0.96;95.00;4021.00;18.75;82.50;39.75;10.20;22.94;13.92;23.57;363.88;2.82;72761.00;94.00;95.00;47.00;4486.80;1021.65;742.18;6.00;1;0;1;0;0;1;0;0;0;0;0;1;1;0;0;0;0;0
873304;3.02;0.96;95.00;4044.00;18.75;82.50;38.25;11.37;24.49;13.92;314.96;165.63;2.82;72761.00;94.00;95.00;47.00;4518.80;1021.77;78.12;6.00;1;0;1;0;0;1;0;0;0;0;0;1;1;0;0;0;0;0
874769;2.84;0.93;95.00;4046.00;18.75;82.50;39.00;10.59;23.67;14.02;190.61;132.69;2.58;72761.00;94.00;96.00;47.00;4524.20;1021.89;878.90;6.00;1;0;1;0;0;1;0;0;0;0;0;1;1;0;0;0;0;0
876298;3.26;0.99;96.00;4055.00;18.75;82.50;37.50;12.16;25.65;14.11;285.70;308.50;2.58;72761.00;94.00;96.00;47.00;4522.80;1021.85;605.46;6.00;1;0;1;0;0;1;0;0;0;0;0;1;1;0;0;0;0;0
877709;2.98;0.94;95.00;4051.00;18.75;82.50;38.25;11.37;24.51;14.11;240.00;292.52;2.58;72761.00;95.00;96.00;47.00;4503.00;1021.58;117.19;6.00;1;0;1;0;0;1;0;0;0;0;0;1;1;0;0;0;0;0
879110;3.00;0.94;96.00;4077.00;18.75;82.50;37.50;11.77;24.98;14.11;203.50;228.36;2.58;72761.00;95.00;96.00;47.00;4532.40;1021.38;390.62;6.00;1;0;1;0;0;1;0;0;0;0;0;1;1;0;0;0;0;0
880528;2.23;0.99;96.00;4048.00;18.75;82.50;42.75;7.45;19.54;14.02;174.48;195.38;2.58;72761.00;95.00;96.00;47.00;4475.60;1021.38;859.36;6.00;1;0;1;0;0;1;0;0;0;0;0;1;1;0;0;0;0;0
881970;2.70;0.96;96.00;4033.00;18.75;82.50;40.50;9.41;22.05;14.11;295.68;268.15;2.58;72761.00;95.00;96.00;47.00;4493.80;1021.42;390.62;6.00;1;0;1;0;0;1;0;0;0;0;0;1;1;0;0;0;0;0
883403;2.91;0.97;95.00;4032.00;18.75;82.50;39.00;10.59;23.46;14.11;335.66;230.79;2.58;72761.00;95.00;95.00;47.00;4533.60;1021.54;78.12;6.00;1;0;1;0;0;1;0;0;0;0;0;1;1;0;0;0;0;0
884928;2.70;0.93;95.00;4061.00;18.75;82.50;39.75;10.20;22.71;14.02;188.19;271.64;2.58;72761.00;94.00;96.00;47.00;4505.20;1021.58;761.71;6.00;1;0;1;0;0;1;0;0;0;0;0;1;1;0;0;0;0;0
886391;2.71;0.98;95.00;4017.00;18.75;82.50;40.50;9.02;21.65;14.11;278.99;178.17;2.58;72761.00;94.00;95.00;47.00;4487.00;1021.69;839.83;6.00;1;0;1;0;0;1;0;0;0;0;0;1;1;0;0;0;0;0
887754;3.63;0.98;93.00;4018.00;18.75;82.50;37.50;11.37;24.32;13.92;258.40;336.40;2.82;72761.00;93.00;94.00;47.00;4556.80;1021.85;624.99;6.00;1;0;1;0;0;1;0;0;0;0;0;1;1;0;0;0;0;0
889298;3.78;1.00;96.00;4073.00;18.75;82.50;33.75;16.47;30.69;14.11;287.31;290.47;2.58;72761.00;95.00;96.00;47.00;4555.40;1021.77;859.36;6.00;1;0;1;0;0;1;0;0;0;0;0;1;1;0;0;0;0;0
890716;3.03;0.94;97.00;4093.00;18.75;82.50;37.50;11.77;24.98;14.11;208.74;254.44;2.58;72761.00;96.00;97.00;47.00;4499.80;1021.85;839.83;6.00;1;0;1;0;0;1;0;0;0;0;0;1;1;0;0;0;0;0
892223;3.17;0.94;97.00;4097.00;18.75;82.50;36.75;12.94;26.10;14.02;219.71;213.50;2.58;72761.00;97.00;98.00;47.00;4519.60;1021.77;859.36;6.00;1;0;1;0;0;1;0;0;0;0;0;1;1;0;0;0;0;0
893736;3.17;0.94;97.00;4113.00;18.75;82.50;36.75;12.94;26.00;14.02;324.24;324.94;2.58;72761.00;97.00;98.00;47.00;4519.00;1021.73;820.30;6.00;1;0;1;0;0;1;0;0;0;0;0;1;1;0;0;0;0;0
895169;3.76;1.00;97.00;4148.00;18.75;82.50;35.25;14.90;28.01;14.02;320.82;304.30;2.58;72761.00;97.00;98.00;47.00;4532.60;1021.58;97.66;6.00;1;0;1;0;0;1;0;0;0;0;0;1;1;0;0;0;0;0
896580;3.26;0.98;97.00;4124.00;18.75;82.50;36.75;12.55;25.78;14.02;274.18;195.59;2.58;72761.00;97.00;98.00;47.00;4515.60;1021.50;820.30;6.00;1;0;1;0;0;1;0;0;0;0;0;1;1;0;0;0;0;0
898102;3.18;1.00;97.00;4133.00;18.75;82.50;37.50;12.55;25.64;14.02;196.39;190.63;2.58;72761.00;97.00;98.00;47.00;4484.80;1021.38;683.59;6.00;1;0;1;0;0;1;0;0;0;0;0;1;1;0;0;0;0;0
899461;3.40;0.97;97.00;4114.00;18.75;82.50;36.00;13.73;26.85;14.02;303.59;307.85;2.58;72761.00;96.00;98.00;47.00;4516.60;1021.30;624.99;6.00;1;0;1;0;0;1;0;0;0;0;0;1;1;0;0;0;0;0
900917;3.58;1.01;97.00;4112.00;18.75;82.50;36.00;14.12;27.05;14.02;290.37;284.42;2.58;72761.00;96.00;97.00;47.00;4525.80;1021.38;214.84;6.00;1;0;1;0;0;1;0;0;0;0;0;1;1;0;0;0;0;0
902322;3.37;1.01;97.00;4118.00;18.75;82.50;36.75;12.55;25.77;13.92;238.31;233.99;2.82;72761.00;96.00;97.00;47.00;4497.40;1021.26;781.24;6.00;1;0;1;0;0;1;0;0;0;0;0;1;1;0;0;0;0;0
903827;3.09;0.94;96.00;4058.00;18.75;82.50;37.50;12.55;25.63;14.02;196.65;201.45;2.58;72761.00;94.00;96.00;47.00;4527.20;1021.22;859.36;6.00;1;0;1;0;0;1;0;0;0;0;0;1;1;0;0;0;0;0
905288;3.36;1.00;93.00;4002.00;18.75;82.50;36.00;12.94;26.18;14.11;329.37;306.33;2.58;72761.00;93.00;94.00;47.00;4507.20;1021.22;839.83;6.00;1;0;1;0;0;1;0;0;0;0;0;1;1;0;0;0;0;0
906745;2.78;0.95;93.00;4004.00;18.75;82.50;39.00;10.20;22.94;14.02;357.81;361.25;2.58;72762.00;93.00;94.00;47.00;4482.40;1021.22;644.52;6.00;1;0;1;0;0;1;0;0;0;0;0;1;1;0;0;0;0;0
908138;2.04;1.00;92.00;3934.00;18.75;82.50;43.50;6.67;18.22;14.02;278.67;274.81;2.58;72762.00;93.00;93.00;47.00;4484.80;1021.22;878.90;6.00;1;0;1;0;0;1;0;0;0;0;0;1;1;0;0;0;0;0
909506;2.58;0.99;93.00;3952.00;18.75;82.50;39.00;9.02;22.99;14.11;218.52;196.73;2.58;72762.00;92.00;94.00;47.00;4481.00;1021.22;859.36;6.00;1;0;1;0;0;1;0;0;0;0;0;1;1;0;0;0;0;0
911026;2.04;0.98;91.00;3850.00;18.75;82.50;43.50;5.88;16.70;14.11;325.62;259.50;2.58;72762.00;90.00;91.00;47.00;4509.60;1021.22;859.36;6.00;1;0;1;0;0;1;0;0;0;0;0;1;1;0;0;0;0;0
912395;0.99;0.98;86.00;3647.00;18.75;82.50;42.00;1.96;7.71;14.11;351.60;326.50;2.58;72762.00;86.00;86.00;47.00;4500.60;1021.22;878.90;6.00;1;0;1;0;0;1;0;0;0;0;0;1;1;0;0;0;0;0
913909;0.59;1.00;81.00;3401.00;18.75;82.50;-30.00;0;0;14.11;310.59;337.38;2.58;72762.00;81.00;81.00;47.00;4536.60;1021.19;0;6.00;1;0;1;0;0;1;0;0;0;0;0;1;1;0;0;0;0;0
915595;0.50;1.00;71.00;3719.00;18.75;82.50;41.25;0;5.97;13.92;340.06;296.48;2.82;72762.00;71.00;71.00;47.00;4396.80;1021.19;0;4.00;1;0;1;0;0;1;0;0;0;0;0;1;1;0;0;0;0;0
917095;0.70;1.00;50.00;3034.00;18.75;82.50;-30.00;0;0;14.11;361.01;351.33;2.58;72762.00;50.00;50.00;47.00;4234.60;1021.19;820.30;3.00;1;0;1;0;0;1;0;0;1;0;0;1;1;0;0;0;0;0
918974;0.76;1.00;35.00;2717.00;18.75;82.50;-30.00;0;0;14.11;341.76;329.10;2.58;72762.00;35.00;35.00;47.00;4464.40;1021.30;0;2.00;1;0;1;0;0;1;0;0;1;0;0;1;1;0;0;0;0;0
920334;0.94;1.00;32.00;2540.00;18.75;82.50;14.25;0;12.72;14.02;329.69;188.35;2.58;72762.00;33.00;32.00;47.00;4442.40;1021.34;878.90;2.00;1;0;1;0;0;1;0;0;1;0;0;1;1;0;0;0;0;0
921843;0.90;1.00;28.00;2216.00;18.75;82.50;15.00;0;12.75;14.21;283.85;173.93;2.58;72762.00;28.00;28.00;43.00;4543.20;1021.38;58.59;2.00;1;0;1;0;0;1;0;0;1;0;0;1;1;0;0;0;0;0
923452;1.38;0.99;18.00;1441.00;18.75;82.50;15.00;0;12.60;14.21;154.62;158.23;2.58;72762.00;19.00;19.00;41.00;4498.00;1021.77;878.90;2.00;1;0;1;0;0;1;0;0;1;0;0;1;1;0;0;0;0;0
925131;1.34;0.94;13.00;1302.00;18.75;82.50;14.25;0;12.55;14.30;124.70;125.11;2.58;72762.00;14.00;14.00;42.00;4514.60;1022.16;175.78;2.00;1;0;1;0;0;1;0;0;1;0;0;1;1;0;0;0;0;0
926511;3.09;1.01;16.00;1419.00;18.75;82.50;7.50;4.31;19.09;14.39;106.91;118.45;2.31;72762.00;16.00;17.00;50.00;4552.60;1022.28;58.59;2.00;1;0;1;0;0;1;0;0;1;0;0;1;1;0;0;0;0;0
928027;1.34;1.01;17.00;1385.00;18.75;82.50;15.00;0;12.59;14.39;154.93;156.75;2.31;72762.00;18.00;17.00;41.00;4510.20;1022.32;839.83;2.00;1;0;1;0;0;1;0;0;1;0;0;1;1;0;0;0;0;0
929531;4.05;1.00;21.00;1934.00;18.75;83.25;15.75;9.41;31.06;14.11;175.83;177.84;2.58;72762.00;22.00;22.00;47.00;4505.80;1022.40;761.71;2.00;1;0;1;0;0;1;0;0;1;0;0;1;1;0;0;0;0;0
931063;1.02;1.00;32.00;2432.00;18.75;83.25;24.75;0.39;10.54;14.11;243.75;190.57;2.58;72762.00;33.00;33.00;47.00;4528.40;1022.40;859.36;2.00;1;0;1;0;0;1;0;0;1;0;0;1;1;0;0;0;0;0
932489;0.87;1.00;30.00;2369.00;18.75;83.25;15.75;0;12.61;14.21;125.81;185.63;2.58;72762.00;30.00;30.00;42.00;4536.60;1022.28;39.06;2.00;1;0;1;0;0;1;0;0;1;0;0;1;1;0;0;0;0;0
933863;2.22;1.00;28.00;2237.00;18.75;84.00;11.25;3.53;14.62;14.21;200.48;218.19;2.58;72762.00;29.00;29.00;46.00;4452.60;1022.36;898.43;2.00;1;0;1;0;0;1;0;0;1;0;0;1;1;0;0;0;0;0
935302;2.41;1.00;40.00;3129.00;18.75;84.00;34.50;7.45;24.19;14.02;263.36;251.47;2.58;72762.00;39.00;40.00;46.00;4524.40;1022.40;878.90;2.00;1;0;1;0;0;1;0;0;1;0;0;1;1;0;0;0;0;0
936754;2.03;0.99;41.00;3203.00;18.75;84.00;36.75;4.71;16.37;14.02;285.41;337.85;2.58;72762.00;41.00;41.00;46.00;4510.20;1022.44;859.36;2.00;1;0;1;0;0;1;0;0;1;0;0;1;1;0;0;0;0;0
938111;0.68;1.00;38.00;3011.00;18.75;84.00;-30.00;0;0;14.02;294.86;255.53;2.58;72762.00;39.00;39.00;46.00;4622.00;1022.44;0;2.00;1;0;1;0;0;1;0;0;1;0;0;1;1;0;0;0;0;0
939620;1.27;1.00;18.00;1486.00;18.75;83.25;15.00;0;12.55;14.39;259.01;223.19;2.31;72762.00;19.00;18.00;42.00;4369.20;1022.44;800.77;2.00;1;0;1;1;0;1;0;0;1;0;0;1;1;0;0;1;0;0
942466;1.35;0.99;6.00;1211.00;18.75;83.25;18.00;0;13.00;14.39;70.66;63.98;2.31;72762.00;6.00;6.00;39.00;4506.60;1022.44;78.12;1;1;0;1;0;0;1;0;0;1;0;0;1;1;0;0;0;0;0
943965;1.52;1.03;6.00;1255.00;18.75;83.25;15.00;0;12.28;14.30;96.83;119.78;2.58;72762.00;6.00;6.00;38.00;4523.60;1022.44;781.24;1;1;0;1;0;0;1;0;0;1;0;0;1;1;0;0;0;0;0
945516;1.55;1.00;6.00;1213.00;18.75;83.25;18.00;0;12.86;14.39;169.42;139.54;2.31;72762.00;7.00;7.00;40.00;4508.20;1022.44;624.99;1;1;0;1;0;0;1;0;0;1;0;0;1;1;0;0;0;0;0
946944;1.42;1.00;5.00;1301.00;18.75;83.25;12.00;0;11.77;14.30;242.88;166.16;2.58;72762.00;5.00;5.00;38.00;4500.20;1022.44;58.59;1;1;0;1;0;0;1;0;0;1;0;0;1;1;0;0;0;0;0
948449;1.87;1.02;5.00;2127.00;18.75;83.25;20.25;2.35;13.36;14.02;205.05;241.47;2.58;72762.00;5.00;5.00;47.00;4542.20;1022.44;859.36;1;1;0;1;0;0;1;0;0;1;0;0;1;1;0;0;0;0;0
949892;1.46;0.99;6.00;1296.00;18.75;83.25;12.00;0;12.24;14.30;146.75;137.22;2.58;72762.00;6.00;6.00;40.00;4494.40;1022.44;585.93;1;1;0;1;0;0;1;0;0;1;0;0;1;1;0;0;0;0;0
951349;1.55;1.00;6.00;1237.00;18.75;83.25;16.50;0;12.86;14.39;79.00;73.76;2.31;72762.00;6.00;6.00;42.00;4516.00;1022.44;58.59;1;1;0;1;1;0;1;0;0;1;0;0;1;1;0;0;1;0;0
952947;1.41;1.02;5.00;1248.00;18.75;83.25;15.00;0;12.33;14.30;99.99;80.74;2.58;72762.00;6.00;5.00;38.00;4511.60;1022.44;820.30;1;1;0;1;0;0;1;0;0;1;0;0;1;1;0;0;0;0;0
954476;1.45;1.00;7.00;1656.00;18.75;84.00;16.50;1.18;10.57;14.30;90.52;108.51;2.58;72762.00;7.00;8.00;46.00;4472.80;1022.44;898.43;1;1;0;1;0;0;1;0;0;1;0;0;1;1;0;0;0;0;0
956058;3.16;0.99;23.00;2577.00;18.75;84.00;26.25;8.63;25.54;13.92;80.89;128.12;2.82;72762.00;23.00;23.00;46.00;4577.60;1022.44;19.53;1;1;0;1;0;0;1;0;0;1;0;0;1;1;0;0;0;0;0
957471;5.10;1.00;22.00;2736.00;18.75;84.00;25.50;13.73;30.65;14.02;233.01;219.30;2.58;72762.00;22.00;22.00;46.00;4445.80;1022.44;800.77;1;1;0;1;0;0;1;0;0;1;0;0;1;1;0;0;0;0;0
958951;8.61;1.00;42.00;3369.00;18.75;84.00;12.00;38.04;44.31;14.11;328.46;341.48;2.58;72762.00;41.00;43.00;46.00;4259.60;1022.36;898.43;2.00;1;0;1;0;0;1;0;0;1;0;0;1;1;0;0;0;0;0
960493;8.27;1.00;63.00;3858.00;18.75;84.00;15.75;59.22;53.47;13.83;219.81;274.46;2.82;72762.00;62.00;63.00;46.00;4539.20;1022.40;878.90;3.00;1;0;1;0;0;1;0;0;0;0;0;1;1;0;0;0;0;0
962035;7.76;1.00;78.00;4066.00;18.75;83.25;14.25;53.34;51.41;14.02;292.40;153.39;2.58;72762.00;76.00;79.00;47.00;4616.40;1022.40;624.99;4.00;1;0;1;0;0;1;0;0;0;0;0;1;1;0;0;0;0;0
963525;7.70;1.00;91.00;4183.00;18.75;83.25;13.50;48.63;50.21;14.02;344.72;294.55;2.58;72762.00;88.00;91.00;47.00;4572.60;1022.08;820.30;5.00;1;0;1;0;0;1;0;0;0;0;0;1;1;0;0;0;0;0
965024;6.04;1.03;98.00;4166.00;18.75;82.50;20.25;30.20;42.49;14.02;302.66;337.13;2.58;72762.00;97.00;98.00;47.00;4547.20;1021.89;175.78;6.00;1;0;1;0;0;1;0;0;0;0;0;1;1;0;0;0;0;0
966433;1.81;0.99;98.00;4174.00;18.75;82.50;45.75;5.88;14.55;14.02;310.86;268.09;2.58;72762.00;97.00;99.00;47.00;4412.60;1021.62;898.43;6.00;1;0;1;0;0;1;0;0;0;0;0;1;1;0;0;0;0;0
967885;0.92;0.99;93.00;3874.00;18.75;82.50;45.00;1.96;7.54;14.02;117.16;249.12;2.58;72762.00;94.00;94.00;47.00;4506.20;1021.42;859.36;6.00;1;0;1;0;0;1;0;0;0;0;0;1;1;0;0;0;0;0
969343;0.60;1.00;85.00;3612.00;18.75;82.50;-30.00;0;0;14.21;274.77;339.47;2.58;72762.00;84.00;85.00;47.00;4479.00;1021.30;0;6.00;1;0;1;0;0;1;0;0;0;0;0;1;1;0;0;0;0;0
970930;0.72;1.00;66.00;2837.00;18.75;81.75;-30.00;0;0;14.11;331.70;356.56;2.58;72762.00;67.00;67.00;47.00;4479.20;1021.26;761.71;6.00;1;0;1;0;0;1;0;0;0;0;0;1;1;0;0;0;0;0
972302;6.34;1.00;68.00;2910.00;18.75;81.75;12.75;37.65;41.21;14.11;327.28;333.26;2.58;72762.00;68.00;69.00;47.00;4485.00;1021.38;78.12;6.00;1;0;1;0;0;1;0;0;0;0;0;1;1;0;0;0;0;0
973753;6.34;1.01;78.00;3359.00;18.75;81.75;12.00;36.87;42.59;13.92;219.63;319.55;2.82;72762.00;78.00;79.00;47.00;4519.00;1021.30;800.77;6.00;1;0;1;0;0;1;0;0;0;0;0;1;1;0;0;0;0;0
975238;6.54;1.03;87.00;3661.00;18.75;81.75;15.75;33.73;43.57;13.92;333.81;350.23;2.82;72762.00;86.00;87.00;47.00;4537.80;1021.38;683.59;6.00;1;0;1;0;0;1;0;0;0;0;0;1;1;0;0;0;0;0
976508;4.64;0.98;93.00;4005.00;18.75;81.75;27.00;22.36;35.96;14.02;333.40;354.53;2.58;72762.00;93.00;94.00;47.00;4523.20;1021.34;136.72;6.00;1;0;1;0;0;1;0;0;0;0;0;1;1;0;0;0;0;0
977932;3.86;0.98;97.00;4124.00;18.75;81.75;33.00;16.86;30.26;14.02;239.71;284.94;2.58;72762.00;95.00;97.00;47.00;4510.40;1021.26;624.99;6.00;1;0;1;0;0;1;0;0;0;0;0;1;1;0;0;0;0;0
979435;2.93;1.00;98.00;4159.00;18.75;81.75;39.00;10.98;23.83;14.02;158.43;177.16;2.58;72762.00;96.00;98.00;47.00;4487.00;1021.22;820.30;6.00;1;0;1;0;0;1;0;0;0;0;0;1;1;0;0;0;0;0
980856;4.51;1.03;100.00;4231.00;18.75;81.75;30.00;20.39;33.47;14.02;241.88;280.53;2.58;72763.00;98.00;100.00;47.00;4530.00;1021.22;703.12;6.00;1;0;1;0;0;1;0;0;0;0;0;1;1;0;0;0;0;0
982394;4.78;1.05;101.00;4324.00;18.75;81.75;30.00;21.57;34.11;13.92;342.46;328.30;2.82;72763.00;101.00;102.00;47.00;4539.20;1021.22;703.12;6.00;1;0;1;0;0;1;0;0;0;0;0;1;1;0;0;0;0;0
983885;4.19;1.02;102.00;4384.00;18.75;81.75;33.00;19.22;31.32;14.02;345.45;330.10;2.58;72763.00;101.00;103.00;47.00;4510.20;1021.30;859.36;6.00;1;0;1;0;0;1;0;0;0;0;0;1;1;0;0;0;0;0
985307;3.46;0.99;103.00;4397.00;18.75;81.75;37.50;14.51;26.77;14.02;271.72;274.14;2.58;72763.00;102.00;104.00;47.00;4507.80;1021.26;800.77;6.00;1;0;1;0;0;1;0;0;0;0;0;1;1;0;0;0;0;0
986784;2.69;0.93;102.00;4353.00;18.75;81.75;40.50;10.59;22.86;13.92;348.53;347.56;2.82;72763.00;101.00;103.00;47.00;4472.60;1021.15;820.30;6.00;1;0;1;0;0;1;0;0;0;0;0;1;1;0;0;0;0;0
988200;3.37;1.03;101.00;4267.00;18.75;81.75;38.25;12.16;25.24;14.02;334.69;351.23;2.58;72763.00;100.00;101.00;47.00;4505.60;1021.07;761.71;6.00;1;0;1;0;0;1;0;0;0;0;0;1;1;0;0;0;0;0
989613;2.98;0.99;98.00;4590.00;18.75;81.75;41.25;11.77;23.52;14.02;335.78;324.80;2.58;72763.00;98.00;99.00;47.00;4516.80;1020.83;136.72;5.00;1;0;1;0;0;1;0;0;0;0;0;1;1;0;0;0;0;0
991114;3.14;1.00;101.00;4636.00;18.75;81.75;39.00;14.90;25.86;14.02;287.52;226.29;2.58;72763.00;96.00;101.00;47.00;4527.80;1020.72;800.77;5.00;1;0;1;0;0;1;0;0;0;0;0;1;1;0;0;0;0;0
992498;6.38;1.00;101.00;4640.00;18.75;81.75;17.25;45.10;47.67;14.02;347.97;329.26;2.58;72763.00;98.00;101.00;47.00;4543.60;1020.52;39.06;5.00;1;0;1;0;0;1;0;0;0;0;0;1;1;0;0;0;0;0
993902;3.73;1.00;101.00;4651.00;18.75;81.75;36.00;18.83;29.06;14.02;359.55;351.62;2.58;72763.00;99.00;101.00;47.00;4498.00;1020.52;742.18;5.00;1;0;1;0;0;1;0;0;0;0;0;1;1;0;0;0;0;0
995366;4.52;1.00;101.00;4653.00;18.75;81.75;27.75;27.06;37.49;14.02;345.90;326.68;2.58;72763.00;99.00;102.00;47.00;4493.00;1020.33;820.30;5.00;1;0;1;0;0;1;0;0;0;0;0;1;1;0;0;0;0;0
996643;3.04;0.97;101.00;4670.00;18.75;81.75;40.50;12.94;24.22;14.02;230.51;190.48;2.58;72763.00;100.00;102.00;47.00;4507.60;1020.05;390.62;5.00;1;0;1;0;0;1;0;0;0;0;0;1;1;0;0;0;0;0
998024;3.02;0.97;101.00;4656.00;18.75;81.75;41.25;11.77;23.34;14.11;240.63;240.00;2.58;72763.00;99.00;102.00;47.00;4507.60;1019.70;683.59;5.00;1;0;1;0;0;1;0;0;0;0;0;1;1;0;0;0;0;0
999427;3.53;0.99;98.00;4505.00;18.75;81.75;37.50;15.30;26.90;14.02;344.88;350.33;2.58;72763.00;95.00;99.00;47.00;4555.80;1019.39;761.71;5.00;1;0;1;0;0;1;0;0;0;0;0;1;1;0;0;0;0;0
1000839;3.28;0.99;95.00;4382.00;18.75;81.75;39.00;13.33;25.35;14.11;327.91;240.55;2.58;72763.00;93.00;96.00;47.00;4514.00;1019.27;781.24;5.00;1;0;1;0;0;1;0;0;0;0;0;1;1;0;0;0;0;0
1002316;6.21;1.01;97.00;4468.00;18.75;81.75;20.25;35.30;43.55;14.02;300.25;220.92;2.58;72763.00;94.00;97.00;47.00;4511.00;1019.12;839.83;5.00;1;0;1;0;0;1;0;0;0;0;0;1;1;0;0;0;0;0
1003724;6.06;1.09;101.00;4663.00;18.00;81.75;24.75;32.55;40.41;14.11;244.18;232.62;2.58;72763.00;100.00;101.00;47.00;4498.00;1018.76;722.65;5.00;1;0;1;0;0;1;0;0;0;0;0;1;1;0;0;0;0;0
1005263;5.55;1.01;107.00;4942.00;18.00;81.75;24.75;34.51;40.08;14.11;322.01;331.07;2.58;72763.00;105.00;107.00;47.00;4475.60;1018.53;585.93;5.00;1;0;1;0;0;1;0;0;0;0;0;1;1;0;0;0;0;0
1006546;6.79;1.03;112.00;5171.00;18.00;81.75;19.50;47.85;45.23;14.02;329.28;336.78;2.58;72763.00;110.00;113.00;47.00;4449.60;1018.14;624.99;5.00;1;0;1;0;0;1;0;0;0;0;0;1;1;0;0;0;0;0
1008059;5.77;1.00;111.00;4740.00;18.00;82.50;23.25;34.91;41.32;14.11;333.73;335.02;2.58;72763.00;110.00;112.00;47.00;4499.20;1017.67;156.25;6.00;1;0;1;0;0;1;0;0;0;0;0;1;1;0;0;0;0;0
1009650;3.25;1.00;111.00;4720.00;18.00;82.50;39.00;14.90;25.64;14.02;347.17;347.05;2.58;72763.00;110.00;112.00;47.00;4492.00;1017.12;859.36;6.00;1;0;1;0;0;1;0;0;0;0;0;1;1;0;0;0;0;0
1011111;1.39;1.00;106.00;4504.00;18.00;82.50;48.00;4.71;11.53;14.02;350.99;353.53;2.58;72763.00;106.00;107.00;47.00;4437.80;1016.85;878.90;6.00;1;0;1;0;0;1;0;0;0;0;0;1;1;0;0;0;0;0
1012494;1.52;0.94;100.00;4236.00;18.00;82.50;46.50;5.10;12.80;14.02;334.30;315.76;2.58;72763.00;99.00;100.00;47.00;4504.20;1016.65;839.83;6.00;1;0;1;0;0;1;0;0;0;0;0;1;1;0;0;0;0;0
1013977;2.64;0.94;96.00;4066.00;18.00;82.50;40.50;9.41;22.07;14.11;205.08;212.51;2.58;72763.00;95.00;96.00;47.00;4532.00;1016.42;878.90;6.00;1;0;1;0;0;1;0;0;0;0;0;1;1;0;0;0;0;0
1015586;3.26;0.96;96.00;4090.00;18.75;82.50;36.75;12.94;26.20;14.02;253.17;240.18;2.58;72764.00;96.00;97.00;47.00;4493.40;1016.26;761.71;6.00;1;0;1;0;0;1;0;0;0;0;0;1;1;0;0;0;0;0
1017171;2.49;0.91;93.00;3983.00;18.75;82.50;39.75;9.02;21.59;14.11;337.01;353.26;2.58;72764.00;94.00;94.00;47.00;4501.60;1016.19;410.15;6.00;1;0;1;0;0;1;0;0;0;0;0;1;1;0;0;0;0;0
1018567;1;0.89;88.00;3669.00;18.75;83.25;42.00;2.75;8.96;14.02;213.70;321.89;2.58;72764.00;89.00;89.00;47.00;4519.20;1015.87;878.90;6.00;1;0;1;0;0;1;0;0;0;0;0;1;1;0;0;0;0;0
1019977;0.90;0.85;81.00;3489.00;18.75;83.25;39.75;2.35;8.54;14.11;191.73;327.24;2.58;72764.00;82.00;82.00;47.00;4502.20;1015.48;58.59;6.00;1;0;1;0;0;1;0;0;0;0;0;1;1;0;0;0;0;0
1021590;2.20;0.95;78.00;3307.00;18.75;83.25;37.50;6.28;18.56;14.11;291.31;332.07;2.58;72764.00;78.00;79.00;47.00;4525.40;1015.48;859.36;6.00;1;0;1;0;0;1;0;0;0;0;0;1;1;0;0;0;0;0
1023136;2.99;0.92;78.00;3354.00;18.75;83.25;31.50;11.77;25.75;14.11;295.24;346.21;2.58;72764.00;79.00;79.00;47.00;4505.00;1015.21;644.52;6.00;1;0;1;0;0;1;0;0;0;0;0;1;1;0;0;0;0;0
1024589;2.49;0.94;80.00;3405.00;18.75;83.25;36.75;7.84;21.16;14.02;328.55;334.84;2.58;72764.00;80.00;81.00;47.00;4515.80;1015.09;742.18;6.00;1;0;1;0;0;1;0;0;0;0;0;1;1;0;0;0;0;0
1026004;2.28;0.92;80.00;3413.00;18.75;83.25;37.50;7.06;19.80;14.02;334.22;326.62;2.58;72764.00;80.00;81.00;47.00;4523.40;1015.05;78.12;6.00;1;0;1;0;0;1;0;0;0;0;0;1;1;0;0;0;0;0
1027452;1.92;0.92;80.00;3398.00;18.75;83.25;39.00;5.88;16.92;14.02;354.98;337.11;2.58;72764.00;80.00;80.00;47.00;4526.00;1015.05;742.18;6.00;1;0;1;0;0;1;0;0;0;0;0;1;1;0;0;0;0;0
1028966;2.68;0.97;78.00;3353.00;18.75;83.25;35.25;8.24;21.68;14.02;350.86;349.88;2.58;72764.00;78.00;79.00;47.00;4507.80;1015.05;742.18;6.00;1;0;1;0;0;1;0;0;0;0;0;1;1;0;0;0;0;0
1030423;2.84;0.96;78.00;3365.00;18.75;83.25;33.75;9.81;23.29;14.11;327.24;324.80;2.58;72764.00;78.00;79.00;47.00;4509.00;1015.01;722.65;6.00;1;0;1;0;0;1;0;0;0;0;0;1;1;0;0;0;0;0
1031872;1.59;1.00;80.00;3388.00;18.75;83.25;39.00;3.92;13.19;14.11;318.14;319.63;2.58;72764.00;79.00;80.00;47.00;4498.20;1015.01;878.90;6.00;1;0;1;0;0;1;0;0;0;0;0;1;1;0;0;0;0;0
1033380;2.14;0.90;80.00;3392.00;18.75;83.25;38.25;6.67;19.34;14.02;349.16;343.55;2.58;72764.00;79.00;80.00;47.00;4531.60;1015.01;859.36;6.00;1;0;1;0;0;1;0;0;0;0;0;1;1;0;0;0;0;0
1034836;2.70;1.00;78.00;3339.00;18.75;83.25;34.50;8.63;22.41;14.02;349.31;331.56;2.58;72764.00;79.00;79.00;47.00;4509.40;1014.90;839.83;6.00;1;0;1;0;0;1;0;0;0;0;0;1;1;0;0;0;0;0
1036336;1.89;0.87;78.00;3354.00;18.75;83.25;39.00;5.88;17.60;14.02;324.98;344.72;2.58;72764.00;79.00;79.00;47.00;4519.20;1014.58;117.19;6.00;1;0;1;0;0;1;0;0;0;0;0;1;1;0;0;0;0;0
1037658;1.30;0.89;77.00;3337.00;18.75;83.25;38.25;3.53;11.95;14.02;211.31;271.90;2.58;72764.00;77.00;77.00;47.00;4525.40;1014.74;58.59;6.00;1;0;1;0;0;1;0;0;0;0;0;1;1;0;0;0;0;0
1039165;3.58;0.97;78.00;3322.00;18.75;83.25;30.00;14.90;28.29;14.11;303.98;341.17;2.58;72764.00;77.00;78.00;47.00;4522.40;1014.54;722.65;6.00;1;0;1;0;0;1;0;0;0;0;0;1;1;0;0;0;0;0
1040691;3.22;0.96;80.00;3412.00;18.75;83.25;32.25;12.94;26.42;14.11;345.56;356.03;2.58;72764.00;79.00;80.00;47.00;4520.40;1014.12;624.99;6.00;1;0;1;0;0;1;0;0;0;0;0;1;1;0;0;0;0;0
1042099;3.30;0.99;82.00;3494.00;18.75;83.25;32.25;12.55;26.11;14.02;319.10;206.06;2.58;72764.00;82.00;83.00;47.00;4515.60;1013.92;781.24;6.00;1;0;1;0;0;1;0;0;0;0;0;1;1;0;0;0;0;0
1043607;2.51;0.98;83.00;3539.00;18.75;83.25;39.00;7.45;20.47;14.11;290.45;168.54;2.58;72764.00;83.00;84.00;47.00;4486.20;1013.84;820.30;6.00;1;0;1;0;0;1;0;0;0;0;0;1;1;0;0;0;0;0
1045014;2.26;0.89;82.00;3510.00;18.75;83.25;39.00;7.45;20.32;14.11;352.42;251.59;2.58;72764.00;83.00;83.00;47.00;4512.40;1013.80;781.24;6.00;1;0;1;0;0;1;0;0;0;0;0;1;1;0;0;0;0;0
1046367;1.73;1.00;81.00;3463.00;18.75;83.25;39.75;4.71;14.00;14.02;311.43;341.52;2.58;72764.00;82.00;82.00;47.00;4509.40;1013.80;898.43;6.00;1;0;1;0;0;1;0;0;0;0;0;1;1;0;0;0;0;0
1047808;2.57;1.00;78.00;3783.00;18.75;83.25;22.50;7.45;16.34;14.11;290.61;251.61;2.58;72764.00;79.00;79.00;47.00;4223.80;1013.80;878.90;5.00;1;0;1;0;0;1;0;0;0;0;0;1;1;0;0;0;0;0
1049361;2.14;0.98;80.00;3707.00;18.75;83.25;42.00;6.28;17.29;14.02;234.05;235.32;2.58;72764.00;80.00;80.00;47.00;4462.60;1013.80;878.90;5.00;1;0;1;0;0;1;0;0;0;0;0;1;1;0;0;0;0;0
1050748;2.75;1.00;77.00;3594.00;18.75;83.25;39.00;8.24;19.89;14.11;296.25;320.78;2.58;72764.00;77.00;78.00;47.00;4525.00;1013.76;859.36;5.00;1;0;1;0;0;1;0;0;0;0;0;1;1;0;0;0;0;0
1052261;2.74;0.95;76.00;3549.00;18.75;83.25;36.75;9.41;22.68;13.92;330.72;350.11;2.82;72764.00;76.00;77.00;47.00;4515.60;1013.69;859.36;5.00;1;0;1;0;0;1;0;0;0;0;0;1;1;0;0;0;0;0
1053649;2.93;0.99;75.00;3484.00;18.75;83.25;35.25;9.81;23.06;14.02;316.78;339.65;2.58;72764.00;74.00;75.00;47.00;4511.40;1013.10;820.30;5.00;1;0;1;0;0;1;0;0;0;0;0;1;1;0;0;0;0;0
1055062;2.02;0.93;73.00;3401.00;18.75;83.25;39.00;5.88;17.47;14.11;337.46;314.61;2.58;72764.00;73.00;74.00;47.00;4498.40;1012.79;898.43;5.00;1;0;1;0;0;1;0;0;0;0;0;1;1;0;0;0;0;0
1056471;1.80;0.93;71.00;3277.00;18.75;83.25;38.25;5.49;15.83;14.02;337.65;348.04;2.58;72764.00;71.00;71.00;47.00;4513.60;1012.67;878.90;5.00;1;0;1;0;0;1;0;0;0;0;0;1;1;0;0;0;0;0
1057948;1.44;0.96;67.00;3110.00;18.75;83.25;35.25;3.53;12.27;14.11;356.89;353.30;2.58;72764.00;67.00;68.00;47.00;4511.60;1012.47;820.30;5.00;1;0;1;0;0;1;0;0;0;0;0;1;1;0;0;0;0;0
1059409;1.53;0.99;63.00;2951.00;18.75;83.25;33.00;3.53;12.81;13.92;308.30;310.02;2.82;72765.00;64.00;64.00;47.00;4521.40;1012.01;839.83;5.00;1;0;1;0;0;1;0;0;0;0;0;1;1;0;0;0;0;0
1060784;1.58;0.91;62.00;2872.00;18.75;83.25;32.25;4.31;14.27;14.11;201.88;248.21;2.58;72765.00;62.00;62.00;47.00;4517.60;1011.93;234.37;5.00;1;0;1;0;0;1;0;0;0;0;0;1;1;0;0;0;0;0
1062244;1.84;1.00;60.00;2790.00;18.75;83.25;30.75;4.31;14.77;14.11;274.08;284.71;2.58;72765.00;60.00;60.00;47.00;4485.80;1011.62;839.83;5.00;1;0;1;0;0;1;0;0;0;0;0;1;1;0;0;0;0;0
1063729;2.87;0.98;57.00;2635.00;18.75;83.25;27.75;8.24;23.05;14.02;336.17;336.83;2.58;72765.00;57.00;57.00;47.00;4545.80;1011.42;761.71;5.00;1;0;1;0;0;1;0;0;1;0;0;1;1;0;0;0;0;0
1065254;2.87;0.96;56.00;2598.00;18.75;83.25;27.00;7.84;23.66;14.02;311.91;344.14;2.58;72765.00;55.00;56.00;47.00;4517.60;1011.38;683.59;5.00;1;0;1;0;0;1;0;0;1;0;0;1;1;0;0;0;0;0
1066682;2.85;1.00;55.00;2868.00;18.75;83.25;30.75;7.06;21.82;14.11;198.50;198.56;2.58;72765.00;54.00;55.00;47.00;4492.00;1011.15;859.36;4.00;1;0;1;0;0;1;0;0;1;0;0;1;1;0;0;0;0;0
1068251;2.46;0.91;55.00;2840.00;18.75;83.25;31.50;6.28;18.97;14.02;319.94;308.61;2.58;72765.00;55.00;55.00;47.00;4500.60;1010.91;878.90;4.00;1;0;1;0;0;1;0;0;1;0;0;1;1;0;0;0;0;0
1069579;2.86;0.91;57.00;2981.00;18.75;83.25;31.50;9.81;25.31;13.92;339.39;349.78;2.82;72765.00;56.00;57.00;47.00;4530.60;1010.52;839.83;4.00;1;0;1;0;0;1;0;0;1;0;0;1;1;0;0;0;0;0
1071008;2.67;0.95;58.00;3057.00;18.75;84.00;33.00;8.24;23.88;14.02;350.04;333.47;2.58;72765.00;58.00;59.00;46.00;4536.60;1010.25;839.83;4.00;1;0;1;0;0;1;0;0;1;0;0;1;1;0;0;0;0;0
1072477;2.96;0.90;60.00;3140.00;18.75;84.00;30.75;10.98;26.42;14.11;204.91;183.29;2.58;72765.00;60.00;61.00;46.00;4516.80;1010.17;136.72;4.00;1;0;1;0;0;1;0;0;0;0;0;1;1;0;0;0;0;0
1073995;1.98;0.97;61.00;3180.00;18.75;84.00;36.00;5.49;16.62;14.11;271.41;320.29;2.58;72765.00;61.00;61.00;46.00;4526.80;1010.13;878.90;4.00;1;0;1;0;0;1;0;0;0;0;0;1;1;0;0;0;0;0
1075447;2.10;0.95;60.00;3133.00;18.75;84.00;36.00;6.28;18.60;13.92;328.06;325.66;2.82;72765.00;60.00;61.00;46.00;4514.40;1010.09;878.90;4.00;1;0;1;0;0;1;0;0;0;0;0;1;1;0;0;0;0;0
1076907;2.72;0.96;60.00;3146.00;18.75;84.00;33.75;9.02;22.65;14.02;318.03;287.91;2.58;72765.00;60.00;61.00;46.00;4510.00;1009.90;781.24;4.00;1;0;1;0;0;1;0;0;0;0;0;1;1;0;0;0;0;0
1078371;3.73;1.00;60.00;3134.00;18.75;83.25;31.50;10.98;24.75;14.11;303.89;235.38;2.58;72765.00;59.00;60.00;47.00;4496.20;1009.35;859.36;4.00;1;0;1;0;0;1;0;0;0;0;0;1;1;0;0;0;0;0
1079844;3.86;1.00;61.00;3203.00;18.75;83.25;30.75;12.94;26.53;13.92;332.87;304.88;2.82;72765.00;61.00;61.00;47.00;4508.00;1009.04;859.36;4.00;1;0;1;0;0;1;0;0;0;0;0;1;1;0;0;0;0;0
1081346;2.77;1.00;63.00;2914.00;18.75;83.25;24.00;7.84;20.54;14.11;301.47;298.77;2.58;72765.00;63.00;64.00;47.00;4244.80;1008.92;878.90;5.00;1;0;1;0;0;1;0;0;0;0;0;1;1;0;0;0;0;0
1082677;2.00;0.99;62.00;2869.00;18.75;83.25;32.25;5.10;16.44;14.11;311.19;312.17;2.58;72765.00;62.00;62.00;47.00;4492.80;1008.80;898.43;5.00;1;0;1;0;0;1;0;0;0;0;0;1;1;0;0;0;0;0
1084185;2.77;0.93;62.00;2885.00;18.75;83.25;30.75;9.41;23.71;14.11;236.61;282.95;2.58;72765.00;62.00;63.00;47.00;4515.80;1008.65;703.12;5.00;1;0;1;0;0;1;0;0;0;0;0;1;1;0;0;0;0;0
1085454;3.03;0.96;63.00;2954.00;18.75;83.25;30.00;10.98;25.19;13.92;312.19;309.80;2.82;72765.00;63.00;64.00;47.00;4512.00;1008.22;761.71;5.00;1;0;1;0;0;1;0;0;0;0;0;1;1;0;0;0;0;0
1086953;3.03;0.95;65.00;3011.00;18.75;83.25;30.00;11.37;25.42;14.02;350.92;348.69;2.58;72765.00;65.00;65.00;47.00;4524.60;1007.86;839.83;5.00;1;0;1;0;0;1;0;0;0;0;0;1;1;0;0;0;0;0
1088411;4.35;1.00;67.00;3113.00;18.75;83.25;23.25;20.39;32.75;14.02;311.86;325.98;2.58;72765.00;67.00;67.00;47.00;4554.00;1007.63;820.30;5.00;1;0;1;0;0;1;0;0;0;0;0;1;1;0;0;0;0;0
1089843;7.29;1.00;72.00;3356.00;18.75;83.25;12.00;40.00;42.93;14.02;274.30;319.94;2.58;72765.00;71.00;73.00;47.00;4546.60;1007.51;859.36;5.00;1;0;1;0;0;1;0;0;0;0;0;1;1;0;0;0;0;0
1091450;5.13;1.00;85.00;3942.00;18.75;84.00;24.00;25.89;39.15;13.92;260.00;350.58;2.82;72765.00;82.00;86.00;46.00;4509.40;1006.97;800.77;5.00;1;0;1;0;0;1;0;0;0;0;0;1;1;0;0;0;0;0
1092835;4.18;1.00;91.00;4183.00;18.75;84.00;30.00;20.39;33.76;14.11;315.10;346.03;2.58;72765.00;89.00;91.00;46.00;4524.60;1006.61;839.83;5.00;1;0;1;0;0;1;0;0;0;0;0;1;1;0;0;0;0;0
1094296;1.03;1.00;87.00;3952.00;18.75;84.00;45.75;2.35;8.33;14.02;307.89;259.36;2.58;72765.00;86.00;88.00;46.00;4401.80;1006.46;898.43;5.00;1;0;1;0;0;1;0;0;0;0;0;1;1;0;0;0;0;0
1095732;2.54;0.99;83.00;3852.00;18.75;83.25;40.50;8.24;19.99;14.11;200.40;209.52;2.58;72765.00;82.00;84.00;47.00;4516.20;1006.19;820.30;5.00;1;0;1;0;0;1;0;0;0;0;0;1;1;0;0;0;0;0
1097169;3.18;1.00;85.00;3907.00;18.75;83.25;33.75;15.30;27.56;14.11;262.17;233.48;2.58;72765.00;84.00;85.00;47.00;4515.00;1005.72;917.96;5.00;1;0;1;0;0;1;0;0;0;0;0;1;1;0;0;0;0;0
1098596;0.58;1.00;76.00;3443.00;18.75;83.25;-30.00;0;0;14.02;328.96;304.41;2.58;72765.00;76.00;75.00;47.00;4498.60;1005.40;0;5.00;1;0;1;0;0;1;0;0;0;0;0;1;1;0;0;0;0;0
1100127;0.64;1.00;65.00;3035.00;18.75;83.25;-30.00;0;0;13.92;298.18;298.15;2.82;72765.00;65.00;66.00;47.00;4579.80;1005.25;0;5.00;1;0;1;0;0;1;0;0;0;0;0;1;1;0;0;0;0;0
1101522;0.87;1.00;52.00;2434.00;18.75;83.25;16.50;0;12.35;14.11;276.15;301.62;2.58;72765.00;52.00;53.00;43.00;4244.20;1005.13;19.53;5.00;1;0;1;0;0;1;0;0;1;0;0;1;1;0;0;0;0;0
1103129;1.11;1.00;38.00;1815.00;18.75;83.25;14.25;0;12.39;14.21;74.23;143.21;2.58;72765.00;39.00;39.00;41.00;4533.20;1005.13;937.49;5.00;1;0;1;0;0;1;0;0;1;0;0;1;1;0;0;0;0;0
1104657;1.15;1.00;28.00;1575.00;18.75;83.25;12.75;0;12.58;14.21;117.02;154.29;2.58;72765.00;29.00;29.00;42.00;4511.60;1005.13;624.99;3.00;1;0;1;0;0;1;0;0;1;0;0;1;1;0;0;0;0;0
1106238;1.27;0.97;16.00;1384.00;18.75;83.25;15.00;0;12.51;14.30;75.42;136.98;2.58;72765.00;16.00;16.00;42.00;4503.40;1005.09;703.12;2.00;1;0;1;0;0;1;0;0;1;0;0;1;1;0;0;0;0;0
1107717;1.32;0.97;11.00;1294.00;18.75;83.25;13.50;0;12.18;14.30;49.12;93.55;2.58;72765.00;12.00;12.00;41.00;4507.00;1005.13;58.59;0;1;0;1;0;0;1;0;0;1;0;0;1;1;0;0;0;0;0
1109037;2.34;1.00;11.00;1657.00;18.75;83.25;2.25;2.75;12.64;14.21;59.31;108.57;2.58;72765.00;12.00;11.00;47.00;4541.00;1005.13;117.19;1;1;0;1;1;0;1;0;0;1;0;0;1;1;0;0;1;0;0
1111610;1.32;0.95;5.00;1256.00;18.75;83.25;13.50;0;12.15;14.39;79.04;106.07;2.31;72765.00;5.00;5.00;39.00;4500.00;1005.13;78.12;1;1;0;1;0;0;1;0;0;1;0;0;1;1;0;0;0;0;0
1113299;1.38;0.98;0;1227.00;18.75;83.25;16.50;0;12.43;14.30;79.92;136.12;2.58;72765.00;0;0;38.00;4513.80;1005.13;78.12;1;1;0;1;0;0;1;0;0;1;0;0;1;1;0;0;0;0;0
1114622;1.25;1.00;0;1303.00;18.75;83.25;12.00;0;11.55;14.49;47.22;95.17;2.31;72765.00;0;0;38.00;4509.20;1005.09;39.06;1;1;0;1;1;0;1;0;0;1;0;0;1;1;0;0;1;0;0
1116223;1.34;1.05;0;1260.00;18.75;84.00;14.25;0;11.92;14.30;39.72;64.74;2.58;72765.00;0;0;37.00;4514.80;1005.13;761.71;1;1;0;1;0;0;1;0;0;1;0;0;1;1;0;0;0;0;0
1117617;1.32;1.01;0;1275.00;18.75;84.00;13.50;0;11.73;14.30;17.91;27.75;2.58;72765.00;0;0;37.00;4523.80;1005.13;214.84;1;1;0;1;1;0;1;0;0;1;0;0;1;1;0;0;1;0;0
1119204;1.36;1.02;0;1276.00;18.75;84.00;13.50;0;11.72;14.39;7.58;12.50;2.31;72765.00;0;0;37.00;4516.40;1005.13;78.12;1;1;0;1;0;0;1;0;0;1;0;0;1;1;0;0;0;0;0
1120693;1.29;1.02;0;1247.00;18.75;84.75;14.25;0;11.78;14.30;3.36;7.36;2.58;72765.00;0;0;35.00;4515.40;1005.13;351.56;1;1;0;1;0;0;1;0;0;1;0;0;1;1;0;0;0;0;0
1122177;1.33;1.05;0;1255.00;18.75;84.75;14.25;0;11.84;14.30;5.14;7.15;2.58;72765.00;0;0;37.00;4507.60;1005.13;781.24;1;1;0;1;1;0;1;0;0;1;0;0;1;1;0;0;1;0;0
1123675;1.51;1.00;0;1143.00;18.75;84.75;23.25;0;13.15;14.49;5.64;4.77;2.31;72765.00;0;0;37.00;4507.40;1005.13;58.59;1;1;0;1;1;0;1;0;0;1;0;0;1;1;0;0;0;0;0
1125107;1.30;1.03;0;1280.00;18.75;84.75;12.75;0;11.65;14.39;6.99;9.49;2.31;72765.00;0;0;38.00;4519.00;1005.13;664.05;1;1;0;1;0;0;1;0;0;1;0;0;0;1;0;0;0;0;0
1126632;1.31;1.03;0;1246.00;18.75;85.50;14.25;0;11.94;14.49;95.60;49.04;2.31;72765.00;0;0;37.00;4519.00;1005.13;292.97;1;1;0;1;0;0;1;0;0;1;0;0;1;1;0;0;0;0;0
1128123;4.73;1.00;0;2796.00;18.75;85.50;26.25;15.69;31.46;14.11;111.59;61.29;2.58;72765.00;0;0;45.00;4451.80;1005.13;878.90;1;1;0;1;0;0;1;0;0;1;0;0;1;1;0;0;0;0;0
1129521;6.25;1.00;30.00;3229.00;18.75;85.50;16.50;29.42;40.83;14.02;22.83;14.10;2.58;72765.00;29.00;30.00;45.00;4611.40;1005.13;937.49;1;1;0;1;0;0;1;0;0;1;0;0;1;1;0;0;0;0;0
1131063;5.19;1.02;47.00;3726.00;18.75;85.50;24.75;23.53;37.97;14.02;2.07;1.11;2.58;72765.00;46.00;48.00;45.00;4487.00;1005.01;624.99;2.00;1;0;1;0;0;1;0;0;0;0;0;1;1;0;0;0;0;0
1132538;8.22;1.00;63.00;3875.00;18.75;84.75;14.25;39.61;46.87;14.02;133.82;157.04;2.58;72765.00;61.00;63.00;46.00;4508.40;1005.05;878.90;3.00;1;0;1;0;0;1;0;0;1;0;0;1;1;0;0;0;0;0
1134009;7.40;1.00;77.00;4066.00;18.75;84.75;14.25;41.57;47.18;14.11;299.67;328.22;2.58;72765.00;75.00;78.00;46.00;4573.40;1004.66;839.83;4.00;1;0;1;0;0;1;0;0;0;0;0;1;1;0;0;0;0;0
1135609;6.17;1.00;88.00;4069.00;18.75;84.00;19.50;31.77;43.03;14.11;182.45;254.18;2.58;72765.00;86.00;88.00;46.00;4580.80;1004.31;117.19;5.00;1;0;1;0;0;1;0;0;0;0;0;1;1;0;0;0;0;0
1137024;7.90;1.00;96.00;4180.00;18.75;84.00;23.25;28.63;40.57;14.02;144.87;204.38;2.58;72765.00;94.00;96.00;46.00;4544.20;1004.08;273.43;6.00;1;0;1;0;0;1;0;0;0;0;0;1;1;0;0;0;0;0
1138553;0.02;1.00;101.00;4007.00;18.75;84.00;42.00;0;4.36;14.02;305.27;329.55;2.58;72766.00;100.00;101.00;46.00;4439.20;1004.04;624.99;6.00;1;0;1;0;0;1;0;0;0;0;0;1;1;0;0;0;0;0
1140091;2.18;0.94;100.00;4259.00;18.75;83.25;44.25;7.45;18.30;14.02;336.40;347.18;2.58;72766.00;100.00;101.00;47.00;4444.00;1003.88;878.90;6.00;1;0;1;0;0;1;0;0;0;0;0;1;1;0;0;0;0;0
1141619;2.30;0.95;97.00;4120.00;18.75;83.25;42.75;7.84;19.20;14.02;257.80;269.77;2.58;72766.00;96.00;97.00;47.00;4515.00;1003.80;859.36;6.00;1;0;1;0;0;1;0;0;0;0;0;1;1;0;0;0;0;0
1142990;3.71;1.00;98.00;4203.00;18.75;82.50;33.75;16.86;29.44;14.02;174.44;190.18;2.58;72766.00;97.00;99.00;47.00;4545.80;1003.76;800.77;6.00;1;0;1;0;0;1;0;0;0;0;0;1;1;0;0;0;0;0
1144523;4.33;1.06;103.00;4405.00;18.75;82.50;33.00;19.61;31.12;14.02;324.12;310.08;2.58;72766.00;102.00;104.00;47.00;4516.60;1003.80;800.77;6.00;1;0;1;0;0;1;0;0;0;0;0;1;1;0;0;0;0;0
1145956;1.93;0.91;105.00;4412.00;18.75;81.75;45.75;7.45;18.08;14.02;327.58;348.47;2.58;72766.00;104.00;105.00;47.00;4471.60;1003.72;761.71;6.00;1;0;1;0;0;1;0;0;0;0;0;1;1;0;0;0;0;0
1147365;0.53;0.90;100.00;4288.00;18.75;81.75;47.25;0.78;4.95;14.02;331.29;319.98;2.58;72766.00;101.00;101.00;47.00;4506.40;1003.92;644.52;6.00;1;0;1;0;0;1;0;0;0;0;0;1;1;0;0;0;0;0
1148701;0.94;0.91;95.00;4009.00;18.75;81.00;46.50;2.35;7.93;14.02;133.98;172.04;2.58;72766.00;96.00;95.00;48.00;4488.40;1003.92;859.36;6.00;1;0;1;0;0;1;0;0;0;0;0;1;1;0;0;0;0;0
1150271;1.70;0.96;93.00;4003.00;18.75;81.00;45.00;5.49;14.22;13.92;11.41;14.57;2.82;72766.00;93.00;94.00;48.00;4516.20;1004.35;839.83;6.00;1;0;1;0;0;1;0;0;0;0;0;1;1;0;0;0;0;0
1151677;0.98;0.90;92.00;3893.00;18.75;81.00;45.00;2.75;8.84;14.11;3.26;4.08;2.58;72766.00;92.00;92.00;48.00;4491.80;1004.82;410.15;6.00;1;0;1;0;0;1;0;0;0;0;0;1;1;0;0;0;0;0
1153195;1.48;0.92;91.00;3887.00;18.75;81.00;44.25;4.71;12.91;14.02;0.76;0.43;2.58;72766.00;91.00;92.00;48.00;4509.60;1005.01;761.71;6.00;1;0;1;0;0;1;0;0;0;0;0;1;1;0;0;0;0;0
1154669;1.08;0.89;91.00;3798.00;18.75;81.00;43.50;3.14;9.80;14.02;1.15;0;2.58;72766.00;91.00;91.00;48.00;4506.00;1005.25;136.72;6.00;1;0;1;0;0;1;0;0;0;0;0;1;1;0;0;0;0;0
1156224;1.55;0.89;91.00;3871.00;18.75;81.00;44.25;5.10;14.40;14.11;1.60;1.39;2.58;72766.00;91.00;91.00;48.00;4516.00;1005.79;800.77;6.00;1;0;1;0;0;1;0;0;0;0;0;1;1;0;0;0;0;0
1157799;1.62;0.94;92.00;3884.00;18.75;81.00;43.50;6.28;18.54;14.11;1.39;3.63;2.58;72766.00;92.00;92.00;48.00;4486.80;1006.15;898.43;6.00;1;0;1;0;0;1;0;0;0;0;0;1;1;0;0;0;0;0
1159307;1.59;0.96;93.00;3942.00;18.75;81.00;45.00;5.10;13.85;13.92;0.23;1.35;2.82;72766.00;92.00;93.00;48.00;4521.00;1006.38;117.19;6.00;1;0;1;0;0;1;0;0;0;0;0;1;1;0;0;0;0;0
1160788;1.79;0.99;92.00;3947.00;18.75;81.00;39.00;5.10;14.02;14.11;0;2.64;2.58;72766.00;93.00;93.00;48.00;4403.20;1007.01;898.43;6.00;1;0;1;0;0;1;0;0;0;0;0;1;1;0;0;0;0;0
1162297;0.53;1.00;88.00;3754.00;18.75;81.00;-30.00;0;0;14.02;1.70;0.14;2.58;72766.00;89.00;89.00;48.00;4497.40;1007.36;0;6.00;1;0;1;0;0;1;0;0;0;0;0;1;1;0;0;0;0;0
1163670;0.95;1.00;86.00;3626.00;18.75;81.00;40.50;1.96;7.34;14.02;0.49;1.39;2.58;72766.00;85.00;86.00;48.00;4218.40;1007.90;898.43;6.00;1;0;1;0;0;1;0;0;0;0;0;1;1;0;0;0;0;0
1165096;0.60;1.00;83.00;3499.00;18.75;81.00;41.25;0;9.29;14.11;0;2.09;2.58;72766.00;82.00;83.00;48.00;4454.20;1008.41;39.06;6.00;1;0;1;0;0;1;0;0;0;0;0;1;1;0;0;0;0;0
1166515;2.78;0.99;81.00;3453.00;18.75;81.00;39.00;6.67;18.17;14.02;0;0.16;2.58;72766.00;81.00;81.00;48.00;4417.60;1008.69;878.90;6.00;1;0;1;0;0;1;0;0;0;0;0;1;1;0;0;0;0;0
1167899;2.11;0.99;81.00;3451.00;18.75;81.00;39.75;5.88;17.04;14.02;0.10;0.31;2.58;72766.00;80.00;82.00;48.00;4518.20;1008.76;878.90;6.00;1;0;1;0;0;1;0;0;0;0;0;1;1;0;0;0;0;0
1169292;0.61;1.00;80.00;3376.00;18.75;81.00;-30.00;0;0;14.11;0.21;2.42;2.58;72766.00;80.00;79.00;48.00;4550.20;1009.27;0;6.00;1;0;1;0;0;1;0;0;0;0;0;1;1;0;0;0;0;0
1170813;0.73;1.00;65.00;2740.00;18.75;81.00;-30.00;0;0;14.11;0.20;0.62;2.58;72766.00;64.00;65.00;48.00;4580.60;1009.70;0;6.00;1;0;1;0;0;1;0;0;1;0;0;1;1;0;0;0;0;0
1172759;1.34;1.02;35.00;2461.00;18.75;81.00;24.00;1.18;10.04;14.21;14.10;0;2.58;72766.00;35.00;35.00;48.00;4533.40;1009.97;859.36;6.00;1;0;1;0;0;1;0;0;1;0;0;1;1;0;0;1;0;0
1174780;3.23;1.00;37.00;3101.00;18.75;81.75;19.50;9.41;23.07;14.02;124.31;113.76;2.58;72766.00;37.00;38.00;47.00;4498.00;1010.83;390.62;4.00;1;0;1;0;0;1;0;0;1;0;0;1;1;0;0;0;0;0
1176365;0;1.00;47.00;2866.00;18.75;81.75;18.75;0;12.68;14.02;194.54;183.64;2.58;72766.00;47.00;47.00;47.00;4545.00;1011.15;859.36;4.00;1;0;1;0;0;1;0;0;1;0;0;1;1;0;0;0;0;0
1177714;2.63;1.00;55.00;3357.00;18.75;81.75;37.50;7.45;21.72;14.11;207.08;170.46;2.58;72766.00;55.00;55.00;47.00;4509.40;1011.22;878.90;3.00;1;0;1;0;0;1;0;0;1;0;0;1;1;0;0;0;0;0
1179197;3.60;0.99;60.00;3681.00;18.75;81.75;34.50;12.16;26.88;14.02;324.24;308.01;2.58;72766.00;59.00;60.00;47.00;4594.60;1011.34;156.25;3.00;1;0;1;0;0;1;0;0;0;0;0;1;1;0;0;0;0;0
1180766;1.46;1.00;66.00;3453.00;18.75;81.75;39.75;3.92;12.25;14.02;354.74;319.43;2.58;72767.00;67.00;66.00;47.00;4454.80;1011.46;820.30;4.00;1;0;1;0;0;1;0;0;0;0;0;1;1;0;0;0;0;0
1182280;0.94;1.00;62.00;3245.00;18.75;82.50;37.50;0.78;5.85;14.11;271.33;342.83;2.58;72767.00;63.00;62.00;47.00;4264.60;1011.54;781.24;4.00;1;0;1;0;0;1;0;0;0;0;0;1;1;0;0;0;0;0
1183688;0.78;0.99;61.00;3139.00;18.75;82.50;36.00;1.18;6.53;13.92;272.33;313.34;2.82;72767.00;60.00;61.00;47.00;4489.40;1012.01;742.18;4.00;1;0;1;0;0;1;0;0;0;0;0;1;1;0;0;0;0;0
1185251;1.86;0.96;60.00;3095.00;18.75;82.50;35.25;5.10;15.64;14.11;320.60;297.56;2.58;72767.00;59.00;60.00;47.00;4488.40;1012.28;839.83;4.00;1;0;1;0;0;1;0;0;0;0;0;1;1;0;0;0;0;0
1186693;0.68;1.00;57.00;3022.00;18.75;82.50;-30.00;0;0;14.21;271.15;290.02;2.58;72767.00;58.00;58.00;47.00;4565.60;1012.40;0;4.00;1;0;1;0;0;1;0;0;1;0;0;1;1;0;0;0;0;0
1188232;2.54;1.00;55.00;2887.00;18.75;82.50;12.00;5.49;15.06;14.11;257.03;230.41;2.58;72767.00;55.00;55.00;47.00;4264.00;1012.51;878.90;4.00;1;0;1;0;0;1;0;0;1;0;0;1;1;0;0;0;0;0
1189689;3.74;1.00;60.00;3147.00;18.75;82.50;30.75;12.55;28.22;14.11;182.72;201.26;2.58;72767.00;60.00;61.00;47.00;4513.20;1012.55;800.77;4.00;1;0;1;0;0;1;0;0;0;0;0;1;1;0;0;0;0;0
1191139;2.95;0.96;65.00;3399.00;18.75;82.50;34.50;10.20;23.97;14.11;337.56;305.82;2.58;72767.00;65.00;66.00;47.00;4533.80;1012.55;644.52;4.00;1;0;1;0;0;1;0;0;0;0;0;1;1;0;0;0;0;0
1192545;3.41;0.98;70.00;3658.00;18.75;83.25;33.00;14.51;26.99;14.11;335.78;350.31;2.58;72767.00;70.00;71.00;47.00;4508.80;1012.55;859.36;4.00;1;0;1;0;0;1;0;0;0;0;0;1;1;0;0;0;0;0
1193976;2.18;0.97;72.00;3368.00;18.75;83.25;39.00;5.88;17.53;14.11;321.66;315.53;2.58;72767.00;73.00;73.00;47.00;4360.60;1012.55;898.43;5.00;1;0;1;0;0;1;0;0;0;0;0;1;1;0;0;0;0;0
1195377;0.66;1.00;70.00;3172.00;18.75;83.25;-30.00;0;0;14.11;306.00;300.43;2.58;72767.00;70.00;70.00;47.00;4548.00;1012.55;839.83;5.00;1;0;1;0;0;1;0;0;0;0;0;1;1;0;0;0;0;0
1196935;2.98;0.94;70.00;3220.00;18.75;83.25;32.25;10.59;24.64;14.11;352.56;353.04;2.58;72767.00;69.00;70.00;47.00;4468.20;1012.55;859.36;5.00;1;0;1;0;0;1;0;0;0;0;0;1;1;0;0;0;0;0
1198407;1.93;0.93;71.00;3268.00;18.75;83.25;38.25;5.49;16.93;13.92;340.35;352.05;2.82;72767.00;70.00;71.00;47.00;4510.80;1012.55;273.43;5.00;1;0;1;0;0;1;0;0;0;0;0;1;1;0;0;0;0;0
1199736;0.79;0.92;70.00;3188.00;18.75;83.25;36.75;1.18;7.05;14.11;343.57;314.61;2.58;72767.00;70.00;69.00;47.00;4524.80;1012.55;781.24;5.00;1;0;1;0;0;1;0;0;0;0;0;1;1;0;0;0;0;0
1201190;1.34;1.00;65.00;3009.00;18.75;83.25;25.50;2.75;8.95;14.11;186.34;134.84;2.58;72767.00;65.00;65.00;47.00;4235.80;1012.79;878.90;5.00;1;0;1;0;0;1;0;0;0;0;0;1;1;0;0;0;0;0
1202750;1.96;0.92;67.00;3102.00;18.75;83.25;35.25;5.49;17.17;14.11;317.05;321.82;2.58;72767.00;66.00;67.00;47.00;4505.60;1013.06;175.78;5.00;1;0;1;0;0;1;0;0;0;0;0;1;1;0;0;0;0;0
1204179;1.45;1.00;67.00;3120.00;18.75;83.25;35.25;3.53;11.93;14.11;317.85;306.27;2.58;72767.00;66.00;68.00;47.00;4511.80;1013.37;878.90;5.00;1;0;1;0;0;1;0;0;0;0;0;1;1;0;0;0;0;0
1205574;1.65;0.99;66.00;3068.00;18.75;83.25;34.50;3.92;13.82;14.02;308.38;288.20;2.58;72767.00;67.00;66.00;47.00;4504.80;1013.49;859.36;5.00;1;0;1;0;0;1;0;0;0;0;0;1;1;0;0;0;0;0
1207044;1.10;0.91;67.00;3088.00;18.75;83.25;35.25;2.75;11.14;14.02;191.43;199.67;2.58;72767.00;67.00;67.00;47.00;4552.20;1013.41;742.18;5.00;1;0;1;0;0;1;0;0;0;0;0;1;1;0;0;0;0;0
1208448;0.70;1.00;61.00;2859.00;18.75;83.25;-30.00;0;0;14.11;317.44;326.15;2.58;72767.00;62.00;62.00;47.00;4530.80;1013.26;0;5.00;1;0;1;0;0;1;0;0;0;0;0;1;1;0;0;0;0;0
1209806;0.90;1.00;52.00;2407.00;18.75;83.25;16.50;0;12.64;14.11;343.22;312.03;2.58;72767.00;53.00;52.00;43.00;4243.40;1013.33;19.53;5.00;1;0;1;0;0;1;0;0;1;0;0;1;1;0;0;0;0;0
1211309;1.18;1.00;41.00;2025.00;18.75;83.25;39.75;0;15.60;14.21;206.61;220.14;2.58;72767.00;41.00;41.00;46.00;4502.40;1013.45;839.83;4.00;1;0;1;0;0;1;0;0;1;0;0;1;1;0;0;0;0;0
1212841;1.10;1.01;27.00;1718.00;18.75;83.25;14.25;0;12.66;14.30;167.22;201.10;2.58;72767.00;28.00;28.00;42.00;4528.00;1013.65;761.71;3.00;1;0;1;1;0;1;0;0;1;0;0;1;1;0;0;0;0;0
1214351;1.17;0.99;20.00;1617.00;18.75;83.25;14.25;0;12.67;14.21;148.06;142.43;2.58;72767.00;20.00;20.00;42.00;4523.00;1013.72;878.90;2.00;1;0;1;0;0;1;0;0;1;0;0;1;1;0;0;1;0;0
1215699;1.30;0.95;15.00;1314.00;18.75;83.25;14.25;0;12.43;14.39;82.10;86.95;2.31;72767.00;16.00;15.00;42.00;4508.40;1013.76;664.05;2.00;1;0;1;0;0;1;0;0;1;0;0;1;1;0;0;0;0;0
1217429;1.36;0.96;12.00;1360.00;18.75;83.25;15.00;0;12.53;14.30;142.84;115.34;2.58;72767.00;12.00;12.00;41.00;4507.60;1013.76;624.99;1;1;0;1;0;0;1;0;0;1;0;0;1;1;0;0;0;0;0
1218977;1.38;0.95;10.00;1330.00;18.75;83.25;13.50;0;12.35;14.39;100.03;63.02;2.31;72767.00;10.00;10.00;41.00;4498.00;1013.76;78.12;1;1;0;1;0;0;1;0;0;1;0;0;1;1;0;0;0;0;0
1220583;1.43;1.00;8.00;1316.00;18.75;83.25;14.25;0;12.45;14.30;139.09;116.77;2.58;72767.00;9.00;9.00;42.00;4515.60;1013.76;839.83;1;1;0;1;0;0;1;0;0;1;0;0;1;1;0;0;0;0;0
1222279;1.42;0.99;0;1270.00;18.75;84.00;13.50;0;12.14;14.39;102.43;143.35;2.31;72767.00;0;0;39.00;4520.60;1013.76;78.12;1;1;0;1;0;0;1;0;0;1;0;0;1;1;0;0;0;0;0
1223687;1.32;1.02;0;1271.00;18.75;84.00;13.50;0;11.95;14.49;90.37;139.76;2.31;72767.00;0;0;37.00;4511.60;1013.76;820.30;1;1;0;1;0;0;1;0;0;1;0;0;1;1;0;0;0;0;0
1225109;1.38;1.02;0;1226.00;18.75;84.00;17.25;0;12.53;14.39;58.43;91.60;2.31;72767.00;0;0;38.00;4497.80;1013.76;117.19;1;1;0;1;0;0;1;0;0;1;0;0;1;1;0;0;0;0;0
1226598;1.41;1.07;0;1276.00;18.75;84.00;13.50;0;11.89;14.39;120.97;176.81;2.31;72767.00;0;0;38.00;4507.60;1013.76;859.36;1;1;0;1;0;0;1;0;0;1;0;0;1;1;0;0;0;0;0
1228302;1.27;1.04;0;1278.00;18.75;84.75;12.75;0;11.69;14.39;52.85;79.25;2.31;72767.00;0;0;37.00;4516.20;1013.76;371.09;1;1;0;1;0;0;1;0;0;1;0;0;1;1;0;0;0;0;0
1229741;1.31;1.02;0;1254.00;18.75;84.75;14.25;0;11.94;14.49;22.67;35.88;2.31;72767.00;0;0;37.00;4501.20;1013.76;703.12;1;1;0;1;0;0;1;0;0;1;0;0;1;1;0;0;0;0;0
1231173;1.41;1.03;0;1193.00;18.75;84.75;18.00;0;12.56;14.39;23.67;23.40;2.31;72767.00;0;0;37.00;4520.60;1013.76;97.66;1;1;0;1;0;0;1;0;0;1;0;0;1;1;0;0;0;0;0
1232578;3.84;1.00;0;1958.00;18.75;84.75;13.50;6.28;21.50;14.21;11.23;14.84;2.58;72767.00;0;0;46.00;4489.60;1013.76;937.49;1;1;0;1;0;0;1;0;0;1;0;0;1;1;0;0;0;0;0
1234034;5.16;0.97;25.00;2752.00;18.75;84.75;18.00;23.92;37.79;14.02;197.64;203.54;2.58;72767.00;24.00;25.00;46.00;4609.60;1013.76;78.12;1;1;0;1;0;0;1;0;0;1;0;0;1;1;0;0;0;0;0
1235541;6.51;1.00;46.00;3643.00;18.75;84.75;15.00;32.16;43.36;14.11;211.57;226.35;2.58;72767.00;45.00;47.00;46.00;4528.00;1013.76;898.43;2.00;1;0;1;0;0;1;0;0;1;0;0;1;1;0;0;0;0;0
1237106;7.27;1.00;65.00;4006.00;18.75;84.00;15.00;38.44;47.38;14.02;248.05;295.78;2.58;72767.00;63.00;66.00;46.00;4503.60;1013.80;664.05;3.00;1;0;1;0;0;1;0;0;1;0;0;1;1;0;0;0;0;0
1238465;0.26;1.00;75.00;4138.00;18.75;83.25;42.00;2.35;4.43;14.02;312.85;332.91;2.58;72767.00;75.00;76.00;47.00;4340.60;1013.96;898.43;4.00;1;0;1;0;0;1;0;0;0;0;0;1;1;0;0;0;0;0
1239771;4.95;1.02;86.00;4499.00;18.75;82.50;28.50;25.49;36.25;14.02;343.24;324.45;2.58;72767.00;85.00;87.00;47.00;4515.20;1013.76;878.90;4.00;1;0;1;0;0;1;0;0;0;0;0;1;1;0;0;0;0;0
1241257;4.13;0.95;91.00;4248.00;18.75;81.75;30.00;20.39;33.20;14.11;261.70;270.02;2.58;72767.00;90.00;92.00;47.00;4546.40;1013.72;97.66;5.00;1;0;1;0;0;1;0;0;0;0;0;1;1;0;0;0;0;0
1242688;3.00;0.98;95.00;4009.00;18.75;81.75;39.00;10.98;23.82;14.02;273.19;235.28;2.58;72767.00;94.00;95.00;47.00;4443.40;1013.57;664.05;6.00;1;0;1;0;0;1;0;0;0;0;0;1;1;0;0;0;0;0
1244175;1.53;0.96;93.00;3989.00;18.75;81.75;45.00;4.71;13.54;14.11;348.67;347.18;2.58;72767.00;94.00;94.00;47.00;4473.60;1013.61;898.43;6.00;1;0;1;0;0;1;0;0;0;0;0;1;1;0;0;0;0;0
1245583;1.73;0.95;91.00;3844.00;18.75;81.75;44.25;5.10;14.65;14.02;258.07;270.82;2.58;72767.00;91.00;91.00;47.00;4490.80;1013.72;859.36;6.00;1;0;1;0;0;1;0;0;0;0;0;1;1;0;0;0;0;0
1247081;2.50;0.96;91.00;3850.00;18.75;81.75;40.50;8.24;20.55;14.02;196.02;216.55;2.58;72767.00;90.00;91.00;47.00;4542.40;1013.76;449.21;6.00;1;0;1;0;0;1;0;0;0;0;0;1;1;0;0;0;0;0
1248486;2.59;0.98;90.00;3836.00;18.75;81.75;40.50;8.24;20.57;14.02;216.69;251.94;2.58;72767.00;89.00;91.00;47.00;4542.40;1013.76;800.77;6.00;1;0;1;0;0;1;0;0;0;0;0;1;1;0;0;0;0;0
1249751;3.55;1.00;91.00;3891.00;18.75;81.75;34.50;14.51;26.97;14.02;296.72;342.54;2.58;72767.00;91.00;92.00;47.00;4552.80;1013.76;742.18;6.00;1;0;1;0;0;1;0;0;0;0;0;1;1;0;0;0;0;0
1251232;3.02;0.97;93.00;3941.00;18.75;81.00;37.50;11.37;24.46;14.11;271.08;321.25;2.58;72767.00;92.00;93.00;48.00;4508.80;1013.76;97.66;6.00;1;0;1;0;0;1;0;0;0;0;0;1;1;0;0;0;0;0
1252644;4.15;0.99;95.00;4045.00;18.75;81.00;31.50;18.83;31.62;14.11;29.96;31.40;2.58;72768.00;93.00;95.00;48.00;4592.00;1013.76;781.24;6.00;1;0;1;0;0;1;0;0;0;0;0;1;1;0;0;0;0;0
1253992;3.79;1.00;97.00;4108.00;18.75;81.00;34.50;15.69;28.65;14.11;5.51;2.32;2.58;72768.00;96.00;97.00;48.00;4524.80;1013.76;800.77;6.00;1;0;1;0;0;1;0;0;0;0;0;1;1;0;0;0;0;0
1255496;3.23;0.98;97.00;4155.00;18.75;81.00;37.50;12.55;25.52;14.02;1.05;0.70;2.58;72768.00;97.00;98.00;48.00;4511.20;1013.76;820.30;6.00;1;0;1;0;0;1;0;0;0;0;0;1;1;0;0;0;0;0
1256819;2.86;0.98;97.00;4143.00;18.75;81.75;39.75;10.20;22.83;14.02;238.99;243.75;2.58;72768.00;97.00;98.00;47.00;4510.60;1013.76;742.18;6.00;1;0;1;0;0;1;0;0;0;0;0;1;1;0;0;0;0;0
1258274;1.82;0.98;96.00;4058.00;18.75;81.75;45.75;5.49;14.97;14.11;181.75;221.53;2.58;72768.00;95.00;96.00;47.00;4470.60;1013.76;820.30;6.00;1;0;1;0;0;1;0;0;0;0;0;1;1;0;0;0;0;0
1259997;2.58;0.93;92.00;3955.00;18.75;81.75;39.75;9.41;21.84;14.02;205.20;173.33;2.58;72768.00;92.00;93.00;47.00;4521.80;1013.76;39.06;6.00;1;0;1;0;0;1;0;0;0;0;0;1;1;0;0;0;0;0
1261503;1.02;0.97;91.00;3831.00;18.75;81.75;44.25;2.75;8.63;14.11;321.35;325.70;2.58;72768.00;91.00;91.00;47.00;4499.80;1013.76;859.36;6.00;1;0;1;0;0;1;0;0;0;0;0;1;1;0;0;0;0;0
1262853;2.43;1.00;86.00;3677.00;18.75;81.75;40.50;7.06;18.95;14.02;345.80;346.09;2.58;72768.00;86.00;87.00;47.00;4512.40;1013.84;664.05;6.00;1;0;1;0;0;1;0;0;0;0;0;1;1;0;0;0;0;0
1264442;3.80;1.00;86.00;3648.00;18.75;81.75;33.00;14.51;27.16;14.11;308.59;336.93;2.58;72768.00;86.00;86.00;47.00;4531.80;1013.96;839.83;6.00;1;0;1;0;0;1;0;0;0;0;0;1;1;0;0;0;0;0
1265780;3.22;1.00;91.00;3896.00;18.75;81.75;35.25;12.94;25.84;14.11;224.15;306.39;2.58;72768.00;90.00;92.00;47.00;4477.40;1014.15;800.77;6.00;1;0;1;0;0;1;0;0;0;0;0;1;1;0;0;0;0;0
1267185;3.53;0.99;92.00;3923.00;18.75;81.75;33.75;16.08;28.71;14.11;332.48;335.21;2.58;72768.00;91.00;93.00;47.00;4544.80;1014.00;820.30;6.00;1;0;1;0;0;1;0;0;0;0;0;1;1;0;0;0;0;0
1268592;4.60;1.00;95.00;4003.00;18.75;81.75;33.75;17.26;29.54;14.02;343.12;295.65;2.58;72768.00;93.00;95.00;47.00;4553.20;1014.08;859.36;6.00;1;0;1;0;0;1;0;0;0;0;0;1;1;0;0;0;0;0
1270024;4.09;1.00;97.00;4113.00;18.75;81.75;32.25;18.04;31.29;14.02;275.72;193.52;2.58;72768.00;96.00;98.00;47.00;4528.80;1013.96;781.24;6.00;1;0;1;0;0;1;0;0;0;0;0;1;1;0;0;0;0;0
1271430;3.22;1.00;100.00;4184.00;18.75;81.75;34.50;15.69;30.03;14.02;151.44;165.28;2.58;72768.00;98.00;100.00;47.00;4488.00;1013.88;175.78;6.00;1;0;1;0;0;1;0;0;0;0;0;1;1;0;0;0;0;0
1272913;4.26;1.07;101.00;4288.00;18.75;81.75;33.75;18.04;30.60;14.11;339.31;333.73;2.58;72768.00;99.00;101.00;47.00;4500.00;1013.80;781.24;6.00;1;0;1;0;0;1;0;0;0;0;0;1;1;0;0;0;0;0
1274384;3.43;1.01;101.00;4302.00;18.75;81.75;37.50;14.12;25.87;14.02;327.09;347.71;2.58;72768.00;101.00;102.00;47.00;4520.60;1013.80;722.65;6.00;1;0;1;0;0;1;0;0;0;0;0;1;1;0;0;0;0;0
1275867;3.23;1.00;101.00;4296.00;18.75;81.75;38.25;12.55;25.07;14.02;305.98;279.04;2.58;72768.00;101.00;101.00;47.00;4483.20;1013.80;761.71;6.00;1;0;1;0;0;1;0;0;0;0;0;1;1;0;0;0;0;0
1277325;3.63;1.08;100.00;4239.00;18.75;82.50;37.50;13.33;26.06;14.11;182.64;221.59;2.58;72768.00;99.00;101.00;47.00;4520.40;1013.80;703.12;6.00;1;0;1;0;0;1;0;0;0;0;0;1;1;0;0;0;0;0
1278750;3.65;1.03;100.00;4231.00;18.75;82.50;36.00;14.51;27.18;14.11;337.77;342.69;2.58;72768.00;99.00;100.00;47.00;4507.60;1013.80;722.65;6.00;1;0;1;0;0;1;0;0;0;0;0;1;1;0;0;0;0;0
1280196;3.84;1.06;100.00;4231.00;18.75;82.50;35.25;15.30;27.96;14.11;273.38;353.18;2.58;72768.00;99.00;100.00;47.00;4495.40;1013.80;371.09;6.00;1;0;1;0;0;1;0;0;0;0;0;1;1;0;0;0;0;0
1281632;3.24;1.01;100.00;4219.00;18.75;82.50;38.25;11.77;24.89;14.11;242.23;308.18;2.58;72768.00;98.00;100.00;47.00;4492.20;1013.76;742.18;6.00;1;0;1;0;0;1;0;0;0;0;0;1;1;0;0;0;0;0
1283016;3.51;0.99;97.00;4156.00;18.75;82.50;36.75;13.73;26.60;13.92;187.49;206.69;2.82;72768.00;97.00;98.00;47.00;4546.20;1013.76;449.21;6.00;1;0;1;0;0;1;0;0;0;0;0;1;1;0;0;0;0;0
1284490;3.36;0.99;97.00;4124.00;18.75;82.50;36.75;13.33;26.21;14.11;324.08;284.59;2.58;72768.00;96.00;98.00;47.00;4494.40;1013.76;820.30;6.00;1;0;1;0;0;1;0;0;0;0;0;1;1;0;0;0;0;0
1285817;3.48;1.00;97.00;4123.00;18.75;82.50;36.75;13.33;26.52;14.11;301.93;307.46;2.58;72768.00;96.00;97.00;47.00;4513.00;1013.57;703.12;6.00;1;0;1;0;0;1;0;0;0;0;0;1;1;0;0;0;0;0
1287311;4.18;1.00;97.00;4142.00;18.75;82.50;33.75;17.26;29.84;14.11;227.52;258.44;2.58;72768.00;96.00;97.00;47.00;4546.20;1013.61;781.24;6.00;1;0;1;0;0;1;0;0;0;0;0;1;1;0;0;0;0;0
1288697;3.50;1.02;97.00;4106.00;18.75;82.50;36.75;13.33;26.61;14.02;157.74;166.57;2.58;72769.00;96.00;97.00;47.00;4513.00;1013.53;664.05;6.00;1;0;1;0;0;1;0;0;0;0;0;1;1;0;0;0;0;0
1290087;3.02;0.99;96.00;4109.00;18.75;82.50;39.00;10.98;23.79;14.11;293.91;260.04;2.58;72769.00;96.00;97.00;47.00;4503.00;1013.41;292.97;6.00;1;0;1;0;0;1;0;0;0;0;0;1;1;0;0;0;0;0
1291488;3.62;1.00;96.00;4075.00;18.75;82.50;35.25;14.90;27.65;14.11;284.45;325.82;2.58;72769.00;95.00;96.00;47.00;4553.60;1013.26;449.21;6.00;1;0;1;0;0;1;0;0;0;0;0;1;1;0;0;0;0;0
1292860;3.09;1.00;97.00;4116.00;18.75;82.50;37.50;12.55;25.45;14.02;258.21;219.52;2.58;72769.00;96.00;98.00;47.00;4516.80;1012.98;527.34;6.00;1;0;1;0;0;1;0;0;0;0;0;1;1;0;0;0;0;0
1294281;4.38;1.06;98.00;4176.00;18.75;82.50;32.25;17.65;30.86;14.11;172.08;192.27;2.58;72769.00;97.00;99.00;47.00;4538.00;1012.98;156.25;6.00;1;0;1;0;0;1;0;0;0;0;0;1;1;0;0;0;0;0
1295793;0.54;1.00;93.00;3918.00;18.75;82.50;-30.00;0;0;14.02;310.06;257.97;2.58;72769.00;94.00;93.00;47.00;4367.60;1012.87;0;6.00;1;0;1;0;0;1;0;0;0;0;0;1;1;0;0;0;0;0
1297291;0.61;1.00;83.00;3590.00;18.75;82.50;-30.00;0;0;14.11;339.94;315.29;2.58;72769.00;84.00;84.00;47.00;4305.60;1012.87;0;6.00;1;0;1;0;0;1;0;0;0;0;0;1;1;0;0;0;0;0
1298842;0.64;1.00;77.00;3252.00;18.75;82.50;-30.00;0;0;14.11;290.96;304.51;2.58;72769.00;77.00;77.00;47.00;4355.60;1012.83;0;6.00;1;0;1;0;0;1;0;0;0;0;0;1;1;0;0;0;0;0
1300240;0.70;1.00;71.00;2996.00;18.75;82.50;-30.00;0;0;14.21;273.03;269.92;2.58;72769.00;71.00;71.00;47.00;4388.20;1013.10;0;6.00;1;0;1;0;0;1;0;0;0;0;0;1;1;0;0;0;0;0
1301581;0.74;1.00;66.00;2799.00;18.75;82.50;-30.00;0;0;14.11;311.31;343.34;2.58;72769.00;66.00;66.00;47.00;4346.40;1013.33;0;6.00;1;0;1;0;0;1;0;0;0;0;0;1;1;0;0;0;0;0
1303094;0.89;1.00;57.00;2479.00;18.75;82.50;18.00;0;12.71;14.11;352.40;335.94;2.58;72769.00;57.00;58.00;52.00;4233.80;1013.61;39.06;6.00;1;0;1;0;0;1;0;0;1;0;0;1;1;0;0;0;0;0
1304593;1.01;1.00;46.00;1951.00;18.75;82.50;15.00;0;12.64;14.30;349.78;338.49;2.58;72769.00;46.00;46.00;42.00;4514.60;1013.72;78.12;6.00;1;0;1;0;0;1;0;0;1;0;0;1;1;0;0;0;0;0
1306018;0.98;1.00;38.00;2024.00;18.75;82.50;14.25;0;12.74;14.21;208.40;320.78;2.58;72769.00;39.00;39.00;43.00;4517.80;1013.76;839.83;4.00;1;0;1;0;0;1;0;0;1;0;0;1;1;0;0;0;0;0
1307448;1.31;0.98;30.00;1503.00;18.75;82.50;14.25;0;12.66;14.39;153.66;210.32;2.31;72769.00;29.00;30.00;42.00;4494.20;1013.76;839.83;4.00;1;0;1;1;0;1;0;0;1;0;0;1;1;0;0;1;0;0
1308898;1.33;0.94;21.00;1369.00;18.75;82.50;15.00;0;12.60;14.39;205.24;194.56;2.31;72769.00;21.00;21.00;41.00;4503.00;1013.76;253.90;3.00;1;0;1;0;0;1;0;0;1;0;0;1;1;0;0;0;0;0
1310365;1.38;0.96;15.00;1325.00;18.75;82.50;14.25;0;12.59;14.39;231.92;221.47;2.31;72769.00;15.00;15.00;42.00;4512.80;1014.15;39.06;3.00;1;0;1;1;0;1;0;0;1;0;0;1;1;0;0;1;0;0
1311873;1.31;0.98;11.00;1352.00;18.75;82.50;15.00;0;12.63;14.39;220.90;177.22;2.31;72769.00;11.00;11.00;43.00;4498.00;1014.70;781.24;2.00;1;0;1;1;0;1;0;0;1;0;0;1;1;0;0;1;0;0
1313508;1.36;0.96;6.00;1284.00;18.75;82.50;12.75;0;12.23;14.30;235.94;161.01;2.58;72769.00;7.00;7.00;40.00;4505.40;1014.90;39.06;1;1;0;1;0;0;1;0;0;1;0;0;1;1;0;0;0;0;0
1315751;1.43;1.02;3.00;1225.00;18.75;83.25;16.50;0;12.53;14.49;169.81;152.04;2.31;72769.00;3.00;3.00;38.00;4516.00;1014.97;800.77;1;1;0;1;0;0;1;0;0;1;0;0;1;1;0;0;0;0;0
1317076;1.25;0.98;0;1278.00;18.75;83.25;13.50;0;11.89;14.49;92.88;80.15;2.31;72769.00;0;0;37.00;4504.40;1015.01;332.03;1;1;0;1;0;0;1;0;0;1;0;0;1;1;0;0;0;0;0
1318646;1.27;1.00;0;1314.00;18.75;83.25;12.00;0;11.68;14.49;105.99;78.20;2.31;72769.00;0;0;40.00;4506.60;1015.01;39.06;1;1;0;1;0;0;1;0;0;1;0;0;1;1;0;0;0;0;0
1319974;1.38;1.04;0;1270.00;18.75;84.00;14.25;0;12.15;14.39;167.84;103.80;2.31;72769.00;0;0;39.00;4505.80;1015.01;78.12;1;1;0;1;1;0;1;0;0;1;0;0;1;1;0;0;1;0;0
1321395;1.31;1.06;0;1284.00;18.75;84.00;12.75;0;11.75;14.30;167.65;63.39;2.58;72769.00;0;0;37.00;4526.80;1015.01;742.18;1;1;0;1;0;0;1;0;0;1;0;0;1;1;0;0;0;0;0
1322821;1.26;1.02;0;1251.00;18.75;84.00;15.00;0;12.02;14.39;76.03;30.21;2.31;72769.00;0;0;37.00;4512.20;1015.01;78.12;1;1;0;1;0;0;1;0;0;1;0;0;1;1;0;0;0;0;0
1324234;1.41;1.05;0;1246.00;18.75;84.75;14.25;0;12.02;14.30;84.39;55.91;2.58;72769.00;0;0;36.00;4511.80;1015.01;761.71;1;1;0;1;0;0;1;0;0;1;0;0;1;1;0;0;0;0;0
1325700;1.35;1.04;0;1257.00;18.75;84.75;14.25;0;11.95;14.30;38.20;33.44;2.58;72769.00;0;0;37.00;4512.40;1015.01;136.72;1;1;0;1;0;0;1;0;0;1;0;0;1;1;0;0;0;0;0
1327172;1.37;1.04;0;1242.00;18.75;84.75;15.00;0;12.01;14.30;18.69;17.66;2.58;72769.00;0;0;36.00;4511.40;1015.01;761.71;1;1;0;1;0;0;1;0;0;1;0;0;1;1;0;0;1;0;0
1328510;1.37;1.02;0;1236.00;18.75;84.75;15.75;0;12.14;14.39;8.85;8.83;2.31;72769.00;0;0;37.00;4519.80;1015.01;97.66;1;1;0;1;1;0;1;0;0;1;0;0;1;1;0;0;1;0;0
1329880;1.42;1.07;0;1241.00;18.75;84.75;15.00;0;12.00;14.49;4.14;8.22;2.31;72769.00;0;0;36.00;4516.80;1015.01;800.77;1;1;0;1;1;0;1;0;0;1;0;0;1;1;0;0;0;0;0
1331283;1.30;1.03;0;1249.00;18.75;84.75;14.25;0;11.83;14.49;1.80;3.83;2.31;72769.00;0;0;36.00;4510.60;1015.01;839.83;1;1;0;1;0;0;1;0;0;1;0;0;1;1;0;0;0;0;0
1332740;1.27;1.01;0;1264.00;18.75;85.50;13.50;0;11.70;14.49;2.17;1.52;2.31;72769.00;0;0;36.00;4517.80;1015.01;39.06;1;1;0;1;0;0;1;0;0;1;0;0;1;1;0;0;1;0;0
1334128;3.94;0.99;0;2552.00;18.75;85.50;26.25;10.59;26.83;14.21;0.66;2.70;2.58;72769.00;0;0;45.00;4477.40;1015.01;898.43;1;1;0;1;0;0;1;0;0;1;0;0;1;1;0;0;0;0;0
1335700;5.98;1.00;30.00;3321.00;18.75;85.50;15.00;30.98;41.76;14.11;2.09;0.35;2.58;72769.00;29.00;30.00;45.00;4647.40;1015.01;898.43;1;1;0;1;0;0;1;0;0;1;0;0;1;1;0;0;0;0;0
1337181;5.58;0.97;52.00;4110.00;18.75;84.75;21.00;29.02;43.12;14.02;218.62;175.98;2.58;72769.00;51.00;53.00;46.00;4543.60;1015.01;683.59;2.00;1;0;1;0;0;1;0;0;1;0;0;1;1;0;0;0;0;0
1338714;7.04;0.97;68.00;4215.00;18.75;84.00;14.25;43.53;49.76;14.02;338.10;264.49;2.58;72769.00;67.00;69.00;46.00;4608.40;1014.78;429.68;3.00;1;0;1;0;0;1;0;0;0;0;0;1;1;0;0;0;0;0
1340068;5.69;0.98;80.00;4136.00;18.75;83.25;20.25;29.81;42.24;14.11;346.40;195.98;2.58;72769.00;77.00;80.00;47.00;4556.60;1014.74;878.90;4.00;1;0;1;0;0;1;0;0;0;0;0;1;1;0;0;0;0;0
1341487;5.34;1.00;88.00;4078.00;18.75;82.50;18.00;29.81;44.34;14.11;233.31;171.53;2.58;72769.00;88.00;89.00;47.00;4527.00;1014.54;761.71;5.00;1;0;1;0;0;1;0;0;0;0;0;1;1;0;0;0;0;0
1342994;5.06;1.00;95.00;3998.00;18.75;81.75;29.25;21.18;34.39;14.02;326.35;318.92;2.58;72769.00;94.00;95.00;47.00;4500.80;1014.15;878.90;6.00;1;0;1;0;0;1;0;0;0;0;0;1;1;0;0;0;0;0
1344450;5.78;1.00;95.00;4075.00;18.75;81.75;27.75;22.75;35.76;13.92;265.86;296.74;2.82;72769.00;94.00;96.00;47.00;4558.00;1013.92;585.93;6.00;1;0;1;0;0;1;0;0;0;0;0;1;1;0;0;0;0;0
1345848;5.20;1.00;100.00;4202.00;18.75;81.75;24.75;25.89;38.98;14.11;206.10;223.74;2.58;72769.00;98.00;100.00;47.00;4515.60;1013.84;820.30;6.00;1;0;1;0;0;1;0;0;0;0;0;1;1;0;0;0;0;0
1347322;4.43;1.00;100.00;4245.00;18.75;81.75;30.00;20.79;33.56;14.02;144.99;126.14;2.58;72769.00;99.00;100.00;47.00;4511.40;1013.80;800.77;6.00;1;0;1;0;0;1;0;0;0;0;0;0;1;0;0;0;0;0
1348802;4.33;1.00;100.00;4247.00;18.75;81.75;30.00;20.39;33.53;14.02;326.37;271.23;2.58;72769.00;99.00;100.00;47.00;4505.20;1013.72;800.77;6.00;1;0;1;0;0;1;0;0;0;0;0;1;1;0;0;0;0;0
1350167;4.52;1.04;100.00;4221.00;18.75;81.75;30.75;20.39;33.23;14.11;329.71;305.14;2.58;72769.00;99.00;100.00;47.00;4506.40;1013.76;683.59;6.00;1;0;1;0;0;1;0;0;0;0;0;1;1;0;0;0;0;0
1351608;3.48;1.00;100.00;4244.00;18.75;81.75;36.00;14.51;27.05;14.02;280.96;291.62;2.58;72769.00;98.00;100.00;47.00;4490.80;1013.61;839.83;6.00;1;0;1;0;0;1;0;0;0;0;0;1;1;0;0;0;0;0
1352880;4.33;1.04;98.00;4195.00;18.75;81.75;31.50;18.83;31.67;14.02;199.36;188.97;2.58;72769.00;98.00;99.00;47.00;4502.20;1013.06;664.05;6.00;1;0;1;0;0;1;0;0;0;0;0;1;1;0;0;0;0;0
1354300;3.65;1.01;98.00;4174.00;18.75;81.75;35.25;14.90;27.59;14.02;254.89;262.23;2.58;72769.00;97.00;98.00;47.00;4501.60;1012.79;156.25;6.00;1;0;1;0;0;1;0;0;0;0;0;1;1;0;0;0;0;0
1355703;3.12;0.96;96.00;4108.00;18.75;81.75;37.50;12.16;25.22;14.02;330.19;301.74;2.58;72769.00;95.00;96.00;47.00;4507.20;1012.67;722.65;6.00;1;0;1;0;0;1;0;0;0;0;0;1;1;0;0;0;0;0
1357132;3.92;1.01;96.00;4073.00;18.75;81.75;33.75;16.47;29.38;14.02;295.78;215.69;2.58;72769.00;95.00;96.00;47.00;4497.40;1012.63;800.77;6.00;1;0;1;0;0;1;0;0;0;0;0;1;1;0;0;0;0;0
1358528;4.66;1.00;95.00;4030.00;18.75;81.75;30.00;20.39;33.59;14.11;202.25;202.02;2.58;72770.00;95.00;96.00;47.00;4561.00;1012.59;97.66;6.00;1;0;1;0;0;1;0;0;0;0;0;1;1;0;0;0;0;0
1359848;4.54;1.01;96.00;4104.00;18.00;81.75;29.25;20.39;34.08;14.02;262.60;292.83;2.58;72770.00;95.00;96.00;47.00;4520.40;1012.47;585.93;6.00;1;0;1;0;0;1;0;0;0;0;0;1;1;0;0;0;0;0
1361287;3.82;0.96;96.00;4078.00;18.00;81.75;33.00;17.26;30.35;14.02;325.45;282.38;2.58;72770.00;95.00;97.00;47.00;4511.80;1012.28;664.05;6.00;1;0;1;0;0;1;0;0;0;0;0;1;1;0;0;0;0;0
1362745;3.90;0.98;96.00;4083.00;18.00;81.75;33.00;17.26;30.38;14.11;241.90;292.25;2.58;72770.00;94.00;96.00;47.00;4520.20;1012.04;742.18;6.00;1;0;1;0;0;1;0;0;0;0;0;1;1;0;0;0;0;0
1364124;3.31;0.98;95.00;4010.00;18.00;81.75;35.25;14.51;27.59;14.11;210.51;220.28;2.58;72770.00;95.00;96.00;47.00;4476.40;1011.62;820.30;6.00;1;0;1;0;0;1;0;0;0;0;0;1;1;0;0;0;0;0
1365518;3.18;1.00;93.00;3973.00;18.00;81.75;36.75;11.77;25.35;14.11;230.73;140.23;2.58;72770.00;92.00;94.00;47.00;4464.20;1011.46;761.71;6.00;1;0;1;0;0;1;0;0;0;0;0;1;1;0;0;0;0;0
1366964;3.78;0.95;91.00;3884.00;18.00;81.75;35.25;14.12;26.47;14.11;291.74;292.72;2.58;72770.00;91.00;92.00;47.00;4569.20;1011.38;97.66;6.00;1;0;1;0;0;1;0;0;0;0;0;1;1;0;0;0;0;0
1368416;4.80;1.00;92.00;3931.00;18.00;81.75;31.50;19.61;31.48;14.11;242.27;263.56;2.58;72770.00;91.00;93.00;47.00;4524.80;1011.30;839.83;6.00;1;0;1;0;0;1;0;0;0;0;0;1;1;0;0;0;0;0
1369892;3.62;1.00;91.00;3873.00;18.00;81.75;36.75;12.55;24.38;14.02;206.88;215.63;2.58;72770.00;89.00;91.00;47.00;4540.60;1010.95;839.83;6.00;1;0;1;0;0;1;0;0;0;0;0;1;1;0;0;0;0;0
1371306;0.44;1.00;88.00;3709.00;18.00;81.75;-30.00;0;0;14.11;242.68;271.41;2.58;72770.00;89.00;88.00;47.00;4441.60;1010.48;0;6.00;1;0;1;0;0;1;0;0;0;0;0;1;1;0;0;0;0;0
1372790;0.65;1.00;73.00;3133.00;18.00;81.75;-30.00;0;0;14.11;315.76;337.56;2.58;72770.00;74.00;74.00;47.00;4316.00;1010.25;0;6.00;1;0;1;0;0;1;0;0;0;0;0;1;1;0;0;0;0;0
1374152;0.74;1.00;60.00;3157.00;18.00;81.75;-30.00;0.39;0;14.02;336.76;317.91;2.58;72770.00;60.00;61.00;47.00;4270.60;1010.17;878.90;4.00;1;0;1;0;0;1;0;0;0;0;0;1;1;0;0;0;0;0
1375622;0.69;1.00;47.00;2922.00;18.00;82.50;-30.00;0;0;14.11;258.97;275.12;2.58;72770.00;48.00;47.00;47.00;4278.20;1010.13;0;3.00;1;0;1;0;0;1;0;0;1;0;0;1;1;0;0;0;0;0
1376991;1.32;1.00;28.00;2227.00;18.00;82.50;3.75;0;12.61;14.21;224.01;306.31;2.58;72770.00;28.00;28.00;79.00;4261.60;1010.25;97.66;2.00;1;0;1;0;0;1;0;0;1;0;0;1;1;0;0;0;0;0
1378466;3.78;1.00;18.00;1637.00;18.00;82.50;-2.25;6.28;20.61;14.39;138.80;218.68;2.31;72770.00;18.00;19.00;47.00;4451.60;1010.60;546.87;2.00;1;0;1;0;0;1;0;0;1;0;0;1;1;0;0;0;0;0
1380753;0;1.00;41.00;3335.00;18.00;82.50;40.50;0;12.22;14.02;166.57;201.45;2.58;72770.00;40.00;41.00;47.00;4533.00;1010.91;839.83;2.00;1;0;1;0;0;1;0;0;1;0;0;1;1;0;0;0;0;0
1382081;0.96;1.00;46.00;2799.00;18.00;82.50;30.75;1.18;8.01;14.21;218.72;153.31;2.58;72770.00;46.00;46.00;47.00;4500.80;1010.95;898.43;3.00;1;0;1;0;0;1;0;0;1;0;0;1;1;0;0;0;0;0
1383586;0.81;1.00;45.00;2733.00;18.00;82.50;15.75;0;12.65;14.21;313.38;297.27;2.58;72770.00;45.00;45.00;47.00;4500.80;1010.99;703.12;3.00;1;0;1;0;0;1;0;0;1;0;0;1;1;0;0;0;0;0
1384978;0.86;1.00;40.00;2408.00;18.00;82.50;16.50;0;12.55;14.02;276.51;245.86;2.58;72770.00;40.00;40.00;42.00;4505.60;1011.07;898.43;3.00;1;0;1;0;0;1;0;0;1;0;0;1;1;0;0;0;0;0
1386546;3.09;0.95;42.00;2639.00;18.00;82.50;27.00;9.02;25.73;14.11;227.60;229.09;2.58;72770.00;42.00;43.00;47.00;4551.80;1011.15;644.52;3.00;1;0;1;0;0;1;0;0;1;0;0;1;1;0;0;0;0;0
1387960;4.66;1.00;48.00;3022.00;18.00;82.50;27.00;15.69;30.57;14.11;177.12;205.03;2.58;72770.00;47.00;49.00;47.00;4509.40;1011.11;859.36;3.00;1;0;1;0;0;1;0;0;1;0;0;1;1;0;0;0;0;0
1389359;6.71;1.00;60.00;3694.00;18.00;83.25;19.50;27.85;42.26;14.11;333.30;328.98;2.58;72770.00;58.00;60.00;47.00;4565.00;1011.03;859.36;3.00;1;0;1;0;0;1;0;0;0;0;0;1;1;0;0;0;0;0
1390836;2.22;1.00;67.00;3501.00;18.00;83.25;39.00;6.67;19.24;14.21;354.06;323.89;2.58;72770.00;66.00;68.00;47.00;4483.40;1011.07;917.96;4.00;1;0;1;0;0;1;0;0;0;0;0;1;1;0;0;0;0;0
1392302;1.91;0.97;66.00;3435.00;18.00;83.25;39.00;5.49;15.88;14.02;296.80;197.92;2.58;72770.00;65.00;66.00;47.00;4517.40;1010.95;878.90;4.00;1;0;1;0;0;1;0;0;0;0;0;1;1;0;0;0;0;0
1393757;0.87;0.92;62.00;3234.00;18.00;83.25;37.50;1.57;7.78;14.11;301.31;96.60;2.58;72770.00;63.00;62.00;47.00;4524.60;1010.76;898.43;4.00;1;0;1;0;0;1;0;0;0;0;0;1;1;0;0;0;0;0
1395089;0.71;1.00;56.00;2880.00;18.00;83.25;-30.00;0;0;14.11;301.25;219.67;2.58;72770.00;56.00;56.00;47.00;4526.80;1010.64;0;4.00;1;0;1;0;0;1;0;0;1;0;0;1;1;0;0;0;0;0
1396543;1.11;1.00;48.00;2494.00;18.00;83.25;0.75;0;8.94;14.11;330.55;301.52;2.58;72770.00;48.00;49.00;47.00;4217.80;1010.60;19.53;4.00;1;0;1;0;0;1;0;0;1;0;0;1;1;0;0;0;0;0
1398128;0.96;1.00;41.00;2175.00;18.00;83.25;15.00;0;12.46;14.21;131.09;132.51;2.58;72770.00;42.00;42.00;40.00;4528.00;1010.64;859.36;4.00;1;0;1;0;0;1;0;0;1;0;0;1;1;0;0;0;0;0
1399660;2.52;0.99;40.00;2517.00;18.00;83.25;25.50;5.10;19.99;14.11;95.78;110.81;2.58;72770.00;40.00;41.00;47.00;4501.00;1010.76;859.36;3.00;1;0;1;0;0;1;0;0;1;0;0;1;1;0;0;0;0;0
1401100;4.64;1.00;46.00;2857.00;18.00;83.25;24.75;17.65;32.79;14.11;309.75;287.07;2.58;72770.00;46.00;47.00;47.00;4528.60;1010.72;722.65;3.00;1;0;1;0;0;1;0;0;1;0;0;1;1;0;0;0;0;0
1402606;2.34;0.97;53.00;3260.00;18.00;83.25;37.50;6.28;19.65;14.11;326.66;323.87;2.58;72770.00;53.00;54.00;47.00;4528.60;1010.76;859.36;3.00;1;0;1;0;0;1;0;0;0;0;0;1;1;0;0;0;0;0
1403960;0.66;1.00;51.00;3091.00;18.00;83.25;-30.00;0;0;14.02;299.84;283.87;2.58;72770.00;51.00;51.00;47.00;4288.60;1010.56;878.90;3.00;1;0;1;0;0;1;0;0;1;0;0;1;1;0;0;0;0;0
1405452;5.14;1.00;56.00;3507.00;18.00;83.25;24.00;21.96;35.61;14.11;244.55;292.93;2.58;72770.00;55.00;57.00;47.00;4550.60;1010.56;878.90;3.00;1;0;1;0;0;1;0;0;0;0;0;1;1;0;0;0;0;0
1406928;2.56;0.96;61.00;3181.00;18.00;83.25;35.25;7.84;21.48;14.11;343.49;330.90;2.58;72770.00;61.00;61.00;47.00;4512.80;1010.60;664.05;4.00;1;0;1;0;0;1;0;0;0;0;0;1;1;0;0;0;0;0
1408351;3.55;1.00;63.00;3289.00;18.00;83.25;32.25;10.98;25.07;14.21;343.98;355.76;2.58;72770.00;61.00;64.00;47.00;4507.00;1010.56;839.83;4.00;1;0;1;0;0;1;0;0;0;0;0;1;1;0;0;0;0;0
1409830;5.06;1.00;68.00;3568.00;18.00;83.25;24.00;22.36;34.50;14.11;341.33;352.44;2.58;72770.00;67.00;68.00;47.00;4573.00;1010.44;605.46;4.00;1;0;1;0;0;1;0;0;0;0;0;1;1;0;0;0;0;0
1411158;3.48;0.98;75.00;3373.00;18.00;83.25;30.00;14.51;27.86;13.92;335.17;314.08;2.82;72770.00;73.00;75.00;47.00;4505.20;1010.25;683.59;5.00;1;0;1;0;0;1;0;0;0;0;0;1;1;0;0;0;0;0
1412622;2.54;1.00;78.00;3377.00;18.00;83.25;36.00;7.84;21.23;14.02;354.39;349.94;2.58;72770.00;79.00;79.00;47.00;4503.40;1010.29;878.90;6.00;1;0;1;0;0;1;0;0;0;0;0;1;1;0;0;0;0;0
1414013;1.02;0.97;78.00;3317.00;18.00;83.25;38.25;1.96;8.65;14.02;351.40;355.86;2.58;72770.00;78.00;79.00;47.00;4514.00;1010.60;917.96;6.00;1;0;1;0;0;1;0;0;0;0;0;1;1;0;0;0;0;0
1415459;2.78;1.00;77.00;3305.00;18.00;83.25;37.50;7.06;18.93;14.21;326.35;351.27;2.58;72771.00;77.00;78.00;47.00;4478.00;1010.83;878.90;6.00;1;0;1;0;0;1;0;0;0;0;0;1;1;0;0;0;0;0
1416947;2.53;1.00;83.00;3572.00;18.00;82.50;37.50;8.63;22.04;14.02;335.70;307.58;2.58;72771.00;83.00;84.00;47.00;4480.80;1011.11;878.90;6.00;1;0;1;0;0;1;0;0;0;0;0;1;1;0;0;0;0;0
1418465;0.78;0.98;83.00;3505.00;18.00;82.50;40.50;1.18;6.46;14.11;355.72;351.01;2.58;72771.00;83.00;83.00;47.00;4520.00;1011.22;781.24;6.00;1;0;1;0;0;1;0;0;0;0;0;1;1;0;0;0;0;0
1419919;0.64;1.00;78.00;3322.00;18.00;82.50;-30.00;0;0;14.11;359.65;332.60;2.58;72771.00;79.00;79.00;47.00;4547.40;1011.26;0;6.00;1;0;1;0;0;1;0;0;0;0;0;1;1;0;0;0;0;0
1421365;0.66;1.00;73.00;3123.00;18.00;82.50;-30.00;0;0;14.11;316.66;318.22;2.58;72771.00;74.00;74.00;47.00;4595.20;1011.30;0;6.00;1;0;1;0;0;1;0;0;0;0;0;1;1;0;0;0;0;0
1422754;0.82;1.00;70.00;2983.00;18.00;82.50;33.00;0.39;6.37;14.21;170.34;164.03;2.58;72771.00;70.00;70.00;47.00;4240.40;1011.62;58.59;6.00;1;0;1;0;0;1;0;0;0;0;0;1;1;0;0;0;0;0
1424115;1.78;0.99;67.00;2875.00;18.00;82.50;33.00;3.92;14.48;14.02;295.27;313.85;2.58;72771.00;67.00;68.00;47.00;4464.00;1011.77;859.36;6.00;1;0;1;0;0;1;0;0;0;0;0;1;1;0;0;0;0;0
1425439;2.96;0.94;71.00;3046.00;18.00;82.50;30.75;10.59;24.89;14.11;345.78;345.33;2.58;72771.00;71.00;72.00;47.00;4533.20;1012.12;195.31;6.00;1;0;1;0;0;1;0;0;0;0;0;1;1;0;0;0;0;0
1426942;3.09;0.99;76.00;3277.00;18.00;82.50;31.50;10.98;24.87;14.11;332.52;321.60;2.58;72771.00;76.00;77.00;47.00;4503.00;1012.40;742.18;6.00;1;0;1;0;0;1;0;0;0;0;0;1;1;0;0;0;0;0
1428401;2.29;0.93;80.00;3405.00;18.00;82.50;37.50;7.06;19.90;14.11;335.27;323.12;2.58;72771.00;79.00;80.00;47.00;4502.00;1012.51;859.36;6.00;1;0;1;0;0;1;0;0;0;0;0;1;1;0;0;0;0;0
1429804;1.58;0.95;80.00;3417.00;18.00;81.75;39.00;4.31;13.51;14.02;313.22;353.69;2.58;72771.00;80.00;81.00;47.00;4521.00;1012.51;839.83;6.00;1;0;1;0;0;1;0;0;0;0;0;1;1;0;0;0;0;0
1431128;2.04;0.86;81.00;3449.00;18.00;81.75;38.25;6.67;19.30;14.11;334.80;356.46;2.58;72771.00;79.00;81.00;47.00;4515.80;1012.55;58.59;6.00;1;0;1;0;0;1;0;0;0;0;0;1;1;0;0;0;0;0
1432584;3.07;1.00;81.00;3449.00;18.00;81.75;36.75;9.02;21.92;14.11;353.45;341.70;2.58;72771.00;81.00;82.00;47.00;4526.00;1012.55;878.90;6.00;1;0;1;0;0;1;0;0;0;0;0;1;1;0;0;0;0;0
1434067;3.03;0.92;85.00;3593.00;18.00;81.75;33.00;12.16;25.73;14.11;334.35;325.60;2.58;72771.00;84.00;85.00;47.00;4537.20;1012.55;761.71;6.00;1;0;1;0;0;1;0;0;0;0;0;1;1;0;0;0;0;0
1435501;3.42;0.96;87.00;3732.00;18.00;81.75;33.00;14.90;27.50;14.11;342.89;354.24;2.58;72771.00;86.00;87.00;47.00;4559.40;1012.55;390.62;6.00;1;0;1;0;0;1;0;0;0;0;0;1;1;0;0;0;0;0
1436905;2.58;0.92;90.00;3814.00;18.00;81.75;39.00;9.41;22.24;14.11;327.97;339.82;2.58;72771.00;89.00;90.00;47.00;4503.80;1012.55;156.25;6.00;1;0;1;0;0;1;0;0;0;0;0;1;1;0;0;0;0;0
1438324;1.37;0.88;88.00;3782.00;18.00;81.75;43.50;4.31;12.56;14.11;350.47;303.46;2.58;72771.00;89.00;89.00;47.00;4508.00;1012.63;742.18;6.00;1;0;1;0;0;1;0;0;0;0;0;0;1;0;0;0;0;0
1439765;2.07;0.87;87.00;3702.00;18.00;81.75;41.25;7.06;19.10;14.02;270.04;320.84;2.58;72771.00;86.00;88.00;47.00;4532.20;1012.79;624.99;6.00;1;0;1;0;0;1;0;0;0;0;0;1;1;0;0;0;0;0
1441143;1.62;0.86;86.00;3671.00;18.00;81.75;42.00;5.49;15.29;14.02;314.02;214.30;2.58;72771.00;85.00;86.00;47.00;4522.60;1013.18;839.83;6.00;1;0;1;0;0;1;0;0;0;0;0;1;1;0;0;0;0;0
1442550;1.36;0.84;82.00;3526.00;18.00;81.75;40.50;4.31;12.22;14.02;352.58;339.10;2.58;72771.00;83.00;83.00;47.00;4491.40;1013.53;898.43;6.00;1;0;1;0;0;1;0;0;0;0;0;1;1;0;0;0;0;0
1444004;2.03;0.91;82.00;3468.00;18.00;81.75;39.75;5.88;17.87;13.92;332.05;345.49;2.82;72771.00;82.00;82.00;47.00;4528.00;1013.57;664.05;6.00;1;0;1;0;0;1;0;0;0;0;0;1;1;0;0;0;0;0
1445371;3.38;0.97;81.00;3431.00;18.75;81.75;32.25;12.55;26.09;14.02;355.35;290.33;2.58;72771.00;80.00;81.00;47.00;4522.80;1013.69;449.21;6.00;1;0;1;0;0;1;0;0;0;0;0;1;1;0;0;0;0;0
1446831;2.92;0.97;81.00;3470.00;18.75;81.75;35.25;10.20;23.42;14.11;350.82;338.38;2.58;72771.00;81.00;82.00;47.00;4513.80;1013.72;371.09;6.00;1;0;1;0;0;1;0;0;0;0;0;1;1;0;0;0;0;0
1448174;2.80;0.91;81.00;3466.00;18.75;81.75;34.50;10.59;24.08;14.11;354.20;355.84;2.58;72771.00;81.00;82.00;47.00;4510.60;1013.76;292.97;6.00;1;0;1;0;0;1;0;0;0;0;0;1;1;0;0;0;0;0
1449618;3.65;1.01;83.00;3542.00;18.75;81.75;31.50;15.69;28.17;14.02;306.27;340.02;2.58;72771.00;83.00;84.00;47.00;4510.60;1013.61;859.36;6.00;1;0;1;0;0;1;0;0;0;0;0;1;1;0;0;0;0;0
1451078;2.73;0.95;82.00;3534.00;18.75;81.75;36.75;9.81;22.83;14.11;315.47;319.18;2.58;72771.00;82.00;83.00;47.00;4523.60;1013.14;390.62;6.00;1;0;1;0;0;1;0;0;0;0;0;1;1;0;0;0;0;0
1452497;2.74;0.97;82.00;3508.00;18.75;81.75;36.00;9.02;22.40;14.11;227.70;234.83;2.58;72771.00;83.00;83.00;47.00;4498.40;1012.87;722.65;6.00;1;0;1;0;0;1;0;0;0;0;0;1;1;0;0;0;0;0
1453893;1.38;1.00;81.00;3423.00;18.75;81.75;39.00;3.53;11.25;14.21;343.47;336.19;2.58;72771.00;81.00;81.00;47.00;4524.40;1012.71;898.43;6.00;1;0;1;0;0;1;0;0;0;0;0;1;1;0;0;0;0;0
1455342;0.76;0.96;76.00;3245.00;18.75;81.75;37.50;1.18;6.65;14.21;332.65;345.35;2.58;72771.00;76.00;76.00;47.00;4524.80;1012.63;878.90;6.00;1;0;1;0;0;1;0;0;0;0;0;1;1;0;0;0;0;0
1456710;0.72;1.00;71.00;2999.00;18.75;82.50;-30.00;0;0;14.11;283.75;260.35;2.58;72771.00;71.00;71.00;47.00;4484.80;1012.59;0;6.00;1;0;1;0;0;1;0;0;0;0;0;1;1;0;0;0;0;0
1458115;2.00;0.98;67.00;2895.00;18.75;82.50;32.25;4.71;16.03;14.02;179.58;175.38;2.58;72771.00;68.00;68.00;47.00;4451.20;1012.59;839.83;6.00;1;0;1;0;0;1;0;0;0;0;0;1;1;0;0;0;0;0
1459618;1.42;0.97;66.00;2799.00;18.75;82.50;30.75;3.14;11.96;14.21;326.37;312.66;2.58;72772.00;66.00;66.00;47.00;4495.00;1012.71;644.52;6.00;1;0;1;0;0;1;0;0;0;0;0;1;1;0;0;0;0;0
1461041;2.10;0.94;66.00;2816.00;18.75;82.50;31.50;5.49;18.22;14.02;347.97;346.17;2.58;72772.00;66.00;67.00;47.00;4517.80;1012.79;175.78;6.00;1;0;1;0;0;1;0;0;0;0;0;1;1;0;0;0;0;0
1462458;2.91;0.96;68.00;2882.00;18.75;82.50;30.00;9.81;24.00;14.11;289.90;314.41;2.58;72772.00;68.00;68.00;47.00;4530.40;1012.67;820.30;6.00;1;0;1;0;0;1;0;0;0;0;0;1;1;0;0;0;0;0
1464020;1.42;0.98;67.00;2887.00;18.75;82.50;32.25;3.14;11.99;14.11;202.84;245.26;2.58;72772.00;68.00;68.00;47.00;4507.60;1012.67;859.36;6.00;1;0;1;0;0;1;0;0;0;0;0;1;1;0;0;0;0;0
1465475;2.50;0.93;68.00;2939.00;18.75;83.25;32.25;7.45;21.63;14.11;308.81;341.54;2.58;72772.00;68.00;69.00;47.00;4510.20;1012.67;175.78;6.00;1;0;1;0;0;1;0;0;0;0;0;1;1;0;0;0;0;0
1466931;1.38;0.99;67.00;2883.00;18.75;83.25;32.25;3.14;11.60;14.02;321.46;326.03;2.58;72772.00;68.00;68.00;47.00;4505.00;1012.63;800.77;6.00;1;0;1;0;0;1;0;0;0;0;0;1;1;0;0;0;0;0
1468343;0.88;0.93;66.00;2763.00;18.75;83.25;29.25;1.18;7.86;14.11;301.25;319.67;2.58;72772.00;66.00;66.00;47.00;4528.40;1012.59;878.90;6.00;1;0;1;0;0;1;0;0;0;0;0;1;1;0;0;0;0;0
1469750;1.19;0.89;62.00;2706.00;18.75;83.25;28.50;2.35;10.83;14.02;243.29;290.51;2.58;72772.00;62.00;62.00;47.00;4486.60;1012.90;39.06;6.00;1;0;1;0;0;1;0;0;0;0;0;1;1;0;0;0;0;0
1471101;1.36;0.93;60.00;2513.00;18.75;83.25;25.50;2.35;11.82;14.11;335.49;332.34;2.58;72772.00;60.00;60.00;47.00;4496.60;1012.75;58.59;6.00;1;0;1;0;0;1;0;0;0;0;0;1;1;0;0;0;0;0
1472509;2.53;0.99;58.00;2521.00;18.75;83.25;26.25;6.28;19.71;14.11;348.83;349.55;2.58;72772.00;59.00;59.00;47.00;4578.20;1012.71;917.96;6.00;1;0;1;0;0;1;0;0;0;0;0;1;1;0;0;0;0;0
1474057;2.75;0.92;60.00;2780.00;18.75;83.25;29.25;9.41;23.84;14.11;326.56;326.48;2.58;72772.00;60.00;61.00;47.00;4522.40;1012.75;58.59;5.00;1;0;1;0;0;1;0;0;0;0;0;1;1;0;0;0;0;0
1475516;2.30;0.95;63.00;2934.00;18.75;83.25;33.00;6.28;20.20;14.11;273.87;231.61;2.58;72772.00;63.00;64.00;47.00;4533.80;1012.63;898.43;5.00;1;0;1;0;0;1;0;0;0;0;0;1;1;0;0;0;0;0
1477050;2.20;0.96;63.00;2919.00;18.75;84.00;33.00;5.88;18.44;14.02;326.27;333.28;2.58;72772.00;63.00;64.00;46.00;4517.20;1012.59;761.71;5.00;1;0;1;0;0;1;0;0;0;0;0;1;1;0;0;0;0;0
1478515;1.92;0.96;65.00;2997.00;18.75;84.00;34.50;5.10;16.48;14.11;164.21;174.52;2.58;72772.00;65.00;65.00;46.00;4513.20;1012.59;839.83;5.00;1;0;1;0;0;1;0;0;0;0;0;1;1;0;0;0;0;0
1480072;2.20;0.95;65.00;3000.00;18.75;83.25;33.75;6.28;18.77;14.11;280.51;288.81;2.58;72772.00;64.00;65.00;47.00;4519.60;1012.59;839.83;5.00;1;0;1;0;0;1;0;0;0;0;0;1;1;0;0;0;0;0
1481577;1.87;0.93;65.00;3029.00;18.75;83.25;34.50;5.10;16.42;14.21;354.00;354.55;2.58;72772.00;65.00;65.00;47.00;4493.80;1012.59;859.36;5.00;1;0;1;0;0;1;0;0;0;0;0;1;1;0;0;0;0;0
1483086;1.76;0.90;66.00;3050.00;18.75;83.25;34.50;5.10;16.13;14.11;358.55;352.38;2.58;72772.00;66.00;66.00;47.00;4519.80;1012.59;624.99;5.00;1;0;1;0;0;1;0;0;0;0;0;1;1;0;0;0;0;0
1484484;1.16;0.90;63.00;2943.00;18.75;83.25;33.00;2.75;10.67;14.21;351.46;357.85;2.58;72772.00;64.00;64.00;47.00;4520.40;1012.59;859.36;5.00;1;0;1;0;0;1;0;0;0;0;0;1;1;0;0;0;0;0
1485931;1.97;0.88;61.00;2812.00;18.75;83.25;31.50;5.49;17.50;14.11;342.07;310.57;2.58;72772.00;61.00;61.00;47.00;4493.60;1012.59;39.06;5.00;1;0;1;0;0;1;0;0;0;0;0;1;1;0;0;0;0;0
1487450;2.28;0.93;62.00;2905.00;18.75;83.25;33.00;6.67;19.79;14.11;225.16;220.65;2.58;72772.00;62.00;63.00;47.00;4527.00;1012.59;78.12;5.00;1;0;1;0;0;1;0;0;0;0;0;1;1;0;0;0;0;0
1488906;2.77;0.93;66.00;3049.00;18.75;82.50;32.25;9.41;23.70;14.11;338.18;336.79;2.58;72772.00;65.00;66.00;47.00;4521.20;1012.59;859.36;5.00;1;0;1;0;0;1;0;0;0;0;0;0;1;0;0;0;0;0
1490331;2.13;0.91;67.00;3113.00;18.75;82.50;35.25;6.28;19.03;14.11;293.58;354.45;2.58;72772.00;67.00;68.00;47.00;4517.20;1012.59;78.12;5.00;1;0;1;0;0;1;0;0;0;0;0;1;1;0;0;0;0;0
1491748;1.53;0.92;67.00;3108.00;18.75;82.50;35.25;3.92;13.44;13.92;303.46;321.21;2.82;72772.00;67.00;68.00;47.00;4520.20;1012.59;781.24;5.00;1;0;1;0;0;1;0;0;0;0;0;1;1;0;0;0;0;0
1493137;1.49;0.94;66.00;3043.00;18.75;82.50;34.50;3.53;12.97;14.11;182.57;211.84;2.58;72772.00;66.00;66.00;47.00;4517.80;1012.59;781.24;5.00;1;0;1;0;0;1;0;0;0;0;0;1;1;0;0;0;0;0
1494595;2.54;0.97;66.00;3068.00;18.75;82.50;34.50;7.45;21.01;14.11;317.46;300.64;2.58;72772.00;65.00;67.00;47.00;4502.60;1012.59;800.77;5.00;1;0;1;0;0;1;0;0;0;0;0;1;1;0;0;0;0;0
1496036;1.91;0.92;67.00;3104.00;18.75;82.50;36.00;5.88;17.89;14.11;325.04;306.31;2.58;72772.00;68.00;68.00;47.00;4529.20;1012.59;820.30;5.00;1;0;1;0;0;1;0;0;0;0;0;1;1;0;0;0;0;0
1497443;1.24;0.91;67.00;3104.00;18.75;82.50;35.25;3.14;11.39;14.11;300.31;250.49;2.58;72772.00;67.00;67.00;47.00;4533.60;1012.59;898.43;5.00;1;0;1;0;0;1;0;0;0;0;0;1;1;0;0;0;0;0
1498839;0.70;1.00;62.00;2894.00;18.75;82.50;-30.00;0;0;14.21;226.80;147.65;2.58;72772.00;63.00;63.00;47.00;4517.20;1012.59;0;5.00;1;0;1;0;0;1;0;0;0;0;0;1;1;0;0;0;0;0
1500291;0.80;1.00;57.00;2606.00;18.75;82.50;-30.00;0;0;14.11;325.96;305.88;2.58;72772.00;57.00;57.00;47.00;4440.40;1012.63;0;5.00;1;0;1;0;0;1;0;0;1;0;0;1;1;0;0;0;0;0
1501694;1.86;0.99;52.00;2455.00;18.75;82.50;24.00;3.14;14.05;14.21;333.88;340.94;2.58;72772.00;53.00;53.00;47.00;4392.60;1012.79;722.65;5.00;1;0;1;0;0;1;0;0;1;0;0;1;1;0;0;0;0;0
1503129;4.75;1.00;56.00;2625.00;18.75;82.50;21.00;18.43;34.29;14.11;322.97;308.91;2.58;72772.00;56.00;56.00;47.00;4519.60;1012.67;664.05;5.00;1;0;1;0;0;1;0;0;0;0;0;1;1;0;0;0;0;0
1504585;4.78;1.04;66.00;3060.00;18.75;81.75;20.25;22.75;34.71;14.11;143.02;182.51;2.58;72772.00;65.00;67.00;47.00;4538.60;1012.63;117.19;5.00;1;0;1;0;0;1;0;0;0;0;0;1;1;0;0;0;0;0
1506046;3.50;0.99;72.00;3322.00;18.75;81.75;30.00;14.51;27.71;14.11;304.94;292.66;2.58;72772.00;71.00;72.00;47.00;4486.20;1012.59;507.81;5.00;1;0;1;0;0;1;0;0;0;0;0;1;1;0;0;0;0;0
1507408;2.58;0.93;76.00;3517.00;18.75;81.75;36.00;9.81;22.88;14.02;344.86;305.04;2.58;72772.00;76.00;77.00;47.00;4503.00;1012.59;683.59;5.00;1;0;1;0;0;1;0;0;0;0;0;1;1;0;0;0;0;0
1508814;0.82;0.99;75.00;3437.00;18.75;81.75;39.75;1.57;6.87;14.11;314.24;343.90;2.58;72772.00;74.00;75.00;47.00;4525.80;1012.59;917.96;5.00;1;0;1;0;0;1;0;0;0;0;0;1;1;0;0;0;0;0
1510139;1.54;0.95;70.00;3217.00;18.75;81.75;37.50;3.92;13.23;14.11;315.78;277.85;2.58;72772.00;70.00;71.00;47.00;4506.80;1012.59;859.36;5.00;1;0;1;0;0;1;0;0;0;0;0;1;1;0;0;0;0;0
1511660;2.45;0.97;71.00;3311.00;18.75;81.75;36.75;7.06;20.29;14.11;340.84;331.11;2.58;72772.00;70.00;71.00;47.00;4520.20;1012.59;781.24;5.00;1;0;1;0;0;1;0;0;0;0;0;1;1;0;0;0;0;0
1513106;0.65;0.97;68.00;3168.00;18.75;81.75;36.00;0.78;6.22;14.11;331.93;351.36;2.58;72772.00;69.00;68.00;47.00;4531.40;1012.59;722.65;5.00;1;0;1;0;0;1;0;0;0;0;0;1;1;0;0;0;0;0
1514529;1.25;0.95;62.00;2961.00;18.75;81.75;33.00;2.75;10.92;14.21;321.29;287.27;2.58;72773.00;63.00;63.00;47.00;4501.60;1012.59;820.30;5.00;1;0;1;0;0;1;0;0;0;0;0;1;1;0;0;0;0;0
1516017;4.02;1.00;62.00;2863.00;18.75;81.75;27.00;14.51;28.59;14.11;291.56;274.47;2.58;72773.00;61.00;62.00;47.00;4497.40;1012.59;664.05;5.00;1;0;1;0;0;1;0;0;0;0;0;1;1;0;0;0;0;0
1517493;4.80;1.07;68.00;3158.00;18.75;81.75;22.50;21.96;34.14;14.02;341.58;322.83;2.58;72773.00;67.00;69.00;47.00;4518.80;1012.59;820.30;5.00;1;0;1;0;0;1;0;0;0;0;0;1;1;0;0;0;0;0
1518901;4.18;1.01;73.00;3424.00;18.75;81.75;27.00;19.22;31.97;14.11;353.28;352.89;2.58;72773.00;73.00;74.00;47.00;4523.60;1012.59;585.93;5.00;1;0;1;0;0;1;0;0;0;0;0;1;1;0;0;0;0;0
1520277;3.66;1.00;78.00;3598.00;18.75;81.75;30.75;16.08;28.47;14.11;333.24;343.92;2.58;72773.00;76.00;78.00;47.00;4530.60;1012.59;683.59;5.00;1;0;1;0;0;1;0;0;0;0;0;1;1;0;0;0;0;0
1521781;3.18;0.94;80.00;3681.00;18.75;81.75;33.75;13.73;26.34;14.11;303.77;286.92;2.58;72773.00;80.00;80.00;47.00;4516.20;1012.55;839.83;5.00;1;0;1;0;0;1;0;0;0;0;0;1;1;0;0;0;0;0
1523208;1.62;0.95;78.00;3654.00;18.75;81.75;42.00;4.71;13.88;14.11;310.25;347.38;2.58;72773.00;79.00;79.00;47.00;4478.60;1012.51;898.43;5.00;1;0;1;0;0;1;0;0;0;0;0;1;1;0;0;0;0;0
1524610;2.54;0.89;80.00;3674.00;18.75;82.50;37.50;9.41;22.50;14.02;336.23;338.57;2.58;72773.00;78.00;80.00;47.00;4495.00;1012.32;820.30;5.00;1;0;1;0;0;1;0;0;0;0;0;1;1;0;0;0;0;0
1526072;4.58;1.03;83.00;3874.00;18.75;82.50;27.75;21.18;33.96;14.11;276.78;332.95;2.58;72773.00;82.00;84.00;47.00;4575.20;1012.12;195.31;5.00;1;0;1;0;0;1;0;0;0;0;0;1;1;0;0;0;0;0
1527611;4.03;0.98;87.00;3726.00;18.75;82.50;30.00;18.83;31.38;13.92;282.03;203.95;2.82;72773.00;85.00;88.00;47.00;4514.80;1011.73;859.36;6.00;1;0;1;0;0;1;0;0;0;0;0;1;1;0;0;0;0;0
1529079;2.50;0.94;87.00;3694.00;18.75;82.50;39.00;8.24;21.11;14.11;329.51;311.78;2.58;72773.00;86.00;87.00;47.00;4499.00;1011.97;781.24;6.00;1;0;1;0;0;1;0;0;0;0;0;1;1;0;0;0;0;0
1530560;2.45;0.94;85.00;3603.00;18.75;82.50;39.00;7.84;20.60;14.02;349.96;353.53;2.58;72773.00;84.00;85.00;47.00;4521.40;1011.65;859.36;6.00;1;0;1;0;0;1;0;0;0;0;0;1;1;0;0;0;0;0
1532071;0.98;0.97;80.00;3394.00;18.75;82.50;39.00;1.96;8.09;14.11;338.03;290.78;2.58;72773.00;80.00;80.00;47.00;4515.20;1011.46;898.43;6.00;1;0;1;0;0;1;0;0;0;0;0;1;1;0;0;0;0;0
1533523;4.05;1.00;77.00;3294.00;18.75;82.50;30.00;14.90;27.88;14.11;315.10;251.74;2.58;72773.00;77.00;78.00;47.00;4518.80;1011.38;800.77;6.00;1;0;1;0;0;1;0;0;0;0;0;1;1;0;0;0;0;0
1535045;1.76;0.99;78.00;3332.00;18.75;82.50;38.25;4.71;14.71;14.02;315.10;300.39;2.58;72773.00;79.00;79.00;47.00;4529.20;1011.34;878.90;6.00;1;0;1;0;0;1;0;0;0;0;0;1;1;0;0;0;0;0
1536528;1.89;0.89;77.00;3280.00;18.75;82.50;37.50;5.88;17.44;14.02;325.02;349.26;2.58;72773.00;76.00;77.00;47.00;4497.80;1011.34;878.90;6.00;1;0;1;0;0;1;0;0;0;0;0;1;1;0;0;0;0;0
1538124;0.95;0.95;75.00;3200.00;18.75;82.50;36.75;1.96;9.07;14.11;276.43;338.36;2.58;72773.00;75.00;76.00;47.00;4544.40;1011.34;898.43;6.00;1;0;1;0;0;1;0;0;0;0;0;1;1;0;0;0;0;0
1539607;2.44;0.97;72.00;3080.00;18.75;82.50;34.50;6.67;19.86;14.11;224.63;252.48;2.58;72773.00;72.00;73.00;47.00;4481.20;1011.34;742.18;6.00;1;0;1;0;0;1;0;0;0;0;0;1;1;0;0;0;0;0
1541285;2.34;0.94;73.00;3117.00;18.75;82.50;35.25;7.06;20.29;14.11;335.90;344.63;2.58;72773.00;73.00;74.00;47.00;4502.20;1011.34;175.78;6.00;1;0;1;0;0;1;0;0;0;0;0;1;1;0;0;0;0;0
1542741;1.99;0.97;73.00;3165.00;18.75;82.50;36.00;5.49;16.70;14.02;343.42;345.68;2.58;72773.00;74.00;74.00;47.00;4522.40;1011.34;859.36;6.00;1;0;1;0;0;1;0;0;0;0;0;1;1;0;0;0;0;0
1544215;1.26;0.90;72.00;3054.00;18.75;82.50;34.50;3.14;11.15;14.11;244.44;268.48;2.58;72773.00;72.00;72.00;47.00;4469.20;1011.34;898.43;6.00;1;0;1;0;0;1;0;0;0;0;0;1;1;0;0;0;0;0
1545721;2.10;0.93;71.00;3046.00;18.75;82.50;34.50;6.28;18.54;14.11;243.68;244.44;2.58;72773.00;72.00;72.00;47.00;4525.60;1011.34;507.81;6.00;1;0;1;0;0;1;0;0;0;0;0;1;1;0;0;0;0;0
1547134;3.33;1.00;71.00;3044.00;18.75;82.50;31.50;10.20;24.19;14.21;325.35;319.02;2.58;72773.00;71.00;72.00;47.00;4503.40;1011.34;839.83;6.00;1;0;1;0;0;1;0;0;0;0;0;1;1;0;0;0;0;0
1548606;3.88;1.02;75.00;3176.00;18.75;82.50;28.50;15.69;28.80;14.11;346.17;337.38;2.58;72773.00;74.00;75.00;47.00;4548.80;1011.34;820.30;6.00;1;0;1;0;0;1;0;0;0;0;0;1;1;0;0;0;0;0
1550319;4.01;1.00;80.00;3669.00;18.75;82.50;27.00;20.39;34.88;14.11;330.99;310.49;2.58;72773.00;79.00;80.00;47.00;4515.40;1011.30;878.90;5.00;1;0;1;0;0;1;0;0;0;0;0;1;1;0;0;0;0;0
1551823;3.43;1.00;82.00;3794.00;18.75;82.50;33.00;15.69;28.54;14.11;299.67;316.13;2.58;72773.00;82.00;82.00;47.00;4492.40;1011.30;878.90;5.00;1;0;1;0;0;1;0;0;0;0;0;1;1;0;0;0;0;0
1553186;1.18;0.96;80.00;3678.00;18.75;82.50;42.75;3.14;10.02;14.11;349.98;333.92;2.58;72773.00;80.00;80.00;47.00;4509.40;1011.15;917.96;5.00;1;0;1;0;0;1;0;0;0;0;0;1;1;0;0;0;0;0
1554715;0.78;1.00;72.00;3305.00;18.75;82.50;38.25;0.39;10.13;14.11;344.78;337.87;2.58;72773.00;73.00;73.00;47.00;4241.60;1010.87;917.96;5.00;1;0;1;0;0;1;0;0;0;0;0;1;1;0;0;0;0;0
1556166;3.45;1.00;70.00;3265.00;18.75;82.50;30.75;12.16;25.78;14.02;297.44;328.30;2.58;72773.00;70.00;71.00;47.00;4461.60;1011.03;781.24;5.00;1;0;1;0;0;1;0;0;0;0;0;1;1;0;0;0;0;0
1557704;0.57;1.00;71.00;3330.00;18.75;82.50;40.50;0;11.53;14.11;344.12;288.50;2.58;72773.00;71.00;71.00;47.00;4569.40;1011.03;585.93;5.00;1;0;1;0;0;1;0;0;0;0;0;1;1;0;0;0;0;0
1559064;0.73;1.00;62.00;2876.00;18.75;82.50;-30.00;0;0;14.11;273.56;292.38;2.58;72773.00;62.00;63.00;47.00;4383.80;1010.68;19.53;5.00;1;0;1;0;0;1;0;0;0;0;0;1;1;0;0;0;0;0
1560683;0.74;1.00;50.00;2743.00;18.75;82.50;-30.00;0;0;14.11;273.05;256.12;2.58;72774.00;50.00;50.00;47.00;4457.20;1010.64;0;3.00;1;0;1;0;0;1;0;0;1;0;0;1;1;0;0;0;0;0
1562336;3.35;1.00;45.00;2763.00;18.75;82.50;28.50;8.24;23.74;14.21;307.89;313.05;2.58;72774.00;44.00;45.00;47.00;4405.00;1010.64;878.90;3.00;1;0;1;0;0;1;0;0;1;0;0;1;1;0;0;0;0;0
1563835;4.98;1.00;51.00;3189.00;18.75;82.50;23.25;20.79;35.16;14.11;280.22;325.12;2.58;72774.00;50.00;51.00;47.00;4555.60;1010.76;878.90;3.00;1;0;1;0;0;1;0;0;1;0;0;1;1;0;0;0;0;0
1565283;4.92;0.98;57.00;3515.00;18.75;82.50;29.25;19.61;31.30;14.11;356.44;345.60;2.58;72774.00;56.00;57.00;47.00;4413.40;1010.87;917.96;3.00;1;0;1;0;0;1;0;0;1;0;0;1;1;0;0;0;0;0
1566702;8.41;1.00;75.00;4586.00;18.75;82.50;18.00;92.17;57.68;14.02;348.30;320.84;2.58;72774.00;73.00;76.00;47.00;4566.40;1010.76;742.18;3.00;1;0;1;0;0;1;0;0;1;0;0;1;1;0;0;0;0;0
1568164;7.79;1.00;88.00;4605.00;18.75;82.50;16.50;46.67;47.41;14.02;325.14;273.93;2.58;72774.00;86.00;89.00;47.00;4576.20;1010.79;722.65;4.00;1;0;1;0;0;1;0;0;0;0;0;1;1;0;0;0;0;0
1569649;6.51;1.00;98.00;4539.00;18.75;81.75;19.50;38.44;44.75;14.11;343.73;343.92;2.58;72774.00;95.00;99.00;47.00;4573.20;1010.48;39.06;5.00;1;0;1;0;0;1;0;0;0;0;0;0;1;0;0;0;0;0
1571112;5.20;1.00;103.00;4367.00;18.00;81.75;28.50;23.92;35.58;14.02;347.71;350.41;2.58;72774.00;102.00;103.00;47.00;4570.20;1010.21;156.25;6.00;1;0;1;0;0;1;0;0;0;0;0;1;1;0;0;0;0;0
1572675;3.14;0.98;102.00;4374.00;18.00;81.75;39.00;12.55;24.85;14.02;344.29;346.13;2.58;72774.00;103.00;103.00;47.00;4501.00;1009.86;781.24;6.00;1;0;1;0;0;1;0;0;0;0;0;1;1;0;0;0;0;0
1574125;1.22;0.98;98.00;4219.00;18.00;81.75;47.25;3.53;9.72;14.11;283.89;218.97;2.58;72774.00;98.00;99.00;47.00;4460.40;1009.70;878.90;6.00;1;0;1;0;0;1;0;0;0;0;0;1;1;0;0;0;0;0
1575632;2.68;0.91;95.00;4042.00;18.75;81.75;39.75;10.59;23.16;14.02;222.08;241.80;2.58;72774.00;95.00;96.00;47.00;4544.00;1009.35;78.12;6.00;1;0;1;0;0;1;0;0;0;0;0;1;1;0;0;0;0;0
1577087;3.63;1.04;95.00;4012.00;18.75;81.75;35.25;14.51;27.15;14.11;341.35;228.01;2.58;72774.00;94.00;95.00;47.00;4491.40;1009.15;859.36;6.00;1;0;1;0;0;1;0;0;0;0;0;1;1;0;0;0;0;0
1578488;3.94;0.98;95.00;4044.00;18.75;81.75;32.25;18.04;30.66;14.11;160.09;361.93;2.58;72774.00;93.00;95.00;47.00;4565.20;1008.96;117.19;6.00;1;0;1;0;0;1;0;0;0;0;0;1;1;0;0;0;0;0
1580038;3.65;1.03;96.00;4058.00;18.00;81.75;35.25;15.30;28.25;14.02;201.80;225.61;2.58;72774.00;95.00;96.00;47.00;4481.40;1008.92;703.12;6.00;1;0;1;0;0;1;0;0;0;0;0;1;1;0;0;0;0;0
1581509;3.70;1.04;96.00;4040.00;18.00;81.75;36.00;14.90;27.49;14.02;246.31;308.03;2.58;72774.00;95.00;96.00;47.00;4516.80;1008.88;683.59;6.00;1;0;1;0;0;1;0;0;0;0;0;1;1;0;0;0;0;0
1583009;2.94;0.93;95.00;4043.00;18.00;81.75;38.25;11.37;24.56;14.11;332.32;297.25;2.58;72774.00;95.00;95.00;47.00;4489.80;1008.88;78.12;6.00;1;0;1;0;0;1;0;0;0;0;0;1;1;0;0;0;0;0
1584338;3.54;0.99;95.00;4015.00;18.00;81.75;35.25;14.90;28.12;13.92;328.05;210.03;2.82;72774.00;94.00;96.00;47.00;4528.40;1008.88;839.83;6.00;1;0;1;0;0;1;0;0;0;0;0;1;1;0;0;0;0;0
1585773;3.73;1.04;96.00;4061.00;18.00;81.75;36.00;14.90;27.53;14.11;165.05;238.89;2.58;72774.00;95.00;96.00;47.00;4514.20;1008.88;449.21;6.00;1;0;1;0;0;1;0;0;0;0;0;1;1;0;0;0;0;0
1587235;4.34;1.00;96.00;4083.00;18.00;82.50;31.50;18.43;31.61;14.02;235.18;218.52;2.58;72774.00;94.00;97.00;47.00;4540.00;1008.84;742.18;6.00;1;0;1;0;0;1;0;0;0;0;0;1;1;0;0;0;0;0
1588692;4.02;1.03;96.00;4094.00;18.00;82.50;33.00;16.86;30.00;14.02;329.76;321.11;2.58;72774.00;96.00;97.00;47.00;4506.40;1008.72;742.18;6.00;1;0;1;0;0;1;0;0;0;0;0;1;1;0;0;0;0;0
1590086;3.56;1.02;97.00;4113.00;18.00;82.50;36.00;14.51;27.39;14.02;284.55;298.57;2.58;72774.00;95.00;97.00;47.00;4509.60;1008.69;761.71;6.00;1;0;1;0;0;1;0;0;0;0;0;1;1;0;0;0;0;0
1591445;2.88;0.94;95.00;4049.00;18.00;82.50;39.00;10.98;23.80;14.11;173.17;247.05;2.58;72774.00;94.00;95.00;47.00;4498.40;1008.53;839.83;6.00;1;0;1;0;0;1;0;0;0;0;0;1;1;0;0;0;0;0
1592903;4.14;1.00;93.00;3970.00;18.00;82.50;35.25;15.30;27.28;14.11;333.96;195.69;2.58;72774.00;92.00;94.00;47.00;4544.40;1008.10;761.71;6.00;1;0;1;0;0;1;0;0;0;0;0;1;1;0;0;0;0;0
1594383;4.10;0.99;95.00;4006.00;18.00;82.50;32.25;18.43;31.34;14.02;357.44;335.10;2.58;72774.00;94.00;95.00;47.00;4528.40;1007.86;292.97;6.00;1;0;1;0;0;1;0;0;0;0;0;1;1;0;0;0;0;0
1595838;5.46;1.00;97.00;4116.00;18.00;82.50;27.00;23.53;36.56;13.92;287.60;251.78;2.82;72774.00;95.00;97.00;47.00;4536.40;1007.71;859.36;6.00;1;0;1;0;0;1;0;0;0;0;0;1;1;0;0;0;0;0
1597203;3.28;1.00;98.00;4186.00;18.00;82.50;36.00;13.33;26.76;14.11;181.98;183.05;2.58;72774.00;98.00;99.00;47.00;4491.80;1007.67;761.71;6.00;1;0;1;0;0;1;0;0;0;0;0;1;1;0;0;0;0;0
1598681;2.75;0.93;96.00;4116.00;18.00;82.50;39.75;10.59;23.09;14.11;207.90;215.71;2.58;72774.00;97.00;97.00;47.00;4491.40;1007.51;781.24;6.00;1;0;1;0;0;1;0;0;0;0;0;1;1;0;0;0;0;0
1600037;2.69;0.92;96.00;4072.00;18.00;82.50;39.75;10.20;22.88;14.11;323.85;313.16;2.58;72774.00;96.00;97.00;47.00;4518.00;1007.44;195.31;6.00;1;0;1;0;0;1;0;0;0;0;0;1;1;0;0;0;0;0
1601514;3.48;0.98;97.00;4130.00;18.00;82.50;36.00;14.51;27.26;14.11;278.36;310.37;2.58;72775.00;96.00;97.00;47.00;4516.80;1007.24;683.59;6.00;1;0;1;0;0;1;0;0;0;0;0;1;1;0;0;0;0;0
1602922;3.41;1.01;97.00;4126.00;18.00;82.50;36.75;12.94;26.16;14.11;230.16;253.27;2.58;72775.00;97.00;98.00;47.00;4504.40;1007.24;332.03;6.00;1;0;1;0;0;1;0;0;0;0;0;1;1;0;0;0;0;0
1604290;3.17;0.97;97.00;4150.00;18.00;82.50;37.50;11.77;25.11;14.11;178.07;233.79;2.58;72775.00;97.00;98.00;47.00;4509.60;1006.97;117.19;6.00;1;0;1;0;0;1;0;0;0;0;0;1;1;0;0;0;0;0
1605739;3.74;1.02;98.00;4207.00;18.00;82.50;34.50;15.69;28.45;14.02;314.53;331.44;2.58;72775.00;98.00;99.00;47.00;4514.20;1006.77;820.30;6.00;1;0;1;0;0;1;0;0;0;0;0;1;1;0;0;0;0;0
1607159;3.61;1.01;100.00;4224.00;18.00;82.50;36.00;14.90;27.49;14.02;308.18;298.01;2.58;72775.00;99.00;100.00;47.00;4507.80;1006.54;605.46;6.00;1;0;1;0;0;1;0;0;0;0;0;1;1;0;0;0;0;0
1608620;3.49;1.04;100.00;4229.00;18.00;82.50;37.50;13.33;25.93;14.11;277.11;269.71;2.58;72775.00;99.00;100.00;47.00;4507.60;1006.58;546.87;6.00;1;0;1;0;0;1;0;0;0;0;0;1;1;0;0;0;0;0
1610018;4.34;1.01;101.00;4274.00;18.00;82.50;31.50;20.00;32.56;14.02;192.98;153.10;2.58;72775.00;99.00;101.00;47.00;4507.60;1006.65;742.18;6.00;1;0;1;0;0;1;0;0;0;0;0;1;1;0;0;0;0;0
1611398;4.09;1.03;102.00;4316.00;18.00;82.50;33.75;18.04;30.32;13.92;289.40;334.18;2.82;72775.00;101.00;102.00;47.00;4521.20;1006.50;742.18;6.00;1;0;1;0;0;1;0;0;0;0;0;1;1;0;0;0;0;0
1612882;3.52;1.00;102.00;4350.00;18.00;82.50;36.75;15.30;27.15;13.92;331.09;352.48;2.82;72775.00;101.00;102.00;47.00;4509.60;1006.46;781.24;6.00;1;0;1;0;0;1;0;0;0;0;0;1;1;0;0;0;0;0
1614296;3.79;1.02;101.00;4294.00;18.00;82.50;36.00;16.08;28.34;13.92;291.54;236.23;2.82;72775.00;100.00;102.00;47.00;4527.20;1006.42;175.78;6.00;1;0;1;0;0;1;0;0;0;0;0;1;1;0;0;0;0;0
1615723;3.46;1.02;101.00;4281.00;18.00;82.50;37.50;13.73;26.17;14.02;223.66;171.82;2.58;72775.00;100.00;102.00;47.00;4504.80;1006.38;722.65;6.00;1;0;1;0;0;1;0;0;0;0;0;1;1;0;0;0;0;0
1617168;2.98;1.02;100.00;4206.00;18.00;82.50;39.75;10.59;23.33;14.11;311.39;248.13;2.58;72775.00;99.00;100.00;47.00;4495.80;1006.38;781.24;6.00;1;0;1;0;0;1;0;0;0;0;0;1;1;0;0;0;0;0
1618568;2.54;1.00;97.00;4130.00;18.00;82.50;40.50;9.41;21.77;14.11;309.71;272.46;2.58;72775.00;96.00;98.00;47.00;4479.80;1006.38;703.12;6.00;1;0;1;0;0;1;0;0;0;0;0;1;1;0;0;0;0;0
1620071;1.91;0.92;93.00;3954.00;18.00;82.50;44.25;6.28;16.56;14.11;316.31;115.68;2.58;72775.00;93.00;93.00;47.00;4506.00;1006.38;664.05;6.00;1;0;1;0;0;1;0;0;0;0;0;1;1;0;0;0;0;0
1621562;1.46;0.87;88.00;3760.00;18.00;82.50;43.50;4.71;13.59;14.11;170.44;173.39;2.58;72775.00;89.00;89.00;47.00;4512.60;1006.38;761.71;6.00;1;0;1;0;0;1;0;0;0;0;0;1;1;0;0;0;0;0
1622970;1.29;0.84;83.00;3567.00;18.00;82.50;40.50;3.92;12.29;13.92;300.27;319.49;2.82;72775.00;83.00;84.00;47.00;4509.20;1006.38;878.90;6.00;1;0;1;0;0;1;0;0;0;0;0;1;1;0;0;0;0;0
1624228;2.02;1.00;82.00;3500.00;18.00;82.50;39.75;5.88;17.26;14.11;343.67;343.38;2.58;72775.00;82.00;82.00;47.00;4514.00;1006.38;859.36;6.00;1;0;1;0;0;1;0;0;0;0;0;1;1;0;0;0;0;0
1625652;2.96;0.95;81.00;3412.00;18.00;82.50;33.75;10.98;24.58;14.11;353.84;312.21;2.58;72775.00;80.00;81.00;47.00;4520.80;1006.38;742.18;6.00;1;0;1;0;0;1;0;0;0;0;0;1;1;0;0;0;0;0
1627079;3.72;1.00;80.00;3381.00;18.00;82.50;30.75;14.12;27.05;14.11;243.52;334.18;2.58;72775.00;79.00;80.00;47.00;4530.40;1006.38;781.24;6.00;1;0;1;0;0;1;0;0;0;0;0;1;1;0;0;0;0;0
1628616;2.47;0.93;78.00;3372.00;18.00;82.50;36.00;8.24;21.32;14.11;331.56;358.30;2.58;72775.00;78.00;79.00;47.00;4510.80;1006.38;332.03;6.00;1;0;1;0;0;1;0;0;0;0;0;1;1;0;0;0;0;0
1630114;1.29;0.91;76.00;3224.00;18.00;82.50;37.50;3.53;11.66;14.02;353.16;346.77;2.58;72775.00;77.00;77.00;47.00;4532.40;1006.38;878.90;6.00;1;0;1;0;0;1;0;0;0;0;0;1;1;0;0;0;0;0
1631442;1.73;0.90;72.00;3089.00;18.00;82.50;35.25;4.71;15.67;14.21;308.34;289.96;2.58;72775.00;73.00;73.00;47.00;4519.20;1006.38;58.59;6.00;1;0;1;0;0;1;0;0;0;0;0;1;1;0;0;0;0;0
1632902;0.67;1.00;68.00;3130.00;18.00;82.50;24.75;0;12.57;14.11;119.86;153.13;2.58;72775.00;68.00;68.00;47.00;4342.20;1006.30;19.53;5.00;1;0;1;0;0;1;0;0;0;0;0;1;1;0;0;0;0;0
1634231;1.10;1.00;61.00;2779.00;18.00;82.50;27.00;1.57;8.13;14.11;305.82;305.66;2.58;72775.00;61.00;60.00;47.00;4224.60;1006.22;820.30;5.00;1;0;1;0;0;1;0;0;0;0;0;1;1;0;0;0;0;0
1635656;0.83;1.00;55.00;2539.00;18.00;82.50;14.25;0;12.65;14.21;323.75;343.88;2.58;72775.00;55.00;55.00;47.00;4485.60;1006.15;390.62;5.00;1;0;1;0;0;1;0;0;1;0;0;1;1;0;0;0;0;0
1637192;3.53;1.00;46.00;2157.00;18.00;82.50;7.50;7.06;13.56;14.21;186.08;299.36;2.58;72775.00;46.00;46.00;47.00;4544.00;1006.26;97.66;5.00;1;0;1;0;0;1;0;0;1;0;0;1;1;0;0;0;0;0
1638600;7.03;1.00;51.00;3135.00;18.00;82.50;12.00;40.79;43.97;14.02;258.05;270.88;2.58;72775.00;50.00;51.00;47.00;4542.20;1006.22;703.12;3.00;1;0;1;0;0;1;0;0;1;0;0;1;1;0;0;0;0;0
1640083;5.24;1.00;67.00;4114.00;18.00;83.25;19.50;30.98;44.92;14.02;303.77;326.19;2.58;72775.00;66.00;67.00;47.00;4626.20;1006.11;332.03;3.00;1;0;1;0;0;1;0;0;1;0;0;1;1;0;0;0;0;0
1641463;7.45;1.00;76.00;4118.00;18.00;83.25;32.25;18.04;23.20;13.92;349.57;347.81;2.82;72775.00;76.00;76.00;47.00;4450.80;1005.87;878.90;4.00;1;0;1;0;0;1;0;0;0;0;0;1;1;0;0;0;0;0
1643051;7.58;0.99;88.00;4624.00;18.00;83.25;18.00;63.14;52.62;14.02;337.15;316.21;2.58;72775.00;87.00;89.00;47.00;4506.40;1005.64;273.43;4.00;1;0;1;0;0;1;0;0;0;0;0;1;1;0;0;0;0;0
1644487;6.28;0.99;97.00;4462.00;18.00;82.50;18.00;37.65;44.81;14.11;275.43;254.55;2.58;72776.00;96.00;97.00;47.00;4552.00;1005.29;839.83;5.00;1;0;1;0;0;1;0;0;0;0;0;1;1;0;0;0;0;0
1645949;6.10;1.01;102.00;4723.00;18.00;82.50;24.75;33.34;39.30;14.11;347.15;276.99;2.58;72776.00;100.00;103.00;47.00;4509.20;1005.33;820.30;5.00;1;0;1;0;0;1;0;0;0;0;0;1;1;0;0;0;0;0
1647459;4.19;1.00;105.00;4421.00;18.00;82.50;32.25;20.39;31.90;14.11;353.34;347.11;2.58;72776.00;104.00;105.00;47.00;4524.40;1004.70;234.37;6.00;1;0;1;0;0;1;0;0;0;0;0;1;1;0;0;0;0;0
1648881;3.71;0.98;105.00;4461.00;18.00;82.50;35.25;17.26;28.75;14.11;329.12;294.18;2.58;72776.00;103.00;105.00;47.00;4521.20;1004.62;644.52;6.00;1;0;1;0;0;1;0;0;0;0;0;1;1;0;0;0;0;0
1650368;3.02;1.00;105.00;4453.00;18.00;82.50;39.75;11.77;24.10;14.02;259.10;156.92;2.58;72776.00;104.00;106.00;47.00;4491.20;1004.51;839.83;6.00;1;0;1;0;0;1;0;0;0;0;0;1;1;0;0;0;0;0
1651726;2.57;0.94;102.00;4412.00;18.00;82.50;42.75;9.41;20.90;14.21;297.62;285.55;2.58;72776.00;101.00;103.00;47.00;4502.60;1004.39;644.52;6.00;1;0;1;0;0;1;0;0;0;0;0;1;1;0;0;0;0;0
1653136;2.91;0.99;101.00;4268.00;18.00;82.50;40.50;10.59;22.99;14.11;348.83;347.38;2.58;72776.00;99.00;101.00;47.00;4502.00;1004.19;800.77;6.00;1;0;1;0;0;1;0;0;0;0;0;1;1;0;0;0;0;0
1654541;3.29;0.98;100.00;4247.00;18.00;82.50;37.50;12.94;25.78;14.11;315.86;316.01;2.58;72776.00;99.00;100.00;47.00;4514.60;1004.04;605.46;6.00;1;0;1;0;0;1;0;0;0;0;0;1;1;0;0;0;0;0
1655944;5.30;1.07;101.00;4311.00;18.00;82.50;27.75;24.71;37.03;14.11;269.69;286.82;2.58;72776.00;99.00;102.00;47.00;4524.00;1003.96;781.24;6.00;1;0;1;0;0;1;0;0;0;0;0;1;1;0;0;0;0;0
1657324;3.90;1.02;103.00;4375.00;18.00;82.50;34.50;17.26;29.33;14.11;313.48;340.31;2.58;72776.00;102.00;103.00;47.00;4499.40;1003.92;136.72;6.00;1;0;1;0;0;1;0;0;0;0;0;1;1;0;0;0;0;0
1658720;5.00;1.01;103.00;4391.00;18.00;82.50;28.50;24.71;36.13;14.11;341.09;339.47;2.58;72776.00;102.00;104.00;47.00;4520.40;1003.84;488.28;6.00;1;0;1;0;0;1;0;0;0;0;0;1;1;0;0;0;0;0
1660070;3.62;0.97;103.00;4384.00;18.00;82.50;35.25;16.86;28.68;14.11;350.02;330.35;2.58;72776.00;103.00;104.00;47.00;4505.20;1003.65;390.62;6.00;1;0;1;0;0;1;0;0;0;0;0;1;1;0;0;0;0;0
1661435;5.39;1.04;105.00;4432.00;18.00;82.50;26.25;27.45;38.26;14.02;220.42;209.58;2.58;72776.00;103.00;105.00;47.00;4515.60;1003.33;722.65;6.00;1;0;1;0;0;1;0;0;0;0;0;1;1;0;0;0;0;0
1662894;5.66;0.99;108.00;4591.00;18.00;82.50;23.25;33.73;41.39;14.11;254.94;163.90;2.58;72776.00;107.00;108.00;47.00;4511.80;1003.26;722.65;6.00;1;0;1;0;0;1;0;0;0;0;0;1;1;0;0;0;0;0
1664416;4.60;0.98;111.00;4679.00;18.00;82.50;30.00;26.28;35.03;14.11;338.92;310.02;2.58;72776.00;110.00;111.00;47.00;4488.20;1003.10;898.43;6.00;1;0;1;0;0;1;0;0;0;0;0;1;1;0;0;0;0;0
1665821;8.63;1.00;117.00;4982.00;18.00;82.50;18.00;94.13;57.26;14.11;317.34;227.68;2.58;72776.00;114.00;118.00;47.00;4430.20;1003.06;878.90;6.00;1;0;1;0;0;1;0;0;0;0;0;1;1;0;0;0;0;0
1667234;7.37;0.98;125.00;5281.00;18.00;82.50;18.75;86.28;51.82;14.02;294.84;221.33;2.58;72776.00;120.00;125.00;47.00;4515.80;1003.06;859.36;6.00;1;0;1;0;0;1;0;0;0;0;0;0;1;0;0;0;0;0
1668815;7.30;1.00;132.00;5602.00;18.00;82.50;17.25;74.91;49.17;14.11;297.81;243.30;2.58;72776.00;127.00;132.00;47.00;4536.80;1002.32;58.59;6.00;1;0;1;0;0;1;0;0;0;0;0;0;1;0;0;0;0;0
1670323;5.35;1.04;132.00;5616.00;18.00;82.50;29.25;36.08;37.99;14.11;329.86;351.48;2.58;72776.00;129.00;133.00;47.00;4496.40;1002.01;781.24;6.00;1;0;1;0;0;1;0;0;0;0;0;0;1;0;0;0;0;0
1671778;4.96;1.01;132.00;5586.00;18.00;82.50;30.75;34.12;36.73;13.92;284.92;301.91;2.82;72776.00;129.00;133.00;47.00;4511.80;1001.77;722.65;6.00;1;0;1;0;0;1;0;0;0;0;0;1;1;0;0;0;0;0
1674044;6.60;1.00;132.00;5634.00;18.00;82.50;21.00;51.38;45.02;14.02;203.83;168.49;2.58;72776.00;129.00;133.00;47.00;4469.20;1001.07;97.66;6.00;1;0;1;0;0;1;0;0;0;0;0;1;1;0;0;0;0;0
1675971;0.54;1.00;121.00;5113.00;18.00;82.50;-30.00;1.57;0;14.21;328.92;343.75;2.58;72776.00;121.00;121.00;47.00;4345.80;1000.56;742.18;6.00;1;0;1;0;0;1;0;0;0;0;0;1;1;0;0;0;0;0
1677394;6.78;1.00;126.00;5320.00;18.00;82.50;19.50;55.30;47.00;14.02;345.68;338.04;2.58;72777.00;122.00;126.00;47.00;4500.00;1000.52;820.30;6.00;1;0;1;0;0;1;0;0;0;0;0;0;1;0;0;0;0;0
1678942;6.62;1.06;130.00;5473.00;18.00;82.50;21.75;47.46;44.24;14.02;285.86;268.73;2.58;72777.00;127.00;130.00;47.00;4458.80;1000.25;429.68;6.00;1;0;1;0;0;1;0;0;0;0;0;0;1;0;0;0;0;0
1680316;6.19;1.00;132.00;5640.00;18.00;82.50;21.75;48.63;44.15;14.11;178.80;218.46;2.58;72777.00;131.00;133.00;47.00;4479.00;999.54;58.59;6.00;1;0;1;0;0;1;0;0;0;0;0;0;1;0;0;0;0;0
1682131;5.07;1.02;131.00;5574.00;18.00;82.50;30.75;34.51;37.09;14.11;348.77;340.35;2.58;72777.00;129.00;132.00;47.00;4506.60;999.23;800.77;6.00;1;0;1;0;0;1;0;0;0;0;0;1;1;0;0;0;0;0
1683646;7.36;1.00;132.00;5648.00;18.00;82.50;18.75;65.50;48.15;14.11;314.96;308.83;2.58;72777.00;129.00;133.00;47.00;4524.60;998.80;58.59;6.00;1;0;1;0;0;1;0;0;0;0;0;0;1;0;0;0;0;0
1685079;4.66;1.06;133.00;5633.00;18.00;82.50;34.50;29.02;32.89;14.11;215.18;201.59;2.58;72777.00;130.00;134.00;47.00;4519.60;998.37;781.24;6.00;1;0;1;0;0;1;0;0;0;0;0;0;1;0;0;0;0;0
1686478;6.31;0.97;135.00;5752.00;18.00;82.50;21.00;51.38;44.95;14.11;275.94;268.50;2.58;72777.00;133.00;136.00;47.00;4483.00;997.67;58.59;6.00;1;0;1;0;0;1;0;0;0;0;0;0;1;0;0;0;0;0
1687984;3.06;1.00;133.00;5627.00;18.00;82.50;42.75;18.83;24.72;14.11;325.21;321.03;2.58;72777.00;131.00;134.00;47.00;4505.40;997.28;156.25;6.00;1;0;1;0;0;1;0;0;0;0;0;1;1;0;0;0;0;0
1689486;7.58;1.00;133.00;5647.00;18.00;83.25;18.00;77.66;49.65;14.11;265.49;264.34;2.58;72777.00;130.00;134.00;47.00;4529.80;996.85;742.18;6.00;1;0;1;0;0;1;0;0;0;0;0;0;1;0;0;0;0;0
1690959;7.74;1.01;138.00;5893.00;18.00;83.25;18.00;94.52;49.99;14.11;151.08;163.58;2.58;72777.00;134.00;139.00;47.00;4456.80;996.46;859.36;6.00;1;0;1;0;0;1;0;0;0;0;0;0;1;0;0;0;0;0
1692277;6.92;1.00;143.00;6096.00;18.00;83.25;19.50;64.32;46.99;14.02;355.47;348.28;2.58;72777.00;140.00;144.00;47.00;4543.20;995.95;800.77;6.00;1;0;1;0;0;1;0;0;0;0;0;0;1;0;0;0;0;0
1693746;5.85;1.00;146.00;6200.00;18.00;83.25;24.75;49.81;44.04;14.02;334.14;301.35;2.58;72777.00;142.00;147.00;47.00;4532.00;995.60;859.36;6.00;1;0;1;0;0;1;0;0;0;0;0;0;1;0;0;0;0;0
1695233;0.40;1.00;143.00;5852.00;18.00;83.25;50.25;0.78;4.72;14.02;176.96;187.08;2.58;72777.00;142.00;144.00;47.00;4510.00;995.17;19.53;6.00;1;0;1;0;0;1;0;0;0;0;0;0;1;0;0;0;0;0
1696889;0.52;1.00;125.00;5284.00;18.00;83.25;-30.00;0.39;0;14.02;221.88;196.55;2.58;72777.00;126.00;125.00;47.00;4342.00;994.70;800.77;6.00;1;0;1;0;0;1;0;0;0;0;0;0;1;0;0;0;0;0
1698408;2.66;0.99;118.00;5006.00;18.00;83.25;45.75;10.98;20.65;14.21;329.65;321.93;2.58;72777.00;117.00;118.00;47.00;4467.60;994.35;234.37;6.00;1;0;1;0;0;1;0;0;0;0;0;1;1;0;0;0;0;0
1700016;1.90;0.93;111.00;4726.00;18.00;83.25;47.25;7.45;16.24;14.11;350.17;344.00;2.58;72777.00;111.00;112.00;47.00;4514.80;994.27;839.83;6.00;1;0;1;0;0;1;0;0;0;0;0;1;1;0;0;0;0;0
1701445;6.96;1.00;113.00;4786.00;18.00;83.25;18.00;50.59;47.49;14.11;339.00;328.26;2.58;72777.00;109.00;113.00;47.00;4506.40;993.92;58.59;6.00;1;0;1;0;0;1;0;0;0;0;0;1;1;0;0;0;0;0
1702952;3.26;0.97;111.00;4729.00;18.00;83.25;39.00;16.08;25.84;14.02;344.82;337.75;2.58;72777.00;110.00;112.00;47.00;4507.80;993.68;761.71;6.00;1;0;1;0;0;1;0;0;0;0;0;1;1;0;0;0;0;0
1704568;3.88;1.00;112.00;4750.00;18.00;82.50;34.50;21.57;30.52;14.11;335.27;354.16;2.58;72778.00;111.00;112.00;47.00;4497.20;993.33;820.30;6.00;1;0;1;0;0;1;0;0;0;0;0;1;1;0;0;0;0;0
1706031;5.55;1.00;112.00;4766.00;17.25;82.50;31.50;27.45;33.93;14.11;336.97;347.20;2.58;72778.00;110.00;112.00;47.00;4471.20;993.14;878.90;6.00;1;0;1;0;0;1;0;0;0;0;0;1;1;0;0;0;0;0
1707772;1.89;0.90;108.00;4606.00;17.25;82.50;46.50;7.45;16.92;14.02;333.08;218.81;2.58;72778.00;108.00;109.00;47.00;4495.40;992.86;781.24;6.00;1;0;1;0;0;1;0;0;0;0;0;1;1;0;0;0;0;0
1709333;4.02;1.01;103.00;4422.00;17.25;82.50;33.75;19.22;30.35;14.02;318.10;252.07;2.58;72778.00;102.00;104.00;47.00;4556.40;992.47;781.24;6.00;1;0;1;0;0;1;0;0;0;0;0;1;1;0;0;0;0;0
1711030;1.80;1.00;102.00;4340.00;17.25;82.50;46.50;6.28;15.10;13.92;312.25;344.76;2.82;72778.00;101.00;103.00;47.00;4428.60;992.28;859.36;6.00;1;0;1;0;0;1;0;0;0;0;0;1;1;0;0;0;0;0
1712464;0.54;1.00;95.00;3961.00;17.25;82.50;-30.00;0;0;14.02;313.03;216.92;2.58;72778.00;95.00;94.00;47.00;4339.80;991.97;0;6.00;1;0;1;0;0;1;0;0;0;0;0;1;1;0;0;0;0;0
1714558;0.64;1.00;68.00;3153.00;17.25;82.50;-30.00;0;0;14.02;205.51;212.68;2.58;72778.00;68.00;69.00;47.00;4456.20;991.65;644.52;5.00;1;0;1;0;0;1;0;0;0;0;0;1;1;0;0;0;0;0
1716018;1.94;1.00;55.00;2993.00;17.25;82.50;27.75;3.92;8.05;14.11;303.01;338.16;2.58;72778.00;55.00;54.00;47.00;4223.60;991.61;859.36;3.00;1;0;1;0;0;1;0;0;1;0;0;1;1;0;0;0;0;0
1718378;5.02;1.00;61.00;3721.00;17.25;82.50;29.25;20.79;33.64;14.11;311.84;315.33;2.58;72778.00;58.00;61.00;47.00;4636.00;991.93;703.12;3.00;1;0;1;0;0;1;0;0;1;0;0;1;1;0;0;0;0;0
1720079;6.89;0.98;78.00;4851.00;17.25;82.50;18.75;53.34;48.51;14.02;145.83;313.38;2.58;72778.00;75.00;79.00;47.00;4482.60;992.16;19.53;3.00;1;0;1;0;0;1;0;0;0;0;0;1;1;0;0;0;0;0
1721642;3.52;1.00;92.00;4221.00;17.25;82.50;33.75;16.08;29.28;14.11;342.13;352.79;2.58;72778.00;90.00;92.00;47.00;4560.80;992.12;800.77;5.00;1;0;1;0;0;1;0;0;0;0;0;1;1;0;0;0;0;0
1723362;1.50;1.00;96.00;4457.00;17.25;81.75;48.00;5.10;11.99;14.11;348.88;347.44;2.58;72778.00;96.00;97.00;47.00;4451.40;992.16;839.83;5.00;1;0;1;0;0;1;0;0;0;0;0;1;1;0;0;0;0;0
1725019;1.45;0.97;96.00;4439.00;17.25;81.75;48.00;4.71;12.04;14.11;315.86;316.84;2.58;72778.00;95.00;97.00;47.00;4489.80;992.47;468.74;5.00;1;0;1;0;0;1;0;0;0;0;0;1;1;0;0;0;0;0
1726740;0.54;1.00;86.00;3947.00;17.25;81.75;-30.00;0;0;14.02;277.85;281.47;2.58;72778.00;86.00;86.00;47.00;4313.80;992.71;0;5.00;1;0;1;1;0;1;0;0;0;0;0;1;1;0;0;0;0;0
1728323;0.59;1.00;65.00;3363.00;17.25;81.75;-30.00;0;0;14.11;353.20;325.92;2.58;72778.00;64.00;65.00;47.00;4363.20;993.25;0;4.00;1;0;1;0;0;1;0;0;1;0;0;1;1;0;0;0;0;0
1729841;0.64;1.00;43.00;3012.00;17.25;81.75;-30.00;0;0;14.11;295.61;319.43;2.58;72778.00;43.00;43.00;47.00;4573.40;993.72;0;2.00;1;0;1;0;0;1;0;0;1;0;0;1;1;0;0;0;0;0
1731731;3.02;0.97;32.00;2571.00;17.25;81.75;12.00;7.45;20.08;14.11;114.48;242.47;2.58;72778.00;32.00;33.00;47.00;4509.60;994.27;39.06;2.00;1;0;1;0;0;1;0;0;1;0;0;1;1;0;0;0;0;0
1734149;1.92;1.00;37.00;3230.00;17.25;81.75;23.25;4.31;12.26;14.11;338.63;347.73;2.58;72778.00;37.00;37.00;47.00;4226.00;994.97;820.30;2.00;1;0;1;0;0;1;0;0;1;0;0;1;1;0;0;0;0;0
1735608;2.31;0.94;41.00;3199.00;17.25;81.75;36.75;5.88;19.28;14.21;279.88;205.77;2.58;72778.00;41.00;41.00;47.00;4478.00;995.13;878.90;2.00;1;0;1;0;0;1;0;0;1;0;0;1;1;0;0;0;0;0
1736961;2.55;1.00;50.00;3882.00;17.25;82.50;41.25;8.24;21.75;14.11;203.70;195.44;2.58;72778.00;50.00;50.00;47.00;4538.40;995.17;0;2.00;1;0;1;0;0;1;0;0;0;0;0;1;1;0;0;0;0;0
1738773;0.63;1.00;40.00;3152.00;17.25;82.50;-30.00;0;0;14.11;282.17;297.32;2.58;72778.00;40.00;41.00;47.00;4598.00;995.21;0;2.00;1;0;1;0;0;1;0;0;1;0;0;1;1;0;0;0;0;0
1740410;1.29;1.00;20.00;1439.00;17.25;82.50;13.50;0;12.30;14.39;187.12;299.24;2.31;72778.00;20.00;19.00;43.00;4388.20;995.21;624.99;2.00;1;0;1;0;0;1;0;0;1;0;0;1;1;0;0;0;0;0
1741933;1.69;0.99;17.00;2167.00;17.25;82.50;15.75;2.35;12.24;14.21;147.31;185.89;2.58;72778.00;18.00;17.00;47.00;4517.80;995.21;761.71;1;1;0;1;1;0;1;0;0;1;0;0;1;1;0;0;0;0;0
1743525;1.26;0.96;16.00;1419.00;17.25;82.50;14.25;0;12.43;14.39;162.78;172.94;2.31;72778.00;16.00;16.00;42.00;4502.80;995.21;332.03;2.00;1;0;1;1;0;1;0;0;1;0;0;1;1;0;0;1;0;0
1745195;1.33;0.98;11.00;1290.00;17.25;83.25;13.50;0;12.24;14.49;215.65;224.50;2.31;72778.00;11.00;10.00;41.00;4528.40;995.33;39.06;0;1;0;1;0;0;1;0;0;1;0;0;1;1;0;0;0;0;0
1746638;1.40;0.99;7.00;1223.00;17.25;83.25;16.50;0;12.61;14.49;96.52;106.24;2.31;72778.00;7.00;6.00;39.00;4495.80;995.56;97.66;1;1;0;1;0;0;1;0;0;1;0;0;1;1;0;0;0;0;0
1748099;1.35;1.02;3.00;1255.00;17.25;83.25;14.25;0;12.03;14.39;93.90;91.13;2.31;72778.00;4.00;3.00;37.00;4522.00;995.95;58.59;1;1;0;1;0;0;1;0;0;1;0;0;1;1;0;0;0;0;0
1749428;1.34;1.02;0;1265.00;17.25;83.25;13.50;0;11.76;14.30;42.54;49.84;2.58;72778.00;0;0;37.00;4510.00;996.03;683.59;1;1;0;1;0;0;1;0;0;1;0;0;1;1;0;0;0;0;0
1751008;1.24;1.04;0;1289.00;17.25;84.00;12.00;0;11.29;14.39;26.03;22.26;2.31;72778.00;0;0;36.00;4512.80;996.22;175.78;1;1;0;1;0;0;1;0;0;1;0;0;1;1;0;0;0;0;0
1752412;1.38;1.08;0;1233.00;18.00;84.00;15.75;0;11.93;14.39;15.57;17.99;2.31;72778.00;0;0;36.00;4502.60;996.26;136.72;1;1;0;1;1;0;1;0;0;1;0;0;1;1;0;0;1;0;0
1754168;1.39;1.05;0;1249.00;18.00;84.75;13.50;0.39;11.54;14.49;12.69;11.70;2.31;72778.00;0;0;36.00;4552.60;996.30;898.43;1;1;0;1;0;0;1;0;0;1;0;0;1;1;0;0;0;0;0
1755752;3.42;0.97;12.00;2008.00;18.00;84.75;17.25;7.06;29.17;14.21;156.24;183.37;2.58;72778.00;12.00;12.00;46.00;4578.80;996.18;58.59;1;1;0;1;0;0;1;0;0;1;0;0;1;1;0;0;0;0;0
1762709;1.30;1.02;0;1261.00;18.00;85.50;13.50;0;12.01;14.39;60.09;117.82;2.31;72778.00;0;0;39.00;4510.00;996.30;58.59;1;1;0;1;1;0;1;0;0;1;0;0;1;1;0;0;1;0;0
1764991;1.28;1.03;0;1241.00;18.00;85.50;14.25;0;11.84;14.39;79.49;49.12;2.31;72778.00;0;0;35.00;4508.60;996.30;117.19;0;0;1;0;0;0;1;0;0;1;0;0;1;1;0;0;1;0;0
1766766;1.34;1.07;0;1237.00;18.00;85.50;15.00;0;11.70;14.39;54.20;41.52;2.31;72778.00;0;0;35.00;4515.40;996.22;839.83;0;0;1;0;0;0;1;0;0;0;0;0;0;1;0;0;1;0;0
1768422;1.30;1.06;0;51.00;18.00;85.50;12.00;0;11.23;14.11;51.17;36.19;2.58;72778.00;0;0;100.00;4523.40;996.22;585.93;0;0;1;0;0;0;0;0;0;0;0;0;0;0;0;0;1;0;0
1769938;1.30;1.06;0;0;18.00;85.50;12.00;0;11.23;14.11;51.17;36.19;2.58;72778.00;0;0;100.00;4523.40;996.22;624.99;0;0;1;0;0;0;0;0;0;0;0;0;0;0;0;0;1;0;0
