##;##
#2012-01-16 01:11:57
#GS-911 Mobile WM5 V1009.2
#F800GS
#BMS-KP2
Time (ms);Injection time( ms);Lambda control factor;Speed( km/h);RPM;Intake air temperature( °C);Engine temperature( °C);Ignition angle( °KW);Throttle valve position (TPS)( %);Engine load( %);Battery voltage( V);Knock sensor 1( V);Knock sensor 2( V);Ignition dwell time( ms);Odometer( km);Front wheel speed( km/h);Rear wheel speed( km/h);Idle actuator position( steps);Fuel pressure( mbar);Ambient air pressure( mbar);Lambda sensor voltage( mV);Gear position;Sidestand switch 1;Sidestand switch 2;Sidestand switch calculated;Clutch switch;Kill switch;Oil pressure switch;Start switch;Tank venting valve (US only);Secondary air valve;Engine over-temperature light;Actuation of starter relay;Lambda sensor heating;Fuel pump;Fan motor;Engine safety cut-out (of BMSK);Starter function (of BMSK);Starter safety cut-out (of BMSK);Engine warning light (MIL)
1220;0;1.00;0;0;19.50;21.75;-96.00;0;55.40;12.50;52.81;52.81;3.36;72137.00;0;0;202.00;4708.40;984.78;449.21;0;0;1;0;0;0;0;1;0;1;0;0;1;1;0;0;1;0;0
2556;3.95;1.00;0;1650.00;19.50;21.75;3.00;0;17.18;13.35;35.15;36.46;3.07;72137.00;0;0;202.00;4320.40;984.86;449.21;0;0;1;0;0;0;1;0;0;1;0;0;1;1;0;0;1;0;0
3942;3.22;1.00;0;1394.00;19.50;21.75;6.00;0;16.56;14.21;22.60;21.74;2.58;72137.00;0;0;139.00;4482.20;985.01;449.21;0;0;1;0;0;0;1;0;0;1;0;0;1;1;0;0;1;0;0
5243;2.88;1.00;0;1380.00;19.50;21.75;6.75;0;16.40;14.21;81.50;89.99;2.58;72137.00;0;0;135.00;4507.80;985.21;449.21;0;0;1;0;0;0;1;0;0;1;0;0;1;1;0;0;1;0;0
6572;2.82;1.00;0;1369.00;19.50;21.75;6.75;0;16.37;14.21;152.31;144.74;2.58;72137.00;0;0;135.00;4516.80;985.29;449.21;0;0;1;0;0;0;1;0;0;1;0;0;1;1;0;0;1;0;0
8007;2.62;1.00;0;1438.00;19.50;21.75;4.50;0;15.58;14.11;129.93;136.51;2.58;72137.00;0;0;135.00;4510.60;985.29;449.21;0;0;1;0;0;0;1;0;0;1;0;0;1;1;0;0;1;0;0
9393;2.73;1.00;0;1392.00;19.50;21.75;6.75;0;16.53;14.21;76.85;112.04;2.58;72137.00;0;0;138.00;4526.60;985.33;449.21;0;0;1;0;0;0;1;0;0;1;0;0;1;1;0;0;1;0;0
10787;2.61;1.00;0;1378.00;19.50;21.75;6.75;0;16.43;14.11;73.32;119.17;2.58;72137.00;0;0;136.00;4513.00;985.29;449.21;0;0;1;0;0;0;1;0;0;1;0;0;1;1;0;0;1;0;0
12043;2.58;1.00;0;1367.00;18.75;21.75;6.75;0;16.32;14.30;85.89;159.15;2.58;72137.00;0;0;133.00;4531.20;985.33;449.21;0;0;1;0;0;0;1;0;0;1;0;0;1;1;0;0;1;0;0
13432;2.58;1.00;0;1381.00;18.75;21.75;6.75;0;16.46;14.21;99.27;141.22;2.58;72137.00;0;0;135.00;4518.00;985.25;449.21;0;0;1;0;0;0;1;0;0;1;0;0;1;1;0;0;1;0;0
14813;2.50;1.00;0;1444.00;18.75;21.75;5.25;0;15.98;14.30;65.54;68.14;2.58;72137.00;0;0;135.00;4504.40;985.21;449.21;0;0;1;0;0;0;1;0;0;1;0;0;1;1;0;0;1;0;0
16116;2.45;1.00;0;1417.00;18.75;22.50;6.00;0;16.11;14.30;81.32;56.09;2.58;72137.00;0;0;133.00;4520.80;985.25;449.21;0;0;1;0;0;0;1;0;0;1;0;0;1;1;0;0;1;0;0
17467;2.42;1.00;0;1380.00;18.75;22.50;6.75;0;16.38;14.21;77.05;76.26;2.58;72137.00;0;0;134.00;4511.60;985.09;449.21;0;0;1;0;0;0;1;0;0;1;0;0;1;1;0;0;1;0;0
18813;2.39;1.00;0;1386.00;18.75;23.25;6.75;0;16.39;14.11;82.65;73.06;2.58;72137.00;0;0;134.00;4516.20;985.25;449.21;0;0;1;0;0;0;1;0;0;1;0;0;1;1;0;0;1;0;0
20068;2.42;1.00;0;1431.00;18.75;23.25;5.25;0;15.86;14.11;54.25;56.66;2.58;72137.00;0;0;132.00;4515.60;985.25;449.21;0;0;1;0;0;0;1;0;0;1;0;0;1;1;0;0;1;0;0
21406;2.35;1.00;0;1403.00;18.75;24.00;6.00;0;15.95;14.21;55.97;80.66;2.58;72137.00;0;0;131.00;4527.00;985.17;429.68;0;0;1;0;0;0;1;0;0;1;0;0;1;1;0;0;1;0;0
22755;2.35;1.00;0;1403.00;18.75;24.75;6.00;0;16.25;14.11;99.78;69.18;2.58;72137.00;0;0;131.00;4506.60;985.25;429.68;0;0;1;0;0;0;1;0;0;1;0;0;1;1;0;0;1;0;0
24004;2.38;1.00;0;1393.00;18.75;24.75;6.00;0;16.04;14.30;148.64;63.14;2.58;72137.00;0;0;129.00;4505.00;985.29;429.68;0;0;1;0;0;0;1;0;0;1;0;0;1;1;0;0;1;0;0
25363;2.36;1.00;0;1408.00;18.75;25.50;5.25;0;15.76;14.11;163.15;172.63;2.58;72137.00;0;0;130.00;4510.20;985.17;429.68;0;0;1;0;0;0;1;0;0;1;0;0;1;1;0;0;1;0;0
26776;2.43;1.00;0;1408.00;18.00;25.50;5.25;0;15.77;14.21;129.03;120.11;2.58;72137.00;0;0;126.00;4508.40;985.21;429.68;0;0;1;0;0;0;1;0;0;1;0;0;0;1;0;0;1;0;0
28052;2.38;1.00;0;1361.00;18.00;26.25;6.75;0;15.98;14.39;74.94;63.14;2.31;72137.00;0;0;122.00;4522.60;985.17;449.21;0;0;1;0;0;0;1;0;0;1;0;0;1;1;0;0;1;0;0
29569;2.42;1.00;0;1409.00;18.00;26.25;5.25;0;15.75;14.30;58.53;86.15;2.58;72137.00;0;0;124.00;4514.20;985.13;488.28;0;0;1;0;0;0;1;0;0;1;0;0;1;1;0;0;1;0;0
30963;2.36;1.00;0;1356.00;18.00;27.00;6.75;0;16.08;14.11;37.67;67.89;2.58;72137.00;0;0;124.00;4518.00;985.09;507.81;0;0;1;0;0;0;1;0;0;1;0;0;1;1;0;0;1;0;0
32221;2.34;1.00;0;1386.00;18.00;27.00;6.75;0;16.09;14.30;48.24;42.46;2.58;72137.00;0;0;125.00;4526.20;985.13;468.74;0;0;1;0;0;0;1;0;0;1;0;0;1;1;0;0;1;0;0
33565;2.29;1.00;0;1436.00;18.00;27.75;4.50;0;15.24;14.02;28.22;25.78;2.58;72137.00;0;0;126.00;4511.80;985.25;527.34;0;0;1;0;0;0;1;0;0;1;0;0;1;1;0;0;1;0;0
34991;2.32;1.00;0;1400.00;18.00;27.75;6.00;0;15.85;14.21;49.49;17.32;2.58;72137.00;0;0;123.00;4507.00;985.17;527.34;0;0;1;0;0;0;1;0;0;1;0;0;1;1;0;0;1;0;0
36335;2.24;0.97;0;1399.00;18.00;28.50;6.00;0;15.83;14.11;36.89;90.27;2.58;72137.00;0;0;123.00;4522.60;985.21;527.34;0;0;1;0;0;0;1;0;0;1;0;0;1;1;0;0;1;0;0
37776;2.15;0.95;0;1425.00;18.00;29.25;4.50;0;15.55;14.30;87.18;107.65;2.58;72137.00;0;0;122.00;4505.00;985.25;371.09;0;0;1;0;0;0;1;0;0;1;0;0;1;1;0;0;1;0;0
39184;2.35;0.99;0;1317.00;17.25;30.00;8.25;0;16.77;14.11;52.93;58.82;2.58;72137.00;0;0;123.00;4517.80;985.25;371.09;0;0;1;0;0;0;1;0;0;1;0;0;1;1;0;0;1;0;0
40640;2.48;1.02;0;1360.00;17.25;30.00;6.75;0;15.93;14.39;81.75;38.30;2.31;72137.00;0;0;122.00;4507.80;985.29;566.40;0;1;0;1;0;0;1;0;0;1;0;0;1;1;0;0;1;0;0
42106;2.28;0.98;0;1380.00;17.25;30.75;6.75;0;15.79;14.21;104.66;49.59;2.58;72137.00;0;0;122.00;4508.20;985.29;605.46;1;1;0;1;0;0;1;0;0;1;0;0;1;1;0;0;0;0;0
43630;3.02;0.99;20.00;2246.00;17.25;32.25;9.75;5.10;17.77;14.02;157.92;230.98;2.58;72137.00;20.00;20.00;119.00;4491.20;985.33;624.99;1;1;0;1;0;0;1;0;0;1;0;0;1;1;0;0;0;0;0
49871;1.26;1.00;23.00;2602.00;17.25;33.00;7.50;0;15.73;13.92;203.17;215.51;2.82;72137.00;24.00;23.00;118.00;4526.60;985.17;644.52;1;1;0;1;0;0;1;0;0;1;0;0;1;1;0;0;0;0;0
51212;1.90;1.00;15.00;1763.00;17.25;33.75;6.75;0;15.81;14.11;77.98;89.82;2.58;72137.00;15.00;16.00;121.00;4519.00;985.17;253.90;1;1;0;1;0;0;1;0;0;1;0;0;1;1;0;0;0;0;0
52641;1.93;1.00;16.00;2067.00;17.25;33.75;8.25;1.57;13.55;14.11;64.10;41.68;2.58;72137.00;16.00;16.00;117.00;4471.40;985.13;253.90;1;1;0;1;0;0;1;0;0;1;0;0;1;1;0;0;0;0;0
53992;5.26;1.01;13.00;1566.00;17.25;34.50;9.00;3.53;15.41;14.02;32.85;34.35;2.58;72137.00;14.00;13.00;116.00;4558.20;985.17;703.12;1;1;0;1;0;0;1;0;0;1;0;0;1;1;0;0;0;0;0
55329;4.82;1.00;17.00;1895.00;17.25;34.50;8.25;7.06;19.94;13.92;11.39;10.10;2.82;72137.00;17.00;17.00;116.00;4498.20;985.17;722.65;1;1;0;1;0;0;1;0;0;1;0;0;1;1;0;0;0;0;0
56704;3.84;0.95;23.00;2559.00;17.25;35.25;10.50;10.98;24.79;13.92;154.21;48.63;2.82;72137.00;23.00;23.00;115.00;4453.40;985.09;683.59;1;1;0;1;0;0;1;0;0;1;0;0;1;1;0;0;0;0;0
58344;5.15;1.00;31.00;2490.00;17.25;36.00;9.00;15.30;30.05;14.02;205.40;270.88;2.58;72137.00;31.00;31.00;115.00;4428.80;984.82;683.59;2.00;1;0;1;0;0;1;0;0;1;0;0;1;1;0;0;0;0;0
59786;3.01;0.98;36.00;2834.00;17.25;36.00;15.00;6.67;19.78;13.92;257.58;320.45;2.82;72137.00;37.00;37.00;115.00;4538.80;984.74;703.12;2.00;1;0;1;0;0;1;0;0;1;0;0;1;1;0;0;0;0;0
61103;2.18;0.97;36.00;2813.00;17.25;36.75;16.50;3.92;14.09;13.92;299.82;310.94;2.82;72137.00;36.00;36.00;114.00;4511.00;984.50;312.50;2.00;1;0;1;0;0;1;0;0;1;0;0;1;1;0;0;0;0;0
62514;2.38;0.99;33.00;2613.00;17.25;37.50;13.50;3.53;14.52;14.02;162.82;152.10;2.58;72137.00;33.00;34.00;113.00;4501.40;984.50;722.65;2.00;1;0;1;0;0;1;0;0;1;0;0;1;1;0;0;0;0;0
64014;1.53;1.00;28.00;2190.00;17.25;38.25;6.00;0;15.36;13.92;37.40;33.28;2.82;72137.00;28.00;28.00;118.00;4527.80;984.47;781.24;2.00;1;0;1;0;0;1;0;0;1;0;0;1;1;0;0;0;0;0
65325;1.54;1.00;25.00;1926.00;17.25;39.00;6.75;0;15.36;14.11;112.10;114.66;2.58;72137.00;25.00;25.00;113.00;4503.40;984.27;800.77;2.00;1;0;1;0;0;1;0;0;1;0;0;1;1;0;0;0;0;0
66850;5.53;1.00;16.00;1642.00;17.25;39.75;6.75;6.28;25.58;14.02;64.02;77.01;2.58;72137.00;16.00;15.00;110.00;4558.80;984.19;800.77;0;1;0;1;0;0;1;0;0;1;0;0;1;1;0;0;0;0;0
68174;2.01;0.97;8.00;1474.00;17.25;39.75;5.25;0;14.71;14.11;38.79;51.70;2.58;72137.00;8.00;8.00;110.00;4500.80;984.15;761.71;1;1;0;1;0;0;1;0;0;1;0;0;1;1;0;0;0;0;0
69639;2.06;0.94;0;1432.00;17.25;40.50;5.25;0;14.41;14.21;43.83;42.61;2.58;72137.00;0;0;109.00;4508.60;984.15;136.72;1;1;0;1;0;0;1;0;0;1;0;0;1;1;0;0;0;0;0
71006;2.06;0.98;0;1413.00;17.25;40.50;6.00;0;14.62;14.11;37.11;28.32;2.58;72137.00;0;0;110.00;4517.20;984.15;156.25;1;1;0;1;0;0;1;0;0;1;0;0;1;1;0;0;0;0;0
72263;2.06;1.00;0;1447.00;17.25;41.25;4.50;0;14.14;14.30;125.34;113.31;2.58;72137.00;0;0;105.00;4510.00;984.15;781.24;1;1;0;1;0;0;1;0;0;1;0;0;1;1;0;0;0;0;0
73652;5.06;1.00;10.00;1861.00;17.25;41.25;6.75;11.77;32.97;14.02;40.15;46.58;2.58;72137.00;9.00;10.00;109.00;4516.20;984.15;820.30;1;1;0;1;0;0;1;0;0;1;0;0;1;1;0;0;0;0;0
75227;3.56;0.94;23.00;2598.00;17.25;42.00;11.25;10.59;23.72;14.02;11.23;12.30;2.58;72137.00;23.00;23.00;108.00;4497.60;984.15;800.77;1;1;0;1;0;0;1;0;0;1;0;0;1;1;0;0;0;0;0
76629;0;1.00;32.00;3314.00;17.25;42.00;33.75;0;15.00;14.02;2.83;5.43;2.58;72137.00;31.00;32.00;108.00;4580.60;984.15;781.24;1;1;0;1;0;0;1;0;0;1;0;0;1;1;0;0;0;0;0
78035;4.24;0.97;37.00;2983.00;17.25;42.75;13.50;16.86;29.33;13.45;178.68;188.33;3.07;72137.00;37.00;38.00;107.00;4534.00;984.19;800.77;2.00;1;0;1;0;0;1;0;0;1;0;0;1;1;0;0;0;0;0
79475;3.10;1.00;45.00;2779.00;16.50;43.50;18.00;4.31;14.98;14.02;162.59;221.10;2.58;72137.00;45.00;45.00;106.00;4505.40;984.15;761.71;3.00;1;0;1;0;0;1;0;0;1;0;0;1;1;0;0;0;0;0
80984;5.54;1.07;52.00;3254.00;16.50;44.25;15.00;23.53;35.00;14.02;122.73;116.50;2.58;72137.00;52.00;53.00;105.00;4521.20;984.15;839.83;3.00;1;0;1;0;0;1;0;0;1;0;0;1;1;0;0;0;0;0
82427;4.20;0.97;56.00;2974.00;16.50;45.00;15.00;16.86;29.76;13.92;12.60;13.69;2.82;72137.00;57.00;57.00;104.00;4480.40;984.15;253.90;4.00;1;0;1;0;0;1;0;0;1;0;0;1;1;0;0;0;0;0
83880;6.93;1.00;60.00;3112.00;16.50;45.00;12.75;26.67;37.54;14.02;2.05;2.40;2.58;72137.00;59.00;60.00;104.00;4591.40;984.15;898.43;4.00;1;0;1;0;0;1;0;0;0;0;0;1;1;0;0;0;0;0
85300;3.34;0.93;60.00;2750.00;16.50;45.75;14.25;12.16;24.37;14.02;0.94;1.19;2.58;72137.00;59.00;60.00;104.00;4513.40;983.88;605.46;5.00;1;0;1;0;0;1;0;0;0;0;0;1;1;0;0;0;0;0
86743;4.29;0.99;58.00;2748.00;16.50;46.50;13.50;18.04;29.50;13.83;78.04;109.25;2.82;72137.00;59.00;59.00;103.00;4519.60;983.41;195.31;5.00;1;0;1;0;0;1;0;0;0;0;0;1;1;0;0;0;0;0
88257;3.60;1.00;60.00;2771.00;16.50;47.25;15.75;12.55;25.06;14.02;315.66;292.74;2.58;72137.00;60.00;60.00;102.00;4521.00;983.10;859.36;5.00;1;0;1;0;0;1;0;0;0;0;0;1;1;0;0;0;0;0
89741;2.70;0.89;58.00;2685.00;16.50;48.00;16.50;7.84;20.37;14.02;289.06;278.40;2.58;72137.00;57.00;58.00;101.00;4555.20;982.98;234.37;5.00;1;0;1;0;0;1;0;0;0;0;0;1;1;0;0;0;0;0
91213;2.68;0.89;56.00;2604.00;16.50;48.00;15.75;7.84;19.97;13.92;53.43;55.95;2.82;72137.00;56.00;57.00;101.00;4495.40;982.79;58.59;5.00;1;0;1;0;0;1;0;0;1;0;0;1;1;0;0;0;0;0
92666;1.27;1.00;51.00;2337.00;16.50;49.50;6.75;0;14.73;13.92;12.36;20.29;2.82;72137.00;51.00;51.00;106.00;4552.80;982.32;898.43;5.00;1;0;1;0;0;1;0;0;1;0;0;1;1;0;0;0;0;0
94147;0.90;1.00;42.00;2264.00;16.50;49.50;7.50;0;14.70;14.11;80.17;107.36;2.58;72137.00;43.00;42.00;107.00;4508.60;981.97;839.83;4.00;1;0;1;0;0;1;0;0;1;0;0;1;1;0;0;0;0;0
95623;1.52;1.00;32.00;2010.00;16.50;50.25;6.75;0;14.59;14.02;67.59;98.53;2.58;72137.00;32.00;33.00;101.00;4539.80;981.77;878.90;3.00;1;0;1;0;0;1;0;0;1;0;0;1;1;0;0;0;0;0
97077;1.74;1.00;17.00;1743.00;16.50;51.00;7.50;0;14.66;14.11;49.10;71.89;2.58;72137.00;17.00;17.00;103.00;4461.40;981.69;878.90;0;1;0;1;0;0;1;0;0;1;0;0;1;1;0;0;0;0;0
98677;2.06;0.97;0;1406.00;16.50;51.00;5.25;0;13.74;14.21;96.26;118.27;2.58;72137.00;0;0;96.00;4506.60;981.65;820.30;1;1;0;1;0;0;1;0;0;1;0;0;1;1;0;0;0;0;0
100203;1.89;0.94;0;1313.00;16.50;51.00;8.25;0;14.64;14.21;51.50;71.36;2.58;72137.00;0;0;96.00;4526.40;981.65;58.59;1;1;0;1;1;0;1;0;0;1;0;0;1;1;0;0;1;0;0
101608;1.90;0.98;0;1405.00;16.50;51.75;5.25;0;13.58;14.11;79.04;106.38;2.58;72137.00;0;0;94.00;4508.40;981.65;546.87;0;1;0;1;0;0;1;0;0;1;0;0;1;1;0;0;1;0;0
103114;1.86;0.97;0;1385.00;16.50;51.75;6.00;0;13.69;14.21;45.11;90.99;2.58;72137.00;0;0;93.00;4510.40;981.65;156.25;0;1;0;1;0;0;1;0;0;1;0;0;1;1;0;0;1;0;0
104471;1.97;0.99;0;1384.00;16.50;52.50;6.00;0;13.64;14.21;26.76;53.69;2.58;72137.00;0;0;93.00;4509.80;981.65;136.72;0;1;0;1;0;0;1;0;0;1;0;0;1;1;0;0;1;0;0
105903;1.92;1.00;0;1356.00;16.50;52.50;6.75;0;13.98;14.11;15.04;77.14;2.58;72137.00;0;0;91.00;4498.60;981.65;722.65;0;1;0;1;0;0;1;0;0;1;0;0;1;1;0;0;1;0;0
107316;1.89;0.98;0;1368.00;16.50;52.50;6.00;0;13.69;14.21;47.09;64.31;2.58;72137.00;0;0;93.00;4520.80;981.65;58.59;0;1;0;1;0;0;1;0;0;1;0;0;0;1;0;0;1;0;0
108831;1.96;1.01;0;1359.00;16.50;53.25;6.75;0;14.01;14.11;21.35;26.17;2.58;72137.00;0;0;92.00;4512.20;981.65;937.49;1;1;0;1;0;0;1;0;0;1;0;0;1;1;0;0;0;0;0
110346;4.54;0.98;12.00;2107.00;16.50;53.25;10.50;12.94;32.38;14.02;136.59;124.54;2.58;72137.00;12.00;12.00;95.00;4491.40;981.65;742.18;1;1;0;1;0;0;1;0;0;1;0;0;1;1;0;0;0;0;0
112818;4.62;1.00;33.00;2630.00;16.50;54.00;15.75;15.69;30.14;13.92;263.62;246.80;2.82;72137.00;33.00;33.00;94.00;4230.20;981.65;566.40;2.00;1;0;1;0;0;1;0;0;1;0;0;1;1;0;0;0;0;0
114382;6.85;1.00;46.00;3640.00;16.50;54.00;17.25;27.45;39.31;13.92;319.57;262.29;2.82;72137.00;45.00;47.00;94.00;4546.20;981.65;820.30;2.00;1;0;1;0;0;1;0;0;1;0;0;1;1;0;0;0;0;0
116033;5.92;1.01;57.00;3538.00;16.50;54.75;16.50;27.45;39.58;13.83;299.53;213.19;2.82;72137.00;57.00;58.00;94.00;4507.60;981.65;703.12;3.00;1;0;1;0;0;1;0;0;0;0;0;1;1;0;0;0;0;0
117695;6.25;1.04;68.00;3573.00;16.50;55.50;17.25;27.45;38.07;13.92;38.65;41.01;2.82;72137.00;67.00;69.00;93.00;4529.60;981.58;820.30;4.00;1;0;1;0;0;1;0;0;0;0;0;1;1;0;0;0;0;0
119301;5.98;1.01;76.00;3497.00;16.50;56.25;15.75;29.81;39.63;13.92;6.74;3.65;2.82;72137.00;74.00;76.00;92.00;4561.00;981.54;898.43;5.00;1;0;1;0;0;1;0;0;0;0;0;1;1;0;0;0;0;0
120762;3.43;0.95;80.00;3376.00;16.50;57.00;24.75;14.51;26.68;13.83;35.58;42.01;2.82;72137.00;79.00;80.00;91.00;4507.40;981.54;195.31;6.00;1;0;1;0;0;1;0;0;0;0;0;1;1;0;0;0;0;0
122269;3.27;0.93;82.00;3502.00;16.50;57.00;26.25;13.33;25.85;13.92;277.95;265.61;2.82;72137.00;82.00;83.00;91.00;4509.80;981.46;605.46;6.00;1;0;1;0;0;1;0;0;0;0;0;1;1;0;0;0;0;0
123782;2.75;0.90;85.00;3625.00;16.50;57.75;30.75;10.20;22.88;13.92;343.22;323.85;2.82;72137.00;84.00;85.00;90.00;4514.40;981.50;390.62;6.00;1;0;1;0;0;1;0;0;0;0;0;1;1;0;0;0;0;0
125343;2.26;0.88;86.00;3660.00;16.50;58.50;34.50;7.45;19.40;13.92;44.51;33.85;2.82;72137.00;86.00;87.00;89.00;4508.60;981.42;410.15;6.00;1;0;1;0;0;1;0;0;0;0;0;1;1;0;0;0;0;0
126885;1.87;0.90;86.00;3636.00;16.50;59.25;37.50;5.49;15.59;13.92;7.79;3.36;2.82;72137.00;86.00;86.00;88.00;4507.20;981.50;175.78;6.00;1;0;1;0;0;1;0;0;0;0;0;1;1;0;0;0;0;0
128301;1.56;0.89;85.00;3561.00;16.50;60.00;38.25;4.71;14.26;14.02;0.55;0.16;2.58;72138.00;85.00;85.00;88.00;4513.60;981.50;214.84;6.00;1;0;1;0;0;1;0;0;0;0;0;1;1;0;0;0;0;0
129808;2.40;0.96;85.00;3604.00;16.50;60.00;35.25;7.06;19.01;13.83;3.87;0;2.82;72138.00;84.00;85.00;88.00;4510.40;981.54;859.36;6.00;1;0;1;0;0;1;0;0;0;0;0;1;1;0;0;0;0;0
131355;2.17;0.87;86.00;3632.00;16.50;60.75;36.00;7.06;18.85;13.92;91.56;27.07;2.82;72138.00;86.00;86.00;87.00;4502.60;981.58;117.19;6.00;1;0;1;0;0;1;0;0;0;0;0;1;1;0;0;0;0;0
132866;2.11;0.87;87.00;3702.00;16.50;60.75;37.50;6.67;18.40;13.92;105.27;82.81;2.82;72138.00;86.00;87.00;87.00;4519.40;981.61;78.12;6.00;1;0;1;0;0;1;0;0;0;0;0;1;1;0;0;0;0;0
134252;2.12;0.88;88.00;3734.00;16.50;61.50;37.50;6.67;18.33;13.92;235.41;256.21;2.82;72138.00;87.00;88.00;86.00;4526.80;981.85;97.66;6.00;1;0;1;0;0;1;0;0;0;0;0;1;1;0;0;0;0;0
135694;2.02;0.90;88.00;3741.00;16.50;61.50;39.75;6.28;17.44;14.02;325.60;346.64;2.58;72138.00;88.00;89.00;86.00;4505.20;982.32;136.72;6.00;1;0;1;0;0;1;0;0;0;0;0;1;1;0;0;0;0;0
137219;1.92;0.88;88.00;3785.00;16.50;62.25;39.75;6.28;16.87;13.92;123.74;127.55;2.82;72138.00;88.00;89.00;85.00;4515.60;982.63;546.87;6.00;1;0;1;0;0;1;0;0;0;0;0;1;1;0;0;0;0;0
138661;1.98;0.90;88.00;3758.00;16.50;63.00;39.75;6.28;16.94;14.02;12.30;10.59;2.58;72138.00;88.00;89.00;82.00;4511.40;982.79;624.99;6.00;1;0;1;0;0;1;0;0;0;0;0;1;1;0;0;0;0;0
140156;2.04;0.94;88.00;3778.00;16.50;63.00;39.75;6.28;16.84;13.73;242.64;262.70;2.82;72138.00;89.00;89.00;82.00;4518.20;982.83;410.15;6.00;1;0;1;0;0;1;0;0;0;0;0;1;1;0;0;0;0;0
141696;1.97;0.89;88.00;3735.00;16.50;63.00;39.00;6.28;16.99;14.02;335.49;325.66;2.58;72138.00;89.00;89.00;82.00;4513.20;982.90;292.97;6.00;1;0;1;0;0;1;0;0;0;0;0;1;1;0;0;0;0;0
143242;1.94;0.88;88.00;3751.00;16.50;63.75;39.00;6.28;16.92;14.02;146.63;130.36;2.58;72138.00;88.00;89.00;80.00;4521.20;983.41;78.12;6.00;1;0;1;0;0;1;0;0;0;0;0;1;1;0;0;0;0;0
144688;1.98;0.92;88.00;3762.00;16.50;63.75;39.75;5.88;16.60;13.73;16.41;14.43;2.82;72138.00;89.00;88.00;80.00;4534.60;983.80;351.56;6.00;1;0;1;0;0;1;0;0;0;0;0;1;1;0;0;0;0;0
146179;2.02;0.93;87.00;3758.00;16.50;64.50;39.75;6.28;16.83;14.02;1.86;2.75;2.58;72138.00;88.00;88.00;77.00;4512.80;984.00;664.05;6.00;1;0;1;0;0;1;0;0;0;0;0;1;1;0;0;0;0;0
147651;2.07;0.94;88.00;3754.00;16.50;64.50;39.75;6.28;17.16;14.02;1.09;2.34;2.58;72138.00;88.00;89.00;77.00;4507.40;984.08;742.18;6.00;1;0;1;0;0;1;0;0;0;0;0;1;1;0;0;0;0;0
149087;2.07;0.91;88.00;3795.00;16.50;64.50;40.50;6.67;17.72;14.02;1.91;0.12;2.58;72138.00;89.00;89.00;77.00;4513.00;984.15;859.36;6.00;1;0;1;0;0;1;0;0;0;0;0;1;1;0;0;0;0;0
150500;2.04;0.89;90.00;3810.00;16.50;65.25;40.50;6.67;17.90;14.02;141.59;56.52;2.58;72138.00;89.00;90.00;74.00;4504.20;984.66;898.43;6.00;1;0;1;0;0;1;0;0;0;0;0;1;1;0;0;0;0;0
151996;2.49;0.87;91.00;3888.00;16.50;66.00;36.75;9.41;21.80;13.92;282.19;233.75;2.82;72138.00;90.00;92.00;71.00;4519.40;984.97;97.66;6.00;1;0;1;0;0;1;0;0;0;0;0;1;1;0;0;0;0;0
153416;2.52;0.90;93.00;3969.00;16.50;66.00;39.00;9.41;21.52;13.92;280.61;278.44;2.82;72138.00;92.00;93.00;71.00;4514.60;985.21;859.36;6.00;1;0;1;0;0;1;0;0;0;0;0;1;1;0;0;0;0;0
154892;2.54;0.92;95.00;4021.00;16.50;66.00;39.75;9.41;21.34;13.92;350.45;70.23;2.82;72138.00;95.00;95.00;71.00;4509.60;985.29;859.36;6.00;1;0;1;0;0;1;0;0;0;0;0;1;1;0;0;0;0;0
156318;2.56;0.94;97.00;4104.00;16.50;66.75;39.75;9.02;21.05;13.92;167.63;136.87;2.82;72138.00;97.00;97.00;68.00;4502.80;985.44;683.59;6.00;1;0;1;0;0;1;0;0;0;0;0;1;1;0;0;0;0;0
157892;2.20;0.94;97.00;4150.00;16.50;66.75;43.50;7.45;18.13;13.92;14.80;9.16;2.82;72138.00;97.00;98.00;68.00;4513.40;985.95;605.46;6.00;1;0;1;0;0;1;0;0;0;0;0;0;1;0;0;0;0;0
159328;1.94;0.89;97.00;4167.00;16.50;67.50;43.50;6.67;17.12;13.92;210.34;175.11;2.82;72138.00;98.00;98.00;66.00;4507.00;986.34;78.12;6.00;1;0;1;0;0;1;0;0;0;0;0;1;1;0;0;0;0;0
160869;1.92;0.88;97.00;4152.00;16.50;68.25;43.50;6.67;17.13;13.92;215.10;225.51;2.82;72138.00;98.00;98.00;63.00;4509.00;986.50;742.18;6.00;1;0;1;0;0;1;0;0;0;0;0;1;1;0;0;0;0;0
162345;2.02;0.91;97.00;4102.00;16.50;68.25;43.50;6.67;17.47;14.02;158.94;217.33;2.58;72138.00;97.00;98.00;63.00;4525.40;986.54;839.83;6.00;1;0;1;0;0;1;0;0;0;0;0;1;1;0;0;0;0;0
163788;2.03;0.91;96.00;4114.00;16.50;68.25;43.50;7.06;17.47;14.02;335.00;314.35;2.58;72138.00;97.00;97.00;63.00;4521.20;986.81;859.36;6.00;1;0;1;0;0;1;0;0;0;0;0;1;1;0;0;0;0;0
165223;2.20;0.87;97.00;4105.00;16.50;69.00;42.00;8.24;19.66;14.02;240.16;203.74;2.58;72138.00;96.00;97.00;60.00;4521.00;987.32;312.50;6.00;1;0;1;0;0;1;0;0;0;0;0;1;1;0;0;0;0;0
166724;2.27;0.91;97.00;4144.00;16.50;69.00;42.00;8.24;19.56;14.02;16.05;16.41;2.58;72138.00;96.00;98.00;60.00;4504.40;987.63;859.36;6.00;1;0;1;0;0;1;0;0;0;0;0;1;1;0;0;0;0;0
168168;1.94;0.89;97.00;4128.00;16.50;69.75;43.50;6.67;17.03;13.92;0.88;1.58;2.82;72139.00;97.00;97.00;57.00;4517.20;987.75;898.43;6.00;1;0;1;0;0;1;0;0;0;0;0;1;1;0;0;0;0;0
169632;1.61;0.95;96.00;4048.00;16.50;69.75;45.00;5.10;13.30;13.92;0.16;2.38;2.82;72139.00;95.00;96.00;57.00;4518.00;988.14;898.43;6.00;1;0;1;0;0;1;0;0;0;0;0;1;1;0;0;0;0;0
171073;1.37;0.89;92.00;3938.00;16.50;69.75;44.25;4.31;11.99;14.02;2.44;2.15;2.58;72139.00;92.00;92.00;57.00;4496.60;988.57;234.37;6.00;1;0;1;0;0;1;0;0;0;0;0;1;1;0;0;0;0;0
172514;1.77;0.88;91.00;3874.00;16.50;70.50;43.50;5.88;16.09;14.02;73.51;86.95;2.58;72139.00;91.00;91.00;54.00;4524.00;988.88;78.12;6.00;1;0;1;0;0;1;0;0;0;0;0;1;1;0;0;0;0;0
174075;2.03;0.89;91.00;3884.00;16.50;70.50;43.50;7.06;18.25;13.92;194.69;131.14;2.82;72139.00;91.00;91.00;54.00;4521.80;988.96;800.77;6.00;1;0;1;0;0;1;0;0;0;0;0;1;1;0;0;0;0;0
175560;1.85;0.90;91.00;3863.00;16.50;70.50;43.50;6.28;16.44;14.02;313.77;314.32;2.58;72139.00;91.00;91.00;54.00;4513.40;989.08;839.83;6.00;1;0;1;0;0;1;0;0;0;0;0;1;1;0;0;0;0;0
177006;1.85;0.90;91.00;3862.00;16.50;71.25;43.50;6.28;16.47;13.92;321.56;315.66;2.82;72139.00;90.00;91.00;54.00;4511.60;989.31;839.83;6.00;1;0;1;0;0;1;0;0;0;0;0;1;1;0;0;0;0;0
178410;1.88;0.89;90.00;3834.00;16.50;71.25;42.75;6.28;16.81;13.92;255.24;251.08;2.82;72139.00;89.00;90.00;54.00;4506.00;989.74;664.05;6.00;1;0;1;0;0;1;0;0;0;0;0;1;1;0;0;0;0;0
180005;2.11;0.92;90.00;3810.00;16.50;72.00;42.75;7.06;18.32;13.83;181.08;235.65;2.82;72139.00;89.00;90.00;54.00;4513.80;990.01;332.03;6.00;1;0;1;0;0;1;0;0;0;0;0;1;1;0;0;0;0;0
181420;2.35;0.92;90.00;3789.00;16.50;72.00;40.50;7.84;20.06;14.02;325.82;297.11;2.58;72139.00;90.00;90.00;54.00;4534.00;990.21;175.78;6.00;1;0;1;0;0;1;0;0;0;0;0;1;1;0;0;0;0;0
182874;2.29;0.99;91.00;3844.00;16.50;72.00;42.00;7.06;18.30;13.92;327.23;294.24;2.82;72139.00;90.00;91.00;54.00;4506.00;990.25;859.36;6.00;1;0;1;0;0;1;0;0;0;0;0;1;1;0;0;0;0;0
184299;2.01;0.88;91.00;3884.00;16.50;72.75;43.50;7.06;18.31;13.92;58.02;65.86;2.82;72139.00;90.00;92.00;53.00;4509.60;990.44;800.77;6.00;1;0;1;0;0;1;0;0;0;0;0;1;1;0;0;0;0;0
185877;1.99;0.86;91.00;3892.00;16.50;72.75;42.75;7.06;18.32;14.02;3.96;4.65;2.58;72139.00;91.00;92.00;53.00;4507.80;991.07;449.21;6.00;1;0;1;0;0;1;0;0;0;0;0;1;1;0;0;0;0;0
187372;2.18;0.87;91.00;3849.00;16.50;72.75;41.25;7.84;19.90;13.92;1.78;2.38;2.82;72139.00;91.00;91.00;53.00;4507.20;991.30;800.77;6.00;1;0;1;0;0;1;0;0;0;0;0;1;1;0;0;0;0;0
188921;2.54;0.92;91.00;3892.00;16.50;72.75;39.75;9.41;21.74;13.92;0.35;0.82;2.82;72139.00;91.00;92.00;53.00;4503.60;991.46;820.30;6.00;1;0;1;0;0;1;0;0;0;0;0;1;1;0;0;0;0;0
190410;2.89;0.96;92.00;3938.00;16.50;73.50;38.25;10.98;23.37;13.92;3.83;2.44;2.82;72139.00;91.00;92.00;53.00;4524.00;991.50;683.59;6.00;1;0;1;0;0;1;0;0;0;0;0;1;1;0;0;0;0;0
191928;2.94;0.92;92.00;3932.00;16.50;73.50;36.75;12.16;24.85;13.92;0.18;0.04;2.82;72139.00;92.00;93.00;53.00;4517.20;991.54;761.71;6.00;1;0;1;0;0;1;0;0;0;0;0;1;1;0;0;0;0;0
193340;2.93;0.91;92.00;3939.00;16.50;74.25;36.75;12.55;25.01;13.92;1.66;1.80;2.82;72139.00;92.00;93.00;52.00;4506.80;991.65;742.18;6.00;1;0;1;0;0;1;0;0;0;0;0;1;1;0;0;0;0;0
194880;2.84;0.89;92.00;3909.00;16.50;74.25;37.50;11.77;24.65;13.83;1.66;2.87;2.82;72139.00;92.00;93.00;52.00;4501.80;991.97;820.30;6.00;1;0;1;0;0;1;0;0;0;0;0;1;1;0;0;0;0;0
196369;2.90;0.95;92.00;3918.00;16.50;74.25;38.25;10.98;23.80;13.73;0;1.11;2.82;72139.00;91.00;93.00;52.00;4503.00;992.24;859.36;6.00;1;0;1;0;0;1;0;0;0;0;0;1;1;0;0;0;0;0
197763;1.74;0.87;91.00;3891.00;16.50;75.00;43.50;5.88;16.07;13.92;2.11;1.80;2.82;72139.00;90.00;91.00;52.00;4522.00;992.47;878.90;6.00;1;0;1;0;0;1;0;0;0;0;0;1;1;0;0;0;0;0
199269;2.75;0.92;92.00;3903.00;16.50;75.00;38.25;10.98;23.59;13.92;1.87;2.87;2.82;72139.00;91.00;92.00;52.00;4525.20;992.59;605.46;6.00;1;0;1;0;0;1;0;0;0;0;0;1;1;0;0;0;0;0
200833;2.15;0.88;92.00;3903.00;16.50;75.00;42.00;7.84;19.41;13.92;0.53;0.86;2.82;72139.00;91.00;92.00;52.00;4507.80;992.71;58.59;6.00;1;0;1;0;0;1;0;0;0;0;0;1;1;0;0;0;0;0
202319;2.10;0.96;90.00;3795.00;16.50;75.75;42.75;6.67;17.46;13.83;121.71;191.10;2.82;72139.00;89.00;90.00;51.00;4517.80;992.75;820.30;6.00;1;0;1;0;0;1;0;0;0;0;0;1;1;0;0;0;0;0
203851;1.53;0.95;87.00;3688.00;16.50;75.75;42.00;4.71;12.99;13.92;180.01;229.54;2.82;72139.00;87.00;87.00;51.00;4516.40;992.75;878.90;6.00;1;0;1;0;0;1;0;0;0;0;0;1;1;0;0;0;0;0
205297;1.50;0.87;85.00;3604.00;16.50;76.50;41.25;4.71;13.82;13.92;332.34;327.44;2.82;72139.00;85.00;85.00;51.00;4507.80;992.75;410.15;6.00;1;0;1;0;0;1;0;0;0;0;0;1;1;0;0;0;0;0
206746;2.51;0.94;85.00;3585.00;16.50;76.50;38.25;8.63;21.35;13.92;301.86;344.37;2.82;72140.00;84.00;85.00;51.00;4524.00;992.75;742.18;6.00;1;0;1;0;0;1;0;0;0;0;0;1;1;0;0;0;0;0
208252;2.21;0.92;85.00;3625.00;16.50;77.25;39.75;7.06;19.23;13.92;317.56;297.83;2.82;72140.00;85.00;85.00;50.00;4496.20;992.75;722.65;6.00;1;0;1;0;0;1;0;0;0;0;0;1;1;0;0;0;0;0
209752;1.63;0.90;83.00;3548.00;16.50;77.25;40.50;5.10;14.78;13.92;276.27;340.53;2.82;72140.00;84.00;84.00;50.00;4519.40;993.53;839.83;6.00;1;0;1;0;0;1;0;0;0;0;0;1;1;0;0;0;0;0
211216;1.98;0.90;82.00;3530.00;16.50;77.25;39.75;5.88;17.16;13.92;344.08;334.22;2.82;72140.00;83.00;83.00;50.00;4493.20;993.65;58.59;6.00;1;0;1;0;0;1;0;0;0;0;0;1;1;0;0;0;0;0
212710;3.05;0.94;85.00;3604.00;16.50;78.00;34.50;12.16;25.33;14.02;346.42;343.73;2.58;72140.00;84.00;85.00;50.00;4513.80;993.84;683.59;6.00;1;0;1;0;0;1;0;0;0;0;0;1;1;0;0;0;0;0
214266;2.96;0.94;87.00;3738.00;16.50;78.00;36.00;11.77;24.73;13.92;299.49;283.11;2.82;72140.00;87.00;88.00;50.00;4526.00;993.96;624.99;6.00;1;0;1;0;0;1;0;0;0;0;0;1;1;0;0;0;0;0
215752;2.12;0.94;90.00;3786.00;16.50;78.00;41.25;7.06;19.86;13.92;337.38;331.87;2.82;72140.00;88.00;90.00;50.00;4491.80;994.00;878.90;6.00;1;0;1;0;0;1;0;0;0;0;0;1;1;0;0;0;0;0
217203;1.93;0.91;87.00;3741.00;16.50;78.75;42.00;6.28;17.03;13.92;87.28;91.44;2.82;72140.00;87.00;88.00;49.00;4514.60;994.00;722.65;6.00;1;0;1;0;0;1;0;0;0;0;0;1;1;0;0;0;0;0
218575;1.40;0.86;86.00;3655.00;16.50;78.75;42.00;4.31;13.01;13.92;8.20;9.22;2.82;72140.00;86.00;86.00;49.00;4509.60;994.00;449.21;6.00;1;0;1;0;0;1;0;0;0;0;0;0;1;0;0;0;0;0
220092;2.56;0.91;86.00;3639.00;16.50;78.75;37.50;9.41;22.17;13.92;1.70;0.78;2.82;72140.00;86.00;86.00;49.00;4513.00;994.00;156.25;6.00;1;0;1;0;0;1;0;0;0;0;0;1;1;0;0;0;0;0
221443;2.50;0.91;87.00;3747.00;16.50;79.50;38.25;9.02;21.64;13.92;1.80;0.59;2.82;72140.00;86.00;88.00;49.00;4522.20;994.39;78.12;6.00;1;0;1;0;0;1;0;0;0;0;0;1;1;0;0;0;0;0
222886;2.18;0.88;88.00;3753.00;16.50;79.50;40.50;7.84;19.71;13.73;0.76;3.57;2.82;72140.00;88.00;88.00;49.00;4526.40;994.70;195.31;6.00;1;0;1;0;0;1;0;0;0;0;0;1;1;0;0;0;0;0
224455;3.24;0.93;90.00;3821.00;16.50;79.50;34.50;14.90;26.54;13.92;1.50;0.68;2.82;72140.00;88.00;90.00;49.00;4535.20;994.90;878.90;6.00;1;0;1;0;0;1;0;0;0;0;0;1;1;0;0;0;0;0
225936;4.82;0.95;95.00;4044.00;16.50;80.25;26.25;24.32;37.69;14.02;0.66;1.41;2.58;72140.00;94.00;95.00;49.00;4556.80;995.09;722.65;6.00;1;0;1;0;0;1;0;0;0;0;0;1;1;0;0;0;0;0
227403;2.79;0.93;98.00;4147.00;16.50;80.25;40.50;10.59;23.19;13.92;0.43;0.59;2.82;72140.00;98.00;99.00;49.00;4470.60;995.05;742.18;6.00;1;0;1;0;0;1;0;0;0;0;0;1;1;0;0;0;0;0
228909;3.21;0.99;97.00;4162.00;16.50;81.00;38.25;12.16;24.79;13.83;1.25;0.57;2.82;72140.00;97.00;98.00;48.00;4552.00;995.17;742.18;6.00;1;0;1;0;0;1;0;0;0;0;0;1;1;0;0;0;0;0
230315;3.22;0.95;100.00;4198.00;16.50;81.00;36.75;13.73;26.23;13.92;2.13;2.85;2.82;72140.00;99.00;100.00;48.00;4522.80;995.21;429.68;6.00;1;0;1;0;0;1;0;0;0;0;0;1;1;0;0;0;0;0
231866;2.72;0.91;100.00;4242.00;16.50;81.00;39.75;10.98;23.23;13.92;0.39;0.23;2.82;72140.00;99.00;100.00;48.00;4490.80;995.21;742.18;6.00;1;0;1;0;0;1;0;0;0;0;0;1;1;0;0;0;0;0
233351;2.11;0.87;100.00;4218.00;16.50;81.75;44.25;8.24;19.17;14.02;2.79;4.45;2.58;72140.00;98.00;100.00;48.00;4497.80;995.21;839.83;6.00;1;0;1;0;0;1;0;0;0;0;0;1;1;0;0;0;0;0
234800;2.18;0.98;98.00;4173.00;16.50;81.75;44.25;7.45;17.64;13.73;1.19;1.52;2.82;72140.00;98.00;98.00;48.00;4490.20;995.21;859.36;6.00;1;0;1;0;0;1;0;0;0;0;0;1;1;0;0;0;0;0
236349;3.46;0.97;96.00;4105.00;16.50;81.75;36.00;14.90;27.25;13.73;0.37;1.99;2.82;72140.00;95.00;97.00;48.00;4576.20;995.21;839.83;6.00;1;0;1;0;0;1;0;0;0;0;0;1;1;0;0;0;0;0
237876;4.07;0.97;100.00;4208.00;16.50;81.75;31.50;19.22;31.88;13.92;2.79;3.71;2.82;72140.00;99.00;100.00;48.00;4519.60;995.21;800.77;6.00;1;0;1;0;0;1;0;0;0;0;0;1;1;0;0;0;0;0
239394;2.52;0.86;100.00;4231.00;16.50;82.50;40.50;10.59;22.88;13.92;123.90;87.55;2.82;72140.00;99.00;100.00;47.00;4490.00;995.21;898.43;6.00;1;0;1;0;0;1;0;0;0;0;0;1;1;0;0;0;0;0
240949;1.78;0.93;96.00;4095.00;16.50;82.50;45.75;5.88;15.32;14.02;293.07;293.63;2.58;72140.00;96.00;97.00;47.00;4503.00;995.21;839.83;6.00;1;0;1;0;0;1;0;0;0;0;0;1;1;0;0;0;0;0
242476;2.33;0.93;95.00;3980.00;16.50;82.50;42.75;8.24;19.83;13.92;311.00;285.08;2.82;72140.00;94.00;95.00;47.00;4519.80;995.21;742.18;6.00;1;0;1;0;0;1;0;0;0;0;0;1;1;0;0;0;0;0
243974;3.17;0.97;92.00;3919.00;16.50;82.50;36.75;12.55;25.10;13.92;240.55;186.02;2.82;72140.00;92.00;93.00;47.00;4513.40;995.21;644.52;6.00;1;0;1;0;0;1;0;0;0;0;0;1;1;0;0;0;0;0
245515;2.67;0.88;92.00;3897.00;16.50;82.50;38.25;10.98;23.78;13.92;313.59;326.62;2.82;72141.00;91.00;92.00;47.00;4514.20;995.21;859.36;6.00;1;0;1;0;0;1;0;0;0;0;0;1;1;0;0;0;0;0
247012;1.86;0.98;88.00;3750.00;16.50;82.50;42.75;5.10;13.90;13.92;299.61;332.32;2.82;72141.00;88.00;89.00;47.00;4501.20;995.21;898.43;6.00;1;0;1;0;0;1;0;0;0;0;0;1;1;0;0;0;0;0
248384;3.37;0.94;88.00;3770.00;16.50;82.50;33.00;15.30;27.53;13.83;288.36;295.00;2.82;72141.00;87.00;89.00;47.00;4535.80;995.29;800.77;6.00;1;0;1;0;0;1;0;0;0;0;0;1;1;0;0;0;0;0
249851;3.72;0.98;90.00;3812.00;16.50;82.50;32.25;17.26;29.18;14.02;200.26;163.90;2.58;72141.00;88.00;90.00;47.00;4536.80;995.25;742.18;6.00;1;0;1;0;0;1;0;0;0;0;0;1;1;0;0;0;0;0
251308;3.40;0.94;92.00;3922.00;16.50;82.50;34.50;15.69;27.86;13.92;312.99;307.03;2.82;72141.00;92.00;92.00;47.00;4524.20;995.33;800.77;6.00;1;0;1;0;0;1;0;0;0;0;0;1;1;0;0;0;0;0
252810;3.37;0.93;95.00;4027.00;17.25;82.50;35.25;15.69;28.01;13.92;309.41;351.15;2.82;72141.00;93.00;95.00;47.00;4515.40;995.29;800.77;6.00;1;0;1;0;0;1;0;0;0;0;0;1;1;0;0;0;0;0
254255;3.42;0.94;96.00;4094.00;17.25;82.50;35.25;15.30;27.89;13.92;219.50;271.90;2.82;72141.00;96.00;96.00;47.00;4518.60;995.40;800.77;6.00;1;0;1;0;0;1;0;0;0;0;0;1;1;0;0;0;0;0
255655;2.98;0.90;97.00;4138.00;17.25;82.50;36.75;12.94;25.75;13.92;166.30;188.72;2.82;72141.00;97.00;98.00;47.00;4524.20;995.56;839.83;6.00;1;0;1;0;0;1;0;0;0;0;0;1;1;0;0;0;0;0
257153;2.06;0.94;97.00;4130.00;16.50;81.75;44.25;7.06;17.32;13.92;307.32;321.62;2.82;72141.00;97.00;97.00;48.00;4495.40;995.75;820.30;6.00;1;0;1;0;0;1;0;0;0;0;0;1;1;0;0;0;0;0
258574;3.10;0.97;97.00;4153.00;16.50;81.75;38.25;11.77;24.72;13.92;23.90;24.31;2.82;72141.00;96.00;98.00;48.00;4550.80;996.03;781.24;6.00;1;0;1;0;0;1;0;0;0;0;0;1;1;0;0;0;0;0
259990;2.62;0.89;97.00;4117.00;17.25;81.75;39.75;10.59;23.03;14.02;1.70;1.95;2.58;72141.00;97.00;98.00;48.00;4501.20;996.26;781.24;6.00;1;0;1;0;0;1;0;0;0;0;0;1;1;0;0;0;0;0
261438;2.62;0.94;97.00;4121.00;17.25;81.75;40.50;9.81;21.77;13.92;0;0.59;2.82;72141.00;97.00;97.00;48.00;4505.20;996.38;683.59;6.00;1;0;1;0;0;1;0;0;0;0;0;1;1;0;0;0;0;0
262885;2.49;0.88;97.00;4112.00;17.25;81.75;40.50;9.81;22.14;13.92;2.70;1.66;2.82;72141.00;96.00;97.00;48.00;4508.80;996.42;722.65;6.00;1;0;1;0;0;1;0;0;0;0;0;1;1;0;0;0;0;0
264371;2.58;0.92;96.00;4101.00;17.25;81.75;40.50;9.81;22.01;13.92;1.43;1.80;2.82;72141.00;94.00;96.00;48.00;4506.80;996.46;175.78;6.00;1;0;1;0;0;1;0;0;0;0;0;1;1;0;0;0;0;0
266106;2.52;0.89;95.00;4049.00;17.25;81.75;40.50;9.81;22.21;13.92;0.31;0.16;2.82;72141.00;94.00;95.00;48.00;4502.00;996.46;839.83;6.00;1;0;1;0;0;1;0;0;0;0;0;1;1;0;0;0;0;0
267511;2.66;0.90;95.00;4043.00;16.50;81.00;39.75;10.59;23.09;13.92;0;0.16;2.82;72141.00;95.00;96.00;48.00;4505.80;996.46;878.90;6.00;1;0;1;0;0;1;0;0;0;0;0;1;1;0;0;0;0;0
268989;2.88;0.98;96.00;4083.00;16.50;81.00;39.75;10.59;22.87;13.92;2.27;2.09;2.82;72141.00;95.00;97.00;48.00;4474.20;996.46;800.77;6.00;1;0;1;0;0;1;0;0;0;0;0;1;1;0;0;0;0;0
270427;2.54;0.92;96.00;4078.00;16.50;81.00;40.50;9.41;21.71;13.92;1.60;1.43;2.82;72141.00;96.00;97.00;48.00;4523.80;996.46;97.66;6.00;1;0;1;0;0;1;0;0;0;0;0;1;1;0;0;0;0;0
271938;2.74;0.92;96.00;4046.00;16.50;81.00;39.00;10.59;23.29;13.92;0.16;0.55;2.82;72141.00;95.00;96.00;48.00;4525.40;996.50;703.12;6.00;1;0;1;0;0;1;0;0;0;0;0;1;1;0;0;0;0;0
273422;2.47;0.91;95.00;4047.00;16.50;81.00;41.25;9.02;21.29;14.02;1.39;0.16;2.58;72141.00;94.00;96.00;48.00;4490.60;996.69;859.36;6.00;1;0;1;0;0;1;0;0;0;0;0;1;1;0;0;0;0;0
275025;3.37;0.93;97.00;4099.00;16.50;81.00;35.25;14.90;27.81;13.92;1.39;0.68;2.82;72141.00;96.00;97.00;48.00;4514.00;997.08;742.18;6.00;1;0;1;0;0;1;0;0;0;0;0;1;1;0;0;0;0;0
276499;3.19;0.92;97.00;4156.00;16.50;81.00;36.75;13.73;26.26;13.83;3.14;1.60;2.82;72141.00;98.00;98.00;48.00;4531.40;997.43;175.78;6.00;1;0;1;0;0;1;0;0;0;0;0;1;1;0;0;0;0;0
277946;4.32;0.98;100.00;4236.00;16.50;81.00;30.00;21.18;33.58;13.92;0.06;0;2.82;72141.00;99.00;100.00;48.00;4552.40;997.55;351.56;6.00;1;0;1;0;0;1;0;0;0;0;0;1;1;0;0;0;0;0
279493;4.45;1.00;105.00;4423.00;16.50;81.00;30.75;22.36;33.58;14.02;2.89;0;2.58;72141.00;102.00;105.00;48.00;4517.00;997.59;800.77;6.00;1;0;1;0;0;1;0;0;0;0;0;1;1;0;0;0;0;0
280982;3.12;0.96;105.00;4462.00;16.50;81.00;39.00;13.33;25.08;13.83;0.21;2.36;2.82;72141.00;105.00;106.00;48.00;4462.40;997.71;859.36;6.00;1;0;1;0;0;1;0;0;0;0;0;1;1;0;0;0;0;0
282535;3.11;0.97;105.00;4423.00;16.50;81.00;39.00;13.33;25.19;13.92;2.77;2.29;2.82;72141.00;104.00;105.00;48.00;4504.00;997.94;839.83;6.00;1;0;1;0;0;1;0;0;0;0;0;1;1;0;0;0;0;0
284037;2.07;0.88;103.00;4330.00;16.50;81.00;45.00;7.84;18.95;14.02;0;0;2.58;72142.00;104.00;103.00;48.00;4456.40;997.94;781.24;6.00;1;0;1;0;0;1;0;0;0;0;0;1;1;0;0;0;0;0
285490;2.00;0.90;102.00;4327.00;16.50;81.00;45.00;7.06;17.56;14.02;0;0;2.58;72142.00;101.00;103.00;48.00;4467.00;998.10;703.12;6.00;1;0;1;0;0;1;0;0;0;0;0;1;1;0;0;0;0;0
286842;1.26;0.85;97.00;4173.00;16.50;81.00;46.50;4.31;11.63;13.92;0.25;0.20;2.82;72142.00;97.00;98.00;48.00;4500.80;998.02;156.25;6.00;1;0;1;0;0;1;0;0;0;0;0;1;1;0;0;0;0;0
288296;1.09;0.86;93.00;3953.00;16.50;81.00;45.75;3.53;10.18;14.02;1.02;1.64;2.58;72142.00;94.00;93.00;48.00;4519.20;998.53;703.12;6.00;1;0;1;0;0;1;0;0;0;0;0;1;1;0;0;0;0;0
289669;0.56;1.00;87.00;3711.00;16.50;81.00;-30.00;0;0;14.02;0;0;2.58;72142.00;88.00;88.00;48.00;4573.60;998.65;0;6.00;1;0;1;0;0;1;0;0;0;0;0;1;1;0;0;0;0;0
291151;0.59;1.00;81.00;3441.00;16.50;81.00;-30.00;0;0;14.02;0;1.97;2.58;72142.00;81.00;81.00;48.00;4558.40;998.80;0;6.00;1;0;1;0;0;1;0;0;0;0;0;1;1;0;0;0;0;0
292547;0.66;1.00;75.00;3135.00;16.50;81.00;-30.00;0;0;14.02;1.05;1.11;2.58;72142.00;75.00;74.00;48.00;4549.00;998.88;0;6.00;1;0;1;0;0;1;0;0;0;0;0;1;1;0;0;0;0;0
293920;0.68;1.00;68.00;2885.00;16.50;81.00;-30.00;0;0;14.02;3.03;1.19;2.58;72142.00;69.00;68.00;48.00;4644.20;998.92;0;6.00;1;0;1;0;0;1;0;0;0;0;0;1;1;0;0;0;0;0
295449;0.74;1.00;62.00;2649.00;16.50;81.00;-30.00;0;0;14.02;0.35;0;2.58;72142.00;63.00;62.00;48.00;4480.40;998.92;0;6.00;1;0;1;0;0;1;0;0;0;0;0;1;1;0;0;0;0;0
296878;0.89;1.00;57.00;2450.00;16.50;81.00;15.00;0;12.36;14.02;40.41;29.69;2.58;72142.00;58.00;57.00;54.00;4426.00;999.04;878.90;6.00;1;0;1;0;0;1;0;0;1;0;0;1;1;0;0;0;0;0
298474;2.39;0.95;58.00;2486.00;17.25;81.00;25.50;5.49;19.72;14.02;22.01;16.31;2.58;72142.00;59.00;59.00;48.00;4529.20;999.08;39.06;6.00;1;0;1;0;0;1;0;0;1;0;0;1;1;0;0;0;0;0
299937;2.46;0.98;58.00;2522.00;17.25;81.00;26.25;5.49;19.63;14.02;4.16;3.03;2.58;72142.00;59.00;59.00;48.00;4503.80;999.31;742.18;6.00;1;0;1;0;0;1;0;0;1;0;0;1;1;0;0;0;0;0
301389;2.11;0.97;61.00;2590.00;17.25;81.00;27.00;5.10;17.35;14.02;2.11;0.47;2.58;72142.00;60.00;61.00;48.00;4507.80;999.50;742.18;6.00;1;0;1;0;0;1;0;0;0;0;0;1;1;0;0;0;0;0
302908;2.79;0.99;62.00;2648.00;17.25;81.00;27.75;8.24;22.29;13.83;0.21;0.62;2.82;72142.00;61.00;62.00;48.00;4513.20;999.58;839.83;6.00;1;0;1;0;0;1;0;0;0;0;0;1;1;0;0;0;0;0
304386;1.89;1.01;62.00;2658.00;17.25;81.00;29.25;4.31;15.13;13.92;1.97;2.03;2.82;72142.00;63.00;63.00;48.00;4512.00;999.62;839.83;6.00;1;0;1;0;0;1;0;0;0;0;0;1;1;0;0;0;0;0
305830;2.05;0.93;62.00;2682.00;17.25;81.00;29.25;5.49;17.54;13.92;0.20;0.62;2.82;72142.00;63.00;63.00;48.00;4511.40;999.90;78.12;6.00;1;0;1;0;0;1;0;0;0;0;0;1;1;0;0;0;0;0
307263;2.23;0.95;63.00;2675.00;17.25;81.00;29.25;5.88;18.91;13.92;1.46;0;2.82;72142.00;63.00;64.00;48.00;4508.40;999.70;97.66;6.00;1;0;1;0;0;1;0;0;0;0;0;1;1;0;0;0;0;0
308684;2.26;0.94;63.00;2735.00;17.25;81.00;30.00;6.28;19.40;14.02;0.10;0;2.58;72142.00;64.00;64.00;48.00;4536.20;1000.01;117.19;6.00;1;0;1;0;0;1;0;0;0;0;0;1;1;0;0;0;0;0
310241;2.04;0.94;65.00;2756.00;17.25;81.00;30.75;5.49;17.46;14.02;1.39;1.86;2.58;72142.00;64.00;65.00;48.00;4507.80;1000.05;527.34;6.00;1;0;1;0;0;1;0;0;0;0;0;1;1;0;0;0;0;0
311600;2.01;0.93;65.00;2768.00;17.25;81.00;30.75;5.49;17.37;14.02;0.62;0.18;2.58;72142.00;65.00;65.00;48.00;4502.40;1000.09;722.65;6.00;1;0;1;0;0;1;0;0;0;0;0;1;1;0;0;0;0;0
313035;2.02;0.94;65.00;2774.00;17.25;81.00;30.75;5.49;17.34;14.11;0;2.77;2.58;72142.00;65.00;65.00;48.00;4510.40;1000.13;742.18;6.00;1;0;1;0;0;1;0;0;0;0;0;1;1;0;0;0;0;0
314543;1.85;0.92;65.00;2759.00;17.25;81.00;30.00;4.71;16.10;13.83;0.53;0.29;2.82;72142.00;64.00;65.00;48.00;4514.80;1000.09;78.12;6.00;1;0;1;0;0;1;0;0;0;0;0;1;1;0;0;0;0;0
316129;2.64;0.95;66.00;2816.00;17.25;81.00;30.00;8.24;22.28;14.02;2.81;0.55;2.58;72142.00;65.00;66.00;48.00;4518.80;1000.13;664.05;6.00;1;0;1;0;0;1;0;0;0;0;0;1;1;0;0;0;0;0
317529;2.51;0.97;67.00;2873.00;17.25;81.75;32.25;7.45;20.83;14.02;1.25;0.88;2.58;72142.00;67.00;68.00;48.00;4512.80;1000.17;781.24;6.00;1;0;1;0;0;1;0;0;0;0;0;1;1;0;0;0;0;0
318898;2.47;0.96;68.00;2933.00;17.25;81.75;33.00;7.06;20.73;14.02;0.08;2.21;2.58;72142.00;69.00;69.00;48.00;4507.40;1000.17;468.74;6.00;1;0;1;0;0;1;0;0;0;0;0;1;1;0;0;0;0;0
320391;1.92;1.01;70.00;2958.00;17.25;81.75;33.75;4.71;15.55;14.02;0;0.94;2.58;72142.00;69.00;70.00;48.00;4512.60;1000.17;859.36;6.00;1;0;1;0;0;1;0;0;0;0;0;1;1;0;0;0;0;0
321831;2.18;0.92;70.00;2956.00;16.50;81.75;33.00;6.28;19.26;14.02;0.57;0.57;2.58;72142.00;69.00;70.00;48.00;4509.40;1000.17;156.25;6.00;1;0;1;0;0;1;0;0;0;0;0;1;1;0;0;0;0;0
323319;0.69;1.00;68.00;2932.00;16.50;81.75;22.50;0;12.45;13.92;0.37;0.88;2.82;72142.00;69.00;68.00;48.00;4541.00;1000.17;761.71;6.00;1;0;1;0;0;1;0;0;0;0;0;1;1;0;0;0;0;0
324765;0.73;1.00;63.00;2700.00;17.25;81.75;20.25;0;12.30;13.92;0;0;2.82;72142.00;64.00;64.00;48.00;4472.60;1000.17;742.18;6.00;1;0;1;0;0;1;0;0;0;0;0;1;1;0;0;0;0;0
326270;0.82;1.00;58.00;2464.00;17.25;81.75;15.00;0;12.34;13.92;5.02;1.15;2.82;72142.00;58.00;58.00;54.00;4527.40;1000.17;781.24;6.00;1;0;1;0;0;1;0;0;1;0;0;1;1;0;0;0;0;0
327681;0.90;1.00;52.00;2221.00;17.25;82.50;15.00;0;12.23;14.11;22.38;5.18;2.58;72142.00;53.00;52.00;39.00;4516.80;1000.17;39.06;6.00;1;0;1;0;0;1;0;0;1;0;0;1;1;0;0;0;0;0
329153;2.62;0.98;51.00;2173.00;17.25;82.50;20.25;5.10;19.89;13.92;163.00;182.02;2.82;72142.00;51.00;51.00;47.00;4496.60;1000.17;566.40;6.00;1;0;1;0;0;1;0;0;1;0;0;1;1;0;0;0;0;0
330647;1.96;1.00;52.00;2233.00;17.25;82.50;21.00;2.75;14.84;14.02;218.91;159.29;2.58;72142.00;53.00;53.00;47.00;4516.80;1000.17;898.43;6.00;1;0;1;0;0;1;0;0;1;0;0;1;1;0;0;0;0;0
332157;2.15;0.99;53.00;2277.00;17.25;82.50;22.50;3.53;16.81;14.02;271.66;233.03;2.58;72142.00;54.00;54.00;47.00;4518.40;1000.33;839.83;6.00;1;0;1;0;0;1;0;0;1;0;0;1;1;0;0;0;0;0
333523;1.86;0.97;55.00;2335.00;17.25;82.50;22.50;3.14;14.70;14.02;334.74;323.48;2.58;72143.00;55.00;54.00;47.00;4506.80;1000.68;820.30;6.00;1;0;1;0;0;1;0;0;1;0;0;1;1;0;0;0;0;0
334993;1.82;0.96;55.00;2315.00;17.25;82.50;22.50;2.75;14.78;13.92;334.96;313.91;2.82;72143.00;54.00;55.00;47.00;4509.00;1000.99;839.83;6.00;1;0;1;0;0;1;0;0;1;0;0;1;1;0;0;0;0;0
336490;1.74;0.93;53.00;2316.00;17.25;82.50;22.50;2.75;14.72;13.92;265.80;302.83;2.82;72143.00;54.00;54.00;47.00;4514.20;1001.26;195.31;6.00;1;0;1;0;0;1;0;0;1;0;0;1;1;0;0;0;0;0
337978;1.78;0.94;53.00;2282.00;17.25;82.50;21.75;2.75;14.69;14.02;247.39;287.64;2.58;72143.00;53.00;54.00;47.00;4522.60;1001.34;683.59;6.00;1;0;1;0;0;1;0;0;1;0;0;1;1;0;0;0;0;0
339540;2.44;0.98;53.00;2296.00;17.25;82.50;22.50;4.71;19.00;14.02;320.82;343.06;2.58;72143.00;54.00;54.00;47.00;4506.80;1001.38;839.83;6.00;1;0;1;0;0;1;0;0;1;0;0;1;1;0;0;0;0;0
341073;2.41;0.98;55.00;2344.00;17.25;82.50;23.25;4.71;18.95;14.02;330.94;295.10;2.58;72143.00;55.00;55.00;47.00;4506.00;1001.42;429.68;6.00;1;0;1;0;0;1;0;0;1;0;0;1;1;0;0;0;0;0
342564;1.99;0.95;55.00;2337.00;17.25;82.50;23.25;3.53;16.13;14.02;256.02;209.48;2.58;72143.00;54.00;55.00;47.00;4522.20;1001.38;117.19;6.00;1;0;1;0;0;1;0;0;1;0;0;1;1;0;0;0;0;0
344052;1.69;0.95;53.00;2342.00;17.25;82.50;22.50;2.75;13.72;14.02;287.40;277.68;2.58;72143.00;54.00;54.00;47.00;4528.40;1001.42;859.36;6.00;1;0;1;0;0;1;0;0;1;0;0;1;1;0;0;0;0;0
345547;2.16;0.92;52.00;2238.00;17.25;82.50;21.00;4.31;17.98;14.02;307.91;322.62;2.58;72143.00;52.00;52.00;47.00;4513.80;1001.42;39.06;6.00;1;0;1;0;0;1;0;0;1;0;0;1;1;0;0;0;0;0
347044;2.68;0.96;53.00;2274.00;17.25;82.50;21.75;5.88;21.01;14.02;284.71;271.21;2.58;72143.00;53.00;53.00;47.00;4505.40;1001.42;781.24;6.00;1;0;1;0;0;1;0;0;1;0;0;1;1;0;0;0;0;0
348565;2.56;0.98;55.00;2345.00;17.25;82.50;22.50;5.49;20.04;14.02;293.52;167.82;2.58;72143.00;54.00;55.00;47.00;4503.00;1001.42;546.87;6.00;1;0;1;0;0;1;0;0;1;0;0;1;1;0;0;0;0;0
349943;2.44;0.98;56.00;2372.00;17.25;82.50;23.25;5.10;19.35;14.02;308.38;240.65;2.58;72143.00;55.00;56.00;47.00;4512.20;1001.42;156.25;6.00;1;0;1;0;0;1;0;0;1;0;0;1;1;0;0;0;0;0
351445;2.17;0.96;55.00;2347.00;17.25;82.50;23.25;3.92;16.73;14.02;322.17;311.21;2.58;72143.00;55.00;55.00;47.00;4521.20;1001.42;742.18;6.00;1;0;1;0;0;1;0;0;1;0;0;1;1;0;0;0;0;0
352939;2.88;0.97;56.00;2411.00;17.25;82.50;24.00;7.06;23.09;14.02;341.36;306.52;2.58;72143.00;56.00;57.00;47.00;4526.00;1001.42;742.18;6.00;1;0;1;0;0;1;0;0;1;0;0;1;1;0;0;0;0;0
354381;3.42;1.00;57.00;2462.00;17.25;82.50;24.75;9.41;26.65;14.02;237.37;202.78;2.58;72143.00;57.00;58.00;47.00;4489.40;1001.42;820.30;6.00;1;0;1;0;0;1;0;0;1;0;0;1;1;0;0;0;0;0
355876;1.79;0.99;57.00;2445.00;17.25;82.50;24.75;3.14;14.11;14.02;299.34;305.12;2.58;72143.00;57.00;57.00;47.00;4517.00;1001.42;800.77;6.00;1;0;1;0;0;1;0;0;1;0;0;1;1;0;0;0;0;0
357411;2.05;0.94;57.00;2420.00;17.25;82.50;24.75;3.92;17.16;14.11;287.42;338.36;2.58;72143.00;57.00;57.00;47.00;4528.00;1001.42;58.59;6.00;1;0;1;0;0;1;0;0;1;0;0;1;1;0;0;0;0;0
358908;2.61;0.96;56.00;2408.00;17.25;82.50;24.00;5.88;20.82;13.92;275.88;334.45;2.82;72143.00;57.00;57.00;47.00;4509.80;1001.42;781.24;6.00;1;0;1;0;0;1;0;0;1;0;0;1;1;0;0;0;0;0
360377;2.50;0.96;57.00;2442.00;17.25;82.50;24.75;5.49;20.20;14.02;238.54;256.64;2.58;72143.00;57.00;57.00;47.00;4509.60;1001.42;820.30;6.00;1;0;1;0;0;1;0;0;1;0;0;1;1;0;0;0;0;0
361837;2.10;0.94;57.00;2482.00;17.25;82.50;24.75;4.31;17.55;14.11;301.11;313.94;2.58;72143.00;57.00;58.00;47.00;4508.00;1001.42;117.19;6.00;1;0;1;0;0;1;0;0;1;0;0;1;1;0;0;0;0;0
363289;2.78;0.93;58.00;2494.00;17.25;82.50;25.50;6.67;23.74;14.02;342.19;338.75;2.58;72143.00;59.00;59.00;47.00;4522.40;1001.42;410.15;6.00;1;0;1;0;0;1;0;0;1;0;0;1;1;0;0;0;0;0
364661;2.26;0.97;58.00;2494.00;17.25;82.50;25.50;4.71;18.45;14.02;252.48;305.59;2.58;72143.00;58.00;59.00;47.00;4501.60;1001.42;859.36;6.00;1;0;1;0;0;1;0;0;1;0;0;1;1;0;0;0;0;0
366193;2.42;0.94;60.00;2527.00;17.25;82.50;26.25;5.88;20.21;13.83;171.34;265.14;2.82;72143.00;59.00;60.00;47.00;4510.20;1001.34;136.72;6.00;1;0;1;0;0;1;0;0;1;0;0;1;1;0;0;0;0;0
367590;2.17;0.94;61.00;2593.00;17.25;82.50;27.00;5.88;18.51;14.02;296.66;280.76;2.58;72143.00;60.00;61.00;47.00;4504.80;1001.42;664.05;6.00;1;0;1;0;0;1;0;0;0;0;0;1;1;0;0;0;0;0
368996;2.14;0.95;61.00;2583.00;17.25;82.50;27.00;5.49;17.81;14.02;341.56;344.27;2.58;72143.00;61.00;61.00;47.00;4510.80;1001.42;800.77;6.00;1;0;1;0;0;1;0;0;0;0;0;1;1;0;0;0;0;0
370481;2.46;0.92;62.00;2641.00;17.25;82.50;27.75;7.45;21.55;13.92;312.54;347.87;2.82;72143.00;62.00;62.00;47.00;4513.80;1001.42;97.66;6.00;1;0;1;0;0;1;0;0;0;0;0;1;1;0;0;0;0;0
372009;2.29;0.94;62.00;2659.00;17.25;81.75;29.25;6.28;19.46;14.02;182.53;191.14;2.58;72143.00;62.00;63.00;48.00;4519.60;1001.42;78.12;6.00;1;0;1;0;0;1;0;0;0;0;0;1;1;0;0;0;0;0
373517;2.54;0.94;62.00;2673.00;17.25;81.75;29.25;7.06;21.07;14.02;36.36;35.94;2.58;72143.00;62.00;63.00;48.00;4514.40;1001.42;624.99;6.00;1;0;1;0;0;1;0;0;0;0;0;1;1;0;0;0;0;0
374965;2.48;0.96;65.00;2756.00;17.25;81.75;30.00;7.06;20.49;14.02;5.90;8.05;2.58;72143.00;64.00;65.00;48.00;4531.20;1001.38;136.72;6.00;1;0;1;0;0;1;0;0;0;0;0;1;1;0;0;0;0;0
376464;2.02;0.95;65.00;2778.00;17.25;81.75;30.00;5.10;17.11;14.02;0.82;1.11;2.58;72143.00;65.00;65.00;48.00;4522.60;1001.42;605.46;6.00;1;0;1;0;0;1;0;0;0;0;0;1;1;0;0;0;0;0
378001;1.99;0.95;65.00;2756.00;17.25;81.75;30.00;5.10;16.74;14.11;0;0;2.58;72143.00;64.00;65.00;48.00;4514.60;1001.42;859.36;6.00;1;0;1;0;0;1;0;0;0;0;0;1;1;0;0;0;0;0
379430;2.26;0.93;65.00;2751.00;17.25;81.75;30.00;6.67;19.56;14.02;0;1.82;2.58;72143.00;64.00;65.00;48.00;4510.00;1001.42;722.65;6.00;1;0;1;0;0;1;0;0;0;0;0;1;1;0;0;0;0;0
380861;2.27;0.95;66.00;2795.00;17.25;81.75;30.75;6.28;19.25;14.02;2.50;0.70;2.58;72143.00;65.00;66.00;48.00;4516.80;1001.42;859.36;6.00;1;0;1;0;0;1;0;0;0;0;0;1;1;0;0;0;0;0
382306;1.96;0.92;65.00;2812.00;17.25;81.75;30.75;5.10;17.25;14.02;0.29;0;2.58;72143.00;66.00;66.00;48.00;4503.00;1001.42;78.12;6.00;1;0;1;0;0;1;0;0;0;0;0;1;1;0;0;0;0;0
383628;1.98;0.96;65.00;2796.00;17.25;81.75;30.75;5.10;17.11;14.02;0.62;0;2.58;72143.00;65.00;66.00;48.00;4510.80;1001.42;781.24;6.00;1;0;1;0;0;1;0;0;0;0;0;1;1;0;0;0;0;0
385130;1.82;0.93;65.00;2753.00;17.25;81.75;30.75;4.71;15.80;14.02;1.11;2.52;2.58;72143.00;64.00;65.00;48.00;4504.60;1001.42;527.34;6.00;1;0;1;0;0;1;0;0;0;0;0;1;1;0;0;0;0;0
386615;2.10;0.91;65.00;2755.00;17.25;81.75;30.00;5.88;18.23;14.02;1.78;3.50;2.58;72143.00;65.00;65.00;48.00;4511.00;1001.42;58.59;6.00;1;0;1;0;0;1;0;0;0;0;0;1;1;0;0;0;0;0
388101;2.25;0.92;65.00;2769.00;17.25;81.75;30.75;6.28;19.57;14.02;0.16;0.39;2.58;72143.00;65.00;65.00;48.00;4514.80;1001.42;156.25;6.00;1;0;1;0;0;1;0;0;0;0;0;1;1;0;0;0;0;0
389557;1.90;0.96;65.00;2761.00;17.25;81.75;30.75;4.71;15.81;14.02;1.66;0;2.58;72143.00;65.00;65.00;48.00;4502.40;1001.42;839.83;6.00;1;0;1;0;0;1;0;0;0;0;0;1;1;0;0;0;0;0
390933;2.10;0.92;65.00;2777.00;17.25;81.75;30.00;5.88;18.37;14.02;1.21;2.32;2.58;72143.00;64.00;65.00;48.00;4516.20;1001.42;449.21;6.00;1;0;1;0;0;1;0;0;0;0;0;1;1;0;0;0;0;0
392372;2.10;0.92;65.00;2779.00;17.25;81.75;30.75;5.88;18.34;14.02;0.82;3.53;2.58;72143.00;65.00;66.00;48.00;4500.20;1001.42;58.59;6.00;1;0;1;0;0;1;0;0;0;0;0;1;1;0;0;0;0;0
393720;2.38;0.93;66.00;2816.00;17.25;81.75;31.50;7.06;20.61;14.02;1.86;0.51;2.58;72144.00;65.00;66.00;48.00;4514.60;1001.42;97.66;6.00;1;0;1;0;0;1;0;0;0;0;0;1;1;0;0;0;0;0
395209;2.01;0.95;66.00;2805.00;17.25;81.75;31.50;5.10;17.01;14.02;0.23;0;2.58;72144.00;66.00;66.00;48.00;4509.80;1001.42;742.18;6.00;1;0;1;0;0;1;0;0;0;0;0;1;1;0;0;0;0;0
396600;2.07;0.91;66.00;2827.00;17.25;81.75;31.50;5.88;18.36;14.02;1.23;0.25;2.58;72144.00;67.00;67.00;48.00;4515.80;1001.42;97.66;6.00;1;0;1;0;0;1;0;0;0;0;0;1;1;0;0;0;0;0
398097;2.37;0.94;67.00;2880.00;17.25;81.75;32.25;7.06;20.43;14.02;1.60;0;2.58;72144.00;67.00;68.00;48.00;4536.40;1001.42;175.78;6.00;1;0;1;0;0;1;0;0;0;0;0;1;1;0;0;0;0;0
399556;2.28;0.94;68.00;2896.00;17.25;81.75;32.25;6.28;19.51;14.11;0.08;0.23;2.58;72144.00;67.00;68.00;48.00;4513.00;1001.38;624.99;6.00;1;0;1;0;0;1;0;0;0;0;0;1;1;0;0;0;0;0
400994;2.91;0.94;70.00;2972.00;17.25;81.75;30.75;10.20;24.13;14.11;0.72;0;2.58;72144.00;69.00;70.00;48.00;4493.60;1001.42;117.19;6.00;1;0;1;0;0;1;0;0;0;0;0;1;1;0;0;0;0;0
402467;2.77;0.94;72.00;3118.00;17.25;81.75;32.25;9.41;23.36;13.92;1.11;1.15;2.82;72144.00;72.00;73.00;48.00;4513.00;1001.42;136.72;6.00;1;0;1;0;0;1;0;0;0;0;0;1;1;0;0;0;0;0
403942;2.58;0.93;75.00;3200.00;17.25;81.75;34.50;8.63;22.15;13.92;1.00;3.14;2.82;72144.00;75.00;75.00;48.00;4512.80;1001.42;664.05;6.00;1;0;1;0;0;1;0;0;0;0;0;1;1;0;0;0;0;0
405386;2.51;0.96;77.00;3315.00;17.25;81.00;36.00;7.84;21.03;14.02;0;0.80;2.58;72144.00;76.00;77.00;48.00;4522.00;1001.42;644.52;6.00;1;0;1;0;0;1;0;0;0;0;0;1;1;0;0;0;0;0
406809;2.04;0.90;78.00;3335.00;16.50;81.00;38.25;6.28;18.23;14.02;0;0;2.58;72144.00;79.00;79.00;48.00;4518.00;1001.42;703.12;6.00;1;0;1;0;0;1;0;0;0;0;0;1;1;0;0;0;0;0
408302;1.75;0.97;78.00;3348.00;17.25;81.00;38.25;4.71;14.55;14.02;2.58;0;2.58;72144.00;79.00;79.00;48.00;4513.80;1001.42;878.90;6.00;1;0;1;0;0;1;0;0;0;0;0;1;1;0;0;0;0;0
409699;1.61;0.89;77.00;3298.00;17.25;81.00;38.25;4.71;14.79;13.92;0.76;0.35;2.82;72144.00;78.00;78.00;48.00;4519.00;1001.42;624.99;6.00;1;0;1;0;0;1;0;0;0;0;0;1;1;0;0;0;0;0
411193;2.30;0.92;78.00;3306.00;17.25;81.00;36.75;7.06;20.03;13.92;2.05;2.09;2.82;72144.00;77.00;78.00;48.00;4511.60;1001.42;117.19;6.00;1;0;1;0;0;1;0;0;0;0;0;1;1;0;0;0;0;0
412684;2.16;0.91;80.00;3358.00;17.25;81.00;38.25;6.67;19.01;13.92;0.04;1.70;2.82;72144.00;79.00;80.00;48.00;4511.20;1001.42;312.50;6.00;1;0;1;0;0;1;0;0;0;0;0;1;1;0;0;0;0;0
414153;2.60;0.95;80.00;3407.00;17.25;81.00;36.00;8.24;21.68;14.02;0;1.15;2.58;72144.00;80.00;80.00;48.00;4509.60;1001.42;683.59;6.00;1;0;1;0;0;1;0;0;0;0;0;1;1;0;0;0;0;0
415693;2.38;0.95;80.00;3417.00;16.50;81.00;37.50;7.45;20.06;13.92;2.40;1.60;2.82;72144.00;80.00;80.00;48.00;4515.20;1001.54;624.99;6.00;1;0;1;0;0;1;0;0;0;0;0;1;1;0;0;0;0;0
417255;2.89;0.97;81.00;3454.00;16.50;81.00;35.25;10.20;23.43;14.02;0.10;0.88;2.58;72144.00;81.00;82.00;48.00;4513.20;1001.73;703.12;6.00;1;0;1;0;0;1;0;0;0;0;0;1;1;0;0;0;0;0
418651;3.14;0.95;81.00;3444.00;16.50;81.00;32.25;12.16;25.83;14.02;1.46;0.78;2.58;72144.00;80.00;81.00;48.00;4521.60;1001.77;800.77;6.00;1;0;1;0;0;1;0;0;0;0;0;1;1;0;0;0;0;0
420025;2.86;0.94;82.00;3517.00;16.50;81.00;34.50;10.59;23.89;14.02;0.92;4.26;2.58;72144.00;81.00;83.00;48.00;4508.40;1001.89;195.31;6.00;1;0;1;0;0;1;0;0;0;0;0;1;1;0;0;0;0;0
421471;1.70;0.98;80.00;3417.00;16.50;81.00;39.00;4.71;14.03;13.92;3.05;1.43;2.82;72144.00;80.00;81.00;48.00;4517.80;1001.69;859.36;6.00;1;0;1;0;0;1;0;0;0;0;0;1;1;0;0;0;0;0
422978;3.14;0.95;80.00;3362.00;16.50;81.00;31.50;12.16;25.93;14.02;0.20;2.73;2.58;72144.00;80.00;80.00;48.00;4515.00;1001.61;742.18;6.00;1;0;1;0;0;1;0;0;0;0;0;1;1;0;0;0;0;0
424402;3.04;0.97;81.00;3460.00;16.50;81.00;33.75;10.98;24.56;14.02;2.09;0.23;2.58;72144.00;80.00;81.00;48.00;4510.40;1001.54;761.71;6.00;1;0;1;0;0;1;0;0;0;0;0;1;1;0;0;0;0;0
425770;2.78;0.93;81.00;3474.00;16.50;81.00;35.25;10.20;23.50;14.02;0.78;1.23;2.58;72144.00;81.00;82.00;48.00;4523.80;1001.50;136.72;6.00;1;0;1;0;0;1;0;0;0;0;0;1;1;0;0;0;0;0
427273;3.06;0.88;82.00;3486.00;16.50;81.00;32.25;12.55;25.96;14.02;1.60;0.62;2.58;72144.00;81.00;82.00;48.00;4530.20;1001.46;39.06;6.00;1;0;1;0;0;1;0;0;0;0;0;1;1;0;0;0;0;0
428534;2.50;0.95;82.00;3520.00;16.50;81.00;37.50;7.84;20.80;13.92;1.19;0.31;2.82;72144.00;83.00;83.00;48.00;4512.60;1001.46;800.77;6.00;1;0;1;0;0;1;0;0;0;0;0;1;1;0;0;0;0;0
430054;3.43;0.99;82.00;3542.00;16.50;81.00;32.25;14.12;26.72;13.92;0;1.46;2.82;72144.00;81.00;83.00;48.00;4525.60;1001.46;781.24;6.00;1;0;1;0;0;1;0;0;0;0;0;1;1;0;0;0;0;0
431577;2.67;0.94;82.00;3512.00;16.50;81.00;36.00;9.41;22.53;14.02;0.25;1.11;2.58;72144.00;82.00;83.00;48.00;4507.20;1001.46;859.36;6.00;1;0;1;0;0;1;0;0;0;0;0;1;1;0;0;0;0;0
433021;2.51;0.96;82.00;3500.00;16.50;81.00;38.25;7.84;21.09;13.83;0.27;1.00;2.82;72144.00;82.00;83.00;48.00;4520.40;1001.46;781.24;6.00;1;0;1;0;0;1;0;0;0;0;0;1;1;0;0;0;0;0
434560;2.20;0.91;81.00;3462.00;16.50;81.00;38.25;7.06;19.53;14.02;1.70;0.55;2.58;72144.00;81.00;82.00;48.00;4512.80;1001.38;839.83;6.00;1;0;1;0;0;1;0;0;0;0;0;1;1;0;0;0;0;0
436012;2.36;0.88;81.00;3428.00;16.50;81.00;36.00;8.63;22.00;14.02;1.58;0;2.58;72144.00;81.00;81.00;48.00;4517.40;1001.15;97.66;6.00;1;0;1;0;0;1;0;0;0;0;0;1;1;0;0;0;0;0
437423;2.23;0.98;78.00;3357.00;16.50;81.00;37.50;6.28;18.34;14.02;1.70;0;2.58;72144.00;79.00;79.00;48.00;4486.40;1000.83;898.43;6.00;1;0;1;0;0;1;0;0;0;0;0;1;1;0;0;0;0;0
438810;2.05;1.00;75.00;3470.00;16.50;81.00;39.75;5.10;15.33;14.02;0.41;2.09;2.58;72144.00;75.00;75.00;48.00;4328.60;1000.56;878.90;5.00;1;0;1;0;0;1;0;0;0;0;0;1;1;0;0;0;0;0
440380;1.74;0.90;72.00;3346.00;16.50;81.75;38.25;5.10;15.67;14.02;1.46;2.62;2.58;72145.00;72.00;73.00;48.00;4496.60;1000.33;917.96;5.00;1;0;1;0;0;1;0;0;0;0;0;1;1;0;0;0;0;0
441801;2.30;0.90;72.00;3320.00;16.50;81.75;36.00;7.45;20.59;13.92;0;0.16;2.82;72145.00;71.00;72.00;48.00;4517.60;1000.25;839.83;5.00;1;0;1;0;0;1;0;0;0;0;0;1;1;0;0;0;0;0
443249;1.49;0.97;68.00;3143.00;16.50;81.75;36.00;3.53;12.45;14.02;0;0.96;2.58;72145.00;69.00;69.00;48.00;4528.60;1000.21;859.36;5.00;1;0;1;0;0;1;0;0;0;0;0;1;1;0;0;0;0;0
444618;0.70;1.00;63.00;2902.00;16.50;81.75;21.75;0;12.32;14.02;0.45;0;2.58;72145.00;63.00;63.00;48.00;4540.20;1000.21;0;5.00;1;0;1;0;0;1;0;0;0;0;0;1;1;0;0;0;0;0
446169;1.81;0.99;57.00;2686.00;16.50;81.75;28.50;3.92;13.85;14.11;0;0.25;2.58;72145.00;58.00;58.00;48.00;4401.80;1000.21;878.90;5.00;1;0;1;0;0;1;0;0;0;0;0;1;1;0;0;0;0;0
447740;1.81;0.93;56.00;2616.00;16.50;81.75;27.75;3.92;15.58;14.02;2.21;0;2.58;72145.00;56.00;57.00;48.00;4512.60;1000.01;97.66;5.00;1;0;1;0;0;1;0;0;1;0;0;1;1;0;0;0;0;0
449187;2.22;0.96;55.00;2526.00;16.50;81.75;26.25;4.71;18.32;14.02;1.05;0;2.58;72145.00;55.00;55.00;48.00;4506.20;999.74;546.87;5.00;1;0;1;0;0;1;0;0;1;0;0;1;1;0;0;0;0;0
450756;1.87;0.94;55.00;2535.00;16.50;81.75;26.25;3.53;15.66;14.11;0;1.82;2.58;72145.00;54.00;55.00;48.00;4535.40;999.54;175.78;5.00;1;0;1;0;0;1;0;0;1;0;0;1;1;0;0;0;0;0
452193;1.94;0.97;53.00;2484.00;16.50;81.75;25.50;3.53;15.66;14.02;0.41;0.23;2.58;72145.00;54.00;54.00;48.00;4500.00;999.35;332.03;5.00;1;0;1;0;0;1;0;0;1;0;0;1;1;0;0;0;0;0
453732;2.47;0.95;56.00;2574.00;16.50;81.75;27.00;5.88;20.62;14.02;0;1.97;2.58;72145.00;55.00;56.00;48.00;4524.40;999.27;468.74;5.00;1;0;1;0;0;1;0;0;1;0;0;1;1;0;0;0;0;0
455236;2.38;0.95;57.00;2658.00;16.50;81.75;27.75;5.49;19.88;14.02;1.97;0.21;2.58;72145.00;57.00;57.00;48.00;4536.20;999.08;781.24;5.00;1;0;1;0;0;1;0;0;1;0;0;1;1;0;0;0;0;0
456707;1.70;0.93;57.00;2653.00;16.50;82.50;28.50;3.53;14.50;13.92;106.95;95.60;2.82;72145.00;57.00;57.00;47.00;4498.60;999.00;820.30;5.00;1;0;1;0;0;1;0;0;1;0;0;1;1;0;0;0;0;0
458268;1.72;0.92;56.00;2584.00;16.50;82.50;27.75;3.53;14.90;14.02;169.97;198.07;2.58;72145.00;56.00;56.00;47.00;4500.60;998.96;58.59;5.00;1;0;1;0;0;1;0;0;1;0;0;1;1;0;0;0;0;0
459664;1.02;0.99;55.00;2545.00;16.50;82.50;26.25;0.39;12.83;14.02;167.49;189.38;2.58;72145.00;55.00;55.00;47.00;4526.80;998.96;898.43;5.00;1;0;1;0;0;1;0;0;1;0;0;1;1;0;0;0;0;0
461183;1.78;0.94;52.00;2457.00;16.50;82.50;24.75;3.14;14.69;14.11;275.55;275.76;2.58;72145.00;53.00;53.00;47.00;4531.40;998.96;39.06;5.00;1;0;1;0;0;1;0;0;1;0;0;1;1;0;0;0;0;0
462705;1.69;1.00;51.00;2695.00;16.50;82.50;28.50;3.14;13.14;14.11;332.77;325.64;2.58;72145.00;51.00;51.00;47.00;4494.40;998.96;898.43;4.00;1;0;1;0;0;1;0;0;1;0;0;1;1;0;0;0;0;0
464171;1.48;0.94;51.00;2659.00;17.25;82.50;29.25;2.75;12.50;14.02;320.92;341.46;2.58;72145.00;51.00;51.00;47.00;4520.20;998.96;878.90;4.00;1;0;1;0;0;1;0;0;1;0;0;1;1;0;0;0;0;0
465611;0.90;0.90;50.00;2572.00;17.25;82.50;27.75;0.39;8.14;14.02;339.82;305.82;2.58;72145.00;50.00;50.00;47.00;4506.60;999.00;742.18;4.00;1;0;1;0;0;1;0;0;1;0;0;1;1;0;0;0;0;0
467086;0.83;1.00;45.00;2359.00;17.25;82.50;15.75;0;12.28;14.11;173.68;191.04;2.58;72145.00;45.00;45.00;41.00;4559.20;999.11;39.06;4.00;1;0;1;0;0;1;0;0;1;0;0;1;1;0;0;0;0;0
468617;0.90;1.00;40.00;2098.00;17.25;82.50;15.00;0;12.18;14.11;77.71;145.46;2.58;72145.00;40.00;40.00;39.00;4499.20;999.00;39.06;4.00;1;0;1;0;0;1;0;0;1;0;0;1;1;0;0;0;0;0
470107;0.98;1.00;32.00;1938.00;17.25;82.50;14.25;0;12.27;14.11;100.21;109.47;2.58;72145.00;32.00;32.00;38.00;4516.80;998.96;878.90;3.00;1;0;1;0;0;1;0;0;1;0;0;1;1;0;0;0;0;0
471609;1.11;1.01;20.00;1647.00;17.25;82.50;13.50;0;12.18;14.21;96.13;77.24;2.58;72145.00;21.00;21.00;39.00;4479.00;998.96;859.36;2.00;1;0;1;1;0;1;0;0;1;0;0;1;1;0;0;1;0;0
473207;1.37;0.98;12.00;1280.00;17.25;82.50;14.25;0;12.25;14.30;123.64;93.31;2.58;72145.00;13.00;12.00;40.00;4500.20;999.08;761.71;1;1;0;1;1;0;1;0;0;1;0;0;1;1;0;0;1;0;0
474783;1.42;0.99;7.00;1227.00;17.25;82.50;18.00;0;12.99;14.30;58.96;40.35;2.58;72145.00;7.00;7.00;42.00;4509.40;999.39;78.12;1;1;0;1;0;0;1;0;0;1;0;0;1;1;0;0;1;0;0
476404;1.47;1.03;0;1229.00;17.25;82.50;18.00;0;13.03;14.39;48.90;32.79;2.31;72145.00;0;0;42.00;4517.20;999.70;839.83;1;1;0;1;0;0;1;0;0;1;0;0;1;1;0;0;1;0;0
477800;1.43;1.00;0;1247.00;17.25;82.50;16.50;0;12.72;14.39;24.90;46.05;2.31;72145.00;0;0;41.00;4517.20;999.93;683.59;1;1;0;1;1;0;1;0;0;1;0;0;1;1;0;0;1;0;0
479528;1.32;1.00;0;1317.00;17.25;83.25;12.00;0;11.92;14.21;82.14;62.20;2.58;72145.00;0;0;42.00;4513.00;999.90;351.56;1;1;0;1;1;0;1;0;0;1;0;0;1;1;0;0;1;0;0
480931;1.33;0.99;0;1297.00;17.25;83.25;12.75;0;12.08;14.30;63.92;36.56;2.58;72145.00;0;0;41.00;4510.40;999.97;58.59;1;1;0;1;1;0;1;0;0;1;0;0;1;1;0;0;1;0;0
482386;1.46;1.03;0;1272.00;17.25;83.25;13.50;0;12.23;14.39;60.09;39.00;2.31;72145.00;0;0;41.00;4505.60;1000.05;820.30;1;1;0;1;1;0;1;0;0;1;0;0;1;1;0;0;1;0;0
483746;1.40;0.99;0;1264.00;17.25;83.25;14.25;0;12.31;14.39;34.26;17.58;2.31;72145.00;0;0;41.00;4521.60;1000.05;58.59;1;1;0;1;1;0;1;0;0;1;0;0;1;1;0;0;1;0;0
485327;1.39;0.99;0;1212.00;17.25;83.25;18.00;0;12.93;14.39;14.67;9.39;2.31;72145.00;0;0;40.00;4508.80;999.90;722.65;1;1;0;1;1;0;1;0;0;1;0;0;1;1;0;0;1;0;0
486726;1.40;1.01;0;1270.00;17.25;83.25;14.25;0;12.34;14.21;14.88;37.69;2.58;72145.00;0;0;40.00;4504.80;999.90;859.36;1;1;0;1;1;0;1;0;0;1;0;0;1;1;0;0;1;0;0
488112;1.45;0.98;0;1198.00;17.25;83.25;20.25;0;13.29;14.30;6.64;17.91;2.58;72145.00;0;0;41.00;4504.60;999.97;58.59;1;1;0;1;1;0;1;0;0;1;0;0;1;1;0;0;1;0;0
489608;1.55;1.01;0;1190.00;17.25;83.25;20.25;0;13.32;14.39;15.16;20.21;2.31;72145.00;0;0;41.00;4509.00;999.93;859.36;1;1;0;1;0;0;1;0;0;1;0;0;1;1;0;0;0;0;0
491063;1.31;0.98;0;1242.00;17.25;84.00;16.50;0;12.68;14.30;15.19;9.06;2.58;72145.00;0;0;42.00;4506.20;999.93;78.12;1;1;0;1;0;0;1;0;0;1;0;0;1;1;0;0;0;0;0
492471;1.35;0.98;0;1258.00;17.25;84.00;15.00;0;12.43;14.30;12.13;7.83;2.58;72145.00;0;0;41.00;4512.60;1000.09;117.19;1;1;0;1;0;0;1;0;0;1;0;0;1;1;0;0;0;0;0
493777;1.46;1.03;0;1252.00;17.25;84.00;15.75;0;12.63;14.30;46.77;56.30;2.58;72145.00;0;0;42.00;4519.20;999.90;449.21;1;1;0;1;0;0;1;0;0;1;0;0;1;1;0;0;0;0;0
495209;1.41;1.01;0;1259.00;17.25;84.00;15.00;0;12.48;14.30;56.15;80.58;2.58;72145.00;0;0;42.00;4518.20;999.97;761.71;1;1;0;1;0;0;1;0;0;1;0;0;1;1;0;0;0;0;0
496632;1.44;0.97;0;1240.00;17.25;84.00;15.75;0;12.68;14.30;161.32;203.83;2.58;72145.00;0;0;42.00;4509.00;1000.01;761.71;1;1;0;1;1;0;1;0;0;1;0;0;1;1;0;0;0;0;0
498137;1.38;1.00;0;1308.00;17.25;84.00;18.00;0;13.47;14.21;117.12;173.72;2.58;72145.00;0;0;40.00;4203.40;1000.01;859.36;1;1;0;1;0;0;1;0;0;1;0;0;1;1;0;0;0;0;0
499695;1.40;0.98;0;1225.00;17.25;83.25;17.25;0;13.03;14.30;91.91;197.25;2.58;72145.00;0;0;43.00;4489.00;1000.05;117.19;1;1;0;1;1;0;1;0;0;1;0;0;1;1;0;0;1;0;0
501189;1.50;1.02;0;1200.00;17.25;83.25;19.50;0;13.25;14.30;100.76;144.62;2.58;72145.00;0;0;42.00;4512.20;1000.09;78.12;1;1;0;1;1;0;1;0;0;1;0;0;1;1;0;0;0;0;0
502771;1.70;1.02;0;1236.00;17.25;83.25;12.75;0.78;12.57;14.30;73.02;88.94;2.58;72145.00;0;0;48.00;4524.00;1000.09;878.90;1;1;0;1;0;0;1;0;0;1;0;0;1;1;0;0;0;0;0
504299;1.41;0.98;0;1261.00;17.25;83.25;15.00;0;12.33;14.30;39.96;61.13;2.58;72145.00;0;0;41.00;4498.40;1000.01;351.56;1;1;0;1;0;0;1;0;0;1;0;0;1;1;0;0;0;0;0
505841;1.36;1.00;0;1272.00;17.25;83.25;14.25;0;12.42;14.21;50.84;57.97;2.58;72145.00;0;0;42.00;4500.40;999.93;39.06;1;1;0;1;1;0;1;0;0;1;0;0;1;1;0;0;1;0;0
507355;1.44;1.01;0;1230.00;17.25;83.25;16.50;0;12.75;14.21;36.72;86.09;2.58;72145.00;0;0;40.00;4486.00;1000.01;937.49;1;1;0;1;0;0;1;0;0;1;0;0;1;1;0;0;0;0;0
508898;7.03;1.00;21.00;3102.00;17.25;83.25;12.75;41.18;43.95;14.11;223.42;166.59;2.58;72145.00;21.00;22.00;47.00;4562.20;999.90;937.49;1;1;0;1;0;0;1;0;0;0;0;0;1;1;0;0;0;0;0
510574;8.97;1.00;63.00;6983.00;17.25;83.25;18.75;99.62;55.13;14.02;318.01;254.63;2.58;72145.00;59.00;63.00;47.00;4475.20;999.82;859.36;1;1;0;1;0;0;1;0;0;0;0;0;1;1;0;0;0;0;0
511998;8.89;1.00;88.00;6962.00;17.25;82.50;18.75;100.01;55.13;13.92;199.32;136.34;2.82;72145.00;85.00;89.00;47.00;4498.00;999.62;917.96;2.00;1;0;1;0;0;1;0;0;1;0;0;1;1;0;0;0;0;0
513488;8.86;1.00;108.00;6699.00;17.25;81.00;18.75;100.01;55.13;13.92;2.97;4.43;2.82;72145.00;105.00;109.00;48.00;4710.80;999.35;800.77;3.00;1;0;1;0;0;1;0;0;0;0;0;0;1;0;0;0;0;0
515273;3.09;1.00;106.00;4888.00;17.25;81.00;43.50;11.37;21.68;13.92;0.88;2.01;2.82;72145.00;107.00;107.00;48.00;4490.20;998.92;878.90;6.00;1;0;1;0;0;1;0;0;0;0;0;0;1;0;0;0;0;0
516768;1.48;0.99;101.00;4292.00;17.25;81.00;47.25;4.71;11.79;13.92;0;1.66;2.82;72145.00;100.00;102.00;48.00;4500.00;998.49;898.43;6.00;1;0;1;0;0;1;0;0;0;0;0;1;1;0;0;0;0;0
518422;2.29;0.99;97.00;4156.00;17.25;81.00;44.25;7.45;18.34;14.02;0;0;2.58;72145.00;96.00;98.00;48.00;4529.00;998.41;898.43;6.00;1;0;1;0;0;1;0;0;0;0;0;1;1;0;0;0;0;0
519889;2.58;0.87;96.00;4092.00;17.25;81.00;39.75;10.59;23.07;14.02;0.70;2.71;2.58;72145.00;95.00;97.00;48.00;4512.00;998.57;820.30;6.00;1;0;1;0;0;1;0;0;0;0;0;1;1;0;0;0;0;0
521466;4.17;1.00;97.00;4152.00;17.25;81.00;32.25;18.04;31.41;14.02;1.43;1.64;2.58;72145.00;96.00;98.00;48.00;4583.80;998.57;859.36;6.00;1;0;1;0;0;1;0;0;0;0;0;1;1;0;0;0;0;0
522880;3.09;0.94;98.00;4195.00;17.25;81.00;38.25;12.94;25.30;13.92;0.39;0.31;2.82;72145.00;98.00;99.00;48.00;4511.60;998.80;683.59;6.00;1;0;1;0;0;1;0;0;0;0;0;1;1;0;0;0;0;0
524333;3.22;0.98;101.00;4252.00;17.25;80.25;38.25;12.94;25.24;14.02;0.98;1.25;2.58;72145.00;100.00;101.00;49.00;4491.60;998.80;878.90;6.00;1;0;1;0;0;1;0;0;0;0;0;1;1;0;0;0;0;0
525855;3.18;0.95;102.00;4322.00;17.25;80.25;37.50;13.73;25.74;14.02;1.89;1.66;2.58;72145.00;100.00;102.00;49.00;4540.60;998.88;859.36;6.00;1;0;1;0;0;1;0;0;0;0;0;1;1;0;0;0;0;0
527320;2.86;0.98;102.00;4292.00;17.25;80.25;40.50;10.59;22.86;14.02;0.61;0.70;2.58;72145.00;102.00;102.00;49.00;4497.60;998.92;664.05;6.00;1;0;1;0;0;1;0;0;0;0;0;1;1;0;0;0;0;0
528819;3.05;0.97;102.00;4326.00;17.25;80.25;39.00;12.16;24.54;13.92;0;2.17;2.82;72146.00;102.00;102.00;49.00;4521.00;998.96;624.99;6.00;1;0;1;0;0;1;0;0;0;0;0;1;1;0;0;0;0;0
530319;3.46;0.97;103.00;4387.00;17.25;80.25;36.75;15.30;27.00;14.02;0.53;1.62;2.58;72146.00;101.00;103.00;49.00;4517.00;999.35;839.83;6.00;1;0;1;0;0;1;0;0;0;0;0;1;1;0;0;0;0;0
531872;2.59;0.95;102.00;4352.00;17.25;80.25;42.00;9.41;21.28;14.02;0.31;1.78;2.58;72146.00;102.00;103.00;49.00;4488.20;999.54;117.19;6.00;1;0;1;0;0;1;0;0;0;0;0;1;1;0;0;0;0;0
533421;1.69;0.93;101.00;4300.00;17.25;80.25;45.75;6.67;16.36;13.92;2.21;0.76;2.82;72146.00;101.00;102.00;49.00;4479.80;999.86;878.90;6.00;1;0;1;0;0;1;0;0;0;0;0;1;1;0;0;0;0;0
534800;2.62;1.00;101.00;4311.00;17.25;80.25;41.25;9.81;22.04;14.11;0;1.97;2.58;72146.00;101.00;102.00;49.00;4509.00;1000.05;820.30;6.00;1;0;1;0;0;1;0;0;0;0;0;1;1;0;0;0;0;0
536318;2.59;0.95;101.00;4280.00;17.25;80.25;42.00;9.41;21.28;14.02;0.23;1.11;2.58;72146.00;101.00;101.00;49.00;4493.20;1000.21;312.50;6.00;1;0;1;0;0;1;0;0;0;0;0;1;1;0;0;0;0;0
537788;2.44;1.01;101.00;4263.00;17.25;80.25;44.25;7.84;19.15;14.02;3.05;1.89;2.58;72146.00;100.00;101.00;49.00;4493.00;1000.64;820.30;6.00;1;0;1;0;0;1;0;0;0;0;0;1;1;0;0;0;0;0
539229;2.49;0.94;100.00;4291.00;17.25;80.25;42.75;9.02;20.77;14.02;1.15;0.55;2.58;72146.00;99.00;101.00;49.00;4501.40;1001.11;761.71;6.00;1;0;1;0;0;1;0;0;0;0;0;1;1;0;0;0;0;0
540777;2.59;0.92;98.00;4204.00;17.25;80.25;41.25;9.81;21.94;14.11;1.02;0.45;2.58;72146.00;99.00;99.00;49.00;4484.80;1001.30;898.43;6.00;1;0;1;0;0;1;0;0;0;0;0;1;1;0;0;0;0;0
542223;2.91;1.00;100.00;4186.00;17.25;81.00;38.25;12.16;24.98;14.02;1.31;1.66;2.58;72146.00;101.00;100.00;48.00;4537.00;1001.38;859.36;6.00;1;0;1;0;0;1;0;0;0;0;0;1;1;0;0;0;0;0
543770;3.19;0.97;102.00;4355.00;17.25;81.00;38.25;13.33;25.50;14.02;1.54;1.70;2.58;72146.00;100.00;102.00;48.00;4496.20;1001.42;781.24;6.00;1;0;1;0;0;1;0;0;0;0;0;1;1;0;0;0;0;0
545215;7.98;1.00;103.00;4421.00;17.25;81.00;18.00;38.04;44.66;13.83;0.55;0.14;2.82;72146.00;103.00;104.00;48.00;4543.00;1001.61;878.90;6.00;1;0;1;0;0;1;0;0;0;0;0;1;1;0;0;0;0;0
546743;6.95;1.02;112.00;4807.00;17.25;81.00;18.00;54.91;49.00;14.02;0;0;2.58;72146.00;110.00;113.00;48.00;4514.80;1001.85;39.06;6.00;1;0;1;0;0;1;0;0;0;0;0;1;1;0;0;0;0;0
548246;4.38;1.00;117.00;4983.00;17.25;81.00;31.50;27.06;33.96;14.11;1.50;0.53;2.58;72146.00;116.00;118.00;48.00;4480.80;1001.85;175.78;6.00;1;0;1;0;0;1;0;0;0;0;0;1;1;0;0;0;0;0
549770;3.24;1.02;116.00;4908.00;17.25;81.00;40.50;15.30;24.35;13.92;0.96;0.35;2.82;72146.00;114.00;116.00;48.00;4516.80;1001.81;820.30;6.00;1;0;1;0;0;1;0;0;0;0;0;1;1;0;0;0;0;0
551230;2.94;1.01;112.00;4800.00;17.25;81.00;42.75;11.77;22.48;14.02;0;0.14;2.58;72146.00;111.00;113.00;48.00;4504.80;1001.69;644.52;6.00;1;0;1;0;0;1;0;0;0;0;0;1;1;0;0;0;0;0
552634;4.11;1.10;111.00;4706.00;17.25;81.00;36.00;18.83;28.55;13.92;0;0.57;2.82;72146.00;110.00;112.00;48.00;4513.40;1001.81;703.12;6.00;1;0;1;0;0;1;0;0;0;0;0;1;1;0;0;0;0;0
554025;3.87;1.06;111.00;4671.00;17.25;81.00;36.00;18.04;28.42;14.02;2.05;0.61;2.58;72146.00;108.00;111.00;48.00;4519.20;1001.89;761.71;6.00;1;0;1;0;0;1;0;0;0;0;0;1;1;0;0;0;0;0
555529;4.15;1.02;108.00;4634.00;16.50;81.75;34.50;20.39;30.47;14.11;1.27;1.50;2.58;72146.00;108.00;109.00;48.00;4529.40;1001.85;371.09;6.00;1;0;1;0;0;1;0;0;0;0;0;1;1;0;0;0;0;0
556911;3.63;1.00;108.00;4589.00;16.50;81.75;36.75;17.65;28.98;14.02;0;0.18;2.58;72146.00;108.00;109.00;48.00;4505.40;1001.81;800.77;6.00;1;0;1;0;0;1;0;0;0;0;0;1;1;0;0;0;0;0
558402;3.22;0.97;107.00;4554.00;16.50;81.75;39.00;14.12;25.67;14.02;0;2.05;2.58;72146.00;106.00;108.00;48.00;4511.40;1001.81;781.24;6.00;1;0;1;0;0;1;0;0;0;0;0;1;1;0;0;0;0;0
559761;3.50;0.99;106.00;4512.00;16.50;81.75;36.75;15.30;26.92;14.11;0.20;0;2.58;72146.00;105.00;106.00;48.00;4520.00;1001.81;605.46;6.00;1;0;1;0;0;1;0;0;0;0;0;1;1;0;0;0;0;0
561310;2.75;0.98;106.00;4471.00;16.50;81.75;42.00;9.81;21.77;13.92;0;0;2.82;72146.00;104.00;106.00;48.00;4467.20;1001.69;664.05;6.00;1;0;1;0;0;1;0;0;0;0;0;1;1;0;0;0;0;0
562755;2.78;0.96;105.00;4423.00;16.50;81.75;41.25;10.59;22.45;14.02;0.14;1.25;2.58;72147.00;103.00;105.00;48.00;4507.20;1001.46;605.46;6.00;1;0;1;0;0;1;0;0;0;0;0;1;1;0;0;0;0;0
564259;1.51;1.00;102.00;4318.00;16.50;81.75;46.50;5.10;12.25;14.02;1.60;0;2.58;72147.00;102.00;102.00;48.00;4429.60;1001.38;898.43;6.00;1;0;1;0;0;1;0;0;0;0;0;1;1;0;0;0;0;0
565760;0.55;1.00;95.00;4026.00;16.50;81.75;-30.00;0;0;14.02;0;0;2.58;72147.00;95.00;95.00;48.00;4527.00;1001.38;0;6.00;1;0;1;0;0;1;0;0;0;0;0;1;1;0;0;0;0;0
567220;0.59;1.00;87.00;3708.00;16.50;81.75;-30.00;0;0;14.11;0;0.78;2.58;72147.00;87.00;87.00;48.00;4275.60;1001.42;859.36;6.00;1;0;1;0;0;1;0;0;0;0;0;1;1;0;0;0;0;0
568679;0.59;1.00;81.00;3439.00;16.50;81.75;-30.00;0;0;14.02;0;1.33;2.58;72147.00;82.00;81.00;48.00;4409.40;1001.42;0;6.00;1;0;1;0;0;1;0;0;0;0;0;1;1;0;0;0;0;0
570100;3.91;1.00;72.00;3257.00;16.50;81.75;1.50;9.81;16.24;14.11;2.09;0.51;2.58;72147.00;72.00;72.00;48.00;4436.60;1001.42;58.59;6.00;1;0;1;0;0;1;0;0;0;0;0;1;1;0;0;1;0;0
571592;1.60;1.00;53.00;2800.00;17.25;81.75;31.50;0.78;0;14.11;1.80;1.11;2.58;72147.00;54.00;54.00;48.00;4232.20;1001.54;97.66;4.00;1;0;1;0;0;1;0;0;1;0;0;1;1;0;0;0;0;0
575145;0.96;1.00;25.00;1991.00;17.25;81.75;13.50;0;12.26;14.21;14.73;15.33;2.58;72147.00;26.00;26.00;40.00;4525.20;1002.40;39.06;2.00;1;0;1;0;0;1;0;0;1;0;0;1;1;0;0;0;0;0
577030;1.37;0.99;17.00;1255.00;17.25;81.75;16.50;0;12.54;14.39;105.85;71.54;2.31;72147.00;17.00;17.00;40.00;4498.60;1002.55;312.50;2.00;1;0;1;0;0;1;0;0;1;0;0;1;1;0;0;0;0;0
579956;1.34;0.97;3.00;1291.00;17.25;81.75;13.50;0;12.09;14.30;35.82;26.64;2.58;72147.00;3.00;3.00;40.00;4502.60;1002.63;58.59;1;1;0;1;0;0;1;0;0;1;0;0;1;1;0;0;0;0;0
581710;1.38;1.02;0;1267.00;17.25;81.75;15.00;0;12.30;14.39;16.99;14.80;2.31;72147.00;0;0;40.00;4507.40;1002.63;742.18;1;1;0;1;1;0;1;0;0;1;0;0;1;1;0;0;1;0;0
583182;1.46;1.00;0;1218.00;17.25;82.50;18.00;0;12.86;14.49;9.39;22.21;2.31;72147.00;0;0;39.00;4511.40;1002.63;742.18;1;1;0;1;0;0;1;0;0;1;0;0;1;1;0;0;0;0;0
584837;1.26;0.97;0;1342.00;17.25;82.50;11.25;0;11.54;14.39;8.18;40.23;2.31;72147.00;0;0;41.00;4521.20;1002.63;214.84;1;1;0;1;0;0;1;0;0;1;0;0;1;1;0;0;0;0;0
586327;1.32;0.96;0;1236.00;17.25;82.50;17.25;0;12.84;14.30;5.41;20.25;2.58;72147.00;0;0;41.00;4509.00;1002.63;39.06;1;1;0;1;0;0;1;0;0;1;0;0;1;1;0;0;0;0;0
587767;1.42;1.00;0;1301.00;17.25;82.50;12.75;0;12.15;14.49;13.85;24.53;2.31;72147.00;0;0;42.00;4505.40;1002.67;781.24;1;1;0;1;0;0;1;0;0;1;0;0;1;1;0;0;0;0;0
589319;1.43;0.99;0;1197.00;17.25;83.25;19.50;0;13.23;14.39;53.32;167.67;2.31;72147.00;0;0;42.00;4512.80;1002.67;605.46;1;1;0;1;0;0;1;0;0;1;0;0;1;1;0;0;0;0;0
590849;1.34;0.97;0;1246.00;17.25;83.25;16.50;0;12.80;14.30;92.55;144.42;2.58;72147.00;0;0;43.00;4522.20;1002.67;58.59;1;1;0;1;0;0;1;0;0;1;0;0;1;1;0;0;0;0;0
592298;1.42;1.02;0;1233.00;17.25;83.25;16.50;0;12.84;14.30;118.86;120.66;2.58;72147.00;0;0;41.00;4503.20;1002.67;839.83;1;1;0;1;1;0;1;0;0;1;0;0;0;1;0;0;1;0;0
593899;1.42;0.97;0;1255.00;17.25;84.00;15.00;0;12.44;14.49;56.99;52.71;2.31;72147.00;0;0;40.00;4521.00;1002.67;644.52;1;1;0;1;0;0;1;0;0;1;0;0;1;1;0;0;0;0;0
595488;1.31;0.97;0;1248.00;17.25;84.00;15.75;0;12.53;14.30;23.14;24.12;2.58;72147.00;0;0;41.00;4516.00;1002.67;703.12;1;1;0;1;0;0;1;0;0;1;0;0;1;1;0;0;0;0;0
596948;1.34;0.97;0;1268.00;17.25;84.00;14.25;0;12.31;14.21;11.70;10.25;2.58;72147.00;0;0;40.00;4506.80;1002.67;761.71;1;1;0;1;0;0;1;0;0;1;0;0;1;1;0;0;0;0;0
598485;1.35;0.95;0;1222.00;17.25;84.00;18.00;0;13.00;14.49;7.27;4.32;2.31;72147.00;0;0;41.00;4503.00;1002.67;39.06;1;1;0;1;0;0;1;0;0;1;0;0;1;1;0;0;0;0;0
599819;1.38;0.98;0;1257.00;17.25;84.00;15.00;0;12.53;14.30;16.15;108.22;2.58;72147.00;0;0;41.00;4503.40;1002.67;742.18;1;1;0;1;0;0;1;0;0;1;0;0;1;1;0;0;0;0;0
601326;1.28;0.96;0;1339.00;17.25;84.00;10.50;0;11.59;14.30;95.60;153.15;2.58;72147.00;0;0;42.00;4516.40;1002.67;58.59;1;1;0;1;0;0;1;0;0;1;0;0;1;1;0;0;0;0;0
602758;1.34;0.98;0;1263.00;17.25;84.75;14.25;0;12.39;14.30;51.46;106.05;2.58;72147.00;0;0;42.00;4522.60;1002.67;78.12;1;1;0;1;0;0;1;0;0;1;0;0;1;1;0;0;0;0;0
604241;1.40;1.00;0;1244.00;17.25;84.75;15.75;0;12.66;14.30;87.53;82.12;2.58;72147.00;0;0;42.00;4511.40;1002.67;117.19;1;1;0;1;0;0;1;0;0;1;0;0;1;1;0;0;1;0;0
605807;1.40;0.99;0;1248.00;17.25;84.00;14.25;0;12.45;14.30;80.89;78.37;2.58;72147.00;0;0;41.00;4505.00;1002.67;839.83;1;1;0;1;0;0;1;0;0;1;0;0;1;1;0;0;0;0;0
607271;6.62;1.00;0;2306.00;17.25;84.00;10.50;27.06;42.95;14.11;184.19;166.12;2.58;72147.00;0;0;46.00;4454.60;1002.75;742.18;1;1;0;1;0;0;1;0;0;1;0;0;1;1;0;0;0;0;0
608840;7.73;1.00;51.00;5627.00;17.25;84.00;17.25;92.17;51.88;14.02;317.60;251.55;2.58;72147.00;49.00;51.00;46.00;4378.80;1003.06;917.96;1;1;0;1;0;0;1;0;0;0;0;0;1;1;0;0;0;0;0
610493;8.82;1.00;81.00;6382.00;17.25;83.25;18.00;100.01;54.69;14.02;281.97;220.51;2.58;72147.00;79.00;82.00;47.00;4455.20;1003.06;898.43;2.00;1;0;1;0;0;1;0;0;0;0;0;1;1;0;0;0;0;0
611892;2.20;1.00;102.00;7325.00;17.25;81.75;53.25;21.96;17.13;14.02;352.05;351.75;2.58;72147.00;102.00;103.00;48.00;4488.60;1002.86;761.71;2.00;1;0;1;1;0;1;0;0;0;0;0;0;1;0;0;0;0;0
613367;5.74;1.00;112.00;5981.00;17.25;80.25;32.25;34.51;36.14;14.02;7.27;5.35;2.58;72147.00;112.00;113.00;49.00;4642.60;1002.79;58.59;5.00;1;0;1;0;0;1;0;0;0;0;0;0;1;0;0;0;0;0
614871;4.09;1.02;115.00;4874.00;17.25;80.25;34.50;22.36;30.65;14.02;0.18;1.33;2.58;72147.00;113.00;115.00;49.00;4548.40;1002.44;781.24;6.00;1;0;1;0;0;1;0;0;0;0;0;0;1;0;0;0;0;0
616396;3.57;1.01;115.00;4849.00;17.25;80.25;38.25;17.65;26.79;14.02;0.31;0;2.58;72147.00;113.00;115.00;49.00;4510.20;1002.04;781.24;6.00;1;0;1;0;0;1;0;0;0;0;0;1;1;0;0;0;0;0
617881;3.65;1.03;112.00;4797.00;17.25;80.25;37.50;17.65;26.94;14.11;0;0.33;2.58;72147.00;112.00;113.00;49.00;4526.80;1002.32;761.71;6.00;1;0;1;0;0;1;0;0;0;0;0;1;1;0;0;0;0;0
619380;3.51;1.04;112.00;4745.00;17.25;80.25;39.00;16.08;25.83;13.92;0;2.23;2.82;72147.00;111.00;112.00;49.00;4519.60;1001.93;546.87;6.00;1;0;1;0;0;1;0;0;0;0;0;1;1;0;0;0;0;0
620827;3.62;1.01;111.00;4702.00;17.25;80.25;37.50;17.26;27.16;14.02;0.10;0;2.58;72147.00;110.00;111.00;49.00;4515.60;1001.89;800.77;6.00;1;0;1;0;0;1;0;0;0;0;0;1;1;0;0;0;0;0
622280;3.46;1.02;110.00;4673.00;17.25;80.25;36.75;17.65;27.92;14.02;1.56;0.45;2.58;72147.00;108.00;111.00;49.00;4522.20;1001.77;761.71;6.00;1;0;1;0;0;1;0;0;0;0;0;1;1;0;0;0;0;0
623779;3.51;1.03;110.00;4667.00;17.25;81.00;38.25;15.69;26.27;14.11;0.35;1.37;2.58;72147.00;109.00;111.00;48.00;4498.20;1001.93;820.30;6.00;1;0;1;0;0;1;0;0;0;0;0;1;1;0;0;0;0;0
625231;3.99;1.07;110.00;4647.00;17.25;81.00;36.75;18.04;28.15;13.92;0.70;1.80;2.82;72147.00;108.00;110.00;48.00;4510.80;1001.77;839.83;6.00;1;0;1;0;0;1;0;0;0;0;0;1;1;0;0;0;0;0
626735;3.39;1.03;110.00;4646.00;17.25;81.00;39.75;14.51;25.31;13.92;0;0;2.82;72147.00;108.00;110.00;48.00;4514.20;1001.77;742.18;6.00;1;0;1;0;0;1;0;0;0;0;0;1;1;0;0;0;0;0
628168;3.54;1.03;108.00;4590.00;17.25;81.00;38.25;15.30;26.24;14.02;0.04;0;2.58;72147.00;108.00;109.00;48.00;4516.40;1001.85;761.71;6.00;1;0;1;0;0;1;0;0;0;0;0;1;1;0;0;0;0;0
629616;3.90;1.04;108.00;4632.00;16.50;81.00;36.00;18.43;28.61;13.92;2.58;1.29;2.82;72147.00;107.00;109.00;48.00;4520.80;1001.89;722.65;6.00;1;0;1;0;0;1;0;0;0;0;0;1;1;0;0;0;0;0
631050;3.30;1.00;108.00;4599.00;16.50;81.00;39.00;14.51;25.60;13.92;1.72;0.84;2.82;72147.00;108.00;109.00;48.00;4494.40;1001.93;195.31;6.00;1;0;1;0;0;1;0;0;0;0;0;1;1;0;0;0;0;0
632505;3.79;1.04;107.00;4556.00;16.50;81.00;36.75;16.86;27.86;14.02;0.21;1.43;2.58;72148.00;106.00;108.00;48.00;4538.80;1001.89;820.30;6.00;1;0;1;0;0;1;0;0;0;0;0;1;1;0;0;0;0;0
633837;4.04;1.02;107.00;4550.00;16.50;81.00;34.50;19.61;30.22;14.11;0;0.16;2.58;72148.00;106.00;107.00;48.00;4532.20;1001.93;312.50;6.00;1;0;1;0;0;1;0;0;0;0;0;1;1;0;0;0;0;0
635299;4.64;1.00;106.00;4501.00;16.50;81.00;33.00;20.79;31.68;14.11;0.78;0.66;2.58;72148.00;105.00;107.00;48.00;4532.40;1001.97;703.12;6.00;1;0;1;0;0;1;0;0;0;0;0;1;1;0;0;0;0;0
636795;4.38;1.00;106.00;4468.00;16.50;81.00;33.00;20.39;31.35;13.92;0.18;1.27;2.82;72148.00;105.00;106.00;48.00;4526.00;1002.01;175.78;6.00;1;0;1;0;0;1;0;0;0;0;0;1;1;0;0;0;0;0
638241;3.22;0.96;105.00;4431.00;16.50;81.00;38.25;14.12;25.90;14.02;0.14;1.80;2.58;72148.00;105.00;105.00;48.00;4506.80;1001.85;800.77;6.00;1;0;1;0;0;1;0;0;0;0;0;1;1;0;0;0;0;0
639708;4.62;1.04;106.00;4465.00;16.50;81.00;30.75;22.36;33.37;14.11;0;2.09;2.58;72148.00;104.00;106.00;48.00;4525.60;1001.93;781.24;6.00;1;0;1;0;0;1;0;0;0;0;0;1;1;0;0;0;0;0
641137;3.98;1.02;106.00;4483.00;16.50;81.00;34.50;18.43;29.57;14.02;0;0.12;2.58;72148.00;105.00;106.00;48.00;4489.40;1001.85;820.30;6.00;1;0;1;0;0;1;0;0;0;0;0;1;1;0;0;0;0;0
642679;3.20;0.96;105.00;4452.00;16.50;81.75;38.25;14.12;25.87;14.02;1.66;1.02;2.58;72148.00;103.00;105.00;48.00;4514.20;1001.85;605.46;6.00;1;0;1;0;0;1;0;0;0;0;0;1;1;0;0;0;0;0
644044;3.38;1.03;103.00;4370.00;16.50;81.75;39.00;12.94;25.28;14.11;1.97;0.14;2.58;72148.00;103.00;104.00;48.00;4488.00;1001.73;390.62;6.00;1;0;1;0;0;1;0;0;0;0;0;1;1;0;0;0;0;0
645543;3.66;1.01;103.00;4381.00;16.50;81.75;36.00;16.08;27.81;14.11;0.21;1.66;2.58;72148.00;101.00;103.00;48.00;4504.40;1001.65;722.65;6.00;1;0;1;0;0;1;0;0;0;0;0;1;1;0;0;0;0;0
646877;3.51;1.01;102.00;4354.00;16.50;81.75;37.50;14.51;26.67;14.11;2.27;0.90;2.58;72148.00;101.00;103.00;48.00;4503.80;1001.69;820.30;6.00;1;0;1;0;0;1;0;0;0;0;0;1;1;0;0;0;0;0
648311;3.11;0.95;101.00;4291.00;16.50;81.75;38.25;12.94;25.42;14.02;2.36;2.32;2.58;72148.00;100.00;101.00;48.00;4519.20;1001.58;624.99;6.00;1;0;1;0;0;1;0;0;0;0;0;1;1;0;0;0;0;0
649761;4.23;1.00;101.00;4260.00;16.50;81.75;33.00;18.83;31.26;14.11;0;0;2.58;72148.00;99.00;101.00;48.00;4529.60;1001.50;78.12;6.00;1;0;1;0;0;1;0;0;0;0;0;1;1;0;0;0;0;0
651222;3.07;0.92;101.00;4274.00;16.50;81.75;37.50;13.73;25.94;14.11;0.10;1.07;2.58;72148.00;100.00;101.00;48.00;4489.60;1001.46;839.83;6.00;1;0;1;0;0;1;0;0;0;0;0;1;1;0;0;0;0;0
652706;3.18;0.96;98.00;4192.00;16.50;81.75;38.25;12.55;25.33;14.02;4.10;5.19;2.58;72148.00;97.00;99.00;48.00;4519.80;1001.46;624.99;6.00;1;0;1;0;0;1;0;0;0;0;0;1;1;0;0;0;0;0
654075;2.55;0.91;97.00;4115.00;16.50;81.75;40.50;9.81;21.84;13.92;3.73;1.91;2.82;72148.00;96.00;97.00;48.00;4507.40;1001.46;527.34;6.00;1;0;1;0;0;1;0;0;0;0;0;1;1;0;0;0;0;0
655580;2.21;0.91;96.00;4069.00;16.50;81.75;43.50;7.84;19.05;14.02;0.70;0.47;2.58;72148.00;95.00;96.00;48.00;4491.80;1001.46;820.30;6.00;1;0;1;0;0;1;0;0;0;0;0;1;1;0;0;0;0;0
656999;2.91;1.00;96.00;4100.00;16.50;82.50;39.00;10.59;23.32;14.02;108.45;125.48;2.58;72148.00;95.00;96.00;47.00;4521.40;1001.46;839.83;6.00;1;0;1;0;0;1;0;0;0;0;0;1;1;0;0;0;0;0
658510;2.17;0.87;96.00;4056.00;16.50;82.50;42.75;7.84;19.74;14.11;321.97;245.43;2.58;72148.00;94.00;96.00;47.00;4480.20;1001.46;878.90;6.00;1;0;1;0;0;1;0;0;0;0;0;1;1;0;0;0;0;0
659958;3.09;0.98;97.00;4110.00;16.50;82.50;36.00;14.51;27.06;13.92;308.26;266.84;2.82;72148.00;97.00;98.00;47.00;4522.80;1001.34;820.30;6.00;1;0;1;0;0;1;0;0;0;0;0;1;1;0;0;0;0;0
661510;3.36;0.97;97.00;4112.00;16.50;82.50;36.00;14.51;27.05;14.11;262.31;202.39;2.58;72148.00;96.00;97.00;47.00;4538.40;1001.30;644.52;6.00;1;0;1;0;0;1;0;0;0;0;0;1;1;0;0;0;0;0
662960;3.29;0.91;97.00;4107.00;16.50;82.50;35.25;15.30;27.85;14.11;158.04;148.10;2.58;72148.00;96.00;97.00;47.00;4526.40;1001.15;722.65;6.00;1;0;1;0;0;1;0;0;0;0;0;0;1;0;0;0;0;0
664534;3.75;0.93;98.00;4174.00;16.50;82.50;33.00;17.65;30.55;14.02;294.65;330.94;2.58;72148.00;97.00;99.00;47.00;4521.80;1000.87;820.30;6.00;1;0;1;0;0;1;0;0;0;0;0;1;1;0;0;0;0;0
666007;3.26;0.89;97.00;4136.00;16.50;82.50;36.00;14.51;27.36;14.11;312.34;309.77;2.58;72148.00;97.00;98.00;47.00;4520.00;1000.44;878.90;6.00;1;0;1;0;0;1;0;0;0;0;0;1;1;0;0;0;0;0
667634;4.06;0.98;97.00;4144.00;16.50;82.50;32.25;18.04;31.34;14.11;215.14;231.94;2.58;72148.00;96.00;98.00;47.00;4547.60;1000.29;820.30;6.00;1;0;1;0;0;1;0;0;0;0;0;1;1;0;0;0;0;0
668996;3.28;0.94;97.00;4150.00;16.50;82.50;36.75;12.94;25.83;14.02;178.13;240.51;2.58;72149.00;97.00;98.00;47.00;4536.60;1000.25;839.83;6.00;1;0;1;0;0;1;0;0;0;0;0;1;1;0;0;0;0;0
670448;3.42;0.95;98.00;4202.00;16.50;82.50;33.75;16.47;29.93;14.11;346.81;329.80;2.58;72149.00;97.00;99.00;47.00;4492.80;1000.21;820.30;6.00;1;0;1;0;0;1;0;0;0;0;0;1;1;0;0;0;0;0
671893;2.86;0.96;97.00;4124.00;16.50;82.50;39.75;10.59;23.03;14.11;333.55;272.70;2.58;72149.00;96.00;97.00;47.00;4512.60;1000.21;820.30;6.00;1;0;1;0;0;1;0;0;0;0;0;1;1;0;0;0;0;0
673335;3.36;1.00;95.00;3994.00;16.50;82.50;37.50;12.55;25.01;14.02;302.46;156.28;2.58;72149.00;94.00;95.00;47.00;4526.40;1000.09;820.30;6.00;1;0;1;0;0;1;0;0;0;0;0;1;1;0;0;0;0;0
674785;1.12;1.00;91.00;3715.00;16.50;82.50;20.25;5.10;4.98;14.11;296.00;155.63;2.58;72149.00;91.00;92.00;47.00;4578.20;999.78;820.30;5.00;1;0;1;0;0;1;0;0;0;0;0;1;1;0;0;0;0;0
676171;2.37;0.93;88.00;4084.00;16.50;82.50;42.75;8.24;19.90;14.02;333.20;296.02;2.58;72149.00;89.00;89.00;47.00;4468.20;999.31;683.59;5.00;1;0;1;0;0;1;0;0;0;0;0;1;1;0;0;0;0;0
677602;3.75;1.00;87.00;4035.00;16.50;82.50;36.00;14.51;26.85;14.02;278.69;321.41;2.58;72149.00;86.00;88.00;47.00;4550.80;999.11;781.24;5.00;1;0;1;0;0;1;0;0;0;0;0;1;1;0;0;0;0;0
679043;4.67;1.00;88.00;4086.00;16.50;82.50;30.75;20.00;32.64;14.11;243.71;205.63;2.58;72149.00;85.00;89.00;47.00;4580.40;999.00;703.12;5.00;1;0;1;0;0;1;0;0;0;0;0;1;1;0;0;0;0;0
680489;6.11;1.00;88.00;4099.00;16.50;82.50;23.25;28.24;39.84;14.11;182.49;213.95;2.58;72149.00;86.00;89.00;47.00;4511.80;998.92;898.43;5.00;1;0;1;0;0;1;0;0;0;0;0;1;1;0;0;0;0;0
681923;5.24;1.00;93.00;4286.00;16.50;82.50;24.00;29.02;40.37;14.02;334.80;315.62;2.58;72149.00;91.00;93.00;47.00;4557.80;998.49;78.12;5.00;1;0;1;0;0;1;0;0;0;0;0;1;1;0;0;0;0;0
683420;0;1.00;96.00;4400.00;16.50;82.50;42.00;0;4.29;14.02;331.70;294.65;2.58;72149.00;94.00;97.00;47.00;4409.00;997.94;878.90;5.00;1;0;1;0;0;1;0;0;0;0;0;1;1;0;0;0;0;0
684886;2.76;0.90;93.00;3990.00;16.50;82.50;38.25;11.37;23.90;14.11;331.70;132.20;2.58;72149.00;92.00;94.00;47.00;4485.60;997.20;97.66;6.00;1;0;1;0;0;1;0;0;0;0;0;1;1;0;0;0;0;0
686382;2.33;1.00;90.00;3802.00;16.50;82.50;42.00;7.06;18.70;14.11;203.29;141.94;2.58;72149.00;88.00;90.00;47.00;4505.00;996.77;839.83;6.00;1;0;1;0;0;1;0;0;0;0;0;1;1;0;0;0;0;0
687933;3.30;0.97;86.00;3653.00;16.50;82.50;33.75;13.33;26.21;14.02;303.20;307.75;2.58;72149.00;84.00;86.00;47.00;4526.80;996.58;507.81;6.00;1;0;1;0;0;1;0;0;0;0;0;1;1;0;0;0;0;0
689407;2.80;0.99;85.00;3597.00;16.50;82.50;36.75;9.81;22.60;14.02;346.17;340.99;2.58;72149.00;84.00;85.00;47.00;4494.80;996.07;820.30;6.00;1;0;1;0;0;1;0;0;0;0;0;1;1;0;0;0;0;0
690850;3.84;0.99;83.00;3529.00;16.50;82.50;30.00;17.65;29.51;14.02;330.64;340.43;2.58;72149.00;82.00;84.00;47.00;4538.80;995.72;488.28;6.00;1;0;1;0;0;1;0;0;0;0;0;1;1;0;0;0;0;0
692365;2.66;1.00;85.00;3632.00;16.50;83.25;36.75;10.20;23.19;14.11;270.98;233.38;2.58;72149.00;84.00;86.00;47.00;4480.40;995.40;878.90;6.00;1;0;1;0;0;1;0;0;0;0;0;1;1;0;0;0;0;0
693946;1.32;0.95;80.00;3397.00;16.50;83.25;39.00;3.53;11.22;14.02;286.39;351.75;2.58;72149.00;80.00;80.00;47.00;4514.40;995.21;761.71;6.00;1;0;1;0;0;1;0;0;0;0;0;1;1;0;0;0;0;0
695399;3.74;0.99;77.00;3261.00;16.50;83.25;29.25;15.69;28.58;14.02;321.25;361.01;2.58;72149.00;76.00;77.00;47.00;4527.00;995.13;468.74;6.00;1;0;1;0;0;1;0;0;0;0;0;1;1;0;0;0;0;0
696828;4.10;1.00;80.00;3347.00;16.50;83.25;26.25;19.22;31.61;14.11;324.88;327.09;2.58;72149.00;78.00;80.00;47.00;4511.60;994.58;585.93;6.00;1;0;1;0;0;1;0;0;0;0;0;1;1;0;0;0;0;0
698301;5.33;1.00;81.00;3460.00;16.50;83.25;22.50;23.53;35.36;14.02;348.38;192.19;2.58;72149.00;80.00;82.00;47.00;4538.80;994.23;371.09;6.00;1;0;1;0;0;1;0;0;0;0;0;1;1;0;0;0;0;0
699747;4.70;1.00;83.00;3586.00;16.50;83.25;23.25;22.75;35.29;14.02;357.83;322.97;2.58;72149.00;83.00;84.00;47.00;4526.40;994.11;761.71;6.00;1;0;1;0;0;1;0;0;0;0;0;1;1;0;0;0;0;0
701062;4.96;1.00;86.00;3662.00;16.50;83.25;28.50;20.00;31.94;14.11;329.41;342.50;2.58;72149.00;84.00;86.00;47.00;4540.40;993.92;839.83;6.00;1;0;1;0;0;1;0;0;0;0;0;1;1;0;0;0;0;0
702561;3.14;0.98;86.00;3676.00;16.50;83.25;34.50;12.55;25.37;14.02;327.71;319.63;2.58;72149.00;85.00;86.00;47.00;4502.20;993.65;859.36;6.00;1;0;1;0;0;1;0;0;0;0;0;1;1;0;0;0;0;0
704005;2.55;0.88;85.00;3582.00;16.50;83.25;36.75;10.20;22.80;14.02;284.53;279.69;2.58;72149.00;84.00;85.00;47.00;4516.60;993.10;468.74;6.00;1;0;1;0;0;1;0;0;0;0;0;1;1;0;0;0;0;0
705454;3.65;1.00;85.00;3611.00;16.50;83.25;33.00;14.90;26.20;14.11;325.08;325.23;2.58;72149.00;84.00;85.00;47.00;4532.40;992.90;839.83;6.00;1;0;1;0;0;1;0;0;0;0;0;1;1;0;0;0;0;0
706897;5.44;0.97;91.00;3897.00;16.50;83.25;20.25;28.24;40.90;14.11;322.73;340.41;2.58;72149.00;90.00;92.00;47.00;4557.40;992.83;859.36;6.00;1;0;1;0;0;1;0;0;0;0;0;1;1;0;0;0;0;0
708351;3.07;0.90;93.00;4007.00;16.50;83.25;35.25;14.51;26.79;14.02;298.59;158.04;2.58;72150.00;92.00;94.00;47.00;4489.00;992.79;878.90;6.00;1;0;1;0;0;1;0;0;0;0;0;1;1;0;0;0;0;0
709861;0.50;1.00;90.00;3828.00;16.50;83.25;-30.00;0;0;14.11;247.45;221.55;2.58;72150.00;90.00;90.00;47.00;4585.60;992.79;0;6.00;1;0;1;0;0;1;0;0;0;0;0;1;1;0;0;0;0;0
711435;0.62;1.00;75.00;3179.00;16.50;82.50;-30.00;0;0;14.02;319.47;337.05;2.58;72150.00;75.00;75.00;47.00;4648.80;992.75;0;6.00;1;0;1;0;0;1;0;0;0;0;0;1;1;0;0;0;0;0
712873;4.18;1.00;58.00;2449.00;16.50;82.50;-6.75;7.45;12.35;14.02;320.57;331.17;2.58;72150.00;58.00;59.00;47.00;4496.80;992.71;898.43;6.00;1;0;1;0;0;1;0;0;1;0;0;1;1;0;0;0;0;0
714464;2.86;1.00;45.00;2399.00;16.50;82.50;3.00;4.31;10.54;14.11;208.83;207.72;2.58;72150.00;46.00;46.00;47.00;4376.00;992.59;898.43;4.00;1;0;1;0;0;1;0;0;1;0;0;1;1;0;0;0;0;0
715966;2.60;0.95;47.00;2958.00;16.50;82.50;33.00;7.06;21.76;14.11;268.15;213.87;2.58;72150.00;47.00;48.00;47.00;4479.60;992.63;429.68;3.00;1;0;1;0;0;1;0;0;1;0;0;1;1;0;0;0;0;0
717500;3.33;1.00;50.00;3060.00;16.50;82.50;34.50;8.24;23.19;14.02;346.07;331.89;2.58;72150.00;49.00;50.00;47.00;4443.20;992.71;839.83;3.00;1;0;1;0;0;1;0;0;1;0;0;1;1;0;0;0;0;0
718956;4.84;1.00;66.00;4067.00;17.25;82.50;26.25;24.32;39.11;14.11;338.51;339.82;2.58;72150.00;64.00;66.00;47.00;4607.80;992.75;898.43;3.00;1;0;1;0;0;1;0;0;1;0;0;1;1;0;0;0;0;0
720485;3.03;1.00;71.00;4366.00;16.50;82.50;43.50;9.81;22.05;14.02;217.37;276.90;2.58;72150.00;71.00;71.00;47.00;4589.80;992.75;898.43;3.00;1;0;1;0;0;1;0;0;1;0;0;1;1;0;0;0;0;0
721926;1.66;1.00;75.00;4153.00;16.50;81.75;39.00;5.10;12.13;14.11;22.69;24.47;2.58;72150.00;74.00;75.00;48.00;4222.80;992.90;898.43;4.00;1;0;1;0;0;1;0;0;0;0;0;1;1;0;0;0;0;0
723407;0.49;1.00;73.00;3853.00;16.50;81.75;-30.00;0;0;14.02;3.73;3.09;2.58;72150.00;74.00;74.00;48.00;4597.60;992.83;0;4.00;1;0;1;0;0;1;0;0;0;0;0;1;1;0;0;0;0;0
724878;0.58;1.00;70.00;3576.00;16.50;81.75;-30.00;0;0;14.11;0.76;1.93;2.58;72150.00;70.00;69.00;48.00;4586.60;992.79;0;4.00;1;0;1;0;0;1;0;0;0;0;0;1;1;0;0;0;0;0
726435;0.58;1.00;66.00;3402.00;16.50;81.00;-30.00;0;0;14.11;0.72;0;2.58;72150.00;66.00;65.00;48.00;4585.00;992.90;0;4.00;1;0;1;0;0;1;0;0;0;0;0;1;1;0;0;0;0;0
727879;0.61;1.00;62.00;3250.00;16.50;81.00;-30.00;0;0;14.11;0;0;2.58;72150.00;62.00;62.00;48.00;4588.80;993.33;0;4.00;1;0;1;0;0;1;0;0;1;0;0;1;1;0;0;0;0;0
729401;2.66;1.00;55.00;2943.00;16.50;81.00;1.50;5.49;10.49;14.02;1.60;0;2.58;72150.00;55.00;55.00;48.00;4236.00;993.61;800.77;4.00;1;0;1;0;0;1;0;0;1;0;0;1;1;0;0;0;0;0
730892;1.29;1.00;52.00;2721.00;17.25;81.00;28.50;1.18;8.05;14.11;2.38;0;2.58;72150.00;53.00;53.00;48.00;4198.60;993.84;878.90;4.00;1;0;1;0;0;1;0;0;1;0;0;1;1;0;0;0;0;0
732448;1.58;0.98;53.00;2800.00;17.25;81.00;31.50;2.75;12.71;14.02;4.59;0;2.58;72150.00;53.00;53.00;48.00;4494.40;993.96;859.36;4.00;1;0;1;0;0;1;0;0;1;0;0;1;1;0;0;0;0;0
733960;1.30;0.93;55.00;2887.00;17.25;81.00;32.25;2.35;11.30;14.02;1.21;0;2.58;72150.00;55.00;55.00;48.00;4518.80;994.00;839.83;4.00;1;0;1;0;0;1;0;0;1;0;0;1;1;0;0;0;0;0
735458;1.16;0.88;56.00;2924.00;17.25;81.00;33.00;1.96;10.63;14.02;1.05;1.43;2.58;72150.00;57.00;56.00;48.00;4507.00;994.00;664.05;4.00;1;0;1;0;0;1;0;0;1;0;0;1;1;0;0;0;0;0
736951;1.85;0.92;57.00;3037.00;17.25;81.00;34.50;4.31;15.95;14.02;1.72;0.08;2.58;72150.00;58.00;58.00;48.00;4485.20;994.15;136.72;4.00;1;0;1;0;0;1;0;0;1;0;0;1;1;0;0;0;0;0
738450;1.42;1.00;60.00;2823.00;17.25;81.00;31.50;2.35;10.89;14.02;0.59;0.35;2.58;72150.00;60.00;60.00;48.00;4375.20;994.58;878.90;5.00;1;0;1;0;0;1;0;0;0;0;0;1;1;0;0;0;0;0
739922;0.81;0.96;61.00;2685.00;17.25;81.75;27.75;0.78;6.80;14.02;1.97;0;2.58;72150.00;62.00;61.00;48.00;4516.80;994.82;859.36;5.00;1;0;1;0;0;1;0;0;0;0;0;1;1;0;0;0;0;0
741373;1.12;0.93;61.00;2812.00;17.25;81.75;31.50;2.35;9.94;14.02;0.16;3.57;2.58;72150.00;61.00;61.00;48.00;4504.60;995.01;78.12;5.00;1;0;1;0;0;1;0;0;0;0;0;1;1;0;0;0;0;0
742816;1.64;0.97;62.00;2867.00;17.25;81.75;31.50;3.92;13.83;14.02;1.07;0.55;2.58;72150.00;62.00;62.00;48.00;4503.60;995.13;820.30;5.00;1;0;1;0;0;1;0;0;0;0;0;1;1;0;0;0;0;0
744229;1.41;0.93;65.00;2936.00;17.25;81.75;33.00;3.53;12.29;14.11;0;0;2.58;72150.00;64.00;65.00;48.00;4509.00;995.17;58.59;5.00;1;0;1;0;0;1;0;0;0;0;0;1;1;0;0;0;0;0
745729;0.93;0.95;65.00;2984.00;17.25;81.75;33.75;1.57;8.00;14.02;2.21;3.28;2.58;72150.00;65.00;64.00;48.00;4503.80;995.21;761.71;5.00;1;0;1;0;0;1;0;0;0;0;0;1;1;0;0;0;0;0
747185;1.78;0.97;66.00;3066.00;17.25;82.50;34.50;4.71;14.88;14.02;111.11;111.87;2.58;72150.00;66.00;66.00;47.00;4513.60;995.56;859.36;5.00;1;0;1;0;0;1;0;0;0;0;0;1;1;0;0;0;0;0
748784;1.16;0.92;68.00;3118.00;17.25;82.50;35.25;2.75;10.37;14.02;224.50;227.95;2.58;72150.00;68.00;68.00;47.00;4519.40;995.91;859.36;5.00;1;0;1;0;0;1;0;0;0;0;0;1;1;0;0;0;0;0
750148;1.02;0.87;70.00;3222.00;17.25;82.50;36.75;2.75;9.53;14.02;201.73;162.41;2.58;72150.00;70.00;70.00;47.00;4506.80;996.26;820.30;5.00;1;0;1;0;0;1;0;0;0;0;0;1;1;0;0;0;0;0
751595;1.35;0.87;71.00;3278.00;17.25;82.50;38.25;3.92;12.57;14.02;325.86;271.08;2.58;72150.00;71.00;71.00;47.00;4494.20;996.38;78.12;5.00;1;0;1;0;0;1;0;0;0;0;0;1;1;0;0;0;0;0
753065;0.89;1.00;71.00;3020.00;17.25;82.50;34.50;0.39;8.82;14.11;348.69;347.56;2.58;72150.00;71.00;71.00;47.00;4301.60;996.58;859.36;6.00;1;0;1;0;0;1;0;0;0;0;0;1;1;0;0;0;0;0
754532;0.68;1.00;68.00;2903.00;17.25;82.50;-30.00;0;0;14.11;312.44;282.17;2.58;72150.00;68.00;68.00;47.00;4458.40;996.93;0;6.00;1;0;1;0;0;1;0;0;0;0;0;1;1;0;0;0;0;0
756005;1.43;1.00;67.00;2886.00;17.25;82.50;32.25;2.75;11.33;14.11;236.72;224.40;2.58;72150.00;67.00;68.00;47.00;4376.80;997.24;859.36;6.00;1;0;1;0;0;1;0;0;0;0;0;1;1;0;0;0;0;0
757503;0.68;1.00;68.00;2899.00;17.25;82.50;-30.00;0;0;14.02;340.64;330.51;2.58;72150.00;68.00;68.00;47.00;4549.00;997.55;0;6.00;1;0;1;0;0;1;0;0;0;0;0;1;1;0;0;0;0;0
759030;0.70;1.00;66.00;2810.00;17.25;82.50;-30.00;0;0;14.11;329.67;337.83;2.58;72150.00;67.00;66.00;47.00;4537.00;997.94;0;6.00;1;0;1;0;0;1;0;0;0;0;0;1;1;0;0;0;0;0
760438;0.71;1.00;65.00;2743.00;17.25;82.50;-30.00;0;0;14.21;324.43;341.81;2.58;72150.00;64.00;65.00;47.00;4481.00;998.41;0;6.00;1;0;1;0;0;1;0;0;0;0;0;1;1;0;0;0;0;0
761868;0.74;1.00;63.00;2664.00;17.25;82.50;-30.00;0;0;14.11;318.71;340.12;2.58;72150.00;63.00;63.00;47.00;4409.60;998.72;0;6.00;1;0;1;0;0;1;0;0;0;0;0;1;1;0;0;0;0;0
763267;0.80;1.00;58.00;2519.00;17.25;82.50;18.00;0;12.17;14.02;353.51;349.96;2.58;72151.00;59.00;59.00;50.00;4301.60;998.84;39.06;6.00;1;0;1;0;0;1;0;0;0;0;0;1;1;0;0;0;0;0
764767;0.82;1.00;57.00;2444.00;17.25;82.50;15.00;0;12.24;14.11;117.12;94.47;2.58;72151.00;58.00;57.00;53.00;4514.60;998.96;800.77;6.00;1;0;1;0;0;1;0;0;1;0;0;1;1;0;0;0;0;0
766159;0.85;1.00;55.00;2305.00;17.25;82.50;15.00;0;12.25;14.02;34.20;37.03;2.58;72151.00;55.00;55.00;41.00;4523.40;999.11;19.53;6.00;1;0;1;0;0;1;0;0;1;0;0;1;1;0;0;0;0;0
767604;1.45;1.00;55.00;2366.00;17.25;82.50;21.75;1.96;11.07;14.11;38.55;116.98;2.58;72151.00;54.00;55.00;47.00;4508.80;999.62;859.36;6.00;1;0;1;0;0;1;0;0;1;0;0;1;1;0;0;0;0;0
769117;1.35;0.96;56.00;2422.00;17.25;82.50;24.75;1.96;11.16;14.11;242.74;267.44;2.58;72151.00;56.00;56.00;47.00;4500.20;999.97;820.30;6.00;1;0;1;0;0;1;0;0;1;0;0;1;1;0;0;0;0;0
770583;2.01;0.97;58.00;2492.00;17.25;82.50;24.75;3.53;15.78;14.11;307.40;321.87;2.58;72151.00;59.00;59.00;47.00;4579.60;1000.09;917.96;6.00;1;0;1;0;0;1;0;0;1;0;0;1;1;0;0;0;0;0
772001;1.67;0.96;62.00;2876.00;17.25;82.50;32.25;4.31;14.19;14.11;293.58;332.03;2.58;72151.00;62.00;62.00;47.00;4509.40;1000.13;703.12;5.00;1;0;1;0;0;1;0;0;0;0;0;1;1;0;0;0;0;0
773527;1.68;0.92;67.00;3109.00;17.25;82.50;35.25;4.71;14.80;14.11;238.09;265.63;2.58;72151.00;67.00;67.00;47.00;4479.00;1000.17;898.43;5.00;1;0;1;0;0;1;0;0;0;0;0;1;1;0;0;0;0;0
774975;2.55;0.99;72.00;3059.00;17.25;82.50;30.00;6.67;19.42;14.11;332.09;348.67;2.58;72151.00;71.00;72.00;47.00;4308.80;1000.33;820.30;6.00;1;0;1;0;0;1;0;0;0;0;0;1;1;0;0;0;0;0
776426;1.65;0.91;75.00;3168.00;17.25;82.50;36.75;4.71;14.79;14.11;322.07;347.22;2.58;72151.00;75.00;75.00;47.00;4514.00;1000.60;507.81;6.00;1;0;1;0;0;1;0;0;0;0;0;1;1;0;0;0;0;0
777876;1.70;0.91;76.00;3226.00;17.25;82.50;37.50;5.10;15.25;14.02;321.42;343.08;2.58;72151.00;75.00;76.00;47.00;4510.60;1000.95;253.90;6.00;1;0;1;0;0;1;0;0;0;0;0;1;1;0;0;0;0;0
779265;1.32;0.88;77.00;3236.00;17.25;82.50;37.50;3.53;12.14;14.11;287.23;250.24;2.58;72151.00;76.00;77.00;47.00;4508.60;1001.26;58.59;6.00;1;0;1;0;0;1;0;0;0;0;0;1;1;0;0;0;0;0
780713;1.38;0.92;76.00;3229.00;17.25;82.50;37.50;3.53;12.17;14.11;332.46;327.87;2.58;72151.00;76.00;77.00;47.00;4512.40;1001.34;820.30;6.00;1;0;1;0;0;1;0;0;0;0;0;1;1;0;0;0;0;0
782058;1.24;0.90;76.00;3250.00;17.25;82.50;37.50;3.14;11.10;14.02;333.05;353.22;2.58;72151.00;77.00;77.00;47.00;4532.00;1001.38;624.99;6.00;1;0;1;0;0;1;0;0;0;0;0;1;1;0;0;0;0;0
783554;1.19;0.90;76.00;3210.00;17.25;82.50;36.75;3.14;10.71;14.02;288.24;317.89;2.58;72151.00;76.00;76.00;47.00;4518.00;1001.42;664.05;6.00;1;0;1;0;0;1;0;0;0;0;0;1;1;0;0;0;0;0
784994;1.36;0.90;75.00;3201.00;17.25;82.50;36.75;3.53;12.22;14.02;272.62;279.61;2.58;72151.00;75.00;75.00;47.00;4509.40;1001.46;117.19;6.00;1;0;1;0;0;1;0;0;0;0;0;1;1;0;0;0;0;0
786539;1.26;0.92;75.00;3182.00;17.25;82.50;36.75;3.14;11.23;14.11;322.19;321.13;2.58;72151.00;75.00;75.00;47.00;4510.40;1001.77;781.24;6.00;1;0;1;0;0;1;0;0;0;0;0;1;1;0;0;0;0;0
788045;1.22;0.91;73.00;3102.00;17.25;82.50;35.25;2.75;10.97;13.92;334.82;348.53;2.82;72151.00;73.00;74.00;47.00;4505.40;1002.04;175.78;6.00;1;0;1;0;0;1;0;0;0;0;0;1;1;0;0;0;0;0
789520;1.05;0.91;71.00;2934.00;17.25;82.50;33.75;1.96;9.45;13.92;262.62;269.57;2.82;72151.00;71.00;72.00;47.00;4534.40;1002.36;761.71;6.00;1;0;1;0;0;1;0;0;0;0;0;1;1;0;0;0;0;0
790961;1.44;0.92;68.00;2918.00;17.25;82.50;33.00;3.53;12.82;14.02;206.12;215.28;2.58;72151.00;69.00;69.00;47.00;4516.60;1002.47;58.59;6.00;1;0;1;0;0;1;0;0;0;0;0;1;1;0;0;0;0;0
792439;0.86;0.92;66.00;2827.00;17.25;82.50;31.50;1.18;7.36;14.11;297.52;295.76;2.58;72151.00;67.00;67.00;47.00;4517.60;1002.51;722.65;6.00;1;0;1;0;0;1;0;0;0;0;0;1;1;0;0;0;0;0
794061;1.27;0.92;63.00;2701.00;17.25;82.50;29.25;2.75;11.31;14.11;329.04;343.16;2.58;72151.00;64.00;64.00;47.00;4499.40;1002.59;39.06;6.00;1;0;1;0;0;1;0;0;0;0;0;1;1;0;0;0;0;0
795599;1.39;0.98;63.00;2693.00;17.25;82.50;29.25;2.75;11.67;14.11;283.05;308.09;2.58;72151.00;63.00;63.00;47.00;4513.40;1002.63;878.90;6.00;1;0;1;0;0;1;0;0;0;0;0;1;1;0;0;0;0;0
797109;0.79;1.00;60.00;2528.00;17.25;82.50;19.50;0;12.19;14.02;199.97;275.02;2.58;72151.00;60.00;60.00;47.00;4503.00;1002.63;761.71;6.00;1;0;1;0;0;1;0;0;0;0;0;1;1;0;0;0;0;0
798556;1.08;0.97;57.00;2411.00;17.25;82.50;24.75;1.57;9.09;14.11;327.60;290.43;2.58;72151.00;57.00;57.00;47.00;4510.40;1002.63;351.56;6.00;1;0;1;0;0;1;0;0;1;0;0;1;1;0;0;0;0;0
800052;2.05;0.99;57.00;2422.00;17.25;82.50;24.00;3.92;15.97;13.92;234.09;270.39;2.82;72151.00;57.00;57.00;47.00;4526.60;1002.63;839.83;6.00;1;0;1;0;0;1;0;0;1;0;0;1;1;0;0;0;0;0
801585;1.63;0.95;57.00;2442.00;17.25;82.50;24.75;2.75;13.39;14.02;216.16;231.86;2.58;72151.00;57.00;57.00;47.00;4513.20;1002.63;820.30;6.00;1;0;1;0;0;1;0;0;1;0;0;1;1;0;0;0;0;0
803035;1.26;0.91;56.00;2401.00;17.25;82.50;24.00;1.57;10.78;14.11;213.11;200.79;2.58;72151.00;57.00;57.00;47.00;4515.40;1002.63;78.12;6.00;1;0;1;0;0;1;0;0;1;0;0;1;1;0;0;0;0;0
804473;1.26;0.92;55.00;2338.00;17.25;83.25;23.25;1.57;10.65;14.11;317.26;316.15;2.58;72151.00;55.00;55.00;47.00;4526.80;1002.63;175.78;6.00;1;0;1;0;0;1;0;0;1;0;0;1;1;0;0;0;0;0
805987;0.86;1.00;53.00;2264.00;17.25;83.25;15.00;0;12.16;14.02;307.56;247.58;2.58;72151.00;53.00;53.00;40.00;4525.60;1002.86;117.19;6.00;1;0;1;0;0;1;0;0;1;0;0;1;1;0;0;0;0;0
807449;1.59;1.00;51.00;2188.00;17.25;83.25;19.50;1.96;12.07;14.11;230.55;155.81;2.58;72151.00;51.00;51.00;47.00;4520.40;1003.02;820.30;6.00;1;0;1;0;0;1;0;0;1;0;0;1;1;0;0;0;0;0
808900;1.53;0.99;51.00;2183.00;17.25;83.25;20.25;1.96;11.96;14.11;218.58;115.27;2.58;72151.00;51.00;51.00;47.00;4512.80;1003.22;839.83;6.00;1;0;1;0;0;1;0;0;1;0;0;1;1;0;0;0;0;0
810252;1.54;0.97;51.00;2142.00;17.25;83.25;20.25;1.57;12.11;14.02;315.43;265.86;2.58;72151.00;51.00;51.00;47.00;4505.40;1003.49;781.24;6.00;1;0;1;0;0;1;0;0;1;0;0;1;1;0;0;0;0;0
811689;1.80;0.97;52.00;2222.00;17.25;83.25;21.75;2.75;14.29;14.21;321.78;333.42;2.58;72151.00;52.00;52.00;47.00;4502.60;1003.76;820.30;6.00;1;0;1;0;0;1;0;0;1;0;0;1;1;0;0;0;0;0
813162;1.68;0.94;55.00;2332.00;17.25;83.25;22.50;2.75;13.78;14.21;296.52;316.05;2.58;72151.00;55.00;55.00;47.00;4498.60;1003.84;761.71;6.00;1;0;1;0;0;1;0;0;1;0;0;1;1;0;0;0;0;0
814656;1.38;0.94;56.00;2401.00;17.25;83.25;24.00;1.96;11.47;14.11;238.64;201.47;2.58;72151.00;57.00;56.00;47.00;4527.80;1003.88;664.05;6.00;1;0;1;0;0;1;0;0;1;0;0;1;1;0;0;0;0;0
816156;1.41;0.93;56.00;2428.00;17.25;83.25;24.00;1.96;11.75;14.11;295.59;334.61;2.58;72151.00;56.00;56.00;47.00;4501.80;1003.80;175.78;6.00;1;0;1;0;0;1;0;0;1;0;0;1;1;0;0;0;0;0
817639;2.22;0.96;60.00;2524.00;17.25;83.25;26.25;4.71;17.97;14.11;308.79;322.64;2.58;72151.00;59.00;60.00;47.00;4509.20;1003.84;878.90;6.00;1;0;1;0;0;1;0;0;0;0;0;1;1;0;0;0;0;0
819162;2.30;0.94;62.00;2650.00;17.25;83.25;28.50;6.28;18.80;14.02;336.05;324.86;2.58;72152.00;63.00;62.00;47.00;4504.80;1003.88;878.90;6.00;1;0;1;0;0;1;0;0;0;0;0;1;1;0;0;0;0;0
820671;1.52;0.97;63.00;2730.00;17.25;83.25;29.25;3.14;12.68;14.11;258.85;279.79;2.58;72152.00;64.00;64.00;47.00;4527.20;1003.88;820.30;6.00;1;0;1;0;0;1;0;0;0;0;0;1;1;0;0;0;0;0
822117;1.07;1.00;62.00;2678.00;17.25;83.25;28.50;1.96;8.86;14.21;323.20;318.12;2.58;72152.00;63.00;63.00;47.00;4500.80;1003.88;820.30;6.00;1;0;1;0;0;1;0;0;0;0;0;1;1;0;0;0;0;0
823564;1.69;0.96;61.00;2690.00;17.25;83.25;28.50;3.53;13.14;14.11;345.52;346.15;2.58;72152.00;61.00;61.00;47.00;4498.00;1003.88;722.65;6.00;1;0;1;0;0;1;0;0;0;0;0;1;1;0;0;0;0;0
825031;1.50;0.93;61.00;2774.00;17.25;83.25;30.00;3.53;13.06;14.11;310.59;327.52;2.58;72152.00;61.00;61.00;47.00;4507.20;1003.88;78.12;6.00;1;0;1;0;0;1;0;0;0;0;0;1;1;0;0;0;0;0
826411;1.80;0.98;62.00;2697.00;17.25;82.50;28.50;3.92;14.77;14.21;273.05;340.66;2.58;72152.00;63.00;63.00;47.00;4530.00;1003.92;839.83;6.00;1;0;1;0;0;1;0;0;0;0;0;1;1;0;0;0;0;0
827893;1.08;0.93;63.00;2638.00;17.25;82.50;28.50;1.96;9.81;14.11;339.70;356.03;2.58;72152.00;64.00;64.00;47.00;4515.80;1004.08;664.05;6.00;1;0;1;0;0;1;0;0;0;0;0;1;1;0;0;0;0;0
829211;0.74;1.00;62.00;2655.00;17.25;82.50;19.50;0;12.25;14.02;353.43;342.48;2.58;72152.00;62.00;62.00;47.00;4490.20;1004.23;917.96;6.00;1;0;1;0;0;1;0;0;0;0;0;1;1;0;0;0;0;0
830741;1.78;0.96;61.00;2651.00;17.25;82.50;10.50;4.31;11.43;14.11;329.41;327.50;2.58;72152.00;61.00;61.00;47.00;4511.00;1004.66;683.59;6.00;1;0;1;0;0;1;0;0;0;0;0;1;1;0;0;0;0;0
832187;1.56;0.93;63.00;2686.00;17.25;82.50;29.25;3.53;13.65;14.02;245.45;267.78;2.58;72152.00;64.00;64.00;47.00;4522.40;1004.94;781.24;6.00;1;0;1;0;0;1;0;0;0;0;0;1;1;0;0;0;0;0
833696;1.44;0.97;63.00;2804.00;17.25;81.75;30.75;3.14;11.74;14.21;300.43;326.21;2.58;72152.00;64.00;64.00;48.00;4511.40;1005.05;839.83;6.00;1;0;1;0;0;1;0;0;0;0;0;1;1;0;0;0;0;0
835194;1.64;0.93;66.00;2834.00;17.25;81.75;30.75;3.92;14.25;14.11;50.56;53.26;2.58;72152.00;66.00;67.00;48.00;4519.60;1005.09;97.66;6.00;1;0;1;0;0;1;0;0;0;0;0;1;1;0;0;0;0;0
836695;1.35;0.94;67.00;2888.00;17.25;81.75;32.25;3.14;11.71;14.11;9.55;7.85;2.58;72152.00;68.00;68.00;48.00;4518.60;1005.25;644.52;6.00;1;0;1;0;0;1;0;0;0;0;0;1;1;0;0;0;0;0
838184;1.17;0.93;67.00;2873.00;17.25;81.75;32.25;2.35;10.23;14.21;4.88;1.29;2.58;72152.00;67.00;68.00;48.00;4510.00;1005.44;859.36;6.00;1;0;1;0;0;1;0;0;0;0;0;1;1;0;0;0;0;0
839678;0.86;0.89;66.00;2803.00;17.25;81.75;31.50;1.18;7.98;14.11;3.42;0.02;2.58;72152.00;66.00;66.00;48.00;4502.00;1005.56;97.66;6.00;1;0;1;0;0;1;0;0;0;0;0;1;1;0;0;0;0;0
841234;1.09;0.92;63.00;2701.00;17.25;81.75;29.25;1.96;9.72;14.21;2.40;0;2.58;72152.00;64.00;64.00;48.00;4520.00;1006.07;58.59;6.00;1;0;1;0;0;1;0;0;0;0;0;1;1;0;0;0;0;0
842739;0.94;1.00;63.00;2606.00;17.25;81.75;26.25;0.39;9.38;14.11;3.16;0;2.58;72152.00;64.00;64.00;48.00;4535.00;1006.22;898.43;5.00;1;0;1;0;0;1;0;0;0;0;0;1;1;0;0;0;0;0
844255;1.38;0.95;63.00;2884.00;17.25;81.75;32.25;3.14;11.74;14.11;3.44;0;2.58;72152.00;63.00;64.00;48.00;4510.80;1006.30;761.71;5.00;1;0;1;0;0;1;0;0;0;0;0;1;1;0;0;0;0;0
845866;1.28;0.94;63.00;2979.00;17.25;81.75;33.75;2.75;11.17;14.11;0.31;1.33;2.58;72152.00;64.00;64.00;48.00;4506.00;1006.34;429.68;5.00;1;0;1;0;0;1;0;0;0;0;0;1;1;0;0;0;0;0
847279;1.26;0.92;63.00;2959.00;17.25;81.75;33.00;2.75;11.25;14.21;0.47;0.59;2.58;72152.00;63.00;64.00;48.00;4517.60;1006.50;839.83;5.00;1;0;1;0;0;1;0;0;0;0;0;1;1;0;0;0;0;0
848773;0.87;1.00;62.00;2896.00;17.25;81.75;33.00;0.39;11.93;14.21;0;1.23;2.58;72152.00;62.00;63.00;48.00;4522.80;1006.69;898.43;5.00;1;0;1;0;0;1;0;0;0;0;0;1;1;0;0;0;0;0
850137;0.72;1.00;60.00;2787.00;17.25;81.75;20.25;0;12.40;14.11;0.78;0.62;2.58;72152.00;60.00;60.00;48.00;4501.20;1007.01;761.71;5.00;1;0;1;0;0;1;0;0;0;0;0;1;1;0;0;0;0;0
851581;0.96;0.99;58.00;2705.00;17.25;81.75;27.00;1.57;7.92;14.21;1.70;0.94;2.58;72152.00;59.00;59.00;48.00;4511.60;1007.20;761.71;5.00;1;0;1;0;0;1;0;0;0;0;0;1;1;0;0;0;0;0
853079;0.76;1.00;57.00;2631.00;17.25;81.75;18.00;0;12.20;14.21;2.38;0;2.58;72152.00;57.00;57.00;48.00;4491.60;1007.44;722.65;5.00;1;0;1;0;0;1;0;0;0;0;0;1;1;0;0;0;0;0
854653;0.90;1.00;56.00;2602.00;17.25;81.75;27.75;0.39;12.28;14.21;0.23;0;2.58;72152.00;56.00;56.00;48.00;4505.40;1007.55;878.90;5.00;1;0;1;0;0;1;0;0;1;0;0;1;1;0;0;0;0;0
856114;1.03;0.99;56.00;2563.00;17.25;81.75;27.75;0.39;13.10;14.21;1.46;3.24;2.58;72152.00;56.00;56.00;48.00;4511.60;1007.83;859.36;5.00;1;0;1;0;0;1;0;0;1;0;0;1;1;0;0;0;0;0
857656;1.02;0.99;56.00;2622.00;17.25;81.75;27.00;0.78;8.12;14.21;0.66;2.25;2.58;72152.00;55.00;56.00;48.00;4507.40;1008.18;898.43;5.00;1;0;1;0;0;1;0;0;1;0;0;1;1;0;0;0;0;0
859194;1.18;0.95;57.00;2688.00;17.25;81.75;29.25;1.57;10.02;14.11;0;0.82;2.58;72152.00;57.00;57.00;48.00;4497.60;1008.41;859.36;5.00;1;0;1;0;0;1;0;0;1;0;0;1;1;0;0;0;0;0
860689;1.14;0.90;58.00;2751.00;17.25;81.75;28.50;1.96;10.11;14.21;0.45;0;2.58;72152.00;58.00;59.00;48.00;4536.20;1008.69;781.24;5.00;1;0;1;0;0;1;0;0;1;0;0;1;1;0;0;0;0;0
862143;1.78;0.92;60.00;2772.00;17.25;81.75;30.75;4.31;15.55;14.11;1.00;1.86;2.58;72152.00;60.00;61.00;48.00;4520.20;1008.80;58.59;5.00;1;0;1;0;0;1;0;0;0;0;0;1;1;0;0;0;0;0
863618;1.66;0.94;62.00;2927.00;17.25;81.75;33.00;3.92;14.27;14.11;0;2.81;2.58;72152.00;63.00;63.00;48.00;4516.80;1008.84;253.90;5.00;1;0;1;0;0;1;0;0;0;0;0;1;1;0;0;0;0;0
865086;2.17;0.97;66.00;3038.00;17.25;81.75;34.50;5.88;18.67;14.02;0;1.43;2.58;72152.00;65.00;66.00;48.00;4508.60;1008.84;820.30;5.00;1;0;1;0;0;1;0;0;0;0;0;1;1;0;0;0;0;0
866532;1.91;0.93;67.00;3123.00;17.25;81.75;35.25;5.49;16.62;14.02;0;0;2.58;72152.00;67.00;68.00;48.00;4496.80;1008.88;839.83;5.00;1;0;1;0;0;1;0;0;0;0;0;1;1;0;0;0;0;0
868029;3.38;1.00;70.00;3234.00;18.00;81.75;31.50;11.37;25.44;14.02;0.31;0;2.58;72152.00;69.00;70.00;48.00;4504.20;1009.00;859.36;5.00;1;0;1;0;0;1;0;0;0;0;0;1;1;0;0;0;0;0
869417;3.48;0.99;76.00;3232.00;18.00;81.75;30.00;13.33;27.15;14.11;0.61;1.86;2.58;72152.00;74.00;76.00;48.00;4508.00;1009.04;312.50;6.00;1;0;1;0;0;1;0;0;0;0;0;1;1;0;0;0;0;0
870904;3.23;0.97;81.00;3423.00;18.00;81.75;32.25;12.55;26.16;14.11;1.76;0.10;2.58;72152.00;80.00;81.00;48.00;4527.40;1009.35;546.87;6.00;1;0;1;0;0;1;0;0;0;0;0;1;1;0;0;0;0;0
872377;2.04;1.00;83.00;3525.00;18.00;81.75;40.50;5.88;17.01;14.02;0;0;2.58;72152.00;84.00;84.00;48.00;4519.20;1009.43;878.90;6.00;1;0;1;0;0;1;0;0;0;0;0;1;1;0;0;0;0;0
873882;1.70;0.89;83.00;3554.00;18.00;81.75;40.50;5.10;15.30;14.11;2.75;0.08;2.58;72152.00;82.00;84.00;48.00;4526.60;1009.47;781.24;6.00;1;0;1;0;0;1;0;0;0;0;0;1;1;0;0;0;0;0
875342;1.25;0.96;78.00;3377.00;18.00;81.75;39.00;3.14;10.47;14.11;2.25;1.31;2.58;72153.00;79.00;79.00;48.00;4513.80;1009.70;859.36;6.00;1;0;1;0;0;1;0;0;0;0;0;1;1;0;0;0;0;0
876904;2.65;0.98;77.00;3297.00;18.00;81.75;36.75;7.45;20.43;14.02;1.00;0.33;2.58;72153.00;78.00;78.00;48.00;4522.60;1009.74;859.36;6.00;1;0;1;0;0;1;0;0;0;0;0;1;1;0;0;0;0;0
878327;0.64;1.00;75.00;3171.00;18.00;81.75;-30.00;0;0;14.11;1.02;0;2.58;72153.00;75.00;75.00;48.00;4549.00;1009.78;0;6.00;1;0;1;0;0;1;0;0;0;0;0;1;1;0;0;0;0;0
879800;2.62;0.97;71.00;3072.00;18.00;81.75;18.75;7.06;18.22;14.11;0;2.75;2.58;72153.00;71.00;72.00;48.00;4372.00;1009.78;839.83;6.00;1;0;1;0;0;1;0;0;0;0;0;1;1;0;0;0;0;0
881312;0.78;0.95;72.00;3040.00;18.00;81.75;34.50;1.96;8.95;14.11;0.86;2.56;2.58;72153.00;73.00;73.00;48.00;4554.60;1009.74;58.59;6.00;1;0;1;0;0;1;0;0;0;0;0;1;1;0;0;0;0;0
882858;0.70;1.00;67.00;2858.00;18.00;81.75;-30.00;0;0;14.11;0;0.27;2.58;72153.00;67.00;67.00;48.00;4665.00;1009.94;0;6.00;1;0;1;0;0;1;0;0;0;0;0;1;1;0;0;0;0;0
884261;0.86;1.00;57.00;2412.00;18.00;81.75;15.75;0;12.34;14.02;6.52;6.89;2.58;72153.00;57.00;57.00;51.00;4275.00;1010.01;839.83;6.00;1;0;1;0;0;1;0;0;1;0;0;1;1;0;0;0;0;0
885913;0.85;1.00;50.00;2281.00;18.00;81.75;16.50;0;12.28;14.11;17.64;36.09;2.58;72153.00;50.00;50.00;39.00;4511.80;1010.05;800.77;5.00;1;0;1;0;0;1;0;0;1;0;0;1;1;0;0;0;0;0
887396;2.13;0.98;48.00;2526.00;18.00;81.75;21.00;3.92;15.95;14.11;15.23;17.50;2.58;72153.00;48.00;48.00;48.00;4507.20;1010.05;839.83;4.00;1;0;1;0;0;1;0;0;1;0;0;1;1;0;0;0;0;0
888846;1.14;0.99;48.00;2485.00;18.00;81.75;25.50;1.18;8.95;14.11;3.01;3.65;2.58;72153.00;48.00;48.00;48.00;4523.40;1010.05;839.83;4.00;1;0;1;0;0;1;0;0;1;0;0;1;1;0;0;0;0;0
890243;1.39;1.00;45.00;2425.00;18.00;81.75;23.25;1.57;10.72;14.11;6.23;0.64;2.58;72153.00;45.00;45.00;48.00;4531.00;1010.05;820.30;4.00;1;0;1;0;0;1;0;0;1;0;0;1;1;0;0;0;0;0
891712;1.98;0.95;46.00;2396.00;18.00;81.75;24.00;3.53;15.98;14.21;1.19;1.05;2.58;72153.00;46.00;46.00;48.00;4487.00;1010.05;449.21;4.00;1;0;1;0;0;1;0;0;1;0;0;1;1;0;0;0;0;0
893177;1.38;0.98;45.00;2393.00;18.00;81.75;23.25;1.57;10.99;14.11;0.14;0.12;2.58;72153.00;45.00;45.00;48.00;4522.40;1010.05;859.36;4.00;1;0;1;0;0;1;0;0;1;0;0;1;1;0;0;0;0;0
894621;1.62;0.94;45.00;2371.00;18.00;81.75;23.25;2.75;13.45;14.11;0;1.39;2.58;72153.00;45.00;46.00;48.00;4509.00;1010.05;859.36;4.00;1;0;1;0;0;1;0;0;1;0;0;1;1;0;0;0;0;0
896050;1.62;0.92;43.00;2343.00;18.00;82.50;22.50;2.35;13.11;14.11;47.18;28.14;2.58;72153.00;44.00;44.00;47.00;4510.40;1010.05;58.59;4.00;1;0;1;0;0;1;0;0;1;0;0;1;1;0;0;0;0;0
897545;2.54;0.95;46.00;2421.00;18.00;82.50;24.00;5.49;20.54;14.21;200.55;260.55;2.58;72153.00;46.00;46.00;47.00;4483.80;1010.05;78.12;4.00;1;0;1;0;0;1;0;0;1;0;0;1;1;0;0;0;0;0
899047;0.84;1.00;45.00;2324.00;18.00;82.50;15.75;0;12.39;14.21;151.44;221.80;2.58;72153.00;45.00;45.00;40.00;4534.20;1010.05;878.90;4.00;1;0;1;0;0;1;0;0;1;0;0;1;1;0;0;0;0;0
900494;1.83;0.97;45.00;2357.00;18.00;82.50;23.25;2.75;14.63;14.11;243.50;222.35;2.58;72153.00;45.00;45.00;47.00;4503.00;1010.05;878.90;4.00;1;0;1;0;0;1;0;0;1;0;0;1;1;0;0;0;0;0
901907;2.06;0.95;46.00;2425.00;18.00;82.50;24.00;3.92;16.78;14.11;110.68;282.60;2.58;72153.00;47.00;47.00;47.00;4491.80;1010.05;195.31;4.00;1;0;1;0;0;1;0;0;1;0;0;1;1;0;0;0;0;0
903344;2.28;0.94;48.00;2523.00;18.00;82.50;25.50;5.10;18.93;14.11;271.08;307.83;2.58;72153.00;48.00;48.00;47.00;4500.60;1010.05;97.66;4.00;1;0;1;0;0;1;0;0;1;0;0;1;1;0;0;0;0;0
904889;0.83;1.00;47.00;2482.00;18.00;82.50;14.25;0;12.52;14.21;282.91;304.71;2.58;72153.00;48.00;47.00;45.00;4513.00;1010.05;898.43;4.00;1;0;1;0;0;1;0;0;1;0;0;1;1;0;0;0;0;0
906285;2.21;0.96;46.00;2434.00;18.00;83.25;24.75;4.31;17.65;14.11;331.48;189.50;2.58;72153.00;46.00;47.00;47.00;4491.80;1010.05;742.18;4.00;1;0;1;0;0;1;0;0;1;0;0;1;1;0;0;0;0;0
907741;1.32;0.99;47.00;2467.00;18.00;83.25;25.50;1.57;10.71;14.02;220.71;183.97;2.58;72153.00;47.00;47.00;47.00;4518.40;1010.05;898.43;4.00;1;0;1;0;0;1;0;0;1;0;0;1;1;0;0;0;0;0
909200;2.64;1.00;47.00;2489.00;18.00;83.25;27.00;5.49;18.93;14.11;313.42;264.42;2.58;72153.00;45.00;48.00;47.00;4511.00;1010.05;898.43;4.00;1;0;1;0;0;1;0;0;1;0;0;1;1;0;0;0;0;0
910692;2.54;0.98;48.00;2619.00;18.00;83.25;27.00;5.49;19.87;14.21;342.13;340.13;2.58;72153.00;48.00;49.00;47.00;4569.20;1010.05;566.40;4.00;1;0;1;0;0;1;0;0;1;0;0;1;1;0;0;0;0;0
912235;1.62;1.00;47.00;2514.00;18.00;83.25;26.25;2.35;11.29;14.21;335.92;311.66;2.58;72153.00;48.00;48.00;47.00;4498.00;1010.05;859.36;4.00;1;0;1;0;0;1;0;0;1;0;0;1;1;0;0;0;0;0
913678;2.46;1.00;45.00;2393.00;18.00;83.25;1.50;3.92;10.32;14.21;126.87;186.22;2.58;72153.00;45.00;45.00;47.00;4513.40;1010.05;839.83;4.00;1;0;1;0;0;1;0;0;1;0;0;1;1;0;0;0;0;0
915122;2.31;0.94;45.00;2357.00;18.00;83.25;18.00;4.71;17.94;14.11;237.35;284.69;2.58;72153.00;45.00;45.00;47.00;4472.80;1010.05;78.12;4.00;1;0;1;0;0;1;0;0;1;0;0;1;1;0;0;0;0;0
916641;1.74;0.99;45.00;2352.00;18.00;83.25;22.50;2.75;13.83;14.21;334.14;307.50;2.58;72153.00;45.00;45.00;47.00;4513.40;1010.05;839.83;4.00;1;0;1;0;0;1;0;0;1;0;0;1;1;0;0;0;0;0
918256;2.98;1.00;45.00;3555.00;18.00;83.25;23.25;9.02;21.58;14.02;213.87;291.54;2.58;72153.00;45.00;45.00;47.00;4471.40;1010.05;839.83;3.00;1;0;1;0;0;1;0;0;1;0;0;1;1;0;0;0;0;0
920050;4.41;0.98;56.00;3411.00;18.00;83.25;24.75;20.00;34.52;14.11;254.14;254.16;2.58;72153.00;55.00;56.00;47.00;4571.20;1010.05;859.36;3.00;1;0;1;0;0;1;0;0;1;0;0;1;1;0;0;0;0;0
921543;8.75;1.00;63.00;3932.00;18.00;83.25;14.25;53.34;52.58;14.02;341.56;304.90;2.58;72153.00;63.00;64.00;47.00;4678.00;1010.05;117.19;3.00;1;0;1;0;0;1;0;0;1;0;0;1;1;0;0;0;0;0
923092;3.67;1.02;73.00;4514.00;18.00;83.25;36.75;15.30;28.13;14.02;342.11;343.51;2.58;72153.00;73.00;74.00;47.00;4518.20;1009.90;136.72;3.00;1;0;1;0;0;1;0;0;1;0;0;1;1;0;0;0;0;0
924439;6.94;1.00;82.00;5035.00;18.00;82.50;21.75;41.57;43.77;14.02;230.96;144.50;2.58;72153.00;80.00;82.00;47.00;4511.80;1009.54;58.59;3.00;1;0;1;0;0;1;0;0;0;0;0;1;1;0;0;0;0;0
926080;6.89;1.00;92.00;4828.00;18.00;82.50;18.00;45.89;46.02;14.11;210.75;213.74;2.58;72153.00;90.00;93.00;47.00;4453.20;1009.47;917.96;4.00;1;0;1;0;0;1;0;0;0;0;0;1;1;0;0;0;0;0
927524;5.29;1.00;98.00;4168.00;18.00;81.75;27.75;22.75;36.23;14.02;79.82;74.76;2.58;72153.00;96.00;98.00;48.00;4566.40;1009.43;859.36;6.00;1;0;1;0;0;1;0;0;0;0;0;1;1;0;0;0;0;0
928983;3.38;0.97;102.00;4330.00;18.00;81.75;36.75;14.51;26.77;14.02;8.79;9.94;2.58;72153.00;101.00;102.00;48.00;4463.20;1009.23;488.28;6.00;1;0;1;0;0;1;0;0;0;0;0;1;1;0;0;0;0;0
930471;3.02;0.90;102.00;4359.00;18.00;81.75;40.50;11.37;23.56;14.02;0.64;0.29;2.58;72153.00;102.00;103.00;48.00;4546.60;1009.08;429.68;6.00;1;0;1;0;0;1;0;0;0;0;0;1;1;0;0;0;0;0
931923;2.66;0.95;103.00;4393.00;18.00;81.75;42.00;10.20;22.02;14.02;0.12;2.56;2.58;72153.00;102.00;104.00;48.00;4525.80;1009.15;839.83;6.00;1;0;1;0;0;1;0;0;0;0;0;1;1;0;0;0;0;0
933283;2.52;0.94;103.00;4398.00;18.00;81.75;42.75;9.02;20.89;14.11;0;0.55;2.58;72153.00;103.00;104.00;48.00;4499.00;1009.15;839.83;6.00;1;0;1;0;0;1;0;0;0;0;0;1;1;0;0;0;0;0
934768;2.06;0.94;103.00;4374.00;18.00;81.75;45.75;7.45;17.83;14.11;0;4.16;2.58;72154.00;102.00;104.00;48.00;4475.80;1009.19;97.66;6.00;1;0;1;0;0;1;0;0;0;0;0;1;1;0;0;0;0;0
936204;2.10;0.94;102.00;4375.00;18.00;81.75;45.75;7.45;17.63;14.11;0;2.13;2.58;72154.00;103.00;103.00;48.00;4508.20;1009.19;820.30;6.00;1;0;1;0;0;1;0;0;0;0;0;1;1;0;0;0;0;0
937705;2.04;0.94;102.00;4346.00;18.00;81.75;45.75;7.06;17.13;14.02;0;0;2.58;72154.00;101.00;103.00;48.00;4502.20;1009.27;878.90;6.00;1;0;1;0;0;1;0;0;0;0;0;1;1;0;0;0;0;0
939141;2.48;0.96;103.00;4368.00;18.00;81.75;43.50;8.63;20.36;14.02;1.50;0.53;2.58;72154.00;102.00;103.00;48.00;4520.40;1009.27;136.72;6.00;1;0;1;0;0;1;0;0;0;0;0;1;1;0;0;0;0;0
940638;2.26;0.93;103.00;4371.00;18.00;81.00;45.00;7.84;19.00;14.11;1.78;0.31;2.58;72154.00;103.00;104.00;48.00;4515.40;1009.39;742.18;6.00;1;0;1;0;0;1;0;0;0;0;0;1;1;0;0;0;0;0
942192;1.47;0.89;102.00;4353.00;18.00;81.00;47.25;5.49;12.94;14.02;0;0;2.58;72154.00;102.00;103.00;48.00;4492.00;1009.39;58.59;6.00;1;0;1;0;0;1;0;0;0;0;0;1;1;0;0;0;0;0
943740;1.50;0.89;101.00;4259.00;18.00;81.00;46.50;5.49;13.35;14.11;1.31;0;2.58;72154.00;100.00;101.00;48.00;4493.60;1009.66;781.24;6.00;1;0;1;0;0;1;0;0;0;0;0;1;1;0;0;0;0;0
945257;0.70;0.86;97.00;4071.00;18.00;81.00;46.50;1.57;6.49;14.11;0;2.09;2.58;72154.00;97.00;97.00;48.00;4519.40;1009.90;39.06;6.00;1;0;1;0;0;1;0;0;0;0;0;1;1;0;0;0;0;0
946854;1.43;0.99;92.00;3917.00;18.00;81.00;45.00;3.92;11.53;14.11;0.61;0.49;2.58;72154.00;92.00;92.00;48.00;4508.20;1010.01;878.90;6.00;1;0;1;0;0;1;0;0;0;0;0;1;1;0;0;0;0;0
948398;0.66;0.94;87.00;3728.00;18.00;81.00;42.75;1.18;5.77;14.02;0;0.18;2.58;72154.00;88.00;88.00;48.00;4514.20;1010.05;332.03;6.00;1;0;1;0;0;1;0;0;0;0;0;1;1;0;0;0;0;0
949856;1.55;0.96;83.00;3648.00;18.00;81.00;42.00;4.31;12.56;14.21;0;0;2.58;72154.00;83.00;83.00;48.00;4498.20;1010.05;878.90;6.00;1;0;1;0;0;1;0;0;0;0;0;1;1;0;0;0;0;0
951374;2.45;0.95;83.00;3541.00;18.00;81.75;39.00;7.45;20.34;14.02;0.45;1.95;2.58;72154.00;83.00;84.00;48.00;4510.40;1010.05;644.52;6.00;1;0;1;0;0;1;0;0;0;0;0;1;1;0;0;0;0;0
952920;1.62;0.99;83.00;3507.00;18.75;81.75;40.50;4.31;13.29;14.11;2.32;0.02;2.58;72154.00;84.00;84.00;48.00;4509.20;1010.05;878.90;6.00;1;0;1;0;0;1;0;0;0;0;0;1;1;0;0;0;0;0
954293;1.02;0.93;81.00;3453.00;18.75;81.75;39.75;2.35;8.84;14.11;1.11;0.25;2.58;72154.00;81.00;81.00;48.00;4510.20;1010.05;859.36;6.00;1;0;1;0;0;1;0;0;0;0;0;1;1;0;0;0;0;0
955786;2.11;0.86;80.00;3386.00;18.75;81.75;37.50;7.06;19.46;14.11;0.96;1.56;2.58;72154.00;80.00;80.00;48.00;4488.80;1010.05;878.90;6.00;1;0;1;0;0;1;0;0;0;0;0;1;1;0;0;0;0;0
957404;2.75;0.96;82.00;3522.00;18.75;81.75;36.75;9.41;22.68;14.11;0.45;1.00;2.58;72154.00;82.00;83.00;48.00;4491.80;1010.05;800.77;6.00;1;0;1;0;0;1;0;0;0;0;0;1;1;0;0;0;0;0
958947;3.06;0.92;87.00;3701.00;18.75;81.75;34.50;12.55;25.77;14.11;0.12;0;2.58;72154.00;86.00;87.00;48.00;4505.00;1010.05;800.77;6.00;1;0;1;0;0;1;0;0;0;0;0;1;1;0;0;0;0;0
960283;1.82;0.91;87.00;3717.00;18.75;81.75;42.00;5.88;15.88;14.11;1.23;0.41;2.58;72154.00;88.00;88.00;48.00;4505.20;1010.05;839.83;6.00;1;0;1;0;0;1;0;0;0;0;0;1;1;0;0;0;0;0
961720;2.65;0.94;88.00;3758.00;18.75;81.75;39.00;9.41;22.14;14.02;0.66;1.46;2.58;72154.00;88.00;89.00;48.00;4527.40;1010.05;273.43;6.00;1;0;1;0;0;1;0;0;0;0;0;1;1;0;0;0;0;0
963216;2.53;0.90;90.00;3829.00;18.75;81.75;39.00;9.41;22.14;13.92;1.93;1.43;2.82;72154.00;89.00;91.00;48.00;4519.60;1010.05;839.83;6.00;1;0;1;0;0;1;0;0;0;0;0;1;1;0;0;0;0;0
964672;2.10;0.93;92.00;3904.00;18.75;82.50;43.50;7.06;18.05;14.11;186.47;141.38;2.58;72154.00;92.00;92.00;47.00;4499.80;1010.05;859.36;6.00;1;0;1;0;0;1;0;0;0;0;0;1;1;0;0;0;0;0
966269;1.69;0.90;91.00;3885.00;18.75;82.50;44.25;5.49;15.05;14.11;164.70;147.76;2.58;72154.00;90.00;91.00;47.00;4508.20;1010.05;839.83;6.00;1;0;1;0;0;1;0;0;0;0;0;1;1;0;0;0;0;0
967766;1.49;0.84;90.00;3779.00;18.75;82.50;43.50;5.10;14.19;14.02;265.96;322.46;2.58;72154.00;89.00;90.00;47.00;4479.60;1010.05;898.43;6.00;1;0;1;0;0;1;0;0;0;0;0;1;1;0;0;0;0;0
969219;1.77;0.90;91.00;3859.00;18.75;82.50;43.50;5.88;15.90;14.02;280.47;314.88;2.58;72154.00;90.00;91.00;47.00;4498.60;1010.05;78.12;6.00;1;0;1;0;0;1;0;0;0;0;0;1;1;0;0;0;0;0
970715;2.43;0.90;92.00;3892.00;18.75;82.50;40.50;9.02;21.39;14.02;219.01;235.67;2.58;72154.00;91.00;92.00;47.00;4510.40;1010.05;800.77;6.00;1;0;1;0;0;1;0;0;0;0;0;1;1;0;0;0;0;0
972276;1.02;0.98;90.00;3844.00;18.75;82.50;44.25;2.35;8.28;14.11;213.44;192.43;2.58;72154.00;90.00;90.00;47.00;4511.80;1010.05;878.90;6.00;1;0;1;0;0;1;0;0;0;0;0;1;1;0;0;0;0;0
973830;2.07;0.90;90.00;3792.00;18.75;82.50;42.00;7.06;18.38;13.92;320.17;342.63;2.82;72155.00;89.00;90.00;47.00;4513.40;1010.05;78.12;6.00;1;0;1;0;0;1;0;0;0;0;0;1;1;0;0;0;0;0
975399;2.71;0.92;91.00;3885.00;18.75;82.50;38.25;10.20;22.94;14.11;324.86;330.62;2.58;72155.00;90.00;92.00;47.00;4523.20;1010.05;97.66;6.00;1;0;1;0;0;1;0;0;0;0;0;1;1;0;0;0;0;0
976927;3.98;0.97;96.00;4076.00;18.75;82.50;32.25;18.43;31.52;14.11;261.08;208.91;2.58;72155.00;94.00;96.00;47.00;4561.20;1010.05;859.36;6.00;1;0;1;0;0;1;0;0;0;0;0;1;1;0;0;0;0;0
978362;2.58;0.87;98.00;4194.00;18.00;82.50;40.50;10.59;23.07;14.02;206.10;236.00;2.58;72155.00;98.00;99.00;47.00;4506.00;1010.05;781.24;6.00;1;0;1;0;0;1;0;0;0;0;0;1;1;0;0;0;0;0
979732;2.55;0.95;100.00;4238.00;18.00;82.50;42.00;9.41;21.22;14.02;297.46;329.55;2.58;72155.00;100.00;100.00;47.00;4501.40;1010.05;214.84;6.00;1;0;1;0;0;1;0;0;0;0;0;1;1;0;0;0;0;0
981304;2.23;1.00;100.00;4375.00;18.00;82.50;45.75;6.28;15.47;14.02;353.28;325.84;2.58;72155.00;99.00;100.00;47.00;4494.40;1010.05;878.90;6.00;1;0;1;0;0;1;0;0;0;0;0;1;1;0;0;0;0;0
982738;2.95;1.00;100.00;4262.00;18.00;82.50;40.50;10.20;22.47;14.02;296.06;270.10;2.58;72155.00;99.00;101.00;47.00;4524.00;1010.05;781.24;6.00;1;0;1;0;0;1;0;0;0;0;0;1;1;0;0;0;0;0
984317;2.52;0.93;101.00;4293.00;18.00;82.50;42.00;9.41;21.26;14.11;241.64;223.17;2.58;72155.00;100.00;101.00;47.00;4523.40;1010.05;58.59;6.00;1;0;1;0;0;1;0;0;0;0;0;1;1;0;0;0;0;0
985737;2.50;0.91;101.00;4316.00;18.00;82.50;42.00;9.41;21.46;14.11;300.49;331.01;2.58;72155.00;100.00;102.00;47.00;4499.20;1010.05;859.36;6.00;1;0;1;0;0;1;0;0;0;0;0;1;1;0;0;0;0;0
987189;2.02;0.92;101.00;4271.00;18.00;82.50;45.00;7.06;17.36;14.02;292.60;303.73;2.58;72155.00;100.00;101.00;47.00;4471.80;1010.05;839.83;6.00;1;0;1;0;0;1;0;0;0;0;0;1;1;0;0;0;0;0
988631;1.70;0.90;100.00;4238.00;18.00;82.50;46.50;5.88;15.12;13.92;203.85;288.73;2.82;72155.00;100.00;100.00;47.00;4504.00;1010.05;820.30;6.00;1;0;1;0;0;1;0;0;0;0;0;1;1;0;0;0;0;0
990080;1.73;0.86;98.00;4173.00;18.00;82.50;45.75;6.28;15.96;14.02;221.61;215.06;2.58;72155.00;99.00;99.00;47.00;4531.40;1010.05;878.90;6.00;1;0;1;0;0;1;0;0;0;0;0;1;1;0;0;0;0;0
991453;2.33;0.99;100.00;4238.00;18.00;82.50;44.25;7.45;18.52;14.11;332.99;334.71;2.58;72155.00;99.00;100.00;47.00;4527.00;1010.05;839.83;6.00;1;0;1;0;0;1;0;0;0;0;0;1;1;0;0;0;0;0
992892;1.42;0.98;98.00;4237.00;18.00;82.50;47.25;4.31;11.44;14.02;334.69;316.23;2.58;72155.00;98.00;98.00;47.00;4486.60;1010.05;878.90;6.00;1;0;1;0;0;1;0;0;0;0;0;1;1;0;0;0;0;0
994339;2.84;0.92;98.00;4174.00;18.00;82.50;39.00;11.37;24.08;14.11;243.56;225.75;2.58;72155.00;98.00;99.00;47.00;4540.00;1010.05;781.24;6.00;1;0;1;0;0;1;0;0;0;0;0;1;1;0;0;0;0;0
995802;2.99;0.97;101.00;4299.00;18.00;82.50;39.75;11.37;23.92;14.11;238.87;222.78;2.58;72155.00;101.00;102.00;47.00;4504.40;1010.05;761.71;6.00;1;0;1;0;0;1;0;0;0;0;0;1;1;0;0;0;0;0
997421;2.32;0.91;102.00;4345.00;18.00;82.50;44.25;9.02;19.93;14.11;321.54;323.49;2.58;72155.00;102.00;103.00;47.00;4544.60;1010.05;546.87;6.00;1;0;1;0;0;1;0;0;0;0;0;1;1;0;0;0;0;0
998968;2.71;0.98;105.00;4415.00;18.75;82.50;42.00;9.81;21.61;13.92;345.31;346.89;2.82;72155.00;104.00;105.00;47.00;4493.00;1010.09;781.24;6.00;1;0;1;0;0;1;0;0;0;0;0;1;1;0;0;0;0;0
1000396;2.45;0.93;105.00;4438.00;18.75;82.50;43.50;9.02;20.56;14.11;298.87;300.16;2.58;72155.00;104.00;105.00;47.00;4505.20;1009.97;195.31;6.00;1;0;1;0;0;1;0;0;0;0;0;1;1;0;0;0;0;0
1001841;2.98;0.98;103.00;4424.00;18.75;82.50;40.50;11.77;23.78;14.11;252.05;308.22;2.58;72155.00;103.00;104.00;47.00;4534.60;1009.97;820.30;6.00;1;0;1;0;0;1;0;0;0;0;0;1;1;0;0;0;0;0
1003389;2.84;0.97;105.00;4422.00;18.75;82.50;41.25;10.59;22.38;14.02;348.45;346.21;2.58;72155.00;103.00;105.00;47.00;4540.60;1009.97;175.78;6.00;1;0;1;0;0;1;0;0;0;0;0;1;1;0;0;0;0;0
1004779;2.80;0.99;105.00;4417.00;18.75;82.50;42.00;10.20;22.12;14.02;345.27;318.57;2.58;72155.00;104.00;105.00;47.00;4520.80;1010.05;800.77;6.00;1;0;1;0;0;1;0;0;0;0;0;1;1;0;0;0;0;0
1006227;2.92;0.99;105.00;4468.00;18.75;82.50;41.25;10.98;22.80;14.11;213.83;319.06;2.58;72155.00;104.00;105.00;47.00;4527.60;1009.97;156.25;6.00;1;0;1;0;0;1;0;0;0;0;0;1;1;0;0;0;0;0
1007766;2.51;0.96;105.00;4458.00;18.75;82.50;43.50;9.02;20.52;14.02;200.57;244.34;2.58;72155.00;104.00;106.00;47.00;4516.40;1009.82;117.19;6.00;1;0;1;0;0;1;0;0;0;0;0;1;1;0;0;0;0;0
1009210;2.73;0.93;105.00;4459.00;18.75;82.50;41.25;10.59;22.54;14.02;310.39;333.03;2.58;72156.00;103.00;105.00;47.00;4529.80;1009.82;585.93;6.00;1;0;1;0;0;1;0;0;0;0;0;1;1;0;0;0;0;0
1010796;2.47;0.95;103.00;4420.00;18.75;82.50;43.50;8.63;20.39;14.02;325.08;342.95;2.58;72156.00;104.00;104.00;47.00;4492.60;1009.78;117.19;6.00;1;0;1;0;0;1;0;0;0;0;0;1;1;0;0;0;0;0
1012295;2.82;0.95;103.00;4414.00;18.75;82.50;41.25;10.98;22.90;14.11;310.68;344.90;2.58;72156.00;103.00;104.00;47.00;4505.40;1009.66;839.83;6.00;1;0;1;0;0;1;0;0;0;0;0;1;1;0;0;0;0;0
1013758;1.93;0.99;105.00;4434.00;18.75;82.50;45.00;7.84;22.05;14.02;280.43;302.83;2.58;72156.00;104.00;105.00;47.00;4469.80;1009.66;820.30;6.00;1;0;1;0;0;1;0;0;0;0;0;1;1;0;0;0;0;0
1015233;2.46;0.95;102.00;4379.00;18.75;82.50;42.75;9.02;20.43;14.11;342.38;352.81;2.58;72156.00;102.00;103.00;47.00;4544.60;1009.66;234.37;6.00;1;0;1;0;0;1;0;0;0;0;0;1;1;0;0;0;0;0
1016728;2.39;0.92;102.00;4365.00;18.75;82.50;42.75;9.02;20.46;14.02;344.37;347.83;2.58;72156.00;102.00;103.00;47.00;4508.20;1009.70;800.77;6.00;1;0;1;0;0;1;0;0;0;0;0;1;1;0;0;0;0;0
1018214;2.65;0.97;103.00;4392.00;18.00;82.50;42.75;9.41;21.36;14.11;276.97;297.93;2.58;72156.00;102.00;104.00;47.00;4503.00;1009.90;722.65;6.00;1;0;1;0;0;1;0;0;0;0;0;1;1;0;0;0;0;0
1019676;2.48;0.94;105.00;4433.00;18.00;82.50;43.50;9.02;20.72;14.11;296.52;314.14;2.58;72156.00;102.00;105.00;47.00;4469.40;1009.86;839.83;6.00;1;0;1;0;0;1;0;0;0;0;0;1;1;0;0;0;0;0
1021220;1.90;0.90;102.00;4353.00;18.00;82.50;45.75;7.06;16.64;14.11;357.93;346.79;2.58;72156.00;101.00;103.00;47.00;4540.40;1009.94;878.90;6.00;1;0;1;0;0;1;0;0;0;0;0;1;1;0;0;0;0;0
1022574;2.44;0.96;102.00;4358.00;18.00;82.50;43.50;8.63;20.09;14.02;301.09;340.12;2.58;72156.00;102.00;103.00;47.00;4477.80;1009.94;214.84;6.00;1;0;1;0;0;1;0;0;0;0;0;1;1;0;0;0;0;0
1024068;2.46;0.92;101.00;4272.00;18.00;82.50;42.00;9.02;21.14;14.11;286.93;276.92;2.58;72156.00;101.00;101.00;47.00;4546.00;1009.97;195.31;6.00;1;0;1;0;0;1;0;0;0;0;0;1;1;0;0;0;0;0
1025493;2.10;0.95;101.00;4277.00;18.00;82.50;45.00;7.06;17.36;14.11;288.95;303.36;2.58;72156.00;101.00;101.00;47.00;4463.40;1010.01;878.90;6.00;1;0;1;0;0;1;0;0;0;0;0;1;1;0;0;0;0;0
1026944;2.34;0.88;100.00;4240.00;18.00;82.50;42.00;9.02;21.06;14.02;350.39;351.09;2.58;72156.00;100.00;101.00;47.00;4504.20;1010.05;820.30;6.00;1;0;1;0;0;1;0;0;0;0;0;1;1;0;0;0;0;0
1028496;2.51;0.95;100.00;4262.00;18.00;82.50;42.75;9.02;20.57;14.02;327.38;311.31;2.58;72156.00;99.00;100.00;47.00;4516.40;1010.05;488.28;6.00;1;0;1;0;0;1;0;0;0;0;0;1;1;0;0;0;0;0
1029988;2.58;0.92;100.00;4222.00;18.00;82.50;41.25;9.81;21.57;13.92;237.84;174.75;2.82;72156.00;98.00;100.00;47.00;4546.20;1010.05;253.90;6.00;1;0;1;0;0;1;0;0;0;0;0;1;1;0;0;0;0;0
1031413;2.48;0.91;101.00;4265.00;18.00;82.50;42.00;9.41;21.31;14.02;218.29;275.22;2.58;72156.00;100.00;101.00;47.00;4506.00;1010.05;527.34;6.00;1;0;1;0;0;1;0;0;0;0;0;1;1;0;0;0;0;0
1032988;2.02;0.92;100.00;4223.00;18.75;82.50;45.00;7.06;17.34;14.11;345.39;338.22;2.58;72156.00;99.00;100.00;47.00;4512.20;1010.05;781.24;6.00;1;0;1;0;0;1;0;0;0;0;0;1;1;0;0;0;0;0
1034357;2.01;0.90;98.00;4175.00;18.75;82.50;45.00;7.06;17.69;13.92;301.88;278.48;2.82;72156.00;98.00;99.00;47.00;4511.20;1010.05;39.06;6.00;1;0;1;0;0;1;0;0;0;0;0;1;1;0;0;0;0;0
1035802;1.84;0.89;97.00;4161.00;18.75;82.50;45.00;6.67;16.66;14.11;197.31;215.61;2.58;72156.00;97.00;98.00;47.00;4491.80;1010.05;507.81;6.00;1;0;1;0;0;1;0;0;0;0;0;1;1;0;0;0;0;0
1037375;2.14;1.00;97.00;4134.00;18.75;82.50;44.25;7.06;17.34;14.02;264.22;253.68;2.58;72156.00;97.00;97.00;47.00;4475.00;1010.01;878.90;6.00;1;0;1;0;0;1;0;0;0;0;0;1;1;0;0;0;0;0
1038926;1.75;0.89;96.00;4073.00;18.75;82.50;45.00;6.28;15.79;14.11;294.43;337.38;2.58;72156.00;95.00;96.00;47.00;4512.20;1010.05;58.59;6.00;1;0;1;0;0;1;0;0;0;0;0;1;1;0;0;0;0;0
1040479;2.46;0.92;95.00;4019.00;18.75;82.50;41.25;9.02;21.05;14.02;322.89;178.43;2.58;72156.00;95.00;95.00;47.00;4516.60;1010.05;781.24;6.00;1;0;1;0;0;1;0;0;0;0;0;1;1;0;0;0;0;0
1041994;2.30;0.91;95.00;4029.00;18.75;82.50;42.00;8.24;20.07;14.02;254.34;106.83;2.58;72156.00;94.00;95.00;47.00;4502.20;1010.05;429.68;6.00;1;0;1;0;0;1;0;0;0;0;0;1;1;0;0;0;0;0
1043481;1.70;1.00;92.00;3955.00;18.75;82.50;45.00;5.10;13.71;14.11;338.53;331.70;2.58;72156.00;92.00;93.00;47.00;4499.00;1010.05;878.90;6.00;1;0;1;0;0;1;0;0;0;0;0;1;1;0;0;0;0;0
1044927;1.48;0.92;91.00;3877.00;18.75;82.50;44.25;4.71;12.86;14.11;274.63;323.75;2.58;72157.00;91.00;92.00;47.00;4505.20;1010.05;859.36;6.00;1;0;1;0;0;1;0;0;0;0;0;1;1;0;0;0;0;0
1046437;2.08;0.83;90.00;3810.00;18.75;82.50;41.25;7.84;19.89;14.11;236.74;222.54;2.58;72157.00;89.00;90.00;47.00;4534.40;1010.05;39.06;6.00;1;0;1;0;0;1;0;0;0;0;0;1;1;0;0;0;0;0
1047884;2.07;0.89;90.00;3834.00;18.75;82.50;42.00;7.06;18.54;14.02;200.77;152.41;2.58;72157.00;90.00;91.00;47.00;4513.40;1010.05;78.12;6.00;1;0;1;0;0;1;0;0;0;0;0;1;1;0;0;0;0;0
1049389;1.65;0.96;90.00;3807.00;18.75;82.50;43.50;5.10;13.83;14.02;306.74;275.00;2.58;72157.00;88.00;90.00;47.00;4513.20;1010.05;878.90;6.00;1;0;1;0;0;1;0;0;0;0;0;1;1;0;0;0;0;0
1050905;1.29;0.89;87.00;3688.00;18.75;82.50;42.00;3.92;11.57;14.11;345.19;349.00;2.58;72157.00;86.00;87.00;47.00;4504.00;1010.05;820.30;6.00;1;0;1;0;0;1;0;0;0;0;0;1;1;0;0;0;0;0
1052351;1.98;0.85;85.00;3615.00;18.75;82.50;39.75;6.67;18.60;14.11;336.81;330.60;2.58;72157.00;84.00;85.00;47.00;4507.60;1010.05;39.06;6.00;1;0;1;0;0;1;0;0;0;0;0;1;1;0;0;0;0;0
1053842;1.69;0.90;83.00;3545.00;18.75;82.50;40.50;5.10;15.18;14.02;210.42;286.56;2.58;72157.00;83.00;84.00;47.00;4520.60;1010.05;234.37;6.00;1;0;1;0;0;1;0;0;0;0;0;1;1;0;0;0;0;0
1055382;2.10;0.85;81.00;3463.00;18.75;82.50;38.25;7.06;19.51;14.02;351.19;351.75;2.58;72157.00;82.00;82.00;47.00;4509.60;1010.05;39.06;6.00;1;0;1;0;0;1;0;0;0;0;0;1;1;0;0;0;0;0
1056981;1.77;0.92;82.00;3533.00;18.75;82.50;39.75;5.10;16.87;14.11;345.33;348.71;2.58;72157.00;82.00;83.00;47.00;4513.80;1010.05;878.90;6.00;1;0;1;0;0;1;0;0;0;0;0;1;1;0;0;0;0;0
1058418;1.19;0.94;80.00;3364.00;18.00;82.50;39.00;2.75;10.22;14.11;316.44;351.29;2.58;72157.00;80.00;80.00;47.00;4532.80;1010.05;878.90;6.00;1;0;1;0;0;1;0;0;0;0;0;1;1;0;0;0;0;0
1059883;0.57;1.00;76.00;3247.00;18.75;82.50;-30.00;0;0;14.11;201.32;334.24;2.58;72157.00;76.00;76.00;47.00;4560.20;1010.05;0;6.00;1;0;1;0;0;1;0;0;0;0;0;1;1;0;0;0;0;0
1061371;0.66;1.00;70.00;2953.00;18.75;82.50;-30.00;0;0;14.11;288.11;339.10;2.58;72157.00;70.00;70.00;47.00;4612.20;1010.05;0;6.00;1;0;1;0;0;1;0;0;0;0;0;1;1;0;0;0;0;0
1062798;1.34;1.00;60.00;2521.00;18.75;82.50;3.00;0;0;14.21;333.79;337.65;2.58;72157.00;59.00;60.00;47.00;4249.60;1010.05;0;6.00;1;0;1;0;0;1;0;0;1;0;0;1;1;0;0;0;0;0
1064332;0.90;1.00;46.00;2146.00;18.75;83.25;15.00;0;12.21;14.11;143.35;205.30;2.58;72157.00;47.00;47.00;38.00;4394.20;1010.05;19.53;5.00;1;0;1;0;0;1;0;0;1;0;0;1;1;0;0;0;0;0
1065858;1.07;1.01;31.00;1693.00;18.75;83.25;15.00;0;12.06;14.30;71.54;218.95;2.58;72157.00;31.00;32.00;38.00;4481.00;1010.05;878.90;4.00;1;0;1;1;0;1;0;0;1;0;0;1;1;0;0;1;0;0
1067378;1.25;0.98;17.00;1282.00;18.75;83.25;13.50;0;11.91;14.30;178.13;251.06;2.58;72157.00;17.00;17.00;38.00;4516.40;1010.05;742.18;4.00;1;0;1;1;0;1;0;0;1;0;0;1;1;0;0;1;0;0
1068942;1.33;0.97;12.00;1286.00;18.75;83.25;13.50;0;11.93;14.49;209.58;302.50;2.31;72157.00;12.00;12.00;39.00;4509.60;1010.05;58.59;3.00;1;0;1;1;0;1;0;0;1;0;0;1;1;0;0;1;0;0
1070413;1.38;0.98;11.00;1213.00;18.75;83.25;17.25;0;12.71;14.39;135.97;220.36;2.31;72157.00;11.00;11.00;39.00;4508.40;1010.17;253.90;2.00;1;0;1;0;0;1;0;0;1;0;0;1;1;0;0;0;0;0
1071993;1.40;1.00;7.00;1253.00;18.75;83.25;15.00;0;12.21;14.30;221.31;208.23;2.58;72157.00;8.00;8.00;39.00;4510.60;1010.48;58.59;1;1;0;1;0;0;1;0;0;1;0;0;1;1;0;0;0;0;0
1073587;1.34;1.01;3.00;1300.00;18.75;83.25;12.00;0;11.72;14.39;232.72;216.02;2.31;72157.00;4.00;4.00;38.00;4513.40;1010.68;820.30;1;1;0;1;0;0;1;0;0;1;0;0;1;1;0;0;0;0;0
1075165;1.41;0.99;0;1258.00;18.75;84.00;14.25;0;12.10;14.49;234.75;240.63;2.31;72157.00;0;0;38.00;4505.20;1011.03;58.59;1;1;0;1;0;0;1;0;0;1;0;0;1;1;0;0;0;0;0
1076599;1.34;1.02;0;1279.00;18.75;84.00;12.75;0;11.81;14.39;229.26;221.94;2.31;72157.00;0;0;38.00;4506.60;1011.15;800.77;1;1;0;1;0;0;1;0;0;1;0;0;1;1;0;0;0;0;0
1078112;1.43;1.01;0;1195.00;18.75;84.00;20.25;0;12.99;14.30;256.43;278.91;2.58;72157.00;0;0;39.00;4518.80;1011.07;527.34;1;1;0;1;0;0;1;0;0;1;0;0;1;1;0;0;0;0;0
1079527;1.36;0.99;0;1221.00;18.75;84.75;16.50;0;12.36;14.39;248.83;256.74;2.31;72157.00;0;0;37.00;4517.20;1011.19;605.46;1;1;0;1;0;0;1;0;0;1;0;0;1;1;0;0;0;0;0
1080972;1.38;1.00;0;1252.00;18.75;84.75;14.25;0;11.98;14.39;227.33;142.32;2.31;72157.00;0;0;37.00;4507.60;1011.26;859.36;1;1;0;1;0;0;1;0;0;1;0;0;1;1;0;0;0;0;0
1082455;1.32;0.97;0;1208.00;18.75;84.75;18.00;0;12.62;14.39;165.54;87.98;2.31;72157.00;0;0;37.00;4517.40;1011.15;800.77;1;1;0;1;1;0;1;0;0;1;0;0;1;1;0;0;1;0;0
1083943;1.30;0.98;0;1245.00;18.75;84.75;14.25;0;11.99;14.30;171.67;107.02;2.58;72157.00;0;0;37.00;4507.40;1011.03;58.59;1;1;0;1;0;0;1;0;0;1;0;0;1;1;0;0;0;0;0
1085504;1.30;1.00;0;1261.00;18.75;85.50;13.50;0;11.82;14.39;87.12;72.42;2.31;72157.00;0;0;37.00;4510.40;1011.07;742.18;1;1;0;1;1;0;1;0;0;1;0;0;1;1;0;0;1;0;0
1087044;1.38;0.98;0;1242.00;18.75;85.50;15.00;0;12.04;14.39;78.55;40.88;2.31;72157.00;0;0;37.00;4512.00;1011.19;117.19;1;1;0;1;0;0;1;0;0;1;0;0;1;1;0;0;0;0;0
1088575;1.33;0.99;0;1255.00;18.75;85.50;14.25;0;11.98;14.49;72.59;27.60;2.31;72157.00;0;0;38.00;4514.40;1010.99;390.62;1;1;0;1;0;0;1;0;0;1;0;0;1;1;0;0;0;0;0
1090022;1.34;0.99;0;1257.00;18.75;85.50;14.25;0;12.07;14.49;150.77;191.57;2.31;72157.00;0;0;39.00;4513.80;1011.15;78.12;1;1;0;1;0;0;1;0;0;1;0;0;1;1;0;0;0;0;0
1091468;1.34;1.00;0;1269.00;18.75;85.50;12.75;0;11.80;14.39;199.44;229.99;2.31;72157.00;0;0;38.00;4506.60;1011.19;800.77;1;1;0;1;0;0;1;0;0;1;0;0;1;1;0;0;0;0;0
1092933;1.37;1.00;0;1227.00;18.75;85.50;16.50;0;12.42;14.39;249.55;253.32;2.31;72157.00;0;0;38.00;4501.20;1011.15;117.19;1;1;0;1;0;0;1;0;0;1;0;0;1;1;0;0;0;0;0
1094365;1.38;0.99;0;1199.00;18.75;85.50;19.50;0;12.86;14.39;203.82;247.39;2.31;72157.00;0;0;39.00;4514.40;1011.11;761.71;1;1;0;1;0;0;1;0;0;1;0;0;1;1;0;0;0;0;0
1095873;4.08;1.00;0;2873.00;18.75;85.50;27.00;11.77;28.06;14.11;224.61;285.92;2.58;72157.00;0;0;45.00;4480.00;1010.99;878.90;1;1;0;1;0;0;1;0;0;1;0;0;1;1;0;0;0;0;0
1097483;3.50;0.93;20.00;2345.00;18.75;85.50;21.00;11.37;29.84;14.21;32.87;44.41;2.58;72157.00;20.00;21.00;45.00;4537.00;1010.76;156.25;1;1;0;1;0;0;1;0;0;1;0;0;0;1;0;0;0;0;0
1099196;2.98;1.00;37.00;3436.00;18.75;84.75;31.50;4.71;11.22;14.02;122.84;185.96;2.58;72157.00;37.00;38.00;46.00;4235.80;1010.87;878.90;2.00;1;0;1;0;0;1;0;0;1;0;0;1;1;0;0;0;0;0
1100774;2.72;0.91;47.00;3660.00;18.75;84.00;38.25;9.41;23.58;14.02;173.41;225.67;2.58;72157.00;46.00;48.00;46.00;4475.40;1010.76;898.43;2.00;1;0;1;0;0;1;0;0;1;0;0;1;1;0;0;0;0;0
1102337;0.75;1.00;61.00;4767.00;18.75;84.00;41.25;5.49;23.98;13.92;336.37;337.75;2.82;72157.00;59.00;61.00;46.00;4504.00;1010.56;878.90;2.00;1;0;1;0;0;1;0;0;1;0;0;1;1;0;0;0;0;0
1103894;6.54;1.00;72.00;4428.00;18.75;83.25;21.00;34.51;43.99;14.11;298.97;319.63;2.58;72157.00;71.00;73.00;47.00;4415.80;1010.56;898.43;3.00;1;0;1;0;0;1;0;0;0;0;0;1;1;0;0;0;0;0
1105450;4.22;0.92;80.00;4157.00;18.75;83.25;29.25;21.18;34.68;14.02;201.96;298.26;2.58;72157.00;78.00;80.00;47.00;4573.80;1010.29;742.18;4.00;1;0;1;0;0;1;0;0;0;0;0;1;1;0;0;0;0;0
1106956;4.36;1.04;86.00;4450.00;18.75;83.25;32.25;20.79;31.78;14.02;199.91;306.80;2.58;72157.00;84.00;86.00;47.00;4510.20;1010.25;800.77;4.00;1;0;1;0;0;1;0;0;0;0;0;1;1;0;0;0;0;0
1108456;4.94;1.00;90.00;4094.00;18.75;82.50;28.50;22.36;35.62;14.02;301.07;348.10;2.58;72157.00;88.00;90.00;47.00;4573.00;1010.33;781.24;5.00;1;0;1;0;0;1;0;0;0;0;0;1;1;0;0;0;0;0
1110026;3.11;0.96;92.00;3977.00;18.75;82.50;36.75;12.16;25.01;13.92;335.66;343.96;2.82;72157.00;91.00;93.00;47.00;4446.20;1010.17;644.52;6.00;1;0;1;0;0;1;0;0;0;0;0;1;1;0;0;0;0;0
1111532;2.47;1.00;93.00;3933.00;18.75;82.50;41.25;8.24;20.36;14.11;253.19;189.46;2.58;72157.00;93.00;93.00;47.00;4468.60;1010.13;898.43;6.00;1;0;1;0;0;1;0;0;0;0;0;1;1;0;0;0;0;0
1113084;1.57;0.93;88.00;3756.00;18.75;82.50;43.50;4.71;13.51;14.02;285.49;290.47;2.58;72157.00;89.00;89.00;47.00;4513.80;1010.09;800.77;6.00;1;0;1;0;0;1;0;0;0;0;0;1;1;0;0;0;0;0
1114584;1.44;0.88;86.00;3653.00;18.75;81.75;42.00;4.31;13.12;14.11;89.13;76.75;2.58;72157.00;85.00;86.00;48.00;4530.20;1010.09;97.66;6.00;1;0;1;0;0;1;0;0;0;0;0;1;1;0;0;0;0;0
1116096;3.16;0.97;86.00;3646.00;18.75;81.75;34.50;11.77;25.10;14.11;8.16;9.18;2.58;72157.00;84.00;86.00;48.00;4559.00;1010.09;859.36;6.00;1;0;1;0;0;1;0;0;0;0;0;1;1;0;0;0;0;0
1117499;2.22;0.92;85.00;3556.00;18.75;81.75;39.75;7.06;19.23;14.11;0.59;0.66;2.58;72157.00;84.00;85.00;48.00;4522.20;1010.09;859.36;6.00;1;0;1;0;0;1;0;0;0;0;0;1;1;0;0;0;0;0
1118984;2.98;0.93;86.00;3680.00;18.75;81.75;34.50;11.77;24.95;14.11;4.57;0;2.58;72157.00;85.00;87.00;48.00;4517.00;1010.09;136.72;6.00;1;0;1;0;0;1;0;0;0;0;0;1;1;0;0;0;0;0
1120453;2.46;1.00;85.00;3790.00;18.75;81.75;42.00;5.88;16.20;13.92;8.10;0.45;2.82;72158.00;84.00;85.00;48.00;4478.00;1010.09;878.90;6.00;1;0;1;0;0;1;0;0;0;0;0;1;1;0;0;0;0;0
1121910;1.23;0.97;82.00;3515.00;18.75;81.00;39.75;3.14;10.06;14.11;2.36;0;2.58;72158.00;82.00;82.00;48.00;4513.40;1010.09;878.90;6.00;1;0;1;0;0;1;0;0;0;0;0;1;1;0;0;0;0;0
1123360;1.80;0.89;81.00;3444.00;18.75;81.00;39.75;5.49;16.52;14.11;0.14;0;2.58;72158.00;81.00;81.00;48.00;4520.00;1010.09;97.66;6.00;1;0;1;0;0;1;0;0;0;0;0;1;1;0;0;0;0;0
1124796;1.02;0.99;80.00;3361.00;18.75;81.00;39.00;2.35;8.47;14.02;0.90;0;2.58;72158.00;79.00;80.00;48.00;4523.60;1010.09;898.43;6.00;1;0;1;0;0;1;0;0;0;0;0;1;1;0;0;0;0;0
1126391;0.94;1.00;75.00;3182.00;18.75;81.00;36.75;1.18;6.72;14.11;1.56;0.25;2.58;72158.00;75.00;75.00;48.00;4259.80;1010.17;78.12;6.00;1;0;1;0;0;1;0;0;0;0;0;1;1;0;0;0;0;0
1127766;0.68;1.00;71.00;3039.00;18.75;81.00;-30.00;0;0;14.11;0.43;0.51;2.58;72158.00;72.00;72.00;48.00;4492.80;1010.21;0;6.00;1;0;1;0;0;1;0;0;0;0;0;0;1;0;0;0;0;0
1129340;2.72;1.00;68.00;3535.00;18.75;81.75;21.75;7.45;17.55;14.11;0;0;2.58;72158.00;68.00;68.00;48.00;4218.40;1010.29;859.36;5.00;1;0;1;0;0;1;0;0;0;0;0;1;1;0;0;0;0;0
1130806;3.10;0.94;72.00;3375.00;18.75;81.75;32.25;11.77;25.77;14.02;2.73;1.07;2.58;72158.00;72.00;73.00;48.00;4499.00;1010.29;839.83;5.00;1;0;1;0;0;1;0;0;0;0;0;1;1;0;0;0;0;0
1132325;2.75;0.95;76.00;3521.00;18.75;81.75;36.75;9.81;22.81;14.11;1.78;0.59;2.58;72158.00;76.00;76.00;48.00;4531.20;1010.48;664.05;5.00;1;0;1;0;0;1;0;0;0;0;0;1;1;0;0;0;0;0
1133703;1.70;0.97;77.00;3554.00;18.75;81.75;40.50;4.71;13.39;14.02;0;0.39;2.58;72158.00;77.00;77.00;48.00;4496.00;1010.33;878.90;5.00;1;0;1;0;0;1;0;0;0;0;0;1;1;0;0;0;0;0
1135220;3.21;0.98;85.00;3867.00;18.75;81.75;33.75;15.69;29.43;14.11;0.66;0;2.58;72158.00;84.00;85.00;48.00;4508.80;1010.29;898.43;5.00;1;0;1;0;0;1;0;0;0;0;0;1;1;0;0;0;0;0
1136643;3.49;0.96;90.00;3807.00;18.75;81.75;33.00;15.69;27.82;14.11;1.25;2.75;2.58;72158.00;89.00;90.00;48.00;4516.40;1010.33;878.90;6.00;1;0;1;0;0;1;0;0;0;0;0;1;1;0;0;0;0;0
1138141;2.26;0.98;92.00;3926.00;18.75;81.75;43.50;7.06;18.25;14.02;0.23;0.08;2.58;72158.00;91.00;93.00;48.00;4500.00;1010.17;898.43;6.00;1;0;1;0;0;1;0;0;0;0;0;1;1;0;0;0;0;0
1139515;1.46;0.96;91.00;3877.00;18.75;81.75;44.25;4.31;12.21;14.11;1.60;0.31;2.58;72158.00;91.00;91.00;48.00;4500.00;1010.13;898.43;6.00;1;0;1;0;0;1;0;0;0;0;0;1;1;0;0;0;0;0
1140923;1.86;0.89;91.00;3848.00;18.75;81.75;43.50;6.28;16.80;13.92;0.64;0;2.82;72158.00;91.00;91.00;48.00;4519.20;1010.09;488.28;6.00;1;0;1;0;0;1;0;0;0;0;0;1;1;0;0;0;0;0
1142470;1.78;0.91;90.00;3859.00;18.75;81.75;43.50;5.49;15.65;14.02;0.12;2.44;2.58;72158.00;90.00;91.00;48.00;4504.40;1010.09;839.83;6.00;1;0;1;0;0;1;0;0;0;0;0;1;1;0;0;0;0;0
1143917;1.70;0.89;90.00;3798.00;18.75;81.75;42.75;5.49;15.54;14.11;1.27;3.24;2.58;72158.00;89.00;90.00;48.00;4511.20;1010.09;800.77;6.00;1;0;1;0;0;1;0;0;0;0;0;1;1;0;0;0;0;0
1145416;2.30;0.89;88.00;3769.00;18.75;81.75;41.25;7.06;18.40;14.02;0;1.35;2.58;72158.00;88.00;89.00;48.00;4531.20;1010.09;97.66;6.00;1;0;1;0;0;1;0;0;0;0;0;1;1;0;0;0;0;0
1146939;2.18;0.92;90.00;3847.00;18.75;81.75;42.00;7.06;18.78;14.02;1.82;1.19;2.58;72158.00;89.00;90.00;48.00;4513.80;1010.09;624.99;6.00;1;0;1;0;0;1;0;0;0;0;0;1;1;0;0;0;0;0
1148451;2.34;0.97;91.00;3848.00;18.75;81.75;41.25;7.84;20.68;13.92;0.27;1.43;2.82;72158.00;90.00;91.00;48.00;4527.60;1010.09;839.83;6.00;1;0;1;0;0;1;0;0;0;0;0;1;1;0;0;0;0;0
1149907;1.07;0.86;90.00;3801.00;18.75;81.75;44.25;3.14;9.99;14.11;2.01;1.05;2.58;72158.00;90.00;91.00;48.00;4522.80;1010.09;664.05;6.00;1;0;1;0;0;1;0;0;0;0;0;1;1;0;0;0;0;0
1151453;2.07;0.89;88.00;3766.00;18.75;81.75;42.75;7.06;18.25;14.02;0.92;0.29;2.58;72158.00;88.00;89.00;48.00;4520.60;1010.09;78.12;6.00;1;0;1;0;0;1;0;0;0;0;0;1;1;0;0;0;0;0
1152981;0.55;1.00;88.00;3586.00;18.75;81.75;41.25;1.18;5.96;14.11;1.76;0.20;2.58;72158.00;89.00;89.00;48.00;4525.00;1010.09;898.43;6.00;1;0;1;0;0;1;0;0;0;0;0;1;1;0;0;0;0;0
1154453;1.18;0.97;86.00;3632.00;18.75;81.75;42.00;3.14;9.88;14.11;0.66;2.27;2.58;72158.00;85.00;86.00;48.00;4503.80;1010.09;839.83;6.00;1;0;1;0;0;1;0;0;0;0;0;1;1;0;0;0;0;0
1155952;2.37;0.89;85.00;3633.00;18.75;81.75;40.50;7.06;19.14;14.11;0;0.27;2.58;72158.00;84.00;85.00;48.00;4517.60;1010.17;156.25;6.00;1;0;1;0;0;1;0;0;0;0;0;1;1;0;0;0;0;0
1157496;3.41;1.01;88.00;3744.00;18.75;81.75;33.75;13.73;26.42;14.11;1.78;2.09;2.58;72158.00;87.00;89.00;48.00;4533.20;1010.13;703.12;6.00;1;0;1;0;0;1;0;0;0;0;0;1;1;0;0;0;0;0
1159016;2.29;0.89;91.00;3900.00;18.75;81.75;40.50;8.24;20.39;14.11;1.39;2.09;2.58;72158.00;90.00;92.00;48.00;4494.00;1010.17;898.43;6.00;1;0;1;0;0;1;0;0;0;0;0;1;1;0;0;0;0;0
1160510;1.25;0.97;87.00;3822.00;18.75;81.75;43.50;3.53;10.13;14.02;2.56;0.92;2.58;72158.00;88.00;88.00;48.00;4482.40;1010.13;878.90;6.00;1;0;1;0;0;1;0;0;0;0;0;1;1;0;0;0;0;0
1162062;2.79;0.89;88.00;3736.00;18.75;81.75;36.00;11.77;24.64;14.02;1.27;1.46;2.58;72158.00;88.00;89.00;48.00;4523.60;1010.09;761.71;6.00;1;0;1;0;0;1;0;0;0;0;0;1;1;0;0;0;0;0
1163584;3.50;0.98;91.00;3899.00;18.75;81.75;34.50;15.30;27.53;14.02;0.35;0;2.58;72159.00;91.00;92.00;48.00;4542.00;1010.09;800.77;6.00;1;0;1;0;0;1;0;0;0;0;0;1;1;0;0;0;0;0
1165046;3.42;0.99;95.00;4002.00;18.75;82.50;35.25;14.12;26.77;14.11;245.75;33.40;2.58;72159.00;94.00;95.00;47.00;4507.20;1010.09;703.12;6.00;1;0;1;0;0;1;0;0;0;0;0;1;1;0;0;0;0;0
1166554;3.46;0.92;96.00;4100.00;18.75;82.50;34.50;15.69;28.71;14.02;334.47;322.77;2.58;72159.00;96.00;97.00;47.00;4556.60;1010.09;742.18;6.00;1;0;1;0;0;1;0;0;0;0;0;1;1;0;0;0;0;0
1168026;1.61;0.98;96.00;4087.00;18.75;82.50;45.75;5.10;12.84;14.11;302.07;296.78;2.58;72159.00;96.00;97.00;47.00;4479.20;1010.09;898.43;6.00;1;0;1;0;0;1;0;0;0;0;0;1;1;0;0;0;0;0
1169522;1.93;0.94;95.00;4004.00;18.75;82.50;45.00;6.28;16.30;14.11;97.20;341.13;2.58;72159.00;94.00;95.00;47.00;4498.00;1010.09;781.24;6.00;1;0;1;0;0;1;0;0;0;0;0;1;1;0;0;0;0;0
1170986;2.35;0.93;93.00;3999.00;18.75;82.50;42.00;8.24;20.17;14.02;203.78;356.85;2.58;72159.00;94.00;94.00;47.00;4516.20;1010.09;214.84;6.00;1;0;1;0;0;1;0;0;0;0;0;1;1;0;0;0;0;0
1172451;1.55;0.89;93.00;3965.00;18.75;82.50;45.00;5.10;13.96;14.11;353.88;364.86;2.58;72159.00;93.00;94.00;47.00;4484.00;1010.09;97.66;6.00;1;0;1;0;0;1;0;0;0;0;0;1;1;0;0;0;0;0
1173942;2.34;0.96;95.00;4029.00;18.75;82.50;42.75;8.24;19.83;14.11;364.66;191.30;2.58;72159.00;94.00;95.00;47.00;4509.80;1010.09;742.18;6.00;1;0;1;0;0;1;0;0;0;0;0;1;1;0;0;0;0;0
1175562;2.63;0.97;95.00;4037.00;18.75;82.50;41.25;9.02;21.39;14.02;174.91;255.24;2.58;72159.00;95.00;95.00;47.00;4512.80;1010.09;644.52;6.00;1;0;1;0;0;1;0;0;0;0;0;1;1;0;0;0;0;0
1176973;2.14;0.93;95.00;4033.00;18.75;82.50;44.25;7.06;18.21;14.11;244.59;210.22;2.58;72159.00;94.00;95.00;47.00;4485.80;1010.09;898.43;6.00;1;0;1;0;0;1;0;0;0;0;0;1;1;0;0;0;0;0
1178410;2.02;0.95;92.00;3903.00;18.75;81.75;43.50;6.28;16.97;14.11;235.18;265.71;2.58;72159.00;91.00;92.00;48.00;4514.80;1010.09;800.77;6.00;1;0;1;0;0;1;0;0;0;0;0;0;1;0;0;0;0;0
1179856;1.34;1.00;91.00;3803.00;18.75;81.75;44.25;3.92;11.02;14.11;24.71;23.26;2.58;72159.00;92.00;91.00;48.00;4507.60;1010.09;898.43;6.00;1;0;1;0;0;1;0;0;0;0;0;1;1;0;0;0;0;0
1181227;2.10;0.93;90.00;3838.00;18.75;81.75;42.75;7.06;18.06;14.02;3.75;2.54;2.58;72159.00;89.00;90.00;48.00;4526.20;1010.09;878.90;6.00;1;0;1;0;0;1;0;0;0;0;0;1;1;0;0;0;0;0
1182591;2.54;0.91;91.00;3847.00;18.75;81.75;39.00;9.41;22.00;14.11;2.01;0.53;2.58;72159.00;90.00;91.00;48.00;4521.00;1010.09;839.83;6.00;1;0;1;0;0;1;0;0;0;0;0;1;1;0;0;0;0;0
1184054;2.66;0.98;91.00;3874.00;18.75;81.75;39.75;9.02;21.38;14.02;1.43;3.52;2.58;72159.00;91.00;91.00;48.00;4522.00;1010.09;722.65;6.00;1;0;1;0;0;1;0;0;0;0;0;1;1;0;0;0;0;0
1185599;2.64;0.94;92.00;3903.00;18.75;81.75;39.75;9.41;21.88;14.02;0.20;0.12;2.58;72159.00;91.00;92.00;48.00;4506.40;1010.09;175.78;6.00;1;0;1;0;0;1;0;0;0;0;0;1;1;0;0;0;0;0
1187047;2.17;0.92;91.00;3877.00;18.75;81.75;42.75;7.06;18.70;14.11;1.15;1.76;2.58;72159.00;91.00;92.00;48.00;4517.60;1010.09;117.19;6.00;1;0;1;0;0;1;0;0;0;0;0;1;1;0;0;0;0;0
1188539;1.85;0.89;90.00;3837.00;18.75;81.75;42.75;6.28;16.60;14.11;2.09;0.59;2.58;72159.00;89.00;91.00;48.00;4506.00;1010.09;78.12;6.00;1;0;1;0;0;1;0;0;0;0;0;1;1;0;0;0;0;0
1190032;2.38;0.87;90.00;3807.00;18.75;81.75;39.75;9.02;21.54;14.02;1.05;2.32;2.58;72159.00;90.00;90.00;48.00;4518.20;1010.09;58.59;6.00;1;0;1;0;0;1;0;0;0;0;0;1;1;0;0;0;0;0
1191476;1.89;0.96;90.00;3806.00;18.75;81.75;42.75;5.88;15.66;14.11;2.01;1.58;2.58;72159.00;89.00;90.00;48.00;4499.40;1010.09;859.36;6.00;1;0;1;0;0;1;0;0;0;0;0;1;1;0;0;0;0;0
1192990;1.69;0.87;88.00;3748.00;18.75;81.75;42.00;5.49;15.54;13.92;0.47;0;2.82;72159.00;88.00;89.00;48.00;4511.00;1010.09;214.84;6.00;1;0;1;0;0;1;0;0;0;0;0;1;1;0;0;0;0;0
1194505;2.50;0.96;87.00;3734.00;18.75;81.75;39.75;8.24;20.56;14.11;0;1.19;2.58;72159.00;87.00;88.00;48.00;4512.20;1010.09;644.52;6.00;1;0;1;0;0;1;0;0;0;0;0;1;1;0;0;0;0;0
1196006;2.27;0.91;88.00;3779.00;18.75;81.75;40.50;7.84;19.80;14.02;0.82;1.89;2.58;72159.00;87.00;89.00;48.00;4515.80;1010.09;878.90;6.00;1;0;1;0;0;1;0;0;0;0;0;1;1;0;0;0;0;0
1197602;1.66;0.95;87.00;3705.00;18.75;81.75;42.75;5.10;14.10;14.11;0.88;0.35;2.58;72159.00;87.00;87.00;48.00;4517.80;1010.09;761.71;6.00;1;0;1;0;0;1;0;0;0;0;0;1;1;0;0;0;0;0
1199046;1.55;0.89;86.00;3623.00;18.75;81.75;41.25;5.10;13.86;14.02;0.31;1.23;2.58;72159.00;85.00;86.00;48.00;4500.80;1010.09;878.90;6.00;1;0;1;0;0;1;0;0;0;0;0;1;1;0;0;0;0;0
1200647;2.07;0.88;87.00;3686.00;18.75;81.75;41.25;7.06;18.85;14.11;1.02;2.09;2.58;72159.00;86.00;87.00;48.00;4498.00;1010.09;859.36;6.00;1;0;1;0;0;1;0;0;0;0;0;1;1;0;0;0;0;0
1202093;1.61;0.99;86.00;3665.00;18.75;81.75;42.00;4.71;13.13;14.11;0.76;4.22;2.58;72160.00;86.00;87.00;48.00;4499.00;1010.09;859.36;6.00;1;0;1;0;0;1;0;0;0;0;0;1;1;0;0;0;0;0
1203582;1.95;0.89;85.00;3606.00;18.75;81.75;40.50;6.28;17.56;14.11;1.02;0.45;2.58;72160.00;84.00;85.00;48.00;4490.20;1010.09;878.90;6.00;1;0;1;0;0;1;0;0;0;0;0;1;1;0;0;0;0;0
1205177;2.43;0.93;86.00;3648.00;18.75;81.75;39.00;8.24;21.15;14.11;0.88;0;2.58;72160.00;85.00;86.00;48.00;4493.60;1010.09;820.30;6.00;1;0;1;0;0;1;0;0;0;0;0;1;1;0;0;0;0;0
1206681;2.13;0.94;83.00;3559.00;18.75;81.75;40.50;6.67;18.32;14.11;0;3.87;2.58;72160.00;84.00;84.00;48.00;4518.40;1010.09;722.65;6.00;1;0;1;0;0;1;0;0;0;0;0;1;1;0;0;0;0;0
1208128;1.35;0.96;81.00;3436.00;18.75;81.75;39.00;3.53;11.32;14.11;1.74;2.01;2.58;72160.00;81.00;81.00;48.00;4524.20;1010.09;664.05;6.00;1;0;1;0;0;1;0;0;0;0;0;1;1;0;0;0;0;0
1209676;2.31;0.94;77.00;3308.00;18.75;81.75;36.75;7.06;19.71;14.02;1.17;0.06;2.58;72160.00;77.00;78.00;48.00;4511.80;1009.90;761.71;6.00;1;0;1;0;0;1;0;0;0;0;0;1;1;0;0;0;0;0
1211128;3.25;0.99;78.00;3334.00;18.75;81.75;31.50;11.77;25.78;14.11;0;0;2.58;72160.00;78.00;79.00;48.00;4513.20;1009.70;546.87;6.00;1;0;1;0;0;1;0;0;0;0;0;1;1;0;0;0;0;0
1212651;1.54;0.94;78.00;3320.00;18.75;81.75;38.25;4.31;13.36;14.11;1.60;0.90;2.58;72160.00;78.00;78.00;48.00;4524.00;1009.54;507.81;6.00;1;0;1;0;0;1;0;0;0;0;0;1;1;0;0;0;0;0
1214092;2.48;0.93;78.00;3320.00;18.75;82.50;36.00;7.84;21.18;14.02;181.59;228.05;2.58;72160.00;77.00;79.00;47.00;4505.20;1009.35;78.12;6.00;1;0;1;0;0;1;0;0;0;0;0;1;1;0;0;0;0;0
1215608;1.24;0.92;78.00;3344.00;18.75;82.50;38.25;2.35;13.53;14.02;256.57;242.23;2.58;72160.00;78.00;79.00;47.00;4576.40;1009.15;19.53;6.00;1;0;1;0;0;1;0;0;0;0;0;1;1;0;0;0;0;0
1217020;0.66;1.00;71.00;3037.00;18.75;82.50;-30.00;0;0;14.11;200.30;219.46;2.58;72160.00;72.00;72.00;47.00;4582.60;1009.00;0;6.00;1;0;1;0;0;1;0;0;0;0;0;1;1;0;0;0;0;0
1218545;0.78;1.00;61.00;2588.00;18.75;82.50;-30.00;0;0;14.21;326.78;332.93;2.58;72160.00;60.00;61.00;47.00;4298.20;1008.92;0;6.00;1;0;1;0;0;1;0;0;1;0;0;1;1;0;0;0;0;0
1219979;0.93;1.00;52.00;2204.00;18.75;82.50;14.25;0;12.16;14.11;137.55;160.89;2.58;72160.00;52.00;52.00;38.00;4486.00;1008.96;39.06;6.00;1;0;1;0;0;1;0;0;1;0;0;1;1;0;0;0;0;0
1221643;0.98;1.00;47.00;2015.00;18.75;82.50;14.25;0;12.25;14.30;179.09;183.43;2.58;72160.00;48.00;48.00;38.00;4506.60;1009.27;39.06;6.00;1;0;1;0;0;1;0;0;1;0;0;1;1;0;0;0;0;0
1223136;1;1.00;41.00;1956.00;18.75;82.50;14.25;0;12.25;14.21;142.33;226.41;2.58;72160.00;42.00;42.00;39.00;4507.20;1009.74;839.83;5.00;1;0;1;0;0;1;0;0;1;0;0;1;1;0;0;0;0;0
1224809;0.92;1.00;37.00;1980.00;18.75;82.50;14.25;0;12.26;14.21;205.05;162.26;2.58;72160.00;38.00;38.00;40.00;4516.80;1009.90;39.06;3.00;1;0;1;0;0;1;0;0;1;0;0;1;1;0;0;0;0;0
1226303;1.04;1.00;30.00;1849.00;18.75;82.50;15.00;0;12.14;14.30;150.87;129.33;2.58;72160.00;30.00;30.00;38.00;4524.80;1010.01;78.12;3.00;1;0;1;1;0;1;0;0;1;0;0;1;1;0;0;0;0;0
1227732;1.10;1.00;22.00;1761.00;18.75;82.50;13.50;0;12.21;14.11;91.40;59.51;2.58;72160.00;22.00;22.00;40.00;4473.20;1010.05;878.90;2.00;1;0;1;1;0;1;0;0;1;0;0;1;1;0;0;1;0;0
1229303;1.42;0.95;10.00;1238.00;18.75;83.25;15.75;0;12.37;14.39;79.08;102.83;2.31;72160.00;10.00;10.00;38.00;4514.60;1010.05;703.12;1;1;0;1;1;0;1;0;0;1;0;0;1;1;0;0;1;0;0
1230806;1.23;0.94;5.00;1299.00;18.75;83.25;12.00;0;11.66;14.39;225.22;212.29;2.31;72160.00;5.00;5.00;38.00;4524.40;1010.05;58.59;1;1;0;1;1;0;1;0;0;1;0;0;1;1;0;0;1;0;0
1232373;1.38;0.98;0;1231.00;18.75;83.25;16.50;0;12.36;14.39;232.62;179.46;2.31;72160.00;0;0;37.00;4503.00;1010.05;644.52;1;1;0;1;0;0;1;0;0;1;0;0;1;1;0;0;0;0;0
1233808;1.35;0.96;0;1254.00;18.75;83.25;15.00;0;12.11;14.30;142.55;97.28;2.58;72160.00;0;0;38.00;4512.20;1010.05;58.59;1;1;0;1;0;0;1;0;0;1;0;0;1;1;0;0;0;0;0
1235299;1.35;0.99;0;1231.00;18.75;83.25;17.25;0;12.59;14.30;115.77;151.77;2.58;72160.00;0;0;39.00;4510.60;1010.05;800.77;1;1;0;1;0;0;1;0;0;1;0;0;1;1;0;0;1;0;0
1236740;1.38;0.96;0;1218.00;18.75;84.00;18.00;0;12.73;14.49;205.57;241.86;2.31;72160.00;0;0;39.00;4518.00;1010.05;58.59;1;1;0;1;0;0;1;0;0;1;0;0;1;1;0;0;0;0;0
1238204;1.28;0.97;0;1250.00;18.75;84.00;15.00;0;12.14;14.39;260.90;217.00;2.31;72160.00;0;0;38.00;4515.40;1010.05;820.30;1;1;0;1;0;0;1;0;0;1;0;0;1;1;0;0;0;0;0
1239739;1.30;0.96;0;1268.00;18.75;84.00;14.25;0;12.10;14.39;285.53;198.48;2.31;72160.00;0;0;39.00;4508.40;1010.05;97.66;1;1;0;1;0;0;1;0;0;1;0;0;1;1;0;0;0;0;0
1241170;1.26;0.96;0;1259.00;18.75;84.75;13.50;0;11.95;14.39;302.91;210.28;2.31;72160.00;0;0;38.00;4523.00;1010.05;97.66;1;1;0;1;0;0;1;0;0;1;0;0;1;1;0;0;0;0;0
1242650;4.06;1.00;0;1541.00;18.75;84.75;11.25;5.49;23.63;14.21;275.84;258.50;2.58;72160.00;0;0;49.00;4568.00;1010.05;859.36;1;1;0;1;0;0;1;0;0;1;0;0;1;1;0;0;0;0;0
1244184;1.32;0.97;0;1279.00;18.75;84.75;12.75;0;11.97;14.30;188.02;175.63;2.58;72160.00;0;0;39.00;4507.00;1010.05;820.30;1;1;0;1;0;0;1;0;0;1;0;0;1;1;0;0;0;0;0
1245675;1.27;0.94;0;1235.00;18.75;84.75;15.75;0;12.40;14.39;129.62;145.23;2.31;72160.00;0;0;40.00;4525.20;1010.05;58.59;1;1;0;1;0;0;1;0;0;1;0;0;1;1;0;0;0;0;0
1247160;1.38;0.97;0;1257.00;18.75;85.50;13.50;0;11.94;14.39;231.66;176.41;2.31;72160.00;0;0;38.00;4517.40;1010.05;761.71;1;1;0;1;1;0;1;0;0;1;0;0;1;1;0;0;1;0;0
1248647;1.34;0.96;0;1210.00;18.75;85.50;17.25;0;12.56;14.39;298.30;222.47;2.31;72160.00;0;0;38.00;4522.80;1010.05;78.12;1;1;0;1;0;0;1;0;0;1;0;0;1;1;0;0;0;0;0
1250125;1.31;0.95;0;1243.00;18.75;85.50;15.00;0;12.10;14.30;212.90;220.98;2.58;72160.00;0;0;38.00;4514.00;1010.05;253.90;1;1;0;1;0;0;1;0;0;1;0;0;1;1;0;0;0;0;0
1251593;1.30;0.97;0;1283.00;18.75;85.50;13.50;0;11.99;14.39;215.30;191.55;2.31;72160.00;0;0;40.00;4502.60;1010.05;39.06;1;1;0;1;0;0;1;0;0;1;0;0;1;1;0;0;0;0;0
1253036;1.38;0.99;0;1233.00;18.75;85.50;15.75;0;12.42;14.49;113.63;99.74;2.31;72160.00;0;0;39.00;4510.60;1010.05;859.36;1;1;0;1;0;0;1;0;0;1;0;0;1;1;0;0;0;0;0
1254494;4.40;1.00;0;2539.00;18.75;85.50;24.00;14.12;30.71;14.11;70.48;62.34;2.58;72160.00;0;0;45.00;4473.80;1010.05;664.05;1;1;0;1;0;0;1;0;0;1;0;0;1;1;0;0;0;0;0
1256206;0;1.00;37.00;4080.00;18.75;85.50;42.00;0;4.54;14.11;7.46;5.35;2.58;72160.00;38.00;38.00;45.00;4448.80;1010.05;839.83;1;1;0;1;0;0;1;0;0;1;0;0;1;1;0;0;0;0;0
1257816;7.72;1.00;60.00;3786.00;18.75;84.75;19.50;30.59;43.33;14.11;229.52;75.48;2.58;72160.00;59.00;60.00;46.00;4487.00;1010.09;839.83;3.00;1;0;1;0;0;1;0;0;1;0;0;1;1;0;0;0;0;0
1259363;6.15;1.00;73.00;4143.00;18.75;84.00;32.25;19.22;33.96;14.11;242.50;313.53;2.58;72160.00;73.00;73.00;46.00;4448.80;1010.05;898.43;4.00;1;0;1;0;0;1;0;0;0;0;0;0;1;0;0;0;0;0
1260727;3.82;0.96;82.00;3795.00;18.75;84.00;31.50;18.04;30.35;14.11;251.84;303.87;2.58;72160.00;81.00;83.00;46.00;4481.00;1010.05;800.77;5.00;1;0;1;0;0;1;0;0;0;0;0;1;1;0;0;0;0;0
1262176;2.35;0.90;85.00;3607.00;18.75;83.25;38.25;7.84;20.79;14.11;243.32;337.91;2.58;72160.00;84.00;85.00;47.00;4498.00;1010.05;136.72;6.00;1;0;1;0;0;1;0;0;0;0;0;1;1;0;0;0;0;0
1263737;2.38;0.94;86.00;3635.00;18.75;83.25;39.00;7.84;20.14;14.11;197.02;213.17;2.58;72160.00;85.00;86.00;47.00;4511.40;1010.05;214.84;6.00;1;0;1;0;0;1;0;0;0;0;0;1;1;0;0;0;0;0
1265230;1.38;0.91;86.00;3639.00;18.75;83.25;42.00;3.92;12.10;14.11;298.71;318.36;2.58;72160.00;85.00;86.00;47.00;4510.40;1009.94;624.99;6.00;1;0;1;0;0;1;0;0;0;0;0;1;1;0;0;0;0;0
1266708;1.06;0.92;83.00;3520.00;18.75;83.25;39.75;2.75;9.25;14.02;329.45;350.97;2.58;72160.00;83.00;83.00;47.00;4512.60;1010.01;722.65;6.00;1;0;1;0;0;1;0;0;0;0;0;1;1;0;0;0;0;0
1268211;1.38;0.92;82.00;3494.00;18.75;82.50;39.75;3.92;12.06;14.11;205.38;330.78;2.58;72160.00;82.00;83.00;47.00;4530.20;1010.05;468.74;6.00;1;0;1;0;0;1;0;0;0;0;0;1;1;0;0;0;0;0
1269678;1.36;0.93;81.00;3457.00;18.75;82.50;39.75;3.92;11.86;14.11;196.20;314.45;2.58;72160.00;81.00;82.00;47.00;4519.00;1010.05;781.24;6.00;1;0;1;0;0;1;0;0;0;0;0;1;1;0;0;0;0;0
1271216;1.30;0.94;80.00;3425.00;18.75;82.50;39.75;3.53;11.15;14.11;304.45;358.84;2.58;72160.00;81.00;81.00;47.00;4518.40;1010.05;312.50;6.00;1;0;1;0;0;1;0;0;0;0;0;1;1;0;0;0;0;0
1272762;1.33;0.95;78.00;3383.00;18.75;81.75;38.25;3.53;11.17;14.21;73.41;63.69;2.58;72160.00;79.00;79.00;48.00;4533.60;1010.05;742.18;6.00;1;0;1;0;0;1;0;0;0;0;0;1;1;0;0;0;0;0
1274210;1.34;0.95;77.00;3297.00;18.75;81.75;38.25;3.53;11.44;14.11;9.92;8.91;2.58;72160.00;78.00;78.00;48.00;4519.40;1010.05;703.12;6.00;1;0;1;0;0;1;0;0;0;0;0;1;1;0;0;0;0;0
1275645;0.63;1.00;76.00;3253.00;18.75;81.75;-30.00;0;0;14.11;1.19;1.00;2.58;72160.00;77.00;76.00;48.00;4485.20;1010.05;0;6.00;1;0;1;0;0;1;0;0;0;0;0;1;1;0;0;0;0;0
1277110;1.14;0.99;73.00;3118.00;18.75;81.75;35.25;1.96;9.26;14.11;0;2.48;2.58;72160.00;73.00;74.00;48.00;4426.00;1010.05;820.30;6.00;1;0;1;0;0;1;0;0;0;0;0;1;1;0;0;0;0;0
1278626;1.71;0.92;73.00;3137.00;18.75;81.75;36.00;4.71;15.18;14.02;1.56;1.11;2.58;72161.00;73.00;74.00;48.00;4513.00;1010.21;39.06;6.00;1;0;1;0;0;1;0;0;0;0;0;1;1;0;0;0;0;0
1280091;1.67;0.96;75.00;3157.00;18.75;81.75;36.00;4.31;14.09;14.02;0.43;1.43;2.58;72161.00;75.00;74.00;48.00;4512.40;1010.37;683.59;6.00;1;0;1;0;0;1;0;0;0;0;0;1;1;0;0;0;0;0
1281551;0.66;1.00;71.00;3021.00;18.75;81.75;-30.00;0;0;14.11;0;0.94;2.58;72161.00;72.00;72.00;48.00;4552.60;1010.48;0;6.00;1;0;1;0;0;1;0;0;0;0;0;1;1;0;0;0;0;0
1283025;0.70;1.00;65.00;2769.00;18.75;81.75;-30.00;0;0;14.11;2.21;1.27;2.58;72161.00;66.00;66.00;48.00;4542.20;1010.48;0;6.00;1;0;1;0;0;1;0;0;0;0;0;1;1;0;0;0;0;0
1284607;0.96;1.00;60.00;2535.00;18.75;81.75;0.75;0;7.93;14.11;0.94;0.66;2.58;72161.00;60.00;60.00;48.00;4203.40;1010.64;19.53;6.00;1;0;1;0;0;1;0;0;1;0;0;1;1;0;0;0;0;0
1286179;3.73;1.00;48.00;2063.00;18.75;81.75;-3.00;6.28;10.48;14.21;9.90;10.41;2.58;72161.00;48.00;49.00;48.00;4517.40;1010.52;19.53;6.00;1;0;1;0;0;1;0;0;1;0;0;1;1;0;0;0;0;0
1287752;0.91;1.00;42.00;2093.00;18.75;81.75;15.00;0;12.35;14.11;15.35;17.23;2.58;72161.00;43.00;43.00;40.00;4514.00;1010.72;78.12;4.00;1;0;1;0;0;1;0;0;1;0;0;1;1;0;0;0;0;0
1289437;1.09;1.00;28.00;1753.00;18.75;81.75;15.00;0;12.39;14.30;35.90;14.43;2.58;72161.00;29.00;29.00;41.00;4516.20;1011.03;800.77;3.00;1;0;1;0;0;1;0;0;1;0;0;0;1;0;0;0;0;0
1291003;1.40;0.96;18.00;1288.00;18.75;81.75;13.50;0;12.07;14.39;17.95;20.14;2.31;72161.00;19.00;19.00;40.00;4515.80;1011.15;761.71;3.00;1;0;1;0;0;1;0;0;1;0;0;1;1;0;0;0;0;0
1292528;1.30;0.95;12.00;1265.00;18.75;81.75;15.00;0;12.30;14.49;13.44;12.66;2.31;72161.00;12.00;12.00;40.00;4517.60;1011.22;58.59;2.00;1;0;1;0;0;1;0;0;1;0;0;1;1;0;0;0;0;0
1294014;1.40;0.96;7.00;1301.00;18.75;81.75;12.75;0;11.95;14.30;11.66;6.50;2.58;72161.00;8.00;7.00;40.00;4513.00;1011.30;761.71;1;1;0;1;0;0;1;0;0;1;0;0;1;1;0;0;0;0;0
1295646;1.41;0.94;0;1264.00;18.75;81.75;15.00;0;12.21;14.39;106.46;167.27;2.31;72161.00;0;0;40.00;4513.80;1011.30;39.06;1;1;0;1;1;0;1;0;0;1;0;0;1;1;0;0;1;0;0
1297296;1.25;0.96;0;1291.00;18.75;82.50;12.75;0;11.78;14.49;81.11;157.65;2.31;72161.00;0;0;38.00;4506.00;1011.30;58.59;1;1;0;1;0;0;1;0;0;1;0;0;1;1;0;0;0;0;0
1298839;1.31;1.00;0;1267.00;18.75;82.50;15.00;0;12.13;14.39;66.66;132.28;2.31;72161.00;0;0;39.00;4520.60;1011.30;312.50;1;1;0;1;0;0;1;0;0;1;0;0;1;1;0;0;0;0;0
1300400;1.36;1.02;0;1239.00;18.75;82.50;16.50;0;12.44;14.21;180.01;169.74;2.58;72161.00;0;0;38.00;4505.20;1011.30;488.28;1;1;0;1;0;0;1;0;0;1;0;0;1;1;0;0;0;0;0
1301833;1.72;0.94;28.00;3124.00;18.75;84.00;36.00;3.92;14.72;14.11;298.71;317.68;2.58;72161.00;28.00;28.00;46.00;4522.00;1011.30;839.83;1;1;0;1;0;0;1;0;0;1;0;0;1;1;0;0;0;0;0
1307974;1.43;0.90;30.00;3355.00;18.75;84.00;39.00;3.53;12.58;14.11;344.76;347.38;2.58;72161.00;31.00;30.00;46.00;4512.20;1011.30;292.97;1;1;0;1;0;0;1;0;0;1;0;0;1;1;0;0;0;0;0
1309377;0.90;0.92;27.00;3008.00;18.75;84.00;34.50;0.78;7.50;14.11;329.84;293.44;2.58;72161.00;28.00;27.00;46.00;4521.40;1011.30;820.30;1;1;0;1;0;0;1;0;0;1;0;0;1;1;0;0;0;0;0
1310764;1.02;0.93;23.00;2541.00;18.75;83.25;26.25;0.78;8.32;14.11;301.09;305.57;2.58;72161.00;23.00;23.00;47.00;4479.20;1011.30;839.83;1;1;0;1;0;0;1;0;0;1;0;0;1;1;0;0;0;0;0
1312220;0.90;1.00;20.00;2031.00;18.75;83.25;14.25;0;12.07;14.11;311.86;312.62;2.58;72161.00;20.00;19.00;38.00;4518.40;1011.30;58.59;1;1;0;1;0;0;1;0;0;1;0;0;1;1;0;0;0;0;0
1313699;1.35;1.02;12.00;1343.00;18.75;83.25;13.50;0;11.86;14.49;264.20;221.00;2.31;72161.00;12.00;12.00;38.00;4488.20;1011.30;878.90;1;1;0;1;0;0;1;0;0;1;0;0;1;1;0;0;0;0;0
1315086;1.34;0.98;7.00;1266.00;18.75;83.25;14.25;0;12.04;14.39;213.50;255.63;2.31;72161.00;8.00;8.00;38.00;4504.00;1011.30;78.12;1;1;0;1;0;0;1;0;0;1;0;0;1;1;0;0;0;0;0
1317095;1.46;1.01;6.00;1236.00;18.75;83.25;16.50;0;12.47;14.39;208.19;199.03;2.31;72161.00;7.00;7.00;39.00;4489.20;1011.30;859.36;1;1;0;1;0;0;1;0;0;1;0;0;1;1;0;0;0;0;0
1318476;1.33;0.97;6.00;1256.00;18.75;83.25;15.00;0;12.18;14.49;157.18;180.81;2.31;72161.00;6.00;6.00;39.00;4499.00;1011.30;917.96;1;1;0;1;0;0;1;0;0;1;0;0;1;1;0;0;0;0;0
1319790;1.39;0.98;5.00;1309.00;18.75;83.25;12.75;0;12.07;14.39;84.15;105.83;2.31;72161.00;5.00;5.00;40.00;4496.80;1011.30;859.36;1;1;0;1;0;0;1;0;0;1;0;0;1;1;0;0;0;0;0
1321149;1.28;0.94;0;1262.00;18.75;83.25;14.25;0;12.27;14.30;52.40;66.83;2.58;72161.00;0;0;40.00;4508.20;1011.30;58.59;1;1;0;1;0;0;1;0;0;1;0;0;1;1;0;0;0;0;0
1322584;1.29;0.97;0;1298.00;18.75;83.25;12.00;0;11.85;14.39;28.77;30.21;2.31;72161.00;0;0;41.00;4506.40;1011.30;58.59;1;1;0;1;0;0;1;0;0;1;0;0;1;1;0;0;0;0;0
1323952;1.34;0.99;0;1268.00;18.75;83.25;13.50;0;12.05;14.39;52.11;58.84;2.31;72161.00;0;0;39.00;4515.80;1011.30;214.84;1;1;0;1;0;0;1;0;0;1;0;0;1;1;0;0;0;0;0
1325314;2.82;1.00;0;2474.00;18.75;84.00;24.75;5.49;20.04;14.11;144.39;137.10;2.58;72161.00;0;0;46.00;4435.20;1011.30;878.90;1;1;0;1;0;0;1;0;0;1;0;0;1;1;0;0;0;0;0
1327120;4.50;0.98;28.00;3256.00;18.75;84.00;22.50;21.57;35.34;14.11;152.51;189.77;2.58;72161.00;29.00;29.00;46.00;4566.00;1011.30;859.36;1;1;0;1;0;0;1;0;0;1;0;0;1;1;0;0;0;0;0
1328614;3.92;1.00;43.00;3393.00;18.75;84.00;29.25;16.08;30.89;13.92;250.12;302.34;2.82;72161.00;43.00;44.00;46.00;4374.60;1011.30;839.83;2.00;1;0;1;0;0;1;0;0;1;0;0;1;1;0;0;0;0;0
1329947;3.83;1.00;55.00;4284.00;18.75;84.00;33.00;19.22;32.79;14.11;348.08;352.44;2.58;72161.00;54.00;55.00;46.00;4568.40;1011.30;820.30;2.00;1;0;1;0;0;1;0;0;1;0;0;0;1;0;0;0;0;0
1331376;2.17;1.00;60.00;4596.00;18.75;84.00;46.50;7.45;18.76;14.02;347.15;332.11;2.58;72161.00;59.00;60.00;46.00;4407.60;1010.95;898.43;2.00;1;0;1;0;0;1;0;0;1;0;0;1;1;0;0;0;0;0
1332701;0.54;1.00;50.00;3846.00;18.75;84.00;-30.00;0;0;14.11;197.68;231.22;2.58;72161.00;51.00;50.00;46.00;4503.00;1010.68;0;2.00;1;0;1;0;0;1;0;0;1;0;0;1;1;0;0;0;0;0
1334234;1.43;1.00;41.00;3202.00;18.75;84.00;36.75;2.75;11.13;14.02;160.36;287.42;2.58;72161.00;41.00;41.00;46.00;4403.20;1010.33;898.43;2.00;1;0;1;0;0;1;0;0;1;0;0;1;1;0;0;0;0;0
1335636;2.60;1.00;41.00;3171.00;18.75;84.00;36.00;6.67;20.21;13.92;324.63;341.19;2.82;72161.00;40.00;41.00;46.00;4478.60;1010.17;898.43;2.00;1;0;1;0;0;1;0;0;1;0;0;1;1;0;0;0;0;0
1336906;4.33;0.97;46.00;3638.00;18.75;84.00;27.75;20.00;34.31;14.02;343.08;338.04;2.58;72161.00;45.00;46.00;46.00;4566.00;1010.13;214.84;2.00;1;0;1;0;0;1;0;0;1;0;0;1;1;0;0;0;0;0
1338393;3.90;0.96;53.00;4135.00;18.75;84.00;33.00;17.26;31.35;14.02;263.44;287.81;2.58;72161.00;52.00;53.00;46.00;4561.40;1010.09;839.83;2.00;1;0;1;0;0;1;0;0;1;0;0;1;1;0;0;0;0;0
1339804;3.39;0.94;58.00;3630.00;18.75;83.25;33.00;14.12;28.50;14.02;174.85;174.03;2.58;72161.00;59.00;59.00;47.00;4468.20;1009.74;136.72;3.00;1;0;1;0;0;1;0;0;1;0;0;1;1;0;0;0;0;0
1341256;2.67;0.91;61.00;3738.00;18.75;83.25;39.00;9.41;23.58;14.11;329.90;344.12;2.58;72161.00;61.00;62.00;47.00;4512.60;1009.51;800.77;3.00;1;0;1;0;0;1;0;0;1;0;0;1;1;0;0;0;0;0
1342758;2.43;0.99;61.00;3741.00;18.75;83.25;41.25;7.06;19.76;14.11;335.70;321.80;2.58;72161.00;61.00;61.00;47.00;4513.00;1009.11;839.83;3.00;1;0;1;0;0;1;0;0;1;0;0;1;1;0;0;0;0;0
1344248;2.51;0.92;62.00;3801.00;18.75;83.25;40.50;8.24;21.66;14.11;302.25;266.64;2.58;72161.00;61.00;62.00;47.00;4500.20;1008.96;898.43;3.00;1;0;1;0;0;1;0;0;1;0;0;1;1;0;0;0;0;0
1345743;3.85;1.00;65.00;3982.00;18.75;83.25;35.25;14.90;28.57;14.02;246.80;215.04;2.58;72161.00;63.00;65.00;47.00;4552.20;1008.84;898.43;3.00;1;0;1;0;0;1;0;0;1;0;0;1;1;0;0;0;0;0
1347271;3.29;1.00;70.00;3632.00;18.75;83.25;33.75;12.16;25.55;14.11;330.23;343.59;2.58;72161.00;70.00;70.00;47.00;4396.00;1008.57;878.90;4.00;1;0;1;0;0;1;0;0;0;0;0;1;1;0;0;0;0;0
1348747;2.14;0.90;68.00;3600.00;18.75;83.25;40.50;7.06;18.98;13.92;335.37;332.13;2.82;72161.00;69.00;69.00;47.00;4507.60;1008.06;175.78;4.00;1;0;1;0;0;1;0;0;0;0;0;1;1;0;0;0;0;0
1350256;3.42;1.00;68.00;3603.00;18.75;83.25;33.00;13.33;26.03;14.11;323.24;341.81;2.58;72161.00;68.00;69.00;47.00;4533.00;1007.79;624.99;4.00;1;0;1;0;0;1;0;0;0;0;0;1;1;0;0;0;0;0
1351777;2.50;0.92;71.00;3668.00;18.75;83.25;37.50;9.41;22.37;14.11;320.19;240.94;2.58;72161.00;69.00;71.00;47.00;4491.40;1007.44;859.36;4.00;1;0;1;0;0;1;0;0;0;0;0;1;1;0;0;0;0;0
1353236;1.85;0.88;67.00;3508.00;18.75;83.25;40.50;5.88;16.89;14.02;351.74;340.06;2.58;72161.00;68.00;68.00;47.00;4514.00;1006.97;78.12;4.00;1;0;1;0;0;1;0;0;0;0;0;1;1;0;0;0;0;0
1354739;1.93;0.93;65.00;3361.00;18.75;82.50;38.25;5.88;16.92;14.02;351.83;336.68;2.58;72161.00;64.00;65.00;47.00;4494.80;1006.58;878.90;4.00;1;0;1;0;0;1;0;0;0;0;0;1;1;0;0;0;0;0
1356270;1.07;0.99;60.00;3101.00;18.75;82.50;35.25;1.96;9.00;14.02;295.37;326.40;2.58;72161.00;59.00;60.00;47.00;4526.20;1006.46;878.90;4.00;1;0;1;0;0;1;0;0;1;0;0;1;1;0;0;0;0;0
1357719;3.02;0.96;56.00;2916.00;18.75;82.50;31.50;9.02;24.75;14.11;276.74;320.29;2.58;72161.00;55.00;56.00;47.00;4507.60;1006.42;761.71;4.00;1;0;1;0;0;1;0;0;1;0;0;1;1;0;0;0;0;0
1359271;2.86;0.94;56.00;2946.00;18.75;82.50;32.25;8.63;24.54;14.11;314.55;304.90;2.58;72161.00;56.00;57.00;47.00;4512.60;1005.87;78.12;4.00;1;0;1;0;0;1;0;0;1;0;0;1;1;0;0;0;0;0
1360763;2.39;0.93;57.00;3004.00;18.75;82.50;34.50;6.67;20.92;14.11;324.24;322.62;2.58;72161.00;57.00;58.00;47.00;4508.20;1005.60;800.77;4.00;1;0;1;0;0;1;0;0;1;0;0;1;1;0;0;0;0;0
1362232;3.86;0.97;60.00;3077.00;18.75;82.50;27.00;16.08;31.21;14.11;216.78;210.73;2.58;72161.00;58.00;60.00;47.00;4532.20;1005.33;449.21;4.00;1;0;1;0;0;1;0;0;0;0;0;1;1;0;0;0;0;0
1363780;4.36;1.00;65.00;3354.00;18.75;82.50;24.00;21.18;33.35;14.02;270.94;283.42;2.58;72161.00;64.00;65.00;47.00;4482.20;1005.21;820.30;4.00;1;0;1;0;0;1;0;0;0;0;0;1;1;0;0;0;0;0
1365409;6.39;0.95;77.00;4024.00;18.75;82.50;14.25;40.00;46.21;14.02;299.79;342.58;2.58;72161.00;75.00;77.00;47.00;4598.00;1005.13;136.72;4.00;1;0;1;0;0;1;0;0;0;0;0;1;1;0;0;0;0;0
1366832;4.18;1.00;82.00;3828.00;18.75;82.50;30.75;18.83;30.96;14.11;278.22;321.41;2.58;72161.00;82.00;83.00;47.00;4420.00;1004.54;800.77;5.00;1;0;1;0;0;1;0;0;0;0;0;1;1;0;0;0;0;0
1368337;2.66;0.87;82.00;3804.00;18.75;82.50;37.50;10.98;23.95;14.11;194.93;169.79;2.58;72162.00;81.00;82.00;47.00;4490.80;1004.15;117.19;5.00;1;0;1;0;0;1;0;0;0;0;0;1;1;0;0;0;0;0
1369785;2.58;0.92;81.00;3690.00;18.75;82.50;38.25;9.81;22.34;14.02;227.49;243.40;2.58;72162.00;81.00;81.00;47.00;4508.60;1003.92;781.24;5.00;1;0;1;0;0;1;0;0;0;0;0;1;1;0;0;0;0;0
1371335;2.37;0.92;77.00;3574.00;18.75;82.50;39.00;7.84;20.39;14.11;292.77;339.39;2.58;72162.00;77.00;78.00;47.00;4501.60;1003.37;78.12;5.00;1;0;1;0;0;1;0;0;0;0;0;1;1;0;0;0;0;0
1372835;4.18;1.00;76.00;3531.00;18.00;82.50;28.50;17.65;30.83;14.11;328.89;329.74;2.58;72162.00;75.00;76.00;47.00;4534.00;1002.94;136.72;5.00;1;0;1;0;0;1;0;0;0;0;0;1;1;0;0;0;0;0
1374386;3.47;0.99;76.00;3524.00;18.00;82.50;32.25;14.90;27.35;14.02;335.27;313.67;2.58;72162.00;76.00;77.00;47.00;4521.00;1002.75;488.28;5.00;1;0;1;0;0;1;0;0;0;0;0;1;1;0;0;0;0;0
1375857;3.16;0.95;77.00;3579.00;18.00;82.50;33.00;12.94;25.94;14.02;336.05;329.31;2.58;72162.00;76.00;78.00;47.00;4507.60;1002.55;781.24;5.00;1;0;1;0;0;1;0;0;0;0;0;1;1;0;0;0;0;0
1377222;3.02;0.93;77.00;3542.00;18.00;82.50;33.75;12.16;25.42;14.11;352.97;355.56;2.58;72162.00;76.00;77.00;47.00;4505.80;1002.12;195.31;5.00;1;0;1;0;0;1;0;0;0;0;0;1;1;0;0;0;0;0
1378770;3.14;0.97;76.00;3503.00;18.00;82.50;33.75;12.16;25.44;14.02;350.93;339.28;2.58;72162.00;76.00;76.00;47.00;4527.20;1001.69;859.36;5.00;1;0;1;0;0;1;0;0;0;0;0;1;1;0;0;0;0;0
1380221;2.59;1.00;77.00;3595.00;18.00;82.50;38.25;8.24;21.25;14.11;311.29;338.85;2.58;72162.00;77.00;78.00;47.00;4485.40;1001.54;859.36;5.00;1;0;1;0;0;1;0;0;0;0;0;1;1;0;0;0;0;0
1381699;4.26;1.00;78.00;3614.00;18.00;82.50;29.25;19.22;31.22;14.11;338.57;348.34;2.58;72162.00;77.00;79.00;47.00;4525.80;1001.42;722.65;5.00;1;0;1;0;0;1;0;0;0;0;0;1;1;0;0;0;0;0
1383131;4.91;1.00;81.00;3804.00;18.00;82.50;26.25;21.18;33.76;14.02;322.71;353.32;2.58;72162.00;79.00;81.00;47.00;4535.80;1000.95;722.65;5.00;1;0;1;0;0;1;0;0;0;0;0;1;1;0;0;0;0;0
1384577;3.40;0.98;83.00;3840.00;18.00;82.50;33.75;14.90;26.97;14.11;317.97;269.81;2.58;72162.00;82.00;84.00;47.00;4492.20;1000.56;878.90;5.00;1;0;1;0;0;1;0;0;0;0;0;1;1;0;0;0;0;0
1385948;2.13;0.98;81.00;3721.00;18.00;82.50;42.00;6.28;17.43;14.11;192.57;220.86;2.58;72162.00;80.00;81.00;47.00;4493.60;1000.36;859.36;5.00;1;0;1;0;0;1;0;0;0;0;0;1;1;0;0;0;0;0
1387444;3.39;0.95;80.00;3660.00;18.00;82.50;33.00;14.51;26.66;14.11;250.41;251.94;2.58;72162.00;79.00;80.00;47.00;4536.80;1000.25;605.46;5.00;1;0;1;0;0;1;0;0;0;0;0;1;1;0;0;0;0;0
1388890;3.86;0.97;81.00;3743.00;18.00;82.50;30.75;18.43;30.56;14.11;325.04;343.32;2.58;72162.00;80.00;82.00;47.00;4507.40;1000.13;859.36;5.00;1;0;1;0;0;1;0;0;0;0;0;1;1;0;0;0;0;0
1390392;4.11;0.98;81.00;3753.00;18.00;82.50;29.25;19.22;31.57;14.11;313.81;330.92;2.58;72162.00;80.00;82.00;47.00;4543.40;999.58;859.36;5.00;1;0;1;0;0;1;0;0;0;0;0;1;1;0;0;0;0;0
1391844;3.38;0.94;81.00;3719.00;18.00;82.50;33.75;14.51;26.29;14.02;231.25;258.13;2.58;72162.00;80.00;81.00;47.00;4507.80;999.19;468.74;5.00;1;0;1;0;0;1;0;0;0;0;0;1;1;0;0;0;0;0
1393339;3.38;0.94;82.00;3802.00;18.00;82.50;33.00;15.69;28.02;14.11;323.48;328.26;2.58;72162.00;81.00;83.00;47.00;4520.60;999.04;781.24;5.00;1;0;1;0;0;1;0;0;0;0;0;1;1;0;0;0;0;0
1394834;3.13;0.96;81.00;3771.00;18.00;82.50;34.50;13.33;25.87;14.11;350.60;350.97;2.58;72162.00;81.00;82.00;47.00;4510.20;998.84;761.71;5.00;1;0;1;0;0;1;0;0;0;0;0;1;1;0;0;0;0;0
1396327;2.61;0.93;80.00;3721.00;18.00;82.50;37.50;9.41;22.21;14.11;332.09;281.39;2.58;72162.00;79.00;80.00;47.00;4481.20;998.18;839.83;5.00;1;0;1;0;0;1;0;0;0;0;0;1;1;0;0;0;0;0
1397787;3.59;0.94;80.00;3690.00;18.00;82.50;32.25;15.69;27.71;14.11;283.03;272.07;2.58;72162.00;78.00;80.00;47.00;4523.80;997.90;703.12;5.00;1;0;1;0;0;1;0;0;0;0;0;1;1;0;0;0;0;0
1399253;3.30;0.97;80.00;3681.00;18.00;82.50;33.75;14.12;26.56;14.11;351.56;337.79;2.58;72162.00;79.00;80.00;47.00;4502.40;997.36;800.77;5.00;1;0;1;0;0;1;0;0;0;0;0;1;1;0;0;0;0;0
1400846;4.27;0.96;81.00;3730.00;17.25;82.50;27.00;21.18;33.59;14.11;350.68;318.92;2.58;72162.00;79.00;81.00;47.00;4550.80;996.77;839.83;5.00;1;0;1;0;0;1;0;0;0;0;0;1;1;0;0;0;0;0
1402290;2.56;0.88;81.00;3740.00;17.25;82.50;37.50;10.20;22.78;14.11;306.54;327.19;2.58;72162.00;82.00;82.00;47.00;4502.20;996.61;859.36;5.00;1;0;1;0;0;1;0;0;0;0;0;1;1;0;0;0;0;0
1403784;2.72;0.96;81.00;3751.00;17.25;82.50;38.25;9.81;22.30;14.11;220.20;206.20;2.58;72162.00;80.00;82.00;47.00;4503.00;996.54;683.59;5.00;1;0;1;0;0;1;0;0;0;0;0;1;1;0;0;0;0;0
1405279;2.26;0.90;78.00;3581.00;17.25;82.50;39.75;7.45;19.96;14.11;321.76;303.63;2.58;72162.00;78.00;78.00;47.00;4509.80;996.46;566.40;5.00;1;0;1;0;0;1;0;0;0;0;0;1;1;0;0;0;0;0
1406831;1.21;0.98;71.00;3309.00;17.25;82.50;38.25;2.75;10.17;14.21;310.61;317.77;2.58;72162.00;71.00;72.00;47.00;4553.60;995.79;878.90;5.00;1;0;1;0;0;1;0;0;0;0;0;1;1;0;0;0;0;0
1408251;0.82;1.00;63.00;2895.00;17.25;82.50;32.25;0.39;6.69;14.11;342.40;352.58;2.58;72162.00;63.00;63.00;47.00;4257.60;995.48;859.36;5.00;1;0;1;0;0;1;0;0;0;0;0;1;1;0;0;0;0;0
1409702;1.38;1.00;55.00;2530.00;17.25;82.50;3.00;0;8.19;14.21;290.04;313.77;2.58;72162.00;55.00;55.00;47.00;4164.80;995.33;19.53;5.00;1;0;1;0;0;1;0;0;1;0;0;1;1;0;0;0;0;0
1411075;0.89;1.00;47.00;2185.00;17.25;82.50;14.25;0;12.24;14.21;164.83;160.28;2.58;72162.00;48.00;47.00;41.00;4483.80;995.21;19.53;5.00;1;0;1;0;0;1;0;0;1;0;0;1;1;0;0;0;0;0
1412566;1.04;1.00;40.00;1801.00;17.25;82.50;14.25;0;12.32;14.21;167.55;122.06;2.58;72162.00;40.00;40.00;41.00;4515.60;994.93;214.84;4.00;1;0;1;0;0;1;0;0;1;0;0;1;1;0;0;0;0;0
1413949;0.98;1.00;30.00;1898.00;17.25;82.50;13.50;0;12.18;14.11;131.36;84.14;2.58;72162.00;29.00;30.00;39.00;4530.00;994.54;859.36;3.00;1;0;1;1;0;1;0;0;1;0;0;1;1;0;0;1;0;0
1415457;1.26;0.98;16.00;1324.00;17.25;82.50;13.50;0;12.06;14.39;59.43;49.72;2.31;72162.00;16.00;16.00;40.00;4506.60;994.19;800.77;2.00;1;0;1;0;0;1;0;0;1;0;0;1;1;0;0;1;0;0
1416995;1.27;0.95;8.00;1280.00;17.25;82.50;14.25;0;12.18;14.39;27.17;24.33;2.31;72163.00;8.00;8.00;40.00;4520.60;994.11;58.59;0;1;0;1;0;0;1;0;0;1;0;0;1;1;0;0;1;0;0
1418545;1.34;0.99;0;1297.00;17.25;82.50;12.75;0;11.80;14.39;103.88;151.12;2.31;72163.00;0;0;38.00;4509.20;994.04;820.30;0;1;0;1;0;0;1;0;0;1;0;0;1;1;0;0;1;0;0
1420099;1.26;0.98;0;1259.00;17.25;83.25;14.25;0;11.95;14.39;118.55;122.55;2.31;72163.00;0;0;37.00;4499.80;994.04;234.37;0;1;0;1;0;0;1;0;0;1;0;0;1;1;0;0;1;0;0
1421594;1.31;0.97;0;1208.00;18.00;83.25;18.00;0;12.55;14.39;75.05;59.41;2.31;72163.00;0;0;38.00;4509.40;994.04;136.72;0;1;0;1;0;0;1;0;0;1;0;0;1;1;0;0;1;0;0
1423068;1.22;0.97;0;1317.00;18.00;83.25;11.25;0;11.19;14.39;83.67;39.72;2.31;72163.00;0;0;37.00;4523.80;994.04;39.06;0;1;0;1;0;0;1;0;0;1;0;0;1;1;0;0;1;0;0
1424550;1.38;0.98;0;1220.00;18.00;84.00;17.25;0;12.37;14.39;53.12;22.21;2.31;72163.00;0;0;37.00;4518.00;994.04;644.52;0;1;0;1;0;0;1;0;0;1;0;0;1;1;0;0;1;0;0
1425926;1.22;0.96;0;1302.00;18.00;84.00;12.00;0;11.41;14.39;24.98;9.41;2.31;72163.00;0;0;37.00;4509.40;994.04;722.65;0;1;0;1;0;0;1;0;0;1;0;0;1;1;0;0;1;0;0
1427402;1.28;0.97;0;1245.00;18.00;84.00;15.75;0;12.06;14.49;10.66;4.18;2.31;72163.00;0;0;37.00;4517.80;994.04;703.12;0;1;0;1;0;0;1;0;0;1;0;0;1;1;0;0;1;0;0
1429200;1.41;0.99;0;1175.00;18.00;84.75;20.25;0;12.77;14.30;12.56;6.80;2.58;72163.00;0;0;37.00;4515.00;994.04;781.24;0;1;0;1;0;0;1;0;0;1;0;0;1;1;0;0;1;0;0
1430891;1.27;0.96;0;1218.00;18.00;84.75;16.50;0;12.10;14.30;4.75;3.96;2.58;72163.00;0;0;36.00;4513.60;994.04;39.06;0;1;0;1;0;0;1;0;0;1;0;0;1;1;0;0;1;0;0
1432618;1.39;0.99;0;1230.00;18.00;85.50;15.00;0;11.83;14.49;3.18;1.50;2.31;72163.00;0;0;36.00;4506.20;994.04;820.30;0;1;0;1;0;0;1;0;0;1;0;0;1;1;0;0;1;0;0
1434174;1.26;0.98;0;1258.00;18.00;85.50;13.50;0;11.58;14.39;3.53;0.51;2.31;72163.00;0;0;36.00;4514.00;994.04;58.59;0;1;0;1;0;0;1;0;0;1;0;0;1;1;0;0;1;0;0
1435476;1.33;1.00;0;1246.00;18.00;85.50;14.25;0;11.67;14.39;3.71;7.09;2.31;72163.00;0;0;36.00;4511.20;994.04;820.30;0;1;0;1;0;0;1;0;0;1;0;0;1;1;0;0;1;0;0
1437297;1.22;0.97;0;1266.00;18.00;85.50;13.50;0;11.53;14.49;1.19;2.21;2.31;72163.00;0;0;36.00;4507.80;994.04;97.66;0;1;0;1;0;0;1;0;0;1;0;0;1;1;0;0;1;0;0
1439159;1.30;0.96;0;1196.00;18.00;85.50;19.50;0;12.45;14.39;0.35;2.50;2.31;72163.00;0;0;36.00;4521.20;994.04;664.05;0;1;0;1;0;0;1;0;0;1;0;0;1;1;0;0;1;0;0
1440548;1.40;0.98;0;1155.00;18.00;86.25;22.50;0;12.89;14.30;1.91;1.09;2.58;72163.00;0;0;36.00;4505.40;994.04;58.59;0;1;0;1;0;0;1;0;0;1;0;0;1;1;0;0;1;0;0
1441777;1.34;1.00;0;1264.00;18.00;86.25;13.50;0;11.53;14.39;13.85;8.22;2.31;72163.00;0;0;36.00;4512.40;994.04;839.83;0;1;0;1;0;0;1;0;0;1;0;0;1;1;0;0;1;0;0
1443647;1.28;1.00;0;1237.00;18.00;86.25;15.75;0;11.88;14.39;14.16;11.37;2.31;72163.00;0;0;36.00;4509.40;994.04;703.12;0;1;0;1;0;0;1;0;0;1;0;0;1;1;0;0;1;0;0
1444965;1.22;0.97;0;1263.00;18.00;86.25;13.50;0;11.50;14.39;10.35;11.29;2.31;72163.00;0;0;35.00;4521.60;994.04;156.25;0;1;0;1;0;0;1;0;0;1;0;0;1;1;0;0;1;0;0
1446330;1.29;1.00;0;1214.00;18.00;86.25;18.00;0;12.25;14.39;9.30;11.99;2.31;72163.00;0;0;36.00;4520.20;994.04;371.09;0;1;0;1;0;0;1;0;0;1;0;0;1;1;0;0;1;0;0
1447714;1.24;0.99;0;1285.00;18.00;86.25;12.00;0;11.25;14.30;4.36;5.96;2.58;72163.00;0;0;36.00;4519.00;994.04;820.30;0;1;0;1;0;0;1;0;0;1;0;0;1;1;0;0;1;0;0
1449001;1.21;0.96;0;1257.00;18.00;86.25;14.25;0;11.64;14.39;2.11;2.73;2.31;72163.00;0;0;36.00;4524.60;994.04;97.66;0;1;0;1;0;0;1;0;0;1;0;0;1;1;0;0;1;0;0
1450364;1.33;0.98;0;1220.00;18.00;86.25;16.50;0;11.98;14.39;4.32;3.42;2.31;72163.00;0;0;35.00;4516.60;994.04;722.65;0;1;0;1;0;0;1;0;0;1;0;0;1;1;0;0;1;0;0
1451702;1.26;0.97;0;1241.00;18.00;86.25;15.75;0;11.89;14.49;4.84;4.59;2.31;72163.00;0;0;37.00;4513.60;994.04;78.12;0;1;0;1;0;0;1;0;0;1;0;0;1;1;0;0;1;0;0
1452857;1.28;0.97;0;1259.00;18.00;86.25;14.25;0;11.93;14.39;6.87;2.09;2.31;72163.00;0;0;36.00;4518.20;994.04;742.18;0;1;0;1;0;0;1;0;0;1;0;0;1;1;0;0;1;0;0
1454329;1.30;0.94;0;1209.00;18.00;86.25;18.00;0;12.34;14.39;2.85;2.29;2.31;72163.00;0;0;37.00;4507.00;994.04;39.06;0;1;0;1;0;0;1;0;0;1;0;0;1;1;0;0;1;0;0
1455754;1.29;0.98;0;1239.00;18.00;86.25;15.00;0;11.81;14.30;1.27;0.94;2.58;72163.00;0;0;37.00;4504.80;994.11;78.12;0;1;0;1;0;0;1;0;0;1;0;0;1;1;0;0;1;0;0
1457171;1.26;0.99;0;1262.00;18.00;86.25;13.50;0;11.56;14.39;0.47;2.68;2.31;72163.00;0;0;36.00;4519.40;994.08;761.71;0;1;0;1;0;0;1;0;0;1;0;0;1;1;0;0;1;0;0
1458615;1.26;0.99;0;1264.00;18.75;86.25;13.50;0;11.54;14.39;1.68;1.11;2.31;72163.00;0;0;37.00;4514.00;994.04;58.59;0;1;0;1;0;0;1;0;0;1;0;0;1;1;0;0;1;0;0
1460099;1.26;1.00;0;1251.00;18.75;86.25;14.25;0;11.63;14.49;0.59;1.76;2.31;72163.00;0;0;37.00;4517.60;994.04;253.90;0;1;0;1;0;0;1;0;0;1;0;0;1;1;0;0;1;0;0
1461545;1.36;0.98;0;1218.00;18.75;86.25;16.50;0;11.95;14.39;1.72;0.72;2.31;72163.00;0;0;36.00;4525.40;994.04;742.18;0;1;0;1;0;0;1;0;0;1;0;0;1;1;0;0;1;0;0
1462927;1.23;0.99;0;1264.00;18.75;86.25;13.50;0;11.48;14.49;0.62;1.87;2.31;72163.00;0;0;36.00;4520.60;994.04;58.59;0;1;0;1;0;0;1;0;0;1;0;0;1;1;0;0;1;0;0
1464389;1.33;1.01;0;1240.00;18.75;86.25;14.25;0;11.58;14.39;1.66;0.74;2.31;72163.00;0;0;36.00;4512.60;994.04;683.59;0;1;0;1;0;0;1;0;0;1;0;0;1;1;0;0;1;0;0
1465870;1.33;0.99;0;1203.00;18.75;87.00;17.25;0;12.03;14.39;0.61;4.12;2.31;72163.00;0;0;36.00;4511.20;994.04;429.68;0;1;0;1;0;0;1;0;0;1;0;0;1;1;0;0;1;0;0
1467346;1.26;1.01;0;1241.00;18.75;87.00;15.00;0;11.60;14.49;0.20;1.68;2.31;72163.00;0;0;36.00;4522.20;994.04;136.72;0;1;0;1;0;0;1;0;0;1;0;0;1;1;0;0;1;0;0
1468806;1.32;1.01;0;1216.00;18.75;87.00;16.50;0;11.89;14.39;4.10;6.48;2.31;72163.00;0;0;36.00;4518.60;994.04;722.65;0;1;0;1;0;0;1;0;0;1;0;0;1;1;0;0;1;0;0
1470268;1.32;0.99;0;1236.00;18.75;87.00;15.00;0;11.63;14.30;1.76;2.70;2.58;72163.00;0;0;36.00;4512.80;994.04;78.12;0;1;0;1;0;0;1;0;0;1;0;0;1;1;0;0;1;0;0
1471672;1.32;1.03;0;1224.00;18.75;87.00;16.50;0;11.88;14.30;0.72;1.27;2.58;72163.00;0;0;36.00;4516.00;994.04;820.30;0;1;0;1;0;0;1;0;0;1;0;0;1;1;0;0;1;0;0
1473021;1.26;1.01;0;1267.00;18.75;87.75;12.75;0;11.25;14.49;15.47;6.05;2.31;72163.00;0;0;36.00;4522.20;994.04;195.31;0;1;0;1;0;0;1;0;0;1;0;0;1;1;0;0;1;0;0
1474503;1.27;1.00;0;1226.00;18.75;87.75;15.00;0;11.52;14.49;17.64;15.31;2.31;72163.00;0;0;35.00;4520.40;994.04;761.71;0;1;0;1;0;0;1;0;0;1;0;0;1;1;0;0;1;0;0
1475988;1.22;1.01;0;1296.00;18.75;87.75;12.00;0;10.98;14.39;189.44;119.47;2.31;72163.00;0;0;35.00;4507.80;994.04;761.71;0;1;0;1;0;0;1;0;0;1;0;0;1;1;0;0;1;0;0
1477556;1.19;0.99;0;1251.00;18.75;87.75;14.25;0;11.39;14.39;184.64;144.17;2.31;72163.00;0;0;35.00;4525.40;994.04;664.05;0;1;0;1;0;0;1;0;0;1;0;0;1;1;0;0;1;0;0
1478933;1.22;1.00;0;1269.00;18.75;88.50;12.75;0;11.13;14.39;171.55;213.52;2.31;72163.00;0;0;35.00;4520.20;994.04;546.87;0;1;0;1;0;0;1;0;0;1;0;0;1;1;0;0;1;0;0
1480340;1.23;0.99;0;1224.00;18.75;88.50;15.75;0;11.59;14.30;187.82;231.37;2.58;72163.00;0;0;35.00;4506.40;994.11;58.59;0;1;0;1;0;0;1;0;0;1;0;0;1;1;0;0;1;0;0
1481805;1.24;1.01;0;1258.00;18.75;89.25;13.50;0;11.26;14.39;268.60;266.25;2.31;72163.00;0;0;35.00;4508.20;994.08;800.77;0;1;0;1;0;0;1;0;0;1;0;0;1;1;0;0;1;0;0
1483342;1.19;1.00;0;1278.00;18.75;89.25;12.00;0;10.97;14.39;235.73;233.19;2.31;72163.00;0;0;35.00;4502.00;994.04;39.06;0;1;0;1;0;0;1;0;0;1;0;0;1;1;0;0;1;0;0
1484753;1.26;1.02;0;1256.00;18.75;89.25;13.50;0;11.21;14.49;232.04;206.59;2.31;72163.00;0;0;35.00;4511.20;994.04;292.97;0;1;0;1;0;0;1;0;0;1;0;0;1;1;0;0;1;0;0
1486203;1.18;1.00;0;1246.00;18.75;90.00;14.25;0;11.29;14.49;256.51;219.03;2.31;72163.00;0;0;34.00;4515.40;994.04;332.03;0;1;0;1;0;0;1;0;0;1;0;0;1;1;0;0;1;0;0
1487621;1.30;1.02;0;1211.00;18.75;90.00;17.25;0;11.72;14.39;313.34;251.57;2.31;72163.00;0;0;34.00;4514.20;994.04;58.59;0;1;0;1;0;0;1;0;0;1;0;0;1;1;0;0;1;0;0
1488948;1.26;1.02;0;1261.00;18.75;90.00;13.50;0;11.21;14.49;330.90;196.92;2.31;72163.00;0;0;35.00;4516.00;994.04;800.77;0;1;0;1;0;0;1;0;0;1;0;0;1;1;0;0;1;0;0
1490380;1.25;0.98;0;1215.00;18.75;90.00;16.50;0;11.70;14.39;265.92;165.34;2.31;72163.00;0;0;35.00;4512.80;994.04;39.06;0;1;0;1;0;0;1;0;0;1;0;0;1;1;0;0;1;0;0
1491803;1.34;1.00;0;1230.00;18.75;90.75;15.00;0;11.46;14.39;237.74;218.11;2.31;72163.00;0;0;35.00;4511.60;994.08;957.02;0;1;0;1;0;0;1;0;0;1;0;0;1;1;0;0;0;0;0
1493365;3.42;0.96;11.00;2559.00;18.75;90.75;25.50;11.77;28.20;14.11;62.26;74.60;2.58;72163.00;12.00;12.00;41.00;4478.20;994.27;917.96;1;1;0;1;0;0;1;0;0;1;0;0;1;1;0;0;0;0;0
1496402;2.37;0.98;40.00;3150.00;18.75;90.75;36.00;6.67;20.10;14.02;1.50;2.87;2.58;72163.00;40.00;41.00;41.00;4512.80;994.35;878.90;2.00;1;0;1;0;0;1;0;0;1;0;0;1;1;0;0;0;0;0
1497888;2.04;0.88;42.00;3300.00;18.75;90.75;38.25;6.28;18.92;14.21;0.70;0.59;2.58;72163.00;42.00;42.00;41.00;4516.40;994.23;136.72;2.00;1;0;1;0;0;1;0;0;1;0;0;1;1;0;0;0;0;0
1499304;1.43;0.90;40.00;3131.00;18.75;90.75;36.00;3.53;12.89;14.11;1.02;1.80;2.58;72163.00;40.00;40.00;41.00;4523.80;994.11;175.78;2.00;1;0;1;0;0;1;0;0;1;0;0;1;1;0;0;0;0;0
1500729;1.54;0.90;37.00;2915.00;18.75;91.50;33.00;3.53;13.69;14.11;1.80;1.74;2.58;72163.00;37.00;37.00;41.00;4512.00;994.08;605.46;2.00;1;0;1;0;0;1;0;0;1;0;0;1;1;0;0;0;0;0
1502216;0.77;1.00;32.00;2570.00;18.75;90.75;14.25;0;11.47;14.11;0.62;0.14;2.58;72163.00;33.00;33.00;41.00;4479.40;994.04;19.53;2.00;1;0;1;0;0;1;0;0;1;0;0;1;1;0;0;0;0;0
1503631;2.20;1.00;26.00;2181.00;18.75;90.75;0.75;3.53;10.77;14.21;72.75;64.18;2.58;72163.00;26.00;26.00;41.00;4543.20;994.04;917.96;2.00;1;0;1;0;0;1;0;0;1;0;0;1;1;0;0;0;0;0
1505031;6.00;1.00;35.00;2764.00;18.75;90.75;15.00;29.81;40.30;14.11;16.78;13.79;2.58;72163.00;34.00;35.00;41.00;4572.80;994.04;78.12;2.00;1;0;1;0;0;1;0;0;1;0;0;1;1;0;0;0;0;0
1506535;0.16;1.00;51.00;3929.00;18.75;90.75;46.50;1.18;5.74;14.11;3.01;3.07;2.58;72163.00;51.00;52.00;41.00;4492.40;994.04;839.83;2.00;1;0;1;0;0;1;0;0;1;0;0;1;1;0;0;0;0;0
1508325;3.45;0.99;58.00;3608.00;18.75;90.00;33.75;13.73;27.76;14.11;118.31;173.21;2.58;72163.00;59.00;59.00;42.00;4507.20;993.92;839.83;3.00;1;0;1;0;0;1;0;0;1;0;0;1;1;0;0;0;0;0
1509885;1.44;0.94;60.00;3740.00;18.75;90.00;40.50;1.96;14.30;14.02;237.25;243.01;2.58;72163.00;60.00;57.00;42.00;4510.60;993.33;917.96;3.00;1;0;1;0;0;1;0;0;1;0;0;1;1;0;0;0;0;0
1511219;3.10;0.96;57.00;3531.00;18.75;88.50;35.25;10.98;25.39;13.92;343.88;312.27;2.82;72163.00;57.00;58.00;42.00;4525.60;992.98;566.40;3.00;1;0;1;0;0;1;0;0;1;0;0;1;1;0;0;0;0;0
1512761;1.75;0.92;57.00;3479.00;18.75;88.50;39.75;4.71;15.44;14.02;329.00;344.51;2.58;72163.00;56.00;57.00;42.00;4520.20;992.86;800.77;3.00;1;0;1;0;0;1;0;0;1;0;0;1;1;0;0;0;0;0
1514164;1.26;0.89;52.00;3159.00;18.00;87.75;36.75;2.75;11.34;14.02;305.43;310.23;2.58;72163.00;51.00;52.00;43.00;4525.80;992.79;761.71;3.00;1;0;1;0;0;1;0;0;1;0;0;1;1;0;0;0;0;0
1515637;1.08;0.87;47.00;2948.00;18.00;87.75;33.00;1.96;10.01;14.11;211.00;287.44;2.58;72163.00;48.00;48.00;43.00;4523.80;992.63;820.30;3.00;1;0;1;0;0;1;0;0;0;0;0;1;1;0;0;0;0;0
1517166;0.60;1.00;40.00;3046.00;18.00;87.00;-30.00;0;0;14.11;222.37;274.77;2.58;72163.00;40.00;39.00;43.00;4743.80;992.32;0;2.00;1;0;1;0;0;1;0;0;1;0;0;1;1;0;0;0;0;0
1518664;1.30;1.00;31.00;2395.00;18.00;87.00;20.25;1.57;9.38;14.11;236.74;339.86;2.58;72163.00;31.00;31.00;43.00;4265.80;991.89;898.43;2.00;1;0;1;0;0;1;0;0;1;0;0;1;1;0;0;0;0;0
1520017;1.02;1.00;26.00;2113.00;18.00;86.25;39.75;0;11.91;14.11;106.18;174.52;2.58;72163.00;27.00;27.00;40.00;4493.00;991.69;839.83;2.00;1;0;1;0;0;1;0;0;1;0;0;1;1;0;0;0;0;0
1521464;1.63;0.98;25.00;2051.00;18.00;86.25;18.00;1.96;12.01;14.21;58.28;62.96;2.58;72163.00;25.00;25.00;44.00;4519.80;991.61;722.65;2.00;1;0;1;0;0;1;0;0;1;0;0;1;1;0;0;0;0;0
1522883;1.90;0.96;25.00;1997.00;18.00;86.25;17.25;2.75;14.63;14.21;19.39;18.63;2.58;72163.00;26.00;25.00;44.00;4515.00;991.58;878.90;2.00;1;0;1;0;0;1;0;0;1;0;0;1;1;0;0;0;0;0
1524314;2.22;0.97;27.00;2142.00;18.00;86.25;19.50;3.92;17.12;14.21;5.35;5.16;2.58;72163.00;27.00;27.00;44.00;4524.40;991.58;859.36;2.00;1;0;1;0;0;1;0;0;1;0;0;1;1;0;0;0;0;0
1525778;4.22;1.00;33.00;2653.00;18.00;86.25;24.75;14.90;30.49;14.21;1.11;3.12;2.58;72163.00;33.00;34.00;44.00;4543.80;991.58;742.18;2.00;1;0;1;0;0;1;0;0;1;0;0;1;1;0;0;0;0;0
1527183;1.28;1.00;45.00;3603.00;18.00;85.50;42.00;4.31;9.70;14.02;5.35;0.25;2.58;72163.00;44.00;45.00;44.00;4490.80;991.58;859.36;3.00;1;0;1;0;0;1;0;0;1;0;0;1;1;0;0;0;0;0
1528719;3.02;0.92;51.00;3048.00;18.00;85.50;30.75;10.98;26.20;14.11;0.55;0.33;2.58;72163.00;51.00;51.00;44.00;4505.80;991.58;761.71;3.00;1;0;1;0;0;1;0;0;1;0;0;1;1;0;0;0;0;0
1530244;1.90;0.96;51.00;3106.00;18.00;85.50;35.25;4.71;16.20;14.11;1.00;1.80;2.58;72163.00;50.00;51.00;44.00;4512.20;991.58;859.36;3.00;1;0;1;0;0;1;0;0;1;0;0;1;1;0;0;0;0;0
1531646;1.60;0.89;47.00;2919.00;18.00;85.50;33.00;3.92;14.54;14.11;0.59;0.18;2.58;72163.00;47.00;47.00;44.00;4518.40;991.58;78.12;3.00;1;0;1;0;0;1;0;0;1;0;0;1;1;0;0;0;0;0
1533026;3.18;0.96;45.00;2771.00;18.00;85.50;28.50;10.59;26.34;14.02;0.47;3.57;2.58;72163.00;43.00;45.00;44.00;4519.00;991.34;507.81;3.00;1;0;1;0;0;1;0;0;1;0;0;1;1;0;0;0;0;0
1534505;3.44;0.96;47.00;2924.00;18.00;84.75;29.25;12.16;28.02;14.02;2.52;3.16;2.58;72163.00;46.00;48.00;45.00;4504.00;990.83;624.99;3.00;1;0;1;0;0;1;0;0;1;0;0;1;1;0;0;0;0;0
1535976;2.98;0.97;51.00;3198.00;18.00;84.75;33.00;10.20;25.22;14.02;0.20;0.29;2.58;72163.00;51.00;51.00;45.00;4504.00;990.52;742.18;3.00;1;0;1;0;0;1;0;0;1;0;0;1;1;0;0;0;0;0
1537438;2.85;0.94;51.00;3116.00;18.00;84.75;33.00;9.41;24.48;13.92;1.56;0;2.82;72163.00;51.00;51.00;45.00;4508.40;990.40;253.90;3.00;1;0;1;0;0;1;0;0;1;0;0;1;1;0;0;0;0;0
1538850;2.77;0.92;51.00;3167.00;18.00;84.75;33.75;9.02;24.16;14.02;0.55;1.56;2.58;72163.00;51.00;51.00;45.00;4507.80;990.29;781.24;3.00;1;0;1;0;0;1;0;0;1;0;0;1;1;0;0;0;0;0
1540461;2.81;0.93;51.00;3158.00;18.00;84.00;33.75;9.41;24.30;14.11;3.05;0.55;2.58;72163.00;50.00;51.00;45.00;4517.20;990.13;117.19;3.00;1;0;1;0;0;1;0;0;1;0;0;1;1;0;0;0;0;0
1541916;2.11;0.92;51.00;3141.00;18.00;84.00;36.00;6.28;19.29;14.02;0.27;0.39;2.58;72163.00;51.00;51.00;45.00;4523.60;989.50;839.83;3.00;1;0;1;0;0;1;0;0;1;0;0;1;1;0;0;0;0;0
1543334;1.35;0.97;46.00;2862.00;17.25;84.00;32.25;2.35;11.31;14.11;0;0;2.58;72163.00;46.00;47.00;45.00;4504.00;989.23;898.43;3.00;1;0;1;0;0;1;0;0;1;0;0;1;1;0;0;0;0;0
1544803;1.55;0.93;41.00;2630.00;17.25;84.00;28.50;2.75;13.25;14.11;1.31;0;2.58;72163.00;42.00;41.00;45.00;4485.60;989.15;175.78;3.00;1;0;1;0;0;1;0;0;1;0;0;1;1;0;0;0;0;0
1546183;1.92;0.96;38.00;2385.00;17.25;83.25;24.00;3.53;15.55;14.11;171.84;157.67;2.58;72163.00;38.00;39.00;46.00;4523.60;989.11;898.43;3.00;1;0;1;0;0;1;0;0;1;0;0;1;1;0;0;0;0;0
1547754;2.19;0.96;37.00;2380.00;17.25;83.25;23.25;4.31;17.86;14.11;230.61;205.14;2.58;72163.00;38.00;38.00;46.00;4540.60;989.08;781.24;3.00;1;0;1;0;0;1;0;0;1;0;0;1;1;0;0;0;0;0
1549240;1.98;1.00;36.00;2257.00;17.25;83.25;21.75;3.14;15.47;14.02;202.57;172.70;2.58;72163.00;37.00;37.00;46.00;4542.00;988.37;820.30;3.00;1;0;1;0;0;1;0;0;1;0;0;1;1;0;0;0;0;0
1550727;1.55;0.95;35.00;2120.00;17.25;83.25;19.50;1.96;12.65;14.21;288.58;272.93;2.58;72163.00;34.00;35.00;46.00;4517.80;988.06;820.30;3.00;1;0;1;0;0;1;0;0;1;0;0;1;1;0;0;0;0;0
1552060;3.18;1.00;31.00;1943.00;17.25;83.25;16.50;7.06;20.06;14.21;275.67;289.08;2.58;72163.00;31.00;31.00;46.00;4591.40;987.94;19.53;3.00;1;0;1;0;0;1;0;0;1;0;0;1;1;0;0;0;0;0
1553527;1.30;1.00;25.00;1951.00;17.25;83.25;16.50;1.18;9.95;14.30;305.70;242.76;2.58;72163.00;24.00;25.00;46.00;4516.80;987.90;39.06;2.00;1;0;1;0;0;1;0;0;1;0;0;1;1;0;0;0;0;0
1554996;3.27;1.00;21.00;1656.00;17.25;83.25;13.50;5.10;20.95;14.30;307.73;167.24;2.58;72163.00;21.00;21.00;46.00;4513.20;987.86;898.43;2.00;1;0;1;0;0;1;0;0;1;0;0;1;1;0;0;0;0;0
1556711;2.66;0.97;27.00;2115.00;17.25;83.25;18.75;5.49;20.41;14.21;284.90;246.20;2.58;72163.00;27.00;27.00;46.00;4501.40;987.86;175.78;2.00;1;0;1;0;0;1;0;0;1;0;0;1;1;0;0;0;0;0
1558092;2.05;0.97;28.00;2262.00;17.25;83.25;21.75;3.53;16.14;14.30;340.58;275.45;2.58;72163.00;28.00;29.00;46.00;4517.60;987.36;800.77;2.00;1;0;1;0;0;1;0;0;1;0;0;1;1;0;0;0;0;0
1559559;1.90;0.95;28.00;2247.00;17.25;83.25;21.75;3.14;15.36;14.21;324.63;327.99;2.58;72163.00;28.00;28.00;46.00;4515.80;987.00;761.71;2.00;1;0;1;0;0;1;0;0;1;0;0;1;1;0;0;0;0;0
1560974;1.93;0.99;28.00;2223.00;17.25;83.25;21.00;3.14;14.92;14.21;311.82;306.35;2.58;72163.00;29.00;29.00;46.00;4547.80;986.77;820.30;2.00;1;0;1;0;0;1;0;0;1;0;0;1;1;0;0;0;0;0
1562439;2.40;0.96;26.00;2082.00;17.25;84.00;18.75;4.71;18.50;14.21;208.72;151.83;2.58;72163.00;27.00;26.00;45.00;4501.60;986.65;546.87;2.00;1;0;1;0;0;1;0;0;1;0;0;1;1;0;0;0;0;0
1563912;1.89;1.00;30.00;2334.00;17.25;84.00;22.50;3.14;15.05;14.11;57.30;39.96;2.58;72163.00;29.00;30.00;45.00;4525.00;986.61;878.90;2.00;1;0;1;0;0;1;0;0;1;0;0;1;1;0;0;0;0;0
1565377;2.37;0.96;31.00;2419.00;17.25;84.00;24.00;5.10;19.10;14.11;12.30;8.55;2.58;72163.00;30.00;31.00;45.00;4469.80;986.61;839.83;2.00;1;0;1;0;0;1;0;0;1;0;0;1;1;0;0;0;0;0
1566941;2.40;0.92;32.00;2593.00;17.25;84.00;27.00;5.10;18.33;14.02;2.15;1.50;2.58;72163.00;33.00;33.00;45.00;4494.40;986.61;898.43;2.00;1;0;1;0;0;1;0;0;1;0;0;1;1;0;0;0;0;0
1568553;2.12;0.91;42.00;3292.00;17.25;84.00;37.50;6.28;20.03;14.11;1.70;0;2.58;72163.00;42.00;42.00;45.00;4530.60;986.61;898.43;2.00;1;0;1;0;0;1;0;0;1;0;0;1;1;0;0;0;0;0
1569956;1.34;0.97;42.00;3274.00;17.25;84.00;37.50;2.75;11.09;14.02;0.04;2.42;2.58;72163.00;42.00;42.00;45.00;4531.60;986.61;898.43;2.00;1;0;1;0;0;1;0;0;1;0;0;1;1;0;0;0;0;0
1571376;0.67;1.00;37.00;2855.00;17.25;83.25;-30.00;0;0;14.11;74.04;92.81;2.58;72163.00;37.00;37.00;46.00;4512.00;986.58;0;2.00;1;0;1;0;0;1;0;0;1;0;0;1;1;0;0;0;0;0
1572863;1.13;1.00;31.00;2364.00;17.25;83.25;24.00;0.78;8.26;14.21;167.02;146.12;2.58;72163.00;31.00;31.00;46.00;4340.80;986.46;898.43;2.00;1;0;1;0;0;1;0;0;1;0;0;1;1;0;0;0;0;0
1574317;1.68;0.97;28.00;2263.00;17.25;83.25;21.75;2.75;13.19;14.11;228.81;276.56;2.58;72163.00;29.00;29.00;46.00;4492.80;986.54;859.36;2.00;1;0;1;0;0;1;0;0;1;0;0;1;1;0;0;0;0;0
1575802;2.33;0.95;31.00;2452.00;17.25;83.25;24.75;5.10;19.24;14.11;290.20;325.94;2.58;72163.00;31.00;32.00;46.00;4504.00;986.42;703.12;2.00;1;0;1;0;0;1;0;0;1;0;0;1;1;0;0;0;0;0
1577154;2.02;0.95;33.00;2588.00;17.25;83.25;27.00;4.31;17.09;14.21;310.76;340.99;2.58;72163.00;33.00;33.00;46.00;4523.00;986.26;878.90;2.00;1;0;1;0;0;1;0;0;1;0;0;1;1;0;0;0;0;0
1578668;0.98;1.00;25.00;1972.00;17.25;83.25;13.50;0;12.10;14.21;171.10;118.20;2.58;72163.00;26.00;25.00;41.00;4529.40;986.15;859.36;2.00;1;0;1;1;0;1;0;0;1;0;0;1;1;0;0;0;0;0
1580138;1.11;1.00;17.00;1777.00;17.25;83.25;14.25;0;12.15;14.21;228.09;194.30;2.58;72163.00;18.00;18.00;39.00;4491.00;985.75;839.83;1;1;0;1;0;0;1;0;0;1;0;0;1;1;0;0;0;0;0
1581636;1.96;0.97;15.00;1909.00;17.25;83.25;16.50;2.75;14.94;14.21;192.51;237.25;2.58;72163.00;15.00;14.00;46.00;4541.20;985.52;156.25;1;1;0;1;0;0;1;0;0;1;0;0;1;1;0;0;0;0;0
1583226;1.82;0.99;17.00;1997.00;17.25;83.25;18.00;2.35;13.92;14.11;276.60;230.18;2.58;72163.00;18.00;17.00;46.00;4496.80;985.40;859.36;1;1;0;1;0;0;1;0;0;1;0;0;1;1;0;0;0;0;0
1584743;1.55;0.96;18.00;2105.00;17.25;83.25;18.75;1.96;12.27;14.21;210.26;208.21;2.58;72163.00;19.00;19.00;46.00;4522.00;985.36;800.77;1;1;0;1;0;0;1;0;0;1;0;0;1;1;0;0;0;0;0
1586179;1.42;0.96;20.00;2150.00;17.25;83.25;19.50;1.57;11.29;14.11;322.26;312.48;2.58;72163.00;20.00;19.00;46.00;4507.40;985.36;781.24;1;1;0;1;0;0;1;0;0;1;0;0;1;1;0;0;0;0;0
1587637;0.93;1.00;17.00;1983.00;17.25;83.25;14.25;0;12.18;14.21;218.91;212.47;2.58;72163.00;17.00;17.00;41.00;4523.80;985.36;39.06;1;1;0;1;0;0;1;0;0;1;0;0;1;1;0;0;0;0;0
1589049;1.28;1.01;13.00;1417.00;17.25;83.25;15.00;0;12.06;14.39;114.23;134.60;2.31;72163.00;14.00;14.00;39.00;4511.00;985.36;898.43;1;1;0;1;0;0;1;0;0;1;0;0;1;1;0;0;0;0;0
1590539;1.77;0.96;11.00;1339.00;17.25;83.25;12.75;1.18;12.12;14.39;74.64;95.21;2.31;72163.00;12.00;12.00;46.00;4495.20;985.36;39.06;1;1;0;1;0;0;1;0;0;1;0;0;1;1;0;0;0;0;0
1591961;1.37;1.01;11.00;1303.00;17.25;84.00;13.50;0;12.03;14.39;94.21;116.01;2.31;72163.00;12.00;11.00;41.00;4499.20;985.36;839.83;1;1;0;1;0;0;1;0;0;1;0;0;1;1;0;0;1;0;0
1593435;1.30;1.00;8.00;1351.00;17.25;84.00;14.25;0;12.06;14.39;42.65;52.56;2.31;72164.00;9.00;9.00;40.00;4518.40;985.36;664.05;1;1;0;1;0;0;1;0;0;1;0;0;1;1;0;0;0;0;0
1594923;1.38;1.01;6.00;1258.00;17.25;84.00;14.25;0;11.94;14.39;33.77;28.83;2.31;72164.00;6.00;5.00;39.00;4499.20;985.36;78.12;1;1;0;1;0;0;1;0;0;1;0;0;1;1;0;0;0;0;0
1596511;1.46;1.02;0;1225.00;17.25;84.00;17.25;0;12.51;14.39;52.05;28.30;2.31;72164.00;0;0;41.00;4511.00;985.36;839.83;1;1;0;1;0;0;1;0;0;1;0;0;1;1;0;0;0;0;0
1598048;1.50;0.97;0;1358.00;17.25;84.00;12.75;0.78;11.71;14.30;57.52;76.54;2.58;72164.00;0;0;46.00;4518.40;985.36;19.53;1;1;0;1;0;0;1;0;0;1;0;0;1;1;0;0;0;0;0
1599529;1.26;1.00;3.00;1408.00;17.25;84.00;12.75;0;11.54;14.39;145.65;180.05;2.31;72164.00;4.00;0;46.00;4494.00;985.36;58.59;1;1;0;1;0;0;1;0;0;1;0;0;1;1;0;0;0;0;0
1601093;1.38;1.02;0;1224.00;18.00;84.75;16.50;0;12.29;14.39;104.39;121.42;2.31;72164.00;0;0;39.00;4511.20;985.36;117.19;1;1;0;1;0;0;1;0;0;1;0;0;1;1;0;0;0;0;0
1602525;1.34;1.01;0;1215.00;18.00;84.75;16.50;0;12.22;14.39;165.65;145.19;2.31;72164.00;0;0;38.00;4505.80;985.36;58.59;1;1;0;1;0;0;1;0;0;1;0;0;1;1;0;0;0;0;0
1604061;1.28;1.00;0;1271.00;18.00;84.75;12.75;0;11.57;14.39;258.42;205.05;2.31;72164.00;0;0;38.00;4509.80;985.36;664.05;1;1;0;1;0;0;1;0;0;1;0;0;1;1;0;0;0;0;0
1605491;1.30;1.01;0;1262.00;18.00;84.75;13.50;0;11.70;14.39;297.91;247.93;2.31;72164.00;0;0;39.00;4508.80;985.36;58.59;1;1;0;1;1;0;1;0;0;1;0;0;1;1;0;0;1;0;0
1607011;1.40;1.02;0;1232.00;18.00;85.50;15.00;0;11.83;14.39;266.53;191.18;2.31;72164.00;0;0;37.00;4511.60;985.36;742.18;1;0;1;0;1;0;0;0;0;0;0;0;0;0;0;1;0;0;0
1608688;1.82;1.00;0;0;18.00;85.50;-6.75;0;49.58;12.88;194.26;132.18;3.24;72164.00;0;0;116.00;4631.00;985.36;78.12;1;0;1;0;0;0;0;0;0;0;0;0;0;0;0;1;0;0;0
1610249;1.82;1.00;0;0;18.00;85.50;-6.75;0;49.58;12.69;194.26;132.18;3.36;72164.00;0;0;116.00;4622.20;985.36;97.66;1;0;1;0;0;0;0;0;0;0;0;0;0;0;0;1;0;0;0
