##;##
#2012-11-20 19:36:33
#GS-911 Android V1.1
#F800GS
#BMS-KP2
Time (ms);Injection time( ms);Lambda control factor;Speed( km/h);RPM;Intake air temperature( °C);Engine temperature( °C);Ignition angle( °KW);Throttle valve position (TPS)( %);Engine load( %);Battery voltage( V);Knock sensor 1( V);Knock sensor 2( V);Ignition dwell time( ms);Odometer( km);Front wheel speed( km/h);Rear wheel speed( km/h);Idle actuator position( steps);Fuel pressure( mbar);Ambient air pressure( mbar);Lambda sensor voltage( mV);Gear position;Sidestand switch 1;Sidestand switch 2;Sidestand switch calculated;Clutch switch;Kill switch;Oil pressure switch;Start switch;Tank venting valve (US only);Secondary air valve;Engine over-temperature light;Actuation of starter relay;Lambda sensor heating;Fuel pump;Fan motor;Engine safety cut-out (of BMSK);Starter function (of BMSK);Starter safety cut-out (of BMSK);Engine warning light (MIL)
198;0;1.00;0;0;18.75;18.75;-96.0;0;56.00;12.40;52.80;52.80;3.48;95115.0;0;0;204.0;4855.0;987.82;449.21;0;0;1.0;0;0;0;0;0;0;0;0;0;0;0;0;0;1.0;0;0
824;0;1.00;0;0;18.75;18.75;-96.0;0;56.00;12.40;52.80;52.80;3.48;95115.0;0;0;204.0;4854.0;987.82;449.21;0;0;1.0;0;0;0;0;0;0;0;0;0;0;0;0;0;1.0;0;0
1376;0;1.00;0;0;18.75;18.75;-96.0;0;56.00;12.40;52.80;52.80;3.48;95115.0;0;0;204.0;4854.0;987.82;449.21;0;0;1.0;0;0;0;0;0;0;0;0;0;0;0;0;0;1.0;0;0
1923;0;1.00;0;0;18.75;18.75;-96.0;0;56.00;12.40;52.80;52.80;3.48;95115.0;0;0;204.0;4854.0;987.82;449.21;0;0;1.0;0;0;0;0;0;0;0;0;0;0;0;0;0;1.0;0;0
2475;0;1.00;0;0;18.75;18.75;-96.0;0;56.00;12.40;52.80;52.80;3.48;95115.0;0;0;204.0;4854.0;987.82;449.21;0;0;1.0;0;0;0;0;0;0;0;0;0;0;0;0;0;1.0;0;0
3023;0;1.00;0;0;18.75;18.75;-96.0;0;56.00;12.40;52.80;52.80;3.48;95115.0;0;0;204.0;4854.0;987.82;449.21;0;0;1.0;0;0;0;0;1.0;0;0;0;1.0;0;1.0;0;0;1.0;0;0
3563;16.94;1.00;0;456.0;18.75;18.75;5.25;0;16.61;10.98;52.80;52.80;3.70;95115.0;0;0;204.0;4348.0;987.82;449.21;0;0;1.0;0;0;0;0;0;0;1.0;0;0;1.0;1.0;0;0;1.0;0;0
4073;4.26;1.00;0;1809.0;18.75;18.75;3.0;0;17.49;12.87;40.54;42.75;3.24;95115.0;0;0;204.0;4317.0;987.82;449.21;0;0;1.0;0;0;0;0;0;0;1.0;0;0;1.0;1.0;0;0;1.0;0;0
4613;3.81;1.00;0;1659.0;18.75;18.75;2.25;0;17.08;13.44;26.54;29.50;3.07;95115.0;0;0;195.0;4266.0;987.82;449.21;0;0;1.0;0;0;0;1.0;0;0;1.0;0;0;1.0;1.0;0;0;1.0;0;0
5163;3.48;1.00;0;1504.0;18.75;18.75;3.75;0;16.56;13.82;28.92;54.80;2.82;95115.0;0;0;157.0;4390.0;987.82;449.21;0;0;1.0;0;0;0;1.0;0;0;1.0;0;0;1.0;1.0;0;0;1.0;0;0
5713;3.40;1.00;0;1449.0;18.75;18.75;3.75;0;16.15;14.01;42.82;58.19;2.58;95115.0;0;0;145.0;4476.0;987.82;449.21;0;0;1.0;0;0;0;1.0;0;0;1.0;0;0;1.0;1.0;0;0;1.0;0;0
6214;3.04;1.00;0;1374.0;18.75;18.75;6.0;0;16.65;14.11;36.77;51.61;2.58;95115.0;0;0;140.0;4495.0;987.82;449.21;0;0;1.0;0;0;0;1.0;0;0;1.0;0;0;1.0;1.0;0;0;1.0;0;0
6714;2.90;1.00;0;1410.0;18.75;18.75;5.25;0;16.41;14.29;44.15;44.15;2.58;95115.0;0;0;140.0;4501.0;987.82;449.21;0;0;1.0;0;0;0;1.0;0;0;1.0;0;0;1.0;1.0;0;0;1.0;0;0
7224;2.80;1.00;0;1414.0;18.75;18.75;5.25;0;16.34;14.11;38.70;36.36;2.58;95115.0;0;0;138.0;4527.0;987.82;449.21;0;0;1.0;0;0;0;1.0;0;0;1.0;0;0;1.0;1.0;0;0;1.0;0;0
7723;2.91;1.00;0;1375.0;18.75;18.75;6.0;0;16.62;14.11;32.51;50.19;2.58;95115.0;0;0;138.0;4515.0;987.82;449.21;0;0;1.0;0;0;0;1.0;0;0;1.0;0;0;1.0;1.0;0;0;1.0;0;0
8223;2.98;1.00;0;1427.0;18.75;18.75;5.25;0;16.39;14.29;34.84;53.72;2.58;95115.0;0;0;140.0;4532.0;987.82;449.21;0;0;1.0;0;0;0;1.0;0;0;1.0;0;0;1.0;1.0;0;0;1.0;0;0
8733;3.08;1.00;0;1347.0;18.75;18.75;7.5;0;17.10;14.39;49.09;55.73;2.31;95115.0;0;0;139.0;4504.0;987.82;449.21;0;0;1.0;0;0;0;1.0;0;0;1.0;0;0;1.0;1.0;0;0;1.0;0;0
9233;2.73;1.00;0;1406.0;18.75;18.75;6.0;0;16.68;14.29;52.88;47.77;2.58;95115.0;0;0;140.0;4534.0;987.82;449.21;0;0;1.0;0;0;0;1.0;0;0;1.0;0;0;1.0;1.0;0;0;1.0;0;0
9784;2.76;1.00;0;1371.0;18.75;18.75;6.75;0;17.14;14.39;40.85;34.76;2.31;95115.0;0;0;142.0;4513.0;987.82;449.21;0;0;1.0;0;0;0;1.0;0;0;1.0;0;0;1.0;1.0;0;0;1.0;0;0
10323;2.95;1.00;0;1398.0;18.75;18.75;6.0;0;16.27;14.39;29.74;28.57;2.31;95115.0;0;0;140.0;4507.0;987.82;449.21;0;0;1.0;0;0;0;1.0;0;0;1.0;0;0;1.0;1.0;0;0;1.0;0;0
10833;2.96;1.00;0;1350.0;18.75;18.75;7.5;0;17.39;14.39;20.50;21.40;2.31;95115.0;0;0;142.0;4511.0;987.82;449.21;0;0;1.0;0;0;0;1.0;0;0;1.0;0;0;1.0;1.0;0;0;1.0;0;0
11385;2.93;1.00;0;1305.0;18.75;18.75;9.0;0;17.90;14.39;21.05;19.88;2.31;95115.0;0;0;143.0;4521.0;987.82;449.21;0;0;1.0;0;0;0;1.0;0;0;1.0;0;0;1.0;1.0;0;0;1.0;0;0
11926;2.57;1.00;0;1421.0;18.75;18.75;5.25;0;16.60;14.20;16.13;18.04;2.58;95115.0;0;0;143.0;4508.0;987.82;449.21;0;0;1.0;0;0;0;1.0;0;0;1.0;0;0;1.0;1.0;0;0;1.0;0;0
12435;2.55;1.00;0;1438.0;18.75;18.75;4.5;0;16.36;14.29;28.02;31.15;2.58;95115.0;0;0;144.0;4522.0;987.82;449.21;0;0;1.0;0;0;0;1.0;0;0;1.0;0;0;1.0;1.0;0;0;1.0;0;0
12933;2.52;1.00;0;1442.0;18.75;18.75;4.5;0;16.34;14.39;29.29;60.75;2.31;95115.0;0;0;143.0;4524.0;987.82;449.21;0;0;1.0;0;0;0;1.0;0;0;1.0;0;0;1.0;1.0;0;0;1.0;0;0
13466;2.56;1.00;0;1405.0;18.75;18.75;6.0;0;16.77;14.29;89.97;69.66;2.58;95115.0;0;0;142.0;4533.0;987.82;449.21;0;0;1.0;0;0;0;1.0;0;0;1.0;0;0;1.0;1.0;0;0;1.0;0;0
13965;2.56;1.00;0;1361.0;18.75;19.5;6.75;0;17.04;14.39;112.35;112.37;2.31;95115.0;0;0;138.0;4515.0;987.82;449.21;0;0;1.0;0;0;0;1.0;0;0;1.0;0;0;1.0;1.0;0;0;1.0;0;0
14464;2.36;1.00;0;1439.0;18.75;19.5;4.5;0;16.10;14.29;119.67;113.19;2.58;95115.0;0;0;137.0;4530.0;987.82;449.21;0;0;1.0;0;0;0;1.0;0;0;1.0;0;0;1.0;1.0;0;0;1.0;0;0
14974;2.48;1.00;0;1389.0;18.75;19.5;6.0;0;16.50;14.39;100.89;89.70;2.31;95115.0;0;0;136.0;4512.0;987.82;449.21;0;0;1.0;0;0;0;1.0;0;0;1.0;0;0;1.0;1.0;0;0;1.0;0;0
15474;2.64;1.00;0;1421.0;18.75;19.5;4.5;0;16.14;14.20;77.47;65.34;2.58;95115.0;0;0;135.0;4518.0;987.82;449.21;0;0;1.0;0;0;0;1.0;0;0;1.0;0;0;1.0;1.0;0;0;1.0;0;0
15974;2.59;1.00;0;1430.0;18.75;19.5;4.5;0;15.96;14.39;84.91;59.35;2.31;95115.0;0;0;134.0;4506.0;987.82;449.21;0;0;1.0;0;0;0;1.0;0;0;1.0;0;0;1.0;1.0;0;0;1.0;0;0
16484;2.60;1.00;0;1411.0;18.75;19.5;5.25;0;16.16;14.29;107.49;70.44;2.58;95115.0;0;0;134.0;4520.0;987.82;449.21;0;0;1.0;0;0;0;1.0;0;0;1.0;0;0;1.0;1.0;0;0;1.0;0;0
17085;2.60;1.00;0;1397.0;18.75;19.5;6.0;0;16.36;14.39;84.95;68.86;2.31;95115.0;0;0;133.0;4528.0;987.82;449.21;0;0;1.0;0;0;0;1.0;0;0;1.0;0;0;1.0;1.0;0;0;1.0;0;0
17625;2.51;1.00;0;1367.0;18.75;20.25;6.75;0;16.48;14.39;62.80;50.17;2.31;95115.0;0;0;135.0;4513.0;987.82;449.21;0;0;1.0;0;0;0;1.0;0;0;1.0;0;0;1.0;1.0;0;0;1.0;0;0
18124;2.62;1.00;0;1399.0;18.75;20.25;6.0;0;16.23;14.39;50.34;37.65;2.31;95115.0;0;0;132.0;4514.0;987.82;449.21;0;0;1.0;0;0;0;1.0;0;0;1.0;0;0;1.0;1.0;0;0;1.0;0;0
18634;2.54;1.00;0;1415.0;18.75;20.25;6.0;0;16.10;14.48;39.97;27.40;2.31;95115.0;0;0;133.0;4507.0;987.82;449.21;0;0;1.0;0;0;0;1.0;0;0;1.0;0;0;1.0;1.0;0;0;1.0;0;0
19134;2.49;1.00;0;1431.0;18.75;20.25;5.25;0;15.91;14.29;31.09;22.26;2.58;95115.0;0;0;131.0;4531.0;987.82;449.21;0;0;1.0;0;0;0;1.0;0;0;1.0;0;0;1.0;1.0;0;0;1.0;0;0
19634;2.54;1.00;0;1423.0;18.75;20.25;5.25;0;16.04;14.48;41.67;52.30;2.31;95115.0;0;0;131.0;4521.0;987.82;449.21;0;0;1.0;0;0;0;1.0;0;0;1.0;0;0;1.0;1.0;0;0;1.0;0;0
20145;2.33;1.00;0;1381.0;18.75;20.25;6.75;0;16.14;14.29;64.40;49.17;2.58;95115.0;0;0;129.0;4507.0;987.82;449.21;0;0;1.0;0;0;0;1.0;0;0;1.0;0;0;1.0;1.0;0;0;1.0;0;0
20694;2.33;1.00;0;1407.0;18.75;21.0;6.0;0;15.92;14.48;54.60;37.79;2.31;95115.0;0;0;128.0;4515.0;987.82;449.21;0;0;1.0;0;0;0;1.0;0;0;1.0;0;0;1.0;1.0;0;0;1.0;0;0
21194;2.54;1.00;0;1407.0;18.75;21.0;5.25;0;15.80;14.29;43.43;31.20;2.58;95115.0;0;0;127.0;4520.0;987.82;449.21;0;1.0;0;1.0;0;0;1.0;0;0;1.0;0;0;1.0;1.0;0;0;1.0;0;0
21704;2.28;1.00;0;1401.0;18.75;21.0;6.0;0;15.88;14.29;82.51;33.61;2.58;95115.0;0;0;126.0;4507.0;987.82;449.21;0;1.0;0;1.0;0;0;1.0;0;0;1.0;0;0;1.0;1.0;0;0;0;0;0
22246;9.73;1.00;0;1431.0;18.75;21.0;7.5;7.05;28.49;14.29;100.69;73.45;2.58;95115.0;0;0;134.0;4598.0;987.82;449.21;1.0;1.0;0;1.0;0;0;1.0;0;0;1.0;0;0;1.0;1.0;0;0;0;0;0
22754;4.06;1.00;0;2347.0;18.75;21.0;9.75;6.66;20.00;14.48;81.59;95.63;2.31;95115.0;0;0;131.0;4540.0;987.82;449.21;1.0;1.0;0;1.0;0;0;1.0;0;0;1.0;0;0;1.0;1.0;0;0;0;0;0
23254;7.02;1.00;0;1896.0;18.75;21.75;6.75;10.98;29.34;14.48;92.39;85.46;2.31;95115.0;0;0;130.0;4534.0;987.82;468.74;1.0;1.0;0;1.0;0;0;1.0;0;0;1.0;0;0;1.0;1.0;0;0;0;0;0
23764;4.35;1.00;0;1522.0;18.75;21.75;3.0;8.62;31.19;14.48;138.48;72.63;2.31;95115.0;0;0;130.0;4497.0;987.82;468.74;1.0;1.0;0;1.0;1.0;0;1.0;0;0;1.0;0;0;1.0;1.0;0;0;0;0;0
24314;2.18;1.00;7.0;1708.0;18.75;21.75;6.75;0;17.29;14.39;148.79;68.68;2.31;95115.0;7.0;7.0;156.0;4501.0;987.82;468.74;1.0;1.0;0;1.0;0;0;1.0;0;0;1.0;0;0;1.0;1.0;0;0;0;0;0
24864;3.27;1.00;7.0;1575.0;18.75;21.75;9.0;3.13;18.38;14.39;124.97;56.48;2.31;95115.0;8.0;7.0;130.0;4446.0;987.82;429.68;1.0;1.0;0;1.0;0;0;1.0;0;0;1.0;0;0;1.0;1.0;0;0;0;0;0
25414;2.14;1.00;8.0;1543.0;18.75;21.75;6.75;0;17.18;14.58;100.14;107.41;2.31;95115.0;9.0;8.0;149.0;4480.0;987.82;468.74;1.0;1.0;0;1.0;0;0;1.0;0;0;1.0;0;0;1.0;1.0;0;0;0;0;0
25955;2.52;1.00;8.0;1538.0;18.75;22.5;6.75;0;17.12;14.29;111.22;164.96;2.58;95115.0;9.0;8.0;149.0;4532.0;987.82;429.68;1.0;1.0;0;1.0;0;0;1.0;0;0;1.0;0;0;1.0;1.0;0;0;0;0;0
26464;6.34;1.00;7.0;2161.0;18.75;22.5;8.25;8.62;23.83;14.39;83.51;135.34;2.31;95115.0;7.0;7.0;129.0;4547.0;987.82;468.74;1.0;1.0;0;1.0;0;0;1.0;0;0;1.0;0;0;1.0;1.0;0;0;0;0;0
26965;8.12;1.00;13.0;1683.0;18.75;22.5;3.75;23.92;41.92;14.39;57.69;88.74;2.31;95115.0;14.0;14.0;129.0;4540.0;987.82;468.74;1.0;1.0;0;1.0;0;0;1.0;0;0;1.0;0;0;1.0;1.0;0;0;0;0;0
27474;6.55;1.00;22.0;2552.0;18.75;22.5;12.75;25.88;39.28;14.48;38.66;63.84;2.31;95115.0;22.0;23.0;129.0;4499.0;987.82;468.74;1.0;1.0;0;1.0;0;0;1.0;0;0;1.0;0;0;1.0;1.0;0;0;0;0;0
27974;1.90;1.00;22.0;1807.0;18.75;22.5;6.75;0;17.12;14.48;26.11;46.59;2.31;95115.0;23.0;23.0;149.0;4589.0;987.82;488.27;1.0;1.0;0;1.0;0;0;1.0;0;0;1.0;0;0;1.0;1.0;0;0;0;0;0
28483;2.18;1.00;22.0;1679.0;18.75;23.25;6.75;0;17.11;14.48;35.64;48.20;2.31;95115.0;22.0;22.0;150.0;4457.0;987.82;468.74;1.0;1.0;0;1.0;0;0;1.0;0;0;1.0;0;0;1.0;1.0;0;0;0;0;0
28984;2.02;1.00;21.0;1641.0;18.75;23.25;6.75;0;17.03;14.48;44.82;31.54;2.31;95115.0;21.0;21.0;147.0;4469.0;987.82;410.15;1.0;1.0;0;1.0;0;0;1.0;0;0;1.0;0;0;1.0;1.0;0;0;0;0;0
29554;1.95;1.00;18.0;1754.0;18.75;23.25;6.75;0;17.10;14.29;34.93;26.48;2.58;95115.0;19.0;19.0;150.0;4509.0;987.82;410.15;1.0;1.0;0;1.0;0;0;1.0;0;0;1.0;0;0;1.0;1.0;0;0;0;0;0
30063;2.34;1.00;17.0;1569.0;18.75;23.25;6.75;0;16.98;14.39;26.20;23.96;2.31;95115.0;18.0;17.0;147.0;4495.0;987.82;410.15;1.0;1.0;0;1.0;0;0;1.0;0;0;1.0;0;0;1.0;1.0;0;0;0;0;0
30563;2.32;1.00;15.0;1569.0;18.75;24.0;6.75;0;16.99;14.48;22.32;25.89;2.31;95115.0;15.0;15.0;145.0;4501.0;987.82;468.74;1.0;1.0;0;1.0;0;0;1.0;0;0;1.0;0;0;1.0;1.0;0;0;0;0;0
31073;2.11;1.00;12.0;1622.0;18.75;24.0;6.75;0;17.23;14.39;20.21;23.06;2.31;95115.0;13.0;13.0;150.0;4498.0;987.82;449.21;1.0;1.0;0;1.0;0;0;1.0;0;0;1.0;0;0;1.0;1.0;0;0;0;0;0
31573;2.37;1.00;10.0;1562.0;18.75;24.0;6.75;0;17.06;14.48;16.58;23.10;2.31;95115.0;10.0;10.0;149.0;4476.0;987.82;410.15;1.0;1.0;0;1.0;0;0;1.0;0;0;1.0;0;0;1.0;1.0;0;0;0;0;0
32073;2.63;1.00;5.0;1435.0;18.75;24.75;5.25;0;16.38;14.29;18.57;50.69;2.58;95115.0;6.0;6.0;141.0;4496.0;987.82;410.15;1.0;1.0;0;1.0;0;0;1.0;0;0;1.0;0;0;1.0;1.0;0;0;0;0;0
32583;2.41;1.00;0;1493.0;18.75;24.75;3.75;0;15.53;14.20;29.43;60.25;2.58;95115.0;0;0;139.0;4517.0;987.82;390.62;1.0;1.0;0;1.0;0;0;1.0;0;0;1.0;0;0;1.0;1.0;0;0;0;0;0
33083;2.25;1.00;0;1462.0;18.75;24.75;4.5;0;15.61;14.39;48.53;55.66;2.31;95115.0;0;0;135.0;4517.0;987.82;390.62;1.0;1.0;0;1.0;0;0;1.0;0;0;1.0;0;0;1.0;1.0;0;0;0;0;0
33603;2.24;1.00;0;1478.0;18.75;24.75;3.75;0;15.20;14.39;39.68;47.84;2.31;95115.0;0;0;130.0;4504.0;987.82;390.62;1.0;1.0;0;1.0;0;0;1.0;0;0;1.0;0;0;1.0;1.0;0;0;0;0;0
34144;2.17;1.00;0;1475.0;18.75;25.5;3.75;0;15.04;14.48;27.40;33.02;2.31;95115.0;0;0;126.0;4513.0;987.82;390.62;1.0;1.0;0;1.0;0;0;1.0;0;0;1.0;0;0;1.0;1.0;0;0;0;0;0
34693;2.43;1.00;0;1431.0;18.75;25.5;4.5;0;15.26;14.29;24.06;38.53;2.58;95115.0;0;0;125.0;4510.0;987.82;390.62;1.0;1.0;0;1.0;0;0;1.0;0;0;1.0;0;0;1.0;1.0;0;0;0;0;0
35244;2.20;1.00;0;1429.0;18.75;25.5;4.5;0;15.19;14.29;18.80;28.70;2.58;95115.0;0;0;122.0;4525.0;987.82;390.62;1.0;1.0;0;1.0;0;0;1.0;0;0;1.0;0;0;1.0;1.0;0;0;0;0;0
35744;4.73;1.00;0;1536.0;18.75;25.5;8.25;3.92;19.34;14.39;15.87;29.23;2.31;95115.0;0;0;126.0;4592.0;987.82;390.62;1.0;1.0;0;1.0;0;0;1.0;0;0;1.0;0;0;1.0;1.0;0;0;0;0;0
36253;4.97;1.00;0;1852.0;18.75;25.5;7.5;6.66;22.29;14.48;25.62;30.81;2.31;95115.0;0;0;126.0;4538.0;987.82;566.39;1.0;1.0;0;1.0;0;0;1.0;0;0;1.0;0;0;1.0;1.0;0;0;0;0;0
36753;4.91;1.00;0;1550.0;18.75;26.25;4.5;8.62;32.30;14.39;28.29;23.61;2.31;95115.0;0;0;125.0;4484.0;987.82;566.39;1.0;1.0;0;1.0;0;0;1.0;0;0;1.0;0;0;1.0;1.0;0;0;0;0;0
37283;4.15;0.99;11.0;1498.0;18.75;26.25;6.0;5.88;27.22;14.48;24.60;17.16;2.31;95115.0;12.0;12.0;128.0;4496.0;987.82;566.39;1.0;1.0;0;1.0;0;0;1.0;0;0;1.0;0;0;1.0;1.0;0;0;0;0;0
37834;3.68;0.97;15.0;1799.0;18.75;26.25;7.5;5.88;22.64;14.39;18.06;11.19;2.31;95115.0;15.0;16.0;125.0;4549.0;987.82;566.39;1.0;1.0;0;1.0;0;0;1.0;0;0;1.0;0;0;1.0;1.0;0;0;0;0;0
38343;3.34;0.95;17.0;1973.0;18.75;26.25;8.25;5.49;19.55;14.58;13.90;7.26;2.31;95115.0;18.0;18.0;125.0;4504.0;987.82;546.86;1.0;1.0;0;1.0;0;0;1.0;0;0;1.0;0;0;1.0;1.0;0;0;0;0;0
38843;3.09;0.93;18.0;2044.0;18.75;27.0;9.0;5.09;18.95;14.39;10.81;4.68;2.31;95115.0;19.0;19.0;124.0;4519.0;987.82;546.86;1.0;1.0;0;1.0;0;0;1.0;0;0;1.0;0;0;1.0;1.0;0;0;0;0;0
39353;3.32;0.92;18.0;2133.0;18.75;27.0;9.75;5.49;19.42;14.48;6.67;2.85;2.31;95115.0;19.0;19.0;124.0;4504.0;987.82;507.80;1.0;1.0;0;1.0;0;0;1.0;0;0;1.0;0;0;1.0;1.0;0;0;0;0;0
39853;3.09;0.93;20.0;2308.0;18.75;27.0;9.75;5.88;19.38;14.48;4.08;1.69;2.31;95115.0;20.0;20.0;124.0;4506.0;987.82;332.02;1.0;1.0;0;1.0;0;0;1.0;0;0;1.0;0;0;1.0;1.0;0;0;0;0;0
40363;3.30;0.95;21.0;2326.0;18.75;27.0;9.75;7.05;20.71;14.48;2.46;0.93;2.31;95115.0;21.0;21.0;124.0;4496.0;987.82;351.55;1.0;1.0;0;1.0;0;0;1.0;0;0;1.0;0;0;1.0;1.0;0;0;0;0;0
40863;3.31;0.97;22.0;2483.0;18.75;27.0;10.5;7.05;20.34;14.39;1.36;0.46;2.31;95115.0;22.0;22.0;124.0;4459.0;987.82;605.46;1.0;1.0;0;1.0;0;0;1.0;0;0;1.0;0;0;1.0;1.0;0;0;0;0;0
41373;3.44;0.96;23.0;2598.0;18.75;27.75;12.0;8.62;22.20;14.39;54.37;34.09;2.31;95115.0;23.0;24.0;123.0;4428.0;987.82;605.46;1.0;1.0;0;1.0;0;0;1.0;0;0;1.0;0;0;1.0;1.0;0;0;0;0;0
41873;3.31;0.93;25.0;2785.0;18.75;27.75;13.5;8.62;22.17;14.58;117.84;76.73;2.31;95115.0;25.0;25.0;123.0;4484.0;987.82;605.46;1.0;1.0;0;1.0;0;0;1.0;0;0;1.0;0;0;1.0;1.0;0;0;0;0;0
42383;3.14;0.89;27.0;2992.0;18.75;27.75;15.75;8.62;22.05;14.39;124.19;116.65;2.31;95115.0;27.0;27.0;123.0;4530.0;987.82;605.46;1.0;1.0;0;1.0;0;0;1.0;0;0;1.0;0;0;1.0;1.0;0;0;0;0;0
42883;2.99;0.87;28.0;3116.0;18.75;28.5;16.5;9.02;22.47;14.48;186.37;217.05;2.31;95115.0;28.0;28.0;123.0;4529.0;987.82;449.21;1.0;1.0;0;1.0;0;0;1.0;0;0;1.0;0;0;1.0;1.0;0;0;0;0;0
43393;4.08;1.00;28.0;2269.0;18.75;28.5;9.75;7.84;22.49;14.39;251.21;274.65;2.31;95115.0;28.0;28.0;122.0;4596.0;987.82;624.99;2.0;1.0;0;1.0;0;0;1.0;0;0;1.0;0;0;1.0;1.0;0;0;0;0;0
43893;4.44;0.99;30.0;2368.0;18.75;28.5;9.0;11.37;27.15;14.29;279.23;305.60;2.58;95115.0;30.0;30.0;122.0;4491.0;987.82;624.99;2.0;1.0;0;1.0;0;0;1.0;0;0;1.0;0;0;1.0;1.0;0;0;0;0;0
44404;4.12;0.97;31.0;2499.0;18.75;29.25;10.5;11.37;26.12;14.48;319.94;330.11;2.31;95115.0;32.0;32.0;122.0;4415.0;987.82;605.46;2.0;1.0;0;1.0;0;0;1.0;0;0;1.0;0;0;1.0;1.0;0;0;0;0;0
44903;2.02;1.00;33.0;2574.0;18.75;29.25;12.75;5.88;18.78;14.48;331.54;337.14;2.31;95115.0;33.0;34.0;122.0;4504.0;987.82;507.80;2.0;1.0;0;1.0;0;0;1.0;0;0;1.0;0;0;1.0;1.0;0;0;0;0;0
45414;2.58;1.00;32.0;2536.0;18.75;29.25;12.0;4.31;15.99;14.39;322.34;324.62;2.31;95115.0;33.0;32.0;122.0;4589.0;987.82;234.37;2.0;1.0;0;1.0;0;0;1.0;0;0;1.0;0;0;1.0;1.0;0;0;0;0;0
45964;2.88;1.02;31.0;2503.0;18.75;30.0;12.0;5.09;17.24;14.58;255.68;244.39;2.31;95115.0;31.0;31.0;121.0;4502.0;987.82;253.90;2.0;1.0;0;1.0;0;0;1.0;0;0;1.0;0;0;1.0;1.0;0;0;0;0;0
46464;3.04;1.05;31.0;2388.0;18.75;30.0;11.25;5.09;17.57;14.48;150.92;144.26;2.31;95115.0;31.0;31.0;121.0;4542.0;987.82;683.58;2.0;1.0;0;1.0;0;0;1.0;0;0;1.0;0;0;1.0;1.0;0;0;0;0;0
46974;3.12;1.03;31.0;2414.0;18.75;30.0;11.25;5.88;18.31;14.48;89.05;85.13;2.31;95115.0;30.0;31.0;121.0;4521.0;987.82;683.58;2.0;1.0;0;1.0;0;0;1.0;0;0;1.0;0;0;0;1.0;0;0;0;0;0
47486;4.46;1.00;31.0;2470.0;18.75;30.0;10.5;10.98;25.64;14.48;52.53;50.19;2.31;95115.0;31.0;31.0;121.0;4438.0;987.82;683.58;2.0;1.0;0;1.0;0;0;1.0;0;0;1.0;0;0;1.0;1.0;0;0;0;0;0
48074;4.11;0.97;33.0;2639.0;18.75;30.75;11.25;12.55;25.86;14.48;28.59;27.43;2.31;95115.0;34.0;34.0;120.0;4414.0;987.82;683.58;2.0;1.0;0;1.0;0;0;1.0;0;0;1.0;0;0;1.0;1.0;0;0;0;0;0
48584;3.28;1.00;36.0;2797.0;18.75;30.75;14.25;8.23;21.51;14.48;15.91;14.47;2.31;95115.0;36.0;36.0;120.0;4505.0;987.82;683.58;2.0;1.0;0;1.0;0;0;1.0;0;0;1.0;0;0;1.0;1.0;0;0;0;0;0
49084;2.76;0.97;36.0;2821.0;18.75;30.75;15.75;5.49;17.78;14.39;7.51;6.81;2.31;95115.0;36.0;36.0;120.0;4530.0;987.74;624.99;2.0;1.0;0;1.0;0;0;1.0;0;0;1.0;0;0;1.0;1.0;0;0;0;0;0
49593;1.29;1.00;36.0;2771.0;18.75;31.5;15.75;1.96;11.85;14.29;70.97;40.97;2.58;95115.0;36.0;36.0;119.0;4605.0;987.62;624.99;2.0;1.0;0;1.0;0;0;1.0;0;0;1.0;0;0;1.0;1.0;0;0;0;0;0
50144;1.21;1.00;33.0;2595.0;18.75;31.5;9.75;0;16.56;14.48;97.84;162.78;2.31;95115.0;34.0;33.0;119.0;4571.0;987.62;722.64;2.0;1.0;0;1.0;0;0;1.0;0;0;1.0;0;0;1.0;1.0;0;0;0;0;0
50694;1.52;1.00;28.0;2251.0;18.75;31.5;6.0;0;16.31;14.58;121.49;182.01;2.31;95115.0;29.0;29.0;138.0;4570.0;987.62;292.96;2.0;1.0;0;1.0;0;0;1.0;0;0;1.0;0;0;1.0;1.0;0;0;0;0;0
51244;1.88;1.00;23.0;1885.0;18.75;32.25;7.5;0;16.41;14.48;108.64;113.07;2.31;95115.0;24.0;24.0;135.0;4531.0;987.70;175.77;2.0;1.0;0;1.0;0;0;1.0;0;0;1.0;0;0;1.0;1.0;0;0;0;0;0
51754;2.17;1.01;18.0;1585.0;18.75;32.25;6.75;0;16.30;14.48;92.78;101.45;2.31;95115.0;19.0;19.0;134.0;4457.0;987.74;175.77;2.0;1.0;0;1.0;0;0;1.0;0;0;1.0;0;0;1.0;1.0;0;0;0;0;0
52264;2.38;1.02;15.0;1500.0;18.75;32.25;7.5;0;16.40;14.39;74.25;104.52;2.31;95115.0;15.0;15.0;132.0;4511.0;987.74;195.31;2.0;1.0;0;1.0;1.0;0;1.0;0;0;1.0;0;0;1.0;1.0;0;0;1.0;0;0
52764;2.11;1.04;12.0;1609.0;18.75;32.25;7.5;0;16.38;14.39;73.19;80.01;2.31;95115.0;12.0;12.0;133.0;4518.0;987.70;195.31;2.0;1.0;0;1.0;1.0;0;1.0;0;0;1.0;0;0;1.0;1.0;0;0;1.0;0;0
53274;2.31;1.05;8.0;1617.0;18.75;33.0;6.75;0;16.16;14.48;50.56;65.30;2.31;95115.0;9.0;9.0;130.0;4520.0;987.74;195.31;0;1.0;0;1.0;0;0;1.0;0;0;1.0;0;0;1.0;1.0;0;0;1.0;0;0
53774;2.28;1.07;7.0;1470.0;18.75;33.0;4.5;0;15.00;14.39;40.83;48.41;2.31;95115.0;7.0;7.0;125.0;4484.0;987.66;195.31;1.0;1.0;0;1.0;0;0;1.0;0;0;1.0;0;0;1.0;1.0;0;0;0;0;0
54284;4.71;1.09;5.0;1487.0;18.75;33.0;8.25;3.92;19.40;14.48;34.35;42.38;2.31;95115.0;6.0;5.0;118.0;4578.0;987.51;820.30;1.0;1.0;0;1.0;0;0;1.0;0;0;1.0;0;0;1.0;1.0;0;0;0;0;0
54784;4.49;1.00;7.0;2112.0;18.75;33.0;8.25;9.02;25.04;14.48;34.31;27.92;2.31;95115.0;8.0;8.0;117.0;4547.0;987.47;800.77;1.0;1.0;0;1.0;0;0;1.0;0;0;1.0;0;0;1.0;1.0;0;0;0;0;0
55294;3.91;0.99;12.0;1815.0;18.75;33.75;8.25;6.66;24.09;14.48;24.78;18.26;2.31;95115.0;12.0;12.0;117.0;4538.0;987.35;761.70;1.0;1.0;0;1.0;0;0;1.0;0;0;1.0;0;0;1.0;1.0;0;0;0;0;0
55804;4.13;0.97;16.0;1833.0;18.75;33.75;7.5;7.84;25.31;14.39;18.00;11.93;2.31;95115.0;17.0;17.0;117.0;4534.0;987.47;761.70;1.0;1.0;0;1.0;0;0;1.0;0;0;1.0;0;0;1.0;1.0;0;0;0;0;0
56354;3.92;0.98;20.0;2223.0;18.75;33.75;8.25;9.02;25.15;14.48;11.13;7.77;2.31;95115.0;20.0;20.0;117.0;4453.0;987.59;781.24;1.0;1.0;0;1.0;0;0;1.0;0;0;1.0;0;0;1.0;1.0;0;0;0;0;0
56904;4.52;1.00;23.0;2567.0;18.75;33.75;10.5;12.55;26.37;14.48;6.85;6.13;2.31;95115.0;23.0;23.0;117.0;4394.0;987.66;742.17;1.0;1.0;0;1.0;0;0;1.0;0;0;1.0;0;0;1.0;1.0;0;0;0;0;0
57414;4.16;0.96;26.0;2947.0;18.75;34.5;12.75;15.29;27.92;14.48;3.18;4.37;2.31;95115.0;27.0;27.0;116.0;4490.0;987.70;624.99;1.0;1.0;0;1.0;0;0;1.0;0;0;1.0;0;0;1.0;1.0;0;0;0;0;0
57964;4.09;0.96;30.0;3319.0;18.75;34.5;16.5;16.08;28.53;14.39;1.50;2.12;2.31;95115.0;29.0;30.0;116.0;4526.0;987.66;253.90;1.0;1.0;0;1.0;0;0;1.0;0;0;1.0;0;0;1.0;1.0;0;0;0;0;0
58463;4.21;0.98;33.0;3674.0;18.75;34.5;21.0;17.25;29.41;14.29;0.62;0.87;2.58;95115.0;33.0;33.0;116.0;4550.0;987.62;761.70;1.0;1.0;0;1.0;0;0;1.0;0;0;1.0;0;0;1.0;1.0;0;0;0;0;0
58974;5.83;1.00;33.0;3035.0;18.75;34.5;21.0;9.80;21.09;14.58;0.17;1.81;2.31;95115.0;34.0;34.0;116.0;4524.0;987.62;781.24;2.0;1.0;0;1.0;0;0;1.0;0;0;1.0;0;0;1.0;1.0;0;0;0;0;0
59484;4.52;0.99;36.0;2882.0;18.75;35.25;13.5;16.86;29.67;14.48;2.34;7.61;2.31;95115.0;36.0;37.0;115.0;4459.0;987.55;722.64;2.0;1.0;0;1.0;0;0;1.0;0;0;1.0;0;0;1.0;1.0;0;0;0;0;0
60034;4.30;0.97;38.0;3086.0;18.75;35.25;14.25;16.86;29.41;14.39;9.33;46.24;2.31;95115.0;39.0;39.0;115.0;4522.0;987.47;527.33;2.0;1.0;0;1.0;0;0;1.0;0;0;1.0;0;0;1.0;1.0;0;0;0;0;0
60534;3.82;1.00;41.0;3243.0;18.75;35.25;16.5;14.51;27.55;14.48;142.06;204.49;2.31;95115.0;41.0;42.0;115.0;4523.0;987.39;761.70;2.0;1.0;0;1.0;0;0;1.0;0;0;1.0;0;0;1.0;1.0;0;0;0;0;0
61044;4.48;0.99;43.0;3419.0;18.75;35.25;18.0;18.04;29.93;14.39;223.54;252.91;2.31;95115.0;43.0;44.0;115.0;4519.0;987.16;683.58;2.0;1.0;0;1.0;0;0;1.0;0;0;1.0;0;0;1.0;1.0;0;0;0;0;0
61574;4.0;0.92;46.0;3576.0;18.75;36.0;19.5;17.25;29.24;14.48;264.92;316.32;2.31;95115.0;45.0;46.0;114.0;4522.0;986.96;624.99;2.0;1.0;0;1.0;0;0;1.0;0;0;1.0;0;0;1.0;1.0;0;0;0;0;0
62084;4.16;0.93;47.0;3665.0;18.75;36.0;19.5;18.43;30.45;14.48;294.06;334.68;2.31;95115.0;47.0;47.0;114.0;4533.0;986.84;292.96;2.0;1.0;0;1.0;0;0;1.0;0;0;1.0;0;0;1.0;1.0;0;0;0;0;0
62585;5.74;1.00;50.0;3901.0;18.75;36.0;21.0;24.31;38.09;14.39;334.60;344.41;2.31;95115.0;49.0;50.0;114.0;4599.0;986.80;683.58;2.0;1.0;0;1.0;0;0;1.0;0;0;1.0;0;0;1.0;1.0;0;0;0;0;0
63094;5.67;1.00;50.0;3073.0;18.75;36.75;13.5;19.61;31.64;14.48;252.44;280.50;2.31;95115.0;50.0;50.0;113.0;4435.0;986.73;781.24;3.0;1.0;0;1.0;0;0;1.0;0;0;1.0;0;0;1.0;1.0;0;0;0;0;0
63595;4.76;0.99;52.0;3189.0;18.75;36.75;15.0;20.39;32.06;14.39;132.90;141.33;2.31;95115.0;51.0;52.0;113.0;4504.0;986.69;156.24;3.0;1.0;0;1.0;0;0;1.0;0;0;1.0;0;0;1.0;1.0;0;0;0;0;0
64104;4.76;1.04;53.0;3278.0;18.75;36.75;15.0;18.82;31.22;14.39;66.90;67.51;2.31;95115.0;52.0;53.0;113.0;4513.0;986.69;742.17;3.0;1.0;0;1.0;0;0;1.0;0;0;1.0;0;0;1.0;1.0;0;0;0;0;0
64654;4.08;0.97;55.0;3299.0;18.75;37.5;16.5;16.08;28.88;14.39;34.00;35.75;2.31;95115.0;55.0;54.0;112.0;4524.0;986.65;820.30;3.0;1.0;0;1.0;0;0;1.0;0;0;1.0;0;0;1.0;1.0;0;0;0;0;0
65166;3.72;0.96;55.0;3335.0;18.75;37.5;18.0;13.72;26.45;14.39;17.96;18.41;2.31;95115.0;54.0;55.0;112.0;4518.0;986.65;820.30;3.0;1.0;0;1.0;0;0;1.0;0;0;1.0;0;0;1.0;1.0;0;0;0;0;0
65674;3.36;0.91;53.0;3320.0;18.75;37.5;18.75;12.15;25.73;14.48;7.59;7.40;2.31;95115.0;54.0;54.0;112.0;4510.0;986.61;800.77;3.0;1.0;0;1.0;0;0;1.0;0;0;1.0;0;0;1.0;1.0;0;0;0;0;0
66178;3.2;0.86;55.0;3350.0;18.75;38.25;18.75;12.15;25.28;14.58;38.80;54.33;2.31;95115.0;53.0;55.0;111.0;4518.0;986.61;468.74;3.0;1.0;0;1.0;0;0;1.0;0;0;1.0;0;0;1.0;1.0;0;0;0;0;0
66754;3.23;0.89;55.0;3335.0;18.75;38.25;19.5;11.37;24.53;14.48;171.10;197.83;2.31;95115.0;54.0;55.0;111.0;4515.0;986.61;742.17;3.0;1.0;0;1.0;0;0;1.0;0;0;1.0;0;0;1.0;1.0;0;0;0;0;0
67314;3.2;0.89;53.0;3339.0;18.75;39.0;19.5;10.98;24.44;14.48;253.73;268.43;2.31;95115.0;54.0;54.0;111.0;4510.0;986.57;664.05;3.0;1.0;0;1.0;0;0;1.0;0;0;1.0;0;0;1.0;1.0;0;0;0;0;0
67854;3.16;0.88;53.0;3300.0;18.75;39.0;18.75;10.58;24.09;14.48;291.97;317.71;2.31;95115.0;54.0;54.0;111.0;4510.0;986.57;273.43;3.0;1.0;0;1.0;0;0;1.0;0;0;1.0;0;0;1.0;1.0;0;0;0;0;0
68375;3.22;0.91;53.0;3279.0;18.75;39.0;18.0;10.58;23.69;14.39;313.88;317.65;2.31;95115.0;54.0;54.0;111.0;4524.0;986.26;664.05;3.0;1.0;0;1.0;0;0;1.0;0;0;1.0;0;0;1.0;1.0;0;0;0;0;0
68914;3.24;0.92;52.0;3241.0;18.75;39.75;18.0;10.58;23.73;14.39;322.18;337.36;2.31;95115.0;53.0;53.0;110.0;4506.0;986.26;371.08;3.0;1.0;0;1.0;0;0;1.0;0;0;1.0;0;0;1.0;1.0;0;0;0;0;0
69424;3.28;0.93;52.0;3246.0;18.75;39.75;18.0;10.58;23.75;14.48;343.37;341.67;2.31;95115.0;53.0;53.0;110.0;4512.0;986.06;664.05;3.0;1.0;0;1.0;0;0;1.0;0;0;1.0;0;0;1.0;1.0;0;0;0;0;0
69934;3.15;0.91;52.0;3169.0;18.75;39.75;18.0;10.19;23.46;14.39;327.30;313.76;2.31;95115.0;52.0;52.0;110.0;4508.0;985.87;253.90;3.0;1.0;0;1.0;0;0;1.0;0;0;1.0;0;0;1.0;1.0;0;0;0;0;0
70434;3.22;0.94;51.0;3160.0;18.75;40.5;17.25;9.80;22.61;14.58;211.97;197.17;2.31;95115.0;51.0;52.0;109.0;4513.0;985.71;781.24;3.0;1.0;0;1.0;0;0;1.0;0;0;1.0;0;0;1.0;1.0;0;0;0;0;0
70944;3.05;0.89;51.0;3167.0;18.75;40.5;17.25;9.80;22.49;14.48;106.80;99.32;2.31;95115.0;51.0;52.0;109.0;4518.0;985.59;195.31;3.0;1.0;0;1.0;0;0;1.0;0;0;1.0;0;0;1.0;1.0;0;0;0;0;0
71494;3.16;0.92;51.0;3126.0;18.75;40.5;16.5;9.80;22.49;14.58;53.78;49.99;2.31;95115.0;51.0;51.0;109.0;4503.0;985.55;117.18;3.0;1.0;0;1.0;0;0;1.0;0;0;1.0;0;0;1.0;1.0;0;0;0;0;0
72004;3.20;0.94;51.0;3131.0;18.75;41.25;16.5;9.80;22.33;14.48;23.06;22.67;2.31;95115.0;50.0;51.0;108.0;4510.0;985.48;800.77;3.0;1.0;0;1.0;0;0;1.0;0;0;1.0;0;0;1.0;1.0;0;0;0;0;0
72514;2.96;0.90;51.0;3191.0;18.75;41.25;18.75;9.41;21.93;14.58;14.41;11.34;2.31;95115.0;51.0;51.0;108.0;4507.0;985.44;644.52;3.0;1.0;0;1.0;0;0;1.0;0;0;1.0;0;0;1.0;1.0;0;0;0;0;0
73024;3.02;0.90;50.0;3060.0;18.75;41.25;15.75;9.41;21.94;14.39;7.18;6.87;2.31;95115.0;50.0;50.0;108.0;4511.0;985.44;78.12;3.0;1.0;0;1.0;0;0;1.0;0;0;1.0;0;0;1.0;1.0;0;0;0;0;0
73524;3.12;0.94;50.0;3070.0;18.75;42.0;16.5;9.02;21.92;14.48;7.32;11.87;2.31;95115.0;50.0;50.0;107.0;4511.0;985.40;624.99;3.0;1.0;0;1.0;0;0;1.0;0;0;1.0;0;0;1.0;1.0;0;0;0;0;0
74035;3.08;0.94;50.0;3046.0;18.75;42.0;17.25;9.02;21.67;14.48;124.62;98.41;2.31;95115.0;49.0;50.0;107.0;4517.0;985.40;781.24;3.0;1.0;0;1.0;0;0;1.0;0;0;1.0;0;0;1.0;1.0;0;0;0;0;0
74544;2.82;0.90;48.0;3007.0;18.75;42.0;16.5;7.84;20.53;14.48;144.93;126.78;2.31;95115.0;49.0;49.0;107.0;4507.0;985.40;605.46;3.0;1.0;0;1.0;0;0;1.0;0;0;1.0;0;0;1.0;1.0;0;0;0;0;0
75046;2.39;0.91;48.0;2970.0;18.75;42.0;17.25;6.27;17.98;14.48;235.12;232.68;2.31;95115.0;49.0;49.0;107.0;4515.0;985.32;58.59;3.0;1.0;0;1.0;0;0;1.0;0;0;1.0;0;0;1.0;1.0;0;0;0;0;0
75554;1.62;0.94;47.0;2914.0;18.75;42.75;18.75;2.74;11.46;14.29;239.18;253.61;2.58;95115.0;47.0;47.0;106.0;4548.0;985.24;761.70;3.0;1.0;0;1.0;0;0;1.0;0;0;1.0;0;0;1.0;1.0;0;0;0;0;0
76103;1.16;1.00;43.0;2686.0;18.75;42.75;10.5;0;15.61;14.48;212.87;227.23;2.31;95115.0;44.0;44.0;106.0;4523.0;985.28;898.42;3.0;1.0;0;1.0;0;0;1.0;0;0;1.0;0;0;1.0;1.0;0;0;0;0;0
76614;1.26;1.00;40.0;2492.0;18.75;42.75;8.25;0;15.25;14.39;235.39;205.39;2.31;95115.0;41.0;41.0;109.0;4564.0;985.20;898.42;3.0;1.0;0;1.0;0;0;1.0;0;0;1.0;0;0;1.0;1.0;0;0;0;0;0
77124;1.39;1.00;37.0;2252.0;18.75;42.75;6.75;0;15.40;14.48;200.06;121.24;2.31;95115.0;37.0;37.0;123.0;4551.0;985.24;722.64;3.0;1.0;0;1.0;0;0;1.0;0;0;1.0;0;0;1.0;1.0;0;0;0;0;0
77634;1.59;1.00;32.0;2003.0;18.75;43.5;6.75;0;15.33;14.39;167.25;94.77;2.31;95115.0;32.0;32.0;118.0;4536.0;985.20;78.12;3.0;1.0;0;1.0;0;0;1.0;0;0;1.0;0;0;1.0;1.0;0;0;0;0;0
78134;1.93;1.00;27.0;1709.0;18.75;43.5;7.5;0;15.48;14.48;154.54;76.71;2.31;95115.0;28.0;28.0;117.0;4508.0;985.05;39.06;3.0;1.0;0;1.0;0;0;1.0;0;0;1.0;0;0;1.0;1.0;0;0;0;0;0
78644;1.89;1.00;23.0;1821.0;18.75;44.25;7.5;0;15.48;14.48;135.69;74.79;2.31;95115.0;24.0;24.0;121.0;4501.0;984.89;878.89;2.0;1.0;0;1.0;0;0;1.0;0;0;1.0;0;0;1.0;1.0;0;0;0;0;0
79174;1.82;0.98;21.0;1674.0;18.75;44.25;6.75;0;15.31;14.48;114.91;59.97;2.31;95115.0;21.0;21.0;119.0;4508.0;984.77;234.37;2.0;1.0;0;1.0;0;0;1.0;0;0;1.0;0;0;1.0;1.0;0;0;1.0;0;0
79683;2.0;0.99;18.0;1649.0;18.75;44.25;8.25;0;15.23;14.58;100.11;70.89;2.31;95115.0;19.0;19.0;113.0;4467.0;984.66;39.06;0;1.0;0;1.0;0;0;1.0;0;0;1.0;0;0;1.0;1.0;0;0;0;0;0
80233;1.88;1.01;17.0;1777.0;18.75;44.25;6.75;0;15.37;14.39;117.82;77.43;2.31;95115.0;17.0;17.0;118.0;4548.0;984.58;58.59;1.0;1.0;0;1.0;0;0;1.0;0;0;1.0;0;0;1.0;1.0;0;0;0;0;0
80784;1.75;1.00;16.0;1707.0;18.75;45.0;6.75;0;15.18;14.58;104.73;53.49;2.31;95115.0;16.0;15.0;116.0;4490.0;984.46;39.06;1.0;1.0;0;1.0;0;0;1.0;0;0;1.0;0;0;1.0;1.0;0;0;0;0;0
81294;2.16;1.02;12.0;1514.0;18.75;45.0;7.5;0;15.29;14.39;84.58;42.65;2.31;95115.0;13.0;13.0;116.0;4472.0;984.34;58.59;1.0;1.0;0;1.0;0;0;1.0;0;0;1.0;0;0;1.0;1.0;0;0;0;0;0
81804;1.87;1.03;10.0;1573.0;18.75;45.0;9.0;0.78;11.35;14.48;58.47;31.05;2.31;95115.0;10.0;10.0;104.0;4496.0;984.34;39.06;1.0;1.0;0;1.0;0;0;1.0;0;0;1.0;0;0;1.0;1.0;0;0;0;0;0
82315;2.35;1.05;6.0;1509.0;18.75;45.0;7.5;0;15.43;14.58;42.57;23.53;2.31;95115.0;7.0;7.0;115.0;4527.0;984.30;722.64;1.0;1.0;0;1.0;0;0;1.0;0;0;1.0;0;0;1.0;1.0;0;0;0;0;0
82814;2.12;1.04;3.0;1456.0;18.75;45.0;4.5;0;14.29;14.58;29.39;23.02;2.31;95115.0;4.0;4.0;111.0;4503.0;984.34;859.36;1.0;1.0;0;1.0;1.0;0;1.0;0;0;1.0;0;0;1.0;1.0;0;0;1.0;0;0
83326;2.10;1.03;0;1452.0;18.75;45.0;4.5;0;14.11;14.48;30.07;16.73;2.31;95115.0;0;0;107.0;4501.0;984.27;859.36;1.0;1.0;0;1.0;0;0;1.0;0;0;1.0;0;0;1.0;1.0;0;0;0;0;0
83844;1.96;1.01;0;1426.0;18.75;45.75;4.5;0;13.94;14.58;48.37;16.30;2.31;95115.0;0;0;102.0;4488.0;984.23;859.36;1.0;1.0;0;1.0;0;0;1.0;0;0;1.0;0;0;1.0;1.0;0;0;0;0;0
84444;1.95;0.99;0;1403.0;18.75;45.75;5.25;0;13.99;14.48;102.37;92.51;2.31;95115.0;0;0;102.0;4498.0;984.34;761.70;1.0;1.0;0;1.0;1.0;0;1.0;0;0;1.0;0;0;1.0;1.0;0;0;1.0;0;0
84994;1.91;0.97;0;1372.0;18.75;45.75;6.75;0;14.50;14.58;87.29;67.49;2.31;95115.0;0;0;100.0;4494.0;984.42;58.59;1.0;1.0;0;1.0;0;0;1.0;0;0;1.0;0;0;1.0;1.0;0;0;0;0;0
85544;2.13;0.99;0;1393.0;18.75;45.75;6.0;0;14.11;14.48;63.58;55.81;2.31;95115.0;0;0;100.0;4521.0;984.38;253.90;1.0;1.0;0;1.0;0;0;1.0;0;0;1.0;0;0;1.0;1.0;0;0;0;0;0
86044;2.86;0.99;0;1362.0;18.75;45.75;11.25;0.39;14.88;14.39;50.91;63.70;2.31;95115.0;0;0;103.0;4552.0;984.46;859.36;1.0;1.0;0;1.0;0;0;1.0;0;0;1.0;0;0;1.0;1.0;0;0;0;0;0
86553;1.93;0.97;0;1483.0;18.75;45.75;7.5;0;15.41;14.58;44.04;60.79;2.31;95115.0;0;0;117.0;4517.0;984.42;820.30;1.0;1.0;0;1.0;0;0;1.0;0;0;1.0;0;0;1.0;1.0;0;0;0;0;0
87063;1.94;0.95;0;1407.0;18.75;46.5;6.0;0;14.68;14.58;34.25;44.27;2.31;95115.0;0;0;112.0;4490.0;984.34;58.59;1.0;1.0;0;1.0;0;0;1.0;0;0;1.0;0;0;1.0;1.0;0;0;0;0;0
87574;4.20;1.00;0;1789.0;18.75;46.5;8.25;5.09;18.27;14.48;31.85;34.43;2.31;95115.0;0;0;102.0;4562.0;984.34;898.42;1.0;1.0;0;1.0;0;0;1.0;0;0;1.0;0;0;1.0;1.0;0;0;0;0;0
88084;5.68;1.00;0;2331.0;18.75;46.5;10.5;14.11;30.17;14.58;78.54;106.49;2.31;95115.0;0;0;102.0;4511.0;984.50;878.89;1.0;1.0;0;1.0;0;0;1.0;0;0;1.0;0;0;1.0;1.0;0;0;0;0;0
88583;5.14;1.00;0;1920.0;18.75;46.5;9.75;16.47;37.11;14.39;126.57;91.83;2.31;95115.0;0;0;102.0;4526.0;984.42;19.53;1.0;1.0;0;1.0;0;0;1.0;0;0;1.0;0;0;1.0;1.0;0;0;0;0;0
89094;4.94;1.00;15.0;2055.0;18.75;46.5;9.0;14.51;34.31;14.48;127.33;91.59;2.31;95115.0;16.0;16.0;102.0;4471.0;984.38;58.59;1.0;1.0;0;1.0;0;0;1.0;0;0;1.0;0;0;1.0;1.0;0;0;0;0;0
89614;4.46;1.01;21.0;2403.0;18.75;46.5;11.25;14.51;30.17;14.48;171.25;174.10;2.31;95115.0;21.0;21.0;102.0;4415.0;984.38;859.36;1.0;1.0;0;1.0;0;0;1.0;0;0;1.0;0;0;1.0;1.0;0;0;0;0;0
90154;3.97;0.97;26.0;2981.0;18.75;46.5;15.75;14.90;28.00;14.39;239.45;202.42;2.31;95115.0;26.0;27.0;102.0;4502.0;984.54;820.30;1.0;1.0;0;1.0;0;0;1.0;0;0;1.0;0;0;1.0;1.0;0;0;0;0;0
90714;3.60;0.95;31.0;3468.0;18.75;47.25;21.75;14.11;27.02;14.39;167.84;145.57;2.31;95115.0;31.0;31.0;101.0;4518.0;984.66;839.83;1.0;1.0;0;1.0;0;0;1.0;0;0;0;0;0;1.0;1.0;0;0;0;0;0
91223;3.52;1.00;32.0;3046.0;18.75;47.25;19.5;8.23;21.58;14.58;80.17;77.33;2.31;95115.0;33.0;33.0;101.0;4260.0;984.66;898.42;2.0;1.0;0;1.0;0;0;1.0;0;0;1.0;0;0;1.0;1.0;0;0;0;0;0
91794;4.84;1.00;36.0;2820.0;18.75;47.25;15.0;16.86;29.81;14.48;47.12;44.02;2.31;95115.0;36.0;36.0;101.0;4260.0;984.66;800.77;2.0;1.0;0;1.0;0;0;1.0;0;0;1.0;0;0;1.0;1.0;0;0;0;0;0
92304;4.06;0.95;40.0;3135.0;18.75;47.25;17.25;16.47;29.39;14.58;23.16;24.92;2.31;95115.0;39.0;40.0;101.0;4436.0;984.46;742.17;2.0;1.0;0;1.0;0;0;1.0;0;0;1.0;0;0;1.0;1.0;0;0;0;0;0
92864;3.85;0.94;43.0;3375.0;18.75;47.25;20.25;15.68;28.47;14.48;13.51;11.83;2.31;95115.0;43.0;43.0;101.0;4495.0;984.38;312.49;2.0;1.0;0;1.0;0;0;1.0;0;0;1.0;0;0;1.0;1.0;0;0;0;0;0
93415;4.68;0.97;47.0;3650.0;18.75;48.0;21.0;20.39;32.36;14.48;5.13;4.68;2.31;95115.0;46.0;47.0;101.0;4540.0;984.30;703.11;2.0;1.0;0;1.0;0;0;1.0;0;0;1.0;0;0;1.0;1.0;0;0;0;0;0
93924;4.09;1.00;48.0;3337.0;18.75;48.0;21.0;14.51;27.37;14.39;4.33;2.03;2.31;95115.0;49.0;49.0;101.0;4451.0;984.27;859.36;3.0;1.0;0;1.0;0;0;1.0;0;0;1.0;0;0;1.0;1.0;0;0;0;0;0
94434;4.16;0.96;52.0;3212.0;18.75;48.0;18.0;17.64;30.57;14.48;2.08;0.93;2.31;95115.0;52.0;52.0;101.0;4506.0;984.23;624.99;3.0;1.0;0;1.0;0;0;1.0;0;0;1.0;0;0;1.0;1.0;0;0;0;0;0
94933;4.00;0.98;55.0;3389.0;18.75;48.0;20.25;16.47;29.36;14.29;1.83;0.29;2.58;95115.0;54.0;55.0;101.0;4523.0;984.19;742.17;3.0;1.0;0;1.0;0;0;1.0;0;0;1.0;0;0;1.0;1.0;0;0;0;0;0
95444;3.85;0.96;57.0;3537.0;18.75;48.0;22.5;16.47;28.70;14.48;2.69;0.07;2.31;95115.0;57.0;58.0;101.0;4508.0;984.19;683.58;3.0;1.0;0;1.0;0;0;1.0;0;0;1.0;0;0;1.0;1.0;0;0;0;0;0
95954;5.31;1.00;60.0;3675.0;18.75;48.75;20.25;22.35;34.62;14.48;0.93;0;2.31;95115.0;59.0;60.0;100.0;4526.0;984.19;839.83;3.0;1.0;0;1.0;0;0;1.0;0;0;1.0;0;0;1.0;1.0;0;0;0;0;0
96466;0;1.00;62.0;3821.0;18.75;48.75;41.25;0;5.04;14.58;1.85;0;2.31;95115.0;62.0;63.0;100.0;4534.0;984.15;917.95;3.0;1.0;0;1.0;0;0;1.0;0;0;0;0;0;1.0;1.0;0;0;0;0;0
96974;4.98;1.00;65.0;3375.0;18.75;49.5;18.75;21.17;31.87;14.48;51.63;11.36;2.31;95115.0;64.0;65.0;99.0;4480.0;984.15;800.77;4.0;1.0;0;1.0;0;0;1.0;0;0;0;0;0;1.0;1.0;0;0;0;0;0
97483;4.56;0.98;67.0;3510.0;18.75;49.5;19.5;21.57;32.41;14.48;113.35;191.33;2.31;95115.0;67.0;68.0;99.0;4525.0;984.15;136.71;4.0;1.0;0;1.0;0;0;1.0;0;0;0;0;0;1.0;1.0;0;0;0;0;0
97984;4.67;1.04;70.0;3642.0;18.75;49.5;21.0;20.78;31.51;14.58;216.91;241.64;2.31;95115.0;69.0;70.0;99.0;4516.0;984.15;859.36;4.0;1.0;0;1.0;0;0;1.0;0;0;0;0;0;1.0;1.0;0;0;0;0;0
98494;3.96;0.98;72.0;3765.0;18.75;49.5;24.75;17.64;28.80;14.48;250.90;242.40;2.31;95115.0;71.0;72.0;99.0;4526.0;984.15;859.36;4.0;1.0;0;1.0;0;0;1.0;0;0;0;0;0;1.0;1.0;0;0;0;0;0
99004;3.48;0.91;73.0;3840.0;18.75;50.25;27.0;16.08;27.37;14.58;230.35;250.17;2.31;95115.0;73.0;74.0;98.0;4529.0;984.15;722.64;4.0;1.0;0;1.0;0;0;1.0;0;0;0;0;0;1.0;1.0;0;0;0;0;0
99514;0;1.00;75.0;3908.0;18.75;50.25;39.0;0;4.99;14.58;212.56;232.79;2.31;95115.0;75.0;75.0;98.0;4521.0;984.15;917.95;4.0;1.0;0;1.0;0;0;1.0;0;0;0;0;0;1.0;1.0;0;0;0;0;0
100024;4.01;0.97;76.0;3538.0;18.75;50.25;23.25;16.47;27.53;14.39;196.62;204.38;2.31;95115.0;75.0;77.0;98.0;4465.0;984.15;839.83;5.0;1.0;0;1.0;0;0;1.0;0;0;0;0;0;1.0;1.0;0;0;0;0;0
100524;4.68;0.98;78.0;3625.0;18.75;50.25;21.0;21.57;32.77;14.48;180.10;153.74;2.31;95115.0;78.0;79.0;98.0;4538.0;984.15;390.62;5.0;1.0;0;1.0;0;0;1.0;0;0;0;0;0;1.0;1.0;0;0;0;0;0
101044;4.64;1.00;80.0;3706.0;18.75;51.0;22.5;19.61;30.52;14.48;198.58;180.57;2.31;95115.0;79.0;80.0;97.0;4543.0;984.15;859.36;5.0;1.0;0;1.0;0;0;1.0;0;0;0;0;0;1.0;1.0;0;0;0;0;0
101554;3.24;0.98;80.0;3419.0;18.75;51.0;24.75;11.37;23.77;14.58;90.01;86.30;2.31;95115.0;80.0;81.0;97.0;4463.0;984.15;878.89;6.0;1.0;0;1.0;0;0;1.0;0;0;0;0;0;1.0;1.0;0;0;0;0;0
102104;2.98;0.92;81.0;3438.0;18.75;51.0;24.75;10.98;23.26;14.48;42.96;42.22;2.31;95115.0;81.0;81.0;97.0;4502.0;984.15;859.36;6.0;1.0;0;1.0;0;0;1.0;0;0;0;0;0;1.0;1.0;0;0;0;0;0
102654;2.65;0.86;82.0;3484.0;18.75;51.0;26.25;9.41;22.19;14.48;20.93;20.13;2.31;95115.0;82.0;82.0;97.0;4522.0;984.15;820.30;6.0;1.0;0;1.0;0;0;1.0;0;0;0;0;0;1.0;1.0;0;0;0;0;0
103215;2.33;0.80;82.0;3502.0;18.75;51.75;27.75;9.02;21.04;14.48;8.90;9.00;2.31;95115.0;82.0;82.0;96.0;4515.0;984.15;273.43;6.0;1.0;0;1.0;0;0;1.0;0;0;0;0;0;1.0;1.0;0;0;0;0;0
103764;2.48;0.85;82.0;3513.0;18.75;51.75;29.25;9.02;21.47;14.48;5.48;4.17;2.31;95115.0;82.0;83.0;96.0;4510.0;984.15;78.12;6.0;1.0;0;1.0;0;0;1.0;0;0;0;0;0;1.0;1.0;0;0;0;0;0
104274;2.62;0.90;83.0;3555.0;18.75;51.75;28.5;8.62;21.10;14.48;2.14;4.84;2.31;95115.0;83.0;84.0;96.0;4503.0;984.15;839.83;6.0;1.0;0;1.0;0;0;1.0;0;0;0;0;0;1.0;1.0;0;0;0;0;0
104854;2.40;0.84;83.0;3547.0;18.75;51.75;29.25;8.23;20.62;14.48;0.87;2.08;2.31;95115.0;83.0;84.0;96.0;4523.0;984.15;253.90;6.0;1.0;0;1.0;0;0;1.0;0;0;0;0;0;1.0;1.0;0;0;0;0;0
105364;2.52;0.99;83.0;3598.0;18.75;52.5;31.5;7.05;18.74;14.48;9.00;34.60;2.31;95115.0;84.0;84.0;95.0;4517.0;984.15;878.89;6.0;1.0;0;1.0;0;0;1.0;0;0;0;0;0;1.0;1.0;0;0;0;0;0
105864;2.36;0.94;83.0;3558.0;18.75;52.5;31.5;6.66;18.42;14.58;56.79;101.51;2.31;95115.0;84.0;84.0;95.0;4514.0;984.15;878.89;6.0;1.0;0;1.0;0;0;1.0;0;0;0;0;0;1.0;1.0;0;0;0;0;0
106374;2.28;0.89;85.0;3581.0;18.75;52.5;31.5;7.05;18.73;14.48;93.15;109.97;2.31;95115.0;84.0;85.0;95.0;4516.0;984.15;839.83;6.0;1.0;0;1.0;0;0;1.0;0;0;0;0;0;1.0;1.0;0;0;0;0;0
106884;2.48;0.84;85.0;3598.0;18.75;52.5;29.25;9.41;21.59;14.48;155.10;166.68;2.31;95115.0;85.0;85.0;95.0;4514.0;984.15;605.46;6.0;1.0;0;1.0;0;0;1.0;0;0;0;0;0;1.0;1.0;0;0;0;0;0
107394;2.49;0.85;86.0;3623.0;18.75;52.5;30.0;9.02;21.40;14.48;207.62;228.42;2.31;95115.0;85.0;86.0;95.0;4511.0;984.15;97.65;6.0;1.0;0;1.0;0;0;1.0;0;0;0;0;0;1.0;1.0;0;0;0;0;0
107904;2.64;0.91;86.0;3644.0;18.75;53.25;30.75;9.02;21.22;14.58;249.20;291.99;2.31;95115.0;86.0;86.0;95.0;4521.0;984.15;800.77;6.0;1.0;0;1.0;0;0;1.0;0;0;0;0;0;1.0;1.0;0;0;0;0;0
108414;2.53;0.88;86.0;3676.0;18.75;53.25;30.75;9.02;21.09;14.48;234.71;325.03;2.31;95115.0;86.0;87.0;95.0;4514.0;984.15;273.43;6.0;1.0;0;1.0;0;0;1.0;0;0;0;0;0;1.0;1.0;0;0;0;0;0
108924;2.57;0.91;87.0;3747.0;18.75;53.25;31.5;8.62;20.74;14.48;290.56;320.52;2.31;95115.0;87.0;88.0;95.0;4511.0;984.15;664.05;6.0;1.0;0;1.0;0;0;1.0;0;0;0;0;0;1.0;1.0;0;0;0;0;0
109436;2.48;0.90;87.0;3734.0;18.75;54.0;32.25;8.23;20.64;14.58;309.33;334.50;2.31;95115.0;88.0;88.0;94.0;4516.0;984.23;566.39;6.0;1.0;0;1.0;0;0;1.0;0;0;0;0;0;1.0;1.0;0;0;0;0;0
109934;2.41;0.91;88.0;3762.0;18.75;54.0;33.75;7.84;19.54;14.58;293.53;295.13;2.31;95115.0;88.0;89.0;94.0;4516.0;984.23;800.77;6.0;1.0;0;1.0;0;0;1.0;0;0;0;0;0;1.0;1.0;0;0;0;0;0
110444;0.89;1.00;88.0;3600.0;18.75;54.0;36.75;1.96;8.02;14.39;305.78;333.22;2.31;95115.0;89.0;89.0;94.0;4556.0;984.34;820.30;6.0;1.0;0;1.0;0;0;1.0;0;0;0;0;0;1.0;1.0;0;0;0;0;0
110954;0.67;1.00;87.0;3654.0;18.75;54.0;-30.0;0;0;14.58;289.14;329.84;2.31;95115.0;87.0;86.0;94.0;4595.0;984.34;0;6.0;1.0;0;1.0;0;0;1.0;0;0;0;0;0;1.0;1.0;0;0;0;0;0
111464;0.70;1.00;85.0;3572.0;18.75;54.0;-30.0;0;0;14.48;326.22;307.42;2.31;95115.0;85.0;84.0;94.0;4608.0;984.58;0;6.0;1.0;0;1.0;0;0;1.0;0;0;0;0;0;1.0;1.0;0;0;0;0;0
111974;0.75;1.00;82.0;3476.0;18.75;54.75;-30.0;0;0;14.58;204.40;201.76;2.31;95115.0;83.0;82.0;93.0;4545.0;984.58;0;6.0;1.0;0;1.0;0;0;1.0;0;0;0;0;0;1.0;1.0;0;0;0;0;0
112484;2.83;1.00;82.0;3527.0;18.75;54.75;9.0;7.05;13.87;14.58;92.65;100.57;2.31;95115.0;82.0;82.0;93.0;4235.0;984.73;859.36;6.0;1.0;0;1.0;0;0;1.0;0;0;0;0;0;1.0;1.0;0;0;0;0;0
112994;2.58;0.95;82.0;3464.0;18.75;54.75;21.75;7.05;17.80;14.48;50.46;45.54;2.31;95115.0;82.0;82.0;93.0;4348.0;984.85;820.30;6.0;1.0;0;1.0;0;0;1.0;0;0;0;0;0;1.0;1.0;0;0;0;0;0
113504;2.50;0.90;82.0;3499.0;18.75;55.5;30.75;7.84;20.35;14.48;24.02;21.89;2.31;95116.0;82.0;83.0;92.0;4467.0;984.97;117.18;6.0;1.0;0;1.0;0;0;1.0;0;0;0;0;0;1.0;1.0;0;0;0;0;0
114014;2.70;0.96;83.0;3506.0;18.75;55.5;30.75;8.23;20.74;14.48;13.65;10.37;2.31;95116.0;83.0;83.0;92.0;4498.0;985.09;859.36;6.0;1.0;0;1.0;0;0;1.0;0;0;0;0;0;1.0;1.0;0;0;0;0;0
114524;2.48;0.92;83.0;3580.0;18.75;55.5;31.5;7.84;20.00;14.48;6.44;4.62;2.31;95116.0;84.0;84.0;92.0;4515.0;985.16;800.77;6.0;1.0;0;1.0;0;0;1.0;0;0;0;0;0;1.0;1.0;0;0;0;0;0
115023;2.24;0.87;85.0;3617.0;18.75;55.5;32.25;7.45;19.22;14.39;2.38;10.54;2.31;95116.0;85.0;85.0;92.0;4527.0;985.20;253.90;6.0;1.0;0;1.0;0;0;1.0;0;0;0;0;0;1.0;1.0;0;0;0;0;0
115534;2.28;0.90;85.0;3621.0;18.75;55.5;33.75;7.05;19.06;14.48;0.99;12.55;2.31;95116.0;85.0;85.0;92.0;4517.0;985.24;722.64;6.0;1.0;0;1.0;0;0;1.0;0;0;0;0;0;1.0;1.0;0;0;0;0;0
116044;2.17;0.90;85.0;3610.0;18.75;55.5;34.5;6.66;17.98;14.58;0.33;9.56;2.31;95116.0;85.0;85.0;92.0;4507.0;985.28;820.30;6.0;1.0;0;1.0;0;0;1.0;0;0;0;0;0;1.0;1.0;0;0;0;0;0
116554;2.12;0.90;86.0;3638.0;18.75;55.5;35.25;6.27;17.63;14.48;0.01;6.69;2.31;95116.0;86.0;86.0;92.0;4515.0;985.28;117.18;6.0;1.0;0;1.0;0;0;1.0;0;0;0;0;0;1.0;1.0;0;0;0;0;0
117064;2.12;0.91;86.0;3668.0;18.75;56.25;35.25;6.27;17.33;14.58;0;2.92;2.31;95116.0;86.0;86.0;91.0;4514.0;985.28;820.30;6.0;1.0;0;1.0;0;0;1.0;0;0;0;0;0;1.0;1.0;0;0;0;0;0
117624;2.05;0.87;86.0;3659.0;18.75;56.25;35.25;6.27;17.63;14.48;64.76;49.02;2.31;95116.0;86.0;86.0;91.0;4518.0;985.32;644.52;6.0;1.0;0;1.0;0;0;1.0;0;0;0;0;0;0;1.0;0;0;0;0;0
118174;2.02;0.87;86.0;3631.0;18.75;56.25;35.25;6.27;17.40;14.48;108.07;106.90;2.31;95116.0;86.0;87.0;91.0;4514.0;985.40;488.27;6.0;1.0;0;1.0;0;0;1.0;0;0;0;0;0;1.0;1.0;0;0;0;0;0
118684;2.07;0.88;86.0;3670.0;18.75;56.25;36.0;6.27;17.58;14.48;154.99;208.28;2.31;95116.0;87.0;87.0;91.0;4510.0;985.52;742.17;6.0;1.0;0;1.0;0;0;1.0;0;0;0;0;0;1.0;1.0;0;0;0;0;0
119194;1.95;0.84;86.0;3689.0;18.75;57.0;36.0;6.27;17.48;14.48;269.96;234.32;2.31;95116.0;87.0;87.0;90.0;4520.0;985.67;78.12;6.0;1.0;0;1.0;0;0;1.0;0;0;0;0;0;1.0;1.0;0;0;0;0;0
119704;2.04;0.88;87.0;3713.0;18.75;57.0;36.75;6.27;17.38;14.58;319.80;298.84;2.31;95116.0;87.0;87.0;90.0;4518.0;985.87;78.12;6.0;1.0;0;1.0;0;0;1.0;0;0;0;0;0;1.0;1.0;0;0;0;0;0
120214;2.10;0.90;87.0;3698.0;18.75;57.0;36.75;6.27;17.63;14.48;353.37;326.05;2.31;95116.0;87.0;87.0;90.0;4511.0;985.98;839.83;6.0;1.0;0;1.0;0;0;1.0;0;0;0;0;0;1.0;1.0;0;0;0;0;0
120724;2.0;0.86;87.0;3730.0;18.75;57.0;36.75;6.66;17.40;14.58;354.82;324.58;2.31;95116.0;87.0;88.0;90.0;4502.0;986.18;507.80;6.0;1.0;0;1.0;0;0;1.0;0;0;0;0;0;1.0;1.0;0;0;0;0;0
121234;2.00;0.86;87.0;3707.0;18.75;57.0;36.75;6.27;17.38;14.48;338.24;329.29;2.31;95116.0;87.0;88.0;90.0;4507.0;986.30;97.65;6.0;1.0;0;1.0;0;0;1.0;0;0;0;0;0;1.0;1.0;0;0;0;0;0
121744;2.09;0.91;87.0;3742.0;18.75;57.0;36.75;6.27;17.40;14.39;327.02;348.14;2.31;95116.0;88.0;88.0;90.0;4507.0;986.37;820.30;6.0;1.0;0;1.0;0;0;1.0;0;0;0;0;0;1.0;1.0;0;0;0;0;0
122254;2.07;0.87;87.0;3724.0;18.75;57.0;36.75;6.66;17.87;14.48;335.95;331.24;2.31;95116.0;88.0;88.0;90.0;4510.0;986.45;761.70;6.0;1.0;0;1.0;0;0;1.0;0;0;0;0;0;1.0;1.0;0;0;0;0;0
122764;1.93;0.84;88.0;3798.0;18.75;57.0;37.5;6.66;17.19;14.48;302.42;279.86;2.31;95116.0;89.0;89.0;90.0;4518.0;986.49;117.18;6.0;1.0;0;1.0;0;0;1.0;0;0;0;0;0;1.0;1.0;0;0;0;0;0
123314;2.07;0.89;88.0;3764.0;18.75;57.75;38.25;6.66;17.73;14.48;291.25;267.09;2.31;95116.0;88.0;89.0;90.0;4512.0;986.49;742.17;6.0;1.0;0;1.0;0;0;1.0;0;0;0;0;0;1.0;1.0;0;0;0;0;0
123825;2.08;0.88;88.0;3760.0;18.75;57.75;38.25;6.66;18.00;14.39;205.67;299.49;2.31;95116.0;89.0;89.0;90.0;4526.0;986.53;683.58;6.0;1.0;0;1.0;0;0;1.0;0;0;0;0;0;1.0;1.0;0;0;0;0;0
124334;1.92;0.84;88.0;3790.0;18.75;57.75;38.25;6.66;17.65;14.58;216.13;318.57;2.31;95116.0;89.0;89.0;90.0;4512.0;986.53;39.06;6.0;1.0;0;1.0;0;0;1.0;0;0;0;0;0;1.0;1.0;0;0;0;0;0
124844;2.06;0.89;88.0;3765.0;18.75;57.75;38.25;6.66;17.72;14.48;207.36;314.14;2.31;95116.0;89.0;89.0;90.0;4512.0;986.53;234.37;6.0;1.0;0;1.0;0;0;1.0;0;0;0;0;0;1.0;1.0;0;0;0;0;0
125354;2.08;0.90;90.0;3829.0;18.75;58.5;39.0;6.27;17.52;14.58;125.77;178.42;2.31;95116.0;89.0;90.0;89.0;4509.0;986.57;839.83;6.0;1.0;0;1.0;0;0;1.0;0;0;0;0;0;1.0;1.0;0;0;0;0;0
125864;1.92;0.85;90.0;3801.0;18.75;58.5;38.25;6.27;16.92;14.58;54.07;76.71;2.31;95116.0;89.0;90.0;89.0;4514.0;986.61;644.52;6.0;1.0;0;1.0;0;0;1.0;0;0;0;0;0;1.0;1.0;0;0;0;0;0
126374;1.88;0.86;90.0;3806.0;18.75;58.5;39.0;6.27;16.81;14.58;23.14;34.70;2.31;95116.0;90.0;90.0;89.0;4514.0;986.69;78.12;6.0;1.0;0;1.0;0;0;1.0;0;0;0;0;0;1.0;1.0;0;0;0;0;0
126924;1.94;0.90;90.0;3804.0;18.75;58.5;39.0;5.88;16.36;14.48;10.93;16.63;2.31;95116.0;90.0;90.0;89.0;4512.0;986.88;859.36;6.0;1.0;0;1.0;0;0;1.0;0;0;0;0;0;1.0;1.0;0;0;0;0;0
127434;1.49;1.00;90.0;3773.0;18.75;58.5;39.75;4.70;13.71;14.39;4.94;7.81;2.31;95116.0;90.0;90.0;89.0;4511.0;987.16;878.89;6.0;1.0;0;1.0;0;0;1.0;0;0;0;0;0;1.0;1.0;0;0;0;0;0
127945;1.82;0.97;90.0;3786.0;18.75;58.5;39.75;5.09;14.27;14.58;3.26;3.24;2.31;95116.0;89.0;90.0;89.0;4509.0;987.27;878.89;6.0;1.0;0;1.0;0;0;1.0;0;0;0;0;0;1.0;1.0;0;0;0;0;0
128454;1.76;0.94;88.0;3786.0;18.75;58.5;39.75;5.09;14.27;14.58;1.36;1.26;2.31;95116.0;89.0;89.0;89.0;4519.0;987.35;878.89;6.0;1.0;0;1.0;0;0;1.0;0;0;0;0;0;1.0;1.0;0;0;0;0;0
128964;1.68;0.91;90.0;3780.0;18.75;59.25;40.5;5.09;14.23;14.48;2.59;0.42;2.31;95116.0;89.0;90.0;88.0;4506.0;987.47;859.36;6.0;1.0;0;1.0;0;0;1.0;0;0;0;0;0;1.0;1.0;0;0;0;0;0
129474;1.63;0.88;88.0;3778.0;18.75;59.25;40.5;5.09;14.25;14.48;1.01;0.09;2.31;95116.0;89.0;89.0;88.0;4518.0;987.59;859.36;6.0;1.0;0;1.0;0;0;1.0;0;0;0;0;0;1.0;1.0;0;0;0;0;0
129984;1.59;0.85;88.0;3724.0;18.75;59.25;39.0;5.09;14.20;14.48;1.58;0;2.31;95116.0;89.0;89.0;88.0;4509.0;987.66;761.70;6.0;1.0;0;1.0;0;0;1.0;0;0;0;0;0;1.0;1.0;0;0;0;0;0
130494;1.59;0.83;88.0;3732.0;18.75;59.25;39.75;5.09;14.42;14.58;2.42;0;2.31;95116.0;88.0;89.0;88.0;4515.0;987.70;58.59;6.0;1.0;0;1.0;0;0;1.0;0;0;0;0;0;1.0;1.0;0;0;0;0;0
131004;2.07;0.87;88.0;3755.0;18.75;60.0;38.25;6.66;18.03;14.48;18.76;52.37;2.31;95116.0;88.0;89.0;87.0;4500.0;987.74;97.65;6.0;1.0;0;1.0;0;0;1.0;0;0;0;0;0;1.0;1.0;0;0;0;0;0
131514;2.21;0.89;88.0;3759.0;18.75;60.0;38.25;7.05;19.02;14.58;131.67;193.71;2.31;95116.0;88.0;89.0;87.0;4509.0;987.74;781.24;6.0;1.0;0;1.0;0;0;1.0;0;0;0;0;0;1.0;1.0;0;0;0;0;0
132024;2.08;0.84;90.0;3815.0;18.75;60.0;38.25;7.05;18.90;14.48;195.33;240.86;2.31;95116.0;89.0;90.0;87.0;4514.0;987.78;78.12;6.0;1.0;0;1.0;0;0;1.0;0;0;0;0;0;1.0;1.0;0;0;0;0;0
132534;2.18;0.89;90.0;3811.0;18.75;60.0;38.25;7.05;18.85;14.58;250.08;249.88;2.31;95116.0;90.0;90.0;87.0;4512.0;987.86;253.90;6.0;1.0;0;1.0;0;0;1.0;0;0;0;0;0;1.0;1.0;0;0;0;0;0
133045;2.28;0.92;90.0;3827.0;18.75;60.0;38.25;7.05;18.82;14.48;298.84;288.37;2.31;95116.0;90.0;90.0;87.0;4505.0;988.02;859.36;6.0;1.0;0;1.0;0;0;1.0;0;0;0;0;0;1.0;1.0;0;0;0;0;0
133554;1.86;0.87;91.0;3846.0;18.75;60.0;39.75;5.88;16.39;14.58;280.21;306.44;2.31;95116.0;90.0;91.0;87.0;4515.0;988.29;820.30;6.0;1.0;0;1.0;0;0;1.0;0;0;0;0;0;1.0;1.0;0;0;0;0;0
134065;1.54;0.86;90.0;3786.0;18.75;60.0;40.5;4.70;13.62;14.39;263.57;280.95;2.31;95116.0;90.0;90.0;87.0;4514.0;988.41;292.96;6.0;1.0;0;1.0;0;0;1.0;0;0;0;0;0;1.0;1.0;0;0;0;0;0
134644;1.6;0.87;90.0;3794.0;18.75;60.75;40.5;5.09;14.14;14.48;219.38;239.30;2.31;95116.0;89.0;90.0;87.0;4516.0;988.48;156.24;6.0;1.0;0;1.0;0;0;1.0;0;0;0;0;0;1.0;1.0;0;0;0;0;0
135153;1.64;0.88;90.0;3781.0;18.75;60.75;40.5;5.09;14.44;14.48;195.16;237.71;2.31;95116.0;89.0;90.0;86.0;4512.0;988.52;214.84;6.0;1.0;0;1.0;0;0;1.0;0;0;0;0;0;1.0;1.0;0;0;0;0;0
135714;1.68;0.88;88.0;3797.0;18.75;60.75;40.5;5.09;14.67;14.48;165.69;218.24;2.31;95116.0;89.0;89.0;86.0;4508.0;988.68;820.30;6.0;1.0;0;1.0;0;0;1.0;0;0;0;0;0;1.0;1.0;0;0;0;0;0
136223;1.62;0.85;88.0;3778.0;18.75;60.75;40.5;5.09;14.75;14.58;232.38;232.25;2.31;95116.0;89.0;89.0;86.0;4520.0;988.80;175.77;6.0;1.0;0;1.0;0;0;1.0;0;0;0;0;0;1.0;1.0;0;0;0;0;0
136733;1.87;0.89;88.0;3779.0;18.75;61.5;38.25;5.88;16.11;14.48;282.38;305.23;2.31;95116.0;89.0;89.0;85.0;4508.0;988.87;839.83;6.0;1.0;0;1.0;0;0;1.0;0;0;0;0;0;1.0;1.0;0;0;0;0;0
137243;1.86;0.86;88.0;3763.0;18.75;61.5;39.75;5.88;16.66;14.48;130.01;152.78;2.31;95116.0;89.0;89.0;85.0;4527.0;988.91;742.17;6.0;1.0;0;1.0;0;0;1.0;0;0;0;0;0;1.0;1.0;0;0;0;0;0
137753;1.88;0.86;88.0;3773.0;18.75;61.5;39.75;6.27;16.87;14.48;55.87;73.06;2.31;95116.0;89.0;89.0;85.0;4512.0;988.95;97.65;6.0;1.0;0;1.0;0;0;1.0;0;0;0;0;0;0;1.0;0;0;0;0;0
138263;1.98;0.89;90.0;3786.0;18.75;61.5;39.75;6.27;17.11;14.58;26.79;31.36;2.31;95116.0;89.0;90.0;85.0;4511.0;988.95;781.24;6.0;1.0;0;1.0;0;0;1.0;0;0;0;0;0;1.0;1.0;0;0;0;0;0
138773;1.95;0.88;90.0;3818.0;18.75;61.5;39.75;6.27;17.03;14.58;13.51;14.45;2.31;95116.0;89.0;90.0;85.0;4512.0;988.99;781.24;6.0;1.0;0;1.0;0;0;1.0;0;0;0;0;0;1.0;1.0;0;0;0;0;0
139283;1.96;0.87;90.0;3824.0;18.75;61.5;39.75;6.27;17.35;14.48;5.74;6.46;2.31;95116.0;89.0;90.0;85.0;4507.0;988.99;136.71;6.0;1.0;0;1.0;0;0;1.0;0;0;0;0;0;1.0;1.0;0;0;0;0;0
139848;2.08;0.91;90.0;3798.0;18.75;61.5;39.75;6.66;17.74;14.48;2.36;2.69;2.31;95116.0;89.0;90.0;85.0;4513.0;989.15;820.30;6.0;1.0;0;1.0;0;0;1.0;0;0;0;0;0;1.0;1.0;0;0;0;0;0
140373;1.96;0.85;90.0;3836.0;18.75;61.5;39.75;6.66;17.92;14.48;1.91;2.67;2.31;95116.0;90.0;90.0;85.0;4526.0;989.27;136.71;6.0;1.0;0;1.0;0;0;1.0;0;0;0;0;0;1.0;1.0;0;0;0;0;0
140933;2.06;0.88;90.0;3828.0;18.75;61.5;39.75;6.66;17.97;14.48;0.70;1.05;2.31;95116.0;90.0;91.0;85.0;4509.0;989.42;761.70;6.0;1.0;0;1.0;0;0;1.0;0;0;0;0;0;1.0;1.0;0;0;0;0;0
141484;2.02;0.87;90.0;3872.0;18.75;62.25;39.75;6.66;17.63;14.48;0.15;2.05;2.31;95116.0;90.0;91.0;85.0;4517.0;989.66;703.11;6.0;1.0;0;1.0;0;0;1.0;0;0;0;0;0;1.0;1.0;0;0;0;0;0
142024;1.90;0.84;90.0;3849.0;18.75;62.25;39.75;6.66;17.43;14.48;0;2.55;2.31;95116.0;90.0;91.0;85.0;4519.0;989.77;58.59;6.0;1.0;0;1.0;0;0;1.0;0;0;0;0;0;1.0;1.0;0;0;0;0;0
142537;2.02;0.89;91.0;3862.0;18.75;62.25;39.75;6.66;17.43;14.48;2.08;2.22;2.31;95116.0;90.0;91.0;85.0;4509.0;989.93;664.05;6.0;1.0;0;1.0;0;0;1.0;0;0;0;0;0;1.0;1.0;0;0;0;0;0
143044;2.02;0.89;91.0;3872.0;18.75;62.25;39.75;6.66;17.38;14.48;2.89;0.85;2.31;95116.0;91.0;91.0;85.0;4518.0;990.05;781.24;6.0;1.0;0;1.0;0;0;1.0;0;0;0;0;0;1.0;1.0;0;0;0;0;0
143553;1.89;0.84;91.0;3862.0;18.75;63.0;39.75;6.66;17.42;14.58;3.45;8.41;2.31;95116.0;91.0;91.0;82.0;4511.0;990.12;78.12;6.0;1.0;0;1.0;0;0;1.0;0;0;0;0;0;1.0;1.0;0;0;0;0;0
144063;2.0;0.89;91.0;3860.0;18.75;63.0;40.5;6.66;17.57;14.39;163.89;126.71;2.31;95116.0;91.0;91.0;82.0;4515.0;990.16;546.86;6.0;1.0;0;1.0;0;0;1.0;0;0;0;0;0;1.0;1.0;0;0;0;0;0
144575;1.96;0.87;91.0;3908.0;18.75;63.0;40.5;6.66;17.26;14.48;212.01;231.89;2.31;95116.0;91.0;92.0;82.0;4505.0;990.20;273.43;6.0;1.0;0;1.0;0;0;1.0;0;0;0;0;0;1.0;1.0;0;0;0;0;0
145083;1.97;0.87;91.0;3897.0;18.75;63.0;41.25;6.66;17.50;14.39;253.53;196.25;2.31;95116.0;91.0;92.0;82.0;4520.0;990.20;820.30;6.0;1.0;0;1.0;0;0;1.0;0;0;0;0;0;1.0;1.0;0;0;0;0;0
145594;1.93;0.86;91.0;3878.0;18.75;63.0;41.25;6.66;17.53;14.58;226.68;239.45;2.31;95116.0;92.0;92.0;82.0;4509.0;990.24;136.71;6.0;1.0;0;1.0;0;0;1.0;0;0;0;0;0;1.0;1.0;0;0;0;0;0
146105;2.01;0.89;91.0;3892.0;18.75;63.0;41.25;6.66;17.53;14.48;245.74;193.56;2.31;95116.0;92.0;92.0;82.0;4510.0;990.24;820.30;6.0;1.0;0;1.0;0;0;1.0;0;0;0;0;0;1.0;1.0;0;0;0;0;0
146613;1.88;0.85;91.0;3909.0;18.75;63.0;41.25;6.66;17.44;14.48;203.40;198.01;2.31;95116.0;92.0;92.0;82.0;4516.0;990.28;234.37;6.0;1.0;0;1.0;0;0;1.0;0;0;0;0;0;1.0;1.0;0;0;0;0;0
147123;1.95;0.86;92.0;3902.0;18.75;63.0;40.5;6.66;17.29;14.58;165.79;223.44;2.31;95116.0;91.0;92.0;82.0;4512.0;990.28;742.17;6.0;1.0;0;1.0;0;0;1.0;0;0;0;0;0;1.0;1.0;0;0;0;0;0
147633;1.84;0.84;92.0;3913.0;18.75;63.75;41.25;6.27;17.45;14.48;228.73;202.17;2.31;95116.0;92.0;92.0;79.0;4515.0;990.28;97.65;6.0;1.0;0;1.0;0;0;1.0;0;0;0;0;0;1.0;1.0;0;0;0;0;0
148143;1.99;0.89;91.0;3880.0;18.75;63.75;41.25;6.66;17.47;14.58;269.10;216.15;2.31;95116.0;91.0;92.0;79.0;4501.0;990.40;839.83;6.0;1.0;0;1.0;0;0;1.0;0;0;0;0;0;1.0;1.0;0;0;0;0;0
148653;1.89;0.84;91.0;3894.0;18.75;63.75;41.25;6.27;17.45;14.48;323.26;260.31;2.31;95116.0;92.0;92.0;79.0;4512.0;990.75;117.18;6.0;1.0;0;1.0;0;0;1.0;0;0;0;0;0;1.0;1.0;0;0;0;0;0
149163;1.90;0.87;91.0;3912.0;18.75;63.75;40.5;6.66;16.95;14.58;329.74;289.96;2.31;95116.0;91.0;92.0;79.0;4521.0;990.98;605.46;6.0;1.0;0;1.0;0;0;1.0;0;0;0;0;0;1.0;1.0;0;0;0;0;0
149673;1.96;0.88;92.0;3903.0;18.75;63.75;41.25;6.27;17.23;14.58;317.85;316.77;2.31;95116.0;91.0;92.0;79.0;4506.0;991.14;820.30;6.0;1.0;0;1.0;0;0;1.0;0;0;0;0;0;1.0;1.0;0;0;0;0;0
150183;1.76;0.83;91.0;3890.0;18.75;64.5;41.25;6.27;16.46;14.48;271.46;265.21;2.31;95116.0;92.0;92.0;76.0;4522.0;991.18;97.65;6.0;1.0;0;1.0;0;0;1.0;0;0;0;0;0;1.0;1.0;0;0;0;0;0
150694;1.82;0.86;91.0;3898.0;18.75;64.5;42.0;6.27;16.58;14.48;123.11;118.44;2.31;95116.0;91.0;92.0;76.0;4518.0;991.22;585.93;6.0;1.0;0;1.0;0;0;1.0;0;0;0;0;0;1.0;1.0;0;0;0;0;0
151204;1.83;0.86;91.0;3893.0;18.75;64.5;41.25;6.27;16.44;14.48;42.82;46.59;2.31;95116.0;91.0;92.0;76.0;4514.0;991.34;820.30;6.0;1.0;0;1.0;0;0;1.0;0;0;0;0;0;1.0;1.0;0;0;0;0;0
151724;1.77;0.84;91.0;3895.0;18.75;64.5;41.25;5.88;16.43;14.58;19.56;19.92;2.31;95116.0;91.0;92.0;76.0;4513.0;991.37;117.18;6.0;1.0;0;1.0;0;0;1.0;0;0;0;0;0;1.0;1.0;0;0;0;0;0
152234;1.80;0.88;91.0;3872.0;18.75;64.5;41.25;5.88;15.98;14.48;8.30;7.98;2.31;95116.0;91.0;91.0;76.0;4505.0;991.41;839.83;6.0;1.0;0;1.0;0;0;1.0;0;0;0;0;0;1.0;1.0;0;0;0;0;0
152744;1.69;0.84;91.0;3875.0;18.75;64.5;42.0;5.88;15.68;14.58;5.58;4.80;2.31;95116.0;90.0;91.0;76.0;4519.0;991.45;195.31;6.0;1.0;0;1.0;0;0;1.0;0;0;0;0;0;1.0;1.0;0;0;0;0;0
153254;1.74;0.86;91.0;3859.0;18.75;64.5;41.25;5.88;15.74;14.48;2.28;1.95;2.31;95116.0;91.0;91.0;76.0;4510.0;991.49;820.30;6.0;1.0;0;1.0;0;0;1.0;0;0;0;0;0;1.0;1.0;0;0;0;0;0
153764;1.73;0.86;91.0;3844.0;18.75;64.5;41.25;5.49;15.81;14.48;0.87;1.97;2.31;95116.0;90.0;91.0;76.0;4517.0;991.49;624.99;6.0;1.0;0;1.0;0;0;1.0;0;0;0;0;0;1.0;1.0;0;0;0;0;0
154294;1.76;0.87;90.0;3826.0;18.75;65.25;40.5;5.88;15.85;14.58;1.62;0.60;2.31;95117.0;90.0;91.0;76.0;4509.0;991.57;820.30;6.0;1.0;0;1.0;0;0;1.0;0;0;0;0;0;1.0;1.0;0;0;0;0;0
154804;1.69;0.84;90.0;3807.0;18.75;65.25;41.25;5.88;15.85;14.58;2.03;0.17;2.31;95117.0;90.0;91.0;73.0;4513.0;991.69;253.90;6.0;1.0;0;1.0;0;0;1.0;0;0;0;0;0;1.0;1.0;0;0;0;0;0
155314;1.74;0.86;91.0;3855.0;18.75;65.25;41.25;5.88;16.01;14.58;2.22;0;2.31;95117.0;90.0;91.0;73.0;4505.0;991.80;351.55;6.0;1.0;0;1.0;0;0;1.0;0;0;0;0;0;1.0;1.0;0;0;0;0;0
155824;1.79;0.87;90.0;3811.0;18.75;65.25;42.0;5.88;16.13;14.58;2.44;0;2.31;95117.0;90.0;90.0;73.0;4510.0;992.00;800.77;6.0;1.0;0;1.0;0;0;1.0;0;0;0;0;0;1.0;1.0;0;0;0;0;0
156334;1.68;0.83;90.0;3827.0;18.75;65.25;42.0;5.88;15.82;14.58;2.53;0;2.31;95117.0;90.0;90.0;73.0;4510.0;992.16;78.12;6.0;1.0;0;1.0;0;0;1.0;0;0;0;0;0;1.0;1.0;0;0;0;0;0
156843;1.75;0.87;90.0;3847.0;18.75;65.25;41.25;5.88;15.74;14.39;2.51;0;2.31;95117.0;90.0;90.0;73.0;4508.0;992.31;722.64;6.0;1.0;0;1.0;0;0;1.0;0;0;0;0;0;1.0;1.0;0;0;0;0;0
157364;1.74;0.87;90.0;3824.0;18.75;66.0;41.25;5.88;15.83;14.48;5.01;6.89;2.31;95117.0;90.0;90.0;71.0;4515.0;992.43;820.30;6.0;1.0;0;1.0;0;0;1.0;0;0;0;0;0;1.0;1.0;0;0;0;0;0
157874;1.72;0.85;90.0;3824.0;18.75;66.0;41.25;5.88;15.83;14.58;53.10;74.89;2.31;95117.0;90.0;90.0;71.0;4519.0;992.55;546.86;6.0;1.0;0;1.0;0;0;1.0;0;0;0;0;0;1.0;1.0;0;0;0;0;0
158385;1.76;0.88;90.0;3831.0;18.75;66.0;41.25;5.88;15.81;14.48;97.88;73.92;2.31;95117.0;90.0;90.0;71.0;4510.0;992.59;820.30;6.0;1.0;0;1.0;0;0;1.0;0;0;0;0;0;1.0;1.0;0;0;0;0;0
158935;1.71;0.84;90.0;3778.0;18.75;66.0;42.0;5.49;16.14;14.58;103.72;102.25;2.31;95117.0;89.0;90.0;71.0;4506.0;992.66;156.24;6.0;1.0;0;1.0;0;0;1.0;0;0;0;0;0;1.0;1.0;0;0;0;0;0
159445;1.74;0.86;90.0;3779.0;18.75;66.0;41.25;5.88;15.96;14.48;185.98;171.45;2.31;95117.0;89.0;90.0;71.0;4513.0;992.66;761.70;6.0;1.0;0;1.0;0;0;1.0;0;0;0;0;0;1.0;1.0;0;0;0;0;0
159965;1.70;0.86;90.0;3805.0;18.75;66.0;41.25;5.88;15.55;14.58;262.81;228.91;2.31;95117.0;89.0;90.0;71.0;4513.0;992.70;722.64;6.0;1.0;0;1.0;0;0;1.0;0;0;0;0;0;1.0;1.0;0;0;0;0;0
160534;1.68;0.85;88.0;3814.0;18.75;66.0;41.25;5.49;15.53;14.48;319.08;255.27;2.31;95117.0;89.0;89.0;71.0;4501.0;992.70;683.58;6.0;1.0;0;1.0;0;0;1.0;0;0;0;0;0;1.0;1.0;0;0;0;0;0
161098;1.58;0.83;88.0;3777.0;18.75;66.0;42.0;5.49;15.06;14.48;327.71;315.46;2.31;95117.0;89.0;89.0;71.0;4506.0;992.70;97.65;6.0;1.0;0;1.0;0;0;1.0;0;0;0;0;0;1.0;1.0;0;0;0;0;0
161657;1.72;0.87;88.0;3759.0;18.75;66.75;41.25;5.49;15.64;14.48;325.07;282.79;2.31;95117.0;89.0;89.0;68.0;4512.0;992.86;761.70;6.0;1.0;0;1.0;0;0;1.0;0;0;0;0;0;1.0;1.0;0;0;0;0;0
162217;1.72;0.85;88.0;3779.0;18.75;66.75;41.25;5.88;15.93;14.48;147.21;125.38;2.31;95117.0;89.0;89.0;68.0;4512.0;993.05;644.52;6.0;1.0;0;1.0;0;0;1.0;0;0;0;0;0;1.0;1.0;0;0;0;0;0
162777;1.76;0.84;88.0;3783.0;18.75;66.75;41.25;5.88;16.36;14.58;53.98;48.49;2.31;95117.0;88.0;89.0;68.0;4513.0;993.25;117.18;6.0;1.0;0;1.0;0;0;1.0;0;0;0;0;0;1.0;1.0;0;0;0;0;0
163325;2.01;0.89;88.0;3766.0;18.75;66.75;41.25;6.66;17.74;14.48;21.60;17.71;2.31;95117.0;89.0;89.0;68.0;4514.0;993.45;800.77;6.0;1.0;0;1.0;0;0;1.0;0;0;0;0;0;1.0;1.0;0;0;0;0;0
163835;1.94;0.86;88.0;3788.0;18.75;66.75;41.25;6.66;17.70;14.48;9.68;7.51;2.31;95117.0;89.0;89.0;68.0;4518.0;993.60;332.02;6.0;1.0;0;1.0;0;0;1.0;0;0;0;0;0;1.0;1.0;0;0;0;0;0
164346;2.12;0.89;90.0;3810.0;18.75;66.75;40.5;7.05;18.78;14.48;4.29;3.14;2.31;95117.0;89.0;90.0;68.0;4513.0;993.72;332.02;6.0;1.0;0;1.0;0;0;1.0;0;0;0;0;0;1.0;1.0;0;0;0;0;0
164865;2.26;0.90;90.0;3823.0;18.75;66.75;39.75;7.84;19.62;14.58;1.71;2.71;2.31;95117.0;90.0;90.0;68.0;4514.0;993.80;742.17;6.0;1.0;0;1.0;0;0;1.0;0;0;0;0;0;1.0;1.0;0;0;0;0;0
165375;2.22;0.88;90.0;3844.0;18.75;67.5;39.75;7.84;19.62;14.48;0.62;1.11;2.31;95117.0;90.0;91.0;65.0;4509.0;993.84;253.90;6.0;1.0;0;1.0;0;0;1.0;0;0;0;0;0;1.0;1.0;0;0;0;0;0
165924;2.17;0.87;91.0;3868.0;18.75;67.5;39.75;7.84;19.44;14.58;1.23;1.79;2.31;95117.0;91.0;92.0;65.0;4508.0;993.87;117.18;6.0;1.0;0;1.0;0;0;1.0;0;0;0;0;0;1.0;1.0;0;0;0;0;0
166434;2.28;0.91;92.0;3927.0;18.75;67.5;39.75;7.84;19.45;14.39;2.12;0.54;2.31;95117.0;91.0;92.0;65.0;4519.0;993.91;820.30;6.0;1.0;0;1.0;0;0;1.0;0;0;0;0;0;1.0;1.0;0;0;0;0;0
166954;2.16;0.86;92.0;3909.0;18.75;67.5;40.5;7.84;19.54;14.48;2.22;3.30;2.31;95117.0;92.0;92.0;65.0;4516.0;993.95;351.55;6.0;1.0;0;1.0;0;0;1.0;0;0;0;0;0;1.0;1.0;0;0;0;0;0
167464;2.18;0.88;92.0;3913.0;18.75;67.5;40.5;7.45;19.12;14.48;0.85;3.12;2.31;95117.0;92.0;93.0;65.0;4512.0;993.95;761.70;6.0;1.0;0;1.0;0;0;1.0;0;0;0;0;0;1.0;1.0;0;0;0;0;0
167974;2.10;0.88;92.0;3910.0;18.75;67.5;41.25;7.45;18.68;14.48;3.43;2.61;2.31;95117.0;91.0;93.0;65.0;4513.0;993.95;644.52;6.0;1.0;0;1.0;0;0;1.0;0;0;0;0;0;0;1.0;0;0;0;0;0
168484;2.08;0.88;92.0;3915.0;18.75;68.25;42.0;7.45;18.61;14.58;137.23;101.92;2.31;95117.0;92.0;93.0;62.0;4514.0;994.07;527.33;6.0;1.0;0;1.0;0;0;1.0;0;0;0;0;0;1.0;1.0;0;0;0;0;0
168994;2.11;0.90;92.0;3925.0;18.75;68.25;42.0;7.45;18.55;14.58;204.42;157.56;2.31;95117.0;92.0;92.0;62.0;4506.0;994.19;800.77;6.0;1.0;0;1.0;0;0;1.0;0;0;0;0;0;1.0;1.0;0;0;0;0;0
169503;2.15;0.89;92.0;3924.0;18.75;68.25;42.0;7.84;19.11;14.48;209.49;191.92;2.31;95117.0;92.0;92.0;62.0;4526.0;994.19;761.70;6.0;1.0;0;1.0;0;0;1.0;0;0;0;0;0;1.0;1.0;0;0;0;0;0
170014;2.14;0.87;92.0;3939.0;18.75;68.25;41.25;7.84;19.48;14.48;183.66;195.61;2.31;95117.0;92.0;93.0;62.0;4516.0;994.23;97.65;6.0;1.0;0;1.0;0;0;1.0;0;0;0;0;0;1.0;1.0;0;0;0;0;0
170524;2.24;0.89;92.0;3903.0;18.75;68.25;41.25;7.84;19.87;14.58;158.81;192.11;2.31;95117.0;91.0;92.0;62.0;4516.0;994.23;703.11;6.0;1.0;0;1.0;0;0;1.0;0;0;0;0;0;1.0;1.0;0;0;0;0;0
171034;2.20;0.88;92.0;3904.0;18.75;68.25;41.25;7.84;19.61;14.48;214.63;209.59;2.31;95117.0;92.0;92.0;62.0;4509.0;994.38;253.90;6.0;1.0;0;1.0;0;0;1.0;0;0;0;0;0;1.0;1.0;0;0;0;0;0
171554;2.23;0.90;92.0;3922.0;18.75;68.25;41.25;7.84;19.57;14.58;295.00;254.65;2.31;95117.0;92.0;92.0;62.0;4516.0;994.58;800.77;6.0;1.0;0;1.0;0;0;1.0;0;0;0;0;0;1.0;1.0;0;0;0;0;0
172064;2.20;0.89;92.0;3936.0;18.75;68.25;41.25;7.84;19.55;14.39;341.48;314.58;2.31;95117.0;91.0;92.0;62.0;4513.0;994.73;683.58;6.0;1.0;0;1.0;0;0;1.0;0;0;0;0;0;1.0;1.0;0;0;0;0;0
172574;2.17;0.87;92.0;3922.0;18.75;69.0;41.25;7.84;19.52;14.58;306.81;328.51;2.31;95117.0;92.0;92.0;59.0;4510.0;994.89;781.24;6.0;1.0;0;1.0;0;0;1.0;0;0;0;0;0;1.0;1.0;0;0;0;0;0
173084;2.10;0.87;91.0;3906.0;18.75;69.0;42.0;7.45;19.15;14.48;328.18;288.37;2.31;95117.0;91.0;92.0;59.0;4511.0;995.01;78.12;6.0;1.0;0;1.0;0;0;1.0;0;0;0;0;0;1.0;1.0;0;0;0;0;0
173594;2.15;0.91;91.0;3893.0;18.75;69.0;42.0;7.05;18.47;14.39;300.72;316.54;2.31;95117.0;91.0;92.0;59.0;4502.0;995.05;839.83;6.0;1.0;0;1.0;0;0;1.0;0;0;0;0;0;1.0;1.0;0;0;0;0;0
174104;1.96;0.87;91.0;3878.0;18.75;69.0;42.0;7.05;18.02;14.48;278.12;292.38;2.31;95117.0;91.0;92.0;59.0;4522.0;995.09;781.24;6.0;1.0;0;1.0;0;0;1.0;0;0;0;0;0;1.0;1.0;0;0;0;0;0
174623;1.94;0.87;91.0;3845.0;18.75;69.0;41.25;6.66;17.62;14.48;230.90;261.19;2.31;95117.0;91.0;91.0;59.0;4504.0;995.12;820.30;6.0;1.0;0;1.0;0;0;1.0;0;0;0;0;0;1.0;1.0;0;0;0;0;0
175174;1.88;0.86;90.0;3849.0;18.75;69.0;42.0;6.66;17.35;14.48;233.32;220.96;2.31;95117.0;91.0;91.0;59.0;4505.0;995.16;742.17;6.0;1.0;0;1.0;0;0;1.0;0;0;0;0;0;1.0;1.0;0;0;0;0;0
175734;1.89;0.85;90.0;3831.0;18.75;69.0;41.25;6.66;17.70;14.58;255.86;194.65;2.31;95117.0;89.0;90.0;59.0;4520.0;995.16;117.18;6.0;1.0;0;1.0;0;0;1.0;0;0;0;0;0;1.0;1.0;0;0;0;0;0
176244;1.95;0.88;90.0;3826.0;18.75;69.75;42.0;6.66;17.67;14.48;188.15;155.20;2.31;95117.0;89.0;90.0;57.0;4502.0;995.16;644.52;6.0;1.0;0;1.0;0;0;1.0;0;0;0;0;0;1.0;1.0;0;0;0;0;0
176753;1.96;0.88;88.0;3769.0;18.75;69.75;42.0;6.66;17.53;14.39;80.89;70.32;2.31;95117.0;88.0;89.0;57.0;4517.0;995.20;742.17;6.0;1.0;0;1.0;0;0;1.0;0;0;0;0;0;1.0;1.0;0;0;0;0;0
177274;1.84;0.83;88.0;3758.0;18.75;69.75;42.0;6.66;17.50;14.48;39.07;32.30;2.31;95117.0;89.0;89.0;57.0;4512.0;995.20;78.12;6.0;1.0;0;1.0;0;0;1.0;0;0;0;0;0;1.0;1.0;0;0;0;0;0
177784;2.04;0.89;88.0;3745.0;18.75;69.75;41.25;6.66;18.15;14.39;16.58;11.75;2.31;95117.0;88.0;89.0;57.0;4520.0;995.20;742.17;6.0;1.0;0;1.0;0;0;1.0;0;0;0;0;0;1.0;1.0;0;0;0;0;0
178294;2.01;0.88;88.0;3721.0;18.75;69.75;41.25;6.66;18.22;14.48;7.03;6.52;2.31;95117.0;88.0;88.0;57.0;4516.0;995.20;761.70;6.0;1.0;0;1.0;0;0;1.0;0;0;0;0;0;1.0;1.0;0;0;0;0;0
178804;1.96;0.85;88.0;3734.0;18.75;69.75;41.25;6.66;18.21;14.48;3.96;4.78;2.31;95117.0;88.0;88.0;57.0;4504.0;995.20;58.59;6.0;1.0;0;1.0;0;0;1.0;0;0;0;0;0;1.0;1.0;0;0;0;0;0
179314;1.91;0.89;87.0;3753.0;18.75;69.75;42.0;6.27;17.60;14.39;3.80;1.93;2.31;95117.0;88.0;88.0;57.0;4521.0;995.20;800.77;6.0;1.0;0;1.0;0;0;1.0;0;0;0;0;0;1.0;1.0;0;0;0;0;0
179824;2.12;0.88;87.0;3722.0;18.75;69.75;40.5;7.05;18.99;14.48;1.60;2.55;2.31;95117.0;88.0;88.0;57.0;4504.0;995.20;117.18;6.0;1.0;0;1.0;0;0;1.0;0;0;0;0;0;1.0;1.0;0;0;0;0;0
180334;2.12;0.90;87.0;3720.0;18.75;69.75;40.5;7.05;18.64;14.58;2.73;0.99;2.31;95117.0;87.0;87.0;57.0;4509.0;995.20;800.77;6.0;1.0;0;1.0;0;0;1.0;0;0;0;0;0;1.0;1.0;0;0;0;0;0
180854;2.44;0.85;87.0;3717.0;18.75;70.5;37.5;9.80;22.49;14.58;29.91;92.24;2.31;95117.0;87.0;88.0;54.0;4523.0;995.20;39.06;6.0;1.0;0;1.0;0;0;1.0;0;0;0;0;0;1.0;1.0;0;0;0;0;0
181364;2.72;0.92;88.0;3721.0;18.75;70.5;37.5;10.58;23.15;14.48;81.90;83.13;2.31;95117.0;88.0;88.0;54.0;4513.0;995.20;624.99;6.0;1.0;0;1.0;0;0;1.0;0;0;0;0;0;1.0;1.0;0;0;0;0;0
181873;2.62;0.92;88.0;3764.0;18.75;70.5;38.25;9.80;22.26;14.58;90.77;104.64;2.31;95117.0;88.0;89.0;54.0;4513.0;995.20;761.70;6.0;1.0;0;1.0;0;0;1.0;0;0;0;0;0;1.0;1.0;0;0;0;0;0
182384;2.52;0.88;88.0;3754.0;18.75;70.5;38.25;10.19;22.43;14.58;79.46;135.24;2.31;95117.0;89.0;89.0;54.0;4513.0;995.24;58.59;6.0;1.0;0;1.0;0;0;1.0;0;0;0;0;0;1.0;1.0;0;0;0;0;0
182894;3.05;0.95;90.0;3809.0;18.75;70.5;36.75;12.15;24.77;14.58;156.90;169.40;2.31;95117.0;89.0;90.0;54.0;4515.0;995.32;644.52;6.0;1.0;0;1.0;0;0;1.0;0;0;0;0;0;1.0;1.0;0;0;0;0;0
183404;3.06;0.95;90.0;3808.0;18.75;70.5;36.0;12.15;24.89;14.58;234.96;205.02;2.31;95117.0;89.0;90.0;54.0;4516.0;995.32;664.05;6.0;1.0;0;1.0;0;0;1.0;0;0;0;0;0;1.0;1.0;0;0;0;0;0
183924;2.92;0.91;91.0;3845.0;18.75;70.5;36.0;12.15;24.80;14.58;303.10;264.18;2.31;95117.0;90.0;91.0;54.0;4514.0;995.44;78.12;6.0;1.0;0;1.0;0;0;1.0;0;0;0;0;0;1.0;1.0;0;0;0;0;0
184434;3.24;0.99;91.0;3913.0;18.75;70.5;36.0;12.94;25.38;14.58;336.05;302.12;2.31;95117.0;91.0;92.0;54.0;4517.0;995.40;859.36;6.0;1.0;0;1.0;0;0;1.0;0;0;0;0;0;1.0;1.0;0;0;0;0;0
184945;2.98;0.91;92.0;3948.0;18.0;70.5;36.75;12.55;25.15;14.48;287.55;303.16;2.31;95117.0;92.0;93.0;54.0;4519.0;995.48;683.58;6.0;1.0;0;1.0;0;0;1.0;0;0;0;0;0;1.0;1.0;0;0;0;0;0
185504;2.86;0.90;93.0;3959.0;18.0;70.5;37.5;12.15;24.77;14.48;279.16;263.14;2.31;95117.0;92.0;93.0;54.0;4517.0;995.40;761.70;6.0;1.0;0;1.0;0;0;1.0;0;0;0;0;0;1.0;1.0;0;0;0;0;0
186014;2.74;0.90;93.0;3983.0;18.0;71.25;39.0;10.98;23.80;14.58;196.51;169.01;2.31;95117.0;93.0;94.0;53.0;4514.0;995.48;683.58;6.0;1.0;0;1.0;0;0;1.0;0;0;0;0;0;1.0;1.0;0;0;0;0;0
186524;2.68;0.90;95.0;4008.0;18.0;71.25;38.25;10.58;23.30;14.48;80.17;68.92;2.31;95117.0;94.0;95.0;53.0;4506.0;995.71;624.99;6.0;1.0;0;1.0;0;0;1.0;0;0;0;0;0;1.0;1.0;0;0;0;0;0
187034;2.33;0.90;95.0;4022.0;18.0;71.25;41.25;8.62;20.54;14.48;32.65;29.56;2.31;95117.0;94.0;95.0;53.0;4510.0;995.71;859.36;6.0;1.0;0;1.0;0;0;1.0;0;0;0;0;0;1.0;1.0;0;0;0;0;0
187554;2.08;0.84;95.0;4021.0;18.0;71.25;42.0;8.23;19.67;14.48;14.70;11.97;2.31;95117.0;94.0;95.0;53.0;4523.0;995.87;195.31;6.0;1.0;0;1.0;0;0;1.0;0;0;0;0;0;1.0;1.0;0;0;0;0;0
188064;2.10;0.87;95.0;4007.0;18.0;71.25;42.0;7.45;19.11;14.39;5.87;4.76;2.31;95117.0;94.0;95.0;53.0;4514.0;995.98;507.80;6.0;1.0;0;1.0;0;0;1.0;0;0;0;0;0;1.0;1.0;0;0;0;0;0
188574;1.86;0.88;93.0;4000.0;18.0;72.0;44.25;6.27;16.94;14.58;1.91;1.62;2.31;95117.0;94.0;94.0;53.0;4500.0;995.98;839.83;6.0;1.0;0;1.0;0;0;1.0;0;0;0;0;0;1.0;1.0;0;0;0;0;0
189084;1.81;0.99;93.0;3988.0;18.0;72.0;45.0;5.49;14.94;14.58;3.39;0.54;2.31;95117.0;93.0;94.0;53.0;4499.0;996.14;878.89;6.0;1.0;0;1.0;0;0;1.0;0;0;0;0;0;1.0;1.0;0;0;0;0;0
189594;2.06;0.94;93.0;3955.0;18.0;72.0;43.5;6.66;17.38;14.48;1.34;1.81;2.31;95117.0;93.0;94.0;53.0;4505.0;996.22;878.89;6.0;1.0;0;1.0;0;0;1.0;0;0;0;0;0;1.0;1.0;0;0;0;0;0
190104;2.23;0.89;93.0;3968.0;18.0;72.0;41.25;8.23;19.98;14.58;2.26;0.66;2.31;95117.0;93.0;94.0;53.0;4519.0;996.30;781.24;6.0;1.0;0;1.0;0;0;1.0;0;0;0;0;0;1.0;1.0;0;0;0;0;0
190624;2.06;0.83;93.0;3953.0;18.0;72.0;42.0;7.84;19.77;14.48;0.82;3.06;2.31;95117.0;93.0;94.0;53.0;4522.0;996.34;78.12;6.0;1.0;0;1.0;0;0;1.0;0;0;0;0;0;1.0;1.0;0;0;0;0;0
191144;2.22;0.88;93.0;3966.0;18.0;72.0;42.0;8.23;19.95;14.48;3.10;1.11;2.31;95117.0;93.0;94.0;53.0;4506.0;996.37;234.37;6.0;1.0;0;1.0;0;0;1.0;0;0;0;0;0;1.0;1.0;0;0;0;0;0
191694;2.50;0.88;93.0;3955.0;18.0;72.0;39.75;10.19;22.32;14.48;1.15;3.04;2.31;95117.0;93.0;94.0;53.0;4524.0;996.41;156.24;6.0;1.0;0;1.0;0;0;1.0;0;0;0;0;0;1.0;1.0;0;0;0;0;0
192254;2.28;0.92;93.0;4014.0;18.0;72.0;42.75;7.84;19.65;14.48;0.29;2.05;2.31;95117.0;94.0;94.0;53.0;4504.0;996.41;839.83;6.0;1.0;0;1.0;0;0;1.0;0;0;0;0;0;1.0;1.0;0;0;0;0;0
192804;2.39;0.85;95.0;4020.0;18.0;72.75;42.0;8.62;20.76;14.48;0;0.58;2.31;95117.0;94.0;95.0;53.0;4514.0;996.41;664.05;6.0;1.0;0;1.0;0;0;1.0;0;0;0;0;0;1.0;1.0;0;0;0;0;0
193324;2.30;0.85;95.0;4018.0;18.0;72.75;41.25;9.02;21.34;14.48;0;0.13;2.31;95118.0;94.0;95.0;53.0;4518.0;996.45;39.06;6.0;1.0;0;1.0;0;0;1.0;0;0;0;0;0;1.0;1.0;0;0;0;0;0
193874;2.50;0.92;95.0;4006.0;18.0;72.75;41.25;9.41;21.36;14.48;3.26;0;2.31;95118.0;95.0;95.0;53.0;4513.0;996.45;820.30;6.0;1.0;0;1.0;0;0;1.0;0;0;0;0;0;1.0;1.0;0;0;0;0;0
194394;2.28;0.87;95.0;4055.0;18.0;72.75;42.0;8.62;20.67;14.58;1.01;0;2.31;95118.0;95.0;96.0;53.0;4517.0;996.45;703.11;6.0;1.0;0;1.0;0;0;1.0;0;0;0;0;0;1.0;1.0;0;0;0;0;0
194904;2.29;0.88;95.0;4054.0;18.0;72.75;42.0;8.62;20.53;14.58;2.40;0.89;2.31;95118.0;95.0;96.0;53.0;4499.0;996.45;136.71;6.0;1.0;0;1.0;0;0;1.0;0;0;0;0;0;1.0;1.0;0;0;0;0;0
195414;2.26;0.90;95.0;4057.0;18.0;72.75;42.75;8.23;19.79;14.58;0.87;1.99;2.31;95118.0;95.0;96.0;53.0;4502.0;996.45;820.30;6.0;1.0;0;1.0;0;0;1.0;0;0;0;0;0;1.0;1.0;0;0;0;0;0
195924;2.08;0.85;95.0;4052.0;18.0;72.75;42.75;7.84;19.57;14.48;1.69;2.01;2.31;95118.0;95.0;96.0;53.0;4516.0;996.45;97.65;6.0;1.0;0;1.0;0;0;1.0;0;0;0;0;0;1.0;1.0;0;0;0;0;0
196434;2.24;0.91;95.0;4049.0;18.0;72.75;42.75;7.84;19.58;14.48;1.60;2.83;2.31;95118.0;95.0;96.0;53.0;4510.0;996.45;859.36;6.0;1.0;0;1.0;0;0;1.0;0;0;0;0;0;1.0;1.0;0;0;0;0;0
196954;2.11;0.87;95.0;4072.0;18.0;72.75;42.75;7.84;19.28;14.48;2.24;1.05;2.31;95118.0;95.0;95.0;53.0;4519.0;996.45;742.17;6.0;1.0;0;1.0;0;0;1.0;0;0;0;0;0;1.0;1.0;0;0;0;0;0
197504;2.01;0.87;95.0;4018.0;18.0;73.5;43.5;7.45;18.46;14.58;1.69;3.61;2.31;95118.0;94.0;95.0;52.0;4502.0;996.53;371.08;6.0;1.0;0;1.0;0;0;1.0;0;0;0;0;0;1.0;1.0;0;0;0;0;0
198024;1.88;0.89;95.0;4009.0;18.0;73.5;44.25;6.66;16.91;14.48;0.62;2.83;2.31;95118.0;94.0;95.0;52.0;4513.0;996.65;839.83;6.0;1.0;0;1.0;0;0;1.0;0;0;0;0;0;1.0;1.0;0;0;0;0;0
198534;1.63;0.84;93.0;3978.0;18.0;73.5;44.25;5.88;15.57;14.58;0.15;1.05;2.31;95118.0;94.0;94.0;52.0;4505.0;996.69;820.30;6.0;1.0;0;1.0;0;0;1.0;0;0;0;0;0;1.0;1.0;0;0;0;0;0
199044;1.51;0.81;93.0;3965.0;18.0;73.5;45.0;5.49;15.08;14.39;0;1.60;2.31;95118.0;93.0;94.0;52.0;4514.0;996.77;683.58;6.0;1.0;0;1.0;0;0;1.0;0;0;0;0;0;1.0;1.0;0;0;0;0;0
199554;1.34;0.80;92.0;3932.0;18.0;73.5;45.0;5.09;13.53;14.48;0;0.54;2.31;95118.0;93.0;93.0;52.0;4512.0;996.80;449.21;6.0;1.0;0;1.0;0;0;1.0;0;0;0;0;0;1.0;1.0;0;0;0;0;0
200063;1.45;0.80;91.0;3904.0;18.0;73.5;44.25;5.49;14.52;14.48;1.38;2.18;2.31;95118.0;91.0;92.0;52.0;4510.0;996.77;58.59;6.0;1.0;0;1.0;0;0;1.0;0;0;0;0;0;1.0;1.0;0;0;0;0;0
200584;1.69;0.83;91.0;3887.0;18.0;74.25;43.5;6.27;16.57;14.48;0.48;0.83;2.31;95118.0;90.0;91.0;52.0;4504.0;996.92;39.06;6.0;1.0;0;1.0;0;0;1.0;0;0;0;0;0;1.0;1.0;0;0;0;0;0
201093;1.81;0.87;91.0;3845.0;18.75;74.25;43.5;6.27;16.67;14.48;1.34;2.03;2.31;95118.0;91.0;91.0;52.0;4518.0;997.08;136.71;6.0;1.0;0;1.0;0;0;1.0;0;0;0;0;0;1.0;1.0;0;0;0;0;0
201604;1.87;0.89;90.0;3820.0;18.75;74.25;42.75;6.27;16.77;14.48;0.46;2.55;2.31;95118.0;90.0;91.0;52.0;4515.0;997.16;859.36;6.0;1.0;0;1.0;0;0;1.0;0;0;0;0;0;1.0;1.0;0;0;0;0;0
202114;1.79;0.85;90.0;3793.0;18.75;74.25;42.75;6.27;16.90;14.48;1.34;2.79;2.31;95118.0;90.0;90.0;52.0;4511.0;997.31;781.24;6.0;1.0;0;1.0;0;0;1.0;0;0;0;0;0;1.0;1.0;0;0;0;0;0
202624;2.05;0.84;90.0;3816.0;18.75;74.25;41.25;7.84;19.34;14.48;1.69;3.22;2.31;95118.0;89.0;90.0;52.0;4508.0;997.43;39.06;6.0;1.0;0;1.0;0;0;1.0;0;0;0;0;0;1.0;1.0;0;0;0;0;0
203144;2.27;0.90;90.0;3830.0;18.75;74.25;40.5;7.84;20.21;14.48;2.07;1.34;2.31;95118.0;90.0;91.0;52.0;4517.0;997.51;156.24;6.0;1.0;0;1.0;0;0;1.0;0;0;0;0;0;1.0;1.0;0;0;0;0;0
203653;2.34;0.92;90.0;3821.0;18.75;74.25;40.5;8.23;20.14;14.48;1.89;2.48;2.31;95118.0;90.0;91.0;52.0;4510.0;997.59;781.24;6.0;1.0;0;1.0;0;0;1.0;0;0;0;0;0;1.0;1.0;0;0;0;0;0
204164;2.24;0.86;91.0;3878.0;18.75;74.25;40.5;8.62;20.66;14.58;0.70;0.95;2.31;95118.0;90.0;91.0;52.0;4515.0;997.62;58.59;6.0;1.0;0;1.0;0;0;1.0;0;0;0;0;0;1.0;1.0;0;0;0;0;0
204674;1.97;0.91;90.0;3825.0;18.75;75.0;42.75;6.27;17.37;14.58;0.21;0.31;2.31;95118.0;90.0;91.0;51.0;4515.0;997.62;878.89;6.0;1.0;0;1.0;0;0;1.0;0;0;0;0;0;1.0;1.0;0;0;0;0;0
205184;1.69;0.88;90.0;3849.0;18.75;75.0;42.75;5.88;15.47;14.48;58.98;41.81;2.31;95118.0;90.0;90.0;51.0;4506.0;997.66;820.30;6.0;1.0;0;1.0;0;0;1.0;0;0;0;0;0;1.0;1.0;0;0;0;0;0
205704;1.63;0.84;90.0;3805.0;18.75;75.0;42.75;5.88;15.55;14.48;84.83;98.76;2.31;95118.0;90.0;90.0;51.0;4507.0;997.66;605.46;6.0;1.0;0;1.0;0;0;1.0;0;0;0;0;0;1.0;1.0;0;0;0;0;0
206213;1.93;0.85;90.0;3807.0;18.75;75.0;42.75;7.05;18.26;14.58;184.36;181.39;2.31;95118.0;89.0;90.0;51.0;4512.0;997.66;39.06;6.0;1.0;0;1.0;0;0;1.0;0;0;0;0;0;1.0;1.0;0;0;0;0;0
206744;2.09;0.91;90.0;3791.0;18.75;75.0;42.0;7.05;18.55;14.39;245.41;263.20;2.31;95118.0;90.0;90.0;51.0;4510.0;997.74;800.77;6.0;1.0;0;1.0;0;0;1.0;0;0;0;0;0;1.0;1.0;0;0;0;0;0
207264;2.06;0.89;90.0;3819.0;18.75;75.0;42.0;7.05;18.66;14.48;296.79;328.63;2.31;95118.0;89.0;90.0;51.0;4514.0;997.74;839.83;6.0;1.0;0;1.0;0;0;1.0;0;0;0;0;0;1.0;1.0;0;0;0;0;0
207834;1.97;0.86;90.0;3839.0;18.75;75.0;42.0;7.05;18.27;14.48;316.22;325.29;2.31;95118.0;89.0;90.0;51.0;4514.0;997.90;78.12;6.0;1.0;0;1.0;0;0;1.0;0;0;0;0;0;1.0;1.0;0;0;0;0;0
208384;2.18;0.91;90.0;3823.0;18.75;75.0;42.0;7.45;19.11;14.58;327.14;328.12;2.31;95118.0;89.0;90.0;51.0;4508.0;997.86;820.30;6.0;1.0;0;1.0;0;0;1.0;0;0;0;0;0;0;1.0;0;0;0;0;0
208984;2.11;0.86;90.0;3783.0;18.75;75.0;41.25;7.45;19.57;14.58;297.24;329.06;2.31;95118.0;90.0;90.0;51.0;4517.0;997.86;78.12;6.0;1.0;0;1.0;0;0;1.0;0;0;0;0;0;1.0;1.0;0;0;0;0;0
209494;2.25;0.92;90.0;3819.0;18.75;75.0;41.25;7.45;19.52;14.58;291.23;316.69;2.31;95118.0;89.0;90.0;51.0;4512.0;997.98;800.77;6.0;1.0;0;1.0;0;0;1.0;0;0;0;0;0;1.0;1.0;0;0;0;0;0
210004;2.11;0.87;90.0;3783.0;18.75;75.0;41.25;7.45;19.35;14.58;305.39;296.87;2.31;95118.0;89.0;90.0;51.0;4510.0;998.02;410.15;6.0;1.0;0;1.0;0;0;1.0;0;0;0;0;0;1.0;1.0;0;0;0;0;0
210524;2.12;0.90;90.0;3799.0;18.75;75.0;42.0;7.45;18.88;14.48;292.01;296.77;2.31;95118.0;90.0;90.0;51.0;4519.0;998.09;566.39;6.0;1.0;0;1.0;0;0;1.0;0;0;0;0;0;1.0;1.0;0;0;0;0;0
211034;2.26;0.90;90.0;3826.0;18.75;75.0;41.25;8.23;19.95;14.48;233.14;233.50;2.31;95118.0;89.0;90.0;51.0;4506.0;998.25;800.77;6.0;1.0;0;1.0;0;0;1.0;0;0;0;0;0;1.0;1.0;0;0;0;0;0
211545;2.43;0.91;90.0;3812.0;18.75;75.0;39.75;8.62;21.27;14.48;231.52;176.76;2.31;95118.0;89.0;90.0;51.0;4509.0;998.29;761.70;6.0;1.0;0;1.0;0;0;1.0;0;0;0;0;0;1.0;1.0;0;0;0;0;0
212053;2.52;0.88;90.0;3799.0;18.75;75.75;39.0;9.80;22.36;14.39;220.66;235.12;2.31;95118.0;89.0;90.0;51.0;4522.0;998.45;78.12;6.0;1.0;0;1.0;0;0;1.0;0;0;0;0;0;1.0;1.0;0;0;0;0;0
212573;2.64;0.95;90.0;3844.0;18.75;75.75;39.0;9.80;22.06;14.48;278.16;292.40;2.31;95118.0;89.0;90.0;51.0;4508.0;998.52;781.24;6.0;1.0;0;1.0;0;0;1.0;0;0;0;0;0;1.0;1.0;0;0;0;0;0
213083;2.57;0.90;90.0;3807.0;18.75;75.75;39.0;9.80;22.38;14.48;322.47;313.14;2.31;95118.0;89.0;90.0;51.0;4513.0;998.48;214.84;6.0;1.0;0;1.0;0;0;1.0;0;0;0;0;0;1.0;1.0;0;0;0;0;0
213594;2.66;0.94;90.0;3808.0;18.75;75.75;39.0;9.80;22.36;14.48;342.12;337.24;2.31;95118.0;90.0;90.0;51.0;4513.0;998.52;820.30;6.0;1.0;0;1.0;0;0;1.0;0;0;0;0;0;1.0;1.0;0;0;0;0;0
214104;2.72;0.92;90.0;3854.0;18.75;75.75;37.5;10.98;23.38;14.39;300.89;335.50;2.31;95118.0;90.0;91.0;51.0;4518.0;998.64;292.96;6.0;1.0;0;1.0;0;0;1.0;0;0;0;0;0;1.0;1.0;0;0;0;0;0
214623;2.84;0.95;91.0;3834.0;18.75;75.75;37.5;10.98;23.64;14.48;274.57;331.54;2.31;95118.0;89.0;91.0;51.0;4517.0;998.72;839.83;6.0;1.0;0;1.0;0;0;1.0;0;0;0;0;0;1.0;1.0;0;0;0;0;0
215133;2.79;0.93;90.0;3826.0;18.75;75.75;37.5;10.98;23.64;14.48;261.27;309.57;2.31;95118.0;89.0;91.0;51.0;4515.0;998.80;664.05;6.0;1.0;0;1.0;0;0;1.0;0;0;0;0;0;1.0;1.0;0;0;0;0;0
215643;2.62;0.93;91.0;3881.0;18.75;75.75;39.0;9.80;22.25;14.58;214.57;298.43;2.31;95118.0;91.0;91.0;51.0;4509.0;998.76;722.64;6.0;1.0;0;1.0;0;0;1.0;0;0;0;0;0;1.0;1.0;0;0;0;0;0
216154;2.80;0.93;91.0;3895.0;18.75;76.5;37.5;11.37;23.83;14.58;199.36;214.04;2.31;95118.0;91.0;92.0;50.0;4509.0;998.80;742.17;6.0;1.0;0;1.0;0;0;1.0;0;0;0;0;0;1.0;1.0;0;0;0;0;0
216663;2.74;0.92;91.0;3868.0;18.75;76.5;37.5;10.98;23.50;14.58;220.80;196.08;2.31;95118.0;91.0;91.0;50.0;4512.0;998.84;214.84;6.0;1.0;0;1.0;0;0;1.0;0;0;0;0;0;1.0;1.0;0;0;0;0;0
217183;3.22;0.96;92.0;3890.0;18.75;76.5;36.0;14.11;26.18;14.48;193.21;178.85;2.31;95118.0;92.0;92.0;50.0;4525.0;998.87;97.65;6.0;1.0;0;1.0;0;0;1.0;0;0;0;0;0;1.0;1.0;0;0;0;0;0
217693;3.42;1.02;92.0;3935.0;18.75;76.5;36.0;14.11;26.28;14.39;214.40;220.22;2.31;95118.0;92.0;93.0;50.0;4527.0;998.87;859.36;6.0;1.0;0;1.0;0;0;1.0;0;0;0;0;0;1.0;1.0;0;0;0;0;0
218203;3.03;0.93;93.0;3992.0;18.75;76.5;36.75;12.55;25.31;14.48;214.81;270.21;2.31;95118.0;93.0;94.0;50.0;4514.0;998.87;800.77;6.0;1.0;0;1.0;0;0;1.0;0;0;0;0;0;1.0;1.0;0;0;0;0;0
218723;2.95;0.90;93.0;3996.0;18.75;76.5;36.75;13.33;25.68;14.58;210.20;328.88;2.31;95118.0;93.0;94.0;50.0;4513.0;998.91;58.59;6.0;1.0;0;1.0;0;0;1.0;0;0;0;0;0;1.0;1.0;0;0;0;0;0
219234;3.20;0.97;95.0;4041.0;18.75;76.5;36.75;13.33;25.78;14.48;90.61;340.85;2.31;95118.0;94.0;95.0;50.0;4515.0;998.91;839.83;6.0;1.0;0;1.0;0;0;1.0;0;0;0;0;0;1.0;1.0;0;0;0;0;0
219743;3.38;0.94;95.0;4055.0;18.75;77.25;35.25;15.29;27.82;14.48;168.68;354.89;2.31;95118.0;94.0;95.0;50.0;4525.0;998.91;859.36;6.0;1.0;0;1.0;0;0;1.0;0;0;0;0;0;1.0;1.0;0;0;0;0;0
220254;2.94;0.95;96.0;4072.0;18.75;77.25;38.25;11.76;24.27;14.39;218.42;300.52;2.31;95118.0;95.0;96.0;50.0;4493.0;998.91;859.36;6.0;1.0;0;1.0;0;0;1.0;0;0;0;0;0;1.0;1.0;0;0;0;0;0
220774;2.60;0.87;96.0;4068.0;18.75;77.25;39.0;10.98;23.40;14.48;266.64;240.29;2.31;95118.0;96.0;96.0;50.0;4508.0;998.91;156.24;6.0;1.0;0;1.0;0;0;1.0;0;0;0;0;0;1.0;1.0;0;0;0;0;0
221284;2.79;0.92;96.0;4061.0;18.75;77.25;39.0;11.37;23.77;14.48;240.55;215.25;2.31;95118.0;95.0;96.0;50.0;4516.0;998.91;859.36;6.0;1.0;0;1.0;0;0;1.0;0;0;0;0;0;1.0;1.0;0;0;0;0;0
221794;2.64;0.88;96.0;4060.0;18.75;77.25;39.0;10.98;23.64;14.48;248.05;212.74;2.31;95118.0;96.0;97.0;50.0;4521.0;998.91;253.90;6.0;1.0;0;1.0;0;0;1.0;0;0;0;0;0;1.0;1.0;0;0;0;0;0
222304;2.65;0.88;96.0;4089.0;18.75;77.25;39.0;10.98;23.61;14.48;237.56;199.06;2.31;95118.0;94.0;97.0;50.0;4507.0;998.91;97.65;6.0;1.0;0;1.0;0;0;1.0;0;0;0;0;0;1.0;1.0;0;0;0;0;0
222824;3.02;0.94;96.0;4086.0;18.75;78.0;37.5;12.55;24.98;14.58;233.30;174.38;2.31;95118.0;95.0;97.0;49.0;4517.0;998.91;781.24;6.0;1.0;0;1.0;0;0;1.0;0;0;0;0;0;1.0;1.0;0;0;0;0;0
223344;2.56;0.89;96.0;4100.0;18.75;78.0;39.75;10.58;22.92;14.48;95.22;60.71;2.31;95118.0;96.0;97.0;49.0;4506.0;998.84;781.24;6.0;1.0;0;1.0;0;0;1.0;0;0;0;0;0;1.0;1.0;0;0;0;0;0
223914;2.33;0.88;96.0;4072.0;18.75;78.0;41.25;9.02;20.96;14.48;38.78;26.87;2.31;95118.0;95.0;96.0;49.0;4506.0;998.84;624.99;6.0;1.0;0;1.0;0;0;1.0;0;0;0;0;0;1.0;1.0;0;0;0;0;0
224434;2.03;0.87;96.0;4047.0;18.75;78.0;43.5;7.84;18.96;14.48;15.74;12.08;2.31;95118.0;96.0;95.0;49.0;4497.0;998.87;97.65;6.0;1.0;0;1.0;0;0;1.0;0;0;0;0;0;1.0;1.0;0;0;0;0;0
224994;2.23;0.92;95.0;4044.0;18.75;78.0;42.75;7.84;19.42;14.58;6.23;5.58;2.31;95118.0;95.0;96.0;49.0;4491.0;998.87;703.11;6.0;1.0;0;1.0;0;0;1.0;0;0;0;0;0;1.0;1.0;0;0;0;0;0
225544;2.04;0.85;95.0;4036.0;18.75;78.0;42.75;7.84;19.21;14.48;3.88;2.28;2.31;95118.0;94.0;95.0;49.0;4509.0;998.91;117.18;6.0;1.0;0;1.0;0;0;1.0;0;0;0;0;0;1.0;1.0;0;0;0;0;0
226054;2.18;0.91;93.0;3965.0;18.75;78.75;43.5;7.84;19.16;14.58;2.08;2.38;2.31;95118.0;94.0;94.0;49.0;4506.0;998.91;839.83;6.0;1.0;0;1.0;0;0;1.0;0;0;0;0;0;1.0;1.0;0;0;0;0;0
226574;2.13;0.88;93.0;3955.0;18.75;78.75;42.0;7.84;19.31;14.48;0.72;2.14;2.31;95118.0;93.0;94.0;49.0;4509.0;998.91;761.70;6.0;1.0;0;1.0;0;0;1.0;0;0;0;0;0;1.0;1.0;0;0;0;0;0
227084;2.04;0.85;92.0;3946.0;18.75;78.75;42.0;7.84;19.35;14.48;1.44;0.76;2.31;95118.0;93.0;93.0;49.0;4519.0;998.91;78.12;6.0;1.0;0;1.0;0;0;1.0;0;0;0;0;0;1.0;1.0;0;0;0;0;0
227594;2.11;0.89;93.0;3941.0;18.75;78.75;42.75;7.45;18.98;14.48;0.48;0.23;2.31;95118.0;93.0;93.0;49.0;4517.0;998.91;800.77;6.0;1.0;0;1.0;0;0;1.0;0;0;0;0;0;1.0;1.0;0;0;0;0;0
228154;2.0;0.87;92.0;3919.0;18.75;78.75;43.5;7.45;18.33;14.58;0.11;1.77;2.31;95118.0;92.0;93.0;49.0;4508.0;998.91;136.71;6.0;1.0;0;1.0;0;0;1.0;0;0;0;0;0;1.0;1.0;0;0;0;0;0
228664;2.11;0.91;91.0;3874.0;18.75;78.75;42.75;7.45;18.65;14.48;0.76;0.50;2.31;95118.0;92.0;92.0;49.0;4505.0;998.91;820.30;6.0;1.0;0;1.0;0;0;1.0;0;0;0;0;0;1.0;1.0;0;0;0;0;0
229184;2.26;0.88;91.0;3891.0;18.75;78.75;41.25;8.23;20.43;14.48;0.23;2.22;2.31;95118.0;91.0;92.0;49.0;4528.0;998.91;195.31;6.0;1.0;0;1.0;0;0;1.0;0;0;0;0;0;1.0;1.0;0;0;0;0;0
229744;2.36;0.88;91.0;3841.0;18.75;78.75;40.5;8.62;21.22;14.58;1.24;2.65;2.31;95118.0;90.0;91.0;49.0;4515.0;998.91;683.58;6.0;1.0;0;1.0;0;0;1.0;0;0;0;0;0;1.0;1.0;0;0;0;0;0
230304;2.12;0.86;91.0;3878.0;18.75;79.5;42.0;7.84;19.78;14.58;1.26;2.05;2.31;95118.0;92.0;92.0;48.0;4505.0;998.91;39.06;6.0;1.0;0;1.0;0;0;1.0;0;0;0;0;0;1.0;1.0;0;0;0;0;0
230813;2.41;0.91;91.0;3897.0;18.75;79.5;39.75;8.62;21.10;14.48;0.39;0.76;2.31;95118.0;91.0;92.0;48.0;4512.0;998.91;839.83;6.0;1.0;0;1.0;0;0;1.0;0;0;0;0;0;1.0;1.0;0;0;0;0;0
231323;2.25;0.86;92.0;3892.0;18.75;79.5;39.75;8.62;20.88;14.48;0.05;0.23;2.31;95119.0;91.0;92.0;48.0;4515.0;998.91;58.59;6.0;1.0;0;1.0;0;0;1.0;0;0;0;0;0;1.0;1.0;0;0;0;0;0
231834;2.05;0.91;91.0;3895.0;18.75;79.5;43.5;7.05;18.20;14.48;2.08;1.40;2.31;95119.0;91.0;92.0;48.0;4502.0;998.91;820.30;6.0;1.0;0;1.0;0;0;1.0;0;0;0;0;0;1.0;1.0;0;0;0;0;0
232354;1.82;0.87;91.0;3889.0;18.75;79.5;43.5;6.27;16.88;14.48;2.57;1.71;2.31;95119.0;91.0;92.0;48.0;4519.0;998.91;839.83;6.0;1.0;0;1.0;0;0;1.0;0;0;0;0;0;1.0;1.0;0;0;0;0;0
232863;1.52;0.83;91.0;3876.0;18.75;79.5;44.25;5.49;14.72;14.48;0.99;0.62;2.31;95119.0;91.0;91.0;48.0;4515.0;998.91;703.11;6.0;1.0;0;1.0;0;0;1.0;0;0;0;0;0;1.0;1.0;0;0;0;0;0
233373;1.79;0.83;91.0;3829.0;18.75;79.5;42.75;6.66;17.30;14.58;0.31;0.17;2.31;95119.0;91.0;91.0;48.0;4503.0;998.91;58.59;6.0;1.0;0;1.0;0;0;1.0;0;0;0;0;0;1.0;1.0;0;0;0;0;0
233893;1.92;0.88;90.0;3811.0;18.75;79.5;42.75;6.66;17.58;14.48;0;1.09;2.31;95119.0;90.0;90.0;48.0;4504.0;998.91;703.11;6.0;1.0;0;1.0;0;0;1.0;0;0;0;0;0;1.0;1.0;0;0;0;0;0
234403;1.90;0.87;90.0;3831.0;18.75;80.25;42.75;6.66;17.54;14.58;1.75;0.35;2.31;95119.0;90.0;90.0;48.0;4519.0;998.91;781.24;6.0;1.0;0;1.0;0;0;1.0;0;0;0;0;0;1.0;1.0;0;0;0;0;0
234913;1.61;0.84;90.0;3841.0;18.75;80.25;42.75;5.88;16.08;14.48;2.44;0.03;2.31;95119.0;90.0;91.0;48.0;4516.0;998.91;78.12;6.0;1.0;0;1.0;0;0;1.0;0;0;0;0;0;1.0;1.0;0;0;0;0;0
235423;1.72;0.88;90.0;3823.0;18.75;80.25;42.75;5.88;15.77;14.39;0.93;1.15;2.31;95119.0;90.0;90.0;48.0;4523.0;998.91;859.36;6.0;1.0;0;1.0;0;0;1.0;0;0;0;0;0;1.0;1.0;0;0;0;0;0
235943;1.68;0.85;90.0;3792.0;18.75;80.25;42.75;5.88;16.15;14.39;2.01;0.31;2.31;95119.0;89.0;90.0;48.0;4509.0;998.91;800.77;6.0;1.0;0;1.0;0;0;1.0;0;0;0;0;0;1.0;1.0;0;0;0;0;0
236454;1.6;0.81;90.0;3793.0;18.75;80.25;42.75;5.88;15.97;14.48;2.87;1.26;2.31;95119.0;89.0;90.0;48.0;4512.0;998.91;58.59;6.0;1.0;0;1.0;0;0;1.0;0;0;0;0;0;1.0;1.0;0;0;0;0;0
236964;1.92;0.86;88.0;3788.0;18.75;80.25;42.75;6.66;18.04;14.58;1.11;2.01;2.31;95119.0;89.0;89.0;48.0;4521.0;998.91;78.12;6.0;1.0;0;1.0;0;0;1.0;0;0;0;0;0;1.0;1.0;0;0;0;0;0
237483;1.99;0.90;90.0;3804.0;18.75;80.25;42.75;6.66;17.96;14.48;1.42;2.55;2.31;95119.0;89.0;90.0;48.0;4515.0;998.91;820.30;6.0;1.0;0;1.0;0;0;1.0;0;0;0;0;0;1.0;1.0;0;0;0;0;0
237993;2.03;0.85;90.0;3841.0;18.75;80.25;41.25;7.45;19.22;14.58;1.73;3.08;2.31;95119.0;90.0;91.0;48.0;4512.0;998.91;78.12;6.0;1.0;0;1.0;0;0;1.0;0;0;0;0;0;1.0;1.0;0;0;0;0;0
238503;2.2;0.90;90.0;3823.0;18.75;81.0;41.25;7.84;19.51;14.58;0.64;1.21;2.31;95119.0;90.0;90.0;48.0;4516.0;998.91;800.77;6.0;1.0;0;1.0;0;0;1.0;0;0;0;0;0;1.0;1.0;0;0;0;0;0
239023;2.12;0.88;91.0;3866.0;18.75;81.0;41.25;7.84;19.39;14.58;0.19;0.41;2.31;95119.0;90.0;91.0;48.0;4514.0;998.91;703.11;6.0;1.0;0;1.0;0;0;1.0;0;0;0;0;0;1.0;1.0;0;0;0;0;0
239533;2.22;0.88;91.0;3885.0;18.75;81.0;41.25;8.23;20.21;14.48;0;0.01;2.31;95119.0;91.0;91.0;48.0;4513.0;998.91;78.12;6.0;1.0;0;1.0;0;0;1.0;0;0;0;0;0;1.0;1.0;0;0;0;0;0
240043;2.30;0.93;91.0;3889.0;18.75;81.0;41.25;7.84;19.79;14.58;0;1.75;2.31;95119.0;91.0;92.0;48.0;4516.0;999.03;839.83;6.0;1.0;0;1.0;0;0;1.0;0;0;0;0;0;1.0;1.0;0;0;0;0;0
240553;2.0;0.87;91.0;3868.0;18.75;81.0;42.0;7.05;18.47;14.58;0.95;0.60;2.31;95119.0;92.0;92.0;48.0;4520.0;999.03;703.11;6.0;1.0;0;1.0;0;0;1.0;0;0;0;0;0;1.0;1.0;0;0;0;0;0
241073;1.88;0.86;91.0;3909.0;18.75;81.0;43.5;7.05;17.58;14.48;0.31;0.17;2.31;95119.0;91.0;92.0;48.0;4507.0;998.99;78.12;6.0;1.0;0;1.0;0;0;1.0;0;0;0;0;0;1.0;1.0;0;0;0;0;0
241593;1.63;0.88;92.0;3915.0;18.75;81.0;44.25;5.49;14.88;14.48;0;0;2.31;95119.0;92.0;92.0;48.0;4514.0;999.15;859.36;6.0;1.0;0;1.0;0;0;1.0;0;0;0;0;0;1.0;1.0;0;0;0;0;0
242143;1.55;0.85;91.0;3869.0;18.75;81.0;44.25;5.49;14.71;14.48;0;2.08;2.31;95119.0;91.0;92.0;48.0;4511.0;999.42;820.30;6.0;1.0;0;1.0;0;0;1.0;0;0;0;0;0;1.0;1.0;0;0;0;0;0
242653;1.45;0.81;90.0;3869.0;18.75;81.0;43.5;5.49;14.45;14.48;0.95;2.05;2.31;95119.0;90.0;91.0;48.0;4511.0;999.62;117.18;6.0;1.0;0;1.0;0;0;1.0;0;0;0;0;0;1.0;1.0;0;0;0;0;0
243173;1.55;0.84;90.0;3833.0;18.75;81.75;43.5;5.49;14.85;14.48;0.31;2.36;2.31;95119.0;90.0;91.0;47.0;4505.0;999.70;429.68;6.0;1.0;0;1.0;0;0;1.0;0;0;0;0;0;1.0;1.0;0;0;0;0;0
243704;1.56;0.84;90.0;3797.0;18.75;81.75;43.5;5.49;15.03;14.48;70.97;65.50;2.31;95119.0;90.0;90.0;47.0;4517.0;999.85;781.24;6.0;1.0;0;1.0;0;0;1.0;0;0;0;0;0;1.0;1.0;0;0;0;0;0
244243;1.59;0.84;90.0;3803.0;18.75;81.75;43.5;5.49;15.43;14.48;124.30;123.35;2.31;95119.0;90.0;90.0;47.0;4511.0;999.97;136.71;6.0;1.0;0;1.0;0;0;1.0;0;0;0;0;0;1.0;1.0;0;0;0;0;0
244754;1.76;0.88;88.0;3771.0;18.75;81.75;42.75;5.88;16.27;14.48;182.39;139.32;2.31;95119.0;88.0;89.0;47.0;4513.0;1000.01;800.77;6.0;1.0;0;1.0;0;0;1.0;0;0;0;0;0;1.0;1.0;0;0;0;0;0
245274;1.82;0.87;88.0;3785.0;18.75;81.75;42.0;6.27;16.83;14.48;218.46;164.50;2.31;95119.0;88.0;89.0;47.0;4524.0;999.97;820.30;6.0;1.0;0;1.0;0;0;1.0;0;0;0;0;0;1.0;1.0;0;0;0;0;0
245784;1.90;0.85;88.0;3737.0;18.75;81.75;42.75;7.05;18.13;14.48;218.28;157.48;2.31;95119.0;88.0;89.0;47.0;4511.0;1000.05;58.59;6.0;1.0;0;1.0;0;0;1.0;0;0;0;0;0;1.0;1.0;0;0;0;0;0
246343;2.19;0.90;88.0;3744.0;18.75;81.75;40.5;7.45;19.44;14.48;193.34;167.82;2.31;95119.0;89.0;89.0;47.0;4506.0;1000.09;820.30;6.0;1.0;0;1.0;0;0;1.0;0;0;0;0;0;1.0;1.0;0;0;0;0;0
246854;2.14;0.88;88.0;3751.0;18.75;81.75;41.25;7.84;19.42;14.29;242.48;202.79;2.58;95119.0;88.0;89.0;47.0;4510.0;1000.09;644.52;6.0;1.0;0;1.0;0;0;1.0;0;0;0;0;0;1.0;1.0;0;0;0;0;0
247374;2.05;0.89;90.0;3811.0;18.75;81.75;42.0;7.05;18.59;14.58;268.16;255.45;2.31;95119.0;89.0;90.0;47.0;4512.0;1000.12;820.30;6.0;1.0;0;1.0;0;0;1.0;0;0;0;0;0;1.0;1.0;0;0;0;0;0
247886;1.73;0.88;88.0;3760.0;18.75;81.75;42.75;5.88;16.05;14.48;318.08;314.58;2.31;95119.0;89.0;89.0;47.0;4507.0;1000.12;800.77;6.0;1.0;0;1.0;0;0;1.0;0;0;0;0;0;1.0;1.0;0;0;0;0;0
248443;1.59;0.84;88.0;3761.0;18.75;81.75;43.5;5.49;15.48;14.48;335.05;315.97;2.31;95119.0;88.0;89.0;47.0;4530.0;1000.16;781.24;6.0;1.0;0;1.0;0;0;1.0;0;0;0;0;0;1.0;1.0;0;0;0;0;0
248954;1.17;0.81;87.0;3742.0;18.75;81.75;42.75;4.31;11.71;14.48;341.93;343.10;2.31;95119.0;88.0;88.0;47.0;4516.0;1000.16;605.46;6.0;1.0;0;1.0;0;0;1.0;0;0;0;0;0;1.0;1.0;0;0;0;0;0
249464;1.19;0.82;87.0;3729.0;18.75;81.75;42.75;3.92;11.75;14.58;344.19;342.79;2.31;95119.0;87.0;88.0;47.0;4512.0;1000.16;78.12;6.0;1.0;0;1.0;0;0;1.0;0;0;0;0;0;1.0;1.0;0;0;0;0;0
249984;1.18;0.83;86.0;3701.0;18.75;81.75;42.0;3.92;11.31;14.58;335.77;343.76;2.31;95119.0;86.0;86.0;47.0;4518.0;1000.16;78.12;6.0;1.0;0;1.0;0;0;1.0;0;0;0;0;0;1.0;1.0;0;0;0;0;0
250495;0.94;0.85;86.0;3631.0;18.75;81.75;42.0;2.74;9.26;14.58;323.08;346.96;2.31;95119.0;86.0;86.0;47.0;4524.0;1000.16;820.30;6.0;1.0;0;1.0;0;0;1.0;0;0;0;0;0;1.0;1.0;0;0;0;0;0
251006;0.53;1.00;83.0;3552.0;18.75;81.75;-30.0;0;0;14.48;315.68;343.88;2.31;95119.0;84.0;84.0;47.0;4544.0;1000.16;39.06;6.0;1.0;0;1.0;0;0;1.0;0;0;0;0;0;1.0;1.0;0;0;0;0;0
251524;0.53;1.00;82.0;3493.0;18.75;81.75;-30.0;0;0;14.48;333.16;324.54;2.31;95119.0;83.0;82.0;47.0;4543.0;1000.16;0;6.0;1.0;0;1.0;0;0;1.0;0;0;0;0;0;1.0;1.0;0;0;0;0;0
252084;0.56;1.00;81.0;3406.0;18.75;81.75;-30.0;0;0;14.48;337.86;336.42;2.31;95119.0;81.0;80.0;47.0;4533.0;1000.16;0;6.0;1.0;0;1.0;0;0;1.0;0;0;0;0;0;1.0;1.0;0;0;0;0;0
252643;2.08;1.00;78.0;3339.0;18.75;81.75;7.5;5.09;8.86;14.58;335.81;349.00;2.31;95119.0;79.0;79.0;47.0;4246.0;1000.16;878.89;6.0;1.0;0;1.0;0;0;1.0;0;0;0;0;0;1.0;1.0;0;0;0;0;0
253204;0.78;0.99;77.0;3271.0;18.75;81.75;12.75;1.17;3.71;14.58;347.88;358.39;2.31;95119.0;78.0;77.0;47.0;4344.0;1000.28;683.58;6.0;1.0;0;1.0;0;0;1.0;0;0;0;0;0;1.0;1.0;0;0;0;0;0
253714;0.65;0.98;75.0;3203.0;18.75;81.75;18.0;0.39;4.34;14.58;357.90;355.54;2.31;95119.0;75.0;76.0;47.0;4453.0;1000.28;19.53;6.0;1.0;0;1.0;0;0;1.0;0;0;0;0;0;1.0;1.0;0;0;0;0;0
254224;0.69;1.00;73.0;3137.0;18.75;81.75;21.75;0.39;5.17;14.48;339.88;345.89;2.31;95119.0;74.0;74.0;47.0;4493.0;1000.40;19.53;6.0;1.0;0;1.0;0;0;1.0;0;0;0;0;0;1.0;1.0;0;0;0;0;0
254743;0.83;1.01;72.0;3081.0;18.75;81.75;26.25;0.39;7.92;14.48;338.55;318.57;2.31;95119.0;73.0;73.0;47.0;4514.0;1000.55;742.17;6.0;1.0;0;1.0;0;0;1.0;0;0;0;0;0;1.0;1.0;0;0;0;0;0
255344;1.02;1.01;71.0;3045.0;18.75;81.75;31.5;1.56;8.22;14.58;279.49;269.39;2.31;95119.0;72.0;72.0;47.0;4496.0;1000.52;898.42;6.0;1.0;0;1.0;0;0;1.0;0;0;0;0;0;1.0;1.0;0;0;0;0;0
255863;1.39;0.99;71.0;3090.0;18.75;81.75;35.25;3.13;11.56;14.48;318.78;323.12;2.31;95119.0;71.0;71.0;47.0;4500.0;1000.75;878.89;6.0;1.0;0;1.0;0;0;1.0;0;0;0;0;0;1.0;1.0;0;0;0;0;0
256373;1.68;0.97;71.0;3033.0;18.75;81.75;34.5;4.31;14.28;14.48;181.14;182.19;2.31;95119.0;71.0;71.0;47.0;4507.0;1000.71;859.36;6.0;1.0;0;1.0;0;0;1.0;0;0;0;0;0;1.0;1.0;0;0;0;0;0
256884;1.67;0.94;71.0;3018.0;18.75;81.75;34.5;4.31;14.61;14.58;177.21;172.82;2.31;95119.0;70.0;71.0;47.0;4502.0;1000.67;839.83;6.0;1.0;0;1.0;0;0;1.0;0;0;0;0;0;1.0;1.0;0;0;0;0;0
257404;1.59;0.92;71.0;3034.0;18.75;81.75;34.5;4.31;14.28;14.48;270.54;263.08;2.31;95119.0;71.0;71.0;47.0;4511.0;1000.75;683.58;6.0;1.0;0;1.0;0;0;1.0;0;0;0;0;0;1.0;1.0;0;0;0;0;0
257924;1.55;0.89;71.0;3017.0;18.75;81.75;34.5;4.31;14.30;14.48;252.91;242.13;2.31;95119.0;71.0;71.0;47.0;4507.0;1000.98;722.64;6.0;1.0;0;1.0;0;0;1.0;0;0;0;0;0;1.0;1.0;0;0;0;0;0
258484;1.32;0.89;71.0;3044.0;18.75;81.75;35.25;3.52;12.29;14.48;259.59;242.01;2.31;95119.0;71.0;71.0;47.0;4520.0;1001.10;292.96;6.0;1.0;0;1.0;0;0;1.0;0;0;0;0;0;1.0;1.0;0;0;0;0;0
259033;1.24;0.89;70.0;2974.0;18.75;81.75;33.75;3.13;11.56;14.58;261.11;256.95;2.31;95119.0;70.0;71.0;47.0;4511.0;1001.06;781.24;6.0;1.0;0;1.0;0;0;1.0;0;0;0;0;0;1.0;1.0;0;0;0;0;0
259554;1.52;0.89;70.0;2985.0;18.75;81.75;33.75;4.31;14.07;14.58;318.14;318.51;2.31;95119.0;70.0;70.0;47.0;4508.0;1001.18;78.12;6.0;1.0;0;1.0;0;0;1.0;0;0;0;0;0;1.0;1.0;0;0;0;0;0
260063;1.56;0.91;70.0;2962.0;18.75;81.75;33.75;4.31;14.18;14.48;286.89;304.76;2.31;95119.0;70.0;70.0;47.0;4522.0;1001.26;97.65;6.0;1.0;0;1.0;0;0;1.0;0;0;0;0;0;1.0;1.0;0;0;0;0;0
260574;1.74;0.93;70.0;2967.0;18.75;81.75;33.75;4.70;15.31;14.48;327.24;341.11;2.31;95119.0;69.0;70.0;47.0;4505.0;1001.30;781.24;6.0;1.0;0;1.0;0;0;1.0;0;0;0;0;0;1.0;1.0;0;0;0;0;0
261083;1.50;0.91;70.0;2947.0;18.75;81.75;33.75;3.92;13.52;14.48;263.20;298.49;2.31;95119.0;70.0;70.0;47.0;4517.0;1001.34;800.77;6.0;1.0;0;1.0;0;0;1.0;0;0;0;0;0;1.0;1.0;0;0;0;0;0
261643;1.12;0.89;68.0;2944.0;18.75;81.75;33.0;2.74;10.42;14.58;244.20;274.61;2.31;95119.0;69.0;69.0;47.0;4531.0;1001.38;839.83;6.0;1.0;0;1.0;0;0;1.0;0;0;0;0;0;1.0;1.0;0;0;0;0;0
262163;0.66;1.00;68.0;2869.0;18.75;81.75;26.25;0;12.79;14.58;266.27;303.59;2.31;95119.0;68.0;68.0;47.0;4565.0;1001.38;703.11;6.0;1.0;0;1.0;0;0;1.0;0;0;0;0;0;1.0;1.0;0;0;0;0;0
262674;0.68;1.00;66.0;2821.0;18.75;81.75;-30.0;0;0;14.67;255.55;307.73;2.31;95119.0;67.0;66.0;47.0;4607.0;1001.38;0;6.0;1.0;0;1.0;0;0;1.0;0;0;0;0;0;1.0;1.0;0;0;0;0;0
263184;0.68;1.00;65.0;2743.0;18.75;81.75;-30.0;0;0;14.58;284.43;240.66;2.31;95119.0;65.0;65.0;47.0;4614.0;1001.41;0;6.0;1.0;0;1.0;0;0;1.0;0;0;0;0;0;1.0;1.0;0;0;0;0;0
263704;0.68;1.00;62.0;2688.0;18.75;81.75;-30.0;0;0;14.48;306.75;167.80;2.31;95119.0;63.0;63.0;47.0;4600.0;1001.41;0;6.0;1.0;0;1.0;0;0;1.0;0;0;0;0;0;1.0;1.0;0;0;0;0;0
264263;0.72;1.00;61.0;2607.0;18.75;81.75;-30.0;0;0;14.67;333.80;207.79;2.31;95119.0;62.0;62.0;47.0;4589.0;1001.41;0;6.0;1.0;0;1.0;0;0;1.0;0;0;0;0;0;1.0;1.0;0;0;0;0;0
264823;0.80;1.00;58.0;2470.0;18.75;81.75;19.5;0;12.76;14.58;346.79;222.27;2.31;95119.0;59.0;58.0;54.0;4313.0;1001.41;0;6.0;1.0;0;1.0;0;0;1.0;0;0;1.0;0;0;1.0;1.0;0;0;0;0;0
265383;0.88;1.00;55.0;2390.0;18.75;81.75;17.25;0;12.71;14.39;236.91;223.34;2.31;95119.0;55.0;56.0;44.0;4305.0;1001.41;19.53;6.0;1.0;0;1.0;0;0;1.0;0;0;1.0;0;0;1.0;1.0;0;0;0;0;0
265923;0.90;1.00;53.0;2248.0;18.75;81.75;15.0;0;12.79;14.48;152.27;147.99;2.31;95119.0;53.0;53.0;46.0;4455.0;1001.41;19.53;6.0;1.0;0;1.0;0;0;1.0;0;0;1.0;0;0;1.0;1.0;0;0;0;0;0
266474;1.48;1.00;51.0;2134.0;18.75;81.75;13.5;1.56;10.61;14.48;124.67;139.67;2.31;95119.0;51.0;51.0;47.0;4525.0;1001.41;58.59;6.0;1.0;0;1.0;0;0;1.0;0;0;1.0;0;0;1.0;1.0;0;0;0;0;0
266993;1.22;1.00;50.0;1519.0;18.75;81.75;15.0;0;12.72;14.58;171.06;155.79;2.31;95119.0;50.0;50.0;45.0;4504.0;1001.41;97.65;5.0;1.0;0;1.0;0;0;1.0;0;0;1.0;0;0;1.0;1.0;0;0;0;0;0
267503;0.88;1.00;48.0;2239.0;18.75;81.75;15.0;0;12.69;14.58;123.54;104.99;2.31;95119.0;49.0;48.0;45.0;4516.0;1001.41;39.06;5.0;1.0;0;1.0;0;0;1.0;0;0;1.0;0;0;1.0;1.0;0;0;0;0;0
268014;0.82;1.00;47.0;2255.0;18.75;81.75;15.75;0;12.75;14.48;114.23;86.14;2.31;95119.0;48.0;47.0;46.0;4511.0;1001.41;898.42;4.0;1.0;0;1.0;0;0;1.0;0;0;1.0;0;0;1.0;1.0;0;0;0;0;0
268533;0.84;1.00;46.0;2400.0;18.75;81.75;17.25;0;12.74;14.48;94.54;67.49;2.31;95119.0;46.0;46.0;45.0;4502.0;1001.41;19.53;4.0;1.0;0;1.0;0;0;1.0;0;0;1.0;0;0;1.0;1.0;0;0;0;0;0
269043;0.87;1.00;45.0;2318.0;18.75;81.75;16.5;0;12.72;14.48;55.77;57.96;2.31;95119.0;45.0;45.0;46.0;4508.0;1001.41;39.06;4.0;1.0;0;1.0;0;0;1.0;0;0;1.0;0;0;1.0;1.0;0;0;0;0;0
269553;0.88;1.00;42.0;2254.0;18.75;81.75;16.5;0;12.68;14.48;35.09;36.03;2.31;95119.0;43.0;43.0;44.0;4540.0;1001.41;19.53;4.0;1.0;0;1.0;0;0;1.0;0;0;1.0;0;0;1.0;1.0;0;0;0;0;0
270074;0.96;1.00;40.0;2070.0;18.75;81.75;14.25;0;12.66;14.58;23.88;24.72;2.31;95119.0;40.0;40.0;44.0;4522.0;1001.41;19.53;4.0;1.0;0;1.0;1.0;0;1.0;0;0;1.0;0;0;1.0;1.0;0;0;1.0;0;0
270583;0.77;1.00;37.0;2155.0;18.75;81.75;15.0;0;12.77;14.48;25.60;54.48;2.31;95119.0;36.0;37.0;46.0;4513.0;1001.41;917.95;3.0;1.0;0;1.0;0;0;1.0;0;0;1.0;0;0;1.0;1.0;0;0;0;0;0
271152;1.54;0.98;25.0;1326.0;18.75;81.75;17.25;0;13.42;14.20;32.84;55.99;2.58;95119.0;25.0;25.0;49.0;4494.0;1001.41;839.83;3.0;1.0;0;1.0;1.0;0;1.0;0;0;1.0;0;0;1.0;1.0;0;0;1.0;0;0
271703;1.42;0.97;15.0;1359.0;18.75;81.75;12.75;0;12.34;14.39;86.28;74.03;2.31;95119.0;15.0;13.0;46.0;4477.0;1001.41;820.30;2.0;1.0;0;1.0;0;0;1.0;0;0;1.0;0;0;1.0;1.0;0;0;0;0;0
272223;3.72;1.00;13.0;2846.0;18.75;81.75;30.0;8.62;25.42;14.48;88.50;53.80;2.31;95119.0;13.0;13.0;47.0;4467.0;1001.41;898.42;1.0;1.0;0;1.0;0;0;1.0;0;0;1.0;0;0;1.0;1.0;0;0;0;0;0
272733;3.75;1.00;18.0;2401.0;18.75;81.75;23.25;10.98;28.52;14.48;148.72;104.79;2.31;95119.0;18.0;19.0;47.0;4511.0;1001.45;800.77;1.0;1.0;0;1.0;0;0;1.0;0;0;1.0;0;0;1.0;1.0;0;0;0;0;0
273244;2.92;0.96;23.0;2746.0;18.75;81.75;29.25;8.62;25.02;14.48;218.34;140.28;2.31;95119.0;24.0;24.0;47.0;4497.0;1001.61;839.83;1.0;1.0;0;1.0;1.0;0;1.0;0;0;0;0;0;1.0;1.0;0;0;1.0;0;0
273784;2.65;1.00;26.0;2652.0;18.75;81.75;18.75;4.70;15.80;14.48;280.00;198.22;2.31;95119.0;26.0;26.0;47.0;4466.0;1001.77;820.30;2.0;1.0;0;1.0;0;0;1.0;0;0;1.0;0;0;1.0;1.0;0;0;0;0;0
274293;2.55;1.00;27.0;2180.0;18.75;81.75;20.25;4.70;18.86;14.48;287.38;226.33;2.31;95119.0;28.0;28.0;47.0;4283.0;1001.73;58.59;2.0;1.0;0;1.0;0;0;1.0;0;0;1.0;0;0;1.0;1.0;0;0;0;0;0
274914;2.90;0.99;30.0;2408.0;18.75;81.75;24.0;6.66;22.44;14.48;300.21;226.48;2.31;95119.0;30.0;30.0;47.0;4358.0;1001.92;859.36;2.0;1.0;0;1.0;0;0;1.0;0;0;1.0;0;0;1.0;1.0;0;0;0;0;0
275474;2.95;0.95;33.0;2651.0;18.75;81.75;27.75;8.23;24.60;14.39;238.69;213.28;2.31;95119.0;33.0;34.0;47.0;4391.0;1002.04;683.58;2.0;1.0;0;1.0;0;0;1.0;0;0;1.0;0;0;1.0;1.0;0;0;0;0;0
276074;1.55;0.95;37.0;2845.0;18.75;81.75;31.5;3.92;15.60;14.39;259.43;263.88;2.31;95119.0;37.0;37.0;47.0;4533.0;1002.12;878.89;2.0;1.0;0;1.0;0;0;1.0;0;0;1.0;0;0;1.0;1.0;0;0;0;0;0
276634;2.24;0.98;37.0;2925.0;18.75;81.75;33.0;5.09;17.36;14.48;314.74;310.95;2.31;95119.0;37.0;37.0;47.0;4519.0;1002.12;878.89;2.0;1.0;0;1.0;0;0;1.0;0;0;1.0;0;0;1.0;1.0;0;0;0;0;0
277143;3.27;0.99;40.0;3095.0;18.75;81.75;32.25;9.80;24.98;14.39;342.45;340.72;2.31;95119.0;39.0;40.0;47.0;4494.0;1002.20;878.89;2.0;1.0;0;1.0;0;0;1.0;0;0;1.0;0;0;1.0;1.0;0;0;0;0;0
277664;2.80;0.94;42.0;3339.0;18.75;81.75;34.5;9.02;24.03;14.48;347.92;347.53;2.31;95119.0;43.0;43.0;47.0;4524.0;1002.27;820.30;2.0;1.0;0;1.0;0;0;1.0;0;0;1.0;0;0;1.0;1.0;0;0;0;0;0
278224;0.08;1.00;45.0;3569.0;18.75;81.75;41.25;0;8.63;14.48;351.38;348.25;2.31;95119.0;45.0;46.0;47.0;4588.0;1002.23;800.77;2.0;1.0;0;1.0;0;0;1.0;0;0;1.0;0;0;1.0;1.0;0;0;0;0;0
278734;3.37;1.00;47.0;2932.0;18.75;81.75;26.25;9.41;24.84;14.48;347.80;348.55;2.31;95119.0;47.0;48.0;47.0;4464.0;1002.31;859.36;3.0;1.0;0;1.0;0;0;1.0;0;0;1.0;0;0;1.0;1.0;0;0;0;0;0
279244;2.4;0.95;50.0;3038.0;18.75;81.75;34.5;7.05;21.70;14.58;324.53;342.67;2.31;95119.0;49.0;50.0;47.0;4523.0;1002.39;859.36;3.0;1.0;0;1.0;0;0;1.0;0;0;1.0;0;0;1.0;1.0;0;0;0;0;0
279764;2.52;0.97;51.0;3131.0;18.75;81.75;35.25;7.05;21.23;14.48;289.10;281.46;2.31;95119.0;51.0;51.0;47.0;4532.0;1002.31;878.89;3.0;1.0;0;1.0;0;0;1.0;0;0;1.0;0;0;1.0;1.0;0;0;0;0;0
280274;2.60;0.92;53.0;3253.0;18.75;81.75;35.25;8.23;22.99;14.58;281.97;281.83;2.31;95119.0;53.0;53.0;47.0;4528.0;1002.27;820.30;3.0;1.0;0;1.0;0;0;1.0;0;0;1.0;0;0;1.0;1.0;0;0;0;0;0
280794;2.07;0.87;53.0;3335.0;18.75;81.75;38.25;6.27;19.36;14.39;321.63;310.68;2.31;95119.0;54.0;54.0;47.0;4530.0;1002.35;761.70;3.0;1.0;0;1.0;0;0;1.0;0;0;1.0;0;0;1.0;1.0;0;0;0;0;0
281304;1.75;0.83;55.0;3377.0;18.75;81.75;39.0;5.49;17.04;14.58;328.86;322.88;2.31;95119.0;55.0;55.0;47.0;4518.0;1002.47;136.71;3.0;1.0;0;1.0;0;0;1.0;0;0;1.0;0;0;1.0;1.0;0;0;0;0;0
281814;2.35;0.87;56.0;3425.0;18.75;81.75;37.5;7.45;21.53;14.58;339.64;288.51;2.31;95119.0;56.0;56.0;47.0;4493.0;1002.43;761.70;3.0;1.0;0;1.0;0;0;1.0;0;0;1.0;0;0;1.0;1.0;0;0;0;0;0
282334;2.0;0.86;57.0;3499.0;18.75;81.75;39.75;6.27;18.94;14.48;320.03;291.25;2.31;95119.0;57.0;57.0;47.0;4519.0;1002.35;117.18;3.0;1.0;0;1.0;0;0;1.0;0;0;1.0;0;0;1.0;1.0;0;0;0;0;0
282844;2.08;0.90;58.0;3576.0;18.75;81.75;40.5;6.27;18.69;14.58;350.85;326.17;2.31;95119.0;58.0;58.0;47.0;4510.0;1002.43;859.36;3.0;1.0;0;1.0;0;0;1.0;0;0;1.0;0;0;1.0;1.0;0;0;0;0;0
283355;2.30;0.86;60.0;3641.0;18.75;81.75;39.75;7.84;21.69;14.48;329.35;334.29;2.31;95120.0;59.0;60.0;47.0;4517.0;1002.47;78.12;3.0;1.0;0;1.0;0;0;1.0;0;0;1.0;0;0;1.0;1.0;0;0;0;0;0
283874;2.30;0.92;61.0;3734.0;18.75;81.75;41.25;7.45;20.36;14.48;332.65;342.61;2.31;95120.0;61.0;61.0;47.0;4523.0;1002.51;839.83;3.0;1.0;0;1.0;0;0;1.0;0;0;1.0;0;0;1.0;1.0;0;0;0;0;0
284383;2.19;0.89;62.0;3784.0;18.75;81.75;42.0;7.05;19.93;14.48;315.70;348.14;2.31;95120.0;62.0;62.0;47.0;4507.0;1002.47;703.11;3.0;1.0;0;1.0;0;0;1.0;0;0;0;0;0;1.0;1.0;0;0;0;0;0
284904;2.28;1.00;62.0;3475.0;18.75;81.75;30.0;5.88;16.29;14.58;314.94;321.46;2.31;95120.0;62.0;62.0;47.0;4259.0;1002.39;878.89;4.0;1.0;0;1.0;0;0;1.0;0;0;0;0;0;1.0;1.0;0;0;0;0;0
285414;0.89;1.00;62.0;3198.0;18.75;81.75;36.75;1.56;7.86;14.58;312.44;316.13;2.31;95120.0;62.0;63.0;47.0;4304.0;1002.31;898.42;4.0;1.0;0;1.0;0;0;1.0;0;0;0;0;0;1.0;1.0;0;0;0;0;0
285924;1.04;0.98;61.0;3194.0;18.75;81.75;36.0;1.96;8.60;14.58;298.47;311.65;2.31;95120.0;62.0;61.0;47.0;4426.0;1002.35;898.42;4.0;1.0;0;1.0;0;0;1.0;0;0;0;0;0;1.0;1.0;0;0;0;0;0
286444;1.45;0.96;60.0;3151.0;18.75;81.75;36.0;3.52;12.29;14.48;304.04;290.72;2.31;95120.0;61.0;61.0;47.0;4473.0;1002.35;859.36;4.0;1.0;0;1.0;0;0;1.0;0;0;0;0;0;1.0;1.0;0;0;0;0;0
286954;1.43;0.94;60.0;3130.0;18.75;81.75;36.0;3.52;12.37;14.58;304.76;258.61;2.31;95120.0;61.0;60.0;47.0;4504.0;1002.31;859.36;4.0;1.0;0;1.0;0;0;1.0;0;0;0;0;0;1.0;1.0;0;0;0;0;0
287464;1.54;0.92;60.0;3133.0;18.75;81.75;36.0;4.31;13.65;14.58;243.57;278.16;2.31;95120.0;60.0;60.0;47.0;4499.0;1002.31;820.30;4.0;1.0;0;1.0;0;0;1.0;0;0;0;0;0;1.0;1.0;0;0;0;0;0
287984;1.99;0.89;60.0;3148.0;18.75;81.75;36.75;6.27;18.20;14.58;304.27;321.46;2.31;95120.0;61.0;61.0;47.0;4503.0;1002.35;644.52;4.0;1.0;0;1.0;0;0;1.0;0;0;0;0;0;1.0;1.0;0;0;0;0;0
288544;1.88;0.86;61.0;3210.0;18.75;81.75;36.75;6.27;18.02;14.48;329.10;327.16;2.31;95120.0;61.0;62.0;47.0;4503.0;1002.43;97.65;4.0;1.0;0;1.0;0;0;1.0;0;0;0;0;0;1.0;1.0;0;0;0;0;0
289054;1.67;1.00;62.0;3237.0;18.75;81.75;36.75;4.31;13.73;14.58;340.99;340.99;2.31;95120.0;62.0;62.0;47.0;4529.0;1002.35;878.89;4.0;1.0;0;1.0;0;0;1.0;0;0;0;0;0;1.0;1.0;0;0;0;0;0
289574;1.6;0.98;61.0;3187.0;18.75;81.75;36.75;4.31;13.47;14.39;344.72;344.58;2.31;95120.0;62.0;62.0;47.0;4515.0;1002.39;898.42;4.0;1.0;0;1.0;0;0;1.0;0;0;0;0;0;1.0;1.0;0;0;0;0;0
290084;1.56;0.96;62.0;3244.0;18.75;81.75;37.5;3.92;13.35;14.58;348.61;347.57;2.31;95120.0;62.0;62.0;47.0;4508.0;1002.35;878.89;4.0;1.0;0;1.0;0;0;1.0;0;0;0;0;0;1.0;1.0;0;0;0;0;0
290594;1.50;0.93;62.0;3207.0;18.75;81.75;36.75;3.92;13.27;14.48;346.16;344.86;2.31;95120.0;62.0;62.0;47.0;4515.0;1002.43;859.36;4.0;1.0;0;1.0;0;0;1.0;0;0;0;0;0;1.0;1.0;0;0;0;0;0
291113;1.53;0.91;62.0;3236.0;18.75;81.75;37.5;4.31;13.35;14.48;326.69;328.90;2.31;95120.0;62.0;62.0;47.0;4504.0;1002.47;820.30;4.0;1.0;0;1.0;0;0;1.0;0;0;0;0;0;1.0;1.0;0;0;0;0;0
291654;0.49;1.00;62.0;3096.0;18.75;81.75;28.5;0;12.83;14.48;316.95;327.20;2.31;95120.0;62.0;62.0;47.0;4570.0;1002.51;332.02;4.0;1.0;0;1.0;0;0;1.0;0;0;0;0;0;1.0;1.0;0;0;0;0;0
292164;1.42;1.00;62.0;2820.0;18.75;81.75;31.5;2.74;11.46;14.48;344.56;347.26;2.31;95120.0;62.0;62.0;47.0;4242.0;1002.55;878.89;5.0;1.0;0;1.0;0;0;1.0;0;0;0;0;0;1.0;1.0;0;0;0;0;0
292724;1.39;0.99;61.0;2857.0;18.75;81.75;32.25;2.74;11.38;14.39;299.39;308.98;2.31;95120.0;61.0;62.0;47.0;4361.0;1002.59;878.89;5.0;1.0;0;1.0;0;0;1.0;0;0;0;0;0;1.0;1.0;0;0;0;0;0
293284;1.34;0.97;61.0;2821.0;18.75;81.75;30.75;2.74;11.34;14.58;324.51;315.54;2.31;95120.0;61.0;61.0;47.0;4459.0;1002.51;878.89;5.0;1.0;0;1.0;0;0;1.0;0;0;0;0;0;1.0;1.0;0;0;0;0;0
293894;1.32;0.95;61.0;2794.0;18.75;81.75;30.75;2.74;11.45;14.58;345.87;322.44;2.31;95120.0;61.0;61.0;47.0;4510.0;1002.55;839.83;5.0;1.0;0;1.0;0;0;1.0;0;0;0;0;0;1.0;1.0;0;0;0;0;0
294404;1.28;0.93;60.0;2811.0;18.75;81.75;31.5;2.74;11.50;14.58;352.77;342.67;2.31;95120.0;60.0;60.0;47.0;4508.0;1002.59;839.83;5.0;1.0;0;1.0;0;0;1.0;0;0;0;0;0;1.0;1.0;0;0;0;0;0
294924;1.40;0.92;60.0;2753.0;18.75;81.75;30.75;3.13;12.63;14.58;350.13;349.62;2.31;95120.0;60.0;60.0;47.0;4506.0;1002.59;703.11;5.0;1.0;0;1.0;0;0;1.0;0;0;0;0;0;1.0;1.0;0;0;0;0;0
295434;1.68;0.91;60.0;2762.0;18.75;81.75;29.25;4.31;15.16;14.48;351.01;347.92;2.31;95120.0;60.0;60.0;47.0;4496.0;1002.59;58.59;5.0;1.0;0;1.0;0;0;1.0;0;0;0;0;0;1.0;1.0;0;0;0;0;0
295944;1.79;0.93;60.0;2767.0;18.75;81.75;30.75;4.70;15.64;14.48;312.16;356.14;2.31;95120.0;60.0;60.0;47.0;4506.0;1002.63;117.18;5.0;1.0;0;1.0;0;0;1.0;0;0;0;0;0;1.0;1.0;0;0;0;0;0
296463;1.77;0.96;60.0;2801.0;18.75;81.75;30.75;4.70;15.18;14.48;321.60;356.73;2.31;95120.0;60.0;60.0;47.0;4512.0;1002.63;878.89;5.0;1.0;0;1.0;0;0;1.0;0;0;0;0;0;1.0;1.0;0;0;0;0;0
296984;1.78;0.93;61.0;2805.0;18.75;81.75;31.5;4.70;15.56;14.48;317.34;332.01;2.31;95120.0;61.0;61.0;47.0;4512.0;1002.63;859.36;5.0;1.0;0;1.0;0;0;1.0;0;0;0;0;0;1.0;1.0;0;0;0;0;0
297494;2.04;0.90;61.0;2830.0;18.75;81.75;31.5;5.88;18.54;14.58;305.39;320.01;2.31;95120.0;61.0;61.0;47.0;4508.0;1002.63;449.21;5.0;1.0;0;1.0;0;0;1.0;0;0;0;0;0;1.0;1.0;0;0;0;0;0
298004;2.08;0.91;62.0;2885.0;18.75;81.75;32.25;6.27;18.58;14.48;310.83;326.65;2.31;95120.0;62.0;62.0;47.0;4520.0;1002.63;58.59;5.0;1.0;0;1.0;0;0;1.0;0;0;0;0;0;1.0;1.0;0;0;0;0;0
298514;2.14;0.94;62.0;2896.0;18.75;81.75;32.25;5.88;18.58;14.48;284.92;294.29;2.31;95120.0;63.0;63.0;47.0;4523.0;1002.63;859.36;5.0;1.0;0;1.0;0;0;1.0;0;0;0;0;0;1.0;1.0;0;0;0;0;0
299034;2.06;0.90;63.0;2918.0;18.75;81.75;33.0;6.27;18.56;14.58;230.88;247.99;2.31;95120.0;63.0;64.0;47.0;4524.0;1002.63;605.46;5.0;1.0;0;1.0;0;0;1.0;0;0;0;0;0;1.0;1.0;0;0;0;0;0
299544;2.03;0.90;63.0;2962.0;18.75;81.75;33.75;6.27;18.55;14.58;293.36;303.02;2.31;95120.0;64.0;64.0;47.0;4517.0;1002.63;58.59;5.0;1.0;0;1.0;0;0;1.0;0;0;0;0;0;1.0;1.0;0;0;0;0;0
300064;2.10;0.94;65.0;2989.0;18.75;81.75;33.75;6.27;18.51;14.58;321.36;316.13;2.31;95120.0;64.0;65.0;47.0;4514.0;1002.63;859.36;5.0;1.0;0;1.0;0;0;1.0;0;0;0;0;0;1.0;1.0;0;0;0;0;0
300624;2.06;0.91;65.0;3021.0;18.75;81.75;34.5;6.27;18.51;14.58;345.44;343.12;2.31;95120.0;65.0;66.0;47.0;4515.0;1002.63;781.24;5.0;1.0;0;1.0;0;0;1.0;0;0;0;0;0;1.0;1.0;0;0;0;0;0
301234;1.99;0.89;66.0;3041.0;18.75;81.75;34.5;6.27;18.38;14.58;301.93;317.67;2.31;95120.0;66.0;66.0;47.0;4514.0;1002.63;78.12;5.0;1.0;0;1.0;0;0;1.0;0;0;0;0;0;1.0;1.0;0;0;0;0;0
301744;2.08;0.93;66.0;3090.0;18.75;81.75;35.25;6.27;18.28;14.48;232.21;303.22;2.31;95120.0;67.0;67.0;47.0;4516.0;1002.63;839.83;5.0;1.0;0;1.0;0;0;1.0;0;0;0;0;0;1.0;1.0;0;0;0;0;0
302254;2.68;0.91;67.0;3123.0;18.75;81.75;34.5;8.23;21.45;14.48;230.27;280.25;2.31;95120.0;67.0;68.0;47.0;4488.0;1002.63;878.89;5.0;1.0;0;1.0;0;0;1.0;0;0;0;0;0;1.0;1.0;0;0;0;0;0
302774;2.78;0.96;68.0;3180.0;18.75;81.75;33.75;9.41;23.15;14.48;253.28;293.55;2.31;95120.0;69.0;69.0;47.0;4516.0;1002.63;839.83;5.0;1.0;0;1.0;0;0;1.0;0;0;0;0;0;1.0;1.0;0;0;0;0;0
303284;2.56;0.90;70.0;3245.0;18.75;81.75;33.75;9.02;22.69;14.58;257.34;313.49;2.31;95120.0;69.0;70.0;47.0;4523.0;1002.63;624.99;5.0;1.0;0;1.0;0;0;1.0;0;0;0;0;0;1.0;1.0;0;0;0;0;0
303804;2.54;0.91;71.0;3272.0;18.75;81.75;33.75;9.02;22.49;14.58;246.99;313.14;2.31;95120.0;71.0;71.0;47.0;4522.0;1002.63;312.49;5.0;1.0;0;1.0;0;0;1.0;0;0;0;0;0;1.0;1.0;0;0;0;0;0
304314;2.70;0.95;72.0;3323.0;18.75;81.75;34.5;9.41;22.56;14.48;230.55;280.76;2.31;95120.0;72.0;72.0;47.0;4508.0;1002.63;839.83;5.0;1.0;0;1.0;0;0;1.0;0;0;0;0;0;1.0;1.0;0;0;0;0;0
304824;2.03;0.99;73.0;3370.0;18.75;81.75;39.0;5.88;17.68;14.58;213.44;267.07;2.31;95120.0;73.0;73.0;47.0;4533.0;1002.63;878.89;5.0;1.0;0;1.0;0;0;1.0;0;0;0;0;0;1.0;1.0;0;0;0;0;0
305344;1.19;0.99;72.0;3343.0;18.75;81.75;38.25;2.74;10.12;14.48;289.57;248.81;2.31;95120.0;73.0;73.0;47.0;4523.0;1002.63;898.42;5.0;1.0;0;1.0;0;0;1.0;0;0;0;0;0;1.0;1.0;0;0;0;0;0
305854;2.26;0.95;72.0;3374.0;18.75;81.75;38.25;6.66;19.15;14.48;322.42;272.05;2.31;95120.0;73.0;73.0;47.0;4495.0;1002.63;859.36;5.0;1.0;0;1.0;0;0;1.0;0;0;0;0;0;1.0;1.0;0;0;0;0;0
306374;2.14;0.91;73.0;3374.0;18.75;81.75;38.25;6.66;19.15;14.48;346.59;317.44;2.31;95120.0;73.0;73.0;47.0;4514.0;1002.63;859.36;5.0;1.0;0;1.0;0;0;1.0;0;0;0;0;0;1.0;1.0;0;0;0;0;0
306884;1.96;0.86;73.0;3419.0;18.75;81.75;38.25;6.66;18.75;14.48;352.88;335.23;2.31;95120.0;74.0;74.0;47.0;4520.0;1002.63;761.70;5.0;1.0;0;1.0;0;0;1.0;0;0;0;0;0;1.0;1.0;0;0;0;0;0
307394;1.92;0.85;73.0;3394.0;18.75;81.75;39.0;6.27;18.20;14.48;346.91;347.79;2.31;95120.0;74.0;74.0;47.0;4513.0;1002.63;58.59;5.0;1.0;0;1.0;0;0;1.0;0;0;0;0;0;1.0;1.0;0;0;0;0;0
307915;2.56;0.90;75.0;3440.0;18.75;81.75;36.0;9.02;22.02;14.48;337.16;357.00;2.31;95120.0;74.0;75.0;47.0;4506.0;1002.63;820.30;5.0;1.0;0;1.0;0;0;1.0;0;0;0;0;0;1.0;1.0;0;0;0;0;0
308423;2.14;1.00;75.0;3474.0;18.75;81.75;39.75;6.27;17.77;14.48;343.66;353.64;2.31;95120.0;76.0;76.0;47.0;4520.0;1002.63;898.42;5.0;1.0;0;1.0;0;0;1.0;0;0;0;0;0;1.0;1.0;0;0;0;0;0
308944;1.98;0.98;76.0;3515.0;18.75;81.75;40.5;5.88;16.51;14.48;343.55;346.73;2.31;95120.0;76.0;76.0;47.0;4521.0;1002.63;898.42;5.0;1.0;0;1.0;0;0;1.0;0;0;0;0;0;1.0;1.0;0;0;0;0;0
309454;1.84;0.94;76.0;3496.0;18.75;81.75;39.75;5.49;15.82;14.48;324.62;205.37;2.31;95120.0;76.0;76.0;47.0;4519.0;1002.63;878.89;5.0;1.0;0;1.0;0;0;1.0;0;0;0;0;0;1.0;1.0;0;0;0;0;0
309973;1.84;0.90;76.0;3494.0;18.75;81.75;39.75;5.88;16.61;14.48;338.08;186.51;2.31;95120.0;76.0;76.0;47.0;4514.0;1002.63;859.36;5.0;1.0;0;1.0;0;0;1.0;0;0;0;0;0;1.0;1.0;0;0;0;0;0
310486;1.77;0.86;76.0;3528.0;18.75;81.75;39.75;5.88;16.72;14.58;231.89;144.34;2.31;95120.0;76.0;76.0;47.0;4509.0;1002.63;820.30;5.0;1.0;0;1.0;0;0;1.0;0;0;0;0;0;1.0;1.0;0;0;0;0;0
310994;1.67;0.82;76.0;3528.0;18.75;81.75;39.75;5.88;16.39;14.48;261.52;223.26;2.31;95120.0;76.0;77.0;47.0;4513.0;1002.63;624.99;5.0;1.0;0;1.0;0;0;1.0;0;0;0;0;0;1.0;1.0;0;0;0;0;0
311564;1.63;0.83;76.0;3496.0;18.75;81.75;40.5;5.49;16.21;14.58;280.04;288.37;2.31;95120.0;76.0;76.0;47.0;4514.0;1002.63;78.12;5.0;1.0;0;1.0;0;0;1.0;0;0;0;0;0;1.0;1.0;0;0;0;0;0
312124;1.48;0.85;76.0;3521.0;18.75;81.75;39.75;4.70;14.04;14.48;332.18;328.59;2.31;95120.0;76.0;76.0;47.0;4523.0;1002.63;839.83;5.0;1.0;0;1.0;0;0;1.0;0;0;0;0;0;1.0;1.0;0;0;0;0;0
312684;1.43;0.82;76.0;3485.0;18.75;81.75;39.75;4.70;14.21;14.48;344.19;340.83;2.31;95120.0;76.0;76.0;47.0;4515.0;1002.70;136.71;5.0;1.0;0;1.0;0;0;1.0;0;0;0;0;0;1.0;1.0;0;0;0;0;0
313244;1.48;0.85;75.0;3495.0;18.75;81.75;39.75;4.70;14.24;14.48;352.84;340.89;2.31;95120.0;75.0;76.0;47.0;4512.0;1002.66;507.80;5.0;1.0;0;1.0;0;0;1.0;0;0;0;0;0;1.0;1.0;0;0;0;0;0
313753;1.49;0.86;75.0;3490.0;18.75;81.75;39.75;4.70;14.25;14.58;331.65;291.03;2.31;95120.0;75.0;75.0;47.0;4511.0;1002.74;820.30;5.0;1.0;0;1.0;0;0;1.0;0;0;0;0;0;1.0;1.0;0;0;0;0;0
314274;1.48;0.84;75.0;3460.0;18.75;81.75;39.75;4.70;14.31;14.48;251.03;232.56;2.31;95120.0;75.0;75.0;47.0;4513.0;1002.78;97.65;5.0;1.0;0;1.0;0;0;1.0;0;0;0;0;0;1.0;1.0;0;0;0;0;0
314784;1.78;0.87;75.0;3460.0;18.75;81.75;39.75;5.88;16.67;14.58;248.77;217.40;2.31;95120.0;75.0;75.0;47.0;4497.0;1002.78;761.70;5.0;1.0;0;1.0;0;0;1.0;0;0;0;0;0;1.0;1.0;0;0;0;0;0
315304;2.0;0.85;75.0;3472.0;18.75;81.75;39.0;6.66;19.01;14.48;165.98;242.58;2.31;95120.0;75.0;75.0;47.0;4514.0;1002.90;371.08;5.0;1.0;0;1.0;0;0;1.0;0;0;0;0;0;1.0;1.0;0;0;0;0;0
315814;2.06;0.87;75.0;3461.0;18.75;81.75;39.0;7.05;19.18;14.48;142.86;159.13;2.31;95120.0;75.0;75.0;47.0;4513.0;1002.90;195.31;5.0;1.0;0;1.0;0;0;1.0;0;0;0;0;0;1.0;1.0;0;0;0;0;0
316324;2.08;0.89;76.0;3508.0;18.75;81.75;39.0;6.66;18.77;14.58;109.77;171.41;2.31;95120.0;76.0;76.0;47.0;4519.0;1002.90;859.36;5.0;1.0;0;1.0;0;0;1.0;0;0;0;0;0;1.0;1.0;0;0;0;0;0
316844;1.88;0.84;76.0;3515.0;18.75;81.75;39.75;6.27;18.17;14.48;183.71;215.96;2.31;95120.0;76.0;76.0;47.0;4526.0;1002.98;507.80;5.0;1.0;0;1.0;0;0;1.0;0;0;0;0;0;1.0;1.0;0;0;0;0;0
317404;1.85;0.87;76.0;3510.0;18.75;81.75;40.5;6.27;17.37;14.48;291.99;282.91;2.31;95120.0;77.0;77.0;47.0;4512.0;1003.05;761.70;5.0;1.0;0;1.0;0;0;1.0;0;0;0;0;0;1.0;1.0;0;0;0;0;0
317914;1.56;0.87;76.0;3491.0;18.75;81.0;39.75;5.09;14.63;14.48;255.41;286.66;2.31;95120.0;76.0;77.0;48.0;4519.0;1003.09;859.36;5.0;1.0;0;1.0;0;0;1.0;0;0;0;0;0;1.0;1.0;0;0;0;0;0
318433;1.51;0.84;76.0;3506.0;18.75;81.0;39.75;5.09;14.43;14.58;122.12;137.06;2.31;95120.0;76.0;76.0;48.0;4511.0;1003.17;761.70;5.0;1.0;0;1.0;0;0;1.0;0;0;0;0;0;1.0;1.0;0;0;0;0;0
318944;1.46;0.81;76.0;3497.0;18.75;81.0;39.75;5.09;14.61;14.48;58.33;72.86;2.31;95120.0;76.0;76.0;48.0;4524.0;1003.25;97.65;5.0;1.0;0;1.0;0;0;1.0;0;0;0;0;0;1.0;1.0;0;0;0;0;0
319464;1.99;0.84;75.0;3435.0;18.75;81.0;39.0;6.66;18.75;14.48;24.29;29.64;2.31;95120.0;75.0;76.0;48.0;4501.0;1003.25;39.06;5.0;1.0;0;1.0;0;0;1.0;0;0;0;0;0;1.0;1.0;0;0;0;0;0
319975;2.14;0.89;76.0;3489.0;18.75;81.0;39.0;7.05;19.36;14.48;11.54;15.48;2.31;95120.0;76.0;76.0;48.0;4505.0;1003.21;859.36;5.0;1.0;0;1.0;0;0;1.0;0;0;0;0;0;1.0;1.0;0;0;0;0;0
320494;2.2;0.87;76.0;3542.0;18.75;81.0;38.25;7.84;20.23;14.58;5.15;7.30;2.31;95120.0;76.0;77.0;48.0;4509.0;1003.25;781.24;5.0;1.0;0;1.0;0;0;1.0;0;0;0;0;0;1.0;1.0;0;0;0;0;0
321004;2.16;0.86;77.0;3547.0;18.75;81.0;39.0;7.84;20.23;14.48;2.24;3.20;2.31;95120.0;77.0;77.0;48.0;4510.0;1003.21;78.12;5.0;1.0;0;1.0;0;0;1.0;0;0;0;0;0;1.0;1.0;0;0;0;0;0
321524;2.29;0.91;77.0;3562.0;18.75;81.0;39.0;7.84;20.17;14.48;0.99;5.27;2.31;95120.0;77.0;78.0;48.0;4508.0;1003.37;820.30;5.0;1.0;0;1.0;0;0;1.0;0;0;0;0;0;1.0;1.0;0;0;0;0;0
322033;1.76;0.89;77.0;3618.0;18.75;81.0;41.25;5.88;16.25;14.48;0.33;3.39;2.31;95120.0;78.0;78.0;48.0;4515.0;1003.48;839.83;5.0;1.0;0;1.0;0;0;1.0;0;0;0;0;0;1.0;1.0;0;0;0;0;0
322553;1.76;0.85;78.0;3627.0;18.75;81.0;41.25;5.88;16.81;14.58;0.03;1.42;2.31;95120.0;78.0;79.0;48.0;4514.0;1003.56;644.52;5.0;1.0;0;1.0;0;0;1.0;0;0;0;0;0;1.0;1.0;0;0;0;0;0
323113;1.81;0.85;78.0;3590.0;18.75;81.0;40.5;6.27;17.25;14.48;0;5.85;2.31;95120.0;78.0;78.0;48.0;4522.0;1003.68;703.11;5.0;1.0;0;1.0;0;0;1.0;0;0;0;0;0;1.0;1.0;0;0;0;0;0
323635;1.81;0.86;78.0;3603.0;18.75;81.0;41.25;6.27;17.04;14.48;0;10.44;2.31;95120.0;79.0;79.0;48.0;4504.0;1003.72;742.17;5.0;1.0;0;1.0;0;0;1.0;0;0;0;0;0;1.0;1.0;0;0;0;0;0
324214;1.95;0.86;78.0;3629.0;18.75;81.0;41.25;6.66;18.29;14.48;0;6.01;2.31;95120.0;79.0;79.0;48.0;4507.0;1003.76;78.12;5.0;1.0;0;1.0;0;0;1.0;0;0;0;0;0;1.0;1.0;0;0;0;0;0
324723;2.07;0.90;78.0;3637.0;18.75;81.0;40.5;7.05;18.48;14.48;0;2.61;2.31;95120.0;79.0;79.0;48.0;4507.0;1003.80;800.77;5.0;1.0;0;1.0;0;0;1.0;0;0;0;0;0;1.0;1.0;0;0;0;0;0
325233;1.83;0.84;78.0;3648.0;18.75;81.0;41.25;6.27;17.51;14.48;0;1.07;2.31;95120.0;79.0;79.0;48.0;4520.0;1003.76;527.33;5.0;1.0;0;1.0;0;0;1.0;0;0;0;0;0;1.0;1.0;0;0;0;0;0
325753;1.72;0.85;78.0;3631.0;18.75;81.0;41.25;5.88;16.47;14.58;2.32;0.35;2.31;95120.0;79.0;79.0;48.0;4505.0;1003.80;820.30;5.0;1.0;0;1.0;0;0;1.0;0;0;0;0;0;1.0;1.0;0;0;0;0;0
326263;2.13;0.82;80.0;3665.0;18.75;81.0;39.0;8.23;20.73;14.48;0.78;0;2.31;95120.0;79.0;80.0;48.0;4518.0;1003.76;39.06;5.0;1.0;0;1.0;0;0;1.0;0;0;0;0;0;1.0;1.0;0;0;0;0;0
326824;2.68;1.00;78.0;3201.0;18.75;81.0;19.5;6.27;15.98;14.58;0.27;0;2.31;95120.0;79.0;79.0;48.0;4508.0;1003.80;898.42;6.0;1.0;0;1.0;0;0;1.0;0;0;0;0;0;1.0;1.0;0;0;0;0;0
327343;2.32;0.96;80.0;3376.0;18.75;81.0;30.75;7.05;18.74;14.58;0;0;2.31;95120.0;79.0;80.0;48.0;4483.0;1003.80;878.89;6.0;1.0;0;1.0;0;0;1.0;0;0;0;0;0;1.0;1.0;0;0;0;0;0
327853;2.19;0.91;80.0;3392.0;18.75;81.0;38.25;7.05;19.39;14.48;0;0.89;2.31;95120.0;80.0;80.0;48.0;4505.0;1003.84;839.83;6.0;1.0;0;1.0;0;0;1.0;0;0;0;0;0;1.0;1.0;0;0;0;0;0
328374;2.08;0.87;80.0;3387.0;18.75;81.0;38.25;7.05;19.42;14.48;0;0.33;2.31;95120.0;80.0;80.0;48.0;4519.0;1003.80;644.52;6.0;1.0;0;1.0;0;0;1.0;0;0;0;0;0;1.0;1.0;0;0;0;0;0
328883;2.08;0.86;81.0;3406.0;18.75;81.0;37.5;7.05;19.44;14.48;2.08;1.44;2.31;95120.0;80.0;81.0;48.0;4515.0;1003.80;58.59;6.0;1.0;0;1.0;0;0;1.0;0;0;0;0;0;1.0;1.0;0;0;0;0;0
329403;2.2;0.91;81.0;3417.0;18.75;81.0;38.25;7.05;19.54;14.58;0.89;0.56;2.31;95120.0;81.0;81.0;48.0;4509.0;1003.84;839.83;6.0;1.0;0;1.0;0;0;1.0;0;0;0;0;0;1.0;1.0;0;0;0;0;0
329913;1.86;0.86;81.0;3448.0;18.75;81.0;39.0;6.27;17.91;14.58;1.69;0.19;2.31;95120.0;81.0;81.0;48.0;4525.0;1003.84;410.15;6.0;1.0;0;1.0;0;0;1.0;0;0;0;0;0;1.0;1.0;0;0;0;0;0
330434;1.90;0.88;81.0;3418.0;18.75;81.0;39.75;6.27;17.61;14.58;2.77;1.19;2.31;95120.0;80.0;81.0;48.0;4507.0;1003.84;781.24;6.0;1.0;0;1.0;0;0;1.0;0;0;0;0;0;1.0;1.0;0;0;0;0;0
330943;1.87;0.85;81.0;3452.0;18.75;81.0;39.75;6.27;17.90;14.48;1.01;2.01;2.31;95120.0;81.0;81.0;48.0;4515.0;1003.80;78.12;6.0;1.0;0;1.0;0;0;1.0;0;0;0;0;0;1.0;1.0;0;0;0;0;0
331463;2.29;0.89;81.0;3463.0;18.75;81.0;37.5;7.84;20.35;14.48;2.94;0.82;2.31;95120.0;81.0;82.0;48.0;4500.0;1003.84;742.17;6.0;1.0;0;1.0;0;0;1.0;0;0;0;0;0;1.0;1.0;0;0;0;0;0
332043;2.30;0.88;81.0;3451.0;18.75;81.0;37.5;8.23;21.04;14.48;3.04;1.46;2.31;95120.0;82.0;82.0;48.0;4512.0;1003.76;58.59;6.0;1.0;0;1.0;0;0;1.0;0;0;0;0;0;1.0;1.0;0;0;0;0;0
332554;2.29;0.92;82.0;3462.0;18.75;81.0;38.25;7.45;20.01;14.58;1.11;0.44;2.31;95120.0;82.0;82.0;48.0;4513.0;1003.80;839.83;6.0;1.0;0;1.0;0;0;1.0;0;0;0;0;0;1.0;1.0;0;0;0;0;0
333073;1.91;0.87;82.0;3497.0;18.75;81.0;39.75;6.27;17.77;14.48;0.39;0.13;2.31;95120.0;82.0;82.0;48.0;4524.0;1003.84;781.24;6.0;1.0;0;1.0;0;0;1.0;0;0;0;0;0;1.0;1.0;0;0;0;0;0
333583;1.80;0.85;82.0;3456.0;18.75;81.0;39.75;5.88;17.24;14.48;0.09;0;2.31;95120.0;82.0;82.0;48.0;4510.0;1003.84;117.18;6.0;1.0;0;1.0;0;0;1.0;0;0;0;0;0;1.0;1.0;0;0;0;0;0
334113;1.78;0.87;82.0;3474.0;18.75;81.0;39.75;5.88;16.72;14.48;1.46;0;2.31;95121.0;82.0;82.0;48.0;4511.0;1003.84;820.30;6.0;1.0;0;1.0;0;0;1.0;0;0;0;0;0;1.0;1.0;0;0;0;0;0
334613;1.69;0.83;81.0;3504.0;18.75;81.0;39.75;5.88;16.63;14.48;0.60;0;2.31;95121.0;81.0;82.0;48.0;4509.0;1003.88;97.65;6.0;1.0;0;1.0;0;0;1.0;0;0;0;0;0;1.0;1.0;0;0;0;0;0
335133;1.80;0.87;81.0;3485.0;18.75;81.0;39.75;5.88;16.88;14.29;1.48;0;2.58;95121.0;81.0;82.0;48.0;4513.0;1003.88;136.71;6.0;1.0;0;1.0;0;0;1.0;0;0;0;0;0;1.0;1.0;0;0;0;0;0
335643;1.84;0.88;81.0;3477.0;18.75;81.0;39.75;5.88;16.91;14.39;2.61;1.07;2.31;95121.0;81.0;82.0;48.0;4512.0;1003.88;839.83;6.0;1.0;0;1.0;0;0;1.0;0;0;0;0;0;1.0;1.0;0;0;0;0;0
336163;1.76;0.84;81.0;3439.0;18.75;81.0;39.0;5.88;17.00;14.48;1.23;2.18;2.31;95121.0;80.0;81.0;48.0;4511.0;1003.88;214.84;6.0;1.0;0;1.0;0;0;1.0;0;0;0;0;0;1.0;1.0;0;0;0;0;0
336723;1.84;0.86;80.0;3403.0;18.75;81.0;39.0;5.88;17.07;14.48;2.10;0.95;2.31;95121.0;80.0;81.0;48.0;4509.0;1003.88;97.65;6.0;1.0;0;1.0;0;0;1.0;0;0;0;0;0;1.0;1.0;0;0;0;0;0
337233;2.04;0.89;80.0;3431.0;18.75;81.0;38.25;6.66;18.68;14.48;0.85;0.35;2.31;95121.0;80.0;81.0;48.0;4505.0;1003.88;839.83;6.0;1.0;0;1.0;0;0;1.0;0;0;0;0;0;1.0;1.0;0;0;0;0;0
337753;2.02;0.84;81.0;3436.0;18.75;81.0;37.5;7.05;19.40;14.48;0.25;0.01;2.31;95121.0;81.0;81.0;48.0;4510.0;1003.88;78.12;6.0;1.0;0;1.0;0;0;1.0;0;0;0;0;0;1.0;1.0;0;0;0;0;0
338263;2.09;0.88;80.0;3365.0;18.75;81.0;37.5;7.05;19.34;14.48;0;0;2.31;95121.0;80.0;80.0;48.0;4505.0;1003.88;273.43;6.0;1.0;0;1.0;0;0;1.0;0;0;0;0;0;1.0;1.0;0;0;0;0;0
338783;2.21;0.89;80.0;3391.0;18.75;81.0;37.5;7.45;20.15;14.48;0;1.75;2.31;95121.0;80.0;80.0;48.0;4514.0;1003.88;683.58;6.0;1.0;0;1.0;0;0;1.0;0;0;0;0;0;1.0;1.0;0;0;0;0;0
339294;2.03;0.86;81.0;3412.0;18.75;81.0;38.25;6.66;19.01;14.58;1.30;0.72;2.31;95121.0;81.0;81.0;48.0;4514.0;1003.88;97.65;6.0;1.0;0;1.0;0;0;1.0;0;0;0;0;0;1.0;1.0;0;0;0;0;0
339814;1.92;0.90;81.0;3414.0;18.75;81.0;39.0;5.88;17.40;14.48;2.28;0.27;2.31;95121.0;81.0;80.0;48.0;4518.0;1003.88;839.83;6.0;1.0;0;1.0;0;0;1.0;0;0;0;0;0;1.0;1.0;0;0;0;0;0
340323;1.84;0.86;80.0;3417.0;18.75;81.0;39.0;5.88;17.40;14.48;0.99;1.42;2.31;95121.0;80.0;80.0;48.0;4511.0;1003.88;722.64;6.0;1.0;0;1.0;0;0;1.0;0;0;0;0;0;1.0;1.0;0;0;0;0;0
340843;1.84;0.86;80.0;3391.0;18.75;81.0;39.0;5.88;17.48;14.58;0.35;0.54;2.31;95121.0;80.0;80.0;48.0;4512.0;1003.88;78.12;6.0;1.0;0;1.0;0;0;1.0;0;0;0;0;0;1.0;1.0;0;0;0;0;0
341353;2.2;0.90;80.0;3371.0;18.75;81.0;38.25;6.66;18.55;14.58;0.01;0.13;2.31;95121.0;79.0;80.0;48.0;4508.0;1003.88;859.36;6.0;1.0;0;1.0;0;0;1.0;0;0;0;0;0;1.0;1.0;0;0;0;0;0
341873;2.06;0.86;80.0;3355.0;18.75;81.0;37.5;7.05;19.34;14.58;1.07;1.75;2.31;95121.0;80.0;80.0;48.0;4504.0;1003.88;585.93;6.0;1.0;0;1.0;0;0;1.0;0;0;0;0;0;1.0;1.0;0;0;0;0;0
342383;2.08;0.87;80.0;3373.0;18.75;81.0;38.25;7.05;19.39;14.48;0.41;2.53;2.31;95121.0;80.0;80.0;48.0;4507.0;1003.88;97.65;6.0;1.0;0;1.0;0;0;1.0;0;0;0;0;0;1.0;1.0;0;0;0;0;0
342903;2.12;0.89;80.0;3358.0;18.75;81.75;38.25;6.66;19.18;14.58;16.62;9.94;2.31;95121.0;79.0;80.0;47.0;4511.0;1003.88;820.30;6.0;1.0;0;1.0;0;0;1.0;0;0;0;0;0;1.0;1.0;0;0;0;0;0
343414;1.91;0.85;80.0;3375.0;18.75;81.75;39.0;6.27;18.24;14.48;112.74;103.80;2.31;95121.0;79.0;80.0;47.0;4518.0;1003.88;175.77;6.0;1.0;0;1.0;0;0;1.0;0;0;0;0;0;1.0;1.0;0;0;0;0;0
343923;1.6;0.88;78.0;3341.0;18.75;81.75;39.0;5.09;14.95;14.58;141.80;88.17;2.31;95121.0;79.0;79.0;47.0;4515.0;1003.88;859.36;6.0;1.0;0;1.0;0;0;1.0;0;0;0;0;0;1.0;1.0;0;0;0;0;0
344443;1.54;0.87;78.0;3332.0;18.75;81.75;38.25;4.70;14.58;14.58;152.29;117.68;2.31;95121.0;78.0;79.0;47.0;4506.0;1003.88;644.52;6.0;1.0;0;1.0;0;0;1.0;0;0;0;0;0;1.0;1.0;0;0;0;0;0
344953;1.54;0.87;78.0;3344.0;18.75;81.75;38.25;4.70;14.37;14.39;189.49;121.78;2.31;95121.0;78.0;78.0;47.0;4517.0;1003.88;234.37;6.0;1.0;0;1.0;0;0;1.0;0;0;0;0;0;1.0;1.0;0;0;0;0;0
345474;1.59;0.89;77.0;3286.0;18.75;81.75;38.25;4.70;14.66;14.58;164.95;126.47;2.31;95121.0;78.0;78.0;47.0;4511.0;1003.88;839.83;6.0;1.0;0;1.0;0;0;1.0;0;0;0;0;0;1.0;1.0;0;0;0;0;0
345983;1.59;0.86;77.0;3280.0;18.75;81.75;38.25;5.09;15.04;14.29;204.55;212.21;2.58;95121.0;77.0;77.0;47.0;4507.0;1003.88;761.70;6.0;1.0;0;1.0;0;0;1.0;0;0;0;0;0;1.0;1.0;0;0;0;0;0
346503;1.11;0.84;77.0;3224.0;18.75;81.75;36.75;3.13;10.95;14.48;254.26;276.91;2.31;95121.0;77.0;77.0;47.0;4532.0;1003.88;449.21;6.0;1.0;0;1.0;0;0;1.0;0;0;0;0;0;1.0;1.0;0;0;0;0;0
347013;1.26;0.84;76.0;3160.0;18.75;81.75;36.75;3.52;12.32;14.48;281.25;314.43;2.31;95121.0;76.0;76.0;47.0;4520.0;1003.88;78.12;6.0;1.0;0;1.0;0;0;1.0;0;0;0;0;0;1.0;1.0;0;0;0;0;0
347533;1.39;0.86;76.0;3199.0;18.75;81.75;38.25;3.92;13.38;14.58;316.65;337.18;2.31;95121.0;76.0;76.0;47.0;4501.0;1003.88;39.06;6.0;1.0;0;1.0;0;0;1.0;0;0;0;0;0;1.0;1.0;0;0;0;0;0
348044;1.76;0.89;75.0;3200.0;18.75;81.75;36.75;5.49;16.15;14.58;333.86;348.10;2.31;95121.0;75.0;75.0;47.0;4498.0;1003.88;664.05;6.0;1.0;0;1.0;0;0;1.0;0;0;0;0;0;1.0;1.0;0;0;0;0;0
348563;2.26;0.90;75.0;3174.0;18.75;81.75;36.0;6.66;19.27;14.58;341.11;342.73;2.31;95121.0;75.0;75.0;47.0;4500.0;1003.88;781.24;6.0;1.0;0;1.0;0;0;1.0;0;0;0;0;0;1.0;1.0;0;0;0;0;0
349073;2.21;0.87;75.0;3211.0;18.75;81.75;35.25;7.45;20.45;14.58;344.91;316.34;2.31;95121.0;75.0;75.0;47.0;4522.0;1003.88;175.77;6.0;1.0;0;1.0;0;0;1.0;0;0;0;0;0;1.0;1.0;0;0;0;0;0
349593;2.30;0.90;76.0;3235.0;18.75;81.75;35.25;7.45;20.54;14.58;344.47;233.09;2.31;95121.0;76.0;76.0;47.0;4505.0;1003.88;253.90;6.0;1.0;0;1.0;0;0;1.0;0;0;0;0;0;1.0;1.0;0;0;0;0;0
350103;2.28;0.91;76.0;3232.0;18.75;81.75;36.0;7.05;20.01;14.58;328.04;226.29;2.31;95121.0;76.0;76.0;47.0;4517.0;1003.88;820.30;6.0;1.0;0;1.0;0;0;1.0;0;0;0;0;0;1.0;1.0;0;0;0;0;0
350623;2.16;0.87;76.0;3256.0;18.75;81.75;36.0;7.05;19.98;14.39;310.62;198.20;2.31;95121.0;76.0;77.0;47.0;4516.0;1003.88;214.84;6.0;1.0;0;1.0;0;0;1.0;0;0;0;0;0;1.0;1.0;0;0;0;0;0
351133;2.19;0.90;77.0;3275.0;18.75;81.75;36.0;7.05;19.74;14.58;238.63;193.60;2.31;95121.0;76.0;77.0;47.0;4514.0;1003.88;332.02;6.0;1.0;0;1.0;0;0;1.0;0;0;0;0;0;1.0;1.0;0;0;0;0;0
351693;2.2;0.91;77.0;3274.0;18.75;81.75;36.0;7.05;19.51;14.48;241.95;228.28;2.31;95121.0;77.0;77.0;47.0;4518.0;1003.88;800.77;6.0;1.0;0;1.0;0;0;1.0;0;0;0;0;0;1.0;1.0;0;0;0;0;0
352263;2.17;0.88;77.0;3297.0;18.75;81.75;36.75;7.05;20.01;14.48;276.93;299.86;2.31;95121.0;77.0;77.0;47.0;4513.0;1003.88;78.12;6.0;1.0;0;1.0;0;0;1.0;0;0;0;0;0;1.0;1.0;0;0;0;0;0
352774;2.32;0.93;77.0;3293.0;18.75;81.75;36.75;7.45;20.21;14.58;298.82;332.08;2.31;95121.0;78.0;78.0;47.0;4508.0;1003.88;839.83;6.0;1.0;0;1.0;0;0;1.0;0;0;0;0;0;1.0;1.0;0;0;0;0;0
353284;2.2;0.89;78.0;3332.0;18.75;81.75;36.75;7.05;19.98;14.48;315.13;328.16;2.31;95121.0;77.0;78.0;47.0;4518.0;1003.88;781.24;6.0;1.0;0;1.0;0;0;1.0;0;0;0;0;0;1.0;1.0;0;0;0;0;0
353804;1.77;0.84;78.0;3319.0;18.75;81.75;38.25;5.88;17.81;14.58;320.03;314.43;2.31;95121.0;78.0;78.0;47.0;4522.0;1003.88;78.12;6.0;1.0;0;1.0;0;0;1.0;0;0;0;0;0;1.0;1.0;0;0;0;0;0
354313;1.84;0.89;77.0;3315.0;18.75;81.75;38.25;5.88;16.98;14.48;351.34;334.19;2.31;95121.0;77.0;78.0;47.0;4520.0;1003.88;117.18;6.0;1.0;0;1.0;0;0;1.0;0;0;0;0;0;1.0;1.0;0;0;0;0;0
354834;1.87;0.90;77.0;3294.0;18.75;81.75;38.25;5.88;16.97;14.48;350.71;339.07;2.31;95121.0;77.0;78.0;47.0;4513.0;1003.88;839.83;6.0;1.0;0;1.0;0;0;1.0;0;0;0;0;0;1.0;1.0;0;0;0;0;0
355344;1.76;0.87;77.0;3309.0;18.75;81.75;37.5;5.49;16.49;14.48;345.93;344.70;2.31;95121.0;77.0;78.0;47.0;4511.0;1003.88;781.24;6.0;1.0;0;1.0;0;0;1.0;0;0;0;0;0;1.0;1.0;0;0;0;0;0
355914;1.80;0.85;77.0;3294.0;18.75;81.75;37.5;5.88;17.27;14.58;341.97;325.48;2.31;95121.0;78.0;78.0;47.0;4511.0;1003.88;58.59;6.0;1.0;0;1.0;0;0;1.0;0;0;0;0;0;1.0;1.0;0;0;0;0;0
356424;1.89;0.89;77.0;3259.0;18.75;81.75;37.5;5.88;17.32;14.39;291.81;323.94;2.31;95121.0;77.0;78.0;47.0;4515.0;1003.88;351.55;6.0;1.0;0;1.0;0;0;1.0;0;0;0;0;0;1.0;1.0;0;0;0;0;0
356946;1.89;0.90;77.0;3289.0;18.75;81.75;38.25;5.88;17.24;14.58;207.62;340.15;2.31;95121.0;77.0;77.0;47.0;4511.0;1003.88;859.36;6.0;1.0;0;1.0;0;0;1.0;0;0;0;0;0;1.0;1.0;0;0;0;0;0
357504;1.78;0.86;77.0;3295.0;18.75;81.75;38.25;5.88;16.97;14.48;277.42;247.75;2.31;95121.0;77.0;77.0;47.0;4522.0;1003.88;527.33;6.0;1.0;0;1.0;0;0;1.0;0;0;0;0;0;1.0;1.0;0;0;0;0;0
358014;1.58;0.86;77.0;3287.0;18.75;81.75;37.5;5.09;15.07;14.58;297.79;296.09;2.31;95121.0;77.0;77.0;47.0;4518.0;1003.88;683.58;6.0;1.0;0;1.0;0;0;1.0;0;0;0;0;0;1.0;1.0;0;0;0;0;0
358533;1.61;0.86;76.0;3260.0;18.75;81.75;37.5;5.09;15.38;14.48;340.52;333.49;2.31;95121.0;76.0;77.0;47.0;4515.0;1003.88;449.21;6.0;1.0;0;1.0;0;0;1.0;0;0;0;0;0;1.0;1.0;0;0;0;0;0
359043;1.67;0.86;76.0;3230.0;18.75;81.75;37.5;5.09;15.82;14.48;349.52;323.24;2.31;95121.0;76.0;76.0;47.0;4507.0;1003.88;820.30;6.0;1.0;0;1.0;0;0;1.0;0;0;0;0;0;1.0;1.0;0;0;0;0;0
359564;1.56;0.84;76.0;3238.0;18.75;81.75;37.5;5.09;15.24;14.48;352.20;314.55;2.31;95121.0;76.0;76.0;47.0;4511.0;1003.88;39.06;6.0;1.0;0;1.0;0;0;1.0;0;0;0;0;0;1.0;1.0;0;0;0;0;0
360073;1.79;0.88;75.0;3225.0;18.75;81.75;36.75;5.49;16.68;14.48;353.31;319.94;2.31;95121.0;76.0;76.0;47.0;4504.0;1003.88;78.12;6.0;1.0;0;1.0;0;0;1.0;0;0;0;0;0;1.0;1.0;0;0;0;0;0
360594;2.42;0.99;76.0;3214.0;18.75;81.75;36.0;6.66;19.52;14.58;351.07;316.83;2.31;95121.0;75.0;76.0;47.0;4497.0;1003.88;898.42;6.0;1.0;0;1.0;0;0;1.0;0;0;0;0;0;1.0;1.0;0;0;0;0;0
361105;1.24;0.95;76.0;3263.0;18.75;81.75;37.5;3.52;11.57;14.48;348.06;339.58;2.31;95121.0;76.0;76.0;47.0;4529.0;1003.88;898.42;6.0;1.0;0;1.0;0;0;1.0;0;0;0;0;0;1.0;1.0;0;0;0;0;0
361624;1.56;0.93;75.0;3182.0;18.75;81.75;36.75;4.31;13.91;14.29;316.56;331.46;2.58;95121.0;76.0;75.0;47.0;4524.0;1003.88;859.36;6.0;1.0;0;1.0;0;0;1.0;0;0;0;0;0;1.0;1.0;0;0;0;0;0
362204;2.00;0.89;75.0;3204.0;18.75;81.75;36.0;6.27;18.37;14.48;300.43;329.84;2.31;95121.0;75.0;75.0;47.0;4516.0;1003.88;722.64;6.0;1.0;0;1.0;0;0;1.0;0;0;0;0;0;1.0;1.0;0;0;0;0;0
362724;2.02;0.86;75.0;3192.0;18.75;81.75;36.0;6.27;18.98;14.48;318.33;309.76;2.31;95121.0;75.0;75.0;47.0;4508.0;1003.88;58.59;6.0;1.0;0;1.0;0;0;1.0;0;0;0;0;0;1.0;1.0;0;0;0;0;0
363234;2.04;0.91;76.0;3209.0;18.75;81.75;36.0;6.27;18.40;14.58;338.14;310.05;2.31;95121.0;76.0;76.0;47.0;4509.0;1003.88;781.24;6.0;1.0;0;1.0;0;0;1.0;0;0;0;0;0;1.0;1.0;0;0;0;0;0
363754;1.70;0.90;76.0;3193.0;18.75;81.75;36.75;5.09;15.58;14.48;352.37;341.48;2.31;95121.0;76.0;76.0;47.0;4505.0;1003.88;839.83;6.0;1.0;0;1.0;0;0;1.0;0;0;0;0;0;1.0;1.0;0;0;0;0;0
364264;1.62;0.86;75.0;3184.0;18.75;81.75;36.0;4.70;15.16;14.48;352.10;352.00;2.31;95121.0;74.0;75.0;47.0;4513.0;1003.88;800.77;6.0;1.0;0;1.0;0;0;1.0;0;0;0;0;0;1.0;1.0;0;0;0;0;0
364783;1.39;0.84;75.0;3173.0;18.75;81.75;36.0;4.31;13.45;14.58;352.00;344.11;2.31;95121.0;74.0;75.0;47.0;4518.0;1003.88;58.59;6.0;1.0;0;1.0;0;0;1.0;0;0;0;0;0;1.0;1.0;0;0;0;0;0
365294;1.6;0.87;73.0;3151.0;18.75;81.75;36.0;4.70;15.06;14.58;334.91;330.60;2.31;95121.0;74.0;74.0;47.0;4505.0;1003.88;78.12;6.0;1.0;0;1.0;0;0;1.0;0;0;0;0;0;1.0;1.0;0;0;0;0;0
365814;1.52;0.89;73.0;3145.0;18.75;81.75;36.0;4.31;13.95;14.48;351.11;338.47;2.31;95121.0;74.0;74.0;47.0;4517.0;1003.88;761.70;6.0;1.0;0;1.0;0;0;1.0;0;0;0;0;0;1.0;1.0;0;0;0;0;0
366324;1.28;0.89;72.0;3038.0;18.75;81.75;35.25;3.52;12.00;14.58;335.58;320.07;2.31;95121.0;73.0;73.0;47.0;4505.0;1003.88;742.17;6.0;1.0;0;1.0;0;0;1.0;0;0;0;0;0;1.0;1.0;0;0;0;0;0
366843;1.29;0.87;72.0;3046.0;18.75;81.75;35.25;3.52;12.27;14.48;347.73;324.27;2.31;95121.0;72.0;72.0;47.0;4519.0;1003.88;468.74;6.0;1.0;0;1.0;0;0;1.0;0;0;0;0;0;1.0;1.0;0;0;0;0;0
367363;1.56;0.88;72.0;3032.0;18.75;81.75;34.5;4.70;14.53;14.58;246.19;246.01;2.31;95121.0;73.0;71.0;47.0;4496.0;1003.88;58.59;6.0;1.0;0;1.0;0;0;1.0;0;0;0;0;0;1.0;1.0;0;0;0;0;0
367934;1.85;0.91;71.0;3034.0;18.75;81.75;34.5;5.49;16.66;14.48;298.35;305.23;2.31;95121.0;72.0;71.0;47.0;4502.0;1003.88;78.12;6.0;1.0;0;1.0;0;0;1.0;0;0;0;0;0;1.0;1.0;0;0;0;0;0
368483;1.92;0.94;71.0;3002.0;18.75;81.75;34.5;5.49;16.70;14.29;181.33;177.33;2.58;95121.0;71.0;71.0;47.0;4528.0;1003.91;839.83;6.0;1.0;0;1.0;0;0;1.0;0;0;0;0;0;1.0;1.0;0;0;0;0;0
369044;2.13;0.90;71.0;3018.0;18.75;81.75;34.5;6.66;19.37;14.48;150.02;152.86;2.31;95121.0;71.0;71.0;47.0;4509.0;1003.91;332.02;6.0;1.0;0;1.0;0;0;1.0;0;0;0;0;0;1.0;1.0;0;0;0;0;0
369563;2.11;0.89;72.0;3054.0;18.75;81.75;34.5;6.66;19.25;14.58;267.65;273.94;2.31;95121.0;71.0;72.0;47.0;4510.0;1003.91;800.77;6.0;1.0;0;1.0;0;0;1.0;0;0;0;0;0;1.0;1.0;0;0;0;0;0
370075;2.03;0.89;72.0;3073.0;18.75;81.75;34.5;6.27;18.64;14.29;313.94;311.93;2.58;95121.0;72.0;72.0;47.0;4518.0;1003.91;546.86;6.0;1.0;0;1.0;0;0;1.0;0;0;0;0;0;1.0;1.0;0;0;0;0;0
370593;1.80;0.89;71.0;3056.0;18.75;81.75;34.5;5.49;16.59;14.58;322.73;336.05;2.31;95121.0;71.0;72.0;47.0;4512.0;1003.91;800.77;6.0;1.0;0;1.0;0;0;1.0;0;0;0;0;0;1.0;1.0;0;0;0;0;0
371104;1.61;0.87;71.0;3064.0;18.75;81.75;34.5;4.70;15.13;14.48;326.89;313.67;2.31;95121.0;72.0;72.0;47.0;4515.0;1003.91;332.02;6.0;1.0;0;1.0;0;0;1.0;0;0;0;0;0;1.0;1.0;0;0;0;0;0
371663;1.59;0.89;71.0;3022.0;18.75;81.75;34.5;4.31;14.64;14.58;257.11;237.40;2.31;95121.0;71.0;72.0;47.0;4509.0;1003.91;820.30;6.0;1.0;0;1.0;0;0;1.0;0;0;0;0;0;1.0;1.0;0;0;0;0;0
372183;1.56;0.87;71.0;3016.0;18.75;81.75;34.5;4.31;14.61;14.58;317.49;294.72;2.31;95121.0;71.0;71.0;47.0;4508.0;1003.91;214.84;6.0;1.0;0;1.0;0;0;1.0;0;0;0;0;0;1.0;1.0;0;0;0;0;0
372693;2.09;0.90;71.0;3024.0;18.75;81.75;34.5;6.27;19.07;14.48;339.97;329.82;2.31;95121.0;71.0;71.0;47.0;4506.0;1003.91;78.12;6.0;1.0;0;1.0;0;0;1.0;0;0;0;0;0;1.0;1.0;0;0;0;0;0
373213;2.48;0.94;71.0;3050.0;18.75;81.75;34.5;7.84;21.50;14.58;253.16;247.46;2.31;95121.0;71.0;71.0;47.0;4505.0;1003.91;839.83;6.0;1.0;0;1.0;0;0;1.0;0;0;0;0;0;1.0;1.0;0;0;0;0;0
373723;2.00;0.90;72.0;3069.0;18.75;81.75;34.5;6.27;18.34;14.48;258.59;248.61;2.31;95121.0;72.0;72.0;47.0;4512.0;1003.91;585.93;6.0;1.0;0;1.0;0;0;1.0;0;0;0;0;0;1.0;1.0;0;0;0;0;0
374243;2.12;0.90;72.0;3047.0;18.75;81.75;34.5;6.66;19.24;14.58;239.32;212.11;2.31;95121.0;72.0;72.0;47.0;4515.0;1003.91;351.55;6.0;1.0;0;1.0;0;0;1.0;0;0;0;0;0;1.0;1.0;0;0;0;0;0
374754;2.21;0.90;72.0;3079.0;18.75;81.75;34.5;7.05;19.99;14.48;244.22;202.50;2.31;95121.0;73.0;72.0;47.0;4512.0;1003.91;781.24;6.0;1.0;0;1.0;0;0;1.0;0;0;0;0;0;1.0;1.0;0;0;0;0;0
375273;2.10;0.85;72.0;3092.0;18.75;81.75;35.25;7.05;19.91;14.48;304.31;269.37;2.31;95121.0;72.0;73.0;47.0;4512.0;1003.91;39.06;6.0;1.0;0;1.0;0;0;1.0;0;0;0;0;0;1.0;1.0;0;0;0;0;0
375783;2.28;0.90;72.0;3108.0;18.75;81.75;34.5;7.45;20.38;14.48;329.43;313.84;2.31;95121.0;73.0;73.0;47.0;4509.0;1003.91;78.12;6.0;1.0;0;1.0;0;0;1.0;0;0;0;0;0;1.0;1.0;0;0;0;0;0
376303;2.23;0.95;73.0;3158.0;18.75;81.75;36.0;6.66;19.31;14.48;341.32;336.11;2.31;95121.0;74.0;74.0;47.0;4513.0;1003.91;859.36;6.0;1.0;0;1.0;0;0;1.0;0;0;0;0;0;1.0;1.0;0;0;0;0;0
376814;2.03;0.91;73.0;3153.0;18.75;81.75;36.0;6.27;18.52;14.48;346.40;313.08;2.31;95121.0;74.0;74.0;47.0;4522.0;1003.91;839.83;6.0;1.0;0;1.0;0;0;1.0;0;0;0;0;0;1.0;1.0;0;0;0;0;0
377334;1.97;0.87;73.0;3158.0;18.75;81.75;36.0;6.27;18.51;14.39;349.91;340.95;2.31;95121.0;74.0;74.0;47.0;4509.0;1003.91;214.84;6.0;1.0;0;1.0;0;0;1.0;0;0;0;0;0;1.0;1.0;0;0;0;0;0
377854;2.02;0.89;75.0;3175.0;18.75;81.75;36.0;6.27;18.47;14.48;348.84;261.72;2.31;95121.0;74.0;75.0;47.0;4512.0;1003.91;78.12;6.0;1.0;0;1.0;0;0;1.0;0;0;0;0;0;1.0;1.0;0;0;0;0;0
378363;1.88;0.93;75.0;3173.0;18.75;82.5;36.75;5.49;16.53;14.48;330.91;277.89;2.31;95121.0;75.0;75.0;47.0;4519.0;1003.91;859.36;6.0;1.0;0;1.0;0;0;1.0;0;0;0;0;0;1.0;1.0;0;0;0;0;0
378884;1.36;0.90;75.0;3192.0;18.75;82.5;36.75;3.92;12.72;14.48;277.03;275.66;2.31;95121.0;75.0;75.0;47.0;4527.0;1003.91;859.36;6.0;1.0;0;1.0;0;0;1.0;0;0;0;0;0;1.0;1.0;0;0;0;0;0
379394;1.34;0.88;73.0;3172.0;18.75;82.5;36.75;3.92;12.57;14.58;284.98;286.71;2.31;95121.0;74.0;74.0;47.0;4509.0;1003.91;839.83;6.0;1.0;0;1.0;0;0;1.0;0;0;0;0;0;1.0;1.0;0;0;0;0;0
379914;1.28;0.86;73.0;3144.0;18.75;82.5;36.0;3.52;12.32;14.48;274.98;292.52;2.31;95121.0;74.0;74.0;47.0;4519.0;1003.91;546.86;6.0;1.0;0;1.0;0;0;1.0;0;0;0;0;0;0;1.0;0;0;0;0;0
380424;1.30;0.86;72.0;3130.0;18.75;81.75;36.0;3.52;12.37;14.58;214.96;253.69;2.31;95121.0;73.0;73.0;47.0;4517.0;1004.03;78.12;6.0;1.0;0;1.0;0;0;1.0;0;0;0;0;0;1.0;1.0;0;0;0;0;0
380944;1.29;0.88;72.0;3116.0;18.75;81.75;35.25;3.52;12.12;14.58;263.75;287.91;2.31;95121.0;73.0;73.0;47.0;4511.0;1003.99;58.59;6.0;1.0;0;1.0;0;0;1.0;0;0;0;0;0;1.0;1.0;0;0;0;0;0
381464;1.32;0.90;72.0;3122.0;18.75;81.75;36.0;3.52;12.09;14.58;289.64;333.84;2.31;95122.0;72.0;73.0;47.0;4508.0;1004.03;722.64;6.0;1.0;0;1.0;0;0;1.0;0;0;0;0;0;1.0;1.0;0;0;0;0;0
382023;1.32;0.90;72.0;3073.0;18.75;81.75;35.25;3.52;12.23;14.48;332.14;349.54;2.31;95122.0;72.0;72.0;47.0;4517.0;1003.99;820.30;6.0;1.0;0;1.0;0;0;1.0;0;0;0;0;0;1.0;1.0;0;0;0;0;0
382533;1.32;0.89;72.0;3095.0;18.75;81.75;35.25;3.52;12.21;14.58;276.66;316.83;2.31;95122.0;72.0;72.0;47.0;4513.0;1004.03;839.83;6.0;1.0;0;1.0;0;0;1.0;0;0;0;0;0;1.0;1.0;0;0;0;0;0
383053;1.26;0.87;72.0;3033.0;18.75;81.75;34.5;3.52;12.03;14.29;317.47;332.43;2.58;95122.0;72.0;72.0;47.0;4531.0;1004.07;78.12;6.0;1.0;0;1.0;0;0;1.0;0;0;0;0;0;1.0;1.0;0;0;0;0;0
383563;1.28;0.89;71.0;3049.0;18.75;81.75;34.5;3.52;11.96;14.58;203.58;316.34;2.31;95122.0;72.0;72.0;47.0;4502.0;1004.23;39.06;6.0;1.0;0;1.0;0;0;1.0;0;0;0;0;0;1.0;1.0;0;0;0;0;0
384083;1.33;0.91;71.0;2994.0;18.75;81.75;34.5;3.52;12.18;14.48;201.53;251.89;2.31;95122.0;71.0;71.0;47.0;4518.0;1004.15;195.31;6.0;1.0;0;1.0;0;0;1.0;0;0;0;0;0;1.0;1.0;0;0;0;0;0
384643;1.39;0.93;71.0;3022.0;18.75;81.75;34.5;3.52;12.37;14.39;259.61;271.66;2.31;95122.0;71.0;71.0;47.0;4518.0;1004.34;859.36;6.0;1.0;0;1.0;0;0;1.0;0;0;0;0;0;1.0;1.0;0;0;0;0;0
385163;1.55;0.92;71.0;3005.0;18.75;81.75;34.5;3.92;13.62;14.58;167.17;172.60;2.31;95122.0;71.0;71.0;47.0;4509.0;1004.19;800.77;6.0;1.0;0;1.0;0;0;1.0;0;0;0;0;0;1.0;1.0;0;0;0;0;0
385673;1.53;0.90;71.0;3034.0;18.75;81.75;34.5;4.31;14.03;14.48;265.49;203.28;2.31;95122.0;71.0;71.0;47.0;4503.0;1004.42;683.58;6.0;1.0;0;1.0;0;0;1.0;0;0;0;0;0;1.0;1.0;0;0;0;0;0
386193;1.51;0.89;71.0;3031.0;18.75;81.75;34.5;4.31;14.04;14.48;199.73;164.61;2.31;95122.0;71.0;71.0;47.0;4511.0;1004.54;292.96;6.0;1.0;0;1.0;0;0;1.0;0;0;0;0;0;1.0;1.0;0;0;0;0;0
386703;1.55;0.90;71.0;3004.0;18.75;81.75;33.75;4.31;13.96;14.58;237.48;221.56;2.31;95122.0;72.0;71.0;47.0;4508.0;1004.42;78.12;6.0;1.0;0;1.0;0;0;1.0;0;0;0;0;0;1.0;1.0;0;0;0;0;0
387225;1.85;0.93;71.0;3023.0;18.75;81.75;34.5;5.09;16.33;14.48;297.44;292.91;2.31;95122.0;71.0;72.0;47.0;4523.0;1004.62;859.36;6.0;1.0;0;1.0;0;0;1.0;0;0;0;0;0;1.0;1.0;0;0;0;0;0
387733;1.97;0.91;72.0;3047.0;18.75;81.75;35.25;5.88;17.84;14.48;328.86;324.58;2.31;95122.0;72.0;72.0;47.0;4508.0;1004.77;703.11;6.0;1.0;0;1.0;0;0;1.0;0;0;0;0;0;1.0;1.0;0;0;0;0;0
388254;2.06;0.87;72.0;3091.0;18.75;81.75;35.25;6.66;19.34;14.58;304.64;316.99;2.31;95122.0;73.0;73.0;47.0;4521.0;1004.81;117.18;6.0;1.0;0;1.0;0;0;1.0;0;0;0;0;0;1.0;1.0;0;0;0;0;0
388764;2.17;0.91;73.0;3142.0;18.75;81.75;35.25;6.66;19.35;14.48;334.68;335.91;2.31;95122.0;73.0;74.0;47.0;4516.0;1004.85;800.77;6.0;1.0;0;1.0;0;0;1.0;0;0;0;0;0;1.0;1.0;0;0;0;0;0
389284;2.14;0.88;75.0;3152.0;18.75;81.75;35.25;6.66;19.59;14.48;341.24;294.80;2.31;95122.0;74.0;75.0;47.0;4512.0;1004.93;761.70;6.0;1.0;0;1.0;0;0;1.0;0;0;0;0;0;1.0;1.0;0;0;0;0;0
389874;2.00;0.85;75.0;3181.0;18.75;81.75;36.0;6.66;19.22;14.29;346.89;280.15;2.58;95122.0;75.0;75.0;47.0;4508.0;1004.93;39.06;6.0;1.0;0;1.0;0;0;1.0;0;0;0;0;0;1.0;1.0;0;0;0;0;0
390384;2.02;0.90;75.0;3195.0;18.75;81.75;36.0;6.27;18.42;14.58;312.71;293.10;2.31;95122.0;75.0;75.0;47.0;4514.0;1004.97;624.99;6.0;1.0;0;1.0;0;0;1.0;0;0;0;0;0;1.0;1.0;0;0;0;0;0
390904;1.91;0.89;76.0;3223.0;18.75;81.75;37.5;5.88;17.47;14.48;295.84;230.31;2.31;95122.0;76.0;76.0;47.0;4518.0;1005.01;800.77;6.0;1.0;0;1.0;0;0;1.0;0;0;0;0;0;1.0;1.0;0;0;0;0;0
391414;1.84;0.87;76.0;3230.0;18.75;81.75;37.5;5.88;17.74;14.58;280.33;195.59;2.31;95122.0;75.0;76.0;47.0;4519.0;1005.05;78.12;6.0;1.0;0;1.0;0;0;1.0;0;0;0;0;0;1.0;1.0;0;0;0;0;0
391934;1.92;0.90;76.0;3222.0;18.75;81.75;36.75;5.88;17.47;14.58;251.64;202.81;2.31;95122.0;76.0;76.0;47.0;4508.0;1005.01;820.30;6.0;1.0;0;1.0;0;0;1.0;0;0;0;0;0;1.0;1.0;0;0;0;0;0
392444;1.72;0.89;76.0;3225.0;18.75;81.75;37.5;5.09;15.85;14.58;226.43;252.30;2.31;95122.0;76.0;76.0;47.0;4516.0;1005.05;839.83;6.0;1.0;0;1.0;0;0;1.0;0;0;0;0;0;1.0;1.0;0;0;0;0;0
392964;1.56;0.86;75.0;3200.0;18.75;81.75;36.75;4.70;14.88;14.58;258.20;295.87;2.31;95122.0;75.0;76.0;47.0;4524.0;1005.05;703.11;6.0;1.0;0;1.0;0;0;1.0;0;0;0;0;0;1.0;1.0;0;0;0;0;0
393474;1.47;0.86;75.0;3167.0;18.75;81.75;36.75;4.31;13.98;14.48;308.20;332.16;2.31;95122.0;75.0;75.0;47.0;4507.0;1005.09;136.71;6.0;1.0;0;1.0;0;0;1.0;0;0;0;0;0;1.0;1.0;0;0;0;0;0
393994;1.52;0.88;73.0;3150.0;18.75;81.75;36.0;4.31;14.23;14.58;336.61;329.72;2.31;95122.0;74.0;74.0;47.0;4506.0;1005.09;58.59;6.0;1.0;0;1.0;0;0;1.0;0;0;0;0;0;1.0;1.0;0;0;0;0;0
394504;2.07;0.91;73.0;3133.0;18.75;81.75;35.25;6.27;18.52;14.48;328.49;344.00;2.31;95122.0;74.0;74.0;47.0;4501.0;1005.13;390.62;6.0;1.0;0;1.0;0;0;1.0;0;0;0;0;0;1.0;1.0;0;0;0;0;0
395024;2.56;0.91;73.0;3140.0;18.75;81.75;33.75;8.23;22.02;14.58;348.80;349.13;2.31;95122.0;73.0;74.0;47.0;4506.0;1005.13;703.11;6.0;1.0;0;1.0;0;0;1.0;0;0;0;0;0;1.0;1.0;0;0;0;0;0
395544;2.47;0.90;73.0;3143.0;18.75;81.75;33.75;8.23;22.28;14.48;318.12;316.13;2.31;95122.0;73.0;74.0;47.0;4503.0;1005.13;58.59;6.0;1.0;0;1.0;0;0;1.0;0;0;0;0;0;1.0;1.0;0;0;0;0;0
396107;2.61;0.95;75.0;3181.0;18.75;81.75;34.5;8.62;22.09;14.58;309.33;309.99;2.31;95122.0;74.0;75.0;47.0;4519.0;1005.13;859.36;6.0;1.0;0;1.0;0;0;1.0;0;0;0;0;0;1.0;1.0;0;0;0;0;0
396614;2.48;0.92;75.0;3165.0;18.75;81.75;34.5;8.23;21.59;14.58;298.00;290.62;2.31;95122.0;74.0;75.0;47.0;4516.0;1005.13;761.70;6.0;1.0;0;1.0;0;0;1.0;0;0;0;0;0;1.0;1.0;0;0;0;0;0
397134;2.34;0.90;75.0;3156.0;18.75;81.75;35.25;7.84;21.03;14.48;275.15;262.48;2.31;95122.0;75.0;75.0;47.0;4519.0;1005.13;214.84;6.0;1.0;0;1.0;0;0;1.0;0;0;0;0;0;1.0;1.0;0;0;0;0;0
397644;2.32;0.93;75.0;3168.0;18.75;81.75;35.25;7.05;20.17;14.58;216.74;252.67;2.31;95122.0;74.0;75.0;47.0;4510.0;1005.13;820.30;6.0;1.0;0;1.0;0;0;1.0;0;0;0;0;0;1.0;1.0;0;0;0;0;0
398164;2.23;0.89;73.0;3133.0;18.75;81.75;35.25;7.05;20.37;14.58;244.96;255.58;2.31;95122.0;74.0;74.0;47.0;4511.0;1005.13;175.77;6.0;1.0;0;1.0;0;0;1.0;0;0;0;0;0;1.0;1.0;0;0;0;0;0
398675;2.28;0.92;73.0;3152.0;18.75;81.75;35.25;7.05;20.02;14.39;304.68;307.48;2.31;95122.0;74.0;74.0;47.0;4510.0;1005.13;820.30;6.0;1.0;0;1.0;0;0;1.0;0;0;0;0;0;1.0;1.0;0;0;0;0;0
399194;2.12;0.89;73.0;3159.0;18.75;81.75;35.25;6.66;19.31;14.48;328.90;336.20;2.31;95122.0;73.0;74.0;47.0;4524.0;1005.13;664.05;6.0;1.0;0;1.0;0;0;1.0;0;0;0;0;0;1.0;1.0;0;0;0;0;0
399704;1.99;0.99;73.0;3108.0;18.75;81.75;36.0;5.49;16.50;14.48;340.44;347.06;2.31;95122.0;74.0;74.0;47.0;4508.0;1005.13;878.89;6.0;1.0;0;1.0;0;0;1.0;0;0;0;0;0;1.0;1.0;0;0;0;0;0
400224;1.94;0.95;72.0;3104.0;18.0;81.75;35.25;5.49;16.64;14.48;346.89;347.63;2.31;95122.0;73.0;73.0;47.0;4511.0;1005.13;859.36;6.0;1.0;0;1.0;0;0;1.0;0;0;0;0;0;1.0;1.0;0;0;0;0;0
400744;1.88;0.92;72.0;3101.0;18.0;81.75;35.25;5.49;16.67;14.29;353.39;340.31;2.58;95122.0;72.0;73.0;47.0;4519.0;1005.13;820.30;6.0;1.0;0;1.0;0;0;1.0;0;0;0;0;0;1.0;1.0;0;0;0;0;0
401264;1.93;0.88;72.0;3069.0;18.0;81.75;34.5;5.88;17.79;14.58;326.83;286.30;2.31;95122.0;72.0;72.0;47.0;4514.0;1004.97;703.11;6.0;1.0;0;1.0;0;0;1.0;0;0;0;0;0;1.0;1.0;0;0;0;0;0
401814;1.89;0.87;71.0;3055.0;18.0;81.75;34.5;5.88;17.80;14.58;327.02;303.43;2.31;95122.0;71.0;72.0;47.0;4508.0;1004.97;58.59;6.0;1.0;0;1.0;0;0;1.0;0;0;0;0;0;1.0;1.0;0;0;0;0;0
402334;2.0;0.91;71.0;3011.0;18.0;81.75;34.5;5.88;18.13;14.39;176.74;175.06;2.31;95122.0;71.0;71.0;47.0;4522.0;1005.01;820.30;6.0;1.0;0;1.0;0;0;1.0;0;0;0;0;0;1.0;1.0;0;0;0;0;0
402844;2.08;0.88;70.0;3007.0;18.0;81.75;34.5;6.66;19.24;14.39;93.88;93.88;2.31;95122.0;70.0;71.0;47.0;4510.0;1004.70;644.52;6.0;1.0;0;1.0;0;0;1.0;0;0;0;0;0;1.0;1.0;0;0;0;0;0
403364;2.21;0.88;70.0;3006.0;18.0;81.75;34.5;7.05;20.41;14.39;47.28;49.84;2.31;95122.0;70.0;71.0;47.0;4513.0;1004.62;781.24;6.0;1.0;0;1.0;0;0;1.0;0;0;0;0;0;1.0;1.0;0;0;0;0;0
403874;2.20;0.87;70.0;2986.0;18.0;81.75;33.75;7.05;20.48;14.48;25.03;27.38;2.31;95122.0;70.0;70.0;47.0;4503.0;1004.70;58.59;6.0;1.0;0;1.0;0;0;1.0;0;0;0;0;0;1.0;1.0;0;0;0;0;0
404394;2.52;0.91;70.0;2976.0;18.0;81.75;33.0;8.23;22.36;14.48;181.00;200.57;2.31;95122.0;70.0;70.0;47.0;4508.0;1004.62;97.65;6.0;1.0;0;1.0;0;0;1.0;0;0;0;0;0;1.0;1.0;0;0;0;0;0
404914;2.60;0.94;71.0;3003.0;18.0;81.75;33.0;8.23;22.29;14.58;201.82;224.39;2.31;95122.0;70.0;71.0;47.0;4505.0;1004.42;839.83;6.0;1.0;0;1.0;0;0;1.0;0;0;0;0;0;1.0;1.0;0;0;0;0;0
405424;2.45;0.89;71.0;3010.0;18.0;81.75;33.75;8.23;22.25;14.48;107.20;113.05;2.31;95122.0;70.0;71.0;47.0;4528.0;1004.27;136.71;6.0;1.0;0;1.0;0;0;1.0;0;0;0;0;0;1.0;1.0;0;0;0;0;0
405943;2.58;0.93;71.0;3011.0;18.0;81.75;33.0;8.23;22.43;14.58;62.51;72.49;2.31;95122.0;71.0;71.0;47.0;4498.0;1004.15;273.43;6.0;1.0;0;1.0;0;0;1.0;0;0;0;0;0;1.0;1.0;0;0;0;0;0
406504;2.69;0.94;71.0;3034.0;18.0;81.75;33.0;9.02;23.04;14.58;199.18;212.72;2.31;95122.0;71.0;71.0;47.0;4510.0;1004.11;761.70;6.0;1.0;0;1.0;0;0;1.0;0;0;0;0;0;1.0;1.0;0;0;0;0;0
407044;2.67;0.93;71.0;3025.0;18.0;81.75;33.0;9.02;23.10;14.39;236.56;242.71;2.31;95122.0;71.0;71.0;47.0;4530.0;1004.27;781.24;6.0;1.0;0;1.0;0;0;1.0;0;0;0;0;0;1.0;1.0;0;0;0;0;0
407553;2.59;0.92;71.0;3053.0;18.0;81.75;33.0;8.62;22.71;14.58;259.16;251.72;2.31;95122.0;71.0;72.0;47.0;4509.0;1004.27;273.43;6.0;1.0;0;1.0;0;0;1.0;0;0;0;0;0;1.0;1.0;0;0;0;0;0
408074;2.54;0.94;72.0;3041.0;18.75;81.75;33.75;8.23;21.95;14.48;238.14;242.07;2.31;95122.0;72.0;72.0;47.0;4512.0;1004.15;820.30;6.0;1.0;0;1.0;0;0;1.0;0;0;0;0;0;1.0;1.0;0;0;0;0;0
408584;2.45;0.91;72.0;3066.0;18.75;81.75;33.75;8.23;21.78;14.48;233.93;220.70;2.31;95122.0;72.0;72.0;47.0;4515.0;1004.07;136.71;6.0;1.0;0;1.0;0;0;1.0;0;0;0;0;0;1.0;1.0;0;0;0;0;0
409104;2.54;0.95;71.0;3082.0;18.75;81.75;33.75;8.23;21.73;14.58;210.35;226.45;2.31;95122.0;72.0;72.0;47.0;4508.0;1004.03;683.58;6.0;1.0;0;1.0;0;0;1.0;0;0;0;0;0;1.0;1.0;0;0;0;0;0
409624;2.39;0.90;71.0;3052.0;18.75;81.75;34.5;7.84;21.79;14.48;177.35;177.99;2.31;95122.0;72.0;72.0;47.0;4515.0;1003.99;156.24;6.0;1.0;0;1.0;0;0;1.0;0;0;0;0;0;1.0;1.0;0;0;0;0;0
410134;2.48;0.93;71.0;3059.0;18.75;81.75;34.5;7.84;21.50;14.58;270.62;270.95;2.31;95122.0;71.0;72.0;47.0;4505.0;1003.95;332.02;6.0;1.0;0;1.0;0;0;1.0;0;0;0;0;0;1.0;1.0;0;0;0;0;0
410654;2.52;0.94;71.0;3038.0;18.75;81.75;33.75;7.84;21.60;14.39;312.05;311.85;2.31;95122.0;71.0;72.0;47.0;4507.0;1003.95;859.36;6.0;1.0;0;1.0;0;0;1.0;0;0;0;0;0;1.0;1.0;0;0;0;0;0
411213;2.92;0.97;72.0;3076.0;18.75;81.75;31.5;10.19;24.07;14.48;320.01;335.74;2.31;95122.0;71.0;72.0;47.0;4513.0;1003.95;839.83;6.0;1.0;0;1.0;0;0;1.0;0;0;0;0;0;1.0;1.0;0;0;0;0;0
411723;2.59;0.92;72.0;3068.0;18.75;81.75;33.0;9.02;22.79;14.58;297.79;346.81;2.31;95122.0;72.0;72.0;47.0;4520.0;1003.91;605.46;6.0;1.0;0;1.0;0;0;1.0;0;0;0;0;0;1.0;1.0;0;0;0;0;0
412243;2.32;0.91;72.0;3065.0;18.75;81.75;34.5;7.45;20.72;14.58;312.46;338.51;2.31;95122.0;72.0;72.0;47.0;4519.0;1003.91;117.18;6.0;1.0;0;1.0;0;0;1.0;0;0;0;0;0;1.0;1.0;0;0;0;0;0
412754;2.22;0.94;72.0;3054.0;18.75;81.75;35.25;6.66;19.25;14.48;290.09;316.85;2.31;95122.0;72.0;72.0;47.0;4516.0;1003.91;859.36;6.0;1.0;0;1.0;0;0;1.0;0;0;0;0;0;1.0;1.0;0;0;0;0;0
413274;1.98;0.90;71.0;3043.0;18.75;81.75;34.5;5.88;18.11;14.58;268.02;304.58;2.31;95122.0;72.0;72.0;47.0;4513.0;1003.91;781.24;6.0;1.0;0;1.0;0;0;1.0;0;0;0;0;0;1.0;1.0;0;0;0;0;0
413793;1.48;0.87;71.0;2980.0;18.75;81.75;33.75;3.92;14.15;14.58;221.93;239.96;2.31;95122.0;71.0;71.0;47.0;4516.0;1003.91;156.24;6.0;1.0;0;1.0;0;0;1.0;0;0;0;0;0;1.0;1.0;0;0;0;0;0
414303;1.47;0.88;70.0;2931.0;18.75;81.75;33.75;3.92;13.60;14.58;223.61;245.31;2.31;95122.0;70.0;70.0;47.0;4513.0;1003.91;58.59;6.0;1.0;0;1.0;0;0;1.0;0;0;0;0;0;1.0;1.0;0;0;0;0;0
414823;1.52;0.91;68.0;2896.0;18.75;81.75;33.0;3.92;13.84;14.29;220.04;212.93;2.58;95122.0;69.0;69.0;47.0;4519.0;1003.91;332.02;6.0;1.0;0;1.0;0;0;1.0;0;0;0;0;0;1.0;1.0;0;0;0;0;0
415333;1.61;0.91;67.0;2852.0;18.75;81.75;32.25;3.92;14.24;14.48;184.18;145.75;2.31;95122.0;67.0;68.0;47.0;4550.0;1003.84;761.70;6.0;1.0;0;1.0;0;0;1.0;0;0;0;0;0;1.0;1.0;0;0;0;0;0
415853;1.04;1.00;65.0;2418.0;18.75;81.75;6.75;0;12.89;14.58;171.90;176.88;2.31;95122.0;66.0;65.0;86.0;4368.0;1003.88;58.59;5.0;1.0;0;1.0;0;0;1.0;0;0;0;0;0;1.0;1.0;0;0;0;0;0
416363;0.66;1.00;63.0;2890.0;18.75;81.75;25.5;0;12.69;14.58;215.80;224.28;2.31;95122.0;63.0;63.0;47.0;4256.0;1003.88;624.99;5.0;1.0;0;1.0;0;0;1.0;0;0;0;0;0;1.0;1.0;0;0;0;0;0
416883;1.36;0.99;61.0;2734.0;18.75;81.75;17.25;2.74;9.50;14.58;293.86;265.60;2.31;95122.0;61.0;61.0;47.0;4371.0;1003.88;898.42;5.0;1.0;0;1.0;0;0;1.0;0;0;0;0;0;1.0;1.0;0;0;0;0;0
417393;1.34;0.97;60.0;2738.0;18.75;81.75;22.5;2.74;10.56;14.48;302.85;309.51;2.31;95122.0;60.0;59.0;47.0;4469.0;1003.80;878.89;5.0;1.0;0;1.0;0;0;1.0;0;0;0;0;0;1.0;1.0;0;0;0;0;0
417913;0.73;1.00;57.0;2631.0;18.75;81.75;23.25;0;12.80;14.58;316.42;333.25;2.31;95122.0;58.0;57.0;47.0;4515.0;1003.84;859.36;5.0;1.0;0;1.0;0;0;1.0;0;0;1.0;0;0;1.0;1.0;0;0;0;0;0
418424;1.03;0.99;55.0;2523.0;18.75;81.75;26.25;0.39;10.14;14.48;343.43;341.28;2.31;95122.0;55.0;55.0;47.0;4543.0;1003.68;839.83;5.0;1.0;0;1.0;0;0;1.0;0;0;1.0;0;0;1.0;1.0;0;0;0;0;0
418994;2.11;0.99;53.0;2475.0;18.75;81.75;6.0;4.31;12.30;14.48;312.57;346.48;2.31;95122.0;53.0;53.0;47.0;4515.0;1003.76;664.05;5.0;1.0;0;1.0;0;0;1.0;0;0;1.0;0;0;1.0;1.0;0;0;0;0;0
419554;2.16;0.96;52.0;2420.0;18.75;81.75;14.25;4.31;15.59;14.48;343.84;319.25;2.31;95122.0;52.0;52.0;47.0;4524.0;1003.80;644.52;5.0;1.0;0;1.0;0;0;1.0;0;0;1.0;0;0;1.0;1.0;0;0;0;0;0
420064;1.28;1.00;51.0;1985.0;18.75;82.5;16.5;1.56;10.15;14.58;329.90;212.68;2.31;95122.0;51.0;50.0;47.0;4508.0;1003.80;722.64;4.0;1.0;0;1.0;0;0;1.0;0;0;1.0;0;0;1.0;1.0;0;0;0;0;0
420584;1.73;1.00;48.0;2544.0;18.75;82.5;25.5;3.13;13.71;14.48;266.89;219.30;2.31;95122.0;49.0;49.0;47.0;4499.0;1003.68;878.89;4.0;1.0;0;1.0;0;0;1.0;0;0;1.0;0;0;1.0;1.0;0;0;0;0;0
421105;2.17;0.97;48.0;2514.0;18.75;82.5;26.25;4.31;17.48;14.58;220.53;208.18;2.31;95122.0;48.0;48.0;47.0;4493.0;1003.68;859.36;4.0;1.0;0;1.0;0;0;1.0;0;0;1.0;0;0;1.0;1.0;0;0;0;0;0
421614;2.43;0.95;48.0;2518.0;18.75;82.5;26.25;5.88;20.21;14.48;227.44;235.12;2.31;95122.0;48.0;49.0;47.0;4489.0;1003.72;722.64;4.0;1.0;0;1.0;0;0;1.0;0;0;1.0;0;0;1.0;1.0;0;0;0;0;0
422134;2.35;0.95;48.0;2548.0;18.75;82.5;26.25;5.49;19.57;14.48;288.16;285.13;2.31;95122.0;49.0;49.0;47.0;4503.0;1003.60;117.18;4.0;1.0;0;1.0;0;0;1.0;0;0;1.0;0;0;1.0;1.0;0;0;0;0;0
422644;2.24;0.97;48.0;2530.0;18.75;82.5;26.25;5.09;18.52;14.58;283.26;317.08;2.31;95122.0;48.0;48.0;47.0;4520.0;1003.56;839.83;4.0;1.0;0;1.0;0;0;1.0;0;0;1.0;0;0;1.0;1.0;0;0;0;0;0
423163;1.96;0.95;47.0;2490.0;18.75;82.5;25.5;3.92;16.52;14.48;321.05;336.91;2.31;95122.0;48.0;48.0;47.0;4538.0;1003.45;820.30;4.0;1.0;0;1.0;0;0;1.0;0;0;1.0;0;0;1.0;1.0;0;0;0;0;0
423674;2.30;0.94;47.0;2496.0;18.75;82.5;25.5;5.49;19.48;14.48;339.15;337.82;2.31;95122.0;48.0;48.0;47.0;4511.0;1003.29;97.65;4.0;1.0;0;1.0;0;0;1.0;0;0;1.0;0;0;1.0;1.0;0;0;0;0;0
424194;2.42;0.97;47.0;2490.0;18.75;82.5;25.5;5.49;20.04;14.48;344.50;343.55;2.31;95122.0;48.0;48.0;47.0;4519.0;1003.13;781.24;4.0;1.0;0;1.0;0;0;1.0;0;0;1.0;0;0;1.0;1.0;0;0;0;0;0
424704;2.42;0.96;47.0;2496.0;18.75;82.5;25.5;5.49;19.97;14.48;332.30;347.69;2.31;95122.0;48.0;48.0;47.0;4494.0;1003.05;800.77;4.0;1.0;0;1.0;0;0;1.0;0;0;1.0;0;0;1.0;1.0;0;0;0;0;0
425224;2.34;0.93;47.0;2497.0;18.75;82.5;25.5;5.49;19.88;14.48;340.64;349.37;2.31;95122.0;48.0;48.0;47.0;4509.0;1002.94;156.24;4.0;1.0;0;1.0;0;0;1.0;0;0;1.0;0;0;1.0;1.0;0;0;0;0;0
425784;2.38;0.95;48.0;2521.0;18.75;82.5;25.5;5.49;19.92;14.48;313.59;315.81;2.31;95122.0;48.0;48.0;47.0;4506.0;1002.86;97.65;4.0;1.0;0;1.0;0;0;1.0;0;0;1.0;0;0;1.0;1.0;0;0;0;0;0
426303;2.70;0.95;48.0;2539.0;18.75;82.5;26.25;7.05;22.48;14.48;316.52;283.36;2.31;95122.0;49.0;49.0;47.0;4499.0;1002.78;839.83;4.0;1.0;0;1.0;0;0;1.0;0;0;1.0;0;0;1.0;1.0;0;0;0;0;0
426815;2.60;0.92;48.0;2572.0;18.75;82.5;26.25;7.05;22.34;14.48;213.81;274.70;2.31;95122.0;49.0;49.0;47.0;4488.0;1002.74;624.99;4.0;1.0;0;1.0;0;0;1.0;0;0;1.0;0;0;1.0;1.0;0;0;0;0;0
427334;2.42;1.00;48.0;2569.0;18.75;82.5;27.0;5.49;19.83;14.48;213.18;301.26;2.31;95122.0;49.0;49.0;47.0;4503.0;1002.74;820.30;4.0;1.0;0;1.0;0;0;1.0;0;0;1.0;0;0;1.0;1.0;0;0;0;0;0
427843;3.05;0.99;50.0;2619.0;18.75;82.5;27.75;8.62;24.48;14.48;262.95;310.78;2.31;95122.0;50.0;50.0;47.0;4489.0;1002.70;878.89;4.0;1.0;0;1.0;0;0;1.0;0;0;1.0;0;0;1.0;1.0;0;0;0;0;0
428364;2.83;0.95;51.0;2667.0;18.75;82.5;27.75;8.23;23.98;14.48;304.29;340.58;2.31;95122.0;51.0;51.0;47.0;4501.0;1002.70;820.30;4.0;1.0;0;1.0;0;0;1.0;0;0;1.0;0;0;1.0;1.0;0;0;0;0;0
428954;2.45;0.91;52.0;2714.0;18.75;82.5;29.25;6.66;21.91;14.48;328.59;352.94;2.31;95122.0;52.0;52.0;47.0;4536.0;1002.66;566.39;4.0;1.0;0;1.0;0;0;1.0;0;0;1.0;0;0;1.0;1.0;0;0;0;0;0
429463;2.21;0.92;52.0;2743.0;18.75;82.5;30.0;5.88;19.61;14.48;342.18;347.02;2.31;95122.0;52.0;53.0;47.0;4525.0;1002.66;312.49;4.0;1.0;0;1.0;0;0;1.0;0;0;1.0;0;0;1.0;1.0;0;0;0;0;0
429984;2.03;0.94;52.0;2740.0;18.75;82.5;30.0;4.70;17.50;14.58;328.35;348.90;2.31;95122.0;52.0;53.0;47.0;4528.0;1002.66;839.83;4.0;1.0;0;1.0;0;0;1.0;0;0;1.0;0;0;1.0;1.0;0;0;0;0;0
430544;1.80;0.92;52.0;2743.0;18.75;82.5;30.0;3.92;15.67;14.48;346.40;351.05;2.31;95122.0;52.0;53.0;47.0;4533.0;1002.66;859.36;4.0;1.0;0;1.0;0;0;1.0;0;0;1.0;0;0;1.0;1.0;0;0;0;0;0
431054;1.32;0.90;51.0;2685.0;18.75;82.5;28.5;2.35;11.92;14.29;349.89;312.57;2.58;95122.0;51.0;51.0;47.0;4544.0;1002.66;878.89;4.0;1.0;0;1.0;0;0;1.0;0;0;1.0;0;0;1.0;1.0;0;0;0;0;0
431574;1.33;0.88;50.0;2628.0;18.75;82.5;27.75;2.35;12.12;14.48;345.36;210.43;2.31;95122.0;50.0;50.0;47.0;4525.0;1002.66;859.36;4.0;1.0;0;1.0;0;0;1.0;0;0;1.0;0;0;1.0;1.0;0;0;0;0;0
432084;1.65;0.87;50.0;2596.0;18.75;82.5;26.25;3.52;15.30;14.39;279.68;210.10;2.31;95122.0;49.0;50.0;47.0;4515.0;1002.66;39.06;4.0;1.0;0;1.0;0;0;1.0;0;0;1.0;0;0;1.0;1.0;0;0;0;0;0
432604;1.92;0.89;48.0;2539.0;18.75;82.5;26.25;4.31;17.07;14.48;258.47;186.27;2.31;95122.0;49.0;49.0;47.0;4514.0;1002.66;19.53;4.0;1.0;0;1.0;0;0;1.0;0;0;1.0;0;0;1.0;1.0;0;0;0;0;0
433124;1.99;0.92;48.0;2556.0;18.75;82.5;26.25;4.31;17.19;14.48;234.08;199.30;2.31;95122.0;49.0;49.0;47.0;4507.0;1002.66;39.06;4.0;1.0;0;1.0;0;0;1.0;0;0;1.0;0;0;1.0;1.0;0;0;0;0;0
433634;2.02;0.94;48.0;2575.0;18.75;82.5;27.0;4.31;17.25;14.29;291.87;272.38;2.58;95122.0;49.0;49.0;47.0;4509.0;1002.66;58.59;4.0;1.0;0;1.0;0;0;1.0;0;0;1.0;0;0;1.0;1.0;0;0;0;0;0
434153;2.06;0.97;50.0;2560.0;18.75;82.5;27.0;4.31;17.10;14.48;322.01;313.30;2.31;95122.0;49.0;50.0;47.0;4510.0;1002.66;664.05;4.0;1.0;0;1.0;0;0;1.0;0;0;1.0;0;0;1.0;1.0;0;0;0;0;0
434674;1.61;0.95;50.0;2590.0;18.75;82.5;27.0;2.74;13.68;14.39;343.57;348.98;2.31;95122.0;49.0;50.0;47.0;4537.0;1002.66;878.89;4.0;1.0;0;1.0;0;0;1.0;0;0;1.0;0;0;1.0;1.0;0;0;0;0;0
435234;1.11;0.94;48.0;2428.0;18.75;82.5;24.75;1.56;9.78;14.48;349.50;352.18;2.31;95123.0;49.0;49.0;47.0;4557.0;1002.66;898.42;4.0;1.0;0;1.0;0;0;1.0;0;0;1.0;0;0;1.0;1.0;0;0;0;0;0
435804;0.8;1.00;47.0;2443.0;18.75;82.5;16.5;0;12.74;14.58;253.36;286.42;2.31;95123.0;47.0;47.0;45.0;4516.0;1002.66;781.24;4.0;1.0;0;1.0;0;0;1.0;0;0;1.0;0;0;1.0;1.0;0;0;0;0;0
436354;0.81;1.00;43.0;2316.0;18.75;82.5;15.75;0;12.58;14.58;173.23;169.05;2.31;95123.0;44.0;44.0;44.0;4522.0;1002.66;78.12;4.0;1.0;0;1.0;0;0;1.0;0;0;1.0;0;0;1.0;1.0;0;0;0;0;0
436874;0.96;1.00;37.0;1959.0;18.75;82.5;15.0;0;12.61;14.48;127.84;115.75;2.31;95123.0;37.0;38.0;44.0;4532.0;1002.66;19.53;4.0;1.0;0;1.0;0;0;1.0;0;0;1.0;0;0;1.0;1.0;0;0;0;0;0
437384;1.12;1.00;32.0;1687.0;18.75;82.5;15.0;0;12.65;14.58;126.22;97.25;2.31;95123.0;33.0;33.0;43.0;4496.0;1002.66;58.59;4.0;1.0;0;1.0;0;0;1.0;0;0;1.0;0;0;1.0;1.0;0;0;0;0;0
437904;1.46;1.00;31.0;1384.0;18.75;82.5;15.0;0;12.64;14.48;130.51;77.49;2.31;95123.0;31.0;31.0;43.0;4464.0;1002.66;878.89;4.0;1.0;0;1.0;0;0;1.0;0;0;1.0;0;0;1.0;1.0;0;0;0;0;0
438414;1.31;0.99;30.0;1346.0;18.75;82.5;13.5;0;12.37;14.48;123.54;65.01;2.31;95123.0;30.0;30.0;43.0;4497.0;1002.66;878.89;4.0;1.0;0;1.0;0;0;1.0;0;0;1.0;0;0;1.0;1.0;0;0;0;0;0
439004;1.08;1.00;28.0;1603.0;18.75;82.5;14.25;0;12.76;14.48;154.75;44.89;2.31;95123.0;29.0;29.0;45.0;4514.0;1002.66;839.83;3.0;1.0;0;1.0;0;0;1.0;0;0;1.0;0;0;1.0;1.0;0;0;0;0;0
439514;1.77;0.98;28.0;1990.0;18.75;82.5;18.0;2.35;14.05;14.48;156.43;81.90;2.31;95123.0;29.0;28.0;47.0;4553.0;1002.66;781.24;3.0;1.0;0;1.0;0;0;1.0;0;0;1.0;0;0;1.0;1.0;0;0;0;0;0
440033;1.96;0.98;28.0;1787.0;18.75;82.5;14.25;2.35;14.89;14.58;208.17;179.38;2.31;95123.0;29.0;29.0;47.0;4532.0;1002.66;39.06;3.0;1.0;0;1.0;0;0;1.0;0;0;1.0;0;0;1.0;1.0;0;0;0;0;0
440554;2.84;0.99;28.0;1831.0;18.75;82.5;15.0;4.31;16.61;14.58;243.14;199.88;2.31;95123.0;29.0;29.0;47.0;4487.0;1002.66;878.89;3.0;1.0;0;1.0;1.0;0;1.0;0;0;1.0;0;0;1.0;1.0;0;0;0;0;0
441113;2.02;0.99;28.0;2154.0;18.75;82.5;18.75;2.74;14.66;14.29;248.01;234.43;2.58;95123.0;29.0;29.0;47.0;4449.0;1002.66;878.89;2.0;1.0;0;1.0;0;0;1.0;0;0;1.0;0;0;1.0;1.0;0;0;0;0;0
441624;1.85;0.97;28.0;2284.0;18.75;82.5;21.75;3.13;14.86;14.48;299.64;186.66;2.31;95123.0;29.0;29.0;47.0;4529.0;1002.66;839.83;2.0;1.0;0;1.0;0;0;1.0;0;0;1.0;0;0;1.0;1.0;0;0;0;0;0
442144;1.74;0.95;30.0;2331.0;18.75;82.5;22.5;3.13;14.54;14.58;306.91;205.24;2.31;95123.0;30.0;30.0;47.0;4514.0;1002.66;859.36;2.0;1.0;0;1.0;0;0;1.0;0;0;1.0;0;0;1.0;1.0;0;0;0;0;0
442654;1.68;0.93;30.0;2366.0;18.75;82.5;23.25;2.74;14.32;14.39;297.93;229.12;2.31;95123.0;30.0;30.0;47.0;4510.0;1002.66;839.83;2.0;1.0;0;1.0;0;0;1.0;0;0;1.0;0;0;1.0;1.0;0;0;0;0;0
443174;1.63;0.91;30.0;2412.0;18.75;82.5;24.0;2.74;14.21;14.48;223.77;236.60;2.31;95123.0;30.0;30.0;47.0;4515.0;1002.66;820.30;2.0;1.0;0;1.0;0;0;1.0;0;0;1.0;0;0;1.0;1.0;0;0;0;0;0
443694;1.63;0.90;31.0;2389.0;18.75;82.5;24.0;2.74;14.26;14.48;241.09;276.15;2.31;95123.0;31.0;31.0;47.0;4515.0;1002.66;58.59;2.0;1.0;0;1.0;0;0;1.0;0;0;1.0;0;0;1.0;1.0;0;0;0;0;0
444204;1.58;0.92;31.0;2448.0;18.75;82.5;24.75;2.74;13.59;14.48;150.55;310.29;2.31;95123.0;31.0;31.0;47.0;4517.0;1002.66;820.30;2.0;1.0;0;1.0;0;0;1.0;0;0;1.0;0;0;1.0;1.0;0;0;0;0;0
444724;2.4;1.00;31.0;2469.0;18.75;82.5;25.5;4.31;18.31;14.48;212.19;219.04;2.31;95123.0;32.0;32.0;47.0;4482.0;1002.66;839.83;2.0;1.0;0;1.0;0;0;1.0;0;0;1.0;0;0;1.0;1.0;0;0;0;0;0
445234;2.18;0.97;32.0;2583.0;18.75;82.5;27.0;4.31;17.67;14.48;273.47;282.07;2.31;95123.0;33.0;33.0;47.0;4459.0;1002.66;859.36;2.0;1.0;0;1.0;0;0;1.0;0;0;1.0;0;0;1.0;1.0;0;0;0;0;0
445754;1.94;0.95;33.0;2657.0;18.75;82.5;28.5;4.31;16.35;14.39;313.94;318.74;2.31;95123.0;34.0;34.0;47.0;4485.0;1002.66;839.83;2.0;1.0;0;1.0;0;0;1.0;0;0;1.0;0;0;1.0;1.0;0;0;0;0;0
446263;1.80;0.92;35.0;2749.0;18.75;82.5;30.0;3.92;15.62;14.58;337.96;337.00;2.31;95123.0;35.0;35.0;47.0;4511.0;1002.63;859.36;2.0;1.0;0;1.0;0;0;1.0;0;0;1.0;0;0;1.0;1.0;0;0;0;0;0
446784;2.52;0.90;36.0;2801.0;18.75;82.5;30.75;6.66;20.33;14.58;340.44;350.36;2.31;95123.0;36.0;36.0;47.0;4479.0;1002.63;898.42;2.0;1.0;0;1.0;0;0;1.0;0;0;1.0;0;0;1.0;1.0;0;0;0;0;0
447304;2.24;0.99;37.0;2254.0;18.75;82.5;21.0;3.13;15.90;14.29;330.11;287.42;2.58;95123.0;37.0;37.0;47.0;4617.0;1002.55;859.36;3.0;1.0;0;1.0;0;0;1.0;0;0;1.0;0;0;1.0;1.0;0;0;0;0;0
447814;2.26;0.99;37.0;2334.0;18.75;82.5;23.25;4.31;17.94;14.48;347.24;305.39;2.31;95123.0;38.0;38.0;47.0;4504.0;1002.55;820.30;3.0;1.0;0;1.0;0;0;1.0;0;0;1.0;0;0;1.0;1.0;0;0;0;0;0
448334;2.21;0.99;38.0;2404.0;18.75;82.5;24.0;4.31;17.59;14.48;313.65;321.20;2.31;95123.0;39.0;39.0;47.0;4513.0;1002.59;859.36;3.0;1.0;0;1.0;0;0;1.0;0;0;1.0;0;0;1.0;1.0;0;0;0;0;0
448843;2.07;0.96;40.0;2452.0;18.75;82.5;24.75;3.92;17.01;14.58;284.47;248.94;2.31;95123.0;40.0;40.0;47.0;4488.0;1002.59;839.83;3.0;1.0;0;1.0;0;0;1.0;0;0;1.0;0;0;1.0;1.0;0;0;0;0;0
449364;1.80;0.94;41.0;2494.0;18.75;82.5;25.5;3.52;15.42;14.48;247.21;209.12;2.31;95123.0;41.0;41.0;47.0;4502.0;1002.63;800.77;3.0;1.0;0;1.0;0;0;1.0;0;0;1.0;0;0;1.0;1.0;0;0;0;0;0
449874;1.61;0.92;41.0;2536.0;18.75;82.5;26.25;3.13;13.83;14.48;216.19;201.11;2.31;95123.0;41.0;41.0;47.0;4508.0;1002.63;839.83;3.0;1.0;0;1.0;0;0;1.0;0;0;1.0;0;0;1.0;1.0;0;0;0;0;0
450394;1.55;0.90;41.0;2540.0;18.75;82.5;26.25;2.74;13.56;14.48;193.48;222.11;2.31;95123.0;41.0;41.0;47.0;4504.0;1002.63;273.43;3.0;1.0;0;1.0;0;0;1.0;0;0;1.0;0;0;1.0;1.0;0;0;0;0;0
450904;1.80;0.91;41.0;2573.0;18.75;82.5;26.25;3.52;15.74;14.48;240.41;279.33;2.31;95123.0;42.0;42.0;47.0;4503.0;1002.63;58.59;3.0;1.0;0;1.0;0;0;1.0;0;0;1.0;0;0;1.0;1.0;0;0;0;0;0
451424;1.81;0.92;42.0;2605.0;18.75;82.5;27.0;3.92;15.92;14.48;263.38;298.45;2.31;95123.0;42.0;42.0;47.0;4479.0;1002.63;58.59;3.0;1.0;0;1.0;0;0;1.0;0;0;1.0;0;0;1.0;1.0;0;0;0;0;0
451944;1.83;0.94;42.0;2644.0;18.75;82.5;28.5;3.92;15.56;14.39;308.26;329.78;2.31;95123.0;43.0;43.0;47.0;4511.0;1002.47;839.83;3.0;1.0;0;1.0;0;0;1.0;0;0;1.0;0;0;1.0;1.0;0;0;0;0;0
452504;1.56;0.92;43.0;2695.0;18.75;82.5;29.25;3.13;13.75;14.48;321.38;345.38;2.31;95123.0;44.0;44.0;47.0;4522.0;1002.47;878.89;3.0;1.0;0;1.0;0;0;1.0;0;0;1.0;0;0;1.0;1.0;0;0;0;0;0
453014;1.34;0.90;43.0;2666.0;18.75;82.5;28.5;2.74;12.01;14.48;338.45;318.18;2.31;95123.0;44.0;44.0;47.0;4531.0;1002.23;859.36;3.0;1.0;0;1.0;0;0;1.0;0;0;1.0;0;0;1.0;1.0;0;0;0;0;0
453533;1.24;0.88;43.0;2626.0;18.75;82.5;27.75;2.35;11.42;14.48;284.45;316.69;2.31;95123.0;43.0;44.0;47.0;4521.0;1002.27;859.36;3.0;1.0;0;1.0;0;0;1.0;0;0;1.0;0;0;1.0;1.0;0;0;0;0;0
454056;1.09;0.87;42.0;2619.0;18.75;82.5;27.75;1.96;10.19;14.48;326.97;306.58;2.31;95123.0;43.0;43.0;47.0;4522.0;1002.35;839.83;3.0;1.0;0;1.0;0;0;1.0;0;0;1.0;0;0;1.0;1.0;0;0;0;0;0
454594;0.88;0.85;42.0;2559.0;18.75;81.75;27.0;0.39;10.14;14.48;316.36;297.69;2.31;95123.0;42.0;42.0;47.0;4517.0;1002.43;664.05;3.0;1.0;0;1.0;0;0;1.0;0;0;1.0;0;0;1.0;1.0;0;0;0;0;0
455104;0.8;1.00;40.0;2500.0;18.75;81.75;18.0;0;12.82;14.58;291.36;327.79;2.31;95123.0;41.0;40.0;47.0;4540.0;1002.43;58.59;3.0;1.0;0;1.0;0;0;1.0;0;0;1.0;0;0;1.0;1.0;0;0;0;0;0
455624;0.79;1.00;38.0;2411.0;18.75;81.75;17.25;0;12.60;14.48;230.41;323.29;2.31;95123.0;39.0;39.0;44.0;4531.0;1002.47;39.06;3.0;1.0;0;1.0;0;0;1.0;0;0;1.0;0;0;1.0;1.0;0;0;0;0;0
456134;0.84;1.00;37.0;2303.0;18.75;81.75;15.0;0;12.65;14.48;136.00;190.84;2.31;95123.0;38.0;38.0;45.0;4518.0;1002.51;39.06;3.0;1.0;0;1.0;0;0;1.0;0;0;1.0;0;0;1.0;1.0;0;0;0;0;0
456653;0.85;1.00;36.0;2240.0;18.75;81.75;15.0;0;12.77;14.48;83.51;128.23;2.31;95123.0;36.0;36.0;45.0;4527.0;1002.47;19.53;3.0;1.0;0;1.0;0;0;1.0;0;0;1.0;0;0;1.0;1.0;0;0;0;0;0
457164;1.48;1.00;35.0;2149.0;18.75;81.75;15.0;1.56;10.46;14.48;51.91;110.59;2.31;95123.0;35.0;35.0;47.0;4526.0;1002.51;664.05;3.0;1.0;0;1.0;0;0;1.0;0;0;1.0;0;0;1.0;1.0;0;0;0;0;0
457684;1.45;1.00;35.0;2171.0;18.75;81.75;18.0;1.56;11.22;14.48;125.32;187.01;2.31;95123.0;35.0;35.0;47.0;4517.0;1002.55;722.64;3.0;1.0;0;1.0;0;0;1.0;0;0;1.0;0;0;1.0;1.0;0;0;0;0;0
458204;0.89;1.00;33.0;2108.0;18.75;81.75;15.0;0;12.76;14.58;135.63;193.67;2.31;95123.0;34.0;33.0;44.0;4492.0;1002.59;683.58;3.0;1.0;0;1.0;0;0;1.0;0;0;1.0;0;0;1.0;1.0;0;0;0;0;0
458714;0.96;1.00;32.0;1941.0;18.75;81.75;14.25;0;12.71;14.48;97.14;128.29;2.31;95123.0;32.0;32.0;43.0;4513.0;1002.59;39.06;3.0;1.0;0;1.0;0;0;1.0;0;0;1.0;0;0;1.0;1.0;0;0;0;0;0
459234;0.99;1.00;30.0;1869.0;18.75;81.75;14.25;0;12.71;14.58;91.28;103.89;2.31;95123.0;31.0;30.0;43.0;4530.0;1002.59;19.53;3.0;1.0;0;1.0;0;0;1.0;0;0;1.0;0;0;1.0;1.0;0;0;0;0;0
459794;1.04;1.00;28.0;1807.0;18.75;81.75;15.0;0;12.62;14.48;78.54;97.74;2.31;95123.0;29.0;29.0;43.0;4508.0;1002.63;58.59;3.0;1.0;0;1.0;0;0;1.0;0;0;1.0;0;0;1.0;1.0;0;0;0;0;0
460314;1.12;1.00;27.0;1708.0;18.75;81.75;14.25;0;12.74;14.58;94.25;123.19;2.31;95123.0;28.0;28.0;44.0;4504.0;1002.63;97.65;3.0;1.0;0;1.0;0;0;1.0;0;0;1.0;0;0;1.0;1.0;0;0;0;0;0
460823;1.16;1.01;26.0;1620.0;18.75;81.75;15.0;0;12.72;14.58;77.74;92.53;2.31;95123.0;26.0;26.0;44.0;4500.0;1002.63;878.89;3.0;1.0;0;1.0;0;0;1.0;0;0;1.0;0;0;1.0;1.0;0;0;0;0;0
461344;1.14;0.99;23.0;1527.0;18.75;81.75;15.0;0;12.65;14.39;50.95;60.66;2.31;95123.0;24.0;24.0;45.0;4489.0;1002.63;859.36;3.0;1.0;0;1.0;0;0;1.0;0;0;1.0;0;0;1.0;1.0;0;0;0;0;0
461853;1.26;0.97;22.0;1305.0;18.75;81.75;14.25;0;12.55;14.48;47.28;56.24;2.31;95123.0;23.0;23.0;43.0;4499.0;1002.63;878.89;3.0;1.0;0;1.0;0;0;1.0;0;0;1.0;0;0;1.0;1.0;0;0;0;0;0
462374;1.36;0.96;20.0;1270.0;18.75;81.75;15.0;0;12.65;14.48;36.32;51.28;2.31;95123.0;20.0;20.0;44.0;4531.0;1002.63;566.39;3.0;1.0;0;1.0;0;0;1.0;0;0;1.0;0;0;1.0;1.0;0;0;0;0;0
462894;1.27;0.96;17.0;1263.0;18.75;81.75;15.0;0;12.71;14.58;27.86;39.37;2.31;95123.0;18.0;18.0;44.0;4523.0;1002.63;39.06;3.0;1.0;0;1.0;0;0;1.0;0;0;1.0;0;0;1.0;1.0;0;0;0;0;0
463404;1.40;0.98;16.0;1236.0;18.75;81.75;17.25;0;13.16;14.48;23.59;28.63;2.31;95123.0;16.0;16.0;44.0;4511.0;1002.63;39.06;3.0;1.0;0;1.0;1.0;0;1.0;0;0;1.0;0;0;1.0;1.0;0;0;1.0;0;0
463924;1.38;0.99;13.0;1261.0;18.75;81.75;15.75;0;12.88;14.39;18.10;21.95;2.31;95123.0;14.0;14.0;44.0;4508.0;1002.63;39.06;3.0;1.0;0;1.0;0;0;1.0;0;0;1.0;0;0;1.0;1.0;0;0;0;0;0
464434;1.34;1.01;13.0;1250.0;18.75;81.75;17.25;0;13.17;14.48;12.46;18.29;2.31;95123.0;13.0;13.0;45.0;4513.0;1002.63;58.59;2.0;1.0;0;1.0;1.0;0;1.0;0;0;1.0;0;0;1.0;1.0;0;0;1.0;0;0
464954;1.38;1.03;12.0;1322.0;18.75;81.75;13.5;0;12.56;14.58;15.76;29.13;2.31;95123.0;12.0;12.0;45.0;4510.0;1002.63;371.08;2.0;1.0;0;1.0;0;0;1.0;0;0;1.0;0;0;1.0;1.0;0;0;0;0;0
465474;1.33;1.02;11.0;1288.0;18.75;81.75;13.5;0;12.53;14.48;12.05;21.20;2.31;95123.0;11.0;11.0;43.0;4506.0;1002.63;722.64;0;1.0;0;1.0;0;0;1.0;0;0;1.0;0;0;1.0;1.0;0;0;0;0;0
465984;1.41;1.01;10.0;1254.0;18.75;81.75;16.5;0;13.03;14.39;9.21;18.16;2.31;95123.0;10.0;10.0;44.0;4505.0;1002.63;58.59;0;1.0;0;1.0;0;0;1.0;0;0;1.0;0;0;1.0;1.0;0;0;0;0;0
466503;1.44;1.03;8.0;1217.0;18.75;81.75;19.5;0;13.46;14.48;6.67;18.12;2.31;95123.0;9.0;8.0;44.0;4507.0;1002.63;117.18;1.0;1.0;0;1.0;0;0;1.0;0;0;1.0;0;0;1.0;1.0;0;0;0;0;0
467014;1.47;1.05;7.0;1256.0;18.75;81.75;15.75;0;12.87;14.48;5.09;13.88;2.31;95123.0;7.0;7.0;44.0;4508.0;1002.63;195.31;1.0;1.0;0;1.0;0;0;1.0;0;0;1.0;0;0;1.0;1.0;0;0;0;0;0
467534;1.43;1.03;5.0;1259.0;18.75;81.75;16.5;0;13.02;14.58;3.86;10.07;2.31;95123.0;6.0;6.0;45.0;4510.0;1002.63;742.17;1.0;1.0;0;1.0;0;0;1.0;0;0;1.0;0;0;1.0;1.0;0;0;0;0;0
468054;1.33;1.01;3.0;1296.0;18.75;81.75;13.5;0;12.51;14.29;2.75;7.28;2.58;95123.0;4.0;4.0;45.0;4525.0;1002.63;742.17;1.0;1.0;0;1.0;0;0;1.0;0;0;1.0;0;0;1.0;1.0;0;0;0;0;0
468614;1.45;0.99;0;1218.0;18.75;81.75;19.5;0;13.50;14.39;1.95;5.52;2.31;95123.0;0;0;45.0;4510.0;1002.63;175.77;1.0;1.0;0;1.0;0;0;1.0;0;0;1.0;0;0;1.0;1.0;0;0;0;0;0
469184;1.49;1.01;0;1233.0;18.75;81.75;18.0;0;13.42;14.39;52.26;54.87;2.31;95123.0;0;0;46.0;4509.0;1002.63;39.06;1.0;1.0;0;1.0;0;0;1.0;0;0;1.0;0;0;1.0;1.0;0;0;0;0;0
469734;1.43;1.02;0;1274.0;18.75;81.75;15.0;0;12.84;14.48;124.77;139.03;2.31;95123.0;0;0;45.0;4509.0;1002.63;58.59;1.0;1.0;0;1.0;0;0;1.0;0;0;1.0;0;0;1.0;1.0;0;0;0;0;0
470254;1.38;1.04;0;1284.0;18.75;81.75;14.25;0;12.78;14.39;140.38;139.40;2.31;95123.0;0;0;46.0;4505.0;1002.63;351.55;1.0;1.0;0;1.0;0;0;1.0;0;0;1.0;0;0;1.0;1.0;0;0;0;0;0
470773;1.51;1.04;0;1237.0;18.75;81.75;18.0;0;13.48;14.48;201.35;140.92;2.31;95123.0;0;0;46.0;4519.0;1002.63;781.24;1.0;1.0;0;1.0;0;0;1.0;0;0;1.0;0;0;0;1.0;0;0;0;0;0
471284;1.34;1.02;0;1277.0;18.75;81.75;15.0;0;12.87;14.48;220.23;134.79;2.31;95123.0;0;0;46.0;4516.0;1002.63;800.77;1.0;1.0;0;1.0;0;0;1.0;0;0;1.0;0;0;1.0;1.0;0;0;0;0;0
471804;1.41;1.00;0;1234.0;18.75;82.5;17.25;0;13.29;14.39;200.43;110.53;2.31;95123.0;0;0;45.0;4513.0;1002.63;624.99;1.0;1.0;0;1.0;0;0;1.0;0;0;1.0;0;0;1.0;1.0;0;0;0;0;0
472314;1.36;1.01;0;1248.0;18.75;82.5;17.25;0;13.28;14.48;153.99;84.89;2.31;95123.0;0;0;46.0;4515.0;1002.63;58.59;1.0;1.0;0;1.0;1.0;0;1.0;0;0;1.0;0;0;1.0;1.0;0;0;1.0;0;0
472834;1.48;1.02;0;1219.0;18.75;82.5;19.5;0;13.61;14.48;164.03;76.16;2.31;95123.0;0;0;46.0;4497.0;1002.63;58.59;1.0;1.0;0;1.0;0;0;1.0;0;0;1.0;0;0;1.0;1.0;0;0;0;0;0
473353;1.47;1.04;0;1213.0;18.75;82.5;19.5;0;13.64;14.48;166.12;69.70;2.31;95123.0;0;0;46.0;4531.0;1002.63;58.59;1.0;1.0;0;1.0;0;0;1.0;0;0;1.0;0;0;1.0;1.0;0;0;0;0;0
473864;1.44;1.06;0;1257.0;18.75;82.5;16.5;0;13.20;14.39;166.59;68.60;2.31;95123.0;0;0;46.0;4501.0;1002.63;78.12;1.0;1.0;0;1.0;0;0;1.0;0;0;1.0;0;0;1.0;1.0;0;0;0;0;0
474384;1.55;1.07;0;1257.0;18.75;82.5;15.75;0;13.06;14.58;171.47;69.17;2.31;95123.0;0;0;46.0;4510.0;1002.63;644.52;1.0;1.0;0;1.0;0;0;1.0;0;0;1.0;0;0;1.0;1.0;0;0;0;0;0
474904;1.41;1.06;0;1287.0;18.75;82.5;14.25;0;12.82;14.48;197.62;130.18;2.31;95123.0;0;0;45.0;4508.0;1002.63;878.89;1.0;1.0;0;1.0;0;0;1.0;0;0;1.0;0;0;1.0;1.0;0;0;0;0;0
475464;1.41;1.04;0;1257.0;18.75;82.5;16.5;0;13.20;14.48;196.31;130.77;2.31;95123.0;0;0;46.0;4535.0;1002.63;859.36;1.0;1.0;0;1.0;0;0;1.0;0;0;1.0;0;0;1.0;1.0;0;0;0;0;0
475974;1.45;1.03;0;1250.0;18.75;82.5;17.25;0;13.39;14.48;204.79;194.20;2.31;95123.0;0;0;47.0;4506.0;1002.63;820.30;1.0;1.0;0;1.0;0;0;1.0;0;0;1.0;0;0;1.0;1.0;0;0;0;0;0
476494;1.53;1.01;0;1206.0;18.75;82.5;20.25;0;13.88;14.48;213.89;196.51;2.31;95123.0;0;0;47.0;4524.0;1002.63;820.30;1.0;1.0;0;1.0;0;0;1.0;0;0;1.0;0;0;1.0;1.0;0;0;0;0;0
477014;1.42;1.00;0;1220.0;18.75;82.5;19.5;0;13.78;14.48;231.78;215.47;2.31;95123.0;0;0;47.0;4511.0;1002.63;722.64;1.0;1.0;0;1.0;0;0;1.0;0;0;1.0;0;0;1.0;1.0;0;0;0;0;0
477524;1.34;0.99;0;1266.0;18.75;82.5;16.5;0;13.34;14.48;198.26;201.88;2.31;95123.0;0;0;48.0;4497.0;1002.63;39.06;1.0;1.0;0;1.0;0;0;1.0;0;0;1.0;0;0;1.0;1.0;0;0;0;0;0
478043;1.30;1.01;0;1349.0;18.75;82.5;11.25;0;12.20;14.48;152.33;154.52;2.31;95123.0;0;0;48.0;4507.0;1002.63;39.06;1.0;1.0;0;1.0;1.0;0;1.0;0;0;1.0;0;0;1.0;1.0;0;0;1.0;0;0
478554;1.44;1.02;0;1270.0;18.75;82.5;14.25;0;12.95;14.58;139.85;126.47;2.31;95123.0;0;0;46.0;4511.0;1002.63;136.71;1.0;1.0;0;1.0;1.0;0;1.0;0;0;1.0;0;0;1.0;1.0;0;0;1.0;0;0
479074;1.37;1.04;0;1307.0;18.75;82.5;12.75;0;12.59;14.58;156.88;104.93;2.31;95123.0;0;0;45.0;4505.0;1002.63;97.65;1.0;1.0;0;1.0;1.0;0;1.0;0;0;1.0;0;0;1.0;1.0;0;0;1.0;0;0
479594;1.42;1.04;0;1294.0;18.75;82.5;12.75;0;12.51;14.48;128.52;82.74;2.31;95123.0;0;0;45.0;4515.0;1002.63;839.83;1.0;1.0;0;1.0;1.0;0;1.0;0;0;1.0;0;0;1.0;1.0;0;0;1.0;0;0
480104;1.37;1.02;0;1255.0;18.75;82.5;15.0;0;12.84;14.48;93.64;63.55;2.31;95123.0;0;0;44.0;4536.0;1002.63;820.30;1.0;1.0;0;1.0;0;0;1.0;0;0;1.0;0;0;1.0;1.0;0;0;0;0;0
480624;1.34;1.01;0;1277.0;18.75;82.5;14.25;0;12.69;14.39;71.92;48.78;2.31;95123.0;0;0;44.0;4513.0;1002.63;781.24;1.0;1.0;0;1.0;0;0;1.0;0;0;1.0;0;0;1.0;1.0;0;0;0;0;0
481134;1.30;0.99;0;1279.0;18.75;82.5;14.25;0;12.68;14.48;56.07;33.66;2.31;95123.0;0;0;45.0;4524.0;1002.63;58.59;1.0;1.0;0;1.0;0;0;1.0;0;0;1.0;0;0;1.0;1.0;0;0;0;0;0
481704;1.32;1.01;0;1256.0;18.75;83.25;15.0;0;12.74;14.39;43.04;25.83;2.31;95123.0;0;0;44.0;4510.0;1002.63;58.59;1.0;1.0;0;1.0;0;0;1.0;0;0;1.0;0;0;1.0;1.0;0;0;0;0;0
482214;1.43;1.03;0;1227.0;18.75;83.25;17.25;0;13.18;14.39;29.70;21.13;2.31;95123.0;0;0;45.0;4524.0;1002.63;58.59;1.0;1.0;0;1.0;0;0;1.0;0;0;1.0;0;0;1.0;1.0;0;0;1.0;0;0
482733;1.48;1.04;0;1226.0;18.75;83.25;17.25;0;12.90;14.48;22.77;16.20;2.31;95123.0;0;0;45.0;4511.0;1002.63;156.24;1.0;1.0;0;1.0;1.0;0;1.0;0;0;1.0;0;0;1.0;1.0;0;0;1.0;0;0
483254;1.40;1.06;0;1258.0;18.75;83.25;15.0;0;12.76;14.39;17.45;12.40;2.31;95123.0;0;0;44.0;4512.0;1002.63;527.33;1.0;1.0;0;1.0;1.0;0;1.0;0;0;1.0;0;0;1.0;1.0;0;0;1.0;0;0
483783;1.48;1.05;0;1199.0;18.75;83.25;19.5;0;13.47;14.48;13.35;9.00;2.31;95123.0;0;0;44.0;4516.0;1002.63;175.77;1.0;1.0;0;1.0;1.0;0;1.0;0;0;1.0;0;0;1.0;1.0;0;0;1.0;0;0
484374;1.39;1.05;0;1273.0;18.75;83.25;14.25;0;12.66;14.48;9.68;6.48;2.31;95123.0;0;0;44.0;4504.0;1002.63;859.36;1.0;1.0;0;1.0;1.0;0;1.0;0;0;1.0;0;0;1.0;1.0;0;0;1.0;0;0
484904;1.34;1.03;0;1251.0;18.75;83.25;15.0;0;12.68;14.58;11.22;12.10;2.31;95123.0;0;0;43.0;4518.0;1002.63;839.83;1.0;1.0;0;1.0;1.0;0;1.0;0;0;1.0;0;0;1.0;1.0;0;0;1.0;0;0
485434;1.36;1.02;0;1255.0;18.75;83.25;15.0;0;12.64;14.48;18.84;14.15;2.31;95123.0;0;0;43.0;4511.0;1002.63;781.24;1.0;1.0;0;1.0;0;0;1.0;0;0;1.0;0;0;1.0;1.0;0;0;0;0;0
485943;1.44;1.00;0;1189.0;18.75;83.25;20.25;0;13.52;14.39;63.45;61.73;2.31;95123.0;0;0;43.0;4515.0;1002.63;214.84;1.0;1.0;0;1.0;0;0;1.0;0;0;1.0;0;0;1.0;1.0;0;0;0;0;0
486486;1.41;1.02;0;1277.0;18.75;83.25;14.25;0;12.56;14.48;72.12;83.31;2.31;95123.0;0;0;44.0;4495.0;1002.63;800.77;1.0;1.0;0;1.0;0;0;1.0;0;0;1.0;0;0;1.0;1.0;0;0;0;0;0
487004;1.40;1.01;0;1216.0;18.75;83.25;18.0;0;13.21;14.48;91.41;113.00;2.31;95123.0;0;0;44.0;4506.0;1002.63;800.77;1.0;1.0;0;1.0;0;0;1.0;0;0;1.0;0;0;1.0;1.0;0;0;0;0;0
487524;1.28;0.99;0;1251.0;18.75;83.25;16.5;0;12.91;14.48;74.38;96.77;2.31;95123.0;0;0;44.0;4519.0;1002.63;78.12;1.0;1.0;0;1.0;0;0;1.0;0;0;1.0;0;0;1.0;1.0;0;0;0;0;0
488034;1.52;1.01;0;1186.0;18.75;83.25;21.0;0;13.73;14.48;61.22;74.33;2.31;95123.0;0;0;46.0;4500.0;1002.63;39.06;1.0;1.0;0;1.0;0;0;1.0;0;0;1.0;0;0;1.0;1.0;0;0;0;0;0
488554;1.43;1.02;0;1221.0;18.75;83.25;18.0;0;13.34;14.29;50.52;72.24;2.58;95123.0;0;0;44.0;4513.0;1002.63;58.59;1.0;1.0;0;1.0;1.0;0;1.0;0;0;1.0;0;0;1.0;1.0;0;0;1.0;0;0
489074;1.44;1.04;0;1251.0;18.75;83.25;15.75;0;12.85;14.58;38.78;55.48;2.31;95123.0;0;0;44.0;4507.0;1002.63;742.17;1.0;1.0;0;1.0;0;0;1.0;0;0;1.0;0;0;1.0;1.0;0;0;0;0;0
489584;1.39;1.02;0;1258.0;18.75;83.25;15.0;0;12.72;14.58;28.24;42.59;2.31;95123.0;0;0;45.0;4517.0;1002.63;820.30;1.0;1.0;0;1.0;0;0;1.0;0;0;1.0;0;0;1.0;1.0;0;0;0;0;0
490104;1.35;1.01;0;1245.0;19.5;83.25;16.5;0;13.05;14.58;24.00;35.03;2.31;95123.0;0;0;45.0;4523.0;1002.63;781.24;1.0;1.0;0;1.0;0;0;1.0;0;0;1.0;0;0;1.0;1.0;0;0;0;0;0
490614;1.36;1.01;0;1244.0;19.5;83.25;16.5;0;13.06;14.39;19.68;26.52;2.31;95123.0;0;0;45.0;4517.0;1002.63;39.06;1.0;1.0;0;1.0;0;0;1.0;0;0;1.0;0;0;1.0;1.0;0;0;0;0;0
491134;1.48;1.02;0;1196.0;19.5;83.25;20.25;0;13.68;14.48;17.42;20.33;2.31;95123.0;0;0;45.0;4512.0;1002.63;78.12;1.0;1.0;0;1.0;0;0;1.0;0;0;1.0;0;0;1.0;1.0;0;0;0;0;0
491654;1.44;1.03;0;1246.0;19.5;83.25;16.5;0;12.81;14.58;29.27;49.44;2.31;95123.0;0;0;45.0;4508.0;1002.63;781.24;1.0;1.0;0;1.0;0;0;1.0;0;0;1.0;0;0;1.0;1.0;0;0;0;0;0
492166;1.43;1.01;0;1256.0;19.5;83.25;15.75;0;12.96;14.58;38.06;61.59;2.31;95123.0;0;0;45.0;4513.0;1002.63;800.77;1.0;1.0;0;1.0;0;0;1.0;0;0;1.0;0;0;1.0;1.0;0;0;0;0;0
492684;1.44;1.00;0;1193.0;19.5;83.25;20.25;0;13.72;14.48;35.23;82.96;2.31;95123.0;0;0;45.0;4507.0;1002.63;136.71;1.0;1.0;0;1.0;0;0;1.0;0;0;1.0;0;0;1.0;1.0;0;0;0;0;0
493204;1.41;1.02;0;1240.0;19.5;83.25;16.5;0;13.16;14.58;37.94;109.42;2.31;95123.0;0;0;46.0;4510.0;1002.63;58.59;1.0;1.0;0;1.0;0;0;1.0;0;0;1.0;0;0;1.0;1.0;0;0;0;0;0
493714;1.40;1.03;0;1263.0;19.5;83.25;15.0;0;12.87;14.48;119.48;134.26;2.31;95123.0;0;0;46.0;4504.0;1002.63;58.59;1.0;1.0;0;1.0;0;0;1.0;0;0;1.0;0;0;1.0;1.0;0;0;0;0;0
494235;1.46;1.05;0;1215.0;19.5;83.25;18.0;0;13.48;14.39;131.88;143.64;2.31;95123.0;0;0;46.0;4509.0;1002.63;390.62;1.0;1.0;0;1.0;0;0;1.0;0;0;1.0;0;0;1.0;1.0;0;0;0;0;0
494744;1.44;1.04;0;1276.0;19.5;83.25;13.5;0;12.64;14.39;119.03;159.79;2.31;95123.0;0;0;45.0;4515.0;1002.63;839.83;1.0;1.0;0;1.0;0;0;1.0;0;0;1.0;0;0;1.0;1.0;0;0;0;0;0
495264;1.42;1.03;0;1236.0;19.5;83.25;16.5;0;13.14;14.48;91.43;122.76;2.31;95123.0;0;0;46.0;4514.0;1002.63;820.30;1.0;1.0;0;1.0;0;0;1.0;0;0;1.0;0;0;1.0;1.0;0;0;0;0;0
495784;1.32;1.01;0;1285.0;19.5;83.25;13.5;0;12.61;14.48;85.01;96.10;2.31;95123.0;0;0;45.0;4503.0;1002.63;605.46;1.0;1.0;0;1.0;1.0;0;1.0;0;0;1.0;0;0;1.0;1.0;0;0;1.0;0;0
496294;1.32;1.01;0;1303.0;19.5;83.25;12.0;0;12.28;14.48;65.30;82.00;2.31;95123.0;0;0;45.0;4501.0;1002.63;58.59;1.0;1.0;0;1.0;0;0;1.0;0;0;1.0;0;0;1.0;1.0;0;0;0;0;0
496814;1.37;1.03;0;1262.0;19.5;83.25;14.25;0;12.72;14.58;45.13;59.74;2.31;95123.0;0;0;44.0;4513.0;1002.63;58.59;1.0;1.0;0;1.0;0;0;1.0;0;0;1.0;0;0;1.0;1.0;0;0;0;0;0
497334;1.39;1.04;0;1242.0;19.5;83.25;16.5;0;13.07;14.39;34.64;45.87;2.31;95123.0;0;0;44.0;4522.0;1002.63;761.70;1.0;1.0;0;1.0;0;0;1.0;0;0;1.0;0;0;1.0;1.0;0;0;0;0;0
497844;1.34;1.02;0;1282.0;19.5;83.25;13.5;0;12.56;14.58;28.80;33.39;2.31;95123.0;0;0;45.0;4525.0;1002.63;722.64;1.0;1.0;0;1.0;0;0;1.0;0;0;1.0;0;0;1.0;1.0;0;0;0;0;0
498364;1.47;1.03;0;1227.0;19.5;83.25;17.25;0;13.22;14.48;22.08;25.64;2.31;95123.0;0;0;45.0;4504.0;1002.63;585.93;1.0;1.0;0;1.0;0;0;1.0;0;0;1.0;0;0;1.0;1.0;0;0;0;0;0
498883;1.32;1.02;0;1291.0;19.5;83.25;12.75;0;12.38;14.48;16.05;19.66;2.31;95123.0;0;0;44.0;4522.0;1002.63;800.77;1.0;1.0;0;1.0;0;0;1.0;0;0;1.0;0;0;1.0;1.0;0;0;0;0;0
499394;6.28;1.00;0;1301.0;19.5;83.25;7.5;8.62;34.85;14.48;12.30;15.07;2.31;95123.0;0;0;63.0;4516.0;1002.63;937.48;1.0;1.0;0;1.0;0;0;1.0;0;0;1.0;0;0;1.0;1.0;0;0;0;0;0
499914;4.40;1.00;0;2011.0;19.5;83.25;15.0;11.76;32.63;14.29;66.61;76.96;2.58;95123.0;0;0;46.0;4564.0;1002.63;878.89;1.0;1.0;0;1.0;0;0;1.0;0;0;1.0;0;0;1.0;1.0;0;0;0;0;0
500424;5.08;1.00;11.0;2137.0;19.5;83.25;12.0;18.04;37.36;14.58;160.67;176.16;2.31;95123.0;12.0;12.0;46.0;4471.0;1002.63;839.83;1.0;1.0;0;1.0;0;0;1.0;0;0;1.0;0;0;1.0;1.0;0;0;0;0;0
500994;5.12;0.99;21.0;2483.0;19.5;83.25;15.0;24.31;38.37;14.39;213.71;190.18;2.31;95123.0;21.0;22.0;46.0;4400.0;1002.63;195.31;1.0;1.0;0;1.0;0;0;1.0;0;0;1.0;0;0;1.0;1.0;0;0;0;0;0
501513;5.85;1.03;31.0;3468.0;19.5;83.25;16.5;29.02;41.15;14.39;139.32;173.44;2.31;95123.0;30.0;32.0;46.0;4602.0;1002.63;859.36;1.0;1.0;0;1.0;0;0;1.0;0;0;1.0;0;0;1.0;1.0;0;0;0;0;0
502034;5.42;1.01;40.0;4433.0;19.5;83.25;24.75;29.80;40.93;14.48;129.19;219.73;2.31;95123.0;40.0;41.0;46.0;4617.0;1002.63;839.83;1.0;1.0;0;1.0;0;0;1.0;0;0;1.0;0;0;1.0;1.0;0;0;0;0;0
502594;6.37;1.00;45.0;3483.0;19.5;83.25;20.25;25.88;39.72;14.48;96.96;242.58;2.31;95123.0;44.0;45.0;46.0;4447.0;1002.63;878.89;2.0;1.0;0;1.0;0;0;1.0;0;0;1.0;0;0;1.0;1.0;0;0;0;0;0
503103;6.54;1.00;51.0;4039.0;19.5;83.25;18.0;34.90;45.88;14.39;118.05;162.60;2.31;95123.0;51.0;52.0;46.0;4605.0;1002.63;878.89;2.0;1.0;0;1.0;0;0;1.0;0;0;1.0;0;0;1.0;1.0;0;0;0;0;0
503624;6.06;0.96;62.0;4533.0;19.5;83.25;18.75;38.82;45.60;14.39;193.85;215.57;2.31;95123.0;56.0;63.0;46.0;4593.0;1002.55;214.84;2.0;1.0;0;1.0;0;0;1.0;0;0;1.0;0;0;1.0;1.0;0;0;0;0;0
504203;6.09;1.07;65.0;5083.0;18.75;83.25;24.0;39.22;41.82;14.48;256.76;273.86;2.31;95123.0;64.0;65.0;46.0;4554.0;1002.51;546.86;2.0;1.0;0;1.0;0;0;1.0;0;0;1.0;0;0;1.0;1.0;0;0;0;0;0
504723;7.33;1.00;68.0;4228.0;18.75;82.5;23.25;29.41;42.01;14.48;292.24;329.74;2.31;95123.0;68.0;69.0;47.0;4441.0;1002.35;878.89;3.0;1.0;0;1.0;0;0;1.0;0;0;1.0;0;0;1.0;1.0;0;0;0;0;0
505243;6.36;0.97;73.0;4471.0;18.75;82.5;19.5;37.65;45.32;14.48;334.45;342.39;2.31;95123.0;72.0;74.0;47.0;4571.0;1002.27;136.71;3.0;1.0;0;1.0;0;0;1.0;0;0;1.0;0;0;1.0;1.0;0;0;0;0;0
505753;6.17;1.07;77.0;4768.0;18.75;82.5;23.25;35.69;42.34;14.48;343.70;351.65;2.31;95123.0;77.0;78.0;47.0;4529.0;1002.31;820.30;3.0;1.0;0;1.0;0;0;1.0;0;0;1.0;0;0;1.0;1.0;0;0;0;0;0
506274;5.42;1.00;80.0;4273.0;18.75;81.75;31.5;21.17;32.62;14.48;344.89;351.26;2.31;95123.0;79.0;80.0;47.0;4397.0;1002.23;898.42;4.0;1.0;0;1.0;0;0;1.0;0;0;0;0;0;1.0;1.0;0;0;0;0;0
506793;6.72;1.00;83.0;4337.0;18.75;81.75;18.75;37.25;44.82;14.48;281.64;324.17;2.31;95123.0;82.0;84.0;47.0;4553.0;1002.16;878.89;4.0;1.0;0;1.0;0;0;1.0;0;0;0;0;0;1.0;1.0;0;0;0;0;0
507305;4.35;1.00;86.0;4491.0;18.75;81.75;34.5;18.43;28.73;14.48;323.06;268.75;2.31;95123.0;86.0;84.0;47.0;4385.0;1002.04;937.48;5.0;1.0;0;1.0;0;0;1.0;0;0;0;0;0;1.0;1.0;0;0;0;0;0
507823;6.58;1.00;88.0;4082.0;18.75;81.75;19.5;32.55;43.39;14.48;345.44;306.34;2.31;95123.0;86.0;89.0;47.0;4524.0;1001.92;878.89;5.0;1.0;0;1.0;0;0;1.0;0;0;0;0;0;1.0;1.0;0;0;0;0;0
508344;3.31;0.99;88.0;3793.0;18.75;81.75;36.0;10.98;23.54;14.39;226.64;260.39;2.31;95123.0;88.0;88.0;47.0;4426.0;1001.84;898.42;6.0;1.0;0;1.0;0;0;1.0;0;0;0;0;0;1.0;1.0;0;0;0;0;0
508853;2.84;0.92;88.0;3820.0;18.75;81.75;36.75;11.76;24.40;14.39;185.73;257.42;2.31;95123.0;89.0;89.0;47.0;4483.0;1001.73;800.77;6.0;1.0;0;1.0;0;0;1.0;0;0;0;0;0;1.0;1.0;0;0;0;0;0
509373;2.64;0.86;90.0;3823.0;18.75;81.75;36.75;11.37;24.17;14.48;244.88;313.59;2.31;95123.0;89.0;90.0;47.0;4500.0;1001.65;234.37;6.0;1.0;0;1.0;0;0;1.0;0;0;0;0;0;1.0;1.0;0;0;0;0;0
509883;2.31;0.92;90.0;3815.0;18.75;81.75;40.5;8.23;20.53;14.48;291.50;335.38;2.31;95123.0;89.0;91.0;47.0;4498.0;1001.61;859.36;6.0;1.0;0;1.0;0;0;1.0;0;0;0;0;0;1.0;1.0;0;0;0;0;0
510403;1.04;1.00;88.0;3771.0;18.75;81.75;42.0;2.74;8.73;14.48;331.07;348.47;2.31;95123.0;89.0;89.0;47.0;4502.0;1001.53;917.95;6.0;1.0;0;1.0;0;0;1.0;0;0;0;0;0;1.0;1.0;0;0;0;0;0
510924;1.56;0.98;88.0;3742.0;18.75;81.75;43.5;4.70;12.91;14.48;341.85;342.90;2.31;95123.0;88.0;89.0;47.0;4500.0;1001.53;898.42;6.0;1.0;0;1.0;0;0;1.0;0;0;0;0;0;1.0;1.0;0;0;0;0;0
511434;1.61;0.95;87.0;3695.0;18.75;81.75;42.75;4.70;13.83;14.58;350.13;344.76;2.31;95123.0;87.0;87.0;47.0;4510.0;1001.49;898.42;6.0;1.0;0;1.0;0;0;1.0;0;0;0;0;0;1.0;1.0;0;0;0;0;0
512004;1.64;0.92;87.0;3682.0;18.75;81.75;42.0;5.09;14.51;14.48;347.94;329.72;2.31;95123.0;86.0;87.0;47.0;4500.0;1001.49;878.89;6.0;1.0;0;1.0;0;0;1.0;0;0;0;0;0;1.0;1.0;0;0;0;0;0
512514;2.90;0.99;87.0;3720.0;18.75;81.75;38.25;9.80;22.16;14.48;346.26;346.73;2.31;95123.0;86.0;87.0;47.0;4509.0;1001.49;878.89;6.0;1.0;0;1.0;0;0;1.0;0;0;0;0;0;1.0;1.0;0;0;0;0;0
513034;2.84;0.92;87.0;3695.0;18.75;81.0;36.0;11.37;24.11;14.58;193.91;194.75;2.31;95123.0;86.0;88.0;48.0;4530.0;1001.45;761.70;6.0;1.0;0;1.0;0;0;1.0;0;0;0;0;0;1.0;1.0;0;0;0;0;0
513554;2.71;0.89;88.0;3787.0;18.75;81.0;36.0;11.37;24.14;14.48;83.37;88.29;2.31;95123.0;87.0;89.0;48.0;4528.0;1001.45;214.84;6.0;1.0;0;1.0;0;0;1.0;0;0;0;0;0;1.0;1.0;0;0;0;0;0
514064;2.77;0.91;90.0;3792.0;18.75;81.0;37.5;11.37;23.90;14.48;35.75;37.90;2.31;95123.0;89.0;90.0;48.0;4518.0;1001.45;624.99;6.0;1.0;0;1.0;0;0;1.0;0;0;0;0;0;1.0;1.0;0;0;0;0;0
514583;2.78;0.93;91.0;3861.0;18.75;81.0;37.5;10.98;23.53;14.58;16.11;16.22;2.31;95123.0;89.0;91.0;48.0;4516.0;1001.45;839.83;6.0;1.0;0;1.0;0;0;1.0;0;0;0;0;0;1.0;1.0;0;0;0;0;0
515104;2.50;0.87;91.0;3903.0;18.75;81.0;39.0;10.19;22.58;14.48;5.80;7.65;2.31;95123.0;90.0;92.0;48.0;4517.0;1001.45;136.71;6.0;1.0;0;1.0;0;0;1.0;0;0;0;0;0;1.0;1.0;0;0;0;0;0
515614;3.13;0.93;92.0;3909.0;18.75;81.0;36.0;13.33;25.55;14.48;3.45;3.00;2.31;95123.0;91.0;92.0;48.0;4511.0;1001.45;624.99;6.0;1.0;0;1.0;0;0;1.0;0;0;0;0;0;1.0;1.0;0;0;0;0;0
516134;3.53;0.99;93.0;3962.0;18.75;81.0;34.5;15.68;27.67;14.48;1.36;1.19;2.31;95123.0;92.0;93.0;48.0;4546.0;1001.45;820.30;6.0;1.0;0;1.0;0;0;1.0;0;0;0;0;0;1.0;1.0;0;0;0;0;0
516654;3.38;0.92;95.0;4075.0;18.75;81.0;35.25;15.68;28.32;14.48;1.91;1.44;2.31;95123.0;93.0;96.0;48.0;4539.0;1001.45;683.58;6.0;1.0;0;1.0;0;0;1.0;0;0;0;0;0;1.0;1.0;0;0;0;0;0
517163;3.14;0.92;96.0;4081.0;18.75;81.0;36.0;14.51;26.97;14.48;1.69;2.59;2.31;95123.0;96.0;96.0;48.0;4539.0;1001.45;507.80;6.0;1.0;0;1.0;0;0;1.0;0;0;0;0;0;1.0;1.0;0;0;0;0;0
517684;3.26;0.93;97.0;4152.0;18.75;81.0;36.0;14.90;27.26;14.48;0.58;3.06;2.31;95123.0;97.0;98.0;48.0;4559.0;1001.45;175.77;6.0;1.0;0;1.0;0;0;1.0;0;0;0;0;0;1.0;1.0;0;0;0;0;0
518214;3.44;0.98;100.0;4232.0;18.75;81.0;36.0;14.90;27.07;14.48;0.87;1.89;2.31;95123.0;98.0;100.0;48.0;4523.0;1001.45;644.52;6.0;1.0;0;1.0;0;0;1.0;0;0;0;0;0;1.0;1.0;0;0;0;0;0
518774;3.2;0.98;101.0;4247.0;18.75;81.0;37.5;13.72;26.01;14.48;0.25;0.62;2.31;95123.0;100.0;101.0;48.0;4545.0;1001.53;839.83;6.0;1.0;0;1.0;0;0;1.0;0;0;0;0;0;1.0;1.0;0;0;0;0;0
519294;3.19;0.97;101.0;4280.0;18.75;81.0;38.25;13.33;25.58;14.48;0;0.07;2.31;95123.0;101.0;102.0;48.0;4516.0;1001.49;820.30;6.0;1.0;0;1.0;0;0;1.0;0;0;0;0;0;1.0;1.0;0;0;0;0;0
519844;3.04;0.95;102.0;4374.0;18.75;81.0;39.75;12.55;24.75;14.48;0;0;2.31;95123.0;102.0;103.0;48.0;4508.0;1001.69;820.30;6.0;1.0;0;1.0;0;0;1.0;0;0;0;0;0;1.0;1.0;0;0;0;0;0
520364;3.16;0.98;103.0;4410.0;18.75;81.0;39.0;13.33;25.18;14.58;0;0;2.31;95123.0;102.0;104.0;48.0;4510.0;1001.77;507.80;6.0;1.0;0;1.0;0;0;1.0;0;0;0;0;0;1.0;1.0;0;0;0;0;0
520873;3.4;1.02;105.0;4458.0;18.75;81.0;38.25;14.51;25.92;14.58;0;0;2.31;95123.0;104.0;105.0;48.0;4533.0;1001.80;781.24;6.0;1.0;0;1.0;0;0;1.0;0;0;0;0;0;1.0;1.0;0;0;0;0;0
521394;3.23;0.98;106.0;4482.0;18.75;81.0;38.25;14.11;25.61;14.58;1.01;1.66;2.31;95123.0;105.0;106.0;48.0;4517.0;1001.84;97.65;6.0;1.0;0;1.0;0;0;1.0;0;0;0;0;0;1.0;1.0;0;0;0;0;0
521914;3.37;1.02;106.0;4524.0;18.75;81.0;38.25;14.11;25.49;14.48;0.29;0.48;2.31;95123.0;106.0;107.0;48.0;4526.0;1001.92;761.70;6.0;1.0;0;1.0;0;0;1.0;0;0;0;0;0;1.0;1.0;0;0;0;0;0
522423;3.34;1.03;107.0;4588.0;18.75;81.0;39.75;13.72;25.15;14.48;1.60;1.19;2.31;95123.0;107.0;108.0;48.0;4516.0;1001.92;839.83;6.0;1.0;0;1.0;0;0;1.0;0;0;0;0;0;1.0;1.0;0;0;0;0;0
522944;3.10;1.01;108.0;4611.0;18.75;81.0;41.25;12.94;23.99;14.48;2.08;0.31;2.31;95123.0;107.0;109.0;48.0;4522.0;1002.08;839.83;6.0;1.0;0;1.0;0;0;1.0;0;0;0;0;0;1.0;1.0;0;0;0;0;0
523464;2.73;0.96;108.0;4615.0;18.75;81.0;42.0;11.37;22.45;14.48;2.63;1.11;2.31;95123.0;108.0;109.0;48.0;4513.0;1002.16;742.17;6.0;1.0;0;1.0;0;0;1.0;0;0;0;0;0;1.0;1.0;0;0;0;0;0
523974;2.50;0.97;108.0;4647.0;18.75;81.0;44.25;9.41;20.18;14.48;0.85;1.69;2.31;95123.0;108.0;109.0;48.0;4500.0;1002.35;761.70;6.0;1.0;0;1.0;0;0;1.0;0;0;0;0;0;1.0;1.0;0;0;0;0;0
524494;2.2;0.93;108.0;4635.0;18.75;81.0;45.75;8.23;18.50;14.48;0.87;0.33;2.31;95123.0;108.0;109.0;48.0;4489.0;1002.63;527.33;6.0;1.0;0;1.0;0;0;1.0;0;0;0;0;0;1.0;1.0;0;0;0;0;0
525014;2.23;0.97;108.0;4620.0;18.75;80.25;46.5;8.23;18.30;14.48;0.21;0;2.31;95123.0;108.0;109.0;48.0;4487.0;1002.70;761.70;6.0;1.0;0;1.0;0;0;1.0;0;0;0;0;0;1.0;1.0;0;0;0;0;0
525524;2.29;0.96;108.0;4600.0;18.75;80.25;45.75;8.23;18.85;14.48;1.34;0;2.31;95123.0;108.0;109.0;48.0;4530.0;1002.74;781.24;6.0;1.0;0;1.0;0;0;1.0;0;0;0;0;0;1.0;1.0;0;0;0;0;0
526044;1.62;0.94;108.0;4587.0;18.75;80.25;48.0;5.88;14.03;14.48;1.97;0.78;2.31;95123.0;108.0;108.0;48.0;4457.0;1002.70;839.83;6.0;1.0;0;1.0;0;0;1.0;0;0;0;0;0;1.0;1.0;0;0;0;0;0
526564;1.65;0.91;107.0;4565.0;18.75;80.25;48.0;6.27;14.31;14.48;0.60;1.28;2.31;95123.0;107.0;108.0;48.0;4469.0;1002.78;839.83;6.0;1.0;0;1.0;0;0;1.0;0;0;0;0;0;1.0;1.0;0;0;0;0;0
527074;1.84;0.88;107.0;4504.0;18.75;80.25;46.5;7.05;16.67;14.48;0.11;0.35;2.31;95123.0;106.0;107.0;48.0;4504.0;1002.94;58.59;6.0;1.0;0;1.0;0;0;1.0;0;0;0;0;0;1.0;1.0;0;0;0;0;0
527594;2.2;0.93;106.0;4496.0;18.75;80.25;45.75;8.23;18.93;14.48;1.30;2.89;2.31;95123.0;106.0;107.0;48.0;4545.0;1002.94;781.24;6.0;1.0;0;1.0;0;0;1.0;0;0;0;0;0;1.0;1.0;0;0;0;0;0
528114;2.27;0.91;106.0;4492.0;18.75;80.25;45.0;8.62;19.75;14.58;1.48;0.99;2.31;95123.0;105.0;107.0;48.0;4535.0;1003.05;195.31;6.0;1.0;0;1.0;0;0;1.0;0;0;0;0;0;1.0;1.0;0;0;0;0;0
528624;2.55;0.93;106.0;4493.0;18.75;80.25;43.5;9.80;21.09;14.58;0.46;0.25;2.31;95123.0;106.0;107.0;48.0;4513.0;1003.09;195.31;6.0;1.0;0;1.0;0;0;1.0;0;0;0;0;0;1.0;1.0;0;0;0;0;0
529144;2.70;0.98;106.0;4521.0;18.75;80.25;42.0;10.19;21.83;14.48;0.03;0;2.31;95123.0;106.0;107.0;48.0;4531.0;1003.25;800.77;6.0;1.0;0;1.0;0;0;1.0;0;0;0;0;0;1.0;1.0;0;0;0;0;0
529664;2.67;0.94;107.0;4522.0;18.75;80.25;42.75;10.58;22.16;14.48;1.66;0;2.31;95123.0;106.0;107.0;48.0;4525.0;1003.21;175.77;6.0;1.0;0;1.0;0;0;1.0;0;0;0;0;0;1.0;1.0;0;0;0;0;0
530174;2.81;1.00;107.0;4537.0;18.75;80.25;42.75;10.58;22.12;14.48;1.48;2.22;2.31;95124.0;105.0;108.0;48.0;4527.0;1003.29;820.30;6.0;1.0;0;1.0;0;0;1.0;0;0;0;0;0;1.0;1.0;0;0;0;0;0
530694;2.56;0.95;107.0;4561.0;18.75;80.25;43.5;9.80;21.29;14.48;0.42;0.74;2.31;95124.0;106.0;107.0;48.0;4506.0;1003.41;449.21;6.0;1.0;0;1.0;0;0;1.0;0;0;0;0;0;1.0;1.0;0;0;0;0;0
531214;2.4;0.96;107.0;4532.0;18.75;80.25;45.0;8.62;19.61;14.48;0.01;0.17;2.31;95124.0;107.0;107.0;48.0;4472.0;1003.56;781.24;6.0;1.0;0;1.0;0;0;1.0;0;0;0;0;0;1.0;1.0;0;0;0;0;0
531724;2.12;0.91;107.0;4526.0;18.75;80.25;45.75;8.23;18.60;14.48;0;1.30;2.31;95124.0;106.0;107.0;48.0;4487.0;1003.56;117.18;6.0;1.0;0;1.0;0;0;1.0;0;0;0;0;0;1.0;1.0;0;0;0;0;0
532244;2.26;0.95;107.0;4540.0;18.75;80.25;45.75;8.23;18.85;14.48;0;0.35;2.31;95124.0;106.0;107.0;48.0;4512.0;1003.72;839.83;6.0;1.0;0;1.0;0;0;1.0;0;0;0;0;0;1.0;1.0;0;0;0;0;0
532764;1.84;0.89;106.0;4455.0;18.75;80.25;46.5;7.05;16.88;14.39;1.66;1.13;2.31;95124.0;106.0;107.0;48.0;4491.0;1003.76;507.80;6.0;1.0;0;1.0;0;0;1.0;0;0;0;0;0;1.0;1.0;0;0;0;0;0
533273;1.78;0.90;105.0;4468.0;18.75;80.25;46.5;6.66;15.70;14.58;1.48;2.71;2.31;95124.0;105.0;106.0;48.0;4469.0;1003.80;839.83;6.0;1.0;0;1.0;0;0;1.0;0;0;0;0;0;1.0;1.0;0;0;0;0;0
533794;1.43;0.87;105.0;4439.0;18.75;80.25;47.25;5.49;13.17;14.48;2.14;0.87;2.31;95124.0;104.0;105.0;48.0;4480.0;1003.95;800.77;6.0;1.0;0;1.0;0;0;1.0;0;0;0;0;0;1.0;1.0;0;0;0;0;0
534314;1.40;0.84;103.0;4382.0;18.75;80.25;47.25;5.49;13.33;14.58;0.66;2.89;2.31;95124.0;103.0;104.0;48.0;4493.0;1004.07;527.33;6.0;1.0;0;1.0;0;0;1.0;0;0;0;0;0;1.0;1.0;0;0;0;0;0
534834;1.33;0.84;102.0;4347.0;18.75;80.25;46.5;5.09;12.72;14.48;0.15;4.29;2.31;95124.0;101.0;102.0;48.0;4518.0;1004.19;117.18;6.0;1.0;0;1.0;0;0;1.0;0;0;0;0;0;1.0;1.0;0;0;0;0;0
535394;0.81;0.85;101.0;4252.0;18.75;80.25;47.25;2.35;7.38;14.48;0.89;1.62;2.31;95124.0;101.0;101.0;48.0;4529.0;1004.30;839.83;6.0;1.0;0;1.0;0;0;1.0;0;0;0;0;0;1.0;1.0;0;0;0;0;0
535954;0.61;1.00;97.0;4177.0;18.75;80.25;46.5;0.39;4.77;14.58;0.19;0.39;2.31;95124.0;98.0;98.0;48.0;4346.0;1004.38;39.06;6.0;1.0;0;1.0;0;0;1.0;0;0;0;0;0;1.0;1.0;0;0;0;0;0
536475;0.54;1.00;95.0;4050.0;18.75;80.25;-30.0;0;0;14.58;0;0.03;2.31;95124.0;95.0;96.0;48.0;4232.0;1004.46;0;6.0;1.0;0;1.0;0;0;1.0;0;0;0;0;0;1.0;1.0;0;0;0;0;0
537034;0.73;1.00;93.0;3943.0;18.75;80.25;45.75;1.17;5.51;14.48;0.72;0;2.31;95124.0;93.0;93.0;48.0;4178.0;1004.62;58.59;6.0;1.0;0;1.0;0;0;1.0;0;0;0;0;0;1.0;1.0;0;0;0;0;0
537554;2.05;0.99;91.0;3874.0;18.75;80.25;43.5;5.88;15.64;14.39;0.23;1.38;2.31;95124.0;91.0;92.0;48.0;4311.0;1004.77;898.42;6.0;1.0;0;1.0;0;0;1.0;0;0;0;0;0;1.0;1.0;0;0;0;0;0
538064;2.81;0.94;92.0;3908.0;18.75;81.0;39.0;10.19;22.39;14.58;0;0.48;2.31;95124.0;91.0;92.0;48.0;4455.0;1004.85;839.83;6.0;1.0;0;1.0;0;0;1.0;0;0;0;0;0;1.0;1.0;0;0;0;0;0
538586;2.58;0.86;92.0;3924.0;18.75;81.0;38.25;10.98;23.53;14.48;0;0.03;2.31;95124.0;92.0;93.0;48.0;4513.0;1004.97;429.68;6.0;1.0;0;1.0;0;0;1.0;0;0;0;0;0;1.0;1.0;0;0;0;0;0
539154;3.10;0.96;93.0;3935.0;18.75;81.0;36.75;12.94;25.68;14.58;0;0;2.31;95124.0;94.0;93.0;48.0;4538.0;1005.01;664.05;6.0;1.0;0;1.0;0;0;1.0;0;0;0;0;0;1.0;1.0;0;0;0;0;0
539664;3.23;0.96;93.0;3960.0;18.75;81.0;36.0;13.72;26.35;14.48;0;0.95;2.31;95124.0;93.0;94.0;48.0;4518.0;1005.05;820.30;6.0;1.0;0;1.0;0;0;1.0;0;0;0;0;0;1.0;1.0;0;0;0;0;0
540184;3.33;0.93;95.0;3989.0;18.75;81.0;35.25;15.29;27.49;14.48;2.18;0.23;2.31;95124.0;93.0;95.0;48.0;4528.0;1005.09;488.27;6.0;1.0;0;1.0;0;0;1.0;0;0;0;0;0;1.0;1.0;0;0;0;0;0
540704;3.32;0.94;95.0;4054.0;18.75;81.0;36.0;14.90;27.24;14.48;3.51;0;2.31;95124.0;94.0;95.0;48.0;4528.0;1005.09;624.99;6.0;1.0;0;1.0;0;0;1.0;0;0;0;0;0;1.0;1.0;0;0;0;0;0
541214;3.27;0.97;95.0;4052.0;18.75;81.0;36.75;13.33;26.15;14.39;2.65;0;2.31;95124.0;95.0;96.0;48.0;4522.0;1005.09;859.36;6.0;1.0;0;1.0;0;0;1.0;0;0;0;0;0;1.0;1.0;0;0;0;0;0
541734;3.04;0.90;95.0;4078.0;18.75;81.0;36.75;13.72;26.22;14.58;0.99;0.89;2.31;95124.0;95.0;96.0;48.0;4516.0;1005.13;136.71;6.0;1.0;0;1.0;0;0;1.0;0;0;0;0;0;1.0;1.0;0;0;0;0;0
542254;3.00;0.92;96.0;4052.0;18.75;81.0;37.5;12.55;25.23;14.48;0.29;0.27;2.31;95124.0;95.0;96.0;48.0;4502.0;1005.13;761.70;6.0;1.0;0;1.0;0;0;1.0;0;0;0;0;0;1.0;1.0;0;0;0;0;0
542834;2.95;0.91;96.0;4062.0;18.75;81.0;37.5;12.55;25.26;14.58;0;0;2.31;95124.0;95.0;96.0;48.0;4520.0;1005.13;781.24;6.0;1.0;0;1.0;0;0;1.0;0;0;0;0;0;1.0;1.0;0;0;0;0;0
543354;2.97;0.91;95.0;4067.0;18.75;81.0;37.5;12.55;25.46;14.48;2.08;0;2.31;95124.0;95.0;96.0;48.0;4511.0;1005.13;605.46;6.0;1.0;0;1.0;0;0;1.0;0;0;0;0;0;1.0;1.0;0;0;0;0;0
543874;2.91;0.89;96.0;4059.0;18.75;81.0;37.5;12.94;25.52;14.58;0.56;1.38;2.31;95124.0;95.0;96.0;48.0;4516.0;1005.13;234.37;6.0;1.0;0;1.0;0;0;1.0;0;0;0;0;0;1.0;1.0;0;0;0;0;0
544384;2.95;0.91;96.0;4079.0;18.75;81.0;37.5;12.15;25.16;14.58;1.28;0.44;2.31;95124.0;95.0;96.0;48.0;4519.0;1005.13;781.24;6.0;1.0;0;1.0;0;0;1.0;0;0;0;0;0;1.0;1.0;0;0;0;0;0
544904;2.98;0.92;96.0;4064.0;18.75;81.0;37.5;12.55;25.43;14.58;1.69;0.07;2.31;95124.0;95.0;96.0;48.0;4517.0;1005.13;781.24;6.0;1.0;0;1.0;0;0;1.0;0;0;0;0;0;1.0;1.0;0;0;0;0;0
545424;2.92;0.90;96.0;4093.0;18.75;81.0;37.5;12.55;25.32;14.29;2.69;0.93;2.58;95124.0;95.0;96.0;48.0;4519.0;1005.13;585.93;6.0;1.0;0;1.0;0;0;1.0;0;0;0;0;0;1.0;1.0;0;0;0;0;0
545933;2.93;0.91;96.0;4077.0;18.75;81.0;37.5;12.15;25.07;14.58;3.08;1.26;2.31;95124.0;95.0;96.0;48.0;4514.0;1005.13;546.86;6.0;1.0;0;1.0;0;0;1.0;0;0;0;0;0;1.0;1.0;0;0;0;0;0
546454;2.99;0.93;96.0;4076.0;18.75;81.0;37.5;12.15;25.07;14.48;3.24;2.12;2.31;95124.0;95.0;96.0;48.0;4507.0;1005.13;683.58;6.0;1.0;0;1.0;0;0;1.0;0;0;0;0;0;1.0;1.0;0;0;0;0;0
546974;3.00;0.93;96.0;4054.0;18.75;81.0;37.5;12.55;25.20;14.58;2.63;2.07;2.31;95124.0;95.0;96.0;48.0;4520.0;1005.13;742.17;6.0;1.0;0;1.0;0;0;1.0;0;0;0;0;0;1.0;1.0;0;0;0;0;0
547484;2.88;0.90;96.0;4082.0;18.75;81.0;37.5;12.15;25.05;14.58;0.97;0.72;2.31;95124.0;95.0;97.0;48.0;4511.0;1005.13;624.99;6.0;1.0;0;1.0;0;0;1.0;0;0;0;0;0;1.0;1.0;0;0;0;0;0
548004;2.93;0.90;96.0;4079.0;18.75;81.0;37.5;12.55;25.16;14.48;0.29;0.21;2.31;95124.0;95.0;96.0;48.0;4512.0;1005.13;683.58;6.0;1.0;0;1.0;0;0;1.0;0;0;0;0;0;1.0;1.0;0;0;0;0;0
548523;2.93;0.90;96.0;4094.0;18.75;81.0;37.5;12.15;25.06;14.48;1.19;0;2.31;95124.0;95.0;96.0;48.0;4516.0;1005.13;332.02;6.0;1.0;0;1.0;0;0;1.0;0;0;0;0;0;1.0;1.0;0;0;0;0;0
549033;2.94;0.91;96.0;4084.0;18.75;81.0;37.5;12.15;25.07;14.48;1.56;0;2.31;95124.0;96.0;96.0;48.0;4510.0;1005.13;722.64;6.0;1.0;0;1.0;0;0;1.0;0;0;0;0;0;1.0;1.0;0;0;0;0;0
549554;3.01;0.93;96.0;4123.0;18.75;81.0;37.5;12.55;25.32;14.48;1.69;0;2.31;95124.0;94.0;97.0;48.0;4535.0;1005.13;820.30;6.0;1.0;0;1.0;0;0;1.0;0;0;0;0;0;1.0;1.0;0;0;0;0;0
550073;2.88;0.91;96.0;4060.0;18.75;81.0;38.25;12.15;24.75;14.48;1.48;2.08;2.31;95124.0;96.0;96.0;48.0;4514.0;1005.13;800.77;6.0;1.0;0;1.0;0;0;1.0;0;0;0;0;0;1.0;1.0;0;0;0;0;0
550593;2.82;0.89;96.0;4045.0;18.75;81.75;37.5;12.15;24.83;14.48;7.46;16.67;2.31;95124.0;96.0;96.0;47.0;4516.0;1005.13;703.11;6.0;1.0;0;1.0;0;0;1.0;0;0;0;0;0;1.0;1.0;0;0;0;0;0
551105;2.93;0.92;96.0;4096.0;18.75;81.75;37.5;12.15;24.90;14.58;161.33;188.34;2.31;95124.0;95.0;96.0;47.0;4515.0;1005.13;703.11;6.0;1.0;0;1.0;0;0;1.0;0;0;0;0;0;1.0;1.0;0;0;0;0;0
551624;2.88;0.91;96.0;4067.0;18.75;81.75;37.5;12.15;24.85;14.48;240.25;247.24;2.31;95124.0;95.0;96.0;47.0;4508.0;1005.13;820.30;6.0;1.0;0;1.0;0;0;1.0;0;0;0;0;0;1.0;1.0;0;0;0;0;0
552144;2.78;0.87;96.0;4056.0;18.75;81.75;37.5;12.15;24.82;14.48;290.27;230.84;2.31;95124.0;95.0;96.0;47.0;4512.0;1005.01;195.31;6.0;1.0;0;1.0;0;0;1.0;0;0;0;0;0;1.0;1.0;0;0;0;0;0
552653;2.82;0.88;96.0;4065.0;18.75;81.75;37.5;12.15;24.82;14.39;285.48;233.87;2.31;95124.0;95.0;96.0;47.0;4518.0;1005.01;429.68;6.0;1.0;0;1.0;0;0;1.0;0;0;0;0;0;1.0;1.0;0;0;0;0;0
553242;2.84;0.92;95.0;4014.0;18.75;81.75;38.25;11.37;24.14;14.48;244.00;296.56;2.31;95124.0;94.0;95.0;47.0;4511.0;1004.97;820.30;6.0;1.0;0;1.0;0;0;1.0;0;0;0;0;0;1.0;1.0;0;0;0;0;0
553784;2.68;0.88;95.0;4029.0;18.75;81.75;39.0;11.37;23.81;14.48;246.39;252.54;2.31;95124.0;95.0;96.0;47.0;4500.0;1004.85;703.11;6.0;1.0;0;1.0;0;0;1.0;0;0;0;0;0;1.0;1.0;0;0;0;0;0
554304;2.64;0.88;95.0;4053.0;18.75;81.75;39.0;10.98;23.43;14.48;268.18;194.14;2.31;95124.0;95.0;96.0;47.0;4508.0;1004.97;781.24;6.0;1.0;0;1.0;0;0;1.0;0;0;0;0;0;1.0;1.0;0;0;0;0;0
554814;2.54;0.87;95.0;4058.0;18.75;81.75;39.75;10.58;22.97;14.48;204.79;202.52;2.31;95124.0;95.0;96.0;47.0;4509.0;1004.81;117.18;6.0;1.0;0;1.0;0;0;1.0;0;0;0;0;0;1.0;1.0;0;0;0;0;0
555334;2.68;0.92;95.0;4026.0;18.75;81.75;39.75;10.19;22.76;14.39;144.81;196.86;2.31;95124.0;95.0;96.0;47.0;4500.0;1004.70;820.30;6.0;1.0;0;1.0;0;0;1.0;0;0;0;0;0;1.0;1.0;0;0;0;0;0
555854;2.53;0.87;95.0;4048.0;18.75;81.75;39.75;10.19;22.78;14.48;211.86;235.31;2.31;95124.0;95.0;96.0;47.0;4513.0;1004.58;175.77;6.0;1.0;0;1.0;0;0;1.0;0;0;0;0;0;1.0;1.0;0;0;0;0;0
556374;2.68;0.93;96.0;4045.0;18.75;81.75;39.75;10.19;22.79;14.48;254.57;307.92;2.31;95124.0;95.0;96.0;47.0;4510.0;1004.66;820.30;6.0;1.0;0;1.0;0;0;1.0;0;0;0;0;0;1.0;1.0;0;0;0;0;0
556884;2.47;0.89;95.0;4078.0;18.75;81.75;40.5;9.80;22.08;14.48;266.72;329.54;2.31;95124.0;95.0;96.0;47.0;4516.0;1004.73;371.08;6.0;1.0;0;1.0;0;0;1.0;0;0;0;0;0;1.0;1.0;0;0;0;0;0
557404;2.48;0.91;96.0;4059.0;18.75;82.5;41.25;9.41;21.47;14.48;326.26;311.83;2.31;95124.0;95.0;96.0;47.0;4512.0;1004.70;546.86;6.0;1.0;0;1.0;0;0;1.0;0;0;0;0;0;1.0;1.0;0;0;0;0;0
557924;2.41;0.89;96.0;4085.0;18.75;82.5;41.25;9.41;21.37;14.58;320.87;263.47;2.31;95124.0;95.0;96.0;47.0;4501.0;1004.62;566.39;6.0;1.0;0;1.0;0;0;1.0;0;0;0;0;0;1.0;1.0;0;0;0;0;0
558433;2.37;0.87;96.0;4067.0;18.75;82.5;41.25;9.02;21.42;14.48;280.88;290.05;2.31;95124.0;95.0;96.0;47.0;4516.0;1004.54;136.71;6.0;1.0;0;1.0;0;0;1.0;0;0;0;0;0;1.0;1.0;0;0;0;0;0
558954;2.46;0.91;96.0;4063.0;18.75;82.5;41.25;9.41;21.37;14.39;247.15;298.35;2.31;95124.0;95.0;96.0;47.0;4520.0;1004.42;820.30;6.0;1.0;0;1.0;0;0;1.0;0;0;0;0;0;1.0;1.0;0;0;0;0;0
559474;2.41;0.89;96.0;4082.0;18.75;82.5;41.25;9.41;21.39;14.48;237.30;259.61;2.31;95124.0;95.0;96.0;47.0;4508.0;1004.50;683.58;6.0;1.0;0;1.0;0;0;1.0;0;0;0;0;0;1.0;1.0;0;0;0;0;0
559984;2.45;0.91;96.0;4080.0;18.75;82.5;41.25;9.41;21.40;14.48;233.20;258.28;2.31;95124.0;96.0;97.0;47.0;4516.0;1004.46;800.77;6.0;1.0;0;1.0;0;0;1.0;0;0;0;0;0;1.0;1.0;0;0;0;0;0
560504;2.36;0.87;96.0;4121.0;18.75;82.5;41.25;9.41;21.33;14.48;207.42;193.73;2.31;95124.0;96.0;97.0;47.0;4519.0;1004.54;175.77;6.0;1.0;0;1.0;0;0;1.0;0;0;0;0;0;1.0;1.0;0;0;0;0;0
561024;2.47;0.91;96.0;4109.0;18.75;82.5;41.25;9.41;21.34;14.48;186.19;184.32;2.31;95124.0;96.0;97.0;47.0;4521.0;1004.50;781.24;6.0;1.0;0;1.0;0;0;1.0;0;0;0;0;0;1.0;1.0;0;0;0;0;0
561543;2.4;0.88;96.0;4095.0;18.75;82.5;41.25;9.41;21.56;14.48;194.79;169.95;2.31;95124.0;96.0;97.0;47.0;4509.0;1004.46;234.37;6.0;1.0;0;1.0;0;0;1.0;0;0;0;0;0;1.0;1.0;0;0;0;0;0
562054;2.48;0.91;97.0;4117.0;18.75;82.5;41.25;9.41;21.36;14.58;289.08;230.33;2.31;95124.0;96.0;97.0;47.0;4506.0;1004.46;742.17;6.0;1.0;0;1.0;0;0;1.0;0;0;0;0;0;1.0;1.0;0;0;0;0;0
562574;2.39;0.89;97.0;4099.0;18.75;82.5;41.25;9.41;21.55;14.39;313.55;310.31;2.31;95124.0;97.0;97.0;47.0;4507.0;1004.62;683.58;6.0;1.0;0;1.0;0;0;1.0;0;0;0;0;0;1.0;1.0;0;0;0;0;0
563093;2.46;0.91;96.0;4123.0;18.75;82.5;41.25;9.41;21.56;14.58;319.56;326.61;2.31;95124.0;96.0;97.0;47.0;4517.0;1004.54;781.24;6.0;1.0;0;1.0;0;0;1.0;0;0;0;0;0;1.0;1.0;0;0;0;0;0
563674;2.30;0.85;97.0;4109.0;18.75;82.5;41.25;9.41;21.34;14.58;309.80;303.90;2.31;95124.0;96.0;97.0;47.0;4523.0;1004.58;58.59;6.0;1.0;0;1.0;0;0;1.0;0;0;0;0;0;1.0;1.0;0;0;0;0;0
564193;2.52;0.92;97.0;4110.0;18.75;82.5;41.25;9.41;21.53;14.48;282.57;306.19;2.31;95124.0;96.0;97.0;47.0;4530.0;1004.62;800.77;6.0;1.0;0;1.0;0;0;1.0;0;0;0;0;0;1.0;1.0;0;0;0;0;0
564713;2.41;0.88;96.0;4093.0;18.75;82.5;41.25;9.41;21.57;14.48;233.83;311.34;2.31;95124.0;96.0;97.0;47.0;4511.0;1004.62;683.58;6.0;1.0;0;1.0;0;0;1.0;0;0;0;0;0;1.0;1.0;0;0;0;0;0
565223;2.40;0.88;96.0;4116.0;18.75;82.5;41.25;9.41;21.55;14.58;249.84;271.91;2.31;95124.0;96.0;97.0;47.0;4511.0;1004.62;312.49;6.0;1.0;0;1.0;0;0;1.0;0;0;0;0;0;1.0;1.0;0;0;0;0;0
565744;2.46;0.90;96.0;4116.0;18.75;82.5;41.25;9.41;21.55;14.48;258.18;231.84;2.31;95124.0;96.0;97.0;47.0;4515.0;1004.70;683.58;6.0;1.0;0;1.0;0;0;1.0;0;0;0;0;0;1.0;1.0;0;0;0;0;0
566263;2.47;0.91;96.0;4092.0;18.75;82.5;40.5;9.41;21.59;14.48;189.51;232.46;2.31;95125.0;96.0;97.0;47.0;4511.0;1004.73;761.70;6.0;1.0;0;1.0;0;0;1.0;0;0;0;0;0;1.0;1.0;0;0;0;0;0
566783;2.41;0.88;96.0;4090.0;18.75;81.75;40.5;9.41;21.59;14.58;218.59;183.13;2.31;95125.0;96.0;97.0;47.0;4525.0;1004.85;722.64;6.0;1.0;0;1.0;0;0;1.0;0;0;0;0;0;1.0;1.0;0;0;0;0;0
567293;2.41;0.89;97.0;4130.0;18.75;81.75;41.25;9.41;21.55;14.48;195.82;221.60;2.31;95125.0;96.0;97.0;47.0;4510.0;1004.89;664.05;6.0;1.0;0;1.0;0;0;1.0;0;0;0;0;0;1.0;1.0;0;0;0;0;0
567813;2.43;0.89;96.0;4113.0;18.75;81.75;41.25;9.41;21.52;14.48;232.64;252.87;2.31;95125.0;96.0;97.0;47.0;4508.0;1004.89;546.86;6.0;1.0;0;1.0;0;0;1.0;0;0;0;0;0;1.0;1.0;0;0;0;0;0
568333;2.48;0.91;97.0;4105.0;18.75;81.75;41.25;9.41;21.56;14.48;295.07;317.28;2.31;95125.0;96.0;97.0;47.0;4509.0;1004.89;761.70;6.0;1.0;0;1.0;0;0;1.0;0;0;0;0;0;1.0;1.0;0;0;0;0;0
568843;2.38;0.88;97.0;4125.0;18.75;81.75;41.25;9.41;21.55;14.58;292.11;336.73;2.31;95125.0;97.0;97.0;47.0;4497.0;1004.97;175.77;6.0;1.0;0;1.0;0;0;1.0;0;0;0;0;0;1.0;1.0;0;0;0;0;0
569363;2.48;0.90;97.0;4126.0;18.75;81.75;41.25;9.41;21.55;14.58;324.49;304.90;2.31;95125.0;96.0;97.0;47.0;4520.0;1005.01;410.15;6.0;1.0;0;1.0;0;0;1.0;0;0;0;0;0;1.0;1.0;0;0;0;0;0
569894;2.52;0.92;97.0;4146.0;18.75;81.75;40.5;9.41;21.67;14.48;266.89;309.82;2.31;95125.0;96.0;97.0;47.0;4526.0;1005.05;820.30;6.0;1.0;0;1.0;0;0;1.0;0;0;0;0;0;1.0;1.0;0;0;0;0;0
570393;2.44;0.89;97.0;4118.0;18.75;81.75;40.5;9.41;21.69;14.58;293.28;254.57;2.31;95125.0;97.0;97.0;47.0;4507.0;1005.09;761.70;6.0;1.0;0;1.0;0;0;1.0;0;0;0;0;0;1.0;1.0;0;0;0;0;0
570914;2.52;0.88;97.0;4103.0;18.75;81.75;40.5;10.19;22.38;14.48;240.27;277.18;2.31;95125.0;97.0;97.0;47.0;4509.0;1005.09;156.24;6.0;1.0;0;1.0;0;0;1.0;0;0;0;0;0;1.0;1.0;0;0;0;0;0
571436;2.84;0.93;97.0;4150.0;18.75;81.75;39.0;11.37;23.83;14.58;238.18;224.43;2.31;95125.0;97.0;98.0;47.0;4521.0;1005.09;703.11;6.0;1.0;0;1.0;0;0;1.0;0;0;0;0;0;1.0;1.0;0;0;0;0;0
571954;2.75;0.90;97.0;4157.0;18.75;81.75;39.0;11.37;23.93;14.58;196.92;224.38;2.31;95125.0;97.0;98.0;47.0;4520.0;1005.13;781.24;6.0;1.0;0;1.0;0;0;1.0;0;0;0;0;0;1.0;1.0;0;0;0;0;0
572463;2.78;0.91;97.0;4131.0;18.75;81.75;39.75;11.37;23.99;14.58;137.25;168.29;2.31;95125.0;98.0;98.0;47.0;4518.0;1005.13;800.77;6.0;1.0;0;1.0;0;0;1.0;0;0;0;0;0;1.0;1.0;0;0;0;0;0
572984;2.72;0.89;98.0;4164.0;18.75;81.75;39.0;11.37;23.80;14.48;146.76;216.25;2.31;95125.0;97.0;99.0;47.0;4514.0;1005.13;449.21;6.0;1.0;0;1.0;0;0;1.0;0;0;0;0;0;1.0;1.0;0;0;0;0;0
573504;2.71;0.89;98.0;4145.0;18.75;81.75;39.75;11.37;23.81;14.58;176.68;238.30;2.31;95125.0;97.0;98.0;47.0;4516.0;1005.13;156.24;6.0;1.0;0;1.0;0;0;1.0;0;0;0;0;0;1.0;1.0;0;0;0;0;0
574014;2.84;0.98;98.0;4154.0;18.75;81.75;40.5;10.19;22.72;14.39;237.99;254.12;2.31;95125.0;98.0;98.0;47.0;4501.0;1005.13;839.83;6.0;1.0;0;1.0;0;0;1.0;0;0;0;0;0;1.0;1.0;0;0;0;0;0
574554;2.84;0.89;98.0;4171.0;18.75;81.75;38.25;12.15;24.87;14.48;321.20;303.63;2.31;95125.0;98.0;98.0;47.0;4531.0;1005.13;78.12;6.0;1.0;0;1.0;0;0;1.0;0;0;0;0;0;1.0;1.0;0;0;0;0;0
575075;3.25;0.96;98.0;4173.0;18.75;81.75;36.75;13.33;26.28;14.48;328.47;341.71;2.31;95125.0;98.0;99.0;47.0;4554.0;1005.13;761.70;6.0;1.0;0;1.0;0;0;1.0;0;0;0;0;0;1.0;1.0;0;0;0;0;0
575593;3.04;0.94;100.0;4264.0;18.75;81.75;38.25;12.55;25.16;14.48;324.53;297.87;2.31;95125.0;99.0;100.0;47.0;4523.0;1005.13;820.30;6.0;1.0;0;1.0;0;0;1.0;0;0;0;0;0;1.0;1.0;0;0;0;0;0
576113;2.78;0.90;100.0;4227.0;18.75;81.75;39.75;11.37;23.90;14.48;324.62;300.19;2.31;95125.0;99.0;100.0;47.0;4501.0;1005.13;214.84;6.0;1.0;0;1.0;0;0;1.0;0;0;0;0;0;1.0;1.0;0;0;0;0;0
576623;2.83;0.94;100.0;4251.0;18.75;81.75;39.75;10.98;23.48;14.48;294.04;306.50;2.31;95125.0;99.0;100.0;47.0;4505.0;1005.13;820.30;6.0;1.0;0;1.0;0;0;1.0;0;0;0;0;0;1.0;1.0;0;0;0;0;0
577143;2.90;0.90;100.0;4220.0;18.75;81.75;38.25;12.55;25.25;14.48;259.06;259.24;2.31;95125.0;99.0;100.0;47.0;4520.0;1005.13;97.65;6.0;1.0;0;1.0;0;0;1.0;0;0;0;0;0;1.0;1.0;0;0;0;0;0
577663;3.22;0.99;100.0;4254.0;18.75;81.75;38.25;12.94;25.19;14.48;235.08;259.84;2.31;95125.0;99.0;101.0;47.0;4527.0;1005.13;839.83;6.0;1.0;0;1.0;0;0;1.0;0;0;0;0;0;1.0;1.0;0;0;0;0;0
578174;2.95;0.91;100.0;4239.0;18.75;81.75;38.25;12.55;25.00;14.58;176.41;231.48;2.31;95125.0;100.0;101.0;47.0;4503.0;1005.13;664.05;6.0;1.0;0;1.0;0;0;1.0;0;0;0;0;0;1.0;1.0;0;0;0;0;0
578693;2.80;0.91;101.0;4267.0;18.75;81.75;39.0;11.76;24.36;14.48;156.66;161.45;2.31;95125.0;100.0;101.0;47.0;4535.0;1005.13;761.70;6.0;1.0;0;1.0;0;0;1.0;0;0;0;0;0;1.0;1.0;0;0;0;0;0
579213;2.82;0.92;101.0;4269.0;18.75;81.75;39.75;11.37;23.86;14.58;199.06;201.39;2.31;95125.0;100.0;101.0;47.0;4500.0;1005.13;683.58;6.0;1.0;0;1.0;0;0;1.0;0;0;0;0;0;1.0;1.0;0;0;0;0;0
579733;2.81;0.94;101.0;4300.0;18.75;81.75;39.75;11.37;23.58;14.58;267.26;238.94;2.31;95125.0;100.0;101.0;47.0;4516.0;1005.13;664.05;6.0;1.0;0;1.0;0;0;1.0;0;0;0;0;0;1.0;1.0;0;0;0;0;0
580243;2.84;0.94;101.0;4267.0;18.75;81.75;39.75;11.37;23.45;14.48;310.89;290.41;2.31;95125.0;100.0;101.0;47.0;4505.0;1005.13;703.11;6.0;1.0;0;1.0;0;0;1.0;0;0;0;0;0;1.0;1.0;0;0;0;0;0
580763;2.71;0.91;101.0;4286.0;18.75;81.75;39.75;10.98;23.21;14.48;339.60;328.86;2.31;95125.0;100.0;101.0;47.0;4513.0;1005.13;175.77;6.0;1.0;0;1.0;0;0;1.0;0;0;0;0;0;1.0;1.0;0;0;0;0;0
581283;2.67;0.95;101.0;4273.0;18.75;81.75;41.25;10.19;22.05;14.39;344.06;341.36;2.31;95125.0;101.0;101.0;47.0;4495.0;1005.13;820.30;6.0;1.0;0;1.0;0;0;1.0;0;0;0;0;0;1.0;1.0;0;0;0;0;0
581793;2.40;0.89;101.0;4262.0;18.75;81.75;42.0;9.41;21.42;14.48;297.53;331.36;2.31;95125.0;100.0;101.0;47.0;4513.0;1005.13;78.12;6.0;1.0;0;1.0;0;0;1.0;0;0;0;0;0;0;1.0;0;0;0;0;0
582313;2.44;0.94;101.0;4255.0;18.75;81.75;42.75;8.62;20.43;14.48;317.63;322.49;2.31;95125.0;100.0;101.0;47.0;4487.0;1005.13;839.83;6.0;1.0;0;1.0;0;0;1.0;0;0;0;0;0;1.0;1.0;0;0;0;0;0
582833;2.16;0.87;100.0;4277.0;18.75;81.75;43.5;8.23;19.64;14.48;293.67;314.58;2.31;95125.0;100.0;101.0;47.0;4505.0;1005.13;156.24;6.0;1.0;0;1.0;0;0;1.0;0;0;0;0;0;1.0;1.0;0;0;0;0;0
583353;2.25;0.92;100.0;4254.0;18.75;81.75;43.5;8.23;19.38;14.48;278.14;284.39;2.31;95125.0;99.0;100.0;47.0;4497.0;1005.13;683.58;6.0;1.0;0;1.0;0;0;1.0;0;0;0;0;0;1.0;1.0;0;0;0;0;0
583863;2.73;0.92;100.0;4246.0;18.75;81.75;40.5;10.98;23.15;14.58;247.44;217.83;2.31;95125.0;99.0;100.0;47.0;4524.0;1005.13;546.86;6.0;1.0;0;1.0;0;0;1.0;0;0;0;0;0;1.0;1.0;0;0;0;0;0
584383;3.00;0.93;100.0;4266.0;18.75;81.75;39.0;12.55;24.69;14.29;210.94;181.76;2.58;95125.0;100.0;101.0;47.0;4522.0;1005.13;566.39;6.0;1.0;0;1.0;0;0;1.0;0;0;0;0;0;1.0;1.0;0;0;0;0;0
584903;3.06;0.96;101.0;4272.0;18.75;81.75;38.25;12.94;25.39;14.48;219.77;194.03;2.31;95125.0;100.0;101.0;47.0;4536.0;1005.13;800.77;6.0;1.0;0;1.0;0;0;1.0;0;0;0;0;0;1.0;1.0;0;0;0;0;0
585413;3.00;0.94;101.0;4271.0;18.75;81.75;38.25;12.55;24.85;14.39;284.68;265.86;2.31;95125.0;100.0;101.0;47.0;4526.0;1005.13;781.24;6.0;1.0;0;1.0;0;0;1.0;0;0;0;0;0;1.0;1.0;0;0;0;0;0
585933;2.94;0.93;101.0;4321.0;18.75;81.75;39.0;12.55;24.52;14.58;332.45;308.14;2.31;95125.0;101.0;102.0;47.0;4527.0;1005.13;175.77;6.0;1.0;0;1.0;0;0;1.0;0;0;0;0;0;1.0;1.0;0;0;0;0;0
586453;3.43;0.99;102.0;4314.0;18.75;81.75;36.75;14.90;26.74;14.48;347.57;351.98;2.31;95125.0;101.0;102.0;47.0;4550.0;1005.13;742.17;6.0;1.0;0;1.0;0;0;1.0;0;0;0;0;0;1.0;1.0;0;0;0;0;0
586973;3.25;1.00;102.0;4323.0;18.75;81.75;38.25;12.94;25.23;14.58;328.86;352.20;2.31;95125.0;102.0;103.0;47.0;4506.0;1005.20;820.30;6.0;1.0;0;1.0;0;0;1.0;0;0;0;0;0;1.0;1.0;0;0;0;0;0
587483;2.98;0.94;102.0;4377.0;18.75;81.75;39.75;12.55;24.47;14.39;355.17;329.17;2.31;95125.0;102.0;103.0;47.0;4512.0;1005.16;781.24;6.0;1.0;0;1.0;0;0;1.0;0;0;0;0;0;1.0;1.0;0;0;0;0;0
588003;2.56;0.90;103.0;4325.0;18.75;81.75;41.25;10.58;22.82;14.48;330.11;346.57;2.31;95125.0;102.0;103.0;47.0;4491.0;1005.24;136.71;6.0;1.0;0;1.0;0;0;1.0;0;0;0;0;0;1.0;1.0;0;0;0;0;0
588523;2.68;0.95;102.0;4360.0;18.75;81.75;42.0;10.19;21.86;14.48;346.26;316.24;2.31;95125.0;102.0;103.0;47.0;4501.0;1005.32;722.64;6.0;1.0;0;1.0;0;0;1.0;0;0;0;0;0;1.0;1.0;0;0;0;0;0
589044;2.43;0.89;102.0;4362.0;18.75;81.75;42.75;9.80;21.36;14.58;312.67;342.55;2.31;95125.0;102.0;103.0;47.0;4518.0;1005.48;117.18;6.0;1.0;0;1.0;0;0;1.0;0;0;0;0;0;1.0;1.0;0;0;0;0;0
589553;2.48;0.92;102.0;4359.0;18.75;81.75;42.0;9.41;21.11;14.48;298.28;297.89;2.31;95125.0;102.0;103.0;47.0;4515.0;1005.44;800.77;6.0;1.0;0;1.0;0;0;1.0;0;0;0;0;0;1.0;1.0;0;0;0;0;0
590073;2.44;0.92;102.0;4326.0;18.75;81.75;42.75;9.02;20.87;14.58;288.47;255.10;2.31;95125.0;102.0;102.0;47.0;4509.0;1005.44;839.83;6.0;1.0;0;1.0;0;0;1.0;0;0;0;0;0;1.0;1.0;0;0;0;0;0
590593;2.38;0.92;102.0;4321.0;18.75;81.75;42.75;8.62;20.35;14.48;284.31;262.85;2.31;95125.0;101.0;102.0;47.0;4493.0;1005.44;742.17;6.0;1.0;0;1.0;0;0;1.0;0;0;0;0;0;1.0;1.0;0;0;0;0;0
591113;2.05;0.88;101.0;4302.0;18.75;81.75;44.25;7.84;18.62;14.48;329.06;296.73;2.31;95125.0;101.0;102.0;47.0;4499.0;1005.40;58.59;6.0;1.0;0;1.0;0;0;1.0;0;0;0;0;0;1.0;1.0;0;0;0;0;0
591623;2.02;0.92;101.0;4268.0;18.75;81.75;45.0;7.45;17.48;14.48;350.58;346.20;2.31;95125.0;100.0;101.0;47.0;4501.0;1005.40;781.24;6.0;1.0;0;1.0;0;0;1.0;0;0;0;0;0;1.0;1.0;0;0;0;0;0
592143;2.08;0.90;100.0;4222.0;18.75;81.75;44.25;7.45;18.50;14.58;353.47;351.96;2.31;95125.0;100.0;100.0;47.0;4515.0;1005.32;410.15;6.0;1.0;0;1.0;0;0;1.0;0;0;0;0;0;1.0;1.0;0;0;0;0;0
592673;2.07;0.88;100.0;4230.0;18.75;81.75;44.25;7.84;18.75;14.39;334.08;349.99;2.31;95125.0;100.0;100.0;47.0;4489.0;1005.28;136.71;6.0;1.0;0;1.0;0;0;1.0;0;0;0;0;0;1.0;1.0;0;0;0;0;0
593173;2.16;0.90;100.0;4204.0;18.75;81.75;44.25;7.84;19.09;14.48;320.91;323.33;2.31;95125.0;99.0;100.0;47.0;4496.0;1005.24;703.11;6.0;1.0;0;1.0;0;0;1.0;0;0;0;0;0;1.0;1.0;0;0;0;0;0
593693;2.08;0.88;98.0;4179.0;18.75;81.75;43.5;7.84;18.74;14.48;310.33;319.41;2.31;95125.0;98.0;99.0;47.0;4506.0;1005.20;117.18;6.0;1.0;0;1.0;0;0;1.0;0;0;0;0;0;1.0;1.0;0;0;0;0;0
594213;2.16;0.91;97.0;4135.0;18.75;81.75;43.5;7.84;18.93;14.48;320.89;319.86;2.31;95125.0;97.0;98.0;47.0;4508.0;1005.20;781.24;6.0;1.0;0;1.0;0;0;1.0;0;0;0;0;0;1.0;1.0;0;0;0;0;0
594774;2.08;0.86;97.0;4122.0;18.75;81.75;42.75;7.84;19.23;14.48;249.51;278.71;2.31;95125.0;97.0;97.0;47.0;4508.0;1005.24;136.71;6.0;1.0;0;1.0;0;0;1.0;0;0;0;0;0;1.0;1.0;0;0;0;0;0
595294;2.10;0.88;96.0;4051.0;18.75;81.75;43.5;7.84;18.95;14.48;249.63;216.17;2.31;95125.0;96.0;96.0;47.0;4498.0;1005.24;722.64;6.0;1.0;0;1.0;0;0;1.0;0;0;0;0;0;1.0;1.0;0;0;0;0;0
595814;1.98;0.84;95.0;4034.0;18.75;81.75;43.5;7.45;18.98;14.58;216.25;204.67;2.31;95125.0;95.0;96.0;47.0;4513.0;1005.20;78.12;6.0;1.0;0;1.0;0;0;1.0;0;0;0;0;0;1.0;1.0;0;0;0;0;0
596324;2.08;0.90;95.0;4000.0;18.75;81.75;43.5;7.45;18.55;14.48;161.29;199.18;2.31;95125.0;94.0;95.0;47.0;4508.0;1005.20;820.30;6.0;1.0;0;1.0;0;0;1.0;0;0;0;0;0;1.0;1.0;0;0;0;0;0
596844;2.01;0.87;93.0;3993.0;18.75;81.75;42.75;7.45;18.57;14.48;139.93;282.07;2.31;95125.0;93.0;94.0;47.0;4505.0;1005.16;683.58;6.0;1.0;0;1.0;0;0;1.0;0;0;0;0;0;1.0;1.0;0;0;0;0;0
597364;2.01;0.86;92.0;3937.0;18.75;81.75;42.75;7.45;18.70;14.58;214.49;279.70;2.31;95125.0;93.0;93.0;47.0;4512.0;1005.16;78.12;6.0;1.0;0;1.0;0;0;1.0;0;0;0;0;0;1.0;1.0;0;0;0;0;0
597884;2.11;0.90;92.0;3934.0;18.75;81.75;42.75;7.45;18.72;14.48;259.16;269.20;2.31;95125.0;92.0;93.0;47.0;4505.0;1005.16;800.77;6.0;1.0;0;1.0;0;0;1.0;0;0;0;0;0;1.0;1.0;0;0;0;0;0
598394;1.96;0.84;91.0;3888.0;18.75;81.75;42.75;7.45;18.62;14.48;305.11;269.24;2.31;95125.0;91.0;92.0;47.0;4506.0;1005.16;97.65;6.0;1.0;0;1.0;0;0;1.0;0;0;0;0;0;1.0;1.0;0;0;0;0;0
598914;2.08;0.90;91.0;3844.0;18.75;81.75;42.75;7.45;18.75;14.48;291.38;313.35;2.31;95125.0;90.0;91.0;47.0;4513.0;1005.16;839.83;6.0;1.0;0;1.0;0;0;1.0;0;0;0;0;0;1.0;1.0;0;0;0;0;0
599434;1.99;0.86;90.0;3827.0;18.75;81.75;42.0;7.05;18.62;14.48;310.62;299.90;2.31;95125.0;90.0;90.0;47.0;4513.0;1005.16;605.46;6.0;1.0;0;1.0;0;0;1.0;0;0;0;0;0;1.0;1.0;0;0;0;0;0
599954;2.01;0.88;90.0;3818.0;18.75;81.75;42.0;7.05;18.40;14.48;290.89;282.32;2.31;95125.0;89.0;90.0;47.0;4513.0;1005.16;800.77;6.0;1.0;0;1.0;0;0;1.0;0;0;0;0;0;1.0;1.0;0;0;0;0;0
600474;1.48;1.00;88.0;3761.0;18.75;81.75;42.75;4.31;13.20;14.48;292.52;268.40;2.31;95125.0;88.0;89.0;47.0;4521.0;1005.16;898.42;6.0;1.0;0;1.0;0;0;1.0;0;0;0;0;0;1.0;1.0;0;0;0;0;0
600984;0.53;1.00;86.0;3659.0;18.75;81.75;-30.0;0;0;14.58;276.70;315.15;2.31;95125.0;86.0;86.0;47.0;4573.0;1005.16;781.24;6.0;1.0;0;1.0;0;0;1.0;0;0;0;0;0;1.0;1.0;0;0;0;0;0
601544;0.53;1.00;83.0;3513.0;18.75;81.75;-30.0;0;0;14.58;185.94;220.96;2.31;95125.0;83.0;83.0;47.0;4608.0;1005.16;0;6.0;1.0;0;1.0;0;0;1.0;0;0;0;0;0;1.0;1.0;0;0;0;0;0
602064;0.55;1.00;80.0;3400.0;18.75;81.75;-30.0;0;0;14.48;215.43;233.48;2.31;95125.0;81.0;80.0;47.0;4604.0;1005.16;0;6.0;1.0;0;1.0;0;0;1.0;0;0;0;0;0;1.0;1.0;0;0;0;0;0
602584;0.57;1.00;77.0;3286.0;18.75;81.75;-30.0;0;0;14.58;231.78;296.25;2.31;95125.0;78.0;77.0;47.0;4578.0;1005.16;0;6.0;1.0;0;1.0;0;0;1.0;0;0;0;0;0;1.0;1.0;0;0;0;0;0
603104;0.61;1.00;75.0;3154.0;18.75;81.75;-30.0;0;0;14.58;267.26;322.69;2.31;95126.0;75.0;74.0;47.0;4559.0;1005.16;0;6.0;1.0;0;1.0;0;0;1.0;0;0;0;0;0;1.0;1.0;0;0;0;0;0
603664;0.63;1.00;72.0;3059.0;18.75;81.75;-30.0;0;0;14.58;316.21;346.07;2.31;95126.0;72.0;72.0;47.0;4546.0;1005.16;0;6.0;1.0;0;1.0;0;0;1.0;0;0;0;0;0;1.0;1.0;0;0;0;0;0
604194;0.64;1.00;70.0;2952.0;18.75;81.75;-30.0;0;0;14.58;195.61;214.16;2.31;95126.0;70.0;69.0;47.0;4531.0;1005.16;0;6.0;1.0;0;1.0;0;0;1.0;0;0;0;0;0;1.0;1.0;0;0;0;0;0
604743;0.66;1.00;67.0;2841.0;18.75;81.75;-30.0;0;0;14.48;223.36;265.19;2.31;95126.0;67.0;67.0;47.0;4560.0;1005.16;0;6.0;1.0;0;1.0;0;0;1.0;0;0;0;0;0;1.0;1.0;0;0;0;0;0
605264;0.67;1.00;63.0;2741.0;18.75;81.75;-30.0;0;0;14.58;238.12;306.28;2.31;95126.0;64.0;64.0;47.0;4567.0;1005.16;0;6.0;1.0;0;1.0;0;0;1.0;0;0;0;0;0;1.0;1.0;0;0;0;0;0
605804;0.68;1.00;62.0;2626.0;18.75;81.75;-30.0;0;0;14.58;264.70;319.90;2.31;95126.0;62.0;62.0;47.0;4562.0;1005.16;0;6.0;1.0;0;1.0;0;0;1.0;0;0;0;0;0;1.0;1.0;0;0;0;0;0
606324;0.95;1.00;60.0;2548.0;18.75;81.75;1.5;0;7.80;14.58;270.29;328.80;2.31;95126.0;60.0;60.0;47.0;4472.0;1005.16;0;6.0;1.0;0;1.0;0;0;1.0;0;0;0;0;0;1.0;1.0;0;0;0;0;0
606833;0.84;1.00;57.0;2438.0;18.75;81.75;15.75;0;12.67;14.58;257.87;290.80;2.31;95126.0;57.0;57.0;57.0;4270.0;1005.16;0;6.0;1.0;0;1.0;0;0;1.0;0;0;1.0;0;0;1.0;1.0;0;0;0;0;0
607354;0.85;1.00;55.0;2299.0;18.75;81.75;15.75;0;12.67;14.39;152.21;189.18;2.31;95126.0;55.0;54.0;45.0;4377.0;1005.16;39.06;6.0;1.0;0;1.0;0;0;1.0;0;0;1.0;0;0;1.0;1.0;0;0;0;0;0
607874;0.87;1.00;51.0;2181.0;18.75;81.75;15.0;0;12.69;14.48;100.07;119.44;2.31;95126.0;51.0;51.0;44.0;4501.0;1005.16;19.53;6.0;1.0;0;1.0;0;0;1.0;0;0;1.0;0;0;1.0;1.0;0;0;0;0;0
608394;0.91;1.00;47.0;2040.0;18.75;81.75;15.0;0;12.71;14.48;80.36;102.37;2.31;95126.0;48.0;48.0;43.0;4511.0;1005.16;19.53;6.0;1.0;0;1.0;0;0;1.0;0;0;1.0;0;0;1.0;1.0;0;0;0;0;0
608904;1.15;1.00;43.0;1927.0;18.75;81.75;15.75;0.39;11.97;14.58;78.06;73.74;2.31;95126.0;44.0;44.0;47.0;4521.0;1005.16;39.06;6.0;1.0;0;1.0;0;0;1.0;0;0;1.0;0;0;1.0;1.0;0;0;0;0;0
609424;1.06;0.99;41.0;1778.0;18.75;81.75;15.0;0;12.72;14.48;170.82;98.15;2.31;95126.0;42.0;41.0;43.0;4505.0;1005.16;878.89;6.0;1.0;0;1.0;0;0;1.0;0;0;1.0;0;0;1.0;1.0;0;0;0;0;0
609944;1.27;0.98;38.0;1438.0;18.75;81.75;15.0;0;12.80;14.48;155.84;136.04;2.31;95126.0;39.0;39.0;44.0;4457.0;1005.16;878.89;6.0;1.0;0;1.0;0;0;1.0;0;0;1.0;0;0;1.0;1.0;0;0;0;0;0
610464;1.32;0.96;37.0;1309.0;18.75;81.75;13.5;0;12.49;14.48;113.56;126.96;2.31;95126.0;38.0;38.0;44.0;4519.0;1005.16;800.77;5.0;1.0;0;1.0;0;0;1.0;0;0;1.0;0;0;1.0;1.0;0;0;0;0;0
610973;1.02;0.94;36.0;1664.0;18.75;81.75;15.0;0;12.60;14.58;82.74;87.74;2.31;95126.0;36.0;36.0;44.0;4521.0;1005.16;781.24;5.0;1.0;0;1.0;0;0;1.0;0;0;1.0;0;0;1.0;1.0;0;0;0;0;0
611494;1.30;0.93;35.0;1193.0;18.75;81.75;21.0;0;13.68;14.48;84.70;92.39;2.31;95126.0;35.0;35.0;44.0;4489.0;1005.16;781.24;4.0;1.0;0;1.0;0;0;1.0;0;0;1.0;0;0;1.0;1.0;0;0;0;0;0
612014;1.2;0.92;33.0;1524.0;18.75;81.75;12.0;0.39;11.92;14.48;69.89;77.51;2.31;95126.0;34.0;34.0;47.0;4518.0;1005.16;39.06;4.0;1.0;0;1.0;0;0;1.0;0;0;1.0;0;0;0;1.0;0;0;0;0;0
612534;1.18;0.94;33.0;1407.0;18.75;81.75;15.0;0;12.76;14.58;61.57;75.56;2.31;95126.0;33.0;33.0;44.0;4545.0;1005.16;39.06;3.0;1.0;0;1.0;0;0;1.0;0;0;1.0;0;0;1.0;1.0;0;0;0;0;0
613094;0.97;1.00;31.0;1935.0;18.75;81.75;15.0;0;12.64;14.58;42.69;58.10;2.31;95126.0;32.0;31.0;43.0;4533.0;1005.16;58.59;3.0;1.0;0;1.0;0;0;1.0;0;0;1.0;0;0;1.0;1.0;0;0;0;0;0
613614;1.02;1.00;30.0;1784.0;18.75;81.75;15.0;0;12.68;14.48;35.73;42.24;2.31;95126.0;30.0;29.0;43.0;4517.0;1005.16;39.06;3.0;1.0;0;1.0;0;0;1.0;0;0;1.0;0;0;1.0;1.0;0;0;0;0;0
614134;1.11;1.00;27.0;1696.0;18.75;81.75;15.75;0;12.72;14.58;64.66;111.51;2.31;95126.0;28.0;28.0;44.0;4504.0;1005.16;761.70;3.0;1.0;0;1.0;0;0;1.0;0;0;1.0;0;0;1.0;1.0;0;0;0;0;0
614644;1.30;1.00;26.0;1571.0;18.75;81.75;39.75;0;15.51;14.48;61.57;118.33;2.31;95126.0;27.0;27.0;45.0;4497.0;1005.16;781.24;3.0;1.0;0;1.0;0;0;1.0;0;0;1.0;0;0;1.0;1.0;0;0;0;0;0
615164;1.04;0.99;25.0;1825.0;18.75;81.75;15.0;0;12.78;14.48;48.64;101.20;2.31;95126.0;25.0;25.0;44.0;4531.0;1005.16;839.83;2.0;1.0;0;1.0;0;0;1.0;0;0;1.0;0;0;1.0;1.0;0;0;0;0;0
615684;1.10;0.99;23.0;1882.0;18.75;81.75;15.75;0.39;9.39;14.58;65.73;95.63;2.31;95126.0;24.0;24.0;47.0;4524.0;1005.16;859.36;2.0;1.0;0;1.0;0;0;1.0;0;0;1.0;0;0;1.0;1.0;0;0;0;0;0
616204;1.32;0.97;22.0;1781.0;18.75;81.75;13.5;0.78;10.13;14.48;160.12;118.19;2.31;95126.0;22.0;22.0;47.0;4522.0;1005.16;195.31;2.0;1.0;0;1.0;0;0;1.0;0;0;1.0;0;0;1.0;1.0;0;0;0;0;0
616764;2.02;0.98;22.0;2039.0;18.75;81.75;18.0;2.74;15.62;14.48;201.02;203.22;2.31;95126.0;22.0;22.0;47.0;4524.0;1005.16;39.06;2.0;1.0;0;1.0;0;0;1.0;0;0;1.0;0;0;1.0;1.0;0;0;0;0;0
617286;2.22;1.00;23.0;1814.0;18.75;81.75;15.0;2.74;16.26;14.58;232.62;221.66;2.31;95126.0;23.0;23.0;47.0;4514.0;1005.16;58.59;2.0;1.0;0;1.0;0;0;1.0;0;0;1.0;0;0;1.0;1.0;0;0;0;0;0
617894;2.19;1.00;23.0;1930.0;18.75;81.75;16.5;3.13;16.07;14.39;224.02;242.15;2.31;95126.0;24.0;24.0;47.0;4522.0;1005.16;722.64;2.0;1.0;0;1.0;0;0;1.0;0;0;1.0;0;0;1.0;1.0;0;0;0;0;0
618414;2.40;0.98;26.0;2047.0;18.75;81.75;18.0;4.31;18.35;14.48;190.65;209.96;2.31;95126.0;26.0;26.0;47.0;4511.0;1005.16;800.77;2.0;1.0;0;1.0;0;0;1.0;0;0;1.0;0;0;1.0;1.0;0;0;0;0;0
619044;3.02;0.98;27.0;2175.0;18.75;82.5;20.25;5.88;21.63;14.39;241.09;200.47;2.31;95126.0;28.0;28.0;47.0;4491.0;1005.16;898.42;2.0;1.0;0;1.0;0;0;1.0;0;0;1.0;0;0;1.0;1.0;0;0;0;0;0
619564;3.51;0.99;31.0;2442.0;18.75;82.5;23.25;10.19;27.62;14.48;256.50;180.24;2.31;95126.0;31.0;31.0;47.0;4389.0;1005.16;859.36;2.0;1.0;0;1.0;0;0;1.0;0;0;1.0;0;0;1.0;1.0;0;0;0;0;0
620084;3.80;0.97;35.0;2736.0;18.75;82.5;25.5;14.90;30.39;14.48;282.38;218.81;2.31;95126.0;35.0;35.0;47.0;4480.0;1005.16;781.24;2.0;1.0;0;1.0;0;0;1.0;0;0;1.0;0;0;1.0;1.0;0;0;0;0;0
620594;4.62;0.96;40.0;3110.0;18.75;82.5;22.5;21.17;35.04;14.48;315.15;272.85;2.31;95126.0;39.0;40.0;47.0;4561.0;1005.16;97.65;2.0;1.0;0;1.0;0;0;1.0;0;0;1.0;0;0;1.0;1.0;0;0;0;0;0
621113;5.08;1.05;45.0;3557.0;18.75;82.5;22.5;23.13;37.13;14.39;319.33;323.02;2.31;95126.0;45.0;45.0;47.0;4544.0;1005.16;859.36;2.0;1.0;0;1.0;0;0;1.0;0;0;1.0;0;0;1.0;1.0;0;0;0;0;0
621633;4.66;0.98;51.0;3960.0;18.75;82.5;27.75;22.35;36.65;14.48;344.23;340.25;2.31;95126.0;50.0;51.0;47.0;4589.0;1005.16;878.89;2.0;1.0;0;1.0;0;0;1.0;0;0;1.0;0;0;1.0;1.0;0;0;0;0;0
622154;5.75;0.99;56.0;4389.0;18.75;82.5;22.5;32.55;42.62;14.48;350.70;351.98;2.31;95126.0;56.0;57.0;47.0;4653.0;1005.16;332.02;2.0;1.0;0;1.0;0;0;1.0;0;0;1.0;0;0;0;1.0;0;0;0;0;0
622734;1.64;1.00;60.0;4340.0;18.75;82.5;48.0;10.98;11.37;14.48;350.81;342.51;2.31;95126.0;60.0;61.0;47.0;4410.0;1005.24;898.42;2.0;1.0;0;1.0;0;0;1.0;0;0;1.0;0;0;1.0;1.0;0;0;0;0;0
623253;6.82;1.00;67.0;4081.0;18.75;82.5;16.5;36.08;46.04;14.39;231.52;354.33;2.31;95126.0;65.0;67.0;47.0;4543.0;1005.24;878.89;3.0;1.0;0;1.0;0;0;1.0;0;0;1.0;0;0;1.0;1.0;0;0;0;0;0
623773;5.34;0.96;71.0;4384.0;18.75;82.5;23.25;30.59;41.72;14.48;229.30;278.22;2.31;95126.0;70.0;72.0;47.0;4613.0;1005.20;78.12;3.0;1.0;0;1.0;0;0;1.0;0;0;1.0;0;0;1.0;1.0;0;0;0;0;0
624293;0;1.00;75.0;4526.0;18.75;82.5;42.75;0;4.44;14.48;215.06;295.46;2.31;95126.0;74.0;75.0;47.0;4316.0;1005.20;917.95;3.0;1.0;0;1.0;0;0;1.0;0;0;0;0;0;1.0;1.0;0;0;0;0;0
624803;6.72;1.00;78.0;4051.0;18.75;82.5;17.25;35.69;44.79;14.48;109.21;290.66;2.31;95126.0;76.0;78.0;47.0;4533.0;1005.09;859.36;4.0;1.0;0;1.0;0;0;1.0;0;0;0;0;0;1.0;1.0;0;0;0;0;0
625323;6.49;0.93;82.0;4250.0;18.75;82.5;14.25;42.74;47.16;14.48;109.50;242.26;2.31;95126.0;81.0;82.0;47.0;4587.0;1005.13;97.65;4.0;1.0;0;1.0;0;0;1.0;0;0;0;0;0;1.0;1.0;0;0;0;0;0
625844;6.26;0.99;86.0;4511.0;18.75;82.5;15.75;34.12;46.13;14.39;177.85;234.94;2.31;95126.0;84.0;87.0;47.0;4489.0;1005.05;117.18;4.0;1.0;0;1.0;0;0;1.0;0;0;0;0;0;1.0;1.0;0;0;0;0;0
626363;6.66;1.00;87.0;4034.0;18.75;82.5;18.0;34.90;44.18;14.39;223.22;308.61;2.31;95126.0;86.0;88.0;47.0;4458.0;1004.93;859.36;5.0;1.0;0;1.0;0;0;1.0;0;0;0;0;0;1.0;1.0;0;0;0;0;0
626873;6.10;0.95;91.0;4209.0;18.75;82.5;17.25;35.69;44.55;14.48;302.65;326.07;2.31;95126.0;89.0;91.0;47.0;4560.0;1004.93;214.84;5.0;1.0;0;1.0;0;0;1.0;0;0;0;0;0;1.0;1.0;0;0;0;0;0
627393;6.87;1.02;93.0;4360.0;18.75;82.5;16.5;41.57;46.66;14.48;319.35;342.71;2.31;95126.0;92.0;94.0;47.0;4515.0;1004.89;781.24;5.0;1.0;0;1.0;0;0;1.0;0;0;0;0;0;1.0;1.0;0;0;0;0;0
627913;5.40;1.00;95.0;4030.0;18.75;82.5;24.75;25.49;38.67;14.48;351.01;353.78;2.31;95126.0;93.0;95.0;47.0;4467.0;1004.85;820.30;6.0;1.0;0;1.0;0;0;1.0;0;0;0;0;0;1.0;1.0;0;0;0;0;0
628433;4.33;1.00;96.0;4100.0;18.75;81.75;29.25;21.17;34.20;14.58;258.03;372.30;2.31;95126.0;95.0;96.0;47.0;4511.0;1004.73;859.36;6.0;1.0;0;1.0;0;0;1.0;0;0;0;0;0;1.0;1.0;0;0;0;0;0
628943;3.73;0.92;97.0;4094.0;18.75;81.75;32.25;18.43;31.09;14.48;250.06;316.36;2.31;95126.0;96.0;97.0;47.0;4440.0;1004.54;898.42;6.0;1.0;0;1.0;0;0;1.0;0;0;0;0;0;1.0;1.0;0;0;0;0;0
629466;4.14;0.95;97.0;4121.0;18.75;81.75;29.25;21.57;34.89;14.39;209.51;228.46;2.31;95126.0;97.0;98.0;47.0;4550.0;1004.38;839.83;6.0;1.0;0;1.0;0;0;1.0;0;0;0;0;0;1.0;1.0;0;0;0;0;0
629983;3.48;0.96;98.0;4233.0;18.75;81.75;35.25;15.68;28.27;14.48;182.89;175.28;2.31;95126.0;98.0;99.0;47.0;4471.0;1004.38;859.36;6.0;1.0;0;1.0;0;0;1.0;0;0;0;0;0;1.0;1.0;0;0;0;0;0
630503;3.12;0.87;98.0;4174.0;18.75;81.75;36.0;15.29;27.53;14.58;188.60;144.71;2.31;95126.0;98.0;99.0;47.0;4492.0;1004.23;253.90;6.0;1.0;0;1.0;0;0;1.0;0;0;0;0;0;1.0;1.0;0;0;0;0;0
631014;3.33;0.94;98.0;4181.0;18.75;81.75;36.0;14.90;27.44;14.58;144.67;136.33;2.31;95126.0;98.0;99.0;47.0;4507.0;1004.15;820.30;6.0;1.0;0;1.0;0;0;1.0;0;0;0;0;0;1.0;1.0;0;0;0;0;0
631564;4.20;1.00;98.0;4215.0;18.75;81.75;32.25;18.82;31.36;14.39;207.48;169.98;2.31;95126.0;99.0;99.0;47.0;4548.0;1004.07;820.30;6.0;1.0;0;1.0;0;0;1.0;0;0;0;0;0;1.0;1.0;0;0;0;0;0
632074;3.61;0.93;100.0;4239.0;18.75;81.75;33.75;17.64;29.90;14.48;238.67;213.61;2.31;95126.0;99.0;100.0;47.0;4532.0;1004.03;117.18;6.0;1.0;0;1.0;0;0;1.0;0;0;0;0;0;1.0;1.0;0;0;0;0;0
632594;3.77;0.99;100.0;4221.0;18.75;81.75;35.25;16.47;29.06;14.39;310.23;273.49;2.31;95126.0;99.0;100.0;47.0;4516.0;1003.99;839.83;6.0;1.0;0;1.0;0;0;1.0;0;0;0;0;0;1.0;1.0;0;0;0;0;0
633114;3.37;0.97;100.0;4264.0;18.75;81.75;36.75;14.51;26.81;14.58;324.64;330.79;2.31;95126.0;99.0;100.0;47.0;4487.0;1003.95;839.83;6.0;1.0;0;1.0;0;0;1.0;0;0;0;0;0;1.0;1.0;0;0;0;0;0
633634;2.80;0.88;100.0;4237.0;18.75;81.75;39.0;12.15;24.59;14.58;346.87;337.32;2.31;95126.0;99.0;100.0;47.0;4481.0;1003.95;332.02;6.0;1.0;0;1.0;0;0;1.0;0;0;0;0;0;1.0;1.0;0;0;0;0;0
634143;3.73;1.00;101.0;4265.0;18.75;81.75;34.5;16.47;28.65;14.58;338.68;328.88;2.31;95126.0;99.0;101.0;47.0;4556.0;1003.95;800.77;6.0;1.0;0;1.0;0;0;1.0;0;0;0;0;0;1.0;1.0;0;0;0;0;0
634724;3.01;0.97;100.0;4236.0;18.75;81.75;39.0;11.76;24.27;14.58;319.13;294.59;2.31;95126.0;99.0;100.0;47.0;4475.0;1003.91;839.83;6.0;1.0;0;1.0;0;0;1.0;0;0;0;0;0;1.0;1.0;0;0;0;0;0
635323;2.96;0.87;100.0;4242.0;18.75;81.75;38.25;12.94;25.25;14.58;276.07;301.23;2.31;95126.0;99.0;100.0;47.0;4515.0;1003.91;19.53;6.0;1.0;0;1.0;0;0;1.0;0;0;0;0;0;1.0;1.0;0;0;0;0;0
635844;3.29;0.96;100.0;4229.0;18.75;81.75;36.75;14.51;26.67;14.58;244.78;260.64;2.31;95126.0;99.0;100.0;47.0;4532.0;1003.91;703.11;6.0;1.0;0;1.0;0;0;1.0;0;0;0;0;0;1.0;1.0;0;0;0;0;0
636364;2.98;0.94;100.0;4240.0;18.75;81.75;39.0;12.15;24.66;14.48;176.39;263.90;2.31;95126.0;99.0;100.0;47.0;4481.0;1003.91;800.77;6.0;1.0;0;1.0;0;0;1.0;0;0;0;0;0;1.0;1.0;0;0;0;0;0
636873;2.76;0.89;98.0;4199.0;18.75;81.75;39.0;11.76;24.39;14.48;141.49;207.83;2.31;95126.0;98.0;99.0;47.0;4496.0;1003.91;664.05;6.0;1.0;0;1.0;0;0;1.0;0;0;0;0;0;1.0;1.0;0;0;0;0;0
637394;3.61;0.98;98.0;4194.0;18.75;81.75;35.25;15.68;28.06;14.48;186.47;191.08;2.31;95126.0;98.0;99.0;47.0;4538.0;1003.91;781.24;6.0;1.0;0;1.0;0;0;1.0;0;0;0;0;0;1.0;1.0;0;0;0;0;0
638004;3.23;0.94;98.0;4202.0;18.75;81.75;36.75;14.51;26.80;14.48;213.18;242.97;2.31;95126.0;98.0;99.0;47.0;4527.0;1003.91;664.05;6.0;1.0;0;1.0;0;0;1.0;0;0;0;0;0;1.0;1.0;0;0;0;0;0
638524;3.56;0.97;100.0;4213.0;18.75;81.75;34.5;16.08;28.59;14.48;264.45;280.15;2.31;95126.0;98.0;100.0;47.0;4533.0;1003.91;800.77;6.0;1.0;0;1.0;0;0;1.0;0;0;0;0;0;1.0;1.0;0;0;0;0;0
639048;3.39;0.95;98.0;4204.0;18.75;81.75;35.25;15.29;27.51;14.48;314.14;311.65;2.31;95126.0;98.0;99.0;47.0;4493.0;1003.91;800.77;6.0;1.0;0;1.0;0;0;1.0;0;0;0;0;0;1.0;1.0;0;0;0;0;0
639604;3.18;0.91;98.0;4217.0;18.75;81.75;36.0;14.51;26.98;14.48;339.13;294.90;2.31;95126.0;98.0;99.0;47.0;4514.0;1003.91;664.05;6.0;1.0;0;1.0;0;0;1.0;0;0;0;0;0;1.0;1.0;0;0;0;0;0
640129;3.19;0.92;98.0;4191.0;18.75;81.75;36.75;14.51;26.83;14.58;310.70;281.03;2.31;95126.0;98.0;99.0;47.0;4514.0;1003.91;234.37;6.0;1.0;0;1.0;0;0;1.0;0;0;0;0;0;1.0;1.0;0;0;0;0;0
640684;3.10;0.92;98.0;4189.0;18.75;81.75;37.5;13.33;25.94;14.48;315.97;287.14;2.31;95126.0;97.0;99.0;47.0;4484.0;1003.68;351.55;6.0;1.0;0;1.0;0;0;1.0;0;0;0;0;0;1.0;1.0;0;0;0;0;0
641204;3.00;0.91;98.0;4186.0;18.75;81.75;37.5;12.94;25.45;14.48;248.01;264.31;2.31;95126.0;97.0;98.0;47.0;4500.0;1003.56;683.58;6.0;1.0;0;1.0;0;0;1.0;0;0;0;0;0;1.0;1.0;0;0;0;0;0
641724;2.93;0.90;97.0;4131.0;18.75;81.75;37.5;12.55;25.45;14.58;215.45;238.18;2.31;95126.0;97.0;98.0;47.0;4504.0;1003.60;800.77;6.0;1.0;0;1.0;0;0;1.0;0;0;0;0;0;1.0;1.0;0;0;0;0;0
642244;3.21;0.88;97.0;4102.0;18.75;81.75;36.0;14.51;26.78;14.48;242.67;158.97;2.31;95126.0;96.0;97.0;47.0;4497.0;1003.48;859.36;6.0;1.0;0;1.0;0;0;1.0;0;0;0;0;0;1.0;1.0;0;0;0;0;0
642753;3.63;0.95;97.0;4122.0;18.75;81.75;33.75;16.47;29.31;14.58;178.77;175.16;2.31;95126.0;96.0;97.0;47.0;4550.0;1003.37;703.11;6.0;1.0;0;1.0;0;0;1.0;0;0;0;0;0;1.0;1.0;0;0;0;0;0
643274;3.36;0.91;97.0;4131.0;18.75;81.75;34.5;15.68;28.42;14.48;229.69;234.02;2.31;95126.0;97.0;97.0;47.0;4515.0;1003.25;683.58;6.0;1.0;0;1.0;0;0;1.0;0;0;0;0;0;1.0;1.0;0;0;0;0;0
643794;4.45;1.00;97.0;4190.0;18.75;81.75;31.5;19.21;31.82;14.48;249.55;273.96;2.31;95126.0;95.0;98.0;47.0;4532.0;1003.21;820.30;6.0;1.0;0;1.0;0;0;1.0;0;0;0;0;0;1.0;1.0;0;0;0;0;0
644314;3.72;0.92;97.0;4137.0;18.75;81.75;32.25;18.04;30.87;14.48;291.34;322.73;2.31;95126.0;96.0;98.0;47.0;4543.0;1003.17;722.64;6.0;1.0;0;1.0;0;0;1.0;0;0;0;0;0;1.0;1.0;0;0;0;0;0
644824;3.24;0.90;97.0;4162.0;18.75;81.75;35.25;15.29;27.90;14.58;315.52;298.34;2.31;95126.0;96.0;98.0;47.0;4488.0;1003.02;136.71;6.0;1.0;0;1.0;0;0;1.0;0;0;0;0;0;1.0;1.0;0;0;0;0;0
645344;4.20;0.97;97.0;4139.0;18.75;81.75;30.75;19.61;32.78;14.48;294.96;326.34;2.31;95126.0;97.0;98.0;47.0;4556.0;1002.90;703.11;6.0;1.0;0;1.0;0;0;1.0;0;0;0;0;0;1.0;1.0;0;0;0;0;0
645864;4.24;0.94;97.0;4151.0;18.75;81.75;29.25;21.57;34.53;14.48;276.77;317.71;2.31;95126.0;97.0;98.0;47.0;4531.0;1002.86;136.71;6.0;1.0;0;1.0;0;0;1.0;0;0;0;0;0;1.0;1.0;0;0;0;0;0
646434;4.10;0.96;98.0;4210.0;18.75;81.75;30.75;20.00;33.03;14.58;299.49;319.27;2.31;95126.0;97.0;99.0;47.0;4518.0;1002.78;664.05;6.0;1.0;0;1.0;0;0;1.0;0;0;0;0;0;1.0;1.0;0;0;0;0;0
646944;4.18;0.97;98.0;4215.0;18.75;81.75;30.75;20.39;33.00;14.48;282.11;283.26;2.31;95126.0;97.0;99.0;47.0;4526.0;1002.74;722.64;6.0;1.0;0;1.0;0;0;1.0;0;0;0;0;0;1.0;1.0;0;0;0;0;0
647464;3.55;1.00;98.0;4144.0;18.75;81.75;35.25;15.29;28.15;14.48;237.64;213.81;2.31;95126.0;97.0;98.0;47.0;4469.0;1002.74;859.36;6.0;1.0;0;1.0;0;0;1.0;0;0;0;0;0;1.0;1.0;0;0;0;0;0
647974;2.93;0.91;97.0;4105.0;18.75;81.75;37.5;12.55;25.09;14.48;207.99;167.86;2.31;95126.0;97.0;97.0;47.0;4458.0;1002.70;839.83;6.0;1.0;0;1.0;0;0;1.0;0;0;0;0;0;1.0;1.0;0;0;0;0;0
648494;4.63;1.00;96.0;4101.0;18.75;81.75;30.75;19.61;32.38;14.48;165.80;198.24;2.31;95126.0;96.0;97.0;47.0;4512.0;1002.63;859.36;6.0;1.0;0;1.0;0;0;1.0;0;0;0;0;0;1.0;1.0;0;0;0;0;0
649014;3.08;1.00;96.0;4089.0;18.75;81.75;37.5;12.55;25.39;14.48;206.35;189.44;2.31;95126.0;95.0;96.0;47.0;4484.0;1002.55;878.89;6.0;1.0;0;1.0;0;0;1.0;0;0;0;0;0;1.0;1.0;0;0;0;0;0
649534;2.45;0.96;95.0;4034.0;18.75;81.75;42.0;8.23;20.20;14.48;259.12;269.37;2.31;95126.0;94.0;95.0;47.0;4423.0;1002.55;878.89;6.0;1.0;0;1.0;0;0;1.0;0;0;0;0;0;1.0;1.0;0;0;0;0;0
650044;0.18;1.00;92.0;3876.0;18.75;81.75;41.25;0;4.41;14.58;322.04;328.22;2.31;95126.0;93.0;93.0;47.0;4534.0;1002.43;839.83;6.0;1.0;0;1.0;0;0;1.0;0;0;0;0;0;1.0;1.0;0;0;0;0;0
650564;2.0;0.98;90.0;4177.0;18.75;81.75;43.5;6.66;16.06;14.48;344.19;328.31;2.31;95126.0;90.0;90.0;47.0;4481.0;1002.43;878.89;5.0;1.0;0;1.0;0;0;1.0;0;0;0;0;0;1.0;1.0;0;0;0;0;0
651083;2.28;0.92;88.0;4060.0;18.75;81.75;42.75;8.23;19.72;14.48;306.36;349.72;2.31;95126.0;88.0;89.0;47.0;4504.0;1002.35;839.83;5.0;1.0;0;1.0;0;0;1.0;0;0;0;0;0;1.0;1.0;0;0;0;0;0
651614;2.05;1.00;86.0;4095.0;18.75;81.75;43.5;6.27;15.87;14.48;266.46;310.35;2.31;95126.0;86.0;86.0;47.0;4547.0;1002.20;898.42;4.0;1.0;0;1.0;0;0;1.0;0;0;0;0;0;1.0;1.0;0;0;0;0;0
652124;1.80;0.97;83.0;4415.0;18.75;81.75;47.25;6.27;15.00;14.58;318.06;327.92;2.31;95127.0;84.0;84.0;47.0;4491.0;1002.04;878.89;4.0;1.0;0;1.0;0;0;1.0;0;0;0;0;0;1.0;1.0;0;0;0;0;0
652634;1.84;0.93;82.0;4314.0;18.75;81.75;45.75;6.27;15.90;14.48;320.79;324.86;2.31;95127.0;82.0;83.0;47.0;4507.0;1002.00;839.83;4.0;1.0;0;1.0;0;0;1.0;0;0;0;0;0;1.0;1.0;0;0;0;0;0
653155;1.85;0.88;82.0;4269.0;18.75;81.75;45.75;7.05;16.78;14.58;328.18;313.61;2.31;95127.0;82.0;82.0;47.0;4525.0;1001.84;761.70;4.0;1.0;0;1.0;0;0;1.0;0;0;0;0;0;1.0;1.0;0;0;0;0;0
653674;2.88;0.96;82.0;4276.0;18.75;81.75;39.75;11.37;23.27;14.48;269.94;310.11;2.31;95127.0;81.0;82.0;47.0;4538.0;1001.73;878.89;4.0;1.0;0;1.0;0;0;1.0;0;0;0;0;0;1.0;1.0;0;0;0;0;0
654194;3.36;0.96;82.0;4267.0;18.75;81.75;36.75;14.90;27.04;14.48;210.12;247.85;2.31;95127.0;81.0;82.0;47.0;4555.0;1001.65;742.17;4.0;1.0;0;1.0;0;0;1.0;0;0;0;0;0;1.0;1.0;0;0;0;0;0
654704;2.93;0.90;82.0;4266.0;18.75;81.75;38.25;12.94;25.25;14.48;221.82;222.97;2.31;95127.0;80.0;82.0;47.0;4531.0;1001.57;507.80;4.0;1.0;0;1.0;0;0;1.0;0;0;0;0;0;1.0;1.0;0;0;0;0;0
655224;4.75;1.00;81.0;4202.0;18.75;81.75;32.25;19.61;31.13;14.39;273.71;250.64;2.31;95127.0;80.0;81.0;47.0;4501.0;1001.53;878.89;4.0;1.0;0;1.0;0;0;1.0;0;0;0;0;0;1.0;1.0;0;0;0;0;0
655744;6.04;1.00;82.0;4290.0;18.75;81.75;20.25;34.51;43.08;14.48;318.37;299.21;2.31;95127.0;80.0;83.0;47.0;4574.0;1001.53;800.77;4.0;1.0;0;1.0;0;0;1.0;0;0;0;0;0;1.0;1.0;0;0;0;0;0
656264;6.73;1.00;85.0;4374.0;18.75;81.75;16.5;41.96;46.86;14.58;343.12;321.62;2.31;95127.0;81.0;85.0;47.0;4547.0;1001.49;410.15;4.0;1.0;0;1.0;0;0;1.0;0;0;0;0;0;1.0;1.0;0;0;0;0;0
656844;5.71;1.00;86.0;4459.0;18.75;81.75;21.75;34.12;42.43;14.58;349.80;343.53;2.31;95127.0;84.0;86.0;47.0;4530.0;1001.41;58.59;4.0;1.0;0;1.0;0;0;1.0;0;0;0;0;0;1.0;1.0;0;0;0;0;0
657364;5.60;1.00;87.0;4579.0;18.75;81.75;21.75;36.08;42.72;14.58;355.13;328.65;2.31;95127.0;86.0;88.0;47.0;4535.0;1001.26;39.06;4.0;1.0;0;1.0;0;0;1.0;0;0;0;0;0;1.0;1.0;0;0;0;0;0
657884;5.75;1.05;88.0;4619.0;18.75;81.75;24.75;32.94;40.17;14.58;351.69;235.76;2.31;95127.0;87.0;89.0;47.0;4525.0;1001.10;117.18;4.0;1.0;0;1.0;0;0;1.0;0;0;0;0;0;1.0;1.0;0;0;0;0;0
658404;5.76;1.11;91.0;4774.0;18.75;81.75;27.0;31.76;38.10;14.48;337.90;209.36;2.31;95127.0;89.0;92.0;47.0;4531.0;1000.91;605.46;4.0;1.0;0;1.0;0;0;1.0;0;0;0;0;0;1.0;1.0;0;0;0;0;0
658914;5.49;1.11;95.0;4958.0;18.75;81.75;28.5;31.76;37.01;14.48;190.67;290.86;2.31;95127.0;92.0;95.0;47.0;4513.0;1000.79;703.11;4.0;1.0;0;1.0;0;0;1.0;0;0;0;0;0;1.0;1.0;0;0;0;0;0
659434;5.40;1.07;96.0;5001.0;18.75;81.75;28.5;32.55;37.11;14.48;189.18;306.01;2.31;95127.0;93.0;96.0;47.0;4498.0;1000.71;800.77;4.0;1.0;0;1.0;0;0;1.0;0;0;0;0;0;1.0;1.0;0;0;0;0;0
659954;6.24;1.06;97.0;5084.0;18.75;81.75;24.0;39.22;41.07;14.48;183.30;331.11;2.31;95127.0;95.0;98.0;47.0;4499.0;1000.55;97.65;4.0;1.0;0;1.0;0;0;1.0;0;0;0;0;0;1.0;1.0;0;0;0;0;0
660474;4.44;1.00;96.0;4924.0;18.75;81.75;35.25;22.74;29.91;14.48;217.77;292.18;2.31;95127.0;96.0;97.0;47.0;4459.0;1000.44;800.77;5.0;1.0;0;1.0;0;0;1.0;0;0;0;0;0;1.0;1.0;0;0;0;0;0
660984;5.73;1.00;97.0;4519.0;18.75;81.75;23.25;32.55;40.56;14.58;209.94;334.82;2.31;95127.0;94.0;97.0;47.0;4551.0;1000.36;39.06;5.0;1.0;0;1.0;0;0;1.0;0;0;0;0;0;1.0;1.0;0;0;0;0;0
661504;5.82;1.06;98.0;4515.0;18.75;81.75;24.0;32.16;40.55;14.58;221.93;351.61;2.31;95127.0;96.0;98.0;47.0;4522.0;1000.16;585.93;5.0;1.0;0;1.0;0;0;1.0;0;0;0;0;0;1.0;1.0;0;0;0;0;0
662023;5.52;1.07;100.0;4578.0;18.75;81.75;27.0;29.80;38.39;14.48;250.04;335.93;2.31;95127.0;97.0;100.0;47.0;4529.0;1000.05;761.70;5.0;1.0;0;1.0;0;0;1.0;0;0;0;0;0;1.0;1.0;0;0;0;0;0
662544;5.07;1.04;101.0;4661.0;18.75;81.75;29.25;27.84;36.45;14.48;315.11;354.99;2.31;95127.0;98.0;101.0;47.0;4524.0;999.93;507.80;5.0;1.0;0;1.0;0;0;1.0;0;0;0;0;0;0;1.0;0;0;0;0;0
663074;4.97;1.07;101.0;4676.0;18.75;81.75;30.0;26.27;34.80;14.58;327.28;302.32;2.31;95127.0;98.0;102.0;47.0;4512.0;999.73;820.30;5.0;1.0;0;1.0;0;0;1.0;0;0;0;0;0;1.0;1.0;0;0;0;0;0
663624;5.52;1.00;101.0;4615.0;18.75;81.75;24.75;32.55;39.77;14.58;340.32;324.45;2.31;95127.0;98.0;101.0;47.0;4516.0;999.62;156.24;5.0;1.0;0;1.0;0;0;1.0;0;0;0;0;0;1.0;1.0;0;0;0;0;0
664144;5.57;1.06;100.0;4619.0;18.75;81.75;26.25;30.98;38.83;14.58;322.69;321.46;2.31;95127.0;98.0;101.0;47.0;4531.0;999.50;117.18;5.0;1.0;0;1.0;0;0;1.0;0;0;0;0;0;1.0;1.0;0;0;0;0;0
664663;5.22;1.05;100.0;4602.0;18.75;81.75;28.5;28.63;37.30;14.48;337.22;339.35;2.31;95127.0;98.0;100.0;47.0;4523.0;999.34;58.59;5.0;1.0;0;1.0;0;0;1.0;0;0;0;0;0;1.0;1.0;0;0;0;0;0
665175;5.51;1.10;100.0;4596.0;18.75;81.75;27.75;28.23;37.48;14.48;344.39;319.27;2.31;95127.0;99.0;101.0;47.0;4512.0;999.15;722.64;5.0;1.0;0;1.0;0;0;1.0;0;0;0;0;0;1.0;1.0;0;0;0;0;0
665744;5.20;1.00;100.0;4658.0;18.75;81.75;28.5;28.23;36.56;14.58;337.73;318.71;2.31;95127.0;99.0;101.0;47.0;4504.0;998.95;58.59;5.0;1.0;0;1.0;0;0;1.0;0;0;0;0;0;1.0;1.0;0;0;0;0;0
666264;5.68;1.09;101.0;4663.0;18.75;81.75;27.0;30.98;38.48;14.39;299.04;296.34;2.31;95127.0;100.0;101.0;47.0;4514.0;998.80;839.83;5.0;1.0;0;1.0;0;0;1.0;0;0;0;0;0;1.0;1.0;0;0;0;0;0
666774;6.12;1.05;102.0;4696.0;18.75;81.75;22.5;36.08;41.89;14.58;324.51;326.73;2.31;95127.0;101.0;103.0;47.0;4507.0;998.72;683.58;5.0;1.0;0;1.0;0;0;1.0;0;0;0;0;0;1.0;1.0;0;0;0;0;0
667304;4.56;1.00;101.0;4318.0;18.75;81.75;32.25;20.00;31.88;14.48;343.80;343.51;2.31;95127.0;101.0;102.0;47.0;4468.0;998.48;820.30;6.0;1.0;0;1.0;0;0;1.0;0;0;0;0;0;1.0;1.0;0;0;0;0;0
667864;4.28;0.99;101.0;4306.0;18.75;81.75;31.5;21.17;33.07;14.48;350.83;349.54;2.31;95127.0;100.0;102.0;47.0;4536.0;998.25;800.77;6.0;1.0;0;1.0;0;0;1.0;0;0;0;0;0;1.0;1.0;0;0;0;0;0
668373;3.76;0.97;101.0;4286.0;18.75;81.75;34.5;18.04;29.93;14.48;320.85;353.96;2.31;95127.0;100.0;101.0;47.0;4504.0;998.17;781.24;6.0;1.0;0;1.0;0;0;1.0;0;0;0;0;0;1.0;1.0;0;0;0;0;0
668894;3.78;0.95;100.0;4246.0;18.75;82.5;33.0;18.43;30.15;14.58;311.69;353.39;2.31;95127.0;99.0;100.0;47.0;4477.0;998.13;722.64;6.0;1.0;0;1.0;0;0;1.0;0;0;0;0;0;1.0;1.0;0;0;0;0;0
669414;3.94;1.00;100.0;4267.0;18.75;82.5;32.25;18.82;30.99;14.48;328.08;335.15;2.31;95127.0;99.0;101.0;47.0;4513.0;997.78;761.70;6.0;1.0;0;1.0;0;0;1.0;0;0;0;0;0;1.0;1.0;0;0;0;0;0
669934;3.16;0.96;100.0;4202.0;18.75;82.5;38.25;12.94;25.35;14.58;303.39;345.48;2.31;95127.0;99.0;100.0;47.0;4412.0;997.78;859.36;6.0;1.0;0;1.0;0;0;1.0;0;0;0;0;0;1.0;1.0;0;0;0;0;0
670443;3.49;0.94;98.0;4179.0;18.75;82.5;34.5;16.47;29.52;14.39;292.52;313.88;2.31;95127.0;98.0;99.0;47.0;4549.0;997.78;683.58;6.0;1.0;0;1.0;0;0;1.0;0;0;0;0;0;1.0;1.0;0;0;0;0;0
670963;3.16;0.89;98.0;4169.0;18.75;82.5;36.0;14.90;27.39;14.58;288.67;246.03;2.31;95127.0;98.0;99.0;47.0;4491.0;997.74;156.24;6.0;1.0;0;1.0;0;0;1.0;0;0;0;0;0;1.0;1.0;0;0;0;0;0
671484;3.32;0.94;97.0;4147.0;18.75;82.5;36.0;14.90;27.47;14.58;222.54;149.17;2.31;95127.0;97.0;98.0;47.0;4489.0;997.51;683.58;6.0;1.0;0;1.0;0;0;1.0;0;0;0;0;0;1.0;1.0;0;0;0;0;0
672003;3.27;0.91;97.0;4119.0;18.75;82.5;35.25;14.90;27.71;14.58;163.99;135.32;2.31;95127.0;96.0;97.0;47.0;4503.0;997.31;136.71;6.0;1.0;0;1.0;0;0;1.0;0;0;0;0;0;1.0;1.0;0;0;0;0;0
672563;3.39;0.93;96.0;4082.0;18.75;82.5;35.25;15.68;28.06;14.48;242.66;171.61;2.31;95127.0;96.0;97.0;47.0;4505.0;997.08;312.49;6.0;1.0;0;1.0;0;0;1.0;0;0;0;0;0;0;1.0;0;0;0;0;0
673083;3.41;0.93;96.0;4085.0;18.75;82.5;35.25;15.68;27.90;14.58;303.16;238.10;2.31;95127.0;95.0;96.0;47.0;4505.0;996.88;761.70;6.0;1.0;0;1.0;0;0;1.0;0;0;0;0;0;1.0;1.0;0;0;0;0;0
673603;3.08;0.91;95.0;4038.0;18.75;82.5;36.75;13.72;25.99;14.48;308.45;312.42;2.31;95127.0;94.0;95.0;47.0;4490.0;996.77;644.52;6.0;1.0;0;1.0;0;0;1.0;0;0;0;0;0;1.0;1.0;0;0;0;0;0
674123;3.61;0.93;95.0;4021.0;18.75;82.5;33.75;17.25;29.51;14.58;342.20;278.45;2.31;95127.0;94.0;95.0;47.0;4521.0;996.69;781.24;6.0;1.0;0;1.0;0;0;1.0;0;0;0;0;0;1.0;1.0;0;0;0;0;0
674633;3.05;0.93;95.0;3984.0;18.75;82.5;36.0;13.33;25.75;14.39;206.25;329.92;2.31;95127.0;94.0;95.0;47.0;4490.0;996.61;722.64;6.0;1.0;0;1.0;0;0;1.0;0;0;0;0;0;1.0;1.0;0;0;0;0;0
675153;3.50;0.90;93.0;3978.0;18.75;82.5;34.5;16.08;28.20;14.58;88.72;350.95;2.31;95127.0;93.0;94.0;47.0;4512.0;996.57;781.24;6.0;1.0;0;1.0;0;0;1.0;0;0;0;0;0;1.0;1.0;0;0;0;0;0
675743;3.4;1.00;93.0;4023.0;18.75;82.5;35.25;14.90;27.21;14.58;32.92;360.40;2.31;95127.0;93.0;94.0;47.0;4520.0;996.57;839.83;6.0;1.0;0;1.0;0;0;1.0;0;0;0;0;0;1.0;1.0;0;0;0;0;0
676263;2.85;0.91;93.0;3973.0;18.75;83.25;37.5;11.76;24.49;14.58;167.02;363.70;2.31;95127.0;93.0;94.0;46.0;4486.0;996.41;800.77;6.0;1.0;0;1.0;0;0;1.0;0;0;0;0;0;1.0;1.0;0;0;0;0;0
676774;2.52;0.84;93.0;3969.0;18.75;83.25;38.25;10.98;23.63;14.48;253.03;203.93;2.31;95127.0;93.0;94.0;46.0;4489.0;996.34;78.12;6.0;1.0;0;1.0;0;0;1.0;0;0;0;0;0;1.0;1.0;0;0;0;0;0
677293;2.62;0.90;92.0;3926.0;18.75;83.25;39.0;10.58;22.94;14.48;186.37;231.86;2.31;95127.0;92.0;93.0;46.0;4496.0;996.26;761.70;6.0;1.0;0;1.0;0;0;1.0;0;0;0;0;0;1.0;1.0;0;0;0;0;0
677813;2.35;0.86;92.0;3926.0;18.75;83.25;39.75;9.80;21.79;14.48;226.05;152.21;2.31;95127.0;92.0;93.0;46.0;4504.0;996.10;136.71;6.0;1.0;0;1.0;0;0;1.0;0;0;0;0;0;1.0;1.0;0;0;0;0;0
678335;2.33;0.89;92.0;3907.0;18.75;83.25;41.25;8.62;20.74;14.48;235.19;236.56;2.31;95127.0;92.0;92.0;46.0;4513.0;995.91;800.77;6.0;1.0;0;1.0;0;0;1.0;0;0;0;0;0;1.0;1.0;0;0;0;0;0
678853;1.88;0.83;91.0;3889.0;18.75;83.25;43.5;7.05;18.32;14.48;284.55;246.42;2.31;95127.0;91.0;92.0;46.0;4508.0;995.71;761.70;6.0;1.0;0;1.0;0;0;1.0;0;0;0;0;0;1.0;1.0;0;0;0;0;0
679363;1.58;0.83;91.0;3872.0;18.75;83.25;43.5;5.88;15.88;14.48;330.03;281.79;2.31;95127.0;90.0;91.0;46.0;4507.0;995.55;761.70;6.0;1.0;0;1.0;0;0;1.0;0;0;0;0;0;1.0;1.0;0;0;0;0;0
679884;1.39;0.79;90.0;3837.0;18.75;83.25;43.5;5.09;14.17;14.48;341.91;317.73;2.31;95127.0;90.0;90.0;46.0;4504.0;995.48;546.86;6.0;1.0;0;1.0;0;0;1.0;0;0;0;0;0;1.0;1.0;0;0;0;0;0
680404;1.31;0.80;88.0;3724.0;18.75;83.25;42.75;4.70;13.27;14.29;325.93;304.17;2.58;95127.0;88.0;89.0;46.0;4521.0;995.40;761.70;6.0;1.0;0;1.0;0;0;1.0;0;0;0;0;0;1.0;1.0;0;0;0;0;0
680924;0.97;0.81;86.0;3655.0;18.75;83.25;42.0;3.13;9.82;14.39;340.17;320.44;2.31;95127.0;87.0;87.0;46.0;4518.0;995.36;97.65;6.0;1.0;0;1.0;0;0;1.0;0;0;0;0;0;1.0;1.0;0;0;0;0;0
681434;0.92;0.82;85.0;3594.0;18.75;83.25;40.5;2.74;9.11;14.48;342.77;338.78;2.31;95127.0;85.0;85.0;46.0;4523.0;995.32;214.84;6.0;1.0;0;1.0;0;0;1.0;0;0;0;0;0;1.0;1.0;0;0;0;0;0
681953;0.52;1.00;82.0;3492.0;18.75;83.25;-30.0;0;0;14.58;325.07;332.71;2.31;95127.0;82.0;82.0;46.0;4564.0;995.28;19.53;6.0;1.0;0;1.0;0;0;1.0;0;0;0;0;0;1.0;1.0;0;0;0;0;0
682473;0.55;1.00;80.0;3389.0;18.75;83.25;-30.0;0;0;14.58;344.17;261.99;2.31;95127.0;80.0;80.0;46.0;4559.0;995.28;0;6.0;1.0;0;1.0;0;0;1.0;0;0;0;0;0;1.0;1.0;0;0;0;0;0
682994;0.56;1.00;77.0;3281.0;18.75;83.25;-30.0;0;0;14.58;338.86;221.25;2.31;95127.0;77.0;77.0;46.0;4543.0;995.28;0;6.0;1.0;0;1.0;0;0;1.0;0;0;0;0;0;1.0;1.0;0;0;0;0;0
683503;0.60;1.00;73.0;3125.0;18.75;83.25;-30.0;0;0;14.48;293.77;241.74;2.31;95127.0;74.0;74.0;46.0;4523.0;995.24;0;6.0;1.0;0;1.0;0;0;1.0;0;0;0;0;0;1.0;1.0;0;0;0;0;0
684023;0.65;1.00;70.0;2964.0;18.75;83.25;-30.0;0;0;14.58;320.81;300.23;2.31;95127.0;69.0;70.0;46.0;4499.0;995.24;0;6.0;1.0;0;1.0;0;0;1.0;0;0;0;0;0;1.0;1.0;0;0;0;0;0
684543;0.68;1.00;65.0;2735.0;18.75;83.25;-30.0;0;0;14.48;338.00;328.06;2.31;95127.0;65.0;64.0;46.0;4550.0;995.24;0;6.0;1.0;0;1.0;0;0;1.0;0;0;0;0;0;1.0;1.0;0;0;0;0;0
685073;0.96;1.00;60.0;2519.0;18.75;83.25;1.5;0;7.63;14.39;345.89;344.15;2.31;95127.0;60.0;59.0;46.0;4415.0;995.24;0;6.0;1.0;0;1.0;0;0;1.0;0;0;0;0;0;1.0;1.0;0;0;0;0;0
685633;0.94;1.00;56.0;2395.0;18.75;83.25;12.0;0;12.63;14.48;311.69;289.98;2.31;95127.0;56.0;56.0;53.0;4278.0;995.24;19.53;6.0;1.0;0;1.0;0;0;1.0;0;0;1.0;0;0;1.0;1.0;0;0;0;0;0
686143;0.90;1.00;52.0;2209.0;18.75;83.25;15.0;0;12.54;14.48;190.45;154.05;2.31;95127.0;52.0;52.0;44.0;4440.0;995.24;39.06;6.0;1.0;0;1.0;0;0;1.0;0;0;1.0;0;0;1.0;1.0;0;0;0;0;0
686664;1.02;1.00;50.0;1949.0;18.75;83.25;15.0;0;12.67;14.29;165.39;130.12;2.58;95127.0;50.0;50.0;44.0;4497.0;995.24;839.83;5.0;1.0;0;1.0;0;0;1.0;0;0;1.0;0;0;1.0;1.0;0;0;0;0;0
687183;0.92;1.00;46.0;2139.0;18.75;83.25;15.0;0;12.51;14.39;114.36;95.01;2.31;95127.0;47.0;47.0;43.0;4507.0;995.24;78.12;5.0;1.0;0;1.0;1.0;0;1.0;0;0;1.0;0;0;1.0;1.0;0;0;0;0;0
687693;1.0;1.00;43.0;1845.0;18.75;83.25;15.0;0;12.65;14.58;93.02;72.12;2.31;95127.0;44.0;44.0;44.0;4505.0;995.24;136.71;4.0;1.0;0;1.0;0;0;1.0;0;0;1.0;0;0;1.0;1.0;0;0;0;0;0
688213;0.91;1.00;40.0;2117.0;18.75;83.25;14.25;0;12.54;14.48;73.86;50.58;2.31;95127.0;40.0;40.0;44.0;4511.0;995.24;19.53;4.0;1.0;0;1.0;0;0;1.0;0;0;1.0;0;0;1.0;1.0;0;0;0;0;0
688734;1.23;1.00;36.0;1941.0;18.75;82.5;15.75;0.78;9.49;14.48;60.30;47.37;2.31;95127.0;36.0;36.0;47.0;4527.0;995.24;761.70;4.0;1.0;0;1.0;0;0;1.0;0;0;1.0;0;0;1.0;1.0;0;0;0;0;0
689253;5.28;1.00;32.0;1929.0;18.75;82.5;15.0;7.84;26.97;14.48;78.00;49.33;2.31;95127.0;33.0;32.0;47.0;4454.0;995.24;898.42;4.0;1.0;0;1.0;0;0;1.0;0;0;1.0;0;0;1.0;1.0;0;0;0;0;0
689764;1.65;1.00;28.0;1700.0;18.75;82.5;11.25;0;14.31;14.48;114.44;107.23;2.31;95127.0;29.0;29.0;73.0;4566.0;995.24;0;3.0;1.0;0;1.0;0;0;1.0;0;0;1.0;0;0;1.0;1.0;0;0;0;0;0
690285;1.36;1.00;25.0;1583.0;18.75;82.5;12.0;0.39;11.69;14.58;101.75;87.98;2.31;95127.0;25.0;25.0;47.0;4242.0;995.24;859.36;3.0;1.0;0;1.0;0;0;1.0;0;0;1.0;0;0;1.0;1.0;0;0;0;0;0
690804;1.48;1.00;22.0;1458.0;18.75;82.5;12.75;0.39;12.37;14.39;157.48;89.75;2.31;95127.0;22.0;22.0;47.0;4345.0;995.24;253.90;3.0;1.0;0;1.0;1.0;0;1.0;0;0;1.0;0;0;1.0;1.0;0;0;1.0;0;0
691324;1.41;1.00;18.0;1292.0;18.75;82.5;15.0;0;12.61;14.48;152.80;87.78;2.31;95127.0;18.0;18.0;46.0;4407.0;995.36;859.36;2.0;1.0;0;1.0;0;0;1.0;0;0;1.0;0;0;1.0;1.0;0;0;0;0;0
691844;1.33;0.98;13.0;1281.0;18.75;83.25;13.5;0;12.32;14.39;123.97;70.77;2.31;95127.0;14.0;14.0;44.0;4485.0;995.52;859.36;2.0;1.0;0;1.0;0;0;1.0;0;0;1.0;0;0;1.0;1.0;0;0;1.0;0;0
692354;1.36;0.97;11.0;1286.0;18.75;83.25;14.25;0;12.44;14.58;90.34;61.01;2.31;95127.0;11.0;11.0;44.0;4512.0;995.71;820.30;0;1.0;0;1.0;1.0;0;1.0;0;0;1.0;0;0;1.0;1.0;0;0;1.0;0;0
692873;1.19;0.95;7.0;1306.0;18.75;83.25;13.5;0;12.31;14.48;69.37;44.41;2.31;95127.0;8.0;8.0;44.0;4497.0;995.95;722.64;1.0;1.0;0;1.0;0;0;1.0;0;0;1.0;0;0;1.0;1.0;0;0;0;0;0
693395;1.33;0.94;6.0;1269.0;18.75;83.25;14.25;0;12.44;14.39;53.27;41.01;2.31;95127.0;6.0;6.0;43.0;4513.0;996.02;97.65;1.0;1.0;0;1.0;0;0;1.0;0;0;1.0;0;0;1.0;1.0;0;0;0;0;0
693914;1.25;0.95;5.0;1304.0;18.75;83.25;12.0;0;12.00;14.48;56.67;38.39;2.31;95127.0;5.0;5.0;43.0;4497.0;996.14;39.06;1.0;1.0;0;1.0;0;0;1.0;0;0;1.0;0;0;1.0;1.0;0;0;0;0;0
694424;1.37;0.97;3.0;1264.0;18.75;83.25;14.25;0;12.50;14.48;53.68;31.69;2.31;95127.0;4.0;4.0;43.0;4509.0;996.10;58.59;1.0;1.0;0;1.0;0;0;1.0;0;0;1.0;0;0;1.0;1.0;0;0;0;0;0
695044;1.46;0.99;3.0;1238.0;18.75;83.25;16.5;0;12.74;14.58;81.96;27.57;2.31;95127.0;3.0;3.0;43.0;4525.0;996.22;78.12;1.0;1.0;0;1.0;0;0;1.0;0;0;1.0;0;0;1.0;1.0;0;0;0;0;0
695603;1.30;0.99;0;1285.0;18.75;83.25;13.5;0;12.21;14.48;134.34;37.81;2.31;95127.0;0;0;43.0;4506.0;996.30;761.70;1.0;1.0;0;1.0;0;0;1.0;0;0;1.0;0;0;1.0;1.0;0;0;0;0;0
696124;1.34;0.97;0;1230.0;18.75;83.25;17.25;0;12.90;14.48;162.05;87.90;2.31;95127.0;0;0;43.0;4520.0;996.34;820.30;1.0;1.0;0;1.0;0;0;1.0;0;0;1.0;0;0;1.0;1.0;0;0;0;0;0
696644;1.32;0.96;0;1221.0;18.75;83.25;17.25;0;12.93;14.58;163.75;109.66;2.31;95127.0;0;0;43.0;4510.0;996.37;781.24;1.0;1.0;0;1.0;0;0;1.0;0;0;1.0;0;0;1.0;1.0;0;0;0;0;0
697153;1.37;0.96;0;1242.0;18.75;83.25;16.5;0;12.76;14.48;173.38;99.09;2.31;95127.0;0;0;43.0;4507.0;996.41;39.06;1.0;1.0;0;1.0;0;0;1.0;0;0;1.0;0;0;1.0;1.0;0;0;0;0;0
697674;1.21;0.97;0;1300.0;18.75;83.25;12.75;0;12.08;14.39;168.87;87.39;2.31;95127.0;0;0;43.0;4521.0;996.41;39.06;1.0;1.0;0;1.0;1.0;0;1.0;0;0;1.0;0;0;1.0;1.0;0;0;1.0;0;0
698194;1.27;0.99;0;1302.0;18.75;83.25;12.0;0;11.93;14.58;165.41;87.82;2.31;95127.0;0;0;43.0;4513.0;996.41;39.06;1.0;1.0;0;1.0;1.0;0;1.0;0;0;1.0;0;0;1.0;1.0;0;0;1.0;0;0
698714;1.43;1.01;0;1188.0;18.75;83.25;20.25;0;13.35;14.48;196.41;92.88;2.31;95127.0;0;0;42.0;4513.0;996.45;58.59;1.0;1.0;0;1.0;0;0;1.0;0;0;1.0;0;0;1.0;1.0;0;0;0;0;0
699224;1.32;1.00;0;1254.0;18.75;83.25;15.0;0;12.43;14.48;218.34;131.53;2.31;95127.0;0;0;42.0;4503.0;996.45;566.39;1.0;1.0;0;1.0;0;0;1.0;0;0;1.0;0;0;1.0;1.0;0;0;0;0;0
699744;1.34;1.00;0;1248.0;18.75;83.25;15.75;0;12.56;14.39;221.68;122.99;2.31;95127.0;0;0;43.0;4521.0;996.45;683.58;1.0;1.0;0;1.0;0;0;1.0;0;0;1.0;0;0;1.0;1.0;0;0;0;0;0
700264;1.33;0.99;0;1216.0;18.75;83.25;18.0;0;12.99;14.58;251.07;116.73;2.31;95127.0;0;0;43.0;4503.0;996.45;664.05;1.0;1.0;0;1.0;1.0;0;1.0;0;0;1.0;0;0;1.0;1.0;0;0;1.0;0;0
700794;1.40;0.99;0;1219.0;18.75;83.25;17.25;0;12.86;14.39;228.18;113.84;2.31;95127.0;0;0;43.0;4507.0;996.45;683.58;1.0;1.0;0;1.0;0;0;1.0;0;0;1.0;0;0;1.0;1.0;0;0;0;0;0
701353;1.34;0.97;0;1223.0;18.75;84.0;17.25;0;12.88;14.29;231.43;146.29;2.58;95127.0;0;0;43.0;4529.0;996.45;156.24;1.0;1.0;0;1.0;0;0;1.0;0;0;1.0;0;0;1.0;1.0;0;0;0;0;0
701914;1.56;0.99;0;1159.0;18.75;84.0;22.5;0;13.63;14.58;267.75;186.92;2.31;95127.0;0;0;43.0;4495.0;996.37;97.65;1.0;1.0;0;1.0;0;0;1.0;0;0;1.0;0;0;1.0;1.0;0;0;0;0;0
702435;2.57;0.99;0;1446.0;18.75;84.0;12.75;2.35;13.94;14.39;203.36;165.39;2.31;95127.0;0;0;46.0;4550.0;996.41;937.48;1.0;1.0;0;1.0;0;0;1.0;0;0;1.0;0;0;1.0;1.0;0;0;0;0;0
702994;3.32;0.99;0;2633.0;18.75;84.0;27.75;9.41;25.31;14.58;221.41;190.43;2.31;95127.0;0;0;46.0;4476.0;996.41;878.89;1.0;1.0;0;1.0;0;0;1.0;0;0;1.0;0;0;1.0;1.0;0;0;0;0;0
703514;3.4;0.96;8.0;2184.0;19.5;84.0;20.25;9.41;27.75;14.48;261.64;222.73;2.31;95127.0;9.0;9.0;46.0;4540.0;996.37;800.77;1.0;1.0;0;1.0;0;0;1.0;0;0;1.0;0;0;1.0;1.0;0;0;0;0;0
704034;3.62;0.95;16.0;2153.0;19.5;84.0;18.75;10.58;29.78;14.58;292.07;257.52;2.31;95127.0;16.0;16.0;46.0;4479.0;996.37;97.65;1.0;1.0;0;1.0;0;0;1.0;0;0;1.0;0;0;1.0;1.0;0;0;0;0;0
704544;3.53;0.99;22.0;2494.0;19.5;84.0;24.0;11.76;28.40;14.48;224.51;220.08;2.31;95127.0;22.0;23.0;46.0;4435.0;996.41;781.24;1.0;1.0;0;1.0;0;0;1.0;0;0;1.0;0;0;1.0;1.0;0;0;0;0;0
705065;3.29;0.95;28.0;3146.0;19.5;84.0;30.0;12.94;27.88;14.39;253.26;224.90;2.31;95127.0;28.0;28.0;46.0;4533.0;996.41;175.77;1.0;1.0;0;1.0;0;0;1.0;0;0;0;0;0;1.0;1.0;0;0;0;0;0
705584;3.67;1.00;31.0;3336.0;19.5;84.0;33.75;9.80;24.88;14.58;292.52;200.80;2.31;95127.0;32.0;32.0;46.0;4501.0;996.41;898.42;2.0;1.0;0;1.0;0;0;1.0;0;0;1.0;0;0;1.0;1.0;0;0;0;0;0
706104;3.70;0.98;36.0;2863.0;19.5;84.0;27.0;14.51;29.63;14.48;296.58;173.56;2.31;95127.0;36.0;37.0;46.0;4500.0;996.45;664.05;2.0;1.0;0;1.0;0;0;1.0;0;0;1.0;0;0;1.0;1.0;0;0;0;0;0
706663;3.64;0.99;41.0;3255.0;19.5;84.0;30.0;14.90;29.19;14.48;306.95;217.64;2.31;95127.0;41.0;42.0;46.0;4514.0;996.30;800.77;2.0;1.0;0;1.0;0;0;1.0;0;0;1.0;0;0;1.0;1.0;0;0;0;0;0
707184;4.46;1.00;47.0;3682.0;18.75;84.0;27.75;20.39;34.02;14.39;332.18;196.56;2.31;95127.0;46.0;48.0;46.0;4576.0;996.34;878.89;2.0;1.0;0;1.0;0;0;1.0;0;0;0;0;0;1.0;1.0;0;0;0;0;0
707704;4.15;1.00;50.0;3799.0;18.75;84.0;34.5;14.90;28.61;14.20;335.77;245.17;2.58;95127.0;51.0;51.0;46.0;4477.0;996.26;761.70;3.0;1.0;0;1.0;0;0;1.0;0;0;1.0;0;0;1.0;1.0;0;0;0;0;0
708224;3.96;0.96;55.0;3393.0;18.75;84.0;27.0;18.43;32.50;14.39;345.91;306.73;2.31;95127.0;54.0;55.0;46.0;4502.0;996.22;175.77;3.0;1.0;0;1.0;0;0;1.0;0;0;1.0;0;0;1.0;1.0;0;0;0;0;0
708734;3.81;0.95;60.0;3698.0;18.75;83.25;30.0;18.04;31.54;14.48;333.35;317.77;2.31;95128.0;59.0;60.0;46.0;4545.0;996.14;507.80;3.0;1.0;0;1.0;0;0;1.0;0;0;1.0;0;0;1.0;1.0;0;0;0;0;0
709253;4.94;0.99;65.0;3945.0;18.75;83.25;27.0;23.13;37.32;14.48;336.28;331.24;2.31;95128.0;63.0;65.0;46.0;4592.0;996.18;839.83;3.0;1.0;0;1.0;0;0;1.0;0;0;1.0;0;0;1.0;1.0;0;0;0;0;0
709774;4.77;0.93;68.0;4226.0;18.75;83.25;26.25;25.88;39.10;14.39;254.37;331.52;2.31;95128.0;68.0;69.0;46.0;4594.0;996.10;781.24;3.0;1.0;0;1.0;0;0;1.0;0;0;0;0;0;1.0;1.0;0;0;0;0;0
710294;3.67;0.99;71.0;3656.0;18.75;83.25;32.25;16.08;28.02;14.48;270.41;285.95;2.31;95128.0;70.0;71.0;46.0;4426.0;996.02;859.36;4.0;1.0;0;1.0;0;0;1.0;0;0;0;0;0;1.0;1.0;0;0;0;0;0
710814;4.44;0.98;73.0;3799.0;18.75;82.5;30.75;19.21;31.29;14.48;250.72;226.43;2.31;95128.0;72.0;74.0;47.0;4482.0;995.87;898.42;4.0;1.0;0;1.0;0;0;1.0;0;0;0;0;0;1.0;1.0;0;0;0;0;0
711324;3.19;1.00;75.0;3616.0;18.75;82.5;34.5;10.98;24.90;14.48;182.91;242.64;2.31;95128.0;74.0;75.0;47.0;4478.0;995.87;859.36;5.0;1.0;0;1.0;0;0;1.0;0;0;0;0;0;1.0;1.0;0;0;0;0;0
711894;2.71;0.96;75.0;3479.0;18.75;82.5;36.0;9.41;22.46;14.48;185.94;221.11;2.31;95128.0;75.0;75.0;47.0;4477.0;995.83;859.36;5.0;1.0;0;1.0;0;0;1.0;0;0;0;0;0;1.0;1.0;0;0;0;0;0
712414;2.60;0.89;77.0;3546.0;18.75;82.5;36.0;10.19;23.19;14.58;172.66;193.30;2.31;95128.0;76.0;77.0;47.0;4515.0;995.91;624.99;5.0;1.0;0;1.0;0;0;1.0;0;0;0;0;0;1.0;1.0;0;0;0;0;0
712924;3.17;0.90;78.0;3626.0;18.75;81.75;33.75;13.72;26.04;14.48;214.67;237.30;2.31;95128.0;78.0;79.0;47.0;4569.0;995.71;175.77;5.0;1.0;0;1.0;0;0;1.0;0;0;0;0;0;0;1.0;0;0;0;0;0
713444;1.53;1.00;78.0;3317.0;18.75;81.75;35.25;3.92;12.43;14.58;244.41;304.17;2.31;95128.0;79.0;79.0;47.0;4500.0;995.71;878.89;6.0;1.0;0;1.0;0;0;1.0;0;0;0;0;0;1.0;1.0;0;0;0;0;0
713964;1.62;0.98;78.0;3338.0;18.75;81.75;38.25;4.31;13.66;14.48;303.80;336.13;2.31;95128.0;79.0;79.0;47.0;4497.0;995.79;878.89;6.0;1.0;0;1.0;0;0;1.0;0;0;0;0;0;1.0;1.0;0;0;0;0;0
714524;1.56;0.95;78.0;3363.0;18.75;81.75;38.25;4.31;13.26;14.58;318.82;342.26;2.31;95128.0;78.0;79.0;47.0;4511.0;995.91;878.89;6.0;1.0;0;1.0;0;0;1.0;0;0;0;0;0;1.0;1.0;0;0;0;0;0
715044;1.55;0.93;80.0;3364.0;18.75;81.75;38.25;4.31;13.62;14.58;341.34;345.13;2.31;95128.0;79.0;80.0;47.0;4500.0;995.91;859.36;6.0;1.0;0;1.0;0;0;1.0;0;0;0;0;0;1.0;1.0;0;0;0;0;0
715564;1.53;0.90;81.0;3422.0;18.75;81.75;39.0;4.70;13.83;14.48;349.76;340.50;2.31;95128.0;80.0;81.0;47.0;4512.0;996.06;859.36;6.0;1.0;0;1.0;0;0;1.0;0;0;0;0;0;1.0;1.0;0;0;0;0;0
716084;1.44;0.87;80.0;3395.0;18.75;81.75;39.0;4.31;13.55;14.48;358.35;334.08;2.31;95128.0;80.0;80.0;47.0;4522.0;996.14;800.77;6.0;1.0;0;1.0;0;0;1.0;0;0;0;0;0;1.0;1.0;0;0;0;0;0
716604;1.24;0.85;80.0;3388.0;18.75;81.75;39.0;3.92;11.87;14.48;346.81;341.11;2.31;95128.0;80.0;80.0;47.0;4511.0;996.14;410.15;6.0;1.0;0;1.0;0;0;1.0;0;0;0;0;0;1.0;1.0;0;0;0;0;0
717114;1.21;0.86;80.0;3374.0;18.75;81.75;39.0;3.52;11.64;14.48;347.30;338.06;2.31;95128.0;80.0;80.0;47.0;4519.0;996.26;78.12;6.0;1.0;0;1.0;0;0;1.0;0;0;0;0;0;1.0;1.0;0;0;0;0;0
717633;1.47;0.88;80.0;3381.0;18.75;81.75;39.0;4.31;13.61;14.48;322.10;338.59;2.31;95128.0;78.0;80.0;47.0;4510.0;996.30;683.58;6.0;1.0;0;1.0;0;0;1.0;0;0;0;0;0;1.0;1.0;0;0;0;0;0
718153;1.48;0.88;78.0;3336.0;18.75;81.75;38.25;4.31;13.68;14.48;321.71;322.49;2.31;95128.0;78.0;79.0;47.0;4512.0;996.34;781.24;6.0;1.0;0;1.0;0;0;1.0;0;0;0;0;0;1.0;1.0;0;0;0;0;0
718723;1.26;0.86;78.0;3316.0;18.75;81.75;39.0;3.92;12.08;14.58;281.54;304.29;2.31;95128.0;79.0;79.0;47.0;4521.0;996.37;117.18;6.0;1.0;0;1.0;0;0;1.0;0;0;0;0;0;1.0;1.0;0;0;0;0;0
719283;1.44;0.86;78.0;3353.0;18.75;81.75;38.25;4.31;13.66;14.58;313.26;340.64;2.31;95128.0;77.0;79.0;47.0;4512.0;996.41;175.77;6.0;1.0;0;1.0;0;0;1.0;0;0;0;0;0;1.0;1.0;0;0;0;0;0
719803;1.47;0.88;78.0;3353.0;18.75;81.75;39.0;4.31;13.66;14.58;341.95;345.23;2.31;95128.0;78.0;79.0;47.0;4512.0;996.41;273.43;6.0;1.0;0;1.0;0;0;1.0;0;0;0;0;0;1.0;1.0;0;0;0;0;0
720324;1.40;0.89;78.0;3349.0;18.75;81.75;38.25;4.31;12.99;14.48;345.34;349.72;2.31;95128.0;78.0;79.0;47.0;4513.0;996.45;820.30;6.0;1.0;0;1.0;0;0;1.0;0;0;0;0;0;1.0;1.0;0;0;0;0;0
720833;1.27;0.87;78.0;3306.0;18.75;81.75;38.25;3.92;12.11;14.48;349.89;321.20;2.31;95128.0;78.0;79.0;47.0;4511.0;996.45;136.71;6.0;1.0;0;1.0;0;0;1.0;0;0;0;0;0;1.0;1.0;0;0;0;0;0
721353;1.24;0.89;78.0;3338.0;18.75;81.75;38.25;3.52;11.38;14.58;353.23;342.04;2.31;95128.0;77.0;78.0;47.0;4514.0;996.45;761.70;6.0;1.0;0;1.0;0;0;1.0;0;0;0;0;0;1.0;1.0;0;0;0;0;0
721893;2.62;1.00;77.0;3325.0;18.75;81.75;36.75;7.45;19.78;14.58;348.55;345.72;2.31;95128.0;77.0;78.0;47.0;4474.0;996.45;898.42;6.0;1.0;0;1.0;0;0;1.0;0;0;0;0;0;1.0;1.0;0;0;0;0;0
722413;2.93;0.97;80.0;3393.0;18.75;81.75;34.5;10.19;23.50;14.58;332.84;348.12;2.31;95128.0;78.0;80.0;47.0;4500.0;996.45;859.36;6.0;1.0;0;1.0;0;0;1.0;0;0;0;0;0;1.0;1.0;0;0;0;0;0
722933;2.56;0.91;81.0;3459.0;18.75;81.75;36.0;9.41;22.31;14.58;325.52;343.55;2.31;95128.0;81.0;82.0;47.0;4513.0;996.61;781.24;6.0;1.0;0;1.0;0;0;1.0;0;0;0;0;0;1.0;1.0;0;0;0;0;0
723455;1.10;1.00;82.0;3486.0;18.75;81.75;39.75;3.92;12.29;14.58;343.47;325.33;2.31;95128.0;82.0;82.0;47.0;4563.0;996.73;58.59;6.0;1.0;0;1.0;0;0;1.0;0;0;0;0;0;1.0;1.0;0;0;0;0;0
723963;0.89;0.99;81.0;3450.0;18.75;81.75;39.75;1.96;7.57;14.48;337.45;324.29;2.31;95128.0;82.0;82.0;47.0;4537.0;996.80;898.42;6.0;1.0;0;1.0;0;0;1.0;0;0;0;0;0;1.0;1.0;0;0;0;0;0
724483;1.09;0.98;82.0;3502.0;18.75;81.75;39.75;2.74;9.19;14.58;338.33;339.66;2.31;95128.0;83.0;82.0;47.0;4502.0;996.92;898.42;6.0;1.0;0;1.0;0;0;1.0;0;0;0;0;0;1.0;1.0;0;0;0;0;0
725053;0.87;0.96;82.0;3497.0;18.75;81.75;39.75;1.96;7.69;14.58;349.46;345.36;2.31;95128.0;82.0;82.0;47.0;4525.0;997.08;898.42;6.0;1.0;0;1.0;0;0;1.0;0;0;0;0;0;1.0;1.0;0;0;0;0;0
725576;0.70;0.94;80.0;3386.0;18.75;81.75;39.0;1.17;6.19;14.58;345.36;357.30;2.31;95128.0;81.0;80.0;47.0;4521.0;997.27;859.36;6.0;1.0;0;1.0;0;0;1.0;0;0;0;0;0;1.0;1.0;0;0;0;0;0
726115;0.99;0.93;78.0;3391.0;18.75;81.75;39.0;2.35;8.59;14.58;350.13;358.70;2.31;95128.0;79.0;79.0;47.0;4495.0;997.39;859.36;6.0;1.0;0;1.0;0;0;1.0;0;0;0;0;0;1.0;1.0;0;0;0;0;0
726624;1.18;0.91;78.0;3330.0;18.75;81.75;39.0;3.13;10.60;14.48;350.60;358.12;2.31;95128.0;79.0;79.0;47.0;4503.0;997.51;839.83;6.0;1.0;0;1.0;0;0;1.0;0;0;0;0;0;1.0;1.0;0;0;0;0;0
727143;1.18;0.89;78.0;3373.0;18.75;81.75;38.25;3.13;10.81;14.48;352.30;335.11;2.31;95128.0;79.0;79.0;47.0;4513.0;997.62;800.77;6.0;1.0;0;1.0;0;0;1.0;0;0;0;0;0;1.0;1.0;0;0;0;0;0
727664;1.14;0.88;78.0;3338.0;18.75;81.75;38.25;3.13;10.64;14.48;350.40;320.31;2.31;95128.0;79.0;79.0;47.0;4521.0;997.74;742.17;6.0;1.0;0;1.0;0;0;1.0;0;0;0;0;0;1.0;1.0;0;0;0;0;0
728184;1.23;0.86;80.0;3374.0;18.75;81.75;39.0;3.52;11.71;14.48;346.63;335.07;2.31;95128.0;79.0;80.0;47.0;4510.0;997.90;292.96;6.0;1.0;0;1.0;0;0;1.0;0;0;0;0;0;1.0;1.0;0;0;0;0;0
728704;1.17;0.87;78.0;3378.0;18.75;81.75;39.0;3.52;11.01;14.58;341.50;337.57;2.31;95128.0;79.0;79.0;47.0;4506.0;997.98;800.77;6.0;1.0;0;1.0;0;0;1.0;0;0;0;0;0;1.0;1.0;0;0;0;0;0
729214;1.16;0.88;80.0;3376.0;18.75;81.75;39.0;3.13;10.79;14.48;337.36;338.29;2.31;95128.0;79.0;80.0;47.0;4516.0;998.17;820.30;6.0;1.0;0;1.0;0;0;1.0;0;0;0;0;0;1.0;1.0;0;0;0;0;0
729734;0.82;0.87;80.0;3336.0;18.75;81.75;39.0;1.96;8.09;14.58;335.44;278.63;2.31;95128.0;80.0;79.0;47.0;4520.0;998.25;859.36;6.0;1.0;0;1.0;0;0;1.0;0;0;0;0;0;1.0;1.0;0;0;0;0;0
730254;0.69;0.85;78.0;3345.0;18.75;81.75;38.25;1.56;6.81;14.58;336.28;317.53;2.31;95128.0;79.0;79.0;47.0;4513.0;998.45;58.59;6.0;1.0;0;1.0;0;0;1.0;0;0;0;0;0;1.0;1.0;0;0;0;0;0
730824;1.12;0.86;78.0;3333.0;18.75;81.75;38.25;3.13;10.65;14.58;339.91;335.66;2.31;95128.0;79.0;79.0;47.0;4506.0;998.60;78.12;6.0;1.0;0;1.0;0;0;1.0;0;0;0;0;0;1.0;1.0;0;0;0;0;0
731334;0.92;0.88;78.0;3352.0;18.75;81.75;39.0;1.96;8.66;14.58;353.02;348.90;2.31;95128.0;79.0;79.0;47.0;4521.0;998.72;800.77;6.0;1.0;0;1.0;0;0;1.0;0;0;0;0;0;1.0;1.0;0;0;0;0;0
731854;0.85;0.88;78.0;3335.0;18.75;81.75;38.25;1.96;8.05;14.48;355.85;350.97;2.31;95128.0;79.0;79.0;47.0;4512.0;998.76;820.30;6.0;1.0;0;1.0;0;0;1.0;0;0;0;0;0;1.0;1.0;0;0;0;0;0
732374;0.69;0.86;78.0;3352.0;18.75;81.75;39.0;1.17;6.65;14.48;352.51;334.43;2.31;95128.0;79.0;79.0;47.0;4517.0;998.80;39.06;6.0;1.0;0;1.0;0;0;1.0;0;0;0;0;0;1.0;1.0;0;0;0;0;0
732894;0.95;0.87;77.0;3297.0;18.75;81.75;38.25;2.35;8.81;14.48;352.69;352.06;2.31;95128.0;78.0;78.0;47.0;4503.0;998.84;722.64;6.0;1.0;0;1.0;0;0;1.0;0;0;0;0;0;1.0;1.0;0;0;0;0;0
733435;0.96;0.87;77.0;3299.0;18.75;81.75;38.25;2.35;9.08;14.48;349.41;352.00;2.31;95128.0;78.0;78.0;47.0;4506.0;998.87;800.77;6.0;1.0;0;1.0;0;0;1.0;0;0;0;0;0;1.0;1.0;0;0;0;0;0
733954;0.94;0.85;78.0;3312.0;18.75;81.75;38.25;2.35;9.04;14.48;281.56;319.90;2.31;95128.0;77.0;78.0;47.0;4519.0;998.87;507.80;6.0;1.0;0;1.0;0;0;1.0;0;0;0;0;0;1.0;1.0;0;0;0;0;0
734464;0.78;0.86;77.0;3279.0;18.75;81.75;37.5;1.56;7.33;14.48;318.04;330.25;2.31;95128.0;78.0;77.0;47.0;4512.0;998.95;19.53;6.0;1.0;0;1.0;0;0;1.0;0;0;0;0;0;1.0;1.0;0;0;0;0;0
734984;0.8;0.87;77.0;3276.0;18.75;81.75;37.5;1.56;7.43;14.48;331.18;318.18;2.31;95128.0;77.0;77.0;47.0;4497.0;999.27;39.06;6.0;1.0;0;1.0;0;0;1.0;0;0;0;0;0;1.0;1.0;0;0;0;0;0
735504;0.76;0.89;76.0;3249.0;18.75;81.75;38.25;1.56;7.17;14.48;240.68;254.30;2.31;95128.0;77.0;77.0;47.0;4509.0;999.38;39.06;6.0;1.0;0;1.0;0;0;1.0;0;0;0;0;0;1.0;1.0;0;0;0;0;0
736034;0.80;0.91;76.0;3175.0;18.75;81.75;36.75;1.56;7.20;14.48;181.14;173.32;2.31;95128.0;76.0;75.0;47.0;4508.0;999.66;19.53;6.0;1.0;0;1.0;0;0;1.0;0;0;0;0;0;1.0;1.0;0;0;0;0;0
736584;1.05;0.92;75.0;3177.0;18.75;81.75;36.0;2.35;9.08;14.58;272.50;226.66;2.31;95128.0;74.0;75.0;47.0;4506.0;999.81;781.24;6.0;1.0;0;1.0;0;0;1.0;0;0;0;0;0;1.0;1.0;0;0;0;0;0
737103;1.14;0.92;75.0;3231.0;18.75;81.75;36.75;2.74;10.12;14.58;315.91;289.43;2.31;95128.0;74.0;75.0;47.0;4495.0;999.89;859.36;6.0;1.0;0;1.0;0;0;1.0;0;0;0;0;0;1.0;1.0;0;0;0;0;0
737624;1.05;0.90;75.0;3188.0;18.75;81.75;36.75;2.35;9.74;14.48;344.11;306.60;2.31;95128.0;75.0;75.0;47.0;4518.0;1000.01;859.36;6.0;1.0;0;1.0;0;0;1.0;0;0;0;0;0;1.0;1.0;0;0;0;0;0
738144;1.01;0.89;75.0;3172.0;18.75;81.75;36.75;2.35;9.49;14.58;330.33;323.20;2.31;95128.0;75.0;75.0;47.0;4510.0;1000.05;859.36;6.0;1.0;0;1.0;0;0;1.0;0;0;0;0;0;1.0;1.0;0;0;0;0;0
738664;0.84;0.87;75.0;3166.0;18.75;81.75;36.0;1.96;7.85;14.58;349.33;330.09;2.31;95128.0;75.0;74.0;47.0;4525.0;1000.09;761.70;6.0;1.0;0;1.0;0;0;1.0;0;0;0;0;0;1.0;1.0;0;0;0;0;0
739174;0.8;0.86;73.0;3145.0;18.75;81.75;36.0;1.56;7.70;14.58;349.00;339.29;2.31;95128.0;74.0;74.0;47.0;4524.0;1000.09;781.24;6.0;1.0;0;1.0;0;0;1.0;0;0;0;0;0;1.0;1.0;0;0;0;0;0
739694;0.68;0.85;73.0;3119.0;18.75;81.75;35.25;0.39;11.50;14.48;322.61;344.70;2.31;95128.0;73.0;73.0;47.0;4498.0;1000.20;19.53;6.0;1.0;0;1.0;0;0;1.0;0;0;0;0;0;1.0;1.0;0;0;0;0;0
740214;0.64;1.00;72.0;3062.0;18.75;81.75;-30.0;0;0;14.39;256.38;266.50;2.31;95128.0;72.0;72.0;47.0;4528.0;1000.28;0;6.0;1.0;0;1.0;0;0;1.0;0;0;0;0;0;1.0;1.0;0;0;0;0;0
740734;0.65;1.00;71.0;3036.0;18.75;81.75;-30.0;0;0;14.58;205.20;188.11;2.31;95128.0;72.0;72.0;47.0;4525.0;1000.40;0;6.0;1.0;0;1.0;0;0;1.0;0;0;0;0;0;1.0;1.0;0;0;0;0;0
741254;0.65;1.00;71.0;3019.0;19.5;81.75;-30.0;0;0;14.48;271.52;267.73;2.31;95128.0;72.0;71.0;47.0;4519.0;1000.48;0;6.0;1.0;0;1.0;0;0;1.0;0;0;0;0;0;1.0;1.0;0;0;0;0;0
741773;0.66;1.00;70.0;2978.0;19.5;81.75;-30.0;0;0;14.58;322.90;313.53;2.31;95128.0;71.0;70.0;47.0;4509.0;1000.75;0;6.0;1.0;0;1.0;0;0;1.0;0;0;0;0;0;1.0;1.0;0;0;0;0;0
742283;0.68;1.00;67.0;2879.0;19.5;81.75;-30.0;0;0;14.48;342.86;337.86;2.31;95128.0;68.0;68.0;47.0;4519.0;1000.87;0;6.0;1.0;0;1.0;0;0;1.0;0;0;0;0;0;1.0;1.0;0;0;0;0;0
742853;0.68;1.00;67.0;2866.0;19.5;81.75;-30.0;0;0;14.58;351.63;352.98;2.31;95128.0;67.0;68.0;47.0;4515.0;1001.06;0;6.0;1.0;0;1.0;0;0;1.0;0;0;0;0;0;1.0;1.0;0;0;0;0;0
743374;0.70;1.00;68.0;2893.0;19.5;81.75;-30.0;0;0;14.58;354.41;352.41;2.31;95128.0;67.0;69.0;47.0;4517.0;1001.18;0;6.0;1.0;0;1.0;0;0;1.0;0;0;0;0;0;1.0;1.0;0;0;0;0;0
743884;0.76;1.00;67.0;2831.0;19.5;81.75;-30.0;0;0;14.58;356.75;336.95;2.31;95128.0;67.0;67.0;47.0;4529.0;1001.22;0;6.0;1.0;0;1.0;0;0;1.0;0;0;0;0;0;1.0;1.0;0;0;0;0;0
744403;1.04;1.00;66.0;2828.0;19.5;81.75;28.5;1.56;7.95;14.48;350.13;353.43;2.31;95128.0;66.0;66.0;47.0;4241.0;1001.30;39.06;6.0;1.0;0;1.0;0;0;1.0;0;0;0;0;0;1.0;1.0;0;0;0;0;0
744923;1.22;1.00;65.0;2783.0;19.5;81.75;30.75;2.35;10.23;14.48;350.91;350.68;2.31;95128.0;65.0;65.0;47.0;4314.0;1001.34;859.36;6.0;1.0;0;1.0;0;0;1.0;0;0;0;0;0;1.0;1.0;0;0;0;0;0
745443;1.51;0.98;65.0;2784.0;19.5;81.75;30.75;3.52;12.49;14.48;331.44;312.42;2.31;95128.0;65.0;65.0;47.0;4421.0;1001.38;820.30;6.0;1.0;0;1.0;0;0;1.0;0;0;0;0;0;1.0;1.0;0;0;0;0;0
745983;1.64;0.96;66.0;2789.0;19.5;81.75;30.75;3.92;14.09;14.58;319.45;323.02;2.31;95128.0;65.0;66.0;47.0;4486.0;1001.45;800.77;6.0;1.0;0;1.0;0;0;1.0;0;0;0;0;0;1.0;1.0;0;0;0;0;0
746503;1.6;0.94;66.0;2813.0;19.5;81.0;31.5;3.92;13.96;14.58;246.68;271.64;2.31;95128.0;67.0;67.0;48.0;4510.0;1001.65;781.24;6.0;1.0;0;1.0;0;0;1.0;0;0;0;0;0;1.0;1.0;0;0;0;0;0
747023;1.45;0.92;67.0;2869.0;19.5;81.0;32.25;3.52;13.04;14.48;131.02;157.52;2.31;95128.0;67.0;67.0;48.0;4516.0;1001.61;624.99;6.0;1.0;0;1.0;0;0;1.0;0;0;0;0;0;1.0;1.0;0;0;0;0;0
747534;0.64;1.00;67.0;2839.0;19.5;81.0;26.25;0;12.87;14.48;74.13;83.62;2.31;95128.0;68.0;67.0;48.0;4543.0;1001.69;742.17;6.0;1.0;0;1.0;0;0;1.0;0;0;0;0;0;1.0;1.0;0;0;0;0;0
748053;0.65;1.00;67.0;2830.0;19.5;81.0;-30.0;0;0;14.58;39.33;44.39;2.31;95128.0;67.0;67.0;48.0;4587.0;1001.88;0;6.0;1.0;0;1.0;0;0;1.0;0;0;0;0;0;1.0;1.0;0;0;0;0;0
748573;0.66;1.00;66.0;2797.0;19.5;81.0;-30.0;0;0;14.58;23.49;23.51;2.31;95128.0;66.0;66.0;48.0;4601.0;1002.04;0;6.0;1.0;0;1.0;0;0;1.0;0;0;0;0;0;1.0;1.0;0;0;0;0;0
749093;0.67;1.00;65.0;2755.0;19.5;81.0;-30.0;0;0;14.58;14.10;13.10;2.31;95128.0;65.0;65.0;48.0;4613.0;1002.20;0;6.0;1.0;0;1.0;0;0;1.0;0;0;0;0;0;1.0;1.0;0;0;0;0;0
749614;0.70;1.00;63.0;2720.0;19.5;81.0;-30.0;0;0;14.48;7.83;6.15;2.31;95128.0;64.0;64.0;48.0;4613.0;1002.27;0;6.0;1.0;0;1.0;0;0;1.0;0;0;0;0;0;1.0;1.0;0;0;0;0;0
750174;0.72;1.00;62.0;2658.0;19.5;81.0;-30.0;0;0;14.58;4.31;3.35;2.31;95128.0;63.0;63.0;48.0;4616.0;1002.31;0;6.0;1.0;0;1.0;0;0;1.0;0;0;0;0;0;1.0;1.0;0;0;0;0;0
750694;0.72;1.00;62.0;2637.0;19.5;81.0;-30.0;0;0;14.58;2.32;1.79;2.31;95128.0;62.0;62.0;48.0;4605.0;1002.39;0;6.0;1.0;0;1.0;0;0;1.0;0;0;0;0;0;1.0;1.0;0;0;0;0;0
751214;0.70;1.00;61.0;2605.0;19.5;81.0;-30.0;0;0;14.48;1.07;0.82;2.31;95128.0;62.0;61.0;48.0;4609.0;1002.47;0;6.0;1.0;0;1.0;0;0;1.0;0;0;0;0;0;1.0;1.0;0;0;0;0;0
751733;0.80;1.00;61.0;2603.0;19.5;81.0;-30.0;0;0;14.48;0.52;0.35;2.31;95128.0;61.0;61.0;48.0;4619.0;1002.51;0;6.0;1.0;0;1.0;0;0;1.0;0;0;0;0;0;1.0;1.0;0;0;0;0;0
752294;2.17;1.00;61.0;2589.0;19.5;81.0;25.5;3.92;14.21;14.48;0.23;0.13;2.31;95128.0;61.0;61.0;48.0;4267.0;1002.55;722.64;6.0;1.0;0;1.0;0;0;1.0;0;0;0;0;0;1.0;1.0;0;0;0;0;0
752863;0.84;0.99;61.0;2559.0;19.5;81.0;25.5;0.39;7.12;14.48;6.23;15.64;2.31;95128.0;62.0;61.0;48.0;4350.0;1002.59;878.89;5.0;1.0;0;1.0;0;0;1.0;0;0;0;0;0;1.0;1.0;0;0;0;0;0
753384;0.81;0.97;61.0;2822.0;19.5;81.0;30.75;0.78;6.67;14.29;3.39;8.22;2.58;95128.0;61.0;61.0;48.0;4446.0;1002.74;898.42;5.0;1.0;0;1.0;0;0;1.0;0;0;0;0;0;1.0;1.0;0;0;0;0;0
753904;0.78;0.96;61.0;2794.0;19.5;81.75;30.75;0.78;6.60;14.48;3.84;6.17;2.31;95128.0;61.0;61.0;47.0;4492.0;1002.86;839.83;5.0;1.0;0;1.0;0;0;1.0;0;0;0;0;0;1.0;1.0;0;0;0;0;0
754414;0.74;0.94;61.0;2804.0;19.5;81.75;30.75;0.39;6.84;14.58;137.80;135.28;2.31;95128.0;61.0;61.0;47.0;4510.0;1002.94;839.83;5.0;1.0;0;1.0;0;0;1.0;0;0;0;0;0;1.0;1.0;0;0;0;0;0
754934;0.75;0.93;60.0;2805.0;19.5;81.75;31.5;0.78;6.65;14.58;226.33;236.50;2.31;95128.0;61.0;61.0;47.0;4514.0;1003.02;664.05;5.0;1.0;0;1.0;0;0;1.0;0;0;0;0;0;1.0;1.0;0;0;0;0;0
755453;0.76;0.93;61.0;2769.0;19.5;81.75;30.75;0.78;6.66;14.48;255.66;281.29;2.31;95128.0;61.0;60.0;47.0;4506.0;1003.21;58.59;5.0;1.0;0;1.0;0;0;1.0;0;0;0;0;0;1.0;1.0;0;0;0;0;0
755994;0.8;0.94;60.0;2742.0;19.5;81.75;30.75;1.17;7.00;14.48;303.80;323.12;2.31;95128.0;60.0;60.0;47.0;4513.0;1003.29;39.06;5.0;1.0;0;1.0;0;0;1.0;0;0;0;0;0;1.0;1.0;0;0;0;0;0
756514;0.88;0.96;60.0;2751.0;19.5;81.75;30.0;1.17;7.49;14.48;324.90;338.22;2.31;95128.0;60.0;60.0;47.0;4520.0;1003.45;878.89;5.0;1.0;0;1.0;0;0;1.0;0;0;0;0;0;1.0;1.0;0;0;0;0;0
757034;0.84;0.94;60.0;2755.0;19.5;81.75;30.0;1.17;7.59;14.48;333.61;327.43;2.31;95128.0;60.0;60.0;47.0;4516.0;1003.60;898.42;5.0;1.0;0;1.0;0;0;1.0;0;0;0;0;0;1.0;1.0;0;0;0;0;0
757553;0.90;0.93;60.0;2739.0;19.5;81.75;30.0;1.17;7.95;14.58;318.90;311.99;2.31;95128.0;60.0;60.0;47.0;4507.0;1003.68;878.89;5.0;1.0;0;1.0;0;0;1.0;0;0;0;0;0;1.0;1.0;0;0;0;0;0
758064;0.86;0.91;60.0;2757.0;19.5;81.75;30.0;1.17;7.81;14.48;335.33;294.49;2.31;95129.0;60.0;60.0;47.0;4505.0;1003.72;859.36;5.0;1.0;0;1.0;0;0;1.0;0;0;0;0;0;1.0;1.0;0;0;0;0;0
758584;0.88;0.90;60.0;2721.0;19.5;81.75;30.0;1.56;7.99;14.58;337.86;290.64;2.31;95129.0;59.0;60.0;47.0;4511.0;1003.76;859.36;5.0;1.0;0;1.0;0;0;1.0;0;0;0;0;0;1.0;1.0;0;0;0;0;0
759104;1.12;0.88;58.0;2710.0;19.5;81.75;29.25;2.35;10.51;14.58;274.94;265.90;2.31;95129.0;59.0;59.0;47.0;4508.0;1003.80;664.05;5.0;1.0;0;1.0;0;0;1.0;0;0;0;0;0;1.0;1.0;0;0;0;0;0
759624;1.16;0.88;58.0;2657.0;19.5;81.75;28.5;2.35;11.07;14.58;278.67;317.05;2.31;95129.0;59.0;59.0;47.0;4509.0;1003.84;97.65;5.0;1.0;0;1.0;0;0;1.0;0;0;0;0;0;1.0;1.0;0;0;0;0;0
760143;1.17;0.89;58.0;2676.0;19.5;81.75;29.25;2.35;10.99;14.58;311.36;338.35;2.31;95129.0;59.0;59.0;47.0;4508.0;1003.84;58.59;5.0;1.0;0;1.0;0;0;1.0;0;0;0;0;0;1.0;1.0;0;0;0;0;0
760654;1.12;0.91;58.0;2661.0;19.5;81.75;29.25;2.35;10.35;14.48;332.30;330.09;2.31;95129.0;59.0;58.0;47.0;4526.0;1003.84;839.83;5.0;1.0;0;1.0;0;0;1.0;0;0;0;0;0;1.0;1.0;0;0;0;0;0
761174;0.72;1.00;57.0;2665.0;19.5;81.75;24.0;0;12.76;14.48;277.38;353.96;2.31;95129.0;58.0;58.0;47.0;4513.0;1003.95;58.59;5.0;1.0;0;1.0;0;0;1.0;0;0;0;0;0;1.0;1.0;0;0;0;0;0
761696;0.70;1.00;56.0;2630.0;19.5;81.75;22.5;0;12.65;14.48;285.68;356.50;2.31;95129.0;57.0;57.0;47.0;4515.0;1004.15;800.77;5.0;1.0;0;1.0;0;0;1.0;0;0;1.0;0;0;1.0;1.0;0;0;0;0;0
762214;2.01;0.99;56.0;2619.0;19.5;81.75;6.0;3.92;11.10;14.48;323.06;350.77;2.31;95129.0;57.0;57.0;47.0;4502.0;1004.15;800.77;5.0;1.0;0;1.0;0;0;1.0;0;0;1.0;0;0;1.0;1.0;0;0;0;0;0
762734;1.72;0.97;56.0;2586.0;19.5;81.75;12.75;3.13;11.55;14.48;333.45;332.75;2.31;95129.0;56.0;57.0;47.0;4516.0;1004.30;859.36;5.0;1.0;0;1.0;0;0;1.0;0;0;1.0;0;0;1.0;1.0;0;0;0;0;0
763254;1.09;0.95;56.0;2584.0;18.75;81.75;18.0;1.56;8.37;14.39;337.90;348.33;2.31;95129.0;57.0;57.0;47.0;4512.0;1004.38;898.42;5.0;1.0;0;1.0;0;0;1.0;0;0;1.0;0;0;1.0;1.0;0;0;0;0;0
763764;0.83;1.00;56.0;2557.0;18.75;81.75;16.5;0;12.80;14.48;340.75;329.19;2.31;95129.0;56.0;56.0;47.0;4523.0;1004.54;781.24;5.0;1.0;0;1.0;0;0;1.0;0;0;1.0;0;0;1.0;1.0;0;0;0;0;0
764284;0.83;1.00;55.0;2545.0;18.75;81.75;16.5;0;12.80;14.48;308.45;287.89;2.31;95129.0;55.0;55.0;47.0;4528.0;1004.66;664.05;5.0;1.0;0;1.0;0;0;1.0;0;0;1.0;0;0;1.0;1.0;0;0;0;0;0
764804;0.84;1.00;55.0;2502.0;18.75;81.75;16.5;0;12.72;14.48;316.89;272.87;2.31;95129.0;55.0;54.0;47.0;4544.0;1004.81;78.12;5.0;1.0;0;1.0;0;0;1.0;0;0;1.0;0;0;1.0;1.0;0;0;0;0;0
765324;1.10;1.00;53.0;2490.0;18.75;81.75;24.75;1.17;8.71;14.48;301.17;299.62;2.31;95129.0;54.0;54.0;47.0;4533.0;1004.89;644.52;5.0;1.0;0;1.0;0;0;1.0;0;0;1.0;0;0;1.0;1.0;0;0;0;0;0
765844;1.36;1.00;53.0;2506.0;18.75;81.75;25.5;1.96;11.02;14.48;323.96;323.84;2.31;95129.0;54.0;54.0;47.0;4487.0;1004.97;898.42;5.0;1.0;0;1.0;0;0;1.0;0;0;1.0;0;0;1.0;1.0;0;0;0;0;0
766354;1.33;0.98;53.0;2500.0;18.75;81.75;25.5;1.96;11.05;14.48;337.41;342.16;2.31;95129.0;54.0;54.0;47.0;4516.0;1005.01;878.89;5.0;1.0;0;1.0;0;0;1.0;0;0;1.0;0;0;1.0;1.0;0;0;0;0;0
766874;1.30;0.97;53.0;2472.0;18.75;81.75;25.5;1.96;11.18;14.48;343.29;351.69;2.31;95129.0;54.0;54.0;47.0;4514.0;1005.05;878.89;5.0;1.0;0;1.0;0;0;1.0;0;0;1.0;0;0;1.0;1.0;0;0;0;0;0
767394;1.27;0.95;53.0;2470.0;18.75;81.75;24.75;1.96;11.18;14.58;347.26;353.16;2.31;95129.0;54.0;54.0;47.0;4509.0;1005.09;859.36;5.0;1.0;0;1.0;0;0;1.0;0;0;1.0;0;0;1.0;1.0;0;0;0;0;0
767914;1.32;0.94;53.0;2475.0;18.75;81.75;25.5;1.96;11.59;14.48;335.77;352.08;2.31;95129.0;54.0;54.0;47.0;4520.0;1005.09;839.83;5.0;1.0;0;1.0;0;0;1.0;0;0;1.0;0;0;1.0;1.0;0;0;0;0;0
768434;1.28;0.92;53.0;2480.0;18.75;81.75;24.75;1.96;11.62;14.48;313.22;339.60;2.31;95129.0;54.0;53.0;47.0;4523.0;1005.09;761.70;5.0;1.0;0;1.0;0;0;1.0;0;0;1.0;0;0;1.0;1.0;0;0;0;0;0
768954;1.30;0.90;53.0;2477.0;18.75;81.75;24.75;1.96;11.64;14.39;316.63;297.81;2.31;95129.0;53.0;53.0;47.0;4520.0;1005.13;683.58;5.0;1.0;0;1.0;0;0;1.0;0;0;1.0;0;0;1.0;1.0;0;0;0;0;0
769465;1.28;0.89;53.0;2434.0;18.75;81.75;24.0;1.96;11.64;14.48;253.30;321.79;2.31;95129.0;54.0;53.0;47.0;4510.0;1005.13;175.77;5.0;1.0;0;1.0;0;0;1.0;0;0;1.0;0;0;1.0;1.0;0;0;0;0;0
769984;1.21;0.90;53.0;2481.0;18.75;81.75;25.5;1.96;11.14;14.58;259.69;283.94;2.31;95129.0;53.0;53.0;47.0;4511.0;1005.13;78.12;5.0;1.0;0;1.0;0;0;1.0;0;0;1.0;0;0;1.0;1.0;0;0;0;0;0
770504;1.34;0.92;53.0;2461.0;18.75;81.75;26.25;1.96;11.84;14.39;228.12;295.07;2.31;95129.0;53.0;53.0;47.0;4519.0;1005.13;761.70;5.0;1.0;0;1.0;0;0;1.0;0;0;1.0;0;0;1.0;1.0;0;0;0;0;0
771024;1.36;0.92;53.0;2425.0;18.75;81.75;24.0;1.96;11.68;14.48;166.96;296.09;2.31;95129.0;54.0;53.0;47.0;4526.0;1005.13;859.36;5.0;1.0;0;1.0;0;0;1.0;0;0;1.0;0;0;1.0;1.0;0;0;0;0;0
771544;1.32;0.91;53.0;2460.0;18.75;81.75;24.75;1.96;11.72;14.48;248.22;333.98;2.31;95129.0;53.0;53.0;47.0;4528.0;1005.13;742.17;5.0;1.0;0;1.0;0;0;1.0;0;0;1.0;0;0;1.0;1.0;0;0;0;0;0
772134;1.28;0.89;53.0;2481.0;18.75;81.75;24.75;1.96;11.62;14.48;289.23;345.56;2.31;95129.0;53.0;53.0;47.0;4516.0;1005.13;761.70;5.0;1.0;0;1.0;0;0;1.0;0;0;1.0;0;0;1.0;1.0;0;0;0;0;0
772644;2.46;0.99;53.0;2476.0;18.75;81.75;25.5;5.09;19.17;14.58;316.58;350.36;2.31;95129.0;54.0;54.0;47.0;4460.0;1005.13;859.36;5.0;1.0;0;1.0;0;0;1.0;0;0;1.0;0;0;1.0;1.0;0;0;0;0;0
773163;1.75;0.97;55.0;2520.0;18.75;81.75;26.25;3.13;15.27;14.39;317.85;354.46;2.31;95129.0;54.0;55.0;47.0;4487.0;1005.13;839.83;5.0;1.0;0;1.0;0;0;1.0;0;0;1.0;0;0;1.0;1.0;0;0;0;0;0
773683;1.48;0.95;55.0;2525.0;18.75;81.75;26.25;2.35;12.51;14.48;348.98;350.91;2.31;95129.0;55.0;55.0;47.0;4529.0;1005.13;878.89;5.0;1.0;0;1.0;0;0;1.0;0;0;1.0;0;0;1.0;1.0;0;0;0;0;0
774204;1.46;0.93;55.0;2530.0;18.75;82.5;26.25;2.35;12.57;14.39;330.91;351.30;2.31;95129.0;55.0;55.0;47.0;4510.0;1005.13;859.36;5.0;1.0;0;1.0;0;0;1.0;0;0;1.0;0;0;1.0;1.0;0;0;0;0;0
774724;1.33;0.91;55.0;2532.0;18.75;82.5;26.25;2.35;11.71;14.58;311.99;354.09;2.31;95129.0;55.0;55.0;47.0;4517.0;1005.13;859.36;5.0;1.0;0;1.0;0;0;1.0;0;0;1.0;0;0;1.0;1.0;0;0;0;0;0
775244;1.21;0.90;55.0;2539.0;18.75;82.5;26.25;1.96;10.89;14.48;333.82;284.20;2.31;95129.0;55.0;55.0;47.0;4519.0;1005.13;859.36;5.0;1.0;0;1.0;0;0;1.0;0;0;1.0;0;0;1.0;1.0;0;0;0;0;0
775753;1.16;0.88;55.0;2521.0;18.75;82.5;26.25;1.96;10.72;14.48;281.99;230.84;2.31;95129.0;55.0;55.0;47.0;4524.0;1005.13;820.30;5.0;1.0;0;1.0;0;0;1.0;0;0;1.0;0;0;1.0;1.0;0;0;0;0;0
776274;1.15;0.86;53.0;2492.0;18.75;82.5;25.5;1.96;10.84;14.58;189.96;220.96;2.31;95129.0;54.0;54.0;47.0;4519.0;1005.13;566.39;5.0;1.0;0;1.0;0;0;1.0;0;0;1.0;0;0;1.0;1.0;0;0;0;0;0
776794;1.21;0.87;53.0;2407.0;18.75;82.5;24.75;1.56;11.22;14.48;171.35;211.21;2.31;95129.0;54.0;53.0;47.0;4518.0;1005.13;761.70;5.0;1.0;0;1.0;0;0;1.0;0;0;1.0;0;0;1.0;1.0;0;0;0;0;0
777314;1.15;0.86;52.0;2422.0;18.75;82.5;24.75;1.56;10.74;14.29;250.84;222.50;2.58;95129.0;53.0;53.0;47.0;4515.0;1005.13;742.17;5.0;1.0;0;1.0;0;0;1.0;0;0;1.0;0;0;1.0;1.0;0;0;0;0;0
777834;1.12;0.85;52.0;2434.0;18.75;82.5;24.75;1.56;10.75;14.48;297.77;270.68;2.31;95129.0;52.0;53.0;47.0;4510.0;1005.13;468.74;5.0;1.0;0;1.0;0;0;1.0;0;0;1.0;0;0;1.0;1.0;0;0;0;0;0
778354;1.15;0.85;52.0;2397.0;18.75;82.5;24.0;1.56;10.91;14.48;226.45;309.49;2.31;95129.0;52.0;52.0;47.0;4506.0;1005.13;800.77;5.0;1.0;0;1.0;0;0;1.0;0;0;1.0;0;0;1.0;1.0;0;0;0;0;0
778864;1.14;0.83;51.0;2402.0;18.75;82.5;24.0;1.56;10.78;14.48;235.19;334.13;2.31;95129.0;52.0;51.0;47.0;4500.0;1005.13;742.17;5.0;1.0;0;1.0;0;0;1.0;0;0;1.0;0;0;1.0;1.0;0;0;0;0;0
779384;1.16;0.83;51.0;2351.0;18.75;82.5;23.25;1.56;11.01;14.39;251.99;344.27;2.31;95129.0;51.0;51.0;47.0;4500.0;1005.13;39.06;5.0;1.0;0;1.0;0;0;1.0;0;0;1.0;0;0;1.0;1.0;0;0;0;0;0
779953;1.12;0.85;51.0;2350.0;18.75;82.5;23.25;1.56;11.08;14.48;269.22;334.97;2.31;95129.0;51.0;51.0;47.0;4498.0;1005.20;58.59;5.0;1.0;0;1.0;0;0;1.0;0;0;1.0;0;0;1.0;1.0;0;0;0;0;0
780473;1.16;0.87;50.0;2306.0;18.75;82.5;22.5;1.56;10.59;14.48;236.39;293.88;2.31;95129.0;51.0;50.0;47.0;4511.0;1005.24;156.24;5.0;1.0;0;1.0;0;0;1.0;0;0;1.0;0;0;1.0;1.0;0;0;0;0;0
780983;1.16;0.88;50.0;2341.0;18.75;82.5;23.25;1.56;10.63;14.48;231.99;291.38;2.31;95129.0;51.0;50.0;47.0;4518.0;1005.28;839.83;5.0;1.0;0;1.0;0;0;1.0;0;0;1.0;0;0;1.0;1.0;0;0;0;0;0
781506;1.16;0.86;50.0;2323.0;18.75;82.5;22.5;1.56;10.98;14.48;182.72;239.69;2.31;95129.0;50.0;50.0;47.0;4513.0;1005.48;781.24;5.0;1.0;0;1.0;0;0;1.0;0;0;1.0;0;0;1.0;1.0;0;0;0;0;0
782024;1.24;0.85;50.0;2327.0;18.75;83.25;23.25;1.96;11.67;14.48;171.18;238.32;2.31;95129.0;50.0;50.0;46.0;4513.0;1005.40;97.65;5.0;1.0;0;1.0;0;0;1.0;0;0;1.0;0;0;1.0;1.0;0;0;0;0;0
782543;1.58;0.86;50.0;2284.0;18.75;83.25;21.75;2.74;14.39;14.48;181.70;196.04;2.31;95129.0;50.0;50.0;46.0;4520.0;1005.52;39.06;5.0;1.0;0;1.0;0;0;1.0;0;0;1.0;0;0;1.0;1.0;0;0;0;0;0
783064;1.76;1.00;50.0;2235.0;18.75;83.25;19.5;2.35;13.01;14.48;169.85;165.57;2.31;95129.0;50.0;49.0;46.0;4480.0;1005.55;859.36;4.0;1.0;0;1.0;0;0;1.0;0;0;1.0;0;0;1.0;1.0;0;0;0;0;0
783583;1.67;0.99;50.0;2595.0;18.75;83.25;27.0;2.74;13.34;14.48;261.83;258.18;2.31;95129.0;49.0;50.0;46.0;4482.0;1005.55;898.42;4.0;1.0;0;1.0;0;0;1.0;0;0;1.0;0;0;0;1.0;0;0;0;0;0
784094;1.82;0.97;50.0;2593.0;18.75;83.25;27.0;3.52;14.93;14.48;304.27;301.81;2.31;95129.0;50.0;50.0;46.0;4485.0;1005.59;878.89;4.0;1.0;0;1.0;0;0;1.0;0;0;1.0;0;0;1.0;1.0;0;0;0;0;0
784614;1.96;0.95;50.0;2631.0;18.75;83.25;27.75;4.31;16.33;14.48;324.60;329.84;2.31;95129.0;51.0;51.0;46.0;4499.0;1005.52;800.77;4.0;1.0;0;1.0;0;0;1.0;0;0;1.0;0;0;1.0;1.0;0;0;0;0;0
785144;2.20;0.92;51.0;2664.0;18.75;83.25;28.5;5.49;19.05;14.48;342.57;337.34;2.31;95129.0;51.0;51.0;46.0;4506.0;1005.55;839.83;4.0;1.0;0;1.0;0;0;1.0;0;0;1.0;0;0;1.0;1.0;0;0;0;0;0
785654;1.79;0.90;52.0;2728.0;18.75;83.25;30.0;4.31;16.22;14.48;347.92;337.20;2.31;95129.0;52.0;53.0;46.0;4516.0;1005.55;703.11;4.0;1.0;0;1.0;0;0;1.0;0;0;1.0;0;0;1.0;1.0;0;0;0;0;0
786224;1.56;0.87;53.0;2757.0;18.75;83.25;30.0;3.52;14.47;14.39;347.28;341.56;2.31;95129.0;53.0;53.0;46.0;4531.0;1005.71;800.77;4.0;1.0;0;1.0;0;0;1.0;0;0;1.0;0;0;1.0;1.0;0;0;0;0;0
786804;1.38;0.86;53.0;2778.0;18.75;83.25;30.75;3.13;13.05;14.48;323.12;343.29;2.31;95129.0;53.0;54.0;46.0;4523.0;1005.79;332.02;4.0;1.0;0;1.0;0;0;1.0;0;0;1.0;0;0;1.0;1.0;0;0;0;0;0
787324;1.40;0.87;53.0;2788.0;18.75;83.25;30.75;3.13;13.07;14.48;287.71;280.35;2.31;95129.0;53.0;54.0;46.0;4518.0;1005.83;97.65;4.0;1.0;0;1.0;0;0;1.0;0;0;1.0;0;0;1.0;1.0;0;0;0;0;0
787844;1.42;0.88;53.0;2781.0;18.75;83.25;30.75;3.13;13.10;14.48;323.65;206.10;2.31;95129.0;54.0;53.0;46.0;4517.0;1005.83;839.83;4.0;1.0;0;1.0;0;0;1.0;0;0;1.0;0;0;1.0;1.0;0;0;0;0;0
788364;1.38;0.86;53.0;2793.0;18.75;83.25;30.75;2.74;13.04;14.48;222.15;152.72;2.31;95129.0;54.0;53.0;46.0;4511.0;1005.87;214.84;4.0;1.0;0;1.0;0;0;1.0;0;0;1.0;0;0;1.0;1.0;0;0;0;0;0
788884;1.41;0.88;53.0;2792.0;18.75;83.25;30.75;2.74;12.97;14.29;250.60;217.01;2.58;95129.0;53.0;53.0;46.0;4508.0;1005.95;58.59;4.0;1.0;0;1.0;0;0;1.0;0;0;1.0;0;0;1.0;1.0;0;0;0;0;0
789404;1.40;0.89;53.0;2792.0;18.75;83.25;30.75;2.74;12.75;14.48;294.21;286.56;2.31;95129.0;53.0;54.0;46.0;4515.0;1006.06;839.83;4.0;1.0;0;1.0;0;0;1.0;0;0;1.0;0;0;1.0;1.0;0;0;0;0;0
789943;1.26;0.87;53.0;2762.0;18.75;83.25;30.75;2.35;11.72;14.48;324.72;299.16;2.31;95129.0;54.0;53.0;46.0;4528.0;1006.06;859.36;4.0;1.0;0;1.0;0;0;1.0;0;0;1.0;0;0;1.0;1.0;0;0;0;0;0
790483;0.98;0.86;52.0;2768.0;18.75;83.25;30.75;1.56;9.28;14.48;342.24;337.86;2.31;95129.0;53.0;53.0;46.0;4522.0;1006.18;859.36;4.0;1.0;0;1.0;0;0;1.0;0;0;1.0;0;0;1.0;1.0;0;0;0;0;0
791074;0.81;0.84;52.0;2697.0;18.75;83.25;30.0;0.78;7.53;14.58;346.83;344.54;2.31;95129.0;52.0;52.0;46.0;4517.0;1006.22;839.83;4.0;1.0;0;1.0;0;0;1.0;0;0;1.0;0;0;1.0;1.0;0;0;0;0;0
791594;0.87;1.00;51.0;2662.0;18.75;83.25;17.25;0;12.69;14.48;278.71;350.05;2.31;95129.0;51.0;51.0;46.0;4509.0;1006.18;39.06;4.0;1.0;0;1.0;0;0;1.0;0;0;1.0;0;0;1.0;1.0;0;0;0;0;0
792114;0.96;1.00;50.0;2584.0;18.75;83.25;26.25;0.78;7.61;14.39;255.96;345.44;2.31;95129.0;50.0;50.0;46.0;4505.0;1006.18;878.89;4.0;1.0;0;1.0;0;0;1.0;0;0;1.0;0;0;1.0;1.0;0;0;0;0;0
792624;1.12;0.99;50.0;2559.0;18.75;83.25;27.0;1.17;9.27;14.48;256.17;312.06;2.31;95129.0;50.0;50.0;46.0;4513.0;1006.22;898.42;4.0;1.0;0;1.0;0;0;1.0;0;0;1.0;0;0;1.0;1.0;0;0;0;0;0
793144;1.30;0.97;50.0;2551.0;18.75;83.25;26.25;1.96;10.59;14.48;242.34;287.52;2.31;95129.0;50.0;49.0;46.0;4516.0;1006.26;878.89;4.0;1.0;0;1.0;0;0;1.0;0;0;1.0;0;0;1.0;1.0;0;0;0;0;0
793714;1.35;0.95;48.0;2630.0;18.75;82.5;27.75;2.35;11.41;14.39;235.27;309.10;2.31;95129.0;49.0;49.0;47.0;4516.0;1006.30;878.89;4.0;1.0;0;1.0;0;0;1.0;0;0;1.0;0;0;0;1.0;0;0;0;0;0
794233;1.48;0.94;48.0;2578.0;18.75;82.5;26.25;2.74;12.73;14.29;214.30;307.51;2.58;95129.0;49.0;49.0;47.0;4520.0;1006.30;859.36;4.0;1.0;0;1.0;0;0;1.0;0;0;1.0;0;0;1.0;1.0;0;0;0;0;0
794754;1.53;0.92;48.0;2554.0;18.75;82.5;27.0;2.74;13.39;14.48;259.08;330.68;2.31;95129.0;49.0;49.0;47.0;4501.0;1006.30;839.83;4.0;1.0;0;1.0;0;0;1.0;0;0;1.0;0;0;1.0;1.0;0;0;0;0;0
795314;1.43;0.90;50.0;2574.0;18.75;82.5;27.0;2.74;12.89;14.58;311.83;347.92;2.31;95129.0;50.0;49.0;47.0;4509.0;1006.26;800.77;4.0;1.0;0;1.0;0;0;1.0;0;0;1.0;0;0;1.0;1.0;0;0;0;0;0
795834;1.26;0.88;48.0;2557.0;18.75;82.5;27.0;2.35;11.66;14.58;328.84;355.11;2.31;95129.0;49.0;49.0;47.0;4524.0;1006.26;820.30;4.0;1.0;0;1.0;0;0;1.0;0;0;1.0;0;0;1.0;1.0;0;0;0;0;0
796353;1.20;0.86;48.0;2529.0;18.75;82.5;25.5;1.96;11.34;14.58;340.48;359.68;2.31;95129.0;49.0;49.0;47.0;4518.0;1006.30;683.58;4.0;1.0;0;1.0;0;0;1.0;0;0;1.0;0;0;1.0;1.0;0;0;0;0;0
796874;1.34;0.86;48.0;2556.0;18.75;82.5;26.25;2.35;12.53;14.58;347.65;325.31;2.31;95129.0;49.0;49.0;47.0;4512.0;1006.30;175.77;4.0;1.0;0;1.0;0;0;1.0;0;0;1.0;0;0;1.0;1.0;0;0;0;0;0
797383;1.36;0.87;48.0;2560.0;18.75;82.5;26.25;2.35;12.50;14.48;346.65;329.02;2.31;95129.0;49.0;49.0;47.0;4517.0;1006.34;78.12;4.0;1.0;0;1.0;0;0;1.0;0;0;1.0;0;0;1.0;1.0;0;0;0;0;0
797904;1.32;0.89;48.0;2573.0;18.75;82.5;26.25;2.35;11.93;14.48;348.37;343.88;2.31;95129.0;49.0;49.0;47.0;4507.0;1006.34;97.65;4.0;1.0;0;1.0;0;0;1.0;0;0;1.0;0;0;1.0;1.0;0;0;0;0;0
798425;1.36;0.90;48.0;2548.0;18.75;82.5;26.25;2.35;12.04;14.39;328.59;346.83;2.31;95129.0;49.0;49.0;47.0;4517.0;1006.34;839.83;4.0;1.0;0;1.0;0;0;1.0;0;0;1.0;0;0;1.0;1.0;0;0;0;0;0
798943;1.33;0.88;48.0;2549.0;18.75;82.5;27.0;2.35;12.16;14.48;307.42;345.34;2.31;95129.0;49.0;49.0;47.0;4519.0;1006.34;839.83;4.0;1.0;0;1.0;0;0;1.0;0;0;1.0;0;0;1.0;1.0;0;0;0;0;0
799464;1.31;0.87;48.0;2550.0;18.75;82.5;26.25;2.35;12.03;14.48;316.15;327.86;2.31;95129.0;49.0;49.0;47.0;4508.0;1006.34;605.46;4.0;1.0;0;1.0;0;0;1.0;0;0;1.0;0;0;1.0;1.0;0;0;0;0;0
799986;1.32;0.87;50.0;2535.0;18.75;82.5;26.25;2.35;12.10;14.48;296.34;320.44;2.31;95129.0;49.0;50.0;47.0;4500.0;1006.34;78.12;4.0;1.0;0;1.0;0;0;1.0;0;0;1.0;0;0;1.0;1.0;0;0;0;0;0
800504;1.33;0.88;50.0;2587.0;18.75;82.5;27.0;2.35;11.93;14.48;332.47;333.55;2.31;95129.0;50.0;49.0;47.0;4500.0;1006.34;820.30;4.0;1.0;0;1.0;0;0;1.0;0;0;1.0;0;0;1.0;1.0;0;0;0;0;0
801014;1.04;0.88;50.0;2492.0;18.75;82.5;25.5;1.56;9.73;14.48;346.98;347.59;2.31;95129.0;50.0;50.0;47.0;4515.0;1006.34;859.36;4.0;1.0;0;1.0;0;0;1.0;0;0;1.0;0;0;1.0;1.0;0;0;0;0;0
801533;0.96;0.86;50.0;2639.0;18.75;82.5;28.5;1.17;8.99;14.48;332.43;335.95;2.31;95129.0;50.0;50.0;47.0;4521.0;1006.34;859.36;4.0;1.0;0;1.0;0;0;1.0;0;0;1.0;0;0;1.0;1.0;0;0;0;0;0
802056;1.08;0.84;50.0;2594.0;18.75;82.5;27.0;1.56;9.85;14.48;350.13;325.89;2.31;95129.0;50.0;50.0;47.0;4493.0;1006.34;605.46;4.0;1.0;0;1.0;0;0;1.0;0;0;1.0;0;0;1.0;1.0;0;0;0;0;0
802624;1.11;0.83;50.0;2586.0;18.75;82.5;27.0;1.96;10.70;14.48;350.44;345.01;2.31;95129.0;51.0;50.0;47.0;4515.0;1006.34;39.06;4.0;1.0;0;1.0;0;0;1.0;0;0;1.0;0;0;1.0;1.0;0;0;0;0;0
803143;1.19;0.85;50.0;2632.0;18.75;82.5;28.5;1.96;11.18;14.48;344.37;346.79;2.31;95129.0;50.0;51.0;47.0;4513.0;1006.34;39.06;4.0;1.0;0;1.0;0;0;1.0;0;0;1.0;0;0;1.0;1.0;0;0;0;0;0
803653;1.16;0.87;51.0;2686.0;18.75;82.5;28.5;1.96;10.84;14.58;347.00;324.00;2.31;95129.0;51.0;51.0;47.0;4497.0;1006.34;800.77;4.0;1.0;0;1.0;0;0;1.0;0;0;1.0;0;0;1.0;1.0;0;0;0;0;0
804173;1.14;0.86;51.0;2723.0;18.75;82.5;29.25;1.96;10.86;14.48;346.34;322.96;2.31;95129.0;51.0;51.0;47.0;4505.0;1006.34;117.18;4.0;1.0;0;1.0;0;0;1.0;0;0;1.0;0;0;1.0;1.0;0;0;0;0;0
804693;1.11;0.87;51.0;2657.0;18.75;82.5;27.75;1.96;10.99;14.48;347.71;334.68;2.31;95129.0;51.0;51.0;47.0;4513.0;1006.34;78.12;4.0;1.0;0;1.0;0;0;1.0;0;0;1.0;0;0;1.0;1.0;0;0;0;0;0
805213;1.17;0.89;51.0;2741.0;18.75;82.5;30.0;1.96;10.84;14.48;344.56;317.55;2.31;95129.0;52.0;52.0;47.0;4516.0;1006.34;859.36;4.0;1.0;0;1.0;0;0;1.0;0;0;1.0;0;0;1.0;1.0;0;0;0;0;0
805733;1.25;0.87;52.0;2699.0;18.75;82.5;29.25;2.35;11.69;14.48;324.41;334.78;2.31;95129.0;52.0;52.0;47.0;4502.0;1006.34;839.83;4.0;1.0;0;1.0;0;0;1.0;0;0;1.0;0;0;1.0;1.0;0;0;0;0;0
806253;1.26;0.85;52.0;2721.0;18.75;82.5;29.25;2.35;11.98;14.48;312.40;341.46;2.31;95129.0;52.0;52.0;47.0;4511.0;1006.41;839.83;4.0;1.0;0;1.0;0;0;1.0;0;0;1.0;0;0;1.0;1.0;0;0;0;0;0
806763;1.24;0.84;52.0;2734.0;18.75;81.75;30.0;2.35;11.92;14.48;345.13;330.07;2.31;95129.0;53.0;53.0;47.0;4508.0;1006.38;820.30;4.0;1.0;0;1.0;0;0;1.0;0;0;1.0;0;0;1.0;1.0;0;0;0;0;0
807283;1.25;0.83;53.0;2779.0;18.75;81.75;30.75;2.74;12.10;14.58;348.90;354.54;2.31;95129.0;54.0;53.0;47.0;4512.0;1006.53;58.59;4.0;1.0;0;1.0;0;0;1.0;0;0;1.0;0;0;1.0;1.0;0;0;0;0;0
807803;1.26;0.85;53.0;2784.0;18.75;81.75;30.75;2.74;12.07;14.39;332.16;356.01;2.31;95129.0;54.0;54.0;47.0;4522.0;1006.61;429.68;4.0;1.0;0;1.0;0;0;1.0;0;0;1.0;0;0;1.0;1.0;0;0;0;0;0
808323;1.24;0.85;53.0;2833.0;18.75;81.75;31.5;2.74;11.92;14.48;355.11;335.91;2.31;95129.0;54.0;54.0;47.0;4510.0;1006.69;781.24;4.0;1.0;0;1.0;0;0;1.0;0;0;1.0;0;0;1.0;1.0;0;0;0;0;0
808893;1.62;0.85;55.0;2856.0;18.75;81.75;32.25;3.92;14.82;14.48;354.41;349.54;2.31;95129.0;55.0;55.0;47.0;4500.0;1006.80;117.18;4.0;1.0;0;1.0;0;0;1.0;0;0;1.0;0;0;1.0;1.0;0;0;0;0;0
809433;2.20;0.87;56.0;2906.0;18.75;81.75;32.25;5.88;18.62;14.48;323.20;333.39;2.31;95129.0;56.0;56.0;47.0;4492.0;1006.80;761.70;4.0;1.0;0;1.0;0;0;1.0;0;0;1.0;0;0;1.0;1.0;0;0;0;0;0
809953;1.01;1.00;57.0;2567.0;18.75;81.75;28.5;1.56;10.27;14.48;291.46;272.44;2.31;95129.0;57.0;57.0;47.0;4599.0;1006.96;839.83;4.0;1.0;0;1.0;0;0;1.0;0;0;1.0;0;0;1.0;1.0;0;0;0;0;0
810514;2.48;0.98;57.0;2659.0;18.75;81.75;25.5;5.88;19.58;14.58;320.64;259.31;2.31;95129.0;58.0;58.0;47.0;4458.0;1007.00;859.36;5.0;1.0;0;1.0;0;0;1.0;0;0;1.0;0;0;1.0;1.0;0;0;0;0;0
811034;2.32;0.95;58.0;2732.0;18.75;81.75;30.0;5.88;19.69;14.39;325.70;296.42;2.31;95129.0;59.0;59.0;47.0;4509.0;1007.16;839.83;5.0;1.0;0;1.0;0;0;1.0;0;0;1.0;0;0;1.0;1.0;0;0;0;0;0
811554;2.22;0.91;60.0;2781.0;18.75;81.75;30.75;5.88;19.57;14.48;333.00;274.12;2.31;95129.0;60.0;60.0;47.0;4513.0;1007.04;800.77;5.0;1.0;0;1.0;0;0;1.0;0;0;0;0;0;1.0;1.0;0;0;0;0;0
812074;0.88;0.99;60.0;2872.0;18.75;81.75;32.25;1.56;7.98;14.48;343.45;265.08;2.31;95129.0;60.0;60.0;47.0;4563.0;1007.20;175.77;5.0;1.0;0;1.0;0;0;1.0;0;0;0;0;0;1.0;1.0;0;0;0;0;0
812594;1.10;0.99;60.0;2757.0;18.75;81.75;30.75;1.96;9.46;14.48;353.12;309.39;2.31;95129.0;60.0;60.0;47.0;4506.0;1007.23;898.42;5.0;1.0;0;1.0;0;0;1.0;0;0;0;0;0;1.0;1.0;0;0;0;0;0
813104;1.48;0.98;60.0;2773.0;18.75;81.75;30.75;3.13;12.53;14.58;353.14;330.33;2.31;95129.0;60.0;60.0;47.0;4496.0;1007.27;839.83;5.0;1.0;0;1.0;0;0;1.0;0;0;0;0;0;1.0;1.0;0;0;0;0;0
813624;1.47;0.96;60.0;2733.0;18.75;81.75;30.0;3.13;12.72;14.58;335.85;344.48;2.31;95129.0;60.0;60.0;47.0;4522.0;1007.35;839.83;5.0;1.0;0;1.0;0;0;1.0;0;0;0;0;0;1.0;1.0;0;0;0;0;0
814144;1.40;0.94;60.0;2769.0;18.75;81.75;30.75;3.13;12.35;14.58;344.41;348.41;2.31;95129.0;60.0;60.0;47.0;4504.0;1007.43;820.30;5.0;1.0;0;1.0;0;0;1.0;0;0;0;0;0;1.0;1.0;0;0;0;0;0
814664;1.26;0.92;60.0;2741.0;18.75;81.75;30.0;2.74;11.40;14.48;350.73;343.96;2.31;95129.0;60.0;60.0;47.0;4519.0;1007.39;859.36;5.0;1.0;0;1.0;0;0;1.0;0;0;0;0;0;1.0;1.0;0;0;0;0;0
815184;1.03;0.90;60.0;2814.0;18.75;81.75;31.5;1.96;9.66;14.58;345.62;348.45;2.31;95129.0;60.0;60.0;47.0;4522.0;1007.47;859.36;5.0;1.0;0;1.0;0;0;1.0;0;0;0;0;0;1.0;1.0;0;0;0;0;0
815704;0.71;1.00;58.0;2712.0;18.75;81.75;24.0;0;12.80;14.39;299.27;331.52;2.31;95129.0;59.0;59.0;47.0;4523.0;1007.51;585.93;5.0;1.0;0;1.0;0;0;1.0;0;0;0;0;0;1.0;1.0;0;0;0;0;0
816224;0.71;1.00;58.0;2714.0;18.75;81.75;23.25;0;12.65;14.58;310.70;345.58;2.31;95129.0;59.0;59.0;47.0;4517.0;1007.51;761.70;5.0;1.0;0;1.0;0;0;1.0;0;0;0;0;0;1.0;1.0;0;0;0;0;0
816734;1.15;0.98;58.0;2657.0;18.75;81.75;22.5;1.96;9.63;14.58;317.65;323.28;2.31;95129.0;59.0;58.0;47.0;4490.0;1007.55;859.36;5.0;1.0;0;1.0;0;0;1.0;0;0;0;0;0;1.0;1.0;0;0;0;0;0
817253;0.87;0.97;58.0;2720.0;18.75;81.75;27.0;1.17;7.48;14.48;316.21;338.59;2.31;95129.0;58.0;58.0;47.0;4526.0;1007.55;898.42;5.0;1.0;0;1.0;0;0;1.0;0;0;0;0;0;1.0;1.0;0;0;0;0;0
817774;0.69;1.00;57.0;2663.0;18.75;81.75;24.0;0;12.76;14.58;330.91;342.22;2.31;95129.0;58.0;58.0;47.0;4513.0;1007.55;761.70;5.0;1.0;0;1.0;0;0;1.0;0;0;0;0;0;1.0;1.0;0;0;0;0;0
818294;0.73;1.00;57.0;2643.0;18.75;81.75;22.5;0;12.78;14.58;347.14;348.72;2.31;95129.0;58.0;57.0;47.0;4504.0;1007.59;781.24;5.0;1.0;0;1.0;0;0;1.0;0;0;0;0;0;1.0;1.0;0;0;0;0;0
818824;1.26;0.99;57.0;2627.0;18.75;81.75;18.75;2.35;9.01;14.39;351.79;356.11;2.31;95129.0;57.0;57.0;47.0;4485.0;1007.66;878.89;5.0;1.0;0;1.0;0;0;1.0;0;0;0;0;0;1.0;1.0;0;0;0;0;0
819374;1.40;0.97;57.0;2624.0;18.75;81.75;17.25;2.74;10.46;14.48;354.07;354.80;2.31;95129.0;57.0;57.0;47.0;4513.0;1007.74;839.83;5.0;1.0;0;1.0;0;0;1.0;0;0;0;0;0;1.0;1.0;0;0;0;0;0
819894;1.39;0.95;57.0;2630.0;18.75;81.75;24.0;2.74;11.64;14.48;356.75;340.73;2.31;95129.0;57.0;57.0;47.0;4495.0;1007.78;781.24;5.0;1.0;0;1.0;0;0;1.0;0;0;0;0;0;1.0;1.0;0;0;0;0;0
820413;1.19;0.93;57.0;2654.0;18.75;81.75;28.5;2.35;10.80;14.48;329.68;348.33;2.31;95129.0;58.0;58.0;47.0;4511.0;1007.74;859.36;5.0;1.0;0;1.0;0;0;1.0;0;0;0;0;0;1.0;1.0;0;0;0;0;0
820934;1.12;0.92;57.0;2629.0;18.75;81.75;27.75;2.35;10.36;14.48;306.62;355.89;2.31;95129.0;58.0;58.0;47.0;4518.0;1007.82;781.24;5.0;1.0;0;1.0;0;0;1.0;0;0;0;0;0;1.0;1.0;0;0;0;0;0
821454;0.88;0.90;57.0;2668.0;18.75;81.75;29.25;1.56;8.37;14.48;327.30;343.43;2.31;95129.0;58.0;58.0;47.0;4514.0;1008.05;839.83;5.0;1.0;0;1.0;0;0;1.0;0;0;0;0;0;1.0;1.0;0;0;0;0;0
821974;0.73;0.88;57.0;2650.0;18.75;81.75;27.75;0.78;6.82;14.48;344.06;319.88;2.31;95129.0;58.0;58.0;47.0;4516.0;1008.05;781.24;5.0;1.0;0;1.0;0;0;1.0;0;0;0;0;0;1.0;1.0;0;0;0;0;0
822494;1.0;0.87;57.0;2645.0;18.75;81.75;28.5;1.96;9.61;14.48;341.93;323.49;2.31;95129.0;57.0;57.0;47.0;4511.0;1008.09;624.99;5.0;1.0;0;1.0;0;0;1.0;0;0;0;0;0;1.0;1.0;0;0;0;0;0
823004;1.13;0.87;57.0;2650.0;18.75;81.75;29.25;2.35;10.81;14.58;343.22;319.62;2.31;95129.0;57.0;57.0;47.0;4507.0;1008.09;39.06;5.0;1.0;0;1.0;0;0;1.0;0;0;0;0;0;1.0;1.0;0;0;0;0;0
823524;1.13;0.89;57.0;2668.0;18.75;81.75;29.25;2.35;10.75;14.48;340.19;303.02;2.31;95129.0;57.0;57.0;47.0;4515.0;1008.09;58.59;5.0;1.0;0;1.0;0;0;1.0;0;0;0;0;0;1.0;1.0;0;0;0;0;0
824044;1.21;0.90;57.0;2641.0;18.75;81.75;27.75;2.35;11.09;14.48;339.62;340.64;2.31;95130.0;58.0;58.0;47.0;4515.0;1008.29;703.11;5.0;1.0;0;1.0;0;0;1.0;0;0;0;0;0;1.0;1.0;0;0;0;0;0
824564;1.18;0.91;58.0;2624.0;18.75;81.75;27.75;2.35;10.81;14.58;351.73;348.55;2.31;95130.0;58.0;58.0;47.0;4498.0;1008.45;820.30;5.0;1.0;0;1.0;0;0;1.0;0;0;0;0;0;1.0;1.0;0;0;0;0;0
825084;1.14;0.89;58.0;2672.0;18.75;81.75;28.5;2.35;10.61;14.48;349.15;355.97;2.31;95130.0;58.0;58.0;47.0;4524.0;1008.56;859.36;5.0;1.0;0;1.0;0;0;1.0;0;0;0;0;0;1.0;1.0;0;0;0;0;0
825604;1.03;0.88;58.0;2717.0;18.75;81.75;29.25;2.35;10.10;14.48;337.61;353.43;2.31;95130.0;59.0;58.0;47.0;4515.0;1008.64;644.52;5.0;1.0;0;1.0;0;0;1.0;0;0;0;0;0;1.0;1.0;0;0;0;0;0
826164;1.08;0.89;58.0;2665.0;18.75;81.75;28.5;2.35;10.23;14.48;353.98;347.02;2.31;95130.0;58.0;58.0;47.0;4515.0;1008.72;58.59;5.0;1.0;0;1.0;0;0;1.0;0;0;0;0;0;1.0;1.0;0;0;0;0;0
826684;0.81;0.91;58.0;2688.0;18.75;81.75;29.25;1.17;7.94;14.48;347.38;348.76;2.31;95130.0;59.0;58.0;47.0;4523.0;1008.76;58.59;5.0;1.0;0;1.0;0;0;1.0;0;0;0;0;0;1.0;1.0;0;0;0;0;0
827204;0.68;1.00;57.0;2669.0;18.75;81.75;23.25;0;12.81;14.48;350.44;343.29;2.31;95130.0;58.0;58.0;47.0;4518.0;1008.76;39.06;5.0;1.0;0;1.0;0;0;1.0;0;0;0;0;0;1.0;1.0;0;0;0;0;0
827724;0.73;1.00;57.0;2629.0;18.75;81.75;22.5;0;12.65;14.58;349.99;338.57;2.31;95130.0;58.0;57.0;47.0;4509.0;1008.80;800.77;5.0;1.0;0;1.0;0;0;1.0;0;0;0;0;0;1.0;1.0;0;0;0;0;0
828243;0.71;1.00;57.0;2579.0;18.75;81.75;23.25;0;12.77;14.58;330.46;339.54;2.31;95130.0;57.0;57.0;47.0;4516.0;1008.80;761.70;5.0;1.0;0;1.0;0;0;1.0;0;0;1.0;0;0;1.0;1.0;0;0;0;0;0
828764;0.8;1.00;56.0;2595.0;18.75;81.75;15.0;0;12.74;14.58;341.95;339.37;2.31;95130.0;57.0;56.0;47.0;4515.0;1008.80;761.70;5.0;1.0;0;1.0;0;0;1.0;0;0;1.0;0;0;1.0;1.0;0;0;0;0;0
829284;0.80;1.00;55.0;2545.0;18.75;81.75;16.5;0;12.80;14.48;244.08;237.68;2.31;95130.0;56.0;55.0;47.0;4529.0;1008.84;136.71;5.0;1.0;0;1.0;0;0;1.0;0;0;1.0;0;0;1.0;1.0;0;0;0;0;0
829794;0.80;1.00;55.0;2520.0;18.75;81.75;16.5;0;12.77;14.48;277.34;272.34;2.31;95130.0;55.0;55.0;47.0;4525.0;1008.84;58.59;5.0;1.0;0;1.0;0;0;1.0;0;0;1.0;0;0;1.0;1.0;0;0;0;0;0
830314;0.79;1.00;53.0;2491.0;18.75;81.75;16.5;0;12.72;14.48;322.16;313.30;2.31;95130.0;54.0;54.0;46.0;4532.0;1008.84;39.06;5.0;1.0;0;1.0;0;0;1.0;0;0;1.0;0;0;1.0;1.0;0;0;0;0;0
830834;2.56;1.00;53.0;2520.0;18.75;81.75;0;4.70;10.62;14.48;335.58;253.63;2.31;95130.0;54.0;54.0;47.0;4504.0;1008.84;878.89;5.0;1.0;0;1.0;0;0;1.0;0;0;1.0;0;0;1.0;1.0;0;0;0;0;0
831354;1.77;0.98;53.0;2491.0;18.75;81.75;7.5;3.13;10.84;14.48;323.59;298.08;2.31;95130.0;54.0;54.0;47.0;4529.0;1008.88;859.36;5.0;1.0;0;1.0;0;0;1.0;0;0;1.0;0;0;1.0;1.0;0;0;0;0;0
831874;1.47;0.96;53.0;2532.0;18.75;81.75;12.75;2.35;9.95;14.48;327.88;304.19;2.31;95130.0;54.0;54.0;47.0;4526.0;1008.95;878.89;5.0;1.0;0;1.0;0;0;1.0;0;0;1.0;0;0;1.0;1.0;0;0;0;0;0
832394;1.28;0.94;53.0;2505.0;18.75;81.75;18.0;1.96;10.09;14.39;337.49;293.28;2.31;95130.0;54.0;54.0;47.0;4529.0;1008.95;878.89;5.0;1.0;0;1.0;0;0;1.0;0;0;1.0;0;0;1.0;1.0;0;0;0;0;0
832914;1.21;0.93;53.0;2463.0;18.75;81.75;22.5;1.56;10.22;14.39;342.84;278.82;2.31;95130.0;54.0;54.0;47.0;4515.0;1009.07;878.89;5.0;1.0;0;1.0;0;0;1.0;0;0;1.0;0;0;1.0;1.0;0;0;0;0;0
833424;1.10;0.91;53.0;2483.0;18.75;81.75;24.75;1.56;9.70;14.39;332.79;306.52;2.31;95130.0;54.0;54.0;47.0;4504.0;1009.19;878.89;5.0;1.0;0;1.0;0;0;1.0;0;0;1.0;0;0;1.0;1.0;0;0;0;0;0
833943;1.04;0.89;53.0;2492.0;18.75;81.75;24.75;1.56;9.42;14.48;283.26;258.94;2.31;95130.0;54.0;54.0;47.0;4508.0;1009.34;859.36;5.0;1.0;0;1.0;0;0;1.0;0;0;1.0;0;0;1.0;1.0;0;0;0;0;0
834464;0.81;1.00;53.0;2463.0;18.75;81.75;17.25;0;12.71;14.48;252.15;250.62;2.31;95130.0;54.0;53.0;44.0;4514.0;1009.46;214.84;5.0;1.0;0;1.0;0;0;1.0;0;0;1.0;0;0;1.0;1.0;0;0;0;0;0
834994;0.84;1.00;52.0;2407.0;18.75;81.75;16.5;0;12.70;14.58;141.20;159.26;2.31;95130.0;53.0;52.0;44.0;4509.0;1009.66;39.06;5.0;1.0;0;1.0;0;0;1.0;0;0;1.0;0;0;1.0;1.0;0;0;0;0;0
835504;0.49;1.00;52.0;2324.0;18.75;81.75;39.75;0;15.42;14.58;114.19;163.70;2.31;95130.0;52.0;52.0;45.0;4475.0;1009.77;878.89;4.0;1.0;0;1.0;0;0;1.0;0;0;1.0;0;0;1.0;1.0;0;0;0;0;0
836074;0.93;0.99;52.0;2674.0;18.75;81.75;29.25;0.39;7.90;14.48;171.25;178.58;2.31;95130.0;52.0;52.0;47.0;4473.0;1009.81;878.89;4.0;1.0;0;1.0;0;0;1.0;0;0;1.0;0;0;1.0;1.0;0;0;0;0;0
836634;1.09;0.98;51.0;2661.0;18.75;81.75;28.5;1.17;8.99;14.48;256.66;240.62;2.31;95130.0;51.0;51.0;47.0;4494.0;1009.85;898.42;4.0;1.0;0;1.0;0;0;1.0;0;0;1.0;0;0;1.0;1.0;0;0;0;0;0
837154;1.24;0.96;51.0;2677.0;18.75;81.75;29.25;1.96;10.65;14.48;310.62;253.63;2.31;95130.0;51.0;51.0;47.0;4491.0;1009.93;898.42;4.0;1.0;0;1.0;0;0;1.0;0;0;1.0;0;0;1.0;1.0;0;0;0;0;0
837674;1.32;0.95;52.0;2732.0;18.75;81.75;29.25;2.35;11.42;14.48;316.01;258.20;2.31;95130.0;52.0;52.0;47.0;4510.0;1009.97;859.36;4.0;1.0;0;1.0;0;0;1.0;0;0;1.0;0;0;1.0;1.0;0;0;0;0;0
838194;1.41;0.93;52.0;2733.0;18.75;81.75;30.0;2.35;12.29;14.58;334.78;280.9;2.31;95130.0;53.0;52.0;47.0;4506.0;1009.97;859.36;4.0;1.0;0;1.0;0;0;1.0;0;0;1.0;0;0;1.0;1.0;0;0;0;0;0
838714;1.42;0.91;53.0;2745.0;18.75;81.75;30.0;2.74;12.60;14.48;336.40;316.79;2.31;95130.0;53.0;53.0;47.0;4514.0;1010.01;859.36;4.0;1.0;0;1.0;0;0;1.0;0;0;1.0;0;0;1.0;1.0;0;0;0;0;0
839224;1.37;0.89;53.0;2801.0;18.75;82.5;30.75;2.74;12.42;14.48;337.63;326.85;2.31;95130.0;54.0;54.0;47.0;4509.0;1010.01;839.83;4.0;1.0;0;1.0;0;0;1.0;0;0;1.0;0;0;1.0;1.0;0;0;0;0;0
839744;1.36;0.88;53.0;2785.0;18.75;82.5;31.5;2.74;12.63;14.48;322.45;317.79;2.31;95130.0;54.0;54.0;47.0;4505.0;1010.05;839.83;4.0;1.0;0;1.0;0;0;1.0;0;0;1.0;0;0;1.0;1.0;0;0;0;0;0
840264;1.32;0.86;55.0;2825.0;18.75;82.5;31.5;2.74;12.45;14.48;297.14;293.08;2.31;95130.0;54.0;55.0;47.0;4523.0;1010.05;839.83;4.0;1.0;0;1.0;0;0;1.0;0;0;1.0;0;0;1.0;1.0;0;0;0;0;0
840783;1.39;0.84;55.0;2862.0;18.75;82.5;32.25;3.13;13.23;14.48;294.82;296.15;2.31;95130.0;55.0;54.0;47.0;4503.0;1010.05;195.31;4.0;1.0;0;1.0;0;0;1.0;0;0;1.0;0;0;1.0;1.0;0;0;0;0;0
841304;1.36;0.85;55.0;2856.0;18.75;82.5;31.5;3.13;12.82;14.39;332.43;297.77;2.31;95130.0;54.0;55.0;47.0;4515.0;1010.05;58.59;4.0;1.0;0;1.0;0;0;1.0;0;0;1.0;0;0;1.0;1.0;0;0;0;0;0
841823;1.48;0.87;55.0;2911.0;18.75;82.5;32.25;3.13;13.57;14.39;346.81;316.01;2.31;95130.0;55.0;56.0;47.0;4510.0;1010.05;39.06;4.0;1.0;0;1.0;0;0;1.0;0;0;1.0;0;0;1.0;1.0;0;0;0;0;0
842344;1.50;0.89;56.0;2947.0;18.75;82.5;33.0;3.52;13.54;14.58;352.98;343.86;2.31;95130.0;56.0;57.0;47.0;4501.0;1010.05;585.93;4.0;1.0;0;1.0;0;0;1.0;0;0;1.0;0;0;1.0;1.0;0;0;0;0;0
842864;1.50;0.89;57.0;2948.0;18.75;82.5;33.75;3.52;13.68;14.58;342.16;351.12;2.31;95130.0;57.0;57.0;47.0;4513.0;1010.05;839.83;4.0;1.0;0;1.0;0;0;1.0;0;0;1.0;0;0;1.0;1.0;0;0;0;0;0
843373;1.16;0.87;57.0;2942.0;18.75;82.5;33.0;2.35;10.88;14.48;293.53;312.10;2.31;95130.0;57.0;57.0;47.0;4512.0;1010.05;859.36;4.0;1.0;0;1.0;0;0;1.0;0;0;1.0;0;0;1.0;1.0;0;0;0;0;0
843894;0.99;0.85;57.0;2844.0;18.75;82.5;31.5;1.56;9.51;14.58;306.19;306.46;2.31;95130.0;57.0;56.0;47.0;4525.0;1010.05;859.36;4.0;1.0;0;1.0;0;0;1.0;0;0;1.0;0;0;1.0;1.0;0;0;0;0;0
844413;0.88;0.84;56.0;2923.0;18.75;81.75;33.0;1.56;8.68;14.29;271.34;271.42;2.58;95130.0;56.0;56.0;47.0;4522.0;1010.05;839.83;4.0;1.0;0;1.0;0;0;1.0;0;0;1.0;0;0;1.0;1.0;0;0;0;0;0
844934;0.88;0.83;56.0;2903.0;18.75;81.75;32.25;1.17;8.44;14.48;248.01;236.68;2.31;95130.0;56.0;56.0;47.0;4510.0;1010.16;78.12;4.0;1.0;0;1.0;0;0;1.0;0;0;1.0;0;0;1.0;1.0;0;0;0;0;0
845454;0.78;0.84;55.0;2890.0;18.75;81.75;32.25;0.78;7.16;14.48;214.47;228.22;2.31;95130.0;56.0;55.0;47.0;4516.0;1010.20;19.53;4.0;1.0;0;1.0;0;0;1.0;0;0;1.0;0;0;1.0;1.0;0;0;0;0;0
845974;0.77;1.00;55.0;2824.0;18.75;81.75;18.0;0;12.85;14.48;219.61;241.11;2.31;95130.0;55.0;54.0;47.0;4517.0;1010.24;19.53;4.0;1.0;0;1.0;0;0;1.0;0;0;1.0;0;0;1.0;1.0;0;0;0;0;0
846494;0.79;1.00;53.0;2789.0;18.75;81.75;16.5;0;12.72;14.48;208.22;222.64;2.31;95130.0;54.0;54.0;47.0;4515.0;1010.28;19.53;4.0;1.0;0;1.0;0;0;1.0;0;0;1.0;0;0;1.0;1.0;0;0;0;0;0
847003;0.79;1.00;53.0;2762.0;18.75;81.75;16.5;0;12.72;14.58;195.04;275.02;2.31;95130.0;54.0;53.0;47.0;4511.0;1010.48;39.06;4.0;1.0;0;1.0;0;0;1.0;0;0;1.0;0;0;1.0;1.0;0;0;0;0;0
847524;1.2;1.00;52.0;2763.0;18.75;81.75;30.0;1.56;9.22;14.48;273.57;314.78;2.31;95130.0;53.0;53.0;47.0;4495.0;1010.44;332.02;4.0;1.0;0;1.0;0;0;1.0;0;0;1.0;0;0;1.0;1.0;0;0;0;0;0
848044;1.39;1.00;53.0;2780.0;18.75;81.75;30.0;2.35;11.35;14.58;310.80;338.53;2.31;95130.0;53.0;53.0;47.0;4498.0;1010.63;917.95;4.0;1.0;0;1.0;0;0;1.0;0;0;1.0;0;0;1.0;1.0;0;0;0;0;0
848564;1.28;0.98;53.0;2812.0;18.75;81.75;30.75;2.35;10.86;14.58;330.95;345.15;2.31;95130.0;54.0;54.0;47.0;4505.0;1010.55;898.42;4.0;1.0;0;1.0;0;0;1.0;0;0;1.0;0;0;1.0;1.0;0;0;0;0;0
849084;0.84;1.00;55.0;2742.0;18.75;81.75;17.25;0;12.88;14.48;341.93;360.05;2.31;95130.0;55.0;54.0;47.0;4536.0;1010.71;839.83;4.0;1.0;0;1.0;0;0;1.0;0;0;1.0;0;0;1.0;1.0;0;0;0;0;0
849603;0.76;1.00;53.0;2766.0;18.75;81.75;17.25;0;12.86;14.48;330.81;356.85;2.31;95130.0;54.0;54.0;47.0;4519.0;1010.79;39.06;4.0;1.0;0;1.0;0;0;1.0;0;0;1.0;0;0;1.0;1.0;0;0;0;0;0
850123;0.76;1.00;53.0;2736.0;18.75;81.75;16.5;0;12.72;14.29;346.32;350.03;2.58;95130.0;53.0;53.0;47.0;4514.0;1010.98;39.06;4.0;1.0;0;1.0;0;0;1.0;0;0;1.0;0;0;1.0;1.0;0;0;0;0;0
850633;0.78;1.00;52.0;2742.0;18.75;81.75;16.5;0;12.70;14.58;346.42;345.03;2.31;95130.0;53.0;53.0;47.0;4524.0;1011.06;19.53;4.0;1.0;0;1.0;0;0;1.0;0;0;1.0;0;0;1.0;1.0;0;0;0;0;0
851153;1.82;1.01;52.0;2830.0;18.75;81.75;13.5;3.52;10.98;14.48;327.24;342.45;2.31;95130.0;53.0;52.0;47.0;4490.0;1011.14;898.42;4.0;1.0;0;1.0;0;0;1.0;0;0;1.0;0;0;1.0;1.0;0;0;0;0;0
851674;1.88;0.98;53.0;2788.0;18.75;81.75;21.0;3.52;13.92;14.48;331.15;317.73;2.31;95130.0;54.0;54.0;47.0;4512.0;1011.18;898.42;4.0;1.0;0;1.0;0;0;1.0;0;0;1.0;0;0;1.0;1.0;0;0;0;0;0
852195;1.48;0.96;55.0;2826.0;18.75;81.75;27.75;2.74;12.20;14.48;256.68;284.86;2.31;95130.0;55.0;54.0;47.0;4510.0;1011.22;898.42;4.0;1.0;0;1.0;0;0;1.0;0;0;1.0;0;0;1.0;1.0;0;0;0;0;0
852804;1.36;0.94;56.0;2903.0;18.75;81.75;32.25;2.74;11.83;14.29;246.76;246.97;2.58;95130.0;56.0;56.0;47.0;4529.0;1011.26;898.42;4.0;1.0;0;1.0;0;0;1.0;0;0;1.0;0;0;1.0;1.0;0;0;0;0;0
853324;1.18;0.93;56.0;2935.0;19.5;81.75;33.0;1.96;10.39;14.48;308.71;309.25;2.31;95130.0;57.0;56.0;47.0;4521.0;1011.26;898.42;4.0;1.0;0;1.0;0;0;1.0;0;0;1.0;0;0;1.0;1.0;0;0;0;0;0
854284;1.08;0.91;57.0;2969.0;19.5;81.75;33.75;1.96;9.87;14.48;334.62;335.60;2.31;95130.0;58.0;57.0;47.0;4507.0;1011.26;878.89;4.0;1.0;0;1.0;0;0;1.0;0;0;1.0;0;0;1.0;1.0;0;0;0;0;0
854806;1.16;0.89;57.0;2986.0;19.5;81.75;33.75;2.35;10.50;14.48;248.61;331.63;2.31;95130.0;58.0;57.0;47.0;4520.0;1011.30;878.89;4.0;1.0;0;1.0;0;0;1.0;0;0;1.0;0;0;1.0;1.0;0;0;0;0;0
855324;1.04;0.88;57.0;2974.0;18.75;81.75;33.75;1.96;9.84;14.48;256.70;342.69;2.31;95130.0;58.0;57.0;47.0;4513.0;1011.30;839.83;4.0;1.0;0;1.0;0;0;1.0;0;0;1.0;0;0;1.0;1.0;0;0;0;0;0
855846;1.00;0.86;57.0;2972.0;18.75;81.75;33.0;1.56;9.59;14.48;265.15;318.18;2.31;95130.0;58.0;58.0;47.0;4517.0;1011.30;859.36;4.0;1.0;0;1.0;0;0;1.0;0;0;1.0;0;0;1.0;1.0;0;0;0;0;0
856434;1.08;0.85;57.0;2982.0;18.75;81.75;33.75;1.96;10.25;14.48;314.90;340.34;2.31;95130.0;58.0;57.0;47.0;4509.0;1011.30;800.77;4.0;1.0;0;1.0;0;0;1.0;0;0;1.0;0;0;1.0;1.0;0;0;0;0;0
856954;1.04;0.83;57.0;3021.0;19.5;81.75;34.5;2.35;10.17;14.48;243.44;255.00;2.31;95130.0;58.0;57.0;47.0;4510.0;1011.30;761.70;4.0;1.0;0;1.0;0;0;1.0;0;0;1.0;0;0;1.0;1.0;0;0;0;0;0
857474;1.08;0.84;57.0;3016.0;19.5;81.75;34.5;2.35;10.39;14.48;135.96;135.88;2.31;95130.0;58.0;58.0;47.0;4514.0;1011.30;351.55;4.0;1.0;0;1.0;0;0;1.0;0;0;1.0;0;0;1.0;1.0;0;0;0;0;0
857984;1.10;0.85;57.0;3021.0;19.5;81.75;34.5;2.35;10.38;14.48;79.95;80.34;2.31;95130.0;57.0;58.0;47.0;4519.0;1011.38;800.77;4.0;1.0;0;1.0;0;0;1.0;0;0;1.0;0;0;1.0;1.0;0;0;0;0;0
858504;1.01;0.84;57.0;3001.0;19.5;81.75;33.75;1.96;9.83;14.48;105.81;76.88;2.31;95130.0;58.0;58.0;47.0;4518.0;1011.65;800.77;4.0;1.0;0;1.0;0;0;1.0;0;0;1.0;0;0;1.0;1.0;0;0;0;0;0
859024;0.98;0.83;57.0;2969.0;19.5;81.75;33.0;1.96;9.60;14.48;227.46;214.96;2.31;95130.0;58.0;57.0;47.0;4516.0;1011.92;312.49;4.0;1.0;0;1.0;0;0;1.0;0;0;1.0;0;0;1.0;1.0;0;0;0;0;0
859544;1.0;0.83;57.0;2932.0;19.5;81.75;33.0;1.56;9.72;14.29;246.03;260.13;2.58;95130.0;58.0;57.0;47.0;4526.0;1011.84;58.59;4.0;1.0;0;1.0;0;0;1.0;0;0;1.0;0;0;1.0;1.0;0;0;0;0;0
860064;1.03;0.85;57.0;2965.0;19.5;81.75;33.75;1.96;9.90;14.58;296.91;306.44;2.31;95130.0;57.0;57.0;47.0;4502.0;1011.96;488.27;4.0;1.0;0;1.0;0;0;1.0;0;0;1.0;0;0;1.0;1.0;0;0;0;0;0
860584;0.73;0.85;56.0;2926.0;19.5;81.75;33.0;0.78;7.19;14.58;312.87;317.92;2.31;95130.0;57.0;56.0;47.0;4515.0;1012.00;136.71;4.0;1.0;0;1.0;0;0;1.0;0;0;1.0;0;0;1.0;1.0;0;0;0;0;0
861104;0.73;1.00;55.0;2841.0;19.5;81.75;18.0;0;12.82;14.48;334.93;330.89;2.31;95130.0;55.0;55.0;47.0;4526.0;1012.12;19.53;4.0;1.0;0;1.0;0;0;1.0;0;0;1.0;0;0;1.0;1.0;0;0;0;0;0
861624;0.79;1.00;53.0;2779.0;19.5;81.75;16.5;0;12.71;14.58;346.07;322.57;2.31;95130.0;54.0;53.0;47.0;4507.0;1012.12;19.53;4.0;1.0;0;1.0;0;0;1.0;0;0;1.0;0;0;1.0;1.0;0;0;0;0;0
862184;1.56;1.00;53.0;2827.0;19.5;81.75;20.25;2.74;10.88;14.58;344.64;313.12;2.31;95130.0;53.0;53.0;47.0;4504.0;1012.23;917.95;4.0;1.0;0;1.0;0;0;1.0;0;0;1.0;0;0;1.0;1.0;0;0;0;0;0
862705;1.17;0.99;52.0;2750.0;19.5;81.75;26.25;1.96;9.89;14.48;342.38;312.65;2.31;95130.0;53.0;53.0;47.0;4521.0;1012.35;917.95;4.0;1.0;0;1.0;0;0;1.0;0;0;1.0;0;0;1.0;1.0;0;0;0;0;0
863224;0.76;1.00;52.0;2738.0;19.5;81.75;16.5;0;12.77;14.48;323.39;331.50;2.31;95130.0;53.0;53.0;47.0;4533.0;1012.39;781.24;4.0;1.0;0;1.0;0;0;1.0;0;0;1.0;0;0;1.0;1.0;0;0;0;0;0
863744;0.81;1.00;51.0;2649.0;19.5;81.75;16.5;0;12.89;14.48;316.85;338.06;2.31;95130.0;52.0;51.0;47.0;4518.0;1012.47;97.65;4.0;1.0;0;1.0;0;0;1.0;0;0;1.0;0;0;1.0;1.0;0;0;0;0;0
864265;0.79;1.00;50.0;2581.0;19.5;81.75;15.0;0;12.74;14.48;292.73;335.46;2.31;95130.0;50.0;50.0;47.0;4515.0;1012.47;39.06;4.0;1.0;0;1.0;0;0;1.0;0;0;1.0;0;0;1.0;1.0;0;0;0;0;0
864784;1.72;1.00;48.0;2627.0;19.5;81.75;14.25;3.13;11.31;14.48;225.31;314.70;2.31;95130.0;49.0;49.0;47.0;4502.0;1012.51;859.36;4.0;1.0;0;1.0;0;0;1.0;0;0;1.0;0;0;0;1.0;0;0;0;0;0
865294;1.75;0.98;50.0;2580.0;19.5;81.75;20.25;3.13;13.23;14.48;282.69;329.17;2.31;95130.0;49.0;50.0;47.0;4504.0;1012.51;859.36;4.0;1.0;0;1.0;0;0;1.0;0;0;1.0;0;0;1.0;1.0;0;0;0;0;0
865814;1.44;0.96;50.0;2579.0;19.5;81.75;26.25;2.35;11.90;14.48;316.36;341.95;2.31;95130.0;50.0;50.0;47.0;4525.0;1012.51;898.42;4.0;1.0;0;1.0;0;0;1.0;0;0;1.0;0;0;1.0;1.0;0;0;0;0;0
866334;1.24;0.95;48.0;2572.0;19.5;81.75;27.0;1.96;10.59;14.48;337.94;348.04;2.31;95130.0;49.0;49.0;47.0;4531.0;1012.55;878.89;4.0;1.0;0;1.0;0;0;1.0;0;0;1.0;0;0;1.0;1.0;0;0;0;0;0
866854;0.92;0.93;48.0;2565.0;19.5;81.75;27.0;0.39;7.83;14.48;307.01;348.12;2.31;95130.0;49.0;49.0;47.0;4519.0;1012.55;878.89;4.0;1.0;0;1.0;0;0;1.0;0;0;1.0;0;0;1.0;1.0;0;0;0;0;0
867374;1.03;0.91;47.0;2474.0;19.5;81.75;25.5;1.17;8.86;14.48;330.29;352.04;2.31;95130.0;48.0;48.0;47.0;4516.0;1012.55;878.89;4.0;1.0;0;1.0;0;0;1.0;0;0;1.0;0;0;1.0;1.0;0;0;0;0;0
867894;1.22;0.90;47.0;2463.0;19.5;81.75;24.75;1.96;10.97;14.58;305.42;352.45;2.31;95130.0;48.0;47.0;47.0;4536.0;1012.55;839.83;4.0;1.0;0;1.0;0;0;1.0;0;0;1.0;0;0;1.0;1.0;0;0;0;0;0
868414;1.22;0.88;47.0;2473.0;19.5;81.75;24.0;1.96;11.13;14.58;316.65;355.07;2.31;95130.0;47.0;47.0;47.0;4509.0;1012.55;136.71;4.0;1.0;0;1.0;0;0;1.0;0;0;1.0;0;0;1.0;1.0;0;0;0;0;0
868934;1.31;0.89;47.0;2470.0;19.5;81.75;25.5;2.35;11.75;14.48;246.85;325.23;2.31;95130.0;47.0;47.0;47.0;4514.0;1012.55;39.06;4.0;1.0;0;1.0;0;0;1.0;0;0;1.0;0;0;1.0;1.0;0;0;0;0;0
869454;1.59;0.91;47.0;2431.0;19.5;81.75;24.75;2.74;13.77;14.48;267.75;288.16;2.31;95130.0;47.0;47.0;47.0;4490.0;1012.55;39.06;4.0;1.0;0;1.0;0;0;1.0;0;0;1.0;0;0;1.0;1.0;0;0;0;0;0
870014;1.80;0.93;47.0;2454.0;19.5;81.75;24.75;3.52;15.34;14.48;240.64;244.94;2.31;95130.0;47.0;47.0;47.0;4489.0;1012.55;78.12;4.0;1.0;0;1.0;0;0;1.0;0;0;1.0;0;0;1.0;1.0;0;0;0;0;0
870534;1.85;0.95;47.0;2506.0;19.5;81.75;25.5;3.52;15.36;14.48;189.20;242.07;2.31;95130.0;48.0;48.0;47.0;4495.0;1012.55;58.59;4.0;1.0;0;1.0;0;0;1.0;0;0;1.0;0;0;1.0;1.0;0;0;0;0;0
871054;1.84;0.97;48.0;2520.0;19.5;81.75;26.25;3.52;15.18;14.58;256.54;283.39;2.31;95130.0;49.0;48.0;47.0;4494.0;1012.55;859.36;4.0;1.0;0;1.0;0;0;1.0;0;0;1.0;0;0;1.0;1.0;0;0;0;0;0
871574;1.75;0.96;48.0;2532.0;18.75;81.75;26.25;3.13;14.40;14.39;301.07;310.91;2.31;95130.0;49.0;49.0;47.0;4499.0;1012.55;878.89;4.0;1.0;0;1.0;0;0;1.0;0;0;1.0;0;0;1.0;1.0;0;0;0;0;0
872095;1.78;0.94;48.0;2541.0;18.75;81.75;26.25;3.52;15.06;14.48;302.91;334.90;2.31;95130.0;49.0;49.0;47.0;4497.0;1012.55;820.30;4.0;1.0;0;1.0;0;0;1.0;0;0;1.0;0;0;1.0;1.0;0;0;0;0;0
872614;1.88;0.94;50.0;2560.0;18.75;81.75;27.0;3.92;15.98;14.48;335.01;341.46;2.31;95130.0;49.0;50.0;47.0;4504.0;1012.55;78.12;4.0;1.0;0;1.0;0;0;1.0;0;0;1.0;0;0;1.0;1.0;0;0;0;0;0
873136;1.78;0.96;50.0;2585.0;18.75;81.75;27.0;3.52;14.89;14.48;346.59;332.53;2.31;95130.0;50.0;50.0;47.0;4509.0;1012.55;820.30;4.0;1.0;0;1.0;0;0;1.0;0;0;1.0;0;0;1.0;1.0;0;0;0;0;0
873654;1.59;0.94;50.0;2604.0;18.75;81.75;27.0;2.74;13.46;14.58;345.29;333.98;2.31;95130.0;50.0;50.0;47.0;4525.0;1012.55;878.89;4.0;1.0;0;1.0;0;0;1.0;0;0;1.0;0;0;1.0;1.0;0;0;0;0;0
874164;1.53;0.92;50.0;2594.0;18.75;81.75;27.75;2.74;13.34;14.48;348.53;346.18;2.31;95130.0;50.0;50.0;47.0;4534.0;1012.55;878.89;4.0;1.0;0;1.0;0;0;1.0;0;0;1.0;0;0;1.0;1.0;0;0;0;0;0
874684;1.48;0.90;50.0;2612.0;18.75;81.75;27.0;2.74;13.21;14.48;328.33;319.25;2.31;95130.0;50.0;50.0;47.0;4511.0;1012.55;839.83;4.0;1.0;0;1.0;0;0;1.0;0;0;1.0;0;0;1.0;1.0;0;0;0;0;0
875254;1.46;0.88;50.0;2607.0;18.75;81.75;27.0;2.74;13.13;14.48;328.65;325.76;2.31;95130.0;50.0;50.0;47.0;4515.0;1012.55;839.83;4.0;1.0;0;1.0;0;0;1.0;0;0;1.0;0;0;1.0;1.0;0;0;0;0;0
875724;1.32;0.86;50.0;2592.0;18.75;81.75;27.0;2.35;12.22;14.48;324.15;315.70;2.31;95130.0;50.0;50.0;47.0;4539.0;1012.55;78.12;4.0;1.0;0;1.0;0;0;1.0;0;0;1.0;0;0;1.0;1.0;0;0;0;0;0
876244;0.82;1.00;47.0;2494.0;18.75;81.75;16.5;0;12.78;14.58;297.50;228.69;2.31;95130.0;48.0;48.0;47.0;4532.0;1012.55;78.12;4.0;1.0;0;1.0;0;0;1.0;0;0;1.0;0;0;1.0;1.0;0;0;0;0;0
876754;2.84;1.00;46.0;2476.0;18.75;82.5;-3.75;5.49;10.63;14.48;216.56;176.57;2.31;95130.0;47.0;47.0;47.0;4532.0;1012.55;878.89;4.0;1.0;0;1.0;0;0;1.0;0;0;1.0;0;0;1.0;1.0;0;0;0;0;0
877274;2.60;0.97;46.0;2441.0;18.75;82.5;4.5;5.88;14.88;14.48;254.39;213.95;2.31;95130.0;47.0;47.0;47.0;4485.0;1012.55;859.36;4.0;1.0;0;1.0;0;0;1.0;0;0;1.0;0;0;1.0;1.0;0;0;0;0;0
877794;2.48;0.95;47.0;2483.0;18.75;82.5;15.0;5.88;18.21;14.48;302.89;270.27;2.31;95130.0;47.0;48.0;47.0;4488.0;1012.55;820.30;4.0;1.0;0;1.0;0;0;1.0;0;0;1.0;0;0;1.0;1.0;0;0;0;0;0
878324;2.07;1.00;48.0;2515.0;18.75;82.5;24.0;3.92;16.17;14.58;324.15;306.07;2.31;95130.0;48.0;49.0;47.0;4511.0;1012.55;722.64;4.0;1.0;0;1.0;0;0;1.0;0;0;1.0;0;0;1.0;1.0;0;0;0;0;0
878834;1.84;1.00;48.0;2531.0;18.75;82.5;26.25;3.52;14.81;14.48;316.56;329.33;2.31;95130.0;49.0;49.0;47.0;4511.0;1012.55;898.42;4.0;1.0;0;1.0;0;0;1.0;0;0;1.0;0;0;1.0;1.0;0;0;0;0;0
879354;1.97;0.98;48.0;2559.0;18.75;82.5;26.25;3.92;15.98;14.48;339.47;335.11;2.31;95130.0;49.0;49.0;47.0;4498.0;1012.55;859.36;4.0;1.0;0;1.0;0;0;1.0;0;0;1.0;0;0;1.0;1.0;0;0;0;0;0
879874;2.36;0.95;50.0;2612.0;18.75;82.5;27.75;5.49;19.61;14.39;332.16;343.27;2.31;95130.0;50.0;50.0;47.0;4485.0;1012.55;859.36;4.0;1.0;0;1.0;0;0;1.0;0;0;1.0;0;0;1.0;1.0;0;0;0;0;0
880394;2.26;0.92;51.0;2674.0;18.75;82.5;28.5;5.49;19.61;14.48;344.17;342.49;2.31;95130.0;51.0;51.0;47.0;4503.0;1012.59;585.93;4.0;1.0;0;1.0;0;0;1.0;0;0;1.0;0;0;1.0;1.0;0;0;0;0;0
880914;2.08;0.92;52.0;2700.0;18.75;82.5;29.25;5.09;18.14;14.48;342.59;345.87;2.31;95130.0;52.0;52.0;47.0;4526.0;1012.59;781.24;4.0;1.0;0;1.0;0;0;1.0;0;0;1.0;0;0;1.0;1.0;0;0;0;0;0
881424;1.82;0.90;52.0;2737.0;18.75;82.5;30.0;4.31;16.39;14.58;307.32;340.50;2.31;95130.0;52.0;53.0;47.0;4523.0;1012.59;781.24;4.0;1.0;0;1.0;0;0;1.0;0;0;1.0;0;0;1.0;1.0;0;0;0;0;0
881944;1.72;0.89;52.0;2748.0;18.75;82.5;30.0;3.92;15.97;14.48;241.31;316.60;2.31;95130.0;53.0;53.0;47.0;4524.0;1012.66;800.77;4.0;1.0;0;1.0;0;0;1.0;0;0;1.0;0;0;1.0;1.0;0;0;0;0;0
882466;1.68;0.89;53.0;2780.0;18.75;82.5;30.75;3.92;15.63;14.48;283.39;345.87;2.31;95130.0;53.0;53.0;47.0;4519.0;1012.70;761.70;4.0;1.0;0;1.0;0;0;1.0;0;0;1.0;0;0;1.0;1.0;0;0;0;0;0
883034;1.44;0.87;53.0;2800.0;18.75;82.5;30.75;3.13;13.45;14.48;321.79;352.96;2.31;95130.0;54.0;54.0;47.0;4521.0;1012.66;800.77;4.0;1.0;0;1.0;0;0;1.0;0;0;1.0;0;0;1.0;1.0;0;0;0;0;0
883554;1.14;0.87;53.0;2770.0;18.75;82.5;30.0;1.96;10.80;14.48;339.82;355.91;2.31;95130.0;53.0;53.0;47.0;4531.0;1012.70;859.36;4.0;1.0;0;1.0;0;0;1.0;0;0;1.0;0;0;1.0;1.0;0;0;0;0;0
884370;1.02;0.85;52.0;2720.0;18.75;82.5;30.0;1.56;9.82;14.48;331.09;350.23;2.31;95130.0;53.0;53.0;47.0;4521.0;1012.66;859.36;4.0;1.0;0;1.0;0;0;1.0;0;0;1.0;0;0;1.0;1.0;0;0;0;0;0
885044;1.34;0.83;51.0;2706.0;18.75;82.5;29.25;2.74;12.78;14.39;330.64;352.71;2.31;95130.0;52.0;52.0;47.0;4497.0;1012.63;429.68;4.0;1.0;0;1.0;0;0;1.0;0;0;1.0;0;0;1.0;1.0;0;0;0;0;0
885644;1.59;0.84;51.0;2680.0;18.75;83.25;29.25;3.52;15.19;14.29;346.03;349.09;2.58;95130.0;52.0;52.0;46.0;4510.0;1012.63;19.53;4.0;1.0;0;1.0;0;0;1.0;0;0;1.0;0;0;1.0;1.0;0;0;0;0;0
886206;2.48;1.00;52.0;2727.0;18.75;83.25;29.25;5.49;19.57;14.48;342.55;341.63;2.31;95130.0;52.0;52.0;46.0;4497.0;1012.63;878.89;4.0;1.0;0;1.0;0;0;1.0;0;0;1.0;0;0;1.0;1.0;0;0;0;0;0
886724;1.83;0.97;52.0;2755.0;18.75;83.25;30.0;3.92;15.46;14.58;324.90;322.16;2.31;95130.0;53.0;53.0;46.0;4538.0;1012.66;878.89;4.0;1.0;0;1.0;0;0;1.0;0;0;1.0;0;0;1.0;1.0;0;0;0;0;0
887234;1.29;0.98;52.0;2750.0;18.75;83.25;30.0;1.96;10.89;14.48;326.09;305.13;2.31;95130.0;53.0;53.0;46.0;4523.0;1012.74;898.42;4.0;1.0;0;1.0;0;0;1.0;0;0;1.0;0;0;1.0;1.0;0;0;0;0;0
887754;1.62;0.97;52.0;2710.0;18.75;83.25;30.0;3.13;13.52;14.48;310.23;267.83;2.31;95130.0;53.0;53.0;46.0;4509.0;1012.74;898.42;4.0;1.0;0;1.0;0;0;1.0;0;0;1.0;0;0;1.0;1.0;0;0;0;0;0
888274;1.61;0.95;52.0;2719.0;18.75;83.25;30.0;3.13;13.71;14.48;328.51;219.94;2.31;95130.0;52.0;53.0;46.0;4515.0;1012.78;878.89;4.0;1.0;0;1.0;0;0;1.0;0;0;1.0;0;0;1.0;1.0;0;0;0;0;0
888794;1.64;0.93;52.0;2749.0;18.75;83.25;30.0;3.52;14.22;14.48;344.76;270.93;2.31;95130.0;52.0;53.0;46.0;4505.0;1012.70;859.36;4.0;1.0;0;1.0;0;0;1.0;0;0;1.0;0;0;1.0;1.0;0;0;0;0;0
889314;1.68;0.91;52.0;2745.0;18.75;83.25;30.0;3.52;14.92;14.48;355.56;317.22;2.31;95130.0;53.0;53.0;46.0;4511.0;1012.78;839.83;4.0;1.0;0;1.0;0;0;1.0;0;0;1.0;0;0;1.0;1.0;0;0;0;0;0
889834;1.64;0.89;52.0;2740.0;18.75;83.25;30.0;3.52;14.94;14.48;356.38;335.85;2.31;95130.0;53.0;53.0;46.0;4509.0;1012.78;781.24;4.0;1.0;0;1.0;0;0;1.0;0;0;1.0;0;0;1.0;1.0;0;0;0;0;0
890354;1.60;0.87;53.0;2755.0;18.75;83.25;30.75;3.52;15.02;14.48;336.28;330.52;2.31;95130.0;53.0;53.0;46.0;4520.0;1012.82;78.12;4.0;1.0;0;1.0;0;0;1.0;0;0;1.0;0;0;1.0;1.0;0;0;0;0;0
890874;2.28;0.89;53.0;2793.0;18.75;83.25;30.75;5.49;19.21;14.48;348.29;324.80;2.31;95130.0;53.0;54.0;46.0;4487.0;1012.82;800.77;4.0;1.0;0;1.0;0;0;1.0;0;0;1.0;0;0;1.0;1.0;0;0;0;0;0
891394;2.14;0.88;53.0;2829.0;18.75;83.25;31.5;5.49;19.64;14.48;344.84;342.75;2.31;95131.0;54.0;54.0;46.0;4517.0;1012.74;781.24;4.0;1.0;0;1.0;0;0;1.0;0;0;1.0;0;0;1.0;1.0;0;0;0;0;0
891914;1.95;0.87;55.0;2870.0;18.75;83.25;32.25;5.49;18.17;14.48;347.43;329.97;2.31;95131.0;55.0;55.0;46.0;4527.0;1012.82;78.12;4.0;1.0;0;1.0;0;0;1.0;0;0;1.0;0;0;1.0;1.0;0;0;0;0;0
892338;1.90;0.90;56.0;2899.0;18.75;83.25;33.0;4.31;17.13;14.48;321.30;301.01;2.31;95131.0;56.0;56.0;46.0;4526.0;1012.74;624.99;4.0;1.0;0;1.0;0;0;1.0;0;0;1.0;0;0;1.0;1.0;0;0;0;0;0
892858;1.59;0.90;56.0;2912.0;18.75;83.25;33.0;3.52;14.35;14.39;253.51;244.49;2.31;95131.0;56.0;56.0;46.0;4524.0;1012.78;878.89;4.0;1.0;0;1.0;0;0;1.0;0;0;1.0;0;0;1.0;1.0;0;0;0;0;0
893378;1.42;0.88;56.0;2925.0;18.75;83.25;33.0;3.13;13.02;14.48;220.66;235.76;2.31;95131.0;56.0;56.0;46.0;4514.0;1012.70;839.83;4.0;1.0;0;1.0;0;0;1.0;0;0;1.0;0;0;1.0;1.0;0;0;0;0;0
893898;1.39;0.86;56.0;2905.0;18.75;83.25;32.25;3.13;12.97;14.48;230.72;213.18;2.31;95131.0;56.0;56.0;46.0;4509.0;1012.74;742.17;4.0;1.0;0;1.0;0;0;1.0;0;0;1.0;0;0;1.0;1.0;0;0;0;0;0
894418;1.33;0.85;55.0;2901.0;18.75;83.25;32.25;3.13;12.63;14.48;294.29;296.36;2.31;95131.0;55.0;55.0;46.0;4516.0;1012.70;136.71;4.0;1.0;0;1.0;0;0;1.0;0;0;1.0;0;0;1.0;1.0;0;0;0;0;0
894938;1.64;0.87;55.0;2852.0;18.75;83.25;31.5;3.92;15.30;14.58;308.86;322.32;2.31;95131.0;55.0;55.0;46.0;4500.0;1012.66;58.59;4.0;1.0;0;1.0;0;0;1.0;0;0;1.0;0;0;0;1.0;0;0;0;0;0
895458;1.76;0.89;55.0;2862.0;18.75;83.25;32.25;3.92;15.89;14.39;328.51;319.66;2.31;95131.0;55.0;55.0;46.0;4513.0;1012.63;644.52;4.0;1.0;0;1.0;0;0;1.0;0;0;1.0;0;0;1.0;1.0;0;0;0;0;0
895978;1.73;0.89;55.0;2874.0;18.75;83.25;32.25;4.31;15.82;14.48;306.58;327.38;2.31;95131.0;56.0;55.0;46.0;4513.0;1012.70;820.30;4.0;1.0;0;1.0;0;0;1.0;0;0;1.0;0;0;1.0;1.0;0;0;0;0;0
896498;1.68;0.87;56.0;2919.0;18.75;83.25;33.0;4.31;15.73;14.48;323.18;350.89;2.31;95131.0;56.0;56.0;46.0;4512.0;1012.66;136.71;4.0;1.0;0;1.0;0;0;1.0;0;0;1.0;0;0;1.0;1.0;0;0;0;0;0
897018;1.74;0.89;56.0;2905.0;18.75;83.25;33.0;4.31;15.73;14.58;316.52;328.08;2.31;95131.0;56.0;56.0;46.0;4512.0;1012.63;800.77;4.0;1.0;0;1.0;0;0;1.0;0;0;1.0;0;0;1.0;1.0;0;0;0;0;0
897528;1.72;0.88;56.0;2929.0;18.75;83.25;33.0;4.31;15.66;14.39;287.44;311.48;2.31;95131.0;56.0;57.0;46.0;4532.0;1012.70;839.83;4.0;1.0;0;1.0;0;0;1.0;0;0;1.0;0;0;1.0;1.0;0;0;0;0;0
898048;1.66;0.86;56.0;2937.0;18.75;83.25;33.0;4.31;15.62;14.48;267.44;265.86;2.31;95131.0;56.0;57.0;46.0;4507.0;1012.70;117.18;4.0;1.0;0;1.0;0;0;1.0;0;0;1.0;0;0;1.0;1.0;0;0;0;0;0
898568;1.68;0.89;56.0;2980.0;18.75;83.25;33.0;4.31;15.39;14.29;201.76;262.09;2.58;95131.0;57.0;57.0;46.0;4523.0;1012.66;175.77;4.0;1.0;0;1.0;0;0;1.0;0;0;1.0;0;0;1.0;1.0;0;0;0;0;0
899088;1.72;0.90;57.0;2982.0;18.75;83.25;33.75;4.31;15.55;14.58;182.68;211.23;2.31;95131.0;57.0;57.0;46.0;4503.0;1012.74;820.30;4.0;1.0;0;1.0;0;0;1.0;0;0;1.0;0;0;1.0;1.0;0;0;0;0;0
899608;1.64;0.87;57.0;2969.0;18.75;83.25;33.75;3.92;15.34;14.48;201.56;220.59;2.31;95131.0;58.0;57.0;46.0;4514.0;1012.66;468.74;4.0;1.0;0;1.0;0;0;1.0;0;0;1.0;0;0;1.0;1.0;0;0;0;0;0
900128;1.63;0.87;57.0;2985.0;18.75;82.5;33.75;3.92;15.25;14.48;280.27;287.16;2.31;95131.0;57.0;57.0;47.0;4512.0;1012.66;781.24;4.0;1.0;0;1.0;0;0;1.0;0;0;1.0;0;0;1.0;1.0;0;0;0;0;0
900658;1.62;0.87;57.0;2984.0;18.75;82.5;33.75;3.92;15.25;14.48;320.15;325.97;2.31;95131.0;57.0;57.0;47.0;4515.0;1012.63;761.70;4.0;1.0;0;1.0;0;0;1.0;0;0;1.0;0;0;1.0;1.0;0;0;0;0;0
901218;1.64;0.87;57.0;2957.0;18.75;82.5;33.75;3.92;15.40;14.48;340.31;342.18;2.31;95131.0;57.0;57.0;47.0;4504.0;1012.63;742.17;4.0;1.0;0;1.0;0;0;1.0;0;0;1.0;0;0;1.0;1.0;0;0;0;0;0
901748;1.60;0.88;57.0;3006.0;18.75;82.5;34.5;3.92;14.65;14.48;354.05;349.76;2.31;95131.0;57.0;58.0;47.0;4510.0;1012.66;175.77;4.0;1.0;0;1.0;0;0;1.0;0;0;1.0;0;0;1.0;1.0;0;0;0;0;0
902348;1.67;0.90;57.0;2952.0;18.75;82.5;33.75;3.92;15.07;14.58;305.95;288.10;2.31;95131.0;57.0;57.0;47.0;4508.0;1012.63;839.83;4.0;1.0;0;1.0;0;0;1.0;0;0;1.0;0;0;1.0;1.0;0;0;0;0;0
902868;1.61;0.88;57.0;2976.0;18.75;82.5;33.75;3.92;14.79;14.48;258.77;252.64;2.31;95131.0;57.0;57.0;47.0;4513.0;1012.63;488.27;4.0;1.0;0;1.0;0;0;1.0;0;0;1.0;0;0;1.0;1.0;0;0;0;0;0
903388;1.60;0.88;57.0;2989.0;18.75;82.5;33.75;3.92;14.73;14.48;308.74;308.59;2.31;95131.0;58.0;58.0;47.0;4511.0;1012.63;253.90;4.0;1.0;0;1.0;0;0;1.0;0;0;1.0;0;0;1.0;1.0;0;0;0;0;0
903908;1.61;0.88;57.0;2999.0;18.75;82.5;34.5;3.92;14.84;14.48;339.72;339.66;2.31;95131.0;58.0;58.0;47.0;4515.0;1012.59;800.77;4.0;1.0;0;1.0;0;0;1.0;0;0;1.0;0;0;1.0;1.0;0;0;0;0;0
904418;1.52;0.87;57.0;2984.0;18.75;82.5;33.75;3.52;14.16;14.48;352.49;351.75;2.31;95131.0;58.0;57.0;47.0;4516.0;1012.59;175.77;4.0;1.0;0;1.0;0;0;1.0;0;0;1.0;0;0;1.0;1.0;0;0;0;0;0
904938;1.43;0.88;57.0;2961.0;18.75;82.5;33.75;3.13;13.34;14.48;339.82;321.99;2.31;95131.0;57.0;57.0;47.0;4523.0;1012.59;800.77;4.0;1.0;0;1.0;0;0;1.0;0;0;1.0;0;0;1.0;1.0;0;0;0;0;0
905458;1.33;0.86;56.0;2947.0;18.75;82.5;33.0;3.13;12.57;14.48;179.48;179.26;2.31;95131.0;56.0;57.0;47.0;4509.0;1012.66;742.17;4.0;1.0;0;1.0;0;0;1.0;0;0;1.0;0;0;1.0;1.0;0;0;0;0;0
905978;1.18;0.84;56.0;2934.0;18.75;82.5;33.0;2.35;11.25;14.58;248.46;263.81;2.31;95131.0;56.0;56.0;47.0;4509.0;1012.66;859.36;4.0;1.0;0;1.0;0;0;1.0;0;0;1.0;0;0;1.0;1.0;0;0;0;0;0
906497;1.08;0.83;56.0;2870.0;18.75;82.5;32.25;1.96;10.57;14.48;306.21;300.56;2.31;95131.0;56.0;56.0;47.0;4516.0;1012.70;742.17;4.0;1.0;0;1.0;0;0;1.0;0;0;1.0;0;0;1.0;1.0;0;0;0;0;0
907018;1.08;0.83;55.0;2853.0;18.75;82.5;32.25;1.96;10.75;14.48;325.83;335.31;2.31;95131.0;55.0;55.0;47.0;4512.0;1012.66;234.37;4.0;1.0;0;1.0;0;0;1.0;0;0;1.0;0;0;1.0;1.0;0;0;0;0;0
907538;1.04;0.84;53.0;2810.0;18.75;82.5;31.5;1.96;10.69;14.48;337.86;340.23;2.31;95131.0;54.0;54.0;47.0;4510.0;1012.63;761.70;4.0;1.0;0;1.0;0;0;1.0;0;0;1.0;0;0;1.0;1.0;0;0;0;0;0
908058;1.10;0.83;53.0;2765.0;18.75;82.5;30.75;1.96;10.81;14.29;345.21;312.18;2.58;95131.0;53.0;53.0;47.0;4512.0;1012.63;136.71;4.0;1.0;0;1.0;0;0;1.0;0;0;1.0;0;0;1.0;1.0;0;0;0;0;0
908578;1.20;0.84;52.0;2763.0;18.75;82.5;30.0;2.35;11.56;14.48;344.37;334.54;2.31;95131.0;53.0;53.0;47.0;4503.0;1012.63;117.18;4.0;1.0;0;1.0;0;0;1.0;0;0;1.0;0;0;1.0;1.0;0;0;0;0;0
909098;1.44;0.86;52.0;2722.0;18.75;82.5;30.0;3.13;13.45;14.58;355.89;281.91;2.31;95131.0;52.0;52.0;47.0;4502.0;1012.66;39.06;4.0;1.0;0;1.0;0;0;1.0;0;0;1.0;0;0;1.0;1.0;0;0;0;0;0
909608;1.74;0.88;51.0;2677.0;18.75;82.5;29.25;3.92;15.82;14.39;351.93;302.53;2.31;95131.0;51.0;52.0;47.0;4499.0;1012.63;39.06;4.0;1.0;0;1.0;0;0;1.0;0;0;1.0;0;0;1.0;1.0;0;0;0;0;0
910128;1.80;0.90;52.0;2705.0;18.75;82.5;29.25;3.92;16.04;14.48;346.14;318.24;2.31;95131.0;52.0;52.0;47.0;4511.0;1012.63;58.59;4.0;1.0;0;1.0;0;0;1.0;0;0;1.0;0;0;1.0;1.0;0;0;0;0;0
910648;1.88;0.93;52.0;2729.0;18.75;82.5;30.0;4.31;16.45;14.48;339.80;324.00;2.31;95131.0;52.0;53.0;47.0;4512.0;1012.63;585.93;4.0;1.0;0;1.0;0;0;1.0;0;0;1.0;0;0;1.0;1.0;0;0;0;0;0
911168;1.88;0.93;52.0;2731.0;18.75;82.5;30.0;4.31;16.42;14.48;309.39;281.64;2.31;95131.0;52.0;53.0;47.0;4509.0;1012.59;839.83;4.0;1.0;0;1.0;0;0;1.0;0;0;1.0;0;0;1.0;1.0;0;0;0;0;0
911688;1.82;0.90;53.0;2755.0;18.75;82.5;30.0;4.31;16.19;14.58;333.45;323.04;2.31;95131.0;53.0;53.0;47.0;4511.0;1012.66;644.52;4.0;1.0;0;1.0;0;0;1.0;0;0;1.0;0;0;1.0;1.0;0;0;0;0;0
912208;1.74;0.88;53.0;2803.0;18.75;82.5;30.75;4.31;16.07;14.58;331.40;345.15;2.31;95131.0;54.0;54.0;47.0;4517.0;1012.66;78.12;4.0;1.0;0;1.0;0;0;1.0;0;0;1.0;0;0;1.0;1.0;0;0;0;0;0
912728;1.82;0.90;53.0;2812.0;18.75;82.5;30.75;4.31;16.39;14.48;335.93;352.08;2.31;95131.0;54.0;54.0;47.0;4514.0;1012.63;136.71;4.0;1.0;0;1.0;0;0;1.0;0;0;1.0;0;0;1.0;1.0;0;0;0;0;0
913248;1.51;0.92;53.0;2787.0;18.75;82.5;30.75;3.13;13.65;14.48;338.70;351.67;2.31;95131.0;54.0;54.0;47.0;4527.0;1012.63;859.36;4.0;1.0;0;1.0;0;0;1.0;0;0;1.0;0;0;1.0;1.0;0;0;0;0;0
913768;1.09;0.90;53.0;2763.0;18.75;82.5;30.75;1.96;10.39;14.48;344.64;339.27;2.31;95131.0;54.0;53.0;47.0;4522.0;1012.63;898.42;4.0;1.0;0;1.0;0;0;1.0;0;0;1.0;0;0;1.0;1.0;0;0;0;0;0
914298;1.32;0.88;52.0;2808.0;18.75;82.5;30.75;2.74;12.04;14.39;316.77;329.72;2.31;95131.0;53.0;53.0;47.0;4528.0;1012.59;859.36;4.0;1.0;0;1.0;0;0;1.0;0;0;1.0;0;0;1.0;1.0;0;0;0;0;0
914848;1.47;0.86;52.0;2727.0;18.75;82.5;30.0;3.13;13.73;14.48;343.39;338.02;2.31;95131.0;53.0;52.0;47.0;4506.0;1012.66;117.18;4.0;1.0;0;1.0;0;0;1.0;0;0;1.0;0;0;1.0;1.0;0;0;0;0;0
915368;2.17;0.88;52.0;2739.0;18.75;82.5;30.0;5.88;19.78;14.39;340.58;262.52;2.31;95131.0;52.0;52.0;47.0;4479.0;1012.63;39.06;4.0;1.0;0;1.0;0;0;1.0;0;0;1.0;0;0;1.0;1.0;0;0;0;0;0
915888;2.32;0.91;53.0;2777.0;18.75;82.5;30.75;6.27;20.60;14.48;306.24;235.66;2.31;95131.0;53.0;53.0;47.0;4502.0;1012.63;117.18;4.0;1.0;0;1.0;0;0;1.0;0;0;1.0;0;0;1.0;1.0;0;0;0;0;0
916408;2.50;0.94;55.0;2816.0;18.75;82.5;31.5;6.66;21.78;14.48;274.82;214.94;2.31;95131.0;54.0;55.0;47.0;4516.0;1012.63;859.36;4.0;1.0;0;1.0;0;0;1.0;0;0;1.0;0;0;1.0;1.0;0;0;0;0;0
916929;2.44;0.90;55.0;2859.0;18.75;82.5;32.25;6.66;22.04;14.20;276.93;219.81;2.58;95131.0;55.0;55.0;47.0;4522.0;1012.59;839.83;4.0;1.0;0;1.0;0;0;1.0;0;0;1.0;0;0;1.0;1.0;0;0;0;0;0
917458;2.04;0.86;56.0;2893.0;18.75;82.5;32.25;5.88;19.41;14.29;316.11;228.98;2.58;95131.0;56.0;56.0;47.0;4540.0;1012.59;58.59;4.0;1.0;0;1.0;0;0;1.0;0;0;1.0;0;0;1.0;1.0;0;0;0;0;0
918018;2.05;0.90;56.0;2908.0;18.75;82.5;33.0;5.49;18.62;14.48;335.89;292.93;2.31;95131.0;56.0;56.0;47.0;4512.0;1012.59;703.11;4.0;1.0;0;1.0;0;0;1.0;0;0;1.0;0;0;1.0;1.0;0;0;0;0;0
918538;1.72;0.88;56.0;2939.0;18.75;82.5;33.0;4.31;15.91;14.58;347.75;313.82;2.31;95131.0;56.0;56.0;47.0;4517.0;1012.59;273.43;4.0;1.0;0;1.0;0;0;1.0;0;0;1.0;0;0;1.0;1.0;0;0;0;0;0
919098;1.78;0.91;56.0;2927.0;18.75;82.5;33.0;4.31;16.13;14.48;350.15;310.21;2.31;95131.0;56.0;56.0;47.0;4512.0;1012.59;546.86;4.0;1.0;0;1.0;0;0;1.0;0;0;1.0;0;0;1.0;1.0;0;0;0;0;0
919668;2.27;0.92;56.0;2924.0;18.75;82.5;33.0;5.88;19.91;14.39;339.17;343.43;2.31;95131.0;56.0;57.0;47.0;4505.0;1012.59;859.36;4.0;1.0;0;1.0;0;0;1.0;0;0;1.0;0;0;1.0;1.0;0;0;0;0;0
920188;1.91;0.89;56.0;2910.0;18.75;82.5;33.0;5.09;17.41;14.48;331.97;324.72;2.31;95131.0;56.0;56.0;47.0;4512.0;1012.59;781.24;4.0;1.0;0;1.0;0;0;1.0;0;0;1.0;0;0;1.0;1.0;0;0;0;0;0
920708;2.54;0.89;56.0;2913.0;18.75;82.5;33.0;7.45;22.53;14.58;292.65;327.63;2.31;95131.0;56.0;56.0;47.0;4505.0;1012.59;781.24;4.0;1.0;0;1.0;0;0;1.0;0;0;1.0;0;0;1.0;1.0;0;0;0;0;0
921218;2.49;0.88;57.0;2965.0;18.75;82.5;33.0;7.84;23.12;14.39;306.79;313.82;2.31;95131.0;56.0;57.0;47.0;4528.0;1012.59;117.18;4.0;1.0;0;1.0;0;0;1.0;0;0;1.0;0;0;1.0;1.0;0;0;0;0;0
921738;2.44;0.92;57.0;3002.0;18.75;82.5;33.75;6.66;21.58;14.39;219.08;230.16;2.31;95131.0;57.0;58.0;47.0;4512.0;1012.59;800.77;4.0;1.0;0;1.0;0;0;1.0;0;0;1.0;0;0;1.0;1.0;0;0;0;0;0
922258;3.08;0.98;58.0;3035.0;18.75;82.5;32.25;9.41;24.98;14.48;291.64;293.53;2.31;95131.0;58.0;58.0;47.0;4506.0;1012.59;859.36;4.0;1.0;0;1.0;0;0;1.0;0;0;1.0;0;0;1.0;1.0;0;0;0;0;0
922828;2.83;0.93;60.0;3113.0;18.75;82.5;33.0;9.02;24.64;14.48;202.70;213.15;2.31;95131.0;59.0;60.0;47.0;4506.0;1012.59;781.24;4.0;1.0;0;1.0;0;0;1.0;0;0;0;0;0;1.0;1.0;0;0;0;0;0
923348;3.39;0.98;61.0;3196.0;18.75;82.5;30.0;13.33;27.03;14.48;264.67;271.42;2.31;95131.0;61.0;62.0;47.0;4509.0;1012.59;800.77;4.0;1.0;0;1.0;0;0;1.0;0;0;0;0;0;1.0;1.0;0;0;0;0;0
923868;4.36;0.97;63.0;3289.0;18.75;82.5;24.75;20.78;32.93;14.39;312.87;318.02;2.31;95131.0;62.0;63.0;47.0;4522.0;1012.59;742.17;4.0;1.0;0;1.0;0;0;1.0;0;0;0;0;0;1.0;1.0;0;0;0;0;0
924388;5.45;1.01;66.0;3459.0;18.75;82.5;18.75;27.45;39.22;14.48;325.52;348.80;2.31;95131.0;65.0;67.0;47.0;4522.0;1012.59;195.31;4.0;1.0;0;1.0;0;0;1.0;0;0;0;0;0;1.0;1.0;0;0;0;0;0
924898;6.03;1.04;70.0;3666.0;18.75;82.5;17.25;29.80;41.09;14.39;328.02;351.38;2.31;95131.0;69.0;70.0;47.0;4564.0;1012.59;820.30;4.0;1.0;0;1.0;0;0;1.0;0;0;0;0;0;1.0;1.0;0;0;0;0;0
925468;5.52;0.96;75.0;3865.0;18.75;82.5;19.5;29.41;41.49;14.39;307.51;353.45;2.31;95131.0;74.0;75.0;47.0;4575.0;1012.59;703.11;4.0;1.0;0;1.0;0;0;1.0;0;0;0;0;0;1.0;1.0;0;0;0;0;0
925988;5.10;0.94;78.0;4065.0;18.75;82.5;23.25;27.06;40.31;14.48;334.25;338.27;2.31;95131.0;77.0;79.0;47.0;4569.0;1012.59;742.17;4.0;1.0;0;1.0;0;0;1.0;0;0;0;0;0;1.0;1.0;0;0;0;0;0
926518;6.33;1.00;81.0;4224.0;18.75;82.5;19.5;32.16;43.03;14.58;300.82;292.42;2.31;95131.0;80.0;82.0;47.0;4549.0;1012.47;722.64;4.0;1.0;0;1.0;0;0;1.0;0;0;0;0;0;1.0;1.0;0;0;0;0;0
927078;6.12;1.01;86.0;4497.0;18.75;82.5;19.5;36.47;43.51;14.48;308.55;306.34;2.31;95131.0;84.0;86.0;47.0;4553.0;1012.35;234.37;4.0;1.0;0;1.0;0;0;1.0;0;0;0;0;0;1.0;1.0;0;0;0;0;0
927638;6.40;1.03;90.0;4669.0;18.75;82.5;20.25;38.43;43.89;14.48;309.58;307.08;2.31;95131.0;89.0;91.0;47.0;4523.0;1012.12;624.99;4.0;1.0;0;1.0;0;0;1.0;0;0;0;0;0;1.0;1.0;0;0;0;0;0
928147;5.08;1.00;93.0;4856.0;18.75;82.5;27.75;31.37;37.18;14.48;330.46;224.59;2.31;95131.0;92.0;93.0;47.0;4537.0;1012.12;19.53;4.0;1.0;0;1.0;0;0;1.0;0;0;0;0;0;1.0;1.0;0;0;0;0;0
928667;0;1.00;95.0;4963.0;18.75;82.5;42.75;0;4.24;14.39;287.67;197.31;2.31;95131.0;95.0;96.0;47.0;4459.0;1012.00;898.42;4.0;1.0;0;1.0;0;0;1.0;0;0;0;0;0;1.0;1.0;0;0;0;0;0
929187;5.28;1.00;97.0;4451.0;18.75;82.5;27.75;25.88;37.00;14.48;320.68;156.65;2.31;95131.0;96.0;97.0;47.0;4565.0;1012.00;605.46;5.0;1.0;0;1.0;0;0;1.0;0;0;0;0;0;1.0;1.0;0;0;0;0;0
929707;5.0;1.07;100.0;4595.0;18.75;82.5;30.0;25.49;35.46;14.48;326.77;213.54;2.31;95131.0;98.0;100.0;47.0;4551.0;1011.96;722.64;5.0;1.0;0;1.0;0;0;1.0;0;0;0;0;0;1.0;1.0;0;0;0;0;0
930227;4.70;1.07;101.0;4657.0;18.75;82.5;32.25;23.53;33.17;14.48;349.54;269.04;2.31;95131.0;100.0;101.0;47.0;4529.0;1012.00;449.21;5.0;1.0;0;1.0;0;0;1.0;0;0;0;0;0;1.0;1.0;0;0;0;0;0
930756;3.49;1.01;102.0;4731.0;18.75;82.5;38.25;16.86;26.63;14.48;352.39;324.95;2.31;95131.0;101.0;103.0;47.0;4501.0;1011.88;781.24;5.0;1.0;0;1.0;0;0;1.0;0;0;0;0;0;1.0;1.0;0;0;0;0;0
931307;4.36;1.00;103.0;4789.0;18.75;82.5;33.0;23.53;31.91;14.48;357.08;340.72;2.31;95131.0;102.0;104.0;47.0;4505.0;1011.69;39.06;5.0;1.0;0;1.0;0;0;1.0;0;0;0;0;0;1.0;1.0;0;0;0;0;0
931827;3.23;0.97;103.0;4404.0;18.75;81.75;39.75;12.15;24.27;14.48;350.58;293.96;2.31;95131.0;103.0;104.0;47.0;4445.0;1011.80;761.70;6.0;1.0;0;1.0;0;0;1.0;0;0;0;0;0;1.0;1.0;0;0;0;0;0
932347;3.76;0.95;105.0;4450.0;18.75;81.75;34.5;18.43;29.44;14.48;349.33;308.73;2.31;95131.0;103.0;105.0;47.0;4560.0;1011.73;78.12;6.0;1.0;0;1.0;0;0;1.0;0;0;0;0;0;1.0;1.0;0;0;0;0;0
932867;3.94;1.05;106.0;4453.0;18.75;81.75;33.75;18.82;30.38;14.58;311.62;337.69;2.31;95131.0;104.0;106.0;47.0;4534.0;1011.65;214.84;6.0;1.0;0;1.0;0;0;1.0;0;0;0;0;0;1.0;1.0;0;0;0;0;0
933437;2.56;0.95;106.0;4473.0;18.75;81.75;42.0;9.80;21.82;14.48;321.65;331.20;2.31;95131.0;106.0;106.0;47.0;4450.0;1011.77;800.77;6.0;1.0;0;1.0;0;0;1.0;0;0;0;0;0;1.0;1.0;0;0;0;0;0
934037;2.28;0.87;105.0;4461.0;18.75;81.75;43.5;9.02;20.53;14.48;265.25;321.52;2.31;95131.0;105.0;106.0;47.0;4484.0;1011.77;117.18;6.0;1.0;0;1.0;0;0;1.0;0;0;0;0;0;1.0;1.0;0;0;0;0;0
934587;2.37;0.92;105.0;4430.0;18.75;81.75;43.5;9.02;20.37;14.48;228.83;236.33;2.31;95131.0;104.0;105.0;47.0;4496.0;1011.77;820.30;6.0;1.0;0;1.0;0;0;1.0;0;0;0;0;0;1.0;1.0;0;0;0;0;0
935158;3.41;0.97;105.0;4464.0;18.75;81.75;37.5;14.51;26.32;14.39;230.45;267.93;2.31;95131.0;104.0;105.0;47.0;4571.0;1011.73;97.65;6.0;1.0;0;1.0;0;0;1.0;0;0;0;0;0;1.0;1.0;0;0;0;0;0
935677;3.31;1.03;105.0;4475.0;18.75;81.75;39.0;13.33;24.98;14.58;296.54;300.78;2.31;95131.0;105.0;106.0;47.0;4543.0;1011.80;839.83;6.0;1.0;0;1.0;0;0;1.0;0;0;0;0;0;1.0;1.0;0;0;0;0;0
936198;3.09;0.97;106.0;4473.0;18.75;81.75;39.75;12.94;24.77;14.48;336.59;321.63;2.31;95131.0;105.0;106.0;47.0;4518.0;1011.80;429.68;6.0;1.0;0;1.0;0;0;1.0;0;0;0;0;0;1.0;1.0;0;0;0;0;0
936718;2.82;0.99;106.0;4486.0;18.75;81.75;42.0;10.19;22.35;14.58;339.49;339.19;2.31;95131.0;105.0;106.0;47.0;4493.0;1011.73;820.30;6.0;1.0;0;1.0;0;0;1.0;0;0;0;0;0;1.0;1.0;0;0;0;0;0
937238;2.44;0.91;106.0;4473.0;18.75;81.75;42.75;9.41;20.93;14.58;345.21;347.53;2.31;95131.0;105.0;106.0;47.0;4490.0;1011.61;566.39;6.0;1.0;0;1.0;0;0;1.0;0;0;0;0;0;1.0;1.0;0;0;0;0;0
937758;2.30;0.91;105.0;4463.0;18.75;81.75;44.25;8.23;19.78;14.48;328.53;334.11;2.31;95131.0;104.0;106.0;47.0;4474.0;1011.69;703.11;6.0;1.0;0;1.0;0;0;1.0;0;0;0;0;0;1.0;1.0;0;0;0;0;0
938277;2.0;0.87;105.0;4451.0;18.75;81.75;45.75;7.84;18.17;14.58;348.68;325.13;2.31;95131.0;104.0;105.0;47.0;4484.0;1011.69;97.65;6.0;1.0;0;1.0;0;0;1.0;0;0;0;0;0;1.0;1.0;0;0;0;0;0
938798;3.05;0.94;105.0;4443.0;18.75;81.75;39.75;12.55;24.52;14.39;328.26;343.29;2.31;95131.0;104.0;105.0;47.0;4550.0;1011.73;195.31;6.0;1.0;0;1.0;0;0;1.0;0;0;0;0;0;1.0;1.0;0;0;0;0;0
939307;2.67;0.97;105.0;4440.0;18.75;81.75;42.0;10.19;21.79;14.48;344.37;311.81;2.31;95131.0;104.0;105.0;47.0;4520.0;1011.77;781.24;6.0;1.0;0;1.0;0;0;1.0;0;0;0;0;0;1.0;1.0;0;0;0;0;0
939828;2.55;0.89;105.0;4445.0;18.75;81.75;42.0;10.58;21.96;14.48;312.14;214.55;2.31;95131.0;104.0;105.0;47.0;4498.0;1011.80;58.59;6.0;1.0;0;1.0;0;0;1.0;0;0;0;0;0;1.0;1.0;0;0;0;0;0
940348;3.15;0.99;105.0;4442.0;18.75;81.75;39.0;12.94;24.86;14.58;216.45;154.09;2.31;95131.0;104.0;105.0;47.0;4543.0;1011.80;781.24;6.0;1.0;0;1.0;0;0;1.0;0;0;0;0;0;1.0;1.0;0;0;0;0;0
940867;2.98;0.96;105.0;4439.0;18.75;81.75;39.75;12.15;24.17;14.39;237.13;207.93;2.31;95131.0;105.0;105.0;47.0;4519.0;1011.80;312.49;6.0;1.0;0;1.0;0;0;1.0;0;0;0;0;0;1.0;1.0;0;0;0;0;0
941388;2.88;0.99;105.0;4475.0;18.75;81.75;41.25;10.58;22.71;14.58;242.26;248.81;2.31;95131.0;104.0;105.0;47.0;4486.0;1011.80;839.83;6.0;1.0;0;1.0;0;0;1.0;0;0;0;0;0;1.0;1.0;0;0;0;0;0
941907;2.50;0.92;105.0;4441.0;18.75;81.75;42.75;9.41;21.11;14.48;315.13;320.29;2.31;95131.0;104.0;105.0;47.0;4495.0;1011.80;800.77;6.0;1.0;0;1.0;0;0;1.0;0;0;0;0;0;1.0;1.0;0;0;0;0;0
942428;2.35;0.91;105.0;4447.0;18.75;81.75;43.5;9.02;20.34;14.48;337.59;343.16;2.31;95131.0;104.0;105.0;47.0;4490.0;1011.80;781.24;6.0;1.0;0;1.0;0;0;1.0;0;0;0;0;0;1.0;1.0;0;0;0;0;0
942948;2.52;0.89;105.0;4437.0;18.75;81.75;42.75;9.80;21.45;14.39;346.61;332.30;2.31;95132.0;103.0;105.0;47.0;4512.0;1011.88;78.12;6.0;1.0;0;1.0;0;0;1.0;0;0;0;0;0;1.0;1.0;0;0;0;0;0
943468;3.09;0.97;105.0;4422.0;18.75;81.75;39.0;12.94;24.89;14.48;329.76;344.76;2.31;95132.0;103.0;105.0;47.0;4551.0;1011.80;234.37;6.0;1.0;0;1.0;0;0;1.0;0;0;0;0;0;1.0;1.0;0;0;0;0;0
943988;3.20;1.01;105.0;4422.0;18.75;81.75;39.75;12.55;24.59;14.48;301.89;347.98;2.31;95132.0;104.0;105.0;47.0;4519.0;1011.88;800.77;6.0;1.0;0;1.0;0;0;1.0;0;0;0;0;0;1.0;1.0;0;0;0;0;0
944507;2.96;0.95;105.0;4417.0;18.75;81.75;39.75;11.76;24.24;14.48;244.84;281.03;2.31;95132.0;104.0;105.0;47.0;4507.0;1011.92;761.70;6.0;1.0;0;1.0;0;0;1.0;0;0;0;0;0;1.0;1.0;0;0;0;0;0
945028;3.59;1.00;105.0;4458.0;18.75;81.75;36.75;15.68;27.50;14.48;239.10;208.63;2.31;95132.0;104.0;105.0;47.0;4556.0;1011.88;781.24;6.0;1.0;0;1.0;0;0;1.0;0;0;0;0;0;1.0;1.0;0;0;0;0;0
945547;3.28;0.98;105.0;4478.0;18.75;81.75;38.25;14.11;25.79;14.48;231.89;210.00;2.31;95132.0;104.0;106.0;47.0;4519.0;1011.88;703.11;6.0;1.0;0;1.0;0;0;1.0;0;0;0;0;0;1.0;1.0;0;0;0;0;0
946058;3.08;0.98;105.0;4481.0;18.75;81.75;39.75;12.15;24.17;14.39;160.14;197.37;2.31;95132.0;104.0;106.0;47.0;4500.0;1011.88;742.17;6.0;1.0;0;1.0;0;0;1.0;0;0;0;0;0;1.0;1.0;0;0;0;0;0
946578;2.84;0.95;106.0;4479.0;18.75;81.75;41.25;11.37;23.17;14.48;152.43;220.12;2.31;95132.0;105.0;106.0;47.0;4495.0;1011.84;839.83;6.0;1.0;0;1.0;0;0;1.0;0;0;0;0;0;1.0;1.0;0;0;0;0;0
947097;2.76;0.94;105.0;4460.0;18.75;81.75;41.25;10.98;22.88;14.48;214.08;271.74;2.31;95132.0;104.0;106.0;47.0;4489.0;1011.92;253.90;6.0;1.0;0;1.0;0;0;1.0;0;0;0;0;0;1.0;1.0;0;0;0;0;0
947618;2.74;0.95;105.0;4440.0;18.75;81.75;41.25;10.58;22.41;14.48;282.93;326.75;2.31;95132.0;104.0;105.0;47.0;4511.0;1011.96;488.27;6.0;1.0;0;1.0;0;0;1.0;0;0;0;0;0;1.0;1.0;0;0;0;0;0
948137;3.35;0.99;105.0;4441.0;18.75;81.75;38.25;14.11;26.07;14.39;326.95;292.46;2.31;95132.0;104.0;105.0;47.0;4555.0;1012.00;820.30;6.0;1.0;0;1.0;0;0;1.0;0;0;0;0;0;1.0;1.0;0;0;0;0;0
948658;3.16;0.99;105.0;4462.0;18.75;81.75;39.75;12.55;24.70;14.58;341.67;316.73;2.31;95132.0;104.0;105.0;47.0;4506.0;1011.96;624.99;6.0;1.0;0;1.0;0;0;1.0;0;0;0;0;0;1.0;1.0;0;0;0;0;0
949178;2.92;0.97;105.0;4461.0;18.75;81.75;40.5;11.37;23.35;14.48;348.53;344.50;2.31;95132.0;104.0;105.0;47.0;4491.0;1011.96;703.11;6.0;1.0;0;1.0;0;0;1.0;0;0;0;0;0;1.0;1.0;0;0;0;0;0
949698;3.28;0.97;105.0;4454.0;18.75;81.75;39.75;12.55;24.62;14.48;343.18;345.19;2.31;95132.0;104.0;105.0;47.0;4509.0;1012.00;820.30;6.0;1.0;0;1.0;0;0;1.0;0;0;0;0;0;1.0;1.0;0;0;0;0;0
950218;3.87;1.01;106.0;4490.0;18.75;81.75;34.5;18.04;29.18;14.48;342.65;328.49;2.31;95132.0;104.0;106.0;47.0;4577.0;1012.08;156.24;6.0;1.0;0;1.0;0;0;1.0;0;0;0;0;0;1.0;1.0;0;0;0;0;0
950740;3.67;1.04;106.0;4490.0;18.75;81.75;36.75;15.68;27.37;14.48;333.04;315.80;2.31;95132.0;105.0;106.0;47.0;4526.0;1012.08;800.77;6.0;1.0;0;1.0;0;0;1.0;0;0;0;0;0;1.0;1.0;0;0;0;0;0
951268;2.92;0.94;106.0;4474.0;18.75;81.75;39.75;12.15;24.17;14.48;321.19;326.65;2.31;95132.0;105.0;106.0;47.0;4489.0;1012.04;800.77;6.0;1.0;0;1.0;0;0;1.0;0;0;0;0;0;1.0;1.0;0;0;0;0;0
951818;2.69;0.94;106.0;4503.0;18.75;81.75;42.0;10.58;22.18;14.48;269.08;322.85;2.31;95132.0;105.0;106.0;47.0;4475.0;1012.04;156.24;6.0;1.0;0;1.0;0;0;1.0;0;0;0;0;0;1.0;1.0;0;0;0;0;0
952337;3.24;0.97;106.0;4478.0;18.75;81.75;39.75;13.72;25.36;14.48;322.77;320.35;2.31;95132.0;105.0;106.0;47.0;4529.0;1012.20;332.02;6.0;1.0;0;1.0;0;0;1.0;0;0;0;0;0;1.0;1.0;0;0;0;0;0
952858;2.96;0.96;106.0;4488.0;18.75;81.75;40.5;11.76;23.77;14.58;337.82;341.48;2.31;95132.0;105.0;106.0;47.0;4516.0;1012.23;234.37;6.0;1.0;0;1.0;0;0;1.0;0;0;0;0;0;1.0;1.0;0;0;0;0;0
953377;2.78;0.97;106.0;4496.0;18.75;81.75;42.0;10.58;22.29;14.48;341.26;340.54;2.31;95132.0;105.0;106.0;47.0;4503.0;1012.20;742.17;6.0;1.0;0;1.0;0;0;1.0;0;0;0;0;0;1.0;1.0;0;0;0;0;0
953898;3.61;1.00;106.0;4483.0;18.75;81.75;38.25;14.51;26.08;14.48;356.11;352.59;2.31;95132.0;105.0;106.0;47.0;4549.0;1012.20;664.05;6.0;1.0;0;1.0;0;0;1.0;0;0;0;0;0;1.0;1.0;0;0;0;0;0
954418;3.12;1.01;106.0;4488.0;18.75;81.75;39.75;12.15;24.04;14.48;351.30;349.43;2.31;95132.0;105.0;106.0;47.0;4514.0;1012.16;839.83;6.0;1.0;0;1.0;0;0;1.0;0;0;0;0;0;1.0;1.0;0;0;0;0;0
954938;2.58;0.92;106.0;4480.0;18.75;81.75;42.0;10.19;21.98;14.48;343.33;355.52;2.31;95132.0;105.0;106.0;47.0;4490.0;1012.16;781.24;6.0;1.0;0;1.0;0;0;1.0;0;0;0;0;0;1.0;1.0;0;0;0;0;0
955458;2.51;0.92;105.0;4471.0;18.75;81.75;42.75;9.80;21.29;14.48;334.25;350.50;2.31;95132.0;105.0;106.0;47.0;4488.0;1012.16;117.18;6.0;1.0;0;1.0;0;0;1.0;0;0;0;0;0;0;1.0;0;0;0;0;0
955977;2.62;0.96;105.0;4460.0;18.75;81.75;42.75;9.80;21.29;14.58;328.49;344.48;2.31;95132.0;104.0;105.0;47.0;4500.0;1012.20;742.17;6.0;1.0;0;1.0;0;0;1.0;0;0;0;0;0;1.0;1.0;0;0;0;0;0
956498;2.52;0.93;105.0;4431.0;18.75;81.75;42.75;9.41;21.34;14.39;305.70;309.21;2.31;95132.0;104.0;105.0;47.0;4511.0;1012.16;371.08;6.0;1.0;0;1.0;0;0;1.0;0;0;0;0;0;1.0;1.0;0;0;0;0;0
957018;2.41;0.92;103.0;4429.0;18.75;81.75;43.5;9.02;20.60;14.48;298.41;197.07;2.31;95132.0;104.0;104.0;47.0;4506.0;1012.27;800.77;6.0;1.0;0;1.0;0;0;1.0;0;0;0;0;0;1.0;1.0;0;0;0;0;0
957538;2.33;0.91;103.0;4373.0;18.75;81.75;43.5;8.62;20.24;14.58;215.92;203.85;2.31;95132.0;103.0;104.0;47.0;4488.0;1012.35;546.86;6.0;1.0;0;1.0;0;0;1.0;0;0;0;0;0;1.0;1.0;0;0;0;0;0
958058;2.17;0.91;102.0;4357.0;18.75;81.75;45.0;7.84;18.92;14.48;182.93;162.64;2.31;95132.0;102.0;103.0;47.0;4499.0;1012.27;683.58;6.0;1.0;0;1.0;0;0;1.0;0;0;0;0;0;1.0;1.0;0;0;0;0;0
958578;2.08;0.89;102.0;4353.0;18.75;81.75;44.25;7.84;18.57;14.39;208.71;168.79;2.31;95132.0;102.0;103.0;47.0;4497.0;1012.23;820.30;6.0;1.0;0;1.0;0;0;1.0;0;0;0;0;0;1.0;1.0;0;0;0;0;0
959088;3.00;0.90;102.0;4323.0;18.75;81.75;38.25;13.33;25.23;14.48;255.88;279.27;2.31;95132.0;101.0;102.0;47.0;4556.0;1012.20;58.59;6.0;1.0;0;1.0;0;0;1.0;0;0;0;0;0;1.0;1.0;0;0;0;0;0
959607;2.93;0.99;102.0;4347.0;18.75;81.75;39.75;11.37;23.61;14.48;317.24;326.75;2.31;95132.0;101.0;102.0;47.0;4532.0;1012.31;859.36;6.0;1.0;0;1.0;0;0;1.0;0;0;0;0;0;1.0;1.0;0;0;0;0;0
960128;2.84;0.94;102.0;4353.0;18.75;81.75;39.75;10.98;23.34;14.48;339.33;342.69;2.31;95132.0;102.0;103.0;47.0;4499.0;1012.31;800.77;6.0;1.0;0;1.0;0;0;1.0;0;0;0;0;0;1.0;1.0;0;0;0;0;0
960698;3.82;1.00;102.0;4392.0;18.75;81.75;35.25;17.25;28.98;14.48;345.13;348.27;2.31;95132.0;102.0;103.0;47.0;4577.0;1012.23;703.11;6.0;1.0;0;1.0;0;0;1.0;0;0;0;0;0;1.0;1.0;0;0;0;0;0
961218;2.68;1.00;103.0;4391.0;18.75;81.75;42.75;9.41;21.27;14.48;327.40;347.02;2.31;95132.0;103.0;103.0;47.0;4464.0;1012.35;859.36;6.0;1.0;0;1.0;0;0;1.0;0;0;0;0;0;1.0;1.0;0;0;0;0;0
961738;2.50;0.92;103.0;4370.0;18.75;81.75;42.75;9.41;21.14;14.48;345.89;348.45;2.31;95132.0;102.0;104.0;47.0;4487.0;1012.31;800.77;6.0;1.0;0;1.0;0;0;1.0;0;0;0;0;0;1.0;1.0;0;0;0;0;0
962258;2.23;0.87;102.0;4331.0;18.75;81.75;42.75;8.62;20.30;14.58;224.71;259.84;2.31;95132.0;102.0;103.0;47.0;4492.0;1012.39;97.65;6.0;1.0;0;1.0;0;0;1.0;0;0;0;0;0;1.0;1.0;0;0;0;0;0
962777;3.36;1.00;102.0;4349.0;18.75;81.75;38.25;13.72;25.75;14.58;220.55;224.82;2.31;95132.0;101.0;103.0;47.0;4552.0;1012.39;800.77;6.0;1.0;0;1.0;0;0;1.0;0;0;0;0;0;1.0;1.0;0;0;0;0;0
963298;2.78;0.93;102.0;4383.0;18.75;81.75;40.5;11.37;23.35;14.48;254.00;181.64;2.31;95132.0;102.0;103.0;47.0;4518.0;1012.35;214.84;6.0;1.0;0;1.0;0;0;1.0;0;0;0;0;0;1.0;1.0;0;0;0;0;0
963818;3.35;0.97;103.0;4388.0;18.75;81.75;37.5;14.51;26.47;14.48;293.36;145.06;2.31;95132.0;102.0;104.0;47.0;4541.0;1012.39;136.71;6.0;1.0;0;1.0;0;0;1.0;0;0;0;0;0;1.0;1.0;0;0;0;0;0
964377;4.06;1.00;105.0;4412.0;18.0;81.75;33.0;19.21;30.94;14.48;313.00;180.10;2.31;95132.0;103.0;105.0;47.0;4566.0;1012.31;78.12;6.0;1.0;0;1.0;0;0;1.0;0;0;0;0;0;1.0;1.0;0;0;0;0;0
964898;3.52;1.00;105.0;4491.0;18.0;81.75;36.75;15.68;27.30;14.58;341.09;263.55;2.31;95132.0;104.0;106.0;47.0;4509.0;1012.39;800.77;6.0;1.0;0;1.0;0;0;1.0;0;0;0;0;0;1.0;1.0;0;0;0;0;0
965418;4.04;0.99;106.0;4510.0;18.0;81.75;34.5;18.04;29.50;14.48;301.26;324.29;2.31;95132.0;105.0;106.0;47.0;4516.0;1012.43;117.18;6.0;1.0;0;1.0;0;0;1.0;0;0;0;0;0;1.0;1.0;0;0;0;0;0
965938;3.71;1.05;106.0;4540.0;18.0;81.75;36.75;15.68;27.26;14.58;340.15;347.53;2.31;95132.0;106.0;107.0;47.0;4513.0;1012.23;722.64;6.0;1.0;0;1.0;0;0;1.0;0;0;0;0;0;1.0;1.0;0;0;0;0;0
966458;3.36;1.02;107.0;4553.0;18.0;81.75;39.75;13.72;25.46;14.48;343.29;350.64;2.31;95132.0;106.0;107.0;47.0;4500.0;1012.35;820.30;6.0;1.0;0;1.0;0;0;1.0;0;0;0;0;0;1.0;1.0;0;0;0;0;0
966977;2.83;0.92;107.0;4568.0;18.0;81.75;41.25;11.76;23.91;14.48;345.07;346.79;2.31;95132.0;106.0;108.0;47.0;4489.0;1012.43;820.30;6.0;1.0;0;1.0;0;0;1.0;0;0;0;0;0;1.0;1.0;0;0;0;0;0
967508;3.52;0.95;107.0;4570.0;18.0;81.75;38.25;14.90;26.48;14.58;346.48;325.07;2.31;95132.0;107.0;108.0;47.0;4537.0;1012.31;97.65;6.0;1.0;0;1.0;0;0;1.0;0;0;0;0;0;1.0;1.0;0;0;0;0;0
968068;3.15;1.04;107.0;4584.0;18.0;81.75;40.5;12.55;24.26;14.58;341.36;334.74;2.31;95132.0;107.0;108.0;47.0;4504.0;1012.39;820.30;6.0;1.0;0;1.0;0;0;1.0;0;0;0;0;0;1.0;1.0;0;0;0;0;0
968627;2.57;0.92;107.0;4572.0;18.0;81.75;42.75;10.19;21.72;14.48;337.55;333.88;2.31;95132.0;107.0;108.0;47.0;4489.0;1012.39;781.24;6.0;1.0;0;1.0;0;0;1.0;0;0;0;0;0;1.0;1.0;0;0;0;0;0
969149;0.48;1.00;106.0;4548.0;18.0;81.75;42.0;0;4.29;14.58;256.91;322.83;2.31;95132.0;106.0;105.0;47.0;4390.0;1012.43;664.05;6.0;1.0;0;1.0;0;0;1.0;0;0;0;0;0;1.0;1.0;0;0;0;0;0
969668;0.54;1.00;103.0;4365.0;18.0;81.75;-30.0;0;0;14.48;240.12;308.00;2.31;95132.0;103.0;103.0;47.0;4382.0;1012.27;19.53;6.0;1.0;0;1.0;0;0;1.0;0;0;0;0;0;1.0;1.0;0;0;0;0;0
970187;0.54;1.00;101.0;4270.0;18.0;81.75;-30.0;0;0;14.29;267.05;339.15;2.58;95132.0;101.0;101.0;47.0;4397.0;1012.23;0;6.0;1.0;0;1.0;0;0;1.0;0;0;0;0;0;1.0;1.0;0;0;0;0;0
970708;0.55;1.00;97.0;4132.0;18.0;81.75;-30.0;0;0;14.58;322.42;349.89;2.31;95132.0;98.0;98.0;47.0;4372.0;1012.31;0;6.0;1.0;0;1.0;0;0;1.0;0;0;0;0;0;1.0;1.0;0;0;0;0;0
971227;0.54;1.00;93.0;3975.0;18.0;81.75;-30.0;0;0;14.58;267.65;356.93;2.31;95132.0;94.0;94.0;47.0;4335.0;1012.39;0;6.0;1.0;0;1.0;0;0;1.0;0;0;0;0;0;1.0;1.0;0;0;0;0;0
971748;0.52;1.00;91.0;3818.0;18.0;81.75;-30.0;0;0;14.58;284.08;340.77;2.31;95132.0;91.0;90.0;47.0;4301.0;1012.43;0;6.0;1.0;0;1.0;0;0;1.0;0;0;0;0;0;1.0;1.0;0;0;0;0;0
972268;1.06;1.00;87.0;3714.0;18.0;81.75;42.75;2.35;7.80;14.39;294.86;346.59;2.31;95132.0;88.0;88.0;47.0;4251.0;1012.47;917.95;6.0;1.0;0;1.0;0;0;1.0;0;0;0;0;0;1.0;1.0;0;0;0;0;0
972788;1.19;0.99;86.0;3669.0;18.0;81.75;42.0;2.74;9.57;14.48;331.56;346.28;2.31;95132.0;87.0;87.0;47.0;4381.0;1012.51;917.95;6.0;1.0;0;1.0;0;0;1.0;0;0;0;0;0;1.0;1.0;0;0;0;0;0
973298;2.14;0.97;86.0;3675.0;18.0;81.75;41.25;6.27;17.54;14.48;324.08;330.15;2.31;95132.0;86.0;87.0;47.0;4463.0;1012.51;898.42;6.0;1.0;0;1.0;0;0;1.0;0;0;0;0;0;1.0;1.0;0;0;0;0;0
973817;2.56;0.92;87.0;3715.0;18.0;81.75;39.0;8.23;20.87;14.48;281.27;347.88;2.31;95132.0;87.0;87.0;47.0;4502.0;1012.51;898.42;6.0;1.0;0;1.0;0;0;1.0;0;0;0;0;0;1.0;1.0;0;0;0;0;0
974338;4.48;1.00;87.0;3732.0;18.0;81.75;29.25;19.21;31.86;14.58;289.86;291.56;2.31;95132.0;87.0;88.0;47.0;4554.0;1012.55;859.36;6.0;1.0;0;1.0;0;0;1.0;0;0;0;0;0;1.0;1.0;0;0;0;0;0
974857;5.56;1.00;91.0;3833.0;18.0;81.75;21.75;26.66;40.20;14.48;244.51;268.51;2.31;95132.0;90.0;91.0;47.0;4578.0;1012.55;839.83;6.0;1.0;0;1.0;0;0;1.0;0;0;0;0;0;1.0;1.0;0;0;0;0;0
975377;5.89;0.96;93.0;3980.0;18.0;81.75;18.0;32.16;43.67;14.48;189.59;213.59;2.31;95132.0;93.0;94.0;47.0;4580.0;1012.55;624.99;6.0;1.0;0;1.0;0;0;1.0;0;0;0;0;0;1.0;1.0;0;0;0;0;0
975897;6.00;0.96;97.0;4090.0;18.75;81.75;17.25;34.12;44.68;14.48;244.18;235.92;2.31;95132.0;96.0;97.0;47.0;4581.0;1012.55;488.27;6.0;1.0;0;1.0;0;0;1.0;0;0;0;0;0;1.0;1.0;0;0;0;0;0
976417;6.28;1.02;100.0;4227.0;18.75;81.75;18.0;34.51;44.17;14.48;305.80;285.72;2.31;95132.0;99.0;100.0;47.0;4548.0;1012.55;683.58;6.0;1.0;0;1.0;0;0;1.0;0;0;0;0;0;1.0;1.0;0;0;0;0;0
976940;6.08;1.02;103.0;4370.0;18.75;81.75;20.25;34.12;43.10;14.48;325.50;336.11;2.31;95132.0;101.0;103.0;47.0;4532.0;1012.55;742.17;6.0;1.0;0;1.0;0;0;1.0;0;0;0;0;0;1.0;1.0;0;0;0;0;0
977458;5.54;1.02;106.0;4493.0;18.75;81.75;23.25;31.37;40.55;14.48;351.89;349.25;2.31;95132.0;104.0;106.0;47.0;4524.0;1012.59;722.64;6.0;1.0;0;1.0;0;0;1.0;0;0;0;0;0;1.0;1.0;0;0;0;0;0
977978;5.34;1.05;107.0;4575.0;18.75;81.75;27.75;27.84;38.00;14.58;355.91;353.20;2.31;95133.0;106.0;108.0;47.0;4531.0;1012.66;117.18;6.0;1.0;0;1.0;0;0;1.0;0;0;0;0;0;1.0;1.0;0;0;0;0;0
978498;4.46;1.07;108.0;4606.0;18.75;81.75;33.0;21.96;32.26;14.48;350.09;345.27;2.31;95133.0;107.0;109.0;47.0;4516.0;1012.70;156.24;6.0;1.0;0;1.0;0;0;1.0;0;0;0;0;0;1.0;1.0;0;0;0;0;0
979018;3.46;1.02;110.0;4635.0;18.75;81.75;38.25;15.68;26.71;14.48;266.64;343.02;2.31;95133.0;108.0;110.0;47.0;4502.0;1012.59;800.77;6.0;1.0;0;1.0;0;0;1.0;0;0;0;0;0;1.0;1.0;0;0;0;0;0
979538;3.04;0.99;110.0;4644.0;18.75;81.75;41.25;12.55;23.83;14.58;324.51;325.01;2.31;95133.0;109.0;110.0;47.0;4491.0;1012.66;839.83;6.0;1.0;0;1.0;0;0;1.0;0;0;0;0;0;1.0;1.0;0;0;0;0;0
980057;3.44;0.98;110.0;4676.0;18.75;81.75;39.0;15.68;25.96;14.48;230.72;247.50;2.31;95133.0;109.0;110.0;47.0;4525.0;1012.70;39.06;6.0;1.0;0;1.0;0;0;1.0;0;0;0;0;0;1.0;1.0;0;0;0;0;0
980578;3.57;1.08;110.0;4673.0;18.75;81.75;39.0;14.90;25.56;14.48;186.53;210.55;2.31;95133.0;109.0;110.0;47.0;4530.0;1012.59;859.36;6.0;1.0;0;1.0;0;0;1.0;0;0;0;0;0;1.0;1.0;0;0;0;0;0
981088;2.62;1.00;110.0;4655.0;18.75;81.75;44.25;9.80;20.74;14.58;149.93;206.47;2.31;95133.0;109.0;110.0;47.0;4479.0;1012.66;820.30;6.0;1.0;0;1.0;0;0;1.0;0;0;0;0;0;1.0;1.0;0;0;0;0;0
981609;3.04;0.98;110.0;4636.0;18.75;81.75;41.25;12.55;23.83;14.48;245.78;232.46;2.31;95133.0;109.0;110.0;47.0;4513.0;1012.70;78.12;6.0;1.0;0;1.0;0;0;1.0;0;0;0;0;0;1.0;1.0;0;0;0;0;0
982127;3.49;1.08;110.0;4660.0;18.75;81.75;39.75;14.11;24.92;14.58;294.16;267.07;2.31;95133.0;109.0;110.0;47.0;4523.0;1012.66;820.30;6.0;1.0;0;1.0;0;0;1.0;0;0;0;0;0;1.0;1.0;0;0;0;0;0
982649;3.16;1.02;110.0;4672.0;18.75;81.75;40.5;12.94;24.06;14.48;311.03;311.34;2.31;95133.0;109.0;110.0;47.0;4510.0;1012.59;410.15;6.0;1.0;0;1.0;0;0;1.0;0;0;0;0;0;1.0;1.0;0;0;0;0;0
983167;3.46;1.05;110.0;4673.0;18.75;81.75;39.75;14.51;25.35;14.48;339.23;322.81;2.31;95133.0;109.0;110.0;47.0;4523.0;1012.66;644.52;6.0;1.0;0;1.0;0;0;1.0;0;0;0;0;0;1.0;1.0;0;0;0;0;0
983687;3.56;1.06;110.0;4656.0;18.75;81.75;39.0;14.90;25.74;14.48;337.06;344.97;2.31;95133.0;109.0;110.0;47.0;4527.0;1012.63;664.05;6.0;1.0;0;1.0;0;0;1.0;0;0;0;0;0;1.0;1.0;0;0;0;0;0
984207;3.02;0.98;110.0;4668.0;18.75;81.75;41.25;12.15;23.32;14.48;312.03;351.75;2.31;95133.0;109.0;111.0;47.0;4502.0;1012.55;136.71;6.0;1.0;0;1.0;0;0;1.0;0;0;0;0;0;1.0;1.0;0;0;0;0;0
984778;3.65;1.08;110.0;4669.0;18.75;81.75;39.0;15.29;25.83;14.48;341.46;329.06;2.31;95133.0;109.0;110.0;47.0;4518.0;1012.47;820.30;6.0;1.0;0;1.0;0;0;1.0;0;0;0;0;0;1.0;1.0;0;0;0;0;0
985337;3.63;1.05;110.0;4695.0;18.75;81.75;38.25;16.08;26.57;14.48;342.10;319.43;2.31;95133.0;109.0;111.0;47.0;4530.0;1012.43;742.17;6.0;1.0;0;1.0;0;0;1.0;0;0;0;0;0;1.0;1.0;0;0;0;0;0
985857;3.16;1.04;110.0;4689.0;18.75;82.5;40.5;13.33;24.19;14.48;340.60;333.65;2.31;95133.0;109.0;111.0;47.0;4510.0;1012.35;781.24;6.0;1.0;0;1.0;0;0;1.0;0;0;0;0;0;1.0;1.0;0;0;0;0;0
986377;3.08;1.02;110.0;4656.0;18.75;82.5;41.25;11.76;23.21;14.58;336.58;334.29;2.31;95133.0;109.0;110.0;47.0;4495.0;1012.20;683.58;6.0;1.0;0;1.0;0;0;1.0;0;0;0;0;0;1.0;1.0;0;0;0;0;0
986897;2.2;1.00;108.0;4635.0;18.75;82.5;46.5;7.84;17.57;14.48;289.98;320.95;2.31;95133.0;109.0;109.0;47.0;4452.0;1012.23;820.30;6.0;1.0;0;1.0;0;0;1.0;0;0;0;0;0;1.0;1.0;0;0;0;0;0
987417;2.49;0.94;108.0;4592.0;18.75;82.5;44.25;9.02;20.21;14.48;327.92;281.97;2.31;95133.0;108.0;109.0;47.0;4501.0;1012.39;605.46;6.0;1.0;0;1.0;0;0;1.0;0;0;0;0;0;1.0;1.0;0;0;0;0;0
987937;2.72;0.96;108.0;4575.0;18.75;82.5;42.75;10.58;22.29;14.58;315.95;328.70;2.31;95133.0;107.0;108.0;47.0;4516.0;1012.31;58.59;6.0;1.0;0;1.0;0;0;1.0;0;0;0;0;0;1.0;1.0;0;0;0;0;0
988457;3.00;1.02;107.0;4565.0;18.75;82.5;42.0;11.37;23.04;14.48;342.28;346.18;2.31;95133.0;107.0;108.0;47.0;4520.0;1012.39;820.30;6.0;1.0;0;1.0;0;0;1.0;0;0;0;0;0;1.0;1.0;0;0;0;0;0
988978;2.58;0.93;107.0;4560.0;18.75;82.5;42.75;10.19;21.67;14.48;348.39;334.00;2.31;95133.0;106.0;107.0;47.0;4503.0;1012.23;664.05;6.0;1.0;0;1.0;0;0;1.0;0;0;0;0;0;1.0;1.0;0;0;0;0;0
989497;2.57;0.93;106.0;4535.0;18.75;82.5;42.75;9.80;21.50;14.48;351.95;345.25;2.31;95133.0;106.0;107.0;47.0;4495.0;1012.20;292.96;6.0;1.0;0;1.0;0;0;1.0;0;0;0;0;0;1.0;1.0;0;0;0;0;0
990017;2.56;0.94;106.0;4499.0;18.75;82.5;42.75;9.80;21.29;14.48;335.54;351.48;2.31;95133.0;106.0;107.0;47.0;4493.0;1012.20;800.77;6.0;1.0;0;1.0;0;0;1.0;0;0;0;0;0;1.0;1.0;0;0;0;0;0
990537;2.96;0.91;106.0;4470.0;18.75;82.5;39.75;12.55;24.70;14.58;348.33;349.05;2.31;95133.0;105.0;106.0;47.0;4534.0;1012.31;78.12;6.0;1.0;0;1.0;0;0;1.0;0;0;0;0;0;1.0;1.0;0;0;0;0;0
991057;3.00;0.99;106.0;4479.0;18.75;82.5;40.5;11.37;23.53;14.58;343.22;328.14;2.31;95133.0;105.0;106.0;47.0;4526.0;1012.23;839.83;6.0;1.0;0;1.0;0;0;1.0;0;0;0;0;0;1.0;1.0;0;0;0;0;0
991577;2.69;0.93;105.0;4468.0;18.75;82.5;41.25;10.58;22.56;14.48;330.38;330.97;2.31;95133.0;105.0;106.0;47.0;4499.0;1012.20;195.31;6.0;1.0;0;1.0;0;0;1.0;0;0;0;0;0;1.0;1.0;0;0;0;0;0
992098;2.43;0.96;105.0;4426.0;18.75;82.5;44.25;8.62;19.87;14.48;308.65;327.26;2.31;95133.0;104.0;105.0;47.0;4476.0;1012.23;839.83;6.0;1.0;0;1.0;0;0;1.0;0;0;0;0;0;1.0;1.0;0;0;0;0;0
992657;2.22;0.89;103.0;4407.0;18.75;82.5;44.25;8.62;19.64;14.58;224.12;181.96;2.31;95133.0;103.0;104.0;47.0;4484.0;1012.27;97.65;6.0;1.0;0;1.0;0;0;1.0;0;0;0;0;0;1.0;1.0;0;0;0;0;0
993177;2.38;0.90;103.0;4397.0;18.75;82.5;43.5;9.02;20.76;14.58;212.95;166.33;2.31;95133.0;103.0;104.0;47.0;4523.0;1012.20;156.24;6.0;1.0;0;1.0;0;0;1.0;0;0;0;0;0;1.0;1.0;0;0;0;0;0
993697;3.04;0.97;103.0;4383.0;18.75;82.5;39.75;12.15;24.44;14.48;241.82;214.38;2.31;95133.0;103.0;104.0;47.0;4553.0;1012.16;761.70;6.0;1.0;0;1.0;0;0;1.0;0;0;0;0;0;1.0;1.0;0;0;0;0;0
994217;2.94;0.94;103.0;4394.0;18.75;82.5;39.75;11.76;24.29;14.48;324.08;295.87;2.31;95133.0;103.0;104.0;47.0;4528.0;1012.16;292.96;6.0;1.0;0;1.0;0;0;1.0;0;0;0;0;0;1.0;1.0;0;0;0;0;0
994738;2.97;0.98;103.0;4407.0;18.75;82.5;40.5;11.37;23.68;14.58;333.82;333.33;2.31;95133.0;103.0;104.0;47.0;4521.0;1012.20;820.30;6.0;1.0;0;1.0;0;0;1.0;0;0;0;0;0;1.0;1.0;0;0;0;0;0
995258;2.66;0.93;103.0;4414.0;18.75;82.5;41.25;10.58;22.45;14.48;345.68;345.07;2.31;95133.0;103.0;104.0;47.0;4497.0;1012.16;800.77;6.0;1.0;0;1.0;0;0;1.0;0;0;0;0;0;1.0;1.0;0;0;0;0;0
995778;2.84;0.95;103.0;4359.0;18.75;82.5;41.25;10.58;22.82;14.58;349.52;348.39;2.31;95133.0;102.0;103.0;47.0;4490.0;1012.20;722.64;6.0;1.0;0;1.0;0;0;1.0;0;0;0;0;0;1.0;1.0;0;0;0;0;0
996297;3.08;0.96;103.0;4374.0;18.75;82.5;39.0;12.55;24.85;14.48;345.72;330.56;2.31;95133.0;102.0;103.0;47.0;4529.0;1012.23;664.05;6.0;1.0;0;1.0;0;0;1.0;0;0;0;0;0;1.0;1.0;0;0;0;0;0
996818;2.80;0.97;103.0;4390.0;18.75;82.5;41.25;10.19;22.43;14.48;329.60;321.56;2.31;95133.0;102.0;103.0;47.0;4502.0;1012.35;839.83;6.0;1.0;0;1.0;0;0;1.0;0;0;0;0;0;1.0;1.0;0;0;0;0;0
997338;2.28;0.89;102.0;4359.0;18.75;82.5;43.5;8.62;20.00;14.48;294.18;335.70;2.31;95133.0;102.0;103.0;47.0;4492.0;1012.35;644.52;6.0;1.0;0;1.0;0;0;1.0;0;0;0;0;0;1.0;1.0;0;0;0;0;0
997858;2.40;0.90;102.0;4321.0;18.75;82.5;42.0;9.02;20.88;14.58;284.88;311.85;2.31;95133.0;102.0;102.0;47.0;4512.0;1012.39;117.18;6.0;1.0;0;1.0;0;0;1.0;0;0;0;0;0;1.0;1.0;0;0;0;0;0
998397;3.04;1.00;101.0;4295.0;18.75;82.5;39.75;10.98;23.25;14.48;235.31;290.78;2.31;95133.0;101.0;102.0;47.0;4501.0;1012.31;859.36;6.0;1.0;0;1.0;0;0;1.0;0;0;0;0;0;1.0;1.0;0;0;0;0;0
998918;2.48;0.92;101.0;4308.0;18.75;82.5;42.0;9.41;21.27;14.39;196.62;251.21;2.31;95133.0;101.0;101.0;47.0;4506.0;1012.39;722.64;6.0;1.0;0;1.0;0;0;1.0;0;0;0;0;0;1.0;1.0;0;0;0;0;0
999438;1.57;0.89;100.0;4243.0;18.75;82.5;46.5;5.88;14.27;14.58;225.94;292.53;2.31;95133.0;100.0;101.0;47.0;4465.0;1012.43;859.36;6.0;1.0;0;1.0;0;0;1.0;0;0;0;0;0;1.0;1.0;0;0;0;0;0
999958;1.76;0.86;98.0;4187.0;18.75;82.5;45.75;6.66;16.32;14.48;271.21;331.81;2.31;95133.0;99.0;99.0;47.0;4470.0;1012.47;664.05;6.0;1.0;0;1.0;0;0;1.0;0;0;0;0;0;1.0;1.0;0;0;0;0;0
1000478;2.78;1.00;98.0;4189.0;18.75;82.5;41.25;9.80;21.83;14.58;321.26;346.61;2.31;95133.0;98.0;99.0;47.0;4529.0;1012.51;859.36;6.0;1.0;0;1.0;0;0;1.0;0;0;0;0;0;1.0;1.0;0;0;0;0;0
1000997;2.52;0.92;98.0;4197.0;18.75;82.5;41.25;9.80;21.60;14.48;326.40;350.29;2.31;95133.0;98.0;99.0;47.0;4520.0;1012.51;820.30;6.0;1.0;0;1.0;0;0;1.0;0;0;0;0;0;1.0;1.0;0;0;0;0;0
1001568;2.36;0.89;98.0;4157.0;18.75;82.5;42.0;9.02;21.10;14.48;289.45;339.95;2.31;95133.0;98.0;99.0;47.0;4502.0;1012.51;722.64;6.0;1.0;0;1.0;0;0;1.0;0;0;0;0;0;1.0;1.0;0;0;0;0;0
1002128;2.56;0.86;98.0;4161.0;18.75;82.5;39.75;10.58;23.05;14.48;263.53;327.40;2.31;95133.0;98.0;98.0;47.0;4527.0;1012.55;78.12;6.0;1.0;0;1.0;0;0;1.0;0;0;0;0;0;1.0;1.0;0;0;0;0;0
1002648;2.44;0.93;97.0;4131.0;18.75;82.5;42.0;9.02;20.66;14.48;300.89;273.83;2.31;95133.0;97.0;98.0;47.0;4500.0;1012.55;839.83;6.0;1.0;0;1.0;0;0;1.0;0;0;0;0;0;1.0;1.0;0;0;0;0;0
1003170;2.12;0.87;97.0;4149.0;18.75;82.5;42.75;7.84;19.21;14.48;263.71;259.35;2.31;95133.0;97.0;98.0;47.0;4499.0;1012.55;761.70;6.0;1.0;0;1.0;0;0;1.0;0;0;0;0;0;1.0;1.0;0;0;0;0;0
1003688;1.72;0.85;96.0;4115.0;18.75;82.5;45.0;6.27;16.32;14.39;246.05;228.42;2.31;95133.0;96.0;97.0;47.0;4486.0;1012.55;820.30;6.0;1.0;0;1.0;0;0;1.0;0;0;0;0;0;1.0;1.0;0;0;0;0;0
1004208;0.90;0.82;95.0;3993.0;18.75;82.5;46.5;3.13;9.12;14.48;169.55;247.97;2.31;95133.0;95.0;95.0;47.0;4496.0;1012.55;859.36;6.0;1.0;0;1.0;0;0;1.0;0;0;0;0;0;1.0;1.0;0;0;0;0;0
1004728;0.46;0.81;92.0;3943.0;18.75;82.5;45.75;0.78;5.34;14.48;80.22;314.90;2.31;95133.0;93.0;93.0;47.0;4534.0;1012.55;820.30;6.0;1.0;0;1.0;0;0;1.0;0;0;0;0;0;1.0;1.0;0;0;0;0;0
1005247;0.50;1.00;90.0;3833.0;18.75;82.5;-30.0;0;0;14.48;195.00;321.99;2.31;95133.0;91.0;90.0;47.0;4465.0;1012.55;0;6.0;1.0;0;1.0;0;0;1.0;0;0;0;0;0;1.0;1.0;0;0;0;0;0
1005768;2.24;1.00;88.0;3734.0;18.75;82.5;13.5;6.27;11.89;14.48;288.36;324.78;2.31;95133.0;89.0;89.0;47.0;4253.0;1012.55;898.42;6.0;1.0;0;1.0;0;0;1.0;0;0;0;0;0;1.0;1.0;0;0;0;0;0
1006307;2.55;0.94;88.0;3745.0;18.75;82.5;26.25;8.62;19.82;14.48;322.28;342.84;2.31;95133.0;88.0;89.0;47.0;4398.0;1012.55;839.83;6.0;1.0;0;1.0;0;0;1.0;0;0;0;0;0;1.0;1.0;0;0;0;0;0
1006828;2.27;0.88;88.0;3739.0;18.75;82.5;39.75;8.23;20.73;14.48;337.28;354.84;2.31;95133.0;88.0;89.0;47.0;4503.0;1012.55;664.05;6.0;1.0;0;1.0;0;0;1.0;0;0;0;0;0;1.0;1.0;0;0;0;0;0
1007348;2.11;0.86;88.0;3742.0;18.75;82.5;40.5;7.45;19.68;14.48;327.45;352.32;2.31;95133.0;88.0;88.0;47.0;4503.0;1012.55;58.59;6.0;1.0;0;1.0;0;0;1.0;0;0;0;0;0;1.0;1.0;0;0;0;0;0
1007868;2.15;0.91;88.0;3746.0;18.75;82.5;41.25;7.05;19.02;14.48;330.85;351.95;2.31;95133.0;88.0;88.0;47.0;4505.0;1012.55;859.36;6.0;1.0;0;1.0;0;0;1.0;0;0;0;0;0;1.0;1.0;0;0;0;0;0
1008388;3.22;1.00;88.0;3742.0;18.75;82.5;35.25;11.76;24.80;14.48;334.43;315.19;2.31;95133.0;88.0;88.0;47.0;4516.0;1012.55;859.36;6.0;1.0;0;1.0;0;0;1.0;0;0;0;0;0;1.0;1.0;0;0;0;0;0
1008907;2.48;0.93;88.0;3762.0;18.75;82.5;39.0;9.02;21.70;14.58;235.47;236.52;2.31;95133.0;88.0;89.0;47.0;4513.0;1012.55;839.83;6.0;1.0;0;1.0;0;0;1.0;0;0;0;0;0;1.0;1.0;0;0;0;0;0
1009428;2.25;0.86;88.0;3778.0;18.75;82.5;39.0;8.23;20.88;14.58;229.84;226.09;2.31;95133.0;88.0;89.0;47.0;4517.0;1012.55;214.84;6.0;1.0;0;1.0;0;0;1.0;0;0;0;0;0;1.0;1.0;0;0;0;0;0
1009947;2.52;0.89;88.0;3749.0;18.75;82.5;39.0;9.41;21.93;14.48;195.04;198.77;2.31;95133.0;88.0;89.0;47.0;4499.0;1012.55;390.62;6.0;1.0;0;1.0;0;0;1.0;0;0;0;0;0;1.0;1.0;0;0;0;0;0
1010458;3.38;0.97;90.0;3799.0;18.75;82.5;34.5;14.51;26.75;14.48;208.71;170.71;2.31;95133.0;89.0;90.0;47.0;4539.0;1012.55;664.05;6.0;1.0;0;1.0;0;0;1.0;0;0;0;0;0;1.0;1.0;0;0;0;0;0
1010978;3.16;0.95;91.0;3856.0;18.75;82.5;35.25;13.33;26.18;14.58;240.37;244.00;2.31;95133.0;90.0;91.0;47.0;4526.0;1012.55;800.77;6.0;1.0;0;1.0;0;0;1.0;0;0;0;0;0;1.0;1.0;0;0;0;0;0
1011498;2.89;0.88;91.0;3844.0;18.75;82.5;36.0;12.15;24.96;14.48;316.32;315.27;2.31;95133.0;90.0;91.0;47.0;4492.0;1012.55;78.12;6.0;1.0;0;1.0;0;0;1.0;0;0;0;0;0;1.0;1.0;0;0;0;0;0
1012018;3.68;1.00;91.0;3882.0;18.75;82.5;33.75;15.68;28.10;14.48;339.52;322.83;2.31;95133.0;91.0;92.0;47.0;4542.0;1012.55;800.77;6.0;1.0;0;1.0;0;0;1.0;0;0;0;0;0;1.0;1.0;0;0;0;0;0
1012537;3.06;0.91;92.0;3896.0;18.75;82.5;36.0;13.33;26.04;14.48;339.72;324.60;2.31;95133.0;92.0;93.0;47.0;4508.0;1012.55;703.11;6.0;1.0;0;1.0;0;0;1.0;0;0;0;0;0;1.0;1.0;0;0;0;0;0
1013057;2.96;0.90;92.0;3951.0;18.75;82.5;36.75;12.55;25.28;14.48;325.01;278.43;2.31;95134.0;92.0;93.0;47.0;4505.0;1012.55;156.24;6.0;1.0;0;1.0;0;0;1.0;0;0;0;0;0;1.0;1.0;0;0;0;0;0
1013578;3.48;0.98;93.0;3963.0;18.75;82.5;36.0;14.90;27.47;14.58;210.02;320.74;2.31;95134.0;93.0;94.0;47.0;4533.0;1012.55;820.30;6.0;1.0;0;1.0;0;0;1.0;0;0;0;0;0;1.0;1.0;0;0;0;0;0
1014098;2.92;0.89;95.0;3999.0;18.75;82.5;37.5;12.55;25.51;14.48;285.72;342.22;2.31;95134.0;94.0;95.0;47.0;4517.0;1012.55;742.17;6.0;1.0;0;1.0;0;0;1.0;0;0;0;0;0;1.0;1.0;0;0;0;0;0
1014668;2.68;0.89;95.0;4015.0;18.75;82.5;39.0;10.98;23.76;14.48;157.62;365.66;2.31;95134.0;94.0;95.0;47.0;4498.0;1012.55;820.30;6.0;1.0;0;1.0;0;0;1.0;0;0;0;0;0;1.0;1.0;0;0;0;0;0
1015188;2.59;0.88;95.0;4026.0;18.75;82.5;39.75;10.19;22.87;14.58;80.22;365.67;2.31;95134.0;94.0;95.0;47.0;4494.0;1012.55;605.46;6.0;1.0;0;1.0;0;0;1.0;0;0;0;0;0;1.0;1.0;0;0;0;0;0
1015708;2.60;0.90;95.0;4036.0;18.75;82.5;39.75;10.19;22.71;14.58;267.83;154.38;2.31;95134.0;94.0;95.0;47.0;4513.0;1012.55;781.24;6.0;1.0;0;1.0;0;0;1.0;0;0;0;0;0;1.0;1.0;0;0;0;0;0
1016228;2.47;0.88;95.0;4011.0;18.75;82.5;40.5;9.80;22.16;14.58;231.74;152.27;2.31;95134.0;94.0;95.0;47.0;4507.0;1012.55;410.15;6.0;1.0;0;1.0;0;0;1.0;0;0;0;0;0;1.0;1.0;0;0;0;0;0
1016747;2.37;0.88;95.0;4013.0;18.75;82.5;41.25;9.02;21.13;14.48;257.07;278.38;2.31;95134.0;95.0;95.0;47.0;4493.0;1012.55;703.11;6.0;1.0;0;1.0;0;0;1.0;0;0;0;0;0;1.0;1.0;0;0;0;0;0
1017258;1.90;0.87;95.0;4004.0;18.75;82.5;44.25;6.66;17.51;14.48;258.24;314.88;2.31;95134.0;94.0;95.0;47.0;4493.0;1012.55;800.77;6.0;1.0;0;1.0;0;0;1.0;0;0;0;0;0;1.0;1.0;0;0;0;0;0
1017800;1.83;0.86;93.0;3955.0;18.75;82.5;43.5;6.66;17.04;14.48;181.29;344.82;2.31;95134.0;93.0;94.0;47.0;4504.0;1012.55;800.77;6.0;1.0;0;1.0;0;0;1.0;0;0;0;0;0;1.0;1.0;0;0;0;0;0
1018378;1.67;0.81;92.0;3932.0;18.75;82.5;44.25;6.27;16.60;14.48;285.25;314.62;2.31;95134.0;92.0;93.0;47.0;4503.0;1012.55;78.12;6.0;1.0;0;1.0;0;0;1.0;0;0;0;0;0;1.0;1.0;0;0;0;0;0
1018897;1.98;0.85;92.0;3897.0;18.75;82.5;42.75;7.45;18.83;14.48;311.93;292.75;2.31;95134.0;92.0;92.0;47.0;4508.0;1012.55;58.59;6.0;1.0;0;1.0;0;0;1.0;0;0;0;0;0;1.0;1.0;0;0;0;0;0
1019408;2.11;0.90;91.0;3901.0;18.75;82.5;42.0;7.45;18.73;14.48;263.42;294.86;2.31;95134.0;91.0;92.0;47.0;4510.0;1012.55;859.36;6.0;1.0;0;1.0;0;0;1.0;0;0;0;0;0;1.0;1.0;0;0;0;0;0
1019978;1.94;0.84;91.0;3858.0;18.75;82.5;42.0;7.05;18.52;14.58;268.98;235.02;2.31;95134.0;90.0;91.0;47.0;4524.0;1012.55;292.96;6.0;1.0;0;1.0;0;0;1.0;0;0;0;0;0;1.0;1.0;0;0;0;0;0
1020498;1.92;0.86;91.0;3864.0;18.75;82.5;42.75;6.66;17.99;14.48;230.06;214.49;2.31;95134.0;90.0;91.0;47.0;4511.0;1012.55;800.77;6.0;1.0;0;1.0;0;0;1.0;0;0;0;0;0;1.0;1.0;0;0;0;0;0
1021018;1.82;0.83;90.0;3846.0;18.75;82.5;42.75;6.66;17.62;14.48;208.30;194.05;2.31;95134.0;90.0;91.0;47.0;4504.0;1012.55;312.49;6.0;1.0;0;1.0;0;0;1.0;0;0;0;0;0;1.0;1.0;0;0;0;0;0
1021538;2.45;0.84;90.0;3807.0;18.75;82.5;39.75;8.23;20.88;14.48;194.10;179.79;2.31;95134.0;90.0;90.0;47.0;4467.0;1012.55;878.89;6.0;1.0;0;1.0;0;0;1.0;0;0;0;0;0;1.0;1.0;0;0;0;0;0
1022057;3.54;0.98;91.0;3854.0;18.75;82.5;34.5;15.29;27.71;14.29;168.83;160.98;2.58;95134.0;90.0;91.0;47.0;4554.0;1012.55;820.30;6.0;1.0;0;1.0;0;0;1.0;0;0;0;0;0;1.0;1.0;0;0;0;0;0
1022578;2.32;1.00;91.0;3889.0;18.75;82.5;42.0;7.84;19.58;14.48;247.40;190.22;2.31;95134.0;91.0;91.0;47.0;4498.0;1012.55;878.89;6.0;1.0;0;1.0;0;0;1.0;0;0;0;0;0;1.0;1.0;0;0;0;0;0
1023097;2.16;0.95;91.0;3874.0;18.75;82.5;43.5;7.05;18.05;14.39;319.97;289.45;2.31;95134.0;91.0;91.0;47.0;4492.0;1012.55;878.89;6.0;1.0;0;1.0;0;0;1.0;0;0;0;0;0;1.0;1.0;0;0;0;0;0
1023618;0.6;0.99;90.0;3760.0;18.75;82.5;42.75;0.78;5.34;14.39;337.71;323.35;2.31;95134.0;90.0;89.0;47.0;4525.0;1012.55;820.30;6.0;1.0;0;1.0;0;0;1.0;0;0;0;0;0;1.0;1.0;0;0;0;0;0
1024138;0.54;1.00;87.0;3677.0;18.75;82.5;-30.0;0;0;14.58;346.96;345.44;2.31;95134.0;88.0;87.0;47.0;4569.0;1012.55;312.49;6.0;1.0;0;1.0;0;0;1.0;0;0;0;0;0;1.0;1.0;0;0;0;0;0
1024657;2.30;1.00;85.0;3605.0;18.75;82.5;8.25;6.27;10.54;14.58;353.08;346.36;2.31;95134.0;85.0;86.0;47.0;4240.0;1012.55;898.42;6.0;1.0;0;1.0;0;0;1.0;0;0;0;0;0;1.0;1.0;0;0;0;0;0
1025178;0.56;1.00;83.0;3552.0;18.75;82.5;41.25;0;8.31;14.48;345.09;328.37;2.31;95134.0;84.0;84.0;47.0;4375.0;1012.55;859.36;6.0;1.0;0;1.0;0;0;1.0;0;0;0;0;0;1.0;1.0;0;0;0;0;0
1025697;0.57;1.00;81.0;3437.0;18.75;82.5;-30.0;0;0;14.58;350.85;317.22;2.31;95134.0;81.0;81.0;47.0;4460.0;1012.55;0;6.0;1.0;0;1.0;0;0;1.0;0;0;0;0;0;1.0;1.0;0;0;0;0;0
1026217;1.68;1.00;80.0;3397.0;18.75;82.5;12.75;4.31;8.52;14.48;344.74;330.85;2.31;95134.0;80.0;80.0;47.0;4236.0;1012.55;859.36;6.0;1.0;0;1.0;0;0;1.0;0;0;0;0;0;1.0;1.0;0;0;0;0;0
1026728;0.69;1.00;77.0;3280.0;18.75;82.5;18.75;0.39;5.84;14.48;270.27;334.41;2.31;95134.0;78.0;78.0;47.0;4362.0;1012.55;839.83;6.0;1.0;0;1.0;0;0;1.0;0;0;0;0;0;1.0;1.0;0;0;0;0;0
1027247;1.98;0.98;77.0;3290.0;18.75;82.5;28.5;5.09;14.86;14.48;312.73;338.43;2.31;95134.0;77.0;77.0;47.0;4440.0;1012.55;898.42;6.0;1.0;0;1.0;0;0;1.0;0;0;0;0;0;1.0;1.0;0;0;0;0;0
1027768;1.29;0.95;77.0;3274.0;18.75;82.5;37.5;3.52;11.48;14.58;201.84;323.02;2.31;95134.0;77.0;77.0;47.0;4516.0;1012.55;878.89;6.0;1.0;0;1.0;0;0;1.0;0;0;0;0;0;1.0;1.0;0;0;0;0;0
1028287;1.28;0.93;76.0;3244.0;18.75;82.5;36.75;3.13;11.23;14.29;287.93;342.08;2.58;95134.0;76.0;76.0;47.0;4533.0;1012.55;878.89;6.0;1.0;0;1.0;0;0;1.0;0;0;0;0;0;1.0;1.0;0;0;0;0;0
1028807;1.61;0.91;75.0;3166.0;18.75;82.5;37.5;4.31;14.18;14.58;324.17;351.85;2.31;95134.0;75.0;76.0;47.0;4501.0;1012.55;820.30;6.0;1.0;0;1.0;0;0;1.0;0;0;0;0;0;1.0;1.0;0;0;0;0;0
1029328;1.66;0.88;75.0;3208.0;18.75;82.5;36.0;5.09;15.28;14.48;290.19;358.60;2.31;95134.0;75.0;75.0;47.0;4508.0;1012.55;820.30;6.0;1.0;0;1.0;0;0;1.0;0;0;0;0;0;1.0;1.0;0;0;0;0;0
1029848;1.32;0.85;75.0;3176.0;18.75;82.5;36.0;4.31;13.49;14.58;336.58;355.93;2.31;95134.0;74.0;75.0;47.0;4521.0;1012.55;527.33;6.0;1.0;0;1.0;0;0;1.0;0;0;0;0;0;1.0;1.0;0;0;0;0;0
1030368;0.68;1.00;73.0;3157.0;18.75;82.5;27.75;0;12.85;14.48;316.34;355.73;2.31;95134.0;74.0;74.0;47.0;4555.0;1012.59;58.59;6.0;1.0;0;1.0;0;0;1.0;0;0;0;0;0;1.0;1.0;0;0;0;0;0
1030887;0.85;1.00;71.0;3044.0;18.75;82.5;35.25;1.17;6.50;14.58;333.74;343.35;2.31;95134.0;72.0;72.0;47.0;4325.0;1012.66;0;6.0;1.0;0;1.0;0;0;1.0;0;0;0;0;0;1.0;1.0;0;0;0;0;0
1031407;1.29;1.00;71.0;3003.0;18.75;82.5;30.75;2.74;10.12;14.48;349.48;353.70;2.31;95134.0;71.0;71.0;47.0;4272.0;1012.74;898.42;6.0;1.0;0;1.0;0;0;1.0;0;0;0;0;0;1.0;1.0;0;0;0;0;0
1031927;1.84;0.98;70.0;2984.0;19.5;82.5;33.75;4.31;14.91;14.58;227.13;245.70;2.31;95134.0;70.0;70.0;47.0;4400.0;1012.78;878.89;6.0;1.0;0;1.0;0;0;1.0;0;0;0;0;0;1.0;1.0;0;0;0;0;0
1032448;1.68;0.95;70.0;2961.0;19.5;82.5;33.0;4.31;14.30;14.58;293.16;300.52;2.31;95134.0;69.0;70.0;47.0;4482.0;1012.70;859.36;6.0;1.0;0;1.0;0;0;1.0;0;0;0;0;0;1.0;1.0;0;0;0;0;0
1033018;1.98;0.93;70.0;2975.0;19.5;82.5;33.75;5.49;16.90;14.48;227.62;241.80;2.31;95134.0;69.0;70.0;47.0;4499.0;1012.74;839.83;6.0;1.0;0;1.0;0;0;1.0;0;0;0;0;0;1.0;1.0;0;0;0;0;0
1033537;2.46;0.88;71.0;2990.0;19.5;82.5;33.0;8.23;22.32;14.48;211.29;215.08;2.31;95134.0;71.0;70.0;47.0;4518.0;1012.70;664.05;6.0;1.0;0;1.0;0;0;1.0;0;0;0;0;0;1.0;1.0;0;0;0;0;0
1034058;2.55;1.00;71.0;3033.0;19.5;82.5;34.5;7.45;21.04;14.48;167.48;189.44;2.31;95134.0;70.0;72.0;47.0;4503.0;1012.66;820.30;6.0;1.0;0;1.0;0;0;1.0;0;0;0;0;0;1.0;1.0;0;0;0;0;0
1034578;3.16;0.98;71.0;3057.0;19.5;82.5;33.75;8.23;21.59;14.58;280.21;285.56;2.31;95134.0;71.0;72.0;47.0;4485.0;1012.90;898.42;6.0;1.0;0;1.0;0;0;1.0;0;0;0;0;0;1.0;1.0;0;0;0;0;0
1035137;3.72;0.99;73.0;3153.0;19.5;82.5;27.75;15.29;28.69;14.39;298.92;291.77;2.31;95134.0;73.0;74.0;47.0;4529.0;1012.90;820.30;6.0;1.0;0;1.0;0;0;1.0;0;0;0;0;0;1.0;1.0;0;0;0;0;0
1035658;3.24;0.97;76.0;3234.0;19.5;82.5;30.0;12.55;27.07;14.48;321.20;322.36;2.31;95134.0;75.0;76.0;47.0;4526.0;1012.94;820.30;6.0;1.0;0;1.0;0;0;1.0;0;0;0;0;0;1.0;1.0;0;0;0;0;0
1036197;4.67;0.94;77.0;3280.0;19.5;82.5;25.5;18.43;31.30;14.48;335.50;339.50;2.31;95134.0;77.0;77.0;47.0;4519.0;1013.02;683.58;6.0;1.0;0;1.0;0;0;1.0;0;0;0;0;0;0;1.0;0;0;0;0;0
1036798;3.52;0.98;80.0;3384.0;19.5;83.25;30.0;14.90;27.95;14.39;339.37;344.04;2.31;95134.0;79.0;80.0;46.0;4518.0;1012.98;644.52;6.0;1.0;0;1.0;0;0;1.0;0;0;0;0;0;1.0;1.0;0;0;0;0;0
1037317;3.27;0.95;81.0;3426.0;19.5;83.25;30.75;13.72;26.80;14.58;325.60;346.36;2.31;95134.0;80.0;81.0;46.0;4512.0;1012.98;820.30;6.0;1.0;0;1.0;0;0;1.0;0;0;0;0;0;1.0;1.0;0;0;0;0;0
1037837;2.88;0.93;82.0;3488.0;19.5;83.25;33.75;10.98;24.46;14.58;326.01;343.51;2.31;95134.0;82.0;82.0;46.0;4491.0;1012.86;683.58;6.0;1.0;0;1.0;0;0;1.0;0;0;0;0;0;1.0;1.0;0;0;0;0;0
1038358;3.32;0.96;83.0;3585.0;19.5;83.25;32.25;14.90;27.53;14.39;324.17;339.52;2.31;95134.0;83.0;84.0;46.0;4532.0;1012.86;605.46;6.0;1.0;0;1.0;0;0;1.0;0;0;0;0;0;1.0;1.0;0;0;0;0;0
1038878;3.30;0.97;85.0;3597.0;19.5;83.25;33.0;13.72;26.45;14.39;271.34;243.40;2.31;95134.0;84.0;85.0;46.0;4541.0;1012.82;859.36;6.0;1.0;0;1.0;0;0;1.0;0;0;0;0;0;1.0;1.0;0;0;0;0;0
1039398;2.43;0.98;85.0;3588.0;19.5;83.25;39.75;7.45;19.92;14.48;196.33;189.51;2.31;95134.0;85.0;85.0;46.0;4498.0;1012.74;878.89;6.0;1.0;0;1.0;0;0;1.0;0;0;0;0;0;1.0;1.0;0;0;0;0;0
1039918;2.35;0.97;85.0;3620.0;19.5;83.25;40.5;6.66;18.50;14.58;220.88;284.51;2.31;95134.0;85.0;85.0;46.0;4491.0;1012.78;898.42;6.0;1.0;0;1.0;0;0;1.0;0;0;0;0;0;1.0;1.0;0;0;0;0;0
1040428;3.71;1.00;86.0;3631.0;19.5;83.25;33.0;14.90;27.46;14.39;252.34;307.53;2.31;95134.0;85.0;86.0;46.0;4524.0;1012.94;839.83;6.0;1.0;0;1.0;0;0;1.0;0;0;0;0;0;1.0;1.0;0;0;0;0;0
1040947;2.64;0.93;86.0;3685.0;19.5;83.25;37.5;9.80;22.58;14.48;312.96;340.52;2.31;95134.0;86.0;87.0;46.0;4520.0;1012.90;839.83;6.0;1.0;0;1.0;0;0;1.0;0;0;0;0;0;1.0;1.0;0;0;0;0;0
1041468;2.23;0.87;86.0;3690.0;19.5;83.25;39.75;8.23;20.64;14.48;336.44;349.27;2.31;95134.0;86.0;87.0;46.0;4537.0;1012.90;605.46;6.0;1.0;0;1.0;0;0;1.0;0;0;0;0;0;1.0;1.0;0;0;0;0;0
1041987;1.16;0.99;86.0;3620.0;19.5;83.25;42.0;3.13;9.80;14.48;347.77;347.77;2.31;95134.0;85.0;86.0;46.0;4524.0;1012.86;917.95;6.0;1.0;0;1.0;0;0;1.0;0;0;0;0;0;1.0;1.0;0;0;0;0;0
1042507;2.55;0.97;85.0;3637.0;19.5;83.25;41.25;6.27;17.45;14.58;344.21;346.24;2.31;95134.0;84.0;85.0;46.0;4490.0;1012.78;917.95;6.0;1.0;0;1.0;0;0;1.0;0;0;0;0;0;1.0;1.0;0;0;0;0;0
1043028;1.23;0.97;83.0;3536.0;19.5;83.25;40.5;3.52;11.13;14.58;342.59;342.82;2.31;95134.0;84.0;84.0;46.0;4519.0;1012.70;917.95;6.0;1.0;0;1.0;0;0;1.0;0;0;0;0;0;1.0;1.0;0;0;0;0;0
1043547;1.18;0.95;83.0;3504.0;19.5;83.25;40.5;3.13;10.13;14.48;341.01;296.52;2.31;95134.0;83.0;83.0;46.0;4517.0;1012.74;898.42;6.0;1.0;0;1.0;0;0;1.0;0;0;0;0;0;1.0;1.0;0;0;0;0;0
1044117;0.55;0.93;81.0;3462.0;19.5;83.25;39.75;0.39;5.47;14.48;329.31;300.52;2.31;95134.0;82.0;81.0;46.0;4536.0;1012.74;898.42;6.0;1.0;0;1.0;0;0;1.0;0;0;0;0;0;1.0;1.0;0;0;0;0;0
1044637;0.57;1.00;78.0;3326.0;19.5;83.25;-30.0;0;0;14.58;305.15;271.19;2.31;95134.0;79.0;79.0;46.0;4567.0;1012.70;19.53;6.0;1.0;0;1.0;0;0;1.0;0;0;0;0;0;1.0;1.0;0;0;0;0;0
1045207;0.58;1.00;76.0;3212.0;19.5;83.25;-30.0;0;0;14.58;286.40;277.93;2.31;95134.0;76.0;76.0;46.0;4547.0;1012.66;0;6.0;1.0;0;1.0;0;0;1.0;0;0;0;0;0;1.0;1.0;0;0;0;0;0
1045727;0.63;1.00;75.0;3133.0;19.5;83.25;-30.0;0;0;14.48;323.41;321.32;2.31;95134.0;75.0;74.0;46.0;4524.0;1012.78;0;6.0;1.0;0;1.0;0;0;1.0;0;0;0;0;0;1.0;1.0;0;0;0;0;0
1046237;0.64;1.00;71.0;3018.0;19.5;83.25;-30.0;0;0;14.48;340.91;323.24;2.31;95134.0;72.0;71.0;46.0;4511.0;1012.78;0;6.0;1.0;0;1.0;0;0;1.0;0;0;0;0;0;1.0;1.0;0;0;0;0;0
1046757;0.65;1.00;67.0;2865.0;19.5;83.25;-30.0;0;0;14.48;348.70;339.31;2.31;95134.0;68.0;67.0;46.0;4530.0;1012.70;0;6.0;1.0;0;1.0;0;0;1.0;0;0;0;0;0;1.0;1.0;0;0;0;0;0
1047277;0.68;1.00;63.0;2714.0;19.5;82.5;-30.0;0;0;14.58;350.89;331.77;2.31;95134.0;63.0;64.0;47.0;4555.0;1012.82;0;6.0;1.0;0;1.0;0;0;1.0;0;0;0;0;0;1.0;1.0;0;0;0;0;0
1047798;1.03;1.00;60.0;2539.0;19.5;82.5;1.5;0;8.19;14.67;348.12;332.79;2.31;95134.0;60.0;59.0;47.0;4396.0;1012.90;0;6.0;1.0;0;1.0;0;0;1.0;0;0;0;0;0;1.0;1.0;0;0;0;0;0
1048317;0.91;1.00;56.0;2401.0;19.5;82.5;12.0;0;12.81;14.58;254.14;334.33;2.31;95134.0;56.0;56.0;49.0;4277.0;1013.02;19.53;6.0;1.0;0;1.0;0;0;1.0;0;0;1.0;0;0;1.0;1.0;0;0;0;0;0
1048837;0.90;1.00;50.0;2145.0;19.5;82.5;15.75;0;12.82;14.48;158.17;205.55;2.31;95134.0;50.0;50.0;44.0;4433.0;1012.94;39.06;6.0;1.0;0;1.0;0;0;1.0;0;0;1.0;0;0;1.0;1.0;0;0;0;0;0
1049357;1.0;1.00;45.0;1919.0;19.5;82.5;15.0;0;12.74;14.48;122.94;184.28;2.31;95134.0;45.0;44.0;45.0;4501.0;1012.90;39.06;6.0;1.0;0;1.0;0;0;1.0;0;0;1.0;0;0;1.0;1.0;0;0;0;0;0
1049877;1.15;1.01;40.0;1680.0;19.5;82.5;15.0;0;12.80;14.58;150.53;155.38;2.31;95134.0;40.0;39.0;43.0;4517.0;1013.05;722.64;6.0;1.0;0;1.0;0;0;1.0;0;0;1.0;0;0;1.0;1.0;0;0;0;0;0
1050397;1.27;1.00;35.0;1504.0;19.5;82.5;15.0;0;12.77;14.48;147.54;145.88;2.31;95134.0;35.0;36.0;43.0;4481.0;1013.25;878.89;6.0;1.0;0;1.0;0;0;1.0;0;0;1.0;0;0;1.0;1.0;0;0;0;0;0
1050917;1.28;0.98;32.0;1424.0;19.5;82.5;15.0;0;12.89;14.58;137.12;151.94;2.31;95134.0;32.0;32.0;44.0;4506.0;1013.33;878.89;5.0;1.0;0;1.0;0;0;1.0;0;0;1.0;0;0;1.0;1.0;0;0;0;0;0
1051439;1.39;0.97;28.0;1330.0;19.5;82.5;14.25;0;12.69;14.39;115.89;143.05;2.31;95134.0;29.0;29.0;43.0;4481.0;1013.48;859.36;5.0;1.0;0;1.0;1.0;0;1.0;0;0;1.0;0;0;1.0;1.0;0;0;1.0;0;0
1051968;1.16;0.99;25.0;1494.0;19.5;82.5;15.75;0;12.91;14.48;122.84;133.85;2.31;95134.0;25.0;25.0;44.0;4501.0;1013.56;859.36;4.0;1.0;0;1.0;0;0;1.0;0;0;1.0;0;0;1.0;1.0;0;0;0;0;0
1052577;1.31;0.97;22.0;1330.0;19.5;82.5;14.25;0;12.74;14.48;91.24;98.84;2.31;95134.0;22.0;22.0;45.0;4498.0;1013.60;839.83;4.0;1.0;0;1.0;1.0;0;1.0;0;0;1.0;0;0;1.0;1.0;0;0;1.0;0;0
1053087;1.32;0.95;17.0;1286.0;19.5;82.5;14.25;0;12.74;14.39;63.04;80.20;2.31;95134.0;18.0;18.0;44.0;4508.0;1013.68;585.93;4.0;1.0;0;1.0;1.0;0;1.0;0;0;1.0;0;0;1.0;1.0;0;0;1.0;0;0
1053610;1.24;0.95;15.0;1300.0;19.5;82.5;14.25;0;12.74;14.48;48.39;61.61;2.31;95134.0;16.0;16.0;44.0;4513.0;1013.68;781.24;4.0;1.0;0;1.0;1.0;0;1.0;0;0;1.0;0;0;1.0;1.0;0;0;1.0;0;0
1054128;1.37;0.94;13.0;1280.0;19.5;82.5;14.25;0;12.72;14.48;37.14;44.86;2.31;95134.0;14.0;14.0;44.0;4502.0;1013.72;39.06;3.0;1.0;0;1.0;0;0;1.0;0;0;1.0;0;0;1.0;1.0;0;0;0;0;0
1054648;1.24;0.96;12.0;1314.0;19.5;82.5;13.5;0;12.57;14.39;27.04;34.43;2.31;95134.0;13.0;13.0;44.0;4517.0;1013.72;39.06;3.0;1.0;0;1.0;1.0;0;1.0;0;0;1.0;0;0;1.0;1.0;0;0;1.0;0;0
1055167;1.44;0.98;11.0;1296.0;19.5;82.5;14.25;0;12.71;14.39;21.46;27.38;2.31;95134.0;12.0;12.0;44.0;4515.0;1013.76;117.18;3.0;1.0;0;1.0;0;0;1.0;0;0;1.0;0;0;1.0;1.0;0;0;0;0;0
1055688;1.35;0.98;10.0;1299.0;19.5;82.5;14.25;0;12.68;14.58;23.35;20.99;2.31;95134.0;11.0;11.0;43.0;4498.0;1013.76;820.30;2.0;1.0;0;1.0;0;0;1.0;0;0;1.0;0;0;1.0;1.0;0;0;0;0;0
1056308;3.43;1.00;10.0;2177.0;19.5;82.5;-9.0;6.66;10.31;14.39;22.16;20.40;2.31;95134.0;11.0;10.0;47.0;4575.0;1013.76;898.42;1.0;1.0;0;1.0;0;0;1.0;0;0;1.0;0;0;1.0;1.0;0;0;0;0;0
1056828;3.07;0.98;12.0;2128.0;19.5;82.5;0.75;6.66;15.89;14.48;29.31;17.69;2.31;95134.0;13.0;12.0;47.0;4541.0;1013.76;820.30;1.0;1.0;0;1.0;0;0;1.0;0;0;1.0;0;0;1.0;1.0;0;0;0;0;0
1057348;3.80;1.00;16.0;2288.0;19.5;82.5;15.75;10.19;27.50;14.58;57.10;99.62;2.31;95134.0;17.0;17.0;47.0;4432.0;1013.76;878.89;1.0;1.0;0;1.0;0;0;1.0;0;0;1.0;0;0;1.0;1.0;0;0;0;0;0
1057868;4.27;0.99;23.0;2613.0;19.5;82.5;23.25;16.47;32.45;14.48;201.56;164.48;2.31;95134.0;23.0;23.0;47.0;4432.0;1013.76;781.24;1.0;1.0;0;1.0;0;0;1.0;0;0;1.0;0;0;1.0;1.0;0;0;0;0;0
1058387;4.48;0.96;31.0;3413.0;19.5;82.5;24.75;20.78;34.48;14.48;263.73;224.75;2.31;95134.0;30.0;31.0;47.0;4555.0;1013.76;859.36;1.0;1.0;0;1.0;0;0;1.0;0;0;1.0;0;0;1.0;1.0;0;0;0;0;0
1058897;5.04;1.00;35.0;2779.0;19.5;83.25;24.75;17.64;32.91;14.48;311.62;206.56;2.31;95134.0;35.0;35.0;46.0;4461.0;1013.76;859.36;2.0;1.0;0;1.0;0;0;1.0;0;0;1.0;0;0;1.0;1.0;0;0;0;0;0
1059418;4.32;0.96;41.0;3178.0;19.5;83.25;24.0;20.39;34.82;14.48;321.48;253.30;2.31;95134.0;40.0;41.0;46.0;4525.0;1013.76;97.65;2.0;1.0;0;1.0;0;0;1.0;0;0;1.0;0;0;1.0;1.0;0;0;0;0;0
1059938;4.23;1.02;46.0;3632.0;19.5;83.25;29.25;18.43;32.50;14.48;276.36;284.78;2.31;95134.0;46.0;47.0;46.0;4532.0;1013.76;878.89;2.0;1.0;0;1.0;0;0;1.0;0;0;1.0;0;0;1.0;1.0;0;0;0;0;0
1060458;3.80;0.93;51.0;3985.0;19.5;83.25;32.25;17.64;32.21;14.39;293.34;297.94;2.31;95134.0;51.0;51.0;46.0;4596.0;1013.76;683.58;2.0;1.0;0;1.0;0;0;1.0;0;0;1.0;0;0;1.0;1.0;0;0;0;0;0
1060977;5.29;1.00;55.0;4248.0;19.5;83.25;29.25;21.57;35.49;14.48;220.66;234.67;2.31;95134.0;55.0;55.0;46.0;4623.0;1013.76;722.64;2.0;1.0;0;1.0;0;0;1.0;0;0;1.0;0;0;1.0;1.0;0;0;0;0;0
1061498;3.22;1.00;56.0;4031.0;19.5;83.25;42.75;8.62;17.92;14.58;203.67;194.79;2.31;95134.0;57.0;57.0;46.0;4434.0;1013.68;878.89;3.0;1.0;0;1.0;0;0;1.0;0;0;1.0;0;0;1.0;1.0;0;0;0;0;0
1062017;4.60;1.00;60.0;3706.0;19.5;83.25;28.5;20.00;33.96;14.39;207.50;181.37;2.31;95134.0;60.0;61.0;46.0;4445.0;1013.68;878.89;3.0;1.0;0;1.0;0;0;1.0;0;0;1.0;0;0;1.0;1.0;0;0;0;0;0
1062538;5.24;0.95;65.0;3969.0;19.5;83.25;23.25;26.27;41.16;14.39;203.44;173.71;2.31;95134.0;63.0;65.0;46.0;4580.0;1013.72;292.96;3.0;1.0;0;1.0;0;0;1.0;0;0;1.0;0;0;1.0;1.0;0;0;0;0;0
1063058;5.25;0.97;68.0;4228.0;19.5;83.25;23.25;27.06;40.86;14.48;223.34;201.70;2.31;95134.0;68.0;69.0;46.0;4631.0;1013.52;19.53;3.0;1.0;0;1.0;0;0;1.0;0;0;0;0;0;1.0;1.0;0;0;0;0;0
1063577;4.64;1.00;71.0;4114.0;19.5;83.25;35.25;14.51;28.49;14.48;259.43;226.76;2.31;95134.0;70.0;71.0;46.0;4389.0;1013.52;878.89;4.0;1.0;0;1.0;0;0;1.0;0;0;0;0;0;1.0;1.0;0;0;0;0;0
1064098;6.03;1.00;73.0;3838.0;19.5;83.25;20.25;27.84;40.63;14.39;311.85;305.74;2.31;95134.0;73.0;74.0;46.0;4519.0;1013.52;878.89;4.0;1.0;0;1.0;0;0;1.0;0;0;0;0;0;1.0;1.0;0;0;0;0;0
1064617;3.73;1.00;75.0;3528.0;19.5;82.5;37.5;10.19;22.09;14.48;339.95;335.54;2.31;95134.0;75.0;75.0;47.0;4453.0;1013.45;898.42;4.0;1.0;0;1.0;0;0;1.0;0;0;0;0;0;1.0;1.0;0;0;0;0;0
1065138;6.37;1.00;78.0;3630.0;19.5;82.5;18.0;29.41;41.01;14.58;345.64;341.34;2.31;95135.0;77.0;79.0;47.0;4503.0;1013.52;878.89;5.0;1.0;0;1.0;0;0;1.0;0;0;0;0;0;1.0;1.0;0;0;0;0;0
1065658;1.40;0.99;78.0;3643.0;19.5;82.5;34.5;4.70;13.56;14.48;347.36;343.90;2.31;95135.0;78.0;79.0;47.0;4494.0;1013.48;917.95;6.0;1.0;0;1.0;0;0;1.0;0;0;0;0;0;1.0;1.0;0;0;0;0;0
1066178;0.57;1.00;76.0;3224.0;19.5;82.5;36.0;0;12.88;14.58;332.42;331.36;2.31;95135.0;76.0;77.0;47.0;4523.0;1013.41;898.42;6.0;1.0;0;1.0;0;0;1.0;0;0;0;0;0;1.0;1.0;0;0;0;0;0
1066698;0.63;1.00;75.0;3164.0;19.5;82.5;-30.0;0;0;14.48;347.59;329.51;2.31;95135.0;75.0;75.0;47.0;4543.0;1013.33;19.53;6.0;1.0;0;1.0;0;0;1.0;0;0;0;0;0;1.0;1.0;0;0;0;0;0
1067218;0.64;1.00;72.0;3089.0;19.5;82.5;-30.0;0;0;14.48;299.35;309.49;2.31;95135.0;73.0;73.0;47.0;4504.0;1013.09;0;6.0;1.0;0;1.0;0;0;1.0;0;0;0;0;0;1.0;1.0;0;0;0;0;0
1067738;1.09;1.00;71.0;3007.0;19.5;82.5;32.25;1.96;8.73;14.48;298.86;300.95;2.31;95135.0;71.0;71.0;47.0;4251.0;1013.09;878.89;6.0;1.0;0;1.0;0;0;1.0;0;0;0;0;0;1.0;1.0;0;0;0;0;0
1068258;1.59;0.99;70.0;2973.0;19.5;82.5;33.0;3.52;12.70;14.58;211.88;223.34;2.31;95135.0;70.0;70.0;47.0;4364.0;1013.33;898.42;6.0;1.0;0;1.0;0;0;1.0;0;0;0;0;0;1.0;1.0;0;0;0;0;0
1068829;2.16;0.99;68.0;2929.0;19.5;82.5;33.0;5.49;17.12;14.58;246.76;238.48;2.31;95135.0;69.0;69.0;47.0;4458.0;1013.25;878.89;6.0;1.0;0;1.0;0;0;1.0;0;0;0;0;0;1.0;1.0;0;0;0;0;0
1069387;2.50;0.95;68.0;2942.0;19.5;82.5;33.0;7.45;20.94;14.48;305.70;307.83;2.31;95135.0;69.0;69.0;47.0;4496.0;1013.21;859.36;6.0;1.0;0;1.0;0;0;1.0;0;0;0;0;0;1.0;1.0;0;0;0;0;0
1069908;2.38;0.91;70.0;2967.0;19.5;82.5;33.75;7.45;21.24;14.58;330.34;314.82;2.31;95135.0;69.0;70.0;47.0;4522.0;1013.17;742.17;6.0;1.0;0;1.0;0;0;1.0;0;0;0;0;0;1.0;1.0;0;0;0;0;0
1070427;2.52;0.98;70.0;2965.0;19.5;82.5;33.75;7.05;19.31;14.58;347.77;338.57;2.31;95135.0;70.0;70.0;47.0;4486.0;1013.02;898.42;6.0;1.0;0;1.0;0;0;1.0;0;0;0;0;0;1.0;1.0;0;0;0;0;0
1070948;1.34;0.97;70.0;3003.0;19.5;82.5;33.75;3.92;15.19;14.48;258.38;244.84;2.31;95135.0;70.0;71.0;47.0;4551.0;1012.86;820.30;6.0;1.0;0;1.0;0;0;1.0;0;0;0;0;0;1.0;1.0;0;0;0;0;0
1071468;1.70;0.98;70.0;2978.0;19.5;82.5;33.75;4.31;13.91;14.58;277.24;263.36;2.31;95135.0;69.0;70.0;47.0;4498.0;1012.94;859.36;6.0;1.0;0;1.0;0;0;1.0;0;0;0;0;0;1.0;1.0;0;0;0;0;0
1071988;2.2;0.96;70.0;2975.0;19.5;81.75;33.75;5.88;17.50;14.48;243.73;236.33;2.31;95135.0;70.0;70.0;47.0;4498.0;1012.90;859.36;6.0;1.0;0;1.0;0;0;1.0;0;0;0;0;0;1.0;1.0;0;0;0;0;0
1072508;1.76;0.92;70.0;2970.0;19.5;81.75;33.75;5.09;16.36;14.48;302.87;300.37;2.31;95135.0;70.0;70.0;47.0;4526.0;1012.82;820.30;6.0;1.0;0;1.0;0;0;1.0;0;0;0;0;0;1.0;1.0;0;0;0;0;0
1073027;0.89;0.99;70.0;2963.0;19.5;81.75;33.75;1.56;7.75;14.58;262.71;256.21;2.31;95135.0;70.0;70.0;47.0;4522.0;1012.82;898.42;6.0;1.0;0;1.0;0;0;1.0;0;0;0;0;0;1.0;1.0;0;0;0;0;0
1073548;0.67;1.00;68.0;2876.0;19.5;81.75;-30.0;0;0;14.58;232.58;295.02;2.31;95135.0;68.0;68.0;47.0;4559.0;1012.82;742.17;6.0;1.0;0;1.0;0;0;1.0;0;0;0;0;0;1.0;1.0;0;0;0;0;0
1074067;0.67;1.00;66.0;2808.0;19.5;82.5;-30.0;0;0;14.58;207.27;285.15;2.31;95135.0;66.0;66.0;47.0;4582.0;1012.82;0;6.0;1.0;0;1.0;0;0;1.0;0;0;0;0;0;1.0;1.0;0;0;0;0;0
1074588;0.68;1.00;65.0;2725.0;19.5;82.5;-30.0;0;0;14.58;218.87;299.80;2.31;95135.0;65.0;64.0;47.0;4603.0;1012.86;0;6.0;1.0;0;1.0;0;0;1.0;0;0;0;0;0;1.0;1.0;0;0;0;0;0
1075158;0.72;1.00;62.0;2647.0;19.5;82.5;-30.0;0;0;14.67;234.36;328.68;2.31;95135.0;62.0;62.0;47.0;4577.0;1012.90;0;6.0;1.0;0;1.0;0;0;1.0;0;0;0;0;0;1.0;1.0;0;0;0;0;0
1075728;0.71;1.00;61.0;2561.0;19.5;82.5;-30.0;0;0;14.58;266.66;341.71;2.31;95135.0;61.0;60.0;47.0;4553.0;1012.94;0;6.0;1.0;0;1.0;0;0;1.0;0;0;0;0;0;1.0;1.0;0;0;0;0;0
1076237;0.8;1.00;58.0;2489.0;19.5;82.5;21.75;0;12.81;14.58;317.05;349.76;2.31;95135.0;59.0;59.0;48.0;4247.0;1013.02;0;6.0;1.0;0;1.0;0;0;1.0;0;0;0;0;0;1.0;1.0;0;0;0;0;0
1076758;0.84;1.00;56.0;2425.0;19.5;82.5;15.75;0;12.88;14.48;246.76;218.16;2.31;95135.0;57.0;57.0;57.0;4373.0;1013.17;292.96;6.0;1.0;0;1.0;0;0;1.0;0;0;1.0;0;0;1.0;1.0;0;0;0;0;0
1077277;0.87;1.00;52.0;2228.0;19.5;82.5;15.0;0;12.83;14.39;145.63;142.04;2.31;95135.0;51.0;53.0;45.0;4499.0;1013.21;703.11;6.0;1.0;0;1.0;0;0;1.0;0;0;1.0;0;0;1.0;1.0;0;0;0;0;0
1077798;0.95;1.00;46.0;1992.0;19.5;82.5;13.5;0;12.78;14.58;103.29;103.56;2.31;95135.0;47.0;47.0;43.0;4510.0;1013.37;19.53;6.0;1.0;0;1.0;0;0;1.0;0;0;1.0;0;0;1.0;1.0;0;0;0;0;0
1078318;1.04;1.00;40.0;1745.0;19.5;82.5;15.0;0;12.76;14.39;81.47;79.72;2.31;95135.0;40.0;41.0;42.0;4508.0;1013.48;39.06;6.0;1.0;0;1.0;0;0;1.0;0;0;1.0;0;0;1.0;1.0;0;0;0;0;0
1078838;4.66;1.01;37.0;1618.0;19.5;82.5;-0.75;5.09;15.16;14.48;70.79;82.08;2.31;95135.0;38.0;38.0;47.0;4523.0;1013.56;917.95;6.0;1.0;0;1.0;1.0;0;1.0;0;0;1.0;0;0;1.0;1.0;0;0;1.0;0;0
1079358;1.29;0.99;37.0;1590.0;19.5;82.5;14.25;0;12.99;14.58;61.69;70.09;2.31;95135.0;37.0;37.0;44.0;4518.0;1013.64;859.36;4.0;1.0;0;1.0;0;0;1.0;0;0;1.0;0;0;1.0;1.0;0;0;0;0;0
1079877;3.50;0.99;37.0;2657.0;19.5;82.5;16.5;8.62;22.12;14.48;80.24;97.37;2.31;95135.0;37.0;37.0;47.0;4454.0;1013.68;917.95;4.0;1.0;0;1.0;0;0;1.0;0;0;1.0;0;0;1.0;1.0;0;0;0;0;0
1080398;5.18;1.00;40.0;2180.0;19.5;82.5;12.75;17.64;37.19;14.39;82.96;120.96;2.31;95135.0;40.0;40.0;47.0;4463.0;1013.68;859.36;4.0;1.0;0;1.0;0;0;1.0;0;0;1.0;0;0;1.0;1.0;0;0;0;0;0
1080917;4.77;0.98;45.0;2320.0;19.5;82.5;15.0;18.43;36.69;14.58;183.44;187.46;2.31;95135.0;44.0;45.0;47.0;4452.0;1013.72;859.36;4.0;1.0;0;1.0;0;0;1.0;0;0;1.0;0;0;1.0;1.0;0;0;0;0;0
1081439;4.24;0.94;47.0;2529.0;19.5;82.5;19.5;18.82;34.74;14.58;235.35;254.78;2.31;95135.0;47.0;48.0;47.0;4451.0;1013.72;273.43;4.0;1.0;0;1.0;0;0;1.0;0;0;1.0;0;0;1.0;1.0;0;0;0;0;0
1081967;4.17;0.97;51.0;2669.0;19.5;82.5;21.0;18.43;34.33;14.48;260.68;281.70;2.31;95135.0;49.0;52.0;47.0;4545.0;1013.76;58.59;4.0;1.0;0;1.0;0;0;1.0;0;0;1.0;0;0;1.0;1.0;0;0;0;0;0
1082477;4.30;1.02;53.0;2823.0;19.5;82.5;23.25;18.04;33.77;14.39;306.77;320.31;2.31;95135.0;54.0;54.0;47.0;4561.0;1013.76;800.77;4.0;1.0;0;1.0;0;0;1.0;0;0;1.0;0;0;1.0;1.0;0;0;0;0;0
1082998;3.90;1.00;57.0;2991.0;19.5;82.5;25.5;16.08;31.82;14.48;294.66;283.10;2.31;95135.0;56.0;58.0;47.0;4546.0;1013.76;820.30;4.0;1.0;0;1.0;0;0;1.0;0;0;1.0;0;0;1.0;1.0;0;0;0;0;0
1083517;3.19;0.99;58.0;3031.0;19.5;82.5;31.5;10.58;26.13;14.48;337.26;325.33;2.31;95135.0;59.0;59.0;47.0;4520.0;1013.76;878.89;4.0;1.0;0;1.0;0;0;1.0;0;0;1.0;0;0;1.0;1.0;0;0;0;0;0
1084037;2.2;0.97;60.0;3109.0;19.5;82.5;35.25;6.27;19.82;14.39;265.27;258.42;2.31;95135.0;60.0;60.0;47.0;4532.0;1013.76;878.89;4.0;1.0;0;1.0;0;0;1.0;0;0;1.0;0;0;1.0;1.0;0;0;0;0;0
1084558;0.67;1.00;58.0;2880.0;19.5;82.5;18.75;0;12.99;14.58;299.16;268.01;2.31;95135.0;59.0;59.0;47.0;4551.0;1013.76;878.89;4.0;1.0;0;1.0;0;0;1.0;0;0;1.0;0;0;1.0;1.0;0;0;0;0;0
1085087;0.62;1.00;57.0;2941.0;19.5;82.5;-30.0;0;0;14.58;303.53;294.37;2.31;95135.0;57.0;56.0;47.0;4584.0;1013.68;0;4.0;1.0;0;1.0;0;0;1.0;0;0;1.0;0;0;1.0;1.0;0;0;0;0;0
1085648;4.88;1.00;55.0;2810.0;19.5;82.5;-6.75;8.62;12.95;14.58;222.29;247.26;2.31;95135.0;55.0;55.0;47.0;4458.0;1013.72;859.36;4.0;1.0;0;1.0;0;0;1.0;0;0;1.0;0;0;1.0;1.0;0;0;0;0;0
1086183;1.01;1.00;53.0;2810.0;20.25;82.5;30.75;0.78;7.65;14.48;229.28;257.03;2.31;95135.0;54.0;53.0;47.0;4252.0;1013.64;468.74;3.0;1.0;0;1.0;0;0;1.0;0;0;1.0;0;0;1.0;1.0;0;0;0;0;0
1086758;1.36;1.00;51.0;3174.0;20.25;82.5;36.75;2.35;10.50;14.39;303.65;313.16;2.31;95135.0;52.0;51.0;47.0;4325.0;1013.68;917.95;3.0;1.0;0;1.0;0;0;1.0;0;0;1.0;0;0;1.0;1.0;0;0;0;0;0
1087278;2.41;1.00;51.0;3172.0;20.25;82.5;36.0;5.09;17.54;14.58;335.89;335.89;2.31;95135.0;51.0;51.0;47.0;4414.0;1013.72;917.95;3.0;1.0;0;1.0;0;0;1.0;0;0;1.0;0;0;1.0;1.0;0;0;0;0;0
1087800;1.56;0.97;52.0;3189.0;20.25;82.5;36.75;3.52;12.83;14.48;347.84;344.84;2.31;95135.0;52.0;52.0;47.0;4493.0;1013.72;898.42;3.0;1.0;0;1.0;0;0;1.0;0;0;1.0;0;0;1.0;1.0;0;0;0;0;0
1088318;1.57;0.95;52.0;3250.0;20.25;82.5;37.5;3.52;13.23;14.39;347.10;344.37;2.31;95135.0;53.0;53.0;47.0;4503.0;1013.68;878.89;3.0;1.0;0;1.0;0;0;1.0;0;0;1.0;0;0;1.0;1.0;0;0;0;0;0
1088837;2.77;0.92;52.0;3223.0;20.25;82.5;36.0;7.05;21.18;14.48;349.37;345.38;2.31;95135.0;52.0;53.0;47.0;4484.0;1013.72;917.95;3.0;1.0;0;1.0;0;0;1.0;0;0;1.0;0;0;1.0;1.0;0;0;0;0;0
1089358;3.39;1.00;55.0;3358.0;20.25;82.5;33.75;9.80;25.09;14.48;310.66;349.66;2.31;95135.0;54.0;55.0;47.0;4488.0;1013.72;898.42;3.0;1.0;0;1.0;0;0;1.0;0;0;1.0;0;0;1.0;1.0;0;0;0;0;0
1089878;3.38;0.94;57.0;3493.0;20.25;82.5;32.25;13.33;27.97;14.48;325.50;224.94;2.31;95135.0;56.0;57.0;47.0;4516.0;1013.72;781.24;3.0;1.0;0;1.0;0;0;1.0;0;0;1.0;0;0;1.0;1.0;0;0;0;0;0
1090398;3.65;0.92;60.0;3671.0;20.25;82.5;32.25;15.68;29.95;14.48;273.38;225.76;2.31;95135.0;58.0;60.0;47.0;4535.0;1013.68;859.36;3.0;1.0;0;1.0;0;0;1.0;0;0;1.0;0;0;1.0;1.0;0;0;0;0;0
1090918;5.12;1.00;62.0;3852.0;20.25;82.5;26.25;22.74;37.21;14.39;224.00;230.37;2.31;95135.0;61.0;63.0;47.0;4573.0;1013.72;859.36;3.0;1.0;0;1.0;0;0;1.0;0;0;1.0;0;0;1.0;1.0;0;0;0;0;0
1091440;5.56;0.97;66.0;4096.0;20.25;82.5;21.75;28.23;42.31;14.48;122.55;282.97;2.31;95135.0;65.0;67.0;47.0;4631.0;1013.64;156.24;3.0;1.0;0;1.0;0;0;1.0;0;0;1.0;0;0;1.0;1.0;0;0;0;0;0
1091958;5.8;1.04;71.0;4328.0;19.5;82.5;23.25;29.41;41.81;14.48;114.46;207.36;2.31;95135.0;69.0;71.0;47.0;4607.0;1013.52;683.58;3.0;1.0;0;1.0;0;0;1.0;0;0;1.0;0;0;1.0;1.0;0;0;0;0;0
1092467;0;1.00;73.0;4504.0;19.5;82.5;42.0;0;4.41;14.39;184.49;241.07;2.31;95135.0;74.0;74.0;47.0;4499.0;1013.45;937.48;3.0;1.0;0;1.0;0;0;1.0;0;0;0;0;0;1.0;1.0;0;0;0;0;0
1092987;5.84;1.00;77.0;4033.0;19.5;82.5;24.0;26.27;40.09;14.58;269.55;304.39;2.31;95135.0;76.0;78.0;47.0;4477.0;1013.48;878.89;4.0;1.0;0;1.0;0;0;1.0;0;0;0;0;0;1.0;1.0;0;0;0;0;0
1093508;6.08;0.98;81.0;4242.0;19.5;82.5;18.75;33.72;43.45;14.29;322.57;301.25;2.58;95135.0;79.0;82.0;47.0;4601.0;1013.41;566.39;4.0;1.0;0;1.0;0;0;1.0;0;0;0;0;0;1.0;1.0;0;0;0;0;0
1094058;4.96;1.00;83.0;4294.0;19.5;82.5;31.5;20.39;32.52;14.58;317.67;338.27;2.31;95135.0;82.0;83.0;47.0;4403.0;1013.41;878.89;5.0;1.0;0;1.0;0;0;1.0;0;0;0;0;0;1.0;1.0;0;0;0;0;0
1094577;3.89;0.97;86.0;3943.0;19.5;81.75;27.75;21.57;34.98;14.48;264.69;311.62;2.31;95135.0;85.0;86.0;47.0;4525.0;1013.29;839.83;5.0;1.0;0;1.0;0;0;1.0;0;0;0;0;0;1.0;1.0;0;0;0;0;0
1095098;3.10;1.00;87.0;4017.0;19.5;81.75;37.5;12.55;25.63;14.48;306.11;343.47;2.31;95135.0;87.0;88.0;47.0;4481.0;1013.29;898.42;5.0;1.0;0;1.0;0;0;1.0;0;0;0;0;0;1.0;1.0;0;0;0;0;0
1095618;1.86;0.98;87.0;4023.0;19.5;81.75;45.0;6.27;15.98;14.48;169.93;351.26;2.31;95135.0;87.0;88.0;47.0;4436.0;1013.21;917.95;5.0;1.0;0;1.0;0;0;1.0;0;0;0;0;0;1.0;1.0;0;0;0;0;0
1096137;1.50;0.97;86.0;3994.0;19.5;81.75;45.0;4.70;12.51;14.48;257.30;205.72;2.31;95135.0;87.0;87.0;47.0;4470.0;1013.13;917.95;5.0;1.0;0;1.0;0;0;1.0;0;0;0;0;0;1.0;1.0;0;0;0;0;0
1096658;2.04;0.94;86.0;3958.0;19.5;81.75;44.25;6.27;16.24;14.48;234.59;227.91;2.31;95135.0;86.0;86.0;47.0;4484.0;1013.09;878.89;5.0;1.0;0;1.0;0;0;1.0;0;0;0;0;0;1.0;1.0;0;0;0;0;0
1097177;1.64;0.89;86.0;3957.0;19.5;81.75;45.0;5.88;15.40;14.58;245.27;165.69;2.31;95135.0;85.0;86.0;47.0;4534.0;1013.02;898.42;5.0;1.0;0;1.0;0;0;1.0;0;0;0;0;0;1.0;1.0;0;0;0;0;0
1097698;0.77;0.87;83.0;3868.0;19.5;81.75;45.0;1.96;7.45;14.39;200.76;175.30;2.31;95135.0;84.0;84.0;47.0;4522.0;1012.98;898.42;5.0;1.0;0;1.0;0;0;1.0;0;0;0;0;0;1.0;1.0;0;0;0;0;0
1098218;0.52;1.00;81.0;3745.0;19.5;81.75;-30.0;0;0;14.58;234.92;229.84;2.31;95135.0;82.0;82.0;47.0;4567.0;1012.86;683.58;5.0;1.0;0;1.0;0;0;1.0;0;0;0;0;0;1.0;1.0;0;0;0;0;0
1098737;0.56;1.00;80.0;3621.0;19.5;81.75;-30.0;0;0;14.48;284.96;293.06;2.31;95135.0;80.0;79.0;47.0;4577.0;1012.78;0;5.0;1.0;0;1.0;0;0;1.0;0;0;0;0;0;1.0;1.0;0;0;0;0;0
1099258;0.53;1.00;76.0;3512.0;19.5;81.75;-30.0;0;0;14.58;296.68;302.46;2.31;95135.0;77.0;76.0;47.0;4608.0;1012.78;0;5.0;1.0;0;1.0;0;0;1.0;0;0;0;0;0;1.0;1.0;0;0;0;0;0
1099778;0.56;1.00;73.0;3392.0;19.5;81.75;-30.0;0;0;14.58;214.92;333.14;2.31;95135.0;74.0;74.0;47.0;4609.0;1012.78;0;5.0;1.0;0;1.0;0;0;1.0;0;0;0;0;0;1.0;1.0;0;0;0;0;0
1100298;0.58;1.00;71.0;3275.0;19.5;81.75;-30.0;0;0;14.48;253.08;343.74;2.31;95135.0;71.0;71.0;47.0;4596.0;1012.86;0;5.0;1.0;0;1.0;0;0;1.0;0;0;0;0;0;1.0;1.0;0;0;0;0;0
1100818;0.60;1.00;68.0;3176.0;19.5;81.75;-30.0;0;0;14.58;247.13;326.13;2.31;95135.0;69.0;69.0;47.0;4570.0;1012.86;0;5.0;1.0;0;1.0;0;0;1.0;0;0;0;0;0;1.0;1.0;0;0;0;0;0
1101338;0.63;1.00;67.0;3084.0;19.5;81.75;-30.0;0;0;14.58;222.72;330.99;2.31;95135.0;67.0;67.0;47.0;4564.0;1012.86;0;5.0;1.0;0;1.0;0;0;1.0;0;0;0;0;0;1.0;1.0;0;0;0;0;0
1101897;0.93;1.00;65.0;2993.0;19.5;81.75;33.0;1.17;7.32;14.58;198.36;296.83;2.31;95135.0;65.0;65.0;47.0;4280.0;1012.86;0;5.0;1.0;0;1.0;0;0;1.0;0;0;0;0;0;1.0;1.0;0;0;0;0;0
1102417;1.01;1.00;63.0;2897.0;19.5;81.75;33.0;1.56;8.29;14.58;196.97;232.79;2.31;95135.0;64.0;63.0;47.0;4296.0;1012.98;898.42;5.0;1.0;0;1.0;0;0;1.0;0;0;0;0;0;1.0;1.0;0;0;0;0;0
1102953;1.00;0.99;61.0;2854.0;19.5;81.75;31.5;1.56;8.32;14.58;184.32;226.74;2.31;95135.0;62.0;62.0;47.0;4425.0;1013.02;917.95;5.0;1.0;0;1.0;0;0;1.0;0;0;0;0;0;1.0;1.0;0;0;0;0;0
1103507;1.02;0.97;61.0;2776.0;19.5;81.75;30.75;1.56;8.79;14.48;165.39;205.92;2.31;95135.0;61.0;61.0;47.0;4480.0;1013.09;898.42;5.0;1.0;0;1.0;0;0;1.0;0;0;0;0;0;1.0;1.0;0;0;0;0;0
1104027;1.62;0.96;58.0;2642.0;19.5;81.75;29.25;3.52;13.52;14.58;233.65;247.28;2.31;95135.0;58.0;58.0;47.0;4510.0;1013.17;878.89;5.0;1.0;0;1.0;0;0;1.0;0;0;0;0;0;1.0;1.0;0;0;0;0;0
1104547;0.92;1.00;57.0;2422.0;19.5;81.75;23.25;0.78;7.64;14.58;253.40;273.38;2.31;95135.0;57.0;57.0;47.0;4303.0;1013.25;878.89;4.0;1.0;0;1.0;0;0;1.0;0;0;1.0;0;0;1.0;1.0;0;0;0;0;0
1105067;1.0;1.00;55.0;2851.0;19.5;81.75;32.25;1.17;7.63;14.58;298.12;322.16;2.31;95135.0;55.0;55.0;47.0;4263.0;1013.33;898.42;4.0;1.0;0;1.0;0;0;1.0;0;0;1.0;0;0;1.0;1.0;0;0;0;0;0
1105587;1.00;0.99;53.0;2815.0;19.5;81.75;31.5;1.17;7.93;14.48;327.73;298.80;2.31;95135.0;54.0;54.0;47.0;4393.0;1013.33;898.42;4.0;1.0;0;1.0;0;0;1.0;0;0;1.0;0;0;1.0;1.0;0;0;0;0;0
1106107;1.40;0.98;53.0;2799.0;19.5;81.75;30.75;2.35;11.41;14.48;339.64;308.84;2.31;95135.0;54.0;54.0;47.0;4469.0;1013.45;898.42;4.0;1.0;0;1.0;0;0;1.0;0;0;1.0;0;0;1.0;1.0;0;0;0;0;0
1106627;2.08;0.99;55.0;2831.0;19.5;81.75;31.5;4.31;16.57;14.48;347.36;335.09;2.31;95135.0;53.0;55.0;47.0;4489.0;1013.56;878.89;4.0;1.0;0;1.0;0;0;1.0;0;0;1.0;0;0;1.0;1.0;0;0;0;0;0
1107147;1.94;0.96;55.0;2865.0;19.5;81.75;32.25;4.31;16.39;14.39;331.77;307.61;2.31;95135.0;54.0;55.0;47.0;4515.0;1013.56;878.89;4.0;1.0;0;1.0;0;0;1.0;0;0;1.0;0;0;1.0;1.0;0;0;0;0;0
1107667;1.78;0.94;55.0;2841.0;19.5;81.75;31.5;3.92;15.36;14.48;315.72;321.99;2.31;95135.0;54.0;55.0;47.0;4522.0;1013.60;859.36;4.0;1.0;0;1.0;0;0;1.0;0;0;1.0;0;0;1.0;1.0;0;0;0;0;0
1108187;3.91;1.00;55.0;2863.0;19.5;81.75;29.25;10.98;27.37;14.48;309.58;318.53;2.31;95135.0;54.0;55.0;47.0;4483.0;1013.64;898.42;4.0;1.0;0;1.0;0;0;1.0;0;0;1.0;0;0;1.0;1.0;0;0;0;0;0
1108707;4.73;1.00;57.0;3000.0;19.5;81.75;23.25;20.00;34.68;14.48;304.68;322.69;2.31;95135.0;56.0;58.0;47.0;4520.0;1013.68;820.30;4.0;1.0;0;1.0;0;0;1.0;0;0;1.0;0;0;1.0;1.0;0;0;0;0;0
1109277;4.96;1.00;60.0;3139.0;19.5;81.75;19.5;23.53;37.30;14.39;221.48;216.88;2.31;95135.0;59.0;61.0;47.0;4555.0;1013.72;273.43;4.0;1.0;0;1.0;0;0;1.0;0;0;0;0;0;1.0;1.0;0;0;0;0;0
1109787;4.88;1.05;63.0;3338.0;19.5;81.75;21.75;22.74;35.07;14.48;288.71;255.45;2.31;95135.0;63.0;64.0;47.0;4515.0;1013.72;761.70;4.0;1.0;0;1.0;0;0;1.0;0;0;0;0;0;1.0;1.0;0;0;0;0;0
1110307;3.80;0.98;67.0;3504.0;19.5;81.75;26.25;20.00;33.93;14.39;243.28;300.95;2.31;95135.0;65.0;68.0;47.0;4526.0;1013.72;800.77;4.0;1.0;0;1.0;0;0;1.0;0;0;0;0;0;1.0;1.0;0;0;0;0;0
1110838;5.60;1.00;70.0;3647.0;19.5;81.75;20.25;26.66;39.08;14.48;312.79;334.76;2.31;95135.0;69.0;70.0;47.0;4544.0;1013.76;781.24;4.0;1.0;0;1.0;0;0;1.0;0;0;0;0;0;1.0;1.0;0;0;0;0;0
1111428;4.93;1.00;73.0;3836.0;19.5;81.75;24.0;24.31;37.87;14.48;332.92;349.25;2.31;95135.0;73.0;74.0;47.0;4578.0;1013.76;800.77;4.0;1.0;0;1.0;0;0;1.0;0;0;0;0;0;1.0;1.0;0;0;0;0;0
1111947;5.90;0.97;77.0;4046.0;19.5;81.75;19.5;31.76;43.40;14.48;342.34;237.23;2.31;95135.0;77.0;78.0;47.0;4609.0;1013.76;820.30;4.0;1.0;0;1.0;0;0;1.0;0;0;0;0;0;1.0;1.0;0;0;0;0;0
1112467;4.52;1.00;81.0;4224.0;19.5;81.75;27.0;23.92;37.08;14.58;302.50;266.68;2.31;95135.0;80.0;82.0;47.0;4585.0;1013.52;820.30;4.0;1.0;0;1.0;0;0;1.0;0;0;0;0;0;1.0;1.0;0;0;0;0;0
1112987;5.73;1.00;85.0;4401.0;19.5;81.75;22.5;31.76;41.53;14.48;338.94;247.95;2.31;95135.0;83.0;85.0;47.0;4551.0;1013.52;683.58;4.0;1.0;0;1.0;0;0;1.0;0;0;0;0;0;1.0;1.0;0;0;0;0;0
1113598;5.53;1.04;90.0;4680.0;19.5;81.75;25.5;32.16;39.69;14.58;338.55;229.90;2.31;95135.0;87.0;90.0;47.0;4554.0;1013.41;97.65;4.0;1.0;0;1.0;0;0;1.0;0;0;0;0;0;1.0;1.0;0;0;0;0;0
1114118;6.33;1.02;93.0;4851.0;19.5;81.75;20.25;40.00;43.56;14.48;343.04;186.21;2.31;95135.0;91.0;93.0;47.0;4496.0;1013.13;664.05;4.0;1.0;0;1.0;0;0;1.0;0;0;0;0;0;1.0;1.0;0;0;0;0;0
1114637;6.43;1.00;93.0;4485.0;19.5;81.75;27.75;27.45;38.05;14.39;256.72;218.48;2.31;95135.0;93.0;94.0;47.0;4405.0;1013.05;878.89;5.0;1.0;0;1.0;0;0;1.0;0;0;0;0;0;1.0;1.0;0;0;0;0;0
1115159;4.50;0.99;96.0;4405.0;19.5;81.75;27.75;25.88;37.20;14.48;231.48;196.62;2.31;95135.0;95.0;96.0;47.0;4586.0;1013.05;39.06;5.0;1.0;0;1.0;0;0;1.0;0;0;0;0;0;1.0;1.0;0;0;0;0;0
1115678;5.03;1.05;97.0;4498.0;19.5;82.5;28.5;25.49;36.21;14.58;237.69;168.56;2.31;95135.0;96.0;98.0;47.0;4538.0;1013.05;156.24;5.0;1.0;0;1.0;0;0;1.0;0;0;0;0;0;1.0;1.0;0;0;0;0;0
1116198;6.42;1.00;100.0;4613.0;19.5;82.5;23.25;34.51;41.55;14.48;314.96;203.99;2.31;95135.0;98.0;100.0;47.0;4520.0;1012.90;859.36;5.0;1.0;0;1.0;0;0;1.0;0;0;0;0;0;1.0;1.0;0;0;0;0;0
1116718;2.84;1.00;100.0;4354.0;19.5;82.5;45.75;10.19;18.16;14.48;339.11;310.35;2.31;95135.0;100.0;101.0;47.0;4503.0;1012.98;839.83;5.0;1.0;0;1.0;0;0;1.0;0;0;0;0;0;1.0;1.0;0;0;0;0;0
1117238;4.77;0.97;102.0;4327.0;19.5;82.5;28.5;23.92;36.30;14.48;347.39;335.77;2.31;95135.0;101.0;102.0;47.0;4535.0;1013.02;78.12;6.0;1.0;0;1.0;0;0;1.0;0;0;0;0;0;1.0;1.0;0;0;0;0;0
1117757;5.09;1.07;103.0;4394.0;19.5;82.5;28.5;23.92;35.66;14.48;350.27;347.94;2.31;95135.0;102.0;103.0;47.0;4529.0;1013.02;859.36;6.0;1.0;0;1.0;0;0;1.0;0;0;0;0;0;1.0;1.0;0;0;0;0;0
1118278;6.24;1.00;105.0;4454.0;19.5;82.5;21.0;34.51;42.50;14.48;349.91;333.24;2.31;95135.0;103.0;105.0;47.0;4518.0;1013.02;703.11;6.0;1.0;0;1.0;0;0;1.0;0;0;0;0;0;1.0;1.0;0;0;0;0;0
1118798;3.44;1.00;105.0;4452.0;19.5;82.5;38.25;14.51;26.31;14.48;314.51;332.08;2.31;95136.0;104.0;105.0;47.0;4460.0;1012.98;820.30;6.0;1.0;0;1.0;0;0;1.0;0;0;0;0;0;1.0;1.0;0;0;0;0;0
1119318;3.44;0.96;105.0;4445.0;19.5;82.5;36.0;16.08;27.76;14.48;338.57;322.20;2.31;95136.0;104.0;105.0;47.0;4547.0;1012.98;78.12;6.0;1.0;0;1.0;0;0;1.0;0;0;0;0;0;1.0;1.0;0;0;0;0;0
1119838;3.67;1.04;105.0;4446.0;19.5;82.5;36.75;15.29;27.17;14.48;342.69;258.10;2.31;95136.0;104.0;105.0;47.0;4522.0;1012.94;820.30;6.0;1.0;0;1.0;0;0;1.0;0;0;0;0;0;1.0;1.0;0;0;0;0;0
1120358;3.2;1.00;105.0;4445.0;19.5;82.5;39.75;12.94;24.76;14.48;329.80;227.79;2.31;95136.0;104.0;105.0;47.0;4494.0;1012.82;742.17;6.0;1.0;0;1.0;0;0;1.0;0;0;0;0;0;1.0;1.0;0;0;0;0;0
1120878;2.80;0.99;105.0;4430.0;19.5;82.5;42.0;10.19;21.96;14.48;298.12;178.42;2.31;95136.0;104.0;105.0;47.0;4475.0;1012.82;839.83;6.0;1.0;0;1.0;0;0;1.0;0;0;0;0;0;1.0;1.0;0;0;0;0;0
1121398;2.50;0.91;103.0;4409.0;19.5;82.5;42.75;9.80;21.45;14.58;205.70;239.12;2.31;95136.0;103.0;104.0;47.0;4472.0;1012.82;214.84;6.0;1.0;0;1.0;0;0;1.0;0;0;0;0;0;1.0;1.0;0;0;0;0;0
1121918;2.59;0.95;103.0;4366.0;19.5;82.5;42.75;9.41;21.30;14.58;254.41;246.78;2.31;95136.0;102.0;103.0;47.0;4510.0;1012.90;781.24;6.0;1.0;0;1.0;0;0;1.0;0;0;0;0;0;1.0;1.0;0;0;0;0;0
1122437;2.75;0.91;102.0;4340.0;19.5;82.5;40.5;11.37;23.55;14.48;296.85;317.49;2.31;95136.0;102.0;103.0;47.0;4509.0;1012.82;78.12;6.0;1.0;0;1.0;0;0;1.0;0;0;0;0;0;1.0;1.0;0;0;0;0;0
1122958;3.29;1.00;102.0;4383.0;19.5;82.5;39.0;13.33;25.46;14.48;335.09;322.73;2.31;95136.0;102.0;103.0;47.0;4540.0;1012.66;859.36;6.0;1.0;0;1.0;0;0;1.0;0;0;0;0;0;1.0;1.0;0;0;0;0;0
1123478;2.65;0.94;102.0;4327.0;19.5;82.5;42.0;10.19;22.18;14.58;310.05;344.95;2.31;95136.0;101.0;103.0;47.0;4495.0;1012.70;683.58;6.0;1.0;0;1.0;0;0;1.0;0;0;0;0;0;1.0;1.0;0;0;0;0;0
1123998;2.40;0.92;101.0;4300.0;19.5;82.5;42.75;9.02;20.63;14.39;331.71;345.79;2.31;95136.0;101.0;102.0;47.0;4479.0;1012.74;664.05;6.0;1.0;0;1.0;0;0;1.0;0;0;0;0;0;1.0;1.0;0;0;0;0;0
1124518;3.66;1.00;101.0;4313.0;19.5;82.5;36.75;15.29;27.24;14.58;333.10;312.18;2.31;95136.0;101.0;102.0;47.0;4547.0;1012.74;820.30;6.0;1.0;0;1.0;0;0;1.0;0;0;0;0;0;1.0;1.0;0;0;0;0;0
1125038;3.88;0.99;102.0;4311.0;19.5;82.5;33.75;18.04;30.21;14.48;321.24;286.91;2.31;95136.0;101.0;102.0;47.0;4579.0;1012.82;722.64;6.0;1.0;0;1.0;0;0;1.0;0;0;0;0;0;1.0;1.0;0;0;0;0;0
1125558;3.18;0.97;102.0;4343.0;19.5;82.5;38.25;13.33;25.71;14.58;313.61;313.02;2.31;95136.0;101.0;103.0;47.0;4512.0;1012.74;839.83;6.0;1.0;0;1.0;0;0;1.0;0;0;0;0;0;1.0;1.0;0;0;0;0;0
1126077;2.82;0.93;102.0;4372.0;19.5;82.5;40.5;11.37;23.47;14.48;270.95;297.65;2.31;95136.0;102.0;103.0;47.0;4480.0;1012.82;664.05;6.0;1.0;0;1.0;0;0;1.0;0;0;0;0;0;1.0;1.0;0;0;0;0;0
1126598;3.23;0.93;102.0;4364.0;19.5;82.5;39.0;12.15;24.27;14.58;272.46;275.72;2.31;95136.0;102.0;103.0;47.0;4470.0;1012.74;292.96;6.0;1.0;0;1.0;0;0;1.0;0;0;0;0;0;1.0;1.0;0;0;0;0;0
1127119;4.31;0.99;102.0;4340.0;19.5;82.5;32.25;20.39;32.31;14.48;303.43;306.79;2.31;95136.0;102.0;103.0;47.0;4591.0;1012.78;156.24;6.0;1.0;0;1.0;0;0;1.0;0;0;0;0;0;1.0;1.0;0;0;0;0;0
1127677;4.34;1.06;103.0;4421.0;19.5;82.5;33.0;20.00;31.36;14.48;330.33;332.49;2.31;95136.0;103.0;104.0;47.0;4545.0;1012.86;742.17;6.0;1.0;0;1.0;0;0;1.0;0;0;0;0;0;1.0;1.0;0;0;0;0;0
1128198;4.24;1.00;105.0;4432.0;19.5;82.5;33.75;18.82;30.40;14.48;349.29;363.41;2.31;95136.0;103.0;105.0;47.0;4519.0;1012.82;312.49;6.0;1.0;0;1.0;0;0;1.0;0;0;0;0;0;1.0;1.0;0;0;0;0;0
1128718;5.16;1.00;105.0;4441.0;19.5;82.5;29.25;24.70;35.44;14.48;355.09;321.87;2.31;95136.0;104.0;106.0;47.0;4534.0;1012.82;58.59;6.0;1.0;0;1.0;0;0;1.0;0;0;0;0;0;1.0;1.0;0;0;0;0;0
1129237;5.05;1.06;106.0;4502.0;19.5;82.5;29.25;25.10;35.93;14.48;328.86;231.80;2.31;95136.0;105.0;107.0;47.0;4525.0;1012.82;624.99;6.0;1.0;0;1.0;0;0;1.0;0;0;0;0;0;1.0;1.0;0;0;0;0;0
1129758;3.56;1.00;107.0;4496.0;19.5;82.5;36.0;16.47;28.83;14.48;345.23;222.87;2.31;95136.0;107.0;107.0;47.0;4495.0;1012.74;761.70;6.0;1.0;0;1.0;0;0;1.0;0;0;0;0;0;1.0;1.0;0;0;0;0;0
1130277;4.83;1.00;107.0;4562.0;19.5;82.5;30.0;24.70;34.81;14.48;343.02;242.93;2.31;95136.0;106.0;108.0;47.0;4529.0;1012.78;39.06;6.0;1.0;0;1.0;0;0;1.0;0;0;0;0;0;1.0;1.0;0;0;0;0;0
1130797;5.20;1.07;108.0;4573.0;19.5;82.5;29.25;26.66;36.43;14.39;343.53;240.88;2.31;95136.0;107.0;109.0;47.0;4536.0;1012.86;585.93;6.0;1.0;0;1.0;0;0;1.0;0;0;0;0;0;1.0;1.0;0;0;0;0;0
1131318;5.02;1.09;110.0;4673.0;19.5;82.5;30.75;25.49;34.94;14.48;326.11;230.20;2.31;95136.0;108.0;110.0;47.0;4507.0;1012.86;800.77;6.0;1.0;0;1.0;0;0;1.0;0;0;0;0;0;1.0;1.0;0;0;0;0;0
1131838;3.68;1.00;110.0;4689.0;19.5;82.5;36.0;19.21;29.06;14.48;322.03;191.27;2.31;95136.0;109.0;111.0;47.0;4495.0;1012.74;800.77;6.0;1.0;0;1.0;0;0;1.0;0;0;0;0;0;1.0;1.0;0;0;0;0;0
1132387;3.87;1.02;111.0;4711.0;19.5;82.5;36.0;19.21;28.81;14.48;334.49;133.56;2.31;95136.0;109.0;111.0;47.0;4510.0;1012.82;175.77;6.0;1.0;0;1.0;0;0;1.0;0;0;0;0;0;1.0;1.0;0;0;0;0;0
1132908;3.94;1.04;111.0;4700.0;19.5;82.5;36.0;18.82;28.71;14.48;319.56;160.86;2.31;95136.0;109.0;111.0;47.0;4511.0;1012.74;605.46;6.0;1.0;0;1.0;0;0;1.0;0;0;0;0;0;1.0;1.0;0;0;0;0;0
1133427;3.88;1.04;111.0;4714.0;19.5;82.5;36.75;18.82;28.33;14.58;324.00;181.60;2.31;95136.0;110.0;112.0;47.0;4499.0;1012.63;761.70;6.0;1.0;0;1.0;0;0;1.0;0;0;0;0;0;1.0;1.0;0;0;0;0;0
1133948;3.68;1.02;112.0;4737.0;19.5;82.5;36.75;18.43;27.82;14.48;343.55;262.63;2.31;95136.0;110.0;112.0;47.0;4519.0;1012.74;722.64;6.0;1.0;0;1.0;0;0;1.0;0;0;0;0;0;1.0;1.0;0;0;0;0;0
1134468;3.51;1.01;111.0;4720.0;19.5;82.5;38.25;16.86;26.80;14.58;353.51;320.27;2.31;95136.0;110.0;111.0;47.0;4509.0;1012.63;742.17;6.0;1.0;0;1.0;0;0;1.0;0;0;0;0;0;1.0;1.0;0;0;0;0;0
1134998;3.64;1.05;111.0;4715.0;19.5;82.5;38.25;16.47;26.50;14.48;335.25;294.80;2.31;95136.0;111.0;111.0;47.0;4508.0;1012.74;644.52;6.0;1.0;0;1.0;0;0;1.0;0;0;0;0;0;1.0;1.0;0;0;0;0;0
1135548;3.30;1.03;111.0;4729.0;19.5;82.5;40.5;14.11;24.72;14.48;349.84;318.69;2.31;95136.0;110.0;111.0;47.0;4501.0;1012.70;683.58;6.0;1.0;0;1.0;0;0;1.0;0;0;0;0;0;1.0;1.0;0;0;0;0;0
1136117;3.05;1.01;110.0;4675.0;19.5;82.5;41.25;11.76;23.37;14.48;349.70;341.16;2.31;95136.0;110.0;111.0;47.0;4502.0;1012.74;722.64;6.0;1.0;0;1.0;0;0;1.0;0;0;0;0;0;1.0;1.0;0;0;0;0;0
1136688;2.67;0.97;110.0;4643.0;19.5;82.5;43.5;10.19;21.42;14.48;297.42;342.49;2.31;95136.0;108.0;110.0;47.0;4484.0;1012.66;683.58;6.0;1.0;0;1.0;0;0;1.0;0;0;0;0;0;1.0;1.0;0;0;0;0;0
1137207;2.46;0.94;108.0;4577.0;19.5;82.5;44.25;9.41;20.58;14.39;317.08;189.73;2.31;95136.0;107.0;108.0;47.0;4484.0;1012.66;371.08;6.0;1.0;0;1.0;0;0;1.0;0;0;0;0;0;1.0;1.0;0;0;0;0;0
1137728;2.64;0.96;107.0;4578.0;19.5;82.5;42.75;10.19;21.34;14.48;233.67;199.45;2.31;95136.0;106.0;107.0;47.0;4505.0;1012.63;800.77;6.0;1.0;0;1.0;0;0;1.0;0;0;0;0;0;1.0;1.0;0;0;0;0;0
1138248;2.48;0.92;106.0;4520.0;19.5;82.5;42.75;9.41;21.00;14.58;195.72;200.37;2.31;95136.0;106.0;106.0;47.0;4505.0;1012.70;546.86;6.0;1.0;0;1.0;0;0;1.0;0;0;0;0;0;1.0;1.0;0;0;0;0;0
1138768;2.43;0.93;105.0;4457.0;19.5;82.5;43.5;9.02;20.55;14.58;115.36;217.07;2.31;95136.0;105.0;106.0;47.0;4502.0;1012.63;800.77;6.0;1.0;0;1.0;0;0;1.0;0;0;0;0;0;1.0;1.0;0;0;0;0;0
1139288;2.36;0.90;105.0;4419.0;19.5;82.5;43.5;9.02;20.61;14.48;209.01;236.09;2.31;95136.0;103.0;105.0;47.0;4502.0;1012.63;97.65;6.0;1.0;0;1.0;0;0;1.0;0;0;0;0;0;1.0;1.0;0;0;0;0;0
1139807;2.40;0.91;103.0;4377.0;19.5;82.5;43.5;9.02;20.66;14.39;281.27;310.83;2.31;95136.0;103.0;104.0;47.0;4508.0;1012.43;664.05;6.0;1.0;0;1.0;0;0;1.0;0;0;0;0;0;1.0;1.0;0;0;0;0;0
1140328;2.42;0.91;102.0;4359.0;19.5;82.5;42.75;9.02;20.84;14.48;274.45;340.48;2.31;95136.0;102.0;103.0;47.0;4505.0;1012.55;781.24;6.0;1.0;0;1.0;0;0;1.0;0;0;0;0;0;1.0;1.0;0;0;0;0;0
1140858;2.36;0.90;102.0;4333.0;19.5;82.5;42.75;9.02;20.60;14.58;307.16;332.28;2.31;95136.0;101.0;102.0;47.0;4509.0;1012.55;781.24;6.0;1.0;0;1.0;0;0;1.0;0;0;0;0;0;1.0;1.0;0;0;0;0;0
1141409;2.25;0.89;101.0;4324.0;19.5;82.5;43.5;8.62;19.84;14.58;320.35;341.97;2.31;95136.0;101.0;102.0;47.0;4476.0;1012.59;253.90;6.0;1.0;0;1.0;0;0;1.0;0;0;0;0;0;1.0;1.0;0;0;0;0;0
1141927;3.13;0.94;101.0;4289.0;19.5;82.5;39.0;12.15;24.75;14.48;344.13;320.95;2.31;95136.0;101.0;102.0;47.0;4563.0;1012.51;664.05;6.0;1.0;0;1.0;0;0;1.0;0;0;0;0;0;1.0;1.0;0;0;0;0;0
1142487;3.17;0.98;102.0;4327.0;19.5;82.5;38.25;12.94;25.31;14.39;313.45;346.09;2.31;95136.0;100.0;102.0;47.0;4545.0;1012.51;546.86;6.0;1.0;0;1.0;0;0;1.0;0;0;0;0;0;1.0;1.0;0;0;0;0;0
1143067;3.64;1.00;102.0;4329.0;19.5;82.5;36.0;15.68;27.99;14.48;316.11;213.71;2.31;95136.0;101.0;102.0;47.0;4543.0;1012.55;624.99;6.0;1.0;0;1.0;0;0;1.0;0;0;0;0;0;1.0;1.0;0;0;0;0;0
1143587;3.41;1.02;102.0;4337.0;19.5;82.5;37.5;14.51;26.75;14.48;251.85;212.25;2.31;95136.0;101.0;103.0;47.0;4529.0;1012.66;722.64;6.0;1.0;0;1.0;0;0;1.0;0;0;0;0;0;1.0;1.0;0;0;0;0;0
1144107;3.15;0.99;102.0;4348.0;19.5;82.5;38.25;12.55;24.82;14.48;212.85;173.15;2.31;95136.0;103.0;103.0;47.0;4478.0;1012.74;800.77;6.0;1.0;0;1.0;0;0;1.0;0;0;0;0;0;1.0;1.0;0;0;0;0;0
1144627;3.48;0.99;102.0;4361.0;19.5;82.5;36.75;15.29;27.17;14.48;224.06;188.56;2.31;95136.0;102.0;103.0;47.0;4525.0;1012.70;820.30;6.0;1.0;0;1.0;0;0;1.0;0;0;0;0;0;1.0;1.0;0;0;0;0;0
1145147;3.04;0.95;103.0;4360.0;19.5;82.5;39.75;12.55;24.75;14.58;240.60;218.85;2.31;95136.0;102.0;103.0;47.0;4506.0;1012.70;644.52;6.0;1.0;0;1.0;0;0;1.0;0;0;0;0;0;1.0;1.0;0;0;0;0;0
1145667;2.89;0.93;103.0;4392.0;19.5;82.5;40.5;11.76;23.90;14.58;304.43;294.74;2.31;95136.0;102.0;103.0;47.0;4501.0;1012.74;332.02;6.0;1.0;0;1.0;0;0;1.0;0;0;0;0;0;1.0;1.0;0;0;0;0;0
1146187;2.95;0.97;103.0;4382.0;19.5;82.5;40.5;11.37;23.58;14.58;346.32;329.33;2.31;95136.0;102.0;103.0;47.0;4503.0;1012.66;820.30;6.0;1.0;0;1.0;0;0;1.0;0;0;0;0;0;1.0;1.0;0;0;0;0;0
1146707;2.69;0.90;102.0;4354.0;19.5;82.5;40.5;11.37;23.34;14.48;338.18;338.70;2.31;95136.0;102.0;103.0;47.0;4500.0;1012.66;97.65;6.0;1.0;0;1.0;0;0;1.0;0;0;0;0;0;1.0;1.0;0;0;0;0;0
1147227;3.07;0.98;102.0;4362.0;19.5;82.5;39.75;11.76;24.29;14.58;345.68;340.05;2.31;95136.0;102.0;103.0;47.0;4507.0;1012.70;781.24;6.0;1.0;0;1.0;0;0;1.0;0;0;0;0;0;0;1.0;0;0;0;0;0
1147738;2.98;0.96;102.0;4357.0;19.5;82.5;39.0;11.76;24.31;14.48;345.99;323.80;2.31;95136.0;101.0;103.0;47.0;4524.0;1012.82;820.30;6.0;1.0;0;1.0;0;0;1.0;0;0;0;0;0;1.0;1.0;0;0;0;0;0
1148257;2.64;0.93;102.0;4318.0;19.5;82.5;41.25;10.19;22.22;14.39;328.74;333.61;2.31;95136.0;101.0;102.0;47.0;4483.0;1012.74;761.70;6.0;1.0;0;1.0;0;0;1.0;0;0;0;0;0;1.0;1.0;0;0;0;0;0
1148778;2.36;0.92;101.0;4331.0;19.5;82.5;42.75;8.23;20.03;14.58;308.78;334.04;2.31;95136.0;101.0;102.0;47.0;4467.0;1012.78;839.83;6.0;1.0;0;1.0;0;0;1.0;0;0;0;0;0;1.0;1.0;0;0;0;0;0
1149298;2.06;0.87;101.0;4276.0;19.5;82.5;44.25;7.84;18.86;14.58;295.70;282.52;2.31;95136.0;100.0;101.0;47.0;4488.0;1012.78;136.71;6.0;1.0;0;1.0;0;0;1.0;0;0;0;0;0;1.0;1.0;0;0;0;0;0
1149817;2.52;0.92;100.0;4280.0;19.5;82.5;41.25;9.80;21.63;14.58;244.33;230.59;2.31;95136.0;100.0;101.0;47.0;4502.0;1012.74;800.77;6.0;1.0;0;1.0;0;0;1.0;0;0;0;0;0;1.0;1.0;0;0;0;0;0
1150337;2.56;0.89;100.0;4263.0;19.5;82.5;40.5;10.19;22.74;14.58;209.75;213.32;2.31;95136.0;99.0;101.0;47.0;4522.0;1012.66;78.12;6.0;1.0;0;1.0;0;0;1.0;0;0;0;0;0;1.0;1.0;0;0;0;0;0
1150858;2.67;0.95;100.0;4229.0;19.5;82.5;41.25;9.80;22.02;14.48;238.09;227.01;2.31;95136.0;99.0;100.0;47.0;4497.0;1012.66;839.83;6.0;1.0;0;1.0;0;0;1.0;0;0;0;0;0;1.0;1.0;0;0;0;0;0
1151407;2.32;0.87;100.0;4220.0;19.5;82.5;42.0;9.02;21.11;14.58;285.93;302.71;2.31;95136.0;99.0;100.0;47.0;4508.0;1012.63;175.77;6.0;1.0;0;1.0;0;0;1.0;0;0;0;0;0;1.0;1.0;0;0;0;0;0
1151927;2.25;0.89;98.0;4199.0;19.5;82.5;42.75;8.23;20.05;14.48;310.11;333.80;2.31;95136.0;99.0;99.0;47.0;4503.0;1012.63;371.08;6.0;1.0;0;1.0;0;0;1.0;0;0;0;0;0;1.0;1.0;0;0;0;0;0
1152447;2.00;0.91;98.0;4171.0;19.5;82.5;45.0;7.05;17.55;14.48;325.25;338.02;2.31;95136.0;98.0;99.0;47.0;4486.0;1012.63;820.30;6.0;1.0;0;1.0;0;0;1.0;0;0;0;0;0;1.0;1.0;0;0;0;0;0
1153020;1.64;0.86;97.0;4130.0;19.5;82.5;45.75;5.88;15.37;14.48;316.63;316.07;2.31;95137.0;96.0;98.0;47.0;4474.0;1012.59;800.77;6.0;1.0;0;1.0;0;0;1.0;0;0;0;0;0;1.0;1.0;0;0;0;0;0
1153548;2.14;0.83;96.0;4091.0;19.5;82.5;42.75;9.02;19.77;14.48;246.17;294.82;2.31;95137.0;96.0;97.0;47.0;4475.0;1012.59;878.89;6.0;1.0;0;1.0;0;0;1.0;0;0;0;0;0;1.0;1.0;0;0;0;0;0
1154097;2.68;0.96;96.0;4052.0;19.5;82.5;40.5;9.80;22.36;14.48;245.06;269.70;2.31;95137.0;95.0;97.0;47.0;4536.0;1012.59;839.83;6.0;1.0;0;1.0;0;0;1.0;0;0;0;0;0;1.0;1.0;0;0;0;0;0
1154617;2.16;0.89;96.0;4049.0;19.5;82.5;42.75;7.84;19.39;14.58;231.13;207.81;2.31;95137.0;96.0;96.0;47.0;4503.0;1012.59;820.30;6.0;1.0;0;1.0;0;0;1.0;0;0;0;0;0;1.0;1.0;0;0;0;0;0
1155141;1.96;0.86;95.0;4058.0;19.5;82.5;44.25;7.05;18.09;14.48;200.92;229.55;2.31;95137.0;95.0;96.0;47.0;4493.0;1012.59;820.30;6.0;1.0;0;1.0;0;0;1.0;0;0;0;0;0;1.0;1.0;0;0;0;0;0
1155657;1.68;0.84;95.0;4034.0;19.5;82.5;45.0;6.27;16.34;14.48;298.24;104.09;2.31;95137.0;94.0;95.0;47.0;4497.0;1012.59;781.24;6.0;1.0;0;1.0;0;0;1.0;0;0;0;0;0;1.0;1.0;0;0;0;0;0
1156177;1.52;0.80;93.0;3975.0;19.5;82.5;45.0;5.49;15.28;14.48;338.02;111.28;2.31;95137.0;93.0;94.0;47.0;4502.0;1012.59;839.83;6.0;1.0;0;1.0;0;0;1.0;0;0;0;0;0;1.0;1.0;0;0;0;0;0
1156697;1.60;0.80;92.0;3902.0;19.5;82.5;44.25;5.88;16.12;14.48;335.38;204.94;2.31;95137.0;92.0;93.0;47.0;4497.0;1012.59;58.59;6.0;1.0;0;1.0;0;0;1.0;0;0;0;0;0;1.0;1.0;0;0;0;0;0
1157217;1.89;0.85;91.0;3852.0;19.5;82.5;42.75;6.66;18.04;14.48;352.55;237.26;2.31;95137.0;91.0;91.0;47.0;4521.0;1012.59;136.71;6.0;1.0;0;1.0;0;0;1.0;0;0;0;0;0;1.0;1.0;0;0;0;0;0
1157737;2.56;0.90;91.0;3857.0;19.5;82.5;39.0;9.80;22.23;14.39;349.45;261.38;2.31;95137.0;90.0;91.0;47.0;4525.0;1012.59;761.70;6.0;1.0;0;1.0;0;0;1.0;0;0;0;0;0;1.0;1.0;0;0;0;0;0
1158257;2.92;0.87;91.0;3846.0;19.5;82.5;36.0;12.94;25.65;14.48;343.94;324.49;2.31;95137.0;91.0;91.0;47.0;4533.0;1012.59;39.06;6.0;1.0;0;1.0;0;0;1.0;0;0;0;0;0;1.0;1.0;0;0;0;0;0
1158777;2.68;0.95;91.0;3875.0;19.5;82.5;38.25;10.58;23.30;14.48;283.86;303.90;2.31;95137.0;91.0;92.0;47.0;4523.0;1012.59;859.36;6.0;1.0;0;1.0;0;0;1.0;0;0;0;0;0;1.0;1.0;0;0;0;0;0
1159297;3.16;0.99;91.0;3909.0;19.5;82.5;36.75;11.76;24.95;14.48;299.06;243.94;2.31;95137.0;91.0;92.0;47.0;4509.0;1012.59;859.36;6.0;1.0;0;1.0;0;0;1.0;0;0;0;0;0;1.0;1.0;0;0;0;0;0
1159817;2.80;0.91;92.0;3916.0;19.5;82.5;37.5;11.37;24.10;14.48;283.39;246.37;2.31;95137.0;92.0;92.0;47.0;4525.0;1012.59;742.17;6.0;1.0;0;1.0;0;0;1.0;0;0;0;0;0;1.0;1.0;0;0;0;0;0
1160337;2.41;0.98;92.0;3923.0;19.5;82.5;41.25;7.84;19.67;14.58;208.73;232.25;2.31;95137.0;91.0;93.0;47.0;4484.0;1012.59;878.89;6.0;1.0;0;1.0;0;0;1.0;0;0;0;0;0;1.0;1.0;0;0;0;0;0
1160858;3.23;0.98;92.0;3932.0;19.5;82.5;36.0;11.76;25.75;14.48;181.74;238.18;2.31;95137.0;91.0;93.0;47.0;4521.0;1012.59;878.89;6.0;1.0;0;1.0;0;0;1.0;0;0;0;0;0;1.0;1.0;0;0;0;0;0
1161377;2.58;0.96;92.0;3914.0;19.5;82.5;40.5;9.02;21.36;14.48;205.82;178.17;2.31;95137.0;91.0;92.0;47.0;4500.0;1012.59;878.89;6.0;1.0;0;1.0;0;0;1.0;0;0;0;0;0;1.0;1.0;0;0;0;0;0
1161897;2.12;0.89;91.0;3877.0;19.5;82.5;41.25;7.84;19.54;14.48;235.66;191.37;2.31;95137.0;91.0;92.0;47.0;4511.0;1012.66;722.64;6.0;1.0;0;1.0;0;0;1.0;0;0;0;0;0;1.0;1.0;0;0;0;0;0
1162417;2.91;0.82;91.0;3893.0;19.5;82.5;36.75;12.15;25.05;14.48;251.54;275.82;2.31;95137.0;91.0;92.0;47.0;4522.0;1012.66;117.18;6.0;1.0;0;1.0;0;0;1.0;0;0;0;0;0;1.0;1.0;0;0;0;0;0
1162937;3.04;0.91;92.0;3859.0;19.5;82.5;36.0;13.72;26.12;14.48;296.60;313.57;2.31;95137.0;92.0;92.0;47.0;4548.0;1012.63;78.12;6.0;1.0;0;1.0;0;0;1.0;0;0;0;0;0;1.0;1.0;0;0;0;0;0
1163457;2.89;0.94;92.0;3882.0;19.5;82.5;37.5;11.37;24.01;14.39;321.15;326.56;2.31;95137.0;91.0;92.0;47.0;4501.0;1012.63;820.30;6.0;1.0;0;1.0;0;0;1.0;0;0;0;0;0;1.0;1.0;0;0;0;0;0
1163977;2.72;0.89;92.0;3894.0;19.5;82.5;37.5;10.98;24.09;14.48;335.46;316.63;2.31;95137.0;91.0;92.0;47.0;4514.0;1012.59;273.43;6.0;1.0;0;1.0;0;0;1.0;0;0;0;0;0;1.0;1.0;0;0;0;0;0
1164501;2.80;0.90;92.0;3908.0;19.5;82.5;37.5;11.37;24.30;14.39;315.19;304.49;2.31;95137.0;92.0;93.0;47.0;4512.0;1012.59;742.17;6.0;1.0;0;1.0;0;0;1.0;0;0;0;0;0;1.0;1.0;0;0;0;0;0
1165033;2.84;0.91;92.0;3931.0;19.5;82.5;37.5;11.37;24.46;14.48;316.91;252.87;2.31;95137.0;92.0;93.0;47.0;4527.0;1012.59;644.52;6.0;1.0;0;1.0;0;0;1.0;0;0;0;0;0;1.0;1.0;0;0;0;0;0
1165537;2.51;0.96;92.0;3931.0;19.5;82.5;40.5;8.62;20.81;14.39;285.91;226.13;2.31;95137.0;92.0;93.0;47.0;4502.0;1012.59;859.36;6.0;1.0;0;1.0;0;0;1.0;0;0;0;0;0;1.0;1.0;0;0;0;0;0
1166061;2.30;0.90;92.0;3899.0;19.5;82.5;41.25;8.23;20.38;14.58;268.26;217.91;2.31;95137.0;91.0;92.0;47.0;4504.0;1012.59;820.30;6.0;1.0;0;1.0;0;0;1.0;0;0;0;0;0;1.0;1.0;0;0;0;0;0
1166587;2.70;0.84;92.0;3913.0;19.5;82.5;37.5;11.37;24.11;14.48;192.33;253.92;2.31;95137.0;92.0;92.0;47.0;4519.0;1012.59;78.12;6.0;1.0;0;1.0;0;0;1.0;0;0;0;0;0;1.0;1.0;0;0;0;0;0
1167170;3.00;0.93;92.0;3894.0;19.5;82.5;36.75;12.15;25.29;14.48;206.80;212.66;2.31;95137.0;92.0;92.0;47.0;4527.0;1012.59;820.30;6.0;1.0;0;1.0;0;0;1.0;0;0;0;0;0;1.0;1.0;0;0;0;0;0
1167687;2.77;0.90;92.0;3937.0;19.5;82.5;37.5;11.37;24.11;14.48;191.92;158.89;2.31;95137.0;92.0;93.0;47.0;4519.0;1012.59;683.58;6.0;1.0;0;1.0;0;0;1.0;0;0;0;0;0;1.0;1.0;0;0;0;0;0
1168207;2.92;0.90;92.0;3929.0;19.5;82.5;36.75;12.55;25.32;14.58;222.64;211.09;2.31;95137.0;92.0;93.0;47.0;4521.0;1012.59;195.31;6.0;1.0;0;1.0;0;0;1.0;0;0;0;0;0;1.0;1.0;0;0;0;0;0
1168727;3.03;0.93;93.0;3971.0;19.5;82.5;36.75;12.15;25.35;14.58;210.47;225.51;2.31;95137.0;92.0;94.0;47.0;4510.0;1012.59;820.30;6.0;1.0;0;1.0;0;0;1.0;0;0;0;0;0;1.0;1.0;0;0;0;0;0
1169258;2.52;0.88;93.0;3945.0;19.5;82.5;39.0;10.19;22.98;14.48;222.44;294.39;2.31;95137.0;93.0;94.0;47.0;4508.0;1012.59;117.18;6.0;1.0;0;1.0;0;0;1.0;0;0;0;0;0;1.0;1.0;0;0;0;0;0
1169858;2.66;0.90;93.0;3915.0;19.5;82.5;38.25;10.19;23.21;14.48;306.81;286.64;2.31;95137.0;93.0;93.0;47.0;4496.0;1012.59;683.58;6.0;1.0;0;1.0;0;0;1.0;0;0;0;0;0;1.0;1.0;0;0;0;0;0
1170357;2.61;0.90;92.0;3924.0;19.5;82.5;39.0;10.19;23.01;14.48;265.11;337.96;2.31;95137.0;93.0;93.0;47.0;4508.0;1012.66;683.58;6.0;1.0;0;1.0;0;0;1.0;0;0;0;0;0;1.0;1.0;0;0;0;0;0
1170877;2.44;0.89;92.0;3944.0;19.5;82.5;39.75;9.41;21.82;14.39;322.63;235.14;2.31;95137.0;92.0;93.0;47.0;4512.0;1012.66;664.05;6.0;1.0;0;1.0;0;0;1.0;0;0;0;0;0;1.0;1.0;0;0;0;0;0
1171397;2.21;0.88;92.0;3911.0;19.5;82.5;41.25;7.84;20.18;14.39;275.06;211.11;2.31;95137.0;92.0;93.0;47.0;4512.0;1012.63;703.11;6.0;1.0;0;1.0;0;0;1.0;0;0;0;0;0;1.0;1.0;0;0;0;0;0
1171917;1.96;0.88;92.0;3921.0;19.5;82.5;43.5;6.66;18.33;14.48;244.00;240.19;2.31;95137.0;92.0;93.0;47.0;4491.0;1012.63;839.83;6.0;1.0;0;1.0;0;0;1.0;0;0;0;0;0;1.0;1.0;0;0;0;0;0
1172437;1.99;0.85;92.0;3869.0;19.5;82.5;42.0;7.05;18.62;14.48;224.77;218.32;2.31;95137.0;92.0;92.0;47.0;4507.0;1012.63;683.58;6.0;1.0;0;1.0;0;0;1.0;0;0;0;0;0;1.0;1.0;0;0;0;0;0
1172957;2.06;0.86;91.0;3881.0;19.5;82.5;41.25;7.84;19.32;14.58;229.77;198.56;2.31;95137.0;91.0;91.0;47.0;4505.0;1012.59;488.27;6.0;1.0;0;1.0;0;0;1.0;0;0;0;0;0;1.0;1.0;0;0;0;0;0
1173482;2.74;0.97;91.0;3864.0;19.5;82.5;39.0;9.80;22.39;14.48;222.81;167.17;2.31;95137.0;91.0;91.0;47.0;4521.0;1012.59;859.36;6.0;1.0;0;1.0;0;0;1.0;0;0;0;0;0;1.0;1.0;0;0;0;0;0
1174001;2.56;0.89;91.0;3887.0;19.5;82.5;38.25;10.19;22.56;14.48;222.93;207.77;2.31;95137.0;91.0;92.0;47.0;4521.0;1012.59;605.46;6.0;1.0;0;1.0;0;0;1.0;0;0;0;0;0;1.0;1.0;0;0;0;0;0
1174517;3.33;0.97;92.0;3894.0;19.5;82.5;35.25;14.11;26.55;14.58;244.49;238.10;2.31;95137.0;91.0;92.0;47.0;4540.0;1012.59;683.58;6.0;1.0;0;1.0;0;0;1.0;0;0;0;0;0;1.0;1.0;0;0;0;0;0
1175038;3.17;1.00;92.0;3921.0;19.5;82.5;36.75;12.55;25.32;14.58;246.13;264.12;2.31;95137.0;92.0;93.0;47.0;4518.0;1012.59;859.36;6.0;1.0;0;1.0;0;0;1.0;0;0;0;0;0;1.0;1.0;0;0;0;0;0
1175557;2.97;0.92;92.0;3918.0;19.5;82.5;36.75;12.15;25.29;14.48;290.84;307.22;2.31;95137.0;91.0;93.0;47.0;4521.0;1012.59;683.58;6.0;1.0;0;1.0;0;0;1.0;0;0;0;0;0;1.0;1.0;0;0;0;0;0
1176078;2.70;0.90;92.0;3946.0;19.5;82.5;38.25;10.98;23.73;14.48;296.68;313.74;2.31;95137.0;92.0;93.0;47.0;4509.0;1012.59;761.70;6.0;1.0;0;1.0;0;0;1.0;0;0;0;0;0;1.0;1.0;0;0;0;0;0
1176598;2.58;0.87;92.0;3901.0;19.5;82.5;38.25;10.58;23.24;14.48;258.81;306.99;2.31;95137.0;92.0;93.0;47.0;4493.0;1012.59;78.12;6.0;1.0;0;1.0;0;0;1.0;0;0;0;0;0;1.0;1.0;0;0;0;0;0
1177118;3.08;0.94;92.0;3923.0;19.5;82.5;36.0;12.55;25.52;14.48;237.09;289.57;2.31;95137.0;92.0;93.0;47.0;4515.0;1012.59;859.36;6.0;1.0;0;1.0;0;0;1.0;0;0;0;0;0;1.0;1.0;0;0;0;0;0
1177644;2.72;0.90;92.0;3937.0;19.5;82.5;38.25;10.98;23.94;14.48;223.36;266.44;2.31;95137.0;92.0;93.0;47.0;4511.0;1012.59;722.64;6.0;1.0;0;1.0;0;0;1.0;0;0;0;0;0;1.0;1.0;0;0;0;0;0
1178208;2.76;0.90;92.0;3921.0;19.5;82.5;37.5;11.37;24.13;14.48;208.61;259.28;2.31;95137.0;92.0;93.0;47.0;4515.0;1012.59;703.11;6.0;1.0;0;1.0;0;0;1.0;0;0;0;0;0;1.0;1.0;0;0;0;0;0
1178733;2.86;0.90;92.0;3892.0;19.5;82.5;36.75;11.76;24.90;14.48;204.59;247.83;2.31;95137.0;92.0;93.0;47.0;4528.0;1012.59;820.30;6.0;1.0;0;1.0;0;0;1.0;0;0;0;0;0;1.0;1.0;0;0;0;0;0
1179259;2.06;0.87;92.0;3914.0;19.5;82.5;42.0;7.84;19.67;14.48;196.47;199.24;2.31;95137.0;91.0;92.0;47.0;4500.0;1012.59;703.11;6.0;1.0;0;1.0;0;0;1.0;0;0;0;0;0;1.0;1.0;0;0;0;0;0
1179822;2.20;0.85;91.0;3885.0;19.5;82.5;41.25;8.23;20.45;14.58;236.35;223.77;2.31;95137.0;90.0;91.0;47.0;4501.0;1012.59;507.80;6.0;1.0;0;1.0;0;0;1.0;0;0;0;0;0;1.0;1.0;0;0;0;0;0
1180343;2.16;0.85;90.0;3831.0;19.5;82.5;40.5;7.84;20.14;14.58;286.52;276.15;2.31;95137.0;89.0;90.0;47.0;4506.0;1012.59;175.77;6.0;1.0;0;1.0;0;0;1.0;0;0;0;0;0;1.0;1.0;0;0;0;0;0
1180857;2.48;1.00;90.0;3794.0;19.5;82.5;41.25;7.84;19.71;14.58;314.19;324.86;2.31;95137.0;89.0;90.0;47.0;4490.0;1012.59;878.89;6.0;1.0;0;1.0;0;0;1.0;0;0;0;0;0;1.0;1.0;0;0;0;0;0
1181378;3.18;0.99;90.0;3802.0;19.5;82.5;36.75;11.76;24.72;14.48;346.48;339.56;2.31;95137.0;88.0;90.0;47.0;4515.0;1012.59;859.36;6.0;1.0;0;1.0;0;0;1.0;0;0;0;0;0;1.0;1.0;0;0;0;0;0
1181898;2.79;0.92;88.0;3770.0;19.5;82.5;36.75;10.98;23.94;14.58;329.58;328.65;2.31;95137.0;89.0;89.0;47.0;4516.0;1012.59;742.17;6.0;1.0;0;1.0;0;0;1.0;0;0;0;0;0;1.0;1.0;0;0;0;0;0
1182417;2.52;0.88;88.0;3740.0;19.5;82.5;38.25;9.80;22.56;14.48;308.30;337.73;2.31;95137.0;87.0;89.0;47.0;4525.0;1012.59;292.96;6.0;1.0;0;1.0;0;0;1.0;0;0;0;0;0;1.0;1.0;0;0;0;0;0
1182938;2.08;0.88;88.0;3734.0;19.5;82.5;41.25;7.05;18.88;14.58;338.92;336.71;2.31;95137.0;88.0;88.0;47.0;4500.0;1012.59;820.30;6.0;1.0;0;1.0;0;0;1.0;0;0;0;0;0;1.0;1.0;0;0;0;0;0
1183457;1.80;0.83;87.0;3699.0;19.5;82.5;42.0;6.27;17.54;14.48;311.21;314.10;2.31;95137.0;87.0;88.0;47.0;4506.0;1012.51;292.96;6.0;1.0;0;1.0;0;0;1.0;0;0;0;0;0;1.0;1.0;0;0;0;0;0
1183978;2.04;0.87;86.0;3677.0;19.5;82.5;40.5;7.05;19.08;14.58;307.48;294.33;2.31;95137.0;86.0;87.0;47.0;4506.0;1012.55;253.90;6.0;1.0;0;1.0;0;0;1.0;0;0;0;0;0;1.0;1.0;0;0;0;0;0
1184501;2.06;0.87;86.0;3631.0;19.5;82.5;40.5;7.05;18.93;14.48;300.05;295.29;2.31;95137.0;86.0;86.0;47.0;4510.0;1012.39;781.24;6.0;1.0;0;1.0;0;0;1.0;0;0;0;0;0;1.0;1.0;0;0;0;0;0
1185022;1.98;0.84;86.0;3664.0;19.5;82.5;39.75;7.05;18.98;14.48;308.63;315.62;2.31;95137.0;84.0;87.0;47.0;4528.0;1012.43;78.12;6.0;1.0;0;1.0;0;0;1.0;0;0;0;0;0;1.0;1.0;0;0;0;0;0
1185555;2.36;0.99;85.0;3593.0;19.5;82.5;40.5;6.66;19.06;14.48;256.37;243.69;2.31;95137.0;85.0;85.0;47.0;4506.0;1012.47;898.42;6.0;1.0;0;1.0;0;0;1.0;0;0;0;0;0;1.0;1.0;0;0;0;0;0
1186147;2.18;0.94;85.0;3581.0;19.5;82.5;39.75;6.66;18.80;14.58;320.31;303.24;2.31;95137.0;84.0;85.0;47.0;4521.0;1012.51;878.89;6.0;1.0;0;1.0;0;0;1.0;0;0;0;0;0;1.0;1.0;0;0;0;0;0
1186667;0.73;1.00;83.0;3531.0;19.5;82.5;40.5;1.56;7.12;14.58;341.24;336.54;2.31;95137.0;84.0;84.0;47.0;4569.0;1012.51;898.42;6.0;1.0;0;1.0;0;0;1.0;0;0;0;0;0;1.0;1.0;0;0;0;0;0
1187187;0.54;1.00;81.0;3436.0;19.5;82.5;-30.0;0;0;14.58;347.49;300.56;2.31;95137.0;81.0;81.0;47.0;4631.0;1012.43;0;6.0;1.0;0;1.0;0;0;1.0;0;0;0;0;0;1.0;1.0;0;0;0;0;0
1187707;0.57;1.00;78.0;3335.0;19.5;82.5;-30.0;0;0;14.48;349.76;266.70;2.31;95137.0;79.0;79.0;47.0;4626.0;1012.47;0;6.0;1.0;0;1.0;0;0;1.0;0;0;0;0;0;1.0;1.0;0;0;0;0;0
1188227;0.57;1.00;75.0;3206.0;19.5;83.25;-30.0;0;0;14.58;351.91;294.76;2.31;95137.0;75.0;75.0;46.0;4591.0;1012.43;0;6.0;1.0;0;1.0;0;0;1.0;0;0;0;0;0;1.0;1.0;0;0;0;0;0
1188747;0.62;1.00;72.0;3067.0;19.5;83.25;-30.0;0;0;14.58;294.06;269.37;2.31;95137.0;72.0;72.0;46.0;4571.0;1012.39;0;6.0;1.0;0;1.0;0;0;1.0;0;0;0;0;0;1.0;1.0;0;0;0;0;0
1189268;0.63;1.00;67.0;2904.0;19.5;83.25;-30.0;0;0;14.48;297.96;302.65;2.31;95137.0;68.0;68.0;46.0;4595.0;1012.35;0;6.0;1.0;0;1.0;0;0;1.0;0;0;0;0;0;1.0;1.0;0;0;0;0;0
1189787;0.66;1.00;65.0;2755.0;19.5;83.25;-30.0;0;0;14.48;265.62;322.57;2.31;95137.0;65.0;65.0;46.0;4607.0;1012.43;0;6.0;1.0;0;1.0;0;0;1.0;0;0;0;0;0;1.0;1.0;0;0;0;0;0
1190307;0.68;1.00;61.0;2624.0;19.5;83.25;-30.0;0;0;14.48;215.98;326.30;2.31;95137.0;61.0;62.0;46.0;4603.0;1012.39;0;6.0;1.0;0;1.0;0;0;1.0;0;0;0;0;0;1.0;1.0;0;0;0;0;0
1190827;0.78;1.00;60.0;2521.0;19.5;83.25;12.0;0;10.68;14.58;188.81;332.06;2.31;95137.0;60.0;59.0;46.0;4353.0;1012.43;0;6.0;1.0;0;1.0;0;0;1.0;0;0;0;0;0;1.0;1.0;0;0;0;0;0
1191347;1.53;1.00;57.0;2320.0;19.5;83.25;15.75;2.35;10.84;14.58;221.88;340.29;2.31;95137.0;57.0;57.0;46.0;4306.0;1012.47;761.70;6.0;1.0;0;1.0;0;0;1.0;0;0;1.0;0;0;1.0;1.0;0;0;0;0;0
1191868;0.88;1.00;55.0;2093.0;19.5;83.25;14.25;0;12.66;14.48;259.78;292.32;2.31;95138.0;55.0;55.0;42.0;4392.0;1012.51;19.53;5.0;1.0;0;1.0;0;0;1.0;0;0;1.0;0;0;1.0;1.0;0;0;0;0;0
1192418;0.93;1.00;53.0;2468.0;19.5;83.25;15.75;0;12.68;14.48;281.27;260.94;2.31;95138.0;53.0;53.0;45.0;4483.0;1012.51;78.12;5.0;1.0;0;1.0;0;0;1.0;0;0;1.0;0;0;1.0;1.0;0;0;0;0;0
1192937;0.85;1.00;51.0;2135.0;19.5;83.25;15.75;0;12.66;14.58;290.66;270.21;2.31;95138.0;52.0;51.0;43.0;4477.0;1012.51;58.59;4.0;1.0;0;1.0;0;0;1.0;0;0;1.0;0;0;1.0;1.0;0;0;0;0;0
1193457;0.81;1.00;47.0;2505.0;19.5;83.25;15.75;0;12.62;14.48;316.13;288.53;2.31;95138.0;48.0;48.0;46.0;4510.0;1012.55;19.53;4.0;1.0;0;1.0;0;0;1.0;0;0;1.0;0;0;1.0;1.0;0;0;0;0;0
1193978;0.80;1.00;45.0;2332.0;19.5;83.25;16.5;0;12.56;14.39;234.55;256.37;2.31;95138.0;45.0;45.0;43.0;4524.0;1012.55;39.06;4.0;1.0;0;1.0;0;0;1.0;0;0;1.0;0;0;1.0;1.0;0;0;0;0;0
1194498;0.87;1.00;41.0;2177.0;19.5;83.25;15.0;0;12.62;14.48;236.39;268.22;2.31;95138.0;41.0;42.0;41.0;4545.0;1012.55;19.53;4.0;1.0;0;1.0;0;0;1.0;0;0;1.0;0;0;1.0;1.0;0;0;0;0;0
1195017;0.98;1.00;36.0;1950.0;19.5;83.25;14.25;0;12.56;14.48;165.45;231.37;2.31;95138.0;37.0;37.0;42.0;4515.0;1012.55;19.53;4.0;1.0;0;1.0;0;0;1.0;0;0;1.0;0;0;1.0;1.0;0;0;0;0;0
1195538;1.16;1.00;32.0;1705.0;19.5;83.25;13.5;0;12.51;14.48;164.34;192.54;2.31;95138.0;32.0;32.0;42.0;4516.0;1012.55;58.59;4.0;1.0;0;1.0;1.0;0;1.0;0;0;1.0;0;0;1.0;1.0;0;0;1.0;0;0
1196058;1.24;1.01;26.0;1349.0;19.5;83.25;15.0;0;12.47;14.48;160.51;173.68;2.31;95138.0;27.0;27.0;41.0;4476.0;1012.55;878.89;4.0;1.0;0;1.0;1.0;0;1.0;0;0;1.0;0;0;1.0;1.0;0;0;1.0;0;0
1196577;1.30;0.99;21.0;1270.0;19.5;83.25;14.25;0;12.41;14.29;124.36;141.20;2.58;95138.0;22.0;22.0;41.0;4500.0;1012.55;859.36;3.0;1.0;0;1.0;1.0;0;1.0;0;0;1.0;0;0;1.0;1.0;0;0;1.0;0;0
1197098;1.28;0.97;17.0;1260.0;19.5;83.25;15.0;0;12.51;14.39;118.52;124.07;2.31;95138.0;18.0;18.0;42.0;4504.0;1012.55;820.30;3.0;1.0;0;1.0;1.0;0;1.0;0;0;1.0;0;0;1.0;1.0;0;0;1.0;0;0
1197617;1.29;0.96;15.0;1261.0;19.5;83.25;15.0;0;12.54;14.39;142.31;173.77;2.31;95138.0;16.0;15.0;42.0;4499.0;1012.55;722.64;3.0;1.0;0;1.0;1.0;0;1.0;0;0;1.0;0;0;1.0;1.0;0;0;1.0;0;0
1198138;1.31;0.96;13.0;1224.0;19.5;83.25;17.25;0;13.00;14.48;150.14;205.57;2.31;95138.0;14.0;14.0;42.0;4515.0;1012.55;78.12;3.0;1.0;0;1.0;1.0;0;1.0;0;0;1.0;0;0;1.0;1.0;0;0;1.0;0;0
1198658;1.30;0.97;12.0;1298.0;19.5;83.25;13.5;0;12.35;14.39;192.39;242.60;2.31;95138.0;13.0;13.0;42.0;4501.0;1012.55;39.06;3.0;1.0;0;1.0;0;0;1.0;0;0;1.0;0;0;1.0;1.0;0;0;0;0;0
1199178;1.31;0.99;11.0;1236.0;19.5;83.25;16.5;0;12.87;14.48;213.34;259.55;2.31;95138.0;12.0;12.0;42.0;4517.0;1012.63;58.59;2.0;1.0;0;1.0;0;0;1.0;0;0;1.0;0;0;1.0;1.0;0;0;0;0;0
1199698;1.41;1.01;11.0;1241.0;19.5;83.25;16.5;0;12.87;14.39;228.44;266.87;2.31;95138.0;11.0;11.0;42.0;4506.0;1012.74;58.59;2.0;1.0;0;1.0;1.0;0;1.0;0;0;1.0;0;0;1.0;1.0;0;0;1.0;0;0
1200227;1.32;1.02;11.0;1271.0;19.5;83.25;14.25;0;12.49;14.58;249.26;289.70;2.31;95138.0;11.0;11.0;42.0;4511.0;1012.70;449.21;2.0;1.0;0;1.0;0;0;1.0;0;0;1.0;0;0;1.0;1.0;0;0;0;0;0
1200738;1.28;1.01;11.0;1363.0;19.5;83.25;14.25;0;12.51;14.58;246.31;272.87;2.31;95138.0;11.0;11.0;41.0;4522.0;1012.86;878.89;0;1.0;0;1.0;0;0;1.0;0;0;1.0;0;0;1.0;1.0;0;0;0;0;0
1201257;1.40;1.00;10.0;1227.0;19.5;83.25;18.0;0;13.14;14.48;231.91;217.44;2.31;95138.0;11.0;11.0;43.0;4512.0;1013.05;878.89;1.0;1.0;0;1.0;0;0;1.0;0;0;1.0;0;0;1.0;1.0;0;0;0;0;0
1201778;1.35;0.98;10.0;1285.0;19.5;83.25;14.25;0;12.52;14.48;182.35;203.32;2.31;95138.0;11.0;10.0;44.0;4509.0;1013.25;800.77;1.0;1.0;0;1.0;0;0;1.0;0;0;1.0;0;0;1.0;1.0;0;0;0;0;0
1202298;1.34;0.97;10.0;1272.0;20.25;83.25;14.25;0;12.60;14.48;140.10;148.19;2.31;95138.0;10.0;10.0;44.0;4512.0;1013.17;722.64;1.0;1.0;0;1.0;0;0;1.0;0;0;1.0;0;0;1.0;1.0;0;0;0;0;0
1202818;1.32;0.96;10.0;1229.0;20.25;83.25;17.25;0;13.14;14.39;123.21;122.04;2.31;95138.0;11.0;10.0;43.0;4507.0;1013.29;39.06;1.0;1.0;0;1.0;0;0;1.0;0;0;1.0;0;0;1.0;1.0;0;0;0;0;0
1203338;1.32;0.98;10.0;1298.0;20.25;83.25;13.5;0;12.47;14.58;155.82;172.27;2.31;95138.0;10.0;10.0;43.0;4513.0;1013.45;58.59;1.0;1.0;0;1.0;0;0;1.0;0;0;1.0;0;0;1.0;1.0;0;0;0;0;0
1203858;1.27;0.99;8.0;1334.0;20.25;83.25;13.5;0;12.48;14.48;181.14;175.41;2.31;95138.0;9.0;9.0;43.0;4513.0;1013.48;410.15;1.0;1.0;0;1.0;0;0;1.0;0;0;1.0;0;0;1.0;1.0;0;0;0;0;0
1204428;1.36;0.99;7.0;1279.0;20.25;83.25;13.5;0;12.47;14.48;212.93;200.29;2.31;95138.0;8.0;8.0;43.0;4520.0;1013.56;781.24;1.0;1.0;0;1.0;0;0;1.0;0;0;1.0;0;0;1.0;1.0;0;0;0;0;0
1204948;1.32;0.98;6.0;1255.0;20.25;84.0;14.25;0;12.59;14.39;199.20;175.28;2.31;95138.0;6.0;6.0;42.0;4518.0;1013.64;273.43;1.0;1.0;0;1.0;0;0;1.0;0;0;1.0;0;0;1.0;1.0;0;0;0;0;0
1205467;1.31;0.98;5.0;1256.0;20.25;84.0;15.0;0;12.62;14.58;235.80;171.04;2.31;95138.0;5.0;5.0;42.0;4507.0;1013.68;58.59;1.0;1.0;0;1.0;0;0;1.0;0;0;1.0;0;0;1.0;1.0;0;0;0;0;0
1205988;1.36;0.99;2.0;1296.0;20.25;84.0;12.75;0;12.22;14.58;265.84;208.44;2.31;95138.0;3.0;3.0;41.0;4510.0;1013.68;332.02;1.0;1.0;0;1.0;0;0;1.0;0;0;1.0;0;0;1.0;1.0;0;0;0;0;0
1206507;1.31;0.98;0;1256.0;20.25;84.0;15.0;0;12.48;14.39;208.18;175.35;2.31;95138.0;0;0;42.0;4501.0;1013.72;546.86;1.0;1.0;0;1.0;1.0;0;1.0;0;0;1.0;0;0;1.0;1.0;0;0;1.0;0;0
1207028;1.34;0.99;0;1258.0;20.25;84.0;15.0;0;12.53;14.48;158.38;155.88;2.31;95138.0;0;0;41.0;4501.0;1013.72;761.70;1.0;1.0;0;1.0;0;0;1.0;0;0;1.0;0;0;1.0;1.0;0;0;0;0;0
1207548;1.24;0.98;0;1265.0;20.25;84.0;14.25;0;12.44;14.39;121.67;121.80;2.31;95138.0;0;0;42.0;4520.0;1013.72;722.64;1.0;1.0;0;1.0;1.0;0;1.0;0;0;1.0;0;0;1.0;1.0;0;0;1.0;0;0
1208090;1.32;0.96;0;1277.0;20.25;84.0;13.5;0;12.29;14.58;108.31;93.56;2.31;95138.0;0;0;42.0;4517.0;1013.76;78.12;1.0;1.0;0;1.0;1.0;0;1.0;0;0;1.0;0;0;1.0;1.0;0;0;1.0;0;0
1208607;1.26;0.97;0;1289.0;20.25;84.0;12.75;0;12.16;14.48;105.42;78.88;2.31;95138.0;0;0;41.0;4525.0;1013.76;624.99;1.0;1.0;0;1.0;1.0;0;1.0;0;0;1.0;0;0;1.0;1.0;0;0;1.0;0;0
1209128;1.24;0.97;0;1280.0;20.25;84.0;13.5;0;12.27;14.48;87.67;64.83;2.31;95138.0;0;0;41.0;4514.0;1013.76;39.06;1.0;1.0;0;1.0;0;0;1.0;0;0;1.0;0;0;1.0;1.0;0;0;0;0;0
1209647;1.29;0.98;0;1259.0;20.25;84.75;14.25;0;12.40;14.48;67.31;49.78;2.31;95138.0;0;0;41.0;4501.0;1013.76;78.12;1.0;1.0;0;1.0;0;0;1.0;0;0;1.0;0;0;1.0;1.0;0;0;0;0;0
1210167;1.35;1.00;0;1204.0;20.25;84.75;18.0;0;13.01;14.58;58.70;36.24;2.31;95138.0;0;0;41.0;4522.0;1013.76;58.59;1.0;1.0;0;1.0;0;0;1.0;0;0;1.0;0;0;1.0;1.0;0;0;0;0;0
1210688;1.40;1.02;0;1243.0;20.25;84.75;15.0;0;12.43;14.48;45.07;27.79;2.31;95138.0;0;0;41.0;4500.0;1013.76;97.65;1.0;1.0;0;1.0;0;0;1.0;0;0;1.0;0;0;1.0;1.0;0;0;0;0;0
1211277;1.31;1.03;0;1252.0;20.25;84.75;14.25;0;12.32;14.39;32.81;20.21;2.31;95138.0;0;0;41.0;4504.0;1013.76;800.77;1.0;1.0;0;1.0;0;0;1.0;0;0;1.0;0;0;1.0;1.0;0;0;0;0;0
1211800;1.31;1.01;0;1236.0;20.25;84.75;15.0;0;12.38;14.48;23.86;17.59;2.31;95138.0;0;0;39.0;4523.0;1013.76;878.89;1.0;1.0;0;1.0;0;0;1.0;0;0;1.0;0;0;1.0;1.0;0;0;0;0;0
1212320;1.37;0.99;0;1183.0;20.25;84.75;20.25;0;13.22;14.48;24.52;15.38;2.31;95138.0;0;0;41.0;4516.0;1013.76;820.30;1.0;1.0;0;1.0;0;0;1.0;0;0;1.0;0;0;1.0;1.0;0;0;0;0;0
1212837;1.32;0.98;0;1212.0;20.25;84.75;18.0;0;12.95;14.48;17.83;11.17;2.31;95138.0;0;0;41.0;4499.0;1013.76;507.80;1.0;1.0;0;1.0;0;0;1.0;0;0;1.0;0;0;1.0;1.0;0;0;0;0;0
1213357;1.23;0.98;0;1304.0;20.25;84.75;12.0;0;11.88;14.48;17.88;8.10;2.31;95138.0;0;0;41.0;4528.0;1013.68;58.59;1.0;1.0;0;1.0;0;0;1.0;0;0;1.0;0;0;1.0;1.0;0;0;0;0;0
1213877;1.40;1.00;0;1225.0;20.25;84.75;17.25;0;12.85;14.48;13.71;6.15;2.31;95138.0;0;0;41.0;4502.0;1013.72;97.65;1.0;1.0;0;1.0;1.0;0;1.0;0;0;1.0;0;0;1.0;1.0;0;0;1.0;0;0
1214397;1.29;1.00;0;1244.0;20.25;84.75;15.0;0;12.38;14.48;9.92;4.68;2.31;95138.0;0;0;40.0;4519.0;1013.72;839.83;1.0;1.0;0;1.0;0;0;1.0;0;0;1.0;0;0;1.0;1.0;0;0;0;0;0
1214968;1.25;0.98;0;1269.0;20.25;84.75;13.5;0;12.13;14.39;7.18;5.15;2.31;95138.0;0;0;40.0;4533.0;1013.72;820.30;1.0;1.0;0;1.0;1.0;0;1.0;0;0;1.0;0;0;1.0;1.0;0;0;1.0;0;0
1215488;1.28;0.97;0;1219.0;20.25;84.75;17.25;0;12.79;14.48;5.48;3.92;2.31;95138.0;0;0;40.0;4521.0;1013.60;253.90;1.0;1.0;0;1.0;0;0;1.0;0;0;1.0;0;0;1.0;1.0;0;0;0;0;0
1216008;1.30;0.98;0;1233.0;20.25;84.75;16.5;0;12.66;14.48;6.52;2.81;2.31;95138.0;0;0;40.0;4506.0;1013.60;39.06;1.0;1.0;0;1.0;0;0;1.0;0;0;1.0;0;0;1.0;1.0;0;0;0;0;0
1216528;1.33;0.99;0;1234.0;20.25;84.75;15.75;0;12.31;14.48;10.50;2.01;2.31;95138.0;0;0;41.0;4498.0;1013.56;58.59;1.0;1.0;0;1.0;0;0;1.0;0;0;1.0;0;0;1.0;1.0;0;0;0;0;0
1217047;1.27;1.01;0;1287.0;20.25;84.75;12.0;0;11.86;14.48;8.02;1.50;2.31;95138.0;0;0;40.0;4521.0;1013.56;273.43;1.0;1.0;0;1.0;1.0;0;1.0;0;0;1.0;0;0;1.0;1.0;0;0;1.0;0;0
1217567;1.32;1.00;0;1243.0;20.25;84.75;15.0;0;12.35;14.48;5.80;3.24;2.31;95138.0;0;0;40.0;4505.0;1013.60;820.30;1.0;1.0;0;1.0;1.0;0;1.0;0;0;1.0;0;0;1.0;1.0;0;0;1.0;0;0
1218138;1.26;0.99;0;1245.0;20.25;84.75;15.0;0;12.33;14.39;10.97;9.00;2.31;95138.0;0;0;40.0;4513.0;1013.64;722.64;1.0;1.0;0;1.0;0;0;1.0;0;0;1.0;0;0;1.0;1.0;0;0;0;0;0
1218748;1.26;0.99;0;1267.0;20.25;84.75;13.5;0;12.09;14.39;7.94;6.13;2.31;95138.0;0;0;40.0;4511.0;1013.68;58.59;1.0;1.0;0;1.0;0;0;1.0;0;0;1.0;0;0;1.0;1.0;0;0;0;0;0
1219268;1.31;1.01;0;1254.0;20.25;85.5;14.25;0;12.27;14.39;5.76;4.41;2.31;95138.0;0;0;39.0;4508.0;1013.72;546.86;1.0;1.0;0;1.0;0;0;1.0;0;0;1.0;0;0;1.0;1.0;0;0;0;0;0
1219788;1.40;1.00;0;1229.0;20.25;85.5;16.5;0;12.61;14.48;10.93;5.58;2.31;95138.0;0;0;40.0;4514.0;1013.64;820.30;1.0;1.0;0;1.0;0;0;1.0;0;0;1.0;0;0;1.0;1.0;0;0;0;0;0
1220308;1.23;0.98;0;1278.0;20.25;85.5;12.75;0;11.94;14.48;7.92;4.25;2.31;95138.0;0;0;39.0;4510.0;1013.68;820.30;1.0;1.0;0;1.0;0;0;1.0;0;0;1.0;0;0;1.0;1.0;0;0;1.0;0;0
1220828;1.25;0.97;0;1229.0;20.25;85.5;16.5;0;12.55;14.48;56.63;53.94;2.31;95138.0;0;0;39.0;4524.0;1013.72;820.30;1.0;1.0;0;1.0;0;0;1.0;0;0;1.0;0;0;1.0;1.0;0;0;0;0;0
1221347;1.27;0.95;0;1227.0;20.25;84.75;17.25;0;12.70;14.39;58.66;72.61;2.31;95138.0;0;0;40.0;4508.0;1013.72;371.08;1.0;1.0;0;1.0;0;0;1.0;0;0;1.0;0;0;1.0;1.0;0;0;1.0;0;0
1221870;1.2;0.96;0;1328.0;20.25;84.75;11.25;0;11.52;14.48;45.03;55.77;2.31;95138.0;0;0;41.0;4506.0;1013.68;58.59;1.0;1.0;0;1.0;1.0;0;1.0;0;0;1.0;0;0;1.0;1.0;0;0;1.0;0;0
1222387;1.35;0.98;0;1237.0;20.25;84.75;15.75;0;12.47;14.48;36.46;43.94;2.31;95138.0;0;0;40.0;4514.0;1013.68;39.06;1.0;1.0;0;1.0;0;0;1.0;0;0;1.0;0;0;1.0;1.0;0;0;0;0;0
1222907;1.29;0.99;0;1241.0;20.25;84.75;15.0;0;12.31;14.48;27.98;35.95;2.31;95138.0;0;0;39.0;4511.0;1013.72;644.52;1.0;1.0;0;1.0;0;0;1.0;0;0;1.0;0;0;1.0;1.0;0;0;0;0;0
1223427;1.31;0.98;0;1217.0;20.25;84.75;17.25;0;12.58;14.48;24.92;36.50;2.31;95138.0;0;0;40.0;4516.0;1013.60;761.70;1.0;1.0;0;1.0;0;0;1.0;0;0;1.0;0;0;1.0;1.0;0;0;0;0;0
1223948;1.22;0.97;0;1264.0;20.25;84.75;14.25;0;12.24;14.48;19.11;28.02;2.31;95138.0;0;0;40.0;4504.0;1013.64;156.24;1.0;1.0;0;1.0;0;0;1.0;0;0;1.0;0;0;1.0;1.0;0;0;0;0;0
1224517;1.32;0.99;0;1211.0;20.25;84.75;18.0;0;12.97;14.48;14.64;21.50;2.31;95138.0;0;0;41.0;4501.0;1013.60;58.59;1.0;1.0;0;1.0;0;0;1.0;0;0;1.0;0;0;1.0;1.0;0;0;0;0;0
1225107;1.45;0.99;0;1157.0;20.25;84.75;22.5;0;13.58;14.39;12.73;14.80;2.31;95138.0;0;0;41.0;4515.0;1013.60;585.93;1.0;1.0;0;1.0;0;0;1.0;0;0;1.0;0;0;1.0;1.0;0;0;0;0;0
1225627;1.29;0.97;0;1229.0;20.25;84.75;16.5;0;12.69;14.39;9.74;10.76;2.31;95138.0;0;0;40.0;4520.0;1013.64;97.65;1.0;1.0;0;1.0;0;0;1.0;0;0;1.0;0;0;1.0;1.0;0;0;0;0;0
1226147;1.35;0.99;0;1261.0;20.25;84.75;14.25;0;12.32;14.39;7.46;8.22;2.31;95138.0;0;0;41.0;4515.0;1013.68;195.31;1.0;1.0;0;1.0;1.0;0;1.0;0;0;1.0;0;0;1.0;1.0;0;0;1.0;0;0
1226667;1.28;0.98;0;1235.0;20.25;84.75;15.0;0;12.38;14.48;5.40;12.49;2.31;95138.0;0;0;40.0;4504.0;1013.64;781.24;1.0;1.0;0;1.0;0;0;1.0;0;0;1.0;0;0;1.0;1.0;0;0;0;0;0
1227187;1.24;0.99;0;1272.0;20.25;84.75;13.5;0;12.13;14.48;6.01;9.56;2.31;95138.0;0;0;40.0;4519.0;1013.68;488.27;1.0;1.0;0;1.0;0;0;1.0;0;0;1.0;0;0;1.0;1.0;0;0;0;0;0
1227707;1.25;0.98;0;1243.0;20.25;84.75;15.0;0;12.38;14.39;4.58;7.30;2.31;95138.0;0;0;42.0;4531.0;1013.68;761.70;1.0;1.0;0;1.0;0;0;1.0;0;0;1.0;0;0;1.0;1.0;0;0;0;0;0
1228227;1.34;0.97;0;1228.0;20.25;84.75;16.5;0;12.76;14.48;9.62;13.41;2.31;95138.0;0;0;41.0;4501.0;1013.72;39.06;1.0;1.0;0;1.0;0;0;1.0;0;0;1.0;0;0;1.0;1.0;0;0;0;0;0
1228747;1.28;0.99;0;1276.0;20.25;84.75;13.5;0;12.25;14.39;9.58;14.70;2.31;95138.0;0;0;42.0;4502.0;1013.72;58.59;1.0;1.0;0;1.0;1.0;0;1.0;0;0;1.0;0;0;1.0;1.0;0;0;0;0;0
1229367;1.30;1.01;0;1249.0;20.25;84.75;15.0;0;12.47;14.48;8.72;14.27;2.31;95138.0;0;0;41.0;4501.0;1013.68;507.80;1.0;1.0;0;1.0;0;0;1.0;0;0;1.0;0;0;1.0;1.0;0;0;0;0;0
1229887;1.27;1.00;0;1284.0;20.25;84.75;12.0;0;11.96;14.48;6.32;10.93;2.31;95138.0;0;0;41.0;4508.0;1013.68;820.30;1.0;1.0;0;1.0;0;0;1.0;0;0;1.0;0;0;1.0;1.0;0;0;0;0;0
1230407;1.31;0.98;0;1238.0;20.25;84.75;15.0;0;12.45;14.48;4.82;8.35;2.31;95138.0;0;0;40.0;4510.0;1013.72;761.70;1.0;1.0;0;1.0;1.0;0;1.0;0;0;1.0;0;0;1.0;1.0;0;0;1.0;0;0
1230927;1.18;0.97;0;1279.0;20.25;84.75;13.5;0;12.19;14.29;3.45;5.76;2.58;95138.0;0;0;41.0;4512.0;1013.72;58.59;1.0;1.0;0;1.0;0;0;1.0;0;0;1.0;0;0;1.0;1.0;0;0;0;0;0
1231447;1.35;0.98;0;1185.0;20.25;84.75;19.5;0;13.13;14.48;2.59;4.37;2.31;95138.0;0;0;41.0;4503.0;1013.76;527.33;1.0;1.0;0;1.0;0;0;1.0;0;0;1.0;0;0;1.0;1.0;0;0;0;0;0
1231968;1.33;0.97;0;1245.0;20.25;84.75;15.0;0;12.38;14.48;1.95;3.32;2.31;95138.0;0;0;40.0;4491.0;1013.68;585.93;1.0;1.0;0;1.0;1.0;0;1.0;0;0;1.0;0;0;1.0;1.0;0;0;1.0;0;0
1232488;1.24;0.99;0;1267.0;20.25;84.75;13.5;0;12.15;14.48;1.36;2.51;2.31;95138.0;0;0;39.0;4526.0;1013.68;820.30;1.0;1.0;0;1.0;0;0;1.0;0;0;1.0;0;0;1.0;1.0;0;0;0;0;0
1233018;1.23;0.97;0;1237.0;20.25;84.75;15.75;0;12.49;14.39;31.42;50.09;2.31;95138.0;0;0;40.0;4519.0;1013.72;781.24;1.0;1.0;0;1.0;0;0;1.0;0;0;1.0;0;0;1.0;1.0;0;0;0;0;0
1233568;1.25;0.96;0;1242.0;20.25;84.75;15.0;0;12.35;14.48;24.10;38.45;2.31;95138.0;0;0;40.0;4512.0;1013.64;58.59;1.0;1.0;0;1.0;1.0;0;1.0;0;0;1.0;0;0;1.0;1.0;0;0;1.0;0;0
1234097;1.32;0.98;0;1269.0;20.25;84.75;13.5;0;12.13;14.58;24.68;27.98;2.31;95138.0;0;0;40.0;4516.0;1013.68;39.06;1.0;1.0;0;1.0;0;0;1.0;0;0;1.0;0;0;1.0;1.0;0;0;0;0;0
1234608;1.27;1.00;0;1289.0;20.25;84.75;12.0;0;11.82;14.48;17.94;20.35;2.31;95138.0;0;0;40.0;4518.0;1013.72;468.74;1.0;1.0;0;1.0;0;0;1.0;0;0;1.0;0;0;1.0;1.0;0;0;0;0;0
1235137;1.32;0.99;0;1223.0;20.25;84.75;16.5;0;12.61;14.48;14.92;15.58;2.31;95138.0;0;0;40.0;4511.0;1013.72;820.30;1.0;1.0;0;1.0;1.0;0;1.0;0;0;1.0;0;0;1.0;1.0;0;0;1.0;0;0
1235697;1.23;0.97;0;1252.0;20.25;84.75;14.25;0;12.24;14.39;13.63;11.95;2.31;95138.0;0;0;39.0;4517.0;1013.72;800.77;1.0;1.0;0;1.0;0;0;1.0;0;0;1.0;0;0;1.0;1.0;0;0;0;0;0
1236218;1.19;0.97;0;1252.0;20.25;84.75;15.0;0;12.30;14.48;23.47;14.56;2.31;95138.0;0;0;41.0;4513.0;1013.76;39.06;1.0;1.0;0;1.0;0;0;1.0;0;0;1.0;0;0;1.0;1.0;0;0;0;0;0
1236739;1.41;0.98;0;1164.0;20.25;84.75;21.0;0;13.33;14.58;20.35;10.56;2.31;95138.0;0;0;40.0;4507.0;1013.76;97.65;1.0;1.0;0;1.0;1.0;0;1.0;0;0;1.0;0;0;1.0;1.0;0;0;1.0;0;0
1237258;1.32;1.00;0;1276.0;20.25;84.75;12.75;0;11.98;14.48;19.41;8.08;2.31;95138.0;0;0;39.0;4502.0;1013.76;390.62;1.0;1.0;0;1.0;0;0;1.0;0;0;1.0;0;0;1.0;1.0;0;0;0;0;0
1237778;1.35;0.99;0;1237.0;20.25;84.75;15.0;0;12.30;14.48;23.78;22.10;2.31;95138.0;0;0;39.0;4508.0;1013.76;722.64;1.0;1.0;0;1.0;0;0;1.0;0;0;1.0;0;0;1.0;1.0;0;0;0;0;0
1238297;1.21;0.98;0;1248.0;20.25;84.75;15.0;0;12.29;14.39;81.98;82.84;2.31;95138.0;0;0;39.0;4513.0;1013.68;839.83;1.0;1.0;0;1.0;0;0;1.0;0;0;1.0;0;0;1.0;1.0;0;0;0;0;0
1238818;1.33;0.96;0;1227.0;20.25;84.75;16.5;0;12.61;14.58;140.03;71.77;2.31;95138.0;0;0;40.0;4501.0;1013.72;527.33;1.0;1.0;0;1.0;0;0;1.0;0;0;1.0;0;0;1.0;1.0;0;0;0;0;0
1239340;1.21;0.96;0;1259.0;20.25;84.75;15.0;0;12.27;14.48;107.57;62.10;2.31;95138.0;0;0;40.0;4522.0;1013.72;351.55;1.0;1.0;0;1.0;0;0;1.0;0;0;1.0;0;0;1.0;1.0;0;0;0;0;0
1239858;1.22;0.97;0;1309.0;20.25;84.75;12.0;0;11.80;14.48;98.60;45.21;2.31;95138.0;0;0;40.0;4511.0;1013.72;97.65;1.0;1.0;0;1.0;0;0;1.0;0;0;1.0;0;0;1.0;1.0;0;0;0;0;0
1240378;1.31;0.99;0;1253.0;20.25;84.75;14.25;0;12.24;14.29;75.71;37.04;2.58;95138.0;0;0;39.0;4519.0;1013.68;195.31;1.0;1.0;0;1.0;0;0;1.0;0;0;1.0;0;0;1.0;1.0;0;0;0;0;0
1240898;1.24;0.99;0;1273.0;20.25;84.75;13.5;0;12.09;14.39;77.24;32.20;2.31;95138.0;0;0;40.0;4510.0;1013.68;703.11;1.0;1.0;0;1.0;1.0;0;1.0;0;0;1.0;0;0;1.0;1.0;0;0;1.0;0;0
1241418;1.24;0.97;0;1258.0;20.25;84.75;14.25;0;12.21;14.58;71.87;38.53;2.31;95138.0;0;0;39.0;4515.0;1013.60;722.64;1.0;1.0;0;1.0;0;0;1.0;0;0;1.0;0;0;1.0;1.0;0;0;0;0;0
1241938;1.32;0.95;0;1192.0;20.25;84.75;19.5;0;13.00;14.39;67.90;42.00;2.31;95138.0;0;0;40.0;4508.0;1013.64;566.39;1.0;1.0;0;1.0;0;0;1.0;0;0;1.0;0;0;1.0;1.0;0;0;0;0;0
1242458;1.21;0.96;0;1308.0;20.25;84.75;12.0;0;11.80;14.39;52.12;36.05;2.31;95138.0;0;0;41.0;4503.0;1013.68;78.12;1.0;1.0;0;1.0;0;0;1.0;0;0;1.0;0;0;1.0;1.0;0;0;0;0;0
1242977;1.2;0.98;0;1253.0;20.25;84.75;15.0;0;12.31;14.58;40.03;26.24;2.31;95138.0;0;0;41.0;4521.0;1013.68;58.59;1.0;1.0;0;1.0;0;0;1.0;0;0;1.0;0;0;1.0;1.0;0;0;0;0;0
1243508;1.32;1.00;0;1227.0;20.25;84.75;16.5;0;12.62;14.48;29.13;19.10;2.31;95138.0;0;0;40.0;4508.0;1013.72;292.96;1.0;1.0;0;1.0;0;0;1.0;0;0;1.0;0;0;1.0;1.0;0;0;1.0;0;0
1244027;1.36;1.00;0;1244.0;20.25;84.75;15.0;0;12.31;14.48;23.55;14.62;2.31;95138.0;0;0;39.0;4517.0;1013.72;800.77;1.0;1.0;0;1.0;1.0;0;1.0;0;0;1.0;0;0;1.0;1.0;0;0;1.0;0;0
1244548;1.29;0.99;0;1221.0;20.25;84.75;16.5;0;12.54;14.48;53.74;62.08;2.31;95138.0;0;0;38.0;4528.0;1013.60;859.36;1.0;1.0;0;1.0;0;0;1.0;0;0;1.0;0;0;1.0;1.0;0;0;0;0;0
1245068;1.26;0.97;0;1225.0;20.25;84.75;16.5;0;12.51;14.48;102.70;109.11;2.31;95138.0;0;0;39.0;4512.0;1013.64;781.24;1.0;1.0;0;1.0;1.0;0;1.0;0;0;1.0;0;0;1.0;1.0;0;0;1.0;0;0
1245588;1.20;0.97;0;1249.0;20.25;84.75;14.25;0;12.16;14.48;140.34;119.99;2.31;95138.0;0;0;39.0;4525.0;1013.68;78.12;1.0;1.0;0;1.0;0;0;1.0;0;0;1.0;0;0;1.0;1.0;0;0;0;0;0
1246108;1.28;0.98;0;1230.0;20.25;84.75;15.75;0;12.35;14.39;156.76;170.78;2.31;95138.0;0;0;39.0;4501.0;1013.72;78.12;1.0;1.0;0;1.0;0;0;1.0;0;0;1.0;0;0;1.0;1.0;0;0;0;0;0
1246627;1.36;0.98;0;1219.0;20.25;84.75;17.25;0;12.61;14.48;151.72;171.35;2.31;95138.0;0;0;38.0;4511.0;1013.64;742.17;1.0;1.0;0;1.0;0;0;1.0;0;0;1.0;0;0;1.0;1.0;0;0;1.0;0;0
1247148;1.21;0.97;0;1259.0;20.25;84.75;14.25;0;12.11;14.48;132.58;197.54;2.31;95138.0;0;0;39.0;4507.0;1013.68;820.30;1.0;1.0;0;1.0;0;0;1.0;0;0;1.0;0;0;1.0;1.0;0;0;0;0;0
1247667;1.2;0.95;0;1285.0;20.25;84.75;12.75;0;11.82;14.48;139.36;217.13;2.31;95138.0;0;0;39.0;4515.0;1013.72;761.70;1.0;1.0;0;1.0;0;0;1.0;0;0;1.0;0;0;1.0;1.0;0;0;0;0;0
1248188;1.2;0.96;0;1263.0;20.25;84.75;14.25;0;12.12;14.39;122.45;214.00;2.31;95138.0;0;0;40.0;4513.0;1013.64;39.06;1.0;1.0;0;1.0;0;0;1.0;0;0;1.0;0;0;1.0;1.0;0;0;0;0;0
1248708;1.24;0.98;0;1256.0;20.25;84.75;14.25;0;12.13;14.39;110.71;243.51;2.31;95138.0;0;0;39.0;4522.0;1013.68;58.59;1.0;1.0;0;1.0;0;0;1.0;0;0;1.0;0;0;1.0;1.0;0;0;0;0;0
1249228;1.28;0.99;0;1259.0;20.25;85.5;14.25;0;12.15;14.39;91.69;187.09;2.31;95138.0;0;0;39.0;4509.0;1013.72;117.18;1.0;1.0;0;1.0;0;0;1.0;0;0;1.0;0;0;1.0;1.0;0;0;0;0;0
1249748;1.35;0.99;0;1242.0;20.25;85.5;15.0;0;12.22;14.39;109.28;181.92;2.31;95138.0;0;0;39.0;4513.0;1013.72;820.30;1.0;1.0;0;1.0;0;0;1.0;0;0;1.0;0;0;1.0;1.0;0;0;0;0;0
1250318;1.28;0.97;0;1216.0;20.25;85.5;17.25;0;12.67;14.48;92.94;187.87;2.31;95138.0;0;0;39.0;4518.0;1013.64;800.77;1.0;1.0;0;1.0;0;0;1.0;0;0;1.0;0;0;1.0;1.0;0;0;0;0;0
1250838;1.27;0.96;0;1239.0;20.25;85.5;15.75;0;12.38;14.39;111.28;225.10;2.31;95138.0;0;0;40.0;4516.0;1013.68;214.84;1.0;1.0;0;1.0;1.0;0;1.0;0;0;1.0;0;0;1.0;1.0;0;0;1.0;0;0
1251358;1.27;0.97;0;1234.0;20.25;85.5;15.75;0;12.39;14.48;85.46;178.09;2.31;95138.0;0;0;40.0;4532.0;1013.64;39.06;1.0;1.0;0;1.0;0;0;1.0;0;0;1.0;0;0;1.0;1.0;0;0;0;0;0
1251927;1.30;0.99;0;1237.0;20.25;85.5;15.75;0;12.42;14.29;72.28;143.46;2.58;95138.0;0;0;40.0;4523.0;1013.60;97.65;1.0;1.0;0;1.0;0;0;1.0;0;0;1.0;0;0;1.0;1.0;0;0;1.0;0;0
1252438;1.34;1.01;0;1250.0;20.25;85.5;15.0;0;12.27;14.58;52.65;104.54;2.31;95138.0;0;0;39.0;4497.0;1013.64;97.65;1.0;1.0;0;1.0;1.0;0;1.0;0;0;1.0;0;0;1.0;1.0;0;0;1.0;0;0
1252968;1.34;1.02;0;1263.0;20.25;85.5;14.25;0;12.20;14.39;51.89;94.31;2.31;95138.0;0;0;39.0;4508.0;1013.68;644.52;1.0;1.0;0;1.0;0;0;1.0;0;0;1.0;0;0;1.0;1.0;0;0;0;0;0
1253498;1.28;1.01;0;1245.0;20.25;85.5;14.25;0;12.19;14.48;46.05;83.49;2.31;95138.0;0;0;38.0;4519.0;1013.72;878.89;1.0;1.0;0;1.0;0;0;1.0;0;0;1.0;0;0;1.0;1.0;0;0;0;0;0
1254048;1.28;0.99;0;1225.0;20.25;85.5;16.5;0;12.51;14.39;69.19;101.00;2.31;95138.0;0;0;38.0;4532.0;1013.72;839.83;1.0;1.0;0;1.0;0;0;1.0;0;0;1.0;0;0;1.0;1.0;0;0;0;0;0
1254568;1.26;0.97;0;1250.0;20.25;85.5;15.0;0;12.22;14.48;57.22;115.89;2.31;95138.0;0;0;40.0;4502.0;1013.68;820.30;1.0;1.0;0;1.0;0;0;1.0;0;0;1.0;0;0;1.0;1.0;0;0;0;0;0
1255087;1.29;0.96;0;1243.0;20.25;85.5;15.0;0;12.23;14.39;53.08;100.44;2.31;95138.0;0;0;39.0;4521.0;1013.68;722.64;1.0;1.0;0;1.0;0;0;1.0;0;0;1.0;0;0;1.0;1.0;0;0;0;0;0
1255608;1.21;0.96;0;1267.0;20.25;85.5;13.5;0;12.04;14.29;57.24;100.75;2.58;95138.0;0;0;40.0;4512.0;1013.72;195.31;1.0;1.0;0;1.0;0;0;1.0;0;0;1.0;0;0;1.0;1.0;0;0;0;0;0
1256128;1.32;0.97;0;1233.0;20.25;85.5;15.75;0;12.39;14.48;77.08;101.92;2.31;95138.0;0;0;39.0;4529.0;1013.72;468.74;1.0;1.0;0;1.0;0;0;1.0;0;0;1.0;0;0;1.0;1.0;0;0;0;0;0
1256648;1.29;0.97;0;1210.0;20.25;85.5;18.0;0;12.83;14.48;82.61;93.49;2.31;95138.0;0;0;39.0;4520.0;1013.68;781.24;1.0;1.0;0;1.0;0;0;1.0;0;0;1.0;0;0;1.0;1.0;0;0;0;0;0
1257168;1.30;0.96;0;1194.0;20.25;85.5;19.5;0;12.99;14.48;75.26;78.80;2.31;95138.0;0;0;39.0;4520.0;1013.72;78.12;1.0;1.0;0;1.0;0;0;1.0;0;0;1.0;0;0;1.0;1.0;0;0;0;0;0
1257700;1.29;0.97;0;1213.0;20.25;85.5;17.25;0;12.71;14.48;71.83;64.05;2.31;95138.0;0;0;39.0;4508.0;1013.64;58.59;1.0;1.0;0;1.0;0;0;1.0;0;0;1.0;0;0;1.0;1.0;0;0;0;0;0
1258218;1.23;0.99;0;1290.0;20.25;86.25;12.0;0;11.79;14.39;66.63;46.63;2.31;95138.0;0;0;40.0;4515.0;1013.48;624.99;1.0;1.0;0;1.0;0;0;1.0;0;0;1.0;0;0;0;1.0;0;0;0;0;0
1258738;1.29;0.98;0;1250.0;20.25;86.25;14.25;0;12.19;14.48;58.94;38.12;2.31;95138.0;0;0;39.0;4498.0;1013.56;839.83;1.0;1.0;0;1.0;0;0;1.0;0;0;1.0;0;0;1.0;1.0;0;0;0;0;0
1259258;1.67;0.96;0;1249.0;20.25;86.25;12.0;0.78;11.86;14.39;50.25;35.38;2.31;95138.0;0;0;46.0;4491.0;1013.56;839.83;1.0;1.0;0;1.0;0;0;1.0;0;0;1.0;0;0;1.0;1.0;0;0;0;0;0
1259777;3.26;0.99;0;2863.0;20.25;86.25;31.5;9.02;24.68;14.48;39.15;23.14;2.31;95138.0;0;0;44.0;4441.0;1013.60;917.95;1.0;1.0;0;1.0;0;0;1.0;0;0;1.0;0;0;1.0;1.0;0;0;0;0;0
1260298;4.22;0.98;0;1937.0;20.25;86.25;13.5;11.76;33.77;14.39;21.87;12.24;2.31;95138.0;0;0;44.0;4563.0;1013.52;820.30;1.0;1.0;0;1.0;0;0;1.0;0;0;1.0;0;0;1.0;1.0;0;0;0;0;0
1260818;4.02;0.96;16.0;2069.0;20.25;86.25;15.0;11.76;32.89;14.48;15.78;8.41;2.31;95138.0;17.0;17.0;44.0;4483.0;1013.48;781.24;1.0;1.0;0;1.0;0;0;1.0;0;0;1.0;0;0;1.0;1.0;0;0;0;0;0
1261338;3.83;0.92;25.0;2770.0;20.25;86.25;24.75;16.47;32.49;14.29;9.74;4.90;2.58;95138.0;24.0;25.0;44.0;4488.0;1013.56;78.12;1.0;1.0;0;1.0;0;0;1.0;0;0;1.0;0;0;1.0;1.0;0;0;0;0;0
1261858;3.84;0.98;32.0;3552.0;20.25;86.25;30.75;16.47;30.90;14.58;4.84;4.49;2.31;95138.0;31.0;32.0;44.0;4524.0;1013.52;878.89;1.0;1.0;0;1.0;0;0;1.0;0;0;1.0;0;0;1.0;1.0;0;0;0;0;0
1262378;4.84;1.00;38.0;4260.0;20.25;86.25;28.5;22.74;36.46;14.39;1.97;3.53;2.31;95138.0;37.0;39.0;44.0;4683.0;1013.52;800.77;1.0;1.0;0;1.0;0;0;1.0;0;0;1.0;0;0;1.0;1.0;0;0;0;0;0
1262898;5.01;1.00;41.0;4075.0;20.25;86.25;33.0;17.64;32.05;14.39;1.99;2.73;2.31;95138.0;40.0;41.0;44.0;4426.0;1013.48;898.42;2.0;1.0;0;1.0;0;0;1.0;0;0;1.0;0;0;1.0;1.0;0;0;0;0;0
1263418;5.72;0.99;46.0;3684.0;20.25;86.25;20.25;27.45;41.59;14.48;0.74;1.11;2.31;95138.0;45.0;46.0;44.0;4530.0;1013.56;839.83;2.0;1.0;0;1.0;0;0;1.0;0;0;1.0;0;0;1.0;1.0;0;0;0;0;0
1263938;5.30;0.92;52.0;4102.0;20.25;86.25;21.75;28.23;42.42;14.48;1.26;2.16;2.31;95138.0;51.0;53.0;44.0;4630.0;1013.41;273.43;2.0;1.0;0;1.0;0;0;1.0;0;0;1.0;0;0;1.0;1.0;0;0;0;0;0
1264458;5.21;0.99;57.0;4456.0;20.25;86.25;25.5;28.23;39.92;14.48;2.71;3.61;2.31;95138.0;56.0;57.0;44.0;4614.0;1013.33;78.12;2.0;1.0;0;1.0;0;0;1.0;0;0;1.0;0;0;1.0;1.0;0;0;0;0;0
1264978;5.68;1.09;61.0;4790.0;20.25;86.25;28.5;30.19;38.38;14.39;0.87;1.19;2.31;95138.0;60.0;61.0;44.0;4525.0;1013.37;859.36;2.0;1.0;0;1.0;0;0;1.0;0;0;1.0;0;0;1.0;1.0;0;0;0;0;0
1265498;4.92;1.00;62.0;3873.0;20.25;86.25;30.75;18.82;32.67;14.48;0.15;1.69;2.31;95138.0;62.0;63.0;44.0;4357.0;1013.29;917.95;3.0;1.0;0;1.0;0;0;1.0;0;0;1.0;0;0;1.0;1.0;0;0;0;0;0
1266017;5.66;1.00;66.0;4062.0;20.25;86.25;24.75;25.10;40.37;14.48;0;0.58;2.31;95138.0;65.0;66.0;44.0;4538.0;1013.09;859.36;3.0;1.0;0;1.0;0;0;1.0;0;0;1.0;0;0;1.0;1.0;0;0;0;0;0
1266538;4.65;0.92;70.0;4247.0;20.25;87.0;27.75;23.92;38.21;14.39;2.08;1.83;2.31;95138.0;68.0;70.0;44.0;4619.0;1012.94;214.84;3.0;1.0;0;1.0;0;0;1.0;0;0;1.0;0;0;1.0;1.0;0;0;0;0;0
1267088;3.56;0.99;71.0;4374.0;20.25;86.25;36.75;14.90;28.40;14.48;0.52;1.28;2.31;95138.0;71.0;72.0;44.0;4505.0;1012.82;839.83;3.0;1.0;0;1.0;0;0;1.0;0;0;1.0;0;0;1.0;1.0;0;0;0;0;0
1267610;2.68;1.00;71.0;3852.0;20.25;86.25;41.25;8.23;20.23;14.48;1.05;0.37;2.31;95138.0;71.0;71.0;44.0;4357.0;1012.74;898.42;4.0;1.0;0;1.0;0;0;1.0;0;0;0;0;0;1.0;1.0;0;0;0;0;0
1268128;2.48;0.94;71.0;3679.0;20.25;86.25;39.75;8.23;20.60;14.48;2.16;0.05;2.31;95138.0;71.0;71.0;44.0;4443.0;1012.70;878.89;4.0;1.0;0;1.0;0;0;1.0;0;0;0;0;0;1.0;1.0;0;0;0;0;0
1268648;2.16;0.88;71.0;3693.0;20.25;86.25;39.75;7.45;19.72;14.58;0.87;3.86;2.31;95138.0;71.0;71.0;44.0;4499.0;1012.66;820.30;4.0;1.0;0;1.0;0;0;1.0;0;0;0;0;0;1.0;1.0;0;0;0;0;0
1269167;1.20;0.98;70.0;3630.0;20.25;86.25;41.25;3.52;10.75;14.39;0.29;1.64;2.31;95138.0;70.0;70.0;44.0;4522.0;1012.63;917.95;4.0;1.0;0;1.0;0;0;1.0;0;0;0;0;0;1.0;1.0;0;0;0;0;0
1269688;0.52;1.00;67.0;3493.0;20.25;86.25;40.5;0;9.05;14.48;0;0.52;2.31;95138.0;68.0;68.0;44.0;4554.0;1012.63;917.95;4.0;1.0;0;1.0;0;0;1.0;0;0;0;0;0;1.0;1.0;0;0;0;0;0
1270297;0.84;1.00;65.0;3357.0;20.25;86.25;38.25;0.39;5.89;14.58;0;3.14;2.31;95138.0;65.0;65.0;44.0;4438.0;1012.63;0;4.0;1.0;0;1.0;0;0;1.0;0;0;0;0;0;1.0;1.0;0;0;0;0;0
1270818;1.20;1.00;62.0;3309.0;20.25;86.25;34.5;2.74;9.35;14.58;0;1.19;2.31;95138.0;63.0;63.0;44.0;4257.0;1012.59;917.95;4.0;1.0;0;1.0;0;0;1.0;0;0;0;0;0;1.0;1.0;0;0;0;0;0
1271337;1.48;0.99;61.0;3169.0;20.25;86.25;36.75;3.52;12.04;14.58;0;0.50;2.31;95138.0;61.0;61.0;44.0;4376.0;1012.59;898.42;4.0;1.0;0;1.0;0;0;1.0;0;0;0;0;0;1.0;1.0;0;0;0;0;0
1271858;1.28;0.97;60.0;3117.0;20.25;85.5;36.0;3.13;11.03;14.48;0;0.17;2.31;95138.0;59.0;60.0;45.0;4469.0;1012.59;898.42;4.0;1.0;0;1.0;0;0;1.0;0;0;0;0;0;1.0;1.0;0;0;0;0;0
1272377;1.27;0.95;58.0;3029.0;20.25;85.5;34.5;3.13;11.11;14.48;1.01;0;2.31;95138.0;58.0;59.0;45.0;4497.0;1012.59;878.89;4.0;1.0;0;1.0;0;0;1.0;0;0;0;0;0;1.0;1.0;0;0;0;0;0
1272898;0.38;1.00;57.0;3091.0;20.25;85.5;25.5;0;12.39;14.48;2.32;3.67;2.31;95138.0;58.0;58.0;45.0;4603.0;1012.59;917.95;4.0;1.0;0;1.0;0;0;1.0;0;0;1.0;0;0;1.0;1.0;0;0;0;0;0
1273427;0.57;1.00;55.0;3335.0;20.25;85.5;-30.0;0;0;14.58;1.13;5.31;2.31;95138.0;55.0;55.0;45.0;4327.0;1012.51;39.06;3.0;1.0;0;1.0;0;0;1.0;0;0;0;0;0;1.0;1.0;0;0;0;0;0
1273948;0.64;1.00;51.0;3144.0;20.25;85.5;-30.0;0;0;14.58;1.71;4.06;2.31;95138.0;52.0;51.0;45.0;4276.0;1012.47;0;3.0;1.0;0;1.0;0;0;1.0;0;0;1.0;0;0;1.0;1.0;0;0;0;0;0
1274468;3.25;1.00;48.0;2981.0;20.25;84.75;-4.5;7.45;11.46;14.58;0.62;2.87;2.31;95138.0;49.0;49.0;45.0;4202.0;1012.35;917.95;3.0;1.0;0;1.0;0;0;1.0;0;0;1.0;0;0;1.0;1.0;0;0;0;0;0
1274987;3.92;1.00;48.0;3049.0;20.25;84.75;16.5;12.15;25.67;14.48;0.25;1.34;2.31;95138.0;49.0;49.0;45.0;4286.0;1012.27;898.42;3.0;1.0;0;1.0;0;0;1.0;0;0;1.0;0;0;1.0;1.0;0;0;0;0;0
1275508;4.70;1.00;51.0;3135.0;20.25;84.75;25.5;19.61;33.32;14.48;1.91;2.20;2.31;95138.0;51.0;52.0;45.0;4416.0;1012.27;820.30;3.0;1.0;0;1.0;0;0;1.0;0;0;1.0;0;0;1.0;1.0;0;0;0;0;0
1276028;5.56;0.98;55.0;3373.0;20.25;84.75;18.75;25.49;38.90;14.39;0.82;1.01;2.31;95138.0;55.0;55.0;45.0;4477.0;1012.27;859.36;3.0;1.0;0;1.0;0;0;1.0;0;0;1.0;0;0;1.0;1.0;0;0;0;0;0
1276548;5.92;0.97;60.0;3704.0;20.25;84.75;17.25;30.98;43.56;14.48;0.29;0.35;2.31;95138.0;59.0;60.0;45.0;4583.0;1012.31;722.64;3.0;1.0;0;1.0;0;0;1.0;0;0;1.0;0;0;1.0;1.0;0;0;0;0;0
1277067;5.53;0.96;65.0;4008.0;20.25;84.0;21.0;28.63;42.65;14.48;27.42;68.29;2.31;95138.0;63.0;65.0;46.0;4586.0;1012.23;859.36;3.0;1.0;0;1.0;0;0;1.0;0;0;1.0;0;0;1.0;1.0;0;0;0;0;0
1277588;6.94;0.98;68.0;4187.0;20.25;84.0;14.25;41.57;48.52;14.48;86.36;190.67;2.31;95138.0;67.0;68.0;46.0;4590.0;1012.20;800.77;3.0;1.0;0;1.0;0;0;1.0;0;0;1.0;0;0;1.0;1.0;0;0;0;0;0
1278108;6.92;0.98;72.0;4452.0;20.25;84.0;15.75;45.10;48.67;14.48;82.00;149.24;2.31;95138.0;72.0;73.0;46.0;4559.0;1012.16;156.24;3.0;1.0;0;1.0;0;0;1.0;0;0;1.0;0;0;1.0;1.0;0;0;0;0;0
1278628;7.04;1.01;77.0;4779.0;19.5;84.0;18.0;48.63;48.20;14.39;74.31;171.74;2.31;95138.0;75.0;77.0;46.0;4530.0;1012.04;78.12;3.0;1.0;0;1.0;0;0;1.0;0;0;0;0;0;1.0;1.0;0;0;0;0;0
1279148;8.74;1.00;77.0;4027.0;19.5;83.25;18.0;34.12;43.89;14.48;184.79;219.73;2.31;95138.0;77.0;78.0;46.0;4408.0;1011.92;898.42;4.0;1.0;0;1.0;0;0;1.0;0;0;0;0;0;1.0;1.0;0;0;0;0;0
1279667;6.44;0.97;80.0;4178.0;19.5;83.25;15.75;38.04;46.18;14.48;299.74;293.98;2.31;95138.0;79.0;81.0;46.0;4591.0;1011.73;429.68;4.0;1.0;0;1.0;0;0;1.0;0;0;0;0;0;1.0;1.0;0;0;0;0;0
1280188;6.44;1.01;82.0;4273.0;19.5;83.25;18.0;36.47;44.88;14.58;335.13;333.08;2.31;95138.0;81.0;83.0;46.0;4579.0;1011.61;117.18;4.0;1.0;0;1.0;0;0;1.0;0;0;0;0;0;1.0;1.0;0;0;0;0;0
1280758;6.34;1.06;85.0;4406.0;19.5;83.25;21.0;33.72;42.42;14.48;332.90;342.43;2.31;95138.0;83.0;85.0;46.0;4528.0;1011.61;703.11;4.0;1.0;0;1.0;0;0;1.0;0;0;0;0;0;1.0;1.0;0;0;0;0;0
1281277;6.96;1.00;86.0;4486.0;19.5;83.25;19.5;36.47;43.68;14.48;355.01;330.46;2.31;95138.0;85.0;86.0;46.0;4492.0;1011.45;800.77;4.0;1.0;0;1.0;0;0;1.0;0;0;0;0;0;1.0;1.0;0;0;0;0;0
1281797;0;1.00;87.0;4557.0;19.5;82.5;48.75;0.39;8.32;14.58;349.74;312.20;2.31;95138.0;87.0;87.0;47.0;4468.0;1011.26;839.83;4.0;1.0;0;1.0;0;0;1.0;0;0;0;0;0;1.0;1.0;0;0;0;0;0
1282317;4.58;0.97;87.0;4060.0;19.5;82.5;29.25;21.17;34.45;14.29;270.45;297.03;2.58;95138.0;87.0;88.0;47.0;4499.0;1011.14;800.77;5.0;1.0;0;1.0;0;0;1.0;0;0;0;0;0;1.0;1.0;0;0;0;0;0
1282838;3.32;0.98;86.0;3979.0;19.5;82.5;36.75;13.72;26.32;14.48;283.34;238.46;2.31;95138.0;86.0;87.0;47.0;4466.0;1011.02;820.30;5.0;1.0;0;1.0;0;0;1.0;0;0;0;0;0;1.0;1.0;0;0;0;0;0
1283407;2.91;0.89;86.0;3974.0;19.5;82.5;36.75;12.55;25.32;14.48;328.20;117.14;2.31;95138.0;86.0;86.0;47.0;4480.0;1010.83;703.11;5.0;1.0;0;1.0;0;0;1.0;0;0;0;0;0;1.0;1.0;0;0;0;0;0
1283927;2.33;0.90;85.0;3896.0;19.5;82.5;40.5;8.23;20.60;14.48;221.13;189.08;2.31;95138.0;84.0;85.0;47.0;4454.0;1010.63;839.83;5.0;1.0;0;1.0;0;0;1.0;0;0;0;0;0;1.0;1.0;0;0;0;0;0
1284457;4.28;1.00;83.0;3892.0;19.5;82.5;32.25;18.04;30.00;14.48;212.60;221.86;2.31;95138.0;83.0;84.0;47.0;4523.0;1010.48;878.89;5.0;1.0;0;1.0;0;0;1.0;0;0;0;0;0;1.0;1.0;0;0;0;0;0
1284977;5.60;1.00;85.0;3902.0;19.5;82.5;23.25;25.49;39.00;14.58;252.52;265.72;2.31;95138.0;84.0;85.0;47.0;4559.0;1010.32;781.24;5.0;1.0;0;1.0;0;0;1.0;0;0;0;0;0;1.0;1.0;0;0;0;0;0
1285497;5.41;0.97;86.0;3970.0;19.5;82.5;21.0;27.84;40.89;14.48;280.62;305.48;2.31;95138.0;85.0;86.0;47.0;4583.0;1010.28;234.37;5.0;1.0;0;1.0;0;0;1.0;0;0;0;0;0;1.0;1.0;0;0;0;0;0
1286008;5.34;0.97;87.0;4045.0;19.5;81.75;22.5;27.45;40.65;14.58;330.81;335.15;2.31;95138.0;87.0;88.0;47.0;4564.0;1010.20;585.93;5.0;1.0;0;1.0;0;0;1.0;0;0;0;0;0;1.0;1.0;0;0;0;0;0
1286527;4.97;0.95;88.0;4050.0;19.5;81.75;24.75;25.10;38.99;14.48;348.31;304.47;2.31;95138.0;88.0;89.0;47.0;4531.0;1010.09;624.99;5.0;1.0;0;1.0;0;0;1.0;0;0;0;0;0;1.0;1.0;0;0;0;0;0
1287047;5.8;0.98;90.0;4170.0;19.5;81.75;21.0;29.80;41.98;14.48;295.86;305.50;2.31;95138.0;89.0;90.0;47.0;4533.0;1009.93;781.24;5.0;1.0;0;1.0;0;0;1.0;0;0;0;0;0;1.0;1.0;0;0;0;0;0
1287567;5.99;0.95;92.0;4260.0;19.5;81.75;18.0;35.69;44.20;14.48;311.62;290.41;2.31;95138.0;91.0;92.0;47.0;4540.0;1009.85;117.18;5.0;1.0;0;1.0;0;0;1.0;0;0;0;0;0;1.0;1.0;0;0;0;0;0
1288087;6.29;1.03;95.0;4369.0;19.5;81.75;20.25;34.90;43.68;14.58;316.48;283.45;2.31;95138.0;93.0;95.0;47.0;4531.0;1009.66;703.11;5.0;1.0;0;1.0;0;0;1.0;0;0;0;0;0;1.0;1.0;0;0;0;0;0
1288607;6.00;1.03;96.0;4429.0;19.5;81.75;21.75;32.94;42.11;14.48;256.68;236.68;2.31;95138.0;95.0;97.0;47.0;4519.0;1009.50;781.24;5.0;1.0;0;1.0;0;0;1.0;0;0;0;0;0;1.0;1.0;0;0;0;0;0
1289127;6.14;1.05;97.0;4514.0;19.5;81.75;22.5;34.51;41.90;14.39;287.11;231.74;2.31;95138.0;96.0;98.0;47.0;4510.0;1009.38;781.24;5.0;1.0;0;1.0;0;0;1.0;0;0;0;0;0;1.0;1.0;0;0;0;0;0
1289647;5.86;1.04;98.0;4558.0;19.5;81.75;24.0;32.94;41.22;14.48;296.73;218.46;2.31;95138.0;98.0;99.0;47.0;4530.0;1009.38;683.58;5.0;1.0;0;1.0;0;0;1.0;0;0;0;0;0;1.0;1.0;0;0;0;0;0
1290168;5.84;1.06;101.0;4628.0;18.75;81.0;24.75;32.55;40.33;14.48;270.43;221.66;2.31;95138.0;99.0;101.0;48.0;4517.0;1009.27;800.77;5.0;1.0;0;1.0;0;0;1.0;0;0;0;0;0;1.0;1.0;0;0;0;0;0
1290688;6.52;1.08;102.0;4704.0;18.75;81.0;21.0;37.65;43.10;14.48;112.02;90.52;2.31;95138.0;101.0;103.0;48.0;4514.0;1009.15;820.30;5.0;1.0;0;1.0;0;0;1.0;0;0;0;0;0;1.0;1.0;0;0;0;0;0
1291207;0;1.00;102.0;4743.0;18.75;81.0;42.75;0;4.22;14.58;49.19;33.18;2.31;95138.0;102.0;102.0;48.0;4374.0;1008.91;800.77;5.0;1.0;0;1.0;0;0;1.0;0;0;0;0;0;1.0;1.0;0;0;0;0;0
1291738;5.28;1.00;102.0;4360.0;18.75;81.0;26.25;27.06;38.49;14.48;17.92;12.71;2.31;95138.0;101.0;103.0;48.0;4575.0;1008.76;214.84;6.0;1.0;0;1.0;0;0;1.0;0;0;0;0;0;1.0;1.0;0;0;0;0;0
1292257;5.71;1.07;103.0;4388.0;18.75;81.0;24.75;28.63;39.88;14.48;6.26;6.52;2.31;95138.0;102.0;103.0;48.0;4553.0;1008.48;820.30;6.0;1.0;0;1.0;0;0;1.0;0;0;0;0;0;1.0;1.0;0;0;0;0;0
1292778;5.27;1.01;103.0;4377.0;18.75;81.0;26.25;27.06;38.44;14.48;3.69;2.40;2.31;95138.0;102.0;103.0;48.0;4520.0;1008.37;800.77;6.0;1.0;0;1.0;0;0;1.0;0;0;0;0;0;1.0;1.0;0;0;0;0;0
1293298;5.13;1.02;103.0;4394.0;18.75;81.0;27.0;26.27;37.83;14.58;2.26;2.77;2.31;95138.0;102.0;104.0;48.0;4518.0;1008.29;800.77;6.0;1.0;0;1.0;0;0;1.0;0;0;0;0;0;1.0;1.0;0;0;0;0;0
1293818;4.75;1.02;103.0;4368.0;18.75;81.0;29.25;23.53;35.10;14.48;0.76;0.95;2.31;95138.0;102.0;104.0;48.0;4507.0;1008.09;820.30;6.0;1.0;0;1.0;0;0;1.0;0;0;0;0;0;1.0;1.0;0;0;0;0;0
1294357;5.00;1.01;103.0;4390.0;18.75;81.0;27.75;25.49;36.99;14.58;0.17;0.27;2.31;95138.0;102.0;104.0;48.0;4510.0;1007.94;820.30;6.0;1.0;0;1.0;0;0;1.0;0;0;0;0;0;1.0;1.0;0;0;0;0;0
1294878;4.47;0.98;103.0;4394.0;18.75;81.0;30.0;23.13;34.40;14.58;1.03;0;2.31;95138.0;102.0;104.0;48.0;4511.0;1007.82;136.71;6.0;1.0;0;1.0;0;0;1.0;0;0;0;0;0;1.0;1.0;0;0;0;0;0
1295398;4.68;1.04;103.0;4394.0;18.75;81.0;30.75;22.35;33.83;14.48;0.29;0;2.31;95138.0;102.0;103.0;48.0;4511.0;1007.63;800.77;6.0;1.0;0;1.0;0;0;1.0;0;0;0;0;0;1.0;1.0;0;0;0;0;0
1295918;4.96;1.00;103.0;4385.0;18.75;81.0;27.75;25.49;36.93;14.58;0;1.97;2.31;95138.0;102.0;104.0;48.0;4517.0;1007.55;117.18;6.0;1.0;0;1.0;0;0;1.0;0;0;0;0;0;1.0;1.0;0;0;0;0;0
1296439;5.23;1.06;103.0;4343.0;18.75;81.0;27.75;25.10;36.88;14.48;1.66;0.64;2.31;95138.0;102.0;104.0;48.0;4516.0;1007.35;839.83;6.0;1.0;0;1.0;0;0;1.0;0;0;0;0;0;1.0;1.0;0;0;0;0;0
1296957;5.28;0.98;103.0;4386.0;18.75;81.0;27.0;26.27;37.46;14.48;0.37;0.07;2.31;95138.0;102.0;103.0;48.0;4509.0;1007.16;781.24;6.0;1.0;0;1.0;0;0;1.0;0;0;0;0;0;1.0;1.0;0;0;0;0;0
1297478;4.82;1.00;105.0;4406.0;18.75;81.0;28.5;25.10;36.45;14.58;0.01;1.30;2.31;95138.0;102.0;105.0;48.0;4522.0;1007.00;781.24;6.0;1.0;0;1.0;0;0;1.0;0;0;0;0;0;1.0;1.0;0;0;0;0;0
1297997;4.97;1.03;103.0;4397.0;18.75;81.0;28.5;25.10;36.34;14.58;0;3.04;2.31;95138.0;103.0;104.0;48.0;4508.0;1006.96;781.24;6.0;1.0;0;1.0;0;0;1.0;0;0;0;0;0;1.0;1.0;0;0;0;0;0
1298518;5.04;1.04;103.0;4375.0;18.75;81.0;28.5;24.70;36.30;14.58;0;4.12;2.31;95138.0;102.0;104.0;48.0;4516.0;1006.92;742.17;6.0;1.0;0;1.0;0;0;1.0;0;0;0;0;0;1.0;1.0;0;0;0;0;0
1299037;4.96;1.04;105.0;4403.0;18.75;81.0;28.5;24.31;35.76;14.58;0;2.87;2.31;95138.0;102.0;105.0;48.0;4522.0;1006.84;781.24;6.0;1.0;0;1.0;0;0;1.0;0;0;0;0;0;1.0;1.0;0;0;0;0;0
1299568;5.43;1.03;103.0;4420.0;18.75;81.0;27.75;26.27;36.86;14.48;0;2.90;2.31;95138.0;102.0;104.0;48.0;4511.0;1006.61;273.43;6.0;1.0;0;1.0;0;0;1.0;0;0;0;0;0;1.0;1.0;0;0;0;0;0
1300088;5.30;1.06;105.0;4455.0;18.75;81.0;27.0;26.66;37.57;14.58;0;1.01;2.31;95138.0;102.0;105.0;48.0;4512.0;1006.53;742.17;6.0;1.0;0;1.0;0;0;1.0;0;0;0;0;0;1.0;1.0;0;0;0;0;0
1300608;4.94;1.04;103.0;4415.0;18.75;81.0;28.5;24.31;36.06;14.48;0;0.27;2.31;95138.0;103.0;104.0;48.0;4516.0;1006.41;566.39;6.0;1.0;0;1.0;0;0;1.0;0;0;0;0;0;1.0;1.0;0;0;0;0;0
1301128;4.89;1.03;103.0;4413.0;18.75;81.0;28.5;24.70;36.07;14.48;0;0;2.31;95138.0;103.0;104.0;48.0;4524.0;1006.26;761.70;6.0;1.0;0;1.0;0;0;1.0;0;0;0;0;0;1.0;1.0;0;0;0;0;0
1301649;4.92;1.04;105.0;4427.0;18.75;81.0;29.25;24.31;35.51;14.48;1.97;0.64;2.31;95138.0;103.0;105.0;48.0;4509.0;1006.02;703.11;6.0;1.0;0;1.0;0;0;1.0;0;0;0;0;0;1.0;1.0;0;0;0;0;0
1302257;3.96;1.00;106.0;4479.0;18.75;81.0;33.0;20.00;30.83;14.58;0.64;0.13;2.31;95138.0;103.0;106.0;48.0;4524.0;1005.91;683.58;6.0;1.0;0;1.0;0;0;1.0;0;0;0;0;0;1.0;1.0;0;0;0;0;0
1302778;5.45;1.00;105.0;4442.0;18.75;81.0;26.25;27.84;38.21;14.39;1.03;1.30;2.31;95139.0;103.0;105.0;48.0;4528.0;1005.87;97.65;6.0;1.0;0;1.0;0;0;1.0;0;0;0;0;0;1.0;1.0;0;0;0;0;0
1303298;6.04;1.07;103.0;4414.0;18.75;81.0;23.25;31.37;41.10;14.48;1.66;0.37;2.31;95139.0;102.0;104.0;48.0;4516.0;1005.71;820.30;6.0;1.0;0;1.0;0;0;1.0;0;0;0;0;0;1.0;1.0;0;0;0;0;0
1303818;5.75;1.01;105.0;4470.0;18.75;81.0;22.5;32.94;41.42;14.48;1.48;0;2.31;95139.0;103.0;106.0;48.0;4519.0;1005.71;527.33;6.0;1.0;0;1.0;0;0;1.0;0;0;0;0;0;1.0;1.0;0;0;0;0;0
1304338;5.14;1.00;105.0;4463.0;18.75;81.0;25.5;28.63;38.75;14.48;1.79;1.97;2.31;95139.0;104.0;106.0;48.0;4525.0;1005.55;58.59;6.0;1.0;0;1.0;0;0;1.0;0;0;0;0;0;1.0;1.0;0;0;0;0;0
1304857;5.36;1.09;106.0;4485.0;18.75;81.0;27.75;26.27;36.97;14.48;3.32;1.87;2.31;95139.0;104.0;106.0;48.0;4516.0;1005.52;781.24;6.0;1.0;0;1.0;0;0;1.0;0;0;0;0;0;1.0;1.0;0;0;0;0;0
1305388;4.52;1.01;106.0;4476.0;18.75;81.0;30.0;23.53;34.04;14.48;1.19;0.58;2.31;95139.0;103.0;106.0;48.0;4508.0;1005.24;371.08;6.0;1.0;0;1.0;0;0;1.0;0;0;0;0;0;1.0;1.0;0;0;0;0;0
1305908;5.50;1.01;105.0;4458.0;18.75;81.0;27.0;27.45;37.50;14.48;0.33;0.11;2.31;95139.0;104.0;105.0;48.0;4495.0;1005.09;683.58;6.0;1.0;0;1.0;0;0;1.0;0;0;0;0;0;1.0;1.0;0;0;0;0;0
1306428;5.17;1.05;106.0;4496.0;18.75;81.0;27.75;26.66;37.10;14.39;0;0;2.31;95139.0;104.0;106.0;48.0;4515.0;1004.93;761.70;6.0;1.0;0;1.0;0;0;1.0;0;0;0;0;0;1.0;1.0;0;0;0;0;0
1306948;4.86;1.04;106.0;4504.0;18.75;81.0;29.25;25.10;35.60;14.48;0;1.66;2.31;95139.0;103.0;107.0;48.0;4510.0;1004.73;175.77;6.0;1.0;0;1.0;0;0;1.0;0;0;0;0;0;1.0;1.0;0;0;0;0;0
1307468;4.72;0.99;106.0;4484.0;18.75;81.0;29.25;24.70;35.11;14.48;0;0.48;2.31;95139.0;104.0;106.0;48.0;4515.0;1004.58;136.71;6.0;1.0;0;1.0;0;0;1.0;0;0;0;0;0;1.0;1.0;0;0;0;0;0
1307988;4.81;1.04;106.0;4507.0;18.75;81.0;29.25;24.31;34.77;14.58;0;2.07;2.31;95139.0;103.0;106.0;48.0;4514.0;1004.50;351.55;6.0;1.0;0;1.0;0;0;1.0;0;0;0;0;0;1.0;1.0;0;0;0;0;0
1308577;4.56;1.05;108.0;4623.0;18.75;81.0;31.5;23.53;33.08;14.48;1.01;2.40;2.31;95139.0;103.0;109.0;48.0;4498.0;1004.34;820.30;6.0;1.0;0;1.0;0;0;1.0;0;0;0;0;0;1.0;1.0;0;0;0;0;0
1309098;5.31;1.00;106.0;4474.0;18.75;81.0;27.0;27.45;37.86;14.58;0.21;2.57;2.31;95139.0;103.0;106.0;48.0;4520.0;1004.27;97.65;6.0;1.0;0;1.0;0;0;1.0;0;0;0;0;0;1.0;1.0;0;0;0;0;0
1309617;5.67;1.00;106.0;4493.0;18.75;81.0;24.0;31.37;40.16;14.58;0;0.87;2.31;95139.0;104.0;106.0;48.0;4522.0;1004.30;253.90;6.0;1.0;0;1.0;0;0;1.0;0;0;0;0;0;1.0;1.0;0;0;0;0;0
1310138;5.68;1.05;106.0;4506.0;18.75;81.0;24.75;30.98;39.71;14.48;0;0.21;2.31;95139.0;104.0;107.0;48.0;4507.0;1004.34;820.30;6.0;1.0;0;1.0;0;0;1.0;0;0;0;0;0;1.0;1.0;0;0;0;0;0
1310658;4.72;1.00;107.0;4546.0;18.75;81.0;29.25;26.27;36.00;14.48;0;1.97;2.31;95139.0;105.0;107.0;48.0;4516.0;1004.19;58.59;6.0;1.0;0;1.0;0;0;1.0;0;0;0;0;0;1.0;1.0;0;0;0;0;0
1311178;4.99;1.07;107.0;4534.0;18.75;81.0;29.25;25.10;35.03;14.48;1.01;2.36;2.31;95139.0;105.0;107.0;48.0;4509.0;1003.95;664.05;6.0;1.0;0;1.0;0;0;1.0;0;0;0;0;0;1.0;1.0;0;0;0;0;0
1311698;4.8;1.00;107.0;4505.0;18.75;81.0;30.0;25.49;35.56;14.48;0.27;0.74;2.31;95139.0;104.0;107.0;48.0;4504.0;1003.72;97.65;6.0;1.0;0;1.0;0;0;1.0;0;0;0;0;0;1.0;1.0;0;0;0;0;0
1312218;6.08;1.07;106.0;4507.0;18.75;81.0;24.75;30.59;39.22;14.48;0;0.17;2.31;95139.0;104.0;107.0;48.0;4521.0;1003.56;273.43;6.0;1.0;0;1.0;0;0;1.0;0;0;0;0;0;1.0;1.0;0;0;0;0;0
1312737;5.26;1.04;106.0;4509.0;18.75;81.75;26.25;28.23;37.98;14.48;10.11;8.88;2.31;95139.0;105.0;107.0;47.0;4526.0;1003.45;214.84;6.0;1.0;0;1.0;0;0;1.0;0;0;0;0;0;1.0;1.0;0;0;0;0;0
1313257;4.59;1.04;106.0;4515.0;18.75;81.75;30.75;23.13;33.35;14.58;134.11;117.70;2.31;95139.0;104.0;107.0;47.0;4499.0;1003.41;781.24;6.0;1.0;0;1.0;0;0;1.0;0;0;0;0;0;1.0;1.0;0;0;0;0;0
1313778;5.12;1.02;105.0;4483.0;18.75;81.75;27.75;26.66;36.68;14.48;202.38;155.94;2.31;95139.0;104.0;106.0;47.0;4506.0;1003.17;97.65;6.0;1.0;0;1.0;0;0;1.0;0;0;0;0;0;1.0;1.0;0;0;0;0;0
1314297;5.38;1.00;105.0;4460.0;18.75;81.75;25.5;29.41;39.18;14.48;247.52;253.61;2.31;95139.0;103.0;105.0;47.0;4513.0;1003.09;136.71;6.0;1.0;0;1.0;0;0;1.0;0;0;0;0;0;1.0;1.0;0;0;0;0;0
1314818;5.03;1.01;105.0;4415.0;18.75;81.75;27.0;26.66;37.56;14.58;296.23;301.09;2.31;95139.0;103.0;105.0;47.0;4518.0;1002.98;136.71;6.0;1.0;0;1.0;0;0;1.0;0;0;0;0;0;1.0;1.0;0;0;0;0;0
1315338;4.88;1.04;103.0;4395.0;18.75;81.75;29.25;23.92;35.30;14.48;333.96;337.86;2.31;95139.0;103.0;104.0;47.0;4501.0;1002.86;781.24;6.0;1.0;0;1.0;0;0;1.0;0;0;0;0;0;1.0;1.0;0;0;0;0;0
1315868;4.89;1.04;103.0;4397.0;18.75;81.75;29.25;23.92;35.27;14.48;326.99;347.79;2.31;95139.0;102.0;104.0;47.0;4499.0;1002.70;781.24;6.0;1.0;0;1.0;0;0;1.0;0;0;0;0;0;1.0;1.0;0;0;0;0;0
1316388;5.78;1.00;103.0;4405.0;18.75;81.75;24.75;29.41;39.72;14.48;348.06;348.64;2.31;95139.0;102.0;104.0;47.0;4511.0;1002.51;722.64;6.0;1.0;0;1.0;0;0;1.0;0;0;0;0;0;1.0;1.0;0;0;0;0;0
1316907;5.48;1.00;105.0;4423.0;18.75;81.75;24.0;30.19;40.02;14.48;328.90;345.95;2.31;95139.0;102.0;105.0;47.0;4535.0;1002.39;273.43;6.0;1.0;0;1.0;0;0;1.0;0;0;0;0;0;1.0;1.0;0;0;0;0;0
1317428;4.57;1.00;105.0;4407.0;18.75;81.75;28.5;24.31;35.73;14.48;328.31;346.16;2.31;95139.0;103.0;105.0;47.0;4513.0;1002.23;97.65;6.0;1.0;0;1.0;0;0;1.0;0;0;0;0;0;1.0;1.0;0;0;0;0;0
1317998;5.23;1.00;103.0;4414.0;18.75;81.75;25.5;27.84;38.63;14.39;343.82;308.04;2.31;95139.0;103.0;104.0;47.0;4514.0;1002.12;156.24;6.0;1.0;0;1.0;0;0;1.0;0;0;0;0;0;1.0;1.0;0;0;0;0;0
1318528;5.31;1.03;105.0;4451.0;18.75;81.75;26.25;27.84;38.01;14.48;306.97;302.44;2.31;95139.0;103.0;105.0;47.0;4521.0;1002.04;644.52;6.0;1.0;0;1.0;0;0;1.0;0;0;0;0;0;1.0;1.0;0;0;0;0;0
1319127;4.91;1.04;105.0;4472.0;18.75;81.75;28.5;25.49;35.77;14.48;251.46;219.73;2.31;95139.0;103.0;105.0;47.0;4510.0;1002.00;742.17;6.0;1.0;0;1.0;0;0;1.0;0;0;0;0;0;1.0;1.0;0;0;0;0;0
1319648;4.98;1.05;105.0;4448.0;18.75;81.75;28.5;25.10;35.58;14.48;241.56;208.30;2.31;95139.0;104.0;106.0;47.0;4509.0;1001.80;488.27;6.0;1.0;0;1.0;0;0;1.0;0;0;0;0;0;1.0;1.0;0;0;0;0;0
1320167;5.56;1.05;105.0;4464.0;18.75;81.75;25.5;29.41;39.24;14.58;308.37;262.97;2.31;95139.0;104.0;105.0;47.0;4515.0;1001.69;781.24;6.0;1.0;0;1.0;0;0;1.0;0;0;0;0;0;1.0;1.0;0;0;0;0;0
1320687;4.99;1.03;106.0;4482.0;18.75;81.75;27.75;26.66;37.21;14.48;339.09;322.73;2.31;95139.0;104.0;106.0;47.0;4518.0;1001.53;253.90;6.0;1.0;0;1.0;0;0;1.0;0;0;0;0;0;1.0;1.0;0;0;0;0;0
1321208;5.58;1.01;106.0;4479.0;18.75;81.75;24.0;31.76;40.33;14.48;344.43;341.56;2.31;95139.0;104.0;106.0;47.0;4505.0;1001.38;97.65;6.0;1.0;0;1.0;0;0;1.0;0;0;0;0;0;1.0;1.0;0;0;0;0;0
1321727;5.32;1.03;106.0;4513.0;18.75;81.75;26.25;29.02;38.85;14.48;354.17;337.45;2.31;95139.0;104.0;106.0;47.0;4514.0;1001.14;761.70;6.0;1.0;0;1.0;0;0;1.0;0;0;0;0;0;1.0;1.0;0;0;0;0;0
1322248;5.23;1.07;105.0;4489.0;18.75;81.75;27.75;26.27;36.77;14.48;351.73;349.78;2.31;95139.0;104.0;106.0;47.0;4505.0;1000.98;800.77;6.0;1.0;0;1.0;0;0;1.0;0;0;0;0;0;1.0;1.0;0;0;0;0;0
1322767;4.12;0.98;105.0;4434.0;18.75;81.75;32.25;20.78;31.81;14.58;342.81;330.76;2.31;95139.0;104.0;105.0;47.0;4501.0;1000.83;624.99;6.0;1.0;0;1.0;0;0;1.0;0;0;0;0;0;1.0;1.0;0;0;0;0;0
1323298;4.23;1.00;105.0;4386.0;18.75;81.75;32.25;20.78;32.02;14.48;325.79;276.60;2.31;95139.0;103.0;105.0;47.0;4496.0;1000.71;253.90;6.0;1.0;0;1.0;0;0;1.0;0;0;0;0;0;1.0;1.0;0;0;0;0;0
1323818;4.21;1.01;103.0;4369.0;18.75;81.75;32.25;20.39;31.83;14.48;337.55;265.19;2.31;95139.0;103.0;104.0;47.0;4499.0;1000.52;722.64;6.0;1.0;0;1.0;0;0;1.0;0;0;0;0;0;1.0;1.0;0;0;0;0;0
1324338;4.17;1.02;103.0;4414.0;18.75;81.75;33.0;20.00;31.32;14.48;302.59;280.66;2.31;95139.0;102.0;104.0;47.0;4512.0;1000.32;722.64;6.0;1.0;0;1.0;0;0;1.0;0;0;0;0;0;1.0;1.0;0;0;0;0;0
1324858;4.25;1.03;103.0;4392.0;18.75;81.75;33.0;20.00;31.43;14.58;272.54;207.09;2.31;95139.0;101.0;103.0;47.0;4513.0;1000.12;761.70;6.0;1.0;0;1.0;0;0;1.0;0;0;0;0;0;1.0;1.0;0;0;0;0;0
1325377;4.12;1.00;102.0;4361.0;18.75;82.5;33.0;19.61;31.22;14.48;207.42;211.00;2.31;95139.0;100.0;103.0;47.0;4512.0;1000.09;800.77;6.0;1.0;0;1.0;0;0;1.0;0;0;0;0;0;1.0;1.0;0;0;0;0;0
1325898;4.58;1.01;101.0;4313.0;18.75;82.5;30.75;21.96;33.23;14.58;236.43;256.23;2.31;95139.0;100.0;102.0;47.0;4510.0;999.97;781.24;6.0;1.0;0;1.0;0;0;1.0;0;0;0;0;0;1.0;1.0;0;0;0;0;0
1326417;5.16;1.04;101.0;4298.0;18.75;82.5;27.75;25.10;37.23;14.58;293.69;320.25;2.31;95139.0;99.0;102.0;47.0;4515.0;999.77;761.70;6.0;1.0;0;1.0;0;0;1.0;0;0;0;0;0;1.0;1.0;0;0;0;0;0
1326987;5.73;1.03;101.0;4281.0;18.75;82.5;23.25;29.80;40.80;14.48;336.18;342.34;2.31;95139.0;98.0;101.0;47.0;4519.0;999.70;781.24;6.0;1.0;0;1.0;0;0;1.0;0;0;0;0;0;1.0;1.0;0;0;0;0;0
1327547;5.53;1.01;100.0;4245.0;18.75;82.5;23.25;28.63;40.40;14.58;312.53;350.85;2.31;95139.0;99.0;100.0;47.0;4517.0;999.58;742.17;6.0;1.0;0;1.0;0;0;1.0;0;0;0;0;0;1.0;1.0;0;0;0;0;0
1328068;5.96;0.99;100.0;4259.0;18.75;82.5;21.0;32.16;42.50;14.48;308.33;322.51;2.31;95139.0;98.0;101.0;47.0;4523.0;999.42;722.64;6.0;1.0;0;1.0;0;0;1.0;0;0;0;0;0;1.0;1.0;0;0;0;0;0
1328587;5.24;1.00;100.0;4255.0;18.75;82.5;24.0;27.45;39.77;14.48;314.60;287.20;2.31;95139.0;99.0;100.0;47.0;4526.0;999.27;253.90;6.0;1.0;0;1.0;0;0;1.0;0;0;0;0;0;1.0;1.0;0;0;0;0;0
1329118;4.43;1.00;100.0;4244.0;18.75;82.5;28.5;22.74;34.90;14.48;318.45;270.78;2.31;95139.0;98.0;100.0;47.0;4507.0;999.19;781.24;6.0;1.0;0;1.0;0;0;1.0;0;0;0;0;0;1.0;1.0;0;0;0;0;0
1329637;3.51;1.00;98.0;4189.0;18.75;82.5;35.25;15.68;27.96;14.48;244.94;268.63;2.31;95139.0;98.0;99.0;47.0;4453.0;998.76;859.36;6.0;1.0;0;1.0;0;0;1.0;0;0;0;0;0;1.0;1.0;0;0;0;0;0
1330158;3.34;0.92;98.0;4154.0;18.75;82.5;35.25;15.29;28.05;14.39;200.51;233.01;2.31;95139.0;98.0;98.0;47.0;4471.0;998.52;703.11;6.0;1.0;0;1.0;0;0;1.0;0;0;0;0;0;1.0;1.0;0;0;0;0;0
1330678;3.23;0.90;97.0;4109.0;18.75;82.5;35.25;15.29;27.64;14.48;163.58;193.22;2.31;95139.0;97.0;97.0;47.0;4492.0;998.48;273.43;6.0;1.0;0;1.0;0;0;1.0;0;0;0;0;0;1.0;1.0;0;0;0;0;0
1331198;3.40;0.94;97.0;4113.0;18.75;82.5;35.25;15.68;28.05;14.48;150.65;185.43;2.31;95139.0;95.0;97.0;47.0;4479.0;998.29;781.24;6.0;1.0;0;1.0;0;0;1.0;0;0;0;0;0;1.0;1.0;0;0;0;0;0
1331718;4.04;0.94;96.0;4078.0;18.75;82.5;33.75;18.43;29.91;14.48;177.80;270.95;2.31;95139.0;95.0;96.0;47.0;4507.0;998.13;839.83;6.0;1.0;0;1.0;0;0;1.0;0;0;0;0;0;1.0;1.0;0;0;0;0;0
1332238;4.76;0.96;96.0;4079.0;18.75;82.5;27.0;23.92;37.27;14.58;255.92;316.99;2.31;95139.0;94.0;97.0;47.0;4561.0;997.98;566.39;6.0;1.0;0;1.0;0;0;1.0;0;0;0;0;0;1.0;1.0;0;0;0;0;0
1332758;3.44;1.00;96.0;4044.0;18.75;82.5;34.5;15.68;28.47;14.48;267.26;331.85;2.31;95139.0;95.0;96.0;47.0;4486.0;997.90;859.36;6.0;1.0;0;1.0;0;0;1.0;0;0;0;0;0;1.0;1.0;0;0;0;0;0
1333277;2.94;0.95;95.0;4046.0;18.75;82.5;38.25;11.37;24.04;14.58;326.48;262.44;2.31;95139.0;93.0;95.0;47.0;4441.0;997.66;839.83;6.0;1.0;0;1.0;0;0;1.0;0;0;0;0;0;1.0;1.0;0;0;0;0;0
1333799;2.09;0.87;95.0;4004.0;18.75;82.5;42.0;8.23;20.15;14.58;228.85;329.47;2.31;95139.0;93.0;95.0;47.0;4469.0;997.39;859.36;6.0;1.0;0;1.0;0;0;1.0;0;0;0;0;0;1.0;1.0;0;0;0;0;0
1334318;1.36;1.00;92.0;3905.0;18.75;82.5;45.0;3.92;11.32;14.48;288.86;342.84;2.31;95139.0;91.0;92.0;47.0;4463.0;997.20;898.42;6.0;1.0;0;1.0;0;0;1.0;0;0;0;0;0;1.0;1.0;0;0;0;0;0
1334838;0.48;1.00;88.0;3731.0;18.75;82.5;41.25;0;5.61;14.48;251.40;303.02;2.31;95139.0;88.0;88.0;47.0;4560.0;996.96;878.89;6.0;1.0;0;1.0;0;0;1.0;0;0;0;0;0;1.0;1.0;0;0;0;0;0
1335368;0.52;1.00;82.0;3514.0;18.75;82.5;-30.0;0;0;14.58;219.98;290.78;2.31;95139.0;83.0;83.0;47.0;4608.0;996.80;0;6.0;1.0;0;1.0;0;0;1.0;0;0;0;0;0;1.0;1.0;0;0;0;0;0
1335877;0.55;1.00;80.0;3363.0;18.75;82.5;-30.0;0;0;14.58;207.21;207.66;2.31;95139.0;80.0;79.0;47.0;4624.0;996.73;0;6.0;1.0;0;1.0;0;0;1.0;0;0;0;0;0;1.0;1.0;0;0;0;0;0
1336398;0.56;1.00;76.0;3224.0;18.75;82.5;-30.0;0;0;14.48;174.63;210.88;2.31;95139.0;76.0;76.0;47.0;4598.0;996.65;0;6.0;1.0;0;1.0;0;0;1.0;0;0;0;0;0;1.0;1.0;0;0;0;0;0
1336917;0.62;1.00;72.0;3050.0;18.75;82.5;-30.0;0;0;14.58;246.87;231.95;2.31;95139.0;72.0;72.0;47.0;4572.0;996.61;0;6.0;1.0;0;1.0;0;0;1.0;0;0;0;0;0;1.0;1.0;0;0;0;0;0
1337438;0.63;1.00;70.0;2943.0;18.75;82.5;-30.0;0;0;14.58;311.65;304.88;2.31;95139.0;70.0;69.0;47.0;4555.0;996.57;0;6.0;1.0;0;1.0;0;0;1.0;0;0;0;0;0;1.0;1.0;0;0;0;0;0
1337957;0.65;1.00;66.0;2790.0;18.75;82.5;-30.0;0;0;14.58;334.27;329.74;2.31;95140.0;66.0;66.0;47.0;4575.0;996.53;0;6.0;1.0;0;1.0;0;0;1.0;0;0;0;0;0;1.0;1.0;0;0;0;0;0
1338488;0.68;1.00;62.0;2628.0;18.75;82.5;-30.0;0;0;14.58;323.35;345.44;2.31;95140.0;62.0;62.0;47.0;4575.0;996.53;0;6.0;1.0;0;1.0;0;0;1.0;0;0;0;0;0;1.0;1.0;0;0;0;0;0
1339008;0.92;1.00;57.0;2472.0;18.75;82.5;24.75;0.39;9.12;14.58;343.82;351.54;2.31;95140.0;58.0;58.0;47.0;4260.0;996.53;19.53;6.0;1.0;0;1.0;0;0;1.0;0;0;1.0;0;0;1.0;1.0;0;0;0;0;0
1339528;0.84;1.00;53.0;2277.0;18.75;82.5;15.75;0;12.79;14.48;343.82;266.40;2.31;95140.0;54.0;54.0;45.0;4307.0;996.49;39.06;5.0;1.0;0;1.0;0;0;1.0;0;0;1.0;0;0;1.0;1.0;0;0;0;0;0
1340048;0.88;1.00;47.0;2209.0;18.75;82.5;15.0;0;12.70;14.48;237.62;217.64;2.31;95140.0;47.0;48.0;45.0;4460.0;996.49;39.06;5.0;1.0;0;1.0;0;0;1.0;0;0;1.0;0;0;1.0;1.0;0;0;1.0;0;0
1340568;0.63;1.00;41.0;2400.0;18.75;82.5;16.5;0;12.79;14.48;155.65;142.74;2.31;95140.0;41.0;41.0;44.0;4492.0;996.37;820.30;4.0;1.0;0;1.0;0;0;1.0;0;0;1.0;0;0;1.0;1.0;0;0;0;0;0
1341087;1.07;1.00;31.0;1678.0;18.75;82.5;15.0;0;12.71;14.48;116.18;114.85;2.31;95140.0;32.0;32.0;44.0;4498.0;996.34;39.06;4.0;1.0;0;1.0;1.0;0;1.0;0;0;1.0;0;0;1.0;1.0;0;0;1.0;0;0
1341607;1.32;1.02;22.0;1289.0;18.75;83.25;14.25;0;12.41;14.48;99.81;91.06;2.31;95140.0;22.0;22.0;44.0;4472.0;996.30;800.77;3.0;1.0;0;1.0;1.0;0;1.0;0;0;1.0;0;0;1.0;1.0;0;0;1.0;0;0
1342128;1.24;1.00;15.0;1311.0;18.75;83.25;13.5;0;12.28;14.48;72.72;62.92;2.31;95140.0;15.0;14.0;44.0;4499.0;996.34;781.24;3.0;1.0;0;1.0;0;0;1.0;0;0;1.0;0;0;1.0;1.0;0;0;0;0;0
1342648;1.23;0.98;11.0;1314.0;18.75;83.25;14.25;0;12.41;14.48;52.96;52.00;2.31;95140.0;11.0;10.0;44.0;4508.0;996.37;449.21;2.0;1.0;0;1.0;1.0;0;1.0;0;0;1.0;0;0;1.0;1.0;0;0;1.0;0;0
1343168;1.24;1.00;7.0;1308.0;18.75;83.25;12.0;0;11.98;14.48;40.66;37.88;2.31;95140.0;7.0;7.0;44.0;4528.0;996.41;136.71;1.0;1.0;0;1.0;0;0;1.0;0;0;1.0;0;0;1.0;1.0;0;0;0;0;0
1343688;1.28;0.99;5.0;1266.0;18.75;83.25;14.25;0;12.41;14.48;38.10;35.99;2.31;95140.0;5.0;5.0;44.0;4514.0;996.41;253.90;1.0;1.0;0;1.0;0;0;1.0;0;0;1.0;0;0;1.0;1.0;0;0;0;0;0
1344258;1.26;1.00;0;1296.0;18.75;83.25;12.0;0;11.96;14.39;110.18;46.91;2.31;95140.0;0;0;43.0;4518.0;996.34;78.12;1.0;1.0;0;1.0;0;0;1.0;0;0;1.0;0;0;1.0;1.0;0;0;0;0;0
1344778;1.32;1.02;0;1246.0;18.75;83.25;15.75;0;12.60;14.48;142.11;113.07;2.31;95140.0;0;0;43.0;4498.0;996.30;156.24;1.0;1.0;0;1.0;0;0;1.0;0;0;1.0;0;0;1.0;1.0;0;0;0;0;0
1345298;1.32;1.03;0;1296.0;18.75;83.25;12.0;0;11.91;14.48;166.64;139.50;2.31;95140.0;0;0;42.0;4517.0;996.30;683.58;1.0;1.0;0;1.0;0;0;1.0;0;0;1.0;0;0;1.0;1.0;0;0;0;0;0
1345818;1.30;1.03;0;1274.0;18.75;83.25;13.5;0;12.18;14.58;152.76;193.52;2.31;95140.0;0;0;42.0;4504.0;996.26;820.30;1.0;1.0;0;1.0;1.0;0;1.0;0;0;1.0;0;0;1.0;1.0;0;0;1.0;0;0
1346338;1.40;1.01;0;1231.0;18.75;83.25;16.5;0;12.62;14.48;117.35;148.68;2.31;95140.0;0;0;41.0;4525.0;996.34;800.77;1.0;1.0;0;1.0;0;0;1.0;0;0;1.0;0;0;1.0;1.0;0;0;0;0;0
1346857;1.23;1.00;0;1273.0;18.75;83.25;13.5;0;12.07;14.48;90.13;114.21;2.31;95140.0;0;0;41.0;4515.0;996.37;781.24;1.0;1.0;0;1.0;0;0;1.0;0;0;1.0;0;0;1.0;1.0;0;0;0;0;0
1347378;1.23;0.98;0;1263.0;18.75;83.25;15.0;0;12.31;14.39;88.70;98.00;2.31;95140.0;0;0;42.0;4508.0;996.34;429.68;1.0;1.0;0;1.0;1.0;0;1.0;0;0;1.0;0;0;1.0;1.0;0;0;1.0;0;0
1347898;1.24;0.99;0;1258.0;18.75;83.25;15.0;0;12.24;14.48;76.57;89.70;2.31;95140.0;0;0;42.0;4498.0;996.22;58.59;1.0;1.0;0;1.0;0;0;1.0;0;0;1.0;0;0;1.0;1.0;0;0;0;0;0
1348487;1.28;1.01;0;1260.0;18.75;83.25;14.25;0;12.23;14.48;64.33;79.44;2.31;95140.0;0;0;41.0;4523.0;996.22;78.12;1.0;1.0;0;1.0;0;0;1.0;0;0;1.0;0;0;1.0;1.0;0;0;0;0;0
1349008;1.28;1.02;0;1261.0;18.75;83.25;14.25;0;12.21;14.48;50.95;57.88;2.31;95140.0;0;0;41.0;4504.0;996.30;117.18;1.0;1.0;0;1.0;1.0;0;1.0;0;0;1.0;0;0;0;1.0;0;0;1.0;0;0
1349538;1.26;1.02;0;1282.0;18.75;83.25;12.75;0;11.92;14.48;74.50;66.03;2.31;95140.0;0;0;41.0;4515.0;996.34;761.70;1.0;1.0;0;1.0;0;0;1.0;0;0;1.0;0;0;1.0;1.0;0;0;0;0;0
1350058;1.30;1.01;0;1234.0;18.75;83.25;16.5;0;12.56;14.39;57.20;50.68;2.31;95140.0;0;0;41.0;4520.0;996.37;742.17;1.0;1.0;0;1.0;0;0;1.0;0;0;1.0;0;0;1.0;1.0;0;0;0;0;0
1350577;1.26;0.99;0;1250.0;18.75;84.0;15.75;0;12.43;14.39;43.90;45.81;2.31;95140.0;0;0;42.0;4509.0;996.34;722.64;1.0;1.0;0;1.0;0;0;1.0;0;0;1.0;0;0;1.0;1.0;0;0;0;0;0
1351098;1.35;0.99;0;1178.0;18.75;84.0;21.0;0;13.30;14.39;37.55;35.15;2.31;95140.0;0;0;41.0;4530.0;996.37;781.24;1.0;1.0;0;1.0;0;0;1.0;0;0;1.0;0;0;1.0;1.0;0;0;0;0;0
1351627;1.30;0.99;0;1247.0;18.75;84.0;15.75;0;12.40;14.48;29.68;25.58;2.31;95140.0;0;0;42.0;4501.0;996.41;683.58;1.0;1.0;0;1.0;1.0;0;1.0;0;0;1.0;0;0;1.0;1.0;0;0;0;0;0
1352198;1.18;0.97;0;1314.0;18.75;84.0;12.0;0;11.75;14.39;26.58;18.59;2.31;95140.0;0;0;41.0;4505.0;996.34;781.24;1.0;1.0;0;1.0;0;0;1.0;0;0;1.0;0;0;1.0;1.0;0;0;0;0;0
1352747;1.2;0.97;0;1291.0;18.75;84.0;12.75;0;11.88;14.48;19.33;15.74;2.31;95140.0;0;0;41.0;4519.0;996.34;78.12;1.0;1.0;0;1.0;0;0;1.0;0;0;1.0;0;0;1.0;1.0;0;0;0;0;0
1353268;1.28;0.98;0;1272.0;18.75;84.0;14.25;0;12.20;14.48;17.03;27.14;2.31;95140.0;0;0;43.0;4493.0;996.37;624.99;1.0;1.0;0;1.0;0;0;1.0;0;0;1.0;0;0;1.0;1.0;0;0;0;0;0
1353788;0.98;1.00;0;1742.0;19.5;84.0;19.5;0;13.39;14.48;15.05;38.35;2.31;95140.0;0;0;46.0;4518.0;996.37;58.59;1.0;1.0;0;1.0;0;0;1.0;0;0;1.0;0;0;1.0;1.0;0;0;0;0;0
1354318;1.42;1.01;0;1300.0;19.5;84.0;15.75;0;13.13;14.48;10.37;33.04;2.31;95140.0;0;0;48.0;4488.0;996.41;39.06;1.0;1.0;0;1.0;0;0;1.0;0;0;1.0;0;0;1.0;1.0;0;0;0;0;0
1354837;1.43;1.01;0;1208.0;19.5;84.75;18.0;0;13.23;14.48;7.92;31.89;2.31;95140.0;0;0;44.0;4511.0;996.41;781.24;1.0;1.0;0;1.0;0;0;1.0;0;0;1.0;0;0;1.0;1.0;0;0;0;0;0
1355358;1.32;0.99;0;1244.0;19.5;84.75;14.25;0;12.48;14.58;7.53;24.47;2.31;95140.0;0;0;44.0;4512.0;996.30;839.83;1.0;1.0;0;1.0;0;0;1.0;0;0;1.0;0;0;1.0;1.0;0;0;0;0;0
1355878;5.60;1.00;0;1928.0;19.5;84.75;9.0;12.94;33.66;14.39;12.32;20.99;2.31;95140.0;0;0;55.0;4461.0;996.34;898.42;1.0;1.0;0;1.0;0;0;1.0;0;0;1.0;0;0;1.0;1.0;0;0;0;0;0
1356398;4.88;1.00;0;2332.0;19.5;84.75;16.5;18.43;36.45;14.48;8.72;11.65;2.31;95140.0;0;0;45.0;4493.0;996.30;761.70;1.0;1.0;0;1.0;0;0;1.0;0;0;1.0;0;0;1.0;1.0;0;0;0;0;0
1356919;5.16;0.99;15.0;2252.0;19.5;84.75;12.0;21.96;38.80;14.39;4.82;8.67;2.31;95140.0;15.0;15.0;45.0;4477.0;996.22;312.49;1.0;1.0;0;1.0;0;0;1.0;0;0;1.0;0;0;1.0;1.0;0;0;0;0;0
1357437;5.52;1.00;23.0;2727.0;19.5;84.75;15.0;28.23;39.70;14.48;2.75;5.03;2.31;95140.0;23.0;24.0;45.0;4538.0;996.06;117.18;1.0;1.0;0;1.0;0;0;1.0;0;0;1.0;0;0;1.0;1.0;0;0;0;0;0
1357958;7.38;1.00;33.0;3773.0;19.5;84.75;12.75;44.31;47.61;14.39;1.21;2.44;2.31;95140.0;33.0;34.0;45.0;4600.0;996.10;878.89;1.0;1.0;0;1.0;0;0;1.0;0;0;1.0;0;0;1.0;1.0;0;0;0;0;0
1358478;7.04;1.00;45.0;5013.0;19.5;84.75;19.5;59.61;49.20;14.29;0.37;0.82;2.58;95140.0;43.0;45.0;45.0;4691.0;995.98;136.71;1.0;1.0;0;1.0;0;0;1.0;0;0;1.0;0;0;1.0;1.0;0;0;0;0;0
1358998;7.92;1.07;55.0;6128.0;19.5;84.75;18.0;74.51;48.40;14.39;0;0.13;2.31;95140.0;53.0;56.0;45.0;4399.0;995.98;800.77;1.0;1.0;0;1.0;0;0;1.0;0;0;1.0;0;0;1.0;1.0;0;0;0;0;0
1359518;4.16;1.00;62.0;5854.0;19.5;84.75;48.75;16.47;21.16;14.39;0.64;0.89;2.31;95140.0;61.0;62.0;45.0;4530.0;995.87;859.36;2.0;1.0;0;1.0;0;0;1.0;0;0;1.0;0;0;1.0;1.0;0;0;0;0;0
1360037;7.97;1.00;71.0;5767.0;18.75;84.75;18.75;95.69;50.50;14.29;0.01;0.11;2.58;95140.0;68.0;71.0;45.0;4531.0;995.75;859.36;2.0;1.0;0;1.0;0;0;1.0;0;0;0;0;0;1.0;1.0;0;0;0;0;0
1360558;8.57;1.00;80.0;6240.0;18.75;84.75;18.75;99.61;54.17;14.48;0.78;1.85;2.31;95140.0;76.0;80.0;45.0;4458.0;995.67;898.42;2.0;1.0;0;1.0;0;0;1.0;0;0;0;0;0;1.0;1.0;0;0;0;0;0
1361077;8.78;1.00;87.0;6841.0;18.75;84.0;19.5;99.61;55.08;14.39;159.61;171.84;2.31;95140.0;85.0;87.0;46.0;4417.0;995.59;898.42;2.0;1.0;0;1.0;0;0;1.0;0;0;1.0;0;0;1.0;1.0;0;0;0;0;0
1361598;0.49;1.00;92.0;6856.0;18.75;84.0;49.5;0;4.00;14.39;296.01;223.55;2.31;95140.0;90.0;92.0;46.0;4499.0;995.63;898.42;2.0;1.0;0;1.0;0;0;1.0;0;0;1.0;0;0;0;1.0;0;0;0;0;0
1362117;8.44;1.00;97.0;6018.0;18.75;84.0;18.75;99.61;54.22;14.48;253.77;174.79;2.31;95140.0;94.0;98.0;46.0;4558.0;995.52;878.89;3.0;1.0;0;1.0;0;0;1.0;0;0;0;0;0;0;1.0;0;0;0;0;0
1362648;8.67;1.00;103.0;6366.0;18.75;83.25;18.75;99.61;54.45;14.48;212.01;184.53;2.31;95140.0;100.0;103.0;46.0;4490.0;995.44;898.42;3.0;1.0;0;1.0;0;0;1.0;0;0;0;0;0;0;1.0;0;0;0;0;0
1363167;8.66;1.00;108.0;6698.0;18.75;83.25;19.5;95.69;54.89;14.48;234.28;210.68;2.31;95140.0;105.0;109.0;46.0;4486.0;995.32;898.42;3.0;1.0;0;1.0;0;0;1.0;0;0;0;0;0;0;1.0;0;0;0;0;0
1363688;8.68;1.00;113.0;7019.0;18.75;83.25;20.25;99.61;55.00;14.39;231.78;224.71;2.31;95140.0;111.0;113.0;46.0;4470.0;995.16;898.42;3.0;1.0;0;1.0;0;0;1.0;0;0;0;0;0;0;1.0;0;0;0;0;0
1364208;8.64;1.00;118.0;7349.0;18.75;83.25;21.0;99.61;54.93;14.39;167.21;209.22;2.31;95140.0;115.0;119.0;46.0;4516.0;995.16;898.42;3.0;1.0;0;1.0;0;0;1.0;0;0;0;0;0;0;1.0;0;0;0;0;0
1364728;8.43;1.00;123.0;7653.0;18.75;83.25;22.5;99.61;54.60;14.48;135.14;203.93;2.31;95140.0;120.0;124.0;46.0;4532.0;994.85;898.42;3.0;1.0;0;1.0;0;0;1.0;0;0;1.0;0;0;0;1.0;0;0;0;0;0
1365248;4.52;0.99;123.0;7193.0;18.75;83.25;37.5;40.39;35.39;14.39;182.99;237.87;2.31;95140.0;123.0;124.0;46.0;4522.0;994.66;859.36;4.0;1.0;0;1.0;0;0;1.0;0;0;0;0;0;0;1.0;0;0;0;0;0
1365767;8.71;1.00;128.0;6743.0;18.75;83.25;18.75;99.61;54.43;14.48;264.90;298.88;2.31;95140.0;125.0;129.0;46.0;4483.0;994.46;898.42;4.0;1.0;0;1.0;0;0;1.0;0;0;0;0;0;0;1.0;0;0;0;0;0
1366288;8.63;1.00;132.0;6948.0;18.75;83.25;19.5;99.61;54.99;14.48;334.25;344.52;2.31;95140.0;128.0;133.0;46.0;4480.0;994.27;898.42;4.0;1.0;0;1.0;0;0;1.0;0;0;0;0;0;0;1.0;0;0;0;0;0
1366807;8.64;1.00;135.0;7110.0;18.75;83.25;20.25;99.61;54.92;14.48;351.16;348.74;2.31;95140.0;131.0;136.0;46.0;4501.0;994.03;898.42;4.0;1.0;0;1.0;0;0;1.0;0;0;0;0;0;0;1.0;0;0;0;0;0
1367328;8.58;1.00;138.0;7259.0;18.75;83.25;20.25;94.12;54.83;14.39;360.62;325.79;2.31;95140.0;134.0;139.0;46.0;4633.0;993.80;839.83;4.0;1.0;0;1.0;0;0;1.0;0;0;0;0;0;0;1.0;0;0;0;0;0
1367857;6.84;1.00;138.0;6415.0;18.75;83.25;22.5;59.61;46.57;14.48;318.55;297.57;2.31;95140.0;135.0;139.0;46.0;4623.0;993.60;683.58;5.0;1.0;0;1.0;0;0;1.0;0;0;0;0;0;0;1.0;0;0;0;0;0
1368378;3.39;1.00;136.0;6247.0;18.75;83.25;42.75;23.13;26.18;14.48;280.62;280.35;2.31;95140.0;134.0;136.0;46.0;4503.0;993.37;820.30;5.0;1.0;0;1.0;0;0;1.0;0;0;0;0;0;0;1.0;0;0;0;0;0
1368888;2.64;1.00;132.0;6098.0;18.75;83.25;48.75;14.11;20.58;14.58;268.71;245.53;2.31;95140.0;131.0;133.0;46.0;4541.0;993.09;253.90;5.0;1.0;0;1.0;0;0;1.0;0;0;0;0;0;1.0;1.0;0;0;0;0;0
1369418;1.04;1.03;128.0;5722.0;18.75;83.25;50.25;3.92;8.17;14.48;68.17;69.23;2.31;95140.0;128.0;129.0;46.0;4517.0;992.86;917.95;5.0;1.0;0;1.0;0;0;1.0;0;0;0;0;0;0;1.0;0;0;0;0;0
1369938;2.48;1.00;125.0;5656.0;18.75;83.25;48.75;10.98;18.35;14.39;159.89;148.05;2.31;95140.0;124.0;125.0;46.0;4538.0;992.66;820.30;5.0;1.0;0;1.0;0;0;1.0;0;0;0;0;0;0;1.0;0;0;0;0;0
1370457;2.16;0.94;121.0;5592.0;18.75;83.25;49.5;10.58;18.06;14.39;175.24;191.37;2.31;95140.0;120.0;122.0;46.0;4549.0;992.43;97.65;5.0;1.0;0;1.0;0;0;1.0;0;0;0;0;0;0;1.0;0;0;0;0;0
1370978;3.75;1.03;120.0;5539.0;18.75;83.25;41.25;21.17;26.15;14.48;215.72;235.90;2.31;95140.0;118.0;120.0;46.0;4545.0;992.23;800.77;5.0;1.0;0;1.0;0;0;1.0;0;0;0;0;0;0;1.0;0;0;0;0;0
1371497;4.43;1.00;120.0;5492.0;18.75;83.25;33.0;30.19;33.60;14.48;316.22;322.86;2.31;95140.0;117.0;120.0;46.0;4507.0;992.16;820.30;5.0;1.0;0;1.0;0;0;1.0;0;0;0;0;0;0;1.0;0;0;0;0;0
1372018;4.56;1.00;120.0;5501.0;18.75;82.5;29.25;35.29;37.02;14.48;325.60;307.42;2.31;95140.0;117.0;120.0;47.0;4489.0;991.96;839.83;5.0;1.0;0;1.0;0;0;1.0;0;0;0;0;0;0;1.0;0;0;0;0;0
1372538;5.11;1.01;120.0;5534.0;18.75;82.5;30.0;36.08;37.53;14.48;332.42;319.84;2.31;95140.0;118.0;121.0;47.0;4517.0;991.77;761.70;5.0;1.0;0;1.0;0;0;1.0;0;0;0;0;0;0;1.0;0;0;0;0;0
1373058;5.60;0.98;121.0;5587.0;18.75;82.5;24.0;44.31;42.31;14.58;341.44;333.55;2.31;95140.0;118.0;121.0;47.0;4483.0;991.57;58.59;5.0;1.0;0;1.0;0;0;1.0;0;0;0;0;0;0;1.0;0;0;0;0;0
1373578;4.46;1.02;121.0;5564.0;18.0;82.5;31.5;32.94;35.76;14.48;295.56;290.27;2.31;95140.0;117.0;121.0;47.0;4489.0;991.26;722.64;5.0;1.0;0;1.0;0;0;1.0;0;0;0;0;0;0;1.0;0;0;0;0;0
1374097;4.31;1.00;120.0;5500.0;18.0;82.5;34.5;29.02;32.94;14.39;306.11;300.44;2.31;95140.0;118.0;120.0;47.0;4506.0;991.22;624.99;5.0;1.0;0;1.0;0;0;1.0;0;0;0;0;0;0;1.0;0;0;0;0;0
1374618;3.22;1.00;118.0;5456.0;18.0;82.5;39.75;20.39;26.19;14.58;309.70;292.22;2.31;95140.0;117.0;119.0;47.0;4506.0;991.02;859.36;5.0;1.0;0;1.0;0;0;1.0;0;0;0;0;0;0;1.0;0;0;0;0;0
1375137;2.64;0.93;116.0;5366.0;18.0;82.5;45.75;14.11;22.15;14.58;222.79;254.92;2.31;95140.0;115.0;117.0;47.0;4544.0;990.83;97.65;5.0;1.0;0;1.0;0;0;1.0;0;0;0;0;0;1.0;1.0;0;0;0;0;0
1375658;2.92;1.02;113.0;5229.0;18.0;82.5;44.25;14.11;22.35;14.48;152.43;216.80;2.31;95140.0;113.0;114.0;47.0;4548.0;990.67;781.24;5.0;1.0;0;1.0;0;0;1.0;0;0;0;0;0;1.0;1.0;0;0;0;0;0
1376177;5.29;1.00;112.0;5175.0;18.0;82.5;30.75;31.37;35.40;14.58;114.32;197.25;2.31;95140.0;111.0;112.0;47.0;4544.0;990.59;58.59;5.0;1.0;0;1.0;0;0;1.0;0;0;0;0;0;1.0;1.0;0;0;0;0;0
1376708;3.77;1.02;111.0;5118.0;18.0;82.5;37.5;21.57;28.27;14.39;215.90;243.94;2.31;95140.0;110.0;112.0;47.0;4515.0;990.28;742.17;5.0;1.0;0;1.0;0;0;1.0;0;0;0;0;0;1.0;1.0;0;0;0;0;0
1377228;2.92;1.01;110.0;5037.0;18.0;81.75;42.75;14.11;23.32;14.39;282.24;307.08;2.31;95140.0;108.0;110.0;47.0;4526.0;990.09;722.64;5.0;1.0;0;1.0;0;0;1.0;0;0;0;0;0;1.0;1.0;0;0;0;0;0
1377748;2.77;0.96;107.0;4924.0;18.0;81.75;43.5;12.15;22.16;14.39;334.06;309.43;2.31;95140.0;106.0;107.0;47.0;4521.0;989.97;58.59;5.0;1.0;0;1.0;0;0;1.0;0;0;0;0;0;1.0;1.0;0;0;0;0;0
1378268;3.37;1.05;106.0;4870.0;18.0;81.75;39.75;15.68;25.02;14.48;346.03;316.71;2.31;95140.0;104.0;106.0;47.0;4527.0;989.77;703.11;5.0;1.0;0;1.0;0;0;1.0;0;0;0;0;0;1.0;1.0;0;0;0;0;0
1378787;3.84;1.05;105.0;4847.0;18.0;81.75;36.75;19.21;27.83;14.48;289.33;234.37;2.31;95140.0;103.0;105.0;47.0;4530.0;989.70;468.74;5.0;1.0;0;1.0;0;0;1.0;0;0;0;0;0;1.0;1.0;0;0;0;0;0
1379308;3.01;0.99;105.0;4804.0;18.0;81.75;41.25;13.72;23.55;14.48;314.60;299.19;2.31;95140.0;103.0;105.0;47.0;4494.0;989.50;78.12;5.0;1.0;0;1.0;0;0;1.0;0;0;0;0;0;0;1.0;0;0;0;0;0
1379828;4.0;1.00;102.0;4707.0;18.0;81.75;34.5;21.17;30.20;14.48;327.18;330.50;2.31;95140.0;100.0;103.0;47.0;4544.0;989.46;58.59;5.0;1.0;0;1.0;0;0;1.0;0;0;0;0;0;1.0;1.0;0;0;0;0;0
1380348;4.93;1.00;101.0;4642.0;18.0;81.75;29.25;27.06;35.93;14.48;317.10;338.74;2.31;95140.0;100.0;102.0;47.0;4526.0;989.19;39.06;5.0;1.0;0;1.0;0;0;1.0;0;0;0;0;0;1.0;1.0;0;0;0;0;0
1380868;5.29;1.03;102.0;4689.0;18.0;81.75;27.0;30.59;37.94;14.58;333.57;336.24;2.31;95140.0;99.0;102.0;47.0;4531.0;988.99;97.65;5.0;1.0;0;1.0;0;0;1.0;0;0;0;0;0;1.0;1.0;0;0;0;0;0
1381387;5.68;1.00;103.0;4731.0;18.0;81.75;23.25;35.29;41.10;14.48;242.17;332.73;2.31;95140.0;99.0;104.0;47.0;4519.0;988.76;39.06;5.0;1.0;0;1.0;0;0;1.0;0;0;0;0;0;1.0;1.0;0;0;0;0;0
1381907;4.61;1.00;102.0;4787.0;18.0;81.75;30.0;28.23;35.33;14.48;232.91;336.73;2.31;95140.0;101.0;103.0;47.0;4504.0;988.68;39.06;5.0;1.0;0;1.0;0;0;1.0;0;0;0;0;0;1.0;1.0;0;0;0;0;0
1382427;5.49;1.00;102.0;4721.0;18.0;81.75;26.25;32.55;39.30;14.48;230.14;292.85;2.31;95140.0;101.0;103.0;47.0;4521.0;988.60;78.12;5.0;1.0;0;1.0;0;0;1.0;0;0;0;0;0;1.0;1.0;0;0;0;0;0
1382948;4.72;1.00;102.0;4745.0;18.0;81.75;29.25;27.84;35.84;14.58;247.60;324.88;2.31;95140.0;100.0;103.0;47.0;4520.0;988.37;58.59;5.0;1.0;0;1.0;0;0;1.0;0;0;0;0;0;1.0;1.0;0;0;0;0;0
1383477;5.49;1.01;103.0;4758.0;18.0;81.75;25.5;33.72;39.96;14.48;319.72;345.15;2.31;95140.0;100.0;104.0;47.0;4512.0;988.45;97.65;5.0;1.0;0;1.0;0;0;1.0;0;0;0;0;0;1.0;1.0;0;0;0;0;0
1383998;5.76;1.07;105.0;4801.0;18.0;81.75;26.25;33.72;39.34;14.48;345.36;333.06;2.31;95140.0;101.0;105.0;47.0;4513.0;988.02;273.43;5.0;1.0;0;1.0;0;0;1.0;0;0;0;0;0;1.0;1.0;0;0;0;0;0
1384517;5.88;0.99;105.0;4807.0;18.0;81.75;22.5;37.65;42.19;14.48;358.49;233.61;2.31;95140.0;102.0;105.0;47.0;4506.0;987.59;839.83;5.0;1.0;0;1.0;0;0;1.0;0;0;0;0;0;1.0;1.0;0;0;0;0;0
1385038;6.34;1.01;106.0;4864.0;18.0;81.75;20.25;41.96;44.14;14.48;350.95;300.93;2.31;95140.0;103.0;106.0;47.0;4527.0;987.47;214.84;5.0;1.0;0;1.0;0;0;1.0;0;0;0;0;0;1.0;1.0;0;0;0;0;0
1385627;5.96;1.04;107.0;4929.0;17.25;81.75;23.25;38.04;41.57;14.48;344.37;332.10;2.31;95140.0;103.0;107.0;47.0;4505.0;987.27;703.11;5.0;1.0;0;1.0;0;0;1.0;0;0;0;0;0;1.0;1.0;0;0;0;0;0
1386158;4.85;1.00;107.0;4919.0;17.25;81.75;27.75;31.76;37.18;14.58;345.36;316.52;2.31;95140.0;104.0;108.0;47.0;4504.0;987.31;39.06;5.0;1.0;0;1.0;0;0;1.0;0;0;0;0;0;1.0;1.0;0;0;0;0;0
1386668;5.25;1.00;107.0;4942.0;17.25;81.75;25.5;34.90;39.53;14.48;263.36;297.61;2.31;95140.0;105.0;108.0;47.0;4506.0;987.12;39.06;5.0;1.0;0;1.0;0;0;1.0;0;0;0;0;0;1.0;1.0;0;0;0;0;0
1387187;7.03;1.00;107.0;4921.0;17.25;81.75;21.0;41.18;42.62;14.48;164.05;212.19;2.31;95140.0;104.0;107.0;47.0;4525.0;986.92;820.30;5.0;1.0;0;1.0;0;0;1.0;0;0;0;0;0;1.0;1.0;0;0;0;0;0
1387710;6.20;1.00;108.0;4943.0;17.25;81.75;20.25;44.31;44.56;14.48;140.45;153.91;2.31;95140.0;105.0;108.0;47.0;4505.0;986.69;58.59;5.0;1.0;0;1.0;0;0;1.0;0;0;0;0;0;1.0;1.0;0;0;0;0;0
1388227;7.02;1.00;108.0;5032.0;17.25;81.75;19.5;55.30;46.83;14.48;172.89;197.03;2.31;95140.0;106.0;109.0;47.0;4496.0;986.49;722.64;5.0;1.0;0;1.0;0;0;1.0;0;0;0;0;0;1.0;1.0;0;0;0;0;0
1388748;6.51;1.00;110.0;5111.0;17.25;81.75;20.25;50.98;45.82;14.48;275.27;283.57;2.31;95141.0;107.0;111.0;47.0;4517.0;986.30;39.06;5.0;1.0;0;1.0;0;0;1.0;0;0;0;0;0;1.0;1.0;0;0;0;0;0
1389268;4.51;1.00;110.0;5070.0;17.25;81.75;30.75;30.59;35.24;14.48;332.92;338.27;2.31;95141.0;108.0;110.0;47.0;4493.0;986.18;39.06;5.0;1.0;0;1.0;0;0;1.0;0;0;0;0;0;1.0;1.0;0;0;0;0;0
1389798;4.65;1.07;108.0;4986.0;17.25;81.75;31.5;27.06;33.23;14.29;346.46;349.72;2.58;95141.0;107.0;109.0;47.0;4542.0;985.98;214.84;5.0;1.0;0;1.0;0;0;1.0;0;0;0;0;0;1.0;1.0;0;0;0;0;0
1390318;4.15;1.10;107.0;4937.0;17.25;81.75;36.0;21.17;28.88;14.48;318.39;348.86;2.31;95141.0;107.0;108.0;47.0;4510.0;985.79;820.30;5.0;1.0;0;1.0;0;0;1.0;0;0;0;0;0;1.0;1.0;0;0;0;0;0
1390838;2.85;1.00;106.0;4867.0;17.25;81.75;42.75;12.55;22.61;14.48;284.23;346.81;2.31;95141.0;105.0;106.0;47.0;4502.0;985.59;820.30;5.0;1.0;0;1.0;0;0;1.0;0;0;0;0;0;1.0;1.0;0;0;0;0;0
1391358;1.94;0.99;103.0;4764.0;17.25;81.75;48.0;7.05;15.70;14.58;269.92;351.32;2.31;95141.0;103.0;104.0;47.0;4458.0;985.40;800.77;5.0;1.0;0;1.0;0;0;1.0;0;0;0;0;0;1.0;1.0;0;0;0;0;0
1391877;1.16;1.00;101.0;4617.0;17.25;81.75;48.75;3.92;9.66;14.48;212.42;344.52;2.31;95141.0;100.0;101.0;47.0;4443.0;985.12;878.89;5.0;1.0;0;1.0;0;0;1.0;0;0;0;0;0;1.0;1.0;0;0;0;0;0
1392398;0.51;1.00;96.0;4414.0;17.25;81.75;-30.0;0;0;14.58;214.67;342.16;2.31;95141.0;97.0;96.0;47.0;4446.0;984.81;332.02;5.0;1.0;0;1.0;0;0;1.0;0;0;0;0;0;1.0;1.0;0;0;0;0;0
1392917;0.52;1.00;91.0;4164.0;17.25;81.75;-30.0;0;0;14.58;198.99;306.50;2.31;95141.0;91.0;91.0;47.0;4436.0;984.70;0;5.0;1.0;0;1.0;0;0;1.0;0;0;0;0;0;1.0;1.0;0;0;0;0;0
1393438;1.01;1.00;86.0;3975.0;17.25;81.75;45.75;2.35;7.94;14.58;141.74;269.45;2.31;95141.0;86.0;86.0;47.0;4231.0;984.54;898.42;5.0;1.0;0;1.0;0;0;1.0;0;0;0;0;0;1.0;1.0;0;0;0;0;0
1393958;3.32;0.98;85.0;3931.0;17.25;81.75;36.75;12.94;25.25;14.58;122.41;318.98;2.31;95141.0;84.0;85.0;47.0;4393.0;984.42;820.30;5.0;1.0;0;1.0;0;0;1.0;0;0;0;0;0;1.0;1.0;0;0;0;0;0
1394478;3.16;0.92;85.0;3904.0;18.0;81.75;36.0;14.90;26.58;14.58;257.24;334.25;2.31;95141.0;85.0;85.0;47.0;4491.0;984.34;839.83;5.0;1.0;0;1.0;0;0;1.0;0;0;0;0;0;1.0;1.0;0;0;0;0;0
1394998;3.72;0.96;85.0;3914.0;18.0;82.5;32.25;18.04;29.82;14.48;315.99;330.17;2.31;95141.0;83.0;85.0;47.0;4538.0;984.27;624.99;5.0;1.0;0;1.0;0;0;1.0;0;0;0;0;0;1.0;1.0;0;0;0;0;0
1395518;0;1.00;83.0;4577.0;18.0;82.5;42.75;0;4.20;14.48;331.71;331.22;2.31;95141.0;83.0;84.0;47.0;4477.0;984.23;820.30;5.0;1.0;0;1.0;0;0;1.0;0;0;0;0;0;1.0;1.0;0;0;0;0;0
1396038;3.38;0.95;82.0;4291.0;18.0;82.5;36.75;15.29;26.93;14.48;320.78;342.55;2.31;95141.0;82.0;83.0;47.0;4583.0;984.07;683.58;4.0;1.0;0;1.0;0;0;1.0;0;0;0;0;0;1.0;1.0;0;0;0;0;0
1396557;3.10;1.00;82.0;4278.0;18.0;82.5;39.0;12.55;24.49;14.48;313.08;318.82;2.31;95141.0;82.0;82.0;47.0;4517.0;983.87;859.36;4.0;1.0;0;1.0;0;0;1.0;0;0;0;0;0;1.0;1.0;0;0;0;0;0
1397077;5.24;1.00;83.0;4351.0;18.0;82.5;27.0;26.66;37.44;14.48;328.59;307.34;2.31;95141.0;81.0;84.0;47.0;4562.0;983.72;742.17;4.0;1.0;0;1.0;0;0;1.0;0;0;0;0;0;1.0;1.0;0;0;0;0;0
1397607;7.49;1.00;85.0;4420.0;18.0;82.5;16.5;42.35;46.53;14.48;296.91;327.98;2.31;95141.0;82.0;85.0;47.0;4552.0;983.68;351.55;4.0;1.0;0;1.0;0;0;1.0;0;0;0;0;0;1.0;1.0;0;0;0;0;0
1398167;4.52;1.00;86.0;4430.0;18.0;82.5;28.5;25.88;36.26;14.58;333.18;240.60;2.31;95141.0;86.0;86.0;47.0;4524.0;983.52;58.59;4.0;1.0;0;1.0;0;0;1.0;0;0;0;0;0;1.0;1.0;0;0;0;0;0
1398688;4.36;1.00;87.0;4517.0;18.0;82.5;30.75;23.92;33.68;14.39;220.98;134.56;2.31;95141.0;86.0;87.0;47.0;4509.0;983.33;58.59;4.0;1.0;0;1.0;0;0;1.0;0;0;0;0;0;1.0;1.0;0;0;0;0;0
1399217;6.77;1.00;88.0;4611.0;18.0;82.5;19.5;40.39;44.47;14.58;155.41;148.01;2.31;95141.0;87.0;89.0;47.0;4494.0;983.29;878.89;4.0;1.0;0;1.0;0;0;1.0;0;0;0;0;0;1.0;1.0;0;0;0;0;0
1399738;5.59;1.00;91.0;4790.0;18.0;82.5;21.75;38.04;42.47;14.58;220.94;184.42;2.31;95141.0;89.0;92.0;47.0;4532.0;983.05;39.06;4.0;1.0;0;1.0;0;0;1.0;0;0;0;0;0;1.0;1.0;0;0;0;0;0
1400258;4.48;1.00;92.0;4804.0;18.0;82.5;30.0;27.45;34.76;14.48;226.72;301.46;2.31;95141.0;90.0;93.0;47.0;4523.0;983.02;39.06;4.0;1.0;0;1.0;0;0;1.0;0;0;0;0;0;1.0;1.0;0;0;0;0;0
1400778;3.81;1.04;92.0;4786.0;18.0;82.5;36.75;19.61;28.27;14.58;285.66;309.86;2.31;95141.0;90.0;92.0;47.0;4516.0;982.98;683.58;4.0;1.0;0;1.0;0;0;1.0;0;0;0;0;0;1.0;1.0;0;0;0;0;0
1401308;3.99;1.06;92.0;4776.0;17.25;82.5;36.0;20.39;28.82;14.39;312.16;291.56;2.31;95141.0;90.0;92.0;47.0;4491.0;982.59;800.77;4.0;1.0;0;1.0;0;0;1.0;0;0;0;0;0;1.0;1.0;0;0;0;0;0
1401868;5.04;1.00;93.0;4847.0;17.25;82.5;29.25;30.19;36.03;14.58;314.82;339.68;2.31;95141.0;90.0;93.0;47.0;4515.0;982.31;859.36;4.0;1.0;0;1.0;0;0;1.0;0;0;0;0;0;1.0;1.0;0;0;0;0;0
1402388;6.96;1.00;95.0;4989.0;17.25;82.5;18.75;53.73;46.54;14.39;336.87;349.91;2.31;95141.0;92.0;96.0;47.0;4516.0;982.23;58.59;4.0;1.0;0;1.0;0;0;1.0;0;0;0;0;0;1.0;1.0;0;0;0;0;0
1402958;3.59;1.00;96.0;4984.0;17.25;82.5;35.25;23.13;30.76;14.48;344.60;351.11;2.31;95141.0;94.0;96.0;47.0;4484.0;982.16;58.59;4.0;1.0;0;1.0;0;0;1.0;0;0;0;0;0;1.0;1.0;0;0;0;0;0
1403477;3.00;1.00;95.0;4917.0;17.25;82.5;42.0;14.11;23.30;14.48;338.90;327.75;2.31;95141.0;94.0;95.0;47.0;4500.0;982.04;195.31;4.0;1.0;0;1.0;0;0;1.0;0;0;0;0;0;1.0;1.0;0;0;0;0;0
1403998;2.36;0.98;93.0;4834.0;17.25;82.5;46.5;9.02;19.08;14.48;335.85;324.37;2.31;95141.0;93.0;94.0;47.0;4492.0;981.92;839.83;4.0;1.0;0;1.0;0;0;1.0;0;0;0;0;0;1.0;1.0;0;0;0;0;0
1404537;2.04;0.92;91.0;4748.0;17.25;82.5;46.5;8.23;17.60;14.48;330.85;219.92;2.31;95141.0;91.0;92.0;47.0;4493.0;982.04;449.21;4.0;1.0;0;1.0;0;0;1.0;0;0;0;0;0;1.0;1.0;0;0;0;0;0
1405058;2.14;0.96;90.0;4656.0;17.25;82.5;46.5;7.84;17.65;14.58;333.67;195.86;2.31;95141.0;90.0;90.0;47.0;4494.0;981.77;800.77;4.0;1.0;0;1.0;0;0;1.0;0;0;0;0;0;1.0;1.0;0;0;0;0;0
1405577;2.16;0.91;87.0;4582.0;17.25;82.5;45.75;8.23;18.85;14.48;303.67;204.94;2.31;95141.0;87.0;88.0;47.0;4488.0;981.45;761.70;4.0;1.0;0;1.0;0;0;1.0;0;0;0;0;0;1.0;1.0;0;0;0;0;0
1406147;2.42;0.90;87.0;4541.0;17.25;82.5;43.5;10.19;21.13;14.48;326.60;256.09;2.31;95141.0;86.0;87.0;47.0;4524.0;981.30;156.24;4.0;1.0;0;1.0;0;0;1.0;0;0;0;0;0;1.0;1.0;0;0;0;0;0
1406668;2.95;0.96;87.0;4512.0;17.25;82.5;40.5;12.55;24.00;14.29;297.30;323.78;2.58;95141.0;86.0;87.0;47.0;4559.0;980.98;273.43;4.0;1.0;0;1.0;0;0;1.0;0;0;0;0;0;1.0;1.0;0;0;0;0;0
1407257;3.09;1.01;87.0;4542.0;17.25;82.5;41.25;12.55;23.93;14.58;337.63;341.73;2.31;95141.0;86.0;88.0;47.0;4528.0;980.98;781.24;4.0;1.0;0;1.0;0;0;1.0;0;0;0;0;0;1.0;1.0;0;0;0;0;0
1407778;3.61;1.00;87.0;4519.0;17.25;82.5;37.5;16.47;27.00;14.48;347.49;345.46;2.31;95141.0;85.0;87.0;47.0;4524.0;980.87;273.43;4.0;1.0;0;1.0;0;0;1.0;0;0;0;0;0;1.0;1.0;0;0;0;0;0
1408298;4.52;1.00;87.0;4553.0;17.25;82.5;33.0;22.74;31.99;14.48;355.64;358.12;2.31;95141.0;85.0;88.0;47.0;4549.0;980.95;253.90;4.0;1.0;0;1.0;0;0;1.0;0;0;0;0;0;1.0;1.0;0;0;0;0;0
1408828;5.55;1.00;88.0;4622.0;17.25;82.5;24.75;33.33;40.24;14.58;330.56;349.05;2.31;95141.0;86.0;89.0;47.0;4532.0;980.87;58.59;4.0;1.0;0;1.0;0;0;1.0;0;0;0;0;0;1.0;1.0;0;0;0;0;0
1409348;5.24;1.09;90.0;4697.0;17.25;82.5;29.25;28.63;36.27;14.58;344.31;341.61;2.31;95141.0;88.0;91.0;47.0;4502.0;980.83;527.33;4.0;1.0;0;1.0;0;0;1.0;0;0;0;0;0;1.0;1.0;0;0;0;0;0
1409867;3.86;1.02;90.0;4699.0;17.25;82.5;36.0;20.00;28.89;14.58;338.90;325.52;2.31;95141.0;89.0;91.0;47.0;4498.0;980.67;546.86;4.0;1.0;0;1.0;0;0;1.0;0;0;0;0;0;1.0;1.0;0;0;0;0;0
1410388;3.80;1.03;90.0;4690.0;17.25;82.5;36.75;19.21;28.23;14.48;279.82;328.59;2.31;95141.0;88.0;91.0;47.0;4512.0;980.63;703.11;4.0;1.0;0;1.0;0;0;1.0;0;0;0;0;0;1.0;1.0;0;0;0;0;0
1410907;3.91;1.01;90.0;4690.0;17.25;82.5;35.25;20.39;29.52;14.48;188.07;212.77;2.31;95141.0;89.0;90.0;47.0;4514.0;980.40;742.17;4.0;1.0;0;1.0;0;0;1.0;0;0;0;0;0;1.0;1.0;0;0;0;0;0
1411478;4.09;1.00;90.0;4673.0;17.25;82.5;34.5;21.57;30.04;14.39;157.45;224.51;2.31;95141.0;88.0;90.0;47.0;4509.0;980.28;58.59;4.0;1.0;0;1.0;0;0;1.0;0;0;0;0;0;1.0;1.0;0;0;0;0;0
1411998;3.65;1.00;90.0;4688.0;17.25;82.5;36.0;19.61;28.65;14.58;215.74;249.53;2.31;95141.0;88.0;90.0;47.0;4510.0;980.05;742.17;4.0;1.0;0;1.0;0;0;1.0;0;0;0;0;0;1.0;1.0;0;0;0;0;0
1412517;3.66;1.02;90.0;4637.0;17.25;82.5;37.5;18.04;27.54;14.48;272.97;290.21;2.31;95141.0;88.0;90.0;47.0;4506.0;979.89;703.11;4.0;1.0;0;1.0;0;0;1.0;0;0;0;0;0;1.0;1.0;0;0;0;0;0
1413038;4.28;1.01;90.0;4615.0;17.25;82.5;32.25;23.92;33.14;14.58;324.88;321.56;2.31;95141.0;88.0;90.0;47.0;4531.0;979.85;78.12;4.0;1.0;0;1.0;0;0;1.0;0;0;0;0;0;1.0;1.0;0;0;0;0;0
1413558;3.61;0.99;90.0;4670.0;17.25;82.5;36.75;18.82;28.06;14.48;337.86;313.02;2.31;95141.0;88.0;90.0;47.0;4507.0;979.7;664.05;4.0;1.0;0;1.0;0;0;1.0;0;0;0;0;0;1.0;1.0;0;0;0;0;0
1414078;3.88;1.02;90.0;4654.0;17.25;82.5;36.0;20.00;28.99;14.58;325.93;276.68;2.31;95141.0;88.0;90.0;47.0;4508.0;979.62;683.58;4.0;1.0;0;1.0;0;0;1.0;0;0;0;0;0;1.0;1.0;0;0;0;0;0
1414598;4.58;1.04;90.0;4621.0;17.25;82.5;31.5;24.31;33.18;14.58;305.60;326.36;2.31;95141.0;88.0;90.0;47.0;4520.0;979.50;546.86;4.0;1.0;0;1.0;0;0;1.0;0;0;0;0;0;1.0;1.0;0;0;0;0;0
1415117;3.76;1.04;88.0;4620.0;17.25;82.5;36.75;18.04;27.93;14.48;333.72;336.16;2.31;95141.0;88.0;89.0;47.0;4502.0;979.50;839.83;4.0;1.0;0;1.0;0;0;1.0;0;0;0;0;0;1.0;1.0;0;0;0;0;0
1415638;2.86;0.94;88.0;4603.0;17.25;82.5;41.25;12.55;23.53;14.58;281.97;334.76;2.31;95141.0;87.0;89.0;47.0;4482.0;979.38;683.58;4.0;1.0;0;1.0;0;0;1.0;0;0;0;0;0;1.0;1.0;0;0;0;0;0
1416157;1.74;0.92;86.0;4492.0;17.25;82.5;46.5;7.05;17.21;14.48;326.42;338.57;2.31;95141.0;85.0;87.0;47.0;4441.0;979.27;839.83;4.0;1.0;0;1.0;0;0;1.0;0;0;0;0;0;1.0;1.0;0;0;0;0;0
1416677;1.32;0.99;82.0;4274.0;17.25;82.5;47.25;3.92;10.12;14.48;329.95;235.25;2.31;95141.0;82.0;82.0;47.0;4378.0;979.07;898.42;4.0;1.0;0;1.0;0;0;1.0;0;0;0;0;0;1.0;1.0;0;0;0;0;0
1417207;5.55;1.00;81.0;4246.0;17.25;82.5;28.5;23.53;35.29;14.48;334.45;208.71;2.31;95141.0;80.0;82.0;47.0;4568.0;978.87;859.36;4.0;1.0;0;1.0;0;0;1.0;0;0;0;0;0;1.0;1.0;0;0;0;0;0
1417728;6.79;1.00;82.0;4300.0;17.25;82.5;17.25;41.18;46.05;14.48;337.34;219.43;2.31;95141.0;81.0;83.0;47.0;4646.0;978.91;800.77;4.0;1.0;0;1.0;0;0;1.0;0;0;0;0;0;1.0;1.0;0;0;0;0;0
1418248;6.02;1.01;87.0;4517.0;17.25;82.5;20.25;37.25;42.98;14.39;352.69;302.89;2.31;95141.0;84.0;87.0;47.0;4580.0;978.68;644.52;4.0;1.0;0;1.0;0;0;1.0;0;0;0;0;0;1.0;1.0;0;0;0;0;0
1418817;5.97;1.05;90.0;4604.0;17.25;82.5;22.5;35.29;41.71;14.58;353.06;336.87;2.31;95141.0;86.0;90.0;47.0;4529.0;978.60;761.70;4.0;1.0;0;1.0;0;0;1.0;0;0;0;0;0;1.0;1.0;0;0;0;0;0
1419377;5.43;1.07;90.0;4664.0;17.25;82.5;27.0;30.98;37.84;14.58;341.69;331.58;2.31;95141.0;87.0;90.0;47.0;4503.0;978.33;117.18;4.0;1.0;0;1.0;0;0;1.0;0;0;0;0;0;1.0;1.0;0;0;0;0;0
1419898;5.04;1.00;92.0;4784.0;17.25;82.5;24.75;34.12;39.99;14.58;323.84;337.24;2.31;95141.0;90.0;93.0;47.0;4494.0;978.21;39.06;4.0;1.0;0;1.0;0;0;1.0;0;0;0;0;0;1.0;1.0;0;0;0;0;0
1420427;5.29;1.03;92.0;4823.0;17.25;82.5;29.25;30.59;36.20;14.48;332.20;331.34;2.31;95141.0;90.0;93.0;47.0;4500.0;977.90;859.36;4.0;1.0;0;1.0;0;0;1.0;0;0;0;0;0;1.0;1.0;0;0;0;0;0
1420948;7.53;1.00;95.0;4938.0;17.25;82.5;19.5;58.82;48.66;14.48;324.97;339.06;2.31;95141.0;92.0;95.0;47.0;4478.0;977.70;839.83;4.0;1.0;0;1.0;0;0;1.0;0;0;0;0;0;1.0;1.0;0;0;0;0;0
1421468;7.36;0.97;97.0;5014.0;17.25;82.5;20.25;81.18;51.32;14.39;340.72;337.63;2.31;95141.0;96.0;98.0;47.0;4510.0;977.47;234.37;4.0;1.0;0;1.0;0;0;1.0;0;0;0;0;0;1.0;1.0;0;0;0;0;0
1421987;8.20;1.00;100.0;5170.0;18.0;82.5;18.75;99.61;55.62;14.48;252.26;340.01;2.31;95141.0;98.0;100.0;47.0;4455.0;977.35;859.36;4.0;1.0;0;1.0;0;0;1.0;0;0;0;0;0;1.0;1.0;0;0;0;0;0
1422508;4.13;1.00;102.0;5308.0;18.0;82.5;27.0;35.29;39.14;14.48;198.93;289.49;2.31;95141.0;101.0;103.0;47.0;4451.0;977.31;39.06;4.0;1.0;0;1.0;0;0;1.0;0;0;0;0;0;1.0;1.0;0;0;0;0;0
1423028;2.72;1.00;102.0;5279.0;18.0;82.5;44.25;14.11;22.29;14.48;239.76;319.39;2.31;95141.0;101.0;102.0;47.0;4540.0;977.12;820.30;4.0;1.0;0;1.0;0;0;1.0;0;0;0;0;0;1.0;1.0;0;0;0;0;0
1423598;2.04;0.94;100.0;5164.0;18.0;82.5;48.0;9.02;17.61;14.58;284.86;290.25;2.31;95141.0;99.0;101.0;47.0;4530.0;976.92;781.24;4.0;1.0;0;1.0;0;0;1.0;0;0;0;0;0;1.0;1.0;0;0;0;0;0
1424118;1.55;0.90;97.0;5017.0;18.0;82.5;49.5;6.66;13.41;14.48;331.38;342.04;2.31;95141.0;97.0;97.0;47.0;4499.0;976.73;820.30;4.0;1.0;0;1.0;0;0;1.0;0;0;0;0;0;1.0;1.0;0;0;0;0;0
1424637;1.36;0.88;95.0;4872.0;18.0;82.5;48.75;5.88;12.29;14.48;345.36;350.91;2.31;95141.0;93.0;95.0;47.0;4482.0;976.49;761.70;4.0;1.0;0;1.0;0;0;1.0;0;0;0;0;0;1.0;1.0;0;0;0;0;0
1425158;1.40;0.85;91.0;4712.0;18.0;82.5;48.0;5.88;12.92;14.48;343.20;322.22;2.31;95141.0;91.0;91.0;47.0;4495.0;976.14;97.65;4.0;1.0;0;1.0;0;0;1.0;0;0;0;0;0;1.0;1.0;0;0;0;0;0
1425677;1.76;0.88;88.0;4562.0;18.0;82.5;47.25;7.05;16.01;14.48;294.16;321.63;2.31;95141.0;88.0;89.0;47.0;4515.0;976.02;78.12;4.0;1.0;0;1.0;0;0;1.0;0;0;0;0;0;1.0;1.0;0;0;0;0;0
1426198;2.11;0.93;86.0;4533.0;18.0;82.5;46.5;8.23;18.23;14.58;294.06;340.81;2.31;95141.0;86.0;87.0;47.0;4525.0;975.98;781.24;4.0;1.0;0;1.0;0;0;1.0;0;0;0;0;0;1.0;1.0;0;0;0;0;0
1426717;2.00;0.86;86.0;4455.0;18.0;82.5;45.0;8.23;18.42;14.48;297.22;294.92;2.31;95141.0;85.0;86.0;47.0;4514.0;975.87;273.43;4.0;1.0;0;1.0;0;0;1.0;0;0;0;0;0;1.0;1.0;0;0;0;0;0
1427237;2.28;0.90;85.0;4408.0;18.0;82.5;43.5;9.02;20.03;14.39;285.50;303.00;2.31;95141.0;84.0;85.0;47.0;4533.0;975.79;683.58;4.0;1.0;0;1.0;0;0;1.0;0;0;0;0;0;1.0;1.0;0;0;0;0;0
1427758;3.04;0.96;85.0;4407.0;18.0;82.5;39.0;13.72;24.98;14.48;330.99;291.89;2.31;95142.0;83.0;85.0;47.0;4564.0;975.83;742.17;4.0;1.0;0;1.0;0;0;1.0;0;0;0;0;0;1.0;1.0;0;0;0;0;0
1428287;2.96;0.95;85.0;4416.0;18.0;82.5;39.75;12.94;24.26;14.48;286.07;225.70;2.31;95142.0;84.0;85.0;47.0;4515.0;975.71;468.74;4.0;1.0;0;1.0;0;0;1.0;0;0;0;0;0;1.0;1.0;0;0;0;0;0
1428808;3.72;0.98;85.0;4421.0;18.0;82.5;35.25;18.04;28.88;14.48;302.38;238.34;2.31;95142.0;83.0;85.0;47.0;4558.0;975.55;781.24;4.0;1.0;0;1.0;0;0;1.0;0;0;0;0;0;1.0;1.0;0;0;0;0;0
1429328;6.04;1.00;86.0;4476.0;18.0;83.25;27.0;28.63;37.61;14.48;267.87;285.43;2.31;95142.0;83.0;87.0;46.0;4515.0;975.40;703.11;4.0;1.0;0;1.0;0;0;1.0;0;0;0;0;0;1.0;1.0;0;0;0;0;0
1429848;6.68;1.00;88.0;4576.0;18.0;83.25;19.5;41.57;45.30;14.48;336.40;341.63;2.31;95142.0;85.0;88.0;46.0;4540.0;975.20;624.99;4.0;1.0;0;1.0;0;0;1.0;0;0;0;0;0;1.0;1.0;0;0;0;0;0
1430367;5.50;1.02;90.0;4689.0;18.0;83.25;24.75;34.12;40.03;14.48;318.28;315.35;2.31;95142.0;88.0;90.0;46.0;4545.0;975.01;58.59;4.0;1.0;0;1.0;0;0;1.0;0;0;0;0;0;1.0;1.0;0;0;0;0;0
1430888;4.51;1.00;92.0;4771.0;18.0;83.25;30.0;28.23;35.09;14.58;301.36;339.45;2.31;95142.0;89.0;92.0;46.0;4532.0;975.05;39.06;4.0;1.0;0;1.0;0;0;1.0;0;0;0;0;0;1.0;1.0;0;0;0;0;0
1431418;5.35;1.01;92.0;4833.0;18.0;83.25;30.75;28.23;34.36;14.48;320.81;192.33;2.31;95142.0;90.0;93.0;46.0;4490.0;974.81;292.96;4.0;1.0;0;1.0;0;0;1.0;0;0;0;0;0;1.0;1.0;0;0;0;0;0
1431977;7.75;1.00;95.0;4950.0;18.0;83.25;19.5;69.02;50.25;14.48;342.28;255.68;2.31;95142.0;91.0;95.0;46.0;4505.0;974.77;800.77;4.0;1.0;0;1.0;0;0;1.0;0;0;0;0;0;1.0;1.0;0;0;0;0;0
1432498;5.12;1.00;97.0;5030.0;18.0;83.25;22.5;40.39;42.25;14.48;306.60;236.78;2.31;95142.0;95.0;98.0;46.0;4498.0;974.62;19.53;4.0;1.0;0;1.0;0;0;1.0;0;0;0;0;0;1.0;1.0;0;0;0;0;0
1433018;2.71;1.00;96.0;5021.0;18.0;83.25;43.5;14.11;22.74;14.48;337.02;246.70;2.31;95142.0;96.0;97.0;46.0;4487.0;974.50;839.83;4.0;1.0;0;1.0;0;0;1.0;0;0;0;0;0;1.0;1.0;0;0;0;0;0
1433537;0.48;1.00;93.0;4826.0;18.0;83.25;-30.0;0;0;14.39;312.36;186.35;2.31;95142.0;94.0;93.0;46.0;4397.0;974.34;78.12;4.0;1.0;0;1.0;0;0;1.0;0;0;0;0;0;1.0;1.0;0;0;0;0;0
1434058;0.51;1.00;88.0;4626.0;18.0;83.25;-30.0;0;0;14.48;335.70;148.09;2.31;95142.0;89.0;89.0;46.0;4339.0;974.15;0;4.0;1.0;0;1.0;0;0;1.0;0;0;0;0;0;1.0;1.0;0;0;0;0;0
1434577;0.52;1.00;85.0;4413.0;18.0;83.25;-30.0;0;0;14.58;340.60;181.06;2.31;95142.0;86.0;85.0;46.0;4340.0;973.95;0;4.0;1.0;0;1.0;0;0;1.0;0;0;0;0;0;1.0;1.0;0;0;0;0;0
1435108;1.11;1.00;82.0;4275.0;18.0;83.25;47.25;3.13;8.22;14.48;349.02;216.88;2.31;95142.0;82.0;82.0;46.0;4260.0;973.87;898.42;4.0;1.0;0;1.0;0;0;1.0;0;0;0;0;0;1.0;1.0;0;0;0;0;0
1435677;1.72;0.99;80.0;4132.0;18.0;83.25;46.5;5.49;13.82;14.48;332.77;267.54;2.31;95142.0;80.0;80.0;46.0;4385.0;973.99;878.89;4.0;1.0;0;1.0;0;0;1.0;0;0;0;0;0;1.0;1.0;0;0;0;0;0
1436238;2.39;0.93;78.0;4101.0;18.0;83.25;42.0;8.62;20.10;14.48;338.53;323.43;2.31;95142.0;78.0;79.0;46.0;4494.0;973.95;878.89;4.0;1.0;0;1.0;0;0;1.0;0;0;0;0;0;1.0;1.0;0;0;0;0;0
1436758;3.38;0.96;80.0;4155.0;18.0;83.25;36.0;15.29;27.43;14.48;320.48;322.73;2.31;95142.0;78.0;80.0;46.0;4593.0;973.99;683.58;4.0;1.0;0;1.0;0;0;1.0;0;0;0;0;0;1.0;1.0;0;0;0;0;0
1437278;4.91;1.00;81.0;4197.0;18.0;83.25;28.5;23.13;35.10;14.48;290.89;320.68;2.31;95142.0;79.0;81.0;46.0;4563.0;973.76;820.30;4.0;1.0;0;1.0;0;0;1.0;0;0;0;0;0;1.0;1.0;0;0;0;0;0
1437798;4.02;1.00;81.0;4216.0;18.0;83.25;30.75;20.39;32.57;14.48;333.27;310.95;2.31;95142.0;80.0;82.0;46.0;4563.0;973.56;800.77;4.0;1.0;0;1.0;0;0;1.0;0;0;0;0;0;1.0;1.0;0;0;0;0;0
1438368;3.37;0.92;82.0;4235.0;18.0;83.25;36.0;16.47;28.35;14.48;286.27;315.97;2.31;95142.0;81.0;82.0;46.0;4509.0;973.44;156.24;4.0;1.0;0;1.0;0;0;1.0;0;0;0;0;0;1.0;1.0;0;0;0;0;0
1438888;3.29;0.97;82.0;4303.0;18.0;83.25;37.5;14.90;26.17;14.58;267.48;300.56;2.31;95142.0;82.0;83.0;46.0;4489.0;973.33;683.58;4.0;1.0;0;1.0;0;0;1.0;0;0;0;0;0;1.0;1.0;0;0;0;0;0
1439408;3.15;0.98;82.0;4323.0;18.0;83.25;38.25;13.72;25.13;14.58;265.19;279.88;2.31;95142.0;81.0;83.0;46.0;4483.0;973.21;722.64;4.0;1.0;0;1.0;0;0;1.0;0;0;0;0;0;1.0;1.0;0;0;0;0;0
1439928;3.05;0.97;83.0;4308.0;18.0;83.25;39.0;12.94;24.46;14.48;288.82;219.16;2.31;95142.0;82.0;83.0;46.0;4506.0;973.13;781.24;4.0;1.0;0;1.0;0;0;1.0;0;0;0;0;0;1.0;1.0;0;0;0;0;0
1440457;3.42;0.97;82.0;4324.0;18.0;83.25;36.75;16.08;27.40;14.48;306.67;195.20;2.31;95142.0;81.0;83.0;46.0;4540.0;973.09;410.15;4.0;1.0;0;1.0;0;0;1.0;0;0;0;0;0;1.0;1.0;0;0;0;0;0
1440978;6.14;1.00;83.0;4361.0;18.0;83.25;26.25;28.23;38.45;14.29;333.82;222.29;2.58;95142.0;82.0;84.0;46.0;4544.0;973.02;332.02;4.0;1.0;0;1.0;0;0;1.0;0;0;0;0;0;1.0;1.0;0;0;0;0;0
1441497;5.0;1.00;85.0;4434.0;18.0;83.25;27.75;26.66;36.66;14.39;346.34;296.40;2.31;95142.0;84.0;85.0;46.0;4556.0;972.94;78.12;4.0;1.0;0;1.0;0;0;1.0;0;0;0;0;0;1.0;1.0;0;0;0;0;0
1442018;4.26;1.03;86.0;4465.0;18.0;83.25;32.25;21.57;32.19;14.39;350.38;335.34;2.31;95142.0;84.0;86.0;46.0;4525.0;972.90;742.17;4.0;1.0;0;1.0;0;0;1.0;0;0;0;0;0;1.0;1.0;0;0;0;0;0
1442587;3.32;0.95;85.0;4422.0;18.0;83.25;37.5;16.08;26.95;14.48;335.79;351.95;2.31;95142.0;84.0;86.0;46.0;4491.0;972.66;214.84;4.0;1.0;0;1.0;0;0;1.0;0;0;0;0;0;1.0;1.0;0;0;0;0;0
1443107;3.04;0.97;85.0;4432.0;18.0;83.25;39.75;13.33;24.47;14.58;349.45;329.62;2.31;95142.0;84.0;85.0;46.0;4474.0;972.55;624.99;4.0;1.0;0;1.0;0;0;1.0;0;0;0;0;0;1.0;1.0;0;0;0;0;0
1443627;3.28;0.99;85.0;4438.0;18.0;83.25;38.25;14.90;25.72;14.48;328.51;345.68;2.31;95142.0;84.0;86.0;46.0;4525.0;972.39;781.24;4.0;1.0;0;1.0;0;0;1.0;0;0;0;0;0;1.0;1.0;0;0;0;0;0
1444148;6.34;1.00;86.0;4477.0;18.0;83.25;27.0;28.63;38.04;14.48;277.85;327.63;2.31;95142.0;84.0;86.0;46.0;4478.0;972.35;839.83;4.0;1.0;0;1.0;0;0;1.0;0;0;0;0;0;1.0;1.0;0;0;0;0;0
1444668;3.20;1.00;87.0;4555.0;18.0;83.25;37.5;16.08;27.13;14.58;193.38;342.02;2.31;95142.0;86.0;88.0;46.0;4509.0;972.27;878.89;4.0;1.0;0;1.0;0;0;1.0;0;0;0;0;0;1.0;1.0;0;0;0;0;0
1445187;0.45;1.00;83.0;4339.0;18.0;83.25;-30.0;0;0;14.58;181.27;308.88;2.31;95142.0;84.0;83.0;46.0;4392.0;972.23;742.17;4.0;1.0;0;1.0;0;0;1.0;0;0;0;0;0;1.0;1.0;0;0;0;0;0
1445708;0.51;1.00;78.0;4097.0;18.0;83.25;-30.0;0;0;14.48;170.10;218.50;2.31;95142.0;79.0;79.0;46.0;4328.0;972.12;0;4.0;1.0;0;1.0;0;0;1.0;0;0;0;0;0;1.0;1.0;0;0;0;0;0
1446228;0.52;1.00;75.0;3892.0;18.0;83.25;-30.0;0;0;14.58;239.22;208.75;2.31;95142.0;75.0;75.0;46.0;4280.0;972.00;0;4.0;1.0;0;1.0;0;0;1.0;0;0;0;0;0;1.0;1.0;0;0;0;0;0
1446747;0.56;1.00;71.0;3663.0;18.0;83.25;-30.0;0;0;14.58;282.18;282.61;2.31;95142.0;71.0;71.0;46.0;4314.0;971.92;0;4.0;1.0;0;1.0;0;0;1.0;0;0;0;0;0;1.0;1.0;0;0;0;0;0
1447317;0.57;1.00;65.0;3368.0;18.0;83.25;-30.0;0;0;14.48;324.68;325.85;2.31;95142.0;65.0;65.0;46.0;4331.0;971.88;0;4.0;1.0;0;1.0;0;0;1.0;0;0;0;0;0;1.0;1.0;0;0;0;0;0
1447838;0.86;1.00;57.0;3054.0;18.0;83.25;34.5;0.78;6.28;14.39;352.02;345.54;2.31;95142.0;58.0;58.0;46.0;4202.0;971.84;19.53;4.0;1.0;0;1.0;0;0;1.0;0;0;1.0;0;0;1.0;1.0;0;0;0;0;0
1448408;1.2;1.00;52.0;2433.0;18.0;83.25;0.75;0;10.08;14.58;321.13;321.56;2.31;95142.0;53.0;53.0;72.0;4217.0;971.80;839.83;3.0;1.0;0;1.0;0;0;1.0;0;0;1.0;0;0;1.0;1.0;0;0;0;0;0
1448927;1.26;1.00;47.0;2300.0;18.0;83.25;1.5;0;9.47;14.58;268.43;331.38;2.31;95142.0;48.0;48.0;59.0;4347.0;971.80;19.53;2.0;1.0;0;1.0;0;0;1.0;0;0;1.0;0;0;1.0;1.0;0;0;0;0;0
1449447;1.2;1.00;41.0;2012.0;18.0;83.25;17.25;0.78;9.18;14.58;187.11;243.55;2.31;95142.0;41.0;41.0;46.0;4288.0;971.80;859.36;2.0;1.0;0;1.0;0;0;1.0;0;0;1.0;0;0;1.0;1.0;0;0;0;0;0
1449972;0.63;1.00;35.0;2636.0;18.0;83.25;21.0;0;11.27;14.39;188.38;228.46;2.31;95142.0;36.0;35.0;46.0;4429.0;971.77;859.36;2.0;1.0;0;1.0;0;0;1.0;0;0;1.0;0;0;0;1.0;0;0;0;0;0
1450518;1.24;0.99;30.0;1463.0;18.0;83.25;16.5;0;13.05;14.58;165.20;179.32;2.31;95142.0;30.0;29.0;47.0;4423.0;971.77;820.30;2.0;1.0;0;1.0;1.0;0;1.0;0;0;1.0;0;0;1.0;1.0;0;0;1.0;0;0
1451038;1.24;0.97;25.0;1456.0;18.0;83.25;14.25;0;12.62;14.39;133.68;150.71;2.31;95142.0;25.0;25.0;46.0;4477.0;971.77;878.89;0;1.0;0;1.0;1.0;0;1.0;0;0;1.0;0;0;1.0;1.0;0;0;1.0;0;0
1451558;1.23;0.96;20.0;1401.0;18.0;83.25;14.25;0;12.52;14.58;117.47;165.57;2.31;95142.0;21.0;21.0;46.0;4511.0;971.77;859.36;1.0;1.0;0;1.0;0;0;1.0;0;0;1.0;0;0;1.0;1.0;0;0;0;0;0
1452168;1.26;0.94;15.0;1401.0;18.0;83.25;15.0;0;12.51;14.58;98.54;120.65;2.31;95142.0;15.0;15.0;44.0;4520.0;971.77;839.83;1.0;1.0;0;1.0;0;0;1.0;0;0;1.0;0;0;1.0;1.0;0;0;0;0;0
1452697;1.27;0.92;8.0;1347.0;18.0;83.25;15.0;0;12.47;14.39;68.12;87.92;2.31;95142.0;9.0;9.0;45.0;4503.0;971.77;839.83;1.0;1.0;0;1.0;0;0;1.0;0;0;1.0;0;0;1.0;1.0;0;0;0;0;0
1453218;1.2;0.91;6.0;1268.0;18.0;83.25;13.5;0;12.24;14.48;52.32;64.05;2.31;95142.0;6.0;6.0;43.0;4494.0;971.77;781.24;1.0;1.0;0;1.0;0;0;1.0;0;0;1.0;0;0;1.0;1.0;0;0;0;0;0
1453738;1.26;0.89;5.0;1258.0;18.0;83.25;14.25;0;12.31;14.39;41.63;80.20;2.31;95142.0;5.0;4.0;43.0;4510.0;971.77;351.55;1.0;1.0;0;1.0;0;0;1.0;0;0;1.0;0;0;1.0;1.0;0;0;0;0;0
1454257;1.26;0.90;3.0;1215.0;18.0;83.25;18.0;0;12.91;14.48;71.42;83.43;2.31;95142.0;3.0;3.0;43.0;4512.0;971.77;58.59;1.0;1.0;0;1.0;0;0;1.0;0;0;1.0;0;0;1.0;1.0;0;0;0;0;0
1454778;1.32;0.92;0;1259.0;18.0;83.25;15.0;0;12.38;14.48;74.46;90.38;2.31;95142.0;0;0;44.0;4508.0;971.77;58.59;1.0;1.0;0;1.0;1.0;0;1.0;0;0;1.0;0;0;1.0;1.0;0;0;1.0;0;0
1455298;1.32;0.93;0;1244.0;18.75;83.25;15.75;0;12.51;14.48;57.18;69.40;2.31;95142.0;0;0;44.0;4498.0;971.77;58.59;1.0;1.0;0;1.0;0;0;1.0;0;0;1.0;0;0;1.0;1.0;0;0;0;0;0
1455818;1.21;0.95;0;1244.0;18.75;83.25;15.0;0;12.33;14.48;43.16;58.68;2.31;95142.0;0;0;44.0;4507.0;971.77;78.12;1.0;1.0;0;1.0;0;0;1.0;0;0;1.0;0;0;1.0;1.0;0;0;0;0;0
1456338;1.20;0.96;0;1261.0;18.75;83.25;14.25;0;12.20;14.48;39.70;48.94;2.31;95142.0;0;0;43.0;4509.0;971.77;39.06;1.0;1.0;0;1.0;0;0;1.0;0;0;1.0;0;0;1.0;1.0;0;0;0;0;0
1456857;1.2;0.98;0;1259.0;18.75;83.25;14.25;0;12.16;14.48;95.71;46.18;2.31;95142.0;0;0;42.0;4511.0;971.77;39.06;1.0;1.0;0;1.0;0;0;1.0;0;0;1.0;0;0;1.0;1.0;0;0;0;0;0
1457378;1.31;1.00;0;1236.0;18.75;84.0;16.5;0;12.48;14.58;107.76;47.24;2.31;95142.0;0;0;43.0;4510.0;971.77;58.59;1.0;1.0;0;1.0;0;0;1.0;0;0;1.0;0;0;1.0;1.0;0;0;0;0;0
1457898;1.21;1.01;0;1282.0;18.75;84.0;12.75;0;11.79;14.39;103.93;42.47;2.31;95142.0;0;0;42.0;4511.0;971.77;507.80;1.0;1.0;0;1.0;1.0;0;1.0;0;0;1.0;0;0;1.0;1.0;0;0;0;0;0
1458418;1.22;1.00;0;1285.0;18.75;84.0;12.75;0;11.71;14.48;90.13;32.73;2.31;95142.0;0;0;41.0;4514.0;971.77;683.58;1.0;1.0;0;1.0;0;0;1.0;0;0;1.0;0;0;1.0;1.0;0;0;0;0;0
1458937;1.26;0.99;0;1216.0;18.75;84.0;18.0;0;12.64;14.39;108.11;28.16;2.31;95142.0;0;0;42.0;4520.0;971.77;117.18;1.0;1.0;0;1.0;1.0;0;1.0;0;0;1.0;0;0;1.0;1.0;0;0;1.0;0;0
1459468;1.31;1.01;0;1243.0;18.75;84.0;15.75;0;12.20;14.58;167.68;25.83;2.31;95142.0;0;0;41.0;4498.0;971.77;175.77;1.0;1.0;0;1.0;0;0;1.0;0;0;1.0;0;0;1.0;1.0;0;0;0;0;0
1459987;1.23;1.00;0;1235.0;18.75;84.0;16.5;0;12.33;14.48;136.61;19.82;2.31;95142.0;0;0;41.0;4502.0;971.77;800.77;1.0;1.0;0;1.0;0;0;1.0;0;0;1.0;0;0;1.0;1.0;0;0;0;0;0
1460508;1.21;0.99;0;1250.0;18.75;84.0;15.0;0;12.00;14.48;104.95;15.17;2.31;95142.0;0;0;41.0;4529.0;971.77;703.11;1.0;1.0;0;1.0;0;0;1.0;0;0;1.0;0;0;1.0;1.0;0;0;0;0;0
1461027;1.21;0.99;0;1244.0;18.75;84.0;15.75;0;12.13;14.58;84.66;10.44;2.31;95142.0;0;0;42.0;4516.0;971.77;429.68;1.0;1.0;0;1.0;0;0;1.0;0;0;1.0;0;0;1.0;1.0;0;0;0;0;0
1461548;1.33;1.00;0;1190.0;18.75;84.75;19.5;0;12.73;14.29;81.51;18.33;2.58;95142.0;0;0;42.0;4510.0;971.77;527.33;1.0;1.0;0;1.0;0;0;1.0;0;0;1.0;0;0;1.0;1.0;0;0;0;0;0
1462068;1.30;1.02;0;1283.0;18.75;84.75;12.0;0;11.53;14.39;62.59;16.15;2.31;95142.0;0;0;41.0;4519.0;971.77;703.11;1.0;1.0;0;1.0;0;0;1.0;0;0;1.0;0;0;1.0;1.0;0;0;0;0;0
1462588;1.25;1.00;0;1218.0;18.75;84.75;16.5;0;12.29;14.48;45.58;14.56;2.31;95142.0;0;0;41.0;4511.0;971.77;800.77;1.0;1.0;0;1.0;0;0;1.0;0;0;1.0;0;0;1.0;1.0;0;0;1.0;0;0
1463108;1.22;0.98;0;1234.0;18.75;84.75;15.75;0;12.15;14.58;37.34;13.49;2.31;95142.0;0;0;42.0;4496.0;971.77;273.43;1.0;1.0;0;1.0;0;0;1.0;0;0;1.0;0;0;1.0;1.0;0;0;0;0;0
1463627;1.23;1.00;0;1238.0;18.75;84.75;15.0;0;12.03;14.39;34.06;16.69;2.31;95142.0;0;0;42.0;4512.0;971.77;58.59;1.0;1.0;0;1.0;0;0;1.0;0;0;1.0;0;0;1.0;1.0;0;0;0;0;0
1464147;1.25;1.01;0;1259.0;18.75;84.75;13.5;0;11.83;14.58;78.72;85.22;2.31;95142.0;0;0;41.0;4531.0;971.77;78.12;1.0;1.0;0;1.0;0;0;1.0;0;0;1.0;0;0;1.0;1.0;0;0;0;0;0
1464667;1.33;1.03;0;1246.0;18.75;84.75;14.25;0;11.96;14.29;72.92;77.28;2.58;95142.0;0;0;41.0;4508.0;971.77;624.99;1.0;1.0;0;1.0;0;0;1.0;0;0;1.0;0;0;1.0;1.0;0;0;0;0;0
1465237;1.26;1.02;0;1245.0;18.75;84.75;15.0;0;12.03;14.58;55.99;67.14;2.31;95142.0;0;0;42.0;4507.0;971.77;800.77;1.0;1.0;0;1.0;0;0;1.0;0;0;1.0;0;0;1.0;1.0;0;0;0;0;0
1465757;1.26;1.00;0;1233.0;18.75;85.5;15.75;0;12.16;14.48;85.75;63.21;2.31;95142.0;0;0;42.0;4513.0;971.77;742.17;1.0;1.0;0;1.0;1.0;0;1.0;0;0;1.0;0;0;1.0;1.0;0;0;1.0;0;0
1466277;1.22;0.98;0;1240.0;18.75;85.5;15.0;0;12.00;14.39;69.66;52.02;2.31;95142.0;0;0;41.0;4508.0;971.77;390.62;1.0;1.0;0;1.0;1.0;0;1.0;0;0;1.0;0;0;1.0;1.0;0;0;1.0;0;0
1466797;1.24;1.00;0;1237.0;18.75;85.5;15.0;0;12.03;14.48;61.30;47.75;2.31;95142.0;0;0;42.0;4513.0;971.77;214.84;1.0;1.0;0;1.0;1.0;0;1.0;0;0;1.0;0;0;1.0;1.0;0;0;1.0;0;0
1467327;1.16;0.99;0;1284.0;18.75;85.5;12.0;0;11.56;14.48;65.48;51.28;2.31;95142.0;0;0;42.0;4522.0;971.77;78.12;1.0;1.0;0;1.0;0;0;1.0;0;0;1.0;0;0;1.0;1.0;0;0;0;0;0
1467847;1.26;1.01;0;1239.0;18.75;85.5;15.0;0;12.04;14.48;50.27;46.28;2.31;95142.0;0;0;42.0;4508.0;971.77;566.39;1.0;1.0;0;1.0;0;0;1.0;0;0;1.0;0;0;1.0;1.0;0;0;0;0;0
1468419;1.24;1.00;0;1241.0;18.75;85.5;15.0;0;12.07;14.48;50.01;56.96;2.31;95142.0;0;0;41.0;4519.0;971.77;761.70;1.0;1.0;0;1.0;0;0;1.0;0;0;1.0;0;0;1.0;1.0;0;0;0;0;0
1468977;1.21;0.98;0;1259.0;18.75;85.5;14.25;0;12.01;14.58;41.44;85.15;2.31;95142.0;0;0;42.0;4521.0;971.77;683.58;1.0;1.0;0;1.0;0;0;1.0;0;0;1.0;0;0;1.0;1.0;0;0;0;0;0
1469497;1.24;0.97;0;1222.0;18.75;85.5;17.25;0;12.53;14.58;80.81;86.59;2.31;95142.0;0;0;43.0;4511.0;971.77;58.59;1.0;1.0;0;1.0;0;0;1.0;0;0;1.0;0;0;1.0;1.0;0;0;0;0;0
1470020;1.24;0.99;0;1255.0;18.75;85.5;14.25;0;12.08;14.48;96.24;143.38;2.31;95142.0;0;0;42.0;4506.0;971.77;39.06;1.0;1.0;0;1.0;0;0;1.0;0;0;1.0;0;0;1.0;1.0;0;0;0;0;0
1470567;1.33;1.00;0;1244.0;18.75;85.5;15.0;0;11.65;14.58;142.00;196.33;2.31;95142.0;0;0;42.0;4505.0;971.77;78.12;1.0;1.0;0;1.0;0;0;1.0;0;0;1.0;0;0;1.0;1.0;0;0;0;0;0
1471107;1.27;1.01;0;1209.0;18.75;86.25;17.25;0;12.51;14.48;142.78;172.41;2.31;95142.0;0;0;42.0;4514.0;971.77;156.24;1.0;1.0;0;1.0;0;0;1.0;0;0;1.0;0;0;1.0;1.0;0;0;0;0;0
1471629;1.27;0.99;0;1276.0;18.75;86.25;12.75;0;11.70;14.48;118.07;140.24;2.31;95142.0;0;0;41.0;4519.0;971.77;820.30;1.0;1.0;0;1.0;0;0;1.0;0;0;1.0;0;0;1.0;1.0;0;0;0;0;0
1472170;1.24;0.98;0;1223.0;18.75;86.25;16.5;0;12.31;14.39;90.67;114.38;2.31;95142.0;0;0;41.0;4508.0;971.77;761.70;1.0;1.0;0;1.0;0;0;1.0;0;0;1.0;0;0;1.0;1.0;0;0;0;0;0
1472719;1.21;0.97;0;1245.0;18.75;86.25;15.0;0;12.04;14.48;82.10;102.66;2.31;95142.0;0;0;41.0;4504.0;971.77;39.06;1.0;1.0;0;1.0;0;0;1.0;0;0;1.0;0;0;1.0;1.0;0;0;0;0;0
1473238;1.23;0.99;0;1243.0;18.75;86.25;15.0;0;12.06;14.48;79.72;90.40;2.31;95142.0;0;0;43.0;4523.0;971.77;58.59;1.0;1.0;0;1.0;1.0;0;1.0;0;0;1.0;0;0;1.0;1.0;0;0;1.0;0;0
1473767;1.35;1.00;0;1178.0;18.75;86.25;20.25;0;12.94;14.39;119.52;146.51;2.31;95142.0;0;0;43.0;4515.0;971.77;58.59;1.0;1.0;0;1.0;0;0;1.0;0;0;1.0;0;0;1.0;1.0;0;0;0;0;0
1474288;1.24;1.00;0;1258.0;18.75;86.25;14.25;0;12.03;14.48;116.65;148.23;2.31;95142.0;0;0;41.0;4507.0;971.77;742.17;1.0;1.0;0;1.0;1.0;0;1.0;0;0;1.0;0;0;1.0;1.0;0;0;1.0;0;0
1474807;1.24;0.99;0;1260.0;18.75;86.25;13.5;0;11.86;14.58;87.65;115.40;2.31;95142.0;0;0;41.0;4511.0;971.77;781.24;1.0;1.0;0;1.0;0;0;1.0;0;0;1.0;0;0;1.0;1.0;0;0;0;0;0
1475327;1.21;0.97;0;1237.0;18.75;86.25;15.0;0;12.03;14.39;67.30;88.64;2.31;95142.0;0;0;41.0;4513.0;971.77;214.84;1.0;1.0;0;1.0;0;0;1.0;0;0;1.0;0;0;1.0;1.0;0;0;0;0;0
1475848;1.18;0.99;0;1270.0;18.75;86.25;12.75;0;11.65;14.39;51.67;68.10;2.31;95142.0;0;0;41.0;4518.0;971.77;58.59;1.0;1.0;0;1.0;0;0;1.0;0;0;1.0;0;0;1.0;1.0;0;0;0;0;0
1476368;1.23;1.00;0;1258.0;18.75;86.25;14.25;0;11.93;14.58;47.39;57.41;2.31;95142.0;0;0;42.0;4513.0;971.77;175.77;1.0;1.0;0;1.0;0;0;1.0;0;0;1.0;0;0;1.0;1.0;0;0;0;0;0
1476888;1.27;0.98;0;1250.0;18.75;86.25;14.25;0;11.96;14.48;70.22;83.54;2.31;95142.0;0;0;42.0;4509.0;971.77;683.58;1.0;1.0;0;1.0;0;0;1.0;0;0;1.0;0;0;1.0;1.0;0;0;0;0;0
1477407;1.20;0.97;0;1233.0;18.75;86.25;15.0;0;12.03;14.48;86.94;109.56;2.31;95142.0;0;0;41.0;4514.0;971.77;117.18;1.0;1.0;0;1.0;0;0;1.0;0;0;1.0;0;0;1.0;1.0;0;0;0;0;0
1477928;1.23;0.98;0;1243.0;18.75;86.25;15.0;0;12.02;14.58;74.15;91.94;2.31;95142.0;0;0;42.0;4496.0;971.77;117.18;1.0;1.0;0;1.0;0;0;1.0;0;0;1.0;0;0;1.0;1.0;0;0;0;0;0
1478447;4.60;1.00;0;2274.0;18.75;86.25;19.5;14.11;31.68;14.48;64.23;81.65;2.31;95142.0;0;0;44.0;4529.0;971.77;917.95;1.0;1.0;0;1.0;0;0;1.0;0;0;1.0;0;0;1.0;1.0;0;0;0;0;0
1478978;5.70;1.00;0;2329.0;18.75;86.25;11.25;26.27;40.16;14.48;39.93;50.75;2.31;95142.0;0;0;44.0;4410.0;971.77;781.24;1.0;1.0;0;1.0;0;0;1.0;0;0;1.0;0;0;1.0;1.0;0;0;0;0;0
1479498;6.08;1.00;20.0;2834.0;18.75;86.25;14.25;36.86;41.36;14.48;21.15;25.50;2.31;95142.0;19.0;20.0;44.0;4518.0;971.77;859.36;1.0;1.0;0;1.0;0;0;1.0;0;0;1.0;0;0;1.0;1.0;0;0;0;0;0
1480018;6.77;0.98;31.0;3494.0;18.75;86.25;14.25;50.98;47.32;14.39;12.67;12.75;2.31;95142.0;29.0;31.0;44.0;4585.0;971.77;898.42;1.0;1.0;0;1.0;0;0;1.0;0;0;0;0;0;1.0;1.0;0;0;0;0;0
1480538;8.10;1.00;41.0;4574.0;18.75;86.25;19.5;99.61;56.75;14.48;5.37;5.11;2.31;95142.0;40.0;42.0;44.0;4641.0;971.77;878.89;1.0;1.0;0;1.0;0;0;1.0;0;0;0;0;0;1.0;1.0;0;0;0;0;0
1481057;8.20;1.00;55.0;6030.0;18.75;86.25;19.5;99.61;54.14;14.48;1.54;1.56;2.31;95142.0;52.0;55.0;44.0;4417.0;971.73;898.42;1.0;1.0;0;1.0;0;0;1.0;0;0;0;0;0;1.0;1.0;0;0;0;0;0
1481578;8.57;1.00;66.0;7361.0;18.75;86.25;21.75;99.61;54.22;14.39;1.60;0.23;2.31;95142.0;64.0;66.0;44.0;4420.0;971.57;898.42;1.0;1.0;0;1.0;0;0;1.0;0;0;0;0;0;1.0;1.0;0;0;1.0;0;0
1482097;5.09;0.99;71.0;7165.0;18.75;86.25;39.0;34.90;30.89;14.48;1.01;3.84;2.31;95142.0;71.0;71.0;44.0;4492.0;971.49;761.70;2.0;1.0;0;1.0;0;0;1.0;0;0;0;0;0;1.0;1.0;0;0;0;0;0
1482628;8.24;1.00;80.0;6197.0;18.75;86.25;19.5;99.61;53.40;14.39;1.99;0.62;2.31;95142.0;76.0;80.0;44.0;4501.0;971.41;898.42;2.0;1.0;0;1.0;0;0;1.0;0;0;0;0;0;1.0;1.0;0;0;0;0;0
1483238;8.44;1.00;88.0;6951.0;18.75;86.25;20.25;99.61;53.71;14.39;2.24;0.76;2.31;95142.0;85.0;89.0;44.0;4466.0;971.37;898.42;2.0;1.0;0;1.0;0;0;1.0;0;0;0;0;0;0;1.0;0;0;0;0;0
1483758;8.24;1.00;97.0;7628.0;18.75;86.25;23.25;99.61;53.98;14.39;0.17;0.31;2.31;95142.0;94.0;98.0;44.0;4526.0;971.22;898.42;2.0;1.0;0;1.0;0;0;1.0;0;0;0;0;0;0;1.0;0;0;0;0;0
1484347;2.35;0.99;100.0;6665.0;18.75;86.25;51.75;18.82;18.93;14.48;0;0;2.31;95142.0;100.0;101.0;44.0;4547.0;971.10;898.42;3.0;1.0;0;1.0;0;0;1.0;0;0;1.0;0;0;0;1.0;0;0;0;0;0
1484868;7.55;1.00;106.0;6576.0;18.75;86.25;19.5;97.65;49.05;14.48;0;0;2.31;95142.0;104.0;106.0;44.0;4482.0;971.02;898.42;3.0;1.0;0;1.0;0;0;1.0;0;0;0;0;0;0;1.0;0;0;0;0;0
1485387;8.08;1.00;112.0;6884.0;18.75;86.25;21.0;80.79;53.26;14.39;0;0;2.31;95142.0;108.0;112.0;44.0;4551.0;970.91;488.27;3.0;1.0;0;1.0;0;0;1.0;0;0;1.0;0;0;0;1.0;0;0;0;0;0
1485918;1.34;1.00;111.0;6769.0;18.75;86.25;51.75;7.45;12.14;14.48;1.30;0;2.31;95142.0;110.0;112.0;44.0;4595.0;970.79;839.83;3.0;1.0;0;1.0;0;0;1.0;0;0;0;0;0;0;1.0;0;0;0;0;0
1486427;0.48;1.00;106.0;6432.0;18.75;86.25;-30.0;0;0;14.48;0.93;0;2.31;95142.0;106.0;106.0;44.0;4588.0;970.67;234.37;3.0;1.0;0;1.0;0;0;1.0;0;0;0;0;0;0;1.0;0;0;0;0;0
1486997;0.49;1.00;101.0;6122.0;18.75;85.5;-30.0;0;0;14.58;0.09;0;2.31;95142.0;101.0;101.0;45.0;4469.0;970.40;0;3.0;1.0;0;1.0;0;0;1.0;0;0;1.0;0;0;0;1.0;0;0;0;0;0
1487518;0.69;1.00;95.0;5776.0;18.75;85.5;50.25;1.56;5.42;14.48;2.26;0;2.31;95142.0;95.0;95.0;45.0;4282.0;970.05;39.06;3.0;1.0;0;1.0;0;0;1.0;0;0;1.0;0;0;0;1.0;0;0;0;0;0
1488037;0.72;1.00;88.0;5397.0;18.75;85.5;49.5;1.56;5.49;14.48;0.54;1.07;2.31;95142.0;89.0;89.0;45.0;4324.0;969.89;78.12;3.0;1.0;0;1.0;0;0;1.0;0;0;1.0;0;0;1.0;1.0;0;0;0;0;0
1488567;0.73;0.99;83.0;5069.0;18.75;85.5;49.5;1.96;5.80;14.29;2.03;0.23;2.58;95142.0;84.0;83.0;45.0;4449.0;969.85;722.64;3.0;1.0;0;1.0;0;0;1.0;0;0;0;0;0;0;1.0;0;0;0;0;0
1489088;0.51;1.00;78.0;4814.0;18.75;85.5;-30.0;0;0;14.58;0.39;0;2.31;95142.0;79.0;79.0;45.0;4422.0;969.69;0;3.0;1.0;0;1.0;0;0;1.0;0;0;1.0;0;0;0;1.0;0;0;0;0;0
1489627;2.35;1.00;77.0;4748.0;18.75;85.5;36.0;7.45;14.81;14.29;0;0;2.58;95142.0;76.0;77.0;45.0;4300.0;969.58;878.89;3.0;1.0;0;1.0;0;0;1.0;0;0;1.0;0;0;0;1.0;0;0;0;0;0
1490147;2.79;0.93;76.0;4709.0;18.75;85.5;42.75;12.15;23.23;14.58;0;0;2.31;95142.0;76.0;77.0;45.0;4460.0;969.50;78.12;3.0;1.0;0;1.0;0;0;1.0;0;0;1.0;0;0;1.0;1.0;0;0;0;0;0
1490668;3.41;1.03;77.0;4728.0;18.75;84.75;39.75;15.68;25.82;14.48;0;0;2.31;95142.0;77.0;77.0;45.0;4535.0;969.50;781.24;3.0;1.0;0;1.0;0;0;1.0;0;0;1.0;0;0;1.0;1.0;0;0;0;0;0
1491187;2.97;1.01;78.0;4792.0;18.75;84.75;42.0;13.72;23.77;14.48;0.95;0;2.31;95142.0;77.0;79.0;45.0;4507.0;969.34;800.77;3.0;1.0;0;1.0;0;0;1.0;0;0;1.0;0;0;1.0;1.0;0;0;0;0;0
1491708;2.60;0.99;78.0;4778.0;18.75;84.75;45.75;10.19;20.96;14.48;0.23;0;2.31;95142.0;78.0;79.0;45.0;4486.0;969.34;664.05;3.0;1.0;0;1.0;0;0;1.0;0;0;1.0;0;0;1.0;1.0;0;0;0;0;0
1492238;2.41;0.99;78.0;4766.0;18.75;84.75;47.25;8.62;18.78;14.48;0;0;2.31;95142.0;78.0;78.0;45.0;4483.0;969.03;820.30;3.0;1.0;0;1.0;0;0;1.0;0;0;1.0;0;0;1.0;1.0;0;0;0;0;0
1492758;2.45;0.95;77.0;4722.0;18.75;84.75;45.0;9.80;20.90;14.48;0;0;2.31;95142.0;77.0;77.0;45.0;4523.0;969.03;136.71;3.0;1.0;0;1.0;0;0;1.0;0;0;1.0;0;0;1.0;1.0;0;0;0;0;0
1493297;2.27;0.98;77.0;4683.0;18.75;84.75;46.5;7.84;19.43;14.48;0;0.78;2.31;95142.0;75.0;77.0;45.0;4467.0;968.99;878.89;3.0;1.0;0;1.0;0;0;1.0;0;0;1.0;0;0;1.0;1.0;0;0;0;0;0
1493818;1.15;0.99;73.0;4558.0;18.75;84.75;48.75;3.52;9.33;14.48;1.01;1.79;2.31;95142.0;74.0;74.0;45.0;4451.0;968.91;898.42;3.0;1.0;0;1.0;0;0;1.0;0;0;1.0;0;0;1.0;1.0;0;0;0;0;0
1494337;1.17;0.97;72.0;4372.0;18.75;84.0;48.0;3.52;9.73;14.48;141.29;97.92;2.31;95142.0;71.0;72.0;46.0;4461.0;968.80;898.42;3.0;1.0;0;1.0;0;0;1.0;0;0;1.0;0;0;1.0;1.0;0;0;0;0;0
1494860;2.70;1.00;71.0;4337.0;18.75;84.0;43.5;9.02;21.13;14.48;172.23;214.69;2.31;95142.0;71.0;71.0;46.0;4556.0;968.80;898.42;3.0;1.0;0;1.0;0;0;1.0;0;0;1.0;0;0;1.0;1.0;0;0;0;0;0
1495387;0.98;0.99;68.0;4289.0;18.75;84.0;47.25;2.74;8.02;14.48;193.71;240.70;2.31;95142.0;69.0;69.0;46.0;4492.0;968.80;917.95;3.0;1.0;0;1.0;0;0;1.0;0;0;0;0;0;1.0;1.0;0;0;0;0;0
1495908;0.48;1.00;66.0;4037.0;18.75;84.0;-30.0;0;0;14.58;215.18;200.88;2.31;95142.0;67.0;66.0;46.0;4506.0;968.84;742.17;3.0;1.0;0;1.0;0;0;1.0;0;0;0;0;0;1.0;1.0;0;0;0;0;0
1496468;0.46;1.00;63.0;3791.0;18.75;84.0;-30.0;0;0;14.58;242.85;164.52;2.31;95142.0;63.0;63.0;46.0;4514.0;968.76;0;3.0;1.0;0;1.0;0;0;1.0;0;0;0;0;0;1.0;1.0;0;0;0;0;0
1496998;0.53;1.00;60.0;3610.0;18.75;84.0;-30.0;0;0;14.58;200.70;154.20;2.31;95142.0;60.0;59.0;46.0;4552.0;968.64;0;3.0;1.0;0;1.0;0;0;1.0;0;0;0;0;0;1.0;1.0;0;0;0;0;0
1497518;0.52;1.00;56.0;3449.0;18.75;84.0;-30.0;0;0;14.39;182.41;209.36;2.31;95142.0;57.0;56.0;46.0;4571.0;968.60;0;3.0;1.0;0;1.0;0;0;1.0;0;0;0;0;0;1.0;1.0;0;0;0;0;0
1498038;0.56;1.00;53.0;3268.0;18.75;84.0;-30.0;0;0;14.39;239.65;290.78;2.31;95142.0;54.0;53.0;46.0;4531.0;968.60;0;3.0;1.0;0;1.0;0;0;1.0;0;0;0;0;0;1.0;1.0;0;0;0;0;0
1498558;0.60;1.00;51.0;3096.0;18.75;83.25;-30.0;0;0;14.58;286.32;327.83;2.31;95142.0;51.0;51.0;46.0;4527.0;968.52;0;3.0;1.0;0;1.0;0;0;1.0;0;0;1.0;0;0;1.0;1.0;0;0;0;0;0
1499078;1.39;1.00;47.0;2912.0;18.75;83.25;33.0;0.39;11.11;14.48;308.90;346.42;2.31;95142.0;48.0;47.0;46.0;4436.0;968.44;0;3.0;1.0;0;1.0;0;0;1.0;0;0;1.0;0;0;1.0;1.0;0;0;0;0;0
1499597;0.77;1.00;45.0;2782.0;18.75;83.25;20.25;0;12.64;14.48;342.10;346.40;2.31;95142.0;46.0;45.0;46.0;4240.0;968.37;781.24;3.0;1.0;0;1.0;0;0;1.0;0;0;1.0;0;0;1.0;1.0;0;0;0;0;0
1500118;0.72;1.00;42.0;2599.0;18.75;83.25;-30.0;0;0;14.58;325.11;351.95;2.31;95142.0;42.0;42.0;46.0;4308.0;968.29;0;3.0;1.0;0;1.0;0;0;1.0;0;0;1.0;0;0;1.0;1.0;0;0;0;0;0
1500647;0.88;1.00;38.0;2345.0;18.75;83.25;15.0;0;12.52;14.39;293.80;312.83;2.31;95142.0;39.0;39.0;49.0;4248.0;968.21;19.53;3.0;1.0;0;1.0;0;0;1.0;0;0;1.0;0;0;1.0;1.0;0;0;0;0;0
1501168;1.03;0.99;37.0;2271.0;18.75;83.25;21.75;0.39;12.02;14.39;194.10;266.66;2.31;95142.0;38.0;37.0;46.0;4379.0;968.17;859.36;3.0;1.0;0;1.0;0;0;1.0;0;0;1.0;0;0;1.0;1.0;0;0;0;0;0
1501728;1.05;0.98;36.0;2188.0;18.75;83.25;21.0;0.78;8.46;14.58;191.12;304.04;2.31;95143.0;36.0;36.0;46.0;4504.0;968.13;917.95;3.0;1.0;0;1.0;0;0;1.0;0;0;1.0;0;0;1.0;1.0;0;0;0;0;0
1502247;2.38;1.00;35.0;2910.0;18.75;83.25;21.0;5.49;15.83;14.48;145.96;213.09;2.31;95143.0;35.0;35.0;46.0;4436.0;968.17;917.95;2.0;1.0;0;1.0;0;0;1.0;0;0;1.0;0;0;1.0;1.0;0;0;0;0;0
1502777;2.73;0.99;36.0;2807.0;18.75;83.25;30.75;7.45;21.75;14.48;135.96;174.03;2.31;95143.0;36.0;36.0;46.0;4437.0;968.13;878.89;2.0;1.0;0;1.0;0;0;1.0;0;0;1.0;0;0;1.0;1.0;0;0;0;0;0
1503338;2.53;0.95;37.0;2960.0;18.75;83.25;33.75;7.45;21.74;14.48;164.03;196.64;2.31;95143.0;38.0;38.0;46.0;4509.0;968.17;839.83;2.0;1.0;0;1.0;0;0;1.0;0;0;1.0;0;0;1.0;1.0;0;0;0;0;0
1503857;2.56;0.91;40.0;3095.0;18.75;83.25;34.5;8.23;22.80;14.48;196.08;229.41;2.31;95143.0;39.0;40.0;46.0;4509.0;968.09;703.11;2.0;1.0;0;1.0;0;0;1.0;0;0;1.0;0;0;1.0;1.0;0;0;0;0;0
1504408;2.15;0.86;41.0;3225.0;18.75;83.25;36.75;7.05;20.67;14.48;254.24;303.55;2.31;95143.0;41.0;41.0;46.0;4523.0;968.05;546.86;2.0;1.0;0;1.0;0;0;1.0;0;0;1.0;0;0;1.0;1.0;0;0;0;0;0
1504927;1.60;0.87;42.0;3290.0;18.75;83.25;38.25;4.70;16.18;14.48;276.58;331.79;2.31;95143.0;42.0;42.0;46.0;4528.0;968.05;839.83;2.0;1.0;0;1.0;0;0;1.0;0;0;1.0;0;0;1.0;1.0;0;0;0;0;0
1505447;1.57;0.98;42.0;3271.0;18.75;83.25;38.25;3.92;13.15;14.39;307.96;341.57;2.31;95143.0;42.0;42.0;46.0;4525.0;967.90;898.42;2.0;1.0;0;1.0;0;0;1.0;0;0;1.0;0;0;1.0;1.0;0;0;0;0;0
1505968;1.81;0.96;42.0;3305.0;18.75;83.25;38.25;4.70;15.62;14.48;338.92;347.51;2.31;95143.0;43.0;42.0;46.0;4518.0;967.94;878.89;2.0;1.0;0;1.0;0;0;1.0;0;0;1.0;0;0;1.0;1.0;0;0;0;0;0
1506488;1.78;0.93;42.0;3333.0;18.75;83.25;38.25;5.09;15.88;14.39;326.85;329.88;2.31;95143.0;43.0;43.0;46.0;4504.0;967.90;878.89;2.0;1.0;0;1.0;0;0;1.0;0;0;1.0;0;0;1.0;1.0;0;0;0;0;0
1507007;2.89;0.99;43.0;3422.0;18.75;83.25;36.75;9.41;22.90;14.48;346.26;308.08;2.31;95143.0;43.0;44.0;46.0;4488.0;967.94;878.89;2.0;1.0;0;1.0;0;0;1.0;0;0;1.0;0;0;1.0;1.0;0;0;0;0;0
1507528;2.62;0.94;45.0;3555.0;18.75;83.25;38.25;9.41;22.50;14.48;349.58;308.86;2.31;95143.0;45.0;46.0;46.0;4497.0;967.82;859.36;2.0;1.0;0;1.0;0;0;1.0;0;0;0;0;0;1.0;1.0;0;0;0;0;0
1508047;2.82;0.99;46.0;3138.0;18.75;83.25;18.75;6.66;17.23;14.39;299.43;326.22;2.31;95143.0;46.0;47.0;46.0;4516.0;967.86;878.89;3.0;1.0;0;1.0;0;0;1.0;0;0;1.0;0;0;1.0;1.0;0;0;0;0;0
1508578;1.88;0.97;47.0;2891.0;18.75;83.25;27.0;4.70;15.28;14.48;223.11;275.82;2.31;95143.0;47.0;47.0;46.0;4495.0;967.86;878.89;3.0;1.0;0;1.0;0;0;1.0;0;0;1.0;0;0;1.0;1.0;0;0;0;0;0
1509098;2.67;1.00;47.0;2913.0;18.75;83.25;33.0;6.66;19.88;14.48;215.35;244.59;2.31;95143.0;47.0;48.0;46.0;4484.0;967.78;898.42;3.0;1.0;0;1.0;0;0;1.0;0;0;1.0;0;0;1.0;1.0;0;0;0;0;0
1509638;5.24;1.00;50.0;3098.0;18.75;83.25;21.75;23.92;35.76;14.48;256.35;301.25;2.31;95143.0;49.0;50.0;46.0;4505.0;967.51;878.89;3.0;1.0;0;1.0;0;0;1.0;0;0;1.0;0;0;1.0;1.0;0;0;0;0;0
1510157;6.23;1.00;55.0;3406.0;18.75;83.25;14.25;36.86;43.05;14.48;324.88;311.69;2.31;95143.0;54.0;56.0;46.0;4551.0;967.59;859.36;3.0;1.0;0;1.0;0;0;1.0;0;0;1.0;0;0;1.0;1.0;0;0;0;0;0
1510678;6.85;0.98;61.0;3734.0;18.75;83.25;14.25;49.02;48.72;14.48;341.46;341.59;2.31;95143.0;60.0;61.0;46.0;4573.0;967.51;878.89;3.0;1.0;0;1.0;0;0;1.0;0;0;1.0;0;0;1.0;1.0;0;0;0;0;0
1511198;7.05;0.97;67.0;4131.0;18.75;83.25;18.0;59.22;52.78;14.48;353.02;240.04;2.31;95143.0;66.0;68.0;46.0;4613.0;967.59;703.11;3.0;1.0;0;1.0;0;0;1.0;0;0;1.0;0;0;1.0;1.0;0;0;0;0;0
1511728;5.80;1.00;72.0;4412.0;18.75;83.25;18.75;38.82;45.43;14.29;334.08;291.21;2.58;95143.0;72.0;73.0;46.0;4641.0;967.43;19.53;3.0;1.0;0;1.0;0;0;1.0;0;0;1.0;0;0;1.0;1.0;0;0;0;0;0
1512253;3.82;1.00;76.0;4652.0;18.75;83.25;33.75;22.74;31.85;14.48;351.38;310.89;2.31;95143.0;74.0;76.0;46.0;4535.0;967.43;78.12;3.0;1.0;0;1.0;0;0;1.0;0;0;1.0;0;0;1.0;1.0;0;0;0;0;0
1512768;2.81;1.00;77.0;4735.0;18.75;83.25;42.75;12.15;23.37;14.48;331.24;338.43;2.31;95143.0;77.0;77.0;46.0;4495.0;967.43;800.77;3.0;1.0;0;1.0;0;0;1.0;0;0;1.0;0;0;1.0;1.0;0;0;0;0;0
1513288;1.27;1.00;77.0;4685.0;18.75;83.25;48.75;4.70;11.22;14.39;271.03;321.65;2.31;95143.0;77.0;77.0;46.0;4407.0;967.27;898.42;3.0;1.0;0;1.0;0;0;1.0;0;0;1.0;0;0;1.0;1.0;0;0;0;0;0
1513807;0.65;0.98;75.0;4536.0;18.75;83.25;48.75;1.17;5.56;14.48;217.38;314.47;2.31;95143.0;75.0;75.0;46.0;4417.0;967.27;820.30;3.0;1.0;0;1.0;0;0;1.0;0;0;0;0;0;1.0;1.0;0;0;0;0;0
1514327;0.49;1.00;71.0;4340.0;18.75;83.25;-30.0;0;0;14.39;190.59;287.50;2.31;95143.0;72.0;71.0;46.0;4499.0;967.19;19.53;3.0;1.0;0;1.0;0;0;1.0;0;0;0;0;0;1.0;1.0;0;0;0;0;0
1514847;0.49;1.00;68.0;4151.0;18.75;83.25;-30.0;0;0;14.58;213.63;294.96;2.31;95143.0;69.0;68.0;46.0;4486.0;967.16;0;3.0;1.0;0;1.0;0;0;1.0;0;0;0;0;0;1.0;1.0;0;0;0;0;0
1515368;0.49;1.00;65.0;3968.0;18.75;83.25;-30.0;0;0;14.48;292.63;204.98;2.31;95143.0;65.0;65.0;46.0;4410.0;967.04;0;3.0;1.0;0;1.0;0;0;1.0;0;0;0;0;0;1.0;1.0;0;0;0;0;0
1515907;0.48;1.00;62.0;3779.0;18.75;83.25;-30.0;0;0;14.58;332.12;250.45;2.31;95143.0;62.0;62.0;46.0;4438.0;966.96;0;3.0;1.0;0;1.0;0;0;1.0;0;0;0;0;0;1.0;1.0;0;0;0;0;0
1516457;0.52;1.00;57.0;3510.0;18.75;83.25;-30.0;0;0;14.58;346.14;288.22;2.31;95143.0;58.0;57.0;46.0;4483.0;966.92;0;3.0;1.0;0;1.0;0;0;1.0;0;0;0;0;0;1.0;1.0;0;0;0;0;0
1517000;0.60;1.00;51.0;3161.0;18.75;83.25;-30.0;0;0;14.58;339.39;330.15;2.31;95143.0;51.0;52.0;46.0;4454.0;966.88;0;3.0;1.0;0;1.0;0;0;1.0;0;0;1.0;0;0;1.0;1.0;0;0;0;0;0
1517577;0.65;1.00;46.0;2805.0;18.75;83.25;-30.0;0;0;14.48;296.69;340.64;2.31;95143.0;46.0;46.0;46.0;4459.0;966.84;0;3.0;1.0;0;1.0;0;0;1.0;0;0;1.0;0;0;1.0;1.0;0;0;0;0;0
1518098;0.70;1.00;41.0;2546.0;18.75;83.25;-30.0;0;0;14.48;298.78;345.27;2.31;95143.0;42.0;42.0;46.0;4412.0;966.84;0;3.0;1.0;0;1.0;0;0;1.0;0;0;1.0;0;0;1.0;1.0;0;0;0;0;0
1518627;0.88;1.00;38.0;2346.0;18.75;83.25;15.75;0;12.57;14.48;261.52;291.91;2.31;95143.0;39.0;39.0;48.0;4254.0;966.84;19.53;3.0;1.0;0;1.0;0;0;1.0;0;0;1.0;0;0;1.0;1.0;0;0;0;0;0
1519188;0.89;1.00;36.0;2223.0;18.75;83.25;15.0;0;12.54;14.48;176.92;172.31;2.31;95143.0;36.0;36.0;48.0;4401.0;966.80;39.06;3.0;1.0;0;1.0;0;0;1.0;0;0;1.0;0;0;1.0;1.0;0;0;0;0;0
1519707;0.99;1.00;32.0;2033.0;18.75;83.25;14.25;0;12.52;14.48;104.40;115.36;2.31;95143.0;33.0;33.0;47.0;4483.0;966.80;78.12;3.0;1.0;0;1.0;0;0;1.0;0;0;1.0;0;0;1.0;1.0;0;0;0;0;0
1520228;1.08;1.00;31.0;1886.0;18.75;83.25;16.5;0;12.71;14.48;80.73;107.94;2.31;95143.0;31.0;31.0;48.0;4509.0;966.80;820.30;3.0;1.0;0;1.0;0;0;1.0;0;0;1.0;0;0;1.0;1.0;0;0;0;0;0
1520747;0.92;1.00;28.0;2142.0;18.75;83.25;15.0;0;12.67;14.48;94.87;113.70;2.31;95143.0;29.0;29.0;49.0;4509.0;966.80;859.36;3.0;1.0;0;1.0;0;0;1.0;0;0;1.0;0;0;1.0;1.0;0;0;0;0;0
1521268;0.91;1.00;26.0;2132.0;18.75;83.25;15.75;0;12.60;14.48;79.48;91.02;2.31;95143.0;27.0;27.0;48.0;4499.0;966.80;878.89;2.0;1.0;0;1.0;0;0;1.0;0;0;1.0;0;0;1.0;1.0;0;0;0;0;0
1521797;1.05;1.00;25.0;1870.0;18.75;83.25;14.25;0;12.54;14.48;79.99;79.44;2.31;95143.0;25.0;24.0;47.0;4519.0;966.80;859.36;2.0;1.0;0;1.0;0;0;1.0;0;0;1.0;0;0;1.0;1.0;0;0;0;0;0
1522318;1.12;0.99;21.0;1734.0;18.75;83.25;13.5;0;12.51;14.58;90.17;69.97;2.31;95143.0;21.0;22.0;47.0;4519.0;966.80;878.89;2.0;1.0;0;1.0;0;0;1.0;0;0;1.0;0;0;1.0;1.0;0;0;0;0;0
1522838;1.26;0.97;18.0;1528.0;18.75;83.25;16.5;0;12.69;14.39;109.64;69.44;2.31;95143.0;18.0;18.0;48.0;4479.0;966.80;878.89;2.0;1.0;0;1.0;1.0;0;1.0;0;0;1.0;0;0;1.0;1.0;0;0;0;0;0
1523357;1.16;0.96;15.0;1483.0;18.75;83.25;15.75;0;12.64;14.48;83.97;65.36;2.31;95143.0;15.0;15.0;48.0;4493.0;966.80;859.36;2.0;1.0;0;1.0;1.0;0;1.0;0;0;1.0;0;0;1.0;1.0;0;0;1.0;0;0
1523878;1.15;0.94;12.0;1449.0;18.75;83.25;15.0;0;12.54;14.58;73.64;56.20;2.31;95143.0;12.0;12.0;47.0;4506.0;966.80;859.36;0;1.0;0;1.0;0;0;1.0;0;0;1.0;0;0;1.0;1.0;0;0;0;0;0
1524397;1.21;0.92;10.0;1351.0;18.75;83.25;15.0;0;12.46;14.48;84.25;73.02;2.31;95143.0;11.0;10.0;47.0;4521.0;966.80;839.83;1.0;1.0;0;1.0;0;0;1.0;0;0;1.0;0;0;1.0;1.0;0;0;1.0;0;0
1524917;1.16;0.91;8.0;1362.0;18.75;83.25;15.0;0;12.53;14.48;80.79;59.87;2.31;95143.0;9.0;9.0;47.0;4526.0;966.80;781.24;1.0;1.0;0;1.0;0;0;1.0;0;0;1.0;0;0;1.0;1.0;0;0;0;0;0
1525437;1.12;0.89;8.0;1374.0;18.75;83.25;15.75;0;12.56;14.39;80.28;77.16;2.31;95143.0;9.0;9.0;47.0;4496.0;966.80;761.70;1.0;1.0;0;1.0;0;0;1.0;0;0;1.0;0;0;1.0;1.0;0;0;0;0;0
1525967;1.16;0.88;8.0;1284.0;18.75;83.25;12.75;0.39;11.54;14.48;76.30;82.55;2.31;95143.0;9.0;9.0;46.0;4509.0;966.80;78.12;1.0;1.0;0;1.0;0;0;1.0;0;0;1.0;0;0;1.0;1.0;0;0;0;0;0
1526487;1.42;0.90;10.0;1186.0;18.75;83.25;13.5;0.39;12.33;14.58;58.57;70.05;2.31;95143.0;10.0;10.0;52.0;4529.0;966.80;742.17;1.0;1.0;0;1.0;0;0;1.0;0;0;1.0;0;0;1.0;1.0;0;0;0;0;0
1527007;1.57;0.89;11.0;1284.0;18.75;83.25;12.75;0.39;11.54;14.39;52.00;64.99;2.31;95143.0;11.0;11.0;47.0;4515.0;966.80;19.53;1.0;1.0;0;1.0;0;0;1.0;0;0;1.0;0;0;1.0;1.0;0;0;0;0;0
1527527;2.32;1.00;11.0;1499.0;18.75;83.25;12.75;2.35;15.23;14.39;47.94;65.11;2.31;95143.0;12.0;12.0;47.0;4576.0;966.80;39.06;1.0;1.0;0;1.0;0;0;1.0;0;0;1.0;0;0;1.0;1.0;0;0;0;0;0
1528047;3.06;1.00;15.0;2409.0;18.75;83.25;24.75;7.45;22.92;14.48;113.21;85.28;2.31;95143.0;14.0;15.0;46.0;4477.0;966.80;878.89;1.0;1.0;0;1.0;0;0;1.0;0;0;1.0;0;0;1.0;1.0;0;0;0;0;0
1528567;3.07;0.97;20.0;2301.0;18.75;83.25;21.75;8.23;24.19;14.48;121.80;187.60;2.31;95143.0;20.0;21.0;46.0;4456.0;966.80;800.77;1.0;1.0;0;1.0;0;0;1.0;0;0;1.0;0;0;1.0;1.0;0;0;0;0;0
1529087;4.52;1.00;27.0;3040.0;18.75;83.25;24.75;19.61;32.92;14.39;201.45;232.75;2.31;95143.0;27.0;28.0;46.0;4501.0;966.80;820.30;1.0;1.0;0;1.0;0;0;1.0;0;0;1.0;0;0;1.0;1.0;0;0;0;0;0
1529607;4.03;0.95;35.0;3834.0;18.75;83.25;30.0;20.78;33.37;14.48;260.02;229.61;2.31;95143.0;34.0;35.0;46.0;4605.0;966.80;742.17;1.0;1.0;0;1.0;0;0;1.0;0;0;1.0;0;0;1.0;1.0;0;0;0;0;0
1530127;4.53;0.98;41.0;4581.0;18.75;83.25;30.0;26.66;35.77;14.48;213.58;290.74;2.31;95143.0;40.0;42.0;46.0;4679.0;966.80;39.06;1.0;1.0;0;1.0;0;0;1.0;0;0;0;0;0;1.0;1.0;0;0;0;0;0
1530657;3.58;1.00;45.0;4190.0;18.75;83.25;40.5;11.37;25.32;14.48;231.64;304.64;2.31;95143.0;46.0;45.0;46.0;4383.0;966.80;898.42;2.0;1.0;0;1.0;0;0;1.0;0;0;1.0;0;0;0;1.0;0;0;0;0;0
1531177;2.58;0.97;47.0;3710.0;18.75;84.0;39.75;8.62;21.45;14.58;247.48;269.02;2.31;95143.0;48.0;48.0;46.0;4451.0;966.80;859.36;2.0;1.0;0;1.0;0;0;1.0;0;0;1.0;0;0;1.0;1.0;0;0;0;0;0
1531698;1.16;1.00;48.0;3751.0;18.75;84.0;42.75;3.13;9.77;14.39;230.82;274.45;2.31;95143.0;48.0;49.0;46.0;4497.0;966.80;898.42;2.0;1.0;0;1.0;0;0;1.0;0;0;1.0;0;0;1.0;1.0;0;0;0;0;0
1532218;1.14;0.98;48.0;3752.0;18.75;84.0;42.75;2.74;9.55;14.39;195.00;187.21;2.31;95143.0;49.0;48.0;46.0;4494.0;966.80;898.42;2.0;1.0;0;1.0;0;0;1.0;0;0;1.0;0;0;1.0;1.0;0;0;0;0;0
1532738;2.13;0.96;48.0;3755.0;18.75;84.0;42.75;6.27;16.94;14.48;200.45;171.92;2.31;95143.0;48.0;48.0;46.0;4495.0;966.80;878.89;2.0;1.0;0;1.0;0;0;1.0;0;0;1.0;0;0;1.0;1.0;0;0;0;0;0
1533258;0.99;0.91;50.0;3940.0;18.75;84.0;45.0;1.56;15.37;14.48;267.89;245.19;2.31;95143.0;50.0;51.0;46.0;4636.0;966.80;820.30;2.0;1.0;0;1.0;0;0;1.0;0;0;1.0;0;0;1.0;1.0;0;0;0;0;0
1533779;2.38;1.00;51.0;3121.0;18.75;84.0;23.25;6.27;17.00;14.48;315.60;288.82;2.31;95143.0;51.0;51.0;46.0;4224.0;966.80;898.42;3.0;1.0;0;1.0;0;0;1.0;0;0;1.0;0;0;1.0;1.0;0;0;0;0;0
1534308;2.32;0.97;52.0;3190.0;18.75;84.0;36.0;6.27;19.02;14.39;335.70;317.46;2.31;95143.0;52.0;52.0;46.0;4320.0;966.80;878.89;3.0;1.0;0;1.0;0;0;1.0;0;0;1.0;0;0;1.0;1.0;0;0;0;0;0
1534828;2.68;0.92;55.0;3339.0;18.75;84.0;36.0;9.02;23.02;14.48;346.81;334.70;2.31;95143.0;54.0;55.0;46.0;4443.0;966.80;820.30;3.0;1.0;0;1.0;0;0;1.0;0;0;1.0;0;0;1.0;1.0;0;0;0;0;0
1535347;2.50;0.87;56.0;3469.0;18.75;84.0;36.75;9.80;23.19;14.48;340.73;349.02;2.31;95143.0;56.0;57.0;46.0;4499.0;966.80;117.18;3.0;1.0;0;1.0;0;0;1.0;0;0;1.0;0;0;1.0;1.0;0;0;0;0;0
1535918;3.78;0.99;58.0;3632.0;18.75;84.0;33.0;15.29;27.87;14.39;340.31;349.13;2.31;95143.0;59.0;59.0;46.0;4516.0;966.80;859.36;3.0;1.0;0;1.0;0;0;1.0;0;0;1.0;0;0;1.0;1.0;0;0;0;0;0
1536438;2.61;1.00;61.0;3303.0;18.75;84.0;21.0;6.66;15.01;14.48;330.66;290.33;2.31;95143.0;62.0;62.0;46.0;4516.0;966.80;898.42;3.0;1.0;0;1.0;0;0;1.0;0;0;0;0;0;1.0;1.0;0;0;0;0;0
1536958;2.00;0.96;63.0;3281.0;18.75;84.0;30.75;6.27;16.70;14.48;275.21;307.75;2.31;95143.0;64.0;63.0;46.0;4505.0;966.80;878.89;4.0;1.0;0;1.0;0;0;1.0;0;0;0;0;0;1.0;1.0;0;0;0;0;0
1537477;1.84;0.92;65.0;3375.0;18.75;84.0;39.0;5.88;16.51;14.48;296.27;305.01;2.31;95143.0;64.0;65.0;46.0;4521.0;966.80;878.89;4.0;1.0;0;1.0;0;0;1.0;0;0;0;0;0;1.0;1.0;0;0;0;0;0
1537998;0.52;1.00;63.0;3307.0;18.75;84.0;-30.0;0;0;14.58;250.15;241.70;2.31;95143.0;64.0;64.0;46.0;4624.0;966.80;0;4.0;1.0;0;1.0;0;0;1.0;0;0;0;0;0;1.0;1.0;0;0;0;0;0
1538517;0.54;1.00;63.0;3262.0;18.75;84.0;-30.0;0;0;14.58;254.39;300.52;2.31;95143.0;63.0;63.0;46.0;4620.0;966.80;0;4.0;1.0;0;1.0;0;0;1.0;0;0;0;0;0;1.0;1.0;0;0;0;0;0
1539038;1.72;1.00;62.0;3261.0;18.75;84.0;11.25;4.70;8.76;14.48;297.57;331.71;2.31;95143.0;63.0;63.0;46.0;4241.0;966.80;859.36;4.0;1.0;0;1.0;0;0;1.0;0;0;0;0;0;1.0;1.0;0;0;0;0;0
1539557;1.52;0.99;62.0;3320.0;18.75;84.0;18.0;4.31;9.13;14.58;337.73;324.35;2.31;95143.0;63.0;63.0;46.0;4319.0;966.80;898.42;4.0;1.0;0;1.0;0;0;1.0;0;0;0;0;0;1.0;1.0;0;0;0;0;0
1540078;1.11;0.97;63.0;3234.0;18.75;84.0;24.75;2.74;8.13;14.58;343.04;350.44;2.31;95143.0;64.0;63.0;46.0;4444.0;966.80;898.42;4.0;1.0;0;1.0;0;0;1.0;0;0;0;0;0;1.0;1.0;0;0;0;0;0
1540611;0.65;0.95;63.0;3258.0;18.75;84.0;29.25;1.17;5.44;14.48;347.00;348.96;2.31;95143.0;63.0;63.0;46.0;4501.0;966.80;898.42;4.0;1.0;0;1.0;0;0;1.0;0;0;0;0;0;1.0;1.0;0;0;0;0;0
1541167;0.62;0.94;62.0;3252.0;18.75;84.0;33.75;0.78;5.48;14.48;342.71;332.16;2.31;95143.0;63.0;63.0;46.0;4519.0;966.80;19.53;4.0;1.0;0;1.0;0;0;1.0;0;0;0;0;0;1.0;1.0;0;0;0;0;0
1541698;0.93;0.96;62.0;3201.0;18.75;84.0;36.75;1.56;7.53;14.48;326.54;340.19;2.31;95143.0;63.0;62.0;46.0;4502.0;966.80;566.39;4.0;1.0;0;1.0;0;0;1.0;0;0;0;0;0;1.0;1.0;0;0;0;0;0
1542218;0.77;0.96;62.0;3271.0;18.75;84.0;37.5;1.17;6.82;14.48;347.10;326.97;2.31;95143.0;62.0;63.0;46.0;4526.0;966.80;898.42;4.0;1.0;0;1.0;0;0;1.0;0;0;0;0;0;1.0;1.0;0;0;0;0;0
1542738;0.57;1.00;62.0;3197.0;18.75;84.0;-30.0;0;0;14.58;331.97;315.03;2.31;95143.0;63.0;62.0;46.0;4545.0;966.80;39.06;4.0;1.0;0;1.0;0;0;1.0;0;0;0;0;0;1.0;1.0;0;0;0;0;0
1543258;0.57;1.00;62.0;3187.0;18.75;84.0;-30.0;0;0;14.58;311.64;301.48;2.31;95143.0;62.0;61.0;46.0;4544.0;966.80;0;4.0;1.0;0;1.0;0;0;1.0;0;0;0;0;0;1.0;1.0;0;0;0;0;0
1543778;0.56;1.00;61.0;3196.0;18.75;84.0;-30.0;0;0;14.58;297.32;326.42;2.31;95143.0;61.0;61.0;46.0;4536.0;966.80;0;4.0;1.0;0;1.0;0;0;1.0;0;0;0;0;0;1.0;1.0;0;0;0;0;0
1544298;0.60;1.00;61.0;3135.0;18.75;84.0;-30.0;0;0;14.48;329.02;330.42;2.31;95143.0;61.0;60.0;46.0;4542.0;966.88;0;4.0;1.0;0;1.0;0;0;1.0;0;0;0;0;0;1.0;1.0;0;0;0;0;0
1544817;0.60;1.00;58.0;3062.0;18.75;84.0;-30.0;0;0;14.58;343.59;343.39;2.31;95143.0;59.0;59.0;46.0;4542.0;966.92;0;4.0;1.0;0;1.0;0;0;1.0;0;0;0;0;0;1.0;1.0;0;0;0;0;0
1545348;0.62;1.00;58.0;2993.0;18.75;83.25;-30.0;0;0;14.48;331.91;316.79;2.31;95143.0;59.0;58.0;46.0;4550.0;967.00;0;4.0;1.0;0;1.0;0;0;1.0;0;0;0;0;0;1.0;1.0;0;0;0;0;0
1545867;0.64;1.00;57.0;2945.0;18.75;83.25;-30.0;0;0;14.58;329.60;327.08;2.31;95143.0;57.0;56.0;46.0;4556.0;967.08;0;4.0;1.0;0;1.0;0;0;1.0;0;0;1.0;0;0;1.0;1.0;0;0;0;0;0
1546388;0.65;1.00;56.0;2902.0;18.75;83.25;-30.0;0;0;14.58;331.05;328.90;2.31;95143.0;56.0;56.0;46.0;4564.0;967.16;0;4.0;1.0;0;1.0;0;0;1.0;0;0;1.0;0;0;1.0;1.0;0;0;0;0;0
1546908;0.63;1.00;55.0;2875.0;18.75;83.25;-30.0;0;0;14.58;339.09;312.24;2.31;95143.0;55.0;55.0;46.0;4561.0;967.27;0;4.0;1.0;0;1.0;0;0;1.0;0;0;1.0;0;0;1.0;1.0;0;0;0;0;0
1547428;0.63;1.00;56.0;2881.0;18.75;83.25;-30.0;0;0;14.58;316.91;331.38;2.31;95143.0;56.0;55.0;46.0;4553.0;967.43;0;4.0;1.0;0;1.0;0;0;1.0;0;0;1.0;0;0;1.0;1.0;0;0;0;0;0
1547948;0.64;1.00;55.0;2823.0;18.75;83.25;-30.0;0;0;14.48;319.37;297.81;2.31;95143.0;55.0;54.0;46.0;4569.0;967.62;0;4.0;1.0;0;1.0;0;0;1.0;0;0;1.0;0;0;1.0;1.0;0;0;0;0;0
1548467;0.65;1.00;53.0;2769.0;18.75;83.25;-30.0;0;0;14.58;281.75;326.87;2.31;95143.0;54.0;53.0;46.0;4552.0;967.86;0;4.0;1.0;0;1.0;0;0;1.0;0;0;1.0;0;0;1.0;1.0;0;0;0;0;0
1548991;0.65;1.00;53.0;2748.0;18.75;83.25;-30.0;0;0;14.48;316.79;314.88;2.31;95143.0;53.0;53.0;46.0;4561.0;968.05;0;4.0;1.0;0;1.0;0;0;1.0;0;0;1.0;0;0;1.0;1.0;0;0;0;0;0
1549508;0.65;1.00;52.0;2729.0;18.75;83.25;-30.0;0;0;14.58;281.29;264.00;2.31;95143.0;53.0;53.0;46.0;4561.0;968.21;0;4.0;1.0;0;1.0;0;0;1.0;0;0;1.0;0;0;1.0;1.0;0;0;0;0;0
1550038;0.67;1.00;52.0;2697.0;18.75;82.5;-30.0;0;0;14.58;323.45;313.33;2.31;95143.0;52.0;52.0;47.0;4553.0;968.44;0;4.0;1.0;0;1.0;0;0;1.0;0;0;1.0;0;0;1.0;1.0;0;0;0;0;0
1550557;0.67;1.00;52.0;2697.0;18.75;82.5;-30.0;0;0;14.58;344.27;333.76;2.31;95143.0;53.0;52.0;47.0;4554.0;968.52;0;4.0;1.0;0;1.0;0;0;1.0;0;0;1.0;0;0;1.0;1.0;0;0;0;0;0
1551128;0.68;1.00;51.0;2656.0;18.75;82.5;-30.0;0;0;14.58;352.00;344.84;2.31;95143.0;51.0;51.0;47.0;4549.0;968.76;0;4.0;1.0;0;1.0;0;0;1.0;0;0;1.0;0;0;1.0;1.0;0;0;0;0;0
1551658;0.68;1.00;51.0;2602.0;18.75;82.5;-30.0;0;0;14.39;351.96;347.75;2.31;95143.0;51.0;50.0;47.0;4549.0;968.91;0;4.0;1.0;0;1.0;0;0;1.0;0;0;1.0;0;0;1.0;1.0;0;0;0;0;0
1552221;0.68;1.00;50.0;2592.0;18.75;82.5;-30.0;0;0;14.58;355.36;336.77;2.31;95143.0;50.0;50.0;47.0;4571.0;969.03;0;4.0;1.0;0;1.0;0;0;1.0;0;0;1.0;0;0;1.0;1.0;0;0;0;0;0
1552788;0.84;1.00;48.0;2504.0;18.75;82.5;18.0;0;12.51;14.48;352.61;340.27;2.31;95143.0;49.0;49.0;47.0;4257.0;969.11;0;4.0;1.0;0;1.0;0;0;1.0;0;0;1.0;0;0;1.0;1.0;0;0;0;0;0
1553307;0.86;1.00;47.0;2459.0;18.75;82.5;16.5;0;12.66;14.48;245.12;249.08;2.31;95143.0;47.0;47.0;49.0;4317.0;969.15;39.06;4.0;1.0;0;1.0;0;0;1.0;0;0;1.0;0;0;1.0;1.0;0;0;0;0;0
1553828;0.86;1.00;46.0;2385.0;18.75;82.5;15.75;0;12.59;14.48;144.69;147.04;2.31;95143.0;46.0;45.0;49.0;4442.0;969.19;39.06;4.0;1.0;0;1.0;0;0;1.0;0;0;1.0;0;0;1.0;1.0;0;0;0;0;0
1554347;0.84;1.00;45.0;2338.0;18.75;82.5;16.5;0;12.62;14.48;76.83;85.44;2.31;95143.0;45.0;45.0;49.0;4492.0;969.23;58.59;4.0;1.0;0;1.0;0;0;1.0;0;0;1.0;0;0;1.0;1.0;0;0;0;0;0
1554868;0.87;1.00;42.0;2253.0;18.75;82.5;15.75;0;12.61;14.48;47.75;50.38;2.31;95143.0;43.0;43.0;48.0;4546.0;969.23;39.06;4.0;1.0;0;1.0;0;0;1.0;0;0;1.0;0;0;1.0;1.0;0;0;0;0;0
1555387;0.92;1.00;41.0;2104.0;18.75;82.5;14.25;0;12.64;14.48;29.64;31.28;2.31;95143.0;41.0;40.0;48.0;4509.0;969.23;19.53;4.0;1.0;0;1.0;0;0;1.0;0;0;1.0;0;0;1.0;1.0;0;0;0;0;0
1555908;0.97;1.00;37.0;1978.0;18.75;82.5;14.25;0;12.59;14.39;52.24;28.92;2.31;95143.0;38.0;38.0;48.0;4532.0;969.27;39.06;4.0;1.0;0;1.0;0;0;1.0;0;0;1.0;0;0;1.0;1.0;0;0;0;0;0
1556438;0.99;1.00;36.0;1904.0;18.75;81.75;15.0;0;12.68;14.58;32.98;18.53;2.31;95143.0;36.0;36.0;48.0;4504.0;969.27;742.17;4.0;1.0;0;1.0;0;0;1.0;0;0;1.0;0;0;1.0;1.0;0;0;0;0;0
1556958;1.04;0.99;33.0;1783.0;18.75;81.75;15.0;0;12.69;14.48;22.75;12.08;2.31;95143.0;34.0;34.0;48.0;4518.0;969.27;878.89;4.0;1.0;0;1.0;0;0;1.0;0;0;1.0;0;0;1.0;1.0;0;0;0;0;0
1557477;1.03;0.98;32.0;1719.0;18.75;81.75;15.75;0;12.66;14.48;22.61;8.30;2.31;95143.0;32.0;32.0;48.0;4510.0;969.54;878.89;4.0;1.0;0;1.0;0;0;1.0;0;0;1.0;0;0;1.0;1.0;0;0;0;0;0
1557998;1.23;0.96;30.0;1506.0;18.75;81.75;15.0;0;12.58;14.39;44.84;5.70;2.31;95143.0;29.0;30.0;47.0;4476.0;969.81;878.89;4.0;1.0;0;1.0;1.0;0;1.0;0;0;1.0;0;0;1.0;1.0;0;0;1.0;0;0
1558518;1.14;0.95;27.0;1486.0;18.75;81.75;15.0;0;12.61;14.39;38.25;6.01;2.31;95143.0;27.0;28.0;48.0;4504.0;969.93;859.36;4.0;1.0;0;1.0;1.0;0;1.0;0;0;1.0;0;0;1.0;1.0;0;0;1.0;0;0
1559038;1.25;0.93;25.0;1432.0;18.75;81.75;15.0;0;12.68;14.58;25.01;6.32;2.31;95143.0;25.0;26.0;48.0;4506.0;970.12;839.83;4.0;1.0;0;1.0;1.0;0;1.0;0;0;1.0;0;0;1.0;1.0;0;0;1.0;0;0
1559568;1.21;0.91;23.0;1438.0;18.75;81.75;15.0;0;12.62;14.48;24.39;19.68;2.31;95143.0;24.0;24.0;47.0;4515.0;970.24;820.30;4.0;1.0;0;1.0;1.0;0;1.0;0;0;1.0;0;0;1.0;1.0;0;0;1.0;0;0
1560087;1.15;0.90;22.0;1410.0;18.75;81.75;15.0;0;12.58;14.58;27.55;20.46;2.31;95143.0;23.0;23.0;48.0;4507.0;970.28;742.17;4.0;1.0;0;1.0;0;0;1.0;0;0;1.0;0;0;1.0;1.0;0;0;0;0;0
1560608;1.11;0.88;21.0;1428.0;18.75;81.75;15.0;0;12.64;14.58;25.95;14.88;2.31;95143.0;22.0;22.0;47.0;4510.0;970.36;117.18;4.0;1.0;0;1.0;0;0;1.0;0;0;1.0;0;0;1.0;1.0;0;0;0;0;0
1561127;1.15;0.90;21.0;1386.0;18.75;81.75;15.0;0;12.61;14.48;22.88;12.01;2.31;95143.0;21.0;21.0;48.0;4509.0;970.40;39.06;4.0;1.0;0;1.0;0;0;1.0;0;0;1.0;0;0;1.0;1.0;0;0;0;0;0
1561648;1.17;0.91;20.0;1382.0;18.75;81.75;15.75;0;12.72;14.58;18.84;15.62;2.31;95143.0;20.0;20.0;47.0;4501.0;970.44;58.59;4.0;1.0;0;1.0;0;0;1.0;0;0;1.0;0;0;1.0;1.0;0;0;0;0;0
1562167;1.18;0.93;17.0;1412.0;18.75;81.75;15.0;0;12.62;14.39;21.50;33.74;2.31;95143.0;18.0;18.0;48.0;4519.0;970.44;703.11;4.0;1.0;0;1.0;0;0;1.0;0;0;1.0;0;0;1.0;1.0;0;0;0;0;0
1562687;1.27;0.91;15.0;1361.0;18.75;82.5;15.0;0;12.60;14.48;15.62;28.78;2.31;95143.0;15.0;15.0;47.0;4499.0;970.44;800.77;4.0;1.0;0;1.0;0;0;1.0;0;0;1.0;0;0;1.0;1.0;0;0;0;0;0
1563208;1.2;0.90;12.0;1430.0;18.75;82.5;15.0;0;12.56;14.39;48.80;87.33;2.31;95143.0;13.0;13.0;47.0;4512.0;970.48;703.11;4.0;1.0;0;1.0;0;0;1.0;0;0;1.0;0;0;1.0;1.0;0;0;0;0;0
1563738;1.2;0.88;12.0;1379.0;18.75;82.5;15.0;0;12.56;14.48;99.99;145.94;2.31;95143.0;12.0;12.0;47.0;4514.0;970.48;624.99;3.0;1.0;0;1.0;1.0;0;1.0;0;0;1.0;0;0;1.0;1.0;0;0;1.0;0;0
1564257;1.25;0.88;11.0;1327.0;18.75;82.5;14.25;0;12.44;14.48;103.07;146.37;2.31;95143.0;11.0;11.0;47.0;4499.0;970.48;39.06;3.0;1.0;0;1.0;0;0;1.0;0;0;1.0;0;0;1.0;1.0;0;0;0;0;0
1564779;1.20;0.90;10.0;1396.0;18.75;82.5;15.0;0;12.56;14.48;94.34;154.01;2.31;95143.0;10.0;10.0;47.0;4507.0;970.48;58.59;2.0;1.0;0;1.0;1.0;0;1.0;0;0;1.0;0;0;1.0;1.0;0;0;1.0;0;0
1565367;1.13;0.91;7.0;1465.0;18.75;82.5;4.5;0;10.22;14.48;89.93;137.31;2.31;95143.0;8.0;8.0;45.0;4501.0;970.48;78.12;0;1.0;0;1.0;0;0;1.0;0;0;1.0;0;0;1.0;1.0;0;0;0;0;0
1565887;1.16;0.93;7.0;1326.0;18.75;82.5;11.25;0;11.59;14.58;69.05;118.78;2.31;95143.0;7.0;7.0;44.0;4503.0;970.48;58.59;1.0;1.0;0;1.0;0;0;1.0;0;0;1.0;0;0;1.0;1.0;0;0;0;0;0
1566407;1.09;0.95;8.0;1460.0;18.75;82.5;12.75;0;10.76;14.48;56.69;102.53;2.31;95143.0;8.0;8.0;47.0;4553.0;970.48;39.06;1.0;1.0;0;1.0;0;0;1.0;0;0;1.0;0;0;1.0;1.0;0;0;0;0;0
1566938;2.98;0.96;10.0;1343.0;18.75;82.5;12.75;3.13;16.88;14.39;57.49;85.07;2.31;95143.0;10.0;10.0;48.0;4581.0;970.48;742.17;1.0;1.0;0;1.0;0;0;1.0;0;0;1.0;0;0;1.0;1.0;0;0;0;0;0
1567457;3.22;0.99;15.0;2089.0;18.75;82.5;18.75;6.27;21.85;14.48;93.86;127.31;2.31;95143.0;14.0;15.0;47.0;4513.0;970.48;898.42;1.0;1.0;0;1.0;0;0;1.0;0;0;1.0;0;0;1.0;1.0;0;0;0;0;0
1568027;2.95;0.98;20.0;2254.0;18.75;82.5;21.0;7.45;23.02;14.48;196.37;217.23;2.31;95143.0;20.0;20.0;47.0;4456.0;970.48;839.83;1.0;1.0;0;1.0;0;0;1.0;0;0;1.0;0;0;1.0;1.0;0;0;0;0;0
1568561;2.55;0.94;26.0;2813.0;18.75;82.5;31.5;7.05;21.85;14.39;259.26;262.24;2.31;95143.0;25.0;26.0;47.0;4496.0;970.48;859.36;1.0;1.0;0;1.0;0;0;1.0;0;0;0;0;0;1.0;1.0;0;0;0;0;0
1569137;1.78;1.00;28.0;2591.0;18.75;82.5;29.25;2.35;8.91;14.48;287.38;284.49;2.31;95143.0;29.0;29.0;47.0;4570.0;970.48;390.62;1.0;1.0;0;1.0;0;0;1.0;0;0;1.0;0;0;1.0;1.0;0;0;0;0;0
1569667;2.35;1.00;31.0;2464.0;18.75;83.25;24.75;4.70;18.00;14.39;304.23;266.33;2.31;95143.0;30.0;31.0;46.0;4234.0;970.48;859.36;2.0;1.0;0;1.0;0;0;1.0;0;0;1.0;0;0;1.0;1.0;0;0;0;0;0
1570177;2.2;0.97;35.0;2678.0;18.75;83.25;28.5;5.09;17.58;14.48;323.41;307.34;2.31;95143.0;34.0;35.0;46.0;4324.0;970.48;898.42;2.0;1.0;0;1.0;0;0;1.0;0;0;1.0;0;0;1.0;1.0;0;0;0;0;0
1570707;0.99;0.95;36.0;2761.0;18.75;83.25;30.75;1.56;9.90;14.39;315.95;327.45;2.31;95143.0;36.0;36.0;46.0;4495.0;970.48;898.42;2.0;1.0;0;1.0;0;0;1.0;0;0;1.0;0;0;1.0;1.0;0;0;0;0;0
1571227;0.72;1.00;36.0;2801.0;18.75;83.25;21.0;0;12.63;14.39;322.61;336.42;2.31;95143.0;36.0;36.0;46.0;4518.0;970.55;273.43;2.0;1.0;0;1.0;0;0;1.0;0;0;1.0;0;0;1.0;1.0;0;0;0;0;0
1571747;0.76;1.00;35.0;2668.0;18.75;83.25;18.75;0;12.49;14.48;314.66;318.69;2.31;95143.0;35.0;35.0;46.0;4495.0;970.52;19.53;2.0;1.0;0;1.0;0;0;1.0;0;0;1.0;0;0;1.0;1.0;0;0;0;0;0
1572267;0.76;1.00;33.0;2628.0;18.75;83.25;19.5;0;12.55;14.48;333.10;333.22;2.31;95143.0;34.0;34.0;46.0;4503.0;970.59;19.53;2.0;1.0;0;1.0;0;0;1.0;0;0;1.0;0;0;1.0;1.0;0;0;0;0;0
1572787;0.82;1.00;31.0;2429.0;18.75;83.25;15.75;0;12.51;14.48;306.91;288.86;2.31;95143.0;31.0;31.0;47.0;4546.0;970.55;39.06;2.0;1.0;0;1.0;0;0;1.0;0;0;1.0;0;0;1.0;1.0;0;0;0;0;0
1573307;0.88;1.00;27.0;2215.0;18.75;83.25;15.0;0;12.58;14.48;199.20;237.30;2.31;95143.0;28.0;28.0;48.0;4547.0;970.55;39.06;2.0;1.0;0;1.0;0;0;1.0;0;0;1.0;0;0;1.0;1.0;0;0;0;0;0
1573827;0.93;1.00;26.0;2017.0;18.75;83.25;14.25;0;12.52;14.20;176.19;218.05;2.58;95143.0;26.0;26.0;46.0;4529.0;970.55;39.06;2.0;1.0;0;1.0;0;0;1.0;0;0;1.0;0;0;1.0;1.0;0;0;0;0;0
1574357;0.98;1.00;25.0;1954.0;18.75;83.25;13.5;0;12.51;14.20;221.15;236.84;2.58;95143.0;25.0;25.0;47.0;4510.0;970.52;97.65;2.0;1.0;0;1.0;0;0;1.0;0;0;1.0;0;0;1.0;1.0;0;0;0;0;0
1574878;0.99;1.00;23.0;1880.0;18.75;83.25;15.0;0;12.51;14.58;219.55;211.99;2.31;95143.0;24.0;24.0;46.0;4516.0;970.59;859.36;2.0;1.0;0;1.0;0;0;1.0;0;0;1.0;0;0;1.0;1.0;0;0;0;0;0
1575397;0.98;1.00;25.0;1899.0;18.75;83.25;14.25;0;12.51;14.39;212.52;213.32;2.31;95143.0;25.0;24.0;47.0;4525.0;970.59;781.24;2.0;1.0;0;1.0;0;0;1.0;0;0;1.0;0;0;1.0;1.0;0;0;0;0;0
1575918;1.07;0.99;25.0;1766.0;18.75;83.25;13.5;0.39;9.09;14.29;175.18;216.00;2.58;95143.0;25.0;25.0;46.0;4523.0;970.75;878.89;2.0;1.0;0;1.0;0;0;1.0;0;0;1.0;0;0;1.0;1.0;0;0;0;0;0
1576438;1.14;0.97;26.0;2067.0;18.75;83.25;18.75;1.17;9.41;14.39;210.51;270.90;2.31;95143.0;27.0;26.0;46.0;4509.0;970.83;859.36;2.0;1.0;0;1.0;0;0;1.0;0;0;1.0;0;0;1.0;1.0;0;0;0;0;0
1576957;1.93;0.96;27.0;2339.0;18.75;83.25;23.25;3.52;14.32;14.48;232.54;281.64;2.31;95143.0;27.0;28.0;46.0;4499.0;970.94;898.42;2.0;1.0;0;1.0;0;0;1.0;0;0;1.0;0;0;1.0;1.0;0;0;0;0;0
1577478;3.80;1.00;32.0;2475.0;18.75;84.0;24.0;11.76;28.18;14.48;187.62;306.62;2.31;95143.0;32.0;32.0;46.0;4402.0;971.10;898.42;2.0;1.0;0;1.0;0;0;1.0;0;0;1.0;0;0;1.0;1.0;0;0;0;0;0
1578007;3.29;0.96;37.0;2879.0;18.75;84.0;29.25;12.15;27.22;14.29;174.36;250.94;2.58;95143.0;36.0;37.0;46.0;4516.0;971.22;839.83;2.0;1.0;0;1.0;0;0;1.0;0;0;1.0;0;0;1.0;1.0;0;0;0;0;0
1578528;3.00;0.91;41.0;3228.0;18.75;84.0;31.5;12.15;26.36;14.48;152.88;187.54;2.31;95143.0;41.0;42.0;46.0;4517.0;971.30;273.43;2.0;1.0;0;1.0;0;0;1.0;0;0;1.0;0;0;1.0;1.0;0;0;0;0;0
1579048;2.82;0.95;45.0;3481.0;18.75;84.0;35.25;10.58;24.30;14.48;152.11;183.58;2.31;95143.0;44.0;45.0;46.0;4485.0;971.37;878.89;2.0;1.0;0;1.0;0;0;1.0;0;0;1.0;0;0;1.0;1.0;0;0;0;0;0
1579567;2.96;1.00;47.0;2884.0;18.75;84.0;24.75;9.02;23.07;14.48;263.44;258.57;2.31;95143.0;48.0;47.0;46.0;4490.0;971.37;878.89;3.0;1.0;0;1.0;0;0;1.0;0;0;1.0;0;0;1.0;1.0;0;0;0;0;0
1580118;2.85;0.95;50.0;3048.0;18.75;84.0;33.0;9.80;24.20;14.58;311.21;306.38;2.31;95143.0;49.0;50.0;46.0;4496.0;971.41;820.30;3.0;1.0;0;1.0;0;0;1.0;0;0;1.0;0;0;1.0;1.0;0;0;0;0;0
1580638;2.61;0.90;52.0;3201.0;18.75;84.0;34.5;9.02;23.43;14.58;333.22;334.95;2.31;95143.0;52.0;52.0;46.0;4505.0;971.53;566.39;3.0;1.0;0;1.0;0;0;1.0;0;0;1.0;0;0;1.0;1.0;0;0;0;0;0
1581157;2.57;0.93;55.0;3363.0;18.75;84.0;36.75;8.62;22.49;14.48;337.49;348.68;2.31;95143.0;54.0;55.0;46.0;4515.0;971.57;742.17;3.0;1.0;0;1.0;0;0;1.0;0;0;1.0;0;0;0;1.0;0;0;0;0;0
1581678;2.44;0.90;57.0;3548.0;18.75;84.0;38.25;8.62;22.09;14.39;344.62;351.73;2.31;95143.0;57.0;58.0;46.0;4514.0;971.49;585.93;3.0;1.0;0;1.0;0;0;1.0;0;0;1.0;0;0;1.0;1.0;0;0;0;0;0
1582197;2.24;0.91;57.0;3529.0;18.75;84.0;39.75;7.45;20.23;14.39;347.51;350.46;2.31;95143.0;58.0;58.0;46.0;4546.0;971.57;820.30;3.0;1.0;0;1.0;0;0;1.0;0;0;1.0;0;0;1.0;1.0;0;0;0;0;0
1582718;0.69;0.99;57.0;3618.0;18.75;84.0;41.25;1.17;6.03;14.39;326.13;348.80;2.31;95143.0;58.0;58.0;46.0;4562.0;971.61;859.36;3.0;1.0;0;1.0;0;0;1.0;0;0;0;0;0;1.0;1.0;0;0;0;0;0
1583237;0.52;1.00;56.0;3462.0;18.75;84.0;-30.0;0;0;14.58;326.30;345.23;2.31;95143.0;57.0;57.0;46.0;4641.0;971.65;0;3.0;1.0;0;1.0;0;0;1.0;0;0;1.0;0;0;1.0;1.0;0;0;0;0;0
1583767;2.50;1.00;55.0;3438.0;18.75;83.25;5.25;5.88;9.38;14.48;322.96;325.66;2.31;95143.0;56.0;55.0;46.0;4263.0;971.45;898.42;3.0;1.0;0;1.0;0;0;1.0;0;0;1.0;0;0;1.0;1.0;0;0;0;0;0
1584307;2.12;0.98;55.0;3412.0;18.75;83.25;14.25;5.49;11.86;14.48;335.27;336.05;2.31;95143.0;56.0;56.0;46.0;4285.0;971.53;917.95;3.0;1.0;0;1.0;0;0;1.0;0;0;1.0;0;0;1.0;1.0;0;0;0;0;0
1584827;1.73;0.96;56.0;3443.0;18.75;83.25;22.5;4.70;11.65;14.58;335.85;322.94;2.31;95143.0;56.0;56.0;46.0;4423.0;971.61;898.42;3.0;1.0;0;1.0;0;0;1.0;0;0;1.0;0;0;1.0;1.0;0;0;0;0;0
1585357;1.19;0.94;55.0;3404.0;18.75;83.25;28.5;2.74;9.21;14.48;351.30;244.63;2.31;95143.0;56.0;56.0;46.0;4497.0;971.65;898.42;3.0;1.0;0;1.0;0;0;1.0;0;0;1.0;0;0;1.0;1.0;0;0;0;0;0
1585917;0.95;0.99;55.0;3312.0;18.75;83.25;37.5;1.56;7.79;14.48;338.12;261.35;2.31;95143.0;54.0;56.0;46.0;4526.0;971.65;898.42;3.0;1.0;0;1.0;0;0;1.0;0;0;1.0;0;0;1.0;1.0;0;0;0;0;0
1586447;1.34;0.98;55.0;3441.0;18.75;83.25;39.0;3.13;10.95;14.48;347.30;322.94;2.31;95143.0;55.0;55.0;46.0;4516.0;971.69;898.42;3.0;1.0;0;1.0;0;0;1.0;0;0;1.0;0;0;1.0;1.0;0;0;0;0;0
1586967;0.94;0.99;55.0;3321.0;18.75;83.25;38.25;1.56;7.82;14.48;349.41;336.24;2.31;95143.0;55.0;55.0;46.0;4517.0;971.69;898.42;3.0;1.0;0;1.0;0;0;1.0;0;0;1.0;0;0;1.0;1.0;0;0;0;0;0
1587487;1.68;0.97;55.0;3548.0;18.75;83.25;41.25;4.31;13.65;14.48;352.10;340.34;2.31;95144.0;55.0;55.0;46.0;4497.0;971.73;898.42;3.0;1.0;0;1.0;0;0;1.0;0;0;1.0;0;0;1.0;1.0;0;0;0;0;0
1588007;1.56;1.00;55.0;3006.0;18.75;83.25;33.75;2.74;11.85;14.48;352.80;349.33;2.31;95144.0;55.0;56.0;46.0;4238.0;971.73;917.95;4.0;1.0;0;1.0;0;0;1.0;0;0;1.0;0;0;1.0;1.0;0;0;0;0;0
1588527;1.18;1.00;56.0;2904.0;18.75;83.25;32.25;1.96;9.60;14.48;338.78;353.70;2.31;95144.0;55.0;56.0;46.0;4289.0;971.73;917.95;4.0;1.0;0;1.0;0;0;1.0;0;0;1.0;0;0;1.0;1.0;0;0;0;0;0
1589047;1.36;0.98;56.0;2983.0;18.75;83.25;33.0;2.35;10.71;14.48;332.42;322.81;2.31;95144.0;56.0;57.0;46.0;4419.0;971.73;917.95;4.0;1.0;0;1.0;0;0;1.0;0;0;1.0;0;0;1.0;1.0;0;0;0;0;0
1589577;1.24;0.97;56.0;2963.0;18.75;83.25;33.0;2.35;10.73;14.48;261.44;258.14;2.31;95144.0;57.0;57.0;46.0;4478.0;971.73;917.95;4.0;1.0;0;1.0;0;0;1.0;0;0;1.0;0;0;1.0;1.0;0;0;0;0;0
1590099;0.91;1.00;57.0;2732.0;18.75;83.25;30.75;0.78;7.59;14.48;311.65;312.75;2.31;95144.0;57.0;57.0;46.0;4521.0;971.73;898.42;4.0;1.0;0;1.0;0;0;1.0;0;0;1.0;0;0;1.0;1.0;0;0;0;0;0
1590667;0.88;0.98;57.0;2951.0;18.75;83.25;33.0;1.17;7.30;14.48;238.40;251.39;2.31;95144.0;57.0;57.0;46.0;4515.0;971.73;898.42;4.0;1.0;0;1.0;0;0;1.0;0;0;1.0;0;0;1.0;1.0;0;0;0;0;0
1591188;0.94;0.96;56.0;2929.0;18.75;83.25;33.0;1.17;7.99;14.48;276.46;279.98;2.31;95144.0;56.0;57.0;46.0;4513.0;971.73;898.42;4.0;1.0;0;1.0;0;0;1.0;0;0;1.0;0;0;1.0;1.0;0;0;0;0;0
1591708;1.55;0.95;57.0;2955.0;18.75;82.5;33.75;3.13;11.83;14.48;313.04;305.83;2.31;95144.0;56.0;57.0;47.0;4500.0;971.73;898.42;4.0;1.0;0;1.0;0;0;1.0;0;0;1.0;0;0;1.0;1.0;0;0;0;0;0
1592227;1.92;0.92;58.0;3046.0;18.75;82.5;35.25;5.09;17.01;14.48;343.04;320.81;2.31;95144.0;58.0;59.0;47.0;4492.0;971.73;859.36;4.0;1.0;0;1.0;0;0;1.0;0;0;1.0;0;0;1.0;1.0;0;0;0;0;0
1592748;2.12;0.88;61.0;3186.0;18.75;82.5;35.25;7.05;19.44;14.58;332.69;307.94;2.31;95144.0;60.0;61.0;47.0;4516.0;971.73;722.64;4.0;1.0;0;1.0;0;0;1.0;0;0;0;0;0;1.0;1.0;0;0;0;0;0
1593267;2.08;0.86;63.0;3248.0;18.75;82.5;36.0;7.45;19.55;14.48;348.20;327.26;2.31;95144.0;62.0;63.0;47.0;4519.0;971.88;117.18;4.0;1.0;0;1.0;0;0;1.0;0;0;0;0;0;1.0;1.0;0;0;0;0;0
1593798;2.91;0.91;65.0;3431.0;18.75;82.5;34.5;10.98;23.22;14.48;331.44;337.75;2.31;95144.0;65.0;66.0;47.0;4496.0;971.96;878.89;4.0;1.0;0;1.0;0;0;1.0;0;0;0;0;0;1.0;1.0;0;0;0;0;0
1594317;1.22;1.00;67.0;3223.0;18.75;82.5;38.25;4.70;8.87;14.58;330.58;345.52;2.31;95144.0;68.0;68.0;47.0;4529.0;972.16;898.42;5.0;1.0;0;1.0;0;0;1.0;0;0;0;0;0;1.0;1.0;0;0;0;0;0
1594838;2.60;0.96;70.0;3254.0;18.75;82.5;31.5;9.02;21.67;14.58;336.67;318.88;2.31;95144.0;69.0;70.0;47.0;4489.0;972.35;839.83;5.0;1.0;0;1.0;0;0;1.0;0;0;0;0;0;1.0;1.0;0;0;0;0;0
1595357;2.40;0.91;72.0;3330.0;18.75;82.5;36.0;8.62;21.29;14.39;304.39;274.80;2.31;95144.0;71.0;72.0;47.0;4510.0;972.43;644.52;5.0;1.0;0;1.0;0;0;1.0;0;0;0;0;0;1.0;1.0;0;0;0;0;0
1595878;2.2;0.91;73.0;3432.0;18.75;82.5;37.5;7.45;19.52;14.48;184.83;303.30;2.31;95144.0;73.0;74.0;47.0;4508.0;972.51;820.30;5.0;1.0;0;1.0;0;0;1.0;0;0;0;0;0;1.0;1.0;0;0;0;0;0
1596397;1.92;0.90;77.0;3581.0;18.75;82.5;40.5;6.27;17.68;14.48;158.34;294.64;2.31;95144.0;77.0;78.0;47.0;4526.0;972.66;839.83;5.0;1.0;0;1.0;0;0;1.0;0;0;0;0;0;1.0;1.0;0;0;0;0;0
1596928;0.24;1.00;78.0;3765.0;18.75;82.5;41.25;0;5.03;14.48;218.91;311.89;2.31;95144.0;78.0;79.0;47.0;4612.0;972.74;683.58;5.0;1.0;0;1.0;0;0;1.0;0;0;0;0;0;1.0;1.0;0;0;0;0;0
1597448;1.43;1.00;80.0;3367.0;18.75;82.5;35.25;3.52;11.29;14.58;266.27;325.99;2.31;95144.0;79.0;80.0;47.0;4234.0;972.82;898.42;6.0;1.0;0;1.0;0;0;1.0;0;0;0;0;0;1.0;1.0;0;0;0;0;0
1597968;0.57;0.99;80.0;3417.0;18.75;82.5;36.75;0.39;5.42;14.58;318.02;343.27;2.31;95144.0;81.0;79.0;47.0;4354.0;972.86;898.42;6.0;1.0;0;1.0;0;0;1.0;0;0;0;0;0;1.0;1.0;0;0;0;0;0
1598488;0.56;1.00;78.0;3369.0;18.75;82.5;-30.0;0;0;14.58;335.36;348.82;2.31;95144.0;79.0;79.0;47.0;4455.0;972.90;39.06;6.0;1.0;0;1.0;0;0;1.0;0;0;0;0;0;1.0;1.0;0;0;0;0;0
1599007;0.57;1.00;80.0;3314.0;18.75;81.75;-30.0;0;0;14.58;342.61;353.29;2.31;95144.0;80.0;78.0;47.0;4447.0;972.94;0;6.0;1.0;0;1.0;0;0;1.0;0;0;0;0;0;1.0;1.0;0;0;0;0;0
1599538;0.56;1.00;78.0;3352.0;18.75;81.75;-30.0;0;0;14.58;329.84;334.39;2.31;95144.0;78.0;78.0;47.0;4454.0;972.94;0;6.0;1.0;0;1.0;0;0;1.0;0;0;0;0;0;1.0;1.0;0;0;0;0;0
1600058;0.56;1.00;78.0;3292.0;18.75;81.75;-30.0;0;0;14.58;329.17;313.45;2.31;95144.0;78.0;78.0;47.0;4443.0;973.17;0;6.0;1.0;0;1.0;0;0;1.0;0;0;0;0;0;1.0;1.0;0;0;0;0;0
1600577;0.55;1.00;77.0;3291.0;18.75;81.75;-30.0;0;0;14.58;280.93;311.83;2.31;95144.0;77.0;78.0;47.0;4434.0;973.41;0;6.0;1.0;0;1.0;0;0;1.0;0;0;0;0;0;1.0;1.0;0;0;0;0;0
1601107;0.57;1.00;76.0;3266.0;18.75;81.75;-30.0;0;0;14.58;246.68;304.06;2.31;95144.0;77.0;77.0;47.0;4433.0;973.33;0;6.0;1.0;0;1.0;0;0;1.0;0;0;0;0;0;1.0;1.0;0;0;0;0;0
1601718;0.58;1.00;76.0;3247.0;18.75;81.75;-30.0;0;0;14.48;216.95;241.91;2.31;95144.0;76.0;77.0;47.0;4427.0;973.56;0;6.0;1.0;0;1.0;0;0;1.0;0;0;0;0;0;1.0;1.0;0;0;0;0;0
1602248;0.57;1.00;76.0;3224.0;18.75;81.75;-30.0;0;0;14.58;244.59;235.19;2.31;95144.0;76.0;76.0;47.0;4428.0;973.72;0;6.0;1.0;0;1.0;0;0;1.0;0;0;0;0;0;1.0;1.0;0;0;0;0;0
1602808;0.60;1.00;75.0;3171.0;18.75;81.75;-30.0;0;0;14.48;304.55;259.88;2.31;95144.0;76.0;75.0;47.0;4436.0;973.87;0;6.0;1.0;0;1.0;0;0;1.0;0;0;0;0;0;1.0;1.0;0;0;0;0;0
1603328;0.58;1.00;75.0;3196.0;18.75;81.75;-30.0;0;0;14.58;335.72;323.84;2.31;95144.0;75.0;75.0;47.0;4425.0;973.95;0;6.0;1.0;0;1.0;0;0;1.0;0;0;0;0;0;1.0;1.0;0;0;0;0;0
1603848;0.62;1.00;75.0;3149.0;18.75;81.75;-30.0;0;0;14.48;343.88;342.26;2.31;95144.0;75.0;74.0;47.0;4432.0;974.03;0;6.0;1.0;0;1.0;0;0;1.0;0;0;0;0;0;1.0;1.0;0;0;0;0;0
1604368;0.63;1.00;73.0;3120.0;18.75;81.75;-30.0;0;0;14.58;348.82;327.18;2.31;95144.0;74.0;74.0;47.0;4437.0;974.07;0;6.0;1.0;0;1.0;0;0;1.0;0;0;0;0;0;1.0;1.0;0;0;0;0;0
1604898;0.64;1.00;73.0;3084.0;18.75;81.0;-30.0;0;0;14.58;316.93;299.78;2.31;95144.0;73.0;73.0;48.0;4432.0;974.11;0;6.0;1.0;0;1.0;0;0;1.0;0;0;0;0;0;1.0;1.0;0;0;0;0;0
1605418;0.64;1.00;72.0;3062.0;18.75;81.0;-30.0;0;0;14.48;159.71;159.26;2.31;95144.0;73.0;72.0;48.0;4436.0;974.23;0;6.0;1.0;0;1.0;0;0;1.0;0;0;0;0;0;1.0;1.0;0;0;0;0;0
1605938;0.64;1.00;72.0;3051.0;18.75;81.0;-30.0;0;0;14.48;80.46;80.20;2.31;95144.0;72.0;72.0;48.0;4437.0;974.27;0;6.0;1.0;0;1.0;0;0;1.0;0;0;0;0;0;1.0;1.0;0;0;0;0;0
1606458;0.62;1.00;71.0;3047.0;18.75;81.0;-30.0;0;0;14.48;42.67;40.36;2.31;95144.0;72.0;72.0;48.0;4437.0;974.62;0;6.0;1.0;0;1.0;0;0;1.0;0;0;0;0;0;1.0;1.0;0;0;0;0;0
1606977;0.64;1.00;71.0;3027.0;18.75;81.0;-30.0;0;0;14.48;21.42;21.34;2.31;95144.0;71.0;71.0;48.0;4445.0;974.85;0;6.0;1.0;0;1.0;0;0;1.0;0;0;0;0;0;1.0;1.0;0;0;0;0;0
1607508;0.64;1.00;71.0;2995.0;18.75;81.0;-30.0;0;0;14.48;12.98;14.84;2.31;95144.0;71.0;71.0;48.0;4448.0;975.05;0;6.0;1.0;0;1.0;0;0;1.0;0;0;0;0;0;1.0;1.0;0;0;0;0;0
1608068;0.65;1.00;70.0;2981.0;18.75;81.0;-30.0;0;0;14.58;12.05;10.76;2.31;95144.0;70.0;70.0;48.0;4448.0;975.16;0;6.0;1.0;0;1.0;0;0;1.0;0;0;0;0;0;1.0;1.0;0;0;0;0;0
1608597;0.65;1.00;70.0;2968.0;18.75;81.0;-30.0;0;0;14.48;5.39;5.87;2.31;95144.0;70.0;70.0;48.0;4452.0;975.24;0;6.0;1.0;0;1.0;0;0;1.0;0;0;0;0;0;1.0;1.0;0;0;0;0;0
1609118;0.65;1.00;70.0;2952.0;18.75;81.0;-30.0;0;0;14.58;2.59;3.04;2.31;95144.0;69.0;70.0;48.0;4454.0;975.32;0;6.0;1.0;0;1.0;0;0;1.0;0;0;0;0;0;1.0;1.0;0;0;0;0;0
1609688;0.65;1.00;68.0;2933.0;18.75;81.0;-30.0;0;0;14.58;3.20;3.24;2.31;95144.0;69.0;69.0;48.0;4454.0;975.36;0;6.0;1.0;0;1.0;0;0;1.0;0;0;0;0;0;1.0;1.0;0;0;0;0;0
1610208;0.65;1.00;68.0;2903.0;18.75;81.0;-30.0;0;0;14.48;3.63;1.34;2.31;95144.0;69.0;68.0;48.0;4454.0;975.44;0;6.0;1.0;0;1.0;0;0;1.0;0;0;0;0;0;1.0;1.0;0;0;0;0;0
1610728;0.66;1.00;67.0;2877.0;18.75;81.0;-30.0;0;0;14.48;1.81;0.62;2.31;95144.0;68.0;68.0;48.0;4452.0;975.59;0;6.0;1.0;0;1.0;0;0;1.0;0;0;0;0;0;1.0;1.0;0;0;0;0;0
1611247;0.67;1.00;67.0;2850.0;18.75;81.0;-30.0;0;0;14.48;3.10;0.25;2.31;95144.0;67.0;67.0;48.0;4454.0;975.83;0;6.0;1.0;0;1.0;0;0;1.0;0;0;0;0;0;1.0;1.0;0;0;0;0;0
1611767;0.68;1.00;65.0;2741.0;18.75;81.0;-30.0;0;0;14.48;1.56;0.01;2.31;95144.0;65.0;65.0;48.0;4472.0;976.02;0;6.0;1.0;0;1.0;0;0;1.0;0;0;0;0;0;1.0;1.0;0;0;0;0;0
1612297;0.70;1.00;62.0;2671.0;18.75;81.0;-30.0;0;0;14.58;0.64;0;2.31;95144.0;63.0;63.0;48.0;4475.0;976.22;0;6.0;1.0;0;1.0;0;0;1.0;0;0;0;0;0;1.0;1.0;0;0;0;0;0
1612818;0.71;1.00;61.0;2608.0;18.75;81.0;-30.0;0;0;14.58;0.29;0;2.31;95144.0;61.0;61.0;48.0;4465.0;976.37;0;6.0;1.0;0;1.0;0;0;1.0;0;0;0;0;0;1.0;1.0;0;0;0;0;0
1613338;0.8;1.00;61.0;2560.0;18.75;81.0;3.0;0;8.04;14.48;0.09;0;2.31;95144.0;61.0;60.0;48.0;4260.0;976.45;0;6.0;1.0;0;1.0;0;0;1.0;0;0;0;0;0;1.0;1.0;0;0;0;0;0
1613858;0.76;1.00;58.0;2485.0;18.75;81.0;24.75;0;12.75;14.48;0;0;2.31;95144.0;58.0;59.0;49.0;4287.0;976.53;39.06;6.0;1.0;0;1.0;0;0;1.0;0;0;0;0;0;1.0;1.0;0;0;0;0;0
1614378;0.86;1.00;56.0;2390.0;18.75;81.0;16.5;0;12.80;14.48;7.20;18.98;2.31;95144.0;57.0;56.0;61.0;4419.0;976.57;878.89;6.0;1.0;0;1.0;0;0;1.0;0;0;1.0;0;0;1.0;1.0;0;0;0;0;0
1614897;0.98;1.00;56.0;2209.0;18.75;81.0;15.0;0;12.83;14.48;11.24;14.97;2.31;95144.0;56.0;56.0;48.0;4518.0;976.61;820.30;5.0;1.0;0;1.0;0;0;1.0;0;0;1.0;0;0;1.0;1.0;0;0;0;0;0
1615428;0.82;1.00;55.0;2524.0;18.75;81.0;18.75;0;12.85;14.39;6.91;10.56;2.31;95144.0;55.0;55.0;48.0;4470.0;976.77;781.24;5.0;1.0;0;1.0;0;0;1.0;0;0;1.0;0;0;1.0;1.0;0;0;0;0;0
1615950;0.81;1.00;55.0;2515.0;18.75;81.0;18.0;0;12.74;14.39;3.76;6.13;2.31;95144.0;55.0;55.0;48.0;4498.0;976.96;58.59;5.0;1.0;0;1.0;0;0;1.0;0;0;1.0;0;0;1.0;1.0;0;0;0;0;0
1616468;0.82;1.00;55.0;2540.0;18.75;81.0;18.0;0;12.76;14.58;4.37;3.35;2.31;95144.0;55.0;55.0;48.0;4496.0;977.12;58.59;5.0;1.0;0;1.0;0;0;1.0;0;0;1.0;0;0;1.0;1.0;0;0;0;0;0
1616987;0.82;1.00;55.0;2531.0;18.75;81.0;18.0;0;12.74;14.39;2.12;3.71;2.31;95144.0;55.0;55.0;48.0;4520.0;977.39;39.06;5.0;1.0;0;1.0;0;0;1.0;0;0;1.0;0;0;1.0;1.0;0;0;0;0;0
1617508;0.83;1.00;55.0;2511.0;18.75;81.0;18.0;0;12.76;14.48;1.19;2.01;2.31;95144.0;55.0;55.0;48.0;4516.0;977.55;39.06;5.0;1.0;0;1.0;0;0;1.0;0;0;1.0;0;0;1.0;1.0;0;0;0;0;0
1618077;0.83;1.00;53.0;2488.0;18.75;81.0;16.5;0;12.73;14.48;0.58;1.11;2.31;95144.0;54.0;54.0;49.0;4537.0;977.62;58.59;5.0;1.0;0;1.0;0;0;1.0;0;0;1.0;0;0;1.0;1.0;0;0;0;0;0
1618607;0.84;1.00;52.0;2429.0;18.75;81.0;16.5;0;12.82;14.48;7.20;3.82;2.31;95144.0;52.0;52.0;50.0;4508.0;977.74;58.59;5.0;1.0;0;1.0;0;0;1.0;0;0;1.0;0;0;1.0;1.0;0;0;0;0;0
1619217;0.86;1.00;50.0;2328.0;18.75;81.0;15.75;0;12.74;14.48;8.37;3.84;2.31;95144.0;50.0;50.0;49.0;4511.0;977.78;58.59;5.0;1.0;0;1.0;0;0;1.0;0;0;1.0;0;0;1.0;1.0;0;0;0;0;0
1619768;0.83;1.00;48.0;2267.0;18.75;81.0;16.5;0;12.76;14.48;4.62;1.93;2.31;95144.0;49.0;49.0;48.0;4522.0;977.90;58.59;5.0;1.0;0;1.0;0;0;1.0;0;0;1.0;0;0;1.0;1.0;0;0;0;0;0
1620287;0.88;1.00;47.0;2224.0;18.75;81.0;15.75;0;12.76;14.58;2.38;0.99;2.31;95144.0;48.0;48.0;48.0;4535.0;978.25;39.06;5.0;1.0;0;1.0;0;0;1.0;0;0;1.0;0;0;1.0;1.0;0;0;0;0;0
1620808;0.91;1.00;46.0;2169.0;18.75;81.0;15.0;0;12.77;14.48;3.63;2.24;2.31;95144.0;46.0;47.0;48.0;4527.0;978.52;39.06;5.0;1.0;0;1.0;0;0;1.0;0;0;1.0;0;0;1.0;1.0;0;0;0;0;0
1621328;0.92;1.00;45.0;2092.0;18.75;81.0;15.0;0;12.71;14.48;4.51;3.69;2.31;95144.0;45.0;45.0;49.0;4507.0;978.68;39.06;5.0;1.0;0;1.0;0;0;1.0;0;0;1.0;0;0;1.0;1.0;0;0;0;0;0
1621858;0.96;1.00;42.0;2011.0;18.75;81.0;14.25;0;12.75;14.39;2.89;8.04;2.31;95144.0;43.0;43.0;48.0;4539.0;978.84;39.06;5.0;1.0;0;1.0;0;0;1.0;0;0;1.0;0;0;1.0;1.0;0;0;0;0;0
1622377;1.07;1.00;41.0;1871.0;18.75;81.0;14.25;0;12.74;14.29;6.07;9.10;2.58;95144.0;41.0;41.0;47.0;4519.0;978.91;859.36;5.0;1.0;0;1.0;1.0;0;1.0;0;0;1.0;0;0;1.0;1.0;0;0;1.0;0;0
1622898;1.09;0.99;40.0;1730.0;18.75;81.0;15.0;0;12.87;14.48;9.25;11.22;2.31;95144.0;39.0;40.0;48.0;4500.0;978.99;878.89;4.0;1.0;0;1.0;0;0;1.0;0;0;1.0;0;0;1.0;1.0;0;0;0;0;0
1623428;1.12;0.98;36.0;1942.0;18.75;81.0;17.25;0.78;9.21;14.58;8.14;7.30;2.31;95144.0;36.0;37.0;48.0;4505.0;979.03;898.42;4.0;1.0;0;1.0;0;0;1.0;0;0;1.0;0;0;1.0;1.0;0;0;0;0;0
1623988;1.12;0.99;32.0;1734.0;18.75;81.0;14.25;0;12.87;14.48;7.36;11.89;2.31;95144.0;33.0;33.0;48.0;4514.0;979.07;859.36;4.0;1.0;0;1.0;0;0;1.0;0;0;1.0;0;0;1.0;1.0;0;0;0;0;0
1624508;1.46;0.97;31.0;1575.0;18.75;81.0;12.0;1.17;10.29;14.48;6.77;9.02;2.31;95144.0;31.0;31.0;48.0;4518.0;979.11;878.89;4.0;1.0;0;1.0;0;0;1.0;0;0;1.0;0;0;1.0;1.0;0;0;0;0;0
1625027;1.40;0.96;31.0;1590.0;18.75;81.0;13.5;1.17;11.37;14.39;4.62;8.53;2.31;95144.0;32.0;31.0;48.0;4515.0;979.11;839.83;3.0;1.0;0;1.0;0;0;1.0;0;0;1.0;0;0;1.0;1.0;0;0;0;0;0
1625558;1.47;0.96;31.0;1942.0;18.75;81.0;16.5;1.56;11.83;14.39;2.96;5.48;2.31;95144.0;31.0;32.0;48.0;4517.0;979.11;136.71;3.0;1.0;0;1.0;0;0;1.0;0;0;1.0;0;0;1.0;1.0;0;0;0;0;0
1626078;1.52;0.97;32.0;1965.0;19.5;81.0;17.25;1.96;12.21;14.58;1.79;5.07;2.31;95144.0;32.0;32.0;48.0;4515.0;979.15;488.27;3.0;1.0;0;1.0;0;0;1.0;0;0;1.0;0;0;1.0;1.0;0;0;0;0;0
1626598;2.08;1.00;31.0;2438.0;19.5;81.75;19.5;3.92;15.26;14.48;16.99;12.01;2.31;95144.0;31.0;31.0;47.0;4455.0;979.15;878.89;2.0;1.0;0;1.0;0;0;1.0;0;0;1.0;0;0;1.0;1.0;0;0;0;0;0
1627118;2.06;0.98;32.0;2518.0;19.5;81.75;25.5;4.31;16.65;14.48;101.14;161.90;2.31;95144.0;32.0;32.0;47.0;4464.0;979.23;859.36;2.0;1.0;0;1.0;0;0;1.0;0;0;1.0;0;0;1.0;1.0;0;0;0;0;0
1627637;2.02;0.95;32.0;2557.0;18.75;81.75;27.0;4.31;17.04;14.48;175.84;225.47;2.31;95144.0;33.0;33.0;47.0;4473.0;979.34;839.83;2.0;1.0;0;1.0;0;0;1.0;0;0;1.0;0;0;1.0;1.0;0;0;0;0;0
1628168;1.90;0.93;35.0;2689.0;18.75;81.75;29.25;4.70;16.44;14.48;234.88;218.73;2.31;95144.0;35.0;35.0;47.0;4503.0;979.42;859.36;2.0;1.0;0;1.0;0;0;1.0;0;0;1.0;0;0;1.0;1.0;0;0;0;0;0
1628687;0.84;1.00;35.0;2389.0;18.75;81.75;15.75;0;12.88;14.48;240.72;243.96;2.31;95144.0;35.0;34.0;49.0;4611.0;979.7;820.30;2.0;1.0;0;1.0;1.0;0;1.0;0;0;1.0;0;0;1.0;1.0;0;0;0;0;0
1629208;1.24;1.00;33.0;1475.0;18.75;81.75;14.25;0;12.66;14.58;187.50;205.31;2.31;95144.0;34.0;34.0;47.0;4515.0;979.77;859.36;2.0;1.0;0;1.0;0;0;1.0;0;0;1.0;0;0;1.0;1.0;0;0;0;0;0
1629727;1.28;0.99;32.0;1459.0;18.75;81.75;15.0;0;12.61;14.39;179.65;207.99;2.31;95144.0;33.0;33.0;46.0;4515.0;979.89;878.89;2.0;1.0;0;1.0;0;0;1.0;0;0;1.0;0;0;1.0;1.0;0;0;0;0;0
1630248;1.73;0.97;31.0;1617.0;18.75;81.75;13.5;1.56;12.85;14.48;222.79;230.74;2.31;95144.0;32.0;32.0;47.0;4554.0;979.81;839.83;2.0;1.0;0;1.0;0;0;1.0;0;0;1.0;0;0;1.0;1.0;0;0;0;0;0
1630768;1.28;0.95;30.0;2450.0;18.75;81.75;18.75;1.96;10.15;14.39;255.78;206.25;2.31;95144.0;30.0;30.0;47.0;4524.0;979.93;898.42;2.0;1.0;0;1.0;0;0;1.0;0;0;1.0;0;0;1.0;1.0;0;0;0;0;0
1631298;1.43;0.94;30.0;2340.0;18.75;82.5;22.5;2.35;11.70;14.48;236.72;171.90;2.31;95144.0;30.0;30.0;47.0;4516.0;979.93;859.36;2.0;1.0;0;1.0;0;0;1.0;0;0;1.0;0;0;1.0;1.0;0;0;0;0;0
1631818;1.44;0.92;28.0;2270.0;18.75;82.5;21.75;2.35;12.32;14.58;257.71;236.91;2.31;95144.0;29.0;29.0;47.0;4528.0;980.05;781.24;2.0;1.0;0;1.0;0;0;1.0;0;0;1.0;0;0;1.0;1.0;0;0;0;0;0
1632338;1.40;0.91;28.0;2284.0;18.75;82.5;22.5;2.35;12.09;14.48;298.41;289.57;2.31;95144.0;29.0;29.0;47.0;4503.0;980.09;664.05;2.0;1.0;0;1.0;0;0;1.0;0;0;1.0;0;0;1.0;1.0;0;0;0;0;0
1632858;1.40;0.91;28.0;2276.0;18.75;82.5;22.5;2.35;12.37;14.48;307.10;314.49;2.31;95144.0;29.0;29.0;47.0;4523.0;980.16;156.24;2.0;1.0;0;1.0;0;0;1.0;0;0;1.0;0;0;1.0;1.0;0;0;0;0;0
1633377;1.44;0.92;28.0;2250.0;18.75;82.5;21.75;2.35;12.36;14.58;331.95;326.42;2.31;95144.0;29.0;29.0;47.0;4513.0;980.05;117.18;2.0;1.0;0;1.0;0;0;1.0;0;0;1.0;0;0;1.0;1.0;0;0;0;0;0
1633908;1.47;0.94;28.0;2242.0;18.75;82.5;21.75;2.35;12.54;14.58;323.26;337.63;2.31;95144.0;29.0;29.0;47.0;4528.0;979.93;800.77;2.0;1.0;0;1.0;0;0;1.0;0;0;1.0;0;0;1.0;1.0;0;0;0;0;0
1634438;1.49;0.93;28.0;2207.0;18.75;82.5;21.0;2.35;12.60;14.39;343.04;323.47;2.31;95144.0;29.0;28.0;47.0;4501.0;980.05;839.83;2.0;1.0;0;1.0;0;0;1.0;0;0;1.0;0;0;1.0;1.0;0;0;0;0;0
1635008;1.45;0.91;28.0;2218.0;18.75;82.5;21.0;2.35;12.55;14.48;341.57;345.40;2.31;95144.0;29.0;28.0;47.0;4519.0;979.89;332.02;2.0;1.0;0;1.0;0;0;1.0;0;0;1.0;0;0;1.0;1.0;0;0;0;0;0
1635587;1.35;0.92;30.0;2308.0;18.75;83.25;21.75;2.35;11.58;14.48;342.73;327.92;2.31;95144.0;30.0;28.0;46.0;4502.0;979.85;839.83;2.0;1.0;0;1.0;0;0;1.0;0;0;1.0;0;0;1.0;1.0;0;0;0;0;0
1636108;1.35;0.90;28.0;2258.0;18.75;83.25;21.75;1.96;11.89;14.48;325.31;343.63;2.31;95144.0;29.0;29.0;46.0;4502.0;979.89;820.30;2.0;1.0;0;1.0;0;0;1.0;0;0;1.0;0;0;1.0;1.0;0;0;0;0;0
1636638;1.14;0.99;28.0;1583.0;18.75;83.25;15.0;0;12.66;14.48;339.78;278.53;2.31;95144.0;29.0;29.0;48.0;4479.0;979.81;781.24;2.0;1.0;0;1.0;0;0;1.0;0;0;1.0;0;0;1.0;1.0;0;0;0;0;0
1637157;1.22;0.97;27.0;1448.0;18.75;83.25;15.0;0;12.54;14.39;247.67;216.72;2.31;95144.0;28.0;27.0;45.0;4499.0;979.85;878.89;2.0;1.0;0;1.0;0;0;1.0;0;0;1.0;0;0;1.0;1.0;0;0;0;0;0
1637678;1.16;0.96;27.0;1476.0;18.75;83.25;15.0;0;12.43;14.58;171.25;142.13;2.31;95144.0;27.0;27.0;45.0;4508.0;979.97;859.36;2.0;1.0;0;1.0;0;0;1.0;0;0;1.0;0;0;1.0;1.0;0;0;0;0;0
1638200;1.17;0.94;26.0;1432.0;18.75;83.25;15.0;0;12.49;14.48;124.81;110.22;2.31;95144.0;27.0;26.0;44.0;4504.0;980.09;839.83;2.0;1.0;0;1.0;0;0;1.0;0;0;1.0;0;0;1.0;1.0;0;0;0;0;0
1638718;1.16;0.93;25.0;1435.0;18.75;83.25;15.0;0;12.51;14.58;90.95;86.96;2.31;95144.0;26.0;25.0;44.0;4527.0;980.12;839.83;2.0;1.0;0;1.0;0;0;1.0;0;0;1.0;0;0;1.0;1.0;0;0;0;0;0
1639248;1.09;0.91;23.0;1510.0;18.75;83.25;15.0;0;12.54;14.48;66.28;69.99;2.31;95144.0;24.0;24.0;47.0;4532.0;980.20;761.70;2.0;1.0;0;1.0;0;0;1.0;0;0;1.0;0;0;1.0;1.0;0;0;0;0;0
1639768;1.20;0.89;23.0;1445.0;18.75;83.25;10.5;0.78;10.46;14.48;71.69;75.38;2.31;95144.0;23.0;23.0;46.0;4476.0;980.12;371.08;2.0;1.0;0;1.0;0;0;1.0;0;0;1.0;0;0;1.0;1.0;0;0;0;0;0
1640288;1.40;0.91;23.0;1811.0;18.75;83.25;11.25;1.56;11.02;14.58;77.78;157.99;2.31;95144.0;23.0;23.0;46.0;4540.0;980.09;19.53;2.0;1.0;0;1.0;0;0;1.0;0;0;1.0;0;0;1.0;1.0;0;0;0;0;0
1640808;1.61;0.92;22.0;1750.0;18.75;84.0;13.5;1.96;13.11;14.58;122.39;199.96;2.31;95144.0;22.0;22.0;46.0;4521.0;980.09;19.53;2.0;1.0;0;1.0;0;0;1.0;0;0;1.0;0;0;1.0;1.0;0;0;0;0;0
1641328;1.63;0.94;22.0;1768.0;18.75;84.0;14.25;1.96;13.12;14.48;170.18;196.80;2.31;95144.0;23.0;22.0;46.0;4521.0;980.09;39.06;2.0;1.0;0;1.0;0;0;1.0;0;0;1.0;0;0;1.0;1.0;0;0;0;0;0
1641857;1.70;0.95;23.0;1829.0;18.75;84.0;15.0;1.96;13.36;14.48;200.00;214.24;2.31;95144.0;24.0;23.0;46.0;4513.0;980.05;39.06;2.0;1.0;0;1.0;0;0;1.0;0;0;1.0;0;0;1.0;1.0;0;0;0;0;0
1642377;1.64;0.97;25.0;1936.0;18.75;84.0;16.5;1.96;13.02;14.48;227.38;205.63;2.31;95144.0;25.0;25.0;46.0;4503.0;980.09;78.12;2.0;1.0;0;1.0;0;0;1.0;0;0;1.0;0;0;1.0;1.0;0;0;0;0;0
1642897;1.69;0.98;25.0;1939.0;18.75;84.0;17.25;2.35;13.38;14.39;213.95;199.16;2.31;95144.0;25.0;25.0;46.0;4515.0;979.97;800.77;2.0;1.0;0;1.0;0;0;1.0;0;0;1.0;0;0;1.0;1.0;0;0;0;0;0
1643417;1.68;0.96;26.0;2060.0;18.75;84.0;18.75;2.35;13.49;14.48;248.94;231.99;2.31;95144.0;26.0;26.0;46.0;4511.0;980.01;859.36;2.0;1.0;0;1.0;0;0;1.0;0;0;1.0;0;0;1.0;1.0;0;0;0;0;0
1643947;1.63;0.95;27.0;2119.0;18.75;84.0;19.5;2.35;13.34;14.48;274.16;277.91;2.31;95144.0;27.0;28.0;46.0;4499.0;980.05;878.89;2.0;1.0;0;1.0;0;0;1.0;0;0;1.0;0;0;1.0;1.0;0;0;0;0;0
1644467;1.61;0.93;28.0;2234.0;18.75;84.0;21.0;2.74;13.61;14.58;300.99;313.98;2.31;95144.0;29.0;29.0;46.0;4504.0;980.16;878.89;2.0;1.0;0;1.0;0;0;1.0;0;0;1.0;0;0;1.0;1.0;0;0;0;0;0
1644987;1.58;0.91;30.0;2316.0;18.75;84.0;22.5;2.74;13.71;14.58;331.22;313.30;2.31;95144.0;30.0;30.0;46.0;4484.0;980.24;859.36;2.0;1.0;0;1.0;0;0;1.0;0;0;1.0;0;0;1.0;1.0;0;0;0;0;0
1645507;1.51;0.89;31.0;2411.0;18.75;84.0;24.0;2.74;13.39;14.58;327.28;343.41;2.31;95144.0;31.0;31.0;46.0;4525.0;980.16;800.77;2.0;1.0;0;1.0;0;0;1.0;0;0;1.0;0;0;1.0;1.0;0;0;0;0;0
1646027;1.42;0.88;32.0;2492.0;18.75;84.0;24.75;2.74;12.95;14.48;323.96;315.89;2.31;95144.0;32.0;32.0;46.0;4468.0;980.16;195.31;2.0;1.0;0;1.0;0;0;1.0;0;0;1.0;0;0;1.0;1.0;0;0;0;0;0
1646557;1.33;0.88;32.0;2504.0;18.75;84.0;25.5;2.35;12.18;14.39;336.26;322.18;2.31;95144.0;32.0;32.0;46.0;4514.0;980.09;800.77;2.0;1.0;0;1.0;0;0;1.0;0;0;1.0;0;0;1.0;1.0;0;0;0;0;0
1647077;1.16;0.86;33.0;2536.0;18.75;84.0;26.25;1.96;10.92;14.48;314.43;313.80;2.31;95144.0;33.0;31.0;46.0;4505.0;980.09;839.83;2.0;1.0;0;1.0;0;0;1.0;0;0;1.0;0;0;1.0;1.0;0;0;0;0;0
1647597;1.15;0.84;32.0;2536.0;18.75;84.0;26.25;1.96;10.92;14.39;278.79;337.32;2.31;95144.0;33.0;32.0;46.0;4506.0;980.12;742.17;2.0;1.0;0;1.0;0;0;1.0;0;0;1.0;0;0;1.0;1.0;0;0;0;0;0
1648167;1.13;0.84;32.0;2547.0;18.75;84.0;26.25;1.96;10.88;14.48;299.94;325.74;2.31;95144.0;33.0;33.0;46.0;4513.0;980.20;78.12;2.0;1.0;0;1.0;0;0;1.0;0;0;1.0;0;0;1.0;1.0;0;0;0;0;0
1648687;1.04;0.86;32.0;2495.0;18.75;84.0;25.5;1.56;10.11;14.48;305.25;288.32;2.31;95144.0;33.0;33.0;46.0;4505.0;980.28;78.12;2.0;1.0;0;1.0;0;0;1.0;0;0;1.0;0;0;1.0;1.0;0;0;0;0;0
1649207;0.84;0.87;32.0;2506.0;18.75;84.0;25.5;0.39;7.85;14.48;345.89;297.73;2.31;95144.0;32.0;32.0;46.0;4524.0;980.24;839.83;2.0;1.0;0;1.0;0;0;1.0;0;0;1.0;0;0;1.0;1.0;0;0;0;0;0
1649727;0.82;1.00;31.0;2412.0;18.75;84.0;16.5;0;12.61;14.58;347.20;282.18;2.31;95144.0;31.0;31.0;46.0;4528.0;980.20;429.68;2.0;1.0;0;1.0;0;0;1.0;0;0;1.0;0;0;1.0;1.0;0;0;0;0;0
1650257;0.84;1.00;30.0;2341.0;18.75;84.0;15.0;0;12.44;14.39;284.63;282.22;2.31;95144.0;30.0;30.0;46.0;4519.0;980.20;58.59;2.0;1.0;0;1.0;0;0;1.0;0;0;1.0;0;0;1.0;1.0;0;0;0;0;0
1650777;0.86;1.00;28.0;2245.0;18.75;83.25;15.75;0;12.48;14.39;251.01;241.60;2.31;95144.0;29.0;29.0;46.0;4528.0;980.16;58.59;2.0;1.0;0;1.0;0;0;1.0;0;0;1.0;0;0;1.0;1.0;0;0;0;0;0
1651297;0.88;1.00;28.0;2203.0;18.75;83.25;15.0;0;12.57;14.39;232.85;251.68;2.31;95144.0;29.0;28.0;46.0;4522.0;980.24;39.06;2.0;1.0;0;1.0;0;0;1.0;0;0;1.0;0;0;1.0;1.0;0;0;0;0;0
1651818;0.93;1.00;27.0;2074.0;18.75;83.25;14.25;0;12.63;14.58;250.86;291.28;2.31;95144.0;27.0;26.0;46.0;4515.0;980.28;39.06;2.0;1.0;0;1.0;0;0;1.0;0;0;1.0;0;0;1.0;1.0;0;0;0;0;0
1652357;0.93;1.00;26.0;2028.0;18.75;83.25;14.25;0;12.55;14.39;188.77;225.10;2.31;95144.0;26.0;26.0;46.0;4518.0;980.32;39.06;2.0;1.0;0;1.0;0;0;1.0;0;0;1.0;0;0;1.0;1.0;0;0;0;0;0
1652907;1.04;1.00;25.0;1913.0;18.75;83.25;12.75;0;12.55;14.48;136.29;222.09;2.31;95144.0;26.0;25.0;48.0;4513.0;980.36;39.06;2.0;1.0;0;1.0;0;0;1.0;0;0;1.0;0;0;1.0;1.0;0;0;0;0;0
1653437;0.97;1.00;25.0;1910.0;18.75;83.25;15.0;0;12.45;14.48;110.89;145.63;2.31;95144.0;25.0;24.0;44.0;4512.0;980.36;58.59;2.0;1.0;0;1.0;0;0;1.0;0;0;1.0;0;0;1.0;1.0;0;0;0;0;0
1653957;1.01;1.00;23.0;1865.0;18.75;83.25;14.25;0;12.55;14.39;80.97;101.80;2.31;95144.0;24.0;24.0;44.0;4514.0;980.36;468.74;2.0;1.0;0;1.0;0;0;1.0;0;0;1.0;0;0;1.0;1.0;0;0;0;0;0
1654477;1.11;0.99;22.0;1728.0;18.75;83.25;15.0;0;12.45;14.48;59.37;70.36;2.31;95144.0;22.0;22.0;46.0;4518.0;980.40;839.83;2.0;1.0;0;1.0;0;0;1.0;0;0;1.0;0;0;1.0;1.0;0;0;0;0;0
1654997;1.09;0.98;20.0;1650.0;18.75;83.25;14.25;0;12.52;14.39;93.35;66.14;2.31;95144.0;21.0;21.0;46.0;4502.0;980.40;898.42;2.0;1.0;0;1.0;0;0;1.0;0;0;1.0;0;0;1.0;1.0;0;0;0;0;0
1655518;1.13;0.96;20.0;1590.0;18.75;83.25;15.75;0;12.53;14.48;142.60;57.14;2.31;95144.0;20.0;20.0;45.0;4491.0;980.40;878.89;2.0;1.0;0;1.0;1.0;0;1.0;0;0;1.0;0;0;1.0;1.0;0;0;1.0;0;0
1656047;1.22;0.95;20.0;1393.0;18.75;83.25;15.0;0;12.51;14.48;135.24;52.88;2.31;95144.0;20.0;19.0;44.0;4485.0;980.40;878.89;2.0;1.0;0;1.0;0;0;1.0;0;0;1.0;0;0;1.0;1.0;0;0;0;0;0
1656568;1.22;0.93;18.0;1414.0;18.75;82.5;15.0;0;12.43;14.39;88.70;42.12;2.31;95144.0;19.0;19.0;44.0;4509.0;980.40;878.89;2.0;1.0;0;1.0;0;0;1.0;0;0;1.0;0;0;1.0;1.0;0;0;0;0;0
1657088;1.21;0.92;18.0;1430.0;18.75;82.5;15.0;0;12.53;14.48;76.32;34.68;2.31;95144.0;19.0;19.0;45.0;4520.0;980.40;839.83;2.0;1.0;0;1.0;0;0;1.0;0;0;1.0;0;0;1.0;1.0;0;0;0;0;0
1657608;1.12;0.90;20.0;1444.0;18.75;82.5;15.0;0;12.50;14.39;62.26;27.04;2.31;95144.0;20.0;20.0;44.0;4509.0;980.40;800.77;2.0;1.0;0;1.0;0;0;1.0;0;0;1.0;0;0;1.0;1.0;0;0;0;0;0
1658138;1.16;0.88;20.0;1369.0;19.5;82.5;15.0;0;12.51;14.58;45.32;19.66;2.31;95144.0;20.0;20.0;45.0;4492.0;980.40;722.64;2.0;1.0;0;1.0;0;0;1.0;0;0;1.0;0;0;1.0;1.0;0;0;0;0;0
1658658;1.15;0.87;21.0;1365.0;19.5;82.5;15.0;0;12.54;14.58;31.28;13.55;2.31;95144.0;21.0;21.0;45.0;4511.0;980.40;195.31;2.0;1.0;0;1.0;0;0;1.0;0;0;1.0;0;0;1.0;1.0;0;0;0;0;0
1659178;1.06;0.89;21.0;1495.0;19.5;82.5;15.75;0;12.64;14.39;24.97;25.48;2.31;95144.0;22.0;21.0;45.0;4536.0;980.40;39.06;2.0;1.0;0;1.0;0;0;1.0;0;0;1.0;0;0;1.0;1.0;0;0;0;0;0
1659698;1.04;0.90;21.0;1608.0;19.5;82.5;14.25;0;12.62;14.48;24.37;21.89;2.31;95144.0;22.0;22.0;45.0;4545.0;980.40;39.06;2.0;1.0;0;1.0;0;0;1.0;0;0;1.0;0;0;1.0;1.0;0;0;0;0;0
1660217;1.09;0.92;21.0;1644.0;19.5;82.5;15.0;0;12.64;14.39;20.72;24.00;2.31;95144.0;22.0;21.0;47.0;4525.0;980.40;58.59;2.0;1.0;0;1.0;0;0;1.0;0;0;1.0;0;0;1.0;1.0;0;0;0;0;0
1660747;1.69;0.93;22.0;1419.0;19.5;82.5;6.75;1.56;11.81;14.39;24.02;55.52;2.31;95144.0;22.0;22.0;47.0;4532.0;980.40;742.17;2.0;1.0;0;1.0;0;0;1.0;0;0;1.0;0;0;1.0;1.0;0;0;0;0;0
1661267;1.80;0.93;22.0;1799.0;19.5;82.5;9.75;2.35;12.51;14.48;124.83;172.52;2.31;95144.0;23.0;23.0;47.0;4536.0;980.40;39.06;2.0;1.0;0;1.0;0;0;1.0;0;0;1.0;0;0;1.0;1.0;0;0;0;0;0
1661787;1.79;0.95;23.0;1906.0;19.5;82.5;14.25;2.35;13.94;14.58;163.30;232.03;2.31;95144.0;24.0;24.0;47.0;4517.0;980.40;39.06;2.0;1.0;0;1.0;0;0;1.0;0;0;1.0;0;0;1.0;1.0;0;0;0;0;0
1662307;1.67;0.96;27.0;2120.0;19.5;82.5;19.5;2.35;13.36;14.58;214.69;282.40;2.31;95144.0;27.0;27.0;47.0;4505.0;980.40;859.36;2.0;1.0;0;1.0;0;0;1.0;0;0;1.0;0;0;1.0;1.0;0;0;0;0;0
1662827;1.60;0.95;27.0;2174.0;19.5;83.25;20.25;2.35;12.62;14.58;271.60;289.27;2.31;95144.0;28.0;28.0;46.0;4503.0;980.40;878.89;2.0;1.0;0;1.0;0;0;1.0;0;0;1.0;0;0;1.0;1.0;0;0;0;0;0
1663357;1.68;0.93;27.0;2161.0;19.5;83.25;19.5;2.74;13.93;14.48;307.44;325.50;2.31;95144.0;28.0;28.0;46.0;4510.0;980.40;820.30;2.0;1.0;0;1.0;0;0;1.0;0;0;1.0;0;0;1.0;1.0;0;0;0;0;0
1663877;1.73;0.92;27.0;2145.0;19.5;83.25;20.25;2.74;14.81;14.48;323.41;330.15;2.31;95144.0;28.0;27.0;46.0;4518.0;980.40;820.30;2.0;1.0;0;1.0;0;0;1.0;0;0;1.0;0;0;1.0;1.0;0;0;0;0;0
1664397;1.77;0.90;27.0;2107.0;19.5;83.25;19.5;3.13;15.20;14.48;314.60;335.74;2.31;95144.0;26.0;27.0;46.0;4505.0;980.40;97.65;2.0;1.0;0;1.0;0;0;1.0;0;0;1.0;0;0;1.0;1.0;0;0;0;0;0
1664917;1.92;0.92;27.0;2130.0;19.5;83.25;19.5;3.52;16.04;14.58;318.08;322.59;2.31;95144.0;27.0;27.0;46.0;4511.0;980.40;58.59;2.0;1.0;0;1.0;0;0;1.0;0;0;1.0;0;0;1.0;1.0;0;0;0;0;0
1665440;2.04;0.94;27.0;2134.0;18.75;83.25;19.5;3.92;16.64;14.58;336.81;324.43;2.31;95144.0;28.0;27.0;46.0;4495.0;980.40;39.06;2.0;1.0;0;1.0;0;0;1.0;0;0;1.0;0;0;1.0;1.0;0;0;0;0;0
1665967;2.06;0.96;27.0;2172.0;18.75;83.25;20.25;3.92;16.70;14.48;335.09;339.56;2.31;95144.0;28.0;28.0;46.0;4504.0;980.40;722.64;2.0;1.0;0;1.0;0;0;1.0;0;0;1.0;0;0;1.0;1.0;0;0;0;0;0
1666487;1.99;0.94;28.0;2234.0;18.75;83.25;21.0;3.92;16.51;14.48;332.26;343.00;2.31;95144.0;28.0;29.0;46.0;4506.0;980.40;820.30;2.0;1.0;0;1.0;0;0;1.0;0;0;1.0;0;0;1.0;1.0;0;0;0;0;0
1667007;1.94;0.92;28.0;2279.0;18.75;83.25;22.5;3.92;16.53;14.39;344.82;351.48;2.31;95144.0;29.0;29.0;46.0;4489.0;980.40;488.27;2.0;1.0;0;1.0;0;0;1.0;0;0;1.0;0;0;1.0;1.0;0;0;0;0;0
1667578;1.96;0.93;28.0;2266.0;18.75;83.25;21.75;3.92;16.44;14.48;353.94;355.17;2.31;95144.0;29.0;29.0;46.0;4514.0;980.40;429.68;2.0;1.0;0;1.0;0;0;1.0;0;0;1.0;0;0;1.0;1.0;0;0;0;0;0
1668097;1.97;0.95;30.0;2303.0;18.75;83.25;21.75;3.92;16.27;14.48;321.63;355.69;2.31;95144.0;30.0;30.0;46.0;4510.0;980.40;781.24;2.0;1.0;0;1.0;0;0;1.0;0;0;1.0;0;0;1.0;1.0;0;0;0;0;0
1668627;1.94;0.92;30.0;2348.0;18.75;83.25;23.25;3.92;16.47;14.48;345.32;353.43;2.31;95145.0;30.0;30.0;46.0;4496.0;980.40;742.17;2.0;1.0;0;1.0;0;0;1.0;0;0;1.0;0;0;1.0;1.0;0;0;0;0;0
1669148;1.92;0.93;30.0;2389.0;18.75;83.25;24.0;3.92;16.34;14.39;305.56;322.51;2.31;95145.0;30.0;31.0;46.0;4512.0;980.40;820.30;2.0;1.0;0;1.0;0;0;1.0;0;0;1.0;0;0;1.0;1.0;0;0;0;0;0
1669757;1.86;0.90;31.0;2431.0;18.75;83.25;24.75;3.92;16.40;14.29;330.09;214.59;2.58;95145.0;31.0;31.0;46.0;4518.0;980.40;175.77;2.0;1.0;0;1.0;0;0;1.0;0;0;1.0;0;0;1.0;1.0;0;0;0;0;0
1670288;1.89;0.92;31.0;2476.0;18.75;83.25;24.75;4.31;16.27;14.48;295.02;251.95;2.31;95145.0;32.0;32.0;46.0;4511.0;980.40;39.06;2.0;1.0;0;1.0;0;0;1.0;0;0;1.0;0;0;1.0;1.0;0;0;0;0;0
1670808;1.94;0.95;32.0;2543.0;18.75;83.25;26.25;4.31;16.33;14.48;303.28;223.50;2.31;95145.0;33.0;33.0;46.0;4490.0;980.40;781.24;2.0;1.0;0;1.0;0;0;1.0;0;0;1.0;0;0;1.0;1.0;0;0;0;0;0
1671328;1.92;0.93;33.0;2604.0;18.75;83.25;27.0;4.31;16.33;14.48;308.69;227.79;2.31;95145.0;34.0;33.0;46.0;4489.0;980.40;703.11;2.0;1.0;0;1.0;0;0;1.0;0;0;1.0;0;0;1.0;1.0;0;0;0;0;0
1671848;1.84;0.93;33.0;2663.0;18.75;83.25;27.75;4.31;15.81;14.39;304.10;200.49;2.31;95145.0;34.0;34.0;46.0;4512.0;980.40;820.30;2.0;1.0;0;1.0;0;0;1.0;0;0;1.0;0;0;1.0;1.0;0;0;0;0;0
1672378;1.75;0.91;35.0;2670.0;18.75;83.25;28.5;4.31;15.49;14.48;286.29;227.44;2.31;95145.0;35.0;34.0;46.0;4513.0;980.40;820.30;2.0;1.0;0;1.0;0;0;1.0;0;0;1.0;0;0;1.0;1.0;0;0;0;0;0
1672898;1.67;0.89;35.0;2753.0;18.75;83.25;30.0;4.31;15.24;14.48;321.11;275.82;2.31;95145.0;35.0;35.0;46.0;4522.0;980.40;820.30;2.0;1.0;0;1.0;0;0;1.0;0;0;1.0;0;0;1.0;1.0;0;0;0;0;0
1673417;1.60;0.86;35.0;2815.0;18.75;83.25;31.5;3.92;15.21;14.48;339.45;290.29;2.31;95145.0;36.0;36.0;46.0;4514.0;980.40;566.39;2.0;1.0;0;1.0;0;0;1.0;0;0;1.0;0;0;1.0;1.0;0;0;0;0;0
1673938;1.67;0.87;36.0;2787.0;18.75;83.25;31.5;4.31;15.65;14.48;330.93;332.90;2.31;95145.0;36.0;35.0;46.0;4523.0;980.40;175.77;2.0;1.0;0;1.0;0;0;1.0;0;0;1.0;0;0;1.0;1.0;0;0;0;0;0
1674467;1.68;0.87;37.0;2852.0;18.75;83.25;32.25;4.31;15.66;14.48;341.48;342.41;2.31;95145.0;37.0;37.0;46.0;4566.0;980.40;742.17;2.0;1.0;0;1.0;0;0;1.0;0;0;1.0;0;0;1.0;1.0;0;0;0;0;0
1674988;1.13;1.00;36.0;1650.0;18.75;83.25;15.75;0;12.62;14.58;327.81;288.04;2.31;95145.0;36.0;36.0;44.0;4573.0;980.40;58.59;3.0;1.0;0;1.0;0;0;1.0;0;0;1.0;0;0;1.0;1.0;0;0;0;0;0
1675507;0.89;1.00;35.0;2172.0;18.75;83.25;15.0;0;12.72;14.48;284.61;207.54;2.31;95145.0;35.0;35.0;47.0;4514.0;980.40;878.89;3.0;1.0;0;1.0;0;0;1.0;0;0;1.0;0;0;1.0;1.0;0;0;0;0;0
1676028;0.93;1.00;32.0;2075.0;18.75;83.25;14.25;0;12.63;14.48;252.28;180.06;2.31;95145.0;33.0;33.0;44.0;4521.0;980.40;664.05;3.0;1.0;0;1.0;0;0;1.0;0;0;1.0;0;0;1.0;1.0;0;0;0;0;0
1676558;2.78;0.99;32.0;1961.0;18.75;83.25;-2.25;5.09;12.28;14.48;225.04;133.68;2.31;95145.0;32.0;32.0;46.0;4527.0;980.40;859.36;3.0;1.0;0;1.0;0;0;1.0;0;0;1.0;0;0;1.0;1.0;0;0;0;0;0
1677078;1.0;1.00;31.0;1813.0;18.75;83.25;15.0;0;12.57;14.48;212.87;160.43;2.31;95145.0;32.0;32.0;45.0;4498.0;980.40;39.06;3.0;1.0;0;1.0;0;0;1.0;0;0;1.0;0;0;1.0;1.0;0;0;0;0;0
1677597;1.23;1.00;31.0;1461.0;18.75;83.25;14.25;0;12.58;14.48;162.91;124.23;2.31;95145.0;31.0;31.0;46.0;4480.0;980.40;898.42;3.0;1.0;0;1.0;0;0;1.0;0;0;1.0;0;0;1.0;1.0;0;0;0;0;0
1678118;0.99;1.00;30.0;1909.0;18.75;83.25;14.25;0;12.64;14.39;125.96;121.76;2.31;95145.0;30.0;30.0;44.0;4525.0;980.40;859.36;3.0;1.0;0;1.0;0;0;1.0;0;0;1.0;0;0;1.0;1.0;0;0;0;0;0
1678648;1.07;0.99;28.0;1771.0;18.75;83.25;13.5;0;12.55;14.58;92.06;110.24;2.31;95145.0;29.0;28.0;46.0;4518.0;980.40;878.89;3.0;1.0;0;1.0;0;0;1.0;0;0;1.0;0;0;1.0;1.0;0;0;0;0;0
1679207;1.15;0.97;27.0;1681.0;18.75;83.25;14.25;0;12.62;14.48;84.40;160.08;2.31;95145.0;27.0;27.0;46.0;4516.0;980.40;878.89;3.0;1.0;0;1.0;0;0;1.0;0;0;1.0;0;0;1.0;1.0;0;0;0;0;0
1679738;2.68;1.00;26.0;2048.0;18.75;83.25;-2.25;5.09;11.69;14.48;116.51;237.64;2.31;95145.0;27.0;27.0;46.0;4541.0;980.40;859.36;3.0;1.0;0;1.0;0;0;1.0;0;0;1.0;0;0;1.0;1.0;0;0;0;0;0
1680258;2.84;0.97;27.0;1728.0;18.75;83.25;4.5;5.09;17.00;14.48;132.25;277.07;2.31;95145.0;27.0;28.0;46.0;4525.0;980.40;800.77;3.0;1.0;0;1.0;0;0;1.0;0;0;1.0;0;0;1.0;1.0;0;0;0;0;0
1680778;2.86;0.95;28.0;1775.0;18.75;83.25;11.25;5.09;20.03;14.48;133.46;303.73;2.31;95145.0;29.0;29.0;46.0;4518.0;980.40;312.49;3.0;1.0;0;1.0;0;0;1.0;0;0;1.0;0;0;1.0;1.0;0;0;0;0;0
1681298;2.76;0.96;30.0;1856.0;18.75;83.25;15.75;5.09;20.63;14.39;125.67;322.77;2.31;95145.0;30.0;31.0;46.0;4499.0;980.40;507.80;3.0;1.0;0;1.0;0;0;1.0;0;0;1.0;0;0;1.0;1.0;0;0;0;0;0
1681828;2.60;0.97;31.0;1978.0;18.75;83.25;17.25;5.09;19.91;14.48;164.61;330.72;2.31;95145.0;32.0;32.0;46.0;4506.0;980.40;117.18;3.0;1.0;0;1.0;0;0;1.0;0;0;1.0;0;0;1.0;1.0;0;0;0;0;0
1682347;2.57;0.98;33.0;2048.0;18.75;83.25;18.75;4.70;19.94;14.48;241.00;344.95;2.31;95145.0;33.0;33.0;46.0;4499.0;980.40;839.83;3.0;1.0;0;1.0;0;0;1.0;0;0;1.0;0;0;1.0;1.0;0;0;0;0;0
1682867;2.38;0.97;35.0;2106.0;18.75;83.25;19.5;4.70;18.58;14.48;219.77;332.10;2.31;95145.0;35.0;34.0;46.0;4507.0;980.40;800.77;3.0;1.0;0;1.0;0;0;1.0;0;0;1.0;0;0;1.0;1.0;0;0;0;0;0
1683387;1.46;1.00;35.0;2173.0;18.75;83.25;20.25;1.96;12.15;14.48;198.05;269.39;2.31;95145.0;35.0;35.0;46.0;4508.0;980.40;859.36;3.0;1.0;0;1.0;0;0;1.0;0;0;1.0;0;0;1.0;1.0;0;0;0;0;0
1683917;0.86;1.00;33.0;2071.0;18.75;83.25;15.0;0;12.61;14.48;189.67;282.24;2.31;95145.0;34.0;34.0;44.0;4503.0;980.40;878.89;3.0;1.0;0;1.0;0;0;1.0;0;0;1.0;0;0;1.0;1.0;0;0;0;0;0
1684438;1.01;1.00;32.0;1940.0;18.75;83.25;13.5;0;12.69;14.48;212.01;281.50;2.31;95145.0;33.0;32.0;46.0;4516.0;980.40;644.52;3.0;1.0;0;1.0;0;0;1.0;0;0;1.0;0;0;1.0;1.0;0;0;0;0;0
1684967;0.99;1.00;31.0;1885.0;18.75;83.25;15.0;0;12.43;14.48;215.35;288.92;2.31;95145.0;31.0;31.0;46.0;4510.0;980.32;58.59;3.0;1.0;0;1.0;0;0;1.0;0;0;1.0;0;0;1.0;1.0;0;0;0;0;0
1685527;1.06;0.99;28.0;1750.0;18.75;83.25;15.0;0;12.50;14.58;156.29;240.33;2.31;95145.0;29.0;28.0;45.0;4511.0;980.32;859.36;3.0;1.0;0;1.0;0;0;1.0;0;0;1.0;0;0;1.0;1.0;0;0;0;0;0
1686057;1.30;0.98;25.0;1566.0;18.75;83.25;14.25;0;12.62;14.58;117.80;172.84;2.31;95145.0;25.0;25.0;48.0;4479.0;980.36;878.89;3.0;1.0;0;1.0;0;0;1.0;0;0;1.0;0;0;1.0;1.0;0;0;0;0;0
1686582;1.28;0.96;22.0;1456.0;18.75;83.25;15.0;0;12.56;14.48;125.73;166.39;2.31;95145.0;23.0;23.0;46.0;4474.0;980.36;878.89;3.0;1.0;0;1.0;0;0;1.0;0;0;1.0;0;0;1.0;1.0;0;0;0;0;0
1687237;1.21;0.95;20.0;1398.0;18.75;83.25;15.0;0;12.43;14.48;108.19;127.64;2.31;95145.0;20.0;19.0;44.0;4492.0;980.40;859.36;3.0;1.0;0;1.0;0;0;1.0;0;0;1.0;0;0;1.0;1.0;0;0;0;0;0
1687757;1.21;0.93;16.0;1316.0;18.75;83.25;14.25;0;12.43;14.39;90.38;93.00;2.31;95145.0;16.0;16.0;45.0;4505.0;980.40;781.24;3.0;1.0;0;1.0;0;0;1.0;0;0;1.0;0;0;1.0;1.0;0;0;0;0;0
1688277;1.16;0.91;13.0;1411.0;18.75;83.25;15.0;0;12.53;14.48;69.40;74.76;2.31;95145.0;14.0;14.0;45.0;4519.0;980.40;97.65;3.0;1.0;0;1.0;1.0;0;1.0;0;0;1.0;0;0;1.0;1.0;0;0;1.0;0;0
1688818;1.27;0.93;12.0;1354.0;18.75;83.25;15.0;0;12.49;14.48;56.85;57.41;2.31;95145.0;12.0;12.0;45.0;4528.0;980.40;97.65;2.0;1.0;0;1.0;0;0;1.0;0;0;1.0;0;0;1.0;1.0;0;0;0;0;0
1689418;1.32;0.93;11.0;1305.0;18.75;83.25;13.5;0;12.31;14.39;39.27;41.89;2.31;95145.0;11.0;11.0;46.0;4502.0;980.40;722.64;2.0;1.0;0;1.0;0;0;1.0;0;0;1.0;0;0;1.0;1.0;0;0;0;0;0
1689987;1.24;0.92;10.0;1279.0;18.75;83.25;13.5;0;12.37;14.48;30.91;111.30;2.31;95145.0;10.0;10.0;46.0;4509.0;980.32;58.59;1.0;1.0;0;1.0;0;0;1.0;0;0;1.0;0;0;1.0;1.0;0;0;0;0;0
1690637;1.28;0.94;8.0;1259.0;18.75;84.0;14.25;0;12.48;14.48;33.66;125.59;2.31;95145.0;9.0;9.0;45.0;4508.0;980.36;39.06;1.0;1.0;0;1.0;0;0;1.0;0;0;1.0;0;0;1.0;1.0;0;0;0;0;0
1691237;2.10;1.00;7.0;1387.0;18.75;84.0;5.25;1.96;12.93;14.48;30.15;90.58;2.31;95145.0;8.0;8.0;48.0;4566.0;980.28;78.12;1.0;1.0;0;1.0;0;0;1.0;0;0;1.0;0;0;1.0;1.0;0;0;0;0;0
1691917;2.37;1.00;8.0;1788.0;18.75;84.0;10.5;3.13;15.44;14.48;59.58;130.94;2.31;95145.0;8.0;8.0;46.0;4518.0;980.32;859.36;1.0;1.0;0;1.0;0;0;1.0;0;0;1.0;0;0;1.0;1.0;0;0;0;0;0
1692437;1.35;0.98;6.0;1343.0;18.75;84.0;12.75;0.39;12.61;14.58;94.99;136.20;2.31;95145.0;6.0;6.0;46.0;4458.0;980.36;898.42;1.0;1.0;0;1.0;0;0;1.0;0;0;1.0;0;0;1.0;1.0;0;0;0;0;0
1693027;1.43;0.97;6.0;1563.0;18.75;84.0;13.5;1.17;11.43;14.48;81.92;180.30;2.31;95145.0;6.0;6.0;46.0;4519.0;980.28;253.90;1.0;1.0;0;1.0;0;0;1.0;0;0;1.0;0;0;1.0;1.0;0;0;0;0;0
1693577;1.21;0.98;6.0;1468.0;18.75;84.0;14.25;0;12.53;14.58;67.96;124.64;2.31;95145.0;6.0;6.0;47.0;4467.0;980.32;58.59;1.0;1.0;0;1.0;0;0;1.0;0;0;1.0;0;0;1.0;1.0;0;0;0;0;0
1694147;1.36;0.98;6.0;1283.0;18.75;84.0;12.75;0;11.98;14.48;53.25;92.45;2.31;95145.0;6.0;6.0;43.0;4491.0;980.36;878.89;1.0;1.0;0;1.0;0;0;1.0;0;0;1.0;0;0;1.0;1.0;0;0;0;0;0
1694717;1.40;0.96;6.0;1272.0;18.75;84.0;13.5;0;12.11;14.48;52.78;86.45;2.31;95145.0;6.0;5.0;42.0;4506.0;980.36;859.36;1.0;1.0;0;1.0;0;0;1.0;0;0;1.0;0;0;1.0;1.0;0;0;0;0;0
1695237;1.17;0.94;5.0;1422.0;18.75;84.0;15.0;0;12.50;14.48;59.31;79.05;2.31;95145.0;5.0;4.0;45.0;4520.0;980.36;859.36;1.0;1.0;0;1.0;0;0;1.0;0;0;1.0;0;0;1.0;1.0;0;0;0;0;0
1695758;1.31;0.93;0;1327.0;18.75;84.0;11.25;0;11.66;14.48;46.79;57.59;2.31;95145.0;0;0;44.0;4504.0;980.40;859.36;1.0;1.0;0;1.0;0;0;1.0;0;0;1.0;0;0;1.0;1.0;0;0;0;0;0
1696288;1.32;0.91;0;1219.0;18.75;84.0;17.25;0;12.82;14.48;42.49;58.55;2.31;95145.0;0;0;43.0;4510.0;980.40;683.58;1.0;1.0;0;1.0;0;0;1.0;0;0;1.0;0;0;1.0;1.0;0;0;0;0;0
1696808;1.24;0.91;0;1209.0;18.75;84.0;18.0;0;12.94;14.58;44.48;53.96;2.31;95145.0;0;0;43.0;4503.0;980.40;39.06;1.0;1.0;0;1.0;0;0;1.0;0;0;1.0;0;0;1.0;1.0;0;0;0;0;0
1697327;1.18;0.93;0;1257.0;18.75;84.0;14.25;0;12.21;14.39;47.69;79.50;2.31;95145.0;0;0;42.0;4514.0;980.40;39.06;1.0;1.0;0;1.0;1.0;0;1.0;0;0;1.0;0;0;1.0;1.0;0;0;1.0;0;0
1697847;1.16;0.95;0;1284.0;18.75;84.0;12.75;0;11.88;14.58;70.50;145.71;2.31;95145.0;0;0;42.0;4521.0;980.40;39.06;1.0;1.0;0;1.0;1.0;0;1.0;0;0;1.0;0;0;1.0;1.0;0;0;1.0;0;0
1698378;1.18;0.96;0;1276.0;18.75;84.75;12.0;0;11.69;14.58;102.22;156.08;2.31;95145.0;0;0;41.0;4516.0;980.40;39.06;1.0;1.0;0;1.0;1.0;0;1.0;0;0;1.0;0;0;1.0;1.0;0;0;1.0;0;0
1698918;1.21;0.98;0;1260.0;18.75;84.75;13.5;0;11.94;14.48;74.46;113.74;2.31;95145.0;0;0;41.0;4524.0;980.40;39.06;1.0;1.0;0;1.0;1.0;0;1.0;0;0;1.0;0;0;1.0;1.0;0;0;1.0;0;0
1699437;1.21;0.99;0;1269.0;18.75;84.75;12.75;0;11.73;14.39;58.33;87.37;2.31;95145.0;0;0;40.0;4528.0;980.40;58.59;1.0;1.0;0;1.0;1.0;0;1.0;0;0;1.0;0;0;1.0;1.0;0;0;1.0;0;0
1699968;1.29;1.01;0;1222.0;18.75;84.75;16.5;0;12.34;14.58;44.78;73.74;2.31;95145.0;0;0;40.0;4496.0;980.40;58.59;1.0;1.0;0;1.0;1.0;0;1.0;0;0;1.0;0;0;1.0;1.0;0;0;1.0;0;0
1700488;1.31;1.03;0;1204.0;18.75;84.75;17.25;0;12.43;14.48;34.37;56.63;2.31;95145.0;0;0;39.0;4519.0;980.40;605.46;1.0;1.0;0;1.0;1.0;0;1.0;0;0;1.0;0;0;1.0;1.0;0;0;1.0;0;0
1701008;1.24;1.01;0;1237.0;18.75;84.75;15.0;0;11.96;14.48;37.51;49.60;2.31;95145.0;0;0;39.0;4503.0;980.32;546.86;1.0;1.0;0;1.0;0;0;1.0;0;0;1.0;0;0;1.0;1.0;0;0;1.0;0;0
1701528;1.30;1.00;0;1216.0;18.75;84.75;17.25;0;12.30;14.48;50.62;40.40;2.31;95145.0;0;0;39.0;4510.0;980.36;78.12;0;1.0;0;1.0;0;0;1.0;0;0;1.0;0;0;1.0;1.0;0;0;1.0;0;0
1702058;1.25;1.01;0;1264.0;18.75;84.75;12.75;0;11.49;14.48;135.92;96.24;2.31;95145.0;0;0;38.0;4532.0;980.36;839.83;0;0;1.0;0;0;0;1.0;0;0;1.0;0;0;1.0;1.0;0;0;1.0;0;0
1702578;1.2;0.99;0;1257.0;18.75;84.75;14.25;0;11.74;14.39;189.06;135.38;2.31;95145.0;0;0;39.0;4510.0;980.36;839.83;0;0;1.0;0;0;0;1.0;0;0;1.0;0;0;1.0;1.0;0;0;1.0;0;0
1703097;1.25;0.97;0;1262.0;18.75;84.75;13.5;0;11.60;14.48;229.90;120.91;2.31;95145.0;0;0;39.0;4503.0;980.40;664.05;0;0;1.0;0;0;0;1.0;0;0;1.0;0;0;1.0;1.0;0;0;1.0;0;0
1703618;1.16;0.96;0;1265.0;18.75;84.75;12.75;0;11.46;14.39;230.08;141.88;2.31;95145.0;0;0;39.0;4510.0;980.32;117.18;0;0;1.0;0;0;0;1.0;0;0;1.0;0;0;1.0;1.0;0;0;1.0;0;0
1704148;1.15;0.97;0;1302.0;18.75;84.75;12.0;0;11.34;14.48;214.28;167.86;2.31;95145.0;0;0;38.0;4501.0;980.36;39.06;0;0;1.0;0;0;0;1.0;0;0;1.0;0;0;1.0;1.0;0;0;1.0;0;0
1704668;1.26;0.99;0;1284.0;18.75;84.75;12.0;0;11.36;14.39;229.26;152.62;2.31;95145.0;0;0;39.0;4506.0;980.36;97.65;0;0;1.0;0;0;0;1.0;0;0;1.0;0;0;1.0;1.0;0;0;1.0;0;0
1705187;1.26;1.01;0;1195.0;18.75;84.75;18.0;0;12.37;14.58;229.71;176.27;2.31;95145.0;0;0;39.0;4507.0;980.32;273.43;0;0;1.0;0;0;0;1.0;0;0;1.0;0;0;1.0;1.0;0;0;1.0;0;0
1705708;1.22;1.02;0;1269.0;18.75;84.75;13.5;0;11.62;14.48;196.74;174.09;2.31;95145.0;0;0;40.0;4504.0;980.36;117.18;0;0;1.0;0;0;0;1.0;0;0;1.0;0;0;1.0;1.0;0;0;1.0;0;0
1706237;1.36;1.04;0;1178.0;19.5;84.75;19.5;0;11.74;14.48;182.35;188.89;2.31;95145.0;0;0;38.0;4517.0;980.36;97.65;0;0;1.0;0;0;0;1.0;0;0;1.0;0;0;1.0;1.0;0;0;1.0;0;0
1706759;1.36;1.04;0;1193.0;19.5;84.75;18.0;0;12.37;14.48;196.99;187.80;2.31;95145.0;0;0;39.0;4514.0;980.24;781.24;0;0;1.0;0;0;0;1.0;0;0;1.0;0;0;1.0;1.0;0;0;1.0;0;0
1707278;1.21;1.02;0;1273.0;19.5;84.75;12.75;0;11.46;14.48;200.45;176.62;2.31;95145.0;0;0;39.0;4510.0;980.20;820.30;0;0;1.0;0;0;1.0;1.0;0;0;1.0;0;0;1.0;1.0;0;1.0;0;0;0
1707798;1.68;1.00;0;646.0;19.5;84.75;12.0;0;12.33;13.35;238.63;220.35;3.07;95145.0;0;0;66.0;4587.0;980.24;175.77;0;0;1.0;0;0;1.0;0;0;0;0;0;0;0;0;0;1.0;0;0;0
1708327;1.68;1.00;0;0;19.5;85.5;12.0;0;60.29;13.06;226.39;220.35;3.24;95145.0;0;0;116.0;4603.0;980.24;78.12;0;0;1.0;0;0;1.0;0;0;0;0;0;0;0;0;0;1.0;0;0;0
1708848;1.68;1.00;0;0;19.5;85.5;12.0;0;60.29;13.06;226.39;220.35;3.24;95145.0;0;0;116.0;4604.0;980.28;78.12;0;0;1.0;0;0;1.0;0;0;0;0;0;0;0;0;0;1.0;0;0;0
1709368;1.68;1.00;0;0;19.5;85.5;12.0;0;60.29;12.97;226.39;220.35;3.24;95145.0;0;0;116.0;4605.0;980.32;97.65;0;0;1.0;0;0;1.0;0;0;0;0;0;0;0;0;0;1.0;0;0;0
1709887;1.68;1.00;0;0;19.5;85.5;12.0;0;60.29;12.97;226.39;220.35;3.24;95145.0;0;0;116.0;4604.0;980.32;97.65;0;0;1.0;0;0;1.0;0;0;0;0;0;0;0;0;0;1.0;0;0;0
1710418;1.68;1.00;0;0;19.5;85.5;12.0;0;60.29;12.97;226.39;220.35;3.24;95145.0;0;0;116.0;4604.0;980.20;97.65;0;0;1.0;0;0;1.0;0;0;0;0;0;0;0;0;0;1.0;0;0;0
1710938;1.68;1.00;0;0;19.5;85.5;12.0;0;60.29;12.97;226.39;220.35;3.24;95145.0;0;0;116.0;4605.0;980.20;97.65;0;0;1.0;0;0;1.0;0;0;0;0;0;0;0;0;0;1.0;0;0;0
1711458;1.68;1.00;0;0;19.5;85.5;12.0;0;60.29;13.06;226.39;220.35;3.24;95145.0;0;0;116.0;4606.0;980.20;97.65;0;0;1.0;0;0;1.0;0;0;0;0;0;0;0;0;0;1.0;0;0;0
1711978;1.68;1.00;0;0;19.5;85.5;12.0;0;60.29;13.06;226.39;220.35;3.24;95145.0;0;0;116.0;4607.0;980.24;117.18;0;0;1.0;0;0;1.0;0;0;0;0;0;0;0;0;0;1.0;0;0;0
1712508;1.68;1.00;0;0;19.5;85.5;12.0;0;60.29;13.06;226.39;220.35;3.24;95145.0;0;0;116.0;4607.0;980.32;117.18;0;0;1.0;0;0;1.0;0;0;0;0;0;0;0;0;0;1.0;0;0;0
1713027;1.68;1.00;0;0;19.5;85.5;12.0;0;60.29;13.06;226.39;220.35;3.24;95145.0;0;0;116.0;4610.0;980.32;117.18;0;0;1.0;0;0;1.0;0;0;0;0;0;0;0;0;0;1.0;0;0;0
1713548;1.68;1.00;0;0;19.5;85.5;12.0;0;60.29;13.06;226.39;220.35;3.24;95145.0;0;0;116.0;4610.0;980.36;117.18;0;0;1.0;0;0;1.0;0;0;0;0;0;0;0;0;0;1.0;0;0;0
1714068;1.68;1.00;0;0;19.5;85.5;12.0;0;60.29;12.97;226.39;220.35;3.24;95145.0;0;0;116.0;4610.0;980.28;117.18;0;0;1.0;0;0;1.0;0;0;0;0;0;0;0;0;0;1.0;0;0;0
1714598;1.68;1.00;0;0;19.5;85.5;12.0;0;60.29;12.97;226.39;220.35;3.24;95145.0;0;0;116.0;4610.0;980.32;117.18;0;0;1.0;0;0;1.0;0;0;0;0;0;0;0;0;0;1.0;0;0;0
1715118;1.68;1.00;0;0;19.5;85.5;12.0;0;60.29;12.97;226.39;220.35;3.24;95145.0;0;0;116.0;4610.0;980.36;117.18;0;0;1.0;0;0;1.0;0;0;0;0;0;0;0;0;0;1.0;0;0;0
1715638;1.68;1.00;0;0;19.5;85.5;12.0;0;60.29;12.97;226.39;220.35;3.24;95145.0;0;0;116.0;4610.0;980.36;117.18;0;0;1.0;0;0;1.0;0;0;0;0;0;0;0;0;0;1.0;0;0;0
1716168;1.68;1.00;0;0;19.5;85.5;12.0;0;60.29;12.97;226.39;220.35;3.24;95145.0;0;0;116.0;4610.0;980.28;117.18;0;0;1.0;0;0;1.0;0;0;0;0;0;0;0;0;0;1.0;0;0;0
1716738;1.68;1.00;0;0;19.5;85.5;12.0;0;60.29;12.97;226.39;220.35;3.24;95145.0;0;0;116.0;4611.0;980.28;117.18;0;0;1.0;0;0;1.0;0;0;0;0;0;0;0;0;0;1.0;0;0;0
1717257;1.68;1.00;0;0;19.5;85.5;12.0;0;60.29;12.97;226.39;220.35;3.24;95145.0;0;0;116.0;4615.0;980.32;117.18;0;0;1.0;0;0;1.0;0;0;0;0;0;0;0;0;0;1.0;0;0;0
1717778;1.68;1.00;0;0;19.5;85.5;12.0;0;60.29;12.97;226.39;220.35;3.24;95145.0;0;0;116.0;4616.0;980.32;136.71;0;0;1.0;0;0;1.0;0;0;0;0;0;0;0;0;0;1.0;0;0;0
1718368;1.68;1.00;0;0;19.5;85.5;12.0;0;60.29;12.97;226.39;220.35;3.24;95145.0;0;0;116.0;4616.0;980.36;136.71;0;0;1.0;0;0;1.0;0;0;0;0;0;0;0;0;0;1.0;0;0;0
1718898;1.68;1.00;0;0;19.5;85.5;12.0;0;60.29;12.97;226.39;220.35;3.24;95145.0;0;0;116.0;4616.0;980.32;136.71;0;0;1.0;0;0;1.0;0;0;0;0;0;0;0;0;0;1.0;0;0;0
1719428;1.68;1.00;0;0;19.5;85.5;12.0;0;60.29;12.97;226.39;220.35;3.24;95145.0;0;0;116.0;4616.0;980.28;136.71;0;0;1.0;0;0;1.0;0;0;0;0;0;0;0;0;0;1.0;0;0;0
1719938;1.68;1.00;0;0;19.5;85.5;12.0;0;60.29;12.97;226.39;220.35;3.24;95145.0;0;0;116.0;4616.0;980.32;136.71;0;0;1.0;0;0;1.0;0;0;0;0;0;0;0;0;0;1.0;0;0;0
1720467;1.68;1.00;0;0;19.5;86.25;12.0;0;60.29;12.97;226.39;220.35;3.24;95145.0;0;0;116.0;4617.0;980.28;136.71;0;0;1.0;0;0;1.0;0;0;0;0;0;0;0;0;0;1.0;0;0;0
1720990;1.68;1.00;0;0;19.5;86.25;12.0;0;60.29;12.97;226.39;220.35;3.24;95145.0;0;0;116.0;4619.0;980.32;136.71;0;0;1.0;0;0;1.0;0;0;0;0;0;0;0;0;0;1.0;0;0;0
1721508;1.68;1.00;0;0;19.5;86.25;12.0;0;60.29;12.87;226.39;220.35;3.24;95145.0;0;0;116.0;4621.0;980.28;136.71;0;0;1.0;0;0;1.0;0;0;0;0;0;0;0;0;0;1.0;0;0;0
1722038;1.68;1.00;0;0;19.5;86.25;12.0;0;60.29;12.87;226.39;220.35;3.24;95145.0;0;0;116.0;4621.0;980.20;136.71;0;0;1.0;0;0;1.0;0;0;0;0;0;0;0;0;0;1.0;0;0;0
