##;##
#2012-06-08 10:42:56
#GS-911 Android V1.1
#F800GS
#BMS-KP2
Time (ms);Injection time( ms);Lambda control factor;Speed( km/h);RPM;Intake air temperature( °C);Engine temperature( °C);Ignition angle( °KW);Throttle valve position (TPS)( %);Engine load( %);Battery voltage( V);Knock sensor 1( V);Knock sensor 2( V);Ignition dwell time( ms);Odometer( km);Front wheel speed( km/h);Rear wheel speed( km/h);Idle actuator position( steps);Fuel pressure( mbar);Ambient air pressure( mbar);Lambda sensor voltage( mV);Gear position;Sidestand switch 1;Sidestand switch 2;Sidestand switch calculated;Clutch switch;Kill switch;Oil pressure switch;Start switch;Tank venting valve (US only);Secondary air valve;Engine over-temperature light;Actuation of starter relay;Lambda sensor heating;Fuel pump;Fan motor;Engine safety cut-out (of BMSK);Starter function (of BMSK);Starter safety cut-out (of BMSK);Engine warning light (MIL)
88;1.68;1.02;0;1318.0;33.75;69.75;15.0;0;13.94;14.20;33.61;77.90;2.58;80765.0;0;0;63.0;4522.0;974.19;820.30;0;1.0;0;1.0;0;0;1.0;0;0;1.0;0;0;1.0;1.0;0;0;1.0;0;0
655;1.46;1.00;0;1316.0;33.75;69.75;15.0;0;13.90;14.20;51.65;71.65;2.58;80765.0;0;0;60.0;4508.0;974.19;878.89;0;1.0;0;1.0;0;0;1.0;0;0;1.0;0;0;1.0;1.0;0;0;1.0;0;0
1176;1.56;0.98;0;1334.0;33.75;69.75;15.0;0;13.77;14.20;37.61;49.48;2.58;80765.0;0;0;61.0;4513.0;974.19;781.24;0;1.0;0;1.0;0;0;1.0;0;0;1.0;0;0;0;1.0;0;0;1.0;0;0
1736;1.43;0.97;0;1337.0;33.75;69.75;15.0;0;13.80;14.20;29.74;38.00;2.58;80765.0;0;0;61.0;4508.0;974.19;156.24;0;1.0;0;1.0;0;0;1.0;0;0;1.0;0;0;1.0;1.0;0;0;1.0;0;0
2305;1.59;0.98;0;1304.0;33.75;69.75;18.0;0;14.42;14.20;74.23;28.24;2.58;80765.0;0;0;62.0;4511.0;974.19;58.59;0;1.0;0;1.0;0;0;1.0;0;0;1.0;0;0;1.0;1.0;0;0;1.0;0;0
2876;1.60;1.00;0;1339.0;33.75;69.75;15.0;0;13.88;14.11;73.17;86.49;2.58;80765.0;0;0;62.0;4516.0;974.19;97.65;0;1.0;0;1.0;0;0;1.0;0;0;1.0;0;0;1.0;1.0;0;0;1.0;0;0
3436;1.49;1.00;0;1329.0;33.75;69.75;15.75;0;14.07;14.01;109.48;132.33;2.58;80765.0;0;0;63.0;4522.0;974.19;664.05;0;1.0;0;1.0;0;0;1.0;0;0;1.0;0;0;1.0;1.0;0;0;1.0;0;0
3956;1.42;0.98;0;1370.0;33.75;69.75;12.75;0;13.52;14.20;178.83;160.82;2.58;80765.0;0;0;63.0;4515.0;974.19;175.77;0;1.0;0;1.0;0;0;1.0;0;0;1.0;0;0;1.0;1.0;0;0;1.0;0;0
4476;1.47;0.99;0;1292.0;34.5;69.75;18.0;0;14.55;14.11;229.39;198.28;2.58;80765.0;0;0;62.0;4508.0;974.19;722.64;0;1.0;0;1.0;0;0;1.0;0;0;1.0;0;0;1.0;1.0;0;0;1.0;0;0
4996;1.59;0.98;0;1320.0;34.5;69.75;15.75;0;14.08;14.20;260.90;208.03;2.58;80765.0;0;0;62.0;4514.0;974.19;781.24;0;1.0;0;1.0;0;0;1.0;0;0;1.0;0;0;1.0;1.0;0;0;1.0;0;0
5516;1.50;0.96;0;1328.0;34.5;69.75;15.0;0;13.89;14.29;289.25;244.47;2.58;80765.0;0;0;63.0;4509.0;974.19;468.74;0;1.0;0;1.0;0;0;1.0;0;0;1.0;0;0;1.0;1.0;0;0;1.0;0;0
6076;1.42;0.97;0;1333.0;34.5;70.5;15.0;0;13.85;14.20;287.59;211.92;2.58;80765.0;0;0;60.0;4519.0;974.19;39.06;0;1.0;0;1.0;0;0;1.0;0;0;1.0;0;0;1.0;1.0;0;0;1.0;0;0
6596;1.42;0.98;0;1325.0;34.5;70.5;16.5;0;13.98;14.20;209.65;162.82;2.58;80765.0;0;0;61.0;4523.0;974.19;58.59;0;1.0;0;1.0;0;0;1.0;0;0;1.0;0;0;1.0;1.0;0;0;1.0;0;0
7116;1.42;1.00;0;1319.0;34.5;70.5;16.5;0;14.01;14.11;161.06;118.66;2.58;80765.0;0;0;61.0;4518.0;974.19;175.77;0;1.0;0;1.0;0;0;1.0;0;0;1.0;0;0;1.0;1.0;0;0;1.0;0;0
7636;1.52;1.00;0;1343.0;34.5;70.5;15.0;0;13.65;14.20;119.13;93.88;2.58;80765.0;0;0;60.0;4511.0;974.19;585.93;0;1.0;0;1.0;0;0;1.0;0;0;1.0;0;0;1.0;1.0;0;0;1.0;0;0
8156;1.62;1.01;0;1324.0;34.5;70.5;16.5;0;13.97;14.20;86.81;72.12;2.58;80765.0;0;0;60.0;4516.0;974.19;78.12;0;1.0;0;1.0;0;0;1.0;0;0;1.0;0;0;1.0;1.0;0;0;1.0;0;0
8726;1.48;1.01;0;1299.0;34.5;70.5;18.0;0;14.30;14.20;69.87;53.33;2.58;80765.0;0;0;59.0;4523.0;974.19;781.24;0;1.0;0;1.0;0;0;1.0;0;0;1.0;0;0;1.0;1.0;0;0;1.0;0;0
9246;1.49;0.99;0;1349.0;34.5;70.5;15.0;0;13.58;14.20;122.45;66.08;2.58;80765.0;0;0;59.0;4514.0;974.19;878.89;0;1.0;0;1.0;0;0;1.0;0;0;1.0;0;0;1.0;1.0;0;0;1.0;0;0
9756;1.47;0.98;0;1326.0;34.5;70.5;16.5;0;14.05;14.29;178.71;97.12;2.58;80765.0;0;0;59.0;4503.0;974.19;683.58;0;1.0;0;1.0;0;0;1.0;0;0;1.0;0;0;1.0;1.0;0;0;1.0;0;0
10277;1.44;0.98;0;1252.0;34.5;70.5;22.5;0;14.84;14.20;191.04;159.24;2.58;80765.0;0;0;59.0;4507.0;974.19;78.12;0;1.0;0;1.0;0;0;1.0;0;0;1.0;0;0;1.0;1.0;0;0;1.0;0;0
10796;1.52;1.00;0;1285.0;34.5;70.5;19.5;0;14.38;14.39;170.16;153.85;2.31;80765.0;0;0;59.0;4520.0;974.19;78.12;0;1.0;0;1.0;0;0;1.0;0;0;1.0;0;0;1.0;1.0;0;0;1.0;0;0
11315;1.46;1.01;0;1326.0;34.5;70.5;16.5;0;13.87;14.11;136.61;167.15;2.58;80765.0;0;0;58.0;4516.0;974.19;97.65;0;1.0;0;1.0;0;0;1.0;0;0;1.0;0;0;1.0;1.0;0;0;1.0;0;0
11836;1.50;1.03;0;1310.0;34.5;70.5;17.25;0;14.02;14.20;141.61;210.16;2.58;80765.0;0;0;59.0;4523.0;974.19;97.65;0;1.0;0;1.0;1.0;0;1.0;0;0;1.0;0;0;1.0;1.0;0;0;1.0;0;0
12357;1.50;1.04;0;1339.0;34.5;70.5;15.75;0;13.87;14.01;111.41;246.11;2.58;80765.0;0;0;59.0;4522.0;974.19;859.36;0;1.0;0;1.0;0;0;1.0;0;0;1.0;0;0;1.0;1.0;0;0;0;0;0
12876;3.73;1.03;0;1305.0;34.5;70.5;12.75;4.31;13.39;14.29;153.68;208.99;2.58;80765.0;0;0;61.0;4517.0;974.19;957.01;1.0;1.0;0;1.0;0;0;1.0;0;0;1.0;0;0;1.0;1.0;0;0;0;0;0
13396;1.49;0.99;0;1340.0;34.5;70.5;36.0;0;16.31;14.29;172.48;174.10;2.58;80765.0;0;0;64.0;4504.0;974.19;253.90;1.0;1.0;0;1.0;0;0;1.0;0;0;1.0;0;0;1.0;1.0;0;0;0;0;0
13916;4.04;1.00;0;1328.0;34.5;70.5;12.75;3.92;19.08;14.20;119.25;145.61;2.58;80765.0;0;0;61.0;4567.0;974.19;917.95;1.0;1.0;0;1.0;0;0;1.0;0;0;1.0;0;0;1.0;1.0;0;0;0;0;0
14436;2.78;0.99;0;2380.0;34.5;70.5;24.0;6.66;20.87;14.01;139.03;143.85;2.58;80765.0;0;0;58.0;4445.0;974.19;898.42;1.0;1.0;0;1.0;0;0;1.0;0;0;1.0;0;0;1.0;1.0;0;0;0;0;0
14956;1.21;0.99;0;1791.0;34.5;70.5;15.0;0;13.83;14.11;186.64;215.45;2.58;80765.0;0;0;63.0;4584.0;974.19;859.36;1.0;1.0;0;1.0;0;0;1.0;0;0;1.0;0;0;1.0;1.0;0;0;0;0;0
15476;1.56;0.98;5.0;1393.0;34.5;70.5;15.0;0;14.08;14.29;196.76;186.19;2.58;80765.0;5.0;5.0;66.0;4494.0;974.19;878.89;1.0;1.0;0;1.0;0;0;1.0;0;0;1.0;0;0;1.0;1.0;0;0;0;0;0
15996;1.56;0.96;6.0;1326.0;34.5;70.5;15.75;0;14.18;14.20;180.18;163.52;2.58;80765.0;6.0;5.0;63.0;4522.0;974.19;839.83;1.0;1.0;0;1.0;0;0;1.0;0;0;1.0;0;0;1.0;1.0;0;0;0;0;0
16517;1.52;0.95;5.0;1341.0;34.5;70.5;15.0;0;13.92;14.11;211.37;148.29;2.58;80765.0;6.0;5.0;61.0;4515.0;974.19;761.70;1.0;1.0;0;1.0;0;0;1.0;0;0;1.0;0;0;1.0;1.0;0;0;0;0;0
17027;1.38;0.93;5.0;1331.0;34.5;70.5;16.5;0;14.18;14.20;211.49;124.05;2.58;80765.0;5.0;4.0;62.0;4513.0;974.19;214.84;1.0;1.0;0;1.0;0;0;1.0;0;0;1.0;0;0;1.0;1.0;0;0;0;0;0
17548;1.56;0.95;3.0;1326.0;34.5;70.5;16.5;0;14.25;14.29;200.72;146.57;2.58;80765.0;0;4.0;63.0;4501.0;974.19;39.06;1.0;1.0;0;1.0;0;0;1.0;0;0;1.0;0;0;1.0;1.0;0;0;0;0;0
18066;1.56;0.96;5.0;1335.0;34.5;70.5;16.5;0;14.24;14.29;161.59;133.25;2.58;80765.0;6.0;4.0;64.0;4497.0;974.19;39.06;1.0;1.0;0;1.0;0;0;1.0;0;0;1.0;0;0;1.0;1.0;0;0;0;0;0
18586;1.56;0.98;5.0;1231.0;34.5;70.5;23.25;0;15.51;13.73;117.76;102.35;2.82;80765.0;4.0;5.0;65.0;4552.0;974.19;39.06;1.0;1.0;0;1.0;0;0;1.0;0;0;1.0;0;0;1.0;1.0;0;0;0;0;0
19105;1.63;0.99;5.0;1333.0;34.5;70.5;16.5;0;14.34;14.20;85.79;92.18;2.58;80765.0;5.0;5.0;65.0;4491.0;974.19;78.12;1.0;1.0;0;1.0;0;0;1.0;0;0;1.0;0;0;1.0;1.0;0;0;0;0;0
19626;1.68;1.01;5.0;1337.0;34.5;71.25;15.75;0;14.24;14.11;62.49;79.01;2.58;80765.0;5.0;5.0;65.0;4510.0;974.19;78.12;1.0;1.0;0;1.0;0;0;1.0;0;0;1.0;0;0;1.0;1.0;0;0;0;0;0
20146;3.19;1.00;6.0;1916.0;34.5;71.25;13.5;5.49;19.77;14.11;52.08;69.40;2.58;80765.0;6.0;6.0;57.0;4455.0;974.19;937.48;1.0;1.0;0;1.0;0;0;1.0;0;0;1.0;0;0;1.0;1.0;0;0;0;0;0
20666;2.41;0.98;10.0;2455.0;34.5;71.25;24.75;5.09;18.74;14.01;35.60;43.84;2.58;80765.0;10.0;9.0;57.0;4499.0;974.19;878.89;1.0;1.0;0;1.0;0;0;1.0;0;0;1.0;0;0;1.0;1.0;0;0;0;0;0
21186;3.39;0.99;13.0;2000.0;34.5;71.25;18.0;7.84;25.27;14.01;20.93;27.20;2.58;80765.0;14.0;14.0;57.0;4576.0;974.19;878.89;1.0;1.0;0;1.0;0;0;1.0;0;0;1.0;0;0;1.0;1.0;0;0;0;0;0
21706;3.05;0.97;20.0;2219.0;34.5;71.25;21.0;8.23;24.02;13.92;13.69;18.41;2.82;80765.0;20.0;20.0;57.0;4453.0;974.19;722.64;1.0;1.0;0;1.0;0;0;1.0;0;0;1.0;0;0;1.0;1.0;0;0;0;0;0
22226;2.86;0.94;23.0;2597.0;34.5;71.25;27.0;9.02;24.14;13.92;7.18;10.21;2.82;80765.0;23.0;23.0;57.0;4486.0;974.19;156.24;1.0;1.0;0;1.0;0;0;1.0;0;0;1.0;0;0;1.0;1.0;0;0;0;0;0
22796;0.63;1.00;26.0;2625.0;34.5;71.25;21.0;0;13.88;13.92;5.03;7.06;2.82;80765.0;26.0;26.0;57.0;4658.0;974.19;39.06;0;1.0;0;1.0;0;0;1.0;0;0;1.0;0;0;1.0;1.0;0;0;0;0;0
23316;2.44;0.99;27.0;2192.0;34.5;71.25;20.25;5.09;18.75;13.92;2.73;3.88;2.82;80765.0;28.0;28.0;57.0;4507.0;974.19;175.77;2.0;1.0;0;1.0;0;0;1.0;0;0;1.0;0;0;1.0;1.0;0;0;0;0;0
23836;2.37;1.00;30.0;2370.0;34.5;71.25;23.25;5.09;18.42;13.92;1.62;2.20;2.82;80765.0;30.0;30.0;57.0;4436.0;974.19;332.02;2.0;1.0;0;1.0;0;0;1.0;0;0;1.0;0;0;1.0;1.0;0;0;0;0;0
24357;2.26;1.00;31.0;2471.0;33.75;71.25;24.75;4.70;17.70;14.01;0.87;1.23;2.58;80765.0;31.0;31.0;57.0;4476.0;974.19;839.83;2.0;1.0;0;1.0;0;0;1.0;0;0;1.0;0;0;1.0;1.0;0;0;0;0;0
24876;1.52;1.00;32.0;2514.0;33.75;71.25;26.25;2.74;12.90;14.01;0.39;0.64;2.58;80765.0;32.0;33.0;57.0;4515.0;974.19;878.89;2.0;1.0;0;1.0;0;0;1.0;0;0;1.0;0;0;1.0;1.0;0;0;0;0;0
25515;1.24;0.98;32.0;2530.0;33.75;71.25;27.0;1.96;10.51;13.92;0.17;0.31;2.82;80765.0;33.0;33.0;57.0;4531.0;974.19;898.42;2.0;1.0;0;1.0;0;0;1.0;0;0;1.0;0;0;1.0;1.0;0;0;0;0;0
26126;0.94;0.96;31.0;2449.0;33.75;71.25;24.75;0.39;8.08;13.92;0;0.01;2.82;80765.0;32.0;31.0;57.0;4508.0;974.11;878.89;2.0;1.0;0;1.0;0;0;1.0;0;0;1.0;0;0;1.0;1.0;0;0;0;0;0
26685;0.93;1.00;30.0;2305.0;33.75;72.0;16.5;0;13.76;13.92;1.85;4.88;2.82;80765.0;30.0;29.0;60.0;4570.0;974.15;683.58;2.0;1.0;0;1.0;0;0;1.0;0;0;1.0;0;0;1.0;1.0;0;0;0;0;0
27206;1.19;0.98;27.0;2181.0;33.75;72.0;21.0;1.17;9.54;13.92;0.95;4.27;2.82;80765.0;28.0;28.0;57.0;4556.0;974.15;859.36;2.0;1.0;0;1.0;0;0;1.0;0;0;1.0;0;0;1.0;1.0;0;0;0;0;0
27726;1.72;0.97;27.0;2181.0;33.75;72.0;20.25;2.74;13.70;13.92;0.52;2.57;2.82;80765.0;28.0;27.0;57.0;4476.0;974.15;58.59;2.0;1.0;0;1.0;0;0;1.0;0;0;1.0;0;0;1.0;1.0;0;0;0;0;0
28256;2.04;0.99;28.0;2200.0;33.75;72.0;21.0;3.52;16.05;13.92;0.27;1.52;2.82;80765.0;28.0;28.0;57.0;4494.0;974.19;58.59;2.0;1.0;0;1.0;0;0;1.0;0;0;1.0;0;0;1.0;1.0;0;0;0;0;0
28766;2.22;1.01;30.0;2357.0;33.75;72.0;23.25;4.31;16.91;13.92;0.07;0.87;2.82;80765.0;30.0;30.0;57.0;4477.0;974.19;664.05;2.0;1.0;0;1.0;0;0;1.0;0;0;1.0;0;0;1.0;1.0;0;0;0;0;0
29285;0.89;1.00;28.0;2366.0;33.75;72.0;17.25;0;13.78;14.01;2.34;0.42;2.58;80765.0;29.0;29.0;60.0;4546.0;974.19;878.89;2.0;1.0;0;1.0;0;0;1.0;0;0;1.0;0;0;1.0;1.0;0;0;0;0;0
29838;3.17;0.99;27.0;2175.0;33.75;72.0;2.25;5.49;11.33;13.82;12.85;3.06;2.82;80765.0;28.0;28.0;57.0;4544.0;974.19;878.89;2.0;1.0;0;1.0;0;0;1.0;0;0;1.0;0;0;1.0;1.0;0;0;0;0;0
30406;2.52;0.99;27.0;2204.0;33.75;72.0;3.0;5.09;13.75;14.01;10.13;1.81;2.58;80765.0;28.0;28.0;57.0;4524.0;974.19;78.12;2.0;1.0;0;1.0;0;0;1.0;0;0;1.0;0;0;1.0;1.0;0;0;0;0;0
30977;2.54;1.02;28.0;2254.0;33.75;72.0;12.75;5.09;16.90;14.01;5.58;0.93;2.58;80765.0;29.0;29.0;57.0;4455.0;974.19;761.70;2.0;1.0;0;1.0;0;0;1.0;0;0;1.0;0;0;1.0;1.0;0;0;0;0;0
31487;1.6;1.00;30.0;2373.0;33.75;72.75;20.25;2.74;12.55;14.01;3.39;0.46;2.58;80765.0;30.0;30.0;56.0;4486.0;974.19;878.89;2.0;1.0;0;1.0;0;0;1.0;0;0;1.0;0;0;1.0;1.0;0;0;0;0;0
32006;1.50;0.98;30.0;2302.0;33.75;72.75;22.5;1.96;12.03;14.01;1.79;1.46;2.58;80765.0;30.0;30.0;56.0;4555.0;974.19;820.30;2.0;1.0;0;1.0;0;0;1.0;0;0;1.0;0;0;1.0;1.0;0;0;0;0;0
32526;1.15;0.96;30.0;2266.0;33.75;72.75;22.5;1.17;9.72;13.92;0.99;0.83;2.82;80765.0;30.0;29.0;56.0;4546.0;974.19;859.36;2.0;1.0;0;1.0;0;0;1.0;0;0;1.0;0;0;1.0;1.0;0;0;0;0;0
33096;1.11;0.95;27.0;2178.0;33.75;72.75;21.0;1.17;9.20;14.01;0.54;0.44;2.58;80765.0;28.0;28.0;56.0;4545.0;974.19;820.30;2.0;1.0;0;1.0;0;0;1.0;0;0;1.0;0;0;1.0;1.0;0;0;0;0;0
33616;1.44;0.94;27.0;2081.0;33.75;72.75;19.5;1.96;11.93;14.01;0.23;0.19;2.58;80765.0;27.0;27.0;56.0;4528.0;974.19;39.06;2.0;1.0;0;1.0;0;0;1.0;0;0;1.0;0;0;1.0;1.0;0;0;0;0;0
34137;1.51;0.95;26.0;2080.0;33.75;72.75;19.5;1.96;12.29;14.01;0.07;0.01;2.58;80765.0;27.0;27.0;56.0;4510.0;974.19;39.06;2.0;1.0;0;1.0;0;0;1.0;0;0;1.0;0;0;1.0;1.0;0;0;0;0;0
34706;1.85;0.97;26.0;1979.0;33.75;72.75;18.0;2.74;14.54;13.82;0;0;2.82;80765.0;27.0;27.0;56.0;4509.0;974.19;58.59;2.0;1.0;0;1.0;0;0;1.0;0;0;1.0;0;0;1.0;1.0;0;0;0;0;0
35226;1.84;0.99;27.0;2122.0;33.75;72.75;19.5;2.74;14.35;13.92;0;0;2.82;80765.0;27.0;28.0;56.0;4517.0;974.19;58.59;2.0;1.0;0;1.0;0;0;1.0;0;0;1.0;0;0;1.0;1.0;0;0;0;0;0
35746;1.90;1.01;27.0;2157.0;33.75;72.75;20.25;2.74;14.57;13.82;0;0;2.82;80765.0;28.0;27.0;56.0;4482.0;974.19;488.27;2.0;1.0;0;1.0;0;0;1.0;0;0;1.0;0;0;1.0;1.0;0;0;0;0;0
36266;2.0;1.00;28.0;2200.0;33.75;72.75;21.0;3.13;15.25;14.01;0;0;2.58;80765.0;28.0;28.0;56.0;4502.0;974.19;859.36;2.0;1.0;0;1.0;0;0;1.0;0;0;1.0;0;0;1.0;1.0;0;0;0;0;0
36786;1.82;0.98;28.0;2268.0;33.75;72.75;21.0;3.13;14.28;14.01;0;0;2.58;80765.0;29.0;29.0;56.0;4514.0;974.19;664.05;2.0;1.0;0;1.0;0;0;1.0;0;0;1.0;0;0;1.0;1.0;0;0;0;0;0
37306;1.74;0.97;30.0;2297.0;33.75;72.75;22.5;2.74;14.01;14.01;0;1.97;2.58;80765.0;30.0;29.0;56.0;4492.0;974.19;839.83;2.0;1.0;0;1.0;0;0;1.0;0;0;1.0;0;0;1.0;1.0;0;0;0;0;0
37876;1.74;0.95;30.0;2295.0;33.75;72.75;22.5;3.13;14.42;13.82;1.97;1.15;2.82;80765.0;30.0;30.0;56.0;4477.0;974.19;195.31;2.0;1.0;0;1.0;0;0;1.0;0;0;1.0;0;0;1.0;1.0;0;0;0;0;0
38386;1.72;0.96;30.0;2344.0;33.75;72.75;23.25;3.13;14.21;13.92;1.01;2.75;2.82;80765.0;30.0;30.0;56.0;4489.0;974.19;58.59;2.0;1.0;0;1.0;0;0;1.0;0;0;1.0;0;0;1.0;1.0;0;0;0;0;0
38956;1.73;0.97;30.0;2387.0;33.75;72.75;24.0;3.13;13.71;13.92;0.52;1.54;2.82;80765.0;31.0;30.0;56.0;4513.0;974.19;117.18;2.0;1.0;0;1.0;0;0;1.0;0;0;1.0;0;0;1.0;1.0;0;0;0;0;0
39475;1.72;0.98;31.0;2416.0;33.75;72.75;24.75;3.13;13.87;13.92;0.25;0.83;2.82;80765.0;31.0;31.0;56.0;4512.0;974.19;839.83;2.0;1.0;0;1.0;0;0;1.0;0;0;1.0;0;0;1.0;1.0;0;0;0;0;0
39996;1.65;0.96;32.0;2472.0;33.75;72.75;24.75;2.74;13.55;13.82;0.01;0.35;2.82;80765.0;32.0;32.0;56.0;4541.0;974.19;839.83;2.0;1.0;0;1.0;0;0;1.0;0;0;1.0;0;0;1.0;1.0;0;0;0;0;0
40516;0.92;1.00;31.0;2391.0;33.75;73.5;16.5;0;13.64;13.92;0;5.42;2.82;80765.0;31.0;31.0;60.0;4509.0;974.19;800.77;2.0;1.0;0;1.0;0;0;1.0;0;0;1.0;0;0;1.0;1.0;0;0;0;0;0
41036;1.89;0.98;30.0;2343.0;33.75;73.5;15.75;3.13;12.98;13.92;0;16.03;2.82;80765.0;30.0;30.0;56.0;4493.0;974.19;781.24;2.0;1.0;0;1.0;0;0;1.0;0;0;1.0;0;0;1.0;1.0;0;0;0;0;0
41616;1.83;0.97;30.0;2342.0;33.75;73.5;21.75;3.13;14.58;13.92;0;9.39;2.82;80765.0;30.0;29.0;56.0;4499.0;974.19;234.37;2.0;1.0;0;1.0;0;0;1.0;0;0;1.0;0;0;1.0;1.0;0;0;0;0;0
42135;1.73;0.98;31.0;2409.0;33.75;73.5;24.0;3.13;13.90;13.92;0;4.92;2.82;80765.0;31.0;31.0;56.0;4482.0;974.19;820.30;2.0;1.0;0;1.0;0;0;1.0;0;0;1.0;0;0;1.0;1.0;0;0;0;0;0
42646;1.64;0.96;32.0;2492.0;33.75;73.5;25.5;3.13;13.60;13.92;0;2.85;2.82;80765.0;32.0;32.0;56.0;4514.0;974.19;449.21;2.0;1.0;0;1.0;0;0;1.0;0;0;1.0;0;0;1.0;1.0;0;0;0;0;0
43187;1.32;0.96;32.0;2416.0;33.75;73.5;24.75;1.96;11.12;13.82;0;1.60;2.82;80765.0;32.0;32.0;56.0;4536.0;974.19;839.83;2.0;1.0;0;1.0;0;0;1.0;0;0;1.0;0;0;1.0;1.0;0;0;0;0;0
44115;0.88;1.00;30.0;2305.0;33.75;73.5;16.5;0;13.51;13.92;17.88;24.23;2.82;80765.0;30.0;30.0;58.0;4556.0;974.19;664.05;2.0;1.0;0;1.0;0;0;1.0;0;0;1.0;0;0;1.0;1.0;0;0;0;0;0
44895;0.94;1.00;27.0;2165.0;33.75;73.5;15.0;0;13.47;14.01;105.91;170.96;2.58;80765.0;28.0;27.0;60.0;4549.0;974.19;19.53;2.0;1.0;0;1.0;0;0;1.0;0;0;1.0;0;0;1.0;1.0;0;0;0;0;0
45575;1.03;1.00;26.0;1994.0;33.75;74.25;15.0;0;13.42;14.01;102.33;214.20;2.58;80765.0;26.0;26.0;57.0;4509.0;974.19;39.06;2.0;1.0;0;1.0;0;0;1.0;0;0;1.0;0;0;1.0;1.0;0;0;0;0;0
46095;1.05;1.00;25.0;1887.0;33.75;74.25;16.5;0;13.53;13.92;76.81;146.80;2.82;80765.0;25.0;24.0;59.0;4517.0;974.19;78.12;2.0;1.0;0;1.0;0;0;1.0;0;0;1.0;0;0;1.0;1.0;0;0;0;0;0
46625;1.14;0.99;21.0;1722.0;33.75;74.25;15.0;0;13.39;14.01;80.48;128.87;2.58;80765.0;22.0;21.0;57.0;4534.0;974.19;781.24;2.0;1.0;0;1.0;0;0;1.0;0;0;1.0;0;0;1.0;1.0;0;0;0;0;0
47225;1.32;0.99;17.0;1403.0;33.75;74.25;14.25;0;13.26;14.11;77.49;124.75;2.58;80765.0;18.0;18.0;57.0;4465.0;974.19;78.12;2.0;1.0;0;1.0;0;0;1.0;0;0;1.0;0;0;1.0;1.0;0;0;0;0;0
47755;1.40;1.01;16.0;1331.0;33.75;74.25;15.75;0;13.18;14.20;53.53;86.26;2.58;80765.0;17.0;16.0;56.0;4493.0;974.19;97.65;2.0;1.0;0;1.0;0;0;1.0;0;0;1.0;0;0;1.0;1.0;0;0;0;0;0
48491;2.56;1.00;16.0;1495.0;33.75;74.25;6.75;3.13;15.29;14.20;39.00;66.61;2.58;80765.0;17.0;17.0;57.0;4557.0;974.19;878.89;2.0;1.0;0;1.0;0;0;1.0;0;0;1.0;0;0;1.0;1.0;0;0;0;0;0
49061;2.46;1.00;21.0;1690.0;33.75;74.25;13.5;3.52;18.09;14.01;26.54;44.23;2.58;80765.0;21.0;21.0;56.0;4513.0;974.19;58.59;2.0;1.0;0;1.0;0;0;1.0;0;0;1.0;0;0;1.0;1.0;0;0;0;0;0
49676;3.20;1.02;23.0;1880.0;33.75;75.0;15.75;5.09;20.08;14.01;16.44;27.43;2.58;80765.0;24.0;24.0;56.0;4493.0;974.19;898.42;2.0;1.0;0;1.0;0;0;1.0;0;0;1.0;0;0;1.0;1.0;0;0;0;0;0
50235;2.92;0.97;28.0;2256.0;33.75;75.0;21.75;7.45;22.66;14.01;105.71;103.60;2.58;80765.0;29.0;29.0;55.0;4430.0;974.19;820.30;2.0;1.0;0;1.0;0;0;1.0;0;0;1.0;0;0;1.0;1.0;0;0;0;0;0
50855;3.25;0.99;32.0;2579.0;33.75;75.0;26.25;10.58;25.30;13.92;212.07;166.27;2.82;80765.0;33.0;33.0;55.0;4494.0;974.19;859.36;2.0;1.0;0;1.0;0;0;1.0;0;0;1.0;0;0;1.0;1.0;0;0;0;0;0
51375;1.68;0.96;37.0;2979.0;33.75;75.0;33.75;3.13;21.21;13.92;247.32;212.87;2.82;80765.0;37.0;38.0;55.0;4626.0;974.19;58.59;2.0;1.0;0;1.0;0;0;1.0;0;0;1.0;0;0;1.0;1.0;0;0;0;0;0
52015;3.21;1.00;38.0;2409.0;33.75;75.0;21.0;8.62;23.72;14.01;312.38;227.36;2.58;80765.0;39.0;39.0;55.0;4196.0;974.30;859.36;3.0;1.0;0;1.0;0;0;1.0;0;0;1.0;0;0;1.0;1.0;0;0;0;0;0
52609;2.92;0.96;42.0;2627.0;33.75;75.0;27.75;8.23;23.38;13.73;313.51;200.16;2.82;80765.0;43.0;43.0;55.0;4382.0;974.34;820.30;3.0;1.0;0;1.0;0;0;1.0;0;0;1.0;0;0;1.0;1.0;0;0;0;0;0
53275;1.46;1.00;45.0;2766.0;33.75;75.0;30.0;2.74;12.46;13.92;331.34;216.58;2.82;80765.0;45.0;45.0;55.0;4521.0;974.30;878.89;3.0;1.0;0;1.0;0;0;1.0;0;0;1.0;0;0;1.0;1.0;0;0;0;0;0
53935;0.77;1.00;45.0;2677.0;33.75;75.0;19.5;0;13.43;13.92;339.35;195.63;2.82;80765.0;45.0;44.0;55.0;4503.0;974.54;683.58;3.0;1.0;0;1.0;0;0;1.0;0;0;1.0;0;0;1.0;1.0;0;0;0;0;0
54886;0.84;1.00;42.0;2563.0;33.75;75.0;19.5;0;13.38;13.92;219.26;231.66;2.82;80765.0;42.0;41.0;55.0;4493.0;974.46;39.06;3.0;1.0;0;1.0;0;0;1.0;0;0;1.0;0;0;1.0;1.0;0;0;0;0;0
55447;1.27;1.01;41.0;2499.0;33.75;75.0;25.5;1.56;9.77;14.01;236.19;236.23;2.58;80765.0;41.0;41.0;55.0;4482.0;974.50;878.89;3.0;1.0;0;1.0;0;0;1.0;0;0;1.0;0;0;1.0;1.0;0;0;0;0;0
56015;1.28;0.99;41.0;2545.0;33.75;75.0;26.25;1.96;10.57;13.92;278.02;284.23;2.82;80765.0;42.0;41.0;55.0;4501.0;974.62;878.89;3.0;1.0;0;1.0;0;0;1.0;0;0;1.0;0;0;1.0;1.0;0;0;0;0;0
56585;1.48;0.97;41.0;2536.0;33.75;75.0;26.25;2.74;12.10;13.92;325.15;317.10;2.82;80765.0;42.0;42.0;55.0;4516.0;974.69;878.89;3.0;1.0;0;1.0;0;0;1.0;0;0;1.0;0;0;1.0;1.0;0;0;0;0;0
57105;1.89;0.95;42.0;2618.0;33.75;75.0;27.75;4.31;15.88;14.01;325.85;317.32;2.58;80765.0;42.0;43.0;55.0;4508.0;974.62;58.59;3.0;1.0;0;1.0;0;0;1.0;0;0;1.0;0;0;1.0;1.0;0;0;0;0;0
57735;1.89;0.98;43.0;2682.0;33.75;75.0;29.25;4.31;15.56;13.92;334.02;329.76;2.82;80765.0;44.0;44.0;55.0;4529.0;974.77;97.65;3.0;1.0;0;1.0;0;0;1.0;0;0;1.0;0;0;1.0;1.0;0;0;0;0;0
58425;1.75;0.98;45.0;2778.0;33.75;75.0;30.75;3.92;14.37;13.92;343.08;324.72;2.82;80765.0;46.0;45.0;55.0;4522.0;974.73;859.36;3.0;1.0;0;1.0;0;0;1.0;0;0;1.0;0;0;1.0;1.0;0;0;0;0;0
58947;1.17;0.95;46.0;2825.0;33.75;75.0;31.5;1.96;10.24;13.92;343.96;333.31;2.82;80765.0;46.0;47.0;55.0;4535.0;974.97;878.89;3.0;1.0;0;1.0;0;0;1.0;0;0;1.0;0;0;1.0;1.0;0;0;0;0;0
59619;0.96;0.94;46.0;2806.0;33.75;75.0;31.5;0.39;10.03;13.92;289.78;341.15;2.82;80765.0;46.0;46.0;55.0;4530.0;975.12;761.70;3.0;1.0;0;1.0;0;0;1.0;0;0;1.0;0;0;1.0;1.0;0;0;0;0;0
60225;0.79;1.00;45.0;2724.0;33.75;75.0;20.25;0;13.41;13.92;275.47;315.74;2.82;80765.0;45.0;44.0;55.0;4495.0;975.24;39.06;3.0;1.0;0;1.0;0;0;1.0;0;0;1.0;0;0;1.0;1.0;0;0;0;0;0
60871;1.26;1.01;43.0;2715.0;33.75;75.0;23.25;1.96;9.39;13.92;167.74;333.67;2.82;80765.0;44.0;44.0;55.0;4500.0;975.32;878.89;3.0;1.0;0;1.0;0;0;1.0;0;0;1.0;0;0;1.0;1.0;0;0;0;0;0
61465;1.19;0.99;43.0;2711.0;33.75;75.75;29.25;1.96;9.87;13.92;238.30;342.45;2.82;80765.0;44.0;44.0;55.0;4513.0;975.36;878.89;3.0;1.0;0;1.0;0;0;1.0;0;0;1.0;0;0;1.0;1.0;0;0;0;0;0
62035;0.78;1.00;43.0;2685.0;33.75;75.75;19.5;0;13.39;14.01;301.36;348.94;2.58;80765.0;44.0;44.0;55.0;4531.0;975.40;683.58;3.0;1.0;0;1.0;0;0;1.0;0;0;1.0;0;0;1.0;1.0;0;0;0;0;0
62635;0.83;1.00;43.0;2648.0;33.75;75.75;19.5;0;13.38;13.92;301.21;356.20;2.82;80765.0;44.0;43.0;55.0;4494.0;975.40;39.06;3.0;1.0;0;1.0;0;0;1.0;0;0;1.0;0;0;1.0;1.0;0;0;0;0;0
63327;0.92;1.01;42.0;2629.0;33.75;75.75;27.75;0.39;7.64;13.73;335.95;358.70;2.82;80765.0;43.0;43.0;55.0;4537.0;975.40;839.83;3.0;1.0;0;1.0;0;0;1.0;0;0;1.0;0;0;1.0;1.0;0;0;0;0;0
64019;1.01;1.00;42.0;2552.0;33.75;75.75;27.0;0.78;8.03;14.01;313.76;335.42;2.58;80765.0;43.0;42.0;55.0;4493.0;975.44;800.77;3.0;1.0;0;1.0;0;0;1.0;0;0;1.0;0;0;1.0;1.0;0;0;0;0;0
65484;1.48;0.98;42.0;2662.0;33.75;75.75;28.5;2.74;12.09;13.92;321.28;340.29;2.82;80765.0;42.0;43.0;55.0;4535.0;975.44;859.36;3.0;1.0;0;1.0;0;0;1.0;0;0;1.0;0;0;1.0;1.0;0;0;0;0;0
66225;0.87;0.93;46.0;2779.0;33.75;75.75;30.0;1.17;7.70;13.82;285.43;340.32;2.82;80765.0;46.0;45.0;55.0;4523.0;975.44;839.83;3.0;1.0;0;1.0;0;0;1.0;0;0;1.0;0;0;1.0;1.0;0;0;0;0;0
66825;0.86;0.92;46.0;2779.0;33.75;75.75;30.0;0.78;7.44;14.01;176.14;343.92;2.58;80765.0;46.0;45.0;55.0;4519.0;975.44;58.59;3.0;1.0;0;1.0;0;0;1.0;0;0;1.0;0;0;1.0;1.0;0;0;0;0;0
67377;1.46;0.94;45.0;2836.0;33.75;76.5;31.5;2.74;11.77;14.01;240.49;355.17;2.58;80765.0;46.0;46.0;54.0;4485.0;975.44;839.83;3.0;1.0;0;1.0;0;0;1.0;0;0;1.0;0;0;1.0;1.0;0;0;0;0;0
68415;1.74;0.93;47.0;2864.0;33.75;76.5;32.25;3.92;15.09;14.01;299.02;335.79;2.58;80765.0;47.0;47.0;54.0;4487.0;975.44;78.12;3.0;1.0;0;1.0;1.0;0;1.0;0;0;1.0;0;0;1.0;1.0;0;0;1.0;0;0
69005;1.25;1.00;50.0;1732.0;33.75;76.5;13.5;0.78;9.29;13.92;297.24;305.03;2.82;80765.0;50.0;50.0;54.0;4522.0;975.67;39.06;4.0;1.0;0;1.0;0;0;1.0;0;0;1.0;0;0;1.0;1.0;0;0;0;0;0
69595;1.13;1.01;50.0;2587.0;33.75;76.5;27.75;1.56;9.08;14.01;310.85;324.49;2.58;80765.0;50.0;50.0;54.0;4478.0;975.79;898.42;4.0;1.0;0;1.0;0;0;1.0;0;0;1.0;0;0;1.0;1.0;0;0;0;0;0
70355;0.81;1.00;50.0;2582.0;33.75;76.5;19.5;0;13.35;14.01;335.83;340.93;2.58;80765.0;51.0;50.0;54.0;4509.0;975.94;39.06;4.0;1.0;0;1.0;0;0;1.0;0;0;1.0;0;0;1.0;1.0;0;0;0;0;0
70995;0.82;1.00;50.0;2566.0;33.75;76.5;18.75;0;13.21;13.92;335.81;343.76;2.82;80765.0;50.0;50.0;54.0;4507.0;976.10;39.06;4.0;1.0;0;1.0;0;0;1.0;0;0;1.0;0;0;1.0;1.0;0;0;0;0;0
71524;0.82;1.00;50.0;2554.0;33.75;76.5;18.75;0;13.20;14.01;339.17;325.01;2.58;80765.0;50.0;49.0;54.0;4504.0;976.18;39.06;4.0;1.0;0;1.0;0;0;1.0;0;0;1.0;0;0;1.0;1.0;0;0;0;0;0
72155;0.82;1.00;50.0;2555.0;33.75;76.5;18.75;0;13.20;13.92;322.69;325.60;2.82;80765.0;50.0;49.0;54.0;4514.0;976.34;58.59;4.0;1.0;0;1.0;0;0;1.0;0;0;1.0;0;0;1.0;1.0;0;0;0;0;0
72725;0.84;1.00;48.0;2516.0;33.75;76.5;16.5;0;13.16;13.73;304.92;282.83;2.82;80765.0;47.0;48.0;55.0;4513.0;976.45;39.06;4.0;1.0;0;1.0;0;0;1.0;0;0;1.0;0;0;1.0;1.0;0;0;0;0;0
73265;0.83;1.00;48.0;2517.0;33.75;76.5;18.75;0;13.17;14.01;246.46;257.77;2.58;80765.0;49.0;48.0;54.0;4494.0;976.53;39.06;4.0;1.0;0;1.0;0;0;1.0;0;0;1.0;0;0;1.0;1.0;0;0;0;0;0
73909;0.82;1.00;48.0;2495.0;33.75;76.5;18.75;0;13.23;13.92;291.46;298.22;2.82;80765.0;49.0;48.0;56.0;4507.0;976.57;39.06;4.0;1.0;0;1.0;0;0;1.0;0;0;1.0;0;0;1.0;1.0;0;0;0;0;0
74475;0.84;1.00;48.0;2477.0;33.75;76.5;18.0;0;13.17;14.01;269.33;260.12;2.58;80765.0;49.0;48.0;54.0;4517.0;976.61;39.06;4.0;1.0;0;1.0;0;0;1.0;0;0;1.0;0;0;1.0;1.0;0;0;0;0;0
75025;0.84;1.00;47.0;2456.0;33.75;77.25;16.5;0;13.12;13.92;207.38;190.92;2.82;80765.0;48.0;47.0;55.0;4508.0;976.65;39.06;4.0;1.0;0;1.0;0;0;1.0;0;0;1.0;0;0;1.0;1.0;0;0;0;0;0
75735;0.92;1.00;41.0;2139.0;33.75;77.25;14.25;0;13.12;13.92;217.60;157.35;2.82;80765.0;40.0;41.0;56.0;4588.0;976.65;39.06;4.0;1.0;0;1.0;0;0;1.0;0;0;1.0;0;0;1.0;1.0;0;0;0;0;0
76281;1.26;1.00;28.0;1464.0;33.75;77.25;15.0;0;13.01;14.20;238.10;149.24;2.58;80765.0;29.0;29.0;54.0;4493.0;976.69;39.06;4.0;1.0;0;1.0;1.0;0;1.0;0;0;1.0;0;0;1.0;1.0;0;0;1.0;0;0
76875;1.37;1.02;25.0;1321.0;33.75;77.25;15.0;0;13.08;14.39;217.05;154.79;2.31;80765.0;25.0;25.0;54.0;4495.0;976.69;58.59;4.0;1.0;0;1.0;0;0;1.0;0;0;1.0;0;0;1.0;1.0;0;0;0;0;0
77445;3.05;1.00;25.0;1872.0;33.75;77.25;14.25;4.70;19.62;14.01;164.57;152.37;2.58;80765.0;26.0;26.0;54.0;4527.0;976.69;898.42;3.0;1.0;0;1.0;0;0;1.0;0;0;1.0;0;0;1.0;1.0;0;0;0;0;0
78005;1.25;1.00;28.0;1707.0;33.75;77.25;14.25;1.56;11.46;14.01;182.17;162.29;2.58;80765.0;29.0;29.0;54.0;4521.0;976.69;78.12;3.0;1.0;0;1.0;0;0;1.0;0;0;1.0;0;0;1.0;1.0;0;0;0;0;0
78575;2.12;1.01;30.0;1872.0;33.75;77.25;15.75;2.74;14.17;14.01;140.75;207.52;2.58;80765.0;29.0;30.0;54.0;4521.0;976.69;39.06;3.0;1.0;0;1.0;0;0;1.0;0;0;1.0;0;0;1.0;1.0;0;0;0;0;0
79095;2.09;1.02;31.0;1974.0;33.75;77.25;17.25;3.13;15.29;14.01;218.16;252.48;2.58;80765.0;32.0;32.0;54.0;4515.0;976.88;78.12;3.0;1.0;0;1.0;0;0;1.0;0;0;1.0;0;0;1.0;1.0;0;0;0;0;0
79615;2.61;1.04;33.0;2136.0;33.75;77.25;19.5;4.31;17.60;13.92;252.52;292.12;2.82;80765.0;34.0;34.0;54.0;4514.0;977.12;878.89;3.0;1.0;0;1.0;0;0;1.0;0;0;1.0;0;0;1.0;1.0;0;0;0;0;0
80135;2.89;1.02;35.0;2171.0;33.75;77.25;20.25;6.27;21.37;13.92;263.26;297.53;2.82;80765.0;35.0;35.0;54.0;4468.0;977.35;878.89;3.0;1.0;0;1.0;0;0;1.0;0;0;1.0;0;0;1.0;1.0;0;0;0;0;0
80655;2.72;0.99;37.0;2289.0;33.75;77.25;22.5;6.27;21.08;14.01;268.08;236.31;2.58;80765.0;37.0;37.0;54.0;4443.0;977.35;859.36;3.0;1.0;0;1.0;0;0;1.0;0;0;1.0;0;0;1.0;1.0;0;0;0;0;0
81186;2.44;0.97;40.0;2432.0;33.75;77.25;24.0;5.88;19.70;13.82;319.21;202.83;2.82;80765.0;40.0;40.0;54.0;4463.0;977.55;800.77;3.0;1.0;0;1.0;0;0;1.0;0;0;1.0;0;0;1.0;1.0;0;0;0;0;0
81745;2.21;0.96;41.0;2548.0;33.75;77.25;26.25;5.09;18.22;13.92;301.83;189.59;2.82;80765.0;42.0;42.0;54.0;4530.0;977.59;175.77;3.0;1.0;0;1.0;0;0;1.0;0;0;1.0;0;0;1.0;1.0;0;0;0;0;0
82276;1.19;0.99;43.0;2477.0;33.75;77.25;24.75;1.56;9.70;13.82;329.27;214.06;2.82;80765.0;44.0;42.0;54.0;4567.0;977.70;898.42;3.0;1.0;0;1.0;0;0;1.0;0;0;1.0;0;0;1.0;1.0;0;0;0;0;0
82795;0.79;1.00;42.0;2613.0;33.75;77.25;19.5;0;13.21;13.82;340.40;216.64;2.82;80765.0;43.0;43.0;54.0;4526.0;977.74;878.89;3.0;1.0;0;1.0;0;0;1.0;0;0;1.0;0;0;1.0;1.0;0;0;0;0;0
83315;0.81;1.00;42.0;2578.0;33.75;77.25;19.5;0;13.30;13.92;323.10;246.66;2.82;80765.0;43.0;42.0;54.0;4506.0;977.78;58.59;3.0;1.0;0;1.0;0;0;1.0;0;0;1.0;0;0;1.0;1.0;0;0;0;0;0
83855;0.83;1.00;41.0;2528.0;33.75;77.25;18.0;0;13.03;13.92;324.60;247.44;2.82;80765.0;42.0;41.0;54.0;4505.0;977.82;39.06;3.0;1.0;0;1.0;0;0;1.0;0;0;1.0;0;0;1.0;1.0;0;0;0;0;0
84375;0.84;1.00;41.0;2448.0;33.75;77.25;17.25;0;13.02;14.01;310.72;248.81;2.58;80765.0;41.0;40.0;54.0;4492.0;977.86;39.06;3.0;1.0;0;1.0;0;0;1.0;0;0;1.0;0;0;1.0;1.0;0;0;0;0;0
84906;0.84;1.00;40.0;2400.0;33.75;77.25;17.25;0;13.06;14.01;339.58;278.90;2.58;80765.0;40.0;40.0;56.0;4518.0;977.86;39.06;3.0;1.0;0;1.0;0;0;1.0;0;0;1.0;0;0;1.0;1.0;0;0;0;0;0
85426;0.86;1.00;38.0;2365.0;33.75;78.0;15.75;0;13.02;13.92;331.09;314.35;2.82;80765.0;39.0;39.0;55.0;4518.0;977.86;39.06;3.0;1.0;0;1.0;0;0;1.0;0;0;1.0;0;0;1.0;1.0;0;0;0;0;0
85965;0.86;1.00;38.0;2323.0;33.75;78.0;16.5;0;13.03;13.82;342.47;335.11;2.82;80765.0;39.0;38.0;54.0;4511.0;977.94;39.06;3.0;1.0;0;1.0;0;0;1.0;0;0;1.0;0;0;1.0;1.0;0;0;0;0;0
86487;2.38;1.00;38.0;2353.0;33.75;78.0;0.75;4.70;11.62;13.92;267.24;304.10;2.82;80765.0;38.0;39.0;53.0;4510.0;977.94;312.49;3.0;1.0;0;1.0;0;0;1.0;0;0;1.0;0;0;1.0;1.0;0;0;0;0;0
87016;2.25;1.01;37.0;2357.0;33.75;78.0;21.75;3.92;16.22;13.92;166.31;186.55;2.82;80765.0;38.0;38.0;53.0;4469.0;977.94;820.30;3.0;1.0;0;1.0;0;0;1.0;0;0;1.0;0;0;1.0;1.0;0;0;0;0;0
87536;2.08;0.98;40.0;2466.0;33.75;78.0;24.75;4.31;16.33;13.73;98.15;121.51;2.82;80765.0;40.0;40.0;53.0;4452.0;978.17;820.30;3.0;1.0;0;1.0;0;0;1.0;0;0;1.0;0;0;1.0;1.0;0;0;0;0;0
88056;1.83;0.96;41.0;2551.0;33.75;78.0;26.25;3.92;15.09;13.92;49.39;69.11;2.82;80765.0;42.0;42.0;53.0;4532.0;978.17;761.70;3.0;1.0;0;1.0;0;0;1.0;0;0;1.0;0;0;1.0;1.0;0;0;0;0;0
88626;1.48;0.94;42.0;2606.0;33.75;78.0;27.75;2.74;12.60;14.01;29.13;38.64;2.58;80765.0;43.0;42.0;53.0;4560.0;978.17;878.89;3.0;1.0;0;1.0;0;0;1.0;0;0;1.0;0;0;1.0;1.0;0;0;0;0;0
89146;1.40;0.92;42.0;2596.0;33.75;78.0;27.0;2.74;11.98;13.92;17.14;21.58;2.82;80765.0;43.0;43.0;53.0;4521.0;978.25;820.30;3.0;1.0;0;1.0;0;0;1.0;0;0;1.0;0;0;1.0;1.0;0;0;0;0;0
89665;0.74;1.00;42.0;2621.0;33.75;78.0;20.25;0;13.15;14.01;8.10;10.78;2.58;80765.0;43.0;41.0;52.0;4518.0;978.29;195.31;3.0;1.0;0;1.0;0;0;1.0;0;0;1.0;0;0;1.0;1.0;0;0;0;0;0
90185;0.80;1.00;42.0;2582.0;33.75;78.0;18.75;0;13.13;14.01;4.68;7.34;2.58;80766.0;43.0;42.0;53.0;4515.0;978.37;39.06;3.0;1.0;0;1.0;0;0;1.0;0;0;1.0;0;0;1.0;1.0;0;0;0;0;0
90753;0.83;1.00;41.0;2524.0;33.75;78.0;18.0;0;12.99;14.01;2.53;5.83;2.58;80766.0;41.0;41.0;53.0;4500.0;978.52;39.06;3.0;1.0;0;1.0;0;0;1.0;0;0;1.0;0;0;1.0;1.0;0;0;0;0;0
91275;0.84;1.00;41.0;2464.0;33.75;78.0;17.25;0;13.00;14.01;11.22;34.99;2.58;80766.0;41.0;40.0;55.0;4493.0;978.68;39.06;3.0;1.0;0;1.0;0;0;1.0;0;0;1.0;0;0;1.0;1.0;0;0;0;0;0
91795;0.84;1.00;40.0;2436.0;33.75;78.0;17.25;0;13.02;13.92;127.21;145.69;2.82;80766.0;40.0;39.0;55.0;4540.0;978.76;39.06;3.0;1.0;0;1.0;0;0;1.0;0;0;1.0;0;0;1.0;1.0;0;0;0;0;0
92315;0.85;1.00;38.0;2396.0;33.75;78.0;15.75;0;13.07;14.01;224.77;111.32;2.58;80766.0;39.0;39.0;54.0;4526.0;978.72;39.06;3.0;1.0;0;1.0;0;0;1.0;0;0;1.0;0;0;1.0;1.0;0;0;0;0;0
92886;0.88;1.00;37.0;2303.0;33.75;78.0;16.5;0;13.06;14.01;223.07;157.29;2.58;80766.0;38.0;38.0;54.0;4515.0;978.87;39.06;3.0;1.0;0;1.0;0;0;1.0;0;0;1.0;0;0;1.0;1.0;0;0;0;0;0
93405;0.88;1.00;37.0;2258.0;33.75;78.0;16.5;0;12.99;13.92;231.91;200.74;2.82;80766.0;37.0;37.0;55.0;4550.0;978.95;39.06;3.0;1.0;0;1.0;0;0;1.0;0;0;1.0;0;0;1.0;1.0;0;0;0;0;0
93946;0.89;1.00;36.0;2250.0;33.75;78.0;15.0;0;13.12;14.01;218.81;225.96;2.58;80766.0;37.0;36.0;56.0;4522.0;978.99;39.06;3.0;1.0;0;1.0;0;0;1.0;0;0;1.0;0;0;1.0;1.0;0;0;0;0;0
94506;0.89;1.00;36.0;2216.0;33.75;78.75;15.0;0;12.98;14.01;234.47;174.81;2.58;80766.0;36.0;36.0;54.0;4537.0;979.07;39.06;3.0;1.0;0;1.0;0;0;1.0;0;0;1.0;0;0;1.0;1.0;0;0;0;0;0
95036;0.92;1.00;36.0;2135.0;33.75;78.75;15.75;0;12.96;13.92;152.19;108.76;2.82;80766.0;36.0;35.0;53.0;4518.0;979.07;39.06;3.0;1.0;0;1.0;0;0;1.0;0;0;1.0;0;0;1.0;1.0;0;0;0;0;0
95596;0.95;1.00;35.0;2089.0;33.75;78.75;15.0;0;12.99;14.11;92.18;75.56;2.58;80766.0;35.0;35.0;53.0;4506.0;979.11;39.06;3.0;1.0;0;1.0;0;0;1.0;0;0;1.0;0;0;1.0;1.0;0;0;0;0;0
96156;0.94;1.00;33.0;2065.0;33.75;78.75;15.0;0;12.96;14.01;60.42;52.63;2.58;80766.0;34.0;34.0;54.0;4516.0;979.11;39.06;3.0;1.0;0;1.0;0;0;1.0;0;0;1.0;0;0;1.0;1.0;0;0;0;0;0
96686;0.96;1.00;33.0;2022.0;33.75;78.75;15.0;0;12.87;13.92;47.08;31.01;2.82;80766.0;34.0;33.0;52.0;4519.0;979.15;39.06;3.0;1.0;0;1.0;0;0;1.0;0;0;1.0;0;0;1.0;1.0;0;0;0;0;0
97206;0.98;1.00;33.0;2001.0;33.75;78.75;15.0;0;12.92;13.92;30.81;20.93;2.82;80766.0;34.0;33.0;52.0;4504.0;979.15;58.59;3.0;1.0;0;1.0;0;0;1.0;0;0;1.0;0;0;1.0;1.0;0;0;0;0;0
97776;0.95;1.00;33.0;2033.0;33.75;78.75;15.75;0;12.95;14.01;20.74;18.02;2.58;80766.0;33.0;33.0;52.0;4511.0;979.15;58.59;3.0;1.0;0;1.0;0;0;1.0;0;0;1.0;0;0;1.0;1.0;0;0;0;0;0
98296;0.96;1.00;32.0;2006.0;33.75;78.75;15.0;0;12.93;14.01;14.08;18.43;2.58;80766.0;33.0;32.0;53.0;4513.0;979.15;58.59;3.0;1.0;0;1.0;0;0;1.0;0;0;1.0;0;0;1.0;1.0;0;0;0;0;0
98816;1.00;1.00;32.0;1949.0;33.75;78.75;15.0;0;12.98;13.92;9.17;15.83;2.82;80766.0;33.0;32.0;53.0;4512.0;979.15;58.59;3.0;1.0;0;1.0;0;0;1.0;0;0;1.0;0;0;1.0;1.0;0;0;0;0;0
99336;0.98;1.00;32.0;1987.0;33.75;78.75;14.25;0;12.93;14.01;16.50;12.44;2.58;80766.0;33.0;32.0;53.0;4502.0;979.15;58.59;3.0;1.0;0;1.0;0;0;1.0;0;0;1.0;0;0;1.0;1.0;0;0;0;0;0
99856;0.97;1.00;31.0;2013.0;33.75;78.75;14.25;0;12.94;14.01;33.55;14.97;2.58;80766.0;32.0;29.0;54.0;4529.0;979.23;58.59;3.0;1.0;0;1.0;0;0;1.0;0;0;1.0;0;0;1.0;1.0;0;0;0;0;0
100376;1.04;1.00;31.0;1892.0;33.75;78.75;15.0;0;12.99;14.11;29.21;15.09;2.58;80766.0;32.0;30.0;54.0;4504.0;979.19;58.59;3.0;1.0;0;1.0;0;0;1.0;0;0;1.0;0;0;1.0;1.0;0;0;0;0;0
100906;1.05;1.00;31.0;1895.0;33.75;78.75;14.25;0;12.95;14.01;26.52;18.65;2.58;80766.0;31.0;30.0;53.0;4518.0;979.19;58.59;3.0;1.0;0;1.0;0;0;1.0;0;0;1.0;0;0;1.0;1.0;0;0;0;0;0
101427;1.11;1.00;30.0;1832.0;33.75;78.75;15.0;0;12.98;14.01;21.30;19.19;2.58;80766.0;31.0;30.0;52.0;4507.0;979.19;58.59;3.0;1.0;0;1.0;0;0;1.0;0;0;1.0;0;0;1.0;1.0;0;0;0;0;0
101996;1.07;1.00;30.0;1787.0;33.75;78.75;15.0;0;12.89;14.11;15.31;19.04;2.58;80766.0;30.0;30.0;52.0;4513.0;979.27;58.59;3.0;1.0;0;1.0;0;0;1.0;0;0;1.0;0;0;1.0;1.0;0;0;0;0;0
102516;1.14;1.00;28.0;1799.0;33.75;78.75;14.25;0;12.89;14.11;9.96;17.32;2.58;80766.0;29.0;29.0;53.0;4533.0;979.27;78.12;3.0;1.0;0;1.0;0;0;1.0;0;0;1.0;0;0;1.0;1.0;0;0;0;0;0
103036;1.07;1.00;28.0;1801.0;33.75;78.75;14.25;0;12.92;13.92;10.83;15.33;2.82;80766.0;29.0;29.0;51.0;4526.0;979.30;117.18;3.0;1.0;0;1.0;0;0;1.0;0;0;1.0;0;0;1.0;1.0;0;0;0;0;0
103586;1.08;0.99;28.0;1785.0;33.0;78.75;15.0;0;12.92;14.01;14.33;12.81;2.58;80766.0;29.0;29.0;52.0;4489.0;979.62;859.36;3.0;1.0;0;1.0;0;0;1.0;0;0;1.0;0;0;1.0;1.0;0;0;0;0;0
104106;1.07;0.99;28.0;1767.0;33.0;78.75;15.0;0;12.95;14.11;11.56;10.70;2.58;80766.0;29.0;29.0;51.0;4521.0;979.7;859.36;3.0;1.0;0;1.0;0;0;1.0;0;0;1.0;0;0;1.0;1.0;0;0;0;0;0
104626;1.12;0.97;28.0;1777.0;33.0;78.75;14.25;0;13.01;13.92;12.40;16.05;2.82;80766.0;29.0;29.0;51.0;4515.0;979.89;820.30;3.0;1.0;0;1.0;0;0;1.0;0;0;1.0;0;0;1.0;1.0;0;0;0;0;0
105148;1.12;0.98;28.0;1776.0;33.0;78.75;14.25;0;13.01;14.11;19.47;15.87;2.58;80766.0;29.0;29.0;53.0;4503.0;980.01;820.30;3.0;1.0;0;1.0;0;0;1.0;0;0;1.0;0;0;1.0;1.0;0;0;0;0;0
105716;1.08;0.99;28.0;1771.0;33.0;78.75;15.0;0;12.99;14.01;15.40;22.59;2.58;80766.0;29.0;29.0;51.0;4522.0;980.12;820.30;3.0;1.0;0;1.0;0;0;1.0;0;0;1.0;0;0;1.0;1.0;0;0;0;0;0
106236;1.13;0.99;30.0;1762.0;33.0;78.75;15.0;0;12.98;13.92;16.63;15.78;2.82;80766.0;30.0;29.0;53.0;4534.0;980.12;195.31;3.0;1.0;0;1.0;0;0;1.0;0;0;1.0;0;0;1.0;1.0;0;0;0;0;0
106756;1.13;0.99;30.0;1778.0;33.0;79.5;14.25;0;12.99;14.01;14.68;10.83;2.58;80766.0;30.0;29.0;53.0;4493.0;980.20;839.83;3.0;1.0;0;1.0;0;0;1.0;0;0;1.0;0;0;1.0;1.0;0;0;0;0;0
107287;1.04;0.99;28.0;1796.0;33.0;79.5;15.0;0;12.80;14.01;14.04;16.50;2.58;80766.0;29.0;29.0;50.0;4501.0;980.28;839.83;3.0;1.0;0;1.0;0;0;1.0;0;0;1.0;0;0;1.0;1.0;0;0;0;0;0
107806;1.04;0.99;30.0;1796.0;33.0;79.5;15.0;0;12.80;14.01;14.99;29.19;2.58;80766.0;30.0;29.0;50.0;4519.0;980.32;312.49;3.0;1.0;0;1.0;0;0;1.0;0;0;1.0;0;0;1.0;1.0;0;0;0;0;0
108326;1.04;1.00;30.0;1824.0;33.0;79.5;15.0;0;12.90;14.01;69.03;112.00;2.58;80766.0;29.0;30.0;51.0;4509.0;980.32;39.06;3.0;1.0;0;1.0;0;0;1.0;0;0;1.0;0;0;1.0;1.0;0;0;0;0;0
108846;1.14;1.00;28.0;1766.0;33.0;79.5;14.25;0;12.95;13.92;144.30;147.08;2.82;80766.0;29.0;29.0;49.0;4517.0;980.36;58.59;3.0;1.0;0;1.0;0;0;1.0;0;0;1.0;0;0;1.0;1.0;0;0;0;0;0
109366;1.07;0.99;27.0;1742.0;33.0;79.5;15.0;0;12.80;14.01;212.50;167.62;2.58;80766.0;28.0;28.0;51.0;4530.0;980.36;839.83;3.0;1.0;0;1.0;0;0;1.0;0;0;1.0;0;0;1.0;1.0;0;0;0;0;0
109896;1.06;0.99;28.0;1766.0;33.0;79.5;14.25;0;12.84;14.01;205.35;169.59;2.58;80766.0;29.0;28.0;50.0;4501.0;980.40;781.24;3.0;1.0;0;1.0;0;0;1.0;0;0;1.0;0;0;1.0;1.0;0;0;0;0;0
110426;1.11;0.97;28.0;1741.0;33.0;79.5;15.0;0;12.88;14.01;168.30;155.90;2.58;80766.0;29.0;28.0;50.0;4511.0;980.40;351.55;3.0;1.0;0;1.0;0;0;1.0;0;0;1.0;0;0;1.0;1.0;0;0;0;0;0
110986;1.01;0.97;28.0;1762.0;33.0;79.5;16.5;0;12.92;14.01;157.90;171.78;2.58;80766.0;29.0;28.0;51.0;4503.0;980.40;761.70;3.0;1.0;0;1.0;0;0;1.0;0;0;1.0;0;0;1.0;1.0;0;0;0;0;0
111506;1.12;1.00;26.0;1666.0;33.0;79.5;15.0;0;12.80;14.01;135.77;118.74;2.58;80766.0;26.0;27.0;53.0;4526.0;980.40;703.11;3.0;1.0;0;1.0;0;0;1.0;0;0;1.0;0;0;1.0;1.0;0;0;0;0;0
112076;1.26;0.99;23.0;1475.0;33.0;79.5;15.0;0;12.90;14.11;112.25;89.87;2.58;80766.0;24.0;24.0;51.0;4484.0;980.40;820.30;3.0;1.0;0;1.0;0;0;1.0;0;0;1.0;0;0;1.0;1.0;0;0;0;0;0
112596;1.40;0.97;20.0;1273.0;33.0;79.5;16.5;0;13.09;14.29;102.16;100.98;2.58;80766.0;20.0;21.0;52.0;4505.0;980.40;820.30;3.0;1.0;0;1.0;0;0;1.0;0;0;1.0;0;0;1.0;1.0;0;0;0;0;0
113115;1.34;0.96;16.0;1281.0;33.0;79.5;16.5;0;13.14;14.11;74.40;85.58;2.58;80766.0;16.0;16.0;54.0;4492.0;980.40;39.06;3.0;1.0;0;1.0;0;0;1.0;0;0;1.0;0;0;1.0;1.0;0;0;0;0;0
113635;1.45;0.98;13.0;1235.0;33.0;79.5;19.5;0;13.66;14.20;58.10;65.42;2.58;80766.0;14.0;14.0;53.0;4491.0;980.40;39.06;3.0;1.0;0;1.0;0;0;1.0;0;0;1.0;0;0;1.0;1.0;0;0;0;0;0
114166;1.55;0.99;13.0;1165.0;33.0;79.5;26.25;0;14.65;14.11;62.14;85.63;2.58;80766.0;14.0;14.0;55.0;4500.0;980.40;39.06;3.0;1.0;0;1.0;0;0;1.0;0;0;1.0;0;0;1.0;1.0;0;0;0;0;0
114685;1.40;1.01;13.0;1300.0;33.0;79.5;14.25;0;13.00;14.11;121.12;150.42;2.58;80766.0;13.0;13.0;54.0;4514.0;980.40;58.59;3.0;1.0;0;1.0;0;0;1.0;0;0;1.0;0;0;1.0;1.0;0;0;0;0;0
115206;1.52;1.03;12.0;1258.0;33.0;79.5;17.25;0;13.55;14.11;177.70;147.66;2.58;80766.0;12.0;12.0;54.0;4510.0;980.40;39.06;3.0;1.0;0;1.0;0;0;1.0;0;0;1.0;0;0;1.0;1.0;0;0;0;0;0
115725;2.98;1.04;12.0;1295.0;33.0;79.5;5.25;2.74;14.96;14.20;202.05;120.85;2.58;80766.0;12.0;12.0;54.0;4550.0;980.40;898.42;3.0;1.0;0;1.0;0;0;1.0;0;0;1.0;0;0;1.0;1.0;0;0;0;0;0
116247;4.03;1.00;15.0;1826.0;33.0;79.5;12.0;8.23;24.72;14.20;125.71;85.22;2.58;80766.0;15.0;15.0;52.0;4554.0;980.40;898.42;3.0;1.0;0;1.0;0;0;1.0;0;0;1.0;0;0;1.0;1.0;0;0;0;0;0
116765;3.88;0.99;20.0;1823.0;33.0;79.5;14.25;9.80;29.83;14.01;86.88;55.85;2.58;80766.0;20.0;20.0;52.0;4511.0;980.40;644.52;3.0;1.0;0;1.0;0;0;1.0;0;0;1.0;0;0;1.0;1.0;0;0;0;0;0
117296;3.96;0.99;25.0;1808.0;33.0;79.5;12.75;10.58;31.23;14.01;56.94;38.59;2.58;80766.0;25.0;25.0;52.0;4504.0;980.40;58.59;3.0;1.0;0;1.0;0;0;1.0;0;0;1.0;0;0;1.0;1.0;0;0;0;0;0
117816;3.48;1.00;30.0;1910.0;33.0;79.5;15.75;8.62;27.13;14.01;39.35;25.27;2.58;80766.0;30.0;30.0;52.0;4484.0;980.40;58.59;3.0;1.0;0;1.0;0;0;1.0;0;0;1.0;0;0;1.0;1.0;0;0;0;0;0
118335;2.95;1.01;33.0;2124.0;33.0;79.5;18.75;7.45;22.49;13.92;23.14;16.58;2.82;80766.0;33.0;34.0;52.0;4502.0;980.40;859.36;3.0;1.0;0;1.0;0;0;1.0;0;0;1.0;0;0;1.0;1.0;0;0;0;0;0
118857;2.72;0.97;37.0;2304.0;33.0;79.5;22.5;6.66;21.65;14.01;13.61;10.23;2.58;80766.0;37.0;38.0;52.0;4451.0;980.40;683.58;3.0;1.0;0;1.0;0;0;1.0;0;0;1.0;0;0;1.0;1.0;0;0;0;0;0
119426;2.13;1.01;40.0;2459.0;33.0;79.5;24.75;4.31;16.80;13.82;7.96;5.97;2.82;80766.0;39.0;40.0;52.0;4491.0;980.40;839.83;3.0;1.0;0;1.0;0;0;1.0;0;0;1.0;0;0;1.0;1.0;0;0;0;0;0
119946;1.38;1.00;42.0;2564.0;33.0;79.5;27.0;2.35;11.95;14.01;4.15;2.90;2.58;80766.0;42.0;42.0;52.0;4537.0;980.52;878.89;3.0;1.0;0;1.0;0;0;1.0;0;0;1.0;0;0;1.0;1.0;0;0;0;0;0
120476;1.20;0.98;43.0;2627.0;33.0;79.5;28.5;1.96;10.03;14.01;2.24;3.63;2.58;80766.0;43.0;43.0;52.0;4552.0;980.55;898.42;3.0;1.0;0;1.0;0;0;1.0;0;0;1.0;0;0;1.0;1.0;0;0;0;0;0
120996;1.12;0.97;43.0;2680.0;33.0;79.5;28.5;1.56;9.36;13.92;2.71;1.93;2.82;80766.0;44.0;44.0;52.0;4524.0;980.63;878.89;3.0;1.0;0;1.0;0;0;1.0;0;0;1.0;0;0;1.0;1.0;0;0;0;0;0
121516;0.78;1.00;43.0;2646.0;33.0;79.5;19.5;0;13.01;13.82;1.42;0.93;2.82;80766.0;44.0;44.0;52.0;4537.0;980.59;97.65;3.0;1.0;0;1.0;0;0;1.0;0;0;1.0;0;0;1.0;1.0;0;0;0;0;0
122086;0.79;1.00;43.0;2654.0;33.0;80.25;18.75;0;12.90;13.92;2.61;0.35;2.82;80766.0;44.0;43.0;52.0;4515.0;980.87;19.53;3.0;1.0;0;1.0;0;0;1.0;0;0;1.0;0;0;1.0;1.0;0;0;0;0;0
122606;0.79;1.00;43.0;2640.0;33.0;80.25;18.0;0;12.82;13.92;1.38;0.13;2.82;80766.0;44.0;43.0;52.0;4511.0;980.91;39.06;3.0;1.0;0;1.0;0;0;1.0;0;0;1.0;0;0;1.0;1.0;0;0;0;0;0
123146;0.79;1.00;42.0;2643.0;33.0;80.25;18.0;0;12.81;13.92;0.56;0;2.82;80766.0;43.0;43.0;52.0;4508.0;981.06;39.06;3.0;1.0;0;1.0;0;0;1.0;0;0;1.0;0;0;1.0;1.0;0;0;0;0;0
123697;0.79;1.00;43.0;2637.0;33.0;80.25;18.0;0;12.83;14.01;0.25;0;2.58;80766.0;44.0;43.0;52.0;4502.0;981.22;39.06;3.0;1.0;0;1.0;0;0;1.0;0;0;1.0;0;0;1.0;1.0;0;0;0;0;0
124227;0.79;1.00;43.0;2651.0;33.0;80.25;18.0;0;12.83;13.92;0.03;0;2.82;80766.0;43.0;43.0;52.0;4511.0;981.34;39.06;3.0;1.0;0;1.0;0;0;1.0;0;0;1.0;0;0;1.0;1.0;0;0;0;0;0
124746;0.79;1.00;43.0;2626.0;33.0;80.25;18.0;0;12.82;13.82;0;0;2.82;80766.0;43.0;43.0;52.0;4513.0;981.45;39.06;3.0;1.0;0;1.0;0;0;1.0;0;0;1.0;0;0;1.0;1.0;0;0;0;0;0
125266;0.79;1.00;42.0;2635.0;33.0;80.25;18.0;0;12.85;13.92;1.46;0;2.82;80766.0;43.0;43.0;52.0;4523.0;981.49;39.06;3.0;1.0;0;1.0;0;0;1.0;0;0;1.0;0;0;1.0;1.0;0;0;0;0;0
125786;0.79;1.00;42.0;2615.0;33.0;80.25;18.0;0;12.81;13.92;0.72;2.20;2.82;80766.0;43.0;43.0;52.0;4505.0;981.53;39.06;3.0;1.0;0;1.0;0;0;1.0;0;0;1.0;0;0;1.0;1.0;0;0;0;0;0
126308;0.8;1.00;42.0;2612.0;33.0;80.25;18.0;0;12.82;13.82;2.14;1.23;2.82;80766.0;43.0;43.0;52.0;4506.0;981.53;39.06;3.0;1.0;0;1.0;0;0;1.0;0;0;1.0;0;0;1.0;1.0;0;0;0;0;0
126836;0.81;1.00;42.0;2565.0;33.0;80.25;17.25;0;12.85;14.01;2.79;1.77;2.58;80766.0;43.0;42.0;52.0;4503.0;981.57;39.06;3.0;1.0;0;1.0;0;0;1.0;0;0;1.0;0;0;1.0;1.0;0;0;0;0;0
127356;0.81;1.00;40.0;2506.0;33.0;80.25;17.25;0;12.78;13.92;3.71;0.97;2.82;80766.0;40.0;41.0;52.0;4498.0;981.57;58.59;3.0;1.0;0;1.0;0;0;1.0;0;0;1.0;0;0;1.0;1.0;0;0;0;0;0
127876;0.88;1.00;37.0;2253.0;33.0;80.25;15.0;0;12.79;13.92;3.57;2.40;2.82;80766.0;37.0;37.0;54.0;4575.0;981.61;58.59;3.0;1.0;0;1.0;0;0;1.0;0;0;1.0;0;0;1.0;1.0;0;0;0;0;0
128406;0.90;1.00;33.0;2097.0;33.0;80.25;15.75;0;12.82;13.92;10.62;21.75;2.82;80766.0;34.0;34.0;50.0;4533.0;981.61;39.06;3.0;1.0;0;1.0;0;0;1.0;0;0;1.0;0;0;1.0;1.0;0;0;0;0;0
128926;0.95;1.00;33.0;2045.0;33.0;80.25;14.25;0;12.83;13.92;16.38;49.25;2.82;80766.0;33.0;33.0;52.0;4511.0;981.61;58.59;3.0;1.0;0;1.0;0;0;1.0;0;0;1.0;0;0;1.0;1.0;0;0;0;0;0
129446;1.28;1.00;33.0;1748.0;33.0;80.25;14.25;1.17;9.26;14.11;25.79;40.23;2.58;80766.0;33.0;33.0;52.0;4512.0;981.61;58.59;3.0;1.0;0;1.0;0;0;1.0;0;0;1.0;0;0;1.0;1.0;0;0;0;0;0
129968;2.05;1.00;33.0;2218.0;33.0;80.25;8.25;3.52;12.41;14.01;16.87;24.95;2.58;80766.0;33.0;33.0;52.0;4534.0;981.61;371.08;3.0;1.0;0;1.0;0;0;1.0;0;0;1.0;0;0;1.0;1.0;0;0;0;0;0
130487;2.05;1.02;35.0;2120.0;33.0;80.25;15.0;3.13;14.52;14.01;10.44;16.30;2.58;80766.0;35.0;34.0;52.0;4508.0;981.61;97.65;3.0;1.0;0;1.0;0;0;1.0;0;0;1.0;0;0;1.0;1.0;0;0;0;0;0
131017;2.01;1.02;36.0;2231.0;33.0;80.25;20.25;3.52;14.87;13.92;6.44;10.09;2.82;80766.0;36.0;36.0;52.0;4487.0;981.61;898.42;3.0;1.0;0;1.0;0;0;1.0;0;0;1.0;0;0;1.0;1.0;0;0;0;0;0
131536;1.93;1.00;37.0;2317.0;33.0;81.0;22.5;3.13;14.98;13.82;20.85;39.13;2.82;80766.0;38.0;38.0;51.0;4457.0;981.61;859.36;3.0;1.0;0;1.0;0;0;1.0;0;0;1.0;0;0;1.0;1.0;0;0;0;0;0
132056;1.79;0.98;38.0;2397.0;33.0;81.0;24.0;3.13;14.22;13.92;142.11;148.27;2.82;80766.0;39.0;39.0;51.0;4468.0;981.69;878.89;3.0;1.0;0;1.0;0;0;1.0;0;0;1.0;0;0;1.0;1.0;0;0;0;0;0
132576;1.55;0.96;41.0;2487.0;33.0;81.0;25.5;2.74;12.89;13.92;214.83;215.18;2.82;80766.0;41.0;41.0;51.0;4516.0;981.84;878.89;3.0;1.0;0;1.0;0;0;1.0;0;0;1.0;0;0;1.0;1.0;0;0;0;0;0
133096;0.81;1.00;40.0;2501.0;33.0;81.0;17.25;0;12.81;13.92;227.15;262.79;2.82;80766.0;40.0;40.0;52.0;4519.0;981.80;703.11;3.0;1.0;0;1.0;0;0;1.0;0;0;1.0;0;0;1.0;1.0;0;0;0;0;0
133627;0.83;1.00;38.0;2404.0;33.0;81.0;17.25;0;12.74;13.82;125.75;144.97;2.82;80766.0;39.0;39.0;51.0;4524.0;981.96;117.18;3.0;1.0;0;1.0;0;0;1.0;0;0;1.0;0;0;1.0;1.0;0;0;0;0;0
134147;0.84;1.00;37.0;2359.0;33.0;81.0;15.75;0;12.74;13.92;168.64;110.07;2.82;80766.0;38.0;38.0;52.0;4523.0;981.92;58.59;3.0;1.0;0;1.0;0;0;1.0;0;0;1.0;0;0;1.0;1.0;0;0;0;0;0
134666;0.87;1.00;36.0;2243.0;33.0;81.0;15.75;0;12.74;13.92;124.54;98.68;2.82;80766.0;37.0;36.0;51.0;4573.0;982.00;58.59;3.0;1.0;0;1.0;0;0;1.0;0;0;1.0;0;0;1.0;1.0;0;0;0;0;0
135186;0.90;1.00;33.0;2101.0;33.0;81.0;15.0;0;12.64;13.92;137.78;87.57;2.82;80766.0;34.0;34.0;51.0;4526.0;982.16;39.06;3.0;1.0;0;1.0;0;0;1.0;0;0;1.0;0;0;1.0;1.0;0;0;0;0;0
135716;0.95;1.00;32.0;2009.0;33.0;81.0;14.25;0;12.78;13.92;105.59;80.28;2.82;80766.0;32.0;33.0;52.0;4517.0;982.31;39.06;3.0;1.0;0;1.0;0;0;1.0;0;0;1.0;0;0;1.0;1.0;0;0;0;0;0
136236;1.04;1.00;31.0;1927.0;33.0;81.0;14.25;0;12.74;14.01;70.05;54.66;2.58;80766.0;32.0;31.0;51.0;4508.0;982.47;58.59;3.0;1.0;0;1.0;0;0;1.0;0;0;1.0;0;0;1.0;1.0;0;0;0;0;0
136757;0.99;1.00;31.0;1899.0;33.0;81.0;15.0;0;12.72;14.01;57.69;45.77;2.58;80766.0;31.0;31.0;50.0;4491.0;982.59;78.12;3.0;1.0;0;1.0;0;0;1.0;0;0;1.0;0;0;1.0;1.0;0;0;0;0;0
137306;0.93;1.00;31.0;1972.0;33.0;81.0;15.0;0;12.61;13.92;66.06;70.13;2.82;80766.0;32.0;32.0;51.0;4514.0;982.66;58.59;3.0;1.0;0;1.0;0;0;1.0;0;0;1.0;0;0;1.0;1.0;0;0;0;0;0
137826;0.94;1.00;31.0;1970.0;33.0;81.0;15.0;0;12.63;14.01;88.11;85.63;2.58;80766.0;32.0;32.0;50.0;4511.0;982.74;58.59;3.0;1.0;0;1.0;0;0;1.0;0;0;1.0;0;0;1.0;1.0;0;0;0;0;0
138346;2.65;1.00;32.0;2050.0;33.0;81.0;-1.5;3.92;10.79;14.01;123.23;98.64;2.58;80766.0;33.0;33.0;51.0;4544.0;982.78;722.64;3.0;1.0;0;1.0;0;0;1.0;0;0;1.0;0;0;1.0;1.0;0;0;0;0;0
138916;2.29;1.00;33.0;2141.0;33.0;81.0;5.25;4.31;13.75;13.92;172.86;131.37;2.82;80766.0;34.0;34.0;51.0;4501.0;982.78;58.59;3.0;1.0;0;1.0;0;0;1.0;0;0;1.0;0;0;1.0;1.0;0;0;0;0;0
139436;2.33;1.02;36.0;2225.0;33.0;81.0;12.75;4.31;15.64;14.01;242.07;146.61;2.58;80766.0;37.0;36.0;51.0;4469.0;982.82;410.15;3.0;1.0;0;1.0;0;0;1.0;0;0;1.0;0;0;1.0;1.0;0;0;0;0;0
140037;2.2;1.01;38.0;2348.0;33.0;81.0;21.0;4.31;16.36;14.01;259.90;178.07;2.58;80766.0;38.0;38.0;51.0;4433.0;982.82;878.89;3.0;1.0;0;1.0;0;0;1.0;0;0;1.0;0;0;1.0;1.0;0;0;0;0;0
140556;1.78;0.99;40.0;2435.0;33.0;81.0;24.75;3.13;14.00;13.92;314.68;136.04;2.82;80766.0;40.0;40.0;51.0;4487.0;982.86;898.42;3.0;1.0;0;1.0;0;0;1.0;0;0;1.0;0;0;1.0;1.0;0;0;0;0;0
141076;1.48;0.97;40.0;2465.0;33.0;81.0;24.75;2.35;11.97;13.73;221.62;197.91;2.82;80766.0;40.0;39.0;51.0;4503.0;982.86;898.42;3.0;1.0;0;1.0;0;0;1.0;0;0;1.0;0;0;1.0;1.0;0;0;0;0;0
141607;2.29;0.99;40.0;2495.0;33.0;81.0;25.5;4.70;18.01;14.01;149.42;250.19;2.58;80766.0;40.0;40.0;51.0;4481.0;982.86;878.89;3.0;1.0;0;1.0;0;0;1.0;0;0;1.0;0;0;1.0;1.0;0;0;0;0;0
142176;2.96;0.99;41.0;2557.0;33.0;81.0;26.25;8.23;22.98;14.01;178.83;186.49;2.58;80766.0;41.0;42.0;51.0;4499.0;982.86;878.89;3.0;1.0;0;1.0;0;0;1.0;0;0;1.0;0;0;1.0;1.0;0;0;0;0;0
142698;3.35;0.98;42.0;2654.0;33.0;81.0;27.0;11.76;27.02;13.92;175.18;216.29;2.82;80766.0;42.0;43.0;51.0;4523.0;982.86;820.30;3.0;1.0;0;1.0;0;0;1.0;0;0;1.0;0;0;1.0;1.0;0;0;0;0;0
143217;2.88;0.99;45.0;2782.0;33.0;81.0;30.0;8.62;23.81;13.73;260.00;290.25;2.82;80766.0;45.0;45.0;51.0;4535.0;982.86;859.36;3.0;1.0;0;1.0;0;0;1.0;0;0;1.0;0;0;1.0;1.0;0;0;0;0;0
143736;2.65;0.95;47.0;2904.0;33.0;81.0;32.25;8.23;22.74;13.92;306.23;325.52;2.82;80766.0;47.0;47.0;51.0;4527.0;982.86;722.64;3.0;1.0;0;1.0;0;0;1.0;0;0;1.0;0;0;1.0;1.0;0;0;0;0;0
144268;2.59;0.92;50.0;3011.0;33.0;81.0;34.5;8.23;22.93;13.92;331.11;341.91;2.82;80766.0;50.0;49.0;51.0;4524.0;982.86;136.71;3.0;1.0;0;1.0;0;0;1.0;0;0;1.0;0;0;1.0;1.0;0;0;0;0;0
144817;2.59;0.97;51.0;3173.0;33.0;81.0;35.25;7.84;21.55;13.92;324.04;350.07;2.82;80766.0;51.0;51.0;51.0;4521.0;982.86;781.24;3.0;1.0;0;1.0;0;0;1.0;0;0;1.0;0;0;1.0;1.0;0;0;0;0;0
145376;1.46;0.99;52.0;3189.0;33.0;81.0;36.75;3.52;12.07;13.92;326.07;354.02;2.82;80766.0;52.0;52.0;51.0;4532.0;982.86;878.89;3.0;1.0;0;1.0;0;0;1.0;0;0;1.0;0;0;1.0;1.0;0;0;0;0;0
145896;1.44;0.97;52.0;3234.0;33.0;81.0;37.5;3.13;12.09;13.92;322.59;351.46;2.82;80766.0;53.0;53.0;51.0;4521.0;982.86;859.36;3.0;1.0;0;1.0;0;0;1.0;0;0;1.0;0;0;1.0;1.0;0;0;0;0;0
146426;1.22;0.95;53.0;3225.0;33.0;81.0;37.5;2.74;10.66;13.92;340.11;348.16;2.82;80766.0;53.0;53.0;51.0;4524.0;982.86;839.83;3.0;1.0;0;1.0;0;0;1.0;0;0;0;0;0;1.0;1.0;0;0;0;0;0
146947;0.62;1.00;51.0;3146.0;33.0;81.0;-30.0;0;0;14.01;310.91;300.48;2.58;80766.0;52.0;52.0;51.0;4539.0;982.86;19.53;3.0;1.0;0;1.0;0;0;1.0;0;0;0;0;0;1.0;1.0;0;0;0;0;0
147466;0.63;1.00;50.0;3056.0;33.0;81.0;-30.0;0;0;14.01;259.39;287.46;2.58;80766.0;51.0;50.0;51.0;4555.0;982.86;0;3.0;1.0;0;1.0;0;0;1.0;0;0;1.0;0;0;1.0;1.0;0;0;0;0;0
147996;0.64;1.00;48.0;2965.0;33.0;81.0;-30.0;0;0;14.01;270.70;304.00;2.58;80766.0;49.0;48.0;51.0;4558.0;982.86;0;3.0;1.0;0;1.0;0;0;1.0;0;0;1.0;0;0;1.0;1.0;0;0;0;0;0
148517;0.65;1.00;47.0;2866.0;33.0;81.0;-30.0;0;0;14.01;225.21;327.26;2.58;80766.0;48.0;47.0;51.0;4563.0;982.86;19.53;3.0;1.0;0;1.0;0;0;1.0;0;0;1.0;0;0;1.0;1.0;0;0;0;0;0
149037;0.67;1.00;46.0;2791.0;33.0;81.0;-30.0;0;0;13.92;290.93;324.08;2.82;80766.0;46.0;45.0;51.0;4575.0;982.86;19.53;3.0;1.0;0;1.0;0;0;1.0;0;0;1.0;0;0;1.0;1.0;0;0;0;0;0
149607;0.67;1.00;45.0;2729.0;33.0;81.75;-30.0;0;0;14.01;302.24;319.56;2.58;80766.0;45.0;45.0;51.0;4570.0;982.94;19.53;3.0;1.0;0;1.0;0;0;1.0;0;0;1.0;0;0;1.0;1.0;0;0;0;0;0
150127;0.69;1.00;43.0;2632.0;33.0;81.75;-30.0;0;0;13.92;329.54;337.26;2.82;80766.0;44.0;43.0;51.0;4547.0;982.98;19.53;3.0;1.0;0;1.0;0;0;1.0;0;0;1.0;0;0;1.0;1.0;0;0;0;0;0
150656;0.72;1.00;42.0;2565.0;33.0;81.75;-30.0;0;0;14.11;327.59;344.21;2.58;80766.0;43.0;42.0;51.0;4504.0;983.09;19.53;3.0;1.0;0;1.0;0;0;1.0;0;0;1.0;0;0;1.0;1.0;0;0;0;0;0
151176;0.87;1.00;41.0;2517.0;33.0;81.75;17.25;0;12.73;14.01;345.79;330.52;2.58;80766.0;41.0;41.0;51.0;4224.0;983.13;39.06;3.0;1.0;0;1.0;0;0;1.0;0;0;1.0;0;0;1.0;1.0;0;0;0;0;0
151697;0.84;1.00;40.0;2448.0;33.0;81.75;16.5;0;12.65;14.01;332.84;338.70;2.58;80766.0;40.0;40.0;50.0;4318.0;983.21;58.59;3.0;1.0;0;1.0;0;0;1.0;0;0;1.0;0;0;1.0;1.0;0;0;0;0;0
152217;0.83;1.00;38.0;2398.0;33.0;81.75;17.25;0;12.62;14.01;344.99;297.22;2.58;80766.0;39.0;39.0;51.0;4441.0;983.17;58.59;3.0;1.0;0;1.0;0;0;1.0;0;0;1.0;0;0;1.0;1.0;0;0;0;0;0
152747;0.84;1.00;38.0;2339.0;33.0;81.75;15.75;0;12.70;13.92;316.81;251.78;2.82;80766.0;38.0;38.0;51.0;4521.0;983.25;58.59;3.0;1.0;0;1.0;0;0;1.0;0;0;1.0;0;0;1.0;1.0;0;0;0;0;0
153266;0.85;1.00;37.0;2277.0;33.0;81.75;15.75;0;12.63;14.11;271.19;217.73;2.58;80766.0;38.0;37.0;50.0;4550.0;983.21;58.59;3.0;1.0;0;1.0;0;0;1.0;0;0;1.0;0;0;1.0;1.0;0;0;0;0;0
153786;0.87;1.00;36.0;2191.0;33.0;81.75;15.75;0;12.63;13.92;214.96;160.69;2.82;80766.0;36.0;36.0;49.0;4554.0;983.41;58.59;3.0;1.0;0;1.0;0;0;1.0;0;0;1.0;0;0;1.0;1.0;0;0;0;0;0
154316;0.96;1.00;32.0;1980.0;33.0;81.75;15.0;0;12.68;14.01;163.70;110.73;2.58;80766.0;32.0;32.0;50.0;4532.0;983.56;58.59;3.0;1.0;0;1.0;0;0;1.0;0;0;1.0;0;0;1.0;1.0;0;0;0;0;0
154836;1.12;1.00;26.0;1634.0;33.0;81.75;15.0;0;12.61;14.11;127.51;92.12;2.58;80766.0;27.0;26.0;49.0;4508.0;983.60;58.59;3.0;1.0;0;1.0;0;0;1.0;0;0;1.0;0;0;1.0;1.0;0;0;0;0;0
155356;2.72;1.02;23.0;1377.0;33.0;81.75;5.25;2.35;12.87;14.20;106.94;74.33;2.58;80766.0;23.0;23.0;52.0;4489.0;983.76;761.70;3.0;1.0;0;1.0;0;0;1.0;0;0;1.0;0;0;1.0;1.0;0;0;0;0;0
155906;1.28;0.98;22.0;1434.0;33.0;81.75;15.0;0;12.77;14.20;101.98;69.46;2.58;80766.0;23.0;22.0;49.0;4527.0;983.80;878.89;2.0;1.0;0;1.0;0;0;1.0;0;0;1.0;0;0;1.0;1.0;0;0;0;0;0
156425;1.08;0.97;22.0;1722.0;33.0;81.75;14.25;0;12.63;14.01;78.70;57.98;2.58;80766.0;22.0;22.0;49.0;4534.0;983.87;253.90;2.0;1.0;0;1.0;0;0;1.0;0;0;1.0;0;0;1.0;1.0;0;0;0;0;0
156946;1.15;0.97;21.0;1629.0;33.0;81.75;15.0;0;12.64;14.20;69.23;54.99;2.58;80766.0;21.0;21.0;49.0;4489.0;983.95;156.24;2.0;1.0;0;1.0;0;0;1.0;0;0;1.0;0;0;1.0;1.0;0;0;0;0;0
157516;1.68;0.98;21.0;1745.0;33.0;81.75;8.25;1.96;11.35;14.01;59.39;57.55;2.58;80766.0;22.0;21.0;51.0;4538.0;983.99;58.59;2.0;1.0;0;1.0;0;0;1.0;0;0;1.0;0;0;1.0;1.0;0;0;0;0;0
158047;1.72;0.99;22.0;1766.0;33.0;81.75;12.0;1.96;12.60;14.01;53.57;152.90;2.58;80766.0;22.0;22.0;51.0;4512.0;984.03;39.06;2.0;1.0;0;1.0;0;0;1.0;0;0;1.0;0;0;1.0;1.0;0;0;0;0;0
158567;1.67;1.00;23.0;1847.0;33.0;81.75;15.0;1.56;12.34;14.11;75.52;151.20;2.58;80766.0;24.0;24.0;51.0;4502.0;984.07;58.59;2.0;1.0;0;1.0;0;0;1.0;0;0;1.0;0;0;1.0;1.0;0;0;0;0;0
159087;1.63;1.02;25.0;1920.0;33.0;81.75;15.75;1.96;12.01;13.92;124.64;173.25;2.82;80766.0;25.0;25.0;51.0;4512.0;984.07;58.59;2.0;1.0;0;1.0;0;0;1.0;0;0;1.0;0;0;1.0;1.0;0;0;0;0;0
159616;1.06;1.03;25.0;1904.0;33.0;81.75;16.5;0.39;9.18;14.11;106.67;156.51;2.58;80766.0;25.0;25.0;51.0;4501.0;984.07;78.12;2.0;1.0;0;1.0;0;0;1.0;0;0;1.0;0;0;1.0;1.0;0;0;0;0;0
160136;1.05;1.00;25.0;1902.0;33.0;81.75;13.5;0;12.76;14.01;125.07;158.93;2.58;80766.0;25.0;24.0;51.0;4518.0;984.11;878.89;2.0;1.0;0;1.0;0;0;1.0;0;0;1.0;0;0;1.0;1.0;0;0;0;0;0
160659;1.0;1.00;23.0;1891.0;33.0;81.75;15.0;0;12.68;14.01;94.62;118.48;2.58;80766.0;24.0;24.0;49.0;4526.0;984.11;136.71;2.0;1.0;0;1.0;0;0;1.0;0;0;1.0;0;0;1.0;1.0;0;0;0;0;0
161197;0.99;1.00;23.0;1888.0;33.0;81.75;14.25;0;12.62;14.01;62.02;81.88;2.58;80766.0;24.0;24.0;49.0;4514.0;984.11;429.68;2.0;1.0;0;1.0;0;0;1.0;0;0;1.0;0;0;1.0;1.0;0;0;0;0;0
161796;0.99;1.00;23.0;1876.0;33.0;81.75;15.0;0;12.68;14.11;50.13;73.37;2.58;80766.0;24.0;24.0;49.0;4515.0;984.11;58.59;2.0;1.0;0;1.0;0;0;1.0;0;0;1.0;0;0;1.0;1.0;0;0;0;0;0
162366;1.02;1.00;23.0;1810.0;33.0;81.75;15.0;0;12.64;14.01;36.46;45.58;2.58;80766.0;24.0;23.0;48.0;4507.0;984.11;58.59;2.0;1.0;0;1.0;0;0;1.0;0;0;1.0;0;0;1.0;1.0;0;0;0;0;0
162896;1.03;1.00;23.0;1842.0;33.0;81.75;14.25;0;12.74;14.01;25.50;36.65;2.58;80766.0;24.0;24.0;50.0;4529.0;984.11;58.59;2.0;1.0;0;1.0;0;0;1.0;0;0;1.0;0;0;1.0;1.0;0;0;0;0;0
163417;1.03;1.00;23.0;1826.0;33.0;81.75;15.0;0;12.63;14.11;17.57;34.07;2.58;80766.0;24.0;24.0;49.0;4512.0;984.11;78.12;2.0;1.0;0;1.0;0;0;1.0;0;0;1.0;0;0;1.0;1.0;0;0;0;0;0
163986;0.98;1.00;23.0;1903.0;33.0;81.75;14.25;0;12.62;14.11;13.28;27.51;2.58;80766.0;24.0;24.0;49.0;4526.0;984.11;78.12;2.0;1.0;0;1.0;0;0;1.0;0;0;1.0;0;0;1.0;1.0;0;0;0;0;0
164506;1.04;1.00;23.0;1852.0;33.0;81.75;14.25;0;12.64;14.01;9.99;19.41;2.58;80766.0;24.0;24.0;49.0;4516.0;984.11;78.12;2.0;1.0;0;1.0;0;0;1.0;0;0;1.0;0;0;1.0;1.0;0;0;0;0;0
165036;1.21;1.00;23.0;1817.0;33.0;81.75;39.75;0;11.61;14.01;6.48;18.70;2.58;80766.0;23.0;23.0;51.0;4504.0;984.11;78.12;2.0;1.0;0;1.0;0;0;1.0;0;0;1.0;0;0;1.0;1.0;0;0;0;0;0
165556;1.32;1.01;23.0;1882.0;33.0;81.75;15.0;1.17;10.06;14.01;17.10;49.68;2.58;80766.0;23.0;23.0;51.0;4526.0;984.11;58.59;2.0;1.0;0;1.0;0;0;1.0;0;0;1.0;0;0;1.0;1.0;0;0;0;0;0
166076;1.88;1.03;25.0;1980.0;33.0;81.75;16.5;2.35;13.75;13.92;79.85;114.17;2.82;80766.0;25.0;25.0;51.0;4529.0;984.11;136.71;2.0;1.0;0;1.0;0;0;1.0;0;0;1.0;0;0;1.0;1.0;0;0;0;0;0
166596;1.96;1.04;26.0;2033.0;33.0;81.75;18.0;2.74;14.26;14.01;154.77;209.02;2.58;80766.0;26.0;26.0;51.0;4518.0;984.11;859.36;2.0;1.0;0;1.0;0;0;1.0;0;0;1.0;0;0;1.0;1.0;0;0;0;0;0
167126;1.81;1.02;27.0;2184.0;33.0;81.75;20.25;2.74;13.59;13.92;228.14;231.07;2.82;80766.0;28.0;27.0;51.0;4518.0;984.11;898.42;2.0;1.0;0;1.0;0;0;1.0;0;0;1.0;0;0;1.0;1.0;0;0;0;0;0
167646;1.64;1.00;28.0;2256.0;33.0;81.75;21.75;2.35;12.61;14.01;276.25;264.80;2.58;80766.0;29.0;29.0;51.0;4491.0;984.11;898.42;2.0;1.0;0;1.0;0;0;1.0;0;0;1.0;0;0;1.0;1.0;0;0;0;0;0
168166;1.47;0.99;30.0;2323.0;33.0;81.75;22.5;1.96;11.58;14.01;307.20;289.27;2.58;80766.0;30.0;30.0;51.0;4481.0;984.11;878.89;2.0;1.0;0;1.0;0;0;1.0;0;0;1.0;0;0;1.0;1.0;0;0;0;0;0
168696;1.24;0.97;30.0;2383.0;33.0;81.75;24.0;1.56;10.76;13.92;313.35;295.29;2.82;80766.0;31.0;30.0;51.0;4495.0;984.11;878.89;2.0;1.0;0;1.0;0;0;1.0;0;0;1.0;0;0;1.0;1.0;0;0;0;0;0
169226;1.10;0.95;30.0;2353.0;33.0;81.75;24.0;1.17;9.13;13.92;331.69;270.02;2.82;80766.0;31.0;31.0;51.0;4492.0;984.11;898.42;2.0;1.0;0;1.0;0;0;1.0;0;0;1.0;0;0;1.0;1.0;0;0;0;0;0
169738;1.08;0.94;30.0;2363.0;33.0;81.75;23.25;1.17;8.99;13.92;284.27;260.74;2.82;80766.0;30.0;30.0;51.0;4511.0;984.23;644.52;2.0;1.0;0;1.0;0;0;1.0;0;0;1.0;0;0;1.0;1.0;0;0;0;0;0
170267;1.08;0.92;30.0;2288.0;33.0;81.75;22.5;1.17;9.20;13.92;264.04;249.86;2.82;80766.0;30.0;30.0;51.0;4541.0;984.27;781.24;2.0;1.0;0;1.0;0;0;1.0;0;0;1.0;0;0;1.0;1.0;0;0;0;0;0
170786;1.11;0.92;28.0;2219.0;33.0;81.75;21.75;1.17;9.49;14.01;277.71;238.32;2.58;80766.0;29.0;29.0;51.0;4537.0;984.23;39.06;2.0;1.0;0;1.0;0;0;1.0;0;0;1.0;0;0;1.0;1.0;0;0;0;0;0
171306;1.21;0.93;28.0;2204.0;33.0;81.75;21.75;1.17;9.91;13.92;228.42;225.27;2.82;80766.0;29.0;29.0;51.0;4536.0;984.23;58.59;2.0;1.0;0;1.0;0;0;1.0;0;0;1.0;0;0;1.0;1.0;0;0;0;0;0
171836;1.15;0.95;28.0;2192.0;33.0;82.5;21.0;1.17;9.50;13.92;188.40;229.84;2.82;80766.0;28.0;28.0;51.0;4531.0;984.19;78.12;2.0;1.0;0;1.0;0;0;1.0;0;0;1.0;0;0;1.0;1.0;0;0;0;0;0
172356;1.00;0.96;27.0;2151.0;33.0;82.5;20.25;0.39;8.60;14.11;213.81;281.05;2.58;80766.0;28.0;28.0;51.0;4528.0;984.19;117.18;2.0;1.0;0;1.0;0;0;1.0;0;0;1.0;0;0;1.0;1.0;0;0;0;0;0
172876;0.95;1.00;26.0;2047.0;33.0;82.5;14.25;0;12.65;14.01;223.11;236.82;2.58;80766.0;27.0;26.0;50.0;4494.0;984.23;58.59;2.0;1.0;0;1.0;0;0;1.0;0;0;1.0;0;0;1.0;1.0;0;0;0;0;0
173406;0.96;1.00;25.0;1983.0;33.0;82.5;14.25;0;12.56;13.92;233.94;181.21;2.82;80766.0;25.0;25.0;49.0;4503.0;984.23;39.06;2.0;1.0;0;1.0;0;0;1.0;0;0;1.0;0;0;1.0;1.0;0;0;0;0;0
173927;1.01;1.00;23.0;1853.0;33.0;82.5;14.25;0;12.56;14.01;167.54;125.46;2.58;80766.0;24.0;24.0;49.0;4511.0;984.19;39.06;2.0;1.0;0;1.0;0;0;1.0;0;0;1.0;0;0;1.0;1.0;0;0;0;0;0
174495;1.06;1.00;22.0;1779.0;33.0;82.5;15.0;0;12.50;14.01;115.81;82.26;2.58;80766.0;23.0;23.0;49.0;4533.0;984.30;58.59;2.0;1.0;0;1.0;0;0;1.0;0;0;1.0;0;0;1.0;1.0;0;0;0;0;0
175067;1.77;1.02;22.0;1734.0;33.0;82.5;11.25;1.96;12.20;14.20;136.33;78.39;2.58;80766.0;22.0;22.0;51.0;4522.0;984.38;58.59;2.0;1.0;0;1.0;0;0;1.0;0;0;1.0;0;0;1.0;1.0;0;0;0;0;0
175587;1.74;1.03;22.0;1781.0;33.0;82.5;13.5;1.96;12.48;14.11;163.89;103.46;2.58;80766.0;23.0;22.0;51.0;4504.0;984.46;58.59;2.0;1.0;0;1.0;0;0;1.0;0;0;1.0;0;0;1.0;1.0;0;0;0;0;0
176116;1.16;1.00;23.0;1751.0;33.0;82.5;14.25;0.39;9.49;14.11;175.98;104.30;2.58;80766.0;24.0;24.0;51.0;4517.0;984.70;78.12;2.0;1.0;0;1.0;0;0;1.0;0;0;1.0;0;0;1.0;1.0;0;0;0;0;0
176636;1.20;1.01;22.0;1750.0;33.0;82.5;13.5;0.39;10.53;13.92;142.94;163.95;2.82;80766.0;23.0;22.0;51.0;4500.0;984.81;97.65;2.0;1.0;0;1.0;0;0;1.0;0;0;1.0;0;0;1.0;1.0;0;0;0;0;0
177156;1.64;1.02;21.0;1738.0;33.0;82.5;13.5;1.56;11.95;14.01;104.79;226.07;2.58;80766.0;22.0;22.0;51.0;4520.0;984.81;97.65;2.0;1.0;0;1.0;0;0;1.0;0;0;1.0;0;0;1.0;1.0;0;0;0;0;0
177686;1.81;1.03;21.0;1707.0;33.0;82.5;13.5;1.96;12.94;14.01;131.74;228.20;2.58;80766.0;22.0;22.0;51.0;4518.0;984.85;58.59;2.0;1.0;0;1.0;0;0;1.0;0;0;1.0;0;0;1.0;1.0;0;0;0;0;0
178256;1.88;1.04;22.0;1753.0;33.0;82.5;14.25;1.96;13.18;14.01;185.04;270.54;2.58;80766.0;22.0;22.0;51.0;4507.0;984.93;117.18;2.0;1.0;0;1.0;0;0;1.0;0;0;1.0;0;0;1.0;1.0;0;0;0;0;0
178829;1.79;1.06;22.0;1789.0;33.0;82.5;14.25;1.96;12.56;14.01;217.89;302.65;2.58;80766.0;23.0;23.0;51.0;4515.0;984.89;703.11;2.0;1.0;0;1.0;0;0;1.0;0;0;1.0;0;0;1.0;1.0;0;0;0;0;0
179396;1.61;1.04;23.0;1840.0;33.0;82.5;15.0;1.56;11.58;14.01;268.65;318.31;2.58;80766.0;23.0;23.0;51.0;4510.0;985.01;859.36;2.0;1.0;0;1.0;0;0;1.0;0;0;1.0;0;0;1.0;1.0;0;0;0;0;0
179915;1.18;1.03;22.0;1714.0;33.0;82.5;13.5;0.78;9.49;14.01;302.18;336.11;2.58;80766.0;23.0;23.0;51.0;4496.0;985.05;97.65;2.0;1.0;0;1.0;0;0;1.0;0;0;1.0;0;0;1.0;1.0;0;0;0;0;0
180436;1.64;1.04;22.0;1810.0;33.0;82.5;15.0;1.56;11.79;14.01;321.71;322.12;2.58;80766.0;23.0;23.0;51.0;4523.0;984.93;58.59;2.0;1.0;0;1.0;0;0;1.0;0;0;1.0;0;0;1.0;1.0;0;0;0;0;0
180966;1.88;1.06;22.0;1787.0;33.0;82.5;15.0;1.96;13.07;13.92;311.62;310.72;2.82;80766.0;23.0;23.0;51.0;4516.0;984.97;722.64;2.0;1.0;0;1.0;0;0;1.0;0;0;1.0;0;0;1.0;1.0;0;0;0;0;0
181486;1.75;1.05;23.0;1850.0;32.25;82.5;15.0;1.96;12.36;14.01;316.19;339.02;2.58;80766.0;24.0;24.0;51.0;4503.0;984.97;800.77;2.0;1.0;0;1.0;0;0;1.0;0;0;1.0;0;0;1.0;1.0;0;0;0;0;0
182026;1.71;1.03;23.0;1865.0;32.25;82.5;15.75;1.96;12.46;14.01;339.99;340.13;2.58;80766.0;24.0;24.0;51.0;4503.0;984.97;156.24;2.0;1.0;0;1.0;0;0;1.0;0;0;1.0;0;0;1.0;1.0;0;0;0;0;0
182536;1.75;1.05;23.0;1916.0;32.25;82.5;16.5;1.96;12.67;14.01;309.00;339.21;2.58;80766.0;24.0;24.0;51.0;4517.0;985.05;507.80;2.0;1.0;0;1.0;0;0;1.0;0;0;1.0;0;0;1.0;1.0;0;0;0;0;0
183056;1.58;1.05;25.0;1939.0;32.25;82.5;16.5;1.56;11.44;14.01;283.12;293.71;2.58;80766.0;25.0;25.0;51.0;4501.0;985.12;878.89;2.0;1.0;0;1.0;0;0;1.0;0;0;1.0;0;0;1.0;1.0;0;0;0;0;0
183586;1.47;1.03;25.0;1980.0;32.25;82.5;17.25;1.56;10.87;14.11;316.13;288.14;2.58;80766.0;25.0;25.0;51.0;4498.0;985.20;859.36;2.0;1.0;0;1.0;0;0;1.0;0;0;1.0;0;0;1.0;1.0;0;0;0;0;0
184106;1.40;1.02;26.0;2096.0;32.25;82.5;18.75;1.56;10.65;14.01;314.14;314.74;2.58;80766.0;26.0;26.0;51.0;4526.0;985.24;78.12;2.0;1.0;0;1.0;0;0;1.0;0;0;1.0;0;0;1.0;1.0;0;0;0;0;0
184655;0.97;1.00;26.0;2023.0;32.25;82.5;15.75;0;12.66;14.11;310.01;330.15;2.58;80766.0;27.0;26.0;47.0;4499.0;985.20;839.83;2.0;1.0;0;1.0;0;0;1.0;0;0;1.0;0;0;1.0;1.0;0;0;0;0;0
185175;0.92;1.00;26.0;2083.0;32.25;82.5;14.25;0;12.67;14.01;205.35;206.58;2.58;80766.0;27.0;26.0;46.0;4506.0;985.24;58.59;2.0;1.0;0;1.0;0;0;1.0;0;0;1.0;0;0;1.0;1.0;0;0;0;0;0
185695;0.96;1.00;26.0;2005.0;32.25;82.5;14.25;0;12.54;14.01;193.01;202.79;2.58;80766.0;26.0;26.0;48.0;4508.0;985.24;39.06;2.0;1.0;0;1.0;0;0;1.0;0;0;1.0;0;0;1.0;1.0;0;0;0;0;0
186225;0.94;1.00;26.0;2021.0;32.25;82.5;15.0;0;12.59;14.11;161.49;156.98;2.58;80766.0;26.0;26.0;47.0;4503.0;985.28;39.06;2.0;1.0;0;1.0;0;0;1.0;0;0;1.0;0;0;1.0;1.0;0;0;0;0;0
186746;0.95;1.00;26.0;2023.0;32.25;82.5;13.5;0;12.55;14.01;171.57;116.65;2.58;80766.0;26.0;26.0;48.0;4507.0;985.24;39.06;2.0;1.0;0;1.0;0;0;1.0;0;0;1.0;0;0;1.0;1.0;0;0;0;0;0
187265;0.96;1.00;25.0;1988.0;32.25;82.5;14.25;0;12.63;14.01;120.26;82.14;2.58;80766.0;26.0;25.0;48.0;4511.0;985.24;39.06;2.0;1.0;0;1.0;0;0;1.0;0;0;1.0;0;0;1.0;1.0;0;0;0;0;0
187795;0.92;1.00;25.0;2032.0;32.25;82.5;14.25;0;12.56;14.01;93.35;69.19;2.58;80766.0;26.0;25.0;48.0;4515.0;985.28;39.06;2.0;1.0;0;1.0;0;0;1.0;0;0;1.0;0;0;1.0;1.0;0;0;0;0;0
188316;1.15;1.00;26.0;2008.0;32.25;82.5;18.0;0.39;12.15;14.11;66.85;45.32;2.58;80766.0;27.0;26.0;49.0;4529.0;985.28;312.49;2.0;1.0;0;1.0;0;0;1.0;0;0;1.0;0;0;1.0;1.0;0;0;0;0;0
188846;2.78;0.99;27.0;2071.0;32.25;82.5;-1.5;5.49;13.09;14.01;67.92;34.31;2.58;80766.0;25.0;27.0;51.0;4499.0;985.28;644.52;2.0;1.0;0;1.0;0;0;1.0;0;0;1.0;0;0;1.0;1.0;0;0;0;0;0
189386;2.43;0.97;30.0;2356.0;32.25;82.5;7.5;5.49;14.86;14.01;83.51;38.41;2.58;80766.0;30.0;30.0;51.0;4422.0;985.32;859.36;2.0;1.0;0;1.0;0;0;1.0;0;0;1.0;0;0;1.0;1.0;0;0;0;0;0
189916;2.16;0.94;32.0;2573.0;32.25;82.5;17.25;5.09;16.07;14.01;198.95;134.21;2.58;80766.0;33.0;33.0;51.0;4500.0;985.32;839.83;2.0;1.0;0;1.0;0;0;1.0;0;0;1.0;0;0;1.0;1.0;0;0;0;0;0
190436;1.96;0.91;36.0;2820.0;32.25;82.5;27.0;5.09;16.77;14.01;276.95;235.92;2.58;80766.0;36.0;36.0;51.0;4541.0;985.32;820.30;2.0;1.0;0;1.0;0;0;1.0;0;0;1.0;0;0;1.0;1.0;0;0;0;0;0
191005;1.59;0.89;38.0;3003.0;32.25;82.5;33.75;3.92;14.77;13.92;323.16;279.45;2.82;80766.0;39.0;38.0;51.0;4519.0;985.32;214.84;2.0;1.0;0;1.0;0;0;1.0;0;0;1.0;0;0;1.0;1.0;0;0;0;0;0
191526;1.57;0.90;40.0;3061.0;32.25;82.5;34.5;3.92;14.05;13.82;344.11;319.74;2.82;80766.0;40.0;40.0;51.0;4520.0;985.32;722.64;2.0;1.0;0;1.0;0;0;1.0;0;0;1.0;0;0;1.0;1.0;0;0;0;0;0
192056;1.34;0.90;40.0;3126.0;32.25;82.5;36.0;3.13;11.98;13.92;303.71;291.58;2.82;80766.0;41.0;40.0;51.0;4522.0;985.32;703.11;2.0;1.0;0;1.0;0;0;1.0;0;0;1.0;0;0;1.0;1.0;0;0;0;0;0
192606;1.12;0.89;40.0;3105.0;32.25;82.5;36.0;2.35;10.29;13.73;316.30;317.40;2.82;80766.0;40.0;41.0;51.0;4534.0;985.32;859.36;2.0;1.0;0;1.0;0;0;1.0;0;0;1.0;0;0;1.0;1.0;0;0;0;0;0
193126;0.82;1.00;40.0;3089.0;32.25;82.5;35.25;0;12.79;13.92;324.21;295.91;2.82;80766.0;40.0;39.0;51.0;4517.0;985.32;39.06;2.0;1.0;0;1.0;0;0;1.0;0;0;1.0;0;0;1.0;1.0;0;0;0;0;0
193645;0.65;1.00;37.0;2916.0;32.25;82.5;-30.0;0;0;14.01;206.64;190.47;2.58;80766.0;38.0;37.0;51.0;4577.0;985.32;19.53;2.0;1.0;0;1.0;0;0;1.0;0;0;1.0;0;0;1.0;1.0;0;0;0;0;0
194176;0.68;1.00;36.0;2754.0;32.25;81.75;-30.0;0;0;13.92;198.50;208.18;2.82;80766.0;36.0;35.0;51.0;4589.0;985.32;19.53;2.0;1.0;0;1.0;0;0;1.0;0;0;1.0;0;0;1.0;1.0;0;0;0;0;0
194795;0.70;1.00;33.0;2637.0;32.25;81.75;-30.0;0;0;14.01;174.38;252.65;2.58;80766.0;34.0;33.0;51.0;4544.0;985.32;19.53;2.0;1.0;0;1.0;0;0;1.0;0;0;1.0;0;0;1.0;1.0;0;0;0;0;0
195316;0.84;1.00;32.0;2492.0;32.25;81.75;16.5;0;12.65;14.01;211.54;298.76;2.58;80766.0;32.0;32.0;50.0;4224.0;985.32;39.06;2.0;1.0;0;1.0;0;0;1.0;0;0;1.0;0;0;1.0;1.0;0;0;0;0;0
195887;0.87;1.00;30.0;2377.0;32.25;81.75;16.5;0;12.73;13.92;191.39;213.34;2.82;80766.0;31.0;30.0;49.0;4361.0;985.32;58.59;2.0;1.0;0;1.0;0;0;1.0;0;0;1.0;0;0;1.0;1.0;0;0;0;0;0
196406;0.87;1.00;28.0;2233.0;32.25;81.75;15.75;0;12.64;14.01;121.06;113.33;2.58;80766.0;29.0;29.0;48.0;4521.0;985.32;58.59;2.0;1.0;0;1.0;0;0;1.0;0;0;1.0;0;0;1.0;1.0;0;0;0;0;0
196935;0.92;1.00;27.0;2095.0;32.25;81.75;14.25;0;12.70;13.92;75.28;70.48;2.82;80766.0;27.0;27.0;49.0;4532.0;985.32;39.06;2.0;1.0;0;1.0;0;0;1.0;0;0;1.0;0;0;1.0;1.0;0;0;0;0;0
197467;0.94;1.00;26.0;2040.0;32.25;81.75;14.25;0;12.69;13.92;49.35;46.79;2.82;80766.0;26.0;26.0;48.0;4511.0;985.32;58.59;2.0;1.0;0;1.0;0;0;1.0;0;0;1.0;0;0;1.0;1.0;0;0;0;0;0
197986;1.0;1.00;23.0;1879.0;32.25;81.75;15.0;0;12.65;14.01;36.36;32.94;2.58;80766.0;24.0;24.0;49.0;4515.0;985.32;39.06;2.0;1.0;0;1.0;0;0;1.0;0;0;1.0;0;0;1.0;1.0;0;0;0;0;0
198507;1.07;1.00;23.0;1809.0;32.25;81.75;15.0;0;12.60;14.11;26.01;24.93;2.58;80766.0;24.0;23.0;48.0;4508.0;985.32;58.59;2.0;1.0;0;1.0;0;0;1.0;0;0;1.0;0;0;1.0;1.0;0;0;0;0;0
199026;1.12;1.01;22.0;1735.0;32.25;81.0;15.0;0;12.72;14.01;20.27;18.10;2.58;80766.0;23.0;22.0;47.0;4518.0;985.32;97.65;2.0;1.0;0;1.0;0;0;1.0;0;0;1.0;0;0;1.0;1.0;0;0;0;0;0
199556;1.22;1.01;21.0;1686.0;32.25;81.0;14.25;0;12.79;14.01;20.87;14.27;2.58;80766.0;21.0;21.0;49.0;4519.0;985.32;878.89;2.0;1.0;0;1.0;0;0;1.0;0;0;1.0;0;0;1.0;1.0;0;0;0;0;0
200075;1.41;1.00;22.0;1768.0;32.25;81.0;13.5;1.17;10.63;14.01;25.83;44.95;2.58;80766.0;22.0;21.0;51.0;4498.0;985.32;58.59;2.0;1.0;0;1.0;0;0;1.0;0;0;1.0;0;0;1.0;1.0;0;0;0;0;0
200596;1.66;1.02;22.0;1825.0;32.25;81.0;14.25;1.96;12.21;14.01;23.39;119.32;2.58;80766.0;22.0;22.0;51.0;4513.0;985.32;58.59;2.0;1.0;0;1.0;0;0;1.0;0;0;1.0;0;0;1.0;1.0;0;0;0;0;0
201126;1.92;1.03;22.0;1762.0;32.25;81.0;14.25;1.96;13.63;14.11;25.72;155.90;2.58;80767.0;23.0;22.0;51.0;4501.0;985.32;58.59;2.0;1.0;0;1.0;0;0;1.0;0;0;1.0;0;0;1.0;1.0;0;0;0;0;0
201645;1.72;1.05;23.0;1836.0;32.25;81.0;15.0;1.56;12.22;14.11;136.04;199.63;2.58;80767.0;23.0;23.0;51.0;4496.0;985.36;117.18;2.0;1.0;0;1.0;0;0;1.0;0;0;1.0;0;0;1.0;1.0;0;0;0;0;0
202166;1.04;1.00;22.0;1861.0;32.25;81.0;15.75;0;12.80;14.01;186.08;243.48;2.58;80767.0;23.0;23.0;49.0;4497.0;985.44;800.77;2.0;1.0;0;1.0;0;0;1.0;0;0;1.0;0;0;1.0;1.0;0;0;0;0;0
202696;1.08;0.99;22.0;1742.0;32.25;81.0;14.25;0;12.80;14.01;161.00;175.30;2.58;80767.0;22.0;22.0;48.0;4539.0;985.48;898.42;2.0;1.0;0;1.0;0;0;1.0;0;0;1.0;0;0;1.0;1.0;0;0;0;0;0
203216;1.11;0.97;21.0;1693.0;32.25;81.0;15.75;0;12.74;14.11;118.31;133.17;2.58;80767.0;21.0;21.0;49.0;4513.0;985.67;859.36;2.0;1.0;0;1.0;0;0;1.0;0;0;1.0;0;0;1.0;1.0;0;0;0;0;0
203746;1.17;0.96;20.0;1586.0;32.25;81.0;15.0;0;12.76;14.20;95.09;105.42;2.58;80767.0;20.0;20.0;48.0;4511.0;985.55;820.30;2.0;1.0;0;1.0;0;0;1.0;0;0;1.0;0;0;1.0;1.0;0;0;0;0;0
204266;1.18;0.94;18.0;1511.0;32.25;81.0;15.75;0;12.69;14.11;62.33;72.86;2.58;80767.0;19.0;19.0;47.0;4491.0;985.63;683.58;2.0;1.0;0;1.0;0;0;1.0;0;0;1.0;0;0;1.0;1.0;0;0;0;0;0
204786;1.19;0.94;18.0;1433.0;32.25;81.0;15.75;0;12.72;14.11;45.40;56.96;2.58;80767.0;18.0;18.0;48.0;4493.0;985.75;97.65;2.0;1.0;0;1.0;0;0;1.0;0;0;1.0;0;0;1.0;1.0;0;0;0;0;0
205316;1.27;0.96;17.0;1305.0;32.25;81.0;14.25;0;12.52;14.29;37.26;52.02;2.58;80767.0;17.0;17.0;48.0;4501.0;985.87;58.59;2.0;1.0;0;1.0;0;0;1.0;0;0;1.0;0;0;1.0;1.0;0;0;0;0;0
205845;1.33;0.97;16.0;1318.0;32.25;81.0;14.25;0;12.55;14.29;28.59;37.90;2.58;80767.0;16.0;16.0;49.0;4518.0;985.87;58.59;2.0;1.0;0;1.0;0;0;1.0;0;0;1.0;0;0;1.0;1.0;0;0;0;0;0
206436;1.44;0.99;15.0;1266.0;32.25;81.0;16.5;0;12.98;14.39;19.70;27.59;2.31;80767.0;16.0;16.0;49.0;4515.0;985.87;58.59;2.0;1.0;0;1.0;0;0;1.0;0;0;1.0;0;0;1.0;1.0;0;0;0;0;0
206956;1.38;1.01;13.0;1308.0;32.25;81.0;14.25;0;12.63;14.20;14.31;19.04;2.58;80767.0;13.0;13.0;49.0;4515.0;985.79;58.59;2.0;1.0;0;1.0;0;0;1.0;0;0;1.0;0;0;1.0;1.0;0;0;0;0;0
207475;1.35;1.02;10.0;1299.0;32.25;81.0;14.25;0;12.63;14.20;10.95;14.58;2.58;80767.0;10.0;10.0;48.0;4518.0;985.75;58.59;2.0;1.0;0;1.0;0;0;1.0;0;0;1.0;0;0;1.0;1.0;0;0;0;0;0
208006;1.48;1.04;7.0;1247.0;32.25;81.0;17.25;0;13.18;14.39;7.92;13.04;2.31;80767.0;8.0;8.0;48.0;4514.0;985.79;78.12;2.0;1.0;0;1.0;0;0;1.0;0;0;1.0;0;0;1.0;1.0;0;0;0;0;0
208526;1.49;1.06;7.0;1286.0;32.25;81.0;14.25;0;12.66;14.20;8.41;9.45;2.58;80767.0;7.0;7.0;49.0;4513.0;985.71;742.17;2.0;1.0;0;1.0;0;0;1.0;0;0;1.0;0;0;1.0;1.0;0;0;0;0;0
209046;1.41;1.04;7.0;1268.0;32.25;81.0;15.0;0;12.73;14.20;6.44;7.20;2.58;80767.0;7.0;7.0;48.0;4514.0;985.83;859.36;2.0;1.0;0;1.0;0;0;1.0;0;0;1.0;0;0;1.0;1.0;0;0;0;0;0
209575;1.47;1.03;7.0;1257.0;32.25;81.0;16.5;0;13.02;14.11;4.39;7.20;2.58;80767.0;7.0;7.0;48.0;4502.0;985.87;781.24;2.0;1.0;0;1.0;0;0;1.0;0;0;1.0;0;0;1.0;1.0;0;0;0;0;0
210095;2.10;1.01;6.0;1282.0;32.25;81.0;12.75;1.56;13.50;14.20;3.33;5.48;2.58;80767.0;7.0;7.0;53.0;4544.0;985.87;781.24;2.0;1.0;0;1.0;0;0;1.0;0;0;1.0;0;0;1.0;1.0;0;0;0;0;0
210626;1.49;1.00;6.0;1976.0;32.25;81.0;18.0;1.56;11.50;14.01;6.60;12.44;2.58;80767.0;7.0;7.0;51.0;4538.0;985.95;117.18;2.0;1.0;0;1.0;0;0;1.0;0;0;1.0;0;0;1.0;1.0;0;0;0;0;0
211155;1.25;0.99;6.0;1415.0;32.25;81.0;15.0;0;12.76;14.20;36.75;52.67;2.58;80767.0;7.0;6.0;48.0;4483.0;985.91;761.70;2.0;1.0;0;1.0;0;0;1.0;0;0;1.0;0;0;1.0;1.0;0;0;0;0;0
211726;0.98;1.00;6.0;1909.0;32.25;81.0;15.0;0;12.84;14.01;32.26;40.72;2.58;80767.0;6.0;6.0;50.0;4512.0;985.91;878.89;0;1.0;0;1.0;0;0;1.0;0;0;1.0;0;0;1.0;1.0;0;0;0;0;0
212235;1.70;1.00;6.0;1860.0;32.25;81.0;14.25;1.96;13.23;14.11;39.72;30.21;2.58;80767.0;6.0;6.0;51.0;4523.0;985.98;898.42;1.0;1.0;0;1.0;0;0;1.0;0;0;1.0;0;0;1.0;1.0;0;0;0;0;0
212816;1.34;0.99;6.0;1284.0;32.25;81.0;21.0;0;13.89;14.20;62.96;32.65;2.58;80767.0;7.0;7.0;50.0;4490.0;986.02;78.12;1.0;1.0;0;1.0;0;0;1.0;0;0;1.0;0;0;1.0;1.0;0;0;0;0;0
213335;1.59;0.99;7.0;1416.0;32.25;81.0;12.75;1.17;12.22;14.29;60.79;26.95;2.58;80767.0;7.0;7.0;52.0;4537.0;986.10;703.11;1.0;1.0;0;1.0;0;0;1.0;0;0;1.0;0;0;1.0;1.0;0;0;0;0;0
213855;1.70;0.99;7.0;1468.0;32.25;81.0;12.75;1.17;12.77;14.11;39.82;20.91;2.58;80767.0;8.0;8.0;52.0;4528.0;986.22;39.06;1.0;1.0;0;1.0;0;0;1.0;0;0;1.0;0;0;1.0;1.0;0;0;0;0;0
214395;2.72;1.01;8.0;1452.0;32.25;81.0;12.75;2.74;16.55;14.20;30.97;17.53;2.58;80767.0;9.0;9.0;52.0;4535.0;986.26;78.12;1.0;1.0;0;1.0;0;0;1.0;0;0;1.0;0;0;1.0;1.0;0;0;0;0;0
214936;2.20;1.00;11.0;1822.0;32.25;81.0;15.75;3.13;15.99;14.11;75.44;47.12;2.58;80767.0;11.0;11.0;51.0;4549.0;986.22;722.64;1.0;1.0;0;1.0;0;0;1.0;0;0;1.0;0;0;1.0;1.0;0;0;0;0;0
215455;2.40;1.00;15.0;1913.0;32.25;81.0;16.5;3.92;17.55;14.01;184.92;76.03;2.58;80767.0;15.0;14.0;51.0;4503.0;986.34;781.24;1.0;1.0;0;1.0;0;0;1.0;0;0;1.0;0;0;1.0;1.0;0;0;0;0;0
215986;2.39;1.00;17.0;2042.0;32.25;81.0;18.0;4.31;17.74;14.11;230.66;127.56;2.58;80767.0;18.0;18.0;51.0;4524.0;986.41;742.17;1.0;1.0;0;1.0;0;0;1.0;0;0;1.0;0;0;1.0;1.0;0;0;0;0;0
216506;2.97;0.98;22.0;2508.0;32.25;81.0;24.75;7.84;23.04;14.01;263.44;152.11;2.58;80767.0;22.0;22.0;51.0;4410.0;986.37;898.42;1.0;1.0;0;1.0;0;0;1.0;0;0;1.0;0;0;1.0;1.0;0;0;0;0;0
217026;2.64;0.95;27.0;2960.0;32.25;81.0;33.0;7.84;22.44;13.92;280.43;176.23;2.82;80767.0;27.0;27.0;51.0;4507.0;986.30;820.30;1.0;1.0;0;1.0;0;0;1.0;0;0;1.0;0;0;1.0;1.0;0;0;0;0;0
217556;4.47;1.00;28.0;2100.0;32.25;81.0;11.25;5.49;18.31;13.92;215.27;179.53;2.82;80767.0;29.0;29.0;51.0;4395.0;986.26;878.89;2.0;1.0;0;1.0;0;0;1.0;0;0;1.0;0;0;1.0;1.0;0;0;0;0;0
218075;2.62;0.99;32.0;2494.0;32.25;81.0;24.0;5.88;19.61;13.82;182.68;155.43;2.82;80767.0;32.0;32.0;51.0;4221.0;986.26;859.36;2.0;1.0;0;1.0;0;0;1.0;0;0;1.0;0;0;1.0;1.0;0;0;0;0;0
218596;2.35;0.96;35.0;2704.0;32.25;81.0;29.25;5.88;18.93;13.92;221.93;193.56;2.82;80767.0;35.0;35.0;51.0;4385.0;986.34;859.36;2.0;1.0;0;1.0;0;0;1.0;0;0;1.0;0;0;1.0;1.0;0;0;0;0;0
219126;2.16;0.93;37.0;2948.0;32.25;81.75;33.0;5.49;18.55;13.82;285.05;266.17;2.82;80767.0;37.0;38.0;51.0;4476.0;986.22;859.36;2.0;1.0;0;1.0;0;0;1.0;0;0;1.0;0;0;1.0;1.0;0;0;0;0;0
219646;1.99;0.90;40.0;3138.0;32.25;81.75;36.0;5.49;17.76;13.92;250.96;267.11;2.82;80767.0;40.0;40.0;51.0;4502.0;986.22;664.05;2.0;1.0;0;1.0;0;0;1.0;0;0;1.0;0;0;1.0;1.0;0;0;0;0;0
220175;1.82;0.86;42.0;3289.0;32.25;81.75;37.5;5.49;17.00;13.92;289.23;310.31;2.82;80767.0;42.0;42.0;51.0;4518.0;986.18;136.71;2.0;1.0;0;1.0;0;0;1.0;0;0;1.0;0;0;1.0;1.0;0;0;0;0;0
220695;1.62;0.89;43.0;3379.0;32.25;81.75;39.0;4.70;14.75;13.92;333.24;332.75;2.82;80767.0;44.0;43.0;51.0;4518.0;986.22;839.83;2.0;1.0;0;1.0;0;0;1.0;0;0;1.0;0;0;1.0;1.0;0;0;0;0;0
221226;1.40;0.88;45.0;3430.0;32.25;81.0;39.0;3.92;12.83;13.92;342.69;324.66;2.82;80767.0;45.0;44.0;51.0;4508.0;986.18;97.65;2.0;1.0;0;1.0;0;0;1.0;0;0;1.0;0;0;1.0;1.0;0;0;0;0;0
221746;1.52;0.90;45.0;3496.0;32.25;81.0;39.75;3.92;13.42;13.92;343.14;342.18;2.82;80767.0;45.0;45.0;51.0;4502.0;986.26;117.18;2.0;1.0;0;1.0;0;0;1.0;0;0;1.0;0;0;1.0;1.0;0;0;0;0;0
222266;1.52;0.91;45.0;3504.0;32.25;81.0;39.75;4.31;13.39;13.82;341.26;344.11;2.82;80767.0;45.0;45.0;51.0;4513.0;986.30;859.36;2.0;1.0;0;1.0;0;0;1.0;0;0;1.0;0;0;1.0;1.0;0;0;0;0;0
222811;1.49;0.89;45.0;3536.0;32.25;81.0;40.5;4.31;13.39;13.92;329.80;339.95;2.82;80767.0;45.0;46.0;51.0;4494.0;986.30;664.05;2.0;1.0;0;1.0;0;0;1.0;0;0;0;0;0;1.0;1.0;0;0;0;0;0
223415;1.98;1.00;45.0;2327.0;32.25;81.0;21.0;2.35;12.73;13.92;304.84;315.37;2.82;80767.0;45.0;45.0;51.0;4334.0;986.34;839.83;3.0;1.0;0;1.0;0;0;1.0;0;0;1.0;0;0;1.0;1.0;0;0;0;0;0
223936;1.95;1.00;45.0;2764.0;32.25;81.0;30.75;3.92;15.05;13.92;264.29;293.14;2.82;80767.0;45.0;45.0;51.0;4265.0;986.41;878.89;3.0;1.0;0;1.0;0;0;1.0;0;0;1.0;0;0;1.0;1.0;0;0;0;0;0
224466;1.73;0.98;45.0;2796.0;32.25;81.0;30.75;3.52;13.92;13.92;260.43;319.90;2.82;80767.0;46.0;46.0;51.0;4399.0;986.45;878.89;3.0;1.0;0;1.0;0;0;1.0;0;0;1.0;0;0;1.0;1.0;0;0;0;0;0
225036;1.56;0.96;46.0;2820.0;32.25;81.0;30.75;3.13;13.00;13.92;306.64;341.28;2.82;80767.0;46.0;46.0;51.0;4489.0;986.49;878.89;3.0;1.0;0;1.0;0;0;1.0;0;0;1.0;0;0;1.0;1.0;0;0;0;0;0
225555;1.52;0.94;46.0;2819.0;32.25;81.0;31.5;3.13;12.93;13.82;333.98;332.69;2.82;80767.0;46.0;46.0;51.0;4520.0;986.45;878.89;3.0;1.0;0;1.0;0;0;1.0;0;0;1.0;0;0;1.0;1.0;0;0;0;0;0
226086;1.48;0.92;46.0;2819.0;32.25;81.0;31.5;3.13;12.93;13.92;324.21;352.37;2.82;80767.0;46.0;46.0;51.0;4503.0;986.49;820.30;3.0;1.0;0;1.0;0;0;1.0;0;0;1.0;0;0;1.0;1.0;0;0;0;0;0
226606;1.41;0.90;46.0;2797.0;32.25;81.0;30.75;3.13;12.52;14.01;326.91;334.00;2.58;80767.0;46.0;46.0;51.0;4521.0;986.53;742.17;3.0;1.0;0;1.0;0;0;1.0;0;0;1.0;0;0;1.0;1.0;0;0;0;0;0
227136;1.38;0.89;46.0;2826.0;32.25;81.0;30.75;3.13;12.39;13.92;349.46;332.12;2.82;80767.0;46.0;46.0;51.0;4511.0;986.45;58.59;3.0;1.0;0;1.0;0;0;1.0;0;0;1.0;0;0;1.0;1.0;0;0;0;0;0
227656;1.41;0.91;46.0;2845.0;32.25;81.0;31.5;3.13;12.39;14.01;347.61;347.55;2.58;80767.0;46.0;47.0;51.0;4508.0;986.49;39.06;3.0;1.0;0;1.0;0;0;1.0;0;0;1.0;0;0;1.0;1.0;0;0;0;0;0
228226;1.44;0.93;46.0;2851.0;32.25;81.0;32.25;3.13;12.33;13.92;334.21;331.56;2.82;80767.0;47.0;46.0;51.0;4511.0;986.53;97.65;3.0;1.0;0;1.0;0;0;1.0;0;0;1.0;0;0;1.0;1.0;0;0;0;0;0
228756;1.35;0.94;46.0;2854.0;32.25;81.0;31.5;2.74;11.50;13.82;350.34;320.99;2.82;80767.0;47.0;47.0;51.0;4512.0;986.53;898.42;3.0;1.0;0;1.0;0;0;1.0;0;0;1.0;0;0;1.0;1.0;0;0;0;0;0
229287;1.24;0.92;46.0;2724.0;32.25;80.25;30.0;1.96;10.68;14.01;244.18;228.93;2.58;80767.0;47.0;47.0;52.0;4522.0;986.53;859.36;3.0;1.0;0;1.0;0;0;1.0;0;0;1.0;0;0;1.0;1.0;0;0;0;0;0
229846;1.03;0.91;47.0;2872.0;32.25;80.25;32.25;1.56;9.20;13.92;142.11;121.59;2.82;80767.0;47.0;47.0;52.0;4523.0;986.57;839.83;3.0;1.0;0;1.0;0;0;1.0;0;0;1.0;0;0;1.0;1.0;0;0;0;0;0
230376;1.06;0.89;46.0;2869.0;32.25;80.25;31.5;1.56;9.54;14.01;71.03;62.20;2.58;80767.0;47.0;47.0;52.0;4526.0;986.57;410.15;3.0;1.0;0;1.0;0;0;1.0;0;0;1.0;0;0;1.0;1.0;0;0;0;0;0
230895;1.08;0.89;47.0;2833.0;32.25;80.25;31.5;1.96;9.69;13.92;37.67;32.96;2.82;80767.0;47.0;47.0;52.0;4501.0;986.57;722.64;3.0;1.0;0;1.0;0;0;1.0;0;0;1.0;0;0;1.0;1.0;0;0;0;0;0
231416;1.04;0.87;47.0;2887.0;32.25;80.25;31.5;1.96;9.49;13.92;19.92;19.13;2.82;80767.0;47.0;47.0;52.0;4508.0;986.57;136.71;3.0;1.0;0;1.0;0;0;1.0;0;0;1.0;0;0;1.0;1.0;0;0;0;0;0
231946;1.04;0.88;47.0;2883.0;32.25;80.25;32.25;1.96;9.60;13.92;10.76;9.06;2.82;80767.0;47.0;47.0;52.0;4506.0;986.57;39.06;3.0;1.0;0;1.0;0;0;1.0;0;0;1.0;0;0;1.0;1.0;0;0;0;0;0
232466;1.06;0.90;48.0;2888.0;32.25;80.25;32.25;1.96;9.57;13.92;6.93;4.70;2.82;80767.0;48.0;47.0;52.0;4504.0;986.57;78.12;3.0;1.0;0;1.0;0;0;1.0;0;0;1.0;0;0;1.0;1.0;0;0;0;0;0
232996;1.02;0.91;47.0;2905.0;32.25;80.25;32.25;1.56;9.01;13.92;4.92;2.42;2.82;80767.0;48.0;47.0;52.0;4509.0;986.57;742.17;3.0;1.0;0;1.0;0;0;1.0;0;0;1.0;0;0;1.0;1.0;0;0;0;0;0
233517;0.89;1.00;47.0;2858.0;32.25;80.25;39.75;0;9.94;13.92;2.53;1.19;2.82;80767.0;47.0;47.0;52.0;4512.0;986.57;58.59;3.0;1.0;0;1.0;0;0;1.0;0;0;1.0;0;0;1.0;1.0;0;0;0;0;0
234046;0.76;1.00;47.0;2825.0;32.25;80.25;18.75;0;12.94;14.01;1.19;2.34;2.58;80767.0;48.0;45.0;52.0;4507.0;986.57;39.06;3.0;1.0;0;1.0;0;0;1.0;0;0;1.0;0;0;1.0;1.0;0;0;0;0;0
234566;0.76;1.00;46.0;2790.0;32.25;80.25;17.25;0;12.79;14.01;0.54;1.23;2.58;80767.0;46.0;46.0;52.0;4515.0;986.57;39.06;3.0;1.0;0;1.0;0;0;1.0;0;0;1.0;0;0;1.0;1.0;0;0;0;0;0
235095;0.77;1.00;45.0;2765.0;32.25;80.25;17.25;0;12.80;13.92;0.21;0.56;2.82;80767.0;46.0;45.0;52.0;4515.0;986.57;39.06;3.0;1.0;0;1.0;0;0;1.0;0;0;1.0;0;0;1.0;1.0;0;0;0;0;0
235616;0.77;1.00;45.0;2763.0;32.25;80.25;17.25;0;12.77;14.01;0;2.12;2.58;80767.0;46.0;45.0;52.0;4505.0;986.57;39.06;3.0;1.0;0;1.0;0;0;1.0;0;0;1.0;0;0;1.0;1.0;0;0;0;0;0
236136;0.77;1.00;45.0;2761.0;32.25;80.25;17.25;0;12.82;13.82;1.66;0.99;2.82;80767.0;45.0;45.0;52.0;4517.0;986.57;39.06;3.0;1.0;0;1.0;0;0;1.0;0;0;1.0;0;0;1.0;1.0;0;0;0;0;0
236666;0.78;1.00;45.0;2718.0;32.25;80.25;17.25;0;12.82;13.92;3.06;0.42;2.82;80767.0;46.0;44.0;52.0;4509.0;986.57;39.06;3.0;1.0;0;1.0;0;0;1.0;0;0;1.0;0;0;1.0;1.0;0;0;0;0;0
237186;0.76;1.00;46.0;2762.0;32.25;80.25;17.25;0;12.81;13.92;1.52;1.69;2.82;80767.0;46.0;44.0;52.0;4501.0;986.57;39.06;3.0;1.0;0;1.0;0;0;1.0;0;0;1.0;0;0;1.0;1.0;0;0;0;0;0
237766;0.8;1.00;45.0;2678.0;32.25;80.25;16.5;0;12.89;13.73;0.76;0.87;2.82;80767.0;45.0;44.0;52.0;4529.0;986.57;39.06;3.0;1.0;0;1.0;0;0;1.0;0;0;1.0;0;0;1.0;1.0;0;0;0;0;0
238286;0.8;1.00;43.0;2663.0;32.25;80.25;17.25;0;12.82;13.92;0.29;0.31;2.82;80767.0;44.0;43.0;52.0;4517.0;986.57;39.06;3.0;1.0;0;1.0;0;0;1.0;0;0;1.0;0;0;1.0;1.0;0;0;0;0;0
238806;0.8;1.00;43.0;2651.0;32.25;80.25;17.25;0;12.81;14.01;0.07;0.09;2.58;80767.0;43.0;43.0;52.0;4497.0;986.61;39.06;3.0;1.0;0;1.0;0;0;1.0;0;0;1.0;0;0;1.0;1.0;0;0;0;0;0
239336;0.81;1.00;42.0;2594.0;32.25;80.25;15.75;0;12.89;13.92;0;0;2.82;80767.0;43.0;42.0;52.0;4502.0;986.88;58.59;3.0;1.0;0;1.0;0;0;1.0;0;0;1.0;0;0;1.0;1.0;0;0;0;0;0
239856;0.83;1.00;40.0;2482.0;32.25;80.25;16.5;0;12.77;14.01;0;0;2.58;80767.0;40.0;40.0;50.0;4490.0;987.00;58.59;3.0;1.0;0;1.0;0;0;1.0;0;0;1.0;0;0;1.0;1.0;0;0;0;0;0
240386;0.84;1.00;38.0;2370.0;32.25;80.25;17.25;0;12.83;13.92;99.23;1.38;2.82;80767.0;39.0;39.0;49.0;4496.0;987.27;58.59;3.0;1.0;0;1.0;0;0;1.0;0;0;1.0;0;0;1.0;1.0;0;0;0;0;0
240956;0.85;1.00;37.0;2316.0;32.25;81.0;15.75;0;12.76;13.92;109.07;10.38;2.82;80767.0;38.0;37.0;50.0;4570.0;987.20;39.06;3.0;1.0;0;1.0;0;0;1.0;0;0;1.0;0;0;1.0;1.0;0;0;0;0;0
241476;0.88;1.00;36.0;2185.0;32.25;81.0;15.75;0;12.66;14.01;103.74;16.20;2.58;80767.0;36.0;36.0;48.0;4546.0;987.43;58.59;3.0;1.0;0;1.0;0;0;1.0;0;0;1.0;0;0;1.0;1.0;0;0;0;0;0
242006;0.86;1.00;36.0;2178.0;32.25;81.0;15.75;0;12.62;13.92;64.50;11.63;2.82;80767.0;36.0;34.0;48.0;4536.0;987.55;39.06;3.0;1.0;0;1.0;0;0;1.0;0;0;1.0;0;0;1.0;1.0;0;0;0;0;0
242526;0.91;1.00;35.0;2125.0;32.25;81.0;15.0;0;12.69;14.01;52.30;6.46;2.58;80767.0;35.0;34.0;49.0;4512.0;987.62;39.06;3.0;1.0;0;1.0;0;0;1.0;0;0;1.0;0;0;1.0;1.0;0;0;0;0;0
243057;0.96;1.00;33.0;2027.0;32.25;81.0;15.0;0;12.66;13.92;34.25;6.17;2.82;80767.0;34.0;33.0;48.0;4532.0;987.70;58.59;3.0;1.0;0;1.0;0;0;1.0;0;0;1.0;0;0;1.0;1.0;0;0;0;0;0
243576;2.99;0.99;33.0;2159.0;32.25;81.0;-4.5;6.66;12.28;13.92;77.84;52.28;2.82;80767.0;34.0;34.0;51.0;4516.0;987.74;820.30;3.0;1.0;0;1.0;0;0;1.0;0;0;1.0;0;0;1.0;1.0;0;0;0;0;0
244105;2.76;0.99;36.0;2195.0;32.25;81.0;6.75;5.88;16.51;14.01;164.44;75.07;2.58;80767.0;36.0;36.0;51.0;4496.0;987.74;78.12;3.0;1.0;0;1.0;0;0;1.0;0;0;1.0;0;0;1.0;1.0;0;0;0;0;0
244626;0.77;1.00;37.0;2207.0;32.25;81.0;15.0;0;12.90;14.11;200.45;109.21;2.58;80767.0;37.0;37.0;51.0;4528.0;987.78;175.77;3.0;1.0;0;1.0;0;0;1.0;0;0;1.0;0;0;1.0;1.0;0;0;0;0;0
245156;0.88;1.00;36.0;2150.0;32.25;81.0;16.5;0;12.85;14.01;156.02;113.03;2.58;80767.0;36.0;36.0;48.0;4506.0;987.78;859.36;3.0;1.0;0;1.0;0;0;1.0;0;0;1.0;0;0;1.0;1.0;0;0;0;0;0
245706;0.91;1.00;36.0;2144.0;32.25;81.0;15.0;0;12.74;14.01;97.10;84.48;2.58;80767.0;36.0;35.0;48.0;4532.0;987.78;58.59;3.0;1.0;0;1.0;0;0;1.0;0;0;1.0;0;0;1.0;1.0;0;0;0;0;0
246276;0.93;1.00;35.0;2118.0;32.25;81.0;14.25;0;12.82;14.01;61.16;47.28;2.58;80767.0;35.0;35.0;50.0;4523.0;987.82;39.06;3.0;1.0;0;1.0;0;0;1.0;0;0;1.0;0;0;1.0;1.0;0;0;0;0;0
246796;1.24;1.00;35.0;2082.0;32.25;81.0;18.0;1.17;9.62;14.01;48.20;35.93;2.58;80767.0;35.0;34.0;51.0;4512.0;987.82;78.12;3.0;1.0;0;1.0;0;0;1.0;0;0;1.0;0;0;1.0;1.0;0;0;0;0;0
247327;1.26;1.02;35.0;2131.0;32.25;81.0;19.5;1.17;9.66;14.01;38.08;67.65;2.58;80767.0;35.0;34.0;51.0;4517.0;987.82;742.17;3.0;1.0;0;1.0;0;0;1.0;0;0;1.0;0;0;1.0;1.0;0;0;0;0;0
247846;1.24;1.02;35.0;2110.0;32.25;81.0;19.5;1.17;9.48;14.01;73.47;151.90;2.58;80767.0;35.0;35.0;51.0;4497.0;987.82;898.42;3.0;1.0;0;1.0;0;0;1.0;0;0;1.0;0;0;1.0;1.0;0;0;0;0;0
248366;1.20;1.00;35.0;2155.0;32.25;81.0;19.5;1.17;9.28;13.92;150.34;232.50;2.82;80767.0;35.0;35.0;51.0;4510.0;987.82;859.36;3.0;1.0;0;1.0;0;0;1.0;0;0;1.0;0;0;1.0;1.0;0;0;0;0;0
248895;1.18;0.98;35.0;2157.0;32.25;81.0;19.5;1.17;9.28;13.92;231.56;282.69;2.82;80767.0;35.0;35.0;51.0;4520.0;987.82;859.36;3.0;1.0;0;1.0;0;0;1.0;0;0;1.0;0;0;1.0;1.0;0;0;0;0;0
249417;0.93;1.00;35.0;2149.0;32.25;81.0;14.25;0;12.81;14.01;209.53;234.41;2.58;80767.0;35.0;35.0;50.0;4508.0;987.82;605.46;3.0;1.0;0;1.0;0;0;1.0;0;0;1.0;0;0;1.0;1.0;0;0;0;0;0
249945;0.94;1.00;35.0;2098.0;32.25;81.0;14.25;0;12.77;13.92;156.41;151.24;2.82;80767.0;35.0;34.0;49.0;4498.0;987.82;39.06;3.0;1.0;0;1.0;0;0;1.0;0;0;1.0;0;0;1.0;1.0;0;0;0;0;0
250466;0.94;1.00;35.0;2045.0;32.25;81.0;15.0;0;12.72;14.01;97.31;94.07;2.58;80767.0;35.0;34.0;48.0;4516.0;987.82;39.06;3.0;1.0;0;1.0;0;0;1.0;0;0;1.0;0;0;1.0;1.0;0;0;0;0;0
250996;0.92;1.00;33.0;2063.0;32.25;81.0;15.0;0;12.71;14.11;60.50;61.65;2.58;80767.0;34.0;33.0;48.0;4520.0;987.82;39.06;3.0;1.0;0;1.0;0;0;1.0;0;0;1.0;0;0;1.0;1.0;0;0;0;0;0
251516;0.94;1.00;33.0;2026.0;32.25;81.0;15.0;0;12.64;14.11;37.88;36.34;2.58;80767.0;34.0;33.0;47.0;4497.0;987.82;39.06;3.0;1.0;0;1.0;0;0;1.0;0;0;1.0;0;0;1.0;1.0;0;0;0;0;0
252045;0.96;1.00;32.0;1999.0;32.25;81.0;15.0;0;12.76;14.11;24.80;22.55;2.58;80767.0;33.0;32.0;48.0;4524.0;987.82;39.06;3.0;1.0;0;1.0;0;0;1.0;0;0;1.0;0;0;1.0;1.0;0;0;0;0;0
252566;0.97;1.00;32.0;1964.0;32.25;81.0;14.25;0;12.70;14.01;18.20;14.72;2.58;80767.0;32.0;32.0;49.0;4504.0;987.86;39.06;3.0;1.0;0;1.0;0;0;1.0;0;0;1.0;0;0;1.0;1.0;0;0;0;0;0
253097;0.97;1.00;32.0;1974.0;32.25;81.0;14.25;0;12.76;14.11;13.29;9.60;2.58;80767.0;32.0;32.0;48.0;4517.0;987.86;39.06;3.0;1.0;0;1.0;0;0;1.0;0;0;1.0;0;0;1.0;1.0;0;0;0;0;0
253616;0.99;1.00;31.0;1923.0;32.25;81.0;14.25;0;12.76;14.01;8.20;7.81;2.58;80767.0;32.0;31.0;49.0;4520.0;987.94;39.06;3.0;1.0;0;1.0;0;0;1.0;0;0;1.0;0;0;1.0;1.0;0;0;0;0;0
254145;1.02;1.00;30.0;1887.0;32.25;81.0;14.25;0;12.82;14.01;7.42;6.95;2.58;80767.0;31.0;31.0;49.0;4516.0;987.98;39.06;3.0;1.0;0;1.0;0;0;1.0;0;0;1.0;0;0;1.0;1.0;0;0;0;0;0
254666;3.23;1.00;31.0;1898.0;32.25;81.0;-3.75;4.31;11.06;14.11;7.03;13.02;2.58;80767.0;31.0;31.0;51.0;4539.0;988.13;878.89;3.0;1.0;0;1.0;0;0;1.0;0;0;1.0;0;0;1.0;1.0;0;0;0;0;0
255236;2.85;0.98;32.0;1974.0;32.25;81.0;0.75;5.49;14.32;14.11;101.43;103.78;2.58;80767.0;33.0;32.0;51.0;4510.0;988.33;351.55;3.0;1.0;0;1.0;0;0;1.0;0;0;1.0;0;0;1.0;1.0;0;0;0;0;0
255766;2.52;0.99;35.0;2141.0;32.25;81.0;9.0;4.70;16.05;14.01;217.56;186.47;2.58;80767.0;35.0;35.0;51.0;4514.0;988.56;78.12;3.0;1.0;0;1.0;0;0;1.0;0;0;1.0;0;0;1.0;1.0;0;0;0;0;0
256285;2.42;1.01;37.0;2262.0;32.25;81.0;17.25;4.31;17.32;14.11;221.60;216.49;2.58;80767.0;37.0;37.0;51.0;4465.0;988.72;839.83;3.0;1.0;0;1.0;0;0;1.0;0;0;1.0;0;0;1.0;1.0;0;0;0;0;0
256815;1.73;0.99;38.0;2353.0;32.25;81.0;24.0;2.74;13.65;14.01;259.59;243.22;2.58;80767.0;39.0;39.0;51.0;4447.0;988.76;898.42;3.0;1.0;0;1.0;0;0;1.0;0;0;1.0;0;0;1.0;1.0;0;0;0;0;0
257336;1.28;0.98;40.0;2458.0;32.25;81.0;24.75;1.96;10.61;14.01;168.99;281.73;2.58;80767.0;40.0;40.0;51.0;4504.0;988.76;917.95;3.0;1.0;0;1.0;0;0;1.0;0;0;1.0;0;0;1.0;1.0;0;0;0;0;0
257866;1.15;0.96;41.0;2497.0;32.25;81.75;26.25;1.56;9.54;13.92;155.04;240.27;2.82;80767.0;41.0;41.0;51.0;4514.0;988.76;898.42;3.0;1.0;0;1.0;0;0;1.0;0;0;1.0;0;0;1.0;1.0;0;0;0;0;0
258386;0.97;0.95;41.0;2519.0;32.25;81.75;26.25;0.78;7.98;13.92;159.01;182.64;2.82;80767.0;41.0;41.0;51.0;4512.0;988.76;878.89;3.0;1.0;0;1.0;0;0;1.0;0;0;1.0;0;0;1.0;1.0;0;0;0;0;0
258916;0.93;0.93;41.0;2499.0;32.25;81.75;25.5;0.78;7.80;14.01;161.94;174.20;2.58;80767.0;41.0;41.0;51.0;4510.0;988.84;664.05;3.0;1.0;0;1.0;0;0;1.0;0;0;1.0;0;0;1.0;1.0;0;0;0;0;0
259436;0.94;0.93;41.0;2509.0;32.25;81.75;26.25;0.78;7.77;14.01;178.17;220.33;2.58;80767.0;42.0;41.0;51.0;4530.0;988.91;39.06;3.0;1.0;0;1.0;0;0;1.0;0;0;1.0;0;0;1.0;1.0;0;0;0;0;0
259956;0.92;0.94;41.0;2515.0;32.25;81.75;25.5;0.39;7.90;13.92;260.54;279.76;2.82;80767.0;42.0;41.0;51.0;4511.0;988.95;58.59;3.0;1.0;0;1.0;0;0;1.0;0;0;1.0;0;0;1.0;1.0;0;0;0;0;0
260486;1.00;0.96;41.0;2526.0;32.25;81.75;26.25;0.39;10.15;13.92;303.51;304.35;2.82;80767.0;42.0;41.0;51.0;4508.0;988.95;859.36;3.0;1.0;0;1.0;0;0;1.0;0;0;1.0;0;0;1.0;1.0;0;0;0;0;0
261006;1.01;0.95;41.0;2521.0;32.25;81.75;26.25;0.39;10.17;14.01;328.18;329.64;2.58;80767.0;42.0;41.0;51.0;4507.0;988.99;878.89;3.0;1.0;0;1.0;0;0;1.0;0;0;1.0;0;0;1.0;1.0;0;0;0;0;0
261535;1.0;0.94;41.0;2506.0;32.25;81.75;25.5;0.39;10.09;13.92;337.20;321.20;2.82;80767.0;41.0;41.0;51.0;4522.0;988.99;898.42;3.0;1.0;0;1.0;0;0;1.0;0;0;1.0;0;0;1.0;1.0;0;0;0;0;0
262066;0.97;0.92;41.0;2508.0;32.25;81.75;25.5;0.39;10.06;13.92;344.00;341.50;2.82;80767.0;41.0;41.0;51.0;4510.0;989.03;859.36;3.0;1.0;0;1.0;0;0;1.0;0;0;1.0;0;0;1.0;1.0;0;0;0;0;0
262635;0.88;0.90;41.0;2503.0;32.25;81.75;25.5;0.39;7.95;13.92;330.36;345.79;2.82;80767.0;41.0;41.0;51.0;4520.0;989.03;234.37;3.0;1.0;0;1.0;0;0;1.0;0;0;1.0;0;0;1.0;1.0;0;0;0;0;0
263205;0.96;0.92;41.0;2499.0;32.25;81.75;25.5;0.78;8.04;14.01;295.25;302.09;2.58;80767.0;41.0;41.0;51.0;4514.0;989.03;39.06;3.0;1.0;0;1.0;0;0;1.0;0;0;1.0;0;0;1.0;1.0;0;0;0;0;0
263736;1.01;0.94;41.0;2503.0;32.25;81.75;25.5;1.17;8.71;14.01;278.63;300.01;2.58;80767.0;41.0;41.0;51.0;4496.0;989.03;429.68;3.0;1.0;0;1.0;0;0;1.0;0;0;1.0;0;0;1.0;1.0;0;0;0;0;0
264255;1.13;0.94;41.0;2523.0;32.25;81.75;25.5;1.56;9.42;13.92;236.54;273.75;2.82;80767.0;41.0;41.0;51.0;4512.0;989.03;878.89;3.0;1.0;0;1.0;0;0;1.0;0;0;1.0;0;0;1.0;1.0;0;0;0;0;0
264786;1.08;0.92;41.0;2539.0;32.25;81.75;26.25;1.56;9.46;13.92;237.99;215.92;2.82;80767.0;42.0;42.0;51.0;4517.0;989.03;878.89;3.0;1.0;0;1.0;0;0;1.0;0;0;1.0;0;0;1.0;1.0;0;0;0;0;0
265305;1.08;0.91;42.0;2566.0;32.25;81.75;27.0;1.56;9.59;14.01;254.94;254.65;2.58;80767.0;42.0;42.0;51.0;4512.0;989.03;859.36;3.0;1.0;0;1.0;0;0;1.0;0;0;1.0;0;0;1.0;1.0;0;0;0;0;0
265876;1.07;0.89;42.0;2599.0;32.25;81.75;27.0;1.56;9.62;14.01;303.55;296.83;2.58;80767.0;42.0;42.0;51.0;4528.0;989.03;839.83;3.0;1.0;0;1.0;0;0;1.0;0;0;1.0;0;0;1.0;1.0;0;0;0;0;0
266406;1.21;0.88;42.0;2600.0;32.25;81.75;27.75;2.35;10.99;13.92;328.92;330.11;2.82;80767.0;43.0;42.0;51.0;4517.0;989.03;624.99;3.0;1.0;0;1.0;0;0;1.0;0;0;1.0;0;0;1.0;1.0;0;0;0;0;0
266926;1.30;0.87;43.0;2636.0;32.25;81.75;28.5;2.35;11.98;14.01;338.82;344.09;2.58;80767.0;44.0;43.0;51.0;4507.0;989.11;78.12;3.0;1.0;0;1.0;0;0;1.0;0;0;1.0;0;0;1.0;1.0;0;0;0;0;0
267456;1.31;0.89;45.0;2760.0;32.25;81.75;30.75;2.74;11.81;14.01;275.99;347.18;2.58;80767.0;45.0;44.0;51.0;4536.0;989.07;117.18;3.0;1.0;0;1.0;0;0;1.0;0;0;1.0;0;0;1.0;1.0;0;0;0;0;0
267975;1.49;0.91;45.0;2764.0;32.25;81.75;30.0;3.13;13.04;14.01;320.13;318.71;2.58;80767.0;46.0;45.0;51.0;4507.0;989.15;58.59;3.0;1.0;0;1.0;0;0;1.0;0;0;1.0;0;0;1.0;1.0;0;0;0;0;0
268506;0.63;1.00;46.0;2827.0;32.25;81.75;39.75;0;15.23;14.01;296.87;314.60;2.58;80767.0;46.0;47.0;51.0;4515.0;989.23;332.02;3.0;1.0;0;1.0;1.0;0;1.0;0;0;1.0;0;0;1.0;1.0;0;0;0;0;0
269076;1.99;1.00;47.0;1608.0;32.25;81.75;11.25;1.96;13.25;14.20;279.27;270.23;2.58;80767.0;47.0;46.0;51.0;4461.0;989.30;58.59;4.0;1.0;0;1.0;0;0;1.0;0;0;1.0;0;0;1.0;1.0;0;0;0;0;0
269597;1.42;1.01;47.0;2497.0;32.25;81.75;24.0;1.96;11.13;13.92;210.88;313.45;2.82;80767.0;47.0;48.0;51.0;4479.0;989.30;917.95;4.0;1.0;0;1.0;0;0;1.0;0;0;1.0;0;0;1.0;1.0;0;0;0;0;0
270176;1.00;0.99;47.0;2488.0;32.25;81.75;25.5;0.39;7.92;13.92;172.09;263.04;2.82;80767.0;48.0;48.0;51.0;4512.0;989.50;898.42;4.0;1.0;0;1.0;0;0;1.0;0;0;1.0;0;0;1.0;1.0;0;0;0;0;0
270695;1.24;0.98;47.0;2486.0;32.25;81.75;25.5;1.56;9.63;13.92;148.33;225.39;2.82;80767.0;48.0;47.0;51.0;4513.0;989.62;878.89;4.0;1.0;0;1.0;0;0;1.0;0;0;1.0;0;0;1.0;1.0;0;0;0;0;0
271296;1.29;0.96;48.0;2516.0;32.25;81.75;25.5;1.96;10.77;14.01;201.78;241.11;2.58;80767.0;48.0;48.0;51.0;4506.0;989.66;859.36;4.0;1.0;0;1.0;0;0;1.0;0;0;1.0;0;0;1.0;1.0;0;0;0;0;0
271815;1.27;0.94;48.0;2482.0;32.25;82.5;25.5;1.96;10.83;13.92;269.70;267.46;2.82;80767.0;48.0;49.0;51.0;4514.0;989.81;820.30;4.0;1.0;0;1.0;0;0;1.0;0;0;1.0;0;0;1.0;1.0;0;0;0;0;0
272346;1.16;0.93;48.0;2523.0;32.25;82.5;25.5;1.56;10.06;13.92;305.89;311.85;2.82;80767.0;49.0;49.0;51.0;4515.0;989.89;859.36;4.0;1.0;0;1.0;0;0;1.0;0;0;1.0;0;0;1.0;1.0;0;0;0;0;0
272865;0.83;1.00;48.0;2520.0;32.25;82.5;16.5;0;12.77;14.01;329.54;327.42;2.58;80767.0;49.0;48.0;51.0;4508.0;990.01;117.18;4.0;1.0;0;1.0;0;0;1.0;0;0;1.0;0;0;1.0;1.0;0;0;0;0;0
273395;0.83;1.00;48.0;2489.0;32.25;82.5;15.75;0;12.65;14.01;340.73;319.92;2.58;80767.0;48.0;48.0;50.0;4510.0;990.09;39.06;4.0;1.0;0;1.0;0;0;1.0;0;0;1.0;0;0;1.0;1.0;0;0;0;0;0
273915;0.81;1.00;47.0;2468.0;32.25;82.5;16.5;0;12.60;14.01;224.63;206.72;2.58;80767.0;48.0;47.0;48.0;4520.0;990.16;39.06;4.0;1.0;0;1.0;0;0;1.0;0;0;1.0;0;0;1.0;1.0;0;0;0;0;0
274446;0.81;1.00;46.0;2401.0;32.25;82.5;17.25;0;12.61;13.82;153.23;122.00;2.82;80767.0;46.0;46.0;48.0;4511.0;990.20;39.06;4.0;1.0;0;1.0;0;0;1.0;0;0;1.0;0;0;1.0;1.0;0;0;0;0;0
274967;0.84;1.00;43.0;2327.0;32.25;82.5;15.75;0;12.60;13.92;95.54;71.94;2.82;80767.0;44.0;44.0;48.0;4546.0;990.20;39.06;4.0;1.0;0;1.0;0;0;1.0;0;0;1.0;0;0;1.0;1.0;0;0;0;0;0
275495;0.88;1.00;42.0;2167.0;32.25;82.5;15.75;0;12.60;14.01;66.05;42.41;2.58;80767.0;42.0;42.0;47.0;4556.0;990.24;39.06;4.0;1.0;0;1.0;0;0;1.0;0;0;1.0;0;0;1.0;1.0;0;0;0;0;0
276015;0.91;1.00;41.0;2103.0;32.25;82.5;14.25;0;12.56;13.92;60.13;100.69;2.82;80767.0;41.0;40.0;46.0;4517.0;990.24;39.06;4.0;1.0;0;1.0;0;0;1.0;0;0;1.0;0;0;1.0;1.0;0;0;0;0;0
276546;0.92;1.00;40.0;2049.0;32.25;82.5;14.25;0;12.54;14.01;39.70;121.06;2.58;80767.0;40.0;39.0;47.0;4503.0;990.24;39.06;4.0;1.0;0;1.0;0;0;1.0;0;0;1.0;0;0;1.0;1.0;0;0;0;0;0
277066;0.94;1.00;37.0;2008.0;32.25;82.5;14.25;0;12.59;14.01;31.81;106.45;2.58;80767.0;38.0;38.0;47.0;4521.0;990.28;39.06;4.0;1.0;0;1.0;0;0;1.0;0;0;1.0;0;0;1.0;1.0;0;0;0;0;0
277596;0.98;1.00;36.0;1928.0;32.25;82.5;14.25;0;12.63;14.11;94.50;101.08;2.58;80767.0;37.0;37.0;47.0;4499.0;990.28;39.06;4.0;1.0;0;1.0;0;0;1.0;0;0;1.0;0;0;1.0;1.0;0;0;0;0;0
278116;1.04;1.00;35.0;1823.0;32.25;82.5;14.25;0;12.56;14.01;114.93;81.65;2.58;80767.0;35.0;35.0;47.0;4514.0;990.28;39.06;4.0;1.0;0;1.0;0;0;1.0;0;0;1.0;0;0;1.0;1.0;0;0;0;0;0
278646;1.10;1.00;33.0;1753.0;32.25;82.5;15.0;0;12.60;14.01;166.59;91.10;2.58;80767.0;34.0;33.0;46.0;4522.0;990.28;58.59;4.0;1.0;0;1.0;0;0;1.0;0;0;1.0;0;0;1.0;1.0;0;0;0;0;0
279176;0.8;1.00;32.0;1977.0;32.25;82.5;14.25;0;12.74;14.01;150.00;91.79;2.58;80767.0;33.0;33.0;49.0;4494.0;990.28;898.42;4.0;1.0;0;1.0;0;0;1.0;0;0;1.0;0;0;1.0;1.0;0;0;0;0;0
279746;1.01;1.00;31.0;1899.0;32.25;82.5;13.5;0;12.68;14.11;134.50;84.15;2.58;80767.0;31.0;31.0;49.0;4502.0;990.28;859.36;3.0;1.0;0;1.0;0;0;1.0;0;0;1.0;0;0;1.0;1.0;0;0;0;0;0
280266;1.04;1.00;28.0;1776.0;32.25;82.5;14.25;0;12.55;14.11;114.40;68.86;2.58;80767.0;28.0;29.0;45.0;4513.0;990.28;58.59;3.0;1.0;0;1.0;0;0;1.0;0;0;1.0;0;0;1.0;1.0;0;0;0;0;0
280796;1.12;1.01;25.0;1601.0;32.25;82.5;15.75;0;12.56;14.11;85.58;63.19;2.58;80767.0;25.0;25.0;47.0;4516.0;990.28;820.30;3.0;1.0;0;1.0;0;0;1.0;0;0;1.0;0;0;1.0;1.0;0;0;0;0;0
281346;1.35;1.00;22.0;1290.0;32.25;82.5;13.5;0;12.35;14.11;97.33;111.26;2.58;80767.0;22.0;22.0;47.0;4482.0;990.28;878.89;3.0;1.0;0;1.0;0;0;1.0;0;0;1.0;0;0;1.0;1.0;0;0;0;0;0
281866;1.37;0.99;20.0;1290.0;32.25;82.5;13.5;0;12.35;14.11;89.97;136.90;2.58;80767.0;20.0;20.0;46.0;4496.0;990.28;722.64;3.0;1.0;0;1.0;0;0;1.0;0;0;1.0;0;0;1.0;1.0;0;0;0;0;0
282396;1.32;0.98;18.0;1258.0;32.25;82.5;15.75;0;12.71;14.20;90.97;136.74;2.58;80767.0;19.0;19.0;46.0;4500.0;990.28;58.59;3.0;1.0;0;1.0;1.0;0;1.0;0;0;1.0;0;0;1.0;1.0;0;0;1.0;0;0
282916;1.43;1.00;17.0;1269.0;32.25;82.5;15.0;0;12.61;14.20;143.31;163.34;2.58;80767.0;17.0;17.0;47.0;4489.0;990.28;39.06;3.0;1.0;0;1.0;0;0;1.0;0;0;1.0;0;0;1.0;1.0;0;0;0;0;0
283447;1.38;1.02;16.0;1256.0;32.25;82.5;15.75;0;12.77;14.39;170.28;165.98;2.31;80767.0;16.0;16.0;47.0;4521.0;990.28;58.59;3.0;1.0;0;1.0;0;0;1.0;0;0;1.0;0;0;1.0;1.0;0;0;0;0;0
283966;1.44;1.03;13.0;1278.0;32.25;82.5;14.25;0;12.53;14.29;191.00;210.63;2.58;80767.0;14.0;14.0;47.0;4508.0;990.48;58.59;2.0;1.0;0;1.0;1.0;0;1.0;0;0;1.0;0;0;1.0;1.0;0;0;0;0;0
284496;1.40;1.05;12.0;1304.0;32.25;82.5;13.5;0;12.38;14.39;244.78;233.48;2.31;80767.0;13.0;13.0;46.0;4512.0;990.44;292.96;2.0;1.0;0;1.0;0;0;1.0;0;0;1.0;0;0;1.0;1.0;0;0;0;0;0
285015;1.37;1.04;11.0;1293.0;32.25;82.5;13.5;0;12.38;14.29;272.73;225.74;2.58;80767.0;11.0;11.0;46.0;4510.0;990.67;839.83;2.0;1.0;0;1.0;0;0;1.0;0;0;1.0;0;0;1.0;1.0;0;0;0;0;0
285546;1.44;1.03;10.0;1236.0;32.25;82.5;17.25;0;13.06;14.20;275.45;247.28;2.58;80767.0;10.0;10.0;47.0;4514.0;990.95;781.24;2.0;1.0;0;1.0;1.0;0;1.0;0;0;1.0;0;0;1.0;1.0;0;0;1.0;0;0
286066;1.31;1.01;8.0;1332.0;32.25;82.5;13.5;0;12.41;14.20;307.46;255.53;2.58;80767.0;9.0;9.0;47.0;4495.0;991.02;214.84;0;1.0;0;1.0;0;0;1.0;0;0;1.0;0;0;1.0;1.0;0;0;0;0;0
286596;1.42;1.03;7.0;1285.0;32.25;82.5;13.5;0;12.40;14.20;316.44;208.46;2.58;80767.0;8.0;8.0;46.0;4521.0;991.18;97.65;1.0;1.0;0;1.0;0;0;1.0;0;0;1.0;0;0;1.0;1.0;0;0;0;0;0
287116;1.40;1.05;8.0;1251.0;32.25;82.5;16.5;0;12.87;14.29;320.72;188.15;2.58;80767.0;8.0;8.0;46.0;4514.0;991.22;605.46;1.0;1.0;0;1.0;0;0;1.0;0;0;1.0;0;0;1.0;1.0;0;0;0;0;0
287646;1.47;1.03;8.0;1297.0;32.25;82.5;14.25;0;12.52;14.29;308.78;188.19;2.58;80767.0;8.0;8.0;46.0;4511.0;991.34;761.70;1.0;1.0;0;1.0;0;0;1.0;0;0;1.0;0;0;1.0;1.0;0;0;0;0;0
288166;1.33;1.02;8.0;1286.0;32.25;82.5;14.25;0;12.49;14.29;327.86;182.76;2.58;80767.0;8.0;8.0;47.0;4510.0;991.37;761.70;1.0;1.0;0;1.0;0;0;1.0;0;0;1.0;0;0;1.0;1.0;0;0;0;0;0
288696;1.46;1.00;8.0;1231.0;32.25;82.5;18.0;0;13.16;14.20;335.03;206.29;2.58;80767.0;9.0;9.0;48.0;4521.0;991.41;117.18;1.0;1.0;0;1.0;0;0;1.0;0;0;1.0;0;0;1.0;1.0;0;0;0;0;0
289216;1.36;1.02;8.0;1279.0;32.25;82.5;14.25;0;12.55;14.39;265.62;158.56;2.31;80767.0;8.0;8.0;47.0;4516.0;991.45;58.59;1.0;1.0;0;1.0;0;0;1.0;0;0;1.0;0;0;1.0;1.0;0;0;0;0;0
289746;1.44;1.04;7.0;1271.0;32.25;82.5;14.25;0;12.53;14.39;302.26;196.56;2.31;80767.0;8.0;8.0;46.0;4506.0;991.49;58.59;1.0;1.0;0;1.0;0;0;1.0;0;0;1.0;0;0;1.0;1.0;0;0;0;0;0
290265;1.41;1.06;7.0;1258.0;32.25;82.5;15.0;0;12.60;14.39;316.91;180.59;2.31;80767.0;8.0;8.0;46.0;4510.0;991.49;546.86;1.0;1.0;0;1.0;0;0;1.0;0;0;1.0;0;0;1.0;1.0;0;0;0;0;0
290796;1.48;1.04;6.0;1242.0;32.25;82.5;16.5;0;12.87;14.20;330.07;157.11;2.58;80767.0;7.0;7.0;46.0;4509.0;991.49;859.36;1.0;1.0;0;1.0;0;0;1.0;0;0;1.0;0;0;1.0;1.0;0;0;0;0;0
291365;1.45;1.03;5.0;1209.0;32.25;82.5;19.5;0;13.30;14.29;331.18;205.33;2.58;80767.0;5.0;5.0;47.0;4512.0;991.53;820.30;1.0;1.0;0;1.0;0;0;1.0;0;0;1.0;0;0;1.0;1.0;0;0;0;0;0
291895;1.40;1.01;5.0;1232.0;32.25;82.5;17.25;0;13.06;14.20;306.99;211.39;2.58;80767.0;5.0;4.0;47.0;4505.0;991.53;839.83;1.0;1.0;0;1.0;0;0;1.0;0;0;1.0;0;0;1.0;1.0;0;0;0;0;0
292446;1.34;0.99;3.0;1265.0;32.25;82.5;15.75;0;12.79;14.29;298.41;209.59;2.58;80767.0;3.0;3.0;47.0;4520.0;991.53;253.90;1.0;1.0;0;1.0;0;0;1.0;0;0;1.0;0;0;1.0;1.0;0;0;0;0;0
292965;1.43;1.01;0;1262.0;32.25;82.5;16.5;0;12.98;14.29;285.43;190.63;2.58;80767.0;0;0;48.0;4512.0;991.53;58.59;1.0;1.0;0;1.0;0;0;1.0;0;0;1.0;0;0;1.0;1.0;0;0;0;0;0
293495;1.42;1.03;0;1255.0;32.25;83.25;15.0;0;12.72;14.20;214.69;131.80;2.58;80767.0;0;0;48.0;4505.0;991.53;97.65;1.0;1.0;0;1.0;0;0;1.0;0;0;1.0;0;0;1.0;1.0;0;0;0;0;0
294036;1.52;1.04;0;1256.0;32.25;83.25;15.0;0;12.73;14.29;164.95;101.24;2.58;80767.0;0;0;48.0;4528.0;991.53;683.58;1.0;1.0;0;1.0;0;0;1.0;0;0;1.0;0;0;1.0;1.0;0;0;0;0;0
294565;1.39;1.03;0;1269.0;32.25;83.25;15.0;0;12.74;14.20;120.22;92.92;2.58;80767.0;0;0;49.0;4511.0;991.53;839.83;1.0;1.0;0;1.0;0;0;1.0;0;0;1.0;0;0;1.0;1.0;0;0;0;0;0
295095;1.44;1.01;0;1231.0;32.25;83.25;16.5;0;13.07;14.20;87.61;67.69;2.58;80767.0;0;0;47.0;4518.0;991.53;234.37;1.0;1.0;0;1.0;0;0;1.0;0;0;1.0;0;0;1.0;1.0;0;0;0;0;0
295615;1.37;1.03;0;1303.0;32.25;83.25;12.0;0;12.20;14.20;122.96;77.76;2.58;80767.0;0;0;47.0;4502.0;991.53;58.59;1.0;1.0;0;1.0;0;0;1.0;0;0;1.0;0;0;1.0;1.0;0;0;0;0;0
296145;1.44;1.04;0;1283.0;32.25;83.25;12.75;0;12.33;14.39;111.36;88.74;2.31;80767.0;0;0;47.0;4526.0;991.53;390.62;1.0;1.0;0;1.0;0;0;1.0;0;0;1.0;0;0;1.0;1.0;0;0;0;0;0
296666;1.40;1.04;0;1255.0;32.25;83.25;14.25;0;12.58;14.29;148.54;110.85;2.58;80767.0;0;0;45.0;4500.0;991.53;781.24;1.0;1.0;0;1.0;0;0;1.0;0;0;1.0;0;0;1.0;1.0;0;0;0;0;0
297196;1.36;1.02;0;1256.0;32.25;83.25;15.0;0;12.58;14.29;130.71;88.00;2.58;80767.0;0;0;46.0;4509.0;991.53;800.77;1.0;1.0;0;1.0;0;0;1.0;0;0;1.0;0;0;1.0;1.0;0;0;0;0;0
297716;1.40;1.00;0;1269.0;32.25;83.25;13.5;0;12.32;14.20;128.48;71.49;2.58;80767.0;0;0;45.0;4512.0;991.53;605.46;1.0;1.0;0;1.0;0;0;1.0;0;0;1.0;0;0;1.0;1.0;0;0;0;0;0
298246;1.39;1.01;0;1276.0;32.25;83.25;13.5;0;12.29;14.11;98.68;54.89;2.58;80767.0;0;0;46.0;4513.0;991.53;78.12;1.0;1.0;0;1.0;0;0;1.0;0;0;1.0;0;0;1.0;1.0;0;0;0;0;0
298766;1.32;1.02;0;1279.0;32.25;83.25;13.5;0;12.29;14.29;92.98;75.71;2.58;80767.0;0;0;45.0;4505.0;991.53;566.39;1.0;1.0;0;1.0;0;0;1.0;0;0;1.0;0;0;1.0;1.0;0;0;0;0;0
299296;1.36;1.02;0;1256.0;32.25;83.25;15.0;0;12.49;14.29;67.74;62.35;2.58;80767.0;0;0;45.0;4513.0;991.53;58.59;1.0;1.0;0;1.0;0;0;1.0;0;0;1.0;0;0;1.0;1.0;0;0;0;0;0
299866;1.40;1.03;0;1244.0;32.25;83.25;16.5;0;12.77;14.29;59.03;52.04;2.58;80767.0;0;0;47.0;4515.0;991.53;58.59;1.0;1.0;0;1.0;0;0;1.0;0;0;1.0;0;0;1.0;1.0;0;0;0;0;0
300396;1.36;1.05;0;1270.0;32.25;83.25;13.5;0;12.25;14.29;48.80;41.05;2.58;80767.0;0;0;44.0;4516.0;991.53;253.90;1.0;1.0;0;1.0;0;0;1.0;0;0;1.0;0;0;1.0;1.0;0;0;0;0;0
300916;1.44;1.04;0;1261.0;32.25;83.25;14.25;0;12.36;14.20;35.52;33.51;2.58;80767.0;0;0;44.0;4505.0;991.53;859.36;1.0;1.0;0;1.0;0;0;1.0;0;0;1.0;0;0;1.0;1.0;0;0;0;0;0
301446;1.43;1.03;0;1209.0;32.25;83.25;18.0;0;12.99;14.20;27.26;25.68;2.58;80767.0;0;0;44.0;4508.0;991.53;839.83;1.0;1.0;0;1.0;0;0;1.0;0;0;1.0;0;0;1.0;1.0;0;0;0;0;0
301966;1.36;1.01;0;1249.0;32.25;83.25;15.75;0;12.60;14.39;53.70;28.63;2.31;80767.0;0;0;46.0;4506.0;991.53;800.77;1.0;1.0;0;1.0;0;0;1.0;0;0;1.0;0;0;1.0;1.0;0;0;0;0;0
302496;1.32;1.01;0;1262.0;32.25;83.25;15.0;0;12.46;14.29;125.87;71.85;2.58;80767.0;0;0;46.0;4515.0;991.53;78.12;1.0;1.0;0;1.0;0;0;1.0;0;0;1.0;0;0;1.0;1.0;0;0;0;0;0
303016;1.43;1.02;0;1236.0;32.25;83.25;16.5;0;12.77;14.39;114.11;78.78;2.31;80767.0;0;0;45.0;4505.0;991.53;97.65;1.0;1.0;0;1.0;0;0;1.0;0;0;1.0;0;0;1.0;1.0;0;0;0;0;0
303547;1.39;1.03;0;1264.0;32.25;83.25;14.25;0;12.39;14.29;87.67;60.50;2.58;80767.0;0;0;45.0;4506.0;991.53;839.83;1.0;1.0;0;1.0;0;0;1.0;0;0;1.0;0;0;1.0;1.0;0;0;0;0;0
304076;1.39;1.01;0;1228.0;32.25;83.25;17.25;0;12.89;14.29;63.86;41.79;2.58;80767.0;0;0;45.0;4515.0;991.53;722.64;1.0;1.0;0;1.0;0;0;1.0;0;0;1.0;0;0;1.0;1.0;0;0;0;0;0
304596;1.32;1.01;0;1285.0;32.25;83.25;13.5;0;12.23;14.11;52.92;34.29;2.58;80767.0;0;0;46.0;4505.0;991.53;58.59;1.0;1.0;0;1.0;0;0;1.0;0;0;1.0;0;0;1.0;1.0;0;0;0;0;0
305126;1.44;1.02;0;1256.0;32.25;83.25;15.0;0;12.47;14.29;47.84;42.26;2.58;80767.0;0;0;45.0;4521.0;991.53;97.65;1.0;1.0;0;1.0;0;0;1.0;0;0;1.0;0;0;1.0;1.0;0;0;0;0;0
305647;1.36;1.03;0;1248.0;32.25;83.25;15.0;0;12.46;14.20;34.82;45.54;2.58;80767.0;0;0;45.0;4507.0;991.53;781.24;1.0;1.0;0;1.0;0;0;1.0;0;0;1.0;0;0;1.0;1.0;0;0;0;0;0
306186;1.33;1.01;0;1246.0;32.25;83.25;15.75;0;12.58;14.20;25.33;33.16;2.58;80767.0;0;0;45.0;4523.0;991.53;566.39;1.0;1.0;0;1.0;0;0;1.0;0;0;1.0;0;0;1.0;1.0;0;0;0;0;0
306696;1.41;1.02;0;1223.0;32.25;83.25;17.25;0;12.89;14.29;21.54;26.46;2.58;80767.0;0;0;45.0;4509.0;991.53;58.59;1.0;1.0;0;1.0;0;0;1.0;0;0;1.0;0;0;1.0;1.0;0;0;0;0;0
307226;1.52;1.04;0;1208.0;32.25;83.25;19.5;0;13.18;14.20;23.08;22.51;2.58;80767.0;0;0;46.0;4529.0;991.53;97.65;1.0;1.0;0;1.0;0;0;1.0;0;0;1.0;0;0;1.0;1.0;0;0;0;0;0
307746;1.40;1.04;0;1244.0;32.25;83.25;15.75;0;12.61;14.20;36.44;51.11;2.58;80767.0;0;0;45.0;4497.0;991.53;839.83;1.0;1.0;0;1.0;0;0;1.0;0;0;1.0;0;0;1.0;1.0;0;0;0;0;0
308276;1.41;1.02;0;1212.0;32.25;83.25;18.0;0;13.05;14.29;32.43;59.62;2.58;80767.0;0;0;46.0;4508.0;991.53;839.83;1.0;1.0;0;1.0;0;0;1.0;0;0;1.0;0;0;1.0;1.0;0;0;0;0;0
308806;1.36;1.02;0;1258.0;32.25;83.25;15.0;0;12.49;14.20;29.23;81.16;2.58;80767.0;0;0;46.0;4515.0;991.53;117.18;1.0;1.0;0;1.0;0;0;1.0;0;0;1.0;0;0;1.0;1.0;0;0;0;0;0
309395;1.42;1.03;0;1285.0;32.25;83.25;13.5;0;12.27;14.39;24.76;74.93;2.31;80767.0;0;0;46.0;4508.0;991.53;78.12;1.0;1.0;0;1.0;0;0;1.0;0;0;1.0;0;0;1.0;1.0;0;0;0;0;0
309926;1.44;1.05;0;1250.0;32.25;83.25;15.0;0;12.46;14.20;19.88;65.77;2.58;80767.0;0;0;44.0;4514.0;991.53;859.36;1.0;1.0;0;1.0;0;0;1.0;0;0;1.0;0;0;1.0;1.0;0;0;0;0;0
310446;1.35;1.03;0;1284.0;32.25;83.25;13.5;0;12.24;14.29;16.65;54.19;2.58;80767.0;0;0;45.0;4508.0;991.53;859.36;1.0;1.0;0;1.0;0;0;1.0;0;0;1.0;0;0;1.0;1.0;0;0;0;0;0
310976;1.35;1.02;0;1266.0;32.25;83.25;14.25;0;12.39;14.11;12.08;39.43;2.58;80767.0;0;0;45.0;4530.0;991.53;781.24;1.0;1.0;0;1.0;0;0;1.0;0;0;1.0;0;0;1.0;1.0;0;0;0;0;0
311506;1.35;1.00;0;1262.0;32.25;83.25;15.0;0;12.42;14.29;9.23;28.68;2.58;80767.0;0;0;45.0;4499.0;991.53;351.55;1.0;1.0;0;1.0;0;0;1.0;0;0;1.0;0;0;1.0;1.0;0;0;0;0;0
312079;1.40;1.01;0;1270.0;32.25;83.25;14.25;0;12.36;14.29;9.17;22.01;2.58;80767.0;0;0;45.0;4516.0;991.53;468.74;1.0;1.0;0;1.0;0;0;1.0;0;0;1.0;0;0;1.0;1.0;0;0;0;0;0
312646;1.39;1.00;0;1272.0;32.25;83.25;14.25;0;12.36;14.29;6.28;22.90;2.58;80767.0;0;0;45.0;4498.0;991.53;722.64;1.0;1.0;0;1.0;0;0;1.0;0;0;1.0;0;0;1.0;1.0;0;0;0;0;0
313175;1.36;0.99;0;1247.0;32.25;83.25;15.75;0;12.60;14.29;11.44;18.84;2.58;80767.0;0;0;46.0;4519.0;991.53;156.24;1.0;1.0;0;1.0;0;0;1.0;0;0;1.0;0;0;1.0;1.0;0;0;0;0;0
313766;1.42;1.01;0;1197.0;32.25;83.25;20.25;0;13.35;14.20;49.25;18.43;2.58;80767.0;0;0;46.0;4505.0;991.53;58.59;1.0;1.0;0;1.0;0;0;1.0;0;0;1.0;0;0;1.0;1.0;0;0;0;0;0
314296;1.37;1.02;0;1260.0;32.25;83.25;15.0;0;12.49;14.20;45.54;14.60;2.58;80767.0;0;0;45.0;4514.0;991.53;78.12;1.0;1.0;0;1.0;0;0;1.0;0;0;1.0;0;0;1.0;1.0;0;0;0;0;0
314827;1.48;1.04;0;1257.0;32.25;83.25;15.0;0;12.50;14.20;100.20;27.12;2.58;80767.0;0;0;45.0;4509.0;991.53;781.24;1.0;1.0;0;1.0;0;0;1.0;0;0;1.0;0;0;1.0;1.0;0;0;0;0;0
315346;1.42;1.03;0;1233.0;32.25;83.25;16.5;0;12.80;14.29;94.23;60.91;2.58;80767.0;0;0;45.0;4505.0;991.53;839.83;1.0;1.0;0;1.0;0;0;1.0;0;0;1.0;0;0;1.0;1.0;0;0;0;0;0
315875;1.36;1.01;0;1251.0;32.25;83.25;15.0;0;12.50;14.29;84.25;55.79;2.58;80767.0;0;0;46.0;4515.0;991.53;332.02;1.0;1.0;0;1.0;0;0;1.0;0;0;1.0;0;0;1.0;1.0;0;0;0;0;0
316396;1.39;1.02;0;1234.0;32.25;83.25;17.25;0;12.95;14.29;81.61;51.50;2.58;80767.0;0;0;46.0;4498.0;991.53;58.59;1.0;1.0;0;1.0;0;0;1.0;0;0;1.0;0;0;1.0;1.0;0;0;0;0;0
316926;1.46;1.04;0;1260.0;32.25;83.25;15.0;0;12.53;14.11;74.50;41.75;2.58;80767.0;0;0;46.0;4526.0;991.53;410.15;1.0;1.0;0;1.0;0;0;1.0;0;0;1.0;0;0;1.0;1.0;0;0;0;0;0
317446;1.40;1.04;0;1256.0;32.25;83.25;15.0;0;12.51;14.20;72.00;49.87;2.58;80767.0;0;0;46.0;4518.0;991.53;859.36;1.0;1.0;0;1.0;0;0;1.0;0;0;1.0;0;0;1.0;1.0;0;0;0;0;0
317976;1.39;1.02;0;1245.0;32.25;83.25;15.75;0;12.65;14.20;82.96;81.92;2.58;80767.0;0;0;45.0;4515.0;991.53;839.83;1.0;1.0;0;1.0;0;0;1.0;0;0;1.0;0;0;1.0;1.0;0;0;0;0;0
318505;1.34;1.01;0;1296.0;32.25;83.25;12.0;0;11.97;14.29;78.94;66.32;2.58;80767.0;0;0;45.0;4515.0;991.53;859.36;1.0;1.0;0;1.0;0;0;1.0;0;0;1.0;0;0;1.0;1.0;0;0;0;0;0
319046;1.40;0.99;0;1250.0;32.25;83.25;15.0;0;12.47;14.39;68.84;59.50;2.31;80767.0;0;0;46.0;4521.0;991.53;722.64;1.0;1.0;0;1.0;0;0;1.0;0;0;1.0;0;0;1.0;1.0;0;0;0;0;0
319576;1.32;0.99;0;1232.0;32.25;83.25;16.5;0;12.73;14.29;53.76;47.12;2.58;80767.0;0;0;45.0;4501.0;991.53;97.65;1.0;1.0;0;1.0;0;0;1.0;0;0;1.0;0;0;1.0;1.0;0;0;0;0;0
320106;1.33;1.00;0;1266.0;32.25;83.25;15.0;0;12.45;14.39;41.48;43.49;2.31;80767.0;0;0;46.0;4501.0;991.53;39.06;1.0;1.0;0;1.0;0;0;1.0;0;0;1.0;0;0;1.0;1.0;0;0;0;0;0
320626;1.39;1.02;0;1235.0;32.25;83.25;17.25;0;12.95;14.39;65.71;48.49;2.31;80767.0;0;0;46.0;4526.0;991.53;58.59;1.0;1.0;0;1.0;0;0;1.0;0;0;1.0;0;0;1.0;1.0;0;0;0;0;0
321167;1.40;1.04;0;1235.0;32.25;83.25;17.25;0;12.99;14.29;110.67;69.72;2.58;80767.0;0;0;46.0;4517.0;991.53;78.12;1.0;1.0;0;1.0;0;0;1.0;0;0;1.0;0;0;1.0;1.0;0;0;0;0;0
321707;1.43;1.05;0;1264.0;32.25;83.25;15.0;0;12.56;14.39;153.91;128.31;2.31;80767.0;0;0;47.0;4522.0;991.53;468.74;1.0;1.0;0;1.0;0;0;1.0;0;0;1.0;0;0;1.0;1.0;0;0;0;0;0
322225;1.38;1.04;0;1300.0;32.25;83.25;12.0;0;12.04;14.20;162.04;131.57;2.58;80767.0;0;0;46.0;4518.0;991.53;878.89;1.0;1.0;0;1.0;0;0;1.0;0;0;1.0;0;0;1.0;1.0;0;0;0;0;0
322755;1.40;1.03;0;1255.0;32.25;83.25;15.0;0;12.53;14.20;165.90;136.72;2.58;80767.0;0;0;46.0;4511.0;991.53;878.89;1.0;1.0;0;1.0;0;0;1.0;0;0;1.0;0;0;1.0;1.0;0;0;0;0;0
323275;1.37;1.01;0;1257.0;32.25;83.25;15.0;0;12.51;14.29;159.28;107.23;2.58;80767.0;0;0;46.0;4523.0;991.53;761.70;1.0;1.0;0;1.0;0;0;1.0;0;0;1.0;0;0;1.0;1.0;0;0;0;0;0
323805;1.34;1.00;0;1269.0;32.25;83.25;14.25;0;12.44;14.20;129.97;91.08;2.58;80767.0;0;0;46.0;4507.0;991.53;312.49;1.0;1.0;0;1.0;0;0;1.0;0;0;1.0;0;0;1.0;1.0;0;0;0;0;0
324336;1.47;1.02;0;1240.0;32.25;83.25;16.5;0;12.83;14.39;165.51;101.16;2.31;80767.0;0;0;46.0;4529.0;991.53;78.12;1.0;1.0;0;1.0;0;0;1.0;0;0;1.0;0;0;1.0;1.0;0;0;0;0;0
324855;1.41;1.04;0;1259.0;32.25;83.25;15.0;0;12.54;14.39;215.78;150.77;2.31;80767.0;0;0;46.0;4506.0;991.53;800.77;1.0;1.0;0;1.0;0;0;1.0;0;0;1.0;0;0;1.0;1.0;0;0;0;0;0
325385;1.39;1.01;0;1245.0;32.25;83.25;16.5;0;12.83;14.20;195.37;200.49;2.58;80767.0;0;0;46.0;4518.0;991.53;546.86;1.0;1.0;0;1.0;0;0;1.0;0;0;1.0;0;0;1.0;1.0;0;0;0;0;0
325905;1.44;1.02;0;1230.0;32.25;83.25;17.25;0;12.99;14.39;232.85;226.07;2.31;80767.0;0;0;47.0;4502.0;991.53;97.65;1.0;1.0;0;1.0;0;0;1.0;0;0;1.0;0;0;1.0;1.0;0;0;0;0;0
326435;1.44;1.04;0;1286.0;32.25;83.25;13.5;0;12.37;14.29;244.80;241.15;2.58;80767.0;0;0;47.0;4514.0;991.53;78.12;1.0;1.0;0;1.0;0;0;1.0;0;0;1.0;0;0;1.0;1.0;0;0;0;0;0
326955;1.42;1.05;0;1262.0;32.25;83.25;14.25;0;12.49;14.39;242.44;256.70;2.31;80767.0;0;0;45.0;4502.0;991.53;820.30;1.0;1.0;0;1.0;0;0;1.0;0;0;1.0;0;0;1.0;1.0;0;0;0;0;0
327485;1.44;1.03;0;1277.0;32.25;83.25;13.5;0;12.32;14.29;209.24;221.43;2.58;80767.0;0;0;46.0;4517.0;991.53;859.36;1.0;1.0;0;1.0;0;0;1.0;0;0;1.0;0;0;1.0;1.0;0;0;0;0;0
328035;1.36;1.02;0;1262.0;32.25;83.25;14.25;0;12.47;14.20;182.25;242.13;2.58;80767.0;0;0;45.0;4511.0;991.53;820.30;1.0;1.0;0;1.0;0;0;1.0;0;0;1.0;0;0;1.0;1.0;0;0;0;0;0
328566;1.38;1.00;0;1241.0;32.25;83.25;16.5;0;12.83;14.20;169.63;198.67;2.58;80767.0;0;0;46.0;4522.0;991.53;507.80;1.0;1.0;0;1.0;0;0;1.0;0;0;1.0;0;0;1.0;1.0;0;0;0;0;0
329096;1.41;0.99;0;1241.0;32.25;83.25;16.5;0;12.83;14.29;169.28;205.27;2.58;80767.0;0;0;47.0;4516.0;991.53;97.65;1.0;1.0;0;1.0;0;0;1.0;0;0;1.0;0;0;1.0;1.0;0;0;0;0;0
329666;1.42;1.01;0;1224.0;32.25;83.25;17.25;0;13.02;14.20;222.42;225.18;2.58;80767.0;0;0;46.0;4491.0;991.53;58.59;1.0;1.0;0;1.0;0;0;1.0;0;0;1.0;0;0;1.0;1.0;0;0;0;0;0
330185;1.38;1.03;0;1248.0;32.25;83.25;16.5;0;12.89;14.29;242.07;246.01;2.58;80767.0;0;0;47.0;4512.0;991.53;58.59;1.0;1.0;0;1.0;0;0;1.0;0;0;1.0;0;0;1.0;1.0;0;0;0;0;0
330716;1.48;1.04;0;1223.0;32.25;83.25;17.25;0;13.09;14.39;250.51;241.35;2.31;80767.0;0;0;48.0;4511.0;991.53;78.12;1.0;1.0;0;1.0;0;0;1.0;0;0;1.0;0;0;1.0;1.0;0;0;0;0;0
331235;1.48;1.06;0;1250.0;32.25;83.25;15.75;0;12.79;14.20;259.00;224.80;2.58;80767.0;0;0;48.0;4510.0;991.53;722.64;1.0;1.0;0;1.0;0;0;1.0;0;0;1.0;0;0;1.0;1.0;0;0;0;0;0
331765;2.35;1.04;0;1244.0;32.25;83.25;16.5;0.39;12.98;14.29;202.09;163.83;2.58;80767.0;0;0;48.0;4518.0;991.53;878.89;1.0;1.0;0;1.0;0;0;1.0;0;0;1.0;0;0;1.0;1.0;0;0;0;0;0
332295;2.67;0.99;0;2213.0;32.25;83.25;21.0;5.49;19.38;13.92;216.50;184.91;2.82;80767.0;0;0;50.0;4561.0;991.53;898.42;1.0;1.0;0;1.0;0;0;1.0;0;0;1.0;0;0;1.0;1.0;0;0;0;0;0
332815;3.57;1.00;0;1841.0;32.25;83.25;15.0;7.45;25.93;14.11;215.94;197.99;2.58;80767.0;0;0;50.0;4529.0;991.53;878.89;1.0;1.0;0;1.0;0;0;1.0;0;0;1.0;0;0;1.0;1.0;0;0;0;0;0
333346;3.39;0.98;15.0;1913.0;32.25;83.25;15.75;7.45;25.76;14.11;196.82;213.50;2.58;80767.0;15.0;16.0;50.0;4486.0;991.53;820.30;1.0;1.0;0;1.0;0;0;1.0;0;0;1.0;0;0;1.0;1.0;0;0;0;0;0
333865;3.03;0.95;21.0;2421.0;32.25;83.25;23.25;8.62;24.53;14.01;157.06;173.52;2.58;80767.0;21.0;22.0;50.0;4410.0;991.53;859.36;1.0;1.0;0;1.0;0;0;1.0;0;0;1.0;0;0;1.0;1.0;0;0;0;0;0
334395;2.76;0.91;27.0;3045.0;32.25;83.25;32.25;9.02;24.17;13.92;136.80;219.57;2.82;80767.0;28.0;28.0;50.0;4600.0;991.53;566.39;1.0;1.0;0;1.0;0;0;1.0;0;0;1.0;0;0;1.0;1.0;0;0;0;0;0
334916;3.19;1.00;28.0;2526.0;32.25;83.25;8.25;7.05;17.27;13.92;144.15;203.58;2.82;80767.0;28.0;29.0;50.0;4308.0;991.53;898.42;2.0;1.0;0;1.0;0;0;1.0;0;0;1.0;0;0;1.0;1.0;0;0;0;0;0
335446;3.19;0.98;32.0;2584.0;32.25;83.25;26.25;9.02;24.48;13.82;139.83;268.43;2.82;80767.0;33.0;33.0;50.0;4285.0;991.53;859.36;2.0;1.0;0;1.0;0;0;1.0;0;0;1.0;0;0;1.0;1.0;0;0;0;0;0
335976;0.8;1.00;35.0;2710.0;32.25;83.25;39.75;0;15.50;14.01;230.64;316.54;2.58;80767.0;36.0;36.0;50.0;4423.0;991.53;859.36;2.0;1.0;0;1.0;0;0;1.0;0;0;1.0;0;0;1.0;1.0;0;0;0;0;0
336496;0.78;1.00;35.0;2674.0;32.25;83.25;16.5;0;12.62;14.01;256.76;306.56;2.58;80767.0;35.0;34.0;50.0;4497.0;991.53;39.06;2.0;1.0;0;1.0;0;0;1.0;0;0;1.0;0;0;1.0;1.0;0;0;0;0;0
337026;0.8;1.00;33.0;2619.0;32.25;83.25;16.5;0;12.54;14.01;290.60;332.45;2.58;80767.0;34.0;33.0;50.0;4476.0;991.53;39.06;2.0;1.0;0;1.0;0;0;1.0;0;0;1.0;0;0;1.0;1.0;0;0;0;0;0
337556;2.2;0.99;33.0;2649.0;32.25;83.25;5.25;4.70;11.81;13.82;329.27;340.05;2.82;80767.0;34.0;34.0;50.0;4522.0;991.53;859.36;2.0;1.0;0;1.0;0;0;1.0;0;0;1.0;0;0;1.0;1.0;0;0;0;0;0
338106;1.94;0.96;35.0;2719.0;32.25;83.25;13.5;4.31;13.03;13.92;335.27;326.50;2.82;80767.0;35.0;35.0;50.0;4520.0;991.53;800.77;2.0;1.0;0;1.0;0;0;1.0;0;0;1.0;0;0;1.0;1.0;0;0;0;0;0
338626;1.60;0.94;36.0;2850.0;32.25;83.25;21.75;3.52;12.29;14.01;304.80;319.84;2.58;80767.0;37.0;36.0;50.0;4506.0;991.53;859.36;2.0;1.0;0;1.0;0;0;1.0;0;0;1.0;0;0;1.0;1.0;0;0;0;0;0
339156;1.23;0.92;37.0;2934.0;32.25;83.25;27.75;2.35;10.33;13.92;320.44;294.41;2.82;80767.0;37.0;38.0;50.0;4517.0;991.53;878.89;2.0;1.0;0;1.0;0;0;1.0;0;0;1.0;0;0;1.0;1.0;0;0;0;0;0
339676;0.72;1.00;37.0;2903.0;32.25;83.25;19.5;0;12.62;13.92;277.57;251.07;2.82;80767.0;38.0;37.0;50.0;4517.0;991.53;39.06;2.0;1.0;0;1.0;0;0;1.0;0;0;1.0;0;0;1.0;1.0;0;0;0;0;0
340206;0.76;1.00;37.0;2791.0;32.25;82.5;17.25;0;12.59;13.92;288.53;211.99;2.82;80767.0;37.0;36.0;51.0;4509.0;991.53;19.53;2.0;1.0;0;1.0;0;0;1.0;0;0;1.0;0;0;1.0;1.0;0;0;0;0;0
340747;0.77;1.00;35.0;2762.0;32.25;82.5;17.25;0;12.59;13.92;213.26;212.68;2.82;80767.0;35.0;35.0;51.0;4525.0;991.53;39.06;2.0;1.0;0;1.0;0;0;1.0;0;0;1.0;0;0;1.0;1.0;0;0;0;0;0
341256;0.82;1.00;33.0;2602.0;32.25;82.5;15.0;0;12.54;14.01;286.17;288.65;2.58;80767.0;34.0;33.0;51.0;4498.0;991.53;39.06;2.0;1.0;0;1.0;0;0;1.0;0;0;1.0;0;0;1.0;1.0;0;0;0;0;0
341786;0.82;1.00;31.0;2444.0;32.25;82.5;16.5;0;12.60;14.01;317.87;320.11;2.58;80767.0;31.0;31.0;48.0;4492.0;991.53;39.06;2.0;1.0;0;1.0;0;0;1.0;0;0;1.0;0;0;1.0;1.0;0;0;0;0;0
342306;0.88;1.00;27.0;2165.0;32.25;82.5;15.0;0;12.62;13.82;223.07;195.31;2.82;80767.0;28.0;28.0;46.0;4568.0;991.53;39.06;2.0;1.0;0;1.0;0;0;1.0;0;0;1.0;0;0;1.0;1.0;0;0;0;0;0
342836;1.0;1.00;25.0;1912.0;32.25;82.5;14.25;0;12.55;14.11;177.95;181.78;2.58;80767.0;25.0;25.0;47.0;4513.0;991.53;39.06;2.0;1.0;0;1.0;0;0;1.0;0;0;1.0;0;0;1.0;1.0;0;0;0;0;0
343366;0.84;1.00;25.0;2077.0;32.25;82.5;13.5;0;12.67;14.01;154.52;193.54;2.58;80767.0;25.0;24.0;50.0;4519.0;991.53;859.36;2.0;1.0;0;1.0;0;0;1.0;0;0;1.0;0;0;1.0;1.0;0;0;0;0;0
343896;0.84;1.00;23.0;2308.0;32.25;82.5;15.75;0;12.69;14.11;153.83;126.94;2.58;80767.0;23.0;22.0;47.0;4460.0;991.53;605.46;1.0;1.0;0;1.0;0;0;1.0;0;0;1.0;0;0;1.0;1.0;0;0;0;0;0
344416;0.83;1.00;21.0;2403.0;32.25;82.5;17.25;0;12.58;13.92;130.05;124.03;2.82;80767.0;22.0;21.0;48.0;4471.0;991.53;58.59;1.0;1.0;0;1.0;0;0;1.0;0;0;1.0;0;0;1.0;1.0;0;0;0;0;0
344986;0.88;1.00;20.0;2239.0;32.25;82.5;14.25;0;12.62;13.92;69.03;70.71;2.82;80767.0;21.0;20.0;47.0;4557.0;991.53;39.06;1.0;1.0;0;1.0;0;0;1.0;0;0;1.0;0;0;1.0;1.0;0;0;0;0;0
345515;0.88;1.00;18.0;2126.0;32.25;82.5;15.0;0;12.60;14.11;57.00;59.80;2.58;80767.0;19.0;19.0;47.0;4531.0;991.53;39.06;1.0;1.0;0;1.0;1.0;0;1.0;0;0;1.0;0;0;1.0;1.0;0;0;1.0;0;0
346086;1.32;1.01;18.0;1348.0;32.25;82.5;15.0;0;12.54;14.20;53.70;59.52;2.58;80767.0;19.0;19.0;47.0;4499.0;991.53;58.59;1.0;1.0;0;1.0;0;0;1.0;0;0;1.0;0;0;1.0;1.0;0;0;1.0;0;0
346616;1.40;1.02;20.0;1293.0;32.25;82.5;13.5;0;12.37;14.20;57.84;59.13;2.58;80767.0;20.0;20.0;46.0;4496.0;991.53;839.83;0;1.0;0;1.0;0;0;1.0;0;0;1.0;0;0;1.0;1.0;0;0;1.0;0;0
347145;1.33;1.00;18.0;1289.0;32.25;82.5;14.25;0;12.49;14.20;123.44;78.72;2.58;80767.0;19.0;19.0;46.0;4510.0;991.53;761.70;0;1.0;0;1.0;0;0;1.0;0;0;1.0;0;0;1.0;1.0;0;0;1.0;0;0
347666;1.33;0.98;18.0;1257.0;32.25;82.5;15.75;0;12.51;14.20;171.90;119.32;2.58;80767.0;19.0;17.0;47.0;4504.0;991.53;332.02;0;1.0;0;1.0;0;0;1.0;0;0;1.0;0;0;1.0;1.0;0;0;1.0;0;0
348195;1.43;0.99;13.0;1243.0;32.25;82.5;16.5;0;12.89;14.39;167.74;162.82;2.31;80767.0;13.0;13.0;46.0;4512.0;991.53;58.59;0;1.0;0;1.0;0;0;1.0;0;0;1.0;0;0;1.0;1.0;0;0;1.0;0;0
348716;1.34;1.01;10.0;1297.0;32.25;82.5;14.25;0;12.49;14.29;202.21;209.73;2.58;80767.0;10.0;10.0;46.0;4501.0;991.53;78.12;0;1.0;0;1.0;0;0;1.0;0;0;1.0;0;0;1.0;1.0;0;0;1.0;0;0
349246;1.34;1.02;6.0;1286.0;32.25;82.5;13.5;0;12.33;14.29;192.13;238.96;2.58;80767.0;6.0;6.0;46.0;4508.0;991.53;683.58;0;1.0;0;1.0;0;0;1.0;0;0;1.0;0;0;1.0;1.0;0;0;1.0;0;0
349776;1.39;1.01;3.0;1292.0;32.25;82.5;12.75;0;12.15;14.20;167.35;211.66;2.58;80767.0;4.0;4.0;44.0;4511.0;991.65;605.46;0;1.0;0;1.0;0;0;1.0;0;0;1.0;0;0;1.0;1.0;0;0;1.0;0;0
350307;1.34;1.00;0;1233.0;32.25;82.5;16.5;0;12.73;14.39;128.56;162.62;2.31;80767.0;0;0;44.0;4510.0;991.65;644.52;0;1.0;0;1.0;0;0;1.0;0;0;1.0;0;0;1.0;1.0;0;0;1.0;0;0
350826;1.43;1.00;0;1242.0;32.25;82.5;16.5;0;12.69;14.29;101.88;112.41;2.58;80767.0;0;0;45.0;4523.0;991.84;58.59;0;1.0;0;1.0;0;0;1.0;0;0;1.0;0;0;1.0;1.0;0;0;1.0;0;0
351355;1.35;1.02;0;1237.0;32.25;82.5;17.25;0;12.85;14.29;78.27;86.32;2.58;80767.0;0;0;45.0;4519.0;991.88;58.59;0;1.0;0;1.0;0;0;1.0;0;0;1.0;0;0;1.0;1.0;0;0;1.0;0;0
351876;1.36;1.03;0;1262.0;32.25;82.5;15.0;0;12.41;14.20;57.02;66.28;2.58;80767.0;0;0;44.0;4503.0;991.92;332.02;0;1.0;0;1.0;0;0;1.0;0;0;1.0;0;0;1.0;1.0;0;0;1.0;0;0
352406;1.42;1.05;0;1230.0;32.25;82.5;17.25;0;12.82;14.29;43.78;50.89;2.58;80767.0;0;0;44.0;4508.0;992.04;97.65;0;1.0;0;1.0;1.0;0;1.0;0;0;1.0;0;0;1.0;1.0;0;0;1.0;0;0
352936;1.51;1.05;0;1233.0;32.25;82.5;17.25;0;12.78;14.39;33.86;35.13;2.31;80767.0;0;0;44.0;4502.0;992.16;781.24;0;1.0;0;1.0;0;0;1.0;0;0;1.0;0;0;1.0;1.0;0;0;1.0;0;0
353456;1.42;1.04;0;1265.0;32.25;82.5;15.0;0;12.33;14.29;25.99;26.95;2.58;80767.0;0;0;44.0;4529.0;992.12;839.83;0;1.0;0;1.0;0;0;1.0;0;0;1.0;0;0;1.0;1.0;0;0;1.0;0;0
353986;1.32;1.02;0;1266.0;32.25;82.5;14.25;0;12.23;14.20;34.82;25.01;2.58;80767.0;0;0;44.0;4508.0;992.23;820.30;0;1.0;0;1.0;0;0;1.0;0;0;1.0;0;0;1.0;1.0;0;0;1.0;0;0
354515;1.46;1.00;0;1149.0;32.25;82.5;24.0;0;13.76;14.39;41.89;21.79;2.31;80767.0;0;0;44.0;4570.0;992.16;214.84;0;1.0;0;1.0;0;1.0;0;0;0;0;0;0;0;0;0;1.0;0;0;0
355086;1.81;1.00;0;0;32.25;82.5;12.75;0;60.29;12.87;42.08;20.66;3.24;80767.0;0;0;122.0;4614.0;992.16;58.59;0;1.0;0;1.0;0;1.0;0;0;0;0;0;0;0;0;0;1.0;0;0;0
355616;1.81;1.00;0;0;32.25;82.5;12.75;0;60.29;12.78;42.08;20.66;3.36;80767.0;0;0;122.0;4616.0;992.16;78.12;0;1.0;0;1.0;0;0;0;0;0;0;0;0;0;0;0;0;1.0;0;0
356136;1.81;1.00;0;0;32.25;83.25;12.75;0;60.29;12.68;42.08;20.66;3.36;80767.0;0;0;121.0;4613.0;992.00;78.12;0;1.0;0;1.0;0;0;0;0;0;0;0;0;0;0;0;0;1.0;0;0
356666;1.81;1.00;0;0;32.25;83.25;12.75;0;60.29;12.68;42.08;20.66;3.36;80767.0;0;0;121.0;4612.0;992.04;78.12;0;0;1.0;0;0;0;0;0;0;0;0;0;0;0;0;0;1.0;0;0
357196;1.81;1.00;0;0;32.25;83.25;12.75;0;60.29;12.59;42.08;20.66;3.36;80767.0;0;0;121.0;4611.0;992.04;97.65;0;0;1.0;0;0;0;0;0;0;0;0;0;0;0;0;0;1.0;0;0
357716;1.81;1.00;0;0;32.25;83.25;12.75;0;60.29;12.59;42.08;20.66;3.36;80767.0;0;0;121.0;4610.0;991.88;97.65;0;0;1.0;0;0;0;0;0;0;0;0;0;0;0;0;0;1.0;0;0
358246;1.81;1.00;0;0;32.25;83.25;12.75;0;60.29;12.68;42.08;20.66;3.36;80767.0;0;0;121.0;4608.0;992.00;97.65;0;0;1.0;0;0;0;0;0;0;0;0;0;0;0;0;0;1.0;0;0
358776;1.81;1.00;0;0;32.25;83.25;12.75;0;60.29;12.68;42.08;20.66;3.36;80767.0;0;0;121.0;4605.0;991.92;97.65;0;0;1.0;0;0;0;0;0;0;0;0;0;0;0;0;0;1.0;0;0
359296;1.81;1.00;0;0;32.25;83.25;12.75;0;60.29;12.68;42.08;20.66;3.36;80767.0;0;0;121.0;4604.0;991.84;97.65;0;0;1.0;0;0;0;0;0;0;0;0;0;0;0;0;0;1.0;0;0
359826;1.81;1.00;0;0;32.25;83.25;12.75;0;60.29;12.68;42.08;20.66;3.36;80767.0;0;0;121.0;4604.0;991.88;97.65;0;0;1.0;0;0;0;0;0;0;0;0;0;0;0;0;0;1.0;0;0
360356;1.81;1.00;0;0;32.25;83.25;12.75;0;60.29;12.68;42.08;20.66;3.36;80767.0;0;0;121.0;4604.0;991.92;117.18;0;0;1.0;0;0;0;0;0;0;0;0;0;0;0;0;0;1.0;0;0
360876;1.81;1.00;0;0;32.25;83.25;12.75;0;60.29;12.68;42.08;20.66;3.36;80767.0;0;0;121.0;4604.0;991.96;117.18;0;0;1.0;0;0;0;0;0;0;0;0;0;0;0;0;0;1.0;0;0
361467;1.81;1.00;0;0;32.25;83.25;12.75;0;60.29;12.68;42.08;20.66;3.36;80767.0;0;0;121.0;4604.0;991.92;117.18;0;0;1.0;0;0;0;0;0;0;0;0;0;0;0;0;0;1.0;0;0
362026;1.81;1.00;0;0;32.25;83.25;12.75;0;60.29;12.68;42.08;20.66;3.36;80767.0;0;0;121.0;4604.0;991.88;117.18;0;0;1.0;0;0;0;0;0;0;0;0;0;0;0;0;0;1.0;0;0
362558;1.81;1.00;0;0;32.25;83.25;12.75;0;60.29;12.68;42.08;20.66;3.36;80767.0;0;0;121.0;4604.0;991.84;117.18;0;0;1.0;0;0;0;0;0;0;0;0;0;0;0;0;0;1.0;0;0
363075;1.81;1.00;0;0;32.25;83.25;12.75;0;60.29;12.68;42.08;20.66;3.36;80767.0;0;0;121.0;4604.0;991.77;117.18;0;0;1.0;0;0;0;0;0;0;0;0;0;0;0;0;0;1.0;0;0
363606;1.81;1.00;0;0;32.25;83.25;12.75;0;60.29;12.68;42.08;20.66;3.36;80767.0;0;0;121.0;4604.0;991.73;117.18;0;0;1.0;0;0;0;0;0;0;0;0;0;0;0;0;0;1.0;0;0
364136;1.81;1.00;0;0;32.25;83.25;12.75;0;60.29;12.68;42.08;20.66;3.36;80767.0;0;0;121.0;4604.0;991.65;117.18;0;0;1.0;0;0;0;0;0;0;0;0;0;0;0;0;0;1.0;0;0
364655;1.81;1.00;0;0;32.25;83.25;12.75;0;60.29;12.68;42.08;20.66;3.36;80767.0;0;0;121.0;4604.0;991.69;136.71;0;0;1.0;0;0;0;0;0;0;0;0;0;0;0;0;0;1.0;0;0
365186;1.81;1.00;0;0;32.25;83.25;12.75;0;60.29;12.68;42.08;20.66;3.36;80767.0;0;0;121.0;4604.0;991.80;136.71;0;0;1.0;0;0;0;0;0;0;0;0;0;0;0;0;0;1.0;0;0
365716;1.81;1.00;0;0;32.25;83.25;12.75;0;60.29;12.68;42.08;20.66;3.36;80767.0;0;0;121.0;4604.0;991.73;136.71;0;0;1.0;0;0;0;0;0;0;0;0;0;0;0;0;0;1.0;0;0
366235;1.81;1.00;0;0;32.25;83.25;12.75;0;60.29;12.68;42.08;20.66;3.36;80767.0;0;0;121.0;4604.0;991.80;136.71;0;0;1.0;0;0;0;0;0;0;0;0;0;0;0;0;0;1.0;0;0
366766;1.81;1.00;0;0;32.25;83.25;12.75;0;60.29;12.68;42.08;20.66;3.36;80767.0;0;0;121.0;4604.0;991.73;136.71;0;0;1.0;0;0;0;0;0;0;0;0;0;0;0;0;0;1.0;0;0
367296;1.81;1.00;0;0;32.25;83.25;12.75;0;60.29;12.68;42.08;20.66;3.36;80767.0;0;0;121.0;4604.0;991.69;136.71;0;0;1.0;0;0;0;0;0;0;0;0;0;0;0;0;0;1.0;0;0
367815;1.81;1.00;0;0;32.25;83.25;12.75;0;60.29;12.68;42.08;20.66;3.36;80767.0;0;0;121.0;4604.0;991.69;136.71;0;0;1.0;0;0;0;0;0;0;0;0;0;0;0;0;0;1.0;0;0
368346;1.81;1.00;0;0;32.25;83.25;12.75;0;60.29;12.68;42.08;20.66;3.36;80767.0;0;0;121.0;4604.0;991.65;156.24;0;0;1.0;0;0;0;0;0;0;0;0;0;0;0;0;0;1.0;0;0
368875;1.81;1.00;0;0;32.25;83.25;12.75;0;60.29;12.68;42.08;20.66;3.36;80767.0;0;0;121.0;4604.0;991.65;156.24;0;0;1.0;0;0;0;0;0;0;0;0;0;0;0;0;0;1.0;0;0
369446;1.81;1.00;0;0;32.25;84.0;12.75;0;60.29;12.68;42.08;20.66;3.36;80767.0;0;0;121.0;4604.0;991.61;156.24;0;0;1.0;0;0;0;0;0;0;0;0;0;0;0;0;0;1.0;0;0
369975;1.81;1.00;0;0;32.25;84.0;12.75;0;60.29;12.68;42.08;20.66;3.36;80767.0;0;0;121.0;4604.0;991.73;156.24;0;0;1.0;0;0;0;0;0;0;0;0;0;0;0;0;0;1.0;0;0
370546;1.81;1.00;0;0;32.25;84.0;12.75;0;60.29;12.68;42.08;20.66;3.36;80767.0;0;0;121.0;4604.0;991.73;156.24;0;0;1.0;0;0;0;0;0;0;0;0;0;0;0;0;0;1.0;0;0
371076;1.81;1.00;0;0;32.25;84.0;12.75;0;60.29;12.59;42.08;20.66;3.36;80767.0;0;0;121.0;4604.0;991.69;156.24;0;0;1.0;0;0;0;0;0;0;0;0;0;0;0;0;0;1.0;0;0
371596;1.81;1.00;0;0;32.25;84.0;12.75;0;60.29;12.59;42.08;20.66;3.36;80767.0;0;0;121.0;4604.0;991.73;175.77;0;0;1.0;0;0;0;0;0;0;0;0;0;0;0;0;0;1.0;0;0
372126;1.81;1.00;0;0;32.25;84.0;12.75;0;60.29;12.59;42.08;20.66;3.36;80767.0;0;0;121.0;4604.0;991.80;175.77;0;0;1.0;0;0;0;0;0;0;0;0;0;0;0;0;0;1.0;0;0
372656;1.81;1.00;0;0;32.25;84.0;12.75;0;60.29;12.59;42.08;20.66;3.36;80767.0;0;0;121.0;4604.0;991.80;175.77;0;0;1.0;0;0;0;0;0;0;0;0;0;0;0;0;0;1.0;0;0
373176;1.81;1.00;0;0;32.25;84.0;12.75;0;60.29;12.59;42.08;20.66;3.36;80767.0;0;0;121.0;4604.0;991.73;175.77;0;0;1.0;0;0;0;0;0;0;0;0;0;0;0;0;0;1.0;0;0
373706;1.81;1.00;0;0;32.25;84.0;12.75;0;60.29;12.59;42.08;20.66;3.36;80767.0;0;0;121.0;4604.0;991.69;175.77;0;0;1.0;0;0;0;0;0;0;0;0;0;0;0;0;0;1.0;0;0
374236;1.81;1.00;0;0;32.25;84.0;12.75;0;60.29;12.59;42.08;20.66;3.36;80767.0;0;0;121.0;4604.0;991.77;175.77;0;0;1.0;0;0;0;0;0;0;0;0;0;0;0;0;0;1.0;0;0
374756;1.81;1.00;0;0;32.25;84.0;12.75;0;60.29;12.59;42.08;20.66;3.36;80767.0;0;0;121.0;4604.0;991.73;195.31;0;0;1.0;0;0;0;0;0;0;0;0;0;0;0;0;0;1.0;0;0
375285;1.81;1.00;0;0;32.25;84.0;12.75;0;60.29;12.59;42.08;20.66;3.36;80767.0;0;0;121.0;4605.0;991.69;195.31;0;0;1.0;0;0;0;0;0;0;0;0;0;0;0;0;0;1.0;0;0
375816;1.81;1.00;0;0;32.25;84.0;12.75;0;60.29;12.59;42.08;20.66;3.36;80767.0;0;0;121.0;4606.0;991.65;195.31;0;0;1.0;0;0;0;0;0;0;0;0;0;0;0;0;0;1.0;0;0
376336;1.81;1.00;0;0;32.25;84.0;12.75;0;60.29;12.59;42.08;20.66;3.36;80767.0;0;0;121.0;4608.0;991.69;195.31;0;0;1.0;0;0;0;0;0;0;0;0;0;0;0;0;0;1.0;0;0
376875;1.81;1.00;0;0;32.25;84.0;12.75;0;60.29;12.59;42.08;20.66;3.36;80767.0;0;0;121.0;4609.0;991.73;195.31;0;0;1.0;0;0;0;0;0;0;0;0;0;0;0;0;0;1.0;0;0
377446;1.81;1.00;0;0;32.25;84.0;12.75;0;60.29;12.59;42.08;20.66;3.36;80767.0;0;0;121.0;4610.0;991.69;195.31;0;0;1.0;0;0;0;0;0;0;0;0;0;0;0;0;0;1.0;0;0
378026;1.81;1.00;0;0;32.25;84.0;12.75;0;60.29;12.59;42.08;20.66;3.36;80767.0;0;0;121.0;4610.0;991.77;214.84;0;0;1.0;0;0;0;0;0;0;0;0;0;0;0;0;0;1.0;0;0
378735;1.81;1.00;0;0;32.25;84.0;12.75;0;60.29;12.59;42.08;20.66;3.36;80767.0;0;0;121.0;4610.0;991.84;214.84;0;0;1.0;0;0;0;0;0;0;0;0;0;0;0;0;0;1.0;0;0
379445;1.81;1.00;0;0;32.25;84.0;12.75;0;60.29;12.59;42.08;20.66;3.36;80767.0;0;0;121.0;4610.0;991.80;214.84;0;0;1.0;0;0;0;0;0;0;0;0;0;0;0;0;0;1.0;0;0
380065;1.81;1.00;0;0;32.25;84.0;12.75;0;60.29;12.59;42.08;20.66;3.36;80767.0;0;0;121.0;4610.0;991.77;214.84;0;0;1.0;0;0;0;0;0;0;0;0;0;0;0;0;0;1.0;0;0
380595;1.81;1.00;0;0;32.25;84.0;12.75;0;60.29;12.59;42.08;20.66;3.36;80767.0;0;0;121.0;4610.0;991.84;214.84;0;0;1.0;0;0;0;0;0;0;0;0;0;0;0;0;0;1.0;0;0
381125;1.81;1.00;0;0;32.25;84.0;12.75;0;60.29;12.59;42.08;20.66;3.36;80767.0;0;0;121.0;4610.0;991.80;214.84;0;0;1.0;0;0;0;0;0;0;0;0;0;0;0;0;0;1.0;0;0
381705;1.81;1.00;0;0;32.25;84.0;12.75;0;60.29;12.59;42.08;20.66;3.36;80767.0;0;0;121.0;4610.0;991.80;234.37;0;0;1.0;0;0;0;0;0;0;0;0;0;0;0;0;0;1.0;0;0
382226;1.81;1.00;0;0;32.25;84.0;12.75;0;60.29;12.59;42.08;20.66;3.36;80767.0;0;0;121.0;4610.0;991.80;234.37;0;0;1.0;0;0;0;0;0;0;0;0;0;0;0;0;0;1.0;0;0
382755;1.81;1.00;0;0;32.25;84.0;12.75;0;60.29;12.59;42.08;20.66;3.36;80767.0;0;0;121.0;4610.0;991.80;234.37;0;0;1.0;0;0;0;0;0;0;0;0;0;0;0;0;0;1.0;0;0
383275;1.81;1.00;0;0;32.25;84.0;12.75;0;60.29;14.11;42.08;20.66;2.58;80767.0;0;0;100.0;4610.0;991.80;234.37;0;0;1.0;0;0;0;0;0;0;0;0;0;0;0;0;0;1.0;0;0
383805;1.81;1.00;0;0;32.25;84.0;12.75;0;60.29;14.11;42.08;20.66;2.58;80767.0;0;0;100.0;4610.0;991.80;234.37;0;0;1.0;0;0;0;0;0;0;0;0;0;0;0;0;0;1.0;0;0
384336;1.81;1.00;0;0;32.25;84.0;12.75;0;60.29;14.11;42.08;20.66;2.58;80767.0;0;0;100.0;4610.0;991.80;234.37;0;0;1.0;0;0;0;0;0;0;0;0;0;0;0;0;0;1.0;0;0
384855;1.81;1.00;0;0;32.25;84.0;12.75;0;60.29;14.11;42.08;20.66;2.58;80767.0;0;0;100.0;4610.0;991.80;253.90;0;0;1.0;0;0;0;0;0;0;0;0;0;0;0;0;0;1.0;0;0
385385;1.81;1.00;0;0;32.25;84.0;12.75;0;60.29;14.11;42.08;20.66;2.58;80767.0;0;0;100.0;4610.0;991.80;253.90;0;0;1.0;0;0;0;0;0;0;0;0;0;0;0;0;0;1.0;0;0
385916;1.81;1.00;0;0;32.25;84.0;12.75;0;60.29;14.11;42.08;20.66;2.58;80767.0;0;0;100.0;4610.0;991.80;253.90;0;0;1.0;0;0;0;0;0;0;0;0;0;0;0;0;0;1.0;0;0
386435;1.81;1.00;0;0;32.25;84.0;12.75;0;60.29;14.11;42.08;20.66;2.58;80767.0;0;0;100.0;4610.0;991.80;253.90;0;0;1.0;0;0;0;0;0;0;0;0;0;0;0;0;0;1.0;0;0
