##;##
#2012-03-18 06:40:12
#GS-911 Mobile WM5 V1009.2
#F800GS
#BMS-KP2
Time (ms);Injection time( ms);Lambda control factor;Speed( km/h);RPM;Intake air temperature( °C);Engine temperature( °C);Ignition angle( °KW);Throttle valve position (TPS)( %);Engine load( %);Battery voltage( V);Knock sensor 1( V);Knock sensor 2( V);Ignition dwell time( ms);Odometer( km);Front wheel speed( km/h);Rear wheel speed( km/h);Idle actuator position( steps);Fuel pressure( mbar);Ambient air pressure( mbar);Lambda sensor voltage( mV);Gear position;Sidestand switch 1;Sidestand switch 2;Sidestand switch calculated;Clutch switch;Kill switch;Oil pressure switch;Start switch;Tank venting valve (US only);Secondary air valve;Engine over-temperature light;Actuation of starter relay;Lambda sensor heating;Fuel pump;Fan motor;Engine safety cut-out (of BMSK);Starter function (of BMSK);Starter safety cut-out (of BMSK);Engine warning light (MIL)
1224;0;1.00;0;0;15.00;15.00;-96.00;0;56.62;12.31;52.81;52.81;3.48;75971.00;0;0;204.00;4854.80;997.71;449.21;0;0;1;0;0;0;0;0;0;0;0;0;0;0;0;0;1;0;0
2594;0;1.00;0;0;15.00;15.00;-96.00;0;56.62;12.31;52.81;52.81;3.48;75971.00;0;0;204.00;4849.00;997.71;449.21;0;0;1;0;0;0;0;1;0;0;0;1;1;1;0;0;1;0;0
3950;4.80;1.00;0;1650.00;15.00;15.00;3.75;0;18.79;12.97;40.54;40.54;3.24;75971.00;0;0;204.00;4290.40;997.71;449.21;0;0;1;0;0;0;1;0;0;1;0;0;1;1;0;0;1;0;0
5357;3.64;1.00;0;1436.00;15.00;15.00;3.00;0;17.08;13.83;22.97;19.04;2.82;75971.00;0;0;149.00;4487.60;997.71;449.21;0;0;1;0;0;0;1;0;0;1;0;0;1;1;0;0;1;0;0
6691;3.57;1.00;0;1407.00;15.00;15.00;4.50;0;17.26;14.11;51.97;51.31;2.58;75971.00;0;0;146.00;4517.40;997.71;449.21;0;0;1;0;0;0;1;0;0;1;0;0;1;1;0;0;1;0;0
8027;3.15;1.00;0;1411.00;15.00;15.00;4.50;0;17.41;14.30;53.08;55.23;2.58;75971.00;0;0;149.00;4507.20;997.83;449.21;0;0;1;0;0;0;1;0;0;1;0;0;1;1;0;0;1;0;0
9330;3.10;1.00;0;1383.00;15.00;15.00;5.25;0;18.12;14.21;36.48;62.57;2.58;75971.00;0;0;154.00;4518.80;997.83;449.21;0;0;1;0;0;0;1;0;0;1;0;0;1;1;0;0;1;0;0
10764;3.18;1.00;0;1425.00;15.00;15.00;3.75;0;17.50;14.21;53.73;38.45;2.58;75971.00;0;0;155.00;4507.80;997.90;449.21;0;0;1;0;0;0;1;0;0;1;0;0;1;1;0;0;1;0;0
12155;2.95;1.00;0;1427.00;15.00;15.00;3.75;0;17.35;14.02;104.45;50.07;2.58;75971.00;0;0;153.00;4505.00;997.83;449.21;0;0;1;0;0;0;1;0;0;1;0;0;1;1;0;0;1;0;0
13542;2.70;1.00;0;1451.00;15.00;15.00;3.00;0;16.93;14.02;111.22;34.94;2.58;75971.00;0;0;149.00;4501.80;997.79;449.21;0;0;1;0;0;0;1;0;0;1;0;0;1;1;0;0;1;0;0
14957;2.98;1.00;0;1405.00;14.25;15.75;5.25;0;17.25;14.21;74.35;34.78;2.58;75971.00;0;0;144.00;4512.00;997.79;449.21;0;0;1;0;0;0;1;0;0;1;0;0;1;1;0;0;1;0;0
16363;2.56;1.00;0;1474.00;14.25;15.75;3.00;0;16.04;14.21;62.93;73.16;2.58;75971.00;0;0;137.00;4511.00;997.83;449.21;0;0;1;0;0;0;1;0;0;1;0;0;1;1;0;0;1;0;0
17748;2.54;1.00;0;1428.00;14.25;16.50;4.50;0;16.51;14.11;68.47;67.81;2.58;75971.00;0;0;134.00;4518.60;997.79;449.21;0;0;1;0;0;0;1;0;0;1;0;0;1;1;0;0;1;0;0
19138;2.80;1.00;0;1407.00;14.25;16.50;5.25;0;16.68;14.11;49.39;49.10;2.58;75971.00;0;0;133.00;4507.40;997.75;449.21;0;0;1;0;0;0;1;0;0;1;0;0;1;1;0;0;1;0;0
20403;2.59;1.00;0;1361.00;14.25;17.25;6.00;0;17.12;14.30;26.89;33.57;2.58;75971.00;0;0;134.00;4509.80;997.75;449.21;0;0;1;0;0;0;1;0;0;1;0;0;1;1;0;0;1;0;0
21791;2.44;1.00;0;1429.00;14.25;18.00;4.50;0;16.14;14.21;68.45;59.57;2.58;75971.00;0;0;129.00;4502.60;997.75;449.21;0;0;1;0;0;0;1;0;0;1;0;0;1;1;0;0;1;0;0
23232;2.44;1.00;0;1421.00;14.25;18.00;5.25;0;16.29;14.11;42.75;30.35;2.58;75971.00;0;0;127.00;4507.20;997.75;429.68;0;0;1;0;0;0;1;0;0;1;0;0;1;1;0;0;1;0;0
24584;2.70;1.00;0;1378.00;14.25;18.75;6.00;0;16.51;14.21;95.83;133.82;2.58;75971.00;0;0;126.00;4502.80;997.75;429.68;0;0;1;0;0;0;1;0;0;1;0;0;1;1;0;0;1;0;0
25972;2.67;1.00;0;1386.00;13.50;19.50;6.00;0;16.47;14.21;86.11;120.40;2.58;75971.00;0;0;125.00;4503.60;997.75;449.21;0;0;1;0;0;0;1;0;0;1;0;0;1;1;0;0;1;0;0
27319;2.50;1.00;0;1370.00;13.50;19.50;6.00;0;16.37;14.11;135.60;107.28;2.58;75971.00;0;0;122.00;4505.20;997.75;468.74;0;0;1;0;0;0;1;0;0;1;0;0;1;1;0;0;1;0;0
28754;2.42;1.00;0;1397.00;13.50;20.25;6.75;0;16.34;14.02;145.11;90.23;2.58;75971.00;0;0;119.00;4514.60;997.75;488.28;0;0;1;0;0;0;1;0;0;1;0;0;1;1;0;0;1;0;0
30359;2.65;1.00;0;1395.00;13.50;20.25;6.75;0;16.39;14.30;170.22;174.34;2.58;75971.00;0;0;120.00;4509.40;997.75;468.74;0;0;1;0;0;0;1;0;0;1;0;0;1;1;0;0;1;0;0
31637;2.49;1.00;0;1415.00;13.50;21.00;5.25;0;15.82;14.30;136.14;136.89;2.58;75971.00;0;0;121.00;4525.20;997.75;488.28;0;0;1;0;0;0;1;0;0;1;0;0;1;1;0;0;1;0;0
33110;2.55;1.00;0;1420.00;13.50;21.00;5.25;0;15.71;14.11;74.02;80.87;2.58;75971.00;0;0;118.00;4504.40;997.75;488.28;0;0;1;0;0;0;1;0;0;1;0;0;1;1;0;0;1;0;0
34503;2.63;1.00;0;1380.00;13.50;21.75;6.75;0;16.14;14.11;38.20;43.16;2.58;75971.00;0;0;118.00;4511.40;997.75;507.81;0;0;1;0;0;0;1;0;0;1;0;0;1;1;0;0;1;0;0
35836;2.41;1.00;0;1384.00;13.50;21.75;6.75;0;16.11;14.02;22.52;21.91;2.58;75971.00;0;0;118.00;4513.80;997.75;507.81;0;0;1;0;0;0;1;0;0;1;0;0;1;1;0;0;1;0;0
37244;2.60;1.00;0;1382.00;13.50;22.50;6.75;0;16.07;14.21;33.94;27.56;2.58;75971.00;0;0;116.00;4532.00;997.75;527.34;0;0;1;0;0;0;1;0;0;1;0;0;1;1;0;0;1;0;0
38595;2.35;1.00;0;1430.00;13.50;22.50;4.50;0;15.25;14.21;19.82;19.22;2.58;75971.00;0;0;117.00;4498.60;997.75;527.34;0;0;1;0;0;0;1;0;0;1;0;0;1;1;0;0;1;0;0
40028;2.22;0.96;0;1433.00;13.50;23.25;4.50;0;15.22;14.11;10.70;15.58;2.58;75971.00;0;0;115.00;4514.40;997.75;546.87;0;0;1;0;0;0;1;0;0;1;0;0;1;1;0;0;1;0;0
41446;2.21;0.94;0;1416.00;13.50;23.25;5.25;0;15.69;14.02;24.98;62.16;2.58;75971.00;0;0;118.00;4504.40;997.79;351.56;0;0;1;0;0;0;1;0;0;1;0;0;1;1;0;0;1;0;0
42871;2.40;0.93;0;1403.00;13.50;24.00;6.00;0;15.91;14.21;35.80;81.64;2.58;75971.00;0;0;117.00;4520.20;997.75;332.03;0;0;1;0;0;0;1;0;0;1;0;0;1;1;0;0;1;0;0
44395;2.22;0.96;0;1409.00;13.50;24.75;5.25;0;15.79;14.21;21.37;49.35;2.58;75971.00;0;0;118.00;4507.60;997.75;351.56;0;0;1;0;0;0;1;0;0;1;0;0;1;1;0;0;1;0;0
45817;2.49;0.98;0;1412.00;13.50;25.50;5.25;0;15.70;14.21;16.54;67.18;2.58;75971.00;0;0;116.00;4519.20;997.75;527.34;0;0;1;0;0;0;1;0;0;1;0;0;1;1;0;0;1;0;0
47283;2.43;0.94;0;1396.00;13.50;25.50;6.00;0;15.87;14.30;19.47;32.97;2.58;75971.00;0;0;117.00;4516.80;997.83;585.93;0;0;1;0;0;0;1;0;0;1;0;0;1;1;0;0;1;0;0
48721;2.15;0.94;0;1422.00;13.50;26.25;4.50;0;15.15;14.30;37.32;88.02;2.58;75971.00;0;0;115.00;4504.80;997.79;390.62;0;0;1;0;0;0;1;0;0;1;0;0;1;1;0;0;1;0;0
50143;2.58;0.97;0;1332.00;13.50;26.25;7.50;0;16.48;14.21;27.87;75.39;2.58;75971.00;0;0;116.00;4495.80;997.75;312.50;0;1;0;1;0;0;1;0;0;1;0;0;1;1;0;0;1;0;0
51556;2.40;1.00;0;1369.00;13.50;27.00;6.75;0;16.06;14.21;32.50;55.15;2.58;75971.00;0;0;115.00;4541.40;997.75;683.59;1;1;0;1;0;0;1;0;0;1;0;0;1;1;0;0;0;0;0
53075;1.98;1.00;7.00;1569.00;13.50;27.00;4.50;0;15.89;14.02;28.24;38.02;2.58;75971.00;8.00;8.00;131.00;4481.00;997.86;644.52;1;1;0;1;0;0;1;0;0;1;0;0;1;1;0;0;0;0;0
54480;2.98;1.00;8.00;2385.00;13.50;27.75;9.75;7.06;22.63;13.92;28.36;79.10;2.82;75971.00;9.00;9.00;124.00;4575.40;997.79;664.05;1;1;0;1;0;0;1;0;0;1;0;0;1;1;0;0;0;0;0
55843;2.30;0.98;10.00;1451.00;13.50;27.75;6.00;0;16.34;14.11;13.20;38.90;2.58;75971.00;10.00;9.00;126.00;4532.40;997.75;664.05;1;1;0;1;0;0;1;0;0;1;0;0;1;1;0;0;0;0;0
57384;3.63;0.98;10.00;1462.00;13.50;28.50;6.00;0.78;16.18;14.21;26.44;31.40;2.58;75971.00;10.00;9.00;123.00;4559.80;997.75;664.05;1;1;0;1;0;0;1;0;0;1;0;0;1;1;0;0;0;0;0
58814;3.41;0.98;17.00;1887.00;13.50;29.25;7.50;4.71;19.08;14.02;153.78;174.11;2.58;75971.00;17.00;17.00;122.00;4503.20;997.75;605.46;1;1;0;1;0;0;1;0;0;1;0;0;1;1;0;0;1;0;0
60327;1.80;1.00;17.00;1955.00;13.50;30.00;6.00;0;16.33;14.02;202.23;173.99;2.58;75971.00;18.00;17.00;126.00;4514.60;997.75;664.05;1;1;0;1;0;0;1;0;0;1;0;0;1;1;0;0;0;0;0
61750;2.22;0.96;13.00;1450.00;13.50;30.00;5.25;0;15.86;14.11;149.11;85.27;2.58;75971.00;13.00;13.00;121.00;4505.40;997.75;273.43;1;1;0;1;0;0;1;0;0;1;0;0;1;1;0;0;0;0;0
63185;2.49;1.00;5.00;1415.00;13.50;30.75;6.00;0;15.76;14.21;72.03;51.73;2.58;75971.00;5.00;5.00;116.00;4519.20;997.75;214.84;1;1;0;1;0;0;1;0;0;1;0;0;1;1;0;0;0;0;0
64458;2.81;0.99;5.00;1497.00;13.50;30.75;9.00;0.39;13.79;14.11;37.36;26.23;2.58;75971.00;5.00;5.00;121.00;4543.40;997.83;722.65;1;1;0;1;0;0;1;0;0;1;0;0;1;1;0;0;0;0;0
65893;2.30;0.98;6.00;1433.00;13.50;31.50;5.25;0;15.31;14.11;46.95;27.60;2.58;75971.00;6.00;6.00;117.00;4476.20;997.79;722.65;1;1;0;1;1;0;1;0;0;1;0;0;1;1;0;0;0;0;0
67331;2.18;0.94;6.00;1369.00;13.50;31.50;7.50;0;15.81;14.11;36.27;44.39;2.58;75971.00;6.00;5.00;111.00;4523.20;997.75;703.12;1;1;0;1;0;0;1;0;0;1;0;0;1;1;0;0;0;0;0
68697;2.03;0.90;0;1373.00;13.50;32.25;7.50;0;15.63;14.11;22.09;33.51;2.58;75971.00;0;0;106.00;4522.40;997.75;351.56;1;1;0;1;0;0;1;0;0;1;0;0;1;1;0;0;0;0;0
70155;2.19;0.92;0;1391.00;13.50;32.25;7.50;0;15.89;14.11;29.28;29.14;2.58;75971.00;0;0;113.00;4514.00;997.75;175.78;1;1;0;1;0;0;1;0;0;1;0;0;1;1;0;0;0;0;0
71537;2.14;0.96;0;1426.00;13.50;33.00;5.25;0;15.16;14.11;30.68;34.43;2.58;75971.00;0;0;114.00;4516.60;997.75;195.31;1;1;0;1;0;0;1;0;0;1;0;0;1;1;0;0;0;0;0
72967;2.24;1.01;0;1415.00;13.50;33.00;6.00;0;15.40;14.02;92.71;30.60;2.58;75971.00;0;0;110.00;4511.20;997.75;761.71;1;1;0;1;0;0;1;0;0;1;0;0;1;1;0;0;0;0;0
74388;2.13;1.00;0;1594.00;13.50;33.75;7.50;0;15.93;14.02;162.68;70.09;2.58;75971.00;0;0;114.00;4500.60;997.75;761.71;1;1;0;1;1;0;1;0;0;1;0;0;1;1;0;0;1;0;0
75830;2.50;1.00;0;1539.00;13.50;33.75;9.00;0;17.16;14.02;57.26;20.41;2.58;75971.00;0;0;125.00;4242.20;997.75;742.18;1;1;0;1;0;0;1;0;0;1;0;0;1;1;0;0;0;0;0
77287;2.21;0.97;0;1404.00;13.50;34.50;6.75;0;15.73;14.21;34.57;22.26;2.58;75971.00;0;0;113.00;4475.80;997.75;722.65;1;1;0;1;0;0;1;0;0;1;0;0;1;1;0;0;0;0;0
78735;2.06;0.94;0;1443.00;13.50;34.50;5.25;0;15.05;14.21;23.18;11.54;2.58;75971.00;0;0;112.00;4504.80;997.79;156.25;1;1;0;1;1;0;1;0;0;1;0;0;1;1;0;0;0;0;0
80189;2.18;0.99;0;1399.00;13.50;35.25;6.75;0;15.41;14.21;38.92;40.97;2.58;75971.00;0;0;106.00;4501.00;997.79;761.71;1;1;0;1;0;0;1;0;0;1;0;0;1;1;0;0;0;0;0
81570;2.16;0.94;0;1364.00;13.50;35.25;7.50;0;15.70;14.11;26.07;57.11;2.58;75971.00;0;0;108.00;4505.80;997.75;136.72;1;1;0;1;0;0;1;0;0;1;0;0;1;1;0;0;0;0;0
82944;2.18;0.99;0;1400.00;13.50;36.00;6.00;0;15.24;14.21;75.70;84.02;2.58;75971.00;0;0;105.00;4522.40;997.75;683.59;1;1;0;1;0;0;1;0;0;1;0;0;1;1;0;0;0;0;0
84366;2.36;0.96;0;1443.00;13.50;36.00;39.75;0;21.65;14.02;75.58;62.18;2.58;75971.00;0;0;114.00;4551.80;997.75;781.24;1;1;0;1;0;0;1;0;0;1;0;0;1;1;0;0;0;0;0
85817;3.77;0.98;8.00;2162.00;13.50;36.75;9.00;7.06;21.95;14.02;85.40;110.21;2.58;75971.00;9.00;8.00;114.00;4539.00;997.75;800.77;1;1;0;1;0;0;1;0;0;1;0;0;1;1;0;0;0;0;0
87328;4.53;1.00;17.00;2001.00;13.50;36.75;7.50;9.41;28.61;14.02;128.19;155.13;2.58;75971.00;17.00;17.00;114.00;4492.20;997.79;800.77;1;1;0;1;0;0;1;0;0;1;0;0;1;1;0;0;0;0;0
88777;3.06;0.99;18.00;2111.00;13.50;37.50;9.00;4.71;17.82;14.02;234.69;219.26;2.58;75971.00;18.00;19.00;113.00;4510.40;997.83;742.18;1;1;0;1;0;0;1;0;0;1;0;0;1;1;0;0;0;0;0
90248;5.38;1.00;22.00;2561.00;13.50;37.50;9.75;15.30;29.42;14.02;59.55;63.57;2.58;75971.00;23.00;23.00;113.00;4374.80;997.79;742.18;1;1;0;1;0;0;1;0;0;1;0;0;1;1;0;0;0;0;0
91674;4.38;1.00;35.00;2735.00;13.50;38.25;12.00;13.33;27.45;14.02;7.46;8.44;2.58;75971.00;35.00;35.00;112.00;4457.20;997.79;781.24;2.00;1;0;1;0;0;1;0;0;1;0;0;1;1;0;0;0;0;0
93147;2.58;1.00;38.00;3036.00;13.50;39.00;18.00;5.49;17.09;13.83;149.03;137.51;2.82;75971.00;38.00;39.00;111.00;4532.60;997.75;742.18;2.00;1;0;1;0;0;1;0;0;1;0;0;1;1;0;0;0;0;0
94559;3.22;0.99;37.00;2969.00;13.50;39.75;15.00;7.06;20.29;13.83;313.81;332.99;2.82;75971.00;38.00;38.00;110.00;4493.60;997.75;820.30;2.00;1;0;1;0;0;1;0;0;1;0;0;1;1;0;0;0;0;0
95993;1.87;1.00;38.00;2974.00;13.50;39.75;18.75;2.75;12.19;13.92;360.25;360.52;2.82;75971.00;39.00;38.00;110.00;4522.20;997.75;820.30;2.00;1;0;1;0;0;1;0;0;1;0;0;1;1;0;0;0;0;0
97422;1.39;1.00;31.00;2440.00;13.50;40.50;6.75;0;15.16;14.02;330.64;339.94;2.58;75971.00;32.00;31.00;108.00;4551.20;997.75;820.30;2.00;1;0;1;0;0;1;0;0;1;0;0;1;1;0;0;0;0;0
98856;2.01;1.00;23.00;1809.00;13.50;41.25;6.75;0;15.20;14.11;155.05;137.08;2.58;75971.00;23.00;23.00;106.00;4507.40;997.75;742.18;2.00;1;0;1;0;0;1;0;0;1;0;0;1;1;0;0;0;0;0
100388;2.11;0.97;12.00;1453.00;13.50;41.25;7.50;0;15.27;14.21;95.97;83.43;2.58;75971.00;12.00;13.00;103.00;4510.00;997.75;820.30;2.00;1;0;1;0;0;1;0;0;1;0;0;1;1;0;0;0;0;0
101923;1.99;0.91;0;1389.00;13.50;42.00;6.75;0;14.90;14.02;90.89;111.42;2.58;75971.00;0;0;100.00;4514.20;997.75;253.90;1;1;0;1;1;0;1;0;0;1;0;0;1;1;0;0;1;0;0
103401;2.25;0.94;0;1378.00;13.50;42.00;7.50;0;14.95;14.11;68.16;115.64;2.58;75971.00;0;0;98.00;4515.80;997.75;117.19;1;1;0;1;1;0;1;0;0;1;0;0;1;1;0;0;1;0;0
104743;2.05;0.97;0;1390.00;13.50;42.75;6.00;0;14.18;14.21;42.61;69.04;2.58;75971.00;0;0;95.00;4527.00;997.75;820.30;1;1;0;1;0;0;1;0;0;1;0;0;1;1;0;0;0;0;0
106238;2.02;0.92;0;1344.00;13.50;42.75;8.25;0;14.93;14.21;169.62;173.64;2.58;75971.00;0;0;96.00;4499.60;997.75;449.21;1;1;0;1;0;0;1;0;0;1;0;0;1;1;0;0;0;0;0
107625;2.02;0.94;0;1411.00;13.50;42.75;5.25;0;14.10;14.11;77.28;79.47;2.58;75971.00;0;0;97.00;4498.60;997.75;117.19;1;1;0;1;0;0;1;0;0;1;0;0;1;1;0;0;0;0;0
109102;2.02;0.93;0;1392.00;13.50;43.50;6.00;0;14.29;14.21;31.46;32.34;2.58;75971.00;0;0;98.00;4514.80;997.75;820.30;1;1;0;1;1;0;1;0;0;1;0;0;1;1;0;0;1;0;0
110523;2.88;0.92;0;1321.00;13.50;44.25;9.00;0.39;15.37;14.21;14.47;16.27;2.58;75971.00;0;0;97.00;4579.20;997.75;898.43;1;1;0;1;0;0;1;0;0;1;0;0;1;1;0;0;0;0;0
112043;4.11;0.99;12.00;1807.00;13.50;44.25;7.50;7.45;27.41;14.21;4.18;5.49;2.58;75971.00;13.00;13.00;105.00;4524.20;997.75;820.30;1;1;0;1;0;0;1;0;0;1;0;0;1;1;0;0;0;0;0
113586;3.86;0.97;25.00;2767.00;13.50;45.00;13.50;11.37;25.42;13.92;0.88;1.19;2.82;75971.00;25.00;25.00;105.00;4461.40;997.75;839.83;1;1;0;1;0;0;1;0;0;1;0;0;1;1;0;0;0;0;0
115071;4.69;0.95;32.00;3611.00;13.50;45.00;20.25;16.86;29.74;13.92;1.76;0.35;2.82;75971.00;32.00;33.00;105.00;4619.00;997.75;878.90;1;1;0;1;0;0;1;0;0;1;0;0;1;1;0;0;0;0;0
116501;4.38;0.99;38.00;3012.00;13.50;45.75;15.00;16.47;29.94;14.02;0.08;0;2.58;75971.00;38.00;39.00;105.00;4545.00;997.71;468.74;2.00;1;0;1;0;0;1;0;0;1;0;0;1;1;0;0;0;0;0
117945;7.94;1.00;46.00;3571.00;13.50;45.75;16.50;27.06;39.65;13.92;2.09;0.35;2.82;75971.00;45.00;46.00;104.00;4664.80;997.51;839.83;2.00;1;0;1;0;0;1;0;0;1;0;0;1;1;0;0;0;0;0
119441;5.53;1.04;52.00;3172.00;13.50;46.50;15.00;23.92;36.47;13.92;80.83;90.03;2.82;75971.00;51.00;52.00;103.00;4515.60;997.08;820.30;3.00;1;0;1;0;0;1;0;0;1;0;0;1;1;0;0;0;0;0
120938;3.81;1.00;56.00;3479.00;13.50;46.50;21.75;12.94;26.99;13.92;165.93;220.22;2.82;75971.00;56.00;56.00;103.00;4493.60;996.77;859.36;3.00;1;0;1;0;0;1;0;0;1;0;0;1;1;0;0;0;0;0
122420;3.54;0.92;57.00;3480.00;13.50;47.25;21.75;13.73;27.56;13.92;93.49;202.35;2.82;75971.00;56.00;58.00;102.00;4501.20;996.61;820.30;3.00;1;0;1;0;0;1;0;0;1;0;0;1;1;0;0;0;0;0
123791;1.78;1.00;60.00;3678.00;13.50;48.00;24.00;14.51;34.03;13.92;127.18;179.81;2.82;75971.00;59.00;61.00;101.00;4573.20;996.54;878.90;3.00;1;0;1;0;0;1;0;0;0;0;0;1;1;0;0;0;0;0
125241;3.51;0.94;60.00;3121.00;13.50;48.00;19.50;13.33;26.13;13.73;20.10;28.12;2.82;75971.00;60.00;60.00;101.00;4518.20;996.50;878.90;4.00;1;0;1;0;0;1;0;0;0;0;0;1;1;0;0;0;0;0
126643;2.86;0.90;57.00;3038.00;13.50;49.50;20.25;9.02;22.00;13.92;2.54;4.18;2.82;75971.00;58.00;58.00;100.00;4498.60;995.91;781.24;4.00;1;0;1;0;0;1;0;0;0;0;0;1;1;0;0;0;0;0
128086;2.97;0.87;56.00;2958.00;13.50;49.50;19.50;9.02;23.58;13.92;2.42;2.40;2.82;75971.00;57.00;56.00;100.00;4591.80;995.48;820.30;4.00;1;0;1;0;0;1;0;0;1;0;0;1;1;0;0;0;0;0
129562;2.26;1.00;53.00;2800.00;13.50;50.25;21.00;4.31;16.03;13.83;222.21;155.85;2.82;75971.00;54.00;54.00;99.00;4540.00;995.33;800.77;4.00;1;0;1;0;0;1;0;0;1;0;0;1;1;0;0;0;0;0
131058;1.29;1.00;46.00;2412.00;13.50;51.00;6.00;0;14.30;13.83;237.52;217.41;2.82;75971.00;47.00;46.00;98.00;4522.00;995.21;898.43;4.00;1;0;1;0;0;1;0;0;1;0;0;1;1;0;0;0;0;0
132496;1.42;1.00;40.00;2402.00;13.50;51.00;6.00;0;14.30;13.92;146.48;159.01;2.82;75971.00;40.00;40.00;98.00;4501.20;995.21;917.96;3.00;1;0;1;0;0;1;0;0;1;0;0;1;1;0;0;0;0;0
133932;1.62;1.00;30.00;1855.00;13.50;51.75;6.00;0;14.16;14.02;47.67;83.53;2.58;75971.00;30.00;30.00;96.00;4494.40;995.21;781.24;3.00;1;0;1;1;0;1;0;0;1;0;0;1;1;0;0;0;0;0
135416;1.74;0.99;21.00;1724.00;13.50;51.75;6.75;0;14.60;14.02;28.18;98.53;2.58;75971.00;22.00;20.00;99.00;4497.80;995.05;859.36;2.00;1;0;1;0;0;1;0;0;1;0;0;1;1;0;0;0;0;0
136844;1.87;0.93;15.00;1456.00;13.50;52.50;6.75;0;14.52;14.21;144.87;161.24;2.58;75971.00;15.00;15.00;95.00;4504.80;994.97;683.59;2.00;1;0;1;0;0;1;0;0;1;0;0;1;1;0;0;0;0;0
138461;1.81;0.89;0;1411.00;13.50;52.50;5.25;0;13.77;14.21;210.30;194.28;2.58;75971.00;0;0;93.00;4510.00;994.74;156.25;1;1;0;1;0;0;1;0;0;1;0;0;1;1;0;0;0;0;0
139816;2.14;0.94;0;1341.00;13.50;52.50;7.50;0;14.34;14.02;173.68;148.29;2.58;75971.00;0;0;90.00;4516.80;994.93;78.12;1;1;0;1;0;0;1;0;0;1;0;0;1;1;0;0;0;0;0
141251;1.97;0.96;0;1339.00;14.25;53.25;7.50;0;14.26;14.30;100.97;106.07;2.58;75971.00;0;0;88.00;4503.80;994.86;664.05;1;1;0;1;0;0;1;0;0;1;0;0;1;1;0;0;0;0;0
142622;4.07;1.00;0;1458.00;14.25;53.25;10.50;3.53;18.67;14.21;53.00;59.84;2.58;75971.00;0;0;96.00;4543.40;994.82;781.24;1;1;0;1;0;0;1;0;0;1;0;0;1;1;0;0;0;0;0
144092;1.47;1.00;5.00;1887.00;14.25;54.00;6.75;0;14.40;14.11;130.54;76.73;2.58;75971.00;5.00;5.00;97.00;4457.20;994.78;878.90;1;1;0;1;0;0;1;0;0;1;0;0;1;1;0;0;0;0;0
145556;4.09;1.00;5.00;1648.00;14.25;54.00;9.75;5.49;22.99;14.21;79.62;52.16;2.58;75971.00;5.00;5.00;94.00;4529.40;994.70;312.50;1;1;0;1;0;0;1;0;0;1;0;0;1;1;0;0;0;0;0
147033;3.70;1.04;16.00;1942.00;14.25;54.00;12.00;6.67;23.18;14.02;261.17;202.57;2.58;75971.00;17.00;17.00;94.00;4463.40;994.66;839.83;1;1;0;1;0;0;1;0;0;1;0;0;1;1;0;0;0;0;0
148713;0;1.00;30.00;3303.00;14.25;54.75;30.75;0;8.31;13.92;307.27;327.69;2.82;75971.00;30.00;31.00;94.00;4435.60;994.50;800.77;1;1;0;1;0;0;1;0;0;1;0;0;1;1;0;0;0;0;0
150173;5.25;1.04;40.00;3135.00;14.25;54.75;16.50;21.96;34.22;13.83;326.76;333.30;2.82;75971.00;40.00;40.00;94.00;4471.20;994.62;800.77;2.00;1;0;1;0;0;1;0;0;1;0;0;1;1;0;0;0;0;0
151571;5.37;1.00;51.00;3171.00;14.25;55.50;17.25;23.14;35.81;13.92;44.84;54.25;2.82;75971.00;51.00;52.00;93.00;4483.80;994.39;117.19;3.00;1;0;1;0;0;1;0;0;1;0;0;1;1;0;0;0;0;0
153022;4.99;1.00;62.00;3192.00;14.25;55.50;20.25;18.83;30.45;13.92;4.47;7.95;2.82;75972.00;61.00;62.00;93.00;4493.40;994.35;390.62;4.00;1;0;1;0;0;1;0;0;0;0;0;1;1;0;0;0;0;0
154506;1.68;1.00;71.00;3722.00;14.25;56.25;25.50;12.94;31.68;13.83;6.39;2.13;2.82;75972.00;70.00;71.00;92.00;4518.20;994.19;800.77;4.00;1;0;1;0;0;1;0;0;0;0;0;1;1;0;0;0;0;0
155996;4.04;1.01;76.00;3512.00;14.25;57.00;24.00;16.47;28.94;13.92;87.96;130.09;2.82;75972.00;76.00;76.00;91.00;4468.40;994.08;898.43;5.00;1;0;1;0;0;1;0;0;0;0;0;1;1;0;0;0;0;0
157571;2.78;0.93;78.00;3358.00;14.25;57.00;27.75;9.02;22.08;13.92;224.67;205.26;2.82;75972.00;78.00;79.00;91.00;4510.40;994.04;839.83;6.00;1;0;1;0;0;1;0;0;0;0;0;1;1;0;0;0;0;0
159084;2.01;0.85;78.00;3357.00;14.25;57.75;32.25;5.88;17.39;13.83;335.37;338.03;2.82;75972.00;79.00;79.00;90.00;4518.20;994.04;97.66;6.00;1;0;1;0;0;1;0;0;0;0;0;1;1;0;0;0;0;0
160521;1.11;0.91;78.00;3363.00;14.25;58.50;34.50;2.35;9.21;13.92;87.87;92.16;2.82;75972.00;79.00;78.00;89.00;4522.00;994.04;839.83;6.00;1;0;1;0;0;1;0;0;0;0;0;1;1;0;0;0;0;0
162128;1.29;0.90;75.00;3204.00;14.25;58.50;32.25;2.75;10.74;13.92;10.55;10.70;2.82;75972.00;76.00;76.00;89.00;4511.60;994.04;19.53;6.00;1;0;1;0;0;1;0;0;0;0;0;1;1;0;0;0;0;0
163533;1.96;0.97;75.00;3163.00;14.25;59.25;30.75;4.71;14.97;13.92;1.89;1.35;2.82;75972.00;75.00;75.00;89.00;4515.00;994.08;117.19;6.00;1;0;1;0;0;1;0;0;0;0;0;1;1;0;0;0;0;0
165043;1.93;0.99;75.00;3209.00;14.25;60.00;32.25;4.31;14.63;13.92;2.64;2.05;2.82;75972.00;75.00;75.00;88.00;4521.80;994.31;839.83;6.00;1;0;1;0;0;1;0;0;0;0;0;1;1;0;0;0;0;0
166574;1.76;0.91;76.00;3228.00;14.25;60.00;33.00;4.31;14.54;13.92;2.66;0.08;2.82;75972.00;76.00;76.00;88.00;4500.20;994.78;78.12;6.00;1;0;1;0;0;1;0;0;0;0;0;1;1;0;0;0;0;0
167990;1.92;0.96;77.00;3268.00;14.25;60.00;33.00;4.71;14.99;13.92;0.23;0;2.82;75972.00;76.00;77.00;88.00;4501.40;995.01;839.83;6.00;1;0;1;0;0;1;0;0;0;0;0;1;1;0;0;0;0;0
169461;1.83;0.92;78.00;3329.00;14.25;60.75;33.75;4.71;14.89;13.92;114.43;93.49;2.82;75972.00;78.00;79.00;87.00;4512.00;995.13;410.15;6.00;1;0;1;0;0;1;0;0;0;0;0;1;1;0;0;0;0;0
170869;1.84;0.91;80.00;3396.00;14.25;60.75;34.50;5.10;15.40;13.92;231.24;310.57;2.82;75972.00;80.00;80.00;87.00;4515.60;995.17;234.37;6.00;1;0;1;0;0;1;0;0;0;0;0;1;1;0;0;0;0;0
172407;1.94;0.94;81.00;3432.00;14.25;61.50;36.00;5.10;15.46;13.92;312.30;210.65;2.82;75972.00;81.00;81.00;86.00;4534.00;995.29;781.24;6.00;1;0;1;0;0;1;0;0;0;0;0;1;1;0;0;0;0;0
173818;1.77;0.89;82.00;3498.00;14.25;61.50;36.75;5.10;15.02;13.83;302.58;220.47;2.82;75972.00;82.00;82.00;86.00;4518.60;995.36;97.66;6.00;1;0;1;0;0;1;0;0;0;0;0;1;1;0;0;0;0;0
175302;1.96;0.89;82.00;3512.00;14.25;61.50;37.50;5.49;16.03;13.83;323.59;222.43;2.82;75972.00;83.00;83.00;86.00;4493.40;995.75;664.05;6.00;1;0;1;0;0;1;0;0;0;0;0;1;1;0;0;0;0;0
176730;1.99;0.91;85.00;3609.00;14.25;62.25;37.50;5.88;16.60;13.92;40.17;45.54;2.82;75972.00;84.00;85.00;85.00;4506.00;996.11;839.83;6.00;1;0;1;0;0;1;0;0;0;0;0;1;1;0;0;0;0;0
178271;1.78;0.85;86.00;3648.00;14.25;63.00;38.25;5.49;15.90;13.92;12.44;18.91;2.82;75972.00;86.00;86.00;82.00;4506.60;996.34;39.06;6.00;1;0;1;0;0;1;0;0;0;0;0;1;1;0;0;0;0;0
179633;2.05;0.93;86.00;3672.00;14.25;63.00;38.25;5.88;16.86;13.83;174.36;169.23;2.82;75972.00;86.00;87.00;82.00;4506.60;996.42;800.77;6.00;1;0;1;0;0;1;0;0;0;0;0;1;1;0;0;0;0;0
181129;1.88;0.88;87.00;3715.00;14.25;63.00;39.00;5.88;16.41;13.92;187.43;194.23;2.82;75972.00;87.00;87.00;82.00;4517.40;996.46;898.43;6.00;1;0;1;0;0;1;0;0;0;0;0;1;1;0;0;0;0;0
182573;1.14;0.98;86.00;3637.00;14.25;63.75;39.75;2.35;8.90;13.92;161.06;208.50;2.82;75972.00;86.00;87.00;80.00;4501.40;996.69;781.24;6.00;1;0;1;0;0;1;0;0;0;0;0;1;1;0;0;0;0;0
184061;1.56;0.92;85.00;3587.00;14.25;63.75;39.00;4.31;12.90;13.83;14.10;21.03;2.82;75972.00;84.00;85.00;80.00;4521.40;997.28;58.59;6.00;1;0;1;0;0;1;0;0;0;0;0;1;1;0;0;0;0;0
185557;1.49;0.95;85.00;3593.00;14.25;64.50;39.00;3.92;12.07;14.02;1.11;1.80;2.58;75972.00;85.00;86.00;77.00;4511.40;997.51;839.83;6.00;1;0;1;0;0;1;0;0;0;0;0;1;1;0;0;0;0;0
187071;1.74;0.93;86.00;3661.00;14.25;64.50;39.75;5.10;14.60;13.92;0;0;2.82;75972.00;85.00;86.00;77.00;4508.20;997.63;839.83;6.00;1;0;1;0;0;1;0;0;0;0;0;1;1;0;0;0;0;0
188545;1.77;0.86;86.00;3674.00;14.25;64.50;39.75;5.49;15.95;13.92;0;2.32;2.82;75972.00;86.00;87.00;77.00;4519.80;998.06;136.72;6.00;1;0;1;0;0;1;0;0;0;0;0;1;1;0;0;0;0;0
189968;1.65;0.88;87.00;3682.00;14.25;65.25;40.50;4.71;14.46;13.92;120.79;130.95;2.82;75972.00;87.00;87.00;74.00;4512.40;998.57;78.12;6.00;1;0;1;0;0;1;0;0;0;0;0;1;1;0;0;0;0;0
191471;1.72;0.89;87.00;3682.00;14.25;65.25;40.50;5.10;14.98;14.02;191.26;205.53;2.58;75972.00;87.00;87.00;74.00;4527.80;998.80;566.40;6.00;1;0;1;0;0;1;0;0;0;0;0;1;1;0;0;0;0;0
192836;1.78;0.92;86.00;3677.00;14.25;65.25;40.50;5.10;14.99;13.92;162.92;221.41;2.82;75972.00;87.00;87.00;74.00;4526.00;998.88;742.18;6.00;1;0;1;0;0;1;0;0;0;0;0;1;1;0;0;0;0;0
194312;1.54;0.86;86.00;3681.00;14.25;66.00;41.25;4.71;13.85;13.92;336.31;321.11;2.82;75972.00;87.00;87.00;71.00;4520.40;998.92;78.12;6.00;1;0;1;0;0;1;0;0;0;0;0;1;1;0;0;0;0;0
195709;1.78;0.89;87.00;3694.00;14.25;66.00;40.50;5.49;15.52;13.92;329.00;345.02;2.82;75972.00;87.00;87.00;71.00;4515.20;999.11;332.03;6.00;1;0;1;0;0;1;0;0;0;0;0;1;1;0;0;0;0;0
197208;1.94;0.91;87.00;3697.00;14.25;66.00;39.75;5.49;16.38;13.92;304.41;308.85;2.82;75972.00;87.00;87.00;71.00;4520.40;999.47;800.77;6.00;1;0;1;0;0;1;0;0;0;0;0;1;1;0;0;0;0;0
198691;1.95;0.90;87.00;3729.00;14.25;66.75;40.50;5.88;16.99;13.92;50.86;49.08;2.82;75973.00;87.00;88.00;69.00;4513.60;999.93;722.65;6.00;1;0;1;0;0;1;0;0;0;0;0;1;1;0;0;0;0;0
200230;1.86;0.87;87.00;3714.00;14.25;66.75;40.50;5.88;16.62;13.83;5.21;3.83;2.82;75973.00;87.00;88.00;69.00;4505.00;1000.09;410.15;6.00;1;0;1;0;0;1;0;0;0;0;0;1;1;0;0;0;0;0
201724;1.84;0.87;88.00;3754.00;14.25;67.50;40.50;5.88;16.49;13.92;7.50;2.89;2.82;75973.00;88.00;89.00;66.00;4521.00;1000.13;273.43;6.00;1;0;1;0;0;1;0;0;0;0;0;1;1;0;0;0;0;0
203211;1.64;0.88;88.00;3754.00;14.25;67.50;42.00;5.10;14.58;13.83;156.22;140.97;2.82;75973.00;88.00;89.00;66.00;4505.20;1000.29;410.15;6.00;1;0;1;0;0;1;0;0;0;0;0;1;1;0;0;0;0;0
204679;1.69;0.91;88.00;3728.00;14.25;68.25;41.25;5.10;14.49;13.92;220.32;268.38;2.82;75973.00;88.00;89.00;63.00;4502.00;1000.87;820.30;6.00;1;0;1;0;0;1;0;0;0;0;0;1;1;0;0;0;0;0
206209;1.78;0.89;88.00;3735.00;14.25;68.25;41.25;5.49;15.64;13.83;344.08;341.83;2.82;75973.00;88.00;88.00;63.00;4518.40;1001.22;781.24;6.00;1;0;1;0;0;1;0;0;0;0;0;1;1;0;0;0;0;0
207737;2.17;0.88;88.00;3782.00;15.00;68.25;40.50;7.06;18.86;13.83;334.33;337.95;2.82;75973.00;89.00;89.00;63.00;4510.80;1001.34;136.72;6.00;1;0;1;0;0;1;0;0;0;0;0;1;1;0;0;0;0;0
209227;2.16;0.87;91.00;3858.00;15.00;69.00;40.50;7.45;19.38;13.92;175.32;170.30;2.82;75973.00;91.00;91.00;60.00;4528.00;1001.38;58.59;6.00;1;0;1;0;0;1;0;0;0;0;0;1;1;0;0;0;0;0
210672;1.97;0.91;92.00;3897.00;15.00;69.00;42.75;6.28;16.94;13.92;17.23;15.08;2.82;75973.00;91.00;92.00;60.00;4510.00;1001.89;664.05;6.00;1;0;1;0;0;1;0;0;0;0;0;1;1;0;0;0;0;0
212097;1.15;0.99;91.00;3853.00;15.00;69.00;44.25;2.75;9.22;13.92;3.55;4.63;2.82;75973.00;91.00;91.00;60.00;4512.00;1002.08;898.43;6.00;1;0;1;0;0;1;0;0;0;0;0;1;1;0;0;0;0;0
213549;1.67;0.93;90.00;3783.00;15.00;69.00;42.75;5.10;14.23;13.92;2.44;1.50;2.82;75973.00;89.00;90.00;60.00;4509.20;1002.36;878.90;6.00;1;0;1;0;0;1;0;0;0;0;0;1;1;0;0;0;0;0
215055;1.47;0.84;90.00;3795.00;15.00;69.75;42.75;4.71;13.72;13.83;0;0.94;2.82;75973.00;90.00;89.00;57.00;4525.80;1002.55;136.72;6.00;1;0;1;0;0;1;0;0;0;0;0;1;1;0;0;0;0;0
216500;1.77;0.91;88.00;3786.00;15.00;69.75;42.75;5.49;15.33;13.92;0;2.71;2.82;75973.00;89.00;89.00;57.00;4511.80;1002.59;820.30;6.00;1;0;1;0;0;1;0;0;0;0;0;1;1;0;0;0;0;0
217899;1.54;0.84;88.00;3785.00;15.00;69.75;42.75;5.10;14.43;13.83;0.14;2.09;2.82;75973.00;89.00;89.00;57.00;4520.60;1002.94;136.72;6.00;1;0;1;0;0;1;0;0;0;0;0;1;1;0;0;0;0;0
219374;1.50;0.86;88.00;3776.00;15.00;70.50;43.50;4.71;13.73;13.83;174.17;220.42;2.82;75973.00;89.00;89.00;55.00;4501.80;1003.45;683.59;6.00;1;0;1;0;0;1;0;0;0;0;0;1;1;0;0;0;0;0
220830;1.58;0.88;88.00;3777.00;15.00;70.50;43.50;5.10;14.15;13.92;193.39;212.35;2.82;75973.00;88.00;88.00;55.00;4507.80;1003.72;800.77;6.00;1;0;1;0;0;1;0;0;0;0;0;1;1;0;0;0;0;0
222361;1.87;0.88;88.00;3800.00;15.00;70.50;42.75;5.88;16.87;13.92;257.99;257.41;2.82;75973.00;89.00;89.00;55.00;4508.60;1003.84;761.71;6.00;1;0;1;0;0;1;0;0;0;0;0;1;1;0;0;0;0;0
223759;2.06;0.99;90.00;3795.00;15.00;70.50;42.75;5.88;16.53;13.73;347.32;321.05;2.82;75973.00;89.00;90.00;55.00;4502.80;1003.88;878.90;6.00;1;0;1;0;0;1;0;0;0;0;0;1;1;0;0;0;0;0
225237;1.91;0.86;90.00;3819.00;15.00;71.25;42.75;6.28;17.44;13.92;319.04;293.36;2.82;75973.00;89.00;90.00;54.00;4524.20;1004.08;253.90;6.00;1;0;1;0;0;1;0;0;0;0;0;1;1;0;0;0;0;0
226662;2.64;0.92;91.00;3834.00;15.00;71.25;39.00;9.41;22.17;13.92;265.76;243.50;2.82;75973.00;89.00;91.00;54.00;4529.80;1004.62;722.65;6.00;1;0;1;0;0;1;0;0;0;0;0;1;1;0;0;0;0;0
228093;2.26;0.92;91.00;3917.00;15.00;72.00;42.75;7.45;19.15;13.92;248.40;270.20;2.82;75973.00;91.00;92.00;54.00;4496.40;1004.94;429.68;6.00;1;0;1;0;0;1;0;0;0;0;0;1;1;0;0;0;0;0
229596;2.29;0.91;92.00;3909.00;15.00;72.00;42.00;7.84;19.69;13.92;303.61;339.51;2.82;75973.00;92.00;92.00;54.00;4523.80;1005.05;175.78;6.00;1;0;1;0;0;1;0;0;0;0;0;1;1;0;0;0;0;0
231179;2.07;0.89;92.00;3920.00;15.00;72.00;43.50;7.06;18.24;13.92;273.85;262.11;2.82;75973.00;92.00;92.00;54.00;4513.40;1005.09;117.19;6.00;1;0;1;0;0;1;0;0;0;0;0;1;1;0;0;0;0;0
232679;2.06;0.87;92.00;3892.00;15.00;72.75;42.75;7.06;18.82;13.92;94.86;75.93;2.82;75973.00;91.00;92.00;53.00;4508.80;1005.13;234.37;6.00;1;0;1;0;0;1;0;0;0;0;0;1;1;0;0;0;0;0
234162;1.96;0.86;91.00;3891.00;15.00;72.75;42.75;6.67;18.00;13.92;8.24;8.59;2.82;75973.00;91.00;92.00;53.00;4535.20;1005.48;898.43;6.00;1;0;1;0;0;1;0;0;0;0;0;1;1;0;0;0;0;0
235659;1.89;0.95;90.00;3818.00;15.00;72.75;42.75;5.88;15.76;13.92;0.66;2.79;2.82;75973.00;89.00;90.00;53.00;4519.40;1005.68;878.90;6.00;1;0;1;0;0;1;0;0;0;0;0;1;1;0;0;0;0;0
237104;1.82;0.83;88.00;3752.00;15.00;72.75;42.75;6.28;17.34;13.92;2.27;1.15;2.82;75973.00;88.00;89.00;53.00;4521.40;1005.83;58.59;6.00;1;0;1;0;0;1;0;0;0;0;0;1;1;0;0;0;0;0
238527;2.31;0.91;88.00;3788.00;14.25;72.75;40.50;7.84;20.16;13.92;0.04;1.19;2.82;75974.00;88.00;89.00;53.00;4516.60;1005.99;97.66;6.00;1;0;1;0;0;1;0;0;0;0;0;1;1;0;0;0;0;0
239978;2.05;0.88;90.00;3785.00;14.25;73.50;42.00;6.67;18.42;13.83;0.41;0.84;2.82;75974.00;89.00;90.00;53.00;4510.60;1006.22;820.30;6.00;1;0;1;0;0;1;0;0;0;0;0;1;1;0;0;0;0;0
241549;1.70;0.86;87.00;3725.00;14.25;73.50;42.00;5.49;15.78;13.92;3.14;0.94;2.82;75974.00;88.00;88.00;53.00;4510.20;1006.30;624.99;6.00;1;0;1;0;0;1;0;0;0;0;0;1;1;0;0;0;0;0
243023;2.09;0.84;86.00;3680.00;14.25;74.25;40.50;7.45;19.53;14.02;1.11;0.18;2.58;75974.00;87.00;87.00;52.00;4514.60;1006.34;58.59;6.00;1;0;1;0;0;1;0;0;0;0;0;1;1;0;0;0;0;0
244522;2.54;0.90;87.00;3753.00;14.25;74.25;38.25;9.02;22.12;13.83;0;0;2.82;75974.00;87.00;88.00;52.00;4517.00;1006.34;78.12;6.00;1;0;1;0;0;1;0;0;0;0;0;1;1;0;0;0;0;0
245877;2.18;0.89;88.00;3740.00;14.25;74.25;40.50;7.06;19.37;13.83;0.96;2.52;2.82;75974.00;88.00;89.00;52.00;4520.40;1006.34;97.66;6.00;1;0;1;0;0;1;0;0;0;0;0;1;1;0;0;0;0;0
247358;1.69;0.91;87.00;3743.00;14.25;75.00;42.75;5.10;14.84;13.92;1.89;0.88;2.82;75974.00;87.00;88.00;52.00;4524.60;1006.34;820.30;6.00;1;0;1;0;0;1;0;0;0;0;0;1;1;0;0;0;0;0
248819;2.07;0.88;86.00;3688.00;14.25;75.00;41.25;6.67;18.37;13.83;1.50;0.21;2.82;75974.00;86.00;87.00;52.00;4503.40;1006.38;703.12;6.00;1;0;1;0;0;1;0;0;0;0;0;1;1;0;0;0;0;0
250309;2.36;0.90;87.00;3741.00;14.25;75.00;39.75;8.24;20.68;13.92;0;2.29;2.82;75974.00;87.00;88.00;52.00;4504.80;1006.38;859.36;6.00;1;0;1;0;0;1;0;0;0;0;0;1;1;0;0;0;0;0
251674;2.66;0.92;90.00;3797.00;14.25;75.00;38.25;9.81;22.58;13.92;1.48;0.84;2.82;75974.00;89.00;90.00;52.00;4533.40;1006.73;761.71;6.00;1;0;1;0;0;1;0;0;0;0;0;1;1;0;0;0;0;0
253134;2.32;0.92;90.00;3825.00;14.25;75.00;41.25;7.84;19.92;13.92;0.90;1.39;2.82;75974.00;90.00;90.00;52.00;4514.40;1007.08;97.66;6.00;1;0;1;0;0;1;0;0;0;0;0;1;1;0;0;0;0;0
254668;2.75;0.93;92.00;3928.00;14.25;75.75;39.00;10.20;22.88;13.92;2.42;51.07;2.82;75974.00;91.00;92.00;51.00;4517.20;1006.97;351.56;6.00;1;0;1;0;0;1;0;0;0;0;0;1;1;0;0;0;0;0
256287;2.28;0.91;92.00;3887.00;14.25;75.75;42.00;7.45;19.76;13.92;146.71;154.68;2.82;75974.00;92.00;93.00;51.00;4528.20;1007.40;585.93;6.00;1;0;1;0;0;1;0;0;0;0;0;1;1;0;0;0;0;0
257838;2.38;0.92;92.00;3911.00;14.25;75.75;41.25;8.24;20.29;13.92;261.92;301.39;2.82;75974.00;92.00;92.00;51.00;4517.60;1007.51;507.81;6.00;1;0;1;0;0;1;0;0;0;0;0;1;1;0;0;0;0;0
259281;2.48;0.93;92.00;3914.00;14.25;76.50;40.50;8.63;21.12;13.83;280.80;325.41;2.82;75974.00;92.00;93.00;51.00;4522.20;1007.55;195.31;6.00;1;0;1;0;0;1;0;0;0;0;0;1;1;0;0;0;0;0
260722;2.25;0.92;92.00;3923.00;14.25;76.50;42.00;7.45;19.37;13.92;268.62;226.92;2.82;75974.00;92.00;93.00;51.00;4508.00;1007.71;117.19;6.00;1;0;1;0;0;1;0;0;0;0;0;1;1;0;0;0;0;0
262148;2.31;0.89;92.00;3933.00;14.25;76.50;41.25;8.24;20.52;13.83;152.33;225.32;2.82;75974.00;92.00;93.00;51.00;4523.00;1008.14;214.84;6.00;1;0;1;0;0;1;0;0;0;0;0;1;1;0;0;0;0;0
263625;2.32;0.90;93.00;3958.00;14.25;77.25;41.25;8.24;20.43;13.92;323.83;323.46;2.82;75974.00;93.00;94.00;50.00;4516.40;1008.45;820.30;6.00;1;0;1;0;0;1;0;0;0;0;0;1;1;0;0;0;0;0
265215;2.52;0.94;92.00;3963.00;14.25;77.25;40.50;8.63;21.09;13.92;303.55;269.98;2.82;75974.00;92.00;93.00;50.00;4525.60;1008.49;761.71;6.00;1;0;1;0;0;1;0;0;0;0;0;1;1;0;0;0;0;0
266647;2.75;0.93;93.00;3994.00;13.50;78.00;38.25;10.20;23.24;13.92;274.10;251.88;2.82;75974.00;93.00;94.00;50.00;4529.00;1008.72;800.77;6.00;1;0;1;0;0;1;0;0;0;0;0;1;1;0;0;0;0;0
268164;2.57;0.90;95.00;4013.00;13.50;78.00;39.00;9.81;22.41;13.83;17.85;359.90;2.82;75974.00;94.00;95.00;50.00;4521.60;1008.80;234.37;6.00;1;0;1;0;0;1;0;0;0;0;0;1;1;0;0;0;0;0
269603;2.65;0.89;96.00;4095.00;13.50;78.00;39.00;10.20;23.16;13.73;315.74;309.10;2.82;75974.00;95.00;96.00;50.00;4505.60;1008.84;800.77;6.00;1;0;1;0;0;1;0;0;0;0;0;1;1;0;0;0;0;0
271134;2.76;0.94;95.00;4030.00;13.50;78.75;39.75;10.20;22.94;13.92;271.92;297.73;2.82;75974.00;95.00;95.00;50.00;4503.80;1008.84;605.46;6.00;1;0;1;0;0;1;0;0;0;0;0;1;1;0;0;0;0;0
272562;2.50;0.91;95.00;4039.00;13.50;78.75;40.50;9.02;21.62;13.92;314.65;164.68;2.82;75974.00;94.00;95.00;50.00;4515.40;1008.84;58.59;6.00;1;0;1;0;0;1;0;0;0;0;0;1;1;0;0;0;0;0
273918;2.80;0.96;92.00;3921.00;13.50;78.75;39.00;9.81;22.68;13.83;200.36;233.75;2.82;75974.00;91.00;93.00;50.00;4534.00;1008.84;722.65;6.00;1;0;1;0;0;1;0;0;0;0;0;1;1;0;0;0;0;0
275442;3.04;0.91;93.00;3956.00;13.50;79.50;36.75;12.55;25.67;13.92;49.41;46.83;2.82;75974.00;93.00;93.00;49.00;4520.80;1008.84;800.77;6.00;1;0;1;0;0;1;0;0;0;0;0;1;1;0;0;0;0;0
276897;2.24;0.89;93.00;3949.00;13.50;79.50;42.00;7.84;19.89;13.83;4.18;5.39;2.82;75975.00;93.00;93.00;49.00;4508.40;1008.88;136.72;6.00;1;0;1;0;0;1;0;0;0;0;0;1;1;0;0;0;0;0
278364;2.99;0.89;92.00;3933.00;13.50;80.25;36.00;12.55;25.83;13.83;2.15;0.66;2.82;75975.00;92.00;93.00;49.00;4529.80;1008.88;839.83;6.00;1;0;1;0;0;1;0;0;0;0;0;1;1;0;0;0;0;0
279790;2.96;0.92;93.00;3957.00;13.50;80.25;37.50;11.37;24.79;14.02;0.41;0.96;2.58;75975.00;92.00;94.00;49.00;4505.40;1008.92;97.66;6.00;1;0;1;0;0;1;0;0;0;0;0;1;1;0;0;0;0;0
281231;2.69;0.93;92.00;3942.00;13.50;80.25;39.00;9.81;22.60;14.02;0.61;1.91;2.58;75975.00;92.00;93.00;49.00;4516.20;1008.88;703.12;6.00;1;0;1;0;0;1;0;0;0;0;0;1;1;0;0;0;0;0
282684;2.32;0.88;92.00;3922.00;13.50;81.00;41.25;8.24;20.72;13.92;1.27;1.00;2.82;75975.00;92.00;93.00;48.00;4512.00;1009.00;859.36;6.00;1;0;1;0;0;1;0;0;0;0;0;1;1;0;0;0;0;0
284119;2.58;0.92;91.00;3878.00;13.50;81.00;39.75;9.41;22.28;14.02;1.39;0;2.58;75975.00;90.00;92.00;48.00;4515.80;1009.04;781.24;6.00;1;0;1;0;0;1;0;0;0;0;0;1;1;0;0;0;0;0
285576;2.76;0.93;91.00;3841.00;13.50;81.00;37.50;10.20;23.20;13.92;0;0.78;2.82;75975.00;91.00;91.00;48.00;4513.60;1009.00;136.72;6.00;1;0;1;0;0;1;0;0;0;0;0;1;1;0;0;0;0;0
286987;2.50;0.88;90.00;3836.00;13.50;81.75;39.00;9.41;22.37;13.92;0.37;1.76;2.82;75975.00;90.00;91.00;48.00;4516.80;1009.04;742.18;6.00;1;0;1;0;0;1;0;0;0;0;0;1;1;0;0;0;0;0
288453;2.66;0.94;90.00;3848.00;13.50;81.75;39.00;9.41;22.34;13.92;1.39;1.27;2.82;75975.00;89.00;90.00;48.00;4517.00;1009.23;800.77;6.00;1;0;1;0;0;1;0;0;0;0;0;1;1;0;0;0;0;0
289859;2.62;0.92;90.00;3824.00;13.50;81.75;39.00;9.02;22.28;14.02;0.23;0.35;2.58;75975.00;89.00;90.00;48.00;4507.20;1009.15;195.31;6.00;1;0;1;0;0;1;0;0;0;0;0;1;1;0;0;0;0;0
291334;2.58;0.97;90.00;3831.00;13.50;81.75;39.75;8.24;21.12;14.02;0;0;2.58;75975.00;89.00;90.00;48.00;4509.80;1009.27;800.77;6.00;1;0;1;0;0;1;0;0;0;0;0;1;1;0;0;0;0;0
292725;2.73;0.94;90.00;3825.00;13.50;81.75;38.25;9.81;22.68;13.92;0.78;0.37;2.82;75975.00;89.00;91.00;48.00;4508.80;1009.54;624.99;6.00;1;0;1;0;0;1;0;0;0;0;0;1;1;0;0;0;0;0
294210;2.55;0.89;90.00;3820.00;13.50;81.75;38.25;9.41;22.41;13.92;1.43;0.16;2.82;75975.00;90.00;91.00;48.00;4507.00;1009.70;761.71;6.00;1;0;1;0;0;1;0;0;0;0;0;1;1;0;0;0;0;0
295639;2.54;0.91;91.00;3844.00;13.50;81.75;39.75;9.02;21.97;13.92;0.70;3.24;2.82;75975.00;91.00;91.00;48.00;4508.20;1009.66;78.12;6.00;1;0;1;0;0;1;0;0;0;0;0;1;1;0;0;0;0;0
297136;2.06;0.88;91.00;3872.00;13.50;81.75;42.00;7.06;18.71;14.02;0.41;0.08;2.58;75975.00;91.00;91.00;48.00;4518.00;1009.78;117.19;6.00;1;0;1;0;0;1;0;0;0;0;0;1;1;0;0;0;0;0
298594;1.62;0.86;91.00;3867.00;13.50;82.50;44.25;5.49;15.26;13.92;202.98;191.59;2.82;75975.00;90.00;91.00;47.00;4520.20;1009.90;820.30;6.00;1;0;1;0;0;1;0;0;0;0;0;1;1;0;0;0;0;0
300029;1.63;0.88;90.00;3806.00;13.50;82.50;43.50;5.49;14.95;14.02;334.80;327.99;2.58;75975.00;89.00;90.00;47.00;4495.20;1010.01;664.05;6.00;1;0;1;0;0;1;0;0;0;0;0;1;1;0;0;0;0;0
301522;2.08;0.89;88.00;3755.00;13.50;82.50;41.25;7.06;18.51;13.92;314.69;287.72;2.82;75975.00;88.00;89.00;47.00;4510.00;1010.05;527.34;6.00;1;0;1;0;0;1;0;0;0;0;0;1;1;0;0;0;0;0
303014;2.11;0.89;90.00;3799.00;13.50;82.50;42.00;7.06;18.92;14.02;204.50;257.95;2.58;75975.00;90.00;90.00;47.00;4507.80;1010.05;58.59;6.00;1;0;1;0;0;1;0;0;0;0;0;1;1;0;0;0;0;0
304399;2.17;0.90;90.00;3831.00;13.50;82.50;42.00;7.06;19.13;13.92;311.70;336.72;2.82;75975.00;89.00;90.00;47.00;4534.40;1010.05;195.31;6.00;1;0;1;0;0;1;0;0;0;0;0;1;1;0;0;0;0;0
305836;2.46;0.92;90.00;3830.00;13.50;82.50;39.75;8.24;21.12;14.02;316.21;352.79;2.58;75975.00;89.00;90.00;47.00;4520.20;1010.05;97.66;6.00;1;0;1;0;0;1;0;0;0;0;0;1;1;0;0;0;0;0
307365;2.17;0.88;90.00;3808.00;13.50;82.50;41.25;7.45;19.64;13.92;308.26;282.40;2.82;75975.00;89.00;90.00;47.00;4510.60;1010.29;97.66;6.00;1;0;1;0;0;1;0;0;0;0;0;1;1;0;0;0;0;0
308791;2.47;0.91;90.00;3877.00;13.50;82.50;39.75;8.63;21.46;13.92;206.39;197.70;2.82;75975.00;90.00;91.00;47.00;4511.40;1010.48;742.18;6.00;1;0;1;0;0;1;0;0;0;0;0;1;1;0;0;0;0;0
310350;2.50;0.92;91.00;3883.00;13.50;81.75;40.50;8.63;21.44;13.92;270.76;326.89;2.82;75975.00;92.00;92.00;48.00;4506.80;1010.83;429.68;6.00;1;0;1;0;0;1;0;0;0;0;0;1;1;0;0;0;0;0
311771;2.14;0.89;92.00;3904.00;13.50;81.75;42.75;7.06;19.11;13.92;28.88;31.03;2.82;75975.00;91.00;92.00;48.00;4514.00;1011.07;156.25;6.00;1;0;1;0;0;1;0;0;0;0;0;1;1;0;0;0;0;0
313199;1.62;0.97;91.00;3878.00;13.50;81.75;44.25;4.71;13.52;13.92;3.71;3.55;2.82;75975.00;91.00;91.00;48.00;4518.80;1011.19;878.90;6.00;1;0;1;0;0;1;0;0;0;0;0;1;1;0;0;0;0;0
314630;1.58;0.88;90.00;3805.00;13.50;81.75;43.50;5.10;14.75;13.92;0.20;1.43;2.82;75975.00;90.00;90.00;48.00;4520.00;1011.26;703.12;6.00;1;0;1;0;0;1;0;0;0;0;0;1;1;0;0;0;0;0
316086;1.80;0.88;88.00;3756.00;13.50;81.75;42.00;5.88;16.54;14.02;0.33;0.70;2.58;75976.00;89.00;89.00;48.00;4511.00;1011.22;839.83;6.00;1;0;1;0;0;1;0;0;0;0;0;1;1;0;0;0;0;0
317677;1.41;0.85;87.00;3705.00;13.50;81.75;42.75;4.31;13.25;13.92;1.50;0.70;2.82;75976.00;88.00;88.00;48.00;4532.80;1011.30;839.83;6.00;1;0;1;0;0;1;0;0;0;0;0;1;1;0;0;0;0;0
319110;0.59;1.00;83.00;3552.00;13.50;81.75;-30.00;0;0;13.83;0;0.23;2.82;75976.00;83.00;83.00;48.00;4550.80;1011.30;0;6.00;1;0;1;0;0;1;0;0;0;0;0;1;1;0;0;0;0;0
320619;1.42;0.99;78.00;3357.00;13.50;81.75;38.25;3.14;11.44;13.92;0.61;0.27;2.82;75976.00;79.00;79.00;48.00;4395.60;1011.30;878.90;6.00;1;0;1;0;0;1;0;0;0;0;0;1;1;0;0;0;0;0
322058;0.81;1.00;75.00;3148.00;13.50;81.75;36.75;0;12.06;13.92;1.19;2.42;2.82;75976.00;75.00;75.00;48.00;4543.00;1011.62;19.53;6.00;1;0;1;0;0;1;0;0;0;0;0;1;1;0;0;0;0;0
323593;0.69;1.00;68.00;2928.00;13.50;81.75;-30.00;0;0;14.11;0.55;0.55;2.58;75976.00;69.00;69.00;48.00;4545.20;1011.81;0;6.00;1;0;1;0;0;1;0;0;0;0;0;1;1;0;0;0;0;0
324938;0.74;1.00;62.00;2658.00;13.50;81.00;-30.00;0;0;14.02;2.21;0;2.58;75976.00;63.00;63.00;48.00;4569.00;1011.97;0;6.00;1;0;1;0;0;1;0;0;1;0;0;1;1;0;0;0;0;0
326465;0.88;1.00;53.00;2249.00;13.50;81.00;15.00;0;12.32;14.02;15.76;67.73;2.58;75976.00;53.00;53.00;38.00;4440.80;1012.24;19.53;6.00;1;0;1;0;0;1;0;0;1;0;0;1;1;0;0;0;0;0
327999;1.05;1.00;43.00;1865.00;13.50;81.00;13.50;0;12.50;14.21;59.27;81.71;2.58;75976.00;44.00;44.00;41.00;4446.80;1012.44;917.96;5.00;1;0;1;0;0;1;0;0;1;0;0;1;1;0;0;0;0;0
329507;4.28;1.00;46.00;2424.00;13.50;81.00;21.00;13.73;31.91;14.02;18.36;30.92;2.58;75976.00;46.00;47.00;48.00;4404.40;1012.51;390.62;4.00;1;0;1;0;0;1;0;0;1;0;0;1;1;0;0;0;0;0
330898;5.07;1.07;57.00;2998.00;13.50;81.00;20.25;21.96;36.56;13.92;3.07;4.98;2.82;75976.00;57.00;58.00;48.00;4569.80;1012.55;839.83;4.00;1;0;1;0;0;1;0;0;0;0;0;1;1;0;0;0;0;0
332413;4.21;0.99;67.00;3544.00;13.50;81.00;27.00;19.61;32.44;14.02;0.25;2.03;2.58;75976.00;67.00;68.00;48.00;4526.60;1012.55;820.30;4.00;1;0;1;0;0;1;0;0;0;0;0;1;1;0;0;0;0;0
333876;5.65;0.94;78.00;4083.00;13.50;81.00;19.50;30.98;43.15;13.92;1.66;0.62;2.82;75976.00;77.00;79.00;48.00;4562.00;1012.55;585.93;4.00;1;0;1;0;0;1;0;0;0;0;0;1;1;0;0;0;0;0
335361;5.59;0.97;87.00;4000.00;13.50;81.00;21.75;27.45;41.30;13.92;0.59;2.58;2.82;75976.00;85.00;87.00;48.00;4554.00;1012.55;878.90;5.00;1;0;1;0;0;1;0;0;0;0;0;1;1;0;0;0;0;0
336902;4.78;0.98;93.00;3945.00;13.50;81.00;27.00;21.96;36.16;13.92;0.12;1.70;2.82;75976.00;91.00;93.00;48.00;4555.20;1012.55;878.90;6.00;1;0;1;0;0;1;0;0;0;0;0;1;1;0;0;0;0;0
338383;2.68;0.99;95.00;4003.00;13.50;81.00;41.25;8.63;21.28;13.92;2.09;0.88;2.82;75976.00;95.00;95.00;48.00;4480.20;1012.55;878.90;6.00;1;0;1;0;0;1;0;0;0;0;0;1;1;0;0;0;0;0
339920;2.69;0.90;96.00;4036.00;12.75;81.00;39.00;10.20;23.30;13.92;1.00;2.52;2.82;75976.00;94.00;96.00;48.00;4499.80;1012.55;195.31;6.00;1;0;1;0;0;1;0;0;0;0;0;1;1;0;0;0;0;0
341430;2.10;0.99;95.00;4032.00;12.75;81.00;45.00;6.28;16.86;13.92;1.72;0.76;2.82;75976.00;94.00;95.00;48.00;4485.40;1012.55;859.36;6.00;1;0;1;0;0;1;0;0;0;0;0;1;1;0;0;0;0;0
342774;2.85;0.97;93.00;3983.00;12.75;81.00;39.00;10.20;22.81;13.92;0;4.69;2.82;75976.00;94.00;94.00;48.00;4531.20;1012.55;839.83;6.00;1;0;1;0;0;1;0;0;0;0;0;1;1;0;0;0;0;0
344329;2.90;0.93;95.00;4059.00;12.75;81.00;38.25;10.98;24.36;13.92;1.15;0.64;2.82;75976.00;95.00;96.00;48.00;4506.60;1012.55;644.52;6.00;1;0;1;0;0;1;0;0;0;0;0;1;1;0;0;0;0;0
345758;3.67;1.00;97.00;4111.00;12.75;81.75;34.50;14.90;28.93;13.92;1.70;2.44;2.82;75976.00;96.00;97.00;48.00;4542.60;1012.55;878.90;6.00;1;0;1;0;0;1;0;0;0;0;0;1;1;0;0;0;0;0
347298;2.50;0.84;97.00;4172.00;12.75;81.75;39.75;10.20;22.97;13.83;1.43;1.72;2.82;75976.00;96.00;98.00;48.00;4494.80;1012.55;722.65;6.00;1;0;1;0;0;1;0;0;0;0;0;1;1;0;0;0;0;0
348772;3.55;0.91;100.00;4215.00;12.75;81.75;33.75;16.47;29.60;13.92;0;0;2.82;75976.00;97.00;100.00;48.00;4529.60;1012.63;722.65;6.00;1;0;1;0;0;1;0;0;0;0;0;1;1;0;0;0;0;0
350269;3.40;0.94;101.00;4275.00;12.75;81.75;36.00;14.90;27.89;13.92;0.53;1.25;2.82;75976.00;100.00;101.00;48.00;4529.40;1012.63;820.30;6.00;1;0;1;0;0;1;0;0;0;0;0;1;1;0;0;0;0;0
351824;2.54;0.88;101.00;4265.00;12.75;81.75;41.25;9.81;22.37;14.02;0.90;0.57;2.58;75976.00;100.00;101.00;48.00;4508.80;1012.59;78.12;6.00;1;0;1;0;0;1;0;0;0;0;0;1;1;0;0;0;0;0
353361;2.77;0.91;101.00;4279.00;12.75;81.75;39.75;10.98;23.53;14.02;1.70;3.16;2.58;75976.00;99.00;101.00;48.00;4527.20;1012.67;859.36;6.00;1;0;1;0;0;1;0;0;0;0;0;1;1;0;0;0;0;0
354891;2.45;0.85;100.00;4245.00;12.75;81.75;40.50;10.20;22.42;14.02;2.34;1.84;2.58;75976.00;99.00;100.00;48.00;4499.80;1013.02;820.30;6.00;1;0;1;0;0;1;0;0;0;0;0;1;1;0;0;0;0;0
356389;2.43;0.91;100.00;4179.00;12.75;81.75;42.00;8.24;20.99;13.92;0;0;2.82;75976.00;99.00;100.00;48.00;4507.20;1012.79;58.59;6.00;1;0;1;0;0;1;0;0;0;0;0;1;1;0;0;0;0;0
357820;2.54;0.98;96.00;4086.00;12.00;81.75;42.75;8.24;19.90;13.92;0.72;1.58;2.82;75976.00;96.00;97.00;48.00;4532.20;1013.14;839.83;6.00;1;0;1;0;0;1;0;0;0;0;0;1;1;0;0;0;0;0
359383;3.14;0.94;97.00;4140.00;12.00;81.75;37.50;12.16;25.64;13.92;0.62;0.53;2.82;75977.00;97.00;98.00;48.00;4522.60;1013.45;683.59;6.00;1;0;1;0;0;1;0;0;0;0;0;1;1;0;0;0;0;0
360958;2.66;0.90;98.00;4139.00;12.00;81.75;39.75;10.20;22.90;13.92;0;0.68;2.82;75977.00;98.00;98.00;48.00;4505.20;1013.57;800.77;6.00;1;0;1;0;0;1;0;0;0;0;0;1;1;0;0;0;0;0
362502;2.54;0.91;98.00;4179.00;12.00;81.75;41.25;9.02;21.79;13.92;2.36;1.87;2.82;75977.00;98.00;99.00;48.00;4488.80;1013.61;839.83;6.00;1;0;1;0;0;1;0;0;0;0;0;1;1;0;0;0;0;0
363847;2.26;0.92;97.00;4117.00;12.00;81.75;42.75;7.84;19.41;13.92;2.89;1.43;2.82;75977.00;96.00;98.00;48.00;4506.00;1013.72;546.87;6.00;1;0;1;0;0;1;0;0;0;0;0;1;1;0;0;0;0;0
365277;2.46;0.87;97.00;4111.00;12.00;81.75;40.50;9.41;22.20;14.02;2.25;1.80;2.58;75977.00;97.00;97.00;48.00;4518.20;1013.76;781.24;6.00;1;0;1;0;0;1;0;0;0;0;0;1;1;0;0;0;0;0
366768;2.58;0.88;97.00;4126.00;12.00;81.75;39.75;10.20;23.02;13.92;1.43;0;2.82;75977.00;97.00;98.00;48.00;4511.60;1013.76;195.31;6.00;1;0;1;0;0;1;0;0;0;0;0;1;1;0;0;0;0;0
368271;2.68;0.91;97.00;4137.00;12.00;81.75;39.75;10.20;23.02;13.92;0.39;0;2.82;75977.00;97.00;98.00;48.00;4520.60;1013.76;683.59;6.00;1;0;1;0;0;1;0;0;0;0;0;1;1;0;0;0;0;0
369724;2.66;0.92;97.00;4144.00;12.00;81.75;39.75;9.81;22.64;14.02;1.43;2.52;2.58;75977.00;97.00;98.00;48.00;4503.00;1013.76;195.31;6.00;1;0;1;0;0;1;0;0;0;0;0;1;1;0;0;0;0;0
371150;1.99;0.87;97.00;4115.00;12.00;81.75;43.50;7.45;18.61;13.92;1.11;2.77;2.82;75977.00;96.00;98.00;48.00;4487.00;1013.76;156.25;6.00;1;0;1;0;0;1;0;0;0;0;0;1;1;0;0;0;0;0
372587;2.26;0.87;95.00;4062.00;12.00;81.75;42.00;8.24;20.49;13.92;1.70;0.04;2.82;75977.00;94.00;96.00;48.00;4516.00;1013.80;742.18;6.00;1;0;1;0;0;1;0;0;0;0;0;1;1;0;0;0;0;0
374054;3.04;0.94;95.00;4019.00;12.00;81.75;37.50;11.77;25.19;13.92;0.29;3.38;2.82;75977.00;94.00;95.00;48.00;4526.00;1014.12;214.84;6.00;1;0;1;0;0;1;0;0;0;0;0;0;1;0;0;0;0;0
375580;2.77;0.88;95.00;4047.00;12.00;81.75;38.25;11.37;24.54;13.92;0.35;2.73;2.82;75977.00;94.00;95.00;48.00;4530.40;1014.15;839.83;6.00;1;0;1;0;0;1;0;0;0;0;0;1;1;0;0;0;0;0
376921;2.60;0.90;95.00;3993.00;12.00;81.75;39.75;9.81;22.67;13.92;0.66;3.36;2.82;75977.00;94.00;95.00;48.00;4508.60;1014.27;390.62;6.00;1;0;1;0;0;1;0;0;0;0;0;1;1;0;0;0;0;0
378393;3.09;0.91;95.00;4038.00;12.00;81.75;36.75;12.94;26.10;13.92;2.09;0.66;2.82;75977.00;94.00;95.00;48.00;4514.60;1014.47;800.77;6.00;1;0;1;0;0;1;0;0;0;0;0;1;1;0;0;0;0;0
379838;2.90;0.89;96.00;4061.00;12.00;81.75;37.50;11.77;25.08;13.92;0;1.39;2.82;75977.00;95.00;96.00;48.00;4516.40;1014.54;820.30;6.00;1;0;1;0;0;1;0;0;0;0;0;1;1;0;0;0;0;0
381296;3.37;0.94;96.00;4059.00;12.00;81.75;36.00;14.12;27.50;13.83;1.80;0.18;2.82;75977.00;96.00;96.00;48.00;4548.20;1014.62;117.19;6.00;1;0;1;0;0;1;0;0;0;0;0;1;1;0;0;0;0;0
382745;2.72;0.99;97.00;4102.00;12.00;81.75;41.25;9.02;21.44;13.92;2.93;2.44;2.82;75977.00;96.00;97.00;48.00;4484.00;1014.54;878.90;6.00;1;0;1;0;0;1;0;0;0;0;0;1;1;0;0;0;0;0
384176;3.28;0.93;97.00;4121.00;12.00;81.75;36.00;13.73;27.19;13.92;1.05;0;2.82;75977.00;96.00;97.00;48.00;4548.80;1014.62;878.90;6.00;1;0;1;0;0;1;0;0;0;0;0;1;1;0;0;0;0;0
385540;3.66;0.97;97.00;4144.00;12.00;81.75;36.00;13.73;26.99;14.02;1.09;1.11;2.58;75977.00;97.00;98.00;48.00;4518.80;1014.62;644.52;6.00;1;0;1;0;0;1;0;0;0;0;0;1;1;0;0;0;0;0
386904;3.20;0.90;98.00;4193.00;12.00;81.75;36.00;14.12;27.48;14.02;0.18;0.25;2.58;75977.00;98.00;99.00;48.00;4527.00;1014.62;722.65;6.00;1;0;1;0;0;1;0;0;0;0;0;1;1;0;0;0;0;0
388332;2.98;1.00;98.00;4184.00;12.00;81.75;39.75;10.59;23.73;13.92;6.13;4.77;2.82;75977.00;98.00;99.00;48.00;4479.20;1014.82;859.36;6.00;1;0;1;0;0;1;0;0;0;0;0;1;1;0;0;0;0;0
389757;2.67;0.90;98.00;4190.00;12.00;81.75;40.50;10.20;23.13;13.83;0.51;0.62;2.82;75977.00;98.00;99.00;48.00;4491.40;1014.74;820.30;6.00;1;0;1;0;0;1;0;0;0;0;0;1;1;0;0;0;0;0
391182;2.58;0.86;97.00;4154.00;12.00;81.75;39.00;10.20;23.20;13.92;1.66;1.39;2.82;75977.00;97.00;98.00;48.00;4501.60;1014.47;878.90;6.00;1;0;1;0;0;1;0;0;0;0;0;1;1;0;0;0;0;0
392713;2.50;0.87;96.00;4090.00;12.00;81.75;39.75;9.41;22.41;14.02;0.55;2.13;2.58;75977.00;96.00;97.00;48.00;4519.20;1014.54;117.19;6.00;1;0;1;0;0;1;0;0;0;0;0;1;1;0;0;0;0;0
394091;2.53;0.88;96.00;4076.00;12.00;81.75;39.75;9.81;22.58;14.02;0.29;3.36;2.58;75977.00;95.00;96.00;48.00;4522.60;1014.51;859.36;6.00;1;0;1;0;0;1;0;0;0;0;0;1;1;0;0;0;0;0
395618;2.51;0.88;96.00;4035.00;12.00;81.75;40.50;9.41;22.37;13.92;0.70;0.04;2.82;75977.00;95.00;96.00;48.00;4495.00;1014.58;859.36;6.00;1;0;1;0;0;1;0;0;0;0;0;1;1;0;0;0;0;0
397033;2.66;0.89;96.00;4056.00;12.00;81.75;39.00;10.20;23.32;13.92;2.50;1.07;2.82;75978.00;95.00;96.00;48.00;4521.40;1014.70;820.30;6.00;0;0;1;0;0;1;0;0;0;0;0;1;1;0;0;0;0;0
398486;1.45;1.00;95.00;4079.00;12.00;81.75;45.75;4.31;11.30;13.92;1.74;0.78;2.82;75978.00;95.00;94.00;48.00;4493.20;1014.74;898.43;6.00;1;0;1;0;0;1;0;0;0;0;0;1;1;0;0;0;0;0
399939;0.74;0.94;90.00;3825.00;12.00;81.75;43.50;1.96;7.98;14.02;1.76;0.43;2.58;75978.00;90.00;89.00;48.00;4500.40;1014.90;878.90;6.00;1;0;1;0;0;1;0;0;0;0;0;1;1;0;0;0;0;0
401435;1.31;0.89;86.00;3602.00;12.00;81.75;41.25;3.92;11.79;14.02;0;0.10;2.58;75978.00;86.00;86.00;48.00;4522.00;1014.90;742.18;6.00;1;0;1;0;0;1;0;0;0;0;0;1;1;0;0;0;0;0
402992;0.54;1.00;81.00;3418.00;12.00;81.75;-30.00;0;0;14.02;0;0;2.58;75978.00;81.00;81.00;48.00;4544.80;1014.97;0;6.00;1;0;1;0;0;1;0;0;0;0;0;1;1;0;0;0;0;0
404512;0.67;1.00;75.00;3155.00;12.00;81.75;-30.00;0;0;13.92;3.09;1.50;2.82;75978.00;75.00;75.00;48.00;4542.60;1014.94;0;6.00;1;0;1;0;0;1;0;0;0;0;0;0;1;0;0;0;0;0
405875;0.74;1.00;67.00;2909.00;12.00;81.75;-30.00;0;0;14.02;0.33;0.08;2.58;75978.00;68.00;68.00;48.00;4515.00;1014.97;0;6.00;1;0;1;0;0;1;0;0;0;0;0;1;1;0;0;0;0;0
407296;1.06;1.00;60.00;2575.00;12.00;81.75;1.50;0;8.81;14.02;0;0;2.58;75978.00;60.00;60.00;48.00;4265.00;1015.01;0;6.00;1;0;1;0;0;1;0;0;1;0;0;1;1;0;0;0;0;0
408826;0.88;1.00;53.00;2329.00;12.75;81.75;15.75;0;12.44;13.92;15.41;22.71;2.82;75978.00;54.00;54.00;39.00;4514.40;1015.01;19.53;6.00;1;0;1;0;0;1;0;0;1;0;0;1;1;0;0;0;0;0
410385;1.13;1.00;48.00;2091.00;12.75;81.75;18.00;0.39;11.98;14.11;135.93;155.42;2.58;75978.00;49.00;49.00;44.00;4514.60;1015.01;859.36;6.00;1;0;1;0;0;1;0;0;1;0;0;1;1;0;0;1;0;0
411900;4.75;1.00;48.00;2353.00;12.75;81.75;22.50;10.98;30.12;14.11;33.22;42.83;2.58;75978.00;48.00;48.00;48.00;4464.40;1015.01;898.43;5.00;1;0;1;0;0;1;0;0;1;0;0;1;1;0;0;0;0;0
413378;5.21;1.00;53.00;2818.00;12.75;81.75;21.00;19.61;35.03;14.02;5.12;9.22;2.58;75978.00;53.00;54.00;48.00;4382.00;1015.01;136.72;4.00;1;0;1;0;0;1;0;0;0;0;0;1;1;0;0;0;0;0
414932;4.59;1.05;65.00;3376.00;12.75;81.00;24.00;20.39;33.42;14.11;2.19;1.70;2.58;75978.00;64.00;65.00;48.00;4514.00;1015.01;878.90;4.00;1;0;1;0;0;1;0;0;0;0;0;1;1;0;0;0;0;0
416386;3.00;0.87;72.00;3729.00;12.75;81.75;33.75;13.73;26.79;13.92;0.35;0.45;2.82;75978.00;72.00;72.00;48.00;4511.80;1015.01;859.36;4.00;1;0;1;0;0;1;0;0;0;0;0;1;1;0;0;0;0;0
417934;5.26;1.00;80.00;3847.00;12.75;81.75;35.25;12.94;25.65;13.92;0;1.11;2.82;75978.00;80.00;80.00;48.00;4448.20;1015.01;820.30;5.00;1;0;1;0;0;1;0;0;0;0;0;1;1;0;0;0;0;0
419364;3.24;0.98;85.00;3913.00;12.75;81.75;36.75;12.16;25.48;14.02;0.78;0;2.58;75978.00;84.00;85.00;48.00;4508.80;1015.01;800.77;5.00;1;0;1;0;0;1;0;0;0;0;0;1;1;0;0;0;0;0
420849;2.64;0.88;87.00;4070.00;12.75;81.75;39.00;10.20;23.26;14.02;0;1.91;2.58;75978.00;88.00;88.00;48.00;4505.00;1015.01;878.90;5.00;1;0;1;0;0;1;0;0;0;0;0;1;1;0;0;0;0;0
422329;3.33;0.87;91.00;4227.00;12.75;81.75;34.50;15.30;28.54;14.02;3.75;4.53;2.58;75978.00;90.00;92.00;48.00;4542.20;1015.01;39.06;5.00;1;0;1;0;0;1;0;0;0;0;0;1;1;0;0;0;0;0
423810;2.20;0.99;88.00;3760.00;12.75;81.75;42.00;6.28;17.14;13.92;1.68;0.43;2.82;75978.00;88.00;89.00;48.00;4420.20;1015.01;898.43;6.00;1;0;1;0;0;1;0;0;0;0;0;1;1;0;0;0;0;0
425337;2.65;0.90;90.00;3818.00;12.75;81.75;37.50;10.20;23.29;14.02;1.05;1.76;2.58;75978.00;89.00;90.00;48.00;4515.20;1015.01;859.36;6.00;1;0;1;0;0;1;0;0;0;0;0;1;1;0;0;0;0;0
426852;0.88;0.99;87.00;3680.00;12.75;81.75;42.00;1.57;7.16;14.02;0.82;1.50;2.58;75978.00;87.00;87.00;48.00;4523.40;1015.01;859.36;6.00;1;0;1;0;0;1;0;0;0;0;0;1;1;0;0;0;0;0
428377;0.70;1.00;75.00;3166.00;12.75;81.75;-30.00;0;0;14.02;1.35;0;2.58;75978.00;75.00;75.00;48.00;4561.60;1015.01;0;6.00;1;0;1;0;0;1;0;0;0;0;0;1;1;0;0;0;0;0
429880;3.54;1.00;65.00;3180.00;12.75;81.75;32.25;9.81;24.00;14.02;0;0;2.58;75978.00;64.00;65.00;48.00;4240.40;1015.44;839.83;5.00;1;0;1;0;0;1;0;0;0;0;0;1;1;0;0;0;0;0
431422;6.12;1.08;73.00;3399.00;12.75;81.75;16.50;27.85;39.88;13.92;0.64;1.80;2.82;75978.00;72.00;74.00;48.00;4483.60;1015.83;878.90;5.00;1;0;1;0;0;1;0;0;0;0;0;1;1;0;0;0;0;0
432887;5.86;0.98;82.00;3783.00;12.75;81.75;17.25;30.20;42.58;14.02;0;2.13;2.58;75978.00;80.00;82.00;48.00;4579.80;1015.95;878.90;5.00;1;0;1;0;0;1;0;0;0;0;0;1;1;0;0;0;0;0
434376;5.96;0.91;90.00;4112.00;12.75;81.75;15.75;35.30;45.47;13.92;2.15;1.27;2.82;75978.00;89.00;90.00;48.00;4555.00;1015.91;234.37;5.00;1;0;1;0;0;1;0;0;0;0;0;1;1;0;0;0;0;0
435869;5.89;1.03;96.00;4435.00;12.75;81.75;22.50;30.98;41.29;14.02;0.62;0.66;2.58;75978.00;95.00;97.00;48.00;4542.60;1015.60;683.59;5.00;1;0;1;0;0;1;0;0;0;0;0;1;1;0;0;0;0;0
437364;0;1.00;98.00;4468.00;12.00;81.75;42.75;0;4.42;14.02;0;0.45;2.58;75978.00;99.00;99.00;48.00;4313.80;1015.37;917.96;5.00;1;0;1;0;0;1;0;0;0;0;0;1;1;0;0;0;0;0
438852;4.00;0.94;100.00;4259.00;12.00;81.75;32.25;19.22;32.24;14.02;0.82;1.48;2.58;75978.00;99.00;101.00;48.00;4531.80;1015.09;234.37;6.00;1;0;1;0;0;1;0;0;0;0;0;1;1;0;0;0;0;0
440478;3.58;0.99;101.00;4284.00;12.00;81.75;36.00;14.90;27.62;13.92;1.60;1.11;2.82;75978.00;100.00;101.00;48.00;4500.00;1014.97;683.59;6.00;1;0;1;0;0;1;0;0;0;0;0;1;1;0;0;0;0;0
441990;4.02;1.00;101.00;4304.00;12.00;81.75;33.00;18.04;30.89;14.02;0.20;0.12;2.58;75979.00;101.00;102.00;48.00;4502.60;1014.94;742.18;6.00;1;0;1;0;0;1;0;0;0;0;0;1;1;0;0;0;0;0
443432;4.02;1.00;102.00;4324.00;12.00;82.50;33.00;18.43;31.04;13.83;48.88;118.80;2.82;75979.00;100.00;102.00;47.00;4490.40;1014.66;878.90;6.00;1;0;1;0;0;1;0;0;0;0;0;1;1;0;0;0;0;0
444920;2.80;0.84;101.00;4289.00;12.00;82.50;38.25;12.55;25.71;13.92;299.96;303.18;2.82;75979.00;100.00;101.00;47.00;4492.60;1014.39;859.36;6.00;1;0;1;0;0;1;0;0;0;0;0;1;1;0;0;0;0;0
446441;3.14;0.90;101.00;4266.00;12.00;82.50;36.75;14.12;26.99;13.92;331.27;322.23;2.82;75979.00;100.00;101.00;47.00;4493.00;1014.00;859.36;6.00;1;0;1;0;0;1;0;0;0;0;0;1;1;0;0;0;0;0
447857;2.81;0.88;98.00;4168.00;12.00;82.50;39.00;11.37;24.58;14.02;200.10;224.15;2.58;75979.00;98.00;99.00;47.00;4508.20;1013.88;742.18;6.00;1;0;1;0;0;1;0;0;0;0;0;1;1;0;0;0;0;0
449298;4.85;1.00;98.00;4199.00;12.00;82.50;28.50;21.96;35.55;13.92;131.52;143.35;2.82;75979.00;96.00;99.00;47.00;4564.80;1013.84;585.93;6.00;1;0;1;0;0;1;0;0;0;0;0;1;1;0;0;0;0;0
450783;4.39;1.00;100.00;4225.00;12.00;81.75;30.00;20.00;33.39;13.92;18.91;15.21;2.82;75979.00;97.00;100.00;48.00;4479.20;1013.76;859.36;6.00;1;0;1;0;0;1;0;0;0;0;0;1;1;0;0;0;0;0
452213;4.46;0.95;98.00;4177.00;12.00;81.75;28.50;21.57;35.46;14.02;1.00;0.82;2.58;75979.00;97.00;99.00;48.00;4496.40;1013.76;703.12;6.00;1;0;1;0;0;1;0;0;0;0;0;1;1;0;0;0;0;0
453714;3.43;0.93;98.00;4188.00;12.00;81.75;35.25;14.90;28.34;14.02;1.07;0;2.58;75979.00;97.00;98.00;48.00;4478.20;1013.29;605.46;6.00;1;0;1;0;0;1;0;0;0;0;0;1;1;0;0;0;0;0
455116;3.13;0.93;97.00;4144.00;12.00;81.75;36.75;12.55;25.86;13.92;1.07;0.90;2.82;75979.00;96.00;98.00;48.00;4502.60;1012.94;664.05;6.00;1;0;1;0;0;1;0;0;0;0;0;1;1;0;0;0;0;0
456551;3.63;0.98;97.00;4129.00;12.00;81.75;35.25;14.51;27.75;14.02;1.62;1.27;2.58;75979.00;96.00;98.00;48.00;4524.60;1012.71;742.18;6.00;1;0;1;0;0;1;0;0;0;0;0;1;1;0;0;0;0;0
457947;2.34;1.00;97.00;4110.00;12.00;81.75;42.75;7.84;19.83;13.92;4.22;2.01;2.82;75979.00;97.00;97.00;48.00;4456.20;1012.63;917.96;6.00;1;0;1;0;0;1;0;0;0;0;0;1;1;0;0;0;0;0
459505;0.53;1.00;90.00;3804.00;12.00;81.75;-30.00;0;0;14.02;0.51;0;2.58;75979.00;90.00;90.00;48.00;4545.60;1012.59;0;6.00;1;0;1;0;0;1;0;0;0;0;0;1;1;0;0;0;0;0
461021;0.60;1.00;82.00;3437.00;12.00;81.75;-30.00;0;0;14.02;3.30;0.12;2.58;75979.00;82.00;82.00;48.00;4547.80;1012.59;0;6.00;1;0;1;0;0;1;0;0;0;0;0;1;1;0;0;0;0;0
462433;0.63;1.00;75.00;3201.00;12.00;81.75;-30.00;0;0;14.02;0.94;2.83;2.58;75979.00;76.00;76.00;48.00;4540.80;1012.59;0;6.00;1;0;1;0;0;1;0;0;0;0;0;1;1;0;0;0;0;0
463856;0.73;1.00;68.00;2930.00;12.00;81.75;-30.00;0;0;14.02;1.70;1.93;2.58;75979.00;69.00;69.00;48.00;4526.60;1012.59;0;6.00;1;0;1;0;0;1;0;0;0;0;0;1;1;0;0;0;0;0
465294;2.98;1.00;62.00;2518.00;12.00;81.75;-2.25;5.10;9.66;14.11;0.66;0.21;2.58;75979.00;62.00;62.00;48.00;4302.40;1012.59;19.53;6.00;1;0;1;0;0;1;0;0;0;0;0;1;1;0;0;0;0;0
466804;0.73;1.00;57.00;3011.00;12.00;81.75;-30.00;0;0;14.02;7.42;33.88;2.58;75979.00;57.00;57.00;48.00;4449.60;1012.59;0;4.00;1;0;1;0;0;1;0;0;1;0;0;1;1;0;0;0;0;0
468219;2.70;0.99;53.00;2823.00;12.00;81.75;18.75;5.88;18.56;14.02;1.99;6.58;2.58;75979.00;53.00;54.00;48.00;4319.80;1012.59;878.90;4.00;1;0;1;0;0;1;0;0;1;0;0;1;1;0;0;0;0;0
469703;1.37;0.99;53.00;3269.00;12.00;81.00;37.50;2.35;10.71;14.11;2.01;3.59;2.58;75979.00;53.00;53.00;48.00;4397.20;1012.59;878.90;3.00;1;0;1;0;0;1;0;0;1;0;0;1;1;0;0;0;0;0
471092;4.62;1.00;56.00;3467.00;12.00;81.00;27.75;18.04;32.73;14.02;2.17;0.25;2.58;75979.00;56.00;57.00;48.00;4523.80;1012.59;839.83;3.00;1;0;1;0;0;1;0;0;1;0;0;1;1;0;0;0;0;0
472544;6.06;1.00;65.00;3956.00;12.00;81.00;23.25;25.89;41.51;14.02;0.94;0;2.58;75979.00;63.00;65.00;48.00;4608.80;1012.59;859.36;3.00;1;0;1;0;0;1;0;0;0;0;0;1;1;0;0;0;0;0
474101;3.46;0.91;72.00;3789.00;12.00;81.00;32.25;16.47;29.20;14.02;0.96;0;2.58;75979.00;73.00;73.00;48.00;4519.80;1012.59;859.36;4.00;1;0;1;0;0;1;0;0;0;0;0;1;1;0;0;0;0;0
475573;6.47;1.00;80.00;4153.00;12.00;81.00;20.25;28.24;42.56;14.02;0.90;0;2.58;75979.00;78.00;80.00;48.00;4445.20;1012.59;878.90;4.00;1;0;1;0;0;1;0;0;0;0;0;1;1;0;0;0;0;0
477099;1.25;1.00;81.00;3754.00;12.00;81.00;42.75;3.14;10.45;13.92;1.11;0;2.82;75979.00;81.00;81.00;48.00;4498.40;1012.59;917.96;5.00;1;0;1;0;0;1;0;0;0;0;0;1;1;0;0;0;0;0
478580;2.87;1.00;77.00;3821.00;12.00;81.00;40.50;7.45;19.35;13.92;0.47;0;2.82;75979.00;77.00;77.00;48.00;4463.60;1012.59;898.43;5.00;1;0;1;0;0;1;0;0;0;0;0;1;1;0;0;0;0;0
480107;3.86;0.94;85.00;3895.00;12.00;81.00;30.75;18.83;31.68;14.02;1.76;0.96;2.58;75979.00;84.00;85.00;48.00;4535.60;1012.59;449.21;5.00;1;0;1;0;0;1;0;0;0;0;0;1;1;0;0;0;0;0
481623;4.18;0.92;91.00;4197.00;12.00;81.00;27.75;22.75;37.49;13.92;1.91;1.11;2.82;75979.00;89.00;91.00;48.00;4527.00;1012.59;878.90;5.00;1;0;1;0;0;1;0;0;0;0;0;1;1;0;0;0;0;0
482976;5.01;1.02;97.00;4504.00;12.00;81.00;27.75;25.89;37.12;13.92;0.51;0;2.82;75980.00;96.00;98.00;48.00;4548.60;1012.47;644.52;5.00;1;0;1;0;0;1;0;0;0;0;0;1;1;0;0;0;0;0
484459;3.99;0.98;103.00;4392.00;12.00;81.00;33.75;18.04;30.32;13.83;1.91;0;2.82;75980.00;101.00;104.00;48.00;4517.80;1012.32;58.59;6.00;1;0;1;0;0;1;0;0;0;0;0;1;1;0;0;0;0;0
486025;3.38;0.94;105.00;4430.00;12.00;81.00;36.75;15.30;27.49;14.02;1.50;3.03;2.58;75980.00;103.00;105.00;48.00;4497.40;1012.32;839.83;6.00;1;0;1;0;0;1;0;0;0;0;0;1;1;0;0;0;0;0
487460;2.70;0.90;106.00;4492.00;12.00;81.75;40.50;10.98;23.16;14.02;1.80;0.76;2.58;75980.00;106.00;106.00;48.00;4499.40;1012.32;839.83;6.00;1;0;1;0;0;1;0;0;0;0;0;1;1;0;0;0;0;0
488938;2.04;0.90;107.00;4536.00;12.00;81.75;46.50;7.45;17.70;13.92;0;0;2.82;75980.00;107.00;107.00;48.00;4488.20;1012.63;800.77;6.00;1;0;1;0;0;1;0;0;0;0;0;1;1;0;0;0;0;0
490389;2.64;0.94;108.00;4590.00;12.00;81.75;42.75;10.20;21.79;14.02;0.35;0;2.58;75980.00;107.00;109.00;48.00;4508.00;1012.87;781.24;6.00;1;0;1;0;0;1;0;0;0;0;0;1;1;0;0;0;0;0
491947;2.53;0.93;108.00;4598.00;12.00;81.75;43.50;9.41;21.14;13.83;2.58;1.35;2.82;75980.00;107.00;109.00;48.00;4537.20;1012.90;175.78;6.00;1;0;1;0;0;1;0;0;0;0;0;1;1;0;0;0;0;0
493388;2.30;0.94;108.00;4610.00;12.00;81.75;45.75;7.84;18.98;14.02;1.78;0.86;2.58;75980.00;108.00;109.00;48.00;4487.60;1013.14;859.36;6.00;1;0;1;0;0;1;0;0;0;0;0;1;1;0;0;0;0;0
494872;2.74;0.99;107.00;4585.00;12.00;81.00;43.50;9.41;21.19;13.92;0;0;2.82;75980.00;107.00;108.00;48.00;4575.40;1013.65;761.71;6.00;1;0;1;0;0;1;0;0;0;0;0;1;1;0;0;0;0;0
496398;2.35;0.93;107.00;4561.00;12.00;81.00;45.00;8.24;19.76;14.02;0;1.35;2.58;75980.00;107.00;108.00;48.00;4526.80;1013.96;58.59;6.00;0;0;1;0;0;1;0;0;0;0;0;1;1;0;0;0;0;0
497877;1.80;0.90;107.00;4550.00;12.00;81.00;47.25;6.67;15.63;13.92;0.20;2.23;2.82;75980.00;107.00;108.00;48.00;4445.00;1014.15;859.36;6.00;1;0;1;0;0;1;0;0;0;0;0;1;1;0;0;0;0;0
499374;2.78;0.99;107.00;4550.00;12.00;81.00;42.75;9.81;21.78;14.02;1.05;1.52;2.58;75980.00;106.00;107.00;48.00;4493.40;1014.23;898.43;6.00;1;0;1;0;0;1;0;0;0;0;0;1;1;0;0;0;0;0
500907;1.98;0.91;105.00;4479.00;12.00;81.00;45.75;7.06;17.06;14.02;0;0;2.58;75980.00;105.00;106.00;48.00;4533.80;1014.51;546.87;6.00;1;0;1;0;0;1;0;0;0;0;0;1;1;0;0;0;0;0
502410;0.42;1.00;103.00;4146.00;12.00;81.00;42.00;0;4.51;14.02;1.25;0.64;2.58;75980.00;104.00;104.00;48.00;4468.20;1014.82;19.53;6.00;1;0;1;0;0;1;0;0;0;0;0;1;1;0;0;0;0;0
503842;0.58;1.00;97.00;4133.00;12.00;81.00;-30.00;0;0;13.92;2.66;3.57;2.82;75980.00;97.00;97.00;48.00;4415.20;1014.94;0;6.00;1;0;1;0;0;1;0;0;0;0;0;1;1;0;0;0;0;0
505347;0.54;1.00;90.00;3797.00;12.00;81.00;-30.00;0;0;14.02;0.82;0.80;2.58;75980.00;90.00;90.00;48.00;4399.20;1015.05;0;6.00;1;0;1;0;0;1;0;0;0;0;0;1;1;0;0;0;0;0
506777;0.63;1.00;81.00;3396.00;12.00;81.00;-30.00;0;0;14.02;0.27;1.23;2.58;75980.00;81.00;80.00;48.00;4410.40;1015.60;0;6.00;1;0;1;0;0;1;0;0;0;0;0;1;1;0;0;0;0;0
508114;0.74;1.00;71.00;3019.00;12.00;81.00;-30.00;0;0;14.11;2.17;0.55;2.58;75980.00;71.00;71.00;48.00;4420.00;1015.99;0;6.00;1;0;1;0;0;1;0;0;0;0;0;1;1;0;0;0;0;0
509583;0.78;1.00;62.00;2864.00;12.00;81.00;-30.00;0;0;14.02;0.18;0.72;2.58;75980.00;63.00;63.00;48.00;4266.40;1016.19;19.53;5.00;1;0;1;0;0;1;0;0;1;0;0;1;1;0;0;0;0;0
511034;0.83;1.00;50.00;2607.00;12.00;81.00;-30.00;0;0;14.02;0;5.23;2.58;75980.00;51.00;50.00;48.00;4290.20;1016.22;0;4.00;1;0;1;0;0;1;0;0;1;0;0;1;1;0;0;0;0;0
512452;0.97;1.00;40.00;2116.00;12.00;81.00;15.00;0;12.54;14.02;8.59;12.50;2.58;75980.00;41.00;40.00;39.00;4472.60;1016.26;19.53;4.00;1;0;1;0;0;1;0;0;1;0;0;1;1;0;0;0;0;0
513969;1.03;1.00;31.00;1942.00;12.00;81.00;14.25;0;12.53;14.11;113.02;73.63;2.58;75980.00;31.00;32.00;39.00;4540.20;1016.26;839.83;3.00;1;0;1;0;0;1;0;0;1;0;0;1;1;0;0;0;0;0
515470;1.21;1.00;21.00;1647.00;12.00;81.00;13.50;0;12.51;14.21;111.32;121.01;2.58;75980.00;22.00;21.00;40.00;4485.20;1016.26;859.36;2.00;1;0;1;0;0;1;0;0;1;0;0;0;1;0;0;1;0;0
516952;1.43;0.96;13.00;1302.00;12.00;81.00;13.50;0;12.30;14.30;125.07;156.98;2.58;75980.00;14.00;14.00;39.00;4505.40;1016.38;683.59;0;1;0;1;0;0;1;0;0;1;0;0;1;1;0;0;0;0;0
518510;1.35;0.96;10.00;1340.00;12.00;81.00;14.25;0;12.49;14.30;119.64;142.71;2.58;75980.00;10.00;10.00;39.00;4518.40;1016.65;97.66;1;1;0;1;0;0;1;0;0;1;0;0;1;1;0;0;0;0;0
519987;1.38;0.96;7.00;1301.00;12.00;81.00;13.50;0;12.35;14.30;168.97;157.41;2.58;75980.00;7.00;7.00;40.00;4518.60;1016.81;781.24;1;1;0;1;0;0;1;0;0;1;0;0;1;1;0;0;0;0;0
521594;1.49;0.97;5.00;1269.00;12.75;81.00;15.75;0;12.76;14.30;107.18;83.35;2.58;75980.00;5.00;5.00;39.00;4497.20;1017.12;390.62;1;1;0;1;0;0;1;0;0;1;0;0;1;1;0;0;0;0;0
523134;6.42;1.00;17.00;2216.00;12.75;81.00;9.75;26.28;43.09;14.11;45.19;40.33;2.58;75980.00;17.00;17.00;48.00;4431.20;1017.32;39.06;1;1;0;1;0;0;1;0;0;1;0;0;1;1;0;0;0;0;0
524739;9.02;1.00;43.00;3496.00;12.75;81.75;18.75;27.06;41.29;13.92;3.85;3.38;2.82;75980.00;43.00;43.00;48.00;4237.80;1017.24;917.96;2.00;1;0;1;0;0;1;0;0;1;0;0;1;1;0;0;0;0;0
526261;7.81;1.00;63.00;4122.00;12.00;81.75;28.50;25.49;35.42;14.02;2.40;0.59;2.58;75980.00;62.00;64.00;48.00;4433.40;1016.93;859.36;3.00;1;0;1;0;0;1;0;0;1;0;0;1;1;0;0;0;0;0
527755;6.46;1.05;78.00;4793.00;12.00;81.75;19.50;37.65;44.50;13.83;1.35;2.64;2.82;75980.00;76.00;79.00;48.00;4523.60;1016.73;878.90;3.00;1;0;1;0;0;1;0;0;0;0;0;1;1;0;0;0;0;0
529140;5.63;1.00;87.00;4547.00;12.00;81.75;22.50;32.94;41.91;13.92;0.86;0.35;2.82;75980.00;85.00;88.00;48.00;4512.80;1016.65;859.36;4.00;1;0;1;0;0;1;0;0;0;0;0;1;1;0;0;0;0;0
530627;4.57;0.94;95.00;4339.00;12.00;82.50;25.50;26.67;39.18;14.02;67.83;107.51;2.58;75980.00;93.00;95.00;47.00;4514.80;1016.50;839.83;5.00;1;0;1;0;0;1;0;0;0;0;0;1;1;0;0;0;0;0
532128;2.82;0.90;96.00;4087.00;12.00;82.50;38.25;10.98;24.15;14.02;258.21;267.58;2.58;75981.00;96.00;96.00;47.00;4461.40;1016.38;605.46;6.00;1;0;1;0;0;1;0;0;0;0;0;1;1;0;0;0;0;0
533641;2.29;0.86;95.00;4001.00;12.00;82.50;41.25;8.24;20.86;13.92;290.57;306.64;2.82;75981.00;94.00;95.00;47.00;4499.40;1016.26;449.21;6.00;1;0;1;0;0;1;0;0;0;0;0;1;1;0;0;0;0;0
535056;1.43;0.84;91.00;3871.00;12.00;82.50;44.25;4.71;13.61;14.02;230.71;236.25;2.58;75981.00;91.00;92.00;47.00;4512.20;1015.87;781.24;6.00;1;0;1;0;0;1;0;0;0;0;0;1;1;0;0;0;0;0
536510;2.58;0.86;88.00;3755.00;12.00;82.50;38.25;9.02;22.05;14.02;137.86;173.06;2.58;75981.00;88.00;88.00;47.00;4524.20;1015.76;175.78;6.00;1;0;1;0;0;1;0;0;0;0;0;1;1;0;0;0;0;0
537940;1.24;0.97;86.00;3650.00;12.00;82.50;42.00;3.14;10.25;14.02;291.90;316.27;2.58;75981.00;86.00;87.00;47.00;4525.00;1015.79;917.96;6.00;1;0;1;0;0;1;0;0;0;0;0;1;1;0;0;0;0;0
539479;1.80;0.92;82.00;3482.00;12.00;82.50;39.75;5.10;15.62;14.02;352.18;348.59;2.58;75981.00;82.00;82.00;47.00;4464.20;1015.79;898.43;6.00;1;0;1;0;0;1;0;0;0;0;0;1;1;0;0;0;0;0
540961;3.55;0.96;85.00;3619.00;12.00;81.75;31.50;15.69;28.47;14.11;294.32;308.32;2.58;75981.00;85.00;86.00;48.00;4504.40;1015.48;859.36;6.00;1;0;1;0;0;1;0;0;0;0;0;1;1;0;0;0;0;0
542459;1.13;1.00;86.00;3661.00;12.00;81.75;42.00;2.75;9.49;13.83;27.46;27.15;2.82;75981.00;87.00;87.00;48.00;4526.40;1015.37;898.43;6.00;1;0;1;0;0;1;0;0;0;0;0;1;1;0;0;0;0;0
543950;1.10;1.00;81.00;3443.00;12.00;81.75;35.25;1.96;7.78;14.02;4.53;2.99;2.58;75981.00;81.00;81.00;48.00;4253.40;1015.48;859.36;6.00;1;0;1;0;0;1;0;0;0;0;0;1;1;0;0;0;0;0
545410;2.07;0.95;80.00;3398.00;12.00;81.75;39.00;5.88;17.60;13.92;1.50;2.03;2.82;75981.00;79.00;80.00;48.00;4488.00;1015.56;800.77;6.00;1;0;1;0;0;1;0;0;0;0;0;1;1;0;0;0;0;0
546928;0.70;0.99;78.00;3332.00;12.00;81.75;38.25;0.78;5.86;14.02;0.39;0.66;2.58;75981.00;78.00;78.00;48.00;4520.60;1015.52;742.18;6.00;1;0;1;0;0;1;0;0;0;0;0;1;1;0;0;0;0;0
548291;0.82;0.94;73.00;3124.00;12.00;81.75;36.00;0.39;9.06;14.02;0;1.86;2.58;75981.00;74.00;74.00;48.00;4543.00;1015.83;781.24;6.00;1;0;1;0;0;1;0;0;0;0;0;1;1;0;0;0;0;0
549728;0.70;1.00;68.00;2904.00;12.00;81.75;-30.00;0;0;14.02;2.21;0.82;2.58;75981.00;69.00;68.00;48.00;4544.80;1015.91;0;6.00;1;0;1;0;0;1;0;0;0;0;0;1;1;0;0;0;0;0
551157;1.30;1.00;60.00;2532.00;12.00;81.75;3.00;0;8.80;14.11;2.01;0;2.58;75981.00;60.00;60.00;48.00;4306.40;1016.15;0;6.00;1;0;1;0;0;1;0;0;1;0;0;1;1;0;0;0;0;0
552642;0.88;1.00;51.00;2196.00;12.00;81.75;15.75;0;12.42;14.21;24.69;24.43;2.58;75981.00;51.00;51.00;39.00;4491.80;1016.22;19.53;6.00;1;0;1;0;0;1;0;0;1;0;0;1;1;0;0;0;0;0
554258;1.09;1.00;42.00;1807.00;12.00;81.75;14.25;0;12.45;14.30;154.74;129.50;2.58;75981.00;43.00;42.00;39.00;4522.80;1016.26;175.78;6.00;1;0;1;0;0;1;0;0;1;0;0;1;1;0;0;0;0;0
555815;1.25;0.99;35.00;1551.00;12.00;81.75;14.25;0;12.50;14.30;253.95;227.23;2.58;75981.00;35.00;35.00;39.00;4476.20;1016.26;878.90;6.00;1;0;1;0;0;1;0;0;1;0;0;1;1;0;0;0;0;0
557205;4.03;1.00;28.00;1442.00;12.00;81.75;12.00;4.31;21.77;14.21;203.03;158.88;2.58;75981.00;29.00;29.00;49.00;4534.20;1016.26;800.77;4.00;1;0;1;0;0;1;0;0;1;0;0;1;1;0;0;1;0;0
558695;1.16;0.99;22.00;1525.00;12.00;81.75;15.75;0;12.57;14.21;133.35;137.73;2.58;75981.00;22.00;22.00;38.00;4523.80;1016.26;878.90;2.00;1;0;1;0;0;1;0;0;1;0;0;1;1;0;0;1;0;0
560049;1.33;0.95;15.00;1293.00;12.75;81.75;14.25;0;12.34;14.30;145.62;129.80;2.58;75981.00;15.00;15.00;38.00;4525.40;1016.26;78.12;0;1;0;1;0;0;1;0;0;1;0;0;1;1;0;0;1;0;0
561586;1.47;0.98;2.00;1250.00;12.75;81.75;16.50;0;12.71;14.21;245.73;215.51;2.58;75981.00;3.00;3.00;38.00;4516.20;1016.26;58.59;0;1;0;1;0;0;1;0;0;1;0;0;1;1;0;0;1;0;0
563016;1.35;0.98;0;1244.00;12.75;81.75;16.50;0;12.67;14.11;158.41;179.79;2.58;75981.00;0;0;38.00;4499.80;1016.30;58.59;0;1;0;1;0;0;1;0;0;1;0;0;1;1;0;0;1;0;0
564470;1.47;1.01;0;1176.00;12.75;82.50;21.00;0;13.37;14.30;90.40;100.70;2.58;75981.00;0;0;37.00;4508.60;1016.54;78.12;0;1;0;1;0;0;1;0;0;1;0;0;1;1;0;0;1;0;0
566001;1.38;1.03;0;1265.00;12.75;82.50;15.00;0;12.32;14.30;38.83;45.58;2.58;75981.00;0;0;37.00;4517.00;1016.73;722.65;0;1;0;1;0;0;1;0;0;1;0;0;0;1;0;0;1;0;0
567564;1.33;1.01;0;1252.00;12.75;82.50;16.50;0;12.64;14.30;49.53;60.29;2.58;75981.00;0;0;37.00;4515.80;1016.81;722.65;0;1;0;1;0;0;1;0;0;1;0;0;1;1;0;0;1;0;0
569032;1.34;1.01;0;1336.00;12.75;82.50;11.25;0;12.30;14.21;75.11;80.44;2.58;75981.00;0;0;38.00;4526.80;1017.04;624.99;0;1;0;1;0;0;1;0;0;1;0;0;1;1;0;0;1;0;0
570423;1.36;0.99;0;1259.00;12.75;82.50;15.00;0;12.36;14.21;65.70;54.25;2.58;75981.00;0;0;37.00;4515.00;1016.97;97.66;0;1;0;1;0;0;1;0;0;1;0;0;1;1;0;0;1;0;0
571894;1.38;1.02;0;1285.00;12.75;83.25;12.75;0;11.95;14.30;31.72;29.82;2.58;75981.00;0;0;37.00;4498.80;1016.93;683.59;0;1;0;1;0;0;1;0;0;1;0;0;1;1;0;0;1;0;0
573217;1.37;1.00;0;1245.00;12.75;83.25;15.75;0;12.42;14.39;19.39;13.40;2.31;75981.00;0;0;37.00;4510.20;1017.08;156.25;0;1;0;1;0;0;1;0;0;1;0;0;1;1;0;0;1;0;0
574642;1.38;1.01;0;1265.00;12.75;83.25;14.25;0;12.22;14.39;8.69;7.21;2.31;75981.00;0;0;37.00;4523.80;1017.04;800.77;0;1;0;1;0;0;1;0;0;1;0;0;1;1;0;0;1;0;0
576062;1.33;1.00;0;1288.00;12.75;83.25;12.75;0;11.94;14.39;3.85;4.55;2.31;75981.00;0;0;37.00;4508.40;1017.08;664.05;0;1;0;1;0;0;1;0;0;1;0;0;0;1;0;0;1;0;0
577559;1.35;1.01;0;1250.00;12.75;84.00;15.00;0;12.29;14.39;1.72;1.95;2.31;75981.00;0;0;37.00;4524.40;1017.12;117.19;0;1;0;1;0;0;1;0;0;1;0;0;1;1;0;0;1;0;0
579047;1.41;1.02;0;1254.00;12.75;84.00;15.00;0;12.28;14.39;2.07;5.31;2.31;75981.00;0;0;36.00;4507.00;1017.24;839.83;0;1;0;1;0;0;1;0;0;1;0;0;1;1;0;0;1;0;0
580569;1.43;1.00;0;1202.00;12.75;84.00;19.50;0;12.96;14.21;4.67;3.30;2.58;75981.00;0;0;37.00;4496.60;1017.20;273.43;0;1;0;1;0;0;1;0;0;1;0;0;1;1;0;0;1;0;0
582056;1.33;0.98;0;1264.00;12.75;84.00;14.25;0;12.15;14.39;2.03;1.41;2.31;75981.00;0;0;36.00;4521.60;1017.12;58.59;0;1;0;1;0;0;1;0;0;1;0;0;1;1;0;0;1;0;0
583542;1.26;0.98;0;1275.00;12.75;84.00;13.50;0;11.98;14.21;0.70;2.13;2.58;75981.00;0;0;36.00;4523.80;1017.16;683.59;0;1;0;1;0;0;1;0;0;1;0;0;1;1;0;0;1;0;0
585055;1.38;1.00;0;1227.00;12.75;84.00;16.50;0;12.49;14.21;1.62;0.88;2.58;75981.00;0;0;36.00;4508.00;1017.24;332.03;0;1;0;1;0;0;1;0;0;1;0;0;1;1;0;0;1;0;0
586496;1.31;1.02;0;1265.00;12.75;84.00;14.25;0;12.08;14.39;0.59;1.39;2.31;75981.00;0;0;35.00;4516.60;1017.24;703.12;0;1;0;1;0;0;1;0;0;1;0;0;1;1;0;0;1;0;0
587917;1.30;1.00;0;1330.00;12.75;84.00;11.25;0;11.38;14.39;1.43;6.87;2.31;75981.00;0;0;37.00;4506.80;1017.12;800.77;0;1;0;1;0;0;1;0;0;1;0;0;1;1;0;0;1;0;0
589260;1.42;0.99;0;1220.00;12.75;84.00;17.25;0;12.66;14.39;2.48;3.01;2.31;75981.00;0;0;36.00;4514.00;1017.08;136.72;0;1;0;1;0;0;1;0;0;1;0;0;1;1;0;0;1;0;0
590627;1.29;1.00;0;1303.00;12.75;84.00;12.00;0;11.73;14.30;1.02;2.97;2.58;75981.00;0;0;36.00;4524.20;1017.24;78.12;0;1;0;1;0;0;1;0;0;1;0;0;1;1;0;0;1;0;0
592105;1.40;1.01;0;1240.00;12.75;84.00;16.50;0;12.08;14.30;1.80;1.19;2.58;75981.00;0;0;37.00;4493.60;1017.28;859.36;0;1;0;1;0;0;1;0;0;1;0;0;1;1;0;0;1;0;0
593579;1.30;1.00;0;1265.00;12.75;84.00;14.25;0;12.15;14.30;0.66;1.60;2.58;75981.00;0;0;36.00;4516.20;1017.16;800.77;0;1;0;1;0;0;1;0;0;1;0;0;1;1;0;0;1;0;0
595001;1.34;1.01;0;1267.00;12.75;84.00;14.25;0;12.18;14.30;0.21;2.77;2.58;75981.00;0;0;36.00;4521.00;1017.12;742.18;0;1;0;1;0;0;1;0;0;1;0;0;1;1;0;0;1;0;0
596456;1.43;0.98;0;1180.00;12.75;84.00;20.25;0;13.00;14.21;1.70;1.15;2.58;75981.00;0;0;36.00;4509.80;1017.20;78.12;0;1;0;1;0;0;1;0;0;1;0;0;1;1;0;0;1;0;0
597926;1.34;0.99;0;1284.00;12.75;84.00;13.50;0;11.98;14.39;0.66;1.99;2.31;75981.00;0;0;37.00;4511.40;1017.16;97.66;0;1;0;1;0;0;1;0;0;1;0;0;1;1;0;0;1;0;0
599395;1.38;1.04;0;1293.00;12.75;84.00;12.75;0;11.90;14.39;0.21;0.70;2.31;75981.00;0;0;36.00;4499.20;1017.24;898.43;0;1;0;1;0;0;1;0;0;1;0;0;1;1;0;0;1;0;0
600941;1.33;1.00;0;1251.00;12.75;84.00;15.00;0;12.14;14.39;0;0.23;2.31;75981.00;0;0;36.00;4510.20;1017.32;820.30;0;1;0;1;0;0;1;0;0;1;0;0;1;1;0;0;1;0;0
602329;1.34;0.98;0;1242.00;12.75;84.00;16.50;0;12.44;14.39;0;1.80;2.31;75981.00;0;0;36.00;4514.20;1017.28;78.12;0;1;0;1;0;0;1;0;0;1;0;0;1;1;0;0;1;0;0
603744;1.33;1.03;0;1262.00;12.75;84.00;14.25;0;12.06;14.39;4.96;0.70;2.31;75981.00;0;0;36.00;4505.20;1017.28;800.77;0;1;0;1;0;0;1;0;0;1;0;0;1;1;0;0;1;0;0
605232;1.36;0.99;0;1241.00;12.75;84.00;16.50;0;12.49;14.21;4.77;10.70;2.58;75981.00;0;0;37.00;4518.60;1017.36;97.66;0;1;0;1;0;0;1;0;0;1;0;0;1;1;0;0;1;0;0
606791;1.38;1.02;0;1265.00;12.75;84.00;14.25;0;12.20;14.39;3.44;4.49;2.31;75981.00;0;0;37.00;4499.60;1017.16;859.36;0;1;0;1;0;0;1;0;0;1;0;0;1;1;0;0;1;0;0
608165;1.35;1.00;0;1263.00;12.75;84.00;14.25;0;12.15;14.30;8.34;3.11;2.58;75981.00;0;0;37.00;4522.40;1017.28;78.12;0;1;0;1;0;0;1;0;0;1;0;0;1;1;0;0;1;0;0
609633;1.32;1.02;0;1304.00;12.75;84.00;12.00;0;11.68;14.30;3.50;1.31;2.58;75981.00;0;0;36.00;4516.60;1017.40;859.36;0;1;0;1;0;0;1;0;0;1;0;0;1;1;0;0;1;0;0
611132;1.36;0.98;0;1258.00;12.75;83.25;15.00;0;12.24;14.30;3.03;0.45;2.58;75981.00;0;0;37.00;4513.20;1017.32;292.97;0;1;0;1;0;0;1;0;0;1;0;0;1;1;0;0;1;0;0
612641;1.27;0.98;0;1309.00;13.50;83.25;12.00;0;11.78;14.39;1.19;0.10;2.31;75981.00;0;0;37.00;4511.60;1017.32;39.06;0;1;0;1;0;0;1;0;0;1;0;0;1;1;0;0;1;0;0
614064;1.41;1.02;0;1220.00;13.50;83.25;17.25;0;12.70;14.30;1.97;1.56;2.58;75981.00;0;0;37.00;4515.00;1017.36;175.78;0;1;0;1;0;0;1;0;0;1;0;0;1;1;0;0;1;0;0
615545;1.41;1.00;0;1221.00;13.50;83.25;17.25;0;12.63;14.30;2.50;0.57;2.58;75981.00;0;0;36.00;4522.40;1017.36;859.36;0;1;0;1;0;0;1;0;0;1;0;0;1;1;0;0;1;0;0
616951;1.32;0.98;0;1244.00;13.50;83.25;16.50;0;12.43;14.39;1.09;1.70;2.31;75981.00;0;0;37.00;4511.00;1017.24;58.59;0;1;0;1;0;0;1;0;0;1;0;0;1;1;0;0;1;0;0
618354;1.44;1.03;0;1220.00;13.50;83.25;17.25;0;12.56;14.30;0.35;0.62;2.58;75981.00;0;0;36.00;4512.40;1017.12;761.71;0;1;0;1;0;0;1;0;0;1;0;0;1;1;0;0;1;0;0
619905;1.28;0.98;0;1281.00;13.50;83.25;13.50;0;11.89;14.30;16.03;11.78;2.58;75981.00;0;0;36.00;4516.40;1017.28;39.06;0;1;0;1;0;0;1;0;0;1;0;0;1;1;0;0;1;0;0
621410;1.33;1.00;0;1271.00;13.50;83.25;14.25;0;12.06;14.39;6.46;10.00;2.31;75981.00;0;0;36.00;4535.00;1017.32;78.12;0;1;0;1;0;0;1;0;0;1;0;0;1;1;0;0;1;0;0
622839;1.42;1.02;0;1216.00;13.50;83.25;18.00;0;12.75;14.30;3.18;4.67;2.58;75981.00;0;0;36.00;4523.40;1017.40;859.36;0;1;0;1;0;0;1;0;0;1;0;0;1;1;0;0;1;0;0
624178;1.34;0.99;0;1292.00;13.50;83.25;12.75;0;11.88;14.21;1.27;3.75;2.58;75981.00;0;0;37.00;4556.60;1017.20;937.49;1;1;0;1;0;0;1;0;0;1;0;0;1;1;0;0;0;0;0
625785;6.10;1.00;18.00;2520.00;13.50;83.25;12.00;28.63;41.48;14.02;156.75;201.45;2.58;75981.00;18.00;19.00;47.00;4474.40;1017.24;820.30;1;1;0;1;0;0;1;0;0;1;0;0;1;1;0;0;0;0;0
627299;10.20;1.00;51.00;4005.00;13.50;83.25;12.75;38.83;47.34;14.11;317.99;287.19;2.58;75981.00;50.00;51.00;47.00;4302.20;1017.24;859.36;2.00;1;0;1;0;0;1;0;0;1;0;0;1;1;0;0;0;0;0
628808;6.22;1.00;71.00;4979.00;13.50;83.25;31.50;27.85;35.65;14.02;310.23;201.14;2.58;75981.00;71.00;71.00;47.00;4405.40;1017.12;878.90;3.00;1;0;1;0;0;1;0;0;1;0;0;1;1;0;0;0;0;0
630215;10.11;1.00;88.00;4578.00;13.50;82.50;17.25;40.79;45.55;13.92;295.80;169.48;2.82;75981.00;88.00;89.00;47.00;4554.60;1017.01;527.34;4.00;1;0;1;0;0;1;0;0;0;0;0;1;1;0;0;0;0;0
631800;7.78;1.00;100.00;4676.00;12.75;82.50;16.50;49.81;48.88;13.92;350.33;317.13;2.82;75981.00;98.00;101.00;47.00;4534.80;1016.73;624.99;5.00;1;0;1;0;0;1;0;0;0;0;0;1;1;0;0;0;0;0
633254;4.15;1.00;108.00;4604.00;12.75;82.50;30.75;23.92;34.72;14.02;331.03;347.30;2.58;75981.00;107.00;108.00;47.00;4590.20;1016.69;39.06;6.00;1;0;1;0;0;1;0;0;0;0;0;1;1;0;0;0;0;0
634666;2.26;1.00;107.00;4563.00;12.75;82.50;46.50;7.06;17.17;13.92;322.69;343.26;2.82;75981.00;107.00;108.00;47.00;4476.20;1016.42;781.24;6.00;1;0;1;0;0;1;0;0;0;0;0;1;1;0;0;0;0;0
636124;3.06;1.00;107.00;4573.00;12.75;81.75;40.50;11.37;24.19;13.92;31.40;27.13;2.82;75981.00;107.00;108.00;48.00;4463.80;1016.38;878.90;6.00;1;0;1;0;0;1;0;0;0;0;0;1;1;0;0;0;0;0
637643;4.54;1.03;108.00;4577.00;12.75;81.75;32.25;21.57;32.70;14.02;3.26;2.71;2.58;75981.00;108.00;108.00;48.00;4549.40;1016.26;820.30;6.00;1;0;1;0;0;1;0;0;0;0;0;1;1;0;0;0;0;0
639131;3.51;1.04;108.00;4608.00;12.75;81.00;39.00;14.12;25.80;13.92;1.15;2.21;2.82;75981.00;108.00;109.00;48.00;4509.40;1016.26;253.90;6.00;1;0;1;0;0;1;0;0;0;0;0;1;1;0;0;0;0;0
640685;2.86;1.00;108.00;4618.00;12.75;81.00;42.75;10.20;22.10;14.02;1.60;0.14;2.58;75981.00;107.00;109.00;48.00;4470.20;1016.22;781.24;6.00;1;0;1;0;0;1;0;0;0;0;0;1;1;0;0;0;0;0
642170;2.78;0.94;106.00;4506.00;12.75;80.25;41.25;10.59;22.81;14.02;3.18;1.43;2.58;75981.00;105.00;106.00;49.00;4547.00;1015.99;703.12;6.00;1;0;1;0;0;1;0;0;0;0;0;1;1;0;0;0;0;0
643622;3.11;0.96;103.00;4418.00;12.75;80.25;39.00;12.16;24.91;14.02;2.89;0.39;2.58;75982.00;103.00;104.00;49.00;4540.80;1015.95;820.30;6.00;1;0;1;0;0;1;0;0;0;0;0;1;1;0;0;0;0;0
645058;2.58;0.93;102.00;4354.00;12.75;80.25;42.75;9.41;21.49;13.92;4.45;0;2.82;75982.00;102.00;103.00;49.00;4495.20;1015.91;546.87;6.00;1;0;1;0;0;1;0;0;0;0;0;1;1;0;0;0;0;0
646551;3.38;1.02;102.00;4330.00;12.75;80.25;38.25;12.94;25.64;14.02;0.84;0;2.58;75982.00;101.00;103.00;49.00;4514.80;1015.99;546.87;6.00;1;0;1;0;0;1;0;0;0;0;0;1;1;0;0;0;0;0
648055;2.59;0.93;101.00;4326.00;12.75;80.25;40.50;10.59;23.04;13.83;0;2.89;2.82;75982.00;100.00;102.00;49.00;4470.80;1016.11;839.83;6.00;1;0;1;0;0;1;0;0;0;0;0;1;1;0;0;0;0;0
649414;2.93;0.93;101.00;4289.00;12.75;80.25;39.00;11.37;24.52;13.92;1.31;1.50;2.82;75982.00;100.00;101.00;49.00;4505.20;1016.15;839.83;6.00;1;0;1;0;0;1;0;0;0;0;0;1;1;0;0;0;0;0
650890;2.10;1.01;98.00;4162.00;12.75;80.25;45.75;6.67;16.57;14.02;4.20;1.11;2.58;75982.00;98.00;99.00;49.00;4491.00;1016.22;859.36;6.00;1;0;1;0;0;1;0;0;0;0;0;1;1;0;0;0;0;0
652256;2.26;0.88;96.00;4072.00;12.75;80.25;42.00;7.84;20.24;14.02;0.68;1.07;2.58;75982.00;96.00;96.00;49.00;4497.80;1016.26;664.05;6.00;1;0;1;0;0;1;0;0;0;0;0;1;1;0;0;0;0;0
653705;2.02;0.87;93.00;3928.00;12.75;80.25;42.75;7.06;18.64;14.02;0;1.27;2.58;75982.00;93.00;93.00;49.00;4507.80;1016.26;722.65;6.00;1;0;1;0;0;1;0;0;0;0;0;1;1;0;0;0;0;0
655186;2.07;0.89;91.00;3869.00;12.00;80.25;42.00;7.06;18.82;14.02;0.18;1.76;2.58;75982.00;91.00;91.00;49.00;4506.60;1016.26;800.77;6.00;1;0;1;0;0;1;0;0;0;0;0;1;1;0;0;0;0;0
656613;3.47;1.00;88.00;3762.00;12.00;80.25;34.50;13.33;26.50;14.02;1.84;0.74;2.58;75982.00;88.00;89.00;49.00;4534.20;1016.26;742.18;6.00;1;0;1;0;0;1;0;0;0;0;0;1;1;0;0;0;0;0
658081;3.06;0.96;88.00;3776.00;12.00;80.25;36.00;11.37;24.99;14.11;0;2.09;2.58;75982.00;89.00;89.00;49.00;4520.20;1016.26;781.24;6.00;1;0;1;0;0;1;0;0;0;0;0;1;1;0;0;0;0;0
659425;2.42;0.91;87.00;3702.00;12.00;81.00;39.00;7.84;20.90;14.02;1.23;0.70;2.58;75982.00;87.00;88.00;48.00;4521.60;1016.22;312.50;6.00;1;0;1;0;0;1;0;0;0;0;0;1;1;0;0;0;0;0
660894;1.01;1.00;83.00;3654.00;12.00;81.00;42.00;2.35;8.35;14.02;1.72;0.23;2.58;75982.00;84.00;84.00;48.00;4527.00;1016.11;878.90;6.00;1;0;1;0;0;1;0;0;0;0;0;1;1;0;0;0;0;0
662406;1.15;0.95;78.00;3276.00;12.00;81.00;38.25;2.35;9.88;13.92;0.37;0.72;2.82;75982.00;79.00;79.00;48.00;4514.80;1016.15;878.90;6.00;1;0;1;0;0;1;0;0;0;0;0;1;1;0;0;0;0;0
663864;0.69;1.00;73.00;3075.00;12.00;81.00;-30.00;0;0;14.11;0;0;2.58;75982.00;73.00;73.00;48.00;4543.80;1016.11;0;6.00;1;0;1;0;0;1;0;0;0;0;0;1;1;0;0;0;0;0
665252;1.65;1.00;66.00;2750.00;12.00;81.00;30.75;0.78;9.49;14.02;0;1.23;2.58;75982.00;66.00;65.00;48.00;4277.00;1016.15;39.06;6.00;1;0;1;0;0;1;0;0;0;0;0;1;1;0;0;0;0;0
666828;0.76;1.00;60.00;2769.00;12.00;81.75;19.50;0;12.45;14.02;31.31;10.27;2.58;75982.00;61.00;60.00;48.00;4296.40;1016.07;781.24;5.00;1;0;1;0;0;1;0;0;1;0;0;1;1;0;0;0;0;0
668393;0.89;1.00;47.00;2222.00;12.00;81.75;15.00;0;12.52;14.11;7.99;9.84;2.58;75982.00;48.00;48.00;39.00;4528.60;1015.91;39.06;5.00;1;0;1;0;0;1;0;0;1;0;0;1;1;0;0;0;0;0
669913;3.87;1.00;37.00;1877.00;12.00;81.75;-6.75;5.10;10.61;14.11;16.80;54.53;2.58;75982.00;37.00;37.00;48.00;4506.00;1016.15;839.83;4.00;1;0;1;0;0;1;0;0;1;0;0;1;1;0;0;0;0;0
671340;0.78;1.00;26.00;1952.00;12.75;81.75;14.25;0;12.55;14.11;42.83;118.96;2.58;75982.00;27.00;27.00;42.00;4479.80;1016.22;859.36;3.00;1;0;1;0;0;1;0;0;1;0;0;1;1;0;0;0;0;0
672879;1.26;0.96;18.00;1492.00;12.75;81.75;15.00;0;12.36;14.30;138.29;152.06;2.58;75982.00;18.00;18.00;38.00;4527.80;1016.26;839.83;2.00;1;0;1;0;0;1;0;0;1;0;0;1;1;0;0;1;0;0
674330;1.28;0.91;8.00;1270.00;12.75;82.50;14.25;0;12.47;14.30;114.80;160.83;2.58;75982.00;9.00;9.00;39.00;4515.60;1016.26;39.06;1;1;0;1;0;0;1;0;0;1;0;0;1;1;0;0;0;0;0
675818;1.50;0.95;0;1234.00;12.75;82.50;17.25;0;12.99;14.30;75.50;113.82;2.58;75982.00;0;0;40.00;4510.40;1016.26;78.12;1;1;0;1;1;0;1;0;0;1;0;0;1;1;0;0;1;0;0
677219;1.38;0.96;0;1244.00;12.75;82.50;16.50;0;12.79;14.21;153.15;154.60;2.58;75982.00;0;0;38.00;4514.00;1016.26;78.12;1;1;0;1;0;0;1;0;0;1;0;0;0;1;0;0;0;0;0
678738;1.51;1.01;0;1192.00;12.75;82.50;21.00;0;13.57;14.30;184.56;175.16;2.58;75982.00;0;0;40.00;4507.20;1016.26;624.99;1;1;0;1;0;0;1;0;0;1;0;0;1;1;0;0;1;0;0
680181;1.34;0.99;0;1313.00;12.75;82.50;12.00;0;12.02;14.30;123.37;104.51;2.58;75982.00;0;0;39.00;4518.60;1016.26;761.71;1;1;0;1;1;0;1;0;0;1;0;0;1;1;0;0;0;0;0
681674;1.41;0.99;0;1227.00;12.75;83.25;17.25;0;12.85;14.39;91.05;101.60;2.31;75982.00;0;0;38.00;4512.00;1016.26;800.77;1;1;0;1;1;0;1;0;0;1;0;0;1;1;0;0;0;0;0
683155;1.46;0.99;0;1257.00;12.75;83.25;15.00;0;12.35;14.30;72.24;72.81;2.58;75982.00;0;0;37.00;4503.00;1016.26;781.24;1;1;0;1;0;0;1;0;0;1;0;0;1;1;0;0;0;0;0
684700;1.42;1.00;0;1265.00;12.75;83.25;15.00;0;12.36;14.30;73.39;96.24;2.58;75982.00;0;0;39.00;4515.60;1016.26;781.24;1;1;0;1;0;0;1;0;0;1;0;0;1;1;0;0;0;0;0
686212;1.41;0.97;0;1237.00;12.75;84.00;16.50;0;12.65;14.30;104.86;96.61;2.58;75982.00;0;0;37.00;4515.80;1016.26;664.05;1;1;0;1;0;0;1;0;0;1;0;0;1;1;0;0;0;0;0
687662;1.41;0.98;0;1260.00;12.75;84.00;15.00;0;12.36;14.39;67.93;66.69;2.31;75982.00;0;0;38.00;4506.40;1016.26;97.66;1;1;0;1;0;0;1;0;0;1;0;0;1;1;0;0;0;0;0
689135;1.34;0.98;0;1257.00;12.75;84.00;15.00;0;12.33;14.21;37.22;40.19;2.58;75982.00;0;0;37.00;4512.40;1016.26;664.05;1;1;0;1;1;0;1;0;0;1;0;0;1;1;0;0;1;0;0
690630;1.37;0.96;0;1228.00;12.75;84.00;17.25;0;12.71;14.39;19.41;24.12;2.31;75982.00;0;0;37.00;4505.20;1016.26;58.59;1;1;0;1;0;0;1;0;0;1;0;0;1;1;0;0;0;0;0
692199;1.45;1.00;0;1269.00;12.75;84.00;15.00;0;12.29;14.30;10.47;14.37;2.58;75982.00;0;0;37.00;4505.80;1016.26;839.83;1;1;0;1;0;0;1;0;0;1;0;0;1;1;0;0;0;0;0
693753;1.34;0.96;0;1230.00;12.75;84.75;15.75;0;12.40;14.39;5.18;8.22;2.31;75982.00;0;0;37.00;4530.40;1016.26;78.12;1;1;0;1;0;0;1;0;0;1;0;0;1;1;0;0;0;0;0
695226;1.36;0.99;0;1256.00;12.75;84.75;14.25;0;12.26;14.30;17.52;30.39;2.58;75982.00;0;0;37.00;4508.40;1016.26;742.18;1;1;0;1;0;0;1;0;0;1;0;0;1;1;0;0;0;0;0
696791;1.34;0.95;0;1208.00;12.75;84.75;18.00;0;12.80;14.30;7.44;13.69;2.58;75982.00;0;0;37.00;4526.60;1016.26;58.59;1;1;0;1;0;0;1;0;0;1;0;0;1;1;0;0;0;0;0
698205;1.31;0.99;0;1254.00;12.75;84.75;14.25;0;12.18;14.30;3.26;5.80;2.58;75982.00;0;0;36.00;4506.00;1016.26;800.77;1;1;0;1;1;0;1;0;0;1;0;0;1;1;0;0;1;0;0
699695;1.41;0.97;0;1185.00;12.75;84.75;20.25;0;13.09;14.21;1.37;4.37;2.58;75982.00;0;0;37.00;4508.00;1016.26;78.12;1;1;0;1;1;0;1;0;0;1;0;0;1;1;0;0;1;0;0
701167;1.35;1.01;0;1246.00;12.75;84.75;15.00;0;12.21;14.39;2.11;1.70;2.31;75982.00;0;0;36.00;4518.00;1016.26;820.30;1;1;0;1;1;0;1;0;0;1;0;0;1;1;0;0;1;0;0
702785;1.34;0.96;0;1203.00;12.75;84.75;18.00;0;12.75;14.39;0.74;1.93;2.31;75982.00;0;0;36.00;4504.00;1016.26;156.25;1;1;0;1;0;0;1;0;0;1;0;0;1;1;0;0;0;0;0
704349;5.15;1.00;0;2805.00;12.75;84.00;18.75;23.53;38.01;13.92;119.54;132.61;2.82;75982.00;0;0;46.00;4483.00;1016.26;136.72;1;1;0;1;0;0;1;0;0;1;0;0;1;1;0;0;0;0;0
705779;6.94;1.00;41.00;4622.00;12.75;84.00;16.50;43.93;48.44;13.83;160.24;230.18;2.82;75982.00;40.00;42.00;46.00;4572.80;1016.26;937.49;1;1;0;1;0;0;1;0;0;1;0;0;1;1;0;0;0;0;0
707248;7.10;0.97;62.00;4826.00;12.75;83.25;17.25;51.38;49.12;13.92;310.20;325.86;2.82;75982.00;61.00;62.00;47.00;4551.60;1016.26;39.06;2.00;1;0;1;0;0;1;0;0;1;0;0;1;1;0;0;0;0;0
708691;7.39;0.99;77.00;4733.00;12.75;82.50;17.25;55.30;51.54;13.92;349.45;323.53;2.82;75982.00;76.00;77.00;47.00;4590.40;1015.99;117.19;3.00;1;0;1;0;0;1;0;0;0;0;0;1;1;0;0;0;0;0
710173;7.95;1.00;90.00;4613.00;12.75;81.00;16.50;57.65;51.71;14.02;34.43;34.29;2.58;75982.00;88.00;90.00;48.00;4579.20;1015.76;136.72;4.00;1;0;1;0;0;1;0;0;0;0;0;1;1;0;0;0;0;0
711643;7.38;1.00;100.00;4574.00;12.75;80.25;15.75;48.24;48.68;14.02;2.73;4.84;2.58;75982.00;97.00;100.00;49.00;4591.80;1015.72;39.06;5.00;1;0;1;0;0;1;0;0;0;0;0;1;1;0;0;0;0;0
713082;5.66;1.00;105.00;4442.00;12.00;80.25;20.25;33.73;43.33;14.02;0.21;2.03;2.58;75982.00;102.00;105.00;49.00;4627.20;1015.44;39.06;6.00;1;0;1;0;0;1;0;0;0;0;0;1;1;0;0;0;0;0
714576;2.26;0.97;103.00;4427.00;12.00;80.25;45.75;7.45;18.13;14.02;2.19;1.80;2.58;75982.00;103.00;104.00;49.00;4448.80;1015.13;800.77;6.00;1;0;1;0;0;1;0;0;0;0;0;1;1;0;0;0;0;0
716085;3.65;0.99;101.00;4329.00;12.00;80.25;36.00;14.90;27.86;14.02;0;0.35;2.58;75982.00;100.00;102.00;49.00;4575.00;1014.94;800.77;6.00;1;0;1;0;0;1;0;0;0;0;0;1;1;0;0;0;0;0
717512;1.89;0.99;98.00;4209.00;12.00;80.25;46.50;5.88;15.19;14.11;0.88;0;2.58;75982.00;99.00;99.00;49.00;4482.20;1014.97;859.36;6.00;1;0;1;0;0;1;0;0;0;0;0;0;1;0;0;0;0;0
719022;3.66;1.00;97.00;4138.00;12.00;80.25;36.00;14.12;27.50;14.02;0.70;0.90;2.58;75982.00;97.00;98.00;49.00;4566.60;1014.90;898.43;6.00;1;0;1;0;0;1;0;0;0;0;0;1;1;0;0;0;0;0
720504;2.58;0.99;96.00;4074.00;12.00;80.25;42.00;8.24;20.65;13.92;1.19;1.43;2.82;75983.00;96.00;97.00;49.00;4478.60;1014.86;878.90;6.00;1;0;1;0;0;1;0;0;0;0;0;1;1;0;0;0;0;0
721980;2.47;0.98;92.00;3966.00;12.00;80.25;42.00;7.45;19.50;13.92;1.27;0.23;2.82;75983.00;92.00;93.00;49.00;4526.00;1014.90;878.90;6.00;1;0;1;0;0;1;0;0;0;0;0;1;1;0;0;0;0;0
723376;1.78;0.86;88.00;3757.00;12.00;81.00;42.75;5.88;16.29;14.02;0;1.15;2.58;75983.00;88.00;89.00;48.00;4512.40;1014.66;664.05;6.00;1;0;1;0;0;1;0;0;0;0;0;1;1;0;0;0;0;0
724757;1.82;0.97;86.00;3654.00;12.00;81.00;41.25;5.10;15.19;14.02;0.68;2.38;2.58;75983.00;85.00;86.00;48.00;4503.80;1014.66;859.36;6.00;1;0;1;0;0;1;0;0;0;0;0;1;1;0;0;0;0;0
726182;0.91;0.99;81.00;3454.00;12.00;81.00;39.75;1.96;7.89;14.21;0;5.35;2.58;75983.00;81.00;82.00;48.00;4540.40;1014.70;898.43;6.00;1;0;1;0;0;1;0;0;0;0;0;1;1;0;0;0;0;0
727624;0.67;1.00;73.00;3125.00;12.00;81.00;-30.00;0;0;14.02;0.14;0.90;2.58;75983.00;73.00;74.00;48.00;4530.00;1014.54;19.53;6.00;1;0;1;0;0;1;0;0;0;0;0;0;1;0;0;0;0;0
729209;3.08;0.95;70.00;3212.00;12.00;81.00;32.25;10.59;24.69;14.11;1.56;0.29;2.58;75983.00;70.00;70.00;48.00;4395.80;1014.31;898.43;5.00;1;0;1;0;0;1;0;0;0;0;0;1;1;0;0;0;0;0
730740;6.62;1.00;76.00;3922.00;12.00;81.00;15.75;35.30;45.05;14.02;0.66;1.54;2.58;75983.00;74.00;76.00;48.00;4582.20;1014.08;761.71;4.00;1;0;1;0;0;1;0;0;0;0;0;1;1;0;0;0;0;0
732281;6.24;1.03;86.00;4528.00;12.00;81.00;21.00;34.51;43.00;13.92;1.11;1.97;2.82;75983.00;85.00;87.00;48.00;4547.80;1013.96;703.12;4.00;1;0;1;0;0;1;0;0;0;0;0;1;1;0;0;0;0;0
733723;6.74;1.00;91.00;4210.00;12.00;81.00;18.00;33.34;44.23;14.02;0.02;0.18;2.58;75983.00;89.00;91.00;48.00;4574.40;1013.96;664.05;5.00;1;0;1;0;0;1;0;0;0;0;0;1;1;0;0;0;0;0
735261;5.65;1.03;97.00;4504.00;12.00;81.00;23.25;30.98;40.37;14.02;1.80;0;2.58;75983.00;95.00;97.00;48.00;4541.40;1013.76;58.59;5.00;1;0;1;0;0;1;0;0;0;0;0;1;1;0;0;0;0;0
736748;4.38;1.03;97.00;4509.00;12.00;81.00;31.50;20.79;32.53;14.02;1.80;2.83;2.58;75983.00;96.00;98.00;48.00;4513.40;1013.18;820.30;5.00;1;0;1;0;0;1;0;0;0;0;0;1;1;0;0;0;0;0
738249;4.12;0.99;96.00;4455.00;12.00;81.00;33.00;18.83;31.52;14.02;1.17;1.00;2.58;75983.00;96.00;97.00;48.00;4488.40;1013.14;585.93;5.00;1;0;1;0;0;1;0;0;0;0;0;1;1;0;0;0;0;0
739730;3.08;0.98;98.00;4592.00;12.00;81.75;40.50;12.94;24.73;14.02;0;0;2.58;75983.00;95.00;99.00;48.00;4451.60;1012.94;859.36;5.00;1;0;1;0;0;1;0;0;0;0;0;1;1;0;0;0;0;0
741270;5.62;1.06;97.00;4498.00;12.00;81.75;25.50;28.24;39.08;13.92;0;0;2.82;75983.00;93.00;98.00;48.00;4517.00;1012.51;839.83;5.00;1;0;1;0;0;1;0;0;0;0;0;1;1;0;0;0;0;0
742660;5.96;1.00;98.00;4520.00;12.00;81.75;19.50;36.08;43.85;14.02;1.31;3.18;2.58;75983.00;95.00;98.00;48.00;4540.00;1012.16;39.06;5.00;1;0;1;0;0;1;0;0;0;0;0;1;1;0;0;0;0;0
744198;5.42;1.01;97.00;4491.00;12.00;81.75;24.75;29.02;39.77;13.92;4.00;0.25;2.82;75983.00;95.00;98.00;48.00;4539.60;1011.93;761.71;5.00;1;0;1;0;0;1;0;0;0;0;0;1;1;0;0;0;0;0
745656;6.22;0.99;101.00;4656.00;12.00;81.75;19.50;38.04;44.37;14.02;0;0;2.58;75983.00;98.00;102.00;48.00;4529.80;1011.54;39.06;5.00;1;0;1;0;0;1;0;0;0;0;0;1;1;0;0;0;0;0
747145;0;1.00;101.00;4848.00;12.00;81.75;48.75;0.39;7.32;14.02;0.02;0.72;2.58;75983.00;99.00;102.00;48.00;4476.20;1010.99;781.24;5.00;1;0;1;0;0;1;0;0;0;0;0;1;1;0;0;0;0;0
748514;1.20;1.00;96.00;4087.00;12.00;81.75;46.50;3.53;11.96;13.92;0;0;2.82;75983.00;95.00;97.00;48.00;4464.20;1010.52;820.30;6.00;1;0;1;0;0;1;0;0;0;0;0;1;1;0;0;0;0;0
750055;0.59;1.00;82.00;3488.00;12.00;81.75;-30.00;0;0;14.02;0.45;1.43;2.58;75983.00;82.00;83.00;48.00;4483.20;1010.25;0;6.00;1;0;1;0;0;1;0;0;0;0;0;1;1;0;0;0;0;0
751436;0.70;1.00;71.00;2996.00;12.00;81.75;-30.00;0;0;14.11;0;1.35;2.58;75983.00;71.00;71.00;48.00;4437.60;1010.13;0;6.00;1;0;1;0;0;1;0;0;0;0;0;1;1;0;0;0;0;0
752861;0.75;1.00;62.00;2636.00;12.00;82.50;-30.00;0;0;14.11;73.12;123.86;2.58;75983.00;62.00;62.00;47.00;4406.40;1009.90;0;6.00;1;0;1;0;0;1;0;0;0;0;0;1;1;0;0;0;0;0
754284;0.87;1.00;53.00;2247.00;12.00;82.50;15.00;0;12.18;14.11;114.41;219.75;2.58;75983.00;53.00;53.00;37.00;4463.40;1009.54;19.53;6.00;1;0;1;0;0;1;0;0;1;0;0;1;1;0;0;0;0;0
755841;0.99;1.00;45.00;1915.00;12.00;82.50;14.25;0;12.23;14.11;34.49;57.89;2.58;75983.00;45.00;44.00;37.00;4521.80;1009.31;117.19;6.00;1;0;1;0;0;1;0;0;1;0;0;1;1;0;0;0;0;0
757343;0.88;1.00;36.00;2054.00;12.00;82.50;14.25;0;12.32;14.30;91.09;29.16;2.58;75983.00;36.00;37.00;39.00;4519.40;1009.04;820.30;4.00;1;0;1;0;0;1;0;0;1;0;0;1;1;0;0;0;0;0
758772;0.72;1.00;30.00;2201.00;12.00;82.50;14.25;0;12.33;14.11;81.07;126.22;2.58;75983.00;30.00;30.00;39.00;4500.40;1008.92;820.30;4.00;1;0;1;0;0;1;0;0;1;0;0;1;1;0;0;0;0;0
760278;1.34;0.96;18.00;1245.00;12.00;82.50;17.25;0;12.60;14.30;97.49;150.13;2.58;75983.00;19.00;19.00;38.00;4497.80;1008.88;781.24;3.00;1;0;1;0;0;1;0;0;1;0;0;1;1;0;0;0;0;0
761765;1.46;0.91;8.00;1166.00;12.75;82.50;22.50;0;13.49;14.39;207.90;236.59;2.31;75983.00;9.00;9.00;39.00;4520.40;1008.88;78.12;1;1;0;1;0;0;1;0;0;1;0;0;1;1;0;0;0;0;0
763332;1.31;0.93;2.00;1212.00;12.75;83.25;18.00;0;12.89;14.30;187.08;196.92;2.58;75984.00;3.00;3.00;38.00;4504.20;1008.88;39.06;1;1;0;1;0;0;1;0;0;1;0;0;1;1;0;0;0;0;0
764778;1.42;0.97;0;1250.00;12.75;83.25;15.75;0;12.35;14.30;196.02;174.77;2.58;75984.00;0;0;39.00;4504.40;1008.88;97.66;1;1;0;1;1;0;1;0;0;1;0;0;1;1;0;0;1;0;0
766261;1.42;1.00;0;1254.00;12.75;83.25;15.00;0;12.30;14.39;257.72;247.62;2.31;75984.00;0;0;39.00;4510.40;1008.88;39.06;1;1;0;1;0;0;1;0;0;1;0;0;1;1;0;0;0;0;0
767783;1.38;1.02;0;1254.00;12.75;84.00;15.00;0;12.29;14.39;210.85;194.58;2.31;75984.00;0;0;38.00;4524.00;1008.88;703.12;1;1;0;1;0;0;1;0;0;1;0;0;1;1;0;0;0;0;0
769275;7.22;1.00;0;2256.00;12.75;84.00;9.75;27.85;43.16;14.11;122.30;113.84;2.58;75984.00;0;0;46.00;4431.20;1008.88;859.36;1;1;0;1;0;0;1;0;0;1;0;0;1;1;0;0;0;0;0
770781;7.50;0.97;40.00;4433.00;12.75;84.00;18.00;63.54;54.74;14.02;223.35;260.75;2.58;75984.00;39.00;41.00;46.00;4650.60;1008.88;898.43;1;1;0;1;0;0;1;0;0;1;0;0;1;1;0;0;0;0;0
772328;7.38;0.98;62.00;4920.00;12.75;84.00;18.00;63.14;52.36;13.92;343.06;339.70;2.82;75984.00;60.00;63.00;46.00;4530.20;1008.96;19.53;2.00;1;0;1;0;0;1;0;0;1;0;0;1;1;0;0;0;0;0
773821;7.50;0.97;77.00;4761.00;12.75;83.25;18.75;70.20;53.83;13.83;347.67;346.58;2.82;75984.00;75.00;78.00;47.00;4592.00;1008.84;78.12;3.00;1;0;1;0;0;1;0;0;0;0;0;1;1;0;0;0;0;0
775345;7.83;1.00;88.00;4590.00;12.75;82.50;18.00;61.97;52.78;14.02;179.13;179.15;2.58;75984.00;87.00;89.00;47.00;4577.20;1008.49;58.59;4.00;1;0;1;0;0;1;0;0;0;0;0;1;1;0;0;0;0;0
776840;7.89;1.00;97.00;4461.00;12.75;81.00;17.25;61.18;53.13;14.02;12.23;21.01;2.58;75984.00;95.00;97.00;48.00;4570.40;1008.14;97.66;5.00;1;0;1;0;0;1;0;0;0;0;0;1;1;0;0;0;0;0
778383;5.11;1.00;103.00;4395.00;12.75;81.00;23.25;29.42;40.75;14.11;1.35;3.20;2.58;75984.00;101.00;104.00;48.00;4605.00;1007.59;58.59;6.00;1;0;1;0;0;1;0;0;0;0;0;1;1;0;0;0;0;0
779846;2.77;0.93;103.00;4398.00;12.75;81.00;40.50;10.98;23.24;14.02;2.30;1.27;2.58;75984.00;102.00;103.00;48.00;4450.40;1007.08;703.12;6.00;1;0;1;0;0;1;0;0;0;0;0;1;1;0;0;0;0;0
781323;0.70;0.99;97.00;4123.00;12.75;81.00;46.50;1.18;5.95;14.02;0;0;2.58;75984.00;98.00;98.00;48.00;4483.60;1006.69;800.77;6.00;1;0;1;0;0;1;0;0;0;0;0;1;1;0;0;0;0;0
782861;0.58;1.00;88.00;3764.00;12.75;81.00;0;0;0.15;14.02;1.15;1.05;2.58;75984.00;89.00;89.00;48.00;4513.20;1006.50;58.59;6.00;1;0;1;0;0;1;0;0;0;0;0;1;1;0;0;0;0;0
784313;0.59;1.00;82.00;3432.00;12.75;81.00;-30.00;0;0;14.02;0.31;0;2.58;75984.00;82.00;81.00;48.00;4608.80;1006.42;0;6.00;1;0;1;0;0;1;0;0;0;0;0;1;1;0;0;0;0;0
785817;0.70;1.00;71.00;3033.00;12.75;81.00;-30.00;0;0;14.02;0;1.27;2.58;75984.00;72.00;71.00;48.00;4582.40;1006.38;0;6.00;1;0;1;0;0;1;0;0;0;0;0;1;1;0;0;0;0;0
787292;0.87;1.00;56.00;2406.00;12.75;81.00;15.75;0;12.44;14.11;0;2.15;2.58;75984.00;57.00;57.00;53.00;4277.00;1006.38;19.53;6.00;1;0;1;0;0;1;0;0;1;0;0;1;1;0;0;0;0;0
788769;1;1.00;45.00;1893.00;12.75;81.75;14.25;0;12.27;14.21;171.77;19.65;2.58;75984.00;45.00;44.00;38.00;4519.40;1006.38;878.90;6.00;1;0;1;0;0;1;0;0;1;0;0;1;1;0;0;0;0;0
790288;1.17;1.00;36.00;1658.00;12.75;81.75;14.25;0;12.46;14.21;79.78;121.28;2.58;75984.00;37.00;36.00;39.00;4539.60;1006.38;839.83;4.00;1;0;1;0;0;1;0;0;1;0;0;1;1;0;0;0;0;0
791704;1.14;1.00;28.00;1788.00;12.75;81.75;14.25;0;12.27;14.21;81.69;75.64;2.58;75984.00;29.00;29.00;39.00;4497.40;1006.38;859.36;3.00;1;0;1;0;0;1;0;0;1;0;0;1;1;0;0;0;0;0
793227;1.14;0.99;20.00;1568.00;12.75;81.75;14.25;0;12.25;14.30;43.83;41.54;2.58;75984.00;19.00;20.00;39.00;4501.00;1006.38;859.36;2.00;1;0;1;1;0;1;0;0;1;0;0;1;1;0;0;1;0;0
794645;1.32;0.96;10.00;1280.00;12.75;81.75;14.25;0;12.25;14.30;198.25;187.61;2.58;75984.00;11.00;11.00;39.00;4504.40;1006.38;39.06;0;1;0;1;0;0;1;0;0;1;0;0;1;1;0;0;0;0;0
796227;1.47;1.00;5.00;1290.00;12.75;81.75;13.50;0;12.09;14.39;219.79;208.81;2.31;75984.00;5.00;4.00;39.00;4511.40;1006.38;78.12;1;1;0;1;0;0;1;0;0;1;0;0;1;1;0;0;0;0;0
797633;1.35;1.00;0;1266.00;12.75;81.75;15.00;0;12.33;14.39;187.43;172.80;2.31;75984.00;0;0;39.00;4512.80;1006.38;136.72;1;1;0;1;0;0;1;0;0;1;0;0;1;1;0;0;0;0;0
799160;1.42;1.02;0;1256.00;12.75;82.50;15.00;0;12.21;14.21;155.56;104.19;2.58;75984.00;0;0;37.00;4508.20;1006.38;683.59;1;1;0;1;0;0;1;0;0;1;0;0;1;1;0;0;0;0;0
800606;1.43;1.02;0;1260.00;12.75;82.50;15.00;0;12.16;14.30;107.59;76.75;2.58;75984.00;0;0;38.00;4508.80;1006.38;78.12;1;1;0;1;0;0;1;0;0;1;0;0;1;1;0;0;0;0;0
802093;1.39;1.02;0;1245.00;12.75;82.50;16.50;0;12.44;14.30;111.61;101.91;2.58;75984.00;0;0;38.00;4516.80;1006.38;605.46;1;1;0;1;0;0;1;0;0;1;0;0;1;1;0;0;0;0;0
803484;1.35;1.02;0;1295.00;13.50;82.50;12.75;0;12.11;14.39;150.62;188.58;2.31;75984.00;0;0;37.00;4511.80;1006.38;800.77;1;1;0;1;0;0;1;0;0;1;0;0;1;1;0;0;0;0;0
804962;1.32;1.01;0;1251.00;13.50;83.25;14.25;0;12.06;14.39;64.72;93.41;2.31;75984.00;0;0;37.00;4519.00;1006.38;97.66;1;1;0;1;0;0;1;0;0;1;0;0;1;1;0;0;0;0;0
806429;1.53;1.00;0;1190.00;13.50;83.25;20.25;0;13.02;14.39;121.40;146.24;2.31;75984.00;0;0;38.00;4516.20;1006.38;273.43;1;1;0;1;0;0;1;0;0;1;0;0;1;1;0;0;0;0;0
808039;1.44;1.02;0;1285.00;13.50;83.25;12.75;0;11.84;14.39;164.42;117.00;2.31;75984.00;0;0;37.00;4515.60;1006.42;839.83;1;1;0;1;0;0;1;0;0;1;0;0;1;1;0;0;0;0;0
809430;1.49;1.00;0;1249.00;13.50;84.00;15.00;0;12.13;14.39;85.60;61.13;2.31;75984.00;0;0;38.00;4514.00;1006.38;351.56;1;1;0;1;0;0;1;0;0;1;0;0;1;1;0;0;0;0;0
810803;1.29;0.99;0;1262.00;13.50;84.00;14.25;0;12.03;14.39;51.73;45.27;2.31;75984.00;0;0;37.00;4521.60;1006.46;624.99;1;1;0;1;0;0;1;0;0;1;0;0;1;1;0;0;0;0;0
812326;1.44;1.00;0;1240.00;13.50;84.00;16.50;0;12.54;14.30;159.58;119.27;2.58;75984.00;0;0;38.00;4509.60;1006.42;78.12;1;1;0;1;0;0;1;0;0;1;0;0;1;1;0;0;0;0;0
813769;1.31;1.02;0;1326.00;13.50;84.00;11.25;0;11.40;14.39;170.65;209.22;2.31;75984.00;0;0;38.00;4514.40;1006.38;644.52;1;1;0;1;0;0;1;0;0;1;0;0;1;1;0;0;0;0;0
815276;1.44;1.00;0;1212.00;13.50;84.75;17.25;0;12.53;14.30;82.08;114.58;2.58;75984.00;0;0;37.00;4513.60;1006.38;683.59;1;1;0;1;1;0;1;0;0;1;0;0;1;1;0;0;1;0;0
816676;1.26;0.98;0;1296.00;13.50;84.75;12.00;0;11.50;14.39;40.64;49.24;2.31;75984.00;0;0;36.00;4513.60;1006.38;957.02;1;1;0;1;0;0;1;0;0;1;0;0;1;1;0;0;0;0;0
818246;5.38;1.00;16.00;2403.00;13.50;84.75;12.75;23.53;39.49;14.21;180.18;255.41;2.58;75984.00;16.00;17.00;46.00;4469.60;1006.50;488.28;1;1;0;1;0;0;1;0;0;1;0;0;1;1;0;0;0;0;0
819834;8.22;1.00;46.00;3652.00;13.50;84.75;14.25;34.12;45.11;14.02;316.00;325.74;2.58;75984.00;45.00;47.00;46.00;4319.60;1006.65;878.90;2.00;1;0;1;0;0;1;0;0;1;0;0;1;1;0;0;0;0;0
821272;0.12;1.00;65.00;4596.00;13.50;84.00;42.75;0;4.33;13.83;248.11;317.71;2.82;75984.00;64.00;65.00;46.00;4272.80;1006.77;898.43;2.00;1;0;1;0;0;1;0;0;1;0;0;1;1;0;0;0;0;0
822632;4.30;1.00;77.00;4787.00;12.75;83.25;33.75;22.75;32.47;14.11;160.77;180.63;2.58;75984.00;76.00;78.00;47.00;4528.60;1006.61;234.37;3.00;1;0;1;0;0;1;0;0;1;0;0;1;1;0;0;0;0;0
824153;4.02;0.96;85.00;4375.00;12.75;81.75;32.25;18.83;31.88;14.02;149.17;150.30;2.58;75984.00;83.00;85.00;48.00;4566.40;1006.65;117.19;4.00;1;0;1;0;0;1;0;0;0;0;0;1;1;0;0;0;0;0
825547;3.23;0.98;87.00;4553.00;12.75;81.00;39.75;13.33;25.41;14.02;11.48;13.16;2.58;75984.00;86.00;88.00;48.00;4516.20;1006.54;566.40;4.00;1;0;1;0;0;1;0;0;0;0;0;1;1;0;0;0;0;0
826982;1.42;0.99;90.00;4143.00;12.75;81.00;46.50;4.31;11.39;14.02;0.55;0.47;2.58;75984.00;89.00;90.00;48.00;4414.80;1006.50;898.43;5.00;1;0;1;0;0;1;0;0;0;0;0;1;1;0;0;0;0;0
828414;0.61;0.94;87.00;3999.00;12.75;81.00;45.75;0.78;5.37;14.02;0.29;2.05;2.58;75984.00;86.00;87.00;48.00;4527.00;1006.50;898.43;5.00;1;0;1;0;0;1;0;0;0;0;0;1;1;0;0;0;0;0
829901;1.11;0.98;83.00;3813.00;12.75;80.25;39.00;2.75;8.65;14.11;0.37;2.91;2.58;75984.00;82.00;83.00;49.00;4503.00;1006.65;898.43;5.00;1;0;1;0;0;1;0;0;0;0;0;1;1;0;0;0;0;0
831442;1.40;0.93;81.00;3736.00;12.75;81.00;42.75;3.92;12.04;14.02;2.56;1.11;2.58;75984.00;80.00;81.00;48.00;4508.20;1007.12;859.36;5.00;1;0;1;0;0;1;0;0;0;0;0;1;1;0;0;0;0;0
832916;2.88;0.98;82.00;3815.00;12.75;81.00;38.25;9.81;22.80;14.11;0.02;0.29;2.58;75984.00;81.00;83.00;48.00;4537.00;1007.32;859.36;5.00;1;0;1;0;0;1;0;0;0;0;0;1;1;0;0;0;0;0
834399;3.38;0.93;87.00;4030.00;12.75;81.00;34.50;14.90;28.52;14.02;1.66;0;2.58;75984.00;86.00;88.00;48.00;4525.00;1007.59;859.36;5.00;1;0;1;0;0;1;0;0;0;0;0;1;1;0;0;0;0;0
835861;2.58;0.98;92.00;3894.00;12.75;81.00;30.75;8.24;19.78;14.02;2.15;3.12;2.58;75984.00;92.00;92.00;48.00;4465.40;1008.10;859.36;6.00;1;0;1;0;0;1;0;0;0;0;0;1;1;0;0;0;0;0
837268;3.58;0.99;96.00;4098.00;12.75;81.00;38.25;10.98;24.13;13.92;1.70;0.49;2.82;75984.00;95.00;96.00;48.00;4575.20;1008.41;859.36;6.00;1;0;1;0;0;1;0;0;0;0;0;1;1;0;0;0;0;0
838668;1.94;1.00;98.00;4169.00;12.75;81.00;45.00;6.28;15.59;14.02;0.18;0.76;2.58;75984.00;97.00;99.00;48.00;4432.40;1008.69;878.90;6.00;1;0;1;0;0;1;0;0;0;0;0;1;1;0;0;0;0;0
840201;1.98;0.90;98.00;4207.00;12.75;81.00;45.00;7.06;17.53;14.02;3.50;1.66;2.58;75984.00;98.00;99.00;48.00;4537.80;1008.80;253.90;6.00;1;0;1;0;0;1;0;0;0;0;0;1;1;0;0;0;0;0
841595;1;0.87;98.00;4152.00;12.75;81.00;46.50;3.14;9.10;14.02;2.27;1.82;2.58;75984.00;99.00;98.00;48.00;4498.20;1008.96;820.30;6.00;1;0;1;0;0;1;0;0;0;0;0;1;1;0;0;0;0;0
843028;1.10;0.84;98.00;4132.00;12.75;81.00;46.50;3.92;10.52;14.02;0.76;1.35;2.58;75985.00;98.00;99.00;48.00;4516.00;1009.35;761.71;6.00;1;0;1;0;0;1;0;0;0;0;0;1;1;0;0;0;0;0
844484;2.40;1.00;96.00;4003.00;12.75;81.00;44.25;6.67;17.53;14.02;0.57;0;2.58;75985.00;95.00;96.00;48.00;4503.80;1009.78;878.90;6.00;1;0;1;0;0;1;0;0;0;0;0;1;1;0;0;0;0;0
845916;0.61;0.92;96.00;3882.00;12.75;81.00;45.00;1.18;5.82;13.92;2.85;0.27;2.82;75985.00;95.00;96.00;48.00;4525.60;1009.94;898.43;6.00;1;0;1;0;0;1;0;0;0;0;0;1;1;0;0;0;0;0
847395;1.74;0.93;95.00;4023.00;12.75;81.00;45.75;5.49;15.06;14.02;2.73;0.35;2.58;75985.00;94.00;95.00;48.00;4531.20;1010.29;898.43;6.00;1;0;1;0;0;1;0;0;0;0;0;1;1;0;0;0;0;0
848908;0.54;1.00;90.00;3856.00;12.75;81.00;-30.00;0;0;13.92;3.38;1.39;2.82;75985.00;90.00;91.00;48.00;4564.80;1010.91;0;6.00;1;0;1;0;0;1;0;0;0;0;0;0;1;0;0;0;0;0
850417;0.57;1.00;85.00;3930.00;12.75;81.00;-30.00;0;0;13.92;0.76;0;2.82;75985.00;86.00;86.00;48.00;4351.60;1011.15;0;5.00;1;0;1;0;0;1;0;0;0;0;0;1;1;0;0;0;0;0
851933;2.78;1.00;78.00;3665.00;12.75;81.00;15.75;7.84;16.35;14.11;0;2.27;2.58;75985.00;76.00;79.00;48.00;4291.00;1011.58;878.90;5.00;1;0;1;0;0;1;0;0;0;0;0;1;1;0;0;0;0;0
853518;3.71;1.00;83.00;3850.00;12.75;81.00;36.00;12.55;25.64;14.02;0.25;2.56;2.58;75985.00;81.00;84.00;48.00;4540.40;1012.12;917.96;5.00;1;0;1;0;0;1;0;0;0;0;0;1;1;0;0;0;0;0
855080;0;1.00;91.00;4577.00;12.75;81.00;48.00;0.39;7.39;14.02;1.43;1.91;2.58;75985.00;91.00;91.00;48.00;4466.60;1012.40;839.83;5.00;1;0;1;0;0;1;0;0;0;0;0;1;1;0;0;0;0;0
856468;3.34;0.95;97.00;4139.00;12.75;81.00;36.00;13.73;27.03;13.92;0.18;2.09;2.82;75985.00;97.00;98.00;48.00;4509.80;1012.51;878.90;6.00;1;0;1;0;0;1;0;0;0;0;0;1;1;0;0;0;0;0
858012;2.30;1.00;98.00;4156.00;12.75;81.00;44.25;7.06;17.63;14.02;1.66;3.61;2.58;75985.00;97.00;98.00;48.00;4521.20;1012.90;878.90;6.00;1;0;1;0;0;1;0;0;0;0;0;1;1;0;0;0;0;0
859497;1.67;0.88;100.00;4247.00;12.75;81.00;46.50;5.88;15.27;14.02;0;0.02;2.58;75985.00;99.00;100.00;48.00;4524.60;1013.26;644.52;6.00;1;0;1;0;0;1;0;0;0;0;0;1;1;0;0;0;0;0
861086;2.71;0.98;101.00;4293.00;12.00;81.00;42.00;9.41;21.54;14.02;0.41;0.98;2.58;75985.00;100.00;102.00;48.00;4566.40;1013.57;878.90;6.00;1;0;1;0;0;1;0;0;0;0;0;1;1;0;0;0;0;0
862533;1.84;0.93;101.00;4264.00;12.00;81.00;45.75;6.28;15.82;14.11;0;0;2.58;75985.00;101.00;101.00;48.00;4512.40;1013.76;703.12;6.00;1;0;1;0;0;1;0;0;0;0;0;1;1;0;0;0;0;0
864015;1.16;0.89;98.00;4198.00;12.00;81.75;47.25;3.92;10.44;14.11;2.79;3.59;2.58;75985.00;99.00;99.00;48.00;4479.80;1014.47;839.83;6.00;1;0;1;0;0;1;0;0;0;0;0;1;1;0;0;0;0;0
865502;2.41;0.92;98.00;4168.00;12.00;81.75;42.75;8.63;21.02;13.92;0.70;1.00;2.82;75985.00;98.00;98.00;48.00;4545.80;1014.74;722.65;6.00;1;0;1;0;0;1;0;0;0;0;0;1;1;0;0;0;0;0
866941;2.22;0.89;98.00;4175.00;12.00;81.75;42.75;7.84;19.51;14.02;0.70;0.47;2.58;75985.00;98.00;99.00;48.00;4539.40;1014.94;664.05;6.00;1;0;1;0;0;1;0;0;0;0;0;1;1;0;0;0;0;0
868466;2.79;0.89;98.00;4179.00;12.00;81.75;38.25;10.98;24.09;14.02;0.10;0.04;2.58;75985.00;97.00;98.00;48.00;4557.40;1014.97;58.59;6.00;1;0;1;0;0;1;0;0;0;0;0;1;1;0;0;0;0;0
869917;2.22;0.90;98.00;4179.00;12.00;81.75;43.50;7.84;19.50;14.02;0.12;0.39;2.58;75985.00;98.00;99.00;48.00;4511.00;1015.13;97.66;6.00;1;0;1;0;0;1;0;0;0;0;0;1;1;0;0;0;0;0
871420;3.04;0.92;101.00;4290.00;12.00;81.75;38.25;12.55;25.34;14.02;0.53;2.79;2.58;75985.00;100.00;102.00;48.00;4543.60;1015.56;214.84;6.00;1;0;1;0;0;1;0;0;0;0;0;1;1;0;0;0;0;0
872975;1.83;1.00;101.00;4286.00;12.00;81.75;45.00;6.67;17.32;14.02;2.30;0.94;2.58;75985.00;100.00;101.00;48.00;4457.00;1015.76;878.90;6.00;1;0;1;0;0;1;0;0;0;0;0;1;1;0;0;0;0;0
874423;1.38;0.93;97.00;4134.00;12.00;81.75;46.50;4.31;11.86;14.02;0.33;1.46;2.58;75985.00;97.00;98.00;48.00;4495.60;1016.07;859.36;6.00;1;0;1;0;0;1;0;0;0;0;0;1;1;0;0;0;0;0
875962;2.86;0.86;97.00;4123.00;12.00;81.75;37.50;12.16;25.60;14.02;2.03;0.33;2.58;75985.00;95.00;97.00;48.00;4547.20;1016.15;859.36;6.00;1;0;1;0;0;1;0;0;0;0;0;1;1;0;0;0;0;0
877460;1.92;0.92;97.00;4126.00;12.00;81.75;45.00;6.28;16.63;14.02;2.48;2.38;2.58;75985.00;96.00;97.00;48.00;4494.80;1016.22;722.65;6.00;1;0;1;0;0;1;0;0;0;0;0;1;1;0;0;0;0;0
878955;1.60;1.00;96.00;4079.00;12.00;82.50;45.75;4.71;12.83;14.02;115.36;110.87;2.58;75985.00;96.00;96.00;47.00;4487.80;1016.26;898.43;6.00;1;0;1;0;0;1;0;0;0;0;0;1;1;0;0;0;0;0
880471;2.38;0.88;95.00;4025.00;12.00;82.50;41.25;8.24;21.02;14.02;307.01;51.29;2.58;75985.00;94.00;95.00;47.00;4547.40;1016.26;195.31;6.00;1;0;1;0;0;1;0;0;0;0;0;1;1;0;0;0;0;0
881953;1.83;0.86;95.00;3994.00;12.00;82.50;44.25;6.28;16.97;14.02;290.10;240.49;2.58;75986.00;94.00;95.00;47.00;4510.20;1016.26;781.24;6.00;1;0;1;0;0;1;0;0;0;0;0;1;1;0;0;0;0;0
883464;2.22;0.90;96.00;4046.00;12.00;82.50;42.75;7.84;19.56;14.02;338.12;308.12;2.58;75986.00;94.00;96.00;47.00;4520.20;1016.26;800.77;6.00;1;0;1;0;0;1;0;0;0;0;0;1;1;0;0;0;0;0
884956;1.11;1.00;95.00;4011.00;12.00;82.50;46.50;3.14;10.87;14.11;294.18;170.58;2.58;75986.00;94.00;95.00;47.00;4509.40;1016.38;917.96;6.00;1;0;1;0;0;1;0;0;0;0;0;1;1;0;0;0;0;0
886443;0.54;1.00;90.00;3791.00;12.00;82.50;-30.00;0;0;14.02;196.43;176.16;2.58;75986.00;90.00;90.00;47.00;4531.60;1016.81;0;6.00;1;0;1;0;0;1;0;0;0;0;0;1;1;0;0;0;0;0
888001;0.61;1.00;85.00;3569.00;12.00;82.50;-30.00;0;0;14.02;334.78;306.45;2.58;75986.00;85.00;84.00;47.00;4580.40;1017.16;0;6.00;1;0;1;0;0;1;0;0;0;0;0;1;1;0;0;0;0;0
889428;0.74;1.00;72.00;3060.00;12.00;82.50;-30.00;0;0;14.02;344.84;328.06;2.58;75986.00;72.00;72.00;47.00;4565.80;1017.36;0;6.00;1;0;1;0;0;1;0;0;0;0;0;1;1;0;0;0;0;0
890898;2.64;1.00;65.00;2839.00;12.00;82.50;11.25;6.28;15.86;14.02;295.35;232.23;2.58;75986.00;65.00;65.00;47.00;4291.40;1017.59;898.43;6.00;1;0;1;0;0;1;0;0;0;0;0;1;1;0;0;0;0;0
892390;3.18;0.93;70.00;2987.00;12.00;82.50;30.00;11.37;26.10;14.11;253.21;205.10;2.58;75986.00;70.00;71.00;47.00;4501.40;1018.22;136.72;6.00;1;0;1;0;0;1;0;0;0;0;0;1;1;0;0;0;0;0
893788;4.48;1.06;77.00;3299.00;12.00;82.50;24.75;19.22;32.55;14.11;327.85;332.26;2.58;75986.00;76.00;78.00;47.00;4524.60;1018.53;664.05;6.00;1;0;1;0;0;1;0;0;0;0;0;1;1;0;0;0;0;0
895275;3.56;1.00;83.00;3557.00;12.00;82.50;31.50;14.51;27.92;14.02;354.06;351.40;2.58;75986.00;82.00;84.00;47.00;4510.00;1018.65;820.30;6.00;1;0;1;0;0;1;0;0;0;0;0;1;1;0;0;0;0;0
896684;3.32;0.98;88.00;3763.00;12.00;82.50;33.75;12.94;26.44;13.92;294.22;327.09;2.82;75986.00;88.00;89.00;47.00;4531.00;1018.69;859.36;6.00;1;0;1;0;0;1;0;0;0;0;0;1;1;0;0;0;0;0
898125;1.94;0.93;91.00;3852.00;12.00;82.50;43.50;5.88;16.62;14.11;195.10;208.11;2.58;75986.00;90.00;91.00;47.00;4493.00;1018.72;878.90;6.00;1;0;1;0;0;1;0;0;0;0;0;1;1;0;0;0;0;0
899539;1.59;0.82;91.00;3884.00;12.00;82.50;43.50;5.49;15.60;14.02;289.42;297.81;2.58;75986.00;90.00;92.00;47.00;4518.40;1018.72;449.21;6.00;1;0;1;0;0;1;0;0;0;0;0;1;1;0;0;0;0;0
900967;3.06;1.00;92.00;3903.00;12.00;82.50;39.00;10.20;23.03;14.11;340.74;319.45;2.58;75986.00;91.00;92.00;47.00;4532.00;1018.72;898.43;6.00;1;0;1;0;0;1;0;0;0;0;0;1;1;0;0;0;0;0
902440;2.68;0.90;95.00;4009.00;12.00;82.50;38.25;10.20;23.24;14.02;297.77;188.78;2.58;75986.00;93.00;95.00;47.00;4544.00;1018.76;214.84;6.00;1;0;1;0;0;1;0;0;0;0;0;1;1;0;0;0;0;0
903925;2.48;0.87;97.00;4162.00;12.00;82.50;40.50;9.41;22.21;14.02;182.35;162.82;2.58;75986.00;97.00;98.00;47.00;4507.00;1019.15;312.50;6.00;1;0;1;0;0;1;0;0;0;0;0;1;1;0;0;0;0;0
905425;1.34;0.99;96.00;4069.00;12.00;82.50;46.50;3.92;10.33;14.02;254.79;316.50;2.58;75986.00;96.00;97.00;47.00;4492.80;1019.70;917.96;6.00;1;0;1;0;0;1;0;0;0;0;0;1;1;0;0;0;0;0
906974;0.69;0.94;93.00;3958.00;12.00;82.50;45.75;1.18;6.36;14.11;132.08;355.11;2.58;75986.00;93.00;93.00;47.00;4552.60;1019.86;800.77;6.00;1;0;1;0;0;1;0;0;0;0;0;1;1;0;0;0;0;0
908532;0.60;1.00;82.00;3503.00;12.00;81.75;-30.00;0;0;14.02;131.55;216.20;2.58;75986.00;83.00;83.00;48.00;4633.20;1019.94;0;6.00;1;0;1;0;0;1;0;0;0;0;0;1;1;0;0;0;0;0
910052;2.77;0.97;80.00;3413.00;12.00;81.75;29.25;7.84;21.04;14.02;16.42;22.32;2.58;75986.00;80.00;81.00;48.00;4381.40;1020.05;878.90;6.00;1;0;1;0;0;1;0;0;0;0;0;1;1;0;0;0;0;0
911550;2.78;0.93;85.00;3581.00;12.00;81.75;36.00;9.81;23.63;14.11;1.80;3.55;2.58;75986.00;83.00;85.00;48.00;4518.40;1020.68;546.87;6.00;1;0;1;0;0;1;0;0;0;0;0;1;1;0;0;0;0;0
913051;4.66;1.00;90.00;3819.00;12.00;81.75;27.00;21.18;34.71;14.02;1.31;1.84;2.58;75986.00;88.00;90.00;48.00;4573.40;1020.99;644.52;6.00;1;0;1;0;0;1;0;0;0;0;0;1;1;0;0;0;0;0
914530;2.44;1.00;92.00;3922.00;12.00;81.75;41.25;7.84;20.37;14.02;0.82;1.66;2.58;75986.00;92.00;93.00;48.00;4454.20;1021.11;917.96;6.00;1;0;1;0;0;1;0;0;0;0;0;1;1;0;0;0;0;0
916059;0.59;0.97;91.00;3835.00;12.00;81.75;45.00;0.39;5.30;14.02;1.74;2.68;2.58;75986.00;91.00;91.00;48.00;4578.80;1021.15;878.90;6.00;1;0;1;0;0;1;0;0;0;0;0;1;1;0;0;0;0;0
917555;0.61;1.00;86.00;3622.00;12.00;81.75;-30.00;0;0;14.02;0.74;1.19;2.58;75986.00;86.00;86.00;48.00;4640.80;1021.30;0;6.00;1;0;1;0;0;1;0;0;0;0;0;1;1;0;0;0;0;0
919012;0.62;1.00;83.00;3479.00;12.00;81.00;-30.00;0;0;14.11;0;0;2.58;75986.00;83.00;83.00;48.00;4469.60;1021.65;0;6.00;1;0;1;0;0;1;0;0;0;0;0;1;1;0;0;0;0;0
920437;2.54;0.99;81.00;3462.00;12.00;81.00;22.50;6.67;17.37;14.11;0;0;2.58;75986.00;80.00;81.00;48.00;4333.80;1022.08;878.90;6.00;1;0;1;0;0;1;0;0;0;0;0;1;1;0;0;0;0;0
921960;3.97;0.96;87.00;3696.00;12.00;81.00;27.75;19.22;32.96;13.92;0;0.23;2.82;75987.00;87.00;88.00;48.00;4519.60;1022.32;820.30;6.00;1;0;1;0;0;1;0;0;0;0;0;1;1;0;0;0;0;0
923475;4.87;0.97;93.00;3965.00;12.00;81.00;25.50;23.14;37.40;14.02;3.07;1.54;2.58;75987.00;92.00;93.00;48.00;4564.00;1022.40;644.52;6.00;1;0;1;0;0;1;0;0;0;0;0;1;1;0;0;0;0;0
924968;3.89;0.97;98.00;4156.00;12.00;81.00;33.00;16.47;30.55;14.02;0.70;1.13;2.58;75987.00;98.00;99.00;48.00;4521.20;1022.59;546.87;6.00;1;0;1;0;0;1;0;0;0;0;0;1;1;0;0;0;0;0
926450;2.69;0.96;101.00;4259.00;12.00;81.00;40.50;10.20;22.96;13.92;0.55;0.72;2.82;75987.00;100.00;101.00;48.00;4480.40;1022.94;898.43;6.00;1;0;1;0;0;1;0;0;0;0;0;1;1;0;0;0;0;0
927962;2.43;0.90;100.00;4174.00;12.00;81.00;42.75;7.84;19.38;14.02;0;0.16;2.58;75987.00;99.00;100.00;48.00;4527.60;1023.26;878.90;6.00;1;0;1;0;0;1;0;0;0;0;0;1;1;0;0;0;0;0
929452;2.68;0.91;98.00;4215.00;12.00;81.00;41.25;9.02;21.84;14.11;5.59;4.49;2.58;75987.00;98.00;99.00;48.00;4539.80;1023.53;664.05;6.00;1;0;1;0;0;1;0;0;0;0;0;1;1;0;0;0;0;0
930945;1.62;0.97;95.00;4026.00;12.00;81.00;45.75;4.71;13.27;14.02;2.07;2.66;2.58;75987.00;95.00;95.00;48.00;4493.00;1023.65;898.43;6.00;1;0;1;0;0;1;0;0;0;0;0;1;1;0;0;0;0;0
932385;1.69;0.92;92.00;3890.00;12.00;81.75;44.25;5.10;14.33;14.11;0.23;0.33;2.58;75987.00;91.00;92.00;48.00;4518.80;1023.69;898.43;6.00;1;0;1;0;0;1;0;0;0;0;0;1;1;0;0;0;0;0
933743;1.17;0.87;88.00;3819.00;12.00;81.75;43.50;3.53;10.67;14.02;0.25;0;2.58;75987.00;89.00;89.00;48.00;4509.60;1023.69;761.71;6.00;1;0;1;0;0;1;0;0;0;0;0;1;1;0;0;0;0;0
935174;1.93;0.85;86.00;3686.00;12.00;81.75;41.25;6.28;18.09;14.02;0.18;0.57;2.58;75987.00;86.00;86.00;48.00;4495.80;1023.69;410.15;6.00;1;0;1;0;0;1;0;0;0;0;0;1;1;0;0;0;0;0
936644;1.56;0.84;85.00;3604.00;12.00;81.75;41.25;5.10;14.88;14.11;0.33;6.68;2.58;75987.00;85.00;86.00;48.00;4521.20;1023.69;703.12;6.00;1;0;1;0;0;1;0;0;0;0;0;1;1;0;0;0;0;0
937989;1.33;1.00;82.00;3515.00;12.00;81.75;39.75;3.14;10.57;14.02;0;1.00;2.58;75987.00;82.00;83.00;48.00;4514.80;1023.69;878.90;6.00;1;0;1;0;0;1;0;0;0;0;0;1;1;0;0;0;0;0
939522;1.33;0.94;80.00;3424.00;12.00;81.75;39.00;3.53;11.41;14.11;0.90;2.11;2.58;75987.00;80.00;80.00;48.00;4488.20;1023.69;898.43;6.00;1;0;1;0;0;1;0;0;0;0;0;1;1;0;0;0;0;0
941002;1.52;0.94;78.00;3319.00;12.00;81.75;38.25;3.92;13.05;14.11;0.21;2.44;2.58;75987.00;78.00;78.00;48.00;4504.80;1023.76;820.30;6.00;1;0;1;0;0;1;0;0;0;0;0;1;1;0;0;0;0;0
942487;1.61;0.85;77.00;3284.00;12.00;81.75;38.25;4.71;15.28;14.11;0.21;1.50;2.58;75987.00;77.00;77.00;48.00;4522.00;1023.72;136.72;6.00;1;0;1;0;0;1;0;0;0;0;0;1;1;0;0;0;0;0
943966;2.33;0.97;76.00;3243.00;12.00;82.50;36.75;6.28;19.06;14.11;0.25;0.31;2.58;75987.00;76.00;76.00;47.00;4523.80;1023.76;859.36;6.00;1;0;1;0;0;1;0;0;0;0;0;1;1;0;0;0;0;0
945422;1.42;0.88;75.00;3196.00;12.00;82.50;36.75;3.92;13.08;14.02;26.97;134.80;2.58;75987.00;75.00;75.00;47.00;4523.20;1023.72;97.66;6.00;1;0;1;0;0;1;0;0;0;0;0;1;1;0;0;0;0;0
946879;1.58;0.90;72.00;3130.00;12.00;82.50;35.25;4.31;14.27;14.11;260.39;326.11;2.58;75987.00;73.00;73.00;47.00;4514.60;1023.72;58.59;6.00;1;0;1;0;0;1;0;0;0;0;0;1;1;0;0;0;0;0
948408;2.26;0.91;72.00;3098.00;12.00;82.50;34.50;6.67;19.82;14.02;261.66;302.91;2.58;75987.00;72.00;73.00;47.00;4597.20;1023.80;566.40;6.00;1;0;1;0;0;1;0;0;0;0;0;1;1;0;0;0;0;0
949835;0.74;1.00;66.00;3066.00;12.00;82.50;-30.00;0;0;14.11;287.66;261.02;2.58;75987.00;67.00;67.00;47.00;4302.60;1024.00;0;5.00;1;0;1;0;0;1;0;0;0;0;0;1;1;0;0;0;0;0
951353;0.78;1.00;61.00;2846.00;12.00;82.50;-30.00;0;0;14.11;212.53;218.21;2.58;75987.00;62.00;61.00;47.00;4238.40;1023.92;19.53;5.00;1;0;1;0;0;1;0;0;0;0;0;1;1;0;0;0;0;0
952777;1.16;1.00;58.00;2513.00;12.00;83.25;3.00;0;10.69;14.21;308.83;313.98;2.58;75987.00;59.00;58.00;75.00;4249.00;1024.00;39.06;4.00;1;0;1;0;0;1;0;0;1;0;0;1;1;0;0;0;0;0
954291;0.81;1.00;52.00;2702.00;12.00;83.25;-30.00;0;0;14.21;312.46;346.74;2.58;75987.00;52.00;52.00;47.00;4267.20;1024.19;0;4.00;1;0;1;0;0;1;0;0;1;0;0;1;1;0;0;0;0;0
955742;0.88;1.00;46.00;2412.00;12.00;83.25;15.75;0;12.38;14.11;265.67;144.07;2.58;75987.00;46.00;46.00;39.00;4468.40;1024.54;917.96;4.00;1;0;1;0;0;1;0;0;1;0;0;1;1;0;0;0;0;0
957279;2.52;0.97;45.00;2802.00;12.00;83.25;30.75;5.88;20.60;14.11;221.57;189.46;2.58;75987.00;45.00;45.00;47.00;4474.00;1024.58;859.36;3.00;1;0;1;0;0;1;0;0;1;0;0;1;1;0;0;0;0;0
958708;1.09;1.00;48.00;2925.00;12.00;83.25;33.00;1.18;8.91;14.11;343.73;324.51;2.58;75987.00;49.00;49.00;47.00;4536.00;1024.58;917.96;3.00;1;0;1;0;0;1;0;0;1;0;0;1;1;0;0;0;0;0
960190;1.62;0.96;46.00;2901.00;12.00;83.25;32.25;2.75;13.12;14.21;237.64;261.84;2.58;75987.00;46.00;47.00;47.00;4514.20;1024.74;878.90;3.00;1;0;1;0;0;1;0;0;1;0;0;1;1;0;0;0;0;0
961721;1.47;0.94;48.00;3017.00;12.00;83.25;34.50;2.75;12.41;14.21;329.12;339.67;2.58;75987.00;49.00;49.00;47.00;4514.00;1024.86;878.90;3.00;1;0;1;0;0;1;0;0;1;0;0;1;1;0;0;0;0;0
963151;1.30;0.89;47.00;2968.00;12.00;83.25;33.75;2.35;11.72;14.02;355.66;360.39;2.58;75987.00;48.00;48.00;47.00;4511.00;1024.74;859.36;3.00;1;0;1;0;0;1;0;0;1;0;0;1;1;0;0;0;0;0
964710;1.56;0.86;47.00;2901.00;12.00;83.25;33.00;3.53;14.48;14.11;354.06;356.05;2.58;75987.00;47.00;47.00;47.00;4507.80;1024.74;39.06;3.00;1;0;1;0;0;1;0;0;1;0;0;1;1;0;0;0;0;0
966190;1.49;0.91;47.00;2875.00;12.00;83.25;32.25;2.75;12.89;14.11;335.00;331.72;2.58;75987.00;47.00;47.00;47.00;4524.40;1024.74;859.36;3.00;1;0;1;0;0;1;0;0;1;0;0;1;1;0;0;0;0;0
967618;1.79;1.00;45.00;1641.00;12.00;83.25;5.25;0;13.42;14.30;295.00;307.52;2.58;75987.00;45.00;45.00;73.00;4274.20;1024.78;859.36;3.00;1;0;1;0;0;1;0;0;1;0;0;1;1;0;0;0;0;0
969053;1.30;0.99;41.00;1435.00;12.00;83.25;15.00;0;12.29;14.39;120.91;139.66;2.31;75987.00;42.00;41.00;36.00;4504.00;1024.82;898.43;3.00;1;0;1;0;0;1;0;0;1;0;0;1;1;0;0;0;0;0
970523;1.18;0.99;36.00;1632.00;12.00;83.25;14.25;0;12.33;14.21;40.33;42.48;2.58;75987.00;36.00;36.00;37.00;4509.20;1024.82;839.83;3.00;1;0;1;0;0;1;0;0;1;0;0;1;1;0;0;0;0;0
972009;1.10;1.00;27.00;1731.00;12.00;83.25;15.00;0;12.21;14.30;12.66;11.87;2.58;75988.00;28.00;28.00;38.00;4497.40;1024.70;878.90;3.00;1;0;1;1;0;1;0;0;1;0;0;1;1;0;0;0;0;0
973506;1.27;0.99;21.00;1431.00;12.00;83.25;14.25;0;12.29;14.39;5.92;5.16;2.31;75988.00;21.00;21.00;36.00;4489.20;1024.62;878.90;2.00;1;0;1;0;0;1;0;0;1;0;0;1;1;0;0;1;0;0
974918;1.37;0.95;13.00;1269.00;12.00;83.25;14.25;0;12.29;14.30;2.73;3.77;2.58;75988.00;14.00;14.00;37.00;4517.60;1024.51;820.30;0;1;0;1;0;0;1;0;0;1;0;0;1;1;0;0;1;0;0
976457;1.35;0.90;7.00;1250.00;12.00;83.25;15.00;0;12.35;14.30;3.46;3.01;2.58;75988.00;7.00;7.00;37.00;4520.80;1024.35;58.59;0;1;0;1;0;0;1;0;0;1;0;0;1;1;0;0;1;0;0
977848;1.38;0.95;0;1249.00;12.00;83.25;15.75;0;12.40;14.39;1.37;1.27;2.31;75988.00;0;0;36.00;4507.20;1024.39;97.66;0;1;0;1;0;0;1;0;0;1;0;0;1;1;0;0;1;0;0
979338;1.33;0.95;0;1266.00;12.00;83.25;13.50;0;11.93;14.30;6.41;7.93;2.58;75988.00;0;0;35.00;4505.20;1024.15;58.59;0;1;0;1;0;0;1;0;0;1;0;0;1;1;0;0;1;0;0
980750;1.46;0.99;0;1168.00;12.00;84.00;22.50;0;13.32;14.39;5.23;8.42;2.31;75988.00;0;0;36.00;4496.00;1024.27;39.06;0;1;0;1;0;0;1;0;0;1;0;0;1;1;0;0;1;0;0
982135;1.39;1.02;0;1292.00;12.00;84.00;12.00;0;11.68;14.39;7.99;13.73;2.31;75988.00;0;0;35.00;4509.00;1024.08;859.36;0;1;0;1;0;0;1;0;0;1;0;0;1;1;0;0;1;0;0
983672;1.36;0.97;0;1258.00;12.00;84.00;14.25;0;12.06;14.21;69.57;68.16;2.58;75988.00;0;0;35.00;4516.80;1024.31;761.71;0;1;0;1;0;0;1;0;0;1;0;0;1;1;0;0;1;0;0
985127;1.38;0.95;0;1236.00;12.00;84.00;16.50;0;12.33;14.11;83.49;84.60;2.58;75988.00;0;0;35.00;4520.20;1024.15;58.59;0;1;0;1;0;0;1;0;0;1;0;0;1;1;0;0;1;0;0
986556;1.42;0.99;0;1256.00;12.00;84.00;15.00;0;12.11;14.11;70.15;52.32;2.58;75988.00;0;0;36.00;4516.00;1024.15;410.15;0;1;0;1;0;0;1;0;0;1;0;0;1;1;0;0;1;0;0
988047;1.44;0.99;0;1164.00;12.75;84.75;22.50;0;13.22;14.21;76.62;77.12;2.58;75988.00;0;0;35.00;4506.40;1024.19;58.59;0;1;0;1;0;0;1;0;0;1;0;0;1;1;0;0;1;0;0
989476;1.37;1.01;0;1235.00;12.75;84.75;15.00;0;12.06;14.30;185.26;60.37;2.58;75988.00;0;0;35.00;4512.60;1024.35;742.18;0;1;0;1;0;0;1;0;0;1;0;0;1;1;0;0;1;0;0
990979;1.36;1.00;0;1271.00;12.75;84.75;13.50;0;11.82;14.39;207.15;66.21;2.31;75988.00;0;0;35.00;4518.00;1024.19;683.59;0;1;0;1;0;0;1;0;0;1;0;0;1;1;0;0;1;0;0
992457;1.33;1.00;0;1252.00;12.75;84.75;14.25;0;11.90;14.39;223.33;140.46;2.31;75988.00;0;0;34.00;4506.80;1024.31;878.90;0;1;0;1;0;0;1;0;0;1;0;0;1;1;0;0;1;0;0
993899;1.36;0.95;0;1255.00;12.75;84.75;14.25;0;11.85;14.21;280.98;144.39;2.58;75988.00;0;0;34.00;4503.40;1024.54;156.25;0;1;0;1;0;0;1;0;0;1;0;0;1;1;0;0;1;0;0
995371;1.26;0.94;0;1257.00;12.75;84.75;14.25;0;11.79;14.21;315.86;193.52;2.58;75988.00;0;0;34.00;4513.20;1024.47;39.06;0;1;0;1;0;0;1;0;0;1;0;0;1;1;0;0;1;0;0
996772;1.32;0.99;0;1243.00;12.75;84.75;15.00;0;11.37;14.21;319.02;188.19;2.58;75988.00;0;0;34.00;4528.40;1024.31;156.25;0;1;0;1;0;0;1;0;0;1;0;0;1;1;0;0;1;0;0
998263;1.25;0.98;0;1279.00;12.75;84.75;12.75;0;11.51;14.30;315.84;182.47;2.58;75988.00;0;0;34.00;4520.40;1024.35;859.36;0;1;0;1;0;0;1;0;0;1;0;0;1;1;0;0;1;0;0
999624;1.38;0.96;0;1215.00;12.75;84.75;17.25;0;12.27;14.39;289.77;288.67;2.31;75988.00;0;0;34.00;4521.80;1024.31;58.59;0;1;0;1;0;0;1;0;0;1;0;0;1;1;0;0;1;0;0
1001120;1.34;0.99;0;1249.00;12.75;84.75;15.00;0;11.87;14.39;331.54;244.22;2.31;75988.00;0;0;34.00;4516.80;1024.19;878.90;0;1;0;1;0;0;1;0;0;1;0;0;1;1;0;0;1;0;0
1002667;1.28;0.95;0;1217.00;12.75;84.75;17.25;0;12.24;14.21;222.19;195.16;2.58;75988.00;0;0;34.00;4488.60;1024.31;78.12;0;1;0;1;0;0;1;0;0;1;0;0;1;1;0;0;1;0;0
1004160;1.37;1.00;0;1222.00;12.75;84.75;16.50;0;12.14;14.21;226.72;210.67;2.58;75988.00;0;0;34.00;4520.20;1024.35;507.81;0;1;0;1;0;0;1;0;0;1;0;0;1;1;0;0;1;0;0
1005600;1.34;0.97;0;1252.00;12.75;84.75;15.00;0;11.93;14.21;222.23;235.06;2.58;75988.00;0;0;35.00;4517.60;1024.43;761.71;0;1;0;1;0;0;1;0;0;1;0;0;1;1;0;0;1;0;0
1007021;1.33;0.96;0;1211.00;12.75;84.75;17.25;0;12.35;14.21;247.13;302.93;2.58;75988.00;0;0;35.00;4513.80;1024.47;78.12;0;1;0;1;0;0;1;0;0;1;0;0;1;1;0;0;1;0;0
1008440;1.42;1.00;0;1186.00;12.75;84.75;20.25;0;12.82;14.11;257.50;292.36;2.58;75988.00;0;0;35.00;4509.40;1024.47;664.05;0;1;0;1;0;0;1;0;0;1;0;0;1;1;0;0;1;0;0
1009881;1.33;0.98;0;1245.00;12.75;84.75;14.25;0;11.88;14.39;281.78;250.20;2.31;75988.00;0;0;34.00;4525.80;1024.31;624.99;0;1;0;1;0;0;1;0;0;1;0;0;1;1;0;0;1;0;0
1011414;1.32;0.96;0;1263.00;12.75;84.00;13.50;0;11.73;14.39;331.91;228.46;2.31;75988.00;0;0;34.00;4514.80;1024.31;97.66;0;1;0;1;0;0;1;0;0;1;0;0;1;1;0;0;1;0;0
1012762;1.30;0.99;0;1248.00;12.75;84.00;15.00;0;11.90;14.39;289.61;270.31;2.31;75988.00;0;0;34.00;4506.40;1024.31;839.83;0;1;0;1;0;0;1;0;0;1;0;0;1;1;0;0;1;0;0
1014265;1.31;0.95;0;1243.00;12.75;84.00;16.50;0;12.17;14.21;300.29;221.74;2.58;75988.00;0;0;34.00;4513.00;1024.27;58.59;0;1;0;1;0;0;1;0;0;1;0;0;1;1;0;0;1;0;0
1015557;1.32;0.99;0;1255.00;12.75;84.00;15.00;0;11.90;14.30;289.45;253.21;2.58;75988.00;0;0;35.00;4501.80;1024.27;839.83;0;1;0;1;0;0;1;0;0;1;0;0;1;1;0;0;1;0;0
1017108;1.34;0.96;0;1168.00;12.75;84.00;22.50;0;13.03;14.11;313.34;300.43;2.58;75988.00;0;0;34.00;4514.00;1024.54;58.59;0;1;0;1;0;0;1;0;0;1;0;0;1;1;0;0;1;0;0
1018531;1.46;1.00;0;1202.00;12.75;84.00;19.50;0;12.75;14.11;337.75;333.63;2.58;75988.00;0;0;35.00;4516.80;1024.27;136.72;0;1;0;1;0;0;1;0;0;1;0;0;1;1;0;0;1;0;0
1020029;1.34;1.01;0;1289.00;12.75;84.00;12.75;0;11.69;14.21;321.01;331.87;2.58;75988.00;0;0;35.00;4527.40;1024.35;878.90;0;1;0;1;0;0;1;0;0;1;0;0;1;1;0;0;1;0;0
1021451;1.35;0.99;0;1232.00;12.75;84.00;16.50;0;12.33;14.39;257.21;243.25;2.31;75988.00;0;0;35.00;4530.20;1024.39;839.83;0;1;0;1;0;0;1;0;0;1;0;0;1;1;0;0;1;0;0
1022806;1.27;0.95;0;1250.00;12.75;84.00;15.00;0;12.04;14.30;297.95;303.48;2.58;75988.00;0;0;35.00;4516.60;1024.47;820.30;0;1;0;1;0;0;1;0;0;1;0;0;1;1;0;0;1;0;0
1024342;1.32;0.95;0;1249.00;12.75;84.00;16.50;0;12.32;14.39;329.84;238.40;2.31;75988.00;0;0;36.00;4503.00;1024.58;78.12;0;1;0;1;0;0;1;0;0;1;0;0;1;1;0;0;1;0;0
1025685;1.30;0.99;0;1281.00;12.75;84.00;13.50;0;11.88;14.39;165.56;180.85;2.31;75988.00;0;0;36.00;4506.00;1024.51;78.12;0;1;0;1;0;0;1;0;0;1;0;0;1;1;0;0;1;0;0
1027098;1.31;1.00;0;1248.00;12.75;84.00;15.00;0;12.06;14.39;137.57;168.95;2.31;75988.00;0;0;35.00;4459.80;1024.39;937.49;1;1;0;1;0;0;1;0;0;1;0;0;1;1;0;0;0;0;0
1028729;5.14;1.00;20.00;2254.00;12.75;84.00;12.75;18.43;37.51;14.11;294.88;285.12;2.58;75988.00;19.00;20.00;46.00;4432.60;1024.51;664.05;1;1;0;1;0;0;1;0;0;1;0;0;1;1;0;0;0;0;0
1030331;4.74;1.00;38.00;3026.00;12.75;84.00;27.00;15.30;31.27;14.02;195.71;326.78;2.58;75988.00;38.00;39.00;46.00;4268.20;1024.43;839.83;2.00;1;0;1;0;0;1;0;0;1;0;0;1;1;0;0;0;0;0
1031793;2.93;0.92;48.00;3829.00;12.75;84.75;37.50;10.20;24.92;14.11;246.21;226.96;2.58;75988.00;48.00;49.00;46.00;4526.00;1024.23;878.90;2.00;1;0;1;0;0;1;0;0;1;0;0;1;1;0;0;0;0;0
1033283;0.59;1.00;47.00;3652.00;12.75;84.75;-30.00;0;0;14.11;273.77;290.70;2.58;75988.00;48.00;47.00;46.00;4596.20;1023.92;19.53;2.00;1;0;1;0;0;1;0;0;0;0;0;1;1;0;0;0;0;0
1034763;0.67;1.00;40.00;3032.00;12.75;84.75;-30.00;0;0;14.11;331.17;349.41;2.58;75988.00;40.00;39.00;46.00;4599.60;1023.84;0;2.00;1;0;1;0;0;1;0;0;1;0;0;1;1;0;0;0;0;0
1036103;0.90;1.00;35.00;2685.00;12.75;84.75;12.75;0;12.35;14.11;260.47;292.17;2.58;75988.00;35.00;35.00;46.00;4402.80;1023.84;507.81;2.00;1;0;1;0;0;1;0;0;1;0;0;1;1;0;0;0;0;0
1037628;0.83;1.00;30.00;2385.00;12.75;84.00;15.75;0;12.23;14.02;103.96;113.74;2.58;75988.00;30.00;30.00;37.00;4499.40;1023.76;58.59;2.00;1;0;1;0;0;1;0;0;1;0;0;1;1;0;0;0;0;0
1039166;0.96;1.00;25.00;1975.00;12.75;84.00;14.25;0;12.31;14.11;69.84;48.49;2.58;75988.00;26.00;25.00;36.00;4505.80;1023.72;97.66;2.00;1;0;1;0;0;1;0;0;1;0;0;1;1;0;0;0;0;0
1040670;1.03;1.00;22.00;1814.00;12.75;84.00;14.25;0;12.20;14.21;28.05;21.03;2.58;75988.00;23.00;23.00;35.00;4523.80;1023.72;820.30;2.00;1;0;1;0;0;1;0;0;1;0;0;1;1;0;0;0;0;0
1042171;1.18;0.95;20.00;1619.00;12.75;84.00;15.00;0;12.26;14.30;11.66;9.37;2.58;75988.00;20.00;20.00;36.00;4503.00;1023.72;878.90;2.00;1;0;1;0;0;1;0;0;1;0;0;1;1;0;0;0;0;0
1043657;1.22;0.91;18.00;1371.00;12.75;84.00;15.00;0;12.18;14.39;9.47;11.89;2.31;75988.00;19.00;19.00;36.00;4500.20;1023.72;839.83;2.00;1;0;1;0;0;1;0;0;1;0;0;1;1;0;0;0;0;0
1045165;1.15;0.89;18.00;1317.00;12.75;84.00;13.50;0;12.03;14.21;3.75;4.73;2.58;75988.00;18.00;18.00;36.00;4509.40;1023.72;39.06;2.00;1;0;1;0;0;1;0;0;1;0;0;1;1;0;0;1;0;0
1046716;1.29;0.93;17.00;1238.00;12.75;84.00;16.50;0;12.54;14.39;3.22;3.24;2.31;75988.00;18.00;17.00;37.00;4498.40;1023.72;58.59;2.00;1;0;1;0;0;1;0;0;1;0;0;1;1;0;0;0;0;0
1048279;2.62;0.98;20.00;1965.00;12.75;84.00;11.25;4.31;17.29;14.11;14.16;60.48;2.58;75988.00;20.00;20.00;46.00;4514.60;1023.72;58.59;2.00;1;0;1;0;0;1;0;0;1;0;0;1;1;0;0;0;0;0
1049828;2.49;1.00;25.00;1998.00;12.75;84.75;17.25;3.53;18.13;14.11;91.99;134.19;2.58;75988.00;25.00;25.00;46.00;4503.00;1023.72;703.12;2.00;1;0;1;0;0;1;0;0;1;0;0;1;1;0;0;0;0;0
1051420;0.88;1.00;27.00;2142.00;12.75;84.75;15.00;0;12.20;14.11;140.28;170.99;2.58;75988.00;28.00;27.00;35.00;4508.40;1023.72;78.12;2.00;1;0;1;0;0;1;0;0;1;0;0;1;1;0;0;0;0;0
1052873;1.29;1.02;25.00;1949.00;12.75;84.75;17.25;0.39;12.80;14.21;192.39;171.59;2.58;75988.00;25.00;25.00;46.00;4509.60;1023.72;878.90;2.00;1;0;1;0;0;1;0;0;1;0;0;1;1;0;0;0;0;0
1054386;1.58;0.99;23.00;1990.00;12.75;84.75;16.50;1.57;11.84;14.11;111.87;102.08;2.58;75988.00;23.00;23.00;46.00;4501.60;1023.80;898.43;2.00;1;0;1;0;0;1;0;0;1;0;0;1;1;0;0;0;0;0
1055762;4.22;1.00;30.00;2409.00;12.75;84.75;21.00;12.55;31.78;14.21;122.84;85.70;2.58;75988.00;31.00;31.00;46.00;4404.80;1023.92;859.36;2.00;1;0;1;0;0;1;0;0;1;0;0;1;1;0;0;0;0;0
1057228;3.27;0.96;42.00;3342.00;12.75;84.75;34.50;9.02;24.65;14.21;265.96;321.29;2.58;75988.00;43.00;43.00;46.00;4659.20;1024.04;39.06;2.00;1;0;1;0;0;1;0;0;1;0;0;1;1;0;0;0;0;0
1058796;0.93;1.00;45.00;2694.00;12.75;84.75;29.25;0.39;8.10;14.02;342.75;346.54;2.58;75988.00;45.00;45.00;46.00;4443.40;1024.15;898.43;3.00;1;0;1;0;0;1;0;0;1;0;0;1;1;0;0;0;0;0
1060178;0.87;1.00;41.00;2529.00;12.75;84.75;12.00;0;12.20;14.11;311.48;343.77;2.58;75988.00;41.00;41.00;46.00;4509.80;1024.12;703.12;3.00;1;0;1;0;0;1;0;0;1;0;0;1;1;0;0;0;0;0
1061637;1.86;0.96;40.00;2498.00;12.75;84.75;25.50;3.14;15.16;14.11;237.48;209.05;2.58;75988.00;40.00;40.00;46.00;4502.40;1024.12;878.90;3.00;1;0;1;0;0;1;0;0;1;0;0;1;1;0;0;0;0;0
1063126;1.93;0.91;41.00;2570.00;12.75;84.75;26.25;3.92;16.31;14.11;312.32;329.88;2.58;75988.00;42.00;42.00;46.00;4461.40;1024.27;703.12;3.00;1;0;1;0;0;1;0;0;1;0;0;1;1;0;0;0;0;0
1064609;2.94;0.92;47.00;2948.00;12.75;84.00;31.50;9.02;25.60;14.02;347.36;342.63;2.58;75988.00;47.00;48.00;46.00;4511.80;1024.35;878.90;3.00;1;0;1;0;0;1;0;0;1;0;0;1;1;0;0;0;0;0
1066104;3.90;1.00;57.00;3513.00;12.75;84.00;30.00;15.69;30.70;14.02;268.23;224.15;2.58;75988.00;57.00;58.00;46.00;4536.20;1024.35;859.36;3.00;1;0;1;0;0;1;0;0;0;0;0;1;1;0;0;0;0;0
1067582;1.69;1.00;57.00;2999.00;12.75;84.00;34.50;3.53;13.37;14.11;233.93;248.87;2.58;75988.00;58.00;58.00;46.00;4364.00;1024.39;859.36;4.00;1;0;1;0;0;1;0;0;0;0;0;1;1;0;0;0;0;0
1069098;1.49;0.91;60.00;3127.00;12.75;83.25;36.00;3.92;13.30;14.11;302.03;333.30;2.58;75988.00;60.00;60.00;47.00;4525.40;1024.27;156.25;4.00;1;0;1;0;0;1;0;0;0;0;0;1;1;0;0;0;0;0
1070537;1.97;1.00;61.00;3227.00;12.75;83.25;36.75;5.10;16.01;14.11;339.33;344.82;2.58;75988.00;62.00;62.00;47.00;4502.60;1024.15;859.36;4.00;1;0;1;0;0;1;0;0;0;0;0;1;1;0;0;0;0;0
1071963;2.34;0.97;63.00;3328.00;12.75;82.50;37.50;6.28;18.79;14.02;340.72;342.99;2.58;75988.00;64.00;64.00;47.00;4517.20;1024.47;839.83;4.00;1;0;1;0;0;1;0;0;0;0;0;1;1;0;0;0;0;0
1073457;2.27;0.89;67.00;3515.00;12.75;82.50;38.25;7.45;20.39;14.02;304.14;336.62;2.58;75988.00;67.00;68.00;47.00;4501.40;1024.47;859.36;4.00;1;0;1;0;0;1;0;0;0;0;0;1;1;0;0;0;0;0
1074867;2.26;0.89;70.00;3650.00;12.75;81.75;39.75;7.45;20.29;13.92;44.00;52.97;2.82;75988.00;70.00;71.00;48.00;4523.80;1024.47;878.90;4.00;1;0;1;0;0;1;0;0;0;0;0;1;1;0;0;0;0;0
1076355;2.97;0.92;75.00;3910.00;12.75;81.75;36.00;11.37;25.14;14.02;4.57;8.07;2.58;75988.00;73.00;75.00;48.00;4528.00;1024.51;839.83;4.00;1;0;1;0;0;1;0;0;0;0;0;1;1;0;0;0;0;0
1077752;1.46;0.98;75.00;3875.00;12.00;81.00;45.00;3.92;12.02;14.11;0.88;1.37;2.58;75988.00;75.00;75.00;48.00;4523.20;1024.66;898.43;4.00;1;0;1;0;0;1;0;0;0;0;0;1;1;0;0;0;0;0
1079198;0.82;0.93;72.00;3723.00;12.00;81.00;42.75;1.57;7.12;14.11;0;2.32;2.58;75988.00;72.00;72.00;48.00;4534.60;1024.58;742.18;4.00;1;0;1;0;0;1;0;0;0;0;0;1;1;0;0;0;0;0
1080734;1.34;0.93;67.00;3575.00;12.00;80.25;40.50;3.53;11.40;14.11;2.66;0.04;2.58;75988.00;67.00;67.00;49.00;4504.00;1024.58;800.77;4.00;1;0;1;0;0;1;0;0;0;0;0;1;1;0;0;0;0;0
1082193;1.66;0.88;66.00;3459.00;12.00;80.25;39.00;5.10;15.28;13.92;1.00;1.80;2.82;75988.00;66.00;67.00;49.00;4509.20;1024.66;97.66;4.00;1;0;1;0;0;1;0;0;0;0;0;1;1;0;0;0;0;0
1083683;1.60;0.92;66.00;3423.00;12.00;80.25;39.00;4.31;13.83;14.02;0.25;0;2.58;75988.00;65.00;66.00;49.00;4500.80;1024.74;859.36;4.00;1;0;1;0;0;1;0;0;0;0;0;1;1;0;0;0;0;0
1085143;2.44;1.00;63.00;2941.00;12.00;80.25;33.75;4.71;16.32;14.02;1.15;0;2.58;75988.00;64.00;64.00;49.00;4298.00;1024.86;917.96;5.00;1;0;1;0;0;1;0;0;0;0;0;1;1;0;0;0;0;0
1086619;3.73;0.97;70.00;3244.00;12.00;80.25;28.50;14.90;28.93;14.02;0;1.86;2.58;75988.00;69.00;70.00;49.00;4509.60;1024.90;39.06;5.00;1;0;1;0;0;1;0;0;0;0;0;1;1;0;0;0;0;0
1088126;3.65;0.96;76.00;3534.00;12.00;80.25;30.00;15.69;29.43;14.02;1.35;2.87;2.58;75988.00;76.00;77.00;49.00;4513.40;1024.90;820.30;5.00;1;0;1;0;0;1;0;0;0;0;0;1;1;0;0;0;0;0
1089586;3.07;0.91;81.00;3769.00;12.00;80.25;33.75;12.94;26.61;14.11;0;1.70;2.58;75988.00;81.00;82.00;49.00;4520.40;1024.90;839.83;5.00;1;0;1;0;0;1;0;0;0;0;0;1;1;0;0;0;0;0
1090955;2.39;1.00;85.00;3867.00;12.00;80.25;42.00;7.06;19.30;14.11;1.39;2.09;2.58;75988.00;84.00;85.00;49.00;4481.40;1024.82;898.43;5.00;1;0;1;0;0;1;0;0;0;0;0;1;1;0;0;0;0;0
1092491;1.34;0.97;82.00;3782.00;12.00;81.00;43.50;3.53;11.13;14.02;0;3.05;2.58;75988.00;83.00;83.00;48.00;4513.20;1024.82;898.43;5.00;1;0;1;0;0;1;0;0;0;0;0;1;1;0;0;0;0;0
1093968;1.16;0.92;80.00;3727.00;12.00;81.00;42.75;3.14;10.18;14.02;1.05;0.02;2.58;75988.00;80.00;80.00;48.00;4503.80;1024.86;859.36;5.00;1;0;1;0;0;1;0;0;0;0;0;1;1;0;0;0;0;0
1095417;2.21;0.84;78.00;3656.00;12.00;81.00;39.75;7.45;19.90;14.02;0;0.18;2.58;75988.00;78.00;79.00;48.00;4491.40;1024.86;878.90;5.00;1;0;1;0;0;1;0;0;0;0;0;1;1;0;0;0;0;0
1096717;1.59;0.86;81.00;3732.00;12.00;81.00;42.00;5.49;15.77;14.02;0.27;0;2.58;75988.00;81.00;81.00;48.00;4501.20;1024.90;410.15;5.00;1;0;1;0;0;1;0;0;0;0;0;1;1;0;0;0;0;0
1098208;1.62;0.88;81.00;3717.00;12.00;81.00;42.75;5.10;14.12;14.02;0.98;2.09;2.58;75989.00;81.00;81.00;48.00;4494.00;1024.90;898.43;5.00;1;0;1;0;0;1;0;0;0;0;0;1;1;0;0;0;0;0
1099628;1.50;0.99;81.00;3757.00;12.00;81.00;42.75;4.31;12.17;14.02;2.25;0.94;2.58;75989.00;81.00;82.00;48.00;4473.80;1024.86;898.43;5.00;1;0;1;0;0;1;0;0;0;0;0;1;1;0;0;0;0;0
1101011;3.71;0.90;85.00;3914.00;12.00;81.75;34.50;14.90;28.02;14.11;0.59;2.32;2.58;75989.00;84.00;85.00;48.00;4505.20;1024.90;859.36;5.00;1;0;1;0;0;1;0;0;0;0;0;1;1;0;0;0;0;0
1102525;6.08;0.98;93.00;4343.00;12.00;81.75;18.75;34.51;44.42;14.02;0.14;0;2.58;75989.00;92.00;94.00;48.00;4600.00;1024.74;253.90;5.00;1;0;1;0;0;1;0;0;0;0;0;1;1;0;0;0;0;0
1103946;4.61;1.11;100.00;4584.00;12.00;81.75;33.00;20.39;31.87;14.02;0;0;2.58;75989.00;99.00;100.00;48.00;4485.00;1024.51;175.78;5.00;1;0;1;0;0;1;0;0;0;0;0;1;1;0;0;0;0;0
1105544;3.94;1.08;102.00;4719.00;12.00;81.75;36.75;16.86;27.61;14.02;0.25;0.96;2.58;75989.00;101.00;103.00;48.00;4514.00;1024.31;859.36;5.00;1;0;1;0;0;1;0;0;0;0;0;1;1;0;0;0;0;0
1106986;1.14;0.99;101.00;4593.00;12.00;81.75;48.75;3.14;9.04;14.02;0.47;0;2.58;75989.00;101.00;101.00;48.00;4452.40;1024.27;898.43;5.00;1;0;1;0;0;1;0;0;0;0;0;1;1;0;0;1;0;0
1108516;1.28;1.00;96.00;4091.00;12.00;81.00;46.50;3.53;9.97;14.11;0;0.94;2.58;75989.00;96.00;96.00;48.00;4248.40;1024.08;898.43;6.00;1;0;1;0;0;1;0;0;0;0;0;1;1;0;0;0;0;0
1109973;0.66;0.96;90.00;3811.00;12.00;81.00;44.25;0.78;5.51;14.02;0.78;0.39;2.58;75989.00;90.00;91.00;48.00;4510.40;1024.27;820.30;6.00;1;0;1;0;0;1;0;0;0;0;0;1;1;0;0;0;0;0
1111408;0.95;0.92;86.00;3644.00;12.00;81.00;42.00;1.96;8.17;14.02;2.52;1.00;2.58;75989.00;86.00;86.00;48.00;4511.00;1024.23;859.36;6.00;1;0;1;0;0;1;0;0;0;0;0;1;1;0;0;0;0;0
1112867;1.52;0.89;82.00;3503.00;12.00;81.00;39.75;4.31;13.62;13.92;2.03;0;2.82;75989.00;83.00;83.00;48.00;4520.00;1024.51;839.83;6.00;1;0;1;0;0;1;0;0;0;0;0;1;1;0;0;0;0;0
1114438;1.50;0.91;81.00;3458.00;12.00;81.00;39.75;4.31;13.36;14.11;0.76;1.31;2.58;75989.00;80.00;81.00;48.00;4523.60;1024.58;878.90;6.00;1;0;1;0;0;1;0;0;0;0;0;1;1;0;0;0;0;0
1115845;2.33;0.91;81.00;3445.00;12.00;81.00;37.50;7.06;20.40;14.11;1.07;1.93;2.58;75989.00;80.00;81.00;48.00;4508.60;1024.62;429.68;6.00;1;0;1;0;0;1;0;0;0;0;0;1;1;0;0;0;0;0
1117314;4.06;0.98;83.00;3568.00;12.00;81.75;28.50;17.65;31.24;14.02;0.68;1.70;2.58;75989.00;82.00;84.00;48.00;4521.40;1024.78;371.09;6.00;1;0;1;0;0;1;0;0;0;0;0;1;1;0;0;0;0;0
1118778;3.45;0.98;88.00;3723.00;12.00;81.75;33.00;14.90;28.09;14.02;0;0;2.58;75989.00;88.00;89.00;48.00;4519.20;1024.54;703.12;6.00;1;0;1;0;0;1;0;0;0;0;0;1;1;0;0;0;0;0
1120258;3.92;0.95;92.00;3931.00;12.00;81.75;30.75;18.04;31.59;14.02;0;0;2.58;75989.00;91.00;93.00;48.00;4537.20;1024.74;761.71;6.00;1;0;1;0;0;1;0;0;0;0;0;1;1;0;0;0;0;0
1121753;2.86;0.90;96.00;4064.00;12.00;81.75;38.25;10.98;24.62;14.11;1.66;1.00;2.58;75989.00;95.00;96.00;48.00;4494.00;1024.66;117.19;6.00;1;0;1;0;0;1;0;0;0;0;0;1;1;0;0;0;0;0
1123293;2.14;0.87;96.00;4059.00;12.00;81.75;42.75;7.84;19.78;14.02;1.39;1.76;2.58;75989.00;95.00;96.00;48.00;4490.40;1024.51;859.36;6.00;1;0;1;0;0;1;0;0;0;0;0;1;1;0;0;0;0;0
1124824;2.74;0.89;95.00;4025.00;12.00;81.75;39.75;10.20;23.07;14.02;0.18;0.18;2.58;75989.00;95.00;95.00;48.00;4546.60;1024.47;839.83;6.00;1;0;1;0;0;1;0;0;0;0;0;1;1;0;0;0;0;0
1126381;2.72;0.91;96.00;4085.00;12.75;82.50;39.00;10.20;23.20;14.02;78.53;147.86;2.58;75989.00;95.00;96.00;47.00;4527.80;1024.39;507.81;6.00;1;0;1;0;0;1;0;0;0;0;0;1;1;0;0;0;0;0
1127884;3.24;0.93;97.00;4149.00;12.75;82.50;36.00;13.33;26.82;14.11;303.42;324.98;2.58;75989.00;97.00;98.00;47.00;4532.20;1024.43;136.72;6.00;1;0;1;0;0;1;0;0;0;0;0;1;1;0;0;0;0;0
1129276;2.91;0.90;98.00;4178.00;12.75;82.50;38.25;11.37;24.98;14.02;292.36;321.70;2.58;75989.00;97.00;99.00;47.00;4510.20;1024.43;722.65;6.00;1;0;1;0;0;1;0;0;0;0;0;1;1;0;0;0;0;0
1130708;2.81;0.89;98.00;4204.00;12.75;82.50;39.00;10.98;24.42;13.92;203.31;222.47;2.82;75989.00;98.00;99.00;47.00;4505.20;1024.43;703.12;6.00;1;0;1;0;0;1;0;0;0;0;0;1;1;0;0;0;0;0
1132208;2.89;0.93;100.00;4220.00;12.75;82.50;39.75;10.98;23.82;14.02;119.54;180.77;2.58;75989.00;99.00;100.00;47.00;4504.20;1024.23;781.24;6.00;1;0;1;0;0;1;0;0;0;0;0;1;1;0;0;0;0;0
1133794;2.85;0.94;100.00;4248.00;12.75;82.50;39.75;10.59;23.54;14.02;324.16;344.80;2.58;75989.00;99.00;101.00;47.00;4505.80;1024.08;97.66;6.00;1;0;1;0;0;1;0;0;0;0;0;1;1;0;0;0;0;0
1135323;3.18;0.91;101.00;4287.00;12.75;82.50;37.50;12.94;26.00;14.02;333.51;323.16;2.58;75989.00;100.00;101.00;47.00;4533.20;1024.23;683.59;6.00;1;0;1;0;0;1;0;0;0;0;0;1;1;0;0;0;0;0
1136801;3.11;0.94;101.00;4285.00;12.75;82.50;38.25;12.16;25.41;13.92;270.06;223.85;2.82;75989.00;101.00;101.00;47.00;4508.00;1024.19;839.83;6.00;1;0;1;0;0;1;0;0;0;0;0;1;1;0;0;0;0;0
1138284;2.77;0.91;101.00;4303.00;12.75;82.50;39.75;10.59;23.43;14.02;204.17;224.91;2.58;75990.00;101.00;102.00;47.00;4497.60;1024.19;820.30;6.00;1;0;1;0;0;1;0;0;0;0;0;1;1;0;0;0;0;0
1139775;3.82;1.04;102.00;4337.00;12.75;82.50;36.00;15.30;28.22;14.02;345.95;344.08;2.58;75990.00;102.00;102.00;47.00;4542.20;1024.31;703.12;6.00;1;0;1;0;0;1;0;0;0;0;0;1;1;0;0;0;0;0
1141213;2.82;1.00;102.00;4404.00;12.75;82.50;42.00;9.81;22.17;13.92;347.54;328.26;2.82;75990.00;102.00;103.00;47.00;4482.80;1024.27;683.59;6.00;1;0;1;0;0;1;0;0;0;0;0;1;1;0;0;0;0;0
1142700;2.85;0.94;102.00;4362.00;12.75;82.50;39.75;10.98;23.43;14.11;325.62;189.62;2.58;75990.00;101.00;103.00;47.00;4517.60;1024.19;742.18;6.00;1;0;1;0;0;1;0;0;0;0;0;1;1;0;0;0;0;0
1144244;3.40;0.96;102.00;4307.00;12.75;82.50;37.50;13.33;25.91;13.92;320.27;211.22;2.82;75990.00;101.00;102.00;47.00;4539.40;1024.00;742.18;6.00;1;0;1;0;0;1;0;0;0;0;0;1;1;0;0;0;0;0
1145673;3.35;0.99;102.00;4349.00;12.75;82.50;37.50;12.94;25.94;13.92;333.10;340.23;2.82;75990.00;101.00;103.00;47.00;4514.00;1024.04;703.12;6.00;1;0;1;0;0;1;0;0;0;0;0;1;1;0;0;0;0;0
1147132;2.76;0.96;103.00;4353.00;12.75;82.50;42.00;9.81;22.27;13.92;315.96;345.90;2.82;75990.00;102.00;103.00;47.00;4491.20;1024.08;117.19;6.00;1;0;1;0;0;1;0;0;0;0;0;1;1;0;0;0;0;0
1148665;2.90;0.97;102.00;4347.00;12.75;82.50;41.25;10.20;22.97;14.02;280.96;315.76;2.58;75990.00;102.00;103.00;47.00;4501.00;1024.00;624.99;6.00;1;0;1;0;0;1;0;0;0;0;0;1;1;0;0;0;0;0
1150050;2.56;0.94;102.00;4320.00;12.75;82.50;42.00;9.02;21.16;14.02;311.35;265.24;2.58;75990.00;101.00;102.00;47.00;4504.80;1024.08;214.84;6.00;1;0;1;0;0;1;0;0;0;0;0;1;1;0;0;0;0;0
1151477;2.76;0.94;101.00;4320.00;12.75;81.75;40.50;10.20;22.84;14.02;40.04;39.26;2.58;75990.00;101.00;102.00;48.00;4511.60;1024.08;624.99;6.00;1;0;1;0;0;1;0;0;0;0;0;1;1;0;0;0;0;0
1152947;2.66;0.94;101.00;4315.00;12.75;81.75;41.25;9.41;22.07;14.02;3.65;2.73;2.58;75990.00;100.00;102.00;48.00;4486.40;1024.19;800.77;6.00;1;0;1;0;0;1;0;0;0;0;0;1;1;0;0;0;0;0
1154375;2.98;0.95;101.00;4292.00;12.75;81.75;39.00;10.98;24.19;14.11;0.04;1.72;2.58;75990.00;100.00;101.00;48.00;4504.20;1024.15;117.19;6.00;1;0;1;0;0;1;0;0;0;0;0;1;1;0;0;0;0;0
1155978;3.27;0.98;102.00;4303.00;12.75;81.75;37.50;12.55;25.81;14.02;1.07;1.11;2.58;75990.00;101.00;102.00;48.00;4518.40;1024.12;820.30;6.00;1;0;1;0;0;1;0;0;0;0;0;1;1;0;0;0;0;0
1157469;2.71;0.95;101.00;4271.00;12.75;81.75;41.25;9.41;22.24;14.11;0.94;0.59;2.58;75990.00;100.00;101.00;48.00;4522.20;1024.08;605.46;6.00;1;0;1;0;0;1;0;0;0;0;0;1;1;0;0;0;0;0
1158825;2.98;0.96;101.00;4279.00;12.75;81.75;39.75;10.98;24.19;13.92;0.94;1.68;2.82;75990.00;100.00;101.00;48.00;4532.80;1024.12;800.77;6.00;1;0;1;0;0;1;0;0;0;0;0;1;1;0;0;0;0;0
1160292;2.71;0.89;100.00;4258.00;13.50;81.75;39.75;10.59;23.54;14.02;1.31;0;2.58;75990.00;99.00;101.00;48.00;4523.00;1024.19;761.71;6.00;1;0;1;0;0;1;0;0;0;0;0;1;1;0;0;0;0;0
1161733;2.31;0.94;100.00;4228.00;13.50;81.75;43.50;7.45;19.31;14.11;1.91;0.84;2.58;75990.00;98.00;100.00;48.00;4490.20;1024.35;703.12;6.00;1;0;1;0;0;1;0;0;0;0;0;1;1;0;0;0;0;0
1163191;2.59;0.89;98.00;4177.00;13.50;81.75;39.75;9.81;22.70;14.11;2.09;1.66;2.58;75990.00;97.00;99.00;48.00;4535.40;1024.39;683.59;6.00;1;0;1;0;0;1;0;0;0;0;0;1;1;0;0;0;0;0
1164642;2.04;0.91;97.00;4144.00;13.50;81.75;44.25;6.67;17.59;14.11;1.23;1.70;2.58;75990.00;97.00;98.00;48.00;4474.80;1024.27;839.83;6.00;1;0;1;0;0;1;0;0;0;0;0;1;1;0;0;0;0;0
1166021;2.23;0.88;96.00;4047.00;13.50;81.75;42.00;7.84;19.99;14.02;0.92;0;2.58;75990.00;95.00;96.00;48.00;4514.60;1024.08;820.30;6.00;1;0;1;0;0;1;0;0;0;0;0;1;1;0;0;0;0;0
1167508;2.23;0.90;95.00;4045.00;13.50;81.75;42.75;7.84;19.76;14.11;0.76;1.95;2.58;75990.00;94.00;95.00;48.00;4503.40;1024.04;800.77;6.00;1;0;1;0;0;1;0;0;0;0;0;1;1;0;0;0;0;0
1168858;2.62;0.88;95.00;4056.00;13.50;81.75;39.00;10.20;23.19;14.11;2.32;1.60;2.58;75990.00;95.00;96.00;48.00;4515.40;1024.15;742.18;6.00;1;0;1;0;0;1;0;0;0;0;0;1;1;0;0;0;0;0
1170316;2.98;0.99;96.00;4090.00;13.50;81.75;39.00;10.20;23.36;14.11;1.80;2.64;2.58;75990.00;96.00;97.00;48.00;4487.80;1024.31;859.36;6.00;1;0;1;0;0;1;0;0;0;0;0;1;1;0;0;0;0;0
1171798;3.12;0.93;97.00;4095.00;13.50;81.75;37.50;11.77;25.64;14.02;0.76;0;2.58;75990.00;96.00;97.00;48.00;4560.60;1024.27;683.59;6.00;1;0;1;0;0;1;0;0;0;0;0;1;1;0;0;0;0;0
1173252;2.20;0.88;97.00;4136.00;13.50;81.75;42.75;7.84;19.78;14.02;1.29;0.90;2.58;75991.00;97.00;98.00;48.00;4475.80;1024.39;800.77;6.00;1;0;1;0;0;1;0;0;0;0;0;1;1;0;0;0;0;0
1174691;1.66;0.97;96.00;4070.00;13.50;81.75;45.75;5.10;13.69;14.11;2.13;0.51;2.58;75991.00;95.00;96.00;48.00;4495.60;1024.43;898.43;6.00;1;0;1;0;0;1;0;0;0;0;0;1;1;0;0;0;0;0
1176108;1.14;0.91;92.00;3929.00;13.50;81.75;45.00;3.14;9.99;14.02;2.81;2.25;2.58;75991.00;93.00;93.00;48.00;4511.60;1024.58;859.36;6.00;1;0;1;0;0;1;0;0;0;0;0;1;1;0;0;0;0;0
1177547;1.45;0.85;90.00;3815.00;13.50;82.50;43.50;4.71;13.45;14.02;2.50;7.46;2.58;75991.00;89.00;90.00;47.00;4522.60;1024.62;351.56;6.00;1;0;1;0;0;1;0;0;0;0;0;1;1;0;0;0;0;0
1178983;1.62;0.88;87.00;3690.00;13.50;82.50;42.75;5.10;14.99;14.11;200.71;241.12;2.58;75991.00;87.00;87.00;47.00;4493.00;1024.82;117.19;6.00;1;0;1;0;0;1;0;0;0;0;0;1;1;0;0;0;0;0
1180534;1.15;0.87;85.00;3613.00;13.50;82.50;41.25;3.14;10.71;14.11;295.31;326.83;2.58;75991.00;85.00;86.00;47.00;4508.80;1024.86;371.09;6.00;1;0;1;0;0;1;0;0;0;0;0;1;1;0;0;0;0;0
1182039;1.39;0.89;82.00;3460.00;13.50;82.50;39.75;3.92;12.56;14.11;347.32;346.13;2.58;75991.00;82.00;82.00;47.00;4517.00;1024.90;58.59;6.00;1;0;1;0;0;1;0;0;0;0;0;1;1;0;0;0;0;0
1183470;0.63;1.00;78.00;3290.00;13.50;82.50;-30.00;0;0;13.92;338.88;327.69;2.82;75991.00;79.00;78.00;47.00;4549.20;1024.90;0;6.00;1;0;1;0;0;1;0;0;0;0;0;1;1;0;0;0;0;0
1184982;0.69;1.00;72.00;3006.00;13.50;82.50;-30.00;0;0;14.11;324.76;355.21;2.58;75991.00;72.00;71.00;47.00;4557.60;1024.90;0;6.00;1;0;1;0;0;1;0;0;0;0;0;1;1;0;0;0;0;0
1186400;3.04;0.97;70.00;2949.00;13.50;82.50;17.25;9.02;21.82;14.02;308.28;339.98;2.58;75991.00;68.00;70.00;47.00;4385.80;1024.90;781.24;6.00;1;0;1;0;0;1;0;0;0;0;0;1;1;0;0;0;0;0
1187884;3.29;0.96;72.00;3087.00;13.50;82.50;30.00;10.98;26.01;14.02;278.99;268.40;2.58;75991.00;72.00;73.00;47.00;4518.40;1024.90;761.71;6.00;1;0;1;0;0;1;0;0;0;0;0;1;1;0;0;0;0;0
1189409;1.82;1.00;76.00;3270.00;13.50;82.50;37.50;5.10;17.76;14.02;212.39;268.38;2.58;75991.00;76.00;77.00;47.00;4543.80;1024.90;898.43;6.00;1;0;1;0;0;1;0;0;0;0;0;1;1;0;0;0;0;0
1190939;0.68;1.00;72.00;3060.00;13.50;82.50;-30.00;0;0;14.11;262.05;269.08;2.58;75991.00;72.00;72.00;47.00;4559.80;1024.90;0;6.00;1;0;1;0;0;1;0;0;0;0;0;1;1;0;0;0;0;0
1192395;0.75;1.00;66.00;2802.00;13.50;82.50;-30.00;0;0;14.21;301.02;319.41;2.58;75991.00;67.00;66.00;47.00;4576.20;1024.90;0;6.00;1;0;1;0;0;1;0;0;0;0;0;0;1;0;0;0;0;0
1193883;0.90;1.00;56.00;2392.00;13.50;82.50;15.00;0;12.36;14.21;254.77;275.74;2.58;75991.00;56.00;56.00;50.00;4299.00;1024.90;39.06;6.00;1;0;1;0;0;1;0;0;1;0;0;1;1;0;0;0;0;0
1195412;0.99;1.00;47.00;2009.00;13.50;82.50;14.25;0;12.47;14.11;85.13;84.29;2.58;75991.00;48.00;48.00;37.00;4508.20;1024.90;39.06;6.00;1;0;1;0;0;1;0;0;1;0;0;1;1;0;0;0;0;0
1196896;1;1.00;42.00;1906.00;13.50;82.50;14.25;0;12.47;14.21;47.65;34.57;2.58;75991.00;43.00;42.00;37.00;4495.60;1024.90;937.49;5.00;1;0;1;0;0;1;0;0;1;0;0;1;1;0;0;0;0;0
1198356;4.10;0.99;45.00;2389.00;13.50;82.50;21.75;11.77;30.72;14.21;230.38;192.84;2.58;75991.00;45.00;46.00;47.00;4444.00;1024.90;878.90;4.00;1;0;1;0;0;1;0;0;1;0;0;1;1;0;0;0;0;0
1199861;3.46;0.94;53.00;2780.00;13.50;82.50;27.00;12.16;29.63;14.11;314.10;243.91;2.58;75991.00;53.00;53.00;47.00;4539.20;1024.90;839.83;4.00;1;0;1;0;0;1;0;0;1;0;0;1;1;0;0;0;0;0
1201335;1.43;0.99;56.00;2908.00;13.50;83.25;33.00;2.35;11.82;14.02;245.08;209.89;2.58;75991.00;56.00;56.00;47.00;4521.60;1024.90;898.43;4.00;1;0;1;0;0;1;0;0;1;0;0;1;1;0;0;0;0;0
1202789;1.66;0.94;55.00;2833.00;13.50;83.25;31.50;3.14;13.80;14.02;320.82;310.43;2.58;75991.00;55.00;55.00;47.00;4502.80;1024.94;820.30;4.00;1;0;1;0;0;1;0;0;1;0;0;1;1;0;0;0;0;0
1204305;1.94;1.00;58.00;3075.00;13.50;83.25;34.50;3.53;20.27;14.11;294.55;293.20;2.58;75991.00;59.00;59.00;47.00;4559.40;1024.97;917.96;4.00;1;0;1;0;0;1;0;0;1;0;0;1;1;0;0;0;0;0
1205743;0.74;1.00;55.00;2854.00;13.50;83.25;-30.00;0;0;14.11;241.55;222.27;2.58;75991.00;55.00;55.00;47.00;4608.40;1025.01;0;4.00;1;0;1;0;0;1;0;0;1;0;0;1;1;0;0;0;0;0
1207172;0.95;1.00;42.00;2213.00;13.50;83.25;15.00;0;12.41;14.21;133.72;126.77;2.58;75991.00;42.00;42.00;37.00;4377.20;1024.97;39.06;4.00;1;0;1;0;0;1;0;0;1;0;0;1;1;0;0;0;0;0
1208760;2.62;1.00;36.00;1906.00;13.50;83.25;3.00;2.75;12.35;14.11;41.77;38.01;2.58;75991.00;37.00;37.00;47.00;4516.00;1024.94;859.36;4.00;1;0;1;0;0;1;0;0;1;0;0;1;1;0;0;0;0;0
1210141;1;1.00;32.00;1990.00;13.50;83.25;14.25;0;12.41;14.21;17.99;34.02;2.58;75991.00;32.00;32.00;36.00;4513.60;1024.94;58.59;3.00;1;0;1;0;0;1;0;0;1;0;0;1;1;0;0;0;0;0
1211603;1.14;1.00;28.00;1738.00;13.50;83.25;14.25;0;12.42;14.21;5.49;13.96;2.58;75991.00;28.00;29.00;36.00;4516.20;1024.94;898.43;3.00;1;0;1;0;0;1;0;0;1;0;0;1;1;0;0;0;0;0
1213017;0.90;1.00;26.00;2424.00;13.50;83.25;12.75;0;12.51;14.11;71.73;16.50;2.58;75991.00;26.00;26.00;47.00;4501.20;1024.94;878.90;2.00;1;0;1;0;0;1;0;0;1;0;0;1;1;0;0;0;0;0
1214531;1.37;0.99;23.00;1860.00;13.50;83.25;15.00;0.78;10.28;14.11;69.19;110.27;2.58;75991.00;24.00;24.00;47.00;4518.20;1024.94;58.59;2.00;1;0;1;0;0;1;0;0;1;0;0;1;1;0;0;0;0;0
1215923;1.25;0.99;21.00;1537.00;13.50;83.25;15.00;0;12.33;14.30;92.81;85.70;2.58;75991.00;21.00;21.00;36.00;4528.60;1024.94;898.43;2.00;1;0;1;0;0;1;0;0;1;0;0;1;1;0;0;0;0;0
1217452;2.29;0.98;20.00;1670.00;13.50;83.25;9.00;2.35;14.82;14.21;60.39;87.92;2.58;75991.00;20.00;20.00;47.00;4527.60;1024.94;703.12;2.00;1;0;1;0;0;1;0;0;1;0;0;1;1;0;0;0;0;0
1218903;2.27;1.01;23.00;1861.00;13.50;83.25;15.75;2.75;16.13;14.21;115.72;128.35;2.58;75991.00;24.00;24.00;47.00;4516.60;1024.94;839.83;2.00;1;0;1;0;0;1;0;0;1;0;0;1;1;0;0;0;0;0
1220435;3.23;1.00;30.00;2310.00;14.25;84.00;22.50;7.06;23.79;14.11;249.20;224.61;2.58;75991.00;29.00;30.00;46.00;4427.40;1024.94;859.36;2.00;1;0;1;0;0;1;0;0;1;0;0;1;1;0;0;0;0;0
1221936;1.74;0.94;35.00;2725.00;14.25;84.00;30.00;3.53;14.66;14.21;296.52;335.96;2.58;75991.00;35.00;35.00;46.00;4516.00;1024.94;722.65;2.00;1;0;1;0;0;1;0;0;1;0;0;1;1;0;0;0;0;0
1223474;1.11;0.88;36.00;2856.00;14.25;84.00;31.50;1.96;10.34;14.02;286.41;303.30;2.58;75991.00;37.00;37.00;46.00;4526.20;1025.09;859.36;2.00;1;0;1;0;0;1;0;0;1;0;0;1;1;0;0;0;0;0
1224862;0.88;0.83;35.00;2658.00;14.25;84.00;28.50;0.39;13.23;14.11;271.33;161.98;2.58;75991.00;35.00;35.00;46.00;4510.20;1025.13;839.83;2.00;1;0;1;0;0;1;0;0;1;0;0;1;1;0;0;0;0;0
1226313;1.13;0.97;30.00;2366.00;14.25;83.25;24.00;0.39;10.89;14.11;316.76;242.54;2.58;75991.00;30.00;30.00;47.00;4517.20;1025.05;917.96;2.00;1;0;1;0;0;1;0;0;1;0;0;1;1;0;0;0;0;0
1227855;1.62;0.93;28.00;2211.00;14.25;83.25;21.00;2.35;13.30;14.21;343.67;303.42;2.58;75991.00;29.00;29.00;47.00;4518.00;1025.09;97.66;2.00;1;0;1;0;0;1;0;0;1;0;0;1;1;0;0;0;0;0
1229360;2.42;0.95;32.00;2589.00;14.25;83.25;26.25;5.10;19.36;14.11;218.27;322.73;2.58;75991.00;33.00;33.00;47.00;4457.40;1025.05;898.43;2.00;1;0;1;0;0;1;0;0;1;0;0;1;1;0;0;0;0;0
1230879;2.07;0.92;41.00;3225.00;14.25;82.50;36.75;5.49;18.70;14.02;201.24;200.05;2.58;75991.00;41.00;42.00;47.00;4502.20;1025.21;917.96;2.00;1;0;1;0;0;1;0;0;1;0;0;1;1;0;0;0;0;0
1232450;7.57;0.99;61.00;4819.00;14.25;82.50;18.00;65.50;53.33;13.92;339.61;339.12;2.82;75991.00;59.00;62.00;47.00;4652.60;1025.48;0;2.00;1;0;1;0;0;1;0;0;1;0;0;1;1;0;0;0;0;0
1233917;7.03;1.03;78.00;4844.00;14.25;81.75;17.25;45.50;46.92;14.11;110.36;113.88;2.58;75991.00;77.00;79.00;48.00;4529.80;1025.60;781.24;3.00;1;0;1;0;0;1;0;0;0;0;0;1;1;0;0;0;0;0
1235427;5.16;1.00;90.00;4631.00;14.25;81.75;26.25;29.42;38.71;13.92;5.04;5.49;2.82;75991.00;88.00;90.00;48.00;4533.80;1025.33;898.43;4.00;1;0;1;0;0;1;0;0;0;0;0;1;1;0;0;0;0;0
1236867;3.51;1.00;95.00;4372.00;14.25;81.00;36.00;15.30;28.01;14.02;0.66;1.52;2.58;75991.00;94.00;95.00;48.00;4499.60;1025.21;859.36;5.00;1;0;1;0;0;1;0;0;0;0;0;1;1;0;0;0;0;0
1238311;0.91;1.00;95.00;3997.00;14.25;81.00;46.50;2.35;8.27;14.11;0.74;0;2.58;75992.00;95.00;96.00;48.00;4441.60;1025.05;937.49;6.00;1;0;1;0;0;1;0;0;0;0;0;1;1;0;0;0;0;0
1239796;0.54;1.00;88.00;3808.00;14.25;81.00;-30.00;0;0;14.02;2.42;1.43;2.58;75992.00;89.00;89.00;48.00;4540.00;1024.97;0;6.00;1;0;1;0;0;1;0;0;0;0;0;1;1;0;0;0;0;0
1241187;0.61;1.00;81.00;3483.00;14.25;81.00;-30.00;0;0;13.92;0.08;0.31;2.82;75992.00;82.00;82.00;48.00;4586.60;1024.94;0;6.00;1;0;1;0;0;1;0;0;0;0;0;1;1;0;0;0;0;0
1242659;0.66;1.00;76.00;3233.00;14.25;81.00;-30.00;0;0;14.02;0;0.25;2.58;75992.00;76.00;76.00;48.00;4576.60;1024.94;0;6.00;1;0;1;0;0;1;0;0;0;0;0;1;1;0;0;0;0;0
1244048;0.91;1.00;65.00;2776.00;14.25;81.75;30.75;0.78;6.85;14.21;0.57;1.66;2.58;75992.00;64.00;65.00;48.00;4248.60;1024.94;58.59;6.00;1;0;1;0;0;1;0;0;0;0;0;1;1;0;0;0;0;0
1245539;0.89;1.00;55.00;2348.00;14.25;81.75;15.75;0;12.57;14.21;2.25;4.80;2.58;75992.00;55.00;55.00;40.00;4475.20;1024.94;78.12;6.00;1;0;1;0;0;1;0;0;1;0;0;1;1;0;0;0;0;0
1246997;0.93;1.00;50.00;2159.00;14.25;81.75;15.00;0;12.67;14.11;73.04;32.50;2.58;75992.00;50.00;50.00;40.00;4516.40;1024.94;761.71;5.00;1;0;1;0;0;1;0;0;1;0;0;1;1;0;0;0;0;0
1248581;5.32;1.00;55.00;2868.00;14.25;81.75;18.00;24.32;38.41;14.02;15.58;7.17;2.58;75992.00;54.00;55.00;48.00;4559.20;1024.94;644.52;4.00;1;0;1;0;0;1;0;0;0;0;0;1;1;0;0;0;0;0
1250084;3.60;0.98;66.00;3448.00;14.25;81.75;30.00;15.30;28.74;14.11;2.44;0.62;2.58;75992.00;64.00;67.00;48.00;4491.60;1024.94;781.24;4.00;1;0;1;0;0;1;0;0;0;0;0;1;1;0;0;0;0;0
1251610;3.46;0.96;73.00;3844.00;14.25;81.75;32.25;16.47;30.88;14.11;1.91;0;2.58;75992.00;73.00;74.00;48.00;4535.00;1024.94;800.77;4.00;1;0;1;0;0;1;0;0;0;0;0;1;1;0;0;0;0;0
1253013;3.20;0.97;78.00;4087.00;14.25;81.75;37.50;11.77;24.92;14.02;1.60;0.33;2.58;75992.00;78.00;79.00;48.00;4559.60;1024.94;859.36;4.00;1;0;1;0;0;1;0;0;0;0;0;0;1;0;0;0;0;0
1254542;2.25;1.00;83.00;4323.00;14.25;81.75;45.00;7.45;17.72;14.11;1.97;0;2.58;75992.00;83.00;84.00;48.00;4463.00;1024.94;859.36;4.00;1;0;1;0;0;1;0;0;0;0;0;1;1;0;0;0;0;0
1255969;4.22;1.00;83.00;4338.00;14.25;81.75;34.50;16.47;29.34;14.11;0;2.89;2.58;75992.00;83.00;84.00;48.00;4625.20;1024.94;390.62;4.00;1;0;1;0;0;1;0;0;0;0;0;1;1;0;0;0;0;0
1257464;2.22;0.95;87.00;4022.00;14.25;81.75;43.50;7.06;18.41;13.92;0.41;1.84;2.82;75992.00;87.00;88.00;48.00;4437.00;1025.05;820.30;5.00;1;0;1;0;0;1;0;0;0;0;0;1;1;0;0;0;0;0
1258955;1.85;0.99;87.00;3726.00;14.25;81.75;33.00;5.10;13.56;14.02;0.18;0;2.58;75992.00;86.00;87.00;48.00;4477.80;1024.97;878.90;6.00;1;0;1;0;0;1;0;0;0;0;0;1;1;0;0;0;0;0
1260443;2.18;0.98;86.00;3679.00;14.25;81.75;41.25;6.28;17.74;14.02;1.23;0.27;2.58;75992.00;86.00;87.00;48.00;4510.80;1024.94;859.36;6.00;1;0;1;0;0;1;0;0;0;0;0;1;1;0;0;0;0;0
1261921;2.53;0.90;87.00;3741.00;14.25;81.75;37.50;9.02;22.41;14.11;1.05;0.23;2.58;75992.00;87.00;88.00;48.00;4515.40;1024.94;664.05;6.00;1;0;1;0;0;1;0;0;0;0;0;1;1;0;0;0;0;0
1263463;3.10;0.93;88.00;3780.00;14.25;81.75;35.25;12.16;25.81;14.02;2.21;0.96;2.58;75992.00;88.00;89.00;48.00;4544.00;1024.94;58.59;6.00;1;0;1;0;0;1;0;0;0;0;0;1;1;0;0;0;0;0
1264972;4.30;1.00;92.00;3912.00;13.50;81.75;33.00;16.47;29.69;14.11;0.39;1.39;2.58;75992.00;90.00;92.00;48.00;4555.40;1024.94;839.83;6.00;1;0;1;0;0;1;0;0;0;0;0;1;1;0;0;0;0;0
1266433;4.08;1.00;93.00;3970.00;13.50;81.75;35.25;13.33;25.74;14.02;1.27;0.35;2.58;75992.00;93.00;94.00;48.00;4524.00;1024.94;859.36;6.00;1;0;1;0;0;1;0;0;0;0;0;1;1;0;0;0;0;0
1267866;2.73;0.88;95.00;4026.00;13.50;81.75;38.25;10.98;24.08;14.11;0;0.06;2.58;75992.00;95.00;95.00;48.00;4503.00;1024.94;859.36;6.00;1;0;1;0;0;1;0;0;0;0;0;1;1;0;0;0;0;0
1269364;3.36;0.95;97.00;4119.00;13.50;81.75;36.00;13.73;27.35;14.11;0.27;0.96;2.58;75992.00;96.00;97.00;48.00;4525.20;1024.94;703.12;6.00;1;0;1;0;0;1;0;0;0;0;0;1;1;0;0;0;0;0
1270849;1.94;1.00;97.00;4148.00;13.50;81.75;45.00;6.28;16.67;14.11;0.82;0.08;2.58;75992.00;97.00;98.00;48.00;4438.80;1024.94;898.43;6.00;1;0;1;0;0;1;0;0;0;0;0;1;1;0;0;0;0;0
1272346;2.98;1.00;96.00;4077.00;13.50;81.75;40.50;9.41;22.34;14.11;1.31;0;2.58;75992.00;95.00;97.00;48.00;4549.60;1024.94;878.90;6.00;1;0;1;0;0;1;0;0;0;0;0;1;1;0;0;0;0;0
1273774;2.97;0.94;96.00;4119.00;13.50;81.75;38.25;11.37;24.78;13.92;2.27;0;2.82;75992.00;96.00;97.00;48.00;4527.40;1024.86;781.24;6.00;1;0;1;0;0;1;0;0;0;0;0;1;1;0;0;0;0;0
1275147;2.30;0.87;97.00;4135.00;13.50;81.75;41.25;8.24;20.79;14.02;45.17;55.45;2.58;75992.00;97.00;97.00;48.00;4489.20;1024.82;878.90;6.00;1;0;1;0;0;1;0;0;0;0;0;1;1;0;0;0;0;0
1276717;1.82;0.93;96.00;4078.00;13.50;81.75;45.00;5.88;15.62;14.02;5.08;3.59;2.58;75992.00;96.00;96.00;48.00;4514.60;1024.86;898.43;6.00;1;0;1;0;0;1;0;0;0;0;0;1;1;0;0;0;0;0
1278072;2.54;0.87;97.00;4156.00;13.50;81.75;39.00;10.59;23.66;14.11;0.27;0.82;2.58;75992.00;97.00;98.00;48.00;4510.60;1024.90;136.72;6.00;1;0;1;0;0;1;0;0;0;0;0;1;1;0;0;0;0;0
1279465;3.71;0.99;98.00;4189.00;13.50;81.75;35.25;14.51;28.24;14.11;0.08;2.30;2.58;75993.00;97.00;99.00;48.00;4573.80;1024.90;800.77;6.00;1;0;1;0;0;1;0;0;0;0;0;1;1;0;0;0;0;0
1280897;2.61;0.96;100.00;4247.00;13.50;81.75;42.00;8.63;21.08;14.02;0.29;1.00;2.58;75993.00;100.00;101.00;48.00;4495.60;1024.82;683.59;6.00;1;0;1;0;0;1;0;0;0;0;0;1;1;0;0;0;0;0
1282518;3.74;0.99;101.00;4300.00;13.50;81.75;35.25;15.69;29.01;14.02;1.78;0.25;2.58;75993.00;100.00;102.00;48.00;4537.60;1024.82;742.18;6.00;1;0;1;0;0;1;0;0;0;0;0;1;1;0;0;0;0;0
1284017;3.38;0.97;103.00;4374.00;13.50;81.75;36.75;14.51;27.52;14.02;0.47;1.19;2.58;75993.00;103.00;103.00;48.00;4509.40;1024.70;722.65;6.00;1;0;1;0;0;1;0;0;0;0;0;1;1;0;0;0;0;0
1285504;2.97;0.94;105.00;4436.00;13.50;81.75;39.75;11.77;24.33;14.11;0;1.62;2.58;75993.00;104.00;105.00;48.00;4504.20;1024.66;644.52;6.00;1;0;1;0;0;1;0;0;0;0;0;1;1;0;0;0;0;0
1287050;2.57;0.91;105.00;4445.00;13.50;81.75;42.00;9.81;22.07;14.11;0.62;2.05;2.58;75993.00;104.00;105.00;48.00;4504.80;1024.70;859.36;6.00;1;0;1;0;0;1;0;0;0;0;0;1;1;0;0;0;0;0
1288531;2.70;0.91;102.00;4358.00;13.50;81.75;41.25;10.59;23.14;14.02;1.97;0;2.58;75993.00;103.00;103.00;48.00;4533.40;1024.70;820.30;6.00;1;0;1;0;0;1;0;0;0;0;0;1;1;0;0;0;0;0
1289985;4.23;1.00;103.00;4386.00;13.50;81.75;33.00;18.43;31.04;14.02;0;0.16;2.58;75993.00;102.00;104.00;48.00;4559.00;1024.58;781.24;6.00;1;0;1;0;0;1;0;0;0;0;0;1;1;0;0;0;0;0
1291467;2.90;0.94;103.00;4376.00;13.50;81.75;40.50;10.98;23.76;14.02;0;1.43;2.58;75993.00;102.00;103.00;48.00;4509.20;1024.62;78.12;6.00;1;0;1;0;0;1;0;0;0;0;0;1;1;0;0;0;0;0
1292944;2.55;0.91;102.00;4361.00;13.50;81.75;42.00;9.41;21.78;14.11;1.70;1.76;2.58;75993.00;102.00;103.00;48.00;4507.60;1024.47;683.59;6.00;1;0;1;0;0;1;0;0;0;0;0;1;1;0;0;0;0;0
1294398;2.78;0.93;102.00;4359.00;13.50;81.75;41.25;10.59;23.14;14.02;0;0;2.58;75993.00;102.00;103.00;48.00;4509.80;1024.47;722.65;6.00;1;0;1;0;0;1;0;0;0;0;0;1;1;0;0;0;0;0
1295944;2.78;0.91;102.00;4368.00;13.50;81.75;39.75;10.98;23.45;14.02;0.64;1.66;2.58;75993.00;102.00;103.00;48.00;4501.40;1024.39;820.30;6.00;1;0;1;0;0;1;0;0;0;0;0;1;1;0;0;0;0;0
1297414;1.74;0.92;101.00;4278.00;13.50;81.75;46.50;5.88;15.03;14.02;0.33;0.90;2.58;75993.00;100.00;102.00;48.00;4469.80;1024.43;664.05;6.00;1;0;1;0;0;1;0;0;0;0;0;1;1;0;0;0;0;0
1298895;2.38;0.94;100.00;4227.00;13.50;81.75;43.50;7.84;19.83;14.02;0.53;1.43;2.58;75993.00;100.00;100.00;48.00;4525.00;1024.58;683.59;6.00;1;0;1;0;0;1;0;0;0;0;0;1;1;0;0;0;0;0
1300323;2.84;0.93;100.00;4242.00;13.50;81.75;39.75;10.59;23.78;14.11;1.97;1.66;2.58;75993.00;99.00;100.00;48.00;4507.20;1024.74;761.71;6.00;1;0;1;0;0;1;0;0;0;0;0;1;1;0;0;0;0;0
1301794;3.56;1.00;100.00;4247.00;13.50;81.75;37.50;12.55;26.01;14.02;2.11;0;2.58;75993.00;99.00;100.00;48.00;4532.20;1024.78;820.30;6.00;1;0;1;0;0;1;0;0;0;0;0;1;1;0;0;0;0;0
1303191;2.19;0.98;100.00;4242.00;13.50;81.75;45.00;7.06;17.54;14.11;2.29;2.87;2.58;75993.00;99.00;100.00;48.00;4485.00;1024.86;839.83;6.00;1;0;1;0;0;1;0;0;0;0;0;1;1;0;0;0;0;0
1304643;1.83;0.84;98.00;4172.00;13.50;81.75;45.00;6.67;17.19;14.02;0;0.02;2.58;75993.00;98.00;98.00;48.00;4519.40;1024.90;878.90;6.00;1;0;1;0;0;1;0;0;0;0;0;1;1;0;0;0;0;0
1305994;2.26;0.94;96.00;4111.00;13.50;81.75;44.25;7.06;18.05;14.02;0.20;1.60;2.58;75993.00;96.00;97.00;48.00;4515.60;1024.90;800.77;6.00;1;0;1;0;0;1;0;0;0;0;0;1;1;0;0;0;0;0
1307478;1.27;0.99;93.00;3955.00;13.50;81.75;45.75;3.53;10.26;14.02;0.88;1.39;2.58;75993.00;94.00;94.00;48.00;4499.00;1024.90;917.96;6.00;1;0;1;0;0;1;0;0;0;0;0;1;1;0;0;0;0;0
1308957;0.89;0.95;88.00;3745.00;13.50;81.75;43.50;1.96;7.45;14.11;0.96;1.95;2.58;75993.00;89.00;89.00;48.00;4492.00;1024.90;898.43;6.00;1;0;1;0;0;1;0;0;0;0;0;1;1;0;0;0;0;0
1310395;1.08;0.90;85.00;3620.00;13.50;81.75;41.25;2.35;9.81;14.11;0.23;0.62;2.58;75993.00;85.00;85.00;48.00;4546.00;1024.90;839.83;6.00;1;0;1;0;0;1;0;0;0;0;0;1;1;0;0;0;0;0
1311889;2.10;1.00;80.00;3444.00;13.50;81.75;13.50;5.10;11.15;13.92;0;0.76;2.82;75993.00;80.00;80.00;48.00;4290.00;1024.90;878.90;6.00;1;0;1;0;0;1;0;0;0;0;0;1;1;0;0;0;0;0
1313320;0.77;0.94;76.00;3235.00;13.50;81.75;30.00;1.18;6.05;14.02;0.35;2.09;2.58;75993.00;76.00;76.00;48.00;4505.60;1024.90;97.66;6.00;1;0;1;0;0;1;0;0;0;0;0;1;1;0;0;0;0;0
1314864;1.22;0.96;71.00;3091.00;13.50;81.75;35.25;2.35;10.37;14.02;1.39;2.13;2.58;75993.00;71.00;71.00;48.00;4507.80;1024.90;839.83;6.00;1;0;1;0;0;1;0;0;0;0;0;1;1;0;0;0;0;0
1316261;2.47;0.91;70.00;2978.00;13.50;81.75;33.75;6.28;19.63;14.21;0;0.16;2.58;75994.00;70.00;70.00;48.00;4499.20;1024.90;781.24;6.00;1;0;1;0;0;1;0;0;0;0;0;1;1;0;0;0;0;0
1317750;1.66;1.00;71.00;3014.00;13.50;81.75;34.50;3.92;13.61;14.02;1.15;1.35;2.58;75994.00;71.00;71.00;48.00;4521.60;1024.90;878.90;6.00;1;0;1;0;0;1;0;0;0;0;0;1;1;0;0;0;0;0
1319152;1.26;0.97;70.00;2945.00;13.50;81.75;33.75;2.75;10.73;14.11;1.89;1.74;2.58;75994.00;70.00;70.00;48.00;4529.60;1024.90;878.90;6.00;1;0;1;0;0;1;0;0;0;0;0;1;1;0;0;0;0;0
1320658;1.74;0.91;67.00;2881.00;13.50;81.75;32.25;4.31;15.28;14.02;2.83;0.16;2.58;75994.00;68.00;68.00;48.00;4508.80;1024.90;58.59;6.00;1;0;1;0;0;1;0;0;0;0;0;1;1;0;0;0;0;0
1322079;1.45;0.95;67.00;2873.00;13.50;82.50;32.25;3.14;12.43;14.02;104.13;88.51;2.58;75994.00;67.00;68.00;47.00;4510.00;1024.90;820.30;6.00;1;0;1;0;0;1;0;0;0;0;0;1;1;0;0;0;0;0
1323548;2.02;0.92;66.00;2822.00;13.50;82.50;30.75;5.49;17.46;14.11;176.82;146.48;2.58;75994.00;66.00;66.00;47.00;4493.20;1024.90;898.43;6.00;1;0;1;0;0;1;0;0;0;0;0;1;1;0;0;0;0;0
1325009;1.41;0.97;66.00;2835.00;13.50;82.50;31.50;2.75;11.86;14.11;232.29;254.46;2.58;75994.00;66.00;67.00;47.00;4511.20;1024.90;839.83;6.00;1;0;1;0;0;1;0;0;0;0;0;1;1;0;0;0;0;0
1326445;1.29;0.92;65.00;2778.00;13.50;82.50;30.00;2.75;11.39;14.11;337.91;290.78;2.58;75994.00;65.00;65.00;47.00;4519.20;1024.90;703.12;6.00;1;0;1;0;0;1;0;0;0;0;0;1;1;0;0;0;0;0
1327923;2.02;0.93;63.00;2713.00;13.50;82.50;29.25;5.10;17.07;14.11;335.33;299.49;2.58;75994.00;64.00;64.00;47.00;4504.00;1024.90;136.72;6.00;1;0;1;0;0;1;0;0;0;0;0;1;1;0;0;0;0;0
1329269;1.45;0.98;63.00;2748.00;13.50;83.25;30.00;3.14;12.80;14.11;326.11;337.34;2.58;75994.00;64.00;64.00;47.00;4527.60;1024.90;878.90;6.00;1;0;1;0;0;1;0;0;0;0;0;1;1;0;0;0;0;0
1330719;0.83;1.00;62.00;2603.00;13.50;83.25;-30.00;0;0;14.11;339.33;325.70;2.58;75994.00;62.00;62.00;47.00;4594.80;1024.90;19.53;6.00;1;0;1;0;0;1;0;0;0;0;0;1;1;0;0;0;0;0
1332152;2.71;0.97;61.00;2577.00;13.50;83.25;25.50;7.06;21.13;14.21;355.02;326.35;2.58;75994.00;61.00;61.00;47.00;4438.60;1024.90;820.30;6.00;1;0;1;0;0;1;0;0;0;0;0;1;1;0;0;0;0;0
1333705;1.23;0.93;61.00;2583.00;13.50;83.25;27.00;1.96;10.80;14.11;338.69;340.99;2.58;75994.00;61.00;61.00;47.00;4532.00;1024.90;820.30;6.00;1;0;1;0;0;1;0;0;0;0;0;1;1;0;0;0;0;0
1335045;0.86;1.00;57.00;2458.00;13.50;83.25;15.75;0;12.45;14.11;327.09;284.01;2.58;75994.00;58.00;58.00;49.00;4523.00;1024.90;878.90;6.00;1;0;1;0;0;1;0;0;1;0;0;1;1;0;0;0;0;0
1336479;1.06;1.00;53.00;2279.00;13.50;83.25;21.75;0.39;12.04;14.30;111.59;81.79;2.58;75994.00;54.00;53.00;38.00;4522.60;1024.90;839.83;6.00;1;0;1;0;0;1;0;0;1;0;0;1;1;0;0;0;0;0
1337965;2.11;0.94;52.00;2203.00;13.50;84.00;21.00;3.53;16.92;14.11;212.47;242.05;2.58;75994.00;52.00;52.00;46.00;4522.60;1024.90;292.97;6.00;1;0;1;0;0;1;0;0;1;0;0;1;1;0;0;0;0;0
1339532;0.96;1.00;48.00;2071.00;13.50;84.00;14.25;0;12.37;14.30;155.44;185.38;2.58;75994.00;49.00;49.00;36.00;4506.20;1024.90;742.18;6.00;1;0;1;0;0;1;0;0;1;0;0;1;1;0;0;0;0;0
1341020;0.39;1.00;46.00;2550.00;13.50;84.00;13.50;0;12.36;14.11;155.22;172.33;2.58;75994.00;46.00;46.00;43.00;4517.40;1024.90;859.36;6.00;1;0;1;0;0;1;0;0;1;0;0;1;1;0;0;0;0;0
1342556;3.45;0.99;47.00;2209.00;13.50;84.00;20.25;8.24;26.84;14.21;205.89;176.14;2.58;75994.00;48.00;48.00;46.00;4502.00;1024.90;878.90;5.00;1;0;1;0;0;1;0;0;1;0;0;1;1;0;0;0;0;0
1344095;2.74;0.97;50.00;2607.00;13.50;84.00;27.00;6.28;23.26;14.11;320.74;252.05;2.58;75994.00;50.00;50.00;46.00;4497.80;1024.90;917.96;4.00;1;0;1;0;0;1;0;0;1;0;0;1;1;0;0;0;0;0
1345645;4.07;1.00;55.00;2874.00;13.50;84.00;26.25;14.12;30.66;14.02;345.13;327.56;2.58;75994.00;54.00;55.00;46.00;4553.80;1024.90;664.05;4.00;1;0;1;0;0;1;0;0;1;0;0;1;1;0;0;0;0;0
1347151;2.26;0.96;55.00;2887.00;13.50;84.00;32.25;4.71;17.80;14.11;282.23;274.85;2.58;75994.00;55.00;56.00;46.00;4533.00;1024.90;898.43;4.00;1;0;1;0;0;1;0;0;1;0;0;1;1;0;0;0;0;0
1348646;1.02;0.96;51.00;2667.00;13.50;83.25;28.50;0.39;10.42;14.11;341.76;340.19;2.58;75994.00;51.00;52.00;47.00;4517.40;1024.90;898.43;4.00;1;0;1;0;0;1;0;0;1;0;0;1;1;0;0;0;0;0
1350126;0.98;0.92;47.00;2467.00;13.50;83.25;24.75;0.39;8.64;14.21;351.60;335.23;2.58;75994.00;47.00;47.00;47.00;4560.80;1024.82;839.83;4.00;1;0;1;0;0;1;0;0;1;0;0;1;1;0;0;0;0;0
1351561;1.58;0.87;43.00;2272.00;13.50;83.25;21.75;2.35;13.82;14.30;326.46;211.57;2.58;75994.00;44.00;44.00;47.00;4508.20;1024.78;39.06;4.00;1;0;1;0;0;1;0;0;1;0;0;1;1;0;0;0;0;0
1353070;1.48;1.00;42.00;2174.00;13.50;83.25;21.00;1.57;11.50;14.21;284.59;234.56;2.58;75994.00;43.00;43.00;47.00;4528.40;1024.74;859.36;4.00;1;0;1;0;0;1;0;0;1;0;0;1;1;0;0;0;0;0
1354583;2.66;1.00;45.00;2365.00;13.50;83.25;23.25;5.88;21.70;14.11;301.80;304.82;2.58;75994.00;45.00;46.00;47.00;4539.40;1024.66;800.77;4.00;1;0;1;0;0;1;0;0;1;0;0;1;1;0;0;0;0;0
1356067;1.43;0.97;46.00;2380.00;14.25;82.50;24.00;1.57;11.67;14.11;350.60;303.73;2.58;75994.00;46.00;46.00;47.00;4510.00;1024.58;859.36;4.00;1;0;1;0;0;1;0;0;1;0;0;1;1;0;0;0;0;0
1357506;1.43;0.93;45.00;2356.00;14.25;82.50;23.25;1.96;11.95;14.21;308.67;252.99;2.58;75994.00;45.00;46.00;47.00;4526.20;1024.39;839.83;4.00;1;0;1;0;0;1;0;0;1;0;0;1;1;0;0;0;0;0
1358986;0.90;1.00;42.00;2236.00;14.25;82.50;15.00;0;12.45;14.11;129.50;135.42;2.58;75994.00;43.00;41.00;38.00;4520.60;1024.58;683.59;4.00;1;0;1;0;0;1;0;0;1;0;0;1;1;0;0;0;0;0
1360531;0.96;1.00;41.00;1928.00;14.25;82.50;15.00;0;12.43;14.21;251.96;231.47;2.58;75994.00;42.00;41.00;40.00;4509.60;1024.47;859.36;4.00;1;0;1;0;0;1;0;0;1;0;0;1;1;0;0;0;0;0
1362010;1;1.00;40.00;2030.00;14.25;82.50;14.25;0;12.53;14.21;295.39;224.13;2.58;75994.00;40.00;40.00;39.00;4509.00;1024.58;820.30;4.00;1;0;1;0;0;1;0;0;1;0;0;1;1;0;0;0;0;0
1363440;1.46;0.99;40.00;2106.00;14.25;82.50;18.75;1.18;11.17;14.30;279.26;252.33;2.58;75994.00;40.00;41.00;47.00;4507.80;1024.54;839.83;4.00;1;0;1;0;0;1;0;0;1;0;0;1;1;0;0;0;0;0
1364931;1;1.00;40.00;2039.00;14.25;82.50;13.50;0;12.40;14.21;217.80;135.30;2.58;75994.00;40.00;39.00;38.00;4517.20;1024.43;371.09;4.00;1;0;1;0;0;1;0;0;1;0;0;1;1;0;0;0;0;0
1366282;1.01;1.00;36.00;1959.00;14.25;82.50;15.00;0;12.40;14.21;156.18;108.18;2.58;75994.00;37.00;37.00;38.00;4514.00;1024.66;722.65;4.00;1;0;1;0;0;1;0;0;1;0;0;1;1;0;0;0;0;0
1367775;1.22;0.97;28.00;1485.00;14.25;82.50;15.00;0;12.33;14.30;223.93;102.43;2.58;75994.00;28.00;28.00;37.00;4479.80;1024.82;898.43;4.00;1;0;1;0;0;1;0;0;1;0;0;1;1;0;0;1;0;0
1369128;1.36;0.93;11.00;1324.00;14.25;82.50;13.50;0;12.19;14.39;145.56;80.15;2.31;75994.00;11.00;11.00;38.00;4505.40;1024.86;683.59;3.00;1;0;1;1;0;1;0;0;1;0;0;1;1;0;0;1;0;0
1370599;1.32;0.94;3.00;1248.00;14.25;82.50;16.50;0;12.68;14.30;157.76;90.83;2.58;75994.00;4.00;4.00;38.00;4506.20;1024.90;78.12;1;1;0;1;0;0;1;0;0;1;0;0;1;1;0;0;0;0;0
1372138;1.39;0.95;3.00;1287.00;14.25;82.50;13.50;0;12.15;14.21;197.27;149.15;2.58;75994.00;3.00;3.00;37.00;4495.20;1024.90;800.77;1;1;0;1;0;0;1;0;0;1;0;0;1;1;0;0;0;0;0
1373587;1.98;0.94;3.00;1274.00;14.25;82.50;12.75;0.39;12.48;14.02;88.96;76.62;2.58;75994.00;4.00;4.00;48.00;4590.20;1024.90;820.30;1;1;0;1;0;0;1;0;0;1;0;0;1;1;0;0;0;0;0
1375024;2.04;0.99;6.00;2737.00;14.25;83.25;30.00;3.92;15.71;14.11;148.29;55.47;2.58;75994.00;6.00;5.00;47.00;4536.60;1024.90;820.30;1;1;0;1;0;0;1;0;0;1;0;0;1;1;0;0;0;0;0
1376617;1.36;0.96;2.00;1293.00;14.25;83.25;12.00;0;11.94;14.39;145.64;49.70;2.31;75994.00;3.00;3.00;36.00;4502.40;1024.90;820.30;1;1;0;1;0;0;1;0;0;1;0;0;1;1;0;0;0;0;0
1378103;1.35;0.92;0;1302.00;14.25;83.25;12.75;0;11.99;14.11;91.36;72.18;2.58;75994.00;0;0;38.00;4495.00;1024.90;234.37;1;1;0;1;0;0;1;0;0;1;0;0;1;1;0;0;0;0;0
1379607;1.39;0.94;0;1192.00;14.25;83.25;20.25;0;13.35;13.83;247.45;175.98;2.82;75994.00;0;0;39.00;4496.20;1024.90;19.53;1;1;0;1;0;0;1;0;0;1;0;0;1;1;0;0;0;0;0
1381128;1.52;0.99;0;1286.00;14.25;83.25;13.50;0;12.44;14.11;130.38;109.62;2.58;75994.00;0;0;41.00;4508.40;1024.90;39.06;1;1;0;1;0;0;1;0;0;1;0;0;1;1;0;0;0;0;0
1382665;1.41;1.02;3.00;1249.00;14.25;84.00;15.00;0;12.56;14.21;68.26;52.07;2.58;75994.00;4.00;4.00;38.00;4512.60;1024.90;781.24;1;1;0;1;0;0;1;0;0;1;0;0;1;1;0;0;0;0;0
1384175;1.90;0.98;5.00;1255.00;14.25;84.00;16.50;0.39;12.82;14.21;145.75;180.95;2.58;75994.00;5.00;5.00;41.00;4531.20;1024.90;878.90;1;1;0;1;0;0;1;0;0;1;0;0;1;1;0;0;0;0;0
1385711;1.35;0.95;6.00;1398.00;14.25;84.00;12.75;0.39;11.35;14.30;83.00;109.86;2.58;75994.00;7.00;7.00;47.00;4521.80;1024.90;839.83;1;1;0;1;0;0;1;0;0;1;0;0;1;1;0;0;0;0;0
1387144;1.34;0.94;8.00;1247.00;14.25;84.00;15.00;0;12.59;14.02;107.61;116.28;2.58;75994.00;9.00;8.00;38.00;4523.00;1024.90;39.06;1;1;0;1;0;0;1;0;0;1;0;0;1;1;0;0;0;0;0
1388607;1.41;0.98;6.00;1200.00;14.25;84.00;19.50;0;13.16;13.92;76.99;106.85;2.82;75994.00;6.00;6.00;37.00;4525.40;1024.90;78.12;1;1;0;1;0;0;1;0;0;1;0;0;1;1;0;0;0;0;0
1390097;1.33;0.98;6.00;1261.00;14.25;84.75;12.75;0;11.86;14.02;57.18;56.66;2.58;75994.00;6.00;6.00;35.00;4501.00;1024.90;585.93;1;1;0;1;0;0;1;0;0;1;0;0;1;1;0;0;0;0;0
1391645;1.41;0.98;5.00;1228.00;14.25;84.75;16.50;0;12.36;14.11;80.97;47.91;2.58;75994.00;6.00;6.00;36.00;4497.00;1024.90;58.59;1;1;0;1;0;0;1;0;0;1;0;0;1;1;0;0;0;0;0
1393120;1.32;1.00;6.00;1247.00;14.25;84.75;15.00;0;12.04;14.30;75.50;32.09;2.58;75994.00;6.00;6.00;35.00;4484.20;1024.90;839.83;1;1;0;1;1;0;1;0;0;1;0;0;1;1;0;0;1;0;0
1394622;1.30;0.96;3.00;1254.00;14.25;84.75;14.25;0;11.88;13.92;153.72;87.01;2.82;75994.00;4.00;4.00;35.00;4522.20;1024.90;117.19;1;1;0;1;0;0;1;0;0;1;0;0;1;1;0;0;0;0;0
1396229;1.34;0.98;0;1211.00;14.25;84.75;18.00;0;12.51;13.83;207.06;215.81;2.82;75994.00;0;0;35.00;4512.20;1024.90;488.28;1;1;0;1;0;0;1;0;0;1;0;0;1;1;0;0;0;0;0
1397860;1.31;0.97;0;1215.00;14.25;84.75;17.25;0;12.39;14.02;169.77;186.57;2.58;75994.00;0;0;35.00;4494.80;1024.90;58.59;1;1;0;1;0;0;1;0;0;1;0;0;1;1;0;0;0;0;0
1399301;1.35;1.01;0;1227.00;14.25;84.75;17.25;0;12.41;14.02;165.26;200.42;2.58;75994.00;0;0;35.00;4484.60;1024.90;97.66;1;1;0;1;1;0;1;0;0;1;0;0;1;1;0;0;1;0;0
1400768;1.32;1.01;0;1255.00;14.25;84.75;13.50;0;11.72;14.21;175.48;154.44;2.58;75994.00;0;0;34.00;4509.40;1024.90;859.36;1;1;0;1;0;0;1;0;0;1;0;0;1;1;0;0;0;0;0
1402228;1.23;0.96;0;1257.00;14.25;84.75;13.50;0;11.68;13.83;235.12;262.05;2.82;75994.00;0;0;34.00;4530.00;1024.90;371.09;1;1;0;1;1;0;1;0;0;1;0;0;1;1;0;0;1;0;0
1403749;1.26;0.94;0;1252.00;14.25;84.75;13.50;0;11.61;14.02;246.62;309.47;2.58;75994.00;0;0;34.00;4523.40;1024.90;820.30;1;1;0;1;0;0;1;0;0;1;0;0;1;1;0;0;0;0;0
1405269;1.29;0.93;0;1236.00;14.25;84.75;16.50;0;12.13;13.92;241.80;201.88;2.82;75994.00;0;0;35.00;4518.80;1024.90;58.59;1;1;0;1;0;0;1;0;0;1;0;0;1;1;0;0;0;0;0
1406745;1.28;0.97;0;1256.00;14.25;84.75;15.00;0;11.91;14.21;267.62;233.01;2.58;75994.00;0;0;35.00;4493.60;1024.90;78.12;1;1;0;1;0;0;1;0;0;1;0;0;1;1;0;0;0;0;0
1408165;1.42;1.02;0;1217.00;14.25;84.75;17.25;0;12.34;14.11;320.62;288.11;2.58;75994.00;0;0;35.00;4492.60;1024.90;859.36;1;1;0;1;1;0;1;0;0;1;0;0;1;1;0;0;1;0;0
1409610;1.38;0.98;0;1230.00;14.25;84.75;15.00;0;11.89;14.11;316.80;320.49;2.58;75994.00;0;0;34.00;4517.40;1024.90;839.83;1;1;0;1;0;0;1;0;0;1;0;0;1;1;0;0;0;0;0
1411096;1.39;0.95;0;1142.00;14.25;84.75;23.25;0;13.13;13.73;238.87;299.86;2.82;75994.00;0;0;34.00;4546.40;1024.90;58.59;1;1;0;1;0;0;1;0;0;1;0;0;1;1;0;0;0;0;0
1412571;1.22;0.95;0;1281.00;14.25;84.75;12.75;0;11.51;13.92;242.70;272.31;2.82;75994.00;0;0;35.00;4526.80;1024.90;136.72;1;1;0;1;0;0;1;0;0;1;0;0;1;1;0;0;0;0;0
1414011;1.29;0.98;0;1263.00;14.25;84.75;14.25;0;11.84;13.83;289.10;300.33;2.82;75994.00;0;0;35.00;4515.20;1024.90;58.59;1;1;0;1;0;0;1;0;0;1;0;0;1;1;0;0;0;0;0
1415450;1.30;0.99;0;1241.00;14.25;84.75;15.75;0;12.08;14.02;321.68;282.99;2.58;75994.00;0;0;35.00;4506.00;1024.90;800.77;1;1;0;1;0;0;1;0;0;1;0;0;1;1;0;0;0;0;0
1416962;1.39;0.97;0;1226.00;14.25;84.75;17.25;0;12.38;13.92;319.75;298.13;2.82;75994.00;0;0;36.00;4486.00;1024.90;78.12;1;1;0;1;1;0;1;0;0;1;0;0;1;1;0;0;1;0;0
1418311;1.56;0.97;0;1175.00;14.25;84.75;20.25;0;12.82;14.21;325.27;217.97;2.58;75994.00;0;0;35.00;4492.80;1024.90;859.36;1;1;0;1;0;0;1;0;0;1;0;0;1;1;0;0;0;0;0
1419916;1.25;0.93;0;1240.00;14.25;84.75;15.00;0;11.94;13.92;318.48;286.00;2.82;75994.00;0;0;35.00;4511.80;1024.90;117.19;1;1;0;1;1;0;1;0;0;1;0;0;1;1;0;0;1;0;0
1421308;1.37;0.95;0;1231.00;14.25;84.75;15.75;0;12.10;14.02;341.99;296.29;2.58;75994.00;0;0;35.00;4521.20;1024.90;58.59;1;1;0;1;0;0;1;0;0;1;0;0;1;1;0;0;0;0;0
1422779;2.32;1.00;0;2802.00;14.25;85.50;31.50;4.71;17.74;14.21;298.16;248.52;2.58;75994.00;0;0;45.00;4556.00;1024.90;917.96;1;1;0;1;0;0;1;0;0;1;0;0;1;1;0;0;0;0;0
1424202;3.82;0.96;18.00;2248.00;14.25;85.50;18.75;11.37;30.85;14.11;68.12;63.04;2.58;75994.00;19.00;19.00;45.00;4438.80;1024.90;820.30;1;1;0;1;0;0;1;0;0;1;0;0;1;1;0;0;0;0;0
1425743;3.71;0.97;36.00;3954.00;14.25;85.50;34.50;15.30;29.66;14.11;10.92;7.93;2.58;75994.00;35.00;36.00;45.00;4647.60;1024.90;39.06;1;1;0;1;0;0;1;0;0;1;0;0;1;1;0;0;0;0;0
1427323;4.58;1.00;50.00;4463.00;14.25;85.50;37.50;15.30;29.03;14.02;4.10;0.35;2.58;75994.00;48.00;50.00;45.00;4400.40;1024.90;917.96;2.00;1;0;1;0;0;1;0;0;1;0;0;1;1;0;0;0;0;0
1428777;4.78;1.08;61.00;4767.00;14.25;85.50;32.25;23.53;33.88;14.11;0.06;1.23;2.58;75994.00;61.00;62.00;45.00;4413.00;1024.78;917.96;2.00;1;0;1;0;0;1;0;0;1;0;0;1;1;0;0;0;0;0
1430272;2.22;0.88;63.00;3867.00;14.25;85.50;42.00;7.06;20.04;14.11;0;0.35;2.58;75994.00;62.00;64.00;45.00;4494.60;1024.86;117.19;3.00;1;0;1;0;0;1;0;0;1;0;0;1;1;0;0;0;0;0
1431757;7.11;1.00;68.00;4254.00;14.25;85.50;14.25;38.83;46.76;13.92;3.52;0.55;2.82;75994.00;68.00;69.00;45.00;4702.60;1024.66;117.19;3.00;1;0;1;0;0;1;0;0;1;0;0;1;1;0;0;0;0;0
1433230;4.96;1.00;77.00;3991.00;14.25;84.75;30.00;20.00;33.47;14.02;251.61;204.91;2.58;75994.00;77.00;78.00;46.00;4483.80;1024.39;898.43;4.00;1;0;1;0;0;1;0;0;0;0;0;1;1;0;0;0;0;0
1434760;4.86;1.02;86.00;4460.00;14.25;84.75;28.50;24.32;36.00;14.02;180.46;186.20;2.58;75994.00;84.00;86.00;46.00;4544.60;1024.15;136.72;4.00;1;0;1;0;0;1;0;0;0;0;0;1;1;0;0;0;0;0
1436246;2.72;0.95;86.00;3992.00;14.25;84.00;40.50;9.41;22.27;14.02;148.39;301.41;2.58;75995.00;86.00;87.00;46.00;4457.40;1023.96;703.12;5.00;1;0;1;0;0;1;0;0;0;0;0;1;1;0;0;0;0;0
1437739;3.02;0.92;85.00;3927.00;14.25;84.00;38.25;10.98;23.89;13.92;259.42;315.51;2.82;75995.00;85.00;86.00;46.00;4515.20;1023.80;878.90;5.00;1;0;1;0;0;1;0;0;0;0;0;1;1;0;0;0;0;0
1439203;4.94;1.00;85.00;3900.00;14.25;83.25;27.00;21.96;35.03;14.11;282.11;249.69;2.58;75995.00;84.00;85.00;47.00;4579.60;1023.76;781.24;5.00;1;0;1;0;0;1;0;0;0;0;0;1;1;0;0;0;0;0
1440652;4.00;0.97;83.00;3861.00;13.50;83.25;33.00;16.08;28.77;14.11;213.33;213.62;2.58;75995.00;84.00;84.00;47.00;4506.20;1023.53;859.36;5.00;1;0;1;0;0;1;0;0;0;0;0;1;1;0;0;0;0;0
1442139;3.42;0.91;83.00;3865.00;13.50;82.50;33.00;15.69;28.58;14.11;286.17;301.52;2.58;75995.00;82.00;84.00;47.00;4489.60;1022.87;800.77;5.00;1;0;1;0;0;1;0;0;0;0;0;1;1;0;0;0;0;0
1443618;3.19;0.93;83.00;3821.00;13.50;81.75;34.50;12.94;26.44;14.11;326.56;299.81;2.58;75995.00;82.00;84.00;48.00;4469.40;1022.63;820.30;5.00;1;0;1;0;0;1;0;0;0;0;0;1;1;0;0;0;0;0
1445128;2.54;0.94;82.00;3791.00;13.50;81.75;39.75;8.24;21.34;14.11;31.54;29.02;2.58;75995.00;82.00;83.00;48.00;4481.40;1022.51;898.43;5.00;1;0;1;0;0;1;0;0;0;0;0;1;1;0;0;0;0;0
1446625;1.66;0.96;77.00;3553.00;13.50;81.75;40.50;4.71;14.02;14.02;2.62;3.18;2.58;75995.00;77.00;77.00;48.00;4519.40;1021.89;859.36;5.00;1;0;1;0;0;1;0;0;0;0;0;1;1;0;0;0;0;0
1448142;0.62;1.00;71.00;3238.00;13.50;81.00;-30.00;0;0;14.02;2.75;1.70;2.58;75995.00;71.00;71.00;48.00;4493.40;1021.50;39.06;5.00;1;0;1;0;0;1;0;0;0;0;0;1;1;0;0;0;0;0
1449701;4.75;1.00;67.00;3112.00;13.50;81.00;26.25;16.47;30.52;14.02;2.30;2.05;2.58;75995.00;67.00;67.00;48.00;4471.20;1021.30;839.83;5.00;1;0;1;0;0;1;0;0;0;0;0;1;1;0;0;0;0;0
1451251;4.56;0.99;71.00;3305.00;13.50;81.00;23.25;21.18;33.92;14.11;0.82;0.47;2.58;75995.00;71.00;72.00;48.00;4525.40;1021.26;390.62;5.00;1;0;1;0;0;1;0;0;0;0;0;1;1;0;0;0;0;0
1452688;5.94;1.00;76.00;3556.00;13.50;81.00;19.50;25.49;38.58;14.11;0.45;0.72;2.58;75995.00;75.00;77.00;48.00;4539.40;1021.19;703.12;5.00;1;0;1;0;0;1;0;0;0;0;0;1;1;0;0;0;0;0
1454177;3.77;1.00;82.00;3789.00;13.50;81.00;31.50;16.86;30.03;14.11;0.53;0;2.58;75995.00;82.00;83.00;48.00;4485.00;1020.76;878.90;5.00;1;0;1;0;0;1;0;0;0;0;0;1;1;0;0;0;0;0
1455612;4.20;1.00;87.00;4042.00;13.50;81.00;30.75;19.22;33.00;14.11;2.32;0.18;2.58;75995.00;87.00;88.00;48.00;4510.40;1020.33;898.43;5.00;1;0;1;0;0;1;0;0;0;0;0;1;1;0;0;0;0;0
1457051;5.02;0.97;88.00;4119.00;13.50;81.00;30.00;19.22;33.29;14.11;0.88;0.33;2.58;75995.00;89.00;89.00;48.00;4559.20;1020.13;878.90;5.00;1;0;1;0;0;1;0;0;0;0;0;1;1;0;0;0;0;0
1458449;3.76;0.90;91.00;4220.00;13.50;81.00;31.50;18.04;31.75;13.92;0.23;0;2.82;75995.00;90.00;91.00;48.00;4518.20;1019.97;761.71;5.00;1;0;1;0;0;1;0;0;0;0;0;1;1;0;0;0;0;0
1459941;4.23;1.00;92.00;4286.00;13.50;81.00;32.25;19.22;32.04;13.92;1.31;1.66;2.82;75995.00;92.00;93.00;48.00;4510.60;1019.51;761.71;5.00;1;0;1;0;0;1;0;0;0;0;0;1;1;0;0;0;0;0
1461212;3.69;1.00;95.00;4430.00;13.50;81.00;33.75;16.86;30.16;14.02;0.29;1.60;2.58;75995.00;92.00;95.00;48.00;4483.00;1019.23;878.90;5.00;1;0;1;0;0;1;0;0;0;0;0;1;1;0;0;0;0;0
1462593;3.28;0.96;93.00;4303.00;13.50;81.00;37.50;13.33;26.26;14.11;1.27;1.27;2.58;75995.00;92.00;94.00;48.00;4508.00;1018.96;624.99;5.00;1;0;1;0;0;1;0;0;0;0;0;1;1;0;0;0;0;0
1464038;2.46;1.00;91.00;4222.00;13.50;81.00;43.50;7.84;19.71;13.92;0.21;1.11;2.82;75995.00;92.00;92.00;48.00;4471.60;1018.84;878.90;5.00;1;0;1;0;0;1;0;0;0;0;0;1;1;0;0;0;0;0
1465508;2.00;0.96;90.00;4105.00;13.50;81.00;45.00;6.28;16.47;14.11;1.39;2.79;2.58;75995.00;89.00;90.00;48.00;4455.20;1018.57;898.43;5.00;1;0;1;0;0;1;0;0;0;0;0;1;1;0;0;0;0;0
1467003;0.98;0.99;82.00;3814.00;13.50;81.00;43.50;1.96;7.75;14.02;0.35;0.08;2.58;75995.00;83.00;83.00;48.00;4490.40;1017.94;898.43;5.00;1;0;1;0;0;1;0;0;0;0;0;1;1;0;0;0;0;0
1468409;2.28;1.00;78.00;3642.00;13.50;81.00;40.50;6.67;18.82;14.11;4.34;0.27;2.58;75995.00;78.00;79.00;48.00;4520.20;1017.67;898.43;5.00;1;0;1;0;0;1;0;0;0;0;0;1;1;0;0;0;0;0
1469869;0.64;1.00;70.00;3210.00;13.50;81.75;-30.00;0;0;14.02;0.35;1.07;2.58;75995.00;69.00;70.00;48.00;4598.20;1017.32;0;5.00;1;0;1;0;0;1;0;0;0;0;0;1;1;0;0;0;0;0
1471400;1.21;1.00;55.00;2526.00;13.50;81.75;1.50;0;9.18;14.11;0.55;0.76;2.58;75995.00;55.00;55.00;48.00;4266.80;1016.65;19.53;5.00;1;0;1;0;0;1;0;0;1;0;0;1;1;0;0;0;0;0
1473012;0.88;1.00;43.00;2305.00;13.50;81.75;15.75;0;12.65;14.30;11.01;12.91;2.58;75995.00;44.00;44.00;41.00;4513.20;1016.42;839.83;4.00;1;0;1;0;0;1;0;0;1;0;0;1;1;0;0;0;0;0
1474500;0.86;1.00;36.00;2248.00;13.50;81.75;15.00;0;12.46;14.21;7.27;32.95;2.58;75995.00;36.00;36.00;38.00;4535.00;1016.34;97.66;3.00;1;0;1;0;0;1;0;0;1;0;0;1;1;0;0;0;0;0
1475933;0.90;1.00;27.00;2128.00;13.50;81.75;15.00;0;12.50;14.11;24.18;37.13;2.58;75995.00;28.00;27.00;39.00;4518.40;1016.30;39.06;2.00;1;0;1;0;0;1;0;0;1;0;0;1;1;0;0;0;0;0
1477307;1.33;1.00;16.00;1342.00;13.50;81.75;14.25;0;12.34;14.30;166.26;123.29;2.58;75995.00;16.00;16.00;38.00;4492.60;1016.30;878.90;2.00;1;0;1;0;0;1;0;0;1;0;0;1;1;0;0;0;0;0
1478910;1.28;0.95;11.00;1328.00;13.50;81.75;14.25;0;12.37;14.30;284.08;116.93;2.58;75995.00;12.00;12.00;39.00;4501.00;1016.30;761.71;1;1;0;1;0;0;1;0;0;1;0;0;1;1;0;0;0;0;0
1480261;1.30;1.00;10.00;1462.00;13.50;81.75;15.00;0;12.59;14.30;157.82;75.29;2.58;75995.00;10.00;10.00;39.00;4474.40;1016.30;859.36;1;1;0;1;0;0;1;0;0;1;0;0;1;1;0;0;0;0;0
1481760;1.27;0.95;0;1275.00;13.50;82.50;14.25;0;12.39;14.39;112.16;79.33;2.31;75995.00;0;0;37.00;4516.20;1016.30;332.03;1;1;0;1;1;0;1;0;0;1;0;0;1;1;0;0;0;0;0
1483302;1.29;0.94;0;1255.00;13.50;82.50;15.75;0;12.55;14.30;155.15;157.18;2.58;75995.00;0;0;38.00;4509.40;1016.30;39.06;1;1;0;1;0;0;1;0;0;1;0;0;1;1;0;0;0;0;0
1484878;1.37;0.99;0;1236.00;13.50;83.25;17.25;0;12.77;14.39;114.11;106.40;2.31;75995.00;0;0;37.00;4541.20;1016.30;917.96;1;1;0;1;0;0;1;0;0;1;0;0;1;1;0;0;0;0;0
1486284;6.06;1.02;21.00;2860.00;13.50;83.25;13.50;32.94;42.69;14.11;147.76;143.35;2.58;75995.00;20.00;22.00;47.00;4557.80;1016.30;722.65;1;1;0;1;0;0;1;0;0;1;0;0;1;1;0;0;0;0;0
1487841;1.60;1.00;46.00;4182.00;13.50;83.25;48.00;8.24;6.44;14.02;179.03;132.82;2.58;75995.00;46.00;46.00;47.00;4277.40;1016.22;917.96;1;1;0;1;0;0;1;0;0;1;0;0;1;1;0;0;0;0;0
1489320;7.86;1.06;68.00;5325.00;13.50;84.00;18.75;61.97;50.34;14.02;330.80;325.33;2.58;75995.00;66.00;69.00;46.00;4418.60;1015.95;39.06;2.00;1;0;1;0;0;1;0;0;1;0;0;1;1;0;0;0;0;0
1490808;7.58;1.00;82.00;5090.00;13.50;83.25;18.00;61.18;50.55;14.02;347.63;294.88;2.58;75995.00;80.00;83.00;47.00;4527.60;1015.56;800.77;3.00;1;0;1;0;0;1;0;0;1;0;0;1;1;0;0;0;0;0
1492306;7.23;1.00;93.00;4847.00;13.50;82.50;18.00;41.57;44.78;14.02;284.98;258.50;2.58;75996.00;91.00;94.00;47.00;4589.40;1015.29;449.21;4.00;1;0;1;0;0;1;0;0;0;0;0;1;1;0;0;0;0;0
1493767;7.80;1.00;97.00;4468.00;13.50;81.75;15.75;52.55;51.01;14.11;115.23;66.21;2.58;75996.00;95.00;98.00;48.00;4565.40;1014.90;156.25;5.00;1;0;1;0;0;1;0;0;0;0;0;1;1;0;0;0;0;0
1495292;7.21;1.00;103.00;4774.00;13.50;81.75;17.25;47.46;47.07;14.02;5.19;5.98;2.58;75996.00;101.00;104.00;48.00;4518.00;1014.47;39.06;5.00;1;0;1;0;0;1;0;0;0;0;0;1;1;0;0;0;0;0
1496807;6.82;1.05;107.00;4931.00;13.50;81.75;18.75;42.75;44.82;14.02;0;4.41;2.58;75996.00;104.00;107.00;48.00;4508.40;1014.04;39.06;5.00;1;0;1;0;0;1;0;0;0;0;0;1;1;0;0;0;0;0
1498266;5.94;1.00;110.00;5026.00;13.50;81.75;22.50;39.22;42.92;14.02;0.90;0;2.58;75996.00;108.00;110.00;48.00;4520.80;1013.53;117.19;5.00;1;0;1;0;0;1;0;0;0;0;0;1;1;0;0;0;0;0
1499776;5.83;1.02;111.00;5147.00;13.50;81.75;24.00;37.65;40.94;14.02;0.29;0;2.58;75996.00;109.00;112.00;48.00;4513.00;1013.10;820.30;5.00;1;0;1;0;0;1;0;0;0;0;0;1;1;0;0;0;0;0
1501360;3.16;0.99;110.00;5056.00;13.50;81.75;41.25;15.69;24.68;14.02;1.19;2.25;2.58;75996.00;109.00;110.00;48.00;4514.80;1012.67;58.59;5.00;1;0;1;0;0;1;0;0;0;0;0;1;1;0;0;0;0;0
1502790;4.35;1.07;108.00;4957.00;12.75;81.75;35.25;21.96;29.94;14.11;1.72;0.57;2.58;75996.00;106.00;108.00;48.00;4534.20;1012.04;39.06;5.00;1;0;1;0;0;1;0;0;0;0;0;1;1;0;0;0;0;0
1504302;4.22;1.03;107.00;4928.00;12.75;81.75;34.50;22.75;30.32;14.02;0;0.70;2.58;75996.00;105.00;107.00;48.00;4528.60;1011.62;58.59;5.00;1;0;1;0;0;1;0;0;0;0;0;1;1;0;0;0;0;0
1505709;4.34;1.02;108.00;5018.00;12.75;81.75;33.75;24.32;31.90;13.92;0.37;0;2.82;75996.00;108.00;109.00;48.00;4498.40;1011.38;58.59;5.00;1;0;1;0;0;1;0;0;0;0;0;1;1;0;0;0;0;0
1507276;6.22;1.00;107.00;4913.00;12.75;81.75;23.25;35.69;41.04;13.92;1.43;0.51;2.82;75996.00;104.00;107.00;48.00;4528.60;1010.68;117.19;5.00;1;0;1;0;0;1;0;0;0;0;0;1;1;0;0;0;0;0
1508841;5.16;1.06;107.00;4917.00;12.75;81.75;29.25;29.42;36.30;14.11;2.11;0.76;2.58;75996.00;105.00;107.00;48.00;4519.80;1010.37;136.72;5.00;1;0;1;0;0;1;0;0;0;0;0;1;1;0;0;0;0;0
1510328;3.62;1.06;103.00;4758.00;12.75;81.75;39.00;15.69;25.90;14.02;0;0;2.58;75996.00;102.00;103.00;48.00;4502.60;1009.47;800.77;5.00;1;0;1;0;0;1;0;0;0;0;0;1;1;0;0;0;0;0
1511761;1.54;0.97;96.00;4410.00;12.75;81.75;47.25;5.10;12.34;14.11;0;0.64;2.58;75996.00;95.00;96.00;48.00;4462.80;1009.39;820.30;5.00;1;0;1;0;0;1;0;0;0;0;0;1;1;0;0;0;0;0
1513264;1.79;0.90;88.00;4097.00;12.75;81.75;45.00;5.88;15.83;14.02;0.25;0;2.58;75996.00;87.00;89.00;48.00;4517.40;1009.00;664.05;5.00;1;0;1;0;0;1;0;0;0;0;0;1;1;0;0;0;0;0
1514749;0.78;1.00;82.00;3649.00;12.75;81.75;42.00;1.57;6.50;14.02;2.89;1.11;2.58;75996.00;82.00;82.00;48.00;4524.40;1008.49;878.90;5.00;1;0;1;0;0;1;0;0;0;0;0;1;1;0;0;0;0;0
1516274;1.15;0.95;73.00;3372.00;12.75;81.75;39.00;2.75;9.92;14.02;4.18;0.20;2.58;75996.00;74.00;74.00;48.00;4518.20;1007.98;644.52;5.00;1;0;1;0;0;1;0;0;0;0;0;1;1;0;0;0;0;0
1517709;0.74;1.00;67.00;2492.00;12.75;81.75;-30.00;0;0;14.21;2.21;0.72;2.58;75996.00;67.00;68.00;48.00;4565.80;1007.75;39.06;4.00;1;0;1;0;0;1;0;0;0;0;0;1;1;0;0;0;0;0
1519347;0.76;1.00;56.00;2670.00;12.75;81.75;-30.00;0;0;14.11;3.26;1.66;2.58;75996.00;57.00;56.00;48.00;4231.80;1007.59;0;3.00;1;0;1;0;0;1;0;0;0;0;0;1;1;0;0;0;0;0
1520871;0.68;1.00;43.00;2803.00;12.75;81.75;-30.00;0;0;14.11;1.93;0.04;2.58;75996.00;44.00;44.00;48.00;4380.40;1007.12;0;2.00;1;0;1;0;0;1;0;0;1;0;0;1;1;0;0;0;0;0
1522365;2.70;1.00;23.00;2521.00;12.75;82.50;-2.25;3.92;13.16;14.11;9.53;4.32;2.58;75996.00;24.00;23.00;47.00;4369.80;1006.69;19.53;2.00;1;0;1;0;0;1;0;0;1;0;0;1;1;0;0;0;0;0
1523911;1.34;1.00;12.00;1296.00;12.75;82.50;13.50;0;11.99;14.39;105.64;45.29;2.31;75996.00;12.00;12.00;38.00;4488.00;1006.50;781.24;1;1;0;1;0;0;1;0;0;1;0;0;1;1;0;0;0;0;0
1525431;3.46;1.00;8.00;2855.00;12.75;82.50;30.00;9.41;25.71;14.21;211.76;126.44;2.58;75996.00;9.00;9.00;47.00;4581.60;1006.42;683.59;1;1;0;1;0;0;1;0;0;1;0;0;1;1;0;0;0;0;0
1526902;1.17;1.00;23.00;2534.00;12.75;82.50;26.25;2.35;12.11;14.21;242.93;167.76;2.58;75996.00;23.00;24.00;47.00;4543.20;1006.38;859.36;1;1;0;1;0;0;1;0;0;1;0;0;1;1;0;0;0;0;0
1528458;5.03;1.00;20.00;2498.00;12.75;82.50;18.00;16.47;34.04;14.11;195.16;95.38;2.58;75996.00;20.00;20.00;47.00;4422.20;1006.38;820.30;1;1;0;1;0;0;1;0;0;1;0;0;1;1;0;0;0;0;0
1529964;8.68;1.00;45.00;4931.00;12.75;82.50;17.25;99.62;57.71;13.92;333.87;302.54;2.82;75996.00;42.00;45.00;47.00;4565.60;1006.38;878.90;1;1;0;1;0;0;1;0;0;1;0;0;1;1;0;0;0;0;0
1531412;8.41;1.00;70.00;5847.00;12.75;83.25;18.75;63.54;48.42;13.92;352.30;347.40;2.82;75996.00;68.00;71.00;47.00;4310.80;1006.58;761.71;2.00;1;0;1;0;0;1;0;0;0;0;0;1;1;0;0;0;0;0
1532870;9.00;1.00;93.00;7334.00;12.00;82.50;19.50;99.62;55.79;14.02;215.92;219.93;2.58;75996.00;91.00;93.00;47.00;4506.80;1006.30;898.43;2.00;1;0;1;0;0;1;0;0;0;0;0;0;1;0;0;1;0;0
1534423;7.93;1.00;107.00;6678.00;12.00;81.75;21.00;67.07;48.00;14.02;47.81;114.09;2.58;75996.00;105.00;108.00;48.00;4478.60;1005.79;800.77;3.00;1;0;1;0;0;1;0;0;0;0;0;0;1;0;0;0;0;0
1535964;8.82;1.00;122.00;7559.00;12.00;81.00;21.00;99.62;55.77;14.02;3.28;3.32;2.58;75996.00;119.00;123.00;48.00;4518.40;1005.44;878.90;3.00;1;0;1;0;0;1;0;0;0;0;0;0;1;0;0;0;0;0
1537396;0.51;1.00;131.00;7480.00;12.00;81.00;50.25;0;4.01;14.02;0;0;2.58;75997.00;128.00;131.00;48.00;4541.80;1005.05;878.90;3.00;1;0;1;0;0;1;0;0;0;0;0;0;1;0;0;1;0;0
1538749;1.26;1.00;125.00;5753.00;12.00;81.00;50.25;3.92;8.46;14.02;0.35;0;2.58;75997.00;125.00;125.00;48.00;4502.20;1004.35;429.68;5.00;1;0;1;0;0;1;0;0;0;0;0;0;1;0;0;0;0;0
1540197;0.54;1.00;103.00;4747.00;12.00;81.00;-30.00;0;0;14.02;1.80;0.27;2.58;75997.00;103.00;103.00;48.00;4540.40;1003.69;0;5.00;1;0;1;0;0;1;0;0;0;0;0;0;1;0;0;0;0;0
1541651;4.45;1.00;96.00;4453.00;12.00;81.00;31.50;21.18;32.69;14.02;0.76;2.56;2.58;75997.00;94.00;96.00;48.00;4522.80;1003.26;234.37;5.00;1;0;1;0;0;1;0;0;0;0;0;0;1;0;0;0;0;0
1543213;4.91;1.02;96.00;4415.00;12.00;81.75;28.50;23.92;35.98;14.02;1.05;0.43;2.58;75997.00;95.00;96.00;48.00;4477.40;1003.02;175.78;5.00;1;0;1;0;0;1;0;0;0;0;0;1;1;0;0;0;0;0
1544749;4.62;1.04;97.00;4453.00;12.00;81.75;30.00;22.75;34.57;14.11;0;0.16;2.58;75997.00;96.00;97.00;48.00;4499.00;1002.51;722.65;5.00;1;0;1;0;0;1;0;0;0;0;0;1;1;0;0;0;0;0
1546243;3.54;0.96;95.00;4402.00;12.00;81.75;36.00;16.08;28.25;13.92;0.64;0.51;2.82;75997.00;94.00;96.00;48.00;4484.20;1002.08;97.66;5.00;1;0;1;0;0;1;0;0;0;0;0;1;1;0;0;0;0;0
1547682;5.36;1.04;95.00;4363.00;12.00;82.50;26.25;26.28;38.13;14.02;186.90;171.82;2.58;75997.00;94.00;95.00;47.00;4491.40;1001.85;722.65;5.00;1;0;1;0;0;1;0;0;0;0;0;1;1;0;0;0;0;0
1549199;4.69;1.06;96.00;4437.00;12.00;82.50;30.75;22.36;33.95;13.92;210.18;226.74;2.82;75997.00;95.00;97.00;47.00;4494.20;1001.34;781.24;5.00;1;0;1;0;0;1;0;0;0;0;0;1;1;0;0;0;0;0
1550619;5.10;1.00;97.00;4479.00;12.00;82.50;26.25;27.85;38.43;14.11;126.26;163.06;2.58;75997.00;95.00;98.00;47.00;4506.20;1000.83;781.24;5.00;1;0;1;0;0;1;0;0;0;0;0;1;1;0;0;0;0;0
1552106;3.51;0.96;97.00;4462.00;12.00;82.50;36.00;16.08;27.91;14.02;314.06;317.95;2.58;75997.00;96.00;97.00;47.00;4473.60;1000.44;117.19;5.00;1;0;1;0;0;1;0;0;0;0;0;1;1;0;0;0;0;0
1553511;3.89;1.02;95.00;4377.00;12.00;82.50;35.25;17.26;29.08;14.02;344.72;330.35;2.58;75997.00;94.00;95.00;47.00;4513.40;999.93;703.12;5.00;1;0;1;0;0;1;0;0;0;0;0;1;1;0;0;0;0;0
1554993;4.87;1.00;93.00;4358.00;12.00;83.25;28.50;24.71;36.49;14.11;335.00;306.23;2.58;75997.00;92.00;94.00;47.00;4532.60;999.62;820.30;5.00;1;0;1;0;0;1;0;0;0;0;0;1;1;0;0;0;0;0
1556439;5.85;0.98;95.00;4403.00;12.00;83.25;21.00;33.34;42.27;14.11;317.87;224.79;2.58;75997.00;93.00;96.00;47.00;4544.40;999.31;58.59;5.00;1;0;1;0;0;1;0;0;0;0;0;1;1;0;0;0;0;0
1557873;4.57;1.01;97.00;4481.00;12.00;83.25;30.75;22.75;33.96;14.11;351.97;303.59;2.58;75997.00;95.00;97.00;47.00;4482.80;998.80;820.30;5.00;1;0;1;0;0;1;0;0;0;0;0;1;1;0;0;0;0;0
1559402;4.82;1.02;97.00;4484.00;12.00;83.25;29.25;24.71;35.60;14.11;348.96;346.33;2.58;75997.00;95.00;98.00;47.00;4508.80;998.33;664.05;5.00;1;0;1;0;0;1;0;0;0;0;0;1;1;0;0;0;0;0
1560841;5.14;1.04;97.00;4496.00;12.00;83.25;27.75;26.28;36.80;14.02;341.07;342.28;2.58;75997.00;96.00;98.00;47.00;4524.20;997.71;703.12;5.00;1;0;1;0;0;1;0;0;0;0;0;1;1;0;0;0;0;0
1562334;6.90;1.00;98.00;4484.00;11.25;83.25;17.25;40.40;46.31;14.11;190.44;165.93;2.58;75997.00;96.00;98.00;47.00;4575.60;997.20;58.59;5.00;1;0;1;0;0;1;0;0;0;0;0;1;1;0;0;0;0;0
1563816;4.98;1.00;100.00;4560.00;11.25;83.25;27.75;27.45;37.77;14.02;302.34;329.24;2.58;75997.00;98.00;100.00;47.00;4526.80;996.81;97.66;5.00;1;0;1;0;0;1;0;0;0;0;0;1;1;0;0;0;0;0
1565309;4.28;1.01;98.00;4555.00;11.25;83.25;33.00;22.36;32.15;14.02;280.29;348.43;2.58;75997.00;98.00;99.00;47.00;4502.40;996.11;761.71;5.00;1;0;1;0;0;1;0;0;0;0;0;1;1;0;0;0;0;0
1566717;6.34;1.00;102.00;4691.00;11.25;83.25;20.25;39.22;44.07;14.02;283.69;285.27;2.58;75997.00;100.00;102.00;47.00;4484.40;995.75;78.12;5.00;1;0;1;0;0;1;0;0;0;0;0;1;1;0;0;0;0;0
1568281;4.45;1.08;103.00;4780.00;11.25;83.25;33.75;22.36;31.15;14.02;184.29;169.50;2.58;75997.00;102.00;104.00;47.00;4518.20;995.13;781.24;5.00;1;0;1;0;0;1;0;0;0;0;0;1;1;0;0;0;0;0
1569662;4.23;1.06;105.00;4784.00;11.25;83.25;34.50;21.18;30.29;14.02;309.90;300.39;2.58;75997.00;101.00;105.00;47.00;4514.20;994.78;136.72;5.00;1;0;1;0;0;1;0;0;0;0;0;1;1;0;0;0;0;0
1571112;4.02;1.06;101.00;4666.00;11.25;83.25;36.00;19.22;28.88;14.11;308.96;346.33;2.58;75997.00;100.00;102.00;47.00;4496.00;994.31;644.52;5.00;1;0;1;0;0;1;0;0;0;0;0;1;1;0;0;0;0;0
1572495;3.30;0.95;97.00;4488.00;11.25;83.25;37.50;14.90;26.53;14.11;336.17;325.41;2.58;75997.00;96.00;98.00;47.00;4483.80;993.80;585.93;5.00;1;0;1;0;0;1;0;0;0;0;0;1;1;0;0;0;0;0
1573980;6.25;1.00;98.00;4571.00;11.25;83.25;18.00;40.40;46.69;14.02;204.36;226.84;2.58;75998.00;96.00;99.00;47.00;4507.20;993.41;878.90;5.00;1;0;1;0;0;1;0;0;0;0;0;1;1;0;0;0;0;0
1575352;6.16;1.00;102.00;4753.00;12.00;83.25;27.00;30.98;35.93;14.02;306.13;335.66;2.58;75998.00;98.00;102.00;47.00;4476.00;992.75;97.66;5.00;1;0;1;0;0;1;0;0;0;0;0;1;1;0;0;0;0;0
1576988;3.42;1.00;101.00;4653.00;12.00;83.25;38.25;16.08;26.69;13.92;303.50;339.74;2.82;75998.00;100.00;101.00;47.00;4469.60;992.28;859.36;5.00;1;0;1;0;0;1;0;0;0;0;0;1;1;0;0;0;0;0
1578464;1.85;0.88;96.00;4415.00;12.00;83.25;46.50;7.06;16.54;14.02;329.02;345.08;2.58;75998.00;95.00;96.00;47.00;4471.00;991.97;117.19;5.00;1;0;1;0;0;1;0;0;0;0;0;1;1;0;0;0;0;0
1579904;3.66;1.00;93.00;4318.00;12.00;83.25;39.75;12.16;23.86;14.11;257.87;278.85;2.58;75998.00;91.00;94.00;47.00;4558.60;991.50;820.30;5.00;1;0;1;0;0;1;0;0;0;0;0;1;1;0;0;0;0;0
1581377;3.19;0.96;92.00;4221.00;12.00;83.25;37.50;13.33;25.65;14.11;349.61;303.32;2.58;75998.00;91.00;92.00;47.00;4493.40;991.11;117.19;5.00;1;0;1;0;0;1;0;0;0;0;0;1;1;0;0;0;0;0
1582961;3.43;0.92;91.00;4192.00;12.00;83.25;34.50;16.08;28.59;14.11;319.28;265.08;2.58;75998.00;90.00;91.00;47.00;4505.20;990.60;624.99;5.00;1;0;1;0;0;1;0;0;0;0;0;1;1;0;0;0;0;0
1584410;4.07;0.99;90.00;4160.00;12.00;83.25;32.25;18.43;31.35;14.11;247.43;244.50;2.58;75998.00;89.00;90.00;47.00;4520.40;990.44;585.93;5.00;1;0;1;0;0;1;0;0;0;0;0;1;1;0;0;0;0;0
1585851;6.21;1.00;91.00;4186.00;12.00;83.25;20.25;31.38;42.55;14.11;195.81;214.95;2.58;75998.00;89.00;91.00;47.00;4557.00;990.36;839.83;5.00;1;0;1;0;0;1;0;0;0;0;0;1;1;0;0;0;0;0
1587349;4.34;1.00;95.00;4340.00;12.00;83.25;30.00;22.75;34.73;14.02;334.00;322.54;2.58;75998.00;93.00;95.00;47.00;4502.20;989.90;722.65;5.00;1;0;1;0;0;1;0;0;0;0;0;1;1;0;0;0;0;0
1588783;5.48;1.00;93.00;4327.00;12.00;83.25;25.50;25.49;38.84;14.11;350.49;332.30;2.58;75998.00;90.00;94.00;47.00;4540.00;989.43;839.83;5.00;1;0;1;0;0;1;0;0;0;0;0;1;1;0;0;0;0;0
1590267;3.85;0.97;92.00;4252.00;12.00;83.25;33.00;18.04;30.40;14.02;301.66;277.52;2.58;75998.00;90.00;92.00;47.00;4516.00;989.08;781.24;5.00;1;0;1;0;0;1;0;0;0;0;0;1;1;0;0;0;0;0
1591699;6.82;1.00;92.00;4273.00;12.00;83.25;21.75;30.59;40.97;14.02;186.61;189.40;2.58;75998.00;90.00;93.00;47.00;4495.80;988.53;878.90;5.00;1;0;1;0;0;1;0;0;0;0;0;1;1;0;0;0;0;0
1593232;5.47;1.00;97.00;4495.00;12.00;83.25;23.25;31.38;40.92;14.02;315.76;327.87;2.58;75998.00;95.00;97.00;47.00;4523.40;988.25;136.72;5.00;1;0;1;0;0;1;0;0;0;0;0;1;1;0;0;0;0;0
1594636;3.81;1.00;96.00;4409.00;12.00;83.25;36.75;16.08;27.46;14.02;345.88;345.97;2.58;75998.00;95.00;96.00;47.00;4479.00;987.55;683.59;5.00;1;0;1;0;0;1;0;0;0;0;0;1;1;0;0;0;0;0
1596064;3.22;0.95;95.00;4377.00;12.00;83.25;37.50;14.12;26.18;14.02;341.31;282.19;2.58;75998.00;94.00;96.00;47.00;4433.40;987.20;878.90;5.00;1;0;1;0;0;1;0;0;0;0;0;1;1;0;0;0;0;0
1597458;2.35;0.95;90.00;4143.00;12.00;83.25;42.75;8.24;19.71;14.21;176.34;163.62;2.58;75998.00;89.00;91.00;47.00;4480.80;986.89;820.30;5.00;1;0;1;0;0;1;0;0;0;0;0;1;1;0;0;0;0;0
1598941;2.19;0.87;87.00;4017.00;12.00;83.25;42.00;8.24;20.04;14.11;266.21;318.16;2.58;75998.00;86.00;88.00;47.00;4494.60;986.65;859.36;5.00;1;0;1;0;0;1;0;0;0;0;0;1;1;0;0;0;0;0
1600444;4.39;0.95;87.00;4033.00;12.00;83.25;28.50;21.96;34.99;14.02;230.51;317.91;2.58;75998.00;86.00;88.00;47.00;4568.40;986.03;820.30;5.00;1;0;1;0;0;1;0;0;0;0;0;1;1;0;0;0;0;0
1601948;5.02;0.98;92.00;4282.00;12.00;83.25;26.25;26.28;38.16;14.11;201.43;241.14;2.58;75998.00;90.00;93.00;47.00;4532.60;985.60;761.71;5.00;1;0;1;0;0;1;0;0;0;0;0;1;1;0;0;0;0;0
1603463;4.82;1.00;96.00;4404.00;12.00;83.25;27.75;26.28;36.82;14.02;181.12;209.34;2.58;75998.00;92.00;96.00;47.00;4523.20;985.25;644.52;5.00;1;0;1;0;0;1;0;0;0;0;0;1;1;0;0;0;0;0
1604896;3.41;1.00;96.00;4412.00;12.00;83.25;36.75;16.08;27.48;14.02;329.22;293.97;2.58;75998.00;95.00;96.00;47.00;4467.20;984.86;859.36;5.00;1;0;1;0;0;1;0;0;0;0;0;1;1;0;0;0;0;0
1606371;2.71;0.89;93.00;4302.00;12.00;83.25;39.75;11.37;23.30;14.11;333.36;349.47;2.58;75998.00;92.00;94.00;47.00;4490.60;984.62;703.12;5.00;1;0;1;0;0;1;0;0;0;0;0;1;1;0;0;0;0;0
1607862;2.90;0.91;92.00;4239.00;12.00;83.25;39.00;12.16;24.72;14.02;300.08;288.91;2.58;75998.00;90.00;93.00;47.00;4493.00;984.31;488.28;5.00;1;0;1;0;0;1;0;0;0;0;0;1;1;0;0;0;0;0
1609353;2.36;0.88;91.00;4211.00;12.00;83.25;42.00;9.41;21.35;14.02;188.56;221.33;2.58;75998.00;90.00;91.00;47.00;4475.00;984.08;703.12;5.00;1;0;1;0;0;1;0;0;0;0;0;1;1;0;0;0;0;0
1610914;1.85;0.87;87.00;4015.00;12.00;83.25;44.25;6.67;16.93;14.11;273.01;321.64;2.58;75999.00;86.00;87.00;47.00;4462.00;983.61;878.90;5.00;1;0;1;0;0;1;0;0;0;0;0;1;1;0;0;0;0;0
1612353;3.61;1.00;86.00;3951.00;12.00;83.25;36.00;14.12;26.33;14.11;241.74;325.76;2.58;75999.00;84.00;86.00;47.00;4534.40;983.14;820.30;5.00;1;0;1;0;0;1;0;0;0;0;0;1;1;0;0;0;0;0
1613863;2.18;1.00;83.00;3859.00;12.00;83.25;42.75;6.67;17.72;14.02;210.94;246.31;2.58;75999.00;83.00;84.00;47.00;4498.00;982.98;898.43;5.00;1;0;1;0;0;1;0;0;0;0;0;1;1;0;0;0;0;0
1615346;0.58;1.00;75.00;3466.00;12.00;83.25;-30.00;0;0;14.11;202.80;176.43;2.58;75999.00;75.00;75.00;47.00;4561.20;982.94;19.53;5.00;1;0;1;0;0;1;0;0;0;0;0;1;1;0;0;0;0;0
1616815;2.74;1.00;66.00;3223.00;12.00;83.25;1.50;7.45;12.35;14.11;324.73;316.62;2.58;75999.00;66.00;67.00;47.00;4251.60;982.79;859.36;5.00;1;0;1;0;0;1;0;0;0;0;0;0;1;0;0;0;0;0
1618326;0.69;1.00;61.00;2850.00;12.00;83.25;-30.00;0;0;14.11;243.21;246.18;2.58;75999.00;62.00;62.00;47.00;4540.00;982.36;0;5.00;1;0;1;0;0;1;0;0;1;0;0;1;1;0;0;0;0;0
1619718;0.91;1.00;47.00;2216.00;12.00;83.25;15.00;0;12.16;14.11;133.90;158.27;2.58;75999.00;48.00;48.00;41.00;4387.20;982.08;39.06;5.00;1;0;1;0;0;1;0;0;1;0;0;1;1;0;0;0;0;0
1621202;1.14;1.00;41.00;1718.00;12.00;83.25;14.25;0;12.23;14.30;57.32;90.60;2.58;75999.00;42.00;42.00;41.00;4494.40;981.81;781.24;4.00;1;0;1;0;0;1;0;0;1;0;0;1;1;0;0;0;0;0
1622680;1.13;1.00;35.00;1868.00;12.00;83.25;15.00;0.39;11.32;14.21;39.35;133.74;2.58;75999.00;35.00;35.00;47.00;4544.60;981.69;761.71;4.00;1;0;1;0;0;1;0;0;1;0;0;1;1;0;0;0;0;0
1624195;1.03;1.00;28.00;1828.00;12.00;83.25;13.50;0;12.17;14.30;90.97;115.32;2.58;75999.00;29.00;29.00;39.00;4519.00;981.65;859.36;3.00;1;0;1;0;0;1;0;0;1;0;0;1;1;0;0;0;0;0
1625635;1.32;0.95;20.00;1376.00;12.00;83.25;14.25;0;12.11;14.30;41.40;57.50;2.58;75999.00;20.00;20.00;41.00;4502.60;981.65;859.36;3.00;1;0;1;0;0;1;0;0;1;0;0;1;1;0;0;0;0;0
1627108;1.28;0.91;15.00;1310.00;12.00;83.25;12.75;0;11.81;14.39;17.71;28.10;2.31;75999.00;15.00;15.00;40.00;4508.00;981.65;644.52;3.00;1;0;1;0;0;1;0;0;1;0;0;1;1;0;0;0;0;0
1628535;1.34;0.92;10.00;1280.00;12.00;83.25;13.50;0;11.94;14.39;10.39;14.22;2.31;75999.00;10.00;10.00;40.00;4508.20;981.65;683.59;1;1;0;1;0;0;1;0;0;1;0;0;1;1;0;0;0;0;0
1630011;1.22;0.93;5.00;1303.00;12.00;84.00;12.00;0;11.56;14.39;36.19;29.72;2.31;75999.00;6.00;6.00;38.00;4516.20;981.65;664.05;1;1;0;1;0;0;1;0;0;1;0;0;1;1;0;0;0;0;0
1631443;1.26;0.94;0;1262.00;12.00;84.00;13.50;0;11.79;14.39;25.70;44.00;2.31;75999.00;0;0;37.00;4508.60;981.65;683.59;1;1;0;1;0;0;1;0;0;1;0;0;1;1;0;0;0;0;0
1632925;1.22;0.93;0;1232.00;12.00;84.00;16.50;0;12.21;14.30;13.91;22.21;2.58;75999.00;0;0;38.00;4514.60;981.65;58.59;1;1;0;1;0;0;1;0;0;1;0;0;1;1;0;0;0;0;0
1634399;1.37;0.98;0;1235.00;12.00;84.75;15.00;0;12.00;14.30;126.91;122.00;2.58;75999.00;0;0;38.00;4502.60;981.65;78.12;1;1;0;1;0;0;1;0;0;1;0;0;1;1;0;0;0;0;0
1635878;5.22;1.00;0;2085.00;12.00;84.75;12.75;16.47;36.67;14.11;152.71;249.12;2.58;75999.00;0;0;46.00;4529.40;981.65;800.77;1;1;0;1;0;0;1;0;0;1;0;0;1;1;0;0;0;0;0
1637405;7.73;1.00;35.00;3852.00;12.00;84.75;13.50;47.46;49.68;14.02;199.25;151.59;2.58;75999.00;33.00;35.00;46.00;4675.00;981.65;117.19;1;1;0;1;0;0;1;0;0;1;0;0;1;1;0;0;0;0;0
1638968;7.52;1.00;60.00;4678.00;12.00;85.50;17.25;53.34;49.62;13.92;14.94;9.51;2.82;75999.00;58.00;60.00;45.00;4637.40;981.38;156.25;2.00;1;0;1;0;0;1;0;0;1;0;0;1;1;0;0;0;0;0
1640466;9.22;1.00;78.00;4997.00;12.00;84.00;21.75;44.32;45.34;14.11;314.12;325.74;2.58;75999.00;78.00;79.00;46.00;4634.20;981.26;566.40;3.00;1;0;1;0;0;1;0;0;1;0;0;1;1;0;0;0;0;0
1642025;7.91;1.00;92.00;4677.00;12.00;84.00;29.25;30.20;36.42;14.02;193.48;218.50;2.58;75999.00;92.00;92.00;46.00;4565.40;981.03;664.05;4.00;1;0;1;0;0;1;0;0;0;0;0;1;1;0;0;0;0;0
1643496;5.97;1.00;100.00;4692.00;12.00;83.25;30.75;28.63;34.74;14.11;182.94;237.45;2.58;75999.00;98.00;100.00;47.00;4555.40;980.79;39.06;5.00;1;0;1;0;0;1;0;0;0;0;0;1;1;0;0;0;0;0
1644991;0.54;1.00;97.00;4401.00;12.00;83.25;-30.00;0.39;0;14.02;262.29;261.23;2.58;75999.00;97.00;96.00;47.00;4221.20;980.25;878.90;5.00;1;0;1;0;0;1;0;0;0;0;0;1;1;0;0;0;0;0
1646543;1.96;1.00;91.00;4170.00;12.00;83.25;45.00;6.28;15.69;14.11;347.30;346.17;2.58;75999.00;90.00;91.00;47.00;4451.80;979.86;859.36;5.00;1;0;1;0;0;1;0;0;0;0;0;1;1;0;0;0;0;0
1648065;2.54;0.88;90.00;4151.00;12.00;83.25;42.00;9.02;20.06;14.02;285.43;247.80;2.58;75999.00;87.00;90.00;47.00;4541.20;979.47;820.30;5.00;1;0;1;0;0;1;0;0;0;0;0;1;1;0;0;0;0;0
1649476;2.55;0.86;88.00;4073.00;12.00;82.50;39.00;10.98;23.33;14.11;192.10;189.77;2.58;75999.00;86.00;88.00;47.00;4471.20;979.31;800.77;5.00;1;0;1;0;0;1;0;0;0;0;0;1;1;0;0;0;0;0
1650996;2.21;0.90;85.00;3937.00;12.00;82.50;42.00;7.84;19.54;14.02;265.49;262.87;2.58;75999.00;85.00;85.00;47.00;4477.40;979.15;859.36;5.00;1;0;1;0;0;1;0;0;0;0;0;1;1;0;0;0;0;0
1652566;4.22;1.00;86.00;3969.00;12.00;82.50;33.00;17.26;29.25;14.02;304.14;344.76;2.58;75999.00;84.00;86.00;47.00;4536.20;978.96;859.36;5.00;1;0;1;0;0;1;0;0;0;0;0;1;1;0;0;0;0;0
1654020;5.88;1.00;90.00;4171.00;12.00;81.75;19.50;32.16;43.14;14.11;118.20;90.33;2.58;75999.00;89.00;91.00;48.00;4575.00;978.65;781.24;5.00;1;0;1;0;0;1;0;0;0;0;0;1;1;0;0;0;0;0
1655462;5.93;1.00;95.00;4360.00;12.00;81.75;21.75;32.94;41.97;14.11;7.07;6.33;2.58;75999.00;92.00;95.00;48.00;4539.60;978.25;820.30;5.00;1;0;1;0;0;1;0;0;0;0;0;1;1;0;0;0;0;0
1656945;6.54;1.00;98.00;4518.00;12.00;81.75;18.75;40.40;45.02;14.02;0.29;0.43;2.58;75999.00;97.00;99.00;48.00;4512.60;977.94;136.72;5.00;1;0;1;0;0;1;0;0;0;0;0;1;1;0;0;0;0;0
1658549;2.41;0.95;98.00;4207.00;12.00;81.75;42.00;9.41;21.18;14.11;0;0;2.58;75999.00;98.00;99.00;48.00;4455.00;977.24;859.36;6.00;1;0;1;0;0;1;0;0;0;0;0;1;1;0;0;0;0;0
1660030;1.01;0.98;93.00;3944.00;12.00;81.75;45.75;2.75;8.53;14.11;0.72;0;2.58;75999.00;93.00;94.00;48.00;4518.60;976.93;898.43;6.00;1;0;1;0;0;1;0;0;0;0;0;1;1;0;0;0;0;0
1661460;1.07;0.93;87.00;3677.00;12.00;81.75;42.00;2.75;9.30;14.02;0;0;2.58;75999.00;87.00;87.00;48.00;4535.80;976.81;820.30;6.00;1;0;1;0;0;1;0;0;0;0;0;1;1;0;0;0;0;0
1662941;0.59;1.00;78.00;3344.00;12.00;81.75;-30.00;0;0;14.02;3.75;1.76;2.58;75999.00;79.00;79.00;48.00;4577.00;976.77;0;6.00;1;0;1;0;0;1;0;0;0;0;0;1;1;0;0;0;0;0
1664397;0.65;1.00;70.00;2972.00;12.00;81.75;-30.00;0;0;14.11;2.21;2.25;2.58;75999.00;70.00;70.00;48.00;4556.20;976.73;0;6.00;1;0;1;0;0;1;0;0;0;0;0;1;1;0;0;0;0;0
1665965;0.10;1.00;58.00;3776.00;12.00;81.75;41.25;0;5.01;14.11;1.60;2.01;2.58;75999.00;59.00;59.00;48.00;4426.60;976.73;19.53;5.00;1;0;1;0;0;1;0;0;1;0;0;1;1;0;0;0;0;0
1667471;0.74;1.00;52.00;3253.00;12.00;81.75;-30.00;0.39;0;14.02;2.66;1.91;2.58;76000.00;53.00;53.00;48.00;4254.60;976.73;859.36;3.00;1;0;1;0;0;1;0;0;1;0;0;1;1;0;0;0;0;0
1669003;0.08;1.00;46.00;3795.00;12.00;81.75;41.25;0;5.07;14.02;0.82;0.10;2.58;76000.00;46.00;46.00;48.00;4537.80;976.73;0;2.00;1;0;1;0;0;1;0;0;1;0;0;1;1;0;0;0;0;0
1670416;0.93;1.00;31.00;2204.00;12.00;81.75;15.00;0;12.40;14.30;0;0.23;2.58;76000.00;31.00;31.00;43.00;4392.00;976.69;859.36;2.00;1;0;1;0;0;1;0;0;1;0;0;1;1;0;0;0;0;0
1671898;3.16;0.98;28.00;2333.00;12.00;81.75;6.75;7.84;19.80;14.11;33.30;23.36;2.58;76000.00;29.00;29.00;48.00;4419.60;976.69;820.30;2.00;1;0;1;0;0;1;0;0;1;0;0;1;1;0;0;0;0;0
1673442;5.17;0.97;50.00;3832.00;12.00;81.75;21.00;27.45;42.16;13.92;5.19;4.18;2.82;76000.00;47.00;50.00;48.00;4502.80;976.69;917.96;2.00;1;0;1;0;0;1;0;0;0;0;0;1;1;0;0;0;0;0
1675006;0;1.00;70.00;6015.00;12.00;81.75;46.50;0;4.05;14.02;1.43;3.40;2.58;76000.00;69.00;71.00;48.00;4440.40;976.61;898.43;2.00;1;0;1;0;0;1;0;0;1;0;0;1;1;0;0;0;0;0
1676413;6.52;1.00;83.00;4402.00;12.00;81.75;18.00;38.83;44.65;14.02;0;0.45;2.58;76000.00;81.00;84.00;48.00;4637.60;976.61;488.28;4.00;1;0;1;0;0;1;0;0;0;0;0;1;1;0;0;0;0;0
1677965;6.05;1.00;92.00;4280.00;12.00;81.75;27.00;26.28;36.79;14.11;1.82;2.38;2.58;76000.00;91.00;92.00;48.00;4534.80;976.34;781.24;5.00;1;0;1;0;0;1;0;0;0;0;0;1;1;0;0;0;0;0
1679456;0.98;1.00;92.00;3941.00;12.00;81.75;45.75;2.35;7.82;14.11;0;1.27;2.58;76000.00;93.00;93.00;48.00;4381.40;976.30;898.43;6.00;1;0;1;0;0;1;0;0;0;0;0;1;1;0;0;0;0;0
1680933;1.27;0.95;90.00;3879.00;12.00;81.75;44.25;3.53;10.03;14.02;1.87;1.50;2.58;76000.00;91.00;91.00;48.00;4493.20;976.58;859.36;6.00;1;0;1;0;0;1;0;0;0;0;0;1;1;0;0;0;0;0
1682409;0.48;1.00;90.00;3797.00;12.00;81.75;-30.00;0;0;14.02;0.59;3.42;2.58;76000.00;90.00;90.00;48.00;4648.00;976.58;0;6.00;1;0;1;0;0;1;0;0;0;0;0;1;1;0;0;0;0;0
1683861;0.58;1.00;80.00;3377.00;12.00;81.75;-30.00;0;0;14.11;2.38;2.03;2.58;76000.00;79.00;80.00;48.00;4673.20;976.65;0;6.00;1;0;1;0;0;1;0;0;0;0;0;1;1;0;0;0;0;0
1685330;0.66;1.00;70.00;2981.00;12.00;82.50;-30.00;0;0;14.11;149.40;95.46;2.58;76000.00;71.00;70.00;47.00;4650.40;976.89;0;6.00;1;0;1;0;0;1;0;0;0;0;0;1;1;0;0;0;0;0
1686791;0.69;1.00;66.00;2845.00;12.00;82.50;-30.00;0;0;14.11;327.28;275.41;2.58;76000.00;67.00;67.00;47.00;4671.60;977.40;0;6.00;1;0;1;0;0;1;0;0;0;0;0;1;1;0;0;0;0;0
1688283;0.94;1.00;55.00;2323.00;12.00;82.50;11.25;0;12.24;14.21;311.23;328.67;2.58;76000.00;55.00;55.00;49.00;4380.20;977.71;39.06;6.00;1;0;1;0;0;1;0;0;1;0;0;1;1;0;0;0;0;0
1689560;1.12;0.99;38.00;1694.00;12.00;82.50;14.25;0;12.19;14.21;120.91;143.21;2.58;76000.00;39.00;39.00;41.00;4481.40;978.29;878.90;6.00;1;0;1;0;0;1;0;0;1;0;0;1;1;0;0;0;0;0
1691075;1.15;0.95;37.00;1558.00;12.00;82.50;13.50;0;12.17;14.30;55.52;71.66;2.58;76000.00;38.00;37.00;41.00;4501.80;978.84;839.83;6.00;1;0;1;0;0;1;0;0;1;0;0;1;1;0;0;0;0;0
1692577;1.21;0.90;30.00;1345.00;12.00;82.50;13.50;0;12.01;14.39;27.93;32.99;2.31;76000.00;30.00;30.00;41.00;4501.60;979.04;292.97;6.00;1;0;1;0;0;1;0;0;1;0;0;1;1;0;0;1;0;0
1694066;1.26;0.92;21.00;1256.00;12.00;82.50;15.00;0;13.56;14.21;80.39;28.22;2.58;76000.00;22.00;22.00;42.00;4501.40;979.11;39.06;5.00;1;0;1;0;0;1;0;0;1;0;0;1;1;0;0;0;0;0
1695579;1.24;0.97;18.00;1319.00;12.00;82.50;12.75;0;11.92;14.30;43.75;37.05;2.58;76000.00;19.00;19.00;42.00;4509.80;979.15;58.59;4.00;1;0;1;1;0;1;0;0;1;0;0;1;1;0;0;0;0;0
1697011;1.28;1.00;20.00;1319.00;12.00;82.50;12.75;0;11.92;14.30;36.83;36.48;2.58;76000.00;20.00;20.00;42.00;4514.20;979.58;820.30;3.00;1;0;1;0;0;1;0;0;1;0;0;1;1;0;0;0;0;0
1698531;3.39;0.99;26.00;1600.00;12.00;82.50;12.00;5.88;24.72;14.39;60.46;90.33;2.31;76000.00;25.00;26.00;47.00;4524.40;980.01;820.30;3.00;1;0;1;0;0;1;0;0;1;0;0;1;1;0;0;0;0;0
1700024;0.89;1.00;32.00;2525.00;12.00;83.25;10.50;0;12.06;14.21;191.43;164.58;2.58;76000.00;33.00;32.00;52.00;4363.00;980.09;253.90;2.00;1;0;1;0;0;1;0;0;1;0;0;1;1;0;0;0;0;0
1701520;0.85;1.00;31.00;2394.00;12.00;83.25;15.75;0;12.11;14.21;85.23;77.48;2.58;76000.00;31.00;31.00;41.00;4466.20;980.25;97.66;2.00;1;0;1;0;0;1;0;0;1;0;0;1;1;0;0;0;0;0
1703051;0.85;1.00;31.00;2425.00;12.00;83.25;15.75;0;12.10;14.21;102.75;23.83;2.58;76000.00;31.00;31.00;41.00;4484.40;980.36;78.12;2.00;1;0;1;0;0;1;0;0;1;0;0;1;1;0;0;0;0;0
1704535;0.93;1.00;28.00;2217.00;12.00;84.00;15.00;0;12.14;14.21;42.07;12.03;2.58;76000.00;29.00;28.00;40.00;4513.80;980.40;58.59;2.00;1;0;1;0;0;1;0;0;1;0;0;1;1;0;0;0;0;0
1705986;1.55;0.98;31.00;2416.00;12.00;84.00;24.00;2.35;12.53;14.21;165.01;122.30;2.58;76000.00;32.00;32.00;46.00;4508.20;980.40;839.83;2.00;1;0;1;0;0;1;0;0;1;0;0;1;1;0;0;0;0;0
1707549;0.86;1.00;28.00;2270.00;12.00;84.00;15.75;0;12.04;14.21;83.10;86.28;2.58;76000.00;29.00;29.00;39.00;4527.60;980.40;566.40;2.00;1;0;1;0;0;1;0;0;1;0;0;1;1;0;0;0;0;0
1708984;1.14;1.00;21.00;1733.00;12.00;84.00;14.25;0;12.14;14.30;54.06;139.74;2.58;76000.00;22.00;21.00;40.00;4514.20;980.40;898.43;2.00;1;0;1;0;0;1;0;0;1;0;0;1;1;0;0;0;0;0
1710488;1.16;0.95;21.00;1626.00;12.00;84.00;13.50;0;12.01;14.30;71.17;116.85;2.58;76000.00;21.00;21.00;40.00;4510.40;980.40;878.90;2.00;1;0;1;0;0;1;0;0;1;0;0;1;1;0;0;0;0;0
1711932;1.18;0.91;18.00;1500.00;12.00;84.00;14.25;0;12.07;14.30;76.52;67.32;2.58;76000.00;18.00;19.00;38.00;4501.60;980.52;859.36;2.00;1;0;1;0;0;1;0;0;1;0;0;1;1;0;0;0;0;0
1713418;1.06;0.87;17.00;1497.00;12.00;84.00;13.50;0;12.18;14.30;57.77;40.90;2.58;76000.00;18.00;18.00;42.00;4502.60;980.79;234.37;2.00;1;0;1;0;0;1;0;0;1;0;0;1;1;0;0;0;0;0
1714919;2.34;0.98;25.00;1983.00;12.00;84.00;17.25;3.92;17.61;14.30;135.50;96.38;2.58;76000.00;25.00;25.00;46.00;4511.40;981.03;878.90;2.00;1;0;1;0;0;1;0;0;1;0;0;1;1;0;0;0;0;0
1716388;2.53;0.94;37.00;2935.00;12.00;84.00;33.00;7.06;21.84;14.11;268.05;281.68;2.58;76000.00;37.00;38.00;46.00;4524.80;981.38;820.30;2.00;1;0;1;0;0;1;0;0;1;0;0;1;1;0;0;0;0;0
1717791;4.71;1.00;48.00;3779.00;12.00;84.00;27.00;21.18;35.04;14.11;296.33;210.96;2.58;76000.00;47.00;48.00;46.00;4597.80;981.54;898.43;2.00;1;0;1;0;0;1;0;0;1;0;0;0;1;0;0;0;0;0
1719325;4.36;1.01;62.00;4836.00;12.00;84.00;33.00;23.92;32.83;13.92;200.18;218.36;2.82;76000.00;62.00;63.00;46.00;4412.40;981.34;917.96;2.00;1;0;1;0;0;1;0;0;1;0;0;1;1;0;0;0;0;0
1720736;0.46;1.00;63.00;3989.00;12.00;83.25;-30.00;0;0;14.11;305.55;248.17;2.58;76000.00;64.00;64.00;47.00;4473.40;981.46;39.06;3.00;1;0;1;0;0;1;0;0;0;0;0;1;1;0;0;0;0;0
1722234;0.61;1.00;60.00;3624.00;12.00;82.50;-30.00;0;0;14.11;331.68;332.63;2.58;76000.00;60.00;60.00;47.00;4305.00;981.54;605.46;3.00;1;0;1;0;0;1;0;0;1;0;0;1;1;0;0;0;0;0
1723654;3.04;1.00;58.00;3628.00;12.00;81.75;39.00;8.24;22.24;14.11;269.83;266.06;2.58;76000.00;59.00;59.00;48.00;4475.80;981.58;898.43;3.00;1;0;1;0;0;1;0;0;1;0;0;1;1;0;0;0;0;0
1725171;1.48;0.97;61.00;3785.00;12.00;81.75;43.50;3.92;12.23;14.11;25.29;22.19;2.58;76000.00;61.00;62.00;48.00;4513.00;981.61;898.43;3.00;1;0;1;0;0;1;0;0;1;0;0;1;1;0;0;0;0;0
1726558;1.44;0.91;63.00;3877.00;12.00;81.75;45.00;4.31;12.75;14.11;3.36;1.91;2.58;76000.00;63.00;64.00;48.00;4512.40;981.61;859.36;3.00;1;0;1;0;0;1;0;0;1;0;0;1;1;0;0;0;0;0
1728039;1.17;0.86;65.00;3948.00;12.00;81.75;45.00;3.53;10.88;14.02;2.83;0.39;2.58;76000.00;64.00;65.00;48.00;4524.80;981.61;683.59;3.00;1;0;1;0;0;1;0;0;1;0;0;1;1;0;0;0;0;0
1729524;1.38;0.86;66.00;4039.00;12.00;81.00;46.50;4.31;12.96;14.11;0;1.80;2.58;76000.00;65.00;66.00;48.00;4513.20;981.73;820.30;3.00;1;0;1;0;0;1;0;0;1;0;0;1;1;0;0;0;0;0
1730979;1.74;0.85;68.00;4147.00;12.00;81.00;45.75;6.28;16.52;14.11;0;0.16;2.58;76000.00;67.00;68.00;48.00;4535.00;982.24;878.90;3.00;1;0;1;0;0;1;0;0;1;0;0;1;1;0;0;0;0;0
1732562;2.03;0.98;71.00;4298.00;12.00;81.00;45.75;6.67;16.67;14.11;0;0.53;2.58;76000.00;71.00;71.00;48.00;4540.80;982.40;839.83;3.00;1;0;1;0;0;1;0;0;0;0;0;1;1;0;0;0;0;0
1734038;0.55;1.00;72.00;3727.00;12.00;81.00;-30.00;0;0;14.11;1.23;1.35;2.58;76000.00;73.00;72.00;48.00;4567.60;982.67;0;4.00;1;0;1;0;0;1;0;0;0;0;0;1;1;0;0;0;0;0
1735491;0.56;1.00;68.00;3525.00;12.00;81.00;-30.00;0;0;14.11;0.43;0.20;2.58;76000.00;68.00;68.00;48.00;4624.60;982.79;0;4.00;1;0;1;0;0;1;0;0;0;0;0;1;1;0;0;0;0;0
1736911;0.58;1.00;66.00;3448.00;12.00;81.00;-30.00;0;0;14.11;0.18;0;2.58;76000.00;67.00;67.00;48.00;4614.20;983.18;0;4.00;1;0;1;0;0;1;0;0;0;0;0;1;1;0;0;0;0;0
1738377;1.25;1.00;67.00;3549.00;12.00;81.00;40.50;2.75;9.80;14.11;2.60;1.07;2.58;76000.00;67.00;67.00;48.00;4420.40;983.72;859.36;4.00;1;0;1;0;0;1;0;0;0;0;0;1;1;0;0;0;0;0
1739744;1.51;0.95;68.00;3592.00;12.00;81.00;41.25;4.31;12.91;14.11;4.02;0.47;2.58;76001.00;69.00;69.00;48.00;4508.60;983.96;859.36;4.00;1;0;1;0;0;1;0;0;0;0;0;1;1;0;0;0;0;0
1741361;1.62;0.87;72.00;3810.00;12.00;81.00;43.50;5.49;14.88;14.11;1.17;1.23;2.58;76001.00;73.00;73.00;48.00;4518.60;984.27;859.36;4.00;1;0;1;1;0;1;0;0;0;0;0;1;1;0;0;0;0;0
1742710;0.56;1.00;73.00;3381.00;12.00;81.00;-30.00;0;0;14.11;0.25;1.76;2.58;76001.00;74.00;74.00;48.00;4758.00;984.82;0;5.00;1;0;1;0;0;1;0;0;0;0;0;1;1;0;0;0;0;0
1744191;0.61;1.00;70.00;3225.00;12.00;81.00;-30.00;0;0;14.11;0;0.08;2.58;76001.00;71.00;70.00;48.00;4731.00;985.13;0;5.00;1;0;1;0;0;1;0;0;0;0;0;1;1;0;0;0;0;0
1745524;0.66;1.00;67.00;3123.00;12.00;81.00;-30.00;0;0;14.11;0.96;2.75;2.58;76001.00;68.00;68.00;48.00;4327.00;985.25;800.77;5.00;1;0;1;0;0;1;0;0;0;0;0;1;1;0;0;0;0;0
1747035;0.59;1.00;71.00;3144.00;12.00;81.00;24.75;0;12.43;14.11;0.78;1.35;2.58;76001.00;70.00;71.00;48.00;4521.40;985.64;19.53;5.00;1;0;1;0;0;1;0;0;0;0;0;1;1;0;0;0;0;0
1748540;0.68;1.00;65.00;3006.00;12.00;81.75;-30.00;0;0;13.92;0.29;0;2.82;76001.00;65.00;65.00;48.00;4540.20;986.15;0;5.00;1;0;1;0;0;1;0;0;0;0;0;1;1;0;0;0;0;0
1750078;0.74;1.00;60.00;2759.00;12.00;81.75;-30.00;0;0;14.11;0;0;2.58;76001.00;61.00;60.00;48.00;4567.00;986.42;0;5.00;1;0;1;0;0;1;0;0;0;0;0;1;1;0;0;0;0;0
1751547;0.93;1.00;53.00;2554.00;12.00;81.75;12.00;0;12.02;14.21;0.90;0;2.58;76001.00;54.00;54.00;48.00;4288.40;986.65;19.53;5.00;1;0;1;0;0;1;0;0;1;0;0;1;1;0;0;0;0;0
1753098;0.83;1.00;51.00;2366.00;12.00;81.75;15.00;0;12.24;14.11;95.31;27.15;2.58;76001.00;51.00;51.00;42.00;4478.40;987.20;39.06;5.00;1;0;1;0;0;1;0;0;1;0;0;1;1;0;0;0;0;0
1754643;0.90;1.00;47.00;2208.00;12.00;81.75;15.00;0;12.36;14.30;65.58;58.47;2.58;76001.00;48.00;47.00;41.00;4522.60;987.59;58.59;5.00;1;0;1;0;0;1;0;0;1;0;0;1;1;0;0;0;0;0
1756148;0.83;1.00;47.00;2231.00;12.00;81.75;15.00;0;12.24;14.11;20.68;17.05;2.58;76001.00;48.00;48.00;41.00;4508.60;987.75;39.06;5.00;1;0;1;0;0;1;0;0;1;0;0;1;1;0;0;0;0;0
1757670;0.86;1.00;47.00;2190.00;12.00;81.75;15.00;0;12.29;14.30;10.94;15.43;2.58;76001.00;48.00;47.00;42.00;4508.20;988.02;39.06;5.00;1;0;1;0;0;1;0;0;1;0;0;1;1;0;0;0;0;0
1759204;2.31;1.01;50.00;2336.00;12.00;81.75;10.50;4.31;14.55;14.21;3.96;5.12;2.58;76001.00;50.00;51.00;48.00;4478.60;988.57;859.36;5.00;1;0;1;0;0;1;0;0;1;0;0;1;1;0;0;0;0;0
1760658;0.81;1.00;51.00;2397.00;12.00;81.75;15.75;0;12.24;14.21;1.19;105.93;2.58;76001.00;51.00;52.00;42.00;4511.20;988.84;546.87;5.00;1;0;1;0;0;1;0;0;1;0;0;1;1;0;0;0;0;0
1762156;0.89;1.00;46.00;2266.00;12.00;81.75;15.75;0;12.47;14.21;25.25;101.85;2.58;76001.00;47.00;47.00;43.00;4479.40;988.96;214.84;3.00;1;0;1;0;0;1;0;0;1;0;0;1;1;0;0;0;0;0
1763608;1.08;1.00;45.00;2738.00;12.00;81.75;27.00;1.57;8.43;14.11;20.21;24.02;2.58;76001.00;45.00;45.00;48.00;4490.00;989.11;898.43;3.00;1;0;1;0;0;1;0;0;1;0;0;1;1;0;0;0;0;0
1765058;4.71;1.00;48.00;2953.00;12.00;82.50;26.25;16.08;31.54;14.21;55.64;61.05;2.58;76001.00;48.00;48.00;47.00;4497.80;989.35;605.46;3.00;1;0;1;0;0;1;0;0;1;0;0;1;1;0;0;0;0;0
1766609;3.89;0.98;57.00;3532.00;12.00;82.50;31.50;14.51;28.43;14.11;126.57;143.23;2.58;76001.00;57.00;58.00;47.00;4655.80;989.70;19.53;3.00;1;0;1;0;0;1;0;0;1;0;0;1;1;0;0;0;0;0
1768225;0.73;1.00;51.00;2690.00;12.00;82.50;-30.00;0;0;13.92;320.78;325.90;2.82;76001.00;51.00;51.00;47.00;4344.40;989.70;0;4.00;1;0;1;0;0;1;0;0;1;0;0;1;1;0;0;0;0;0
1769706;0.90;1.00;43.00;2267.00;12.00;82.50;15.75;0;12.20;14.21;211.76;202.02;2.58;76001.00;43.00;43.00;40.00;4453.60;989.90;39.06;4.00;1;0;1;0;0;1;0;0;1;0;0;1;1;0;0;0;0;0
1771228;1.27;1.00;25.00;1342.00;12.00;83.25;13.50;0;11.98;14.39;104.08;125.15;2.31;76001.00;25.00;24.00;38.00;4480.20;990.13;878.90;4.00;1;0;1;0;0;1;0;0;1;0;0;1;1;0;0;0;0;0
1772665;1.86;0.98;22.00;1400.00;12.00;83.25;12.75;0.39;12.11;14.30;86.87;93.61;2.58;76001.00;23.00;23.00;47.00;4505.40;990.25;898.43;3.00;1;0;1;0;0;1;0;0;1;0;0;1;1;0;0;0;0;0
1774128;1.46;1.00;20.00;1635.00;12.00;83.25;13.50;0.78;10.83;14.30;187.88;213.60;2.58;76001.00;21.00;21.00;47.00;4526.40;990.29;39.06;2.00;1;0;1;0;0;1;0;0;1;0;0;1;1;0;0;0;0;0
1775612;2.49;0.99;25.00;1969.00;12.00;83.25;17.25;3.92;18.39;14.30;196.51;305.92;2.58;76001.00;25.00;25.00;47.00;4509.20;990.29;58.59;2.00;1;0;1;0;0;1;0;0;1;0;0;1;1;0;0;0;0;0
1777112;1.64;0.98;30.00;2365.00;12.00;83.25;23.25;2.75;14.01;14.21;226.20;294.90;2.58;76001.00;30.00;30.00;47.00;4526.40;990.29;917.96;2.00;1;0;1;0;0;1;0;0;1;0;0;1;1;0;0;0;0;0
1778671;2.23;0.95;32.00;2544.00;12.00;83.25;26.25;4.71;17.66;14.11;220.30;309.14;2.58;76001.00;32.00;32.00;47.00;4459.20;990.29;839.83;2.00;1;0;1;0;0;1;0;0;1;0;0;1;1;0;0;0;0;0
1780114;1.87;0.92;40.00;3091.00;12.00;84.00;35.25;4.71;16.43;14.02;229.24;233.99;2.58;76001.00;39.00;40.00;46.00;4515.80;990.21;761.71;2.00;1;0;1;0;0;1;0;0;1;0;0;1;1;0;0;0;0;0
1781572;0.91;0.88;42.00;3184.00;12.00;84.00;36.75;1.57;8.71;14.11;231.49;320.53;2.58;76001.00;42.00;42.00;46.00;4544.40;990.25;898.43;2.00;1;0;1;0;0;1;0;0;1;0;0;1;1;0;0;0;0;0
1783066;0.69;1.00;38.00;2965.00;12.00;84.00;-30.00;0;0;14.21;220.90;217.13;2.58;76001.00;38.00;38.00;46.00;4537.80;990.29;0;2.00;1;0;1;0;0;1;0;0;1;0;0;1;1;0;0;0;0;0
1784526;0.72;1.00;33.00;2620.00;12.00;83.25;-30.00;0;0;14.11;241.96;246.66;2.58;76001.00;31.00;33.00;47.00;4519.80;990.29;0;2.00;1;0;1;0;0;1;0;0;1;0;0;1;1;0;0;0;0;0
1785998;1.34;0.99;31.00;2475.00;12.00;83.25;24.75;1.57;10.58;14.30;237.68;243.70;2.58;76001.00;31.00;31.00;47.00;4440.80;990.29;859.36;2.00;1;0;1;0;0;1;0;0;1;0;0;1;1;0;0;0;0;0
1787535;1.22;0.96;35.00;2736.00;12.00;82.50;30.00;1.96;10.86;14.21;299.22;290.33;2.58;76001.00;36.00;35.00;47.00;4534.20;990.29;917.96;2.00;1;0;1;0;0;1;0;0;1;0;0;1;1;0;0;0;0;0
1788894;0.86;1.00;33.00;2626.00;12.00;82.50;15.00;0;12.19;14.21;312.52;311.50;2.58;76001.00;34.00;34.00;47.00;4503.00;990.29;58.59;2.00;1;0;1;0;0;1;0;0;1;0;0;1;1;0;0;0;0;0
1790422;1.02;1.00;23.00;1804.00;12.00;81.75;14.25;0;12.27;14.21;133.64;182.25;2.58;76001.00;23.00;23.00;39.00;4525.60;990.29;78.12;2.00;1;0;1;0;0;1;0;0;1;0;0;1;1;0;0;0;0;0
1791823;1.35;0.99;12.00;1305.00;12.00;81.75;13.50;0;12.06;14.02;119.29;115.75;2.58;76001.00;13.00;13.00;40.00;4517.40;990.29;820.30;2.00;1;0;1;0;0;1;0;0;1;0;0;1;1;0;0;0;0;0
1793312;2.03;1.00;13.00;1929.00;12.00;81.75;6.75;2.35;12.21;14.30;56.11;49.70;2.58;76001.00;14.00;14.00;48.00;4453.40;990.29;917.96;2.00;1;0;1;0;0;1;0;0;1;0;0;1;1;0;0;0;0;0
1794823;3.32;0.97;26.00;2065.00;12.00;81.75;18.00;7.84;26.68;14.11;9.71;8.59;2.58;76001.00;26.00;26.00;48.00;4484.20;990.29;351.56;2.00;1;0;1;0;0;1;0;0;1;0;0;1;1;0;0;0;0;0
1796390;1.78;1.00;32.00;2503.00;12.00;81.75;26.25;3.53;15.46;14.11;2.07;1.60;2.58;76001.00;31.00;33.00;48.00;4510.20;990.29;820.30;2.00;1;0;1;0;0;1;0;0;1;0;0;1;1;0;0;0;0;0
1797764;2.02;0.99;32.00;2553.00;12.00;81.75;27.00;3.92;16.11;14.21;1.19;2.15;2.58;76001.00;33.00;33.00;48.00;4501.40;990.29;878.90;2.00;1;0;1;0;0;1;0;0;1;0;0;1;1;0;0;0;0;0
1799215;1.75;0.95;32.00;2565.00;12.00;81.75;26.25;3.14;14.38;14.21;1.00;0.82;2.58;76001.00;33.00;33.00;48.00;4500.40;990.29;488.28;2.00;1;0;1;0;0;1;0;0;1;0;0;1;1;0;0;0;0;0
1800682;1.18;0.94;32.00;2560.00;12.00;82.50;27.00;1.57;10.17;14.21;96.85;80.46;2.58;76001.00;33.00;33.00;47.00;4569.20;990.29;898.43;2.00;1;0;1;0;0;1;0;0;1;0;0;1;1;0;0;0;0;0
1802187;1.57;0.91;30.00;2365.00;12.00;82.50;23.25;2.35;13.32;14.21;142.04;199.93;2.58;76001.00;30.00;30.00;47.00;4513.40;990.29;468.74;2.00;1;0;1;0;0;1;0;0;1;0;0;1;1;0;0;0;0;0
1803776;0.91;1.00;31.00;2386.00;12.00;82.50;39.75;0;15.60;14.11;294.08;248.11;2.58;76001.00;32.00;32.00;44.00;4517.60;990.29;800.77;2.00;1;0;1;0;0;1;0;0;1;0;0;1;1;0;0;0;0;0
1805289;0.99;1.00;26.00;2004.00;12.00;82.50;13.50;0;12.26;14.21;176.10;105.15;2.58;76001.00;26.00;26.00;39.00;4519.00;990.29;566.40;2.00;1;0;1;0;0;1;0;0;1;0;0;1;1;0;0;0;0;0
1806742;1.05;0.98;21.00;1679.00;12.00;82.50;15.00;0;12.16;14.39;117.39;122.10;2.31;76001.00;22.00;21.00;39.00;4503.60;990.29;878.90;2.00;1;0;1;0;0;1;0;0;1;0;0;1;1;0;0;0;0;0
1808187;1.17;0.94;18.00;1488.00;12.00;83.25;15.00;0;12.13;14.30;93.78;103.86;2.58;76001.00;18.00;18.00;38.00;4493.80;990.29;878.90;2.00;1;0;1;0;0;1;0;0;1;0;0;1;1;0;0;0;0;0
1809670;1.24;1.00;16.00;1521.00;12.00;83.25;13.50;0;12.24;14.21;146.75;174.27;2.58;76001.00;16.00;16.00;40.00;4540.80;990.29;859.36;1;1;0;1;0;0;1;0;0;1;0;0;1;1;0;0;0;0;0
1811189;2.82;0.97;18.00;2147.00;12.00;83.25;19.50;5.10;18.69;14.11;243.29;189.75;2.58;76001.00;19.00;19.00;47.00;4435.00;990.29;898.43;1;1;0;1;0;0;1;0;0;1;0;0;1;1;0;0;0;0;0
1812677;3.03;0.89;32.00;3528.00;12.00;83.25;33.75;11.77;26.93;14.11;280.47;262.78;2.58;76001.00;32.00;33.00;47.00;4692.80;990.29;0;1;1;0;1;0;0;1;0;0;1;0;0;1;1;0;0;0;0;0
1814199;2.55;1.00;35.00;2685.00;12.00;83.25;29.25;6.28;20.12;14.11;314.02;338.34;2.58;76001.00;35.00;35.00;47.00;4403.00;990.29;898.43;2.00;1;0;1;0;0;1;0;0;1;0;0;1;1;0;0;0;0;0
1815722;1.01;1.00;32.00;2532.00;12.00;84.00;26.25;0.39;12.71;14.11;355.37;346.33;2.58;76001.00;33.00;32.00;46.00;4539.40;990.29;878.90;2.00;1;0;1;0;0;1;0;0;1;0;0;1;1;0;0;0;0;0
1817163;1.26;0.99;27.00;2120.00;12.00;84.00;19.50;1.18;9.63;14.11;263.19;133.59;2.58;76001.00;27.00;27.00;46.00;4533.60;990.29;839.83;2.00;1;0;1;0;0;1;0;0;1;0;0;1;1;0;0;0;0;0
1818595;1.68;0.99;26.00;2092.00;12.00;84.00;19.50;1.96;12.63;14.21;260.67;189.97;2.58;76001.00;27.00;27.00;46.00;4507.40;990.29;859.36;2.00;1;0;1;0;0;1;0;0;1;0;0;1;1;0;0;0;0;0
1820055;1.26;0.96;26.00;2033.00;12.00;84.00;18.00;1.18;10.23;14.21;239.38;258.01;2.58;76001.00;26.00;26.00;46.00;4508.40;990.29;820.30;2.00;1;0;1;0;0;1;0;0;1;0;0;1;1;0;0;0;0;0
1821591;1.07;0.99;21.00;1708.00;12.00;83.25;13.50;0;12.17;14.30;192.51;259.12;2.58;76001.00;22.00;21.00;39.00;4509.40;990.29;878.90;2.00;1;0;1;0;0;1;0;0;1;0;0;1;1;0;0;0;0;0
1823032;1.48;0.95;15.00;1210.00;12.00;83.25;18.00;0;12.69;14.39;175.16;244.26;2.31;76001.00;15.00;15.00;39.00;4497.00;990.29;683.59;2.00;1;0;1;1;0;1;0;0;1;0;0;1;1;0;0;0;0;0
1824518;1.22;0.92;12.00;1346.00;12.00;83.25;14.25;0;12.12;14.39;173.21;179.81;2.31;76001.00;12.00;12.00;39.00;4508.00;990.29;78.12;1;1;0;1;0;0;1;0;0;1;0;0;1;1;0;0;1;0;0
1825942;1.27;1.01;10.00;1407.00;12.00;84.00;14.25;0;12.11;14.39;215.44;226.98;2.31;76001.00;10.00;10.00;37.00;4497.40;990.29;878.90;1;1;0;1;0;0;1;0;0;1;0;0;1;1;0;0;0;0;0
1827444;1.04;0.98;11.00;1649.00;12.00;84.00;14.25;0;12.10;14.21;204.62;204.09;2.58;76001.00;12.00;12.00;39.00;4506.00;990.29;58.59;1;1;0;1;0;0;1;0;0;1;0;0;1;1;0;0;0;0;0
1828842;1.34;0.97;10.00;1238.00;12.00;84.00;15.75;0;12.33;14.30;158.62;175.05;2.58;76001.00;10.00;9.00;39.00;4500.20;990.29;58.59;1;1;0;1;0;0;1;0;0;1;0;0;1;1;0;0;0;0;0
1830351;1.28;1.00;7.00;1312.00;12.00;84.00;12.00;0;11.68;14.39;161.04;152.96;2.31;76001.00;8.00;7.00;39.00;4519.60;990.29;117.19;1;1;0;1;0;0;1;0;0;1;0;0;1;1;0;0;0;0;0
1831737;2.58;1.00;5.00;2209.00;12.00;84.00;19.50;4.71;18.60;14.21;146.34;217.64;2.58;76001.00;0;5.00;46.00;4512.20;990.29;390.62;1;1;0;1;0;0;1;0;0;1;0;0;1;1;0;0;0;0;0
1833295;1.50;0.99;6.00;1222.00;12.00;84.00;17.25;0;12.59;14.39;186.63;191.69;2.31;76001.00;7.00;6.00;38.00;4517.00;990.29;859.36;1;1;0;1;0;0;1;0;0;1;0;0;1;1;0;0;0;0;0
1834706;1.26;0.97;6.00;1305.00;12.00;84.00;12.00;0;11.79;14.39;121.32;129.62;2.31;76001.00;7.00;6.00;39.00;4513.60;990.29;39.06;1;1;0;1;0;0;1;0;0;1;0;0;1;1;0;0;0;0;0
1836194;1.48;1.02;5.00;1198.00;12.75;84.75;18.00;0;12.65;14.11;92.40;75.44;2.58;76001.00;5.00;4.00;38.00;4510.40;990.29;507.81;1;1;0;1;0;0;1;0;0;1;0;0;1;1;0;0;0;0;0
1837658;1.42;1.00;0;1228.00;12.75;84.75;16.50;0;12.32;14.21;76.38;80.31;2.58;76001.00;0;0;38.00;4520.20;990.29;800.77;1;1;0;1;0;0;1;0;0;1;0;0;1;1;0;0;0;0;0
1839140;1.32;0.95;0;1200.00;12.75;84.75;18.00;0;12.55;14.21;72.14;61.40;2.58;76001.00;0;0;37.00;4511.20;990.29;117.19;1;1;0;1;0;0;1;0;0;1;0;0;1;1;0;0;0;0;0
1840661;1.35;0.95;0;1217.00;12.75;84.75;16.50;0;12.26;14.21;35.56;32.85;2.58;76001.00;0;0;37.00;4509.60;990.29;58.59;1;1;0;1;0;0;1;0;0;1;0;0;1;1;0;0;0;0;0
1842123;1.33;0.99;0;1229.00;12.75;84.75;15.75;0;12.26;14.30;23.87;24.39;2.58;76001.00;0;0;38.00;4507.00;990.29;58.59;1;1;0;1;1;0;1;0;0;1;0;0;1;1;0;0;1;0;0
1843588;1.26;1.01;0;1267.00;12.75;84.75;12.75;0;11.56;14.30;11.97;13.36;2.58;76001.00;0;0;35.00;4509.00;990.29;859.36;1;1;0;1;0;0;1;0;0;1;0;0;1;1;0;0;1;0;0
1845103;1.23;0.96;0;1232.00;12.75;84.75;15.00;0;11.73;14.30;134.64;100.38;2.58;76001.00;0;0;35.00;4504.40;990.29;703.12;0;1;0;1;0;0;1;0;0;1;0;0;1;1;0;0;1;0;0
1846564;1.18;0.95;0;1318.00;12.75;84.75;10.50;0;10.82;14.39;156.98;122.82;2.31;76001.00;0;0;35.00;4507.00;990.29;39.06;0;1;0;1;0;1;1;0;0;0;0;0;0;0;0;1;0;0;0
1848074;1.82;1.00;0;0;12.75;85.50;4.50;0;57.23;12.88;109.58;80.52;3.24;76001.00;0;0;117.00;4598.80;990.29;58.59;0;1;0;1;0;0;0;0;0;0;0;0;0;0;0;0;1;0;0
1849624;1.82;1.00;0;0;12.75;85.50;4.50;0;57.23;12.69;109.58;80.52;3.36;76001.00;0;0;117.00;4593.00;990.29;78.12;0;1;0;1;0;0;0;0;0;0;0;0;0;0;0;0;1;0;0
1851061;1.82;1.00;0;0;12.75;85.50;4.50;0;57.23;12.69;109.58;80.52;3.36;76001.00;0;0;117.00;4588.40;990.29;78.12;0;1;0;1;0;0;0;0;0;0;0;0;0;0;0;0;1;0;0
