##;##
#2012-09-02 08:21:58
#GS-911 Android V1.1
#F800GS
#BMS-KP2
Time (ms);Injection time( ms);Lambda control factor;Speed( km/h);RPM;Intake air temperature( °C);Engine temperature( °C);Ignition angle( °KW);Throttle valve position (TPS)( %);Engine load( %);Battery voltage( V);Knock sensor 1( V);Knock sensor 2( V);Ignition dwell time( ms);Odometer( km);Front wheel speed( km/h);Rear wheel speed( km/h);Idle actuator position( steps);Fuel pressure( mbar);Ambient air pressure( mbar);Lambda sensor voltage( mV);Gear position;Sidestand switch 1;Sidestand switch 2;Sidestand switch calculated;Clutch switch;Kill switch;Oil pressure switch;Start switch;Tank venting valve (US only);Secondary air valve;Engine over-temperature light;Actuation of starter relay;Lambda sensor heating;Fuel pump;Fan motor;Engine safety cut-out (of BMSK);Starter function (of BMSK);Starter safety cut-out (of BMSK);Engine warning light (MIL)
38;0;1.00;0;0;28.5;25.5;-96.0;0;55.39;12.31;52.80;52.80;3.48;86817.0;0;0;202.0;4298.0;974.19;449.21;0;1.0;0;1.0;0;0;0;0;0;0;0;0;0;0;0;0;1.0;0;0
539;0;1.00;0;0;28.5;25.5;-96.0;0;55.39;12.31;52.80;52.80;3.48;86817.0;0;0;202.0;4296.0;974.19;449.21;0;1.0;0;1.0;0;0;0;0;0;0;0;0;0;0;0;0;1.0;0;0
1049;0;1.00;0;0;28.5;25.5;-96.0;0;55.39;12.31;52.80;52.80;3.48;86817.0;0;0;202.0;4294.0;974.19;449.21;0;1.0;0;1.0;0;0;0;0;0;0;0;0;0;0;0;0;1.0;0;0
1599;0;1.00;0;0;28.5;25.5;-96.0;0;55.39;12.31;52.80;52.80;3.48;86817.0;0;0;202.0;4293.0;974.19;449.21;0;1.0;0;1.0;0;0;0;0;0;0;0;0;0;0;0;0;1.0;0;0
2149;0;1.00;0;0;28.5;25.5;-96.0;0;55.39;12.31;52.80;52.80;3.48;86817.0;0;0;202.0;4293.0;974.19;449.21;0;1.0;0;1.0;0;0;0;0;0;0;0;0;0;0;0;0;1.0;0;0
2699;0;1.00;0;0;28.5;25.5;-96.0;0;55.39;12.31;52.80;52.80;3.48;86817.0;0;0;202.0;4293.0;974.19;449.21;0;1.0;0;1.0;0;0;0;0;0;0;0;0;0;0;0;0;1.0;0;0
3251;0;1.00;0;0;28.5;25.5;-96.0;0;55.39;12.31;52.80;52.80;3.48;86817.0;0;0;202.0;4293.0;974.19;449.21;0;1.0;0;1.0;0;0;0;0;0;0;0;0;0;0;0;0;1.0;0;0
3799;0;1.00;0;0;28.5;25.5;-96.0;0;55.39;12.31;52.80;52.80;3.48;86817.0;0;0;202.0;4293.0;974.19;449.21;0;1.0;0;1.0;0;0;0;0;0;0;0;0;0;0;0;0;1.0;0;0
4349;0;1.00;0;0;28.5;25.5;-96.0;0;55.39;12.31;52.80;52.80;3.48;86817.0;0;0;202.0;4293.0;974.19;449.21;0;1.0;0;1.0;0;0;0;0;0;0;0;0;0;0;0;0;1.0;0;0
4900;0;1.00;0;0;28.5;25.5;-96.0;0;55.39;12.31;52.80;52.80;3.48;86817.0;0;0;202.0;4293.0;974.19;449.21;0;1.0;0;1.0;0;0;0;0;0;0;0;0;0;0;0;0;1.0;0;0
5399;0;1.00;0;0;28.5;25.5;-96.0;0;55.39;12.31;52.80;52.80;3.48;86817.0;0;0;202.0;4293.0;974.19;449.21;0;1.0;0;1.0;0;0;0;0;0;0;0;0;0;0;0;0;1.0;0;0
5912;0;1.00;0;0;28.5;25.5;-96.0;0;55.39;12.31;52.80;52.80;3.48;86817.0;0;0;202.0;4293.0;974.19;449.21;0;1.0;0;1.0;0;0;0;0;0;0;0;0;0;0;0;0;1.0;0;0
6459;0;1.00;0;0;28.5;25.5;-96.0;0;55.39;12.31;52.80;52.80;3.48;86817.0;0;0;202.0;4288.0;974.19;449.21;0;1.0;0;1.0;0;0;0;0;0;0;0;0;0;0;0;0;1.0;0;0
7010;0;1.00;0;0;28.5;25.5;-96.0;0;55.39;12.31;52.80;52.80;3.48;86817.0;0;0;202.0;4287.0;974.19;449.21;0;1.0;0;1.0;0;0;0;0;0;0;0;0;0;0;0;0;1.0;0;0
7559;0;1.00;0;0;28.5;25.5;-96.0;0;55.39;12.31;52.80;52.80;3.48;86817.0;0;0;202.0;4287.0;974.19;449.21;0;1.0;0;1.0;0;0;0;0;0;0;0;0;0;0;0;0;1.0;0;0
8109;0;1.00;0;0;28.5;25.5;-96.0;0;55.39;12.31;52.80;52.80;3.48;86817.0;0;0;202.0;4287.0;974.19;449.21;0;1.0;0;1.0;0;0;0;0;0;0;0;0;0;0;0;0;1.0;0;0
8610;0;1.00;0;0;28.5;25.5;-96.0;0;55.39;12.31;52.80;52.80;3.48;86817.0;0;0;202.0;4287.0;974.19;449.21;0;1.0;0;1.0;0;0;0;0;0;0;0;0;0;0;0;0;1.0;0;0
9159;0;1.00;0;0;28.5;25.5;-96.0;0;55.39;12.31;52.80;52.80;3.48;86817.0;0;0;202.0;4287.0;974.19;449.21;0;1.0;0;1.0;0;0;0;0;0;0;0;0;0;0;0;0;1.0;0;0
9670;0;1.00;0;0;28.5;25.5;-96.0;0;55.39;12.31;52.80;52.80;3.48;86817.0;0;0;202.0;4287.0;974.19;449.21;0;1.0;0;1.0;0;0;0;0;0;0;0;0;0;0;0;0;1.0;0;0
10179;0;1.00;0;0;28.5;25.5;-96.0;0;55.39;12.31;52.80;52.80;3.48;86817.0;0;0;202.0;4287.0;974.19;449.21;0;1.0;0;1.0;0;0;0;0;0;0;0;0;0;0;0;0;1.0;0;0
10719;0;1.00;0;0;28.5;25.5;-96.0;0;55.39;12.31;52.80;52.80;3.48;86817.0;0;0;202.0;4287.0;974.19;449.21;0;1.0;0;1.0;0;0;0;0;0;0;0;0;0;0;0;0;1.0;0;0
11230;0;1.00;0;0;28.5;25.5;-96.0;0;55.39;12.31;52.80;52.80;3.48;86817.0;0;0;202.0;4286.0;974.19;449.21;0;1.0;0;1.0;0;0;0;0;0;0;0;0;0;0;0;0;1.0;0;0
11729;0;1.00;0;0;28.5;25.5;-96.0;0;55.39;12.31;52.80;52.80;3.48;86817.0;0;0;202.0;4285.0;974.19;449.21;0;1.0;0;1.0;0;0;0;0;0;0;0;0;0;0;0;0;1.0;0;0
12279;0;1.00;0;0;28.5;25.5;-96.0;0;55.39;12.31;52.80;52.80;3.48;86817.0;0;0;202.0;4284.0;974.19;449.21;0;1.0;0;1.0;0;0;0;0;0;0;0;0;0;0;0;0;1.0;0;0
12789;0;1.00;0;0;28.5;25.5;-96.0;0;55.39;12.31;52.80;52.80;3.48;86817.0;0;0;202.0;4281.0;974.19;449.21;0;1.0;0;1.0;0;0;0;0;0;0;0;0;0;0;0;0;1.0;0;0
13339;0;1.00;0;0;28.5;25.5;-96.0;0;55.39;12.31;52.80;52.80;3.48;86817.0;0;0;202.0;4281.0;974.19;449.21;0;1.0;0;1.0;0;0;0;0;0;0;0;0;0;0;0;0;1.0;0;0
13850;0;1.00;0;0;28.5;25.5;-96.0;0;55.39;12.21;52.80;52.80;3.48;86817.0;0;0;202.0;4281.0;974.19;449.21;0;1.0;0;1.0;0;0;0;1.0;0;0;0;1.0;0;0;0;0;1.0;0;0
14399;0;1.00;0;0;28.5;25.5;-96.0;0;55.39;10.32;52.80;52.80;4.08;86817.0;0;0;202.0;4280.0;974.19;449.21;0;1.0;0;1.0;0;0;0;1.0;0;0;0;1.0;0;1.0;0;0;1.0;0;0
14949;3.55;1.00;0;1893.0;28.5;25.5;11.25;0;18.57;11.36;52.80;50.09;3.63;86817.0;0;0;204.0;4293.0;974.19;449.21;0;1.0;0;1.0;0;0;0;0;0;1.0;0;0;1.0;1.0;0;0;1.0;0;0
15449;3.78;1.00;0;1693.0;28.5;25.5;2.25;0;16.25;13.06;36.46;36.46;3.24;86817.0;0;0;204.0;4366.0;974.19;449.21;0;1.0;0;1.0;0;0;1.0;0;0;1.0;0;0;1.0;1.0;0;0;1.0;0;0
15960;3.54;1.00;0;1531.0;28.5;25.5;3.75;0;16.62;13.54;26.54;27.16;3.07;86817.0;0;0;184.0;4411.0;974.19;449.21;0;1.0;0;1.0;0;0;1.0;0;0;1.0;0;0;1.0;1.0;0;0;1.0;0;0
16460;3.37;1.00;0;1464.0;28.5;25.5;3.75;0;16.09;13.82;25.54;20.11;2.82;86817.0;0;0;160.0;4473.0;974.19;449.21;0;1.0;0;1.0;0;0;1.0;0;0;1.0;0;0;1.0;1.0;0;0;1.0;0;0
16969;3.19;1.00;0;1397.0;28.5;25.5;6.0;0;16.44;13.73;34.23;28.12;2.82;86817.0;0;0;148.0;4485.0;974.19;449.21;0;1.0;0;1.0;0;0;1.0;0;0;1.0;0;0;1.0;1.0;0;0;1.0;0;0
17519;2.97;1.00;0;1419.0;28.5;25.5;5.25;0;15.96;14.01;26.79;32.26;2.58;86817.0;0;0;144.0;4491.0;974.19;449.21;0;1.0;0;1.0;0;0;1.0;0;0;1.0;0;0;1.0;1.0;0;0;1.0;0;0
18029;2.82;1.00;0;1416.0;28.5;25.5;6.0;0;16.16;14.11;19.49;25.46;2.58;86817.0;0;0;146.0;4506.0;974.19;449.21;0;1.0;0;1.0;0;0;1.0;0;0;1.0;0;0;1.0;1.0;0;0;1.0;0;0
18581;2.92;1.00;0;1387.0;28.5;25.5;6.75;0;16.39;14.20;20.83;24.88;2.58;86817.0;0;0;146.0;4504.0;974.19;449.21;0;1.0;0;1.0;0;0;1.0;0;0;1.0;0;0;1.0;1.0;0;0;1.0;0;0
19131;2.76;1.00;0;1396.0;28.5;25.5;6.75;0;16.50;14.11;53.51;26.99;2.58;86817.0;0;0;147.0;4506.0;974.19;449.21;0;1.0;0;1.0;0;0;1.0;0;0;1.0;0;0;1.0;1.0;0;0;1.0;0;0
19679;2.88;1.00;0;1369.0;28.5;25.5;6.75;0;16.42;14.20;44.82;67.92;2.58;86817.0;0;0;145.0;4505.0;974.19;449.21;0;1.0;0;1.0;0;0;1.0;0;0;1.0;0;0;1.0;1.0;0;0;1.0;0;0
20229;2.71;1.00;0;1376.0;28.5;25.5;6.75;0;16.46;14.11;34.95;57.16;2.58;86817.0;0;0;147.0;4521.0;974.19;449.21;0;1.0;0;1.0;0;0;1.0;0;0;1.0;0;0;1.0;1.0;0;0;1.0;0;0
20739;2.64;1.00;0;1411.0;28.5;25.5;6.0;0;16.23;14.11;32.34;82.82;2.58;86817.0;0;0;148.0;4514.0;974.19;449.21;0;1.0;0;1.0;0;0;1.0;0;0;1.0;0;0;1.0;1.0;0;0;1.0;0;0
21239;2.70;1.00;0;1360.0;28.5;25.5;7.5;0;16.89;13.92;46.65;83.66;2.82;86817.0;0;0;147.0;4510.0;974.19;449.21;0;1.0;0;1.0;0;0;1.0;0;0;1.0;0;0;1.0;1.0;0;0;1.0;0;0
21749;2.72;1.00;0;1383.0;28.5;25.5;6.75;0;16.51;14.11;41.57;68.15;2.58;86817.0;0;0;148.0;4504.0;974.19;449.21;0;1.0;0;1.0;0;0;1.0;0;0;1.0;0;0;1.0;1.0;0;0;1.0;0;0
22299;2.69;1.00;0;1396.0;28.5;25.5;6.75;0;16.58;14.11;32.71;64.60;2.58;86817.0;0;0;150.0;4516.0;974.19;449.21;0;1.0;0;1.0;0;0;1.0;0;0;1.0;0;0;1.0;1.0;0;0;1.0;0;0
22809;2.60;1.00;0;1379.0;28.5;26.25;6.75;0;16.59;14.01;33.61;134.24;2.58;86817.0;0;0;149.0;4515.0;974.19;449.21;0;1.0;0;1.0;0;0;1.0;0;0;1.0;0;0;1.0;1.0;0;0;1.0;0;0
23309;2.56;1.00;0;1403.0;28.5;26.25;6.75;0;16.56;14.01;24.45;97.82;2.58;86817.0;0;0;148.0;4514.0;974.19;449.21;0;1.0;0;1.0;0;0;1.0;0;0;1.0;0;0;1.0;1.0;0;0;1.0;0;0
23819;2.68;1.00;0;1373.0;28.5;26.25;6.75;0;16.57;14.11;18.76;71.26;2.58;86817.0;0;0;151.0;4522.0;974.19;449.21;0;1.0;0;1.0;0;0;1.0;0;0;1.0;0;0;1.0;1.0;0;0;1.0;0;0
24320;2.63;1.00;0;1392.0;28.5;26.25;6.75;0;16.56;14.20;37.36;69.80;2.58;86817.0;0;0;150.0;4517.0;974.19;449.21;0;1.0;0;1.0;0;0;1.0;0;0;1.0;0;0;1.0;1.0;0;0;1.0;0;0
24829;2.64;1.00;0;1383.0;28.5;26.25;6.75;0;16.55;13.92;27.16;57.49;2.82;86817.0;0;0;150.0;4497.0;974.19;449.21;0;1.0;0;1.0;0;0;1.0;0;0;1.0;0;0;1.0;1.0;0;0;1.0;0;0
25339;2.55;1.00;0;1410.0;28.5;26.25;6.0;0;16.32;14.11;28.20;52.73;2.58;86817.0;0;0;148.0;4522.0;974.19;449.21;0;1.0;0;1.0;0;0;1.0;0;0;1.0;0;0;1.0;1.0;0;0;1.0;0;0
25840;2.45;1.00;0;1421.0;28.5;26.25;6.0;0;16.30;14.01;22.49;40.48;2.58;86817.0;0;0;148.0;4516.0;974.19;449.21;0;1.0;0;1.0;0;0;1.0;0;0;1.0;0;0;1.0;1.0;0;0;1.0;0;0
26349;2.45;1.00;0;1403.0;28.5;26.25;6.75;0;16.43;14.01;22.38;66.96;2.58;86817.0;0;0;146.0;4528.0;974.19;449.21;0;1.0;0;1.0;0;0;1.0;0;0;1.0;0;0;1.0;1.0;0;0;1.0;0;0
26849;2.48;1.00;0;1372.0;28.5;27.0;6.75;0;16.42;14.20;28.33;50.05;2.58;86817.0;0;0;146.0;4503.0;974.19;449.21;0;1.0;0;1.0;0;0;1.0;0;0;1.0;0;0;1.0;1.0;0;0;1.0;0;0
27359;2.44;1.00;0;1393.0;28.5;27.0;6.75;0;16.33;14.01;25.97;43.35;2.58;86817.0;0;0;141.0;4508.0;974.19;449.21;0;1.0;0;1.0;0;0;1.0;0;0;1.0;0;0;1.0;1.0;0;0;1.0;0;0
27879;2.51;1.00;0;1367.0;28.5;27.0;6.75;0;16.34;14.01;23.10;38.76;2.58;86817.0;0;0;145.0;4526.0;974.19;449.21;0;1.0;0;1.0;0;0;1.0;0;0;1.0;0;0;1.0;1.0;0;0;1.0;0;0
28508;2.39;1.00;0;1391.0;28.5;27.0;6.75;0;16.26;14.20;18.90;39.13;2.58;86817.0;0;0;143.0;4512.0;974.19;449.21;0;1.0;0;1.0;0;0;1.0;0;0;1.0;0;0;1.0;1.0;0;0;1.0;0;0
29029;2.44;1.00;0;1402.0;28.5;27.0;6.0;0;16.76;14.11;68.21;84.17;2.58;86817.0;0;0;143.0;4512.0;974.19;449.21;0;1.0;0;1.0;0;0;1.0;0;0;1.0;0;0;1.0;1.0;0;0;1.0;0;0
29658;2.45;1.00;0;1364.0;28.5;27.0;6.75;0;16.32;14.01;125.53;114.54;2.58;86817.0;0;0;142.0;4517.0;974.19;449.21;0;1.0;0;1.0;0;0;1.0;0;0;1.0;0;0;1.0;1.0;0;0;1.0;0;0
30180;2.4;1.00;0;1415.0;28.5;27.75;5.25;0;15.81;14.11;132.56;118.89;2.58;86817.0;0;0;140.0;4505.0;974.19;449.21;0;1.0;0;1.0;0;0;1.0;0;0;1.0;0;0;1.0;1.0;0;0;1.0;0;0
30699;2.38;1.00;0;1377.0;28.5;27.75;6.75;0;16.22;14.20;124.21;94.83;2.58;86817.0;0;0;139.0;4506.0;974.19;449.21;0;1.0;0;1.0;0;0;1.0;0;0;1.0;0;0;1.0;1.0;0;0;1.0;0;0
31251;2.4;1.00;0;1385.0;28.5;27.75;6.75;0;16.20;14.11;97.51;69.07;2.58;86817.0;0;0;140.0;4504.0;974.19;449.21;0;1.0;0;1.0;0;0;1.0;0;0;1.0;0;0;1.0;1.0;0;0;1.0;0;0
31749;2.32;1.00;0;1418.0;28.5;27.75;5.25;0;15.75;14.11;89.27;51.03;2.58;86817.0;0;0;139.0;4517.0;974.19;449.21;0;1.0;0;1.0;0;0;1.0;0;0;1.0;0;0;1.0;1.0;0;0;1.0;0;0
32258;2.31;1.00;0;1425.0;28.5;27.75;5.25;0;15.65;14.01;115.05;47.73;2.58;86817.0;0;0;138.0;4514.0;974.19;449.21;0;1.0;0;1.0;0;0;1.0;0;0;1.0;0;0;1.0;1.0;0;0;1.0;0;0
32769;2.36;1.00;0;1405.0;28.5;28.5;6.0;0;15.91;13.92;98.82;45.89;2.82;86817.0;0;0;141.0;4530.0;974.19;449.21;0;1.0;0;1.0;0;0;1.0;0;0;1.0;0;0;1.0;1.0;0;0;1.0;0;0
33319;2.33;1.00;0;1404.0;28.5;28.5;6.0;0;15.87;14.01;80.19;33.41;2.58;86817.0;0;0;138.0;4515.0;974.19;449.21;0;1.0;0;1.0;0;0;1.0;0;0;1.0;0;0;1.0;1.0;0;0;1.0;0;0
33829;2.4;1.00;0;1352.0;28.5;28.5;6.75;0;16.05;14.01;62.53;25.64;2.58;86817.0;0;0;137.0;4539.0;974.19;449.21;0;1.0;0;1.0;0;0;1.0;0;0;1.0;0;0;1.0;1.0;0;0;1.0;0;0
34332;2.40;1.00;0;1397.0;28.5;29.25;5.25;0;15.62;14.01;49.64;20.99;2.58;86817.0;0;0;135.0;4505.0;974.19;429.68;0;1.0;0;1.0;0;0;1.0;0;0;1.0;0;0;1.0;1.0;0;0;1.0;0;0
34879;2.35;1.00;0;1398.0;28.5;29.25;6.0;0;15.82;14.11;41.22;17.85;2.58;86817.0;0;0;137.0;4509.0;974.19;429.68;0;1.0;0;1.0;0;0;1.0;0;0;1.0;0;0;1.0;1.0;0;0;1.0;0;0
35389;2.47;1.00;0;1364.0;28.5;29.25;6.75;0;15.97;14.11;38.20;17.42;2.58;86817.0;0;0;135.0;4527.0;974.19;429.68;0;1.0;0;1.0;0;0;1.0;0;0;1.0;0;0;1.0;1.0;0;0;1.0;0;0
35969;2.32;1.00;0;1379.0;28.5;29.25;6.75;0;15.90;14.11;33.63;50.09;2.58;86817.0;0;0;133.0;4514.0;974.19;429.68;0;1.0;0;1.0;0;0;1.0;0;0;1.0;0;0;1.0;1.0;0;0;1.0;0;0
36469;2.29;1.00;0;1413.0;28.5;29.25;5.25;0;15.49;14.20;57.08;40.79;2.58;86817.0;0;0;135.0;4521.0;974.19;429.68;0;1.0;0;1.0;0;0;1.0;0;0;1.0;0;0;1.0;1.0;0;0;1.0;0;0
36979;2.29;1.00;0;1411.0;28.5;30.0;5.25;0;15.50;14.11;56.53;33.49;2.58;86817.0;0;0;134.0;4505.0;974.19;429.68;0;1.0;0;1.0;0;0;1.0;0;0;1.0;0;0;1.0;1.0;0;0;1.0;0;0
37489;2.35;1.00;0;1359.0;28.5;30.0;6.75;0;15.90;14.01;49.33;28.02;2.58;86817.0;0;0;134.0;4500.0;974.19;429.68;0;1.0;0;1.0;1.0;0;1.0;0;0;1.0;0;0;1.0;1.0;0;0;1.0;0;0
37989;2.4;1.00;0;1397.0;28.5;30.0;5.25;0;15.53;14.01;41.48;36.44;2.58;86817.0;0;0;134.0;4502.0;974.19;429.68;0;1.0;0;1.0;0;0;1.0;0;0;1.0;0;0;1.0;1.0;0;0;0;0;0
38499;2.39;1.00;0;1389.0;28.5;30.0;6.0;0;15.72;14.20;51.55;79.13;2.58;86817.0;0;0;135.0;4517.0;974.19;429.68;1.0;1.0;0;1.0;0;0;1.0;0;0;1.0;0;0;1.0;1.0;0;0;0;0;0
39049;2.50;1.00;0;1405.0;28.5;30.0;5.25;0;15.50;14.11;70.05;88.95;2.58;86817.0;0;0;134.0;4510.0;974.19;488.27;1.0;1.0;0;1.0;0;0;1.0;0;0;1.0;0;0;1.0;1.0;0;0;0;0;0
39559;4.33;1.00;0;1596.0;28.5;30.75;8.25;3.92;18.64;14.01;50.42;90.09;2.58;86817.0;0;0;124.0;4569.0;974.19;488.27;1.0;1.0;0;1.0;0;0;1.0;0;0;1.0;0;0;1.0;1.0;0;0;0;0;0
40110;3.99;1.00;0;1723.0;28.5;30.75;7.5;6.66;23.88;13.92;33.00;62.26;2.82;86817.0;0;0;124.0;4534.0;974.19;488.27;1.0;1.0;0;1.0;0;0;1.0;0;0;1.0;0;0;1.0;1.0;0;0;0;0;0
40620;2.07;1.00;0;1542.0;28.5;30.75;6.75;0;16.45;14.20;22.77;43.12;2.58;86817.0;0;0;152.0;4486.0;974.19;488.27;1.0;1.0;0;1.0;0;0;1.0;0;0;1.0;0;0;1.0;1.0;0;0;0;0;0
41131;2.15;1.00;3.0;1531.0;28.5;30.75;3.0;0;14.80;14.11;21.54;33.25;2.58;86817.0;4.0;4.0;144.0;4477.0;974.19;488.27;1.0;1.0;0;1.0;0;0;1.0;0;0;1.0;0;0;1.0;1.0;0;0;0;0;0
41679;2.35;1.00;5.0;1418.0;28.5;30.75;6.75;0;15.97;14.20;43.78;24.64;2.58;86817.0;6.0;4.0;140.0;4472.0;974.19;488.27;1.0;1.0;0;1.0;0;0;1.0;0;0;1.0;0;0;1.0;1.0;0;0;0;0;0
42190;2.40;1.00;5.0;1408.0;28.5;31.5;6.0;0;15.68;14.20;63.99;22.12;2.58;86817.0;6.0;5.0;138.0;4503.0;974.19;410.15;1.0;1.0;0;1.0;0;0;1.0;0;0;1.0;0;0;1.0;1.0;0;0;0;0;0
42739;2.24;1.00;6.0;1431.0;28.5;31.5;5.25;0;15.12;14.01;55.19;23.88;2.58;86817.0;6.0;5.0;133.0;4509.0;974.19;410.15;1.0;1.0;0;1.0;0;0;1.0;0;0;1.0;0;0;1.0;1.0;0;0;0;0;0
43290;2.28;1.00;5.0;1415.0;28.5;31.5;6.0;0;15.49;14.01;53.53;20.38;2.58;86817.0;5.0;4.0;134.0;4539.0;974.19;410.15;1.0;1.0;0;1.0;0;0;1.0;0;0;1.0;0;0;1.0;1.0;0;0;0;0;0
43799;2.39;1.00;5.0;1394.0;28.5;31.5;6.75;0;15.66;14.11;57.12;16.60;2.58;86817.0;5.0;4.0;132.0;4507.0;974.19;410.15;1.0;1.0;0;1.0;0;0;1.0;0;0;1.0;0;0;1.0;1.0;0;0;0;0;0
44309;2.42;1.00;3.0;1381.0;28.5;31.5;7.5;0;15.86;14.11;41.57;16.07;2.58;86817.0;0;4.0;134.0;4510.0;974.19;410.15;1.0;1.0;0;1.0;0;0;1.0;0;0;1.0;0;0;1.0;1.0;0;0;0;0;0
44859;2.32;1.00;5.0;1404.0;28.5;32.25;6.0;0;15.36;14.11;34.48;11.65;2.58;86817.0;5.0;4.0;131.0;4521.0;974.19;449.21;1.0;1.0;0;1.0;0;0;1.0;0;0;1.0;0;0;1.0;1.0;0;0;0;0;0
45371;2.33;1.00;6.0;1385.0;28.5;32.25;8.25;0;16.41;14.01;29.21;35.11;2.58;86817.0;6.0;6.0;140.0;4512.0;974.19;410.15;1.0;1.0;0;1.0;0;0;1.0;0;0;1.0;0;0;1.0;1.0;0;0;0;0;0
45869;2.52;1.00;5.0;1334.0;28.5;32.25;9.75;0;17.03;14.20;29.60;29.17;2.58;86817.0;6.0;6.0;142.0;4533.0;974.19;410.15;1.0;1.0;0;1.0;0;0;1.0;0;0;1.0;0;0;1.0;1.0;0;0;0;0;0
46380;2.56;1.00;6.0;1394.0;28.5;32.25;7.5;0;16.33;14.11;36.67;29.66;2.58;86817.0;6.0;6.0;143.0;4513.0;974.19;410.15;1.0;1.0;0;1.0;0;0;1.0;0;0;1.0;0;0;1.0;1.0;0;0;0;0;0
46889;3.65;1.00;8.0;1748.0;28.5;32.25;7.5;5.09;18.69;14.11;36.20;57.94;2.58;86817.0;9.0;9.0;123.0;4559.0;974.19;527.33;1.0;1.0;0;1.0;0;0;1.0;0;0;1.0;0;0;1.0;1.0;0;0;0;0;0
47400;3.54;0.98;12.0;1709.0;28.5;33.0;7.5;5.09;18.77;14.20;106.43;125.57;2.58;86817.0;12.0;12.0;122.0;4529.0;974.19;527.33;1.0;1.0;0;1.0;0;0;1.0;0;0;1.0;0;0;1.0;1.0;0;0;0;0;0
47900;3.71;0.96;16.0;1873.0;28.5;33.0;7.5;7.05;22.81;14.01;160.51;208.05;2.58;86817.0;17.0;16.0;122.0;4518.0;974.19;527.33;1.0;1.0;0;1.0;0;0;1.0;0;0;1.0;0;0;1.0;1.0;0;0;0;0;0
48411;4.74;1.00;20.0;2246.0;28.5;33.0;7.5;13.33;28.72;13.92;208.97;226.23;2.82;86817.0;20.0;20.0;122.0;4387.0;974.19;546.86;1.0;1.0;0;1.0;0;0;1.0;0;0;1.0;0;0;1.0;1.0;0;0;0;0;0
48962;4.69;1.00;25.0;2719.0;28.5;33.0;12.0;18.04;29.63;13.82;187.62;249.12;2.82;86817.0;24.0;25.0;122.0;4514.0;974.19;527.33;1.0;1.0;0;1.0;0;0;1.0;0;0;1.0;0;0;1.0;1.0;0;0;0;0;0
49469;3.76;0.99;26.0;2193.0;28.5;33.75;8.25;9.41;23.32;13.63;161.78;166.37;2.82;86817.0;26.0;27.0;121.0;4543.0;974.19;546.86;2.0;1.0;0;1.0;0;0;1.0;0;0;1.0;0;0;1.0;1.0;0;0;0;0;0
49980;3.69;0.97;28.0;2254.0;28.5;33.75;8.25;9.41;23.16;13.92;100.65;98.17;2.82;86817.0;29.0;29.0;121.0;4445.0;974.19;546.86;2.0;1.0;0;1.0;0;0;1.0;0;0;1.0;0;0;1.0;1.0;0;0;0;0;0
50491;3.4;0.94;31.0;2372.0;28.5;33.75;9.75;9.02;22.47;13.92;59.37;61.03;2.82;86817.0;30.0;31.0;121.0;4485.0;974.19;546.86;2.0;1.0;0;1.0;0;0;1.0;0;0;1.0;0;0;1.0;1.0;0;0;0;0;0
51000;3.07;0.91;32.0;2513.0;28.5;33.75;11.25;7.84;20.77;13.82;34.99;35.95;2.82;86817.0;32.0;33.0;121.0;4489.0;974.19;546.86;2.0;1.0;0;1.0;0;0;1.0;0;0;1.0;0;0;1.0;1.0;0;0;0;0;0
51500;2.89;0.88;33.0;2599.0;28.5;33.75;12.0;7.84;20.07;13.92;21.05;20.07;2.82;86817.0;34.0;33.0;121.0;4494.0;974.19;507.80;2.0;1.0;0;1.0;0;0;1.0;0;0;1.0;0;0;1.0;1.0;0;0;0;0;0
52010;2.88;0.90;35.0;2723.0;28.5;34.5;13.5;7.45;19.85;13.82;11.67;11.17;2.82;86817.0;35.0;35.0;120.0;4520.0;974.19;566.39;2.0;1.0;0;1.0;0;0;1.0;0;0;1.0;0;0;1.0;1.0;0;0;0;0;0
52520;2.68;0.88;36.0;2801.0;28.5;34.5;14.25;7.05;19.05;13.82;6.46;7.75;2.82;86817.0;36.0;36.0;120.0;4525.0;974.19;546.86;2.0;1.0;0;1.0;0;0;1.0;0;0;1.0;0;0;1.0;1.0;0;0;0;0;0
53030;2.61;0.87;37.0;2924.0;28.5;34.5;15.75;6.66;19.05;13.92;3.35;5.48;2.82;86817.0;37.0;38.0;120.0;4518.0;974.19;468.74;2.0;1.0;0;1.0;0;0;1.0;0;0;1.0;0;0;1.0;1.0;0;0;0;0;0
53580;2.61;0.90;38.0;2986.0;28.5;35.25;16.5;6.66;18.59;13.82;2.87;2.69;2.82;86817.0;38.0;38.0;119.0;4532.0;974.19;527.33;2.0;1.0;0;1.0;0;0;1.0;0;0;1.0;0;0;1.0;1.0;0;0;0;0;0
54089;2.25;0.91;38.0;2979.0;28.5;35.25;18.0;5.09;15.29;13.82;137.60;149.20;2.82;86817.0;38.0;39.0;119.0;4517.0;974.19;351.55;2.0;1.0;0;1.0;0;0;1.0;0;0;1.0;0;0;1.0;1.0;0;0;0;0;0
54689;0.70;1.00;38.0;2994.0;28.5;35.25;18.0;0;10.67;13.92;250.56;250.53;2.82;86817.0;38.0;39.0;119.0;4546.0;974.19;605.46;2.0;1.0;0;1.0;0;0;1.0;0;0;1.0;0;0;1.0;1.0;0;0;0;0;0
55219;3.06;0.99;38.0;2373.0;28.5;35.25;10.5;5.88;17.73;13.92;285.66;301.13;2.82;86817.0;39.0;39.0;119.0;4484.0;974.19;605.46;3.0;1.0;0;1.0;0;0;1.0;0;0;1.0;0;0;1.0;1.0;0;0;0;0;0
55730;3.00;0.97;38.0;2350.0;28.5;36.0;10.5;5.88;18.15;13.92;324.10;212.68;2.82;86817.0;39.0;39.0;119.0;4499.0;974.19;624.99;3.0;1.0;0;1.0;0;0;1.0;0;0;1.0;0;0;1.0;1.0;0;0;0;0;0
56239;2.80;0.94;40.0;2460.0;28.5;36.0;10.5;5.49;16.88;13.92;343.49;151.49;2.82;86817.0;40.0;39.0;119.0;4503.0;974.19;624.99;3.0;1.0;0;1.0;0;0;1.0;0;0;1.0;0;0;1.0;1.0;0;0;0;0;0
56739;2.69;0.92;40.0;2368.0;28.5;36.0;11.25;5.49;17.49;14.01;333.72;105.40;2.58;86817.0;40.0;39.0;119.0;4514.0;974.19;546.86;3.0;1.0;0;1.0;0;0;1.0;0;0;1.0;0;0;1.0;1.0;0;0;0;0;0
57249;2.64;0.92;40.0;2440.0;28.5;36.75;11.25;5.49;17.11;13.92;313.49;176.57;2.82;86817.0;40.0;40.0;118.0;4500.0;974.19;371.08;3.0;1.0;0;1.0;0;0;1.0;0;0;1.0;0;0;1.0;1.0;0;0;0;0;0
57759;2.72;0.94;40.0;2405.0;28.5;36.75;10.5;5.49;16.86;14.01;342.55;253.92;2.58;86817.0;40.0;39.0;118.0;4516.0;974.19;273.43;3.0;1.0;0;1.0;0;0;1.0;0;0;1.0;0;0;1.0;1.0;0;0;0;0;0
58270;2.74;0.96;40.0;2440.0;28.5;36.75;10.5;5.49;16.69;14.01;351.95;248.63;2.58;86817.0;40.0;39.0;118.0;4518.0;974.19;273.43;3.0;1.0;0;1.0;0;0;1.0;0;0;1.0;0;0;1.0;1.0;0;0;0;0;0
58779;2.76;0.98;40.0;2437.0;28.5;36.75;11.25;5.09;16.86;13.92;340.42;259.92;2.82;86817.0;40.0;40.0;118.0;4512.0;974.19;664.05;3.0;1.0;0;1.0;0;0;1.0;0;0;1.0;0;0;1.0;1.0;0;0;0;0;0
59290;2.56;0.95;40.0;2439.0;28.5;37.5;11.25;4.70;16.14;13.82;238.69;254.28;2.82;86817.0;40.0;40.0;117.0;4531.0;974.19;644.52;3.0;1.0;0;1.0;0;0;1.0;0;0;1.0;0;0;1.0;1.0;0;0;0;0;0
59789;2.04;0.93;38.0;2481.0;28.5;37.5;11.25;3.13;12.73;13.82;140.88;150.10;2.82;86817.0;39.0;39.0;117.0;4515.0;974.19;664.05;3.0;1.0;0;1.0;0;0;1.0;0;0;1.0;0;0;1.0;1.0;0;0;0;0;0
60299;2.06;0.91;38.0;2342.0;28.5;37.5;10.5;3.13;12.90;13.92;83.13;88.56;2.82;86817.0;39.0;39.0;117.0;4526.0;974.19;585.93;3.0;1.0;0;1.0;0;0;1.0;0;0;1.0;0;0;1.0;1.0;0;0;0;0;0
60809;1.83;0.91;37.0;2343.0;28.5;37.5;11.25;2.35;12.20;14.01;51.67;52.24;2.58;86817.0;38.0;38.0;117.0;4531.0;974.19;273.43;3.0;1.0;0;1.0;0;0;1.0;0;0;1.0;0;0;1.0;1.0;0;0;0;0;0
61319;1.72;0.92;37.0;2261.0;28.5;38.25;9.75;1.96;10.71;13.92;30.46;32.43;2.82;86817.0;37.0;37.0;116.0;4536.0;974.19;292.96;3.0;1.0;0;1.0;0;0;1.0;0;0;1.0;0;0;1.0;1.0;0;0;0;0;0
61869;2.16;0.93;36.0;2251.0;28.5;38.25;9.75;3.13;13.48;13.92;16.97;18.98;2.82;86817.0;35.0;36.0;116.0;4531.0;974.19;234.37;3.0;1.0;0;1.0;0;0;1.0;0;0;1.0;0;0;1.0;1.0;0;0;0;0;0
62389;2.23;0.95;36.0;2227.0;28.5;39.0;9.0;3.13;13.95;14.01;42.63;17.77;2.58;86817.0;36.0;36.0;115.0;4501.0;974.19;234.37;3.0;1.0;0;1.0;0;0;1.0;0;0;1.0;0;0;1.0;1.0;0;0;0;0;0
62899;2.28;0.97;35.0;2154.0;28.5;39.0;9.0;3.13;13.64;13.82;64.89;25.23;2.82;86817.0;35.0;35.0;115.0;4520.0;974.19;234.37;3.0;1.0;0;1.0;0;0;1.0;0;0;1.0;0;0;1.0;1.0;0;0;0;0;0
63399;1.62;0.98;35.0;2206.0;28.5;39.0;9.0;1.96;11.81;13.92;158.58;124.77;2.82;86817.0;35.0;35.0;115.0;4522.0;974.19;292.96;3.0;1.0;0;1.0;0;0;1.0;0;0;1.0;0;0;1.0;1.0;0;0;0;0;0
63948;1.52;0.99;33.0;2071.0;28.5;39.75;9.0;0.78;9.22;13.92;236.68;193.62;2.82;86817.0;34.0;34.0;114.0;4540.0;974.19;566.39;3.0;1.0;0;1.0;0;0;1.0;0;0;1.0;0;0;1.0;1.0;0;0;0;0;0
64470;1.74;1.00;33.0;1980.0;28.5;39.75;7.5;0;15.47;14.01;274.90;211.93;2.58;86817.0;34.0;33.0;130.0;4513.0;974.19;742.17;3.0;1.0;0;1.0;0;0;1.0;0;0;1.0;0;0;1.0;1.0;0;0;0;0;0
65028;1.67;1.00;32.0;1996.0;28.5;39.75;6.75;0;15.60;13.92;218.52;168.29;2.82;86817.0;32.0;32.0;133.0;4508.0;974.19;214.84;3.0;1.0;0;1.0;0;0;1.0;0;0;1.0;0;0;1.0;1.0;0;0;0;0;0
65530;1.82;1.00;31.0;1921.0;28.5;39.75;8.25;1.17;10.49;13.92;141.47;116.06;2.82;86817.0;31.0;31.0;116.0;4504.0;974.19;214.84;3.0;1.0;0;1.0;0;0;1.0;0;0;1.0;0;0;1.0;1.0;0;0;0;0;0
66078;2.47;1.01;31.0;1838.0;28.5;40.5;8.25;1.96;12.06;13.92;125.40;104.42;2.82;86817.0;31.0;31.0;113.0;4538.0;974.19;214.84;3.0;1.0;0;1.0;0;0;1.0;0;0;1.0;0;0;1.0;1.0;0;0;0;0;0
66589;1.71;1.00;31.0;1920.0;28.5;40.5;7.5;0;15.65;13.92;90.42;64.93;2.82;86817.0;31.0;31.0;135.0;4523.0;974.19;781.24;2.0;1.0;0;1.0;0;0;1.0;0;0;1.0;0;0;1.0;1.0;0;0;0;0;0
67168;1.49;1.00;30.0;2323.0;28.5;40.5;6.75;0;15.51;13.92;58.78;47.94;2.82;86817.0;30.0;29.0;135.0;4487.0;974.19;742.17;2.0;1.0;0;1.0;0;0;1.0;0;0;1.0;0;0;1.0;1.0;0;0;0;0;0
67878;1.53;1.00;28.0;2202.0;28.5;40.5;7.5;0;15.49;13.92;49.66;35.07;2.82;86817.0;28.0;28.0;129.0;4525.0;974.19;722.64;2.0;1.0;0;1.0;0;0;1.0;0;0;1.0;0;0;1.0;1.0;0;0;0;0;0
68488;1.73;1.00;25.0;1920.0;28.5;41.25;7.5;0;15.57;13.92;30.58;24.25;2.82;86817.0;25.0;24.0;132.0;4523.0;974.19;195.31;2.0;1.0;0;1.0;0;0;1.0;0;0;1.0;0;0;1.0;1.0;0;0;0;0;0
68992;1.81;1.00;22.0;1778.0;28.5;41.25;6.75;0;15.38;14.11;24.23;22.40;2.58;86817.0;23.0;23.0;131.0;4529.0;974.27;195.31;2.0;1.0;0;1.0;0;0;1.0;0;0;1.0;0;0;1.0;1.0;0;0;0;0;0
69498;1.98;1.01;21.0;1620.0;28.5;41.25;7.5;0;15.47;14.20;44.87;23.20;2.58;86817.0;21.0;21.0;131.0;4511.0;974.23;195.31;2.0;1.0;0;1.0;0;0;1.0;0;0;1.0;0;0;1.0;1.0;0;0;0;0;0
70240;2.19;1.03;20.0;1503.0;28.5;41.25;6.75;0;15.51;14.11;37.12;18.22;2.58;86817.0;20.0;20.0;131.0;4502.0;974.23;195.31;2.0;1.0;0;1.0;0;0;1.0;0;0;1.0;0;0;1.0;1.0;0;0;0;0;0
70888;2.08;1.06;20.0;1613.0;28.5;42.0;6.75;0;15.40;14.11;50.01;19.43;2.58;86817.0;20.0;20.0;129.0;4512.0;974.46;214.84;2.0;1.0;0;1.0;0;0;1.0;0;0;1.0;0;0;1.0;1.0;0;0;0;0;0
71749;2.16;1.08;20.0;1577.0;28.5;42.0;7.5;0;15.49;14.01;47.26;84.44;2.58;86817.0;20.0;20.0;130.0;4527.0;974.38;214.84;2.0;1.0;0;1.0;0;0;1.0;0;0;1.0;0;0;1.0;1.0;0;0;0;0;0
72298;2.12;1.09;21.0;1614.0;28.5;42.0;6.75;0;15.31;13.92;75.87;70.21;2.82;86817.0;21.0;21.0;129.0;4507.0;974.62;742.17;2.0;1.0;0;1.0;0;0;1.0;0;0;1.0;0;0;1.0;1.0;0;0;0;0;0
73068;2.56;1.07;21.0;1650.0;28.5;42.75;8.25;1.56;12.29;14.11;67.10;54.48;2.58;86817.0;21.0;21.0;111.0;4510.0;974.73;429.68;2.0;1.0;0;1.0;0;0;1.0;0;0;1.0;0;0;1.0;1.0;0;0;0;0;0
73808;2.63;1.09;21.0;1683.0;28.5;42.75;8.25;1.96;13.66;14.01;100.83;76.22;2.58;86817.0;22.0;21.0;111.0;4516.0;975.05;195.31;2.0;1.0;0;1.0;0;0;1.0;0;0;1.0;0;0;1.0;1.0;0;0;0;0;0
74318;3.00;1.11;21.0;1660.0;28.5;42.75;8.25;2.74;15.29;14.01;145.18;75.40;2.58;86817.0;22.0;21.0;111.0;4522.0;975.16;781.24;2.0;1.0;0;1.0;0;0;1.0;0;0;1.0;0;0;1.0;1.0;0;0;0;0;0
75098;3.79;0.98;22.0;1768.0;28.5;42.75;7.5;7.05;23.58;14.01;208.32;105.95;2.58;86817.0;22.0;22.0;111.0;4492.0;975.20;800.77;2.0;1.0;0;1.0;0;0;1.0;0;0;1.0;0;0;1.0;1.0;0;0;0;0;0
75608;4.02;0.96;23.0;1845.0;28.5;43.5;7.5;9.41;27.91;14.01;267.65;145.67;2.58;86817.0;23.0;24.0;110.0;4488.0;975.20;742.17;2.0;1.0;0;1.0;0;0;1.0;0;0;1.0;0;0;1.0;1.0;0;0;0;0;0
76119;3.91;0.93;23.0;1887.0;28.5;43.5;7.5;9.41;27.80;13.92;297.93;165.82;2.82;86817.0;24.0;24.0;110.0;4485.0;975.28;468.74;2.0;1.0;0;1.0;0;0;1.0;0;0;1.0;0;0;1.0;1.0;0;0;0;0;0
76629;3.67;0.94;26.0;2059.0;28.5;43.5;9.75;9.41;25.34;14.01;321.15;212.99;2.58;86817.0;26.0;26.0;110.0;4477.0;975.32;312.49;2.0;1.0;0;1.0;0;0;1.0;0;0;1.0;0;0;1.0;1.0;0;0;0;0;0
77138;3.64;0.95;27.0;2135.0;28.5;44.25;10.5;9.41;25.05;14.01;224.77;165.59;2.58;86817.0;27.0;27.0;109.0;4477.0;975.28;371.08;2.0;1.0;0;1.0;0;0;1.0;0;0;1.0;0;0;1.0;1.0;0;0;0;0;0
77648;3.61;0.94;27.0;2118.0;28.5;44.25;9.75;9.02;24.61;13.92;146.84;103.02;2.82;86817.0;28.0;28.0;109.0;4485.0;975.20;761.70;2.0;1.0;0;1.0;0;0;1.0;0;0;1.0;0;0;1.0;1.0;0;0;0;0;0
78159;3.35;0.92;28.0;2271.0;28.5;44.25;9.75;9.02;22.84;13.82;91.34;64.05;2.82;86817.0;29.0;29.0;109.0;4484.0;975.12;644.52;2.0;1.0;0;1.0;0;0;1.0;0;0;1.0;0;0;1.0;1.0;0;0;0;0;0
78669;3.23;0.92;30.0;2353.0;28.5;44.25;10.5;9.02;22.26;13.82;56.81;37.73;2.82;86817.0;29.0;30.0;109.0;4497.0;975.16;195.31;2.0;1.0;0;1.0;0;0;1.0;0;0;1.0;0;0;1.0;1.0;0;0;0;0;0
79198;3.36;0.95;30.0;2349.0;28.5;45.0;11.25;9.02;22.36;13.92;33.47;23.65;2.82;86817.0;30.0;30.0;108.0;4513.0;975.12;820.30;2.0;1.0;0;1.0;0;0;1.0;0;0;1.0;0;0;1.0;1.0;0;0;0;0;0
79710;3.31;0.93;31.0;2403.0;28.5;45.0;12.0;9.02;22.52;13.82;19.68;13.90;2.82;86817.0;31.0;31.0;108.0;4512.0;974.93;800.77;2.0;1.0;0;1.0;0;0;1.0;0;0;1.0;0;0;1.0;1.0;0;0;0;0;0
80219;3.00;0.90;31.0;2477.0;28.5;45.0;12.75;8.62;21.46;13.82;10.37;7.30;2.82;86817.0;31.0;32.0;108.0;4502.0;974.77;742.17;2.0;1.0;0;1.0;0;0;1.0;0;0;1.0;0;0;1.0;1.0;0;0;0;0;0
80779;2.90;0.87;32.0;2510.0;28.5;45.0;12.75;8.62;21.32;13.82;5.76;4.21;2.82;86817.0;32.0;32.0;108.0;4503.0;974.73;136.71;2.0;1.0;0;1.0;0;0;1.0;0;0;1.0;0;0;1.0;1.0;0;0;0;0;0
81328;2.97;0.91;32.0;2547.0;28.5;45.0;13.5;8.23;21.17;13.82;5.19;2.28;2.82;86817.0;32.0;33.0;108.0;4506.0;974.66;136.71;2.0;1.0;0;1.0;0;0;1.0;0;0;1.0;0;0;1.0;1.0;0;0;0;0;0
81889;3.03;0.94;33.0;2592.0;28.5;45.75;14.25;8.23;20.88;13.92;4.53;1.05;2.82;86817.0;33.0;33.0;108.0;4509.0;974.58;761.70;2.0;1.0;0;1.0;0;0;1.0;0;0;1.0;0;0;1.0;1.0;0;0;0;0;0
82398;2.84;0.90;33.0;2646.0;28.5;45.75;15.0;8.23;20.84;13.92;4.66;2.03;2.82;86817.0;34.0;34.0;108.0;4517.0;974.62;781.24;2.0;1.0;0;1.0;0;0;1.0;0;0;1.0;0;0;1.0;1.0;0;0;0;0;0
82909;2.71;0.86;33.0;2688.0;28.5;45.75;15.0;7.84;20.57;13.82;2.26;0.93;2.82;86817.0;34.0;34.0;108.0;4529.0;974.50;410.15;2.0;1.0;0;1.0;0;0;1.0;0;0;1.0;0;0;1.0;1.0;0;0;0;0;0
83419;2.74;0.88;33.0;2663.0;28.5;45.75;15.0;7.84;20.12;13.92;1.11;0.42;2.82;86817.0;33.0;34.0;108.0;4525.0;974.42;136.71;2.0;1.0;0;1.0;0;0;1.0;0;0;1.0;0;0;1.0;1.0;0;0;0;0;0
83929;2.76;0.92;36.0;2771.0;28.5;46.5;17.25;7.84;20.32;13.82;36.22;41.42;2.82;86817.0;35.0;36.0;107.0;4512.0;974.34;761.70;2.0;1.0;0;1.0;0;0;1.0;0;0;1.0;0;0;1.0;1.0;0;0;0;0;0
84439;2.71;0.90;36.0;2822.0;28.5;46.5;17.25;7.45;19.95;13.82;107.84;117.33;2.82;86817.0;36.0;36.0;107.0;4522.0;974.30;781.24;2.0;1.0;0;1.0;0;0;1.0;0;0;1.0;0;0;1.0;1.0;0;0;0;0;0
84949;2.50;0.86;36.0;2838.0;28.5;46.5;18.0;6.66;19.13;13.73;157.58;122.02;2.82;86817.0;36.0;37.0;107.0;4529.0;974.30;488.27;2.0;1.0;0;1.0;0;0;1.0;0;0;1.0;0;0;1.0;1.0;0;0;0;0;0
85460;2.42;0.88;36.0;2829.0;28.5;46.5;18.0;6.27;18.12;13.82;149.63;111.88;2.82;86817.0;36.0;36.0;107.0;4569.0;974.27;117.18;2.0;1.0;0;1.0;0;0;1.0;0;0;1.0;0;0;0;1.0;0;0;0;0;0
85968;1.75;0.99;35.0;1689.0;28.5;47.25;6.75;0;15.16;13.92;131.65;120.81;2.82;86817.0;35.0;35.0;127.0;4564.0;974.27;839.83;3.0;1.0;0;1.0;0;0;1.0;0;0;1.0;0;0;1.0;1.0;0;0;0;0;0
86519;2.65;0.98;33.0;2199.0;28.5;47.25;11.25;3.92;15.25;13.82;129.99;103.76;2.82;86817.0;34.0;34.0;106.0;4534.0;974.27;117.18;3.0;1.0;0;1.0;0;0;1.0;0;0;1.0;0;0;1.0;1.0;0;0;0;0;0
87029;3.01;1.00;33.0;2092.0;28.5;47.25;10.5;5.49;18.27;14.01;226.41;143.50;2.58;86817.0;34.0;34.0;106.0;4530.0;974.23;683.58;3.0;1.0;0;1.0;0;0;1.0;0;0;1.0;0;0;1.0;1.0;0;0;0;0;0
87539;2.96;0.99;33.0;2111.0;28.5;47.25;11.25;5.49;18.56;14.01;278.92;162.58;2.58;86817.0;34.0;34.0;106.0;4501.0;974.23;820.30;3.0;1.0;0;1.0;0;0;1.0;0;0;1.0;0;0;1.0;1.0;0;0;0;0;0
88058;2.35;0.97;33.0;2111.0;28.5;48.0;11.25;3.92;16.12;14.01;286.42;220.45;2.58;86817.0;34.0;34.0;105.0;4509.0;974.23;605.46;3.0;1.0;0;1.0;0;0;1.0;0;0;1.0;0;0;1.0;1.0;0;0;0;0;0
88650;1.58;1.00;33.0;1995.0;28.5;48.0;10.5;0.39;13.83;13.92;169.05;123.42;2.82;86817.0;33.0;34.0;105.0;4522.0;974.23;859.36;3.0;1.0;0;1.0;0;0;1.0;0;0;1.0;0;0;1.0;1.0;0;0;0;0;0
89228;1.68;1.00;31.0;1944.0;28.5;48.0;7.5;0;15.22;13.92;133.81;128.15;2.82;86817.0;32.0;31.0;124.0;4515.0;974.23;820.30;3.0;1.0;0;1.0;0;0;1.0;0;0;1.0;0;0;1.0;1.0;0;0;0;0;0
89738;3.39;1.00;30.0;1849.0;28.5;48.0;9.0;2.74;13.16;14.01;98.62;101.94;2.58;86817.0;30.0;30.0;105.0;4539.0;974.23;839.83;3.0;1.0;0;1.0;0;0;1.0;0;0;1.0;0;0;1.0;1.0;0;0;0;0;0
90248;3.36;0.99;30.0;1840.0;28.5;48.0;6.0;5.09;17.12;14.01;64.64;72.51;2.58;86817.0;30.0;30.0;105.0;4538.0;974.23;839.83;3.0;1.0;0;1.0;0;0;1.0;0;0;1.0;0;0;1.0;1.0;0;0;0;0;0
90758;2.96;0.97;30.0;1848.0;28.5;48.75;9.0;4.31;17.19;14.01;44.66;47.51;2.58;86817.0;30.0;30.0;104.0;4489.0;974.23;800.77;3.0;1.0;0;1.0;0;0;1.0;0;0;1.0;0;0;1.0;1.0;0;0;0;0;0
91268;2.66;0.95;31.0;1911.0;28.5;48.75;10.5;3.92;16.82;13.82;29.23;31.11;2.82;86817.0;31.0;31.0;104.0;4498.0;974.23;566.39;3.0;1.0;0;1.0;0;0;1.0;0;0;1.0;0;0;1.0;1.0;0;0;0;0;0
91778;2.33;0.96;31.0;1914.0;28.5;48.75;10.5;2.74;14.59;14.01;19.13;20.35;2.58;86817.0;31.0;31.0;104.0;4522.0;974.23;78.12;3.0;1.0;0;1.0;0;0;1.0;0;0;1.0;0;0;1.0;1.0;0;0;0;0;0
92298;2.16;0.97;31.0;1874.0;28.5;49.5;10.5;2.35;13.46;14.01;46.38;47.14;2.58;86817.0;31.0;31.0;103.0;4518.0;974.23;97.65;3.0;1.0;0;1.0;0;0;1.0;0;0;1.0;0;0;1.0;1.0;0;0;0;0;0
92810;1.32;1.00;31.0;1841.0;28.5;49.5;9.75;0.39;9.64;13.92;177.01;167.31;2.82;86817.0;31.0;30.0;103.0;4505.0;974.23;195.31;3.0;1.0;0;1.0;0;0;1.0;0;0;1.0;0;0;1.0;1.0;0;0;0;0;0
93319;1.69;0.99;28.0;1794.0;28.5;49.5;6.75;0;15.06;13.92;136.04;176.41;2.82;86817.0;29.0;29.0;122.0;4512.0;974.23;859.36;3.0;1.0;0;1.0;0;0;1.0;0;0;1.0;0;0;1.0;1.0;0;0;0;0;0
93828;1.75;0.98;26.0;1685.0;28.5;49.5;6.75;0;14.84;13.92;138.54;129.32;2.82;86817.0;26.0;26.0;117.0;4496.0;974.23;820.30;3.0;1.0;0;1.0;0;0;1.0;0;0;1.0;0;0;1.0;1.0;0;0;0;0;0
94339;1.95;0.96;23.0;1502.0;28.5;49.5;6.75;0;14.90;14.11;111.36;116.45;2.58;86817.0;24.0;24.0;120.0;4494.0;974.23;781.24;3.0;1.0;0;1.0;0;0;1.0;0;0;1.0;0;0;1.0;1.0;0;0;0;0;0
94849;1.84;0.94;22.0;1510.0;28.5;50.25;6.75;0;14.84;14.01;127.94;101.12;2.58;86817.0;22.0;22.0;116.0;4508.0;974.23;624.99;3.0;1.0;0;1.0;0;0;1.0;0;0;1.0;0;0;1.0;1.0;0;0;0;0;0
95359;1.95;0.93;21.0;1409.0;28.5;50.25;6.0;0;14.43;14.20;108.82;90.15;2.58;86817.0;21.0;21.0;118.0;4471.0;974.23;97.65;3.0;1.0;0;1.0;0;0;1.0;0;0;1.0;0;0;1.0;1.0;0;0;0;0;0
95869;1.99;0.95;20.0;1409.0;28.5;50.25;6.0;0;14.45;14.29;101.63;77.47;2.58;86817.0;20.0;20.0;118.0;4498.0;974.23;78.12;3.0;1.0;0;1.0;0;0;1.0;0;0;1.0;0;0;1.0;1.0;0;0;0;0;0
96379;2.05;0.97;20.0;1359.0;28.5;50.25;7.5;0;15.06;14.01;82.26;71.28;2.58;86817.0;20.0;21.0;116.0;4494.0;974.23;97.65;3.0;1.0;0;1.0;0;0;1.0;0;0;1.0;0;0;1.0;1.0;0;0;0;0;0
96890;2.02;0.99;20.0;1447.0;28.5;50.25;6.0;0;14.50;14.01;75.63;51.93;2.58;86817.0;20.0;20.0;119.0;4553.0;974.23;449.21;3.0;1.0;0;1.0;1.0;0;1.0;0;0;1.0;0;0;1.0;1.0;0;0;1.0;0;0
97450;2.04;0.98;20.0;1408.0;28.5;50.25;6.0;0;14.42;14.11;63.47;50.03;2.58;86817.0;20.0;20.0;118.0;4533.0;974.23;97.65;3.0;1.0;0;1.0;0;0;1.0;0;0;1.0;0;0;1.0;1.0;0;0;0;0;0
97960;1.79;1.00;20.0;1602.0;28.5;51.0;10.5;1.17;11.38;14.11;50.93;36.42;2.58;86817.0;20.0;19.0;102.0;4525.0;974.23;97.65;2.0;1.0;0;1.0;0;0;1.0;0;0;1.0;0;0;1.0;1.0;0;0;0;0;0
98510;2.38;1.02;20.0;1601.0;28.5;51.0;10.5;1.96;14.49;14.01;117.74;81.75;2.58;86817.0;20.0;20.0;102.0;4514.0;974.23;78.12;2.0;1.0;0;1.0;0;0;1.0;0;0;1.0;0;0;1.0;1.0;0;0;0;0;0
99019;2.43;1.04;21.0;1645.0;28.5;51.0;9.75;2.35;14.34;14.01;184.16;179.30;2.58;86817.0;21.0;21.0;102.0;4518.0;974.23;97.65;2.0;1.0;0;1.0;0;0;1.0;0;0;1.0;0;0;1.0;1.0;0;0;0;0;0
99539;1.95;1.00;21.0;1550.0;28.5;51.0;6.75;0;14.94;14.11;167.70;176.29;2.58;86817.0;21.0;21.0;120.0;4525.0;974.23;371.08;2.0;1.0;0;1.0;0;0;1.0;0;0;1.0;0;0;1.0;1.0;0;0;0;0;0
100089;1.90;1.01;21.0;1636.0;28.5;51.0;6.75;0;14.81;14.11;149.59;142.52;2.58;86817.0;22.0;20.0;116.0;4510.0;974.23;97.65;2.0;1.0;0;1.0;0;0;1.0;0;0;1.0;0;0;1.0;1.0;0;0;0;0;0
100599;1.98;1.03;18.0;1592.0;28.5;51.0;9.75;1.17;11.78;14.11;105.89;118.00;2.58;86817.0;19.0;19.0;102.0;4478.0;974.23;97.65;2.0;1.0;0;1.0;0;0;1.0;0;0;1.0;0;0;1.0;1.0;0;0;0;0;0
101109;2.81;1.05;20.0;1610.0;28.5;51.75;10.5;2.74;16.51;13.63;88.76;148.48;2.82;86817.0;20.0;21.0;101.0;4546.0;974.23;97.65;2.0;1.0;0;1.0;0;0;1.0;0;0;1.0;0;0;1.0;1.0;0;0;0;0;0
101619;4.37;1.00;22.0;1796.0;28.5;51.75;9.75;6.27;22.67;14.11;64.74;114.62;2.58;86817.0;22.0;22.0;101.0;4530.0;974.23;917.95;2.0;1.0;0;1.0;0;0;1.0;0;0;1.0;0;0;1.0;1.0;0;0;0;0;0
102129;3.60;0.98;25.0;1977.0;28.5;51.75;11.25;7.45;22.88;13.92;42.41;82.53;2.82;86817.0;25.0;25.0;101.0;4486.0;974.23;878.89;2.0;1.0;0;1.0;0;0;1.0;0;0;1.0;0;0;1.0;1.0;0;0;0;0;0
102649;3.15;0.96;27.0;2172.0;28.5;51.75;13.5;6.66;20.78;13.92;27.75;51.30;2.82;86817.0;28.0;28.0;101.0;4466.0;974.23;742.17;2.0;1.0;0;1.0;0;0;1.0;0;0;1.0;0;0;1.0;1.0;0;0;0;0;0
103159;2.61;0.95;28.0;2282.0;28.5;51.75;14.25;5.09;17.73;13.92;16.30;31.83;2.82;86817.0;28.0;29.0;101.0;4483.0;974.23;175.77;2.0;1.0;0;1.0;0;0;1.0;0;0;1.0;0;0;1.0;1.0;0;0;0;0;0
103669;2.18;1.00;30.0;2372.0;28.5;51.75;15.0;3.52;14.33;13.92;10.09;18.72;2.82;86817.0;30.0;30.0;101.0;4541.0;974.23;97.65;2.0;1.0;0;1.0;0;0;1.0;0;0;1.0;0;0;1.0;1.0;0;0;0;0;0
104180;2.31;1.01;30.0;2316.0;28.5;51.75;15.0;3.52;14.86;14.01;6.19;10.99;2.58;86817.0;28.0;30.0;101.0;4501.0;974.23;175.77;2.0;1.0;0;1.0;0;0;1.0;0;0;1.0;0;0;1.0;1.0;0;0;0;0;0
104730;2.52;1.03;31.0;2415.0;28.5;52.5;16.5;4.31;16.08;13.92;4.51;6.11;2.82;86817.0;31.0;31.0;100.0;4501.0;974.23;878.89;2.0;1.0;0;1.0;0;0;1.0;0;0;1.0;0;0;1.0;1.0;0;0;0;0;0
105239;2.39;1.00;31.0;2482.0;28.5;52.5;16.5;4.31;15.79;13.92;2.57;3.53;2.82;86817.0;32.0;32.0;100.0;4498.0;974.23;859.36;2.0;1.0;0;1.0;0;0;1.0;0;0;1.0;0;0;1.0;1.0;0;0;0;0;0
105759;2.23;0.98;32.0;2523.0;28.5;52.5;16.5;3.92;14.92;13.82;4.53;1.89;2.82;86817.0;33.0;32.0;100.0;4504.0;974.23;859.36;2.0;1.0;0;1.0;0;0;1.0;0;0;1.0;0;0;1.0;1.0;0;0;0;0;0
106269;2.13;0.96;32.0;2558.0;28.5;52.5;17.25;3.92;14.51;13.92;2.44;2.67;2.82;86817.0;32.0;33.0;100.0;4513.0;974.23;839.83;2.0;1.0;0;1.0;0;0;1.0;0;0;1.0;0;0;1.0;1.0;0;0;0;0;0
106781;2.20;0.93;32.0;2629.0;28.5;52.5;19.5;4.70;15.97;13.73;1.26;1.42;2.82;86817.0;33.0;33.0;100.0;4506.0;974.23;703.11;2.0;1.0;0;1.0;0;0;1.0;0;0;1.0;0;0;1.0;1.0;0;0;0;0;0
107289;2.45;0.93;35.0;2718.0;28.5;52.5;20.25;5.88;18.10;13.92;0.54;0.62;2.82;86817.0;34.0;35.0;100.0;4492.0;974.23;97.65;2.0;1.0;0;1.0;0;0;1.0;0;0;1.0;0;0;1.0;1.0;0;0;0;0;0
107800;3.05;0.94;35.0;2759.0;27.75;53.25;19.5;8.62;22.33;13.82;0.23;0.25;2.82;86817.0;35.0;36.0;99.0;4523.0;974.23;878.89;2.0;1.0;0;1.0;0;0;1.0;0;0;1.0;0;0;1.0;1.0;0;0;0;0;0
108309;2.92;0.90;37.0;2858.0;27.75;53.25;21.0;9.80;23.21;13.92;60.73;63.45;2.82;86817.0;36.0;37.0;99.0;4523.0;974.23;781.24;2.0;1.0;0;1.0;0;0;1.0;0;0;1.0;0;0;1.0;1.0;0;0;0;0;0
108819;2.77;0.86;37.0;2949.0;27.75;53.25;22.5;9.41;23.34;13.92;113.54;98.97;2.82;86817.0;37.0;38.0;99.0;4533.0;974.23;156.24;2.0;1.0;0;1.0;0;0;1.0;0;0;1.0;0;0;1.0;1.0;0;0;0;0;0
109329;2.87;0.90;38.0;2982.0;27.75;53.25;21.75;9.41;22.85;13.82;198.99;194.36;2.82;86817.0;38.0;38.0;99.0;4512.0;974.23;78.12;2.0;1.0;0;1.0;0;0;1.0;0;0;1.0;0;0;1.0;1.0;0;0;0;0;0
109839;0.99;1.00;36.0;2692.0;27.75;54.0;9.75;0;14.52;13.92;210.47;245.72;2.82;86817.0;36.0;34.0;98.0;4551.0;974.23;97.65;2.0;1.0;0;1.0;0;0;1.0;0;0;1.0;0;0;1.0;1.0;0;0;0;0;0
110351;1.27;1.00;31.0;2415.0;27.75;54.0;6.0;0;14.47;13.92;197.50;291.03;2.82;86817.0;31.0;31.0;119.0;4500.0;974.30;839.83;2.0;1.0;0;1.0;0;0;1.0;0;0;1.0;0;0;1.0;1.0;0;0;0;0;0
110859;4.25;1.00;27.0;2295.0;27.75;54.0;9.0;7.84;19.65;13.82;181.02;200.04;2.82;86817.0;28.0;28.0;98.0;4499.0;974.27;878.89;2.0;1.0;0;1.0;0;0;1.0;0;0;1.0;0;0;1.0;1.0;0;0;0;0;0
111380;3.48;0.98;28.0;2205.0;27.75;54.0;15.0;8.23;23.18;13.92;209.32;243.85;2.82;86817.0;28.0;29.0;98.0;4471.0;974.27;839.83;2.0;1.0;0;1.0;0;0;1.0;0;0;1.0;0;0;1.0;1.0;0;0;0;0;0
111929;4.28;1.00;30.0;2349.0;27.75;54.0;14.25;12.55;28.58;13.92;250.76;284.08;2.82;86817.0;30.0;30.0;98.0;4475.0;974.27;859.36;2.0;1.0;0;1.0;0;0;1.0;0;0;1.0;0;0;1.0;1.0;0;0;0;0;0
112439;4.81;1.00;31.0;2495.0;27.75;54.0;14.25;18.04;32.24;13.92;270.39;317.40;2.82;86817.0;31.0;32.0;98.0;4474.0;974.23;664.05;2.0;1.0;0;1.0;0;0;1.0;0;0;1.0;0;0;1.0;1.0;0;0;0;0;0
112959;4.77;1.01;35.0;2714.0;27.75;54.75;15.75;21.57;33.34;13.82;162.17;200.51;2.82;86817.0;34.0;35.0;97.0;4521.0;974.23;58.59;2.0;1.0;0;1.0;0;0;1.0;0;0;1.0;0;0;1.0;1.0;0;0;0;0;0
113470;5.15;1.07;38.0;2982.0;27.75;54.75;16.5;23.53;34.33;13.82;92.78;112.27;2.82;86817.0;38.0;39.0;97.0;4549.0;974.23;78.12;2.0;1.0;0;1.0;0;0;1.0;0;0;1.0;0;0;1.0;1.0;0;0;0;0;0
113999;6.03;1.13;42.0;3322.0;27.75;55.5;16.5;26.27;36.77;13.82;39.82;53.92;2.82;86817.0;41.0;43.0;97.0;4550.0;974.23;859.36;2.0;1.0;0;1.0;0;0;1.0;0;0;1.0;0;0;1.0;1.0;0;0;0;0;0
114560;5.76;1.08;46.0;3614.0;27.75;55.5;19.5;26.27;38.05;13.82;18.92;24.35;2.82;86817.0;46.0;47.0;97.0;4568.0;974.23;878.89;2.0;1.0;0;1.0;0;0;1.0;0;0;1.0;0;0;1.0;1.0;0;0;0;0;0
115121;0.01;1.00;48.0;3450.0;27.75;55.5;41.25;1.56;12.38;13.73;6.81;11.73;2.82;86817.0;48.0;49.0;97.0;4457.0;974.23;898.42;2.0;1.0;0;1.0;0;0;1.0;0;0;1.0;0;0;1.0;1.0;0;0;0;0;0
115680;5.58;1.00;51.0;3162.0;27.75;55.5;16.5;24.70;35.63;13.82;3.35;7.26;2.82;86817.0;51.0;52.0;97.0;4504.0;974.23;468.74;3.0;1.0;0;1.0;0;0;1.0;0;0;1.0;0;0;0;1.0;0;0;0;0;0
116190;5.30;1.04;53.0;3333.0;27.75;55.5;17.25;25.10;36.48;13.82;1.34;6.13;2.82;86817.0;53.0;54.0;97.0;4514.0;974.23;97.65;3.0;1.0;0;1.0;0;0;1.0;0;0;1.0;0;0;1.0;1.0;0;0;0;0;0
116699;5.58;1.08;57.0;3510.0;27.75;56.25;18.75;25.10;36.39;13.82;1.71;4.49;2.82;86817.0;54.0;57.0;96.0;4501.0;974.23;859.36;3.0;1.0;0;1.0;0;0;1.0;0;0;1.0;0;0;1.0;1.0;0;0;0;0;0
117211;4.92;1.01;58.0;3643.0;27.75;56.25;21.75;23.13;35.29;13.82;0.66;1.91;2.82;86817.0;58.0;59.0;96.0;4535.0;974.23;820.30;3.0;1.0;0;1.0;0;0;1.0;0;0;1.0;0;0;1.0;1.0;0;0;0;0;0
117719;3.82;0.98;60.0;3710.0;27.75;56.25;27.0;16.86;28.98;13.92;0.21;0.76;2.82;86817.0;59.0;60.0;96.0;4505.0;974.19;859.36;3.0;1.0;0;1.0;0;0;1.0;0;0;1.0;0;0;1.0;1.0;0;0;0;0;0
118229;3.86;0.90;61.0;3759.0;27.75;57.0;26.25;20.00;32.01;13.82;6.89;9.99;2.82;86817.0;60.0;61.0;95.0;4527.0;974.03;253.90;3.0;1.0;0;1.0;0;0;1.0;0;0;1.0;0;0;1.0;1.0;0;0;0;0;0
118749;4.12;0.96;62.0;3780.0;27.75;57.0;26.25;20.39;32.32;13.73;104.58;153.50;2.82;86817.0;60.0;62.0;95.0;4533.0;973.87;78.12;3.0;1.0;0;1.0;0;0;1.0;0;0;1.0;0;0;1.0;1.0;0;0;0;0;0
119259;4.22;1.02;62.0;3826.0;27.75;57.0;27.75;18.82;30.81;13.63;174.85;192.93;2.82;86817.0;62.0;63.0;95.0;4524.0;973.60;859.36;3.0;1.0;0;1.0;0;0;1.0;0;0;1.0;0;0;1.0;1.0;0;0;0;0;0
119768;3.77;0.95;62.0;3836.0;27.75;57.0;28.5;17.64;29.82;13.82;167.54;188.69;2.82;86817.0;62.0;63.0;95.0;4511.0;973.44;820.30;3.0;1.0;0;1.0;0;0;1.0;0;0;1.0;0;0;1.0;1.0;0;0;0;0;0
120279;4.83;0.98;63.0;3893.0;27.75;57.75;24.75;21.96;33.83;13.82;164.83;186.82;2.82;86817.0;63.0;64.0;94.0;4534.0;973.29;820.30;3.0;1.0;0;1.0;0;0;1.0;0;0;1.0;0;0;1.0;1.0;0;0;0;0;0
120790;4.65;0.96;65.0;3969.0;27.75;57.75;24.75;23.13;35.46;13.82;160.32;202.91;2.82;86817.0;63.0;65.0;94.0;4559.0;973.21;410.15;3.0;1.0;0;1.0;0;0;1.0;0;0;1.0;0;0;1.0;1.0;0;0;0;0;0
121300;4.56;0.97;65.0;3988.0;27.75;57.75;25.5;21.96;34.78;13.82;241.44;232.71;2.82;86817.0;65.0;65.0;94.0;4557.0;973.17;722.64;3.0;1.0;0;1.0;0;0;1.0;0;0;1.0;0;0;1.0;1.0;0;0;0;0;0
121820;4.28;0.94;66.0;4056.0;27.75;58.5;27.0;21.57;34.04;13.82;193.22;212.17;2.82;86817.0;65.0;66.0;93.0;4534.0;973.13;429.68;3.0;1.0;0;1.0;0;0;1.0;0;0;1.0;0;0;1.0;1.0;0;0;0;0;0
122328;4.8;1.00;67.0;4102.0;27.75;58.5;25.5;22.74;35.27;13.92;78.84;92.53;2.82;86817.0;67.0;67.0;93.0;4549.0;973.09;839.83;3.0;1.0;0;1.0;0;0;1.0;0;0;1.0;0;0;1.0;1.0;0;0;0;0;0
122839;5.25;0.99;68.0;4200.0;27.75;58.5;22.5;27.06;38.74;13.82;30.44;37.67;2.82;86817.0;67.0;69.0;93.0;4546.0;973.05;839.83;3.0;1.0;0;1.0;0;0;1.0;0;0;1.0;0;0;1.0;1.0;0;0;0;0;0
123349;4.38;1.00;68.0;3599.0;27.75;58.5;24.75;19.21;29.65;13.82;12.98;18.20;2.82;86817.0;68.0;69.0;93.0;4395.0;973.05;859.36;4.0;1.0;0;1.0;0;0;1.0;0;0;0;0;0;1.0;1.0;0;0;0;0;0
123909;5.13;1.00;70.0;3637.0;27.75;59.25;20.25;25.10;35.40;13.73;5.80;16.07;2.82;86817.0;69.0;70.0;92.0;4506.0;973.05;624.99;4.0;1.0;0;1.0;0;0;1.0;0;0;0;0;0;1.0;1.0;0;0;0;0;0
124419;5.02;1.00;70.0;3668.0;27.75;59.25;20.25;25.10;35.51;13.82;2.03;11.05;2.82;86817.0;70.0;71.0;92.0;4502.0;972.94;839.83;4.0;1.0;0;1.0;0;0;1.0;0;0;0;0;0;1.0;1.0;0;0;0;0;0
124928;4.56;0.95;72.0;3757.0;27.75;60.0;21.75;23.92;34.56;13.73;2.59;4.66;2.82;86817.0;71.0;72.0;92.0;4522.0;972.82;761.70;4.0;1.0;0;1.0;0;0;1.0;0;0;0;0;0;1.0;1.0;0;0;0;0;0
125449;3.92;0.95;72.0;3781.0;27.75;60.0;26.25;20.39;30.88;13.92;1.01;2.03;2.82;86817.0;71.0;73.0;92.0;4492.0;972.59;761.70;4.0;1.0;0;1.0;0;0;1.0;0;0;0;0;0;1.0;1.0;0;0;0;0;0
125963;3.86;0.94;72.0;3751.0;27.75;60.0;27.0;20.00;30.49;13.92;0.35;0.76;2.82;86817.0;71.0;72.0;92.0;4505.0;972.35;195.31;4.0;1.0;0;1.0;0;0;1.0;0;0;0;0;0;1.0;1.0;0;0;0;0;0
126519;4.05;1.00;72.0;3767.0;27.75;60.0;26.25;19.61;30.16;13.92;0;0.17;2.82;86817.0;71.0;72.0;92.0;4502.0;972.16;800.77;4.0;1.0;0;1.0;0;0;1.0;0;0;0;0;0;1.0;1.0;0;0;0;0;0
127029;3.83;0.95;72.0;3772.0;27.75;60.75;26.25;19.21;30.02;13.92;33.84;19.66;2.82;86817.0;71.0;72.0;91.0;4499.0;972.04;664.05;4.0;1.0;0;1.0;0;0;1.0;0;0;0;0;0;1.0;1.0;0;0;0;0;0
127538;3.69;0.94;72.0;3758.0;27.75;60.75;27.0;18.43;29.09;13.92;214.96;196.43;2.82;86817.0;71.0;72.0;91.0;4505.0;971.96;703.11;4.0;1.0;0;1.0;0;0;1.0;0;0;0;0;0;1.0;1.0;0;0;0;0;0
128049;3.79;0.94;72.0;3746.0;27.75;61.5;26.25;19.61;30.20;13.73;282.44;271.54;2.82;86817.0;72.0;72.0;90.0;4531.0;971.88;371.08;4.0;1.0;0;1.0;0;0;1.0;0;0;0;0;0;1.0;1.0;0;0;0;0;0
128570;3.79;1.00;71.0;3723.0;27.75;61.5;28.5;17.64;28.38;13.92;319.45;299.14;2.82;86817.0;71.0;72.0;90.0;4497.0;971.84;820.30;4.0;1.0;0;1.0;0;0;1.0;0;0;0;0;0;1.0;1.0;0;0;0;0;0
129079;3.55;0.93;71.0;3733.0;27.75;61.5;28.5;17.64;28.39;13.92;340.62;324.78;2.82;86817.0;71.0;72.0;90.0;4504.0;971.84;683.58;4.0;1.0;0;1.0;0;0;1.0;0;0;0;0;0;1.0;1.0;0;0;0;0;0
129589;3.55;0.93;71.0;3713.0;27.75;61.5;28.5;17.64;28.39;13.92;330.56;345.13;2.82;86817.0;71.0;72.0;90.0;4504.0;971.73;175.77;4.0;1.0;0;1.0;0;0;1.0;0;0;0;0;0;1.0;1.0;0;0;0;0;0
130117;3.26;1.00;71.0;3713.0;27.75;62.25;30.75;14.90;25.72;13.92;347.75;330.50;2.82;86817.0;71.0;72.0;89.0;4488.0;971.57;859.36;4.0;1.0;0;1.0;0;0;1.0;0;0;0;0;0;1.0;1.0;0;0;0;0;0
130751;3.62;0.92;71.0;3693.0;27.75;62.25;27.75;18.43;29.02;13.92;135.03;147.68;2.82;86817.0;70.0;71.0;89.0;4509.0;971.41;97.65;4.0;1.0;0;1.0;0;0;1.0;0;0;0;0;0;1.0;1.0;0;0;0;0;0
131270;3.87;1.00;71.0;3696.0;27.75;62.25;27.75;18.04;28.73;13.92;61.16;63.47;2.82;86817.0;70.0;71.0;89.0;4502.0;971.14;800.77;4.0;1.0;0;1.0;0;0;1.0;0;0;0;0;0;1.0;1.0;0;0;0;0;0
131779;3.44;0.93;71.0;3715.0;27.75;63.0;28.5;17.25;27.96;13.92;32.24;68.10;2.82;86817.0;70.0;72.0;86.0;4524.0;970.94;800.77;4.0;1.0;0;1.0;0;0;1.0;0;0;0;0;0;1.0;1.0;0;0;0;0;0
132289;3.28;0.92;70.0;3673.0;27.75;63.0;30.0;16.08;26.90;13.92;36.81;126.69;2.82;86817.0;70.0;71.0;86.0;4527.0;970.83;585.93;4.0;1.0;0;1.0;0;0;1.0;0;0;0;0;0;1.0;1.0;0;0;0;0;0
132799;3.79;0.97;70.0;3642.0;27.75;63.0;27.75;18.04;28.83;13.73;53.86;100.83;2.82;86817.0;70.0;70.0;86.0;4503.0;970.71;253.90;4.0;1.0;0;1.0;0;0;1.0;0;0;0;0;0;1.0;1.0;0;0;0;0;0
133319;3.73;0.99;70.0;3646.0;27.75;63.0;27.75;17.64;28.42;13.82;150.34;187.70;2.82;86817.0;70.0;70.0;86.0;4526.0;970.67;742.17;4.0;1.0;0;1.0;0;0;1.0;0;0;0;0;0;1.0;1.0;0;0;0;0;0
133829;3.64;1.00;71.0;3656.0;27.75;63.75;28.5;16.86;27.55;13.82;122.29;170.55;2.82;86817.0;69.0;71.0;84.0;4503.0;970.63;839.83;4.0;1.0;0;1.0;0;0;1.0;0;0;0;0;0;1.0;1.0;0;0;0;0;0
134339;3.2;0.94;70.0;3652.0;27.75;63.75;30.75;14.90;25.82;13.92;55.40;77.31;2.82;86817.0;69.0;70.0;84.0;4499.0;970.59;800.77;4.0;1.0;0;1.0;0;0;1.0;0;0;0;0;0;1.0;1.0;0;0;0;0;0
134849;2.97;0.89;70.0;3602.0;27.75;63.75;30.75;14.51;25.53;13.92;25.03;34.99;2.82;86817.0;69.0;70.0;84.0;4514.0;970.55;97.65;4.0;1.0;0;1.0;0;0;1.0;0;0;0;0;0;1.0;1.0;0;0;0;0;0
135409;3.25;0.96;68.0;3566.0;27.75;64.5;30.0;14.90;25.89;13.82;18.41;15.66;2.82;86817.0;68.0;69.0;81.0;4500.0;970.55;234.37;4.0;1.0;0;1.0;0;0;1.0;0;0;0;0;0;1.0;1.0;0;0;0;0;0
135929;3.33;0.97;68.0;3590.0;27.75;64.5;30.0;14.90;25.88;13.82;10.70;7.01;2.82;86817.0;68.0;69.0;81.0;4493.0;970.48;644.52;4.0;1.0;0;1.0;0;0;1.0;0;0;0;0;0;0;1.0;0;0;0;0;0
136478;3.31;0.97;68.0;3575.0;27.75;64.5;30.0;14.90;25.89;13.82;4.74;3.06;2.82;86817.0;67.0;69.0;81.0;4504.0;970.32;703.11;4.0;1.0;0;1.0;0;0;1.0;0;0;0;0;0;1.0;1.0;0;0;0;0;0
136999;3.34;0.97;67.0;3529.0;27.75;64.5;30.0;15.29;26.12;13.92;1.79;1.05;2.82;86817.0;68.0;68.0;81.0;4526.0;970.16;781.24;4.0;1.0;0;1.0;0;0;1.0;0;0;0;0;0;1.0;1.0;0;0;0;0;0
137509;3.36;0.97;68.0;3522.0;27.75;65.25;30.0;15.29;26.33;13.73;7.61;2.57;2.82;86817.0;68.0;68.0;78.0;4500.0;969.93;273.43;4.0;1.0;0;1.0;0;0;1.0;0;0;0;0;0;1.0;1.0;0;0;0;0;0
138019;3.4;0.98;68.0;3565.0;27.75;65.25;30.0;15.29;26.23;13.82;105.18;57.35;2.82;86817.0;66.0;69.0;78.0;4523.0;969.73;742.17;4.0;1.0;0;1.0;0;0;1.0;0;0;0;0;0;1.0;1.0;0;0;0;0;0
138538;3.14;0.94;68.0;3540.0;27.75;65.25;31.5;14.51;25.43;13.82;107.35;111.12;2.82;86817.0;67.0;68.0;78.0;4499.0;969.62;761.70;4.0;1.0;0;1.0;0;0;1.0;0;0;0;0;0;1.0;1.0;0;0;0;0;0
139088;2.92;0.93;67.0;3498.0;27.75;66.0;31.5;12.15;24.28;14.01;174.22;196.80;2.58;86818.0;67.0;68.0;75.0;4499.0;969.54;781.24;4.0;1.0;0;1.0;0;0;1.0;0;0;0;0;0;1.0;1.0;0;0;0;0;0
139612;2.83;0.91;67.0;3475.0;27.75;66.0;31.5;12.15;24.11;13.73;276.93;274.25;2.82;86818.0;66.0;67.0;75.0;4502.0;969.46;761.70;4.0;1.0;0;1.0;0;0;1.0;0;0;0;0;0;1.0;1.0;0;0;0;0;0
140172;2.43;0.88;65.0;3407.0;27.75;66.0;33.0;9.41;21.57;13.92;323.14;316.38;2.82;86818.0;65.0;65.0;75.0;4532.0;969.42;703.11;4.0;1.0;0;1.0;0;0;1.0;0;0;0;0;0;1.0;1.0;0;0;0;0;0
140731;2.46;0.87;63.0;3327.0;27.75;66.0;32.25;9.80;22.08;13.92;342.18;331.95;2.82;86818.0;64.0;64.0;75.0;4523.0;969.38;39.06;4.0;1.0;0;1.0;0;0;1.0;0;0;0;0;0;1.0;1.0;0;0;0;0;0
141239;2.58;0.92;62.0;3255.0;27.75;66.0;31.5;9.41;21.85;13.92;348.39;340.87;2.82;86818.0;62.0;63.0;75.0;4516.0;969.27;703.11;4.0;1.0;0;1.0;0;0;1.0;0;0;0;0;0;1.0;1.0;0;0;0;0;0
141749;2.57;0.92;62.0;3245.0;27.75;66.75;31.5;9.02;21.74;13.73;332.16;324.78;2.82;86818.0;62.0;62.0;72.0;4519.0;969.19;820.30;4.0;1.0;0;1.0;0;0;1.0;0;0;0;0;0;1.0;1.0;0;0;0;0;0
142269;2.43;0.90;61.0;3182.0;27.0;66.75;33.0;8.62;21.68;13.92;157.82;154.63;2.82;86818.0;61.0;61.0;72.0;4509.0;968.91;117.18;4.0;1.0;0;1.0;0;0;1.0;0;0;0;0;0;1.0;1.0;0;0;0;0;0
142779;2.49;0.92;61.0;3204.0;27.0;66.75;33.0;8.23;21.17;13.82;79.48;77.88;2.82;86818.0;61.0;62.0;72.0;4501.0;968.87;761.70;4.0;1.0;0;1.0;0;0;1.0;0;0;0;0;0;1.0;1.0;0;0;0;0;0
143289;2.43;0.91;60.0;3164.0;27.0;67.5;33.0;8.23;20.99;13.92;37.90;39.15;2.82;86818.0;60.0;60.0;70.0;4508.0;968.72;78.12;4.0;1.0;0;1.0;0;0;1.0;0;0;0;0;0;1.0;1.0;0;0;0;0;0
143799;2.65;0.95;58.0;3068.0;27.0;67.5;31.5;9.02;21.85;13.92;54.95;62.22;2.82;86818.0;58.0;59.0;70.0;4502.0;968.52;800.77;4.0;1.0;0;1.0;0;0;1.0;0;0;0;0;0;1.0;1.0;0;0;0;0;0
144319;2.59;0.92;57.0;3017.0;27.0;67.5;31.5;9.41;22.21;13.82;65.71;84.07;2.82;86818.0;56.0;58.0;70.0;4532.0;968.37;78.12;4.0;1.0;0;1.0;0;0;1.0;0;0;0;0;0;1.0;1.0;0;0;0;0;0
144879;2.80;0.96;57.0;2953.0;27.0;67.5;30.0;9.80;22.88;13.82;186.76;215.88;2.82;86818.0;55.0;57.0;70.0;4517.0;968.29;859.36;4.0;1.0;0;1.0;0;0;1.0;0;0;1.0;0;0;1.0;1.0;0;0;0;0;0
145439;2.71;0.93;55.0;2886.0;27.0;68.25;30.75;8.23;22.90;13.92;261.83;243.63;2.82;86818.0;55.0;56.0;67.0;4511.0;968.05;839.83;4.0;1.0;0;1.0;0;0;1.0;0;0;1.0;0;0;1.0;1.0;0;0;0;0;0
145998;2.67;0.91;55.0;2857.0;27.0;68.25;29.25;8.23;22.76;13.73;303.82;268.67;2.82;86818.0;54.0;55.0;67.0;4520.0;967.98;273.43;4.0;1.0;0;1.0;0;0;1.0;0;0;1.0;0;0;0;1.0;0;0;0;0;0
146520;2.90;0.93;53.0;2802.0;27.0;68.25;29.25;9.41;24.34;13.92;334.91;304.98;2.82;86818.0;53.0;54.0;67.0;4503.0;967.66;742.17;4.0;1.0;0;1.0;0;0;1.0;0;0;1.0;0;0;1.0;1.0;0;0;0;0;0
147130;2.96;0.94;53.0;2796.0;27.0;68.25;27.75;9.80;24.44;13.92;345.01;303.26;2.82;86818.0;53.0;54.0;67.0;4510.0;967.55;703.11;4.0;1.0;0;1.0;0;0;1.0;0;0;1.0;0;0;1.0;1.0;0;0;0;0;0
147689;2.90;0.93;53.0;2799.0;27.0;68.25;28.5;9.41;24.27;13.82;326.40;316.95;2.82;86818.0;53.0;54.0;67.0;4500.0;967.35;449.21;4.0;1.0;0;1.0;0;0;1.0;0;0;1.0;0;0;1.0;1.0;0;0;0;0;0
148239;2.93;0.95;52.0;2762.0;27.0;68.25;28.5;9.41;24.21;13.92;342.18;338.02;2.82;86818.0;52.0;53.0;67.0;4512.0;967.23;761.70;4.0;1.0;0;1.0;0;0;1.0;0;0;1.0;0;0;1.0;1.0;0;0;0;0;0
148755;2.88;0.93;52.0;2754.0;27.0;68.25;28.5;9.41;24.14;13.82;344.35;338.16;2.82;86818.0;53.0;53.0;67.0;4518.0;967.12;175.77;4.0;1.0;0;1.0;0;0;1.0;0;0;1.0;0;0;1.0;1.0;0;0;0;0;0
149308;2.83;0.93;52.0;2758.0;27.0;69.0;27.75;9.02;23.94;13.82;195.24;248.83;2.82;86818.0;53.0;53.0;64.0;4520.0;967.00;781.24;4.0;1.0;0;1.0;0;0;1.0;0;0;1.0;0;0;1.0;1.0;0;0;0;0;0
149888;2.32;0.91;52.0;2765.0;27.0;69.0;29.25;6.66;20.43;13.73;93.29;118.93;2.82;86818.0;52.0;53.0;64.0;4527.0;966.92;39.06;4.0;1.0;0;1.0;0;0;1.0;0;0;1.0;0;0;1.0;1.0;0;0;0;0;0
150409;1.97;0.94;52.0;2710.0;27.0;69.0;28.5;4.70;16.98;13.92;49.46;66.57;2.82;86818.0;51.0;52.0;64.0;4514.0;966.88;195.31;4.0;1.0;0;1.0;0;0;1.0;0;0;1.0;0;0;1.0;1.0;0;0;0;0;0
150918;1.13;0.97;50.0;2624.0;27.0;69.0;27.0;1.56;10.57;13.92;27.65;37.22;2.82;86818.0;50.0;51.0;64.0;4567.0;966.88;156.24;4.0;1.0;0;1.0;0;0;1.0;0;0;1.0;0;0;1.0;1.0;0;0;0;0;0
151429;0.92;1.00;47.0;2470.0;27.0;69.75;15.75;0;13.99;13.92;17.85;22.67;2.82;86818.0;47.0;47.0;64.0;4520.0;966.84;820.30;4.0;1.0;0;1.0;0;0;1.0;0;0;1.0;0;0;1.0;1.0;0;0;0;0;0
151968;1.13;0.99;43.0;2346.0;27.0;69.75;22.5;0.78;10.59;13.82;12.88;14.08;2.82;86818.0;44.0;44.0;61.0;4522.0;966.84;898.42;4.0;1.0;0;1.0;0;0;1.0;0;0;1.0;0;0;1.0;1.0;0;0;0;0;0
152478;1.76;0.98;42.0;2289.0;27.0;69.75;17.25;2.35;12.79;13.92;10.99;8.69;2.82;86818.0;42.0;42.0;61.0;4546.0;966.84;234.37;4.0;1.0;0;1.0;0;0;1.0;0;0;1.0;0;0;1.0;1.0;0;0;0;0;0
152998;1.78;0.99;41.0;2150.0;27.0;69.75;19.5;2.35;13.20;14.01;6.79;7.22;2.58;86818.0;41.0;41.0;61.0;4545.0;966.80;58.59;4.0;1.0;0;1.0;0;0;1.0;0;0;1.0;0;0;1.0;1.0;0;0;0;0;0
153519;2.05;1.01;40.0;2109.0;27.0;69.75;18.0;2.74;14.92;14.01;4.15;4.41;2.58;86818.0;40.0;40.0;61.0;4519.0;966.80;78.12;4.0;1.0;0;1.0;0;0;1.0;0;0;1.0;0;0;1.0;1.0;0;0;0;0;0
154068;2.17;1.03;40.0;2078.0;27.0;69.75;18.75;3.13;15.43;13.92;2.51;2.69;2.82;86818.0;40.0;40.0;61.0;4517.0;966.80;58.59;4.0;1.0;0;1.0;0;0;1.0;0;0;1.0;0;0;1.0;1.0;0;0;0;0;0
154578;2.12;1.04;38.0;2053.0;27.0;69.75;18.0;2.74;14.86;13.92;1.42;1.50;2.82;86818.0;39.0;39.0;61.0;4513.0;966.80;839.83;4.0;1.0;0;1.0;0;0;1.0;0;0;1.0;0;0;1.0;1.0;0;0;0;0;0
155098;1.20;1.00;38.0;1788.0;27.0;69.75;16.5;0;13.97;13.92;3.22;0.87;2.82;86818.0;38.0;39.0;60.0;4466.0;966.80;859.36;4.0;1.0;0;1.0;1.0;0;1.0;0;0;1.0;0;0;1.0;1.0;0;0;1.0;0;0
155628;1.48;0.98;37.0;1389.0;27.0;70.5;13.5;0;13.68;14.11;4.62;9.31;2.58;86818.0;37.0;37.0;60.0;4490.0;966.73;898.42;3.0;1.0;0;1.0;0;0;1.0;0;0;1.0;0;0;1.0;1.0;0;0;0;0;0
156149;1.00;1.00;33.0;2153.0;27.0;70.5;15.75;0;13.79;14.01;11.89;17.32;2.58;86818.0;34.0;34.0;60.0;4529.0;966.77;859.36;3.0;1.0;0;1.0;0;0;1.0;0;0;1.0;0;0;1.0;1.0;0;0;0;0;0
156659;1.10;1.00;32.0;1957.0;27.0;70.5;15.75;0;13.74;14.01;40.56;67.39;2.58;86818.0;32.0;32.0;59.0;4527.0;966.69;839.83;3.0;1.0;0;1.0;0;0;1.0;0;0;1.0;0;0;1.0;1.0;0;0;0;0;0
157168;1.16;1.00;30.0;1849.0;27.0;70.5;15.75;0;13.75;14.01;43.74;72.02;2.58;86818.0;30.0;30.0;59.0;4522.0;966.69;859.36;3.0;1.0;0;1.0;0;0;1.0;0;0;1.0;0;0;1.0;1.0;0;0;0;0;0
157689;1.22;0.99;27.0;1720.0;27.0;70.5;15.75;0;13.78;14.11;59.46;118.00;2.58;86818.0;27.0;27.0;59.0;4522.0;966.73;859.36;3.0;1.0;0;1.0;0;0;1.0;0;0;1.0;0;0;1.0;1.0;0;0;0;0;0
158199;1.38;0.97;25.0;1546.0;27.75;70.5;15.75;0;13.77;14.20;69.48;145.08;2.58;86818.0;25.0;25.0;61.0;4504.0;966.61;839.83;3.0;1.0;0;1.0;0;0;1.0;0;0;1.0;0;0;1.0;1.0;0;0;0;0;0
158709;1.42;0.95;22.0;1462.0;27.75;70.5;16.5;0;13.89;14.11;50.60;105.73;2.58;86818.0;23.0;23.0;60.0;4489.0;966.57;839.83;3.0;1.0;0;1.0;1.0;0;1.0;0;0;1.0;0;0;1.0;1.0;0;0;1.0;0;0
159229;1.47;0.94;21.0;1348.0;27.75;70.5;15.0;0;13.58;14.20;57.51;97.22;2.58;86818.0;21.0;21.0;59.0;4504.0;966.65;800.77;3.0;1.0;0;1.0;0;0;1.0;0;0;1.0;0;0;1.0;1.0;0;0;0;0;0
159739;1.42;0.92;20.0;1340.0;27.75;70.5;15.75;0;13.77;14.29;128.80;92.04;2.58;86818.0;20.0;20.0;60.0;4483.0;966.45;234.37;3.0;1.0;0;1.0;0;0;1.0;0;0;1.0;0;0;1.0;1.0;0;0;0;0;0
160259;1.48;0.94;18.0;1315.0;27.75;70.5;17.25;0;14.11;14.20;96.04;79.48;2.58;86818.0;19.0;19.0;60.0;4515.0;966.18;39.06;3.0;1.0;0;1.0;0;0;1.0;0;0;1.0;0;0;1.0;1.0;0;0;0;0;0
160769;1.49;0.95;17.0;1281.0;27.75;71.25;20.25;0;14.63;14.29;73.74;57.88;2.58;86818.0;18.0;18.0;60.0;4523.0;966.06;39.06;3.0;1.0;0;1.0;0;0;1.0;0;0;1.0;0;0;1.0;1.0;0;0;0;0;0
161279;1.46;0.97;16.0;1352.0;27.75;71.25;15.0;0;13.68;14.11;53.72;47.94;2.58;86818.0;16.0;16.0;60.0;4519.0;965.98;58.59;3.0;1.0;0;1.0;1.0;0;1.0;0;0;1.0;0;0;1.0;1.0;0;0;1.0;0;0
161799;1.57;0.99;15.0;1310.0;27.75;71.25;17.25;0;14.13;14.29;43.59;34.91;2.58;86818.0;15.0;15.0;59.0;4505.0;965.94;97.65;3.0;1.0;0;1.0;0;0;1.0;0;0;1.0;0;0;1.0;1.0;0;0;0;0;0
162319;1.51;1.00;13.0;1348.0;27.75;71.25;15.0;0;13.65;14.29;42.92;41.13;2.58;86818.0;14.0;14.0;60.0;4517.0;965.91;332.02;3.0;1.0;0;1.0;0;0;1.0;0;0;1.0;0;0;1.0;1.0;0;0;0;0;0
162889;1.63;0.99;13.0;1297.0;27.75;71.25;18.0;0;14.30;14.20;29.62;30.72;2.58;86818.0;13.0;13.0;60.0;4517.0;965.79;839.83;3.0;1.0;0;1.0;1.0;0;1.0;0;0;1.0;0;0;1.0;1.0;0;0;1.0;0;0
163411;1.16;0.99;12.0;1797.0;27.75;71.25;15.75;0;13.83;14.01;30.34;29.62;2.58;86818.0;12.0;12.0;61.0;4504.0;965.75;820.30;2.0;1.0;0;1.0;0;0;1.0;0;0;1.0;0;0;1.0;1.0;0;0;0;0;0
163919;1.55;0.98;11.0;1357.0;27.75;71.25;15.75;0;13.88;14.11;50.77;25.15;2.58;86818.0;11.0;11.0;61.0;4509.0;965.71;859.36;2.0;1.0;0;1.0;0;0;1.0;0;0;1.0;0;0;1.0;1.0;0;0;0;0;0
164439;1.56;0.96;10.0;1305.0;27.75;71.25;18.0;0;14.38;14.11;36.98;19.27;2.58;86818.0;10.0;9.0;60.0;4517.0;965.67;781.24;2.0;1.0;0;1.0;0;0;1.0;0;0;1.0;0;0;1.0;1.0;0;0;0;0;0
164949;1.50;0.95;8.0;1294.0;27.75;71.25;19.5;0;14.54;14.20;26.91;13.28;2.58;86818.0;8.0;8.0;61.0;4513.0;965.63;703.11;1.0;1.0;0;1.0;0;0;1.0;0;0;1.0;0;0;1.0;1.0;0;0;0;0;0
165469;1.53;0.95;7.0;1308.0;27.75;72.0;17.25;0;14.24;14.11;21.46;10.15;2.58;86818.0;8.0;8.0;61.0;4500.0;965.63;39.06;1.0;1.0;0;1.0;0;0;1.0;0;0;1.0;0;0;1.0;1.0;0;0;0;0;0
165979;1.48;0.96;7.0;1348.0;27.75;72.0;15.75;0;13.93;14.29;18.78;7.36;2.58;86818.0;7.0;7.0;62.0;4522.0;965.63;39.06;1.0;1.0;0;1.0;0;0;1.0;0;0;1.0;0;0;1.0;1.0;0;0;0;0;0
166491;1.85;0.98;7.0;1421.0;27.75;72.0;12.75;1.56;13.56;14.11;94.29;21.54;2.58;86818.0;7.0;7.0;58.0;4534.0;965.59;195.31;1.0;1.0;0;1.0;0;0;1.0;0;0;1.0;0;0;1.0;1.0;0;0;0;0;0
167009;2.14;1.00;7.0;1348.0;27.75;72.0;12.75;1.56;15.54;14.29;138.31;37.08;2.58;86818.0;8.0;8.0;59.0;4509.0;965.59;39.06;1.0;1.0;0;1.0;1.0;0;1.0;0;0;1.0;0;0;1.0;1.0;0;0;1.0;0;0
167519;1.50;1.00;7.0;1374.0;27.75;72.0;15.75;0;13.71;14.20;124.01;43.76;2.58;86818.0;8.0;8.0;60.0;4476.0;965.59;488.27;1.0;1.0;0;1.0;0;0;1.0;0;0;1.0;0;0;1.0;1.0;0;0;0;0;0
168039;1.63;1.01;7.0;1336.0;27.75;72.0;15.75;0;13.74;14.11;111.24;65.73;2.58;86818.0;7.0;7.0;59.0;4492.0;965.59;859.36;1.0;1.0;0;1.0;0;0;1.0;0;0;1.0;0;0;1.0;1.0;0;0;0;0;0
168639;1.60;1.00;6.0;1313.0;27.75;72.0;17.25;0;14.06;14.11;123.68;106.16;2.58;86818.0;6.0;6.0;60.0;4520.0;965.59;859.36;1.0;1.0;0;1.0;0;0;1.0;0;0;1.0;0;0;1.0;1.0;0;0;0;0;0
169160;1.51;0.98;5.0;1311.0;27.75;72.0;18.0;0;14.25;14.11;90.11;73.37;2.58;86818.0;5.0;5.0;60.0;4499.0;965.59;820.30;1.0;1.0;0;1.0;0;0;1.0;0;0;1.0;0;0;1.0;1.0;0;0;0;0;0
169669;1.56;0.97;0;1312.0;27.75;72.0;17.25;0;14.22;14.11;85.77;68.19;2.58;86818.0;0;0;61.0;4499.0;965.59;703.11;1.0;1.0;0;1.0;0;0;1.0;0;0;1.0;0;0;1.0;1.0;0;0;0;0;0
170189;1.52;0.96;0;1296.0;27.75;72.0;19.5;0;14.61;14.01;78.35;57.80;2.58;86818.0;0;0;62.0;4521.0;965.59;58.59;1.0;1.0;0;1.0;0;0;1.0;0;0;1.0;0;0;1.0;1.0;0;0;0;0;0
170699;1.49;0.98;0;1355.0;27.75;72.75;14.25;0;13.82;14.11;104.38;109.62;2.58;86818.0;0;0;61.0;4514.0;965.59;58.59;1.0;1.0;0;1.0;0;0;1.0;0;0;1.0;0;0;1.0;1.0;0;0;0;0;0
171209;1.51;0.99;0;1316.0;27.75;72.75;17.25;0;14.27;14.20;87.76;94.27;2.58;86818.0;0;0;61.0;4514.0;965.59;39.06;1.0;1.0;0;1.0;0;0;1.0;0;0;1.0;0;0;1.0;1.0;0;0;0;0;0
171729;1.54;1.01;0;1338.0;27.75;72.75;16.5;0;14.11;14.20;63.94;72.41;2.58;86818.0;0;0;62.0;4502.0;965.59;58.59;1.0;1.0;0;1.0;0;0;1.0;0;0;1.0;0;0;1.0;1.0;0;0;0;0;0
172239;1.68;1.02;0;1290.0;27.75;72.75;19.5;0;14.67;14.20;60.79;71.10;2.58;86818.0;0;0;63.0;4508.0;965.59;136.71;1.0;1.0;0;1.0;1.0;0;1.0;0;0;1.0;0;0;1.0;1.0;0;0;1.0;0;0
172749;1.61;1.04;0;1369.0;27.75;72.75;13.5;0;13.66;14.01;56.01;58.41;2.58;86818.0;0;0;62.0;4517.0;965.59;253.90;1.0;1.0;0;1.0;1.0;0;1.0;0;0;1.0;0;0;1.0;1.0;0;0;1.0;0;0
173292;1.53;1.02;0;1341.0;27.75;72.75;15.0;0;13.77;14.20;42.98;45.68;2.58;86818.0;0;0;61.0;4515.0;965.59;761.70;1.0;1.0;0;1.0;0;0;1.0;0;0;1.0;0;0;1.0;1.0;0;0;0;0;0
173829;1.55;1.01;0;1307.0;27.75;72.75;17.25;0;14.15;14.01;31.28;37.18;2.58;86818.0;0;0;60.0;4512.0;965.59;839.83;1.0;1.0;0;1.0;0;0;1.0;0;0;1.0;0;0;1.0;1.0;0;0;0;0;0
174349;1.48;0.99;0;1333.0;27.75;72.75;16.5;0;13.94;14.11;25.09;28.00;2.58;86818.0;0;0;59.0;4517.0;965.59;800.77;1.0;1.0;0;1.0;0;0;1.0;0;0;1.0;0;0;1.0;1.0;0;0;0;0;0
174859;1.49;0.97;0;1301.0;27.75;72.75;18.0;0;14.25;14.20;73.12;67.98;2.58;86818.0;0;0;60.0;4504.0;965.59;449.21;1.0;1.0;0;1.0;0;0;1.0;0;0;1.0;0;0;1.0;1.0;0;0;0;0;0
175369;1.56;0.98;0;1321.0;27.75;72.75;17.25;0;14.12;14.11;87.37;49.50;2.58;86818.0;0;0;61.0;4519.0;965.59;39.06;1.0;1.0;0;1.0;0;0;1.0;0;0;1.0;0;0;1.0;1.0;0;0;0;0;0
175939;1.49;1.00;0;1328.0;27.75;72.75;16.5;0;14.00;14.20;63.66;41.50;2.58;86818.0;0;0;60.0;4520.0;965.59;58.59;1.0;1.0;0;1.0;0;0;1.0;0;0;1.0;0;0;1.0;1.0;0;0;0;0;0
176449;1.56;1.01;0;1317.0;27.75;72.75;17.25;0;14.12;14.20;43.98;30.64;2.58;86818.0;0;0;60.0;4511.0;965.59;605.46;1.0;1.0;0;1.0;0;0;1.0;0;0;1.0;0;0;1.0;1.0;0;0;0;0;0
176959;1.56;1.00;0;1299.0;27.75;72.75;18.0;0;14.24;14.20;40.68;37.41;2.58;86818.0;0;0;60.0;4506.0;965.59;664.05;1.0;1.0;0;1.0;0;0;1.0;0;0;1.0;0;0;1.0;1.0;0;0;0;0;0
177479;1.59;1.01;0;1344.0;27.75;72.75;15.75;0;13.77;14.20;29.60;35.27;2.58;86818.0;0;0;60.0;4511.0;965.59;488.27;1.0;1.0;0;1.0;0;0;1.0;0;0;1.0;0;0;1.0;1.0;0;0;0;0;0
177989;1.53;1.00;0;1289.0;27.75;72.75;19.5;0;14.44;14.20;24.84;25.66;2.58;86818.0;0;0;60.0;4519.0;965.59;722.64;1.0;1.0;0;1.0;0;0;1.0;0;0;1.0;0;0;1.0;1.0;0;0;0;0;0
178509;1.48;0.98;0;1342.0;27.75;72.75;15.75;0;13.81;14.20;18.06;19.68;2.58;86818.0;0;0;61.0;4528.0;965.59;781.24;1.0;1.0;0;1.0;0;0;1.0;0;0;1.0;0;0;1.0;1.0;0;0;0;0;0
179019;1.49;0.97;0;1327.0;27.75;72.75;16.5;0;13.99;14.29;13.84;16.97;2.58;86818.0;0;0;60.0;4516.0;965.59;97.65;1.0;1.0;0;1.0;0;0;1.0;0;0;1.0;0;0;1.0;1.0;0;0;0;0;0
179549;1.55;0.99;0;1271.0;27.75;72.75;21.0;0;14.81;14.11;11.22;12.30;2.58;86818.0;0;0;61.0;4526.0;965.59;39.06;1.0;1.0;0;1.0;0;0;1.0;0;0;1.0;0;0;1.0;1.0;0;0;0;0;0
180109;1.56;1.00;0;1279.0;27.75;72.75;20.25;0;14.70;14.20;8.59;8.90;2.58;86818.0;0;0;61.0;4508.0;965.59;234.37;1.0;1.0;0;1.0;0;0;1.0;0;0;1.0;0;0;1.0;1.0;0;0;0;0;0
180672;1.56;1.02;0;1352.0;27.75;72.75;15.0;0;13.82;14.20;6.54;13.72;2.58;86818.0;0;0;62.0;4515.0;965.59;546.86;1.0;1.0;0;1.0;0;0;1.0;0;0;1.0;0;0;1.0;1.0;0;0;0;0;0
181219;1.58;1.01;0;1292.0;27.75;72.75;19.5;0;14.61;14.29;19.70;49.99;2.58;86818.0;0;0;62.0;4511.0;965.59;781.24;1.0;1.0;0;1.0;0;0;1.0;0;0;1.0;0;0;1.0;1.0;0;0;0;0;0
181729;1.6;1.00;0;1321.0;27.75;72.75;16.5;0;13.85;14.29;108.86;117.06;2.58;86818.0;0;0;62.0;4499.0;965.59;839.83;1.0;1.0;0;1.0;0;0;1.0;0;0;1.0;0;0;1.0;1.0;0;0;0;0;0
182249;1.53;0.98;0;1278.0;27.75;72.75;19.5;0;14.65;14.11;145.04;158.60;2.58;86818.0;0;0;61.0;4520.0;965.59;800.77;1.0;1.0;0;1.0;0;0;1.0;0;0;1.0;0;0;1.0;1.0;0;0;0;0;0
182759;1.6;0.97;0;1299.0;27.75;72.75;18.0;0;14.48;14.20;130.24;121.84;2.58;86818.0;0;0;63.0;4505.0;965.59;58.59;1.0;1.0;0;1.0;0;0;1.0;0;0;1.0;0;0;1.0;1.0;0;0;0;0;0
183279;1.56;0.99;0;1300.0;27.75;72.75;18.0;0;14.53;14.20;131.26;163.19;2.58;86818.0;0;0;62.0;4511.0;965.59;39.06;1.0;1.0;0;1.0;0;0;1.0;0;0;1.0;0;0;1.0;1.0;0;0;0;0;0
183789;1.57;1.01;0;1315.0;27.75;72.75;17.25;0;14.45;14.11;176.70;148.76;2.58;86818.0;0;0;63.0;4511.0;965.59;97.65;1.0;1.0;0;1.0;0;0;1.0;0;0;1.0;0;0;1.0;1.0;0;0;0;0;0
184309;1.65;1.02;0;1315.0;27.75;72.75;17.25;0;14.43;14.20;220.39;129.07;2.58;86818.0;0;0;62.0;4530.0;965.59;351.55;1.0;1.0;0;1.0;0;0;1.0;0;0;1.0;0;0;1.0;1.0;0;0;0;0;0
184819;1.61;1.04;0;1334.0;27.75;72.75;15.75;0;13.99;14.29;223.14;99.13;2.58;86818.0;0;0;61.0;4501.0;965.59;859.36;1.0;1.0;0;1.0;0;0;1.0;0;0;1.0;0;0;1.0;1.0;0;0;0;0;0
185339;1.51;1.02;0;1354.0;27.75;72.75;14.25;0;13.62;14.11;162.62;68.51;2.58;86818.0;0;0;60.0;4524.0;965.59;839.83;1.0;1.0;0;1.0;0;0;1.0;0;0;1.0;0;0;1.0;1.0;0;0;0;0;0
185849;1.52;1.00;0;1328.0;27.75;72.75;16.5;0;13.92;14.11;141.45;67.43;2.58;86818.0;0;0;59.0;4499.0;965.59;859.36;1.0;1.0;0;1.0;0;0;1.0;0;0;1.0;0;0;1.0;1.0;0;0;0;0;0
186409;1.58;0.99;0;1281.0;27.75;72.75;20.25;0;14.55;14.20;192.72;99.89;2.58;86818.0;0;0;59.0;4508.0;965.59;624.99;1.0;1.0;0;1.0;0;0;1.0;0;0;1.0;0;0;1.0;1.0;0;0;0;0;0
186929;1.52;0.99;0;1301.0;27.75;72.75;18.0;0;14.30;14.20;184.87;75.03;2.58;86818.0;0;0;61.0;4511.0;965.59;136.71;1.0;1.0;0;1.0;0;0;1.0;0;0;1.0;0;0;1.0;1.0;0;0;0;0;0
187439;1.64;1.01;0;1305.0;27.75;72.75;18.0;0;14.28;14.20;134.71;61.71;2.58;86818.0;0;0;60.0;4514.0;965.59;58.59;1.0;1.0;0;1.0;0;0;1.0;0;0;1.0;0;0;1.0;1.0;0;0;0;0;0
187959;1.50;1.01;0;1363.0;27.75;72.75;14.25;0;13.54;14.20;103.48;53.51;2.58;86818.0;0;0;59.0;4500.0;965.59;859.36;1.0;1.0;0;1.0;0;0;1.0;0;0;1.0;0;0;1.0;1.0;0;0;0;0;0
188469;1.58;1.00;0;1305.0;27.75;72.75;18.0;0;14.27;14.11;96.10;81.57;2.58;86818.0;0;0;60.0;4513.0;965.67;800.77;1.0;1.0;0;1.0;0;0;1.0;0;0;1.0;0;0;1.0;1.0;0;0;0;0;0
188989;1.55;0.98;0;1319.0;27.75;72.75;17.25;0;14.11;14.20;73.80;59.42;2.58;86818.0;0;0;60.0;4523.0;965.63;566.39;1.0;1.0;0;1.0;0;0;1.0;0;0;1.0;0;0;1.0;1.0;0;0;0;0;0
189549;1.6;0.99;0;1306.0;27.75;72.75;18.0;0;14.34;14.11;51.01;43.25;2.58;86818.0;0;0;61.0;4490.0;965.63;58.59;1.0;1.0;0;1.0;0;0;1.0;0;0;1.0;0;0;1.0;1.0;0;0;0;0;0
190059;1.54;1.01;0;1335.0;27.75;72.75;16.5;0;14.05;14.11;39.15;33.22;2.58;86818.0;0;0;61.0;4518.0;965.63;117.18;1.0;1.0;0;1.0;0;0;1.0;0;0;1.0;0;0;1.0;1.0;0;0;0;0;0
190579;1.56;1.01;0;1295.0;27.75;73.5;18.0;0;14.36;14.01;28.51;25.48;2.58;86818.0;0;0;60.0;4501.0;965.59;820.30;1.0;1.0;0;1.0;0;0;1.0;0;0;1.0;0;0;1.0;1.0;0;0;0;0;0
191099;1.62;0.99;0;1283.0;27.75;73.5;19.5;0;14.51;14.20;21.87;18.51;2.58;86818.0;0;0;61.0;4501.0;965.59;468.74;1.0;1.0;0;1.0;0;0;1.0;0;0;1.0;0;0;1.0;1.0;0;0;0;0;0
191659;1.57;1.01;0;1290.0;27.75;73.5;19.5;0;14.55;14.29;15.89;14.17;2.58;86818.0;0;0;62.0;4504.0;965.59;195.31;1.0;1.0;0;1.0;0;0;1.0;0;0;1.0;0;0;1.0;1.0;0;0;0;0;0
192169;1.56;1.00;0;1346.0;27.75;73.5;15.0;0;13.77;14.11;25.15;15.35;2.58;86818.0;0;0;61.0;4501.0;965.59;722.64;1.0;1.0;0;1.0;0;0;1.0;0;0;1.0;0;0;1.0;1.0;0;0;0;0;0
192689;1.49;0.99;0;1351.0;27.75;73.5;15.0;0;13.71;14.01;18.28;11.73;2.58;86818.0;0;0;60.0;4524.0;965.59;722.64;1.0;1.0;0;1.0;0;0;1.0;0;0;1.0;0;0;1.0;1.0;0;0;0;0;0
193199;1.55;0.98;0;1342.0;27.75;73.5;15.0;0;13.68;14.29;16.09;8.51;2.58;86818.0;0;0;60.0;4508.0;965.59;234.37;1.0;1.0;0;1.0;0;0;1.0;0;0;1.0;0;0;1.0;1.0;0;0;0;0;0
193719;1.50;1.00;0;1339.0;27.75;73.5;15.0;0;13.65;14.01;11.65;8.59;2.58;86818.0;0;0;59.0;4520.0;965.59;117.18;1.0;1.0;0;1.0;0;0;1.0;0;0;1.0;0;0;1.0;1.0;0;0;0;0;0
194229;1.53;1.01;0;1341.0;27.75;73.5;15.0;0;13.66;14.29;10.37;19.49;2.58;86818.0;0;0;60.0;4525.0;965.59;488.27;1.0;1.0;0;1.0;0;0;1.0;0;0;1.0;0;0;1.0;1.0;0;0;0;0;0
194749;1.61;1.01;0;1307.0;27.75;73.5;17.25;0;14.11;14.20;23.43;14.92;2.58;86818.0;0;0;60.0;4518.0;965.59;839.83;1.0;1.0;0;1.0;0;0;1.0;0;0;1.0;0;0;1.0;1.0;0;0;0;0;0
195259;1.56;0.99;0;1317.0;27.75;73.5;17.25;0;14.11;14.11;17.96;10.81;2.58;86818.0;0;0;60.0;4514.0;965.59;820.30;1.0;1.0;0;1.0;0;0;1.0;0;0;1.0;0;0;1.0;1.0;0;0;0;0;0
195779;1.52;0.98;0;1328.0;27.75;73.5;16.5;0;14.00;14.11;13.02;10.15;2.58;86818.0;0;0;61.0;4523.0;965.59;136.71;1.0;1.0;0;1.0;0;0;1.0;0;0;1.0;0;0;1.0;1.0;0;0;0;0;0
196289;1.59;0.99;0;1311.0;27.75;73.5;18.0;0;14.35;14.11;9.96;7.36;2.58;86818.0;0;0;61.0;4519.0;965.59;58.59;1.0;1.0;0;1.0;0;0;1.0;0;0;1.0;0;0;1.0;1.0;0;0;0;0;0
196859;1.59;1.01;0;1343.0;27.75;73.5;15.75;0;14.05;14.20;7.20;7.71;2.58;86818.0;0;0;61.0;4517.0;965.59;546.86;1.0;1.0;0;1.0;0;0;1.0;0;0;1.0;0;0;1.0;1.0;0;0;0;0;0
197469;1.60;1.00;0;1328.0;27.75;73.5;16.5;0;14.04;14.20;5.19;5.25;2.58;86818.0;0;0;61.0;4513.0;965.59;742.17;1.0;1.0;0;1.0;0;0;1.0;0;0;1.0;0;0;1.0;1.0;0;0;0;0;0
197979;1.52;0.98;0;1300.0;27.75;73.5;18.0;0;14.38;14.01;3.55;3.57;2.58;86818.0;0;0;61.0;4507.0;965.59;97.65;1.0;1.0;0;1.0;0;0;1.0;0;0;1.0;0;0;1.0;1.0;0;0;0;0;0
198499;1.51;1.00;0;1339.0;27.75;73.5;15.75;0;13.89;14.20;2.53;2.71;2.58;86818.0;0;0;61.0;4509.0;965.59;312.49;1.0;1.0;0;1.0;0;0;1.0;0;0;1.0;0;0;1.0;1.0;0;0;0;0;0
199009;1.60;1.01;0;1360.0;27.75;73.5;14.25;0;13.67;14.20;8.35;8.04;2.58;86818.0;0;0;61.0;4511.0;965.59;781.24;1.0;1.0;0;1.0;0;0;1.0;0;0;1.0;0;0;1.0;1.0;0;0;0;0;0
199529;1.58;0.99;0;1299.0;27.75;73.5;18.0;0;14.42;14.01;6.07;8.35;2.58;86818.0;0;0;61.0;4512.0;965.59;664.05;1.0;1.0;0;1.0;0;0;1.0;0;0;1.0;0;0;1.0;1.0;0;0;0;0;0
200039;1.52;0.97;0;1324.0;27.75;73.5;16.5;0;14.07;14.01;4.62;6.07;2.58;86818.0;0;0;61.0;4512.0;965.59;58.59;1.0;1.0;0;1.0;1.0;0;1.0;0;0;1.0;0;0;1.0;1.0;0;0;1.0;0;0
200558;1.52;0.99;0;1346.0;27.75;73.5;15.0;0;13.45;14.29;3.32;4.62;2.58;86818.0;0;0;60.0;4522.0;965.59;78.12;1.0;1.0;0;1.0;0;0;1.0;0;0;1.0;0;0;1.0;1.0;0;0;0;0;0
201069;1.63;1.01;0;1323.0;27.75;73.5;16.5;0;13.97;14.20;9.06;5.74;2.58;86818.0;0;0;60.0;4512.0;965.59;664.05;1.0;1.0;0;1.0;0;0;1.0;0;0;1.0;0;0;1.0;1.0;0;0;0;0;0
201589;1.50;0.99;0;1350.0;27.75;73.5;15.0;0;13.58;14.20;40.42;4.35;2.58;86818.0;0;0;60.0;4520.0;965.59;820.30;1.0;1.0;0;1.0;0;0;1.0;0;0;1.0;0;0;1.0;1.0;0;0;0;0;0
202099;1.46;0.97;0;1329.0;27.75;74.25;16.5;0;13.89;14.01;91.20;4.92;2.58;86818.0;0;0;59.0;4524.0;965.59;136.71;1.0;1.0;0;1.0;0;0;1.0;0;0;1.0;0;0;1.0;1.0;0;0;0;0;0
202619;1.57;0.99;0;1325.0;27.75;74.25;17.25;0;14.08;14.20;70.81;34.02;2.58;86818.0;0;0;60.0;4503.0;965.59;58.59;1.0;1.0;0;1.0;0;0;1.0;0;0;1.0;0;0;1.0;1.0;0;0;0;0;0
203139;1.51;1.01;0;1332.0;27.75;74.25;16.5;0;13.93;14.11;65.60;26.65;2.58;86818.0;0;0;60.0;4521.0;965.59;58.59;1.0;1.0;0;1.0;0;0;1.0;0;0;1.0;0;0;1.0;1.0;0;0;0;0;0
203699;1.52;1.01;0;1321.0;27.75;74.25;17.25;0;14.12;14.20;47.75;27.00;2.58;86818.0;0;0;60.0;4504.0;965.59;820.30;1.0;1.0;0;1.0;0;0;1.0;0;0;1.0;0;0;1.0;1.0;0;0;0;0;0
204209;1.51;0.99;0;1316.0;27.75;74.25;17.25;0;14.12;14.20;36.77;18.63;2.58;86818.0;0;0;60.0;4500.0;965.59;859.36;1.0;1.0;0;1.0;0;0;1.0;0;0;1.0;0;0;1.0;1.0;0;0;0;0;0
204779;1.56;0.98;0;1321.0;27.75;74.25;17.25;0;14.13;14.29;28.98;18.49;2.58;86818.0;0;0;61.0;4513.0;965.59;566.39;1.0;1.0;0;1.0;0;0;1.0;0;0;1.0;0;0;1.0;1.0;0;0;0;0;0
205289;1.56;0.96;0;1296.0;27.75;74.25;18.0;0;14.36;14.29;22.22;13.41;2.58;86818.0;0;0;61.0;4533.0;965.59;97.65;1.0;1.0;0;1.0;0;0;1.0;0;0;1.0;0;0;1.0;1.0;0;0;0;0;0
205809;1.55;0.98;0;1345.0;27.75;74.25;15.75;0;13.88;14.01;16.15;10.25;2.58;86818.0;0;0;61.0;4523.0;965.59;58.59;1.0;1.0;0;1.0;0;0;1.0;0;0;1.0;0;0;1.0;1.0;0;0;0;0;0
206319;1.53;1.00;0;1329.0;27.75;74.25;16.5;0;14.05;14.29;11.69;7.05;2.58;86818.0;0;0;61.0;4516.0;965.59;78.12;1.0;1.0;0;1.0;0;0;1.0;0;0;1.0;0;0;1.0;1.0;0;0;0;0;0
206839;1.67;1.00;0;1333.0;27.75;74.25;15.75;0;13.90;14.29;8.47;5.39;2.58;86818.0;0;0;61.0;4505.0;965.59;859.36;1.0;1.0;0;1.0;0;0;1.0;0;0;1.0;0;0;1.0;1.0;0;0;0;0;0
207349;1.62;0.99;0;1341.0;27.75;74.25;15.0;0;13.74;14.20;6.13;3.86;2.58;86818.0;0;0;61.0;4502.0;965.59;878.89;1.0;1.0;0;1.0;0;0;1.0;0;0;1.0;0;0;1.0;1.0;0;0;0;0;0
207869;1.46;0.97;0;1320.0;27.75;74.25;16.5;0;14.00;14.11;4.66;4.57;2.58;86818.0;0;0;60.0;4506.0;965.59;839.83;1.0;1.0;0;1.0;0;0;1.0;0;0;1.0;0;0;1.0;1.0;0;0;0;0;0
208379;1.48;0.95;0;1300.0;27.75;74.25;18.0;0;14.30;14.20;5.37;5.56;2.58;86818.0;0;0;60.0;4503.0;965.59;97.65;1.0;1.0;0;1.0;1.0;0;1.0;0;0;1.0;0;0;1.0;1.0;0;0;1.0;0;0
208949;1.53;0.97;0;1316.0;27.75;74.25;17.25;0;14.17;14.29;4.08;4.00;2.58;86818.0;0;0;60.0;4501.0;965.67;58.59;1.0;1.0;0;1.0;0;0;1.0;0;0;1.0;0;0;1.0;1.0;0;0;0;0;0
209458;1.51;0.99;0;1322.0;27.75;74.25;16.5;0;13.97;14.20;2.75;4.86;2.58;86818.0;0;0;60.0;4511.0;965.63;58.59;1.0;1.0;0;1.0;0;0;1.0;0;0;1.0;0;0;1.0;1.0;0;0;0;0;0
209978;1.56;1.00;0;1348.0;27.75;74.25;15.0;0;13.63;14.11;2.07;3.49;2.58;86818.0;0;0;60.0;4513.0;965.63;58.59;1.0;1.0;0;1.0;0;0;1.0;0;0;1.0;0;0;1.0;1.0;0;0;0;0;0
210519;1.52;1.02;0;1349.0;27.75;74.25;15.0;0;13.61;14.29;5.81;4.84;2.58;86818.0;0;0;59.0;4508.0;965.63;683.58;1.0;1.0;0;1.0;0;0;1.0;0;0;1.0;0;0;1.0;1.0;0;0;0;0;0
211029;1.52;1.00;0;1315.0;27.75;74.25;17.25;0;14.08;14.11;15.13;58.33;2.58;86818.0;0;0;59.0;4525.0;965.67;839.83;1.0;1.0;0;1.0;0;0;1.0;0;0;1.0;0;0;1.0;1.0;0;0;0;0;0
211548;1.51;0.99;0;1338.0;27.75;74.25;15.75;0;13.78;14.11;66.30;92.86;2.58;86818.0;0;0;60.0;4512.0;965.67;800.77;1.0;1.0;0;1.0;0;0;1.0;0;0;1.0;0;0;1.0;1.0;0;0;0;0;0
212059;1.60;0.97;0;1257.0;27.75;74.25;21.0;0;14.69;14.20;86.28;106.53;2.58;86818.0;0;0;59.0;4512.0;965.63;624.99;1.0;1.0;0;1.0;0;0;1.0;0;0;1.0;0;0;1.0;1.0;0;0;0;0;0
212579;1.49;0.98;0;1339.0;27.75;74.25;16.5;0;13.99;14.11;70.46;104.79;2.58;86818.0;0;0;61.0;4518.0;965.63;58.59;1.0;1.0;0;1.0;0;0;1.0;0;0;1.0;0;0;1.0;1.0;0;0;0;0;0
213098;1.59;0.99;0;1312.0;27.75;75.0;17.25;0;14.19;14.11;54.11;76.36;2.58;86818.0;0;0;61.0;4512.0;965.63;58.59;1.0;1.0;0;1.0;0;0;1.0;0;0;1.0;0;0;1.0;1.0;0;0;0;0;0
213659;1.93;1.01;0;1348.0;27.75;75.0;12.75;0.39;11.65;14.20;37.36;63.02;2.58;86818.0;0;0;56.0;4518.0;965.59;839.83;1.0;1.0;0;1.0;0;0;1.0;0;0;1.0;0;0;1.0;1.0;0;0;0;0;0
214218;1.51;0.99;0;1362.0;27.75;75.0;22.5;0;13.01;14.20;28.65;45.89;2.58;86818.0;0;0;55.0;4521.0;965.59;136.71;1.0;1.0;0;1.0;0;0;1.0;0;0;1.0;0;0;1.0;1.0;0;0;0;0;0
214729;1.48;1.00;0;1318.0;27.75;75.0;19.5;0;14.02;14.11;21.56;36.56;2.58;86818.0;0;0;57.0;4504.0;965.59;78.12;1.0;1.0;0;1.0;0;0;1.0;0;0;1.0;0;0;1.0;1.0;0;0;0;0;0
215248;1.56;1.00;0;1308.0;27.75;75.0;19.5;0;13.95;14.20;16.54;26.59;2.58;86818.0;0;0;58.0;4516.0;965.59;800.77;1.0;1.0;0;1.0;0;0;1.0;0;0;1.0;0;0;1.0;1.0;0;0;0;0;0
215769;1.49;0.99;0;1304.0;27.75;75.0;18.0;0;13.97;14.20;44.13;22.30;2.58;86818.0;0;0;57.0;4510.0;965.59;742.17;1.0;1.0;0;1.0;1.0;0;1.0;0;0;1.0;0;0;1.0;1.0;0;0;1.0;0;0
216279;1.46;0.99;0;1343.0;27.75;75.0;15.0;0;13.39;14.29;38.33;18.57;2.58;86818.0;0;0;57.0;4526.0;965.59;58.59;1.0;1.0;0;1.0;0;0;1.0;0;0;1.0;0;0;1.0;1.0;0;0;0;0;0
216799;1.59;1.00;0;1296.0;27.75;75.0;18.0;0;14.01;14.11;31.50;14.23;2.58;86818.0;0;0;58.0;4518.0;965.59;58.59;1.0;1.0;0;1.0;0;0;1.0;0;0;1.0;0;0;1.0;1.0;0;0;0;0;0
217309;1.56;1.02;0;1289.0;27.75;75.0;19.5;0;14.20;14.20;56.81;31.03;2.58;86818.0;0;0;59.0;4522.0;965.59;664.05;1.0;1.0;0;1.0;0;0;1.0;0;0;1.0;0;0;1.0;1.0;0;0;0;0;0
217829;1.58;1.00;0;1299.0;27.75;75.0;19.5;0;14.28;14.20;140.44;85.24;2.58;86818.0;0;0;60.0;4508.0;965.59;761.70;1.0;1.0;0;1.0;0;0;1.0;0;0;1.0;0;0;1.0;1.0;0;0;0;0;0
218349;1.48;0.99;0;1328.0;27.75;75.0;16.5;0;13.87;14.29;132.78;99.91;2.58;86818.0;0;0;59.0;4507.0;965.59;781.24;1.0;1.0;0;1.0;0;0;1.0;0;0;1.0;0;0;1.0;1.0;0;0;0;0;0
218859;1.49;0.97;0;1328.0;27.75;75.0;17.25;0;14.11;14.20;103.41;84.93;2.58;86818.0;0;0;61.0;4515.0;965.59;722.64;1.0;1.0;0;1.0;0;0;1.0;0;0;1.0;0;0;1.0;1.0;0;0;0;0;0
219379;1.56;0.97;0;1312.0;27.75;75.0;18.0;0;14.35;14.20;79.44;61.87;2.58;86818.0;0;0;62.0;4496.0;965.59;58.59;1.0;1.0;0;1.0;0;0;1.0;0;0;1.0;0;0;1.0;1.0;0;0;0;0;0
219889;1.53;0.98;0;1337.0;27.75;75.0;16.5;0;14.22;14.20;65.56;60.60;2.58;86818.0;0;0;62.0;4516.0;965.59;58.59;1.0;1.0;0;1.0;1.0;0;1.0;0;0;1.0;0;0;1.0;1.0;0;0;1.0;0;0
220409;1.51;1.00;0;1339.0;27.75;75.0;15.75;0;13.97;14.11;87.22;76.22;2.58;86818.0;0;0;61.0;4510.0;965.59;58.59;1.0;1.0;0;1.0;0;0;1.0;0;0;1.0;0;0;1.0;1.0;0;0;0;0;0
220929;1.57;1.01;0;1363.0;27.75;75.0;14.25;0;13.73;14.29;83.66;70.38;2.58;86818.0;0;0;61.0;4506.0;965.59;683.58;1.0;1.0;0;1.0;0;0;1.0;0;0;1.0;0;0;1.0;1.0;0;0;0;0;0
221439;1.57;1.00;0;1284.0;27.75;75.0;19.5;0;14.55;14.20;71.63;51.28;2.58;86818.0;0;0;61.0;4518.0;965.59;820.30;1.0;1.0;0;1.0;0;0;1.0;0;0;1.0;0;0;1.0;1.0;0;0;0;0;0
221959;1.49;0.99;0;1344.0;27.75;75.0;15.0;0;13.71;14.11;52.16;43.06;2.58;86818.0;0;0;61.0;4517.0;965.59;859.36;1.0;1.0;0;1.0;0;0;1.0;0;0;1.0;0;0;1.0;1.0;0;0;0;0;0
222469;1.64;0.97;0;1298.0;27.75;75.0;18.0;0;14.35;14.11;40.05;31.34;2.58;86818.0;0;0;60.0;4506.0;965.67;839.83;1.0;1.0;0;1.0;0;0;1.0;0;0;1.0;0;0;1.0;1.0;0;0;0;0;0
222989;1.54;0.96;0;1324.0;27.75;75.0;16.5;0;14.05;14.20;29.15;26.15;2.58;86818.0;0;0;61.0;4508.0;965.67;624.99;1.0;1.0;0;1.0;0;0;1.0;0;0;1.0;0;0;1.0;1.0;0;0;0;0;0
223499;1.44;0.95;0;1340.0;27.75;75.0;15.0;0;13.68;14.20;22.47;20.38;2.58;86818.0;0;0;59.0;4529.0;965.63;39.06;1.0;1.0;0;1.0;0;0;1.0;0;0;1.0;0;0;1.0;1.0;0;0;0;0;0
224019;1.56;0.96;0;1300.0;27.75;75.0;18.0;0;14.30;14.39;21.03;20.48;2.31;86818.0;0;0;59.0;4513.0;965.63;39.06;1.0;1.0;0;1.0;0;0;1.0;0;0;1.0;0;0;1.0;1.0;0;0;0;0;0
224539;1.60;0.98;0;1286.0;27.75;75.0;19.5;0;14.53;14.11;18.02;14.88;2.58;86818.0;0;0;61.0;4499.0;965.59;58.59;1.0;1.0;0;1.0;0;0;1.0;0;0;1.0;0;0;1.0;1.0;0;0;0;0;0
225049;1.57;1.00;0;1285.0;27.75;75.0;20.25;0;14.72;14.11;13.08;11.36;2.58;86818.0;0;0;63.0;4508.0;965.59;78.12;1.0;1.0;0;1.0;0;0;1.0;0;0;1.0;0;0;1.0;1.0;0;0;0;0;0
225571;1.65;1.01;0;1297.0;27.75;75.0;19.5;0;14.67;14.11;14.21;45.71;2.58;86818.0;0;0;62.0;4519.0;965.59;97.65;1.0;1.0;0;1.0;0;0;1.0;0;0;1.0;0;0;1.0;1.0;0;0;0;0;0
226089;1.6;1.03;0;1334.0;27.75;75.0;17.25;0;14.41;14.20;16.22;68.10;2.58;86818.0;0;0;65.0;4511.0;965.59;781.24;1.0;1.0;0;1.0;0;0;1.0;0;0;1.0;0;0;1.0;1.0;0;0;0;0;0
226599;1.63;1.03;0;1305.0;27.75;75.0;18.0;0;14.68;14.20;11.77;47.06;2.58;86818.0;0;0;65.0;4506.0;965.67;859.36;1.0;1.0;0;1.0;0;0;1.0;0;0;1.0;0;0;1.0;1.0;0;0;0;0;0
227119;1.67;1.01;0;1298.0;27.75;75.0;19.5;0;14.93;14.11;42.41;52.06;2.58;86818.0;0;0;67.0;4542.0;965.67;839.83;1.0;1.0;0;1.0;0;0;1.0;0;0;1.0;0;0;1.0;1.0;0;0;0;0;0
227639;1.56;1.00;0;1348.0;27.75;75.0;15.75;0;14.33;14.20;117.21;114.97;2.58;86818.0;0;0;67.0;4512.0;965.63;761.70;1.0;1.0;0;1.0;0;0;1.0;0;0;1.0;0;0;1.0;1.0;0;0;0;0;0
228199;1.51;0.98;0;1364.0;27.75;75.0;14.25;0;14.06;14.11;143.72;172.95;2.58;86818.0;0;0;65.0;4503.0;965.63;175.77;1.0;1.0;0;1.0;0;0;1.0;0;0;1.0;0;0;1.0;1.0;0;0;0;0;0
228719;1.56;0.99;0;1322.0;27.75;75.0;16.5;0;14.44;14.29;112.10;119.58;2.58;86818.0;0;0;65.0;4514.0;965.59;683.58;1.0;1.0;0;1.0;0;0;1.0;0;0;1.0;0;0;1.0;1.0;0;0;0;0;0
229229;1.52;0.98;0;1328.0;27.75;75.0;15.75;0;14.18;14.01;97.66;91.84;2.58;86818.0;0;0;62.0;4505.0;965.67;781.24;1.0;1.0;0;1.0;0;0;1.0;0;0;1.0;0;0;1.0;1.0;0;0;0;0;0
229749;1.54;0.98;0;1347.0;27.75;75.0;15.0;0;13.80;14.11;93.54;79.83;2.58;86818.0;0;0;61.0;4510.0;965.67;78.12;1.0;1.0;0;1.0;0;0;1.0;0;0;1.0;0;0;1.0;1.0;0;0;0;0;0
230261;1.63;0.99;0;1290.0;27.75;75.0;19.5;0;14.58;14.20;80.05;58.16;2.58;86818.0;0;0;61.0;4515.0;965.63;58.59;1.0;1.0;0;1.0;0;0;1.0;0;0;1.0;0;0;1.0;1.0;0;0;0;0;0
230779;1.54;1.01;0;1317.0;27.75;75.0;17.25;0;14.22;14.29;58.29;44.66;2.58;86818.0;0;0;61.0;4501.0;965.63;781.24;1.0;1.0;0;1.0;0;0;1.0;0;0;1.0;0;0;1.0;1.0;0;0;0;0;0
231340;1.69;0.99;0;1297.0;27.75;75.0;19.5;0;14.54;14.20;42.45;30.81;2.58;86818.0;0;0;61.0;4502.0;965.67;781.24;1.0;1.0;0;1.0;0;0;1.0;0;0;1.0;0;0;1.0;1.0;0;0;0;0;0
231859;1.58;0.98;0;1303.0;27.75;75.0;18.0;0;14.44;14.20;64.78;30.56;2.58;86818.0;0;0;62.0;4521.0;965.67;839.83;1.0;1.0;0;1.0;0;0;1.0;0;0;1.0;0;0;1.0;1.0;0;0;0;0;0
232379;1.64;0.96;0;1322.0;27.75;75.0;17.25;0;14.34;14.20;81.61;114.07;2.58;86818.0;0;0;63.0;4503.0;965.63;839.83;1.0;1.0;0;1.0;0;0;1.0;0;0;1.0;0;0;1.0;1.0;0;0;0;0;0
232889;1.49;0.95;0;1361.0;27.75;75.0;14.25;0;13.73;14.29;111.67;163.42;2.58;86818.0;0;0;61.0;4517.0;965.67;722.64;1.0;1.0;0;1.0;1.0;0;1.0;0;0;1.0;0;0;1.0;1.0;0;0;0;0;0
233409;1.41;0.95;0;1354.0;27.75;75.0;15.0;0;13.73;14.20;85.77;119.09;2.58;86818.0;0;0;60.0;4510.0;965.67;39.06;1.0;1.0;0;1.0;0;0;1.0;0;0;1.0;0;0;1.0;1.0;0;0;0;0;0
233929;1.48;0.96;0;1286.0;27.75;75.0;20.25;0;14.56;14.11;62.47;99.68;2.58;86818.0;0;0;60.0;4513.0;965.79;39.06;1.0;1.0;0;1.0;0;0;1.0;0;0;1.0;0;0;1.0;1.0;0;0;0;0;0
234439;1.54;0.98;0;1320.0;27.75;75.0;16.5;0;14.07;14.20;47.96;72.61;2.58;86818.0;0;0;61.0;4518.0;965.71;58.59;1.0;1.0;0;1.0;0;0;1.0;0;0;1.0;0;0;1.0;1.0;0;0;0;0;0
234959;1.53;1.00;0;1312.0;27.75;75.0;18.0;0;14.38;14.20;34.93;55.77;2.58;86818.0;0;0;61.0;4514.0;965.67;39.06;1.0;1.0;0;1.0;0;0;1.0;0;0;1.0;0;0;1.0;1.0;0;0;0;0;0
235480;1.57;1.01;0;1325.0;27.75;75.0;16.5;0;14.14;14.20;28.90;57.26;2.58;86818.0;0;0;62.0;4513.0;965.67;58.59;1.0;1.0;0;1.0;0;0;1.0;0;0;1.0;0;0;1.0;1.0;0;0;0;0;0
235989;1.64;1.02;0;1313.0;27.75;75.75;16.5;0;14.12;14.29;21.75;49.41;2.58;86818.0;0;0;61.0;4527.0;965.71;859.36;1.0;1.0;0;1.0;0;0;1.0;0;0;1.0;0;0;1.0;1.0;0;0;0;0;0
236509;1.52;1.00;0;1350.0;27.75;75.75;14.25;0;13.69;14.29;16.65;35.97;2.58;86818.0;0;0;61.0;4509.0;965.75;820.30;1.0;1.0;0;1.0;0;0;1.0;0;0;1.0;0;0;1.0;1.0;0;0;1.0;0;0
237029;1.46;0.99;0;1355.0;27.75;75.75;14.25;0;13.61;14.01;12.08;27.59;2.58;86818.0;0;0;60.0;4532.0;965.71;742.17;1.0;1.0;0;1.0;1.0;0;1.0;0;0;1.0;0;0;1.0;1.0;0;0;1.0;0;0
237539;1.51;0.98;0;1285.0;27.75;75.75;18.0;0;14.24;14.29;13.22;22.42;2.58;86818.0;0;0;59.0;4509.0;965.75;78.12;1.0;1.0;0;1.0;0;0;1.0;0;0;1.0;0;0;1.0;1.0;0;0;0;0;0
238059;1.59;1.00;0;1293.0;27.75;75.75;18.0;0;14.19;14.11;75.36;51.07;2.58;86818.0;0;0;59.0;4495.0;965.67;78.12;1.0;1.0;0;1.0;0;0;1.0;0;0;1.0;0;0;1.0;1.0;0;0;0;0;0
238579;1.76;1.01;0;1376.0;27.75;75.75;12.75;0.78;10.89;14.11;123.78;117.49;2.58;86818.0;0;0;56.0;4535.0;965.67;800.77;1.0;1.0;0;1.0;0;0;1.0;0;0;1.0;0;0;1.0;1.0;0;0;0;0;0
239089;1.65;1.00;0;1322.0;27.75;75.75;12.75;0.78;12.15;14.11;85.56;81.22;2.58;86818.0;0;0;56.0;4512.0;965.63;39.06;1.0;1.0;0;1.0;0;0;1.0;0;0;1.0;0;0;1.0;1.0;0;0;0;0;0
239609;1.95;1.02;0;1243.0;27.75;75.75;12.0;1.17;13.75;14.29;62.33;70.58;2.58;86818.0;0;0;57.0;4500.0;965.67;39.06;1.0;1.0;0;1.0;0;0;1.0;0;0;1.0;0;0;1.0;1.0;0;0;0;0;0
240129;2.76;1.00;0;1505.0;27.75;75.75;12.75;3.52;18.58;14.11;55.66;58.10;2.58;86818.0;0;0;58.0;4583.0;965.67;898.42;1.0;1.0;0;1.0;0;0;1.0;0;0;1.0;0;0;1.0;1.0;0;0;0;0;0
240639;2.66;0.99;0;1584.0;27.75;75.75;13.5;3.52;18.78;14.11;65.95;78.66;2.58;86818.0;0;0;55.0;4555.0;965.63;546.86;1.0;1.0;0;1.0;0;0;1.0;0;0;1.0;0;0;1.0;1.0;0;0;0;0;0
241159;1.39;1.00;0;1363.0;27.75;75.75;17.25;0;13.45;14.20;121.73;82.72;2.58;86818.0;0;0;55.0;4466.0;965.63;39.06;1.0;1.0;0;1.0;0;0;1.0;0;0;1.0;0;0;1.0;1.0;0;0;0;0;0
241679;1.67;1.01;0;1327.0;27.75;75.75;12.75;0.78;12.11;14.29;161.61;72.30;2.58;86818.0;0;0;59.0;4520.0;965.63;917.95;1.0;1.0;0;1.0;0;0;1.0;0;0;1.0;0;0;1.0;1.0;0;0;0;0;0
242239;1.32;1.00;0;1479.0;27.75;75.75;17.25;0;13.32;14.11;133.70;57.47;2.58;86818.0;0;0;55.0;4519.0;965.59;39.06;1.0;1.0;0;1.0;0;0;1.0;0;0;1.0;0;0;1.0;1.0;0;0;0;0;0
242759;1.50;1.01;0;1291.0;27.75;75.75;18.0;0;13.73;14.20;117.00;56.51;2.58;86818.0;0;0;55.0;4489.0;965.59;820.30;1.0;1.0;0;1.0;0;0;1.0;0;0;1.0;0;0;1.0;1.0;0;0;0;0;0
243269;1.48;0.99;0;1292.0;27.75;75.75;18.0;0;13.79;14.20;98.91;45.87;2.58;86818.0;0;0;57.0;4506.0;965.59;820.30;1.0;1.0;0;1.0;0;0;1.0;0;0;1.0;0;0;1.0;1.0;0;0;0;0;0
243789;1.49;0.98;0;1296.0;27.75;75.75;18.0;0;13.86;14.29;80.28;37.43;2.58;86818.0;0;0;57.0;4500.0;965.59;703.11;1.0;1.0;0;1.0;0;0;1.0;0;0;1.0;0;0;1.0;1.0;0;0;0;0;0
244349;1.48;0.98;0;1277.0;27.75;75.75;20.25;0;14.26;14.20;61.65;32.96;2.58;86818.0;0;0;59.0;4532.0;965.59;39.06;1.0;1.0;0;1.0;1.0;0;1.0;0;0;1.0;0;0;1.0;1.0;0;0;1.0;0;0
244869;1.46;0.99;0;1335.0;27.75;75.75;14.25;0;13.34;14.29;83.72;33.92;2.58;86818.0;0;0;57.0;4503.0;965.59;58.59;1.0;1.0;0;1.0;0;0;1.0;0;0;1.0;0;0;1.0;1.0;0;0;0;0;0
245389;1.56;1.01;0;1316.0;27.75;75.75;16.5;0;13.74;14.20;75.40;28.82;2.58;86818.0;0;0;57.0;4522.0;965.59;78.12;1.0;1.0;0;1.0;0;0;1.0;0;0;1.0;0;0;1.0;1.0;0;0;0;0;0
245909;1.28;1.02;0;1518.0;27.75;75.75;17.25;0;13.43;14.11;65.58;22.10;2.58;86818.0;0;0;52.0;4561.0;965.59;761.70;1.0;1.0;0;1.0;0;0;1.0;0;0;1.0;0;0;1.0;1.0;0;0;0;0;0
246429;1.6;1.01;0;1284.0;27.75;76.5;18.0;0;13.84;14.29;58.49;18.28;2.58;86818.0;0;0;57.0;4492.0;965.59;839.83;1.0;1.0;0;1.0;0;0;1.0;0;0;1.0;0;0;1.0;1.0;0;0;0;0;0
246939;2.67;1.00;0;1618.0;27.75;76.5;13.5;3.13;17.14;13.92;44.89;20.56;2.82;86818.0;0;0;55.0;4558.0;965.59;878.89;1.0;1.0;0;1.0;0;0;1.0;0;0;1.0;0;0;0;1.0;0;0;0;0;0
247479;2.83;0.99;0;1699.0;27.75;76.5;13.5;4.70;19.69;14.20;68.49;33.16;2.58;86818.0;0;0;55.0;4558.0;965.59;97.65;1.0;1.0;0;1.0;0;0;1.0;0;0;1.0;0;0;1.0;1.0;0;0;0;0;0
247999;2.75;1.01;0;1968.0;27.75;76.5;17.25;5.09;19.54;14.01;130.20;61.83;2.58;86818.0;0;0;55.0;4499.0;965.59;722.64;1.0;1.0;0;1.0;1.0;0;1.0;0;0;1.0;0;0;1.0;1.0;0;0;1.0;0;0
248559;1.55;1.00;3.0;1307.0;27.75;76.5;19.5;0;13.90;14.01;133.25;85.99;2.58;86818.0;4.0;4.0;56.0;4477.0;965.59;58.59;1.0;1.0;0;1.0;0;0;1.0;0;0;1.0;0;0;1.0;1.0;0;0;0;0;0
249079;2.54;1.00;2.0;1220.0;27.75;76.5;12.75;1.56;14.49;14.20;100.32;75.13;2.58;86818.0;3.0;3.0;56.0;4511.0;965.59;917.95;1.0;1.0;0;1.0;1.0;0;1.0;0;0;1.0;0;0;1.0;1.0;0;0;1.0;0;0
249589;1.44;0.98;0;1323.0;27.75;76.5;15.0;0;13.20;14.20;84.93;63.29;2.58;86818.0;0;0;55.0;4496.0;965.59;839.83;1.0;1.0;0;1.0;0;0;1.0;0;0;1.0;0;0;1.0;1.0;0;0;0;0;0
250109;1.45;0.97;0;1307.0;27.75;76.5;15.75;0;13.36;14.11;85.93;84.52;2.58;86818.0;0;0;56.0;4491.0;965.59;664.05;1.0;1.0;0;1.0;1.0;0;1.0;0;0;1.0;0;0;1.0;1.0;0;0;1.0;0;0
250630;1.46;0.97;0;1291.0;27.75;76.5;16.5;0;13.52;14.20;83.80;73.12;2.58;86818.0;0;0;55.0;4506.0;965.67;39.06;1.0;1.0;0;1.0;0;0;1.0;0;0;1.0;0;0;1.0;1.0;0;0;0;0;0
251149;1.47;0.99;0;1283.0;27.75;76.5;17.25;0;13.67;14.20;104.46;95.03;2.58;86818.0;0;0;56.0;4509.0;965.63;39.06;1.0;1.0;0;1.0;0;0;1.0;0;0;1.0;0;0;1.0;1.0;0;0;0;0;0
251708;1.52;1.00;0;1249.0;27.75;76.5;20.25;0;14.18;14.11;80.22;69.23;2.58;86818.0;0;0;57.0;4518.0;965.63;58.59;1.0;1.0;0;1.0;0;0;1.0;0;0;1.0;0;0;1.0;1.0;0;0;0;0;0
252229;1.52;1.02;0;1293.0;27.75;76.5;17.25;0;13.71;14.11;55.46;58.02;2.58;86818.0;0;0;57.0;4521.0;965.63;58.59;1.0;1.0;0;1.0;0;0;1.0;0;0;1.0;0;0;1.0;1.0;0;0;0;0;0
252739;1.6;1.04;0;1308.0;27.75;76.5;15.75;0;13.40;14.29;42.57;42.24;2.58;86818.0;0;0;56.0;4522.0;965.59;585.93;1.0;1.0;0;1.0;0;0;1.0;0;0;1.0;0;0;1.0;1.0;0;0;0;0;0
253259;1.51;1.02;0;1323.0;27.75;76.5;15.0;0;13.31;14.11;33.22;34.78;2.58;86818.0;0;0;57.0;4486.0;965.59;820.30;1.0;1.0;0;1.0;0;0;1.0;0;0;1.0;0;0;1.0;1.0;0;0;0;0;0
253779;1.36;1.00;0;1416.0;27.75;76.5;19.5;0;13.30;14.11;31.07;26.22;2.58;86818.0;0;0;53.0;4520.0;965.59;859.36;1.0;1.0;0;1.0;0;0;1.0;0;0;1.0;0;0;1.0;1.0;0;0;0;0;0
254339;5.09;1.00;0;1911.0;27.75;76.5;11.25;9.80;28.27;14.01;39.09;25.31;2.58;86818.0;0;0;55.0;4484.0;965.59;917.95;1.0;1.0;0;1.0;0;0;1.0;0;0;1.0;0;0;1.0;1.0;0;0;0;0;0
254859;5.31;1.00;0;1973.0;27.75;76.5;9.75;18.04;36.12;13.92;72.65;49.29;2.82;86818.0;0;0;55.0;4516.0;965.59;859.36;1.0;1.0;0;1.0;0;0;1.0;0;0;1.0;0;0;1.0;1.0;0;0;0;0;0
255379;4.09;1.00;12.0;1907.0;27.75;76.5;12.0;12.94;33.34;14.01;177.60;148.42;2.58;86818.0;12.0;13.0;55.0;4539.0;965.59;820.30;1.0;1.0;0;1.0;0;0;1.0;0;0;1.0;0;0;1.0;1.0;0;0;0;0;0
255889;3.62;0.98;18.0;2067.0;27.75;77.25;16.5;10.58;28.71;13.92;222.05;223.05;2.82;86818.0;18.0;19.0;54.0;4505.0;965.59;839.83;1.0;1.0;0;1.0;0;0;1.0;0;0;1.0;0;0;1.0;1.0;0;0;0;0;0
256409;3.11;0.95;23.0;2604.0;27.75;77.25;27.0;10.58;25.62;13.92;252.36;266.68;2.82;86818.0;23.0;24.0;54.0;4453.0;965.59;644.52;1.0;1.0;0;1.0;0;0;1.0;0;0;1.0;0;0;1.0;1.0;0;0;0;0;0
256929;2.95;0.95;27.0;3027.0;27.75;77.25;32.25;10.58;25.06;13.92;228.54;310.13;2.82;86818.0;27.0;27.0;54.0;4529.0;965.75;488.27;1.0;1.0;0;1.0;0;0;1.0;0;0;1.0;0;0;1.0;1.0;0;0;0;0;0
257449;2.91;0.95;31.0;3392.0;27.75;77.25;34.5;10.58;24.38;13.92;242.11;334.70;2.82;86818.0;30.0;31.0;54.0;4522.0;965.75;800.77;1.0;1.0;0;1.0;0;0;1.0;0;0;1.0;0;0;1.0;1.0;0;0;0;0;0
257959;2.94;0.92;33.0;3671.0;27.75;77.25;36.0;12.55;25.47;13.82;284.68;285.00;2.82;86818.0;33.0;33.0;54.0;4523.0;965.71;117.18;1.0;1.0;0;1.0;0;0;1.0;0;0;1.0;0;0;1.0;1.0;0;0;0;0;0
258479;3.08;0.97;36.0;3922.0;27.75;77.25;38.25;12.55;25.38;13.82;244.80;315.21;2.82;86818.0;36.0;36.0;54.0;4546.0;965.67;839.83;1.0;1.0;0;1.0;0;0;1.0;0;0;1.0;0;0;1.0;1.0;0;0;0;0;0
258999;4.35;1.00;38.0;4251.0;27.75;77.25;33.0;19.21;31.02;13.92;252.83;263.10;2.82;86818.0;37.0;39.0;54.0;4654.0;965.63;195.31;1.0;1.0;0;1.0;0;0;1.0;0;0;0;0;0;1.0;1.0;0;0;0;0;0
259519;4.76;1.00;38.0;3767.0;27.75;77.25;36.0;13.72;26.33;13.92;228.09;300.93;2.82;86818.0;39.0;39.0;54.0;4441.0;965.75;878.89;2.0;1.0;0;1.0;0;0;1.0;0;0;1.0;0;0;1.0;1.0;0;0;0;0;0
260029;4.60;1.01;43.0;3449.0;27.75;77.25;24.75;21.96;34.29;13.82;220.92;322.69;2.82;86818.0;43.0;44.0;54.0;4455.0;965.71;156.24;2.0;1.0;0;1.0;0;0;1.0;0;0;1.0;0;0;1.0;1.0;0;0;0;0;0
260549;4.60;1.03;47.0;3687.0;27.75;77.25;26.25;21.96;34.26;13.82;212.83;331.63;2.82;86818.0;46.0;47.0;54.0;4522.0;965.67;859.36;2.0;1.0;0;1.0;0;0;1.0;0;0;1.0;0;0;1.0;1.0;0;0;0;0;0
261069;3.89;0.95;50.0;3917.0;27.75;77.25;31.5;20.00;31.74;13.73;160.84;311.60;2.82;86818.0;48.0;50.0;54.0;4582.0;965.67;585.93;2.0;1.0;0;1.0;0;0;1.0;0;0;1.0;0;0;1.0;1.0;0;0;0;0;0
261589;3.86;0.94;52.0;4129.0;27.75;77.25;31.5;19.61;32.24;13.92;240.06;321.67;2.82;86818.0;52.0;53.0;54.0;4607.0;965.63;97.65;2.0;1.0;0;1.0;0;0;1.0;0;0;1.0;0;0;1.0;1.0;0;0;0;0;0
262149;5.01;1.00;56.0;4360.0;27.75;77.25;26.25;27.45;37.65;13.92;294.90;339.60;2.82;86818.0;55.0;56.0;54.0;4498.0;965.63;117.18;2.0;1.0;0;1.0;0;0;1.0;0;0;1.0;0;0;1.0;1.0;0;0;0;0;0
262669;4.62;1.00;58.0;3596.0;27.75;77.25;25.5;22.35;34.66;13.82;334.13;335.97;2.82;86818.0;56.0;59.0;54.0;4431.0;965.67;839.83;3.0;1.0;0;1.0;0;0;1.0;0;0;1.0;0;0;1.0;1.0;0;0;0;0;0
263189;4.39;0.93;61.0;3695.0;27.75;78.0;24.75;23.53;35.72;13.82;348.21;318.18;2.82;86818.0;59.0;61.0;54.0;4515.0;965.63;78.12;3.0;1.0;0;1.0;0;0;1.0;0;0;1.0;0;0;1.0;1.0;0;0;0;0;0
263699;4.51;0.99;63.0;3851.0;27.75;78.0;26.25;23.13;35.38;13.92;352.28;327.79;2.82;86818.0;61.0;63.0;54.0;4548.0;965.63;781.24;3.0;1.0;0;1.0;0;0;1.0;0;0;1.0;0;0;1.0;1.0;0;0;0;0;0
264219;4.36;0.97;65.0;3945.0;27.75;78.0;27.75;22.35;34.63;13.73;327.22;307.75;2.82;86818.0;64.0;65.0;54.0;4548.0;965.63;703.11;3.0;1.0;0;1.0;0;0;1.0;0;0;1.0;0;0;1.0;1.0;0;0;0;0;0
264739;4.24;0.98;66.0;4014.0;27.75;78.0;30.0;21.57;33.66;13.92;285.13;343.47;2.82;86818.0;65.0;66.0;54.0;4552.0;965.59;761.70;3.0;1.0;0;1.0;0;0;1.0;0;0;1.0;0;0;1.0;1.0;0;0;0;0;0
265259;6.22;1.00;68.0;4180.0;27.75;78.0;19.5;32.94;42.76;13.82;205.51;287.03;2.82;86818.0;67.0;68.0;54.0;4537.0;965.59;859.36;3.0;1.0;0;1.0;0;0;1.0;0;0;0;0;0;1.0;1.0;0;0;0;0;0
265768;3.94;0.99;67.0;3487.0;27.75;78.75;27.75;19.61;30.10;13.92;118.62;239.14;2.82;86818.0;66.0;67.0;53.0;4408.0;965.59;820.30;4.0;1.0;0;1.0;0;0;1.0;0;0;0;0;0;1.0;1.0;0;0;0;0;0
266288;3.60;0.92;68.0;3572.0;27.75;78.75;29.25;19.21;29.94;14.01;60.03;114.32;2.58;86818.0;67.0;69.0;53.0;4493.0;965.59;449.21;4.0;1.0;0;1.0;0;0;1.0;0;0;0;0;0;1.0;1.0;0;0;0;0;0
266808;3.68;0.95;70.0;3597.0;27.75;78.75;29.25;19.21;29.94;13.92;27.14;51.77;2.82;86818.0;69.0;70.0;53.0;4495.0;965.59;78.12;4.0;1.0;0;1.0;0;0;1.0;0;0;0;0;0;1.0;1.0;0;0;0;0;0
267329;3.87;1.01;71.0;3818.0;27.75;78.75;30.75;19.21;29.85;14.01;12.24;23.37;2.58;86818.0;71.0;71.0;53.0;4521.0;965.52;742.17;4.0;1.0;0;1.0;0;0;1.0;0;0;0;0;0;1.0;1.0;0;0;0;0;0
267849;3.91;1.00;71.0;3700.0;27.75;79.5;30.0;19.61;30.28;13.82;6.56;9.92;2.82;86818.0;72.0;71.0;53.0;4523.0;965.48;820.30;4.0;1.0;0;1.0;0;0;1.0;0;0;0;0;0;1.0;1.0;0;0;0;0;0
268359;3.69;0.97;72.0;3773.0;27.75;79.5;30.75;19.21;29.58;13.92;4.39;4.58;2.82;86818.0;72.0;73.0;53.0;4522.0;965.20;781.24;4.0;1.0;0;1.0;0;0;1.0;0;0;0;0;0;1.0;1.0;0;0;0;0;0
268880;3.57;0.95;73.0;3830.0;27.75;79.5;30.75;18.82;29.21;13.92;1.79;1.97;2.82;86818.0;73.0;73.0;53.0;4530.0;964.97;742.17;4.0;1.0;0;1.0;0;0;1.0;0;0;0;0;0;1.0;1.0;0;0;0;0;0
269398;3.58;0.96;75.0;3857.0;27.75;79.5;32.25;18.43;28.83;13.92;0.66;2.53;2.82;86818.0;73.0;75.0;53.0;4520.0;964.77;820.30;4.0;1.0;0;1.0;0;0;1.0;0;0;0;0;0;1.0;1.0;0;0;0;0;0
269958;3.60;0.96;75.0;3919.0;27.75;79.5;32.25;18.43;28.76;14.01;0.19;0.99;2.58;86818.0;74.0;76.0;53.0;4512.0;964.66;800.77;4.0;1.0;0;1.0;0;0;1.0;0;0;0;0;0;1.0;1.0;0;0;0;0;0
270478;3.55;0.95;76.0;3961.0;27.75;80.25;33.0;18.04;28.88;13.92;0;1.46;2.82;86818.0;75.0;76.0;52.0;4531.0;964.54;664.05;4.0;1.0;0;1.0;0;0;1.0;0;0;0;0;0;1.0;1.0;0;0;0;0;0
270998;3.63;0.96;76.0;3988.0;27.75;80.25;32.25;18.43;29.32;13.92;0;0.48;2.82;86818.0;75.0;77.0;52.0;4520.0;964.50;781.24;4.0;1.0;0;1.0;0;0;1.0;0;0;0;0;0;1.0;1.0;0;0;0;0;0
271520;4.39;0.97;77.0;4011.0;27.75;80.25;27.75;23.13;34.20;13.92;0;1.34;2.82;86818.0;76.0;78.0;52.0;4563.0;964.46;488.27;4.0;1.0;0;1.0;0;0;1.0;0;0;0;0;0;1.0;1.0;0;0;0;0;0
272059;5.16;1.01;78.0;4062.0;27.75;80.25;24.0;27.45;38.38;13.82;0;1.60;2.82;86818.0;77.0;79.0;52.0;4585.0;964.42;195.31;4.0;1.0;0;1.0;0;0;1.0;0;0;0;0;0;1.0;1.0;0;0;0;0;0
272579;4.21;1.00;77.0;3602.0;27.75;81.0;30.0;18.04;28.38;13.73;0.95;0.58;2.82;86818.0;77.0;78.0;52.0;4365.0;964.38;859.36;5.0;1.0;0;1.0;0;0;1.0;0;0;0;0;0;1.0;1.0;0;0;0;0;0
273088;4.08;0.95;77.0;3584.0;27.75;81.0;26.25;21.96;32.34;13.82;0.33;0.17;2.82;86818.0;76.0;78.0;52.0;4464.0;964.23;351.55;5.0;1.0;0;1.0;0;0;1.0;0;0;0;0;0;1.0;1.0;0;0;0;0;0
273609;4.32;1.00;78.0;3616.0;27.75;81.0;25.5;22.35;32.63;13.82;0.03;0;2.82;86818.0;77.0;78.0;52.0;4506.0;964.11;800.77;5.0;1.0;0;1.0;0;0;1.0;0;0;0;0;0;1.0;1.0;0;0;0;0;0
274128;4.15;0.96;78.0;3629.0;27.75;81.0;26.25;22.35;32.86;13.92;0;0;2.82;86818.0;76.0;79.0;52.0;4504.0;963.87;195.31;5.0;1.0;0;1.0;0;0;1.0;0;0;0;0;0;1.0;1.0;0;0;0;0;0
274649;4.20;0.98;77.0;3583.0;27.75;81.0;26.25;21.96;32.63;14.01;0;0;2.58;86818.0;77.0;78.0;52.0;4516.0;963.64;664.05;5.0;1.0;0;1.0;0;0;1.0;0;0;0;0;0;1.0;1.0;0;0;0;0;0
275188;4.14;0.99;78.0;3615.0;27.75;81.0;27.0;21.57;32.13;13.73;0;0;2.82;86818.0;77.0;78.0;52.0;4522.0;963.44;605.46;5.0;1.0;0;1.0;0;0;1.0;0;0;0;0;0;1.0;1.0;0;0;0;0;0
275709;3.99;0.98;78.0;3622.0;27.75;81.75;28.5;20.78;31.26;13.92;0;0;2.82;86818.0;78.0;79.0;52.0;4514.0;963.37;761.70;5.0;1.0;0;1.0;0;0;1.0;0;0;0;0;0;1.0;1.0;0;0;0;0;0
276229;3.32;0.90;78.0;3625.0;27.75;81.75;30.0;18.43;28.83;13.92;0;2.08;2.82;86818.0;78.0;79.0;52.0;4523.0;963.29;312.49;5.0;1.0;0;1.0;0;0;1.0;0;0;0;0;0;1.0;1.0;0;0;0;0;0
276739;3.50;0.95;78.0;3645.0;27.75;81.75;30.75;18.04;28.53;13.92;0;2.38;2.82;86818.0;78.0;79.0;52.0;4497.0;963.21;683.58;5.0;1.0;0;1.0;0;0;1.0;0;0;0;0;0;1.0;1.0;0;0;0;0;0
277259;3.32;0.93;78.0;3648.0;27.75;81.75;31.5;17.25;27.74;13.92;0;0.82;2.82;86818.0;78.0;79.0;52.0;4514.0;963.17;703.11;5.0;1.0;0;1.0;0;0;1.0;0;0;0;0;0;1.0;1.0;0;0;0;0;0
277779;3.08;0.91;78.0;3641.0;27.75;81.75;33.75;15.68;26.27;13.92;0;0.27;2.82;86818.0;78.0;79.0;52.0;4503.0;963.17;195.31;5.0;1.0;0;1.0;0;0;1.0;0;0;0;0;0;1.0;1.0;0;0;0;0;0
278299;3.18;0.94;80.0;3664.0;27.75;81.75;33.75;15.68;26.29;13.82;2.32;0;2.82;86818.0;78.0;80.0;52.0;4495.0;963.13;644.52;5.0;1.0;0;1.0;0;0;1.0;0;0;0;0;0;1.0;1.0;0;0;0;0;0
278819;3.10;0.96;78.0;3652.0;27.75;81.75;34.5;14.11;25.26;14.01;0.95;0;2.58;86818.0;79.0;79.0;52.0;4533.0;963.13;800.77;5.0;1.0;0;1.0;0;0;1.0;0;0;0;0;0;1.0;1.0;0;0;0;0;0
279379;2.50;0.88;78.0;3645.0;27.75;82.5;36.75;10.98;22.78;13.92;51.14;20.19;2.82;86818.0;78.0;79.0;51.0;4506.0;963.09;683.58;5.0;1.0;0;1.0;0;0;1.0;0;0;0;0;0;1.0;1.0;0;0;0;0;0
279899;2.16;1.00;77.0;3585.0;27.75;82.5;40.5;6.66;17.34;13.82;230.16;183.38;2.82;86818.0;77.0;78.0;51.0;4497.0;963.09;878.89;5.0;1.0;0;1.0;0;0;1.0;0;0;0;0;0;1.0;1.0;0;0;0;0;0
280419;0.53;1.00;75.0;3455.0;27.75;82.5;40.5;0;9.35;14.01;286.05;246.87;2.58;86818.0;75.0;75.0;51.0;4551.0;963.02;859.36;5.0;1.0;0;1.0;0;0;1.0;0;0;0;0;0;1.0;1.0;0;0;0;0;0
280929;0.59;1.00;71.0;3273.0;27.75;82.5;-30.0;0;0;14.01;324.13;220.49;2.58;86818.0;71.0;71.0;51.0;4524.0;962.74;0;5.0;1.0;0;1.0;0;0;1.0;0;0;0;0;0;1.0;1.0;0;0;0;0;0
281449;0.64;1.00;67.0;3132.0;27.75;82.5;-30.0;0;0;14.20;341.61;262.85;2.58;86818.0;68.0;68.0;51.0;4498.0;962.55;0;5.0;1.0;0;1.0;0;0;1.0;0;0;0;0;0;1.0;1.0;0;0;0;0;0
281969;0.67;1.00;63.0;2944.0;27.75;82.5;-30.0;0;0;14.01;338.90;283.61;2.58;86818.0;64.0;64.0;51.0;4511.0;962.35;0;5.0;1.0;0;1.0;0;0;1.0;0;0;0;0;0;1.0;1.0;0;0;0;0;0
282489;0.70;1.00;58.0;2726.0;27.75;82.5;-30.0;0;0;14.11;313.08;284.70;2.58;86818.0;59.0;59.0;51.0;4540.0;962.19;0;5.0;1.0;0;1.0;0;0;1.0;0;0;1.0;0;0;1.0;1.0;0;0;0;0;0
283009;1.05;1.00;52.0;2407.0;27.75;82.5;9.0;0;12.34;14.11;336.38;309.10;2.58;86818.0;52.0;52.0;69.0;4253.0;962.12;0;5.0;1.0;0;1.0;0;0;1.0;0;0;1.0;0;0;1.0;1.0;0;0;0;0;0
283531;1.00;1.00;46.0;2126.0;27.75;83.25;15.0;0;12.34;13.92;260.92;242.09;2.82;86818.0;46.0;46.0;49.0;4315.0;962.04;19.53;5.0;1.0;0;1.0;0;0;1.0;0;0;1.0;0;0;1.0;1.0;0;0;0;0;0
284039;1.09;1.00;40.0;1862.0;27.75;83.25;14.25;0;12.27;14.11;161.78;158.85;2.58;86818.0;40.0;40.0;46.0;4414.0;962.00;58.59;5.0;1.0;0;1.0;0;0;1.0;0;0;1.0;0;0;1.0;1.0;0;0;0;0;0
284559;1.19;1.01;36.0;1683.0;27.75;83.25;14.25;0;12.27;14.01;124.83;130.38;2.58;86818.0;36.0;36.0;48.0;4489.0;961.96;683.58;5.0;1.0;0;1.0;0;0;1.0;0;0;1.0;0;0;1.0;1.0;0;0;0;0;0
285079;1.26;1.00;32.0;1518.0;27.75;83.25;15.0;0;12.25;14.01;94.07;101.67;2.58;86818.0;32.0;32.0;46.0;4484.0;961.92;859.36;5.0;1.0;0;1.0;0;0;1.0;0;0;1.0;0;0;1.0;1.0;0;0;0;0;0
285599;1.35;0.98;28.0;1395.0;27.75;83.25;15.0;0;12.29;14.20;84.44;122.45;2.58;86818.0;29.0;29.0;48.0;4485.0;961.92;859.36;5.0;1.0;0;1.0;0;0;1.0;0;0;1.0;0;0;1.0;1.0;0;0;0;0;0
286119;1.42;0.97;26.0;1257.0;27.75;83.25;15.0;0;12.27;14.29;86.28;114.05;2.58;86818.0;26.0;26.0;47.0;4487.0;961.92;722.64;5.0;1.0;0;1.0;0;0;1.0;0;0;1.0;0;0;1.0;1.0;0;0;0;0;0
286639;1.42;0.96;22.0;1209.0;27.75;83.25;18.0;0;12.88;14.20;92.47;127.04;2.58;86818.0;23.0;23.0;48.0;4515.0;961.88;78.12;4.0;1.0;0;1.0;0;0;1.0;0;0;1.0;0;0;1.0;1.0;0;0;0;0;0
287198;1.6;0.98;20.0;1189.0;27.75;83.25;21.0;0;13.36;14.20;67.37;92.57;2.58;86818.0;20.0;20.0;49.0;4504.0;961.88;39.06;4.0;1.0;0;1.0;1.0;0;1.0;0;0;1.0;0;0;1.0;1.0;0;0;1.0;0;0
287719;1.49;0.99;17.0;1246.0;27.75;83.25;16.5;0;12.33;14.29;51.73;71.10;2.58;86818.0;18.0;18.0;49.0;4524.0;961.88;58.59;4.0;1.0;0;1.0;0;0;1.0;0;0;1.0;0;0;1.0;1.0;0;0;0;0;0
288239;1.69;1.01;16.0;1155.0;27.75;83.25;24.0;0;13.92;14.29;39.72;54.58;2.58;86818.0;17.0;17.0;50.0;4523.0;961.88;78.12;3.0;1.0;0;1.0;0;0;1.0;0;0;1.0;0;0;1.0;1.0;0;0;0;0;0
288749;1.59;1.02;16.0;1238.0;27.75;83.25;17.25;0;13.00;14.20;42.51;39.72;2.58;86818.0;16.0;16.0;52.0;4506.0;961.88;820.30;3.0;1.0;0;1.0;0;0;1.0;0;0;1.0;0;0;1.0;1.0;0;0;0;0;0
289269;1.45;1.00;16.0;1259.0;27.75;83.25;15.0;0;12.62;14.11;41.54;39.39;2.58;86818.0;16.0;16.0;51.0;4519.0;961.88;742.17;3.0;1.0;0;1.0;1.0;0;1.0;0;0;1.0;0;0;1.0;1.0;0;0;1.0;0;0
289839;1.48;0.98;15.0;1260.0;27.75;83.25;15.0;0;12.62;14.29;32.43;46.14;2.58;86818.0;16.0;16.0;50.0;4501.0;961.88;117.18;2.0;1.0;0;1.0;0;0;1.0;0;0;1.0;0;0;1.0;1.0;0;0;0;0;0
290359;3.84;1.00;15.0;1580.0;27.75;83.25;8.25;5.88;20.22;14.29;27.40;59.93;2.58;86818.0;15.0;15.0;51.0;4569.0;961.88;917.95;2.0;1.0;0;1.0;0;0;1.0;0;0;1.0;0;0;1.0;1.0;0;0;0;0;0
290869;3.36;0.99;17.0;2056.0;27.75;83.25;18.75;8.23;25.08;14.01;99.36;137.41;2.58;86818.0;18.0;18.0;51.0;4541.0;961.88;839.83;2.0;1.0;0;1.0;0;0;1.0;0;0;1.0;0;0;1.0;1.0;0;0;0;0;0
291390;3.60;0.96;21.0;1776.0;27.75;83.25;12.75;8.62;28.23;14.20;98.17;194.94;2.58;86818.0;21.0;21.0;51.0;4535.0;961.88;429.68;2.0;1.0;0;1.0;0;0;1.0;0;0;1.0;0;0;1.0;1.0;0;0;0;0;0
291909;3.51;0.98;25.0;1982.0;27.75;83.25;17.25;9.02;27.34;13.92;175.96;195.14;2.82;86818.0;25.0;25.0;51.0;4467.0;961.88;58.59;2.0;1.0;0;1.0;0;0;1.0;0;0;1.0;0;0;1.0;1.0;0;0;0;0;0
292429;3.14;0.98;28.0;2247.0;27.75;83.25;21.0;8.62;24.78;14.01;210.16;257.93;2.58;86818.0;28.0;29.0;51.0;4436.0;961.88;722.64;2.0;1.0;0;1.0;0;0;1.0;0;0;1.0;0;0;1.0;1.0;0;0;0;0;0
292949;2.44;0.99;30.0;2408.0;27.75;83.25;24.0;5.49;19.16;13.92;245.02;292.07;2.82;86818.0;30.0;31.0;51.0;4497.0;961.88;839.83;2.0;1.0;0;1.0;0;0;1.0;0;0;1.0;0;0;1.0;1.0;0;0;0;0;0
293469;2.16;0.99;32.0;2516.0;27.75;83.25;25.5;5.09;17.38;13.92;227.23;318.76;2.82;86818.0;32.0;32.0;51.0;4513.0;961.88;859.36;2.0;1.0;0;1.0;0;0;1.0;0;0;1.0;0;0;1.0;1.0;0;0;0;0;0
293979;2.03;0.96;33.0;2570.0;27.75;83.25;26.25;4.70;16.55;13.92;239.35;299.76;2.82;86818.0;33.0;33.0;51.0;4493.0;961.88;742.17;2.0;1.0;0;1.0;1.0;0;1.0;0;0;1.0;0;0;1.0;1.0;0;0;1.0;0;0
294499;1.08;1.00;32.0;1788.0;27.75;83.25;15.0;0;12.39;14.01;192.72;291.42;2.58;86818.0;33.0;33.0;48.0;4568.0;961.88;78.12;2.0;1.0;0;1.0;0;0;1.0;0;0;1.0;0;0;1.0;1.0;0;0;0;0;0
295069;0.93;1.00;27.0;2177.0;27.75;83.25;15.0;0;12.30;13.92;133.25;225.43;2.82;86818.0;28.0;28.0;48.0;4538.0;961.88;761.70;2.0;1.0;0;1.0;0;0;1.0;0;0;1.0;0;0;1.0;1.0;0;0;0;0;0
295639;1.25;0.99;23.0;1556.0;27.75;83.25;14.25;0;12.33;14.20;91.94;138.15;2.58;86818.0;24.0;24.0;47.0;4488.0;961.88;839.83;2.0;1.0;0;1.0;0;0;1.0;0;0;1.0;0;0;1.0;1.0;0;0;0;0;0
296200;2.21;1.00;21.0;1802.0;27.75;83.25;4.5;2.74;12.12;14.01;122.45;129.11;2.58;86818.0;22.0;22.0;51.0;4568.0;961.88;878.89;2.0;1.0;0;1.0;0;0;1.0;0;0;1.0;0;0;1.0;1.0;0;0;0;0;0
296769;3.47;0.99;22.0;1806.0;27.75;83.25;2.25;7.05;19.33;14.11;180.22;202.95;2.58;86818.0;23.0;23.0;51.0;4522.0;961.88;859.36;2.0;1.0;0;1.0;0;0;1.0;0;0;1.0;0;0;1.0;1.0;0;0;0;0;0
297279;3.46;0.97;25.0;1967.0;27.75;83.25;15.75;8.62;26.37;14.01;199.83;241.62;2.58;86818.0;25.0;25.0;51.0;4496.0;961.88;664.05;2.0;1.0;0;1.0;0;0;1.0;0;0;1.0;0;0;1.0;1.0;0;0;0;0;0
297799;2.92;0.95;27.0;2145.0;27.75;83.25;19.5;7.45;22.97;14.01;242.21;284.22;2.58;86818.0;27.0;28.0;51.0;4465.0;961.88;117.18;2.0;1.0;0;1.0;0;0;1.0;0;0;1.0;0;0;1.0;1.0;0;0;0;0;0
298319;0.52;1.00;28.0;2469.0;27.75;83.25;17.25;0;12.28;13.92;288.73;310.56;2.82;86818.0;29.0;29.0;51.0;4620.0;961.88;0;2.0;1.0;0;1.0;0;0;1.0;0;0;1.0;0;0;1.0;1.0;0;0;0;0;0
298839;2.72;1.00;30.0;2118.0;27.75;83.25;17.25;5.49;19.20;13.82;302.77;326.52;2.82;86818.0;30.0;30.0;51.0;4553.0;961.88;859.36;3.0;1.0;0;1.0;0;0;1.0;0;0;1.0;0;0;1.0;1.0;0;0;0;0;0
299359;2.76;0.98;32.0;1996.0;27.75;83.25;17.25;5.49;20.17;13.82;299.84;297.61;2.82;86818.0;32.0;32.0;51.0;4495.0;961.88;683.58;3.0;1.0;0;1.0;0;0;1.0;0;0;1.0;0;0;1.0;1.0;0;0;0;0;0
299879;2.59;0.97;33.0;2088.0;27.75;82.5;19.5;5.49;19.97;14.01;248.67;234.61;2.58;86818.0;34.0;34.0;51.0;4505.0;961.88;78.12;3.0;1.0;0;1.0;0;0;1.0;0;0;1.0;0;0;1.0;1.0;0;0;0;0;0
300399;3.56;1.00;36.0;2242.0;27.75;82.5;20.25;9.80;25.68;13.92;244.35;217.36;2.82;86818.0;36.0;37.0;51.0;4430.0;961.88;878.89;3.0;1.0;0;1.0;0;0;1.0;0;0;1.0;0;0;1.0;1.0;0;0;0;0;0
300908;2.61;0.97;38.0;2385.0;27.75;82.5;23.25;6.27;20.74;13.92;223.28;244.67;2.82;86818.0;39.0;39.0;51.0;4473.0;961.88;839.83;3.0;1.0;0;1.0;0;0;1.0;0;0;1.0;0;0;1.0;1.0;0;0;0;0;0
301428;2.34;0.94;41.0;2521.0;27.75;82.5;25.5;5.88;19.26;13.92;140.61;247.46;2.82;86818.0;41.0;41.0;51.0;4485.0;961.88;527.33;3.0;1.0;0;1.0;0;0;1.0;0;0;1.0;0;0;1.0;1.0;0;0;0;0;0
301948;2.18;0.95;42.0;2629.0;27.75;82.5;27.75;5.49;18.11;13.92;164.91;249.65;2.82;86818.0;42.0;43.0;51.0;4489.0;961.88;195.31;3.0;1.0;0;1.0;0;0;1.0;0;0;1.0;0;0;1.0;1.0;0;0;0;0;0
302468;2.15;0.95;43.0;2703.0;27.75;82.5;29.25;5.49;17.81;13.92;253.10;300.58;2.82;86818.0;43.0;44.0;51.0;4527.0;961.88;800.77;3.0;1.0;0;1.0;0;0;1.0;0;0;1.0;0;0;1.0;1.0;0;0;0;0;0
302989;1.88;0.93;45.0;2752.0;27.75;82.5;30.0;4.70;15.98;14.01;289.66;330.48;2.58;86818.0;45.0;45.0;51.0;4536.0;961.88;820.30;3.0;1.0;0;1.0;0;0;1.0;0;0;1.0;0;0;1.0;1.0;0;0;0;0;0
303509;1.68;0.90;46.0;2796.0;27.75;82.5;30.75;3.92;14.87;14.01;320.68;346.89;2.58;86818.0;46.0;46.0;51.0;4529.0;961.88;761.70;3.0;1.0;0;1.0;0;0;1.0;0;0;1.0;0;0;1.0;1.0;0;0;0;0;0
304029;2.25;0.88;46.0;2823.0;27.75;82.5;31.5;5.88;18.82;14.01;335.99;349.52;2.58;86819.0;46.0;46.0;51.0;4487.0;961.88;878.89;3.0;1.0;0;1.0;0;0;1.0;0;0;1.0;0;0;1.0;1.0;0;0;0;0;0
304538;3.03;0.98;48.0;2970.0;27.75;82.5;32.25;10.19;24.20;13.92;298.65;334.33;2.82;86819.0;48.0;48.0;51.0;4507.0;961.88;839.83;3.0;1.0;0;1.0;0;0;1.0;0;0;1.0;0;0;1.0;1.0;0;0;0;0;0
305058;3.38;0.98;51.0;3139.0;27.75;81.75;30.75;13.72;27.09;13.92;310.72;328.74;2.82;86819.0;51.0;51.0;52.0;4514.0;961.88;742.17;3.0;1.0;0;1.0;0;0;1.0;0;0;1.0;0;0;1.0;1.0;0;0;0;0;0
305579;2.97;0.99;52.0;3113.0;27.75;81.75;33.75;9.80;23.63;13.92;156.59;185.18;2.82;86819.0;53.0;53.0;52.0;4483.0;961.88;859.36;4.0;1.0;0;1.0;0;0;1.0;0;0;1.0;0;0;1.0;1.0;0;0;0;0;0
306098;2.82;0.95;55.0;2854.0;27.75;81.75;30.75;9.41;23.90;13.92;83.13;93.27;2.82;86819.0;55.0;55.0;52.0;4519.0;961.88;703.11;4.0;1.0;0;1.0;0;0;1.0;0;0;1.0;0;0;1.0;1.0;0;0;0;0;0
306618;1.28;1.00;56.0;2904.0;27.75;81.75;32.25;2.74;11.92;13.92;44.09;54.58;2.82;86819.0;55.0;56.0;52.0;4537.0;961.88;878.89;4.0;1.0;0;1.0;0;0;1.0;0;0;1.0;0;0;1.0;1.0;0;0;0;0;0
307139;0.67;1.00;55.0;2842.0;27.75;81.75;-30.0;0;0;13.92;21.01;25.99;2.82;86819.0;55.0;55.0;52.0;4585.0;961.88;605.46;4.0;1.0;0;1.0;0;0;1.0;0;0;1.0;0;0;1.0;1.0;0;0;0;0;0
307658;0.68;1.00;53.0;2792.0;27.75;81.75;-30.0;0;0;14.01;11.05;15.05;2.58;86819.0;54.0;54.0;52.0;4609.0;961.88;0;4.0;1.0;0;1.0;0;0;1.0;0;0;1.0;0;0;1.0;1.0;0;0;0;0;0
308169;1.36;1.00;52.0;2750.0;27.75;81.75;24.75;1.96;9.71;13.92;5.80;8.35;2.82;86819.0;53.0;53.0;52.0;4234.0;961.88;468.74;4.0;1.0;0;1.0;0;0;1.0;0;0;1.0;0;0;1.0;1.0;0;0;0;0;0
308719;1.41;1.00;52.0;2660.0;27.75;81.0;29.25;2.35;10.87;13.92;4.19;3.92;2.82;86819.0;53.0;52.0;52.0;4295.0;961.88;878.89;4.0;1.0;0;1.0;0;0;1.0;0;0;1.0;0;0;1.0;1.0;0;0;0;0;0
309239;0.92;1.00;51.0;2704.0;27.75;81.0;-16.5;0;0.37;14.01;2.14;2.12;2.58;86819.0;52.0;52.0;52.0;4445.0;961.88;761.70;4.0;1.0;0;1.0;0;0;1.0;0;0;1.0;0;0;1.0;1.0;0;0;0;0;0
309749;0.76;1.00;50.0;2602.0;27.75;81.0;-30.0;0;0;14.11;1.11;1.11;2.58;86819.0;50.0;50.0;52.0;4517.0;961.88;0;4.0;1.0;0;1.0;0;0;1.0;0;0;1.0;0;0;1.0;1.0;0;0;0;0;0
310269;1.28;1.00;48.0;2567.0;27.75;81.0;24.0;1.56;8.55;14.01;0.58;0.54;2.58;86819.0;49.0;49.0;52.0;4243.0;961.88;19.53;4.0;1.0;0;1.0;0;0;1.0;0;0;1.0;0;0;1.0;1.0;0;0;0;0;0
310789;1.74;1.00;48.0;2582.0;27.75;81.0;23.25;3.13;12.61;14.01;0.25;0.25;2.58;86819.0;49.0;49.0;52.0;4270.0;961.88;859.36;4.0;1.0;0;1.0;0;0;1.0;0;0;1.0;0;0;1.0;1.0;0;0;0;0;0
311359;2.06;0.98;50.0;2594.0;27.75;81.0;27.0;4.31;15.93;13.92;1.42;2.05;2.82;86819.0;50.0;50.0;52.0;4380.0;961.88;820.30;4.0;1.0;0;1.0;0;0;1.0;0;0;1.0;0;0;1.0;1.0;0;0;0;0;0
311879;2.40;0.95;51.0;2675.0;27.75;80.25;28.5;6.27;19.84;14.01;2.14;0.93;2.58;86819.0;51.0;51.0;52.0;4467.0;961.88;859.36;4.0;1.0;0;1.0;0;0;1.0;0;0;1.0;0;0;1.0;1.0;0;0;0;0;0
312399;2.14;0.92;52.0;2760.0;27.75;80.25;30.75;5.88;18.94;14.01;1.11;2.30;2.58;86819.0;52.0;53.0;52.0;4522.0;961.88;273.43;4.0;1.0;0;1.0;0;0;1.0;0;0;1.0;0;0;1.0;1.0;0;0;0;0;0
312919;1.80;0.93;53.0;2822.0;27.75;80.25;31.5;3.92;16.17;13.92;0.42;1.05;2.82;86819.0;54.0;54.0;52.0;4542.0;961.88;761.70;4.0;1.0;0;1.0;0;0;1.0;0;0;1.0;0;0;1.0;1.0;0;0;0;0;0
313429;1.16;0.91;55.0;2816.0;27.75;80.25;31.5;2.35;10.28;14.01;2.05;0.46;2.58;86819.0;55.0;55.0;52.0;4524.0;961.96;859.36;4.0;1.0;0;1.0;0;0;1.0;0;0;1.0;0;0;1.0;1.0;0;0;0;0;0
313999;0.79;1.00;53.0;2760.0;27.75;80.25;18.75;0;12.72;14.01;2.57;0.19;2.58;86819.0;54.0;54.0;53.0;4524.0;961.96;117.18;4.0;1.0;0;1.0;0;0;1.0;0;0;1.0;0;0;1.0;1.0;0;0;0;0;0
314519;0.8;1.00;52.0;2706.0;27.75;80.25;18.0;0;12.55;14.01;1.11;1.85;2.58;86819.0;53.0;52.0;52.0;4526.0;962.04;39.06;4.0;1.0;0;1.0;0;0;1.0;0;0;1.0;0;0;1.0;1.0;0;0;0;0;0
315039;0.80;1.00;52.0;2684.0;27.75;80.25;18.0;0;12.68;14.01;0.54;0.95;2.58;86819.0;52.0;52.0;52.0;4529.0;962.00;19.53;4.0;1.0;0;1.0;0;0;1.0;0;0;1.0;0;0;1.0;1.0;0;0;0;0;0
315559;0.83;1.00;50.0;2615.0;27.75;80.25;17.25;0;12.59;14.01;0.23;1.99;2.58;86819.0;50.0;50.0;52.0;4499.0;962.16;19.53;4.0;1.0;0;1.0;0;0;1.0;0;0;1.0;0;0;1.0;1.0;0;0;0;0;0
316081;0.83;1.00;47.0;2469.0;27.75;80.25;17.25;0;12.54;13.92;0.01;2.71;2.82;86819.0;47.0;48.0;52.0;4514.0;962.23;39.06;4.0;1.0;0;1.0;0;0;1.0;0;0;1.0;0;0;1.0;1.0;0;0;0;0;0
316599;0.88;1.00;43.0;2294.0;27.75;80.25;15.75;0;12.64;13.92;11.83;5.29;2.82;86819.0;44.0;44.0;52.0;4545.0;962.27;19.53;4.0;1.0;0;1.0;0;0;1.0;0;0;1.0;0;0;1.0;1.0;0;0;0;0;0
317108;0.95;1.00;40.0;2114.0;27.75;80.25;14.25;0;12.58;14.11;22.49;8.41;2.58;86819.0;40.0;40.0;52.0;4552.0;962.35;19.53;4.0;1.0;0;1.0;0;0;1.0;0;0;1.0;0;0;1.0;1.0;0;0;0;0;0
317629;1.12;1.00;35.0;1757.0;27.75;80.25;14.25;0;12.63;14.01;27.34;17.40;2.58;86819.0;35.0;35.0;52.0;4524.0;962.35;19.53;4.0;1.0;0;1.0;0;0;1.0;0;0;1.0;0;0;1.0;1.0;0;0;0;0;0
318149;1.46;1.01;30.0;1259.0;27.75;80.25;18.0;0;13.23;14.29;35.81;14.74;2.58;86819.0;30.0;31.0;50.0;4471.0;962.55;78.12;4.0;1.0;0;1.0;0;0;1.0;0;0;1.0;0;0;1.0;1.0;0;0;0;0;0
318669;1.48;1.01;25.0;1304.0;27.75;80.25;14.25;0;12.55;14.20;31.69;62.20;2.58;86819.0;24.0;25.0;50.0;4516.0;962.70;742.17;4.0;1.0;0;1.0;0;0;1.0;0;0;1.0;0;0;1.0;1.0;0;0;0;0;0
319189;1.38;1.00;16.0;1343.0;27.75;80.25;14.25;0;12.55;14.29;37.41;51.63;2.58;86819.0;17.0;17.0;51.0;4513.0;962.82;722.64;4.0;1.0;0;1.0;1.0;0;1.0;0;0;1.0;0;0;1.0;1.0;0;0;1.0;0;0
319711;1.45;0.98;10.0;1274.0;27.75;80.25;15.75;0;12.76;14.20;44.64;105.98;2.58;86819.0;10.0;10.0;50.0;4506.0;962.86;117.18;3.0;1.0;0;1.0;0;0;1.0;0;0;1.0;0;0;1.0;1.0;0;0;0;0;0
320229;1.43;1.00;6.0;1292.0;27.75;80.25;14.25;0;12.58;14.20;67.06;176.29;2.58;86819.0;6.0;6.0;50.0;4508.0;962.94;78.12;3.0;1.0;0;1.0;0;0;1.0;0;0;1.0;0;0;1.0;1.0;0;0;1.0;0;0
320749;1.48;1.02;3.0;1268.0;27.75;80.25;16.5;0;12.94;14.29;136.14;220.08;2.58;86819.0;4.0;4.0;51.0;4515.0;962.98;58.59;3.0;1.0;0;1.0;0;0;1.0;0;0;1.0;0;0;1.0;1.0;0;0;0;0;0
321269;1.52;1.04;2.0;1315.0;27.75;80.25;13.5;0;12.44;14.20;144.69;239.34;2.58;86819.0;3.0;3.0;51.0;4501.0;963.02;97.65;2.0;1.0;0;1.0;0;0;1.0;0;0;1.0;0;0;1.0;1.0;0;0;1.0;0;0
321789;1.48;1.05;0;1318.0;27.75;80.25;12.75;0;12.29;14.20;180.18;214.81;2.58;86819.0;0;0;51.0;4520.0;963.02;742.17;0;1.0;0;1.0;0;0;1.0;0;0;1.0;0;0;1.0;1.0;0;0;1.0;0;0
322299;1.55;1.03;0;1296.0;27.75;80.25;14.25;0;12.60;14.29;169.61;225.66;2.58;86819.0;0;0;51.0;4504.0;963.02;820.30;0;1.0;0;1.0;0;0;1.0;0;0;1.0;0;0;1.0;1.0;0;0;1.0;0;0
322819;1.44;1.02;0;1312.0;27.75;80.25;13.5;0;12.45;14.20;171.18;235.06;2.58;86819.0;0;0;51.0;4521.0;963.05;781.24;0;1.0;0;1.0;0;0;1.0;0;0;1.0;0;0;1.0;1.0;0;0;1.0;0;0
323339;1.44;1.00;0;1290.0;27.75;80.25;14.25;0;12.59;14.11;176.04;228.36;2.58;86819.0;0;0;51.0;4514.0;963.05;429.68;0;1.0;0;1.0;0;0;1.0;0;0;1.0;0;0;1.0;1.0;0;0;1.0;0;0
323859;1.44;1.01;0;1309.0;27.75;80.25;13.5;0;12.45;14.20;169.50;228.14;2.58;86819.0;0;0;50.0;4520.0;963.05;97.65;0;1.0;0;1.0;0;0;1.0;0;0;1.0;0;0;1.0;1.0;0;0;1.0;0;0
324379;1.48;1.03;0;1334.0;27.75;80.25;12.0;0;12.15;14.11;147.09;222.07;2.58;86819.0;0;0;51.0;4517.0;963.05;78.12;0;1.0;0;1.0;0;0;1.0;0;0;1.0;0;0;1.0;1.0;0;0;1.0;0;0
324899;1.47;1.03;0;1273.0;27.75;80.25;15.75;0;12.80;14.11;154.75;194.83;2.58;86819.0;0;0;50.0;4509.0;963.05;664.05;0;1.0;0;1.0;0;0;1.0;0;0;1.0;0;0;1.0;1.0;0;0;1.0;0;0
325419;1.45;1.02;0;1282.0;27.75;80.25;15.0;0;12.65;14.11;188.65;212.66;2.58;86819.0;0;0;50.0;4495.0;963.05;781.24;0;1.0;0;1.0;0;0;1.0;0;0;1.0;0;0;1.0;1.0;0;0;1.0;0;0
325939;1.52;1.02;0;1297.0;27.75;80.25;14.25;0;12.58;14.11;209.43;229.28;2.58;86819.0;0;0;51.0;4520.0;963.05;156.24;0;1.0;0;1.0;0;0;1.0;0;0;1.0;0;0;1.0;1.0;0;0;1.0;0;0
326459;1.43;1.01;0;1305.0;27.75;80.25;14.25;0;12.59;14.11;251.72;258.92;2.58;86819.0;0;0;51.0;4507.0;963.05;781.24;0;1.0;0;1.0;0;0;1.0;0;0;1.0;0;0;1.0;1.0;0;0;1.0;0;0
326979;1.48;1.00;0;1270.0;27.75;80.25;16.5;0;12.95;14.11;241.50;269.06;2.58;86819.0;0;0;50.0;4505.0;963.05;351.55;0;1.0;0;1.0;0;0;1.0;0;0;1.0;0;0;1.0;1.0;0;0;1.0;0;0
327499;1.40;1.00;0;1306.0;27.75;80.25;13.5;0;12.41;13.92;252.28;302.79;2.82;86819.0;0;0;50.0;4538.0;963.05;78.12;0;1.0;0;1.0;0;0;1.0;0;0;1.0;0;0;1.0;1.0;0;0;1.0;0;0
328038;1.48;1.01;0;1292.0;27.75;80.25;14.25;0;12.53;14.29;228.63;298.71;2.58;86819.0;0;0;49.0;4520.0;963.05;781.24;0;1.0;0;1.0;0;0;1.0;0;0;1.0;0;0;1.0;1.0;0;0;1.0;0;0
328619;1.55;1.00;0;1221.0;27.75;80.25;19.5;0;13.31;14.20;189.67;231.74;2.58;86819.0;0;0;49.0;4521.0;963.05;761.70;0;1.0;0;1.0;0;0;1.0;0;0;1.0;0;0;1.0;1.0;0;0;1.0;0;0
329168;1.41;0.98;0;1312.0;27.75;80.25;12.75;0;12.20;14.20;152.90;189.57;2.58;86819.0;0;0;49.0;4519.0;963.05;429.68;0;1.0;0;1.0;0;0;1.0;0;0;1.0;0;0;1.0;1.0;0;0;1.0;0;0
329688;1.41;0.98;0;1269.0;27.75;80.25;16.5;0;12.85;14.11;117.45;162.35;2.58;86819.0;0;0;49.0;4499.0;963.05;156.24;0;1.0;0;1.0;0;0;1.0;0;0;1.0;0;0;1.0;1.0;0;0;1.0;0;0
330208;1.45;1.00;0;1258.0;27.75;80.25;17.25;0;13.02;14.20;115.18;150.67;2.58;86819.0;0;0;51.0;4518.0;963.05;39.06;0;1.0;0;1.0;0;0;1.0;0;0;1.0;0;0;1.0;1.0;0;0;1.0;0;0
330728;1.48;1.02;0;1287.0;27.75;80.25;15.0;0;12.58;14.20;152.58;163.36;2.58;86819.0;0;0;50.0;4505.0;963.05;97.65;0;1.0;0;1.0;0;0;1.0;0;0;1.0;0;0;1.0;1.0;0;0;1.0;0;0
331248;1.44;1.03;0;1301.0;27.75;80.25;14.25;0;12.52;14.11;177.41;193.77;2.58;86819.0;0;0;50.0;4520.0;963.05;624.99;0;1.0;0;1.0;0;0;1.0;0;0;1.0;0;0;1.0;1.0;0;0;1.0;0;0
331768;1.52;1.02;0;1273.0;27.75;80.25;15.75;0;12.74;14.29;220.96;214.77;2.58;86819.0;0;0;50.0;4514.0;963.05;781.24;0;1.0;0;1.0;1.0;0;1.0;0;0;1.0;0;0;1.0;1.0;0;0;1.0;0;0
332288;1.46;1.00;0;1258.0;27.75;81.0;16.5;0;12.89;14.20;243.79;211.58;2.58;86819.0;0;0;50.0;4505.0;963.05;781.24;0;1.0;0;1.0;0;0;1.0;0;0;1.0;0;0;1.0;1.0;0;0;0;0;0
332808;3.79;1.00;0;1754.0;27.75;81.0;12.75;6.66;23.40;14.20;193.26;220.78;2.58;86819.0;0;0;52.0;4507.0;963.05;937.48;1.0;1.0;0;1.0;0;0;1.0;0;0;1.0;0;0;1.0;1.0;0;0;0;0;0
333328;4.82;1.00;0;2123.0;27.75;81.0;15.0;14.90;33.01;14.11;144.75;137.37;2.58;86819.0;0;0;52.0;4448.0;963.05;898.42;1.0;1.0;0;1.0;0;0;1.0;0;0;1.0;0;0;1.0;1.0;0;0;0;0;0
333849;5.04;0.99;13.0;2132.0;27.75;81.0;11.25;20.00;36.60;14.01;90.03;85.44;2.58;86819.0;13.0;14.0;52.0;4428.0;963.05;820.30;1.0;1.0;0;1.0;0;0;1.0;0;0;1.0;0;0;1.0;1.0;0;0;0;0;0
334369;4.36;0.96;22.0;2456.0;27.75;81.0;17.25;20.78;35.01;13.92;53.08;50.38;2.82;86819.0;22.0;23.0;52.0;4505.0;963.05;117.18;1.0;1.0;0;1.0;0;0;1.0;0;0;1.0;0;0;1.0;1.0;0;0;0;0;0
334889;4.23;1.02;30.0;3315.0;27.75;81.0;26.25;20.78;32.65;13.82;28.12;28.14;2.82;86819.0;30.0;30.0;52.0;4568.0;963.05;546.86;1.0;1.0;0;1.0;0;0;1.0;0;0;1.0;0;0;1.0;1.0;0;0;0;0;0
335409;4.79;1.00;33.0;3484.0;27.75;81.0;31.5;16.47;27.43;14.01;10.78;10.78;2.58;86819.0;34.0;34.0;52.0;4524.0;963.05;859.36;1.0;1.0;0;1.0;0;0;1.0;0;0;1.0;0;0;1.0;1.0;0;0;0;0;0
335929;4.46;1.01;41.0;3197.0;27.75;81.0;23.25;22.35;34.24;13.92;5.64;5.35;2.82;86819.0;40.0;41.0;52.0;4524.0;963.05;78.12;2.0;1.0;0;1.0;0;0;1.0;0;0;1.0;0;0;1.0;1.0;0;0;0;0;0
336449;4.72;1.04;46.0;3580.0;27.75;81.0;25.5;22.35;34.71;13.92;2.44;2.44;2.82;86819.0;47.0;46.0;52.0;4542.0;963.05;878.89;2.0;1.0;0;1.0;0;0;1.0;0;0;1.0;0;0;1.0;1.0;0;0;0;0;0
336969;4.40;0.97;52.0;4051.0;27.75;81.0;25.5;21.96;37.84;13.82;0.99;0.93;2.82;86819.0;51.0;52.0;52.0;4554.0;963.05;644.52;2.0;1.0;0;1.0;0;0;1.0;0;0;1.0;0;0;1.0;1.0;0;0;0;0;0
337559;4.40;1.00;56.0;3405.0;27.75;81.0;25.5;21.96;34.08;13.92;1.66;0.25;2.82;86819.0;54.0;56.0;52.0;4485.0;963.05;820.30;3.0;1.0;0;1.0;0;0;1.0;0;0;1.0;0;0;1.0;1.0;0;0;0;0;0
338079;4.35;1.00;60.0;3697.0;27.75;81.0;27.75;21.96;33.69;13.73;2.16;0;2.82;86819.0;59.0;60.0;52.0;4551.0;963.05;820.30;3.0;1.0;0;1.0;0;0;1.0;0;0;1.0;0;0;1.0;1.0;0;0;0;0;0
338589;5.38;1.00;65.0;3971.0;27.75;81.0;23.25;26.27;39.78;13.82;2.65;1.75;2.82;86819.0;63.0;65.0;52.0;4554.0;963.05;878.89;3.0;1.0;0;1.0;0;0;1.0;0;0;0;0;0;1.0;1.0;0;0;0;0;0
339119;4.28;0.98;67.0;3504.0;27.75;81.0;24.75;21.96;32.86;13.92;2.22;2.16;2.82;86819.0;66.0;67.0;52.0;4488.0;963.05;644.52;4.0;1.0;0;1.0;0;0;1.0;0;0;0;0;0;1.0;1.0;0;0;0;0;0
339629;4.52;0.97;71.0;3700.0;27.75;81.0;25.5;23.13;33.60;14.01;2.71;0.87;2.58;86819.0;70.0;71.0;52.0;4480.0;963.05;878.89;4.0;1.0;0;1.0;0;0;1.0;0;0;0;0;0;1.0;1.0;0;0;0;0;0
340149;3.44;1.00;72.0;3342.0;27.75;81.0;30.75;15.68;26.78;13.92;1.11;0.29;2.82;86819.0;72.0;73.0;52.0;4474.0;963.05;800.77;5.0;1.0;0;1.0;0;0;1.0;0;0;0;0;0;1.0;1.0;0;0;0;0;0
340669;3.24;0.94;75.0;3456.0;27.75;81.0;31.5;16.08;26.80;14.01;2.05;0.01;2.58;86819.0;74.0;75.0;52.0;4517.0;962.98;253.90;5.0;1.0;0;1.0;0;0;1.0;0;0;0;0;0;1.0;1.0;0;0;0;0;0
341189;4.88;1.00;78.0;3603.0;27.75;81.75;21.75;25.10;35.40;13.92;0.82;0;2.82;86819.0;76.0;78.0;52.0;4542.0;963.02;800.77;5.0;1.0;0;1.0;0;0;1.0;0;0;0;0;0;1.0;1.0;0;0;0;0;0
341709;4.06;1.00;78.0;3521.0;27.75;81.75;33.0;13.72;23.96;13.92;0.21;0;2.82;86819.0;79.0;79.0;52.0;4520.0;963.02;859.36;5.0;1.0;0;1.0;0;0;1.0;0;0;0;0;0;1.0;1.0;0;0;0;0;0
342229;3.12;0.94;81.0;3426.0;27.75;81.75;32.25;14.90;26.01;14.01;0;0;2.58;86819.0;80.0;81.0;52.0;4499.0;963.02;214.84;6.0;1.0;0;1.0;0;0;1.0;0;0;0;0;0;1.0;1.0;0;0;0;0;0
342749;3.20;0.99;82.0;3518.0;27.75;81.75;33.75;14.11;25.18;13.92;0;1.23;2.82;86819.0;82.0;83.0;52.0;4484.0;962.98;820.30;6.0;1.0;0;1.0;0;0;1.0;0;0;0;0;0;1.0;1.0;0;0;0;0;0
343269;2.98;0.93;86.0;3640.0;27.75;81.75;34.5;14.11;25.06;13.92;3.86;0.48;2.82;86819.0;83.0;86.0;52.0;4506.0;962.98;195.31;6.0;1.0;0;1.0;0;0;1.0;0;0;0;0;0;1.0;1.0;0;0;0;0;0
343789;3.12;0.99;86.0;3659.0;27.75;81.75;34.5;13.72;24.83;14.01;1.64;0.11;2.58;86819.0;85.0;86.0;52.0;4512.0;963.02;839.83;6.0;1.0;0;1.0;0;0;1.0;0;0;0;0;0;1.0;1.0;0;0;0;0;0
344319;2.80;0.92;87.0;3717.0;27.0;81.75;36.75;12.15;23.81;13.92;0.48;2.08;2.82;86819.0;86.0;88.0;52.0;4526.0;963.02;761.70;6.0;1.0;0;1.0;0;0;1.0;0;0;0;0;0;1.0;1.0;0;0;0;0;0
344930;2.57;0.87;88.0;3758.0;27.0;81.75;36.75;11.76;23.40;13.73;2.24;0.78;2.82;86819.0;87.0;89.0;52.0;4512.0;963.02;78.12;6.0;1.0;0;1.0;0;0;1.0;0;0;0;0;0;1.0;1.0;0;0;0;0;0
345449;2.24;0.91;88.0;3766.0;27.0;81.75;41.25;8.23;19.55;14.01;0.70;1.50;2.58;86819.0;87.0;89.0;52.0;4499.0;963.05;839.83;6.0;1.0;0;1.0;0;0;1.0;0;0;0;0;0;1.0;1.0;0;0;0;0;0
345969;1.91;0.86;88.0;3793.0;27.0;81.75;42.75;7.05;17.80;14.01;1.26;4.43;2.58;86819.0;88.0;89.0;52.0;4493.0;963.05;644.52;6.0;1.0;0;1.0;0;0;1.0;0;0;0;0;0;1.0;1.0;0;0;0;0;0
346489;1.82;0.84;90.0;3816.0;27.0;81.75;42.75;6.66;17.30;13.92;2.01;1.91;2.82;86819.0;88.0;90.0;52.0;4518.0;963.05;703.11;6.0;1.0;0;1.0;0;0;1.0;0;0;0;0;0;1.0;1.0;0;0;0;0;0
347009;1.80;0.82;90.0;3789.0;27.0;81.75;42.75;7.05;17.37;13.92;0.62;0.58;2.82;86819.0;88.0;90.0;52.0;4507.0;963.05;78.12;6.0;1.0;0;1.0;0;0;1.0;0;0;0;0;0;1.0;1.0;0;0;0;0;0
347550;1.92;0.88;88.0;3762.0;27.0;81.75;42.75;7.05;17.37;13.92;2.28;0.15;2.82;86819.0;89.0;89.0;52.0;4505.0;963.05;820.30;6.0;1.0;0;1.0;0;0;1.0;0;0;0;0;0;1.0;1.0;0;0;0;0;0
348079;1.84;0.84;88.0;3788.0;27.0;81.75;42.75;7.05;17.38;13.82;0.87;0;2.82;86819.0;89.0;89.0;52.0;4527.0;963.05;546.86;6.0;1.0;0;1.0;0;0;1.0;0;0;0;0;0;1.0;1.0;0;0;0;0;0
348639;1.6;0.85;90.0;3830.0;27.0;81.75;43.5;5.88;15.00;13.82;0.21;0;2.82;86819.0;89.0;90.0;52.0;4522.0;963.05;839.83;6.0;1.0;0;1.0;0;0;1.0;0;0;0;0;0;1.0;1.0;0;0;0;0;0
349159;1.44;0.83;90.0;3795.0;27.0;81.75;43.5;5.09;14.25;13.92;0;0;2.82;86819.0;89.0;90.0;52.0;4533.0;963.05;820.30;6.0;1.0;0;1.0;0;0;1.0;0;0;0;0;0;1.0;1.0;0;0;0;0;0
349679;1.09;0.80;90.0;3769.0;27.0;81.75;43.5;3.92;10.72;13.92;0;0;2.82;86819.0;89.0;90.0;52.0;4501.0;963.05;605.46;6.0;1.0;0;1.0;0;0;1.0;0;0;0;0;0;1.0;1.0;0;0;0;0;0
350199;1.08;0.82;88.0;3763.0;27.0;81.75;42.75;3.92;10.42;13.92;1.46;0.83;2.82;86819.0;89.0;89.0;52.0;4516.0;963.09;156.24;6.0;1.0;0;1.0;0;0;1.0;0;0;0;0;0;1.0;1.0;0;0;0;0;0
350719;1.05;0.83;88.0;3777.0;27.0;81.75;43.5;3.52;10.20;14.01;2.63;1.60;2.58;86819.0;89.0;89.0;52.0;4518.0;963.17;78.12;6.0;1.0;0;1.0;0;0;1.0;0;0;0;0;0;1.0;1.0;0;0;0;0;0
351239;1.09;0.84;88.0;3750.0;27.0;81.75;42.75;3.52;10.16;13.92;1.03;2.38;2.82;86819.0;88.0;88.0;52.0;4505.0;963.29;761.70;6.0;1.0;0;1.0;0;0;1.0;0;0;0;0;0;1.0;1.0;0;0;0;0;0
351759;1.07;0.83;87.0;3709.0;27.0;81.75;42.75;3.52;10.12;14.01;3.71;0.93;2.58;86819.0;88.0;88.0;52.0;4511.0;963.44;800.77;6.0;1.0;0;1.0;0;0;1.0;0;0;0;0;0;1.0;1.0;0;0;0;0;0
352279;0.86;0.82;87.0;3705.0;27.0;81.75;42.75;2.74;8.38;14.01;1.50;0.31;2.58;86819.0;87.0;87.0;52.0;4510.0;963.68;156.24;6.0;1.0;0;1.0;0;0;1.0;0;0;0;0;0;1.0;1.0;0;0;0;0;0
352799;0.93;0.83;86.0;3670.0;27.0;81.75;42.0;2.74;8.76;14.01;0.46;0;2.58;86819.0;87.0;87.0;52.0;4518.0;963.91;117.18;6.0;1.0;0;1.0;0;0;1.0;0;0;0;0;0;1.0;1.0;0;0;0;0;0
353359;0.96;0.84;86.0;3649.0;27.0;81.75;41.25;2.74;9.01;13.92;0.11;0;2.82;86819.0;86.0;86.0;52.0;4512.0;964.03;78.12;6.0;1.0;0;1.0;0;0;1.0;0;0;0;0;0;1.0;1.0;0;0;0;0;0
353879;1.00;0.85;85.0;3609.0;27.0;81.75;41.25;3.13;9.32;14.01;0;0;2.58;86819.0;85.0;85.0;52.0;4508.0;964.11;117.18;6.0;1.0;0;1.0;0;0;1.0;0;0;0;0;0;1.0;1.0;0;0;0;0;0
354399;1.04;0.86;85.0;3571.0;27.0;81.75;41.25;3.13;9.68;13.73;0;0;2.82;86819.0;85.0;84.0;52.0;4522.0;964.19;742.17;6.0;1.0;0;1.0;0;0;1.0;0;0;0;0;0;1.0;1.0;0;0;0;0;0
354919;1.04;0.85;83.0;3540.0;27.0;81.75;40.5;3.13;9.66;14.01;0;0;2.58;86819.0;84.0;84.0;52.0;4518.0;964.23;800.77;6.0;1.0;0;1.0;0;0;1.0;0;0;0;0;0;1.0;1.0;0;0;0;0;0
355439;1.04;0.84;83.0;3535.0;27.0;81.0;40.5;3.13;9.67;13.92;3.86;0;2.82;86819.0;84.0;83.0;52.0;4529.0;964.23;761.70;6.0;1.0;0;1.0;0;0;1.0;0;0;0;0;0;1.0;1.0;0;0;0;0;0
355959;1.24;0.84;82.0;3510.0;27.0;81.0;40.5;3.92;11.73;14.01;1.64;0;2.58;86819.0;83.0;83.0;52.0;4501.0;964.27;39.06;6.0;1.0;0;1.0;0;0;1.0;0;0;0;0;0;1.0;1.0;0;0;0;0;0
356479;1.26;0.86;82.0;3510.0;27.0;81.0;39.75;3.92;11.61;14.01;0.68;3.26;2.58;86819.0;83.0;83.0;52.0;4503.0;964.27;292.96;6.0;1.0;0;1.0;0;0;1.0;0;0;0;0;0;1.0;1.0;0;0;0;0;0
356999;1.22;0.87;82.0;3571.0;27.0;81.0;40.5;3.92;11.15;14.01;4.08;1.21;2.58;86819.0;83.0;83.0;52.0;4520.0;964.27;839.83;6.0;1.0;0;1.0;0;0;1.0;0;0;0;0;0;1.0;1.0;0;0;0;0;0
357519;1.49;0.85;83.0;3542.0;27.0;81.0;40.5;5.09;13.95;13.92;2.87;0.44;2.82;86819.0;83.0;83.0;52.0;4501.0;964.38;664.05;6.0;1.0;0;1.0;0;0;1.0;0;0;0;0;0;1.0;1.0;0;0;0;0;0
358039;1.34;0.82;83.0;3544.0;27.0;81.0;40.5;4.70;13.03;13.92;1.26;1.66;2.82;86819.0;83.0;83.0;52.0;4508.0;964.58;78.12;6.0;1.0;0;1.0;0;0;1.0;0;0;0;0;0;1.0;1.0;0;0;0;0;0
358559;1.36;0.84;83.0;3481.0;27.0;81.0;39.75;4.31;12.80;14.01;2.61;0.68;2.58;86819.0;83.0;83.0;52.0;4513.0;964.73;58.59;6.0;1.0;0;1.0;0;0;1.0;0;0;0;0;0;1.0;1.0;0;0;0;0;0
359079;1.31;0.86;83.0;3613.0;27.0;81.0;41.25;4.31;12.12;14.01;0.89;0.17;2.58;86819.0;84.0;84.0;52.0;4506.0;964.93;664.05;6.0;1.0;0;1.0;0;0;1.0;0;0;0;0;0;1.0;1.0;0;0;0;0;0
359599;1.32;0.86;83.0;3557.0;27.0;81.0;40.5;4.31;12.32;13.92;0.33;1.26;2.82;86819.0;84.0;84.0;52.0;4511.0;965.12;722.64;6.0;1.0;0;1.0;0;0;1.0;0;0;0;0;0;1.0;1.0;0;0;0;0;0
360120;1.29;0.84;85.0;3585.0;27.0;81.0;40.5;4.31;12.22;14.01;0.03;0.46;2.58;86819.0;84.0;85.0;52.0;4499.0;965.24;664.05;6.0;1.0;0;1.0;0;0;1.0;0;0;0;0;0;1.0;1.0;0;0;0;0;0
360649;1.27;0.85;85.0;3577.0;27.0;81.0;40.5;4.31;11.93;13.92;0;0.11;2.82;86819.0;84.0;85.0;52.0;4508.0;965.32;800.77;6.0;1.0;0;1.0;0;0;1.0;0;0;0;0;0;1.0;1.0;0;0;0;0;0
361169;1.28;0.84;85.0;3543.0;27.0;81.0;40.5;4.31;12.05;14.01;0;0;2.58;86819.0;84.0;85.0;52.0;4512.0;965.40;214.84;6.0;1.0;0;1.0;0;0;1.0;0;0;0;0;0;1.0;1.0;0;0;0;0;0
361689;1.24;0.85;83.0;3530.0;27.0;81.0;40.5;3.92;11.72;14.01;6.67;0;2.58;86819.0;84.0;84.0;52.0;4519.0;965.44;214.84;6.0;1.0;0;1.0;0;0;1.0;0;0;0;0;0;1.0;1.0;0;0;0;0;0
362199;1.14;0.86;83.0;3513.0;27.0;81.0;40.5;3.52;10.53;14.01;4.04;0;2.58;86819.0;83.0;83.0;52.0;4512.0;965.48;664.05;6.0;1.0;0;1.0;0;0;1.0;0;0;0;0;0;1.0;1.0;0;0;0;0;0
362719;1.21;0.87;82.0;3524.0;27.0;81.0;40.5;3.52;11.04;13.92;1.81;1.75;2.82;86819.0;82.0;83.0;52.0;4537.0;965.52;820.30;6.0;1.0;0;1.0;0;0;1.0;0;0;0;0;0;1.0;1.0;0;0;0;0;0
363239;1.19;0.86;82.0;3555.0;27.0;81.0;40.5;3.92;10.94;14.01;0.70;0.72;2.58;86819.0;83.0;83.0;52.0;4507.0;965.52;722.64;6.0;1.0;0;1.0;0;0;1.0;0;0;0;0;0;1.0;1.0;0;0;0;0;0
363769;1.64;0.86;82.0;3552.0;27.0;81.0;40.5;5.49;15.20;14.01;2.65;0.25;2.58;86819.0;82.0;83.0;52.0;4493.0;965.59;742.17;6.0;1.0;0;1.0;0;0;1.0;0;0;0;0;0;1.0;1.0;0;0;0;0;0
364289;1.74;0.84;83.0;3531.0;27.0;81.0;40.5;6.27;16.60;13.92;0.99;1.50;2.82;86819.0;84.0;83.0;52.0;4528.0;965.67;97.65;6.0;1.0;0;1.0;0;0;1.0;0;0;0;0;0;1.0;1.0;0;0;0;0;0
364849;1.86;0.88;83.0;3574.0;27.0;81.0;40.5;6.27;17.00;14.01;0.33;0.58;2.58;86819.0;82.0;84.0;52.0;4504.0;965.79;605.46;6.0;1.0;0;1.0;0;0;1.0;0;0;0;0;0;1.0;1.0;0;0;0;0;0
365369;1.90;0.88;85.0;3593.0;27.0;81.0;40.5;6.66;17.24;14.01;2.14;0.19;2.58;86819.0;83.0;85.0;52.0;4502.0;966.06;839.83;6.0;1.0;0;1.0;0;0;1.0;0;0;0;0;0;1.0;1.0;0;0;0;0;0
365889;1.76;0.84;85.0;3619.0;27.0;81.0;41.25;6.27;16.90;13.92;9.56;0;2.82;86819.0;84.0;86.0;52.0;4510.0;966.30;156.24;6.0;1.0;0;1.0;0;0;1.0;0;0;0;0;0;1.0;1.0;0;0;0;0;0
366410;1.81;0.86;86.0;3630.0;27.0;81.0;41.25;6.27;16.85;14.01;8.20;0;2.58;86819.0;84.0;86.0;52.0;4509.0;966.45;117.18;6.0;1.0;0;1.0;0;0;1.0;0;0;0;0;0;1.0;1.0;0;0;0;0;0
366959;1.82;0.88;86.0;3659.0;27.0;81.0;41.25;6.27;16.55;13.92;3.82;0;2.82;86819.0;86.0;86.0;52.0;4516.0;966.53;859.36;6.0;1.0;0;1.0;0;0;1.0;0;0;0;0;0;1.0;1.0;0;0;0;0;0
367478;1.68;0.84;86.0;3678.0;27.0;80.25;42.0;6.27;16.15;14.01;1.26;3.86;2.58;86819.0;85.0;87.0;52.0;4507.0;966.61;429.68;6.0;1.0;0;1.0;0;0;1.0;0;0;0;0;0;1.0;1.0;0;0;0;0;0
367999;1.72;0.85;87.0;3679.0;27.0;80.25;42.0;6.27;16.15;13.92;0.46;1.64;2.82;86819.0;86.0;87.0;52.0;4520.0;966.65;527.33;6.0;1.0;0;1.0;0;0;1.0;0;0;0;0;0;0;1.0;0;0;0;0;0
368519;1.72;0.86;87.0;3717.0;27.0;80.25;42.0;6.27;15.88;13.92;1.23;0.60;2.82;86819.0;86.0;87.0;52.0;4525.0;966.69;761.70;6.0;1.0;0;1.0;0;0;1.0;0;0;0;0;0;1.0;1.0;0;0;0;0;0
369038;1.58;0.82;87.0;3715.0;27.0;80.25;42.0;5.88;15.36;14.01;0.41;1.48;2.58;86819.0;86.0;87.0;52.0;4518.0;966.73;97.65;6.0;1.0;0;1.0;0;0;1.0;0;0;0;0;0;1.0;1.0;0;0;0;0;0
369559;1.56;0.85;87.0;3694.0;27.0;80.25;42.0;5.49;14.56;13.92;2.92;0.54;2.82;86819.0;86.0;87.0;52.0;4502.0;966.73;761.70;6.0;1.0;0;1.0;0;0;1.0;0;0;0;0;0;1.0;1.0;0;0;0;0;0
370079;1.52;0.84;86.0;3675.0;27.0;80.25;42.0;5.09;14.37;14.01;0.95;1.91;2.58;86820.0;86.0;87.0;52.0;4503.0;966.73;800.77;6.0;1.0;0;1.0;0;0;1.0;0;0;0;0;0;1.0;1.0;0;0;0;0;0
370599;1.37;0.82;86.0;3634.0;27.0;80.25;42.0;4.70;13.39;13.92;0.33;0.82;2.82;86820.0;86.0;86.0;52.0;4525.0;966.80;312.49;6.0;1.0;0;1.0;0;0;1.0;0;0;0;0;0;1.0;1.0;0;0;0;0;0
371119;1.31;0.83;86.0;3700.0;27.0;80.25;42.0;4.70;12.64;13.82;3.96;0.25;2.82;86820.0;85.0;86.0;52.0;4514.0;967.12;78.12;6.0;1.0;0;1.0;0;0;1.0;0;0;0;0;0;1.0;1.0;0;0;0;0;0
371638;1.38;0.85;86.0;3591.0;27.0;80.25;41.25;4.70;12.96;13.92;1.69;0;2.82;86820.0;86.0;86.0;52.0;4506.0;967.16;332.02;6.0;1.0;0;1.0;0;0;1.0;0;0;0;0;0;1.0;1.0;0;0;0;0;0
372208;1.13;0.86;85.0;3598.0;27.0;80.25;41.25;3.92;10.97;13.92;0.54;0;2.82;86820.0;85.0;85.0;52.0;4532.0;967.47;820.30;6.0;1.0;0;1.0;0;0;1.0;0;0;0;0;0;1.0;1.0;0;0;0;0;0
372778;0.95;0.84;85.0;3597.0;27.0;80.25;40.5;2.74;8.89;13.92;0.15;0;2.82;86820.0;85.0;85.0;52.0;4517.0;967.62;820.30;6.0;1.0;0;1.0;0;0;1.0;0;0;0;0;0;1.0;1.0;0;0;0;0;0
373298;0.98;0.84;85.0;3577.0;27.0;80.25;41.25;2.74;9.30;13.92;0;0;2.82;86820.0;85.0;84.0;52.0;4514.0;967.82;371.08;6.0;1.0;0;1.0;0;0;1.0;0;0;0;0;0;1.0;1.0;0;0;0;0;0
373819;1.0;0.85;83.0;3555.0;27.0;80.25;40.5;2.74;9.25;13.82;0;0;2.82;86820.0;84.0;84.0;52.0;4517.0;967.90;136.71;6.0;1.0;0;1.0;0;0;1.0;0;0;0;0;0;1.0;1.0;0;0;0;0;0
374340;1.03;0.87;83.0;3571.0;27.0;80.25;40.5;3.13;9.36;13.82;3.86;0;2.82;86820.0;84.0;84.0;52.0;4506.0;967.98;488.27;6.0;1.0;0;1.0;0;0;1.0;0;0;0;0;0;1.0;1.0;0;0;0;0;0
374859;1.06;0.86;83.0;3549.0;27.0;80.25;40.5;3.13;9.69;13.92;5.62;0;2.82;86820.0;82.0;84.0;52.0;4520.0;968.17;742.17;6.0;1.0;0;1.0;0;0;1.0;0;0;0;0;0;1.0;1.0;0;0;0;0;0
375379;1.44;0.87;82.0;3597.0;27.0;80.25;40.5;4.70;13.26;13.92;2.16;0;2.82;86820.0;82.0;83.0;52.0;4501.0;968.41;371.08;6.0;1.0;0;1.0;0;0;1.0;0;0;0;0;0;1.0;1.0;0;0;0;0;0
375899;1.83;0.88;82.0;3522.0;27.0;80.25;39.75;6.27;16.70;14.01;0.87;0;2.58;86820.0;82.0;83.0;52.0;4502.0;968.60;800.77;6.0;1.0;0;1.0;0;0;1.0;0;0;0;0;0;1.0;1.0;0;0;0;0;0
376419;1.72;0.83;83.0;3556.0;27.0;80.25;40.5;6.27;16.60;13.92;0.29;0;2.82;86820.0;82.0;83.0;52.0;4502.0;968.80;97.65;6.0;1.0;0;1.0;0;0;1.0;0;0;0;0;0;1.0;1.0;0;0;0;0;0
376939;1.77;0.87;83.0;3538.0;27.0;80.25;40.5;6.27;16.30;13.82;0.01;0;2.82;86820.0;83.0;84.0;52.0;4513.0;968.87;624.99;6.0;1.0;0;1.0;0;0;1.0;0;0;0;0;0;1.0;1.0;0;0;0;0;0
377459;1.71;0.87;85.0;3537.0;27.0;80.25;40.5;5.49;15.69;14.01;0;1.01;2.58;86820.0;83.0;85.0;52.0;4510.0;968.99;820.30;6.0;1.0;0;1.0;0;0;1.0;0;0;0;0;0;1.0;1.0;0;0;0;0;0
377978;1.49;0.83;85.0;3613.0;27.0;80.25;40.5;5.09;14.15;13.82;0;0.29;2.82;86820.0;84.0;85.0;52.0;4507.0;969.07;820.30;6.0;1.0;0;1.0;0;0;1.0;0;0;0;0;0;1.0;1.0;0;0;0;0;0
378499;1.33;0.82;85.0;3606.0;27.0;80.25;41.25;4.70;12.93;13.92;0;0;2.82;86820.0;84.0;85.0;52.0;4515.0;969.15;97.65;6.0;1.0;0;1.0;0;0;1.0;0;0;0;0;0;1.0;1.0;0;0;0;0;0
379019;1.34;0.84;85.0;3592.0;27.0;80.25;40.5;4.70;12.57;14.01;0;0;2.58;86820.0;84.0;85.0;52.0;4523.0;969.19;136.71;6.0;1.0;0;1.0;0;0;1.0;0;0;0;0;0;1.0;1.0;0;0;0;0;0
379539;1.21;0.86;85.0;3539.0;27.0;80.25;40.5;3.92;11.09;14.01;0;0;2.58;86820.0;84.0;85.0;52.0;4518.0;969.19;800.77;6.0;1.0;0;1.0;0;0;1.0;0;0;0;0;0;1.0;1.0;0;0;0;0;0
380059;1.16;0.85;83.0;3534.0;27.0;80.25;40.5;3.52;10.72;13.92;5.39;0;2.82;86820.0;84.0;84.0;52.0;4524.0;969.23;97.65;6.0;1.0;0;1.0;0;0;1.0;0;0;0;0;0;1.0;1.0;0;0;0;0;0
380578;1.16;0.87;85.0;3565.0;27.0;80.25;40.5;3.52;10.70;13.92;5.39;0;2.82;86820.0;84.0;85.0;52.0;4504.0;969.23;839.83;6.0;1.0;0;1.0;0;0;1.0;0;0;0;0;0;1.0;1.0;0;0;0;0;0
381110;1.04;0.85;85.0;3581.0;27.0;80.25;41.25;3.13;9.65;13.92;2.32;0;2.82;86820.0;85.0;84.0;52.0;4510.0;969.38;839.83;6.0;1.0;0;1.0;0;0;1.0;0;0;0;0;0;1.0;1.0;0;0;0;0;0
381682;0.84;0.83;85.0;3572.0;27.0;80.25;41.25;2.35;7.91;13.92;0.95;0;2.82;86820.0;85.0;85.0;52.0;4511.0;969.34;58.59;6.0;1.0;0;1.0;0;0;1.0;0;0;0;0;0;1.0;1.0;0;0;0;0;0
382219;0.83;0.85;83.0;3571.0;27.0;80.25;40.5;1.96;7.57;14.01;0.29;0;2.58;86820.0;83.0;84.0;52.0;4520.0;969.69;722.64;6.0;1.0;0;1.0;0;0;1.0;0;0;0;0;0;1.0;1.0;0;0;0;0;0
382739;0.83;0.85;83.0;3547.0;27.0;80.25;40.5;1.96;7.63;14.01;0;2.32;2.58;86820.0;84.0;84.0;52.0;4527.0;969.93;332.02;6.0;1.0;0;1.0;0;0;1.0;0;0;0;0;0;1.0;1.0;0;0;0;0;0
383259;0.84;0.86;83.0;3544.0;27.0;80.25;40.5;1.96;7.64;14.01;0;0.78;2.58;86820.0;84.0;83.0;52.0;4508.0;970.09;58.59;6.0;1.0;0;1.0;0;0;1.0;0;0;0;0;0;1.0;1.0;0;0;0;0;0
383779;0.83;0.87;83.0;3509.0;27.0;80.25;39.75;1.96;7.37;13.92;2.75;0.29;2.82;86820.0;83.0;83.0;52.0;4519.0;970.20;156.24;6.0;1.0;0;1.0;0;0;1.0;0;0;0;0;0;1.0;1.0;0;0;0;0;0
384299;0.87;0.88;83.0;3543.0;27.0;80.25;40.5;1.96;7.58;14.01;1.21;2.12;2.58;86820.0;82.0;83.0;52.0;4507.0;970.28;839.83;6.0;1.0;0;1.0;0;0;1.0;0;0;0;0;0;1.0;1.0;0;0;0;0;0
384819;0.88;0.87;82.0;3519.0;27.0;80.25;40.5;2.35;7.95;13.82;0.44;1.99;2.82;86820.0;83.0;83.0;52.0;4516.0;970.36;761.70;6.0;1.0;0;1.0;0;0;1.0;0;0;0;0;0;1.0;1.0;0;0;0;0;0
385339;0.85;0.85;83.0;3515.0;27.0;80.25;40.5;1.96;7.69;14.01;2.92;0.85;2.58;86820.0;83.0;83.0;52.0;4504.0;970.40;742.17;6.0;1.0;0;1.0;0;0;1.0;0;0;0;0;0;1.0;1.0;0;0;0;0;0
385858;0.79;0.85;83.0;3532.0;27.0;80.25;40.5;1.56;7.12;13.92;1.07;3.55;2.82;86820.0;84.0;83.0;52.0;4523.0;970.40;58.59;6.0;1.0;0;1.0;0;0;1.0;0;0;0;0;0;1.0;1.0;0;0;0;0;0
386400;0.73;0.86;83.0;3534.0;27.0;80.25;40.5;1.56;6.60;14.01;0.37;1.60;2.58;86820.0;83.0;83.0;52.0;4507.0;970.59;19.53;6.0;1.0;0;1.0;0;0;1.0;0;0;0;0;0;1.0;1.0;0;0;0;0;0
386918;0.78;0.88;83.0;3566.0;27.0;80.25;39.75;1.56;6.86;14.01;4.04;0.62;2.58;86820.0;83.0;83.0;52.0;4504.0;970.79;19.53;6.0;1.0;0;1.0;0;0;1.0;0;0;0;0;0;1.0;1.0;0;0;0;0;0
387439;0.88;0.89;82.0;3516.0;27.0;80.25;39.75;2.35;7.66;13.92;1.81;2.01;2.82;86820.0;82.0;83.0;52.0;4517.0;970.98;546.86;6.0;1.0;0;1.0;0;0;1.0;0;0;0;0;0;1.0;1.0;0;0;0;0;0
388039;1.00;0.89;82.0;3482.0;27.0;80.25;39.75;2.35;8.71;14.01;2.38;0.70;2.58;86820.0;81.0;82.0;52.0;4497.0;971.22;859.36;6.0;1.0;0;1.0;0;0;1.0;0;0;0;0;0;1.0;1.0;0;0;0;0;0
388605;1.04;0.88;82.0;3505.0;27.0;80.25;39.75;2.74;9.39;14.01;0.87;1.69;2.58;86820.0;82.0;83.0;52.0;4512.0;971.41;859.36;6.0;1.0;0;1.0;0;0;1.0;0;0;0;0;0;1.0;1.0;0;0;0;0;0
389169;1.06;0.86;83.0;3525.0;27.0;80.25;40.5;2.74;9.59;14.01;2.38;0.70;2.58;86820.0;83.0;84.0;52.0;4535.0;971.49;859.36;6.0;1.0;0;1.0;0;0;1.0;0;0;0;0;0;1.0;1.0;0;0;0;0;0
389688;1.10;0.84;82.0;3525.0;27.0;80.25;40.5;3.13;10.17;13.92;0.82;0.17;2.82;86820.0;82.0;83.0;52.0;4501.0;971.57;800.77;6.0;1.0;0;1.0;0;0;1.0;0;0;0;0;0;1.0;1.0;0;0;0;0;0
390258;1.54;0.84;82.0;3499.0;27.0;80.25;39.75;5.09;14.49;14.01;0.29;2.83;2.58;86820.0;83.0;83.0;52.0;4507.0;971.61;78.12;6.0;1.0;0;1.0;0;0;1.0;0;0;0;0;0;1.0;1.0;0;0;0;0;0
390778;1.65;0.88;83.0;3548.0;27.0;80.25;40.5;5.49;15.06;14.01;0;0.99;2.58;86820.0;83.0;84.0;52.0;4492.0;971.80;820.30;6.0;1.0;0;1.0;0;0;1.0;0;0;0;0;0;1.0;1.0;0;0;0;0;0
391298;1.61;0.85;85.0;3621.0;27.0;80.25;41.25;5.49;15.17;13.92;6.67;0.35;2.82;86820.0;85.0;85.0;52.0;4503.0;972.00;820.30;6.0;1.0;0;1.0;0;0;1.0;0;0;0;0;0;1.0;1.0;0;0;0;0;0
391818;1.54;0.83;86.0;3626.0;27.0;80.25;41.25;5.49;14.83;13.92;8.71;0.05;2.82;86820.0;84.0;87.0;52.0;4520.0;972.27;117.18;6.0;1.0;0;1.0;0;0;1.0;0;0;0;0;0;1.0;1.0;0;0;0;0;0
392338;1.48;0.85;87.0;3655.0;27.0;80.25;42.0;5.09;13.87;14.01;3.86;0;2.58;86820.0;85.0;87.0;52.0;4519.0;972.47;800.77;6.0;1.0;0;1.0;0;0;1.0;0;0;0;0;0;1.0;1.0;0;0;0;0;0
392859;1.31;0.82;87.0;3758.0;27.0;80.25;42.75;4.70;12.60;14.01;1.28;2.32;2.58;86820.0;86.0;88.0;52.0;4499.0;972.66;273.43;6.0;1.0;0;1.0;0;0;1.0;0;0;0;0;0;1.0;1.0;0;0;0;0;0
393378;1.28;0.83;88.0;3707.0;27.0;80.25;42.0;4.31;12.27;14.01;2.03;0.89;2.58;86820.0;87.0;89.0;52.0;4531.0;972.74;156.24;6.0;1.0;0;1.0;0;0;1.0;0;0;0;0;0;1.0;1.0;0;0;0;0;0
393898;1.27;0.84;87.0;3731.0;27.0;80.25;42.75;4.31;11.94;13.92;0.76;0.31;2.82;86820.0;87.0;88.0;52.0;4512.0;972.82;214.84;6.0;1.0;0;1.0;0;0;1.0;0;0;0;0;0;1.0;1.0;0;0;0;0;0
394418;0.73;0.85;87.0;3696.0;27.0;80.25;42.75;1.56;6.95;14.01;0.25;0;2.58;86820.0;87.0;88.0;52.0;4534.0;972.86;39.06;6.0;1.0;0;1.0;0;0;1.0;0;0;0;0;0;1.0;1.0;0;0;0;0;0
394949;0.81;0.87;86.0;3668.0;27.0;80.25;42.0;1.96;7.22;14.01;0;0;2.58;86820.0;86.0;87.0;52.0;4529.0;972.90;58.59;6.0;1.0;0;1.0;0;0;1.0;0;0;0;0;0;1.0;1.0;0;0;0;0;0
395458;0.82;0.88;86.0;3651.0;27.0;80.25;41.25;1.96;7.19;14.01;2.90;0;2.58;86820.0;86.0;86.0;52.0;4516.0;972.94;781.24;6.0;1.0;0;1.0;0;0;1.0;0;0;0;0;0;1.0;1.0;0;0;0;0;0
395989;0.93;0.87;85.0;3626.0;27.0;80.25;41.25;2.35;8.41;13.92;1.21;0;2.82;86820.0;85.0;85.0;52.0;4502.0;973.02;839.83;6.0;1.0;0;1.0;0;0;1.0;0;0;0;0;0;1.0;1.0;0;0;0;0;0
396509;1.29;0.85;85.0;3624.0;27.0;80.25;41.25;4.31;11.93;14.01;0.44;0;2.58;86820.0;84.0;85.0;52.0;4503.0;973.37;839.83;6.0;1.0;0;1.0;0;0;1.0;0;0;0;0;0;1.0;1.0;0;0;0;0;0
397029;1.26;0.83;85.0;3571.0;27.0;80.25;40.5;4.31;12.05;14.01;0.11;0;2.58;86820.0;85.0;85.0;52.0;4509.0;973.60;156.24;6.0;1.0;0;1.0;0;0;1.0;0;0;0;0;0;1.0;1.0;0;0;0;0;0
397599;1.33;0.85;85.0;3544.0;27.0;80.25;40.5;4.31;12.41;13.92;0;0;2.82;86820.0;83.0;85.0;52.0;4515.0;973.80;39.06;6.0;1.0;0;1.0;0;0;1.0;0;0;0;0;0;1.0;1.0;0;0;0;0;0
398175;1.55;0.87;83.0;3564.0;27.0;80.25;40.5;5.09;14.22;13.92;0;0;2.82;86820.0;82.0;84.0;52.0;4518.0;973.91;859.36;6.0;1.0;0;1.0;0;0;1.0;0;0;0;0;0;1.0;1.0;0;0;0;0;0
398729;1.59;0.84;83.0;3538.0;27.0;80.25;40.5;5.49;15.14;14.01;1.46;0;2.58;86820.0;84.0;84.0;52.0;4538.0;973.99;175.77;6.0;1.0;0;1.0;0;0;1.0;0;0;0;0;0;1.0;1.0;0;0;0;0;0
399249;1.6;0.87;82.0;3518.0;27.0;80.25;40.5;5.09;14.68;14.01;0.44;0;2.58;86820.0;82.0;83.0;52.0;4506.0;974.07;800.77;6.0;1.0;0;1.0;0;0;1.0;0;0;0;0;0;1.0;1.0;0;0;0;0;0
399769;1.51;0.84;82.0;3489.0;27.0;80.25;39.75;5.09;14.42;13.73;0.15;1.23;2.82;86820.0;83.0;83.0;52.0;4523.0;974.11;429.68;6.0;1.0;0;1.0;0;0;1.0;0;0;0;0;0;1.0;1.0;0;0;0;0;0
400289;1.48;0.85;82.0;3506.0;27.0;80.25;39.75;5.09;13.83;13.92;1.48;0.48;2.82;86820.0;82.0;83.0;52.0;4519.0;974.11;605.46;6.0;1.0;0;1.0;0;0;1.0;0;0;0;0;0;1.0;1.0;0;0;0;0;0
400809;1.40;0.85;82.0;3456.0;27.0;80.25;39.75;4.31;13.09;13.92;0.62;1.93;2.82;86820.0;82.0;83.0;52.0;4517.0;974.23;820.30;6.0;1.0;0;1.0;0;0;1.0;0;0;0;0;0;1.0;1.0;0;0;0;0;0
401329;1.04;0.84;82.0;3488.0;27.0;80.25;39.75;3.13;9.72;14.01;2.30;0.82;2.58;86820.0;83.0;82.0;52.0;4514.0;974.38;742.17;6.0;1.0;0;1.0;0;0;1.0;0;0;0;0;0;1.0;1.0;0;0;0;0;0
401859;0.93;0.84;81.0;3439.0;27.0;80.25;39.0;2.74;9.42;14.01;0.82;1.71;2.58;86820.0;81.0;82.0;52.0;4520.0;974.46;371.08;6.0;1.0;0;1.0;0;0;1.0;0;0;0;0;0;1.0;1.0;0;0;0;0;0
402379;1.04;0.85;81.0;3422.0;27.0;80.25;39.75;3.13;9.72;14.01;1.69;0.70;2.58;86820.0;82.0;81.0;52.0;4497.0;974.62;39.06;6.0;1.0;0;1.0;0;0;1.0;0;0;0;0;0;1.0;1.0;0;0;0;0;0
402899;1.85;0.87;81.0;3460.0;27.0;80.25;39.75;6.27;16.94;14.01;0.66;1.42;2.58;86820.0;81.0;81.0;52.0;4493.0;974.73;605.46;6.0;1.0;0;1.0;0;0;1.0;0;0;0;0;0;1.0;1.0;0;0;0;0;0
403419;1.85;0.87;82.0;3486.0;27.0;80.25;39.75;6.27;17.04;14.01;1.42;2.65;2.58;86820.0;80.0;82.0;52.0;4511.0;974.85;136.71;6.0;1.0;0;1.0;0;0;1.0;0;0;0;0;0;1.0;1.0;0;0;0;0;0
403939;1.47;1.00;82.0;3478.0;27.0;80.25;39.75;3.92;11.94;14.01;2.65;1.26;2.58;86820.0;81.0;82.0;52.0;4523.0;975.05;898.42;6.0;1.0;0;1.0;0;0;1.0;0;0;0;0;0;1.0;1.0;0;0;0;0;0
404459;1.26;0.98;82.0;3460.0;27.0;80.25;39.75;3.13;10.31;14.01;0.99;0.35;2.58;86820.0;82.0;82.0;52.0;4517.0;975.16;898.42;6.0;1.0;0;1.0;0;0;1.0;0;0;0;0;0;1.0;1.0;0;0;0;0;0
404979;1.26;0.97;82.0;3494.0;27.0;80.25;39.75;3.52;10.42;13.82;0.33;0.07;2.82;86820.0;80.0;83.0;52.0;4508.0;975.24;898.42;6.0;1.0;0;1.0;0;0;1.0;0;0;0;0;0;1.0;1.0;0;0;0;0;0
405499;1.29;0.95;82.0;3538.0;27.0;80.25;40.5;3.52;10.67;13.92;0.05;0;2.82;86820.0;82.0;81.0;52.0;4495.0;975.32;898.42;6.0;1.0;0;1.0;0;0;1.0;0;0;0;0;0;1.0;1.0;0;0;0;0;0
406019;1.44;0.93;82.0;3422.0;27.0;80.25;39.75;4.31;12.49;13.92;1.46;0;2.82;86820.0;82.0;82.0;52.0;4504.0;975.36;859.36;6.0;1.0;0;1.0;0;0;1.0;0;0;0;0;0;1.0;1.0;0;0;0;0;0
406539;1.40;0.91;82.0;3487.0;27.0;80.25;39.75;4.31;12.25;13.92;0.48;1.23;2.82;86820.0;82.0;82.0;52.0;4520.0;975.36;859.36;6.0;1.0;0;1.0;0;0;1.0;0;0;0;0;0;1.0;1.0;0;0;0;0;0
407059;1.41;0.89;82.0;3499.0;27.0;80.25;39.75;4.31;12.58;14.01;1.42;0.48;2.58;86820.0;83.0;83.0;52.0;4500.0;975.40;839.83;6.0;1.0;0;1.0;0;0;1.0;0;0;0;0;0;1.0;1.0;0;0;0;0;0
407579;1.15;0.87;82.0;3581.0;27.0;80.25;39.75;3.52;10.43;13.92;0.58;1.93;2.82;86820.0;82.0;83.0;52.0;4508.0;975.48;839.83;6.0;1.0;0;1.0;0;0;1.0;0;0;0;0;0;1.0;1.0;0;0;0;0;0
408099;1.27;0.85;82.0;3529.0;27.0;80.25;40.5;3.92;11.87;14.01;2.28;0.82;2.58;86820.0;82.0;83.0;52.0;4510.0;975.71;546.86;6.0;1.0;0;1.0;0;0;1.0;0;0;0;0;0;1.0;1.0;0;0;0;0;0
408669;1.65;0.85;83.0;3576.0;27.0;81.0;40.5;5.49;15.58;14.01;0.76;0.23;2.58;86820.0;82.0;84.0;52.0;4500.0;975.83;371.08;6.0;1.0;0;1.0;0;0;1.0;0;0;0;0;0;1.0;1.0;0;0;0;0;0
409189;1.80;0.86;85.0;3630.0;27.0;81.0;41.25;6.27;16.74;13.82;0.25;0;2.82;86820.0;84.0;85.0;52.0;4505.0;976.06;449.21;6.0;1.0;0;1.0;0;0;1.0;0;0;0;0;0;1.0;1.0;0;0;0;0;0
409712;1.84;0.87;86.0;3710.0;27.0;81.0;42.0;6.27;16.80;14.01;0;0;2.58;86820.0;85.0;87.0;52.0;4503.0;976.26;820.30;6.0;1.0;0;1.0;0;0;1.0;0;0;0;0;0;1.0;1.0;0;0;0;0;0
410239;1.59;0.83;87.0;3701.0;27.0;81.0;42.0;5.49;15.22;14.01;1.75;0;2.58;86820.0;86.0;87.0;52.0;4502.0;976.37;449.21;6.0;1.0;0;1.0;0;0;1.0;0;0;0;0;0;1.0;1.0;0;0;0;0;0
410799;1.56;0.83;88.0;3749.0;27.0;81.0;42.75;5.49;14.92;13.92;0.52;0;2.82;86820.0;87.0;89.0;52.0;4514.0;976.49;839.83;6.0;1.0;0;1.0;0;0;1.0;0;0;0;0;0;1.0;1.0;0;0;0;0;0
411319;1.50;0.82;88.0;3769.0;27.0;81.0;43.5;5.49;14.54;14.01;1.95;0;2.58;86820.0;88.0;89.0;52.0;4515.0;976.53;97.65;6.0;1.0;0;1.0;0;0;1.0;0;0;0;0;0;1.0;1.0;0;0;0;0;0
411849;1.57;0.85;90.0;3791.0;27.0;81.0;43.5;5.49;14.95;14.01;0.60;0;2.58;86820.0;89.0;90.0;52.0;4510.0;976.61;820.30;6.0;1.0;0;1.0;0;0;1.0;0;0;0;0;0;1.0;1.0;0;0;0;0;0
412369;1.46;0.82;90.0;3832.0;27.0;81.0;43.5;5.09;14.18;14.01;0.17;1.46;2.58;86820.0;89.0;90.0;52.0;4516.0;976.61;664.05;6.0;1.0;0;1.0;0;0;1.0;0;0;0;0;0;1.0;1.0;0;0;0;0;0
412889;1.47;0.82;90.0;3814.0;27.0;81.0;44.25;5.09;14.21;13.73;0;0.56;2.82;86821.0;90.0;91.0;52.0;4511.0;976.65;136.71;6.0;1.0;0;1.0;0;0;1.0;0;0;0;0;0;1.0;1.0;0;0;0;0;0
413409;1.46;0.85;91.0;3844.0;27.0;81.0;44.25;5.09;13.74;13.92;0.95;0.15;2.82;86821.0;90.0;91.0;52.0;4520.0;976.73;859.36;6.0;1.0;0;1.0;0;0;1.0;0;0;0;0;0;1.0;1.0;0;0;0;0;0
413939;0.93;0.82;91.0;3849.0;27.0;81.0;45.0;3.13;9.71;14.01;1.34;0;2.58;86821.0;91.0;91.0;52.0;4530.0;976.92;781.24;6.0;1.0;0;1.0;0;0;1.0;0;0;0;0;0;1.0;1.0;0;0;0;0;0
414500;0.52;1.00;91.0;3819.0;27.0;81.0;-30.0;0;0;14.01;1.26;1.38;2.58;86821.0;91.0;90.0;52.0;4571.0;977.2;19.53;6.0;1.0;0;1.0;0;0;1.0;0;0;0;0;0;1.0;1.0;0;0;0;0;0
415019;0.51;1.00;88.0;3781.0;27.0;81.0;-30.0;0;0;14.11;0.42;2.05;2.58;86821.0;89.0;89.0;52.0;4584.0;977.39;0;6.0;1.0;0;1.0;0;0;1.0;0;0;0;0;0;1.0;1.0;0;0;0;0;0
415539;0.53;1.00;88.0;3750.0;27.0;81.0;-30.0;0;0;14.20;0.93;0.62;2.58;86821.0;89.0;89.0;52.0;4592.0;977.59;0;6.0;1.0;0;1.0;0;0;1.0;0;0;0;0;0;1.0;1.0;0;0;0;0;0
416059;0.55;1.00;87.0;3728.0;27.0;81.0;-30.0;0;0;14.11;3.18;0.17;2.58;86821.0;88.0;88.0;52.0;4586.0;977.66;0;6.0;1.0;0;1.0;0;0;1.0;0;0;0;0;0;1.0;1.0;0;0;0;0;0
416579;0.59;1.00;87.0;3652.0;27.0;81.0;-30.0;0;0;14.01;1.34;1.75;2.58;86821.0;87.0;87.0;52.0;4593.0;977.90;0;6.0;1.0;0;1.0;0;0;1.0;0;0;0;0;0;1.0;1.0;0;0;0;0;0
417099;0.58;1.00;86.0;3645.0;27.0;81.0;-30.0;0;0;14.11;0.50;0.68;2.58;86821.0;86.0;86.0;52.0;4592.0;977.98;0;6.0;1.0;0;1.0;0;0;1.0;0;0;0;0;0;1.0;1.0;0;0;0;0;0
417619;0.58;1.00;85.0;3598.0;27.0;81.0;-30.0;0;0;14.20;2.24;0.23;2.58;86821.0;86.0;85.0;52.0;4605.0;978.25;0;6.0;1.0;0;1.0;0;0;1.0;0;0;0;0;0;1.0;1.0;0;0;0;0;0
418149;0.58;1.00;83.0;3532.0;27.0;81.0;-30.0;0;0;14.11;4.14;0;2.58;86821.0;84.0;83.0;52.0;4623.0;978.56;0;6.0;1.0;0;1.0;0;0;1.0;0;0;0;0;0;1.0;1.0;0;0;0;0;0
418669;0.59;1.00;81.0;3442.0;27.0;81.0;-30.0;0;0;14.11;1.89;2.08;2.58;86821.0;79.0;81.0;52.0;4639.0;978.72;0;6.0;1.0;0;1.0;0;0;1.0;0;0;0;0;0;1.0;1.0;0;0;0;0;0
419189;0.63;1.00;77.0;3245.0;27.0;81.0;-30.0;0;0;14.01;2.44;0.89;2.58;86821.0;77.0;77.0;52.0;4598.0;978.84;0;6.0;1.0;0;1.0;0;0;1.0;0;0;0;0;0;1.0;1.0;0;0;0;0;0
419711;1.05;1.00;76.0;3181.0;27.0;81.0;36.75;1.17;6.50;14.11;2.44;0.35;2.58;86821.0;76.0;75.0;52.0;4419.0;978.95;0;6.0;1.0;0;1.0;0;0;1.0;0;0;0;0;0;1.0;1.0;0;0;0;0;0
420229;1.80;1.00;76.0;3209.0;27.0;81.0;33.75;4.31;13.45;13.92;0.93;0.03;2.82;86821.0;75.0;77.0;52.0;4245.0;978.99;878.89;6.0;1.0;0;1.0;0;0;1.0;0;0;0;0;0;1.0;1.0;0;0;0;0;0
420749;1.97;0.97;77.0;3293.0;27.0;81.0;38.25;5.49;15.75;14.11;2.30;1.30;2.58;86821.0;77.0;77.0;52.0;4370.0;979.03;898.42;6.0;1.0;0;1.0;0;0;1.0;0;0;0;0;0;1.0;1.0;0;0;0;0;0
421269;1.86;0.94;78.0;3339.0;27.0;81.0;38.25;5.49;15.71;13.92;0.99;0.52;2.82;86821.0;79.0;79.0;52.0;4464.0;979.15;878.89;6.0;1.0;0;1.0;0;0;1.0;0;0;0;0;0;1.0;1.0;0;0;0;0;0
421790;1.76;0.91;81.0;3437.0;27.0;81.0;39.0;5.49;15.48;13.92;1.75;0.17;2.82;86821.0;80.0;81.0;52.0;4504.0;979.38;859.36;6.0;1.0;0;1.0;0;0;1.0;0;0;0;0;0;1.0;1.0;0;0;0;0;0
422359;1.65;0.87;81.0;3472.0;27.0;81.0;39.75;5.09;15.16;13.82;0.72;0;2.82;86821.0;81.0;82.0;52.0;4528.0;979.66;800.77;6.0;1.0;0;1.0;0;0;1.0;0;0;0;0;0;1.0;1.0;0;0;0;0;0
422879;1.54;0.84;83.0;3535.0;27.0;80.25;39.75;5.09;14.53;14.01;2.30;0;2.58;86821.0;82.0;83.0;52.0;4514.0;979.93;703.11;6.0;1.0;0;1.0;0;0;1.0;0;0;0;0;0;1.0;1.0;0;0;0;0;0
423399;1.50;0.82;83.0;3557.0;27.0;80.25;40.5;5.09;14.58;14.01;0.93;0;2.58;86821.0;83.0;84.0;52.0;4505.0;980.05;117.18;6.0;1.0;0;1.0;0;0;1.0;0;0;0;0;0;1.0;1.0;0;0;0;0;0
423930;1.22;0.85;83.0;3542.0;27.0;80.25;40.5;3.92;11.39;14.01;0.33;2.08;2.58;86821.0;84.0;84.0;52.0;4517.0;980.16;234.37;6.0;1.0;0;1.0;0;0;1.0;0;0;0;0;0;1.0;1.0;0;0;0;0;0
424449;1.10;0.86;83.0;3593.0;27.0;80.25;41.25;3.13;10.09;13.92;0;0.68;2.82;86821.0;84.0;84.0;52.0;4508.0;980.24;820.30;6.0;1.0;0;1.0;0;0;1.0;0;0;0;0;0;1.0;1.0;0;0;0;0;0
424969;1.08;0.85;85.0;3586.0;27.0;80.25;40.5;3.13;10.05;13.82;0;0.23;2.82;86821.0;84.0;85.0;52.0;4508.0;980.28;781.24;6.0;1.0;0;1.0;0;0;1.0;0;0;0;0;0;1.0;1.0;0;0;0;0;0
425579;1.08;0.85;85.0;3586.0;27.0;80.25;41.25;3.13;10.10;14.01;0;0;2.58;86821.0;85.0;85.0;52.0;4514.0;980.32;78.12;6.0;1.0;0;1.0;0;0;1.0;0;0;0;0;0;1.0;1.0;0;0;0;0;0
426109;1.10;0.86;85.0;3608.0;27.0;80.25;41.25;3.13;10.05;14.01;0;0;2.58;86821.0;84.0;85.0;52.0;4510.0;980.52;839.83;6.0;1.0;0;1.0;0;0;1.0;0;0;0;0;0;1.0;1.0;0;0;0;0;0
426629;1.02;0.85;85.0;3620.0;27.0;80.25;41.25;3.13;10.10;14.01;0;0;2.58;86821.0;85.0;85.0;52.0;4516.0;980.55;664.05;6.0;1.0;0;1.0;0;0;1.0;0;0;0;0;0;1.0;1.0;0;0;0;0;0
427149;1.08;0.85;85.0;3616.0;27.0;80.25;41.25;3.13;9.92;14.01;0;0;2.58;86821.0;85.0;85.0;52.0;4514.0;980.67;449.21;6.0;1.0;0;1.0;0;0;1.0;0;0;0;0;0;1.0;1.0;0;0;0;0;0
427669;1.21;0.87;85.0;3658.0;27.0;80.25;42.0;3.92;11.21;14.01;0;0;2.58;86821.0;85.0;86.0;52.0;4492.0;980.87;156.24;6.0;1.0;0;1.0;0;0;1.0;0;0;0;0;0;1.0;1.0;0;0;0;0;0
428189;1.34;0.87;86.0;3662.0;27.0;80.25;42.0;4.31;12.22;14.01;0;0;2.58;86821.0;86.0;86.0;52.0;4514.0;981.10;839.83;6.0;1.0;0;1.0;0;0;1.0;0;0;0;0;0;1.0;1.0;0;0;0;0;0
428719;1.30;0.85;86.0;3686.0;27.0;80.25;42.0;4.31;12.14;14.11;0;1.23;2.58;86821.0;86.0;87.0;52.0;4507.0;981.26;664.05;6.0;1.0;0;1.0;0;0;1.0;0;0;0;0;0;1.0;1.0;0;0;0;0;0
429229;1.32;0.86;87.0;3693.0;27.0;80.25;42.75;4.31;12.25;13.92;0;0.35;2.82;86821.0;88.0;88.0;52.0;4505.0;981.37;781.24;6.0;1.0;0;1.0;0;0;1.0;0;0;0;0;0;1.0;1.0;0;0;0;0;0
429749;1.21;0.83;87.0;3732.0;27.0;80.25;42.75;3.92;11.43;13.92;0;1.87;2.82;86821.0;88.0;88.0;52.0;4511.0;981.45;214.84;6.0;1.0;0;1.0;0;0;1.0;0;0;0;0;0;1.0;1.0;0;0;0;0;0
430269;1.18;0.84;88.0;3743.0;27.0;80.25;43.5;3.92;11.04;13.92;1.75;0.70;2.82;86821.0;88.0;88.0;52.0;4506.0;981.49;58.59;6.0;1.0;0;1.0;0;0;1.0;0;0;0;0;0;1.0;1.0;0;0;0;0;0
430799;1.19;0.86;88.0;3762.0;27.0;80.25;42.75;3.92;10.99;14.01;0.64;1.75;2.58;86821.0;88.0;89.0;52.0;4508.0;981.61;742.17;6.0;1.0;0;1.0;0;0;1.0;0;0;0;0;0;1.0;1.0;0;0;0;0;0
431369;1.2;0.86;88.0;3771.0;27.0;80.25;42.75;3.92;10.96;14.01;1.19;2.63;2.58;86821.0;88.0;88.0;52.0;4512.0;981.88;839.83;6.0;1.0;0;1.0;0;0;1.0;0;0;0;0;0;1.0;1.0;0;0;0;0;0
431888;1.00;0.84;88.0;3761.0;27.0;80.25;43.5;3.13;9.43;14.01;2.24;1.03;2.58;86821.0;89.0;89.0;52.0;4507.0;982.04;312.49;6.0;1.0;0;1.0;0;0;1.0;0;0;0;0;0;1.0;1.0;0;0;0;0;0
432459;1.00;0.85;88.0;3724.0;27.0;80.25;42.75;3.13;9.29;14.01;0.70;1.60;2.58;86821.0;88.0;88.0;52.0;4518.0;982.31;800.77;6.0;1.0;0;1.0;0;0;1.0;0;0;0;0;0;1.0;1.0;0;0;0;0;0
433019;1.0;0.85;88.0;3735.0;27.0;80.25;43.5;3.13;9.26;13.82;1.42;2.69;2.82;86821.0;88.0;88.0;52.0;4518.0;982.47;605.46;6.0;1.0;0;1.0;0;0;1.0;0;0;0;0;0;1.0;1.0;0;0;0;0;0
433549;0.99;0.86;87.0;3743.0;27.0;80.25;42.75;2.74;8.94;14.11;2.20;1.79;2.58;86821.0;88.0;88.0;52.0;4512.0;982.62;820.30;6.0;1.0;0;1.0;0;0;1.0;0;0;0;0;0;1.0;1.0;0;0;0;0;0
434069;0.96;0.85;87.0;3748.0;27.0;80.25;42.75;2.74;8.68;14.01;0.83;0.70;2.58;86821.0;88.0;88.0;52.0;4508.0;982.66;781.24;6.0;1.0;0;1.0;0;0;1.0;0;0;0;0;0;1.0;1.0;0;0;0;0;0
434589;0.88;0.84;87.0;3749.0;27.0;80.25;42.75;2.35;8.18;14.01;2.07;0.21;2.58;86821.0;88.0;88.0;52.0;4507.0;982.74;527.33;6.0;1.0;0;1.0;0;0;1.0;0;0;0;0;0;1.0;1.0;0;0;0;0;0
435109;0.86;0.84;87.0;3690.0;27.0;80.25;42.75;2.35;8.06;14.01;0.78;1.77;2.58;86821.0;87.0;87.0;52.0;4512.0;982.78;605.46;6.0;1.0;0;1.0;0;0;1.0;0;0;0;0;0;1.0;1.0;0;0;0;0;0
435629;0.85;0.85;87.0;3684.0;27.0;80.25;42.75;2.35;7.83;14.11;2.01;0.54;2.58;86821.0;87.0;87.0;52.0;4511.0;982.78;683.58;6.0;1.0;0;1.0;0;0;1.0;0;0;0;0;0;1.0;1.0;0;0;0;0;0
436149;0.86;0.84;87.0;3672.0;27.0;80.25;42.0;2.35;7.86;14.01;0.82;2.26;2.58;86821.0;87.0;87.0;52.0;4503.0;983.05;703.11;6.0;1.0;0;1.0;0;0;1.0;0;0;0;0;0;1.0;1.0;0;0;0;0;0
436669;0.84;0.83;86.0;3686.0;27.0;80.25;42.0;2.35;7.83;14.11;0.25;2.03;2.58;86821.0;86.0;87.0;52.0;4519.0;983.37;722.64;6.0;1.0;0;1.0;0;0;1.0;0;0;0;0;0;1.0;1.0;0;0;0;0;0
437189;0.86;0.84;86.0;3638.0;27.0;80.25;42.0;1.96;7.92;14.01;3.35;0.82;2.58;86821.0;86.0;87.0;52.0;4507.0;983.56;488.27;6.0;1.0;0;1.0;0;0;1.0;0;0;0;0;0;1.0;1.0;0;0;0;0;0
437719;0.84;0.85;86.0;3641.0;27.0;80.25;42.0;1.96;7.53;13.82;1.42;0.27;2.82;86821.0;86.0;86.0;52.0;4538.0;983.72;58.59;6.0;1.0;0;1.0;0;0;1.0;0;0;0;0;0;1.0;1.0;0;0;0;0;0
438239;0.91;0.87;85.0;3603.0;27.0;80.25;41.25;2.35;8.11;14.01;0.42;6.73;2.58;86821.0;86.0;86.0;52.0;4504.0;983.87;58.59;6.0;1.0;0;1.0;0;0;1.0;0;0;0;0;0;1.0;1.0;0;0;0;0;0
438759;0.95;0.88;85.0;3605.0;27.0;80.25;41.25;2.35;8.51;14.01;0.07;5.40;2.58;86821.0;85.0;85.0;52.0;4510.0;983.91;839.83;6.0;1.0;0;1.0;0;0;1.0;0;0;0;0;0;1.0;1.0;0;0;0;0;0
439279;0.92;0.86;85.0;3612.0;27.0;80.25;41.25;2.35;8.49;14.01;0;2.34;2.58;86821.0;85.0;85.0;52.0;4521.0;983.99;644.52;6.0;1.0;0;1.0;0;0;1.0;0;0;0;0;0;1.0;1.0;0;0;0;0;0
439799;0.93;0.86;85.0;3564.0;27.0;80.25;41.25;2.74;8.62;14.01;0;0.95;2.58;86821.0;85.0;85.0;52.0;4515.0;984.03;39.06;6.0;1.0;0;1.0;0;0;1.0;0;0;0;0;0;1.0;1.0;0;0;0;0;0
440319;1.04;0.88;85.0;3592.0;27.0;80.25;41.25;2.74;9.41;14.11;0;5.70;2.58;86821.0;85.0;85.0;52.0;4494.0;984.38;839.83;6.0;1.0;0;1.0;0;0;1.0;0;0;0;0;0;1.0;1.0;0;0;0;0;0
440839;1.08;0.87;85.0;3584.0;27.0;80.25;41.25;3.13;9.85;14.11;0;10.37;2.58;86821.0;85.0;85.0;52.0;4511.0;984.66;800.77;6.0;1.0;0;1.0;0;0;1.0;0;0;0;0;0;1.0;1.0;0;0;0;0;0
441368;1.09;0.85;85.0;3624.0;27.75;80.25;41.25;3.52;10.16;14.01;0;12.49;2.58;86821.0;85.0;85.0;52.0;4508.0;984.85;78.12;6.0;1.0;0;1.0;0;0;1.0;0;0;0;0;0;1.0;1.0;0;0;0;0;0
441889;1.15;0.87;85.0;3603.0;27.75;80.25;41.25;3.52;10.45;14.01;0;11.34;2.58;86821.0;85.0;85.0;52.0;4507.0;985.01;58.59;6.0;1.0;0;1.0;0;0;1.0;0;0;0;0;0;1.0;1.0;0;0;0;0;0
442408;1.24;0.88;86.0;3674.0;27.75;81.0;42.0;3.92;10.78;14.01;0;6.38;2.58;86821.0;86.0;86.0;52.0;4502.0;985.09;117.18;6.0;1.0;0;1.0;0;0;1.0;0;0;0;0;0;1.0;1.0;0;0;0;0;0
442928;1.46;0.89;86.0;3630.0;27.75;81.0;42.0;4.70;12.92;13.92;0;2.79;2.82;86821.0;85.0;86.0;52.0;4515.0;985.16;878.89;6.0;1.0;0;1.0;0;0;1.0;0;0;0;0;0;1.0;1.0;0;0;0;0;0
443448;1.33;0.87;86.0;3653.0;27.75;81.0;42.0;4.31;12.15;14.01;2.08;1.17;2.58;86821.0;86.0;86.0;52.0;4511.0;985.20;781.24;6.0;1.0;0;1.0;0;0;1.0;0;0;0;0;0;1.0;1.0;0;0;0;0;0
443968;1.23;0.85;86.0;3667.0;27.75;81.0;42.0;3.92;11.53;13.92;4.82;0.39;2.82;86821.0;86.0;86.0;52.0;4510.0;985.24;566.39;6.0;1.0;0;1.0;0;0;1.0;0;0;0;0;0;1.0;1.0;0;0;0;0;0
444518;1.22;0.85;86.0;3619.0;27.75;81.0;42.0;3.92;11.32;14.01;2.07;0.07;2.58;86821.0;86.0;86.0;52.0;4516.0;985.28;58.59;6.0;1.0;0;1.0;0;0;1.0;0;0;0;0;0;1.0;1.0;0;0;0;0;0
445038;1.34;0.87;86.0;3659.0;27.75;81.0;41.25;4.31;12.18;14.01;0.68;3.26;2.58;86821.0;86.0;86.0;52.0;4508.0;985.63;292.96;6.0;1.0;0;1.0;0;0;1.0;0;0;0;0;0;1.0;1.0;0;0;0;0;0
445558;1.41;0.89;87.0;3662.0;27.75;81.0;42.0;4.31;12.61;14.01;0.23;1.36;2.58;86821.0;86.0;87.0;52.0;4526.0;985.79;859.36;6.0;1.0;0;1.0;0;0;1.0;0;0;0;0;0;1.0;1.0;0;0;0;0;0
446078;1.37;0.87;87.0;3689.0;27.75;81.0;42.75;4.31;12.57;14.11;1.52;0.48;2.58;86821.0;86.0;87.0;52.0;4508.0;986.02;683.58;6.0;1.0;0;1.0;0;0;1.0;0;0;0;0;0;1.0;1.0;0;0;0;0;0
446608;1.44;0.85;87.0;3709.0;27.75;81.0;42.0;4.70;13.42;14.11;0.54;0.13;2.58;86821.0;87.0;87.0;52.0;4494.0;986.18;97.65;6.0;1.0;0;1.0;0;0;1.0;0;0;0;0;0;1.0;1.0;0;0;0;0;0
447178;1.58;0.87;87.0;3723.0;27.75;81.0;42.75;5.09;14.40;13.82;0.09;0;2.82;86821.0;88.0;88.0;52.0;4515.0;986.30;820.30;6.0;1.0;0;1.0;0;0;1.0;0;0;0;0;0;1.0;1.0;0;0;0;0;0
447698;1.66;0.83;87.0;3739.0;27.75;81.0;42.0;5.88;15.78;14.11;0;1.75;2.58;86821.0;88.0;88.0;52.0;4508.0;986.37;156.24;6.0;1.0;0;1.0;0;0;1.0;0;0;0;0;0;1.0;1.0;0;0;0;0;0
448219;1.69;0.87;88.0;3747.0;27.75;81.0;42.0;5.88;15.44;13.92;1.46;0.52;2.82;86821.0;88.0;89.0;52.0;4515.0;986.45;722.64;6.0;1.0;0;1.0;0;0;1.0;0;0;0;0;0;1.0;1.0;0;0;0;0;0
448789;1.59;0.87;88.0;3758.0;27.75;81.0;43.5;5.49;14.97;13.82;0.52;1.42;2.82;86821.0;89.0;89.0;52.0;4510.0;986.49;839.83;6.0;1.0;0;1.0;0;0;1.0;0;0;0;0;0;0;1.0;0;0;0;0;0
449309;1.48;0.84;88.0;3763.0;27.75;81.0;43.5;5.09;14.04;13.92;1.05;1.93;2.82;86821.0;89.0;89.0;52.0;4523.0;986.53;800.77;6.0;1.0;0;1.0;0;0;1.0;0;0;0;0;0;1.0;1.0;0;0;0;0;0
449828;1.42;0.81;90.0;3777.0;27.75;81.0;43.5;5.09;13.99;14.01;1.60;2.83;2.58;86821.0;89.0;90.0;52.0;4515.0;986.53;78.12;6.0;1.0;0;1.0;0;0;1.0;0;0;0;0;0;1.0;1.0;0;0;0;0;0
450348;1.45;0.84;90.0;3839.0;27.75;81.0;43.5;5.09;13.82;14.01;2.14;1.11;2.58;86821.0;89.0;90.0;52.0;4521.0;986.77;351.55;6.0;1.0;0;1.0;0;0;1.0;0;0;0;0;0;1.0;1.0;0;0;0;0;0
450868;1.43;0.86;90.0;3826.0;27.75;81.0;44.25;4.70;13.25;14.11;0.82;1.42;2.58;86821.0;90.0;91.0;52.0;4511.0;986.92;839.83;6.0;1.0;0;1.0;0;0;1.0;0;0;0;0;0;1.0;1.0;0;0;0;0;0
451388;1.36;0.83;90.0;3792.0;27.75;81.0;43.5;4.70;12.93;13.92;2.03;1.58;2.82;86821.0;90.0;90.0;52.0;4510.0;987.20;214.84;6.0;1.0;0;1.0;0;0;1.0;0;0;0;0;0;1.0;1.0;0;0;0;0;0
451919;1.32;0.84;90.0;3851.0;27.75;81.0;43.5;4.70;12.43;14.01;0.62;0.46;2.58;86821.0;90.0;90.0;52.0;4510.0;987.39;78.12;6.0;1.0;0;1.0;0;0;1.0;0;0;0;0;0;1.0;1.0;0;0;0;0;0
452439;1.24;0.86;90.0;3854.0;27.75;81.0;44.25;4.31;11.42;14.01;1.97;0.09;2.58;86821.0;90.0;90.0;52.0;4518.0;987.51;722.64;6.0;1.0;0;1.0;0;0;1.0;0;0;0;0;0;1.0;1.0;0;0;0;0;0
452958;1.22;0.86;90.0;3810.0;27.75;81.0;43.5;3.92;11.25;14.01;0.78;0;2.58;86821.0;90.0;90.0;52.0;4500.0;987.62;859.36;6.0;1.0;0;1.0;0;0;1.0;0;0;0;0;0;1.0;1.0;0;0;0;0;0
453478;1.20;0.84;91.0;3814.0;27.75;81.0;43.5;3.92;11.24;14.01;0.25;0;2.58;86821.0;91.0;91.0;52.0;4505.0;987.66;624.99;6.0;1.0;0;1.0;0;0;1.0;0;0;0;0;0;1.0;1.0;0;0;0;0;0
453998;1.20;0.84;90.0;3779.0;27.75;81.0;43.5;3.92;11.29;14.01;1.75;0.95;2.58;86822.0;90.0;90.0;52.0;4516.0;987.74;58.59;6.0;1.0;0;1.0;0;0;1.0;0;0;0;0;0;1.0;1.0;0;0;0;0;0
454529;1.25;0.86;90.0;3818.0;27.75;81.0;44.25;4.31;11.53;13.92;2.44;0.31;2.82;86822.0;90.0;90.0;52.0;4506.0;987.82;703.11;6.0;1.0;0;1.0;0;0;1.0;0;0;0;0;0;1.0;1.0;0;0;0;0;0
455048;1.20;0.86;90.0;3867.0;27.75;81.0;44.25;3.92;11.08;14.11;3.04;1.26;2.58;86822.0;90.0;90.0;52.0;4518.0;987.90;820.30;6.0;1.0;0;1.0;0;0;1.0;0;0;0;0;0;1.0;1.0;0;0;0;0;0
455619;1.05;0.84;90.0;3760.0;27.75;81.0;43.5;3.52;9.89;14.01;1.19;2.01;2.58;86822.0;89.0;90.0;52.0;4526.0;988.17;800.77;6.0;1.0;0;1.0;0;0;1.0;0;0;0;0;0;1.0;1.0;0;0;0;0;0
456139;0.50;0.83;88.0;3746.0;27.75;81.0;43.5;0.39;5.26;14.11;0.31;2.42;2.58;86822.0;89.0;89.0;52.0;4526.0;988.37;39.06;6.0;1.0;0;1.0;0;0;1.0;0;0;0;0;0;1.0;1.0;0;0;0;0;0
456659;0.56;1.00;87.0;3708.0;27.75;81.0;-30.0;0;0;14.20;1.34;0.93;2.58;86822.0;87.0;87.0;52.0;4582.0;988.48;19.53;6.0;1.0;0;1.0;0;0;1.0;0;0;0;0;0;1.0;1.0;0;0;0;0;0
457179;0.6;1.00;86.0;3604.0;27.75;81.0;-30.0;0;0;14.11;0.54;0.31;2.58;86822.0;86.0;86.0;52.0;4593.0;988.64;0;6.0;1.0;0;1.0;0;0;1.0;0;0;0;0;0;1.0;1.0;0;0;0;0;0
457699;1.16;1.00;85.0;3614.0;27.75;81.0;36.75;2.74;8.21;14.20;0.07;2.07;2.58;86822.0;85.0;85.0;52.0;4226.0;988.80;878.89;6.0;1.0;0;1.0;0;0;1.0;0;0;0;0;0;1.0;1.0;0;0;0;0;0
458229;1.52;0.99;85.0;3660.0;27.75;81.0;42.0;3.92;11.61;14.11;0;0.83;2.58;86822.0;85.0;85.0;52.0;4298.0;988.87;898.42;6.0;1.0;0;1.0;0;0;1.0;0;0;0;0;0;1.0;1.0;0;0;0;0;0
458749;1.54;0.97;85.0;3632.0;27.75;81.0;42.0;4.31;12.40;14.11;0;0.29;2.58;86822.0;86.0;85.0;52.0;4431.0;988.91;898.42;6.0;1.0;0;1.0;0;0;1.0;0;0;0;0;0;1.0;1.0;0;0;0;0;0
459319;1.31;0.95;86.0;3666.0;27.75;81.0;42.0;3.92;10.97;14.11;0;0;2.58;86822.0;86.0;86.0;52.0;4500.0;988.95;898.42;6.0;1.0;0;1.0;0;0;1.0;0;0;0;0;0;1.0;1.0;0;0;0;0;0
459839;1.22;0.93;86.0;3664.0;27.75;81.0;42.0;3.52;10.41;14.11;2.32;0;2.58;86822.0;86.0;87.0;52.0;4507.0;988.99;878.89;6.0;1.0;0;1.0;0;0;1.0;0;0;0;0;0;1.0;1.0;0;0;0;0;0
460359;1.2;0.91;87.0;3689.0;27.75;81.0;42.0;3.52;10.34;14.01;0.95;2.08;2.58;86822.0;87.0;87.0;52.0;4501.0;989.07;878.89;6.0;1.0;0;1.0;0;0;1.0;0;0;0;0;0;1.0;1.0;0;0;0;0;0
460879;1.12;0.90;86.0;3676.0;27.75;81.0;42.0;3.13;9.86;14.11;0.31;1.95;2.58;86822.0;87.0;87.0;52.0;4521.0;989.23;859.36;6.0;1.0;0;1.0;0;0;1.0;0;0;0;0;0;1.0;1.0;0;0;0;0;0
461399;1.17;0.88;86.0;3679.0;27.75;81.0;42.0;3.52;10.52;14.20;2.44;0.64;2.58;86822.0;86.0;87.0;52.0;4505.0;989.38;800.77;6.0;1.0;0;1.0;0;0;1.0;0;0;0;0;0;1.0;1.0;0;0;0;0;0
461929;1.15;0.86;86.0;3673.0;27.75;81.0;42.0;3.52;10.53;14.11;0.99;4.10;2.58;86822.0;86.0;86.0;52.0;4513.0;989.66;664.05;6.0;1.0;0;1.0;0;0;1.0;0;0;0;0;0;1.0;1.0;0;0;0;0;0
462451;1.13;0.85;86.0;3640.0;27.75;81.0;42.0;3.52;10.48;14.11;0.31;1.75;2.58;86822.0;85.0;87.0;52.0;4511.0;989.81;175.77;6.0;1.0;0;1.0;0;0;1.0;0;0;0;0;0;1.0;1.0;0;0;0;0;0
462969;2.36;0.98;86.0;3683.0;27.75;81.0;40.5;7.05;18.70;14.11;0.01;0.64;2.58;86822.0;86.0;87.0;52.0;4498.0;989.97;878.89;6.0;1.0;0;1.0;0;0;1.0;0;0;0;0;0;1.0;1.0;0;0;0;0;0
463489;2.17;0.93;88.0;3752.0;27.75;81.0;41.25;7.05;18.48;14.20;0;0.21;2.58;86822.0;87.0;89.0;52.0;4512.0;990.05;839.83;6.0;1.0;0;1.0;0;0;1.0;0;0;0;0;0;1.0;1.0;0;0;0;0;0
464020;1.94;0.87;90.0;3789.0;27.75;81.0;42.75;7.05;17.77;14.11;0;0;2.58;86822.0;88.0;90.0;52.0;4521.0;990.12;664.05;6.0;1.0;0;1.0;0;0;1.0;0;0;0;0;0;1.0;1.0;0;0;0;0;0
464579;1.84;0.84;90.0;3804.0;27.75;81.0;42.75;6.66;17.44;14.11;0;1.46;2.58;86822.0;88.0;90.0;52.0;4517.0;990.16;78.12;6.0;1.0;0;1.0;0;0;1.0;0;0;0;0;0;1.0;1.0;0;0;0;0;0
465109;1.78;0.89;90.0;3809.0;27.75;81.0;42.75;6.27;15.89;14.11;0.83;1.93;2.58;86822.0;89.0;90.0;52.0;4508.0;990.20;859.36;6.0;1.0;0;1.0;0;0;1.0;0;0;0;0;0;1.0;1.0;0;0;0;0;0
465629;1.65;0.86;90.0;3820.0;27.75;81.0;43.5;5.49;15.09;14.11;1.32;0.70;2.58;86822.0;89.0;90.0;52.0;4521.0;990.24;839.83;6.0;1.0;0;1.0;0;0;1.0;0;0;0;0;0;1.0;1.0;0;0;0;0;0
466149;1.12;0.84;91.0;3832.0;27.75;81.0;44.25;3.92;10.60;14.20;0.46;2.01;2.58;86822.0;91.0;90.0;52.0;4512.0;990.24;781.24;6.0;1.0;0;1.0;0;0;1.0;0;0;0;0;0;1.0;1.0;0;0;0;0;0
466669;1.08;0.83;90.0;3849.0;27.75;81.0;44.25;3.52;10.25;14.11;0.09;2.87;2.58;86822.0;91.0;90.0;52.0;4517.0;990.40;292.96;6.0;1.0;0;1.0;0;0;1.0;0;0;0;0;0;1.0;1.0;0;0;0;0;0
467189;1.11;0.85;90.0;3833.0;27.75;81.0;44.25;3.52;10.35;14.11;0;2.73;2.58;86822.0;90.0;90.0;52.0;4513.0;990.52;175.77;6.0;1.0;0;1.0;0;0;1.0;0;0;0;0;0;1.0;1.0;0;0;0;0;0
467719;1.00;0.86;90.0;3808.0;27.75;81.0;44.25;3.13;9.57;14.01;0;2.87;2.58;86822.0;90.0;90.0;52.0;4513.0;990.67;683.58;6.0;1.0;0;1.0;0;0;1.0;0;0;0;0;0;1.0;1.0;0;0;0;0;0
468239;0.93;0.85;90.0;3781.0;27.75;81.0;43.5;2.74;8.69;14.20;1.15;1.11;2.58;86822.0;91.0;90.0;52.0;4526.0;990.83;78.12;6.0;1.0;0;1.0;0;0;1.0;0;0;0;0;0;1.0;1.0;0;0;0;0;0
468759;0.89;0.86;90.0;3794.0;27.75;81.0;44.25;2.74;8.17;14.11;1.93;0.35;2.58;86822.0;90.0;90.0;52.0;4513.0;991.02;839.83;6.0;1.0;0;1.0;0;0;1.0;0;0;0;0;0;1.0;1.0;0;0;0;0;0
469279;0.89;0.85;90.0;3776.0;27.75;81.0;43.5;2.35;8.13;14.11;2.55;0.03;2.58;86822.0;90.0;90.0;52.0;4513.0;991.18;839.83;6.0;1.0;0;1.0;0;0;1.0;0;0;0;0;0;1.0;1.0;0;0;0;0;0
469799;0.85;0.83;88.0;3792.0;27.75;81.0;43.5;2.35;7.84;14.11;0.82;0;2.58;86822.0;89.0;89.0;52.0;4514.0;991.30;546.86;6.0;1.0;0;1.0;0;0;1.0;0;0;0;0;0;1.0;1.0;0;0;0;0;0
470329;0.88;0.84;88.0;3767.0;27.75;81.0;43.5;2.35;8.14;14.20;0.25;1.46;2.58;86822.0;89.0;89.0;52.0;4510.0;991.37;332.02;6.0;1.0;0;1.0;0;0;1.0;0;0;0;0;0;1.0;1.0;0;0;0;0;0
470849;0.94;0.85;88.0;3760.0;27.75;81.0;42.75;2.74;8.66;14.11;1.05;2.63;2.58;86822.0;88.0;88.0;52.0;4500.0;991.41;19.53;6.0;1.0;0;1.0;0;0;1.0;0;0;0;0;0;1.0;1.0;0;0;0;0;0
471369;0.96;0.86;88.0;3755.0;27.75;81.0;42.75;2.74;8.67;14.20;2.16;1.03;2.58;86822.0;88.0;89.0;52.0;4504.0;991.45;58.59;6.0;1.0;0;1.0;0;0;1.0;0;0;0;0;0;1.0;1.0;0;0;0;0;0
471889;0.98;0.88;87.0;3745.0;27.75;81.0;42.75;2.74;8.68;14.01;0.66;1.60;2.58;86822.0;88.0;88.0;52.0;4525.0;991.61;97.65;6.0;1.0;0;1.0;0;0;1.0;0;0;0;0;0;1.0;1.0;0;0;0;0;0
472409;0.96;0.88;87.0;3744.0;27.75;81.0;42.75;2.74;8.49;14.11;1.34;0.58;2.58;86822.0;88.0;88.0;52.0;4511.0;991.88;878.89;6.0;1.0;0;1.0;0;0;1.0;0;0;0;0;0;1.0;1.0;0;0;0;0;0
472939;1.06;0.87;87.0;3685.0;27.75;81.0;42.0;3.13;9.63;14.20;0.46;1.34;2.58;86822.0;87.0;87.0;52.0;4506.0;992.12;839.83;6.0;1.0;0;1.0;0;0;1.0;0;0;0;0;0;1.0;1.0;0;0;0;0;0
473459;1.48;0.86;87.0;3798.0;27.75;81.0;43.5;5.09;13.70;14.20;2.53;0.46;2.58;86822.0;86.0;87.0;52.0;4505.0;992.31;683.58;6.0;1.0;0;1.0;0;0;1.0;0;0;0;0;0;1.0;1.0;0;0;0;0;0
473979;1.75;0.85;88.0;3738.0;27.75;81.75;42.0;6.27;16.35;14.01;0.99;1.42;2.58;86822.0;88.0;88.0;52.0;4522.0;992.43;585.93;6.0;1.0;0;1.0;0;0;1.0;0;0;0;0;0;1.0;1.0;0;0;0;0;0
474499;1.91;0.86;88.0;3763.0;27.75;81.75;42.0;6.66;17.60;14.11;2.69;0.39;2.58;86822.0;88.0;89.0;52.0;4515.0;992.55;78.12;6.0;1.0;0;1.0;0;0;1.0;0;0;0;0;0;1.0;1.0;0;0;0;0;0
475029;1.96;0.90;90.0;3823.0;27.75;81.75;42.75;6.66;17.17;14.11;1.05;1.11;2.58;86822.0;89.0;90.0;52.0;4507.0;992.59;839.83;6.0;1.0;0;1.0;0;0;1.0;0;0;0;0;0;1.0;1.0;0;0;0;0;0
475549;1.80;0.86;91.0;3875.0;27.75;81.75;43.5;6.66;16.70;14.20;2.44;0.35;2.58;86822.0;91.0;91.0;52.0;4515.0;992.62;214.84;6.0;1.0;0;1.0;0;0;1.0;0;0;0;0;0;1.0;1.0;0;0;0;0;0
476069;1.83;0.89;92.0;3885.0;27.75;81.75;43.5;6.27;16.44;14.11;0.93;0.03;2.58;86822.0;92.0;92.0;52.0;4511.0;992.66;839.83;6.0;1.0;0;1.0;0;0;1.0;0;0;0;0;0;1.0;1.0;0;0;0;0;0
476589;1.54;0.85;92.0;3918.0;27.75;81.75;44.25;5.49;14.22;14.01;0.21;0;2.58;86822.0;92.0;93.0;52.0;4525.0;992.90;859.36;6.0;1.0;0;1.0;0;0;1.0;0;0;0;0;0;1.0;1.0;0;0;0;0;0
477109;1.32;0.83;93.0;3926.0;27.75;81.75;44.25;4.70;12.64;14.01;2.08;0;2.58;86822.0;93.0;93.0;52.0;4505.0;993.02;722.64;6.0;1.0;0;1.0;0;0;1.0;0;0;0;0;0;1.0;1.0;0;0;0;0;0
477639;1.15;0.82;93.0;3930.0;27.75;81.75;45.75;3.92;11.12;14.11;0.72;0;2.58;86822.0;93.0;94.0;52.0;4508.0;993.21;58.59;6.0;1.0;0;1.0;0;0;1.0;0;0;0;0;0;1.0;1.0;0;0;0;0;0
478159;1.10;0.84;92.0;3947.0;27.75;81.75;45.75;3.92;10.34;14.11;1.44;1.66;2.58;86822.0;93.0;93.0;52.0;4514.0;993.45;58.59;6.0;1.0;0;1.0;0;0;1.0;0;0;0;0;0;1.0;1.0;0;0;0;0;0
478679;1.09;0.86;93.0;3941.0;27.75;81.75;45.75;3.52;10.12;14.20;1.81;2.59;2.58;86822.0;92.0;93.0;52.0;4509.0;993.64;644.52;6.0;1.0;0;1.0;0;0;1.0;0;0;0;0;0;1.0;1.0;0;0;0;0;0
479199;1.01;0.85;92.0;3899.0;27.75;81.75;45.0;3.13;9.49;14.11;0.66;0.95;2.58;86822.0;92.0;93.0;52.0;4521.0;993.72;800.77;6.0;1.0;0;1.0;0;0;1.0;0;0;0;0;0;1.0;1.0;0;0;0;0;0
479739;1.04;0.85;92.0;3861.0;27.75;81.75;45.0;3.13;9.59;14.20;1.99;1.52;2.58;86822.0;92.0;93.0;52.0;4514.0;993.80;58.59;6.0;1.0;0;1.0;0;0;1.0;0;0;0;0;0;1.0;1.0;0;0;0;0;0
480349;1.07;0.86;92.0;3899.0;27.75;81.75;45.0;3.13;9.78;14.20;2.14;1.60;2.58;86822.0;91.0;92.0;52.0;4512.0;993.87;839.83;6.0;1.0;0;1.0;0;0;1.0;0;0;0;0;0;1.0;1.0;0;0;0;0;0
480869;1.0;0.86;91.0;3848.0;27.75;81.75;44.25;3.13;9.27;14.11;0.70;0.42;2.58;86822.0;91.0;91.0;52.0;4510.0;993.91;351.55;6.0;1.0;0;1.0;0;0;1.0;0;0;0;0;0;1.0;1.0;0;0;0;0;0
481389;0.88;0.86;91.0;3845.0;27.75;81.75;44.25;2.35;8.03;14.11;0.15;1.28;2.58;86822.0;90.0;91.0;52.0;4514.0;994.03;839.83;6.0;1.0;0;1.0;0;0;1.0;0;0;0;0;0;1.0;1.0;0;0;0;0;0
481910;0.66;0.85;90.0;3823.0;27.75;81.75;44.25;1.17;6.07;14.11;0;0.44;2.58;86822.0;90.0;90.0;52.0;4527.0;994.34;410.15;6.0;1.0;0;1.0;0;0;1.0;0;0;0;0;0;1.0;1.0;0;0;0;0;0
482429;0.56;1.00;88.0;3726.0;27.75;81.75;-30.0;0;0;14.11;0;1.34;2.58;86822.0;89.0;89.0;52.0;4551.0;994.62;19.53;6.0;1.0;0;1.0;0;0;1.0;0;0;0;0;0;1.0;1.0;0;0;0;0;0
482949;0.57;1.00;87.0;3718.0;27.75;81.75;-30.0;0;0;14.20;0;0.50;2.58;86822.0;88.0;88.0;52.0;4550.0;994.73;0;6.0;1.0;0;1.0;0;0;1.0;0;0;0;0;0;1.0;1.0;0;0;0;0;0
483519;0.59;1.00;86.0;3664.0;27.75;81.75;-30.0;0;0;14.11;1.75;0.05;2.58;86822.0;87.0;87.0;52.0;4561.0;994.89;0;6.0;1.0;0;1.0;0;0;1.0;0;0;0;0;0;1.0;1.0;0;0;0;0;0
484049;0.6;1.00;86.0;3615.0;27.75;81.75;-30.0;0;0;14.11;0.68;0;2.58;86822.0;86.0;85.0;52.0;4574.0;994.97;0;6.0;1.0;0;1.0;0;0;1.0;0;0;0;0;0;1.0;1.0;0;0;0;0;0
484569;0.6;1.00;85.0;3582.0;27.75;81.75;-30.0;0;0;14.20;0.25;0;2.58;86822.0;85.0;85.0;52.0;4587.0;995.05;0;6.0;1.0;0;1.0;0;0;1.0;0;0;0;0;0;1.0;1.0;0;0;0;0;0
485089;0.59;1.00;83.0;3529.0;27.75;81.75;-30.0;0;0;14.20;0;0;2.58;86822.0;84.0;83.0;52.0;4597.0;995.09;0;6.0;1.0;0;1.0;0;0;1.0;0;0;0;0;0;1.0;1.0;0;0;0;0;0
485609;0.58;1.00;82.0;3516.0;27.75;81.75;-30.0;0;0;14.11;1.75;0;2.58;86822.0;82.0;83.0;52.0;4604.0;995.12;0;6.0;1.0;0;1.0;0;0;1.0;0;0;0;0;0;1.0;1.0;0;0;0;0;0
486139;0.6;1.00;82.0;3461.0;27.75;81.75;-30.0;0;0;14.11;0.72;2.08;2.58;86822.0;82.0;82.0;52.0;4608.0;995.32;0;6.0;1.0;0;1.0;0;0;1.0;0;0;0;0;0;1.0;1.0;0;0;0;0;0
486659;0.61;1.00;80.0;3388.0;27.75;81.75;-30.0;0;0;14.20;0.25;0.89;2.58;86822.0;80.0;80.0;52.0;4603.0;995.44;0;6.0;1.0;0;1.0;0;0;1.0;0;0;0;0;0;1.0;1.0;0;0;0;0;0
487182;0.64;1.00;76.0;3250.0;27.75;81.75;-30.0;0;0;14.11;1.60;2.38;2.58;86822.0;76.0;77.0;52.0;4566.0;995.63;0;6.0;1.0;0;1.0;0;0;1.0;0;0;0;0;0;1.0;1.0;0;0;0;0;0
487698;0.70;1.00;73.0;3077.0;27.75;81.75;-30.0;0;0;14.20;0.70;1.11;2.58;86822.0;74.0;72.0;52.0;4552.0;995.87;19.53;6.0;1.0;0;1.0;0;0;1.0;0;0;0;0;0;1.0;1.0;0;0;0;0;0
488228;0.72;1.00;70.0;2984.0;27.75;81.75;-30.0;0;0;14.20;1.71;2.08;2.58;86822.0;70.0;70.0;52.0;4553.0;996.06;19.53;6.0;1.0;0;1.0;0;0;1.0;0;0;0;0;0;1.0;1.0;0;0;0;0;0
488768;0.73;1.00;67.0;2850.0;27.75;81.0;-30.0;0;0;14.20;2.12;2.20;2.58;86822.0;67.0;67.0;52.0;4584.0;996.18;19.53;6.0;1.0;0;1.0;0;0;1.0;0;0;0;0;0;1.0;1.0;0;0;0;0;0
489289;0.75;1.00;65.0;2739.0;27.75;81.0;-30.0;0;0;14.20;4.88;1.15;2.58;86822.0;65.0;65.0;52.0;4591.0;996.26;19.53;6.0;1.0;0;1.0;0;0;1.0;0;0;0;0;0;1.0;1.0;0;0;0;0;0
489819;0.77;1.00;62.0;2660.0;27.75;81.0;-30.0;0;0;14.20;2.51;0.56;2.58;86822.0;62.0;62.0;52.0;4594.0;996.34;19.53;6.0;1.0;0;1.0;0;0;1.0;0;0;0;0;0;1.0;1.0;0;0;0;0;0
490388;0.94;1.00;60.0;2535.0;27.75;81.0;0.75;0;7.93;14.20;1.42;0.25;2.58;86822.0;60.0;60.0;52.0;4328.0;996.37;19.53;6.0;1.0;0;1.0;0;0;1.0;0;0;0;0;0;1.0;1.0;0;0;0;0;0
490928;0.99;1.00;58.0;2236.0;27.75;81.0;15.0;0;12.79;14.20;2.73;3.84;2.58;86822.0;59.0;59.0;59.0;4310.0;996.37;58.59;6.0;1.0;0;1.0;0;0;1.0;0;0;0;0;0;1.0;1.0;0;0;0;0;0
491449;0.91;1.00;58.0;2289.0;27.75;81.0;15.0;0;12.78;13.92;1.81;6.13;2.82;86822.0;59.0;58.0;62.0;4404.0;996.49;859.36;5.0;1.0;0;1.0;0;0;1.0;0;0;0;0;0;1.0;1.0;0;0;0;0;0
491979;1.21;0.99;57.0;2540.0;27.75;81.0;21.0;1.56;8.97;14.11;4.92;3.18;2.58;86822.0;58.0;57.0;52.0;4442.0;996.53;898.42;5.0;1.0;0;1.0;0;0;1.0;0;0;0;0;0;1.0;1.0;0;0;0;0;0
492498;1.39;0.97;57.0;2697.0;27.75;81.0;27.0;2.74;11.14;14.01;2.69;3.71;2.58;86822.0;58.0;58.0;52.0;4480.0;996.69;859.36;5.0;1.0;0;1.0;0;0;1.0;0;0;0;0;0;1.0;1.0;0;0;0;0;0
493018;1.65;0.95;58.0;2686.0;27.75;81.0;30.0;3.92;13.99;14.01;3.63;3.59;2.58;86822.0;59.0;59.0;52.0;4519.0;997.00;683.58;5.0;1.0;0;1.0;0;0;1.0;0;0;0;0;0;1.0;1.0;0;0;0;0;0
493538;1.71;0.93;60.0;2737.0;27.75;81.0;29.25;3.92;14.48;14.01;1.81;3.45;2.58;86822.0;60.0;60.0;52.0;4504.0;997.12;156.24;5.0;1.0;0;1.0;0;0;1.0;0;0;0;0;0;1.0;1.0;0;0;0;0;0
494069;1.24;0.95;60.0;2722.0;27.75;81.0;29.25;2.35;10.60;14.01;0.93;3.63;2.58;86822.0;60.0;60.0;52.0;4518.0;997.27;859.36;5.0;1.0;0;1.0;0;0;1.0;0;0;0;0;0;1.0;1.0;0;0;0;0;0
494588;1.56;0.93;61.0;2922.0;27.75;81.0;32.25;3.92;13.05;14.01;0.33;3.94;2.58;86822.0;61.0;60.0;52.0;4518.0;997.43;820.30;5.0;1.0;0;1.0;0;0;1.0;0;0;0;0;0;1.0;1.0;0;0;0;0;0
495108;1.60;0.92;60.0;2812.0;27.75;81.0;31.5;3.92;14.05;14.11;0.11;3.82;2.58;86822.0;60.0;60.0;52.0;4500.0;997.51;58.59;5.0;1.0;0;1.0;0;0;1.0;0;0;0;0;0;1.0;1.0;0;0;0;0;0
495639;1.68;0.94;61.0;2834.0;27.75;81.0;31.5;4.31;14.27;14.01;0;5.15;2.58;86822.0;61.0;61.0;52.0;4518.0;997.59;97.65;5.0;1.0;0;1.0;0;0;1.0;0;0;0;0;0;1.0;1.0;0;0;0;0;0
496158;1.52;0.96;62.0;2877.0;27.75;81.0;31.5;3.52;12.60;14.01;0;2.65;2.58;86822.0;63.0;62.0;52.0;4515.0;997.66;859.36;5.0;1.0;0;1.0;0;0;1.0;0;0;0;0;0;1.0;1.0;0;0;0;0;0
496678;1.41;0.94;62.0;2885.0;27.75;81.0;32.25;3.13;11.98;14.01;0;2.48;2.58;86822.0;63.0;63.0;52.0;4507.0;997.90;820.30;5.0;1.0;0;1.0;0;0;1.0;0;0;0;0;0;1.0;1.0;0;0;0;0;0
497198;0.58;1.00;63.0;2926.0;27.75;81.0;33.0;0;10.02;14.01;1.38;1.23;2.58;86823.0;64.0;64.0;52.0;4537.0;997.94;605.46;5.0;1.0;0;1.0;0;0;1.0;0;0;0;0;0;1.0;1.0;0;0;0;0;0
497768;0.78;1.00;63.0;2689.0;27.75;81.0;21.0;0;12.76;14.11;0.78;2.87;2.58;86823.0;63.0;63.0;52.0;4504.0;998.02;878.89;6.0;1.0;0;1.0;0;0;1.0;0;0;0;0;0;1.0;1.0;0;0;0;0;0
498299;1.36;0.98;63.0;2678.0;27.75;81.0;26.25;2.74;10.50;14.01;0.29;1.34;2.58;86823.0;64.0;63.0;52.0;4471.0;998.33;859.36;6.0;1.0;0;1.0;0;0;1.0;0;0;0;0;0;1.0;1.0;0;0;0;0;0
498819;2.59;0.98;65.0;2764.0;27.75;81.0;30.75;7.45;20.66;14.01;0.07;0.62;2.58;86823.0;65.0;65.0;52.0;4508.0;998.48;859.36;6.0;1.0;0;1.0;0;0;1.0;0;0;0;0;0;1.0;1.0;0;0;0;0;0
499338;2.64;0.94;67.0;2863.0;27.75;81.0;30.75;9.02;22.18;14.01;1.85;0.27;2.58;86823.0;67.0;68.0;52.0;4504.0;998.60;820.30;6.0;1.0;0;1.0;0;0;1.0;0;0;0;0;0;1.0;1.0;0;0;0;0;0
499858;3.39;0.97;70.0;2967.0;27.75;81.0;29.25;12.94;26.34;14.01;0.89;0.03;2.58;86823.0;69.0;70.0;52.0;4507.0;998.72;722.64;6.0;1.0;0;1.0;0;0;1.0;0;0;0;0;0;1.0;1.0;0;0;0;0;0
500389;3.28;0.96;73.0;3115.0;27.75;81.0;29.25;13.72;26.71;14.01;0.33;0;2.58;86823.0;72.0;74.0;52.0;4506.0;998.76;78.12;6.0;1.0;0;1.0;0;0;1.0;0;0;0;0;0;1.0;1.0;0;0;0;0;0
500959;3.79;1.02;76.0;3268.0;27.75;81.0;27.75;16.08;28.59;14.01;0.07;2.08;2.58;86823.0;76.0;77.0;52.0;4508.0;998.80;761.70;6.0;1.0;0;1.0;0;0;1.0;0;0;0;0;0;1.0;1.0;0;0;0;0;0
501479;3.88;1.02;80.0;3378.0;27.75;81.0;27.75;18.04;29.85;13.92;2.08;0.78;2.82;86823.0;79.0;80.0;52.0;4521.0;998.84;683.58;6.0;1.0;0;1.0;0;0;1.0;0;0;0;0;0;1.0;1.0;0;0;0;0;0
501999;3.65;0.98;83.0;3524.0;27.75;81.0;30.0;17.25;28.91;13.92;0.89;3.59;2.82;86823.0;82.0;83.0;52.0;4529.0;998.87;722.64;6.0;1.0;0;1.0;0;0;1.0;0;0;0;0;0;1.0;1.0;0;0;0;0;0
502529;3.50;0.95;86.0;3639.0;27.75;81.0;30.75;16.86;28.47;14.01;0.31;1.50;2.58;86823.0;85.0;86.0;52.0;4534.0;998.87;644.52;6.0;1.0;0;1.0;0;0;1.0;0;0;0;0;0;1.0;1.0;0;0;0;0;0
503099;3.09;0.94;88.0;3752.0;27.75;81.0;33.75;14.90;26.19;14.01;0;4.49;2.58;86823.0;88.0;89.0;52.0;4534.0;998.87;507.80;6.0;1.0;0;1.0;0;0;1.0;0;0;0;0;0;1.0;1.0;0;0;0;0;0
503619;3.03;0.92;91.0;3876.0;27.75;81.0;36.0;13.72;25.65;14.01;1.15;1.50;2.58;86823.0;91.0;91.0;52.0;4519.0;998.91;156.24;6.0;1.0;0;1.0;0;0;1.0;0;0;0;0;0;1.0;1.0;0;0;0;0;0
504158;3.28;0.99;93.0;3975.0;27.75;81.0;36.0;13.72;25.76;14.01;0.31;0.42;2.58;86823.0;92.0;94.0;52.0;4529.0;998.91;781.24;6.0;1.0;0;1.0;0;0;1.0;0;0;0;0;0;1.0;1.0;0;0;0;0;0
504689;2.98;0.93;95.0;4011.0;27.75;81.0;37.5;12.55;24.95;14.01;0;0.07;2.58;86823.0;94.0;95.0;52.0;4528.0;998.91;800.77;6.0;1.0;0;1.0;0;0;1.0;0;0;0;0;0;1.0;1.0;0;0;0;0;0
505209;2.43;1.00;95.0;4098.0;27.75;81.75;42.0;8.62;20.07;14.01;1.66;0;2.58;86823.0;95.0;96.0;52.0;4482.0;998.91;859.36;6.0;1.0;0;1.0;0;0;1.0;0;0;0;0;0;1.0;1.0;0;0;0;0;0
505729;2.46;0.96;96.0;4084.0;27.75;81.75;42.0;8.62;20.14;13.92;0.56;1.38;2.82;86823.0;96.0;97.0;52.0;4500.0;998.91;800.77;6.0;1.0;0;1.0;0;0;1.0;0;0;0;0;0;1.0;1.0;0;0;0;0;0
506269;2.28;0.89;97.0;4133.0;27.75;81.75;42.0;8.62;20.04;14.01;1.83;0.44;2.58;86823.0;97.0;98.0;52.0;4522.0;998.91;117.18;6.0;1.0;0;1.0;0;0;1.0;0;0;0;0;0;1.0;1.0;0;0;0;0;0
506828;2.41;0.95;98.0;4168.0;27.75;81.75;43.5;8.62;19.97;14.01;0.48;0;2.58;86823.0;98.0;98.0;52.0;4537.0;998.91;546.86;6.0;1.0;0;1.0;0;0;1.0;0;0;0;0;0;1.0;1.0;0;0;0;0;0
507349;2.43;0.97;98.0;4193.0;27.75;81.75;43.5;8.23;19.71;14.01;0.09;0;2.58;86823.0;98.0;99.0;52.0;4531.0;998.91;820.30;6.0;1.0;0;1.0;0;0;1.0;0;0;0;0;0;1.0;1.0;0;0;0;0;0
507868;2.08;0.93;100.0;4214.0;27.75;81.75;45.0;7.45;17.65;14.11;0;0;2.58;86823.0;100.0;100.0;52.0;4511.0;999.11;117.18;6.0;1.0;0;1.0;0;0;1.0;0;0;0;0;0;1.0;1.0;0;0;0;0;0
508399;1.88;1.00;100.0;4277.0;27.75;81.75;46.5;6.27;15.38;14.01;0;0;2.58;86823.0;100.0;100.0;52.0;4483.0;999.23;878.89;6.0;1.0;0;1.0;0;0;1.0;0;0;0;0;0;1.0;1.0;0;0;0;0;0
508919;1.68;0.96;100.0;4252.0;27.75;81.75;46.5;5.49;13.83;14.01;3.49;1.66;2.58;86823.0;100.0;101.0;52.0;4506.0;999.50;878.89;6.0;1.0;0;1.0;0;0;1.0;0;0;0;0;0;1.0;1.0;0;0;0;0;0
509439;1.62;0.93;100.0;4225.0;27.75;81.75;46.5;5.49;13.65;14.01;1.24;1.48;2.58;86823.0;100.0;101.0;52.0;4494.0;999.70;859.36;6.0;1.0;0;1.0;0;0;1.0;0;0;0;0;0;1.0;1.0;0;0;0;0;0
509959;1.56;0.90;100.0;4254.0;27.75;81.75;46.5;5.49;13.60;13.92;0.29;0.35;2.82;86823.0;100.0;100.0;52.0;4519.0;999.85;800.77;6.0;1.0;0;1.0;0;0;1.0;0;0;0;0;0;1.0;1.0;0;0;0;0;0
510489;1.60;0.87;100.0;4220.0;27.75;81.75;46.5;5.88;14.48;14.11;1.19;0.99;2.58;86823.0;100.0;101.0;52.0;4503.0;999.93;253.90;6.0;1.0;0;1.0;0;0;1.0;0;0;0;0;0;1.0;1.0;0;0;0;0;0
511009;1.70;0.90;100.0;4253.0;27.75;81.75;46.5;6.27;15.11;13.92;0.33;0.29;2.82;86823.0;99.0;100.0;52.0;4540.0;1000.01;78.12;6.0;1.0;0;1.0;0;0;1.0;0;0;0;0;0;1.0;1.0;0;0;0;0;0
511529;1.53;0.91;100.0;4255.0;27.75;81.75;46.5;5.49;13.24;13.92;2.12;1.69;2.82;86823.0;99.0;100.0;52.0;4495.0;1000.05;820.30;6.0;1.0;0;1.0;0;0;1.0;0;0;0;0;0;1.0;1.0;0;0;0;0;0
512059;1.49;0.88;100.0;4221.0;27.75;81.75;46.5;5.49;13.33;14.01;0.70;0.54;2.58;86823.0;99.0;100.0;52.0;4502.0;1000.09;703.11;6.0;1.0;0;1.0;0;0;1.0;0;0;0;0;0;1.0;1.0;0;0;0;0;0
512579;1.48;0.88;100.0;4216.0;27.75;81.75;46.5;5.49;13.35;14.01;0.11;0.03;2.58;86823.0;99.0;100.0;52.0;4509.0;1000.12;136.71;6.0;1.0;0;1.0;0;0;1.0;0;0;0;0;0;1.0;1.0;0;0;0;0;0
513099;1.55;0.91;98.0;4206.0;27.75;81.75;46.5;5.49;13.39;14.11;0;0;2.58;86823.0;98.0;99.0;52.0;4504.0;1000.12;820.30;6.0;1.0;0;1.0;0;0;1.0;0;0;0;0;0;1.0;1.0;0;0;0;0;0
513619;1.53;0.90;98.0;4189.0;27.75;81.75;45.75;5.49;13.26;13.92;0;0;2.82;86823.0;98.0;99.0;52.0;4508.0;1000.12;820.30;6.0;1.0;0;1.0;0;0;1.0;0;0;0;0;0;1.0;1.0;0;0;0;0;0
514149;1.50;0.89;97.0;4174.0;27.75;81.75;45.75;5.49;13.26;14.01;0;0;2.58;86823.0;98.0;98.0;52.0;4503.0;1000.36;820.30;6.0;1.0;0;1.0;0;0;1.0;0;0;0;0;0;1.0;1.0;0;0;0;0;0
514669;1.49;0.88;97.0;4135.0;27.75;81.75;45.75;5.09;13.38;14.01;3.49;2.79;2.58;86823.0;97.0;98.0;52.0;4504.0;1000.75;820.30;6.0;1.0;0;1.0;0;0;1.0;0;0;0;0;0;1.0;1.0;0;0;0;0;0
515189;1.39;0.86;97.0;4127.0;27.75;81.75;45.75;5.09;12.71;13.92;1.24;1.09;2.82;86823.0;97.0;98.0;52.0;4507.0;1000.95;683.58;6.0;1.0;0;1.0;0;0;1.0;0;0;0;0;0;1.0;1.0;0;0;0;0;0
515719;1.32;0.85;96.0;4098.0;27.75;81.75;45.75;4.70;12.29;14.11;0.39;0.33;2.58;86823.0;96.0;97.0;52.0;4499.0;1001.06;800.77;6.0;1.0;0;1.0;0;0;1.0;0;0;0;0;0;1.0;1.0;0;0;0;0;0
516239;0.91;0.85;95.0;4002.0;27.75;81.75;46.5;2.74;8.41;14.01;0.03;0;2.58;86823.0;96.0;95.0;52.0;4505.0;1001.18;859.36;6.0;1.0;0;1.0;0;0;1.0;0;0;0;0;0;1.0;1.0;0;0;0;0;0
516759;0.93;0.83;95.0;3959.0;27.75;81.75;46.5;2.74;8.77;14.01;0;0;2.58;86823.0;94.0;95.0;52.0;4507.0;1001.26;312.49;6.0;1.0;0;1.0;0;0;1.0;0;0;0;0;0;1.0;1.0;0;0;0;0;0
517289;0.92;0.84;92.0;4010.0;27.75;81.75;45.0;2.74;8.48;14.01;1.15;0;2.58;86823.0;93.0;93.0;52.0;4507.0;1001.30;39.06;6.0;1.0;0;1.0;0;0;1.0;0;0;0;0;0;1.0;1.0;0;0;0;0;0
517809;1.06;0.86;92.0;3902.0;27.75;81.75;44.25;3.52;9.72;14.01;2.18;1.15;2.58;86823.0;93.0;91.0;52.0;4504.0;1001.34;117.18;6.0;1.0;0;1.0;0;0;1.0;0;0;0;0;0;1.0;1.0;0;0;0;0;0
518359;1.20;0.88;91.0;3883.0;27.75;81.75;44.25;3.92;10.85;14.11;1.89;2.10;2.58;86823.0;91.0;91.0;52.0;4529.0;1001.38;722.64;6.0;1.0;0;1.0;0;0;1.0;0;0;0;0;0;1.0;1.0;0;0;0;0;0
518879;1.19;0.87;90.0;3832.0;27.75;81.75;44.25;3.92;10.70;14.01;0.76;0.80;2.58;86823.0;90.0;90.0;52.0;4529.0;1001.38;878.89;6.0;1.0;0;1.0;0;0;1.0;0;0;0;0;0;1.0;1.0;0;0;0;0;0
519399;1.18;0.85;88.0;3836.0;27.75;81.75;44.25;3.92;10.93;14.11;0.23;2.03;2.58;86823.0;89.0;89.0;52.0;4503.0;1001.45;605.46;6.0;1.0;0;1.0;0;0;1.0;0;0;0;0;0;0;1.0;0;0;0;0;0
519919;1.2;0.85;88.0;3752.0;27.75;81.75;43.5;3.92;11.13;14.01;1.24;2.87;2.58;86823.0;89.0;89.0;52.0;4509.0;1001.61;58.59;6.0;1.0;0;1.0;0;0;1.0;0;0;0;0;0;1.0;1.0;0;0;0;0;0
520449;1.33;0.87;88.0;3750.0;27.75;81.75;42.75;4.31;12.14;13.92;2.26;1.11;2.82;86823.0;89.0;89.0;52.0;4518.0;1001.73;156.24;6.0;1.0;0;1.0;0;0;1.0;0;0;0;0;0;1.0;1.0;0;0;0;0;0
520969;1.35;0.87;88.0;3722.0;27.75;81.75;42.75;4.31;12.18;14.01;2.83;2.73;2.58;86823.0;88.0;89.0;52.0;4517.0;1001.96;703.11;6.0;1.0;0;1.0;0;0;1.0;0;0;0;0;0;1.0;1.0;0;0;0;0;0
521489;1.32;0.85;88.0;3720.0;27.75;81.75;42.75;4.31;12.18;14.01;2.14;1.05;2.58;86823.0;87.0;88.0;52.0;4511.0;1002.08;507.80;6.0;1.0;0;1.0;0;0;1.0;0;0;0;0;0;1.0;1.0;0;0;0;0;0
522019;1.12;0.86;87.0;3658.0;27.75;81.75;42.0;3.52;10.21;14.01;0.87;0.33;2.58;86823.0;88.0;88.0;52.0;4519.0;1002.23;820.30;6.0;1.0;0;1.0;0;0;1.0;0;0;0;0;0;1.0;1.0;0;0;0;0;0
522589;0.87;0.85;88.0;3658.0;27.75;81.75;42.0;2.35;8.24;14.01;0.23;0;2.58;86823.0;85.0;88.0;52.0;4520.0;1002.39;97.65;6.0;1.0;0;1.0;0;0;1.0;0;0;0;0;0;1.0;1.0;0;0;0;0;0
523159;0.61;0.87;86.0;3657.0;27.75;81.75;42.0;0.78;5.58;13.82;0;0;2.82;86823.0;86.0;86.0;52.0;4529.0;1002.43;78.12;6.0;1.0;0;1.0;0;0;1.0;0;0;0;0;0;1.0;1.0;0;0;0;0;0
523679;0.77;0.88;86.0;3589.0;27.75;81.75;41.25;1.56;6.73;14.01;1.01;0;2.58;86823.0;86.0;85.0;52.0;4518.0;1002.51;19.53;6.0;1.0;0;1.0;0;0;1.0;0;0;0;0;0;1.0;1.0;0;0;0;0;0
524199;0.69;0.90;85.0;3606.0;27.75;81.75;41.25;1.17;6.02;14.01;0.35;0;2.58;86823.0;85.0;85.0;52.0;4524.0;1002.55;39.06;6.0;1.0;0;1.0;0;0;1.0;0;0;0;0;0;1.0;1.0;0;0;0;0;0
524729;0.70;0.92;83.0;3555.0;28.5;81.75;41.25;1.17;5.95;14.01;0.05;0;2.58;86823.0;84.0;84.0;52.0;4511.0;1002.55;39.06;6.0;1.0;0;1.0;0;0;1.0;0;0;0;0;0;1.0;1.0;0;0;0;0;0
525249;0.60;1.00;83.0;3541.0;28.5;81.75;-30.0;0;0;13.82;6.67;0;2.82;86823.0;84.0;84.0;52.0;4536.0;1002.59;39.06;6.0;1.0;0;1.0;0;0;1.0;0;0;0;0;0;1.0;1.0;0;0;0;0;0
525769;0.6;1.00;83.0;3527.0;28.5;81.75;-30.0;0;0;14.20;2.90;0;2.58;86823.0;83.0;83.0;52.0;4560.0;1002.82;19.53;6.0;1.0;0;1.0;0;0;1.0;0;0;0;0;0;1.0;1.0;0;0;0;0;0
526299;0.60;1.00;83.0;3476.0;28.5;81.75;-30.0;0;0;14.11;1.28;1.46;2.58;86823.0;83.0;82.0;52.0;4559.0;1002.98;0;6.0;1.0;0;1.0;0;0;1.0;0;0;0;0;0;1.0;1.0;0;0;0;0;0
526819;0.60;1.00;82.0;3454.0;28.5;81.75;-30.0;0;0;14.11;0.48;0.64;2.58;86823.0;82.0;82.0;52.0;4577.0;1003.25;0;6.0;1.0;0;1.0;0;0;1.0;0;0;0;0;0;1.0;1.0;0;0;0;0;0
527339;0.64;1.00;78.0;3343.0;28.5;81.75;-30.0;0;0;14.20;0.09;0.17;2.58;86823.0;79.0;79.0;52.0;4565.0;1003.45;0;6.0;1.0;0;1.0;0;0;1.0;0;0;0;0;0;1.0;1.0;0;0;0;0;0
527859;0.70;1.00;75.0;3155.0;28.5;81.75;-30.0;0;0;14.20;0;0;2.58;86823.0;75.0;75.0;52.0;4536.0;1003.56;0;6.0;1.0;0;1.0;0;0;1.0;0;0;0;0;0;1.0;1.0;0;0;0;0;0
528389;0.72;1.00;71.0;3039.0;28.5;81.75;-30.0;0;0;14.20;0;1.56;2.58;86823.0;72.0;72.0;52.0;4527.0;1003.64;0;6.0;1.0;0;1.0;0;0;1.0;0;0;0;0;0;1.0;1.0;0;0;0;0;0
528909;0.72;1.00;70.0;2937.0;28.5;81.75;-30.0;0;0;14.20;0;0.72;2.58;86823.0;70.0;69.0;52.0;4535.0;1003.72;0;6.0;1.0;0;1.0;0;0;1.0;0;0;0;0;0;1.0;1.0;0;0;0;0;0
529429;0.74;1.00;67.0;2845.0;28.5;81.75;-30.0;0;0;14.20;1.85;0.31;2.58;86823.0;68.0;67.0;52.0;4555.0;1003.76;0;6.0;1.0;0;1.0;0;0;1.0;0;0;0;0;0;0;1.0;0;0;0;0;0
529959;0.77;1.00;63.0;2714.0;28.5;81.75;-30.0;0;0;14.20;0.78;0.03;2.58;86823.0;64.0;64.0;52.0;4578.0;1003.80;0;6.0;1.0;0;1.0;0;0;1.0;0;0;0;0;0;1.0;1.0;0;0;0;0;0
530479;0.79;1.00;61.0;2627.0;28.5;81.75;-30.0;0;0;14.20;0.35;1.97;2.58;86823.0;62.0;62.0;52.0;4557.0;1003.99;0;6.0;1.0;0;1.0;0;0;1.0;0;0;0;0;0;1.0;1.0;0;0;0;0;0
530999;0.80;1.00;61.0;2570.0;28.5;81.75;-30.0;0;0;14.20;0.13;1.01;2.58;86823.0;61.0;60.0;52.0;4525.0;1004.11;19.53;6.0;1.0;0;1.0;0;0;1.0;0;0;0;0;0;1.0;1.0;0;0;0;0;0
531529;0.87;1.00;58.0;2491.0;28.5;81.0;19.5;0;12.79;14.20;1.79;0.48;2.58;86823.0;58.0;59.0;55.0;4236.0;1004.34;19.53;6.0;1.0;0;1.0;0;0;1.0;0;0;0;0;0;1.0;1.0;0;0;0;0;0
532049;0.92;1.00;56.0;2408.0;28.5;81.0;15.75;0;12.70;14.11;17.53;30.38;2.58;86823.0;57.0;57.0;59.0;4328.0;1004.58;175.77;6.0;1.0;0;1.0;0;0;1.0;0;0;1.0;0;0;1.0;1.0;0;0;0;0;0
532619;0.91;1.00;55.0;2333.0;28.5;81.0;16.5;0;12.71;13.92;102.76;26.40;2.82;86823.0;55.0;55.0;47.0;4481.0;1004.73;58.59;6.0;1.0;0;1.0;0;0;1.0;0;0;1.0;0;0;1.0;1.0;0;0;0;0;0
533139;0.56;1.00;53.0;2371.0;28.5;81.0;21.75;0;12.82;14.01;72.61;55.44;2.58;86823.0;54.0;54.0;51.0;4521.0;1004.89;878.89;6.0;1.0;0;1.0;0;0;1.0;0;0;1.0;0;0;1.0;1.0;0;0;0;0;0
533669;1.12;1.00;52.0;2446.0;28.5;81.0;24.0;0.78;8.28;14.01;46.32;38.57;2.58;86823.0;53.0;53.0;52.0;4492.0;1004.93;859.36;5.0;1.0;0;1.0;0;0;1.0;0;0;1.0;0;0;1.0;1.0;0;0;0;0;0
534189;1.09;0.99;52.0;2414.0;28.5;81.0;24.0;0.39;8.91;14.11;27.28;22.71;2.58;86823.0;53.0;52.0;52.0;4528.0;1005.01;898.42;5.0;1.0;0;1.0;0;0;1.0;0;0;1.0;0;0;1.0;1.0;0;0;0;0;0
534708;0.96;1.00;51.0;2360.0;28.5;81.0;15.75;0;12.81;13.92;34.74;13.35;2.82;86823.0;52.0;51.0;48.0;4515.0;1005.05;703.11;5.0;1.0;0;1.0;0;0;1.0;0;0;1.0;0;0;1.0;1.0;0;0;0;0;0
535239;0.90;1.00;51.0;2333.0;28.5;81.0;16.5;0;12.71;13.92;71.81;75.62;2.82;86823.0;51.0;51.0;47.0;4516.0;1005.09;39.06;5.0;1.0;0;1.0;0;0;1.0;0;0;1.0;0;0;1.0;1.0;0;0;0;0;0
535759;0.91;1.00;50.0;2285.0;28.5;81.0;16.5;0;12.67;14.01;111.37;91.22;2.58;86823.0;50.0;49.0;48.0;4514.0;1005.09;39.06;5.0;1.0;0;1.0;0;0;1.0;0;0;1.0;0;0;1.0;1.0;0;0;0;0;0
536279;0.96;1.00;47.0;2201.0;28.5;81.0;14.25;0;12.68;14.11;104.73;104.79;2.58;86823.0;47.0;48.0;48.0;4537.0;1005.09;39.06;5.0;1.0;0;1.0;0;0;1.0;0;0;1.0;0;0;1.0;1.0;0;0;0;0;0
536809;0.99;1.00;45.0;2102.0;28.5;81.0;14.25;0;12.74;13.92;171.23;90.18;2.82;86823.0;45.0;45.0;46.0;4526.0;1005.13;39.06;5.0;1.0;0;1.0;0;0;1.0;0;0;1.0;0;0;1.0;1.0;0;0;0;0;0
537328;0.82;1.00;42.0;1998.0;28.5;81.0;17.25;0;9.15;14.01;147.93;94.23;2.58;86823.0;43.0;43.0;51.0;4525.0;1005.13;664.05;5.0;1.0;0;1.0;0;0;1.0;0;0;1.0;0;0;1.0;1.0;0;0;0;0;0
537849;0.94;1.00;42.0;2193.0;28.5;81.0;16.5;0;12.76;14.11;128.58;69.54;2.58;86823.0;42.0;42.0;46.0;4497.0;1005.13;839.83;4.0;1.0;0;1.0;0;0;1.0;0;0;1.0;0;0;1.0;1.0;0;0;0;0;0
538379;1.37;0.98;41.0;2137.0;28.5;81.0;20.25;1.17;9.81;14.01;85.97;54.58;2.58;86823.0;41.0;41.0;52.0;4494.0;1005.13;878.89;4.0;1.0;0;1.0;0;0;1.0;0;0;1.0;0;0;1.0;1.0;0;0;0;0;0
538999;0.96;1.00;41.0;2166.0;28.5;81.0;15.0;0;12.83;14.01;57.35;36.24;2.58;86823.0;40.0;41.0;47.0;4523.0;1005.20;253.90;4.0;1.0;0;1.0;0;0;1.0;0;0;1.0;0;0;1.0;1.0;0;0;0;0;0
539519;1.08;1.00;36.0;1883.0;28.5;81.0;15.0;0;12.72;14.11;39.48;35.73;2.58;86823.0;37.0;37.0;46.0;4508.0;1005.36;58.59;4.0;1.0;0;1.0;0;0;1.0;0;0;1.0;0;0;0;1.0;0;0;0;0;0
540139;3.52;1.00;36.0;1835.0;28.5;81.0;-3.75;4.70;11.74;14.11;41.36;26.67;2.58;86823.0;36.0;36.0;52.0;4531.0;1005.52;878.89;4.0;1.0;0;1.0;0;0;1.0;0;0;1.0;0;0;1.0;1.0;0;0;0;0;0
540659;2.86;0.98;36.0;1930.0;28.5;81.0;3.0;5.09;15.42;14.01;24.33;16.56;2.58;86823.0;37.0;36.0;52.0;4500.0;1005.79;761.70;4.0;1.0;0;1.0;0;0;1.0;0;0;1.0;0;0;1.0;1.0;0;0;0;0;0
541179;1.0;1.00;37.0;1851.0;28.5;81.0;14.25;0;12.81;14.11;15.89;12.61;2.58;86823.0;37.0;37.0;48.0;4493.0;1005.95;39.06;4.0;1.0;0;1.0;0;0;1.0;0;0;1.0;0;0;1.0;1.0;0;0;0;0;0
541709;1.26;0.99;36.0;1883.0;28.5;81.0;39.75;0.39;15.94;14.01;44.84;76.88;2.58;86823.0;36.0;36.0;47.0;4509.0;1006.06;898.42;4.0;1.0;0;1.0;0;0;1.0;0;0;1.0;0;0;1.0;1.0;0;0;0;0;0
542248;1.15;1.00;36.0;1867.0;28.5;81.0;15.0;0;12.81;14.01;60.28;122.80;2.58;86823.0;36.0;36.0;46.0;4510.0;1006.14;898.42;4.0;1.0;0;1.0;0;0;1.0;0;0;1.0;0;0;1.0;1.0;0;0;0;0;0
542849;1.32;0.99;35.0;1541.0;28.5;81.0;13.5;0;12.77;14.11;59.21;138.74;2.58;86824.0;36.0;35.0;47.0;4513.0;1006.22;878.89;3.0;1.0;0;1.0;0;0;1.0;0;0;1.0;0;0;1.0;1.0;0;0;0;0;0
543369;0.99;1.00;35.0;2116.0;28.5;81.75;15.0;0;12.64;14.01;73.86;113.43;2.58;86824.0;35.0;34.0;45.0;4518.0;1006.26;761.70;3.0;1.0;0;1.0;0;0;1.0;0;0;1.0;0;0;1.0;1.0;0;0;0;0;0
543899;0.97;1.00;33.0;2102.0;28.5;81.75;14.25;0;12.63;13.92;51.91;70.54;2.82;86824.0;34.0;34.0;44.0;4518.0;1006.26;39.06;3.0;1.0;0;1.0;0;0;1.0;0;0;1.0;0;0;1.0;1.0;0;0;0;0;0
544469;0.91;1.00;33.0;2242.0;28.5;81.75;15.0;0;12.83;14.01;27.47;42.59;2.58;86824.0;33.0;33.0;48.0;4632.0;1006.30;39.06;2.0;1.0;0;1.0;0;0;1.0;0;0;1.0;0;0;1.0;1.0;0;0;0;0;0
544988;0.92;1.00;32.0;2494.0;28.5;81.75;13.5;0;12.74;14.01;27.08;95.13;2.58;86824.0;32.0;32.0;52.0;4384.0;1006.30;39.06;2.0;1.0;0;1.0;0;0;1.0;0;0;1.0;0;0;1.0;1.0;0;0;0;0;0
545509;0.90;1.00;31.0;2413.0;28.5;81.75;15.75;0;12.59;13.82;21.87;80.60;2.82;86824.0;31.0;31.0;47.0;4489.0;1006.34;39.06;2.0;1.0;0;1.0;0;0;1.0;0;0;1.0;0;0;1.0;1.0;0;0;0;0;0
546039;0.91;1.00;30.0;2291.0;28.5;81.75;16.5;0;12.63;14.01;27.96;172.03;2.58;86824.0;30.0;29.0;46.0;4525.0;1006.34;39.06;2.0;1.0;0;1.0;0;0;1.0;0;0;1.0;0;0;1.0;1.0;0;0;0;0;0
546558;0.97;1.00;28.0;2194.0;28.5;81.75;15.0;0;12.70;14.11;76.12;157.21;2.58;86824.0;29.0;28.0;46.0;4543.0;1006.34;39.06;2.0;1.0;0;1.0;0;0;1.0;0;0;1.0;0;0;1.0;1.0;0;0;0;0;0
547078;1.19;1.00;27.0;2177.0;28.5;81.75;20.25;0.39;10.62;14.01;129.58;153.05;2.58;86824.0;28.0;27.0;52.0;4534.0;1006.34;58.59;2.0;1.0;0;1.0;0;0;1.0;0;0;1.0;0;0;1.0;1.0;0;0;0;0;0
547609;1.52;1.00;27.0;2156.0;28.5;81.75;20.25;1.56;11.20;14.01;80.58;95.22;2.58;86824.0;28.0;28.0;52.0;4506.0;1006.34;898.42;2.0;1.0;0;1.0;0;0;1.0;0;0;1.0;0;0;1.0;1.0;0;0;0;0;0
548128;1.54;0.99;28.0;2191.0;28.5;81.75;20.25;1.96;11.67;13.92;48.96;53.25;2.82;86824.0;29.0;28.0;52.0;4510.0;1006.34;859.36;2.0;1.0;0;1.0;0;0;1.0;0;0;1.0;0;0;1.0;1.0;0;0;0;0;0
548659;1.52;0.97;28.0;2281.0;28.5;81.75;21.75;1.96;11.47;14.01;30.42;33.20;2.58;86824.0;28.0;29.0;52.0;4507.0;1006.34;859.36;2.0;1.0;0;1.0;0;0;1.0;0;0;1.0;0;0;1.0;1.0;0;0;0;0;0
549179;2.12;0.95;30.0;2323.0;28.5;81.75;22.5;3.92;16.72;14.01;17.88;20.58;2.58;86824.0;29.0;30.0;52.0;4480.0;1006.34;820.30;2.0;1.0;0;1.0;0;0;1.0;0;0;1.0;0;0;1.0;1.0;0;0;0;0;0
549699;2.64;0.93;31.0;2435.0;28.5;81.75;24.75;5.88;21.14;13.82;10.46;12.05;2.82;86824.0;31.0;31.0;52.0;4471.0;1006.34;859.36;2.0;1.0;0;1.0;0;0;1.0;0;0;1.0;0;0;1.0;1.0;0;0;0;0;0
550229;3.92;1.00;35.0;2709.0;28.5;81.75;27.0;13.72;29.08;13.92;5.48;5.99;2.82;86824.0;35.0;34.0;52.0;4492.0;1006.34;878.89;2.0;1.0;0;1.0;0;0;1.0;0;0;1.0;0;0;1.0;1.0;0;0;0;0;0
550749;4.09;0.98;40.0;3113.0;28.5;81.75;25.5;18.04;32.30;14.01;4.78;3.08;2.58;86824.0;38.0;40.0;52.0;4540.0;1006.34;546.86;2.0;1.0;0;1.0;0;0;1.0;0;0;1.0;0;0;1.0;1.0;0;0;0;0;0
551268;4.00;1.00;43.0;3424.0;28.5;82.5;28.5;17.64;31.29;13.92;23.76;27.12;2.82;86824.0;43.0;44.0;51.0;4530.0;1006.34;820.30;2.0;1.0;0;1.0;0;0;1.0;0;0;1.0;0;0;1.0;1.0;0;0;0;0;0
551798;4.39;0.97;47.0;3744.0;28.5;82.5;26.25;21.17;34.59;13.82;112.98;100.14;2.82;86824.0;47.0;48.0;51.0;4567.0;1006.34;507.80;2.0;1.0;0;1.0;0;0;1.0;0;0;1.0;0;0;1.0;1.0;0;0;0;0;0
552322;5.63;1.00;53.0;4172.0;28.5;82.5;21.0;28.63;41.51;13.92;173.28;118.72;2.82;86824.0;52.0;54.0;51.0;4679.0;1006.34;97.65;2.0;1.0;0;1.0;0;0;1.0;0;0;1.0;0;0;1.0;1.0;0;0;0;0;0
552838;4.80;1.00;56.0;3477.0;28.5;82.5;24.0;21.96;35.26;13.82;218.05;218.44;2.82;86824.0;56.0;57.0;51.0;4431.0;1006.34;742.17;3.0;1.0;0;1.0;0;0;1.0;0;0;1.0;0;0;1.0;1.0;0;0;0;0;0
553369;4.28;0.93;60.0;3686.0;28.5;82.5;25.5;21.57;34.71;14.01;286.03;273.34;2.58;86824.0;59.0;60.0;51.0;4507.0;1006.34;449.21;3.0;1.0;0;1.0;0;0;1.0;0;0;1.0;0;0;1.0;1.0;0;0;0;0;0
553888;4.38;0.97;63.0;3902.0;28.5;82.5;27.75;21.17;34.41;13.82;320.99;324.02;2.82;86824.0;62.0;64.0;51.0;4544.0;1006.34;683.58;3.0;1.0;0;1.0;0;0;1.0;0;0;1.0;0;0;1.0;1.0;0;0;0;0;0
554419;4.25;0.99;66.0;4042.0;28.5;82.5;30.75;20.00;33.53;13.92;219.14;335.85;2.82;86824.0;65.0;66.0;51.0;4595.0;1006.34;839.83;3.0;1.0;0;1.0;0;0;1.0;0;0;1.0;0;0;1.0;1.0;0;0;0;0;0
554968;0.09;1.00;67.0;3981.0;28.5;82.5;42.0;0;4.39;14.01;211.25;321.56;2.58;86824.0;67.0;67.0;51.0;4367.0;1006.34;898.42;3.0;1.0;0;1.0;0;0;1.0;0;0;0;0;0;1.0;1.0;0;0;0;0;0
555489;4.50;0.98;68.0;3576.0;28.5;82.5;25.5;21.57;33.56;14.01;231.29;332.92;2.58;86824.0;68.0;69.0;51.0;4464.0;1006.34;722.64;4.0;1.0;0;1.0;0;0;1.0;0;0;0;0;0;1.0;1.0;0;0;0;0;0
556019;4.20;0.97;71.0;3702.0;28.5;82.5;25.5;21.17;33.21;14.01;270.31;344.48;2.58;86824.0;70.0;71.0;51.0;4507.0;1006.34;742.17;4.0;1.0;0;1.0;0;0;1.0;0;0;0;0;0;1.0;1.0;0;0;0;0;0
556589;3.96;0.95;72.0;3800.0;28.5;82.5;29.25;20.00;31.65;13.92;258.03;320.85;2.82;86824.0;72.0;73.0;51.0;4551.0;1006.34;527.33;4.0;1.0;0;1.0;0;0;1.0;0;0;0;0;0;1.0;1.0;0;0;0;0;0
557109;3.84;0.98;75.0;3882.0;28.5;82.5;31.5;18.43;30.21;14.01;291.81;279.37;2.58;86824.0;74.0;75.0;51.0;4530.0;1006.34;781.24;4.0;1.0;0;1.0;0;0;1.0;0;0;0;0;0;1.0;1.0;0;0;0;0;0
557628;4.95;0.99;77.0;4009.0;28.5;82.5;25.5;23.53;36.25;14.01;260.12;204.69;2.58;86824.0;76.0;78.0;51.0;4588.0;1006.34;722.64;4.0;1.0;0;1.0;0;0;1.0;0;0;0;0;0;1.0;1.0;0;0;0;0;0
558148;4.56;1.00;80.0;4180.0;28.5;82.5;27.0;22.74;35.20;14.11;202.93;199.87;2.58;86824.0;78.0;81.0;51.0;4593.0;1006.06;136.71;4.0;1.0;0;1.0;0;0;1.0;0;0;0;0;0;1.0;1.0;0;0;0;0;0
558679;4.67;1.05;81.0;4241.0;28.5;82.5;28.5;21.57;33.36;14.11;206.97;153.89;2.58;86824.0;80.0;82.0;51.0;4558.0;1005.87;781.24;4.0;1.0;0;1.0;0;0;1.0;0;0;0;0;0;1.0;1.0;0;0;0;0;0
559199;0;1.00;82.0;4482.0;28.5;82.5;42.75;0;4.25;14.11;269.63;252.26;2.58;86824.0;82.0;83.0;51.0;4355.0;1005.95;898.42;4.0;1.0;0;1.0;0;0;1.0;0;0;0;0;0;1.0;1.0;0;0;0;0;0
559719;4.58;0.99;83.0;3850.0;28.5;82.5;27.75;21.17;33.05;14.01;325.40;290.19;2.58;86824.0;83.0;84.0;51.0;4471.0;1005.79;820.30;5.0;1.0;0;1.0;0;0;1.0;0;0;0;0;0;0;1.0;0;0;0;0;0
560249;5.52;1.00;86.0;3962.0;28.5;82.5;21.75;27.06;39.33;14.01;335.11;322.83;2.58;86824.0;85.0;86.0;51.0;4542.0;1005.71;820.30;5.0;1.0;0;1.0;0;0;1.0;0;0;0;0;0;1.0;1.0;0;0;0;0;0
560769;3.74;1.00;85.0;3601.0;28.5;82.5;33.0;15.29;26.48;14.01;352.39;342.32;2.58;86824.0;84.0;85.0;51.0;4421.0;1005.55;859.36;6.0;1.0;0;1.0;0;0;1.0;0;0;0;0;0;1.0;1.0;0;0;0;0;0
561299;3.42;0.94;87.0;3688.0;28.5;82.5;31.5;16.08;27.97;14.11;332.40;346.89;2.58;86824.0;86.0;87.0;51.0;4522.0;1005.52;664.05;6.0;1.0;0;1.0;0;0;1.0;0;0;0;0;0;1.0;1.0;0;0;0;0;0
561869;3.08;0.99;87.0;3728.0;28.5;82.5;36.0;11.76;24.26;14.01;331.01;319.76;2.58;86824.0;86.0;87.0;51.0;4512.0;1005.48;878.89;6.0;1.0;0;1.0;0;0;1.0;0;0;0;0;0;1.0;1.0;0;0;0;0;0
562389;2.75;0.91;88.0;3751.0;28.5;82.5;36.75;10.58;23.34;14.01;307.69;275.11;2.58;86824.0;87.0;88.0;51.0;4504.0;1005.40;781.24;6.0;1.0;0;1.0;0;0;1.0;0;0;0;0;0;1.0;1.0;0;0;0;0;0
562914;1.52;1.00;88.0;3752.0;28.5;82.5;42.75;4.70;13.27;14.11;308.18;232.62;2.58;86824.0;87.0;88.0;51.0;4489.0;1005.40;898.42;6.0;1.0;0;1.0;0;0;1.0;0;0;0;0;0;1.0;1.0;0;0;0;0;0
563439;0.58;1.00;86.0;3659.0;28.5;82.5;-30.0;0;0;14.11;259.70;214.12;2.58;86824.0;86.0;86.0;51.0;4517.0;1005.40;800.77;6.0;1.0;0;1.0;0;0;1.0;0;0;0;0;0;1.0;1.0;0;0;0;0;0
563959;0.6;1.00;85.0;3563.0;28.5;82.5;-30.0;0;0;14.11;202.62;245.99;2.58;86824.0;85.0;84.0;51.0;4538.0;1005.32;0;6.0;1.0;0;1.0;0;0;1.0;0;0;0;0;0;1.0;1.0;0;0;0;0;0
564489;1.52;1.00;82.0;3581.0;28.5;82.5;26.25;3.13;8.01;14.01;251.31;289.12;2.58;86824.0;82.0;82.0;51.0;4296.0;1005.36;156.24;6.0;1.0;0;1.0;0;0;1.0;0;0;0;0;0;1.0;1.0;0;0;0;0;0
565009;3.01;0.99;82.0;3517.0;28.5;82.5;26.25;9.41;21.00;14.11;309.66;332.42;2.58;86824.0;82.0;83.0;51.0;4253.0;1005.40;898.42;6.0;1.0;0;1.0;0;0;1.0;0;0;0;0;0;1.0;1.0;0;0;0;0;0
565529;3.49;0.98;83.0;3590.0;28.5;82.5;33.0;14.51;26.47;14.01;336.07;341.20;2.58;86824.0;83.0;84.0;51.0;4435.0;1005.40;742.17;6.0;1.0;0;1.0;0;0;1.0;0;0;0;0;0;1.0;1.0;0;0;0;0;0
566099;3.33;0.97;85.0;3613.0;28.5;82.5;33.75;14.51;26.55;14.01;350.23;345.40;2.58;86824.0;85.0;86.0;51.0;4506.0;1005.32;742.17;6.0;1.0;0;1.0;0;0;1.0;0;0;0;0;0;1.0;1.0;0;0;0;0;0
566629;3.03;0.95;87.0;3704.0;28.5;82.5;34.5;12.15;25.00;14.01;352.61;330.89;2.58;86824.0;86.0;88.0;51.0;4508.0;1005.28;839.83;6.0;1.0;0;1.0;0;0;1.0;0;0;0;0;0;1.0;1.0;0;0;0;0;0
567149;2.70;0.88;88.0;3760.0;28.5;82.5;36.75;11.37;23.90;14.01;317.90;324.27;2.58;86824.0;87.0;89.0;51.0;4506.0;1005.44;136.71;6.0;1.0;0;1.0;0;0;1.0;0;0;0;0;0;1.0;1.0;0;0;0;0;0
567679;2.64;0.93;90.0;3798.0;28.5;82.5;39.0;10.19;22.33;14.01;294.76;311.32;2.58;86824.0;88.0;90.0;51.0;4506.0;1005.63;820.30;6.0;1.0;0;1.0;0;0;1.0;0;0;0;0;0;1.0;1.0;0;0;0;0;0
568199;2.44;0.89;90.0;3835.0;28.5;82.5;39.75;9.41;21.45;14.01;307.92;300.93;2.58;86824.0;90.0;91.0;51.0;4505.0;1005.79;761.70;6.0;1.0;0;1.0;0;0;1.0;0;0;0;0;0;1.0;1.0;0;0;0;0;0
568719;2.24;0.88;90.0;3828.0;28.5;82.5;40.5;8.23;20.10;14.01;258.46;293.08;2.58;86824.0;89.0;91.0;51.0;4517.0;1005.91;97.65;6.0;1.0;0;1.0;0;0;1.0;0;0;0;0;0;1.0;1.0;0;0;0;0;0
569299;2.37;0.92;90.0;3832.0;28.5;82.5;40.5;8.23;20.12;14.01;220.27;268.69;2.58;86824.0;90.0;91.0;51.0;4528.0;1006.02;800.77;6.0;1.0;0;1.0;0;0;1.0;0;0;0;0;0;1.0;1.0;0;0;0;0;0
569819;2.24;0.87;90.0;3824.0;28.5;82.5;40.5;8.23;20.43;14.11;181.66;214.83;2.58;86824.0;90.0;91.0;51.0;4520.0;1006.06;136.71;6.0;1.0;0;1.0;0;0;1.0;0;0;0;0;0;0;1.0;0;0;0;0;0
570339;2.32;0.91;91.0;3886.0;28.5;81.75;40.5;8.23;20.05;14.01;144.75;146.61;2.58;86824.0;91.0;92.0;52.0;4510.0;1006.14;820.30;6.0;1.0;0;1.0;0;0;1.0;0;0;0;0;0;1.0;1.0;0;0;0;0;0
570869;2.24;0.87;91.0;3889.0;28.5;81.75;40.5;8.23;20.30;14.11;62.22;67.37;2.58;86824.0;91.0;92.0;52.0;4513.0;1006.18;136.71;6.0;1.0;0;1.0;0;0;1.0;0;0;0;0;0;1.0;1.0;0;0;0;0;0
571389;2.56;0.92;91.0;3895.0;28.5;81.75;39.0;9.80;21.76;14.01;26.67;28.90;2.58;86824.0;91.0;92.0;52.0;4528.0;1006.22;722.64;6.0;1.0;0;1.0;0;0;1.0;0;0;0;0;0;1.0;1.0;0;0;0;0;0
571920;2.52;0.89;92.0;3918.0;28.5;81.75;39.75;10.19;22.25;14.01;10.44;13.96;2.58;86824.0;92.0;92.0;52.0;4519.0;1006.26;97.65;6.0;1.0;0;1.0;0;0;1.0;0;0;0;0;0;1.0;1.0;0;0;0;0;0
572499;2.67;0.95;92.0;3938.0;28.5;81.75;39.75;9.80;21.98;14.01;5.46;5.58;2.58;86824.0;92.0;93.0;52.0;4518.0;1006.30;839.83;6.0;1.0;0;1.0;0;0;1.0;0;0;0;0;0;1.0;1.0;0;0;0;0;0
573009;2.4;0.87;92.0;3902.0;28.5;81.75;40.5;9.41;21.36;14.01;1.79;3.73;2.58;86824.0;92.0;92.0;52.0;4517.0;1006.30;156.24;6.0;1.0;0;1.0;0;0;1.0;0;0;0;0;0;1.0;1.0;0;0;0;0;0
573539;2.55;0.93;92.0;3928.0;28.5;81.75;40.5;9.41;21.43;14.11;1.71;2.87;2.58;86824.0;92.0;93.0;52.0;4513.0;1006.30;800.77;6.0;1.0;0;1.0;0;0;1.0;0;0;0;0;0;1.0;1.0;0;0;0;0;0
574059;2.37;0.87;93.0;3930.0;28.5;81.75;40.5;9.41;21.33;14.11;0.58;1.11;2.58;86824.0;92.0;93.0;52.0;4520.0;1006.34;117.18;6.0;1.0;0;1.0;0;0;1.0;0;0;0;0;0;1.0;1.0;0;0;0;0;0
574609;2.56;0.94;93.0;3953.0;28.5;81.75;40.5;9.41;21.30;14.01;1.15;0.27;2.58;86824.0;92.0;93.0;52.0;4517.0;1006.34;820.30;6.0;1.0;0;1.0;0;0;1.0;0;0;0;0;0;1.0;1.0;0;0;0;0;0
575129;2.02;0.98;93.0;3933.0;28.5;81.75;44.25;6.27;16.30;14.01;0.35;0;2.58;86824.0;92.0;93.0;52.0;4476.0;1006.34;878.89;6.0;1.0;0;1.0;0;0;1.0;0;0;0;0;0;1.0;1.0;0;0;0;0;0
575659;2.33;0.93;92.0;3918.0;28.5;81.75;42.0;7.84;19.54;14.11;0.03;0;2.58;86824.0;92.0;93.0;52.0;4514.0;1006.34;820.30;6.0;1.0;0;1.0;0;0;1.0;0;0;0;0;0;1.0;1.0;0;0;0;0;0
576179;2.23;0.86;92.0;3911.0;28.5;81.75;41.25;8.62;20.67;14.01;1.75;1.15;2.58;86824.0;92.0;93.0;52.0;4534.0;1006.34;312.49;6.0;1.0;0;1.0;0;0;1.0;0;0;0;0;0;1.0;1.0;0;0;0;0;0
576699;2.35;0.89;92.0;3891.0;28.5;81.75;41.25;8.62;20.74;14.01;1.71;1.11;2.58;86824.0;92.0;93.0;52.0;4516.0;1006.34;390.62;6.0;1.0;0;1.0;0;0;1.0;0;0;0;0;0;1.0;1.0;0;0;0;0;0
577229;2.27;0.91;92.0;3941.0;28.5;81.75;41.25;8.23;19.67;14.01;0.62;0.35;2.58;86824.0;91.0;93.0;52.0;4506.0;1006.34;820.30;6.0;1.0;0;1.0;0;0;1.0;0;0;0;0;0;1.0;1.0;0;0;0;0;0
577749;2.14;0.86;92.0;3931.0;28.5;81.75;42.0;8.23;19.72;13.92;1.60;2.14;2.82;86824.0;92.0;93.0;52.0;4501.0;1006.34;58.59;6.0;1.0;0;1.0;0;0;1.0;0;0;0;0;0;1.0;1.0;0;0;0;0;0
578279;2.38;0.92;92.0;3934.0;28.5;81.75;41.25;8.62;20.40;14.11;1.81;2.59;2.58;86824.0;91.0;93.0;52.0;4508.0;1006.34;839.83;6.0;1.0;0;1.0;0;0;1.0;0;0;0;0;0;1.0;1.0;0;0;0;0;0
578799;2.33;0.87;92.0;3965.0;28.5;81.75;40.5;9.02;20.96;14.01;1.34;0.78;2.58;86824.0;91.0;93.0;52.0;4531.0;1006.34;312.49;6.0;1.0;0;1.0;0;0;1.0;0;0;0;0;0;1.0;1.0;0;0;0;0;0
579329;2.39;0.90;92.0;3920.0;28.5;81.75;40.5;8.62;20.94;13.92;1.69;2.03;2.82;86824.0;92.0;93.0;52.0;4517.0;1006.34;624.99;6.0;1.0;0;1.0;0;0;1.0;0;0;0;0;0;1.0;1.0;0;0;0;0;0
579849;2.30;0.90;92.0;3958.0;28.5;81.75;41.25;8.23;20.12;14.01;2.77;0.70;2.58;86824.0;92.0;93.0;52.0;4505.0;1006.34;761.70;6.0;1.0;0;1.0;0;0;1.0;0;0;0;0;0;1.0;1.0;0;0;0;0;0
580372;2.26;0.88;92.0;3906.0;28.5;81.75;41.25;8.23;20.25;14.11;1.01;0.21;2.58;86824.0;92.0;93.0;52.0;4509.0;1006.34;136.71;6.0;1.0;0;1.0;0;0;1.0;0;0;0;0;0;1.0;1.0;0;0;0;0;0
580969;2.10;0.91;92.0;3894.0;28.5;81.75;43.5;7.05;18.30;14.01;0.27;0;2.58;86824.0;92.0;92.0;52.0;4499.0;1006.34;839.83;6.0;1.0;0;1.0;0;0;1.0;0;0;0;0;0;1.0;1.0;0;0;0;0;0
581519;1.85;0.85;91.0;3873.0;28.5;81.75;43.5;6.66;17.25;14.11;0;0;2.58;86824.0;91.0;92.0;52.0;4503.0;1006.34;781.24;6.0;1.0;0;1.0;0;0;1.0;0;0;0;0;0;1.0;1.0;0;0;0;0;0
582039;1.80;0.84;91.0;3866.0;28.5;81.75;42.75;6.66;17.08;14.01;0;2.08;2.58;86824.0;90.0;91.0;52.0;4501.0;1006.34;97.65;6.0;1.0;0;1.0;0;0;1.0;0;0;0;0;0;1.0;1.0;0;0;0;0;0
582559;2.18;0.89;90.0;3841.0;28.5;81.75;41.25;7.84;19.26;14.01;0;2.89;2.58;86824.0;89.0;90.0;52.0;4512.0;1006.34;703.11;6.0;1.0;0;1.0;0;0;1.0;0;0;0;0;0;1.0;1.0;0;0;0;0;0
583089;2.33;0.88;90.0;3809.0;28.5;81.75;39.75;8.62;20.87;14.11;0;3.24;2.58;86824.0;89.0;90.0;52.0;4511.0;1006.34;429.68;6.0;1.0;0;1.0;0;0;1.0;0;0;0;0;0;1.0;1.0;0;0;0;0;0
583609;2.80;0.91;90.0;3799.0;28.5;81.75;36.75;11.37;24.01;14.01;1.15;3.24;2.58;86824.0;90.0;90.0;52.0;4518.0;1006.34;78.12;6.0;1.0;0;1.0;0;0;1.0;0;0;0;0;0;1.0;1.0;0;0;0;0;0
584139;3.12;0.97;91.0;3841.0;28.5;81.75;36.0;12.55;24.93;14.01;0.37;3.39;2.58;86824.0;90.0;91.0;52.0;4526.0;1006.34;800.77;6.0;1.0;0;1.0;0;0;1.0;0;0;0;0;0;1.0;1.0;0;0;0;0;0
584659;3.06;0.96;91.0;3893.0;28.5;81.75;36.0;12.55;24.90;14.01;1.32;1.34;2.58;86824.0;90.0;92.0;52.0;4521.0;1006.34;820.30;6.0;1.0;0;1.0;0;0;1.0;0;0;0;0;0;1.0;1.0;0;0;0;0;0
585189;2.88;0.92;91.0;3889.0;28.5;81.75;37.5;11.76;24.37;14.11;1.69;2.26;2.58;86824.0;91.0;92.0;52.0;4517.0;1006.34;546.86;6.0;1.0;0;1.0;0;0;1.0;0;0;0;0;0;1.0;1.0;0;0;0;0;0
585709;2.47;0.93;91.0;3897.0;28.5;81.75;39.75;9.02;21.14;14.01;0.50;0.66;2.58;86824.0;91.0;92.0;52.0;4501.0;1006.34;800.77;6.0;1.0;0;1.0;0;0;1.0;0;0;0;0;0;1.0;1.0;0;0;0;0;0
586229;2.29;0.85;92.0;3909.0;28.5;81.75;40.5;9.02;20.94;14.01;0.09;0.19;2.58;86824.0;91.0;92.0;52.0;4506.0;1006.34;195.31;6.0;1.0;0;1.0;0;0;1.0;0;0;0;0;0;1.0;1.0;0;0;0;0;0
586759;2.32;0.89;92.0;3889.0;28.5;81.75;41.25;8.23;20.28;14.11;0;2.08;2.58;86824.0;91.0;92.0;52.0;4510.0;1006.34;781.24;6.0;1.0;0;1.0;0;0;1.0;0;0;0;0;0;1.0;1.0;0;0;0;0;0
587279;1.66;0.89;91.0;3863.0;28.5;81.75;43.5;5.49;14.68;14.11;1.15;2.73;2.58;86824.0;90.0;91.0;52.0;4483.0;1006.34;878.89;6.0;1.0;0;1.0;0;0;1.0;0;0;0;0;0;1.0;1.0;0;0;0;0;0
587809;1.44;0.86;90.0;3807.0;28.5;81.75;43.5;4.70;13.19;14.01;0.31;0.82;2.58;86824.0;90.0;90.0;52.0;4515.0;1006.34;878.89;6.0;1.0;0;1.0;0;0;1.0;0;0;0;0;0;1.0;1.0;0;0;0;0;0
588329;0.68;0.84;88.0;3735.0;28.5;81.75;42.75;0.78;6.61;14.01;0;2.05;2.58;86824.0;88.0;88.0;52.0;4548.0;1006.34;761.70;6.0;1.0;0;1.0;0;0;1.0;0;0;0;0;0;1.0;1.0;0;0;0;0;0
588859;0.61;1.00;85.0;3632.0;28.5;81.75;-30.0;0;0;14.11;3.26;0.76;2.58;86824.0;86.0;86.0;52.0;4543.0;1006.34;19.53;6.0;1.0;0;1.0;0;0;1.0;0;0;0;0;0;1.0;1.0;0;0;0;0;0
589479;0.6;1.00;82.0;3502.0;28.5;81.75;-30.0;0;0;14.01;3.24;0.21;2.58;86824.0;83.0;83.0;52.0;4579.0;1006.34;0;6.0;1.0;0;1.0;0;0;1.0;0;0;0;0;0;1.0;1.0;0;0;0;0;0
590009;0.63;1.00;81.0;3394.0;28.5;81.75;-30.0;0;0;14.20;2.20;2.08;2.58;86824.0;81.0;80.0;52.0;4602.0;1006.34;0;6.0;1.0;0;1.0;0;0;1.0;0;0;0;0;0;0;1.0;0;0;0;0;0
590569;0.65;1.00;77.0;3304.0;28.5;81.75;-30.0;0;0;14.20;0.95;3.00;2.58;86824.0;78.0;78.0;52.0;4580.0;1006.34;0;6.0;1.0;0;1.0;0;0;1.0;0;0;0;0;0;1.0;1.0;0;0;0;0;0
591099;0.67;1.00;76.0;3198.0;28.5;81.75;-30.0;0;0;14.20;0.31;2.83;2.58;86824.0;76.0;76.0;52.0;4558.0;1006.34;0;6.0;1.0;0;1.0;0;0;1.0;0;0;0;0;0;1.0;1.0;0;0;0;0;0
591619;0.72;1.00;73.0;3118.0;28.5;81.75;-30.0;0;0;14.20;2.14;1.42;2.58;86824.0;73.0;74.0;52.0;4555.0;1006.34;0;6.0;1.0;0;1.0;0;0;1.0;0;0;0;0;0;1.0;1.0;0;0;0;0;0
592139;0.73;1.00;70.0;2978.0;28.5;81.75;-30.0;0;0;14.20;1.05;0.62;2.58;86825.0;70.0;70.0;52.0;4556.0;1006.34;0;6.0;1.0;0;1.0;0;0;1.0;0;0;0;0;0;1.0;1.0;0;0;0;0;0
592669;0.78;1.00;65.0;2773.0;28.5;81.75;-30.0;0;0;14.20;0.46;0.25;2.58;86825.0;65.0;65.0;52.0;4595.0;1006.34;0;6.0;1.0;0;1.0;0;0;1.0;0;0;0;0;0;1.0;1.0;0;0;0;0;0
593188;0.82;1.00;60.0;2566.0;28.5;81.75;-30.0;0;0;14.20;1.67;0;2.58;86825.0;60.0;60.0;52.0;4528.0;1006.34;0;6.0;1.0;0;1.0;0;0;1.0;0;0;0;0;0;1.0;1.0;0;0;0;0;0
593719;0.93;1.00;56.0;2403.0;28.5;81.75;15.75;0;12.66;14.20;67.96;66.98;2.58;86825.0;56.0;56.0;59.0;4240.0;1006.34;19.53;6.0;1.0;0;1.0;0;0;1.0;0;0;1.0;0;0;1.0;1.0;0;0;0;0;0
594239;1.0;1.00;52.0;2204.0;28.5;81.75;15.0;0;12.73;14.01;150.14;131.88;2.58;86825.0;52.0;52.0;46.0;4387.0;1006.34;39.06;6.0;1.0;0;1.0;0;0;1.0;0;0;1.0;0;0;1.0;1.0;0;0;0;0;0
594769;1.03;1.00;47.0;2038.0;28.5;81.75;15.0;0;12.56;14.01;158.75;103.72;2.58;86825.0;48.0;48.0;45.0;4502.0;1006.34;39.06;6.0;1.0;0;1.0;0;0;1.0;0;0;1.0;0;0;1.0;1.0;0;0;0;0;0
595289;1.44;1.01;43.0;1464.0;28.5;81.75;15.0;0;12.54;14.20;140.36;75.01;2.58;86825.0;44.0;44.0;44.0;4484.0;1006.34;839.83;5.0;1.0;0;1.0;0;0;1.0;0;0;1.0;0;0;1.0;1.0;0;0;0;0;0
595819;1.12;1.00;40.0;1864.0;28.5;81.75;13.5;0;12.60;14.11;99.83;55.81;2.58;86825.0;40.0;40.0;46.0;4515.0;1006.38;839.83;5.0;1.0;0;1.0;0;0;1.0;0;0;1.0;0;0;1.0;1.0;0;0;0;0;0
596339;1.26;0.98;35.0;1572.0;28.5;81.75;14.25;0;12.68;14.20;74.97;41.69;2.58;86825.0;36.0;36.0;45.0;4518.0;1006.45;878.89;4.0;1.0;0;1.0;0;0;1.0;0;0;1.0;0;0;1.0;1.0;0;0;0;0;0
596859;1.28;0.98;31.0;1617.0;28.5;81.75;15.0;0;12.61;14.20;66.24;28.78;2.58;86825.0;31.0;31.0;44.0;4503.0;1006.57;878.89;4.0;1.0;0;1.0;0;0;1.0;0;0;1.0;0;0;1.0;1.0;0;0;0;0;0
597389;1.36;0.97;27.0;1593.0;28.5;81.75;39.75;0;15.85;14.20;45.75;33.43;2.58;86825.0;28.0;28.0;52.0;4522.0;1006.57;878.89;3.0;1.0;0;1.0;0;0;1.0;0;0;1.0;0;0;1.0;1.0;0;0;0;0;0
597909;1.62;0.95;25.0;1579.0;28.5;81.75;13.5;0.39;12.36;14.29;31.58;28.51;2.58;86825.0;24.0;25.0;52.0;4484.0;1006.73;839.83;3.0;1.0;0;1.0;1.0;0;1.0;0;0;1.0;0;0;1.0;1.0;0;0;1.0;0;0
598439;1.26;0.94;20.0;1536.0;28.5;81.75;15.75;0;12.72;14.20;22.98;23.96;2.58;86825.0;20.0;20.0;45.0;4496.0;1006.96;859.36;2.0;1.0;0;1.0;0;0;1.0;0;0;1.0;0;0;1.0;1.0;0;0;0;0;0
598969;1.46;0.92;16.0;1298.0;28.5;81.75;15.0;0;12.65;14.29;16.69;26.36;2.58;86825.0;16.0;16.0;45.0;4485.0;1007.16;859.36;2.0;1.0;0;1.0;0;0;1.0;0;0;1.0;0;0;1.0;1.0;0;0;0;0;0
599539;1.40;0.90;12.0;1313.0;28.5;81.75;13.5;0;12.40;14.29;13.37;25.36;2.58;86825.0;13.0;13.0;45.0;4503.0;1007.23;761.70;2.0;1.0;0;1.0;1.0;0;1.0;0;0;1.0;0;0;1.0;1.0;0;0;1.0;0;0
600059;1.37;0.89;11.0;1336.0;28.5;81.75;13.5;0;12.40;14.29;16.79;28.35;2.58;86825.0;11.0;11.0;45.0;4523.0;1007.27;58.59;0;1.0;0;1.0;0;0;1.0;0;0;1.0;0;0;1.0;1.0;0;0;0;0;0
600579;1.39;0.91;10.0;1237.0;28.5;81.75;17.25;0;13.06;14.39;11.56;21.89;2.31;86825.0;10.0;9.0;45.0;4500.0;1007.39;58.59;1.0;1.0;0;1.0;0;0;1.0;0;0;1.0;0;0;1.0;1.0;0;0;0;0;0
601109;1.48;0.92;8.0;1248.0;28.5;81.75;17.25;0;13.06;14.20;10.83;28.57;2.58;86825.0;9.0;9.0;46.0;4505.0;1007.43;39.06;1.0;1.0;0;1.0;0;0;1.0;0;0;1.0;0;0;1.0;1.0;0;0;0;0;0
601629;1.40;0.94;8.0;1275.0;28.5;81.75;14.25;0;12.58;14.20;10.17;69.03;2.58;86825.0;8.0;8.0;45.0;4503.0;1007.43;58.59;1.0;1.0;0;1.0;1.0;0;1.0;0;0;1.0;0;0;1.0;1.0;0;0;1.0;0;0
602159;1.40;0.95;7.0;1337.0;28.5;81.75;10.5;0;11.66;14.11;22.49;56.69;2.58;86825.0;8.0;8.0;44.0;4517.0;1007.47;97.65;1.0;1.0;0;1.0;0;0;1.0;0;0;1.0;0;0;1.0;1.0;0;0;0;0;0
602679;1.54;0.96;7.0;1263.0;28.5;81.75;14.25;0;12.48;14.29;16.32;57.92;2.58;86825.0;7.0;7.0;44.0;4514.0;1007.51;761.70;1.0;1.0;0;1.0;0;0;1.0;0;0;1.0;0;0;1.0;1.0;0;0;0;0;0
603209;1.41;0.95;6.0;1265.0;28.5;81.75;15.0;0;12.51;14.29;14.51;45.68;2.58;86825.0;6.0;6.0;45.0;4513.0;1007.55;820.30;1.0;1.0;0;1.0;0;0;1.0;0;0;1.0;0;0;1.0;1.0;0;0;0;0;0
603729;1.52;0.93;5.0;1240.0;28.5;82.5;17.25;0;12.96;14.20;11.09;35.07;2.58;86825.0;5.0;5.0;45.0;4518.0;1007.55;839.83;1.0;1.0;0;1.0;0;0;1.0;0;0;1.0;0;0;1.0;1.0;0;0;0;0;0
604261;1.38;0.92;0;1277.0;28.5;82.5;14.25;0;12.68;14.29;8.47;26.91;2.58;86825.0;0;0;46.0;4511.0;1007.55;585.93;1.0;1.0;0;1.0;0;0;1.0;0;0;1.0;0;0;1.0;1.0;0;0;0;0;0
604839;5.92;1.00;0;1385.0;28.5;82.5;6.75;10.19;34.95;14.20;9.39;27.40;2.58;86825.0;0;0;64.0;4526.0;1007.59;898.42;1.0;1.0;0;1.0;0;0;1.0;0;0;1.0;0;0;1.0;1.0;0;0;0;0;0
605369;5.47;1.00;0;2155.0;28.5;82.5;10.5;19.21;38.04;14.11;88.11;88.09;2.58;86825.0;0;0;51.0;4438.0;1007.59;878.89;1.0;1.0;0;1.0;0;0;1.0;0;0;1.0;0;0;1.0;1.0;0;0;0;0;0
605929;5.44;0.99;18.0;2397.0;28.5;82.5;12.0;24.70;38.80;14.01;210.08;210.06;2.58;86825.0;19.0;19.0;51.0;4489.0;1007.59;761.70;1.0;1.0;0;1.0;0;0;1.0;0;0;1.0;0;0;1.0;1.0;0;0;0;0;0
606449;5.16;1.01;30.0;3235.0;28.5;82.5;17.25;25.88;38.15;14.01;245.74;252.48;2.58;86825.0;29.0;30.0;51.0;4599.0;1007.59;78.12;1.0;1.0;0;1.0;0;0;1.0;0;0;1.0;0;0;1.0;1.0;0;0;0;0;0
606979;4.82;0.98;37.0;4128.0;28.5;82.5;25.5;23.92;37.87;14.01;268.79;299.84;2.58;86825.0;36.0;38.0;51.0;4672.0;1007.59;371.08;1.0;1.0;0;1.0;0;0;1.0;0;0;1.0;0;0;1.0;1.0;0;0;0;0;0
607499;5.82;1.00;42.0;3286.0;28.5;82.5;17.25;25.49;37.66;13.92;274.45;318.26;2.82;86825.0;41.0;42.0;51.0;4456.0;1007.59;859.36;2.0;1.0;0;1.0;0;0;1.0;0;0;1.0;0;0;1.0;1.0;0;0;0;0;0
608019;5.60;0.98;48.0;3772.0;28.5;82.5;18.75;28.23;41.33;13.92;299.39;322.10;2.82;86825.0;48.0;48.0;51.0;4597.0;1007.59;527.33;2.0;1.0;0;1.0;0;0;1.0;0;0;1.0;0;0;1.0;1.0;0;0;0;0;0
608549;5.52;1.01;55.0;4236.0;28.5;82.5;21.75;28.23;40.69;14.01;323.92;236.85;2.58;86825.0;54.0;55.0;51.0;4656.0;1007.59;703.11;2.0;1.0;0;1.0;0;0;1.0;0;0;1.0;0;0;1.0;1.0;0;0;0;0;0
609069;5.56;1.00;61.0;4732.0;28.5;82.5;22.5;34.12;40.57;14.01;334.41;218.81;2.58;86825.0;59.0;61.0;51.0;4441.0;1007.43;781.24;2.0;1.0;0;1.0;0;0;1.0;0;0;1.0;0;0;1.0;1.0;0;0;0;0;0
609652;7.07;1.00;63.0;3935.0;28.5;83.25;15.75;34.90;44.35;13.92;293.32;171.92;2.82;86825.0;63.0;64.0;51.0;4504.0;1007.35;820.30;3.0;1.0;0;1.0;0;0;1.0;0;0;1.0;0;0;1.0;1.0;0;0;0;0;0
610168;6.04;0.99;70.0;4291.0;28.5;83.25;18.75;34.12;44.04;13.92;166.02;213.44;2.82;86825.0;68.0;70.0;51.0;4597.0;1007.43;39.06;3.0;1.0;0;1.0;0;0;1.0;0;0;1.0;0;0;0;1.0;0;0;0;0;0
610699;6.00;1.05;75.0;4582.0;28.5;83.25;22.5;33.72;41.60;14.01;185.98;198.91;2.58;86825.0;73.0;75.0;51.0;4498.0;1007.31;859.36;3.0;1.0;0;1.0;0;0;1.0;0;0;1.0;0;0;1.0;1.0;0;0;0;0;0
611219;5.38;1.00;77.0;4326.0;28.5;83.25;37.5;18.82;26.84;14.01;254.51;194.44;2.58;86825.0;77.0;77.0;51.0;4363.0;1007.12;937.48;3.0;1.0;0;1.0;0;0;1.0;0;0;0;0;0;1.0;1.0;0;0;0;0;0
611748;6.96;1.00;82.0;4255.0;28.5;82.5;14.25;40.78;44.95;14.01;310.50;264.69;2.58;86825.0;80.0;82.0;51.0;4593.0;1007.16;820.30;4.0;1.0;0;1.0;0;0;1.0;0;0;0;0;0;1.0;1.0;0;0;0;0;0
612268;6.34;1.00;86.0;4488.0;28.5;82.5;17.25;39.22;43.83;14.01;342.55;314.27;2.58;86825.0;85.0;87.0;51.0;4536.0;1007.04;253.90;4.0;1.0;0;1.0;0;0;1.0;0;0;0;0;0;1.0;1.0;0;0;0;0;0
612798;5.98;1.02;90.0;4611.0;28.5;82.5;20.25;36.47;42.12;13.92;332.94;324.19;2.82;86825.0;89.0;90.0;51.0;4498.0;1006.92;624.99;4.0;1.0;0;1.0;0;0;1.0;0;0;0;0;0;1.0;1.0;0;0;0;0;0
613339;4.22;1.00;92.0;4448.0;28.5;82.5;43.5;15.68;21.43;14.01;342.55;345.70;2.58;86825.0;90.0;92.0;51.0;4359.0;1007.04;898.42;4.0;1.0;0;1.0;0;0;1.0;0;0;0;0;0;1.0;1.0;0;0;0;0;0
613868;5.97;1.00;96.0;4414.0;28.5;82.5;19.5;34.90;41.84;14.01;333.18;345.62;2.58;86825.0;94.0;96.0;51.0;4593.0;1007.04;585.93;5.0;1.0;0;1.0;0;0;1.0;0;0;0;0;0;1.0;1.0;0;0;0;0;0
614388;6.12;1.02;98.0;4552.0;28.5;82.5;20.25;36.86;42.49;13.92;319.43;326.81;2.82;86825.0;97.0;99.0;51.0;4526.0;1006.96;820.30;5.0;1.0;0;1.0;0;0;1.0;0;0;0;0;0;1.0;1.0;0;0;0;0;0
614928;6.53;1.00;98.0;4287.0;28.5;82.5;31.5;21.17;31.16;14.01;330.03;325.79;2.58;86825.0;98.0;99.0;51.0;4468.0;1007.00;898.42;5.0;1.0;0;1.0;0;0;1.0;0;0;0;0;0;1.0;1.0;0;0;0;0;0
615438;5.8;1.01;102.0;4339.0;28.5;82.5;20.25;32.94;41.83;14.01;281.60;314.15;2.58;86825.0;101.0;103.0;51.0;4559.0;1006.92;97.65;6.0;1.0;0;1.0;0;0;1.0;0;0;0;0;0;1.0;1.0;0;0;0;0;0
615968;4.48;1.00;103.0;4429.0;28.5;82.5;27.75;24.31;34.89;14.01;274.96;292.69;2.58;86825.0;102.0;104.0;51.0;4530.0;1006.92;58.59;6.0;1.0;0;1.0;0;0;1.0;0;0;0;0;0;1.0;1.0;0;0;0;0;0
616498;3.72;1.00;105.0;4452.0;28.5;82.5;33.75;18.43;29.42;14.01;190.16;301.52;2.58;86825.0;103.0;105.0;51.0;4491.0;1006.88;839.83;6.0;1.0;0;1.0;0;0;1.0;0;0;0;0;0;1.0;1.0;0;0;0;0;0
617018;3.08;0.91;105.0;4448.0;28.5;82.5;38.25;14.90;26.02;13.92;235.16;281.58;2.82;86825.0;104.0;106.0;51.0;4487.0;1006.80;781.24;6.0;1.0;0;1.0;0;0;1.0;0;0;0;0;0;1.0;1.0;0;0;0;0;0
617549;2.87;0.92;106.0;4504.0;28.5;82.5;40.5;12.15;23.78;14.01;301.21;335.64;2.58;86825.0;104.0;106.0;51.0;4493.0;1006.77;722.64;6.0;1.0;0;1.0;0;0;1.0;0;0;0;0;0;1.0;1.0;0;0;0;0;0
618068;2.98;0.94;106.0;4495.0;28.5;82.5;39.75;13.33;24.31;14.01;338.90;350.77;2.58;86825.0;104.0;106.0;51.0;4516.0;1006.61;78.12;6.0;1.0;0;1.0;0;0;1.0;0;0;0;0;0;1.0;1.0;0;0;0;0;0
618598;3.27;1.02;106.0;4507.0;28.5;82.5;40.5;13.33;24.56;14.11;345.58;332.63;2.58;86825.0;105.0;106.0;51.0;4519.0;1006.69;839.83;6.0;1.0;0;1.0;0;0;1.0;0;0;0;0;0;1.0;1.0;0;0;0;0;0
619119;2.89;0.93;106.0;4496.0;28.5;82.5;40.5;12.15;23.87;14.01;354.68;354.60;2.58;86825.0;105.0;106.0;51.0;4516.0;1006.77;175.77;6.0;1.0;0;1.0;0;0;1.0;0;0;0;0;0;1.0;1.0;0;0;0;0;0
619638;3.00;0.97;106.0;4491.0;28.5;82.5;40.5;12.15;23.76;14.01;350.17;331.95;2.58;86825.0;105.0;106.0;51.0;4516.0;1006.65;507.80;6.0;1.0;0;1.0;0;0;1.0;0;0;0;0;0;1.0;1.0;0;0;0;0;0
620169;3.36;1.00;106.0;4509.0;28.5;82.5;39.0;14.51;25.53;14.01;326.54;343.74;2.58;86825.0;105.0;107.0;51.0;4520.0;1006.53;800.77;6.0;1.0;0;1.0;0;0;1.0;0;0;0;0;0;1.0;1.0;0;0;0;0;0
620699;2.99;0.98;106.0;4514.0;28.5;82.5;40.5;12.55;24.07;14.01;343.80;326.13;2.58;86825.0;106.0;107.0;51.0;4510.0;1006.65;800.77;6.0;1.0;0;1.0;0;0;1.0;0;0;0;0;0;1.0;1.0;0;0;0;0;0
621269;2.76;0.96;106.0;4520.0;28.5;82.5;42.0;10.98;22.43;14.01;314.10;341.16;2.58;86825.0;106.0;107.0;51.0;4494.0;1006.65;839.83;6.0;1.0;0;1.0;0;0;1.0;0;0;0;0;0;1.0;1.0;0;0;0;0;0
621789;2.62;0.93;106.0;4511.0;28.5;82.5;42.0;10.58;21.52;13.92;313.02;339.86;2.82;86825.0;105.0;107.0;51.0;4502.0;1006.53;156.24;6.0;1.0;0;1.0;0;0;1.0;0;0;0;0;0;1.0;1.0;0;0;0;0;0
622319;2.52;0.96;106.0;4487.0;28.5;82.5;43.5;9.41;20.35;13.92;164.34;201.27;2.82;86825.0;105.0;106.0;51.0;4509.0;1006.49;761.70;6.0;1.0;0;1.0;0;0;1.0;0;0;0;0;0;1.0;1.0;0;0;0;0;0
622839;2.4;0.91;106.0;4468.0;28.5;82.5;43.5;9.41;20.38;13.92;240.92;290.23;2.82;86825.0;105.0;106.0;51.0;4505.0;1006.45;97.65;6.0;1.0;0;1.0;0;0;1.0;0;0;0;0;0;1.0;1.0;0;0;0;0;0
623369;2.67;0.96;105.0;4471.0;28.5;82.5;42.75;10.19;21.46;14.01;300.15;317.55;2.58;86825.0;104.0;106.0;51.0;4518.0;1006.57;624.99;6.0;1.0;0;1.0;0;0;1.0;0;0;0;0;0;1.0;1.0;0;0;0;0;0
623889;3.07;0.98;105.0;4469.0;28.5;82.5;40.5;12.55;23.97;14.01;321.03;339.70;2.58;86825.0;105.0;106.0;51.0;4534.0;1006.53;566.39;6.0;1.0;0;1.0;0;0;1.0;0;0;0;0;0;1.0;1.0;0;0;0;0;0
624419;3.09;1.00;106.0;4468.0;28.5;82.5;40.5;12.15;23.84;13.92;347.69;350.32;2.82;86825.0;105.0;106.0;51.0;4524.0;1006.61;761.70;6.0;1.0;0;1.0;0;0;1.0;0;0;0;0;0;1.0;1.0;0;0;0;0;0
624939;2.96;0.97;106.0;4502.0;28.5;82.5;40.5;11.76;23.50;14.01;336.85;354.84;2.58;86825.0;105.0;106.0;51.0;4510.0;1006.53;820.30;6.0;1.0;0;1.0;0;0;1.0;0;0;0;0;0;1.0;1.0;0;0;0;0;0
625469;2.84;0.94;106.0;4504.0;28.5;82.5;41.25;11.76;23.25;14.11;345.21;328.02;2.58;86825.0;106.0;106.0;51.0;4494.0;1006.49;117.18;6.0;1.0;0;1.0;0;0;1.0;0;0;0;0;0;1.0;1.0;0;0;0;0;0
625989;2.97;1.00;106.0;4489.0;28.5;82.5;41.25;11.37;22.82;13.92;351.95;348.41;2.82;86825.0;105.0;106.0;51.0;4509.0;1006.45;800.77;6.0;1.0;0;1.0;0;0;1.0;0;0;0;0;0;1.0;1.0;0;0;0;0;0
626519;2.61;0.93;106.0;4491.0;28.5;82.5;42.0;10.58;21.83;13.92;329.17;351.57;2.82;86825.0;105.0;106.0;51.0;4506.0;1006.41;97.65;6.0;1.0;0;1.0;0;0;1.0;0;0;0;0;0;1.0;1.0;0;0;0;0;0
627039;3.51;1.00;106.0;4496.0;28.5;81.75;37.5;15.68;26.70;14.01;193.13;204.73;2.58;86825.0;105.0;107.0;52.0;4532.0;1006.34;175.77;6.0;1.0;0;1.0;0;0;1.0;0;0;0;0;0;1.0;1.0;0;0;0;0;0
627569;3.62;1.02;107.0;4522.0;28.5;81.75;36.75;16.47;27.20;14.11;66.48;60.83;2.58;86825.0;105.0;107.0;52.0;4517.0;1006.34;781.24;6.0;1.0;0;1.0;0;0;1.0;0;0;0;0;0;1.0;1.0;0;0;0;0;0
628089;3.18;0.98;106.0;4523.0;28.5;81.75;40.5;13.72;24.76;14.01;24.31;25.11;2.58;86825.0;105.0;107.0;52.0;4494.0;1006.41;820.30;6.0;1.0;0;1.0;0;0;1.0;0;0;0;0;0;1.0;1.0;0;0;0;0;0
628618;3.12;0.98;106.0;4513.0;28.5;81.75;40.5;13.33;24.52;14.01;8.82;9.12;2.58;86825.0;105.0;107.0;52.0;4511.0;1006.49;722.64;6.0;1.0;0;1.0;0;0;1.0;0;0;0;0;0;1.0;1.0;0;0;0;0;0
629189;3.04;0.97;106.0;4512.0;28.5;81.75;40.5;12.94;24.13;13.92;4.51;2.73;2.82;86825.0;105.0;106.0;52.0;4526.0;1006.45;761.70;6.0;1.0;0;1.0;0;0;1.0;0;0;0;0;0;1.0;1.0;0;0;0;0;0
629719;2.99;0.97;106.0;4514.0;28.5;81.75;40.5;12.55;23.81;14.01;3.33;2.01;2.58;86825.0;105.0;107.0;52.0;4512.0;1006.41;761.70;6.0;1.0;0;1.0;0;0;1.0;0;0;0;0;0;1.0;1.0;0;0;0;0;0
630239;2.60;0.94;106.0;4534.0;28.5;81.75;43.5;10.19;21.20;13.82;2.49;3.53;2.82;86825.0;105.0;106.0;52.0;4504.0;1006.41;566.39;6.0;1.0;0;1.0;0;0;1.0;0;0;0;0;0;1.0;1.0;0;0;0;0;0
630769;2.63;0.96;105.0;4449.0;28.5;81.75;42.75;10.19;21.30;14.01;2.59;2.38;2.58;86825.0;105.0;106.0;52.0;4507.0;1006.45;742.17;6.0;1.0;0;1.0;0;0;1.0;0;0;0;0;0;1.0;1.0;0;0;0;0;0
631289;2.64;0.95;105.0;4467.0;28.5;81.75;42.0;10.19;21.65;14.11;0.89;1.89;2.58;86825.0;104.0;106.0;52.0;4512.0;1006.41;175.77;6.0;1.0;0;1.0;0;0;1.0;0;0;0;0;0;1.0;1.0;0;0;0;0;0
631819;2.65;0.95;105.0;4448.0;28.5;81.75;42.75;10.19;21.47;13.82;1.34;2.34;2.82;86825.0;103.0;105.0;52.0;4521.0;1006.41;722.64;6.0;1.0;0;1.0;0;0;1.0;0;0;0;0;0;1.0;1.0;0;0;0;0;0
632389;2.62;0.94;105.0;4412.0;28.5;81.75;42.75;10.19;21.57;13.92;0.39;0.72;2.82;86825.0;103.0;105.0;52.0;4512.0;1006.45;117.18;6.0;1.0;0;1.0;0;0;1.0;0;0;0;0;0;1.0;1.0;0;0;0;0;0
632909;2.70;0.98;103.0;4417.0;28.5;81.75;42.75;10.19;21.37;13.82;0;0.11;2.82;86825.0;103.0;104.0;52.0;4512.0;1006.38;781.24;6.0;1.0;0;1.0;0;0;1.0;0;0;0;0;0;1.0;1.0;0;0;0;0;0
633439;2.61;0.97;103.0;4407.0;28.5;81.75;42.75;9.80;20.93;14.01;0;0;2.58;86825.0;103.0;104.0;52.0;4513.0;1006.38;722.64;6.0;1.0;0;1.0;0;0;1.0;0;0;0;0;0;1.0;1.0;0;0;0;0;0
633959;2.64;0.96;103.0;4372.0;28.5;81.75;42.75;10.19;21.32;14.01;0;0;2.58;86825.0;103.0;103.0;52.0;4516.0;1006.53;253.90;6.0;1.0;0;1.0;0;0;1.0;0;0;0;0;0;1.0;1.0;0;0;0;0;0
634489;3.11;1.01;103.0;4382.0;28.5;81.75;39.75;12.15;24.00;13.92;0;2.55;2.82;86825.0;102.0;104.0;52.0;4530.0;1006.41;722.64;6.0;1.0;0;1.0;0;0;1.0;0;0;0;0;0;1.0;1.0;0;0;0;0;0
635009;3.13;1.00;103.0;4375.0;28.5;81.75;39.75;12.15;24.13;14.11;0;0.93;2.58;86825.0;102.0;103.0;52.0;4535.0;1006.45;820.30;6.0;1.0;0;1.0;0;0;1.0;0;0;0;0;0;1.0;1.0;0;0;0;0;0
635539;3.13;1.02;102.0;4363.0;28.5;81.75;40.5;11.76;23.78;14.01;0.83;2.22;2.58;86825.0;102.0;103.0;52.0;4514.0;1006.45;820.30;6.0;1.0;0;1.0;0;0;1.0;0;0;0;0;0;1.0;1.0;0;0;0;0;0
636059;2.62;0.98;102.0;4375.0;28.5;81.75;43.5;9.41;20.73;14.01;0.15;1.79;2.58;86825.0;102.0;103.0;52.0;4493.0;1006.49;820.30;6.0;1.0;0;1.0;0;0;1.0;0;0;0;0;0;1.0;1.0;0;0;0;0;0
636589;2.29;0.93;102.0;4342.0;28.5;81.75;44.25;8.23;19.12;13.92;0.89;2.69;2.82;86825.0;101.0;102.0;52.0;4481.0;1006.45;644.52;6.0;1.0;0;1.0;0;0;1.0;0;0;0;0;0;1.0;1.0;0;0;0;0;0
637119;3.19;0.96;101.0;4313.0;28.5;81.75;40.5;10.98;22.92;14.01;0.25;3.04;2.58;86825.0;101.0;102.0;52.0;4525.0;1006.38;781.24;6.0;1.0;0;1.0;0;0;1.0;0;0;0;0;0;1.0;1.0;0;0;0;0;0
637639;2.61;0.95;101.0;4280.0;28.5;81.75;42.0;9.80;21.36;14.01;0;3.16;2.58;86825.0;101.0;102.0;52.0;4514.0;1006.30;136.71;6.0;1.0;0;1.0;0;0;1.0;0;0;0;0;0;1.0;1.0;0;0;0;0;0
638169;2.64;0.98;101.0;4297.0;28.5;81.75;42.0;9.41;21.01;14.01;0.68;0.87;2.58;86825.0;101.0;101.0;52.0;4499.0;1006.26;722.64;6.0;1.0;0;1.0;0;0;1.0;0;0;0;0;0;1.0;1.0;0;0;0;0;0
638738;2.32;0.96;101.0;4238.0;28.5;81.75;44.25;7.84;19.06;14.01;0.17;1.62;2.58;86825.0;100.0;101.0;52.0;4479.0;1006.18;742.17;6.0;1.0;0;1.0;0;0;1.0;0;0;0;0;0;1.0;1.0;0;0;0;0;0
639259;2.25;0.94;100.0;4223.0;28.5;81.75;44.25;7.84;18.63;14.01;0;0.39;2.58;86825.0;99.0;100.0;52.0;4483.0;1006.18;781.24;6.0;1.0;0;1.0;0;0;1.0;0;0;0;0;0;1.0;1.0;0;0;0;0;0
639789;2.27;0.94;98.0;4172.0;28.5;81.75;43.5;7.84;18.96;14.01;0;0.03;2.58;86825.0;98.0;99.0;52.0;4492.0;1006.22;488.27;6.0;1.0;0;1.0;0;0;1.0;0;0;0;0;0;1.0;1.0;0;0;0;0;0
640309;2.33;0.95;98.0;4155.0;28.5;81.75;42.75;7.84;19.26;14.01;0;0;2.58;86825.0;97.0;98.0;52.0;4494.0;1006.26;605.46;6.0;1.0;0;1.0;0;0;1.0;0;0;0;0;0;1.0;1.0;0;0;0;0;0
640839;2.21;0.90;97.0;4117.0;28.5;81.75;42.75;7.84;19.35;13.92;2.08;0;2.82;86826.0;96.0;97.0;52.0;4516.0;1006.30;58.59;6.0;1.0;0;1.0;0;0;1.0;0;0;0;0;0;1.0;1.0;0;0;0;0;0
641369;2.31;0.96;96.0;4098.0;28.5;81.75;43.5;7.84;18.88;14.01;0.56;0.72;2.58;86826.0;95.0;97.0;52.0;4503.0;1006.30;839.83;6.0;1.0;0;1.0;0;0;1.0;0;0;0;0;0;1.0;1.0;0;0;0;0;0
641889;3.09;0.97;96.0;4100.0;28.5;81.75;38.25;11.76;24.40;13.92;1.11;0.21;2.82;86826.0;95.0;97.0;52.0;4571.0;1006.30;742.17;6.0;1.0;0;1.0;0;0;1.0;0;0;0;0;0;1.0;1.0;0;0;0;0;0
642419;3.08;0.97;96.0;4093.0;28.5;81.75;38.25;12.15;24.77;14.01;1.34;0;2.58;86826.0;96.0;96.0;52.0;4552.0;1006.34;683.58;6.0;1.0;0;1.0;0;0;1.0;0;0;0;0;0;1.0;1.0;0;0;0;0;0
642939;3.05;0.96;96.0;4090.0;28.5;81.75;38.25;12.15;24.60;13.92;3.30;0;2.82;86826.0;96.0;97.0;52.0;4529.0;1006.34;527.33;6.0;1.0;0;1.0;0;0;1.0;0;0;0;0;0;1.0;1.0;0;0;0;0;0
643469;3.08;0.98;96.0;4105.0;28.5;81.75;38.25;11.76;24.19;14.01;1.24;0.89;2.58;86826.0;95.0;97.0;52.0;4524.0;1006.26;781.24;6.0;1.0;0;1.0;0;0;1.0;0;0;0;0;0;1.0;1.0;0;0;0;0;0
644039;2.56;0.91;97.0;4092.0;28.5;81.75;40.5;9.80;22.06;14.01;0.35;0.27;2.58;86826.0;96.0;97.0;52.0;4494.0;1006.30;175.77;6.0;1.0;0;1.0;0;0;1.0;0;0;0;0;0;1.0;1.0;0;0;0;0;0
644569;2.56;0.94;96.0;4094.0;28.5;81.75;41.25;9.41;21.10;14.01;0;0;2.58;86826.0;96.0;97.0;52.0;4488.0;1006.30;703.11;6.0;1.0;0;1.0;0;0;1.0;0;0;0;0;0;1.0;1.0;0;0;0;0;0
645089;2.4;0.93;96.0;4083.0;28.5;81.75;42.0;8.62;20.20;14.01;0;0;2.58;86826.0;96.0;96.0;52.0;4501.0;1006.30;761.70;6.0;1.0;0;1.0;0;0;1.0;0;0;0;0;0;1.0;1.0;0;0;0;0;0
645619;2.20;0.91;96.0;4081.0;28.5;81.75;43.5;7.84;18.95;14.01;0;0;2.58;86826.0;96.0;96.0;52.0;4493.0;1006.34;664.05;6.0;1.0;0;1.0;0;0;1.0;0;0;0;0;0;1.0;1.0;0;0;0;0;0
646139;1.63;0.93;95.0;4034.0;28.5;81.75;45.75;5.49;14.68;14.11;0.72;0;2.58;86826.0;95.0;95.0;52.0;4466.0;1006.34;878.89;6.0;1.0;0;1.0;0;0;1.0;0;0;0;0;0;1.0;1.0;0;0;0;0;0
646669;1.34;0.98;93.0;3990.0;28.5;81.75;45.75;3.92;11.18;14.11;1.64;0;2.58;86826.0;94.0;94.0;52.0;4475.0;1006.34;898.42;6.0;1.0;0;1.0;0;0;1.0;0;0;0;0;0;1.0;1.0;0;0;0;0;0
647189;1.24;0.96;92.0;3908.0;28.5;81.75;45.0;3.52;10.20;14.01;1.66;0;2.58;86826.0;92.0;92.0;52.0;4495.0;1006.34;898.42;6.0;1.0;0;1.0;0;0;1.0;0;0;0;0;0;1.0;1.0;0;0;0;0;0
647719;1.15;0.95;90.0;3790.0;28.5;81.75;43.5;3.13;9.56;14.01;0.60;0;2.58;86826.0;91.0;91.0;52.0;4506.0;1006.34;878.89;6.0;1.0;0;1.0;0;0;1.0;0;0;0;0;0;1.0;1.0;0;0;0;0;0
648239;1.32;0.93;90.0;3779.0;28.5;81.75;43.5;3.92;11.25;14.01;1.34;2.89;2.58;86826.0;89.0;90.0;52.0;4503.0;1006.34;859.36;6.0;1.0;0;1.0;0;0;1.0;0;0;0;0;0;1.0;1.0;0;0;0;0;0
648769;1.35;0.91;88.0;3734.0;28.5;81.75;42.75;4.31;11.68;14.01;2.03;1.11;2.58;86826.0;88.0;88.0;52.0;4517.0;1006.34;859.36;6.0;1.0;0;1.0;0;0;1.0;0;0;0;0;0;1.0;1.0;0;0;0;0;0
649299;1.32;0.89;87.0;3681.0;28.5;81.75;42.0;3.92;11.80;14.01;0.76;1.69;2.58;86826.0;86.0;87.0;52.0;4523.0;1006.34;820.30;6.0;1.0;0;1.0;0;0;1.0;0;0;0;0;0;1.0;1.0;0;0;0;0;0
649819;1.23;0.87;86.0;3639.0;28.5;81.75;42.0;3.92;11.26;14.11;2.03;0.66;2.58;86826.0;86.0;86.0;52.0;4506.0;1006.34;781.24;6.0;1.0;0;1.0;0;0;1.0;0;0;0;0;0;1.0;1.0;0;0;0;0;0
650349;1.18;0.85;83.0;3546.0;28.5;81.75;40.5;3.52;10.91;14.11;0.66;0.15;2.58;86826.0;84.0;84.0;52.0;4521.0;1006.34;136.71;6.0;1.0;0;1.0;0;0;1.0;0;0;0;0;0;1.0;1.0;0;0;0;0;0
650869;1.09;0.86;82.0;3508.0;28.5;81.75;39.75;3.13;9.96;14.01;3.04;0;2.58;86826.0;83.0;83.0;52.0;4542.0;1006.34;800.77;6.0;1.0;0;1.0;0;0;1.0;0;0;0;0;0;1.0;1.0;0;0;0;0;0
651399;1.07;0.86;81.0;3463.0;28.5;81.75;39.75;2.74;9.82;14.01;1.34;0;2.58;86826.0;81.0;81.0;52.0;4526.0;1006.34;800.77;6.0;1.0;0;1.0;0;0;1.0;0;0;0;0;0;1.0;1.0;0;0;0;0;0
651919;1.03;0.86;80.0;3390.0;28.5;81.75;39.0;2.74;9.39;14.01;2.30;0;2.58;86826.0;80.0;80.0;52.0;4520.0;1006.34;117.18;6.0;1.0;0;1.0;0;0;1.0;0;0;0;0;0;1.0;1.0;0;0;0;0;0
652449;0.61;1.00;77.0;3325.0;28.5;81.75;40.5;0;11.76;14.01;0.87;0;2.58;86826.0;78.0;78.0;52.0;4531.0;1006.34;39.06;6.0;1.0;0;1.0;0;0;1.0;0;0;0;0;0;1.0;1.0;0;0;0;0;0
652973;0.65;1.00;76.0;3218.0;28.5;81.75;-30.0;0;0;14.01;0.31;0;2.58;86826.0;76.0;76.0;52.0;4521.0;1006.34;0;6.0;1.0;0;1.0;0;0;1.0;0;0;0;0;0;1.0;1.0;0;0;0;0;0
653499;0.70;1.00;73.0;3094.0;28.5;81.75;-30.0;0;0;14.11;1.32;2.08;2.58;86826.0;73.0;73.0;52.0;4516.0;1006.34;0;6.0;1.0;0;1.0;0;0;1.0;0;0;0;0;0;1.0;1.0;0;0;0;0;0
654029;0.72;1.00;68.0;2923.0;28.5;81.75;-30.0;0;0;14.11;0.58;1.07;2.58;86826.0;68.0;69.0;52.0;4524.0;1006.34;0;6.0;1.0;0;1.0;0;0;1.0;0;0;0;0;0;1.0;1.0;0;0;0;0;0
654549;0.75;1.00;66.0;2771.0;28.5;81.75;-30.0;0;0;14.20;0.19;0.37;2.58;86826.0;66.0;65.0;52.0;4551.0;1006.34;0;6.0;1.0;0;1.0;0;0;1.0;0;0;0;0;0;1.0;1.0;0;0;0;0;0
655078;0.78;1.00;62.0;2665.0;28.5;81.75;-30.0;0;0;14.11;0;0.15;2.58;86826.0;63.0;63.0;52.0;4542.0;1006.34;0;6.0;1.0;0;1.0;0;0;1.0;0;0;0;0;0;1.0;1.0;0;0;0;0;0
655599;0.79;1.00;61.0;2585.0;28.5;81.75;-30.0;0;0;14.11;0;0;2.58;86826.0;61.0;61.0;52.0;4527.0;1006.34;0;6.0;1.0;0;1.0;0;0;1.0;0;0;0;0;0;1.0;1.0;0;0;0;0;0
656129;1.10;1.00;60.0;1846.0;29.25;81.75;18.0;0;12.77;14.11;2.20;2.20;2.58;86826.0;60.0;59.0;57.0;4276.0;1006.34;0;5.0;1.0;0;1.0;0;0;1.0;0;0;0;0;0;1.0;1.0;0;0;0;0;0
656649;0.81;1.00;57.0;2639.0;29.25;81.75;21.0;0;12.81;14.01;6.05;8.30;2.58;86826.0;58.0;57.0;52.0;4291.0;1006.34;39.06;5.0;1.0;0;1.0;0;0;1.0;0;0;1.0;0;0;1.0;1.0;0;0;0;0;0
657178;0.93;1.00;56.0;2555.0;29.25;81.75;14.25;0;12.77;13.92;3.49;5.95;2.82;86826.0;56.0;56.0;52.0;4407.0;1006.34;722.64;5.0;1.0;0;1.0;0;0;1.0;0;0;1.0;0;0;1.0;1.0;0;0;0;0;0
657699;0.88;1.00;53.0;2484.0;29.25;81.75;14.25;0;12.74;14.01;3.98;7.28;2.58;86826.0;54.0;54.0;50.0;4476.0;1006.34;39.06;5.0;1.0;0;1.0;0;0;1.0;0;0;1.0;0;0;1.0;1.0;0;0;0;0;0
658229;0.89;1.00;50.0;2293.0;29.25;81.75;15.75;0;12.62;14.01;74.83;27.92;2.58;86826.0;49.0;50.0;46.0;4546.0;1006.34;39.06;5.0;1.0;0;1.0;0;0;1.0;0;0;1.0;0;0;1.0;1.0;0;0;0;0;0
658848;1.02;1.00;42.0;1971.0;29.25;81.75;14.25;0;12.72;14.11;79.25;99.52;2.58;86826.0;42.0;43.0;46.0;4534.0;1006.34;19.53;5.0;1.0;0;1.0;1.0;0;1.0;0;0;1.0;0;0;1.0;1.0;0;0;1.0;0;0
659379;1.40;1.00;37.0;1417.0;29.25;81.75;15.0;0;12.58;14.29;57.88;74.17;2.58;86826.0;38.0;38.0;45.0;4510.0;1006.34;703.11;4.0;1.0;0;1.0;0;0;1.0;0;0;1.0;0;0;1.0;1.0;0;0;0;0;0
659899;1.16;0.99;33.0;1785.0;29.25;81.75;14.25;0;12.60;14.11;39.97;54.03;2.58;86826.0;34.0;34.0;45.0;4525.0;1006.34;761.70;4.0;1.0;0;1.0;0;0;1.0;0;0;1.0;0;0;1.0;1.0;0;0;0;0;0
660429;1.28;0.98;30.0;1538.0;29.25;81.75;15.0;0.39;12.56;14.29;31.63;43.88;2.58;86826.0;30.0;30.0;45.0;4476.0;1006.34;859.36;4.0;1.0;0;1.0;0;0;1.0;0;0;1.0;0;0;1.0;1.0;0;0;0;0;0
660949;1.19;0.99;27.0;1719.0;29.25;81.75;15.0;0;12.62;14.11;27.26;35.29;2.58;86826.0;28.0;28.0;46.0;4510.0;1006.38;839.83;3.0;1.0;0;1.0;0;0;1.0;0;0;1.0;0;0;1.0;1.0;0;0;0;0;0
661478;2.52;1.00;26.0;1913.0;29.25;81.75;3.75;3.52;12.97;14.11;20.79;37.98;2.58;86826.0;27.0;26.0;52.0;4518.0;1006.38;820.30;3.0;1.0;0;1.0;0;0;1.0;0;0;1.0;0;0;1.0;1.0;0;0;0;0;0
662009;2.64;0.99;27.0;1738.0;29.25;81.75;9.0;3.52;16.69;14.01;13.59;24.88;2.58;86826.0;27.0;27.0;52.0;4527.0;1006.45;234.37;3.0;1.0;0;1.0;0;0;1.0;0;0;1.0;0;0;1.0;1.0;0;0;0;0;0
662528;2.60;0.98;28.0;1770.0;29.25;81.75;14.25;3.92;18.22;13.92;8.39;15.42;2.82;86826.0;28.0;28.0;52.0;4529.0;1006.65;449.21;3.0;1.0;0;1.0;0;0;1.0;0;0;1.0;0;0;1.0;1.0;0;0;0;0;0
663059;2.43;0.99;30.0;1843.0;29.25;81.75;15.0;3.52;17.21;14.20;5.76;10.05;2.58;86826.0;30.0;30.0;52.0;4501.0;1006.77;214.84;3.0;1.0;0;1.0;0;0;1.0;0;0;1.0;0;0;1.0;1.0;0;0;0;0;0
663579;4.61;1.00;32.0;2007.0;29.25;81.75;15.75;10.19;29.14;14.11;3.71;8.72;2.58;86826.0;32.0;32.0;52.0;4473.0;1006.80;898.42;3.0;1.0;0;1.0;0;0;1.0;0;0;1.0;0;0;1.0;1.0;0;0;0;0;0
664119;4.11;0.99;35.0;2169.0;29.25;81.75;17.25;11.37;30.53;14.11;2.24;5.68;2.58;86826.0;35.0;35.0;52.0;4395.0;1006.92;878.89;3.0;1.0;0;1.0;0;0;1.0;0;0;1.0;0;0;1.0;1.0;0;0;0;0;0
664639;3.74;0.98;38.0;2377.0;29.25;81.75;20.25;12.55;30.14;14.01;1.19;4.57;2.58;86826.0;38.0;39.0;52.0;4472.0;1006.80;859.36;3.0;1.0;0;1.0;0;0;1.0;0;0;1.0;0;0;1.0;1.0;0;0;0;0;0
665210;3.06;1.00;41.0;2555.0;29.25;81.75;26.25;9.02;25.28;14.01;0.62;2.59;2.58;86826.0;41.0;42.0;52.0;4539.0;1006.80;839.83;3.0;1.0;0;1.0;0;0;1.0;0;0;1.0;0;0;1.0;1.0;0;0;0;0;0
665729;2.43;0.98;43.0;2653.0;29.25;81.75;27.75;5.88;19.90;13.92;0.23;1.21;2.82;86826.0;43.0;43.0;52.0;4527.0;1006.88;839.83;3.0;1.0;0;1.0;0;0;1.0;0;0;1.0;0;0;1.0;1.0;0;0;0;0;0
666259;1.84;0.95;43.0;2705.0;29.25;81.75;29.25;3.92;15.73;14.01;0;0.60;2.58;86826.0;44.0;44.0;52.0;4533.0;1007.00;800.77;3.0;1.0;0;1.0;0;0;1.0;0;0;1.0;0;0;1.0;1.0;0;0;0;0;0
666778;1.20;0.93;43.0;2700.0;29.25;82.5;30.0;1.96;10.48;13.92;0;0.27;2.82;86826.0;44.0;44.0;51.0;4521.0;1007.08;878.89;3.0;1.0;0;1.0;0;0;1.0;0;0;1.0;0;0;1.0;1.0;0;0;0;0;0
667309;1.21;0.91;43.0;2604.0;29.25;82.5;27.0;1.96;10.33;13.92;32.88;24.33;2.82;86826.0;44.0;43.0;51.0;4534.0;1007.16;839.83;3.0;1.0;0;1.0;0;0;1.0;0;0;1.0;0;0;1.0;1.0;0;0;0;0;0
667838;1.26;0.90;42.0;2558.0;29.25;82.5;27.0;1.96;10.95;14.01;46.69;113.23;2.58;86826.0;43.0;42.0;51.0;4526.0;1007.16;800.77;3.0;1.0;0;1.0;0;0;1.0;0;0;1.0;0;0;1.0;1.0;0;0;0;0;0
668359;1.45;0.88;42.0;2576.0;29.25;82.5;27.0;2.74;12.87;14.01;126.69;121.26;2.58;86826.0;42.0;42.0;51.0;4504.0;1007.16;58.59;3.0;1.0;0;1.0;0;0;1.0;0;0;1.0;0;0;1.0;1.0;0;0;0;0;0
668889;1.71;0.90;42.0;2594.0;29.25;82.5;27.0;3.13;14.68;13.92;123.76;130.67;2.82;86826.0;42.0;42.0;51.0;4501.0;1007.00;39.06;3.0;1.0;0;1.0;0;0;1.0;0;0;1.0;0;0;1.0;1.0;0;0;0;0;0
669408;1.74;0.92;42.0;2605.0;29.25;82.5;27.0;3.52;14.46;14.11;192.39;210.10;2.58;86826.0;43.0;42.0;51.0;4505.0;1007.00;58.59;3.0;1.0;0;1.0;0;0;1.0;0;0;1.0;0;0;1.0;1.0;0;0;0;0;0
669938;1.77;0.94;42.0;2610.0;29.25;82.5;27.75;3.13;14.59;13.92;266.31;269.94;2.82;86826.0;42.0;42.0;51.0;4514.0;1007.00;78.12;3.0;1.0;0;1.0;0;0;1.0;0;0;1.0;0;0;1.0;1.0;0;0;0;0;0
670468;1.60;0.95;42.0;2599.0;29.25;82.5;27.75;2.74;13.09;14.01;306.89;269.78;2.58;86826.0;43.0;43.0;51.0;4516.0;1007.08;878.89;3.0;1.0;0;1.0;0;0;1.0;0;0;1.0;0;0;1.0;1.0;0;0;0;0;0
670988;1.39;0.94;42.0;2580.0;29.25;82.5;27.0;2.35;11.55;13.82;324.62;312.49;2.82;86826.0;42.0;42.0;51.0;4505.0;1006.96;859.36;3.0;1.0;0;1.0;0;0;1.0;0;0;1.0;0;0;1.0;1.0;0;0;0;0;0
671538;1.64;0.92;42.0;2621.0;29.25;82.5;27.0;3.13;13.76;14.01;335.27;313.78;2.58;86826.0;42.0;42.0;51.0;4508.0;1007.04;234.37;3.0;1.0;0;1.0;0;0;1.0;0;0;1.0;0;0;1.0;1.0;0;0;0;0;0
672068;2.14;0.93;42.0;2611.0;29.25;82.5;27.75;4.70;17.95;14.01;341.61;326.99;2.58;86826.0;42.0;43.0;51.0;4515.0;1006.92;39.06;3.0;1.0;0;1.0;0;0;1.0;0;0;1.0;0;0;1.0;1.0;0;0;0;0;0
672638;1.95;0.96;43.0;2675.0;29.25;82.5;28.5;3.92;15.92;14.01;343.02;319.17;2.58;86826.0;43.0;44.0;51.0;4518.0;1006.96;839.83;3.0;1.0;0;1.0;0;0;1.0;0;0;1.0;0;0;1.0;1.0;0;0;0;0;0
673169;1.66;0.95;43.0;2688.0;29.25;83.25;29.25;3.13;13.56;14.01;238.07;326.20;2.58;86826.0;44.0;44.0;51.0;4517.0;1007.16;878.89;3.0;1.0;0;1.0;0;0;1.0;0;0;1.0;0;0;1.0;1.0;0;0;0;0;0
673688;1.43;0.93;43.0;2689.0;29.25;83.25;29.25;2.35;12.04;13.92;236.68;321.46;2.82;86826.0;44.0;44.0;51.0;4521.0;1007.16;878.89;3.0;1.0;0;1.0;0;0;1.0;0;0;1.0;0;0;1.0;1.0;0;0;0;0;0
674218;0.99;0.91;43.0;2579.0;29.25;83.25;27.75;1.17;8.42;14.01;211.52;340.95;2.58;86826.0;44.0;43.0;51.0;4525.0;1007.00;878.89;3.0;1.0;0;1.0;0;0;1.0;0;0;1.0;0;0;1.0;1.0;0;0;0;0;0
674749;0.85;1.00;42.0;2582.0;29.25;83.25;14.25;0;12.71;14.01;207.29;342.45;2.58;86826.0;42.0;42.0;51.0;4515.0;1007.08;703.11;3.0;1.0;0;1.0;0;0;1.0;0;0;1.0;0;0;1.0;1.0;0;0;0;0;0
675268;0.87;1.00;40.0;2465.0;29.25;83.25;15.0;0;12.48;13.92;237.25;342.63;2.82;86826.0;40.0;40.0;48.0;4523.0;1007.08;683.58;3.0;1.0;0;1.0;0;0;1.0;0;0;1.0;0;0;1.0;1.0;0;0;0;0;0
675798;1.48;0.99;38.0;2402.0;29.25;83.25;19.5;1.96;10.76;14.01;220.02;312.69;2.58;86826.0;39.0;39.0;51.0;4527.0;1007.16;859.36;3.0;1.0;0;1.0;0;0;1.0;0;0;1.0;0;0;1.0;1.0;0;0;0;0;0
676319;1.24;0.98;38.0;2399.0;29.25;83.25;24.0;1.56;9.91;14.01;174.10;339.43;2.58;86826.0;38.0;38.0;51.0;4532.0;1007.12;878.89;3.0;1.0;0;1.0;0;0;1.0;0;0;1.0;0;0;1.0;1.0;0;0;0;0;0
676898;1.2;0.96;37.0;2318.0;29.25;83.25;22.5;1.17;9.42;13.92;212.25;350.09;2.82;86826.0;38.0;38.0;51.0;4489.0;1007.20;878.89;3.0;1.0;0;1.0;0;0;1.0;0;0;1.0;0;0;1.0;1.0;0;0;0;0;0
677418;1.43;0.94;37.0;2274.0;29.25;83.25;21.75;1.96;11.08;14.01;230.62;329.45;2.58;86826.0;37.0;37.0;51.0;4516.0;1007.20;859.36;3.0;1.0;0;1.0;0;0;1.0;0;0;1.0;0;0;1.0;1.0;0;0;0;0;0
677948;1.57;0.93;36.0;2204.0;29.25;83.25;20.25;1.96;12.48;14.01;254.71;313.08;2.58;86826.0;37.0;37.0;51.0;4519.0;1007.12;78.12;3.0;1.0;0;1.0;0;0;1.0;0;0;1.0;0;0;1.0;1.0;0;0;0;0;0
678478;1.2;1.00;36.0;2117.0;29.25;83.25;20.25;0.39;12.93;14.01;247.19;332.47;2.58;86826.0;36.0;36.0;51.0;4534.0;1007.04;78.12;3.0;1.0;0;1.0;0;0;1.0;0;0;1.0;0;0;1.0;1.0;0;0;0;0;0
678998;0.99;1.00;35.0;2138.0;29.25;83.25;15.0;0;12.61;14.01;160.94;228.24;2.58;86826.0;35.0;35.0;45.0;4534.0;1007.00;781.24;3.0;1.0;0;1.0;0;0;1.0;0;0;1.0;0;0;1.0;1.0;0;0;0;0;0
679529;0.93;1.00;33.0;2101.0;29.25;83.25;15.0;0;12.48;14.11;117.76;148.68;2.58;86826.0;34.0;34.0;43.0;4510.0;1007.12;117.18;3.0;1.0;0;1.0;0;0;1.0;0;0;1.0;0;0;1.0;1.0;0;0;0;0;0
680048;1.02;1.00;32.0;2022.0;29.25;83.25;15.0;0;12.48;13.92;78.92;97.49;2.82;86826.0;33.0;33.0;44.0;4509.0;1007.20;39.06;3.0;1.0;0;1.0;0;0;1.0;0;0;1.0;0;0;1.0;1.0;0;0;0;0;0
680578;1.41;1.00;31.0;1918.0;29.25;83.25;14.25;1.17;9.67;14.01;55.42;76.38;2.58;86826.0;32.0;32.0;51.0;4516.0;1007.16;312.49;3.0;1.0;0;1.0;0;0;1.0;0;0;1.0;0;0;1.0;1.0;0;0;0;0;0
681108;1.75;1.02;31.0;1917.0;29.25;83.25;15.75;1.96;12.42;14.11;119.95;122.62;2.58;86826.0;32.0;31.0;51.0;4518.0;1007.08;58.59;3.0;1.0;0;1.0;0;0;1.0;0;0;1.0;0;0;1.0;1.0;0;0;0;0;0
681629;1.55;1.03;31.0;1946.0;29.25;83.25;16.5;1.17;10.92;14.11;220.47;204.22;2.58;86826.0;32.0;31.0;51.0;4514.0;1007.12;742.17;3.0;1.0;0;1.0;0;0;1.0;0;0;1.0;0;0;1.0;1.0;0;0;0;0;0
682168;1.40;1.03;31.0;1934.0;29.25;83.25;16.5;1.17;10.41;14.20;233.77;224.02;2.58;86826.0;32.0;31.0;51.0;4511.0;1007.20;332.02;3.0;1.0;0;1.0;0;0;1.0;0;0;1.0;0;0;1.0;1.0;0;0;0;0;0
682729;1.53;1.03;31.0;1879.0;29.25;83.25;15.75;1.17;10.99;14.01;240.64;236.35;2.58;86826.0;31.0;31.0;51.0;4513.0;1007.12;78.12;3.0;1.0;0;1.0;0;0;1.0;0;0;1.0;0;0;1.0;1.0;0;0;0;0;0
683259;1.76;1.05;31.0;1912.0;29.25;83.25;16.5;1.56;12.30;14.20;251.15;240.39;2.58;86826.0;31.0;31.0;51.0;4516.0;1007.16;742.17;3.0;1.0;0;1.0;0;0;1.0;0;0;1.0;0;0;1.0;1.0;0;0;0;0;0
683779;1.90;1.04;31.0;1939.0;29.25;83.25;17.25;1.96;13.38;14.01;271.64;247.44;2.58;86826.0;31.0;32.0;51.0;4503.0;1007.27;839.83;3.0;1.0;0;1.0;0;0;1.0;0;0;1.0;0;0;1.0;1.0;0;0;0;0;0
684309;1.92;1.02;31.0;1960.0;29.25;83.25;17.25;1.96;13.63;14.01;247.17;258.77;2.58;86826.0;32.0;32.0;51.0;4518.0;1007.31;859.36;3.0;1.0;0;1.0;0;0;1.0;0;0;1.0;0;0;1.0;1.0;0;0;0;0;0
684839;1.00;1.00;32.0;1900.0;29.25;83.25;15.0;0;12.55;14.01;286.23;291.91;2.58;86826.0;32.0;32.0;44.0;4495.0;1007.23;839.83;3.0;1.0;0;1.0;0;0;1.0;0;0;1.0;0;0;1.0;1.0;0;0;0;0;0
685359;1.04;1.00;31.0;1897.0;29.25;83.25;14.25;0;12.63;14.11;225.98;250.23;2.58;86826.0;31.0;31.0;44.0;4516.0;1007.35;859.36;3.0;1.0;0;1.0;0;0;1.0;0;0;1.0;0;0;1.0;1.0;0;0;0;0;0
685889;4.68;1.00;30.0;2034.0;29.25;83.25;-12.0;9.41;17.08;14.11;156.41;183.26;2.58;86826.0;30.0;29.0;51.0;4547.0;1007.31;917.95;3.0;1.0;0;1.0;0;0;1.0;0;0;1.0;0;0;1.0;1.0;0;0;0;0;0
686409;4.48;1.00;32.0;2035.0;29.25;83.25;9.75;12.55;32.33;14.11;145.20;191.60;2.58;86826.0;32.0;32.0;51.0;4427.0;1007.35;878.89;3.0;1.0;0;1.0;0;0;1.0;0;0;1.0;0;0;1.0;1.0;0;0;0;0;0
686939;0.82;1.00;32.0;2099.0;29.25;83.25;15.0;0;12.56;14.20;183.19;219.36;2.58;86826.0;33.0;33.0;43.0;4529.0;1007.43;0;3.0;1.0;0;1.0;0;0;1.0;0;0;1.0;0;0;1.0;1.0;0;0;0;0;0
687469;1.00;1.00;32.0;2001.0;29.25;83.25;14.25;0;12.46;14.11;132.10;158.72;2.58;86826.0;32.0;32.0;43.0;4539.0;1007.47;39.06;3.0;1.0;0;1.0;0;0;1.0;0;0;1.0;0;0;1.0;1.0;0;0;0;0;0
687989;1.84;1.01;31.0;2010.0;29.25;83.25;14.25;1.96;12.64;13.82;143.17;181.27;2.82;86826.0;32.0;31.0;51.0;4550.0;1007.35;39.06;3.0;1.0;0;1.0;0;0;1.0;0;0;1.0;0;0;1.0;1.0;0;0;0;0;0
688519;2.37;1.03;31.0;1975.0;29.25;84.0;17.25;3.52;16.63;14.11;220.96;225.66;2.58;86826.0;32.0;32.0;50.0;4512.0;1007.23;136.71;3.0;1.0;0;1.0;0;0;1.0;0;0;1.0;0;0;1.0;1.0;0;0;0;0;0
689049;2.38;1.04;32.0;2036.0;29.25;84.0;18.75;3.52;16.78;14.11;164.42;198.85;2.58;86826.0;33.0;33.0;50.0;4522.0;1007.35;214.84;3.0;1.0;0;1.0;0;0;1.0;0;0;1.0;0;0;1.0;1.0;0;0;0;0;0
689569;1.07;1.00;33.0;1825.0;29.25;84.0;14.25;0;12.46;14.11;200.63;224.65;2.58;86826.0;34.0;34.0;44.0;4492.0;1007.35;839.83;3.0;1.0;0;1.0;0;0;1.0;0;0;1.0;0;0;1.0;1.0;0;0;0;0;0
690099;1.04;1.00;32.0;1993.0;29.25;84.0;14.25;0;12.50;14.01;165.36;153.99;2.58;86826.0;32.0;32.0;44.0;4511.0;1007.35;566.39;3.0;1.0;0;1.0;0;0;1.0;0;0;1.0;0;0;1.0;1.0;0;0;0;0;0
690619;1.04;1.00;31.0;1882.0;29.25;84.0;14.25;0;12.43;14.11;135.42;160.63;2.58;86826.0;31.0;31.0;42.0;4511.0;1007.31;742.17;3.0;1.0;0;1.0;0;0;1.0;0;0;1.0;0;0;1.0;1.0;0;0;0;0;0
691149;1.06;1.00;30.0;1817.0;29.25;84.0;14.25;0;12.37;14.20;145.24;150.14;2.58;86826.0;30.0;30.0;43.0;4521.0;1007.23;878.89;3.0;1.0;0;1.0;0;0;1.0;0;0;1.0;0;0;1.0;1.0;0;0;0;0;0
691679;1.12;0.98;28.0;1722.0;29.25;84.0;14.25;0;12.41;14.11;147.29;162.39;2.58;86826.0;28.0;28.0;44.0;4513.0;1007.27;878.89;3.0;1.0;0;1.0;0;0;1.0;0;0;1.0;0;0;1.0;1.0;0;0;0;0;0
692199;1.18;0.97;27.0;1670.0;29.25;84.0;14.25;0;12.47;14.20;202.62;114.71;2.58;86826.0;28.0;27.0;43.0;4514.0;1007.23;859.36;3.0;1.0;0;1.0;0;0;1.0;0;0;1.0;0;0;1.0;1.0;0;0;0;0;0
692729;1.2;0.95;26.0;1619.0;29.25;84.0;13.5;0;12.37;14.20;236.50;177.13;2.58;86826.0;26.0;26.0;43.0;4512.0;1007.27;859.36;3.0;1.0;0;1.0;0;0;1.0;0;0;1.0;0;0;1.0;1.0;0;0;0;0;0
693260;1.19;0.94;25.0;1568.0;29.25;84.0;15.0;0;12.42;14.11;237.71;198.17;2.58;86826.0;25.0;25.0;42.0;4510.0;1007.35;859.36;3.0;1.0;0;1.0;0;0;1.0;0;0;1.0;0;0;1.0;1.0;0;0;0;0;0
693779;1.19;0.92;23.0;1495.0;29.25;84.0;14.25;0;12.43;14.11;222.52;222.58;2.58;86826.0;24.0;24.0;43.0;4502.0;1007.43;820.30;3.0;1.0;0;1.0;0;0;1.0;0;0;1.0;0;0;1.0;1.0;0;0;0;0;0
694309;1.37;0.90;23.0;1416.0;29.25;84.0;15.75;0;12.53;14.29;214.79;266.64;2.58;86826.0;24.0;23.0;43.0;4512.0;1007.47;820.30;3.0;1.0;0;1.0;0;0;1.0;0;0;1.0;0;0;1.0;1.0;0;0;1.0;0;0
694839;0.60;1.00;22.0;3129.0;29.25;84.0;-30.0;0;0;14.11;228.95;298.00;2.58;86826.0;23.0;23.0;50.0;4608.0;1007.51;917.95;3.0;1.0;0;1.0;0;0;1.0;0;0;1.0;0;0;1.0;1.0;0;0;0;0;0
695359;3.12;1.00;23.0;2158.0;29.25;84.0;8.25;5.88;17.71;14.11;229.08;325.62;2.58;86826.0;24.0;24.0;50.0;4251.0;1007.47;859.36;2.0;1.0;0;1.0;0;0;1.0;0;0;1.0;0;0;1.0;1.0;0;0;0;0;0
695888;3.12;0.98;26.0;2087.0;29.25;84.0;17.25;5.88;21.60;14.01;187.89;278.06;2.58;86826.0;27.0;27.0;50.0;4294.0;1007.43;859.36;2.0;1.0;0;1.0;0;0;1.0;0;0;1.0;0;0;1.0;1.0;0;0;0;0;0
696419;2.58;0.96;28.0;2300.0;29.25;84.0;21.75;5.09;19.90;14.01;214.14;311.05;2.58;86826.0;29.0;29.0;50.0;4378.0;1007.47;800.77;2.0;1.0;0;1.0;0;0;1.0;0;0;1.0;0;0;1.0;1.0;0;0;0;0;0
696949;1.70;0.94;30.0;2373.0;29.25;84.0;24.0;2.74;13.79;14.01;210.02;312.01;2.58;86826.0;30.0;30.0;50.0;4495.0;1007.47;878.89;2.0;1.0;0;1.0;0;0;1.0;0;0;1.0;0;0;1.0;1.0;0;0;0;0;0
697469;1.36;0.92;31.0;2410.0;30.0;84.0;24.0;1.96;11.28;14.01;273.67;184.20;2.58;86826.0;31.0;31.0;50.0;4530.0;1007.43;859.36;2.0;1.0;0;1.0;0;0;1.0;0;0;1.0;0;0;1.0;1.0;0;0;0;0;0
697989;1.37;0.90;30.0;2366.0;30.0;84.0;24.0;1.96;11.68;13.92;313.84;113.80;2.82;86826.0;30.0;30.0;50.0;4526.0;1007.31;605.46;2.0;1.0;0;1.0;0;0;1.0;0;0;1.0;0;0;1.0;1.0;0;0;0;0;0
698519;1.24;0.89;30.0;2276.0;30.0;84.0;22.5;1.56;10.71;14.01;299.94;191.74;2.58;86826.0;30.0;30.0;50.0;4527.0;1007.12;820.30;2.0;1.0;0;1.0;0;0;1.0;0;0;1.0;0;0;1.0;1.0;0;0;0;0;0
699049;1.72;0.88;30.0;2285.0;30.0;84.0;23.25;2.74;14.73;13.92;324.04;245.04;2.82;86826.0;30.0;30.0;50.0;4477.0;1007.04;19.53;2.0;1.0;0;1.0;0;0;1.0;0;0;1.0;0;0;1.0;1.0;0;0;0;0;0
699569;2.03;0.90;31.0;2397.0;30.0;84.0;24.0;3.92;16.21;14.11;340.99;236.76;2.58;86826.0;31.0;31.0;50.0;4487.0;1007.04;39.06;2.0;1.0;0;1.0;0;0;1.0;0;0;1.0;0;0;1.0;1.0;0;0;0;0;0
700099;2.04;0.93;32.0;2505.0;30.0;84.0;25.5;4.31;17.05;14.01;346.40;243.94;2.58;86826.0;32.0;32.0;50.0;4493.0;1007.08;39.06;2.0;1.0;0;1.0;0;0;1.0;0;0;1.0;0;0;1.0;1.0;0;0;0;0;0
700629;2.00;0.95;32.0;2589.0;30.0;84.0;27.0;4.31;16.34;13.92;347.88;245.06;2.82;86826.0;33.0;33.0;50.0;4501.0;1007.04;78.12;2.0;1.0;0;1.0;0;0;1.0;0;0;1.0;0;0;1.0;1.0;0;0;0;0;0
701149;1.80;0.96;33.0;2676.0;30.0;84.0;28.5;3.52;14.53;14.01;350.44;230.88;2.58;86826.0;34.0;34.0;50.0;4531.0;1007.20;878.89;2.0;1.0;0;1.0;0;0;1.0;0;0;1.0;0;0;1.0;1.0;0;0;0;0;0
701679;1.53;0.94;35.0;2723.0;30.0;84.0;29.25;2.74;12.79;13.92;350.34;209.47;2.82;86826.0;35.0;35.0;50.0;4538.0;1007.31;898.42;2.0;1.0;0;1.0;0;0;1.0;0;0;1.0;0;0;1.0;1.0;0;0;0;0;0
702209;1.19;0.93;35.0;2626.0;30.0;84.0;28.5;1.56;10.01;14.01;345.44;250.74;2.58;86826.0;35.0;34.0;50.0;4521.0;1007.20;898.42;2.0;1.0;0;1.0;0;0;1.0;0;0;1.0;0;0;1.0;1.0;0;0;0;0;0
702729;1.00;0.91;33.0;2654.0;30.0;84.0;28.5;1.17;8.52;14.01;348.20;218.69;2.58;86826.0;34.0;34.0;50.0;4514.0;1007.16;878.89;2.0;1.0;0;1.0;0;0;1.0;0;0;1.0;0;0;1.0;1.0;0;0;0;0;0
703259;1.09;0.89;32.0;2579.0;30.0;83.25;27.0;1.56;9.46;14.01;329.11;215.49;2.58;86826.0;33.0;33.0;51.0;4508.0;1007.16;839.83;2.0;1.0;0;1.0;0;0;1.0;0;0;1.0;0;0;1.0;1.0;0;0;0;0;0
703788;1.18;0.88;32.0;2501.0;30.0;83.25;26.25;1.56;10.08;14.01;280.60;212.58;2.58;86826.0;32.0;32.0;51.0;4520.0;1007.12;839.83;2.0;1.0;0;1.0;0;0;1.0;0;0;1.0;0;0;1.0;1.0;0;0;0;0;0
704312;1.01;0.87;31.0;2442.0;30.0;83.25;24.75;1.17;9.00;14.01;315.80;263.81;2.58;86826.0;31.0;31.0;51.0;4547.0;1007.16;410.15;2.0;1.0;0;1.0;0;0;1.0;0;0;1.0;0;0;1.0;1.0;0;0;0;0;0
704859;0.98;0.87;30.0;2381.0;30.0;83.25;23.25;0.78;8.26;13.92;332.40;305.41;2.82;86826.0;30.0;30.0;51.0;4523.0;1007.00;39.06;2.0;1.0;0;1.0;0;0;1.0;0;0;1.0;0;0;1.0;1.0;0;0;0;0;0
705389;1.33;0.89;28.0;2250.0;30.0;83.25;21.75;1.56;10.76;14.01;326.22;328.10;2.58;86826.0;29.0;29.0;51.0;4515.0;1007.00;58.59;2.0;1.0;0;1.0;0;0;1.0;0;0;1.0;0;0;1.0;1.0;0;0;0;0;0
705919;1.44;0.90;28.0;2207.0;30.0;83.25;21.0;1.96;11.94;14.01;336.75;306.87;2.58;86826.0;29.0;29.0;51.0;4508.0;1007.00;19.53;2.0;1.0;0;1.0;0;0;1.0;0;0;1.0;0;0;1.0;1.0;0;0;0;0;0
706439;1.44;0.92;28.0;2190.0;30.0;83.25;21.0;1.96;11.71;14.01;344.78;334.88;2.58;86826.0;29.0;29.0;51.0;4529.0;1007.08;39.06;2.0;1.0;0;1.0;0;0;1.0;0;0;1.0;0;0;1.0;1.0;0;0;0;0;0
706969;1.42;0.94;28.0;2182.0;30.0;83.25;20.25;1.56;11.34;14.01;346.32;324.64;2.58;86826.0;28.0;28.0;51.0;4525.0;1007.16;58.59;2.0;1.0;0;1.0;0;0;1.0;0;0;1.0;0;0;1.0;1.0;0;0;0;0;0
707541;1.42;0.95;28.0;2199.0;30.0;83.25;20.25;1.56;11.24;14.01;351.57;320.42;2.58;86826.0;28.0;28.0;51.0;4519.0;1007.23;58.59;2.0;1.0;0;1.0;0;0;1.0;0;0;1.0;0;0;1.0;1.0;0;0;0;0;0
708069;1.41;0.96;27.0;2180.0;30.0;83.25;20.25;1.56;10.99;14.01;331.36;338.47;2.58;86826.0;28.0;28.0;51.0;4526.0;1007.35;234.37;2.0;1.0;0;1.0;0;0;1.0;0;0;1.0;0;0;1.0;1.0;0;0;0;0;0
708599;1.02;1.00;27.0;2083.0;30.0;83.25;14.25;0;12.63;14.01;293.06;306.95;2.58;86826.0;27.0;27.0;44.0;4524.0;1007.35;175.77;2.0;1.0;0;1.0;0;0;1.0;0;0;1.0;0;0;1.0;1.0;0;0;0;0;0
709119;1.42;0.99;26.0;1344.0;30.0;83.25;15.0;0;12.54;14.29;220.64;227.48;2.58;86826.0;27.0;27.0;43.0;4500.0;1007.43;878.89;2.0;1.0;0;1.0;0;0;1.0;0;0;1.0;0;0;1.0;1.0;0;0;0;0;0
709649;0.98;1.00;25.0;1973.0;30.0;83.25;15.0;0;12.43;14.11;178.52;172.89;2.58;86826.0;25.0;25.0;43.0;4531.0;1007.47;761.70;2.0;1.0;0;1.0;0;0;1.0;0;0;1.0;0;0;1.0;1.0;0;0;0;0;0
710179;1.19;0.99;21.0;1649.0;30.0;83.25;14.25;0;12.52;14.29;198.13;168.81;2.58;86826.0;21.0;21.0;44.0;4520.0;1007.51;839.83;2.0;1.0;0;1.0;0;0;1.0;0;0;1.0;0;0;1.0;1.0;0;0;0;0;0
710699;1.42;0.98;16.0;1328.0;30.0;83.25;14.25;0;12.33;14.20;204.55;185.37;2.58;86826.0;16.0;16.0;43.0;4471.0;1007.55;878.89;2.0;1.0;0;1.0;0;0;1.0;0;0;1.0;0;0;1.0;1.0;0;0;0;0;0
711229;1.38;0.96;12.0;1280.0;30.0;83.25;14.25;0;12.36;14.29;188.38;149.52;2.58;86826.0;12.0;12.0;45.0;4497.0;1007.55;839.83;2.0;1.0;0;1.0;0;0;1.0;0;0;1.0;0;0;1.0;1.0;0;0;0;0;0
711759;1.42;0.94;10.0;1288.0;30.0;83.25;14.25;0;12.41;14.39;144.73;114.85;2.31;86826.0;10.0;10.0;44.0;4505.0;1007.55;136.71;2.0;1.0;0;1.0;0;0;1.0;0;0;1.0;0;0;1.0;1.0;0;0;0;0;0
712281;1.40;0.96;10.0;1240.0;30.0;83.25;16.5;0;12.78;14.39;100.03;91.45;2.31;86826.0;10.0;10.0;44.0;4506.0;1007.59;58.59;2.0;1.0;0;1.0;1.0;0;1.0;0;0;1.0;0;0;1.0;1.0;0;0;1.0;0;0
712859;1.44;0.98;8.0;1275.0;30.0;83.25;14.25;0;12.41;14.11;76.83;70.22;2.58;86826.0;9.0;9.0;44.0;4500.0;1007.59;58.59;2.0;1.0;0;1.0;0;0;1.0;0;0;1.0;0;0;1.0;1.0;0;0;1.0;0;0
713389;1.42;0.99;8.0;1356.0;30.0;83.25;15.0;0;12.53;14.29;53.08;48.51;2.58;86826.0;9.0;9.0;44.0;4514.0;1007.59;859.36;0;1.0;0;1.0;0;0;1.0;0;0;1.0;0;0;1.0;1.0;0;0;0;0;0
713909;1.39;0.97;8.0;1294.0;30.0;83.25;13.5;0;12.33;14.39;40.75;35.32;2.31;86826.0;9.0;9.0;45.0;4503.0;1007.51;820.30;1.0;1.0;0;1.0;0;0;1.0;0;0;1.0;0;0;1.0;1.0;0;0;0;0;0
714439;1.44;0.96;8.0;1270.0;30.0;83.25;14.25;0;12.44;14.39;31.26;27.08;2.31;86826.0;8.0;8.0;45.0;4516.0;1007.51;117.18;1.0;1.0;0;1.0;0;0;1.0;0;0;1.0;0;0;1.0;1.0;0;0;0;0;0
714969;1.39;0.98;8.0;1280.0;30.0;83.25;13.5;0;12.31;14.29;22.75;22.88;2.58;86826.0;8.0;8.0;44.0;4504.0;1007.47;58.59;1.0;1.0;0;1.0;0;0;1.0;0;0;1.0;0;0;1.0;1.0;0;0;0;0;0
715539;1.46;1.00;7.0;1238.0;30.0;83.25;16.5;0;12.81;14.29;16.56;16.62;2.58;86826.0;8.0;8.0;45.0;4517.0;1007.51;156.24;1.0;1.0;0;1.0;0;0;1.0;0;0;1.0;0;0;1.0;1.0;0;0;0;0;0
716069;1.55;1.00;7.0;1243.0;30.0;83.25;16.5;0;12.83;14.20;14.78;12.05;2.58;86826.0;8.0;8.0;45.0;4508.0;1007.55;761.70;1.0;1.0;0;1.0;0;0;1.0;0;0;1.0;0;0;1.0;1.0;0;0;0;0;0
716599;1.42;0.99;7.0;1241.0;30.0;84.0;15.75;0;12.64;14.39;10.74;8.72;2.31;86826.0;8.0;8.0;43.0;4510.0;1007.55;839.83;1.0;1.0;0;1.0;0;0;1.0;0;0;1.0;0;0;1.0;1.0;0;0;0;0;0
717119;1.54;0.97;7.0;1217.0;30.0;84.0;18.0;0;13.08;14.20;10.09;6.67;2.58;86826.0;8.0;8.0;45.0;4512.0;1007.55;839.83;1.0;1.0;0;1.0;0;0;1.0;0;0;1.0;0;0;1.0;1.0;0;0;0;0;0
717649;1.45;0.96;7.0;1214.0;30.0;84.0;18.0;0;13.11;14.29;7.30;7.10;2.58;86826.0;7.0;7.0;45.0;4510.0;1007.51;722.64;1.0;1.0;0;1.0;0;0;1.0;0;0;1.0;0;0;1.0;1.0;0;0;0;0;0
718179;1.44;0.96;7.0;1272.0;30.0;84.0;13.5;0;12.38;14.20;5.54;5.74;2.58;86826.0;7.0;7.0;45.0;4523.0;1007.51;859.36;1.0;1.0;0;1.0;0;0;1.0;0;0;1.0;0;0;1.0;1.0;0;0;0;0;0
718699;1.36;0.95;6.0;1267.0;30.0;84.0;14.25;0;12.51;14.29;3.98;3.90;2.58;86826.0;7.0;7.0;45.0;4496.0;1007.55;273.43;1.0;1.0;0;1.0;0;0;1.0;0;0;1.0;0;0;1.0;1.0;0;0;0;0;0
719229;1.44;0.96;6.0;1229.0;30.0;84.0;17.25;0;13.02;14.29;5.37;5.29;2.58;86826.0;6.0;6.0;45.0;4504.0;1007.55;39.06;1.0;1.0;0;1.0;0;0;1.0;0;0;1.0;0;0;1.0;1.0;0;0;0;0;0
719759;2.53;1.00;6.0;1135.0;30.0;84.0;13.5;1.56;17.03;14.29;8.51;37.90;2.58;86826.0;6.0;6.0;57.0;4547.0;1007.59;859.36;1.0;1.0;0;1.0;0;0;1.0;0;0;1.0;0;0;1.0;1.0;0;0;0;0;0
720278;1.26;1.00;7.0;1521.0;30.0;84.0;39.75;0;15.52;14.29;10.05;33.08;2.58;86826.0;7.0;7.0;45.0;4539.0;1007.59;58.59;1.0;1.0;0;1.0;0;0;1.0;0;0;1.0;0;0;1.0;1.0;0;0;0;0;0
720809;1.48;1.00;7.0;1234.0;30.0;84.0;17.25;0;12.81;14.39;17.79;24.06;2.31;86826.0;7.0;7.0;44.0;4486.0;1007.59;839.83;1.0;1.0;0;1.0;0;0;1.0;0;0;1.0;0;0;1.0;1.0;0;0;0;0;0
721339;1.56;0.99;7.0;1230.0;30.0;84.0;17.25;0;12.86;14.39;12.92;18.45;2.31;86826.0;7.0;7.0;44.0;4502.0;1007.59;859.36;1.0;1.0;0;1.0;0;0;1.0;0;0;1.0;0;0;1.0;1.0;0;0;0;0;0
721859;1.44;0.97;6.0;1249.0;30.0;84.0;15.75;0;12.58;14.29;16.81;16.36;2.58;86826.0;6.0;6.0;44.0;4504.0;1007.59;703.11;1.0;1.0;0;1.0;0;0;1.0;0;0;1.0;0;0;1.0;1.0;0;0;0;0;0
722389;1.36;0.96;6.0;1296.0;30.0;84.0;12.0;0;11.65;14.20;12.22;12.98;2.58;86826.0;6.0;6.0;44.0;4507.0;1007.51;546.86;1.0;1.0;0;1.0;0;0;1.0;0;0;1.0;0;0;1.0;1.0;0;0;0;0;0
722919;1.41;0.98;5.0;1244.0;30.0;84.75;15.0;0;12.45;14.39;11.34;11.93;2.31;86827.0;5.0;5.0;44.0;4515.0;1007.55;58.59;1.0;1.0;0;1.0;0;0;1.0;0;0;1.0;0;0;1.0;1.0;0;0;0;0;0
723450;1.50;0.99;5.0;1253.0;30.0;84.75;14.25;0;12.37;14.29;24.62;11.22;2.58;86827.0;5.0;4.0;44.0;4519.0;1007.55;78.12;1.0;1.0;0;1.0;0;0;1.0;0;0;1.0;0;0;1.0;1.0;0;0;0;0;0
723969;1.40;0.99;2.0;1249.0;30.0;84.75;14.25;0;12.33;14.39;19.31;24.08;2.31;86827.0;3.0;3.0;43.0;4510.0;1007.55;605.46;1.0;1.0;0;1.0;0;0;1.0;0;0;1.0;0;0;1.0;1.0;0;0;0;0;0
724499;1.48;1.00;0;1250.0;30.0;84.75;14.25;0;12.31;14.39;25.70;52.75;2.31;86827.0;0;0;42.0;4510.0;1007.51;117.18;1.0;1.0;0;1.0;1.0;0;1.0;0;0;1.0;0;0;1.0;1.0;0;0;1.0;0;0
725029;1.40;1.01;0;1304.0;30.0;84.75;12.0;0;11.82;14.29;68.72;96.71;2.58;86827.0;0;0;42.0;4507.0;1007.47;781.24;1.0;1.0;0;1.0;0;0;1.0;0;0;1.0;0;0;1.0;1.0;0;0;0;0;0
725550;1.50;0.99;0;1234.0;30.0;84.75;15.0;0;12.29;14.29;85.79;106.10;2.58;86827.0;0;0;42.0;4509.0;1007.51;820.30;1.0;1.0;0;1.0;0;0;1.0;0;0;1.0;0;0;1.0;1.0;0;0;0;0;0
726079;1.38;0.98;0;1236.0;30.0;84.75;15.75;0;12.42;14.29;119.60;150.42;2.58;86827.0;0;0;42.0;4516.0;1007.55;800.77;1.0;1.0;0;1.0;0;0;1.0;0;0;1.0;0;0;1.0;1.0;0;0;0;0;0
726609;1.38;0.96;0;1244.0;30.0;84.75;15.0;0;12.25;14.29;101.16;123.15;2.58;86827.0;0;0;42.0;4509.0;1007.55;703.11;1.0;1.0;0;1.0;0;0;1.0;0;0;1.0;0;0;1.0;1.0;0;0;0;0;0
727129;1.33;0.95;0;1288.0;30.0;84.75;12.75;0;11.90;14.20;101.00;109.40;2.58;86827.0;0;0;43.0;4517.0;1007.55;97.65;1.0;1.0;0;1.0;0;0;1.0;0;0;1.0;0;0;1.0;1.0;0;0;0;0;0
727659;1.48;0.96;0;1173.0;30.0;84.75;21.0;0;13.30;14.29;154.63;126.08;2.58;86827.0;0;0;43.0;4511.0;1007.59;58.59;1.0;1.0;0;1.0;0;0;1.0;0;0;1.0;0;0;1.0;1.0;0;0;0;0;0
728189;2.23;0.98;0;1344.0;30.0;84.75;12.75;1.56;12.80;14.20;174.71;146.47;2.58;86827.0;0;0;51.0;4577.0;1007.59;156.24;1.0;1.0;0;1.0;0;0;1.0;0;0;1.0;0;0;1.0;1.0;0;0;0;0;0
728709;1.18;0.99;0;1647.0;30.0;84.75;14.25;0;12.43;14.11;196.90;153.68;2.58;86827.0;0;0;43.0;4512.0;1007.59;839.83;1.0;1.0;0;1.0;0;0;1.0;0;0;1.0;0;0;1.0;1.0;0;0;0;0;0
729238;1.42;0.98;0;1270.0;30.0;84.75;15.75;0;12.56;14.29;197.46;133.27;2.58;86827.0;0;0;45.0;4490.0;1007.59;859.36;1.0;1.0;0;1.0;0;0;1.0;0;0;1.0;0;0;1.0;1.0;0;0;0;0;0
729779;1.40;0.96;0;1251.0;30.0;85.5;15.0;0;12.49;14.29;143.91;97.12;2.58;86827.0;0;0;45.0;4505.0;1007.59;742.17;1.0;1.0;0;1.0;0;0;1.0;0;0;1.0;0;0;1.0;1.0;0;0;0;0;0
730349;1.48;0.94;0;1229.0;30.0;85.5;16.5;0;12.81;14.29;110.53;74.60;2.58;86827.0;0;0;45.0;4516.0;1007.51;117.18;1.0;1.0;0;1.0;0;0;1.0;0;0;1.0;0;0;1.0;1.0;0;0;0;0;0
730919;3.55;1.00;0;2090.0;30.0;85.5;19.5;7.45;24.58;14.11;74.11;48.90;2.58;86827.0;0;0;49.0;4563.0;1007.55;898.42;1.0;1.0;0;1.0;0;0;1.0;0;0;1.0;0;0;1.0;1.0;0;0;0;0;0
731448;3.46;0.98;0;1922.0;30.0;85.5;16.5;7.05;26.01;14.11;48.57;32.04;2.58;86827.0;0;0;49.0;4522.0;1007.55;839.83;1.0;1.0;0;1.0;0;0;1.0;0;0;1.0;0;0;1.0;1.0;0;0;0;0;0
731979;2.81;0.95;11.0;1922.0;30.0;85.5;16.5;5.49;21.21;14.11;30.17;18.82;2.58;86827.0;12.0;11.0;49.0;4521.0;1007.55;312.49;1.0;1.0;0;1.0;0;0;1.0;0;0;1.0;0;0;1.0;1.0;0;0;0;0;0
732498;2.62;0.97;15.0;1879.0;30.0;85.5;15.75;4.31;19.12;14.01;19.72;12.30;2.58;86827.0;15.0;15.0;49.0;4526.0;1007.59;39.06;1.0;1.0;0;1.0;0;0;1.0;0;0;1.0;0;0;1.0;1.0;0;0;0;0;0
733028;3.20;0.99;18.0;2080.0;30.0;85.5;18.0;6.66;22.30;14.11;12.22;7.98;2.58;86827.0;19.0;19.0;49.0;4447.0;1007.59;898.42;1.0;1.0;0;1.0;0;0;1.0;0;0;1.0;0;0;1.0;1.0;0;0;0;0;0
733559;3.35;0.98;25.0;2725.0;30.0;85.5;27.0;10.58;26.39;14.01;11.77;6.13;2.58;86827.0;24.0;25.0;49.0;4439.0;1007.59;859.36;1.0;1.0;0;1.0;0;0;1.0;0;0;1.0;0;0;1.0;1.0;0;0;0;0;0
734078;3.44;0.93;28.0;3098.0;30.0;85.5;29.25;14.11;28.86;13.82;5.50;2.85;2.82;86827.0;27.0;29.0;49.0;4547.0;1007.59;605.46;1.0;1.0;0;1.0;0;0;1.0;0;0;1.0;0;0;1.0;1.0;0;0;0;0;0
734608;3.94;0.97;33.0;3757.0;30.0;85.5;31.5;16.86;29.94;13.92;3.92;1.26;2.82;86827.0;33.0;34.0;49.0;4555.0;1007.59;898.42;1.0;1.0;0;1.0;0;0;1.0;0;0;1.0;0;0;1.0;1.0;0;0;0;0;0
735138;4.68;1.00;37.0;3704.0;30.0;85.5;36.0;11.76;24.69;13.92;4.96;2.12;2.82;86827.0;37.0;38.0;49.0;4462.0;1007.51;839.83;2.0;1.0;0;1.0;0;0;1.0;0;0;1.0;0;0;1.0;1.0;0;0;0;0;0
735669;3.58;0.96;42.0;3297.0;30.0;85.5;30.75;14.90;29.07;13.73;1.91;1.77;2.82;86827.0;42.0;43.0;49.0;4499.0;1007.47;664.05;2.0;1.0;0;1.0;0;0;1.0;0;0;1.0;0;0;1.0;1.0;0;0;0;0;0
736188;3.41;0.97;46.0;3635.0;30.0;85.5;33.0;14.11;27.85;13.92;2.30;0.80;2.82;86827.0;46.0;47.0;49.0;4518.0;1007.43;820.30;2.0;1.0;0;1.0;0;0;1.0;0;0;1.0;0;0;1.0;1.0;0;0;0;0;0
736718;3.35;0.94;50.0;3875.0;30.0;85.5;35.25;14.51;27.66;13.92;2.46;0.25;2.82;86827.0;49.0;50.0;49.0;4557.0;1007.47;214.84;2.0;1.0;0;1.0;0;0;1.0;0;0;1.0;0;0;1.0;1.0;0;0;0;0;0
737249;3.00;0.99;51.0;3127.0;30.0;85.5;21.75;8.62;22.11;13.82;1.01;0;2.82;86827.0;51.0;51.0;49.0;4458.0;1007.47;878.89;3.0;1.0;0;1.0;0;0;1.0;0;0;1.0;0;0;1.0;1.0;0;0;0;0;0
737779;2.03;0.94;52.0;3205.0;30.0;85.5;36.75;5.49;17.52;13.92;0.33;0;2.82;86827.0;52.0;52.0;49.0;4507.0;1007.35;859.36;3.0;1.0;0;1.0;0;0;1.0;0;0;1.0;0;0;1.0;1.0;0;0;0;0;0
738299;1.96;0.91;53.0;3227.0;30.0;85.5;37.5;5.49;17.14;14.01;0.05;1.56;2.58;86827.0;54.0;53.0;49.0;4511.0;1007.27;859.36;3.0;1.0;0;1.0;0;0;1.0;0;0;1.0;0;0;1.0;1.0;0;0;0;0;0
738829;1.65;0.88;53.0;3289.0;30.0;85.5;38.25;4.31;15.05;13.92;0;2.73;2.82;86827.0;53.0;54.0;49.0;4516.0;1007.35;820.30;3.0;1.0;0;1.0;0;0;1.0;0;0;1.0;0;0;1.0;1.0;0;0;0;0;0
739359;2.12;0.87;53.0;3322.0;30.0;85.5;38.25;6.27;19.28;13.92;1.07;2.69;2.82;86827.0;54.0;54.0;49.0;4505.0;1007.31;800.77;3.0;1.0;0;1.0;0;0;1.0;0;0;1.0;0;0;1.0;1.0;0;0;0;0;0
739889;2.08;0.83;56.0;3426.0;30.0;85.5;38.25;6.66;20.07;13.92;0.41;2.55;2.82;86827.0;55.0;56.0;49.0;4507.0;1007.16;39.06;3.0;1.0;0;1.0;0;0;1.0;0;0;1.0;0;0;1.0;1.0;0;0;0;0;0
740409;2.26;0.88;56.0;3467.0;30.0;85.5;39.0;7.05;20.60;13.92;0.11;1.11;2.82;86827.0;56.0;56.0;49.0;4521.0;1007.23;507.80;3.0;1.0;0;1.0;0;0;1.0;0;0;1.0;0;0;1.0;1.0;0;0;0;0;0
740939;2.56;0.88;57.0;3536.0;30.0;85.5;37.5;9.41;23.04;13.82;1.11;0.39;2.82;86827.0;58.0;58.0;49.0;4515.0;1007.04;58.59;3.0;1.0;0;1.0;0;0;1.0;0;0;1.0;0;0;1.0;1.0;0;0;0;0;0
741469;3.64;0.95;60.0;3708.0;30.0;85.5;33.75;14.90;28.31;13.92;0.31;6.03;2.82;86827.0;60.0;60.0;49.0;4515.0;1007.00;371.08;3.0;1.0;0;1.0;0;0;1.0;0;0;1.0;0;0;1.0;1.0;0;0;0;0;0
741989;4.12;1.00;60.0;3180.0;30.0;85.5;17.25;12.15;23.58;14.01;0.01;3.96;2.58;86827.0;60.0;61.0;49.0;4246.0;1006.96;898.42;4.0;1.0;0;1.0;0;0;1.0;0;0;0;0;0;1.0;1.0;0;0;0;0;0
742519;3.43;0.95;63.0;3276.0;30.0;85.5;30.75;13.72;26.61;14.01;0;1.79;2.58;86827.0;62.0;63.0;49.0;4318.0;1007.00;624.99;4.0;1.0;0;1.0;0;0;1.0;0;0;0;0;0;1.0;1.0;0;0;0;0;0
743050;4.45;1.00;66.0;3435.0;30.0;85.5;25.5;20.39;32.06;14.01;0;1.93;2.58;86827.0;65.0;66.0;49.0;4440.0;1006.96;839.83;4.0;1.0;0;1.0;0;0;1.0;0;0;0;0;0;1.0;1.0;0;0;0;0;0
743579;4.96;1.00;70.0;3638.0;30.0;85.5;20.25;22.74;37.41;14.01;0;0.66;2.58;86827.0;69.0;70.0;49.0;4547.0;1007.12;820.30;4.0;1.0;0;1.0;0;0;1.0;0;0;0;0;0;1.0;1.0;0;0;0;0;0
744149;3.70;0.94;72.0;3767.0;30.0;85.5;30.75;18.43;30.41;13.92;2.08;0.19;2.82;86827.0;71.0;73.0;49.0;4546.0;1007.08;488.27;4.0;1.0;0;1.0;0;0;1.0;0;0;0;0;0;1.0;1.0;0;0;0;0;0
744679;5.28;1.00;75.0;3927.0;30.0;85.5;24.75;23.53;35.52;13.92;2.73;0;2.82;86827.0;74.0;76.0;49.0;4570.0;1006.92;859.36;4.0;1.0;0;1.0;0;0;1.0;0;0;0;0;0;1.0;1.0;0;0;0;0;0
745209;2.96;0.99;76.0;3497.0;30.0;85.5;35.25;10.19;23.22;13.92;1.11;1.15;2.82;86827.0;75.0;76.0;49.0;4422.0;1006.92;878.89;5.0;1.0;0;1.0;0;0;1.0;0;0;0;0;0;1.0;1.0;0;0;0;0;0
745739;1.52;0.99;75.0;3463.0;30.0;85.5;39.75;3.92;12.65;14.01;1.93;0.44;2.58;86827.0;76.0;76.0;49.0;4496.0;1006.77;898.42;5.0;1.0;0;1.0;0;0;1.0;0;0;0;0;0;1.0;1.0;0;0;0;0;0
746258;0.61;1.00;73.0;3356.0;30.0;85.5;-30.0;0;0;14.11;2.77;1.46;2.58;86827.0;73.0;73.0;49.0;4615.0;1006.61;351.55;5.0;1.0;0;1.0;0;0;1.0;0;0;0;0;0;1.0;1.0;0;0;0;0;0
746789;0.63;1.00;71.0;3268.0;30.0;85.5;-30.0;0;0;14.11;1.23;0.60;2.58;86827.0;72.0;71.0;49.0;4597.0;1006.53;0;5.0;1.0;0;1.0;0;0;1.0;0;0;0;0;0;1.0;1.0;0;0;0;0;0
747329;0.66;1.00;70.0;3184.0;30.0;85.5;-30.0;0;0;14.11;2.14;0.23;2.58;86827.0;70.0;69.0;49.0;4590.0;1006.57;0;5.0;1.0;0;1.0;0;0;1.0;0;0;0;0;0;1.0;1.0;0;0;0;0;0
747849;0.70;1.00;67.0;3064.0;30.0;85.5;-30.0;0;0;14.11;2.44;0;2.58;86827.0;67.0;67.0;49.0;4591.0;1006.49;0;5.0;1.0;0;1.0;0;0;1.0;0;0;0;0;0;1.0;1.0;0;0;0;0;0
748369;0.98;1.00;65.0;2990.0;30.0;85.5;32.25;1.56;7.50;14.01;1.19;0;2.58;86827.0;65.0;65.0;49.0;4272.0;1006.45;19.53;5.0;1.0;0;1.0;0;0;1.0;0;0;0;0;0;1.0;1.0;0;0;0;0;0
748899;1.53;1.00;63.0;3054.0;30.0;85.5;34.5;3.52;11.87;14.11;0.50;0;2.58;86827.0;64.0;64.0;49.0;4278.0;1006.53;859.36;5.0;1.0;0;1.0;0;0;1.0;0;0;0;0;0;1.0;1.0;0;0;0;0;0
749429;1.68;0.98;63.0;2952.0;30.0;85.5;33.75;3.92;13.44;14.01;0.21;0;2.58;86827.0;64.0;64.0;49.0;4417.0;1006.49;859.36;5.0;1.0;0;1.0;0;0;1.0;0;0;0;0;0;1.0;1.0;0;0;0;0;0
749959;1.64;0.96;63.0;2956.0;30.0;85.5;33.0;3.92;13.67;13.92;0;1.23;2.82;86827.0;64.0;64.0;49.0;4500.0;1006.45;859.36;5.0;1.0;0;1.0;0;0;1.0;0;0;0;0;0;1.0;1.0;0;0;0;0;0
750479;1.90;0.93;63.0;2924.0;30.0;85.5;33.0;5.09;16.32;14.01;0;0.56;2.58;86827.0;63.0;64.0;49.0;4504.0;1006.49;761.70;5.0;1.0;0;1.0;0;0;1.0;0;0;0;0;0;1.0;1.0;0;0;0;0;0
751009;1.90;0.89;63.0;2942.0;30.0;84.75;33.0;5.49;16.98;14.11;35.11;34.09;2.58;86827.0;64.0;64.0;50.0;4509.0;1006.45;644.52;5.0;1.0;0;1.0;0;0;1.0;0;0;0;0;0;1.0;1.0;0;0;0;0;0
751539;2.24;0.90;63.0;2949.0;30.0;84.75;33.0;6.66;19.28;14.11;165.41;166.12;2.58;86827.0;64.0;64.0;50.0;4491.0;1006.41;468.74;5.0;1.0;0;1.0;0;0;1.0;0;0;0;0;0;1.0;1.0;0;0;0;0;0
752069;2.93;0.99;65.0;2999.0;30.0;84.75;32.25;9.80;23.24;13.92;274.66;274.98;2.82;86827.0;65.0;65.0;50.0;4517.0;1006.41;859.36;5.0;1.0;0;1.0;0;0;1.0;0;0;0;0;0;1.0;1.0;0;0;0;0;0
752599;2.75;0.94;66.0;3052.0;30.0;84.75;33.0;9.80;23.17;14.11;317.49;315.07;2.58;86827.0;66.0;66.0;50.0;4501.0;1006.41;781.24;5.0;1.0;0;1.0;0;0;1.0;0;0;0;0;0;1.0;1.0;0;0;0;0;0
753149;2.65;0.91;67.0;3128.0;30.0;84.75;33.0;9.80;23.02;14.01;325.13;330.23;2.58;86827.0;67.0;68.0;50.0;4518.0;1006.38;78.12;5.0;1.0;0;1.0;0;0;1.0;0;0;0;0;0;1.0;1.0;0;0;0;0;0
753670;2.76;0.96;68.0;3171.0;30.0;84.75;33.75;9.41;22.74;14.11;338.00;329.80;2.58;86827.0;68.0;69.0;50.0;4512.0;1006.38;839.83;5.0;1.0;0;1.0;0;0;1.0;0;0;0;0;0;1.0;1.0;0;0;0;0;0
754199;2.58;0.91;70.0;3234.0;30.0;84.75;34.5;9.02;22.28;13.92;321.42;320.56;2.82;86827.0;70.0;70.0;50.0;4527.0;1006.38;722.64;5.0;1.0;0;1.0;0;0;1.0;0;0;0;0;0;1.0;1.0;0;0;0;0;0
754779;2.08;0.91;70.0;3249.0;30.0;84.75;36.75;6.27;18.35;14.01;303.96;323.94;2.58;86827.0;71.0;71.0;50.0;4520.0;1006.38;722.64;5.0;1.0;0;1.0;0;0;1.0;0;0;0;0;0;1.0;1.0;0;0;0;0;0
755309;1.71;0.89;71.0;3268.0;30.0;84.75;37.5;4.70;15.29;13.92;322.10;324.60;2.82;86827.0;71.0;71.0;50.0;4527.0;1006.38;839.83;5.0;1.0;0;1.0;0;0;1.0;0;0;0;0;0;1.0;1.0;0;0;0;0;0
755829;0.86;0.87;70.0;3089.0;30.0;84.0;36.0;1.56;8.14;13.92;226.70;345.23;2.82;86827.0;71.0;71.0;50.0;4550.0;1006.38;761.70;5.0;1.0;0;1.0;0;0;1.0;0;0;0;0;0;1.0;1.0;0;0;0;0;0
756359;0.70;1.00;68.0;3149.0;30.0;84.0;-30.0;0;0;14.11;235.35;342.53;2.58;86827.0;69.0;68.0;50.0;4544.0;1006.38;0;5.0;1.0;0;1.0;0;0;1.0;0;0;0;0;0;1.0;1.0;0;0;0;0;0
756889;0.69;1.00;66.0;3041.0;30.0;84.0;-30.0;0;0;14.11;268.42;353.31;2.58;86827.0;66.0;66.0;50.0;4546.0;1006.38;0;5.0;1.0;0;1.0;0;0;1.0;0;0;0;0;0;1.0;1.0;0;0;0;0;0
757419;1.24;1.00;65.0;3005.0;30.0;84.0;27.0;1.96;8.49;14.11;319.43;356.91;2.58;86827.0;65.0;65.0;50.0;4247.0;1006.38;156.24;5.0;1.0;0;1.0;0;0;1.0;0;0;0;0;0;1.0;1.0;0;0;0;0;0
757949;1.42;1.00;63.0;2941.0;30.0;84.0;33.0;2.74;11.05;14.11;342.24;360.91;2.58;86827.0;64.0;64.0;50.0;4295.0;1006.49;878.89;5.0;1.0;0;1.0;0;0;1.0;0;0;0;0;0;1.0;1.0;0;0;0;0;0
758469;1.36;0.98;63.0;2928.0;30.0;84.0;33.0;2.74;11.11;14.01;336.42;360.52;2.58;86827.0;63.0;63.0;50.0;4428.0;1006.57;859.36;5.0;1.0;0;1.0;0;0;1.0;0;0;0;0;0;1.0;1.0;0;0;0;0;0
758999;1.36;0.96;63.0;2880.0;30.0;84.0;32.25;2.74;11.28;13.92;347.30;345.79;2.82;86827.0;62.0;63.0;50.0;4491.0;1006.57;839.83;5.0;1.0;0;1.0;0;0;1.0;0;0;0;0;0;1.0;1.0;0;0;0;0;0
759529;1.33;0.94;62.0;2865.0;30.0;84.0;31.5;2.74;11.23;14.01;338.82;349.37;2.58;86827.0;63.0;63.0;50.0;4510.0;1006.65;800.77;5.0;1.0;0;1.0;0;0;1.0;0;0;0;0;0;1.0;1.0;0;0;0;0;0
760059;1.33;0.93;62.0;2812.0;30.0;84.0;32.25;2.74;11.50;14.01;317.85;305.64;2.58;86827.0;62.0;62.0;50.0;4520.0;1006.65;585.93;5.0;1.0;0;1.0;0;0;1.0;0;0;0;0;0;1.0;1.0;0;0;0;0;0
760579;1.22;0.91;61.0;2810.0;30.0;84.0;31.5;2.35;10.90;14.01;330.77;303.41;2.58;86827.0;61.0;62.0;50.0;4510.0;1006.57;820.30;5.0;1.0;0;1.0;0;0;1.0;0;0;0;0;0;1.0;1.0;0;0;0;0;0
761109;1.41;0.89;61.0;2814.0;30.0;84.0;31.5;3.13;12.61;14.01;323.22;321.69;2.58;86827.0;61.0;61.0;50.0;4508.0;1006.73;97.65;5.0;1.0;0;1.0;0;0;1.0;0;0;0;0;0;1.0;1.0;0;0;0;0;0
761639;1.92;0.91;61.0;2801.0;30.0;84.0;31.5;5.09;16.70;14.11;243.22;318.37;2.58;86827.0;61.0;61.0;50.0;4497.0;1006.77;39.06;5.0;1.0;0;1.0;0;0;1.0;0;0;0;0;0;1.0;1.0;0;0;0;0;0
762169;2.04;0.94;61.0;2851.0;30.0;83.25;31.5;5.49;17.38;14.01;212.54;259.67;2.58;86827.0;61.0;62.0;51.0;4503.0;1006.69;859.36;5.0;1.0;0;1.0;0;0;1.0;0;0;0;0;0;1.0;1.0;0;0;0;0;0
762699;2.02;0.93;62.0;2862.0;30.0;83.25;32.25;5.49;17.52;14.01;244.30;313.78;2.58;86827.0;62.0;62.0;51.0;4510.0;1006.61;761.70;5.0;1.0;0;1.0;0;0;1.0;0;0;0;0;0;1.0;1.0;0;0;0;0;0
763229;1.92;0.89;62.0;2887.0;30.0;83.25;31.5;5.49;16.99;14.11;282.11;334.29;2.58;86827.0;63.0;62.0;51.0;4514.0;1006.77;175.77;5.0;1.0;0;1.0;0;0;1.0;0;0;0;0;0;1.0;1.0;0;0;0;0;0
763759;2.38;0.92;62.0;2903.0;30.0;83.25;33.0;6.66;20.06;14.11;321.63;347.02;2.58;86827.0;63.0;63.0;51.0;4508.0;1006.84;800.77;5.0;1.0;0;1.0;0;0;1.0;0;0;0;0;0;1.0;1.0;0;0;0;0;0
764279;2.32;0.90;63.0;2955.0;30.0;83.25;33.0;7.45;20.51;14.01;339.29;339.11;2.58;86827.0;64.0;64.0;51.0;4509.0;1006.77;546.86;5.0;1.0;0;1.0;0;0;1.0;0;0;0;0;0;1.0;1.0;0;0;0;0;0
764809;2.28;0.89;65.0;2994.0;30.0;83.25;34.5;7.45;20.47;14.11;274.29;266.81;2.58;86827.0;64.0;65.0;51.0;4495.0;1006.65;58.59;5.0;1.0;0;1.0;0;0;1.0;0;0;0;0;0;1.0;1.0;0;0;0;0;0
765339;2.38;0.93;65.0;3024.0;30.0;83.25;34.5;7.45;20.35;14.11;145.69;134.48;2.58;86827.0;65.0;66.0;51.0;4503.0;1006.57;742.17;5.0;1.0;0;1.0;0;0;1.0;0;0;0;0;0;1.0;1.0;0;0;0;0;0
765909;2.28;0.91;66.0;3091.0;30.0;83.25;34.5;7.05;20.04;14.01;191.49;186.37;2.58;86827.0;67.0;67.0;51.0;4522.0;1006.65;761.70;5.0;1.0;0;1.0;0;0;1.0;0;0;0;0;0;1.0;1.0;0;0;0;0;0
766439;2.24;0.90;67.0;3117.0;30.0;83.25;35.25;7.05;19.81;13.92;199.32;200.00;2.82;86827.0;67.0;68.0;51.0;4516.0;1006.57;156.24;5.0;1.0;0;1.0;0;0;1.0;0;0;0;0;0;1.0;1.0;0;0;0;0;0
766969;2.14;0.92;67.0;3152.0;30.0;83.25;36.0;6.27;18.54;14.01;190.00;200.45;2.58;86827.0;68.0;68.0;51.0;4520.0;1006.57;839.83;5.0;1.0;0;1.0;0;0;1.0;0;0;0;0;0;1.0;1.0;0;0;0;0;0
767499;2.08;0.90;68.0;3164.0;30.0;83.25;36.0;6.27;18.54;14.11;165.28;186.92;2.58;86827.0;68.0;69.0;51.0;4513.0;1006.57;234.37;5.0;1.0;0;1.0;0;0;1.0;0;0;0;0;0;1.0;1.0;0;0;0;0;0
768029;2.11;0.91;68.0;3189.0;30.0;83.25;36.0;6.66;18.45;14.01;140.44;156.47;2.58;86827.0;68.0;69.0;51.0;4509.0;1006.61;820.30;5.0;1.0;0;1.0;0;0;1.0;0;0;0;0;0;1.0;1.0;0;0;0;0;0
768549;2.32;0.87;70.0;3236.0;30.0;83.25;35.25;7.84;20.94;14.01;221.56;249.88;2.58;86827.0;69.0;70.0;51.0;4514.0;1006.53;78.12;5.0;1.0;0;1.0;0;0;1.0;0;0;0;0;0;1.0;1.0;0;0;0;0;0
769129;2.39;0.92;71.0;3249.0;30.0;83.25;35.25;7.84;20.69;13.92;277.42;307.16;2.82;86827.0;70.0;71.0;51.0;4510.0;1006.49;644.52;5.0;1.0;0;1.0;0;0;1.0;0;0;0;0;0;1.0;1.0;0;0;0;0;0
769659;2.18;0.91;71.0;3287.0;30.0;83.25;37.5;6.66;19.38;14.01;327.59;341.65;2.58;86827.0;71.0;72.0;51.0;4523.0;1006.45;839.83;5.0;1.0;0;1.0;0;0;1.0;0;0;0;0;0;1.0;1.0;0;0;0;0;0
770189;1.82;0.87;71.0;3307.0;30.0;83.25;38.25;5.88;16.78;14.01;312.79;346.57;2.58;86827.0;71.0;72.0;51.0;4525.0;1006.49;742.17;5.0;1.0;0;1.0;0;0;1.0;0;0;0;0;0;1.0;1.0;0;0;0;0;0
770719;1.76;0.87;71.0;3293.0;30.0;83.25;38.25;5.49;16.27;14.01;329.74;350.54;2.58;86827.0;72.0;72.0;51.0;4508.0;1006.61;39.06;5.0;1.0;0;1.0;0;0;1.0;0;0;0;0;0;1.0;1.0;0;0;0;0;0
771289;2.09;0.91;71.0;3307.0;30.0;83.25;38.25;6.27;18.20;14.01;326.03;347.92;2.58;86827.0;72.0;72.0;51.0;4504.0;1006.61;820.30;5.0;1.0;0;1.0;0;0;1.0;0;0;0;0;0;1.0;1.0;0;0;0;0;0
771819;2.12;0.89;72.0;3313.0;30.0;83.25;37.5;6.66;19.00;14.01;323.53;349.09;2.58;86827.0;72.0;72.0;51.0;4514.0;1006.53;761.70;5.0;1.0;0;1.0;0;0;1.0;0;0;0;0;0;1.0;1.0;0;0;0;0;0
772349;1.92;0.87;72.0;3346.0;30.0;83.25;38.25;6.27;17.64;14.01;258.18;342.69;2.58;86827.0;72.0;73.0;51.0;4510.0;1006.49;97.65;5.0;1.0;0;1.0;0;0;1.0;0;0;0;0;0;1.0;1.0;0;0;0;0;0
772879;1.88;0.90;72.0;3347.0;30.0;83.25;38.25;5.88;16.75;14.01;288.98;342.61;2.58;86827.0;72.0;73.0;51.0;4527.0;1006.45;839.83;5.0;1.0;0;1.0;0;0;1.0;0;0;0;0;0;1.0;1.0;0;0;0;0;0
773409;1.30;0.87;72.0;3344.0;30.0;83.25;38.25;3.92;11.97;14.01;324.72;322.10;2.58;86827.0;72.0;72.0;51.0;4537.0;1006.41;527.33;5.0;1.0;0;1.0;0;0;1.0;0;0;0;0;0;1.0;1.0;0;0;0;0;0
774009;1.28;0.88;71.0;3272.0;30.0;83.25;38.25;3.52;11.65;14.01;255.17;343.41;2.58;86827.0;71.0;71.0;51.0;4515.0;1006.41;97.65;5.0;1.0;0;1.0;0;0;1.0;0;0;0;0;0;1.0;1.0;0;0;0;0;0
774529;1.28;0.90;70.0;3236.0;30.0;83.25;36.75;3.52;11.33;14.01;317.98;334.35;2.58;86827.0;70.0;70.0;51.0;4505.0;1006.41;468.74;5.0;1.0;0;1.0;0;0;1.0;0;0;0;0;0;1.0;1.0;0;0;0;0;0
775059;1.37;0.91;68.0;3229.0;30.0;83.25;36.75;3.52;11.98;14.01;271.19;354.82;2.58;86827.0;69.0;69.0;51.0;4508.0;1006.38;566.39;5.0;1.0;0;1.0;0;0;1.0;0;0;0;0;0;1.0;1.0;0;0;0;0;0
775589;1.76;0.93;68.0;3171.0;30.0;83.25;36.75;5.09;15.14;13.92;303.55;346.30;2.82;86827.0;68.0;69.0;51.0;4499.0;1006.38;156.24;5.0;1.0;0;1.0;0;0;1.0;0;0;0;0;0;1.0;1.0;0;0;0;0;0
776119;2.28;0.93;68.0;3179.0;30.0;83.25;35.25;6.66;19.37;14.01;328.22;350.05;2.58;86827.0;69.0;69.0;51.0;4490.0;1006.38;878.89;5.0;1.0;0;1.0;0;0;1.0;0;0;0;0;0;1.0;1.0;0;0;0;0;0
776649;1.33;0.89;70.0;3193.0;30.0;83.25;36.75;3.92;13.03;14.01;339.49;329.37;2.58;86827.0;69.0;70.0;51.0;4533.0;1006.38;605.46;5.0;1.0;0;1.0;0;0;1.0;0;0;0;0;0;1.0;1.0;0;0;0;0;0
777169;1.2;0.89;68.0;3134.0;30.0;83.25;36.0;3.13;11.31;14.01;309.99;327.85;2.58;86827.0;68.0;68.0;51.0;4528.0;1006.38;449.21;5.0;1.0;0;1.0;0;0;1.0;0;0;0;0;0;1.0;1.0;0;0;0;0;0
777699;1.53;0.90;67.0;3146.0;30.0;82.5;36.0;4.31;13.59;14.01;280.00;310.91;2.58;86827.0;67.0;67.0;51.0;4494.0;1006.38;39.06;5.0;1.0;0;1.0;0;0;1.0;0;0;0;0;0;1.0;1.0;0;0;0;0;0
778229;2.47;0.93;67.0;3100.0;30.0;82.5;35.25;6.66;18.68;14.11;258.51;268.75;2.58;86827.0;67.0;67.0;51.0;4474.0;1006.38;859.36;5.0;1.0;0;1.0;0;0;1.0;0;0;0;0;0;1.0;1.0;0;0;0;0;0
778759;2.72;0.91;68.0;3147.0;30.0;82.5;33.0;9.80;23.27;14.01;281.77;213.77;2.58;86827.0;68.0;68.0;51.0;4512.0;1006.38;703.11;5.0;1.0;0;1.0;0;0;1.0;0;0;0;0;0;1.0;1.0;0;0;0;0;0
779299;2.66;0.91;70.0;3224.0;30.0;82.5;33.75;9.80;23.01;14.01;254.45;208.34;2.58;86827.0;69.0;70.0;51.0;4514.0;1006.38;78.12;5.0;1.0;0;1.0;0;0;1.0;0;0;0;0;0;1.0;1.0;0;0;0;0;0
779869;2.71;0.94;70.0;3259.0;30.0;82.5;33.75;9.02;22.46;14.01;267.61;198.38;2.58;86827.0;70.0;70.0;51.0;4504.0;1006.38;839.83;5.0;1.0;0;1.0;0;0;1.0;0;0;0;0;0;1.0;1.0;0;0;0;0;0
780399;2.41;0.89;71.0;3273.0;30.0;82.5;36.0;8.23;21.47;14.01;301.05;279.98;2.58;86827.0;71.0;72.0;51.0;4511.0;1006.38;136.71;5.0;1.0;0;1.0;0;0;1.0;0;0;0;0;0;1.0;1.0;0;0;0;0;0
780969;2.33;0.91;72.0;3335.0;30.0;82.5;36.75;7.45;20.25;13.92;329.37;325.29;2.82;86827.0;72.0;72.0;51.0;4516.0;1006.38;800.77;5.0;1.0;0;1.0;0;0;1.0;0;0;0;0;0;1.0;1.0;0;0;0;0;0
781499;1.92;0.87;72.0;3359.0;30.0;82.5;38.25;6.27;17.74;14.01;324.45;327.57;2.58;86827.0;72.0;73.0;51.0;4521.0;1006.38;78.12;5.0;1.0;0;1.0;0;0;1.0;0;0;0;0;0;1.0;1.0;0;0;0;0;0
782019;2.15;0.91;72.0;3344.0;30.0;82.5;38.25;7.05;18.96;13.92;349.41;309.90;2.82;86827.0;73.0;73.0;51.0;4512.0;1006.38;820.30;5.0;1.0;0;1.0;0;0;1.0;0;0;0;0;0;1.0;1.0;0;0;0;0;0
782549;2.47;0.90;73.0;3419.0;30.0;82.5;36.0;8.62;21.59;14.01;345.60;342.49;2.58;86827.0;73.0;74.0;51.0;4511.0;1006.38;97.65;5.0;1.0;0;1.0;0;0;1.0;0;0;0;0;0;1.0;1.0;0;0;0;0;0
783079;2.52;0.93;75.0;3423.0;30.0;82.5;36.75;8.62;21.39;14.01;327.63;275.90;2.58;86827.0;75.0;74.0;51.0;4511.0;1006.38;800.77;5.0;1.0;0;1.0;0;0;1.0;0;0;0;0;0;1.0;1.0;0;0;0;0;0
783609;2.62;0.89;75.0;3440.0;30.0;82.5;35.25;10.19;22.99;13.92;289.72;312.53;2.82;86827.0;75.0;75.0;51.0;4512.0;1006.38;58.59;5.0;1.0;0;1.0;0;0;1.0;0;0;0;0;0;1.0;1.0;0;0;0;0;0
784159;2.78;0.95;76.0;3505.0;30.0;82.5;35.25;9.80;22.91;14.01;319.41;313.35;2.58;86827.0;76.0;76.0;51.0;4510.0;1006.38;839.83;5.0;1.0;0;1.0;0;0;1.0;0;0;0;0;0;1.0;1.0;0;0;0;0;0
784689;2.52;0.89;77.0;3548.0;30.0;82.5;37.5;9.41;22.19;13.92;330.89;316.52;2.82;86827.0;77.0;77.0;51.0;4513.0;1006.38;253.90;5.0;1.0;0;1.0;0;0;1.0;0;0;0;0;0;1.0;1.0;0;0;0;0;0
785269;2.46;0.92;77.0;3600.0;30.0;82.5;38.25;8.62;21.04;14.01;271.38;249.80;2.58;86827.0;77.0;78.0;51.0;4507.0;1006.38;820.30;5.0;1.0;0;1.0;0;0;1.0;0;0;0;0;0;1.0;1.0;0;0;0;0;0
785799;2.15;0.90;78.0;3625.0;30.0;82.5;39.75;7.05;18.87;13.92;234.86;196.49;2.82;86827.0;78.0;79.0;51.0;4506.0;1006.38;800.77;5.0;1.0;0;1.0;0;0;1.0;0;0;0;0;0;1.0;1.0;0;0;0;0;0
786319;2.05;0.86;78.0;3626.0;30.0;82.5;40.5;7.05;18.95;14.01;310.87;272.13;2.58;86827.0;79.0;79.0;51.0;4515.0;1006.38;78.12;5.0;1.0;0;1.0;0;0;1.0;0;0;0;0;0;1.0;1.0;0;0;0;0;0
786850;2.48;0.92;78.0;3641.0;30.0;82.5;38.25;9.02;21.36;14.01;337.67;324.51;2.58;86827.0;79.0;79.0;51.0;4527.0;1006.38;820.30;5.0;1.0;0;1.0;0;0;1.0;0;0;0;0;0;1.0;1.0;0;0;0;0;0
787429;2.58;0.90;80.0;3720.0;30.0;82.5;37.5;10.19;22.64;14.01;344.47;343.88;2.58;86827.0;80.0;80.0;51.0;4526.0;1006.38;58.59;5.0;1.0;0;1.0;0;0;1.0;0;0;0;0;0;1.0;1.0;0;0;0;0;0
787959;3.00;0.96;81.0;3730.0;30.0;82.5;36.0;11.76;24.41;14.01;348.53;350.50;2.58;86827.0;81.0;81.0;51.0;4528.0;1006.38;820.30;5.0;1.0;0;1.0;0;0;1.0;0;0;0;0;0;1.0;1.0;0;0;0;0;0
788489;2.84;0.92;82.0;3809.0;30.0;82.5;36.75;11.76;24.21;13.92;333.51;350.50;2.82;86827.0;82.0;83.0;51.0;4523.0;1006.38;703.11;5.0;1.0;0;1.0;0;0;1.0;0;0;0;0;0;1.0;1.0;0;0;0;0;0
789009;2.81;0.92;83.0;3861.0;30.0;82.5;37.5;11.37;23.84;14.01;322.86;325.21;2.58;86827.0;83.0;84.0;51.0;4523.0;1006.38;644.52;5.0;1.0;0;1.0;0;0;1.0;0;0;0;0;0;1.0;1.0;0;0;0;0;0
789538;2.57;0.93;85.0;3887.0;30.0;82.5;39.75;9.80;21.76;13.92;308.22;257.32;2.82;86828.0;83.0;85.0;51.0;4510.0;1006.38;859.36;5.0;1.0;0;1.0;0;0;1.0;0;0;0;0;0;1.0;1.0;0;0;0;0;0
790069;2.0;0.99;85.0;3907.0;30.0;82.5;43.5;5.88;16.10;14.01;239.98;259.49;2.58;86828.0;84.0;85.0;51.0;4481.0;1006.38;898.42;5.0;1.0;0;1.0;0;0;1.0;0;0;0;0;0;1.0;1.0;0;0;0;0;0
790599;1.83;0.95;85.0;3884.0;30.0;82.5;44.25;5.88;15.30;14.01;217.99;225.88;2.58;86828.0;84.0;85.0;51.0;4497.0;1006.38;878.89;5.0;1.0;0;1.0;0;0;1.0;0;0;0;0;0;1.0;1.0;0;0;0;0;0
791129;1.60;0.91;83.0;3890.0;30.0;82.5;44.25;5.09;13.97;14.01;187.91;183.75;2.58;86828.0;84.0;84.0;51.0;4502.0;1006.38;878.89;5.0;1.0;0;1.0;0;0;1.0;0;0;0;0;0;1.0;1.0;0;0;0;0;0
791662;1.46;0.89;83.0;3861.0;30.0;82.5;44.25;4.70;13.14;13.92;188.91;195.04;2.82;86828.0;84.0;84.0;51.0;4505.0;1006.38;859.36;5.0;1.0;0;1.0;0;0;1.0;0;0;0;0;0;1.0;1.0;0;0;0;0;0
792228;1.36;0.86;82.0;3815.0;30.0;82.5;43.5;4.31;12.57;13.92;271.19;230.45;2.82;86828.0;83.0;83.0;51.0;4520.0;1006.38;859.36;5.0;1.0;0;1.0;0;0;1.0;0;0;0;0;0;1.0;1.0;0;0;0;0;0
792778;1.36;0.83;82.0;3786.0;30.0;82.5;43.5;4.70;12.81;14.01;328.63;311.23;2.58;86828.0;82.0;83.0;51.0;4506.0;1006.38;742.17;5.0;1.0;0;1.0;0;0;1.0;0;0;0;0;0;1.0;1.0;0;0;0;0;0
793339;1.34;0.83;81.0;3769.0;30.0;82.5;42.75;4.70;12.85;14.01;329.02;336.91;2.58;86828.0;81.0;82.0;51.0;4516.0;1006.38;605.46;5.0;1.0;0;1.0;0;0;1.0;0;0;0;0;0;1.0;1.0;0;0;0;0;0
793869;1.57;0.84;81.0;3732.0;30.0;81.75;42.75;5.49;14.78;14.01;199.53;181.66;2.58;86828.0;80.0;82.0;52.0;4511.0;1006.38;97.65;5.0;1.0;0;1.0;0;0;1.0;0;0;0;0;0;1.0;1.0;0;0;0;0;0
794398;1.93;0.88;81.0;3749.0;30.0;81.75;42.0;6.66;17.41;13.92;85.79;86.94;2.82;86828.0;81.0;81.0;52.0;4510.0;1006.38;800.77;5.0;1.0;0;1.0;0;0;1.0;0;0;0;0;0;1.0;1.0;0;0;0;0;0
794918;1.85;0.84;81.0;3750.0;30.0;81.75;42.75;6.66;17.70;14.01;34.60;33.65;2.58;86828.0;81.0;82.0;52.0;4520.0;1006.38;156.24;5.0;1.0;0;1.0;0;0;1.0;0;0;0;0;0;1.0;1.0;0;0;0;0;0
795448;1.94;0.86;81.0;3758.0;30.0;81.75;42.75;6.66;17.97;13.92;17.42;15.17;2.82;86828.0;81.0;82.0;52.0;4512.0;1006.38;117.18;5.0;1.0;0;1.0;0;0;1.0;0;0;0;0;0;1.0;1.0;0;0;0;0;0
795978;2.44;0.92;82.0;3770.0;30.0;81.75;39.75;8.62;20.93;13.92;7.40;6.79;2.82;86828.0;82.0;82.0;52.0;4521.0;1006.38;839.83;5.0;1.0;0;1.0;0;0;1.0;0;0;0;0;0;1.0;1.0;0;0;0;0;0
796569;2.33;0.87;82.0;3808.0;30.0;81.75;39.75;9.02;21.07;14.01;3.06;2.83;2.58;86828.0;82.0;83.0;52.0;4517.0;1006.38;117.18;5.0;1.0;0;1.0;0;0;1.0;0;0;0;0;0;1.0;1.0;0;0;0;0;0
797128;3.29;0.96;85.0;3913.0;30.0;81.75;35.25;12.15;26.58;14.01;2.05;0.93;2.58;86828.0;83.0;85.0;52.0;4558.0;1006.38;39.06;5.0;1.0;0;1.0;0;0;1.0;0;0;0;0;0;1.0;1.0;0;0;0;0;0
797658;3.22;0.99;85.0;3710.0;30.0;81.75;35.25;11.76;24.59;14.11;1.52;3.33;2.58;86828.0;84.0;85.0;52.0;4492.0;1006.38;859.36;6.0;1.0;0;1.0;0;0;1.0;0;0;0;0;0;1.0;1.0;0;0;0;0;0
798188;2.14;1.00;85.0;3619.0;30.0;81.75;40.5;6.27;18.29;13.92;5.80;1.42;2.82;86828.0;85.0;85.0;52.0;4498.0;1006.38;878.89;6.0;1.0;0;1.0;0;0;1.0;0;0;0;0;0;1.0;1.0;0;0;0;0;0
798719;1.87;0.97;85.0;3619.0;30.0;81.75;41.25;5.49;15.34;14.01;8.86;0.39;2.58;86828.0;85.0;85.0;52.0;4497.0;1006.38;898.42;6.0;1.0;0;1.0;0;0;1.0;0;0;0;0;0;1.0;1.0;0;0;0;0;0
799249;1.43;0.94;85.0;3579.0;30.0;81.75;41.25;3.92;12.08;14.01;3.92;0.07;2.58;86828.0;85.0;85.0;52.0;4504.0;1006.38;878.89;6.0;1.0;0;1.0;0;0;1.0;0;0;0;0;0;1.0;1.0;0;0;0;0;0
799779;1.36;0.91;83.0;3566.0;30.0;81.75;40.5;3.92;11.82;14.01;8.45;0;2.58;86828.0;83.0;84.0;52.0;4525.0;1006.38;859.36;6.0;1.0;0;1.0;0;0;1.0;0;0;0;0;0;1.0;1.0;0;0;0;0;0
800359;1.68;0.89;83.0;3533.0;30.0;81.75;40.5;5.49;15.00;14.01;5.19;0;2.58;86828.0;83.0;84.0;52.0;4507.0;1006.38;800.77;6.0;1.0;0;1.0;0;0;1.0;0;0;0;0;0;1.0;1.0;0;0;0;0;0
800879;1.74;0.85;83.0;3523.0;30.0;81.75;40.5;5.88;16.41;13.92;2.40;0;2.82;86828.0;83.0;84.0;52.0;4518.0;1006.38;527.33;6.0;1.0;0;1.0;0;0;1.0;0;0;0;0;0;1.0;1.0;0;0;0;0;0
801409;1.73;0.85;83.0;3533.0;30.0;81.75;40.5;5.88;16.40;14.11;0.82;0;2.58;86828.0;83.0;83.0;52.0;4502.0;1006.38;58.59;6.0;1.0;0;1.0;0;0;1.0;0;0;0;0;0;1.0;1.0;0;0;0;0;0
801939;1.85;0.89;83.0;3536.0;30.0;81.75;40.5;5.88;16.64;14.01;0.27;0;2.58;86828.0;83.0;83.0;52.0;4505.0;1006.38;722.64;6.0;1.0;0;1.0;0;0;1.0;0;0;0;0;0;0;1.0;0;0;0;0;0
802469;2.38;0.85;83.0;3533.0;30.0;81.75;37.5;9.02;21.89;14.01;0;2.08;2.58;86828.0;82.0;84.0;52.0;4520.0;1006.38;78.12;6.0;1.0;0;1.0;0;0;1.0;0;0;0;0;0;1.0;1.0;0;0;0;0;0
802999;2.88;0.92;83.0;3559.0;30.0;81.75;35.25;10.58;23.55;14.01;0;1.95;2.58;86828.0;83.0;84.0;52.0;4511.0;1006.38;585.93;6.0;1.0;0;1.0;0;0;1.0;0;0;0;0;0;1.0;1.0;0;0;0;0;0
803529;3.90;1.00;85.0;3619.0;30.0;81.75;30.75;17.25;29.01;14.01;0;0.64;2.58;86828.0;84.0;85.0;52.0;4530.0;1006.38;859.36;6.0;1.0;0;1.0;0;0;1.0;0;0;0;0;0;1.0;1.0;0;0;0;0;0
804059;4.29;0.99;87.0;3689.0;30.0;81.75;26.25;20.78;32.74;14.01;0;0.21;2.58;86828.0;86.0;87.0;52.0;4575.0;1006.38;664.05;6.0;1.0;0;1.0;0;0;1.0;0;0;0;0;0;1.0;1.0;0;0;0;0;0
804589;3.96;0.99;88.0;3763.0;30.0;81.75;29.25;19.61;31.22;13.92;0;1.30;2.82;86828.0;88.0;89.0;52.0;4562.0;1006.38;820.30;6.0;1.0;0;1.0;0;0;1.0;0;0;0;0;0;1.0;1.0;0;0;0;0;0
805139;3.2;0.96;90.0;3820.0;30.0;81.75;35.25;14.11;25.99;14.01;0.95;2.14;2.58;86828.0;89.0;90.0;52.0;4504.0;1006.38;664.05;6.0;1.0;0;1.0;0;0;1.0;0;0;0;0;0;1.0;1.0;0;0;0;0;0
805670;2.40;0.95;91.0;3841.0;30.0;81.75;39.75;9.80;21.96;14.01;1.52;2.59;2.58;86828.0;90.0;91.0;52.0;4494.0;1006.38;878.89;6.0;1.0;0;1.0;0;0;1.0;0;0;0;0;0;1.0;1.0;0;0;0;0;0
806199;1.95;0.95;91.0;3810.0;30.0;81.75;42.75;6.27;17.23;14.01;0.54;2.81;2.58;86828.0;90.0;91.0;52.0;4487.0;1006.38;878.89;6.0;1.0;0;1.0;0;0;1.0;0;0;0;0;0;1.0;1.0;0;0;0;0;0
806719;1.12;0.98;90.0;3734.0;30.0;81.75;42.75;2.74;8.91;14.01;0.99;0.93;2.58;86828.0;90.0;90.0;52.0;4484.0;1006.38;917.95;6.0;1.0;0;1.0;0;0;1.0;0;0;0;0;0;1.0;1.0;0;0;0;0;0
807249;0.92;0.97;87.0;3731.0;30.0;81.75;42.75;2.35;7.68;14.01;0.31;0.29;2.58;86828.0;88.0;88.0;52.0;4502.0;1006.38;917.95;6.0;1.0;0;1.0;0;0;1.0;0;0;0;0;0;1.0;1.0;0;0;0;0;0
807779;0.91;0.95;86.0;3624.0;30.0;81.75;42.0;1.96;7.52;13.92;0.01;0.01;2.82;86828.0;86.0;86.0;52.0;4525.0;1006.38;898.42;6.0;1.0;0;1.0;0;0;1.0;0;0;0;0;0;1.0;1.0;0;0;0;0;0
808309;1.40;0.93;85.0;3693.0;30.0;81.75;42.0;4.31;11.76;14.11;5.39;0;2.58;86828.0;84.0;85.0;52.0;4486.0;1006.38;781.24;6.0;1.0;0;1.0;0;0;1.0;0;0;0;0;0;1.0;1.0;0;0;0;0;0
808839;2.16;0.90;83.0;3566.0;30.0;81.75;39.75;7.05;19.01;14.01;6.23;0;2.58;86828.0;84.0;84.0;52.0;4508.0;1006.38;761.70;6.0;1.0;0;1.0;0;0;1.0;0;0;0;0;0;1.0;1.0;0;0;0;0;0
809369;1.94;0.85;85.0;3573.0;30.0;81.75;40.5;6.66;18.30;14.01;5.15;0;2.58;86828.0;84.0;85.0;52.0;4527.0;1006.38;351.55;6.0;1.0;0;1.0;0;0;1.0;0;0;0;0;0;1.0;1.0;0;0;0;0;0
809899;2.65;0.88;85.0;3581.0;30.0;81.75;36.75;10.19;22.85;14.01;2.24;0;2.58;86828.0;84.0;85.0;52.0;4510.0;1006.38;97.65;6.0;1.0;0;1.0;0;0;1.0;0;0;0;0;0;1.0;1.0;0;0;0;0;0
810429;2.97;0.95;85.0;3613.0;30.0;81.75;35.25;11.37;24.33;13.92;0.76;0;2.82;86828.0;85.0;86.0;52.0;4530.0;1006.38;839.83;6.0;1.0;0;1.0;0;0;1.0;0;0;0;0;0;1.0;1.0;0;0;0;0;0
810959;2.80;0.91;86.0;3646.0;30.0;81.75;36.0;11.37;24.11;14.01;0.25;0;2.58;86828.0;86.0;86.0;52.0;4523.0;1006.38;214.84;6.0;1.0;0;1.0;0;0;1.0;0;0;0;0;0;1.0;1.0;0;0;0;0;0
811489;2.26;0.94;86.0;3669.0;30.0;81.75;41.25;7.45;19.11;14.01;2.44;0;2.58;86828.0;86.0;87.0;52.0;4486.0;1006.38;859.36;6.0;1.0;0;1.0;0;0;1.0;0;0;0;0;0;1.0;1.0;0;0;0;0;0
812019;2.14;0.89;86.0;3688.0;30.0;81.75;40.5;7.45;19.06;14.01;0.82;3.26;2.58;86828.0;86.0;87.0;52.0;4506.0;1006.38;722.64;6.0;1.0;0;1.0;0;0;1.0;0;0;0;0;0;0;1.0;0;0;0;0;0
812619;3.00;0.87;86.0;3669.0;30.0;81.75;36.75;11.37;23.74;14.01;0.27;1.36;2.58;86828.0;86.0;87.0;52.0;4519.0;1006.38;878.89;6.0;1.0;0;1.0;0;0;1.0;0;0;0;0;0;1.0;1.0;0;0;0;0;0
813149;2.86;0.93;87.0;3722.0;30.0;81.75;36.75;10.98;23.78;14.01;0;0.37;2.58;86828.0;87.0;88.0;52.0;4538.0;1006.38;761.70;6.0;1.0;0;1.0;0;0;1.0;0;0;0;0;0;1.0;1.0;0;0;0;0;0
813669;2.60;0.89;88.0;3754.0;30.0;81.75;37.5;10.19;22.71;13.92;0;0.07;2.82;86828.0;88.0;89.0;52.0;4522.0;1006.38;117.18;6.0;1.0;0;1.0;0;0;1.0;0;0;0;0;0;1.0;1.0;0;0;0;0;0
814199;2.61;0.94;88.0;3750.0;30.0;81.75;39.0;9.41;21.78;14.11;0;0;2.58;86828.0;89.0;89.0;52.0;4496.0;1006.38;839.83;6.0;1.0;0;1.0;0;0;1.0;0;0;0;0;0;1.0;1.0;0;0;0;0;0
814729;3.56;1.00;90.0;3820.0;30.0;81.75;33.75;15.29;27.13;14.11;1.38;0;2.58;86828.0;89.0;90.0;52.0;4547.0;1006.38;800.77;6.0;1.0;0;1.0;0;0;1.0;0;0;0;0;0;1.0;1.0;0;0;0;0;0
815259;2.62;1.00;91.0;3875.0;30.0;81.75;39.75;9.41;21.47;14.01;0.48;0;2.58;86828.0;91.0;91.0;52.0;4509.0;1006.38;878.89;6.0;1.0;0;1.0;0;0;1.0;0;0;0;0;0;1.0;1.0;0;0;0;0;0
815790;2.87;0.93;91.0;3891.0;30.0;81.75;38.25;11.37;23.60;13.92;1.58;2.08;2.82;86828.0;91.0;92.0;52.0;4519.0;1006.38;722.64;6.0;1.0;0;1.0;0;0;1.0;0;0;0;0;0;1.0;1.0;0;0;0;0;0
816319;2.96;0.94;92.0;3918.0;30.0;81.75;37.5;11.76;24.43;14.01;0.46;0.60;2.58;86828.0;91.0;92.0;52.0;4531.0;1006.38;820.30;6.0;1.0;0;1.0;0;0;1.0;0;0;0;0;0;1.0;1.0;0;0;0;0;0
816849;2.33;0.90;92.0;3912.0;30.0;81.75;41.25;8.62;20.41;13.92;1.91;1.40;2.82;86828.0;92.0;93.0;52.0;4503.0;1006.38;566.39;6.0;1.0;0;1.0;0;0;1.0;0;0;0;0;0;1.0;1.0;0;0;0;0;0
817379;2.0;0.90;92.0;3929.0;30.0;81.75;43.5;6.66;17.35;14.01;0.66;1.56;2.58;86828.0;92.0;93.0;52.0;4472.0;1006.38;839.83;6.0;1.0;0;1.0;0;0;1.0;0;0;0;0;0;1.0;1.0;0;0;0;0;0
817899;1.23;0.87;92.0;3893.0;30.0;81.75;45.0;3.92;11.42;14.01;1.93;1.67;2.58;86828.0;92.0;92.0;52.0;4487.0;1006.38;859.36;6.0;1.0;0;1.0;0;0;1.0;0;0;0;0;0;1.0;1.0;0;0;0;0;0
818429;1.09;0.85;91.0;3808.0;30.0;81.75;44.25;3.13;10.16;14.01;0.66;1.69;2.58;86828.0;90.0;91.0;52.0;4503.0;1006.38;781.24;6.0;1.0;0;1.0;0;0;1.0;0;0;0;0;0;1.0;1.0;0;0;0;0;0
818959;1.12;0.83;90.0;3803.0;30.0;81.75;43.5;3.52;10.52;13.92;0.21;0.62;2.82;86828.0;89.0;90.0;52.0;4500.0;1006.38;39.06;6.0;1.0;0;1.0;0;0;1.0;0;0;0;0;0;1.0;1.0;0;0;0;0;0
819489;1.55;0.85;88.0;3758.0;30.0;81.75;43.5;5.49;14.37;13.82;0;0.19;2.82;86828.0;88.0;89.0;52.0;4520.0;1006.38;332.02;6.0;1.0;0;1.0;0;0;1.0;0;0;0;0;0;1.0;1.0;0;0;0;0;0
820019;2.52;0.88;88.0;3761.0;30.0;81.75;38.25;9.41;21.49;14.01;0;1.26;2.58;86828.0;88.0;89.0;52.0;4522.0;1006.38;585.93;6.0;1.0;0;1.0;0;0;1.0;0;0;0;0;0;1.0;1.0;0;0;0;0;0
820549;2.66;0.90;88.0;3784.0;30.0;81.75;38.25;10.58;22.97;14.01;0.95;0.42;2.58;86828.0;88.0;89.0;52.0;4537.0;1006.38;117.18;6.0;1.0;0;1.0;0;0;1.0;0;0;0;0;0;1.0;1.0;0;0;0;0;0
821079;2.63;0.95;90.0;3799.0;30.0;81.75;39.0;9.41;21.60;14.01;1.87;0.07;2.58;86828.0;89.0;90.0;52.0;4518.0;1006.38;800.77;6.0;1.0;0;1.0;0;0;1.0;0;0;0;0;0;1.0;1.0;0;0;0;0;0
821609;2.65;0.97;90.0;3808.0;30.0;81.75;40.5;8.62;20.61;14.01;2.12;0.82;2.58;86828.0;90.0;90.0;52.0;4494.0;1006.38;898.42;6.0;1.0;0;1.0;0;0;1.0;0;0;0;0;0;1.0;1.0;0;0;0;0;0
822139;3.61;0.99;91.0;3862.0;30.0;81.75;33.0;16.08;27.89;14.01;0.82;0.25;2.58;86828.0;90.0;91.0;52.0;4587.0;1006.38;664.05;6.0;1.0;0;1.0;0;0;1.0;0;0;0;0;0;0;1.0;0;0;0;0;0
822669;3.52;0.98;92.0;3936.0;30.0;81.75;33.75;16.08;27.86;13.92;1.69;2.08;2.82;86828.0;91.0;93.0;52.0;4571.0;1006.38;761.70;6.0;1.0;0;1.0;0;0;1.0;0;0;0;0;0;1.0;1.0;0;0;0;0;0
823199;2.92;0.96;93.0;3945.0;30.0;81.75;38.25;11.37;23.73;14.01;2.44;0.60;2.58;86828.0;93.0;94.0;52.0;4515.0;1006.38;761.70;6.0;1.0;0;1.0;0;0;1.0;0;0;0;0;0;1.0;1.0;0;0;0;0;0
823729;3.96;0.99;95.0;4017.0;30.0;81.75;32.25;18.04;30.04;13.92;0.87;2.87;2.82;86828.0;94.0;95.0;52.0;4585.0;1006.38;605.46;6.0;1.0;0;1.0;0;0;1.0;0;0;0;0;0;1.0;1.0;0;0;0;0;0
824259;2.80;0.99;96.0;4057.0;30.0;81.75;40.5;10.19;22.21;13.92;0.25;2.38;2.82;86828.0;94.0;96.0;52.0;4499.0;1006.38;839.83;6.0;1.0;0;1.0;0;0;1.0;0;0;0;0;0;1.0;1.0;0;0;0;0;0
824789;2.58;0.91;96.0;4043.0;30.0;81.75;40.5;9.80;22.09;14.01;0;0.66;2.58;86828.0;95.0;96.0;52.0;4507.0;1006.38;292.96;6.0;1.0;0;1.0;0;0;1.0;0;0;0;0;0;1.0;1.0;0;0;0;0;0
825319;2.51;0.96;96.0;4059.0;30.0;81.75;42.0;8.62;20.40;14.01;0;1.34;2.58;86828.0;95.0;96.0;52.0;4494.0;1006.38;800.77;6.0;1.0;0;1.0;0;0;1.0;0;0;0;0;0;1.0;1.0;0;0;0;0;0
825849;2.21;0.90;96.0;4083.0;30.0;81.75;42.75;7.84;19.36;13.92;0;0.46;2.82;86828.0;95.0;96.0;52.0;4503.0;1006.38;214.84;6.0;1.0;0;1.0;0;0;1.0;0;0;0;0;0;1.0;1.0;0;0;0;0;0
826369;2.17;0.93;96.0;4052.0;30.0;81.75;44.25;7.45;18.27;14.01;0;2.18;2.58;86828.0;95.0;96.0;52.0;4486.0;1006.38;761.70;6.0;1.0;0;1.0;0;0;1.0;0;0;0;0;0;1.0;1.0;0;0;0;0;0
826899;1.91;0.92;95.0;4055.0;30.0;81.75;45.0;6.27;16.43;14.01;1.38;0.64;2.58;86828.0;95.0;96.0;52.0;4482.0;1006.38;820.30;6.0;1.0;0;1.0;0;0;1.0;0;0;0;0;0;1.0;1.0;0;0;0;0;0
827431;1.76;0.88;95.0;4041.0;30.0;81.75;45.0;6.27;15.91;14.01;0.44;1.42;2.58;86828.0;94.0;96.0;52.0;4490.0;1006.38;371.08;6.0;1.0;0;1.0;0;0;1.0;0;0;0;0;0;1.0;1.0;0;0;0;0;0
827959;1.77;0.90;95.0;4028.0;30.0;81.75;45.0;6.27;15.71;13.92;1.07;2.57;2.82;86828.0;94.0;95.0;52.0;4501.0;1006.38;820.30;6.0;1.0;0;1.0;0;0;1.0;0;0;0;0;0;1.0;1.0;0;0;0;0;0
828489;1.72;0.86;93.0;4002.0;30.0;81.75;45.0;6.27;15.81;14.01;0.27;4.12;2.58;86828.0;94.0;94.0;52.0;4492.0;1006.38;156.24;6.0;1.0;0;1.0;0;0;1.0;0;0;0;0;0;1.0;1.0;0;0;0;0;0
829019;1.80;0.90;93.0;3970.0;30.0;81.75;44.25;6.27;15.94;14.01;0;3.02;2.58;86828.0;93.0;94.0;52.0;4506.0;1006.38;800.77;6.0;1.0;0;1.0;0;0;1.0;0;0;0;0;0;1.0;1.0;0;0;0;0;0
829559;1.80;0.88;93.0;3946.0;30.0;81.75;44.25;6.27;16.24;13.92;0;2.26;2.82;86828.0;93.0;93.0;52.0;4508.0;1006.38;781.24;6.0;1.0;0;1.0;0;0;1.0;0;0;0;0;0;1.0;1.0;0;0;0;0;0
830129;1.71;0.84;92.0;3959.0;30.0;81.75;43.5;6.27;16.18;14.01;0.72;0.66;2.58;86828.0;92.0;93.0;52.0;4515.0;1006.38;78.12;6.0;1.0;0;1.0;0;0;1.0;0;0;0;0;0;1.0;1.0;0;0;0;0;0
830659;2.32;0.90;92.0;3933.0;30.0;81.75;41.25;8.23;20.21;14.11;0.23;1.99;2.58;86829.0;92.0;93.0;52.0;4530.0;1006.38;722.64;6.0;1.0;0;1.0;0;0;1.0;0;0;0;0;0;1.0;1.0;0;0;0;0;0
831189;2.32;0.89;92.0;3940.0;30.0;81.75;41.25;8.62;20.63;14.01;0;0.62;2.58;86829.0;92.0;93.0;52.0;4532.0;1006.38;136.71;6.0;1.0;0;1.0;0;0;1.0;0;0;0;0;0;1.0;1.0;0;0;0;0;0
831748;2.38;0.93;92.0;3928.0;30.0;81.75;41.25;8.23;20.18;13.92;0;1.85;2.82;86829.0;92.0;93.0;52.0;4501.0;1006.38;800.77;6.0;1.0;0;1.0;0;0;1.0;0;0;0;0;0;1.0;1.0;0;0;0;0;0
832319;2.32;0.89;93.0;3937.0;30.0;81.75;41.25;8.62;20.40;14.01;0;2.67;2.58;86829.0;92.0;93.0;52.0;4517.0;1006.38;566.39;6.0;1.0;0;1.0;0;0;1.0;0;0;0;0;0;1.0;1.0;0;0;0;0;0
832849;2.57;0.92;93.0;3976.0;30.0;81.75;39.75;9.80;21.96;14.01;0;0.99;2.58;86829.0;92.0;94.0;52.0;4536.0;1006.38;97.65;6.0;1.0;0;1.0;0;0;1.0;0;0;0;0;0;1.0;1.0;0;0;0;0;0
833379;2.73;0.96;93.0;3965.0;30.0;81.75;39.75;10.19;22.12;13.92;0;3.67;2.82;86829.0;93.0;94.0;52.0;4528.0;1006.38;820.30;6.0;1.0;0;1.0;0;0;1.0;0;0;0;0;0;1.0;1.0;0;0;0;0;0
833909;2.57;0.92;93.0;3994.0;30.0;81.75;39.75;9.80;21.96;14.11;1.66;1.15;2.58;86829.0;93.0;94.0;52.0;4522.0;1006.38;175.77;6.0;1.0;0;1.0;0;0;1.0;0;0;0;0;0;1.0;1.0;0;0;0;0;0
834439;2.56;0.93;93.0;3979.0;30.0;81.75;40.5;9.41;21.42;14.01;1.83;0.37;2.58;86829.0;93.0;94.0;52.0;4515.0;1006.38;781.24;6.0;1.0;0;1.0;0;0;1.0;0;0;0;0;0;1.0;1.0;0;0;0;0;0
834969;2.2;0.90;93.0;4003.0;30.0;81.75;42.75;7.45;19.32;13.92;0.64;2.16;2.82;86829.0;94.0;94.0;52.0;4492.0;1006.38;97.65;6.0;1.0;0;1.0;0;0;1.0;0;0;0;0;0;1.0;1.0;0;0;0;0;0
835498;2.02;0.92;93.0;3994.0;30.0;81.75;43.5;6.66;17.21;14.01;2.42;1.87;2.58;86829.0;93.0;94.0;52.0;4463.0;1006.38;859.36;6.0;1.0;0;1.0;0;0;1.0;0;0;0;0;0;1.0;1.0;0;0;0;0;0
836029;1.88;0.87;93.0;3990.0;30.0;81.75;43.5;6.66;17.00;14.01;0.93;2.12;2.58;86829.0;93.0;94.0;52.0;4511.0;1006.38;605.46;6.0;1.0;0;1.0;0;0;1.0;0;0;0;0;0;1.0;1.0;0;0;0;0;0
836559;1.92;0.87;93.0;3962.0;30.75;81.75;43.5;6.66;17.31;14.01;0.27;0.82;2.58;86829.0;92.0;93.0;52.0;4506.0;1006.38;117.18;6.0;1.0;0;1.0;0;0;1.0;0;0;0;0;0;1.0;1.0;0;0;0;0;0
837089;2.0;0.92;92.0;3927.0;30.75;81.75;43.5;6.66;17.11;14.01;0;1.42;2.58;86829.0;92.0;93.0;52.0;4502.0;1006.38;859.36;6.0;1.0;0;1.0;0;0;1.0;0;0;0;0;0;1.0;1.0;0;0;0;0;0
837619;1.92;0.87;92.0;3937.0;30.75;81.75;43.5;6.66;17.37;13.92;0;0.46;2.82;86829.0;92.0;93.0;52.0;4504.0;1006.38;800.77;6.0;1.0;0;1.0;0;0;1.0;0;0;0;0;0;1.0;1.0;0;0;0;0;0
838149;1.92;0.87;92.0;3905.0;30.75;81.75;43.5;6.66;17.45;14.01;0;0.09;2.58;86829.0;92.0;92.0;52.0;4517.0;1006.38;234.37;6.0;1.0;0;1.0;0;0;1.0;0;0;0;0;0;1.0;1.0;0;0;0;0;0
838679;1.90;0.89;92.0;3908.0;30.75;81.75;43.5;6.66;16.95;13.92;0;0;2.82;86829.0;92.0;92.0;52.0;4512.0;1006.38;820.30;6.0;1.0;0;1.0;0;0;1.0;0;0;0;0;0;1.0;1.0;0;0;0;0;0
839279;1.72;0.85;91.0;3902.0;30.75;81.75;43.5;6.27;16.12;14.01;3.06;1.38;2.58;86829.0;91.0;92.0;52.0;4505.0;1006.34;664.05;6.0;1.0;0;1.0;0;0;1.0;0;0;0;0;0;1.0;1.0;0;0;0;0;0
839809;1.72;0.85;91.0;3858.0;30.75;81.75;43.5;5.88;15.96;13.92;0.93;1.42;2.82;86829.0;91.0;91.0;52.0;4501.0;1006.34;351.55;6.0;1.0;0;1.0;0;0;1.0;0;0;0;0;0;1.0;1.0;0;0;0;0;0
840339;1.67;0.86;91.0;3844.0;30.75;81.75;44.25;5.88;15.40;14.01;0.29;2.61;2.58;86829.0;91.0;91.0;52.0;4514.0;1006.34;839.83;6.0;1.0;0;1.0;0;0;1.0;0;0;0;0;0;1.0;1.0;0;0;0;0;0
840869;1.51;0.84;90.0;3803.0;30.75;81.75;44.25;5.09;14.24;13.82;1.26;3.12;2.82;86829.0;90.0;90.0;52.0;4526.0;1006.34;742.17;6.0;1.0;0;1.0;0;0;1.0;0;0;0;0;0;1.0;1.0;0;0;0;0;0
841399;1.44;0.82;90.0;3812.0;30.75;81.75;43.5;5.09;13.92;13.92;1.42;2.85;2.82;86829.0;89.0;90.0;52.0;4513.0;1006.34;78.12;6.0;1.0;0;1.0;0;0;1.0;0;0;0;0;0;1.0;1.0;0;0;0;0;0
841928;1.52;0.85;88.0;3803.0;30.75;81.75;42.75;5.49;14.24;13.92;0.54;1.11;2.82;86829.0;89.0;89.0;52.0;4499.0;1006.34;722.64;6.0;1.0;0;1.0;0;0;1.0;0;0;0;0;0;1.0;1.0;0;0;0;0;0
842459;2.02;0.87;88.0;3750.0;30.75;81.75;41.25;7.05;18.45;14.01;0.13;0.39;2.58;86829.0;88.0;89.0;52.0;4514.0;1006.34;175.77;6.0;1.0;0;1.0;0;0;1.0;0;0;0;0;0;1.0;1.0;0;0;0;0;0
842989;2.02;0.88;88.0;3744.0;30.75;81.75;42.0;6.66;18.24;14.01;0;1.60;2.58;86829.0;88.0;89.0;52.0;4526.0;1006.34;781.24;6.0;1.0;0;1.0;0;0;1.0;0;0;0;0;0;1.0;1.0;0;0;0;0;0
843519;2.16;0.87;88.0;3740.0;30.75;81.75;40.5;7.84;19.74;14.01;1.23;0.58;2.58;86829.0;88.0;88.0;52.0;4508.0;1006.34;97.65;6.0;1.0;0;1.0;0;0;1.0;0;0;0;0;0;1.0;1.0;0;0;0;0;0
844049;2.53;0.91;88.0;3769.0;30.75;81.75;39.0;9.41;21.82;14.01;2.51;1.19;2.58;86829.0;88.0;89.0;52.0;4523.0;1006.34;761.70;6.0;1.0;0;1.0;0;0;1.0;0;0;0;0;0;1.0;1.0;0;0;0;0;0
844579;2.48;0.90;90.0;3807.0;30.75;81.75;39.75;9.02;21.40;14.01;0.82;0.33;2.58;86829.0;89.0;90.0;52.0;4506.0;1006.34;683.58;6.0;1.0;0;1.0;0;0;1.0;0;0;0;0;0;1.0;1.0;0;0;0;0;0
845159;2.45;0.91;90.0;3794.0;30.75;81.75;39.75;9.02;21.26;14.01;1.30;0.01;2.58;86829.0;89.0;90.0;52.0;4513.0;1006.34;820.30;6.0;1.0;0;1.0;0;0;1.0;0;0;0;0;0;1.0;1.0;0;0;0;0;0
845738;2.38;0.87;90.0;3778.0;30.0;81.75;39.75;9.02;21.30;14.01;1.60;2.08;2.58;86829.0;89.0;90.0;52.0;4518.0;1006.34;97.65;6.0;1.0;0;1.0;0;0;1.0;0;0;0;0;0;1.0;1.0;0;0;0;0;0
846319;2.42;0.93;90.0;3825.0;30.0;81.75;40.5;8.62;20.58;14.01;1.79;0.64;2.58;86829.0;89.0;90.0;52.0;4508.0;1006.34;722.64;6.0;1.0;0;1.0;0;0;1.0;0;0;0;0;0;1.0;1.0;0;0;0;0;0
846838;2.28;0.88;90.0;3838.0;30.0;81.75;40.5;8.23;20.41;14.01;1.91;2.30;2.58;86829.0;90.0;90.0;52.0;4510.0;1006.34;97.65;6.0;1.0;0;1.0;0;0;1.0;0;0;0;0;0;1.0;1.0;0;0;0;0;0
847379;2.40;0.93;90.0;3842.0;30.0;81.75;40.5;8.23;20.38;14.01;2.16;2.98;2.58;86829.0;90.0;90.0;52.0;4506.0;1006.34;839.83;6.0;1.0;0;1.0;0;0;1.0;0;0;0;0;0;1.0;1.0;0;0;0;0;0
847909;2.28;0.89;91.0;3868.0;30.0;81.75;40.5;8.62;20.30;14.01;1.91;0.99;2.58;86829.0;90.0;91.0;52.0;4508.0;1006.34;97.65;6.0;1.0;0;1.0;0;0;1.0;0;0;0;0;0;1.0;1.0;0;0;0;0;0
848439;2.79;0.92;91.0;3867.0;30.0;81.75;37.5;10.98;23.25;13.92;0.70;0.31;2.82;86829.0;91.0;91.0;52.0;4531.0;1006.34;312.49;6.0;1.0;0;1.0;0;0;1.0;0;0;0;0;0;1.0;1.0;0;0;0;0;0
848969;3.06;0.96;92.0;3878.0;30.0;81.75;36.75;12.55;24.89;14.01;1.19;0;2.58;86829.0;91.0;92.0;52.0;4541.0;1006.34;839.83;6.0;1.0;0;1.0;0;0;1.0;0;0;0;0;0;1.0;1.0;0;0;0;0;0
849498;2.96;0.93;92.0;3933.0;30.0;81.75;37.5;12.15;24.69;14.01;2.20;0;2.58;86829.0;92.0;93.0;52.0;4529.0;1006.34;527.33;6.0;1.0;0;1.0;0;0;1.0;0;0;0;0;0;1.0;1.0;0;0;0;0;0
850029;2.64;0.93;92.0;3918.0;30.0;81.75;39.75;10.19;22.23;13.92;0.78;1.01;2.82;86829.0;92.0;93.0;52.0;4518.0;1006.34;761.70;6.0;1.0;0;1.0;0;0;1.0;0;0;0;0;0;1.0;1.0;0;0;0;0;0
850558;1.84;0.92;92.0;3926.0;30.0;81.75;44.25;5.88;16.03;14.01;0.25;1.77;2.58;86829.0;92.0;93.0;52.0;4456.0;1006.34;878.89;6.0;1.0;0;1.0;0;0;1.0;0;0;0;0;0;1.0;1.0;0;0;0;0;0
851090;1.65;0.90;92.0;3903.0;30.0;81.75;45.0;5.49;14.52;14.01;0;0.54;2.58;86829.0;92.0;92.0;52.0;4483.0;1006.34;878.89;6.0;1.0;0;1.0;0;0;1.0;0;0;0;0;0;1.0;1.0;0;0;0;0;0
851638;1.50;0.86;91.0;3876.0;30.0;81.75;44.25;5.09;13.77;14.01;0.95;1.58;2.58;86829.0;91.0;91.0;52.0;4487.0;1006.34;820.30;6.0;1.0;0;1.0;0;0;1.0;0;0;0;0;0;1.0;1.0;0;0;0;0;0
852169;1.56;0.83;90.0;3846.0;30.0;81.75;43.5;5.49;14.73;14.01;2.03;0.46;2.58;86829.0;90.0;91.0;52.0;4511.0;1006.34;156.24;6.0;1.0;0;1.0;0;0;1.0;0;0;0;0;0;1.0;1.0;0;0;0;0;0
852698;1.87;0.86;90.0;3816.0;30.0;81.75;42.75;6.66;17.20;14.01;2.55;0.09;2.58;86829.0;89.0;90.0;52.0;4513.0;1006.34;156.24;6.0;1.0;0;1.0;0;0;1.0;0;0;0;0;0;1.0;1.0;0;0;0;0;0
853228;2.24;0.91;90.0;3831.0;30.0;81.75;41.25;7.84;19.48;14.01;0.99;1.17;2.58;86829.0;89.0;90.0;52.0;4529.0;1006.34;820.30;6.0;1.0;0;1.0;0;0;1.0;0;0;0;0;0;1.0;1.0;0;0;0;0;0
853759;2.24;0.89;90.0;3796.0;30.0;81.75;41.25;8.23;19.97;14.11;0.31;0.39;2.58;86829.0;89.0;90.0;52.0;4511.0;1006.34;156.24;6.0;1.0;0;1.0;0;0;1.0;0;0;0;0;0;1.0;1.0;0;0;0;0;0
854298;2.16;0.91;90.0;3810.0;30.0;81.75;42.0;7.45;18.91;14.01;0;0;2.58;86829.0;89.0;90.0;52.0;4511.0;1006.34;683.58;6.0;1.0;0;1.0;0;0;1.0;0;0;0;0;0;1.0;1.0;0;0;0;0;0
854829;1.89;0.85;90.0;3787.0;30.0;81.75;42.75;6.66;17.54;14.01;0;0;2.58;86829.0;89.0;90.0;52.0;4509.0;1006.34;507.80;6.0;1.0;0;1.0;0;0;1.0;0;0;0;0;0;1.0;1.0;0;0;0;0;0
855359;1.55;0.86;88.0;3767.0;30.0;81.75;43.5;5.09;14.38;14.01;0;2.08;2.58;86829.0;88.0;89.0;52.0;4500.0;1006.34;703.11;6.0;1.0;0;1.0;0;0;1.0;0;0;0;0;0;1.0;1.0;0;0;0;0;0
855889;1.34;0.86;88.0;3731.0;30.0;81.75;42.75;4.31;12.43;14.01;1.23;0.64;2.58;86829.0;88.0;89.0;52.0;4507.0;1006.34;859.36;6.0;1.0;0;1.0;0;0;1.0;0;0;0;0;0;1.0;1.0;0;0;0;0;0
856419;1.21;0.83;87.0;3678.0;30.0;81.75;42.75;3.92;11.50;14.01;0.41;1.32;2.58;86829.0;86.0;87.0;52.0;4516.0;1006.26;117.18;6.0;1.0;0;1.0;0;0;1.0;0;0;0;0;0;1.0;1.0;0;0;0;0;0
856948;1.26;0.85;86.0;3596.0;30.0;81.75;42.0;3.92;11.83;14.11;1.19;0.46;2.58;86829.0;86.0;86.0;52.0;4508.0;1006.30;58.59;6.0;1.0;0;1.0;0;0;1.0;0;0;0;0;0;1.0;1.0;0;0;0;0;0
857478;1.32;0.87;85.0;3597.0;30.0;81.75;41.25;3.92;12.03;14.11;0.33;3.98;2.58;86829.0;85.0;85.0;52.0;4513.0;1006.30;58.59;6.0;1.0;0;1.0;0;0;1.0;0;0;0;0;0;1.0;1.0;0;0;0;0;0
858009;1.45;0.89;85.0;3538.0;30.0;81.75;40.5;4.31;12.82;14.01;0.05;9.58;2.58;86829.0;84.0;85.0;52.0;4523.0;1006.30;800.77;6.0;1.0;0;1.0;0;0;1.0;0;0;0;0;0;1.0;1.0;0;0;0;0;0
858538;1.82;0.86;83.0;3536.0;30.0;81.75;40.5;5.88;16.91;14.01;0;5.52;2.58;86829.0;83.0;84.0;52.0;4493.0;1006.34;97.65;6.0;1.0;0;1.0;0;0;1.0;0;0;0;0;0;1.0;1.0;0;0;0;0;0
859068;2.20;0.90;83.0;3579.0;30.0;81.75;39.0;7.45;19.52;14.01;0;2.14;2.58;86829.0;83.0;84.0;52.0;4506.0;1006.34;820.30;6.0;1.0;0;1.0;0;0;1.0;0;0;0;0;0;1.0;1.0;0;0;0;0;0
859598;2.56;0.91;83.0;3578.0;30.0;81.75;36.75;9.80;22.28;14.01;0;0.87;2.58;86829.0;84.0;84.0;52.0;4532.0;1006.34;156.24;6.0;1.0;0;1.0;0;0;1.0;0;0;0;0;0;1.0;1.0;0;0;0;0;0
860129;2.64;0.93;85.0;3616.0;30.0;81.75;37.5;9.80;22.23;14.11;0;0.29;2.58;86829.0;84.0;85.0;52.0;4520.0;1006.34;742.17;6.0;1.0;0;1.0;0;0;1.0;0;0;0;0;0;1.0;1.0;0;0;0;0;0
860709;2.58;0.92;86.0;3666.0;30.0;81.75;37.5;9.41;22.16;14.01;0;0;2.58;86829.0;85.0;86.0;52.0;4512.0;1006.34;214.84;6.0;1.0;0;1.0;0;0;1.0;0;0;0;0;0;1.0;1.0;0;0;0;0;0
861239;2.62;0.93;86.0;3661.0;30.0;81.75;37.5;9.41;22.03;14.01;3.26;0;2.58;86829.0;85.0;86.0;52.0;4505.0;1006.34;781.24;6.0;1.0;0;1.0;0;0;1.0;0;0;0;0;0;1.0;1.0;0;0;0;0;0
861769;2.28;0.89;86.0;3657.0;30.0;81.75;39.75;7.84;20.14;14.01;1.13;0;2.58;86829.0;86.0;87.0;52.0;4520.0;1006.26;703.11;6.0;1.0;0;1.0;0;0;1.0;0;0;0;0;0;1.0;1.0;0;0;0;0;0
862309;2.06;0.89;86.0;3651.0;30.0;81.75;41.25;6.66;18.29;13.92;0.41;2.75;2.82;86829.0;86.0;86.0;52.0;4499.0;1006.30;800.77;6.0;1.0;0;1.0;0;0;1.0;0;0;0;0;0;1.0;1.0;0;0;0;0;0
862879;1.17;0.86;86.0;3615.0;30.0;81.75;41.25;3.52;10.95;13.92;0.09;1.13;2.82;86829.0;86.0;86.0;52.0;4526.0;1006.30;722.64;6.0;1.0;0;1.0;0;0;1.0;0;0;0;0;0;1.0;1.0;0;0;0;0;0
863409;1.17;0.85;85.0;3575.0;30.0;81.75;41.25;3.52;10.93;14.01;7.81;0.33;2.58;86829.0;85.0;85.0;52.0;4509.0;1006.30;58.59;6.0;1.0;0;1.0;0;0;1.0;0;0;0;0;0;1.0;1.0;0;0;0;0;0
863939;1.22;0.87;83.0;3544.0;30.0;81.75;40.5;3.52;11.17;14.11;5.85;0.03;2.58;86829.0;83.0;83.0;52.0;4509.0;1006.34;58.59;6.0;1.0;0;1.0;0;0;1.0;0;0;0;0;0;1.0;1.0;0;0;0;0;0
864468;1.38;0.89;82.0;3474.0;30.0;81.75;39.75;4.31;12.29;14.11;2.28;2.08;2.58;86829.0;82.0;83.0;52.0;4513.0;1006.34;78.12;6.0;1.0;0;1.0;0;0;1.0;0;0;0;0;0;1.0;1.0;0;0;0;0;0
864999;1.55;0.91;81.0;3450.0;30.0;81.75;39.75;4.31;13.36;14.01;0.93;2.07;2.58;86829.0;82.0;82.0;52.0;4520.0;1006.26;820.30;6.0;1.0;0;1.0;0;0;1.0;0;0;0;0;0;1.0;1.0;0;0;0;0;0
865529;1.72;0.90;81.0;3445.0;30.0;81.75;39.75;5.09;15.17;14.01;0.33;0.83;2.58;86829.0;81.0;81.0;52.0;4523.0;1006.30;839.83;6.0;1.0;0;1.0;0;0;1.0;0;0;0;0;0;1.0;1.0;0;0;0;0;0
866059;1.25;0.99;80.0;3434.0;30.0;81.75;39.0;3.13;10.17;14.01;0;0.25;2.58;86829.0;80.0;80.0;52.0;4520.0;1006.30;898.42;6.0;1.0;0;1.0;0;0;1.0;0;0;0;0;0;1.0;1.0;0;0;0;0;0
866589;1.12;0.97;78.0;3382.0;30.0;81.75;39.0;2.74;9.19;14.11;0;1.19;2.58;86829.0;79.0;79.0;52.0;4519.0;1006.30;898.42;6.0;1.0;0;1.0;0;0;1.0;0;0;0;0;0;1.0;1.0;0;0;0;0;0
867119;1.15;0.96;78.0;3306.0;30.0;81.75;38.25;2.74;9.96;14.01;0;0.46;2.58;86829.0;79.0;78.0;52.0;4502.0;1006.34;878.89;6.0;1.0;0;1.0;0;0;1.0;0;0;0;0;0;1.0;1.0;0;0;0;0;0
867649;1.19;0.94;77.0;3273.0;30.0;81.75;38.25;2.74;10.05;14.01;1.56;3.39;2.58;86829.0;77.0;77.0;52.0;4508.0;1006.34;859.36;6.0;1.0;0;1.0;0;0;1.0;0;0;0;0;0;1.0;1.0;0;0;0;0;0
868179;1.21;0.92;76.0;3254.0;30.0;81.75;37.5;3.13;10.50;14.11;1.79;1.34;2.58;86829.0;77.0;76.0;52.0;4513.0;1006.34;820.30;6.0;1.0;0;1.0;0;0;1.0;0;0;0;0;0;1.0;1.0;0;0;0;0;0
868719;1.44;0.90;75.0;3183.0;30.0;81.75;37.5;3.92;12.84;14.11;0.76;1.81;2.58;86829.0;75.0;76.0;52.0;4507.0;1006.34;292.96;6.0;1.0;0;1.0;0;0;1.0;0;0;0;0;0;1.0;1.0;0;0;0;0;0
869249;2.16;0.91;76.0;3222.0;30.0;81.75;36.75;6.66;18.68;14.11;3.41;0.76;2.58;86829.0;75.0;76.0;52.0;4492.0;1006.34;722.64;6.0;1.0;0;1.0;0;0;1.0;0;0;0;0;0;1.0;1.0;0;0;0;0;0
869779;2.55;0.87;76.0;3232.0;30.0;81.75;33.75;9.41;22.54;14.01;4.51;0.23;2.58;86829.0;76.0;76.0;52.0;4507.0;1006.34;273.43;6.0;1.0;0;1.0;0;0;1.0;0;0;0;0;0;1.0;1.0;0;0;0;0;0
870309;2.66;0.93;77.0;3277.0;30.0;81.75;33.75;9.41;22.71;14.11;2.05;0;2.58;86829.0;77.0;77.0;52.0;4512.0;1006.34;468.74;6.0;1.0;0;1.0;0;0;1.0;0;0;0;0;0;1.0;1.0;0;0;0;0;0
870840;2.52;0.93;77.0;3316.0;30.0;81.75;35.25;8.62;22.31;14.01;2.16;1.56;2.58;86830.0;78.0;78.0;52.0;4520.0;1006.34;683.58;6.0;1.0;0;1.0;0;0;1.0;0;0;0;0;0;1.0;1.0;0;0;0;0;0
871369;2.24;0.91;78.0;3335.0;30.0;81.75;36.75;7.05;19.62;14.01;0.82;1.69;2.58;86830.0;78.0;78.0;52.0;4515.0;1006.34;546.86;6.0;1.0;0;1.0;0;0;1.0;0;0;0;0;0;1.0;1.0;0;0;0;0;0
871899;2.11;0.91;78.0;3338.0;30.0;81.75;37.5;6.66;18.44;14.11;0.29;2.51;2.58;86830.0;78.0;79.0;52.0;4513.0;1006.34;683.58;6.0;1.0;0;1.0;0;0;1.0;0;0;0;0;0;1.0;1.0;0;0;0;0;0
872429;2.09;0.88;80.0;3345.0;30.0;81.75;38.25;6.66;19.08;14.01;0.01;1.19;2.58;86830.0;80.0;79.0;52.0;4506.0;1006.34;78.12;6.0;1.0;0;1.0;0;0;1.0;0;0;0;0;0;1.0;1.0;0;0;0;0;0
872959;2.23;0.92;78.0;3337.0;30.0;81.75;37.5;7.05;19.20;14.11;0;0.35;2.58;86830.0;79.0;79.0;52.0;4510.0;1006.34;800.77;6.0;1.0;0;1.0;0;0;1.0;0;0;0;0;0;1.0;1.0;0;0;0;0;0
873488;2.26;0.88;78.0;3379.0;30.0;81.75;36.75;7.05;19.55;14.01;1.75;0.07;2.58;86830.0;79.0;79.0;52.0;4500.0;1006.34;722.64;6.0;1.0;0;1.0;0;0;1.0;0;0;0;0;0;1.0;1.0;0;0;0;0;0
874019;3.28;0.99;80.0;3377.0;30.0;81.75;32.25;12.15;25.52;13.92;2.53;0;2.82;86830.0;79.0;80.0;52.0;4514.0;1006.34;781.24;6.0;1.0;0;1.0;0;0;1.0;0;0;0;0;0;1.0;1.0;0;0;0;0;0
874549;3.17;0.94;81.0;3460.0;30.0;81.75;32.25;13.72;26.15;14.11;2.73;1.07;2.58;86830.0;79.0;82.0;52.0;4517.0;1006.34;78.12;6.0;1.0;0;1.0;0;0;1.0;0;0;0;0;0;1.0;1.0;0;0;0;0;0
875079;3.35;1.00;82.0;3478.0;30.0;81.75;32.25;13.33;26.01;14.01;1.26;1.91;2.58;86830.0;82.0;82.0;52.0;4526.0;1006.34;839.83;6.0;1.0;0;1.0;0;0;1.0;0;0;0;0;0;1.0;1.0;0;0;0;0;0
875609;2.72;0.93;83.0;3515.0;30.0;81.75;36.0;10.19;23.40;14.11;2.01;0.82;2.58;86830.0;83.0;83.0;52.0;4515.0;1006.34;742.17;6.0;1.0;0;1.0;0;0;1.0;0;0;0;0;0;1.0;1.0;0;0;0;0;0
876139;2.07;0.98;83.0;3540.0;30.0;81.75;40.5;5.88;16.90;14.01;0.87;0.27;2.58;86830.0;83.0;83.0;52.0;4495.0;1006.34;898.42;6.0;1.0;0;1.0;0;0;1.0;0;0;0;0;0;1.0;1.0;0;0;0;0;0
876669;2.00;0.94;82.0;3520.0;30.0;81.75;40.5;5.88;16.98;14.01;0.23;2.42;2.58;86830.0;82.0;83.0;52.0;4505.0;1006.34;859.36;6.0;1.0;0;1.0;0;0;1.0;0;0;0;0;0;1.0;1.0;0;0;0;0;0
877199;1.90;0.89;83.0;3532.0;30.0;81.75;39.75;5.88;16.92;14.11;0;1.05;2.58;86830.0;81.0;83.0;52.0;4514.0;1006.34;820.30;6.0;1.0;0;1.0;0;0;1.0;0;0;0;0;0;1.0;1.0;0;0;0;0;0
877729;1.77;0.85;82.0;3528.0;30.0;82.5;39.75;5.88;16.61;14.01;46.65;25.27;2.58;86830.0;82.0;83.0;51.0;4517.0;1006.34;644.52;6.0;1.0;0;1.0;0;0;1.0;0;0;0;0;0;1.0;1.0;0;0;0;0;0
878269;1.79;0.85;82.0;3456.0;30.0;82.5;39.75;5.88;17.01;13.92;124.62;111.24;2.82;86830.0;81.0;82.0;51.0;4524.0;1006.34;78.12;6.0;1.0;0;1.0;0;0;1.0;0;0;0;0;0;1.0;1.0;0;0;0;0;0
878799;1.80;0.89;81.0;3469.0;30.0;82.5;39.75;5.49;16.17;14.01;126.78;111.98;2.58;86830.0;82.0;82.0;51.0;4518.0;1006.34;839.83;6.0;1.0;0;1.0;0;0;1.0;0;0;0;0;0;1.0;1.0;0;0;0;0;0
879329;1.64;0.87;81.0;3475.0;30.0;82.5;39.75;5.09;15.09;14.01;206.02;202.83;2.58;86830.0;81.0;82.0;51.0;4517.0;1006.34;761.70;6.0;1.0;0;1.0;0;0;1.0;0;0;0;0;0;1.0;1.0;0;0;0;0;0
879859;1.42;0.84;81.0;3442.0;30.0;82.5;39.0;4.31;13.33;14.01;286.38;283.88;2.58;86830.0;81.0;81.0;51.0;4525.0;1006.34;78.12;6.0;1.0;0;1.0;0;0;1.0;0;0;0;0;0;1.0;1.0;0;0;0;0;0
880389;1.33;0.85;80.0;3427.0;30.0;82.5;39.0;3.92;12.34;14.01;321.60;328.45;2.58;86830.0;80.0;80.0;51.0;4515.0;1006.34;39.06;6.0;1.0;0;1.0;0;0;1.0;0;0;0;0;0;1.0;1.0;0;0;0;0;0
880919;1.55;0.88;78.0;3356.0;30.0;82.5;39.0;4.70;14.07;14.01;322.98;342.34;2.58;86830.0;78.0;79.0;51.0;4503.0;1006.34;97.65;6.0;1.0;0;1.0;0;0;1.0;0;0;0;0;0;1.0;1.0;0;0;0;0;0
881449;1.84;0.91;78.0;3333.0;30.0;82.5;38.25;5.49;16.02;14.01;345.48;325.25;2.58;86830.0;79.0;79.0;51.0;4495.0;1006.34;781.24;6.0;1.0;0;1.0;0;0;1.0;0;0;0;0;0;1.0;1.0;0;0;0;0;0
881979;2.11;0.88;78.0;3325.0;30.0;82.5;38.25;6.66;19.02;13.92;345.13;337.77;2.82;86830.0;79.0;79.0;51.0;4510.0;1006.34;703.11;6.0;1.0;0;1.0;0;0;1.0;0;0;0;0;0;1.0;1.0;0;0;0;0;0
882509;2.25;0.87;78.0;3353.0;30.0;82.5;36.0;7.84;20.45;14.01;347.94;341.46;2.58;86830.0;78.0;79.0;51.0;4505.0;1006.34;39.06;6.0;1.0;0;1.0;0;0;1.0;0;0;0;0;0;1.0;1.0;0;0;0;0;0
883039;2.49;0.92;78.0;3352.0;30.0;82.5;36.0;8.23;21.37;14.11;342.57;342.71;2.58;86830.0;79.0;79.0;51.0;4506.0;1006.34;781.24;6.0;1.0;0;1.0;0;0;1.0;0;0;0;0;0;1.0;1.0;0;0;0;0;0
883569;2.36;0.91;78.0;3366.0;30.0;82.5;36.0;7.84;20.42;13.92;339.33;339.54;2.82;86830.0;78.0;79.0;51.0;4514.0;1006.34;761.70;6.0;1.0;0;1.0;0;0;1.0;0;0;0;0;0;1.0;1.0;0;0;0;0;0
884099;1.98;0.87;78.0;3363.0;30.0;82.5;38.25;6.27;18.13;13.92;335.87;340.73;2.82;86830.0;78.0;79.0;51.0;4531.0;1006.34;136.71;6.0;1.0;0;1.0;0;0;1.0;0;0;0;0;0;1.0;1.0;0;0;0;0;0
884629;1.97;0.89;78.0;3362.0;30.0;82.5;38.25;6.27;17.61;13.92;276.17;337.10;2.82;86830.0;78.0;79.0;51.0;4504.0;1006.34;839.83;6.0;1.0;0;1.0;0;0;1.0;0;0;0;0;0;1.0;1.0;0;0;0;0;0
885159;3.06;0.98;80.0;3376.0;30.0;82.5;33.0;10.98;24.07;13.92;309.15;342.12;2.82;86830.0;79.0;80.0;51.0;4506.0;1006.34;839.83;6.0;1.0;0;1.0;0;0;1.0;0;0;0;0;0;1.0;1.0;0;0;0;0;0
885699;2.83;0.92;80.0;3417.0;30.0;82.5;33.75;10.98;24.01;14.01;343.31;351.44;2.58;86830.0;79.0;80.0;51.0;4524.0;1006.34;585.93;6.0;1.0;0;1.0;0;0;1.0;0;0;0;0;0;1.0;1.0;0;0;0;0;0
886219;2.47;0.94;80.0;3419.0;30.0;82.5;36.0;8.62;22.13;14.01;353.55;348.70;2.58;86830.0;80.0;81.0;51.0;4515.0;1006.34;820.30;6.0;1.0;0;1.0;0;0;1.0;0;0;0;0;0;1.0;1.0;0;0;0;0;0
886749;2.28;0.91;80.0;3407.0;30.0;82.5;37.5;7.45;19.88;14.01;333.41;356.93;2.58;86830.0;80.0;81.0;51.0;4512.0;1006.26;742.17;6.0;1.0;0;1.0;0;0;1.0;0;0;0;0;0;1.0;1.0;0;0;0;0;0
887279;2.09;0.86;80.0;3404.0;30.0;82.5;38.25;7.05;19.38;14.01;347.39;352.16;2.58;86830.0;80.0;80.0;51.0;4516.0;1006.14;97.65;6.0;1.0;0;1.0;0;0;1.0;0;0;0;0;0;1.0;1.0;0;0;0;0;0
887809;2.00;0.91;80.0;3371.0;30.0;82.5;39.0;6.27;17.74;13.92;346.73;347.71;2.82;86830.0;80.0;80.0;51.0;4516.0;1005.98;839.83;6.0;1.0;0;1.0;0;0;1.0;0;0;0;0;0;1.0;1.0;0;0;0;0;0
888349;1.97;0.90;80.0;3384.0;30.0;82.5;38.25;6.27;17.55;13.92;323.90;328.88;2.82;86830.0;79.0;80.0;51.0;4523.0;1005.83;800.77;6.0;1.0;0;1.0;0;0;1.0;0;0;0;0;0;1.0;1.0;0;0;0;0;0
888879;1.84;0.85;80.0;3355.0;30.0;82.5;38.25;5.88;17.24;14.01;298.69;274.16;2.58;86830.0;78.0;80.0;51.0;4504.0;1005.71;78.12;6.0;1.0;0;1.0;0;0;1.0;0;0;0;0;0;1.0;1.0;0;0;0;0;0
889409;2.92;0.99;80.0;3353.0;30.0;82.5;34.5;9.80;22.78;13.92;327.86;278.14;2.82;86830.0;79.0;80.0;51.0;4500.0;1005.71;859.36;6.0;1.0;0;1.0;0;0;1.0;0;0;0;0;0;1.0;1.0;0;0;0;0;0
889989;2.56;0.93;80.0;3399.0;30.0;82.5;36.75;8.62;21.55;13.92;318.67;317.42;2.82;86830.0;79.0;80.0;51.0;4520.0;1005.79;800.77;6.0;1.0;0;1.0;0;0;1.0;0;0;0;0;0;1.0;1.0;0;0;0;0;0
890519;2.28;0.87;80.0;3400.0;30.0;82.5;36.75;7.84;20.67;14.01;317.67;329.15;2.58;86830.0;80.0;80.0;51.0;4509.0;1005.71;117.18;6.0;1.0;0;1.0;0;0;1.0;0;0;0;0;0;1.0;1.0;0;0;0;0;0
891049;2.38;0.92;80.0;3424.0;30.0;82.5;37.5;7.45;20.41;14.01;306.17;337.55;2.58;86830.0;80.0;80.0;51.0;4513.0;1005.59;839.83;6.0;1.0;0;1.0;0;0;1.0;0;0;0;0;0;1.0;1.0;0;0;0;0;0
891579;2.34;0.90;81.0;3420.0;30.0;82.5;37.5;7.84;20.44;14.01;337.12;350.60;2.58;86830.0;80.0;81.0;51.0;4502.0;1005.55;644.52;6.0;1.0;0;1.0;0;0;1.0;0;0;0;0;0;1.0;1.0;0;0;0;0;0
892109;2.62;0.91;81.0;3439.0;30.0;82.5;35.25;9.80;22.67;14.01;344.54;358.37;2.58;86830.0;80.0;81.0;51.0;4518.0;1005.55;58.59;6.0;1.0;0;1.0;0;0;1.0;0;0;0;0;0;1.0;1.0;0;0;0;0;0
892639;2.77;0.96;81.0;3433.0;30.0;82.5;36.0;9.80;22.65;14.01;328.59;362.57;2.58;86830.0;81.0;81.0;51.0;4515.0;1005.44;859.36;6.0;1.0;0;1.0;0;0;1.0;0;0;0;0;0;1.0;1.0;0;0;0;0;0
893169;2.28;0.91;81.0;3445.0;30.0;82.5;37.5;7.45;20.01;14.11;351.28;353.98;2.58;86830.0;81.0;81.0;51.0;4526.0;1005.44;800.77;6.0;1.0;0;1.0;0;0;1.0;0;0;0;0;0;1.0;1.0;0;0;0;0;0
893699;2.17;0.89;81.0;3457.0;30.0;82.5;38.25;7.05;19.44;14.01;347.75;315.76;2.58;86830.0;81.0;82.0;51.0;4517.0;1005.52;664.05;6.0;1.0;0;1.0;0;0;1.0;0;0;0;0;0;1.0;1.0;0;0;0;0;0
894229;1.6;0.89;81.0;3447.0;30.0;82.5;39.0;4.70;14.39;14.01;247.85;281.32;2.58;86830.0;80.0;81.0;51.0;4517.0;1005.40;820.30;6.0;1.0;0;1.0;0;0;1.0;0;0;0;0;0;1.0;1.0;0;0;0;0;0
894769;1.57;0.86;80.0;3395.0;30.0;82.5;39.0;4.70;14.65;14.01;144.26;302.94;2.58;86830.0;80.0;80.0;51.0;4517.0;1005.32;351.55;6.0;1.0;0;1.0;0;0;1.0;0;0;0;0;0;1.0;1.0;0;0;0;0;0
895349;1.56;0.87;78.0;3364.0;30.0;82.5;39.0;4.70;14.38;14.11;174.83;328.57;2.58;86830.0;79.0;79.0;51.0;4509.0;1005.28;136.71;6.0;1.0;0;1.0;0;0;1.0;0;0;0;0;0;1.0;1.0;0;0;0;0;0
895869;0.88;0.90;78.0;3308.0;30.0;82.5;38.25;1.96;8.55;14.01;145.51;285.76;2.58;86830.0;78.0;78.0;51.0;4529.0;1005.24;761.70;6.0;1.0;0;1.0;0;0;1.0;0;0;0;0;0;1.0;1.0;0;0;0;0;0
896449;0.63;1.00;76.0;3222.0;30.0;82.5;-30.0;0;0;14.11;140.90;314.39;2.58;86830.0;76.0;76.0;51.0;4570.0;1005.28;39.06;6.0;1.0;0;1.0;0;0;1.0;0;0;0;0;0;1.0;1.0;0;0;0;0;0
896978;0.68;1.00;73.0;3114.0;30.0;82.5;-30.0;0;0;13.92;218.18;340.48;2.82;86830.0;74.0;73.0;51.0;4581.0;1005.24;0;6.0;1.0;0;1.0;0;0;1.0;0;0;0;0;0;1.0;1.0;0;0;0;0;0
897509;0.69;1.00;71.0;3022.0;30.0;82.5;-30.0;0;0;14.01;273.65;345.83;2.58;86830.0;72.0;71.0;51.0;4586.0;1005.20;0;6.0;1.0;0;1.0;0;0;1.0;0;0;0;0;0;1.0;1.0;0;0;0;0;0
898039;0.71;1.00;67.0;2889.0;30.0;82.5;-30.0;0;0;14.01;300.46;334.45;2.58;86830.0;68.0;68.0;51.0;4595.0;1005.20;0;6.0;1.0;0;1.0;0;0;1.0;0;0;0;0;0;1.0;1.0;0;0;0;0;0
898569;0.73;1.00;65.0;2775.0;30.0;82.5;-30.0;0;0;14.11;309.57;347.59;2.58;86830.0;65.0;65.0;51.0;4611.0;1005.20;0;6.0;1.0;0;1.0;0;0;1.0;0;0;0;0;0;1.0;1.0;0;0;0;0;0
899099;0.79;1.00;62.0;2657.0;30.0;82.5;-30.0;0;0;14.01;338.00;315.58;2.58;86830.0;62.0;63.0;51.0;4602.0;1005.16;0;6.0;1.0;0;1.0;0;0;1.0;0;0;0;0;0;1.0;1.0;0;0;0;0;0
899629;0.86;1.00;57.0;2483.0;30.0;82.5;12.0;0;11.19;14.01;323.26;319.00;2.58;86830.0;58.0;58.0;54.0;4309.0;1005.16;0;6.0;1.0;0;1.0;0;0;1.0;0;0;1.0;0;0;1.0;1.0;0;0;0;0;0
900159;1.0;1.00;52.0;2245.0;30.0;82.5;14.25;0;12.58;14.11;226.74;312.75;2.58;86830.0;53.0;52.0;47.0;4302.0;1005.16;19.53;6.0;1.0;0;1.0;0;0;1.0;0;0;1.0;0;0;1.0;1.0;0;0;0;0;0
900689;1.0;1.00;47.0;2039.0;30.0;82.5;15.0;0;12.52;13.92;152.43;202.40;2.82;86830.0;48.0;48.0;44.0;4446.0;1005.16;39.06;6.0;1.0;0;1.0;0;0;1.0;0;0;1.0;0;0;1.0;1.0;0;0;0;0;0
901219;1.12;1.00;43.0;1846.0;30.0;82.5;15.0;0;12.48;14.11;99.97;140.96;2.58;86830.0;44.0;44.0;44.0;4495.0;1005.16;78.12;6.0;1.0;0;1.0;0;0;1.0;0;0;1.0;0;0;1.0;1.0;0;0;0;0;0
901749;1.08;1.00;41.0;1920.0;30.0;82.5;14.25;0;12.59;14.11;69.93;92.43;2.58;86830.0;41.0;41.0;45.0;4506.0;1005.16;878.89;5.0;1.0;0;1.0;0;0;1.0;0;0;1.0;0;0;1.0;1.0;0;0;0;0;0
902289;1.28;0.99;37.0;1554.0;30.0;82.5;15.0;0;12.54;14.11;48.31;60.60;2.58;86830.0;38.0;38.0;44.0;4492.0;1005.16;839.83;5.0;1.0;0;1.0;0;0;1.0;0;0;1.0;0;0;1.0;1.0;0;0;0;0;0
902819;1.11;1.00;35.0;1857.0;30.0;82.5;14.25;0;12.60;14.20;33.35;44.13;2.58;86830.0;35.0;35.0;44.0;4520.0;1005.16;859.36;4.0;1.0;0;1.0;0;0;1.0;0;0;1.0;0;0;0;1.0;0;0;0;0;0
903349;1.18;0.98;32.0;1684.0;30.0;82.5;15.0;0;12.56;14.20;24.70;31.26;2.58;86830.0;32.0;32.0;45.0;4526.0;1005.16;859.36;4.0;1.0;0;1.0;0;0;1.0;0;0;1.0;0;0;1.0;1.0;0;0;0;0;0
903879;1.32;0.97;28.0;1485.0;30.0;82.5;15.0;0;12.50;14.20;22.20;25.27;2.58;86830.0;29.0;29.0;45.0;4501.0;1005.24;859.36;4.0;1.0;0;1.0;0;0;1.0;0;0;1.0;0;0;1.0;1.0;0;0;0;0;0
904410;1.32;0.95;26.0;1400.0;30.0;82.5;15.0;0;12.47;14.29;18.35;20.27;2.58;86830.0;26.0;27.0;44.0;4524.0;1005.24;820.30;3.0;1.0;0;1.0;0;0;1.0;0;0;1.0;0;0;1.0;1.0;0;0;0;0;0
904939;1.32;0.93;22.0;1420.0;30.0;82.5;15.0;0;12.46;14.29;16.32;18.22;2.58;86830.0;22.0;22.0;44.0;4493.0;1005.20;781.24;3.0;1.0;0;1.0;0;0;1.0;0;0;1.0;0;0;1.0;1.0;0;0;1.0;0;0
905469;1.31;0.92;17.0;1299.0;30.0;82.5;14.25;0;12.43;14.29;12.51;16.85;2.58;86830.0;18.0;17.0;45.0;4500.0;1005.28;488.27;3.0;1.0;0;1.0;0;0;1.0;0;0;1.0;0;0;1.0;1.0;0;0;0;0;0
905999;1.32;0.93;13.0;1292.0;30.0;82.5;13.5;0;12.31;14.39;9.56;12.92;2.31;86830.0;14.0;14.0;45.0;4528.0;1005.36;19.53;3.0;1.0;0;1.0;0;0;1.0;0;0;1.0;0;0;1.0;1.0;0;0;0;0;0
906529;1.39;0.94;12.0;1304.0;30.0;83.25;12.75;0;12.17;14.39;6.54;9.37;2.31;86830.0;13.0;13.0;45.0;4507.0;1005.52;39.06;3.0;1.0;0;1.0;1.0;0;1.0;0;0;1.0;0;0;1.0;1.0;0;0;1.0;0;0
907059;1.38;0.96;12.0;1288.0;30.0;83.25;13.5;0;12.28;14.29;4.98;6.79;2.58;86830.0;12.0;12.0;44.0;4518.0;1005.67;39.06;3.0;1.0;0;1.0;0;0;1.0;0;0;1.0;0;0;1.0;1.0;0;0;0;0;0
907589;1.44;0.97;12.0;1235.0;30.0;83.25;16.5;0;12.78;14.39;3.57;7.40;2.31;86830.0;12.0;12.0;45.0;4514.0;1005.79;58.59;2.0;1.0;0;1.0;0;0;1.0;0;0;1.0;0;0;1.0;1.0;0;0;0;0;0
908119;1.45;0.99;11.0;1325.0;30.0;83.25;13.5;0;12.28;14.29;4.90;5.05;2.58;86830.0;11.0;11.0;44.0;4509.0;1005.98;136.71;2.0;1.0;0;1.0;1.0;0;1.0;0;0;1.0;0;0;1.0;1.0;0;0;1.0;0;0
908649;1.48;0.99;10.0;1289.0;30.75;83.25;13.5;0;12.27;14.20;3.73;3.84;2.58;86830.0;10.0;10.0;45.0;4523.0;1005.95;781.24;0;1.0;0;1.0;0;0;1.0;0;0;1.0;0;0;1.0;1.0;0;0;0;0;0
909179;1.42;0.98;8.0;1251.0;30.75;83.25;15.0;0;12.50;14.39;2.67;2.89;2.31;86830.0;9.0;9.0;45.0;4507.0;1006.06;820.30;1.0;1.0;0;1.0;1.0;0;1.0;0;0;1.0;0;0;1.0;1.0;0;0;1.0;0;0
909739;1.35;0.96;8.0;1334.0;30.75;83.25;13.5;0;12.28;14.39;3.88;1.93;2.31;86830.0;9.0;9.0;44.0;4524.0;1006.14;800.77;1.0;1.0;0;1.0;0;0;1.0;0;0;1.0;0;0;1.0;1.0;0;0;0;0;0
910269;1.38;0.94;7.0;1259.0;30.75;83.25;15.0;0;12.50;14.29;2.77;1.42;2.58;86830.0;8.0;8.0;44.0;4518.0;1006.22;273.43;1.0;1.0;0;1.0;0;0;1.0;0;0;1.0;0;0;1.0;1.0;0;0;0;0;0
910799;1.42;0.95;6.0;1266.0;30.75;83.25;14.25;0;12.37;14.20;9.00;3.08;2.58;86830.0;7.0;7.0;44.0;4510.0;1006.26;58.59;1.0;1.0;0;1.0;0;0;1.0;0;0;1.0;0;0;1.0;1.0;0;0;0;0;0
911329;1.48;0.97;6.0;1194.0;30.75;83.25;19.5;0;13.17;14.29;6.48;2.18;2.58;86830.0;6.0;6.0;44.0;4504.0;1006.30;58.59;1.0;1.0;0;1.0;0;0;1.0;0;0;1.0;0;0;1.0;1.0;0;0;0;0;0
911869;1.45;0.99;5.0;1303.0;30.75;83.25;12.0;0;11.95;14.20;4.66;1.64;2.58;86830.0;5.0;5.0;44.0;4520.0;1006.30;78.12;1.0;1.0;0;1.0;0;0;1.0;0;0;1.0;0;0;1.0;1.0;0;0;0;0;0
912438;1.44;1.00;2.0;1258.0;30.75;83.25;14.25;0;12.33;14.39;8.00;5.44;2.31;86830.0;3.0;3.0;43.0;4518.0;1006.30;429.68;1.0;1.0;0;1.0;0;0;1.0;0;0;1.0;0;0;1.0;1.0;0;0;0;0;0
912969;1.46;1.00;0;1257.0;30.75;83.25;15.0;0;12.40;14.39;14.23;37.98;2.31;86830.0;0;0;43.0;4509.0;1006.34;820.30;1.0;1.0;0;1.0;0;0;1.0;0;0;1.0;0;0;0;1.0;0;0;0;0;0
913498;1.41;0.98;0;1302.0;30.75;83.25;12.0;0;11.86;14.39;15.35;75.63;2.31;86830.0;0;0;42.0;4532.0;1006.34;839.83;1.0;1.0;0;1.0;0;0;1.0;0;0;1.0;0;0;1.0;1.0;0;0;0;0;0
914029;1.36;0.97;0;1239.0;30.75;84.0;15.0;0;12.30;14.29;61.44;123.74;2.58;86830.0;0;0;41.0;4516.0;1006.34;371.08;1.0;1.0;0;1.0;0;0;1.0;0;0;1.0;0;0;1.0;1.0;0;0;0;0;0
914559;1.37;0.98;0;1276.0;30.75;84.0;13.5;0;12.02;14.29;47.16;95.03;2.58;86830.0;0;0;42.0;4515.0;1006.34;156.24;1.0;1.0;0;1.0;0;0;1.0;0;0;1.0;0;0;1.0;1.0;0;0;0;0;0
915139;1.36;0.98;0;1276.0;30.75;84.0;13.5;0;12.02;14.39;88.52;143.62;2.31;86830.0;0;0;42.0;4497.0;1006.34;683.58;1.0;1.0;0;1.0;0;0;1.0;0;0;1.0;0;0;1.0;1.0;0;0;0;0;0
915669;1.40;0.98;0;1264.0;30.75;84.0;14.25;0;12.15;14.29;118.33;162.93;2.58;86830.0;0;0;42.0;4509.0;1006.34;58.59;1.0;1.0;0;1.0;0;0;1.0;0;0;1.0;0;0;1.0;1.0;0;0;0;0;0
916198;1.40;1.00;0;1244.0;30.75;84.0;15.75;0;12.35;14.39;111.41;154.77;2.31;86830.0;0;0;41.0;4506.0;1006.34;703.11;1.0;1.0;0;1.0;0;0;1.0;0;0;1.0;0;0;1.0;1.0;0;0;0;0;0
916728;1.40;0.98;0;1228.0;30.75;84.0;16.5;0;12.49;14.29;105.09;165.65;2.58;86830.0;0;0;41.0;4506.0;1006.34;820.30;1.0;1.0;0;1.0;0;0;1.0;0;0;1.0;0;0;1.0;1.0;0;0;0;0;0
917258;1.48;0.96;0;1170.0;30.75;84.0;22.5;0;12.93;14.39;88.49;150.22;2.31;86830.0;0;0;43.0;4524.0;1006.34;585.93;1.0;1.0;0;1.0;0;0;1.0;0;0;1.0;0;0;1.0;1.0;0;0;0;0;0
917788;1.40;0.97;0;1238.0;30.75;84.0;17.25;0;12.72;14.39;74.97;143.46;2.31;86830.0;0;0;44.0;4511.0;1006.34;58.59;1.0;1.0;0;1.0;0;0;1.0;0;0;1.0;0;0;1.0;1.0;0;0;0;0;0
918318;1.43;0.98;0;1273.0;30.75;84.0;15.0;0;12.42;14.39;54.60;99.17;2.31;86830.0;0;0;45.0;4509.0;1006.34;39.06;1.0;1.0;0;1.0;0;0;1.0;0;0;1.0;0;0;1.0;1.0;0;0;0;0;0
918848;1.44;1.00;0;1237.0;30.75;84.75;15.75;0;12.60;14.39;41.89;76.16;2.31;86830.0;0;0;43.0;4512.0;1006.34;234.37;1.0;1.0;0;1.0;0;0;1.0;0;0;1.0;0;0;1.0;1.0;0;0;0;0;0
919378;1.51;1.00;0;1243.0;30.75;84.75;15.0;0;12.46;14.29;32.14;58.49;2.58;86830.0;0;0;44.0;4512.0;1006.34;859.36;1.0;1.0;0;1.0;0;0;1.0;0;0;1.0;0;0;1.0;1.0;0;0;0;0;0
919919;1.44;0.98;0;1254.0;30.75;84.75;15.0;0;12.47;14.29;22.16;42.59;2.58;86830.0;0;0;44.0;4512.0;1006.34;839.83;1.0;1.0;0;1.0;0;0;1.0;0;0;1.0;0;0;1.0;1.0;0;0;0;0;0
920449;1.47;0.96;0;1214.0;30.75;84.75;18.0;0;13.11;14.29;23.88;35.03;2.58;86830.0;0;0;46.0;4507.0;1006.34;605.46;1.0;1.0;0;1.0;0;0;1.0;0;0;1.0;0;0;1.0;1.0;0;0;0;0;0
920978;1.36;0.97;0;1275.0;30.75;84.75;12.75;0;12.51;14.29;41.91;38.68;2.58;86830.0;0;0;44.0;4506.0;1006.34;39.06;1.0;1.0;0;1.0;1.0;0;1.0;0;0;1.0;0;0;1.0;1.0;0;0;1.0;0;0
921509;1.45;0.98;0;1222.0;30.75;84.75;16.5;0;12.76;14.39;32.30;29.06;2.31;86830.0;0;0;44.0;4521.0;1006.34;39.06;1.0;1.0;0;1.0;0;0;1.0;0;0;1.0;0;0;1.0;1.0;0;0;0;0;0
922039;1.49;0.99;0;1225.0;30.75;84.75;15.75;0;12.54;14.39;38.63;31.20;2.31;86830.0;0;0;42.0;4515.0;1006.34;742.17;1.0;1.0;0;1.0;0;0;1.0;0;0;1.0;0;0;1.0;1.0;0;0;0;0;0
922569;1.40;0.97;0;1235.0;30.75;84.75;15.75;0;12.46;14.29;57.94;75.22;2.58;86830.0;0;0;42.0;4508.0;1006.34;839.83;1.0;1.0;0;1.0;0;0;1.0;0;0;1.0;0;0;1.0;1.0;0;0;0;0;0
923098;1.45;0.96;0;1177.0;30.75;84.75;20.25;0;13.19;14.29;102.78;99.19;2.58;86830.0;0;0;43.0;4544.0;1006.34;410.15;1.0;1.0;0;1.0;0;0;1.0;0;0;1.0;0;0;1.0;1.0;0;0;0;0;0
923629;1.41;0.96;0;1241.0;30.75;84.75;15.75;0;12.50;14.29;105.09;86.94;2.58;86830.0;0;0;43.0;4505.0;1006.34;78.12;1.0;1.0;0;1.0;0;0;1.0;0;0;1.0;0;0;1.0;1.0;0;0;0;0;0
924159;1.41;0.98;0;1266.0;30.75;84.75;14.25;0;12.31;14.29;95.11;73.99;2.58;86830.0;0;0;44.0;4511.0;1006.34;58.59;1.0;1.0;0;1.0;0;0;1.0;0;0;1.0;0;0;1.0;1.0;0;0;0;0;0
924739;1.46;1.00;0;1230.0;30.75;85.5;16.5;0;12.66;14.39;84.09;60.54;2.31;86830.0;0;0;44.0;4508.0;1006.34;78.12;1.0;1.0;0;1.0;0;0;1.0;0;0;1.0;0;0;1.0;1.0;0;0;0;0;0
925269;1.57;1.00;0;1216.0;30.75;85.5;17.25;0;12.78;14.39;80.73;54.09;2.31;86830.0;0;0;43.0;4509.0;1006.34;761.70;1.0;1.0;0;1.0;0;0;1.0;0;0;1.0;0;0;1.0;1.0;0;0;0;0;0
925799;1.40;0.99;0;1268.0;30.75;85.5;13.5;0;12.11;14.39;113.27;77.18;2.31;86830.0;0;0;43.0;4510.0;1006.34;820.30;1.0;1.0;0;1.0;0;0;1.0;0;0;1.0;0;0;1.0;1.0;0;0;0;0;0
926329;1.44;0.97;0;1203.0;30.75;85.5;19.5;0;13.06;14.39;129.30;155.28;2.31;86830.0;0;0;44.0;4507.0;1006.34;175.77;1.0;1.0;0;1.0;0;0;1.0;0;0;1.0;0;0;1.0;1.0;0;0;0;0;0
926859;1.39;0.99;0;1288.0;30.75;85.5;12.0;0;11.82;14.29;160.79;158.75;2.58;86830.0;0;0;42.0;4507.0;1006.34;156.24;1.0;1.0;0;1.0;0;0;1.0;0;0;1.0;0;0;1.0;1.0;0;0;0;0;0
927389;1.44;1.01;0;1279.0;30.75;85.5;12.75;0;11.92;14.39;182.39;180.26;2.31;86830.0;0;0;41.0;4518.0;1006.34;449.21;1.0;1.0;0;1.0;0;0;1.0;0;0;1.0;0;0;1.0;1.0;0;0;0;0;0
927919;1.48;1.00;0;1221.0;30.75;85.5;17.25;0;12.71;14.39;190.02;162.05;2.31;86830.0;0;0;42.0;4512.0;1006.34;839.83;1.0;1.0;0;1.0;0;0;1.0;0;0;1.0;0;0;1.0;1.0;0;0;0;0;0
928508;1.39;0.98;0;1243.0;30.75;85.5;15.0;0;12.03;14.20;182.95;165.00;2.58;86830.0;0;0;41.0;4505.0;1006.34;820.30;1.0;1.0;0;1.0;0;0;1.0;0;0;1.0;0;0;1.0;1.0;0;0;0;0;0
929079;1.40;0.96;0;1226.0;30.75;85.5;16.5;0;12.52;14.39;165.67;148.46;2.31;86830.0;0;0;42.0;4514.0;1006.34;468.74;1.0;1.0;0;1.0;0;0;1.0;0;0;1.0;0;0;1.0;1.0;0;0;0;0;0
929609;1.44;0.97;0;1211.0;30.75;85.5;18.0;0;12.84;14.39;159.57;129.38;2.31;86830.0;0;0;43.0;4508.0;1006.34;58.59;1.0;1.0;0;1.0;0;0;1.0;0;0;1.0;0;0;1.0;1.0;0;0;0;0;0
930138;1.40;0.99;0;1253.0;30.75;85.5;15.0;0;12.29;14.29;145.02;113.76;2.58;86830.0;0;0;43.0;4499.0;1006.34;58.59;1.0;1.0;0;1.0;0;0;1.0;0;0;1.0;0;0;1.0;1.0;0;0;0;0;0
930669;1.56;1.00;0;1207.0;30.75;85.5;18.0;0;12.88;14.39;141.59;109.19;2.31;86830.0;0;0;43.0;4516.0;1006.34;624.99;1.0;1.0;0;1.0;0;0;1.0;0;0;1.0;0;0;1.0;1.0;0;0;0;0;0
931199;1.41;0.99;0;1263.0;30.75;85.5;14.25;0;12.23;14.20;153.40;119.11;2.58;86830.0;0;0;43.0;4516.0;1006.34;859.36;1.0;1.0;0;1.0;0;0;1.0;0;0;1.0;0;0;1.0;1.0;0;0;0;0;0
931729;1.44;0.97;0;1223.0;30.75;85.5;17.25;0;12.74;14.29;178.03;168.56;2.58;86830.0;0;0;43.0;4513.0;1006.34;761.70;1.0;1.0;0;1.0;1.0;0;1.0;0;0;1.0;0;0;1.0;1.0;0;0;1.0;0;0
932389;1.33;0.96;0;1271.0;30.75;85.5;13.5;0;12.09;14.29;221.41;189.69;2.58;86830.0;0;0;43.0;4514.0;1006.34;78.12;1.0;1.0;0;1.0;0;0;1.0;0;0;1.0;0;0;1.0;1.0;0;0;0;0;0
932919;1.44;0.98;0;1209.0;30.75;85.5;18.0;0;12.85;14.39;237.56;237.32;2.31;86830.0;0;0;42.0;4509.0;1006.34;58.59;1.0;1.0;0;1.0;0;0;1.0;0;0;1.0;0;0;1.0;1.0;0;0;0;0;0
933481;1.50;0.99;0;1256.0;30.75;85.5;14.25;0;12.24;14.29;235.18;195.20;2.58;86830.0;0;0;43.0;4510.0;1006.34;742.17;1.0;1.0;0;1.0;0;0;1.0;0;0;1.0;0;0;1.0;1.0;0;0;0;0;0
934010;4.08;1.00;0;1435.0;30.75;85.5;11.25;5.49;24.26;14.20;250.53;210.57;2.58;86830.0;0;0;56.0;4459.0;1006.34;937.48;1.0;1.0;0;1.0;0;0;1.0;0;0;1.0;0;0;1.0;1.0;0;0;0;0;0
934540;3.87;1.00;0;1985.0;30.75;85.5;18.0;8.23;27.69;14.20;159.57;139.75;2.58;86830.0;0;0;49.0;4566.0;1006.34;898.42;1.0;1.0;0;1.0;0;0;1.0;0;0;1.0;0;0;1.0;1.0;0;0;0;0;0
935120;3.71;0.98;11.0;1906.0;30.75;85.5;14.25;8.62;28.43;14.20;104.64;96.59;2.58;86830.0;11.0;11.0;49.0;4519.0;1006.34;839.83;1.0;1.0;0;1.0;0;0;1.0;0;0;1.0;0;0;1.0;1.0;0;0;0;0;0
935650;4.13;0.99;20.0;2192.0;30.75;86.25;16.5;12.55;31.60;14.11;61.73;54.05;2.58;86830.0;20.0;20.0;49.0;4404.0;1006.34;898.42;1.0;1.0;0;1.0;0;0;1.0;0;0;1.0;0;0;1.0;1.0;0;0;0;0;0
936211;3.34;0.94;27.0;2976.0;30.75;86.25;29.25;12.55;27.73;14.01;34.50;31.83;2.58;86830.0;26.0;27.0;49.0;4522.0;1006.34;781.24;1.0;1.0;0;1.0;0;0;1.0;0;0;1.0;0;0;1.0;1.0;0;0;0;0;0
936741;3.87;0.98;33.0;3652.0;30.75;86.25;30.0;17.25;30.42;14.01;14.76;12.90;2.58;86830.0;32.0;33.0;49.0;4584.0;1006.34;820.30;1.0;1.0;0;1.0;0;0;1.0;0;0;1.0;0;0;1.0;1.0;0;0;0;0;0
937271;0.23;1.00;36.0;3829.0;30.75;86.25;41.25;0.78;4.56;13.92;6.60;5.46;2.82;86830.0;36.0;37.0;49.0;4453.0;1006.34;898.42;0;1.0;0;1.0;0;0;1.0;0;0;1.0;0;0;1.0;1.0;0;0;0;0;0
937802;5.01;1.00;42.0;3336.0;30.75;86.25;21.75;22.35;35.65;14.01;2.89;3.71;2.58;86830.0;41.0;43.0;49.0;4491.0;1006.26;878.89;2.0;1.0;0;1.0;0;0;1.0;0;0;1.0;0;0;1.0;1.0;0;0;0;0;0
938329;5.41;0.98;48.0;3841.0;30.75;86.25;19.5;27.06;39.97;14.01;1.95;1.34;2.58;86830.0;48.0;49.0;49.0;4623.0;1006.22;624.99;2.0;1.0;0;1.0;0;0;1.0;0;0;1.0;0;0;1.0;1.0;0;0;0;0;0
938864;5.24;1.01;55.0;4255.0;30.75;86.25;21.75;27.06;38.95;13.92;4.08;0.42;2.82;86830.0;53.0;55.0;49.0;4664.0;1006.26;234.37;2.0;1.0;0;1.0;0;0;1.0;0;0;1.0;0;0;1.0;1.0;0;0;0;0;0
939441;2.72;1.00;58.0;4107.0;30.75;86.25;40.5;7.84;15.89;13.92;2.49;2.55;2.82;86830.0;58.0;59.0;49.0;4394.0;1006.06;878.89;2.0;1.0;0;1.0;0;0;1.0;0;0;1.0;0;0;1.0;1.0;0;0;0;0;0
939971;3.45;0.94;63.0;3900.0;30.75;86.25;35.25;14.51;27.77;13.92;2.01;0.82;2.82;86830.0;62.0;64.0;49.0;4470.0;1006.10;878.89;3.0;1.0;0;1.0;0;0;1.0;0;0;1.0;0;0;1.0;1.0;0;0;0;0;0
940501;4.63;0.98;67.0;4138.0;30.75;86.25;27.0;22.35;35.78;13.92;0.76;1.91;2.82;86830.0;66.0;68.0;49.0;4635.0;1006.10;800.77;3.0;1.0;0;1.0;0;0;1.0;0;0;1.0;0;0;1.0;1.0;0;0;0;0;0
941030;5.15;1.02;72.0;4418.0;30.75;86.25;24.75;26.27;37.50;14.01;2.12;0.54;2.58;86830.0;70.0;72.0;49.0;4545.0;1006.06;820.30;3.0;1.0;0;1.0;0;0;1.0;0;0;1.0;0;0;1.0;1.0;0;0;0;0;0
941561;5.28;1.01;76.0;4629.0;30.75;86.25;24.0;30.59;38.63;13.92;2.10;0.07;2.82;86830.0;74.0;76.0;49.0;4497.0;1005.95;683.58;3.0;1.0;0;1.0;0;0;1.0;0;0;0;0;0;1.0;1.0;0;0;0;0;0
942090;5.20;1.00;77.0;4030.0;30.75;86.25;25.5;23.53;35.99;14.01;0.66;0;2.58;86830.0;76.0;77.0;49.0;4542.0;1005.87;859.36;4.0;1.0;0;1.0;0;0;1.0;0;0;0;0;0;1.0;1.0;0;0;0;0;0
942620;4.69;0.94;78.0;4124.0;30.75;86.25;24.0;24.70;37.33;13.92;2.22;0;2.82;86830.0;78.0;79.0;49.0;4595.0;1005.87;97.65;4.0;1.0;0;1.0;0;0;1.0;0;0;0;0;0;1.0;1.0;0;0;0;0;0
943150;5.49;1.03;82.0;4291.0;30.75;86.25;21.0;28.23;38.27;14.01;0.74;0;2.58;86830.0;82.0;83.0;49.0;4543.0;1006.02;722.64;4.0;1.0;0;1.0;0;0;1.0;0;0;0;0;0;1.0;1.0;0;0;0;0;0
943680;5.22;1.03;86.0;4442.0;30.75;86.25;24.0;27.45;37.05;14.01;1.11;0;2.58;86830.0;84.0;86.0;49.0;4480.0;1005.91;781.24;4.0;1.0;0;1.0;0;0;1.0;0;0;0;0;0;1.0;1.0;0;0;0;0;0
944220;0.10;1.00;87.0;4195.0;30.75;86.25;42.0;0;4.25;13.92;0.29;0;2.82;86830.0;86.0;87.0;49.0;4347.0;1005.83;898.42;4.0;1.0;0;1.0;0;0;1.0;0;0;0;0;0;1.0;1.0;0;0;0;0;0
944790;4.89;1.00;88.0;4080.0;30.75;86.25;26.25;22.74;35.38;14.01;2.08;0.89;2.58;86830.0;87.0;89.0;49.0;4590.0;1005.71;761.70;5.0;1.0;0;1.0;0;0;1.0;0;0;0;0;0;1.0;1.0;0;0;0;0;0
945330;6.05;1.00;92.0;4253.0;30.75;86.25;18.0;32.94;41.25;14.01;0.56;0.19;2.58;86830.0;89.0;92.0;49.0;4557.0;1005.63;390.62;5.0;1.0;0;1.0;0;0;1.0;0;0;0;0;0;1.0;1.0;0;0;0;0;0
945900;6.28;0.99;93.0;4292.0;30.75;86.25;18.0;36.08;43.61;14.11;0.11;0;2.58;86830.0;92.0;94.0;49.0;4522.0;1005.55;605.46;5.0;1.0;0;1.0;0;0;1.0;0;0;0;0;0;1.0;1.0;0;0;0;0;0
946430;0;1.00;95.0;4913.0;30.75;86.25;42.75;0;4.10;14.01;0;2.42;2.58;86830.0;95.0;96.0;49.0;4472.0;1005.63;898.42;5.0;1.0;0;1.0;0;0;1.0;0;0;0;0;0;1.0;1.0;0;0;0;0;0
946960;4.31;0.97;96.0;4069.0;30.75;86.25;28.5;21.17;33.57;13.92;0;0.87;2.82;86830.0;96.0;97.0;49.0;4578.0;1005.48;136.71;6.0;1.0;0;1.0;0;0;1.0;0;0;0;0;0;1.0;1.0;0;0;0;0;0
947490;4.55;1.02;98.0;4175.0;30.75;86.25;28.5;21.17;33.56;14.01;0;0.25;2.58;86830.0;98.0;99.0;49.0;4535.0;1005.59;800.77;6.0;1.0;0;1.0;0;0;1.0;0;0;0;0;0;1.0;1.0;0;0;0;0;0
948020;4.50;1.01;100.0;4199.0;30.75;86.25;28.5;21.57;33.64;14.01;0;0;2.58;86830.0;99.0;100.0;49.0;4515.0;1005.44;605.46;6.0;1.0;0;1.0;0;0;1.0;0;0;0;0;0;1.0;1.0;0;0;0;0;0
948550;4.46;1.02;100.0;4271.0;30.75;85.5;29.25;21.17;32.80;14.11;0;0;2.58;86830.0;99.0;101.0;49.0;4524.0;1005.44;683.58;6.0;1.0;0;1.0;0;0;1.0;0;0;0;0;0;1.0;1.0;0;0;0;0;0
949080;4.12;0.99;102.0;4322.0;30.75;85.5;30.75;20.39;31.81;13.92;1.07;0.83;2.82;86830.0;100.0;102.0;49.0;4480.0;1005.48;722.64;6.0;1.0;0;1.0;0;0;1.0;0;0;0;0;0;1.0;1.0;0;0;0;0;0
949620;3.95;0.98;102.0;4307.0;30.0;85.5;33.0;19.21;30.73;14.01;0.31;1.60;2.58;86831.0;101.0;102.0;49.0;4512.0;1005.48;703.11;6.0;1.0;0;1.0;0;0;1.0;0;0;0;0;0;1.0;1.0;0;0;0;0;0
950151;3.50;0.97;102.0;4319.0;30.0;85.5;36.75;15.68;27.43;14.01;0;1.60;2.58;86831.0;102.0;103.0;49.0;4503.0;1005.44;488.27;6.0;1.0;0;1.0;0;0;1.0;0;0;0;0;0;1.0;1.0;0;0;0;0;0
950680;3.00;1.00;102.0;4330.0;30.0;85.5;39.75;11.37;23.34;14.01;0.83;2.48;2.58;86831.0;102.0;103.0;49.0;4484.0;1005.40;820.30;6.0;1.0;0;1.0;0;0;1.0;0;0;0;0;0;1.0;1.0;0;0;0;0;0
951211;3.24;0.97;102.0;4346.0;30.0;85.5;38.25;14.51;25.78;14.11;1.91;0.83;2.58;86831.0;100.0;103.0;49.0;4516.0;1005.40;78.12;6.0;1.0;0;1.0;0;0;1.0;0;0;0;0;0;1.0;1.0;0;0;0;0;0
951741;3.54;1.04;102.0;4356.0;30.0;84.75;38.25;14.51;26.12;14.01;24.19;37.06;2.58;86831.0;101.0;103.0;50.0;4523.0;1005.40;761.70;6.0;1.0;0;1.0;0;0;1.0;0;0;0;0;0;1.0;1.0;0;0;0;0;0
952271;3.14;1.00;102.0;4369.0;30.0;84.75;39.0;12.55;24.20;14.01;139.81;136.18;2.58;86831.0;102.0;102.0;50.0;4512.0;1005.48;839.83;6.0;1.0;0;1.0;0;0;1.0;0;0;0;0;0;1.0;1.0;0;0;0;0;0
952800;2.70;0.92;102.0;4328.0;30.0;84.75;40.5;10.98;22.58;14.01;185.88;188.67;2.58;86831.0;101.0;102.0;50.0;4493.0;1005.36;195.31;6.0;1.0;0;1.0;0;0;1.0;0;0;0;0;0;1.0;1.0;0;0;0;0;0
953330;2.67;1.00;102.0;4298.0;30.0;84.75;42.0;9.41;20.91;13.92;173.15;213.83;2.82;86831.0;101.0;102.0;50.0;4498.0;1005.36;859.36;6.0;1.0;0;1.0;0;0;1.0;0;0;0;0;0;1.0;1.0;0;0;0;0;0
953860;2.32;0.95;101.0;4276.0;30.0;84.75;43.5;8.23;19.23;14.11;158.93;179.51;2.58;86831.0;100.0;101.0;50.0;4495.0;1005.40;546.86;6.0;1.0;0;1.0;0;0;1.0;0;0;0;0;0;1.0;1.0;0;0;0;0;0
954390;2.28;0.96;100.0;4243.0;30.0;84.75;44.25;7.84;18.55;14.01;155.90;160.18;2.58;86831.0;99.0;100.0;50.0;4490.0;1005.32;781.24;6.0;1.0;0;1.0;0;0;1.0;0;0;0;0;0;1.0;1.0;0;0;0;0;0
954920;2.15;0.93;100.0;4212.0;30.0;84.0;45.0;7.45;18.13;14.01;152.09;192.42;2.58;86831.0;98.0;100.0;50.0;4512.0;1005.28;644.52;6.0;1.0;0;1.0;0;0;1.0;0;0;0;0;0;1.0;1.0;0;0;0;0;0
955450;3.04;0.94;98.0;4193.0;30.0;84.0;39.75;11.76;23.90;14.01;252.97;279.29;2.58;86831.0;98.0;99.0;50.0;4560.0;1005.24;156.24;6.0;1.0;0;1.0;0;0;1.0;0;0;0;0;0;1.0;1.0;0;0;0;0;0
955980;3.42;1.03;98.0;4213.0;30.0;84.0;37.5;13.72;25.75;14.01;314.68;324.82;2.58;86831.0;98.0;99.0;50.0;4559.0;1005.20;800.77;6.0;1.0;0;1.0;0;0;1.0;0;0;0;0;0;1.0;1.0;0;0;0;0;0
956510;3.56;1.03;100.0;4203.0;30.0;84.0;36.75;14.90;26.80;14.01;323.82;345.25;2.58;86831.0;99.0;100.0;50.0;4525.0;1005.20;722.64;6.0;1.0;0;1.0;0;0;1.0;0;0;0;0;0;1.0;1.0;0;0;0;0;0
957041;3.56;1.02;100.0;4236.0;30.0;84.0;36.75;14.90;26.68;14.01;331.40;342.04;2.58;86831.0;99.0;100.0;50.0;4515.0;1005.20;742.17;6.0;1.0;0;1.0;0;0;1.0;0;0;0;0;0;1.0;1.0;0;0;0;0;0
957619;3.44;1.01;100.0;4278.0;30.0;83.25;37.5;14.51;25.95;14.01;335.13;348.31;2.58;86831.0;99.0;101.0;51.0;4511.0;1005.16;253.90;6.0;1.0;0;1.0;0;0;1.0;0;0;0;0;0;1.0;1.0;0;0;0;0;0
958149;3.48;1.02;101.0;4294.0;30.0;83.25;36.75;14.51;26.18;14.01;318.16;322.85;2.58;86831.0;99.0;101.0;51.0;4507.0;1005.16;234.37;6.0;1.0;0;1.0;0;0;1.0;0;0;0;0;0;1.0;1.0;0;0;0;0;0
958681;3.54;1.06;100.0;4302.0;30.0;83.25;37.5;14.11;25.72;14.11;292.67;314.43;2.58;86831.0;99.0;101.0;51.0;4516.0;1005.16;839.83;6.0;1.0;0;1.0;0;0;1.0;0;0;0;0;0;1.0;1.0;0;0;0;0;0
959212;3.38;1.00;101.0;4274.0;30.0;83.25;37.5;14.11;25.94;14.11;267.97;277.83;2.58;86831.0;100.0;101.0;51.0;4493.0;1005.36;742.17;6.0;1.0;0;1.0;0;0;1.0;0;0;0;0;0;1.0;1.0;0;0;0;0;0
959740;3.36;1.00;101.0;4267.0;30.0;83.25;37.5;13.72;25.74;13.92;247.99;260.56;2.82;86831.0;100.0;101.0;51.0;4512.0;1005.36;273.43;6.0;1.0;0;1.0;0;0;1.0;0;0;0;0;0;1.0;1.0;0;0;0;0;0
960271;3.43;1.04;101.0;4313.0;30.0;83.25;38.25;13.72;25.38;14.01;211.31;282.81;2.58;86831.0;100.0;101.0;51.0;4521.0;1005.32;761.70;6.0;1.0;0;1.0;0;0;1.0;0;0;0;0;0;1.0;1.0;0;0;0;0;0
960353;3.36;1.02;101.0;4308.0;30.0;82.5;38.25;13.72;25.41;14.01;206.90;240.94;2.58;86831.0;100.0;102.0;51.0;4509.0;1005.32;722.64;6.0;1.0;0;1.0;0;0;1.0;0;0;0;0;0;1.0;1.0;0;0;0;0;0
960933;3.35;1.01;101.0;4288.0;30.0;82.5;38.25;13.72;25.29;14.01;246.74;271.19;2.58;86831.0;100.0;101.0;51.0;4498.0;1005.40;781.24;6.0;1.0;0;1.0;0;0;1.0;0;0;0;0;0;1.0;1.0;0;0;0;0;0
961454;3.25;1.00;101.0;4321.0;30.0;82.5;38.25;13.33;25.02;14.01;322.30;308.82;2.58;86831.0;101.0;102.0;51.0;4502.0;1005.40;683.58;6.0;1.0;0;1.0;0;0;1.0;0;0;0;0;0;1.0;1.0;0;0;0;0;0
961993;3.21;0.99;101.0;4321.0;30.0;82.5;38.25;13.33;25.02;14.01;342.49;343.63;2.58;86831.0;100.0;102.0;51.0;4507.0;1005.48;195.31;6.0;1.0;0;1.0;0;0;1.0;0;0;0;0;0;1.0;1.0;0;0;0;0;0
962523;3.76;1.00;102.0;4314.0;30.0;82.5;36.75;15.68;27.10;13.92;350.75;316.21;2.82;86831.0;101.0;102.0;51.0;4529.0;1005.55;703.11;6.0;1.0;0;1.0;0;0;1.0;0;0;0;0;0;1.0;1.0;0;0;0;0;0
963053;3.63;0.99;102.0;4310.0;30.0;82.5;35.25;16.08;27.89;14.01;324.95;338.88;2.58;86831.0;102.0;102.0;51.0;4515.0;1005.48;273.43;6.0;1.0;0;1.0;0;0;1.0;0;0;0;0;0;0;1.0;0;0;0;0;0
963607;3.36;0.99;102.0;4348.0;30.0;82.5;37.5;14.51;25.94;14.01;344.47;345.64;2.58;86831.0;101.0;103.0;51.0;4498.0;1005.44;800.77;6.0;1.0;0;1.0;0;0;1.0;0;0;0;0;0;1.0;1.0;0;0;0;0;0
964183;4.24;1.01;102.0;4342.0;30.0;82.5;35.25;17.25;28.29;13.92;326.03;312.44;2.82;86831.0;101.0;103.0;51.0;4519.0;1005.36;195.31;6.0;1.0;0;1.0;0;0;1.0;0;0;0;0;0;1.0;1.0;0;0;0;0;0
964713;4.10;1.04;103.0;4405.0;30.0;81.75;33.75;18.82;29.82;14.01;196.70;161.33;2.58;86831.0;102.0;104.0;52.0;4517.0;1005.28;761.70;6.0;1.0;0;1.0;0;0;1.0;0;0;0;0;0;1.0;1.0;0;0;0;0;0
965244;3.38;1.02;103.0;4398.0;30.0;81.75;37.5;15.29;26.45;14.01;61.65;50.52;2.58;86831.0;102.0;104.0;52.0;4495.0;1005.24;800.77;6.0;1.0;0;1.0;0;0;1.0;0;0;0;0;0;1.0;1.0;0;0;0;0;0
965772;3.60;1.01;105.0;4416.0;30.0;81.75;36.75;15.68;26.71;13.92;23.78;21.91;2.82;86831.0;102.0;105.0;52.0;4506.0;1005.24;820.30;6.0;1.0;0;1.0;0;0;1.0;0;0;0;0;0;1.0;1.0;0;0;0;0;0
966302;3.96;1.00;105.0;4455.0;30.0;81.75;33.75;19.61;29.94;14.01;8.63;9.35;2.58;86831.0;103.0;105.0;52.0;4502.0;1005.28;781.24;6.0;1.0;0;1.0;0;0;1.0;0;0;0;0;0;1.0;1.0;0;0;0;0;0
966832;4.03;1.01;105.0;4495.0;30.0;81.75;33.0;20.00;30.15;14.01;4.92;3.32;2.58;86831.0;104.0;105.0;52.0;4515.0;1005.32;761.70;6.0;1.0;0;1.0;0;0;1.0;0;0;0;0;0;1.0;1.0;0;0;0;0;0
967373;3.96;1.01;106.0;4496.0;30.0;81.75;33.75;19.61;29.75;13.92;3.33;0.93;2.82;86831.0;105.0;106.0;52.0;4499.0;1005.40;800.77;6.0;1.0;0;1.0;0;0;1.0;0;0;0;0;0;1.0;1.0;0;0;0;0;0
967903;3.86;0.97;106.0;4486.0;30.0;81.75;33.0;20.00;30.34;14.01;2.89;1.34;2.58;86831.0;104.0;106.0;52.0;4514.0;1005.32;722.64;6.0;1.0;0;1.0;0;0;1.0;0;0;0;0;0;1.0;1.0;0;0;0;0;0
968437;3.32;0.98;106.0;4481.0;30.0;81.75;38.25;14.90;25.92;14.01;2.30;3.26;2.58;86831.0;105.0;106.0;52.0;4502.0;1005.28;664.05;6.0;1.0;0;1.0;0;0;1.0;0;0;0;0;0;1.0;1.0;0;0;0;0;0
969565;3.13;0.97;105.0;4482.0;30.0;81.75;39.75;13.33;24.64;13.92;1.62;2.28;2.82;86831.0;104.0;106.0;52.0;4516.0;1005.32;800.77;6.0;1.0;0;1.0;0;0;1.0;0;0;0;0;0;1.0;1.0;0;0;0;0;0
970165;2.53;0.95;105.0;4421.0;30.0;81.75;43.5;9.41;20.77;13.92;1.46;0.58;2.82;86831.0;103.0;105.0;52.0;4503.0;1005.24;722.64;6.0;1.0;0;1.0;0;0;1.0;0;0;0;0;0;1.0;1.0;0;0;0;0;0
970697;1.96;0.91;103.0;4369.0;30.0;81.75;45.75;7.05;16.94;13.92;0.44;0.09;2.82;86831.0;102.0;103.0;52.0;4489.0;1005.24;136.71;6.0;1.0;0;1.0;0;0;1.0;0;0;0;0;0;1.0;1.0;0;0;0;0;0
971228;1.85;0.94;101.0;4284.0;30.0;81.75;46.5;6.27;15.50;14.01;0;0;2.58;86831.0;101.0;102.0;52.0;4478.0;1005.20;820.30;6.0;1.0;0;1.0;0;0;1.0;0;0;0;0;0;1.0;1.0;0;0;0;0;0
971755;1.96;0.90;100.0;4245.0;30.0;81.75;45.0;7.05;16.92;14.01;2.08;0;2.58;86831.0;99.0;100.0;52.0;4502.0;1005.20;58.59;6.0;1.0;0;1.0;0;0;1.0;0;0;0;0;0;1.0;1.0;0;0;0;0;0
972295;0.44;1.00;97.0;3993.0;30.0;81.75;42.0;0;4.39;14.01;0.68;0.83;2.58;86831.0;98.0;98.0;52.0;4347.0;1005.20;19.53;6.0;1.0;0;1.0;0;0;1.0;0;0;0;0;0;1.0;1.0;0;0;0;0;0
972845;2.21;1.00;95.0;4511.0;30.0;81.75;47.25;6.66;15.09;14.01;0.13;1.19;2.58;86831.0;95.0;96.0;52.0;4329.0;1005.16;859.36;5.0;1.0;0;1.0;0;0;1.0;0;0;0;0;0;1.0;1.0;0;0;0;0;0
973425;2.44;0.95;95.0;4324.0;30.0;81.0;43.5;8.62;19.92;14.01;0;0.33;2.58;86831.0;94.0;95.0;52.0;4502.0;1005.13;683.58;5.0;1.0;0;1.0;0;0;1.0;0;0;0;0;0;1.0;1.0;0;0;0;0;0
973955;2.39;0.95;95.0;4362.0;30.0;81.0;43.5;8.62;19.84;14.01;0;0.93;2.58;86831.0;92.0;95.0;52.0;4535.0;1005.05;39.06;5.0;1.0;0;1.0;0;0;1.0;0;0;0;0;0;1.0;1.0;0;0;0;0;0
974485;3.00;1.01;95.0;4380.0;30.0;81.0;42.0;10.58;21.91;14.01;1.97;1.19;2.58;86831.0;93.0;95.0;52.0;4527.0;1005.13;820.30;5.0;1.0;0;1.0;0;0;1.0;0;0;0;0;0;1.0;1.0;0;0;0;0;0
975015;3.76;0.98;93.0;4326.0;30.0;81.0;34.5;17.25;29.06;14.01;0.64;2.05;2.58;86831.0;93.0;94.0;52.0;4542.0;1004.97;703.11;5.0;1.0;0;1.0;0;0;1.0;0;0;0;0;0;1.0;1.0;0;0;0;0;0
975555;3.71;1.00;95.0;4345.0;30.0;81.0;34.5;17.25;28.66;14.01;2.20;1.44;2.58;86831.0;92.0;95.0;52.0;4533.0;1004.89;742.17;5.0;1.0;0;1.0;0;0;1.0;0;0;0;0;0;1.0;1.0;0;0;0;0;0
976076;4.22;1.03;95.0;4333.0;30.0;81.0;32.25;20.00;31.55;14.01;0.68;2.14;2.58;86831.0;92.0;95.0;52.0;4529.0;1004.89;703.11;5.0;1.0;0;1.0;0;0;1.0;0;0;0;0;0;1.0;1.0;0;0;0;0;0
976605;5.45;1.00;95.0;4363.0;30.0;81.0;22.5;29.41;38.94;14.01;0.17;0.76;2.58;86831.0;92.0;96.0;52.0;4511.0;1004.81;429.68;5.0;1.0;0;1.0;0;0;1.0;0;0;0;0;0;1.0;1.0;0;0;0;0;0
977146;5.96;1.03;96.0;4399.0;29.25;81.0;21.0;32.94;41.03;13.92;0;0.11;2.82;86831.0;93.0;96.0;52.0;4509.0;1004.77;781.24;5.0;1.0;0;1.0;0;0;1.0;0;0;0;0;0;1.0;1.0;0;0;0;0;0
977715;4.65;1.01;95.0;4388.0;29.25;81.0;27.75;23.92;34.81;14.01;0;3.04;2.58;86831.0;93.0;96.0;52.0;4519.0;1004.81;371.08;5.0;1.0;0;1.0;0;0;1.0;0;0;0;0;0;1.0;1.0;0;0;0;0;0
978245;4.76;1.04;95.0;4376.0;29.25;81.0;28.5;23.53;34.94;14.01;0;2.03;2.58;86831.0;93.0;95.0;52.0;4531.0;1004.66;742.17;5.0;1.0;0;1.0;0;0;1.0;0;0;0;0;0;1.0;1.0;0;0;0;0;0
978775;4.79;1.04;95.0;4384.0;29.25;81.0;28.5;23.53;34.57;14.01;0.83;2.61;2.58;86831.0;93.0;95.0;52.0;4518.0;1004.58;703.11;5.0;1.0;0;1.0;0;0;1.0;0;0;0;0;0;1.0;1.0;0;0;0;0;0
979305;4.25;1.01;96.0;4399.0;29.25;81.0;30.75;21.57;32.45;13.92;0.23;0.89;2.82;86831.0;94.0;96.0;52.0;4503.0;1004.46;820.30;5.0;1.0;0;1.0;0;0;1.0;0;0;0;0;0;1.0;1.0;0;0;0;0;0
979846;2.80;1.00;95.0;4379.0;29.25;81.0;41.25;11.37;22.89;13.92;1.66;0.19;2.82;86831.0;94.0;95.0;52.0;4485.0;1004.34;859.36;5.0;1.0;0;1.0;0;0;1.0;0;0;0;0;0;1.0;1.0;0;0;0;0;0
980385;2.72;0.92;95.0;4359.0;29.25;81.0;41.25;11.37;22.82;14.11;1.69;0;2.58;86831.0;93.0;95.0;52.0;4506.0;1004.27;214.84;5.0;1.0;0;1.0;0;0;1.0;0;0;0;0;0;1.0;1.0;0;0;0;0;0
980955;2.64;0.98;95.0;4363.0;29.25;81.0;42.75;9.80;21.09;13.92;2.12;0.64;2.82;86831.0;93.0;95.0;52.0;4494.0;1004.27;839.83;5.0;1.0;0;1.0;0;0;1.0;0;0;0;0;0;1.0;1.0;0;0;0;0;0
981496;2.34;0.92;93.0;4325.0;29.25;81.0;43.5;8.62;19.92;14.11;0.70;1.50;2.58;86831.0;91.0;94.0;52.0;4491.0;1004.19;97.65;5.0;1.0;0;1.0;0;0;1.0;0;0;0;0;0;1.0;1.0;0;0;0;0;0
982016;2.32;0.95;92.0;4226.0;29.25;81.0;44.25;8.23;19.09;14.01;1.48;1.56;2.58;86831.0;91.0;93.0;52.0;4489.0;1004.15;761.70;5.0;1.0;0;1.0;0;0;1.0;0;0;0;0;0;1.0;1.0;0;0;0;0;0
982545;2.13;0.93;92.0;4235.0;29.25;81.0;45.0;7.45;18.03;14.01;0.50;0.48;2.58;86831.0;90.0;92.0;52.0;4501.0;1004.07;156.24;5.0;1.0;0;1.0;0;0;1.0;0;0;0;0;0;1.0;1.0;0;0;0;0;0
983075;2.12;0.95;90.0;4157.0;29.25;81.0;45.0;7.05;17.51;13.92;0.07;0.09;2.82;86831.0;89.0;91.0;52.0;4464.0;1004.03;839.83;5.0;1.0;0;1.0;0;0;1.0;0;0;0;0;0;1.0;1.0;0;0;0;0;0
983605;2.74;0.91;90.0;4129.0;29.25;81.0;39.75;10.98;23.14;14.01;0;0;2.58;86831.0;88.0;90.0;52.0;4528.0;1003.99;78.12;5.0;1.0;0;1.0;0;0;1.0;0;0;0;0;0;1.0;1.0;0;0;0;0;0
984135;3.80;1.03;90.0;4147.0;29.25;81.0;33.75;16.08;28.42;14.01;1.07;1.38;2.58;86831.0;88.0;90.0;52.0;4578.0;1003.95;820.30;5.0;1.0;0;1.0;0;0;1.0;0;0;0;0;0;1.0;1.0;0;0;0;0;0
984665;3.78;1.03;90.0;4117.0;29.25;81.0;34.5;16.08;28.20;14.01;0.33;0.44;2.58;86831.0;88.0;90.0;52.0;4527.0;1003.72;820.30;5.0;1.0;0;1.0;0;0;1.0;0;0;0;0;0;1.0;1.0;0;0;0;0;0
985195;3.70;1.01;90.0;4145.0;29.25;81.0;34.5;16.08;28.26;14.11;1.05;0.05;2.58;86831.0;87.0;90.0;52.0;4515.0;1003.60;820.30;5.0;1.0;0;1.0;0;0;1.0;0;0;0;0;0;1.0;1.0;0;0;0;0;0
985725;4.78;0.99;90.0;4168.0;29.25;81.0;26.25;23.53;36.33;13.92;1.42;1.38;2.82;86832.0;87.0;90.0;52.0;4551.0;1003.64;78.12;5.0;1.0;0;1.0;0;0;1.0;0;0;0;0;0;1.0;1.0;0;0;0;0;0
986255;6.05;1.00;90.0;4171.0;29.25;81.75;18.75;31.76;41.70;13.92;0.46;0.41;2.82;86832.0;88.0;91.0;52.0;4535.0;1003.33;39.06;5.0;1.0;0;1.0;0;0;1.0;0;0;0;0;0;1.0;1.0;0;0;0;0;0
986785;6.27;1.07;91.0;4192.0;29.25;81.75;19.5;31.76;42.07;14.11;3.65;1.79;2.58;86832.0;89.0;91.0;52.0;4549.0;1003.48;839.83;5.0;1.0;0;1.0;0;0;1.0;0;0;0;0;0;1.0;1.0;0;0;0;0;0
987315;5.85;1.05;92.0;4265.0;29.25;81.75;21.0;30.19;40.09;14.01;3.41;4.17;2.58;86832.0;91.0;93.0;52.0;4507.0;1003.56;664.05;5.0;1.0;0;1.0;0;0;1.0;0;0;0;0;0;1.0;1.0;0;0;0;0;0
987855;5.43;1.01;95.0;4360.0;29.25;81.75;22.5;29.41;38.87;13.92;1.19;1.50;2.82;86832.0;93.0;95.0;52.0;4487.0;1003.37;742.17;5.0;1.0;0;1.0;0;0;1.0;0;0;0;0;0;1.0;1.0;0;0;0;0;0
988386;5.28;1.00;96.0;4425.0;29.25;81.75;23.25;29.41;38.68;14.01;0.33;0.46;2.58;86832.0;95.0;96.0;52.0;4500.0;1003.25;820.30;5.0;1.0;0;1.0;0;0;1.0;0;0;0;0;0;1.0;1.0;0;0;0;0;0
988916;5.00;1.02;97.0;4509.0;29.25;81.75;25.5;27.45;36.95;14.01;0;0.93;2.58;86832.0;96.0;98.0;52.0;4482.0;1003.21;820.30;5.0;1.0;0;1.0;0;0;1.0;0;0;0;0;0;1.0;1.0;0;0;0;0;0
989446;4.55;0.98;98.0;4535.0;29.25;81.75;29.25;25.49;34.63;14.01;0;0.25;2.58;86832.0;97.0;99.0;52.0;4486.0;1003.09;742.17;5.0;1.0;0;1.0;0;0;1.0;0;0;0;0;0;1.0;1.0;0;0;0;0;0
989976;4.17;0.97;100.0;4581.0;29.25;81.75;31.5;22.74;32.32;14.01;0;0;2.58;86832.0;98.0;100.0;52.0;4504.0;1002.98;800.77;5.0;1.0;0;1.0;0;0;1.0;0;0;0;0;0;1.0;1.0;0;0;0;0;0
990506;3.41;0.92;100.0;4542.0;29.25;81.75;36.0;18.04;28.29;14.01;0.60;0;2.58;86832.0;99.0;100.0;52.0;4499.0;1002.86;742.17;5.0;1.0;0;1.0;0;0;1.0;0;0;0;0;0;1.0;1.0;0;0;0;0;0
991036;3.36;0.93;100.0;4582.0;29.25;81.75;36.0;17.64;27.53;13.92;0.11;1.30;2.82;86832.0;98.0;100.0;52.0;4517.0;1002.74;703.11;5.0;1.0;0;1.0;0;0;1.0;0;0;0;0;0;1.0;1.0;0;0;0;0;0
991566;3.42;0.95;100.0;4575.0;29.25;81.75;37.5;17.25;27.44;14.01;0.82;0.35;2.58;86832.0;98.0;100.0;52.0;4520.0;1002.66;664.05;5.0;1.0;0;1.0;0;0;1.0;0;0;0;0;0;1.0;1.0;0;0;0;0;0
992116;4.18;0.97;100.0;4590.0;29.25;81.75;33.0;21.57;30.94;14.01;0.83;1.34;2.58;86832.0;98.0;100.0;52.0;4521.0;1002.51;195.31;5.0;1.0;0;1.0;0;0;1.0;0;0;0;0;0;1.0;1.0;0;0;0;0;0
992656;4.35;1.02;100.0;4605.0;29.25;81.75;32.25;23.13;32.11;14.01;1.09;1.97;2.58;86832.0;99.0;100.0;52.0;4503.0;1002.35;683.58;5.0;1.0;0;1.0;0;0;1.0;0;0;0;0;0;1.0;1.0;0;0;0;0;0
993185;4.17;0.99;100.0;4628.0;29.25;81.75;32.25;22.74;31.82;14.01;1.42;2.57;2.58;86832.0;99.0;100.0;52.0;4512.0;1002.23;546.86;5.0;1.0;0;1.0;0;0;1.0;0;0;0;0;0;1.0;1.0;0;0;0;0;0
993716;4.13;0.97;101.0;4607.0;30.0;81.75;32.25;22.74;31.96;14.01;0.29;0.66;2.58;86832.0;99.0;101.0;52.0;4516.0;1002.16;742.17;5.0;1.0;0;1.0;0;0;1.0;0;0;0;0;0;1.0;1.0;0;0;0;0;0
994246;4.19;0.99;101.0;4621.0;30.0;81.75;32.25;22.74;31.86;14.11;1.60;0.13;2.58;86832.0;99.0;101.0;52.0;4511.0;1002.00;820.30;5.0;1.0;0;1.0;0;0;1.0;0;0;0;0;0;1.0;1.0;0;0;0;0;0
994776;4.51;1.01;101.0;4658.0;30.0;81.75;30.0;25.10;33.30;13.92;0.46;0;2.82;86832.0;100.0;102.0;52.0;4504.0;1002.00;195.31;5.0;1.0;0;1.0;0;0;1.0;0;0;0;0;0;1.0;1.0;0;0;0;0;0
995306;4.84;1.05;102.0;4699.0;30.0;81.75;29.25;26.66;34.47;14.01;0;1.97;2.58;86832.0;100.0;102.0;52.0;4517.0;1001.88;781.24;5.0;1.0;0;1.0;0;0;1.0;0;0;0;0;0;1.0;1.0;0;0;0;0;0
995836;3.36;1.00;100.0;4655.0;30.0;81.75;40.5;13.33;23.77;13.92;2.08;0.60;2.82;86832.0;100.0;101.0;52.0;4520.0;1001.88;859.36;6.0;1.0;0;1.0;0;0;1.0;0;0;0;0;0;1.0;1.0;0;0;0;0;0
996386;5.26;1.00;101.0;4288.0;30.0;81.75;27.0;24.31;35.58;14.01;2.79;1.07;2.58;86832.0;99.0;101.0;52.0;4577.0;1001.92;664.05;6.0;1.0;0;1.0;0;0;1.0;0;0;0;0;0;1.0;1.0;0;0;0;0;0
996926;5.59;1.03;101.0;4291.0;30.0;81.75;23.25;29.02;39.51;14.01;0.74;1.11;2.58;86832.0;100.0;102.0;52.0;4535.0;1001.77;644.52;6.0;1.0;0;1.0;0;0;1.0;0;0;0;0;0;1.0;1.0;0;0;0;0;0
997456;5.30;1.03;102.0;4339.0;30.0;81.75;24.0;27.45;37.64;14.01;1.11;0.31;2.58;86832.0;101.0;103.0;52.0;4533.0;1001.69;761.70;6.0;1.0;0;1.0;0;0;1.0;0;0;0;0;0;1.0;1.0;0;0;0;0;0
997996;4.05;1.00;102.0;4349.0;30.0;82.5;32.25;20.00;31.52;14.11;76.63;123.76;2.58;86832.0;101.0;103.0;51.0;4476.0;1001.61;820.30;6.0;1.0;0;1.0;0;0;1.0;0;0;0;0;0;1.0;1.0;0;0;0;0;0
998566;3.44;0.93;102.0;4341.0;30.0;82.5;34.5;17.25;28.46;14.01;203.22;203.77;2.58;86832.0;101.0;103.0;51.0;4504.0;1001.34;351.55;6.0;1.0;0;1.0;0;0;1.0;0;0;0;0;0;1.0;1.0;0;0;0;0;0
999148;3.4;1.00;102.0;4363.0;30.0;82.5;38.25;14.90;26.22;14.01;247.21;253.47;2.58;86832.0;101.0;103.0;51.0;4499.0;1001.22;839.83;6.0;1.0;0;1.0;0;0;1.0;0;0;0;0;0;1.0;1.0;0;0;0;0;0
999676;2.27;0.97;102.0;4320.0;30.0;82.5;45.0;7.84;18.30;13.92;279.90;239.39;2.82;86832.0;101.0;102.0;51.0;4450.0;1001.14;859.36;6.0;1.0;0;1.0;0;0;1.0;0;0;0;0;0;1.0;1.0;0;0;0;0;0
1000206;1.70;0.93;101.0;4277.0;30.0;82.5;46.5;5.88;14.38;14.01;229.34;234.57;2.58;86832.0;100.0;101.0;51.0;4431.0;1001.06;839.83;6.0;1.0;0;1.0;0;0;1.0;0;0;0;0;0;1.0;1.0;0;0;0;0;0
1000736;2.22;0.87;100.0;4211.0;30.0;82.5;43.5;8.62;19.75;14.01;210.55;185.74;2.58;86832.0;98.0;100.0;51.0;4528.0;1000.83;78.12;6.0;1.0;0;1.0;0;0;1.0;0;0;0;0;0;1.0;1.0;0;0;0;0;0
1001266;2.56;0.94;97.0;4147.0;30.0;82.5;41.25;9.80;21.30;13.82;154.16;160.69;2.82;86832.0;97.0;98.0;51.0;4514.0;1000.63;97.65;6.0;1.0;0;1.0;0;0;1.0;0;0;0;0;0;1.0;1.0;0;0;0;0;0
1001796;3.04;1.01;97.0;4098.0;30.0;82.5;39.0;11.37;23.41;13.92;210.08;193.28;2.82;86832.0;96.0;97.0;51.0;4528.0;1000.71;781.24;6.0;1.0;0;1.0;0;0;1.0;0;0;0;0;0;1.0;1.0;0;0;0;0;0
1002326;3.34;0.99;96.0;4102.0;30.0;82.5;36.75;13.72;25.98;14.01;242.15;250.15;2.58;86832.0;96.0;97.0;51.0;4548.0;1000.63;429.68;6.0;1.0;0;1.0;0;0;1.0;0;0;0;0;0;1.0;1.0;0;0;0;0;0
1002856;3.40;1.01;96.0;4083.0;30.0;82.5;36.75;14.11;26.04;13.92;312.53;290.00;2.82;86832.0;95.0;96.0;51.0;4527.0;1000.55;527.33;6.0;1.0;0;1.0;0;0;1.0;0;0;0;0;0;1.0;1.0;0;0;0;0;0
1003386;3.52;1.04;96.0;4064.0;30.0;82.5;36.75;14.11;25.96;14.01;329.27;304.12;2.58;86832.0;95.0;96.0;51.0;4516.0;1000.48;761.70;6.0;1.0;0;1.0;0;0;1.0;0;0;0;0;0;1.0;1.0;0;0;0;0;0
1003916;3.31;0.99;96.0;4059.0;30.0;82.5;36.75;13.72;25.86;13.92;324.45;264.88;2.82;86832.0;95.0;96.0;51.0;4490.0;1000.36;664.05;6.0;1.0;0;1.0;0;0;1.0;0;0;0;0;0;1.0;1.0;0;0;0;0;0
1004446;3.80;1.01;95.0;4040.0;30.0;82.5;33.75;16.86;28.73;14.11;234.88;304.16;2.58;86832.0;95.0;95.0;51.0;4541.0;1000.32;742.17;6.0;1.0;0;1.0;0;0;1.0;0;0;0;0;0;1.0;1.0;0;0;0;0;0
1004976;3.64;1.01;96.0;4062.0;29.25;82.5;34.5;15.68;27.63;14.11;305.35;230.27;2.58;86832.0;94.0;96.0;51.0;4516.0;1000.28;742.17;6.0;1.0;0;1.0;0;0;1.0;0;0;0;0;0;1.0;1.0;0;0;0;0;0
1005506;3.57;1.00;95.0;4046.0;29.25;82.5;36.0;15.29;27.34;13.92;241.03;240.53;2.82;86832.0;95.0;96.0;51.0;4498.0;1000.24;664.05;6.0;1.0;0;1.0;0;0;1.0;0;0;0;0;0;1.0;1.0;0;0;0;0;0
1006036;3.47;0.98;95.0;4014.0;29.25;82.5;36.0;15.29;26.98;13.92;219.30;226.11;2.82;86832.0;94.0;95.0;51.0;4519.0;1000.24;703.11;6.0;1.0;0;1.0;0;0;1.0;0;0;0;0;0;1.0;1.0;0;0;0;0;0
1006579;3.50;1.00;96.0;4069.0;29.25;82.5;36.0;15.29;27.10;14.11;160.47;229.53;2.58;86832.0;94.0;96.0;51.0;4539.0;1000.24;703.11;6.0;1.0;0;1.0;0;0;1.0;0;0;0;0;0;1.0;1.0;0;0;0;0;0
1007106;3.14;0.99;96.0;4083.0;29.25;82.5;38.25;12.15;24.60;13.92;172.07;179.85;2.82;86832.0;95.0;97.0;51.0;4506.0;1000.20;761.70;6.0;1.0;0;1.0;0;0;1.0;0;0;0;0;0;1.0;1.0;0;0;0;0;0
1007636;2.69;0.91;96.0;4056.0;29.25;82.5;39.75;10.98;22.92;14.01;168.38;172.19;2.58;86832.0;94.0;96.0;51.0;4476.0;1000.20;117.18;6.0;1.0;0;1.0;0;0;1.0;0;0;0;0;0;1.0;1.0;0;0;0;0;0
1008166;3.62;0.97;95.0;4055.0;29.25;82.5;36.0;14.90;26.17;13.92;227.75;192.83;2.82;86832.0;94.0;96.0;51.0;4498.0;1000.20;761.70;6.0;1.0;0;1.0;0;0;1.0;0;0;0;0;0;1.0;1.0;0;0;0;0;0
1008696;3.86;1.01;96.0;4058.0;29.25;82.5;33.0;17.25;29.39;13.92;256.19;295.64;2.82;86832.0;94.0;96.0;51.0;4570.0;1000.20;800.77;6.0;1.0;0;1.0;0;0;1.0;0;0;0;0;0;1.0;1.0;0;0;0;0;0
1009226;3.78;1.01;95.0;4032.0;29.25;82.5;33.75;16.86;28.85;14.01;326.22;301.91;2.58;86832.0;94.0;95.0;51.0;4499.0;1000.20;761.70;6.0;1.0;0;1.0;0;0;1.0;0;0;0;0;0;1.0;1.0;0;0;0;0;0
1009756;3.81;1.02;96.0;4089.0;29.25;82.5;33.0;16.47;28.79;14.11;250.15;330.23;2.58;86832.0;94.0;96.0;51.0;4515.0;1000.05;781.24;6.0;1.0;0;1.0;0;0;1.0;0;0;0;0;0;1.0;1.0;0;0;0;0;0
1010286;3.75;1.01;96.0;4062.0;29.25;82.5;33.75;16.47;28.40;13.92;286.27;281.27;2.82;86832.0;95.0;96.0;51.0;4532.0;1000.05;683.58;6.0;1.0;0;1.0;0;0;1.0;0;0;0;0;0;1.0;1.0;0;0;0;0;0
1010816;3.73;1.01;96.0;4081.0;29.25;82.5;34.5;16.08;28.12;14.01;285.02;253.34;2.58;86832.0;95.0;96.0;51.0;4527.0;1000.01;214.84;6.0;1.0;0;1.0;0;0;1.0;0;0;0;0;0;1.0;1.0;0;0;0;0;0
1011345;3.77;1.04;96.0;4128.0;29.25;82.5;34.5;15.68;27.95;13.92;236.41;223.18;2.82;86832.0;95.0;97.0;51.0;4527.0;999.93;683.58;6.0;1.0;0;1.0;0;0;1.0;0;0;0;0;0;1.0;1.0;0;0;0;0;0
1011876;4.00;1.03;97.0;4115.0;29.25;82.5;33.0;16.86;29.35;14.11;192.39;222.77;2.58;86832.0;96.0;97.0;51.0;4531.0;999.77;781.24;6.0;1.0;0;1.0;0;0;1.0;0;0;0;0;0;1.0;1.0;0;0;0;0;0
1012406;3.88;1.00;97.0;4126.0;29.25;82.5;33.0;16.86;29.32;14.01;174.57;227.05;2.58;86832.0;97.0;98.0;51.0;4519.0;999.62;722.64;6.0;1.0;0;1.0;0;0;1.0;0;0;0;0;0;1.0;1.0;0;0;0;0;0
1012936;4.11;1.01;98.0;4148.0;29.25;82.5;31.5;18.82;31.16;14.11;170.45;217.19;2.58;86832.0;97.0;98.0;51.0;4548.0;999.42;703.11;6.0;1.0;0;1.0;0;0;1.0;0;0;0;0;0;1.0;1.0;0;0;0;0;0
1013476;3.42;0.98;98.0;4197.0;29.25;82.5;36.75;14.90;26.78;14.01;190.31;219.00;2.58;86832.0;98.0;99.0;51.0;4498.0;999.30;664.05;6.0;1.0;0;1.0;0;0;1.0;0;0;0;0;0;1.0;1.0;0;0;0;0;0
1014016;3.58;1.02;98.0;4190.0;29.25;82.5;36.75;14.51;26.68;14.11;225.41;257.03;2.58;86832.0;98.0;99.0;51.0;4512.0;999.19;683.58;6.0;1.0;0;1.0;0;0;1.0;0;0;0;0;0;1.0;1.0;0;0;0;0;0
1014536;3.47;1.03;100.0;4250.0;29.25;82.5;37.5;14.51;25.89;13.92;288.32;315.40;2.82;86832.0;98.0;100.0;51.0;4518.0;999.11;781.24;6.0;1.0;0;1.0;0;0;1.0;0;0;0;0;0;1.0;1.0;0;0;0;0;0
1015066;3.40;1.02;101.0;4282.0;29.25;82.5;37.5;14.11;25.79;13.92;328.39;336.20;2.82;86832.0;98.0;101.0;51.0;4511.0;999.07;664.05;6.0;1.0;0;1.0;0;0;1.0;0;0;0;0;0;1.0;1.0;0;0;0;0;0
1015596;4.13;0.99;101.0;4269.0;29.25;82.5;32.25;19.21;30.91;14.01;338.29;353.80;2.58;86832.0;99.0;101.0;51.0;4552.0;999.11;97.65;6.0;1.0;0;1.0;0;0;1.0;0;0;0;0;0;1.0;1.0;0;0;0;0;0
1016126;3.65;1.03;101.0;4272.0;29.25;82.5;36.75;15.68;27.31;14.01;311.52;335.11;2.58;86832.0;99.0;101.0;51.0;4510.0;999.11;703.11;6.0;1.0;0;1.0;0;0;1.0;0;0;0;0;0;1.0;1.0;0;0;0;0;0
1016656;3.24;1.01;100.0;4256.0;29.25;82.5;38.25;12.94;24.85;14.11;329.72;326.69;2.58;86832.0;99.0;101.0;51.0;4496.0;999.15;820.30;6.0;1.0;0;1.0;0;0;1.0;0;0;0;0;0;1.0;1.0;0;0;0;0;0
1017186;2.67;0.96;100.0;4219.0;29.25;82.5;41.25;9.80;21.67;14.01;278.53;315.09;2.58;86832.0;98.0;100.0;51.0;4468.0;999.15;722.64;6.0;1.0;0;1.0;0;0;1.0;0;0;0;0;0;1.0;1.0;0;0;0;0;0
1017716;3.84;1.00;100.0;4250.0;29.25;82.5;33.75;16.86;28.93;14.01;270.86;298.65;2.58;86832.0;98.0;100.0;51.0;4542.0;999.07;136.71;6.0;1.0;0;1.0;0;0;1.0;0;0;0;0;0;1.0;1.0;0;0;0;0;0
1018256;3.53;1.02;101.0;4253.0;29.25;82.5;36.75;14.90;26.52;14.01;215.51;291.99;2.58;86832.0;99.0;101.0;51.0;4528.0;999.03;527.33;6.0;1.0;0;1.0;0;0;1.0;0;0;0;0;0;1.0;1.0;0;0;0;0;0
1018786;3.33;1.00;101.0;4305.0;29.25;82.5;38.25;14.11;25.66;14.01;187.89;235.06;2.58;86832.0;99.0;102.0;51.0;4502.0;999.07;234.37;6.0;1.0;0;1.0;0;0;1.0;0;0;0;0;0;1.0;1.0;0;0;0;0;0
1019316;3.39;1.02;102.0;4340.0;29.25;82.5;38.25;14.11;25.53;14.11;220.74;219.30;2.58;86832.0;100.0;102.0;51.0;4506.0;999.03;351.55;6.0;1.0;0;1.0;0;0;1.0;0;0;0;0;0;1.0;1.0;0;0;0;0;0
1019846;3.94;1.02;102.0;4357.0;29.25;82.5;33.75;18.43;29.35;14.01;273.57;239.88;2.58;86832.0;100.0;103.0;51.0;4518.0;999.07;800.77;6.0;1.0;0;1.0;0;0;1.0;0;0;0;0;0;1.0;1.0;0;0;0;0;0
1020375;4.08;1.02;102.0;4350.0;29.25;82.5;33.0;19.61;30.48;14.01;327.55;313.43;2.58;86832.0;100.0;103.0;51.0;4525.0;998.95;800.77;6.0;1.0;0;1.0;0;0;1.0;0;0;0;0;0;1.0;1.0;0;0;0;0;0
1020906;4.32;1.03;102.0;4360.0;29.25;82.5;31.5;20.78;31.70;14.01;344.58;320.72;2.58;86832.0;100.0;103.0;51.0;4512.0;998.91;781.24;6.0;1.0;0;1.0;0;0;1.0;0;0;0;0;0;1.0;1.0;0;0;0;0;0
1021436;4.25;1.04;101.0;4303.0;29.25;82.5;32.25;20.00;31.17;14.01;349.37;342.81;2.58;86832.0;100.0;102.0;51.0;4512.0;998.84;761.70;6.0;1.0;0;1.0;0;0;1.0;0;0;0;0;0;1.0;1.0;0;0;0;0;0
1021966;4.24;1.03;101.0;4263.0;29.25;82.5;32.25;19.61;31.29;14.01;331.79;347.12;2.58;86833.0;100.0;101.0;51.0;4518.0;998.80;566.39;6.0;1.0;0;1.0;0;0;1.0;0;0;0;0;0;1.0;1.0;0;0;0;0;0
1022497;4.16;1.02;101.0;4306.0;29.25;82.5;32.25;19.61;30.83;14.01;336.18;330.15;2.58;86833.0;100.0;102.0;51.0;4513.0;998.72;664.05;6.0;1.0;0;1.0;0;0;1.0;0;0;0;0;0;1.0;1.0;0;0;0;0;0
1023036;4.12;1.02;102.0;4334.0;29.25;82.5;33.0;19.61;30.67;14.01;315.56;321.32;2.58;86833.0;101.0;102.0;51.0;4515.0;998.56;371.08;6.0;1.0;0;1.0;0;0;1.0;0;0;0;0;0;1.0;1.0;0;0;0;0;0
1023566;4.46;1.05;102.0;4364.0;29.25;82.5;31.5;21.17;32.09;14.01;298.65;291.05;2.58;86833.0;101.0;103.0;51.0;4517.0;998.60;839.83;6.0;1.0;0;1.0;0;0;1.0;0;0;0;0;0;1.0;1.0;0;0;0;0;0
1024096;3.82;0.98;103.0;4377.0;29.25;82.5;33.75;19.21;29.94;13.92;249.76;288.77;2.82;86833.0;102.0;103.0;51.0;4499.0;998.52;722.64;6.0;1.0;0;1.0;0;0;1.0;0;0;0;0;0;1.0;1.0;0;0;0;0;0
1024626;4.52;1.00;103.0;4401.0;29.25;82.5;31.5;21.57;32.13;14.11;206.35;275.47;2.58;86833.0;102.0;104.0;51.0;4526.0;998.48;585.93;6.0;1.0;0;1.0;0;0;1.0;0;0;0;0;0;1.0;1.0;0;0;0;0;0
1025156;4.44;1.00;105.0;4430.0;29.25;82.5;29.25;23.13;33.30;14.01;273.34;306.71;2.58;86833.0;103.0;105.0;51.0;4522.0;998.41;703.11;6.0;1.0;0;1.0;0;0;1.0;0;0;0;0;0;1.0;1.0;0;0;0;0;0
1025686;4.00;1.01;103.0;4383.0;29.25;82.5;32.25;20.39;31.27;14.01;262.01;304.49;2.58;86833.0;104.0;104.0;51.0;4510.0;998.37;820.30;6.0;1.0;0;1.0;0;0;1.0;0;0;0;0;0;1.0;1.0;0;0;0;0;0
1026215;3.58;0.95;105.0;4415.0;29.25;82.5;34.5;18.04;28.65;14.11;322.06;339.11;2.58;86833.0;103.0;105.0;51.0;4490.0;998.33;742.17;6.0;1.0;0;1.0;0;0;1.0;0;0;0;0;0;1.0;1.0;0;0;0;0;0
1026755;3.17;0.94;105.0;4428.0;29.25;82.5;38.25;14.90;25.92;14.11;324.78;350.71;2.58;86833.0;103.0;105.0;51.0;4505.0;998.29;742.17;6.0;1.0;0;1.0;0;0;1.0;0;0;0;0;0;1.0;1.0;0;0;0;0;0
1027325;3.24;0.98;103.0;4398.0;29.25;82.5;39.0;14.11;25.33;14.01;344.64;350.56;2.58;86833.0;103.0;104.0;51.0;4516.0;998.21;722.64;6.0;1.0;0;1.0;0;0;1.0;0;0;0;0;0;1.0;1.0;0;0;0;0;0
1027856;3.18;0.98;103.0;4368.0;29.25;82.5;39.0;13.72;25.06;14.01;346.16;346.61;2.58;86833.0;102.0;104.0;51.0;4511.0;998.21;312.49;6.0;1.0;0;1.0;0;0;1.0;0;0;0;0;0;1.0;1.0;0;0;0;0;0
1028386;3.64;1.01;102.0;4385.0;29.25;82.5;36.75;16.08;27.16;14.01;332.18;329.74;2.58;86833.0;102.0;103.0;51.0;4522.0;998.17;585.93;6.0;1.0;0;1.0;0;0;1.0;0;0;0;0;0;1.0;1.0;0;0;0;0;0
1028926;3.65;1.02;102.0;4379.0;29.25;82.5;36.75;16.08;27.41;14.11;259.20;336.85;2.58;86833.0;102.0;103.0;51.0;4523.0;998.13;527.33;6.0;1.0;0;1.0;0;0;1.0;0;0;0;0;0;1.0;1.0;0;0;0;0;0
1029456;3.63;1.03;102.0;4395.0;29.25;82.5;36.75;16.08;26.95;13.92;225.78;315.33;2.82;86833.0;102.0;103.0;51.0;4519.0;998.17;800.77;6.0;1.0;0;1.0;0;0;1.0;0;0;0;0;0;1.0;1.0;0;0;0;0;0
1029986;3.52;1.01;102.0;4368.0;29.25;82.5;37.5;15.29;26.71;14.01;163.11;310.54;2.58;86833.0;101.0;103.0;51.0;4503.0;998.02;722.64;6.0;1.0;0;1.0;0;0;1.0;0;0;0;0;0;1.0;1.0;0;0;0;0;0
1030526;3.27;1.01;101.0;4325.0;29.25;82.5;38.25;13.33;24.95;14.01;154.18;252.75;2.58;86833.0;100.0;102.0;51.0;4501.0;997.82;722.64;6.0;1.0;0;1.0;0;0;1.0;0;0;0;0;0;1.0;1.0;0;0;0;0;0
1031056;3.32;0.99;100.0;4248.0;29.25;82.5;38.25;13.72;25.07;13.92;214.75;235.14;2.82;86833.0;99.0;101.0;51.0;4494.0;997.78;312.49;6.0;1.0;0;1.0;0;0;1.0;0;0;0;0;0;1.0;1.0;0;0;0;0;0
1031584;3.95;1.02;101.0;4276.0;29.25;82.5;33.0;17.64;29.45;14.01;295.91;290.04;2.58;86833.0;98.0;101.0;51.0;4533.0;997.43;781.24;6.0;1.0;0;1.0;0;0;1.0;0;0;0;0;0;1.0;1.0;0;0;0;0;0
1032185;3.25;1.00;98.0;4195.0;29.25;82.5;37.5;14.11;25.95;13.92;318.02;334.19;2.82;86833.0;97.0;99.0;51.0;4489.0;997.51;800.77;6.0;1.0;0;1.0;0;0;1.0;0;0;0;0;0;1.0;1.0;0;0;0;0;0
1032715;2.56;0.93;97.0;4100.0;29.25;82.5;41.25;9.80;21.34;14.11;330.19;349.31;2.58;86833.0;96.0;97.0;51.0;4420.0;997.43;546.86;6.0;1.0;0;1.0;0;0;1.0;0;0;0;0;0;1.0;1.0;0;0;0;0;0
1033295;1.88;0.94;95.0;4042.0;29.25;82.5;45.0;6.27;15.70;14.11;326.87;266.15;2.58;86833.0;94.0;95.0;51.0;4400.0;997.12;859.36;6.0;1.0;0;1.0;0;0;1.0;0;0;0;0;0;1.0;1.0;0;0;0;0;0
1033825;1.98;0.90;93.0;3940.0;29.25;82.5;43.5;7.05;17.21;14.01;348.86;165.73;2.58;86833.0;92.0;93.0;51.0;4455.0;996.92;742.17;6.0;1.0;0;1.0;0;0;1.0;0;0;0;0;0;1.0;1.0;0;0;0;0;0
1034355;0.67;1.00;90.0;3211.0;29.25;82.5;-30.0;0.39;0;14.11;304.27;231.43;2.58;86833.0;90.0;91.0;51.0;4513.0;996.80;19.53;5.0;1.0;0;1.0;0;0;1.0;0;0;0;0;0;1.0;1.0;0;0;0;0;0
1034885;0.58;1.00;87.0;3956.0;29.25;82.5;41.25;0;4.41;14.01;335.54;239.45;2.58;86833.0;87.0;87.0;51.0;4245.0;996.69;839.83;5.0;1.0;0;1.0;0;0;1.0;0;0;0;0;0;1.0;1.0;0;0;0;0;0
1035426;0.54;1.00;82.0;3813.0;29.25;82.5;-30.0;0;0;14.01;254.59;291.25;2.58;86833.0;83.0;83.0;51.0;4281.0;996.65;0;5.0;1.0;0;1.0;0;0;1.0;0;0;0;0;0;1.0;1.0;0;0;0;0;0
1035955;0.63;1.00;80.0;3344.0;29.25;82.5;40.5;0;10.59;14.01;253.18;220.63;2.58;86833.0;80.0;79.0;51.0;4355.0;996.61;58.59;4.0;1.0;0;1.0;0;0;1.0;0;0;0;0;0;1.0;1.0;0;0;0;0;0
1036486;0.71;1.00;76.0;3810.0;29.25;82.5;43.5;1.17;5.36;14.01;208.59;220.59;2.58;86833.0;76.0;75.0;51.0;4214.0;996.57;19.53;4.0;1.0;0;1.0;0;0;1.0;0;0;0;0;0;1.0;1.0;0;0;0;0;0
1037015;0.92;1.00;72.0;3714.0;29.25;82.5;42.75;1.96;6.79;14.11;194.42;223.44;2.58;86833.0;72.0;72.0;51.0;4321.0;996.53;878.89;4.0;1.0;0;1.0;0;0;1.0;0;0;0;0;0;1.0;1.0;0;0;0;0;0
1037545;1.40;0.98;71.0;3678.0;29.25;82.5;42.0;3.92;11.04;13.92;233.83;243.85;2.82;86833.0;71.0;71.0;51.0;4436.0;996.53;878.89;4.0;1.0;0;1.0;0;0;1.0;0;0;0;0;0;1.0;1.0;0;0;0;0;0
1038075;2.64;0.98;71.0;3694.0;29.25;82.5;39.75;8.23;20.03;14.01;260.13;308.98;2.58;86833.0;69.0;71.0;51.0;4495.0;996.53;878.89;4.0;1.0;0;1.0;0;0;1.0;0;0;0;0;0;1.0;1.0;0;0;0;0;0
1038606;3.47;0.99;71.0;3712.0;29.25;82.5;33.75;14.90;26.70;14.01;297.44;332.40;2.58;86833.0;69.0;72.0;51.0;4562.0;996.49;761.70;4.0;1.0;0;1.0;0;0;1.0;0;0;0;0;0;1.0;1.0;0;0;0;0;0
1039146;3.60;0.98;72.0;3748.0;29.25;82.5;31.5;16.47;27.84;14.11;310.95;343.23;2.58;86833.0;70.0;72.0;51.0;4542.0;996.49;820.30;4.0;1.0;0;1.0;0;0;1.0;0;0;0;0;0;1.0;1.0;0;0;0;0;0
1039676;5.46;1.00;73.0;3797.0;29.25;82.5;21.75;26.27;37.96;14.01;312.63;331.99;2.58;86833.0;71.0;73.0;51.0;4561.0;996.49;683.58;4.0;1.0;0;1.0;0;0;1.0;0;0;0;0;0;1.0;1.0;0;0;0;0;0
1040206;5.71;1.03;75.0;3898.0;29.25;82.5;19.5;29.41;40.16;14.01;309.64;313.45;2.58;86833.0;73.0;75.0;51.0;4578.0;996.49;703.11;4.0;1.0;0;1.0;0;0;1.0;0;0;0;0;0;1.0;1.0;0;0;0;0;0
1040736;4.50;1.00;76.0;3937.0;29.25;82.5;27.0;22.35;34.50;14.01;260.76;317.53;2.58;86833.0;74.0;76.0;51.0;4532.0;996.41;781.24;4.0;1.0;0;1.0;0;0;1.0;0;0;0;0;0;1.0;1.0;0;0;0;0;0
1041266;4.45;0.99;76.0;3972.0;29.25;82.5;27.0;21.96;34.04;14.01;192.85;283.61;2.58;86833.0;75.0;77.0;51.0;4524.0;996.14;371.08;4.0;1.0;0;1.0;0;0;1.0;0;0;0;0;0;1.0;1.0;0;0;0;0;0
1041796;4.48;1.00;78.0;4065.0;29.25;82.5;27.75;21.96;34.04;14.11;245.64;147.70;2.58;86833.0;77.0;79.0;51.0;4580.0;995.95;683.58;4.0;1.0;0;1.0;0;0;1.0;0;0;0;0;0;1.0;1.0;0;0;0;0;0
1042336;4.42;1.01;81.0;4201.0;29.25;82.5;28.5;21.17;33.17;14.11;156.41;144.40;2.58;86833.0;78.0;81.0;51.0;4550.0;995.75;800.77;4.0;1.0;0;1.0;0;0;1.0;0;0;0;0;0;1.0;1.0;0;0;0;0;0
1042866;5.33;1.00;81.0;4244.0;29.25;82.5;22.5;27.45;38.65;14.11;184.05;231.17;2.58;86833.0;80.0;82.0;51.0;4520.0;995.59;78.12;4.0;1.0;0;1.0;0;0;1.0;0;0;0;0;0;1.0;1.0;0;0;0;0;0
1043396;6.05;1.07;83.0;4314.0;29.25;82.5;21.75;31.76;40.83;13.82;240.35;300.54;2.82;86833.0;82.0;83.0;51.0;4427.0;995.55;820.30;4.0;1.0;0;1.0;0;0;1.0;0;0;0;0;0;1.0;1.0;0;0;0;0;0
1043928;4.07;0.99;82.0;3821.0;29.25;82.5;30.75;19.21;30.60;14.01;293.80;335.44;2.58;86833.0;80.0;83.0;51.0;4399.0;995.48;761.70;5.0;1.0;0;1.0;0;0;1.0;0;0;0;0;0;1.0;1.0;0;0;0;0;0
1044456;4.64;0.97;83.0;3869.0;29.25;82.5;24.75;23.53;35.30;14.01;297.83;347.16;2.58;86833.0;82.0;84.0;51.0;4517.0;995.40;644.52;5.0;1.0;0;1.0;0;0;1.0;0;0;0;0;0;1.0;1.0;0;0;0;0;0
1044986;5.15;0.99;85.0;3909.0;29.25;82.5;22.5;25.49;37.55;14.01;313.39;287.13;2.58;86833.0;83.0;85.0;51.0;4542.0;995.36;78.12;5.0;1.0;0;1.0;0;0;1.0;0;0;0;0;0;1.0;1.0;0;0;0;0;0
1045526;5.60;1.06;86.0;3969.0;29.25;82.5;21.75;27.06;39.22;14.01;304.12;253.49;2.58;86833.0;84.0;86.0;51.0;4540.0;995.32;742.17;5.0;1.0;0;1.0;0;0;1.0;0;0;0;0;0;1.0;1.0;0;0;0;0;0
1046056;5.18;0.99;87.0;4048.0;29.25;82.5;23.25;26.66;38.68;14.11;341.03;279.10;2.58;86833.0;86.0;88.0;51.0;4541.0;995.20;781.24;5.0;1.0;0;1.0;0;0;1.0;0;0;0;0;0;1.0;1.0;0;0;0;0;0
1046596;4.44;0.96;88.0;4093.0;29.25;82.5;27.0;22.74;34.90;14.01;268.51;209.59;2.58;86833.0;87.0;89.0;51.0;4529.0;995.09;742.17;5.0;1.0;0;1.0;0;0;1.0;0;0;0;0;0;1.0;1.0;0;0;0;0;0
1047156;5.30;1.00;90.0;4163.0;29.25;82.5;24.0;26.27;38.32;14.01;198.36;206.52;2.58;86833.0;88.0;90.0;51.0;4527.0;995.05;156.24;5.0;1.0;0;1.0;0;0;1.0;0;0;0;0;0;1.0;1.0;0;0;0;0;0
1047676;5.11;1.02;91.0;4210.0;29.25;82.5;24.75;25.49;37.30;14.01;184.55;132.25;2.58;86833.0;90.0;92.0;51.0;4541.0;994.70;624.99;5.0;1.0;0;1.0;0;0;1.0;0;0;0;0;0;1.0;1.0;0;0;0;0;0
1048206;4.44;0.99;92.0;4258.0;29.25;82.5;27.75;22.35;33.86;14.11;178.46;151.53;2.58;86833.0;90.0;92.0;51.0;4518.0;994.50;527.33;5.0;1.0;0;1.0;0;0;1.0;0;0;0;0;0;1.0;1.0;0;0;0;0;0
1048736;4.44;1.00;92.0;4248.0;29.25;82.5;28.5;21.96;33.20;14.01;229.57;181.25;2.58;86833.0;90.0;92.0;51.0;4522.0;994.38;722.64;5.0;1.0;0;1.0;0;0;1.0;0;0;0;0;0;1.0;1.0;0;0;0;0;0
1049276;4.36;1.00;92.0;4255.0;29.25;82.5;29.25;21.57;32.89;14.01;309.68;275.19;2.58;86833.0;91.0;92.0;51.0;4505.0;994.27;546.86;5.0;1.0;0;1.0;0;0;1.0;0;0;0;0;0;1.0;1.0;0;0;0;0;0
1049806;4.92;1.04;92.0;4255.0;29.25;82.5;27.0;24.31;36.09;13.92;324.84;320.50;2.82;86833.0;90.0;93.0;51.0;4504.0;994.19;839.83;5.0;1.0;0;1.0;0;0;1.0;0;0;0;0;0;1.0;1.0;0;0;0;0;0
1050336;4.72;1.01;92.0;4228.0;29.25;82.5;27.0;23.53;35.13;13.92;340.23;324.62;2.82;86833.0;91.0;92.0;51.0;4515.0;994.15;781.24;5.0;1.0;0;1.0;0;0;1.0;0;0;0;0;0;1.0;1.0;0;0;0;0;0
1050866;4.64;0.98;92.0;4235.0;29.25;82.5;27.0;23.53;35.21;14.01;347.18;329.80;2.58;86833.0;90.0;92.0;51.0;4518.0;993.84;390.62;5.0;1.0;0;1.0;0;0;1.0;0;0;0;0;0;1.0;1.0;0;0;0;0;0
1051396;4.60;0.99;92.0;4268.0;29.25;83.25;27.75;23.53;35.01;13.92;336.67;335.52;2.82;86833.0;91.0;93.0;51.0;4514.0;993.80;136.71;5.0;1.0;0;1.0;0;0;1.0;0;0;0;0;0;1.0;1.0;0;0;0;0;0
1051926;4.61;1.02;92.0;4263.0;29.25;83.25;28.5;22.35;33.79;14.11;317.77;332.57;2.58;86833.0;92.0;93.0;51.0;4509.0;993.56;820.30;5.0;1.0;0;1.0;0;0;1.0;0;0;0;0;0;1.0;1.0;0;0;0;0;0
1052466;3.88;0.98;93.0;4286.0;29.25;83.25;33.0;18.82;30.30;14.11;288.96;325.70;2.58;86833.0;92.0;93.0;51.0;4487.0;993.45;800.77;5.0;1.0;0;1.0;0;0;1.0;0;0;0;0;0;1.0;1.0;0;0;0;0;0
1052996;2.83;0.93;92.0;4269.0;29.25;83.25;39.75;11.76;23.76;14.01;293.78;303.86;2.58;86833.0;92.0;93.0;51.0;4481.0;993.37;664.05;5.0;1.0;0;1.0;0;0;1.0;0;0;0;0;0;1.0;1.0;0;0;0;0;0
1053526;2.72;0.92;91.0;4259.0;28.5;83.25;40.5;10.98;22.79;14.01;290.45;236.44;2.58;86833.0;91.0;92.0;51.0;4475.0;993.21;292.96;5.0;1.0;0;1.0;0;0;1.0;0;0;0;0;0;1.0;1.0;0;0;0;0;0
1054056;2.60;0.94;91.0;4184.0;28.5;83.25;42.0;10.19;21.57;14.01;227.29;224.86;2.58;86833.0;90.0;91.0;51.0;4488.0;993.05;488.27;5.0;1.0;0;1.0;0;0;1.0;0;0;0;0;0;1.0;1.0;0;0;0;0;0
1054586;2.36;0.92;90.0;4159.0;28.5;83.25;42.75;8.62;19.97;14.01;249.35;235.94;2.58;86833.0;89.0;90.0;51.0;4464.0;992.98;273.43;5.0;1.0;0;1.0;0;0;1.0;0;0;0;0;0;1.0;1.0;0;0;0;0;0
1055126;2.29;0.90;88.0;4089.0;28.5;83.25;42.75;8.62;19.78;13.92;310.93;306.75;2.82;86833.0;88.0;89.0;51.0;4473.0;992.94;136.71;5.0;1.0;0;1.0;0;0;1.0;0;0;0;0;0;1.0;1.0;0;0;0;0;0
1055656;2.4;0.94;87.0;4021.0;28.5;83.25;42.75;8.23;19.97;14.01;305.39;335.42;2.58;86833.0;87.0;88.0;51.0;4484.0;992.86;761.70;5.0;1.0;0;1.0;0;0;1.0;0;0;0;0;0;1.0;1.0;0;0;0;0;0
1056196;2.42;0.89;86.0;3993.0;28.5;83.25;41.25;9.02;20.93;14.11;340.95;214.51;2.58;86833.0;86.0;87.0;51.0;4501.0;992.86;703.11;5.0;1.0;0;1.0;0;0;1.0;0;0;0;0;0;1.0;1.0;0;0;0;0;0
1056716;2.93;0.94;86.0;3992.0;28.5;83.25;37.5;12.15;24.27;14.01;355.46;87.51;2.58;86833.0;85.0;87.0;51.0;4530.0;992.82;800.77;5.0;1.0;0;1.0;0;0;1.0;0;0;0;0;0;1.0;1.0;0;0;0;0;0
1057246;3.00;0.97;86.0;3947.0;28.5;83.25;37.5;11.76;24.01;13.92;302.61;190.47;2.82;86833.0;85.0;86.0;51.0;4517.0;992.82;800.77;5.0;1.0;0;1.0;0;0;1.0;0;0;0;0;0;1.0;1.0;0;0;0;0;0
1057786;2.84;0.94;85.0;3941.0;28.5;83.25;38.25;11.76;23.60;13.92;315.58;203.77;2.82;86833.0;85.0;85.0;51.0;4497.0;992.51;761.70;5.0;1.0;0;1.0;0;0;1.0;0;0;0;0;0;1.0;1.0;0;0;0;0;0
1058316;2.63;0.90;85.0;3901.0;28.5;83.25;39.0;10.58;22.69;14.11;268.57;217.50;2.58;86833.0;84.0;85.0;51.0;4494.0;992.51;703.11;5.0;1.0;0;1.0;0;0;1.0;0;0;0;0;0;1.0;1.0;0;0;0;0;0
1058846;2.58;0.91;85.0;3937.0;28.5;83.25;39.75;10.19;22.18;14.01;204.44;232.58;2.58;86833.0;84.0;85.0;51.0;4510.0;992.31;507.80;5.0;1.0;0;1.0;0;0;1.0;0;0;0;0;0;1.0;1.0;0;0;0;0;0
1059376;2.53;0.93;86.0;3944.0;28.5;83.25;40.5;9.80;21.55;14.01;158.11;235.16;2.58;86833.0;84.0;86.0;51.0;4510.0;992.12;781.24;5.0;1.0;0;1.0;0;0;1.0;0;0;0;0;0;1.0;1.0;0;0;0;0;0
1059906;2.32;0.90;85.0;3880.0;28.5;83.25;40.5;9.02;20.79;14.01;240.10;207.68;2.58;86833.0;83.0;85.0;51.0;4501.0;992.04;722.64;5.0;1.0;0;1.0;0;0;1.0;0;0;0;0;0;1.0;1.0;0;0;0;0;0
1060446;2.75;0.89;83.0;3879.0;28.5;83.25;38.25;11.76;23.78;14.01;237.79;270.23;2.58;86833.0;82.0;84.0;51.0;4515.0;991.88;58.59;5.0;1.0;0;1.0;0;0;1.0;0;0;0;0;0;1.0;1.0;0;0;0;0;0
1060976;2.96;0.96;83.0;3850.0;28.5;83.25;36.75;12.15;24.11;14.01;309.55;323.57;2.58;86833.0;82.0;84.0;51.0;4499.0;991.77;800.77;5.0;1.0;0;1.0;0;0;1.0;0;0;0;0;0;1.0;1.0;0;0;0;0;0
1061506;2.74;0.90;83.0;3839.0;28.5;83.25;37.5;11.76;23.61;14.01;336.50;326.22;2.58;86834.0;82.0;84.0;51.0;4515.0;991.73;136.71;5.0;1.0;0;1.0;0;0;1.0;0;0;0;0;0;1.0;1.0;0;0;0;0;0
1062036;2.53;0.95;83.0;3853.0;28.5;83.25;39.75;9.41;21.34;14.01;338.20;335.89;2.58;86834.0;80.0;83.0;51.0;4488.0;991.69;800.77;5.0;1.0;0;1.0;0;0;1.0;0;0;0;0;0;1.0;1.0;0;0;0;0;0
1062566;2.21;0.90;82.0;3766.0;28.5;83.25;41.25;7.84;19.35;14.01;339.58;334.54;2.58;86834.0;81.0;82.0;51.0;4486.0;991.65;703.11;5.0;1.0;0;1.0;0;0;1.0;0;0;0;0;0;1.0;1.0;0;0;0;0;0
1063106;2.15;0.88;81.0;3746.0;28.5;83.25;41.25;7.84;19.39;14.01;312.61;332.67;2.58;86834.0;80.0;82.0;51.0;4497.0;991.61;78.12;5.0;1.0;0;1.0;0;0;1.0;0;0;0;0;0;1.0;1.0;0;0;0;0;0
1063646;2.28;0.92;80.0;3696.0;28.5;83.25;40.5;7.84;19.71;14.01;314.49;286.03;2.58;86834.0;78.0;80.0;51.0;4501.0;991.61;703.11;5.0;1.0;0;1.0;0;0;1.0;0;0;0;0;0;1.0;1.0;0;0;0;0;0
1064216;2.35;0.89;78.0;3636.0;28.5;84.0;39.0;8.62;20.90;14.11;302.85;283.47;2.58;86834.0;78.0;79.0;50.0;4524.0;991.61;214.84;5.0;1.0;0;1.0;0;0;1.0;0;0;0;0;0;1.0;1.0;0;0;0;0;0
1064796;2.70;0.90;78.0;3602.0;28.5;84.0;36.0;10.98;23.38;14.01;248.01;326.91;2.58;86834.0;77.0;79.0;50.0;4523.0;991.57;58.59;5.0;1.0;0;1.0;0;0;1.0;0;0;0;0;0;1.0;1.0;0;0;0;0;0
1065326;3.12;0.97;78.0;3599.0;28.5;84.0;34.5;12.94;25.03;14.01;237.44;323.90;2.58;86834.0;77.0;79.0;50.0;4513.0;991.57;800.77;5.0;1.0;0;1.0;0;0;1.0;0;0;0;0;0;1.0;1.0;0;0;0;0;0
1065866;2.69;0.94;77.0;3563.0;28.5;84.0;36.0;10.58;22.87;14.11;215.25;226.37;2.58;86834.0;76.0;77.0;50.0;4509.0;991.53;839.83;5.0;1.0;0;1.0;0;0;1.0;0;0;0;0;0;1.0;1.0;0;0;0;0;0
1066396;1.80;0.99;76.0;3477.0;28.5;84.0;39.75;5.09;14.80;14.01;252.79;252.89;2.58;86834.0;75.0;76.0;50.0;4505.0;991.37;878.89;5.0;1.0;0;1.0;0;0;1.0;0;0;0;0;0;1.0;1.0;0;0;0;0;0
1066926;1.68;0.95;73.0;3422.0;28.5;84.0;39.0;4.70;14.11;13.92;303.63;307.73;2.82;86834.0;74.0;74.0;50.0;4513.0;991.14;878.89;5.0;1.0;0;1.0;0;0;1.0;0;0;0;0;0;1.0;1.0;0;0;0;0;0
1067456;0.88;0.93;72.0;3286.0;28.5;84.0;38.25;1.96;8.16;14.01;332.45;333.74;2.58;86834.0;72.0;72.0;50.0;4529.0;990.91;878.89;5.0;1.0;0;1.0;0;0;1.0;0;0;0;0;0;1.0;1.0;0;0;0;0;0
1067986;0.60;1.00;68.0;3204.0;28.5;84.0;-30.0;0;0;14.11;344.06;313.45;2.58;86834.0;69.0;69.0;50.0;4557.0;990.75;19.53;5.0;1.0;0;1.0;0;0;1.0;0;0;0;0;0;1.0;1.0;0;0;0;0;0
1068526;0.68;1.00;66.0;3054.0;28.5;84.0;-30.0;0;0;14.11;331.01;304.02;2.58;86834.0;67.0;66.0;50.0;4551.0;990.63;0;5.0;1.0;0;1.0;0;0;1.0;0;0;0;0;0;1.0;1.0;0;0;0;0;0
1069055;0.68;1.00;63.0;2904.0;28.5;84.0;-30.0;0;0;14.11;310.60;309.23;2.58;86834.0;64.0;63.0;50.0;4552.0;990.52;0;5.0;1.0;0;1.0;0;0;1.0;0;0;0;0;0;1.0;1.0;0;0;0;0;0
1069586;0.72;1.00;61.0;2800.0;28.5;84.0;-30.0;0;0;14.11;321.63;292.89;2.58;86834.0;61.0;61.0;50.0;4545.0;990.48;0;5.0;1.0;0;1.0;0;0;1.0;0;0;0;0;0;1.0;1.0;0;0;0;0;0
1070115;0.75;1.00;57.0;2669.0;28.5;84.0;-30.0;0;0;14.11;328.51;328.27;2.58;86834.0;58.0;58.0;50.0;4551.0;990.44;0;5.0;1.0;0;1.0;0;0;1.0;0;0;1.0;0;0;1.0;1.0;0;0;0;0;0
1070646;1.12;1.00;55.0;2555.0;28.5;84.0;1.5;0;8.51;14.11;318.10;337.45;2.58;86834.0;55.0;55.0;50.0;4386.0;990.40;0;5.0;1.0;0;1.0;0;0;1.0;0;0;1.0;0;0;1.0;1.0;0;0;0;0;0
1071186;0.89;1.00;52.0;2437.0;28.5;84.0;16.5;0;12.48;14.11;236.54;263.69;2.58;86834.0;53.0;53.0;47.0;4263.0;990.36;19.53;5.0;1.0;0;1.0;0;0;1.0;0;0;1.0;0;0;1.0;1.0;0;0;0;0;0
1071716;0.96;1.00;50.0;2284.0;28.5;84.0;15.0;0;12.36;14.11;279.61;307.01;2.58;86834.0;50.0;49.0;47.0;4396.0;990.36;19.53;5.0;1.0;0;1.0;0;0;1.0;0;0;1.0;0;0;1.0;1.0;0;0;0;0;0
1072245;1.00;1.00;46.0;1938.0;28.5;84.0;15.0;0;12.40;14.20;312.05;279.18;2.58;86834.0;45.0;46.0;46.0;4517.0;990.36;19.53;5.0;1.0;0;1.0;0;0;1.0;0;0;1.0;0;0;1.0;1.0;0;0;0;0;0
1072785;1.44;1.01;41.0;1349.0;28.5;84.0;13.5;0;12.16;14.20;285.74;261.70;2.58;86834.0;41.0;41.0;45.0;4525.0;990.32;664.05;5.0;1.0;0;1.0;0;0;1.0;0;0;1.0;0;0;1.0;1.0;0;0;0;0;0
1073387;1.35;1.00;36.0;1447.0;28.5;84.0;15.0;0;12.33;14.20;197.58;189.16;2.58;86834.0;36.0;36.0;45.0;4508.0;990.32;878.89;5.0;1.0;0;1.0;0;0;1.0;0;0;1.0;0;0;1.0;1.0;0;0;0;0;0
1073966;1.33;0.98;30.0;1361.0;28.5;84.0;14.25;0;12.37;14.39;182.21;154.97;2.31;86834.0;30.0;30.0;46.0;4504.0;990.32;859.36;4.0;1.0;0;1.0;1.0;0;1.0;0;0;1.0;0;0;1.0;1.0;0;0;1.0;0;0
1074496;1.33;0.96;23.0;1399.0;28.5;84.0;15.0;0;12.34;14.39;147.21;112.92;2.31;86834.0;24.0;24.0;45.0;4508.0;990.32;859.36;3.0;1.0;0;1.0;1.0;0;1.0;0;0;1.0;0;0;1.0;1.0;0;0;1.0;0;0
1075036;1.24;0.95;21.0;1413.0;29.25;84.0;15.0;0;12.37;14.20;113.07;82.27;2.58;86834.0;21.0;21.0;44.0;4526.0;990.32;839.83;2.0;1.0;0;1.0;0;0;1.0;0;0;1.0;0;0;1.0;1.0;0;0;0;0;0
1075566;4.33;1.00;20.0;2337.0;29.25;84.0;-10.5;11.37;15.65;13.92;82.31;58.02;2.82;86834.0;20.0;20.0;50.0;4413.0;990.32;898.42;1.0;1.0;0;1.0;0;0;1.0;0;0;1.0;0;0;1.0;1.0;0;0;0;0;0
1076096;6.08;1.00;26.0;3460.0;29.25;84.0;18.0;27.45;39.38;14.01;104.81;90.65;2.58;86834.0;25.0;26.0;50.0;4536.0;990.32;722.64;1.0;1.0;0;1.0;0;0;1.0;0;0;1.0;0;0;1.0;1.0;0;0;0;0;0
1076626;6.73;1.01;36.0;3976.0;29.25;84.0;18.0;32.55;42.74;13.92;113.84;199.38;2.82;86834.0;34.0;36.0;50.0;4647.0;990.32;859.36;1.0;1.0;0;1.0;0;0;1.0;0;0;1.0;0;0;1.0;1.0;0;0;0;0;0
1077166;5.60;1.00;41.0;3696.0;29.25;84.0;30.0;20.78;32.89;13.92;198.58;128.78;2.82;86834.0;42.0;42.0;50.0;4462.0;990.32;878.89;2.0;1.0;0;1.0;0;0;1.0;0;0;1.0;0;0;1.0;1.0;0;0;0;0;0
1077696;6.12;1.00;48.0;3806.0;29.25;84.0;16.5;32.94;42.10;14.01;253.18;226.48;2.58;86834.0;47.0;49.0;50.0;4586.0;990.32;722.64;2.0;1.0;0;1.0;0;0;1.0;0;0;1.0;0;0;1.0;1.0;0;0;0;0;0
1078226;5.77;1.02;56.0;4353.0;29.25;84.0;21.0;32.94;41.97;13.92;276.62;282.01;2.82;86834.0;54.0;56.0;50.0;4633.0;990.32;781.24;2.0;1.0;0;1.0;0;0;1.0;0;0;1.0;0;0;1.0;1.0;0;0;0;0;0
1078756;4.68;0.99;62.0;4850.0;29.25;84.0;29.25;28.63;35.64;13.82;335.09;335.97;2.82;86834.0;60.0;63.0;50.0;4463.0;990.20;449.21;2.0;1.0;0;1.0;0;0;1.0;0;0;0;0;0;1.0;1.0;0;0;0;0;0
1079296;3.16;1.00;63.0;4289.0;29.25;84.0;45.75;9.41;18.99;14.01;339.41;348.86;2.58;86834.0;63.0;64.0;50.0;4385.0;990.12;898.42;3.0;1.0;0;1.0;0;0;1.0;0;0;1.0;0;0;1.0;1.0;0;0;0;0;0
1079875;4.40;1.00;67.0;4145.0;29.25;84.0;31.5;18.82;32.41;14.01;242.15;354.00;2.58;86834.0;66.0;68.0;50.0;4609.0;990.12;781.24;3.0;1.0;0;1.0;0;0;1.0;0;0;1.0;0;0;1.0;1.0;0;0;0;0;0
1080416;4.11;1.01;71.0;4351.0;29.25;84.0;33.0;19.61;31.66;14.01;244.96;329.10;2.58;86834.0;69.0;71.0;50.0;4560.0;990.09;820.30;3.0;1.0;0;1.0;0;0;1.0;0;0;1.0;0;0;1.0;1.0;0;0;0;0;0
1080936;4.19;1.01;72.0;4430.0;29.25;84.0;33.0;20.39;31.38;13.92;246.39;313.82;2.82;86834.0;71.0;73.0;50.0;4515.0;989.93;820.30;3.0;1.0;0;1.0;0;0;1.0;0;0;1.0;0;0;1.0;1.0;0;0;0;0;0
1081466;5.87;1.00;76.0;4630.0;29.25;84.0;21.75;36.08;41.77;13.92;238.30;339.06;2.82;86834.0;74.0;76.0;50.0;4496.0;989.89;800.77;3.0;1.0;0;1.0;0;0;1.0;0;0;1.0;0;0;1.0;1.0;0;0;0;0;0
1082006;5.83;0.97;81.0;4933.0;29.25;84.0;21.0;40.39;42.07;13.92;196.33;345.97;2.82;86834.0;79.0;81.0;50.0;4461.0;989.66;351.55;3.0;1.0;0;1.0;0;0;1.0;0;0;0;0;0;1.0;1.0;0;0;0;0;0
1082536;6.95;1.00;82.0;4315.0;29.25;84.0;22.5;30.19;39.33;13.82;174.20;292.30;2.82;86834.0;82.0;83.0;50.0;4579.0;989.66;781.24;4.0;1.0;0;1.0;0;0;1.0;0;0;0;0;0;1.0;1.0;0;0;0;0;0
1083076;6.28;0.99;87.0;4534.0;28.5;84.0;17.25;40.00;43.38;14.01;147.43;310.01;2.58;86834.0;86.0;87.0;50.0;4507.0;989.62;703.11;4.0;1.0;0;1.0;0;0;1.0;0;0;0;0;0;1.0;1.0;0;0;0;0;0
1083645;5.72;1.01;91.0;4733.0;28.5;84.0;21.75;36.86;40.54;14.01;248.14;340.01;2.58;86834.0;89.0;91.0;50.0;4495.0;989.54;820.30;4.0;1.0;0;1.0;0;0;1.0;0;0;0;0;0;1.0;1.0;0;0;0;0;0
1084176;5.93;0.98;95.0;4942.0;28.5;84.0;20.25;41.96;42.09;14.01;303.00;330.97;2.58;86834.0;94.0;96.0;50.0;4482.0;989.38;371.08;4.0;1.0;0;1.0;0;0;1.0;0;0;0;0;0;1.0;1.0;0;0;0;0;0
1084716;7.72;1.00;97.0;4603.0;28.5;84.0;22.5;33.72;39.50;13.92;333.22;334.00;2.82;86834.0;97.0;98.0;50.0;4528.0;989.34;878.89;5.0;1.0;0;1.0;0;0;1.0;0;0;0;0;0;0;1.0;0;0;0;0;0
1085245;6.90;1.00;101.0;4646.0;28.5;84.0;17.25;49.80;46.54;13.92;324.80;349.05;2.82;86834.0;99.0;102.0;50.0;4535.0;989.34;703.11;5.0;1.0;0;1.0;0;0;1.0;0;0;0;0;0;1.0;1.0;0;0;0;0;0
1085795;6.62;1.00;105.0;4840.0;28.5;84.0;18.0;50.98;45.77;14.01;349.54;344.89;2.58;86834.0;103.0;105.0;50.0;4509.0;989.38;761.70;5.0;1.0;0;1.0;0;0;1.0;0;0;0;0;0;1.0;1.0;0;0;0;0;0
1086406;6.62;1.03;108.0;5001.0;28.5;84.0;19.5;49.02;44.17;14.01;349.87;320.23;2.58;86834.0;107.0;109.0;50.0;4484.0;989.54;761.70;5.0;1.0;0;1.0;0;0;1.0;0;0;0;0;0;1.0;1.0;0;0;0;0;0
1086936;5.26;1.00;112.0;5152.0;28.5;84.0;24.0;38.43;39.29;14.01;345.23;320.42;2.58;86834.0;110.0;113.0;50.0;4456.0;989.46;97.65;5.0;1.0;0;1.0;0;0;1.0;0;0;0;0;0;1.0;1.0;0;0;0;0;0
1087476;4.08;1.00;113.0;5196.0;28.5;84.0;34.5;26.27;30.71;14.01;298.78;332.34;2.58;86834.0;112.0;113.0;50.0;4470.0;989.42;624.99;5.0;1.0;0;1.0;0;0;1.0;0;0;0;0;0;1.0;1.0;0;0;0;0;0
1088006;1.16;0.99;111.0;4707.0;28.5;84.0;48.75;3.92;9.38;14.01;323.43;257.67;2.58;86834.0;111.0;111.0;50.0;4516.0;989.46;878.89;6.0;1.0;0;1.0;0;0;1.0;0;0;0;0;0;1.0;1.0;0;0;0;0;0
1088536;4.34;1.00;111.0;4733.0;28.5;84.0;36.0;19.61;28.09;13.92;330.77;192.07;2.82;86834.0;110.0;111.0;50.0;4581.0;989.30;839.83;6.0;1.0;0;1.0;0;0;1.0;0;0;0;0;0;1.0;1.0;0;0;0;0;0
1089066;3.53;1.00;112.0;4758.0;28.5;84.0;36.0;20.00;28.20;14.01;334.02;209.57;2.58;86834.0;111.0;112.0;50.0;4532.0;989.46;839.83;6.0;1.0;0;1.0;0;0;1.0;0;0;0;0;0;1.0;1.0;0;0;0;0;0
1089606;2.81;1.00;113.0;4786.0;28.5;84.0;42.75;12.15;22.25;13.92;337.04;264.41;2.82;86834.0;111.0;113.0;50.0;4500.0;989.34;644.52;6.0;1.0;0;1.0;0;0;1.0;0;0;0;0;0;1.0;1.0;0;0;0;0;0
1090136;1.97;1.00;112.0;4731.0;28.5;84.0;48.0;7.05;15.57;13.82;340.09;334.60;2.82;86834.0;111.0;112.0;50.0;4489.0;989.27;839.83;6.0;1.0;0;1.0;0;0;1.0;0;0;0;0;0;1.0;1.0;0;0;0;0;0
1090666;1.00;0.99;111.0;4631.0;28.5;84.0;48.75;3.13;7.94;14.01;351.96;347.88;2.58;86834.0;111.0;111.0;50.0;4479.0;989.34;878.89;6.0;1.0;0;1.0;0;0;1.0;0;0;0;0;0;1.0;1.0;0;0;0;0;0
1091206;0.52;1.00;108.0;4584.0;28.5;84.0;-30.0;0;0;14.01;352.39;347.26;2.58;86834.0;109.0;108.0;50.0;4466.0;989.42;761.70;6.0;1.0;0;1.0;0;0;1.0;0;0;0;0;0;1.0;1.0;0;0;0;0;0
1091736;0.55;1.00;106.0;4478.0;28.5;84.0;-30.0;0;0;13.92;331.13;344.54;2.82;86834.0;106.0;106.0;50.0;4441.0;989.42;0;6.0;1.0;0;1.0;0;0;1.0;0;0;0;0;0;1.0;1.0;0;0;0;0;0
1092265;0.6;1.00;103.0;4411.0;28.5;84.0;48.0;0.39;4.68;14.11;347.51;316.81;2.58;86834.0;104.0;104.0;50.0;4297.0;989.38;19.53;6.0;1.0;0;1.0;0;0;1.0;0;0;0;0;0;1.0;1.0;0;0;0;0;0
1092795;0.57;1.00;102.0;4313.0;28.5;84.0;-30.0;0;0;14.01;296.89;341.67;2.58;86834.0;103.0;102.0;50.0;4169.0;989.42;0;6.0;1.0;0;1.0;0;0;1.0;0;0;0;0;0;1.0;1.0;0;0;0;0;0
1093336;0.57;1.00;100.0;4237.0;28.5;84.0;-30.0;0;0;14.11;298.34;280.74;2.58;86834.0;100.0;100.0;50.0;4188.0;989.46;0;6.0;1.0;0;1.0;0;0;1.0;0;0;0;0;0;1.0;1.0;0;0;0;0;0
1093865;0.63;1.00;98.0;4173.0;28.5;83.25;47.25;0.78;4.78;14.01;252.71;229.32;2.58;86834.0;99.0;99.0;51.0;4214.0;989.42;0;6.0;1.0;0;1.0;0;0;1.0;0;0;0;0;0;1.0;1.0;0;0;0;0;0
1094404;0.90;1.00;96.0;4116.0;28.5;83.25;46.5;2.35;6.87;13.92;214.45;175.65;2.82;86834.0;97.0;97.0;51.0;4318.0;989.54;878.89;6.0;1.0;0;1.0;0;0;1.0;0;0;0;0;0;1.0;1.0;0;0;0;0;0
1094975;1.57;0.99;96.0;4132.0;28.5;83.25;45.75;4.70;12.29;13.92;226.27;171.47;2.82;86834.0;96.0;97.0;51.0;4432.0;989.77;878.89;6.0;1.0;0;1.0;0;0;1.0;0;0;0;0;0;1.0;1.0;0;0;0;0;0
1095555;1.58;0.96;96.0;4099.0;28.5;83.25;45.75;5.09;12.93;14.01;239.59;187.48;2.58;86834.0;96.0;97.0;51.0;4509.0;989.89;839.83;6.0;1.0;0;1.0;0;0;1.0;0;0;0;0;0;1.0;1.0;0;0;0;0;0
1096105;1.55;0.93;97.0;4131.0;28.5;83.25;45.75;5.49;13.25;14.11;311.05;268.18;2.58;86834.0;97.0;98.0;51.0;4522.0;990.01;800.77;6.0;1.0;0;1.0;0;0;1.0;0;0;0;0;0;1.0;1.0;0;0;0;0;0
1096625;1.40;0.90;97.0;4123.0;28.5;83.25;45.75;4.70;12.32;14.01;326.73;311.32;2.58;86834.0;97.0;98.0;51.0;4504.0;990.09;839.83;6.0;1.0;0;1.0;0;0;1.0;0;0;0;0;0;1.0;1.0;0;0;0;0;0
1097156;1.19;0.88;97.0;4121.0;28.5;83.25;46.5;3.92;10.63;14.11;317.08;313.78;2.58;86834.0;97.0;97.0;51.0;4503.0;990.16;820.30;6.0;1.0;0;1.0;0;0;1.0;0;0;0;0;0;1.0;1.0;0;0;0;0;0
1097696;1.11;0.86;97.0;4068.0;28.5;83.25;46.5;3.52;10.12;14.01;268.43;326.77;2.58;86834.0;97.0;97.0;51.0;4505.0;990.20;644.52;6.0;1.0;0;1.0;0;0;1.0;0;0;0;0;0;1.0;1.0;0;0;0;0;0
1098226;0.78;0.87;96.0;4077.0;28.5;82.5;46.5;1.96;6.94;14.01;252.99;300.29;2.58;86834.0;96.0;96.0;51.0;4514.0;990.20;58.59;6.0;1.0;0;1.0;0;0;1.0;0;0;0;0;0;1.0;1.0;0;0;0;0;0
1098755;0.77;0.88;95.0;4035.0;29.25;82.5;46.5;1.96;6.73;14.01;314.27;187.15;2.58;86834.0;95.0;95.0;51.0;4510.0;990.24;39.06;6.0;1.0;0;1.0;0;0;1.0;0;0;0;0;0;1.0;1.0;0;0;0;0;0
1099285;0.79;0.90;93.0;3984.0;29.25;82.5;45.75;1.96;6.81;14.01;341.56;154.57;2.58;86834.0;93.0;94.0;51.0;4500.0;990.32;39.06;6.0;1.0;0;1.0;0;0;1.0;0;0;0;0;0;1.0;1.0;0;0;0;0;0
1099826;0.86;0.91;92.0;3891.0;29.25;82.5;45.75;1.96;7.30;14.01;230.00;197.09;2.58;86834.0;93.0;93.0;51.0;4502.0;990.55;703.11;6.0;1.0;0;1.0;0;0;1.0;0;0;0;0;0;1.0;1.0;0;0;0;0;0
1100355;0.83;0.91;91.0;3887.0;29.25;82.5;44.25;1.96;6.99;14.11;173.87;187.70;2.58;86834.0;91.0;92.0;51.0;4502.0;990.83;800.77;6.0;1.0;0;1.0;0;0;1.0;0;0;0;0;0;1.0;1.0;0;0;0;0;0
1100885;0.81;0.89;91.0;3849.0;29.25;82.5;44.25;1.96;7.06;14.01;200.45;206.76;2.58;86834.0;91.0;91.0;51.0;4512.0;991.02;722.64;6.0;1.0;0;1.0;0;0;1.0;0;0;0;0;0;1.0;1.0;0;0;0;0;0
1101415;0.83;0.89;90.0;3779.0;29.25;82.5;43.5;1.96;7.19;14.01;267.56;258.81;2.58;86834.0;90.0;90.0;51.0;4508.0;991.22;39.06;6.0;1.0;0;1.0;0;0;1.0;0;0;0;0;0;1.0;1.0;0;0;0;0;0
1101955;0.92;0.91;90.0;3765.0;29.25;82.5;44.25;1.96;7.46;13.92;320.87;316.54;2.82;86834.0;90.0;90.0;51.0;4508.0;991.30;820.30;6.0;1.0;0;1.0;0;0;1.0;0;0;0;0;0;1.0;1.0;0;0;0;0;0
1102486;1.11;0.89;88.0;3777.0;29.25;82.5;43.5;3.13;9.69;13.92;324.29;336.83;2.82;86834.0;89.0;89.0;51.0;4505.0;991.37;800.77;6.0;1.0;0;1.0;0;0;1.0;0;0;0;0;0;1.0;1.0;0;0;0;0;0
1103015;1.12;0.88;90.0;3817.0;29.25;82.5;43.5;3.52;10.35;13.92;314.55;332.16;2.82;86834.0;89.0;90.0;51.0;4495.0;991.41;97.65;6.0;1.0;0;1.0;0;0;1.0;0;0;0;0;0;1.0;1.0;0;0;0;0;0
1103555;1.12;0.90;90.0;3808.0;29.25;81.75;43.5;3.13;9.86;14.01;199.20;201.33;2.58;86834.0;89.0;90.0;52.0;4508.0;991.45;800.77;6.0;1.0;0;1.0;0;0;1.0;0;0;0;0;0;1.0;1.0;0;0;0;0;0
1104086;1.07;0.89;88.0;3781.0;29.25;81.75;42.75;3.13;9.49;14.01;85.67;95.89;2.58;86834.0;88.0;89.0;52.0;4517.0;991.49;820.30;6.0;1.0;0;1.0;0;0;1.0;0;0;0;0;0;1.0;1.0;0;0;0;0;0
1104615;0.51;0.87;87.0;3713.0;29.25;81.75;42.75;1.17;5.45;14.01;31.40;38.29;2.58;86834.0;87.0;88.0;52.0;4532.0;991.65;39.06;6.0;1.0;0;1.0;0;0;1.0;0;0;0;0;0;1.0;1.0;0;0;0;0;0
1105146;0.87;1.01;86.0;3642.0;29.25;81.75;41.25;1.96;6.80;13.92;15.95;16.36;2.82;86834.0;86.0;87.0;52.0;4502.0;991.77;839.83;6.0;1.0;0;1.0;0;0;1.0;0;0;0;0;0;1.0;1.0;0;0;0;0;0
1105686;1.11;1.00;86.0;3668.0;29.25;81.75;42.0;2.74;8.73;14.01;7.16;7.34;2.58;86835.0;85.0;86.0;52.0;4507.0;992.00;898.42;6.0;1.0;0;1.0;0;0;1.0;0;0;0;0;0;1.0;1.0;0;0;0;0;0
1106216;1.09;0.98;86.0;3646.0;29.25;81.75;42.0;2.74;8.76;14.11;2.51;5.54;2.58;86835.0;85.0;86.0;52.0;4514.0;992.23;898.42;6.0;1.0;0;1.0;0;0;1.0;0;0;0;0;0;1.0;1.0;0;0;0;0;0
1106746;1.02;0.97;86.0;3612.0;29.25;81.75;41.25;2.35;8.26;13.92;1.05;2.42;2.82;86835.0;86.0;86.0;52.0;4521.0;992.39;878.89;6.0;1.0;0;1.0;0;0;1.0;0;0;0;0;0;1.0;1.0;0;0;0;0;0
1107276;0.89;0.95;85.0;3610.0;29.25;81.75;41.25;1.96;7.37;14.01;0.35;0.99;2.58;86835.0;85.0;85.0;52.0;4521.0;992.51;878.89;6.0;1.0;0;1.0;0;0;1.0;0;0;0;0;0;1.0;1.0;0;0;0;0;0
1107816;0.73;0.94;83.0;3548.0;29.25;81.75;40.5;1.17;6.16;14.01;0;0.29;2.58;86835.0;84.0;84.0;52.0;4526.0;992.59;683.58;6.0;1.0;0;1.0;0;0;1.0;0;0;0;0;0;1.0;1.0;0;0;0;0;0
1108346;0.71;0.94;82.0;3505.0;29.25;81.75;39.75;1.17;5.87;14.01;0;3.94;2.58;86835.0;83.0;82.0;52.0;4536.0;992.62;19.53;6.0;1.0;0;1.0;0;0;1.0;0;0;0;0;0;1.0;1.0;0;0;0;0;0
1108876;0.71;0.95;81.0;3404.0;29.25;81.75;39.0;1.17;5.90;14.01;1.75;1.79;2.58;86835.0;80.0;81.0;52.0;4521.0;992.66;0;6.0;1.0;0;1.0;0;0;1.0;0;0;0;0;0;1.0;1.0;0;0;0;0;0
1109416;0.76;0.97;81.0;3428.0;29.25;81.75;39.0;1.17;6.07;14.01;2.40;0.62;2.58;86835.0;81.0;80.0;52.0;4513.0;992.74;19.53;6.0;1.0;0;1.0;0;0;1.0;0;0;0;0;0;1.0;1.0;0;0;0;0;0
1109956;0.89;0.99;81.0;3409.0;29.25;81.75;39.0;1.56;7.08;14.01;1.05;1.79;2.58;86835.0;80.0;81.0;52.0;4511.0;992.98;859.36;6.0;1.0;0;1.0;0;0;1.0;0;0;0;0;0;1.0;1.0;0;0;0;0;0
1110526;0.90;0.98;80.0;3416.0;29.25;81.75;38.25;1.56;7.25;14.01;0.39;0.70;2.58;86835.0;80.0;80.0;52.0;4512.0;993.13;878.89;6.0;1.0;0;1.0;0;0;1.0;0;0;0;0;0;1.0;1.0;0;0;0;0;0
1111055;0.95;0.96;80.0;3361.0;29.25;81.75;39.0;1.56;7.80;14.11;0.03;0.19;2.58;86835.0;79.0;80.0;52.0;4518.0;993.41;781.24;6.0;1.0;0;1.0;0;0;1.0;0;0;0;0;0;1.0;1.0;0;0;0;0;0
1111596;0.89;0.94;78.0;3323.0;29.25;81.75;38.25;1.56;7.53;13.92;0;1.77;2.82;86835.0;78.0;79.0;52.0;4516.0;993.60;820.30;6.0;1.0;0;1.0;0;0;1.0;0;0;0;0;0;1.0;1.0;0;0;0;0;0
1112126;0.75;0.93;77.0;3276.0;29.25;81.75;37.5;1.17;6.35;14.11;0;0.70;2.58;86835.0;77.0;77.0;52.0;4514.0;993.72;78.12;6.0;1.0;0;1.0;0;0;1.0;0;0;0;0;0;1.0;1.0;0;0;0;0;0
1112656;0.74;0.94;76.0;3226.0;29.25;81.75;37.5;1.17;6.22;14.01;0;2.36;2.58;86835.0;76.0;76.0;52.0;4515.0;993.80;19.53;6.0;1.0;0;1.0;0;0;1.0;0;0;0;0;0;1.0;1.0;0;0;0;0;0
1113187;0.76;0.96;76.0;3210.0;29.25;81.75;36.75;1.17;6.26;14.01;0;1.09;2.58;86835.0;75.0;76.0;52.0;4498.0;993.87;19.53;6.0;1.0;0;1.0;0;0;1.0;0;0;0;0;0;1.0;1.0;0;0;0;0;0
1113726;0.79;0.97;73.0;3123.0;29.25;81.75;36.0;1.17;6.43;14.11;0;0.35;2.58;86835.0;74.0;74.0;52.0;4517.0;993.91;19.53;6.0;1.0;0;1.0;0;0;1.0;0;0;0;0;0;1.0;1.0;0;0;0;0;0
1114256;0.8;0.99;72.0;3089.0;29.25;81.75;35.25;0.78;6.20;14.11;0;0.09;2.58;86835.0;73.0;73.0;52.0;4515.0;993.91;19.53;6.0;1.0;0;1.0;0;0;1.0;0;0;0;0;0;1.0;1.0;0;0;0;0;0
1114786;1.46;1.00;72.0;3169.0;29.25;81.75;36.75;3.52;11.07;14.01;1.38;1.19;2.58;86835.0;73.0;73.0;52.0;4495.0;994.03;878.89;6.0;1.0;0;1.0;0;0;1.0;0;0;0;0;0;1.0;1.0;0;0;0;0;0
1115326;1.52;0.99;72.0;3112.0;29.25;81.75;35.25;3.92;12.26;14.01;0.48;0.42;2.58;86835.0;73.0;73.0;52.0;4511.0;994.11;839.83;6.0;1.0;0;1.0;0;0;1.0;0;0;0;0;0;1.0;1.0;0;0;0;0;0
1115856;1.61;0.96;73.0;3124.0;29.25;81.75;36.0;4.31;13.51;14.01;1.79;0.13;2.58;86835.0;74.0;74.0;52.0;4507.0;994.23;820.30;6.0;1.0;0;1.0;0;0;1.0;0;0;0;0;0;1.0;1.0;0;0;0;0;0
1116386;1.6;0.94;75.0;3158.0;29.25;81.75;36.0;4.31;13.72;14.11;0.82;0;2.58;86835.0;74.0;75.0;52.0;4504.0;994.38;761.70;6.0;1.0;0;1.0;0;0;1.0;0;0;0;0;0;1.0;1.0;0;0;0;0;0
1116926;1.56;0.92;75.0;3185.0;28.5;81.75;36.75;4.31;13.56;14.11;1.71;0;2.58;86835.0;75.0;75.0;52.0;4515.0;994.54;585.93;6.0;1.0;0;1.0;0;0;1.0;0;0;0;0;0;1.0;1.0;0;0;0;0;0
1117456;1.58;0.93;76.0;3212.0;28.5;81.75;36.75;4.31;13.55;14.01;0.76;0;2.58;86835.0;76.0;76.0;52.0;4516.0;994.73;820.30;6.0;1.0;0;1.0;0;0;1.0;0;0;0;0;0;1.0;1.0;0;0;0;0;0
1117986;1.42;0.91;77.0;3246.0;28.5;81.75;37.5;3.92;12.45;14.01;0.29;0;2.58;86835.0;77.0;76.0;52.0;4523.0;994.85;97.65;6.0;1.0;0;1.0;0;0;1.0;0;0;0;0;0;1.0;1.0;0;0;0;0;0
1118516;1.35;0.93;76.0;3234.0;28.5;81.75;37.5;3.52;11.62;14.11;0;0;2.58;86835.0;76.0;77.0;52.0;4516.0;994.97;117.18;6.0;1.0;0;1.0;0;0;1.0;0;0;0;0;0;1.0;1.0;0;0;0;0;0
1119056;1.15;0.94;76.0;3214.0;28.5;81.75;37.5;2.74;9.82;14.01;1.56;0;2.58;86835.0;77.0;77.0;52.0;4521.0;995.05;859.36;6.0;1.0;0;1.0;0;0;1.0;0;0;0;0;0;1.0;1.0;0;0;0;0;0
1119586;0.64;1.00;76.0;3240.0;28.5;81.75;-30.0;0;0;14.11;0.64;1.56;2.58;86835.0;76.0;76.0;52.0;4532.0;995.09;39.06;6.0;1.0;0;1.0;0;0;1.0;0;0;0;0;0;1.0;1.0;0;0;0;0;0
1120116;0.68;1.00;75.0;3166.0;28.5;81.75;-30.0;0;0;14.11;0.19;0.56;2.58;86835.0;75.0;75.0;52.0;4540.0;995.12;0;6.0;1.0;0;1.0;0;0;1.0;0;0;0;0;0;1.0;1.0;0;0;0;0;0
1120655;0.68;1.00;73.0;3121.0;28.5;81.75;-30.0;0;0;14.11;0;2.10;2.58;86835.0;74.0;74.0;52.0;4535.0;995.16;0;6.0;1.0;0;1.0;0;0;1.0;0;0;0;0;0;1.0;1.0;0;0;0;0;0
1121186;0.69;1.00;72.0;3065.0;28.5;81.75;-30.0;0;0;14.20;0;0.97;2.58;86835.0;73.0;73.0;52.0;4529.0;995.16;0;6.0;1.0;0;1.0;0;0;1.0;0;0;0;0;0;1.0;1.0;0;0;0;0;0
1121716;0.69;1.00;71.0;3035.0;28.5;81.75;-30.0;0;0;14.01;0;0.35;2.58;86835.0;71.0;72.0;52.0;4533.0;995.24;0;6.0;1.0;0;1.0;0;0;1.0;0;0;0;0;0;1.0;1.0;0;0;0;0;0
1122255;0.70;1.00;68.0;2913.0;28.5;81.75;-30.0;0;0;14.11;0;0.09;2.58;86835.0;68.0;69.0;52.0;4544.0;995.40;0;6.0;1.0;0;1.0;0;0;1.0;0;0;0;0;0;1.0;1.0;0;0;0;0;0
1122786;0.74;1.00;66.0;2761.0;28.5;81.75;-30.0;0;0;14.11;0;0;2.58;86835.0;66.0;65.0;52.0;4537.0;995.55;0;6.0;1.0;0;1.0;0;0;1.0;0;0;0;0;0;1.0;1.0;0;0;0;0;0
1123316;0.76;1.00;63.0;2698.0;28.5;81.75;-30.0;0;0;14.01;0;0;2.58;86835.0;64.0;63.0;52.0;4551.0;995.87;0;6.0;1.0;0;1.0;0;0;1.0;0;0;0;0;0;1.0;1.0;0;0;0;0;0
1123856;0.76;1.00;62.0;2638.0;28.5;81.75;-30.0;0;0;14.11;0;0;2.58;86835.0;63.0;62.0;52.0;4553.0;996.02;0;6.0;1.0;0;1.0;0;0;1.0;0;0;0;0;0;1.0;1.0;0;0;0;0;0
1124386;1.04;1.00;60.0;2554.0;28.5;81.75;1.5;0;8.19;14.11;1.30;0;2.58;86835.0;61.0;60.0;52.0;4398.0;996.14;0;6.0;1.0;0;1.0;0;0;1.0;0;0;0;0;0;1.0;1.0;0;0;0;0;0
1124916;1.16;1.00;58.0;2490.0;28.5;81.75;21.75;1.56;8.35;14.11;1.93;2.20;2.58;86835.0;59.0;59.0;52.0;4251.0;996.26;410.15;6.0;1.0;0;1.0;0;0;1.0;0;0;0;0;0;1.0;1.0;0;0;0;0;0
1125446;1.04;0.99;58.0;2353.0;28.5;81.75;24.0;0.39;11.93;14.11;1.05;1.15;2.58;86835.0;59.0;59.0;52.0;4393.0;996.30;859.36;5.0;1.0;0;1.0;0;0;1.0;0;0;0;0;0;1.0;1.0;0;0;0;0;0
1126006;1.83;0.98;58.0;2840.0;28.5;81.75;30.75;3.92;13.09;14.11;1.66;0.48;2.58;86835.0;59.0;59.0;52.0;4456.0;996.37;859.36;5.0;1.0;0;1.0;0;0;1.0;0;0;0;0;0;1.0;1.0;0;0;0;0;0
1126536;2.08;0.98;60.0;2761.0;28.5;81.75;30.0;5.09;16.50;14.11;2.38;0.19;2.58;86835.0;60.0;60.0;52.0;4493.0;996.37;859.36;5.0;1.0;0;1.0;0;0;1.0;0;0;0;0;0;1.0;1.0;0;0;0;0;0
1127076;1.97;0.95;61.0;2816.0;28.5;81.75;31.5;5.09;16.47;14.01;1.19;0;2.58;86835.0;61.0;61.0;52.0;4506.0;996.41;722.64;5.0;1.0;0;1.0;0;0;1.0;0;0;0;0;0;1.0;1.0;0;0;0;0;0
1127606;1.89;0.92;62.0;2859.0;28.5;81.75;32.25;5.09;16.42;14.11;1.79;0;2.58;86835.0;61.0;62.0;52.0;4513.0;996.41;585.93;5.0;1.0;0;1.0;0;0;1.0;0;0;0;0;0;1.0;1.0;0;0;0;0;0
1128136;1.88;0.92;62.0;2917.0;28.5;81.75;33.0;5.09;16.22;14.01;0.87;0;2.58;86835.0;63.0;63.0;52.0;4510.0;996.41;117.18;5.0;1.0;0;1.0;0;0;1.0;0;0;0;0;0;1.0;1.0;0;0;0;0;0
1128676;1.74;0.94;63.0;2958.0;28.5;81.75;33.75;4.70;14.85;14.11;0.35;0;2.58;86835.0;64.0;64.0;52.0;4508.0;996.45;800.77;5.0;1.0;0;1.0;0;0;1.0;0;0;0;0;0;1.0;1.0;0;0;0;0;0
1129206;1.65;0.92;65.0;2984.0;28.5;81.75;33.75;4.31;14.58;14.11;1.52;0;2.58;86835.0;64.0;65.0;52.0;4517.0;996.45;156.24;5.0;1.0;0;1.0;0;0;1.0;0;0;0;0;0;1.0;1.0;0;0;0;0;0
1129796;1.72;0.94;65.0;3037.0;28.5;81.75;34.5;4.70;14.30;14.01;0.70;0;2.58;86835.0;65.0;66.0;52.0;4514.0;996.45;546.86;5.0;1.0;0;1.0;0;0;1.0;0;0;0;0;0;1.0;1.0;0;0;0;0;0
1130366;1.28;0.95;66.0;3058.0;28.5;81.75;34.5;3.13;10.94;14.01;2.46;1.85;2.58;86835.0;66.0;65.0;52.0;4519.0;996.73;839.83;5.0;1.0;0;1.0;0;0;1.0;0;0;0;0;0;1.0;1.0;0;0;0;0;0
1130907;1.24;0.93;66.0;3017.0;28.5;81.75;34.5;3.13;10.78;14.11;0.95;1.85;2.58;86835.0;66.0;66.0;52.0;4509.0;996.80;742.17;5.0;1.0;0;1.0;0;0;1.0;0;0;0;0;0;1.0;1.0;0;0;0;0;0
1131436;0.92;0.91;66.0;3033.0;28.5;81.75;33.75;1.56;8.78;14.11;0.41;0.83;2.58;86835.0;66.0;66.0;52.0;4539.0;997.08;761.70;5.0;1.0;0;1.0;0;0;1.0;0;0;0;0;0;1.0;1.0;0;0;0;0;0
1131966;0.70;1.00;65.0;2960.0;28.5;81.75;-30.0;0;0;14.11;0.13;0.37;2.58;86835.0;65.0;64.0;52.0;4568.0;997.23;0;5.0;1.0;0;1.0;0;0;1.0;0;0;0;0;0;1.0;1.0;0;0;0;0;0
1132506;2.07;1.00;63.0;3025.0;28.5;81.75;5.25;4.70;9.19;14.01;0;0.07;2.58;86835.0;64.0;64.0;52.0;4232.0;997.27;859.36;5.0;1.0;0;1.0;0;0;1.0;0;0;0;0;0;1.0;1.0;0;0;0;0;0
1133035;1.74;0.98;63.0;2936.0;28.5;81.75;14.25;3.92;10.79;14.11;1.38;1.26;2.58;86835.0;64.0;64.0;52.0;4341.0;997.31;859.36;5.0;1.0;0;1.0;0;0;1.0;0;0;0;0;0;1.0;1.0;0;0;0;0;0
1133566;1.54;0.96;63.0;2984.0;28.5;81.75;21.75;3.52;11.27;14.11;0.64;0.58;2.58;86835.0;64.0;64.0;52.0;4465.0;997.43;859.36;5.0;1.0;0;1.0;0;0;1.0;0;0;0;0;0;1.0;1.0;0;0;0;0;0
1134106;0.80;0.94;63.0;2939.0;28.5;81.75;27.0;1.17;6.27;14.11;0.21;0.17;2.58;86835.0;63.0;63.0;52.0;4514.0;997.55;878.89;5.0;1.0;0;1.0;0;0;1.0;0;0;0;0;0;1.0;1.0;0;0;0;0;0
1134636;1.09;0.93;62.0;2906.0;28.5;81.75;32.25;2.35;9.49;14.11;1.48;0;2.58;86835.0;63.0;63.0;52.0;4499.0;997.59;761.70;5.0;1.0;0;1.0;0;0;1.0;0;0;0;0;0;1.0;1.0;0;0;0;0;0
1135166;1.22;0.91;62.0;2902.0;28.5;81.75;32.25;2.74;10.89;14.01;0.70;0;2.58;86835.0;63.0;62.0;52.0;4508.0;997.62;214.84;5.0;1.0;0;1.0;0;0;1.0;0;0;0;0;0;0;1.0;0;0;0;0;0
1135706;1.32;0.93;62.0;2865.0;28.5;81.75;33.0;2.74;11.48;14.11;0.25;1.38;2.58;86835.0;62.0;63.0;52.0;4504.0;997.66;58.59;5.0;1.0;0;1.0;0;0;1.0;0;0;0;0;0;1.0;1.0;0;0;0;0;0
1136235;1.48;0.95;62.0;2862.0;28.5;81.75;32.25;3.52;12.41;14.11;0.01;0.68;2.58;86835.0;62.0;62.0;52.0;4507.0;997.66;39.06;5.0;1.0;0;1.0;0;0;1.0;0;0;0;0;0;1.0;1.0;0;0;0;0;0
1136816;1.44;0.97;62.0;2908.0;28.5;81.75;32.25;3.13;11.89;14.01;1.23;0.29;2.58;86835.0;62.0;63.0;52.0;4520.0;997.66;859.36;5.0;1.0;0;1.0;0;0;1.0;0;0;0;0;0;1.0;1.0;0;0;0;0;0
1137346;1.39;0.95;62.0;2883.0;28.5;81.75;32.25;3.13;11.80;14.11;3.98;0;2.58;86835.0;62.0;63.0;52.0;4520.0;997.70;761.70;5.0;1.0;0;1.0;0;0;1.0;0;0;0;0;0;1.0;1.0;0;0;0;0;0
1137886;1.32;0.93;62.0;2857.0;28.5;81.75;32.25;3.13;11.50;14.01;4.27;0;2.58;86835.0;63.0;63.0;52.0;4517.0;997.74;234.37;5.0;1.0;0;1.0;0;0;1.0;0;0;0;0;0;1.0;1.0;0;0;0;0;0
1138416;1.31;0.94;62.0;2857.0;28.5;81.75;31.5;2.74;11.14;14.01;1.81;3.30;2.58;86835.0;63.0;63.0;52.0;4518.0;997.82;58.59;5.0;1.0;0;1.0;0;0;1.0;0;0;0;0;0;1.0;1.0;0;0;0;0;0
1138956;1.12;0.96;62.0;2823.0;28.5;81.75;31.5;1.96;9.50;14.11;0.87;3.90;2.58;86835.0;62.0;62.0;52.0;4524.0;997.78;839.83;5.0;1.0;0;1.0;0;0;1.0;0;0;0;0;0;1.0;1.0;0;0;0;0;0
1139486;0.99;0.95;62.0;2883.0;28.5;81.75;32.25;1.56;8.38;14.11;0.31;1.67;2.58;86835.0;62.0;62.0;52.0;4510.0;997.78;878.89;5.0;1.0;0;1.0;0;0;1.0;0;0;0;0;0;1.0;1.0;0;0;0;0;0
1140016;0.98;0.93;61.0;2821.0;28.5;81.75;31.5;1.56;8.59;14.01;0.07;0.85;2.58;86835.0;61.0;61.0;52.0;4518.0;997.78;839.83;5.0;1.0;0;1.0;0;0;1.0;0;0;0;0;0;1.0;1.0;0;0;0;0;0
1140556;0.96;0.91;61.0;2805.0;28.5;81.75;30.75;1.56;8.47;14.11;0;2.08;2.58;86835.0;60.0;61.0;52.0;4517.0;997.82;39.06;5.0;1.0;0;1.0;0;0;1.0;0;0;0;0;0;1.0;1.0;0;0;0;0;0
1141087;1.0;0.93;60.0;2746.0;28.5;81.75;30.0;1.56;8.66;14.01;0;2.07;2.58;86835.0;60.0;60.0;52.0;4504.0;997.86;58.59;5.0;1.0;0;1.0;0;0;1.0;0;0;0;0;0;1.0;1.0;0;0;0;0;0
1141616;0.88;1.00;58.0;2726.0;28.5;81.75;30.0;0;11.86;14.11;0;3.28;2.58;86835.0;59.0;59.0;52.0;4524.0;998.05;644.52;5.0;1.0;0;1.0;0;0;1.0;0;0;0;0;0;1.0;1.0;0;0;0;0;0
1142156;0.75;1.00;57.0;2657.0;28.5;82.5;-30.0;0;0;14.11;88.62;84.23;2.58;86835.0;58.0;57.0;51.0;4563.0;998.21;19.53;5.0;1.0;0;1.0;0;0;1.0;0;0;0;0;0;1.0;1.0;0;0;0;0;0
1142685;2.18;1.00;56.0;2631.0;28.5;82.5;2.25;4.70;9.62;14.11;204.98;150.30;2.58;86835.0;57.0;57.0;51.0;4226.0;998.29;800.77;5.0;1.0;0;1.0;0;0;1.0;0;0;0;0;0;1.0;1.0;0;0;0;0;0
1143216;2.17;0.99;56.0;2582.0;28.5;82.5;11.25;4.70;13.32;14.11;220.98;220.55;2.58;86835.0;57.0;56.0;51.0;4311.0;998.25;859.36;5.0;1.0;0;1.0;0;0;1.0;0;0;0;0;0;1.0;1.0;0;0;0;0;0
1143756;2.06;0.96;57.0;2628.0;28.5;82.5;20.25;5.09;15.36;14.01;251.09;266.17;2.58;86835.0;57.0;57.0;51.0;4437.0;998.37;859.36;5.0;1.0;0;1.0;0;0;1.0;0;0;0;0;0;1.0;1.0;0;0;0;0;0
1144286;2.0;0.93;57.0;2673.0;28.5;82.5;28.5;5.09;16.90;14.11;294.66;287.05;2.58;86835.0;58.0;58.0;51.0;4501.0;998.37;644.52;5.0;1.0;0;1.0;0;0;1.0;0;0;0;0;0;1.0;1.0;0;0;0;0;0
1144816;1.90;0.91;58.0;2715.0;28.5;82.5;29.25;5.09;16.41;14.11;319.08;305.89;2.58;86835.0;59.0;59.0;51.0;4518.0;998.52;195.31;5.0;1.0;0;1.0;0;0;1.0;0;0;0;0;0;1.0;1.0;0;0;0;0;0
1145355;2.73;0.92;60.0;2779.0;28.5;82.5;30.0;9.02;22.78;14.01;328.74;328.18;2.58;86835.0;60.0;60.0;51.0;4508.0;998.56;820.30;5.0;1.0;0;1.0;0;0;1.0;0;0;0;0;0;1.0;1.0;0;0;0;0;0
1145886;3.06;0.89;62.0;2875.0;28.5;82.5;29.25;11.37;24.86;14.01;321.65;303.51;2.58;86835.0;62.0;62.0;51.0;4507.0;998.56;117.18;5.0;1.0;0;1.0;0;0;1.0;0;0;0;0;0;1.0;1.0;0;0;0;0;0
1146416;3.35;0.99;65.0;2971.0;28.5;82.5;29.25;13.33;26.55;14.11;305.23;287.05;2.58;86835.0;63.0;65.0;51.0;4501.0;998.45;429.68;5.0;1.0;0;1.0;0;0;1.0;0;0;0;0;0;1.0;1.0;0;0;0;0;0
1146956;3.49;1.01;66.0;3086.0;28.5;82.5;29.25;14.51;27.17;14.01;162.04;160.67;2.58;86835.0;66.0;67.0;51.0;4510.0;998.45;761.70;5.0;1.0;0;1.0;0;0;1.0;0;0;0;0;0;1.0;1.0;0;0;0;0;0
1147486;3.39;0.98;68.0;3186.0;28.5;82.5;30.0;14.51;27.04;14.01;221.07;258.51;2.58;86835.0;68.0;69.0;51.0;4517.0;998.60;175.77;5.0;1.0;0;1.0;0;0;1.0;0;0;0;0;0;1.0;1.0;0;0;0;0;0
1148016;3.40;1.02;71.0;3284.0;28.5;82.5;30.75;13.72;26.29;14.01;269.14;308.20;2.58;86835.0;70.0;71.0;51.0;4513.0;998.56;820.30;5.0;1.0;0;1.0;0;0;1.0;0;0;0;0;0;1.0;1.0;0;0;0;0;0
1148556;3.20;0.96;73.0;3405.0;28.5;82.5;31.5;13.72;26.05;14.11;298.14;332.51;2.58;86835.0;73.0;74.0;51.0;4535.0;998.52;136.71;5.0;1.0;0;1.0;0;0;1.0;0;0;0;0;0;1.0;1.0;0;0;0;0;0
1149085;3.38;1.01;75.0;3462.0;28.5;82.5;32.25;14.11;26.12;14.11;339.72;337.28;2.58;86835.0;75.0;75.0;51.0;4512.0;998.52;703.11;5.0;1.0;0;1.0;0;0;1.0;0;0;0;0;0;1.0;1.0;0;0;0;0;0
1149616;3.85;1.00;77.0;3597.0;28.5;82.5;29.25;18.04;29.61;13.92;344.89;344.54;2.82;86835.0;76.0;77.0;51.0;4532.0;998.56;839.83;5.0;1.0;0;1.0;0;0;1.0;0;0;0;0;0;1.0;1.0;0;0;0;0;0
1150156;4.45;0.97;81.0;3726.0;28.5;82.5;24.0;22.35;33.72;14.01;332.32;345.05;2.58;86835.0;78.0;81.0;51.0;4568.0;998.41;664.05;5.0;1.0;0;1.0;0;0;1.0;0;0;0;0;0;1.0;1.0;0;0;0;0;0
1150686;3.97;0.99;82.0;3812.0;28.5;82.5;30.0;19.21;30.83;14.01;315.35;348.04;2.58;86835.0;81.0;83.0;51.0;4540.0;998.45;839.83;5.0;1.0;0;1.0;0;0;1.0;0;0;0;0;0;1.0;1.0;0;0;0;0;0
1151216;4.86;1.00;85.0;3907.0;28.5;83.25;25.5;22.74;34.87;14.01;298.43;307.61;2.58;86835.0;85.0;85.0;51.0;4553.0;998.52;859.36;5.0;1.0;0;1.0;0;0;1.0;0;0;0;0;0;1.0;1.0;0;0;0;0;0
1151755;5.20;1.00;87.0;4049.0;28.5;83.25;23.25;26.27;38.52;14.01;319.72;179.79;2.58;86835.0;86.0;88.0;51.0;4618.0;998.48;78.12;5.0;1.0;0;1.0;0;0;1.0;0;0;0;0;0;1.0;1.0;0;0;0;0;0
1152285;0;1.00;90.0;4366.0;28.5;83.25;42.0;0;4.23;14.01;206.88;172.62;2.58;86835.0;89.0;90.0;51.0;4416.0;998.41;878.89;5.0;1.0;0;1.0;0;0;1.0;0;0;0;0;0;1.0;1.0;0;0;0;0;0
1152826;3.37;0.98;90.0;3860.0;28.5;83.25;36.0;13.33;25.06;14.01;173.11;140.30;2.58;86835.0;89.0;90.0;51.0;4263.0;998.37;800.77;6.0;1.0;0;1.0;0;0;1.0;0;0;0;0;0;1.0;1.0;0;0;0;0;0
1153355;3.40;0.93;91.0;3886.0;28.5;83.25;33.0;16.47;27.71;14.01;169.61;177.01;2.58;86835.0;90.0;91.0;51.0;4437.0;998.41;117.18;6.0;1.0;0;1.0;0;0;1.0;0;0;0;0;0;1.0;1.0;0;0;0;0;0
1153885;4.44;1.00;93.0;3973.0;28.5;83.25;30.75;19.61;31.35;14.11;244.78;270.41;2.58;86835.0;91.0;94.0;51.0;4525.0;998.33;820.30;6.0;1.0;0;1.0;0;0;1.0;0;0;0;0;0;1.0;1.0;0;0;0;0;0
1154426;4.68;1.00;95.0;4027.0;28.5;83.25;27.0;22.74;35.03;14.01;316.19;262.56;2.58;86835.0;94.0;95.0;51.0;4600.0;998.41;234.37;6.0;1.0;0;1.0;0;0;1.0;0;0;0;0;0;1.0;1.0;0;0;0;0;0
1154955;4.76;1.04;97.0;4123.0;28.5;83.25;27.0;22.35;35.04;14.01;307.26;269.68;2.58;86835.0;96.0;97.0;51.0;4576.0;998.41;781.24;6.0;1.0;0;1.0;0;0;1.0;0;0;0;0;0;1.0;1.0;0;0;0;0;0
1155485;4.60;1.03;98.0;4198.0;28.5;83.25;27.75;21.96;33.89;14.01;300.27;306.66;2.58;86835.0;97.0;99.0;51.0;4539.0;998.37;683.58;6.0;1.0;0;1.0;0;0;1.0;0;0;0;0;0;1.0;1.0;0;0;0;0;0
1156026;4.44;1.03;101.0;4272.0;28.5;83.25;30.0;21.17;32.55;14.01;311.91;311.93;2.58;86835.0;99.0;101.0;51.0;4523.0;998.17;722.64;6.0;1.0;0;1.0;0;0;1.0;0;0;0;0;0;1.0;1.0;0;0;0;0;0
1156555;3.60;1.00;101.0;4319.0;28.5;83.25;35.25;16.08;27.70;14.01;310.01;309.17;2.58;86836.0;101.0;102.0;51.0;4496.0;998.41;703.11;6.0;1.0;0;1.0;0;0;1.0;0;0;0;0;0;1.0;1.0;0;0;0;0;0
1157085;3.14;0.99;102.0;4348.0;28.5;83.25;39.75;12.94;24.46;14.01;253.94;302.50;2.58;86836.0;101.0;103.0;51.0;4484.0;998.33;703.11;6.0;1.0;0;1.0;0;0;1.0;0;0;0;0;0;1.0;1.0;0;0;0;0;0
1157626;2.76;0.98;102.0;4370.0;28.5;83.25;41.25;9.80;22.62;14.01;225.84;246.13;2.58;86836.0;102.0;102.0;51.0;4484.0;998.21;859.36;6.0;1.0;0;1.0;0;0;1.0;0;0;0;0;0;1.0;1.0;0;0;0;0;0
1158155;2.26;0.94;102.0;4322.0;28.5;83.25;44.25;7.84;18.70;14.01;227.70;205.00;2.58;86836.0;101.0;102.0;51.0;4471.0;998.21;839.83;6.0;1.0;0;1.0;0;0;1.0;0;0;0;0;0;1.0;1.0;0;0;0;0;0
1158685;1.60;1.00;101.0;4297.0;28.5;83.25;46.5;5.49;13.15;14.11;208.28;157.19;2.58;86836.0;101.0;102.0;51.0;4463.0;998.17;898.42;6.0;1.0;0;1.0;0;0;1.0;0;0;0;0;0;1.0;1.0;0;0;0;0;0
1159228;1.50;0.99;101.0;4263.0;28.5;83.25;47.25;4.70;11.82;14.01;224.16;229.65;2.58;86836.0;100.0;101.0;51.0;4453.0;998.17;878.89;6.0;1.0;0;1.0;0;0;1.0;0;0;0;0;0;1.0;1.0;0;0;0;0;0
1159806;1.66;0.96;100.0;4200.0;28.5;83.25;46.5;5.49;13.72;14.01;242.40;215.53;2.58;86836.0;100.0;100.0;51.0;4500.0;998.21;859.36;6.0;1.0;0;1.0;0;0;1.0;0;0;0;0;0;1.0;1.0;0;0;0;0;0
1160336;1.73;0.92;98.0;4202.0;28.5;83.25;46.5;6.27;15.01;14.01;296.46;271.34;2.58;86836.0;99.0;99.0;51.0;4525.0;998.29;781.24;6.0;1.0;0;1.0;0;0;1.0;0;0;0;0;0;1.0;1.0;0;0;0;0;0
1160876;2.04;0.90;98.0;4180.0;28.5;83.25;45.0;7.45;18.09;13.92;338.98;325.93;2.82;86836.0;99.0;99.0;51.0;4546.0;998.29;58.59;6.0;1.0;0;1.0;0;0;1.0;0;0;0;0;0;1.0;1.0;0;0;0;0;0
1161406;2.25;0.96;98.0;4195.0;28.5;83.25;44.25;7.84;18.47;14.01;335.97;328.29;2.58;86836.0;98.0;99.0;51.0;4511.0;998.48;820.30;6.0;1.0;0;1.0;0;0;1.0;0;0;0;0;0;1.0;1.0;0;0;0;0;0
1161996;2.12;0.94;98.0;4166.0;28.5;83.25;44.25;7.45;17.81;13.92;318.53;317.87;2.82;86836.0;98.0;99.0;51.0;4495.0;998.45;839.83;6.0;1.0;0;1.0;0;0;1.0;0;0;0;0;0;1.0;1.0;0;0;0;0;0
1162576;2.44;0.95;98.0;4202.0;28.5;83.25;42.75;9.02;20.54;13.92;301.19;306.52;2.82;86836.0;98.0;99.0;51.0;4540.0;998.48;195.31;6.0;1.0;0;1.0;0;0;1.0;0;0;0;0;0;1.0;1.0;0;0;0;0;0
1163156;2.43;0.98;98.0;4164.0;28.5;83.25;43.5;8.23;19.61;14.11;291.50;259.02;2.58;86836.0;98.0;99.0;51.0;4520.0;998.56;820.30;6.0;1.0;0;1.0;0;0;1.0;0;0;0;0;0;1.0;1.0;0;0;0;0;0
1163688;2.30;0.96;98.0;4161.0;28.5;83.25;44.25;7.84;18.86;14.01;300.37;280.06;2.58;86836.0;98.0;99.0;51.0;4510.0;998.68;742.17;6.0;1.0;0;1.0;0;0;1.0;0;0;0;0;0;1.0;1.0;0;0;0;0;0
1164216;2.13;0.93;98.0;4172.0;28.5;83.25;45.0;7.45;18.07;14.11;243.61;247.81;2.58;86836.0;98.0;99.0;51.0;4491.0;998.76;253.90;6.0;1.0;0;1.0;0;0;1.0;0;0;0;0;0;1.0;1.0;0;0;0;0;0
1164756;3.24;0.95;98.0;4213.0;28.5;83.25;39.75;11.76;23.84;14.01;201.56;210.65;2.58;86836.0;98.0;99.0;51.0;4551.0;998.80;781.24;6.0;1.0;0;1.0;0;0;1.0;0;0;0;0;0;1.0;1.0;0;0;0;0;0
1165286;3.47;1.03;100.0;4206.0;28.5;83.25;37.5;14.11;26.02;14.01;234.43;242.56;2.58;86836.0;98.0;100.0;51.0;4567.0;998.84;781.24;6.0;1.0;0;1.0;0;0;1.0;0;0;0;0;0;1.0;1.0;0;0;0;0;0
1165827;3.27;1.01;101.0;4253.0;28.5;83.25;38.25;13.33;25.09;14.01;293.22;264.86;2.58;86836.0;100.0;101.0;51.0;4534.0;998.87;722.64;6.0;1.0;0;1.0;0;0;1.0;0;0;0;0;0;1.0;1.0;0;0;0;0;0
1166355;3.17;1.00;101.0;4281.0;28.5;82.5;39.0;12.55;24.52;14.01;338.66;326.26;2.58;86836.0;101.0;101.0;51.0;4506.0;998.76;781.24;6.0;1.0;0;1.0;0;0;1.0;0;0;0;0;0;1.0;1.0;0;0;0;0;0
1166886;2.94;0.97;102.0;4330.0;28.5;82.5;39.75;11.76;23.34;14.01;331.48;342.18;2.58;86836.0;101.0;102.0;51.0;4498.0;998.72;527.33;6.0;1.0;0;1.0;0;0;1.0;0;0;0;0;0;1.0;1.0;0;0;0;0;0
1167426;3.33;1.02;102.0;4334.0;28.5;82.5;38.25;13.72;25.22;13.92;331.95;350.70;2.82;86836.0;101.0;103.0;51.0;4524.0;998.64;761.70;6.0;1.0;0;1.0;0;0;1.0;0;0;0;0;0;1.0;1.0;0;0;0;0;0
1167956;3.58;1.03;103.0;4390.0;28.5;82.5;37.5;15.68;26.81;14.11;347.47;328.31;2.58;86836.0;102.0;104.0;51.0;4509.0;998.64;820.30;6.0;1.0;0;1.0;0;0;1.0;0;0;0;0;0;1.0;1.0;0;0;0;0;0
1168486;3.24;0.99;105.0;4424.0;28.5;82.5;39.0;14.11;25.36;13.92;312.34;346.55;2.82;86836.0;103.0;105.0;51.0;4509.0;998.60;605.46;6.0;1.0;0;1.0;0;0;1.0;0;0;0;0;0;1.0;1.0;0;0;0;0;0
1169026;3.08;1.01;105.0;4422.0;28.5;82.5;40.5;12.15;23.76;14.01;337.84;329.92;2.58;86836.0;103.0;105.0;51.0;4497.0;998.60;820.30;6.0;1.0;0;1.0;0;0;1.0;0;0;0;0;0;1.0;1.0;0;0;0;0;0
1169555;3.08;0.97;105.0;4425.0;28.5;82.5;39.75;13.72;24.70;13.92;314.90;316.21;2.82;86836.0;104.0;105.0;51.0;4518.0;998.72;97.65;6.0;1.0;0;1.0;0;0;1.0;0;0;0;0;0;1.0;1.0;0;0;0;0;0
1170086;3.65;1.04;105.0;4506.0;28.5;82.5;37.5;16.08;26.81;14.01;279.41;323.29;2.58;86836.0;104.0;106.0;51.0;4523.0;998.72;781.24;6.0;1.0;0;1.0;0;0;1.0;0;0;0;0;0;1.0;1.0;0;0;0;0;0
1170626;3.24;0.96;106.0;4533.0;28.5;82.5;38.25;15.68;26.14;14.01;173.68;179.26;2.58;86836.0;105.0;107.0;51.0;4505.0;998.76;214.84;6.0;1.0;0;1.0;0;0;1.0;0;0;0;0;0;1.0;1.0;0;0;0;0;0
1171156;3.28;0.98;107.0;4556.0;28.5;82.5;39.0;14.90;25.49;13.92;227.36;245.88;2.82;86836.0;106.0;107.0;51.0;4516.0;998.84;234.37;6.0;1.0;0;1.0;0;0;1.0;0;0;0;0;0;1.0;1.0;0;0;0;0;0
1171696;3.43;1.02;107.0;4557.0;28.5;82.5;39.0;15.29;25.78;14.01;314.72;267.28;2.58;86836.0;107.0;108.0;51.0;4510.0;998.91;761.70;6.0;1.0;0;1.0;0;0;1.0;0;0;0;0;0;1.0;1.0;0;0;0;0;0
1172226;3.00;0.99;108.0;4575.0;28.5;82.5;41.25;12.15;23.24;13.92;341.56;324.64;2.82;86836.0;107.0;108.0;51.0;4498.0;998.91;820.30;6.0;1.0;0;1.0;0;0;1.0;0;0;0;0;0;1.0;1.0;0;0;0;0;0
1172756;2.18;0.94;107.0;4573.0;28.5;82.5;46.5;7.84;18.23;14.11;331.28;341.11;2.58;86836.0;107.0;108.0;51.0;4481.0;998.99;410.15;6.0;1.0;0;1.0;0;0;1.0;0;0;0;0;0;1.0;1.0;0;0;0;0;0
1173296;2.13;0.94;106.0;4507.0;28.5;82.5;45.75;7.84;17.80;14.01;346.98;342.61;2.58;86836.0;106.0;106.0;51.0;4512.0;998.99;761.70;6.0;1.0;0;1.0;0;0;1.0;0;0;0;0;0;1.0;1.0;0;0;0;0;0
1173826;2.36;0.95;106.0;4481.0;28.5;82.5;44.25;8.62;19.54;14.01;354.05;345.79;2.58;86836.0;105.0;106.0;51.0;4526.0;998.95;234.37;6.0;1.0;0;1.0;0;0;1.0;0;0;0;0;0;1.0;1.0;0;0;0;0;0
1174365;2.88;1.01;106.0;4472.0;28.5;82.5;42.0;10.98;22.23;14.01;349.95;330.09;2.58;86836.0;105.0;106.0;51.0;4542.0;999.11;839.83;6.0;1.0;0;1.0;0;0;1.0;0;0;0;0;0;1.0;1.0;0;0;0;0;0
1174896;2.34;0.93;105.0;4478.0;28.5;82.5;44.25;8.62;19.54;14.11;331.01;344.66;2.58;86836.0;104.0;106.0;51.0;4498.0;999.11;214.84;6.0;1.0;0;1.0;0;0;1.0;0;0;0;0;0;1.0;1.0;0;0;0;0;0
1175426;2.25;0.96;105.0;4440.0;28.5;82.5;45.0;8.23;18.47;14.01;322.08;273.06;2.58;86836.0;104.0;105.0;51.0;4502.0;999.15;664.05;6.0;1.0;0;1.0;0;0;1.0;0;0;0;0;0;1.0;1.0;0;0;0;0;0
1175966;2.11;0.96;103.0;4402.0;28.5;82.5;45.75;7.45;17.21;14.11;239.34;301.32;2.58;86836.0;103.0;104.0;51.0;4503.0;999.07;800.77;6.0;1.0;0;1.0;0;0;1.0;0;0;0;0;0;1.0;1.0;0;0;0;0;0
1176496;2.00;0.94;102.0;4359.0;28.5;82.5;45.75;7.05;16.90;14.01;222.48;298.71;2.58;86836.0;102.0;103.0;51.0;4505.0;999.11;234.37;6.0;1.0;0;1.0;0;0;1.0;0;0;0;0;0;1.0;1.0;0;0;0;0;0
1177036;1.96;0.95;102.0;4335.0;28.5;82.5;45.75;7.05;16.35;14.01;289.20;304.02;2.58;86836.0;101.0;102.0;51.0;4506.0;999.15;703.11;6.0;1.0;0;1.0;0;0;1.0;0;0;0;0;0;1.0;1.0;0;0;0;0;0
1177566;2.02;0.91;101.0;4281.0;28.5;82.5;45.0;7.45;17.53;14.01;333.65;320.35;2.58;86836.0;101.0;102.0;51.0;4512.0;999.07;39.06;6.0;1.0;0;1.0;0;0;1.0;0;0;0;0;0;1.0;1.0;0;0;0;0;0
1178096;2.54;0.98;101.0;4257.0;28.5;82.5;42.75;9.02;20.43;14.11;312.32;345.83;2.58;86836.0;100.0;101.0;51.0;4536.0;999.11;742.17;6.0;1.0;0;1.0;0;0;1.0;0;0;0;0;0;1.0;1.0;0;0;0;0;0
1178636;2.11;0.96;100.0;4261.0;28.5;82.5;45.0;7.05;17.10;14.11;342.53;350.30;2.58;86836.0;100.0;101.0;51.0;4503.0;999.07;800.77;6.0;1.0;0;1.0;0;0;1.0;0;0;0;0;0;1.0;1.0;0;0;0;0;0
1179166;1.73;0.92;100.0;4229.0;28.5;82.5;46.5;6.27;14.93;14.01;307.38;352.22;2.58;86836.0;99.0;100.0;51.0;4475.0;999.07;800.77;6.0;1.0;0;1.0;0;0;1.0;0;0;0;0;0;1.0;1.0;0;0;0;0;0
1179706;1.59;0.88;98.0;4154.0;28.5;82.5;45.75;5.88;14.11;14.11;316.65;293.96;2.58;86836.0;98.0;98.0;51.0;4461.0;999.03;624.99;6.0;1.0;0;1.0;0;0;1.0;0;0;0;0;0;1.0;1.0;0;0;0;0;0
1180236;1.60;0.89;97.0;4129.0;28.5;82.5;45.75;5.88;14.24;14.01;312.38;269.94;2.58;86836.0;97.0;97.0;51.0;4489.0;999.03;742.17;6.0;1.0;0;1.0;0;0;1.0;0;0;0;0;0;1.0;1.0;0;0;0;0;0
1180766;1.0;0.88;96.0;4056.0;28.5;82.5;46.5;3.13;9.16;14.01;228.69;236.13;2.58;86836.0;96.0;96.0;51.0;4451.0;998.99;859.36;6.0;1.0;0;1.0;0;0;1.0;0;0;0;0;0;1.0;1.0;0;0;0;0;0
1181306;1.00;0.87;93.0;4008.0;28.5;82.5;45.75;3.13;9.04;14.01;299.88;210.88;2.58;86836.0;94.0;94.0;51.0;4476.0;998.99;781.24;6.0;1.0;0;1.0;0;0;1.0;0;0;0;0;0;1.0;1.0;0;0;0;0;0
1181836;1.0;0.85;92.0;3933.0;28.5;82.5;45.0;3.13;9.22;13.92;235.64;190.71;2.82;86836.0;92.0;92.0;51.0;4508.0;998.99;253.90;6.0;1.0;0;1.0;0;0;1.0;0;0;0;0;0;1.0;1.0;0;0;0;0;0
1182378;0.98;0.86;90.0;3826.0;28.5;82.5;44.25;3.13;8.98;14.11;255.74;226.04;2.58;86836.0;91.0;90.0;51.0;4505.0;998.95;78.12;6.0;1.0;0;1.0;0;0;1.0;0;0;0;0;0;1.0;1.0;0;0;0;0;0
1182906;0.92;0.87;88.0;3749.0;28.5;82.5;42.75;2.35;8.28;14.01;294.31;301.07;2.58;86836.0;88.0;89.0;51.0;4526.0;998.95;97.65;6.0;1.0;0;1.0;0;0;1.0;0;0;0;0;0;1.0;1.0;0;0;0;0;0
1183436;0.59;1.00;86.0;3670.0;28.5;82.5;-30.0;0;0;14.01;333.16;330.99;2.58;86836.0;86.0;87.0;51.0;4585.0;998.95;0;6.0;1.0;0;1.0;0;0;1.0;0;0;0;0;0;1.0;1.0;0;0;0;0;0
1183976;0.59;1.00;83.0;3561.0;28.5;82.5;-30.0;0;0;14.11;343.00;327.92;2.58;86836.0;83.0;84.0;51.0;4604.0;998.95;0;6.0;1.0;0;1.0;0;0;1.0;0;0;0;0;0;1.0;1.0;0;0;0;0;0
1184506;0.60;1.00;81.0;3430.0;28.5;82.5;-30.0;0;0;14.11;350.23;327.01;2.58;86836.0;81.0;81.0;51.0;4610.0;998.95;0;6.0;1.0;0;1.0;0;0;1.0;0;0;0;0;0;1.0;1.0;0;0;0;0;0
1185036;0.63;1.00;77.0;3287.0;28.5;82.5;-30.0;0;0;14.20;351.44;221.56;2.58;86836.0;78.0;78.0;51.0;4603.0;998.95;0;6.0;1.0;0;1.0;0;0;1.0;0;0;0;0;0;1.0;1.0;0;0;0;0;0
1185576;0.67;1.00;73.0;3138.0;28.5;82.5;-30.0;0;0;14.11;351.26;227.05;2.58;86836.0;74.0;74.0;51.0;4591.0;998.95;0;6.0;1.0;0;1.0;0;0;1.0;0;0;0;0;0;1.0;1.0;0;0;0;0;0
1186106;0.69;1.00;71.0;3027.0;28.5;82.5;-30.0;0;0;14.11;290.29;234.51;2.58;86836.0;72.0;71.0;51.0;4581.0;998.95;0;6.0;1.0;0;1.0;0;0;1.0;0;0;0;0;0;1.0;1.0;0;0;0;0;0
1186646;2.94;1.00;70.0;2954.0;28.5;82.5;6.0;4.70;8.90;14.20;155.82;128.09;2.58;86836.0;70.0;69.0;51.0;4316.0;998.95;917.95;6.0;1.0;0;1.0;0;0;1.0;0;0;0;0;0;1.0;1.0;0;0;0;0;0
1187176;2.80;0.99;68.0;2939.0;28.5;82.5;7.5;7.84;16.10;14.11;212.21;186.10;2.58;86836.0;69.0;69.0;51.0;4267.0;998.95;878.89;6.0;1.0;0;1.0;0;0;1.0;0;0;0;0;0;1.0;1.0;0;0;0;0;0
1187706;2.56;0.94;70.0;2954.0;28.5;82.5;26.25;7.84;20.33;14.11;210.35;197.40;2.58;86836.0;69.0;70.0;51.0;4399.0;999.11;839.83;6.0;1.0;0;1.0;0;0;1.0;0;0;0;0;0;1.0;1.0;0;0;0;0;0
1188246;2.25;0.90;70.0;2998.0;28.5;82.5;33.75;6.66;19.75;14.01;214.65;224.61;2.58;86836.0;70.0;71.0;51.0;4495.0;999.11;371.08;6.0;1.0;0;1.0;0;0;1.0;0;0;0;0;0;1.0;1.0;0;0;0;0;0
1188776;1.84;0.91;70.0;2978.0;28.5;82.5;34.5;5.09;16.19;14.11;289.43;290.60;2.58;86836.0;70.0;71.0;51.0;4505.0;999.07;78.12;6.0;1.0;0;1.0;0;0;1.0;0;0;0;0;0;1.0;1.0;0;0;0;0;0
1189316;1.44;0.93;70.0;2976.0;28.5;82.5;33.75;3.13;12.44;13.92;240.45;251.29;2.82;86836.0;70.0;70.0;51.0;4540.0;999.03;839.83;6.0;1.0;0;1.0;0;0;1.0;0;0;0;0;0;1.0;1.0;0;0;0;0;0
1189846;1.04;0.91;68.0;2927.0;28.5;82.5;33.0;1.96;9.28;14.11;234.36;276.11;2.58;86836.0;69.0;69.0;51.0;4513.0;999.23;820.30;6.0;1.0;0;1.0;0;0;1.0;0;0;0;0;0;1.0;1.0;0;0;0;0;0
1190376;1.14;0.89;67.0;2897.0;28.5;82.5;32.25;2.35;10.22;14.11;292.61;324.70;2.58;86836.0;68.0;68.0;51.0;4514.0;999.34;195.31;6.0;1.0;0;1.0;0;0;1.0;0;0;0;0;0;1.0;1.0;0;0;0;0;0
1190916;1.30;0.90;67.0;2844.0;28.5;82.5;31.5;3.13;11.45;14.11;320.78;338.02;2.58;86836.0;67.0;67.0;51.0;4510.0;999.46;39.06;6.0;1.0;0;1.0;0;0;1.0;0;0;0;0;0;1.0;1.0;0;0;0;0;0
1191446;1.47;0.92;66.0;2834.0;28.5;82.5;30.75;3.52;12.72;14.11;320.07;343.72;2.58;86836.0;67.0;67.0;51.0;4512.0;999.42;39.06;6.0;1.0;0;1.0;0;0;1.0;0;0;0;0;0;1.0;1.0;0;0;0;0;0
1191986;1.6;0.94;66.0;2797.0;28.5;82.5;30.75;3.92;13.43;14.11;332.16;317.83;2.58;86836.0;66.0;66.0;51.0;4520.0;999.42;58.59;6.0;1.0;0;1.0;0;0;1.0;0;0;0;0;0;1.0;1.0;0;0;0;0;0
1192515;1.66;0.97;66.0;2824.0;28.5;82.5;31.5;3.92;13.77;14.11;326.83;317.69;2.58;86836.0;66.0;66.0;51.0;4495.0;999.50;136.71;6.0;1.0;0;1.0;0;0;1.0;0;0;0;0;0;1.0;1.0;0;0;0;0;0
1193045;1.84;0.98;66.0;2824.0;28.5;82.5;30.75;4.31;14.92;14.01;325.56;331.54;2.58;86836.0;66.0;66.0;51.0;4506.0;999.50;839.83;6.0;1.0;0;1.0;0;0;1.0;0;0;0;0;0;1.0;1.0;0;0;0;0;0
1193586;1.06;0.95;66.0;3059.0;28.5;82.5;33.0;0.39;12.52;14.11;288.98;321.34;2.58;86837.0;66.0;66.0;51.0;4575.0;999.62;664.05;6.0;1.0;0;1.0;0;0;1.0;0;0;0;0;0;1.0;1.0;0;0;0;0;0
1194116;2.27;1.00;66.0;3164.0;28.5;82.5;26.25;5.88;16.32;14.01;301.81;326.75;2.58;86837.0;65.0;66.0;51.0;4235.0;999.58;878.89;5.0;1.0;0;1.0;0;0;1.0;0;0;0;0;0;1.0;1.0;0;0;0;0;0
1194666;2.81;0.96;66.0;3073.0;28.5;82.5;33.75;8.62;22.25;14.11;334.02;325.62;2.58;86837.0;66.0;67.0;51.0;4327.0;999.58;859.36;5.0;1.0;0;1.0;0;0;1.0;0;0;0;0;0;1.0;1.0;0;0;0;0;0
1195246;2.59;0.91;67.0;3143.0;28.5;82.5;33.75;9.02;22.25;14.11;346.07;350.54;2.58;86837.0;67.0;68.0;51.0;4464.0;999.62;644.52;5.0;1.0;0;1.0;0;0;1.0;0;0;0;0;0;1.0;1.0;0;0;0;0;0
1195786;3.58;1.00;68.0;3200.0;28.5;82.5;30.75;12.55;25.76;14.01;343.39;350.70;2.58;86837.0;68.0;69.0;51.0;4482.0;999.58;800.77;5.0;1.0;0;1.0;0;0;1.0;0;0;0;0;0;0;1.0;0;0;0;0;0
1196355;3.27;0.95;71.0;3292.0;28.5;82.5;31.5;14.11;26.54;14.01;347.53;333.20;2.58;86837.0;70.0;71.0;51.0;4522.0;999.62;97.65;5.0;1.0;0;1.0;0;0;1.0;0;0;0;0;0;1.0;1.0;0;0;0;0;0
1196886;3.37;1.01;72.0;3350.0;28.5;82.5;31.5;13.33;26.07;14.01;333.37;348.35;2.58;86837.0;73.0;73.0;51.0;4522.0;999.54;839.83;5.0;1.0;0;1.0;0;0;1.0;0;0;0;0;0;1.0;1.0;0;0;0;0;0
1197426;2.67;0.94;73.0;3387.0;28.5;82.5;35.25;9.41;22.32;14.01;345.03;352.37;2.58;86837.0;73.0;74.0;51.0;4515.0;999.66;800.77;5.0;1.0;0;1.0;0;0;1.0;0;0;0;0;0;1.0;1.0;0;0;0;0;0
1197956;2.34;0.89;75.0;3435.0;28.5;82.5;36.75;8.23;20.87;14.01;357.12;321.24;2.58;86837.0;74.0;75.0;51.0;4509.0;999.62;312.49;5.0;1.0;0;1.0;0;0;1.0;0;0;0;0;0;1.0;1.0;0;0;0;0;0
1198486;2.45;0.92;75.0;3483.0;28.5;82.5;37.5;8.62;21.03;14.01;349.45;338.37;2.58;86837.0;74.0;75.0;51.0;4501.0;999.66;664.05;5.0;1.0;0;1.0;0;0;1.0;0;0;0;0;0;1.0;1.0;0;0;0;0;0
1199026;2.89;0.92;76.0;3520.0;28.5;82.5;33.75;11.76;24.75;14.11;344.04;334.37;2.58;86837.0;75.0;77.0;51.0;4515.0;999.73;58.59;5.0;1.0;0;1.0;0;0;1.0;0;0;0;0;0;1.0;1.0;0;0;0;0;0
1199556;3.02;0.97;77.0;3571.0;28.5;82.5;34.5;11.76;24.34;14.11;311.91;310.09;2.58;86837.0;76.0;77.0;51.0;4527.0;999.73;859.36;5.0;1.0;0;1.0;0;0;1.0;0;0;0;0;0;1.0;1.0;0;0;0;0;0
1200096;3.06;0.90;78.0;3637.0;28.5;82.5;33.75;13.72;25.79;14.01;322.90;330.72;2.58;86837.0;78.0;79.0;51.0;4543.0;999.62;39.06;5.0;1.0;0;1.0;0;0;1.0;0;0;0;0;0;1.0;1.0;0;0;0;0;0
1200626;3.62;0.99;80.0;3713.0;28.5;82.5;31.5;16.47;28.26;14.01;352.75;345.99;2.58;86837.0;79.0;81.0;51.0;4532.0;999.46;664.05;5.0;1.0;0;1.0;0;0;1.0;0;0;0;0;0;1.0;1.0;0;0;0;0;0
1201156;3.88;0.99;81.0;3758.0;28.5;82.5;31.5;18.43;29.59;14.01;356.48;354.03;2.58;86837.0;80.0;82.0;51.0;4528.0;999.38;703.11;5.0;1.0;0;1.0;0;0;1.0;0;0;0;0;0;1.0;1.0;0;0;0;0;0
1201696;4.07;0.96;83.0;3842.0;28.5;82.5;28.5;20.78;32.42;14.01;358.49;352.98;2.58;86837.0;83.0;83.0;51.0;4562.0;999.30;117.18;5.0;1.0;0;1.0;0;0;1.0;0;0;0;0;0;1.0;1.0;0;0;0;0;0
1202226;3.70;1.00;85.0;3929.0;28.5;82.5;32.25;16.86;29.16;14.01;336.42;274.08;2.58;86837.0;85.0;85.0;51.0;4528.0;999.34;722.64;5.0;1.0;0;1.0;0;0;1.0;0;0;0;0;0;1.0;1.0;0;0;0;0;0
1202766;0.08;1.00;86.0;3879.0;28.5;82.5;41.25;0;4.36;14.11;268.69;333.51;2.58;86837.0;86.0;85.0;51.0;4485.0;999.23;136.71;5.0;1.0;0;1.0;0;0;1.0;0;0;0;0;0;1.0;1.0;0;0;0;0;0
1203325;2.31;1.00;85.0;3625.0;28.5;82.5;28.5;6.66;16.39;14.01;317.81;315.37;2.58;86837.0;84.0;85.0;51.0;4233.0;999.15;898.42;6.0;1.0;0;1.0;0;0;1.0;0;0;0;0;0;1.0;1.0;0;0;0;0;0
1203906;1.74;0.96;83.0;3559.0;28.5;82.5;39.0;4.70;14.33;14.11;331.07;333.53;2.58;86837.0;83.0;84.0;51.0;4364.0;999.07;898.42;6.0;1.0;0;1.0;0;0;1.0;0;0;0;0;0;1.0;1.0;0;0;0;0;0
1204436;1.52;0.93;83.0;3550.0;28.5;82.5;40.5;4.31;12.66;14.11;318.55;288.75;2.58;86837.0;83.0;83.0;51.0;4471.0;999.03;859.36;6.0;1.0;0;1.0;0;0;1.0;0;0;0;0;0;1.0;1.0;0;0;0;0;0
1204976;1.76;0.90;82.0;3510.0;28.5;82.5;39.75;5.49;15.50;14.01;211.17;313.57;2.58;86837.0;82.0;83.0;51.0;4493.0;999.07;761.70;6.0;1.0;0;1.0;0;0;1.0;0;0;0;0;0;1.0;1.0;0;0;0;0;0
1205506;2.32;0.86;82.0;3525.0;28.5;82.5;37.5;8.23;20.66;14.01;212.29;234.36;2.58;86837.0;82.0;83.0;51.0;4513.0;999.03;820.30;6.0;1.0;0;1.0;0;0;1.0;0;0;0;0;0;1.0;1.0;0;0;0;0;0
1206046;3.26;0.97;83.0;3554.0;28.5;82.5;33.0;13.72;25.89;14.11;275.91;275.58;2.58;86837.0;83.0;84.0;51.0;4528.0;998.99;683.58;6.0;1.0;0;1.0;0;0;1.0;0;0;0;0;0;1.0;1.0;0;0;0;0;0
1206576;3.00;0.96;85.0;3596.0;28.5;82.5;33.75;12.15;24.89;14.01;319.66;324.66;2.58;86837.0;84.0;85.0;51.0;4537.0;998.99;859.36;6.0;1.0;0;1.0;0;0;1.0;0;0;0;0;0;1.0;1.0;0;0;0;0;0
1207107;2.56;0.95;85.0;3604.0;28.5;82.5;38.25;8.62;21.30;14.01;344.70;346.95;2.58;86837.0;85.0;85.0;51.0;4509.0;998.99;839.83;6.0;1.0;0;1.0;0;0;1.0;0;0;0;0;0;1.0;1.0;0;0;0;0;0
1207715;2.24;0.88;85.0;3626.0;28.5;82.5;39.0;7.84;19.98;13.92;323.08;351.96;2.82;86837.0;85.0;86.0;51.0;4510.0;998.95;156.24;6.0;1.0;0;1.0;0;0;1.0;0;0;0;0;0;1.0;1.0;0;0;0;0;0
1208255;2.24;0.92;86.0;3609.0;28.5;83.25;39.75;7.45;19.42;14.01;286.93;349.84;2.58;86837.0;85.0;86.0;51.0;4498.0;998.95;820.30;6.0;1.0;0;1.0;0;0;1.0;0;0;0;0;0;1.0;1.0;0;0;0;0;0
1208785;2.27;0.91;85.0;3623.0;28.5;83.25;39.75;7.84;19.67;14.11;307.92;330.17;2.58;86837.0;85.0;86.0;51.0;4512.0;998.95;683.58;6.0;1.0;0;1.0;0;0;1.0;0;0;0;0;0;1.0;1.0;0;0;0;0;0
1209315;2.88;0.92;85.0;3618.0;28.5;83.25;36.0;11.37;23.53;14.01;307.05;319.35;2.58;86837.0;85.0;85.0;51.0;4520.0;998.95;527.33;6.0;1.0;0;1.0;0;0;1.0;0;0;0;0;0;1.0;1.0;0;0;0;0;0
1209856;3.48;0.99;86.0;3656.0;28.5;83.25;33.75;15.29;26.57;13.92;293.77;321.71;2.82;86837.0;86.0;87.0;51.0;4521.0;998.95;761.70;6.0;1.0;0;1.0;0;0;1.0;0;0;0;0;0;1.0;1.0;0;0;0;0;0
1210385;3.53;0.98;87.0;3731.0;28.5;83.25;31.5;16.47;27.77;14.01;328.47;284.31;2.58;86837.0;87.0;88.0;51.0;4544.0;998.95;546.86;6.0;1.0;0;1.0;0;0;1.0;0;0;0;0;0;1.0;1.0;0;0;0;0;0
1210926;3.26;1.00;88.0;3795.0;28.5;83.25;34.5;13.72;25.53;14.01;274.06;277.01;2.58;86837.0;87.0;89.0;51.0;4506.0;998.95;820.30;6.0;1.0;0;1.0;0;0;1.0;0;0;0;0;0;1.0;1.0;0;0;0;0;0
1211505;2.85;0.92;88.0;3778.0;28.5;83.25;36.75;11.76;24.16;14.11;269.10;248.40;2.58;86837.0;89.0;89.0;51.0;4512.0;998.95;664.05;6.0;1.0;0;1.0;0;0;1.0;0;0;0;0;0;1.0;1.0;0;0;0;0;0
1212054;2.55;0.93;90.0;3807.0;28.5;83.25;39.0;9.41;21.76;14.01;308.78;307.79;2.58;86837.0;89.0;90.0;51.0;4491.0;998.95;839.83;6.0;1.0;0;1.0;0;0;1.0;0;0;0;0;0;1.0;1.0;0;0;0;0;0
1212625;2.04;1.00;88.0;3775.0;28.5;83.25;42.75;6.27;16.41;14.01;339.21;322.88;2.58;86837.0;89.0;89.0;51.0;4472.0;998.95;898.42;6.0;1.0;0;1.0;0;0;1.0;0;0;0;0;0;1.0;1.0;0;0;0;0;0
1213155;1.84;0.97;88.0;3761.0;28.5;83.25;43.5;5.49;15.22;14.01;351.77;324.27;2.58;86837.0;88.0;89.0;51.0;4495.0;998.95;898.42;6.0;1.0;0;1.0;0;0;1.0;0;0;0;0;0;1.0;1.0;0;0;0;0;0
1213696;1.76;0.93;88.0;3722.0;28.5;83.25;42.75;5.49;14.92;14.11;334.76;349.54;2.58;86837.0;88.0;88.0;51.0;4507.0;998.95;878.89;6.0;1.0;0;1.0;0;0;1.0;0;0;0;0;0;1.0;1.0;0;0;0;0;0
1214226;2.43;0.88;88.0;3748.0;28.5;83.25;39.0;9.41;21.57;14.01;347.82;347.92;2.58;86837.0;87.0;89.0;51.0;4543.0;998.95;664.05;6.0;1.0;0;1.0;0;0;1.0;0;0;0;0;0;1.0;1.0;0;0;0;0;0
1214766;1.62;0.86;88.0;3760.0;28.5;83.25;42.75;5.88;15.07;14.11;349.11;314.23;2.58;86837.0;88.0;88.0;51.0;4506.0;998.95;371.08;6.0;1.0;0;1.0;0;0;1.0;0;0;0;0;0;1.0;1.0;0;0;0;0;0
1215346;1.98;0.87;87.0;3739.0;28.5;83.25;42.0;6.66;18.11;14.01;322.22;294.51;2.58;86837.0;87.0;88.0;51.0;4514.0;998.95;253.90;6.0;1.0;0;1.0;0;0;1.0;0;0;0;0;0;1.0;1.0;0;0;0;0;0
1215876;1.82;0.90;87.0;3743.0;28.5;83.25;42.0;5.88;16.12;14.01;297.40;311.44;2.58;86837.0;87.0;88.0;51.0;4499.0;998.95;859.36;6.0;1.0;0;1.0;0;0;1.0;0;0;0;0;0;1.0;1.0;0;0;0;0;0
1216416;1.68;0.86;87.0;3719.0;28.5;83.25;42.0;5.88;15.45;14.11;313.24;276.29;2.58;86837.0;87.0;88.0;51.0;4506.0;998.95;722.64;6.0;1.0;0;1.0;0;0;1.0;0;0;0;0;0;1.0;1.0;0;0;0;0;0
1216946;1.60;0.83;87.0;3678.0;28.5;83.25;42.75;5.49;15.51;13.92;261.38;293.94;2.82;86837.0;87.0;87.0;51.0;4515.0;998.95;58.59;6.0;1.0;0;1.0;0;0;1.0;0;0;0;0;0;1.0;1.0;0;0;0;0;0
1217487;1.61;0.87;86.0;3659.0;28.5;83.25;42.0;5.49;14.80;14.11;305.0;320.58;2.58;86837.0;87.0;87.0;51.0;4514.0;998.95;761.70;6.0;1.0;0;1.0;0;0;1.0;0;0;0;0;0;1.0;1.0;0;0;0;0;0
1218016;1.52;0.85;86.0;3662.0;28.5;83.25;42.0;5.09;14.22;14.01;316.67;343.37;2.58;86837.0;86.0;86.0;51.0;4510.0;998.91;468.74;6.0;1.0;0;1.0;0;0;1.0;0;0;0;0;0;1.0;1.0;0;0;0;0;0
1218555;1.42;0.85;85.0;3613.0;28.5;83.25;41.25;4.70;13.26;14.11;313.51;334.37;2.58;86837.0;85.0;86.0;51.0;4514.0;998.91;97.65;6.0;1.0;0;1.0;0;0;1.0;0;0;0;0;0;1.0;1.0;0;0;0;0;0
1219086;1.05;0.87;85.0;3612.0;28.5;83.25;41.25;3.13;9.62;14.01;332.43;321.07;2.58;86837.0;84.0;85.0;51.0;4526.0;998.91;234.37;6.0;1.0;0;1.0;0;0;1.0;0;0;0;0;0;1.0;1.0;0;0;0;0;0
1219616;0.62;0.87;83.0;3533.0;28.5;83.25;39.75;1.17;5.61;13.92;341.83;292.98;2.82;86837.0;83.0;84.0;51.0;4547.0;998.91;39.06;6.0;1.0;0;1.0;0;0;1.0;0;0;0;0;0;1.0;1.0;0;0;0;0;0
1220156;0.6;1.00;82.0;3462.0;28.5;83.25;-30.0;0;0;14.11;336.48;294.88;2.58;86837.0;82.0;82.0;51.0;4544.0;998.91;0;6.0;1.0;0;1.0;0;0;1.0;0;0;0;0;0;1.0;1.0;0;0;0;0;0
1220686;0.61;1.00;80.0;3362.0;28.5;83.25;-30.0;0;0;14.11;335.05;303.51;2.58;86837.0;80.0;79.0;51.0;4546.0;998.84;0;6.0;1.0;0;1.0;0;0;1.0;0;0;0;0;0;1.0;1.0;0;0;0;0;0
1221228;0.63;1.00;77.0;3293.0;28.5;83.25;-30.0;0;0;14.11;290.86;313.45;2.58;86837.0;78.0;78.0;51.0;4536.0;998.84;0;6.0;1.0;0;1.0;0;0;1.0;0;0;0;0;0;1.0;1.0;0;0;0;0;0
1221756;0.68;1.00;73.0;3150.0;28.5;83.25;-30.0;0;0;14.11;287.30;330.21;2.58;86837.0;74.0;74.0;51.0;4539.0;998.80;0;6.0;1.0;0;1.0;0;0;1.0;0;0;0;0;0;1.0;1.0;0;0;0;0;0
1222296;0.70;1.00;70.0;2982.0;28.5;83.25;-30.0;0;0;14.20;239.59;260.02;2.58;86837.0;69.0;70.0;51.0;4533.0;998.84;0;6.0;1.0;0;1.0;0;0;1.0;0;0;0;0;0;1.0;1.0;0;0;0;0;0
1222826;0.74;1.00;65.0;2750.0;28.5;83.25;-30.0;0;0;14.11;256.35;239.49;2.58;86837.0;64.0;65.0;51.0;4535.0;998.87;0;6.0;1.0;0;1.0;0;0;1.0;0;0;0;0;0;1.0;1.0;0;0;0;0;0
1223366;0.92;1.00;58.0;2500.0;28.5;83.25;0.75;0;7.86;14.20;291.79;294.88;2.58;86837.0;58.0;59.0;51.0;4334.0;998.87;0;6.0;1.0;0;1.0;0;0;1.0;0;0;1.0;0;0;1.0;1.0;0;0;0;0;0
1223896;0.95;1.00;52.0;2229.0;28.5;83.25;15.0;0;12.50;14.01;315.56;240.23;2.58;86837.0;53.0;53.0;45.0;4291.0;998.87;19.53;6.0;1.0;0;1.0;0;0;1.0;0;0;1.0;0;0;1.0;1.0;0;0;0;0;0
1224436;0.97;1.00;48.0;2085.0;28.5;83.25;14.25;0;12.47;14.20;240.82;164.30;2.58;86837.0;49.0;49.0;45.0;4445.0;998.91;39.06;6.0;1.0;0;1.0;0;0;1.0;0;0;1.0;0;0;1.0;1.0;0;0;0;0;0
1224966;1.0;1.00;47.0;2026.0;28.5;83.25;14.25;0;12.47;14.20;149.83;115.94;2.58;86837.0;48.0;47.0;45.0;4491.0;998.91;19.53;6.0;1.0;0;1.0;0;0;1.0;0;0;1.0;0;0;1.0;1.0;0;0;0;0;0
1225506;1.02;1.00;46.0;1968.0;28.5;83.25;13.5;0;12.48;14.20;141.53;92.86;2.58;86837.0;46.0;46.0;44.0;4512.0;998.91;39.06;6.0;1.0;0;1.0;0;0;1.0;0;0;1.0;0;0;1.0;1.0;0;0;0;0;0
1226036;1.0;1.00;45.0;1928.0;28.5;83.25;15.75;0;12.48;14.11;94.21;63.72;2.58;86837.0;45.0;45.0;44.0;4507.0;998.91;39.06;6.0;1.0;0;1.0;0;0;1.0;0;0;1.0;0;0;0;1.0;0;0;0;0;0
1226566;1.05;1.00;43.0;1874.0;28.5;83.25;14.25;0;12.48;14.20;61.75;44.58;2.58;86837.0;44.0;44.0;44.0;4510.0;998.91;39.06;6.0;1.0;0;1.0;0;0;1.0;0;0;1.0;0;0;1.0;1.0;0;0;0;0;0
1227106;1.05;1.00;42.0;1843.0;28.5;83.25;15.0;0;12.46;14.11;47.36;43.53;2.58;86837.0;43.0;43.0;43.0;4519.0;998.91;292.96;6.0;1.0;0;1.0;0;0;1.0;0;0;1.0;0;0;1.0;1.0;0;0;0;0;0
1227646;1.09;1.00;42.0;1804.0;28.5;83.25;14.25;0;12.47;14.11;32.65;28.92;2.58;86837.0;42.0;42.0;44.0;4514.0;998.91;878.89;6.0;1.0;0;1.0;0;0;1.0;0;0;1.0;0;0;1.0;1.0;0;0;0;0;0
1228176;1.05;0.99;41.0;1792.0;28.5;83.25;15.0;0;12.41;14.11;24.74;26.85;2.58;86837.0;41.0;41.0;45.0;4507.0;998.91;761.70;6.0;1.0;0;1.0;0;0;1.0;0;0;1.0;0;0;1.0;1.0;0;0;0;0;0
1228706;1.11;0.97;41.0;1737.0;28.5;83.25;14.25;0;12.52;14.20;15.35;16.62;2.58;86837.0;41.0;40.0;44.0;4509.0;998.91;859.36;6.0;1.0;0;1.0;0;0;1.0;0;0;1.0;0;0;1.0;1.0;0;0;0;0;0
1229246;1.12;0.95;40.0;1659.0;28.5;83.25;14.25;0;12.44;14.20;10.54;15.58;2.58;86837.0;40.0;40.0;46.0;4513.0;998.91;820.30;6.0;1.0;0;1.0;0;0;1.0;0;0;1.0;0;0;1.0;1.0;0;0;0;0;0
1229776;1.09;0.94;40.0;1692.0;28.5;83.25;15.0;0;12.50;14.20;15.07;16.97;2.58;86837.0;40.0;39.0;46.0;4519.0;998.91;703.11;6.0;1.0;0;1.0;0;0;1.0;0;0;1.0;0;0;1.0;1.0;0;0;0;0;0
1230316;1.07;0.92;38.0;1679.0;28.5;83.25;15.0;0;12.49;14.20;19.68;18.37;2.58;86837.0;39.0;39.0;44.0;4523.0;998.91;390.62;6.0;1.0;0;1.0;0;0;1.0;0;0;1.0;0;0;1.0;1.0;0;0;0;0;0
1230846;0.87;1.00;38.0;1847.0;28.5;83.25;9.0;0.39;11.17;14.20;21.30;17.10;2.58;86837.0;39.0;38.0;51.0;4456.0;998.91;917.95;6.0;1.0;0;1.0;0;0;1.0;0;0;1.0;0;0;1.0;1.0;0;0;0;0;0
1231406;1.34;1.00;37.0;1479.0;28.5;83.25;15.0;0;12.60;14.29;29.88;27.28;2.58;86837.0;38.0;38.0;44.0;4517.0;998.91;136.71;5.0;1.0;0;1.0;0;0;1.0;0;0;1.0;0;0;1.0;1.0;0;0;0;0;0
1231936;1.36;1.00;37.0;1426.0;28.5;83.25;14.25;0;12.49;14.29;23.96;19.86;2.58;86837.0;38.0;38.0;44.0;4488.0;998.91;878.89;5.0;1.0;0;1.0;0;0;1.0;0;0;1.0;0;0;1.0;1.0;0;0;0;0;0
1232476;2.00;0.99;37.0;2057.0;28.5;83.25;7.5;2.74;11.92;14.11;36.24;49.27;2.58;86837.0;37.0;37.0;51.0;4537.0;998.91;78.12;4.0;1.0;0;1.0;0;0;1.0;0;0;1.0;0;0;1.0;1.0;0;0;0;0;0
1233006;2.07;1.00;37.0;1981.0;28.5;84.0;13.5;2.74;14.27;14.20;133.46;141.20;2.58;86837.0;38.0;38.0;50.0;4513.0;998.91;820.30;4.0;1.0;0;1.0;0;0;1.0;0;0;1.0;0;0;1.0;1.0;0;0;0;0;0
1233545;1.23;0.99;38.0;2192.0;29.25;84.0;21.75;1.17;8.76;14.20;115.20;104.29;2.58;86837.0;38.0;38.0;50.0;4478.0;998.99;878.89;3.0;1.0;0;1.0;0;0;1.0;0;0;1.0;0;0;1.0;1.0;0;0;0;0;0
1234076;1.28;0.97;37.0;2351.0;29.25;84.0;22.5;1.56;9.86;14.11;105.46;101.08;2.58;86837.0;38.0;38.0;50.0;4478.0;999.19;878.89;3.0;1.0;0;1.0;0;0;1.0;0;0;1.0;0;0;1.0;1.0;0;0;0;0;0
1234616;1.41;0.96;37.0;2324.0;29.25;84.0;22.5;1.96;11.13;14.20;106.55;115.89;2.58;86837.0;37.0;38.0;50.0;4510.0;999.23;820.30;3.0;1.0;0;1.0;0;0;1.0;0;0;1.0;0;0;1.0;1.0;0;0;0;0;0
1235146;0.95;1.00;37.0;2083.0;29.25;84.0;15.0;0;12.50;14.20;194.73;210.10;2.58;86837.0;37.0;37.0;45.0;4562.0;999.23;800.77;3.0;1.0;0;1.0;0;0;1.0;0;0;1.0;0;0;1.0;1.0;0;0;0;0;0
1235687;1.2;1.00;36.0;2080.0;29.25;84.0;18.75;0.39;12.44;14.11;169.63;150.34;2.58;86837.0;37.0;36.0;50.0;4522.0;999.27;58.59;3.0;1.0;0;1.0;0;0;1.0;0;0;1.0;0;0;1.0;1.0;0;0;0;0;0
1236216;1.12;1.00;36.0;2213.0;29.25;84.0;21.0;0.39;8.70;14.11;212.25;180.67;2.58;86837.0;36.0;36.0;50.0;4493.0;999.23;917.95;3.0;1.0;0;1.0;0;0;1.0;0;0;1.0;0;0;1.0;1.0;0;0;0;0;0
1236756;2.03;0.98;36.0;2222.0;29.25;84.0;21.75;2.74;14.82;14.11;270.08;214.81;2.58;86837.0;36.0;36.0;50.0;4512.0;999.42;859.36;3.0;1.0;0;1.0;0;0;1.0;0;0;1.0;0;0;1.0;1.0;0;0;0;0;0
1237286;2.99;0.96;37.0;2327.0;29.25;84.0;22.5;7.05;22.49;14.01;299.96;256.37;2.58;86837.0;37.0;38.0;50.0;4453.0;999.34;878.89;3.0;1.0;0;1.0;0;0;1.0;0;0;1.0;0;0;1.0;1.0;0;0;0;0;0
1237816;2.72;0.93;40.0;2485.0;29.25;84.0;24.75;7.45;22.30;14.01;306.73;205.96;2.58;86837.0;40.0;41.0;50.0;4513.0;999.58;820.30;3.0;1.0;0;1.0;0;0;1.0;0;0;1.0;0;0;1.0;1.0;0;0;0;0;0
1238356;2.41;0.92;42.0;2617.0;29.25;84.0;27.75;6.27;20.64;14.11;335.42;254.33;2.58;86837.0;43.0;43.0;50.0;4525.0;999.58;39.06;3.0;1.0;0;1.0;0;0;1.0;0;0;1.0;0;0;1.0;1.0;0;0;0;0;0
1238886;2.06;0.96;43.0;2728.0;29.25;84.0;30.0;4.70;17.41;14.01;336.20;235.92;2.58;86837.0;44.0;44.0;50.0;4532.0;999.77;722.64;3.0;1.0;0;1.0;0;0;1.0;0;0;1.0;0;0;1.0;1.0;0;0;0;0;0
1239426;1.88;0.95;46.0;2808.0;29.25;84.0;30.75;3.92;15.52;14.01;340.62;225.76;2.58;86837.0;45.0;46.0;50.0;4528.0;999.89;859.36;3.0;1.0;0;1.0;0;0;1.0;0;0;1.0;0;0;1.0;1.0;0;0;0;0;0
1239956;2.03;0.92;46.0;2859.0;29.25;84.0;31.5;5.09;17.44;13.92;309.53;196.43;2.82;86837.0;47.0;47.0;50.0;4523.0;999.89;820.30;3.0;1.0;0;1.0;0;0;1.0;0;0;1.0;0;0;1.0;1.0;0;0;0;0;0
1240496;3.12;0.91;48.0;2975.0;29.25;84.0;32.25;9.02;24.08;14.01;221.56;184.34;2.58;86837.0;48.0;48.0;50.0;4473.0;999.93;878.89;3.0;1.0;0;1.0;0;0;1.0;0;0;1.0;0;0;1.0;1.0;0;0;0;0;0
1241026;3.13;0.95;51.0;3135.0;28.5;84.0;32.25;10.98;25.79;14.11;296.40;261.85;2.58;86837.0;51.0;52.0;50.0;4508.0;1000.01;820.30;3.0;1.0;0;1.0;0;0;1.0;0;0;1.0;0;0;1.0;1.0;0;0;0;0;0
1241566;2.87;0.90;53.0;3293.0;28.5;84.0;33.75;10.98;25.37;13.92;327.08;313.59;2.82;86837.0;53.0;54.0;50.0;4514.0;1000.05;58.59;3.0;1.0;0;1.0;0;0;1.0;0;0;1.0;0;0;1.0;1.0;0;0;0;0;0
1242096;3.67;0.96;56.0;3503.0;28.5;84.0;30.0;16.08;29.62;13.92;340.23;336.24;2.82;86837.0;56.0;57.0;50.0;4545.0;1000.09;117.18;3.0;1.0;0;1.0;0;0;1.0;0;0;1.0;0;0;1.0;1.0;0;0;0;0;0
1242636;0.07;1.00;58.0;3748.0;28.5;84.0;41.25;0;5.39;14.01;351.28;345.05;2.58;86837.0;59.0;59.0;50.0;4485.0;1000.12;761.70;3.0;1.0;0;1.0;0;0;1.0;0;0;0;0;0;1.0;1.0;0;0;0;0;0
1243166;3.88;1.00;62.0;3228.0;28.5;84.0;30.0;14.90;27.49;14.01;313.98;351.98;2.58;86837.0;61.0;62.0;50.0;4249.0;1000.12;820.30;4.0;1.0;0;1.0;0;0;1.0;0;0;0;0;0;1.0;1.0;0;0;0;0;0
1243706;3.43;0.95;63.0;3319.0;28.5;84.0;30.75;14.90;27.26;14.01;323.24;346.57;2.58;86837.0;63.0;64.0;50.0;4385.0;1000.01;136.71;4.0;1.0;0;1.0;0;0;1.0;0;0;0;0;0;1.0;1.0;0;0;0;0;0
1244246;3.51;1.01;66.0;3463.0;28.5;84.0;31.5;14.51;26.70;14.01;282.95;328.76;2.58;86837.0;66.0;66.0;50.0;4490.0;1000.05;859.36;4.0;1.0;0;1.0;0;0;1.0;0;0;0;0;0;1.0;1.0;0;0;0;0;0
1244776;3.25;0.95;68.0;3602.0;28.5;84.0;33.0;14.51;26.42;14.01;218.71;343.04;2.58;86837.0;68.0;69.0;50.0;4507.0;1000.01;136.71;4.0;1.0;0;1.0;0;0;1.0;0;0;0;0;0;1.0;1.0;0;0;0;0;0
1245306;2.4;1.00;70.0;3668.0;28.5;83.25;40.5;7.84;19.81;14.01;222.38;301.79;2.58;86837.0;70.0;71.0;51.0;4496.0;999.93;898.42;4.0;1.0;0;1.0;0;0;1.0;0;0;0;0;0;1.0;1.0;0;0;0;0;0
1245846;2.04;0.95;71.0;3717.0;28.5;83.25;42.0;6.66;17.03;14.01;211.39;297.91;2.58;86837.0;71.0;72.0;51.0;4481.0;1000.01;878.89;4.0;1.0;0;1.0;0;0;1.0;0;0;0;0;0;1.0;1.0;0;0;0;0;0
1246376;2.50;0.90;71.0;3705.0;28.5;83.25;40.5;8.23;19.87;14.11;216.07;310.70;2.58;86837.0;71.0;72.0;51.0;4469.0;1000.05;898.42;4.0;1.0;0;1.0;0;0;1.0;0;0;0;0;0;1.0;1.0;0;0;0;0;0
1246926;3.08;0.94;73.0;3814.0;28.5;83.25;36.0;12.94;25.00;14.01;245.90;335.46;2.58;86837.0;72.0;73.0;51.0;4559.0;999.97;624.99;4.0;1.0;0;1.0;0;0;1.0;0;0;0;0;0;1.0;1.0;0;0;0;0;0
1247447;2.28;1.00;72.0;3397.0;28.5;83.25;24.0;5.88;14.52;14.01;255.33;346.95;2.58;86838.0;72.0;73.0;51.0;4312.0;999.85;878.89;5.0;1.0;0;1.0;0;0;1.0;0;0;0;0;0;1.0;1.0;0;0;0;0;0
1247976;3.12;0.97;73.0;3412.0;28.5;83.25;33.0;10.98;23.81;14.01;320.93;350.05;2.58;86838.0;73.0;74.0;51.0;4268.0;999.77;839.83;5.0;1.0;0;1.0;0;0;1.0;0;0;0;0;0;1.0;1.0;0;0;0;0;0
1248516;2.92;0.91;75.0;3469.0;28.5;83.25;33.75;11.76;24.56;13.92;337.55;355.23;2.82;86838.0;74.0;75.0;51.0;4417.0;999.81;312.49;5.0;1.0;0;1.0;0;0;1.0;0;0;0;0;0;1.0;1.0;0;0;0;0;0
1249046;2.95;0.95;76.0;3515.0;28.5;83.25;33.75;11.37;24.29;14.01;327.14;353.88;2.58;86838.0;75.0;76.0;51.0;4478.0;999.85;781.24;5.0;1.0;0;1.0;0;0;1.0;0;0;0;0;0;1.0;1.0;0;0;0;0;0
1249586;2.86;0.91;76.0;3518.0;28.5;83.25;34.5;11.37;24.33;13.92;323.43;354.50;2.82;86838.0;76.0;77.0;51.0;4519.0;999.73;566.39;5.0;1.0;0;1.0;0;0;1.0;0;0;0;0;0;1.0;1.0;0;0;0;0;0
1250115;2.60;0.94;77.0;3560.0;28.5;83.25;37.5;9.41;21.83;14.01;328.02;329.76;2.58;86838.0;76.0;77.0;51.0;4505.0;999.54;820.30;5.0;1.0;0;1.0;0;0;1.0;0;0;0;0;0;1.0;1.0;0;0;0;0;0
1250656;2.40;0.91;77.0;3548.0;28.5;83.25;38.25;8.23;20.86;14.01;324.17;341.18;2.58;86838.0;77.0;77.0;51.0;4523.0;999.42;722.64;5.0;1.0;0;1.0;0;0;1.0;0;0;0;0;0;1.0;1.0;0;0;0;0;0
1251186;3.16;0.98;77.0;3593.0;28.5;83.25;33.75;12.15;24.80;14.01;326.05;341.09;2.58;86838.0;77.0;78.0;51.0;4515.0;999.46;839.83;5.0;1.0;0;1.0;0;0;1.0;0;0;0;0;0;1.0;1.0;0;0;0;0;0
1251726;2.77;0.99;78.0;3614.0;28.5;83.25;37.5;9.80;22.05;14.01;225.51;289.82;2.58;86838.0;78.0;79.0;51.0;4504.0;999.54;859.36;5.0;1.0;0;1.0;0;0;1.0;0;0;0;0;0;1.0;1.0;0;0;0;0;0
1252256;2.28;0.93;78.0;3630.0;28.5;83.25;39.75;7.45;19.41;14.01;170.92;232.21;2.58;86838.0;78.0;79.0;51.0;4500.0;999.38;800.77;5.0;1.0;0;1.0;0;0;1.0;0;0;0;0;0;1.0;1.0;0;0;0;0;0
1252796;2.87;0.87;78.0;3634.0;28.5;83.25;35.25;11.76;24.57;14.01;256.60;276.29;2.58;86838.0;78.0;79.0;51.0;4528.0;999.30;156.24;5.0;1.0;0;1.0;0;0;1.0;0;0;0;0;0;1.0;1.0;0;0;0;0;0
1253326;2.95;0.94;80.0;3705.0;28.5;83.25;35.25;12.15;24.57;14.01;305.35;319.13;2.58;86838.0;79.0;80.0;51.0;4518.0;999.19;781.24;5.0;1.0;0;1.0;0;0;1.0;0;0;0;0;0;1.0;1.0;0;0;0;0;0
1253866;2.80;0.92;80.0;3695.0;28.5;83.25;36.75;11.37;23.74;14.11;324.70;338.65;2.58;86838.0;79.0;80.0;51.0;4511.0;999.11;644.52;5.0;1.0;0;1.0;0;0;1.0;0;0;0;0;0;1.0;1.0;0;0;0;0;0
1254396;0;1.00;80.0;3885.0;28.5;83.25;41.25;0;4.45;14.01;341.42;346.16;2.58;86838.0;80.0;80.0;51.0;4567.0;999.07;39.06;5.0;1.0;0;1.0;0;0;1.0;0;0;0;0;0;1.0;1.0;0;0;0;0;0
1254936;3.08;1.00;80.0;3389.0;28.5;83.25;34.5;10.19;22.88;13.92;333.70;293.22;2.82;86838.0;79.0;80.0;51.0;4238.0;999.03;878.89;6.0;1.0;0;1.0;0;0;1.0;0;0;0;0;0;1.0;1.0;0;0;0;0;0
1255466;3.16;0.93;81.0;3432.0;28.5;84.0;33.0;12.94;25.56;14.01;303.90;325.17;2.58;86838.0;80.0;81.0;50.0;4364.0;999.03;390.62;6.0;1.0;0;1.0;0;0;1.0;0;0;0;0;0;1.0;1.0;0;0;0;0;0
1256006;3.16;0.96;81.0;3435.0;28.5;84.0;33.0;12.55;25.42;14.01;303.12;347.34;2.58;86838.0;80.0;81.0;50.0;4474.0;998.99;820.30;6.0;1.0;0;1.0;0;0;1.0;0;0;0;0;0;1.0;1.0;0;0;0;0;0
1256535;2.98;0.95;81.0;3463.0;28.5;84.0;33.75;11.76;24.60;14.01;335.74;339.80;2.58;86838.0;81.0;82.0;50.0;4500.0;998.99;820.30;6.0;1.0;0;1.0;0;0;1.0;0;0;0;0;0;1.0;1.0;0;0;0;0;0
1257076;3.26;0.92;82.0;3505.0;28.5;84.0;32.25;14.90;26.58;14.01;336.05;339.06;2.58;86838.0;81.0;82.0;50.0;4511.0;998.95;39.06;6.0;1.0;0;1.0;0;0;1.0;0;0;0;0;0;1.0;1.0;0;0;0;0;0
1257606;3.27;0.99;82.0;3538.0;28.5;84.0;32.25;13.33;25.74;14.01;335.83;291.07;2.58;86838.0;82.0;83.0;50.0;4504.0;998.95;859.36;6.0;1.0;0;1.0;0;0;1.0;0;0;0;0;0;1.0;1.0;0;0;0;0;0
1258146;2.83;0.95;83.0;3535.0;28.5;84.0;36.0;10.98;23.43;14.01;339.68;319.15;2.58;86838.0;83.0;84.0;50.0;4515.0;998.95;839.83;6.0;1.0;0;1.0;0;0;1.0;0;0;0;0;0;1.0;1.0;0;0;0;0;0
1258676;2.23;0.88;83.0;3551.0;28.5;84.0;39.0;7.84;20.18;14.01;350.01;340.01;2.58;86838.0;83.0;84.0;50.0;4510.0;998.95;605.46;6.0;1.0;0;1.0;0;0;1.0;0;0;0;0;0;1.0;1.0;0;0;0;0;0
1259216;2.0;0.89;83.0;3517.0;28.5;84.0;40.5;6.27;17.94;14.01;355.09;335.58;2.58;86838.0;83.0;83.0;50.0;4516.0;998.95;820.30;6.0;1.0;0;1.0;0;0;1.0;0;0;0;0;0;1.0;1.0;0;0;0;0;0
1259746;2.0;0.88;82.0;3483.0;28.5;84.0;39.75;6.66;17.95;14.01;355.25;343.63;2.58;86838.0;82.0;83.0;50.0;4505.0;998.95;664.05;6.0;1.0;0;1.0;0;0;1.0;0;0;0;0;0;1.0;1.0;0;0;0;0;0
1260288;1.97;0.86;82.0;3503.0;28.5;84.0;39.75;6.66;18.24;14.01;338.00;332.42;2.58;86838.0;82.0;82.0;50.0;4511.0;998.95;78.12;6.0;1.0;0;1.0;0;0;1.0;0;0;0;0;0;1.0;1.0;0;0;0;0;0
1260816;2.11;0.91;81.0;3464.0;28.5;84.0;39.0;6.66;18.47;14.01;329.56;351.59;2.58;86838.0;81.0;82.0;50.0;4517.0;998.95;859.36;6.0;1.0;0;1.0;0;0;1.0;0;0;0;0;0;1.0;1.0;0;0;0;0;0
1261356;2.07;0.87;81.0;3448.0;28.5;84.0;38.25;7.05;18.87;14.11;348.31;343.45;2.58;86838.0;81.0;81.0;50.0;4511.0;998.95;605.46;6.0;1.0;0;1.0;0;0;1.0;0;0;0;0;0;1.0;1.0;0;0;0;0;0
1261935;2.64;0.88;81.0;3431.0;28.5;84.0;35.25;10.19;22.82;14.01;319.58;352.75;2.58;86838.0;81.0;81.0;50.0;4516.0;998.87;58.59;6.0;1.0;0;1.0;0;0;1.0;0;0;0;0;0;1.0;1.0;0;0;0;0;0
1262476;2.79;0.95;81.0;3442.0;28.5;84.0;35.25;10.58;23.10;14.01;339.00;341.93;2.58;86838.0;81.0;81.0;50.0;4511.0;998.68;820.30;6.0;1.0;0;1.0;0;0;1.0;0;0;0;0;0;1.0;1.0;0;0;0;0;0
1263006;2.78;0.91;81.0;3466.0;28.5;84.0;34.5;10.98;23.90;14.01;337.18;340.60;2.58;86838.0;81.0;81.0;50.0;4514.0;998.45;136.71;6.0;1.0;0;1.0;0;0;1.0;0;0;0;0;0;1.0;1.0;0;0;0;0;0
1263547;2.93;0.96;81.0;3453.0;28.5;84.0;34.5;10.98;24.04;14.01;317.12;318.24;2.58;86838.0;81.0;82.0;50.0;4512.0;998.37;859.36;6.0;1.0;0;1.0;0;0;1.0;0;0;0;0;0;1.0;1.0;0;0;0;0;0
1264076;2.76;0.91;81.0;3472.0;28.5;84.0;34.5;10.98;23.68;14.11;344.35;339.88;2.58;86838.0;81.0;82.0;50.0;4516.0;998.21;292.96;6.0;1.0;0;1.0;0;0;1.0;0;0;0;0;0;1.0;1.0;0;0;0;0;0
1264616;2.63;0.94;82.0;3507.0;28.5;84.0;36.0;9.41;22.22;14.01;339.58;338.51;2.58;86838.0;81.0;82.0;50.0;4503.0;998.09;839.83;6.0;1.0;0;1.0;0;0;1.0;0;0;0;0;0;1.0;1.0;0;0;0;0;0
1265247;2.52;0.91;81.0;3454.0;28.5;84.0;36.75;9.41;21.95;14.01;344.48;350.36;2.58;86838.0;82.0;82.0;50.0;4514.0;997.98;488.27;6.0;1.0;0;1.0;0;0;1.0;0;0;0;0;0;1.0;1.0;0;0;0;0;0
1265776;2.50;0.92;82.0;3487.0;28.5;84.0;36.75;9.02;21.69;14.11;351.12;335.05;2.58;86838.0;81.0;82.0;50.0;4505.0;997.90;664.05;6.0;1.0;0;1.0;0;0;1.0;0;0;0;0;0;1.0;1.0;0;0;0;0;0
1266316;2.44;0.91;81.0;3457.0;28.5;84.0;37.5;8.62;21.13;14.01;353.80;356.11;2.58;86838.0;82.0;82.0;50.0;4510.0;997.86;703.11;6.0;1.0;0;1.0;0;0;1.0;0;0;0;0;0;1.0;1.0;0;0;0;0;0
1266845;2.02;0.88;81.0;3424.0;28.5;84.0;38.25;6.66;18.31;13.92;351.75;352.14;2.82;86838.0;80.0;81.0;50.0;4513.0;997.82;449.21;6.0;1.0;0;1.0;0;0;1.0;0;0;0;0;0;1.0;1.0;0;0;0;0;0
1267386;1.79;0.88;81.0;3434.0;28.5;84.0;39.0;5.88;16.18;14.11;320.99;360.07;2.58;86838.0;81.0;81.0;50.0;4511.0;997.78;781.24;6.0;1.0;0;1.0;0;0;1.0;0;0;0;0;0;1.0;1.0;0;0;0;0;0
1267918;1.57;0.85;80.0;3396.0;28.5;84.0;39.0;5.09;14.82;14.01;340.54;354.27;2.58;86838.0;79.0;80.0;50.0;4521.0;997.78;273.43;6.0;1.0;0;1.0;0;0;1.0;0;0;0;0;0;1.0;1.0;0;0;0;0;0
1268461;1.12;0.86;77.0;3248.0;28.5;84.0;37.5;3.13;10.35;14.01;336.83;310.42;2.58;86838.0;78.0;78.0;50.0;4515.0;997.78;39.06;6.0;1.0;0;1.0;0;0;1.0;0;0;0;0;0;1.0;1.0;0;0;0;0;0
1269016;0.66;1.00;75.0;3181.0;28.5;84.0;28.5;0;12.52;14.01;287.98;210.27;2.58;86838.0;75.0;75.0;50.0;4545.0;997.74;19.53;6.0;1.0;0;1.0;0;0;1.0;0;0;0;0;0;1.0;1.0;0;0;0;0;0
1269546;1.59;1.00;73.0;3143.0;28.5;84.0;35.25;3.52;11.97;14.01;208.30;190.08;2.58;86838.0;73.0;73.0;50.0;4222.0;997.66;859.36;6.0;1.0;0;1.0;0;0;1.0;0;0;0;0;0;1.0;1.0;0;0;0;0;0
1270086;1.84;0.99;72.0;3064.0;28.5;84.0;35.25;4.31;14.51;14.01;291.87;251.81;2.58;86838.0;72.0;72.0;50.0;4328.0;997.51;878.89;6.0;1.0;0;1.0;0;0;1.0;0;0;0;0;0;1.0;1.0;0;0;0;0;0
1270616;2.12;0.96;71.0;3024.0;28.5;84.0;34.5;5.88;17.41;14.01;328.35;305.44;2.58;86838.0;71.0;71.0;50.0;4445.0;997.35;859.36;6.0;1.0;0;1.0;0;0;1.0;0;0;0;0;0;1.0;1.0;0;0;0;0;0
1271156;2.15;0.92;70.0;2995.0;28.5;84.0;34.5;6.27;18.67;14.11;345.77;335.21;2.58;86838.0;70.0;71.0;50.0;4487.0;997.43;820.30;6.0;1.0;0;1.0;0;0;1.0;0;0;0;0;0;1.0;1.0;0;0;0;0;0
1271687;2.44;0.88;70.0;2985.0;28.5;84.0;33.75;8.23;21.37;14.01;356.55;351.75;2.58;86838.0;70.0;70.0;50.0;4506.0;997.47;624.99;6.0;1.0;0;1.0;0;0;1.0;0;0;0;0;0;1.0;1.0;0;0;0;0;0
1272225;2.42;0.88;70.0;2971.0;28.5;84.0;33.0;8.23;21.88;14.11;360.97;358.16;2.58;86838.0;70.0;70.0;50.0;4510.0;997.31;39.06;6.0;1.0;0;1.0;0;0;1.0;0;0;0;0;0;1.0;1.0;0;0;0;0;0
1272836;2.53;0.93;70.0;2976.0;28.5;84.0;33.0;8.23;21.59;14.11;310.01;325.58;2.58;86838.0;69.0;70.0;50.0;4508.0;997.04;390.62;6.0;1.0;0;1.0;0;0;1.0;0;0;0;0;0;1.0;1.0;0;0;0;0;0
1273365;2.56;0.94;70.0;2991.0;28.5;84.0;33.75;8.23;21.67;14.01;249.59;249.00;2.58;86838.0;70.0;70.0;50.0;4512.0;996.84;820.30;6.0;1.0;0;1.0;0;0;1.0;0;0;0;0;0;1.0;1.0;0;0;0;0;0
1273906;2.44;0.91;70.0;2985.0;28.5;84.0;33.75;8.23;21.26;14.01;307.07;303.55;2.58;86838.0;69.0;70.0;50.0;4514.0;996.77;136.71;6.0;1.0;0;1.0;0;0;1.0;0;0;0;0;0;1.0;1.0;0;0;0;0;0
1274485;2.44;0.95;70.0;2976.0;28.5;84.0;33.75;7.45;20.62;13.92;249.76;235.18;2.82;86838.0;70.0;70.0;50.0;4530.0;996.69;839.83;6.0;1.0;0;1.0;0;0;1.0;0;0;0;0;0;1.0;1.0;0;0;0;0;0
1275015;2.21;0.90;70.0;2964.0;28.5;84.0;33.75;6.66;19.59;14.01;241.01;229.28;2.58;86838.0;69.0;70.0;50.0;4516.0;996.61;371.08;6.0;1.0;0;1.0;0;0;1.0;0;0;0;0;0;1.0;1.0;0;0;0;0;0
1275555;2.10;0.91;68.0;2941.0;28.5;84.0;33.75;6.27;18.48;14.01;212.97;207.70;2.58;86838.0;69.0;69.0;50.0;4516.0;996.57;97.65;6.0;1.0;0;1.0;0;0;1.0;0;0;0;0;0;1.0;1.0;0;0;0;0;0
1276096;2.08;0.93;68.0;2926.0;29.25;84.0;33.0;6.27;17.93;14.11;283.04;258.69;2.58;86838.0;69.0;69.0;50.0;4516.0;996.53;781.24;6.0;1.0;0;1.0;0;0;1.0;0;0;0;0;0;1.0;1.0;0;0;0;0;0
1276625;2.04;0.91;68.0;2900.0;29.25;84.0;33.0;5.88;17.62;14.01;318.12;293.63;2.58;86838.0;68.0;68.0;50.0;4513.0;996.53;78.12;6.0;1.0;0;1.0;0;0;1.0;0;0;0;0;0;1.0;1.0;0;0;0;0;0
1277155;2.08;0.95;67.0;2883.0;29.25;84.0;32.25;5.88;17.72;14.11;333.86;327.30;2.58;86838.0;67.0;68.0;50.0;4510.0;996.53;820.30;6.0;1.0;0;1.0;0;0;1.0;0;0;0;0;0;1.0;1.0;0;0;0;0;0
1277695;2.04;0.91;66.0;2817.0;29.25;84.0;31.5;5.88;17.87;14.11;344.74;323.12;2.58;86838.0;67.0;67.0;50.0;4523.0;996.49;312.49;6.0;1.0;0;1.0;0;0;1.0;0;0;0;0;0;1.0;1.0;0;0;0;0;0
1278236;2.04;0.93;66.0;2809.0;29.25;84.0;30.75;5.88;17.47;14.11;346.16;329.51;2.58;86838.0;66.0;66.0;50.0;4520.0;996.49;410.15;6.0;1.0;0;1.0;0;0;1.0;0;0;0;0;0;1.0;1.0;0;0;0;0;0
1278765;2.06;0.96;65.0;2789.0;29.25;84.0;30.75;5.49;17.10;13.92;345.42;346.83;2.82;86838.0;65.0;66.0;50.0;4513.0;996.41;820.30;6.0;1.0;0;1.0;0;0;1.0;0;0;0;0;0;1.0;1.0;0;0;0;0;0
1279306;2.0;0.92;65.0;2773.0;28.5;84.0;30.75;5.49;17.14;13.92;350.05;343.06;2.82;86838.0;65.0;65.0;50.0;4514.0;996.37;683.58;6.0;1.0;0;1.0;0;0;1.0;0;0;0;0;0;1.0;1.0;0;0;0;0;0
1279836;2.0;0.92;65.0;2744.0;28.5;84.0;30.0;5.49;17.31;14.11;344.86;341.59;2.58;86838.0;64.0;65.0;50.0;4510.0;996.37;78.12;6.0;1.0;0;1.0;0;0;1.0;0;0;0;0;0;1.0;1.0;0;0;0;0;0
1280376;2.06;0.95;63.0;2727.0;28.5;84.0;30.0;5.49;17.35;14.01;341.63;306.21;2.58;86838.0;63.0;64.0;50.0;4501.0;996.34;800.77;6.0;1.0;0;1.0;0;0;1.0;0;0;0;0;0;1.0;1.0;0;0;0;0;0
1280906;1.66;1.00;63.0;2698.0;28.5;84.0;28.5;3.92;14.06;14.11;281.27;290.68;2.58;86838.0;63.0;64.0;50.0;4517.0;996.02;839.83;6.0;1.0;0;1.0;0;0;1.0;0;0;0;0;0;1.0;1.0;0;0;0;0;0
1281466;1.10;0.98;62.0;2661.0;28.5;84.0;28.5;1.96;9.31;14.01;205.12;296.79;2.58;86838.0;63.0;63.0;50.0;4518.0;995.79;878.89;6.0;1.0;0;1.0;0;0;1.0;0;0;0;0;0;1.0;1.0;0;0;0;0;0
1282056;0.74;1.00;61.0;2560.0;28.5;84.0;22.5;0;12.51;14.11;270.84;332.34;2.58;86838.0;62.0;61.0;50.0;4525.0;995.95;859.36;6.0;1.0;0;1.0;0;0;1.0;0;0;0;0;0;1.0;1.0;0;0;0;0;0
1282586;0.78;1.00;58.0;2518.0;28.5;84.0;22.5;0;12.51;14.01;309.43;346.67;2.58;86838.0;59.0;59.0;50.0;4503.0;995.75;859.36;6.0;1.0;0;1.0;0;0;1.0;0;0;0;0;0;1.0;1.0;0;0;0;0;0
1283126;0.85;1.00;57.0;2448.0;28.5;84.0;15.0;0;12.47;14.11;311.65;332.26;2.58;86838.0;58.0;58.0;58.0;4506.0;995.67;820.30;6.0;1.0;0;1.0;0;0;1.0;0;0;0;0;0;1.0;1.0;0;0;0;0;0
1283656;0.85;1.00;56.0;2384.0;28.5;84.0;15.75;0;12.38;14.11;279.51;299.06;2.58;86838.0;57.0;56.0;46.0;4507.0;995.91;839.83;6.0;1.0;0;1.0;0;0;1.0;0;0;1.0;0;0;1.0;1.0;0;0;0;0;0
1284195;0.87;1.00;55.0;2314.0;28.5;84.0;15.75;0;12.43;14.11;207.23;229.34;2.58;86838.0;55.0;55.0;45.0;4520.0;995.75;292.96;6.0;1.0;0;1.0;0;0;1.0;0;0;1.0;0;0;1.0;1.0;0;0;0;0;0
1284726;0.89;1.00;52.0;2245.0;28.5;84.0;15.75;0;12.40;14.11;128.93;135.36;2.58;86838.0;52.0;52.0;44.0;4502.0;995.67;39.06;6.0;1.0;0;1.0;0;0;1.0;0;0;1.0;0;0;1.0;1.0;0;0;0;0;0
1285266;0.92;1.00;50.0;2149.0;28.5;84.0;15.0;0;12.37;14.11;87.22;82.76;2.58;86838.0;50.0;50.0;45.0;4529.0;995.52;19.53;6.0;1.0;0;1.0;0;0;1.0;0;0;1.0;0;0;1.0;1.0;0;0;0;0;0
1285796;0.96;1.00;48.0;2071.0;28.5;84.0;14.25;0;12.47;14.11;54.21;54.23;2.58;86838.0;49.0;49.0;44.0;4537.0;995.44;19.53;6.0;1.0;0;1.0;0;0;1.0;0;0;1.0;0;0;1.0;1.0;0;0;0;0;0
1286335;1.0;1.00;46.0;1972.0;28.5;84.0;14.25;0;12.37;14.11;37.71;39.00;2.58;86838.0;47.0;47.0;45.0;4518.0;995.40;39.06;6.0;1.0;0;1.0;0;0;1.0;0;0;1.0;0;0;1.0;1.0;0;0;0;0;0
1286866;1.02;1.00;45.0;1910.0;28.5;84.0;14.25;0;12.38;14.11;26.13;29.11;2.58;86838.0;45.0;45.0;44.0;4523.0;995.32;58.59;6.0;1.0;0;1.0;0;0;1.0;0;0;1.0;0;0;1.0;1.0;0;0;0;0;0
1287406;1.05;1.00;43.0;1841.0;29.25;84.75;14.25;0;12.41;14.20;52.67;30.42;2.58;86838.0;43.0;43.0;43.0;4515.0;995.32;39.06;6.0;1.0;0;1.0;0;0;1.0;0;0;1.0;0;0;1.0;1.0;0;0;0;0;0
1287935;1.09;1.00;41.0;1768.0;29.25;84.75;14.25;0;12.29;14.20;58.80;43.12;2.58;86838.0;42.0;41.0;43.0;4513.0;995.28;878.89;6.0;1.0;0;1.0;0;0;1.0;0;0;1.0;0;0;1.0;1.0;0;0;0;0;0
1288476;1.16;0.98;40.0;1698.0;29.25;84.75;13.5;0;12.37;14.11;46.57;83.19;2.58;86838.0;40.0;40.0;45.0;4520.0;995.28;878.89;6.0;1.0;0;1.0;0;0;1.0;0;0;1.0;0;0;1.0;1.0;0;0;0;0;0
1289006;1.13;0.96;37.0;1619.0;29.25;84.75;14.25;0;12.31;14.20;32.14;60.62;2.58;86838.0;38.0;38.0;44.0;4514.0;995.28;878.89;6.0;1.0;0;1.0;0;0;1.0;0;0;1.0;0;0;1.0;1.0;0;0;0;0;0
1289546;1.17;0.95;37.0;1597.0;29.25;84.75;14.25;0;12.25;14.39;25.99;45.54;2.31;86838.0;37.0;37.0;45.0;4516.0;995.24;859.36;6.0;1.0;0;1.0;0;0;1.0;0;0;1.0;0;0;1.0;1.0;0;0;0;0;0
1290076;1.16;0.93;36.0;1524.0;29.25;84.75;15.0;0;12.31;14.29;19.82;33.86;2.58;86838.0;36.0;36.0;44.0;4495.0;995.24;839.83;6.0;1.0;0;1.0;0;0;1.0;0;0;1.0;0;0;1.0;1.0;0;0;0;0;0
1290616;1.27;0.92;35.0;1401.0;29.25;84.75;14.25;0;12.31;14.29;20.93;28.88;2.58;86838.0;35.0;35.0;44.0;4532.0;995.24;820.30;5.0;1.0;0;1.0;0;0;1.0;0;0;1.0;0;0;1.0;1.0;0;0;0;0;0
1291146;1.14;0.90;33.0;1560.0;29.25;84.75;15.0;0;12.26;14.20;15.46;23.94;2.58;86838.0;34.0;33.0;44.0;4519.0;995.24;664.05;5.0;1.0;0;1.0;0;0;1.0;0;0;1.0;0;0;1.0;1.0;0;0;0;0;0
1291686;1.19;0.89;32.0;1396.0;29.25;84.75;14.25;0;12.29;14.20;19.17;18.20;2.58;86838.0;32.0;32.0;43.0;4469.0;995.24;58.59;5.0;1.0;0;1.0;1.0;0;1.0;0;0;1.0;0;0;1.0;1.0;0;0;1.0;0;0
1292216;1.25;0.91;31.0;1329.0;29.25;84.75;14.25;0;12.28;14.29;58.02;16.19;2.58;86838.0;31.0;31.0;44.0;4498.0;995.24;39.06;5.0;1.0;0;1.0;0;0;1.0;0;0;1.0;0;0;1.0;1.0;0;0;0;0;0
1292756;1.23;0.93;28.0;1400.0;29.25;84.75;14.25;0;12.34;14.29;46.12;17.34;2.58;86838.0;29.0;29.0;44.0;4535.0;995.24;39.06;4.0;1.0;0;1.0;0;0;1.0;0;0;1.0;0;0;1.0;1.0;0;0;0;0;0
1293296;1.29;0.94;27.0;1326.0;29.25;84.75;13.5;0;12.08;14.29;84.46;32.32;2.58;86838.0;27.0;27.0;43.0;4516.0;995.24;58.59;4.0;1.0;0;1.0;0;0;1.0;0;0;1.0;0;0;1.0;1.0;0;0;0;0;0
1293826;1.33;0.95;25.0;1281.0;29.25;84.75;13.5;0;12.09;14.39;117.37;83.64;2.31;86838.0;25.0;25.0;44.0;4501.0;995.24;644.52;4.0;1.0;0;1.0;0;0;1.0;0;0;1.0;0;0;1.0;1.0;0;0;0;0;0
1294366;1.31;0.94;22.0;1286.0;29.25;84.75;13.5;0;12.15;14.29;85.52;57.80;2.58;86838.0;21.0;22.0;44.0;4500.0;995.24;117.18;4.0;1.0;0;1.0;0;0;1.0;0;0;1.0;0;0;1.0;1.0;0;0;0;0;0
1294896;1.43;0.96;18.0;1249.0;29.25;84.75;15.0;0;12.35;14.29;74.78;44.39;2.58;86838.0;19.0;19.0;43.0;4505.0;995.24;58.59;4.0;1.0;0;1.0;0;0;1.0;0;0;1.0;0;0;1.0;1.0;0;0;0;0;0
1295436;1.35;0.97;16.0;1289.0;29.25;84.75;13.5;0;12.12;14.39;69.46;38.31;2.31;86838.0;16.0;16.0;44.0;4507.0;995.24;58.59;4.0;1.0;0;1.0;0;0;1.0;0;0;1.0;0;0;1.0;1.0;0;0;0;0;0
1295966;1.40;0.99;13.0;1260.0;29.25;84.75;14.25;0;12.27;14.29;58.19;28.33;2.58;86838.0;13.0;13.0;43.0;4504.0;995.24;156.24;4.0;1.0;0;1.0;0;0;1.0;0;0;1.0;0;0;1.0;1.0;0;0;0;0;0
1296506;1.43;1.01;11.0;1345.0;29.25;84.75;14.25;0;12.29;14.39;45.71;27.63;2.31;86838.0;12.0;12.0;44.0;4519.0;995.24;683.58;4.0;1.0;0;1.0;0;0;1.0;0;0;1.0;0;0;1.0;1.0;0;0;0;0;0
1297086;1.47;1.00;11.0;1279.0;29.25;84.75;13.5;0;12.19;14.48;33.25;19.08;2.31;86838.0;11.0;11.0;44.0;4503.0;995.40;859.36;4.0;1.0;0;1.0;0;0;1.0;0;0;1.0;0;0;1.0;1.0;0;0;0;0;0
1297626;1.37;0.98;11.0;1299.0;29.25;84.75;12.75;0;12.01;14.29;24.19;14.60;2.58;86838.0;11.0;11.0;44.0;4513.0;995.55;800.77;4.0;1.0;0;1.0;1.0;0;1.0;0;0;1.0;0;0;1.0;1.0;0;0;1.0;0;0
1298164;1.32;0.96;10.0;1322.0;29.25;84.75;13.5;0;12.11;14.20;26.48;10.05;2.58;86838.0;10.0;10.0;43.0;4525.0;995.59;820.30;3.0;1.0;0;1.0;1.0;0;1.0;0;0;1.0;0;0;1.0;1.0;0;0;1.0;0;0
1298746;1.32;0.95;7.0;1294.0;29.25;84.75;12.0;0;11.82;14.20;57.67;14.23;2.58;86838.0;8.0;8.0;44.0;4521.0;995.55;566.39;3.0;1.0;0;1.0;1.0;0;1.0;0;0;1.0;0;0;1.0;1.0;0;0;1.0;0;0
1299280;1.37;0.95;7.0;1248.0;29.25;84.75;14.25;0;12.20;14.29;110.38;44.21;2.58;86838.0;7.0;7.0;42.0;4510.0;995.71;78.12;3.0;1.0;0;1.0;1.0;0;1.0;0;0;1.0;0;0;1.0;1.0;0;0;1.0;0;0
1299816;1.39;0.97;6.0;1246.0;29.25;84.75;13.5;0;11.99;14.39;132.90;70.24;2.31;86838.0;6.0;6.0;41.0;4494.0;995.79;39.06;2.0;1.0;0;1.0;1.0;0;1.0;0;0;1.0;0;0;1.0;1.0;0;0;1.0;0;0
1300346;1.31;0.98;5.0;1305.0;29.25;85.5;11.25;0;11.32;14.29;96.82;51.14;2.58;86838.0;5.0;5.0;40.0;4517.0;996.02;97.65;0;1.0;0;1.0;0;0;1.0;0;0;1.0;0;0;1.0;1.0;0;0;1.0;0;0
1300886;1.39;0.99;3.0;1281.0;29.25;85.5;12.0;0;11.53;14.20;70.54;41.61;2.58;86838.0;4.0;4.0;39.0;4500.0;996.14;644.52;0;1.0;0;1.0;0;0;1.0;0;0;1.0;0;0;1.0;1.0;0;0;1.0;0;0
1301516;1.38;0.97;0;1263.0;29.25;85.5;12.75;0;11.60;14.39;73.58;64.15;2.31;86838.0;0;0;39.0;4517.0;996.18;800.77;0;1.0;0;1.0;0;0;1.0;0;0;1.0;0;0;1.0;1.0;0;0;1.0;0;0
1302056;1.35;0.95;0;1223.0;29.25;85.5;15.0;0;11.91;14.29;74.31;65.48;2.58;86838.0;0;0;39.0;4516.0;996.22;781.24;0;1.0;0;1.0;0;0;1.0;0;0;1.0;0;0;1.0;1.0;0;0;1.0;0;0
1302586;1.45;0.95;0;1190.0;29.25;85.5;18.0;0;12.40;14.39;89.56;73.66;2.31;86838.0;0;0;38.0;4518.0;996.30;39.06;0;1.0;0;1.0;0;0;1.0;0;0;1.0;0;0;1.0;1.0;0;0;1.0;0;0
1303126;1.29;0.97;0;1269.0;29.25;85.5;12.75;0;11.46;14.29;138.35;77.28;2.58;86838.0;0;0;38.0;4498.0;996.26;292.96;0;1.0;0;1.0;0;0;1.0;0;0;1.0;0;0;1.0;1.0;0;0;1.0;0;0
1303656;1.25;0.97;0;1280.0;29.25;85.5;12.0;0;11.27;14.29;131.67;148.17;2.58;86838.0;0;0;38.0;4518.0;996.34;839.83;0;1.0;0;1.0;0;0;1.0;0;0;1.0;0;0;1.0;1.0;0;0;1.0;0;0
1304196;1.39;0.97;0;1179.0;29.25;85.5;20.25;0;12.57;14.48;116.73;144.58;2.31;86838.0;0;0;38.0;4527.0;996.37;97.65;0;1.0;0;1.0;0;0;1.0;0;0;1.0;0;0;1.0;1.0;0;0;1.0;0;0
1304726;1.46;0.99;0;1205.0;29.25;85.5;16.5;0;12.01;14.39;131.71;120.53;2.31;86838.0;0;0;37.0;4503.0;996.37;39.06;0;1.0;0;1.0;0;0;1.0;0;0;1.0;0;0;1.0;1.0;0;0;1.0;0;0
1305266;1.32;1.01;0;1265.0;29.25;85.5;12.75;0;11.33;14.48;102.98;94.85;2.31;86838.0;0;0;37.0;4515.0;996.34;761.70;0;1.0;0;1.0;0;0;1.0;0;0;1.0;0;0;1.0;1.0;0;0;1.0;0;0
1305806;1.43;0.99;0;1223.0;29.25;85.5;15.75;0;11.79;14.39;75.03;85.30;2.31;86838.0;0;0;37.0;4508.0;996.14;839.83;0;1.0;0;1.0;0;0;1.0;0;0;1.0;0;0;1.0;1.0;0;0;1.0;0;0
1306339;1.41;0.97;0;1177.0;29.25;85.5;20.25;0;12.47;14.48;54.64;62.12;2.31;86838.0;0;0;37.0;4515.0;996.26;859.36;0;1.0;0;1.0;0;0;1.0;0;0;1.0;0;0;1.0;1.0;0;0;1.0;0;0
1306866;1.27;0.96;0;1254.0;29.25;85.5;14.25;0;11.60;14.39;49.35;51.59;2.31;86838.0;0;0;38.0;4521.0;996.30;859.36;0;1.0;0;1.0;0;0;1.0;0;0;1.0;0;0;1.0;1.0;0;0;1.0;0;0
1307406;1.27;0.95;0;1287.0;29.25;85.5;12.0;0;12.51;14.29;49.31;53.35;2.58;86838.0;0;0;38.0;4506.0;996.30;19.53;0;1.0;0;1.0;0;0;1.0;0;0;1.0;0;0;1.0;1.0;0;0;1.0;0;0
1307946;1.35;0.97;0;1253.0;29.25;85.5;14.25;0;11.60;14.29;51.20;66.08;2.58;86838.0;0;0;37.0;4521.0;996.26;39.06;0;1.0;0;1.0;0;0;1.0;0;0;1.0;0;0;1.0;1.0;0;0;1.0;0;0
1308476;1.38;0.98;0;1282.0;29.25;85.5;12.0;0;11.17;14.29;39.31;54.84;2.58;86838.0;0;0;38.0;4505.0;996.26;39.06;0;1.0;0;1.0;0;0;1.0;0;0;1.0;0;0;1.0;1.0;0;0;1.0;0;0
1309016;1.37;0.99;0;1210.0;29.25;85.5;17.25;0;12.04;14.29;34.19;53.92;2.58;86838.0;0;0;38.0;4496.0;996.30;781.24;0;1.0;0;1.0;0;0;1.0;0;0;1.0;0;0;1.0;1.0;0;0;1.0;0;0
1309546;1.37;0.97;0;1229.0;29.25;85.5;15.75;0;11.80;14.39;29.11;42.77;2.31;86838.0;0;0;38.0;4512.0;996.22;820.30;0;1.0;0;1.0;0;0;1.0;0;0;1.0;0;0;1.0;1.0;0;0;1.0;0;0
1310086;1.35;0.97;0;1229.0;29.25;85.5;16.5;0;11.97;14.29;34.13;47.18;2.58;86838.0;0;0;38.0;4519.0;996.22;781.24;0;1.0;0;1.0;0;0;1.0;0;0;1.0;0;0;1.0;1.0;0;0;1.0;0;0
1310615;1.42;0.97;0;1227.0;29.25;85.5;16.5;0;11.98;14.29;60.07;58.06;2.58;86838.0;0;0;38.0;4525.0;996.30;800.77;0;1.0;0;1.0;0;0;1.0;0;0;1.0;0;0;1.0;1.0;0;0;1.0;0;0
1311156;1.23;0.95;0;1304.0;29.25;86.25;11.25;0;10.96;14.39;142.82;141.35;2.31;86838.0;0;0;38.0;4515.0;996.34;781.24;0;1.0;0;1.0;0;0;1.0;0;0;1.0;0;0;1.0;1.0;0;0;1.0;0;0
1311686;1.35;0.93;0;1227.0;29.25;86.25;15.0;0;11.72;14.29;133.11;148.76;2.58;86838.0;0;0;37.0;4507.0;996.37;97.65;0;1.0;0;1.0;0;0;1.0;0;0;1.0;0;0;1.0;1.0;0;0;1.0;0;0
1312276;1.28;0.96;0;1300.0;29.25;86.25;12.0;0;11.18;14.29;112.19;116.00;2.58;86838.0;0;0;39.0;4526.0;996.41;58.59;0;1.0;0;1.0;0;0;1.0;0;0;1.0;0;0;1.0;1.0;0;0;1.0;0;0
1312806;1.28;0.96;0;1268.0;29.25;86.25;12.75;0;11.35;14.48;127.12;147.76;2.31;86838.0;0;0;38.0;4509.0;996.41;175.77;0;1.0;0;1.0;0;0;1.0;0;0;1.0;0;0;1.0;1.0;0;0;1.0;0;0
1313355;1.34;0.96;0;1260.0;29.25;86.25;13.5;0;11.51;14.39;123.25;192.89;2.31;86838.0;0;0;38.0;4512.0;996.37;683.58;0;1.0;0;1.0;0;0;1.0;0;0;1.0;0;0;1.0;1.0;0;0;1.0;0;0
1313876;1.24;0.95;0;1276.0;29.25;86.25;12.75;0;11.35;14.39;152.95;171.88;2.31;86838.0;0;0;38.0;4511.0;996.37;136.71;0;1.0;0;1.0;0;0;1.0;0;0;1.0;0;0;1.0;1.0;0;0;1.0;0;0
1314416;1.35;0.97;0;1258.0;29.25;86.25;13.5;0;11.49;14.39;157.99;172.54;2.31;86838.0;0;0;36.0;4521.0;996.41;58.59;0;1.0;0;1.0;0;0;1.0;0;0;1.0;0;0;1.0;1.0;0;0;1.0;0;0
1314946;1.37;0.99;0;1253.0;29.25;86.25;14.25;0;11.58;14.39;109.21;125.75;2.31;86838.0;0;0;37.0;4503.0;996.41;820.30;0;1.0;0;1.0;0;0;1.0;0;0;1.0;0;0;1.0;1.0;0;0;1.0;0;0
1315487;1.33;0.97;0;1217.0;29.25;86.25;17.25;0;12.04;14.39;91.67;104.36;2.31;86838.0;0;0;38.0;4496.0;996.41;781.24;0;1.0;0;1.0;0;0;1.0;0;0;1.0;0;0;1.0;1.0;0;0;1.0;0;0
1316026;1.32;0.95;0;1217.0;29.25;86.25;16.5;0;11.91;14.29;77.06;102.80;2.58;86838.0;0;0;37.0;4520.0;996.45;58.59;0;1.0;0;1.0;0;0;1.0;0;0;1.0;0;0;1.0;1.0;0;0;1.0;0;0
1316556;1.24;0.97;0;1309.0;29.25;86.25;11.25;0;10.89;14.39;60.01;78.43;2.31;86838.0;0;0;37.0;4513.0;996.45;58.59;0;1.0;0;1.0;0;0;1.0;0;0;1.0;0;0;1.0;1.0;0;0;1.0;0;0
1317096;1.37;0.99;0;1249.0;29.25;86.25;14.25;0;11.57;14.29;46.09;60.23;2.58;86838.0;0;0;37.0;4513.0;996.45;703.11;0;1.0;0;1.0;0;0;1.0;0;0;1.0;0;0;1.0;1.0;0;0;1.0;0;0
1317626;1.25;0.98;0;1252.0;29.25;86.25;13.5;0;11.42;14.48;31.83;47.94;2.31;86838.0;0;0;37.0;4496.0;996.45;859.36;0;1.0;0;1.0;0;0;1.0;0;0;1.0;0;0;1.0;1.0;0;0;1.0;0;0
1318166;1.32;0.96;0;1230.0;29.25;86.25;15.0;0;11.62;14.39;24.41;36.81;2.31;86838.0;0;0;37.0;4511.0;996.45;800.77;0;1.0;0;1.0;0;0;1.0;0;0;1.0;0;0;1.0;1.0;0;0;1.0;0;0
1318695;1.24;0.96;0;1280.0;29.25;86.25;12.75;0;11.28;14.39;25.64;30.58;2.31;86838.0;0;0;38.0;4515.0;996.37;58.59;0;1.0;0;1.0;0;0;1.0;0;0;1.0;0;0;1.0;1.0;0;0;1.0;0;0
1319236;1.27;0.97;0;1249.0;30.0;86.25;14.25;0;11.58;14.39;58.12;46.91;2.31;86838.0;0;0;38.0;4503.0;996.41;39.06;0;1.0;0;1.0;0;0;1.0;0;0;1.0;0;0;1.0;1.0;0;0;1.0;0;0
1319766;1.38;0.99;0;1208.0;30.0;86.25;17.25;0;12.07;14.29;59.80;38.12;2.58;86838.0;0;0;37.0;4502.0;996.34;312.49;0;1.0;0;1.0;0;0;1.0;0;0;1.0;0;0;1.0;1.0;0;0;1.0;0;0
1320306;1.38;0.98;0;1236.0;30.0;86.25;15.0;0;11.64;14.39;45.89;29.23;2.31;86838.0;0;0;37.0;4513.0;996.37;820.30;0;1.0;0;1.0;0;0;1.0;0;0;1.0;0;0;1.0;1.0;0;0;1.0;0;0
1320846;1.28;0.97;0;1295.0;30.0;86.25;12.0;0;11.17;14.39;34.04;28.18;2.31;86838.0;0;0;37.0;4518.0;996.41;839.83;0;1.0;0;1.0;0;0;1.0;0;0;1.0;0;0;1.0;1.0;0;0;1.0;0;0
1321376;1.28;0.95;0;1239.0;30.0;86.25;15.0;0;11.61;14.29;26.11;29.23;2.58;86838.0;0;0;37.0;4515.0;996.41;722.64;0;1.0;0;1.0;0;0;1.0;0;0;1.0;0;0;1.0;1.0;0;0;1.0;0;0
1321916;1.37;0.95;0;1190.0;30.0;86.25;19.5;0;11.58;14.48;22.24;22.42;2.31;86838.0;0;0;37.0;4530.0;996.41;429.68;0;1.0;0;1.0;0;0;1.0;0;0;1.0;0;0;1.0;1.0;0;0;1.0;0;0
1322446;1.27;0.95;0;1262.0;30.0;86.25;13.5;0;11.46;14.29;50.03;21.67;2.58;86838.0;0;0;38.0;4510.0;996.37;39.06;0;1.0;0;1.0;0;0;1.0;0;0;1.0;0;0;1.0;1.0;0;0;1.0;0;0
1323056;1.25;0.96;0;1286.0;30.0;87.0;12.0;0;11.24;14.39;112.31;82.80;2.31;86838.0;0;0;38.0;4515.0;996.37;58.59;0;1.0;0;1.0;0;0;1.0;0;0;1.0;0;0;1.0;1.0;0;0;1.0;0;0
1323596;1.40;0.98;0;1222.0;30.0;87.0;16.5;0;11.96;14.20;117.49;111.67;2.58;86838.0;0;0;37.0;4509.0;996.41;644.52;0;1.0;0;1.0;0;0;1.0;0;0;1.0;0;0;1.0;1.0;0;0;1.0;0;0
1324126;1.28;0.96;0;1254.0;30.0;87.0;13.5;0;11.46;14.48;89.01;94.99;2.31;86838.0;0;0;37.0;4500.0;996.41;820.30;0;1.0;0;1.0;0;0;1.0;0;0;1.0;0;0;1.0;1.0;0;0;1.0;0;0
1324666;1.32;0.94;0;1246.0;30.0;87.0;14.25;0;11.58;14.29;68.37;72.96;2.58;86838.0;0;0;37.0;4520.0;996.45;253.90;0;1.0;0;1.0;0;0;1.0;0;0;1.0;0;0;1.0;1.0;0;0;1.0;0;0
1325206;1.31;0.96;0;1273.0;30.0;87.0;12.75;0;11.17;14.29;52.49;56.03;2.58;86838.0;0;0;38.0;4511.0;996.45;78.12;0;1.0;0;1.0;0;0;1.0;0;0;1.0;0;0;1.0;1.0;0;0;1.0;0;0
1325736;1.30;0.98;0;1266.0;30.0;87.0;13.5;0;11.45;14.29;53.18;49.09;2.58;86838.0;0;0;38.0;4501.0;996.37;468.74;0;1.0;0;1.0;0;0;1.0;0;0;1.0;0;0;1.0;1.0;0;0;1.0;0;0
1326286;1.36;0.96;0;1240.0;30.0;87.0;15.0;0;11.69;14.39;61.67;54.60;2.31;86838.0;0;0;37.0;4520.0;996.41;624.99;0;1.0;0;1.0;0;0;1.0;0;0;1.0;0;0;1.0;1.0;0;0;1.0;0;0
1326806;1.27;0.96;0;1289.0;30.0;87.0;12.0;0;11.22;14.39;42.59;55.54;2.31;86838.0;0;0;37.0;4511.0;996.41;703.11;0;1.0;0;1.0;0;0;1.0;0;0;1.0;0;0;1.0;1.0;0;0;1.0;0;0
1327346;1.26;0.95;0;1245.0;30.0;87.0;15.0;0;11.69;14.20;39.60;44.97;2.58;86838.0;0;0;38.0;4512.0;996.41;136.71;0;1.0;0;1.0;0;0;1.0;0;0;1.0;0;0;1.0;1.0;0;0;1.0;0;0
1327876;1.35;0.96;0;1178.0;30.0;87.0;20.25;0;12.50;14.29;36.73;80.99;2.58;86838.0;0;0;37.0;4509.0;996.45;39.06;0;1.0;0;1.0;0;0;1.0;0;0;1.0;0;0;1.0;1.0;0;0;1.0;0;0
1328416;1.40;0.98;0;1231.0;30.0;87.0;15.0;0;11.65;14.39;30.40;66.79;2.31;86838.0;0;0;37.0;4511.0;996.45;58.59;0;1.0;0;1.0;0;0;1.0;0;0;1.0;0;0;1.0;1.0;0;0;1.0;0;0
1328955;1.29;0.98;0;1293.0;30.0;87.0;12.0;0;11.17;14.39;22.12;52.55;2.31;86838.0;0;0;37.0;4513.0;996.45;820.30;0;1.0;0;1.0;0;0;1.0;0;0;1.0;0;0;1.0;1.0;0;0;1.0;0;0
1329486;1.26;0.97;0;1290.0;30.0;87.0;12.0;0;11.16;14.29;16.07;43.68;2.58;86838.0;0;0;37.0;4505.0;996.45;839.83;0;1.0;0;1.0;0;0;1.0;0;0;1.0;0;0;1.0;1.0;0;0;1.0;0;0
1330025;1.27;0.95;0;1256.0;30.0;87.75;12.75;0;11.30;14.48;11.65;33.57;2.31;86838.0;0;0;37.0;4504.0;996.45;761.70;0;1.0;0;1.0;0;0;1.0;0;0;1.0;0;0;1.0;1.0;0;0;1.0;0;0
1330576;1.24;0.95;0;1271.0;30.0;87.75;12.75;0;11.28;14.39;8.90;25.74;2.31;86838.0;0;0;37.0;4511.0;996.45;58.59;0;1.0;0;1.0;1.0;0;1.0;0;0;1.0;0;0;1.0;1.0;0;0;1.0;0;0
1331146;1.21;0.97;0;1337.0;30.0;87.75;9.0;0;10.46;14.29;8.43;17.75;2.58;86838.0;0;0;37.0;4514.0;996.45;39.06;0;1.0;0;1.0;1.0;0;1.0;0;0;1.0;0;0;1.0;1.0;0;0;1.0;0;0
1331725;1.33;0.98;0;1249.0;30.0;87.75;13.5;0;11.37;14.20;6.46;13.61;2.58;86838.0;0;0;37.0;4508.0;996.34;58.59;0;1.0;0;1.0;1.0;0;1.0;0;0;1.0;0;0;1.0;1.0;0;0;1.0;0;0
1332266;1.36;0.99;0;1260.0;30.0;87.75;13.5;0;11.35;14.29;4.66;9.88;2.58;86838.0;0;0;37.0;4503.0;996.30;839.83;1.0;1.0;0;1.0;1.0;0;1.0;0;0;1.0;0;0;1.0;1.0;0;0;1.0;0;0
1332806;1.32;0.97;0;1227.0;30.0;87.75;15.75;0;11.68;14.39;3.35;9.56;2.31;86838.0;0;0;37.0;4510.0;996.34;839.83;1.0;1.0;0;1.0;1.0;0;1.0;0;0;1.0;0;0;1.0;1.0;0;0;1.0;0;0
1333335;1.26;0.95;0;1260.0;30.0;87.75;14.25;0;11.46;14.29;2.40;6.91;2.58;86838.0;0;0;37.0;4513.0;996.37;664.05;1.0;1.0;0;1.0;0;0;1.0;0;0;1.0;0;0;1.0;1.0;0;0;0;0;0
1333876;1.24;0.95;0;1274.0;30.0;87.75;12.75;0;11.24;14.48;3.69;5.25;2.31;86838.0;0;0;37.0;4528.0;996.26;78.12;1.0;1.0;0;1.0;0;0;1.0;0;0;1.0;0;0;1.0;1.0;0;0;0;0;0
1334405;1.26;0.97;0;1244.0;30.0;87.75;15.0;0;11.58;14.39;18.72;3.76;2.31;86838.0;0;0;38.0;4507.0;996.30;39.06;1.0;1.0;0;1.0;0;0;1.0;0;0;1.0;0;0;1.0;1.0;0;0;0;0;0
1334946;1.41;0.99;0;1195.0;30.0;87.75;19.5;0;12.36;14.39;61.71;20.52;2.31;86838.0;0;0;38.0;4509.0;996.37;703.11;1.0;1.0;0;1.0;0;0;1.0;0;0;1.0;0;0;1.0;1.0;0;0;0;0;0
1335475;1.37;0.97;0;1241.0;30.0;87.75;15.0;0;11.67;14.48;105.69;100.40;2.31;86838.0;0;0;38.0;4515.0;996.37;839.83;1.0;1.0;0;1.0;0;0;1.0;0;0;1.0;0;0;1.0;1.0;0;0;0;0;0
1336015;1.31;0.96;0;1232.0;30.0;87.75;15.0;0;11.68;14.39;141.69;118.54;2.31;86838.0;0;0;38.0;4504.0;996.34;800.77;1.0;1.0;0;1.0;0;0;1.0;0;0;1.0;0;0;1.0;1.0;0;0;0;0;0
1336545;1.37;0.94;0;1188.0;30.0;88.5;19.5;0;12.36;14.29;125.87;141.20;2.58;86838.0;0;0;38.0;4517.0;996.37;292.96;1.0;1.0;0;1.0;0;0;1.0;0;0;1.0;0;0;1.0;1.0;0;0;0;0;0
1337085;1.28;0.95;0;1216.0;30.0;88.5;16.5;0;11.96;14.39;119.32;148.74;2.31;86838.0;0;0;37.0;4523.0;996.34;39.06;1.0;1.0;0;1.0;0;0;1.0;0;0;1.0;0;0;1.0;1.0;0;0;0;0;0
1337626;1.36;0.97;0;1244.0;30.0;88.5;15.0;0;11.68;14.39;95.15;131.88;2.31;86838.0;0;0;38.0;4506.0;996.30;97.65;1.0;1.0;0;1.0;0;0;1.0;0;0;1.0;0;0;1.0;1.0;0;0;0;0;0
1338155;3.42;1.00;0;2616.0;30.0;88.5;27.0;9.02;24.67;14.01;120.38;118.74;2.58;86838.0;0;0;47.0;4440.0;996.34;937.48;1.0;1.0;0;1.0;0;0;1.0;0;0;1.0;0;0;1.0;1.0;0;0;0;0;0
1338695;4.93;1.00;0;2230.0;30.0;89.25;15.0;16.47;34.71;14.11;108.80;151.92;2.58;86838.0;0;0;46.0;4440.0;996.37;898.42;1.0;1.0;0;1.0;0;0;1.0;0;0;1.0;0;0;1.0;1.0;0;0;0;0;0
1339225;5.67;1.00;17.0;2150.0;30.0;89.25;9.0;23.13;39.23;14.11;108.82;151.22;2.58;86838.0;17.0;18.0;46.0;4447.0;996.41;878.89;1.0;1.0;0;1.0;0;0;1.0;0;0;1.0;0;0;1.0;1.0;0;0;0;0;0
1339766;4.98;0.96;27.0;3050.0;30.0;89.25;16.5;26.66;38.00;14.01;204.73;201.27;2.58;86838.0;26.0;28.0;46.0;4603.0;996.26;39.06;1.0;1.0;0;1.0;0;0;1.0;0;0;1.0;0;0;1.0;1.0;0;0;0;0;0
1340306;5.71;1.02;37.0;4089.0;30.0;89.25;21.0;29.02;41.72;14.01;273.88;283.38;2.58;86838.0;36.0;37.0;46.0;4715.0;996.26;214.84;1.0;1.0;0;1.0;0;0;1.0;0;0;1.0;0;0;1.0;1.0;0;0;0;0;0
1340836;5.98;1.00;42.0;3475.0;30.0;89.25;19.5;27.45;39.16;14.01;329.11;338.31;2.58;86838.0;41.0;43.0;46.0;4451.0;996.26;878.89;2.0;1.0;0;1.0;0;0;1.0;0;0;1.0;0;0;1.0;1.0;0;0;0;0;0
1341376;5.98;0.99;50.0;3909.0;29.25;89.25;17.25;32.16;42.98;13.92;330.23;344.74;2.82;86838.0;49.0;50.0;46.0;4647.0;996.30;566.39;2.0;1.0;0;1.0;0;0;1.0;0;0;1.0;0;0;1.0;1.0;0;0;0;0;0
1341906;5.72;1.03;56.0;4461.0;29.25;89.25;21.75;32.94;41.41;14.01;356.28;349.89;2.58;86838.0;55.0;57.0;46.0;4592.0;996.14;878.89;2.0;1.0;0;1.0;0;0;1.0;0;0;0;0;0;1.0;1.0;0;0;0;0;0
1342445;6.13;1.00;60.0;4430.0;29.25;89.25;32.25;21.17;32.95;14.01;335.91;350.60;2.58;86838.0;60.0;59.0;46.0;4324.0;996.10;917.95;3.0;1.0;0;1.0;0;0;1.0;0;0;1.0;0;0;1.0;1.0;0;0;0;0;0
1342976;6.66;1.00;66.0;4046.0;29.25;90.0;17.25;35.69;44.72;13.92;329.23;318.55;2.82;86838.0;65.0;66.0;46.0;4603.0;995.98;859.36;3.0;1.0;0;1.0;0;0;1.0;0;0;1.0;0;0;1.0;1.0;0;0;0;0;0
1343545;6.32;0.99;72.0;4402.0;29.25;90.0;16.5;39.61;45.22;13.82;316.99;288.45;2.82;86838.0;70.0;72.0;46.0;4571.0;995.87;781.24;3.0;1.0;0;1.0;0;0;1.0;0;0;1.0;0;0;1.0;1.0;0;0;0;0;0
1344146;5.52;1.00;75.0;3921.0;29.25;90.0;23.25;25.49;37.55;14.01;306.01;262.22;2.58;86838.0;75.0;75.0;46.0;4495.0;995.63;761.70;4.0;1.0;0;1.0;0;0;1.0;0;0;0;0;0;1.0;1.0;0;0;0;0;0
1344686;5.07;0.99;78.0;4075.0;29.25;90.0;24.0;25.88;38.24;14.01;209.26;273.36;2.58;86838.0;77.0;79.0;46.0;4561.0;995.59;312.49;4.0;1.0;0;1.0;0;0;1.0;0;0;0;0;0;1.0;1.0;0;0;0;0;0
1345226;5.88;1.00;82.0;4269.0;29.25;90.0;19.5;33.33;41.53;14.01;164.22;178.13;2.58;86838.0;80.0;83.0;46.0;4529.0;995.48;97.65;4.0;1.0;0;1.0;0;0;1.0;0;0;0;0;0;1.0;1.0;0;0;0;0;0
1345756;4.86;1.00;83.0;4073.0;29.25;90.0;36.0;17.64;26.78;13.92;210.02;221.15;2.82;86839.0;83.0;83.0;46.0;4442.0;995.48;859.36;5.0;1.0;0;1.0;0;0;1.0;0;0;0;0;0;1.0;1.0;0;0;0;0;0
1346296;4.35;0.96;86.0;3981.0;29.25;90.0;27.0;21.96;33.87;14.01;258.57;277.73;2.58;86839.0;85.0;87.0;46.0;4500.0;995.40;781.24;5.0;1.0;0;1.0;0;0;1.0;0;0;0;0;0;1.0;1.0;0;0;0;0;0
1346836;5.35;1.01;88.0;4093.0;29.25;90.0;23.25;26.66;38.97;13.92;299.33;226.45;2.82;86839.0;87.0;89.0;46.0;4572.0;995.36;488.27;5.0;1.0;0;1.0;0;0;1.0;0;0;0;0;0;1.0;1.0;0;0;0;0;0
1347416;5.19;1.02;91.0;4213.0;29.25;90.0;24.0;26.27;37.96;13.92;326.20;279.04;2.82;86839.0;89.0;91.0;46.0;4548.0;995.32;820.30;5.0;1.0;0;1.0;0;0;1.0;0;0;0;0;0;1.0;1.0;0;0;0;0;0
1347956;5.68;1.00;92.0;4267.0;29.25;90.0;21.75;30.19;40.06;13.92;306.17;329.29;2.82;86839.0;91.0;93.0;46.0;4501.0;995.28;234.37;5.0;1.0;0;1.0;0;0;1.0;0;0;0;0;0;1.0;1.0;0;0;0;0;0
1348488;6.19;1.02;95.0;4372.0;29.25;90.0;18.75;36.08;42.68;14.01;294.80;340.62;2.58;86839.0;93.0;95.0;46.0;4456.0;995.36;742.17;5.0;1.0;0;1.0;0;0;1.0;0;0;0;0;0;1.0;1.0;0;0;0;0;0
1349026;3.88;0.97;95.0;4038.0;29.25;89.25;32.25;18.43;30.30;14.01;215.76;258.06;2.58;86839.0;93.0;95.0;46.0;4476.0;995.36;585.93;6.0;1.0;0;1.0;0;0;1.0;0;0;0;0;0;1.0;1.0;0;0;0;0;0
1349556;3.80;0.99;96.0;4050.0;29.25;88.5;33.0;17.64;29.64;14.01;154.59;326.97;2.58;86839.0;95.0;96.0;47.0;4519.0;995.32;820.30;6.0;1.0;0;1.0;0;0;1.0;0;0;0;0;0;1.0;1.0;0;0;0;0;0
1350096;3.49;0.97;96.0;4092.0;29.25;88.5;34.5;16.08;28.00;14.01;171.37;240.23;2.58;86839.0;95.0;97.0;47.0;4507.0;995.32;722.64;6.0;1.0;0;1.0;0;0;1.0;0;0;0;0;0;1.0;1.0;0;0;0;0;0
1350636;2.65;0.96;96.0;4095.0;29.25;88.5;40.5;9.80;21.91;14.01;215.76;193.21;2.58;86839.0;96.0;97.0;47.0;4477.0;995.28;839.83;6.0;1.0;0;1.0;0;0;1.0;0;0;0;0;0;1.0;1.0;0;0;0;0;0
1351166;1.80;0.96;96.0;4082.0;29.25;88.5;45.75;5.88;14.93;14.01;185.24;168.23;2.58;86839.0;95.0;96.0;47.0;4412.0;995.28;878.89;6.0;1.0;0;1.0;0;0;1.0;0;0;0;0;0;1.0;1.0;0;0;0;0;0
1351706;1.73;0.92;95.0;4031.0;29.25;88.5;45.75;5.88;14.73;13.92;241.23;181.64;2.82;86839.0;95.0;95.0;47.0;4461.0;995.24;878.89;6.0;1.0;0;1.0;0;0;1.0;0;0;0;0;0;1.0;1.0;0;0;0;0;0
1352236;1.45;0.89;93.0;3976.0;29.25;87.75;45.0;4.70;12.71;14.01;314.74;283.69;2.58;86839.0;94.0;94.0;47.0;4479.0;995.24;878.89;6.0;1.0;0;1.0;0;0;1.0;0;0;0;0;0;1.0;1.0;0;0;0;0;0
1352778;1.35;0.87;92.0;3925.0;29.25;87.75;45.0;4.70;12.25;14.11;287.03;330.27;2.58;86839.0;92.0;93.0;47.0;4495.0;995.24;839.83;6.0;1.0;0;1.0;0;0;1.0;0;0;0;0;0;1.0;1.0;0;0;0;0;0
1353317;1.33;0.85;91.0;3873.0;29.25;87.75;44.25;4.70;12.42;14.01;309.12;289.18;2.58;86839.0;91.0;92.0;47.0;4497.0;995.24;820.30;6.0;1.0;0;1.0;0;0;1.0;0;0;0;0;0;1.0;1.0;0;0;0;0;0
1353896;1.31;0.83;90.0;3843.0;29.25;87.75;44.25;4.70;12.51;14.01;312.51;301.99;2.58;86839.0;90.0;90.0;47.0;4516.0;995.24;624.99;6.0;1.0;0;1.0;0;0;1.0;0;0;0;0;0;1.0;1.0;0;0;0;0;0
1354445;1.34;0.85;88.0;3786.0;29.25;87.0;43.5;4.70;12.60;14.01;275.76;239.57;2.58;86839.0;89.0;89.0;48.0;4514.0;995.24;156.24;6.0;1.0;0;1.0;0;0;1.0;0;0;0;0;0;1.0;1.0;0;0;0;0;0
1354966;1.40;0.85;88.0;3746.0;29.25;87.0;43.5;4.70;13.18;13.92;118.64;118.62;2.82;86839.0;88.0;88.0;48.0;4506.0;995.24;664.05;6.0;1.0;0;1.0;0;0;1.0;0;0;0;0;0;1.0;1.0;0;0;0;0;0
1355506;2.56;0.84;88.0;3756.0;28.5;87.0;39.75;8.62;20.03;14.01;43.49;43.49;2.58;86839.0;87.0;88.0;48.0;4506.0;995.24;898.42;6.0;1.0;0;1.0;0;0;1.0;0;0;0;0;0;1.0;1.0;0;0;0;0;0
1356036;2.62;0.95;90.0;3826.0;28.5;87.0;39.75;9.41;21.49;14.01;19.64;18.63;2.58;86839.0;88.0;90.0;48.0;4547.0;995.24;859.36;6.0;1.0;0;1.0;0;0;1.0;0;0;0;0;0;1.0;1.0;0;0;0;0;0
1356575;2.34;0.89;90.0;3814.0;28.5;86.25;39.75;8.62;20.84;14.01;10.46;7.92;2.58;86839.0;90.0;91.0;48.0;4534.0;995.24;722.64;6.0;1.0;0;1.0;0;0;1.0;0;0;0;0;0;1.0;1.0;0;0;0;0;0
1357116;1.77;1.00;90.0;3799.0;28.5;86.25;43.5;5.49;14.97;13.92;3.96;2.81;2.82;86839.0;89.0;90.0;48.0;4493.0;995.24;898.42;6.0;1.0;0;1.0;0;0;1.0;0;0;0;0;0;1.0;1.0;0;0;0;0;0
1357646;1.59;0.99;90.0;3816.0;28.5;86.25;43.5;4.70;12.85;14.01;1.60;1.11;2.58;86839.0;89.0;90.0;48.0;4481.0;995.24;898.42;6.0;1.0;0;1.0;0;0;1.0;0;0;0;0;0;1.0;1.0;0;0;0;0;0
1358186;1.76;0.96;90.0;3783.0;28.5;86.25;43.5;5.49;14.62;13.82;0.58;0.39;2.82;86839.0;89.0;90.0;48.0;4498.0;995.24;878.89;6.0;1.0;0;1.0;0;0;1.0;0;0;0;0;0;1.0;1.0;0;0;0;0;0
1358716;1.70;0.92;90.0;3785.0;28.5;86.25;43.5;5.49;14.62;13.92;1.15;1.81;2.82;86839.0;89.0;90.0;48.0;4511.0;995.24;859.36;6.0;1.0;0;1.0;0;0;1.0;0;0;0;0;0;1.0;1.0;0;0;0;0;0
1359256;1.57;0.89;90.0;3808.0;28.5;85.5;43.5;5.09;14.03;14.01;1.62;2.77;2.58;86839.0;89.0;90.0;49.0;4516.0;995.24;839.83;6.0;1.0;0;1.0;0;0;1.0;0;0;0;0;0;1.0;1.0;0;0;0;0;0
1359796;1.47;0.86;91.0;3843.0;28.5;85.5;44.25;5.09;13.59;14.01;1.69;3.00;2.58;86839.0;89.0;91.0;49.0;4513.0;995.24;800.77;6.0;1.0;0;1.0;0;0;1.0;0;0;0;0;0;1.0;1.0;0;0;0;0;0
1360326;1.36;0.83;92.0;3910.0;28.5;85.5;44.25;4.70;12.98;14.11;1.87;2.98;2.58;86839.0;91.0;92.0;49.0;4535.0;995.24;722.64;6.0;1.0;0;1.0;0;0;1.0;0;0;0;0;0;1.0;1.0;0;0;0;0;0
1360866;1.56;0.83;91.0;3883.0;28.5;85.5;44.25;5.88;15.10;14.01;1.77;1.11;2.58;86839.0;91.0;92.0;49.0;4513.0;995.24;58.59;6.0;1.0;0;1.0;0;0;1.0;0;0;0;0;0;1.0;1.0;0;0;0;0;0
1361406;1.84;0.87;91.0;3883.0;28.5;84.75;43.5;6.66;16.75;14.01;0.54;0.29;2.58;86839.0;89.0;92.0;49.0;4515.0;995.24;136.71;6.0;1.0;0;1.0;0;0;1.0;0;0;0;0;0;1.0;1.0;0;0;0;0;0
1361936;1.95;0.89;91.0;3850.0;28.5;84.75;42.75;6.66;17.30;14.01;0.13;0;2.58;86839.0;90.0;91.0;49.0;4509.0;995.24;761.70;6.0;1.0;0;1.0;0;0;1.0;0;0;0;0;0;1.0;1.0;0;0;0;0;0
1362476;1.76;0.84;90.0;3814.0;28.5;84.75;42.75;6.27;16.70;14.01;1.75;0;2.58;86839.0;89.0;91.0;49.0;4506.0;995.24;117.18;6.0;1.0;0;1.0;0;0;1.0;0;0;0;0;0;1.0;1.0;0;0;0;0;0
1363067;1.85;0.88;90.0;3811.0;28.5;84.75;42.75;6.27;16.71;14.11;2.05;0;2.58;86839.0;90.0;90.0;49.0;4506.0;995.40;820.30;6.0;1.0;0;1.0;0;0;1.0;0;0;0;0;0;1.0;1.0;0;0;0;0;0
1363626;1.78;0.85;90.0;3792.0;28.5;84.0;42.75;6.27;16.74;14.01;2.14;0.78;2.58;86839.0;90.0;90.0;49.0;4511.0;995.63;97.65;6.0;1.0;0;1.0;0;0;1.0;0;0;0;0;0;1.0;1.0;0;0;0;0;0
1364155;1.82;0.89;90.0;3826.0;28.5;84.0;42.75;6.27;16.40;13.92;0.82;1.26;2.82;86839.0;89.0;90.0;49.0;4503.0;995.79;820.30;6.0;1.0;0;1.0;0;0;1.0;0;0;0;0;0;1.0;1.0;0;0;0;0;0
1364716;1.71;0.84;90.0;3825.0;28.5;84.0;42.75;6.27;16.14;14.01;1.79;1.26;2.58;86839.0;90.0;90.0;49.0;4511.0;995.95;97.65;6.0;1.0;0;1.0;0;0;1.0;0;0;0;0;0;1.0;1.0;0;0;0;0;0
1365255;1.71;0.87;90.0;3811.0;28.5;84.0;42.75;5.88;15.63;14.01;0.66;1.50;2.58;86839.0;89.0;90.0;49.0;4518.0;996.02;546.86;6.0;1.0;0;1.0;0;0;1.0;0;0;0;0;0;1.0;1.0;0;0;0;0;0
1365786;1.69;0.87;90.0;3816.0;28.5;84.0;42.75;5.88;15.45;13.92;0.13;1.34;2.82;86839.0;89.0;90.0;49.0;4517.0;996.18;859.36;6.0;1.0;0;1.0;0;0;1.0;0;0;0;0;0;1.0;1.0;0;0;0;0;0
1366326;1.40;0.83;90.0;3781.0;28.5;83.25;43.5;4.70;13.46;14.01;1.75;1.52;2.58;86839.0;89.0;90.0;50.0;4516.0;996.26;683.58;6.0;1.0;0;1.0;0;0;1.0;0;0;0;0;0;1.0;1.0;0;0;0;0;0
1366866;1.26;0.83;88.0;3755.0;28.5;83.25;43.5;4.31;12.15;14.01;68.19;99.70;2.58;86839.0;88.0;89.0;50.0;4507.0;996.34;58.59;6.0;1.0;0;1.0;0;0;1.0;0;0;0;0;0;1.0;1.0;0;0;0;0;0
1367395;1.22;0.85;87.0;3740.0;28.5;83.25;42.75;3.92;11.46;14.11;164.05;196.54;2.58;86839.0;88.0;88.0;50.0;4512.0;996.37;39.06;6.0;1.0;0;1.0;0;0;1.0;0;0;0;0;0;1.0;1.0;0;0;0;0;0
1367936;1.31;0.87;87.0;3699.0;28.5;83.25;42.75;3.92;12.01;14.01;191.62;209.36;2.58;86839.0;87.0;87.0;50.0;4500.0;996.37;253.90;6.0;1.0;0;1.0;0;0;1.0;0;0;0;0;0;1.0;1.0;0;0;0;0;0
1368476;1.58;0.89;86.0;3679.0;28.5;83.25;42.0;5.09;14.15;13.92;155.84;203.61;2.82;86839.0;87.0;87.0;50.0;4512.0;996.41;859.36;6.0;1.0;0;1.0;0;0;1.0;0;0;0;0;0;1.0;1.0;0;0;0;0;0
1369006;1.68;0.87;86.0;3693.0;28.5;83.25;42.0;5.49;15.24;13.92;218.42;231.72;2.82;86839.0;86.0;87.0;50.0;4511.0;996.41;859.36;6.0;1.0;0;1.0;0;0;1.0;0;0;0;0;0;1.0;1.0;0;0;0;0;0
1369546;1.62;0.83;86.0;3716.0;28.5;82.5;42.0;5.88;15.41;14.01;220.00;297.73;2.58;86839.0;86.0;86.0;50.0;4500.0;996.45;117.18;6.0;1.0;0;1.0;0;0;1.0;0;0;0;0;0;1.0;1.0;0;0;0;0;0
1370076;1.69;0.87;87.0;3703.0;28.5;82.5;42.0;5.88;15.47;14.11;287.63;314.10;2.58;86839.0;87.0;87.0;50.0;4504.0;996.45;800.77;6.0;1.0;0;1.0;0;0;1.0;0;0;0;0;0;1.0;1.0;0;0;0;0;0
1370616;1.66;0.85;86.0;3682.0;28.5;82.5;42.0;5.88;15.71;14.01;333.14;321.99;2.58;86839.0;87.0;87.0;50.0;4522.0;996.45;761.70;6.0;1.0;0;1.0;0;0;1.0;0;0;0;0;0;1.0;1.0;0;0;0;0;0
1371155;1.58;0.84;87.0;3685.0;28.5;82.5;42.0;5.49;14.90;14.01;324.21;351.26;2.58;86839.0;87.0;87.0;50.0;4528.0;996.45;800.77;6.0;1.0;0;1.0;0;0;1.0;0;0;0;0;0;1.0;1.0;0;0;0;0;0
1371686;1.17;0.84;86.0;3658.0;28.5;82.5;42.0;3.92;11.72;14.01;342.69;348.80;2.58;86839.0;86.0;87.0;50.0;4521.0;996.45;351.55;6.0;1.0;0;1.0;0;0;1.0;0;0;0;0;0;1.0;1.0;0;0;0;0;0
1372226;1.11;0.86;86.0;3662.0;28.5;82.5;42.0;3.52;10.20;14.11;346.22;347.14;2.58;86839.0;85.0;86.0;50.0;4530.0;996.57;781.24;6.0;1.0;0;1.0;0;0;1.0;0;0;0;0;0;1.0;1.0;0;0;0;0;0
1372756;1.16;0.85;85.0;3593.0;28.5;81.75;40.5;3.52;10.67;14.01;327.32;343.33;2.58;86839.0;83.0;86.0;51.0;4502.0;996.73;253.90;6.0;1.0;0;1.0;0;0;1.0;0;0;0;0;0;1.0;1.0;0;0;0;0;0
1373305;1.43;0.86;85.0;3555.0;28.5;81.75;40.5;4.31;13.10;14.01;327.22;295.23;2.58;86839.0;84.0;85.0;51.0;4518.0;996.77;58.59;6.0;1.0;0;1.0;0;0;1.0;0;0;0;0;0;1.0;1.0;0;0;0;0;0
1373906;1.50;0.89;83.0;3520.0;28.5;81.75;40.5;4.31;13.44;14.01;313.61;320.03;2.58;86839.0;84.0;84.0;51.0;4510.0;996.77;761.70;6.0;1.0;0;1.0;0;0;1.0;0;0;0;0;0;1.0;1.0;0;0;0;0;0
1374446;1.46;0.88;83.0;3543.0;28.5;81.75;40.5;4.31;13.14;13.82;312.05;285.45;2.82;86839.0;83.0;84.0;51.0;4514.0;996.80;800.77;6.0;1.0;0;1.0;0;0;1.0;0;0;0;0;0;1.0;1.0;0;0;0;0;0
1374975;1.44;0.87;83.0;3533.0;28.5;81.75;40.5;4.31;13.17;14.11;343.55;324.37;2.58;86839.0;83.0;84.0;51.0;4513.0;997.04;761.70;6.0;1.0;0;1.0;0;0;1.0;0;0;0;0;0;1.0;1.0;0;0;0;0;0
1375516;1.37;0.85;82.0;3502.0;28.5;81.75;40.5;4.31;12.72;14.01;347.08;343.37;2.58;86839.0;83.0;83.0;51.0;4516.0;997.23;156.24;6.0;1.0;0;1.0;0;0;1.0;0;0;0;0;0;1.0;1.0;0;0;0;0;0
1376056;1.38;0.87;82.0;3480.0;28.5;81.75;39.75;4.31;12.54;14.01;354.11;346.95;2.58;86839.0;83.0;82.0;51.0;4505.0;997.35;78.12;6.0;1.0;0;1.0;0;0;1.0;0;0;0;0;0;1.0;1.0;0;0;0;0;0
1376586;1.42;0.89;82.0;3439.0;28.5;81.75;39.75;4.31;12.58;14.11;353.62;352.84;2.58;86839.0;82.0;82.0;51.0;4513.0;997.47;800.77;6.0;1.0;0;1.0;0;0;1.0;0;0;0;0;0;1.0;1.0;0;0;0;0;0
1377126;1.24;0.89;81.0;3443.0;28.5;81.75;39.75;3.52;11.31;14.11;333.35;364.03;2.58;86839.0;81.0;81.0;51.0;4517.0;997.55;839.83;6.0;1.0;0;1.0;0;0;1.0;0;0;0;0;0;1.0;1.0;0;0;0;0;0
1377666;1.09;0.87;80.0;3448.0;28.5;81.0;39.0;3.13;9.92;14.01;349.74;355.69;2.58;86839.0;81.0;80.0;51.0;4511.0;997.59;683.58;6.0;1.0;0;1.0;0;0;1.0;0;0;0;0;0;1.0;1.0;0;0;0;0;0
1378196;1.33;0.88;80.0;3377.0;28.5;81.0;39.0;3.92;12.14;14.01;347.49;350.23;2.58;86839.0;79.0;80.0;51.0;4516.0;997.62;78.12;6.0;1.0;0;1.0;0;0;1.0;0;0;0;0;0;1.0;1.0;0;0;0;0;0
1378736;0.91;0.90;78.0;3370.0;28.5;81.0;39.0;1.96;8.83;14.01;325.25;346.61;2.58;86839.0;79.0;79.0;51.0;4523.0;997.66;117.18;6.0;1.0;0;1.0;0;0;1.0;0;0;0;0;0;1.0;1.0;0;0;0;0;0
1379316;0.92;0.90;78.0;3306.0;28.5;81.0;38.25;1.96;8.17;14.11;325.77;341.28;2.58;86839.0;78.0;78.0;51.0;4510.0;997.66;859.36;6.0;1.0;0;1.0;0;0;1.0;0;0;0;0;0;1.0;1.0;0;0;0;0;0
1379906;1.00;0.88;77.0;3262.0;28.5;81.0;37.5;2.35;9.06;14.11;324.10;307.75;2.58;86839.0;77.0;76.0;51.0;4519.0;997.66;742.17;6.0;1.0;0;1.0;0;0;1.0;0;0;0;0;0;1.0;1.0;0;0;0;0;0
1380436;1.17;0.87;76.0;3228.0;28.5;81.0;36.75;3.13;10.76;14.01;321.17;268.49;2.58;86839.0;76.0;76.0;51.0;4505.0;997.70;78.12;6.0;1.0;0;1.0;0;0;1.0;0;0;0;0;0;1.0;1.0;0;0;0;0;0
1380976;2.01;0.88;75.0;3215.0;28.5;81.0;36.75;5.88;17.40;14.01;344.27;317.65;2.58;86839.0;75.0;76.0;51.0;4487.0;997.78;58.59;6.0;1.0;0;1.0;0;0;1.0;0;0;0;0;0;1.0;1.0;0;0;0;0;0
1381516;2.64;0.91;76.0;3235.0;28.5;81.0;34.5;9.41;22.15;14.01;351.95;340.07;2.58;86839.0;75.0;77.0;51.0;4497.0;997.74;664.05;6.0;1.0;0;1.0;0;0;1.0;0;0;0;0;0;1.0;1.0;0;0;0;0;0
1382045;2.72;0.92;77.0;3297.0;28.5;81.0;34.5;10.19;23.15;14.11;358.66;344.66;2.58;86839.0;77.0;78.0;51.0;4517.0;997.82;117.18;6.0;1.0;0;1.0;0;0;1.0;0;0;0;0;0;1.0;1.0;0;0;0;0;0
1382635;2.53;0.97;80.0;3368.0;28.5;81.0;36.75;8.23;21.16;14.01;357.67;351.01;2.58;86839.0;79.0;80.0;51.0;4520.0;998.05;859.36;6.0;1.0;0;1.0;0;0;1.0;0;0;0;0;0;1.0;1.0;0;0;0;0;0
1383216;2.37;0.90;80.0;3428.0;28.5;81.0;36.75;8.23;20.86;14.01;348.63;352.59;2.58;86839.0;80.0;80.0;51.0;4513.0;998.21;292.96;6.0;1.0;0;1.0;0;0;1.0;0;0;0;0;0;1.0;1.0;0;0;0;0;0
1383755;2.40;0.92;81.0;3433.0;28.5;81.0;37.5;8.23;20.81;14.01;337.98;359.29;2.58;86839.0;80.0;82.0;51.0;4526.0;998.37;761.70;6.0;1.0;0;1.0;0;0;1.0;0;0;0;0;0;1.0;1.0;0;0;0;0;0
1384296;2.24;0.89;81.0;3456.0;28.5;81.0;38.25;7.45;20.00;14.01;327.18;345.48;2.58;86839.0;81.0;81.0;51.0;4513.0;998.33;97.65;6.0;1.0;0;1.0;0;0;1.0;0;0;0;0;0;1.0;1.0;0;0;0;0;0
1384826;2.32;0.91;82.0;3470.0;28.5;81.0;38.25;7.84;20.20;14.01;341.22;327.57;2.58;86839.0;81.0;82.0;51.0;4508.0;998.45;800.77;6.0;1.0;0;1.0;0;0;1.0;0;0;0;0;0;1.0;1.0;0;0;0;0;0
1385365;2.32;0.91;82.0;3505.0;28.5;80.25;38.25;7.84;20.23;13.92;223.52;214.98;2.82;86839.0;81.0;82.0;52.0;4514.0;998.52;781.24;6.0;1.0;0;1.0;0;0;1.0;0;0;0;0;0;1.0;1.0;0;0;0;0;0
1385906;1.88;0.90;81.0;3461.0;28.5;80.25;39.0;5.88;16.94;14.01;93.90;87.70;2.58;86839.0;82.0;82.0;52.0;4521.0;998.56;820.30;6.0;1.0;0;1.0;0;0;1.0;0;0;0;0;0;1.0;1.0;0;0;0;0;0
1386446;1.77;0.88;81.0;3455.0;28.5;80.25;39.75;5.49;16.12;14.11;44.84;41.87;2.58;86839.0;82.0;82.0;52.0;4517.0;998.60;820.30;6.0;1.0;0;1.0;0;0;1.0;0;0;0;0;0;1.0;1.0;0;0;0;0;0
1386976;1.71;0.85;81.0;3408.0;28.5;80.25;39.0;5.49;16.06;14.01;18.80;16.97;2.58;86839.0;80.0;81.0;52.0;4504.0;998.64;97.65;6.0;1.0;0;1.0;0;0;1.0;0;0;0;0;0;1.0;1.0;0;0;0;0;0
1387516;1.80;0.88;80.0;3411.0;28.5;80.25;39.0;5.88;16.33;13.92;11.01;7.98;2.82;86840.0;80.0;80.0;52.0;4509.0;998.72;332.02;6.0;1.0;0;1.0;0;0;1.0;0;0;0;0;0;0;1.0;0;0;0;0;0
1388046;1.71;0.90;80.0;3398.0;28.5;80.25;39.0;5.09;15.10;14.01;5.17;5.37;2.58;86840.0;80.0;80.0;52.0;4512.0;998.80;820.30;6.0;1.0;0;1.0;0;0;1.0;0;0;0;0;0;1.0;1.0;0;0;0;0;0
1388586;1.65;0.87;78.0;3367.0;28.5;80.25;38.25;5.09;15.17;14.01;5.11;2.07;2.58;86840.0;78.0;79.0;52.0;4505.0;998.84;488.27;6.0;1.0;0;1.0;0;0;1.0;0;0;0;0;0;1.0;1.0;0;0;0;0;0
1389117;1.63;0.87;77.0;3309.0;28.5;80.25;38.25;5.09;15.09;14.01;2.48;2.28;2.58;86840.0;77.0;78.0;52.0;4509.0;998.84;156.24;6.0;1.0;0;1.0;0;0;1.0;0;0;0;0;0;1.0;1.0;0;0;0;0;0
1389655;1.92;0.90;77.0;3268.0;28.5;80.25;37.5;5.88;17.11;14.01;1.07;3.08;2.58;86840.0;76.0;77.0;52.0;4503.0;998.87;117.18;6.0;1.0;0;1.0;0;0;1.0;0;0;0;0;0;1.0;1.0;0;0;0;0;0
1390195;1.50;0.99;76.0;3220.0;28.5;80.25;36.75;3.92;12.26;14.01;0.35;1.21;2.58;86840.0;76.0;76.0;52.0;4518.0;998.84;859.36;6.0;1.0;0;1.0;0;0;1.0;0;0;0;0;0;1.0;1.0;0;0;0;0;0
1390726;1.41;0.97;75.0;3198.0;28.5;80.25;36.75;3.52;11.75;14.01;0.07;0.52;2.58;86840.0;75.0;75.0;52.0;4515.0;998.84;859.36;6.0;1.0;0;1.0;0;0;1.0;0;0;0;0;0;1.0;1.0;0;0;0;0;0
1391266;1.39;0.95;73.0;3111.0;28.5;80.25;35.25;3.13;11.78;14.01;0;0.19;2.58;86840.0;74.0;73.0;52.0;4521.0;998.87;859.36;6.0;1.0;0;1.0;0;0;1.0;0;0;0;0;0;1.0;1.0;0;0;0;0;0
1391806;1.31;0.93;71.0;3058.0;28.5;80.25;35.25;3.13;11.36;13.82;0;0;2.82;86840.0;72.0;72.0;52.0;4527.0;998.84;839.83;6.0;1.0;0;1.0;0;0;1.0;0;0;0;0;0;1.0;1.0;0;0;0;0;0
1392335;1.24;0.92;70.0;2964.0;28.5;80.25;33.75;3.13;10.97;14.01;0;0;2.58;86840.0;70.0;70.0;52.0;4514.0;998.80;722.64;6.0;1.0;0;1.0;0;0;1.0;0;0;0;0;0;1.0;1.0;0;0;0;0;0
1392875;1.58;0.91;68.0;2931.0;28.5;80.25;33.0;3.92;13.73;14.11;0;0;2.58;86840.0;68.0;69.0;52.0;4504.0;998.84;58.59;6.0;1.0;0;1.0;0;0;1.0;0;0;0;0;0;1.0;1.0;0;0;0;0;0
1393415;1.69;0.93;67.0;2866.0;28.5;80.25;32.25;4.31;14.50;14.01;1.38;0;2.58;86840.0;68.0;68.0;52.0;4506.0;998.80;78.12;6.0;1.0;0;1.0;0;0;1.0;0;0;0;0;0;1.0;1.0;0;0;0;0;0
1393946;1.76;0.96;66.0;2844.0;28.5;80.25;31.5;4.31;14.61;14.11;0.64;1.66;2.58;86840.0;66.0;67.0;52.0;4506.0;998.60;781.24;6.0;1.0;0;1.0;0;0;1.0;0;0;0;0;0;1.0;1.0;0;0;0;0;0
1394485;1.73;0.95;66.0;2788.0;28.5;80.25;31.5;4.31;14.50;14.01;3.39;0.68;2.58;86840.0;66.0;66.0;52.0;4507.0;998.64;839.83;6.0;1.0;0;1.0;0;0;1.0;0;0;0;0;0;1.0;1.0;0;0;0;0;0
1395026;1.70;0.93;65.0;2761.0;28.5;80.25;30.75;4.31;14.52;14.11;3.35;0.29;2.58;86840.0;64.0;65.0;52.0;4505.0;998.60;410.15;6.0;1.0;0;1.0;0;0;1.0;0;0;0;0;0;1.0;1.0;0;0;0;0;0
1395555;1.72;0.94;65.0;2724.0;28.5;80.25;29.25;4.31;14.61;14.11;1.50;0.03;2.58;86840.0;64.0;65.0;52.0;4512.0;998.56;58.59;6.0;1.0;0;1.0;0;0;1.0;0;0;0;0;0;1.0;1.0;0;0;0;0;0
1396145;1.76;0.96;63.0;2709.0;28.5;80.25;29.25;4.31;14.63;14.01;2.14;0;2.58;86840.0;64.0;64.0;52.0;4513.0;998.33;781.24;6.0;1.0;0;1.0;0;0;1.0;0;0;0;0;0;1.0;1.0;0;0;0;0;0
1396685;1.6;0.95;62.0;2661.0;28.5;80.25;29.25;3.52;13.42;14.11;0.93;2.20;2.58;86840.0;63.0;63.0;52.0;4526.0;998.13;839.83;6.0;1.0;0;1.0;0;0;1.0;0;0;0;0;0;1.0;1.0;0;0;0;0;0
1397216;1.32;0.93;62.0;2636.0;28.5;80.25;28.5;2.35;11.37;14.01;0.42;1.15;2.58;86840.0;62.0;62.0;52.0;4506.0;998.29;839.83;6.0;1.0;0;1.0;0;0;1.0;0;0;0;0;0;1.0;1.0;0;0;0;0;0
1397808;0.81;1.00;61.0;2554.0;28.5;80.25;22.5;0;12.90;14.11;1.50;0.48;2.58;86840.0;61.0;60.0;52.0;4532.0;998.29;800.77;6.0;1.0;0;1.0;0;0;1.0;0;0;0;0;0;1.0;1.0;0;0;0;0;0
1398366;0.83;1.00;58.0;2499.0;28.5;81.0;16.5;0;12.56;14.01;66.85;105.14;2.58;86840.0;58.0;59.0;56.0;4511.0;998.13;859.36;6.0;1.0;0;1.0;0;0;1.0;0;0;0;0;0;1.0;1.0;0;0;0;0;0
1398895;0.85;1.00;57.0;2413.0;28.5;81.0;15.75;0;12.67;14.01;105.71;120.98;2.58;86840.0;57.0;57.0;59.0;4517.0;998.09;898.42;6.0;1.0;0;1.0;0;0;1.0;0;0;1.0;0;0;1.0;1.0;0;0;0;0;0
1399435;0.92;1.00;55.0;2350.0;28.5;81.0;15.0;0;12.63;14.11;94.27;83.21;2.58;86840.0;55.0;55.0;48.0;4512.0;997.98;781.24;6.0;1.0;0;1.0;0;0;1.0;0;0;1.0;0;0;1.0;1.0;0;0;0;0;0
1399976;1.14;1.00;53.0;2306.0;28.5;81.0;22.5;0.39;10.40;14.01;70.44;67.53;2.58;86840.0;54.0;54.0;51.0;4493.0;998.05;39.06;6.0;1.0;0;1.0;0;0;1.0;0;0;1.0;0;0;1.0;1.0;0;0;0;0;0
1400505;1.51;1.00;52.0;2231.0;28.5;81.0;21.0;1.96;11.37;14.11;113.84;164.26;2.58;86840.0;52.0;52.0;51.0;4493.0;998.09;859.36;6.0;1.0;0;1.0;0;0;1.0;0;0;1.0;0;0;1.0;1.0;0;0;0;0;0
1401045;1.72;0.99;52.0;2229.0;28.5;81.0;21.0;2.35;13.09;14.11;163.23;178.19;2.58;86840.0;52.0;52.0;51.0;4515.0;997.98;859.36;6.0;1.0;0;1.0;0;0;1.0;0;0;1.0;0;0;1.0;1.0;0;0;0;0;0
1401586;2.23;0.96;52.0;2228.0;28.5;81.0;21.0;3.92;17.34;14.11;160.84;219.98;2.58;86840.0;52.0;52.0;51.0;4479.0;997.90;742.17;6.0;1.0;0;1.0;0;0;1.0;0;0;1.0;0;0;1.0;1.0;0;0;0;0;0
1402115;2.22;0.95;52.0;2217.0;28.5;81.0;21.0;4.31;17.61;14.11;197.31;207.25;2.58;86840.0;52.0;52.0;51.0;4496.0;997.94;78.12;6.0;1.0;0;1.0;0;0;1.0;0;0;1.0;0;0;1.0;1.0;0;0;0;0;0
1402655;2.24;0.97;52.0;2240.0;28.5;81.0;21.75;4.31;17.89;14.11;220.98;198.15;2.58;86840.0;53.0;53.0;51.0;4509.0;997.86;761.70;6.0;1.0;0;1.0;0;0;1.0;0;0;1.0;0;0;1.0;1.0;0;0;0;0;0
1403196;2.18;0.94;52.0;2259.0;28.5;81.0;21.75;4.31;17.37;14.01;207.70;220.96;2.58;86840.0;53.0;53.0;51.0;4505.0;997.90;761.70;6.0;1.0;0;1.0;0;0;1.0;0;0;1.0;0;0;1.0;1.0;0;0;0;0;0
1403725;2.08;0.94;53.0;2284.0;28.5;81.0;21.75;3.92;16.67;13.92;189.96;233.69;2.82;86840.0;53.0;54.0;51.0;4527.0;997.94;234.37;6.0;1.0;0;1.0;0;0;1.0;0;0;1.0;0;0;1.0;1.0;0;0;0;0;0
1404265;1.08;1.00;53.0;2260.0;28.5;81.0;21.75;0.78;8.44;14.11;236.03;291.62;2.58;86840.0;53.0;53.0;51.0;4566.0;997.98;859.36;6.0;1.0;0;1.0;0;0;1.0;0;0;1.0;0;0;1.0;1.0;0;0;0;0;0
1404806;1.14;0.99;52.0;2223.0;28.5;81.0;21.0;0.78;8.59;14.01;281.34;313.57;2.58;86840.0;52.0;52.0;51.0;4540.0;997.94;898.42;6.0;1.0;0;1.0;0;0;1.0;0;0;1.0;0;0;1.0;1.0;0;0;0;0;0
1405335;1.55;0.97;51.0;2286.0;28.5;81.0;21.75;1.96;12.00;14.01;310.40;329.37;2.58;86840.0;52.0;52.0;51.0;4515.0;997.86;859.36;6.0;1.0;0;1.0;0;0;1.0;0;0;1.0;0;0;1.0;1.0;0;0;0;0;0
1405875;1.70;0.96;51.0;2181.0;28.5;81.75;20.25;2.35;13.17;14.11;328.88;345.25;2.58;86840.0;51.0;51.0;51.0;4525.0;997.82;117.18;6.0;1.0;0;1.0;0;0;1.0;0;0;1.0;0;0;1.0;1.0;0;0;0;0;0
1406416;1.72;0.97;51.0;2199.0;28.5;81.75;20.25;2.35;13.32;14.11;323.94;352.88;2.58;86840.0;51.0;51.0;51.0;4510.0;997.82;820.30;6.0;1.0;0;1.0;0;0;1.0;0;0;1.0;0;0;1.0;1.0;0;0;0;0;0
1406945;1.72;0.95;51.0;2164.0;28.5;81.75;20.25;2.35;13.55;14.11;335.27;358.04;2.58;86840.0;51.0;51.0;51.0;4527.0;997.78;781.24;6.0;1.0;0;1.0;0;0;1.0;0;0;1.0;0;0;1.0;1.0;0;0;0;0;0
1407486;1.50;0.94;51.0;2168.0;28.5;81.75;20.25;1.96;12.03;14.11;342.92;352.47;2.58;86840.0;51.0;51.0;51.0;4521.0;997.82;566.39;6.0;1.0;0;1.0;0;0;1.0;0;0;1.0;0;0;1.0;1.0;0;0;0;0;0
1408026;1.32;0.95;50.0;2150.0;28.5;81.75;20.25;1.56;10.60;14.20;342.30;347.79;2.58;86840.0;50.0;50.0;51.0;4526.0;997.82;859.36;6.0;1.0;0;1.0;0;0;1.0;0;0;1.0;0;0;1.0;1.0;0;0;0;0;0
1408555;1.74;0.94;50.0;2152.0;28.5;81.75;19.5;2.35;13.53;14.11;316.97;343.16;2.58;86840.0;50.0;50.0;51.0;4520.0;997.78;39.06;6.0;1.0;0;1.0;0;0;1.0;0;0;1.0;0;0;1.0;1.0;0;0;0;0;0
1409095;1.79;0.96;50.0;2115.0;28.5;81.75;19.5;2.35;13.86;14.20;237.30;323.90;2.58;86840.0;50.0;50.0;51.0;4510.0;997.82;97.65;6.0;1.0;0;1.0;0;0;1.0;0;0;1.0;0;0;1.0;1.0;0;0;0;0;0
1409636;1.87;0.98;50.0;2123.0;28.5;81.75;19.5;2.74;14.25;14.20;211.27;292.52;2.58;86840.0;50.0;50.0;51.0;4516.0;997.82;839.83;6.0;1.0;0;1.0;0;0;1.0;0;0;1.0;0;0;1.0;1.0;0;0;0;0;0
1410166;1.84;0.96;50.0;2125.0;28.5;81.75;19.5;2.74;14.24;14.11;277.65;329.54;2.58;86840.0;50.0;50.0;51.0;4504.0;997.98;820.30;6.0;1.0;0;1.0;0;0;1.0;0;0;1.0;0;0;1.0;1.0;0;0;0;0;0
1410706;1.81;0.94;50.0;2135.0;28.5;81.75;19.5;2.74;14.18;14.11;310.81;321.93;2.58;86840.0;50.0;50.0;51.0;4511.0;997.94;761.70;6.0;1.0;0;1.0;0;0;1.0;0;0;1.0;0;0;1.0;1.0;0;0;0;0;0
1411246;1.16;0.93;50.0;2105.0;28.5;81.75;19.5;1.17;9.98;14.11;328.74;334.66;2.58;86840.0;50.0;50.0;51.0;4539.0;997.98;624.99;6.0;1.0;0;1.0;0;0;1.0;0;0;1.0;0;0;1.0;1.0;0;0;0;0;0
1411776;1.24;0.93;48.0;2072.0;28.5;81.75;18.75;1.17;10.03;14.11;337.06;342.22;2.58;86840.0;49.0;49.0;51.0;4515.0;998.05;39.06;6.0;1.0;0;1.0;0;0;1.0;0;0;1.0;0;0;1.0;1.0;0;0;0;0;0
1412315;1.28;0.94;48.0;2064.0;28.5;81.75;18.75;1.17;9.98;14.11;344.06;343.45;2.58;86840.0;49.0;49.0;51.0;4548.0;998.09;39.06;6.0;1.0;0;1.0;0;0;1.0;0;0;1.0;0;0;1.0;1.0;0;0;0;0;0
1412906;1.28;0.96;47.0;2010.0;28.5;81.75;18.0;1.17;9.96;14.11;313.86;316.19;2.58;86840.0;48.0;48.0;51.0;4524.0;997.98;39.06;6.0;1.0;0;1.0;0;0;1.0;0;0;1.0;0;0;1.0;1.0;0;0;0;0;0
1413446;1.37;0.98;46.0;2041.0;28.5;82.5;18.0;1.17;10.47;14.20;263.75;292.05;2.58;86840.0;47.0;47.0;50.0;4519.0;997.90;58.59;6.0;1.0;0;1.0;0;0;1.0;0;0;1.0;0;0;1.0;1.0;0;0;0;0;0
1414026;1.48;1.00;46.0;2001.0;28.5;82.5;17.25;1.56;10.95;14.11;286.64;322.12;2.58;86840.0;46.0;46.0;50.0;4518.0;997.86;58.59;6.0;1.0;0;1.0;0;0;1.0;0;0;1.0;0;0;1.0;1.0;0;0;0;0;0
1414566;1.52;1.01;46.0;1958.0;28.5;82.5;17.25;1.56;11.08;14.20;261.74;262.17;2.58;86840.0;46.0;46.0;50.0;4523.0;997.98;761.70;6.0;1.0;0;1.0;0;0;1.0;0;0;1.0;0;0;1.0;1.0;0;0;0;0;0
1415146;1.54;1.00;45.0;1974.0;28.5;82.5;16.5;1.56;11.35;14.20;248.28;207.40;2.58;86840.0;46.0;46.0;50.0;4504.0;997.98;839.83;6.0;1.0;0;1.0;0;0;1.0;0;0;1.0;0;0;1.0;1.0;0;0;0;0;0
1415689;1.54;0.98;46.0;1947.0;28.5;82.5;16.5;1.56;11.50;14.11;265.11;243.01;2.58;86840.0;46.0;45.0;50.0;4507.0;998.02;820.30;6.0;1.0;0;1.0;0;0;1.0;0;0;1.0;0;0;1.0;1.0;0;0;0;0;0
1416226;1.60;0.97;45.0;1934.0;28.5;82.5;16.5;1.96;12.07;14.11;299.62;285.13;2.58;86840.0;45.0;45.0;50.0;4517.0;998.05;58.59;6.0;1.0;0;1.0;0;0;1.0;0;0;1.0;0;0;1.0;1.0;0;0;0;0;0
1416756;0.92;1.00;45.0;2326.0;28.5;82.5;39.75;0;15.47;14.11;323.59;318.02;2.58;86840.0;45.0;45.0;48.0;4478.0;998.02;664.05;5.0;1.0;0;1.0;0;0;1.0;0;0;1.0;0;0;1.0;1.0;0;0;0;0;0
1417295;2.24;0.99;45.0;2103.0;28.5;82.5;19.5;3.52;16.42;14.20;282.09;315.38;2.58;86840.0;45.0;45.0;50.0;4532.0;997.94;859.36;5.0;1.0;0;1.0;0;0;1.0;0;0;1.0;0;0;1.0;1.0;0;0;0;0;0
1417835;2.2;0.97;45.0;2097.0;28.5;82.5;19.5;3.52;16.75;14.11;309.82;310.66;2.58;86840.0;45.0;45.0;50.0;4517.0;997.94;624.99;5.0;1.0;0;1.0;0;0;1.0;0;0;1.0;0;0;1.0;1.0;0;0;0;0;0
1418366;2.23;0.97;46.0;2153.0;28.5;82.5;19.5;3.92;16.94;14.11;325.17;336.95;2.58;86840.0;46.0;47.0;50.0;4487.0;998.05;117.18;5.0;1.0;0;1.0;0;0;1.0;0;0;1.0;0;0;1.0;1.0;0;0;0;0;0
1418955;2.23;0.99;47.0;2175.0;28.5;82.5;20.25;3.92;16.77;13.92;335.93;340.11;2.82;86840.0;47.0;47.0;50.0;4493.0;998.02;878.89;5.0;1.0;0;1.0;0;0;1.0;0;0;1.0;0;0;1.0;1.0;0;0;0;0;0
1419485;2.16;0.96;47.0;2219.0;28.5;82.5;21.0;3.92;16.78;14.11;334.29;318.78;2.58;86840.0;47.0;48.0;50.0;4495.0;998.05;859.36;5.0;1.0;0;1.0;0;0;1.0;0;0;1.0;0;0;1.0;1.0;0;0;0;0;0
1420026;2.09;0.94;48.0;2235.0;28.5;82.5;21.0;3.92;17.00;14.01;337.28;320.64;2.58;86840.0;48.0;48.0;50.0;4502.0;998.13;800.77;5.0;1.0;0;1.0;0;0;1.0;0;0;1.0;0;0;1.0;1.0;0;0;0;0;0
1420566;2.04;0.92;48.0;2256.0;28.5;82.5;21.75;3.92;16.60;14.11;337.75;317.57;2.58;86840.0;49.0;49.0;50.0;4503.0;998.05;136.71;5.0;1.0;0;1.0;0;0;1.0;0;0;1.0;0;0;1.0;1.0;0;0;0;0;0
1421106;2.02;0.94;50.0;2295.0;28.5;82.5;21.75;3.92;16.24;14.11;309.06;313.22;2.58;86840.0;49.0;50.0;50.0;4518.0;998.02;78.12;5.0;1.0;0;1.0;0;0;1.0;0;0;1.0;0;0;1.0;1.0;0;0;0;0;0
1421636;2.11;0.95;50.0;2304.0;28.5;83.25;22.5;3.92;16.86;14.11;343.39;329.88;2.58;86840.0;50.0;50.0;50.0;4504.0;997.98;800.77;5.0;1.0;0;1.0;0;0;1.0;0;0;1.0;0;0;1.0;1.0;0;0;0;0;0
1422226;1.99;0.93;50.0;2348.0;28.5;83.25;23.25;3.92;16.22;14.20;327.88;344.47;2.58;86840.0;50.0;51.0;50.0;4497.0;998.05;273.43;5.0;1.0;0;1.0;0;0;1.0;0;0;1.0;0;0;1.0;1.0;0;0;0;0;0
1422756;1.96;0.94;51.0;2363.0;28.5;83.25;23.25;3.92;15.95;14.20;331.26;351.12;2.58;86840.0;51.0;51.0;50.0;4529.0;998.09;761.70;5.0;1.0;0;1.0;0;0;1.0;0;0;1.0;0;0;1.0;1.0;0;0;0;0;0
1423296;1.97;0.93;51.0;2374.0;28.5;83.25;23.25;3.52;16.11;14.11;323.06;296.56;2.58;86840.0;51.0;51.0;50.0;4524.0;998.21;800.77;5.0;1.0;0;1.0;0;0;1.0;0;0;1.0;0;0;1.0;1.0;0;0;0;0;0
1423836;1.92;0.92;51.0;2366.0;28.5;83.25;24.0;3.52;15.92;14.11;294.70;331.79;2.58;86840.0;51.0;51.0;50.0;4500.0;998.05;58.59;5.0;1.0;0;1.0;0;0;1.0;0;0;1.0;0;0;1.0;1.0;0;0;0;0;0
1424376;1.91;0.94;52.0;2386.0;28.5;83.25;24.0;3.52;15.46;13.92;327.88;219.65;2.82;86840.0;52.0;52.0;50.0;4498.0;998.02;800.77;5.0;1.0;0;1.0;0;0;1.0;0;0;1.0;0;0;1.0;1.0;0;0;0;0;0
1424906;1.84;0.93;52.0;2391.0;28.5;83.25;24.0;3.52;15.18;14.01;343.27;167.84;2.58;86840.0;52.0;52.0;50.0;4510.0;998.21;820.30;5.0;1.0;0;1.0;0;0;1.0;0;0;1.0;0;0;1.0;1.0;0;0;0;0;0
1425446;1.75;0.91;52.0;2407.0;28.5;83.25;24.0;3.52;14.75;14.11;353.66;89.11;2.58;86840.0;52.0;52.0;50.0;4524.0;998.37;78.12;5.0;1.0;0;1.0;0;0;1.0;0;0;1.0;0;0;1.0;1.0;0;0;0;0;0
1425986;1.80;0.93;51.0;2404.0;28.5;83.25;24.0;3.13;14.76;14.11;358.49;108.19;2.58;86840.0;52.0;52.0;50.0;4501.0;998.21;58.59;5.0;1.0;0;1.0;0;0;1.0;0;0;1.0;0;0;1.0;1.0;0;0;0;0;0
1426516;1.81;0.94;52.0;2415.0;28.5;83.25;24.0;3.13;14.70;14.11;236.62;221.33;2.58;86840.0;52.0;52.0;50.0;4519.0;998.05;800.77;5.0;1.0;0;1.0;0;0;1.0;0;0;1.0;0;0;1.0;1.0;0;0;0;0;0
1427056;1.59;0.93;52.0;2411.0;28.5;83.25;24.0;2.74;13.21;14.01;227.03;238.51;2.58;86840.0;52.0;52.0;50.0;4524.0;998.09;878.89;5.0;1.0;0;1.0;0;0;1.0;0;0;1.0;0;0;1.0;1.0;0;0;0;0;0
1427596;1.58;0.91;52.0;2398.0;28.5;83.25;24.0;2.35;13.30;14.11;283.73;290.50;2.58;86840.0;52.0;52.0;50.0;4522.0;998.29;839.83;5.0;1.0;0;1.0;0;0;1.0;0;0;1.0;0;0;1.0;1.0;0;0;0;0;0
1428126;1.56;0.89;51.0;2384.0;28.5;83.25;23.25;2.74;13.23;14.01;313.67;321.20;2.58;86840.0;52.0;52.0;50.0;4521.0;998.45;761.70;5.0;1.0;0;1.0;0;0;1.0;0;0;1.0;0;0;1.0;1.0;0;0;0;0;0
1428686;1.80;0.88;51.0;2404.0;28.5;83.25;24.0;3.52;15.43;14.11;281.64;341.93;2.58;86840.0;52.0;52.0;50.0;4488.0;998.21;19.53;5.0;1.0;0;1.0;0;0;1.0;0;0;1.0;0;0;1.0;1.0;0;0;0;0;0
1429266;1.94;0.91;52.0;2404.0;28.5;83.25;24.0;3.92;16.33;14.11;250.51;351.59;2.58;86840.0;52.0;52.0;50.0;4516.0;998.09;58.59;5.0;1.0;0;1.0;0;0;1.0;0;0;1.0;0;0;1.0;1.0;0;0;0;0;0
1429796;2.0;0.93;52.0;2409.0;28.5;83.25;24.0;3.92;16.22;14.11;206.52;358.12;2.58;86840.0;52.0;52.0;50.0;4489.0;997.98;78.12;5.0;1.0;0;1.0;0;0;1.0;0;0;1.0;0;0;1.0;1.0;0;0;0;0;0
1430376;2.02;0.96;52.0;2427.0;28.5;83.25;24.75;3.92;16.26;14.01;219.18;285.11;2.58;86840.0;52.0;53.0;50.0;4513.0;998.17;664.05;5.0;1.0;0;1.0;0;0;1.0;0;0;1.0;0;0;1.0;1.0;0;0;0;0;0
1430916;2.00;0.95;53.0;2456.0;28.5;83.25;24.75;3.92;16.23;14.11;225.35;272.38;2.58;86840.0;53.0;53.0;50.0;4503.0;998.13;839.83;5.0;1.0;0;1.0;0;0;1.0;0;0;1.0;0;0;1.0;1.0;0;0;0;0;0
1431446;1.94;0.92;53.0;2479.0;28.5;83.25;24.75;3.92;16.08;14.11;195.49;314.27;2.58;86840.0;53.0;54.0;50.0;4506.0;998.21;234.37;5.0;1.0;0;1.0;0;0;1.0;0;0;1.0;0;0;1.0;1.0;0;0;0;0;0
1431986;1.89;0.93;53.0;2492.0;28.5;83.25;25.5;3.92;15.85;14.01;221.60;244.84;2.58;86840.0;54.0;54.0;50.0;4505.0;998.13;742.17;5.0;1.0;0;1.0;0;0;1.0;0;0;1.0;0;0;1.0;1.0;0;0;0;0;0
1432526;1.89;0.93;53.0;2506.0;28.5;83.25;25.5;3.92;15.59;14.11;212.27;221.29;2.58;86840.0;54.0;54.0;50.0;4506.0;998.09;703.11;5.0;1.0;0;1.0;0;0;1.0;0;0;1.0;0;0;1.0;1.0;0;0;0;0;0
1433055;1.83;0.93;55.0;2519.0;28.5;83.25;25.5;3.92;15.20;14.01;203.89;255.45;2.58;86840.0;55.0;55.0;50.0;4524.0;998.02;97.65;5.0;1.0;0;1.0;0;0;1.0;0;0;1.0;0;0;1.0;1.0;0;0;0;0;0
1433596;1.91;0.95;55.0;2517.0;28.5;83.25;25.5;3.92;15.52;14.01;253.71;282.07;2.58;86840.0;55.0;55.0;50.0;4513.0;998.02;664.05;5.0;1.0;0;1.0;0;0;1.0;0;0;1.0;0;0;1.0;1.0;0;0;0;0;0
1434136;1.88;0.94;55.0;2552.0;28.5;83.25;26.25;3.52;15.55;14.11;309.14;324.33;2.58;86840.0;54.0;55.0;50.0;4506.0;998.05;253.90;5.0;1.0;0;1.0;0;0;1.0;0;0;1.0;0;0;1.0;1.0;0;0;0;0;0
1434676;1.84;0.94;55.0;2538.0;28.5;83.25;26.25;3.92;15.24;14.01;310.11;337.45;2.58;86840.0;55.0;55.0;50.0;4510.0;998.09;820.30;5.0;1.0;0;1.0;0;0;1.0;0;0;1.0;0;0;1.0;1.0;0;0;0;0;0
1435206;1.88;0.94;55.0;2551.0;28.5;83.25;26.25;3.52;15.57;14.11;338.20;343.23;2.58;86840.0;55.0;55.0;50.0;4506.0;998.13;820.30;5.0;1.0;0;1.0;0;0;1.0;0;0;1.0;0;0;1.0;1.0;0;0;0;0;0
1435746;1.84;0.94;55.0;2563.0;28.5;83.25;27.0;3.52;15.17;14.01;326.73;345.13;2.58;86840.0;56.0;56.0;50.0;4520.0;998.05;781.24;5.0;1.0;0;1.0;0;0;1.0;0;0;1.0;0;0;1.0;1.0;0;0;0;0;0
1436286;1.88;0.94;56.0;2555.0;28.5;83.25;27.0;3.92;15.54;14.01;342.94;326.03;2.58;86840.0;56.0;56.0;50.0;4516.0;998.09;429.68;5.0;1.0;0;1.0;0;0;1.0;0;0;1.0;0;0;1.0;1.0;0;0;0;0;0
1436816;1.87;0.95;56.0;2588.0;28.5;83.25;27.0;3.92;15.35;14.01;344.27;327.34;2.58;86840.0;56.0;56.0;50.0;4510.0;998.05;839.83;5.0;1.0;0;1.0;0;0;1.0;0;0;1.0;0;0;1.0;1.0;0;0;0;0;0
1437355;1.87;0.92;56.0;2610.0;28.5;83.25;27.75;3.92;15.76;14.01;240.17;314.58;2.58;86840.0;56.0;57.0;50.0;4511.0;998.02;664.05;5.0;1.0;0;1.0;0;0;1.0;0;0;1.0;0;0;1.0;1.0;0;0;0;0;0
1437897;1.85;0.92;56.0;2598.0;28.5;83.25;27.75;3.92;15.85;13.92;207.54;332.79;2.82;86840.0;57.0;57.0;50.0;4512.0;998.02;58.59;5.0;1.0;0;1.0;0;0;1.0;0;0;1.0;0;0;1.0;1.0;0;0;0;0;0
1438475;1.87;0.94;57.0;2637.0;28.5;83.25;27.75;3.92;15.43;14.11;199.67;318.51;2.58;86840.0;57.0;57.0;50.0;4502.0;997.98;136.71;5.0;1.0;0;1.0;0;0;1.0;0;0;1.0;0;0;1.0;1.0;0;0;0;0;0
1439016;1.88;0.95;57.0;2645.0;28.5;83.25;27.75;3.92;15.46;13.92;243.71;317.79;2.82;86840.0;57.0;57.0;50.0;4526.0;997.98;859.36;5.0;1.0;0;1.0;0;0;1.0;0;0;1.0;0;0;1.0;1.0;0;0;0;0;0
1439555;1.84;0.92;57.0;2654.0;28.5;83.25;28.5;3.92;15.58;13.92;258.75;338.06;2.82;86840.0;57.0;57.0;50.0;4516.0;997.94;253.90;5.0;1.0;0;1.0;0;0;1.0;0;0;1.0;0;0;1.0;1.0;0;0;0;0;0
1440086;1.78;0.92;57.0;2666.0;28.5;83.25;28.5;3.92;15.13;14.11;314.00;347.79;2.58;86840.0;58.0;57.0;50.0;4516.0;998.02;839.83;5.0;1.0;0;1.0;0;0;1.0;0;0;1.0;0;0;1.0;1.0;0;0;0;0;0
1440626;1.80;0.91;57.0;2675.0;28.5;83.25;28.5;3.92;15.53;14.01;303.39;355.56;2.58;86840.0;58.0;58.0;50.0;4517.0;998.09;58.59;5.0;1.0;0;1.0;0;0;1.0;0;0;1.0;0;0;1.0;1.0;0;0;0;0;0
1441166;1.80;0.93;57.0;2655.0;28.5;83.25;28.5;3.92;15.19;14.01;233.61;360.71;2.58;86840.0;57.0;58.0;50.0;4522.0;998.02;78.12;5.0;1.0;0;1.0;0;0;1.0;0;0;1.0;0;0;1.0;1.0;0;0;0;0;0
1441696;1.75;0.93;57.0;2680.0;28.5;83.25;28.5;3.52;14.71;14.11;162.70;362.82;2.58;86840.0;58.0;58.0;50.0;4506.0;997.94;781.24;5.0;1.0;0;1.0;0;0;1.0;0;0;1.0;0;0;1.0;1.0;0;0;0;0;0
1442236;0.90;0.91;57.0;2625.0;28.5;83.25;27.75;1.17;8.31;14.01;118.39;364.15;2.58;86840.0;58.0;57.0;50.0;4531.0;997.94;839.83;5.0;1.0;0;1.0;0;0;1.0;0;0;1.0;0;0;1.0;1.0;0;0;0;0;0
1442776;1.02;0.98;56.0;2617.0;28.5;83.25;27.75;0.78;7.99;14.01;113.03;342.45;2.58;86840.0;56.0;57.0;50.0;4506.0;997.98;898.42;5.0;1.0;0;1.0;0;0;1.0;0;0;1.0;0;0;1.0;1.0;0;0;0;0;0
1443316;1.72;0.96;56.0;2517.0;28.5;83.25;27.75;3.13;13.92;14.11;103.99;333.35;2.58;86840.0;56.0;56.0;50.0;4497.0;997.98;859.36;5.0;1.0;0;1.0;0;0;1.0;0;0;1.0;0;0;1.0;1.0;0;0;0;0;0
1443846;2.08;0.94;56.0;2598.0;28.5;83.25;27.0;4.31;16.94;13.92;141.45;279.53;2.82;86840.0;56.0;56.0;50.0;4501.0;997.90;800.77;5.0;1.0;0;1.0;0;0;1.0;0;0;1.0;0;0;1.0;1.0;0;0;0;0;0
1444385;2.29;0.94;56.0;2593.0;28.5;83.25;27.75;5.49;19.04;14.01;120.61;293.71;2.58;86840.0;56.0;56.0;50.0;4498.0;997.94;390.62;5.0;1.0;0;1.0;0;0;1.0;0;0;1.0;0;0;1.0;1.0;0;0;0;0;0
1444927;2.32;0.95;57.0;2634.0;28.5;83.25;27.75;5.49;19.20;13.92;241.97;336.77;2.82;86840.0;57.0;57.0;50.0;4526.0;997.94;820.30;5.0;1.0;0;1.0;0;0;1.0;0;0;1.0;0;0;1.0;1.0;0;0;0;0;0
1445466;2.18;0.91;57.0;2669.0;28.5;83.25;28.5;5.49;18.80;14.01;292.95;349.41;2.58;86840.0;58.0;58.0;50.0;4532.0;997.86;683.58;5.0;1.0;0;1.0;0;0;1.0;0;0;1.0;0;0;1.0;1.0;0;0;0;0;0
1446006;2.19;0.92;57.0;2681.0;28.5;83.25;29.25;5.49;18.72;14.01;324.86;353.43;2.58;86840.0;58.0;58.0;50.0;4519.0;997.90;78.12;5.0;1.0;0;1.0;0;0;1.0;0;0;1.0;0;0;1.0;1.0;0;0;0;0;0
1446546;2.20;0.93;58.0;2694.0;28.5;83.25;29.25;5.09;18.56;13.92;317.61;359.43;2.82;86840.0;58.0;59.0;50.0;4513.0;997.86;761.70;5.0;1.0;0;1.0;0;0;1.0;0;0;1.0;0;0;1.0;1.0;0;0;0;0;0
1447076;1.98;0.90;58.0;2728.0;28.5;83.25;29.25;5.09;17.43;14.11;332.59;335.34;2.58;86840.0;59.0;59.0;50.0;4511.0;997.82;722.64;5.0;1.0;0;1.0;0;0;1.0;0;0;1.0;0;0;1.0;1.0;0;0;0;0;0
1447606;2.04;0.90;58.0;2737.0;28.5;83.25;30.0;5.09;17.82;14.11;337.40;350.30;2.58;86840.0;58.0;59.0;50.0;4503.0;997.78;39.06;5.0;1.0;0;1.0;0;0;1.0;0;0;1.0;0;0;1.0;1.0;0;0;0;0;0
1448146;1.89;0.93;60.0;2751.0;28.5;83.25;30.0;4.31;15.92;14.11;341.38;347.41;2.58;86840.0;59.0;60.0;50.0;4519.0;997.78;800.77;5.0;1.0;0;1.0;0;0;1.0;0;0;1.0;0;0;1.0;1.0;0;0;0;0;0
1448686;0.83;1.00;58.0;2693.0;28.5;83.25;15.75;0;12.69;14.01;311.67;326.13;2.58;86840.0;59.0;59.0;50.0;4539.0;997.78;332.02;5.0;1.0;0;1.0;1.0;0;1.0;0;0;1.0;0;0;1.0;1.0;0;0;1.0;0;0
1449216;1.81;0.99;58.0;1521.0;28.5;83.25;10.5;1.56;12.17;14.20;285.88;253.47;2.58;86840.0;58.0;59.0;50.0;4547.0;997.82;859.36;6.0;1.0;0;1.0;0;0;1.0;0;0;1.0;0;0;1.0;1.0;0;0;0;0;0
1449756;2.14;0.98;57.0;2461.0;28.5;83.25;9.0;3.92;12.77;14.11;300.85;210.37;2.58;86840.0;58.0;58.0;50.0;4455.0;997.78;839.83;6.0;1.0;0;1.0;0;0;1.0;0;0;1.0;0;0;1.0;1.0;0;0;0;0;0
1450295;2.14;0.96;58.0;2473.0;28.5;83.25;16.5;4.31;15.48;14.11;253.94;172.07;2.58;86841.0;57.0;58.0;50.0;4482.0;997.86;839.83;6.0;1.0;0;1.0;0;0;1.0;0;0;1.0;0;0;1.0;1.0;0;0;0;0;0
1450836;2.04;0.94;58.0;2479.0;28.5;83.25;24.75;4.31;16.74;13.92;306.19;244.82;2.82;86841.0;58.0;58.0;50.0;4517.0;997.82;859.36;6.0;1.0;0;1.0;0;0;1.0;0;0;1.0;0;0;1.0;1.0;0;0;0;0;0
1451366;1.81;0.91;58.0;2503.0;28.5;83.25;25.5;3.52;15.30;14.11;332.28;290.72;2.58;86841.0;59.0;59.0;50.0;4512.0;997.78;742.17;6.0;1.0;0;1.0;0;0;1.0;0;0;1.0;0;0;1.0;1.0;0;0;0;0;0
1451906;1.26;0.91;58.0;2480.0;28.5;83.25;25.5;1.96;10.92;14.11;342.16;323.59;2.58;86841.0;59.0;59.0;50.0;4541.0;997.78;878.89;6.0;1.0;0;1.0;0;0;1.0;0;0;1.0;0;0;1.0;1.0;0;0;0;0;0
1452446;1.13;0.89;58.0;2488.0;28.5;83.25;25.5;1.56;9.70;14.01;299.64;340.21;2.58;86841.0;58.0;58.0;50.0;4526.0;997.78;859.36;6.0;1.0;0;1.0;0;0;1.0;0;0;1.0;0;0;1.0;1.0;0;0;0;0;0
1452975;0.91;0.87;57.0;2455.0;28.5;83.25;24.0;0.39;8.00;14.11;282.09;347.69;2.58;86841.0;57.0;57.0;50.0;4530.0;997.82;742.17;6.0;1.0;0;1.0;0;0;1.0;0;0;1.0;0;0;1.0;1.0;0;0;0;0;0
1453515;0.98;0.86;56.0;2383.0;28.5;83.25;23.25;0.39;10.30;14.01;325.31;243.28;2.58;86841.0;56.0;56.0;50.0;4535.0;997.82;859.36;6.0;1.0;0;1.0;0;0;1.0;0;0;1.0;0;0;1.0;1.0;0;0;0;0;0
1454055;1.12;1.00;55.0;2336.0;28.5;83.25;23.25;0;12.61;14.11;297.20;264.82;2.58;86841.0;55.0;55.0;50.0;4494.0;997.86;878.89;6.0;1.0;0;1.0;0;0;1.0;0;0;1.0;0;0;1.0;1.0;0;0;0;0;0
1454596;1.13;0.99;53.0;2315.0;28.5;83.25;21.75;0.78;8.28;14.11;219.24;294.84;2.58;86841.0;54.0;54.0;50.0;4490.0;997.90;898.42;6.0;1.0;0;1.0;0;0;1.0;0;0;1.0;0;0;1.0;1.0;0;0;0;0;0
1455125;1.56;0.97;53.0;2268.0;28.5;83.25;21.75;1.96;12.10;14.11;205.26;283.71;2.58;86841.0;53.0;53.0;50.0;4523.0;997.82;859.36;6.0;1.0;0;1.0;0;0;1.0;0;0;1.0;0;0;1.0;1.0;0;0;0;0;0
1455665;1.76;0.96;53.0;2259.0;28.5;83.25;21.75;2.74;13.63;14.01;213.09;245.06;2.58;86841.0;53.0;53.0;50.0;4499.0;997.82;820.30;6.0;1.0;0;1.0;0;0;1.0;0;0;1.0;0;0;1.0;1.0;0;0;0;0;0
1456205;1.75;0.94;52.0;2263.0;28.5;83.25;21.75;2.74;13.96;14.11;203.61;216.78;2.58;86841.0;53.0;53.0;50.0;4491.0;997.78;820.30;6.0;1.0;0;1.0;0;0;1.0;0;0;1.0;0;0;1.0;1.0;0;0;0;0;0
1456736;1.66;0.92;52.0;2274.0;28.5;83.25;21.75;2.74;13.54;14.11;279.43;282.16;2.58;86841.0;53.0;53.0;50.0;4520.0;997.86;800.77;6.0;1.0;0;1.0;0;0;1.0;0;0;1.0;0;0;1.0;1.0;0;0;0;0;0
1457275;1.64;0.90;52.0;2255.0;28.5;83.25;21.75;2.74;13.66;14.11;308.18;297.53;2.58;86841.0;53.0;53.0;50.0;4506.0;997.86;839.83;6.0;1.0;0;1.0;0;0;1.0;0;0;1.0;0;0;1.0;1.0;0;0;0;0;0
1457866;1.63;0.89;52.0;2250.0;28.5;83.25;21.75;2.74;13.68;14.01;333.41;335.74;2.58;86841.0;53.0;53.0;50.0;4505.0;997.82;156.24;6.0;1.0;0;1.0;0;0;1.0;0;0;1.0;0;0;1.0;1.0;0;0;0;0;0
1458395;1.58;0.91;52.0;2264.0;28.5;83.25;21.75;2.74;13.17;14.11;324.43;340.07;2.58;86841.0;53.0;53.0;50.0;4529.0;997.82;234.37;6.0;1.0;0;1.0;0;0;1.0;0;0;1.0;0;0;1.0;1.0;0;0;0;0;0
1458935;1.63;0.93;52.0;2239.0;28.5;83.25;21.0;2.74;13.24;14.11;347.26;351.24;2.58;86841.0;53.0;53.0;50.0;4499.0;997.78;136.71;6.0;1.0;0;1.0;0;0;1.0;0;0;1.0;0;0;1.0;1.0;0;0;0;0;0
1459475;1.64;0.93;52.0;2240.0;28.5;83.25;21.0;2.74;13.31;14.20;337.34;350.52;2.58;86841.0;52.0;53.0;50.0;4512.0;997.78;820.30;6.0;1.0;0;1.0;0;0;1.0;0;0;1.0;0;0;1.0;1.0;0;0;0;0;0
1460055;1.69;0.91;52.0;2217.0;28.5;83.25;21.75;2.74;13.97;14.20;346.20;348.53;2.58;86841.0;53.0;53.0;50.0;4509.0;997.74;234.37;6.0;1.0;0;1.0;0;0;1.0;0;0;1.0;0;0;1.0;1.0;0;0;0;0;0
1460665;1.61;0.92;52.0;2256.0;28.5;83.25;21.0;2.35;13.07;14.11;345.64;347.77;2.58;86841.0;53.0;53.0;50.0;4524.0;997.74;820.30;6.0;1.0;0;1.0;0;0;1.0;0;0;1.0;0;0;1.0;1.0;0;0;0;0;0
1461205;1.65;0.90;52.0;2219.0;28.5;83.25;21.0;2.74;13.78;14.20;343.51;342.63;2.58;86841.0;53.0;52.0;50.0;4511.0;997.74;97.65;6.0;1.0;0;1.0;0;0;1.0;0;0;1.0;0;0;1.0;1.0;0;0;0;0;0
1461745;1.68;0.92;52.0;2222.0;28.5;83.25;21.0;2.74;13.77;14.11;278.63;340.46;2.58;86841.0;52.0;52.0;50.0;4520.0;997.82;58.59;6.0;1.0;0;1.0;0;0;1.0;0;0;1.0;0;0;1.0;1.0;0;0;0;0;0
1462286;1.71;0.93;52.0;2219.0;28.5;83.25;21.0;2.74;13.78;14.11;297.73;325.70;2.58;86841.0;52.0;52.0;50.0;4518.0;997.78;175.77;6.0;1.0;0;1.0;0;0;1.0;0;0;1.0;0;0;1.0;1.0;0;0;0;0;0
1462816;1.72;0.94;51.0;2226.0;28.5;84.0;20.25;2.74;13.53;14.11;226.02;225.76;2.58;86841.0;52.0;52.0;49.0;4508.0;997.78;820.30;6.0;1.0;0;1.0;0;0;1.0;0;0;1.0;0;0;1.0;1.0;0;0;0;0;0
1463356;1.72;0.93;52.0;2201.0;28.5;84.0;21.0;2.74;13.91;14.11;133.40;145.86;2.58;86841.0;52.0;52.0;49.0;4528.0;997.78;859.36;6.0;1.0;0;1.0;0;0;1.0;0;0;1.0;0;0;1.0;1.0;0;0;0;0;0
1463896;1.76;0.92;51.0;2191.0;28.5;84.0;21.0;2.74;14.33;14.11;82.96;90.71;2.58;86841.0;52.0;52.0;49.0;4514.0;997.82;58.59;6.0;1.0;0;1.0;0;0;1.0;0;0;1.0;0;0;1.0;1.0;0;0;0;0;0
1464436;1.83;0.94;51.0;2203.0;28.5;84.0;21.0;2.74;14.68;14.11;46.40;50.73;2.58;86841.0;51.0;52.0;49.0;4521.0;997.82;800.77;6.0;1.0;0;1.0;0;0;1.0;0;0;1.0;0;0;1.0;1.0;0;0;0;0;0
1464966;1.82;0.93;51.0;2199.0;28.5;84.0;21.0;2.74;14.71;14.11;28.82;29.88;2.58;86841.0;52.0;52.0;49.0;4507.0;997.78;800.77;6.0;1.0;0;1.0;0;0;1.0;0;0;1.0;0;0;1.0;1.0;0;0;0;0;0
1465556;1.84;0.92;51.0;2191.0;28.5;84.0;21.0;3.13;14.97;14.11;17.85;18.51;2.58;86841.0;52.0;51.0;49.0;4512.0;997.78;58.59;6.0;1.0;0;1.0;0;0;1.0;0;0;1.0;0;0;1.0;1.0;0;0;0;0;0
1466096;1.85;0.94;51.0;2210.0;28.5;84.0;21.0;3.13;14.84;14.01;9.92;10.27;2.58;86841.0;51.0;52.0;49.0;4522.0;997.74;97.65;6.0;1.0;0;1.0;0;0;1.0;0;0;1.0;0;0;1.0;1.0;0;0;0;0;0
1466626;1.96;0.96;51.0;2198.0;28.5;84.0;21.0;3.13;15.18;14.11;5.48;5.70;2.58;86841.0;52.0;52.0;49.0;4507.0;997.74;859.36;6.0;1.0;0;1.0;0;0;1.0;0;0;1.0;0;0;1.0;1.0;0;0;0;0;0
1467166;1.86;0.94;52.0;2212.0;28.5;84.0;21.0;3.13;14.82;14.11;3.35;3.47;2.58;86841.0;52.0;52.0;49.0;4504.0;997.82;742.17;6.0;1.0;0;1.0;0;0;1.0;0;0;1.0;0;0;1.0;1.0;0;0;0;0;0
1467756;1.84;0.93;52.0;2208.0;28.5;84.0;21.0;3.13;14.84;14.11;1.79;1.85;2.58;86841.0;52.0;52.0;49.0;4516.0;997.86;78.12;6.0;1.0;0;1.0;0;0;1.0;0;0;1.0;0;0;1.0;1.0;0;0;0;0;0
1468286;1.88;0.95;51.0;2207.0;28.5;84.0;21.0;3.13;14.85;14.11;2.98;1.07;2.58;86841.0;52.0;52.0;49.0;4517.0;997.90;117.18;6.0;1.0;0;1.0;0;0;1.0;0;0;1.0;0;0;1.0;1.0;0;0;0;0;0
1468826;1.92;0.95;51.0;2193.0;28.5;84.0;21.0;3.13;14.95;14.11;3.59;2.05;2.58;86841.0;52.0;52.0;49.0;4517.0;997.82;820.30;6.0;1.0;0;1.0;0;0;1.0;0;0;1.0;0;0;1.0;1.0;0;0;0;0;0
1469366;1.88;0.93;51.0;2197.0;28.5;84.0;21.0;3.13;14.92;14.11;2.14;2.89;2.58;86841.0;51.0;52.0;49.0;4515.0;997.82;820.30;6.0;1.0;0;1.0;0;0;1.0;0;0;1.0;0;0;1.0;1.0;0;0;0;0;0
1469906;1.87;0.93;51.0;2190.0;28.5;84.0;21.0;3.13;14.97;14.29;3.33;3.24;2.58;86841.0;51.0;52.0;49.0;4504.0;997.78;97.65;6.0;1.0;0;1.0;0;0;1.0;0;0;1.0;0;0;1.0;1.0;0;0;0;0;0
1470436;1.91;0.95;51.0;2187.0;28.5;84.0;20.25;3.13;14.81;14.01;2.01;3.84;2.58;86841.0;51.0;52.0;49.0;4520.0;997.78;839.83;6.0;1.0;0;1.0;0;0;1.0;0;0;1.0;0;0;1.0;1.0;0;0;0;0;0
1470976;1.85;0.93;51.0;2183.0;28.5;84.0;21.0;3.13;14.92;14.11;1.19;2.16;2.58;86841.0;51.0;51.0;49.0;4523.0;997.78;390.62;6.0;1.0;0;1.0;0;0;1.0;0;0;1.0;0;0;1.0;1.0;0;0;0;0;0
1471516;1.93;0.93;51.0;2190.0;28.5;84.0;20.25;3.13;15.25;14.01;0.58;3.08;2.58;86841.0;51.0;51.0;49.0;4500.0;997.74;156.24;6.0;1.0;0;1.0;0;0;1.0;0;0;1.0;0;0;1.0;1.0;0;0;0;0;0
1472056;2.06;0.95;51.0;2183.0;28.5;84.0;20.25;3.52;16.09;14.11;0.29;1.73;2.58;86841.0;51.0;51.0;49.0;4510.0;997.74;78.12;6.0;1.0;0;1.0;0;0;1.0;0;0;1.0;0;0;1.0;1.0;0;0;0;0;0
1472586;2.17;0.97;51.0;2179.0;28.5;84.0;20.25;3.92;16.73;14.11;0.11;1.01;2.58;86841.0;51.0;51.0;49.0;4510.0;997.74;859.36;6.0;1.0;0;1.0;0;0;1.0;0;0;1.0;0;0;1.0;1.0;0;0;0;0;0
1473126;2.11;0.95;51.0;2192.0;28.5;84.0;21.0;3.92;16.81;14.01;0;0.48;2.58;86841.0;51.0;52.0;49.0;4504.0;997.74;781.24;6.0;1.0;0;1.0;0;0;1.0;0;0;1.0;0;0;1.0;1.0;0;0;0;0;0
1473666;2.14;0.95;51.0;2197.0;28.5;84.0;20.25;3.92;16.87;14.11;0;0.25;2.58;86841.0;52.0;51.0;49.0;4522.0;997.74;195.31;6.0;1.0;0;1.0;0;0;1.0;0;0;1.0;0;0;1.0;1.0;0;0;0;0;0
1474196;2.16;0.96;51.0;2202.0;28.5;84.0;21.0;3.92;17.01;14.01;1.46;2.05;2.58;86841.0;52.0;51.0;49.0;4508.0;997.74;683.58;6.0;1.0;0;1.0;0;0;1.0;0;0;1.0;0;0;1.0;1.0;0;0;0;0;0
1474736;2.19;0.95;52.0;2212.0;28.5;84.0;21.0;3.92;17.30;14.01;2.55;3.41;2.58;86841.0;52.0;52.0;49.0;4512.0;997.74;820.30;6.0;1.0;0;1.0;0;0;1.0;0;0;1.0;0;0;1.0;1.0;0;0;0;0;0
1475276;2.16;0.93;52.0;2234.0;28.5;84.0;21.0;3.92;17.47;14.11;1.42;2.05;2.58;86841.0;52.0;53.0;49.0;4506.0;997.74;273.43;6.0;1.0;0;1.0;0;0;1.0;0;0;1.0;0;0;1.0;1.0;0;0;0;0;0
1475816;2.22;0.95;52.0;2219.0;28.5;84.0;21.0;4.31;17.51;14.11;2.71;1.05;2.58;86841.0;52.0;52.0;49.0;4499.0;997.74;761.70;6.0;1.0;0;1.0;0;0;1.0;0;0;1.0;0;0;1.0;1.0;0;0;0;0;0
1476346;2.22;0.93;52.0;2233.0;28.5;84.0;21.75;4.31;17.94;14.11;1.60;2.28;2.58;86841.0;53.0;53.0;49.0;4499.0;997.74;566.39;6.0;1.0;0;1.0;0;0;1.0;0;0;1.0;0;0;1.0;1.0;0;0;0;0;0
1476886;2.25;0.94;52.0;2244.0;28.5;84.0;21.75;4.31;18.11;14.11;0.93;1.26;2.58;86841.0;52.0;53.0;49.0;4510.0;997.74;97.65;6.0;1.0;0;1.0;0;0;1.0;0;0;1.0;0;0;1.0;1.0;0;0;0;0;0
1477426;2.48;0.95;52.0;2242.0;28.5;84.0;21.75;5.09;19.99;14.01;0.42;0.62;2.58;86841.0;52.0;53.0;49.0;4506.0;997.74;859.36;6.0;1.0;0;1.0;0;0;1.0;0;0;1.0;0;0;1.0;1.0;0;0;0;0;0
1477966;2.74;0.93;53.0;2276.0;28.5;84.0;21.75;6.66;22.54;14.11;0.19;0.31;2.58;86841.0;53.0;54.0;49.0;4485.0;997.74;839.83;6.0;1.0;0;1.0;0;0;1.0;0;0;1.0;0;0;1.0;1.0;0;0;0;0;0
1478505;2.68;0.90;53.0;2297.0;28.5;84.0;22.5;7.05;22.76;14.11;0;0.07;2.58;86841.0;54.0;54.0;49.0;4517.0;997.74;683.58;6.0;1.0;0;1.0;0;0;1.0;0;0;1.0;0;0;1.0;1.0;0;0;0;0;0
1479086;2.68;0.91;55.0;2326.0;28.5;84.0;23.25;7.05;22.64;14.01;2.20;0;2.58;86841.0;55.0;55.0;49.0;4518.0;997.74;58.59;6.0;1.0;0;1.0;0;0;1.0;0;0;1.0;0;0;1.0;1.0;0;0;0;0;0
1479676;2.73;0.94;55.0;2370.0;28.5;84.0;23.25;7.05;22.63;14.01;1.07;0;2.58;86841.0;55.0;55.0;49.0;4535.0;997.74;839.83;6.0;1.0;0;1.0;0;0;1.0;0;0;1.0;0;0;1.0;1.0;0;0;0;0;0
1480206;2.70;0.93;56.0;2397.0;28.5;84.0;24.0;7.05;22.54;14.20;0.48;0;2.58;86841.0;56.0;56.0;49.0;4527.0;997.74;136.71;6.0;1.0;0;1.0;0;0;1.0;0;0;1.0;0;0;1.0;1.0;0;0;0;0;0
1480745;2.73;0.95;57.0;2434.0;28.5;84.0;24.75;7.05;22.36;14.20;0.23;0;2.58;86841.0;56.0;57.0;49.0;4506.0;997.74;859.36;6.0;1.0;0;1.0;0;0;1.0;0;0;1.0;0;0;1.0;1.0;0;0;0;0;0
1481337;2.61;0.91;57.0;2469.0;28.5;84.0;24.75;7.05;22.13;14.11;0;0;2.58;86841.0;58.0;58.0;49.0;4503.0;997.74;214.84;6.0;1.0;0;1.0;0;0;1.0;0;0;1.0;0;0;1.0;1.0;0;0;0;0;0
1481866;2.62;0.93;58.0;2499.0;28.5;84.0;25.5;7.05;22.09;14.01;1.75;0;2.58;86841.0;59.0;59.0;49.0;4507.0;997.74;58.59;6.0;1.0;0;1.0;0;0;1.0;0;0;1.0;0;0;1.0;1.0;0;0;0;0;0
1482406;2.64;0.95;58.0;2520.0;28.5;84.0;26.25;6.66;21.66;14.01;0.78;0;2.58;86841.0;59.0;59.0;49.0;4514.0;997.74;820.30;6.0;1.0;0;1.0;0;0;1.0;0;0;1.0;0;0;1.0;1.0;0;0;0;0;0
1482946;2.48;0.92;60.0;2558.0;28.5;84.0;27.0;6.66;21.18;14.11;2.38;0;2.58;86841.0;60.0;60.0;49.0;4525.0;997.74;683.58;6.0;1.0;0;1.0;0;0;1.0;0;0;1.0;0;0;1.0;1.0;0;0;0;0;0
1483487;2.52;0.92;60.0;2570.0;28.5;84.0;27.0;6.66;21.40;14.11;1.26;0;2.58;86841.0;60.0;60.0;49.0;4519.0;997.74;97.65;6.0;1.0;0;1.0;0;0;1.0;0;0;0;0;0;1.0;1.0;0;0;0;0;0
1484016;2.34;0.93;61.0;2590.0;28.5;84.0;27.0;6.66;19.77;14.01;0.54;0;2.58;86841.0;61.0;61.0;49.0;4512.0;997.74;761.70;6.0;1.0;0;1.0;0;0;1.0;0;0;0;0;0;1.0;1.0;0;0;0;0;0
1484556;2.27;0.90;61.0;2609.0;28.5;84.0;27.75;6.66;19.90;14.01;0.23;0;2.58;86841.0;61.0;62.0;49.0;4515.0;997.74;78.12;6.0;1.0;0;1.0;0;0;1.0;0;0;0;0;0;1.0;1.0;0;0;0;0;0
1485096;2.32;0.94;61.0;2630.0;28.5;84.0;27.75;6.66;19.46;14.11;0;0;2.58;86841.0;61.0;62.0;49.0;4512.0;997.74;468.74;6.0;1.0;0;1.0;0;0;1.0;0;0;0;0;0;1.0;1.0;0;0;0;0;0
1485636;2.23;0.94;62.0;2659.0;28.5;84.0;28.5;6.27;18.74;14.11;0;2.20;2.58;86841.0;62.0;63.0;49.0;4517.0;997.74;859.36;6.0;1.0;0;1.0;0;0;1.0;0;0;0;0;0;1.0;1.0;0;0;0;0;0
1486166;2.12;0.91;62.0;2654.0;28.5;84.0;28.5;6.27;18.47;14.11;0;1.15;2.58;86841.0;62.0;63.0;49.0;4517.0;997.74;664.05;6.0;1.0;0;1.0;0;0;1.0;0;0;0;0;0;1.0;1.0;0;0;0;0;0
1486706;2.07;0.91;62.0;2669.0;28.5;84.0;28.5;5.88;17.98;14.01;1.30;0.44;2.58;86841.0;62.0;62.0;49.0;4512.0;997.66;97.65;6.0;1.0;0;1.0;0;0;1.0;0;0;0;0;0;1.0;1.0;0;0;0;0;0
1487246;2.15;0.94;62.0;2670.0;28.5;84.0;28.5;5.88;17.97;14.11;2.87;1.89;2.58;86841.0;62.0;63.0;49.0;4508.0;997.70;273.43;6.0;1.0;0;1.0;0;0;1.0;0;0;0;0;0;1.0;1.0;0;0;0;0;0
1487786;2.11;0.95;62.0;2679.0;28.5;84.0;28.5;5.88;17.63;14.11;1.50;0.99;2.58;86841.0;62.0;63.0;49.0;4514.0;997.39;839.83;6.0;1.0;0;1.0;0;0;1.0;0;0;0;0;0;1.0;1.0;0;0;0;0;0
1488316;1.84;0.92;62.0;2674.0;28.5;84.0;28.5;4.70;15.80;14.11;0.62;2.61;2.58;86841.0;63.0;63.0;49.0;4514.0;997.51;722.64;6.0;1.0;0;1.0;0;0;1.0;0;0;0;0;0;1.0;1.0;0;0;0;0;0
1488856;1.60;0.89;62.0;2659.0;28.5;84.0;29.25;3.92;14.20;14.11;0.27;3.59;2.58;86841.0;63.0;63.0;49.0;4516.0;997.35;78.12;6.0;1.0;0;1.0;0;0;1.0;0;0;0;0;0;1.0;1.0;0;0;0;0;0
1489396;1.54;0.92;62.0;2619.0;28.5;84.0;28.5;3.52;13.52;14.11;0.01;1.69;2.58;86841.0;62.0;61.0;49.0;4513.0;997.27;78.12;6.0;1.0;0;1.0;0;0;1.0;0;0;0;0;0;1.0;1.0;0;0;0;0;0
1489936;1.62;0.94;61.0;2596.0;28.5;84.0;27.75;3.52;13.83;14.20;0;0.87;2.58;86841.0;61.0;61.0;49.0;4513.0;997.23;175.77;6.0;1.0;0;1.0;0;0;1.0;0;0;0;0;0;1.0;1.0;0;0;0;0;0
1490466;1.74;0.95;61.0;2581.0;28.5;83.25;27.0;3.92;14.41;14.11;3.69;0.39;2.58;86841.0;61.0;61.0;50.0;4503.0;997.08;722.64;6.0;1.0;0;1.0;0;0;1.0;0;0;0;0;0;1.0;1.0;0;0;0;0;0
1491006;1.93;0.93;60.0;2565.0;28.5;83.25;27.0;4.70;16.26;14.11;45.48;45.85;2.58;86841.0;60.0;60.0;50.0;4500.0;997.08;761.70;6.0;1.0;0;1.0;0;0;1.0;0;0;0;0;0;1.0;1.0;0;0;0;0;0
1491546;2.05;0.94;60.0;2581.0;28.5;83.25;26.25;5.09;17.09;14.11;180.65;186.41;2.58;86841.0;60.0;61.0;50.0;4513.0;997.12;839.83;6.0;1.0;0;1.0;0;0;1.0;0;0;0;0;0;1.0;1.0;0;0;0;0;0
1492086;2.12;0.93;60.0;2567.0;28.5;83.25;27.0;5.49;17.92;14.11;189.63;223.14;2.58;86841.0;60.0;61.0;50.0;4508.0;997.12;820.30;6.0;1.0;0;1.0;0;0;1.0;0;0;0;0;0;1.0;1.0;0;0;0;0;0
1492616;2.08;0.91;60.0;2577.0;28.5;83.25;27.0;5.88;17.90;14.01;232.81;251.19;2.58;86841.0;60.0;61.0;50.0;4504.0;997.00;195.31;6.0;1.0;0;1.0;0;0;1.0;0;0;0;0;0;1.0;1.0;0;0;0;0;0
1493156;2.14;0.94;61.0;2596.0;28.5;83.25;27.0;5.88;17.86;14.11;287.42;301.44;2.58;86841.0;61.0;61.0;50.0;4515.0;996.92;781.24;6.0;1.0;0;1.0;0;0;1.0;0;0;0;0;0;1.0;1.0;0;0;0;0;0
1493696;2.06;0.91;61.0;2602.0;28.5;83.25;27.75;5.88;17.94;14.11;318.12;324.21;2.58;86841.0;61.0;61.0;50.0;4517.0;996.84;722.64;6.0;1.0;0;1.0;0;0;1.0;0;0;0;0;0;1.0;1.0;0;0;0;0;0
1494236;2.02;0.91;61.0;2590.0;28.5;83.25;27.0;5.49;17.40;14.11;330.07;335.46;2.58;86841.0;61.0;61.0;50.0;4498.0;996.88;58.59;6.0;1.0;0;1.0;0;0;1.0;0;0;0;0;0;1.0;1.0;0;0;0;0;0
1494806;2.09;0.94;61.0;2595.0;28.5;83.25;27.0;5.49;17.44;14.20;339.04;341.01;2.58;86841.0;61.0;61.0;50.0;4512.0;996.80;800.77;6.0;1.0;0;1.0;0;0;1.0;0;0;0;0;0;1.0;1.0;0;0;0;0;0
1495376;2.04;0.93;61.0;2601.0;28.5;83.25;27.0;5.49;17.24;14.01;323.98;342.34;2.58;86841.0;61.0;61.0;50.0;4523.0;996.80;839.83;6.0;1.0;0;1.0;0;0;1.0;0;0;0;0;0;1.0;1.0;0;0;0;0;0
1495916;1.98;0.90;61.0;2597.0;28.5;83.25;27.75;5.49;17.45;14.11;322.01;343.16;2.58;86841.0;61.0;61.0;50.0;4510.0;996.77;136.71;6.0;1.0;0;1.0;0;0;1.0;0;0;0;0;0;1.0;1.0;0;0;0;0;0
1496456;2.02;0.93;61.0;2584.0;28.5;83.25;27.75;5.09;17.24;14.20;290.66;340.40;2.58;86841.0;61.0;61.0;50.0;4510.0;996.69;449.21;6.0;1.0;0;1.0;0;0;1.0;0;0;0;0;0;1.0;1.0;0;0;0;0;0
1496996;1.99;0.93;61.0;2616.0;28.5;83.25;27.75;5.09;17.04;14.01;324.53;319.41;2.58;86841.0;61.0;61.0;50.0;4517.0;996.61;839.83;6.0;1.0;0;1.0;0;0;1.0;0;0;0;0;0;1.0;1.0;0;0;0;0;0
1497536;1.92;0.90;61.0;2630.0;28.5;83.25;27.75;5.09;16.95;14.01;336.24;339.66;2.58;86841.0;61.0;62.0;50.0;4511.0;996.65;390.62;6.0;1.0;0;1.0;0;0;1.0;0;0;0;0;0;1.0;1.0;0;0;0;0;0
1498066;1.97;0.91;61.0;2607.0;28.5;83.25;27.0;5.09;17.24;14.11;321.46;348.43;2.58;86841.0;61.0;61.0;50.0;4507.0;996.61;58.59;6.0;1.0;0;1.0;0;0;1.0;0;0;0;0;0;1.0;1.0;0;0;0;0;0
1498605;2.0;0.94;61.0;2603.0;28.5;83.25;27.0;5.09;17.16;14.11;329.02;350.27;2.58;86841.0;61.0;61.0;50.0;4511.0;996.57;820.30;6.0;1.0;0;1.0;0;0;1.0;0;0;0;0;0;1.0;1.0;0;0;0;0;0
1499165;1.99;0.91;61.0;2596.0;28.5;83.25;27.75;5.09;17.18;14.20;343.41;353.76;2.58;86841.0;61.0;61.0;50.0;4517.0;996.53;839.83;6.0;1.0;0;1.0;0;0;1.0;0;0;0;0;0;1.0;1.0;0;0;0;0;0
1499705;1.86;0.89;61.0;2620.0;28.5;83.25;27.75;5.09;16.56;14.11;347.77;349.11;2.58;86841.0;61.0;61.0;50.0;4510.0;996.53;97.65;6.0;1.0;0;1.0;0;0;1.0;0;0;0;0;0;1.0;1.0;0;0;0;0;0
1500245;1.96;0.91;61.0;2610.0;28.5;83.25;27.75;5.09;17.08;14.11;346.24;332.22;2.58;86841.0;61.0;61.0;50.0;4508.0;996.53;58.59;6.0;1.0;0;1.0;0;0;1.0;0;0;0;0;0;1.0;1.0;0;0;0;0;0
1500776;2.04;0.94;61.0;2598.0;28.5;83.25;27.0;5.09;16.98;14.11;326.01;347.30;2.58;86841.0;60.0;61.0;50.0;4513.0;996.49;800.77;6.0;1.0;0;1.0;0;0;1.0;0;0;0;0;0;1.0;1.0;0;0;0;0;0
1501315;2.04;0.92;61.0;2594.0;28.5;83.25;27.75;5.49;17.48;14.20;345.44;327.65;2.58;86841.0;61.0;61.0;50.0;4517.0;996.49;839.83;6.0;1.0;0;1.0;0;0;1.0;0;0;0;0;0;1.0;1.0;0;0;0;0;0
1501855;1.98;0.90;61.0;2593.0;28.5;83.25;27.0;5.49;17.38;14.20;342.02;345.66;2.58;86841.0;61.0;61.0;50.0;4512.0;996.49;214.84;6.0;1.0;0;1.0;0;0;1.0;0;0;0;0;0;1.0;1.0;0;0;0;0;0
1502396;2.14;0.93;61.0;2605.0;28.5;83.25;27.75;5.88;18.13;14.11;339.23;343.72;2.58;86841.0;61.0;62.0;50.0;4513.0;996.49;136.71;6.0;1.0;0;1.0;0;0;1.0;0;0;0;0;0;1.0;1.0;0;0;0;0;0
1502925;2.21;0.93;61.0;2621.0;28.5;83.25;27.75;5.88;18.60;14.11;341.46;271.27;2.58;86841.0;62.0;62.0;50.0;4506.0;996.49;820.30;6.0;1.0;0;1.0;0;0;1.0;0;0;0;0;0;1.0;1.0;0;0;0;0;0
1503468;2.14;0.90;61.0;2631.0;28.5;83.25;27.75;6.27;18.60;14.11;352.00;321.01;2.58;86841.0;62.0;62.0;50.0;4512.0;996.49;234.37;6.0;1.0;0;1.0;0;0;1.0;0;0;0;0;0;1.0;1.0;0;0;0;0;0
1504005;2.14;0.92;62.0;2639.0;28.5;83.25;27.75;6.27;18.33;14.11;337.22;339.72;2.58;86841.0;62.0;62.0;50.0;4518.0;996.49;97.65;6.0;1.0;0;1.0;0;0;1.0;0;0;0;0;0;1.0;1.0;0;0;0;0;0
1504565;2.16;0.93;62.0;2659.0;28.5;83.25;28.5;5.88;18.70;14.11;331.03;347.73;2.58;86841.0;61.0;63.0;50.0;4506.0;996.49;820.30;6.0;1.0;0;1.0;0;0;1.0;0;0;0;0;0;1.0;1.0;0;0;0;0;0
1505105;2.12;0.90;62.0;2657.0;28.5;83.25;29.25;6.27;18.61;14.20;352.02;334.21;2.58;86841.0;63.0;63.0;50.0;4520.0;996.49;156.24;6.0;1.0;0;1.0;0;0;1.0;0;0;0;0;0;1.0;1.0;0;0;0;0;0
1505646;2.13;0.93;62.0;2675.0;28.5;83.25;29.25;5.88;18.14;14.11;357.94;341.01;2.58;86841.0;63.0;63.0;50.0;4519.0;996.49;781.24;6.0;1.0;0;1.0;0;0;1.0;0;0;0;0;0;1.0;1.0;0;0;0;0;0
1506205;2.12;0.93;62.0;2682.0;28.5;83.25;29.25;5.88;18.15;14.11;348.84;349.41;2.58;86841.0;63.0;63.0;50.0;4528.0;996.49;156.24;6.0;1.0;0;1.0;0;0;1.0;0;0;0;0;0;1.0;1.0;0;0;0;0;0
1506746;2.17;0.96;63.0;2707.0;28.5;83.25;29.25;5.88;18.05;14.01;346.55;348.70;2.58;86841.0;63.0;64.0;50.0;4503.0;996.49;859.36;6.0;1.0;0;1.0;0;0;1.0;0;0;0;0;0;1.0;1.0;0;0;0;0;0
1507275;2.11;0.92;63.0;2700.0;28.5;83.25;29.25;5.88;18.09;14.11;346.75;343.72;2.58;86841.0;63.0;64.0;50.0;4513.0;996.49;761.70;6.0;1.0;0;1.0;0;0;1.0;0;0;0;0;0;1.0;1.0;0;0;0;0;0
1507815;2.04;0.91;63.0;2701.0;28.5;83.25;29.25;5.88;17.79;14.01;344.15;344.70;2.58;86841.0;63.0;64.0;50.0;4548.0;996.49;156.24;6.0;1.0;0;1.0;0;0;1.0;0;0;0;0;0;1.0;1.0;0;0;0;0;0
1508355;2.11;0.95;63.0;2730.0;28.5;83.25;29.25;5.88;17.76;14.11;341.24;234.73;2.58;86841.0;64.0;64.0;50.0;4500.0;996.49;820.30;6.0;1.0;0;1.0;0;0;1.0;0;0;0;0;0;1.0;1.0;0;0;0;0;0
1508896;2.06;0.92;63.0;2735.0;28.5;83.25;30.0;5.49;17.73;14.11;318.63;262.87;2.58;86841.0;64.0;64.0;50.0;4509.0;996.49;664.05;6.0;1.0;0;1.0;0;0;1.0;0;0;0;0;0;1.0;1.0;0;0;0;0;0
1509425;1.98;0.90;63.0;2739.0;28.5;83.25;30.0;5.88;17.49;14.11;320.50;305.0;2.58;86841.0;64.0;64.0;50.0;4525.0;996.49;58.59;6.0;1.0;0;1.0;0;0;1.0;0;0;0;0;0;1.0;1.0;0;0;0;0;0
1509965;2.07;0.93;65.0;2746.0;28.5;83.25;30.0;5.88;17.66;14.01;345.25;329.62;2.58;86841.0;64.0;65.0;50.0;4519.0;996.49;624.99;6.0;1.0;0;1.0;0;0;1.0;0;0;0;0;0;1.0;1.0;0;0;0;0;0
1510505;2.07;0.93;63.0;2734.0;28.5;83.25;30.0;5.49;17.73;14.11;351.01;323.70;2.58;86841.0;64.0;64.0;50.0;4517.0;996.49;820.30;6.0;1.0;0;1.0;0;0;1.0;0;0;0;0;0;1.0;1.0;0;0;0;0;0
1511095;2.00;0.90;65.0;2730.0;28.5;83.25;30.0;5.88;17.76;13.92;353.59;343.29;2.82;86841.0;64.0;65.0;50.0;4528.0;996.49;117.18;6.0;1.0;0;1.0;0;0;1.0;0;0;0;0;0;1.0;1.0;0;0;0;0;0
1511636;2.05;0.93;65.0;2752.0;28.5;83.25;30.0;5.88;17.62;14.11;334.11;345.29;2.58;86841.0;64.0;65.0;50.0;4503.0;996.49;156.24;6.0;1.0;0;1.0;0;0;1.0;0;0;0;0;0;1.0;1.0;0;0;0;0;0
1512175;2.08;0.93;65.0;2750.0;28.5;83.25;30.0;5.88;17.63;14.20;330.42;328.72;2.58;86842.0;65.0;65.0;50.0;4517.0;996.49;800.77;6.0;1.0;0;1.0;0;0;1.0;0;0;0;0;0;1.0;1.0;0;0;0;0;0
1512705;1.99;0.90;65.0;2767.0;28.5;83.25;30.0;5.88;17.59;14.01;329.15;341.59;2.58;86842.0;64.0;65.0;50.0;4505.0;996.49;253.90;6.0;1.0;0;1.0;0;0;1.0;0;0;0;0;0;1.0;1.0;0;0;0;0;0
1513246;1.75;1.00;63.0;2734.0;28.5;83.25;29.25;3.92;14.22;14.11;342.30;343.76;2.58;86842.0;64.0;64.0;50.0;4504.0;996.49;859.36;6.0;1.0;0;1.0;0;0;1.0;0;0;0;0;0;1.0;1.0;0;0;0;0;0
1513776;1.77;0.99;63.0;2701.0;28.5;83.25;29.25;4.31;14.26;14.11;321.52;276.66;2.58;86842.0;63.0;63.0;50.0;4516.0;996.49;878.89;6.0;1.0;0;1.0;0;0;1.0;0;0;0;0;0;1.0;1.0;0;0;0;0;0
1514315;1.46;0.97;62.0;2647.0;28.5;83.25;28.5;3.13;12.16;14.01;339.06;185.67;2.58;86842.0;63.0;63.0;50.0;4507.0;996.49;839.83;6.0;1.0;0;1.0;0;0;1.0;0;0;0;0;0;1.0;1.0;0;0;0;0;0
1514855;1.52;0.95;62.0;2628.0;28.5;83.25;29.25;3.13;12.81;13.92;350.66;261.87;2.82;86842.0;62.0;62.0;50.0;4527.0;996.49;781.24;6.0;1.0;0;1.0;0;0;1.0;0;0;0;0;0;1.0;1.0;0;0;0;0;0
1515396;1.56;0.93;61.0;2623.0;28.5;83.25;28.5;3.52;13.32;14.11;352.37;309.49;2.58;86842.0;62.0;62.0;50.0;4499.0;996.49;273.43;6.0;1.0;0;1.0;0;0;1.0;0;0;0;0;0;1.0;1.0;0;0;0;0;0
1515936;1.6;0.94;61.0;2595.0;28.5;83.25;27.75;3.52;13.55;14.01;351.52;330.58;2.58;86842.0;61.0;61.0;50.0;4517.0;996.49;527.33;6.0;1.0;0;1.0;0;0;1.0;0;0;0;0;0;1.0;1.0;0;0;0;0;0
1516466;1.63;0.94;61.0;2603.0;28.5;83.25;27.0;3.52;13.72;14.11;355.56;345.15;2.58;86842.0;61.0;61.0;50.0;4508.0;996.49;332.02;6.0;1.0;0;1.0;0;0;1.0;0;0;0;0;0;1.0;1.0;0;0;0;0;0
1517005;1.72;0.97;60.0;2541.0;28.5;83.25;26.25;3.52;14.19;14.11;350.50;342.14;2.58;86842.0;60.0;60.0;50.0;4506.0;996.49;820.30;6.0;1.0;0;1.0;0;0;1.0;0;0;0;0;0;1.0;1.0;0;0;0;0;0
1517545;1.70;0.95;60.0;2561.0;28.5;83.25;27.0;3.92;14.12;14.11;345.11;342.55;2.58;86842.0;60.0;60.0;50.0;4505.0;996.45;800.77;6.0;1.0;0;1.0;0;0;1.0;0;0;0;0;0;1.0;1.0;0;0;0;0;0
1518086;1.71;0.93;60.0;2480.0;28.5;83.25;26.25;3.92;14.54;14.20;330.58;342.51;2.58;86842.0;60.0;60.0;50.0;4508.0;996.45;156.24;6.0;1.0;0;1.0;0;0;1.0;0;0;0;0;0;1.0;1.0;0;0;0;0;0
1518615;1.69;0.94;58.0;2536.0;28.5;83.25;25.5;3.92;14.06;14.11;350.75;331.28;2.58;86842.0;59.0;59.0;50.0;4514.0;996.45;273.43;6.0;1.0;0;1.0;0;0;1.0;0;0;0;0;0;1.0;1.0;0;0;0;0;0
1519155;1.62;0.96;58.0;2524.0;28.5;83.25;25.5;3.52;13.34;14.11;287.67;342.55;2.58;86842.0;59.0;59.0;50.0;4524.0;996.45;820.30;6.0;1.0;0;1.0;0;0;1.0;0;0;0;0;0;1.0;1.0;0;0;0;0;0
1519696;1.55;0.95;58.0;2511.0;28.5;83.25;24.75;3.13;12.70;14.11;223.11;230.80;2.58;86842.0;58.0;59.0;50.0;4528.0;996.45;859.36;6.0;1.0;0;1.0;0;0;1.0;0;0;0;0;0;1.0;1.0;0;0;0;0;0
1520237;1.24;0.93;57.0;2486.0;28.5;83.25;25.5;1.96;10.63;14.01;192.99;252.60;2.58;86842.0;58.0;58.0;50.0;4522.0;996.45;839.83;6.0;1.0;0;1.0;0;0;1.0;0;0;0;0;0;1.0;1.0;0;0;0;0;0
1520776;0.84;0.92;56.0;2422.0;28.5;83.25;24.0;0.78;7.16;14.11;255.02;293.57;2.58;86842.0;57.0;57.0;50.0;4528.0;996.45;859.36;6.0;1.0;0;1.0;0;0;1.0;0;0;1.0;0;0;1.0;1.0;0;0;0;0;0
1521306;0.96;0.90;55.0;2349.0;28.5;83.25;23.25;0.39;8.34;14.11;237.60;323.02;2.58;86842.0;55.0;55.0;50.0;4507.0;996.45;878.89;6.0;1.0;0;1.0;0;0;1.0;0;0;1.0;0;0;1.0;1.0;0;0;0;0;0
1521846;1.05;0.88;53.0;2289.0;28.5;83.25;22.5;0.39;10.53;14.11;268.69;325.05;2.58;86842.0;54.0;54.0;50.0;4518.0;996.34;878.89;6.0;1.0;0;1.0;0;0;1.0;0;0;1.0;0;0;1.0;1.0;0;0;0;0;0
1522386;1.03;0.87;52.0;2224.0;28.5;83.25;21.75;0.78;8.67;14.20;291.89;333.31;2.58;86842.0;53.0;52.0;50.0;4519.0;996.34;664.05;6.0;1.0;0;1.0;0;0;1.0;0;0;1.0;0;0;1.0;1.0;0;0;0;0;0
1522926;1.12;0.87;51.0;2163.0;28.5;83.25;21.0;1.17;9.55;14.20;303.41;345.44;2.58;86842.0;52.0;51.0;50.0;4527.0;996.37;39.06;6.0;1.0;0;1.0;0;0;1.0;0;0;1.0;0;0;1.0;1.0;0;0;0;0;0
1523456;1.26;0.89;50.0;2188.0;28.5;83.25;20.25;1.56;10.86;14.11;330.81;331.93;2.58;86842.0;50.0;50.0;50.0;4535.0;996.37;39.06;6.0;1.0;0;1.0;0;0;1.0;0;0;1.0;0;0;1.0;1.0;0;0;0;0;0
1523996;1.37;0.90;50.0;2116.0;28.5;83.25;19.5;1.56;11.81;14.01;332.94;284.29;2.58;86842.0;50.0;49.0;50.0;4535.0;996.41;39.06;6.0;1.0;0;1.0;0;0;1.0;0;0;1.0;0;0;1.0;1.0;0;0;0;0;0
1524536;1.43;0.92;48.0;2070.0;28.5;83.25;18.0;1.96;11.63;14.11;324.82;306.17;2.58;86842.0;49.0;48.0;50.0;4535.0;996.41;39.06;6.0;1.0;0;1.0;0;0;1.0;0;0;1.0;0;0;1.0;1.0;0;0;0;0;0
1525126;1.51;0.94;47.0;2050.0;28.5;83.25;18.0;1.96;12.02;14.11;239.92;261.66;2.58;86842.0;48.0;48.0;50.0;4521.0;996.45;39.06;6.0;1.0;0;1.0;0;0;1.0;0;0;1.0;0;0;1.0;1.0;0;0;0;0;0
1525656;1.55;0.95;47.0;1989.0;28.5;83.25;18.0;1.56;12.01;14.11;206.21;226.56;2.58;86842.0;47.0;47.0;50.0;4520.0;996.37;58.59;6.0;1.0;0;1.0;0;0;1.0;0;0;1.0;0;0;1.0;1.0;0;0;0;0;0
1526196;1.32;0.97;46.0;1974.0;28.5;83.25;17.25;1.17;10.03;14.20;224.79;274.31;2.58;86842.0;47.0;46.0;50.0;4505.0;996.34;58.59;6.0;1.0;0;1.0;0;0;1.0;0;0;1.0;0;0;1.0;1.0;0;0;0;0;0
1526736;1.12;1.00;46.0;1951.0;28.5;83.25;12.0;0;12.56;14.20;273.18;299.21;2.58;86842.0;46.0;45.0;47.0;4511.0;996.37;58.59;6.0;1.0;0;1.0;0;0;1.0;0;0;1.0;0;0;1.0;1.0;0;0;0;0;0
1527275;1.12;1.00;43.0;1874.0;28.5;83.25;13.5;0;12.62;14.20;304.23;266.87;2.58;86842.0;44.0;44.0;47.0;4506.0;996.41;703.11;6.0;1.0;0;1.0;0;0;1.0;0;0;1.0;0;0;1.0;1.0;0;0;0;0;0
1527806;1.06;1.00;42.0;1832.0;28.5;83.25;15.0;0;12.45;14.20;231.86;189.83;2.58;86842.0;43.0;43.0;43.0;4501.0;996.41;781.24;6.0;1.0;0;1.0;0;0;1.0;0;0;1.0;0;0;1.0;1.0;0;0;0;0;0
1528346;1.12;0.99;41.0;1789.0;28.5;83.25;15.0;0;12.43;14.11;160.30;172.03;2.58;86842.0;42.0;41.0;44.0;4512.0;996.34;859.36;6.0;1.0;0;1.0;0;0;1.0;0;0;1.0;0;0;1.0;1.0;0;0;0;0;0
1528896;1.16;0.97;40.0;1738.0;28.5;83.25;13.5;0;12.47;14.01;107.53;107.02;2.58;86842.0;40.0;40.0;43.0;4514.0;996.37;878.89;6.0;1.0;0;1.0;0;0;1.0;0;0;1.0;0;0;1.0;1.0;0;0;0;0;0
1529427;1.12;0.96;37.0;1625.0;28.5;83.25;15.0;0;12.45;14.29;74.33;86.92;2.58;86842.0;38.0;38.0;44.0;4514.0;996.26;859.36;6.0;1.0;0;1.0;0;0;1.0;0;0;1.0;0;0;1.0;1.0;0;0;0;0;0
1529966;1.19;0.94;35.0;1496.0;28.5;83.25;15.0;0;12.41;14.29;78.53;63.27;2.58;86842.0;35.0;35.0;46.0;4513.0;996.34;839.83;6.0;1.0;0;1.0;0;0;1.0;0;0;1.0;0;0;1.0;1.0;0;0;0;0;0
1530496;1.40;0.92;32.0;1341.0;28.5;83.25;15.0;0;12.45;14.39;64.78;46.09;2.31;86842.0;32.0;32.0;45.0;4479.0;996.30;820.30;6.0;1.0;0;1.0;0;0;1.0;0;0;1.0;0;0;1.0;1.0;0;0;0;0;0
1531036;1.32;0.91;28.0;1280.0;28.5;83.25;13.5;0;12.23;14.29;47.16;35.38;2.58;86842.0;29.0;29.0;45.0;4498.0;996.30;644.52;6.0;1.0;0;1.0;1.0;0;1.0;0;0;1.0;0;0;1.0;1.0;0;0;1.0;0;0
1531576;1.28;0.91;26.0;1321.0;28.5;83.25;13.5;0;12.21;14.39;34.33;24.41;2.31;86842.0;26.0;27.0;44.0;4507.0;996.26;78.12;6.0;1.0;0;1.0;1.0;0;1.0;0;0;1.0;0;0;1.0;1.0;0;0;1.0;0;0
1532116;1.37;0.92;23.0;1232.0;28.5;83.25;17.25;0;12.88;14.29;24.97;18.72;2.58;86842.0;24.0;24.0;45.0;4517.0;996.34;39.06;5.0;1.0;0;1.0;1.0;0;1.0;0;0;1.0;0;0;1.0;1.0;0;0;1.0;0;0
1532656;1.36;0.94;21.0;1257.0;28.5;83.25;14.25;0;12.43;14.29;18.16;12.90;2.58;86842.0;21.0;21.0;45.0;4509.0;996.30;58.59;5.0;1.0;0;1.0;1.0;0;1.0;0;0;1.0;0;0;1.0;1.0;0;0;1.0;0;0
1533186;1.44;0.96;18.0;1296.0;28.5;83.25;13.5;0;12.28;14.48;13.20;11.89;2.31;86842.0;18.0;19.0;45.0;4505.0;996.34;58.59;5.0;1.0;0;1.0;1.0;0;1.0;0;0;1.0;0;0;1.0;1.0;0;0;1.0;0;0
1533726;1.48;0.97;17.0;1302.0;28.5;84.0;12.75;0;12.08;14.39;10.09;8.61;2.31;86842.0;17.0;17.0;44.0;4519.0;996.37;58.59;5.0;1.0;0;1.0;1.0;0;1.0;0;0;1.0;0;0;1.0;1.0;0;0;1.0;0;0
1534266;1.44;0.99;15.0;1303.0;28.5;84.0;12.75;0;12.05;14.39;11.38;10.66;2.31;86842.0;15.0;15.0;44.0;4500.0;996.41;839.83;4.0;1.0;0;1.0;0;0;1.0;0;0;1.0;0;0;1.0;1.0;0;0;0;0;0
1534806;1.48;0.97;12.0;1291.0;28.5;84.0;13.5;0;12.19;14.29;8.71;7.71;2.58;86842.0;13.0;13.0;44.0;4502.0;996.41;839.83;4.0;1.0;0;1.0;1.0;0;1.0;0;0;1.0;0;0;1.0;1.0;0;0;1.0;0;0
1535336;1.33;0.95;11.0;1277.0;28.5;84.0;13.5;0;12.18;14.39;5.97;5.54;2.31;86842.0;11.0;11.0;44.0;4508.0;996.30;644.52;4.0;1.0;0;1.0;1.0;0;1.0;0;0;1.0;0;0;1.0;1.0;0;0;0;0;0
1535876;1.45;0.95;8.0;1273.0;28.5;84.0;14.25;0;12.32;14.29;4.55;4.21;2.58;86842.0;9.0;9.0;44.0;4511.0;996.14;58.59;3.0;1.0;0;1.0;1.0;0;1.0;0;0;1.0;0;0;1.0;1.0;0;0;1.0;0;0
1536416;1.40;0.96;7.0;1291.0;28.5;84.0;12.75;0;12.01;14.48;3.45;3.20;2.31;86842.0;8.0;8.0;43.0;4517.0;996.22;58.59;3.0;1.0;0;1.0;1.0;0;1.0;0;0;1.0;0;0;1.0;1.0;0;0;1.0;0;0
1536955;1.36;0.98;6.0;1266.0;28.5;84.0;13.5;0;12.12;14.48;16.11;6.73;2.31;86842.0;7.0;7.0;43.0;4505.0;996.30;58.59;2.0;1.0;0;1.0;1.0;0;1.0;0;0;1.0;0;0;1.0;1.0;0;0;1.0;0;0
1537498;1.44;0.99;6.0;1208.0;28.5;84.0;18.0;0;12.85;14.39;50.40;14.06;2.31;86842.0;6.0;6.0;42.0;4515.0;996.34;58.59;2.0;1.0;0;1.0;1.0;0;1.0;0;0;1.0;0;0;1.0;1.0;0;0;1.0;0;0
1538026;1.45;1.00;5.0;1259.0;28.5;84.0;14.25;0;12.17;14.39;74.35;19.11;2.31;86842.0;6.0;6.0;41.0;4519.0;996.37;781.24;1.0;1.0;0;1.0;1.0;0;1.0;0;0;1.0;0;0;1.0;1.0;0;0;1.0;0;0
1538566;1.34;0.99;3.0;1271.0;28.5;84.0;13.5;0;11.95;14.39;68.56;13.88;2.31;86842.0;4.0;4.0;41.0;4525.0;996.41;839.83;1.0;1.0;0;1.0;1.0;0;1.0;0;0;1.0;0;0;1.0;1.0;0;0;1.0;0;0
1539106;1.33;0.97;0;1262.0;28.5;84.0;14.25;0;12.00;14.29;49.93;12.63;2.58;86842.0;0;0;41.0;4505.0;996.41;839.83;1.0;1.0;0;1.0;1.0;0;1.0;0;0;1.0;0;0;1.0;1.0;0;0;1.0;0;0
1539646;1.32;0.95;0;1270.0;28.5;84.0;14.25;0;11.96;14.39;36.36;9.15;2.31;86842.0;0;0;41.0;4516.0;996.41;781.24;1.0;1.0;0;1.0;1.0;0;1.0;0;0;1.0;0;0;1.0;1.0;0;0;1.0;0;0
1540176;1.28;0.94;0;1257.0;29.25;84.0;14.25;0;11.97;14.39;34.47;6.62;2.31;86842.0;0;0;40.0;4509.0;996.37;644.52;1.0;1.0;0;1.0;1.0;0;1.0;0;0;1.0;0;0;1.0;1.0;0;0;1.0;0;0
1540766;1.36;0.94;0;1244.0;29.25;84.75;14.25;0;11.95;14.39;26.44;5.03;2.31;86842.0;0;0;40.0;4524.0;996.41;39.06;1.0;1.0;0;1.0;1.0;0;1.0;0;0;1.0;0;0;1.0;1.0;0;0;1.0;0;0
1541306;1.28;0.96;0;1305.0;29.25;84.75;11.25;0;11.62;14.39;20.33;5.74;2.31;86842.0;0;0;40.0;4508.0;996.41;78.12;1.0;1.0;0;1.0;0;0;1.0;0;0;1.0;0;0;1.0;1.0;0;0;0;0;0
1541846;1.30;0.97;0;1249.0;29.25;84.75;15.0;0;11.91;14.39;29.09;38.02;2.31;86842.0;0;0;40.0;4504.0;996.41;742.17;1.0;1.0;0;1.0;0;0;1.0;0;0;1.0;0;0;1.0;1.0;0;0;0;0;0
1542376;1.42;0.97;0;1179.0;29.25;84.75;20.25;0;12.78;14.48;22.32;29.19;2.31;86842.0;0;0;41.0;4533.0;996.45;78.12;1.0;1.0;0;1.0;0;0;1.0;0;0;1.0;0;0;1.0;1.0;0;0;0;0;0
1542916;1.43;0.98;0;1198.0;29.25;84.75;18.0;0;12.51;14.29;19.45;21.24;2.58;86842.0;0;0;41.0;4500.0;996.45;312.49;1.0;1.0;0;1.0;0;0;1.0;0;0;1.0;0;0;1.0;1.0;0;0;0;0;0
1543456;1.36;1.00;0;1248.0;29.25;84.75;14.25;0;11.89;14.29;25.33;15.44;2.58;86842.0;0;0;40.0;4513.0;996.45;97.65;1.0;1.0;0;1.0;0;0;1.0;0;0;1.0;0;0;1.0;1.0;0;0;0;0;0
1543996;1.63;1.02;0;1202.0;29.25;84.75;18.0;0;12.53;14.39;19.43;11.83;2.31;86842.0;0;0;40.0;4517.0;996.45;703.11;1.0;1.0;0;1.0;0;0;1.0;0;0;1.0;0;0;1.0;1.0;0;0;0;0;0
1544536;1.38;1.00;0;1254.0;29.25;84.75;14.25;0;11.89;14.39;14.10;11.38;2.31;86842.0;0;0;40.0;4511.0;996.34;878.89;1.0;1.0;0;1.0;0;0;1.0;0;0;1.0;0;0;1.0;1.0;0;0;0;0;0
1545066;1.47;0.99;0;1225.0;29.25;84.75;16.5;0;12.23;14.39;12.30;10.46;2.31;86842.0;0;0;40.0;4519.0;996.37;800.77;1.0;1.0;0;1.0;0;0;1.0;0;0;1.0;0;0;1.0;1.0;0;0;0;0;0
1545606;1.32;0.97;0;1244.0;29.25;84.75;15.0;0;11.96;14.48;9.39;7.98;2.31;86842.0;0;0;41.0;4511.0;996.41;800.77;1.0;1.0;0;1.0;0;0;1.0;0;0;1.0;0;0;1.0;1.0;0;0;0;0;0
1546146;1.39;0.96;0;1212.0;29.25;84.75;17.25;0;12.40;14.29;8.78;5.48;2.58;86842.0;0;0;40.0;4505.0;996.34;78.12;1.0;1.0;0;1.0;0;0;1.0;0;0;1.0;0;0;1.0;1.0;0;0;0;0;0
1546686;1.38;0.98;0;1234.0;29.25;84.75;15.75;0;12.12;14.48;6.71;4.17;2.31;86842.0;0;0;41.0;4521.0;996.37;58.59;1.0;1.0;0;1.0;0;0;1.0;0;0;1.0;0;0;1.0;1.0;0;0;0;0;0
1547226;1.41;0.99;0;1221.0;29.25;84.75;16.5;0;12.27;14.39;5.11;3.18;2.31;86842.0;0;0;41.0;4509.0;996.41;683.58;1.0;1.0;0;1.0;0;0;1.0;0;0;1.0;0;0;1.0;1.0;0;0;0;0;0
1547756;1.45;0.97;0;1236.0;29.25;84.75;15.0;0;12.00;14.29;3.47;2.26;2.58;86842.0;0;0;41.0;4503.0;996.41;800.77;1.0;1.0;0;1.0;0;0;1.0;0;0;1.0;0;0;1.0;1.0;0;0;0;0;0
1548296;1.27;0.95;0;1266.0;29.25;85.5;13.5;0;11.78;14.39;2.61;1.69;2.31;86842.0;0;0;39.0;4522.0;996.41;507.80;1.0;1.0;0;1.0;0;0;1.0;0;0;1.0;0;0;1.0;1.0;0;0;0;0;0
1548836;1.33;0.96;0;1253.0;29.25;85.5;14.25;0;11.91;14.29;1.85;1.19;2.58;86842.0;0;0;40.0;4517.0;996.45;78.12;1.0;1.0;0;1.0;0;0;1.0;0;0;1.0;0;0;1.0;1.0;0;0;0;0;0
1549376;1.30;0.98;0;1280.0;29.25;85.5;12.75;0;11.61;14.39;7.28;0.82;2.31;86842.0;0;0;41.0;4521.0;996.45;58.59;1.0;1.0;0;1.0;0;0;1.0;0;0;1.0;0;0;1.0;1.0;0;0;0;0;0
1549916;1.51;1.00;0;1257.0;29.25;85.5;14.25;0;11.93;14.39;5.52;0.58;2.31;86842.0;0;0;41.0;4506.0;996.45;566.39;1.0;1.0;0;1.0;0;0;1.0;0;0;1.0;0;0;1.0;1.0;0;0;0;0;0
1550446;1.41;0.99;0;1227.0;29.25;85.5;16.5;0;12.27;14.39;3.96;0.35;2.31;86842.0;0;0;41.0;4511.0;996.45;820.30;1.0;1.0;0;1.0;0;0;1.0;0;0;1.0;0;0;1.0;1.0;0;0;0;0;0
1550985;1.40;0.97;0;1237.0;29.25;85.5;15.0;0;11.99;14.29;2.85;2.24;2.58;86842.0;0;0;40.0;4492.0;996.45;859.36;1.0;1.0;0;1.0;0;0;1.0;0;0;1.0;0;0;1.0;1.0;0;0;0;0;0
1551526;1.42;0.95;0;1203.0;29.25;85.5;18.0;0;12.54;14.39;2.14;1.69;2.31;86842.0;0;0;41.0;4523.0;996.45;624.99;1.0;1.0;0;1.0;0;0;1.0;0;0;1.0;0;0;1.0;1.0;0;0;0;0;0
1552066;1.32;0.97;0;1283.0;29.25;85.5;12.75;0;11.58;14.39;1.50;1.19;2.31;86842.0;0;0;41.0;4508.0;996.45;58.59;1.0;1.0;0;1.0;0;0;1.0;0;0;1.0;0;0;1.0;1.0;0;0;0;0;0
1552606;1.44;0.99;0;1209.0;29.25;85.5;18.0;0;12.54;14.39;3.33;0.82;2.31;86842.0;0;0;41.0;4509.0;996.45;136.71;1.0;1.0;0;1.0;0;0;1.0;0;0;1.0;0;0;1.0;1.0;0;0;0;0;0
1553136;1.36;1.00;0;1302.0;29.25;85.5;12.0;0;11.56;14.29;9.31;2.77;2.58;86842.0;0;0;42.0;4502.0;996.45;78.12;1.0;1.0;0;1.0;0;0;1.0;0;0;1.0;0;0;1.0;1.0;0;0;0;0;0
1553676;1.42;1.01;0;1251.0;29.25;85.5;14.25;0;11.97;14.29;14.72;3.96;2.58;86842.0;0;0;41.0;4509.0;996.37;820.30;1.0;1.0;0;1.0;0;0;1.0;0;0;1.0;0;0;1.0;1.0;0;0;0;0;0
1554216;1.35;0.99;0;1259.0;29.25;85.5;13.5;0;11.82;14.39;10.70;3.00;2.31;86842.0;0;0;40.0;4506.0;996.34;839.83;1.0;1.0;0;1.0;0;0;1.0;0;0;1.0;0;0;1.0;1.0;0;0;0;0;0
1554756;1.40;0.98;0;1229.0;29.25;85.5;16.5;0;12.29;14.29;7.75;2.14;2.58;86842.0;0;0;41.0;4518.0;996.37;839.83;1.0;1.0;0;1.0;0;0;1.0;0;0;1.0;0;0;1.0;1.0;0;0;0;0;0
1555296;1.32;0.96;0;1261.0;29.25;85.5;13.5;0;11.80;14.48;5.89;1.50;2.31;86842.0;0;0;41.0;4509.0;996.37;527.33;1.0;1.0;0;1.0;0;0;1.0;0;0;1.0;0;0;1.0;1.0;0;0;0;0;0
1555825;1.36;0.97;0;1236.0;29.25;85.5;15.75;0;12.19;14.39;4.25;3.39;2.31;86842.0;0;0;41.0;4510.0;996.41;39.06;1.0;1.0;0;1.0;0;0;1.0;0;0;1.0;0;0;1.0;1.0;0;0;0;0;0
1556416;1.47;0.98;0;1216.0;29.25;85.5;17.25;0;12.49;14.39;12.05;4.78;2.31;86842.0;0;0;42.0;4513.0;996.41;97.65;1.0;1.0;0;1.0;0;0;1.0;0;0;1.0;0;0;1.0;1.0;0;0;0;0;0
1556955;1.43;0.99;0;1271.0;29.25;85.5;13.5;0;11.87;14.39;61.79;11.69;2.31;86842.0;0;0;42.0;4503.0;996.45;800.77;1.0;1.0;0;1.0;0;0;1.0;0;0;1.0;0;0;1.0;1.0;0;0;0;0;0
1557498;1.34;0.97;0;1287.0;29.25;85.5;12.75;0;11.75;14.39;78.66;42.80;2.31;86842.0;0;0;42.0;4512.0;996.45;820.30;1.0;1.0;0;1.0;0;0;1.0;0;0;1.0;0;0;1.0;1.0;0;0;0;0;0
1558026;1.36;0.96;0;1225.0;29.25;85.5;16.5;0;12.41;14.39;74.81;56.57;2.31;86842.0;0;0;42.0;4514.0;996.45;351.55;1.0;1.0;0;1.0;0;0;1.0;0;0;1.0;0;0;1.0;1.0;0;0;0;0;0
1558566;1.39;0.97;0;1231.0;29.25;86.25;16.5;0;12.45;14.39;79.70;74.66;2.31;86842.0;0;0;42.0;4514.0;996.37;58.59;1.0;1.0;0;1.0;1.0;0;1.0;0;0;1.0;0;0;1.0;1.0;0;0;1.0;0;0
1559106;1.35;0.98;0;1270.0;29.25;86.25;12.75;0;11.75;14.48;64.99;64.48;2.31;86842.0;0;0;41.0;4523.0;996.41;58.59;1.0;1.0;0;1.0;1.0;0;1.0;0;0;1.0;0;0;1.0;1.0;0;0;0;0;0
1559645;1.35;0.99;0;1251.0;29.25;86.25;14.25;0;12.01;14.39;44.89;46.95;2.31;86842.0;0;0;41.0;4510.0;996.41;781.24;1.0;1.0;0;1.0;0;0;1.0;0;0;1.0;0;0;1.0;1.0;0;0;0;0;0
1560236;1.32;0.97;0;1273.0;29.25;86.25;12.75;0;11.65;14.39;34.47;36.05;2.31;86842.0;0;0;40.0;4511.0;996.41;781.24;1.0;1.0;0;1.0;0;0;1.0;0;0;1.0;0;0;1.0;1.0;0;0;0;0;0
1560766;1.37;0.96;0;1215.0;29.25;86.25;16.5;0;12.26;14.39;25.07;27.67;2.31;86842.0;0;0;40.0;4511.0;996.45;488.27;1.0;1.0;0;1.0;0;0;1.0;0;0;1.0;0;0;1.0;1.0;0;0;0;0;0
1561306;1.32;0.96;0;1238.0;29.25;86.25;15.0;0;11.95;14.39;21.56;22.47;2.31;86842.0;0;0;40.0;4507.0;996.45;214.84;1.0;1.0;0;1.0;0;0;1.0;0;0;1.0;0;0;1.0;1.0;0;0;0;0;0
1561845;1.39;0.95;0;1196.0;29.25;86.25;19.5;0;12.67;14.39;15.68;19.94;2.31;86842.0;0;0;41.0;4509.0;996.37;58.59;1.0;1.0;0;1.0;0;0;1.0;0;0;1.0;0;0;1.0;1.0;0;0;0;0;0
1562386;1.56;0.97;0;1193.0;29.25;86.25;19.5;0;12.67;14.48;11.99;17.61;2.31;86842.0;0;0;41.0;4512.0;996.41;58.59;1.0;1.0;0;1.0;0;0;1.0;0;0;1.0;0;0;1.0;1.0;0;0;0;0;0
1562926;1.43;0.99;0;1203.0;29.25;86.25;18.0;0;12.56;14.39;8.24;15.01;2.31;86842.0;0;0;41.0;4507.0;996.34;429.68;1.0;1.0;0;1.0;0;0;1.0;0;0;1.0;0;0;1.0;1.0;0;0;0;0;0
1563455;1.40;0.98;0;1223.0;29.25;86.25;16.5;0;12.27;14.39;6.28;11.50;2.31;86842.0;0;0;41.0;4508.0;996.30;781.24;1.0;1.0;0;1.0;0;0;1.0;0;0;1.0;0;0;1.0;1.0;0;0;0;0;0
1564005;1.32;0.97;0;1305.0;29.25;86.25;12.0;0;11.52;14.29;7.01;8.78;2.58;86842.0;0;0;41.0;4520.0;996.34;703.11;1.0;1.0;0;1.0;0;0;1.0;0;0;1.0;0;0;1.0;1.0;0;0;0;0;0
1564536;1.33;0.97;0;1244.0;29.25;86.25;15.0;0;12.02;14.29;5.05;6.03;2.58;86842.0;0;0;41.0;4508.0;996.37;664.05;1.0;1.0;0;1.0;0;0;1.0;0;0;1.0;0;0;1.0;1.0;0;0;0;0;0
1565076;1.41;0.97;0;1238.0;29.25;86.25;15.0;0;12.02;14.29;3.84;4.58;2.58;86842.0;0;0;41.0;4524.0;996.41;58.59;1.0;1.0;0;1.0;0;0;1.0;0;0;1.0;0;0;1.0;1.0;0;0;0;0;0
1565616;1.44;0.98;0;1191.0;29.25;86.25;19.5;0;12.74;14.39;2.89;3.47;2.31;86842.0;0;0;41.0;4513.0;996.41;644.52;1.0;1.0;0;1.0;0;0;1.0;0;0;1.0;0;0;1.0;1.0;0;0;0;0;0
1566196;1.35;0.97;0;1263.0;29.25;86.25;13.5;0;11.82;14.29;1.93;2.48;2.58;86842.0;0;0;41.0;4505.0;996.41;781.24;1.0;1.0;0;1.0;0;0;1.0;0;0;1.0;0;0;1.0;1.0;0;0;0;0;0
1566738;1.36;0.95;0;1214.0;29.25;86.25;17.25;0;12.44;14.29;1.34;1.75;2.58;86842.0;0;0;41.0;4519.0;996.45;78.12;1.0;1.0;0;1.0;0;0;1.0;0;0;1.0;0;0;1.0;1.0;0;0;0;0;0
1567275;1.50;0.98;0;1140.0;29.25;86.25;24.0;0;13.39;14.39;3.22;1.30;2.31;86842.0;0;0;42.0;4503.0;996.45;58.59;1.0;1.0;0;1.0;0;0;1.0;0;0;1.0;0;0;1.0;1.0;0;0;0;0;0
1567816;1.39;0.99;0;1240.0;29.25;87.0;15.0;0;12.04;14.39;34.56;4.90;2.31;86842.0;0;0;41.0;4509.0;996.45;624.99;1.0;1.0;0;1.0;0;0;1.0;0;0;1.0;0;0;1.0;1.0;0;0;0;0;0
1568356;1.32;0.98;0;1274.0;29.25;87.0;12.75;0;11.67;14.29;34.58;5.33;2.58;86842.0;0;0;40.0;4517.0;996.45;781.24;1.0;1.0;0;1.0;0;0;1.0;0;0;1.0;0;0;1.0;1.0;0;0;0;0;0
1568896;1.32;0.96;0;1241.0;29.25;87.0;15.75;0;12.15;14.29;26.54;4.04;2.58;86842.0;0;0;41.0;4520.0;996.34;722.64;1.0;1.0;0;1.0;0;0;1.0;0;0;1.0;0;0;1.0;1.0;0;0;0;0;0
1569426;1.31;0.94;0;1242.0;29.25;87.0;15.0;0;11.99;14.29;18.29;4.68;2.58;86842.0;0;0;41.0;4510.0;996.37;371.08;1.0;1.0;0;1.0;0;0;1.0;0;0;1.0;0;0;1.0;1.0;0;0;0;0;0
1569967;1.27;0.96;0;1321.0;29.25;87.0;11.25;0;11.26;14.39;20.93;5.89;2.31;86842.0;0;0;41.0;4518.0;996.41;58.59;1.0;1.0;0;1.0;0;0;1.0;0;0;1.0;0;0;1.0;1.0;0;0;0;0;0
1570505;1.30;0.98;0;1277.0;29.25;87.0;12.75;0;11.70;14.20;23.65;4.25;2.58;86842.0;0;0;41.0;4518.0;996.41;97.65;1.0;1.0;0;1.0;0;0;1.0;0;0;1.0;0;0;1.0;1.0;0;0;0;0;0
1571047;2.68;1.00;0;1203.0;29.25;87.0;12.75;1.96;14.25;14.39;17.20;3.04;2.31;86842.0;0;0;53.0;4568.0;996.45;820.30;1.0;1.0;0;1.0;0;0;1.0;0;0;1.0;0;0;1.0;1.0;0;0;0;0;0
1571586;2.88;0.99;0;2069.0;29.25;87.0;20.25;5.49;20.56;14.20;11.22;4.14;2.58;86842.0;0;0;48.0;4581.0;996.45;917.95;1.0;1.0;0;1.0;0;0;1.0;0;0;1.0;0;0;1.0;1.0;0;0;0;0;0
1572119;4.01;0.99;0;1791.0;29.25;87.0;12.75;9.80;30.58;14.29;9.31;2.51;2.58;86842.0;0;0;48.0;4508.0;996.45;878.89;1.0;1.0;0;1.0;0;0;1.0;0;0;1.0;0;0;1.0;1.0;0;0;0;0;0
1572655;4.38;1.00;13.0;2076.0;29.25;87.0;14.25;12.94;32.98;14.20;6.07;3.49;2.58;86842.0;13.0;14.0;48.0;4405.0;996.45;898.42;1.0;1.0;0;1.0;0;0;1.0;0;0;1.0;0;0;1.0;1.0;0;0;0;0;0
1573195;4.61;1.00;21.0;2314.0;29.25;87.0;15.75;16.86;34.16;14.20;3.71;2.10;2.58;86842.0;20.0;21.0;48.0;4449.0;996.45;878.89;1.0;1.0;0;1.0;0;0;1.0;0;0;1.0;0;0;1.0;1.0;0;0;0;0;0
1573735;4.25;0.96;28.0;3131.0;29.25;87.75;22.5;21.17;34.03;14.11;115.14;98.82;2.58;86842.0;28.0;28.0;47.0;4567.0;996.45;136.71;1.0;1.0;0;1.0;0;0;1.0;0;0;1.0;0;0;1.0;1.0;0;0;0;0;0
1574276;4.49;0.98;36.0;3935.0;29.25;87.75;26.25;22.35;35.45;14.01;236.39;201.43;2.58;86842.0;35.0;36.0;47.0;4604.0;996.37;800.77;1.0;1.0;0;1.0;0;0;1.0;0;0;1.0;0;0;1.0;1.0;0;0;0;0;0
1574816;5.0;1.00;40.0;3558.0;29.25;87.75;24.75;21.96;35.25;14.01;314.66;159.03;2.58;86842.0;38.0;40.0;47.0;4474.0;996.34;839.83;2.0;1.0;0;1.0;0;0;1.0;0;0;1.0;0;0;1.0;1.0;0;0;0;0;0
1575355;5.64;0.99;46.0;3605.0;29.25;87.75;17.25;27.45;40.54;14.01;334.80;229.96;2.58;86842.0;45.0;46.0;47.0;4615.0;996.30;781.24;2.0;1.0;0;1.0;0;0;1.0;0;0;1.0;0;0;1.0;1.0;0;0;0;0;0
1575885;5.87;1.00;52.0;4055.0;29.25;87.75;19.5;30.59;42.43;14.01;332.43;218.85;2.58;86842.0;50.0;52.0;47.0;4666.0;996.30;312.49;2.0;1.0;0;1.0;0;0;1.0;0;0;1.0;0;0;1.0;1.0;0;0;0;0;0
1576425;5.68;1.00;57.0;4469.0;29.25;87.75;21.75;32.94;41.37;14.01;305.54;206.58;2.58;86842.0;56.0;58.0;47.0;4545.0;996.26;585.93;2.0;1.0;0;1.0;0;0;1.0;0;0;1.0;0;0;1.0;1.0;0;0;0;0;0
1576965;7.45;1.00;61.0;3749.0;29.25;87.75;17.25;32.16;42.38;14.01;297.71;210.35;2.58;86842.0;60.0;61.0;47.0;4437.0;996.18;859.36;3.0;1.0;0;1.0;0;0;1.0;0;0;1.0;0;0;1.0;1.0;0;0;0;0;0
1577505;6.90;1.00;66.0;4084.0;29.25;87.75;15.0;40.39;47.23;13.82;322.06;203.28;2.82;86842.0;64.0;67.0;47.0;4627.0;995.98;507.80;3.0;1.0;0;1.0;0;0;1.0;0;0;1.0;0;0;1.0;1.0;0;0;0;0;0
1578046;6.16;1.00;71.0;4355.0;29.25;87.75;18.75;36.47;44.55;14.01;275.23;180.49;2.58;86842.0;70.0;71.0;47.0;4550.0;995.87;683.58;3.0;1.0;0;1.0;0;0;1.0;0;0;1.0;0;0;1.0;1.0;0;0;0;0;0
1578575;0.70;0.95;76.0;4548.0;29.25;87.75;38.25;9.41;26.97;14.01;252.30;227.60;2.58;86842.0;74.0;76.0;47.0;4435.0;995.91;371.08;3.0;1.0;0;1.0;0;0;1.0;0;0;0;0;0;1.0;1.0;0;0;0;0;0
1579115;6.11;1.00;77.0;4013.0;29.25;88.5;18.75;32.94;42.29;14.01;264.96;167.29;2.58;86842.0;76.0;78.0;47.0;4556.0;995.67;585.93;4.0;1.0;0;1.0;0;0;1.0;0;0;0;0;0;1.0;1.0;0;0;0;0;0
1579686;6.02;1.03;81.0;4228.0;29.25;88.5;18.75;32.94;41.77;14.11;324.41;219.26;2.58;86842.0;80.0;81.0;47.0;4559.0;995.63;839.83;4.0;1.0;0;1.0;0;0;1.0;0;0;0;0;0;1.0;1.0;0;0;0;0;0
1580225;5.22;1.00;85.0;4380.0;29.25;88.5;23.25;29.02;38.49;14.01;348.68;310.68;2.58;86842.0;83.0;85.0;47.0;4509.0;995.55;839.83;4.0;1.0;0;1.0;0;0;1.0;0;0;0;0;0;1.0;1.0;0;0;0;0;0
1580766;5.72;0.99;87.0;4551.0;29.25;88.5;21.75;34.90;40.94;14.11;314.45;331.79;2.58;86842.0;86.0;88.0;47.0;4408.0;995.52;234.37;4.0;1.0;0;1.0;0;0;1.0;0;0;0;0;0;1.0;1.0;0;0;0;0;0
1581335;5.33;0.99;88.0;4039.0;29.25;88.5;23.25;27.06;38.68;14.01;287.32;247.69;2.58;86842.0;87.0;89.0;47.0;4532.0;995.44;97.65;5.0;1.0;0;1.0;0;0;1.0;0;0;0;0;0;1.0;1.0;0;0;0;0;0
1581855;5.62;1.06;90.0;4161.0;29.25;88.5;22.5;27.45;39.19;14.01;248.40;254.90;2.58;86842.0;89.0;91.0;47.0;4541.0;995.36;820.30;5.0;1.0;0;1.0;0;0;1.0;0;0;0;0;0;1.0;1.0;0;0;0;0;0
1582395;5.32;1.01;92.0;4279.0;29.25;88.5;23.25;28.23;38.79;14.01;237.73;235.90;2.58;86842.0;91.0;93.0;47.0;4510.0;995.32;839.83;5.0;1.0;0;1.0;0;0;1.0;0;0;0;0;0;1.0;1.0;0;0;0;0;0
1582935;5.04;1.00;95.0;4363.0;29.25;87.75;24.0;27.84;37.93;14.01;229.08;233.11;2.58;86842.0;93.0;95.0;47.0;4490.0;995.24;781.24;5.0;1.0;0;1.0;0;0;1.0;0;0;0;0;0;1.0;1.0;0;0;0;0;0
1583475;4.27;1.00;96.0;4431.0;28.5;87.75;30.0;22.35;32.58;14.11;201.39;208.34;2.58;86842.0;95.0;97.0;47.0;4499.0;995.09;820.30;5.0;1.0;0;1.0;0;0;1.0;0;0;0;0;0;1.0;1.0;0;0;0;0;0
1584016;3.73;0.92;97.0;4512.0;28.5;87.75;33.0;20.78;30.60;14.01;210.94;200.43;2.58;86842.0;96.0;98.0;47.0;4510.0;995.01;332.02;5.0;1.0;0;1.0;0;0;1.0;0;0;0;0;0;1.0;1.0;0;0;0;0;0
1584555;3.62;1.00;97.0;4495.0;28.5;87.75;37.5;16.86;27.49;14.11;225.51;219.49;2.58;86842.0;97.0;98.0;47.0;4487.0;994.85;839.83;5.0;1.0;0;1.0;0;0;1.0;0;0;0;0;0;1.0;1.0;0;0;0;0;0
1585115;3.17;0.91;98.0;4505.0;28.5;87.75;38.25;15.68;26.48;14.01;239.61;281.50;2.58;86842.0;97.0;98.0;47.0;4504.0;994.77;136.71;5.0;1.0;0;1.0;0;0;1.0;0;0;0;0;0;1.0;1.0;0;0;0;0;0
1585655;3.55;1.00;98.0;4542.0;28.5;87.75;37.5;16.86;26.85;14.01;313.63;329.33;2.58;86842.0;98.0;99.0;47.0;4528.0;994.70;859.36;5.0;1.0;0;1.0;0;0;1.0;0;0;0;0;0;1.0;1.0;0;0;0;0;0
1586196;2.42;1.00;97.0;4238.0;28.5;87.75;46.5;5.88;14.06;14.01;329.08;331.20;2.58;86842.0;98.0;98.0;47.0;4406.0;994.62;859.36;5.0;1.0;0;1.0;0;0;1.0;0;0;0;0;0;1.0;1.0;0;0;0;0;0
1586725;3.51;0.94;98.0;4166.0;28.5;87.0;33.75;16.86;28.76;14.01;145.22;158.21;2.58;86842.0;98.0;99.0;48.0;4576.0;994.81;214.84;6.0;1.0;0;1.0;0;0;1.0;0;0;0;0;0;1.0;1.0;0;0;0;0;0
1587265;3.80;1.01;98.0;4186.0;28.5;87.0;33.75;16.86;29.01;14.11;75.22;71.32;2.58;86842.0;98.0;99.0;48.0;4537.0;994.73;683.58;6.0;1.0;0;1.0;0;0;1.0;0;0;0;0;0;1.0;1.0;0;0;0;0;0
1587805;3.72;1.00;98.0;4156.0;28.5;87.0;33.75;16.47;28.42;14.01;28.00;28.39;2.58;86842.0;98.0;99.0;48.0;4496.0;994.77;312.49;6.0;1.0;0;1.0;0;0;1.0;0;0;0;0;0;1.0;1.0;0;0;0;0;0
1588345;3.73;1.02;98.0;4171.0;28.5;87.0;34.5;16.08;27.83;14.01;10.76;11.48;2.58;86842.0;98.0;99.0;48.0;4501.0;994.54;488.27;6.0;1.0;0;1.0;0;0;1.0;0;0;0;0;0;1.0;1.0;0;0;0;0;0
1588886;3.08;0.96;98.0;4188.0;28.5;86.25;38.25;12.55;24.60;14.01;4.27;4.33;2.58;86842.0;98.0;99.0;48.0;4483.0;994.38;214.84;6.0;1.0;0;1.0;0;0;1.0;0;0;0;0;0;1.0;1.0;0;0;0;0;0
1589426;3.16;0.99;98.0;4161.0;28.5;86.25;39.0;12.55;24.62;14.11;1.26;1.30;2.58;86842.0;97.0;99.0;48.0;4500.0;994.27;683.58;6.0;1.0;0;1.0;0;0;1.0;0;0;0;0;0;1.0;1.0;0;0;0;0;0
1589966;3.11;0.97;97.0;4160.0;28.5;86.25;38.25;12.55;24.72;14.01;1.85;3.30;2.58;86842.0;97.0;98.0;48.0;4510.0;994.19;195.31;6.0;1.0;0;1.0;0;0;1.0;0;0;0;0;0;1.0;1.0;0;0;0;0;0
1590526;3.64;1.01;98.0;4157.0;28.5;86.25;34.5;15.68;27.87;14.01;0.48;0.97;2.58;86842.0;97.0;98.0;48.0;4527.0;994.15;566.39;6.0;1.0;0;1.0;0;0;1.0;0;0;0;0;0;1.0;1.0;0;0;0;0;0
1591066;3.59;0.99;98.0;4180.0;28.5;86.25;34.5;16.08;27.83;14.01;0.11;0.29;2.58;86842.0;97.0;99.0;48.0;4532.0;994.11;156.24;6.0;1.0;0;1.0;0;0;1.0;0;0;0;0;0;1.0;1.0;0;0;0;0;0
1591606;3.72;1.02;98.0;4141.0;28.5;85.5;34.5;16.08;28.09;14.11;2.38;1.97;2.58;86842.0;97.0;98.0;48.0;4507.0;994.07;585.93;6.0;1.0;0;1.0;0;0;1.0;0;0;0;0;0;1.0;1.0;0;0;0;0;0
1592185;3.60;0.99;98.0;4168.0;28.5;85.5;34.5;16.08;27.71;14.11;0.82;0.68;2.58;86842.0;98.0;99.0;49.0;4520.0;994.07;644.52;6.0;1.0;0;1.0;0;0;1.0;0;0;0;0;0;1.0;1.0;0;0;0;0;0
1592725;3.68;1.02;98.0;4184.0;28.5;85.5;34.5;15.68;27.80;14.01;0.15;0.11;2.58;86842.0;97.0;99.0;49.0;4503.0;994.07;761.70;6.0;1.0;0;1.0;0;0;1.0;0;0;0;0;0;1.0;1.0;0;0;0;0;0
1593265;3.64;1.02;98.0;4209.0;28.5;85.5;36.0;15.68;27.54;14.01;0;0;2.58;86842.0;97.0;99.0;49.0;4515.0;994.03;761.70;6.0;1.0;0;1.0;0;0;1.0;0;0;0;0;0;1.0;1.0;0;0;0;0;0
1593805;3.58;1.01;98.0;4205.0;28.5;85.5;36.0;15.68;27.28;14.01;0;0.89;2.58;86842.0;97.0;99.0;49.0;4522.0;994.03;761.70;6.0;1.0;0;1.0;0;0;1.0;0;0;0;0;0;1.0;1.0;0;0;0;0;0
1594346;3.64;0.98;98.0;4211.0;28.5;84.75;34.5;16.08;27.76;14.11;0;0.25;2.58;86842.0;98.0;99.0;49.0;4518.0;994.03;800.77;6.0;1.0;0;1.0;0;0;1.0;0;0;0;0;0;1.0;1.0;0;0;0;0;0
1594885;3.97;1.00;100.0;4206.0;28.5;84.75;32.25;18.43;30.27;14.01;2.79;2.08;2.58;86842.0;98.0;100.0;49.0;4536.0;994.03;722.64;6.0;1.0;0;1.0;0;0;1.0;0;0;0;0;0;1.0;1.0;0;0;0;0;0
1595415;3.89;1.02;100.0;4233.0;28.5;84.75;33.75;17.25;29.28;14.11;0.80;0.52;2.58;86842.0;99.0;100.0;49.0;4505.0;994.03;800.77;6.0;1.0;0;1.0;0;0;1.0;0;0;0;0;0;1.0;1.0;0;0;0;0;0
1595955;3.81;1.01;101.0;4265.0;28.5;84.75;34.5;17.25;28.83;14.01;0.21;0.11;2.58;86842.0;99.0;101.0;49.0;4521.0;994.03;722.64;6.0;1.0;0;1.0;0;0;1.0;0;0;0;0;0;1.0;1.0;0;0;0;0;0
1596495;3.87;1.03;101.0;4261.0;28.5;84.75;34.5;17.25;28.86;14.01;1.11;0;2.58;86842.0;100.0;101.0;49.0;4515.0;993.95;781.24;6.0;1.0;0;1.0;0;0;1.0;0;0;0;0;0;1.0;1.0;0;0;0;0;0
1597035;3.79;1.01;101.0;4269.0;28.5;84.75;34.5;17.25;28.81;13.92;0.31;1.97;2.82;86842.0;100.0;101.0;49.0;4507.0;993.91;566.39;6.0;1.0;0;1.0;0;0;1.0;0;0;0;0;0;1.0;1.0;0;0;0;0;0
1597576;3.84;1.02;101.0;4293.0;28.5;84.0;34.5;17.64;28.92;14.11;0;0.68;2.58;86842.0;101.0;102.0;49.0;4509.0;993.87;820.30;6.0;1.0;0;1.0;0;0;1.0;0;0;0;0;0;1.0;1.0;0;0;0;0;0
1598145;3.84;1.01;102.0;4318.0;28.5;84.0;34.5;17.64;28.93;14.01;2.63;0.11;2.58;86842.0;101.0;102.0;49.0;4512.0;993.84;527.33;6.0;1.0;0;1.0;0;0;1.0;0;0;0;0;0;1.0;1.0;0;0;0;0;0
1598695;3.82;1.01;102.0;4347.0;28.5;84.0;34.5;17.64;28.72;14.01;0.74;1.30;2.58;86842.0;101.0;103.0;49.0;4517.0;993.68;742.17;6.0;1.0;0;1.0;0;0;1.0;0;0;0;0;0;1.0;1.0;0;0;0;0;0
1599235;3.64;0.96;102.0;4361.0;28.5;84.0;34.5;18.04;28.82;14.11;0.19;1.77;2.58;86842.0;100.0;103.0;49.0;4511.0;993.56;566.39;6.0;1.0;0;1.0;0;0;1.0;0;0;0;0;0;1.0;1.0;0;0;0;0;0
1599775;3.69;0.99;102.0;4360.0;28.5;84.0;34.5;17.25;28.43;14.11;1.11;0.58;2.58;86842.0;102.0;103.0;49.0;4508.0;993.60;468.74;6.0;1.0;0;1.0;0;0;1.0;0;0;0;0;0;1.0;1.0;0;0;0;0;0
1600316;3.90;1.02;102.0;4308.0;28.5;84.0;34.5;18.04;29.14;14.11;1.19;0.03;2.58;86842.0;101.0;102.0;49.0;4521.0;993.60;624.99;6.0;1.0;0;1.0;0;0;1.0;0;0;0;0;0;1.0;1.0;0;0;0;0;0
1600856;3.60;1.00;102.0;4346.0;28.5;83.25;35.25;16.86;28.20;14.01;32.28;98.70;2.58;86842.0;101.0;103.0;50.0;4513.0;993.52;742.17;6.0;1.0;0;1.0;0;0;1.0;0;0;0;0;0;1.0;1.0;0;0;0;0;0
1601396;3.19;1.00;102.0;4345.0;28.5;83.25;38.25;13.72;24.98;14.11;100.28;77.51;2.58;86842.0;101.0;102.0;50.0;4490.0;993.41;214.84;6.0;1.0;0;1.0;0;0;1.0;0;0;0;0;0;1.0;1.0;0;0;0;0;0
1601926;4.28;1.03;102.0;4328.0;28.5;83.25;32.25;20.00;30.99;14.01;140.04;63.88;2.58;86842.0;101.0;103.0;50.0;4530.0;993.37;859.36;6.0;1.0;0;1.0;0;0;1.0;0;0;0;0;0;1.0;1.0;0;0;0;0;0
1602466;4.08;1.02;102.0;4323.0;28.5;83.25;33.0;19.61;30.57;14.11;211.76;194.01;2.58;86843.0;102.0;103.0;50.0;4512.0;993.41;761.70;6.0;1.0;0;1.0;0;0;1.0;0;0;0;0;0;1.0;1.0;0;0;0;0;0
1603006;3.48;1.00;102.0;4353.0;28.5;83.25;36.75;16.08;27.40;14.01;299.80;283.86;2.58;86843.0;101.0;103.0;50.0;4486.0;993.37;800.77;6.0;1.0;0;1.0;0;0;1.0;0;0;0;0;0;1.0;1.0;0;0;0;0;0
1603546;3.33;0.98;102.0;4343.0;28.5;83.25;37.5;14.90;26.07;13.92;315.52;335.40;2.82;86843.0;101.0;103.0;50.0;4499.0;993.29;703.11;6.0;1.0;0;1.0;0;0;1.0;0;0;0;0;0;1.0;1.0;0;0;0;0;0
1604086;3.32;0.97;102.0;4320.0;28.5;83.25;37.5;14.90;26.24;13.92;345.13;347.14;2.82;86843.0;102.0;102.0;50.0;4515.0;993.21;605.46;6.0;1.0;0;1.0;0;0;1.0;0;0;0;0;0;1.0;1.0;0;0;0;0;0
1604627;4.26;1.02;102.0;4302.0;28.5;82.5;34.5;17.64;28.91;13.92;332.38;348.39;2.82;86843.0;101.0;102.0;50.0;4521.0;993.21;742.17;6.0;1.0;0;1.0;0;0;1.0;0;0;0;0;0;1.0;1.0;0;0;0;0;0
1605166;3.84;1.02;102.0;4349.0;28.5;82.5;34.5;18.04;28.91;13.92;348.35;333.53;2.82;86843.0;101.0;102.0;50.0;4507.0;993.25;820.30;6.0;1.0;0;1.0;0;0;1.0;0;0;0;0;0;1.0;1.0;0;0;0;0;0
1605696;3.54;0.96;102.0;4336.0;28.5;82.5;35.25;17.25;28.17;14.01;311.87;313.30;2.58;86843.0;101.0;103.0;50.0;4508.0;993.13;136.71;6.0;1.0;0;1.0;0;0;1.0;0;0;0;0;0;1.0;1.0;0;0;0;0;0
1606236;3.76;1.01;102.0;4328.0;28.5;82.5;35.25;16.86;28.27;14.01;244.24;294.14;2.58;86843.0;102.0;103.0;50.0;4509.0;993.09;722.64;6.0;1.0;0;1.0;0;0;1.0;0;0;0;0;0;1.0;1.0;0;0;0;0;0
1606776;3.49;0.98;102.0;4334.0;28.5;82.5;36.75;16.08;27.24;14.01;200.92;331.56;2.58;86843.0;101.0;103.0;50.0;4507.0;993.17;820.30;6.0;1.0;0;1.0;0;0;1.0;0;0;0;0;0;1.0;1.0;0;0;0;0;0
1607316;3.90;1.00;102.0;4344.0;28.5;82.5;35.25;16.86;28.13;14.11;171.02;217.11;2.58;86843.0;101.0;103.0;50.0;4509.0;993.09;742.17;6.0;1.0;0;1.0;0;0;1.0;0;0;0;0;0;1.0;1.0;0;0;0;0;0
1607856;4.00;1.01;102.0;4360.0;28.5;82.5;33.0;19.61;30.31;14.11;141.31;176.70;2.58;86843.0;102.0;103.0;50.0;4529.0;993.02;781.24;6.0;1.0;0;1.0;0;0;1.0;0;0;0;0;0;1.0;1.0;0;0;0;0;0
1608447;3.42;1.00;102.0;4340.0;28.5;82.5;37.5;15.29;26.58;13.92;249.33;241.58;2.82;86843.0;102.0;103.0;50.0;4495.0;992.94;742.17;6.0;1.0;0;1.0;0;0;1.0;0;0;0;0;0;1.0;1.0;0;0;0;0;0
1609026;3.39;1.01;102.0;4341.0;28.5;82.5;38.25;14.51;25.85;14.01;329.00;322.86;2.58;86843.0;102.0;103.0;50.0;4509.0;992.90;820.30;6.0;1.0;0;1.0;0;0;1.0;0;0;0;0;0;1.0;1.0;0;0;0;0;0
1609568;3.07;0.96;103.0;4361.0;28.5;81.75;39.75;13.33;24.75;14.01;338.57;340.70;2.58;86843.0;102.0;103.0;51.0;4508.0;992.86;273.43;6.0;1.0;0;1.0;0;0;1.0;0;0;0;0;0;1.0;1.0;0;0;0;0;0
1610126;3.02;0.97;102.0;4350.0;28.5;81.75;40.5;12.15;23.94;14.01;345.54;343.61;2.58;86843.0;101.0;103.0;51.0;4509.0;992.82;683.58;6.0;1.0;0;1.0;0;0;1.0;0;0;0;0;0;1.0;1.0;0;0;0;0;0
1610666;3.06;0.99;102.0;4354.0;28.5;81.75;40.5;12.55;23.87;14.01;329.66;346.93;2.58;86843.0;102.0;103.0;51.0;4514.0;992.82;722.64;6.0;1.0;0;1.0;0;0;1.0;0;0;0;0;0;1.0;1.0;0;0;0;0;0
1611206;3.50;1.00;102.0;4375.0;28.5;81.75;37.5;16.08;26.81;14.11;346.73;221.64;2.58;86843.0;102.0;103.0;51.0;4541.0;992.74;429.68;6.0;1.0;0;1.0;0;0;1.0;0;0;0;0;0;1.0;1.0;0;0;0;0;0
1611746;3.55;1.02;103.0;4362.0;28.5;81.75;37.5;15.29;26.63;14.11;321.54;163.81;2.58;86843.0;102.0;103.0;51.0;4521.0;992.66;742.17;6.0;1.0;0;1.0;0;0;1.0;0;0;0;0;0;1.0;1.0;0;0;0;0;0
1612286;3.52;1.02;103.0;4382.0;28.5;81.75;37.5;15.29;26.28;14.01;291.27;151.04;2.58;86843.0;102.0;104.0;51.0;4509.0;992.59;761.70;6.0;1.0;0;1.0;0;0;1.0;0;0;0;0;0;1.0;1.0;0;0;0;0;0
1612826;3.48;1.01;103.0;4413.0;28.5;81.75;37.5;15.68;26.40;14.11;182.42;151.31;2.58;86843.0;102.0;104.0;51.0;4511.0;992.47;566.39;6.0;1.0;0;1.0;0;0;1.0;0;0;0;0;0;1.0;1.0;0;0;0;0;0
1613367;3.36;0.98;103.0;4401.0;28.5;81.75;38.25;15.29;26.17;14.01;154.03;117.62;2.58;86843.0;102.0;104.0;51.0;4508.0;992.55;683.58;6.0;1.0;0;1.0;0;0;1.0;0;0;0;0;0;1.0;1.0;0;0;0;0;0
1613946;3.31;0.98;103.0;4408.0;28.5;81.75;38.25;15.29;26.12;14.01;197.52;160.79;2.58;86843.0;103.0;104.0;51.0;4513.0;992.47;742.17;6.0;1.0;0;1.0;0;0;1.0;0;0;0;0;0;1.0;1.0;0;0;0;0;0
1614496;3.24;0.96;105.0;4419.0;28.5;81.75;38.25;14.90;25.83;14.01;251.60;261.40;2.58;86843.0;103.0;105.0;51.0;4505.0;992.51;136.71;6.0;1.0;0;1.0;0;0;1.0;0;0;0;0;0;1.0;1.0;0;0;0;0;0
1615076;3.36;1.01;103.0;4410.0;28.5;81.75;38.25;14.51;25.58;13.92;314.99;327.20;2.82;86843.0;103.0;104.0;51.0;4516.0;992.35;703.11;6.0;1.0;0;1.0;0;0;1.0;0;0;0;0;0;1.0;1.0;0;0;0;0;0
1615616;3.34;1.00;103.0;4408.0;28.5;81.75;38.25;14.51;25.72;14.01;338.02;331.48;2.58;86843.0;103.0;104.0;51.0;4514.0;992.35;624.99;6.0;1.0;0;1.0;0;0;1.0;0;0;0;0;0;1.0;1.0;0;0;0;0;0
1616156;3.36;1.01;105.0;4431.0;28.5;81.75;38.25;14.51;25.51;14.01;327.24;344.25;2.58;86843.0;103.0;105.0;51.0;4514.0;992.23;742.17;6.0;1.0;0;1.0;0;0;1.0;0;0;0;0;0;1.0;1.0;0;0;0;0;0
1616696;3.30;1.02;105.0;4416.0;28.5;81.0;39.0;14.11;24.92;14.01;346.32;343.49;2.58;86843.0;103.0;105.0;51.0;4512.0;992.20;800.77;6.0;1.0;0;1.0;0;0;1.0;0;0;0;0;0;1.0;1.0;0;0;0;0;0
1617226;3.22;1.00;105.0;4452.0;28.5;81.0;39.0;13.72;24.93;14.01;345.29;344.21;2.58;86843.0;103.0;105.0;51.0;4513.0;992.16;761.70;6.0;1.0;0;1.0;0;0;1.0;0;0;0;0;0;1.0;1.0;0;0;0;0;0
1617766;3.30;1.02;105.0;4425.0;28.5;81.0;39.0;13.72;24.87;13.92;303.00;344.04;2.82;86843.0;103.0;105.0;51.0;4526.0;992.12;820.30;6.0;1.0;0;1.0;0;0;1.0;0;0;0;0;0;1.0;1.0;0;0;0;0;0
1618306;3.23;1.01;105.0;4424.0;28.5;81.0;39.75;13.72;24.64;14.01;335.91;315.23;2.58;86843.0;103.0;105.0;51.0;4517.0;992.04;742.17;6.0;1.0;0;1.0;0;0;1.0;0;0;0;0;0;1.0;1.0;0;0;0;0;0
1618866;3.24;1.01;103.0;4396.0;28.5;81.0;39.0;13.72;24.82;14.01;255.78;281.70;2.58;86843.0;103.0;104.0;51.0;4516.0;992.16;781.24;6.0;1.0;0;1.0;0;0;1.0;0;0;0;0;0;1.0;1.0;0;0;0;0;0
1619406;3.17;0.99;103.0;4412.0;28.5;81.0;39.75;13.72;24.77;14.01;149.05;305.48;2.58;86843.0;103.0;104.0;51.0;4501.0;992.04;800.77;6.0;1.0;0;1.0;0;0;1.0;0;0;0;0;0;1.0;1.0;0;0;0;0;0
1619946;3.13;0.98;103.0;4419.0;28.5;81.0;39.75;13.72;24.67;14.11;180.59;298.96;2.58;86843.0;103.0;104.0;51.0;4514.0;992.12;781.24;6.0;1.0;0;1.0;0;0;1.0;0;0;0;0;0;1.0;1.0;0;0;0;0;0
1620486;3.11;0.97;105.0;4403.0;28.5;81.0;39.75;13.33;24.60;14.11;300.70;335.07;2.58;86843.0;103.0;105.0;51.0;4507.0;992.04;664.05;6.0;1.0;0;1.0;0;0;1.0;0;0;0;0;0;1.0;1.0;0;0;0;0;0
1621026;3.13;1.00;105.0;4436.0;28.5;81.0;39.75;12.94;24.14;13.92;332.30;348.61;2.82;86843.0;103.0;105.0;51.0;4511.0;992.04;800.77;6.0;1.0;0;1.0;0;0;1.0;0;0;0;0;0;1.0;1.0;0;0;0;0;0
1621566;3.08;0.99;103.0;4411.0;28.5;81.0;40.5;12.55;23.97;14.11;345.58;350.99;2.58;86843.0;103.0;104.0;51.0;4501.0;992.20;761.70;6.0;1.0;0;1.0;0;0;1.0;0;0;0;0;0;1.0;1.0;0;0;0;0;0
1622095;2.96;0.98;103.0;4406.0;28.5;81.0;40.5;12.15;23.55;14.01;346.89;351.46;2.58;86843.0;102.0;104.0;51.0;4506.0;992.23;644.52;6.0;1.0;0;1.0;0;0;1.0;0;0;0;0;0;1.0;1.0;0;0;0;0;0
1622635;2.89;0.96;103.0;4411.0;28.5;81.0;40.5;11.76;23.34;14.11;336.38;329.78;2.58;86843.0;103.0;104.0;51.0;4520.0;992.20;722.64;6.0;1.0;0;1.0;0;0;1.0;0;0;0;0;0;1.0;1.0;0;0;0;0;0
1623176;3.73;1.02;103.0;4395.0;28.5;81.0;35.25;17.25;27.80;14.11;341.59;328.43;2.58;86843.0;103.0;104.0;51.0;4522.0;992.12;800.77;6.0;1.0;0;1.0;0;0;1.0;0;0;0;0;0;1.0;1.0;0;0;0;0;0
1623715;4.12;0.99;105.0;4436.0;28.5;81.0;32.25;21.17;31.47;14.11;342.75;306.89;2.58;86843.0;103.0;105.0;51.0;4545.0;992.08;742.17;6.0;1.0;0;1.0;0;0;1.0;0;0;0;0;0;1.0;1.0;0;0;0;0;0
1624255;4.76;1.01;105.0;4461.0;28.5;81.0;27.75;25.88;35.43;14.11;313.90;315.15;2.58;86843.0;104.0;106.0;51.0;4526.0;992.08;97.65;6.0;1.0;0;1.0;0;0;1.0;0;0;0;0;0;1.0;1.0;0;0;0;0;0
1624796;4.98;1.06;106.0;4493.0;28.5;81.0;27.75;26.27;35.38;14.01;290.72;327.51;2.58;86843.0;105.0;107.0;51.0;4504.0;991.96;703.11;6.0;1.0;0;1.0;0;0;1.0;0;0;0;0;0;1.0;1.0;0;0;0;0;0
1625336;4.64;1.03;107.0;4593.0;28.5;81.0;30.0;25.10;33.76;14.01;312.87;252.17;2.58;86843.0;106.0;108.0;51.0;4508.0;992.04;605.46;6.0;1.0;0;1.0;0;0;1.0;0;0;0;0;0;1.0;1.0;0;0;0;0;0
1625875;4.39;0.99;108.0;4614.0;28.5;81.0;30.75;24.70;33.11;13.92;302.42;272.81;2.82;86843.0;107.0;109.0;51.0;4526.0;992.04;683.58;6.0;1.0;0;1.0;0;0;1.0;0;0;0;0;0;1.0;1.0;0;0;0;0;0
1626436;4.42;1.02;110.0;4647.0;28.5;81.0;30.75;24.31;32.71;14.01;323.59;322.18;2.58;86843.0;107.0;110.0;51.0;4525.0;991.96;585.93;6.0;1.0;0;1.0;0;0;1.0;0;0;0;0;0;1.0;1.0;0;0;0;0;0
1626976;4.72;1.06;110.0;4658.0;28.5;81.0;30.0;25.10;33.21;14.11;353.02;345.13;2.58;86843.0;108.0;110.0;51.0;4514.0;991.96;839.83;6.0;1.0;0;1.0;0;0;1.0;0;0;0;0;0;1.0;1.0;0;0;0;0;0
1627505;4.57;1.04;110.0;4675.0;28.5;81.0;30.75;25.10;33.10;14.11;331.20;345.52;2.58;86843.0;108.0;111.0;51.0;4487.0;992.00;839.83;6.0;1.0;0;1.0;0;0;1.0;0;0;0;0;0;1.0;1.0;0;0;0;0;0
1628045;4.02;0.97;111.0;4699.0;28.5;81.0;33.0;23.53;31.42;13.92;347.36;332.12;2.82;86843.0;109.0;111.0;51.0;4495.0;991.92;566.39;6.0;1.0;0;1.0;0;0;1.0;0;0;0;0;0;1.0;1.0;0;0;0;0;0
1628601;4.04;0.98;111.0;4712.0;28.5;81.0;33.0;23.13;31.09;14.01;328.86;345.62;2.58;86843.0;109.0;111.0;51.0;4504.0;991.92;156.24;6.0;1.0;0;1.0;0;0;1.0;0;0;0;0;0;1.0;1.0;0;0;0;0;0
1629156;3.98;0.99;111.0;4686.0;28.5;81.0;33.75;21.96;30.30;14.11;344.25;292.48;2.58;86843.0;110.0;111.0;51.0;4505.0;991.92;585.93;6.0;1.0;0;1.0;0;0;1.0;0;0;0;0;0;1.0;1.0;0;0;0;0;0
1629696;3.91;1.00;110.0;4690.0;28.5;81.0;33.75;21.96;30.27;13.92;341.81;328.88;2.82;86843.0;110.0;111.0;51.0;4498.0;992.04;781.24;6.0;1.0;0;1.0;0;0;1.0;0;0;0;0;0;0;1.0;0;0;0;0;0
1630236;4.00;1.01;111.0;4709.0;28.5;81.0;33.75;21.96;30.15;14.11;337.04;332.77;2.58;86843.0;109.0;111.0;51.0;4527.0;992.04;781.24;6.0;1.0;0;1.0;0;0;1.0;0;0;0;0;0;1.0;1.0;0;0;0;0;0
1630775;4.06;1.02;111.0;4699.0;28.5;81.0;33.75;21.96;30.21;14.01;292.93;217.19;2.58;86843.0;109.0;111.0;51.0;4531.0;991.96;800.77;6.0;1.0;0;1.0;0;0;1.0;0;0;0;0;0;1.0;1.0;0;0;0;0;0
1631305;4.36;1.03;111.0;4722.0;28.5;81.0;32.25;23.92;31.75;14.01;257.19;181.55;2.58;86843.0;109.0;111.0;51.0;4519.0;992.00;664.05;6.0;1.0;0;1.0;0;0;1.0;0;0;0;0;0;1.0;1.0;0;0;0;0;0
1631846;3.55;0.96;111.0;4687.0;28.5;81.0;36.0;19.61;28.25;14.11;252.60;234.67;2.58;86843.0;110.0;111.0;51.0;4510.0;991.88;703.11;6.0;1.0;0;1.0;0;0;1.0;0;0;0;0;0;1.0;1.0;0;0;0;0;0
1632386;0.47;1.00;108.0;3768.0;28.5;81.0;-30.0;0;0;14.11;328.70;315.19;2.58;86843.0;108.0;109.0;51.0;4348.0;991.88;683.58;6.0;1.0;0;1.0;1.0;0;1.0;0;0;0;0;0;1.0;1.0;0;0;1.0;0;0
1632945;1.61;1.00;106.0;1703.0;28.5;81.0;6.75;0;12.67;14.20;341.69;298.32;2.58;86843.0;106.0;106.0;89.0;4252.0;991.80;19.53;6.0;1.0;0;1.0;0;0;1.0;0;0;0;0;0;1.0;1.0;0;0;0;0;0
1633496;1.27;1.00;103.0;1599.0;28.5;81.0;14.25;0;12.65;14.29;274.66;193.01;2.58;86843.0;103.0;104.0;61.0;4360.0;991.73;898.42;6.0;1.0;0;1.0;0;0;1.0;0;0;0;0;0;1.0;1.0;0;0;0;0;0
1634076;1.20;0.98;101.0;1584.0;28.5;81.0;15.0;0;12.63;14.29;189.92;140.69;2.58;86843.0;100.0;101.0;59.0;4475.0;991.69;859.36;6.0;1.0;0;1.0;0;0;1.0;0;0;0;0;0;1.0;1.0;0;0;0;0;0
1634616;1.22;0.97;98.0;1552.0;28.5;81.0;15.0;0;12.67;14.20;130.53;100.46;2.58;86843.0;98.0;98.0;61.0;4493.0;991.65;839.83;6.0;1.0;0;1.0;0;0;1.0;0;0;0;0;0;1.0;1.0;0;0;0;0;0
1635145;1.23;0.95;96.0;1495.0;28.5;81.0;14.25;0;12.66;14.29;95.13;87.31;2.58;86843.0;96.0;96.0;62.0;4511.0;991.61;839.83;6.0;1.0;0;1.0;0;0;1.0;0;0;0;0;0;1.0;1.0;0;0;0;0;0
1635686;1.21;0.93;93.0;1495.0;28.5;81.0;15.0;0;12.69;14.39;65.73;61.32;2.31;86843.0;93.0;94.0;61.0;4504.0;991.61;742.17;6.0;1.0;0;1.0;0;0;1.0;0;0;0;0;0;1.0;1.0;0;0;0;0;0
1636225;1.24;0.93;91.0;1450.0;28.5;81.0;15.0;0;12.66;14.39;58.08;56.12;2.31;86844.0;91.0;92.0;62.0;4513.0;991.61;58.59;6.0;1.0;0;1.0;0;0;1.0;0;0;0;0;0;1.0;1.0;0;0;0;0;0
1636765;1.18;0.94;88.0;1540.0;28.5;81.0;15.0;0;12.71;14.29;48.41;38.76;2.58;86844.0;89.0;89.0;61.0;4522.0;991.57;78.12;6.0;1.0;0;1.0;0;0;1.0;0;0;0;0;0;1.0;1.0;0;0;0;0;0
1637306;1.24;0.96;87.0;1485.0;28.5;81.0;15.0;0;12.62;14.29;40.68;33.82;2.58;86844.0;87.0;87.0;61.0;4516.0;991.57;78.12;6.0;1.0;0;1.0;0;0;1.0;0;0;0;0;0;1.0;1.0;0;0;0;0;0
1637846;1.28;0.96;85.0;1443.0;28.5;81.75;14.25;0;12.60;14.39;31.50;28.86;2.31;86844.0;85.0;85.0;61.0;4509.0;991.57;292.96;6.0;1.0;0;1.0;0;0;1.0;0;0;0;0;0;1.0;1.0;0;0;0;0;0
1638456;1.28;0.97;82.0;1434.0;28.5;81.75;15.0;0;12.59;14.29;21.73;18.86;2.58;86844.0;83.0;83.0;60.0;4529.0;991.57;58.59;6.0;1.0;0;1.0;0;0;1.0;0;0;0;0;0;1.0;1.0;0;0;0;0;0
1638996;1.28;0.96;81.0;1423.0;28.5;81.75;15.0;0;12.59;14.39;17.18;12.98;2.31;86844.0;81.0;81.0;60.0;4505.0;991.57;781.24;6.0;1.0;0;1.0;0;0;1.0;0;0;0;0;0;1.0;1.0;0;0;0;0;0
1639536;1.24;0.96;78.0;1491.0;28.5;81.75;14.25;0;12.55;14.20;14.82;9.39;2.58;86844.0;79.0;79.0;61.0;4525.0;991.57;742.17;6.0;1.0;0;1.0;0;0;1.0;0;0;0;0;0;1.0;1.0;0;0;0;0;0
1640066;1.27;0.94;77.0;1422.0;28.5;82.5;14.25;0;12.64;14.20;11.56;6.46;2.58;86844.0;78.0;77.0;61.0;4494.0;991.57;214.84;6.0;1.0;0;1.0;0;0;1.0;0;0;0;0;0;1.0;1.0;0;0;0;0;0
1640606;1.32;0.95;75.0;1382.0;28.5;82.5;14.25;0;12.52;14.39;8.37;6.48;2.31;86844.0;75.0;76.0;59.0;4504.0;991.57;156.24;6.0;1.0;0;1.0;0;0;1.0;0;0;0;0;0;1.0;1.0;0;0;0;0;0
1641146;1.35;0.96;73.0;1344.0;28.5;82.5;13.5;0;12.35;14.39;12.63;8.65;2.31;86844.0;73.0;74.0;60.0;4522.0;991.57;97.65;6.0;1.0;0;1.0;0;0;1.0;0;0;0;0;0;1.0;1.0;0;0;0;0;0
1641686;1.30;0.96;70.0;1483.0;28.5;82.5;14.25;0;12.52;14.39;12.01;8.35;2.31;86844.0;70.0;70.0;61.0;4506.0;991.57;58.59;6.0;1.0;0;1.0;0;0;1.0;0;0;0;0;0;1.0;1.0;0;0;0;0;0
1642226;1.24;0.97;66.0;1512.0;28.5;82.5;14.25;0;12.61;14.20;8.71;6.07;2.58;86844.0;66.0;67.0;61.0;4523.0;991.57;820.30;6.0;1.0;0;1.0;0;0;1.0;0;0;0;0;0;1.0;1.0;0;0;0;0;0
1642766;1.27;0.95;63.0;1427.0;28.5;82.5;14.25;0;12.50;14.29;5.97;5.91;2.58;86844.0;63.0;63.0;60.0;4496.0;991.57;175.77;6.0;1.0;0;1.0;0;0;1.0;0;0;0;0;0;1.0;1.0;0;0;0;0;0
1643306;1.28;0.96;60.0;1486.0;28.5;83.25;14.25;0;12.43;14.29;4.31;6.62;2.58;86844.0;60.0;60.0;59.0;4513.0;991.57;136.71;6.0;1.0;0;1.0;0;0;1.0;0;0;0;0;0;1.0;1.0;0;0;0;0;0
1643836;1.37;0.95;55.0;1453.0;28.5;83.25;9.75;0;12.53;14.29;36.52;58.25;2.58;86844.0;55.0;56.0;47.0;4487.0;991.57;820.30;6.0;1.0;0;1.0;1.0;0;1.0;0;0;1.0;0;0;1.0;1.0;0;0;1.0;0;0
1644376;1.30;0.93;51.0;1382.0;28.5;83.25;14.25;0;12.49;14.39;28.82;44.04;2.31;86844.0;52.0;52.0;45.0;4495.0;991.57;742.17;6.0;1.0;0;1.0;0;0;1.0;0;0;1.0;0;0;1.0;1.0;0;0;0;0;0
1644916;1.31;0.91;47.0;1360.0;28.5;83.25;14.25;0;12.41;14.29;22.10;32.06;2.58;86844.0;47.0;48.0;45.0;4505.0;991.57;761.70;6.0;1.0;0;1.0;0;0;1.0;0;0;1.0;0;0;1.0;1.0;0;0;0;0;0
1645456;1.26;0.90;46.0;1374.0;28.5;83.25;15.0;0;12.46;14.29;15.21;25.33;2.58;86844.0;46.0;45.0;45.0;4532.0;991.57;566.39;5.0;1.0;0;1.0;1.0;0;1.0;0;0;1.0;0;0;1.0;1.0;0;0;1.0;0;0
1645996;1.32;0.91;43.0;1298.0;28.5;83.25;13.5;0;12.21;14.39;11.05;18.41;2.31;86844.0;44.0;44.0;45.0;4515.0;991.57;78.12;4.0;1.0;0;1.0;1.0;0;1.0;0;0;1.0;0;0;1.0;1.0;0;0;1.0;0;0
1646536;1.29;0.92;42.0;1344.0;28.5;83.25;15.0;0;12.45;14.39;10.66;13.35;2.31;86844.0;43.0;43.0;45.0;4527.0;991.57;117.18;2.0;1.0;0;1.0;0;0;1.0;0;0;1.0;0;0;1.0;1.0;0;0;0;0;0
1647076;3.66;1.00;41.0;3551.0;28.5;83.25;1.5;13.33;18.61;14.01;29.58;26.52;2.58;86844.0;41.0;41.0;50.0;4490.0;991.57;859.36;2.0;1.0;0;1.0;0;0;1.0;0;0;1.0;0;0;1.0;1.0;0;0;0;0;0
1647627;3.82;0.95;43.0;3789.0;28.5;84.0;31.5;18.43;31.10;14.01;23.31;43.98;2.58;86844.0;44.0;44.0;49.0;4543.0;991.57;136.71;2.0;1.0;0;1.0;0;0;1.0;0;0;1.0;0;0;1.0;1.0;0;0;0;0;0
1648195;5.36;1.00;48.0;3835.0;28.5;84.0;21.75;25.88;38.92;14.01;8.43;18.06;2.58;86844.0;48.0;49.0;49.0;4598.0;991.57;410.15;2.0;1.0;0;1.0;0;0;1.0;0;0;1.0;0;0;1.0;1.0;0;0;0;0;0
1648736;5.78;1.05;55.0;4308.0;28.5;84.0;21.75;30.98;41.23;14.01;4.33;8.72;2.58;86844.0;53.0;55.0;49.0;4626.0;991.57;820.30;2.0;1.0;0;1.0;0;0;1.0;0;0;1.0;0;0;1.0;1.0;0;0;0;0;0
1649276;5.13;1.04;61.0;4735.0;28.5;84.0;27.0;29.80;37.02;14.01;2.34;2.46;2.58;86844.0;60.0;61.0;49.0;4498.0;991.57;742.17;2.0;1.0;0;1.0;0;0;1.0;0;0;0;0;0;1.0;1.0;0;0;0;0;0
1649816;4.97;1.00;63.0;4336.0;28.5;84.0;33.75;18.43;31.02;14.01;0.68;0.78;2.58;86844.0;63.0;64.0;49.0;4317.0;991.57;917.95;3.0;1.0;0;1.0;0;0;1.0;0;0;1.0;0;0;0;1.0;0;0;0;0;0
1650356;5.65;1.00;66.0;4100.0;28.5;84.0;21.75;27.84;40.43;14.01;0.13;0.15;2.58;86844.0;66.0;67.0;49.0;4615.0;991.57;664.05;3.0;1.0;0;1.0;0;0;1.0;0;0;1.0;0;0;1.0;1.0;0;0;0;0;0
1650886;5.33;1.01;70.0;4303.0;28.5;83.25;23.25;28.63;39.60;14.01;87.57;74.79;2.58;86844.0;69.0;71.0;50.0;4571.0;991.57;664.05;3.0;1.0;0;1.0;0;0;1.0;0;0;1.0;0;0;1.0;1.0;0;0;0;0;0
1651426;5.24;1.01;73.0;4513.0;28.5;83.25;27.0;27.84;36.81;14.01;175.73;124.05;2.58;86844.0;72.0;74.0;50.0;4516.0;991.41;820.30;3.0;1.0;0;1.0;0;0;1.0;0;0;1.0;0;0;1.0;1.0;0;0;0;0;0
1651966;5.67;0.99;77.0;4751.0;28.5;82.5;22.5;36.47;41.48;14.01;226.37;160.38;2.58;86844.0;76.0;77.0;50.0;4420.0;991.37;253.90;3.0;1.0;0;1.0;0;0;1.0;0;0;0;0;0;1.0;1.0;0;0;0;0;0
1652506;6.14;1.00;80.0;4147.0;28.5;82.5;20.25;30.59;40.86;14.11;228.95;189.94;2.58;86844.0;78.0;80.0;50.0;4571.0;991.14;781.24;4.0;1.0;0;1.0;0;0;1.0;0;0;0;0;0;1.0;1.0;0;0;0;0;0
1653046;5.90;1.00;82.0;4285.0;28.5;82.5;19.5;34.12;41.85;14.01;234.55;200.02;2.58;86844.0;81.0;83.0;50.0;4551.0;991.26;273.43;4.0;1.0;0;1.0;0;0;1.0;0;0;0;0;0;1.0;1.0;0;0;0;0;0
1653586;5.40;1.00;85.0;4435.0;28.5;81.75;23.25;31.37;39.71;14.01;217.73;217.05;2.58;86844.0;85.0;86.0;51.0;4503.0;991.14;781.24;4.0;1.0;0;1.0;0;0;1.0;0;0;0;0;0;1.0;1.0;0;0;0;0;0
1654127;0;1.00;87.0;4670.0;28.5;81.75;48.75;0;4.55;14.01;146.31;144.69;2.58;86844.0;88.0;88.0;51.0;4456.0;991.02;917.95;4.0;1.0;0;1.0;0;0;1.0;0;0;0;0;0;1.0;1.0;0;0;0;0;0
1654666;6.27;1.00;90.0;4108.0;28.5;81.75;18.75;32.55;41.91;14.01;221.43;192.62;2.58;86844.0;88.0;90.0;51.0;4565.0;990.98;742.17;5.0;1.0;0;1.0;0;0;1.0;0;0;0;0;0;1.0;1.0;0;0;0;0;0
1655196;6.07;1.05;92.0;4246.0;28.5;81.75;19.5;32.55;41.58;14.01;290.09;263.47;2.58;86844.0;91.0;93.0;51.0;4543.0;990.95;820.30;5.0;1.0;0;1.0;0;0;1.0;0;0;0;0;0;1.0;1.0;0;0;0;0;0
1655736;5.20;1.01;95.0;4318.0;28.5;81.75;23.25;28.63;38.87;14.01;331.71;294.61;2.58;86844.0;93.0;95.0;51.0;4518.0;990.95;644.52;5.0;1.0;0;1.0;0;0;1.0;0;0;0;0;0;1.0;1.0;0;0;0;0;0
1656276;1.69;0.99;96.0;4451.0;28.5;81.75;34.5;12.55;28.55;14.11;344.04;323.49;2.58;86844.0;96.0;97.0;51.0;4410.0;990.87;898.42;5.0;1.0;0;1.0;0;0;1.0;0;0;0;0;0;1.0;1.0;0;0;0;0;0
1656816;5.86;1.00;97.0;4127.0;28.5;81.75;21.0;29.02;40.26;14.01;353.49;284.12;2.58;86844.0;96.0;97.0;51.0;4575.0;990.87;644.52;6.0;1.0;0;1.0;0;0;1.0;0;0;0;0;0;1.0;1.0;0;0;0;0;0
1657356;5.48;1.00;100.0;4193.0;28.5;81.75;21.75;29.02;39.86;13.92;299.19;306.19;2.82;86844.0;97.0;100.0;51.0;4557.0;990.67;117.18;6.0;1.0;0;1.0;0;0;1.0;0;0;0;0;0;1.0;1.0;0;0;0;0;0
1657896;5.08;1.04;101.0;4267.0;28.5;81.75;26.25;25.49;36.47;14.01;310.99;325.21;2.58;86844.0;99.0;101.0;51.0;4519.0;990.55;839.83;6.0;1.0;0;1.0;0;0;1.0;0;0;0;0;0;1.0;1.0;0;0;0;0;0
1658436;4.03;0.98;101.0;4305.0;28.5;81.75;31.5;20.78;31.88;14.11;267.11;298.57;2.58;86844.0;100.0;102.0;51.0;4489.0;990.55;859.36;6.0;1.0;0;1.0;0;0;1.0;0;0;0;0;0;1.0;1.0;0;0;0;0;0
1658976;5.72;1.00;102.0;4332.0;28.5;81.75;29.25;23.13;33.43;14.01;239.80;228.52;2.58;86844.0;101.0;102.0;51.0;4472.0;990.48;683.58;6.0;1.0;0;1.0;0;0;1.0;0;0;0;0;0;1.0;1.0;0;0;0;0;0
1659506;4.12;0.97;103.0;4383.0;28.5;81.75;30.0;21.96;32.62;14.11;193.24;197.19;2.58;86844.0;101.0;104.0;51.0;4525.0;990.44;742.17;6.0;1.0;0;1.0;0;0;1.0;0;0;0;0;0;1.0;1.0;0;0;0;0;0
1660046;3.90;0.96;103.0;4401.0;28.5;81.75;32.25;20.78;30.89;14.11;163.77;146.47;2.58;86844.0;102.0;104.0;51.0;4498.0;990.32;214.84;6.0;1.0;0;1.0;0;0;1.0;0;0;0;0;0;1.0;1.0;0;0;0;0;0
1660586;4.0;0.97;105.0;4414.0;28.5;81.75;32.25;20.78;31.04;14.01;185.18;192.17;2.58;86844.0;103.0;105.0;51.0;4508.0;990.24;800.77;6.0;1.0;0;1.0;0;0;1.0;0;0;0;0;0;1.0;1.0;0;0;0;0;0
1661126;3.64;0.96;105.0;4487.0;28.5;81.75;34.5;18.82;28.72;13.92;252.48;241.44;2.82;86844.0;102.0;105.0;51.0;4505.0;990.28;195.31;6.0;1.0;0;1.0;0;0;1.0;0;0;0;0;0;1.0;1.0;0;0;0;0;0
1661666;3.79;1.02;105.0;4473.0;28.5;81.75;35.25;18.04;28.33;13.92;322.81;305.46;2.82;86844.0;103.0;105.0;51.0;4515.0;990.12;839.83;6.0;1.0;0;1.0;0;0;1.0;0;0;0;0;0;1.0;1.0;0;0;0;0;0
1662206;3.77;1.00;105.0;4447.0;28.5;81.75;34.5;18.82;29.06;13.92;323.53;346.44;2.82;86844.0;103.0;105.0;51.0;4507.0;990.16;820.30;6.0;1.0;0;1.0;0;0;1.0;0;0;0;0;0;1.0;1.0;0;0;0;0;0
1662746;3.69;1.00;105.0;4455.0;28.5;81.75;35.25;17.64;28.26;14.01;347.47;324.25;2.58;86844.0;104.0;106.0;51.0;4515.0;990.05;820.30;6.0;1.0;0;1.0;0;0;1.0;0;0;0;0;0;1.0;1.0;0;0;0;0;0
1663326;3.22;0.94;105.0;4448.0;28.5;81.75;37.5;15.68;26.19;14.11;346.42;337.14;2.58;86844.0;104.0;105.0;51.0;4503.0;989.97;429.68;6.0;1.0;0;1.0;0;0;1.0;0;0;0;0;0;1.0;1.0;0;0;0;0;0
1663866;3.92;0.99;105.0;4442.0;28.5;81.75;33.75;19.61;29.77;14.01;346.89;323.35;2.58;86844.0;104.0;105.0;51.0;4529.0;989.81;800.77;6.0;1.0;0;1.0;0;0;1.0;0;0;0;0;0;1.0;1.0;0;0;0;0;0
1664406;4.02;1.00;106.0;4497.0;28.5;81.75;33.0;20.78;30.51;13.92;343.22;341.91;2.82;86844.0;104.0;106.0;51.0;4509.0;989.81;839.83;6.0;1.0;0;1.0;0;0;1.0;0;0;0;0;0;1.0;1.0;0;0;0;0;0
1664946;3.89;1.00;107.0;4549.0;28.5;81.75;34.5;20.00;29.57;14.01;342.30;340.15;2.58;86844.0;105.0;108.0;51.0;4521.0;989.58;742.17;6.0;1.0;0;1.0;0;0;1.0;0;0;0;0;0;1.0;1.0;0;0;0;0;0
1665496;3.83;1.01;106.0;4509.0;28.5;81.75;35.25;18.82;28.83;14.01;329.10;215.10;2.58;86844.0;105.0;107.0;51.0;4510.0;989.58;468.74;6.0;1.0;0;1.0;0;0;1.0;0;0;0;0;0;1.0;1.0;0;0;0;0;0
1666026;4.23;1.00;107.0;4562.0;28.5;82.5;33.0;21.57;30.81;14.01;255.88;170.04;2.58;86844.0;106.0;108.0;50.0;4512.0;989.50;722.64;6.0;1.0;0;1.0;0;0;1.0;0;0;0;0;0;1.0;1.0;0;0;0;0;0
1666566;3.81;0.96;107.0;4568.0;28.5;82.5;33.75;20.78;30.04;14.01;267.85;169.14;2.58;86844.0;106.0;108.0;50.0;4511.0;989.54;761.70;6.0;1.0;0;1.0;0;0;1.0;0;0;0;0;0;1.0;1.0;0;0;0;0;0
1667106;3.45;0.95;107.0;4557.0;27.75;82.5;36.0;18.04;27.86;13.92;331.69;282.01;2.82;86844.0;106.0;108.0;50.0;4493.0;989.54;761.70;6.0;1.0;0;1.0;0;0;1.0;0;0;0;0;0;1.0;1.0;0;0;0;0;0
1667646;4.10;1.03;108.0;4596.0;27.75;82.5;33.75;21.17;30.26;13.92;348.04;317.61;2.82;86844.0;107.0;108.0;50.0;4511.0;989.50;722.64;6.0;1.0;0;1.0;0;0;1.0;0;0;0;0;0;1.0;1.0;0;0;0;0;0
1668176;4.15;1.01;108.0;4589.0;27.75;82.5;33.0;21.96;30.99;14.01;335.77;340.07;2.58;86844.0;107.0;109.0;50.0;4511.0;989.50;703.11;6.0;1.0;0;1.0;0;0;1.0;0;0;0;0;0;1.0;1.0;0;0;0;0;0
1668716;4.33;1.02;108.0;4609.0;27.75;82.5;32.25;23.53;32.12;14.01;345.93;347.79;2.58;86844.0;107.0;109.0;50.0;4514.0;989.46;820.30;6.0;1.0;0;1.0;0;0;1.0;0;0;0;0;0;1.0;1.0;0;0;0;0;0
1669256;4.82;1.04;110.0;4649.0;27.75;82.5;29.25;26.66;34.54;14.01;326.38;349.21;2.58;86844.0;108.0;110.0;50.0;4511.0;989.38;800.77;6.0;1.0;0;1.0;0;0;1.0;0;0;0;0;0;1.0;1.0;0;0;0;0;0
1669796;4.49;1.00;110.0;4668.0;27.75;82.5;30.0;25.88;33.60;14.01;341.61;346.14;2.58;86844.0;109.0;111.0;50.0;4508.0;989.42;683.58;6.0;1.0;0;1.0;0;0;1.0;0;0;0;0;0;1.0;1.0;0;0;0;0;0
1670335;4.16;0.97;111.0;4673.0;27.75;82.5;31.5;24.31;32.31;13.92;340.83;336.99;2.82;86844.0;110.0;111.0;50.0;4516.0;989.38;820.30;6.0;1.0;0;1.0;0;0;1.0;0;0;0;0;0;1.0;1.0;0;0;0;0;0
1670876;3.48;0.92;111.0;4718.0;27.75;81.75;35.25;20.00;28.52;14.11;336.91;304.37;2.58;86844.0;109.0;111.0;51.0;4510.0;989.38;761.70;6.0;1.0;0;1.0;0;0;1.0;0;0;0;0;0;1.0;1.0;0;0;0;0;0
1671466;3.38;0.97;111.0;4699.0;27.75;81.75;38.25;17.64;26.74;13.92;244.45;272.97;2.82;86844.0;109.0;111.0;51.0;4530.0;989.27;722.64;6.0;1.0;0;1.0;0;0;1.0;0;0;0;0;0;1.0;1.0;0;0;0;0;0
1672006;4.16;1.00;110.0;4686.0;27.75;81.75;33.0;23.13;31.30;14.01;210.27;230.96;2.58;86844.0;109.0;111.0;51.0;4520.0;989.23;214.84;6.0;1.0;0;1.0;0;0;1.0;0;0;0;0;0;1.0;1.0;0;0;0;0;0
1672535;4.77;1.07;111.0;4682.0;27.75;81.75;30.0;25.49;33.26;14.11;265.72;269.55;2.58;86844.0;110.0;111.0;51.0;4523.0;989.15;761.70;6.0;1.0;0;1.0;0;0;1.0;0;0;0;0;0;1.0;1.0;0;0;0;0;0
1673076;4.48;1.05;111.0;4705.0;27.75;81.75;31.5;24.70;32.52;14.01;320.93;306.17;2.58;86844.0;110.0;111.0;51.0;4502.0;989.15;839.83;6.0;1.0;0;1.0;0;0;1.0;0;0;0;0;0;1.0;1.0;0;0;0;0;0
1673615;3.79;0.97;111.0;4730.0;27.75;81.75;34.5;21.17;29.59;14.01;338.63;338.45;2.58;86844.0;109.0;112.0;51.0;4502.0;989.03;800.77;6.0;1.0;0;1.0;0;0;1.0;0;0;0;0;0;1.0;1.0;0;0;0;0;0
1674156;3.28;0.94;110.0;4674.0;27.75;81.75;38.25;17.64;26.73;13.92;336.52;327.90;2.82;86844.0;109.0;111.0;51.0;4519.0;988.91;722.64;6.0;1.0;0;1.0;0;0;1.0;0;0;0;0;0;1.0;1.0;0;0;0;0;0
1674696;2.97;0.96;110.0;4662.0;27.75;81.75;41.25;13.72;23.81;14.01;345.64;336.61;2.58;86844.0;108.0;110.0;51.0;4520.0;988.80;781.24;6.0;1.0;0;1.0;0;0;1.0;0;0;0;0;0;1.0;1.0;0;0;0;0;0
1675236;4.41;1.02;108.0;4604.0;27.75;81.75;32.25;23.53;32.12;14.01;344.11;327.40;2.58;86844.0;108.0;109.0;51.0;4518.0;988.72;117.18;6.0;1.0;0;1.0;0;0;1.0;0;0;0;0;0;1.0;1.0;0;0;0;0;0
1675776;4.66;1.00;110.0;4675.0;27.75;81.75;29.25;27.06;34.39;14.01;277.59;339.39;2.58;86844.0;108.0;110.0;51.0;4526.0;988.60;58.59;6.0;1.0;0;1.0;0;0;1.0;0;0;0;0;0;1.0;1.0;0;0;0;0;0
1676316;5.33;1.08;110.0;4682.0;27.75;81.75;26.25;29.80;36.50;14.01;294.64;342.92;2.58;86844.0;108.0;110.0;51.0;4503.0;988.60;859.36;6.0;1.0;0;1.0;0;0;1.0;0;0;0;0;0;1.0;1.0;0;0;0;0;0
1676855;4.42;0.98;111.0;4692.0;27.75;82.5;30.0;26.27;33.77;14.01;326.65;277.71;2.58;86844.0;109.0;111.0;50.0;4506.0;988.48;781.24;6.0;1.0;0;1.0;0;0;1.0;0;0;0;0;0;1.0;1.0;0;0;0;0;0
1677436;3.60;0.95;110.0;4678.0;27.75;82.5;35.25;20.39;28.83;14.01;223.59;316.21;2.58;86845.0;109.0;110.0;50.0;4527.0;988.48;234.37;6.0;1.0;0;1.0;0;0;1.0;0;0;0;0;0;1.0;1.0;0;0;0;0;0
1677976;4.51;1.01;110.0;4687.0;27.75;82.5;30.0;25.49;33.06;14.01;205.88;332.84;2.58;86845.0;108.0;110.0;50.0;4504.0;988.37;742.17;6.0;1.0;0;1.0;0;0;1.0;0;0;0;0;0;1.0;1.0;0;0;0;0;0
1678516;4.45;1.01;110.0;4688.0;27.75;82.5;30.75;25.49;33.08;14.11;234.39;334.31;2.58;86845.0;108.0;111.0;50.0;4511.0;988.29;156.24;6.0;1.0;0;1.0;0;0;1.0;0;0;0;0;0;1.0;1.0;0;0;0;0;0
1679055;4.93;1.04;111.0;4683.0;27.75;82.5;28.5;28.23;35.44;14.11;285.50;343.35;2.58;86845.0;108.0;111.0;50.0;4482.0;988.21;800.77;6.0;1.0;0;1.0;0;0;1.0;0;0;0;0;0;1.0;1.0;0;0;0;0;0
1679596;4.60;0.99;111.0;4724.0;27.75;82.5;28.5;27.84;34.86;13.92;292.46;343.14;2.82;86845.0;109.0;111.0;50.0;4520.0;988.09;722.64;6.0;1.0;0;1.0;0;0;1.0;0;0;0;0;0;1.0;1.0;0;0;0;0;0
1680195;4.10;0.96;111.0;4700.0;27.75;82.5;32.25;24.31;32.09;13.92;326.07;325.70;2.82;86845.0;109.0;111.0;50.0;4479.0;987.98;371.08;6.0;1.0;0;1.0;0;0;1.0;0;0;0;0;0;1.0;1.0;0;0;0;0;0
1680746;3.79;0.97;110.0;4675.0;27.75;82.5;34.5;21.17;29.75;14.01;324.17;343.82;2.58;86845.0;108.0;111.0;50.0;4523.0;987.78;507.80;6.0;1.0;0;1.0;0;0;1.0;0;0;0;0;0;1.0;1.0;0;0;0;0;0
1681286;4.18;0.99;110.0;4695.0;27.75;82.5;32.25;24.31;31.91;14.01;342.18;327.75;2.58;86845.0;108.0;111.0;50.0;4519.0;987.66;117.18;6.0;1.0;0;1.0;0;0;1.0;0;0;0;0;0;1.0;1.0;0;0;0;0;0
1681827;4.72;1.02;110.0;4637.0;27.75;82.5;29.25;26.66;34.46;14.01;339.78;321.22;2.58;86845.0;108.0;111.0;50.0;4518.0;987.43;761.70;6.0;1.0;0;1.0;0;0;1.0;0;0;0;0;0;1.0;1.0;0;0;0;0;0
1682416;4.46;0.98;110.0;4666.0;27.75;82.5;29.25;26.27;34.00;13.92;323.47;339.91;2.82;86845.0;108.0;110.0;50.0;4514.0;987.31;273.43;6.0;1.0;0;1.0;0;0;1.0;0;0;0;0;0;1.0;1.0;0;0;0;0;0
1682955;4.72;1.00;111.0;4682.0;27.75;82.5;28.5;27.84;35.04;14.11;336.59;310.50;2.58;86845.0;108.0;111.0;50.0;4500.0;987.23;742.17;6.0;1.0;0;1.0;0;0;1.0;0;0;0;0;0;1.0;1.0;0;0;0;0;0
1683486;4.59;0.97;111.0;4717.0;27.75;82.5;28.5;28.23;35.20;14.11;320.37;324.99;2.58;86845.0;109.0;112.0;50.0;4500.0;987.12;312.49;6.0;1.0;0;1.0;0;0;1.0;0;0;0;0;0;1.0;1.0;0;0;0;0;0
1684025;4.44;1.00;111.0;4699.0;27.75;82.5;30.0;25.88;33.30;14.11;314.70;311.62;2.58;86845.0;109.0;112.0;50.0;4504.0;987.00;781.24;6.0;1.0;0;1.0;0;0;1.0;0;0;0;0;0;1.0;1.0;0;0;0;0;0
1684566;4.20;0.99;111.0;4735.0;27.75;82.5;32.25;24.70;32.02;14.11;347.57;340.79;2.58;86845.0;109.0;112.0;50.0;4515.0;986.96;761.70;6.0;1.0;0;1.0;0;0;1.0;0;0;0;0;0;1.0;1.0;0;0;0;0;0
1685106;4.4;1.01;111.0;4735.0;27.75;82.5;30.75;25.49;32.88;14.01;356.22;354.09;2.58;86845.0;109.0;111.0;50.0;4509.0;986.84;136.71;6.0;1.0;0;1.0;0;0;1.0;0;0;0;0;0;1.0;1.0;0;0;0;0;0
1685645;4.35;1.01;111.0;4703.0;27.75;82.5;30.75;24.70;32.52;14.01;355.69;353.76;2.58;86845.0;109.0;112.0;50.0;4523.0;986.77;722.64;6.0;1.0;0;1.0;0;0;1.0;0;0;0;0;0;1.0;1.0;0;0;0;0;0
1686185;3.96;1.00;111.0;4683.0;27.75;82.5;33.75;22.35;30.35;14.01;353.61;351.05;2.58;86845.0;109.0;111.0;50.0;4524.0;986.53;742.17;6.0;1.0;0;1.0;0;0;1.0;0;0;0;0;0;1.0;1.0;0;0;0;0;0
1686726;3.79;0.97;110.0;4694.0;27.75;82.5;34.5;21.57;29.75;14.11;347.61;346.40;2.58;86845.0;109.0;111.0;50.0;4533.0;986.41;703.11;6.0;1.0;0;1.0;0;0;1.0;0;0;0;0;0;1.0;1.0;0;0;0;0;0
1687266;3.88;0.99;110.0;4641.0;27.75;82.5;34.5;21.17;29.84;14.11;346.34;345.58;2.58;86845.0;109.0;110.0;50.0;4537.0;986.30;527.33;6.0;1.0;0;1.0;0;0;1.0;0;0;0;0;0;1.0;1.0;0;0;0;0;0
1687806;4.82;1.00;110.0;4674.0;27.75;82.5;27.0;29.02;35.69;14.11;338.59;338.10;2.58;86845.0;109.0;111.0;50.0;4505.0;986.18;195.31;6.0;1.0;0;1.0;0;0;1.0;0;0;0;0;0;1.0;1.0;0;0;0;0;0
1688336;4.84;1.02;111.0;4705.0;27.75;82.5;28.5;28.63;35.57;14.01;323.39;335.87;2.58;86845.0;109.0;111.0;50.0;4502.0;986.02;624.99;6.0;1.0;0;1.0;0;0;1.0;0;0;0;0;0;1.0;1.0;0;0;0;0;0
1688876;4.61;0.99;111.0;4719.0;27.75;82.5;29.25;27.84;34.69;14.01;316.87;274.86;2.58;86845.0;109.0;112.0;50.0;4491.0;986.06;351.55;6.0;1.0;0;1.0;0;0;1.0;0;0;0;0;0;1.0;1.0;0;0;0;0;0
1689416;4.58;1.02;111.0;4747.0;27.75;82.5;30.0;26.66;33.57;14.01;209.49;222.95;2.58;86845.0;110.0;112.0;50.0;4488.0;985.91;800.77;6.0;1.0;0;1.0;0;0;1.0;0;0;0;0;0;1.0;1.0;0;0;0;0;0
1689955;4.29;0.99;112.0;4724.0;27.75;82.5;30.75;25.49;32.71;13.92;231.35;236.02;2.82;86845.0;110.0;112.0;50.0;4517.0;985.83;488.27;6.0;1.0;0;1.0;0;0;1.0;0;0;0;0;0;1.0;1.0;0;0;0;0;0
1690515;4.16;0.97;112.0;4761.0;27.75;82.5;32.25;25.10;32.05;14.01;324.15;327.20;2.58;86845.0;110.0;112.0;50.0;4494.0;985.67;683.58;6.0;1.0;0;1.0;0;0;1.0;0;0;0;0;0;1.0;1.0;0;0;0;0;0
1691055;4.12;1.01;111.0;4755.0;27.75;82.5;33.0;23.53;31.09;14.01;345.64;326.79;2.58;86845.0;110.0;112.0;50.0;4528.0;985.63;781.24;6.0;1.0;0;1.0;0;0;1.0;0;0;0;0;0;1.0;1.0;0;0;0;0;0
1691595;3.74;0.95;111.0;4715.0;27.75;82.5;34.5;21.57;29.78;14.11;352.30;348.04;2.58;86845.0;110.0;112.0;50.0;4522.0;985.55;800.77;6.0;1.0;0;1.0;0;0;1.0;0;0;0;0;0;1.0;1.0;0;0;0;0;0
1692135;3.80;0.98;111.0;4711.0;27.75;82.5;34.5;21.17;29.39;13.92;352.98;331.03;2.82;86845.0;110.0;111.0;50.0;4521.0;985.48;703.11;6.0;1.0;0;1.0;0;0;1.0;0;0;0;0;0;1.0;1.0;0;0;0;0;0
1692675;3.75;0.98;111.0;4686.0;27.75;82.5;35.25;20.78;29.08;14.01;350.05;328.98;2.58;86845.0;110.0;111.0;50.0;4515.0;985.36;292.96;6.0;1.0;0;1.0;0;0;1.0;0;0;0;0;0;1.0;1.0;0;0;0;0;0
1693215;4.22;1.00;110.0;4697.0;27.75;82.5;32.25;23.92;31.73;14.01;313.31;326.48;2.58;86845.0;109.0;111.0;50.0;4516.0;985.20;136.71;6.0;1.0;0;1.0;0;0;1.0;0;0;0;0;0;1.0;1.0;0;0;0;0;0
1693755;4.11;1.00;110.0;4715.0;27.75;82.5;33.0;23.13;30.94;14.01;272.67;325.42;2.58;86845.0;108.0;111.0;50.0;4507.0;985.01;820.30;6.0;1.0;0;1.0;0;0;1.0;0;0;0;0;0;1.0;1.0;0;0;0;0;0
1694296;3.46;0.95;110.0;4642.0;27.75;82.5;36.0;19.21;28.06;14.01;318.84;229.26;2.58;86845.0;108.0;110.0;50.0;4520.0;984.89;644.52;6.0;1.0;0;1.0;0;0;1.0;0;0;0;0;0;1.0;1.0;0;0;0;0;0
1694836;4.07;1.00;110.0;4647.0;27.75;82.5;34.5;21.57;29.88;14.01;328.88;221.86;2.58;86845.0;108.0;110.0;50.0;4503.0;984.77;546.86;6.0;1.0;0;1.0;0;0;1.0;0;0;0;0;0;1.0;1.0;0;0;0;0;0
1695365;4.25;1.01;108.0;4603.0;27.75;82.5;32.25;23.13;31.65;14.01;296.15;248.83;2.58;86845.0;107.0;109.0;50.0;4516.0;984.66;722.64;6.0;1.0;0;1.0;0;0;1.0;0;0;0;0;0;1.0;1.0;0;0;0;0;0
1695905;3.96;1.01;108.0;4608.0;27.75;82.5;34.5;21.17;29.87;14.01;296.01;261.97;2.58;86845.0;107.0;109.0;50.0;4496.0;984.66;742.17;6.0;1.0;0;1.0;0;0;1.0;0;0;0;0;0;1.0;1.0;0;0;0;0;0
1696495;3.56;0.96;108.0;4583.0;27.75;82.5;36.0;18.82;28.07;14.01;339.00;331.30;2.58;86845.0;107.0;109.0;50.0;4498.0;984.62;507.80;6.0;1.0;0;1.0;0;0;1.0;0;0;0;0;0;1.0;1.0;0;0;0;0;0
1697087;4.24;1.00;108.0;4568.0;27.75;82.5;32.25;23.13;31.67;14.01;347.69;330.70;2.58;86845.0;107.0;108.0;50.0;4523.0;984.58;644.52;6.0;1.0;0;1.0;0;0;1.0;0;0;0;0;0;1.0;1.0;0;0;0;0;0
1697625;4.41;1.01;108.0;4608.0;27.75;82.5;30.75;24.70;33.11;14.01;351.57;333.92;2.58;86845.0;107.0;109.0;50.0;4503.0;984.42;605.46;6.0;1.0;0;1.0;0;0;1.0;0;0;0;0;0;1.0;1.0;0;0;0;0;0
1698165;4.07;0.98;108.0;4629.0;27.75;82.5;33.0;23.13;31.43;14.11;348.33;339.90;2.58;86845.0;107.0;109.0;50.0;4513.0;984.34;253.90;6.0;1.0;0;1.0;0;0;1.0;0;0;0;0;0;1.0;1.0;0;0;0;0;0
1698706;4.03;0.97;108.0;4582.0;27.75;82.5;33.0;22.74;31.45;14.11;339.47;344.99;2.58;86845.0;107.0;109.0;50.0;4499.0;984.07;546.86;6.0;1.0;0;1.0;0;0;1.0;0;0;0;0;0;1.0;1.0;0;0;0;0;0
1699246;4.05;0.97;108.0;4576.0;27.75;82.5;33.0;22.74;31.49;14.01;323.00;345.91;2.58;86845.0;107.0;109.0;50.0;4511.0;983.95;742.17;6.0;1.0;0;1.0;0;0;1.0;0;0;0;0;0;1.0;1.0;0;0;0;0;0
1699776;3.88;1.00;108.0;4594.0;27.75;82.5;34.5;20.78;29.84;14.11;338.49;322.77;2.58;86845.0;106.0;109.0;50.0;4515.0;983.87;839.83;6.0;1.0;0;1.0;0;0;1.0;0;0;0;0;0;1.0;1.0;0;0;0;0;0
1700315;3.34;0.93;108.0;4566.0;27.75;82.5;37.5;17.64;27.36;14.11;336.95;310.23;2.58;86845.0;107.0;108.0;50.0;4503.0;983.72;761.70;6.0;1.0;0;1.0;0;0;1.0;0;0;0;0;0;0;1.0;0;0;0;0;0
1700855;3.14;0.94;107.0;4548.0;27.75;82.5;39.0;15.29;25.53;14.11;320.93;225.96;2.58;86845.0;106.0;107.0;50.0;4502.0;983.56;468.74;6.0;1.0;0;1.0;0;0;1.0;0;0;0;0;0;1.0;1.0;0;0;0;0;0
1701395;3.31;0.93;106.0;4497.0;27.75;82.5;37.5;16.47;26.25;14.01;309.70;213.26;2.58;86845.0;105.0;107.0;50.0;4522.0;983.52;136.71;6.0;1.0;0;1.0;0;0;1.0;0;0;0;0;0;1.0;1.0;0;0;0;0;0
1701935;4.09;0.99;106.0;4494.0;27.75;82.5;32.25;21.96;31.46;14.01;223.05;152.86;2.58;86845.0;104.0;106.0;50.0;4534.0;983.52;703.11;6.0;1.0;0;1.0;0;0;1.0;0;0;0;0;0;1.0;1.0;0;0;0;0;0
1702475;4.60;1.00;106.0;4540.0;27.75;82.5;28.5;25.88;34.51;14.01;240.37;179.26;2.58;86845.0;105.0;107.0;50.0;4518.0;983.41;78.12;6.0;1.0;0;1.0;0;0;1.0;0;0;0;0;0;1.0;1.0;0;0;0;0;0
1703016;5.04;1.06;107.0;4500.0;27.75;83.25;27.75;26.66;36.03;13.92;317.55;304.43;2.82;86845.0;105.0;107.0;50.0;4528.0;983.21;742.17;6.0;1.0;0;1.0;0;0;1.0;0;0;0;0;0;1.0;1.0;0;0;0;0;0
1703555;4.19;0.96;108.0;4584.0;27.75;83.25;30.75;24.31;32.90;13.92;319.08;329.29;2.82;86845.0;106.0;108.0;50.0;4492.0;983.13;839.83;6.0;1.0;0;1.0;0;0;1.0;0;0;0;0;0;1.0;1.0;0;0;0;0;0
1704096;3.12;0.96;107.0;4543.0;27.75;83.25;39.75;14.90;25.22;13.92;327.34;340.09;2.82;86845.0;106.0;107.0;50.0;4511.0;983.13;800.77;6.0;1.0;0;1.0;0;0;1.0;0;0;0;0;0;1.0;1.0;0;0;0;0;0
1704635;3.86;0.99;106.0;4490.0;27.75;83.25;34.5;19.21;28.92;14.01;328.68;341.18;2.58;86845.0;105.0;107.0;50.0;4523.0;983.05;761.70;6.0;1.0;0;1.0;0;0;1.0;0;0;0;0;0;1.0;1.0;0;0;0;0;0
1705195;3.95;1.00;106.0;4536.0;27.75;83.25;33.0;20.78;30.04;14.11;341.79;341.75;2.58;86845.0;105.0;107.0;50.0;4497.0;983.02;820.30;6.0;1.0;0;1.0;0;0;1.0;0;0;0;0;0;1.0;1.0;0;0;0;0;0
1705736;2.83;0.97;105.0;4466.0;27.75;83.25;41.25;11.37;22.79;14.01;341.85;323.94;2.58;86845.0;105.0;106.0;50.0;4501.0;982.78;839.83;6.0;1.0;0;1.0;0;0;1.0;0;0;0;0;0;1.0;1.0;0;0;0;0;0
1706276;1.30;0.99;102.0;4375.0;27.75;83.25;48.0;4.31;10.53;14.01;297.59;315.23;2.58;86845.0;103.0;103.0;50.0;4406.0;982.59;898.42;6.0;1.0;0;1.0;0;0;1.0;0;0;0;0;0;1.0;1.0;0;0;0;0;0
1706816;1.18;0.98;100.0;4231.0;27.75;83.25;47.25;3.52;9.51;14.01;292.65;297.81;2.58;86845.0;100.0;100.0;50.0;4475.0;982.47;898.42;6.0;1.0;0;1.0;0;0;1.0;0;0;0;0;0;1.0;1.0;0;0;0;0;0
1707356;1.17;0.96;97.0;4136.0;27.75;83.25;46.5;3.52;9.67;14.01;239.69;332.34;2.58;86845.0;98.0;98.0;50.0;4508.0;982.43;878.89;6.0;1.0;0;1.0;0;0;1.0;0;0;0;0;0;1.0;1.0;0;0;0;0;0
1707886;1.56;0.94;95.0;4040.0;27.75;83.25;45.75;5.09;13.12;13.92;311.69;338.57;2.82;86845.0;95.0;95.0;50.0;4486.0;982.43;878.89;6.0;1.0;0;1.0;0;0;1.0;0;0;0;0;0;1.0;1.0;0;0;0;0;0
1708426;3.08;1.00;93.0;3971.0;27.75;83.25;40.5;10.58;21.10;14.01;346.73;295.29;2.58;86845.0;94.0;94.0;50.0;4535.0;982.16;878.89;6.0;1.0;0;1.0;0;0;1.0;0;0;0;0;0;1.0;1.0;0;0;0;0;0
1708966;4.67;1.00;95.0;4013.0;27.75;83.25;27.75;23.13;34.57;14.01;357.41;336.79;2.58;86845.0;93.0;95.0;50.0;4660.0;982.00;722.64;6.0;1.0;0;1.0;0;0;1.0;0;0;0;0;0;1.0;1.0;0;0;0;0;0
1709506;5.28;1.03;96.0;4042.0;27.75;83.25;24.0;26.66;38.52;14.01;245.16;365.03;2.58;86845.0;94.0;96.0;50.0;4597.0;981.88;78.12;6.0;1.0;0;1.0;0;0;1.0;0;0;0;0;0;1.0;1.0;0;0;0;0;0
1710046;5.70;1.09;97.0;4119.0;27.75;83.25;23.25;27.06;38.62;14.01;253.01;323.76;2.58;86846.0;95.0;97.0;50.0;4569.0;981.80;800.77;6.0;1.0;0;1.0;0;0;1.0;0;0;0;0;0;1.0;1.0;0;0;0;0;0
1710586;5.49;1.06;98.0;4177.0;27.75;83.25;23.25;27.06;38.35;14.01;292.89;276.19;2.58;86846.0;97.0;98.0;50.0;4511.0;981.77;820.30;6.0;1.0;0;1.0;0;0;1.0;0;0;0;0;0;1.0;1.0;0;0;0;0;0
1711125;5.38;1.03;100.0;4197.0;27.75;83.25;23.25;27.45;38.35;14.01;256.21;263.83;2.58;86846.0;97.0;100.0;50.0;4506.0;981.73;683.58;6.0;1.0;0;1.0;0;0;1.0;0;0;0;0;0;1.0;1.0;0;0;0;0;0
1711666;5.52;1.02;101.0;4273.0;27.75;83.25;22.5;30.19;39.48;14.01;220.49;261.76;2.58;86846.0;99.0;101.0;50.0;4507.0;981.65;800.77;6.0;1.0;0;1.0;0;0;1.0;0;0;0;0;0;1.0;1.0;0;0;0;0;0
1712206;5.85;1.01;102.0;4336.0;27.75;83.25;20.25;34.51;41.42;14.01;201.17;211.11;2.58;86846.0;100.0;102.0;50.0;4512.0;981.49;742.17;6.0;1.0;0;1.0;0;0;1.0;0;0;0;0;0;1.0;1.0;0;0;0;0;0
1712755;5.96;0.97;103.0;4397.0;27.75;83.25;18.75;37.25;42.76;13.92;231.72;213.73;2.82;86846.0;102.0;104.0;50.0;4507.0;981.37;761.70;6.0;1.0;0;1.0;0;0;1.0;0;0;0;0;0;1.0;1.0;0;0;0;0;0
1713325;6.08;1.01;105.0;4471.0;27.75;83.25;18.75;37.65;42.72;13.92;244.82;273.43;2.82;86846.0;103.0;106.0;50.0;4511.0;981.34;820.30;6.0;1.0;0;1.0;0;0;1.0;0;0;0;0;0;1.0;1.0;0;0;0;0;0
1713865;5.70;0.99;107.0;4572.0;27.75;83.25;21.0;36.47;41.28;14.01;305.0;305.13;2.58;86846.0;105.0;107.0;50.0;4516.0;981.22;390.62;6.0;1.0;0;1.0;0;0;1.0;0;0;0;0;0;1.0;1.0;0;0;0;0;0
1714405;5.29;1.04;108.0;4576.0;27.75;83.25;24.75;30.98;37.64;14.01;342.75;346.63;2.58;86846.0;106.0;108.0;50.0;4510.0;981.14;761.70;6.0;1.0;0;1.0;0;0;1.0;0;0;0;0;0;1.0;1.0;0;0;0;0;0
1714945;5.04;1.03;108.0;4619.0;27.75;83.25;27.0;29.02;36.16;13.92;350.70;299.19;2.82;86846.0;107.0;109.0;50.0;4514.0;981.02;722.64;6.0;1.0;0;1.0;0;0;1.0;0;0;0;0;0;1.0;1.0;0;0;0;0;0
1715485;4.82;0.99;110.0;4628.0;27.75;83.25;27.0;29.02;36.02;14.11;256.68;330.38;2.58;86846.0;107.0;110.0;50.0;4514.0;980.98;820.30;6.0;1.0;0;1.0;0;0;1.0;0;0;0;0;0;1.0;1.0;0;0;0;0;0
1716045;4.47;1.02;110.0;4637.0;27.75;83.25;30.75;25.10;33.15;14.01;304.16;342.92;2.58;86846.0;108.0;110.0;50.0;4505.0;980.87;722.64;6.0;1.0;0;1.0;0;0;1.0;0;0;0;0;0;1.0;1.0;0;0;0;0;0
1716616;4.0;0.98;110.0;4647.0;27.75;83.25;33.0;22.74;30.93;14.01;327.38;316.22;2.58;86846.0;108.0;110.0;50.0;4515.0;980.71;449.21;6.0;1.0;0;1.0;0;0;1.0;0;0;0;0;0;1.0;1.0;0;0;0;0;0
1717155;3.70;0.98;110.0;4652.0;27.75;83.25;35.25;20.39;29.11;13.92;335.81;322.32;2.82;86846.0;107.0;110.0;50.0;4507.0;980.55;546.86;6.0;1.0;0;1.0;0;0;1.0;0;0;0;0;0;1.0;1.0;0;0;0;0;0
1717685;3.84;0.99;108.0;4603.0;27.75;83.25;34.5;20.78;29.58;14.01;318.37;335.81;2.58;86846.0;108.0;109.0;50.0;4517.0;980.52;800.77;6.0;1.0;0;1.0;0;0;1.0;0;0;0;0;0;1.0;1.0;0;0;0;0;0
1718225;4.27;1.02;108.0;4621.0;27.75;83.25;32.25;23.53;31.58;13.92;210.82;318.76;2.82;86846.0;107.0;109.0;50.0;4527.0;980.52;703.11;6.0;1.0;0;1.0;0;0;1.0;0;0;0;0;0;1.0;1.0;0;0;0;0;0
1718765;4.36;1.01;108.0;4602.0;27.75;83.25;30.75;24.31;32.55;14.01;238.96;324.78;2.58;86846.0;107.0;109.0;50.0;4515.0;980.32;683.58;6.0;1.0;0;1.0;0;0;1.0;0;0;0;0;0;1.0;1.0;0;0;0;0;0
1719305;4.02;0.98;108.0;4612.0;27.75;83.25;33.0;22.74;31.09;14.01;299.74;350.15;2.58;86846.0;107.0;109.0;50.0;4514.0;980.16;820.30;6.0;1.0;0;1.0;0;0;1.0;0;0;0;0;0;1.0;1.0;0;0;0;0;0
1719845;3.25;0.95;108.0;4639.0;27.75;83.25;38.25;17.25;26.38;14.01;322.36;358.23;2.58;86846.0;107.0;109.0;50.0;4504.0;980.09;839.83;6.0;1.0;0;1.0;0;0;1.0;0;0;0;0;0;1.0;1.0;0;0;0;0;0
1720387;2.86;0.92;107.0;4567.0;27.75;83.25;40.5;13.72;24.26;14.01;331.65;339.04;2.58;86846.0;106.0;108.0;50.0;4505.0;979.97;683.58;6.0;1.0;0;1.0;0;0;1.0;0;0;0;0;0;1.0;1.0;0;0;0;0;0
1720946;2.64;0.91;106.0;4512.0;27.75;83.25;42.0;11.76;22.43;14.11;344.06;328.47;2.58;86846.0;105.0;107.0;50.0;4502.0;979.77;234.37;6.0;1.0;0;1.0;0;0;1.0;0;0;0;0;0;1.0;1.0;0;0;0;0;0
1721486;2.93;0.95;105.0;4451.0;27.75;83.25;41.25;12.15;22.88;14.01;342.79;325.58;2.58;86846.0;104.0;105.0;50.0;4526.0;979.81;468.74;6.0;1.0;0;1.0;0;0;1.0;0;0;0;0;0;1.0;1.0;0;0;0;0;0
1722026;3.79;1.00;105.0;4435.0;27.75;83.25;34.5;18.82;28.69;14.01;341.89;327.02;2.58;86846.0;103.0;105.0;50.0;4537.0;979.7;722.64;6.0;1.0;0;1.0;0;0;1.0;0;0;0;0;0;1.0;1.0;0;0;0;0;0
1722566;5.04;1.00;105.0;4481.0;27.75;83.25;31.5;22.74;32.03;14.11;326.09;317.65;2.58;86846.0;103.0;105.0;50.0;4542.0;979.54;820.30;6.0;1.0;0;1.0;0;0;1.0;0;0;0;0;0;1.0;1.0;0;0;0;0;0
1723106;3.79;0.99;105.0;4464.0;27.75;83.25;33.75;19.61;29.25;14.11;309.84;303.94;2.58;86846.0;104.0;105.0;50.0;4516.0;979.42;839.83;6.0;1.0;0;1.0;0;0;1.0;0;0;0;0;0;1.0;1.0;0;0;0;0;0
1723645;3.22;0.93;105.0;4447.0;27.75;83.25;37.5;16.47;26.73;14.01;288.34;313.69;2.58;86846.0;103.0;105.0;50.0;4512.0;979.30;136.71;6.0;1.0;0;1.0;0;0;1.0;0;0;0;0;0;1.0;1.0;0;0;0;0;0
1724186;3.39;0.99;103.0;4396.0;27.75;83.25;37.5;15.68;26.28;13.92;288.34;313.69;2.82;86846.0;102.0;104.0;50.0;4520.0;979.19;742.17;6.0;1.0;0;1.0;0;0;1.0;0;0;0;0;0;1.0;1.0;0;0;0;0;0
1724726;1.42;1.00;102.0;4323.0;27.75;83.25;47.25;5.09;12.14;14.01;323.90;329.49;2.58;86846.0;102.0;102.0;50.0;4421.0;979.11;878.89;6.0;1.0;0;1.0;0;0;1.0;0;0;0;0;0;1.0;1.0;0;0;0;0;0
1725335;0.52;1.00;100.0;4184.0;27.75;83.25;-30.0;0;0;14.11;343.20;343.63;2.58;86846.0;100.0;99.0;50.0;4433.0;979.11;781.24;6.0;1.0;0;1.0;0;0;1.0;0;0;0;0;0;1.0;1.0;0;0;0;0;0
1725876;0.54;1.00;96.0;4050.0;27.75;83.25;-30.0;0;0;14.11;337.55;317.92;2.58;86846.0;95.0;96.0;50.0;4399.0;979.11;0;6.0;1.0;0;1.0;0;0;1.0;0;0;0;0;0;1.0;1.0;0;0;0;0;0
1726418;0.55;1.00;91.0;3885.0;27.75;83.25;-30.0;0;0;14.01;355.73;286.54;2.58;86846.0;91.0;92.0;50.0;4355.0;978.99;0;6.0;1.0;0;1.0;0;0;1.0;0;0;0;0;0;1.0;1.0;0;0;0;0;0
1726956;0.58;1.00;86.0;3673.0;27.75;83.25;-30.0;0;0;14.01;330.31;324.64;2.58;86846.0;86.0;87.0;50.0;4373.0;978.87;0;6.0;1.0;0;1.0;0;0;1.0;0;0;0;0;0;1.0;1.0;0;0;0;0;0
1727498;0.6;1.00;81.0;3435.0;27.75;83.25;-30.0;0;0;14.01;352.55;317.92;2.58;86846.0;81.0;81.0;50.0;4379.0;978.91;0;6.0;1.0;0;1.0;0;0;1.0;0;0;0;0;0;1.0;1.0;0;0;0;0;0
1728026;0.83;1.00;77.0;2732.0;27.75;83.25;39.75;0;13.83;14.11;329.43;305.52;2.58;86846.0;76.0;78.0;50.0;4244.0;978.87;0;5.0;1.0;0;1.0;0;0;1.0;0;0;0;0;0;1.0;1.0;0;0;0;0;0
1728576;0.61;1.00;73.0;3363.0;27.75;83.25;-30.0;0;0;14.11;327.98;207.87;2.58;86846.0;74.0;73.0;50.0;4276.0;978.64;0;5.0;1.0;0;1.0;0;0;1.0;0;0;0;0;0;1.0;1.0;0;0;0;0;0
1729116;1.69;1.00;70.0;3464.0;27.75;83.25;38.25;1.96;14.49;14.01;265.06;190.63;2.58;86846.0;70.0;70.0;50.0;4363.0;978.56;19.53;5.0;1.0;0;1.0;0;0;1.0;0;0;0;0;0;1.0;1.0;0;0;0;0;0
1729656;0.58;1.00;66.0;3442.0;27.75;83.25;-30.0;0;0;14.11;252.67;218.95;2.58;86846.0;67.0;66.0;50.0;4457.0;978.64;0;4.0;1.0;0;1.0;0;0;1.0;0;0;0;0;0;1.0;1.0;0;0;0;0;0
1730188;0.64;1.00;62.0;3203.0;27.75;83.25;-30.0;0;0;14.11;233.50;257.83;2.58;86846.0;62.0;62.0;50.0;4441.0;978.76;0;4.0;1.0;0;1.0;0;0;1.0;0;0;0;0;0;1.0;1.0;0;0;0;0;0
1730726;1.24;1.00;58.0;2965.0;27.75;83.25;24.0;0;8.47;14.11;277.01;311.19;2.58;86846.0;59.0;59.0;50.0;4238.0;978.76;0;4.0;1.0;0;1.0;0;0;1.0;0;0;1.0;0;0;1.0;1.0;0;0;0;0;0
1731266;0.64;1.00;55.0;3330.0;27.75;83.25;-30.0;0;0;14.01;277.73;316.65;2.58;86846.0;55.0;55.0;50.0;4225.0;978.72;39.06;3.0;1.0;0;1.0;0;0;1.0;0;0;0;0;0;1.0;1.0;0;0;0;0;0
1731806;0.71;1.00;51.0;3143.0;27.75;83.25;-30.0;0;0;14.01;333.39;335.62;2.58;86846.0;52.0;51.0;50.0;4209.0;978.80;0;3.0;1.0;0;1.0;0;0;1.0;0;0;0;0;0;1.0;1.0;0;0;0;0;0
1732346;0.72;1.00;50.0;3029.0;27.75;83.25;-30.0;0;0;14.01;312.26;286.83;2.58;86846.0;50.0;49.0;50.0;4192.0;978.84;0;3.0;1.0;0;1.0;0;0;1.0;0;0;1.0;0;0;1.0;1.0;0;0;0;0;0
1732886;1.53;1.00;47.0;2890.0;27.75;83.25;26.25;1.96;9.13;14.01;307.01;294.68;2.58;86846.0;48.0;48.0;50.0;4177.0;978.95;312.49;3.0;1.0;0;1.0;0;0;1.0;0;0;1.0;0;0;1.0;1.0;0;0;0;0;0
1733416;1.72;1.00;48.0;2991.0;27.75;83.25;21.75;3.52;11.57;14.11;271.27;287.81;2.58;86846.0;48.0;49.0;50.0;4295.0;978.99;859.36;3.0;1.0;0;1.0;0;0;1.0;0;0;1.0;0;0;1.0;1.0;0;0;0;0;0
1733956;1.68;0.98;50.0;3046.0;27.75;83.25;29.25;3.52;12.81;14.01;216.09;232.07;2.58;86846.0;49.0;50.0;50.0;4438.0;979.03;878.89;3.0;1.0;0;1.0;0;0;1.0;0;0;1.0;0;0;1.0;1.0;0;0;0;0;0
1734496;2.20;0.96;50.0;3114.0;27.75;83.25;35.25;5.88;17.96;14.11;215.76;198.07;2.58;86846.0;50.0;50.0;50.0;4490.0;979.07;859.36;3.0;1.0;0;1.0;0;0;1.0;0;0;1.0;0;0;1.0;1.0;0;0;0;0;0
1735035;2.02;0.92;52.0;3178.0;27.75;83.25;36.75;5.49;17.47;14.11;216.76;139.87;2.58;86846.0;52.0;52.0;50.0;4506.0;979.11;820.30;3.0;1.0;0;1.0;0;0;1.0;0;0;1.0;0;0;1.0;1.0;0;0;0;0;0
1735575;1.87;0.88;52.0;3226.0;27.75;83.25;37.5;5.49;16.95;14.11;206.56;121.14;2.58;86846.0;51.0;53.0;50.0;4503.0;979.11;800.77;3.0;1.0;0;1.0;0;0;1.0;0;0;1.0;0;0;1.0;1.0;0;0;0;0;0
1736115;4.92;0.99;55.0;3365.0;28.5;83.25;27.0;20.00;31.83;14.01;256.85;130.51;2.58;86846.0;53.0;55.0;50.0;4481.0;979.11;878.89;3.0;1.0;0;1.0;0;0;1.0;0;0;1.0;0;0;1.0;1.0;0;0;0;0;0
1736706;5.51;1.00;60.0;3658.0;28.5;83.25;18.75;28.63;40.16;14.01;305.46;238.51;2.58;86846.0;58.0;60.0;50.0;4600.0;979.15;664.05;3.0;1.0;0;1.0;0;0;1.0;0;0;1.0;0;0;1.0;1.0;0;0;0;0;0
1737246;6.81;1.00;65.0;4029.0;27.75;83.25;14.25;42.74;46.85;14.01;336.46;284.82;2.58;86846.0;63.0;66.0;50.0;4664.0;979.15;703.11;3.0;1.0;0;1.0;0;0;1.0;0;0;1.0;0;0;1.0;1.0;0;0;0;0;0
1737786;4.74;1.00;70.0;3642.0;27.75;83.25;30.75;18.43;28.98;14.01;345.13;317.61;2.58;86846.0;69.0;70.0;50.0;4429.0;979.15;761.70;4.0;1.0;0;1.0;0;0;1.0;0;0;0;0;0;1.0;1.0;0;0;0;0;0
1738315;5.15;0.94;73.0;3894.0;27.75;83.25;24.0;24.70;36.19;13.92;330.19;341.77;2.82;86846.0;72.0;74.0;50.0;4502.0;979.15;820.30;4.0;1.0;0;1.0;0;0;1.0;0;0;0;0;0;1.0;1.0;0;0;0;0;0
1738855;2.30;0.98;75.0;3451.0;27.75;83.25;27.75;7.05;17.34;14.01;353.16;294.19;2.58;86846.0;72.0;75.0;50.0;4428.0;979.15;878.89;5.0;1.0;0;1.0;0;0;1.0;0;0;0;0;0;1.0;1.0;0;0;0;0;0
1739395;2.18;0.93;76.0;3532.0;27.75;82.5;39.75;7.05;18.79;14.01;333.25;324.35;2.58;86846.0;76.0;77.0;50.0;4481.0;979.07;839.83;5.0;1.0;0;1.0;0;0;1.0;0;0;0;0;0;1.0;1.0;0;0;0;0;0
1739935;2.06;0.88;78.0;3580.0;27.75;82.5;39.75;7.05;18.76;14.01;348.12;317.96;2.58;86846.0;77.0;79.0;50.0;4507.0;979.11;624.99;5.0;1.0;0;1.0;0;0;1.0;0;0;0;0;0;1.0;1.0;0;0;0;0;0
1740475;1.95;0.88;80.0;3694.0;27.75;82.5;41.25;7.05;17.77;14.01;311.97;342.20;2.58;86846.0;79.0;80.0;50.0;4518.0;979.11;781.24;5.0;1.0;0;1.0;0;0;1.0;0;0;0;0;0;1.0;1.0;0;0;0;0;0
1741015;1.44;0.85;81.0;3774.0;27.75;82.5;42.75;4.31;14.20;14.01;284.82;263.26;2.58;86846.0;82.0;82.0;50.0;4518.0;979.11;839.83;5.0;1.0;0;1.0;0;0;1.0;0;0;0;0;0;1.0;1.0;0;0;0;0;0
1741555;1.12;0.84;82.0;3781.0;27.75;82.5;44.25;3.92;10.59;14.01;241.82;218.67;2.58;86846.0;83.0;82.0;50.0;4511.0;979.15;820.30;5.0;1.0;0;1.0;0;0;1.0;0;0;0;0;0;1.0;1.0;0;0;0;0;0
1742096;0.51;1.00;82.0;3779.0;27.75;82.5;-30.0;0;0;14.01;293.14;249.76;2.58;86846.0;82.0;82.0;50.0;4614.0;979.15;0;5.0;1.0;0;1.0;0;0;1.0;0;0;0;0;0;1.0;1.0;0;0;0;0;0
1742636;0.55;1.00;80.0;3702.0;27.75;82.5;-30.0;0;0;14.11;332.65;305.50;2.58;86846.0;79.0;80.0;50.0;4641.0;979.15;0;5.0;1.0;0;1.0;0;0;1.0;0;0;0;0;0;1.0;1.0;0;0;0;0;0
1743176;0.57;1.00;77.0;3552.0;27.75;82.5;-30.0;0;0;14.01;347.43;340.56;2.58;86846.0;77.0;77.0;50.0;4651.0;979.15;0;5.0;1.0;0;1.0;0;0;1.0;0;0;0;0;0;1.0;1.0;0;0;0;0;0
1743706;0.60;1.00;72.0;3327.0;27.75;82.5;-30.0;0;0;14.11;352.37;276.66;2.58;86846.0;72.0;72.0;50.0;4654.0;979.15;0;5.0;1.0;0;1.0;0;0;1.0;0;0;0;0;0;1.0;1.0;0;0;0;0;0
1744246;0.66;1.00;67.0;3131.0;27.75;83.25;-30.0;0;0;14.11;336.46;308.33;2.58;86846.0;68.0;68.0;50.0;4629.0;979.15;0;5.0;1.0;0;1.0;0;0;1.0;0;0;0;0;0;1.0;1.0;0;0;0;0;0
1744786;0.68;1.00;65.0;2988.0;27.75;83.25;-30.0;0;0;14.01;339.15;331.71;2.58;86846.0;65.0;65.0;50.0;4596.0;979.30;0;5.0;1.0;0;1.0;0;0;1.0;0;0;0;0;0;1.0;1.0;0;0;0;0;0
1745326;0.70;1.00;62.0;2886.0;27.75;83.25;-30.0;0;0;14.01;330.42;310.52;2.58;86846.0;62.0;62.0;50.0;4589.0;979.38;0;5.0;1.0;0;1.0;0;0;1.0;0;0;0;0;0;1.0;1.0;0;0;0;0;0
1745866;0.74;1.00;58.0;2703.0;27.75;82.5;-30.0;0;0;14.11;327.57;304.68;2.58;86846.0;59.0;59.0;50.0;4622.0;979.7;0;5.0;1.0;0;1.0;0;0;1.0;0;0;1.0;0;0;1.0;1.0;0;0;0;0;0
1746406;1.03;1.00;53.0;2495.0;27.75;82.5;0.75;0;8.43;14.11;316.69;295.74;2.58;86846.0;54.0;54.0;52.0;4397.0;979.89;0;5.0;1.0;0;1.0;0;0;1.0;0;0;1.0;0;0;1.0;1.0;0;0;0;0;0
1746946;1.16;1.00;51.0;1866.0;27.75;82.5;14.25;0;12.53;14.20;203.73;217.50;2.58;86846.0;51.0;50.0;45.0;4305.0;980.05;19.53;4.0;1.0;0;1.0;0;0;1.0;0;0;1.0;0;0;1.0;1.0;0;0;0;0;0
1747488;0.92;1.00;48.0;2522.0;27.75;82.5;16.5;0;12.49;14.11;162.50;210.22;2.58;86846.0;48.0;48.0;50.0;4395.0;980.16;39.06;4.0;1.0;0;1.0;0;0;1.0;0;0;1.0;0;0;1.0;1.0;0;0;0;0;0
1748026;1.04;1.00;45.0;2369.0;27.75;82.5;23.25;0.78;7.89;14.20;121.04;165.39;2.58;86846.0;45.0;45.0;50.0;4477.0;980.24;136.71;4.0;1.0;0;1.0;0;0;1.0;0;0;1.0;0;0;1.0;1.0;0;0;0;0;0
1748566;0.87;1.00;42.0;2647.0;27.75;82.5;17.25;0;12.63;14.20;104.17;151.04;2.58;86846.0;43.0;43.0;50.0;4490.0;980.28;781.24;3.0;1.0;0;1.0;0;0;1.0;0;0;1.0;0;0;1.0;1.0;0;0;0;0;0
1749096;0.89;1.00;40.0;2407.0;27.75;82.5;16.5;0;12.57;13.92;186.55;166.04;2.82;86846.0;39.0;40.0;50.0;4522.0;980.32;332.02;3.0;1.0;0;1.0;0;0;1.0;0;0;1.0;0;0;1.0;1.0;0;0;0;0;0
1749636;0.99;1.00;35.0;2102.0;27.75;82.5;14.25;0;12.49;14.11;110.11;115.77;2.58;86846.0;34.0;35.0;48.0;4558.0;980.36;39.06;3.0;1.0;0;1.0;0;0;1.0;0;0;1.0;0;0;1.0;1.0;0;0;0;0;0
1750176;4.18;1.00;28.0;1804.0;27.75;82.5;-3.75;5.88;11.64;14.29;79.74;84.48;2.58;86846.0;29.0;29.0;50.0;4540.0;980.36;917.95;3.0;1.0;0;1.0;0;0;1.0;0;0;1.0;0;0;1.0;1.0;0;0;0;0;0
1750715;1.15;1.00;25.0;1875.0;27.75;82.5;14.25;0;12.60;14.20;64.95;107.55;2.58;86846.0;25.0;24.0;49.0;4532.0;980.52;839.83;2.0;1.0;0;1.0;0;0;1.0;0;0;1.0;0;0;1.0;1.0;0;0;0;0;0
1751256;1.24;0.98;21.0;1660.0;27.75;82.5;14.25;0;12.56;14.20;49.60;74.35;2.58;86846.0;21.0;21.0;48.0;4508.0;980.83;878.89;2.0;1.0;0;1.0;0;0;1.0;0;0;1.0;0;0;1.0;1.0;0;0;0;0;0
1751795;1.36;0.97;22.0;1673.0;28.5;82.5;13.5;0.39;9.61;14.29;34.84;68.72;2.58;86846.0;22.0;21.0;50.0;4503.0;981.02;859.36;2.0;1.0;0;1.0;0;0;1.0;0;0;1.0;0;0;1.0;1.0;0;0;0;0;0
1752336;1.62;0.95;21.0;1700.0;28.5;82.5;13.5;1.56;11.89;14.29;26.36;134.13;2.58;86846.0;22.0;22.0;50.0;4526.0;981.14;78.12;2.0;1.0;0;1.0;0;0;1.0;0;0;1.0;0;0;1.0;1.0;0;0;0;0;0
1752876;1.55;0.97;22.0;1758.0;28.5;82.5;13.5;1.56;11.51;14.20;22.83;221.47;2.58;86846.0;22.0;22.0;50.0;4527.0;981.30;58.59;2.0;1.0;0;1.0;0;0;1.0;0;0;1.0;0;0;1.0;1.0;0;0;0;0;0
1753416;1.60;0.98;22.0;1796.0;28.5;82.5;14.25;1.56;11.81;14.20;33.63;211.99;2.58;86846.0;23.0;23.0;50.0;4516.0;981.37;195.31;2.0;1.0;0;1.0;0;0;1.0;0;0;1.0;0;0;1.0;1.0;0;0;0;0;0
1753955;1.67;0.98;22.0;1814.0;28.5;82.5;15.0;1.56;11.72;14.20;105.93;264.78;2.58;86846.0;23.0;23.0;50.0;4505.0;981.45;820.30;2.0;1.0;0;1.0;0;0;1.0;0;0;1.0;0;0;1.0;1.0;0;0;0;0;0
1754485;1.61;0.97;23.0;1922.0;28.5;82.5;15.75;1.96;12.11;14.11;178.15;293.20;2.58;86846.0;23.0;23.0;50.0;4512.0;981.49;761.70;2.0;1.0;0;1.0;0;0;1.0;0;0;1.0;0;0;1.0;1.0;0;0;0;0;0
1755025;1.60;0.95;23.0;1899.0;28.5;82.5;15.75;1.56;12.24;14.11;180.94;318.04;2.58;86846.0;24.0;24.0;50.0;4513.0;981.53;820.30;2.0;1.0;0;1.0;0;0;1.0;0;0;1.0;0;0;1.0;1.0;0;0;0;0;0
1755565;1.52;0.94;25.0;1925.0;28.5;82.5;16.5;1.96;11.83;14.20;241.01;329.84;2.58;86846.0;25.0;24.0;50.0;4521.0;981.57;58.59;2.0;1.0;0;1.0;0;0;1.0;0;0;1.0;0;0;1.0;1.0;0;0;0;0;0
1756125;1.59;0.96;25.0;1995.0;28.5;82.5;18.0;1.96;12.44;14.11;250.00;305.07;2.58;86847.0;25.0;25.0;50.0;4508.0;981.57;78.12;2.0;1.0;0;1.0;0;0;1.0;0;0;1.0;0;0;1.0;1.0;0;0;0;0;0
1756695;1.87;0.97;27.0;2074.0;28.5;83.25;19.5;2.74;14.31;14.11;293.57;334.84;2.58;86847.0;27.0;27.0;50.0;4478.0;981.57;781.24;2.0;1.0;0;1.0;0;0;1.0;0;0;1.0;0;0;1.0;1.0;0;0;0;0;0
1757236;1.80;0.95;28.0;2188.0;28.5;83.25;20.25;2.74;14.01;14.11;314.12;337.61;2.58;86847.0;29.0;28.0;50.0;4447.0;981.61;820.30;2.0;1.0;0;1.0;0;0;1.0;0;0;1.0;0;0;1.0;1.0;0;0;0;0;0
1757776;1.66;0.93;28.0;2281.0;28.5;83.25;22.5;2.74;13.47;14.11;309.68;340.13;2.58;86847.0;29.0;29.0;50.0;4485.0;981.61;859.36;2.0;1.0;0;1.0;0;0;1.0;0;0;1.0;0;0;1.0;1.0;0;0;0;0;0
1758316;0.95;0.92;30.0;2363.0;28.5;83.25;23.25;1.17;11.90;14.11;307.08;295.17;2.58;86847.0;30.0;30.0;50.0;4536.0;981.61;839.83;2.0;1.0;0;1.0;0;0;1.0;0;0;1.0;0;0;1.0;1.0;0;0;0;0;0
1758856;0.93;1.00;28.0;2247.0;28.5;83.25;15.0;0;12.57;14.20;203.87;214.88;2.58;86847.0;29.0;29.0;48.0;4505.0;981.61;449.21;2.0;1.0;0;1.0;0;0;1.0;0;0;1.0;0;0;1.0;1.0;0;0;0;0;0
1759386;0.95;1.00;27.0;2181.0;28.5;83.25;15.0;0;12.45;14.11;134.62;151.02;2.58;86847.0;28.0;28.0;47.0;4548.0;981.61;19.53;2.0;1.0;0;1.0;0;0;1.0;0;0;1.0;0;0;1.0;1.0;0;0;0;0;0
1759926;1.03;1.00;26.0;1996.0;28.5;83.25;14.25;0;12.49;14.11;103.09;120.34;2.58;86847.0;26.0;26.0;47.0;4551.0;981.61;58.59;2.0;1.0;0;1.0;0;0;1.0;0;0;1.0;0;0;1.0;1.0;0;0;0;0;0
1760466;1.12;1.00;25.0;1920.0;28.5;83.25;13.5;0;12.44;14.11;104.81;124.56;2.58;86847.0;25.0;24.0;46.0;4519.0;981.61;820.30;2.0;1.0;0;1.0;0;0;1.0;0;0;1.0;0;0;1.0;1.0;0;0;0;0;0
1761006;1.09;1.00;23.0;1838.0;28.5;83.25;14.25;0;12.52;14.20;125.65;160.39;2.58;86847.0;24.0;23.0;46.0;4506.0;981.61;878.89;2.0;1.0;0;1.0;0;0;1.0;0;0;1.0;0;0;1.0;1.0;0;0;0;0;0
1761558;1.11;0.99;22.0;1781.0;28.5;83.25;14.25;0;12.41;14.20;109.77;166.59;2.58;86847.0;23.0;23.0;46.0;4507.0;981.61;878.89;2.0;1.0;0;1.0;0;0;1.0;0;0;1.0;0;0;1.0;1.0;0;0;0;0;0
1762096;1.12;0.97;21.0;1698.0;28.5;83.25;15.0;0;12.34;14.20;151.14;234.96;2.58;86847.0;22.0;22.0;47.0;4515.0;981.61;878.89;2.0;1.0;0;1.0;0;0;1.0;0;0;1.0;0;0;1.0;1.0;0;0;0;0;0
1762636;1.20;0.95;21.0;1659.0;28.5;83.25;14.25;0;12.44;14.20;129.01;240.96;2.58;86847.0;21.0;21.0;48.0;4518.0;981.61;878.89;2.0;1.0;0;1.0;0;0;1.0;0;0;1.0;0;0;1.0;1.0;0;0;0;0;0
1763166;1.14;0.94;20.0;1635.0;28.5;84.0;14.25;0;12.40;14.29;121.04;188.48;2.58;86847.0;20.0;20.0;46.0;4526.0;981.61;859.36;2.0;1.0;0;1.0;0;0;1.0;0;0;1.0;0;0;1.0;1.0;0;0;0;0;0
1763706;1.17;0.92;20.0;1570.0;28.5;84.0;14.25;0;12.45;14.20;91.04;150.69;2.58;86847.0;19.0;20.0;46.0;4501.0;981.61;839.83;2.0;1.0;0;1.0;0;0;1.0;0;0;1.0;0;0;1.0;1.0;0;0;0;0;0
1764246;1.15;0.91;18.0;1518.0;28.5;84.0;15.0;0;12.34;14.20;78.15;110.50;2.58;86847.0;18.0;19.0;45.0;4500.0;981.61;839.83;2.0;1.0;0;1.0;0;0;1.0;0;0;1.0;0;0;1.0;1.0;0;0;0;0;0
1764776;1.21;0.89;17.0;1401.0;28.5;84.0;15.0;0;12.31;14.20;61.01;84.13;2.58;86847.0;18.0;18.0;45.0;4480.0;981.61;839.83;2.0;1.0;0;1.0;0;0;1.0;0;0;1.0;0;0;1.0;1.0;0;0;0;0;0
1765316;1.24;0.87;17.0;1405.0;28.5;84.0;15.0;0;12.34;14.29;61.92;116.90;2.58;86847.0;17.0;17.0;45.0;4499.0;981.61;800.77;2.0;1.0;0;1.0;0;0;1.0;0;0;1.0;0;0;1.0;1.0;0;0;0;0;0
1765856;1.32;0.86;17.0;1326.0;28.5;84.0;13.5;0;12.15;14.39;42.79;101.14;2.31;86847.0;18.0;17.0;46.0;4509.0;981.61;58.59;2.0;1.0;0;1.0;0;0;1.0;0;0;1.0;0;0;1.0;1.0;0;0;0;0;0
1766396;1.25;0.88;17.0;1386.0;28.5;84.0;15.0;0;12.35;14.39;83.72;122.33;2.31;86847.0;17.0;17.0;46.0;4510.0;981.61;39.06;2.0;1.0;0;1.0;0;0;1.0;0;0;1.0;0;0;1.0;1.0;0;0;0;0;0
1766936;1.35;0.90;17.0;1330.0;28.5;84.0;13.5;0;12.15;14.39;135.59;162.23;2.31;86847.0;17.0;17.0;46.0;4523.0;981.61;39.06;2.0;1.0;0;1.0;0;0;1.0;0;0;1.0;0;0;1.0;1.0;0;0;0;0;0
1767526;1.23;0.91;17.0;1387.0;28.5;84.0;15.0;0;12.37;14.39;187.72;184.32;2.31;86847.0;17.0;17.0;46.0;4524.0;981.61;58.59;2.0;1.0;0;1.0;0;0;1.0;0;0;1.0;0;0;1.0;1.0;0;0;0;0;0
1768066;1.37;0.93;17.0;1304.0;28.5;84.0;13.5;0;12.12;14.29;207.74;186.41;2.58;86847.0;17.0;17.0;46.0;4508.0;981.61;97.65;2.0;1.0;0;1.0;0;0;1.0;0;0;1.0;0;0;1.0;1.0;0;0;0;0;0
1768606;1.37;0.95;17.0;1393.0;28.5;84.0;14.25;0;12.33;14.11;207.68;213.09;2.58;86847.0;17.0;17.0;46.0;4503.0;981.61;585.93;2.0;1.0;0;1.0;0;0;1.0;0;0;1.0;0;0;1.0;1.0;0;0;0;0;0
1769147;1.28;0.94;16.0;1375.0;28.5;84.0;15.0;0;12.37;14.29;192.37;224.45;2.58;86847.0;17.0;16.0;46.0;4509.0;981.61;839.83;2.0;1.0;0;1.0;0;0;1.0;0;0;1.0;0;0;1.0;1.0;0;0;0;0;0
1769686;1.28;0.92;15.0;1348.0;28.5;84.0;15.0;0;12.35;14.39;161.98;237.99;2.31;86847.0;15.0;15.0;47.0;4509.0;981.61;820.30;2.0;1.0;0;1.0;0;0;1.0;0;0;1.0;0;0;1.0;1.0;0;0;0;0;0
1770216;1.36;0.91;13.0;1286.0;28.5;84.0;14.25;0;12.29;14.39;146.22;254.41;2.31;86847.0;14.0;14.0;47.0;4515.0;981.61;58.59;2.0;1.0;0;1.0;0;0;1.0;0;0;1.0;0;0;1.0;1.0;0;0;0;0;0
1770756;1.40;0.93;12.0;1279.0;28.5;84.75;13.5;0;12.15;14.39;128.44;248.55;2.31;86847.0;13.0;12.0;46.0;4523.0;981.61;39.06;2.0;1.0;0;1.0;1.0;0;1.0;0;0;1.0;0;0;1.0;1.0;0;0;1.0;0;0
1771296;1.35;0.94;11.0;1328.0;28.5;84.75;14.25;0;12.31;14.39;113.50;240.98;2.31;86847.0;12.0;11.0;46.0;4520.0;981.61;97.65;2.0;1.0;0;1.0;0;0;1.0;0;0;1.0;0;0;1.0;1.0;0;0;0;0;0
1771836;1.39;0.95;10.0;1348.0;28.5;84.75;14.25;0;12.25;14.29;104.62;232.32;2.58;86847.0;10.0;10.0;46.0;4517.0;981.65;839.83;1.0;1.0;0;1.0;0;0;1.0;0;0;1.0;0;0;1.0;1.0;0;0;0;0;0
1772376;1.34;0.94;7.0;1298.0;28.5;84.75;12.0;0;11.84;14.39;134.52;236.50;2.31;86847.0;7.0;7.0;44.0;4508.0;981.65;800.77;1.0;1.0;0;1.0;0;0;1.0;0;0;1.0;0;0;1.0;1.0;0;0;0;0;0
1772916;1.33;0.93;5.0;1260.0;28.5;84.75;12.75;0;11.87;14.39;105.03;181.68;2.31;86847.0;5.0;5.0;43.0;4509.0;981.65;136.71;1.0;1.0;0;1.0;0;0;1.0;0;0;1.0;0;0;1.0;1.0;0;0;0;0;0
1773456;1.45;0.95;3.0;1243.0;28.5;84.75;14.25;0;12.05;14.39;135.18;198.09;2.31;86847.0;4.0;3.0;43.0;4511.0;981.73;97.65;1.0;1.0;0;1.0;0;0;1.0;0;0;1.0;0;0;1.0;1.0;0;0;0;0;0
1773996;1.32;0.96;3.0;1269.0;28.5;84.75;12.75;0;11.70;14.39;165.28;208.01;2.31;86847.0;3.0;3.0;42.0;4507.0;981.77;644.52;1.0;1.0;0;1.0;0;0;1.0;0;0;1.0;0;0;1.0;1.0;0;0;0;0;0
1774536;1.32;0.94;0;1275.0;28.5;84.75;12.75;0;11.66;14.29;188.42;207.44;2.58;86847.0;0;0;43.0;4525.0;981.80;390.62;1.0;1.0;0;1.0;0;0;1.0;0;0;1.0;0;0;1.0;1.0;0;0;0;0;0
1775076;1.45;0.95;0;1225.0;28.5;84.75;15.75;0;12.13;14.39;181.39;211.56;2.31;86847.0;0;0;42.0;4506.0;982.04;78.12;1.0;1.0;0;1.0;0;0;1.0;0;0;1.0;0;0;1.0;1.0;0;0;0;0;0
1775616;2.14;0.95;0;1324.0;28.5;84.75;12.0;1.96;14.12;14.29;180.78;207.42;2.58;86847.0;0;0;52.0;4579.0;981.96;722.64;1.0;1.0;0;1.0;0;0;1.0;0;0;1.0;0;0;1.0;1.0;0;0;0;0;0
1776146;2.66;0.98;0;1670.0;28.5;84.75;13.5;3.92;18.66;14.29;132.23;136.04;2.58;86847.0;0;0;49.0;4550.0;982.08;839.83;1.0;1.0;0;1.0;0;0;1.0;0;0;1.0;0;0;1.0;1.0;0;0;0;0;0
1776686;2.76;0.96;0;1657.0;28.5;84.75;13.5;4.31;19.75;14.29;91.40;94.03;2.58;86847.0;0;0;49.0;4523.0;982.04;800.77;1.0;1.0;0;1.0;0;0;1.0;0;0;1.0;0;0;1.0;1.0;0;0;0;0;0
1777226;0.67;0.94;8.0;1593.0;28.5;85.5;14.25;0;12.36;14.20;63.16;64.99;2.58;86847.0;9.0;8.0;48.0;4478.0;982.08;78.12;1.0;1.0;0;1.0;0;0;1.0;0;0;1.0;0;0;1.0;1.0;0;0;0;0;0
1777766;1.40;1.00;8.0;1366.0;28.5;85.5;14.25;0;12.28;14.29;51.01;57.04;2.58;86847.0;8.0;8.0;45.0;4484.0;982.12;839.83;1.0;1.0;0;1.0;0;0;1.0;0;0;1.0;0;0;1.0;1.0;0;0;0;0;0
1778306;1.40;0.99;7.0;1269.0;28.5;85.5;12.0;0;11.73;14.29;42.67;58.41;2.58;86847.0;8.0;8.0;43.0;4482.0;982.20;859.36;1.0;1.0;0;1.0;0;0;1.0;0;0;1.0;0;0;1.0;1.0;0;0;0;0;0
1778896;1.48;0.98;7.0;1247.0;28.5;85.5;13.5;0;11.91;14.48;53.55;111.16;2.31;86847.0;8.0;8.0;42.0;4495.0;982.27;839.83;1.0;1.0;0;1.0;0;0;1.0;0;0;1.0;0;0;1.0;1.0;0;0;0;0;0
1779446;1.33;0.96;7.0;1247.0;28.5;85.5;14.25;0;11.95;14.29;80.46;128.42;2.58;86847.0;8.0;8.0;42.0;4517.0;982.08;820.30;1.0;1.0;0;1.0;0;0;1.0;0;0;1.0;0;0;1.0;1.0;0;0;0;0;0
1780026;1.37;0.94;7.0;1255.0;28.5;85.5;15.0;0;12.07;14.48;73.04;113.84;2.31;86847.0;8.0;8.0;45.0;4505.0;981.96;839.83;1.0;1.0;0;1.0;0;0;1.0;0;0;1.0;0;0;1.0;1.0;0;0;0;0;0
1780566;1.39;0.92;7.0;1249.0;28.5;85.5;15.0;0;12.11;14.39;53.19;82.92;2.31;86847.0;8.0;8.0;44.0;4509.0;982.00;117.18;1.0;1.0;0;1.0;0;0;1.0;0;0;1.0;0;0;1.0;1.0;0;0;0;0;0
1781106;1.43;0.94;8.0;1257.0;28.5;85.5;15.0;0;12.14;14.39;40.83;63.68;2.31;86847.0;8.0;8.0;45.0;4516.0;981.96;78.12;1.0;1.0;0;1.0;0;0;1.0;0;0;1.0;0;0;1.0;1.0;0;0;0;0;0
1781666;1.33;0.96;8.0;1335.0;28.5;85.5;14.25;0;12.19;14.39;29.72;44.00;2.31;86847.0;8.0;8.0;45.0;4516.0;982.08;839.83;1.0;1.0;0;1.0;0;0;1.0;0;0;1.0;0;0;1.0;1.0;0;0;0;0;0
1782208;1.40;0.94;7.0;1231.0;28.5;85.5;15.75;0;12.38;14.48;21.60;33.78;2.31;86847.0;8.0;8.0;45.0;4498.0;982.04;800.77;1.0;1.0;0;1.0;0;0;1.0;0;0;1.0;0;0;1.0;1.0;0;0;0;0;0
1782746;1.41;0.94;7.0;1269.0;28.5;85.5;12.75;0;11.84;14.29;15.70;24.58;2.58;86847.0;8.0;8.0;43.0;4516.0;982.12;58.59;1.0;1.0;0;1.0;0;0;1.0;0;0;1.0;0;0;1.0;1.0;0;0;0;0;0
1783286;1.36;0.96;6.0;1265.0;28.5;85.5;13.5;0;11.95;14.48;18.90;22.01;2.31;86847.0;6.0;6.0;43.0;4501.0;982.12;58.59;1.0;1.0;0;1.0;0;0;1.0;0;0;1.0;0;0;1.0;1.0;0;0;0;0;0
1783826;2.15;0.98;6.0;1366.0;28.5;85.5;12.75;1.96;15.16;14.29;38.08;21.01;2.58;86847.0;6.0;6.0;50.0;4570.0;982.12;859.36;1.0;1.0;0;1.0;0;0;1.0;0;0;1.0;0;0;1.0;1.0;0;0;0;0;0
1784356;2.48;0.96;8.0;1478.0;28.5;85.5;12.75;3.13;17.97;14.20;34.23;16.36;2.58;86847.0;9.0;9.0;49.0;4542.0;982.20;117.18;1.0;1.0;0;1.0;0;0;1.0;0;0;1.0;0;0;1.0;1.0;0;0;0;0;0
1784896;2.52;0.97;12.0;1505.0;28.5;85.5;12.75;3.13;17.88;14.20;24.92;11.28;2.58;86847.0;12.0;12.0;49.0;4526.0;982.08;624.99;1.0;1.0;0;1.0;0;0;1.0;0;0;1.0;0;0;1.0;1.0;0;0;0;0;0
1785435;2.32;0.96;15.0;1676.0;28.5;85.5;13.5;3.13;16.77;14.20;16.28;7.34;2.58;86847.0;15.0;15.0;49.0;4500.0;981.96;78.12;1.0;1.0;0;1.0;0;0;1.0;0;0;1.0;0;0;1.0;1.0;0;0;0;0;0
1785976;2.13;0.98;17.0;1939.0;28.5;85.5;16.5;3.13;15.59;14.20;12.26;5.01;2.58;86847.0;17.0;17.0;49.0;4520.0;981.84;624.99;1.0;1.0;0;1.0;0;0;1.0;0;0;1.0;0;0;1.0;1.0;0;0;0;0;0
1786516;1.99;0.98;18.0;2154.0;28.5;85.5;20.25;3.13;15.22;14.11;7.96;3.04;2.58;86847.0;19.0;19.0;49.0;4457.0;982.00;878.89;1.0;1.0;0;1.0;0;0;1.0;0;0;1.0;0;0;1.0;1.0;0;0;0;0;0
1787056;2.11;0.96;21.0;2317.0;28.5;86.25;22.5;4.31;16.61;14.11;4.39;1.60;2.58;86847.0;21.0;21.0;48.0;4443.0;982.00;878.89;1.0;1.0;0;1.0;0;0;1.0;0;0;1.0;0;0;1.0;1.0;0;0;0;0;0
1787596;1.97;0.93;22.0;2534.0;28.5;86.25;25.5;4.31;16.20;14.11;2.51;0.87;2.58;86847.0;23.0;23.0;48.0;4510.0;982.20;839.83;1.0;1.0;0;1.0;0;0;1.0;0;0;1.0;0;0;1.0;1.0;0;0;0;0;0
1788136;1.94;0.91;25.0;2722.0;28.5;86.25;29.25;4.70;16.76;14.01;3.41;0.33;2.58;86847.0;25.0;25.0;48.0;4557.0;982.04;859.36;1.0;1.0;0;1.0;0;0;1.0;0;0;1.0;0;0;1.0;1.0;0;0;0;0;0
1788676;2.48;1.00;25.0;1945.0;28.5;86.25;15.75;3.13;15.52;14.20;4.04;2.24;2.58;86847.0;25.0;25.0;48.0;4517.0;982.08;878.89;2.0;1.0;0;1.0;0;0;1.0;0;0;1.0;0;0;1.0;1.0;0;0;0;0;0
1789216;2.10;0.98;26.0;2022.0;28.5;86.25;18.0;3.13;15.78;14.20;4.14;1.34;2.58;86847.0;26.0;26.0;48.0;4552.0;982.12;820.30;2.0;1.0;0;1.0;0;0;1.0;0;0;1.0;0;0;1.0;1.0;0;0;0;0;0
1789756;1.99;0.96;26.0;2127.0;28.5;86.25;19.5;3.13;15.33;14.11;2.38;0.70;2.58;86847.0;27.0;27.0;48.0;4498.0;982.04;839.83;2.0;1.0;0;1.0;0;0;1.0;0;0;1.0;0;0;1.0;1.0;0;0;0;0;0
1790285;1.77;0.94;27.0;2195.0;28.5;86.25;21.0;2.74;14.11;14.20;3.32;0.35;2.58;86847.0;28.0;28.0;48.0;4468.0;982.08;859.36;2.0;1.0;0;1.0;0;0;1.0;0;0;1.0;0;0;1.0;1.0;0;0;0;0;0
1790826;1.20;0.99;27.0;1676.0;28.5;86.25;14.25;0;12.30;14.29;4.00;9.06;2.58;86847.0;26.0;28.0;46.0;4557.0;982.08;761.70;2.0;1.0;0;1.0;0;0;1.0;0;0;1.0;0;0;1.0;1.0;0;0;0;0;0
1791366;1.17;0.98;26.0;1752.0;28.5;86.25;12.75;0;12.12;14.11;7.01;27.43;2.58;86847.0;27.0;26.0;45.0;4519.0;982.00;878.89;2.0;1.0;0;1.0;0;0;1.0;0;0;1.0;0;0;1.0;1.0;0;0;0;0;0
1791906;1.08;1.00;25.0;1952.0;28.5;86.25;13.5;0;12.12;14.11;15.54;22.04;2.58;86847.0;25.0;25.0;44.0;4505.0;981.88;820.30;2.0;1.0;0;1.0;0;0;1.0;0;0;1.0;0;0;1.0;1.0;0;0;0;0;0
1792446;1.14;1.00;23.0;1808.0;28.5;86.25;14.25;0;12.13;14.11;19.21;35.01;2.58;86847.0;23.0;24.0;44.0;4510.0;981.80;820.30;2.0;1.0;0;1.0;0;0;1.0;0;0;1.0;0;0;1.0;1.0;0;0;0;0;0
1792986;1.16;0.99;21.0;1725.0;28.5;86.25;15.0;0;12.15;14.20;15.05;75.34;2.58;86847.0;22.0;22.0;45.0;4515.0;981.84;839.83;2.0;1.0;0;1.0;0;0;1.0;0;0;1.0;0;0;1.0;1.0;0;0;0;0;0
1793529;1.16;0.97;20.0;1587.0;28.5;86.25;15.0;0;12.04;14.20;19.78;53.25;2.58;86847.0;20.0;20.0;43.0;4529.0;981.92;878.89;2.0;1.0;0;1.0;0;0;1.0;0;0;1.0;0;0;1.0;1.0;0;0;0;0;0
1794116;1.25;0.96;17.0;1423.0;28.5;86.25;15.0;0;12.07;14.29;22.08;77.31;2.58;86847.0;18.0;18.0;44.0;4491.0;981.92;878.89;2.0;1.0;0;1.0;0;0;1.0;0;0;1.0;0;0;1.0;1.0;0;0;0;0;0
1794666;1.40;0.94;16.0;1291.0;28.5;86.25;13.5;0;11.92;14.39;18.65;67.12;2.31;86847.0;16.0;16.0;44.0;4486.0;981.84;859.36;2.0;1.0;0;1.0;0;0;1.0;0;0;1.0;0;0;1.0;1.0;0;0;0;0;0
1795196;1.32;0.92;15.0;1291.0;28.5;86.25;13.5;0;11.94;14.29;14.29;58.17;2.58;86847.0;15.0;15.0;44.0;4509.0;981.84;761.70;2.0;1.0;0;1.0;0;0;1.0;0;0;1.0;0;0;1.0;1.0;0;0;0;0;0
1795756;1.41;0.91;13.0;1238.0;28.5;86.25;15.75;0;12.28;14.39;10.37;40.19;2.31;86847.0;14.0;14.0;45.0;4505.0;981.77;234.37;2.0;1.0;0;1.0;0;0;1.0;0;0;1.0;0;0;1.0;1.0;0;0;0;0;0
1796296;1.44;0.93;13.0;1241.0;28.5;86.25;15.0;0;12.15;14.39;7.92;30.83;2.31;86847.0;14.0;14.0;45.0;4509.0;981.80;58.59;2.0;1.0;0;1.0;0;0;1.0;0;0;1.0;0;0;1.0;1.0;0;0;0;0;0
1796839;1.35;0.95;13.0;1344.0;28.5;86.25;39.75;0;15.44;14.29;8.41;24.76;2.58;86847.0;14.0;14.0;47.0;4559.0;981.84;839.83;2.0;1.0;0;1.0;0;0;1.0;0;0;1.0;0;0;1.0;1.0;0;0;0;0;0
1797376;1.76;0.93;13.0;1395.0;28.5;86.25;12.75;1.56;13.56;14.20;17.28;18.00;2.58;86847.0;14.0;14.0;49.0;4548.0;981.77;742.17;2.0;1.0;0;1.0;0;0;1.0;0;0;1.0;0;0;1.0;1.0;0;0;0;0;0
1797915;1.88;0.94;15.0;1470.0;28.5;86.25;12.75;1.96;14.26;14.29;12.55;13.06;2.58;86847.0;15.0;15.0;48.0;4532.0;981.73;19.53;2.0;1.0;0;1.0;0;0;1.0;0;0;1.0;0;0;1.0;1.0;0;0;0;0;0
1798455;1.14;1.00;16.0;1622.0;28.5;86.25;14.25;0;12.29;14.20;8.18;8.98;2.58;86847.0;16.0;16.0;44.0;4513.0;981.73;39.06;2.0;1.0;0;1.0;0;0;1.0;0;0;1.0;0;0;1.0;1.0;0;0;0;0;0
1798996;1.52;1.00;15.0;1288.0;28.5;87.0;15.0;0;12.19;14.39;7.71;6.13;2.31;86847.0;15.0;15.0;45.0;4482.0;981.69;859.36;2.0;1.0;0;1.0;0;0;1.0;0;0;1.0;0;0;1.0;1.0;0;0;0;0;0
1799526;1.45;0.99;12.0;1315.0;28.5;87.0;12.75;0;12.12;14.20;5.25;6.75;2.58;86847.0;13.0;13.0;44.0;4509.0;981.73;878.89;2.0;1.0;0;1.0;0;0;1.0;0;0;1.0;0;0;1.0;1.0;0;0;0;0;0
1800066;1.34;0.97;11.0;1284.0;28.5;87.0;13.5;0;11.94;14.29;3.98;5.15;2.58;86847.0;11.0;11.0;44.0;4518.0;981.77;859.36;2.0;1.0;0;1.0;0;0;1.0;0;0;1.0;0;0;1.0;1.0;0;0;0;0;0
1800699;1.59;0.95;10.0;1294.0;28.5;87.0;9.0;0.78;11.50;14.29;5.25;3.71;2.58;86847.0;11.0;11.0;48.0;4516.0;981.80;859.36;2.0;1.0;0;1.0;0;0;1.0;0;0;1.0;0;0;1.0;1.0;0;0;0;0;0
1801266;1.97;0.95;11.0;1456.0;28.5;87.0;10.5;1.96;13.96;14.39;4.99;4.27;2.31;86847.0;12.0;12.0;48.0;4529.0;981.80;19.53;2.0;1.0;0;1.0;1.0;0;1.0;0;0;1.0;0;0;0;1.0;0;0;1.0;0;0
1801805;1.36;1.00;12.0;1433.0;28.5;87.0;14.25;0;12.13;14.29;19.31;11.87;2.58;86847.0;12.0;12.0;43.0;4499.0;981.77;390.62;2.0;1.0;0;1.0;0;0;1.0;0;0;1.0;0;0;1.0;1.0;0;0;0;0;0
1802346;1.45;1.00;12.0;1366.0;28.5;87.0;14.25;0;12.08;14.39;20.52;14.06;2.31;86847.0;12.0;12.0;44.0;4490.0;981.73;898.42;2.0;1.0;0;1.0;0;0;1.0;0;0;1.0;0;0;1.0;1.0;0;0;0;0;0
1802936;1.31;0.98;11.0;1396.0;28.5;87.0;14.25;0;12.05;14.29;17.96;16.42;2.58;86847.0;11.0;11.0;43.0;4519.0;981.77;898.42;0;1.0;0;1.0;0;0;1.0;0;0;1.0;0;0;1.0;1.0;0;0;0;0;0
1803476;1.44;0.96;8.0;1278.0;28.5;87.0;13.5;0;11.91;14.39;12.34;16.60;2.31;86847.0;9.0;9.0;44.0;4499.0;981.88;859.36;1.0;1.0;0;1.0;0;0;1.0;0;0;1.0;0;0;1.0;1.0;0;0;0;0;0
1804016;1.36;0.94;7.0;1261.0;28.5;87.0;13.5;0;11.89;14.29;8.47;12.03;2.58;86847.0;8.0;8.0;44.0;4511.0;982.08;800.77;1.0;1.0;0;1.0;0;0;1.0;0;0;1.0;0;0;1.0;1.0;0;0;0;0;0
1804556;1.29;0.93;5.0;1284.0;28.5;87.0;12.0;0;11.60;14.29;22.40;13.65;2.58;86847.0;5.0;5.0;43.0;4525.0;982.16;664.05;1.0;1.0;0;1.0;0;0;1.0;0;0;1.0;0;0;1.0;1.0;0;0;0;0;0
1805096;1.36;0.91;5.0;1260.0;28.5;87.0;13.5;0;11.80;14.29;19.41;29.54;2.58;86847.0;5.0;5.0;42.0;4508.0;982.08;195.31;1.0;1.0;0;1.0;0;0;1.0;0;0;1.0;0;0;1.0;1.0;0;0;0;0;0
1805636;1.26;0.92;5.0;1280.0;28.5;87.0;12.0;0;11.48;14.39;22.55;31.44;2.31;86847.0;6.0;5.0;42.0;4522.0;982.12;97.65;1.0;1.0;0;1.0;0;0;1.0;0;0;1.0;0;0;1.0;1.0;0;0;0;0;0
1806175;1.33;0.92;6.0;1266.0;28.5;87.0;13.5;0;11.72;14.29;52.96;30.68;2.58;86847.0;6.0;5.0;41.0;4506.0;982.08;117.18;1.0;1.0;0;1.0;0;0;1.0;0;0;1.0;0;0;1.0;1.0;0;0;0;0;0
1806716;1.40;0.94;6.0;1239.0;28.5;87.0;15.0;0;11.87;14.48;36.57;25.93;2.31;86847.0;6.0;5.0;41.0;4507.0;982.04;97.65;1.0;1.0;0;1.0;0;0;1.0;0;0;1.0;0;0;1.0;1.0;0;0;0;0;0
1807246;1.40;0.96;5.0;1221.0;28.5;87.0;16.5;0;12.12;14.29;28.06;19.86;2.58;86847.0;5.0;4.0;41.0;4526.0;982.00;97.65;1.0;1.0;0;1.0;0;0;1.0;0;0;1.0;0;0;1.0;1.0;0;0;0;0;0
1807786;1.43;0.97;2.0;1243.0;28.5;87.0;14.25;0;11.74;14.39;23.63;15.21;2.31;86847.0;3.0;3.0;40.0;4511.0;981.88;820.30;1.0;1.0;0;1.0;0;0;1.0;0;0;1.0;0;0;1.0;1.0;0;0;0;0;0
1808326;1.32;0.95;0;1247.0;28.5;87.0;13.5;0;11.58;14.39;17.18;11.05;2.31;86847.0;0;0;40.0;4504.0;982.08;820.30;1.0;1.0;0;1.0;0;0;1.0;0;0;1.0;0;0;1.0;1.0;0;0;0;0;0
1808866;1.44;0.93;0;1211.0;28.5;87.0;16.5;0;12.01;14.39;19.04;17.28;2.31;86847.0;0;0;39.0;4506.0;982.16;761.70;1.0;1.0;0;1.0;0;0;1.0;0;0;1.0;0;0;1.0;1.0;0;0;0;0;0
1809406;1.30;0.92;0;1193.0;28.5;87.0;18.0;0;12.29;14.39;14.58;17.24;2.31;86847.0;0;0;39.0;4518.0;982.27;664.05;1.0;1.0;0;1.0;0;0;1.0;0;0;1.0;0;0;1.0;1.0;0;0;0;0;0
1809946;1.58;0.92;0;1290.0;28.5;87.0;12.75;0.78;11.35;14.29;12.36;14.43;2.58;86847.0;0;0;49.0;4556.0;982.08;39.06;1.0;1.0;0;1.0;0;0;1.0;0;0;1.0;0;0;1.0;1.0;0;0;0;0;0
1810485;1.68;0.94;0;1648.0;28.5;87.75;13.5;1.56;12.93;14.20;13.20;10.46;2.58;86847.0;0;0;47.0;4544.0;982.16;19.53;1.0;1.0;0;1.0;0;0;1.0;0;0;1.0;0;0;1.0;1.0;0;0;0;0;0
1811026;2.17;0.95;3.0;1369.0;28.5;87.75;12.75;1.96;15.83;14.39;41.11;10.42;2.31;86847.0;3.0;0;48.0;4516.0;982.12;19.53;1.0;1.0;0;1.0;0;0;1.0;0;0;1.0;0;0;1.0;1.0;0;0;0;0;0
1811576;1.98;1.00;3.0;1051.0;28.5;87.75;39.0;0;14.57;14.48;31.54;9.90;2.31;86847.0;3.0;0;46.0;4464.0;982.20;39.06;1.0;1.0;0;1.0;0;0;1.0;0;0;1.0;0;0;1.0;1.0;0;0;0;0;0
1812115;2.15;1.00;5.0;1332.0;28.5;87.75;12.75;1.96;15.21;14.39;39.50;12.98;2.31;86847.0;0;5.0;48.0;4519.0;982.08;97.65;1.0;1.0;0;1.0;0;0;1.0;0;0;1.0;0;0;1.0;1.0;0;0;0;0;0
1812715;1.22;1.00;3.0;1393.0;28.5;87.75;14.25;0;12.08;14.39;33.20;25.34;2.31;86847.0;0;3.0;43.0;4483.0;982.23;39.06;1.0;1.0;0;1.0;0;0;1.0;0;0;1.0;0;0;1.0;1.0;0;0;0;0;0
1813255;1.33;1.01;2.0;1298.0;28.5;87.75;12.0;0;11.61;14.29;30.85;30.87;2.58;86847.0;3.0;0;43.0;4493.0;982.12;156.24;1.0;1.0;0;1.0;0;0;1.0;0;0;1.0;0;0;1.0;1.0;0;0;0;0;0
1813795;1.59;1.03;0;1295.0;28.5;87.75;12.0;0;11.56;14.39;59.35;75.93;2.31;86847.0;0;0;41.0;4504.0;981.96;117.18;1.0;1.0;0;1.0;0;0;1.0;0;0;1.0;0;0;1.0;1.0;0;0;0;0;0
1814335;1.35;1.04;0;1369.0;28.5;87.75;15.0;0;12.08;14.39;81.77;90.52;2.31;86847.0;0;0;43.0;4491.0;982.00;898.42;1.0;1.0;0;1.0;0;0;1.0;0;0;1.0;0;0;1.0;1.0;0;0;0;0;0
1814875;1.95;1.02;0;1255.0;28.5;87.75;12.75;0.39;11.52;14.39;90.42;100.73;2.31;86847.0;0;0;47.0;4514.0;982.20;878.89;1.0;1.0;0;1.0;0;0;1.0;0;0;1.0;0;0;1.0;1.0;0;0;0;0;0
1815415;2.25;1.00;0;1755.0;28.5;87.75;13.5;2.74;15.60;14.20;83.70;79.91;2.58;86847.0;0;0;47.0;4528.0;982.31;839.83;1.0;1.0;0;1.0;0;0;1.0;0;0;1.0;0;0;1.0;1.0;0;0;0;0;0
1816006;2.36;0.99;0;1497.0;28.5;87.75;12.75;2.35;15.86;14.20;88.15;99.70;2.58;86847.0;0;0;48.0;4545.0;982.31;859.36;1.0;1.0;0;1.0;0;0;1.0;0;0;1.0;0;0;1.0;1.0;0;0;0;0;0
1816546;2.03;0.97;0;1850.0;28.5;87.75;15.75;2.74;15.03;14.20;128.60;84.83;2.58;86847.0;0;0;47.0;4524.0;982.20;722.64;1.0;1.0;0;1.0;0;0;1.0;0;0;1.0;0;0;1.0;1.0;0;0;0;0;0
1817086;1.92;0.95;0;1675.0;28.5;87.75;13.5;2.35;14.20;14.20;111.69;75.95;2.58;86847.0;0;0;47.0;4525.0;982.23;742.17;1.0;1.0;0;1.0;0;0;1.0;0;0;1.0;0;0;1.0;1.0;0;0;0;0;0
1817626;1.60;0.95;2.0;1449.0;28.5;87.75;12.75;0.39;11.57;14.39;102.47;95.34;2.31;86847.0;3.0;0;47.0;4478.0;982.27;703.11;1.0;1.0;0;1.0;0;0;1.0;0;0;1.0;0;0;1.0;1.0;0;0;0;0;0
1818156;1.55;0.95;2.0;1457.0;28.5;87.75;12.75;1.17;11.64;14.20;138.33;141.35;2.58;86847.0;3.0;0;47.0;4490.0;982.16;39.06;1.0;1.0;0;1.0;0;0;1.0;0;0;1.0;0;0;1.0;1.0;0;0;0;0;0
1818696;1.15;0.96;2.0;1439.0;28.5;87.75;15.0;0;12.06;14.29;146.43;117.43;2.58;86847.0;3.0;0;41.0;4499.0;982.16;19.53;1.0;1.0;0;1.0;0;0;1.0;0;0;1.0;0;0;1.0;1.0;0;0;0;0;0
1819285;1.35;0.97;0;1267.0;28.5;87.75;15.0;0;12.08;14.39;153.66;118.62;2.31;86847.0;0;0;44.0;4488.0;982.20;468.74;1.0;1.0;0;1.0;0;0;1.0;0;0;1.0;0;0;1.0;1.0;0;0;0;0;0
1819826;1.26;0.96;0;1275.0;28.5;87.75;12.75;0;11.66;14.39;160.63;138.44;2.31;86847.0;0;0;42.0;4512.0;982.27;58.59;1.0;1.0;0;1.0;0;0;1.0;0;0;1.0;0;0;1.0;1.0;0;0;0;0;0
1820376;1.28;0.98;0;1308.0;28.5;87.75;11.25;0;11.17;14.39;132.27;146.45;2.31;86847.0;0;0;41.0;4511.0;982.23;58.59;1.0;1.0;0;1.0;0;0;1.0;0;0;1.0;0;0;1.0;1.0;0;0;0;0;0
1820906;1.28;1.00;0;1278.0;28.5;87.75;12.0;0;11.40;14.39;96.40;106.73;2.31;86847.0;0;0;40.0;4528.0;982.27;58.59;1.0;1.0;0;1.0;1.0;0;1.0;0;0;1.0;0;0;1.0;1.0;0;0;1.0;0;0
1821446;1.40;1.01;0;1210.0;28.5;87.75;17.25;0;12.25;14.29;74.03;77.74;2.58;86847.0;0;0;40.0;4505.0;982.27;585.93;1.0;1.0;0;1.0;1.0;0;1.0;0;0;1.0;0;0;0;1.0;0;0;1.0;0;0
1821986;1.39;1.00;0;1247.0;28.5;88.5;14.25;0;11.72;14.39;56.85;63.80;2.31;86847.0;0;0;39.0;4513.0;982.27;800.77;1.0;1.0;0;1.0;1.0;0;1.0;0;0;1.0;0;0;1.0;1.0;0;0;1.0;0;0
1822526;1.35;0.99;0;1254.0;28.5;88.5;13.5;0;11.53;14.29;49.46;78.37;2.58;86847.0;0;0;39.0;4506.0;982.35;839.83;1.0;1.0;0;1.0;1.0;0;1.0;0;0;1.0;0;0;1.0;1.0;0;0;1.0;0;0
1823066;1.26;0.97;0;1248.0;28.5;88.5;13.5;0;11.49;14.39;44.97;72.24;2.31;86847.0;0;0;38.0;4512.0;982.27;820.30;1.0;1.0;0;1.0;1.0;0;1.0;0;0;1.0;0;0;1.0;1.0;0;0;1.0;0;0
1823606;1.24;0.95;0;1238.0;28.5;89.25;14.25;0;11.58;14.39;99.77;133.27;2.31;86847.0;0;0;39.0;4511.0;982.20;292.96;1.0;1.0;0;1.0;1.0;0;1.0;0;0;1.0;0;0;1.0;1.0;0;0;1.0;0;0
1824146;1.19;0.96;0;1308.0;28.5;89.25;10.5;0;10.74;14.39;161.27;196.19;2.31;86847.0;0;0;39.0;4515.0;982.20;39.06;1.0;1.0;0;1.0;1.0;0;1.0;0;0;1.0;0;0;1.0;1.0;0;0;1.0;0;0
1824686;1.29;0.98;0;1257.0;28.5;89.25;13.5;0;11.37;14.39;208.56;199.42;2.31;86847.0;0;0;38.0;4507.0;982.08;58.59;1.0;1.0;0;1.0;1.0;0;1.0;0;0;1.0;0;0;1.0;1.0;0;0;1.0;0;0
1825226;1.32;0.99;0;1212.0;28.5;89.25;17.25;0;11.98;14.48;231.95;223.85;2.31;86847.0;0;0;38.0;4508.0;982.08;800.77;0;1.0;0;1.0;1.0;0;1.0;0;0;1.0;0;0;1.0;1.0;0;0;1.0;0;0
1825755;1.32;0.97;0;1213.0;28.5;89.25;16.5;0;11.82;14.39;231.68;217.97;2.31;86847.0;0;0;38.0;4513.0;982.23;781.24;0;1.0;0;1.0;1.0;0;1.0;0;0;1.0;0;0;1.0;1.0;0;0;1.0;0;0
1826326;1.33;0.97;0;1215.0;28.5;89.25;16.5;0;11.84;14.39;230.06;239.80;2.31;86847.0;0;0;38.0;4520.0;982.27;214.84;0;1.0;0;1.0;1.0;0;1.0;0;0;1.0;0;0;1.0;1.0;0;0;1.0;0;0
1826865;1.40;0.98;0;1174.0;28.5;89.25;20.25;0;12.39;14.39;223.34;233.36;2.31;86847.0;0;0;39.0;4513.0;982.16;78.12;0;1.0;0;1.0;1.0;0;1.0;0;0;1.0;0;0;1.0;1.0;0;0;1.0;0;0
1827418;1.28;1.00;0;1288.0;28.5;89.25;12.0;0;11.13;14.29;205.67;221.23;2.58;86847.0;0;0;39.0;4512.0;982.20;117.18;0;1.0;0;1.0;1.0;0;1.0;0;0;1.0;0;0;1.0;1.0;0;0;1.0;0;0
1828006;1.41;1.00;0;1223.0;28.5;90.0;16.5;0;11.86;14.48;204.01;230.59;2.31;86847.0;0;0;38.0;4513.0;982.16;800.77;0;1.0;0;1.0;1.0;0;1.0;0;0;1.0;0;0;1.0;1.0;0;0;1.0;0;0
1828555;1.32;0.98;0;1259.0;28.5;90.0;13.5;0;11.37;14.39;183.13;231.15;2.31;86847.0;0;0;38.0;4511.0;982.27;820.30;0;1.0;0;1.0;0;0;1.0;0;0;1.0;0;0;1.0;1.0;0;0;1.0;0;0
1829096;1.27;0.97;0;1250.0;28.5;90.0;14.25;0;11.48;14.48;139.77;183.69;2.31;86847.0;0;0;38.0;4508.0;982.39;468.74;0;1.0;0;1.0;0;0;1.0;0;0;1.0;0;0;1.0;1.0;0;0;1.0;0;0
1829635;1.27;0.97;0;1236.0;28.5;90.0;15.0;0;11.53;14.29;136.49;185.32;2.58;86847.0;0;0;37.0;4517.0;982.31;195.31;0;1.0;0;1.0;0;0;1.0;0;0;1.0;0;0;1.0;1.0;0;0;1.0;0;0
1830176;1.31;0.99;0;1236.0;28.5;90.0;15.0;0;11.52;14.29;113.03;135.06;2.58;86847.0;0;0;38.0;4508.0;982.31;78.12;0;1.0;0;1.0;0;0;1.0;0;0;1.0;0;0;1.0;1.0;0;0;1.0;0;0
1830725;1.26;1.01;0;1265.0;28.5;90.0;13.5;0;11.30;14.39;96.41;98.43;2.31;86847.0;0;0;37.0;4512.0;982.39;156.24;0;1.0;0;1.0;0;0;1.0;0;0;1.0;0;0;1.0;1.0;0;0;1.0;0;0
1831276;1.30;1.00;0;1246.0;28.5;90.0;14.25;0;11.45;14.39;82.08;93.15;2.31;86847.0;0;0;37.0;4507.0;982.35;839.83;0;1.0;0;1.0;0;0;1.0;0;0;1.0;0;0;1.0;1.0;0;0;1.0;0;0
1831818;1.24;0.99;0;1286.0;28.5;90.0;12.0;0;11.07;14.29;71.61;113.85;2.58;86847.0;0;0;38.0;4509.0;982.35;839.83;0;1.0;0;1.0;0;0;1.0;0;0;1.0;0;0;1.0;1.0;0;0;1.0;0;0
1832356;1.30;0.97;0;1228.0;28.5;90.75;15.0;0;11.57;14.39;70.56;110.87;2.31;86847.0;0;0;38.0;4515.0;982.35;800.77;0;1.0;0;1.0;0;0;1.0;0;0;1.0;0;0;1.0;1.0;0;0;1.0;0;0
1832896;1.27;0.95;0;1222.0;28.5;90.75;15.75;0;11.68;14.29;51.38;87.39;2.58;86847.0;0;0;37.0;4512.0;982.27;97.65;0;1.0;0;1.0;0;0;1.0;0;0;1.0;0;0;1.0;1.0;0;0;1.0;0;0
1833436;1.22;0.98;0;1282.0;28.5;90.75;12.0;0;11.07;14.39;74.83;70.30;2.31;86847.0;0;0;38.0;4513.0;982.20;39.06;0;1.0;0;1.0;0;0;1.0;0;0;1.0;0;0;1.0;1.0;0;0;1.0;0;0
1833976;1.43;0.99;0;1225.0;28.5;90.75;16.5;0;11.83;14.48;96.88;72.86;2.31;86847.0;0;0;40.0;4516.0;982.12;58.59;0;1.0;0;1.0;0;0;1.0;0;0;1.0;0;0;1.0;1.0;0;0;1.0;0;0
1834516;1.31;1.01;0;1264.0;28.5;90.75;12.75;0;11.24;14.48;90.26;72.55;2.31;86847.0;0;0;39.0;4516.0;982.16;761.70;0;1.0;0;1.0;0;0;1.0;0;0;1.0;0;0;1.0;1.0;0;0;1.0;0;0
1835056;1.26;0.99;0;1260.0;28.5;90.75;13.5;0;11.38;14.39;86.96;106.98;2.31;86847.0;0;0;38.0;4518.0;982.31;859.36;0;1.0;0;1.0;0;0;1.0;0;0;1.0;0;0;1.0;1.0;0;0;1.0;0;0
1835596;1.33;0.97;0;1213.0;28.5;90.75;16.5;0;11.86;14.39;136.65;177.01;2.31;86847.0;0;0;38.0;4517.0;982.35;761.70;0;1.0;0;1.0;0;0;1.0;0;0;1.0;0;0;1.0;1.0;0;0;1.0;0;0
1836135;1.24;0.98;0;1264.0;28.5;90.75;12.75;0;11.22;14.39;166.41;167.21;2.31;86847.0;0;0;38.0;4513.0;982.35;742.17;0;1.0;0;1.0;0;0;1.0;0;0;1.0;0;0;1.0;1.0;0;0;1.0;0;0
1836676;1.28;0.97;0;1249.0;28.5;90.75;14.25;0;11.52;14.29;192.37;167.46;2.58;86847.0;0;0;38.0;4501.0;982.27;683.58;0;1.0;0;1.0;0;1.0;1.0;0;0;1.0;0;0;1.0;1.0;0;1.0;0;0;0
1837216;1.85;1.00;0;766.0;28.5;90.75;11.25;0;11.75;13.35;213.32;213.28;3.07;86847.0;0;0;63.0;4558.0;982.20;58.59;0;1.0;0;1.0;0;1.0;0;0;0;0;0;0;0;1.0;0;1.0;0;0;0
1837756;1.85;1.00;0;43.0;28.5;91.5;11.25;0;60.29;12.87;202.36;213.28;3.24;86847.0;0;0;115.0;4567.0;982.12;58.59;0;1.0;0;1.0;0;1.0;0;0;0;0;0;0;0;1.0;0;1.0;0;0;0
1838296;1.85;1.00;0;0;28.5;91.5;11.25;0;60.29;12.87;202.36;213.28;3.24;86847.0;0;0;115.0;4567.0;982.04;78.12;0;1.0;0;1.0;0;1.0;0;0;0;0;0;0;0;0;0;1.0;0;0;0
1838836;1.85;1.00;0;0;28.5;91.5;11.25;0;60.29;12.78;202.36;213.28;3.36;86847.0;0;0;115.0;4563.0;981.96;78.12;0;1.0;0;1.0;0;0;0;0;0;0;0;0;0;0;0;0;1.0;0;0
1839376;1.85;1.00;0;0;28.5;91.5;11.25;0;60.29;12.68;202.36;213.28;3.36;86847.0;0;0;115.0;4564.0;981.88;78.12;0;1.0;0;1.0;0;0;0;0;0;0;0;0;0;0;0;0;1.0;0;0
1839916;1.85;1.00;0;0;28.5;91.5;11.25;0;60.29;12.68;202.36;213.28;3.36;86847.0;0;0;115.0;4562.0;981.80;78.12;0;1.0;0;1.0;0;0;0;0;0;0;0;0;0;0;0;0;1.0;0;0
1840456;1.85;1.00;0;0;28.5;91.5;11.25;0;60.29;12.78;202.36;213.28;3.36;86847.0;0;0;115.0;4562.0;981.77;78.12;0;1.0;0;1.0;0;0;0;0;0;0;0;0;0;0;0;0;1.0;0;0
1840986;1.85;1.00;0;0;28.5;91.5;11.25;0;60.29;12.78;202.36;213.28;3.36;86847.0;0;0;115.0;4562.0;981.73;97.65;0;1.0;0;1.0;0;0;0;0;0;0;0;0;0;0;0;0;1.0;0;0
1841529;1.85;1.00;0;0;28.5;91.5;11.25;0;60.29;12.78;202.36;213.28;3.36;86847.0;0;0;115.0;4562.0;981.69;97.65;0;1.0;0;1.0;0;0;0;0;0;0;0;0;0;0;0;0;1.0;0;0
1842066;1.85;1.00;0;0;28.5;91.5;11.25;0;60.29;12.78;202.36;213.28;3.36;86847.0;0;0;115.0;4562.0;981.69;97.65;0;1.0;0;1.0;0;0;0;0;0;0;0;0;0;0;0;0;1.0;0;0
1842606;1.85;1.00;0;0;28.5;91.5;11.25;0;60.29;12.78;202.36;213.28;3.36;86847.0;0;0;115.0;4562.0;981.69;97.65;0;1.0;0;1.0;0;0;0;0;0;0;0;0;0;0;0;0;1.0;0;0
