##;##
#2012-03-31 06:01:53
#GS-911 Mobile WM5 V1009.2
#F800GS
#BMS-KP2
Time (ms);Injection time( ms);Lambda control factor;Speed( km/h);RPM;Intake air temperature( °C);Engine temperature( °C);Ignition angle( °KW);Throttle valve position (TPS)( %);Engine load( %);Battery voltage( V);Knock sensor 1( V);Knock sensor 2( V);Ignition dwell time( ms);Odometer( km);Front wheel speed( km/h);Rear wheel speed( km/h);Idle actuator position( steps);Fuel pressure( mbar);Ambient air pressure( mbar);Lambda sensor voltage( mV);Gear position;Sidestand switch 1;Sidestand switch 2;Sidestand switch calculated;Clutch switch;Kill switch;Oil pressure switch;Start switch;Tank venting valve (US only);Secondary air valve;Engine over-temperature light;Actuation of starter relay;Lambda sensor heating;Fuel pump;Fan motor;Engine safety cut-out (of BMSK);Starter function (of BMSK);Starter safety cut-out (of BMSK);Engine warning light (MIL)
1375;1.26;1.01;0;1263.00;14.25;81.75;14.25;0;11.66;13.35;176.59;139.83;3.07;76864.00;0;0;42.00;4512.20;935.87;312.50;0;0;1;0;0;0;1;0;0;1;0;0;1;1;0;0;1;0;0
2723;1.23;1.01;0;1264.00;14.25;81.75;14.25;0;11.62;13.45;125.81;93.53;3.07;76864.00;0;0;41.00;4507.20;935.87;644.52;0;0;1;0;0;0;1;0;0;1;0;0;1;1;0;0;1;0;0
4068;1.22;0.98;0;1248.00;14.25;81.75;15.00;0;11.67;13.54;69.66;50.64;3.07;76864.00;0;0;41.00;4502.20;935.87;546.87;0;0;1;0;0;0;1;0;0;1;0;0;1;1;0;0;1;0;0
5413;1.17;0.97;0;1272.00;14.25;81.75;14.25;0;11.60;13.64;43.12;34.31;2.82;76864.00;0;0;41.00;4528.20;935.87;273.43;0;0;1;0;0;0;1;0;0;1;0;0;1;1;0;0;1;0;0
6799;1.22;1.00;0;1260.00;14.25;81.75;15.00;0;11.71;13.64;92.85;86.62;2.82;76864.00;0;0;41.00;4507.80;935.87;292.97;0;0;0;0;0;0;1;0;0;1;0;0;1;1;0;0;1;0;0
8203;1.20;1.00;0;1250.00;14.25;82.50;15.00;0;11.66;13.64;65.52;55.48;2.82;76864.00;0;0;40.00;4518.60;935.87;664.05;0;0;1;0;0;0;1;0;0;1;0;0;1;1;0;0;1;0;0
9524;1.21;0.99;0;1276.00;14.25;82.50;13.50;0;11.48;13.73;38.36;34.28;2.82;76864.00;0;0;42.00;4513.60;935.87;234.37;0;1;0;1;0;0;1;0;0;1;0;0;1;1;0;0;0;0;0
11073;3.06;0.98;0;1778.00;14.25;82.50;14.25;6.28;22.06;13.26;15.08;15.76;3.07;76864.00;0;0;48.00;4548.60;935.87;761.71;1;1;0;1;0;0;1;0;0;1;0;0;1;1;0;0;0;0;0
12485;3.39;0.99;20.00;2296.00;14.25;82.50;21.75;10.59;26.75;13.92;6.70;8.10;2.82;76864.00;20.00;21.00;48.00;4413.60;935.87;742.18;1;1;0;1;0;0;1;0;0;1;0;0;1;1;0;0;0;0;0
13994;3.15;0.98;31.00;2418.00;14.25;82.50;24.00;9.41;24.56;14.21;1.07;3.55;2.58;76864.00;31.00;31.00;48.00;4302.20;935.87;644.52;2.00;1;0;1;0;0;1;0;0;1;0;0;1;1;0;0;0;0;0
15405;1.06;1.01;37.00;2856.00;14.25;82.50;32.25;1.96;9.81;14.21;2.32;0.62;2.58;76864.00;37.00;37.00;48.00;4573.20;935.79;624.99;2.00;1;0;1;0;0;1;0;0;1;0;0;1;1;0;0;0;0;0
16740;0.91;1.00;26.00;2101.00;14.25;82.50;14.25;0;11.98;14.11;59.76;39.96;2.58;76864.00;27.00;27.00;47.00;4523.80;935.79;214.84;2.00;1;0;1;0;0;1;0;0;1;0;0;1;1;0;0;0;0;0
18222;1.38;1.00;2.00;1296.00;14.25;82.50;12.00;0;11.56;14.02;91.01;188.43;2.58;76864.00;3.00;0;43.00;4504.40;935.75;781.24;1;1;0;1;0;0;1;0;0;1;0;0;1;1;0;0;0;0;0
19535;3.45;1.00;0;2709.00;14.25;82.50;28.50;12.16;26.49;14.11;87.92;107.08;2.58;76864.00;0;0;48.00;4554.60;935.83;742.18;1;1;0;1;0;0;1;0;0;1;0;0;1;1;0;0;0;0;0
20960;3.55;0.95;18.00;2112.00;14.25;82.50;18.00;11.77;29.90;14.30;23.40;32.30;2.58;76864.00;19.00;19.00;48.00;4458.80;935.87;410.15;1;1;0;1;0;0;1;0;0;1;0;0;1;1;0;0;0;0;0
22383;4.59;1.02;33.00;3744.00;14.25;81.75;27.75;22.36;34.72;14.11;3.75;5.49;2.58;76864.00;33.00;34.00;48.00;4629.20;935.72;839.83;1;1;0;1;0;0;1;0;0;1;0;0;1;1;0;0;0;0;0
23698;6.19;1.00;48.00;3781.00;14.25;81.75;17.25;37.26;44.34;14.21;4.84;0.47;2.58;76864.00;48.00;49.00;48.00;4602.40;935.72;820.30;2.00;1;0;1;0;0;1;0;0;1;0;0;0;1;0;0;0;0;0
25138;6.33;0.97;63.00;3872.00;13.50;81.75;16.50;40.40;46.34;14.02;0.70;3.44;2.58;76864.00;62.00;64.00;48.00;4581.60;935.75;839.83;3.00;1;0;1;0;0;1;0;0;0;0;0;1;1;0;0;0;0;0
26596;4.84;0.92;73.00;3825.00;13.50;81.00;21.75;28.63;39.25;14.11;0.12;2.21;2.58;76864.00;73.00;74.00;48.00;4551.40;935.32;859.36;4.00;1;0;1;0;0;1;0;0;0;0;0;1;1;0;0;0;0;0
28019;4.36;0.93;80.00;3699.00;13.50;81.00;25.50;24.32;35.60;14.11;0;0.02;2.58;76864.00;79.00;81.00;48.00;4538.60;934.93;839.83;5.00;1;0;1;0;0;1;0;0;0;0;0;1;1;0;0;0;0;0
29390;3.98;0.92;83.00;3823.00;13.50;81.00;30.00;21.57;31.93;13.92;1.15;0;2.82;76864.00;82.00;84.00;48.00;4538.20;934.78;800.77;5.00;1;0;1;0;0;1;0;0;0;0;0;1;1;0;0;0;0;0
30689;4.06;0.96;86.00;3663.00;13.50;81.00;27.75;21.96;32.45;14.02;0.47;3.57;2.58;76864.00;86.00;87.00;48.00;4486.60;934.70;839.83;6.00;1;0;1;0;0;1;0;0;0;0;0;1;1;0;0;0;0;0
32100;3.62;1.00;90.00;3828.00;13.50;81.00;32.25;18.83;29.27;14.02;0.39;0.20;2.58;76864.00;89.00;90.00;48.00;4489.40;934.66;839.83;6.00;1;0;1;0;0;1;0;0;0;0;0;1;1;0;0;0;0;0
33504;2.78;0.94;90.00;3847.00;13.50;81.00;37.50;11.77;23.52;13.92;0;1.15;2.82;76864.00;90.00;91.00;48.00;4502.60;934.62;878.90;6.00;1;0;1;0;0;1;0;0;0;0;0;1;1;0;0;0;0;0
34965;0.53;1.00;85.00;3582.00;13.50;81.00;-30.00;0;0;13.92;3.87;0.23;2.82;76864.00;85.00;85.00;48.00;4598.20;934.50;19.53;6.00;1;0;1;0;0;1;0;0;0;0;0;1;1;0;0;0;0;0
36396;2.46;1.00;70.00;3018.00;13.50;81.00;34.50;5.49;14.74;14.02;1.86;2.42;2.58;76864.00;69.00;71.00;48.00;4226.20;934.19;898.43;6.00;1;0;1;0;0;1;0;0;0;0;0;1;1;0;0;0;0;0
37693;0.85;1.00;55.00;2338.00;13.50;81.00;15.75;0;12.17;14.21;2.58;0.31;2.58;76865.00;55.00;55.00;48.00;4350.60;934.00;761.71;6.00;1;0;1;0;0;1;0;0;1;0;0;1;1;0;0;1;0;0
39057;0.98;1.00;47.00;2440.00;13.50;81.00;9.75;0;12.10;14.11;4.34;6.70;2.58;76865.00;47.00;47.00;61.00;4262.40;934.00;585.93;4.00;1;0;1;0;0;1;0;0;1;0;0;1;1;0;0;0;0;0
40479;1.92;0.98;41.00;2147.00;13.50;81.00;20.25;3.14;14.99;14.21;9.92;5.51;2.58;76865.00;41.00;41.00;48.00;4477.40;934.00;722.65;4.00;1;0;1;0;0;1;0;0;1;0;0;1;1;0;0;0;0;0
41919;2.94;0.99;41.00;2234.00;13.50;81.00;21.75;7.45;22.81;14.21;3.52;3.20;2.58;76865.00;41.00;41.00;48.00;4483.80;933.64;898.43;4.00;1;0;1;0;0;1;0;0;1;0;0;1;1;0;0;0;0;0
43327;5.62;1.00;47.00;2492.00;13.50;81.00;14.25;27.45;38.90;14.21;0.82;1.70;2.58;76865.00;47.00;47.00;48.00;4449.80;933.64;175.78;4.00;1;0;1;0;0;1;0;0;1;0;0;1;1;0;0;0;0;0
44633;4.63;1.00;55.00;2866.00;13.50;81.75;21.00;24.32;35.77;14.02;0;0.84;2.58;76865.00;54.00;55.00;48.00;4556.60;933.53;78.12;4.00;1;0;1;0;0;1;0;0;0;0;0;1;1;0;0;0;0;0
46064;5.08;1.00;63.00;3326.00;13.50;81.75;20.25;26.67;36.27;13.92;0;2.68;2.82;76865.00;64.00;64.00;48.00;4503.00;933.45;820.30;4.00;1;0;1;0;0;1;0;0;0;0;0;1;1;0;0;0;0;0
47456;0;1.00;71.00;3760.00;13.50;81.75;41.25;0.39;4.99;13.92;2.25;0.20;2.82;76865.00;72.00;72.00;48.00;4448.00;933.41;761.71;4.00;1;0;1;0;0;1;0;0;0;0;0;1;1;0;0;0;0;0
48755;4.26;0.96;78.00;3643.00;13.50;81.75;25.50;23.53;34.33;14.02;0.70;1.89;2.58;76865.00;78.00;79.00;48.00;4544.20;933.41;644.52;5.00;1;0;1;0;0;1;0;0;0;0;0;1;1;0;0;0;0;0
50222;3.38;0.90;83.00;3894.00;13.50;81.75;32.25;18.43;29.17;14.02;0.80;1.76;2.58;76865.00;83.00;84.00;48.00;4505.60;933.41;683.59;5.00;1;0;1;0;0;1;0;0;0;0;0;1;1;0;0;0;0;0
51560;3.45;1.00;88.00;3727.00;13.50;81.75;34.50;15.69;26.31;14.02;1.07;0;2.58;76865.00;87.00;89.00;48.00;4487.60;933.41;859.36;6.00;1;0;1;0;0;1;0;0;0;0;0;1;1;0;0;0;0;0
52961;2.20;0.98;91.00;3861.00;13.50;82.50;42.00;7.06;18.41;13.92;0.21;1.15;2.82;76865.00;90.00;91.00;48.00;4492.00;933.41;917.96;6.00;1;0;1;0;0;1;0;0;0;0;0;1;1;0;0;0;0;0
54424;0.51;1.00;86.00;3680.00;13.50;82.50;-30.00;0;0;14.02;2.09;2.40;2.58;76865.00;86.00;87.00;48.00;4635.00;933.41;0;6.00;1;0;1;0;0;1;0;0;0;0;0;1;1;0;0;0;0;0
55762;0.53;1.00;81.00;3476.00;13.50;82.50;-30.00;0;0;14.02;0.08;0.10;2.58;76865.00;81.00;82.00;48.00;4656.60;933.41;0;6.00;1;0;1;0;0;1;0;0;0;0;0;1;1;0;0;0;0;0
57147;0.56;1.00;76.00;3236.00;13.50;82.50;-30.00;0;0;14.02;0;0.18;2.58;76865.00;77.00;76.00;48.00;4618.80;933.41;0;6.00;1;0;1;0;0;1;0;0;0;0;0;1;1;0;0;0;0;0
58481;0.63;1.00;71.00;3011.00;13.50;81.75;-30.00;0;0;14.11;2.21;1.87;2.58;76865.00;72.00;71.00;48.00;4602.40;933.41;0;6.00;1;0;1;0;0;1;0;0;0;0;0;1;1;0;0;0;0;0
59828;0.86;1.00;57.00;2388.00;13.50;81.75;15.00;0;12.12;14.11;9.86;2.38;2.58;76865.00;57.00;56.00;59.00;4277.00;933.41;781.24;6.00;1;0;1;0;0;1;0;0;1;0;0;1;1;0;0;0;0;0
61276;2.30;1.02;43.00;2579.00;13.50;81.75;9.00;5.10;13.65;14.21;11.58;3.01;2.58;76865.00;44.00;43.00;48.00;4457.60;933.53;878.90;5.00;1;0;1;0;0;1;0;0;1;0;0;1;1;0;0;0;0;0
62701;1.49;1.00;41.00;2149.00;13.50;81.75;20.25;1.96;11.28;14.21;5.80;0.35;2.58;76865.00;42.00;42.00;48.00;4373.80;933.57;97.66;4.00;1;0;1;0;0;1;0;0;1;0;0;1;1;0;0;0;0;0
64054;2.06;0.99;43.00;2303.00;13.50;81.75;22.50;3.92;16.19;14.11;2.97;0;2.58;76865.00;43.00;44.00;48.00;4494.40;934.07;878.90;4.00;1;0;1;0;0;1;0;0;1;0;0;0;1;0;0;0;0;0
65507;4.66;1.00;48.00;2577.00;13.50;81.75;19.50;22.75;34.98;14.11;3.61;0;2.58;76865.00;48.00;49.00;48.00;4456.80;934.43;39.06;4.00;1;0;1;0;0;1;0;0;1;0;0;1;1;0;0;0;0;0
66855;3.21;0.98;60.00;3115.00;13.50;81.75;30.75;13.73;27.29;14.21;1.80;0.33;2.58;76865.00;59.00;60.00;48.00;4524.60;934.54;703.12;4.00;1;0;1;0;0;1;0;0;0;0;0;1;1;0;0;0;0;0
68312;0.86;1.00;68.00;3482.00;13.50;81.75;39.75;2.35;8.77;14.02;1.43;0;2.58;76865.00;68.00;68.00;48.00;4551.20;934.58;878.90;4.00;1;0;1;0;0;1;0;0;0;0;0;1;1;0;0;0;0;0
69598;0.52;1.00;67.00;3521.00;13.50;81.75;-30.00;0;0;14.02;0;1.23;2.58;76865.00;68.00;68.00;48.00;4575.80;934.62;0;4.00;1;0;1;0;0;1;0;0;0;0;0;1;1;0;0;0;0;0
70968;0.56;1.00;65.00;3357.00;13.50;81.75;-30.00;0;0;14.11;1.29;3.36;2.58;76865.00;66.00;65.00;48.00;4569.00;934.82;0;4.00;1;0;1;0;0;1;0;0;0;0;0;1;1;0;0;0;0;0
72367;0.64;1.00;56.00;2921.00;13.50;81.75;-30.00;0;0;13.92;0.55;1.05;2.82;76865.00;56.00;56.00;48.00;4566.20;935.32;0;4.00;1;0;1;0;0;1;0;0;1;0;0;1;1;0;0;0;0;0
73707;2.94;1.00;51.00;2736.00;13.50;81.75;13.50;6.67;16.11;14.02;0;0;2.58;76865.00;51.00;52.00;48.00;4242.00;935.68;917.96;4.00;1;0;1;0;0;1;0;0;1;0;0;1;1;0;0;0;0;0
75163;6.24;1.02;66.00;3474.00;13.50;81.00;14.25;40.40;42.67;14.11;0;1.07;2.58;76865.00;66.00;67.00;48.00;4545.40;935.79;820.30;4.00;1;0;1;0;0;1;0;0;0;0;0;1;1;0;0;0;0;0
76673;4.34;0.96;82.00;4342.00;13.50;81.00;30.00;24.71;34.87;14.02;0.16;0.94;2.58;76865.00;81.00;83.00;48.00;4552.40;935.83;898.43;4.00;1;0;1;0;0;1;0;0;0;0;0;1;1;0;0;0;0;0
78087;0.50;1.00;82.00;4304.00;13.50;81.00;-30.00;0;0;14.02;1.72;0.70;2.58;76865.00;83.00;83.00;48.00;4356.60;936.18;0;4.00;1;0;1;0;0;1;0;0;0;0;0;1;1;0;0;0;0;0
79509;4.93;1.00;66.00;3393.00;13.50;81.00;37.50;9.81;21.48;14.02;1.70;1.05;2.58;76865.00;67.00;66.00;48.00;4477.40;936.65;19.53;4.00;1;0;1;0;0;1;0;0;0;0;0;1;1;0;0;0;0;0
80876;0.63;1.00;51.00;3075.00;13.50;81.00;-30.00;0;0;14.02;0.02;2.29;2.58;76865.00;51.00;50.00;48.00;4523.80;936.93;0;3.00;1;0;1;0;0;1;0;0;1;0;0;1;1;0;0;0;0;0
82310;0.90;1.00;47.00;2931.00;13.50;81.00;33.00;0.78;7.01;13.83;1.66;4.43;2.82;76865.00;48.00;48.00;48.00;4357.20;937.00;917.96;3.00;1;0;1;0;0;1;0;0;1;0;0;1;1;0;0;0;0;0
83675;0.99;0.96;45.00;2779.00;13.50;81.00;30.75;1.18;8.19;14.11;0.82;0.62;2.58;76865.00;45.00;45.00;48.00;4496.80;937.32;878.90;3.00;1;0;1;0;0;1;0;0;1;0;0;1;1;0;0;0;0;0
85037;3.56;1.00;46.00;2883.00;13.50;81.00;30.00;10.98;25.17;14.02;0;0;2.58;76865.00;46.00;47.00;48.00;4497.20;937.86;859.36;3.00;1;0;1;0;0;1;0;0;1;0;0;1;1;0;0;0;0;0
86499;5.80;1.00;58.00;3596.00;13.50;81.00;18.00;31.38;41.63;14.02;1.31;0.90;2.58;76865.00;56.00;59.00;48.00;4579.60;938.10;878.90;3.00;1;0;1;0;0;1;0;0;1;0;0;1;1;0;0;0;0;0
87791;5.04;0.90;67.00;4215.00;12.75;81.00;26.25;27.06;39.25;14.02;3.34;1.05;2.58;76865.00;67.00;68.00;48.00;4576.20;938.25;878.90;3.00;1;0;1;0;0;1;0;0;0;0;0;1;1;0;0;0;0;0
89219;2.76;0.96;75.00;3917.00;12.75;81.00;39.00;11.37;22.74;14.11;2.52;0.96;2.58;76865.00;75.00;76.00;48.00;4501.60;938.45;859.36;4.00;1;0;1;0;0;1;0;0;0;0;0;1;1;0;0;0;0;0
90577;2.68;0.89;81.00;4205.00;12.75;81.00;39.75;12.16;23.43;14.11;0.10;0.33;2.58;76865.00;79.00;81.00;48.00;4524.40;938.49;195.31;4.00;1;0;1;0;0;1;0;0;0;0;0;1;1;0;0;0;0;0
91994;0.49;1.00;77.00;3992.00;12.75;81.00;-30.00;0;0;14.02;0;1.39;2.58;76865.00;77.00;76.00;48.00;4595.60;938.57;0;4.00;1;0;1;0;0;1;0;0;0;0;0;1;1;0;0;0;0;0
93431;1.77;1.00;68.00;3578.00;12.75;81.00;16.50;5.10;9.57;14.11;0.18;5.43;2.58;76866.00;68.00;68.00;48.00;4251.80;938.64;898.43;4.00;1;0;1;0;0;1;0;0;0;0;0;1;1;0;0;0;0;0
94747;1.37;0.94;67.00;3514.00;12.75;81.00;36.00;3.92;11.24;14.11;0.90;2.95;2.58;76866.00;67.00;67.00;48.00;4504.60;938.92;839.83;4.00;1;0;1;0;0;1;0;0;0;0;0;1;1;0;0;0;0;0
96107;3.69;1.00;70.00;3606.00;12.75;81.75;32.25;16.08;26.99;14.02;2.42;0.59;2.58;76866.00;68.00;70.00;48.00;4518.40;939.19;781.24;4.00;1;0;1;0;0;1;0;0;0;0;0;1;1;0;0;0;0;0
97651;5.34;0.99;77.00;4027.00;12.75;81.75;22.50;29.81;40.36;14.02;0.62;0;2.58;76866.00;76.00;77.00;48.00;4567.80;939.27;800.77;4.00;1;0;1;0;0;1;0;0;0;0;0;1;1;0;0;0;0;0
99154;0;1.00;83.00;4558.00;12.75;81.75;42.75;0;4.10;14.02;1.78;0;2.58;76866.00;83.00;84.00;48.00;4439.00;939.23;878.90;4.00;1;0;1;0;0;1;0;0;0;0;0;1;1;0;0;0;0;0
100602;4.42;1.00;87.00;4004.00;12.00;81.75;28.50;22.75;34.26;14.02;1.27;2.87;2.58;76866.00;86.00;87.00;48.00;4496.40;939.23;839.83;5.00;1;0;1;0;0;1;0;0;0;0;0;1;1;0;0;0;0;0
102046;5.69;1.00;88.00;4124.00;12.00;81.75;24.75;27.45;38.84;14.11;1.27;0.27;2.58;76866.00;88.00;89.00;48.00;4548.60;939.04;898.43;5.00;1;0;1;0;0;1;0;0;0;0;0;1;1;0;0;0;0;0
103443;3.04;0.95;91.00;4187.00;12.00;81.75;37.50;14.51;25.63;14.02;0;0;2.58;76866.00;90.00;91.00;48.00;4483.00;938.76;917.96;5.00;1;0;1;0;0;1;0;0;0;0;0;1;1;0;0;0;0;0
104798;1.05;0.98;87.00;3979.00;12.00;82.50;45.75;3.14;8.78;14.02;2.09;0.96;2.58;76866.00;87.00;87.00;48.00;4536.40;938.53;937.49;5.00;1;0;1;0;0;1;0;0;0;0;0;1;1;0;0;0;0;0
106293;1.16;1.00;80.00;3657.00;12.00;82.50;30.75;2.75;7.60;14.02;4.18;0.29;2.58;76866.00;80.00;80.00;48.00;4227.00;938.29;898.43;5.00;1;0;1;0;0;1;0;0;0;0;0;1;1;0;0;0;0;0
107623;3.12;0.97;78.00;3634.00;12.00;82.50;34.50;13.73;24.85;14.02;0.29;3.44;2.58;76866.00;78.00;79.00;48.00;4461.60;938.18;859.36;5.00;1;0;1;0;0;1;0;0;0;0;0;1;1;0;0;0;0;0
109076;3.78;0.98;82.00;3841.00;12.00;82.50;31.50;19.61;30.17;14.02;0;0.59;2.58;76866.00;83.00;83.00;48.00;4533.40;938.10;781.24;5.00;1;0;1;0;0;1;0;0;0;0;0;1;1;0;0;0;0;0
110431;3.30;0.91;86.00;3989.00;12.00;82.50;34.50;17.65;28.28;14.02;0.61;0.96;2.58;76866.00;86.00;87.00;48.00;4535.20;938.10;800.77;5.00;1;0;1;0;0;1;0;0;0;0;0;1;1;0;0;0;0;0
111826;4.52;0.96;91.00;4192.00;12.00;82.50;27.75;24.71;35.89;14.02;1.87;2.60;2.58;76866.00;89.00;91.00;48.00;4574.20;937.94;253.90;5.00;1;0;1;0;0;1;0;0;0;0;0;1;1;0;0;0;0;0
113282;3.58;0.92;93.00;4332.00;12.00;82.50;33.75;20.00;30.47;14.02;1.70;1.78;2.58;76866.00;93.00;94.00;48.00;4491.20;937.59;878.90;5.00;1;0;1;0;0;1;0;0;0;0;0;1;1;0;0;0;0;0
114750;2.32;0.84;95.00;4374.00;12.00;82.50;42.00;10.98;21.64;14.02;2.15;0.70;2.58;76866.00;94.00;95.00;48.00;4501.80;937.43;78.12;5.00;1;0;1;0;0;1;0;0;0;0;0;1;1;0;0;0;0;0
116210;3.30;0.93;96.00;4429.00;12.00;82.50;38.25;15.69;25.41;13.92;1.43;0.12;2.82;76866.00;95.00;96.00;48.00;4582.20;937.39;214.84;5.00;1;0;1;0;0;1;0;0;0;0;0;1;1;0;0;0;0;0
117597;4.65;1.09;98.00;4587.00;12.00;82.50;32.25;24.71;32.57;14.11;0.47;0;2.58;76866.00;97.00;99.00;48.00;4542.00;937.51;800.77;5.00;1;0;1;0;0;1;0;0;0;0;0;1;1;0;0;0;0;0
119065;2.38;0.91;98.00;4203.00;12.00;82.50;42.75;9.81;20.50;13.92;1.43;5.62;2.82;76866.00;98.00;99.00;48.00;4482.40;937.36;742.18;6.00;1;0;1;0;0;1;0;0;0;0;0;1;1;0;0;0;0;0
120468;1.98;0.89;97.00;4116.00;12.00;82.50;44.25;7.84;17.80;14.02;0.21;0.33;2.58;76866.00;97.00;97.00;48.00;4493.20;937.20;859.36;6.00;1;0;1;0;0;1;0;0;0;0;0;1;1;0;0;0;0;0
121819;0.76;1.00;93.00;3761.00;12.00;82.50;44.25;1.96;6.53;14.02;0.08;3.26;2.58;76866.00;94.00;94.00;48.00;4537.60;937.16;898.43;6.00;1;0;1;0;0;1;0;0;0;0;0;1;1;0;0;0;0;0
123220;0.62;1.00;87.00;3685.00;12.00;81.75;42.00;0.78;5.16;14.11;1.93;1.43;2.58;76866.00;88.00;87.00;48.00;4495.80;937.12;703.12;6.00;1;0;1;0;0;1;0;0;0;0;0;1;1;0;0;0;0;0
124629;0.80;0.99;85.00;3555.00;12.00;81.75;40.50;1.57;6.46;14.02;0.02;10.33;2.58;76866.00;85.00;84.00;48.00;4511.80;937.12;878.90;6.00;1;0;1;0;0;1;0;0;0;0;0;1;1;0;0;0;0;0
126063;2.46;0.98;85.00;3595.00;12.00;81.75;39.00;8.24;20.04;14.02;5.39;1.31;2.58;76866.00;84.00;85.00;48.00;4506.80;937.28;820.30;6.00;1;0;1;0;0;1;0;0;0;0;0;1;1;0;0;0;0;0
127617;2.79;0.97;88.00;3796.00;12.00;81.75;38.25;11.37;22.96;14.02;1.19;0;2.58;76866.00;88.00;89.00;48.00;4525.20;937.55;800.77;6.00;1;0;1;0;0;1;0;0;0;0;0;1;1;0;0;0;0;0
129152;1.44;1.00;91.00;3877.00;12.00;81.75;44.25;4.31;11.70;14.02;2.09;2.17;2.58;76866.00;91.00;92.00;48.00;4501.80;937.75;898.43;6.00;1;0;1;0;0;1;0;0;0;0;0;1;1;0;0;0;0;0
130607;1.87;0.94;91.00;3894.00;12.00;81.75;43.50;6.28;15.76;14.02;0.94;1.52;2.58;76866.00;91.00;92.00;48.00;4495.60;937.94;878.90;6.00;1;0;1;0;0;1;0;0;0;0;0;1;1;0;0;0;0;0
132002;2.26;0.98;95.00;4000.00;12.00;81.75;42.75;7.84;18.51;14.11;2.09;0;2.58;76866.00;95.00;94.00;48.00;4508.80;938.18;839.83;6.00;1;0;1;0;0;1;0;0;0;0;0;1;1;0;0;0;0;0
133329;2.85;1.00;93.00;3985.00;12.00;81.75;41.25;9.02;20.10;14.02;0.66;0;2.58;76866.00;93.00;94.00;48.00;4523.40;938.25;898.43;6.00;1;0;1;0;0;1;0;0;0;0;0;1;1;0;0;0;0;0
134646;4.95;0.93;100.00;4199.00;12.00;81.75;24.00;29.42;40.02;14.11;0;3.09;2.58;76867.00;98.00;100.00;48.00;4567.00;938.84;761.71;6.00;1;0;1;0;0;1;0;0;0;0;0;1;1;0;0;0;0;0
136129;3.57;0.98;103.00;4386.00;12.00;81.75;36.00;18.04;28.05;14.02;1.56;0.88;2.58;76867.00;103.00;104.00;48.00;4503.40;938.92;468.74;6.00;1;0;1;0;0;1;0;0;0;0;0;1;1;0;0;0;0;0
137575;3.41;0.98;106.00;4485.00;12.00;81.75;36.75;17.26;26.90;13.92;0.51;0;2.82;76867.00;105.00;106.00;48.00;4537.00;938.92;156.25;6.00;1;0;1;0;0;1;0;0;0;0;0;1;1;0;0;0;0;0
139009;4.46;1.09;107.00;4560.00;12.00;81.75;33.75;23.14;32.02;14.02;1.66;0;2.58;76867.00;106.00;108.00;48.00;4501.00;938.96;683.59;6.00;1;0;1;0;0;1;0;0;0;0;0;1;1;0;0;0;0;0
140540;3.08;0.99;106.00;4477.00;12.00;81.75;39.75;13.73;24.00;14.02;1.52;2.36;2.58;76867.00;104.00;106.00;48.00;4430.40;938.88;781.24;6.00;0;0;1;0;0;1;0;0;0;0;0;1;1;0;0;0;0;0
141886;2.58;0.93;103.00;4384.00;12.00;81.75;42.00;10.98;21.75;14.02;3.83;0.23;2.58;76867.00;103.00;103.00;48.00;4486.60;939.00;683.59;6.00;1;0;1;0;0;1;0;0;0;0;0;1;1;0;0;0;0;0
143265;3.76;0.96;102.00;4359.00;12.00;81.75;33.75;20.00;30.06;14.11;0.33;0;2.58;76867.00;102.00;103.00;48.00;4556.00;938.76;820.30;6.00;1;0;1;0;0;1;0;0;0;0;0;1;1;0;0;0;0;0
144725;3.07;0.92;103.00;4396.00;12.00;81.75;38.25;15.30;25.75;14.02;0;1.31;2.58;76867.00;102.00;104.00;48.00;4486.80;938.53;839.83;6.00;1;0;1;0;0;1;0;0;0;0;0;1;1;0;0;0;0;0
146127;1.23;0.86;102.00;4326.00;12.00;81.75;46.50;5.10;12.53;14.02;0.66;2.09;2.58;76867.00;102.00;103.00;48.00;4451.20;938.53;917.96;6.00;1;0;1;0;0;1;0;0;0;0;0;1;1;0;0;0;0;0
147525;0.50;1.00;96.00;4058.00;12.00;81.75;-30.00;0;0;14.02;1.87;1.70;2.58;76867.00;96.00;96.00;48.00;4561.20;938.33;0;6.00;1;0;1;0;0;1;0;0;0;0;0;1;1;0;0;0;0;0
148851;0.49;1.00;88.00;3771.00;12.00;81.75;-30.00;0;0;14.11;0.27;0.82;2.58;76867.00;89.00;88.00;48.00;4508.60;938.29;0;6.00;1;0;1;0;0;1;0;0;0;0;0;1;1;0;0;0;0;0
150198;0.60;1.00;77.00;3317.00;12.00;81.75;-30.00;0;0;14.02;0;0.82;2.58;76867.00;78.00;78.00;48.00;4477.20;938.33;214.84;6.00;1;0;1;0;0;1;0;0;0;0;0;1;1;0;0;0;0;0
151608;1.87;0.96;76.00;3248.00;12.00;81.75;28.50;5.49;14.66;14.02;0;2.09;2.58;76867.00;76.00;76.00;48.00;4449.80;938.33;839.83;6.00;1;0;1;0;0;1;0;0;0;0;0;1;1;0;0;0;0;0
153081;4.30;1.00;81.00;3476.00;12.00;81.75;27.75;20.39;30.82;14.11;0;2.36;2.58;76867.00;81.00;82.00;48.00;4508.60;938.41;742.18;6.00;1;0;1;0;0;1;0;0;0;0;0;1;1;0;0;0;0;0
154428;4.41;0.97;88.00;3757.00;12.00;81.75;26.25;23.92;35.16;14.02;2.34;0.16;2.58;76867.00;88.00;89.00;48.00;4577.00;938.64;703.12;6.00;1;0;1;0;0;1;0;0;0;0;0;1;1;0;0;0;0;0
155726;4.98;0.96;97.00;4135.00;12.00;81.75;24.75;27.45;39.11;14.02;1.80;0;2.58;76867.00;97.00;98.00;48.00;4575.20;938.88;449.21;6.00;1;0;1;0;0;1;0;0;0;0;0;1;1;0;0;0;0;0
157085;4.67;1.00;103.00;4416.00;12.00;81.75;29.25;26.28;35.48;14.02;1.97;0.84;2.58;76867.00;102.00;104.00;48.00;4540.40;938.88;742.18;6.00;0;0;1;0;0;1;0;0;0;0;0;1;1;0;0;0;0;0
158471;4.59;1.05;108.00;4636.00;12.00;81.75;31.50;25.89;33.26;14.02;1.66;1.19;2.58;76867.00;108.00;109.00;48.00;4527.40;939.00;624.99;6.00;1;0;1;0;0;1;0;0;0;0;0;1;1;0;0;0;0;0
159782;3.57;1.03;112.00;4743.00;12.00;81.75;38.25;18.83;26.76;14.02;0.25;3.24;2.58;76867.00;111.00;112.00;48.00;4475.80;939.07;800.77;6.00;1;0;1;0;0;1;0;0;0;0;0;1;1;0;0;0;0;0
161145;2.08;0.98;111.00;4693.00;12.00;81.75;47.25;7.84;16.64;14.11;0.25;0;2.58;76867.00;110.00;111.00;48.00;4428.40;939.35;898.43;6.00;1;0;1;0;0;1;0;0;0;0;0;1;1;0;0;0;0;0
162552;0.51;1.00;105.00;4437.00;12.00;81.75;-30.00;0;0;14.02;0;0;2.58;76867.00;106.00;105.00;48.00;4427.20;939.50;0;6.00;1;0;1;0;0;1;0;0;0;0;0;1;1;0;0;0;0;0
163858;0.61;1.00;98.00;4199.00;12.00;81.75;47.25;0.78;4.93;14.02;0.31;0.25;2.58;76867.00;99.00;99.00;48.00;4379.00;939.47;859.36;6.00;1;0;1;0;0;1;0;0;0;0;0;1;1;0;0;0;0;0
165286;1;0.97;95.00;3996.00;12.00;81.75;46.50;2.75;8.33;14.02;1.66;0.72;2.58;76867.00;95.00;95.00;48.00;4509.00;939.54;878.90;6.00;1;0;1;0;0;1;0;0;0;0;0;1;1;0;0;0;0;0
166766;0.50;1.00;91.00;3875.00;12.00;81.75;-30.00;0;0;14.02;0.20;0.72;2.58;76867.00;92.00;92.00;48.00;4525.20;939.62;0;6.00;1;0;1;0;0;1;0;0;0;0;0;1;1;0;0;0;0;0
168137;0.55;1.00;85.00;3595.00;12.00;81.75;-30.00;0;0;14.02;0;0.88;2.58;76867.00;84.00;85.00;48.00;4501.40;940.05;0;6.00;1;0;1;0;0;1;0;0;0;0;0;1;1;0;0;0;0;0
169520;1.31;1.00;82.00;3493.00;12.00;81.75;39.75;3.53;10.11;14.02;1.76;0.68;2.58;76867.00;82.00;82.00;48.00;4381.00;940.40;898.43;6.00;1;0;1;0;0;1;0;0;0;0;0;1;1;0;0;0;0;0
171020;4.02;0.94;87.00;3727.00;12.00;81.75;29.25;20.79;31.06;14.11;0;0.33;2.58;76867.00;86.00;87.00;48.00;4559.40;940.68;781.24;6.00;1;0;1;0;0;1;0;0;0;0;0;1;1;0;0;0;0;0
172512;4.31;0.95;93.00;3984.00;12.00;81.75;28.50;23.14;34.85;14.11;1.46;2.32;2.58;76868.00;93.00;94.00;48.00;4544.20;940.75;722.65;6.00;1;0;1;0;0;1;0;0;0;0;0;1;1;0;0;0;0;0
173850;4.98;1.00;98.00;4193.00;12.00;81.75;27.00;25.49;36.96;14.02;0.74;0;2.58;76868.00;98.00;99.00;48.00;4562.40;940.79;644.52;6.00;1;0;1;0;0;1;0;0;0;0;0;1;1;0;0;0;0;0
175261;5.52;1.00;102.00;4366.00;12.00;81.75;27.00;27.85;37.46;14.11;1.97;2.23;2.58;76868.00;102.00;103.00;48.00;4596.40;940.99;644.52;6.00;1;0;1;0;0;1;0;0;0;0;0;1;1;0;0;0;0;0
176780;3.74;1.00;107.00;4551.00;12.00;81.75;34.50;21.18;30.17;13.92;2.17;0.43;2.82;76868.00;106.00;107.00;48.00;4519.40;941.22;800.77;6.00;0;0;1;0;0;1;0;0;0;0;0;1;1;0;0;0;0;0
178142;3.18;1.02;106.00;4463.00;12.00;81.75;39.75;14.12;24.66;14.02;0;0;2.58;76868.00;106.00;106.00;48.00;4444.20;941.26;839.83;6.00;1;0;1;0;0;1;0;0;0;0;0;1;1;0;0;0;0;0
179577;2.14;0.99;100.00;4202.00;12.00;81.75;46.50;6.67;14.46;13.92;0.68;0;2.82;76868.00;98.00;100.00;48.00;4480.40;941.14;859.36;6.00;1;0;1;0;0;1;0;0;0;0;0;1;1;0;0;0;0;0
180864;2.38;1.00;93.00;3977.00;12.00;81.75;41.25;9.02;20.19;14.11;0;2.27;2.58;76868.00;94.00;94.00;48.00;4498.60;940.95;878.90;6.00;1;0;1;0;0;1;0;0;0;0;0;1;1;0;0;0;0;0
182333;3.94;1.00;91.00;3861.00;12.00;81.75;32.25;18.43;28.77;13.92;0;2.42;2.82;76868.00;90.00;91.00;48.00;4547.00;940.87;839.83;6.00;1;0;1;0;0;1;0;0;0;0;0;1;1;0;0;0;0;0
183767;4.49;0.92;92.00;3935.00;12.00;81.75;26.25;25.10;37.15;14.11;0.59;0.72;2.58;76868.00;92.00;93.00;48.00;4532.80;940.83;878.90;6.00;1;0;1;0;0;1;0;0;0;0;0;1;1;0;0;0;0;0
185233;3.55;0.86;95.00;4008.00;12.00;81.75;31.50;20.39;31.08;14.02;2.17;0;2.58;76868.00;93.00;95.00;48.00;4506.20;940.52;878.90;6.00;1;0;1;0;0;1;0;0;0;0;0;1;1;0;0;0;0;0
186641;5.59;1.00;93.00;4010.00;12.00;81.75;27.00;25.49;37.28;14.11;0.59;2.19;2.58;76868.00;92.00;94.00;48.00;4519.00;940.09;878.90;6.00;1;0;1;0;0;1;0;0;0;0;0;1;1;0;0;0;0;0
188001;7.54;1.00;96.00;4086.00;12.00;81.75;15.75;50.99;48.95;14.02;0.82;0.08;2.58;76868.00;95.00;97.00;48.00;4552.80;939.82;859.36;6.00;0;0;1;0;0;1;0;0;0;0;0;1;1;0;0;0;0;0
189419;3.91;0.95;97.00;4131.00;12.00;81.75;31.50;20.39;31.71;14.02;0.16;0.14;2.58;76868.00;96.00;98.00;48.00;4501.20;939.66;859.36;6.00;1;0;1;0;0;1;0;0;0;0;0;1;1;0;0;0;0;0
190811;4.39;0.92;100.00;4257.00;12.00;82.50;27.75;25.89;36.45;13.83;0.25;0;2.82;76868.00;98.00;100.00;48.00;4540.60;939.43;781.24;6.00;1;0;1;0;0;1;0;0;0;0;0;1;1;0;0;0;0;0
192270;3.38;0.90;101.00;4292.00;12.00;82.50;35.25;18.04;28.84;13.92;1.35;0.10;2.82;76868.00;101.00;102.00;48.00;4499.60;938.96;722.65;6.00;1;0;1;0;0;1;0;0;0;0;0;1;1;0;0;0;0;0
193758;2.27;0.83;102.00;4305.00;12.00;82.50;42.00;10.59;21.44;14.02;0;1.93;2.58;76868.00;102.00;102.00;48.00;4477.80;938.37;839.83;6.00;0;0;1;0;0;1;0;0;0;0;0;1;1;0;0;0;0;0
195173;3.66;0.98;103.00;4386.00;12.00;82.50;35.25;19.22;29.03;14.11;0.59;2.09;2.58;76868.00;103.00;104.00;48.00;4562.00;938.10;703.12;6.00;1;0;1;0;0;1;0;0;0;0;0;1;1;0;0;0;0;0
196555;3.70;1.01;105.00;4471.00;12.00;82.50;36.00;18.83;28.25;14.02;0;0;2.58;76868.00;105.00;106.00;48.00;4500.00;937.94;566.40;6.00;1;0;1;0;0;1;0;0;0;0;0;1;1;0;0;0;0;0
197889;2.94;0.97;106.00;4481.00;12.00;83.25;40.50;13.73;23.95;14.02;278.36;280.20;2.58;76868.00;105.00;106.00;47.00;4459.00;937.79;429.68;6.00;1;0;1;0;0;1;0;0;0;0;0;1;1;0;0;0;0;0
199296;2.44;0.94;105.00;4404.00;12.00;82.50;42.75;10.59;21.22;14.02;34.88;30.35;2.58;76868.00;104.00;105.00;48.00;4466.20;937.63;683.59;6.00;1;0;1;0;0;1;0;0;0;0;0;1;1;0;0;0;0;0
200709;3.84;0.97;103.00;4418.00;12.00;82.50;33.00;21.57;31.16;14.02;4.39;1.91;2.58;76868.00;102.00;104.00;48.00;4560.20;937.55;859.36;6.00;1;0;1;0;0;1;0;0;0;0;0;1;1;0;0;0;0;0
202115;4.03;0.99;103.00;4413.00;12.00;82.50;33.00;21.57;31.21;14.02;0.16;0;2.58;76868.00;102.00;104.00;48.00;4549.20;937.55;624.99;6.00;1;0;1;0;0;1;0;0;0;0;0;1;1;0;0;0;0;0
203551;5.01;1.05;105.00;4411.00;12.00;82.50;28.50;26.67;36.06;14.02;3.52;0;2.58;76868.00;102.00;105.00;48.00;4509.60;937.51;644.52;6.00;1;0;1;0;0;1;0;0;0;0;0;1;1;0;0;0;0;0
204898;5.93;1.00;107.00;4517.00;12.00;81.75;21.75;38.04;42.24;14.02;1.78;0.14;2.58;76868.00;106.00;107.00;48.00;4548.00;937.55;58.59;6.00;1;0;1;0;0;1;0;0;0;0;0;1;1;0;0;0;0;0
206259;4.53;1.00;107.00;4529.00;12.00;81.75;30.75;26.28;34.42;14.02;1.56;1.35;2.58;76868.00;106.00;108.00;48.00;4509.80;937.24;507.81;6.00;1;0;1;0;0;1;0;0;0;0;0;1;1;0;0;0;0;0
207626;4.76;1.08;107.00;4569.00;12.00;81.75;31.50;25.89;33.58;14.02;0.35;0.25;2.58;76869.00;105.00;107.00;48.00;4516.60;936.81;97.66;6.00;1;0;1;0;0;1;0;0;0;0;0;1;1;0;0;0;0;0
208910;4.96;1.05;108.00;4591.00;12.00;81.75;30.00;28.24;35.53;14.02;0.88;0;2.58;76869.00;106.00;109.00;48.00;4510.40;936.61;253.90;6.00;1;0;1;0;0;1;0;0;0;0;0;1;1;0;0;0;0;0
210437;4.76;1.08;108.00;4630.00;12.00;81.75;31.50;26.28;33.55;14.02;1.97;1.02;2.58;76869.00;107.00;109.00;48.00;4519.60;936.38;742.18;6.00;1;0;1;0;0;1;0;0;0;0;0;1;1;0;0;0;0;0
211757;4.04;1.02;108.00;4628.00;12.00;81.75;34.50;21.96;30.09;14.02;2.42;1.02;2.58;76869.00;108.00;109.00;48.00;4510.60;936.26;800.77;6.00;1;0;1;0;0;1;0;0;0;0;0;1;1;0;0;0;0;0
213106;3.87;1.06;108.00;4576.00;12.00;81.75;36.75;19.22;28.08;14.02;0.35;0.12;2.58;76869.00;106.00;109.00;48.00;4495.00;935.99;781.24;6.00;1;0;1;0;0;1;0;0;0;0;0;1;1;0;0;0;0;0
214618;3.70;1.02;107.00;4569.00;12.00;81.75;36.75;18.83;27.78;13.92;0;0;2.82;76869.00;107.00;108.00;48.00;4507.00;935.79;703.12;6.00;1;0;1;0;0;1;0;0;0;0;0;1;1;0;0;0;0;0
216017;4.18;1.07;107.00;4555.00;12.00;81.75;34.50;21.57;29.97;14.02;0.68;0.35;2.58;76869.00;106.00;107.00;48.00;4515.20;935.48;722.65;6.00;1;0;1;0;0;1;0;0;0;0;0;1;1;0;0;0;0;0
217433;3.62;1.00;106.00;4504.00;12.00;81.75;36.00;18.43;27.83;14.02;1.87;1.54;2.58;76869.00;105.00;107.00;48.00;4496.20;935.29;742.18;6.00;1;0;1;0;0;1;0;0;0;0;0;1;1;0;0;0;0;0
218704;2.86;1.00;105.00;4486.00;12.00;81.75;41.25;12.16;22.57;14.02;0.88;0.35;2.58;76869.00;104.00;106.00;48.00;4453.80;935.01;820.30;6.00;1;0;1;0;0;1;0;0;0;0;0;1;1;0;0;0;0;0
220158;3.48;0.98;103.00;4404.00;12.00;81.75;36.75;17.26;27.30;14.11;0.39;0.02;2.58;76869.00;102.00;104.00;48.00;4560.60;934.97;781.24;6.00;1;0;1;0;0;1;0;0;0;0;0;1;1;0;0;0;0;0
221519;4.18;1.05;103.00;4398.00;12.00;81.75;33.00;21.18;30.86;14.02;0.70;0;2.58;76869.00;103.00;104.00;48.00;4503.60;935.01;722.65;6.00;1;0;1;0;0;1;0;0;0;0;0;1;1;0;0;0;0;0
222892;4.19;0.96;103.00;4390.00;12.00;81.75;32.25;22.36;31.77;14.02;1.80;1.97;2.58;76869.00;102.00;104.00;48.00;4547.60;934.97;703.12;6.00;1;0;1;0;0;1;0;0;0;0;0;1;1;0;0;0;0;0
224290;4.57;1.00;103.00;4414.00;12.00;81.75;30.00;25.10;34.09;14.02;0;1.43;2.58;76869.00;103.00;104.00;48.00;4548.00;934.82;781.24;6.00;1;0;1;0;0;1;0;0;0;0;0;1;1;0;0;0;0;0
225744;4.50;1.00;103.00;4430.00;12.00;81.75;30.00;25.10;34.26;14.02;0;0;2.58;76869.00;102.00;104.00;48.00;4513.40;934.35;605.46;6.00;1;0;1;0;0;1;0;0;0;0;0;1;1;0;0;0;0;0
227020;4.00;0.96;105.00;4426.00;12.00;81.75;32.25;22.36;31.78;14.02;0;1.05;2.58;76869.00;104.00;105.00;48.00;4511.60;934.19;117.19;6.00;1;0;1;0;0;1;0;0;0;0;0;1;1;0;0;0;0;0
228371;4.88;1.02;106.00;4479.00;12.00;81.75;28.50;27.85;36.20;14.11;2.21;0.57;2.58;76869.00;104.00;106.00;48.00;4526.00;934.11;58.59;6.00;1;0;1;0;0;1;0;0;0;0;0;1;1;0;0;0;0;0
229775;4.43;1.00;107.00;4574.00;12.00;81.75;30.75;26.28;34.02;14.02;0.68;2.21;2.58;76869.00;106.00;107.00;48.00;4508.00;934.00;429.68;6.00;1;0;1;0;0;1;0;0;0;0;0;1;1;0;0;0;0;0
231325;3.93;1.04;107.00;4545.00;12.00;81.75;35.25;20.79;29.49;14.11;0;0;2.58;76869.00;106.00;107.00;48.00;4499.40;933.76;781.24;6.00;1;0;1;0;0;1;0;0;0;0;0;1;1;0;0;0;0;0
232723;4.65;1.07;107.00;4550.00;12.00;81.75;32.25;25.10;33.16;14.02;1.97;1.45;2.58;76869.00;106.00;107.00;48.00;4528.00;933.64;820.30;6.00;1;0;1;0;0;1;0;0;0;0;0;1;1;0;0;0;0;0
234171;4.64;1.02;108.00;4592.00;12.00;81.75;30.75;26.67;34.25;14.02;2.91;1.31;2.58;76869.00;106.00;108.00;48.00;4529.40;933.37;820.30;6.00;1;0;1;0;0;1;0;0;0;0;0;1;1;0;0;0;0;0
235618;2.42;0.96;107.00;4535.00;11.25;81.75;44.25;9.81;20.13;13.92;0.59;1.07;2.82;76869.00;106.00;108.00;48.00;4409.40;932.98;859.36;6.00;1;0;1;0;0;1;0;0;0;0;0;1;1;0;0;0;0;0
236955;1.27;0.93;103.00;4373.00;12.00;81.75;48.00;4.71;11.04;14.02;1.97;0.04;2.58;76869.00;102.00;103.00;48.00;4475.40;932.94;839.83;6.00;1;0;1;0;0;1;0;0;0;0;0;1;1;0;0;0;0;0
238326;1.90;0.86;100.00;4261.00;12.00;81.75;45.00;7.84;17.64;14.02;0;0.98;2.58;76869.00;100.00;100.00;48.00;4497.60;932.90;878.90;6.00;1;0;1;0;0;1;0;0;0;0;0;1;1;0;0;0;0;0
239734;2.37;0.87;102.00;4334.00;12.00;82.50;41.25;10.98;21.61;14.11;1.05;1.27;2.58;76869.00;100.00;103.00;48.00;4509.40;932.86;136.72;6.00;1;0;1;0;0;1;0;0;0;0;0;1;1;0;0;0;0;0
241191;2.68;0.89;102.00;4355.00;12.00;81.75;39.75;12.94;23.65;14.02;1.80;2.25;2.58;76869.00;101.00;103.00;48.00;4555.60;932.79;742.18;6.00;0;0;1;0;0;1;0;0;0;0;0;1;1;0;0;0;0;0
242516;4.19;1.04;105.00;4407.00;12.00;81.75;33.00;21.57;31.25;14.02;0.35;1.45;2.58;76870.00;103.00;105.00;48.00;4569.20;932.75;429.68;6.00;1;0;1;0;0;1;0;0;0;0;0;1;1;0;0;0;0;0
243867;3.63;1.04;108.00;4575.00;12.00;81.75;37.50;18.43;27.32;14.02;0.78;0;2.58;76870.00;107.00;108.00;48.00;4517.00;932.63;722.65;6.00;1;0;1;0;0;1;0;0;0;0;0;1;1;0;0;0;0;0
245269;2.42;0.92;110.00;4631.00;12.00;81.75;44.25;10.98;20.68;14.02;1.62;0;2.58;76870.00;108.00;110.00;48.00;4469.20;932.63;195.31;6.00;1;0;1;0;0;1;0;0;0;0;0;1;1;0;0;0;0;0
246667;2.22;0.91;110.00;4674.00;12.00;81.75;45.00;9.81;19.35;14.11;0.41;2.40;2.58;76870.00;110.00;110.00;48.00;4508.00;932.90;97.66;6.00;1;0;1;0;0;1;0;0;0;0;0;1;1;0;0;0;0;0
248018;1.34;1.00;110.00;4691.00;12.00;81.75;48.75;5.10;10.76;14.02;0;0.33;2.58;76870.00;110.00;110.00;48.00;4437.20;933.22;917.96;6.00;1;0;1;0;0;1;0;0;0;0;0;1;1;0;0;0;0;0
249503;0.84;0.97;105.00;4441.00;12.00;81.75;48.00;2.35;6.83;13.92;1.97;0;2.82;76870.00;105.00;105.00;48.00;4481.40;933.49;878.90;6.00;1;0;1;0;0;1;0;0;0;0;0;1;1;0;0;0;0;0
250888;0.92;0.93;101.00;4314.00;12.00;81.75;47.25;2.75;7.63;14.11;0;0.96;2.58;76870.00;102.00;102.00;48.00;4528.00;933.68;859.36;6.00;1;0;1;0;0;1;0;0;0;0;0;1;1;0;0;0;0;0
252249;0.63;0.89;97.00;4104.00;12.00;81.75;46.50;1.57;5.86;14.11;0;0.16;2.58;76870.00;97.00;97.00;48.00;4523.60;933.72;722.65;6.00;1;0;1;0;0;1;0;0;0;0;0;1;1;0;0;0;0;0
253630;0.51;1.00;92.00;3902.00;12.00;81.75;-30.00;0;0;14.11;0.70;0.16;2.58;76870.00;92.00;93.00;48.00;4502.20;934.19;0;6.00;1;0;1;0;0;1;0;0;0;0;0;1;1;0;0;0;0;0
255029;0.55;1.00;80.00;3418.00;12.00;81.00;-30.00;0;0;14.11;0;5.12;2.58;76870.00;80.00;80.00;48.00;4490.40;934.47;0;6.00;1;0;1;1;0;1;0;0;0;0;0;1;1;0;0;1;0;0
256416;1.27;1.00;58.00;1427.00;12.00;81.00;14.25;0;12.23;14.21;7.87;14.75;2.58;76870.00;58.00;58.00;62.00;4380.60;934.58;605.46;6.00;1;0;1;0;0;1;0;0;1;0;0;1;1;0;0;0;0;0
257946;4.21;1.00;58.00;2635.00;12.00;81.00;24.00;17.65;31.40;14.02;5.53;6.95;2.58;76870.00;58.00;59.00;48.00;4441.00;934.78;722.65;6.00;1;0;1;0;0;1;0;0;0;0;0;1;1;0;0;0;0;0
259404;2.59;0.95;65.00;2995.00;12.00;81.00;32.25;9.81;22.35;14.02;0.59;1.11;2.58;76870.00;65.00;65.00;48.00;4518.40;935.36;722.65;5.00;1;0;1;0;0;1;0;0;0;0;0;1;1;0;0;0;0;0
260863;1.64;1.00;67.00;3519.00;12.00;81.00;33.75;4.71;12.46;14.11;0;1.11;2.58;76870.00;68.00;68.00;48.00;4220.60;935.68;898.43;4.00;1;0;1;0;0;1;0;0;0;0;0;1;1;0;0;0;0;0
262224;3.03;0.92;70.00;3614.00;12.00;81.75;37.50;10.59;22.21;14.11;0;1.76;2.58;76870.00;69.00;70.00;48.00;4457.80;935.79;878.90;4.00;1;0;1;0;0;1;0;0;0;0;0;1;1;0;0;0;0;0
263655;7.51;1.00;73.00;3426.00;12.00;81.75;16.50;33.73;39.50;14.11;0;0.88;2.58;76870.00;73.00;74.00;48.00;4548.40;935.83;859.36;5.00;1;0;1;0;0;1;0;0;0;0;0;1;1;0;0;0;0;0
264979;5.58;0.97;87.00;4005.00;12.00;81.75;15.00;35.30;45.78;14.11;1.37;0;2.58;76870.00;84.00;87.00;48.00;4538.80;935.87;878.90;5.00;1;0;1;0;0;1;0;0;0;0;0;1;1;0;0;0;0;0
266385;1.74;1.00;87.00;3683.00;12.00;81.75;41.25;7.45;18.39;14.02;0;0;2.58;76870.00;86.00;88.00;48.00;4415.00;935.83;898.43;6.00;1;0;1;0;0;1;0;0;0;0;0;1;1;0;0;0;0;0
267751;0.44;1.00;87.00;3500.00;12.00;82.50;40.50;0;8.61;14.02;1.02;0;2.58;76870.00;87.00;86.00;48.00;4625.80;935.87;19.53;6.00;1;0;1;0;0;1;0;0;0;0;0;1;1;0;0;0;0;0
269075;0.53;1.00;82.00;3436.00;12.00;82.50;-30.00;0;0;14.11;0;5.16;2.58;76870.00;82.00;82.00;48.00;4650.60;935.87;0;6.00;1;0;1;0;0;1;0;0;0;0;0;1;1;0;0;0;0;0
270501;1.10;1.00;76.00;3244.00;12.00;82.50;28.50;2.35;7.95;14.02;1.43;0.62;2.58;76870.00;77.00;76.00;48.00;4244.20;935.87;19.53;6.00;1;0;1;0;0;1;0;0;0;0;0;1;1;0;0;0;0;0
271862;3.14;0.98;76.00;3251.00;12.00;82.50;21.75;10.59;21.40;14.11;0.02;0;2.58;76870.00;75.00;76.00;48.00;4351.40;935.95;839.83;6.00;1;0;1;0;0;1;0;0;0;0;0;1;1;0;0;0;0;0
273384;6.86;1.00;86.00;3668.00;12.00;83.25;18.00;61.97;48.66;14.02;241.31;163.86;2.58;76870.00;84.00;86.00;47.00;4583.40;936.38;839.83;6.00;1;0;1;0;0;1;0;0;0;0;0;1;1;0;0;0;0;0
274846;2.13;1.00;96.00;4088.00;12.00;83.25;41.25;10.20;21.51;14.02;312.97;275.22;2.58;76870.00;96.00;97.00;47.00;4464.40;936.73;722.65;6.00;1;0;1;0;0;1;0;0;0;0;0;1;1;0;0;0;0;0
276299;0.50;1.00;92.00;3908.00;12.00;83.25;-30.00;0;0;14.02;353.73;196.22;2.58;76870.00;93.00;93.00;47.00;4490.40;936.89;0;6.00;1;0;1;0;0;1;0;0;0;0;0;0;1;0;0;0;0;0
277695;0.52;1.00;88.00;3763.00;12.00;83.25;-30.00;0.39;0;14.02;202.94;214.13;2.58;76870.00;89.00;89.00;47.00;4264.20;937.00;19.53;6.00;1;0;1;0;0;1;0;0;0;0;0;1;1;0;0;0;0;0
279036;1.57;0.98;88.00;3716.00;12.00;82.50;42.75;4.71;12.49;14.11;28.42;38.88;2.58;76870.00;88.00;88.00;48.00;4480.80;937.04;820.30;6.00;1;0;1;0;0;1;0;0;0;0;0;1;1;0;0;0;0;0
280549;0.92;1.00;86.00;3603.00;12.00;82.50;39.75;1.96;7.01;14.11;3.83;9.34;2.58;76870.00;86.00;86.00;48.00;4296.00;937.43;898.43;6.00;1;0;1;0;0;1;0;0;0;0;0;1;1;0;0;0;0;0
281994;2.54;0.95;87.00;3732.00;12.00;82.50;41.25;9.41;18.78;14.11;2.17;0.70;2.58;76870.00;88.00;88.00;48.00;4500.60;937.90;898.43;6.00;1;0;1;0;0;1;0;0;0;0;0;1;1;0;0;0;0;0
283474;2.26;0.98;95.00;3996.00;12.00;81.75;42.75;8.24;19.26;14.11;1.09;0.94;2.58;76871.00;94.00;95.00;48.00;4487.80;938.22;898.43;6.00;1;0;1;0;0;1;0;0;0;0;0;1;1;0;0;0;0;0
284935;2.00;0.98;97.00;4112.00;12.00;81.75;44.25;6.67;16.92;14.02;0;1.50;2.58;76871.00;96.00;97.00;48.00;4550.40;938.72;937.49;6.00;1;0;1;0;0;1;0;0;0;0;0;1;1;0;0;0;0;0
286339;1.94;1.00;96.00;4181.00;12.00;81.75;33.00;5.88;12.13;14.02;2.52;0.80;2.58;76871.00;96.00;96.00;48.00;4244.80;939.15;917.96;6.00;1;0;1;0;0;1;0;0;0;0;0;1;1;0;0;0;0;0
287692;4.60;0.99;105.00;4423.00;12.00;81.75;27.00;28.24;37.72;14.11;3.36;0.57;2.58;76871.00;103.00;105.00;48.00;4573.40;939.47;488.28;6.00;1;0;1;0;0;1;0;0;0;0;0;1;1;0;0;0;0;0
289121;0.50;1.00;106.00;4507.00;12.00;81.00;-30.00;0;0;14.02;0;1.60;2.58;76871.00;107.00;107.00;48.00;4383.60;939.89;0;6.00;1;0;1;0;0;1;0;0;0;0;0;1;1;0;0;0;0;0
290556;0.51;1.00;93.00;3962.00;12.00;81.00;-30.00;0;0;14.02;1.11;0;2.58;76871.00;94.00;93.00;48.00;4399.80;940.21;0;6.00;1;0;1;0;0;1;0;0;0;0;0;1;1;0;0;0;0;0
291812;1.38;0.99;92.00;3907.00;12.00;81.00;24.00;3.92;8.30;14.11;2.09;2.05;2.58;76871.00;92.00;93.00;48.00;4387.00;940.56;898.43;6.00;1;0;1;0;0;1;0;0;0;0;0;1;1;0;0;0;0;0
293298;0.48;1.00;91.00;3856.00;12.00;81.00;41.25;0;4.35;14.11;1.35;2.52;2.58;76871.00;91.00;91.00;48.00;4543.80;940.87;78.12;6.00;1;0;1;0;0;1;0;0;0;0;0;1;1;0;0;0;0;0
294711;0.54;1.00;78.00;3343.00;12.00;81.00;-30.00;0;0;14.11;0.68;0.59;2.58;76871.00;79.00;79.00;48.00;4551.20;941.38;0;6.00;1;0;1;0;0;1;0;0;0;0;0;1;1;0;0;0;0;0
296120;1.53;1.00;65.00;2744.00;12.00;81.00;27.00;2.75;7.62;13.92;0;0;2.82;76871.00;64.00;65.00;48.00;4381.40;941.81;19.53;6.00;1;0;1;0;0;1;0;0;0;0;0;1;1;0;0;0;0;0
297507;0.67;1.00;61.00;2825.00;12.00;81.00;-30.00;0;0;14.11;0;1.46;2.58;76871.00;61.00;61.00;48.00;4248.20;942.43;0;5.00;1;0;1;0;0;1;0;0;0;0;0;1;1;0;0;0;0;0
298954;0.87;1.00;58.00;2683.00;12.00;81.00;-30.00;0.39;0;14.11;1.91;0.12;2.58;76871.00;58.00;58.00;48.00;4227.20;942.98;917.96;5.00;1;0;1;0;0;1;0;0;0;0;0;1;1;0;0;0;0;0
300371;1.84;0.95;62.00;2866.00;12.00;81.00;32.25;5.10;15.65;14.11;1.07;0.53;2.58;76871.00;61.00;62.00;48.00;4452.80;943.18;898.43;5.00;1;0;1;0;0;1;0;0;0;0;0;1;1;0;0;0;0;0
301798;4.99;1.00;70.00;3211.00;12.00;81.00;23.25;23.53;33.76;14.11;0;0;2.58;76871.00;66.00;70.00;48.00;4538.80;943.25;39.06;5.00;1;0;1;0;0;1;0;0;0;0;0;1;1;0;0;0;0;0
303213;6.26;1.00;81.00;3744.00;12.00;81.00;15.00;39.61;43.89;14.02;0.31;0.20;2.58;76871.00;79.00;81.00;48.00;4577.40;943.45;761.71;5.00;1;0;1;0;0;1;0;0;0;0;0;1;1;0;0;0;0;0
304665;5.89;0.95;93.00;4309.00;12.00;81.00;18.75;39.22;44.46;14.02;3.16;2.05;2.58;76871.00;92.00;94.00;48.00;4578.80;943.92;78.12;5.00;1;0;1;0;0;1;0;0;0;0;0;1;1;0;0;0;0;0
305946;4.16;1.00;102.00;4360.00;12.00;81.00;33.75;20.39;30.59;14.02;2.09;0;2.58;76871.00;102.00;103.00;48.00;4521.60;943.88;273.43;6.00;1;0;1;0;0;1;0;0;0;0;0;1;1;0;0;0;0;0
307436;4.15;1.11;108.00;4566.00;12.00;81.00;35.25;20.00;29.21;14.02;0;0;2.58;76871.00;107.00;109.00;48.00;4526.80;944.11;820.30;6.00;1;0;1;0;0;1;0;0;0;0;0;1;1;0;0;0;0;0
308834;2.59;0.95;111.00;4700.00;12.00;81.75;43.50;11.37;21.21;14.11;0.45;1.23;2.58;76871.00;111.00;111.00;48.00;4508.40;944.27;722.65;6.00;1;0;1;0;0;1;0;0;0;0;0;1;1;0;0;0;0;0
310284;1.08;0.98;108.00;4617.00;12.00;81.75;48.75;3.53;8.73;14.02;1.93;0.62;2.58;76871.00;109.00;109.00;48.00;4513.80;944.58;917.96;6.00;1;0;1;0;0;1;0;0;0;0;0;1;1;0;0;0;0;0
311692;0.94;1.00;105.00;4403.00;12.00;81.75;48.00;0.39;4.57;14.11;1.27;2.05;2.58;76871.00;105.00;105.00;48.00;4261.40;944.86;839.83;6.00;1;0;1;0;0;1;0;0;0;0;0;1;1;0;0;0;0;0
313021;0.57;0.99;101.00;4237.00;12.00;82.50;47.25;0.78;4.84;14.11;0;1.35;2.58;76871.00;100.00;101.00;48.00;4514.00;944.97;839.83;6.00;1;0;1;0;0;1;0;0;0;0;0;1;1;0;0;0;0;0
314438;0.50;1.00;96.00;4040.00;12.00;82.50;-30.00;0;0;14.11;1.66;1.39;2.58;76871.00;96.00;96.00;48.00;4552.20;945.36;0;6.00;1;0;1;0;0;1;0;0;0;0;0;1;1;0;0;0;0;0
315873;0.86;1.00;93.00;3955.00;12.00;82.50;45.75;1.96;6.68;14.02;3.26;0.25;2.58;76871.00;93.00;93.00;48.00;4324.00;945.60;917.96;6.00;1;0;1;0;0;1;0;0;0;0;0;1;1;0;0;0;0;0
317339;1.16;0.97;92.00;3919.00;12.00;81.75;45.00;3.53;9.44;14.11;1.97;3.34;2.58;76871.00;91.00;92.00;48.00;4490.00;945.99;898.43;6.00;1;0;1;0;0;1;0;0;0;0;0;1;1;0;0;0;0;0
318699;2.04;0.94;92.00;3896.00;12.00;81.75;43.50;7.06;17.46;13.92;0.04;0.20;2.82;76871.00;91.00;92.00;48.00;4513.00;946.54;839.83;6.00;1;0;1;0;0;1;0;0;0;0;0;1;1;0;0;0;0;0
320094;2.34;0.84;93.00;3988.00;12.00;81.75;39.75;10.59;21.95;14.02;2.60;0.72;2.58;76871.00;92.00;94.00;48.00;4535.20;946.85;742.18;6.00;1;0;1;0;0;1;0;0;0;0;0;1;1;0;0;0;0;0
321479;2.92;0.89;97.00;4125.00;12.00;81.75;36.75;14.12;25.78;14.11;2.52;1.07;2.58;76871.00;95.00;98.00;48.00;4536.40;946.93;898.43;6.00;1;0;1;0;0;1;0;0;0;0;0;1;1;0;0;0;0;0
322837;5.94;1.00;103.00;4385.00;12.00;81.75;21.00;35.69;42.11;14.11;2.15;3.71;2.58;76872.00;100.00;103.00;48.00;4609.00;947.04;117.19;6.00;1;0;1;0;0;1;0;0;0;0;0;1;1;0;0;0;0;0
324278;6.06;1.00;108.00;4582.00;12.00;81.75;22.50;37.65;42.54;14.11;0.18;0.06;2.58;76872.00;107.00;109.00;48.00;4564.60;947.28;39.06;6.00;1;0;1;0;0;1;0;0;0;0;0;1;1;0;0;0;0;0
325627;3.31;1.00;113.00;4839.00;12.00;81.75;38.25;18.43;26.52;14.02;0;0;2.58;76872.00;112.00;114.00;48.00;4460.20;947.32;234.37;6.00;1;0;1;0;0;1;0;0;0;0;0;1;1;0;0;0;0;0
327033;2.06;0.95;116.00;4885.00;12.00;81.75;47.25;8.63;17.50;14.11;2.85;0.47;2.58;76872.00;114.00;116.00;48.00;4464.80;947.86;859.36;6.00;1;0;1;0;0;1;0;0;0;0;0;1;1;0;0;0;0;0
328365;1.46;0.93;113.00;4849.00;12.00;81.75;48.75;5.88;12.37;13.92;0;0.66;2.82;76872.00;113.00;114.00;48.00;4493.20;948.14;859.36;6.00;1;0;1;0;0;1;0;0;0;0;0;1;1;0;0;0;0;0
329721;1.04;0.90;112.00;4708.00;12.00;81.75;48.75;3.92;9.16;14.02;1.91;0;2.58;76872.00;111.00;113.00;48.00;4521.20;948.18;878.90;6.00;1;0;1;0;0;1;0;0;0;0;0;1;1;0;0;0;0;0
330998;0.47;0.87;108.00;4592.00;12.00;81.75;48.75;0.39;4.58;13.92;0;0.25;2.82;76872.00;109.00;109.00;48.00;4508.20;948.72;19.53;6.00;1;0;1;0;0;1;0;0;0;0;0;1;1;0;0;0;0;0
332420;1.05;1.00;105.00;4420.00;12.00;81.75;40.50;3.14;7.53;14.11;2.15;1.41;2.58;76872.00;104.00;105.00;48.00;4245.60;949.27;898.43;6.00;1;0;1;0;0;1;0;0;0;0;0;1;1;0;0;0;0;0
333855;1.22;0.98;105.00;4403.00;12.00;81.00;48.00;3.92;10.00;14.11;1.39;0.76;2.58;76872.00;104.00;105.00;48.00;4495.00;949.62;917.96;6.00;1;0;1;0;0;1;0;0;0;0;0;1;1;0;0;0;0;0
335260;3.38;0.99;106.00;4522.00;12.00;81.00;37.50;16.47;26.37;14.11;1.76;1.00;2.58;76872.00;105.00;107.00;48.00;4635.20;950.09;136.72;6.00;1;0;1;0;0;1;0;0;0;0;0;1;1;0;0;0;0;0
336711;4.78;1.11;110.00;4657.00;12.00;81.00;32.25;25.10;32.69;13.92;0;0.10;2.82;76872.00;107.00;110.00;48.00;4532.00;950.52;878.90;6.00;1;0;1;0;0;1;0;0;0;0;0;1;1;0;0;0;0;0
338048;4.51;1.12;112.00;4778.00;12.00;81.00;34.50;23.53;30.62;14.02;0.18;2.27;2.58;76872.00;111.00;113.00;48.00;4487.80;950.79;585.93;6.00;1;0;1;0;0;1;0;0;0;0;0;1;1;0;0;0;0;0
339410;3.45;1.06;116.00;4897.00;12.00;81.00;39.75;17.65;25.27;13.92;0;3.18;2.82;76872.00;114.00;116.00;48.00;4482.60;951.07;507.81;6.00;1;0;1;0;0;1;0;0;0;0;0;1;1;0;0;0;0;0
340840;2.61;0.96;117.00;4982.00;12.00;81.00;44.25;11.77;20.88;14.02;0.14;0.66;2.58;76872.00;116.00;117.00;48.00;4526.40;951.34;39.06;6.00;1;0;1;0;0;1;0;0;0;0;0;1;1;0;0;0;0;0
342176;2.75;1.05;118.00;5055.00;12.00;81.00;45.75;11.37;20.37;14.11;0;0;2.58;76872.00;118.00;119.00;48.00;4502.40;951.69;683.59;6.00;1;0;1;0;0;1;0;0;0;0;0;1;1;0;0;0;0;0
343611;2.44;1.02;118.00;5042.00;12.00;81.00;47.25;9.81;18.80;14.02;1.56;0.27;2.58;76872.00;118.00;119.00;48.00;4500.80;951.97;781.24;6.00;1;0;1;0;0;1;0;0;0;0;0;1;1;0;0;0;0;0
344896;1.93;0.98;117.00;4971.00;12.00;81.00;48.00;7.45;15.72;14.11;0.92;2.54;2.58;76872.00;117.00;118.00;48.00;4483.60;952.20;878.90;6.00;1;0;1;0;0;1;0;0;0;0;0;1;1;0;0;0;0;0
346321;1.33;0.95;113.00;4839.00;12.00;81.00;48.75;5.49;11.05;14.02;2.95;0.70;2.58;76872.00;114.00;114.00;48.00;4496.20;952.55;859.36;6.00;1;0;1;0;0;1;0;0;0;0;0;1;1;0;0;0;0;0
347736;1.79;0.92;111.00;4750.00;12.00;81.00;47.25;7.45;15.66;14.11;0;0;2.58;76872.00;111.00;112.00;48.00;4505.60;952.94;859.36;6.00;1;0;1;0;0;1;0;0;0;0;0;1;1;0;0;0;0;0
349075;1.10;0.98;107.00;4543.00;12.00;81.00;48.75;3.53;8.93;14.11;0.45;1.02;2.58;76872.00;107.00;107.00;48.00;4487.40;953.25;898.43;6.00;1;0;1;0;0;1;0;0;0;0;0;1;1;0;0;0;0;0
350532;2.33;0.88;105.00;4466.00;12.00;81.00;42.75;10.20;20.79;14.02;0;1.74;2.58;76872.00;104.00;105.00;48.00;4553.40;953.53;97.66;6.00;1;0;1;0;0;1;0;0;0;0;0;1;1;0;0;0;0;0
352037;0.50;1.00;105.00;4442.00;12.00;81.00;42.00;0;4.16;14.11;1.60;2.40;2.58;76872.00;104.00;105.00;48.00;4452.60;953.88;742.18;6.00;1;0;1;0;0;1;0;0;0;0;0;1;1;0;0;0;0;0
353420;0.51;1.00;92.00;3935.00;12.00;81.00;-30.00;0;0;14.11;0;1.70;2.58;76872.00;92.00;92.00;48.00;4488.00;954.19;0;6.00;1;0;1;0;0;1;0;0;0;0;0;1;1;0;0;0;0;0
354840;0.55;1.00;76.00;3507.00;12.00;81.00;-30.00;0;0;14.11;0;1.60;2.58;76873.00;77.00;77.00;48.00;4339.80;954.31;0;5.00;1;0;1;0;0;1;0;0;0;0;0;1;1;0;0;0;0;0
356204;0.58;1.00;67.00;3427.00;12.75;81.75;-30.00;0;0;14.11;0;3.93;2.58;76873.00;68.00;66.00;48.00;4205.40;954.93;878.90;4.00;1;0;1;0;0;1;0;0;0;0;0;1;1;0;0;0;0;0
357624;2.35;0.96;70.00;3657.00;12.75;81.75;29.25;7.45;17.87;14.11;0.31;2.15;2.58;76873.00;69.00;70.00;48.00;4451.80;955.32;859.36;4.00;1;0;1;0;0;1;0;0;0;0;0;1;1;0;0;0;0;0
358928;1.44;0.99;73.00;3842.00;12.75;81.75;44.25;4.31;10.81;14.11;0.64;0.39;2.58;76873.00;72.00;73.00;48.00;4497.60;955.52;898.43;4.00;1;0;1;0;0;1;0;0;0;0;0;1;1;0;0;0;0;0
360393;4.54;1.00;77.00;4067.00;12.75;81.75;30.75;21.18;33.17;14.11;1.43;0;2.58;76873.00;76.00;78.00;48.00;4610.20;956.03;917.96;4.00;1;0;1;0;0;1;0;0;0;0;0;1;1;0;0;0;0;0
361820;0.27;1.00;80.00;3763.00;12.75;81.75;-0.75;0;0;14.11;0.51;0.57;2.58;76873.00;80.00;80.00;48.00;4261.80;956.54;898.43;4.00;1;0;1;0;0;1;0;0;0;0;0;1;1;0;0;0;0;0
363152;0.56;1.00;78.00;3660.00;12.75;81.75;41.25;0;6.53;14.11;0.82;0;2.58;76873.00;79.00;79.00;48.00;4514.80;956.73;800.77;5.00;1;0;1;0;0;1;0;0;0;0;0;1;1;0;0;0;0;0
364496;0.58;1.00;71.00;3296.00;12.75;81.75;-30.00;0;0;14.11;0;1.76;2.58;76873.00;71.00;72.00;48.00;4524.40;956.85;0;5.00;1;0;1;0;0;1;0;0;0;0;0;1;1;0;0;0;0;0
365972;0.73;1.00;67.00;3074.00;12.75;81.75;-30.00;0;0;14.11;0;0.06;2.58;76873.00;67.00;67.00;48.00;4333.80;957.20;19.53;5.00;1;0;1;0;0;1;0;0;0;0;0;1;1;0;0;0;0;0
367434;1.85;0.99;63.00;3011.00;12.75;81.75;33.75;3.92;12.93;14.02;0.20;0;2.58;76873.00;63.00;64.00;48.00;4440.00;957.63;898.43;5.00;1;0;1;0;0;1;0;0;0;0;0;1;1;0;0;0;0;0
368891;2.25;0.92;66.00;3065.00;12.75;81.75;34.50;7.45;19.90;14.11;0;0;2.58;76873.00;65.00;66.00;48.00;4514.80;957.94;58.59;5.00;1;0;1;0;0;1;0;0;0;0;0;1;1;0;0;0;0;0
370285;1.38;0.99;66.00;3093.00;12.75;81.75;35.25;3.53;11.43;14.11;0.84;0.29;2.58;76873.00;65.00;67.00;48.00;4508.80;958.06;820.30;5.00;1;0;1;0;0;1;0;0;0;0;0;1;1;0;0;0;0;0
371712;1.58;0.93;66.00;3052.00;12.75;81.75;34.50;4.31;13.89;14.02;0;0.45;2.58;76873.00;65.00;66.00;48.00;4486.40;958.18;878.90;5.00;1;0;1;0;0;1;0;0;0;0;0;1;1;0;0;0;0;0
372986;4.22;1.00;70.00;3241.00;12.75;81.75;27.75;17.65;29.92;14.11;1.72;0;2.58;76873.00;68.00;71.00;48.00;4524.40;958.25;859.36;5.00;1;0;1;0;0;1;0;0;0;0;0;1;1;0;0;0;0;0
374440;4.22;1.00;82.00;3811.00;12.75;82.50;26.25;23.14;35.45;13.92;4.20;0.23;2.82;76873.00;80.00;83.00;48.00;4560.60;958.61;917.96;5.00;1;0;1;0;0;1;0;0;0;0;0;1;1;0;0;0;0;0
375847;2.66;0.88;88.00;4091.00;12.75;82.50;38.25;12.16;24.13;14.11;1.52;1.07;2.58;76873.00;86.00;89.00;48.00;4537.40;958.76;410.15;5.00;1;0;1;0;0;1;0;0;0;0;0;1;1;0;0;0;0;0
377128;3.53;0.98;92.00;4269.00;12.75;82.50;36.75;15.69;27.39;14.02;1.31;1.07;2.58;76873.00;91.00;93.00;48.00;4568.60;959.07;878.90;5.00;1;0;1;0;0;1;0;0;0;0;0;1;1;0;0;0;0;0
378586;2.48;0.88;96.00;4423.00;12.75;82.50;42.00;11.37;22.27;14.02;2.01;0.66;2.58;76873.00;94.00;96.00;48.00;4560.80;959.04;78.12;5.00;1;0;1;0;0;1;0;0;0;0;0;1;1;0;0;0;0;0
379991;2.13;0.99;97.00;4125.00;12.75;82.50;33.75;7.06;15.37;14.02;2.93;0.31;2.58;76873.00;97.00;98.00;48.00;4314.20;959.27;898.43;6.00;1;0;1;0;0;1;0;0;0;0;0;1;1;0;0;0;0;0
381480;1.78;0.91;97.00;4172.00;12.75;82.50;45.00;6.67;15.63;14.11;2.27;1.05;2.58;76873.00;97.00;98.00;48.00;4496.40;959.31;917.96;6.00;1;0;1;0;0;1;0;0;0;0;0;1;1;0;0;0;0;0
382879;3.19;0.99;102.00;4353.00;12.75;82.50;37.50;14.51;25.78;14.02;0;0;2.58;76873.00;101.00;102.00;48.00;4524.60;959.47;722.65;6.00;1;0;1;0;0;1;0;0;0;0;0;1;1;0;0;0;0;0
384251;2.62;0.92;105.00;4464.00;12.75;82.50;42.00;11.37;22.33;14.02;0;1.66;2.58;76873.00;104.00;106.00;48.00;4508.80;959.78;839.83;6.00;1;0;1;0;0;1;0;0;0;0;0;1;1;0;0;0;0;0
385655;4.52;1.06;107.00;4599.00;12.75;81.75;32.25;23.92;32.80;14.02;0;1.35;2.58;76873.00;107.00;108.00;48.00;4578.20;959.90;39.06;6.00;1;0;1;0;0;1;0;0;0;0;0;1;1;0;0;0;0;0
387029;3.16;1.00;110.00;4686.00;12.75;81.75;40.50;14.90;24.54;14.11;2.25;0.80;2.58;76873.00;110.00;110.00;48.00;4469.40;960.32;859.36;6.00;1;0;1;0;0;1;0;0;0;0;0;1;1;0;0;0;0;0
388432;2.87;1.03;112.00;4756.00;12.75;81.75;43.50;11.77;21.87;14.02;0.82;0;2.58;76873.00;111.00;112.00;48.00;4495.40;960.56;859.36;6.00;1;0;1;0;0;1;0;0;0;0;0;1;1;0;0;0;0;0
389840;1.37;0.97;111.00;4700.00;12.75;81.00;48.75;5.10;11.16;13.92;1.97;0.25;2.82;76873.00;111.00;111.00;48.00;4495.00;960.79;898.43;6.00;1;0;1;0;0;1;0;0;0;0;0;1;1;0;0;0;0;0
391172;1.62;0.93;110.00;4667.00;12.75;81.00;48.00;6.28;14.00;14.11;0;0.25;2.58;76873.00;109.00;110.00;48.00;4541.40;961.03;117.19;6.00;1;0;1;0;0;1;0;0;0;0;0;1;1;0;0;0;0;0
392639;2.56;0.95;110.00;4674.00;12.75;81.00;43.50;10.98;21.29;14.11;1.43;0.55;2.58;76873.00;110.00;111.00;48.00;4563.00;961.54;234.37;6.00;1;0;1;0;0;1;0;0;0;0;0;1;1;0;0;0;0;0
394071;4.00;1.07;111.00;4727.00;12.75;81.00;36.75;19.61;28.01;14.11;0;0.08;2.58;76873.00;111.00;112.00;48.00;4544.80;962.00;781.24;6.00;1;0;1;0;0;1;0;0;0;0;0;1;1;0;0;0;0;0
395491;3.22;1.05;112.00;4773.00;13.50;81.00;41.25;14.12;23.67;14.02;0.57;0;2.58;76874.00;112.00;113.00;48.00;4482.20;962.16;136.72;6.00;1;0;1;0;0;1;0;0;0;0;0;1;1;0;0;0;0;0
396908;3.86;1.04;112.00;4772.00;13.50;81.00;36.00;20.39;28.52;14.02;0;4.84;2.58;76874.00;111.00;113.00;48.00;4516.40;962.59;781.24;6.00;1;0;1;0;0;1;0;0;0;0;0;1;1;0;0;0;0;0
398225;3.10;1.00;112.00;4772.00;13.50;81.00;40.50;14.90;24.23;14.02;0;0.35;2.58;76874.00;111.00;113.00;48.00;4505.80;962.75;234.37;6.00;1;0;1;0;0;1;0;0;0;0;0;1;1;0;0;0;0;0
399629;4.88;1.14;113.00;4787.00;13.50;81.00;33.00;25.10;31.95;14.11;0.57;0;2.58;76874.00;112.00;113.00;48.00;4516.80;962.90;742.18;6.00;1;0;1;0;0;1;0;0;0;0;0;1;1;0;0;0;0;0
400984;2.69;0.95;113.00;4766.00;13.50;81.00;42.75;12.16;22.28;14.11;0;0;2.58;76874.00;112.00;113.00;48.00;4490.60;963.02;58.59;6.00;1;0;1;0;0;1;0;0;0;0;0;1;1;0;0;0;0;0
402416;4.42;1.11;112.00;4761.00;13.50;81.00;35.25;21.18;29.33;13.92;0;0.57;2.82;76874.00;111.00;113.00;48.00;4542.40;962.98;664.05;6.00;1;0;1;0;0;1;0;0;0;0;0;1;1;0;0;0;0;0
403849;3.63;1.09;112.00;4770.00;13.50;81.00;39.00;16.86;25.50;14.02;1.19;0;2.58;76874.00;111.00;113.00;48.00;4534.00;962.98;97.66;6.00;1;0;1;0;0;1;0;0;0;0;0;1;1;0;0;0;0;0
405231;3.84;1.00;115.00;4847.00;13.50;81.00;36.00;21.57;29.01;13.92;0;0;2.82;76874.00;113.00;115.00;48.00;4526.00;963.02;97.66;6.00;1;0;1;0;0;1;0;0;0;0;0;1;1;0;0;0;0;0
406584;3.31;1.05;116.00;4929.00;13.50;81.00;40.50;16.08;24.42;13.92;0.37;1.97;2.82;76874.00;115.00;116.00;48.00;4512.60;963.10;703.12;6.00;1;0;1;0;0;1;0;0;0;0;0;1;1;0;0;0;0;0
408012;3.62;1.02;118.00;4996.00;13.50;81.75;38.25;20.39;27.45;14.02;1.23;0.59;2.58;76874.00;116.00;119.00;48.00;4516.60;963.18;97.66;6.00;1;0;1;0;0;1;0;0;0;0;0;1;1;0;0;0;0;0
409393;1.52;0.99;117.00;4970.00;13.50;81.75;49.50;5.88;12.02;14.02;0.10;1.70;2.58;76874.00;117.00;118.00;48.00;4464.60;963.18;917.96;6.00;1;0;1;0;0;1;0;0;0;0;0;1;1;0;0;0;0;0
410823;0.80;0.97;112.00;4780.00;13.50;81.75;48.75;2.35;6.47;13.92;0;1.05;2.82;76874.00;113.00;113.00;48.00;4486.20;963.33;859.36;6.00;1;0;1;0;0;1;0;0;0;0;0;1;1;0;0;0;0;0
412155;1.26;0.92;110.00;4695.00;13.50;81.75;48.75;5.10;11.07;14.02;0;0;2.58;76874.00;110.00;111.00;48.00;4507.80;963.68;878.90;6.00;1;0;1;0;0;1;0;0;0;0;0;1;1;0;0;0;0;0
413654;1.19;0.88;108.00;4613.00;13.50;81.75;48.75;4.71;10.81;14.11;2.54;1.02;2.58;76874.00;107.00;108.00;48.00;4517.00;963.96;292.97;6.00;1;0;1;0;0;1;0;0;0;0;0;1;1;0;0;0;0;0
415120;2.19;0.97;108.00;4575.00;13.50;81.75;46.50;8.24;18.22;14.02;1.50;0.12;2.58;76874.00;107.00;108.00;48.00;4547.80;964.43;800.77;6.00;1;0;1;0;0;1;0;0;0;0;0;1;1;0;0;0;0;0
416518;2.41;0.96;108.00;4612.00;13.50;81.75;45.00;9.02;19.66;14.11;2.68;0.20;2.58;76874.00;108.00;109.00;48.00;4520.20;964.58;742.18;6.00;1;0;1;0;0;1;0;0;0;0;0;1;1;0;0;0;0;0
417925;2.78;0.96;110.00;4685.00;13.50;81.75;42.75;11.77;22.24;14.11;1.97;0;2.58;76874.00;109.00;110.00;48.00;4549.60;964.82;136.72;6.00;1;0;1;0;0;1;0;0;0;0;0;1;1;0;0;0;0;0
419326;2.93;1.03;112.00;4763.00;13.50;81.75;42.75;11.77;22.12;14.02;2.27;0.10;2.58;76874.00;111.00;112.00;48.00;4506.40;965.21;156.25;6.00;1;0;1;0;0;1;0;0;0;0;0;1;1;0;0;0;0;0
420728;2.89;1.01;115.00;4838.00;13.50;81.75;42.75;12.16;22.28;14.02;0;0;2.58;76874.00;114.00;115.00;48.00;4515.80;965.44;761.71;6.00;1;0;1;0;0;1;0;0;0;0;0;1;1;0;0;0;0;0
422050;2.86;1.02;116.00;4909.00;13.50;81.75;43.50;12.16;21.87;14.11;0.96;3.55;2.58;76874.00;114.00;116.00;48.00;4507.40;965.64;195.31;6.00;1;0;1;0;0;1;0;0;0;0;0;1;1;0;0;0;0;0
423472;2.33;0.96;117.00;4923.00;13.50;81.75;46.50;9.41;18.94;14.02;0;0;2.58;76874.00;116.00;117.00;48.00;4505.80;966.07;820.30;6.00;1;0;1;0;0;1;0;0;0;0;0;1;1;0;0;0;0;0
424838;1.18;0.99;115.00;4885.00;13.50;81.75;48.75;3.92;9.33;14.11;1.23;0;2.58;76874.00;115.00;115.00;48.00;4482.60;966.46;917.96;6.00;1;0;1;0;0;1;0;0;0;0;0;1;1;0;0;0;0;0
426218;1.07;0.96;111.00;4730.00;13.50;81.75;48.75;3.92;8.85;14.11;0;5.19;2.58;76874.00;112.00;112.00;48.00;4487.80;966.65;898.43;6.00;1;0;1;0;0;1;0;0;0;0;0;1;1;0;0;0;0;0
427590;0.59;1.00;108.00;3351.00;13.50;81.75;-30.00;0;0;14.11;0.27;1.11;2.58;76875.00;108.00;109.00;48.00;4452.60;966.97;0;6.00;1;0;1;0;0;1;0;0;0;0;0;1;1;0;0;0;0;0
429026;1.23;1.00;106.00;1497.00;13.50;81.75;14.25;0;12.29;14.30;22.97;7.62;2.58;76875.00;106.00;107.00;57.00;4459.60;967.51;39.06;6.00;1;0;1;0;0;1;0;0;0;0;0;1;1;0;0;0;0;0
430525;2.11;0.95;102.00;4469.00;13.50;81.75;13.50;7.84;11.21;14.11;4.57;3.22;2.58;76875.00;103.00;103.00;48.00;4547.00;968.14;781.24;6.00;1;0;1;0;0;1;0;0;0;0;0;1;1;0;0;0;0;0
431981;2.60;0.96;103.00;4406.00;13.50;81.75;42.75;10.20;21.42;14.11;1.60;0.02;2.58;76875.00;104.00;104.00;48.00;4526.20;968.53;97.66;6.00;1;0;1;0;0;1;0;0;0;0;0;1;1;0;0;0;0;0
433344;2.76;0.94;106.00;4498.00;13.50;81.75;41.25;11.77;22.94;14.11;0.33;0.29;2.58;76875.00;106.00;107.00;48.00;4519.00;969.19;820.30;6.00;1;0;1;0;0;1;0;0;0;0;0;1;1;0;0;0;0;0
434770;3.51;1.07;108.00;4607.00;13.50;81.75;39.00;15.30;25.55;14.11;0.35;0.21;2.58;76875.00;108.00;109.00;48.00;4515.00;969.43;761.71;6.00;1;0;1;0;0;1;0;0;0;0;0;1;1;0;0;0;0;0
436101;0.83;1.00;98.00;4148.00;13.50;81.75;46.50;1.18;4.99;14.02;0;0.84;2.58;76875.00;99.00;98.00;48.00;4197.00;969.54;898.43;6.00;1;0;1;0;0;1;0;0;0;0;0;1;1;0;0;0;0;0
437551;2.68;0.87;100.00;4218.00;13.50;82.50;39.75;11.77;23.92;14.02;0;0;2.58;76875.00;100.00;100.00;48.00;4532.00;970.13;97.66;6.00;1;0;1;0;0;1;0;0;0;0;0;1;1;0;0;0;0;0
439071;0.58;0.96;100.00;4234.00;13.50;82.50;47.25;1.57;5.15;14.02;0.68;1.58;2.58;76875.00;100.00;99.00;48.00;4476.80;970.32;898.43;6.00;1;0;1;0;0;1;0;0;0;0;0;1;1;0;0;0;0;0
440429;1.37;0.90;100.00;4233.00;13.50;82.50;46.50;5.10;12.18;14.11;0;0;2.58;76875.00;99.00;100.00;48.00;4511.80;970.44;898.43;6.00;1;0;1;0;0;1;0;0;0;0;0;1;1;0;0;0;0;0
441876;1.94;0.90;100.00;4225.00;13.50;82.50;45.00;7.06;17.20;14.11;2.09;0;2.58;76875.00;99.00;100.00;48.00;4522.60;970.95;722.65;6.00;1;0;1;0;0;1;0;0;0;0;0;1;1;0;0;0;0;0
443136;1.89;0.89;101.00;4322.00;13.50;82.50;45.00;7.06;16.94;14.11;0.21;1.41;2.58;76875.00;100.00;102.00;48.00;4509.40;971.34;859.36;6.00;1;0;1;0;0;1;0;0;0;0;0;1;1;0;0;0;0;0
444582;1.51;0.85;101.00;4273.00;13.50;81.75;46.50;5.88;14.13;14.11;0.98;1.11;2.58;76875.00;100.00;101.00;48.00;4521.60;971.57;136.72;6.00;1;0;1;0;0;1;0;0;0;0;0;1;1;0;0;0;0;0
445993;1.38;0.87;101.00;4263.00;13.50;81.75;46.50;5.10;12.59;14.11;1.41;2.52;2.58;76875.00;99.00;101.00;48.00;4506.20;971.69;742.18;6.00;1;0;1;0;0;1;0;0;0;0;0;1;1;0;0;0;0;0
447398;2.31;0.88;100.00;4264.00;13.50;81.75;42.00;9.41;20.85;14.02;0.88;0.82;2.58;76875.00;100.00;101.00;48.00;4539.00;971.85;878.90;6.00;1;0;1;0;0;1;0;0;0;0;0;1;1;0;0;0;0;0
448780;2.51;0.90;102.00;4374.00;13.50;81.75;42.00;10.59;22.21;14.11;1.54;0;2.58;76875.00;102.00;103.00;48.00;4501.60;972.36;859.36;6.00;1;0;1;0;0;1;0;0;0;0;0;1;1;0;0;0;0;0
450091;1.57;1.00;102.00;4382.00;13.50;81.75;47.25;5.49;12.50;14.11;2.15;0;2.58;76875.00;102.00;103.00;48.00;4453.00;972.55;898.43;6.00;1;0;1;0;0;1;0;0;0;0;0;1;1;0;0;0;0;0
451494;0.53;1.00;98.00;4196.00;13.50;81.75;-30.00;0;0;14.11;0.94;2.30;2.58;76875.00;99.00;99.00;48.00;4583.60;972.79;0;6.00;1;0;1;0;0;1;0;0;0;0;0;1;1;0;0;0;0;0
452999;0.52;1.00;93.00;3958.00;13.50;81.75;-30.00;0;0;13.92;3.26;0.41;2.82;76875.00;94.00;94.00;48.00;4321.60;972.90;839.83;6.00;1;0;1;0;0;1;0;0;0;0;0;1;1;0;0;0;0;0
454338;1.42;0.98;91.00;3888.00;13.50;81.75;43.50;4.31;11.52;14.02;1.89;1.15;2.58;76875.00;91.00;92.00;48.00;4470.40;973.29;917.96;6.00;1;0;1;0;0;1;0;0;0;0;0;1;1;0;0;0;0;0
455824;1.16;0.93;88.00;3818.00;13.50;81.75;43.50;3.53;9.93;14.11;2.87;1.50;2.58;76875.00;89.00;89.00;48.00;4503.20;973.72;859.36;6.00;1;0;1;0;0;1;0;0;0;0;0;1;1;0;0;0;0;0
457204;0.77;1.00;88.00;3889.00;13.50;81.75;44.25;1.57;6.53;14.02;0.66;0.90;2.58;76875.00;89.00;89.00;48.00;4560.40;974.00;800.77;6.00;1;0;1;0;0;1;0;0;0;0;0;1;1;0;0;0;0;0
458610;0.56;1.00;86.00;3616.00;13.50;81.75;-30.00;0;0;14.11;0;0;2.58;76875.00;86.00;86.00;48.00;4581.40;974.11;0;6.00;1;0;1;0;0;1;0;0;0;0;0;1;1;0;0;0;0;0
459941;0.55;1.00;82.00;3478.00;13.50;81.75;-30.00;0;0;14.11;0;0;2.58;76875.00;83.00;83.00;48.00;4587.00;974.39;0;6.00;1;0;1;0;0;1;0;0;0;0;0;1;1;0;0;0;0;0
461189;0.58;1.00;80.00;3356.00;13.50;81.75;-30.00;0;0;14.02;2.71;1.58;2.58;76875.00;80.00;80.00;48.00;4574.80;974.70;0;6.00;1;0;1;0;0;1;0;0;0;0;0;1;1;0;0;0;0;0
462542;0.62;1.00;75.00;3183.00;13.50;81.75;-30.00;0;0;14.11;2.42;0.88;2.58;76875.00;76.00;75.00;48.00;4546.60;975.13;0;6.00;1;0;1;0;0;1;0;0;0;0;0;1;1;0;0;0;0;0
463933;0.70;1.00;65.00;2731.00;13.50;81.75;-30.00;0;0;14.11;1.46;1.80;2.58;76876.00;65.00;64.00;48.00;4561.60;975.33;0;6.00;1;0;1;0;0;1;0;0;0;0;0;1;1;0;0;0;0;0
465243;0.85;1.00;55.00;2351.00;13.50;81.75;15.00;0;12.27;14.11;1.80;13.92;2.58;76876.00;55.00;55.00;44.00;4282.40;975.40;39.06;6.00;1;0;1;0;0;1;0;0;1;0;0;1;1;0;0;0;0;0
466774;0.38;1.00;46.00;2838.00;13.50;81.75;18.00;0;12.38;14.02;96.24;118.41;2.58;76876.00;47.00;46.00;48.00;4535.40;975.60;214.84;5.00;1;0;1;0;0;1;0;0;1;0;0;1;1;0;0;0;0;0
468176;2.81;0.98;45.00;2358.00;13.50;81.75;23.25;6.67;21.94;14.02;48.53;33.38;2.58;76876.00;44.00;45.00;48.00;4523.40;976.26;839.83;4.00;1;0;1;0;0;1;0;0;1;0;0;1;1;0;0;0;0;0
469615;6.47;1.00;53.00;2810.00;13.50;81.75;13.50;49.42;43.79;14.21;9.84;6.76;2.58;76876.00;52.00;54.00;48.00;4549.40;976.54;859.36;4.00;1;0;1;0;0;1;0;0;0;0;0;1;1;0;0;0;0;0
471023;6.61;0.98;66.00;3478.00;13.50;81.75;16.50;61.18;48.39;14.02;1.35;0.88;2.58;76876.00;66.00;67.00;48.00;4524.20;976.61;820.30;4.00;1;0;1;0;0;1;0;0;0;0;0;1;1;0;0;0;0;0
472367;7.15;0.95;82.00;4255.00;13.50;81.75;18.00;61.58;52.13;14.11;4.39;1.66;2.58;76876.00;81.00;82.00;48.00;4591.40;976.65;136.72;4.00;1;0;1;0;0;1;0;0;0;0;0;1;1;0;0;0;0;0
473775;7.54;1.02;96.00;4985.00;13.50;81.75;18.75;70.60;50.57;14.02;0.39;0.62;2.58;76876.00;95.00;96.00;48.00;4526.20;976.69;195.31;4.00;1;0;1;0;0;1;0;0;0;0;0;1;1;0;0;0;0;0
475207;7.53;1.05;110.00;5739.00;13.50;81.75;18.75;66.67;47.63;13.92;0;0.20;2.82;76876.00;107.00;110.00;48.00;4445.40;976.50;546.87;4.00;1;0;1;0;0;1;0;0;0;0;0;1;1;0;0;0;0;0
476707;6.86;1.00;118.00;5424.00;14.25;81.75;23.25;47.46;42.78;14.11;0;0;2.58;76876.00;116.00;119.00;48.00;4540.60;976.46;39.06;5.00;1;0;1;0;0;1;0;0;0;0;0;1;1;0;0;0;0;0
478118;4.62;1.00;121.00;5113.00;14.25;82.50;30.75;30.98;35.60;14.02;0;1.56;2.58;76876.00;119.00;121.00;48.00;4551.80;976.07;39.06;6.00;1;0;1;0;0;1;0;0;0;0;0;1;1;0;0;0;0;0
479486;0.75;1.00;117.00;4961.00;14.25;81.75;48.75;1.96;5.97;14.11;0;0.68;2.58;76876.00;117.00;118.00;48.00;4442.80;975.99;878.90;6.00;1;0;1;0;0;1;0;0;0;0;0;1;1;0;0;0;0;0
480837;4.25;1.02;115.00;4847.00;14.25;81.75;33.75;24.71;31.57;14.02;0.57;0.06;2.58;76876.00;112.00;115.00;48.00;4604.40;976.11;371.09;6.00;1;0;1;0;0;1;0;0;0;0;0;1;1;0;0;0;0;0
482260;3.30;1.01;115.00;4870.00;14.25;81.75;39.75;16.47;25.05;14.11;0;0;2.58;76876.00;113.00;115.00;48.00;4519.20;975.83;703.12;6.00;1;0;1;0;0;1;0;0;0;0;0;1;1;0;0;0;0;0
483638;3.11;1.02;113.00;4804.00;14.25;81.75;42.00;14.12;23.45;14.02;0;0;2.58;76876.00;112.00;114.00;48.00;4507.20;975.79;820.30;6.00;1;0;1;0;0;1;0;0;0;0;0;1;1;0;0;0;0;0
485090;3.64;1.08;112.00;4752.00;14.25;81.75;39.00;16.86;25.93;14.02;0;0;2.58;76876.00;112.00;112.00;48.00;4545.80;975.79;761.71;6.00;1;0;1;0;0;1;0;0;0;0;0;1;1;0;0;0;0;0
486510;5.17;1.04;112.00;4783.00;14.25;81.75;32.25;26.67;33.04;14.11;0.62;0;2.58;76876.00;112.00;113.00;48.00;4535.80;975.87;39.06;6.00;1;0;1;0;0;1;0;0;0;0;0;1;1;0;0;0;0;0
487885;5.06;1.16;115.00;4879.00;14.25;81.75;32.25;26.28;32.89;14.11;0;0.29;2.58;76876.00;113.00;115.00;48.00;4498.20;975.87;683.59;6.00;1;0;1;0;0;1;0;0;0;0;0;1;1;0;0;0;0;0
489224;3.04;1.02;115.00;4864.00;14.25;81.75;42.00;14.51;23.47;14.11;0.06;0.72;2.58;76876.00;115.00;116.00;48.00;4513.60;975.79;117.19;6.00;1;0;1;0;0;1;0;0;0;0;0;1;1;0;0;0;0;0
490671;4.11;1.00;116.00;4893.00;14.25;81.75;33.75;24.32;31.06;14.02;0;0.57;2.58;76876.00;115.00;116.00;48.00;4513.60;975.83;195.31;6.00;1;0;1;0;0;1;0;0;0;0;0;1;1;0;0;0;0;0
492072;3.82;1.00;113.00;4847.00;14.25;81.75;37.50;19.61;27.43;14.02;0.10;0.88;2.58;76876.00;114.00;114.00;48.00;4540.60;975.75;39.06;6.00;1;0;1;0;0;1;0;0;0;0;0;1;1;0;0;0;0;0
493481;3.24;1.07;112.00;4778.00;14.25;81.75;42.00;13.73;23.49;14.02;0.23;0;2.58;76876.00;112.00;113.00;48.00;4510.00;975.75;253.90;6.00;1;0;1;0;0;1;0;0;0;0;0;1;1;0;0;0;0;0
494906;3.22;1.03;111.00;4714.00;14.25;81.75;40.50;14.51;24.64;13.92;0.10;1.97;2.82;76876.00;111.00;111.00;48.00;4507.60;975.64;585.93;6.00;1;0;1;0;0;1;0;0;0;0;0;1;1;0;0;0;0;0
496236;4.34;1.07;110.00;4693.00;14.25;81.75;34.50;21.57;30.30;14.02;0.25;1.00;2.58;76876.00;108.00;111.00;48.00;4537.00;975.60;839.83;6.00;1;0;1;0;0;1;0;0;0;0;0;1;1;0;0;0;0;0
497685;3.58;1.02;110.00;4628.00;14.25;81.75;38.25;16.47;26.29;14.11;0.90;2.58;2.58;76876.00;108.00;110.00;48.00;4526.20;975.52;820.30;6.00;1;0;1;0;0;1;0;0;0;0;0;1;1;0;0;0;0;0
499088;2.54;0.96;108.00;4599.00;14.25;81.75;44.25;9.81;20.62;14.11;1.05;1.58;2.58;76876.00;107.00;109.00;48.00;4471.60;975.48;234.37;6.00;1;0;1;0;0;1;0;0;0;0;0;1;1;0;0;0;0;0
500506;3.14;1.00;106.00;4523.00;14.25;81.75;40.50;13.73;24.76;14.11;0;0;2.58;76877.00;105.00;107.00;48.00;4527.80;975.36;800.77;6.00;1;0;1;0;0;1;0;0;0;0;0;1;1;0;0;0;0;0
501908;2.17;0.86;103.00;4407.00;14.25;81.75;44.25;8.63;19.64;14.02;0.84;0.49;2.58;76877.00;104.00;104.00;48.00;4499.40;975.17;839.83;6.00;1;0;1;0;0;1;0;0;0;0;0;1;1;0;0;0;0;0
503294;3.41;1.00;103.00;4414.00;14.25;81.75;37.50;15.30;26.36;14.02;0;2.83;2.58;76877.00;103.00;104.00;48.00;4506.60;975.09;820.30;6.00;1;0;1;0;0;1;0;0;0;0;0;1;1;0;0;0;0;0
504782;4.11;1.05;105.00;4447.00;15.00;81.75;33.75;20.00;30.39;14.11;0;1.84;2.58;76877.00;104.00;105.00;48.00;4506.20;975.17;859.36;6.00;1;0;1;0;0;1;0;0;0;0;0;1;1;0;0;0;0;0
506159;1.96;0.85;102.00;4367.00;15.00;81.75;45.75;7.84;18.16;14.11;2.11;0;2.58;76877.00;102.00;103.00;48.00;4459.60;975.05;234.37;6.00;1;0;1;0;0;1;0;0;0;0;0;1;1;0;0;0;0;0
507636;1.50;0.96;98.00;4215.00;15.00;81.75;46.50;5.10;12.37;14.02;0.55;0;2.58;76877.00;99.00;99.00;48.00;4489.80;975.09;878.90;6.00;1;0;1;0;0;1;0;0;0;0;0;1;1;0;0;0;0;0
509041;1.10;0.91;95.00;4032.00;15.00;81.75;46.50;3.53;9.75;14.11;1.15;1.39;2.58;76877.00;95.00;96.00;48.00;4527.60;975.21;878.90;6.00;1;0;1;0;0;1;0;0;0;0;0;1;1;0;0;0;0;0
510361;0.54;0.87;90.00;3800.00;15.00;81.75;43.50;0.78;5.15;14.11;2.95;0.94;2.58;76877.00;90.00;90.00;48.00;4501.20;975.09;19.53;6.00;1;0;1;0;0;1;0;0;0;0;0;1;1;0;0;0;0;0
511771;1.30;0.86;85.00;3640.00;15.00;81.75;41.25;4.31;12.04;13.92;1.11;0;2.82;76877.00;85.00;85.00;48.00;4512.20;975.21;742.18;6.00;1;0;1;0;0;1;0;0;0;0;0;1;1;0;0;0;0;0
513244;1.41;0.88;80.00;3349.00;15.00;81.75;39.00;4.31;12.88;14.11;0.82;1.46;2.58;76877.00;80.00;81.00;48.00;4510.00;975.36;58.59;6.00;1;0;1;0;0;1;0;0;0;0;0;1;1;0;0;0;0;0
514677;1.07;0.89;78.00;3316.00;15.00;81.75;38.25;2.75;10.21;14.02;2.62;2.62;2.58;76877.00;78.00;78.00;48.00;4502.80;975.40;820.30;6.00;1;0;1;0;0;1;0;0;0;0;0;1;1;0;0;0;0;0
516110;1.79;0.92;77.00;3296.00;15.00;81.75;38.25;5.88;17.77;14.11;2.30;0.70;2.58;76877.00;78.00;78.00;48.00;4514.20;975.44;878.90;6.00;1;0;1;0;0;1;0;0;0;0;0;1;1;0;0;0;0;0
517456;1.73;0.95;76.00;3248.00;15.00;82.50;37.50;5.10;14.96;14.11;1.86;1.13;2.58;76877.00;77.00;77.00;48.00;4524.60;975.44;820.30;6.00;1;0;1;0;0;1;0;0;0;0;0;1;1;0;0;0;0;0
518873;2.02;0.88;75.00;3196.00;15.00;82.50;36.00;6.67;18.60;14.11;0.10;0;2.58;76877.00;75.00;76.00;48.00;4508.00;975.44;58.59;6.00;1;0;1;0;0;1;0;0;0;0;0;1;1;0;0;0;0;0
520243;2.35;0.90;75.00;3174.00;15.00;82.50;35.25;7.84;20.92;14.11;0;0;2.58;76877.00;75.00;75.00;48.00;4513.20;975.36;78.12;6.00;1;0;1;0;0;1;0;0;0;0;0;1;1;0;0;0;0;0
521661;2.03;0.98;73.00;3124.00;15.00;82.50;36.00;5.88;17.09;14.11;0.70;1.39;2.58;76877.00;74.00;74.00;48.00;4500.40;975.29;820.30;6.00;1;0;1;0;0;1;0;0;0;0;0;1;1;0;0;0;0;0
523099;2.69;0.97;73.00;3155.00;15.00;82.50;34.50;9.02;22.23;14.11;1.00;0.02;2.58;76877.00;74.00;74.00;48.00;4519.20;975.17;859.36;6.00;1;0;1;0;0;1;0;0;0;0;0;1;1;0;0;0;0;0
524500;1.50;0.92;73.00;3124.00;15.00;82.50;35.25;4.31;13.30;14.02;0.96;0;2.58;76877.00;73.00;74.00;48.00;4525.80;975.01;175.78;6.00;1;0;1;0;0;1;0;0;0;0;0;1;1;0;0;0;0;0
525904;1.86;0.95;71.00;3033.00;15.00;82.50;34.50;5.10;16.02;14.21;2.89;1.86;2.58;76877.00;71.00;72.00;48.00;4507.00;974.70;859.36;6.00;1;0;1;0;0;1;0;0;0;0;0;1;1;0;0;0;0;0
527233;2.82;0.94;72.00;3073.00;15.00;83.25;32.25;10.59;23.85;14.11;97.10;97.34;2.58;76877.00;71.00;72.00;47.00;4503.20;974.54;781.24;6.00;1;0;1;0;0;1;0;0;0;0;0;1;1;0;0;0;0;0
528815;2.64;0.94;73.00;3157.00;15.00;83.25;33.00;9.41;22.40;14.02;172.29;161.49;2.58;76877.00;74.00;74.00;47.00;4507.40;974.35;39.06;6.00;1;0;1;0;0;1;0;0;0;0;0;1;1;0;0;0;0;0
530272;2.64;0.93;75.00;3208.00;15.00;83.25;33.75;9.41;22.77;14.11;243.21;265.45;2.58;76877.00;75.00;76.00;47.00;4513.60;974.27;175.78;6.00;1;0;1;0;0;1;0;0;0;0;0;1;1;0;0;0;0;0
531721;1.94;0.92;76.00;3223.00;15.00;83.25;36.75;5.88;17.34;14.11;326.91;324.57;2.58;76877.00;76.00;76.00;47.00;4514.20;974.23;800.77;6.00;1;0;1;0;0;1;0;0;0;0;0;1;1;0;0;0;0;0
533125;1.46;0.91;73.00;3139.00;15.00;83.25;36.00;3.92;13.08;14.11;329.88;325.92;2.58;76877.00;74.00;74.00;47.00;4498.40;974.23;78.12;6.00;1;0;1;0;0;1;0;0;0;0;0;1;1;0;0;0;0;0
534483;2.07;0.93;73.00;3120.00;15.00;83.25;36.00;6.28;18.17;14.02;284.88;292.74;2.58;76877.00;73.00;74.00;47.00;4509.00;974.23;820.30;6.00;1;0;1;0;0;1;0;0;0;0;0;1;1;0;0;0;0;0
535911;1.92;0.91;73.00;3090.00;15.00;83.25;36.00;5.88;17.34;14.11;232.04;273.52;2.58;76877.00;73.00;73.00;47.00;4506.60;974.23;253.90;6.00;1;0;1;0;0;1;0;0;0;0;0;1;1;0;0;0;0;0
537226;1.86;0.92;72.00;3076.00;15.00;83.25;35.25;5.49;16.49;14.11;325.23;310.59;2.58;76877.00;72.00;72.00;47.00;4507.80;974.23;507.81;6.00;1;0;1;0;0;1;0;0;0;0;0;1;1;0;0;0;0;0
538588;3.43;1.00;73.00;3142.00;15.00;83.25;30.75;12.55;25.68;14.11;296.60;356.05;2.58;76877.00;73.00;74.00;47.00;4506.40;974.23;644.52;6.00;1;0;1;0;0;1;0;0;0;0;0;1;1;0;0;0;0;0
540063;2.22;0.97;75.00;3167.00;15.00;83.25;36.00;6.67;18.89;14.11;291.27;323.94;2.58;76877.00;75.00;75.00;47.00;4515.80;974.23;800.77;6.00;1;0;1;0;0;1;0;0;0;0;0;1;1;0;0;0;0;0
541337;2.67;0.93;76.00;3205.00;15.00;83.25;33.75;9.41;22.73;14.11;245.96;250.49;2.58;76877.00;75.00;76.00;47.00;4493.80;974.23;839.83;6.00;1;0;1;0;0;1;0;0;0;0;0;1;1;0;0;0;0;0
542733;2.30;0.89;76.00;3247.00;15.00;83.25;35.25;7.84;20.99;14.11;341.76;338.20;2.58;76877.00;76.00;77.00;47.00;4516.60;974.23;97.66;6.00;1;0;1;0;0;1;0;0;0;0;0;1;1;0;0;0;0;0
544130;2.27;0.90;77.00;3261.00;14.25;82.50;36.00;7.84;20.36;14.11;328.89;323.24;2.58;76878.00;77.00;77.00;48.00;4520.40;974.23;371.09;6.00;1;0;1;0;0;1;0;0;0;0;0;1;1;0;0;0;0;0
545576;2.21;0.92;76.00;3247.00;14.25;82.50;36.00;7.06;19.39;14.21;40.62;41.87;2.58;76878.00;76.00;77.00;48.00;4514.80;974.11;781.24;6.00;1;0;1;0;0;1;0;0;0;0;0;1;1;0;0;0;0;0
546986;2.41;0.93;76.00;3268.00;14.25;82.50;35.25;8.24;20.92;14.21;6.27;7.85;2.58;76878.00;76.00;77.00;48.00;4501.40;973.96;800.77;6.00;1;0;1;0;0;1;0;0;0;0;0;1;1;0;0;0;0;0
548308;3.06;0.96;77.00;3291.00;14.25;82.50;32.25;12.16;25.30;14.21;2.56;2.85;2.58;76878.00;77.00;77.00;48.00;4497.00;973.68;292.97;6.00;1;0;1;0;0;1;0;0;0;0;0;1;1;0;0;0;0;0
549751;3.22;0.98;80.00;3399.00;14.25;82.50;31.50;13.73;25.93;14.11;2.99;1.07;2.58;76878.00;79.00;80.00;48.00;4515.20;973.45;742.18;6.00;1;0;1;0;0;1;0;0;0;0;0;1;1;0;0;0;0;0
551190;2.86;0.95;80.00;3407.00;14.25;82.50;34.50;10.98;23.80;13.92;1.00;0.51;2.82;76878.00;80.00;80.00;48.00;4512.20;973.18;644.52;6.00;1;0;1;0;0;1;0;0;0;0;0;1;1;0;0;0;0;0
552545;2.30;0.96;80.00;3384.00;14.25;82.50;38.25;7.06;19.33;14.02;0;0;2.58;76878.00;80.00;80.00;48.00;4516.00;973.10;859.36;6.00;1;0;1;0;0;1;0;0;0;0;0;1;1;0;0;0;0;0
553945;2.00;0.89;78.00;3326.00;14.25;82.50;38.25;6.67;18.22;14.02;1.60;0;2.58;76878.00;78.00;79.00;48.00;4511.60;973.06;585.93;6.00;1;0;1;0;0;1;0;0;0;0;0;1;1;0;0;0;0;0
555274;2.37;0.90;77.00;3270.00;14.25;82.50;35.25;8.24;20.90;14.11;1.43;1.70;2.58;76878.00;76.00;77.00;48.00;4507.20;973.02;566.40;6.00;1;0;1;0;0;1;0;0;0;0;0;1;1;0;0;0;0;0
556706;3.79;1.00;77.00;3315.00;14.25;82.50;30.00;15.30;27.61;14.21;0;0.90;2.58;76878.00;78.00;78.00;48.00;4534.00;972.98;859.36;6.00;1;0;1;0;0;1;0;0;0;0;0;1;1;0;0;0;0;0
558248;2.99;0.92;78.00;3351.00;14.25;82.50;32.25;12.94;25.60;14.11;0;0.86;2.58;76878.00;78.00;79.00;48.00;4514.00;972.86;117.19;6.00;1;0;1;0;0;1;0;0;0;0;0;1;1;0;0;0;0;0
559722;2.76;0.93;80.00;3376.00;14.25;82.50;33.75;10.59;23.60;14.11;1.07;0;2.58;76878.00;79.00;80.00;48.00;4506.00;972.71;800.77;6.00;1;0;1;0;0;1;0;0;0;0;0;1;1;0;0;0;0;0
561076;2.58;0.91;78.00;3340.00;14.25;82.50;34.50;9.81;22.76;14.11;2.68;0.41;2.58;76878.00;79.00;79.00;48.00;4506.80;972.40;605.46;6.00;1;0;1;0;0;1;0;0;0;0;0;1;1;0;0;0;0;0
562548;2.73;0.95;80.00;3356.00;14.25;82.50;34.50;10.20;22.88;14.11;3.22;1.07;2.58;76878.00;79.00;80.00;48.00;4509.80;972.04;605.46;6.00;1;0;1;0;0;1;0;0;0;0;0;1;1;0;0;0;0;0
563938;1.98;0.91;78.00;3353.00;14.25;82.50;38.25;6.28;17.84;13.92;0.31;0;2.82;76878.00;79.00;79.00;48.00;4509.60;971.89;839.83;6.00;1;0;1;0;0;1;0;0;0;0;0;1;1;0;0;0;0;0
565266;2.26;0.92;78.00;3361.00;14.25;82.50;36.75;7.84;19.89;14.11;0;3.44;2.58;76878.00;79.00;79.00;48.00;4511.60;971.81;624.99;6.00;1;0;1;0;0;1;0;0;0;0;0;1;1;0;0;0;0;0
566641;2.34;0.91;78.00;3331.00;14.25;82.50;36.00;8.24;20.75;14.11;2.27;0.27;2.58;76878.00;79.00;79.00;48.00;4509.20;971.77;761.71;6.00;1;0;1;0;0;1;0;0;0;0;0;1;1;0;0;0;0;0
568045;2.69;0.95;78.00;3331.00;14.25;82.50;34.50;9.81;22.76;13.92;0.62;1.91;2.82;76878.00;79.00;79.00;48.00;4504.20;971.77;703.12;6.00;1;0;1;0;0;1;0;0;0;0;0;1;1;0;0;0;0;0
569432;2.41;0.91;78.00;3345.00;14.25;82.50;36.00;8.24;21.08;14.02;0;1.50;2.58;76878.00;78.00;79.00;48.00;4516.20;971.73;78.12;6.00;1;0;1;0;0;1;0;0;0;0;0;1;1;0;0;0;0;0
570898;2.05;0.90;78.00;3306.00;14.25;82.50;37.50;6.67;18.44;14.11;0.78;0.33;2.58;76878.00;78.00;78.00;48.00;4514.40;971.73;78.12;6.00;1;0;1;0;0;1;0;0;0;0;0;1;1;0;0;0;0;0
572213;2.22;0.93;77.00;3256.00;14.25;82.50;36.75;7.06;19.33;14.11;2.09;0;2.58;76878.00;77.00;77.00;48.00;4520.00;971.65;644.52;6.00;1;0;1;0;0;1;0;0;0;0;0;1;1;0;0;0;0;0
573650;2.68;0.97;77.00;3322.00;14.25;82.50;35.25;9.81;22.34;14.02;0.62;2.99;2.58;76878.00;78.00;78.00;48.00;4507.00;971.42;820.30;6.00;1;0;1;0;0;1;0;0;0;0;0;1;1;0;0;0;0;0
575104;2.00;0.92;78.00;3323.00;14.25;82.50;38.25;6.28;17.64;14.11;0.31;1.66;2.58;76878.00;78.00;78.00;48.00;4496.00;971.26;742.18;6.00;1;0;1;0;0;1;0;0;0;0;0;1;1;0;0;0;0;0
576425;2.50;0.95;78.00;3346.00;14.25;81.75;36.75;8.63;21.25;14.02;2.09;0.82;2.58;76878.00;78.00;79.00;48.00;4505.20;971.18;781.24;6.00;1;0;1;0;0;1;0;0;0;0;0;1;1;0;0;0;0;0
577829;2.46;0.94;80.00;3403.00;14.25;81.75;36.75;8.24;21.01;13.92;0.66;0;2.82;76878.00;80.00;80.00;48.00;4518.20;970.87;644.52;6.00;1;0;1;0;0;1;0;0;0;0;0;1;1;0;0;0;0;0
579243;1.71;0.89;80.00;3400.00;14.25;81.75;39.00;5.49;15.66;14.11;0.94;1.56;2.58;76878.00;80.00;80.00;48.00;4526.60;970.64;39.06;6.00;1;0;1;0;0;1;0;0;0;0;0;1;1;0;0;0;0;0
580659;2.85;0.95;81.00;3464.00;14.25;81.75;34.50;10.59;23.69;14.11;1.00;0.51;2.58;76878.00;81.00;82.00;48.00;4517.60;970.56;722.65;6.00;1;0;1;0;0;1;0;0;0;0;0;1;1;0;0;0;0;0
582060;2.16;1.01;82.00;3492.00;14.25;81.75;39.75;6.28;17.36;14.11;0;0;2.58;76878.00;83.00;82.00;48.00;4526.00;970.52;878.90;6.00;1;0;1;0;0;1;0;0;0;0;0;1;1;0;0;0;0;0
583384;3.22;0.96;83.00;3531.00;14.25;81.75;33.75;13.33;25.51;14.02;0.72;2.30;2.58;76878.00;83.00;84.00;48.00;4538.40;970.52;761.71;6.00;1;0;1;0;0;1;0;0;0;0;0;1;1;0;0;0;0;0
584831;1.98;0.92;83.00;3565.00;14.25;81.75;40.50;6.28;17.63;14.11;3.87;0.29;2.58;76878.00;83.00;84.00;48.00;4537.80;970.52;898.43;6.00;1;0;1;0;0;1;0;0;0;0;0;1;1;0;0;0;0;0
586225;1.23;0.93;82.00;3503.00;14.25;81.75;39.75;3.53;11.32;13.92;0.90;1.23;2.82;76878.00;83.00;83.00;48.00;4513.20;970.52;878.90;6.00;1;0;1;0;0;1;0;0;0;0;0;1;1;0;0;0;0;0
587657;1.01;0.88;78.00;3356.00;15.00;81.75;38.25;2.75;9.04;14.11;0;0;2.58;76878.00;79.00;79.00;48.00;4499.60;970.60;683.59;6.00;1;0;1;0;0;1;0;0;0;0;0;1;1;0;0;0;0;0
589026;3.94;1.00;80.00;3387.00;15.00;81.75;28.50;17.65;29.33;14.11;1.56;1.07;2.58;76879.00;79.00;80.00;48.00;4529.80;970.56;898.43;6.00;1;0;1;0;0;1;0;0;0;0;0;1;1;0;0;0;0;0
590322;5.47;0.98;85.00;3921.00;15.00;81.75;21.00;29.42;40.62;14.11;2.15;1.76;2.58;76879.00;84.00;85.00;48.00;4568.20;970.52;839.83;5.00;1;0;1;0;0;1;0;0;0;0;0;1;1;0;0;0;0;0
591711;6.34;0.99;95.00;4334.00;15.00;81.75;17.25;40.00;44.74;14.02;2.75;1.82;2.58;76879.00;93.00;95.00;48.00;4564.20;970.68;800.77;5.00;1;0;1;0;0;1;0;0;0;0;0;1;1;0;0;0;0;0
593170;5.32;1.04;102.00;4704.00;15.00;81.75;27.00;32.16;38.23;14.11;0.70;1.46;2.58;76879.00;101.00;103.00;48.00;4516.60;970.68;624.99;5.00;1;0;1;0;0;1;0;0;0;0;0;1;1;0;0;0;0;0
594596;5.83;1.00;108.00;5006.00;15.00;81.75;24.75;38.83;40.67;14.02;1.19;1.97;2.58;76879.00;107.00;109.00;48.00;4503.60;970.75;605.46;5.00;1;0;1;0;0;1;0;0;0;0;0;1;1;0;0;0;0;0
596106;3.90;1.07;110.00;4684.00;15.00;81.75;37.50;18.43;27.30;14.02;3.32;0.23;2.58;76879.00;109.00;111.00;48.00;4416.40;970.60;859.36;6.00;1;0;1;0;0;1;0;0;0;0;0;1;1;0;0;0;0;0
597434;2.32;0.98;110.00;4656.00;15.00;81.75;45.75;8.63;18.64;14.02;0.88;2.68;2.58;76879.00;110.00;110.00;48.00;4455.80;970.64;859.36;6.00;1;0;1;0;0;1;0;0;0;0;0;1;1;0;0;0;0;0
598835;1.70;0.97;106.00;4500.00;15.00;81.75;47.25;6.28;14.02;14.02;0;0.90;2.58;76879.00;106.00;106.00;48.00;4480.40;970.64;898.43;6.00;1;0;1;0;0;1;0;0;0;0;0;1;1;0;0;0;0;0
600290;1.63;0.92;101.00;4255.00;15.00;81.75;47.25;6.28;13.78;14.02;0;0.33;2.58;76879.00;100.00;101.00;48.00;4502.40;970.72;683.59;6.00;1;0;1;0;0;1;0;0;0;0;0;1;1;0;0;0;0;0
601715;3.14;1.00;100.00;4248.00;15.00;81.75;39.00;12.16;24.16;14.11;3.59;1.66;2.58;76879.00;99.00;100.00;48.00;4577.80;970.60;742.18;6.00;1;0;1;0;0;1;0;0;0;0;0;1;1;0;0;0;0;0
603155;1.51;1.00;98.00;4209.00;15.00;81.75;46.50;5.10;12.34;14.11;0.39;0.51;2.58;76879.00;99.00;99.00;48.00;4473.00;970.56;917.96;6.00;1;0;1;0;0;1;0;0;0;0;0;1;1;0;0;0;0;0
604472;0.53;1.00;92.00;3884.00;15.00;81.75;-30.00;0;0;14.02;0.45;2.09;2.58;76879.00;92.00;92.00;48.00;4535.80;970.52;0;6.00;1;0;1;0;0;1;0;0;0;0;0;1;1;0;0;0;0;0
605890;0.56;1.00;85.00;3556.00;15.00;81.75;-30.00;0;0;14.02;0.94;5.49;2.58;76879.00;85.00;84.00;48.00;4479.80;970.52;0;6.00;1;0;1;0;0;1;0;0;0;0;0;1;1;0;0;0;0;0
607219;1.42;0.99;80.00;3384.00;15.00;81.75;39.00;3.53;11.33;14.02;1.11;4.04;2.58;76879.00;80.00;80.00;48.00;4434.60;970.68;878.90;6.00;1;0;1;0;0;1;0;0;0;0;0;1;1;0;0;0;0;0
608743;0.99;0.94;76.00;3162.00;15.00;81.75;36.00;2.35;8.66;14.11;1.09;0.29;2.58;76879.00;76.00;76.00;48.00;4520.40;970.75;878.90;6.00;1;0;1;0;0;1;0;0;0;0;0;1;1;0;0;0;0;0
610150;0.65;1.00;70.00;2964.00;15.00;81.75;-30.00;0;0;14.02;0.02;0.84;2.58;76879.00;71.00;70.00;48.00;4531.20;970.64;0;6.00;1;0;1;0;0;1;0;0;0;0;0;1;1;0;0;0;0;0
611498;0.73;1.00;62.00;2676.00;15.00;81.75;-30.00;0;0;14.11;0;1.35;2.58;76879.00;63.00;63.00;48.00;4538.60;971.07;0;6.00;1;0;1;0;0;1;0;0;1;0;0;1;1;0;0;0;0;0
612895;1.18;1.00;46.00;2023.00;15.00;81.75;18.00;0.39;12.22;14.21;10.94;8.89;2.58;76879.00;47.00;47.00;48.00;4363.40;970.95;878.90;6.00;1;0;1;0;0;1;0;0;1;0;0;1;1;0;0;0;0;0
614329;0.68;1.00;40.00;2619.00;15.00;81.75;16.50;0;12.42;14.11;20.31;19.69;2.58;76879.00;40.00;40.00;48.00;4504.40;971.42;898.43;3.00;1;0;1;0;0;1;0;0;1;0;0;1;1;0;0;0;0;0
615771;1.94;0.95;40.00;2446.00;15.00;81.75;25.50;3.92;16.23;14.11;4.51;4.37;2.58;76879.00;40.00;40.00;48.00;4502.40;971.57;175.78;3.00;1;0;1;0;0;1;0;0;1;0;0;1;1;0;0;0;0;0
617119;2.72;0.99;42.00;2605.00;15.00;81.75;27.00;7.06;21.35;14.11;0.88;1.00;2.58;76879.00;42.00;43.00;48.00;4470.80;971.65;820.30;3.00;1;0;1;0;0;1;0;0;1;0;0;1;1;0;0;0;0;0
618452;4.42;1.00;47.00;2948.00;15.00;81.75;24.75;18.83;32.70;14.21;1.56;0;2.58;76879.00;47.00;48.00;48.00;4529.40;971.69;839.83;3.00;1;0;1;0;0;1;0;0;1;0;0;1;1;0;0;0;0;0
619908;5.46;0.95;62.00;3811.00;15.00;81.75;19.50;30.20;41.78;14.02;3.59;0.45;2.58;76879.00;61.00;62.00;48.00;4591.40;971.73;839.83;3.00;1;0;1;0;0;1;0;0;1;0;0;1;1;0;0;0;0;0
621262;4.49;1.00;72.00;3826.00;15.00;82.50;32.25;18.43;31.13;14.02;0.18;0.35;2.58;76879.00;72.00;73.00;48.00;4454.00;971.57;878.90;4.00;1;0;1;0;0;1;0;0;0;0;0;1;1;0;0;0;0;0
622643;3.47;1.00;80.00;4127.00;15.00;82.50;34.50;16.47;28.62;14.02;0;0;2.58;76879.00;79.00;80.00;48.00;4509.60;971.46;878.90;4.00;1;0;1;0;0;1;0;0;0;0;0;1;1;0;0;0;0;0
624061;2.86;0.97;82.00;3827.00;15.00;82.50;37.50;11.37;23.89;14.11;0.06;1.46;2.58;76879.00;82.00;83.00;48.00;4459.20;971.50;898.43;5.00;1;0;1;0;0;1;0;0;0;0;0;1;1;0;0;0;0;0
625343;1.23;0.97;81.00;3748.00;15.00;82.50;42.75;3.53;10.43;14.11;1.89;0.94;2.58;76879.00;81.00;82.00;48.00;4524.80;971.22;917.96;5.00;1;0;1;0;0;1;0;0;0;0;0;1;1;0;0;0;0;0
626756;0.81;0.93;76.00;3545.00;15.00;82.50;40.50;1.57;6.94;14.11;0;0.31;2.58;76879.00;77.00;77.00;48.00;4508.20;971.18;898.43;5.00;1;0;1;0;0;1;0;0;0;0;0;1;1;0;0;0;0;0
628124;1.16;0.89;73.00;3432.00;15.00;82.50;39.00;3.53;10.92;14.11;0;0;2.58;76879.00;74.00;74.00;48.00;4515.00;971.11;839.83;5.00;1;0;1;0;0;1;0;0;0;0;0;1;1;0;0;0;0;0
629469;3.26;0.99;75.00;3440.00;15.00;83.25;33.75;12.16;24.76;14.02;185.71;233.21;2.58;76879.00;73.00;75.00;47.00;4483.60;971.03;878.90;5.00;1;0;1;0;0;1;0;0;0;0;0;1;1;0;0;0;0;0
630984;5.10;0.99;82.00;3746.00;15.00;82.50;23.25;26.28;38.53;13.92;25.23;31.11;2.82;76879.00;82.00;82.00;48.00;4559.40;971.30;839.83;5.00;1;0;1;0;0;1;0;0;0;0;0;1;1;0;0;0;0;0
632287;0.46;1.00;82.00;3821.00;15.00;82.50;-30.00;0;0;14.11;3.52;4.63;2.58;76879.00;83.00;83.00;48.00;4538.00;971.38;0;5.00;1;0;1;0;0;1;0;0;0;0;0;1;1;0;0;0;0;0
633683;0.55;1.00;76.00;3517.00;15.00;82.50;-30.00;0;0;14.11;0.51;0.33;2.58;76880.00;76.00;76.00;48.00;4560.60;971.26;0;5.00;1;0;1;0;0;1;0;0;0;0;0;1;1;0;0;0;0;0
634948;0.61;1.00;70.00;3228.00;15.00;82.50;-30.00;0;0;14.11;0;2.09;2.58;76880.00;70.00;70.00;48.00;4531.00;971.22;0;5.00;1;0;1;0;0;1;0;0;0;0;0;1;1;0;0;0;0;0
636298;1.67;1.00;67.00;3192.00;15.00;82.50;36.00;3.92;12.43;14.21;0.84;2.83;2.58;76880.00;67.00;67.00;48.00;4371.00;971.42;878.90;5.00;1;0;1;0;0;1;0;0;0;0;0;1;1;0;0;0;0;0
637762;2.93;0.95;70.00;3209.00;15.00;82.50;32.25;11.37;24.41;14.02;0.59;4.39;2.58;76880.00;69.00;70.00;48.00;4496.60;971.57;566.40;5.00;1;0;1;0;0;1;0;0;0;0;0;1;1;0;0;0;0;0
639295;1.89;0.99;73.00;3420.00;15.00;82.50;39.00;5.49;15.63;14.11;0.35;0.33;2.58;76880.00;74.00;74.00;48.00;4519.80;971.61;878.90;5.00;1;0;1;0;0;1;0;0;0;0;0;1;1;0;0;0;0;0
640702;1.18;0.92;73.00;3422.00;15.00;82.50;39.00;3.14;10.49;14.02;2.30;0;2.58;76880.00;74.00;74.00;48.00;4522.80;971.61;878.90;5.00;1;0;1;0;0;1;0;0;0;0;0;1;1;0;0;0;0;0
642034;2.17;0.85;75.00;3493.00;15.00;82.50;38.25;8.24;20.40;14.11;2.29;1.07;2.58;76880.00;75.00;75.00;48.00;4497.40;971.69;39.06;5.00;1;0;1;0;0;1;0;0;0;0;0;1;1;0;0;0;0;0
643361;0.57;1.00;75.00;3418.00;15.00;82.50;-30.00;0;0;14.11;1.31;0.96;2.58;76880.00;75.00;74.00;48.00;4595.00;971.73;0;5.00;1;0;1;0;0;1;0;0;0;0;0;1;1;0;0;0;0;0
644848;1.16;1.00;71.00;3278.00;15.00;82.50;38.25;2.35;8.92;14.02;0;0;2.58;76880.00;72.00;71.00;48.00;4369.20;971.73;898.43;5.00;1;0;1;0;0;1;0;0;0;0;0;1;1;0;0;0;0;0
646279;1.23;0.96;71.00;3303.00;15.00;82.50;38.25;3.14;10.52;14.02;0;0;2.58;76880.00;71.00;72.00;48.00;4503.20;971.93;859.36;5.00;1;0;1;0;0;1;0;0;0;0;0;1;1;0;0;0;0;0
647699;4.16;1.00;73.00;3446.00;15.00;82.50;30.00;17.65;28.98;14.02;1.56;1.07;2.58;76880.00;74.00;74.00;48.00;4511.60;972.12;820.30;5.00;1;0;1;0;0;1;0;0;0;0;0;1;1;0;0;0;0;0
649176;6.18;0.96;85.00;3927.00;15.00;82.50;15.75;38.04;44.71;14.02;3.36;2.01;2.58;76880.00;84.00;85.00;48.00;4589.60;972.43;761.71;5.00;1;0;1;0;0;1;0;0;0;0;0;1;1;0;0;0;0;0
650583;5.92;0.97;95.00;4365.00;15.00;82.50;19.50;37.26;43.97;14.02;0.66;0.59;2.58;76880.00;93.00;95.00;48.00;4562.60;972.47;58.59;5.00;1;0;1;0;0;1;0;0;0;0;0;1;1;0;0;0;0;0
651984;3.94;1.06;100.00;4583.00;15.00;82.50;36.00;19.61;28.98;13.92;0.37;0.61;2.82;76880.00;98.00;100.00;48.00;4512.40;972.43;585.93;5.00;1;0;1;0;0;1;0;0;0;0;0;1;1;0;0;0;0;0
653384;2.09;0.98;100.00;4604.00;15.00;82.50;46.50;7.84;17.40;14.02;2.09;1.05;2.58;76880.00;100.00;100.00;48.00;4416.80;972.32;898.43;5.00;1;0;1;0;0;1;0;0;0;0;0;1;1;0;0;0;0;0
654879;0.54;1.00;95.00;4368.00;15.00;81.75;42.00;0;4.24;14.02;1.60;0;2.58;76880.00;95.00;95.00;48.00;4517.60;972.40;820.30;5.00;1;0;1;0;0;1;0;0;0;0;0;1;1;0;0;0;0;0
656288;0.63;1.00;87.00;4053.00;15.00;81.75;46.50;0.78;5.11;14.11;0.14;0.86;2.58;76880.00;88.00;88.00;48.00;4260.40;972.63;97.66;5.00;1;0;1;0;0;1;0;0;0;0;0;1;1;0;0;0;0;0
657568;1.06;1.00;83.00;3826.00;15.00;81.75;41.25;2.35;7.89;14.02;0;1.00;2.58;76880.00;84.00;83.00;48.00;4270.60;972.83;917.96;5.00;1;0;1;0;0;1;0;0;0;0;0;1;1;0;0;0;0;0
659023;2.30;0.93;83.00;3822.00;15.00;81.75;41.25;7.84;19.53;14.02;2.30;0.51;2.58;76880.00;83.00;84.00;48.00;4518.00;972.90;898.43;5.00;1;0;1;0;0;1;0;0;0;0;0;1;1;0;0;0;0;0
660314;3.04;1.00;83.00;3838.00;15.00;81.75;39.75;9.41;20.92;14.02;1.58;1.76;2.58;76880.00;83.00;83.00;48.00;4502.00;972.94;878.90;5.00;1;0;1;0;0;1;0;0;0;0;0;1;1;0;0;0;0;0
661709;5.62;1.00;90.00;4161.00;15.00;81.75;25.50;26.67;38.11;14.02;1.02;0;2.58;76880.00;89.00;91.00;48.00;4529.60;972.98;898.43;5.00;1;0;1;0;0;1;0;0;0;0;0;1;1;0;0;0;0;0
663133;6.00;1.00;101.00;4677.00;15.00;81.75;20.25;39.61;43.58;14.02;0.06;0.43;2.58;76880.00;100.00;102.00;48.00;4555.40;973.22;19.53;5.00;1;0;1;0;0;1;0;0;0;0;0;1;1;0;0;0;0;0
664522;3.70;1.05;106.00;4911.00;15.00;81.75;38.25;18.83;26.64;14.02;1.78;0;2.58;76880.00;105.00;107.00;48.00;4506.40;973.33;839.83;5.00;1;0;1;0;0;1;0;0;0;0;0;1;1;0;0;0;0;0
665972;1.98;1.05;110.00;5004.00;15.00;81.00;46.50;6.28;19.46;14.11;1.89;0.78;2.58;76880.00;109.00;110.00;48.00;4351.60;973.45;917.96;5.00;1;0;1;0;0;1;0;0;0;0;0;1;1;0;0;0;0;0
667384;1.68;0.98;106.00;4488.00;15.00;81.00;47.25;5.88;13.50;14.11;0.33;2.64;2.58;76880.00;106.00;106.00;48.00;4459.60;973.53;898.43;6.00;1;0;1;0;0;1;0;0;0;0;0;1;1;0;0;0;0;0
668808;1.28;0.94;102.00;4389.00;15.00;81.00;48.00;4.31;10.63;14.11;1.11;0;2.58;76880.00;103.00;103.00;48.00;4479.80;973.84;898.43;6.00;1;0;1;0;0;1;0;0;0;0;0;1;1;0;0;0;0;0
670212;0.50;0.90;98.00;4163.00;15.00;81.00;46.50;0.39;4.75;14.11;3.50;0.68;2.58;76880.00;98.00;99.00;48.00;4531.00;974.00;546.87;6.00;1;0;1;0;0;1;0;0;0;0;0;1;1;0;0;0;0;0
671536;1.41;0.87;93.00;4006.00;15.00;81.00;45.75;5.10;13.09;14.11;1.80;0.82;2.58;76880.00;93.00;94.00;48.00;4500.00;974.19;859.36;6.00;1;0;1;0;0;1;0;0;0;0;0;1;1;0;0;0;0;0
672984;1.30;0.80;91.00;3844.00;15.00;81.00;44.25;4.71;12.91;14.11;0.62;0;2.58;76880.00;91.00;91.00;48.00;4522.20;974.58;97.66;6.00;1;0;1;0;0;1;0;0;0;0;0;1;1;0;0;0;0;0
674389;1.10;0.84;88.00;3714.00;15.00;81.00;42.00;3.53;10.58;14.11;0.20;0.25;2.58;76881.00;89.00;88.00;48.00;4522.20;974.82;644.52;6.00;1;0;1;0;0;1;0;0;0;0;0;1;1;0;0;0;0;0
675768;0.84;0.84;85.00;3591.00;15.00;81.00;41.25;1.96;7.82;14.02;0;0.29;2.58;76881.00;84.00;85.00;48.00;4520.20;975.13;781.24;6.00;1;0;1;0;0;1;0;0;0;0;0;1;1;0;0;0;0;0
677233;1.08;0.83;81.00;3486.00;15.00;81.00;39.75;3.53;10.41;14.11;0;2.07;2.58;76881.00;82.00;82.00;48.00;4491.60;975.33;58.59;6.00;1;0;1;0;0;1;0;0;0;0;0;1;1;0;0;0;0;0
678584;3.50;0.96;85.00;3600.00;15.00;81.00;31.50;16.08;27.96;14.02;5.57;0.70;2.58;76881.00;85.00;85.00;48.00;4547.20;975.40;878.90;6.00;1;0;1;0;0;1;0;0;0;0;0;1;1;0;0;0;0;0
680071;1.48;0.98;86.00;3673.00;15.00;81.00;42.00;4.31;12.73;14.11;2.34;0;2.58;76881.00;87.00;86.00;48.00;4515.00;975.44;898.43;6.00;1;0;1;0;0;1;0;0;0;0;0;1;1;0;0;0;0;0
681403;1.85;0.93;83.00;3734.00;15.00;81.75;42.00;5.49;14.55;14.02;0.10;4.37;2.58;76881.00;84.00;84.00;48.00;4464.20;975.44;898.43;6.00;1;0;1;0;0;1;0;0;0;0;0;1;1;0;0;0;0;0
682770;5.25;0.96;91.00;3909.00;15.00;81.75;21.75;27.85;40.01;14.02;1.46;3.07;2.58;76881.00;90.00;92.00;48.00;4585.40;975.64;781.24;6.00;1;0;1;0;0;1;0;0;0;0;0;1;1;0;0;0;0;0
684203;5.26;0.98;97.00;4166.00;15.00;81.75;29.25;22.36;34.65;14.02;3.24;0.29;2.58;76881.00;96.00;98.00;48.00;4545.40;975.79;859.36;6.00;1;0;1;0;0;1;0;0;0;0;0;1;1;0;0;0;0;0
685528;2.64;1.00;102.00;4372.00;15.00;81.75;42.00;10.59;21.82;14.02;0.59;0.64;2.58;76881.00;103.00;103.00;48.00;4436.40;976.07;898.43;6.00;1;0;1;0;0;1;0;0;0;0;0;1;1;0;0;0;0;0
686980;0.54;1.00;100.00;4213.00;15.00;81.75;42.00;0;4.32;14.02;0.25;1.07;2.58;76881.00;100.00;100.00;48.00;4521.40;976.07;839.83;6.00;1;0;1;0;0;1;0;0;0;0;0;1;1;0;0;0;0;0
688341;0.54;1.00;93.00;3992.00;15.00;81.75;-30.00;0;0;14.11;1.66;0.82;2.58;76881.00;94.00;94.00;48.00;4549.80;976.38;0;6.00;1;0;1;0;0;1;0;0;0;0;0;1;1;0;0;0;0;0
689758;0.55;1.00;88.00;3700.00;15.00;82.50;-30.00;0;0;14.02;1.33;0.66;2.58;76881.00;88.00;88.00;48.00;4530.20;976.58;0;6.00;1;0;1;0;0;1;0;0;0;0;0;1;1;0;0;0;0;0
691161;1.10;1.00;83.00;3517.00;15.00;82.50;39.75;0.39;5.39;14.02;3.73;0;2.58;76881.00;84.00;83.00;48.00;4269.60;976.65;898.43;6.00;1;0;1;0;0;1;0;0;0;0;0;1;1;0;0;0;0;0
692558;1.26;0.98;81.00;3474.00;15.00;82.50;39.75;3.14;10.38;14.02;0.21;0;2.58;76881.00;82.00;82.00;48.00;4487.40;976.69;898.43;6.00;1;0;1;0;0;1;0;0;0;0;0;1;1;0;0;0;0;0
693994;1.14;0.93;81.00;3479.00;15.00;82.50;39.75;3.14;9.84;14.11;0.49;1.19;2.58;76881.00;80.00;81.00;48.00;4508.80;977.16;878.90;6.00;1;0;1;0;0;1;0;0;0;0;0;1;1;0;0;0;0;0
695340;1.90;1.00;81.00;3443.00;15.00;82.50;39.75;5.88;16.69;14.11;2.64;1.17;2.58;76881.00;82.00;82.00;48.00;4469.00;977.47;878.90;6.00;1;0;1;0;0;1;0;0;0;0;0;1;1;0;0;0;0;0
696757;5.54;1.00;88.00;3789.00;15.00;82.50;20.25;28.63;40.11;14.11;0.14;7.93;2.58;76881.00;88.00;89.00;48.00;4609.00;977.71;722.65;6.00;1;0;1;0;0;1;0;0;0;0;0;1;1;0;0;0;0;0
698183;6.07;0.96;98.00;4202.00;15.00;82.50;17.25;36.87;44.54;14.11;1.86;0.66;2.58;76881.00;97.00;99.00;48.00;4591.60;977.86;703.12;6.00;1;0;1;0;0;1;0;0;0;0;0;1;1;0;0;0;0;0
699523;4.09;1.00;106.00;4511.00;15.00;82.50;32.25;21.96;31.82;14.02;1.97;2.30;2.58;76881.00;104.00;106.00;48.00;4530.80;978.10;644.52;6.00;1;0;1;0;0;1;0;0;0;0;0;1;1;0;0;0;0;0
701087;4.05;1.10;110.00;4679.00;15.00;82.50;36.75;18.83;28.09;13.92;0.70;1.39;2.82;76881.00;109.00;111.00;48.00;4510.00;978.25;742.18;6.00;1;0;1;0;0;1;0;0;0;0;0;1;1;0;0;0;0;0
702423;3.46;1.02;113.00;4828.00;15.00;82.50;39.00;17.65;26.00;14.02;0;0.57;2.58;76881.00;112.00;114.00;48.00;4505.80;978.53;742.18;6.00;1;0;1;0;0;1;0;0;0;0;0;1;1;0;0;0;0;0
703839;3.54;1.06;116.00;4898.00;15.00;82.50;39.75;16.86;25.31;13.92;0;1.23;2.82;76881.00;115.00;116.00;48.00;4500.40;978.84;800.77;6.00;1;0;1;0;0;1;0;0;0;0;0;1;1;0;0;0;0;0
705297;2.67;0.94;116.00;4931.00;15.00;82.50;43.50;12.16;21.92;14.11;2.15;0;2.58;76881.00;116.00;117.00;48.00;4510.20;979.00;58.59;6.00;1;0;1;0;0;1;0;0;0;0;0;1;1;0;0;0;0;0
706622;3.62;1.09;118.00;5027.00;15.00;82.50;40.50;18.04;25.44;14.02;0.47;1.39;2.58;76881.00;117.00;119.00;48.00;4516.00;979.08;566.40;6.00;1;0;1;0;0;1;0;0;0;0;0;1;1;0;0;0;0;0
708080;3.00;1.02;118.00;5009.00;15.00;82.50;43.50;14.12;22.76;14.02;1.19;2.58;2.58;76881.00;118.00;119.00;48.00;4511.60;979.39;605.46;6.00;1;0;1;0;0;1;0;0;0;0;0;1;1;0;0;0;0;0
709446;2.84;0.99;118.00;5004.00;15.00;81.75;44.25;12.94;22.20;14.02;0.04;0;2.58;76881.00;117.00;119.00;48.00;4498.20;979.54;839.83;6.00;1;0;1;0;0;1;0;0;0;0;0;1;1;0;0;0;0;0
710847;2.51;0.99;115.00;4846.00;15.00;81.75;45.75;10.20;19.84;14.02;0;1.64;2.58;76881.00;113.00;115.00;48.00;4549.00;979.62;195.31;6.00;1;0;1;0;0;1;0;0;0;0;0;1;1;0;0;0;0;0
712205;3.93;1.09;113.00;4817.00;15.00;81.75;37.50;18.83;27.25;14.02;0;0;2.58;76882.00;112.00;113.00;48.00;4550.60;979.97;39.06;6.00;1;0;1;0;0;1;0;0;0;0;0;1;1;0;0;0;0;0
713535;4.13;1.00;115.00;4908.00;15.00;81.75;35.25;22.75;29.82;14.11;3.05;0;2.58;76882.00;113.00;115.00;48.00;4507.80;980.05;39.06;6.00;1;0;1;0;0;1;0;0;0;0;0;1;1;0;0;0;0;0
715005;4.51;1.04;117.00;4960.00;15.00;81.75;32.25;26.67;32.57;14.02;0;0.33;2.58;76882.00;117.00;117.00;48.00;4498.00;980.09;410.15;6.00;1;0;1;0;0;1;0;0;0;0;0;1;1;0;0;0;0;0
716453;3.02;1.02;117.00;4995.00;15.00;81.75;42.75;14.12;22.77;14.02;0;0;2.58;76882.00;116.00;118.00;48.00;4514.40;980.25;605.46;6.00;1;0;1;0;0;1;0;0;0;0;0;1;1;0;0;0;0;0
717901;3.26;1.04;117.00;4973.00;15.00;81.75;41.25;15.69;23.95;14.02;0.37;0.14;2.58;76882.00;116.00;117.00;48.00;4516.20;980.36;859.36;6.00;1;0;1;0;0;1;0;0;0;0;0;1;1;0;0;0;0;0
719351;1.18;1.00;115.00;4828.00;15.00;81.75;48.75;3.92;9.37;14.11;0.35;1.11;2.58;76882.00;115.00;116.00;48.00;4462.00;980.40;898.43;6.00;1;0;1;0;0;1;0;0;0;0;0;1;1;0;0;0;0;0
720761;0.97;0.96;111.00;4727.00;15.00;81.75;48.75;3.14;7.90;13.92;1.60;0;2.82;76882.00;111.00;111.00;48.00;4478.40;980.56;917.96;6.00;1;0;1;0;0;1;0;0;0;0;0;1;1;0;0;0;0;0
722167;0.54;1.00;106.00;4443.00;15.00;81.75;-30.00;0;0;14.11;0;0;2.58;76882.00;105.00;106.00;48.00;4469.20;980.72;0;6.00;1;0;1;0;0;1;0;0;0;0;0;1;1;0;0;0;0;0
723522;3.11;0.95;103.00;4420.00;15.00;81.75;40.50;12.16;23.66;14.02;0;3.03;2.58;76882.00;102.00;104.00;48.00;4529.20;980.83;683.59;6.00;1;0;1;0;0;1;0;0;0;0;0;1;1;0;0;0;0;0
725019;2.98;0.97;106.00;4467.00;15.00;81.75;40.50;12.55;23.90;14.02;1.97;1.91;2.58;76882.00;105.00;106.00;48.00;4516.20;981.03;58.59;6.00;1;0;1;0;0;1;0;0;0;0;0;1;1;0;0;0;0;0
726385;3.66;1.09;108.00;4597.00;15.00;81.75;38.25;16.08;26.46;14.11;0.88;0.55;2.58;76882.00;107.00;109.00;48.00;4530.60;981.38;722.65;6.00;1;0;1;0;0;1;0;0;0;0;0;1;1;0;0;0;0;0
727686;2.49;0.94;110.00;4621.00;15.00;81.75;43.50;9.81;20.80;14.11;0;1.97;2.58;76882.00;109.00;110.00;48.00;4504.80;981.65;722.65;6.00;1;0;1;0;0;1;0;0;0;0;0;1;1;0;0;0;0;0
729126;2.78;1.02;111.00;4736.00;15.00;81.75;43.50;10.59;21.16;14.02;1.72;0.55;2.58;76882.00;110.00;112.00;48.00;4493.80;981.81;136.72;6.00;1;0;1;0;0;1;0;0;0;0;0;1;1;0;0;0;0;0
730426;2.48;1.00;112.00;4760.00;15.00;81.75;45.75;9.41;19.63;14.11;0;1.27;2.58;76882.00;113.00;113.00;48.00;4494.20;981.85;781.24;6.00;1;0;1;0;0;1;0;0;0;0;0;1;1;0;0;0;0;0
731833;3.22;1.07;113.00;4823.00;15.00;81.75;42.00;13.73;23.39;14.02;0;0;2.58;76882.00;113.00;114.00;48.00;4516.00;982.43;136.72;6.00;1;0;1;0;0;1;0;0;0;0;0;1;1;0;0;0;0;0
733264;3.58;1.06;115.00;4882.00;15.00;81.75;39.00;17.65;25.87;13.92;0;1.56;2.82;76882.00;113.00;115.00;48.00;4502.80;982.71;722.65;6.00;1;0;1;0;0;1;0;0;0;0;0;1;1;0;0;0;0;0
734598;3.71;1.06;115.00;4901.00;15.00;81.75;38.25;18.83;26.73;14.11;0.31;0;2.58;76882.00;114.00;116.00;48.00;4519.00;982.86;820.30;6.00;1;0;1;0;0;1;0;0;0;0;0;1;1;0;0;0;0;0
735876;4.27;1.08;117.00;4948.00;15.00;81.75;35.25;23.14;29.89;14.11;0.41;1.60;2.58;76882.00;115.00;117.00;48.00;4510.80;983.22;117.19;6.00;1;0;1;0;0;1;0;0;0;0;0;1;1;0;0;0;0;0
737342;3.75;1.00;117.00;4980.00;15.00;81.75;36.00;21.18;28.55;14.02;1.27;2.32;2.58;76882.00;116.00;118.00;48.00;4514.20;983.25;683.59;6.00;1;0;1;0;0;1;0;0;0;0;0;1;1;0;0;0;0;0
738617;3.58;1.07;117.00;4959.00;15.00;81.75;39.00;18.04;25.67;14.11;0.12;0;2.58;76882.00;116.00;117.00;48.00;4505.00;983.22;722.65;6.00;1;0;1;0;0;1;0;0;0;0;0;1;1;0;0;0;0;0
740025;2.85;1.00;116.00;4906.00;15.00;81.75;43.50;12.16;22.08;14.11;1.97;0;2.58;76882.00;115.00;116.00;48.00;4513.80;983.29;58.59;6.00;1;0;1;0;0;1;0;0;0;0;0;1;1;0;0;0;0;0
741505;3.96;1.08;115.00;4856.00;15.00;81.75;37.50;18.83;26.72;14.02;2.27;0.06;2.58;76882.00;114.00;115.00;48.00;4519.20;983.37;58.59;6.00;1;0;1;0;0;1;0;0;0;0;0;1;1;0;0;0;0;0
742908;4.14;1.06;116.00;4898.00;15.00;81.75;35.25;22.36;29.59;14.02;3.57;0.66;2.58;76882.00;114.00;116.00;48.00;4517.60;983.25;839.83;6.00;1;0;1;0;0;1;0;0;0;0;0;1;1;0;0;0;0;0
744331;3.74;1.07;115.00;4882.00;15.00;81.75;38.25;18.43;26.85;14.02;0.14;0;2.58;76883.00;114.00;115.00;48.00;4516.40;983.33;800.77;6.00;1;0;1;0;0;1;0;0;0;0;0;1;1;0;0;0;0;0
745626;4.82;1.11;116.00;4905.00;15.00;81.75;32.25;26.28;32.91;13.92;0;0.96;2.82;76883.00;114.00;116.00;48.00;4525.80;983.41;800.77;6.00;1;0;1;0;0;1;0;0;0;0;0;1;1;0;0;0;0;0
747048;2.50;0.94;116.00;4921.00;15.00;81.75;44.25;10.98;21.05;14.02;1.05;0.29;2.58;76883.00;115.00;117.00;48.00;4476.80;983.41;605.46;6.00;1;0;1;0;0;1;0;0;0;0;0;1;1;0;0;0;0;0
748452;3.42;1.04;113.00;4817.00;15.00;81.75;39.75;16.08;25.07;13.92;3.11;0;2.82;76883.00;113.00;114.00;48.00;4538.80;983.45;820.30;6.00;1;0;1;0;0;1;0;0;0;0;0;1;1;0;0;0;0;0
749834;3.87;1.00;113.00;4829.00;15.00;81.75;35.25;21.96;29.64;14.02;0;0;2.58;76883.00;112.00;114.00;48.00;4518.20;983.84;39.06;6.00;1;0;1;0;0;1;0;0;0;0;0;1;1;0;0;0;0;0
751181;4.33;1.00;116.00;4907.00;15.00;81.75;32.25;26.28;33.04;14.02;0;0.96;2.58;76883.00;114.00;116.00;48.00;4497.20;983.61;800.77;6.00;1;0;1;0;0;1;0;0;0;0;0;0;1;0;0;0;0;0
752551;2.81;1.00;117.00;4952.00;15.00;82.50;42.75;12.94;22.58;13.92;1.05;0.29;2.82;76883.00;115.00;118.00;48.00;4493.40;983.29;683.59;6.00;1;0;1;0;0;1;0;0;0;0;0;1;1;0;0;0;0;0
753971;2.92;0.99;116.00;4922.00;15.00;82.50;42.75;13.73;22.80;14.11;2.38;0.53;2.58;76883.00;115.00;117.00;48.00;4523.00;983.33;175.78;6.00;1;0;1;0;0;1;0;0;0;0;0;1;1;0;0;0;0;0
755375;3.80;1.06;117.00;4998.00;15.00;82.50;37.50;20.00;27.39;14.11;0.61;0.16;2.58;76883.00;117.00;118.00;48.00;4534.40;983.33;781.24;6.00;1;0;1;0;0;1;0;0;0;0;0;1;1;0;0;0;0;0
756783;2.94;1.00;118.00;5050.00;15.00;82.50;42.75;15.30;23.59;14.02;0;0.90;2.58;76883.00;118.00;119.00;48.00;4498.60;983.33;722.65;6.00;1;0;1;0;0;1;0;0;0;0;0;1;1;0;0;0;0;0
758242;2.75;0.98;118.00;5049.00;15.00;82.50;44.25;12.16;21.64;13.92;2.52;0;2.82;76883.00;117.00;119.00;48.00;4497.80;983.45;683.59;6.00;1;0;1;0;0;1;0;0;0;0;0;1;1;0;0;0;0;0
759515;2.92;1.03;117.00;4955.00;15.00;82.50;43.50;12.16;21.94;14.02;1.52;0.37;2.58;76883.00;116.00;117.00;48.00;4517.20;983.61;839.83;6.00;1;0;1;0;0;1;0;0;0;0;0;1;1;0;0;0;0;0
761085;1.82;0.92;113.00;4846.00;15.00;82.50;48.00;7.45;15.72;14.11;0.55;0;2.58;76883.00;113.00;114.00;48.00;4484.80;983.76;117.19;6.00;1;0;1;0;0;1;0;0;0;0;0;1;1;0;0;0;0;0
762494;1.70;0.97;112.00;4759.00;15.00;82.50;48.00;6.67;13.95;14.02;0;0;2.58;76883.00;111.00;112.00;48.00;4509.20;984.04;839.83;6.00;1;0;1;0;0;1;0;0;0;0;0;1;1;0;0;0;0;0
763895;2.91;1.00;112.00;4741.00;15.00;82.50;41.25;13.73;23.83;14.02;1.11;0;2.58;76883.00;111.00;112.00;48.00;4505.40;984.23;859.36;6.00;1;0;1;0;0;1;0;0;0;0;0;1;1;0;0;0;0;0
765309;1.92;0.91;110.00;4695.00;15.00;82.50;47.25;7.45;16.56;14.11;1.23;0.55;2.58;76883.00;108.00;110.00;48.00;4477.20;984.23;761.71;6.00;1;0;1;0;0;1;0;0;0;0;0;1;1;0;0;0;0;0
766552;2.10;0.96;107.00;4546.00;15.00;82.50;46.50;7.45;17.27;14.02;0.39;1.00;2.58;76883.00;106.00;108.00;48.00;4493.80;984.47;722.65;6.00;1;0;1;0;0;1;0;0;0;0;0;1;1;0;0;0;0;0
767966;0.63;0.99;102.00;4318.00;15.00;82.50;47.25;1.18;5.35;14.02;1.66;0.06;2.58;76883.00;102.00;102.00;48.00;4502.60;984.39;898.43;6.00;1;0;1;0;0;1;0;0;0;0;0;1;1;0;0;0;0;0
769370;0.54;1.00;95.00;4009.00;15.00;82.50;-30.00;0;0;14.11;1.27;2.03;2.58;76883.00;95.00;95.00;48.00;4539.60;984.47;0;6.00;1;0;1;0;0;1;0;0;0;0;0;1;1;0;0;0;0;0
770669;1.48;0.99;88.00;3747.00;15.00;82.50;24.00;3.92;8.89;14.21;1.19;2.11;2.58;76883.00;88.00;89.00;48.00;4362.80;984.62;898.43;6.00;1;0;1;0;0;1;0;0;0;0;0;1;1;0;0;0;0;0
772114;0.60;1.00;83.00;3529.00;15.00;82.50;-4.50;0;0.23;14.11;1.76;0.06;2.58;76883.00;84.00;83.00;48.00;4523.20;984.66;839.83;6.00;1;0;1;0;0;1;0;0;0;0;0;1;1;0;0;0;0;0
773519;0.64;1.00;77.00;3226.00;15.00;82.50;-30.00;0;0;14.21;1.11;0;2.58;76883.00;77.00;76.00;48.00;4444.60;984.93;0;6.00;1;0;1;0;0;1;0;0;0;0;0;1;1;0;0;0;0;0
774942;1.55;0.99;72.00;3042.00;15.00;82.50;35.25;3.53;12.54;14.21;1.21;1.15;2.58;76883.00;72.00;72.00;48.00;4436.40;984.97;859.36;6.00;1;0;1;0;0;1;0;0;0;0;0;1;1;0;0;0;0;0
776394;1.22;0.94;70.00;2913.00;15.00;82.50;33.00;2.75;10.78;14.11;2.85;2.42;2.58;76884.00;70.00;69.00;48.00;4530.40;985.09;878.90;6.00;1;0;1;0;0;1;0;0;0;0;0;1;1;0;0;0;0;0
777681;0.72;1.00;65.00;2736.00;15.00;82.50;-30.00;0;0;14.11;1.72;1.07;2.58;76884.00;65.00;64.00;48.00;4600.80;985.25;0;6.00;1;0;1;0;0;1;0;0;0;0;0;1;1;0;0;0;0;0
779078;0.99;1.00;57.00;2478.00;15.00;82.50;24.75;0.39;11.84;14.11;6.33;16.01;2.58;76884.00;58.00;58.00;48.00;4283.40;985.21;859.36;6.00;1;0;1;0;0;1;0;0;1;0;0;1;1;0;0;0;0;0
780553;0.88;1.00;50.00;2339.00;15.00;82.50;14.25;0;12.17;14.21;2.93;67.81;2.58;76884.00;50.00;51.00;43.00;4500.20;985.17;39.06;5.00;1;0;1;1;0;1;0;0;1;0;0;1;1;0;0;0;0;0
781977;2.48;1.00;41.00;2108.00;15.00;82.50;6.75;2.75;11.75;14.30;72.77;135.54;2.58;76884.00;41.00;41.00;48.00;4518.40;985.25;859.36;4.00;1;0;1;0;0;1;0;0;1;0;0;1;1;0;0;0;0;0
783479;1.12;1.00;28.00;1651.00;15.00;82.50;14.25;0;12.29;14.21;47.81;106.65;2.58;76884.00;28.00;29.00;43.00;4515.60;985.25;878.90;2.00;1;0;1;1;0;1;0;0;1;0;0;1;1;0;0;1;0;0
784831;1.34;0.98;15.00;1339.00;15.00;82.50;13.50;0;12.09;14.30;52.97;84.80;2.58;76884.00;15.00;15.00;42.00;4494.00;985.29;878.90;1;1;0;1;0;0;1;0;0;1;0;0;1;1;0;0;0;0;0
786311;1.37;0.94;7.00;1270.00;15.00;83.25;13.50;0;12.05;14.39;74.84;97.20;2.31;76884.00;8.00;8.00;42.00;4523.40;985.33;722.65;1;1;0;1;0;0;1;0;0;1;0;0;1;1;0;0;0;0;0
787636;1.33;0.94;3.00;1209.00;15.00;83.25;18.00;0;12.76;14.30;44.18;57.93;2.58;76884.00;4.00;4.00;41.00;4515.80;985.33;58.59;1;1;0;1;0;0;1;0;0;1;0;0;1;1;0;0;0;0;0
788995;1.38;0.98;0;1307.00;15.00;83.25;12.00;0;11.64;14.39;26.35;28.38;2.31;76884.00;0;0;40.00;4516.00;985.33;781.24;1;1;0;1;0;0;1;0;0;1;0;0;1;1;0;0;0;0;0
790481;1.34;0.97;0;1202.00;15.00;83.25;18.00;0;12.60;14.11;11.25;14.02;2.58;76884.00;0;0;39.00;4506.60;985.33;19.53;1;1;0;1;0;0;1;0;0;1;0;0;1;1;0;0;0;0;0
791877;4.09;1.00;0;2533.00;15.00;84.00;24.75;13.73;29.88;14.21;50.07;22.97;2.58;76884.00;0;0;47.00;4504.00;985.33;820.30;1;1;0;1;0;0;1;0;0;1;0;0;1;1;0;0;0;0;0
793346;4.50;1.01;27.00;3070.00;15.00;84.00;22.50;21.57;34.95;14.11;232.91;260.18;2.58;76884.00;27.00;28.00;47.00;4568.00;985.33;878.90;1;1;0;1;0;0;1;0;0;1;0;0;1;1;0;0;0;0;0
794799;5.65;1.00;50.00;3938.00;15.00;84.00;30.00;21.18;34.63;14.11;341.64;348.30;2.58;76884.00;50.00;50.00;47.00;4252.80;985.33;917.96;2.00;1;0;1;0;0;1;0;0;1;0;0;1;1;0;0;0;0;0
796218;0;1.00;67.00;4838.00;15.00;84.00;42.75;0;4.31;14.02;335.29;308.18;2.58;76884.00;66.00;67.00;47.00;4311.80;985.25;917.96;2.00;1;0;1;0;0;1;0;0;1;0;0;1;1;0;0;0;0;0
797539;2.09;0.99;71.00;4334.00;15.00;83.25;45.75;6.67;16.57;14.11;210.28;300.49;2.58;76884.00;71.00;71.00;47.00;4405.40;985.13;878.90;3.00;1;0;1;0;0;1;0;0;1;0;0;1;1;0;0;0;0;0
798992;0.68;0.93;70.00;4143.00;15.00;82.50;46.50;1.57;6.81;14.02;34.49;44.65;2.58;76884.00;70.00;69.00;48.00;4530.00;985.09;722.65;3.00;1;0;1;0;0;1;0;0;1;0;0;1;1;0;0;0;0;0
800414;0.91;0.90;65.00;3936.00;15.00;81.75;45.75;2.35;8.18;14.11;4.16;5.70;2.58;76884.00;64.00;65.00;48.00;4517.40;985.17;859.36;3.00;1;0;1;0;0;1;0;0;1;0;0;1;1;0;0;0;0;0
801762;0.67;0.89;60.00;3692.00;15.00;81.75;42.75;1.18;6.56;14.11;4.36;1.60;2.58;76884.00;60.00;60.00;48.00;4521.20;985.05;19.53;3.00;1;0;1;0;0;1;0;0;1;0;0;1;1;0;0;0;0;0
803179;1.25;0.93;56.00;3407.00;15.00;81.75;39.00;2.75;10.52;14.11;1.60;0.04;2.58;76884.00;56.00;56.00;48.00;4496.60;985.05;859.36;3.00;1;0;1;0;0;1;0;0;1;0;0;1;1;0;0;0;0;0
804494;0.93;1.00;56.00;3373.00;15.00;81.75;39.00;1.57;7.88;14.11;1.56;0.72;2.58;76884.00;56.00;56.00;48.00;4538.80;985.17;898.43;3.00;1;0;1;0;0;1;0;0;1;0;0;1;1;0;0;0;0;0
805882;0.82;1.00;51.00;3086.00;15.00;81.75;40.50;0;12.56;14.11;3.07;0.64;2.58;76884.00;51.00;51.00;48.00;4523.00;985.21;0;3.00;1;0;1;0;0;1;0;0;1;0;0;1;1;0;0;0;0;0
807331;1.50;1.00;47.00;2877.00;15.00;81.75;32.25;2.75;11.73;14.21;0.39;2.21;2.58;76884.00;47.00;47.00;48.00;4397.40;985.21;878.90;3.00;1;0;1;0;0;1;0;0;1;0;0;1;1;0;0;0;0;0
808674;1.47;0.95;45.00;2778.00;15.75;81.75;30.75;2.75;12.25;14.11;1.46;0.20;2.58;76884.00;46.00;45.00;48.00;4504.60;985.25;859.36;3.00;1;0;1;0;0;1;0;0;1;0;0;1;1;0;0;0;0;0
810156;1.47;0.90;43.00;2668.00;15.75;81.75;28.50;2.75;13.06;14.21;0.14;0.61;2.58;76884.00;44.00;44.00;48.00;4482.80;985.09;898.43;3.00;1;0;1;0;0;1;0;0;1;0;0;1;1;0;0;0;0;0
811563;2.07;0.94;47.00;2859.00;15.75;81.75;31.50;5.49;18.14;14.11;1.23;0.68;2.58;76884.00;47.00;47.00;48.00;4545.40;984.97;742.18;3.00;1;0;1;0;0;1;0;0;1;0;0;1;1;0;0;0;0;0
812930;1.81;0.93;47.00;2912.00;15.75;81.75;33.00;4.31;15.69;14.11;0.76;0;2.58;76884.00;47.00;47.00;48.00;4502.00;984.78;898.43;3.00;1;0;1;0;0;1;0;0;1;0;0;1;1;0;0;0;0;0
814354;2.34;0.95;50.00;3082.00;15.75;81.75;35.25;6.28;20.41;14.21;0;0;2.58;76884.00;50.00;50.00;48.00;4540.60;984.54;878.90;3.00;1;0;1;0;0;1;0;0;1;0;0;1;1;0;0;0;0;0
815681;2.86;0.94;51.00;3177.00;15.75;82.50;34.50;8.24;23.35;14.11;0.49;1.39;2.58;76884.00;51.00;51.00;48.00;4515.00;984.39;585.93;3.00;1;0;1;0;0;1;0;0;1;0;0;1;1;0;0;0;0;0
817095;2.38;0.97;55.00;3337.00;15.00;82.50;37.50;6.67;19.74;14.11;2.05;3.01;2.58;76884.00;55.00;54.00;48.00;4507.00;984.35;898.43;3.00;1;0;1;0;0;1;0;0;1;0;0;1;1;0;0;0;0;0
818505;1.57;0.99;57.00;3538.00;15.00;82.50;40.50;3.92;13.26;14.11;1.11;2.77;2.58;76884.00;58.00;58.00;48.00;4531.00;984.23;898.43;3.00;1;0;1;0;0;1;0;0;1;0;0;1;1;0;0;0;0;0
819908;2.28;0.96;58.00;3628.00;15.00;82.50;41.25;6.67;19.29;14.02;0.66;0.43;2.58;76884.00;58.00;59.00;48.00;4505.40;984.19;859.36;3.00;1;0;1;0;0;1;0;0;1;0;0;1;1;0;0;0;0;0
821281;1.78;0.84;61.00;3725.00;15.00;82.50;42.00;5.88;16.76;14.11;1.23;0;2.58;76884.00;61.00;61.00;48.00;4519.40;984.15;136.72;3.00;1;0;1;0;0;1;0;0;1;0;0;1;1;0;0;0;0;0
822514;1.77;0.87;62.00;3849.00;15.00;82.50;44.25;5.88;16.51;14.02;1.76;1.25;2.58;76884.00;62.00;63.00;48.00;4512.80;984.15;117.19;3.00;1;0;1;0;0;1;0;0;1;0;0;1;1;0;0;0;0;0
823922;0.39;1.00;67.00;3684.00;15.00;82.50;-30.00;0;0;14.11;2.44;2.66;2.58;76884.00;67.00;67.00;48.00;4273.00;984.15;878.90;4.00;1;0;1;0;0;1;0;0;0;0;0;1;1;0;0;0;0;0
825423;2.29;0.89;71.00;3695.00;15.00;82.50;39.75;8.24;20.46;14.11;0.10;0.14;2.58;76884.00;71.00;72.00;48.00;4493.20;984.15;488.28;4.00;1;0;1;0;0;1;0;0;0;0;0;1;1;0;0;0;0;0
826771;1.09;0.84;72.00;3730.00;15.00;82.50;42.75;3.53;10.37;14.11;0.33;0.84;2.58;76884.00;72.00;72.00;48.00;4514.40;984.15;136.72;4.00;1;0;1;0;0;1;0;0;0;0;0;1;1;0;0;0;0;0
828175;1.62;0.88;72.00;3769.00;15.00;82.50;42.75;5.49;14.90;13.92;0.53;0;2.82;76884.00;72.00;72.00;48.00;4506.40;984.15;800.77;4.00;1;0;1;0;0;1;0;0;0;0;0;1;1;0;0;0;0;0
829570;0.44;1.00;73.00;3534.00;15.00;82.50;-30.00;0;0;14.11;1.27;0;2.58;76884.00;74.00;74.00;48.00;4283.60;984.15;878.90;4.00;1;0;1;0;0;1;0;0;0;0;0;1;1;0;0;0;0;0
830996;2.21;0.90;76.00;3552.00;15.00;82.50;39.75;7.06;19.40;14.11;1.50;0;2.58;76884.00;76.00;77.00;48.00;4474.00;984.15;624.99;5.00;1;0;1;0;0;1;0;0;0;0;0;1;1;0;0;0;0;0
832427;2.46;0.91;77.00;3606.00;15.00;82.50;39.00;7.84;19.81;14.11;0.02;0.29;2.58;76884.00;77.00;78.00;48.00;4510.20;984.15;156.25;5.00;1;0;1;0;0;1;0;0;0;0;0;1;1;0;0;0;0;0
833699;1.85;0.90;78.00;3624.00;15.75;82.50;41.25;5.88;16.62;14.11;0;0;2.58;76884.00;78.00;79.00;48.00;4517.20;984.15;742.18;5.00;1;0;1;0;0;1;0;0;0;0;0;1;1;0;0;0;0;0
835122;1.18;0.83;77.00;3567.00;15.75;82.50;40.50;3.92;11.39;14.02;0;0;2.58;76884.00;77.00;77.00;48.00;4531.00;984.15;97.66;5.00;1;0;1;0;0;1;0;0;0;0;0;1;1;0;0;0;0;0
836586;1.33;0.88;75.00;3494.00;15.75;82.50;39.75;3.92;12.21;14.11;0.68;3.46;2.58;76884.00;76.00;76.00;48.00;4515.60;984.15;371.09;5.00;1;0;1;0;0;1;0;0;0;0;0;1;1;0;0;0;0;0
838010;1.26;0.87;73.00;3422.00;15.75;82.50;39.00;3.92;11.75;14.11;1.23;0.25;2.58;76884.00;74.00;74.00;48.00;4492.20;984.15;898.43;5.00;1;0;1;0;0;1;0;0;0;0;0;1;1;0;0;0;0;0
839418;3.18;0.91;76.00;3522.00;15.75;82.50;34.50;11.77;24.64;14.11;1.04;1.76;2.58;76884.00;75.00;77.00;48.00;4490.40;984.15;859.36;5.00;1;0;1;0;0;1;0;0;0;0;0;1;1;0;0;0;0;0
840759;2.90;0.92;81.00;3723.00;15.75;82.50;35.25;12.16;24.89;14.11;0;2.13;2.58;76884.00;80.00;81.00;48.00;4516.00;984.15;156.25;5.00;1;0;1;0;0;1;0;0;0;0;0;1;1;0;0;0;0;0
842166;2.84;0.93;83.00;3842.00;15.75;82.50;37.50;11.77;24.32;14.11;0.20;2.07;2.58;76884.00;84.00;84.00;48.00;4511.00;984.15;703.12;5.00;1;0;1;0;0;1;0;0;0;0;0;1;1;0;0;0;0;0
843614;2.13;1.01;86.00;3971.00;15.75;82.50;43.50;6.67;16.97;14.21;1.74;0.35;2.58;76885.00;86.00;86.00;48.00;4495.00;984.15;917.96;5.00;1;0;1;0;0;1;0;0;0;0;0;1;1;0;0;0;0;0
844979;1.01;0.95;85.00;3895.00;15.75;82.50;45.00;2.75;8.64;14.11;1.43;0;2.58;76885.00;84.00;85.00;48.00;4518.20;984.15;898.43;5.00;1;0;1;0;0;1;0;0;0;0;0;1;1;0;0;0;0;0
846362;0.83;0.91;81.00;3748.00;15.75;82.50;42.75;1.96;7.23;14.02;0;0.41;2.58;76885.00;82.00;82.00;48.00;4512.20;984.27;878.90;5.00;1;0;1;0;0;1;0;0;0;0;0;1;1;0;0;0;0;0
847707;1.19;0.86;78.00;3652.00;15.75;82.50;42.00;3.92;11.10;14.11;5.55;0.47;2.58;76885.00;79.00;79.00;48.00;4503.60;984.27;683.59;5.00;1;0;1;0;0;1;0;0;0;0;0;1;1;0;0;0;0;0
849109;2.10;0.88;77.00;3576.00;15.75;82.50;40.50;7.06;19.11;14.11;0.43;0;2.58;76885.00;78.00;78.00;48.00;4501.40;984.19;800.77;5.00;1;0;1;0;0;1;0;0;0;0;0;1;1;0;0;0;0;0
850512;1.74;1.00;77.00;3581.00;15.75;82.50;41.25;5.10;14.22;14.02;0;0;2.58;76885.00;78.00;78.00;48.00;4508.80;984.15;898.43;5.00;1;0;1;0;0;1;0;0;0;0;0;1;1;0;0;0;0;0
851910;1.87;0.89;77.00;3564.00;15.75;82.50;40.50;6.28;17.12;14.11;4.82;0;2.58;76885.00;77.00;78.00;48.00;4523.80;984.39;722.65;5.00;1;0;1;0;0;1;0;0;0;0;0;1;1;0;0;0;0;0
853267;2.03;0.87;76.00;3498.00;15.75;82.50;40.50;6.28;17.53;14.11;0.49;2.32;2.58;76885.00;76.00;76.00;48.00;4497.40;984.39;664.05;5.00;1;0;1;0;0;1;0;0;0;0;0;1;1;0;0;0;0;0
854581;2.44;0.95;76.00;3513.00;15.75;82.50;37.50;8.24;20.68;14.02;0.29;1.11;2.58;76885.00;76.00;76.00;48.00;4535.20;984.39;781.24;5.00;1;0;1;0;0;1;0;0;0;0;0;1;1;0;0;0;0;0
855979;3.28;1.00;77.00;3549.00;15.75;82.50;33.00;13.33;26.04;14.02;0;0.70;2.58;76885.00;77.00;77.00;48.00;4519.80;984.23;820.30;5.00;1;0;1;0;0;1;0;0;0;0;0;1;1;0;0;0;0;0
857429;3.43;0.98;78.00;3616.00;15.75;82.50;32.25;15.30;27.25;14.11;0.41;0;2.58;76885.00;79.00;79.00;48.00;4531.40;984.19;878.90;5.00;1;0;1;0;0;1;0;0;0;0;0;1;1;0;0;0;0;0
858772;4.46;0.96;83.00;3871.00;15.75;82.50;27.00;22.75;35.25;14.11;2.56;0.96;2.58;76885.00;83.00;84.00;48.00;4551.20;984.15;312.50;5.00;1;0;1;0;0;1;0;0;0;0;0;1;1;0;0;0;0;0
860124;3.82;0.92;88.00;4081.00;15.75;82.50;30.75;20.00;32.50;14.11;0.06;2.23;2.58;76885.00;87.00;89.00;48.00;4515.00;984.15;859.36;5.00;1;0;1;0;0;1;0;0;0;0;0;1;1;0;0;0;0;0
861524;4.46;0.94;91.00;4223.00;15.75;82.50;28.50;23.14;35.40;13.92;0;0;2.82;76885.00;91.00;92.00;48.00;4546.40;984.04;898.43;5.00;1;0;1;0;0;1;0;0;0;0;0;1;1;0;0;0;0;0
862945;4.01;0.90;93.00;4334.00;15.75;82.50;34.50;18.43;29.64;14.11;1.07;1.31;2.58;76885.00;92.00;94.00;48.00;4506.00;983.80;624.99;5.00;1;0;1;0;0;1;0;0;0;0;0;1;1;0;0;0;0;0
864395;4.22;0.99;97.00;4483.00;15.75;82.50;31.50;22.36;32.38;14.11;1.89;0;2.58;76885.00;96.00;98.00;48.00;4532.00;983.53;839.83;5.00;1;0;1;0;0;1;0;0;0;0;0;1;1;0;0;0;0;0
865720;4.47;1.01;100.00;4631.00;15.75;82.50;32.25;24.32;33.10;14.02;1.80;1.05;2.58;76885.00;99.00;100.00;48.00;4527.20;983.45;97.66;5.00;1;0;1;0;0;1;0;0;0;0;0;1;1;0;0;0;0;0
867184;3.14;1.02;101.00;4644.00;15.75;82.50;41.25;12.94;23.75;13.92;0;0;2.82;76885.00;100.00;102.00;48.00;4510.60;983.33;156.25;5.00;1;0;1;0;0;1;0;0;0;0;0;1;1;0;0;0;0;0
868698;2.80;0.97;101.00;4643.00;15.75;82.50;42.75;11.37;21.94;14.02;0;0;2.58;76885.00;99.00;101.00;48.00;4512.60;983.10;39.06;5.00;1;0;1;0;0;1;0;0;0;0;0;1;1;0;0;0;0;0
870100;2.51;0.98;100.00;4621.00;15.75;82.50;44.25;9.41;20.17;14.02;1.97;0.78;2.58;76885.00;100.00;101.00;48.00;4485.20;982.94;468.74;5.00;1;0;1;0;0;1;0;0;0;0;0;1;1;0;0;0;0;0
871545;2.70;0.99;98.00;4542.00;15.75;82.50;43.50;10.20;21.26;13.92;0.49;1.05;2.82;76885.00;99.00;99.00;48.00;4507.20;982.86;136.72;5.00;1;0;1;0;0;1;0;0;0;0;0;1;1;0;0;0;0;0
872963;1.90;0.93;97.00;4468.00;15.75;81.75;46.50;7.06;16.16;14.02;0;2.46;2.58;76885.00;97.00;97.00;48.00;4472.20;982.59;859.36;5.00;1;0;1;0;0;1;0;0;0;0;0;1;1;0;0;0;0;0
874403;2.16;0.90;93.00;4333.00;15.75;81.75;44.25;8.24;19.11;14.11;1.66;1.19;2.58;76885.00;94.00;94.00;48.00;4551.60;982.51;820.30;5.00;1;0;1;0;0;1;0;0;0;0;0;1;1;0;0;0;0;0
875733;2.77;0.93;93.00;4301.00;15.75;81.75;40.50;11.37;22.77;14.02;2.71;2.52;2.58;76885.00;92.00;94.00;48.00;4546.60;982.47;97.66;5.00;1;0;1;0;0;1;0;0;0;0;0;1;1;0;0;0;0;0
877159;3.66;0.98;95.00;4373.00;15.75;81.75;35.25;17.65;28.71;14.11;0.37;1.64;2.58;76885.00;94.00;95.00;48.00;4531.60;982.40;527.34;5.00;1;0;1;0;0;1;0;0;0;0;0;1;1;0;0;0;0;0
878595;3.16;1.00;97.00;4459.00;15.75;81.75;39.75;13.33;24.59;14.02;0;0;2.58;76885.00;96.00;97.00;48.00;4525.80;982.24;117.19;5.00;1;0;1;0;0;1;0;0;0;0;0;1;1;0;0;0;0;0
879957;3.87;1.07;98.00;4539.00;15.75;81.75;36.75;17.65;28.01;14.11;0;0;2.58;76885.00;97.00;98.00;48.00;4537.20;982.24;175.78;5.00;1;0;1;0;0;1;0;0;0;0;0;1;1;0;0;0;0;0
881374;3.68;1.03;100.00;4603.00;15.75;81.75;37.50;17.26;27.23;14.02;0.86;0;2.58;76885.00;99.00;100.00;48.00;4521.60;982.16;781.24;5.00;1;0;1;0;0;1;0;0;0;0;0;1;1;0;0;0;0;0
882694;4.14;1.08;101.00;4677.00;15.00;81.75;35.25;20.00;29.18;14.11;1.99;1.02;2.58;76886.00;100.00;101.00;48.00;4515.00;982.04;800.77;5.00;1;0;1;0;0;1;0;0;0;0;0;1;1;0;0;0;0;0
884133;3.54;1.03;102.00;4727.00;15.00;81.75;39.00;16.86;26.14;14.11;0.55;0.10;2.58;76886.00;102.00;103.00;48.00;4500.80;982.00;781.24;5.00;1;0;1;0;0;1;0;0;0;0;0;1;1;0;0;0;0;0
885543;3.34;1.03;103.00;4776.00;15.00;81.75;39.75;15.69;24.89;14.02;0.31;0;2.58;76886.00;104.00;104.00;48.00;4505.20;981.81;605.46;5.00;1;0;1;0;0;1;0;0;0;0;0;1;1;0;0;0;0;0
886952;3.24;1.01;106.00;4854.00;15.00;81.75;39.75;16.47;25.01;14.02;2.85;0;2.58;76886.00;105.00;106.00;48.00;4486.80;981.73;839.83;5.00;1;0;1;0;0;1;0;0;0;0;0;1;1;0;0;0;0;0
888454;3.16;1.02;106.00;4873.00;15.00;81.75;40.50;15.30;24.43;13.92;0;1.56;2.82;76886.00;105.00;106.00;48.00;4510.60;981.73;859.36;5.00;1;0;1;0;0;1;0;0;0;0;0;1;1;0;0;0;0;0
889644;1.34;0.93;103.00;4778.00;15.00;81.75;48.75;5.10;11.27;14.02;0.57;0;2.58;76886.00;104.00;104.00;48.00;4460.20;981.77;820.30;5.00;1;0;1;0;0;1;0;0;0;0;0;1;1;0;0;0;0;0
891067;1.90;0.94;101.00;4606.00;15.00;81.75;47.25;7.06;16.24;14.11;0;0;2.58;76886.00;100.00;101.00;48.00;4529.00;981.89;820.30;5.00;1;0;1;0;0;1;0;0;0;0;0;1;1;0;0;0;0;0
892447;1.16;0.94;97.00;4473.00;15.00;81.75;48.00;3.92;9.84;14.11;0.61;0.27;2.58;76886.00;97.00;98.00;48.00;4468.00;981.89;878.90;5.00;1;0;1;0;0;1;0;0;0;0;0;1;1;0;0;0;0;0
893712;1.57;0.89;95.00;4337.00;15.00;81.75;47.25;6.28;13.96;14.11;3.07;2.23;2.58;76886.00;94.00;95.00;48.00;4512.60;981.85;136.72;5.00;1;0;1;0;0;1;0;0;0;0;0;1;1;0;0;0;0;0
895151;3.53;0.97;95.00;4396.00;15.00;81.75;36.75;16.08;27.40;14.02;2.50;2.36;2.58;76886.00;94.00;95.00;48.00;4576.20;981.93;117.19;5.00;1;0;1;0;0;1;0;0;0;0;0;1;1;0;0;0;0;0
896568;0.86;1.00;95.00;4415.00;15.00;81.75;48.00;2.35;7.16;13.92;0;1.97;2.82;76886.00;94.00;95.00;48.00;4427.00;982.04;917.96;5.00;1;0;1;0;0;1;0;0;0;0;0;1;1;0;0;0;0;0
897985;0.83;0.96;90.00;4128.00;15.00;81.75;46.50;2.35;6.90;14.11;0;0.35;2.58;76886.00;90.00;90.00;48.00;4502.60;981.89;898.43;5.00;1;0;1;0;0;1;0;0;0;0;0;1;1;0;0;0;0;0
899415;1.13;0.92;86.00;3978.00;15.00;81.75;45.75;3.53;9.93;14.11;0.66;3.26;2.58;76886.00;87.00;87.00;48.00;4513.40;982.04;859.36;5.00;1;0;1;0;0;1;0;0;0;0;0;1;1;0;0;0;0;0
900799;0.98;0.87;83.00;3835.00;15.00;81.75;44.25;2.75;8.97;14.11;1.70;1.93;2.58;76886.00;83.00;83.00;48.00;4520.20;982.16;859.36;5.00;1;0;1;0;0;1;0;0;0;0;0;1;1;0;0;0;0;0
902207;0.79;0.86;78.00;3638.00;15.00;81.75;41.25;1.96;7.16;14.21;1.54;0.68;2.58;76886.00;79.00;79.00;48.00;4520.00;982.32;195.31;5.00;1;0;1;0;0;1;0;0;0;0;0;1;1;0;0;0;0;0
903566;1.86;0.88;77.00;3575.00;15.00;81.75;40.50;6.28;17.00;14.11;2.15;0;2.58;76886.00;77.00;77.00;48.00;4499.60;982.20;488.28;5.00;1;0;1;0;0;1;0;0;0;0;0;1;1;0;0;0;0;0
904998;2.27;0.93;78.00;3640.00;15.00;81.75;39.75;7.84;19.58;14.11;0.55;0;2.58;76886.00;78.00;79.00;48.00;4498.60;982.63;878.90;5.00;1;0;1;0;0;1;0;0;0;0;0;1;1;0;0;0;0;0
906418;2.23;1.00;82.00;3813.00;15.00;81.75;42.75;7.06;18.24;14.11;2.48;0.78;2.58;76886.00;82.00;83.00;48.00;4504.40;982.79;898.43;5.00;1;0;1;0;0;1;0;0;0;0;0;1;1;0;0;0;0;0
907745;0.92;0.92;83.00;3805.00;15.00;81.75;43.50;2.35;8.21;14.11;0.06;0.21;2.58;76886.00;83.00;83.00;48.00;4535.40;982.83;898.43;5.00;1;0;1;0;0;1;0;0;0;0;0;1;1;0;0;0;0;0
909093;1.25;1.00;80.00;3681.00;15.00;81.75;28.50;3.14;8.05;14.11;2.38;0;2.58;76886.00;80.00;79.00;48.00;4241.40;982.86;898.43;5.00;1;0;1;0;0;1;0;0;0;0;0;1;1;0;0;0;0;0
910502;3.33;1.00;81.00;3703.00;15.00;81.75;35.25;12.55;25.18;14.11;0.10;1.76;2.58;76886.00;80.00;81.00;48.00;4501.40;982.86;859.36;5.00;1;0;1;0;0;1;0;0;0;0;0;1;1;0;0;0;0;0
912022;3.78;1.00;88.00;4087.00;15.00;81.75;34.50;16.86;28.71;14.11;0.70;2.71;2.58;76886.00;88.00;89.00;48.00;4550.80;982.86;878.90;5.00;1;0;1;0;0;1;0;0;0;0;0;1;1;0;0;0;0;0
913447;4.94;1.02;95.00;4380.00;15.00;82.50;27.75;25.89;36.80;14.02;1.87;0.29;2.58;76886.00;95.00;96.00;48.00;4554.20;982.98;859.36;5.00;1;0;1;0;0;1;0;0;0;0;0;1;1;0;0;0;0;0
914777;3.18;0.97;100.00;4628.00;15.00;82.50;39.75;14.90;25.40;14.11;0;0;2.58;76886.00;100.00;101.00;48.00;4499.40;983.22;859.36;5.00;1;0;1;0;0;1;0;0;0;0;0;1;1;0;0;0;0;0
916171;2.89;1.02;102.00;4711.00;15.00;82.50;42.75;11.37;21.91;14.11;1.05;0.25;2.58;76886.00;102.00;102.00;48.00;4504.60;983.25;156.25;5.00;1;0;1;0;0;1;0;0;0;0;0;1;1;0;0;0;0;0
917594;4.22;1.09;103.00;4784.00;15.00;82.50;35.25;20.79;29.23;14.11;1.43;0.23;2.58;76886.00;102.00;104.00;48.00;4535.40;983.22;585.93;5.00;1;0;1;0;0;1;0;0;0;0;0;1;1;0;0;0;0;0
919047;3.46;1.00;108.00;4968.00;15.00;82.50;38.25;19.22;26.83;13.92;0;0;2.82;76886.00;106.00;108.00;48.00;4509.60;983.41;58.59;5.00;1;0;1;0;0;1;0;0;0;0;0;1;1;0;0;0;0;0
920389;2.98;1.02;110.00;5025.00;15.00;81.75;43.50;14.12;22.77;14.02;0;0;2.58;76886.00;108.00;110.00;48.00;4502.20;983.33;761.71;5.00;1;0;1;0;0;1;0;0;0;0;0;1;1;0;0;0;0;0
921696;3.14;1.06;110.00;5063.00;15.00;81.75;43.50;14.51;22.86;14.02;0.68;0;2.58;76887.00;108.00;110.00;48.00;4505.00;983.33;703.12;5.00;1;0;1;0;0;1;0;0;0;0;0;1;1;0;0;0;0;0
923085;2.25;1.00;110.00;5078.00;15.00;81.75;48.00;9.02;18.24;13.92;2.27;1.00;2.82;76887.00;109.00;111.00;48.00;4485.60;983.41;820.30;5.00;1;0;1;0;0;1;0;0;0;0;0;1;1;0;0;0;0;0
924602;1.15;0.93;106.00;4912.00;15.00;81.75;48.75;4.31;9.70;14.02;0.59;2.34;2.58;76887.00;106.00;106.00;48.00;4484.80;983.57;761.71;5.00;1;0;1;0;0;1;0;0;0;0;0;1;1;0;0;0;0;0
926015;2.36;0.95;103.00;4814.00;15.00;81.75;45.75;9.41;19.50;14.02;1.11;0;2.58;76887.00;104.00;104.00;48.00;4529.60;983.76;97.66;5.00;1;0;1;0;0;1;0;0;0;0;0;1;1;0;0;0;0;0
927409;2.31;0.93;103.00;4770.00;15.00;81.75;45.75;9.02;19.34;14.11;6.74;0;2.58;76887.00;104.00;104.00;48.00;4500.40;983.96;117.19;5.00;1;0;1;0;0;1;0;0;0;0;0;1;1;0;0;0;0;0
928746;3.03;1.04;103.00;4793.00;15.00;81.75;42.75;12.55;22.68;14.02;0.33;0;2.58;76887.00;103.00;104.00;48.00;4528.20;984.00;644.52;5.00;1;0;1;0;0;1;0;0;0;0;0;1;1;0;0;0;0;0
930114;3.02;1.02;103.00;4763.00;15.00;81.75;42.75;12.16;22.45;14.11;0;3.77;2.58;76887.00;103.00;104.00;48.00;4526.40;984.08;761.71;5.00;1;0;1;0;0;1;0;0;0;0;0;1;1;0;0;0;0;0
931545;3.01;1.03;105.00;4836.00;15.00;81.75;42.75;12.55;22.60;14.11;0;0.06;2.58;76887.00;105.00;105.00;48.00;4511.40;984.11;820.30;5.00;1;0;1;0;0;1;0;0;0;0;0;1;1;0;0;0;0;0
932870;2.44;0.96;103.00;4763.00;15.00;81.75;45.00;9.81;19.90;14.11;0;8.65;2.58;76887.00;103.00;104.00;48.00;4536.00;984.11;820.30;5.00;1;0;1;0;0;1;0;0;0;0;0;1;1;0;0;0;0;0
934267;1.52;0.99;102.00;4701.00;15.00;81.75;48.75;5.49;12.02;14.21;2.85;0.29;2.58;76887.00;101.00;102.00;48.00;4447.40;984.08;800.77;5.00;1;0;1;0;0;1;0;0;0;0;0;1;1;0;0;0;0;0
935741;2.21;0.99;100.00;4615.00;15.00;81.75;46.50;7.84;17.60;14.11;2.48;1.19;2.58;76887.00;100.00;100.00;48.00;4482.40;984.23;820.30;5.00;1;0;1;0;0;1;0;0;0;0;0;1;1;0;0;0;0;0
937209;1.84;0.91;97.00;4470.00;15.00;81.75;46.50;7.06;16.12;14.02;0.90;0;2.58;76887.00;97.00;98.00;48.00;4503.60;984.35;742.18;5.00;1;0;1;0;0;1;0;0;0;0;0;1;1;0;0;0;0;0
938564;2.95;0.97;96.00;4462.00;15.00;81.75;40.50;12.16;23.66;14.02;0;0;2.58;76887.00;96.00;97.00;48.00;4565.00;984.47;292.97;5.00;1;0;1;0;0;1;0;0;0;0;0;1;1;0;0;0;0;0
939906;3.19;0.99;97.00;4480.00;15.00;81.75;39.00;14.12;25.10;14.11;0;1.04;2.58;76887.00;97.00;98.00;48.00;4558.00;984.43;820.30;5.00;1;0;1;0;0;1;0;0;0;0;0;1;1;0;0;0;0;0
941267;4.13;1.03;100.00;4599.00;15.00;81.75;34.50;20.79;30.49;13.92;2.19;0.39;2.82;76887.00;98.00;100.00;48.00;4555.20;984.54;761.71;5.00;1;0;1;0;0;1;0;0;0;0;0;1;1;0;0;0;0;0
942726;4.00;1.04;102.00;4701.00;15.00;81.75;36.00;20.00;29.13;14.02;0.27;0.62;2.58;76887.00;102.00;103.00;48.00;4513.60;984.47;800.77;5.00;1;0;1;0;0;1;0;0;0;0;0;1;1;0;0;0;0;0
944219;6.02;1.04;106.00;4876.00;15.00;81.75;24.75;36.08;40.50;14.11;0;0.16;2.58;76887.00;105.00;106.00;48.00;4502.80;984.35;253.90;5.00;1;0;1;0;0;1;0;0;0;0;0;1;1;0;0;0;0;0
945625;4.86;1.00;111.00;5156.00;15.00;81.75;30.00;32.55;36.36;14.02;0;0.62;2.58;76887.00;110.00;112.00;48.00;4500.40;984.54;390.62;5.00;1;0;1;0;0;1;0;0;0;0;0;1;1;0;0;0;0;0
947050;3.90;1.07;113.00;5247.00;15.00;81.75;38.25;21.57;27.55;14.02;0;2.17;2.58;76887.00;111.00;114.00;48.00;4496.00;984.39;585.93;5.00;1;0;1;0;0;1;0;0;0;0;0;1;1;0;0;0;0;0
948464;4.22;1.10;115.00;5309.00;15.00;81.75;37.50;23.53;28.95;14.11;0.18;0.06;2.58;76887.00;113.00;115.00;48.00;4512.20;984.23;644.52;5.00;1;0;1;0;0;1;0;0;0;0;0;1;1;0;0;0;0;0
949813;2.81;1.00;113.00;5242.00;15.00;81.75;45.00;13.33;21.59;14.02;0;0.49;2.58;76887.00;113.00;114.00;48.00;4520.00;984.23;781.24;5.00;1;0;1;0;0;1;0;0;0;0;0;1;1;0;0;0;0;0
951264;2.73;1.00;112.00;5172.00;15.00;81.75;45.75;11.77;21.09;13.92;2.03;0;2.82;76887.00;111.00;113.00;48.00;4514.00;984.19;761.71;5.00;1;0;1;0;0;1;0;0;0;0;0;1;1;0;0;0;0;0
952775;3.02;1.05;111.00;5126.00;15.00;81.75;44.25;13.33;22.14;14.02;1.33;2.25;2.58;76887.00;110.00;111.00;48.00;4522.20;984.15;761.71;5.00;1;0;1;0;0;1;0;0;0;0;0;1;1;0;0;0;0;0
954194;2.46;0.99;111.00;5077.00;15.00;81.75;46.50;10.20;19.33;14.11;0.27;0.51;2.58;76887.00;109.00;111.00;48.00;4512.00;984.15;683.59;5.00;1;0;1;0;0;1;0;0;0;0;0;1;1;0;0;0;0;0
955595;2.00;0.97;110.00;5052.00;15.00;82.50;48.75;7.84;16.16;14.11;1.97;0.27;2.58;76888.00;108.00;110.00;48.00;4495.60;984.15;742.18;5.00;1;0;1;0;0;1;0;0;0;0;0;1;1;0;0;0;0;0
956924;2.70;1.01;108.00;4997.00;15.00;82.50;45.00;10.98;20.80;14.02;0.90;1.97;2.58;76888.00;108.00;109.00;48.00;4536.00;984.15;820.30;5.00;1;0;1;0;0;1;0;0;0;0;0;1;1;0;0;0;0;0
958345;2.10;0.98;107.00;4953.00;15.00;81.75;48.00;7.84;16.72;14.02;0.88;2.34;2.58;76888.00;107.00;108.00;48.00;4496.40;984.15;820.30;5.00;1;0;1;0;0;1;0;0;0;0;0;1;1;0;0;0;0;0
959756;2.32;0.92;106.00;4886.00;15.00;81.75;47.25;8.24;17.46;13.92;0.10;0.64;2.82;76888.00;105.00;106.00;48.00;4559.00;984.27;644.52;5.00;1;0;1;0;0;1;0;0;0;0;0;1;1;0;0;0;0;0
961166;1.81;0.94;105.00;4811.00;15.00;81.75;48.75;7.06;15.27;14.11;0;3.55;2.58;76888.00;105.00;105.00;48.00;4510.20;984.27;195.31;5.00;1;0;1;0;0;1;0;0;0;0;0;1;1;0;0;0;0;0
962486;0.52;1.00;102.00;4700.00;15.00;81.75;-30.00;0;0;14.11;0;3.75;2.58;76888.00;103.00;102.00;48.00;4439.60;984.50;19.53;5.00;1;0;1;0;0;1;0;0;0;0;0;1;1;0;0;0;0;0
963827;0.55;1.00;90.00;4139.00;15.00;81.75;-30.00;0;0;14.11;1.74;4.77;2.58;76888.00;90.00;90.00;48.00;4353.20;984.66;0;5.00;1;0;1;0;0;1;0;0;0;0;0;1;1;0;0;0;0;0
965173;0.62;1.00;73.00;3348.00;15.00;81.75;-30.00;0;0;14.11;4.51;0.35;2.58;76888.00;73.00;74.00;48.00;4389.20;985.01;0;5.00;1;0;1;0;0;1;0;0;0;0;0;1;1;0;0;0;0;0
966582;0.74;1.00;61.00;2789.00;15.00;81.75;-30.00;0;0;14.11;1.62;0;2.58;76888.00;61.00;61.00;48.00;4367.80;985.21;0;5.00;1;0;1;0;0;1;0;0;1;0;0;1;1;0;0;0;0;0
967900;1.38;1.00;47.00;1473.00;15.00;81.75;20.25;0;13.14;14.30;34.04;45.70;2.58;76888.00;48.00;48.00;43.00;4410.00;985.29;683.59;4.00;1;0;1;1;0;1;0;0;1;0;0;1;1;0;0;0;0;0
969422;1.06;0.98;37.00;1791.00;15.00;81.75;15.00;0;12.22;14.30;161.44;67.73;2.58;76888.00;38.00;37.00;41.00;4497.40;985.33;820.30;3.00;1;0;1;0;0;1;0;0;1;0;0;1;1;0;0;0;0;0
970793;0.86;1.00;32.00;2409.00;15.00;81.75;15.75;0;12.33;14.11;123.51;71.73;2.58;76888.00;32.00;31.00;44.00;4532.60;985.68;253.90;2.00;1;0;1;0;0;1;0;0;1;0;0;1;1;0;0;0;0;0
972203;1.37;1.01;22.00;1384.00;15.00;81.75;15.00;0;12.21;14.39;132.61;101.15;2.31;76888.00;22.00;22.00;41.00;4476.40;986.22;859.36;0;1;0;1;0;0;1;0;0;1;0;0;1;1;0;0;0;0;0
973617;1.27;0.98;12.00;1395.00;15.00;81.75;15.00;0;12.30;14.39;120.60;66.21;2.31;76888.00;12.00;12.00;41.00;4498.60;986.46;878.90;1;1;0;1;0;0;1;0;0;1;0;0;1;1;0;0;0;0;0
974948;1.26;0.93;3.00;1273.00;15.00;82.50;13.50;0;12.05;14.30;165.42;131.10;2.58;76888.00;4.00;3.00;41.00;4518.00;986.54;97.66;1;1;0;1;0;0;1;0;0;1;0;0;1;1;0;0;0;0;0
976390;1.30;0.97;0;1321.00;15.75;82.50;12.00;0;11.69;14.39;79.06;62.63;2.31;76888.00;0;0;40.00;4514.00;986.58;781.24;1;1;0;1;1;0;1;0;0;1;0;0;1;1;0;0;1;0;0
977768;1.22;0.97;0;1315.00;15.75;82.50;12.00;0;11.60;14.21;33.90;29.88;2.58;76888.00;0;0;40.00;4499.60;986.58;39.06;1;1;0;1;0;0;1;0;0;1;0;0;1;1;0;0;0;0;0
979201;1.37;1.01;0;1256.00;15.75;83.25;14.25;0;11.99;14.21;18.61;19.30;2.58;76888.00;0;0;39.00;4524.40;986.58;136.72;1;1;0;1;0;0;1;0;0;1;0;0;1;1;0;0;0;0;0
980665;1.34;1.01;0;1224.00;15.75;83.25;17.25;0;12.45;14.21;86.77;36.07;2.58;76888.00;0;0;40.00;4507.80;986.58;781.24;1;1;0;1;0;0;1;0;0;1;0;0;1;1;0;0;0;0;0
982012;1.26;1.00;0;1285.00;15.75;83.25;12.75;0;11.61;14.30;127.65;117.69;2.58;76888.00;0;0;39.00;4512.00;986.58;58.59;1;1;0;1;0;0;1;0;0;1;0;0;1;1;0;0;0;0;0
983457;1.36;1.03;0;1268.00;15.75;84.00;13.50;0;11.73;14.30;169.09;190.63;2.58;76888.00;0;0;39.00;4509.60;986.58;820.30;1;1;0;1;1;0;1;0;0;1;0;0;1;1;0;0;1;0;0
984736;1.26;1.00;0;1263.00;15.75;84.00;13.50;0;11.73;14.39;140.05;145.46;2.31;76888.00;0;0;38.00;4519.00;986.58;605.46;1;1;0;1;0;0;1;0;0;1;0;0;1;1;0;0;0;0;0
986185;1.29;1.00;0;1264.00;15.75;84.00;13.50;0;11.73;14.30;241.27;248.42;2.58;76888.00;0;0;39.00;4521.60;986.58;703.12;1;1;0;1;0;0;1;0;0;1;0;0;1;1;0;0;0;0;0
987602;3.52;1.00;0;2731.00;15.75;84.75;28.50;9.41;25.48;14.11;293.30;244.55;2.58;76888.00;0;0;46.00;4477.00;986.58;917.96;1;1;0;1;0;0;1;0;0;1;0;0;1;1;0;0;0;0;0
989076;6.30;1.00;28.00;3280.00;15.75;84.75;15.00;30.98;41.28;14.21;299.49;199.09;2.58;76888.00;29.00;29.00;46.00;4613.20;986.58;859.36;1;1;0;1;0;0;1;0;0;0;0;0;1;1;0;0;0;0;0
990573;6.64;1.00;50.00;3930.00;15.75;84.75;20.25;30.98;43.51;14.11;223.36;161.86;2.58;76888.00;50.00;50.00;46.00;4383.60;986.50;859.36;2.00;1;0;1;0;0;1;0;0;1;0;0;1;1;0;0;0;0;0
991840;7.13;1.00;66.00;4041.00;15.75;84.00;21.00;31.38;44.10;14.02;336.29;300.00;2.58;76888.00;65.00;66.00;46.00;4453.80;986.61;878.90;3.00;1;0;1;0;0;1;0;0;1;0;0;1;1;0;0;0;0;0
993300;5.87;1.00;77.00;4339.00;15.75;83.25;33.00;20.79;30.06;14.11;250.75;348.96;2.58;76888.00;77.00;77.00;47.00;4396.20;986.50;859.36;4.00;1;0;1;0;0;1;0;0;0;0;0;1;1;0;0;0;0;0
994737;5.06;1.00;86.00;3999.00;15.75;82.50;32.25;19.22;31.81;14.11;188.35;191.63;2.58;76888.00;86.00;86.00;48.00;4473.60;986.30;859.36;5.00;1;0;1;0;0;1;0;0;0;0;0;1;1;0;0;0;0;0
996212;2.51;0.99;90.00;4111.00;15.75;82.50;42.00;8.24;20.06;14.02;16.56;15.96;2.58;76888.00;89.00;90.00;48.00;4459.80;986.26;917.96;5.00;1;0;1;0;0;1;0;0;0;0;0;1;1;0;0;0;0;0
997640;0.54;1.00;85.00;3904.00;15.75;82.50;-30.00;0;0;14.11;2.34;1.37;2.58;76888.00;85.00;85.00;48.00;4570.80;986.26;39.06;5.00;1;0;1;0;0;1;0;0;0;0;0;1;1;0;0;0;0;0
998992;0.57;1.00;77.00;3600.00;15.75;82.50;-30.00;0;0;14.11;2.48;0.76;2.58;76888.00;78.00;78.00;48.00;4590.40;986.11;0;5.00;1;0;1;0;0;1;0;0;0;0;0;1;1;0;0;0;0;0
1000408;0.59;1.00;71.00;3282.00;15.75;81.75;-30.00;0;0;14.11;0.70;2.09;2.58;76888.00;71.00;72.00;48.00;4584.40;986.18;0;5.00;1;0;1;0;0;1;0;0;0;0;0;1;1;0;0;0;0;0
1001803;0.71;1.00;57.00;2620.00;15.75;81.75;-30.00;0;0;14.11;0;1.89;2.58;76888.00;57.00;57.00;48.00;4571.40;986.26;0;5.00;1;0;1;0;0;1;0;0;1;0;0;1;1;0;0;0;0;0
1003188;0.89;1.00;47.00;2218.00;15.75;81.75;14.25;0;12.25;14.02;170.56;122.84;2.58;76888.00;48.00;48.00;43.00;4444.80;986.42;39.06;5.00;1;0;1;0;0;1;0;0;1;0;0;1;1;0;0;0;0;0
1004710;1;1.00;41.00;1919.00;15.75;81.75;14.25;0;12.30;14.21;185.34;131.94;2.58;76888.00;42.00;41.00;42.00;4516.00;986.50;351.56;5.00;1;0;1;0;0;1;0;0;1;0;0;1;1;0;0;0;0;0
1006025;4.30;1.00;35.00;1529.00;15.75;81.75;1.50;3.53;19.47;14.30;127.92;92.22;2.58;76888.00;35.00;34.00;48.00;4510.20;986.54;761.71;5.00;1;0;1;1;0;1;0;0;1;0;0;1;1;0;0;1;0;0
1007386;0.94;1.00;32.00;1997.00;15.75;81.75;14.25;0;12.45;14.21;65.35;50.68;2.58;76888.00;32.00;32.00;43.00;4488.00;986.58;39.06;3.00;1;0;1;0;0;1;0;0;1;0;0;1;1;0;0;0;0;0
1008967;1.30;0.99;22.00;1399.00;15.75;81.75;15.00;0;12.35;14.30;106.09;74.27;2.58;76888.00;23.00;23.00;42.00;4522.00;986.58;898.43;3.00;1;0;1;0;0;1;0;0;1;0;0;1;1;0;0;0;0;0
1010440;6.10;1.00;26.00;2214.00;15.75;81.75;12.00;21.96;38.48;14.21;53.65;54.49;2.58;76888.00;26.00;27.00;48.00;4416.20;986.58;644.52;2.00;1;0;1;0;0;1;0;0;1;0;0;1;1;0;0;0;0;0
1011851;8.67;1.00;51.00;3953.00;15.75;81.75;21.00;99.23;58.24;14.21;8.44;8.71;2.58;76888.00;49.00;51.00;48.00;4565.40;986.58;898.43;2.00;1;0;1;0;0;1;0;0;0;0;0;1;1;0;0;0;0;0
1013331;8.57;1.00;77.00;6091.00;15.75;82.50;18.75;99.62;54.14;14.11;0.23;0.27;2.58;76888.00;75.00;78.00;48.00;4440.00;986.61;898.43;2.00;1;0;1;0;0;1;0;0;0;0;0;1;1;0;0;0;0;0
1014733;6.61;1.00;102.00;7933.00;15.75;82.50;30.00;41.97;45.71;14.02;0.96;0;2.58;76888.00;99.00;103.00;48.00;4532.20;986.69;878.90;2.00;1;0;1;0;0;1;0;0;1;0;0;0;1;0;0;0;0;0
1016159;8.63;1.00;117.00;7272.00;15.75;81.75;20.25;94.13;54.63;14.02;2.27;0.88;2.58;76888.00;115.00;118.00;48.00;4569.40;986.58;878.90;3.00;1;0;1;0;0;1;0;0;0;0;0;0;1;0;0;0;0;0
1017622;4.31;1.00;122.00;5651.00;15.75;81.75;35.25;29.02;32.23;14.02;0;0;2.58;76888.00;121.00;123.00;48.00;4608.20;986.03;839.83;5.00;1;0;1;0;0;1;0;0;0;0;0;0;1;0;0;0;0;0
1018945;3.74;1.07;122.00;5194.00;15.75;81.75;39.00;20.39;26.85;13.92;1.00;0;2.82;76888.00;121.00;123.00;48.00;4526.00;985.87;800.77;6.00;1;0;1;0;0;1;0;0;0;0;0;0;1;0;0;0;0;0
1020344;1.56;0.94;120.00;5066.00;15.75;81.75;49.50;6.28;13.21;14.02;0;0.27;2.58;76888.00;119.00;120.00;48.00;4477.80;985.83;878.90;6.00;1;0;1;0;0;1;0;0;0;0;0;1;1;0;0;0;0;0
1021761;1.41;0.90;113.00;4819.00;15.75;81.75;48.75;5.88;12.37;14.02;4.98;0.23;2.58;76889.00;112.00;114.00;48.00;4498.40;985.64;58.59;6.00;1;0;1;0;0;1;0;0;0;0;0;1;1;0;0;0;0;0
1023124;2.97;1.00;110.00;4676.00;15.75;81.75;42.75;11.37;22.07;14.02;1.04;0;2.58;76889.00;109.00;110.00;48.00;4579.40;985.64;97.66;6.00;1;0;1;0;0;1;0;0;0;0;0;1;1;0;0;0;0;0
1024550;3.87;1.00;110.00;4650.00;15.75;81.75;35.25;19.61;29.18;13.92;0.06;1.56;2.82;76889.00;108.00;110.00;48.00;4533.60;985.72;800.77;6.00;1;0;1;0;0;1;0;0;0;0;0;1;1;0;0;0;0;0
1025891;3.31;1.05;108.00;4622.00;15.75;81.75;40.50;13.73;24.32;14.02;0;1.97;2.58;76889.00;108.00;109.00;48.00;4503.60;985.75;800.77;6.00;1;0;1;0;0;1;0;0;0;0;0;1;1;0;0;0;0;0
1027294;1.22;0.99;106.00;4511.00;15.75;81.75;48.00;3.92;9.99;14.11;1.02;0.49;2.58;76889.00;106.00;107.00;48.00;4420.20;985.72;878.90;6.00;1;0;1;0;0;1;0;0;0;0;0;1;1;0;0;0;0;0
1028716;2.08;0.91;102.00;4367.00;15.75;81.75;45.75;7.84;18.08;14.11;2.71;0.20;2.58;76889.00;103.00;103.00;48.00;4525.80;985.95;566.40;6.00;1;0;1;0;0;1;0;0;0;0;0;1;1;0;0;0;0;0
1030071;2.56;0.91;102.00;4329.00;15.75;81.75;41.25;10.59;22.27;14.11;0;1.97;2.58;76889.00;101.00;102.00;48.00;4489.60;986.07;800.77;6.00;1;0;1;0;0;1;0;0;0;0;0;1;1;0;0;0;0;0
1031489;2.11;0.89;101.00;4258.00;15.75;81.75;44.25;7.84;18.81;14.11;1.31;0.47;2.58;76889.00;100.00;101.00;48.00;4470.20;986.11;839.83;6.00;1;0;1;0;0;1;0;0;0;0;0;1;1;0;0;0;0;0
1032797;1.12;0.90;96.00;4089.00;15.75;81.75;46.50;3.53;9.98;14.11;0;0;2.58;76889.00;96.00;97.00;48.00;4494.40;986.34;195.31;6.00;1;0;1;0;0;1;0;0;0;0;0;1;1;0;0;0;0;0
1034205;1.74;0.86;93.00;3971.00;15.75;81.75;44.25;6.28;16.24;14.11;2.60;0.59;2.58;76889.00;93.00;94.00;48.00;4514.60;986.38;781.24;6.00;1;0;1;0;0;1;0;0;0;0;0;1;1;0;0;0;0;0
1035646;1.62;0.86;91.00;3876.00;15.75;81.75;44.25;5.88;15.39;14.11;0.33;0;2.58;76889.00;92.00;91.00;48.00;4512.80;986.42;722.65;6.00;1;0;1;0;0;1;0;0;0;0;0;1;1;0;0;0;0;0
1036849;1.27;0.84;90.00;3783.00;15.75;81.75;43.50;4.31;12.31;14.02;0;0;2.58;76889.00;89.00;90.00;48.00;4513.20;986.50;292.97;6.00;1;0;1;0;0;1;0;0;0;0;0;1;1;0;0;0;0;0
1038203;1.54;0.86;86.00;3661.00;15.75;81.75;42.00;5.10;14.33;14.11;1.23;0.41;2.58;76889.00;86.00;87.00;48.00;4521.40;986.54;781.24;6.00;1;0;1;0;0;1;0;0;0;0;0;1;1;0;0;0;0;0
1039559;2.35;0.89;85.00;3624.00;15.75;81.75;38.25;8.63;20.86;14.11;0;1.43;2.58;76889.00;85.00;86.00;48.00;4516.80;986.58;136.72;6.00;1;0;1;0;0;1;0;0;0;0;0;1;1;0;0;0;0;0
1040890;1.68;0.93;86.00;3640.00;15.75;81.75;41.25;5.10;14.73;14.11;1.50;0;2.58;76889.00;86.00;86.00;48.00;4513.20;986.58;898.43;6.00;1;0;1;0;0;1;0;0;0;0;0;1;1;0;0;0;0;0
1042284;0.58;1.00;81.00;3412.00;15.75;81.75;-30.00;0;0;14.11;1.19;0;2.58;76889.00;81.00;81.00;48.00;4539.20;986.58;0;6.00;1;0;1;0;0;1;0;0;0;0;0;1;1;0;0;0;0;0
1043731;0.64;1.00;75.00;3164.00;15.75;81.75;-30.00;0;0;14.02;0.51;1.43;2.58;76889.00;75.00;75.00;48.00;4526.20;986.58;0;6.00;1;0;1;0;0;1;0;0;0;0;0;1;1;0;0;0;0;0
1045167;0.66;1.00;68.00;2893.00;15.75;81.75;-30.00;0;0;14.11;2.23;2.19;2.58;76889.00;69.00;69.00;48.00;4502.00;986.58;0;6.00;1;0;1;0;0;1;0;0;0;0;0;1;1;0;0;0;0;0
1046557;0.70;1.00;63.00;2721.00;15.75;81.75;-30.00;0;0;14.11;0.31;1.07;2.58;76889.00;64.00;64.00;48.00;4519.20;986.58;0;6.00;1;0;1;0;0;1;0;0;0;0;0;1;1;0;0;0;0;0
1047855;0.78;1.00;58.00;2483.00;15.75;81.75;20.25;0;12.35;14.21;2.09;0.08;2.58;76889.00;59.00;59.00;49.00;4292.00;986.69;19.53;6.00;1;0;1;0;0;1;0;0;0;0;0;1;1;0;0;0;0;0
1049308;0.85;1.00;53.00;2281.00;15.75;81.75;15.00;0;12.32;14.11;173.35;151.69;2.58;76889.00;54.00;53.00;42.00;4506.40;986.77;19.53;6.00;1;0;1;0;0;1;0;0;1;0;0;1;1;0;0;0;0;0
1050771;0.95;1.00;46.00;1975.00;15.75;81.75;13.50;0;12.26;14.30;176.34;189.40;2.58;76889.00;45.00;46.00;41.00;4519.20;986.77;39.06;6.00;1;0;1;0;0;1;0;0;1;0;0;1;1;0;0;0;0;0
1052060;1.29;1.00;32.00;1365.00;15.75;81.75;15.00;0;12.30;14.30;134.89;130.01;2.58;76889.00;32.00;32.00;42.00;4496.00;987.12;859.36;5.00;1;0;1;0;0;1;0;0;1;0;0;1;1;0;0;0;0;0
1053486;1.23;0.96;21.00;1331.00;15.75;81.75;13.50;0;12.09;14.21;205.14;119.35;2.58;76889.00;21.00;21.00;42.00;4510.80;987.47;742.18;3.00;1;0;1;1;0;1;0;0;1;0;0;1;1;0;0;1;0;0
1054788;1.32;0.96;13.00;1238.00;15.75;81.75;17.25;0;12.74;14.30;219.97;198.44;2.58;76889.00;14.00;14.00;42.00;4505.80;987.67;58.59;2.00;1;0;1;0;0;1;0;0;1;0;0;1;1;0;0;1;0;0
1056166;1.32;1.00;8.00;1293.00;15.75;81.75;13.50;0;12.09;14.39;268.09;253.75;2.31;76889.00;9.00;9.00;42.00;4510.60;987.75;800.77;0;1;0;1;0;0;1;0;0;1;0;0;1;1;0;0;1;0;0
1057493;1.39;0.97;5.00;1226.00;15.75;82.50;16.50;0;12.43;14.39;155.60;136.09;2.31;76889.00;5.00;4.00;39.00;4525.40;987.79;58.59;0;1;0;1;0;0;1;0;0;1;0;0;1;1;0;0;1;0;0
1058842;1.30;1.01;0;1279.00;15.75;82.50;12.75;0;11.59;14.39;199.09;201.76;2.31;76889.00;0;0;37.00;4515.60;987.83;644.52;0;1;0;1;0;0;1;0;0;1;0;0;1;1;0;0;1;0;0
1060221;1.29;0.98;0;1222.00;15.75;82.50;17.25;0;12.29;14.21;96.56;111.85;2.58;76889.00;0;0;37.00;4521.40;987.83;78.12;0;1;0;1;1;0;1;0;0;1;0;0;1;1;0;0;1;0;0
1061484;1.34;1.00;0;1316.00;15.75;82.50;12.00;0;11.37;14.30;122.38;140.05;2.58;76889.00;0;0;38.00;4551.80;987.83;937.49;1;1;0;1;0;0;1;0;0;1;0;0;1;1;0;0;0;0;0
1062969;5.43;1.01;20.00;2835.00;15.75;83.25;15.75;28.24;39.63;14.11;204.58;201.53;2.58;76889.00;19.00;20.00;47.00;4497.20;987.83;859.36;1;1;0;1;0;0;1;0;0;1;0;0;1;1;0;0;0;0;0
1064485;8.65;1.00;56.00;6246.00;15.75;83.25;18.75;99.62;54.23;14.02;278.56;288.05;2.58;76889.00;53.00;57.00;47.00;4375.60;987.86;917.96;1;1;0;1;1;0;1;0;0;1;0;0;1;1;0;0;0;0;0
1065899;8.77;1.00;81.00;7296.00;15.75;83.25;21.00;99.62;54.99;14.11;244.50;329.37;2.58;76889.00;79.00;82.00;47.00;4481.40;987.90;917.96;2.00;1;0;1;0;0;1;0;0;0;0;0;0;1;0;0;0;0;0
1067367;8.20;1.00;102.00;6996.00;15.75;82.50;23.25;67.07;47.88;14.02;155.83;154.72;2.58;76889.00;101.00;103.00;48.00;4530.80;987.79;898.43;3.00;1;0;1;0;0;1;0;0;0;0;0;0;1;0;0;0;0;0
1068871;7.74;1.00;117.00;6156.00;15.75;81.75;18.00;75.69;48.24;14.02;2.01;2.01;2.58;76889.00;114.00;118.00;48.00;4544.40;987.28;898.43;4.00;1;0;1;0;0;1;0;0;0;0;0;0;1;0;0;0;0;0
1070282;4.59;1.00;122.00;5250.00;15.75;81.00;33.00;27.85;32.38;14.02;0;0;2.58;76889.00;122.00;123.00;48.00;4614.80;986.89;39.06;6.00;1;0;1;0;0;1;0;0;0;0;0;0;1;0;0;0;0;0
1071694;2.66;1.00;122.00;5183.00;15.75;81.00;45.75;11.77;21.19;14.11;0;2.89;2.58;76890.00;121.00;123.00;48.00;4505.40;986.65;742.18;6.00;1;0;1;0;0;1;0;0;0;0;0;0;1;0;0;0;0;0
1073029;2.95;1.00;117.00;4976.00;15.75;81.00;46.50;10.20;19.51;14.11;2.01;0.94;2.58;76890.00;117.00;118.00;48.00;4560.40;986.61;820.30;6.00;1;0;1;0;0;1;0;0;0;0;0;1;1;0;0;0;0;0
1074532;2.84;1.00;116.00;4945.00;15.75;81.00;43.50;12.16;21.94;14.02;2.56;0.59;2.58;76890.00;116.00;117.00;48.00;4506.40;986.54;761.71;6.00;1;0;1;0;0;1;0;0;0;0;0;1;1;0;0;0;0;0
1075829;2.80;1.03;115.00;4881.00;15.75;81.75;44.25;10.98;21.06;13.92;0;0;2.82;76890.00;114.00;116.00;48.00;4507.20;986.58;683.59;6.00;1;0;1;0;0;1;0;0;0;0;0;1;1;0;0;0;0;0
1077215;3.61;1.03;115.00;4851.00;15.75;81.75;38.25;18.43;26.73;14.11;0.08;1.97;2.58;76890.00;114.00;115.00;48.00;4546.20;986.61;859.36;6.00;1;0;1;0;0;1;0;0;0;0;0;1;1;0;0;0;0;0
1078566;1.62;0.95;113.00;4787.00;15.75;81.75;48.75;6.28;13.89;14.11;0;0.12;2.58;76890.00;113.00;113.00;48.00;4422.00;986.61;820.30;6.00;1;0;1;0;0;1;0;0;0;0;0;1;1;0;0;0;0;0
1079887;3.62;1.00;110.00;4664.00;15.75;82.50;39.00;16.47;26.16;14.02;1.56;0.33;2.58;76890.00;109.00;110.00;48.00;4575.80;986.61;214.84;6.00;1;0;1;0;0;1;0;0;0;0;0;1;1;0;0;0;0;0
1081382;3.58;1.00;110.00;4682.00;15.75;82.50;38.25;16.47;26.18;13.92;0;0.02;2.82;76890.00;109.00;110.00;48.00;4538.40;986.58;39.06;6.00;1;0;1;0;0;1;0;0;0;0;0;1;1;0;0;0;0;0
1082748;4.46;1.00;110.00;4669.00;15.75;82.50;34.50;21.96;30.75;14.11;1.72;0;2.58;76890.00;109.00;111.00;48.00;4522.40;986.69;117.19;6.00;1;0;1;0;0;1;0;0;0;0;0;1;1;0;0;0;0;0
1084088;3.53;1.01;110.00;4679.00;15.75;82.50;38.25;16.47;26.46;14.02;0.66;2.11;2.58;76890.00;110.00;110.00;48.00;4532.20;986.69;39.06;6.00;1;0;1;0;0;1;0;0;0;0;0;1;1;0;0;0;0;0
1085536;3.39;1.04;111.00;4709.00;15.75;81.75;39.75;15.69;25.41;14.02;0.27;2.36;2.58;76890.00;111.00;111.00;48.00;4514.40;986.77;820.30;6.00;1;0;1;0;0;1;0;0;0;0;0;1;1;0;0;0;0;0
1086945;3.50;0.99;111.00;4708.00;15.75;81.75;39.00;16.47;26.04;14.11;0.31;0;2.58;76890.00;110.00;111.00;48.00;4521.60;986.77;761.71;6.00;1;0;1;0;0;1;0;0;0;0;0;1;1;0;0;0;0;0
1088328;2.24;0.97;111.00;4669.00;15.75;81.75;46.50;8.24;18.37;14.02;0;0.61;2.58;76890.00;110.00;111.00;48.00;4467.00;986.85;761.71;6.00;1;0;1;0;0;1;0;0;0;0;0;1;1;0;0;0;0;0
1089734;2.68;0.95;108.00;4615.00;15.75;81.75;42.75;11.37;22.33;14.11;0;1.97;2.58;76890.00;109.00;108.00;48.00;4547.00;986.89;175.78;6.00;1;0;1;0;0;1;0;0;0;0;0;1;1;0;0;0;0;0
1091080;2.87;0.94;107.00;4546.00;15.75;81.75;41.25;12.16;23.65;14.11;2.36;0.27;2.58;76890.00;106.00;108.00;48.00;4537.00;986.81;742.18;6.00;1;0;1;0;0;1;0;0;0;0;0;1;1;0;0;0;0;0
1092478;2.21;0.97;105.00;4424.00;15.75;81.75;46.50;7.06;16.29;14.02;0.59;0.43;2.58;76890.00;104.00;105.00;48.00;4521.60;986.97;839.83;6.00;1;0;1;0;0;1;0;0;0;0;0;1;1;0;0;0;0;0
1093904;3.80;1.01;105.00;4441.00;15.75;81.75;35.25;17.65;28.61;14.11;1.66;0.06;2.58;76890.00;103.00;105.00;48.00;4560.00;986.89;800.77;6.00;1;0;1;0;0;1;0;0;0;0;0;1;1;0;0;0;0;0
1095349;2.22;0.97;105.00;4426.00;15.75;81.75;45.75;7.84;17.96;14.11;1.66;0;2.58;76890.00;104.00;105.00;48.00;4428.60;986.89;839.83;6.00;1;0;1;0;0;1;0;0;0;0;0;1;1;0;0;0;0;0
1096689;1.39;0.88;101.00;4291.00;15.75;81.75;46.50;5.10;12.59;14.11;1.35;0.88;2.58;76890.00;102.00;102.00;48.00;4499.00;986.97;605.46;6.00;1;0;1;0;0;1;0;0;0;0;0;1;1;0;0;0;0;0
1098025;1.32;0.87;97.00;4111.00;15.75;81.75;45.75;4.71;12.25;14.02;2.29;1.70;2.58;76890.00;97.00;97.00;48.00;4503.20;986.77;898.43;6.00;1;0;1;0;0;1;0;0;0;0;0;1;1;0;0;0;0;0
1099451;1.50;0.96;92.00;3963.00;15.75;81.75;44.25;4.71;12.48;14.11;0;0;2.58;76890.00;93.00;93.00;48.00;4490.40;986.85;859.36;6.00;1;0;1;0;0;1;0;0;0;0;0;1;1;0;0;0;0;0
1100880;3.59;0.95;95.00;3995.00;15.75;81.75;34.50;16.86;29.07;14.02;3.26;0.12;2.58;76890.00;94.00;95.00;48.00;4567.40;987.12;566.40;6.00;1;0;1;0;0;1;0;0;0;0;0;1;1;0;0;0;0;0
1102314;2.39;0.94;96.00;4059.00;15.75;81.75;42.00;8.63;20.02;14.11;3.05;0.90;2.58;76890.00;95.00;96.00;48.00;4512.00;987.32;839.83;6.00;1;0;1;0;0;1;0;0;0;0;0;1;1;0;0;0;0;0
1103741;3.77;0.95;97.00;4167.00;15.75;81.75;33.00;17.65;30.55;14.11;1.27;1.35;2.58;76891.00;97.00;98.00;48.00;4530.80;987.16;742.18;6.00;1;0;1;0;0;1;0;0;0;0;0;1;1;0;0;0;0;0
1105044;3.12;0.91;100.00;4234.00;15.75;81.75;36.75;14.12;26.31;14.11;3.18;3.01;2.58;76891.00;99.00;100.00;48.00;4499.20;987.55;839.83;6.00;1;0;1;0;0;1;0;0;0;0;0;1;1;0;0;0;0;0
1106495;3.34;0.93;102.00;4316.00;15.75;81.75;36.00;15.69;27.68;14.02;0.04;1.25;2.58;76891.00;101.00;102.00;48.00;4506.80;987.20;605.46;6.00;1;0;1;0;0;1;0;0;0;0;0;1;1;0;0;0;0;0
1107960;3.31;0.98;103.00;4372.00;15.75;81.75;37.50;14.12;25.90;14.11;0;0.64;2.58;76891.00;101.00;103.00;48.00;4504.80;987.20;449.21;6.00;1;0;1;0;0;1;0;0;0;0;0;1;1;0;0;0;0;0
1109368;3.20;0.99;103.00;4398.00;15.75;81.75;39.00;13.33;24.94;14.11;1.70;0.33;2.58;76891.00;103.00;104.00;48.00;4516.20;987.16;214.84;6.00;1;0;1;0;0;1;0;0;0;0;0;1;1;0;0;0;0;0
1110785;3.34;0.99;105.00;4430.00;15.75;81.75;38.25;14.51;26.00;14.11;0;1.72;2.58;76891.00;104.00;105.00;48.00;4528.60;987.20;761.71;6.00;1;0;1;0;0;1;0;0;0;0;0;1;1;0;0;0;0;0
1112107;3.50;1.02;106.00;4461.00;15.75;81.75;36.75;15.69;27.00;14.11;2.36;1.31;2.58;76891.00;104.00;106.00;48.00;4509.20;987.08;703.12;6.00;1;0;1;0;0;1;0;0;0;0;0;1;1;0;0;0;0;0
1113511;3.30;0.99;105.00;4460.00;15.75;81.75;39.00;13.73;24.95;14.11;3.12;0.68;2.58;76891.00;104.00;106.00;48.00;4540.80;987.12;136.72;6.00;1;0;1;0;0;1;0;0;0;0;0;1;1;0;0;0;0;0
1114934;3.30;0.97;105.00;4461.00;15.75;81.75;38.25;14.51;25.90;14.02;3.93;0.84;2.58;76891.00;104.00;105.00;48.00;4531.60;987.12;839.83;6.00;1;0;1;0;0;1;0;0;0;0;0;0;1;0;0;0;0;0
1116250;3.46;0.98;106.00;4469.00;15.75;81.75;37.50;15.69;26.54;14.02;0.16;0.16;2.58;76891.00;104.00;106.00;48.00;4530.20;987.08;820.30;6.00;1;0;1;0;0;1;0;0;0;0;0;1;1;0;0;0;0;0
1117612;2.76;0.94;105.00;4461.00;15.75;81.75;41.25;10.98;22.65;14.02;1.66;1.02;2.58;76891.00;104.00;106.00;48.00;4489.00;987.00;839.83;6.00;1;0;1;0;0;1;0;0;0;0;0;1;1;0;0;0;0;0
1118951;2.52;0.93;103.00;4421.00;15.75;81.75;42.75;10.20;21.31;14.11;0.35;3.03;2.58;76891.00;103.00;104.00;48.00;4497.00;987.08;820.30;6.00;1;0;1;0;0;1;0;0;0;0;0;1;1;0;0;0;0;0
1120371;2.58;0.93;102.00;4357.00;15.75;81.75;41.25;10.59;21.62;14.11;1.66;1.48;2.58;76891.00;102.00;103.00;48.00;4536.00;987.04;58.59;6.00;1;0;1;0;0;1;0;0;0;0;0;1;1;0;0;0;0;0
1121807;3.61;0.97;102.00;4346.00;15.75;81.75;36.00;16.47;28.25;14.11;0.66;0.21;2.58;76891.00;102.00;103.00;48.00;4552.60;987.08;78.12;6.00;1;0;1;0;0;1;0;0;0;0;0;1;1;0;0;0;0;0
1123071;2.99;0.99;103.00;4380.00;15.75;81.75;39.75;12.55;24.28;14.11;0;1.97;2.58;76891.00;102.00;104.00;48.00;4496.00;987.00;820.30;6.00;1;0;1;0;0;1;0;0;0;0;0;1;1;0;0;0;0;0
1124493;2.85;0.94;102.00;4355.00;15.75;81.75;40.50;11.37;23.43;13.92;0.64;1.86;2.82;76891.00;101.00;103.00;48.00;4490.40;987.08;820.30;6.00;1;0;1;0;0;1;0;0;0;0;0;1;1;0;0;0;0;0
1125937;2.98;0.96;101.00;4283.00;15.75;81.75;39.00;11.77;24.15;14.11;0.14;1.87;2.58;76891.00;101.00;102.00;48.00;4516.20;987.00;97.66;6.00;1;0;1;0;0;1;0;0;0;0;0;1;1;0;0;0;0;0
1127346;2.86;1.00;101.00;4300.00;15.75;81.75;40.50;10.59;22.60;14.11;1.35;1.27;2.58;76891.00;101.00;102.00;48.00;4500.20;986.97;839.83;6.00;1;0;1;0;0;1;0;0;0;0;0;1;1;0;0;0;0;0
1128712;2.43;0.96;100.00;4227.00;15.75;81.75;43.50;8.24;19.87;14.11;0.33;0;2.58;76891.00;99.00;100.00;48.00;4524.40;987.16;761.71;6.00;1;0;1;0;0;1;0;0;0;0;0;1;1;0;0;0;0;0
1129988;3.35;0.96;100.00;4209.00;15.75;81.75;36.00;14.51;26.89;14.02;0.06;0.31;2.58;76891.00;98.00;100.00;48.00;4532.40;987.00;273.43;6.00;1;0;1;0;0;1;0;0;0;0;0;1;1;0;0;0;0;0
1131365;2.46;1.00;98.00;4169.00;15.75;81.75;43.50;7.84;18.54;14.11;0;0;2.58;76891.00;98.00;98.00;48.00;4493.20;986.85;859.36;6.00;1;0;1;0;0;1;0;0;0;0;0;1;1;0;0;0;0;0
1132779;2.17;0.90;97.00;4132.00;15.75;81.75;43.50;7.84;19.15;14.02;2.79;2.36;2.58;76891.00;97.00;98.00;48.00;4482.40;986.97;800.77;6.00;1;0;1;0;0;1;0;0;0;0;0;1;1;0;0;0;0;0
1134112;1.19;0.84;95.00;4007.00;15.75;81.75;45.75;4.31;11.31;14.11;2.17;0.43;2.58;76891.00;94.00;95.00;48.00;4504.80;987.00;742.18;6.00;1;0;1;0;0;1;0;0;0;0;0;1;1;0;0;0;0;0
1135535;0.84;0.83;90.00;3810.00;15.75;81.75;43.50;2.35;8.01;14.11;0.33;0.64;2.58;76891.00;89.00;90.00;48.00;4511.80;987.12;800.77;6.00;1;0;1;0;0;1;0;0;0;0;0;1;1;0;0;0;0;0
1136966;1.29;0.95;86.00;3639.00;15.75;81.75;42.00;3.53;11.01;14.02;0.90;0.35;2.58;76891.00;86.00;86.00;48.00;4514.80;987.28;878.90;6.00;1;0;1;0;0;1;0;0;0;0;0;1;1;0;0;0;0;0
1138396;1.06;0.91;82.00;3510.00;15.75;81.75;39.75;2.75;9.44;14.11;0;1.89;2.58;76891.00;82.00;82.00;48.00;4519.00;987.51;800.77;6.00;1;0;1;0;0;1;0;0;0;0;0;1;1;0;0;0;0;0
1139809;2.19;0.88;80.00;3431.00;15.75;81.75;38.25;7.06;18.86;14.11;1.07;0.82;2.58;76892.00;80.00;81.00;48.00;4595.00;987.63;39.06;6.00;1;0;1;0;0;1;0;0;0;0;0;1;1;0;0;0;0;0
1141158;0.98;1.00;75.00;3451.00;15.75;81.75;39.75;1.96;7.63;14.11;0;0;2.58;76892.00;75.00;75.00;48.00;4428.00;987.75;878.90;5.00;1;0;1;0;0;1;0;0;0;0;0;1;1;0;0;0;0;0
1142592;1.13;0.94;73.00;3384.00;15.75;81.75;39.00;2.75;10.22;14.11;0.96;1.70;2.58;76892.00;74.00;73.00;48.00;4503.20;987.75;878.90;5.00;1;0;1;0;0;1;0;0;0;0;0;1;1;0;0;0;0;0
1144034;0.58;1.00;67.00;3513.00;15.75;81.75;-30.00;0;0;14.11;0.57;7.81;2.58;76892.00;68.00;67.00;48.00;4330.20;987.79;0;4.00;1;0;1;0;0;1;0;0;0;0;0;1;1;0;0;0;0;0
1145472;0.66;1.00;61.00;3180.00;15.75;81.75;-30.00;0;0;14.02;1.48;2.32;2.58;76892.00;62.00;61.00;48.00;4313.20;987.83;0;4.00;1;0;1;0;0;1;0;0;0;0;0;1;1;0;0;0;0;0
1146873;0.98;1.00;57.00;3369.00;15.75;81.75;37.50;1.18;7.29;14.11;0.04;0.21;2.58;76892.00;57.00;56.00;48.00;4246.40;987.83;898.43;3.00;1;0;1;0;0;1;0;0;1;0;0;1;1;0;0;0;0;0
1148275;1.77;0.97;56.00;3491.00;15.75;81.75;39.75;4.31;14.54;14.02;2.60;1.41;2.58;76892.00;56.00;57.00;48.00;4487.20;987.94;859.36;3.00;1;0;1;0;0;1;0;0;1;0;0;1;1;0;0;0;0;0
1149705;2.67;0.88;58.00;3554.00;15.75;81.75;38.25;8.24;22.11;14.02;1.09;0.45;2.58;76892.00;58.00;58.00;48.00;4487.00;987.94;878.90;3.00;1;0;1;0;0;1;0;0;0;0;0;1;1;0;0;0;0;0
1151051;2.27;0.98;61.00;3170.00;15.75;81.75;34.50;6.28;17.89;14.02;0;1.86;2.58;76892.00;61.00;61.00;48.00;4346.00;988.14;859.36;4.00;1;0;1;0;0;1;0;0;0;0;0;1;1;0;0;0;0;0
1152457;3.24;0.98;63.00;3301.00;15.75;81.75;33.00;11.37;24.79;14.11;0;0.10;2.58;76892.00;63.00;64.00;48.00;4507.40;988.14;800.77;4.00;1;0;1;0;0;1;0;0;0;0;0;1;1;0;0;0;0;0
1153899;2.48;0.93;67.00;3532.00;15.75;81.75;37.50;8.63;21.29;14.11;0;1.46;2.58;76892.00;67.00;68.00;48.00;4479.40;988.06;898.43;4.00;1;0;1;0;0;1;0;0;0;0;0;1;1;0;0;0;0;0
1155305;7.55;1.00;78.00;4048.00;15.75;81.75;17.25;59.22;51.47;13.92;0;3.16;2.82;76892.00;76.00;79.00;48.00;4568.00;987.94;722.65;4.00;1;0;1;0;0;1;0;0;0;0;0;0;1;0;0;0;0;0
1156761;6.18;1.00;91.00;4717.00;15.75;81.75;18.75;42.36;45.24;14.02;0;0.82;2.58;76892.00;88.00;91.00;48.00;4561.20;987.94;78.12;4.00;1;0;1;0;0;1;0;0;0;0;0;1;1;0;0;0;0;0
1158087;5.46;1.00;97.00;4506.00;15.75;81.75;30.75;23.92;33.60;14.11;1.46;0;2.58;76892.00;97.00;98.00;48.00;4539.80;988.10;742.18;5.00;1;0;1;0;0;1;0;0;0;0;0;1;1;0;0;0;0;0
1159514;3.84;1.00;103.00;4791.00;15.75;81.75;34.50;21.57;30.00;14.11;0.62;0;2.58;76892.00;103.00;104.00;48.00;4499.80;988.02;488.28;5.00;1;0;1;0;0;1;0;0;0;0;0;1;1;0;0;0;0;0
1160944;4.90;1.00;110.00;5023.00;15.75;81.75;23.25;34.51;41.75;14.02;2.85;0;2.58;76892.00;107.00;110.00;48.00;4489.80;987.90;175.78;5.00;1;0;1;0;0;1;0;0;0;0;0;1;1;0;0;0;0;0
1162264;3.07;1.00;108.00;4592.00;15.75;81.75;41.25;12.55;23.67;14.02;2.71;0.43;2.58;76892.00;108.00;109.00;48.00;4512.40;987.75;742.18;6.00;1;0;1;0;0;1;0;0;0;0;0;1;1;0;0;0;0;0
1163717;3.04;1.01;108.00;4563.00;15.75;81.75;41.25;11.77;23.22;14.11;0;0;2.58;76892.00;106.00;108.00;48.00;4509.60;987.51;722.65;6.00;1;0;1;0;0;1;0;0;0;0;0;1;1;0;0;0;0;0
1165097;4.14;1.07;107.00;4566.00;15.75;82.50;35.25;18.83;29.21;14.11;0;2.83;2.58;76892.00;107.00;108.00;48.00;4547.00;987.43;117.19;6.00;1;0;1;0;0;1;0;0;0;0;0;1;1;0;0;0;0;0
1166468;3.13;1.02;108.00;4613.00;15.75;82.50;41.25;12.55;23.78;14.11;1.02;2.13;2.58;76892.00;108.00;109.00;48.00;4492.20;987.40;820.30;6.00;1;0;1;0;0;1;0;0;0;0;0;1;1;0;0;0;0;0
1167876;0.56;1.00;105.00;4399.00;15.75;82.50;-30.00;0;0;14.02;0.55;0.31;2.58;76892.00;105.00;104.00;48.00;4276.80;987.51;0;6.00;1;0;1;0;0;1;0;0;0;0;0;1;1;0;0;0;0;0
1169226;2.62;1.00;101.00;4289.00;15.75;82.50;36.00;9.41;20.96;14.02;0.68;0;2.58;76892.00;101.00;101.00;48.00;4441.60;987.51;820.30;6.00;1;0;1;0;0;1;0;0;0;0;0;1;1;0;0;0;0;0
1170645;2.79;0.96;101.00;4280.00;15.75;82.50;40.50;10.98;22.97;14.02;0;0.88;2.58;76892.00;101.00;101.00;48.00;4514.20;987.67;800.77;6.00;1;0;1;0;0;1;0;0;0;0;0;1;1;0;0;0;0;0
1171998;4.59;1.00;103.00;4351.00;15.75;82.50;30.75;22.36;33.49;14.11;1.78;0.04;2.58;76892.00;102.00;103.00;48.00;4574.80;987.67;58.59;6.00;1;0;1;0;0;1;0;0;0;0;0;1;1;0;0;0;0;0
1173399;3.50;1.02;106.00;4501.00;15.75;82.50;37.50;15.69;26.76;14.02;2.87;1.76;2.58;76892.00;105.00;106.00;48.00;4482.00;987.79;214.84;6.00;1;0;1;0;0;1;0;0;0;0;0;1;1;0;0;0;0;0
1174834;4.30;1.05;107.00;4554.00;15.75;82.50;33.75;21.18;31.13;14.11;0.04;0.21;2.58;76892.00;105.00;108.00;48.00;4546.00;987.83;781.24;6.00;1;0;1;0;0;1;0;0;0;0;0;1;1;0;0;0;0;0
1176163;4.02;1.05;108.00;4582.00;15.75;82.50;36.00;19.22;29.16;14.02;0;0.27;2.58;76892.00;107.00;108.00;48.00;4542.20;987.94;839.83;6.00;1;0;1;0;0;1;0;0;0;0;0;1;1;0;0;0;0;0
1177567;3.07;0.99;108.00;4613.00;15.75;82.50;41.25;12.94;23.99;14.02;1.29;2.62;2.58;76892.00;108.00;109.00;48.00;4508.60;987.83;820.30;6.00;1;0;1;0;0;1;0;0;0;0;0;1;1;0;0;0;0;0
1178987;3.51;1.01;107.00;4578.00;15.75;82.50;38.25;16.08;26.70;14.02;2.62;1.37;2.58;76892.00;107.00;108.00;48.00;4550.40;987.67;839.83;6.00;1;0;1;0;0;1;0;0;0;0;0;1;1;0;0;0;0;0
1180390;3.25;1.00;107.00;4554.00;15.75;82.50;39.75;13.73;24.85;14.11;0;0.16;2.58;76892.00;106.00;108.00;48.00;4519.00;987.71;742.18;6.00;1;0;1;0;0;1;0;0;0;0;0;1;1;0;0;0;0;0
1181793;2.82;1.00;107.00;4554.00;15.75;82.50;42.75;10.98;22.33;14.11;0;1.56;2.58;76893.00;106.00;108.00;48.00;4482.20;987.71;253.90;6.00;1;0;1;0;0;1;0;0;0;0;0;1;1;0;0;0;0;0
1183063;2.97;1.00;107.00;4542.00;15.75;82.50;41.25;11.77;23.29;14.02;1.02;1.80;2.58;76893.00;107.00;107.00;48.00;4515.60;987.71;839.83;6.00;1;0;1;0;0;1;0;0;0;0;0;1;1;0;0;0;0;0
1184429;3.10;1.01;107.00;4538.00;15.75;82.50;41.25;12.16;23.78;14.11;1.80;3.05;2.58;76893.00;107.00;108.00;48.00;4521.40;987.83;664.05;6.00;1;0;1;0;0;1;0;0;0;0;0;1;1;0;0;0;0;0
1185885;2.59;0.95;107.00;4548.00;15.75;82.50;43.50;10.20;21.28;14.02;0;0.33;2.58;76893.00;106.00;108.00;48.00;4506.80;987.83;722.65;6.00;1;0;1;0;0;1;0;0;0;0;0;1;1;0;0;0;0;0
1187162;2.50;0.98;106.00;4529.00;15.75;82.50;44.25;9.02;20.11;14.11;1.66;0;2.58;76893.00;106.00;107.00;48.00;4487.60;987.83;820.30;6.00;1;0;1;0;0;1;0;0;0;0;0;1;1;0;0;0;0;0
1188560;0.75;0.89;103.00;4344.00;15.75;82.50;48.00;1.96;6.68;14.11;0;0.82;2.58;76893.00;103.00;103.00;48.00;4482.40;988.06;839.83;6.00;1;0;1;0;0;1;0;0;0;0;0;1;1;0;0;0;0;0
1189980;0.54;1.00;96.00;4085.00;15.75;82.50;-30.00;0;0;14.11;2.77;3.71;2.58;76893.00;96.00;96.00;48.00;4503.20;987.94;0;6.00;1;0;1;0;0;1;0;0;0;0;0;1;1;0;0;0;0;0
1191354;0.54;1.00;88.00;3747.00;15.75;82.50;-30.00;0;0;14.02;2.68;0.47;2.58;76893.00;89.00;89.00;48.00;4498.20;987.90;0;6.00;1;0;1;0;0;1;0;0;0;0;0;1;1;0;0;0;0;0
1192773;0.58;1.00;83.00;3490.00;15.75;82.50;-30.00;0;0;14.11;0.18;0;2.58;76893.00;84.00;83.00;48.00;4526.40;987.86;0;6.00;1;0;1;0;0;1;0;0;0;0;0;1;1;0;0;0;0;0
1194046;0.62;1.00;77.00;3252.00;15.75;82.50;-30.00;0;0;14.11;2.27;2.09;2.58;76893.00;77.00;77.00;48.00;4514.80;987.86;0;6.00;1;0;1;0;0;1;0;0;0;0;0;1;1;0;0;0;0;0
1195478;0.70;1.00;68.00;2904.00;15.75;81.75;-30.00;0;0;14.21;0.78;1.27;2.58;76893.00;68.00;69.00;48.00;4497.00;988.02;0;6.00;1;0;1;0;0;1;0;0;0;0;0;1;1;0;0;0;0;0
1196892;0.86;1.00;60.00;2548.00;15.75;81.75;3.00;0;8.23;14.11;1.11;1.62;2.58;76893.00;60.00;59.00;48.00;4251.60;988.14;0;6.00;1;0;1;0;0;1;0;0;1;0;0;1;1;0;0;0;0;0
1198219;0.91;1.00;52.00;2231.00;15.75;81.75;15.00;0;12.33;14.30;84.04;139.83;2.58;76893.00;52.00;53.00;42.00;4488.60;988.49;39.06;6.00;1;0;1;0;0;1;0;0;1;0;0;1;1;0;0;0;0;0
1199699;1.27;1.00;40.00;1541.00;15.75;81.75;15.00;0;12.29;14.21;44.51;75.48;2.58;76893.00;41.00;40.00;41.00;4468.20;988.72;898.43;6.00;1;0;1;0;0;1;0;0;1;0;0;1;1;0;0;0;0;0
1201123;1.24;0.95;35.00;1389.00;15.75;81.75;15.00;0;12.29;14.39;23.96;87.34;2.31;76893.00;35.00;35.00;42.00;4528.00;988.88;878.90;4.00;1;0;1;0;0;1;0;0;1;0;0;1;1;0;0;0;0;0
1202480;1.16;1.00;31.00;1714.00;15.75;81.75;14.25;0;12.38;14.30;24.74;59.94;2.58;76893.00;32.00;31.00;41.00;4515.40;988.96;878.90;3.00;1;0;1;0;0;1;0;0;1;0;0;1;1;0;0;0;0;0
1203885;1.13;1.00;28.00;1721.00;15.75;81.75;15.00;0;12.29;14.30;25.31;51.29;2.58;76893.00;29.00;29.00;43.00;4488.40;989.00;624.99;2.00;1;0;1;0;0;1;0;0;1;0;0;1;1;0;0;0;0;0
1205209;1.14;0.99;18.00;1583.00;15.75;82.50;15.00;0;12.20;14.39;16.15;25.47;2.31;76893.00;19.00;19.00;41.00;4480.00;989.04;878.90;2.00;1;0;1;0;0;1;0;0;1;0;0;1;1;0;0;1;0;0
1206671;1.35;0.95;8.00;1292.00;15.75;82.50;13.50;0;12.06;14.39;11.13;44.70;2.31;76893.00;9.00;9.00;41.00;4506.40;989.04;917.96;1;1;0;1;0;0;1;0;0;1;0;0;1;1;0;0;0;0;0
1208254;4.77;1.00;17.00;2125.00;15.75;82.50;15.00;14.51;34.28;14.30;5.12;22.60;2.58;76893.00;17.00;18.00;48.00;4390.40;989.04;781.24;1;1;0;1;0;0;1;0;0;1;0;0;1;1;0;0;0;0;0
1209826;6.18;1.01;46.00;5078.00;15.75;82.50;21.75;44.32;44.32;14.02;1.99;2.89;2.58;76893.00;45.00;46.00;48.00;4557.40;989.04;937.49;1;1;0;1;0;0;1;0;0;1;0;0;1;1;0;0;0;0;0
1211151;7.16;1.01;66.00;5099.00;15.75;83.25;19.50;59.22;48.82;14.11;157.28;145.01;2.58;76893.00;64.00;66.00;47.00;4451.40;989.08;878.90;2.00;1;0;1;0;0;1;0;0;1;0;0;1;1;0;0;0;0;0
1212529;6.94;1.00;82.00;5070.00;15.75;83.25;19.50;54.91;47.66;14.11;334.84;339.51;2.58;76893.00;80.00;83.00;47.00;4563.40;989.04;800.77;3.00;1;0;1;0;0;1;0;0;0;0;0;1;1;0;0;0;0;0
1214011;6.61;1.00;95.00;4938.00;15.75;82.50;18.75;49.03;45.54;14.02;225.67;225.65;2.58;76893.00;93.00;96.00;48.00;4562.00;988.96;292.97;4.00;1;0;1;0;0;1;0;0;0;0;0;1;1;0;0;0;0;0
1215423;6.83;1.06;103.00;4762.00;15.75;82.50;18.75;43.53;44.94;13.92;11.05;12.66;2.82;76893.00;102.00;104.00;48.00;4462.60;988.68;839.83;5.00;1;0;1;0;0;1;0;0;0;0;0;1;1;0;0;0;0;0
1216903;4.46;1.08;106.00;4502.00;15.75;81.75;33.00;21.18;31.42;13.92;2.52;1.95;2.82;76893.00;105.00;107.00;48.00;4540.80;988.37;449.21;6.00;1;0;1;0;0;1;0;0;0;0;0;1;1;0;0;0;0;0
1218187;2.98;1.01;107.00;4565.00;15.75;81.75;42.00;11.37;22.91;14.11;0;1.60;2.58;76893.00;106.00;107.00;48.00;4496.80;988.33;117.19;6.00;1;0;1;0;0;1;0;0;0;0;0;1;1;0;0;0;0;0
1219603;1.74;0.99;106.00;4529.00;15.75;81.75;48.00;5.88;13.92;13.92;2.19;1.80;2.82;76893.00;106.00;107.00;48.00;4414.00;988.22;878.90;6.00;1;0;1;0;0;1;0;0;0;0;0;1;1;0;0;0;0;0
1220961;1.68;0.91;105.00;4444.00;15.75;81.75;47.25;6.28;14.71;14.11;0.88;0.59;2.58;76893.00;104.00;105.00;48.00;4512.40;988.29;78.12;6.00;1;0;1;0;0;1;0;0;0;0;0;1;1;0;0;0;0;0
1222371;3.14;0.98;106.00;4470.00;15.75;81.75;39.00;13.73;24.94;14.11;0;0;2.58;76893.00;105.00;106.00;48.00;4561.00;988.41;820.30;6.00;1;0;1;0;0;1;0;0;0;0;0;1;1;0;0;0;0;0
1223820;2.86;1.02;107.00;4532.00;15.75;81.75;42.75;10.20;21.87;14.11;0.14;0.27;2.58;76893.00;107.00;108.00;48.00;4499.80;988.41;117.19;6.00;1;0;1;0;0;1;0;0;0;0;0;1;1;0;0;0;0;0
1225178;2.57;0.99;107.00;4568.00;15.75;81.75;44.25;9.41;20.27;14.11;2.38;0;2.58;76893.00;106.00;108.00;48.00;4509.60;988.68;800.77;6.00;1;0;1;0;0;1;0;0;0;0;0;1;1;0;0;0;0;0
1226574;1.38;0.94;106.00;4506.00;15.75;81.75;48.00;5.10;11.53;14.11;1.02;0;2.58;76894.00;106.00;107.00;48.00;4473.20;988.92;859.36;6.00;1;0;1;0;0;1;0;0;0;0;0;1;1;0;0;0;0;0
1228038;1.77;0.92;105.00;4464.00;15.75;81.75;47.25;6.67;15.40;14.11;0;0;2.58;76894.00;105.00;105.00;48.00;4511.40;989.15;742.18;6.00;1;0;1;0;0;1;0;0;0;0;0;1;1;0;0;0;0;0
1229439;2.67;0.99;106.00;4484.00;15.75;81.75;42.75;9.81;21.23;14.11;0.27;0;2.58;76894.00;105.00;106.00;48.00;4537.80;989.39;156.25;6.00;1;0;1;0;0;1;0;0;0;0;0;1;1;0;0;0;0;0
1230798;2.53;0.96;107.00;4540.00;15.75;81.75;44.25;9.41;20.53;14.02;1.66;1.07;2.58;76894.00;106.00;108.00;48.00;4519.80;989.47;214.84;6.00;1;0;1;0;0;1;0;0;0;0;0;1;1;0;0;0;0;0
1232151;1.58;0.91;107.00;4508.00;15.75;81.75;48.00;5.88;13.99;14.11;0.57;0.45;2.58;76894.00;106.00;107.00;48.00;4461.20;989.62;39.06;6.00;1;0;1;0;0;1;0;0;0;0;0;1;1;0;0;0;0;0
1233656;1.99;0.95;106.00;4511.00;15.75;81.75;47.25;7.06;16.67;14.02;0;0;2.58;76894.00;106.00;106.00;48.00;4497.40;990.01;664.05;6.00;1;0;1;0;0;1;0;0;0;0;0;1;1;0;0;0;0;0
1235042;2.44;0.96;106.00;4527.00;15.75;81.75;43.50;9.02;20.16;14.02;1.31;2.79;2.58;76894.00;105.00;107.00;48.00;4529.40;990.17;527.34;6.00;1;0;1;0;0;1;0;0;0;0;0;1;1;0;0;0;0;0
1236449;2.53;0.98;107.00;4538.00;15.75;81.75;44.25;9.02;20.33;14.11;1.02;0.70;2.58;76894.00;107.00;108.00;48.00;4515.00;990.60;761.71;6.00;1;0;1;0;0;1;0;0;0;0;0;1;1;0;0;0;0;0
1237806;2.54;0.94;107.00;4567.00;15.75;81.75;43.50;9.81;20.93;13.92;2.52;0.78;2.82;76894.00;107.00;108.00;48.00;4540.60;990.60;781.24;6.00;1;0;1;0;0;1;0;0;0;0;0;1;1;0;0;0;0;0
1239143;2.66;0.99;108.00;4633.00;15.75;81.75;43.50;9.81;20.83;14.02;0;0;2.58;76894.00;108.00;109.00;48.00;4510.20;990.83;800.77;6.00;1;0;1;0;0;1;0;0;0;0;0;1;1;0;0;0;0;0
1240608;2.50;0.97;110.00;4670.00;15.75;81.75;44.25;9.41;20.26;13.92;0;1.23;2.82;76894.00;109.00;110.00;48.00;4502.80;991.11;800.77;6.00;1;0;1;0;0;1;0;0;0;0;0;1;1;0;0;0;0;0
1242027;2.47;0.98;110.00;4641.00;15.75;81.75;45.00;9.02;19.83;14.02;0.70;1.80;2.58;76894.00;108.00;110.00;48.00;4518.00;991.38;527.34;6.00;1;0;1;0;0;1;0;0;0;0;0;1;1;0;0;0;0;0
1243343;2.46;0.98;110.00;4661.00;15.75;81.75;45.00;9.02;19.58;14.11;1.43;0.55;2.58;76894.00;109.00;110.00;48.00;4513.20;991.69;234.37;6.00;1;0;1;0;0;1;0;0;0;0;0;1;1;0;0;0;0;0
1244684;2.26;0.97;110.00;4645.00;15.75;81.75;46.50;8.24;18.25;14.11;0.39;0.35;2.58;76894.00;110.00;110.00;48.00;4486.80;991.93;820.30;6.00;1;0;1;0;0;1;0;0;0;0;0;1;1;0;0;0;0;0
1246152;1.88;0.95;110.00;4651.00;15.75;81.75;47.25;7.06;15.70;14.11;0;0;2.58;76894.00;109.00;110.00;48.00;4506.80;992.08;136.72;6.00;0;0;1;0;0;1;0;0;0;0;0;1;1;0;0;0;0;0
1247551;1.49;0.92;108.00;4568.00;15.75;81.75;48.00;5.49;12.74;14.11;1.99;0;2.58;76894.00;107.00;108.00;48.00;4515.20;992.12;585.93;6.00;1;0;1;0;0;1;0;0;0;0;0;1;1;0;0;0;0;0
1248976;1.17;0.94;106.00;4491.00;15.75;81.75;48.00;3.92;10.22;14.11;0.37;0.49;2.58;76894.00;105.00;106.00;48.00;4491.40;992.63;878.90;6.00;1;0;1;0;0;1;0;0;0;0;0;1;1;0;0;0;0;0
1250246;1.54;0.90;102.00;4328.00;15.75;81.75;46.50;5.88;13.54;14.11;1.31;0.43;2.58;76894.00;102.00;102.00;48.00;4505.00;992.83;136.72;6.00;1;0;1;0;0;1;0;0;0;0;0;1;1;0;0;0;0;0
1251658;2.47;0.93;102.00;4375.00;15.75;81.75;42.75;9.41;20.90;14.11;0;0.62;2.58;76894.00;102.00;103.00;48.00;4531.40;993.02;800.77;6.00;1;0;1;0;0;1;0;0;0;0;0;1;1;0;0;0;0;0
1253015;2.29;0.93;103.00;4394.00;15.75;81.75;44.25;8.24;19.47;14.02;0.29;0;2.58;76894.00;103.00;104.00;48.00;4513.20;993.22;78.12;6.00;1;0;1;0;0;1;0;0;0;0;0;1;1;0;0;0;0;0
1254526;1.62;0.91;103.00;4403.00;15.75;81.75;47.25;5.88;14.58;14.21;2.21;0;2.58;76894.00;103.00;104.00;48.00;4495.40;993.53;742.18;6.00;1;0;1;0;0;1;0;0;0;0;0;1;1;0;0;0;0;0
1255895;1.40;0.86;102.00;4346.00;15.75;81.75;47.25;5.49;12.73;13.92;0.43;2.03;2.82;76894.00;102.00;103.00;48.00;4501.80;993.92;97.66;6.00;1;0;1;0;0;1;0;0;0;0;0;1;1;0;0;0;0;0
1257224;2.41;0.91;102.00;4362.00;15.75;81.75;42.75;9.41;20.69;14.02;0.29;0;2.58;76894.00;102.00;103.00;48.00;4535.20;994.15;58.59;6.00;1;0;1;0;0;1;0;0;0;0;0;1;1;0;0;0;0;0
1258577;2.58;0.94;103.00;4415.00;15.75;81.75;42.75;9.81;21.42;14.11;0;2.23;2.58;76894.00;103.00;104.00;48.00;4523.60;994.31;117.19;6.00;1;0;1;0;0;1;0;0;0;0;0;1;1;0;0;0;0;0
1260004;2.50;0.94;105.00;4451.00;15.75;81.75;42.75;9.41;21.11;14.02;0.64;2.29;2.58;76895.00;104.00;106.00;48.00;4513.80;994.47;820.30;6.00;1;0;1;0;0;1;0;0;0;0;0;1;1;0;0;0;0;0
1261331;2.77;1.01;106.00;4502.00;15.75;81.75;42.75;9.81;21.48;14.11;0;1.05;2.58;76895.00;106.00;106.00;48.00;4540.60;994.54;39.06;6.00;1;0;1;0;0;1;0;0;0;0;0;1;1;0;0;0;0;0
1262789;3.24;1.05;108.00;4602.00;15.75;81.75;41.25;12.55;23.88;14.02;0;0;2.58;76895.00;107.00;109.00;48.00;4523.60;994.86;605.46;6.00;1;0;1;0;0;1;0;0;0;0;0;1;1;0;0;0;0;0
1264126;2.97;0.98;110.00;4666.00;15.75;81.75;41.25;12.55;23.42;14.11;0.12;2.46;2.58;76895.00;109.00;110.00;48.00;4532.20;995.25;742.18;6.00;1;0;1;0;0;1;0;0;0;0;0;1;1;0;0;0;0;0
1265539;2.53;0.97;110.00;4678.00;15.75;81.75;44.25;9.81;20.47;14.02;1.35;0.43;2.58;76895.00;110.00;111.00;48.00;4510.40;995.52;859.36;6.00;1;0;1;0;0;1;0;0;0;0;0;1;1;0;0;0;0;0
1266947;2.35;0.98;111.00;4710.00;15.75;81.75;45.75;8.63;18.92;14.02;1.58;0.12;2.58;76895.00;110.00;111.00;48.00;4514.60;995.52;624.99;6.00;1;0;1;0;0;1;0;0;0;0;0;1;1;0;0;0;0;0
1268318;2.21;0.98;110.00;4682.00;15.75;81.75;46.50;7.84;17.82;14.02;0;0;2.58;76895.00;110.00;110.00;48.00;4525.00;995.75;722.65;6.00;1;0;1;0;0;1;0;0;0;0;0;1;1;0;0;0;0;0
1269717;2.11;0.99;110.00;4637.00;15.75;81.75;46.50;7.45;16.93;13.92;0.88;0;2.82;76895.00;109.00;110.00;48.00;4513.00;996.15;722.65;6.00;1;0;1;0;0;1;0;0;0;0;0;1;1;0;0;0;0;0
1271066;2.18;0.96;110.00;4638.00;15.75;81.75;46.50;7.84;17.77;14.11;1.43;0.45;2.58;76895.00;109.00;110.00;48.00;4504.60;996.50;136.72;6.00;1;0;1;0;0;1;0;0;0;0;0;1;1;0;0;0;0;0
1272409;1.99;0.97;108.00;4615.00;15.75;81.75;47.25;7.06;16.26;14.11;2.40;1.00;2.58;76895.00;108.00;109.00;48.00;4479.40;996.65;97.66;6.00;1;0;1;0;0;1;0;0;0;0;0;1;1;0;0;0;0;0
1273821;1.98;0.96;107.00;4571.00;15.75;81.75;47.25;7.06;16.36;14.11;0;2.11;2.58;76895.00;107.00;108.00;48.00;4509.80;996.81;156.25;6.00;1;0;1;0;0;1;0;0;0;0;0;1;1;0;0;0;0;0
1275120;1.99;0.95;107.00;4555.00;15.75;81.75;47.25;7.06;16.67;14.11;0;0;2.58;76895.00;107.00;108.00;48.00;4528.40;997.04;156.25;6.00;1;0;1;0;0;1;0;0;0;0;0;1;1;0;0;0;0;0
1276449;2.19;0.94;107.00;4530.00;15.75;81.75;45.75;7.84;18.46;14.11;0;0.66;2.58;76895.00;107.00;107.00;48.00;4530.40;997.55;839.83;6.00;1;0;1;0;0;1;0;0;0;0;0;1;1;0;0;0;0;0
1277839;1.90;0.96;107.00;4552.00;15.75;81.75;47.25;6.67;15.92;14.11;0;2.87;2.58;76895.00;107.00;107.00;48.00;4486.40;997.86;800.77;6.00;1;0;1;0;0;1;0;0;0;0;0;1;1;0;0;0;0;0
1279097;1.85;0.93;106.00;4471.00;15.75;81.75;46.50;6.67;15.82;14.11;0.06;0.35;2.58;76895.00;105.00;107.00;48.00;4499.20;998.10;800.77;6.00;1;0;1;0;0;1;0;0;0;0;0;1;1;0;0;0;0;0
1280493;2.05;0.93;106.00;4482.00;15.75;81.75;45.75;7.45;17.43;14.11;0;0;2.58;76895.00;106.00;106.00;48.00;4506.60;998.25;644.52;6.00;1;0;1;0;0;1;0;0;0;0;0;1;1;0;0;0;0;0
1281837;2.11;0.90;105.00;4455.00;15.75;81.75;45.00;7.84;18.42;14.11;0.14;1.74;2.58;76895.00;104.00;105.00;48.00;4529.00;998.57;781.24;6.00;1;0;1;0;0;1;0;0;0;0;0;1;1;0;0;0;0;0
1283111;3.21;1.06;106.00;4523.00;15.75;81.75;40.50;11.77;23.78;14.11;0;0.47;2.58;76895.00;106.00;107.00;48.00;4527.00;998.96;859.36;6.00;1;0;1;0;0;1;0;0;0;0;0;1;1;0;0;0;0;0
1284496;1.30;0.95;106.00;4491.00;15.75;81.75;48.00;4.31;10.73;14.11;1.70;2.71;2.58;76895.00;106.00;106.00;48.00;4448.40;999.08;820.30;6.00;1;0;1;0;0;1;0;0;0;0;0;1;1;0;0;0;0;0
1285895;2.46;0.93;105.00;4470.00;15.75;81.75;42.75;9.41;20.86;14.11;0;2.03;2.58;76895.00;104.00;105.00;48.00;4548.00;999.19;117.19;6.00;1;0;1;0;0;1;0;0;0;0;0;1;1;0;0;0;0;0
1287123;2.06;0.94;106.00;4497.00;15.75;81.75;45.75;7.45;17.37;14.02;2.79;2.01;2.58;76895.00;105.00;106.00;48.00;4481.60;999.43;839.83;6.00;1;0;1;0;0;1;0;0;0;0;0;1;1;0;0;0;0;0
1288544;1.65;0.90;105.00;4468.00;15.75;81.75;47.25;6.28;14.50;14.11;2.21;0.43;2.58;76895.00;105.00;105.00;48.00;4507.80;999.93;332.03;6.00;1;0;1;0;0;1;0;0;0;0;0;1;1;0;0;0;0;0
1289950;1.62;0.89;105.00;4441.00;15.75;81.75;47.25;6.28;14.29;14.11;0.62;1.82;2.58;76895.00;105.00;105.00;48.00;4508.80;1000.25;234.37;6.00;1;0;1;0;0;1;0;0;0;0;0;1;1;0;0;0;0;0
1291317;1.02;0.88;102.00;4335.00;15.75;81.75;47.25;3.53;9.14;14.11;0.20;0.18;2.58;76895.00;102.00;102.00;48.00;4504.60;1000.40;820.30;6.00;1;0;1;0;0;1;0;0;0;0;0;1;1;0;0;0;0;0
1292770;1.82;0.89;101.00;4272.00;15.75;81.75;45.75;6.67;16.39;13.92;2.09;0.47;2.82;76895.00;100.00;101.00;48.00;4536.20;1000.79;722.65;6.00;1;0;1;0;0;1;0;0;0;0;0;1;1;0;0;0;0;0
1294228;1.07;0.88;100.00;4178.00;15.75;81.75;47.25;3.53;9.76;14.11;1.99;1.00;2.58;76896.00;100.00;100.00;48.00;4493.20;1001.11;878.90;6.00;1;0;1;0;0;1;0;0;0;0;0;1;1;0;0;0;0;0
1295647;1.64;0.86;97.00;4133.00;15.75;81.75;45.75;5.88;15.32;14.11;2.15;2.44;2.58;76896.00;97.00;98.00;48.00;4506.40;1001.30;58.59;6.00;1;0;1;0;0;1;0;0;0;0;0;1;1;0;0;0;0;0
1297026;2.63;0.90;97.00;4120.00;15.75;81.75;39.75;10.20;22.58;14.11;2.03;0.47;2.58;76896.00;97.00;97.00;48.00;4551.00;1001.38;624.99;6.00;1;0;1;0;0;1;0;0;0;0;0;1;1;0;0;0;0;0
1298362;2.98;0.95;98.00;4181.00;15.75;81.75;38.25;11.77;24.45;14.02;0.47;0;2.58;76896.00;97.00;99.00;48.00;4531.20;1001.42;58.59;6.00;1;0;1;0;0;1;0;0;0;0;0;1;1;0;0;0;0;0
1299775;3.66;0.99;101.00;4305.00;15.75;81.75;36.00;16.08;28.31;14.02;1.97;1.66;2.58;76896.00;101.00;102.00;48.00;4551.20;1001.61;683.59;6.00;1;0;1;0;0;1;0;0;0;0;0;1;1;0;0;0;0;0
1301240;2.70;0.93;103.00;4381.00;15.75;81.75;41.25;10.59;22.48;14.02;0.33;2.11;2.58;76896.00;103.00;104.00;48.00;4498.60;1001.85;664.05;6.00;1;0;1;0;0;1;0;0;0;0;0;1;1;0;0;0;0;0
1302698;2.78;0.97;105.00;4428.00;15.75;81.75;42.00;10.59;22.38;14.11;0;1.39;2.58;76896.00;104.00;105.00;48.00;4547.20;1002.16;683.59;6.00;1;0;1;0;0;1;0;0;0;0;0;1;1;0;0;0;0;0
1304053;2.76;0.97;105.00;4484.00;15.75;81.75;42.00;10.59;22.20;14.11;1.99;0;2.58;76896.00;105.00;106.00;48.00;4528.00;1002.32;507.81;6.00;1;0;1;0;0;1;0;0;0;0;0;1;1;0;0;0;0;0
1305472;2.70;1.01;106.00;4500.00;15.75;81.75;42.75;9.41;20.89;14.11;1.97;1.31;2.58;76896.00;105.00;106.00;48.00;4502.00;1002.63;761.71;6.00;1;0;1;0;0;1;0;0;0;0;0;1;1;0;0;0;0;0
1306979;2.58;0.97;106.00;4466.00;15.75;81.75;44.25;8.24;19.21;14.02;0;0.12;2.58;76896.00;105.00;106.00;48.00;4523.60;1003.02;136.72;6.00;1;0;1;0;0;1;0;0;0;0;0;1;1;0;0;0;0;0
1308174;2.58;0.96;106.00;4482.00;15.75;82.50;42.75;9.41;21.06;14.11;0.59;0.98;2.58;76896.00;105.00;106.00;48.00;4511.40;1002.86;781.24;6.00;1;0;1;0;0;1;0;0;0;0;0;1;1;0;0;0;0;0
1309572;2.53;0.97;106.00;4489.00;15.75;82.50;43.50;9.02;20.33;14.11;1.31;0;2.58;76896.00;105.00;106.00;48.00;4483.00;1003.06;761.71;6.00;1;0;1;0;0;1;0;0;0;0;0;1;1;0;0;0;0;0
1310962;3.10;1.01;106.00;4487.00;15.75;82.50;40.50;11.77;23.79;14.11;0.84;0.49;2.58;76896.00;106.00;106.00;48.00;4523.40;1003.18;820.30;6.00;1;0;1;0;0;1;0;0;0;0;0;1;1;0;0;0;0;0
1312320;2.65;0.96;106.00;4524.00;15.75;82.50;42.00;10.20;21.78;14.11;1.31;1.97;2.58;76896.00;106.00;107.00;48.00;4436.80;1003.26;898.43;6.00;1;0;1;0;0;1;0;0;0;0;0;1;1;0;0;0;0;0
1313670;1.66;0.96;105.00;4465.00;15.75;82.50;45.75;6.67;17.59;13.92;0.90;1.87;2.82;76896.00;105.00;105.00;48.00;4475.20;1003.57;859.36;6.00;1;0;1;0;0;1;0;0;0;0;0;1;1;0;0;0;0;0
1315078;2.38;0.96;103.00;4430.00;15.75;82.50;44.25;8.24;19.28;14.11;0;1.66;2.58;76896.00;103.00;104.00;48.00;4544.60;1003.65;605.46;6.00;1;0;1;0;0;1;0;0;0;0;0;1;1;0;0;0;0;0
1316545;2.55;0.94;103.00;4385.00;15.75;81.75;43.50;9.02;20.63;14.11;0;0;2.58;76896.00;103.00;103.00;48.00;4548.80;1004.00;761.71;6.00;1;0;1;0;0;1;0;0;0;0;0;1;1;0;0;0;0;0
1317816;2.78;0.98;103.00;4400.00;15.75;81.75;42.00;10.20;22.25;14.11;0;0.66;2.58;76896.00;103.00;104.00;48.00;4539.00;1004.19;722.65;6.00;1;0;1;0;0;1;0;0;0;0;0;1;1;0;0;0;0;0
1319242;2.63;0.95;105.00;4457.00;15.75;81.75;42.00;10.20;21.62;14.11;0;3.59;2.58;76896.00;104.00;105.00;48.00;4501.20;1004.31;78.12;6.00;1;0;1;0;0;1;0;0;0;0;0;1;1;0;0;0;0;0
1320585;2.27;0.91;105.00;4423.00;15.75;81.75;44.25;8.63;19.89;14.02;0.02;0.06;2.58;76896.00;104.00;105.00;48.00;4502.00;1004.27;136.72;6.00;1;0;1;0;0;1;0;0;0;0;0;1;1;0;0;0;0;0
1322015;2.29;0.91;105.00;4455.00;15.75;81.75;44.25;8.63;19.81;14.02;1.31;0;2.58;76896.00;105.00;105.00;48.00;4503.00;1004.51;820.30;6.00;1;0;1;0;0;1;0;0;0;0;0;1;1;0;0;0;0;0
1323425;2.45;0.94;105.00;4443.00;15.75;81.75;43.50;9.02;20.42;14.02;1.97;0.80;2.58;76896.00;104.00;105.00;48.00;4517.60;1004.62;664.05;6.00;1;0;1;0;0;1;0;0;0;0;0;1;1;0;0;0;0;0
1324871;2.26;0.93;105.00;4446.00;15.75;81.75;44.25;8.24;19.28;14.02;0.94;0.25;2.58;76896.00;104.00;105.00;48.00;4503.80;1004.82;839.83;6.00;1;0;1;0;0;1;0;0;0;0;0;1;1;0;0;0;0;0
1326208;3.42;1.03;106.00;4499.00;15.75;81.75;38.25;14.12;25.77;14.11;2.25;0;2.58;76896.00;105.00;106.00;48.00;4556.40;1004.97;781.24;6.00;1;0;1;0;0;1;0;0;0;0;0;1;1;0;0;0;0;0
1327593;3.56;1.06;108.00;4584.00;15.75;81.75;39.00;14.51;25.93;14.02;0.21;0;2.58;76896.00;108.00;109.00;48.00;4527.00;1005.25;839.83;6.00;1;0;1;0;0;1;0;0;0;0;0;1;1;0;0;0;0;0
1328968;3.24;1.04;110.00;4660.00;15.75;81.75;41.25;12.55;23.88;14.11;1.45;0;2.58;76897.00;109.00;110.00;48.00;4512.60;1005.36;136.72;6.00;1;0;1;0;0;1;0;0;0;0;0;1;1;0;0;0;0;0
1330324;3.05;1.00;111.00;4718.00;15.75;81.75;41.25;12.55;23.49;14.11;0.39;1.60;2.58;76897.00;110.00;112.00;48.00;4523.40;1005.52;78.12;6.00;1;0;1;0;0;1;0;0;0;0;0;1;1;0;0;0;0;0
1331725;3.02;1.01;113.00;4783.00;15.75;81.75;42.00;12.16;22.97;14.02;1.23;0;2.58;76897.00;112.00;113.00;48.00;4496.00;1005.56;273.43;6.00;1;0;1;0;0;1;0;0;0;0;0;1;1;0;0;0;0;0
1333161;3.68;1.00;113.00;4800.00;15.75;81.75;38.25;17.26;26.44;14.11;0;0;2.58;76897.00;112.00;113.00;48.00;4547.20;1006.07;644.52;6.00;1;0;1;0;0;1;0;0;0;0;0;1;1;0;0;0;0;0
1334607;6.30;1.05;118.00;5063.00;15.75;81.75;22.50;40.40;42.75;14.02;0.68;0;2.58;76897.00;116.00;119.00;48.00;4505.60;1006.19;39.06;6.00;1;0;1;0;0;1;0;0;0;0;0;1;1;0;0;0;0;0
1336012;2.50;1.00;121.00;5137.00;15.75;81.75;45.75;10.59;20.13;14.02;1.05;0.49;2.58;76897.00;120.00;122.00;48.00;4502.60;1006.26;761.71;6.00;1;0;1;0;0;1;0;0;0;0;0;1;1;0;0;0;0;0
1337380;2.26;0.93;117.00;4978.00;15.75;81.75;46.50;9.02;18.92;14.02;0.47;0.12;2.58;76897.00;117.00;118.00;48.00;4527.80;1006.30;136.72;6.00;1;0;1;0;0;1;0;0;0;0;0;1;1;0;0;0;0;0
1338746;2.10;0.95;115.00;4886.00;15.75;81.75;47.25;7.84;17.34;14.11;0;0;2.58;76897.00;114.00;115.00;48.00;4463.00;1006.34;898.43;6.00;1;0;1;0;0;1;0;0;0;0;0;1;1;0;0;0;0;0
1340223;0.63;0.97;108.00;4601.00;15.75;81.75;48.75;1.18;5.34;14.11;1.00;0;2.58;76897.00;108.00;108.00;48.00;4486.40;1006.46;917.96;6.00;1;0;1;0;0;1;0;0;0;0;0;1;1;0;0;0;0;0
1341573;1.10;1.00;101.00;4300.00;15.75;81.75;37.50;3.14;7.72;14.02;1.70;0.16;2.58;76897.00;101.00;102.00;48.00;4307.80;1006.46;898.43;6.00;1;0;1;0;0;1;0;0;0;0;0;1;1;0;0;0;0;0
1342951;1.34;0.96;97.00;4125.00;15.75;81.75;46.50;3.92;11.15;14.11;0.29;0.51;2.58;76897.00;97.00;98.00;48.00;4509.60;1006.46;898.43;6.00;1;0;1;0;0;1;0;0;0;0;0;1;1;0;0;0;0;0
1344380;1.02;0.91;92.00;3934.00;15.75;81.75;45.00;2.75;8.99;14.11;0;0;2.58;76897.00;93.00;93.00;48.00;4524.40;1006.46;878.90;6.00;1;0;1;0;0;1;0;0;0;0;0;1;1;0;0;0;0;0
1345778;0.56;0.87;87.00;3629.00;15.75;81.75;42.00;0.39;6.04;14.02;1.46;0.64;2.58;76897.00;87.00;87.00;48.00;4539.20;1006.65;58.59;6.00;1;0;1;0;0;1;0;0;0;0;0;1;1;0;0;0;0;0
1347187;0.61;1.00;80.00;3353.00;15.75;81.75;-30.00;0;0;14.02;1.43;2.09;2.58;76897.00;80.00;79.00;48.00;4595.40;1006.85;0;6.00;1;0;1;0;0;1;0;0;0;0;0;1;1;0;0;0;0;0
1348586;1.69;0.97;75.00;3172.00;15.75;81.75;18.00;4.31;10.88;14.11;0;0.14;2.58;76897.00;75.00;75.00;48.00;4393.60;1006.85;859.36;6.00;1;0;1;0;0;1;0;0;0;0;0;1;1;0;0;0;0;0
1349910;0.89;0.93;72.00;3143.00;15.75;81.75;33.75;1.57;8.00;14.11;0;1.86;2.58;76897.00;72.00;72.00;48.00;4520.20;1006.81;878.90;6.00;1;0;1;0;0;1;0;0;0;0;0;1;1;0;0;0;0;0
1351248;0.70;1.00;66.00;2812.00;15.75;82.50;-30.00;0;0;14.11;0;1.60;2.58;76897.00;67.00;66.00;48.00;4387.60;1006.85;175.78;6.00;1;0;1;0;0;1;0;0;0;0;0;1;1;0;0;0;0;0
1352689;0.74;1.00;61.00;2786.00;15.75;82.50;18.75;0;12.11;14.11;54.76;11.23;2.58;76897.00;61.00;61.00;48.00;4390.00;1006.81;742.18;5.00;1;0;1;0;0;1;0;0;0;0;0;1;1;0;0;0;0;0
1354269;0.77;1.00;55.00;2873.00;15.75;82.50;15.75;0;12.37;14.11;14.88;3.61;2.58;76897.00;55.00;55.00;48.00;4497.00;1006.81;19.53;4.00;1;0;1;0;0;1;0;0;1;0;0;1;1;0;0;0;0;0
1355716;0.67;1.00;48.00;3034.00;15.75;82.50;-30.00;0;0;14.02;2.73;0.51;2.58;76897.00;49.00;49.00;48.00;4562.00;1006.89;0;3.00;1;0;1;0;0;1;0;0;1;0;0;1;1;0;0;0;0;0
1357143;0.74;1.00;42.00;2610.00;15.75;82.50;-30.00;0;0;14.21;0.33;0;2.58;76897.00;43.00;43.00;48.00;4546.20;1007.04;0;3.00;1;0;1;0;0;1;0;0;1;0;0;1;1;0;0;0;0;0
1358532;0.99;1.00;36.00;1896.00;15.75;82.50;15.00;0;12.32;14.21;32.91;18.42;2.58;76897.00;37.00;36.00;39.00;4417.00;1006.93;58.59;2.00;1;0;1;0;0;1;0;0;1;0;0;1;1;0;0;0;0;0
1360087;1.30;1.01;31.00;2427.00;15.75;82.50;24.00;1.18;9.58;14.30;16.21;18.51;2.58;76897.00;31.00;31.00;48.00;4542.60;1007.04;898.43;2.00;1;0;1;0;0;1;0;0;1;0;0;1;1;0;0;0;0;0
1361487;4.10;1.00;36.00;2877.00;15.75;83.25;25.50;15.69;31.41;14.11;80.33;159.85;2.58;76897.00;36.00;37.00;47.00;4532.00;1007.20;742.18;2.00;1;0;1;0;0;1;0;0;1;0;0;1;1;0;0;0;0;0
1362975;7.18;1.00;53.00;4216.00;15.75;83.25;17.25;35.69;46.35;14.02;151.71;229.97;2.58;76897.00;53.00;54.00;47.00;4591.20;1007.16;839.83;2.00;1;0;1;0;0;1;0;0;1;0;0;1;1;0;0;0;0;0
1364332;10.04;1.00;73.00;4499.00;15.75;83.25;15.75;46.28;48.80;14.02;339.49;319.34;2.58;76897.00;73.00;74.00;47.00;4535.80;1006.81;878.90;3.00;1;0;1;0;0;1;0;0;1;0;0;1;1;0;0;0;0;0
1365755;7.90;1.04;91.00;5642.00;15.75;83.25;18.00;70.60;49.92;14.02;349.24;331.21;2.58;76897.00;89.00;92.00;47.00;4409.20;1006.77;39.06;3.00;1;0;1;0;0;1;0;0;0;0;0;1;1;0;0;0;0;0
1367199;6.19;1.01;102.00;5299.00;15.75;82.50;24.00;41.57;41.55;13.92;88.06;82.90;2.82;76897.00;100.00;102.00;48.00;4502.80;1006.69;761.71;4.00;1;0;1;0;0;1;0;0;0;0;0;1;1;0;0;0;0;0
1368714;6.24;1.00;107.00;4584.00;15.75;81.75;24.75;32.55;40.44;14.11;3.36;3.38;2.58;76897.00;105.00;108.00;48.00;4581.80;1006.58;214.84;6.00;1;0;1;0;0;1;0;0;0;0;0;1;1;0;0;0;0;0
1370076;2.80;1.00;110.00;4679.00;15.75;81.75;41.25;11.77;23.32;14.02;3.24;0.66;2.58;76897.00;109.00;111.00;48.00;4499.80;1006.50;761.71;6.00;1;0;1;0;0;1;0;0;0;0;0;1;1;0;0;0;0;0
1371379;1.76;0.99;108.00;4587.00;15.75;81.75;48.00;5.88;13.96;14.11;0.61;1.72;2.58;76898.00;108.00;109.00;48.00;4460.80;1006.34;683.59;6.00;1;0;1;0;0;1;0;0;0;0;0;1;1;0;0;0;0;0
1372809;2.00;0.94;106.00;4519.00;15.75;81.75;46.50;7.06;16.43;14.11;0.43;0.25;2.58;76898.00;107.00;107.00;48.00;4483.20;1006.07;58.59;6.00;1;0;1;0;0;1;0;0;0;0;0;1;1;0;0;0;0;0
1374165;2.23;0.94;105.00;4463.00;15.75;81.75;45.75;7.84;18.21;14.11;0;0;2.58;76898.00;105.00;105.00;48.00;4552.80;1006.22;78.12;6.00;1;0;1;0;0;1;0;0;0;0;0;1;1;0;0;0;0;0
1375565;3.42;0.96;106.00;4458.00;15.75;81.75;36.75;15.30;27.06;14.11;0.98;1.31;2.58;76898.00;104.00;106.00;48.00;4580.40;1006.30;800.77;6.00;1;0;1;0;0;1;0;0;0;0;0;1;1;0;0;0;0;0
1377027;2.59;0.97;107.00;4551.00;15.75;81.75;44.25;9.02;20.75;14.11;0.51;1.21;2.58;76898.00;107.00;107.00;48.00;4479.20;1006.42;781.24;6.00;1;0;1;0;0;1;0;0;0;0;0;1;1;0;0;0;0;0
1378477;2.41;0.96;107.00;4546.00;15.75;81.75;45.00;8.63;19.69;14.11;0;0.21;2.58;76898.00;106.00;107.00;48.00;4496.40;1006.61;722.65;6.00;1;0;1;0;0;1;0;0;0;0;0;1;1;0;0;0;0;0
1379869;3.11;1.03;107.00;4552.00;15.75;81.75;41.25;11.77;23.57;14.11;1.97;0.35;2.58;76898.00;106.00;108.00;48.00;4539.00;1006.65;136.72;6.00;1;0;1;0;0;1;0;0;0;0;0;1;1;0;0;0;0;0
1381287;2.54;0.94;107.00;4546.00;15.75;81.75;43.50;10.20;21.19;14.11;1.19;0;2.58;76898.00;106.00;108.00;48.00;4537.00;1006.81;468.74;6.00;1;0;1;0;0;1;0;0;0;0;0;1;1;0;0;0;0;0
1382635;2.78;1.01;108.00;4615.00;15.75;81.75;43.50;10.20;21.57;14.11;0.61;0;2.58;76898.00;108.00;109.00;48.00;4477.20;1006.93;664.05;6.00;1;0;1;0;0;1;0;0;0;0;0;1;1;0;0;0;0;0
1384035;3.75;1.10;108.00;4615.00;15.75;81.75;38.25;15.30;26.31;14.11;1.35;2.46;2.58;76898.00;108.00;109.00;48.00;4528.40;1007.12;800.77;6.00;1;0;1;0;0;1;0;0;0;0;0;1;1;0;0;0;0;0
1385354;3.50;1.06;110.00;4641.00;15.75;81.75;39.75;14.12;25.41;14.11;1.04;0;2.58;76898.00;108.00;110.00;48.00;4510.40;1007.28;839.83;6.00;1;0;1;0;0;1;0;0;0;0;0;1;1;0;0;0;0;0
1386854;3.41;1.06;110.00;4656.00;15.75;81.75;39.75;13.73;25.02;14.11;0.78;0;2.58;76898.00;108.00;110.00;48.00;4531.40;1007.63;703.12;6.00;1;0;1;0;0;1;0;0;0;0;0;1;1;0;0;0;0;0
1388183;4.38;1.07;110.00;4660.00;15.75;81.75;34.50;20.39;30.22;13.92;1.19;0.33;2.82;76898.00;109.00;110.00;48.00;4530.60;1007.75;781.24;6.00;1;0;1;0;0;1;0;0;0;0;0;1;1;0;0;0;0;0
1389519;2.99;1.00;110.00;4659.00;15.75;81.75;42.00;11.77;23.11;14.11;0.76;2.40;2.58;76898.00;110.00;110.00;48.00;4509.00;1007.86;97.66;6.00;1;0;1;0;0;1;0;0;0;0;0;1;1;0;0;0;0;0
1390939;3.66;1.08;111.00;4714.00;15.75;81.75;39.00;15.69;25.93;14.11;0;0;2.58;76898.00;109.00;111.00;48.00;4518.40;1007.79;703.12;6.00;1;0;1;0;0;1;0;0;0;0;0;1;1;0;0;0;0;0
1392287;3.10;1.02;110.00;4681.00;15.75;81.75;41.25;12.16;23.47;14.11;0;2.03;2.58;76898.00;109.00;111.00;48.00;4509.60;1007.90;117.19;6.00;1;0;1;0;0;1;0;0;0;0;0;1;1;0;0;0;0;0
1393685;3.50;1.05;111.00;4714.00;15.75;81.75;39.75;14.90;25.47;14.02;0.18;0.86;2.58;76898.00;107.00;111.00;48.00;4491.40;1007.94;839.83;6.00;1;0;1;0;0;1;0;0;0;0;0;1;1;0;0;0;0;0
1395053;3.18;1.03;110.00;4677.00;15.75;81.75;41.25;12.16;23.70;14.02;3.69;1.25;2.58;76898.00;109.00;111.00;48.00;4508.40;1007.86;195.31;6.00;1;0;1;0;0;1;0;0;0;0;0;1;1;0;0;0;0;0
1396445;3.85;1.06;110.00;4665.00;15.75;81.75;36.75;17.65;27.79;14.11;0;0.10;2.58;76898.00;109.00;110.00;48.00;4520.20;1007.94;839.83;6.00;1;0;1;0;0;1;0;0;0;0;0;1;1;0;0;0;0;0
1397848;2.28;0.99;110.00;4643.00;15.75;81.75;46.50;7.84;18.05;14.11;0;0;2.58;76898.00;109.00;110.00;48.00;4441.40;1007.98;800.77;6.00;1;0;1;0;0;1;0;0;0;0;0;1;1;0;0;0;0;0
1399256;1.74;0.92;106.00;4501.00;15.75;81.75;47.25;6.28;14.91;13.92;0.20;2.36;2.82;76898.00;106.00;107.00;48.00;4500.80;1007.90;839.83;6.00;1;0;1;0;0;1;0;0;0;0;0;1;1;0;0;0;0;0
1400666;0.87;0.89;102.00;4323.00;15.75;81.75;47.25;2.75;7.74;14.02;2.48;1.19;2.58;76898.00;102.00;102.00;48.00;4491.20;1007.94;898.43;6.00;1;0;1;0;0;1;0;0;0;0;0;1;1;0;0;0;0;0
1402073;0.56;1.00;96.00;4060.00;15.75;81.75;-30.00;0;0;14.02;2.11;0.12;2.58;76898.00;96.00;96.00;48.00;4523.60;1008.06;0;6.00;1;0;1;0;0;1;0;0;0;0;0;1;1;0;0;0;0;0
1403550;0.57;1.00;88.00;3721.00;15.75;81.75;-30.00;0;0;14.11;0;0;2.58;76898.00;88.00;88.00;48.00;4522.60;1008.41;0;6.00;1;0;1;0;0;1;0;0;0;0;0;1;1;0;0;0;0;0
1404893;0.58;1.00;82.00;3505.00;15.75;81.75;-30.00;0;0;14.11;0;6.89;2.58;76899.00;83.00;83.00;48.00;4553.40;1008.61;0;6.00;1;0;1;0;0;1;0;0;0;0;0;1;1;0;0;0;0;0
1406283;0.61;1.00;77.00;3305.00;15.75;81.75;-30.00;0;0;14.11;1.50;3.11;2.58;76899.00;77.00;78.00;48.00;4542.40;1008.76;0;6.00;1;0;1;0;0;1;0;0;0;0;0;1;1;0;0;0;0;0
1407670;0.67;1.00;72.00;3096.00;15.75;81.75;-30.00;0;0;14.11;0.10;0.84;2.58;76899.00;73.00;73.00;48.00;4521.00;1008.80;0;6.00;1;0;1;0;0;1;0;0;0;0;0;1;1;0;0;0;0;0
1409065;0.70;1.00;67.00;2848.00;15.75;81.75;-30.00;0;0;13.92;0.64;2.21;2.82;76899.00;67.00;67.00;48.00;4499.40;1008.84;0;6.00;1;0;1;0;0;1;0;0;0;0;0;1;1;0;0;0;0;0
1410348;0.75;1.00;61.00;2624.00;15.75;81.75;-30.00;0;0;14.11;0;0.31;2.58;76899.00;62.00;61.00;48.00;4532.20;1008.84;0;6.00;1;0;1;0;0;1;0;0;0;0;0;1;1;0;0;0;0;0
1411735;0.80;1.00;56.00;2522.00;15.75;81.75;15.75;0;12.37;14.11;8.42;2.89;2.58;76899.00;56.00;56.00;53.00;4421.40;1008.84;19.53;4.00;1;0;1;0;0;1;0;0;1;0;0;1;1;0;0;0;0;0
1413179;0.82;1.00;46.00;2368.00;15.75;81.75;15.75;0;12.31;14.30;11.43;1.70;2.58;76899.00;46.00;46.00;40.00;4530.40;1009.11;19.53;4.00;1;0;1;0;0;1;0;0;1;0;0;1;1;0;0;0;0;0
1414583;1.20;1.01;28.00;1546.00;15.75;81.75;13.50;0;12.27;14.39;17.07;44.67;2.31;76899.00;29.00;29.00;40.00;4465.40;1009.47;488.28;4.00;1;0;1;0;0;1;0;0;1;0;0;1;1;0;0;0;0;0
1416001;1.36;0.99;16.00;1294.00;15.75;81.75;13.50;0;12.09;14.39;132.22;123.06;2.31;76899.00;17.00;16.00;39.00;4506.20;1009.78;703.12;3.00;1;0;1;0;0;1;0;0;1;0;0;1;1;0;0;0;0;0
1417448;1.50;0.97;16.00;1180.00;15.75;81.75;22.50;0;13.50;13.92;90.13;86.22;2.82;76899.00;16.00;16.00;41.00;4514.60;1009.97;78.12;3.00;1;0;1;0;0;1;0;0;1;0;0;1;1;0;0;0;0;0
1418753;0.88;1.00;17.00;2190.00;15.75;81.75;15.75;0;12.40;14.21;46.58;42.93;2.58;76899.00;18.00;18.00;41.00;4512.40;1010.01;839.83;3.00;1;0;1;0;0;1;0;0;1;0;0;1;1;0;0;0;0;0
1420184;1.27;1.00;18.00;1581.00;15.75;81.75;11.25;0;12.40;14.39;19.06;16.54;2.31;76899.00;19.00;19.00;41.00;4494.80;1010.05;39.06;2.00;1;0;1;0;0;1;0;0;1;0;0;1;1;0;0;0;0;0
1421538;1.27;0.99;15.00;1322.00;15.75;82.50;13.50;0;12.13;13.83;68.63;27.46;2.82;76899.00;15.00;15.00;39.00;4539.60;1010.05;800.77;2.00;1;0;1;0;0;1;0;0;1;0;0;1;1;0;0;0;0;0
1422971;1.35;0.98;8.00;1268.00;15.75;82.50;14.25;0;12.22;13.64;155.01;203.76;2.82;76899.00;9.00;9.00;38.00;4521.20;1010.05;58.59;1;1;0;1;0;0;1;0;0;1;0;0;1;1;0;0;0;0;0
1424343;1.29;1.00;0;1283.00;15.75;82.50;13.50;0;12.02;13.54;196.45;228.25;3.07;76899.00;0;0;37.00;4515.20;1010.05;781.24;1;1;0;1;0;0;1;0;0;1;0;0;1;1;0;0;0;0;0
1425732;1.35;0.99;0;1265.00;15.75;83.25;13.50;0;11.89;13.45;111.54;117.06;3.07;76899.00;0;0;37.00;4516.40;1010.05;117.19;1;1;0;1;0;0;1;0;0;1;0;0;1;1;0;0;0;0;0
1427229;1.37;1.02;0;1219.00;15.75;83.25;17.25;0;12.48;13.45;57.18;50.27;3.07;76899.00;0;0;37.00;4521.80;1010.05;722.65;1;1;0;1;0;0;1;0;0;1;0;0;1;1;0;0;0;0;0
1428612;1.26;0.97;0;1280.00;15.75;83.25;12.75;0;11.68;13.54;27.93;28.14;3.07;76899.00;0;0;37.00;4511.80;1010.05;703.12;1;1;0;1;0;0;1;0;0;1;0;0;1;1;0;0;0;0;0
1430003;1.25;0.98;0;1303.00;15.75;84.00;12.00;0;11.54;13.54;14.00;13.36;3.07;76899.00;0;0;37.00;4512.80;1010.05;214.84;1;1;0;1;0;0;1;0;0;1;0;0;1;1;0;0;0;0;0
1431260;1.23;0.97;0;1276.00;15.75;84.00;13.50;0;11.77;13.45;6.60;8.55;3.07;76899.00;0;0;37.00;4525.60;1010.05;97.66;1;1;0;1;0;0;1;0;0;1;0;0;1;1;0;0;0;0;0
1432699;1.26;1.00;0;1284.00;15.75;84.00;12.75;0;11.67;13.54;6.84;5.76;3.07;76899.00;0;0;37.00;4502.40;1010.05;78.12;1;1;0;1;0;0;1;0;0;1;0;0;1;1;0;0;0;0;0
1434102;1.31;1.00;0;1234.00;15.75;84.75;15.00;0;11.97;13.35;3.36;4.34;3.07;76899.00;0;0;36.00;4511.60;1010.05;761.71;1;1;0;1;0;0;1;0;0;1;0;0;1;1;0;0;0;0;0
1435387;1.32;0.99;0;1225.00;15.75;84.75;16.50;0;12.28;13.45;3.32;1.86;3.07;76899.00;0;0;37.00;4528.00;1010.05;566.40;1;1;0;1;0;0;1;0;0;1;0;0;1;1;0;0;0;0;0
1436835;1.25;0.97;0;1265.00;15.75;84.75;13.50;0;11.74;13.54;1.43;0.78;3.07;76899.00;0;0;36.00;4499.60;1010.05;97.66;1;1;0;1;0;0;1;0;0;1;0;0;1;1;0;0;0;0;0
1438182;1.26;0.99;0;1284.00;15.75;84.75;12.75;0;11.59;13.45;2.42;0.29;3.07;76899.00;0;0;37.00;4523.00;1010.05;312.50;1;1;0;1;0;0;1;0;0;1;0;0;1;1;0;0;0;0;0
1439547;1.21;0.98;0;1248.00;15.75;85.50;14.25;0;11.75;13.64;20.17;19.22;2.82;76899.00;0;0;35.00;4512.00;1010.05;820.30;1;1;0;1;0;0;1;0;0;1;0;0;1;1;0;0;0;0;0
1440948;2.85;0.98;0;2573.00;15.75;85.50;27.75;6.67;22.32;14.11;124.09;112.41;2.58;76899.00;0;0;46.00;4569.00;1010.05;859.36;1;1;0;1;0;0;1;0;0;1;0;0;1;1;0;0;0;0;0
1442338;3.19;0.98;18.00;2109.00;15.75;85.50;18.75;7.06;24.37;14.30;209.81;215.96;2.58;76899.00;19.00;19.00;46.00;4458.40;1010.05;820.30;1;1;0;1;0;0;1;0;0;1;0;0;1;1;0;0;0;0;0
1443834;2.42;0.92;31.00;3438.00;15.75;85.50;37.50;7.06;21.15;14.21;179.56;220.96;2.58;76899.00;31.00;31.00;46.00;4520.80;1010.05;820.30;1;1;0;1;0;0;1;0;0;0;0;0;1;1;0;0;0;0;0
1445208;4.12;1.00;40.00;3103.00;15.75;84.75;29.25;13.73;29.21;14.11;238.07;226.26;2.58;76899.00;40.00;40.00;46.00;4267.20;1010.05;878.90;2.00;1;0;1;0;0;1;0;0;1;0;0;1;1;0;0;0;0;0
1446583;7.42;1.00;52.00;4130.00;15.75;84.00;15.75;36.47;46.73;14.11;320.70;335.13;2.58;76899.00;52.00;53.00;47.00;4686.00;1010.05;566.40;2.00;1;0;1;0;0;1;0;0;1;0;0;1;1;0;0;0;0;0
1447957;5.73;1.00;66.00;4014.00;15.75;83.25;24.00;25.89;40.94;14.02;281.80;351.03;2.58;76899.00;65.00;66.00;47.00;4575.60;1010.05;605.46;3.00;1;0;1;0;0;1;0;0;1;0;0;1;1;0;0;0;0;0
1449342;0;1.00;73.00;4338.00;15.75;82.50;42.00;0;4.36;14.11;53.92;71.60;2.58;76899.00;73.00;74.00;48.00;4378.20;1009.97;917.96;3.00;1;0;1;0;0;1;0;0;0;0;0;1;1;0;0;0;0;0
1450779;6.79;0.95;85.00;4436.00;15.75;82.50;15.75;45.50;48.97;14.11;4.14;5.51;2.58;76899.00;82.00;85.00;48.00;4452.40;1009.90;917.96;4.00;1;0;1;0;0;1;0;0;0;0;0;1;1;0;0;0;0;0
1452229;3.44;1.00;88.00;3958.00;15.75;82.50;36.75;12.94;25.73;14.11;3.16;2.34;2.58;76899.00;89.00;89.00;48.00;4483.40;1009.86;761.71;6.00;1;0;1;0;0;1;0;0;0;0;0;1;1;0;0;0;0;0
1453567;2.80;0.93;91.00;3857.00;15.75;82.50;37.50;10.59;23.40;14.11;1.91;0.06;2.58;76899.00;91.00;91.00;48.00;4500.00;1009.82;644.52;6.00;1;0;1;0;0;1;0;0;0;0;0;1;1;0;0;0;0;0
1455023;1.58;1.00;91.00;3840.00;15.75;82.50;43.50;4.31;12.73;14.11;1.60;0;2.58;76899.00;90.00;91.00;48.00;4504.20;1009.74;898.43;6.00;1;0;1;0;0;1;0;0;0;0;0;1;1;0;0;0;0;0
1456287;2.18;0.91;91.00;3860.00;15.75;82.50;42.00;7.45;19.08;14.11;0;0;2.58;76899.00;90.00;91.00;48.00;4523.60;1009.82;859.36;6.00;1;0;1;0;0;1;0;0;0;0;0;1;1;0;0;0;0;0
1457657;1.03;0.84;88.00;3806.00;15.75;82.50;43.50;3.14;9.78;14.02;0;1.93;2.58;76899.00;89.00;89.00;48.00;4510.40;1009.86;58.59;6.00;1;0;1;0;0;1;0;0;0;0;0;1;1;0;0;0;0;0
1459182;1.44;0.88;87.00;3668.00;15.75;81.75;42.00;4.31;13.20;14.11;1.46;3.69;2.58;76899.00;87.00;87.00;48.00;4501.00;1009.74;820.30;6.00;1;0;1;0;0;1;0;0;0;0;0;1;1;0;0;0;0;0
1460633;1.45;0.85;85.00;3611.00;15.75;81.75;41.25;4.71;13.69;14.02;1.50;0.18;2.58;76899.00;85.00;85.00;48.00;4513.20;1009.58;78.12;6.00;1;0;1;0;0;1;0;0;0;0;0;1;1;0;0;0;0;0
1462054;1.50;0.90;83.00;3575.00;15.75;81.75;40.50;4.31;13.45;14.11;0;0;2.58;76899.00;84.00;84.00;48.00;4513.00;1009.62;761.71;6.00;1;0;1;0;0;1;0;0;0;0;0;1;1;0;0;0;0;0
1463354;1.49;0.90;82.00;3509.00;15.75;81.75;39.75;4.31;13.14;14.11;0.84;3.87;2.58;76899.00;83.00;83.00;48.00;4510.80;1009.78;781.24;6.00;1;0;1;0;0;1;0;0;0;0;0;1;1;0;0;0;0;0
1464752;1.34;0.90;81.00;3418.00;15.75;81.75;39.00;3.92;12.10;14.11;0.57;1.70;2.58;76899.00;81.00;81.00;48.00;4516.00;1009.90;742.18;6.00;1;0;1;0;0;1;0;0;0;0;0;1;1;0;0;0;0;0
1466167;1.31;0.89;80.00;3362.00;15.75;81.75;39.00;3.53;11.97;14.11;1.27;0.72;2.58;76899.00;80.00;79.00;48.00;4509.40;1009.97;39.06;6.00;1;0;1;0;0;1;0;0;0;0;0;1;1;0;0;0;0;0
1467495;1.54;0.95;78.00;3312.00;15.75;81.75;38.25;3.92;13.19;14.11;1.19;0;2.58;76899.00;78.00;78.00;48.00;4513.00;1010.01;859.36;6.00;1;0;1;0;0;1;0;0;0;0;0;1;1;0;0;0;0;0
1468973;1.91;0.90;78.00;3340.00;15.75;81.75;38.25;5.88;17.23;14.11;0;0;2.58;76899.00;78.00;78.00;48.00;4504.20;1010.05;156.25;6.00;1;0;1;0;0;1;0;0;0;0;0;1;1;0;0;0;0;0
1470364;1.74;0.89;78.00;3340.00;15.75;81.75;38.25;5.10;15.84;14.11;0.88;2.25;2.58;76899.00;79.00;79.00;48.00;4512.00;1010.05;97.66;6.00;1;0;1;0;0;1;0;0;0;0;0;1;1;0;0;0;0;0
1471765;2.76;0.99;78.00;3315.00;15.75;81.75;36.00;8.24;21.57;14.02;0.27;0.14;2.58;76899.00;78.00;78.00;48.00;4492.80;1010.05;859.36;6.00;1;0;1;0;0;1;0;0;0;0;0;1;1;0;0;0;0;0
1473137;1.77;0.88;78.00;3347.00;15.75;81.75;39.00;5.49;17.17;14.11;0;1.56;2.58;76899.00;79.00;79.00;48.00;4521.00;1010.05;78.12;6.00;1;0;1;0;0;1;0;0;0;0;0;1;1;0;0;0;0;0
1474407;1.30;0.91;78.00;3343.00;15.75;81.75;38.25;3.53;12.40;14.11;0;3.07;2.58;76899.00;79.00;79.00;48.00;4520.80;1010.05;39.06;6.00;1;0;1;0;0;1;0;0;0;0;0;1;1;0;0;0;0;0
1475790;2.20;0.89;78.00;3384.00;15.75;81.75;37.50;7.06;19.87;14.11;1.56;0.88;2.58;76899.00;79.00;79.00;48.00;4512.80;1010.05;58.59;6.00;1;0;1;0;0;1;0;0;0;0;0;1;1;0;0;0;0;0
1477179;1.69;0.98;78.00;3352.00;15.75;81.75;39.00;4.31;14.15;14.02;0.55;0;2.58;76900.00;79.00;79.00;48.00;4529.60;1010.05;839.83;6.00;1;0;1;0;0;1;0;0;0;0;0;1;1;0;0;0;0;0
1478528;1.41;0.91;77.00;3293.00;15.75;81.75;38.25;3.92;12.45;14.11;0;0;2.58;76900.00;78.00;78.00;48.00;4508.40;1010.05;312.50;6.00;1;0;1;0;0;1;0;0;0;0;0;1;1;0;0;0;0;0
1479978;2.43;0.94;77.00;3298.00;15.75;81.75;36.75;7.06;19.56;14.02;1.31;1.86;2.58;76900.00;77.00;78.00;48.00;4503.80;1010.05;742.18;6.00;1;0;1;0;0;1;0;0;0;0;0;1;1;0;0;0;0;0
1481379;1.77;1.01;78.00;3335.00;15.75;81.75;38.25;4.71;14.57;14.11;3.05;1.27;2.58;76900.00;79.00;79.00;48.00;4523.20;1010.05;878.90;6.00;1;0;1;0;0;1;0;0;0;0;0;1;1;0;0;0;0;0
1482788;2.02;0.93;78.00;3335.00;15.75;81.75;38.25;5.88;17.53;14.02;1.31;1.76;2.58;76900.00;78.00;78.00;48.00;4506.40;1010.05;722.65;6.00;1;0;1;0;0;1;0;0;0;0;0;1;1;0;0;0;0;0
1484182;1.62;1.00;77.00;3300.00;15.75;81.75;38.25;3.92;13.19;14.11;0.55;0.12;2.58;76900.00;77.00;78.00;48.00;4524.60;1009.97;878.90;6.00;1;0;1;0;0;1;0;0;0;0;0;1;1;0;0;0;0;0
1485502;2.47;0.99;77.00;3294.00;15.75;81.75;36.75;6.67;19.86;13.92;1.07;0;2.82;76900.00;77.00;77.00;48.00;4509.60;1010.01;859.36;6.00;1;0;1;0;0;1;0;0;0;0;0;1;1;0;0;0;0;0
1486833;1.98;0.91;77.00;3281.00;15.75;81.75;37.50;5.88;17.64;14.11;2.87;0.45;2.58;76900.00;76.00;77.00;48.00;4501.40;1010.05;273.43;6.00;1;0;1;0;0;1;0;0;0;0;0;1;1;0;0;0;0;0
1488240;1.89;0.92;76.00;3249.00;15.75;81.75;37.50;5.10;16.86;14.11;1.91;0.33;2.58;76900.00;77.00;77.00;48.00;4531.60;1010.05;624.99;6.00;1;0;1;0;0;1;0;0;0;0;0;1;1;0;0;0;0;0
1489638;1.31;0.90;73.00;3133.00;15.75;81.75;36.75;3.53;11.82;14.21;0.61;0;2.58;76900.00;74.00;74.00;48.00;4491.40;1010.05;39.06;6.00;1;0;1;0;0;1;0;0;0;0;0;1;1;0;0;0;0;0
1491040;2.85;0.94;73.00;3145.00;15.75;81.75;33.00;9.81;23.78;14.11;1.82;0;2.58;76900.00;74.00;74.00;48.00;4504.60;1010.01;859.36;6.00;1;0;1;0;0;1;0;0;0;0;0;1;1;0;0;0;0;0
1492393;2.10;0.92;75.00;3150.00;15.75;81.75;36.00;6.28;18.50;14.11;1.72;0.49;2.58;76900.00;75.00;74.00;48.00;4515.40;1010.05;39.06;6.00;1;0;1;0;0;1;0;0;0;0;0;1;1;0;0;0;0;0
1493800;1.40;0.93;72.00;3113.00;15.75;81.75;35.25;3.53;12.32;14.11;0.82;1.56;2.58;76900.00;73.00;73.00;48.00;4524.80;1009.97;175.78;6.00;1;0;1;0;0;1;0;0;0;0;0;1;1;0;0;0;0;0
1495231;1.27;0.94;70.00;2945.00;15.75;81.75;33.75;2.75;11.11;14.11;0.39;0.59;2.58;76900.00;70.00;70.00;48.00;4511.80;1009.90;839.83;6.00;1;0;1;0;0;1;0;0;0;0;0;1;1;0;0;0;0;0
1496518;0.72;1.00;66.00;2761.00;15.75;81.75;-30.00;0;0;14.11;2.21;0;2.58;76900.00;66.00;65.00;48.00;4578.80;1009.74;0;6.00;1;0;1;0;0;1;0;0;0;0;0;1;1;0;0;0;0;0
1497892;2.38;1.00;60.00;2546.00;15.75;81.75;0.75;5.10;10.58;14.21;2.54;1.46;2.58;76900.00;60.00;60.00;48.00;4240.60;1009.74;839.83;6.00;1;0;1;0;0;1;0;0;0;0;0;1;1;0;0;0;0;0
1499343;1.86;0.99;60.00;2524.00;15.75;81.75;25.50;3.92;14.73;14.21;1.35;2.58;2.58;76900.00;60.00;60.00;48.00;4534.60;1009.54;898.43;6.00;1;0;1;0;0;1;0;0;0;0;0;1;1;0;0;0;0;0
1500819;1.31;0.98;56.00;2416.00;15.75;82.50;23.25;1.57;10.35;14.30;0.14;0.33;2.58;76900.00;56.00;56.00;48.00;4534.40;1009.58;722.65;6.00;1;0;1;0;0;1;0;0;1;0;0;1;1;0;0;0;0;0
1502228;1.98;0.97;55.00;2318.00;15.75;82.50;22.50;3.53;15.74;14.21;0;0;2.58;76900.00;55.00;55.00;48.00;4498.20;1009.51;859.36;6.00;1;0;1;0;0;1;0;0;1;0;0;1;1;0;0;0;0;0
1503430;1.96;0.98;53.00;2515.00;15.75;82.50;25.50;3.53;15.47;14.11;3.73;1.80;2.58;76900.00;54.00;54.00;48.00;4493.00;1009.51;449.21;5.00;1;0;1;0;0;1;0;0;1;0;0;1;1;0;0;0;0;0
1504840;2.21;0.97;55.00;2570.00;15.75;82.50;26.25;4.31;17.41;14.21;2.01;3.26;2.58;76900.00;55.00;55.00;48.00;4493.80;1009.54;781.24;5.00;1;0;1;0;0;1;0;0;1;0;0;1;1;0;0;0;0;0
1506248;1.82;0.97;57.00;2614.00;15.75;82.50;27.00;3.14;14.87;14.11;1.09;0.61;2.58;76900.00;57.00;57.00;48.00;4530.60;1009.51;898.43;5.00;1;0;1;0;0;1;0;0;1;0;0;1;1;0;0;0;0;0
1507522;1.54;0.93;56.00;2605.00;15.75;82.50;27.75;2.75;12.98;14.02;0.70;0;2.58;76900.00;57.00;56.00;48.00;4513.80;1009.47;839.83;5.00;1;0;1;0;0;1;0;0;1;0;0;1;1;0;0;0;0;0
1508925;1.82;0.91;56.00;2626.00;15.75;82.50;28.50;3.92;15.98;14.11;0;0;2.58;76900.00;57.00;57.00;48.00;4506.80;1009.43;58.59;5.00;1;0;1;0;0;1;0;0;1;0;0;0;1;0;0;0;0;0
1510345;1.34;0.92;57.00;2623.00;15.75;82.50;27.75;2.35;11.66;14.21;0;0.33;2.58;76900.00;57.00;57.00;48.00;4515.40;1009.35;878.90;5.00;1;0;1;0;0;1;0;0;1;0;0;1;1;0;0;0;0;0
1511775;1.03;0.99;55.00;2595.00;15.75;83.25;27.00;0.78;8.12;14.21;6.52;7.40;2.58;76900.00;56.00;56.00;47.00;4523.00;1009.47;898.43;5.00;1;0;1;0;0;1;0;0;1;0;0;1;1;0;0;0;0;0
1513186;1.70;0.95;55.00;2545.00;15.75;83.25;26.25;3.14;14.01;14.02;167.96;128.51;2.58;76900.00;56.00;55.00;47.00;4497.80;1009.74;605.46;5.00;1;0;1;0;0;1;0;0;1;0;0;1;1;0;0;0;0;0
1514506;2.29;0.95;57.00;2662.00;15.75;83.25;28.50;5.10;19.11;14.11;185.81;96.71;2.58;76900.00;58.00;58.00;47.00;4515.40;1009.86;761.71;5.00;1;0;1;0;0;1;0;0;1;0;0;1;1;0;0;0;0;0
1515867;1.21;0.99;58.00;2738.00;15.75;83.25;30.00;1.57;9.84;14.21;326.40;302.81;2.58;76900.00;59.00;59.00;47.00;4520.40;1009.94;898.43;5.00;1;0;1;0;0;1;0;0;1;0;0;1;1;0;0;0;0;0
1517296;1;0.95;58.00;2642.00;15.75;83.25;28.50;0.39;10.34;14.21;344.24;325.14;2.58;76900.00;58.00;58.00;47.00;4512.40;1009.97;898.43;5.00;1;0;1;0;0;1;0;0;1;0;0;1;1;0;0;0;0;0
1518721;1;0.90;57.00;2628.00;15.75;83.25;27.75;1.18;8.66;14.11;313.53;289.49;2.58;76900.00;57.00;57.00;47.00;4514.00;1010.01;703.12;5.00;1;0;1;0;0;1;0;0;1;0;0;1;1;0;0;0;0;0
1520228;1.12;0.90;56.00;2643.00;15.75;83.25;27.75;1.57;10.06;14.11;263.28;204.69;2.58;76900.00;56.00;56.00;47.00;4511.40;1010.05;58.59;5.00;1;0;1;0;0;1;0;0;1;0;0;1;1;0;0;0;0;0
1521518;2.06;0.95;56.00;2621.00;15.75;83.25;27.75;4.31;17.19;14.21;342.24;307.34;2.58;76900.00;56.00;56.00;47.00;4501.40;1010.05;175.78;5.00;1;0;1;0;0;1;0;0;1;0;0;1;1;0;0;0;0;0
1522928;1.21;0.95;57.00;2612.00;15.75;83.25;28.50;1.57;10.05;14.02;286.10;301.02;2.58;76900.00;57.00;57.00;47.00;4521.20;1010.05;781.24;5.00;1;0;1;0;0;1;0;0;1;0;0;1;1;0;0;0;0;0
1524331;0.98;1.00;55.00;2491.00;15.75;83.25;12.00;1.18;12.14;14.02;278.15;328.49;2.58;76900.00;55.00;55.00;47.00;4481.60;1010.05;898.43;5.00;1;0;1;0;0;1;0;0;1;0;0;1;1;0;0;0;0;0
1525649;2.50;0.94;58.00;2685.00;15.75;83.25;29.25;6.28;21.09;14.21;322.38;336.29;2.58;76900.00;58.00;58.00;47.00;4536.80;1010.05;800.77;5.00;1;0;1;0;0;1;0;0;1;0;0;1;1;0;0;0;0;0
1527110;1.62;1.00;60.00;2768.00;15.75;83.25;30.75;2.75;13.09;14.21;347.75;356.13;2.58;76900.00;60.00;60.00;47.00;4517.20;1010.05;898.43;5.00;1;0;1;0;0;1;0;0;1;0;0;1;1;0;0;0;0;0
1528381;1.60;0.95;60.00;2769.00;15.75;83.25;30.00;3.14;13.24;14.21;319.98;356.54;2.58;76900.00;60.00;60.00;47.00;4501.40;1010.05;859.36;5.00;1;0;1;0;0;1;0;0;1;0;0;1;1;0;0;0;0;0
1529784;1.02;0.90;58.00;2715.00;15.75;83.25;30.00;1.18;8.99;14.02;305.82;329.30;2.58;76900.00;59.00;59.00;47.00;4521.80;1010.05;878.90;5.00;1;0;1;0;0;1;0;0;1;0;0;1;1;0;0;0;0;0
1531134;1.30;0.88;57.00;2632.00;15.75;83.25;27.75;2.35;11.54;14.21;317.52;334.74;2.58;76900.00;57.00;57.00;47.00;4508.80;1010.05;39.06;5.00;1;0;1;0;0;1;0;0;1;0;0;1;1;0;0;0;0;0
1532585;1.91;0.94;57.00;2635.00;15.75;83.25;27.75;3.92;15.99;14.21;344.43;323.38;2.58;76901.00;58.00;57.00;47.00;4499.60;1010.05;351.56;5.00;1;0;1;0;0;1;0;0;1;0;0;1;1;0;0;0;0;0
1534055;1.14;0.94;58.00;2678.00;15.75;83.25;28.50;1.57;9.88;14.21;307.27;326.95;2.58;76901.00;58.00;58.00;47.00;4539.20;1010.09;898.43;5.00;1;0;1;0;0;1;0;0;1;0;0;1;1;0;0;0;0;0
1535454;1.47;0.90;56.00;2603.00;15.75;83.25;27.75;2.75;12.98;14.11;339.65;345.11;2.58;76901.00;57.00;56.00;47.00;4515.00;1010.09;117.19;5.00;1;0;1;0;0;1;0;0;1;0;0;1;1;0;0;0;0;0
1536902;1.57;0.95;56.00;2572.00;15.75;83.25;27.00;2.75;13.14;14.11;319.67;327.03;2.58;76901.00;56.00;56.00;47.00;4518.40;1010.29;878.90;5.00;1;0;1;0;0;1;0;0;1;0;0;1;1;0;0;0;0;0
1538273;1.19;0.91;53.00;2445.00;15.75;83.25;24.00;1.57;10.15;14.11;239.34;343.57;2.58;76901.00;54.00;54.00;47.00;4527.20;1010.37;878.90;5.00;1;0;1;0;0;1;0;0;1;0;0;1;1;0;0;0;0;0
1539469;1.31;0.88;51.00;2380.00;15.75;83.25;24.00;1.96;11.79;14.11;223.81;340.21;2.58;76901.00;51.00;52.00;47.00;4513.00;1010.33;19.53;5.00;1;0;1;0;0;1;0;0;1;0;0;1;1;0;0;0;0;0
1540985;1.85;0.93;51.00;2325.00;15.75;83.25;23.25;3.14;15.43;14.11;219.81;264.92;2.58;76901.00;51.00;51.00;47.00;4501.60;1010.25;58.59;5.00;1;0;1;0;0;1;0;0;1;0;0;1;1;0;0;0;0;0
1542381;1.79;0.94;50.00;2338.00;15.75;83.25;23.25;2.75;14.75;14.21;249.93;239.73;2.58;76901.00;50.00;51.00;47.00;4509.40;1010.21;859.36;5.00;1;0;1;0;0;1;0;0;1;0;0;1;1;0;0;0;0;0
1543829;2.14;0.96;51.00;2381.00;15.75;83.25;24.00;3.92;16.88;14.11;206.78;211.10;2.58;76901.00;51.00;51.00;47.00;4509.20;1010.17;136.72;5.00;1;0;1;0;0;1;0;0;1;0;0;1;1;0;0;0;0;0
1545235;3.14;0.95;53.00;2482.00;15.75;83.25;25.50;9.02;26.18;14.11;276.56;305.18;2.58;76901.00;53.00;54.00;47.00;4458.20;1010.17;781.24;5.00;1;0;1;0;0;1;0;0;1;0;0;1;1;0;0;0;0;0
1546503;2.94;0.96;57.00;2654.00;15.75;83.25;27.75;8.63;26.02;14.11;330.55;338.67;2.58;76901.00;57.00;58.00;47.00;4534.20;1010.21;839.83;5.00;1;0;1;0;0;1;0;0;1;0;0;1;1;0;0;0;0;0
1547912;2.42;0.94;60.00;2766.00;15.75;83.25;30.75;6.67;23.15;14.02;242.62;330.70;2.58;76901.00;60.00;60.00;47.00;4525.80;1010.13;878.90;5.00;1;0;1;0;0;1;0;0;0;0;0;1;1;0;0;0;0;0
1549351;2.18;0.93;62.00;2869.00;15.75;83.25;32.25;5.88;18.89;14.11;177.25;295.53;2.58;76901.00;62.00;62.00;47.00;4524.40;1010.13;546.87;5.00;1;0;1;0;0;1;0;0;0;0;0;1;1;0;0;0;0;0
1550626;2.06;0.95;63.00;2961.00;15.75;83.25;33.00;5.49;17.59;14.11;312.58;342.01;2.58;76901.00;64.00;64.00;47.00;4508.40;1010.13;781.24;5.00;1;0;1;0;0;1;0;0;0;0;0;1;1;0;0;0;0;0
1552039;1.23;0.90;63.00;2954.00;15.75;83.25;33.75;2.75;11.21;14.11;334.61;325.98;2.58;76901.00;64.00;64.00;47.00;4518.60;1010.09;351.56;5.00;1;0;1;0;0;1;0;0;0;0;0;1;1;0;0;0;0;0
1553383;0.98;0.89;62.00;2858.00;15.75;83.25;32.25;1.96;9.31;14.11;301.41;288.40;2.58;76901.00;62.00;62.00;47.00;4510.00;1010.09;19.53;5.00;1;0;1;0;0;1;0;0;0;0;0;1;1;0;0;0;0;0
1554883;1.20;0.90;58.00;2750.00;15.75;83.25;30.00;2.35;10.90;14.11;169.09;326.64;2.58;76901.00;59.00;59.00;47.00;4505.20;1010.09;58.59;5.00;1;0;1;0;0;1;0;0;0;0;0;1;1;0;0;0;0;0
1556255;2.13;0.96;60.00;2735.00;15.75;83.25;30.00;5.10;17.11;14.11;289.51;344.02;2.58;76901.00;59.00;60.00;47.00;4494.20;1010.09;859.36;5.00;1;0;1;0;0;1;0;0;0;0;0;1;1;0;0;0;0;0
1557538;2.06;0.90;61.00;2809.00;15.75;83.25;31.50;5.88;18.54;14.11;325.04;351.03;2.58;76901.00;61.00;61.00;47.00;4518.20;1010.17;97.66;5.00;1;0;1;0;0;1;0;0;0;0;0;1;1;0;0;0;0;0
1559051;1.99;0.91;62.00;2904.00;15.75;83.25;32.25;5.49;17.79;14.11;294.20;303.96;2.58;76901.00;63.00;63.00;47.00;4521.80;1010.17;97.66;5.00;1;0;1;0;0;1;0;0;0;0;0;1;1;0;0;0;0;0
1560458;1.71;0.92;63.00;2899.00;15.75;83.25;32.25;4.31;15.06;14.11;204.30;201.10;2.58;76901.00;64.00;63.00;47.00;4518.60;1010.13;722.65;5.00;1;0;1;0;0;1;0;0;0;0;0;1;1;0;0;0;0;0
1561846;1.92;0.91;63.00;2912.00;15.75;83.25;33.00;5.49;17.23;14.21;320.88;304.41;2.58;76901.00;64.00;64.00;47.00;4506.00;1010.09;722.65;5.00;1;0;1;0;0;1;0;0;0;0;0;1;1;0;0;0;0;0
1563205;2.48;0.91;66.00;3030.00;15.75;82.50;33.75;7.84;21.91;14.21;148.62;135.97;2.58;76901.00;65.00;66.00;48.00;4510.00;1010.09;507.81;5.00;1;0;1;0;0;1;0;0;0;0;0;1;1;0;0;0;0;0
1564535;2.29;0.90;67.00;3133.00;15.75;82.50;35.25;7.06;20.63;14.11;21.27;22.85;2.58;76901.00;68.00;68.00;48.00;4517.00;1010.09;97.66;5.00;1;0;1;0;0;1;0;0;0;0;0;1;1;0;0;0;0;0
1565939;1.78;0.91;68.00;3168.00;15.75;82.50;36.00;5.10;15.95;14.11;2.87;3.09;2.58;76901.00;69.00;69.00;48.00;4516.00;1010.09;156.25;5.00;1;0;1;0;0;1;0;0;0;0;0;1;1;0;0;0;0;0
1567414;1.34;0.92;68.00;3138.00;15.75;82.50;36.00;3.14;11.97;14.11;1.72;1.07;2.58;76901.00;68.00;68.00;48.00;4527.40;1010.09;839.83;5.00;1;0;1;0;0;1;0;0;0;0;0;1;1;0;0;0;0;0
1568825;0.75;0.87;65.00;2984.00;15.75;82.50;33.75;1.18;7.01;14.21;0.10;1.11;2.58;76901.00;65.00;65.00;48.00;4505.80;1010.09;19.53;5.00;1;0;1;0;0;1;0;0;0;0;0;1;1;0;0;0;0;0
1570233;0.73;1.00;61.00;2849.00;15.75;82.50;19.50;0;14.46;14.11;0;0;2.58;76901.00;62.00;61.00;48.00;4555.40;1010.09;742.18;5.00;1;0;1;0;0;1;0;0;0;0;0;1;1;0;0;0;0;0
1571611;3.13;1.00;61.00;2583.00;15.75;82.50;27.00;7.45;21.74;14.21;0;3.07;2.58;76901.00;61.00;60.00;48.00;4397.20;1010.13;898.43;6.00;1;0;1;0;0;1;0;0;0;0;0;1;1;0;0;0;0;0
1573011;0.80;1.00;57.00;2448.00;15.75;82.50;15.00;0;12.22;14.11;2.09;5.96;2.58;76901.00;57.00;57.00;51.00;4575.60;1010.09;820.30;6.00;1;0;1;0;0;1;0;0;1;0;0;1;1;0;0;0;0;0
1574368;0.90;1.00;51.00;2145.00;15.75;82.50;15.00;0;12.30;14.11;128.12;207.47;2.58;76901.00;51.00;50.00;39.00;4521.00;1010.09;898.43;6.00;1;0;1;0;0;1;0;0;1;0;0;1;1;0;0;0;0;0
1575736;2.93;0.97;51.00;2381.00;15.75;82.50;23.25;7.06;23.40;14.21;61.17;81.67;2.58;76901.00;52.00;51.00;48.00;4490.20;1010.09;742.18;5.00;1;0;1;0;0;1;0;0;1;0;0;1;1;0;0;0;0;0
1577194;2.55;0.95;55.00;2532.00;15.75;82.50;25.50;5.88;20.89;14.11;13.14;18.53;2.58;76901.00;54.00;55.00;48.00;4493.40;1010.09;898.43;5.00;1;0;1;0;0;1;0;0;1;0;0;1;1;0;0;0;0;0
1578520;3.63;0.94;60.00;2757.00;15.75;82.50;25.50;14.12;30.31;14.02;3.75;3.48;2.58;76901.00;59.00;60.00;48.00;4545.00;1010.09;78.12;5.00;1;0;1;0;0;1;0;0;0;0;0;1;1;0;0;0;0;0
1579965;3.62;0.94;65.00;3014.00;15.75;82.50;29.25;13.73;27.29;14.21;4.80;2.25;2.58;76901.00;65.00;65.00;48.00;4524.40;1010.09;781.24;5.00;1;0;1;0;0;1;0;0;0;0;0;1;1;0;0;0;0;0
1581357;3.06;0.99;71.00;3243.00;15.75;82.50;32.25;10.59;24.64;14.11;1.05;3.32;2.58;76901.00;70.00;71.00;48.00;4508.00;1010.09;859.36;5.00;1;0;1;0;0;1;0;0;0;0;0;1;1;0;0;0;0;0
1582688;1.87;0.91;72.00;3315.00;15.75;82.50;38.25;5.49;16.74;14.02;0.76;1.82;2.58;76901.00;72.00;72.00;48.00;4520.00;1010.09;742.18;5.00;1;0;1;0;0;1;0;0;0;0;0;1;1;0;0;0;0;0
1584093;1.82;0.91;73.00;3390.00;15.75;82.50;39.00;5.49;16.22;14.11;0;0.06;2.58;76901.00;73.00;73.00;48.00;4508.20;1010.09;761.71;5.00;1;0;1;0;0;1;0;0;0;0;0;1;1;0;0;0;0;0
1585542;1.21;0.85;73.00;3342.00;15.75;82.50;39.00;3.14;11.48;14.11;2.01;0;2.58;76901.00;73.00;73.00;48.00;4513.00;1010.09;722.65;5.00;1;0;1;0;0;1;0;0;0;0;0;1;1;0;0;0;0;0
1586944;1.19;0.88;72.00;3329.00;15.75;82.50;38.25;3.14;10.89;14.11;1.00;0.82;2.58;76901.00;72.00;72.00;48.00;4503.20;1010.13;839.83;5.00;1;0;1;0;0;1;0;0;0;0;0;1;1;0;0;0;0;0
1588350;1.12;0.87;71.00;3245.00;15.75;82.50;37.50;2.75;10.48;14.21;1.43;0.66;2.58;76901.00;71.00;71.00;48.00;4529.00;1010.09;820.30;5.00;1;0;1;0;0;1;0;0;0;0;0;1;1;0;0;0;0;0
1589641;1.93;0.88;70.00;3236.00;15.75;82.50;36.75;5.49;16.15;14.11;0.06;0.76;2.58;76901.00;69.00;70.00;48.00;4453.40;1010.09;898.43;5.00;1;0;1;0;0;1;0;0;0;0;0;1;1;0;0;0;0;0
1590994;3.70;1.00;78.00;3613.00;15.75;81.75;27.00;20.00;32.95;14.02;0.12;5.39;2.58;76902.00;78.00;79.00;48.00;4541.60;1010.17;898.43;5.00;1;0;1;0;0;1;0;0;0;0;0;1;1;0;0;0;0;0
1592435;2.36;0.93;81.00;3725.00;15.75;81.75;39.75;7.84;20.09;14.02;1.84;3.24;2.58;76902.00;81.00;81.00;48.00;4513.60;1010.13;898.43;5.00;1;0;1;0;0;1;0;0;0;0;0;1;1;0;0;0;0;0
1593714;2.54;1.00;85.00;3893.00;15.75;81.75;40.50;8.24;20.82;14.11;1.58;0.94;2.58;76902.00;85.00;85.00;48.00;4486.20;1010.17;898.43;5.00;1;0;1;0;0;1;0;0;0;0;0;1;1;0;0;0;0;0
1595119;2.79;0.87;86.00;3980.00;15.75;81.75;36.75;11.77;25.05;14.11;0;1.66;2.58;76902.00;86.00;87.00;48.00;4554.20;1010.25;878.90;5.00;1;0;1;0;0;1;0;0;0;0;0;1;1;0;0;0;0;0
1596598;7.26;1.00;90.00;4157.00;15.75;81.75;18.75;32.16;43.09;14.02;2.09;0;2.58;76902.00;89.00;90.00;48.00;4637.00;1010.21;859.36;5.00;1;0;1;0;0;1;0;0;0;0;0;1;1;0;0;0;0;0
1598108;6.34;1.00;97.00;4132.00;15.75;81.75;21.00;29.02;41.91;14.02;0;0.31;2.58;76902.00;96.00;97.00;48.00;4586.60;1010.40;761.71;6.00;1;0;1;0;0;1;0;0;0;0;0;1;1;0;0;0;0;0
1599575;5.20;1.04;102.00;4368.00;15.75;81.75;27.00;25.49;37.60;14.02;0.55;3.05;2.58;76902.00;102.00;103.00;48.00;4520.80;1010.44;839.83;6.00;1;0;1;0;0;1;0;0;0;0;0;1;1;0;0;0;0;0
1601052;3.46;0.97;105.00;4466.00;15.75;81.75;36.75;15.69;27.28;13.92;0.04;0;2.82;76902.00;104.00;105.00;48.00;4512.80;1010.40;742.18;6.00;1;0;1;0;0;1;0;0;0;0;0;1;1;0;0;0;0;0
1602515;2.91;0.98;105.00;4445.00;15.75;81.75;41.25;10.98;22.96;14.02;0;1.66;2.58;76902.00;104.00;105.00;48.00;4493.00;1010.25;722.65;6.00;1;0;1;0;0;1;0;0;0;0;0;1;1;0;0;0;0;0
1603948;2.19;0.90;102.00;4351.00;15.75;81.75;45.00;7.84;19.08;14.11;1.05;0;2.58;76902.00;102.00;103.00;48.00;4501.60;1010.17;253.90;6.00;1;0;1;0;0;1;0;0;0;0;0;1;1;0;0;0;0;0
1605363;3.36;0.98;102.00;4340.00;15.75;81.75;37.50;14.12;26.36;14.11;1.82;2.44;2.58;76902.00;101.00;103.00;48.00;4597.20;1010.05;78.12;6.00;1;0;1;0;0;1;0;0;0;0;0;1;1;0;0;0;0;0
1606573;3.87;1.02;103.00;4374.00;15.75;81.75;35.25;16.86;28.93;14.02;0.29;1.74;2.58;76902.00;102.00;103.00;48.00;4524.40;1009.94;722.65;6.00;1;0;1;0;0;1;0;0;0;0;0;1;1;0;0;0;0;0
1607972;4.18;1.05;105.00;4435.00;15.75;81.75;33.75;18.83;30.30;14.02;0;1.97;2.58;76902.00;105.00;105.00;48.00;4525.40;1009.86;820.30;6.00;1;0;1;0;0;1;0;0;0;0;0;1;1;0;0;0;0;0
1609375;3.88;1.02;106.00;4493.00;15.75;81.75;35.25;17.65;29.11;14.02;2.79;2.01;2.58;76902.00;105.00;107.00;48.00;4508.00;1009.90;839.83;6.00;1;0;1;0;0;1;0;0;0;0;0;1;1;0;0;0;0;0
1610697;3.98;1.05;107.00;4562.00;15.75;81.75;36.00;17.65;28.73;14.11;1.89;1.27;2.58;76902.00;107.00;108.00;48.00;4513.20;1009.74;781.24;6.00;1;0;1;0;0;1;0;0;0;0;0;1;1;0;0;0;0;0
1612152;4.82;1.02;108.00;4603.00;15.75;81.75;32.25;23.14;33.10;14.11;0.23;1.48;2.58;76902.00;108.00;109.00;48.00;4540.40;1009.66;39.06;6.00;0;0;1;0;0;1;0;0;0;0;0;1;1;0;0;0;0;0
1613610;4.14;1.03;112.00;4729.00;15.75;81.75;34.50;20.39;30.20;14.11;0;1.56;2.58;76902.00;111.00;112.00;48.00;4503.80;1009.51;39.06;6.00;1;0;1;0;0;1;0;0;0;0;0;1;1;0;0;0;0;0
1615091;3.88;1.04;113.00;4843.00;15.75;81.75;36.75;19.22;28.19;14.02;8.44;0;2.58;76902.00;112.00;114.00;48.00;4491.20;1009.47;742.18;6.00;1;0;1;0;0;1;0;0;0;0;0;1;1;0;0;0;0;0
1616581;3.29;1.03;113.00;4786.00;15.75;81.75;40.50;14.12;24.48;13.92;1.33;0;2.82;76902.00;114.00;114.00;48.00;4490.20;1009.70;136.72;6.00;1;0;1;0;0;1;0;0;0;0;0;1;1;0;0;0;0;0
1617960;2.78;1.00;112.00;4783.00;15.75;81.75;43.50;10.59;21.62;14.02;0;0;2.58;76902.00;111.00;113.00;48.00;4518.80;1009.47;742.18;6.00;1;0;1;0;0;1;0;0;0;0;0;1;1;0;0;0;0;0
1619367;2.57;0.98;111.00;4678.00;15.75;81.75;44.25;9.41;20.34;14.11;0.18;1.56;2.58;76902.00;110.00;111.00;48.00;4495.00;1009.43;566.40;6.00;1;0;1;0;0;1;0;0;0;0;0;1;1;0;0;0;0;0
1620746;4.53;1.08;111.00;4734.00;15.75;81.75;33.75;22.36;31.54;14.11;2.11;0.66;2.58;76902.00;110.00;111.00;48.00;4507.60;1009.35;742.18;6.00;1;0;1;0;0;1;0;0;0;0;0;1;1;0;0;0;0;0
1622165;3.22;1.06;111.00;4716.00;15.75;81.75;41.25;12.16;23.46;14.02;0;1.97;2.58;76902.00;110.00;111.00;48.00;4510.00;1009.39;273.43;6.00;1;0;1;0;0;1;0;0;0;0;0;1;1;0;0;0;0;0
1623560;3.02;1.01;110.00;4695.00;15.75;81.75;42.00;11.77;23.16;14.11;0.21;0;2.58;76902.00;110.00;111.00;48.00;4511.40;1009.27;742.18;6.00;1;0;1;0;0;1;0;0;0;0;0;1;1;0;0;0;0;0
1624942;2.86;0.98;108.00;4626.00;15.75;81.75;42.00;10.59;22.40;14.11;0.61;0;2.58;76902.00;108.00;109.00;48.00;4511.20;1009.23;546.87;6.00;1;0;1;0;0;1;0;0;0;0;0;1;1;0;0;0;0;0
1626346;3.47;1.04;110.00;4620.00;15.75;81.75;39.75;14.12;25.47;14.02;0.61;0;2.58;76903.00;108.00;110.00;48.00;4520.20;1009.23;449.21;6.00;1;0;1;0;0;1;0;0;0;0;0;1;1;0;0;0;0;0
1627782;3.50;1.04;110.00;4646.00;15.75;81.75;39.00;14.51;25.64;14.02;0.59;1.45;2.58;76903.00;108.00;110.00;48.00;4514.40;1009.23;820.30;6.00;1;0;1;0;0;1;0;0;0;0;0;1;1;0;0;0;0;0
1629217;3.91;1.07;110.00;4688.00;15.75;81.75;36.75;17.65;27.82;14.02;1.19;0.82;2.58;76903.00;110.00;111.00;48.00;4504.60;1009.27;683.59;6.00;1;0;1;0;0;1;0;0;0;0;0;1;1;0;0;0;0;0
1630531;3.98;1.11;111.00;4713.00;15.75;81.75;37.50;17.26;27.29;14.11;0;0.96;2.58;76903.00;110.00;111.00;48.00;4516.60;1009.23;742.18;6.00;1;0;1;0;0;1;0;0;0;0;0;1;1;0;0;0;0;0
1631972;3.58;1.07;111.00;4726.00;15.75;81.75;39.00;15.69;25.98;14.02;0;0.61;2.58;76903.00;110.00;112.00;48.00;4507.80;1009.23;429.68;6.00;1;0;1;0;0;1;0;0;0;0;0;1;1;0;0;0;0;0
1633418;3.34;1.04;111.00;4722.00;15.75;81.75;40.50;13.73;24.48;14.02;0.29;3.11;2.58;76903.00;110.00;112.00;48.00;4517.60;1009.19;624.99;6.00;1;0;1;0;0;1;0;0;0;0;0;1;1;0;0;0;0;0
1634677;3.22;1.03;111.00;4698.00;15.75;81.75;41.25;12.94;23.97;14.11;0.43;1.91;2.58;76903.00;110.00;111.00;48.00;4516.20;1009.15;742.18;6.00;1;0;1;0;0;1;0;0;0;0;0;1;1;0;0;0;0;0
1636068;3.26;1.04;111.00;4695.00;15.75;81.75;40.50;12.94;24.12;14.02;0;0.55;2.58;76903.00;110.00;111.00;48.00;4496.80;1009.19;761.71;6.00;1;0;1;0;0;1;0;0;0;0;0;1;1;0;0;0;0;0
1637486;3.24;1.03;111.00;4681.00;15.75;81.75;40.50;12.94;24.19;14.11;0;0.20;2.58;76903.00;110.00;111.00;48.00;4504.80;1009.31;800.77;6.00;1;0;1;0;0;1;0;0;0;0;0;1;1;0;0;0;0;0
1638828;3.28;1.05;110.00;4673.00;15.75;81.75;40.50;12.94;24.15;14.02;0.45;2.99;2.58;76903.00;109.00;110.00;48.00;4515.80;1009.19;292.97;6.00;1;0;1;0;0;1;0;0;0;0;0;1;1;0;0;0;0;0
1640193;2.99;0.99;110.00;4644.00;15.75;81.75;41.25;11.77;23.36;14.11;3.24;0.59;2.58;76903.00;109.00;110.00;48.00;4515.40;1009.19;800.77;6.00;1;0;1;0;0;1;0;0;0;0;0;1;1;0;0;0;0;0
1641586;3.08;1.01;110.00;4643.00;15.75;81.75;41.25;12.16;23.67;14.11;0;0.10;2.58;76903.00;108.00;110.00;48.00;4507.40;1009.27;839.83;6.00;1;0;1;0;0;1;0;0;0;0;0;1;1;0;0;0;0;0
1642946;3.01;1.02;108.00;4620.00;15.75;81.75;42.00;11.37;22.88;14.02;0;1.21;2.58;76903.00;109.00;109.00;48.00;4485.20;1009.23;722.65;6.00;1;0;1;0;0;1;0;0;0;0;0;1;1;0;0;0;0;0
1644353;2.59;0.96;107.00;4561.00;15.75;81.75;43.50;9.41;21.05;14.11;2.05;0.25;2.58;76903.00;108.00;108.00;48.00;4496.60;1009.31;800.77;6.00;1;0;1;0;0;1;0;0;0;0;0;1;1;0;0;0;0;0
1645683;2.01;0.96;106.00;4483.00;15.75;81.75;46.50;7.06;16.52;14.02;2.71;1.15;2.58;76903.00;105.00;106.00;48.00;4469.40;1009.31;781.24;6.00;1;0;1;0;0;1;0;0;0;0;0;1;1;0;0;0;0;0
1647141;1.95;0.93;103.00;4374.00;15.75;81.75;46.50;6.67;16.57;14.02;0;0.06;2.58;76903.00;102.00;103.00;48.00;4518.60;1009.35;488.28;6.00;1;0;1;0;0;1;0;0;0;0;0;1;1;0;0;0;0;0
1648552;1.66;0.89;101.00;4251.00;15.75;81.75;46.50;5.88;14.61;14.11;0;0.23;2.58;76903.00;100.00;101.00;48.00;4492.80;1009.43;429.68;6.00;1;0;1;0;0;1;0;0;0;0;0;1;1;0;0;0;0;0
1650056;2.14;0.86;98.00;4158.00;15.75;81.75;42.75;8.24;19.56;13.92;0;0;2.82;76903.00;98.00;98.00;48.00;4548.80;1009.47;800.77;6.00;1;0;1;0;0;1;0;0;0;0;0;1;1;0;0;0;0;0
1651465;2.62;0.92;98.00;4172.00;15.75;81.75;40.50;9.81;22.30;14.11;0.51;0.66;2.58;76903.00;97.00;98.00;48.00;4522.40;1009.70;800.77;6.00;1;0;1;0;0;1;0;0;0;0;0;1;1;0;0;0;0;0
1652737;3.06;0.91;98.00;4150.00;15.75;81.75;36.75;12.55;25.81;14.11;1.19;0.70;2.58;76903.00;97.00;98.00;48.00;4538.80;1009.78;722.65;6.00;1;0;1;0;0;1;0;0;0;0;0;1;1;0;0;0;0;0
1654153;2.74;0.91;98.00;4148.00;15.75;81.75;39.00;10.59;23.52;14.02;0;0.06;2.58;76903.00;98.00;98.00;48.00;4500.00;1009.78;898.43;6.00;1;0;1;0;0;1;0;0;0;0;0;1;1;0;0;0;0;0
1655547;0.82;0.97;93.00;3941.00;15.75;81.75;45.75;1.57;6.71;14.11;1.86;1.05;2.58;76903.00;94.00;94.00;48.00;4519.40;1009.90;898.43;6.00;1;0;1;0;0;1;0;0;0;0;0;1;1;0;0;0;0;0
1657052;0.75;1.00;86.00;3635.00;15.75;81.75;42.00;1.18;5.88;14.11;1.80;0.25;2.58;76903.00;87.00;86.00;48.00;4249.80;1009.97;898.43;6.00;1;0;1;0;0;1;0;0;0;0;0;1;1;0;0;0;0;0
1658562;2.77;0.92;85.00;3628.00;15.75;81.75;36.00;10.20;23.43;14.11;0;0.82;2.58;76903.00;84.00;85.00;48.00;4504.00;1010.01;97.66;6.00;1;0;1;0;0;1;0;0;0;0;0;1;1;0;0;0;0;0
1659988;3.60;1.00;88.00;3760.00;15.75;81.75;33.00;15.69;28.34;14.11;1.23;0.14;2.58;76904.00;88.00;89.00;48.00;4503.00;1010.05;761.71;6.00;1;0;1;0;0;1;0;0;0;0;0;1;1;0;0;0;0;0
1661419;4.19;0.97;93.00;3962.00;15.75;81.75;30.00;20.00;32.83;14.11;0.43;0.14;2.58;76904.00;92.00;94.00;48.00;4534.60;1010.05;410.15;6.00;1;0;1;0;0;1;0;0;0;0;0;1;1;0;0;0;0;0
1662897;5.50;1.01;98.00;4203.00;15.75;81.75;23.25;26.67;39.90;14.11;0.88;0;2.58;76904.00;97.00;99.00;48.00;4555.00;1009.90;742.18;6.00;1;0;1;0;0;1;0;0;0;0;0;1;1;0;0;0;0;0
1664317;5.97;1.06;103.00;4369.00;15.75;81.75;23.25;30.20;40.83;14.11;0.86;0.68;2.58;76904.00;102.00;104.00;48.00;4528.20;1009.66;585.93;6.00;1;0;1;0;0;1;0;0;0;0;0;1;1;0;0;0;0;0
1665708;4.79;1.05;108.00;4594.00;15.75;81.75;30.75;24.32;34.58;14.11;0;0;2.58;76904.00;107.00;109.00;48.00;4524.00;1009.62;156.25;6.00;1;0;1;0;0;1;0;0;0;0;0;1;1;0;0;0;0;0
1667115;3.94;1.05;110.00;4650.00;15.75;82.50;36.75;18.04;28.31;14.02;0.61;1.56;2.58;76904.00;109.00;110.00;48.00;4512.40;1009.58;136.72;6.00;1;0;1;0;0;1;0;0;0;0;0;1;1;0;0;0;0;0
1668574;3.52;1.03;111.00;4664.00;15.75;82.50;39.00;15.30;26.03;14.11;2.40;0.29;2.58;76904.00;110.00;111.00;48.00;4511.80;1009.35;761.71;6.00;1;0;1;0;0;1;0;0;0;0;0;1;1;0;0;0;0;0
1670011;3.38;1.05;111.00;4701.00;15.75;82.50;39.75;14.12;24.82;14.11;0.55;0.06;2.58;76904.00;110.00;111.00;48.00;4518.80;1009.31;664.05;6.00;1;0;1;0;0;1;0;0;0;0;0;1;1;0;0;0;0;0
1671412;3.34;1.03;110.00;4663.00;15.75;82.50;39.75;13.73;24.82;14.11;0;0;2.58;76904.00;109.00;110.00;48.00;4516.00;1009.35;683.59;6.00;1;0;1;0;0;1;0;0;0;0;0;1;1;0;0;0;0;0
1672731;3.38;1.04;110.00;4651.00;15.75;82.50;39.75;13.73;24.88;14.11;0.78;2.17;2.58;76904.00;109.00;110.00;48.00;4516.00;1009.31;761.71;6.00;1;0;1;0;0;1;0;0;0;0;0;1;1;0;0;0;0;0
1674048;3.57;1.06;110.00;4663.00;15.75;82.50;39.00;14.90;25.73;14.02;2.21;0.90;2.58;76904.00;109.00;110.00;48.00;4519.20;1009.27;722.65;6.00;1;0;1;0;0;1;0;0;0;0;0;1;1;0;0;0;0;0
1675446;3.70;1.04;110.00;4661.00;15.75;82.50;38.25;16.08;26.52;14.11;0.90;2.27;2.58;76904.00;109.00;111.00;48.00;4526.00;1009.27;800.77;6.00;1;0;1;0;0;1;0;0;0;0;0;1;1;0;0;0;0;0
1676635;4.23;1.07;111.00;4711.00;15.75;82.50;35.25;20.00;29.93;14.02;0;0.16;2.58;76904.00;110.00;111.00;48.00;4517.00;1009.31;605.46;6.00;1;0;1;0;0;1;0;0;0;0;0;1;1;0;0;0;0;0
1678004;4.66;1.10;112.00;4758.00;15.75;82.50;33.00;22.75;31.90;14.02;0.02;1.23;2.58;76904.00;111.00;113.00;48.00;4502.00;1009.19;761.71;6.00;1;0;1;0;0;1;0;0;0;0;0;1;1;0;0;0;0;0
1679511;3.82;1.06;113.00;4790.00;15.75;82.50;37.50;17.65;27.32;13.92;0;0;2.82;76904.00;111.00;113.00;48.00;4507.20;1009.27;507.81;6.00;1;0;1;0;0;1;0;0;0;0;0;1;1;0;0;0;0;0
1680790;3.75;1.05;113.00;4796.00;15.75;82.50;37.50;17.65;27.16;14.11;4.84;0;2.58;76904.00;112.00;113.00;48.00;4508.80;1009.31;742.18;6.00;1;0;1;0;0;1;0;0;0;0;0;1;1;0;0;0;0;0
1682187;3.62;1.03;113.00;4796.00;15.75;82.50;38.25;17.26;26.72;14.11;1.11;0;2.58;76904.00;112.00;113.00;48.00;4520.40;1009.04;761.71;6.00;1;0;1;0;0;1;0;0;0;0;0;1;1;0;0;0;0;0
1683571;3.00;0.99;112.00;4765.00;15.75;82.50;41.25;12.55;23.59;14.11;0;0;2.58;76904.00;112.00;113.00;48.00;4504.20;1008.96;761.71;6.00;1;0;1;0;0;1;0;0;0;0;0;1;1;0;0;0;0;0
1684973;2.67;0.99;110.00;4663.00;15.75;82.50;43.50;9.81;21.12;14.11;3.55;0.94;2.58;76904.00;109.00;110.00;48.00;4519.80;1009.04;78.12;6.00;1;0;1;0;0;1;0;0;0;0;0;1;1;0;0;0;0;0
1686343;2.98;1.05;108.00;4629.00;15.75;82.50;42.75;10.59;22.00;14.11;0.66;0.23;2.58;76904.00;108.00;109.00;48.00;4472.00;1008.96;800.77;6.00;1;0;1;0;0;1;0;0;0;0;0;1;1;0;0;0;0;0
1687673;2.38;0.99;107.00;4561.00;15.75;82.50;45.75;8.24;18.94;14.02;0.21;1.05;2.58;76904.00;106.00;107.00;48.00;4484.00;1009.00;839.83;6.00;1;0;1;0;0;1;0;0;0;0;0;1;1;0;0;0;0;0
1689050;2.75;0.96;106.00;4521.00;15.75;82.50;42.00;10.59;22.27;14.11;0.06;0;2.58;76904.00;106.00;107.00;48.00;4496.20;1008.92;722.65;6.00;1;0;1;0;0;1;0;0;0;0;0;1;1;0;0;0;0;0
1690478;2.94;0.98;105.00;4475.00;15.75;82.50;40.50;11.37;23.33;14.11;1.35;0.74;2.58;76904.00;104.00;106.00;48.00;4526.00;1008.84;273.43;6.00;1;0;1;0;0;1;0;0;0;0;0;1;1;0;0;0;0;0
1691757;4.28;1.06;107.00;4537.00;15.75;82.50;34.50;20.00;30.75;14.11;2.25;3.20;2.58;76904.00;105.00;107.00;48.00;4544.80;1008.76;722.65;6.00;1;0;1;0;0;1;0;0;0;0;0;1;1;0;0;0;0;0
1693107;4.97;1.12;110.00;4643.00;15.75;82.50;31.50;23.53;33.32;14.11;0.62;1.19;2.58;76904.00;108.00;110.00;48.00;4516.80;1008.69;761.71;6.00;1;0;1;0;0;1;0;0;0;0;0;1;1;0;0;0;0;0
1694511;4.58;1.09;111.00;4727.00;15.75;82.50;33.75;21.96;31.32;14.11;0;0;2.58;76905.00;110.00;112.00;48.00;4500.40;1008.76;742.18;6.00;1;0;1;0;0;1;0;0;0;0;0;1;1;0;0;0;0;0
1695897;4.25;1.02;113.00;4831.00;15.75;82.50;33.75;22.75;31.22;14.11;8.44;0;2.58;76905.00;113.00;114.00;48.00;4523.80;1008.72;664.05;6.00;1;0;1;0;0;1;0;0;0;0;0;1;1;0;0;0;0;0
1697295;3.47;1.01;116.00;4903.00;15.75;82.50;38.25;17.65;26.49;14.02;0.49;2.27;2.58;76905.00;114.00;116.00;48.00;4502.40;1008.76;664.05;6.00;1;0;1;0;0;1;0;0;0;0;0;1;1;0;0;0;0;0
1698685;2.80;0.97;115.00;4875.00;15.75;82.50;43.50;11.37;22.21;14.02;0.27;2.54;2.58;76905.00;114.00;115.00;48.00;4503.40;1008.53;58.59;6.00;1;0;1;0;0;1;0;0;0;0;0;1;1;0;0;0;0;0
1700056;2.96;1.00;113.00;4833.00;15.75;82.50;42.00;12.16;22.88;14.02;0.31;0;2.58;76905.00;113.00;114.00;48.00;4515.80;1008.57;722.65;6.00;1;0;1;0;0;1;0;0;0;0;0;1;1;0;0;0;0;0
1701492;2.66;0.96;113.00;4799.00;15.75;82.50;44.25;10.59;21.31;14.02;0;0;2.58;76905.00;112.00;113.00;48.00;4510.40;1008.53;58.59;6.00;1;0;1;0;0;1;0;0;0;0;0;1;1;0;0;0;0;0
1702780;3.69;1.08;112.00;4767.00;15.75;82.50;39.00;16.08;26.06;13.92;0;0;2.82;76905.00;112.00;113.00;48.00;4517.80;1008.69;722.65;6.00;1;0;1;0;0;1;0;0;0;0;0;1;1;0;0;0;0;0
1704202;3.62;1.06;112.00;4765.00;15.75;82.50;39.00;16.08;25.80;14.02;1.54;0;2.58;76905.00;112.00;113.00;48.00;4505.20;1008.72;800.77;6.00;1;0;1;0;0;1;0;0;0;0;0;1;1;0;0;0;0;0
1705598;3.72;1.06;112.00;4780.00;15.75;82.50;38.25;16.86;26.52;14.11;0;0.96;2.58;76905.00;112.00;113.00;48.00;4494.20;1008.80;839.83;6.00;1;0;1;0;0;1;0;0;0;0;0;1;1;0;0;0;0;0
1707000;3.40;1.00;112.00;4738.00;15.75;82.50;39.75;14.90;25.21;14.11;0;0;2.58;76905.00;111.00;112.00;48.00;4518.80;1008.76;800.77;6.00;1;0;1;0;0;1;0;0;0;0;0;1;1;0;0;0;0;0
1708398;3.35;1.05;111.00;4715.00;15.75;82.50;40.50;13.73;24.46;14.11;0;1.80;2.58;76905.00;110.00;111.00;48.00;4531.60;1008.72;800.77;6.00;1;0;1;0;0;1;0;0;0;0;0;1;1;0;0;0;0;0
1709818;3.13;1.02;110.00;4667.00;15.75;82.50;41.25;12.16;23.75;14.11;1.80;0.51;2.58;76905.00;109.00;110.00;48.00;4518.80;1008.80;820.30;6.00;1;0;1;0;0;1;0;0;0;0;0;1;1;0;0;0;0;0
1711222;3.09;1.00;107.00;4581.00;15.75;82.50;41.25;11.77;23.65;14.02;0.43;0.08;2.58;76905.00;108.00;108.00;48.00;4528.60;1008.76;527.34;6.00;1;0;1;0;0;1;0;0;0;0;0;1;1;0;0;0;0;0
1712643;3.05;1.00;107.00;4561.00;15.75;82.50;41.25;11.37;23.40;14.11;0.61;0;2.58;76905.00;107.00;108.00;48.00;4493.80;1008.69;78.12;6.00;1;0;1;0;0;1;0;0;0;0;0;1;1;0;0;0;0;0
1714002;2.91;1.01;107.00;4536.00;15.75;82.50;42.75;10.59;22.33;14.11;1.11;0;2.58;76905.00;106.00;107.00;48.00;4488.20;1008.69;312.50;6.00;1;0;1;0;0;1;0;0;0;0;0;1;1;0;0;0;0;0
1715417;2.62;0.95;106.00;4521.00;15.75;82.50;42.75;9.81;21.39;14.02;0.33;0.14;2.58;76905.00;105.00;107.00;48.00;4503.80;1008.72;117.19;6.00;1;0;1;0;0;1;0;0;0;0;0;1;1;0;0;0;0;0
1716686;2.83;0.99;106.00;4450.00;15.75;82.50;42.00;10.59;22.35;14.11;0.49;0.14;2.58;76905.00;105.00;106.00;48.00;4517.00;1008.65;722.65;6.00;1;0;1;0;0;1;0;0;0;0;0;1;1;0;0;0;0;0
1718126;3.36;0.99;105.00;4486.00;15.75;82.50;38.25;14.51;26.10;14.11;0.64;0;2.58;76905.00;105.00;106.00;48.00;4542.00;1008.65;820.30;6.00;1;0;1;0;0;1;0;0;0;0;0;1;1;0;0;0;0;0
1719516;3.26;1.01;106.00;4496.00;15.75;82.50;39.75;12.55;24.73;14.11;0.37;0.98;2.58;76905.00;105.00;106.00;48.00;4503.20;1008.72;683.59;6.00;1;0;1;0;0;1;0;0;0;0;0;1;1;0;0;0;0;0
1720896;2.49;0.95;105.00;4467.00;15.75;82.50;43.50;9.02;20.43;13.92;0;1.66;2.82;76905.00;105.00;106.00;48.00;4472.80;1008.72;136.72;6.00;1;0;1;0;0;1;0;0;0;0;0;1;1;0;0;0;0;0
1722344;2.49;0.91;103.00;4398.00;15.75;82.50;42.75;9.41;21.23;14.11;1.72;0.21;2.58;76905.00;102.00;104.00;48.00;4528.20;1008.69;78.12;6.00;1;0;1;0;0;1;0;0;0;0;0;1;1;0;0;0;0;0
1723681;2.80;0.93;102.00;4347.00;15.75;82.50;40.50;10.98;23.43;14.11;0;0;2.58;76905.00;102.00;103.00;48.00;4502.60;1008.72;722.65;6.00;1;0;1;0;0;1;0;0;0;0;0;1;1;0;0;0;0;0
1725154;2.94;0.93;101.00;4297.00;15.75;82.50;40.50;10.59;22.77;14.11;0;0.68;2.58;76905.00;101.00;102.00;48.00;4532.00;1008.69;97.66;6.00;1;0;1;0;0;1;0;0;0;0;0;1;1;0;0;0;0;0
1726651;2.99;0.93;100.00;4262.00;15.75;82.50;38.25;12.16;24.91;14.02;0.55;0.70;2.58;76906.00;100.00;100.00;48.00;4522.40;1008.69;742.18;6.00;1;0;1;0;0;1;0;0;0;0;0;1;1;0;0;0;0;0
1728097;2.74;1.00;100.00;4220.00;15.75;82.50;41.25;9.81;21.68;13.92;0.31;0.08;2.82;76906.00;100.00;100.00;48.00;4538.40;1008.61;859.36;6.00;1;0;1;0;0;1;0;0;0;0;0;1;1;0;0;0;0;0
1729444;5.81;1.01;102.00;4313.00;15.75;82.50;22.50;30.59;41.04;14.02;0.31;0;2.58;76906.00;101.00;103.00;48.00;4562.60;1008.57;58.59;6.00;1;0;1;0;0;1;0;0;0;0;0;1;1;0;0;0;0;0
1730742;3.11;0.94;102.00;4326.00;15.75;82.50;38.25;12.94;25.22;14.02;0;1.70;2.58;76906.00;101.00;102.00;48.00;4477.20;1008.37;800.77;6.00;1;0;1;0;0;1;0;0;0;0;0;1;1;0;0;0;0;0
1732181;3.78;0.98;102.00;4345.00;15.75;82.50;34.50;17.26;29.25;14.11;0.47;0.90;2.58;76906.00;100.00;102.00;48.00;4495.40;1008.26;742.18;6.00;1;0;1;0;0;1;0;0;0;0;0;1;1;0;0;0;0;0
1733583;3.92;0.99;101.00;4281.00;15.75;82.50;33.75;18.04;30.56;13.92;1.19;1.70;2.82;76906.00;100.00;101.00;48.00;4521.80;1008.14;820.30;6.00;1;0;1;0;0;1;0;0;0;0;0;1;1;0;0;0;0;0
1734886;2.57;0.91;98.00;4192.00;15.75;82.50;41.25;9.81;22.00;14.11;0.70;0.35;2.58;76906.00;98.00;99.00;48.00;4460.60;1007.86;195.31;6.00;1;0;1;0;0;1;0;0;0;0;0;1;1;0;0;0;0;0
1736302;3.14;0.98;96.00;4065.00;15.75;82.50;38.25;11.37;24.52;14.02;2.85;0;2.58;76906.00;95.00;96.00;48.00;4523.80;1007.59;761.71;6.00;1;0;1;0;0;1;0;0;0;0;0;1;1;0;0;0;0;0
1737743;2.79;0.87;93.00;3977.00;15.75;82.50;36.75;11.77;24.82;14.11;0.06;0.21;2.58;76906.00;93.00;94.00;48.00;4497.40;1007.32;781.24;6.00;1;0;1;0;0;1;0;0;0;0;0;1;1;0;0;0;0;0
1739184;2.08;0.88;90.00;3843.00;15.75;82.50;42.00;7.06;18.81;14.02;1.72;2.85;2.58;76906.00;89.00;91.00;48.00;4492.00;1006.81;859.36;6.00;1;0;1;0;0;1;0;0;0;0;0;1;1;0;0;0;0;0
1740594;1.29;0.85;85.00;3620.00;15.75;82.50;41.25;3.92;12.21;14.11;0;0.12;2.58;76906.00;85.00;86.00;48.00;4521.00;1006.58;117.19;6.00;1;0;1;0;0;1;0;0;0;0;0;1;1;0;0;0;0;0
1741976;2.12;0.91;81.00;3420.00;15.75;82.50;39.00;6.67;18.78;14.11;0;0;2.58;76906.00;81.00;81.00;48.00;4506.60;1006.46;800.77;6.00;1;0;1;0;0;1;0;0;0;0;0;1;1;0;0;0;0;0
1743427;2.59;0.90;78.00;3349.00;15.75;82.50;35.25;9.02;22.51;14.11;1.07;0.18;2.58;76906.00;78.00;79.00;48.00;4506.20;1006.34;781.24;6.00;1;0;1;0;0;1;0;0;0;0;0;1;1;0;0;0;0;0
1744751;2.35;0.93;76.00;3265.00;15.75;83.25;36.00;7.06;20.27;14.11;140.46;129.13;2.58;76906.00;77.00;77.00;47.00;4506.60;1006.26;664.05;6.00;1;0;1;0;0;1;0;0;0;0;0;1;1;0;0;0;0;0
1746231;2.76;0.94;75.00;3195.00;15.75;83.25;32.25;9.81;24.41;14.11;220.45;147.98;2.58;76906.00;75.00;75.00;47.00;4505.80;1005.64;839.83;6.00;1;0;1;0;0;1;0;0;0;0;0;1;1;0;0;0;0;0
1747593;2.46;0.89;73.00;3172.00;15.75;83.25;34.50;8.24;22.04;14.11;206.18;118.00;2.58;76906.00;74.00;74.00;47.00;4513.00;1005.36;859.36;6.00;1;0;1;0;0;1;0;0;0;0;0;1;1;0;0;0;0;0
1748917;3.12;0.92;75.00;3193.00;15.75;83.25;30.00;12.55;26.69;14.11;329.28;287.62;2.58;76906.00;74.00;75.00;47.00;4507.20;1005.25;820.30;6.00;1;0;1;0;0;1;0;0;0;0;0;1;1;0;0;0;0;0
1750330;3.65;1.01;76.00;3223.00;15.75;83.25;29.25;14.12;27.83;14.11;347.75;338.59;2.58;76906.00;75.00;76.00;47.00;4512.80;1005.21;664.05;6.00;1;0;1;0;0;1;0;0;0;0;0;1;1;0;0;0;0;0
1751740;3.62;1.03;77.00;3320.00;15.75;83.25;30.00;13.73;27.61;14.11;326.74;343.65;2.58;76906.00;77.00;78.00;47.00;4513.40;1005.13;859.36;6.00;1;0;1;0;0;1;0;0;0;0;0;1;1;0;0;0;0;0
1753155;2.62;0.91;80.00;3378.00;15.75;83.25;34.50;9.41;22.88;14.11;336.48;214.71;2.58;76906.00;79.00;80.00;47.00;4521.80;1004.66;781.24;6.00;1;0;1;0;0;1;0;0;0;0;0;1;1;0;0;0;0;0
1754514;2.21;0.91;80.00;3405.00;15.75;84.00;37.50;7.06;19.40;14.21;305.14;251.76;2.58;76906.00;80.00;80.00;47.00;4530.40;1004.27;878.90;6.00;1;0;1;0;0;1;0;0;0;0;0;1;1;0;0;0;0;0
1755840;2.80;0.98;78.00;3353.00;15.75;84.00;36.00;8.63;21.78;14.11;333.69;332.32;2.58;76906.00;78.00;79.00;47.00;4493.40;1004.04;839.83;6.00;1;0;1;0;0;1;0;0;0;0;0;1;1;0;0;0;0;0
1757294;4.06;1.00;82.00;3526.00;15.75;83.25;27.75;18.43;31.12;14.11;349.88;247.46;2.58;76906.00;82.00;83.00;47.00;4524.80;1003.96;839.83;6.00;1;0;1;0;0;1;0;0;0;0;0;1;1;0;0;0;0;0
1758671;4.31;0.98;87.00;3751.00;15.75;83.25;27.00;21.18;33.66;14.11;300.57;180.89;2.58;76906.00;87.00;88.00;47.00;4549.60;1003.92;781.24;6.00;1;0;1;0;0;1;0;0;0;0;0;1;1;0;0;0;0;0
1760079;4.11;0.94;93.00;3974.00;15.75;83.25;29.25;20.39;33.42;14.11;274.71;282.01;2.58;76906.00;92.00;94.00;47.00;4540.20;1003.92;683.59;6.00;1;0;1;0;0;1;0;0;0;0;0;1;1;0;0;0;0;0
1761486;3.94;0.93;98.00;4200.00;15.75;83.25;30.75;19.61;32.54;14.11;307.70;291.66;2.58;76906.00;97.00;98.00;47.00;4543.60;1003.92;781.24;6.00;1;0;1;0;0;1;0;0;0;0;0;1;1;0;0;0;0;0
1762813;3.48;0.93;102.00;4350.00;15.75;83.25;35.25;16.47;28.41;14.02;331.11;310.47;2.58;76906.00;101.00;103.00;47.00;4509.40;1003.92;820.30;6.00;1;0;1;0;0;1;0;0;0;0;0;1;1;0;0;0;0;0
1764305;2.66;0.95;105.00;4447.00;15.75;82.50;42.00;10.59;22.28;14.11;106.85;104.45;2.58;76906.00;104.00;105.00;48.00;4488.20;1003.72;742.18;6.00;1;0;1;0;0;1;0;0;0;0;0;1;1;0;0;0;0;0
1765719;1.47;0.87;105.00;4445.00;15.75;82.50;47.25;5.49;13.37;14.02;5.80;8.01;2.58;76906.00;105.00;105.00;48.00;4467.60;1003.88;195.31;6.00;1;0;1;0;0;1;0;0;0;0;0;1;1;0;0;0;0;0
1767120;1.21;0.85;103.00;4398.00;15.75;82.50;48.00;4.31;11.29;14.02;3.95;0.35;2.58;76907.00;103.00;104.00;48.00;4502.60;1003.96;839.83;6.00;1;0;1;0;0;1;0;0;0;0;0;1;1;0;0;0;0;0
1768536;0.71;0.81;101.00;4309.00;15.75;82.50;47.25;1.96;6.86;14.11;1.86;2.23;2.58;76907.00;101.00;101.00;48.00;4510.00;1004.11;39.06;6.00;1;0;1;0;0;1;0;0;0;0;0;1;1;0;0;0;0;0
1769970;0.74;1.00;97.00;4169.00;15.75;81.75;46.50;0.78;5.08;14.11;0;0;2.58;76907.00;97.00;97.00;48.00;4271.80;1004.23;878.90;6.00;1;0;1;0;0;1;0;0;0;0;0;1;1;0;0;0;0;0
1771464;1.59;0.96;97.00;4148.00;15.75;81.75;45.75;5.10;13.11;14.02;0.14;1.07;2.58;76907.00;97.00;97.00;48.00;4476.20;1004.58;878.90;6.00;1;0;1;0;0;1;0;0;0;0;0;1;1;0;0;0;0;0
1772748;2.49;1.00;98.00;4190.00;15.75;81.75;44.25;7.84;19.07;14.02;0.25;0.39;2.58;76907.00;97.00;99.00;48.00;4549.40;1004.94;859.36;6.00;1;0;1;0;0;1;0;0;0;0;0;1;1;0;0;0;0;0
1774212;2.14;0.84;100.00;4252.00;15.75;81.75;42.75;8.24;19.99;14.11;1.87;1.50;2.58;76907.00;100.00;100.00;48.00;4529.20;1005.05;39.06;6.00;1;0;1;0;0;1;0;0;0;0;0;1;1;0;0;0;0;0
1775707;2.57;0.92;102.00;4358.00;15.75;81.75;41.25;10.20;22.11;14.11;0;1.97;2.58;76907.00;101.00;103.00;48.00;4539.80;1005.33;820.30;6.00;1;0;1;0;0;1;0;0;0;0;0;1;1;0;0;0;0;0
1777128;2.62;0.97;105.00;4444.00;15.75;81.75;42.75;9.41;21.02;14.11;0.64;0;2.58;76907.00;105.00;105.00;48.00;4532.60;1005.68;195.31;6.00;1;0;1;0;0;1;0;0;0;0;0;1;1;0;0;0;0;0
1778532;2.46;0.93;106.00;4511.00;15.75;81.75;43.50;9.02;20.66;14.11;3.20;1.87;2.58;76907.00;106.00;106.00;48.00;4530.20;1005.99;78.12;6.00;1;0;1;0;0;1;0;0;0;0;0;1;1;0;0;0;0;0
1779861;3.04;0.99;108.00;4581.00;15.75;81.00;41.25;12.16;23.76;14.02;0.29;1.78;2.58;76907.00;107.00;109.00;48.00;4536.80;1006.26;761.71;6.00;1;0;1;0;0;1;0;0;0;0;0;1;1;0;0;0;0;0
1781201;3.19;1.00;110.00;4667.00;15.75;81.00;40.50;13.33;24.51;14.02;0.25;0.20;2.58;76907.00;110.00;110.00;48.00;4514.00;1006.30;800.77;6.00;1;0;1;0;0;1;0;0;0;0;0;1;1;0;0;0;0;0
1782661;3.16;1.03;111.00;4729.00;15.75;81.00;41.25;12.55;23.73;14.11;0;0;2.58;76907.00;110.00;112.00;48.00;4513.00;1006.58;742.18;6.00;1;0;1;0;0;1;0;0;0;0;0;1;1;0;0;0;0;0
1784131;3.07;1.00;112.00;4757.00;15.75;81.00;41.25;12.55;23.67;14.11;2.85;0.14;2.58;76907.00;112.00;113.00;48.00;4523.40;1006.69;859.36;6.00;1;0;1;0;0;1;0;0;0;0;0;1;1;0;0;0;0;0
1785541;2.90;1.03;112.00;4782.00;15.75;81.00;43.50;11.37;22.17;14.02;0;1.97;2.58;76907.00;112.00;113.00;48.00;4499.00;1006.97;39.06;6.00;1;0;1;0;0;1;0;0;0;0;0;1;1;0;0;0;0;0
1786775;3.46;1.05;113.00;4815.00;15.75;81.00;39.75;15.30;25.18;13.92;0;0.66;2.82;76907.00;113.00;113.00;48.00;4505.00;1007.01;117.19;6.00;1;0;1;0;0;1;0;0;0;0;0;1;1;0;0;0;0;0
1788207;3.65;1.05;115.00;4824.00;15.75;81.75;38.25;17.26;26.53;14.11;0;0;2.58;76907.00;113.00;115.00;48.00;4517.20;1007.12;800.77;6.00;1;0;1;0;0;1;0;0;0;0;0;1;1;0;0;0;0;0
1789612;4.24;1.00;115.00;4873.00;15.75;81.75;34.50;22.36;30.66;14.11;0;0.27;2.58;76907.00;113.00;115.00;48.00;4540.40;1007.40;859.36;6.00;1;0;1;0;0;1;0;0;0;0;0;1;1;0;0;0;0;0
1791033;2.60;0.97;115.00;4889.00;15.75;81.75;44.25;10.20;20.90;14.11;0;0.41;2.58;76907.00;113.00;115.00;48.00;4501.60;1007.51;292.97;6.00;1;0;1;0;0;1;0;0;0;0;0;1;1;0;0;0;0;0
1792426;3.88;1.10;115.00;4858.00;15.75;81.75;38.25;17.65;26.93;14.02;0.70;0;2.58;76907.00;113.00;115.00;48.00;4513.80;1007.59;781.24;6.00;1;0;1;0;0;1;0;0;0;0;0;1;1;0;0;0;0;0
1793759;4.02;1.02;115.00;4889.00;15.75;81.75;35.25;21.18;29.69;14.11;1.56;0;2.58;76907.00;114.00;116.00;48.00;4508.00;1007.63;703.12;6.00;1;0;1;0;0;1;0;0;0;0;0;1;1;0;0;0;0;0
1795217;3.61;1.05;116.00;4937.00;15.75;81.75;39.00;17.65;26.14;14.02;0;0;2.58;76907.00;116.00;117.00;48.00;4493.40;1007.51;703.12;6.00;1;0;1;0;0;1;0;0;0;0;0;1;1;0;0;0;0;0
1796618;2.70;0.99;116.00;4898.00;15.75;81.75;44.25;10.59;21.15;14.02;0.14;0;2.58;76907.00;115.00;116.00;48.00;4510.60;1007.55;117.19;6.00;1;0;1;0;0;1;0;0;0;0;0;1;1;0;0;0;0;0
1797958;3.58;1.02;116.00;4933.00;15.75;81.75;38.25;18.04;26.60;14.11;1.27;0.21;2.58;76907.00;115.00;117.00;48.00;4504.00;1007.47;742.18;6.00;1;0;1;0;0;1;0;0;0;0;0;1;1;0;0;0;0;0
1799382;3.20;1.02;116.00;4919.00;15.75;81.75;41.25;14.51;24.09;14.11;0.45;0;2.58;76908.00;115.00;117.00;48.00;4505.00;1007.47;781.24;6.00;0;0;1;0;0;1;0;0;0;0;0;1;1;0;0;0;0;0
1800783;3.48;1.02;115.00;4909.00;15.75;81.75;39.75;16.47;25.25;14.02;2.03;0.37;2.58;76908.00;115.00;116.00;48.00;4526.60;1007.47;839.83;6.00;1;0;1;0;0;1;0;0;0;0;0;1;1;0;0;0;0;0
1802213;3.66;1.06;116.00;4914.00;15.75;81.75;38.25;17.65;26.16;14.02;1.00;0.21;2.58;76908.00;114.00;117.00;48.00;4518.60;1007.44;781.24;6.00;1;0;1;0;0;1;0;0;0;0;0;1;1;0;0;0;0;0
1803619;3.26;1.04;116.00;4921.00;15.75;81.75;41.25;14.51;24.00;14.11;0.66;2.38;2.58;76908.00;116.00;117.00;48.00;4518.00;1007.28;175.78;6.00;1;0;1;0;0;1;0;0;0;0;0;1;1;0;0;0;0;0
1804939;3.07;1.01;116.00;4917.00;15.75;81.75;42.00;13.33;23.22;14.02;0;0;2.58;76908.00;114.00;116.00;48.00;4516.00;1007.32;820.30;6.00;1;0;1;0;0;1;0;0;0;0;0;1;1;0;0;0;0;0
1806364;2.37;0.94;115.00;4868.00;15.75;81.75;45.75;9.41;19.63;13.92;0;0;2.82;76908.00;114.00;115.00;48.00;4497.40;1007.16;820.30;6.00;0;0;1;0;0;1;0;0;0;0;0;1;1;0;0;0;0;0
1807761;3.15;0.99;113.00;4803.00;15.75;81.75;41.25;13.73;23.89;14.11;0;0.27;2.58;76908.00;113.00;113.00;48.00;4551.40;1007.36;859.36;6.00;0;0;1;0;0;1;0;0;0;0;0;1;1;0;0;0;0;0
1809191;3.06;1.00;112.00;4769.00;15.75;81.75;41.25;12.16;23.20;13.92;0;7.44;2.82;76908.00;111.00;113.00;48.00;4513.80;1007.16;703.12;6.00;1;0;1;0;0;1;0;0;0;0;0;1;1;0;0;0;0;0
1810631;3.16;1.00;112.00;4774.00;15.75;81.75;40.50;14.12;24.32;14.11;1.97;0.25;2.58;76908.00;112.00;113.00;48.00;4518.80;1007.32;800.77;6.00;1;0;1;0;0;1;0;0;0;0;0;1;1;0;0;0;0;0
1811961;3.19;1.02;112.00;4776.00;15.75;81.75;41.25;13.73;24.10;14.11;0;0;2.58;76908.00;112.00;113.00;48.00;4518.40;1006.97;839.83;6.00;0;0;1;0;0;1;0;0;0;0;0;0;1;0;0;0;0;0
1813436;2.93;1.01;112.00;4717.00;15.75;81.75;42.00;11.37;22.54;14.11;0;1.23;2.58;76908.00;110.00;112.00;48.00;4522.20;1007.01;78.12;6.00;1;0;1;0;0;1;0;0;0;0;0;1;1;0;0;0;0;0
1814858;3.67;1.06;111.00;4706.00;15.75;81.75;38.25;16.08;26.52;14.11;0.39;2.85;2.58;76908.00;110.00;111.00;48.00;4515.00;1006.89;820.30;6.00;1;0;1;0;0;1;0;0;0;0;0;1;1;0;0;0;0;0
1816234;3.45;1.05;111.00;4750.00;15.75;81.75;39.75;14.90;25.19;14.11;1.04;0;2.58;76908.00;110.00;112.00;48.00;4498.80;1006.89;839.83;6.00;1;0;1;0;0;1;0;0;0;0;0;1;1;0;0;0;0;0
1817690;3.31;1.05;111.00;4749.00;15.75;81.75;40.50;13.73;24.25;14.02;0;0;2.58;76908.00;111.00;112.00;48.00;4513.80;1006.85;664.05;6.00;1;0;1;0;0;1;0;0;0;0;0;1;1;0;0;0;0;0
1818952;4.00;1.07;112.00;4747.00;15.75;82.50;36.00;18.83;28.42;14.02;1.97;0.39;2.58;76908.00;111.00;113.00;48.00;4521.00;1006.89;742.18;6.00;1;0;1;0;0;1;0;0;0;0;0;1;1;0;0;0;0;0
1820422;3.34;1.02;113.00;4776.00;15.75;82.50;39.75;14.90;25.01;14.02;0.06;0;2.58;76908.00;111.00;113.00;48.00;4509.80;1007.12;800.77;6.00;1;0;1;0;0;1;0;0;0;0;0;1;1;0;0;0;0;0
1821767;3.09;1.01;112.00;4812.00;15.75;82.50;41.25;13.33;23.60;14.11;0;3.67;2.58;76908.00;111.00;113.00;48.00;4505.20;1006.65;742.18;6.00;1;0;1;0;0;1;0;0;0;0;0;1;1;0;0;0;0;0
1823177;3.49;1.04;112.00;4749.00;15.75;82.50;39.00;15.69;25.70;14.11;2.85;0;2.58;76908.00;111.00;113.00;48.00;4499.20;1006.81;761.71;6.00;1;0;1;0;0;1;0;0;0;0;0;1;1;0;0;0;0;0
1824623;3.06;0.99;112.00;4740.00;15.75;82.50;41.25;12.55;23.67;14.02;0;3.55;2.58;76908.00;111.00;112.00;48.00;4490.60;1006.81;839.83;6.00;1;0;1;0;0;1;0;0;0;0;0;1;1;0;0;0;0;0
1825894;3.97;1.10;112.00;4726.00;15.75;82.50;36.75;17.65;27.63;13.92;1.80;0.25;2.82;76908.00;111.00;112.00;48.00;4533.00;1006.81;761.71;6.00;1;0;1;0;0;1;0;0;0;0;0;1;1;0;0;0;0;0
1827300;3.24;1.01;112.00;4744.00;15.75;82.50;40.50;14.12;24.61;14.02;0;0.72;2.58;76908.00;112.00;113.00;48.00;4522.60;1006.89;97.66;6.00;0;0;1;0;0;1;0;0;0;0;0;1;1;0;0;0;0;0
1828759;3.66;1.05;113.00;4811.00;15.75;82.50;38.25;17.26;26.57;13.92;0;0;2.82;76908.00;112.00;114.00;48.00;4509.20;1006.58;761.71;6.00;1;0;1;0;0;1;0;0;0;0;0;1;1;0;0;0;0;0
1830220;3.82;1.10;113.00;4815.00;15.75;82.50;38.25;17.26;26.73;14.02;0;0;2.58;76908.00;111.00;114.00;48.00;4525.00;1006.73;761.71;6.00;1;0;1;0;0;1;0;0;0;0;0;1;1;0;0;0;0;0
1831607;3.63;1.05;113.00;4801.00;15.75;82.50;39.00;16.47;26.16;14.11;0;0;2.58;76909.00;113.00;114.00;48.00;4497.20;1006.73;703.12;6.00;1;0;1;0;0;1;0;0;0;0;0;1;1;0;0;0;0;0
1832916;3.11;1.03;113.00;4829.00;15.75;82.50;42.00;12.55;23.20;14.11;1.95;0;2.58;76909.00;113.00;114.00;48.00;4502.40;1006.69;742.18;6.00;1;0;1;0;0;1;0;0;0;0;0;1;1;0;0;0;0;0
1834296;2.87;0.98;112.00;4772.00;15.75;82.50;42.75;11.37;22.53;14.02;0;0;2.58;76909.00;112.00;113.00;48.00;4512.20;1006.50;234.37;6.00;1;0;1;0;0;1;0;0;0;0;0;1;1;0;0;0;0;0
1835661;2.72;1.00;112.00;4767.00;15.75;82.50;43.50;10.20;21.16;14.11;2.48;0;2.58;76909.00;111.00;112.00;48.00;4505.80;1006.50;800.77;6.00;1;0;1;0;0;1;0;0;0;0;0;1;1;0;0;0;0;0
1836926;3.17;1.01;112.00;4719.00;15.75;82.50;40.50;13.33;24.03;13.92;0;1.43;2.82;76909.00;110.00;112.00;48.00;4539.20;1006.58;761.71;6.00;1;0;1;0;0;1;0;0;0;0;0;1;1;0;0;0;0;0
1838278;2.94;1.02;111.00;4718.00;15.75;82.50;42.75;11.37;22.37;14.11;0.29;2.27;2.58;76909.00;111.00;112.00;48.00;4520.60;1006.50;781.24;6.00;1;0;1;0;0;1;0;0;0;0;0;1;1;0;0;0;0;0
1839737;3.16;0.99;110.00;4657.00;15.75;82.50;40.50;13.33;24.55;14.11;0.21;0;2.58;76909.00;108.00;110.00;48.00;4557.20;1006.54;722.65;6.00;1;0;1;0;0;1;0;0;0;0;0;1;1;0;0;0;0;0
1841062;3.08;1.00;110.00;4669.00;15.75;82.50;41.25;12.55;23.79;14.11;0.33;0.02;2.58;76909.00;109.00;110.00;48.00;4518.80;1006.50;624.99;6.00;1;0;1;0;0;1;0;0;0;0;0;1;1;0;0;0;0;0
1842500;2.70;0.97;110.00;4672.00;15.75;82.50;42.75;10.59;22.01;14.02;1.23;0.33;2.58;76909.00;109.00;110.00;48.00;4495.40;1006.50;546.87;6.00;1;0;1;0;0;1;0;0;0;0;0;0;1;0;0;0;0;0
1843786;2.16;0.93;108.00;4592.00;15.75;82.50;46.50;7.84;18.16;14.11;2.01;1.00;2.58;76909.00;108.00;108.00;48.00;4512.00;1006.50;800.77;6.00;1;0;1;0;0;1;0;0;0;0;0;1;1;0;0;0;0;0
1845198;2.89;1.01;107.00;4532.00;15.75;82.50;42.75;10.59;22.25;13.92;0;0.59;2.82;76909.00;106.00;107.00;48.00;4525.60;1006.50;722.65;6.00;1;0;1;0;0;1;0;0;0;0;0;1;1;0;0;0;0;0
1846683;1.60;1.00;106.00;4468.00;15.75;82.50;47.25;5.49;13.09;14.11;0;0;2.58;76909.00;106.00;106.00;48.00;4412.20;1006.54;878.90;6.00;1;0;1;0;0;1;0;0;0;0;0;1;1;0;0;0;0;0
1848058;1.58;0.92;102.00;4356.00;15.75;82.50;47.25;5.49;13.68;14.02;0;3.05;2.58;76909.00;103.00;103.00;48.00;4485.80;1006.50;859.36;6.00;1;0;1;0;0;1;0;0;0;0;0;1;1;0;0;0;0;0
1849481;1.79;0.86;100.00;4223.00;15.75;82.50;45.75;6.67;16.66;14.11;0.74;0.88;2.58;76909.00;100.00;100.00;48.00;4534.60;1006.46;58.59;6.00;1;0;1;0;0;1;0;0;0;0;0;1;1;0;0;0;0;0
1850839;1.94;0.92;98.00;4179.00;15.75;82.50;45.00;6.67;17.01;14.11;1.64;2.56;2.58;76909.00;99.00;99.00;48.00;4510.80;1006.42;839.83;6.00;1;0;1;0;0;1;0;0;0;0;0;1;1;0;0;0;0;0
1852260;0.94;0.84;96.00;3975.00;15.75;82.50;46.50;3.14;9.17;14.11;0.66;2.13;2.58;76909.00;96.00;96.00;48.00;4510.40;1006.38;859.36;6.00;1;0;1;0;0;1;0;0;0;0;0;1;1;0;0;0;0;0
1853619;1.20;0.81;92.00;3909.00;15.75;82.50;45.00;4.31;11.86;14.11;1.39;1.11;2.58;76909.00;91.00;92.00;48.00;4502.80;1006.38;39.06;6.00;1;0;1;0;0;1;0;0;0;0;0;1;1;0;0;0;0;0
1854887;1.19;0.86;90.00;3807.00;15.75;82.50;43.50;3.92;11.06;13.92;1.00;0.39;2.82;76909.00;89.00;90.00;48.00;4512.20;1006.38;800.77;6.00;1;0;1;0;0;1;0;0;0;0;0;1;1;0;0;0;0;0
1856326;1.63;0.84;86.00;3636.00;15.75;82.50;41.25;5.10;15.01;14.21;2.44;0.88;2.58;76909.00;86.00;87.00;48.00;4496.80;1006.38;898.43;6.00;1;0;1;0;0;1;0;0;0;0;0;1;1;0;0;0;0;0
1857735;5.39;1.00;90.00;3804.00;15.75;82.50;24.75;23.53;36.58;14.02;1.89;0;2.58;76909.00;89.00;90.00;48.00;4587.80;1006.38;703.12;6.00;1;0;1;0;0;1;0;0;0;0;0;1;1;0;0;0;0;0
1859141;6.16;0.97;98.00;4176.00;15.75;82.50;17.25;34.51;44.51;14.11;1.54;0.04;2.58;76909.00;97.00;99.00;48.00;4564.80;1006.38;683.59;6.00;1;0;1;0;0;1;0;0;0;0;0;1;1;0;0;0;0;0
1860607;5.02;1.06;105.00;4419.00;15.75;82.50;29.25;23.92;35.33;14.02;0.72;1.66;2.58;76909.00;102.00;105.00;48.00;4513.20;1006.46;253.90;6.00;1;0;1;0;0;1;0;0;0;0;0;1;1;0;0;0;0;0
1862108;4.03;1.02;107.00;4562.00;15.75;82.50;34.50;19.22;30.06;14.02;0.94;1.56;2.58;76909.00;106.00;108.00;48.00;4524.40;1006.46;800.77;6.00;1;0;1;0;0;1;0;0;0;0;0;1;1;0;0;0;0;0
1863531;3.31;0.99;110.00;4691.00;15.75;82.50;39.00;14.90;25.63;14.02;0;0.14;2.58;76909.00;110.00;110.00;48.00;4492.00;1006.42;722.65;6.00;1;0;1;0;0;1;0;0;0;0;0;1;1;0;0;0;0;0
1864855;4.00;1.10;111.00;4713.00;15.75;82.50;36.75;17.65;27.59;13.92;0.33;1.23;2.82;76910.00;110.00;111.00;48.00;4514.00;1006.38;234.37;6.00;1;0;1;0;0;1;0;0;0;0;0;1;1;0;0;0;0;0
1866274;2.81;0.98;111.00;4725.00;15.75;83.25;42.75;10.98;22.21;14.02;295.70;284.67;2.58;76910.00;110.00;111.00;47.00;4517.00;1006.38;820.30;6.00;1;0;1;0;0;1;0;0;0;0;0;1;1;0;0;0;0;0
1867833;2.63;1.02;111.00;4708.00;15.75;82.50;44.25;9.41;20.43;14.02;164.97;156.34;2.58;76910.00;110.00;111.00;48.00;4486.00;1006.38;878.90;6.00;1;0;1;0;0;1;0;0;0;0;0;1;1;0;0;0;0;0
1869181;0.79;0.97;107.00;4415.00;15.75;82.50;48.00;2.35;7.24;13.92;11.41;9.39;2.82;76910.00;106.00;107.00;48.00;4467.20;1006.46;878.90;6.00;1;0;1;0;0;1;0;0;0;0;0;1;1;0;0;0;0;0
1870542;0.57;1.00;100.00;4194.00;15.75;82.50;-30.00;0;0;14.02;2.15;1.11;2.58;76910.00;101.00;100.00;48.00;4461.20;1006.46;0;6.00;1;0;1;0;0;1;0;0;0;0;0;1;1;0;0;0;0;0
1871941;0.57;1.00;91.00;3892.00;15.75;82.50;-30.00;0;0;14.11;1.45;0.66;2.58;76910.00;92.00;91.00;48.00;4404.80;1006.42;0;6.00;1;0;1;0;0;1;0;0;0;0;0;1;1;0;0;0;0;0
1873287;0.62;1.00;77.00;3281.00;15.75;82.50;-30.00;0;0;14.11;0;2.15;2.58;76910.00;77.00;77.00;48.00;4440.60;1006.38;0;6.00;1;0;1;0;0;1;0;0;0;0;0;1;1;0;0;0;0;0
1874680;0.72;1.00;67.00;2844.00;15.75;82.50;-30.00;0;0;14.21;0;0.76;2.58;76910.00;68.00;67.00;48.00;4418.80;1006.38;0;6.00;1;0;1;0;0;1;0;0;0;0;0;1;1;0;0;0;0;0
1875930;2.10;1.00;63.00;2799.00;15.75;82.50;4.50;3.14;9.14;14.21;6.58;0.88;2.58;76910.00;63.00;63.00;48.00;4358.00;1006.54;898.43;5.00;1;0;1;0;0;1;0;0;0;0;0;1;1;0;0;0;0;0
1877370;4.38;1.00;65.00;3402.00;15.75;82.50;27.75;18.83;30.69;14.21;1.80;1.17;2.58;76910.00;64.00;65.00;48.00;4517.40;1006.89;781.24;4.00;1;0;1;0;0;1;0;0;0;0;0;1;1;0;0;0;0;0
1878867;6.59;1.00;76.00;3968.00;15.75;82.50;18.75;32.16;43.41;14.02;5.02;0.16;2.58;76910.00;74.00;77.00;48.00;4560.80;1007.12;878.90;4.00;1;0;1;0;0;1;0;0;0;0;0;1;1;0;0;0;0;0
1880324;4.45;0.93;82.00;3822.00;16.50;82.50;25.50;22.75;36.00;14.11;1.07;0.33;2.58;76910.00;81.00;83.00;48.00;4480.60;1007.08;878.90;5.00;1;0;1;0;0;1;0;0;0;0;0;1;1;0;0;0;0;0
1881736;0;1.00;90.00;4363.00;15.75;82.50;42.00;0;4.37;14.11;1.50;0;2.58;76910.00;90.00;91.00;48.00;4410.20;1007.20;878.90;5.00;1;0;1;0;0;1;0;0;0;0;0;1;1;0;0;0;0;0
1883075;3.77;1.00;97.00;4118.00;15.75;82.50;33.00;17.26;30.26;14.02;0.18;1.66;2.58;76910.00;95.00;97.00;48.00;4520.40;1007.01;878.90;6.00;1;0;1;0;0;1;0;0;0;0;0;1;1;0;0;0;0;0
1884629;2.66;1.00;97.00;4154.00;15.75;82.50;42.00;8.24;20.24;13.92;0.12;1.43;2.82;76910.00;98.00;98.00;48.00;4291.40;1006.89;859.36;6.00;1;0;1;0;0;1;0;0;0;0;0;1;1;0;0;0;0;0
1885956;1.18;0.98;97.00;4103.00;15.75;82.50;46.50;3.53;9.72;14.11;0.25;1.58;2.58;76910.00;97.00;97.00;48.00;4470.20;1006.81;898.43;6.00;1;0;1;0;0;1;0;0;0;0;0;1;1;0;0;0;0;0
1887364;2.26;0.95;95.00;4024.00;15.75;82.50;43.50;7.45;18.78;14.11;0;0;2.58;76910.00;94.00;95.00;48.00;4514.60;1006.61;839.83;6.00;1;0;1;0;0;1;0;0;0;0;0;1;1;0;0;0;0;0
1888797;1.58;0.82;93.00;3976.00;15.75;82.50;45.00;5.88;15.33;14.02;0;2.70;2.58;76910.00;93.00;94.00;48.00;4510.20;1006.69;761.71;6.00;1;0;1;0;0;1;0;0;0;0;0;1;1;0;0;0;0;0
1890076;0.77;0.97;90.00;3806.00;15.75;82.50;43.50;1.57;6.22;14.11;0.96;2.89;2.58;76910.00;90.00;90.00;48.00;4521.60;1006.69;859.36;6.00;1;0;1;0;0;1;0;0;0;0;0;1;1;0;0;0;0;0
1891499;0.58;1.00;83.00;3513.00;16.50;82.50;-30.00;0;0;14.11;0.23;0.70;2.58;76910.00;83.00;84.00;48.00;4558.00;1006.93;0;6.00;1;0;1;0;0;1;0;0;0;0;0;1;1;0;0;0;0;0
1892892;1.30;1.00;77.00;3311.00;16.50;82.50;38.25;0.39;10.22;14.02;0;0;2.58;76910.00;78.00;77.00;48.00;4325.80;1006.65;19.53;6.00;1;0;1;0;0;1;0;0;0;0;0;0;1;0;0;0;0;0
1894420;3.18;0.96;75.00;3205.00;16.50;82.50;33.75;9.02;22.54;14.11;0;2.58;2.58;76910.00;75.00;75.00;48.00;4460.40;1006.58;839.83;6.00;1;0;1;0;0;1;0;0;0;0;0;1;1;0;0;0;0;0
1895859;3.90;0.99;78.00;3325.00;16.50;82.50;27.75;17.26;30.33;14.02;0;1.74;2.58;76910.00;77.00;79.00;48.00;4510.80;1006.50;839.83;6.00;1;0;1;0;0;1;0;0;0;0;0;1;1;0;0;0;0;0
1897152;3.56;0.96;81.00;3510.00;16.50;82.50;30.00;16.08;28.84;14.11;0.41;2.99;2.58;76910.00;82.00;82.00;48.00;4515.00;1006.42;839.83;6.00;1;0;1;0;0;1;0;0;0;0;0;1;1;0;0;0;0;0
1898517;3.56;0.98;85.00;3610.00;16.50;82.50;31.50;15.69;28.11;14.02;0;0.20;2.58;76910.00;85.00;85.00;48.00;4526.40;1006.42;156.25;6.00;1;0;1;0;0;1;0;0;0;0;0;1;1;0;0;0;0;0
1899930;2.98;0.92;87.00;3712.00;16.50;82.50;35.25;12.16;25.38;14.02;1.64;0;2.58;76910.00;86.00;88.00;48.00;4507.80;1006.38;781.24;6.00;1;0;1;0;0;1;0;0;0;0;0;1;1;0;0;0;0;0
1901290;2.75;0.89;88.00;3744.00;16.50;82.50;36.00;10.98;24.12;14.11;0.57;1.43;2.58;76910.00;88.00;88.00;48.00;4508.80;1006.38;839.83;6.00;1;0;1;0;0;1;0;0;0;0;0;1;1;0;0;0;0;0
1902692;1.66;0.85;87.00;3720.00;16.50;82.50;42.00;5.49;15.66;14.11;1.52;1.21;2.58;76910.00;87.00;88.00;48.00;4509.20;1006.38;859.36;6.00;1;0;1;0;0;1;0;0;0;0;0;1;1;0;0;0;0;0
1904010;0.58;1.00;81.00;3480.00;16.50;82.50;-30.00;0;0;14.21;0;2.34;2.58;76910.00;82.00;82.00;48.00;4588.40;1006.38;39.06;6.00;1;0;1;0;0;1;0;0;0;0;0;1;1;0;0;0;0;0
1905440;2.61;0.94;78.00;3383.00;16.50;82.50;35.25;8.24;21.59;14.11;0;2.54;2.58;76911.00;78.00;79.00;48.00;4444.80;1006.38;742.18;6.00;1;0;1;0;0;1;0;0;0;0;0;1;1;0;0;0;0;0
1906837;1.30;0.94;78.00;3226.00;16.50;82.50;38.25;3.53;12.07;14.21;0.64;1.19;2.58;76911.00;79.00;78.00;48.00;4514.20;1006.38;800.77;6.00;1;0;1;0;0;1;0;0;0;0;0;1;1;0;0;0;0;0
1908100;1.06;0.89;75.00;3155.00;16.50;83.25;36.00;2.35;9.77;14.11;179.23;181.38;2.58;76911.00;75.00;74.00;47.00;4521.60;1006.38;859.36;6.00;1;0;1;0;0;1;0;0;0;0;0;1;1;0;0;0;0;0
1909521;0.43;1.00;70.00;3592.00;16.50;83.25;41.25;0;7.82;14.11;264.75;267.80;2.58;76911.00;70.00;70.00;47.00;4445.60;1006.22;859.36;6.00;1;0;1;0;0;1;0;0;0;0;0;1;1;0;0;0;0;0
1910932;3.25;0.95;68.00;3174.00;16.50;83.25;30.75;11.77;26.11;14.21;212.64;186.24;2.58;76911.00;69.00;69.00;47.00;4465.60;1005.91;566.40;5.00;1;0;1;0;0;1;0;0;0;0;0;1;1;0;0;0;0;0
1912342;3.59;1.00;71.00;3296.00;16.50;83.25;30.00;13.73;27.16;14.11;323.77;322.09;2.58;76911.00;71.00;71.00;47.00;4517.80;1005.52;117.19;5.00;1;0;1;0;0;1;0;0;0;0;0;1;1;0;0;0;0;0
1913698;3.48;0.97;75.00;3421.00;16.50;83.25;30.75;14.90;27.88;14.21;335.58;340.80;2.58;76911.00;74.00;75.00;47.00;4508.20;1005.36;156.25;5.00;1;0;1;0;0;1;0;0;0;0;0;1;1;0;0;0;0;0
1914974;3.25;0.96;77.00;3538.00;16.50;83.25;33.00;13.73;26.52;14.11;347.24;345.39;2.58;76911.00;77.00;77.00;47.00;4520.20;1005.25;253.90;5.00;1;0;1;0;0;1;0;0;0;0;0;1;1;0;0;0;0;0
1916434;3.07;0.93;78.00;3631.00;16.50;83.25;33.75;12.55;25.90;14.11;252.78;251.61;2.58;76911.00;78.00;79.00;47.00;4508.00;1005.21;859.36;5.00;1;0;1;0;0;1;0;0;0;0;0;1;1;0;0;0;0;0
1917838;3.25;0.96;81.00;3735.00;16.50;83.25;33.75;13.73;26.33;14.11;254.09;275.86;2.58;76911.00;81.00;81.00;47.00;4519.20;1005.17;781.24;5.00;1;0;1;0;0;1;0;0;0;0;0;1;1;0;0;0;0;0
1919204;4.25;1.00;82.00;3787.00;16.50;83.25;31.50;18.83;30.68;14.02;320.55;343.10;2.58;76911.00;82.00;83.00;47.00;4525.40;1005.01;605.46;5.00;1;0;1;0;0;1;0;0;0;0;0;1;1;0;0;0;0;0
1920664;2.48;0.99;85.00;3887.00;16.50;83.25;40.50;7.84;20.00;14.02;300.06;261.25;2.58;76911.00;83.00;85.00;47.00;4462.40;1004.90;878.90;5.00;1;0;1;0;0;1;0;0;0;0;0;1;1;0;0;0;0;0
1921943;2.19;0.83;83.00;3858.00;16.50;83.25;39.75;8.63;20.92;14.11;210.71;182.31;2.58;76911.00;83.00;84.00;47.00;4506.60;1004.35;878.90;5.00;1;0;1;0;0;1;0;0;0;0;0;1;1;0;0;0;0;0
1923348;6.42;1.00;88.00;4097.00;16.50;83.25;17.25;34.91;44.61;14.11;288.95;286.13;2.58;76911.00;87.00;89.00;47.00;4600.00;1004.08;566.40;5.00;1;0;1;0;0;1;0;0;0;0;0;1;1;0;0;0;0;0
1924730;4.78;1.00;93.00;4017.00;16.50;83.25;36.00;14.90;26.63;14.11;314.65;335.51;2.58;76911.00;94.00;93.00;47.00;4437.20;1004.00;878.90;6.00;1;0;1;0;0;1;0;0;0;0;0;1;1;0;0;0;0;0
1926101;7.58;1.00;100.00;4246.00;16.50;83.25;15.00;53.34;51.29;14.11;275.82;309.02;2.58;76911.00;98.00;100.00;47.00;4600.20;1003.84;78.12;6.00;1;0;1;0;0;1;0;0;0;0;0;1;1;0;0;0;0;0
1927559;2.69;1.00;102.00;4332.00;16.50;83.25;42.00;9.41;21.29;14.11;279.98;246.45;2.58;76911.00;102.00;102.00;47.00;4390.20;1003.49;878.90;6.00;1;0;1;0;0;1;0;0;0;0;0;1;1;0;0;0;0;0
1929004;1.51;0.89;97.00;4121.00;16.50;83.25;45.75;5.10;13.44;14.02;247.50;181.28;2.58;76911.00;98.00;97.00;47.00;4483.60;1003.14;507.81;6.00;1;0;1;0;0;1;0;0;0;0;0;1;1;0;0;0;0;0
1930503;3.60;0.96;95.00;4026.00;16.50;83.25;36.00;14.90;27.35;14.11;362.50;288.11;2.58;76911.00;95.00;95.00;47.00;4578.60;1002.83;761.71;6.00;1;0;1;0;0;1;0;0;0;0;0;1;1;0;0;0;0;0
1931905;4.49;1.00;96.00;4079.00;16.50;83.25;28.50;21.57;35.40;14.11;305.90;254.26;2.58;76911.00;95.00;96.00;47.00;4563.40;1002.67;878.90;6.00;1;0;1;0;0;1;0;0;0;0;0;1;1;0;0;0;0;0
1933377;3.62;1.00;98.00;4172.00;16.50;83.25;33.75;16.47;29.63;14.02;236.94;181.65;2.58;76911.00;97.00;98.00;47.00;4515.60;1002.51;683.59;6.00;1;0;1;0;0;1;0;0;0;0;0;1;1;0;0;0;0;0
1934785;5.28;1.05;101.00;4285.00;16.50;83.25;27.00;25.10;37.70;13.92;181.69;190.79;2.82;76911.00;100.00;102.00;47.00;4525.80;1002.04;781.24;6.00;1;0;1;0;0;1;0;0;0;0;0;1;1;0;0;0;0;0
1936195;3.38;0.97;102.00;4356.00;16.50;83.25;37.50;14.90;26.80;13.92;327.64;337.67;2.82;76911.00;102.00;103.00;47.00;4492.80;1001.93;605.46;6.00;1;0;1;0;0;1;0;0;0;0;0;1;1;0;0;0;0;0
1937618;3.41;0.98;103.00;4360.00;16.50;83.25;37.50;14.51;26.63;14.11;332.63;329.55;2.58;76911.00;103.00;103.00;47.00;4517.00;1001.81;722.65;6.00;1;0;1;0;0;1;0;0;0;0;0;1;1;0;0;0;0;0
1939044;3.27;0.97;105.00;4438.00;16.50;83.25;38.25;14.12;25.83;14.02;289.00;340.04;2.58;76911.00;103.00;105.00;47.00;4485.20;1001.50;527.34;6.00;1;0;1;0;0;1;0;0;0;0;0;1;1;0;0;0;0;0
1940451;2.98;0.95;103.00;4410.00;16.50;83.25;39.75;12.16;24.21;13.92;255.73;199.79;2.82;76911.00;104.00;104.00;47.00;4510.40;1001.34;117.19;6.00;1;0;1;0;0;1;0;0;0;0;0;1;1;0;0;0;0;0
1941864;4.64;1.02;105.00;4458.00;16.50;83.25;30.75;23.14;33.92;14.11;343.85;303.91;2.58;76911.00;104.00;105.00;47.00;4562.20;1001.15;195.31;6.00;1;0;1;0;0;1;0;0;0;0;0;1;1;0;0;0;0;0
1943242;3.50;1.00;103.00;4399.00;16.50;83.25;39.75;12.16;24.35;14.11;349.31;347.95;2.58;76911.00;103.00;104.00;47.00;4474.00;1000.95;761.71;6.00;1;0;1;0;0;1;0;0;0;0;0;1;1;0;0;0;0;0
1944622;4.58;1.05;106.00;4513.00;16.50;82.50;31.50;22.36;32.86;14.02;312.54;308.53;2.58;76911.00;105.00;106.00;48.00;4528.80;1000.87;800.77;6.00;1;0;1;0;0;1;0;0;0;0;0;1;1;0;0;0;0;0
1946022;3.62;1.01;108.00;4590.00;16.50;82.50;37.50;16.47;27.39;14.02;15.39;15.16;2.58;76912.00;107.00;109.00;48.00;4518.20;1000.76;683.59;6.00;1;0;1;0;0;1;0;0;0;0;0;1;1;0;0;0;0;0
1947598;3.78;1.02;110.00;4662.00;16.50;82.50;37.50;16.86;26.97;14.11;0.70;0.39;2.58;76912.00;110.00;110.00;48.00;4520.40;1000.72;468.74;6.00;1;0;1;0;0;1;0;0;0;0;0;1;1;0;0;0;0;0
1949054;2.99;0.99;111.00;4716.00;16.50;82.50;41.25;12.16;23.43;14.02;1.19;2.05;2.58;76912.00;110.00;112.00;48.00;4490.20;1000.68;742.18;6.00;1;0;1;0;0;1;0;0;0;0;0;1;1;0;0;0;0;0
1950458;2.35;0.98;111.00;4681.00;16.50;82.50;45.75;8.63;18.82;13.92;0.35;0.25;2.82;76912.00;110.00;111.00;48.00;4491.20;1000.60;761.71;6.00;0;0;1;0;0;1;0;0;0;0;0;1;1;0;0;0;0;0
1951814;2.79;1.00;110.00;4668.00;16.50;82.50;42.75;10.59;21.69;14.11;0.25;0;2.58;76912.00;109.00;110.00;48.00;4517.80;1000.52;273.43;6.00;1;0;1;0;0;1;0;0;0;0;0;1;1;0;0;0;0;0
1953142;3.10;1.03;111.00;4688.00;16.50;82.50;41.25;11.77;23.23;14.02;1.11;0.25;2.58;76912.00;110.00;111.00;48.00;4514.00;1000.52;722.65;6.00;1;0;1;0;0;1;0;0;0;0;0;1;1;0;0;0;0;0
1954618;3.14;1.03;111.00;4718.00;16.50;82.50;41.25;12.55;23.42;14.02;0.74;3.57;2.58;76912.00;110.00;112.00;48.00;4510.20;1000.40;781.24;6.00;0;0;1;0;0;1;0;0;0;0;0;1;1;0;0;0;0;0
1955964;3.31;1.06;112.00;4753.00;16.50;82.50;41.25;13.33;23.86;14.11;1.99;0.06;2.58;76912.00;112.00;113.00;48.00;4525.60;1000.44;683.59;6.00;1;0;1;0;0;1;0;0;0;0;0;1;1;0;0;0;0;0
1957343;2.83;0.99;113.00;4791.00;16.50;82.50;43.50;11.37;22.15;14.02;0;3.55;2.58;76912.00;113.00;113.00;48.00;4498.00;1000.68;820.30;6.00;1;0;1;0;0;1;0;0;0;0;0;1;1;0;0;0;0;0
1958671;2.62;1.00;113.00;4795.00;16.50;81.75;45.00;9.81;20.46;14.11;0;9.92;2.58;76912.00;112.00;114.00;48.00;4506.80;1000.40;214.84;6.00;1;0;1;0;0;1;0;0;0;0;0;1;1;0;0;0;0;0
1960046;2.58;0.97;113.00;4812.00;16.50;81.75;44.25;10.20;20.83;14.11;0;9.65;2.58;76912.00;113.00;114.00;48.00;4524.20;1000.36;800.77;6.00;1;0;1;0;0;1;0;0;0;0;0;1;1;0;0;0;0;0
1961435;2.22;0.98;113.00;4832.00;16.50;81.75;47.25;8.24;17.70;14.11;0;0.82;2.58;76912.00;113.00;114.00;48.00;4478.60;1000.91;820.30;6.00;1;0;1;0;0;1;0;0;0;0;0;1;1;0;0;0;0;0
1962824;1.77;0.94;112.00;4750.00;16.50;81.75;48.00;6.67;14.82;13.92;0;0;2.82;76912.00;112.00;113.00;48.00;4522.00;1000.83;839.83;6.00;1;0;1;0;0;1;0;0;0;0;0;1;1;0;0;0;0;0
1964151;2.26;0.97;112.00;4751.00;16.50;81.75;46.50;8.24;18.24;14.02;0;0.18;2.58;76912.00;111.00;112.00;48.00;4521.80;1001.22;136.72;6.00;1;0;1;0;0;1;0;0;0;0;0;1;1;0;0;0;0;0
1965586;2.80;1.00;111.00;4757.00;16.50;81.75;42.75;10.98;21.69;14.02;0.06;1.80;2.58;76912.00;111.00;112.00;48.00;4531.20;1001.42;800.77;6.00;1;0;1;0;0;1;0;0;0;0;0;1;1;0;0;0;0;0
1967062;3.19;1.02;112.00;4794.00;16.50;81.75;41.25;14.12;24.10;14.11;1.50;0;2.58;76912.00;112.00;113.00;48.00;4517.60;1001.58;781.24;6.00;1;0;1;0;0;1;0;0;0;0;0;1;1;0;0;0;0;0
1968471;3.51;1.09;115.00;4869.00;16.50;81.75;40.50;15.30;24.78;14.11;0;0;2.58;76912.00;113.00;115.00;48.00;4505.60;1002.08;703.12;6.00;1;0;1;0;0;1;0;0;0;0;0;1;1;0;0;0;0;0
1969868;3.87;1.08;115.00;4901.00;16.50;81.75;37.50;18.83;27.13;13.92;0.31;1.97;2.82;76912.00;114.00;116.00;48.00;4531.00;1001.85;761.71;6.00;1;0;1;0;0;1;0;0;0;0;0;1;1;0;0;0;0;0
1971156;3.55;1.05;117.00;4959.00;16.50;81.75;39.00;17.65;25.91;14.11;0.29;1.02;2.58;76912.00;116.00;117.00;48.00;4518.60;1001.93;468.74;6.00;1;0;1;0;0;1;0;0;0;0;0;1;1;0;0;0;0;0
1972577;3.84;1.08;117.00;4991.00;16.50;81.75;37.50;18.83;27.00;14.02;0.49;1.46;2.58;76912.00;116.00;118.00;48.00;4516.80;1002.01;664.05;6.00;1;0;1;0;0;1;0;0;0;0;0;1;1;0;0;0;0;0
1973978;3.41;1.04;118.00;5019.00;16.50;81.75;39.75;16.47;24.89;13.92;1.56;0.12;2.82;76912.00;117.00;119.00;48.00;4497.80;1002.08;761.71;6.00;1;0;1;0;0;1;0;0;0;0;0;1;1;0;0;0;0;0
1975339;3.75;1.06;117.00;4995.00;16.50;81.75;38.25;18.43;26.46;14.02;0;1.97;2.58;76912.00;116.00;118.00;48.00;4527.00;1002.36;781.24;6.00;1;0;1;0;0;1;0;0;0;0;0;1;1;0;0;0;0;0
1976813;3.73;1.05;118.00;4992.00;16.50;81.75;37.50;18.83;26.87;14.11;0;1.31;2.58;76912.00;117.00;118.00;48.00;4506.80;1002.24;703.12;6.00;1;0;1;0;0;1;0;0;0;0;0;1;1;0;0;0;0;0
1978239;4.05;1.03;118.00;5031.00;16.50;81.75;36.00;21.96;29.47;14.02;1.50;2.71;2.58;76913.00;117.00;119.00;48.00;4509.00;1002.20;742.18;6.00;1;0;1;0;0;1;0;0;0;0;0;1;1;0;0;0;0;0
1979763;3.90;1.04;118.00;5039.00;15.75;81.75;36.75;20.79;28.50;13.92;0.06;0.23;2.82;76913.00;118.00;119.00;48.00;4503.60;1002.12;722.65;6.00;1;0;1;0;0;1;0;0;0;0;0;1;1;0;0;0;0;0
1981204;4.06;1.04;118.00;5023.00;15.75;81.75;36.00;21.96;29.40;14.02;0;0.68;2.58;76913.00;118.00;119.00;48.00;4512.20;1002.08;742.18;6.00;1;0;1;0;0;1;0;0;0;0;0;1;1;0;0;0;0;0
1982630;3.49;0.99;118.00;5022.00;15.75;81.75;38.25;19.22;27.18;13.92;0.53;1.19;2.82;76913.00;117.00;119.00;48.00;4514.60;1002.08;136.72;6.00;1;0;1;0;0;1;0;0;0;0;0;1;1;0;0;0;0;0
1984032;4.22;1.03;118.00;5027.00;15.75;81.75;35.25;23.53;30.75;14.02;1.43;0.70;2.58;76913.00;117.00;119.00;48.00;4494.80;1002.01;722.65;6.00;1;0;1;0;0;1;0;0;0;0;0;1;1;0;0;0;0;0
1985434;4.43;1.05;118.00;5027.00;15.75;81.75;34.50;24.71;31.48;14.02;0.06;0.20;2.58;76913.00;116.00;119.00;48.00;4497.40;1001.89;527.34;6.00;1;0;1;0;0;1;0;0;0;0;0;1;1;0;0;0;0;0
1986776;4.62;1.04;118.00;5018.00;15.75;81.75;32.25;27.06;33.29;14.11;0.29;0.68;2.58;76913.00;117.00;119.00;48.00;4520.60;1001.73;761.71;6.00;1;0;1;0;0;1;0;0;0;0;0;1;1;0;0;0;0;0
1988102;5.14;1.10;118.00;5032.00;15.75;81.75;30.75;29.42;35.00;14.11;0.04;1.15;2.58;76913.00;117.00;119.00;48.00;4521.60;1001.54;742.18;6.00;1;0;1;0;0;1;0;0;0;0;0;1;1;0;0;0;0;0
1989452;4.38;1.07;120.00;5086.00;15.75;81.75;34.50;24.32;30.96;14.11;0.21;0.12;2.58;76913.00;118.00;121.00;48.00;4509.20;1001.50;175.78;6.00;1;0;1;0;0;1;0;0;0;0;0;1;1;0;0;0;0;0
1990860;3.32;1.01;118.00;5044.00;15.75;81.75;40.50;16.86;25.05;14.02;1.11;0.59;2.58;76913.00;118.00;119.00;48.00;4510.40;1001.30;703.12;6.00;1;0;1;0;0;1;0;0;0;0;0;1;1;0;0;0;0;0
1992184;4.25;1.02;117.00;4965.00;15.75;81.75;33.75;24.32;31.24;14.11;0;0;2.58;76913.00;116.00;118.00;48.00;4523.00;1000.99;820.30;6.00;1;0;1;0;0;1;0;0;0;0;0;1;1;0;0;0;0;0
1993598;4.10;1.05;117.00;4967.00;15.75;82.50;35.25;21.96;29.66;13.92;1.56;0.53;2.82;76913.00;116.00;117.00;48.00;4517.40;1000.68;722.65;6.00;1;0;1;0;0;1;0;0;0;0;0;1;1;0;0;0;0;0
1995059;3.74;1.05;116.00;4916.00;15.75;82.50;37.50;18.43;27.02;14.11;0.25;1.91;2.58;76913.00;115.00;117.00;48.00;4521.00;1000.56;820.30;6.00;1;0;1;0;0;1;0;0;0;0;0;1;1;0;0;0;0;0
1996565;4.22;1.02;115.00;4851.00;15.75;82.50;36.75;19.61;28.09;14.11;2.29;0.20;2.58;76913.00;114.00;115.00;48.00;4521.00;1000.44;136.72;6.00;1;0;1;0;0;1;0;0;0;0;0;1;1;0;0;0;0;0
1998041;3.77;1.05;115.00;4893.00;15.75;82.50;37.50;18.83;27.49;14.02;1.97;0;2.58;76913.00;114.00;116.00;48.00;4508.80;1000.29;722.65;6.00;1;0;1;0;0;1;0;0;0;0;0;1;1;0;0;0;0;0
1999450;3.83;1.06;116.00;4901.00;15.75;82.50;36.75;19.22;27.65;14.02;3.55;0.29;2.58;76913.00;114.00;116.00;48.00;4512.60;1000.25;781.24;6.00;1;0;1;0;0;1;0;0;0;0;0;1;1;0;0;0;0;0
2000901;3.97;1.00;116.00;4907.00;15.75;82.50;36.00;20.00;28.54;13.92;1.05;0.14;2.82;76913.00;114.00;116.00;48.00;4513.60;1000.17;703.12;6.00;0;0;1;0;0;1;0;0;0;0;0;1;1;0;0;0;0;0
2002224;3.32;1.04;116.00;4927.00;15.75;82.50;40.50;15.69;24.61;14.02;1.05;2.01;2.58;76913.00;116.00;116.00;48.00;4501.20;1000.17;781.24;6.00;1;0;1;0;0;1;0;0;0;0;0;1;1;0;0;0;0;0
2003592;2.98;0.99;116.00;4905.00;15.75;82.50;42.00;13.33;23.11;14.02;0;0;2.58;76913.00;115.00;116.00;48.00;4526.40;999.93;214.84;6.00;1;0;1;0;0;1;0;0;0;0;0;1;1;0;0;0;0;0
2004940;3.78;1.03;116.00;4931.00;15.75;82.50;36.75;19.61;27.83;14.02;0;0.37;2.58;76913.00;115.00;117.00;48.00;4520.40;999.97;781.24;6.00;1;0;1;0;0;1;0;0;0;0;0;1;1;0;0;0;0;0
2006257;3.56;1.04;117.00;4976.00;15.75;82.50;39.00;17.65;25.97;14.02;0.53;1.78;2.58;76913.00;117.00;118.00;48.00;4515.80;1000.01;742.18;6.00;1;0;1;0;0;1;0;0;0;0;0;1;1;0;0;0;0;0
2007643;2.89;0.99;117.00;4981.00;15.75;82.50;43.50;12.94;22.64;14.02;0.68;1.23;2.58;76913.00;117.00;118.00;48.00;4511.00;1000.05;664.05;6.00;1;0;1;0;0;1;0;0;0;0;0;1;1;0;0;0;0;0
2009014;2.58;0.98;117.00;4953.00;15.75;82.50;45.00;10.59;20.52;14.11;0;0.12;2.58;76914.00;116.00;118.00;48.00;4503.80;1000.13;312.50;6.00;1;0;1;0;0;1;0;0;0;0;0;1;1;0;0;0;0;0
2010375;1.31;0.95;116.00;4889.00;15.75;82.50;48.75;5.88;12.57;14.02;0.68;2.21;2.58;76914.00;116.00;116.00;48.00;4445.60;1000.09;859.36;6.00;1;0;1;0;0;1;0;0;0;0;0;1;1;0;0;0;0;0
2011802;2.46;0.98;116.00;4888.00;15.75;82.50;45.75;9.41;19.61;14.02;0.51;1.00;2.58;76914.00;116.00;116.00;48.00;4521.00;1000.21;800.77;6.00;1;0;1;0;0;1;0;0;0;0;0;1;1;0;0;0;0;0
2013115;1.62;0.94;115.00;4856.00;15.75;82.50;48.75;6.28;13.62;13.92;0.27;1.80;2.82;76914.00;115.00;115.00;48.00;4471.00;1000.29;820.30;6.00;1;0;1;0;0;1;0;0;0;0;0;1;1;0;0;0;0;0
2014476;1.19;0.89;111.00;4746.00;15.75;82.50;48.75;4.31;10.51;14.11;0;0;2.58;76914.00;111.00;112.00;48.00;4515.80;1000.40;820.30;6.00;1;0;1;0;0;1;0;0;0;0;0;1;1;0;0;0;0;0
2015882;1.66;0.91;110.00;4647.00;15.75;82.50;48.00;6.28;14.57;14.02;0;1.68;2.58;76914.00;109.00;110.00;48.00;4562.80;1000.44;58.59;6.00;1;0;1;0;0;1;0;0;0;0;0;1;1;0;0;0;0;0
2017158;2.03;0.99;110.00;4661.00;15.75;82.50;47.25;7.06;16.33;14.02;1.23;0;2.58;76914.00;109.00;111.00;48.00;4485.40;1000.52;781.24;6.00;1;0;1;0;0;1;0;0;0;0;0;1;1;0;0;0;0;0
2018577;1.58;0.93;110.00;4635.00;15.75;82.50;48.00;5.88;13.44;14.02;2.38;1.02;2.58;76914.00;109.00;110.00;48.00;4496.00;1000.79;683.59;6.00;1;0;1;0;0;1;0;0;0;0;0;1;1;0;0;0;0;0
2019984;1.34;0.92;108.00;4603.00;15.75;81.75;48.75;5.10;11.57;14.11;0.59;1.27;2.58;76914.00;108.00;108.00;48.00;4486.20;1001.03;859.36;6.00;1;0;1;0;0;1;0;0;0;0;0;1;1;0;0;0;0;0
2021411;0.90;0.88;106.00;4468.00;15.75;81.75;48.00;2.75;7.95;14.02;0.49;0;2.58;76914.00;106.00;106.00;48.00;4510.20;1001.46;839.83;6.00;1;0;1;0;0;1;0;0;0;0;0;1;1;0;0;0;0;0
2022845;1.91;0.89;105.00;4457.00;15.75;81.75;45.75;7.06;17.04;14.11;1.05;0;2.58;76914.00;105.00;105.00;48.00;4544.00;1001.61;58.59;6.00;1;0;1;0;0;1;0;0;0;0;0;1;1;0;0;0;0;0
2024208;1.59;0.95;105.00;4471.00;15.75;81.75;47.25;5.49;13.28;14.11;1.60;1.97;2.58;76914.00;105.00;106.00;48.00;4476.80;1001.89;839.83;6.00;1;0;1;0;0;1;0;0;0;0;0;0;1;0;0;0;0;0
2025601;2.44;0.97;106.00;4492.00;15.75;81.75;43.50;9.02;20.02;14.11;2.11;0.62;2.58;76914.00;106.00;106.00;48.00;4586.20;1002.01;722.65;6.00;1;0;1;0;0;1;0;0;0;0;0;1;1;0;0;0;0;0
2027053;1.62;0.94;107.00;4559.00;15.75;81.75;48.00;5.88;13.62;14.11;0.14;0;2.58;76914.00;107.00;107.00;48.00;4472.40;1002.47;781.24;6.00;1;0;1;0;0;1;0;0;0;0;0;1;1;0;0;0;0;0
2028408;1.34;0.88;106.00;4495.00;15.75;81.75;48.00;5.10;12.06;14.11;0.90;0.49;2.58;76914.00;107.00;107.00;48.00;4498.00;1002.75;78.12;6.00;1;0;1;0;0;1;0;0;0;0;0;1;1;0;0;0;0;0
2029765;1.64;0.94;106.00;4489.00;15.75;81.75;47.25;5.88;13.88;14.11;0;0;2.58;76914.00;106.00;106.00;48.00;4533.60;1003.02;624.99;6.00;1;0;1;0;0;1;0;0;0;0;0;1;1;0;0;0;0;0
2031132;1.60;0.92;106.00;4464.00;15.75;81.75;47.25;5.88;13.95;14.11;1.48;2.36;2.58;76914.00;105.00;106.00;48.00;4531.80;1003.29;78.12;6.00;1;0;1;0;0;1;0;0;0;0;0;1;1;0;0;0;0;0
2032532;1.78;0.94;106.00;4490.00;15.75;81.75;47.25;6.28;15.06;14.11;0.08;0;2.58;76914.00;106.00;107.00;48.00;4525.80;1003.72;429.68;6.00;1;0;1;0;0;1;0;0;0;0;0;1;1;0;0;0;0;0
2034011;1.62;0.93;106.00;4511.00;15.75;81.75;47.25;5.88;13.85;14.11;0;0;2.58;76914.00;106.00;107.00;48.00;4510.40;1004.00;683.59;6.00;1;0;1;0;0;1;0;0;0;0;0;1;1;0;0;0;0;0
2035348;2.13;0.96;106.00;4534.00;15.75;81.75;46.50;7.45;17.40;14.02;2.36;1.02;2.58;76914.00;107.00;107.00;48.00;4516.40;1004.04;78.12;6.00;1;0;1;0;0;1;0;0;0;0;0;1;1;0;0;0;0;0
2036767;2.14;0.96;107.00;4535.00;15.75;81.75;46.50;7.45;17.17;14.11;0.70;1.19;2.58;76914.00;106.00;107.00;48.00;4554.20;1004.23;175.78;6.00;1;0;1;0;0;1;0;0;0;0;0;1;1;0;0;0;0;0
2038154;2.61;0.99;108.00;4588.00;15.75;81.75;44.25;9.41;20.57;14.11;0.08;0;2.58;76914.00;108.00;109.00;48.00;4518.20;1004.70;78.12;6.00;1;0;1;0;0;1;0;0;0;0;0;1;1;0;0;0;0;0
2039560;2.14;0.95;108.00;4638.00;15.75;81.75;46.50;7.84;17.64;14.11;0;0.61;2.58;76914.00;109.00;109.00;48.00;4533.60;1005.13;761.71;6.00;1;0;1;0;0;1;0;0;0;0;0;1;1;0;0;0;0;0
2040879;2.44;0.98;110.00;4697.00;15.75;81.75;45.00;8.63;19.41;14.02;0;0.16;2.58;76914.00;110.00;111.00;48.00;4523.40;1005.33;781.24;6.00;1;0;1;0;0;1;0;0;0;0;0;1;1;0;0;0;0;0
2042159;2.36;1.02;111.00;4724.00;15.75;81.75;46.50;8.24;18.24;14.11;3.59;0.94;2.58;76915.00;111.00;111.00;48.00;4486.40;1005.44;878.90;6.00;1;0;1;0;0;1;0;0;0;0;0;1;1;0;0;0;0;0
2043571;1.57;0.95;110.00;4685.00;15.75;81.75;48.00;5.88;12.91;14.02;0;0.76;2.58;76915.00;110.00;111.00;48.00;4518.40;1005.60;800.77;6.00;1;0;1;0;0;1;0;0;0;0;0;1;1;0;0;0;0;0
2044979;2.45;0.97;110.00;4672.00;15.75;81.75;45.00;9.02;19.87;14.02;0;0;2.58;76915.00;110.00;111.00;48.00;4547.20;1005.99;117.19;6.00;1;0;1;0;0;1;0;0;0;0;0;1;1;0;0;0;0;0
2046291;2.29;0.95;111.00;4695.00;15.75;81.75;45.75;8.24;18.94;14.02;1.97;0;2.58;76915.00;110.00;111.00;48.00;4503.20;1006.34;624.99;6.00;1;0;1;0;0;1;0;0;0;0;0;1;1;0;0;0;0;0
2047694;2.74;1.01;111.00;4741.00;15.75;81.75;43.50;10.20;21.25;14.02;1.97;0.70;2.58;76915.00;111.00;112.00;48.00;4514.60;1006.61;800.77;6.00;1;0;1;0;0;1;0;0;0;0;0;1;1;0;0;0;0;0
2049118;1.83;0.98;112.00;4741.00;15.75;81.75;48.00;6.28;14.68;14.02;0;3.11;2.58;76915.00;112.00;112.00;48.00;4465.00;1006.73;253.90;6.00;1;0;1;0;0;1;0;0;0;0;0;1;1;0;0;0;0;0
2050556;2.10;0.97;111.00;4710.00;15.75;81.75;46.50;7.45;17.17;14.21;0;1.97;2.58;76915.00;111.00;111.00;48.00;4545.00;1007.08;800.77;6.00;1;0;1;0;0;1;0;0;0;0;0;1;1;0;0;0;0;0
2052018;2.58;0.98;111.00;4729.00;15.75;81.75;44.25;9.41;20.59;14.11;0;1.23;2.58;76915.00;110.00;111.00;48.00;4526.00;1007.63;742.18;6.00;1;0;1;0;0;1;0;0;0;0;0;1;1;0;0;0;0;0
2053422;2.48;0.97;111.00;4701.00;15.75;81.75;45.00;9.02;19.83;14.11;0.39;0.96;2.58;76915.00;110.00;112.00;48.00;4512.80;1007.94;117.19;6.00;1;0;1;0;0;1;0;0;0;0;0;1;1;0;0;0;0;0
2054788;1.93;1.01;110.00;4672.00;15.75;81.75;48.00;6.67;15.05;14.11;0.59;1.02;2.58;76915.00;110.00;110.00;48.00;4487.60;1008.06;820.30;6.00;1;0;1;0;0;1;0;0;0;0;0;1;1;0;0;0;0;0
2056159;2.85;1.03;110.00;4644.00;15.75;81.75;42.75;10.20;21.65;14.11;0;0;2.58;76915.00;109.00;110.00;48.00;4526.60;1008.22;820.30;6.00;1;0;1;0;0;1;0;0;0;0;0;1;1;0;0;0;0;0
2057630;2.14;0.97;110.00;4629.00;15.75;81.75;46.50;7.45;17.43;14.11;0.45;1.43;2.58;76915.00;108.00;110.00;48.00;4457.20;1008.57;839.83;6.00;1;0;1;0;0;1;0;0;0;0;0;1;1;0;0;0;0;0
2058990;1.93;0.95;107.00;4566.00;15.75;81.75;47.25;7.06;16.09;14.11;1.05;2.05;2.58;76915.00;107.00;108.00;48.00;4500.40;1008.80;839.83;6.00;1;0;1;0;0;1;0;0;0;0;0;1;1;0;0;0;0;0
2060358;1.52;0.93;105.00;4422.00;15.75;81.75;47.25;5.49;12.79;14.02;1.66;0.18;2.58;76915.00;105.00;105.00;48.00;4482.60;1009.00;820.30;6.00;1;0;1;0;0;1;0;0;0;0;0;1;1;0;0;0;0;0
2061714;1.38;0.87;102.00;4325.00;15.75;81.75;46.50;5.10;12.57;14.11;0;0.84;2.58;76915.00;102.00;102.00;48.00;4515.80;1009.11;117.19;6.00;1;0;1;0;0;1;0;0;0;0;0;1;1;0;0;0;0;0
2063077;1.51;0.87;98.00;4201.00;15.75;81.75;46.50;5.49;13.86;14.11;0.53;0;2.58;76915.00;99.00;99.00;48.00;4505.60;1008.96;78.12;6.00;1;0;1;0;0;1;0;0;0;0;0;1;1;0;0;0;0;0
2064491;2.27;0.90;97.00;4171.00;15.75;81.75;42.75;8.24;19.96;14.02;2.05;1.25;2.58;76915.00;97.00;98.00;48.00;4495.80;1009.08;800.77;6.00;1;0;1;0;0;1;0;0;0;0;0;1;1;0;0;0;0;0
2065946;2.51;0.93;97.00;4135.00;15.75;81.75;41.25;9.02;21.26;14.11;1.35;0.62;2.58;76915.00;97.00;97.00;48.00;4507.60;1009.00;761.71;6.00;1;0;1;0;0;1;0;0;0;0;0;1;1;0;0;0;0;0
2067268;2.43;0.95;97.00;4116.00;15.75;81.75;42.00;8.24;20.09;14.11;0.27;1.19;2.58;76915.00;97.00;97.00;48.00;4499.00;1008.96;761.71;6.00;1;0;1;0;0;1;0;0;0;0;0;1;1;0;0;0;0;0
2068620;2.53;0.92;97.00;4154.00;15.75;81.75;41.25;9.41;21.55;14.11;0;1.19;2.58;76915.00;96.00;98.00;48.00;4508.20;1008.96;390.62;6.00;1;0;1;0;0;1;0;0;0;0;0;1;1;0;0;0;0;0
2069968;2.25;0.94;96.00;4089.00;15.75;81.75;43.50;7.45;18.92;14.11;2.03;0;2.58;76915.00;96.00;97.00;48.00;4521.20;1009.04;292.97;6.00;1;0;1;0;0;1;0;0;0;0;0;1;1;0;0;0;0;0
2071338;2.18;0.93;96.00;4073.00;15.75;81.75;43.50;7.45;18.51;14.11;0;3.16;2.58;76915.00;95.00;96.00;48.00;4504.60;1009.04;664.05;6.00;1;0;1;0;0;1;0;0;0;0;0;1;1;0;0;0;0;0
2072747;2.72;0.89;96.00;4048.00;15.75;81.75;39.00;10.98;23.83;14.02;0.21;0.76;2.58;76915.00;95.00;96.00;48.00;4535.40;1009.19;800.77;6.00;1;0;1;0;0;1;0;0;0;0;0;1;1;0;0;0;0;0
2074223;3.88;0.96;98.00;4160.00;15.75;81.75;32.25;17.65;30.79;14.11;0.90;0;2.58;76915.00;97.00;98.00;48.00;4558.40;1009.11;664.05;6.00;1;0;1;0;0;1;0;0;0;0;0;1;1;0;0;0;0;0
2075638;3.50;0.97;100.00;4247.00;15.75;82.50;36.00;14.90;27.53;14.02;0;0;2.58;76916.00;99.00;100.00;48.00;4526.20;1008.96;761.71;6.00;1;0;1;0;0;1;0;0;0;0;0;1;1;0;0;0;0;0
2077098;5.51;1.00;103.00;4342.00;15.75;82.50;24.75;27.85;39.81;14.02;2.01;1.78;2.58;76916.00;101.00;104.00;48.00;4570.80;1009.11;605.46;6.00;1;0;1;0;0;1;0;0;0;0;0;1;1;0;0;0;0;0
2078525;5.00;1.02;108.00;4607.00;15.75;82.50;28.50;27.06;36.85;14.11;1.82;1.19;2.58;76916.00;107.00;109.00;48.00;4516.40;1009.15;664.05;6.00;1;0;1;0;0;1;0;0;0;0;0;1;1;0;0;0;0;0
2079952;3.95;1.00;111.00;4708.00;15.75;82.50;34.50;20.39;30.46;14.02;1.56;0;2.58;76916.00;111.00;111.00;48.00;4487.60;1009.08;136.72;6.00;1;0;1;0;0;1;0;0;0;0;0;1;1;0;0;0;0;0
2081334;4.78;1.11;113.00;4800.00;15.75;82.50;32.25;23.92;32.51;14.21;0;1.11;2.58;76916.00;112.00;114.00;48.00;4502.40;1009.04;800.77;6.00;1;0;1;0;0;1;0;0;0;0;0;1;1;0;0;0;0;0
2082692;3.28;0.99;113.00;4837.00;15.75;82.50;39.75;15.69;25.11;14.11;0;2.29;2.58;76916.00;114.00;114.00;48.00;4511.60;1008.96;820.30;6.00;1;0;1;0;0;1;0;0;0;0;0;1;1;0;0;0;0;0
2084102;3.18;1.00;113.00;4841.00;15.75;82.50;40.50;14.51;24.32;14.11;1.56;0;2.58;76916.00;113.00;114.00;48.00;4508.60;1008.92;703.12;6.00;1;0;1;0;0;1;0;0;0;0;0;1;1;0;0;0;0;0
2085556;3.19;1.02;112.00;4789.00;15.75;82.50;41.25;13.73;24.09;14.02;0;0;2.58;76916.00;113.00;113.00;48.00;4520.40;1008.84;703.12;6.00;1;0;1;0;0;1;0;0;0;0;0;1;1;0;0;0;0;0
2086961;4.10;1.07;112.00;4787.00;15.75;82.50;36.00;19.61;28.97;14.02;0;0;2.58;76916.00;112.00;113.00;48.00;4528.20;1008.80;820.30;6.00;1;0;1;0;0;1;0;0;0;0;0;1;1;0;0;0;0;0
2088222;3.66;1.04;112.00;4784.00;15.75;82.50;38.25;17.26;26.77;14.11;7.44;0;2.58;76916.00;111.00;113.00;48.00;4503.40;1008.53;742.18;6.00;1;0;1;0;0;1;0;0;0;0;0;1;1;0;0;0;0;0
2089671;3.50;1.05;112.00;4769.00;15.75;82.50;39.75;15.30;25.38;14.11;0.53;0;2.58;76916.00;112.00;113.00;48.00;4531.00;1008.49;781.24;6.00;1;0;1;0;0;1;0;0;0;0;0;1;1;0;0;0;0;0
2091114;3.31;1.04;112.00;4753.00;15.75;82.50;40.50;14.12;24.51;14.11;0;0.08;2.58;76916.00;111.00;113.00;48.00;4511.40;1008.29;664.05;6.00;1;0;1;0;0;1;0;0;0;0;0;1;1;0;0;0;0;0
2092510;3.11;1.00;111.00;4733.00;15.75;82.50;41.25;12.94;23.83;14.02;0.25;0;2.58;76916.00;111.00;112.00;48.00;4514.40;1008.33;156.25;6.00;1;0;1;0;0;1;0;0;0;0;0;1;1;0;0;0;0;0
2093963;3.70;1.05;111.00;4719.00;15.75;82.50;38.25;16.47;26.56;14.02;1.80;0.21;2.58;76916.00;110.00;112.00;48.00;4518.60;1008.26;605.46;6.00;1;0;1;0;0;1;0;0;0;0;0;1;1;0;0;0;0;0
2095280;3.47;1.04;112.00;4749.00;15.75;82.50;39.75;15.30;25.41;14.11;1.97;0.78;2.58;76916.00;111.00;112.00;48.00;4493.60;1008.37;156.25;6.00;1;0;1;0;0;1;0;0;0;0;0;1;1;0;0;0;0;0
2096654;3.89;1.07;112.00;4761.00;15.75;82.50;37.50;17.65;27.45;14.02;0.25;0;2.58;76916.00;111.00;113.00;48.00;4507.00;1008.26;527.34;6.00;1;0;1;0;0;1;0;0;0;0;0;1;1;0;0;0;0;0
2098059;4.10;1.07;113.00;4797.00;15.75;82.50;36.00;20.00;29.11;14.11;0;0;2.58;76916.00;112.00;114.00;48.00;4509.00;1008.53;722.65;6.00;1;0;1;0;0;1;0;0;0;0;0;1;1;0;0;0;0;0
2099386;4.42;1.10;113.00;4843.00;15.75;82.50;34.50;21.57;30.16;13.92;0;0;2.82;76916.00;112.00;114.00;48.00;4506.20;1008.72;781.24;6.00;1;0;1;0;0;1;0;0;0;0;0;1;1;0;0;0;0;0
2100726;3.32;1.00;113.00;4845.00;15.75;82.50;39.75;15.69;25.31;13.92;0;5.88;2.82;76916.00;113.00;114.00;48.00;4522.40;1008.18;507.81;6.00;1;0;1;0;0;1;0;0;0;0;0;1;1;0;0;0;0;0
2102117;3.22;1.04;112.00;4791.00;15.75;82.50;41.25;13.33;23.92;14.11;0;0.27;2.58;76916.00;112.00;113.00;48.00;4523.60;1008.61;97.66;6.00;1;0;1;0;0;1;0;0;0;0;0;1;1;0;0;0;0;0
2103581;3.66;1.06;113.00;4789.00;15.75;82.50;38.25;16.86;26.37;14.11;0;7.44;2.58;76916.00;111.00;113.00;48.00;4503.60;1008.49;820.30;6.00;1;0;1;0;0;1;0;0;0;0;0;1;1;0;0;0;0;0
2105014;3.60;1.06;113.00;4785.00;15.75;82.50;39.00;16.08;25.83;14.11;0;1.60;2.58;76916.00;112.00;113.00;48.00;4508.60;1008.53;781.24;6.00;1;0;1;0;0;1;0;0;0;0;0;0;1;0;0;0;0;0
2106396;3.40;1.06;113.00;4777.00;15.75;82.50;40.50;14.51;24.68;14.02;0;0;2.58;76916.00;112.00;113.00;48.00;4513.80;1008.06;800.77;6.00;1;0;1;0;0;1;0;0;0;0;0;1;1;0;0;0;0;0
2107798;4.16;1.05;112.00;4789.00;15.75;82.50;36.00;19.61;28.80;14.02;0;0;2.58;76917.00;111.00;113.00;48.00;4525.60;1008.53;703.12;6.00;1;0;1;0;0;1;0;0;0;0;0;1;1;0;0;0;0;0
2109175;4.26;1.05;115.00;4871.00;15.75;82.50;34.50;21.96;30.32;14.11;0.66;0;2.58;76917.00;113.00;115.00;48.00;4487.40;1008.69;195.31;6.00;1;0;1;0;0;1;0;0;0;0;0;1;1;0;0;0;0;0
2110527;3.36;1.00;116.00;4922.00;15.75;82.50;39.00;16.86;25.78;14.11;0.96;0.14;2.58;76917.00;115.00;117.00;48.00;4516.20;1008.72;78.12;6.00;0;0;1;0;0;1;0;0;0;0;0;1;1;0;0;0;0;0
2111980;3.36;1.01;116.00;4932.00;15.75;82.50;39.75;16.47;25.38;14.02;0.39;1.29;2.58;76917.00;115.00;117.00;48.00;4515.80;1008.80;820.30;6.00;1;0;1;0;0;1;0;0;0;0;0;1;1;0;0;0;0;0
2113339;4.06;1.04;117.00;4969.00;15.75;82.50;36.00;21.18;29.00;14.02;1.80;0.66;2.58;76917.00;116.00;118.00;48.00;4516.40;1008.84;800.77;6.00;1;0;1;0;0;1;0;0;0;0;0;1;1;0;0;0;0;0
2114744;3.76;1.03;118.00;5005.00;15.75;82.50;37.50;19.61;27.71;14.02;0;0;2.58;76917.00;117.00;118.00;48.00;4513.80;1008.84;839.83;6.00;1;0;1;0;0;1;0;0;0;0;0;1;1;0;0;0;0;0
2116240;4.13;1.04;120.00;5060.00;15.75;82.50;36.00;22.36;29.69;14.11;0;2.71;2.58;76917.00;118.00;120.00;48.00;4519.20;1008.84;800.77;6.00;1;0;1;0;0;1;0;0;0;0;0;1;1;0;0;0;0;0
2117646;3.86;1.01;120.00;5102.00;15.75;82.50;36.75;21.18;28.57;14.11;1.27;2.23;2.58;76917.00;118.00;121.00;48.00;4512.40;1008.84;820.30;6.00;1;0;1;0;0;1;0;0;0;0;0;1;1;0;0;0;0;0
2118994;3.45;1.04;121.00;5118.00;15.75;82.50;40.50;17.26;25.33;14.11;0;0;2.58;76917.00;119.00;121.00;48.00;4501.60;1008.84;253.90;6.00;1;0;1;0;0;1;0;0;0;0;0;1;1;0;0;0;0;0
2120265;3.08;0.99;120.00;5078.00;15.75;82.50;42.00;15.30;23.70;13.92;1.97;0;2.82;76917.00;118.00;120.00;48.00;4516.00;1008.84;175.78;6.00;1;0;1;0;0;1;0;0;0;0;0;1;1;0;0;0;0;0
2121617;3.51;1.04;120.00;5054.00;15.75;82.50;39.00;18.43;26.23;14.02;0.76;0;2.58;76917.00;118.00;120.00;48.00;4524.80;1008.84;644.52;6.00;1;0;1;0;0;1;0;0;0;0;0;1;1;0;0;0;0;0
2123010;3.56;1.05;120.00;5070.00;15.75;82.50;39.75;17.26;25.54;14.02;0.21;0.37;2.58;76917.00;118.00;120.00;48.00;4510.20;1008.84;761.71;6.00;1;0;1;0;0;1;0;0;0;0;0;1;1;0;0;0;0;0
2124195;3.58;1.00;120.00;5063.00;15.75;82.50;39.00;18.83;26.77;14.11;1.00;0.70;2.58;76917.00;118.00;120.00;48.00;4517.20;1008.84;839.83;6.00;1;0;1;0;0;1;0;0;0;0;0;1;1;0;0;0;0;0
2125592;3.66;1.08;120.00;5061.00;15.75;82.50;39.75;18.04;25.93;14.11;0;0.08;2.58;76917.00;118.00;120.00;48.00;4505.40;1008.96;820.30;6.00;1;0;1;0;0;1;0;0;0;0;0;1;1;0;0;0;0;0
2126983;3.24;1.05;118.00;5041.00;15.75;82.50;42.00;14.90;23.75;14.02;0;0;2.58;76917.00;118.00;119.00;48.00;4516.40;1009.04;761.71;6.00;1;0;1;0;0;1;0;0;0;0;0;1;1;0;0;0;0;0
2128256;3.39;1.05;118.00;5036.00;15.75;82.50;41.25;16.08;24.58;14.11;0.55;0.68;2.58;76917.00;118.00;119.00;48.00;4524.00;1009.08;371.09;6.00;1;0;1;0;0;1;0;0;0;0;0;1;1;0;0;0;0;0
2129679;3.14;1.00;118.00;5028.00;15.75;82.50;42.00;15.30;23.96;14.11;2.52;1.31;2.58;76917.00;117.00;118.00;48.00;4517.40;1009.23;820.30;6.00;1;0;1;0;0;1;0;0;0;0;0;1;1;0;0;0;0;0
2131082;3.27;1.00;118.00;5026.00;15.75;82.50;40.50;16.47;24.82;14.02;0.39;0.94;2.58;76917.00;117.00;119.00;48.00;4514.40;1009.23;78.12;6.00;1;0;1;0;0;1;0;0;0;0;0;1;1;0;0;0;0;0
2132395;4.66;1.06;120.00;5058.00;15.75;82.50;33.00;26.28;32.57;14.11;1.97;0;2.58;76917.00;118.00;120.00;48.00;4503.20;1009.31;195.31;6.00;1;0;1;0;0;1;0;0;0;0;0;1;1;0;0;0;0;0
2133832;3.55;1.01;120.00;5107.00;15.75;82.50;39.00;19.22;26.64;14.11;0;0;2.58;76917.00;120.00;121.00;48.00;4509.60;1009.43;820.30;6.00;1;0;1;0;0;1;0;0;0;0;0;1;1;0;0;0;0;0
2135249;3.28;1.02;120.00;5066.00;15.75;82.50;41.25;16.08;24.66;14.11;0;0;2.58;76917.00;119.00;120.00;48.00;4515.60;1009.43;566.40;6.00;1;0;1;0;0;1;0;0;0;0;0;1;1;0;0;0;0;0
2136641;4.20;1.07;120.00;5093.00;15.75;82.50;36.00;22.36;29.62;14.02;0.76;0.27;2.58;76917.00;119.00;120.00;48.00;4496.60;1009.43;722.65;6.00;1;0;1;0;0;1;0;0;0;0;0;1;1;0;0;0;0;0
2138000;4.37;1.09;121.00;5119.00;15.75;82.50;35.25;23.53;30.26;14.02;0;0;2.58;76918.00;118.00;121.00;48.00;4501.60;1009.47;800.77;6.00;1;0;1;0;0;1;0;0;0;0;0;1;1;0;0;0;0;0
2139302;4.06;1.05;121.00;5123.00;15.75;82.50;36.00;22.75;29.74;14.11;0.39;0.10;2.58;76918.00;119.00;121.00;48.00;4509.00;1009.47;781.24;6.00;0;0;1;0;0;1;0;0;0;0;0;1;1;0;0;0;0;0
2140705;4.21;1.07;122.00;5169.00;15.75;82.50;36.00;22.36;29.36;14.02;1.05;1.70;2.58;76918.00;120.00;122.00;48.00;4519.00;1009.62;175.78;6.00;1;0;1;0;0;1;0;0;0;0;0;1;1;0;0;0;0;0
2142085;3.38;0.96;123.00;5216.00;15.75;82.50;39.00;19.22;26.47;14.02;3.61;0;2.58;76918.00;121.00;123.00;48.00;4504.20;1009.58;351.56;6.00;1;0;1;0;0;1;0;0;0;0;0;1;1;0;0;0;0;0
2143372;3.02;1.01;121.00;5154.00;15.75;82.50;43.50;13.73;22.78;14.02;0.14;0;2.58;76918.00;120.00;122.00;48.00;4511.80;1009.51;97.66;6.00;1;0;1;0;0;1;0;0;0;0;0;1;1;0;0;0;0;0
2144828;4.43;1.09;121.00;5127.00;15.75;82.50;35.25;23.92;30.56;14.11;0;0.04;2.58;76918.00;119.00;121.00;48.00;4503.20;1009.51;781.24;6.00;1;0;1;0;0;1;0;0;0;0;0;1;1;0;0;0;0;0
2146306;3.27;1.03;121.00;5106.00;15.75;82.50;41.25;16.08;24.28;14.11;0.20;0.35;2.58;76918.00;120.00;121.00;48.00;4511.80;1009.43;722.65;6.00;1;0;1;0;0;1;0;0;0;0;0;1;1;0;0;0;0;0
2147710;3.19;1.04;121.00;5130.00;15.75;82.50;42.00;14.90;23.72;14.02;1.43;2.38;2.58;76918.00;119.00;121.00;48.00;4504.20;1009.78;761.71;6.00;1;0;1;0;0;1;0;0;0;0;0;1;1;0;0;0;0;0
2149110;1.56;0.95;117.00;5000.00;15.75;82.50;48.75;5.88;12.76;14.02;0;0.10;2.58;76918.00;117.00;118.00;48.00;4488.00;1009.82;859.36;6.00;1;0;1;0;0;1;0;0;0;0;0;1;1;0;0;0;0;0
2150522;0.56;1.00;111.00;4659.00;15.75;82.50;-30.00;0;0;14.11;0;0;2.58;76918.00;111.00;110.00;48.00;4446.00;1009.94;58.59;6.00;1;0;1;0;0;1;0;0;0;0;0;1;1;0;0;0;0;0
2151994;0.57;1.00;102.00;4340.00;15.75;82.50;-30.00;0;0;14.02;1.66;0.64;2.58;76918.00;102.00;102.00;48.00;4392.80;1010.01;0;6.00;1;0;1;0;0;1;0;0;0;0;0;1;1;0;0;0;0;0
2153257;1.45;1.00;96.00;4053.00;15.75;82.50;42.00;3.92;10.96;14.11;1.45;1.64;2.58;76918.00;96.00;96.00;48.00;4381.60;1010.05;859.36;6.00;1;0;1;0;0;1;0;0;0;0;0;1;1;0;0;0;0;0
2154706;3.03;0.93;95.00;4055.00;15.75;82.50;37.50;12.16;25.21;14.11;0.47;0.21;2.58;76918.00;94.00;95.00;48.00;4571.40;1010.05;722.65;6.00;1;0;1;0;0;1;0;0;0;0;0;1;1;0;0;0;0;0
2156080;3.00;0.94;96.00;4066.00;15.75;82.50;37.50;11.77;24.91;14.11;0.47;1.33;2.58;76918.00;96.00;96.00;48.00;4552.20;1010.05;156.25;6.00;1;0;1;0;0;1;0;0;0;0;0;1;1;0;0;0;0;0
2157448;3.41;0.98;98.00;4155.00;15.75;82.50;36.00;13.73;26.73;14.11;0.57;0.20;2.58;76918.00;97.00;98.00;48.00;4521.60;1010.05;605.46;6.00;1;0;1;0;0;1;0;0;0;0;0;1;1;0;0;0;0;0
2158857;3.41;0.98;100.00;4235.00;15.75;82.50;36.00;14.51;26.92;13.92;4.08;3.55;2.82;76918.00;99.00;100.00;48.00;4520.80;1010.13;507.81;6.00;1;0;1;0;0;1;0;0;0;0;0;1;1;0;0;0;0;0
2160305;3.50;0.98;101.00;4274.00;15.75;82.50;36.75;14.90;27.45;14.11;0.33;0.55;2.58;76918.00;101.00;101.00;48.00;4528.20;1010.29;761.71;6.00;1;0;1;0;0;1;0;0;0;0;0;1;1;0;0;0;0;0
2161741;2.55;0.93;101.00;4257.00;15.75;82.50;42.00;9.02;21.35;14.02;0.68;0;2.58;76918.00;100.00;101.00;48.00;4494.60;1010.29;78.12;6.00;1;0;1;0;0;1;0;0;0;0;0;1;1;0;0;0;0;0
2163146;1.46;0.91;98.00;4161.00;15.75;82.50;45.75;5.10;12.70;14.02;3.63;2.79;2.58;76918.00;98.00;99.00;48.00;4475.40;1010.29;859.36;6.00;1;0;1;0;0;1;0;0;0;0;0;1;1;0;0;0;0;0
2164520;1.95;0.86;95.00;4060.00;15.75;82.50;44.25;7.06;18.09;14.11;3.09;1.35;2.58;76918.00;95.00;96.00;48.00;4520.80;1010.17;253.90;6.00;1;0;1;0;0;1;0;0;0;0;0;1;1;0;0;0;0;0
2165939;3.35;0.98;95.00;4026.00;15.75;82.50;36.75;13.33;26.23;13.92;2.05;0.29;2.82;76918.00;95.00;96.00;48.00;4566.20;1010.17;664.05;6.00;1;0;1;0;0;1;0;0;0;0;0;1;1;0;0;0;0;0
2167225;2.82;0.94;97.00;4138.00;15.75;82.50;39.00;10.59;23.33;14.02;0;0;2.58;76918.00;95.00;97.00;48.00;4502.60;1010.17;839.83;6.00;1;0;1;0;0;1;0;0;0;0;0;1;1;0;0;0;0;0
2168627;2.34;0.88;96.00;4092.00;15.75;82.50;41.25;8.63;20.92;14.02;0.08;1.66;2.58;76918.00;95.00;97.00;48.00;4507.20;1010.17;839.83;6.00;1;0;1;0;0;1;0;0;0;0;0;1;1;0;0;0;0;0
2170077;3.26;0.92;97.00;4149.00;15.75;82.50;36.00;14.51;27.37;14.11;0;3.30;2.58;76919.00;97.00;97.00;48.00;4547.20;1010.25;820.30;6.00;1;0;1;0;0;1;0;0;0;0;0;1;1;0;0;0;0;0
2171527;3.05;0.92;98.00;4197.00;15.75;82.50;37.50;12.55;25.57;14.11;1.70;1.70;2.58;76919.00;98.00;99.00;48.00;4510.80;1010.56;78.12;6.00;1;0;1;0;0;1;0;0;0;0;0;1;1;0;0;0;0;0
2172952;2.46;0.90;100.00;4214.00;15.75;82.50;42.00;9.41;21.28;14.11;1.95;1.58;2.58;76919.00;98.00;100.00;48.00;4480.40;1010.79;800.77;6.00;1;0;1;0;0;1;0;0;0;0;0;1;1;0;0;0;0;0
2174450;2.49;0.88;98.00;4173.00;15.75;82.50;41.25;9.41;21.68;14.02;3.52;1.66;2.58;76919.00;98.00;99.00;48.00;4545.00;1010.48;878.90;6.00;1;0;1;0;0;1;0;0;0;0;0;1;1;0;0;0;0;0
2175852;6.84;1.03;103.00;4397.00;15.75;82.50;17.25;38.83;45.24;14.02;1.27;1.35;2.58;76919.00;102.00;104.00;48.00;4521.60;1010.37;839.83;6.00;1;0;1;0;0;1;0;0;0;0;0;1;1;0;0;0;0;0
2177297;6.54;1.00;111.00;4677.00;15.75;82.50;21.00;37.26;43.63;14.02;1.52;0.62;2.58;76919.00;109.00;111.00;48.00;4499.60;1010.48;781.24;6.00;1;0;1;0;0;1;0;0;0;0;0;1;1;0;0;0;0;0
2178770;5.13;1.11;116.00;4910.00;15.75;82.50;30.75;27.45;34.56;13.92;0;0;2.82;76919.00;114.00;116.00;48.00;4499.40;1010.33;703.12;6.00;1;0;1;0;0;1;0;0;0;0;0;1;1;0;0;0;0;0
2180185;4.11;1.01;117.00;4981.00;15.75;82.50;34.50;22.75;30.55;14.11;1.39;0.37;2.58;76919.00;116.00;118.00;48.00;4513.80;1010.25;820.30;6.00;1;0;1;0;0;1;0;0;0;0;0;1;1;0;0;0;0;0
2181596;3.70;1.04;117.00;5006.00;15.75;82.50;37.50;18.83;27.00;14.11;0.90;2.38;2.58;76919.00;116.00;118.00;48.00;4513.80;1010.21;683.59;6.00;1;0;1;0;0;1;0;0;0;0;0;1;1;0;0;0;0;0
2183004;3.49;1.06;117.00;5006.00;15.75;82.50;39.75;16.86;25.28;13.92;0.94;2.03;2.82;76919.00;117.00;118.00;48.00;4530.00;1010.17;97.66;6.00;1;0;1;0;0;1;0;0;0;0;0;1;1;0;0;0;0;0
2184441;3.42;1.01;118.00;5030.00;15.75;82.50;39.75;17.65;25.81;13.92;0;0;2.82;76919.00;117.00;119.00;48.00;4515.40;1010.13;722.65;6.00;1;0;1;0;0;1;0;0;0;0;0;1;1;0;0;0;0;0
2185834;4.21;1.05;118.00;5020.00;15.75;82.50;36.75;20.39;28.44;14.02;0.90;2.38;2.58;76919.00;117.00;119.00;48.00;4538.20;1010.09;332.03;6.00;1;0;1;0;0;1;0;0;0;0;0;1;1;0;0;0;0;0
2187187;3.34;1.02;118.00;5045.00;15.75;82.50;40.50;16.47;24.97;14.02;0.39;0.94;2.58;76919.00;118.00;119.00;48.00;4503.80;1010.09;175.78;6.00;1;0;1;0;0;1;0;0;0;0;0;1;1;0;0;0;0;0
2188581;3.51;1.02;118.00;5043.00;15.75;82.50;39.75;18.04;26.07;14.02;0.94;0.43;2.58;76919.00;118.00;119.00;48.00;4508.00;1010.13;410.15;6.00;1;0;1;0;0;1;0;0;0;0;0;1;1;0;0;0;0;0
2189982;3.69;1.02;118.00;5034.00;15.75;82.50;38.25;19.22;27.35;14.02;0;0;2.58;76919.00;117.00;119.00;48.00;4517.80;1010.13;820.30;6.00;1;0;1;0;0;1;0;0;0;0;0;1;1;0;0;0;0;0
2191290;3.55;1.01;118.00;5034.00;15.75;82.50;39.00;18.43;26.37;14.11;2.77;0;2.58;76919.00;118.00;119.00;48.00;4521.00;1010.21;175.78;6.00;1;0;1;0;0;1;0;0;0;0;0;1;1;0;0;0;0;0
2192682;3.45;1.03;118.00;5022.00;15.75;82.50;40.50;17.26;25.47;14.11;0.96;2.38;2.58;76919.00;117.00;118.00;48.00;4519.60;1010.13;800.77;6.00;1;0;1;0;0;1;0;0;0;0;0;1;1;0;0;0;0;0
2194110;3.61;1.07;117.00;4977.00;15.75;82.50;39.00;17.26;25.81;14.02;0.94;2.03;2.58;76919.00;116.00;118.00;48.00;4506.80;1010.17;761.71;6.00;1;0;1;0;0;1;0;0;0;0;0;1;1;0;0;0;0;0
2195385;4.04;1.03;117.00;4966.00;15.75;82.50;35.25;21.57;29.50;14.11;0.02;0.27;2.58;76919.00;115.00;117.00;48.00;4510.00;1010.17;761.71;6.00;1;0;1;0;0;1;0;0;0;0;0;1;1;0;0;0;0;0
2196733;3.82;1.04;117.00;4986.00;15.75;82.50;37.50;19.22;27.46;14.11;1.23;0;2.58;76919.00;116.00;118.00;48.00;4499.80;1010.17;781.24;6.00;1;0;1;0;0;1;0;0;0;0;0;1;1;0;0;0;0;0
2198133;3.42;1.05;117.00;4974.00;15.75;82.50;39.75;16.08;25.08;14.11;0;0.53;2.58;76919.00;116.00;118.00;48.00;4509.60;1010.13;722.65;6.00;1;0;1;0;0;1;0;0;0;0;0;1;1;0;0;0;0;0
2199395;3.01;1.02;116.00;4933.00;15.75;82.50;42.75;12.16;22.63;14.11;3.55;0.64;2.58;76919.00;115.00;116.00;48.00;4517.20;1010.09;351.56;6.00;1;0;1;0;0;1;0;0;0;0;0;1;1;0;0;0;0;0
2200670;2.36;0.96;115.00;4874.00;15.75;82.50;45.75;9.02;19.24;14.02;4.04;0.51;2.58;76919.00;114.00;115.00;48.00;4515.20;1010.09;78.12;6.00;1;0;1;0;0;1;0;0;0;0;0;1;1;0;0;0;0;0
2202128;1.34;0.98;111.00;4688.00;15.75;82.50;48.75;4.31;10.72;14.02;2.09;0;2.58;76920.00;110.00;111.00;48.00;4469.40;1010.25;878.90;6.00;1;0;1;0;0;1;0;0;0;0;0;1;1;0;0;0;0;0
2203479;0.98;0.95;105.00;4469.00;15.75;82.50;48.00;2.75;8.03;14.11;0.43;0.12;2.58;76920.00;106.00;105.00;48.00;4486.40;1010.40;859.36;6.00;1;0;1;0;0;1;0;0;0;0;0;1;1;0;0;0;0;0
2204893;1.81;0.89;101.00;4293.00;15.75;82.50;45.75;6.67;16.20;14.11;0;1.46;2.58;76920.00;101.00;102.00;48.00;4548.40;1010.37;781.24;6.00;1;0;1;0;0;1;0;0;0;0;0;1;1;0;0;0;0;0
2206277;1.74;1.00;101.00;4290.00;15.75;82.50;46.50;5.88;14.99;14.11;2.64;2.54;2.58;76920.00;102.00;102.00;48.00;4461.80;1010.52;878.90;6.00;1;0;1;0;0;1;0;0;0;0;0;1;1;0;0;0;0;0
2207628;1.01;0.94;98.00;4115.00;15.75;82.50;46.50;2.75;8.63;14.11;0.06;0.88;2.58;76920.00;99.00;99.00;48.00;4519.40;1010.40;898.43;6.00;1;0;1;0;0;1;0;0;0;0;0;1;1;0;0;0;0;0
2209102;0.56;1.00;92.00;3938.00;15.75;82.50;-30.00;0;0;14.02;2.19;0.21;2.58;76920.00;93.00;92.00;48.00;4513.00;1010.72;0;6.00;1;0;1;0;0;1;0;0;0;0;0;1;1;0;0;0;0;0
2210502;0.59;1.00;85.00;3610.00;15.75;82.50;-30.00;0;0;14.11;2.62;0.68;2.58;76920.00;85.00;85.00;48.00;4537.20;1011.03;0;6.00;1;0;1;0;0;1;0;0;0;0;0;1;1;0;0;0;0;0
2211839;0.63;1.00;77.00;3300.00;15.75;82.50;-30.00;0;0;14.11;3.07;0.96;2.58;76920.00;78.00;78.00;48.00;4546.20;1011.19;0;6.00;1;0;1;0;0;1;0;0;0;0;0;1;1;0;0;0;0;0
2213176;0.96;1.00;72.00;3102.00;15.75;82.50;35.25;1.57;7.55;14.11;0.27;0.51;2.58;76920.00;73.00;73.00;48.00;4292.80;1011.26;839.83;6.00;1;0;1;0;0;1;0;0;0;0;0;1;1;0;0;0;0;0
2214610;1.78;1.00;70.00;3172.00;15.75;81.75;36.75;4.31;13.85;14.11;1.72;0.94;2.58;76920.00;70.00;69.00;48.00;4336.80;1011.30;878.90;5.00;1;0;1;0;0;1;0;0;0;0;0;1;1;0;0;0;0;0
2216070;3.22;0.92;72.00;3342.00;15.75;81.75;30.75;13.33;26.89;14.21;0.06;0.33;2.58;76920.00;72.00;73.00;48.00;4498.20;1011.30;58.59;5.00;1;0;1;0;0;1;0;0;0;0;0;1;1;0;0;0;0;0
2217375;3.25;0.96;77.00;3596.00;15.75;81.75;33.00;13.73;26.53;14.02;0.49;4.16;2.58;76920.00;77.00;78.00;48.00;4479.00;1011.30;859.36;5.00;1;0;1;0;0;1;0;0;0;0;0;1;1;0;0;0;0;0
2218803;3.65;0.96;85.00;3908.00;15.75;82.50;33.00;16.47;29.17;14.11;0;1.11;2.58;76920.00;85.00;85.00;48.00;4505.60;1011.30;703.12;5.00;1;0;1;0;0;1;0;0;0;0;0;1;1;0;0;0;0;0
2220192;3.45;0.95;90.00;4132.00;15.75;82.50;35.25;14.90;28.02;14.02;1.27;0;2.58;76920.00;89.00;90.00;48.00;4497.80;1011.30;859.36;5.00;1;0;1;0;0;1;0;0;0;0;0;1;1;0;0;0;0;0
2221517;2.74;0.95;92.00;3881.00;15.75;82.50;39.75;9.41;22.35;14.02;0;1.76;2.58;76920.00;92.00;92.00;48.00;4450.80;1011.30;820.30;6.00;1;0;1;0;0;1;0;0;0;0;0;1;1;0;0;0;0;0
2222915;1.91;0.84;91.00;3902.00;15.75;82.50;43.50;7.06;18.26;14.02;3.22;2.15;2.58;76920.00;91.00;92.00;48.00;4510.60;1011.30;878.90;6.00;1;0;1;0;0;1;0;0;0;0;0;1;1;0;0;0;0;0
2224361;3.98;0.94;95.00;4020.00;15.75;82.50;30.75;19.61;32.64;14.11;1.05;3.01;2.58;76920.00;94.00;96.00;48.00;4559.60;1011.30;839.83;6.00;1;0;1;0;0;1;0;0;0;0;0;1;1;0;0;0;0;0
2225836;3.14;0.90;98.00;4184.00;15.75;82.50;36.75;13.73;26.63;14.11;0;1.05;2.58;76920.00;97.00;99.00;48.00;4488.80;1011.30;800.77;6.00;1;0;1;0;0;1;0;0;0;0;0;1;1;0;0;0;0;0
2227312;2.46;0.85;98.00;4202.00;15.75;82.50;41.25;9.81;22.33;14.02;0;0;2.58;76920.00;98.00;99.00;48.00;4502.00;1011.30;156.25;6.00;1;0;1;0;0;1;0;0;0;0;0;1;1;0;0;0;0;0
2228713;2.11;0.90;98.00;4155.00;15.75;82.50;43.50;7.45;18.52;14.11;1.66;4.45;2.58;76920.00;98.00;98.00;48.00;4498.00;1011.30;859.36;6.00;1;0;1;0;0;1;0;0;0;0;0;1;1;0;0;0;0;0
2230125;2.02;0.85;97.00;4107.00;15.75;82.50;43.50;7.45;18.88;14.02;1.43;1.70;2.58;76920.00;96.00;97.00;48.00;4517.40;1011.30;214.84;6.00;1;0;1;0;0;1;0;0;0;0;0;1;1;0;0;0;0;0
2231444;2.75;0.93;97.00;4118.00;15.75;82.50;39.75;10.59;23.11;14.11;1.43;0;2.58;76920.00;97.00;97.00;48.00;4513.80;1011.30;761.71;6.00;1;0;1;0;0;1;0;0;0;0;0;1;1;0;0;0;0;0
2232861;3.44;0.93;98.00;4182.00;15.75;82.50;35.25;15.30;28.25;14.11;0;0.27;2.58;76920.00;97.00;99.00;48.00;4578.00;1011.26;761.71;6.00;1;0;1;0;0;1;0;0;0;0;0;1;1;0;0;0;0;0
2234320;3.49;0.96;101.00;4250.00;15.75;82.50;36.00;14.90;27.65;14.11;2.58;2.07;2.58;76920.00;100.00;101.00;48.00;4503.80;1011.22;722.65;6.00;1;0;1;0;0;1;0;0;0;0;0;1;1;0;0;0;0;0
2235794;5.50;1.05;103.00;4428.00;15.75;82.50;27.00;26.67;38.03;13.92;1.05;1.91;2.82;76920.00;102.00;104.00;48.00;4538.00;1010.99;585.93;6.00;1;0;1;0;0;1;0;0;0;0;0;1;1;0;0;0;0;0
2237234;5.51;1.08;108.00;4635.00;15.75;82.50;27.00;29.02;37.88;14.11;2.13;0;2.58;76920.00;107.00;109.00;48.00;4528.60;1010.91;78.12;6.00;1;0;1;0;0;1;0;0;0;0;0;1;1;0;0;0;0;0
2238517;4.67;1.06;112.00;4754.00;15.75;82.50;32.25;23.92;33.04;14.11;0.33;2.93;2.58;76920.00;110.00;112.00;48.00;4499.20;1010.79;722.65;6.00;1;0;1;0;0;1;0;0;0;0;0;1;1;0;0;0;0;0
2239951;3.44;1.00;113.00;4829.00;15.75;82.50;38.25;16.86;26.29;13.92;0;0;2.82;76921.00;112.00;114.00;48.00;4502.00;1010.60;117.19;6.00;1;0;1;0;0;1;0;0;0;0;0;1;1;0;0;0;0;0
2241315;4.02;1.02;115.00;4886.00;15.75;82.50;35.25;20.79;29.59;14.11;0;3.50;2.58;76921.00;114.00;115.00;48.00;4493.00;1010.56;585.93;6.00;1;0;1;0;0;1;0;0;0;0;0;1;1;0;0;0;0;0
2242723;4.67;1.11;117.00;4963.00;15.75;82.50;33.75;23.92;31.57;13.92;0;0;2.82;76921.00;115.00;117.00;48.00;4506.80;1010.60;800.77;6.00;1;0;1;0;0;1;0;0;0;0;0;1;1;0;0;0;0;0
2244147;4.38;1.06;117.00;4966.00;15.75;82.50;33.75;23.53;30.99;14.02;0;0;2.58;76921.00;116.00;117.00;48.00;4508.00;1010.60;742.18;6.00;1;0;1;0;0;1;0;0;0;0;0;1;1;0;0;0;0;0
2245456;4.41;1.03;118.00;5006.00;15.75;82.50;35.25;22.36;29.50;13.92;0.88;1.89;2.82;76921.00;117.00;119.00;48.00;4540.40;1010.56;39.06;6.00;1;0;1;0;0;1;0;0;0;0;0;1;1;0;0;0;0;0
2246788;5.23;1.06;121.00;5163.00;15.75;82.50;29.25;31.77;36.66;14.02;0;1.00;2.58;76921.00;119.00;122.00;48.00;4501.80;1010.48;683.59;6.00;1;0;1;0;0;1;0;0;0;0;0;1;1;0;0;0;0;0
2248183;2.93;1.00;122.00;5192.00;15.75;82.50;43.50;13.73;22.63;14.11;0;0.55;2.58;76921.00;120.00;122.00;48.00;4515.80;1010.48;722.65;6.00;1;0;1;0;0;1;0;0;0;0;0;1;1;0;0;0;0;0
2249456;1.91;0.98;118.00;5011.00;15.75;82.50;49.50;7.06;15.43;14.02;0;0;2.58;76921.00;118.00;119.00;48.00;4506.00;1010.52;800.77;6.00;1;0;1;0;0;1;0;0;0;0;0;1;1;0;0;0;0;0
2250788;2.72;1.00;116.00;4896.00;15.75;82.50;44.25;10.59;21.12;14.02;0;0.57;2.58;76921.00;114.00;116.00;48.00;4531.80;1010.40;839.83;6.00;1;0;1;0;0;1;0;0;0;0;0;1;1;0;0;0;0;0
2252234;2.38;0.96;113.00;4796.00;15.75;82.50;45.75;8.63;19.48;14.11;0;6.74;2.58;76921.00;112.00;114.00;48.00;4523.20;1010.33;117.19;6.00;1;0;1;0;0;1;0;0;0;0;0;1;1;0;0;0;0;0
2253505;3.25;1.03;113.00;4811.00;15.75;82.50;41.25;13.73;24.10;14.11;0;3.30;2.58;76921.00;112.00;113.00;48.00;4515.20;1010.17;800.77;6.00;1;0;1;0;0;1;0;0;0;0;0;1;1;0;0;0;0;0
2254973;3.27;0.99;112.00;4772.00;15.75;82.50;42.00;12.16;23.03;14.11;0;0;2.58;76921.00;112.00;113.00;48.00;4516.60;1010.13;97.66;6.00;1;0;1;0;0;1;0;0;0;0;0;1;1;0;0;0;0;0
2256367;4.29;1.08;115.00;4851.00;15.75;82.50;35.25;20.79;29.92;13.92;0;0;2.82;76921.00;114.00;115.00;48.00;4501.40;1010.44;58.59;6.00;1;0;1;0;0;1;0;0;0;0;0;1;1;0;0;0;0;0
2257822;3.84;0.99;116.00;4934.00;15.75;82.50;36.00;20.79;29.13;13.92;1.80;0.25;2.82;76921.00;116.00;117.00;48.00;4504.40;1010.48;195.31;6.00;1;0;1;0;0;1;0;0;0;0;0;1;1;0;0;0;0;0
2259297;3.34;1.02;116.00;4901.00;15.75;82.50;39.75;15.69;25.01;14.02;0.53;1.97;2.58;76921.00;115.00;116.00;48.00;4512.20;1010.48;722.65;6.00;1;0;1;0;0;1;0;0;0;0;0;1;1;0;0;0;0;0
2260709;2.38;0.91;113.00;4792.00;15.75;82.50;45.00;9.41;20.23;14.02;0;1.00;2.58;76921.00;113.00;114.00;48.00;4507.80;1010.52;722.65;6.00;1;0;1;0;0;1;0;0;0;0;0;1;1;0;0;0;0;0
2262125;2.69;1.00;110.00;4630.00;15.75;82.50;44.25;9.02;20.39;14.11;1.56;0.76;2.58;76921.00;109.00;111.00;48.00;4554.80;1010.37;78.12;6.00;1;0;1;0;0;1;0;0;0;0;0;1;1;0;0;0;0;0
2263554;2.34;0.97;107.00;4546.00;15.75;82.50;45.00;8.24;19.21;14.11;1.70;0.82;2.58;76921.00;106.00;108.00;48.00;4469.20;1010.44;78.12;6.00;1;0;1;0;0;1;0;0;0;0;0;1;1;0;0;0;0;0
2264952;4.78;1.00;106.00;4522.00;15.75;82.50;32.25;21.96;32.78;14.11;0.18;0.23;2.58;76921.00;106.00;107.00;48.00;4539.00;1010.48;156.25;6.00;1;0;1;0;0;1;0;0;0;0;0;1;1;0;0;0;0;0
2266398;6.38;1.03;112.00;4796.00;15.75;82.50;20.25;39.61;43.89;14.11;0;0;2.58;76921.00;111.00;113.00;48.00;4517.00;1010.52;39.06;6.00;1;0;1;0;0;1;0;0;0;0;0;1;1;0;0;0;0;0
2267755;5.08;1.06;116.00;4918.00;15.75;82.50;30.00;28.63;35.78;13.92;0;3.55;2.82;76921.00;115.00;117.00;48.00;4497.80;1010.60;800.77;6.00;1;0;1;0;0;1;0;0;0;0;0;1;1;0;0;0;0;0
2269198;3.50;0.98;117.00;4979.00;15.75;82.50;37.50;18.83;27.26;14.02;0.06;0;2.58;76921.00;116.00;118.00;48.00;4509.00;1010.29;390.62;6.00;1;0;1;0;0;1;0;0;0;0;0;1;1;0;0;0;0;0
2270486;3.29;1.02;117.00;4961.00;15.75;82.50;40.50;15.30;24.51;14.11;1.11;2.38;2.58;76921.00;116.00;117.00;48.00;4514.00;1010.37;742.18;6.00;1;0;1;0;0;1;0;0;0;0;0;1;1;0;0;0;0;0
2271994;3.17;1.04;117.00;4924.00;15.75;82.50;42.00;13.33;23.32;14.11;0;0;2.58;76922.00;118.00;118.00;48.00;4508.20;1010.33;117.19;6.00;1;0;1;0;0;1;0;0;0;0;0;1;1;0;0;0;0;0
2273346;3.30;1.02;115.00;4893.00;15.75;82.50;40.50;15.30;24.69;14.02;0;1.64;2.58;76922.00;114.00;116.00;48.00;4512.40;1010.40;839.83;6.00;1;0;1;0;0;1;0;0;0;0;0;1;1;0;0;0;0;0
2274755;0.53;1.00;112.00;4777.00;15.75;82.50;42.75;0;4.24;14.02;0.51;0;2.58;76922.00;112.00;112.00;48.00;4400.80;1010.33;683.59;6.00;1;0;1;0;0;1;0;0;0;0;0;1;1;0;0;0;0;0
2276132;0.58;1.00;105.00;4408.00;15.75;82.50;-30.00;0;0;14.02;1.35;1.66;2.58;76922.00;105.00;104.00;48.00;4309.40;1010.29;0;6.00;1;0;1;0;0;1;0;0;0;0;0;1;1;0;0;0;0;0
2277486;0.63;1.00;92.00;3920.00;15.75;82.50;45.00;0.39;4.94;14.02;1.39;0.18;2.58;76922.00;93.00;93.00;48.00;4242.60;1010.56;19.53;6.00;1;0;1;0;0;1;0;0;0;0;0;1;1;0;0;0;0;0
2278962;0.63;1.00;81.00;3388.00;15.75;82.50;-30.00;0;0;14.11;0;0;2.58;76922.00;82.00;80.00;48.00;4496.60;1010.91;0;6.00;1;0;1;0;0;1;0;0;0;0;0;1;1;0;0;0;0;0
2280433;1.78;1.00;75.00;3115.00;15.75;82.50;12.00;3.53;8.69;14.11;4.77;1.00;2.58;76922.00;75.00;74.00;48.00;4228.40;1011.11;878.90;6.00;1;0;1;0;0;1;0;0;0;0;0;1;1;0;0;0;0;0
2281866;3.37;0.95;77.00;3297.00;15.75;82.50;30.75;13.73;27.49;14.11;2.13;0;2.58;76922.00;77.00;77.00;48.00;4512.80;1011.22;175.78;6.00;1;0;1;0;0;1;0;0;0;0;0;1;1;0;0;0;0;0
2283432;3.80;1.00;82.00;3510.00;15.75;82.50;29.25;16.47;29.36;14.02;0;1.46;2.58;76922.00;81.00;82.00;48.00;4515.60;1011.26;253.90;6.00;1;0;1;0;0;1;0;0;0;0;0;1;1;0;0;0;0;0
2284797;3.57;0.98;86.00;3657.00;15.75;82.50;32.25;15.30;28.06;14.11;0.23;0;2.58;76922.00;86.00;86.00;48.00;4523.40;1011.30;195.31;6.00;1;0;1;0;0;1;0;0;0;0;0;1;1;0;0;0;0;0
2286270;2.93;0.95;90.00;3785.00;15.75;82.50;36.00;11.37;24.89;14.21;0.51;0.64;2.58;76922.00;89.00;90.00;48.00;4495.60;1011.30;878.90;6.00;1;0;1;0;0;1;0;0;0;0;0;1;1;0;0;0;0;0
2287543;1.16;1.00;88.00;3791.00;15.75;82.50;43.50;3.14;9.52;14.11;0.33;0.96;2.58;76922.00;89.00;89.00;48.00;4497.00;1011.30;917.96;6.00;1;0;1;0;0;1;0;0;0;0;0;1;1;0;0;0;0;0
2288891;1.10;1.00;83.00;3611.00;15.75;82.50;37.50;1.96;7.37;14.11;0.33;3.87;2.58;76922.00;84.00;84.00;48.00;4281.20;1011.30;878.90;6.00;1;0;1;0;0;1;0;0;0;0;0;1;1;0;0;0;0;0
2290287;0.62;1.00;81.00;3424.00;15.75;82.50;-30.00;0;0;14.11;0;2.38;2.58;76922.00;81.00;81.00;48.00;4495.60;1011.30;0;6.00;1;0;1;0;0;1;0;0;0;0;0;1;1;0;0;0;0;0
2291623;0.66;1.00;75.00;3190.00;15.75;82.50;-30.00;0;0;14.11;0.29;0.18;2.58;76922.00;75.00;75.00;48.00;4452.40;1011.30;0;6.00;1;0;1;0;0;1;0;0;0;0;0;1;1;0;0;0;0;0
2293012;0.68;1.00;70.00;3196.00;15.75;82.50;-30.00;0;0;14.11;1.45;2.71;2.58;76922.00;70.00;70.00;48.00;4218.80;1011.30;0;5.00;1;0;1;0;0;1;0;0;0;0;0;1;1;0;0;0;0;0
2294402;0.74;1.00;66.00;3445.00;16.50;83.25;39.00;0.78;5.76;14.11;2.48;3.95;2.58;76922.00;66.00;66.00;47.00;4358.20;1011.30;859.36;4.00;1;0;1;0;0;1;0;0;0;0;0;1;1;0;0;0;0;0
2295884;1.02;0.97;62.00;3246.00;16.50;83.25;37.50;1.96;8.77;14.21;139.03;153.84;2.58;76922.00;63.00;63.00;47.00;4494.60;1011.30;878.90;4.00;1;0;1;0;0;1;0;0;0;0;0;1;1;0;0;0;0;0
2297368;1.99;0.91;62.00;3246.00;16.50;83.25;37.50;5.88;17.66;14.11;293.16;311.97;2.58;76922.00;61.00;62.00;47.00;4507.60;1011.30;820.30;4.00;1;0;1;0;0;1;0;0;0;0;0;1;1;0;0;0;0;0
2298715;3.35;0.92;66.00;3512.00;16.50;83.25;31.50;14.51;27.26;14.11;349.53;315.14;2.58;76922.00;65.00;67.00;47.00;4518.00;1011.30;761.71;4.00;1;0;1;0;0;1;0;0;0;0;0;1;1;0;0;0;0;0
2300140;3.18;0.96;72.00;3763.00;16.50;83.25;35.25;12.55;25.77;14.11;313.07;327.01;2.58;76922.00;73.00;73.00;47.00;4502.20;1011.30;878.90;4.00;1;0;1;0;0;1;0;0;0;0;0;1;1;0;0;0;0;0
2301565;2.75;1.00;73.00;3808.00;16.50;83.25;39.75;8.24;20.98;14.11;293.52;216.12;2.58;76922.00;72.00;74.00;47.00;4525.40;1011.30;878.90;4.00;1;0;1;0;0;1;0;0;0;0;0;1;1;0;0;0;0;0
2302965;2.26;0.99;75.00;3854.00;16.50;82.50;42.75;6.28;17.23;14.11;38.18;24.33;2.58;76922.00;75.00;75.00;48.00;4492.00;1011.30;878.90;4.00;1;0;1;0;0;1;0;0;0;0;0;1;1;0;0;0;0;0
2304377;1.64;0.87;73.00;3843.00;16.50;82.50;44.25;5.49;15.20;14.11;5.80;5.82;2.58;76922.00;74.00;74.00;48.00;4497.00;1011.30;898.43;4.00;1;0;1;0;0;1;0;0;0;0;0;1;1;0;0;0;0;0
2305884;3.36;1.00;77.00;3573.00;16.50;82.50;19.50;10.20;20.79;14.11;1.89;1.43;2.58;76922.00;77.00;77.00;48.00;4253.60;1011.30;878.90;5.00;1;0;1;0;0;1;0;0;0;0;0;1;1;0;0;0;0;0
2307338;2.10;0.85;80.00;3671.00;16.50;82.50;39.00;7.45;20.09;14.02;4.24;0;2.58;76922.00;79.00;80.00;48.00;4487.00;1011.30;722.65;5.00;1;0;1;0;0;1;0;0;0;0;0;1;1;0;0;0;0;0
2308662;1.50;0.84;78.00;3629.00;16.50;82.50;41.25;4.71;14.34;14.11;0.27;2.32;2.58;76922.00;79.00;79.00;48.00;4508.80;1011.30;683.59;5.00;1;0;1;0;0;1;0;0;0;0;0;1;1;0;0;0;0;0
2310061;1.17;0.84;76.00;3558.00;16.50;82.50;40.50;3.53;11.14;14.11;0;0.10;2.58;76922.00;77.00;77.00;48.00;4525.00;1011.30;195.31;5.00;1;0;1;0;0;1;0;0;0;0;0;1;1;0;0;0;0;0
2311458;1.65;0.85;75.00;3437.00;16.50;82.50;39.00;5.10;15.54;14.11;0.72;0.47;2.58;76922.00;75.00;75.00;48.00;4497.00;1011.30;97.66;5.00;1;0;1;0;0;1;0;0;0;0;0;1;1;0;0;0;0;0
2312866;3.21;0.93;77.00;3586.00;16.50;82.50;32.25;13.73;26.70;14.11;0.86;0;2.58;76922.00;77.00;78.00;48.00;4527.80;1011.30;820.30;5.00;1;0;1;0;0;1;0;0;0;0;0;1;1;0;0;0;0;0
2314327;2.60;0.91;81.00;3745.00;16.50;82.50;37.50;9.41;22.60;14.02;1.76;0;2.58;76923.00;80.00;81.00;48.00;4504.40;1011.30;878.90;5.00;1;0;1;0;0;1;0;0;0;0;0;1;1;0;0;0;0;0
2315659;1.72;0.88;81.00;3755.00;16.50;82.50;42.00;5.49;15.62;14.11;0.76;1.80;2.58;76923.00;81.00;81.00;48.00;4511.00;1011.30;781.24;5.00;1;0;1;0;0;1;0;0;0;0;0;1;1;0;0;0;0;0
2317029;3.21;0.94;82.00;3772.00;16.50;82.50;34.50;13.73;26.49;14.11;0.53;2.09;2.58;76923.00;81.00;82.00;48.00;4528.40;1011.30;878.90;5.00;1;0;1;0;0;1;0;0;0;0;0;1;1;0;0;0;0;0
2318450;2.03;0.98;82.00;3498.00;16.50;83.25;36.75;5.49;15.88;14.02;10.60;17.89;2.58;76923.00;83.00;83.00;47.00;4342.00;1011.30;898.43;6.00;1;0;1;0;0;1;0;0;0;0;0;1;1;0;0;0;0;0
2319966;3.17;0.94;85.00;3633.00;16.50;83.25;33.75;12.94;26.20;14.11;155.71;159.81;2.58;76923.00;85.00;86.00;47.00;4544.40;1011.30;781.24;6.00;1;0;1;0;0;1;0;0;0;0;0;1;1;0;0;0;0;0
2321465;1.37;1.00;86.00;3673.00;16.50;83.25;42.00;3.53;11.16;14.11;283.83;322.01;2.58;76923.00;87.00;86.00;47.00;4502.20;1011.30;898.43;6.00;1;0;1;0;0;1;0;0;0;0;0;1;1;0;0;0;0;0
2322862;2.19;0.91;86.00;3630.00;16.50;83.25;39.75;7.06;19.21;14.02;338.81;337.77;2.58;76923.00;86.00;85.00;47.00;4509.20;1011.30;703.12;6.00;1;0;1;0;0;1;0;0;0;0;0;1;1;0;0;0;0;0
2324278;2.46;0.91;86.00;3649.00;16.50;83.25;39.00;8.63;21.36;14.02;310.82;339.82;2.58;76923.00;86.00;86.00;47.00;4505.20;1011.30;820.30;6.00;1;0;1;0;0;1;0;0;0;0;0;1;1;0;0;0;0;0
2325687;2.01;0.89;87.00;3740.00;16.50;83.25;42.00;6.28;17.96;14.11;295.27;290.61;2.58;76923.00;87.00;88.00;47.00;4507.80;1011.30;703.12;6.00;1;0;1;0;0;1;0;0;0;0;0;1;1;0;0;0;0;0
2327235;1.48;0.81;87.00;3676.00;16.50;83.25;42.00;5.10;14.64;14.11;350.88;352.18;2.58;76923.00;87.00;87.00;47.00;4492.80;1011.30;78.12;6.00;1;0;1;0;0;1;0;0;0;0;0;1;1;0;0;0;0;0
2328553;3.03;0.95;88.00;3742.00;16.50;83.25;35.25;11.37;25.14;14.11;349.41;335.25;2.58;76923.00;88.00;89.00;47.00;4521.80;1011.30;624.99;6.00;1;0;1;0;0;1;0;0;0;0;0;1;1;0;0;0;0;0
2330053;3.34;0.93;92.00;3911.00;16.50;83.25;34.50;15.30;27.49;14.02;244.07;291.23;2.58;76923.00;91.00;92.00;47.00;4540.00;1011.30;800.77;6.00;1;0;1;0;0;1;0;0;0;0;0;1;1;0;0;0;0;0
2331431;4.53;0.93;96.00;4102.00;16.50;83.25;27.75;22.75;36.53;14.11;271.53;114.76;2.58;76923.00;95.00;96.00;47.00;4589.40;1011.30;703.12;6.00;1;0;1;0;0;1;0;0;0;0;0;1;1;0;0;0;0;0
2332836;4.52;0.98;100.00;4257.00;16.50;83.25;29.25;21.57;34.39;14.11;346.66;319.45;2.58;76923.00;99.00;100.00;47.00;4525.60;1011.30;234.37;6.00;1;0;1;0;0;1;0;0;0;0;0;1;1;0;0;0;0;0
2334293;5.13;1.02;105.00;4436.00;16.50;83.25;26.25;26.67;38.02;14.02;346.66;349.96;2.58;76923.00;103.00;105.00;47.00;4526.80;1011.07;136.72;6.00;1;0;1;0;0;1;0;0;0;0;0;1;1;0;0;0;0;0
2335694;4.85;1.06;108.00;4628.00;16.50;83.25;30.00;25.10;34.83;14.11;328.94;341.19;2.58;76923.00;108.00;109.00;47.00;4499.80;1011.03;761.71;6.00;0;0;1;0;0;1;0;0;0;0;0;1;1;0;0;0;0;0
2337103;3.70;1.01;111.00;4718.00;16.50;83.25;36.75;17.65;27.69;14.02;156.87;316.48;2.58;76923.00;109.00;112.00;47.00;4497.00;1011.11;800.77;6.00;1;0;1;0;0;1;0;0;0;0;0;1;1;0;0;0;0;0
2338482;3.27;1.01;112.00;4767.00;16.50;83.25;39.75;14.51;24.89;14.11;274.98;340.31;2.58;76923.00;111.00;112.00;47.00;4494.00;1010.95;410.15;6.00;1;0;1;0;0;1;0;0;0;0;0;1;1;0;0;0;0;0
2339889;2.90;0.95;111.00;4697.00;16.50;82.50;41.25;11.77;23.36;14.02;21.07;30.53;2.58;76923.00;110.00;111.00;48.00;4511.60;1010.91;742.18;6.00;1;0;1;0;0;1;0;0;0;0;0;1;1;0;0;0;0;0
2341435;2.80;0.96;110.00;4641.00;16.50;82.50;42.00;10.98;22.45;14.02;0.76;1.23;2.58;76923.00;109.00;110.00;48.00;4509.40;1010.76;117.19;6.00;1;0;1;0;0;1;0;0;0;0;0;1;1;0;0;0;0;0
2342839;2.64;0.94;107.00;4566.00;16.50;82.50;42.75;10.20;21.71;14.02;0;0;2.58;76923.00;107.00;108.00;48.00;4496.80;1010.68;820.30;6.00;1;0;1;0;0;1;0;0;0;0;0;1;1;0;0;0;0;0
2344303;2.61;0.98;106.00;4507.00;15.75;82.50;43.50;9.02;20.72;14.11;0.27;0;2.58;76923.00;105.00;106.00;48.00;4494.60;1010.64;527.34;6.00;1;0;1;0;0;1;0;0;0;0;0;1;1;0;0;0;0;0
2345632;2.78;0.96;105.00;4457.00;15.75;82.50;42.00;10.59;22.35;14.02;0.49;0.84;2.58;76923.00;104.00;105.00;48.00;4511.40;1010.60;97.66;6.00;1;0;1;0;0;1;0;0;0;0;0;1;1;0;0;0;0;0
2346933;3.70;1.01;105.00;4445.00;15.75;82.50;36.00;16.47;28.24;14.11;0.06;1.41;2.58;76923.00;104.00;105.00;48.00;4532.60;1010.56;839.83;6.00;1;0;1;0;0;1;0;0;0;0;0;1;1;0;0;0;0;0
2348304;3.39;1.01;106.00;4482.00;15.75;81.75;38.25;14.12;25.74;13.92;1.66;0;2.82;76923.00;105.00;106.00;48.00;4512.00;1010.52;195.31;6.00;0;0;1;0;0;1;0;0;0;0;0;1;1;0;0;0;0;0
2349698;3.05;0.96;106.00;4490.00;15.75;81.75;39.75;12.16;24.33;14.11;0;0;2.58;76923.00;105.00;106.00;48.00;4514.20;1010.56;97.66;6.00;1;0;1;0;0;1;0;0;0;0;0;1;1;0;0;0;0;0
2351120;3.31;1.00;106.00;4504.00;15.75;81.75;38.25;13.73;25.52;14.11;1.70;2.70;2.58;76924.00;105.00;106.00;48.00;4500.60;1010.56;781.24;6.00;1;0;1;0;0;1;0;0;0;0;0;1;1;0;0;0;0;0
2352508;3.84;1.06;106.00;4510.00;15.75;81.75;36.00;16.08;27.79;14.02;0.16;0;2.58;76924.00;106.00;107.00;48.00;4527.00;1010.68;761.71;6.00;1;0;1;0;0;1;0;0;0;0;0;1;1;0;0;0;0;0
2353916;4.44;1.07;107.00;4560.00;15.75;81.75;33.75;20.39;31.44;14.11;0;0;2.58;76924.00;106.00;108.00;48.00;4531.20;1010.64;800.77;6.00;1;0;1;0;0;1;0;0;0;0;0;1;1;0;0;0;0;0
2355265;3.79;1.06;108.00;4618.00;15.75;81.75;37.50;16.47;27.15;14.02;0.12;0;2.58;76924.00;108.00;109.00;48.00;4496.20;1010.56;253.90;6.00;1;0;1;0;0;1;0;0;0;0;0;1;1;0;0;0;0;0
2356590;3.22;1.00;110.00;4660.00;15.75;81.75;39.75;13.73;25.05;14.02;0;1.97;2.58;76924.00;109.00;110.00;48.00;4501.00;1010.68;175.78;6.00;1;0;1;0;0;1;0;0;0;0;0;1;1;0;0;0;0;0
2357996;3.46;1.02;111.00;4688.00;15.75;81.75;38.25;16.08;26.49;14.11;3.73;1.27;2.58;76924.00;109.00;111.00;48.00;4518.60;1010.64;546.87;6.00;1;0;1;0;0;1;0;0;0;0;0;1;1;0;0;0;0;0
2359421;3.57;1.07;111.00;4693.00;15.75;81.75;39.00;14.90;25.67;14.02;0;0;2.58;76924.00;109.00;111.00;48.00;4520.00;1010.64;761.71;6.00;1;0;1;0;0;1;0;0;0;0;0;1;1;0;0;0;0;0
2360869;3.19;1.03;110.00;4643.00;15.75;81.75;41.25;12.16;23.79;14.11;1.72;0.61;2.58;76924.00;108.00;110.00;48.00;4531.00;1010.64;97.66;6.00;1;0;1;0;0;1;0;0;0;0;0;1;1;0;0;0;0;0
2362335;4.17;1.04;110.00;4644.00;15.75;81.75;34.50;20.00;30.12;14.02;0.39;1.19;2.58;76924.00;109.00;110.00;48.00;4517.40;1010.64;820.30;6.00;1;0;1;0;0;1;0;0;0;0;0;1;1;0;0;0;0;0
2363676;3.64;1.03;111.00;4675.00;15.75;81.75;37.50;16.47;27.02;14.02;1.11;0.29;2.58;76924.00;110.00;111.00;48.00;4508.00;1010.72;800.77;6.00;1;0;1;0;0;1;0;0;0;0;0;1;1;0;0;0;0;0
2365033;3.07;1.03;110.00;4681.00;15.75;81.75;42.00;11.37;22.94;14.02;0;0;2.58;76924.00;109.00;110.00;48.00;4503.20;1010.68;624.99;6.00;1;0;1;0;0;1;0;0;0;0;0;1;1;0;0;0;0;0
2366456;2.54;0.94;108.00;4573.00;15.75;81.75;43.50;9.81;21.15;14.02;0.61;0;2.58;76924.00;108.00;109.00;48.00;4502.80;1010.60;800.77;6.00;1;0;1;0;0;1;0;0;0;0;0;1;1;0;0;0;0;0
2367858;2.78;1.00;106.00;4525.00;15.75;81.75;42.75;9.81;21.77;14.02;0;0.82;2.58;76924.00;106.00;107.00;48.00;4492.40;1010.64;800.77;6.00;1;0;1;0;0;1;0;0;0;0;0;1;1;0;0;0;0;0
2369203;3.19;1.02;106.00;4485.00;15.75;81.75;39.75;12.16;24.23;14.02;1.70;2.71;2.58;76924.00;105.00;106.00;48.00;4520.80;1010.48;742.18;6.00;1;0;1;0;0;1;0;0;0;0;0;1;1;0;0;0;0;0
2370523;3.41;1.03;105.00;4460.00;15.75;81.75;38.25;13.73;25.60;14.02;0.70;1.70;2.58;76924.00;104.00;105.00;48.00;4534.80;1010.60;703.12;6.00;1;0;1;0;0;1;0;0;0;0;0;1;1;0;0;0;0;0
2371939;2.73;0.95;105.00;4434.00;15.75;81.75;42.00;10.20;22.31;14.02;0;0.35;2.58;76924.00;105.00;104.00;48.00;4503.40;1010.60;800.77;6.00;1;0;1;0;0;1;0;0;0;0;0;1;1;0;0;0;0;0
2373287;1.89;0.99;103.00;4345.00;15.75;81.75;46.50;6.28;15.01;14.11;0;1.89;2.58;76924.00;102.00;103.00;48.00;4459.60;1010.60;898.43;6.00;1;0;1;0;0;1;0;0;0;0;0;1;1;0;0;0;0;0
2374558;3.06;1.00;101.00;4222.00;15.75;81.75;41.25;10.98;22.21;14.11;0.53;2.64;2.58;76924.00;101.00;101.00;48.00;4587.60;1010.68;800.77;6.00;1;0;1;0;0;1;0;0;0;0;0;1;1;0;0;0;0;0
2376107;3.06;0.94;100.00;4254.00;15.75;81.75;38.25;12.16;25.14;14.02;1.43;0.82;2.58;76924.00;99.00;100.00;48.00;4541.80;1010.72;683.59;6.00;1;0;1;0;0;1;0;0;0;0;0;1;1;0;0;0;0;0
2377532;2.98;0.94;101.00;4253.00;16.50;81.75;39.00;11.77;24.78;13.92;0;0.33;2.82;76924.00;100.00;101.00;48.00;4493.00;1010.68;859.36;6.00;1;0;1;0;0;1;0;0;0;0;0;1;1;0;0;0;0;0
2378914;2.23;0.86;98.00;4178.00;16.50;81.75;42.75;8.63;20.49;14.02;0.12;0.20;2.58;76924.00;99.00;99.00;48.00;4498.80;1010.48;566.40;6.00;1;0;1;0;0;1;0;0;0;0;0;1;1;0;0;0;0;0
2380327;2.26;0.98;96.00;4080.00;16.50;81.75;44.25;7.06;18.24;14.02;1.07;2.36;2.58;76924.00;96.00;96.00;48.00;4469.60;1010.64;878.90;6.00;1;0;1;0;0;1;0;0;0;0;0;1;1;0;0;0;0;0
2381725;3.25;0.97;95.00;4039.00;16.50;81.75;36.75;12.55;25.80;14.11;0.27;0.76;2.58;76924.00;95.00;95.00;48.00;4537.00;1010.76;781.24;6.00;1;0;1;0;0;1;0;0;0;0;0;1;1;0;0;0;0;0
2383115;2.40;0.90;93.00;3972.00;16.50;81.75;40.50;8.63;21.11;14.11;0;0.62;2.58;76924.00;93.00;94.00;48.00;4496.20;1010.44;605.46;6.00;1;0;1;0;0;1;0;0;0;0;0;1;1;0;0;0;0;0
2384542;2.63;0.96;92.00;3920.00;16.50;81.75;40.50;9.02;21.58;14.11;0.49;1.00;2.58;76924.00;92.00;92.00;48.00;4498.60;1010.21;839.83;6.00;1;0;1;0;0;1;0;0;0;0;0;1;1;0;0;0;0;0
2385993;2.32;0.90;91.00;3863.00;15.75;81.75;40.50;7.84;20.37;14.11;1.76;1.15;2.58;76925.00;90.00;91.00;48.00;4517.60;1010.13;800.77;6.00;1;0;1;0;0;1;0;0;0;0;0;1;1;0;0;0;0;0
2387465;0.54;0.96;87.00;3794.00;16.50;81.75;42.75;0.39;5.15;14.11;0.29;1.50;2.58;76925.00;88.00;88.00;48.00;4533.60;1010.09;839.83;6.00;1;0;1;0;0;1;0;0;0;0;0;1;1;0;0;0;0;0
2388875;0.61;1.00;82.00;3420.00;16.50;81.75;-30.00;0;0;14.11;0;0;2.58;76925.00;82.00;81.00;48.00;4601.00;1010.09;0;6.00;1;0;1;0;0;1;0;0;0;0;0;1;1;0;0;0;0;0
2390309;0.75;1.00;68.00;2913.00;16.50;82.50;-30.00;0;0;14.11;0;0;2.58;76925.00;69.00;69.00;48.00;4549.80;1010.09;0;6.00;1;0;1;0;0;1;0;0;0;0;0;1;1;0;0;0;0;0
2391557;1.06;1.00;58.00;2146.00;16.50;82.50;10.50;0;12.31;14.30;2.21;3.24;2.58;76925.00;59.00;59.00;63.00;4290.20;1010.09;19.53;6.00;1;0;1;0;0;1;0;0;1;0;0;1;1;0;0;0;0;0
2393020;0.86;1.00;51.00;2373.00;16.50;82.50;15.00;0;12.21;14.11;47.46;15.16;2.58;76925.00;51.00;51.00;40.00;4510.00;1010.25;58.59;5.00;1;0;1;0;0;1;0;0;1;0;0;1;1;0;0;0;0;0
2394552;0.98;1.00;42.00;2200.00;16.50;82.50;14.25;0;12.19;14.21;35.80;26.44;2.58;76925.00;42.00;42.00;40.00;4517.00;1010.21;781.24;4.00;1;0;1;0;0;1;0;0;1;0;0;1;1;0;0;0;0;0
2395976;1.26;0.99;32.00;1521.00;16.50;82.50;14.25;0;12.39;14.30;21.87;38.45;2.58;76925.00;32.00;32.00;39.00;4505.20;1010.68;878.90;3.00;1;0;1;0;0;1;0;0;1;0;0;1;1;0;0;0;0;0
2397439;1.30;0.97;21.00;1363.00;16.50;82.50;15.00;0;12.10;14.39;49.12;103.57;2.31;76925.00;22.00;22.00;38.00;4495.60;1010.95;898.43;3.00;1;0;1;0;0;1;0;0;1;0;0;1;1;0;0;0;0;0
2398824;1.35;0.92;16.00;1271.00;16.50;82.50;14.25;0;12.17;14.11;83.28;203.83;2.58;76925.00;17.00;16.00;38.00;4503.80;1011.15;742.18;3.00;1;0;1;0;0;1;0;0;1;0;0;1;1;0;0;0;0;0
2400184;1.34;0.89;12.00;1242.00;16.50;82.50;17.25;0;12.67;14.11;109.45;164.77;2.58;76925.00;13.00;13.00;39.00;4505.20;1011.26;39.06;2.00;1;0;1;0;0;1;0;0;1;0;0;1;1;0;0;1;0;0
2401608;1.28;0.93;8.00;1246.00;16.50;83.25;15.00;0;12.28;14.11;107.06;162.82;2.58;76925.00;9.00;9.00;38.00;4500.60;1011.30;39.06;1;1;0;1;0;0;1;0;0;1;0;0;1;1;0;0;0;0;0
2403031;1.34;0.95;6.00;1255.00;16.50;83.25;15.00;0;12.17;14.11;139.76;138.31;2.58;76925.00;6.00;6.00;38.00;4509.20;1011.30;781.24;1;1;0;1;0;0;1;0;0;1;0;0;1;1;0;0;0;0;0
2404461;1.35;0.92;5.00;1226.00;16.50;83.25;17.25;0;12.60;13.64;172.18;205.03;2.82;76925.00;5.00;5.00;39.00;4523.80;1011.30;97.66;1;1;0;1;0;0;1;0;0;1;0;0;1;1;0;0;1;0;0
2405886;1.41;0.95;0;1237.00;16.50;84.00;15.00;0;12.13;13.45;131.61;193.15;3.07;76925.00;0;0;37.00;4499.40;1011.30;761.71;1;1;0;1;0;0;1;0;0;1;0;0;1;1;0;0;0;0;0
2407395;1.33;0.94;0;1242.00;16.50;84.00;16.50;0;12.35;13.07;77.07;87.57;3.24;76925.00;0;0;38.00;4507.60;1011.30;58.59;1;1;0;1;0;0;1;0;0;1;0;0;1;1;0;0;0;0;0
2408759;1.35;0.98;0;1212.00;16.50;84.00;18.00;0;12.69;13.26;142.53;129.46;3.07;76925.00;0;0;38.00;4505.20;1011.30;39.06;1;1;0;1;0;0;1;0;0;1;0;0;1;1;0;0;0;0;0
2410214;2.87;0.98;0;2668.00;16.50;84.75;29.25;7.45;23.04;14.21;192.43;147.96;2.58;76925.00;0;0;46.00;4526.80;1011.30;507.81;1;1;0;1;0;0;1;0;0;1;0;0;1;1;0;0;0;0;0
2411569;3.18;0.97;18.00;2093.00;16.50;84.75;18.75;7.06;24.91;14.30;276.58;165.28;2.58;76925.00;19.00;19.00;46.00;4478.20;1011.30;820.30;1;1;0;1;0;0;1;0;0;1;0;0;1;1;0;0;0;0;0
2413050;2.87;0.91;30.00;3321.00;16.50;84.75;34.50;9.41;24.74;14.11;239.93;151.61;2.58;76925.00;30.00;30.00;46.00;4522.60;1011.30;58.59;1;1;0;1;0;0;1;0;0;1;0;0;1;1;0;0;0;0;0
2414462;5.13;1.00;43.00;4846.00;16.50;84.75;29.25;28.63;37.26;14.02;342.09;286.51;2.58;76925.00;43.00;44.00;46.00;4453.40;1011.46;917.96;1;1;0;1;0;0;1;0;0;1;0;0;1;1;0;0;0;0;0
2415823;4.78;0.92;55.00;4241.00;16.50;84.00;26.25;24.32;38.55;14.11;240.24;344.49;2.58;76925.00;54.00;55.00;47.00;4587.40;1011.38;39.06;2.00;1;0;1;0;0;1;0;0;1;0;0;1;1;0;0;0;0;0
2417206;4.30;1.00;63.00;3905.00;16.50;83.25;32.25;17.65;31.45;14.11;252.52;346.89;2.58;76925.00;63.00;64.00;47.00;4447.80;1011.30;898.43;3.00;1;0;1;0;0;1;0;0;1;0;0;1;1;0;0;0;0;0
2418518;2.90;1.00;70.00;4284.00;16.50;82.50;39.75;11.37;27.51;14.02;104.66;145.23;2.58;76925.00;69.00;70.00;48.00;4439.20;1011.30;878.90;3.00;1;0;1;0;0;1;0;0;0;0;0;1;1;0;0;0;0;0
2419948;0.59;1.00;60.00;3686.00;16.50;82.50;-30.00;0;0;14.02;8.67;12.17;2.58;76925.00;60.00;60.00;48.00;4406.60;1011.03;0;3.00;1;0;1;0;0;1;0;0;0;0;0;1;1;0;0;0;0;0
2421371;0.66;1.00;52.00;3183.00;16.50;81.75;-30.00;0;0;14.02;2.87;2.64;2.58;76925.00;52.00;52.00;48.00;4385.00;1010.64;0;3.00;1;0;1;0;0;1;0;0;1;0;0;1;1;0;0;0;0;0
2422679;0.77;1.00;45.00;2728.00;16.50;81.75;-30.00;0;0;14.11;0.31;0.27;2.58;76925.00;45.00;45.00;48.00;4385.00;1010.33;0;3.00;1;0;1;0;0;1;0;0;1;0;0;1;1;0;0;0;0;0
2424013;1.13;1.00;40.00;2415.00;16.50;81.75;24.00;0.39;8.41;14.11;0;0.59;2.58;76925.00;40.00;39.00;48.00;4431.40;1010.25;898.43;3.00;1;0;1;0;0;1;0;0;1;0;0;1;1;0;0;0;0;0
2425446;1.42;0.97;35.00;2189.00;16.50;81.75;20.25;1.57;11.12;14.11;0;0;2.58;76925.00;35.00;35.00;48.00;4476.00;1010.13;859.36;3.00;1;0;1;0;0;1;0;0;1;0;0;1;1;0;0;0;0;0
2426813;1.08;0.97;30.00;2325.00;16.50;81.75;23.25;0.39;12.87;14.11;4.98;0.68;2.58;76925.00;30.00;30.00;48.00;4522.40;1010.13;878.90;2.00;1;0;1;0;0;1;0;0;1;0;0;1;1;0;0;0;0;0
2428231;1.34;0.98;25.00;1339.00;16.50;81.75;13.50;0;12.09;14.39;38.01;18.18;2.31;76925.00;25.00;26.00;39.00;4507.80;1010.09;859.36;2.00;1;0;1;0;0;1;0;0;1;0;0;1;1;0;0;0;0;0
2429635;1.22;0.97;21.00;1782.00;16.50;81.75;12.75;0;12.53;14.21;50.72;9.71;2.58;76925.00;22.00;21.00;39.00;4516.80;1010.09;859.36;2.00;1;0;1;0;0;1;0;0;1;0;0;1;1;0;0;0;0;0
2431036;0.52;1.00;17.00;2686.00;16.50;82.50;15.00;0;12.54;14.02;144.07;86.93;2.58;76925.00;18.00;18.00;48.00;4450.20;1010.09;878.90;1;1;0;1;0;0;1;0;0;1;0;0;1;1;0;0;0;0;0
2432553;7.20;0.98;42.00;4740.00;16.50;82.50;17.25;54.91;50.69;14.11;17.67;7.77;2.58;76925.00;41.00;43.00;48.00;4629.40;1010.09;820.30;1;1;0;1;0;0;1;0;0;1;0;0;1;1;0;0;0;0;0
2434034;7.56;0.98;65.00;5092.00;16.50;82.50;18.00;96.48;52.14;13.92;0.82;2.44;2.82;76925.00;64.00;66.00;48.00;4465.20;1010.25;898.43;2.00;1;0;1;0;0;1;0;0;1;0;0;1;1;0;0;0;0;0
2435455;0.03;1.00;83.00;5926.00;15.75;82.50;45.75;0;4.02;14.11;0;0.96;2.58;76925.00;82.00;83.00;48.00;4527.20;1010.17;859.36;3.00;1;0;1;0;0;1;0;0;1;0;0;1;1;0;0;0;0;0
2436740;8.37;1.06;95.00;5855.00;15.75;81.75;16.50;88.25;50.90;13.92;0.78;0.16;2.82;76925.00;93.00;95.00;48.00;4522.60;1009.82;19.53;3.00;1;0;1;0;0;1;0;0;0;0;0;1;1;0;0;0;0;0
2438098;4.65;1.00;98.00;5111.00;15.75;81.75;30.00;30.59;35.76;13.92;0;0.92;2.82;76925.00;98.00;99.00;48.00;4526.80;1009.43;117.19;4.00;1;0;1;0;0;1;0;0;0;0;0;1;1;0;0;0;0;0
2439591;2.38;0.97;96.00;5003.00;15.75;81.75;46.50;9.41;19.18;14.02;1.35;1.76;2.58;76925.00;96.00;97.00;48.00;4487.40;1009.08;761.71;4.00;1;0;1;0;0;1;0;0;0;0;0;1;1;0;0;0;0;0
2441005;7.30;1.08;102.00;5270.00;15.75;81.75;20.25;51.77;46.33;14.02;0.39;0.66;2.58;76925.00;99.00;102.00;48.00;4513.40;1008.53;781.24;4.00;1;0;1;0;0;1;0;0;0;0;0;1;1;0;0;0;0;0
2442539;7.07;1.00;106.00;4902.00;15.75;81.75;18.00;51.38;47.48;14.02;3.79;0;2.58;76925.00;104.00;106.00;48.00;4547.00;1007.94;664.05;5.00;1;0;1;0;0;1;0;0;0;0;0;1;1;0;0;0;0;0
2443884;4.61;1.03;110.00;5063.00;15.75;81.75;32.25;27.45;33.77;14.02;0;0.68;2.58;76925.00;108.00;110.00;48.00;4507.20;1007.28;839.83;5.00;1;0;1;0;0;1;0;0;0;0;0;1;1;0;0;0;0;0
2445238;6.09;1.00;111.00;5084.00;15.75;81.75;24.00;38.83;41.54;14.02;0.04;1.02;2.58;76925.00;109.00;111.00;48.00;4532.20;1006.93;742.18;5.00;1;0;1;0;0;1;0;0;0;0;0;1;1;0;0;0;0;0
2446664;5.33;1.07;112.00;5190.00;15.75;81.75;29.25;32.55;37.02;14.02;0;0;2.58;76925.00;112.00;113.00;48.00;4472.40;1006.58;214.84;5.00;1;0;1;0;0;1;0;0;0;0;0;1;1;0;0;0;0;0
2448068;5.82;1.06;115.00;5277.00;15.75;81.75;27.00;36.87;39.48;14.11;0.08;1.15;2.58;76925.00;113.00;115.00;48.00;4504.40;1006.15;742.18;5.00;1;0;1;0;0;1;0;0;0;0;0;1;1;0;0;0;0;0
2449486;0;1.00;116.00;5425.00;15.75;81.75;49.50;0;8.55;14.11;0;0.47;2.58;76925.00;116.00;116.00;48.00;4439.20;1005.72;136.72;5.00;1;0;1;0;0;1;0;0;0;0;0;1;1;0;0;0;0;0
2450815;4.79;1.00;113.00;4841.00;15.75;81.75;28.50;29.81;37.16;14.02;0.08;1.97;2.58;76925.00;113.00;114.00;48.00;4511.80;1005.44;39.06;6.00;1;0;1;0;0;1;0;0;0;0;0;1;1;0;0;0;0;0
2452218;3.26;0.97;111.00;4693.00;15.75;81.75;39.00;15.30;25.78;14.02;0;1.80;2.58;76926.00;111.00;111.00;48.00;4510.60;1004.86;683.59;6.00;1;0;1;0;0;1;0;0;0;0;0;1;1;0;0;0;0;0
2453723;4.42;1.10;108.00;4587.00;15.75;82.50;34.50;20.00;30.45;14.02;0;0;2.58;76926.00;107.00;108.00;48.00;4509.60;1004.54;722.65;6.00;1;0;1;0;0;1;0;0;0;0;0;1;1;0;0;0;0;0
2455127;3.88;1.05;106.00;4524.00;15.75;82.50;35.25;17.65;28.80;14.02;1.89;1.97;2.58;76926.00;105.00;106.00;48.00;4502.60;1004.27;761.71;6.00;1;0;1;0;0;1;0;0;0;0;0;1;1;0;0;0;0;0
2456531;3.94;1.02;105.00;4428.00;15.75;82.50;34.50;18.04;29.50;14.11;2.29;0.25;2.58;76926.00;103.00;105.00;48.00;4507.40;1003.88;781.24;6.00;1;0;1;0;0;1;0;0;0;0;0;1;1;0;0;0;0;0
2457888;5.27;1.02;103.00;4355.00;15.75;82.50;26.25;26.28;37.85;13.92;0.18;0.66;2.82;76926.00;101.00;103.00;48.00;4536.60;1003.49;761.71;6.00;1;0;1;0;0;1;0;0;0;0;0;1;1;0;0;0;0;0
2459296;5.10;1.04;103.00;4384.00;15.75;82.50;27.75;25.10;36.68;14.11;0;0.27;2.58;76926.00;102.00;103.00;48.00;4512.80;1003.29;742.18;6.00;1;0;1;0;0;1;0;0;0;0;0;1;1;0;0;0;0;0
2460592;3.82;0.98;102.00;4311.00;15.75;82.50;34.50;17.65;29.76;14.11;0;2.23;2.58;76926.00;100.00;102.00;48.00;4490.00;1003.10;683.59;6.00;1;0;1;0;0;1;0;0;0;0;0;1;1;0;0;0;0;0
2461995;5.02;1.02;101.00;4297.00;15.75;82.50;27.75;24.32;36.79;14.11;0.84;1.46;2.58;76926.00;99.00;102.00;48.00;4549.60;1002.67;683.59;6.00;1;0;1;0;0;1;0;0;0;0;0;1;1;0;0;0;0;0
2463396;4.91;1.04;102.00;4307.00;15.00;82.50;29.25;23.14;35.33;14.02;1.05;1.15;2.58;76926.00;99.00;102.00;48.00;4522.80;1002.36;703.12;6.00;1;0;1;0;0;1;0;0;0;0;0;1;1;0;0;0;0;0
2464744;5.30;0.99;102.00;4316.00;15.00;82.50;24.75;27.45;39.29;14.02;0.12;2.29;2.58;76926.00;101.00;102.00;48.00;4517.80;1002.12;742.18;6.00;1;0;1;0;0;1;0;0;0;0;0;1;1;0;0;0;0;0
2466113;5.31;1.04;103.00;4396.00;15.00;82.50;27.00;26.67;38.05;14.11;3.03;0.31;2.58;76926.00;102.00;104.00;48.00;4512.60;1001.93;351.56;6.00;1;0;1;0;0;1;0;0;0;0;0;1;1;0;0;0;0;0
2467583;4.53;0.99;103.00;4442.00;15.00;82.50;30.00;23.14;34.44;14.11;0.55;0.84;2.58;76926.00;102.00;104.00;48.00;4504.00;1001.69;820.30;6.00;1;0;1;0;0;1;0;0;0;0;0;1;1;0;0;0;0;0
2468927;5.91;1.00;105.00;4475.00;15.00;82.50;21.00;34.51;42.78;14.02;2.15;2.56;2.58;76926.00;103.00;105.00;48.00;4511.80;1001.19;800.77;6.00;1;0;1;0;0;1;0;0;0;0;0;1;1;0;0;0;0;0
2470344;5.57;1.08;105.00;4463.00;15.00;82.50;26.25;27.45;38.05;14.02;0;0;2.58;76926.00;104.00;106.00;48.00;4517.80;1000.79;488.28;6.00;1;0;1;0;0;1;0;0;0;0;0;1;1;0;0;0;0;0
2471687;5.66;1.03;105.00;4446.00;15.00;82.50;24.75;29.81;39.81;14.02;1.25;0;2.58;76926.00;103.00;105.00;48.00;4520.60;1000.60;722.65;6.00;1;0;1;0;0;1;0;0;0;0;0;1;1;0;0;0;0;0
2473100;5.66;1.00;106.00;4514.00;15.00;82.50;24.00;30.98;39.98;13.92;0.23;0;2.82;76926.00;104.00;106.00;48.00;4523.40;1000.13;683.59;6.00;1;0;1;0;0;1;0;0;0;0;0;1;1;0;0;0;0;0
2474516;5.67;1.05;107.00;4555.00;15.00;82.50;25.50;30.98;39.98;13.92;0.43;1.84;2.82;76926.00;105.00;108.00;48.00;4515.40;999.78;722.65;6.00;1;0;1;0;0;1;0;0;0;0;0;1;1;0;0;0;0;0
2475851;5.26;1.07;108.00;4576.00;15.00;82.50;28.50;27.45;37.13;14.02;0;0.72;2.58;76926.00;106.00;108.00;48.00;4511.60;999.50;683.59;6.00;1;0;1;0;0;1;0;0;0;0;0;1;1;0;0;0;0;0
2477260;5.50;1.08;106.00;4515.00;15.00;82.50;27.00;27.85;37.68;13.92;0;1.97;2.82;76926.00;105.00;107.00;48.00;4511.80;999.04;703.12;6.00;1;0;1;0;0;1;0;0;0;0;0;1;1;0;0;0;0;0
2478643;5.70;1.00;107.00;4566.00;15.00;82.50;23.25;33.34;41.01;14.11;0;2.70;2.58;76926.00;106.00;107.00;48.00;4515.00;998.45;683.59;6.00;1;0;1;0;0;1;0;0;0;0;0;1;1;0;0;0;0;0
2480048;4.87;1.06;108.00;4632.00;15.00;82.50;30.75;25.10;34.59;13.92;1.31;1.27;2.82;76926.00;106.00;109.00;48.00;4517.20;998.14;566.40;6.00;1;0;1;0;0;1;0;0;0;0;0;1;1;0;0;0;0;0
2481467;5.10;1.06;107.00;4540.00;15.00;82.50;28.50;26.28;36.75;14.02;0.25;0.04;2.58;76926.00;104.00;107.00;48.00;4498.20;997.47;781.24;6.00;1;0;1;0;0;1;0;0;0;0;0;1;1;0;0;0;0;0
2482793;4.02;1.01;102.00;4328.00;15.00;82.50;33.75;18.43;30.32;14.11;1.02;0;2.58;76926.00;100.00;102.00;48.00;4497.40;997.00;800.77;6.00;1;0;1;0;0;1;0;0;0;0;0;1;1;0;0;0;0;0
2484202;2.80;0.89;98.00;4158.00;15.00;82.50;39.00;11.37;24.21;14.02;0.47;0.31;2.58;76926.00;98.00;99.00;48.00;4463.40;996.34;332.03;6.00;1;0;1;0;0;1;0;0;0;0;0;1;1;0;0;0;0;0
2485567;3.22;0.94;95.00;4036.00;15.00;82.50;36.00;14.12;26.69;14.11;1.27;2.32;2.58;76926.00;93.00;95.00;48.00;4503.60;996.15;332.03;6.00;1;0;1;0;0;1;0;0;0;0;0;1;1;0;0;0;0;0
2487123;3.96;0.97;95.00;4017.00;15.00;82.50;31.50;18.43;31.11;14.02;0;2.83;2.58;76927.00;92.00;95.00;48.00;4536.60;995.60;683.59;6.00;1;0;1;0;0;1;0;0;0;0;0;1;1;0;0;0;0;0
2488529;3.17;0.91;93.00;3943.00;15.00;82.50;35.25;14.90;26.92;14.02;0;1.80;2.58;76927.00;92.00;93.00;48.00;4479.60;995.33;859.36;6.00;1;0;1;0;0;1;0;0;0;0;0;1;1;0;0;0;0;0
2489896;2.30;0.96;88.00;3784.00;15.00;83.25;42.00;7.45;19.10;14.11;8.50;6.89;2.58;76927.00;87.00;89.00;47.00;4506.00;995.01;839.83;6.00;1;0;1;0;0;1;0;0;0;0;0;1;1;0;0;0;0;0
2491263;0.56;1.00;82.00;3485.00;15.00;83.25;-30.00;0;0;14.02;256.72;245.02;2.58;76927.00;83.00;82.00;47.00;4568.40;994.54;19.53;6.00;1;0;1;0;0;1;0;0;0;0;0;1;1;0;0;0;0;0
2492832;0.66;1.00;71.00;2983.00;15.00;83.25;-30.00;0;0;14.02;289.40;326.60;2.58;76927.00;71.00;70.00;47.00;4508.60;994.19;0;6.00;1;0;1;0;0;1;0;0;0;0;0;1;1;0;0;0;0;0
2494182;2.02;1.00;45.00;3104.00;15.00;83.25;21.75;4.31;14.34;14.11;260.88;310.04;2.58;76927.00;44.00;45.00;47.00;4387.80;994.11;136.72;6.00;1;0;1;0;0;1;0;0;1;0;0;1;1;0;0;0;0;0
2495591;1.33;1.00;20.00;1303.00;15.00;83.25;12.75;0;11.93;14.30;180.71;195.67;2.58;76927.00;20.00;20.00;40.00;4386.60;994.08;820.30;6.00;1;0;1;0;0;1;0;0;1;0;0;1;1;0;0;0;0;0
2496904;1.32;0.97;11.00;1227.00;15.00;83.25;16.50;0;12.51;14.21;141.89;122.53;2.58;76927.00;11.00;11.00;39.00;4514.80;994.04;78.12;4.00;1;0;1;1;0;1;0;0;1;0;0;1;1;0;0;0;0;0
2498314;1.36;1.01;6.00;1210.00;15.00;83.25;18.00;0;12.72;14.11;176.96;159.60;2.58;76927.00;6.00;6.00;38.00;4512.40;994.04;820.30;2.00;1;0;1;0;0;1;0;0;1;0;0;1;1;0;0;0;0;0
2499747;1.30;0.97;0;1229.00;15.00;83.25;16.50;0;12.32;14.11;133.64;135.67;2.58;76927.00;0;0;38.00;4517.80;994.04;58.59;1;1;0;1;1;0;1;0;0;1;0;0;1;1;0;0;1;0;0
2501195;1.26;0.99;0;1255.00;15.00;83.25;14.25;0;11.94;14.11;144.27;118.76;2.58;76927.00;0;0;37.00;4507.60;994.04;605.46;1;1;0;1;0;0;1;0;0;1;0;0;1;1;0;0;0;0;0
2502657;1.34;0.96;0;1226.00;15.00;84.00;16.50;0;12.26;13.83;70.21;58.65;2.82;76927.00;0;0;37.00;4505.00;994.04;39.06;1;1;0;1;0;0;1;0;0;1;0;0;1;1;0;0;0;0;0
2504061;3.08;1.00;0;2405.00;15.00;84.00;21.00;6.28;21.09;14.11;64.92;85.19;2.58;76927.00;0;0;47.00;4460.40;994.04;898.43;1;1;0;1;0;0;1;0;0;1;0;0;1;1;0;0;0;0;0
2505542;5.56;0.99;17.00;2521.00;15.00;84.75;14.25;27.45;39.94;14.11;227.93;88.80;2.58;76927.00;16.00;17.00;46.00;4551.60;994.04;39.06;1;1;0;1;0;0;1;0;0;1;0;0;1;1;0;0;0;0;0
2506940;7.34;0.99;47.00;5223.00;15.00;84.75;18.75;74.52;51.75;14.02;218.07;249.75;2.58;76927.00;45.00;48.00;46.00;4438.00;994.04;878.90;1;1;0;1;0;0;1;0;0;1;0;0;1;1;0;0;0;0;0
2508387;8.65;1.00;67.00;5175.00;15.00;84.75;18.00;99.62;55.99;14.11;326.66;344.53;2.58;76927.00;65.00;67.00;46.00;4368.00;993.88;624.99;2.00;1;0;1;0;0;1;0;0;1;0;0;1;1;0;0;0;0;0
2509673;8.62;1.00;81.00;4978.00;15.00;84.00;18.75;60.01;50.18;14.02;317.62;271.27;2.58;76927.00;80.00;82.00;47.00;4375.80;993.65;546.87;3.00;1;0;1;0;0;1;0;0;1;0;0;1;1;0;0;0;0;0
2511050;9.38;1.00;92.00;4803.00;15.00;83.25;18.75;54.91;48.06;13.92;262.85;320.80;2.82;76927.00;92.00;93.00;47.00;4596.40;993.33;644.52;4.00;1;0;1;0;0;1;0;0;0;0;0;1;1;0;0;0;0;0
2512481;7.65;1.02;103.00;5369.00;15.00;83.25;18.75;78.44;50.72;13.92;249.36;328.34;2.82;76927.00;102.00;104.00;47.00;4454.60;992.98;566.40;4.00;1;0;1;0;0;1;0;0;0;0;0;0;1;0;0;0;0;0
2513997;7.31;1.00;112.00;5152.00;15.00;83.25;18.75;61.58;48.63;14.02;342.95;358.12;2.58;76927.00;109.00;113.00;47.00;4583.80;992.32;742.18;5.00;1;0;1;0;0;1;0;0;0;0;0;0;1;0;0;0;0;0
2515360;6.44;1.00;115.00;4918.00;15.00;83.25;26.25;34.12;39.01;14.21;332.40;349.61;2.58;76927.00;114.00;116.00;47.00;4507.20;991.93;605.46;6.00;1;0;1;0;0;1;0;0;0;0;0;0;1;0;0;0;0;0
2516708;4.47;1.10;115.00;4883.00;15.00;83.25;33.75;23.14;30.88;13.92;251.76;280.92;2.82;76927.00;113.00;116.00;47.00;4540.00;991.34;117.19;6.00;1;0;1;0;0;1;0;0;0;0;0;0;1;0;0;0;0;0
2518110;3.75;1.00;115.00;4861.00;15.00;83.25;36.00;20.39;28.77;14.11;155.19;183.72;2.58;76927.00;113.00;116.00;47.00;4544.00;990.83;39.06;6.00;1;0;1;0;0;1;0;0;0;0;0;1;1;0;0;0;0;0
2519510;5.42;1.03;115.00;4864.00;15.00;82.50;26.25;33.73;38.81;14.02;72.51;124.09;2.58;76927.00;112.00;115.00;48.00;4517.80;990.56;781.24;6.00;1;0;1;0;0;1;0;0;0;0;0;1;1;0;0;0;0;0
2520888;4.02;1.02;112.00;4758.00;15.00;82.50;35.25;21.18;29.84;14.02;11.01;5.10;2.58;76927.00;111.00;113.00;48.00;4522.60;989.86;58.59;6.00;1;0;1;0;0;1;0;0;0;0;0;1;1;0;0;0;0;0
2522245;6.75;1.00;111.00;4733.00;15.00;82.50;19.50;42.75;45.56;14.02;0.72;0.18;2.58;76927.00;110.00;112.00;48.00;4532.00;989.62;39.06;6.00;1;0;1;0;0;1;0;0;0;0;0;1;1;0;0;0;0;0
2523599;5.37;1.04;111.00;4676.00;15.00;82.50;27.00;30.59;37.96;14.11;0.06;0;2.58;76927.00;109.00;111.00;48.00;4509.60;989.31;820.30;6.00;1;0;1;0;0;1;0;0;0;0;0;1;1;0;0;0;0;0
2524911;4.57;1.05;108.00;4642.00;14.25;82.50;32.25;23.92;33.00;14.02;2.11;0.78;2.58;76927.00;107.00;109.00;48.00;4507.20;988.68;78.12;6.00;1;0;1;0;0;1;0;0;0;0;0;1;1;0;0;0;0;0
2526332;4.53;1.03;107.00;4571.00;14.25;82.50;31.50;23.53;33.20;14.11;0.47;0.78;2.58;76927.00;107.00;108.00;48.00;4507.20;988.29;761.71;6.00;1;0;1;0;0;1;0;0;0;0;0;1;1;0;0;0;0;0
2527770;3.06;1.00;102.00;5267.00;14.25;82.50;43.50;14.90;22.68;14.11;0.49;0.43;2.58;76927.00;103.00;103.00;48.00;4515.20;987.86;546.87;5.00;1;0;1;0;0;1;0;0;0;0;0;1;1;0;0;0;0;0
2529241;4.02;1.06;102.00;4742.00;14.25;81.75;36.00;20.00;28.95;14.11;0;1.97;2.58;76927.00;100.00;103.00;48.00;4510.40;987.24;781.24;5.00;1;0;1;0;0;1;0;0;0;0;0;1;1;0;0;0;0;0
2530624;3.47;1.02;100.00;4604.00;14.25;81.75;39.00;15.69;26.04;14.02;0.45;0;2.58;76927.00;98.00;100.00;48.00;4454.00;986.93;234.37;5.00;1;0;1;0;0;1;0;0;0;0;0;1;1;0;0;0;0;0
2532037;3.94;0.99;97.00;4498.00;14.25;81.75;33.75;19.61;30.17;14.02;0;0.82;2.58;76927.00;96.00;98.00;48.00;4486.00;986.38;820.30;5.00;1;0;1;0;0;1;0;0;0;0;0;1;1;0;0;0;0;0
2533407;4.64;1.08;97.00;4448.00;14.25;81.75;30.75;22.36;33.50;14.02;0.84;0.53;2.58;76928.00;96.00;97.00;48.00;4512.40;986.11;820.30;5.00;1;0;1;0;0;1;0;0;0;0;0;1;1;0;0;0;0;0
2534731;5.29;1.03;95.00;4391.00;14.25;81.75;27.00;27.45;38.13;13.92;0;0;2.82;76928.00;93.00;96.00;48.00;4555.40;985.91;820.30;5.00;1;0;1;0;0;1;0;0;0;0;0;1;1;0;0;0;0;0
2536090;4.94;1.02;96.00;4465.00;14.25;81.75;28.50;26.28;36.49;14.02;0;1.31;2.58;76928.00;94.00;97.00;48.00;4511.00;985.36;683.59;5.00;1;0;1;0;0;1;0;0;0;0;0;1;1;0;0;0;0;0
2537524;4.96;0.97;95.00;4396.00;14.25;81.75;30.75;23.53;33.90;13.92;0.37;0;2.82;76928.00;93.00;96.00;48.00;4521.20;984.90;117.19;5.00;1;0;1;0;0;1;0;0;0;0;0;1;1;0;0;0;0;0
2538912;6.50;1.02;97.00;4496.00;13.50;81.75;18.75;38.44;44.58;14.02;3.71;1.31;2.58;76928.00;96.00;98.00;48.00;4517.00;984.58;664.05;5.00;1;0;1;0;0;1;0;0;0;0;0;1;1;0;0;0;0;0
2540278;4.09;1.00;98.00;4544.00;13.50;81.75;30.75;23.92;34.44;14.11;0.12;0;2.58;76928.00;97.00;99.00;48.00;4486.40;984.04;722.65;5.00;1;0;1;0;0;1;0;0;0;0;0;1;1;0;0;0;0;0
2541690;4.55;1.03;97.00;4492.00;13.50;81.75;30.75;22.75;33.23;13.92;1.48;2.36;2.82;76928.00;96.00;98.00;48.00;4502.20;983.37;605.46;5.00;1;0;1;0;0;1;0;0;0;0;0;1;1;0;0;0;0;0
2543046;3.67;1.00;98.00;4564.00;13.50;81.75;34.50;19.61;30.30;14.02;1.43;1.70;2.58;76928.00;98.00;99.00;48.00;4504.80;983.10;527.34;5.00;1;0;1;0;0;1;0;0;0;0;0;1;1;0;0;0;0;0
2544407;3.43;0.99;96.00;4400.00;13.50;82.50;37.50;14.90;26.49;14.11;2.09;0.59;2.58;76928.00;94.00;96.00;48.00;4502.00;982.59;703.12;5.00;1;0;1;0;0;1;0;0;0;0;0;1;1;0;0;0;0;0
2545759;3.37;0.97;93.00;4340.00;13.50;82.50;37.50;14.90;26.49;14.11;0.55;0.64;2.58;76928.00;93.00;94.00;48.00;4525.00;982.36;781.24;5.00;1;0;1;0;0;1;0;0;0;0;0;1;1;0;0;0;0;0
2547155;3.99;1.00;93.00;4326.00;13.50;82.50;33.75;18.83;30.43;14.11;0;0.78;2.58;76928.00;92.00;94.00;48.00;4496.40;982.00;644.52;5.00;1;0;1;0;0;1;0;0;0;0;0;1;1;0;0;0;0;0
2548561;4.78;1.00;92.00;4269.00;13.50;82.50;27.75;23.92;36.20;14.02;1.66;2.38;2.58;76928.00;90.00;93.00;48.00;4545.80;981.42;800.77;5.00;1;0;1;0;0;1;0;0;0;0;0;1;1;0;0;0;0;0
2549861;6.11;1.00;93.00;4287.00;13.50;82.50;21.75;31.77;41.88;14.11;3.71;1.70;2.58;76928.00;90.00;93.00;48.00;4562.80;981.11;546.87;5.00;1;0;1;0;0;1;0;0;0;0;0;1;1;0;0;0;0;0
2551311;4.56;1.00;95.00;4399.00;13.50;82.50;29.25;24.32;35.26;14.02;0.51;0.43;2.58;76928.00;91.00;95.00;48.00;4511.40;980.60;312.50;5.00;1;0;1;0;0;1;0;0;0;0;0;1;1;0;0;0;0;0
2552718;3.94;1.00;96.00;4387.00;13.50;82.50;32.25;20.79;31.88;14.02;0.08;2.03;2.58;76928.00;95.00;96.00;48.00;4491.00;980.21;722.65;5.00;1;0;1;0;0;1;0;0;0;0;0;1;1;0;0;0;0;0
2554067;4.62;1.00;97.00;4430.00;13.50;82.50;28.50;25.89;36.47;14.02;1.66;1.17;2.58;76928.00;95.00;97.00;48.00;4522.60;979.86;761.71;5.00;1;0;1;0;0;1;0;0;0;0;0;1;1;0;0;0;0;0
2555463;3.06;1.00;95.00;4384.00;13.50;82.50;40.50;12.16;23.99;14.02;2.64;0.47;2.58;76928.00;94.00;95.00;48.00;4456.40;979.62;820.30;5.00;1;0;1;0;0;1;0;0;0;0;0;1;1;0;0;0;0;0
2556907;3.17;0.94;92.00;4291.00;13.50;82.50;38.25;13.33;24.87;14.02;0.31;0.33;2.58;76928.00;92.00;93.00;48.00;4544.00;979.08;644.52;5.00;1;0;1;0;0;1;0;0;0;0;0;1;1;0;0;0;0;0
2558317;3.46;0.97;93.00;4296.00;13.50;82.50;36.75;15.69;27.53;13.92;0;1.07;2.82;76928.00;91.00;93.00;48.00;4514.20;978.72;800.77;5.00;1;0;1;0;0;1;0;0;0;0;0;1;1;0;0;0;0;0
2559758;5.22;1.03;95.00;4327.00;13.50;82.50;27.00;26.67;38.15;14.02;1.66;1.00;2.58;76928.00;92.00;95.00;48.00;4538.80;978.41;800.77;5.00;1;0;1;0;0;1;0;0;0;0;0;1;1;0;0;0;0;0
2561221;5.69;1.03;97.00;4469.00;13.50;82.50;24.00;31.77;40.25;14.02;2.07;2.09;2.58;76928.00;94.00;97.00;48.00;4517.40;977.94;703.12;5.00;1;0;1;0;0;1;0;0;0;0;0;1;1;0;0;0;0;0
2562622;5.38;1.06;98.00;4518.00;13.50;82.50;27.75;28.24;37.86;14.11;1.11;0.76;2.58;76928.00;96.00;99.00;48.00;4524.80;977.55;761.71;5.00;1;0;1;0;0;1;0;0;0;0;0;1;1;0;0;0;0;0
2563920;4.67;1.02;97.00;4492.00;13.50;82.50;30.75;23.53;33.62;14.11;0;0;2.58;76928.00;95.00;97.00;48.00;4512.00;977.12;820.30;5.00;1;0;1;0;0;1;0;0;0;0;0;1;1;0;0;0;0;0
2565324;4.20;1.00;97.00;4473.00;13.50;82.50;32.25;21.57;31.84;14.02;0;0;2.58;76928.00;94.00;98.00;48.00;4506.80;976.61;78.12;5.00;1;0;1;0;0;1;0;0;0;0;0;1;1;0;0;0;0;0
2566784;5.16;1.01;97.00;4476.00;13.50;82.50;26.25;29.02;38.54;14.02;1.60;0.80;2.58;76928.00;95.00;98.00;48.00;4524.80;976.18;546.87;5.00;1;0;1;0;0;1;0;0;0;0;0;1;1;0;0;0;0;0
2568254;5.29;1.00;97.00;4512.00;13.50;82.50;27.00;28.24;37.49;14.02;0;2.29;2.58;76928.00;95.00;98.00;48.00;4522.40;976.11;624.99;5.00;1;0;1;0;0;1;0;0;0;0;0;1;1;0;0;0;0;0
2569696;4.81;1.04;98.00;4530.00;13.50;82.50;30.00;25.49;35.32;14.02;0;1.31;2.58;76928.00;95.00;98.00;48.00;4510.20;975.75;97.66;5.00;1;0;1;0;0;1;0;0;0;0;0;1;1;0;0;0;0;0
2570976;5.16;1.00;97.00;4477.00;13.50;82.50;26.25;28.63;37.96;14.02;0;0;2.58;76928.00;96.00;98.00;48.00;4503.20;975.21;800.77;5.00;1;0;1;0;0;1;0;0;0;0;0;1;1;0;0;0;0;0
2572450;5.06;1.03;100.00;4565.00;13.50;82.50;28.50;27.85;36.89;13.92;1.19;0.06;2.82;76929.00;98.00;100.00;48.00;4508.60;974.82;781.24;5.00;1;0;1;0;0;1;0;0;0;0;0;1;1;0;0;0;0;0
2573913;3.29;1.00;98.00;4555.00;13.50;82.50;37.50;16.47;27.00;14.02;1.19;2.23;2.58;76929.00;98.00;99.00;48.00;4468.80;974.47;878.90;5.00;1;0;1;0;0;1;0;0;0;0;0;1;1;0;0;0;0;0
2575333;0.67;0.98;91.00;4189.00;13.50;82.50;46.50;1.18;5.54;14.02;0;0;2.58;76929.00;91.00;90.00;48.00;4467.60;973.80;878.90;5.00;1;0;1;0;0;1;0;0;0;0;0;1;1;0;0;0;0;0
2576733;1.52;0.94;82.00;3804.00;13.50;82.50;43.50;4.71;12.80;14.02;0.29;1.76;2.58;76929.00;83.00;83.00;48.00;4511.40;973.33;859.36;5.00;1;0;1;0;0;1;0;0;0;0;0;1;1;0;0;0;0;0
2578213;3.38;1.00;81.00;3749.00;13.50;83.25;33.75;15.30;26.85;14.02;97.53;93.12;2.58;76929.00;80.00;81.00;47.00;4546.00;973.14;800.77;5.00;1;0;1;0;0;1;0;0;0;0;0;1;1;0;0;0;0;0
2579703;3.48;0.94;83.00;3832.00;13.50;83.25;32.25;17.26;28.82;14.02;213.87;246.74;2.58;76929.00;81.00;83.00;47.00;4515.00;973.06;605.46;5.00;1;0;1;0;0;1;0;0;0;0;0;1;1;0;0;0;0;0
2581128;4.96;0.94;85.00;3911.00;13.50;83.25;24.00;26.67;39.27;14.11;232.23;188.00;2.58;76929.00;83.00;85.00;47.00;4535.80;972.59;800.77;5.00;1;0;1;0;0;1;0;0;0;0;0;1;1;0;0;0;0;0
2582544;3.95;1.00;86.00;3984.00;14.25;83.25;32.25;18.83;30.68;14.11;247.93;218.62;2.58;76929.00;85.00;87.00;47.00;4471.60;972.20;820.30;5.00;1;0;1;0;0;1;0;0;0;0;0;1;1;0;0;0;0;0
2583896;2.79;0.93;86.00;3969.00;14.25;83.25;38.25;11.37;23.45;14.02;364.29;349.61;2.58;76929.00;86.00;87.00;47.00;4490.20;971.93;742.18;5.00;1;0;1;0;0;1;0;0;0;0;0;1;1;0;0;0;0;0
2585248;3.91;1.00;86.00;3979.00;14.25;83.25;34.50;16.08;27.18;14.11;335.25;241.98;2.58;76929.00;85.00;87.00;47.00;4556.60;971.85;800.77;5.00;1;0;1;0;0;1;0;0;0;0;0;1;1;0;0;0;0;0
2586697;3.32;0.91;87.00;4022.00;14.25;83.25;34.50;16.47;28.44;14.11;362.93;39.80;2.58;76929.00;86.00;88.00;47.00;4514.00;971.50;624.99;5.00;1;0;1;0;0;1;0;0;0;0;0;1;1;0;0;0;0;0
2588111;3.80;0.95;87.00;4010.00;14.25;83.25;32.25;19.22;30.92;14.02;241.43;229.34;2.58;76929.00;87.00;88.00;47.00;4538.00;970.99;742.18;5.00;1;0;1;0;0;1;0;0;0;0;0;1;1;0;0;0;0;0
2589537;3.86;0.94;90.00;4107.00;14.25;83.25;32.25;19.22;31.57;14.11;311.25;324.41;2.58;76929.00;87.00;90.00;47.00;4536.40;970.72;683.59;5.00;1;0;1;0;0;1;0;0;0;0;0;1;1;0;0;0;0;0
2590870;3.56;0.92;90.00;4106.00;14.25;83.25;33.75;17.26;29.43;14.11;312.09;285.96;2.58;76929.00;88.00;90.00;47.00;4495.60;970.52;742.18;5.00;1;0;1;0;0;1;0;0;0;0;0;1;1;0;0;0;0;0
2592317;2.27;0.88;87.00;4058.00;14.25;83.25;42.00;9.41;21.11;14.11;242.48;230.71;2.58;76929.00;86.00;88.00;47.00;4465.20;970.36;859.36;5.00;1;0;1;0;0;1;0;0;0;0;0;1;1;0;0;0;0;0
2593775;3.50;0.97;86.00;3970.00;14.25;83.25;34.50;16.08;27.68;14.02;201.47;208.76;2.58;76929.00;84.00;86.00;47.00;4561.80;970.13;527.34;5.00;1;0;1;0;0;1;0;0;0;0;0;1;1;0;0;0;0;0
2595210;0.38;1.00;82.00;3901.00;14.25;83.25;41.25;0;4.35;14.11;329.20;330.45;2.58;76929.00;82.00;83.00;47.00;4531.00;969.62;39.06;5.00;1;0;1;0;0;1;0;0;0;0;0;1;1;0;0;0;0;0
2596569;0.63;1.00;66.00;3044.00;14.25;83.25;-30.00;0;0;14.11;344.00;330.99;2.58;76929.00;65.00;66.00;47.00;4523.60;969.47;0;5.00;1;0;1;0;0;1;0;0;1;0;0;1;1;0;0;0;0;0
2597934;1.45;1.00;41.00;1337.00;14.25;83.25;14.25;0;12.14;14.39;188.54;226.63;2.31;76929.00;41.00;42.00;43.00;4348.20;969.35;742.18;5.00;1;0;1;0;0;1;0;0;1;0;0;1;1;0;0;0;0;0
2599438;1.23;0.96;27.00;1302.00;14.25;83.25;12.75;0;11.84;14.30;181.47;184.29;2.58;76929.00;27.00;27.00;42.00;4496.00;969.31;722.65;5.00;1;0;1;0;0;1;0;0;1;0;0;1;1;0;0;0;0;0
2600768;1.24;0.96;18.00;1251.00;14.25;83.25;15.00;0;12.17;14.21;217.00;219.73;2.58;76929.00;19.00;19.00;42.00;4518.00;969.31;58.59;4.00;1;0;1;0;0;1;0;0;1;0;0;1;1;0;0;0;0;0
2602228;1.23;1.00;13.00;1354.00;14.25;83.25;15.00;0;12.16;14.30;271.29;297.17;2.58;76929.00;14.00;14.00;42.00;4512.20;969.31;839.83;3.00;1;0;1;1;0;1;0;0;1;0;0;1;1;0;0;1;0;0
2603702;1.18;0.96;10.00;1500.00;14.25;83.25;14.25;0;12.31;14.30;234.09;260.30;2.58;76929.00;10.00;10.00;43.00;4510.20;969.31;839.83;1;1;0;1;0;0;1;0;0;1;0;0;1;1;0;0;0;0;0
2605071;2.11;0.94;8.00;1653.00;14.25;84.00;13.50;2.75;16.24;14.21;173.74;149.31;2.58;76929.00;9.00;8.00;47.00;4528.40;969.31;19.53;1;1;0;1;0;0;1;0;0;1;0;0;1;1;0;0;0;0;0
2606487;1.95;1.01;8.00;1450.00;14.25;84.00;12.75;1.57;13.67;14.30;165.83;251.04;2.58;76929.00;9.00;9.00;47.00;4521.80;969.31;624.99;1;1;0;1;0;0;1;0;0;1;0;0;1;1;0;0;0;0;0
2607775;2.18;1.02;10.00;1840.00;14.25;84.75;15.00;2.75;15.53;14.30;239.73;299.86;2.58;76929.00;10.00;10.00;46.00;4492.00;969.31;839.83;1;1;0;1;1;0;1;0;0;1;0;0;1;1;0;0;1;0;0
2609262;1.26;0.97;5.00;1292.00;14.25;84.75;12.00;0;11.55;14.39;147.51;203.31;2.31;76929.00;5.00;4.00;40.00;4501.40;969.31;781.24;1;1;0;1;0;0;1;0;0;1;0;0;1;1;0;0;0;0;0
2610670;1.27;0.95;0;1268.00;14.25;84.75;12.75;0;11.56;13.92;94.82;140.09;2.82;76929.00;0;0;39.00;4500.00;969.31;39.06;1;1;0;1;0;0;1;0;0;1;0;0;1;1;0;0;0;0;0
2612046;1.37;1.00;0;1270.00;14.25;85.50;12.75;0;11.48;14.02;178.76;167.41;2.58;76929.00;0;0;38.00;4502.00;969.31;937.49;1;1;0;1;0;0;1;0;0;1;0;0;1;1;0;0;0;0;0
2613435;5.72;1.00;0;2459.00;14.25;85.50;12.75;28.24;40.20;14.21;214.34;283.42;2.58;76929.00;0;0;46.00;4435.40;969.31;78.12;1;1;0;1;0;0;1;0;0;1;0;0;1;1;0;0;0;0;0
2614803;5.95;1.02;36.00;4048.00;14.25;85.50;20.25;31.38;42.89;14.11;247.54;335.92;2.58;76929.00;35.00;37.00;46.00;4719.80;969.31;117.19;1;1;0;1;0;0;1;0;0;1;0;0;1;1;0;0;0;0;0
2616263;6.90;1.00;53.00;4193.00;14.25;85.50;16.50;38.83;46.36;14.02;130.73;337.42;2.58;76929.00;52.00;54.00;46.00;4501.00;969.27;644.52;2.00;1;0;1;0;0;1;0;0;0;0;0;1;1;0;0;0;0;0
2617699;7.39;1.00;67.00;4141.00;14.25;84.75;15.75;39.22;47.00;14.11;163.31;227.37;2.58;76929.00;66.00;68.00;46.00;4554.20;969.15;839.83;3.00;1;0;1;0;0;1;0;0;0;0;0;1;1;0;0;0;0;0
2619080;7.05;1.00;77.00;3997.00;14.25;84.75;15.00;46.28;48.39;14.02;264.48;335.00;2.58;76929.00;76.00;78.00;46.00;4592.00;968.72;820.30;4.00;1;0;1;0;0;1;0;0;0;0;0;1;1;0;0;0;0;0
2620493;7.62;1.00;83.00;3896.00;14.25;84.75;15.00;49.03;48.98;14.11;292.83;295.39;2.58;76929.00;82.00;84.00;46.00;4548.20;968.22;644.52;5.00;1;0;1;0;0;1;0;0;0;0;0;0;1;0;0;0;0;0
2621784;2.64;0.98;86.00;3953.00;14.25;84.75;40.50;9.81;21.41;14.11;316.95;198.19;2.58;76929.00;86.00;86.00;46.00;4479.60;967.71;800.77;5.00;1;0;1;0;0;1;0;0;0;0;0;1;1;0;0;0;0;0
2623189;2.24;1.00;85.00;3851.00;14.25;84.75;42.75;7.84;18.87;14.11;227.97;223.27;2.58;76929.00;85.00;84.00;46.00;4491.40;967.16;878.90;5.00;1;0;1;0;0;1;0;0;0;0;0;1;1;0;0;0;0;0
2624493;2.24;0.98;82.00;3780.00;14.25;84.75;41.25;7.45;18.46;14.11;329.18;269.71;2.58;76929.00;81.00;82.00;46.00;4524.00;966.97;839.83;5.00;1;0;1;0;0;1;0;0;0;0;0;1;1;0;0;0;0;0
2625813;2.49;0.89;81.00;3721.00;14.25;84.75;39.00;9.02;20.90;14.11;352.05;346.27;2.58;76929.00;79.00;81.00;46.00;4517.00;966.85;175.78;5.00;1;0;1;0;0;1;0;0;0;0;0;1;1;0;0;0;0;0
2627227;3.36;0.95;81.00;3753.00;14.25;84.00;33.00;16.08;27.56;14.02;330.70;306.05;2.58;76929.00;80.00;82.00;47.00;4532.00;966.57;683.59;5.00;1;0;1;0;0;1;0;0;0;0;0;1;1;0;0;0;0;0
2628728;3.22;0.97;82.00;3833.00;14.25;84.00;35.25;14.51;25.96;14.11;163.68;204.28;2.58;76930.00;82.00;83.00;47.00;4510.00;966.11;742.18;5.00;1;0;1;0;0;1;0;0;0;0;0;1;1;0;0;0;0;0
2630061;2.63;0.88;82.00;3787.00;14.25;83.25;37.50;11.37;23.49;14.11;319.22;293.48;2.58;76930.00;81.00;82.00;47.00;4509.20;965.79;722.65;5.00;1;0;1;0;0;1;0;0;0;0;0;1;1;0;0;0;0;0
2631466;3.03;0.97;83.00;3844.00;14.25;83.25;36.75;12.94;24.61;14.11;322.09;333.06;2.58;76930.00;81.00;84.00;47.00;4519.40;965.68;332.03;5.00;1;0;1;0;0;1;0;0;0;0;0;1;1;0;0;0;0;0
2632874;3.31;0.89;83.00;3826.00;14.25;83.25;35.25;15.30;26.06;14.11;237.29;249.85;2.58;76930.00;82.00;84.00;47.00;4479.80;965.64;859.36;5.00;1;0;1;0;0;1;0;0;0;0;0;1;1;0;0;0;0;0
2634222;4.12;0.98;86.00;3968.00;14.25;82.50;29.25;21.96;33.96;14.11;75.13;70.43;2.58;76930.00;85.00;86.00;48.00;4531.60;965.60;878.90;5.00;1;0;1;0;0;1;0;0;0;0;0;1;1;0;0;0;0;0
2635686;4.20;1.00;86.00;4027.00;14.25;82.50;33.00;18.43;29.37;14.11;8.28;8.61;2.58;76930.00;86.00;87.00;48.00;4582.80;965.25;859.36;5.00;1;0;1;0;0;1;0;0;0;0;0;1;1;0;0;0;0;0
2636976;2.96;0.97;87.00;3695.00;14.25;82.50;35.25;10.98;23.16;14.11;0.61;1.27;2.58;76930.00;86.00;87.00;48.00;4346.40;964.93;664.05;6.00;1;0;1;0;0;1;0;0;0;0;0;1;1;0;0;0;0;0
2638429;2.44;0.90;86.00;3692.00;14.25;82.50;39.00;9.41;21.44;14.11;0;0.90;2.58;76930.00;86.00;87.00;48.00;4502.80;964.82;800.77;6.00;1;0;1;0;0;1;0;0;0;0;0;1;1;0;0;0;0;0
2639833;1.72;0.99;82.00;3498.00;14.25;82.50;35.25;4.71;13.22;14.11;0;0;2.58;76930.00;83.00;82.00;48.00;4366.00;964.50;878.90;6.00;1;0;1;0;0;1;0;0;0;0;0;1;1;0;0;0;0;0
2641188;1.58;0.92;78.00;3371.00;14.25;82.50;39.00;5.10;13.87;14.11;0;0.61;2.58;76930.00;79.00;79.00;48.00;4541.20;964.43;703.12;6.00;1;0;1;0;0;1;0;0;0;0;0;1;1;0;0;0;0;0
2642539;0.58;1.00;73.00;3370.00;14.25;82.50;-30.00;0;0;14.11;35.78;45.00;2.58;76930.00;73.00;74.00;48.00;4301.80;964.39;0;5.00;1;0;1;0;0;1;0;0;0;0;0;1;1;0;0;0;0;0
2643895;0.66;1.00;65.00;2942.00;14.25;82.50;-30.00;0;0;14.11;7.03;7.99;2.58;76930.00;65.00;64.00;48.00;4268.00;964.35;0;5.00;1;0;1;0;0;1;0;0;1;0;0;1;1;0;0;0;0;0
2645281;0.91;1.00;48.00;2253.00;14.25;82.50;15.00;0;11.99;14.21;5.12;8.32;2.58;76930.00;49.00;49.00;44.00;4321.80;964.35;19.53;5.00;1;0;1;0;0;1;0;0;1;0;0;1;1;0;0;0;0;0
2646748;4.62;1.00;41.00;1891.00;14.25;81.75;-6.75;7.84;10.40;14.21;120.09;141.42;2.58;76930.00;41.00;41.00;48.00;4492.40;964.35;820.30;5.00;1;0;1;0;0;1;0;0;1;0;0;1;1;0;0;0;0;0
2648146;1.14;1.01;35.00;1888.00;14.25;81.75;15.75;0.39;9.07;14.21;153.25;213.21;2.58;76930.00;35.00;35.00;48.00;4525.40;964.35;253.90;4.00;1;0;1;0;0;1;0;0;1;0;0;1;1;0;0;0;0;0
2649553;1.25;0.99;27.00;1453.00;14.25;81.75;16.50;0;12.50;14.39;73.53;81.62;2.31;76930.00;28.00;28.00;43.00;4525.60;964.35;859.36;3.00;1;0;1;0;0;1;0;0;1;0;0;1;1;0;0;0;0;0
2650950;3.20;1.00;23.00;1609.00;14.25;82.50;0.75;1.18;14.17;14.30;103.22;119.50;2.58;76930.00;23.00;23.00;48.00;4532.00;964.35;878.90;3.00;1;0;1;0;0;1;0;0;1;0;0;1;1;0;0;0;0;0
2652411;1.26;0.96;16.00;1339.00;14.25;82.50;13.50;0;11.90;14.21;122.88;141.75;2.58;76930.00;16.00;16.00;43.00;4471.60;964.35;820.30;2.00;1;0;1;1;0;1;0;0;1;0;0;1;1;0;0;0;0;0
2653859;1.29;0.94;12.00;1240.00;14.25;82.50;16.50;0;12.36;13.64;192.06;240.36;2.82;76930.00;13.00;13.00;41.00;4512.00;964.35;39.06;2.00;1;0;1;0;0;1;0;0;1;0;0;1;1;0;0;0;0;0
2655289;1.28;0.98;11.00;1284.00;14.25;82.50;13.50;0;11.86;13.54;177.43;229.03;3.07;76930.00;11.00;11.00;41.00;4508.20;964.35;722.65;2.00;1;0;1;0;0;1;0;0;1;0;0;1;1;0;0;0;0;0
2656768;3.22;1.00;12.00;1953.00;14.25;82.50;6.00;5.88;17.03;14.11;151.77;166.12;2.58;76930.00;12.00;12.00;48.00;4542.40;964.35;859.36;2.00;1;0;1;0;0;1;0;0;1;0;0;1;1;0;0;0;0;0
2658100;3.32;0.96;23.00;2029.00;14.25;83.25;18.00;8.24;26.18;14.30;99.90;83.08;2.58;76930.00;23.00;24.00;47.00;4504.00;964.35;117.19;2.00;1;0;1;0;0;1;0;0;1;0;0;1;1;0;0;0;0;0
2659588;6.42;1.00;36.00;2827.00;14.25;83.25;15.75;30.98;40.03;14.11;251.10;240.94;2.58;76930.00;35.00;36.00;47.00;4526.80;964.35;761.71;2.00;1;0;1;0;0;1;0;0;1;0;0;1;1;0;0;0;0;0
2660953;0;1.00;55.00;4132.00;14.25;83.25;42.00;0;4.23;14.11;309.59;342.71;2.58;76930.00;55.00;55.00;47.00;4423.20;964.27;898.43;2.00;1;0;1;0;0;1;0;0;1;0;0;1;1;0;0;0;0;0
2662359;3.35;1.00;63.00;3306.00;14.25;84.00;32.25;13.33;25.71;14.11;212.43;305.12;2.58;76930.00;63.00;64.00;47.00;4254.00;964.31;800.77;4.00;1;0;1;0;0;1;0;0;0;0;0;1;1;0;0;0;0;0
2663843;1.70;0.96;67.00;3122.00;14.25;84.00;36.00;4.71;14.49;14.11;177.33;158.31;2.58;76930.00;68.00;68.00;47.00;4484.20;964.31;859.36;5.00;1;0;1;0;0;1;0;0;0;0;0;1;1;0;0;0;0;0
2665246;0.64;1.00;66.00;3062.00;14.25;84.00;-30.00;0;0;14.11;337.22;329.35;2.58;76930.00;67.00;66.00;47.00;4532.00;964.31;19.53;5.00;1;0;1;0;0;1;0;0;0;0;0;1;1;0;0;0;0;0
2666539;0.78;1.00;65.00;2949.00;14.25;83.25;33.75;0.39;6.45;14.11;292.17;282.50;2.58;76930.00;65.00;64.00;47.00;4293.20;964.31;859.36;5.00;1;0;1;0;0;1;0;0;0;0;0;1;1;0;0;0;0;0
2667882;0.98;0.98;63.00;2910.00;14.25;83.25;33.00;1.96;8.44;14.11;213.54;261.29;2.58;76930.00;63.00;64.00;47.00;4511.60;964.31;878.90;5.00;1;0;1;0;0;1;0;0;0;0;0;1;1;0;0;0;0;0
2669332;0.98;0.93;63.00;2948.00;14.25;83.25;33.00;1.96;8.66;14.11;199.42;173.27;2.58;76930.00;64.00;64.00;47.00;4510.20;964.31;839.83;5.00;1;0;1;0;0;1;0;0;0;0;0;1;1;0;0;0;0;0
2670713;0.66;0.89;65.00;2997.00;14.25;83.25;33.75;0.39;6.53;14.21;318.40;309.28;2.58;76930.00;65.00;65.00;47.00;4533.40;964.31;273.43;5.00;1;0;1;0;0;1;0;0;0;0;0;1;1;0;0;0;0;0
2671955;0.66;1.00;63.00;2943.00;14.25;83.25;-30.00;0;0;14.11;311.15;316.44;2.58;76930.00;64.00;64.00;47.00;4540.40;964.31;0;5.00;1;0;1;0;0;1;0;0;0;0;0;1;1;0;0;0;0;0
2673347;0.66;1.00;62.00;2875.00;14.25;83.25;-30.00;0;0;14.11;318.79;231.10;2.58;76930.00;63.00;63.00;47.00;4541.80;964.31;0;5.00;1;0;1;0;0;1;0;0;0;0;0;1;1;0;0;0;0;0
2674677;0.70;1.00;60.00;2740.00;14.25;82.50;-30.00;0;0;14.21;139.25;111.69;2.58;76930.00;60.00;60.00;48.00;4554.20;964.54;0;5.00;1;0;1;0;0;1;0;0;0;0;0;1;1;0;0;0;0;0
2676009;0.74;1.00;56.00;2583.00;15.00;82.50;-30.00;0;0;14.02;27.07;21.66;2.58;76930.00;56.00;56.00;48.00;4494.60;965.17;0;5.00;1;0;1;0;0;1;0;0;1;0;0;1;1;0;0;0;0;0
2677404;0.85;1.00;56.00;2561.00;15.00;82.50;15.00;0;12.20;14.21;5.45;7.83;2.58;76930.00;56.00;56.00;48.00;4434.60;965.40;39.06;5.00;1;0;1;0;0;1;0;0;1;0;0;1;1;0;0;0;0;0
2678907;0.80;1.00;55.00;2481.00;15.00;81.75;15.75;0;12.33;14.11;0.88;1.29;2.58;76930.00;55.00;54.00;46.00;4550.80;965.52;58.59;5.00;1;0;1;0;0;1;0;0;1;0;0;1;1;0;0;0;0;0
2680417;0.86;1.00;48.00;2260.00;15.00;81.75;16.50;0;12.25;14.21;19.53;9.24;2.58;76930.00;49.00;49.00;44.00;4509.60;965.68;39.06;5.00;1;0;1;0;0;1;0;0;1;0;0;1;1;0;0;0;0;0
2681861;0.93;1.00;45.00;2108.00;15.00;81.75;14.25;0;12.26;14.21;9.12;69.16;2.58;76930.00;46.00;45.00;43.00;4505.60;966.11;58.59;5.00;1;0;1;0;0;1;0;0;1;0;0;1;1;0;0;0;0;0
2683350;0.93;1.00;42.00;1982.00;15.00;81.75;14.25;0;12.27;14.21;13.20;50.84;2.58;76930.00;43.00;42.00;43.00;4522.20;966.54;507.81;5.00;1;0;1;0;0;1;0;0;1;0;0;1;1;0;0;0;0;0
2684687;1.02;1.00;41.00;1861.00;15.00;81.75;14.25;0;12.29;14.30;13.71;20.41;2.58;76930.00;41.00;41.00;44.00;4519.00;966.65;859.36;5.00;1;0;1;0;0;1;0;0;1;0;0;1;1;0;0;0;0;0
2686083;1.11;0.98;36.00;1687.00;15.00;81.75;14.25;0;12.35;14.30;20.98;19.20;2.58;76930.00;36.00;36.00;44.00;4515.20;966.73;839.83;5.00;1;0;1;0;0;1;0;0;1;0;0;1;1;0;0;0;0;0
2687478;1.28;0.94;27.00;1276.00;15.00;81.75;14.25;0;12.23;14.39;13.10;11.23;2.31;76930.00;28.00;28.00;44.00;4509.40;966.77;781.24;5.00;1;0;1;1;0;1;0;0;1;0;0;1;1;0;0;1;0;0
2688893;1.32;0.94;18.00;1313.00;15.00;81.75;13.50;0;12.06;14.39;45.37;42.13;2.31;76930.00;19.00;18.00;43.00;4513.60;966.77;58.59;4.00;1;0;1;1;0;1;0;0;1;0;0;1;1;0;0;0;0;0
2690317;1.36;0.96;12.00;1317.00;15.00;81.75;12.75;0;11.99;14.30;23.08;21.52;2.58;76930.00;13.00;13.00;44.00;4511.60;966.77;839.83;3.00;1;0;1;1;0;1;0;0;1;0;0;1;1;0;0;1;0;0
2691801;1.24;0.92;10.00;1305.00;15.00;82.50;13.50;0;12.06;14.39;11.05;13.61;2.31;76930.00;10.00;10.00;43.00;4499.20;967.36;39.06;2.00;1;0;1;1;0;1;0;0;1;0;0;1;1;0;0;1;0;0
2693253;1.27;0.94;8.00;1289.00;15.00;82.50;13.50;0;12.05;14.39;33.92;53.51;2.31;76930.00;9.00;9.00;43.00;4517.60;967.79;78.12;1;1;0;1;0;0;1;0;0;1;0;0;1;1;0;0;0;0;0
2694703;1.36;0.97;8.00;1359.00;15.00;82.50;14.25;0;12.20;14.11;166.83;168.13;2.58;76930.00;9.00;8.00;43.00;4514.20;967.86;644.52;1;1;0;1;0;0;1;0;0;1;0;0;1;1;0;0;0;0;0
2696067;1.32;0.95;7.00;1301.00;15.00;82.50;12.00;0;11.68;14.11;190.79;108.04;2.58;76930.00;8.00;8.00;41.00;4494.40;967.98;800.77;1;1;0;1;1;0;1;0;0;1;0;0;1;1;0;0;0;0;0
2697472;1.34;0.96;5.00;1262.00;15.00;83.25;13.50;0;12.11;13.54;112.53;67.96;3.07;76930.00;5.00;5.00;40.00;4506.00;968.02;58.59;1;1;0;1;0;0;1;0;0;1;0;0;1;1;0;0;0;0;0
2698920;1.37;0.98;2.00;1249.00;15.00;83.25;15.00;0;11.91;13.35;71.15;44.33;3.07;76930.00;3.00;0;40.00;4517.20;968.02;800.77;1;1;0;1;0;0;1;0;0;1;0;0;1;1;0;0;0;0;0
2700342;1.28;0.93;0;1242.00;15.00;83.25;15.00;0;11.82;13.35;131.26;117.98;3.07;76931.00;0;0;38.00;4508.20;968.02;117.19;1;1;0;1;0;0;1;0;0;1;0;0;1;1;0;0;0;0;0
2701733;1.24;0.96;0;1225.00;15.00;84.00;16.50;0;12.06;13.45;202.43;130.34;3.07;76931.00;0;0;38.00;4495.00;968.02;39.06;1;1;0;1;0;0;1;0;0;1;0;0;1;1;0;0;0;0;0
2703120;1.22;1.00;0;1278.00;15.00;84.00;12.75;0;11.35;13.35;181.20;144.97;3.07;76931.00;0;0;38.00;4535.40;968.02;58.59;1;1;0;1;0;0;1;0;0;1;0;0;1;1;0;0;0;0;0
2704507;1.22;1.01;0;1268.00;15.00;84.00;13.50;0;11.48;13.26;106.44;91.21;3.07;76931.00;0;0;37.00;4524.20;968.02;781.24;1;1;0;1;0;0;1;0;0;1;0;0;1;1;0;0;0;0;0
2705877;1.22;0.98;0;1260.00;15.00;84.00;14.25;0;11.59;13.26;79.12;66.52;3.07;76931.00;0;0;37.00;4517.80;968.02;58.59;1;1;0;1;0;0;1;0;0;1;0;0;1;1;0;0;0;0;0
2707315;1.29;1.02;0;1214.00;15.00;84.75;17.25;0;12.03;13.16;35.78;60.37;3.24;76931.00;0;0;37.00;4504.20;968.02;937.49;1;1;0;1;0;0;1;0;0;1;0;0;1;1;0;0;0;0;0
2708680;4.26;1.00;11.00;2122.00;15.00;84.75;16.50;12.94;32.80;14.11;130.52;90.74;2.58;76931.00;11.00;11.00;46.00;4524.40;968.06;878.90;1;1;0;1;0;0;1;0;0;1;0;0;1;1;0;0;0;0;0
2710201;3.61;1.01;31.00;2418.00;15.00;84.75;19.50;9.81;25.09;14.11;210.30;134.15;2.58;76931.00;31.00;31.00;46.00;4411.00;968.25;859.36;2.00;1;0;1;0;0;1;0;0;1;0;0;1;1;0;0;0;0;0
2711629;1.54;0.99;40.00;3047.00;15.00;84.75;34.50;3.53;12.63;14.02;313.75;274.44;2.58;76931.00;39.00;40.00;46.00;4537.40;968.45;136.72;2.00;1;0;1;0;0;1;0;0;1;0;0;1;1;0;0;0;0;0
2712959;0.74;1.00;33.00;2681.00;15.00;84.75;-30.00;0;0;14.02;299.77;282.42;2.58;76931.00;34.00;34.00;46.00;4368.80;968.37;19.53;2.00;1;0;1;0;0;1;0;0;1;0;0;1;1;0;0;0;0;0
2714385;1.47;1.00;26.00;2199.00;15.00;84.00;20.25;1.96;11.33;14.21;269.67;225.38;2.58;76931.00;26.00;26.00;47.00;4483.20;968.49;624.99;2.00;1;0;1;0;0;1;0;0;1;0;0;1;1;0;0;0;0;0
2715846;1.53;0.98;31.00;2501.00;15.00;84.00;25.50;2.35;12.20;14.11;316.66;141.38;2.58;76931.00;32.00;32.00;47.00;4480.20;968.72;800.77;2.00;1;0;1;0;0;1;0;0;1;0;0;1;1;0;0;0;0;0
2717207;3.36;0.95;41.00;3258.00;15.00;83.25;30.75;13.73;27.76;14.21;318.92;303.81;2.58;76931.00;41.00;42.00;47.00;4534.40;968.76;878.90;2.00;1;0;1;0;0;1;0;0;1;0;0;1;1;0;0;0;0;0
2718647;5.30;1.00;53.00;4184.00;15.00;83.25;26.25;25.89;39.21;14.21;355.78;309.39;2.58;76931.00;52.00;54.00;47.00;4676.20;968.96;195.31;2.00;1;0;1;0;0;1;0;0;1;0;0;1;1;0;0;0;0;0
2719970;1.48;0.98;61.00;3721.00;15.00;83.25;42.75;4.31;13.04;14.11;342.71;328.12;2.58;76931.00;60.00;61.00;47.00;4466.40;969.11;898.43;3.00;1;0;1;0;0;1;0;0;1;0;0;1;1;0;0;0;0;0
2721380;0.73;0.93;60.00;3635.00;15.00;82.50;41.25;1.18;6.28;14.11;95.42;93.59;2.58;76931.00;60.00;59.00;48.00;4535.60;969.19;39.06;3.00;1;0;1;0;0;1;0;0;1;0;0;0;1;0;0;0;0;0
2722809;0.70;0.95;56.00;3485.00;15.00;82.50;39.75;0.39;8.90;14.11;14.06;12.50;2.58;76931.00;57.00;57.00;48.00;4523.20;969.23;19.53;3.00;1;0;1;0;0;1;0;0;1;0;0;1;1;0;0;0;0;0
2724173;1.20;1.00;53.00;3311.00;15.00;82.50;37.50;2.35;9.37;14.11;2.52;2.58;2.58;76931.00;53.00;53.00;48.00;4301.00;969.27;898.43;3.00;1;0;1;0;0;1;0;0;1;0;0;1;1;0;0;0;0;0
2725653;1.23;0.97;53.00;3308.00;15.00;82.50;38.25;2.75;10.34;14.11;1.78;2.13;2.58;76931.00;54.00;54.00;48.00;4514.40;969.27;878.90;3.00;1;0;1;0;0;1;0;0;1;0;0;1;1;0;0;0;0;0
2726994;0.74;0.93;53.00;3303.00;15.00;82.50;38.25;0.39;10.79;14.02;0.08;2.23;2.58;76931.00;54.00;54.00;48.00;4511.40;969.27;39.06;3.00;1;0;1;0;0;1;0;0;0;0;0;1;1;0;0;0;0;0
2728411;0.63;1.00;51.00;3106.00;15.00;82.50;-30.00;0;0;14.02;0.27;1.00;2.58;76931.00;51.00;51.00;48.00;4488.60;969.27;0;3.00;1;0;1;0;0;1;0;0;1;0;0;1;1;0;0;0;0;0
2729890;2.05;1.00;50.00;3090.00;15.00;81.75;20.25;4.71;13.41;13.92;0.25;1.43;2.82;76931.00;50.00;50.00;48.00;4331.00;969.27;898.43;3.00;1;0;1;0;0;1;0;0;1;0;0;1;1;0;0;0;0;0
2731347;1.44;0.91;56.00;3469.00;15.00;81.75;39.75;3.92;12.82;14.02;2.40;0;2.58;76931.00;56.00;57.00;48.00;4529.40;969.62;488.28;3.00;1;0;1;0;0;1;0;0;1;0;0;1;1;0;0;0;0;0
2732809;0.92;0.91;58.00;3480.00;15.00;81.75;39.75;1.96;8.04;14.11;0.12;0.29;2.58;76931.00;59.00;59.00;48.00;4529.00;970.01;566.40;3.00;1;0;1;0;0;1;0;0;0;0;0;1;1;0;0;0;0;0
2734113;0.54;1.00;57.00;3477.00;15.00;81.75;-30.00;0;0;14.11;1.13;0;2.58;76931.00;58.00;57.00;48.00;4567.20;970.29;0;3.00;1;0;1;0;0;1;0;0;0;0;0;1;1;0;0;0;0;0
2735552;0.63;1.00;50.00;3071.00;15.00;81.75;-30.00;0;0;14.11;0.64;3.16;2.58;76931.00;50.00;50.00;48.00;4508.40;970.40;0;3.00;1;0;1;0;0;1;0;0;1;0;0;1;1;0;0;0;0;0
2736887;0.88;1.00;40.00;2416.00;15.00;81.75;15.75;0;12.29;14.21;1.09;2.62;2.58;76931.00;40.00;40.00;46.00;4262.60;970.44;39.06;3.00;1;0;1;0;0;1;0;0;1;0;0;1;1;0;0;0;0;0
2738341;1.29;1.02;31.00;1724.00;15.00;81.00;13.50;0.39;11.74;14.21;5.29;5.12;2.58;76931.00;32.00;31.00;48.00;4465.80;970.64;859.36;2.00;1;0;1;0;0;1;0;0;1;0;0;1;1;0;0;0;0;0
2739748;0.91;1.00;25.00;2028.00;15.00;81.00;15.00;0;12.36;14.21;41.64;9.59;2.58;76931.00;25.00;26.00;45.00;4514.60;971.18;97.66;2.00;1;0;1;0;0;1;0;0;1;0;0;1;1;0;0;0;0;0
2741171;1.20;1.00;18.00;1548.00;15.00;81.00;15.00;0;12.36;14.21;48.14;20.99;2.58;76931.00;19.00;19.00;43.00;4473.00;971.54;859.36;2.00;1;0;1;0;0;1;0;0;1;0;0;1;1;0;0;0;0;0
2742618;3.94;1.00;25.00;1940.00;15.00;81.00;8.25;9.41;27.63;14.30;32.56;14.61;2.58;76931.00;24.00;25.00;48.00;4438.60;971.65;859.36;2.00;1;0;1;0;0;1;0;0;1;0;0;1;1;0;0;0;0;0
2743941;5.34;1.04;46.00;3624.00;15.00;81.75;22.50;25.49;38.89;14.02;6.19;2.85;2.58;76931.00;46.00;47.00;48.00;4608.60;971.69;859.36;2.00;1;0;1;0;0;1;0;0;1;0;0;1;1;0;0;0;0;0
2745397;4.38;1.00;58.00;3590.00;15.00;81.75;30.75;17.65;30.50;14.02;1.99;0.10;2.58;76931.00;58.00;59.00;48.00;4457.40;971.73;917.96;3.00;1;0;1;0;0;1;0;0;0;0;0;1;1;0;0;0;0;0
2746824;2.49;0.94;67.00;3510.00;15.00;81.75;37.50;8.24;20.65;14.11;1.00;1.07;2.58;76931.00;66.00;67.00;48.00;4425.00;971.77;761.71;4.00;1;0;1;0;0;1;0;0;0;0;0;1;1;0;0;0;0;0
2748169;2.50;1.00;72.00;3341.00;15.00;81.75;28.50;7.06;18.30;14.11;1.56;2.40;2.58;76931.00;72.00;73.00;48.00;4254.00;972.04;898.43;5.00;1;0;1;0;0;1;0;0;0;0;0;1;1;0;0;0;0;0
2749576;1.91;1.00;78.00;3314.00;15.00;82.50;28.50;5.10;14.22;14.11;0;3.20;2.58;76931.00;78.00;78.00;48.00;4250.20;972.43;898.43;6.00;1;0;1;0;0;1;0;0;0;0;0;1;1;0;0;0;0;0
2750979;0.59;1.00;80.00;3353.00;15.00;82.50;40.50;0;10.88;14.11;0.90;1.86;2.58;76931.00;80.00;80.00;48.00;4502.80;972.79;351.56;6.00;1;0;1;0;0;1;0;0;0;0;0;1;1;0;0;0;0;0
2752385;0.58;1.00;78.00;3306.00;15.00;82.50;-30.00;0;0;14.21;2.01;0.08;2.58;76931.00;78.00;78.00;48.00;4482.00;972.90;0;6.00;1;0;1;0;0;1;0;0;0;0;0;1;1;0;0;0;0;0
2753760;0.64;1.00;73.00;3159.00;15.00;82.50;-30.00;0;0;14.11;3.32;0;2.58;76931.00;74.00;74.00;48.00;4440.00;972.94;0;6.00;1;0;1;0;0;1;0;0;0;0;0;1;1;0;0;0;0;0
2755131;0.66;1.00;70.00;2984.00;15.00;82.50;-30.00;0;0;14.02;0.33;0.35;2.58;76931.00;70.00;70.00;48.00;4436.80;972.98;0;6.00;1;0;1;0;0;1;0;0;0;0;0;1;1;0;0;0;0;0
2756523;0.70;1.00;65.00;2738.00;15.00;82.50;-30.00;0;0;14.11;0;0;2.58;76931.00;65.00;64.00;48.00;4454.60;973.68;0;6.00;1;0;1;0;0;1;0;0;0;0;0;1;1;0;0;0;0;0
2757870;0.71;1.00;61.00;2640.00;15.00;82.50;-30.00;0;0;14.11;2.21;0;2.58;76931.00;62.00;62.00;48.00;4436.20;974.00;0;6.00;1;0;1;0;0;1;0;0;0;0;0;1;1;0;0;0;0;0
2759187;0.82;1.00;58.00;2446.00;15.00;82.50;15.75;0;12.24;14.21;9.78;18.67;2.58;76931.00;58.00;58.00;55.00;4431.40;974.11;722.65;6.00;1;0;1;0;0;1;0;0;0;0;0;1;1;0;0;0;0;0
2760610;0.82;1.00;56.00;2388.00;15.00;82.50;15.75;0;12.21;14.21;26.52;28.94;2.58;76931.00;56.00;56.00;43.00;4528.40;974.27;39.06;6.00;1;0;1;0;0;1;0;0;1;0;0;1;1;0;0;0;0;0
2762049;0.82;1.00;57.00;2426.00;15.00;81.75;16.50;0;12.39;14.21;26.11;7.48;2.58;76931.00;57.00;57.00;44.00;4499.40;974.93;39.06;6.00;1;0;1;0;0;1;0;0;1;0;0;1;1;0;0;0;0;0
2763450;0.80;1.00;57.00;2451.00;15.00;81.75;16.50;0;12.33;14.11;30.78;5.27;2.58;76931.00;57.00;57.00;44.00;4521.60;975.25;39.06;6.00;1;0;1;0;0;1;0;0;1;0;0;1;1;0;0;0;0;0
2764780;0.83;1.00;56.00;2384.00;15.00;81.75;16.50;0;12.37;14.11;23.61;6.27;2.58;76931.00;57.00;57.00;44.00;4509.40;975.36;39.06;6.00;1;0;1;0;0;1;0;0;1;0;0;1;1;0;0;0;0;0
2766154;0.83;1.00;55.00;2353.00;15.00;81.75;15.75;0;12.39;14.11;8.69;4.80;2.58;76931.00;56.00;55.00;44.00;4516.40;975.72;39.06;6.00;1;0;1;0;0;1;0;0;1;0;0;1;1;0;0;0;0;0
2767546;0.88;1.00;47.00;2060.00;15.00;81.75;13.50;0;12.39;14.21;39.04;36.05;2.58;76931.00;47.00;47.00;44.00;4508.20;976.26;898.43;5.00;1;0;1;0;0;1;0;0;1;0;0;1;1;0;0;0;0;0
2769011;3.82;1.00;37.00;1828.00;15.00;81.75;-3.00;4.71;11.21;14.30;55.48;64.90;2.58;76931.00;38.00;38.00;48.00;4493.80;976.54;78.12;4.00;1;0;1;0;0;1;0;0;1;0;0;1;1;0;0;0;0;0
2770475;2.65;1.00;38.00;2467.00;15.00;81.75;20.25;4.71;17.28;14.21;19.32;13.94;2.58;76931.00;39.00;39.00;48.00;4256.20;976.65;898.43;3.00;1;0;1;0;0;1;0;0;1;0;0;1;1;0;0;0;0;0
2771849;2.68;0.94;43.00;2647.00;15.00;81.75;28.50;7.45;22.40;14.21;4.51;4.34;2.58;76931.00;43.00;43.00;48.00;4470.80;976.65;78.12;3.00;1;0;1;0;0;1;0;0;1;0;0;0;1;0;0;0;0;0
2773338;2.35;0.94;47.00;2898.00;15.00;81.75;32.25;6.28;20.24;14.11;0.55;0.53;2.58;76931.00;47.00;47.00;48.00;4524.60;976.69;136.72;3.00;1;0;1;0;0;1;0;0;1;0;0;1;1;0;0;0;0;0
2774723;2.04;0.99;47.00;2991.00;15.00;81.75;33.75;5.10;16.76;14.11;0.96;0;2.58;76931.00;48.00;48.00;48.00;4525.80;976.73;878.90;3.00;1;0;1;0;0;1;0;0;1;0;0;1;1;0;0;0;0;0
2776095;0.67;1.00;45.00;2742.00;15.00;82.50;-30.00;0;0;14.21;0;1.87;2.58;76931.00;45.00;45.00;48.00;4581.00;976.81;0;3.00;1;0;1;0;0;1;0;0;1;0;0;1;1;0;0;0;0;0
2777529;0.86;1.00;37.00;2351.00;15.00;82.50;15.00;0;12.17;14.11;23.69;1.91;2.58;76931.00;38.00;38.00;43.00;4338.20;976.81;781.24;3.00;1;0;1;0;0;1;0;0;1;0;0;1;1;0;0;0;0;0
2778998;0.82;1.00;32.00;2463.00;15.00;82.50;15.00;0;12.28;14.30;24.30;23.38;2.58;76931.00;32.00;32.00;45.00;4524.20;976.77;39.06;2.00;1;0;1;0;0;1;0;0;1;0;0;1;1;0;0;0;0;0
2780390;0.96;1.00;25.00;1973.00;15.00;82.50;13.50;0;12.21;14.21;24.20;39.47;2.58;76931.00;26.00;25.00;42.00;4522.20;976.73;39.06;2.00;1;0;1;0;0;1;0;0;1;0;0;1;1;0;0;0;0;0
2781669;1.51;1.02;22.00;1927.00;15.00;82.50;15.75;1.57;11.11;14.30;38.69;84.10;2.58;76932.00;22.00;22.00;48.00;4524.80;976.73;371.09;2.00;1;0;1;0;0;1;0;0;1;0;0;1;1;0;0;0;0;0
2782976;2.82;1.02;27.00;2139.00;15.00;82.50;19.50;5.49;20.69;14.11;12.46;29.96;2.58;76932.00;27.00;28.00;48.00;4476.40;976.85;878.90;2.00;1;0;1;0;0;1;0;0;1;0;0;1;1;0;0;0;0;0
2784340;2.54;0.95;36.00;2809.00;15.00;82.50;30.75;7.06;21.41;14.11;4.37;7.48;2.58;76932.00;35.00;36.00;48.00;4508.20;976.89;683.59;2.00;1;0;1;0;0;1;0;0;1;0;0;1;1;0;0;0;0;0
2785746;2.16;0.89;43.00;3343.00;15.00;82.50;37.50;6.67;19.81;14.21;1.70;1.07;2.58;76932.00;43.00;43.00;48.00;4520.80;977.00;878.90;2.00;1;0;1;0;0;1;0;0;1;0;0;1;1;0;0;0;0;0
2787075;1.20;1.00;45.00;2721.00;15.00;82.50;30.00;1.57;9.30;14.02;2.70;0.66;2.58;76932.00;45.00;45.00;48.00;4247.60;977.12;917.96;3.00;1;0;1;0;0;1;0;0;1;0;0;1;1;0;0;0;0;0
2788496;0.79;1.00;43.00;2652.00;15.00;82.50;15.75;0;12.32;14.11;1.89;0;2.58;76932.00;44.00;43.00;48.00;4496.20;977.24;58.59;3.00;1;0;1;0;0;1;0;0;1;0;0;1;1;0;0;0;0;0
2789976;0.83;1.00;40.00;2435.00;15.00;83.25;15.00;0;12.12;14.21;57.30;76.60;2.58;76932.00;40.00;40.00;43.00;4551.00;977.24;58.59;3.00;1;0;1;0;0;1;0;0;1;0;0;1;1;0;0;0;0;0
2791421;0.86;1.00;37.00;2294.00;15.00;83.25;15.75;0;12.16;14.21;236.08;140.11;2.58;76932.00;38.00;37.00;42.00;4520.80;977.20;39.06;3.00;1;0;1;0;0;1;0;0;1;0;0;1;1;0;0;0;0;0
2792872;1.05;1.00;31.00;1925.00;15.00;83.25;14.25;0;12.26;14.21;193.78;163.78;2.58;76932.00;31.00;31.00;42.00;4531.80;977.55;761.71;3.00;1;0;1;0;0;1;0;0;1;0;0;1;1;0;0;0;0;0
2794167;0.98;1.00;23.00;1914.00;15.00;83.25;15.00;0;12.10;14.30;185.48;225.36;2.58;76932.00;24.00;24.00;40.00;4523.60;977.79;644.52;2.00;1;0;1;0;0;1;0;0;1;0;0;1;1;0;0;0;0;0
2795580;1.60;0.97;18.00;1466.00;15.00;83.25;12.00;0.39;11.19;14.30;104.27;168.02;2.58;76932.00;19.00;19.00;47.00;4525.40;977.86;742.18;2.00;1;0;1;0;0;1;0;0;1;0;0;1;1;0;0;0;0;0
2796944;1.70;0.98;22.00;1797.00;15.00;83.25;13.50;1.96;12.97;14.30;119.54;241.49;2.58;76932.00;23.00;23.00;47.00;4508.20;977.90;58.59;2.00;1;0;1;0;0;1;0;0;1;0;0;1;1;0;0;0;0;0
2798352;1.76;1.00;26.00;2019.00;15.00;83.25;18.00;1.96;13.45;14.30;177.51;258.26;2.58;76932.00;26.00;26.00;47.00;4502.60;977.90;839.83;2.00;1;0;1;0;0;1;0;0;1;0;0;1;1;0;0;0;0;0
2799722;2.32;0.98;27.00;2140.00;15.00;83.25;19.50;4.31;17.67;14.30;245.04;329.96;2.58;76932.00;27.00;27.00;47.00;4497.80;977.90;371.09;2.00;1;0;1;0;0;1;0;0;1;0;0;1;1;0;0;0;0;0
2801043;1.98;0.97;28.00;2291.00;15.00;83.25;21.75;3.53;15.75;14.21;326.42;308.26;2.58;76932.00;29.00;29.00;47.00;4488.00;977.90;820.30;2.00;1;0;1;0;0;1;0;0;1;0;0;1;1;0;0;0;0;0
2802399;1.50;0.92;30.00;2310.00;15.00;83.25;22.50;2.35;12.71;14.30;306.25;311.93;2.58;76932.00;30.00;30.00;47.00;4516.40;977.90;839.83;2.00;1;0;1;0;0;1;0;0;1;0;0;1;1;0;0;0;0;0
2803805;1.80;0.92;28.00;2210.00;15.00;83.25;21.00;3.14;15.00;14.21;322.69;325.47;2.58;76932.00;28.00;29.00;47.00;4505.60;977.90;39.06;2.00;1;0;1;0;0;1;0;0;1;0;0;1;1;0;0;0;0;0
2805183;2.06;1.00;30.00;2343.00;15.00;84.00;22.50;3.53;15.91;14.30;353.38;344.96;2.58;76932.00;30.00;31.00;47.00;4478.80;977.90;917.96;2.00;1;0;1;0;0;1;0;0;1;0;0;1;1;0;0;0;0;0
2806570;2.42;0.95;35.00;2730.00;14.25;84.00;29.25;6.28;20.21;14.02;343.06;339.84;2.58;76932.00;35.00;35.00;47.00;4517.20;977.90;878.90;2.00;1;0;1;0;0;1;0;0;1;0;0;1;1;0;0;0;0;0
2807934;1.28;0.89;36.00;2762.00;14.25;84.00;30.75;2.35;11.58;14.21;348.65;326.68;2.58;76932.00;36.00;36.00;47.00;4516.80;977.90;839.83;2.00;1;0;1;0;0;1;0;0;1;0;0;1;1;0;0;0;0;0
2809217;1.60;0.89;35.00;2785.00;14.25;84.00;30.75;3.53;14.42;14.21;274.90;334.12;2.58;76932.00;36.00;36.00;47.00;4502.40;977.90;97.66;2.00;1;0;1;0;0;1;0;0;1;0;0;1;1;0;0;0;0;0
2810666;1.16;0.89;36.00;2872.00;14.25;83.25;32.25;2.35;10.49;14.11;325.19;334.30;2.58;76932.00;37.00;37.00;47.00;4503.60;977.90;878.90;2.00;1;0;1;0;0;1;0;0;1;0;0;1;1;0;0;0;0;0
2812092;1.32;0.85;35.00;2712.00;14.25;83.25;30.00;2.75;12.38;14.11;351.56;350.06;2.58;76932.00;35.00;35.00;47.00;4517.80;977.90;97.66;2.00;1;0;1;0;0;1;0;0;1;0;0;1;1;0;0;0;0;0
2813492;1.64;0.88;33.00;2656.00;14.25;83.25;28.50;3.53;14.88;14.11;348.86;340.10;2.58;76932.00;34.00;34.00;47.00;4512.60;977.90;58.59;2.00;1;0;1;0;0;1;0;0;1;0;0;1;1;0;0;0;0;0
2814855;1.53;0.91;35.00;2730.00;14.25;83.25;30.00;3.14;13.35;14.11;295.78;290.14;2.58;76932.00;35.00;35.00;47.00;4513.60;977.79;781.24;2.00;1;0;1;0;0;1;0;0;1;0;0;1;1;0;0;0;0;0
2816213;1.14;0.86;33.00;2688.00;14.25;83.25;29.25;2.35;10.76;14.02;317.56;284.90;2.58;76932.00;34.00;34.00;47.00;4512.60;977.83;273.43;2.00;1;0;1;0;0;1;0;0;1;0;0;1;1;0;0;0;0;0
2817630;1.22;0.88;32.00;2545.00;14.25;82.50;26.25;1.96;11.10;14.21;74.12;81.38;2.58;76932.00;33.00;33.00;48.00;4528.20;977.75;58.59;2.00;1;0;1;0;0;1;0;0;1;0;0;1;1;0;0;0;0;0
2819102;1.08;0.88;30.00;2370.00;14.25;82.50;24.00;1.18;9.66;14.21;15.12;15.74;2.58;76932.00;30.00;31.00;48.00;4504.80;977.71;781.24;2.00;1;0;1;0;0;1;0;0;1;0;0;1;1;0;0;0;0;0
2820526;0.94;1.00;26.00;2063.00;14.25;82.50;14.25;0;12.26;14.21;9.75;17.01;2.58;76932.00;27.00;26.00;43.00;4512.20;977.71;58.59;2.00;1;0;1;0;0;1;0;0;1;0;0;1;1;0;0;0;0;0
2822020;1.08;0.98;21.00;1673.00;14.25;82.50;13.50;0;12.21;14.30;33.63;63.59;2.58;76932.00;21.00;21.00;42.00;4504.60;977.79;878.90;2.00;1;0;1;0;0;1;0;0;1;0;0;1;1;0;0;0;0;0
2823479;1.29;0.94;17.00;1393.00;14.25;82.50;14.25;0;12.17;14.39;107.47;71.52;2.31;76932.00;18.00;18.00;41.00;4497.00;977.83;859.36;2.00;1;0;1;0;0;1;0;0;1;0;0;1;1;0;0;0;0;0
2824985;1.25;0.90;15.00;1358.00;14.25;82.50;14.25;0;12.17;14.39;173.47;113.31;2.31;76932.00;16.00;15.00;42.00;4509.20;977.86;39.06;2.00;1;0;1;1;0;1;0;0;1;0;0;1;1;0;0;1;0;0
2826345;1.23;0.94;13.00;1339.00;14.25;82.50;13.50;0;12.01;14.30;192.78;73.96;2.58;76932.00;13.00;13.00;42.00;4515.60;977.86;78.12;2.00;1;0;1;0;0;1;0;0;1;0;0;1;1;0;0;0;0;0
2827746;1.24;0.95;12.00;1391.00;14.25;82.50;14.25;0;12.19;14.39;177.86;134.58;2.31;76932.00;12.00;12.00;42.00;4512.20;977.75;878.90;1;1;0;1;0;0;1;0;0;1;0;0;1;1;0;0;0;0;0
2829141;1.29;0.93;11.00;1255.00;14.25;82.50;15.75;0;12.38;14.21;242.62;267.11;2.58;76932.00;11.00;10.00;42.00;4518.80;977.79;58.59;1;1;0;1;0;0;1;0;0;1;0;0;1;1;0;0;0;0;0
2830553;1.34;0.97;6.00;1303.00;15.00;83.25;12.00;0;11.66;14.39;252.13;176.67;2.31;76932.00;7.00;7.00;40.00;4509.20;977.71;78.12;1;1;0;1;0;0;1;0;0;1;0;0;1;1;0;0;0;0;0
2831979;1.39;0.99;6.00;1470.00;15.00;83.25;12.75;0;12.75;14.30;164.17;104.37;2.58;76932.00;6.00;6.00;47.00;4500.60;977.71;58.59;1;1;0;1;0;0;1;0;0;1;0;0;1;1;0;0;0;0;0
2833278;1.56;1.00;6.00;2821.00;15.00;83.25;32.25;1.96;9.95;14.11;173.09;159.91;2.58;76932.00;6.00;5.00;47.00;4322.00;977.67;917.96;1;1;0;1;0;0;1;0;0;1;0;0;1;1;0;0;0;0;0
2834704;1.06;1.00;7.00;1762.00;15.00;83.25;15.00;0;12.15;14.30;271.78;309.77;2.58;76932.00;8.00;8.00;43.00;4439.60;977.63;878.90;1;1;0;1;0;0;1;0;0;1;0;0;1;1;0;0;0;0;0
2836133;1.29;0.96;8.00;1266.00;15.00;84.00;13.50;0;12.01;14.21;323.85;287.44;2.58;76932.00;8.00;8.00;41.00;4509.60;977.59;761.71;1;1;0;1;0;0;1;0;0;1;0;0;1;1;0;0;0;0;0
2837587;1.35;0.96;6.00;1249.00;15.00;84.00;14.25;0;11.94;14.21;155.09;154.54;2.58;76932.00;7.00;7.00;39.00;4518.40;977.71;58.59;1;1;0;1;0;0;1;0;0;1;0;0;1;1;0;0;0;0;0
2838992;1.38;0.98;3.00;1269.00;15.00;84.00;12.75;0;11.56;14.21;152.10;191.34;2.58;76932.00;4.00;4.00;38.00;4510.40;977.71;839.83;1;1;0;1;0;0;1;0;0;1;0;0;1;1;0;0;0;0;0
2840441;1.33;0.94;0;1241.00;15.00;84.00;15.00;0;11.78;14.11;100.01;151.83;2.58;76932.00;0;0;37.00;4505.20;977.63;58.59;1;1;0;1;0;0;1;0;0;1;0;0;1;1;0;0;0;0;0
2841910;1.37;0.98;0;1225.00;15.00;84.00;17.25;0;12.20;13.92;131.24;194.36;2.82;76932.00;0;0;39.00;4505.80;977.75;58.59;1;1;0;1;0;0;1;0;0;1;0;0;1;1;0;0;0;0;0
2843291;1.32;1.02;0;1236.00;15.00;84.00;15.75;0;11.95;14.02;161.67;215.83;2.58;76932.00;0;0;38.00;4520.60;977.83;722.65;1;1;0;1;0;0;1;0;0;1;0;0;1;1;0;0;0;0;0
2844763;1.34;1.01;0;1251.00;15.00;84.00;15.00;0;11.79;14.11;140.64;167.74;2.58;76932.00;0;0;38.00;4522.20;977.71;546.87;1;1;0;1;0;0;1;0;0;1;0;0;1;1;0;0;0;0;0
2846073;2.01;1.00;0;2405.00;15.00;84.75;22.50;3.53;14.75;14.21;239.61;227.64;2.58;76932.00;0;0;46.00;4451.60;977.79;917.96;1;1;0;1;0;0;1;0;0;1;0;0;1;1;0;0;0;0;0
2847460;1.32;1.00;0;1312.00;15.00;84.75;13.50;0;11.94;14.30;259.30;150.69;2.58;76932.00;0;0;41.00;4490.20;977.79;878.90;1;1;0;1;0;0;1;0;0;1;0;0;1;1;0;0;0;0;0
2848854;1.99;0.98;0;1755.00;15.00;84.75;13.50;2.35;14.59;14.39;149.74;92.65;2.31;76932.00;0;0;46.00;4520.60;977.79;39.06;1;1;0;1;0;0;1;0;0;1;0;0;1;1;0;0;0;0;0
2850223;1.30;0.99;0;1268.00;15.00;84.75;13.50;0;11.84;14.21;74.59;72.40;2.58;76932.00;0;0;40.00;4501.60;977.79;78.12;1;1;0;1;1;0;1;0;0;1;0;0;1;1;0;0;1;0;0
2851627;1.38;1.02;0;1254.00;15.00;84.75;13.50;0;11.72;14.30;101.95;73.84;2.58;76932.00;0;0;39.00;4509.40;977.86;78.12;1;1;0;1;1;0;1;0;0;1;0;0;1;1;0;0;1;0;0
2853041;1.30;1.02;0;1248.00;15.00;84.75;13.50;0;11.52;14.30;84.60;61.81;2.58;76932.00;0;0;36.00;4511.80;977.79;859.36;1;1;0;1;0;0;1;0;0;1;0;0;1;1;0;0;0;0;0
2854518;0.94;1.00;0;1988.00;15.00;84.75;13.50;0;12.12;14.30;40.45;29.57;2.58;76932.00;0;0;41.00;4492.40;977.86;878.90;1;1;0;1;1;0;1;0;0;1;0;0;1;1;0;0;0;0;0
2855910;1.26;0.97;0;1249.00;15.00;84.75;14.25;0;12.02;14.11;18.26;18.20;2.58;76932.00;0;0;40.00;4507.40;977.86;39.06;1;1;0;1;1;0;1;0;0;1;0;0;1;1;0;0;1;0;0
2857221;1.27;1.01;0;1259.00;15.00;84.75;13.50;0;11.76;13.92;68.98;48.79;2.82;76932.00;0;0;39.00;4506.40;977.67;58.59;0;1;0;1;0;0;1;0;0;1;0;0;1;1;0;0;1;0;0
2858691;1.36;1.04;0;1245.00;15.00;84.75;14.25;0;11.76;14.21;161.83;198.50;2.58;76932.00;0;0;38.00;4523.80;977.83;820.30;0;1;0;1;0;0;1;0;0;1;0;0;1;1;0;0;1;0;0
2860209;1.26;1.01;0;1240.00;15.00;85.50;14.25;0;11.55;14.21;75.00;111.26;2.58;76932.00;0;0;36.00;4515.00;977.86;585.93;0;1;0;1;0;0;1;0;0;1;0;0;1;1;0;0;1;0;0
2861615;1.23;0.99;0;1207.00;15.00;85.50;17.25;0;11.92;14.21;40.90;53.90;2.58;76932.00;0;0;36.00;4504.40;977.79;58.59;0;1;0;1;0;0;1;0;0;1;0;0;1;1;0;0;1;0;0
2863063;1.25;1.03;0;1249.00;15.00;85.50;14.25;0;11.43;14.30;22.48;37.19;2.58;76932.00;0;0;36.00;4507.80;977.86;175.78;0;1;0;1;0;0;1;0;0;1;0;0;1;1;0;0;1;0;0
2864495;1.28;1.03;0;1237.00;15.00;85.50;15.00;0;11.50;14.11;12.46;16.78;2.58;76932.00;0;0;36.00;4519.00;977.90;839.83;0;1;0;1;0;0;1;0;0;1;0;0;1;1;0;0;1;0;0
2865810;1.27;0.99;0;1257.00;15.00;85.50;13.50;0;11.36;14.30;5.82;8.36;2.58;76932.00;0;0;36.00;4523.00;977.90;820.30;0;1;0;1;0;0;1;0;0;1;0;0;1;1;0;0;1;0;0
