##;##
#2014-05-07 09:02:52
#GS-911 Android V1.1
#F800GS
#BMS-KP2
Time (ms);Injection time( ms);Lambda control factor;Speed( km/h);RPM;Intake air temperature( °C);Engine temperature( °C);Ignition angle( °KW);Throttle valve position (TPS)( %);Engine load( %);Battery voltage( V);Knock sensor 1( V);Knock sensor 2( V);Ignition dwell time( ms);Odometer( km);Front wheel speed( km/h);Rear wheel speed( km/h);Idle actuator position( steps);Fuel pressure( mbar);Ambient air pressure( mbar);Lambda sensor voltage( mV);Gear position;Sidestand switch 1;Sidestand switch 2;Sidestand switch calculated;Clutch switch;Kill switch;Oil pressure switch;Start switch;Tank venting valve (US only);Secondary air valve;Engine over-temperature light;Actuation of starter relay;Lambda sensor heating;Fuel pump;Fan motor;Engine safety cut-out (of BMSK);Starter function (of BMSK);Starter safety cut-out (of BMSK);Engine warning light (MIL)
95;0;1.00;0;0;24.75;22.5;-96.0;0;55.39;12.31;52.80;52.80;3.48;118011.0;0;0;204.0;4458.0;972.98;449.21;0;1.0;0;1.0;0;0;0;0;0;0;0;0;0;0;0;0;1.0;0;0
662;0;1.00;0;0;24.75;22.5;-96.0;0;55.39;12.31;52.80;52.80;3.48;118011.0;0;0;204.0;4457.0;972.98;449.21;0;1.0;0;1.0;0;0;0;0;0;0;0;0;0;0;0;0;1.0;0;0
1218;0;1.00;0;0;24.75;22.5;-96.0;0;55.39;12.31;52.80;52.80;3.48;118011.0;0;0;204.0;4452.0;972.98;449.21;0;1.0;0;1.0;0;0;0;0;0;0;0;0;0;0;0;0;1.0;0;0
1805;0;1.00;0;0;24.75;22.5;-96.0;0;55.39;12.31;52.80;52.80;3.48;118011.0;0;0;204.0;4451.0;972.98;449.21;0;1.0;0;1.0;0;0;0;0;0;0;0;0;0;0;0;0;1.0;0;0
2377;0;1.00;0;0;24.75;22.5;-96.0;0;55.39;12.31;52.80;52.80;3.48;118011.0;0;0;204.0;4446.0;972.98;449.21;0;1.0;0;1.0;0;0;0;0;0;0;0;0;0;0;0;0;1.0;0;0
2994;0;1.00;0;0;24.75;22.5;-96.0;0;55.39;12.31;52.80;52.80;3.48;118011.0;0;0;204.0;4446.0;973.05;449.21;0;1.0;0;1.0;0;0;0;0;0;0;0;0;0;0;0;0;1.0;0;0
3558;0;1.00;0;0;24.75;22.5;-96.0;0;55.39;8.90;52.80;52.80;6.00;118011.0;0;0;204.0;4441.0;973.02;449.21;0;1.0;0;1.0;0;0;0;1.0;0;0;0;1.0;0;1.0;0;0;1.0;0;0
4127;6.88;1.00;0;1576.0;24.75;22.5;19.5;0;20.80;11.17;52.80;52.80;3.70;118011.0;0;0;204.0;4270.0;973.02;449.21;0;1.0;0;1.0;0;0;0;0;0;1.0;0;0;1.0;1.0;0;0;1.0;0;0
4682;3.72;1.00;0;1775.0;24.75;22.5;3.0;0;16.96;12.87;38.45;34.58;3.24;118011.0;0;0;204.0;4355.0;973.02;449.21;0;1.0;0;1.0;0;0;1.0;0;0;1.0;0;0;1.0;1.0;0;0;1.0;0;0
5222;3.47;1.00;0;1576.0;24.75;22.5;3.0;0;16.23;13.06;27.40;24.97;3.24;118011.0;0;0;172.0;4402.0;973.17;449.21;0;1.0;0;1.0;0;0;1.0;0;0;1.0;0;0;1.0;1.0;0;0;1.0;0;0
5774;3.28;1.00;0;1466.0;24.75;22.5;4.5;0;15.89;13.25;26.83;23.98;3.07;118011.0;0;0;151.0;4459.0;973.21;449.21;0;1.0;0;1.0;0;0;1.0;0;0;1.0;0;0;1.0;1.0;0;0;1.0;0;0
6327;2.86;1.00;0;1425.0;24.75;22.5;4.5;0;15.45;13.35;26.03;23.33;3.07;118011.0;0;0;139.0;4487.0;973.41;449.21;0;1.0;0;1.0;0;0;1.0;0;0;1.0;0;0;1.0;1.0;0;0;1.0;0;0
6831;2.84;1.00;0;1417.0;24.75;22.5;5.25;0;15.63;13.54;24.54;35.25;3.07;118011.0;0;0;135.0;4494.0;973.44;449.21;0;1.0;0;1.0;0;0;1.0;0;0;1.0;0;0;1.0;1.0;0;0;1.0;0;0
7374;2.81;1.00;0;1421.0;24.75;22.5;5.25;0;15.60;13.73;24.19;104.11;2.82;118011.0;0;0;135.0;4512.0;973.52;449.21;0;1.0;0;1.0;0;0;1.0;0;0;1.0;0;0;1.0;1.0;0;0;1.0;0;0
7883;2.66;1.00;0;1416.0;24.75;22.5;5.25;0;15.55;14.01;93.19;119.26;2.58;118011.0;0;0;132.0;4483.0;973.60;449.21;0;1.0;0;1.0;0;0;1.0;0;0;1.0;0;0;1.0;1.0;0;0;1.0;0;0
8404;2.64;1.00;0;1399.0;24.75;22.5;6.0;0;15.54;14.20;80.36;102.90;2.58;118011.0;0;0;133.0;4501.0;973.72;449.21;0;1.0;0;1.0;0;0;1.0;0;0;1.0;0;0;1.0;1.0;0;0;1.0;0;0
8938;2.76;1.00;0;1363.0;24.75;22.5;6.75;0;15.94;14.20;58.53;74.97;2.58;118011.0;0;0;132.0;4530.0;973.80;449.21;0;1.0;0;1.0;0;0;1.0;0;0;1.0;0;0;1.0;1.0;0;0;1.0;0;0
9481;2.57;1.00;0;1382.0;24.75;22.5;6.75;0;15.93;14.29;53.51;70.21;2.58;118011.0;0;0;134.0;4490.0;973.76;449.21;0;1.0;0;1.0;0;0;1.0;0;0;1.0;0;0;1.0;1.0;0;0;1.0;0;0
10002;2.52;1.00;0;1415.0;24.75;22.5;5.25;0;15.51;14.29;48.14;51.83;2.58;118011.0;0;0;133.0;4509.0;973.91;449.21;0;1.0;0;1.0;0;0;1.0;0;0;1.0;0;0;1.0;1.0;0;0;1.0;0;0
10555;2.56;1.00;0;1423.0;24.75;22.5;4.5;0;15.07;14.39;37.04;45.05;2.31;118011.0;0;0;133.0;4531.0;973.99;449.21;0;1.0;0;1.0;0;0;1.0;0;0;1.0;0;0;1.0;1.0;0;0;1.0;0;0
11149;2.50;1.00;0;1367.0;24.75;23.25;6.75;0;15.89;14.20;32.47;50.83;2.58;118011.0;0;0;131.0;4509.0;973.99;449.21;0;1.0;0;1.0;0;0;1.0;0;0;1.0;0;0;1.0;1.0;0;0;1.0;0;0
11686;2.71;1.00;0;1367.0;24.75;23.25;6.75;0;15.94;14.39;24.74;52.88;2.31;118011.0;0;0;134.0;4496.0;973.99;449.21;0;1.0;0;1.0;0;0;1.0;0;0;1.0;0;0;1.0;1.0;0;0;1.0;0;0
12174;2.57;1.00;0;1415.0;24.75;23.25;5.25;0;15.58;14.29;29.21;69.31;2.58;118011.0;0;0;132.0;4513.0;973.99;449.21;0;1.0;0;1.0;0;0;1.0;0;0;1.0;0;0;1.0;1.0;0;0;1.0;0;0
12724;2.55;1.00;0;1379.0;24.75;23.25;6.75;0;15.97;14.29;21.24;50.48;2.58;118011.0;0;0;131.0;4512.0;973.91;449.21;0;1.0;0;1.0;0;0;1.0;0;0;1.0;0;0;1.0;1.0;0;0;1.0;0;0
13310;2.56;1.00;0;1373.0;24.75;23.25;6.75;0;15.93;14.39;18.16;38.98;2.31;118011.0;0;0;133.0;4518.0;973.95;449.21;0;1.0;0;1.0;0;0;1.0;0;0;1.0;0;0;1.0;1.0;0;0;1.0;0;0
13944;2.46;1.00;0;1398.0;24.75;23.25;6.0;0;15.74;14.29;14.41;28.78;2.58;118011.0;0;0;134.0;4516.0;974.03;449.21;0;1.0;0;1.0;0;0;1.0;0;0;1.0;0;0;1.0;1.0;0;0;1.0;0;0
14454;2.4;1.00;0;1400.0;24.75;23.25;6.0;0;15.83;14.39;17.59;35.68;2.31;118011.0;0;0;135.0;4521.0;973.99;449.21;0;1.0;0;1.0;0;0;1.0;0;0;1.0;0;0;1.0;1.0;0;0;1.0;0;0
15130;2.44;1.00;0;1408.0;24.75;23.25;5.25;0;15.65;14.39;21.24;27.86;2.31;118011.0;0;0;134.0;4499.0;974.07;449.21;0;1.0;0;1.0;1.0;0;1.0;0;0;1.0;0;0;1.0;1.0;0;0;1.0;0;0
15692;2.48;1.00;0;1354.0;24.75;24.0;6.75;0;15.98;14.29;20.29;23.45;2.58;118011.0;0;0;135.0;4523.0;973.99;449.21;1.0;1.0;0;1.0;1.0;0;1.0;0;0;1.0;0;0;1.0;1.0;0;0;1.0;0;0
16291;2.37;1.00;0;1372.0;24.75;24.0;6.75;0;15.98;14.48;41.11;34.90;2.31;118011.0;0;0;135.0;4519.0;973.99;449.21;1.0;1.0;0;1.0;1.0;0;1.0;0;0;1.0;0;0;1.0;1.0;0;0;1.0;0;0
16879;2.38;1.00;0;1358.0;24.75;24.0;6.75;0;16.03;14.29;91.92;88.02;2.58;118011.0;0;0;133.0;4519.0;974.03;449.21;1.0;1.0;0;1.0;0;0;1.0;0;0;1.0;0;0;1.0;1.0;0;0;0;0;0
17429;0.74;1.00;0;2369.0;24.75;24.75;9.75;0;16.98;14.29;112.80;115.69;2.58;118011.0;0;0;138.0;4580.0;973.87;449.21;1.0;1.0;0;1.0;0;0;1.0;0;0;1.0;0;0;1.0;1.0;0;0;0;0;0
17964;4.75;1.00;0;1987.0;24.75;24.75;8.25;6.66;21.19;14.29;117.06;154.59;2.58;118011.0;0;0;130.0;4566.0;973.76;449.21;1.0;1.0;0;1.0;0;0;1.0;0;0;1.0;0;0;1.0;1.0;0;0;0;0;0
18548;4.31;1.00;0;1950.0;24.75;24.75;8.25;8.23;25.35;14.39;139.40;183.95;2.31;118011.0;0;0;130.0;4510.0;973.72;449.21;1.0;1.0;0;1.0;0;0;1.0;0;0;1.0;0;0;1.0;1.0;0;0;0;0;0
19150;4.03;1.00;6.0;2145.0;24.75;24.75;8.25;8.23;23.04;14.48;196.64;198.58;2.31;118011.0;7.0;7.0;130.0;4492.0;973.72;449.21;1.0;1.0;0;1.0;1.0;0;1.0;0;0;1.0;0;0;1.0;1.0;0;0;1.0;0;0
19740;2.12;1.00;8.0;1665.0;24.75;24.75;6.75;0;16.88;14.29;191.94;185.65;2.58;118011.0;9.0;8.0;157.0;4546.0;973.76;449.21;1.0;1.0;0;1.0;0;0;1.0;0;0;1.0;0;0;1.0;1.0;0;0;0;0;0
20402;2.10;1.00;8.0;1639.0;24.75;25.5;6.75;0;16.86;14.29;219.75;129.56;2.58;118011.0;9.0;9.0;153.0;4506.0;973.87;449.21;1.0;1.0;0;1.0;0;0;1.0;0;0;1.0;0;0;1.0;1.0;0;0;0;0;0
20975;2.12;1.00;8.0;1602.0;24.75;25.5;6.75;0;16.74;14.48;183.11;95.36;2.31;118011.0;9.0;9.0;149.0;4484.0;973.99;449.21;1.0;1.0;0;1.0;0;0;1.0;0;0;1.0;0;0;1.0;1.0;0;0;0;0;0
21522;2.28;1.00;8.0;1550.0;24.75;25.5;6.75;0;16.69;14.39;132.43;83.02;2.31;118011.0;9.0;9.0;149.0;4483.0;974.07;449.21;1.0;1.0;0;1.0;0;0;1.0;0;0;1.0;0;0;1.0;1.0;0;0;0;0;0
22091;2.27;1.00;8.0;1563.0;24.75;25.5;6.75;0;16.75;14.48;113.50;68.66;2.31;118011.0;9.0;9.0;150.0;4521.0;974.11;429.68;1.0;1.0;0;1.0;1.0;0;1.0;0;0;1.0;0;0;1.0;1.0;0;0;0;0;0
22652;2.17;1.00;8.0;1583.0;24.75;26.25;6.75;0;16.74;14.48;95.63;55.75;2.31;118011.0;9.0;9.0;149.0;4544.0;974.11;429.68;1.0;1.0;0;1.0;0;0;1.0;0;0;1.0;0;0;1.0;1.0;0;0;0;0;0
23234;2.17;1.00;10.0;1590.0;24.75;26.25;6.75;0;16.77;14.48;96.92;47.36;2.31;118011.0;10.0;10.0;148.0;4492.0;974.07;429.68;1.0;1.0;0;1.0;0;0;1.0;0;0;1.0;0;0;1.0;1.0;0;0;0;0;0
23755;2.20;1.00;10.0;1552.0;24.75;26.25;6.75;0;16.64;14.39;66.96;32.73;2.31;118011.0;10.0;10.0;149.0;4529.0;973.99;429.68;1.0;1.0;0;1.0;0;0;1.0;0;0;1.0;0;0;1.0;1.0;0;0;0;0;0
24295;2.28;1.00;10.0;1569.0;24.75;26.25;6.75;0;16.79;14.48;46.24;25.11;2.31;118011.0;9.0;10.0;151.0;4490.0;973.91;429.68;1.0;1.0;0;1.0;0;0;1.0;0;0;1.0;0;0;1.0;1.0;0;0;0;0;0
24844;2.20;1.00;10.0;1541.0;24.75;26.25;6.75;0;16.68;14.48;40.62;22.63;2.31;118011.0;10.0;10.0;149.0;4509.0;973.91;429.68;1.0;1.0;0;1.0;0;0;1.0;0;0;1.0;0;0;1.0;1.0;0;0;0;0;0
25509;2.27;1.00;10.0;1501.0;24.75;27.0;6.0;0;16.58;14.48;51.94;31.52;2.31;118011.0;10.0;11.0;149.0;4518.0;973.91;429.68;1.0;1.0;0;1.0;0;0;1.0;0;0;1.0;0;0;1.0;1.0;0;0;0;0;0
26018;2.38;1.00;10.0;1463.0;24.75;27.0;6.0;0;16.47;14.58;35.87;20.62;2.31;118011.0;11.0;11.0;149.0;4542.0;973.87;429.68;1.0;1.0;0;1.0;0;0;1.0;0;0;1.0;0;0;1.0;1.0;0;0;0;0;0
26559;2.35;1.00;11.0;1498.0;24.75;27.0;6.0;0;16.54;14.29;26.09;14.97;2.58;118011.0;11.0;11.0;148.0;4524.0;973.95;429.68;1.0;1.0;0;1.0;0;0;1.0;0;0;1.0;0;0;1.0;1.0;0;0;0;0;0
27175;2.30;1.00;11.0;1552.0;24.75;27.0;6.0;0;16.53;14.48;17.06;10.29;2.31;118011.0;11.0;11.0;150.0;4525.0;973.99;429.68;1.0;1.0;0;1.0;0;0;1.0;0;0;1.0;0;0;1.0;1.0;0;0;0;0;0
27714;2.33;1.00;10.0;1509.0;24.75;27.0;6.75;0;16.71;14.39;13.45;6.69;2.31;118011.0;11.0;10.0;147.0;4526.0;973.99;429.68;1.0;1.0;0;1.0;0;0;1.0;0;0;1.0;0;0;1.0;1.0;0;0;0;0;0
28246;2.29;1.00;10.0;1533.0;24.75;27.75;6.75;0;16.67;14.39;9.23;4.84;2.31;118011.0;10.0;10.0;148.0;4516.0;973.99;429.68;1.0;1.0;0;1.0;0;0;1.0;0;0;1.0;0;0;1.0;1.0;0;0;0;0;0
28814;2.24;1.00;10.0;1566.0;24.75;27.75;6.75;0;16.62;14.39;22.28;54.00;2.31;118011.0;11.0;10.0;147.0;4533.0;974.07;429.68;1.0;1.0;0;1.0;0;0;1.0;0;0;1.0;0;0;1.0;1.0;0;0;0;0;0
29405;2.35;1.00;11.0;1484.0;24.75;27.75;6.75;0;16.63;14.48;43.45;57.84;2.31;118011.0;11.0;11.0;148.0;4508.0;974.11;429.68;1.0;1.0;0;1.0;0;0;1.0;0;0;1.0;0;0;1.0;1.0;0;0;0;0;0
30025;2.20;1.00;11.0;1529.0;24.75;27.75;6.75;0;16.61;14.48;34.13;40.25;2.31;118011.0;11.0;11.0;147.0;4482.0;974.11;410.15;1.0;1.0;0;1.0;0;0;1.0;0;0;1.0;0;0;1.0;1.0;0;0;0;0;0
30644;2.33;1.00;11.0;1499.0;24.75;28.5;6.0;0;16.43;14.39;43.41;94.81;2.31;118011.0;11.0;11.0;147.0;4520.0;974.15;410.15;1.0;1.0;0;1.0;1.0;0;1.0;0;0;1.0;0;0;1.0;1.0;0;0;1.0;0;0
31175;2.24;1.00;10.0;1557.0;24.75;28.5;6.75;0;16.61;14.48;103.74;137.90;2.31;118011.0;10.0;10.0;146.0;4507.0;974.03;410.15;1.0;1.0;0;1.0;0;0;1.0;0;0;1.0;0;0;1.0;1.0;0;0;0;0;0
31722;2.27;1.00;10.0;1549.0;24.75;28.5;6.0;0;16.46;14.48;82.22;121.78;2.31;118011.0;10.0;10.0;147.0;4513.0;974.07;410.15;1.0;1.0;0;1.0;0;0;1.0;0;0;1.0;0;0;1.0;1.0;0;0;0;0;0
32297;2.21;1.00;8.0;1576.0;24.75;29.25;6.75;0;16.50;14.58;74.17;109.50;2.31;118011.0;9.0;9.0;144.0;4516.0;974.07;410.15;1.0;1.0;0;1.0;1.0;0;1.0;0;0;1.0;0;0;1.0;1.0;0;0;1.0;0;0
32824;2.28;1.00;7.0;1448.0;24.75;29.25;4.5;0;15.61;14.48;54.89;80.01;2.31;118011.0;8.0;8.0;141.0;4500.0;974.03;410.15;1.0;1.0;0;1.0;0;0;1.0;0;0;1.0;0;0;1.0;1.0;0;0;0;0;0
33387;2.28;1.00;7.0;1454.0;24.75;29.25;4.5;0;15.26;14.39;40.91;55.25;2.31;118011.0;7.0;7.0;134.0;4512.0;974.03;410.15;1.0;1.0;0;1.0;0;0;1.0;0;0;1.0;0;0;1.0;1.0;0;0;0;0;0
34069;2.28;1.00;6.0;1419.0;24.75;29.25;5.25;0;15.53;14.39;31.69;42.79;2.31;118011.0;7.0;7.0;131.0;4510.0;974.07;410.15;1.0;1.0;0;1.0;0;0;1.0;0;0;1.0;0;0;1.0;1.0;0;0;0;0;0
34626;2.18;1.00;6.0;1439.0;24.75;30.0;4.5;0;14.98;14.29;31.81;33.86;2.58;118011.0;6.0;6.0;128.0;4506.0;974.11;410.15;1.0;1.0;0;1.0;0;0;1.0;0;0;1.0;0;0;1.0;1.0;0;0;0;0;0
35230;2.31;1.00;6.0;1338.0;24.75;30.0;7.5;0;16.23;14.39;36.09;27.40;2.31;118011.0;7.0;7.0;128.0;4522.0;974.15;410.15;1.0;1.0;0;1.0;0;0;1.0;0;0;1.0;0;0;1.0;1.0;0;0;0;0;0
35758;2.31;1.00;6.0;1397.0;24.75;30.0;6.0;0;15.52;14.48;33.16;38.63;2.31;118011.0;6.0;6.0;126.0;4507.0;974.15;390.62;1.0;1.0;0;1.0;0;0;1.0;0;0;1.0;0;0;1.0;1.0;0;0;0;0;0
36310;2.12;1.00;6.0;1453.0;24.75;30.0;3.75;0;14.57;14.58;36.18;82.65;2.31;118011.0;5.0;6.0;124.0;4494.0;974.11;390.62;1.0;1.0;0;1.0;0;0;1.0;0;0;1.0;0;0;1.0;1.0;0;0;0;0;0
36872;2.15;1.00;6.0;1425.0;24.75;30.0;4.5;0;14.76;14.39;24.95;57.10;2.31;118011.0;6.0;6.0;125.0;4525.0;974.07;390.62;1.0;1.0;0;1.0;0;0;1.0;0;0;1.0;0;0;1.0;1.0;0;0;0;0;0
37415;2.14;1.00;7.0;1402.0;24.75;30.75;6.0;0;15.14;14.48;24.70;43.84;2.31;118011.0;7.0;7.0;121.0;4525.0;973.91;390.62;1.0;1.0;0;1.0;0;0;1.0;0;0;1.0;0;0;1.0;1.0;0;0;1.0;0;0
37967;2.19;1.00;7.0;1437.0;24.75;30.75;4.5;0;14.53;14.58;33.61;47.82;2.31;118011.0;8.0;7.0;121.0;4506.0;973.91;390.62;1.0;1.0;0;1.0;0;0;1.0;0;0;1.0;0;0;1.0;1.0;0;0;0;0;0
38536;2.23;1.00;7.0;1387.0;24.75;30.75;6.75;0;15.28;14.29;25.52;50.79;2.58;118011.0;8.0;6.0;120.0;4533.0;973.95;390.62;1.0;1.0;0;1.0;0;0;1.0;0;0;1.0;0;0;1.0;1.0;0;0;0;0;0
39094;2.23;1.00;8.0;1459.0;24.75;30.75;9.0;0;16.18;12.97;35.85;37.06;3.24;118011.0;9.0;5.0;130.0;4517.0;973.87;390.62;1.0;1.0;0;1.0;0;0;1.0;0;0;1.0;0;0;1.0;1.0;0;0;0;0;0
39615;2.16;1.00;6.0;1480.0;24.75;31.5;3.75;0;14.88;14.11;26.07;28.76;2.58;118011.0;6.0;6.0;134.0;4520.0;973.91;390.62;1.0;1.0;0;1.0;0;0;1.0;0;0;1.0;0;0;1.0;1.0;0;0;0;0;0
40144;2.24;1.00;6.0;1440.0;24.75;31.5;5.25;0;14.96;13.82;21.77;26.05;2.82;118011.0;6.0;6.0;128.0;4559.0;973.95;390.62;1.0;1.0;0;1.0;0;0;1.0;0;0;1.0;0;0;1.0;1.0;0;0;0;0;0
40693;2.72;1.00;7.0;1454.0;24.75;31.5;9.75;1.96;16.31;14.48;49.68;68.86;2.31;118011.0;7.0;7.0;123.0;4547.0;973.99;371.08;1.0;1.0;0;1.0;0;0;1.0;0;0;1.0;0;0;1.0;1.0;0;0;0;0;0
41221;3.11;1.00;8.0;1720.0;24.75;31.5;7.5;3.92;17.25;14.39;125.07;141.55;2.31;118011.0;9.0;9.0;123.0;4538.0;974.07;371.08;1.0;1.0;0;1.0;0;0;1.0;0;0;1.0;0;0;1.0;1.0;0;0;0;0;0
41765;3.68;1.00;12.0;2016.0;24.75;31.5;8.25;6.66;19.99;14.48;173.40;181.74;2.31;118011.0;12.0;12.0;123.0;4500.0;974.11;605.46;1.0;1.0;0;1.0;0;0;1.0;0;0;1.0;0;0;1.0;1.0;0;0;0;0;0
42364;3.81;0.98;16.0;1770.0;24.75;32.25;7.5;6.66;23.47;14.58;252.07;251.11;2.31;118011.0;16.0;16.0;122.0;4505.0;974.11;605.46;1.0;1.0;0;1.0;0;0;1.0;0;0;1.0;0;0;1.0;1.0;0;0;0;0;0
42921;3.65;0.96;20.0;2198.0;24.75;32.25;9.0;8.23;22.12;14.48;265.80;267.52;2.31;118011.0;19.0;20.0;122.0;4482.0;974.07;585.93;1.0;1.0;0;1.0;0;0;1.0;0;0;1.0;0;0;1.0;1.0;0;0;0;0;0
43463;1.2;1.00;21.0;2123.0;24.75;32.25;8.25;0;16.26;14.39;291.01;259.28;2.31;118011.0;21.0;22.0;133.0;4616.0;974.11;605.46;0;1.0;0;1.0;0;0;1.0;0;0;1.0;0;0;1.0;1.0;0;0;0;0;0
44068;3.71;0.99;23.0;2037.0;24.75;32.25;8.25;7.05;20.11;14.39;311.42;223.01;2.31;118011.0;23.0;24.0;122.0;4518.0;974.15;605.46;2.0;1.0;0;1.0;0;0;1.0;0;0;1.0;0;0;1.0;1.0;0;0;0;0;0
44616;2.89;1.00;26.0;2021.0;24.75;32.25;8.25;5.09;17.94;14.48;277.30;210.96;2.31;118011.0;26.0;26.0;122.0;4508.0;973.99;605.46;2.0;1.0;0;1.0;0;0;1.0;0;0;1.0;0;0;1.0;1.0;0;0;0;0;0
45178;2.64;0.99;26.0;2067.0;24.75;33.0;8.25;3.52;15.13;14.48;172.58;138.37;2.31;118011.0;27.0;27.0;121.0;4501.0;974.07;566.39;2.0;1.0;0;1.0;0;0;1.0;0;0;1.0;0;0;1.0;1.0;0;0;0;0;0
45769;2.98;0.97;27.0;2110.0;24.75;33.0;9.0;5.09;17.73;14.58;91.63;69.66;2.31;118011.0;27.0;27.0;121.0;4499.0;974.11;585.93;2.0;1.0;0;1.0;0;0;1.0;0;0;1.0;0;0;1.0;1.0;0;0;0;0;0
46319;2.98;0.96;27.0;2160.0;24.0;33.0;9.75;5.09;18.08;14.48;56.98;43.29;2.31;118011.0;27.0;28.0;121.0;4486.0;974.15;605.46;2.0;1.0;0;1.0;0;0;1.0;0;0;1.0;0;0;1.0;1.0;0;0;0;0;0
46925;2.82;0.94;28.0;2266.0;24.0;33.0;9.75;5.09;17.39;14.58;31.83;26.38;2.31;118011.0;29.0;29.0;121.0;4477.0;974.03;585.93;2.0;1.0;0;1.0;0;0;1.0;0;0;1.0;0;0;1.0;1.0;0;0;0;0;0
47475;2.64;0.92;28.0;2284.0;24.0;33.75;10.5;4.70;16.68;14.39;16.83;14.68;2.31;118011.0;28.0;29.0;120.0;4508.0;974.03;605.46;2.0;1.0;0;1.0;0;0;1.0;0;0;1.0;0;0;1.0;1.0;0;0;0;0;0
48004;2.67;0.91;30.0;2276.0;24.0;33.75;10.5;5.09;16.96;14.48;10.42;8.59;2.31;118011.0;29.0;30.0;120.0;4522.0;973.99;605.46;2.0;1.0;0;1.0;0;0;1.0;0;0;1.0;0;0;1.0;1.0;0;0;0;0;0
48589;0.66;1.00;30.0;2259.0;24.0;33.75;10.5;0;16.21;14.48;6.11;4.98;2.31;118011.0;29.0;30.0;123.0;4620.0;974.07;605.46;2.0;1.0;0;1.0;0;0;1.0;0;0;1.0;0;0;1.0;1.0;0;0;0;0;0
49131;3.42;1.00;30.0;1962.0;24.0;33.75;8.25;5.09;18.21;14.48;5.42;17.92;2.31;118011.0;30.0;30.0;120.0;4528.0;974.11;605.46;3.0;1.0;0;1.0;0;0;1.0;0;0;1.0;0;0;1.0;1.0;0;0;0;0;0
49676;3.17;0.98;32.0;1976.0;24.0;34.5;8.25;5.09;18.19;14.58;76.81;65.38;2.31;118011.0;32.0;32.0;119.0;4503.0;974.11;605.46;3.0;1.0;0;1.0;0;0;1.0;0;0;1.0;0;0;1.0;1.0;0;0;0;0;0
50253;3.07;0.97;32.0;2007.0;24.0;34.5;8.25;5.09;18.08;14.58;71.32;59.93;2.31;118011.0;32.0;33.0;119.0;4504.0;974.15;605.46;3.0;1.0;0;1.0;0;0;1.0;0;0;1.0;0;0;1.0;1.0;0;0;0;0;0
50785;2.85;0.95;33.0;2087.0;24.0;34.5;9.0;4.70;17.38;14.58;100.03;84.66;2.31;118011.0;33.0;34.0;119.0;4517.0;973.99;605.46;3.0;1.0;0;1.0;0;0;1.0;0;0;1.0;0;0;1.0;1.0;0;0;0;0;0
51325;2.27;0.93;33.0;2088.0;24.0;34.5;9.0;2.74;14.04;14.58;90.05;91.08;2.31;118011.0;34.0;34.0;119.0;4513.0;974.07;605.46;3.0;1.0;0;1.0;0;0;1.0;0;0;1.0;0;0;1.0;1.0;0;0;0;0;0
51868;1.59;1.00;32.0;2060.0;24.0;35.25;7.5;0;16.09;14.48;123.89;74.64;2.31;118011.0;33.0;33.0;136.0;4490.0;974.11;605.46;3.0;1.0;0;1.0;0;0;1.0;0;0;1.0;0;0;1.0;1.0;0;0;0;0;0
52448;1.64;1.00;31.0;1988.0;24.0;35.25;6.75;0;15.90;14.58;128.68;74.33;2.31;118011.0;32.0;32.0;134.0;4506.0;974.11;605.46;3.0;1.0;0;1.0;0;0;1.0;0;0;1.0;0;0;1.0;1.0;0;0;0;0;0
52942;1.68;1.00;31.0;1923.0;24.0;35.25;6.75;0;15.87;14.48;99.89;69.21;2.31;118011.0;31.0;31.0;135.0;4528.0;973.99;566.39;3.0;1.0;0;1.0;0;0;1.0;0;0;1.0;0;0;1.0;1.0;0;0;0;0;0
53473;1.77;1.00;30.0;1831.0;24.0;36.0;6.75;0;15.90;14.48;84.79;64.42;2.31;118011.0;30.0;30.0;136.0;4519.0;974.07;449.21;3.0;1.0;0;1.0;0;0;1.0;0;0;1.0;0;0;1.0;1.0;0;0;0;0;0
53999;1.77;1.00;28.0;1828.0;24.0;36.0;6.75;0;15.84;14.48;67.90;57.16;2.31;118011.0;29.0;29.0;137.0;4510.0;974.11;195.31;3.0;1.0;0;1.0;0;0;1.0;0;0;1.0;0;0;1.0;1.0;0;0;0;0;0
54521;1.96;1.00;27.0;1704.0;24.0;36.0;6.75;0;15.80;14.48;61.01;45.95;2.31;118011.0;27.0;27.0;131.0;4514.0;974.11;195.31;3.0;1.0;0;1.0;0;0;1.0;0;0;1.0;0;0;1.0;1.0;0;0;0;0;0
55021;2.19;1.02;25.0;1542.0;24.0;36.0;6.75;0;15.92;14.58;43.20;28.53;2.31;118011.0;25.0;25.0;132.0;4495.0;974.07;214.84;3.0;1.0;0;1.0;0;0;1.0;0;0;1.0;0;0;1.0;1.0;0;0;0;0;0
55528;2.16;1.03;22.0;1520.0;24.0;36.0;6.75;0;15.75;14.48;33.66;20.76;2.31;118011.0;23.0;23.0;133.0;4513.0;974.11;214.84;3.0;1.0;0;1.0;0;0;1.0;0;0;1.0;0;0;1.0;1.0;0;0;0;0;0
56108;2.16;1.04;20.0;1544.0;24.0;36.75;6.75;0;15.66;14.58;25.33;16.28;2.31;118011.0;19.0;20.0;132.0;4504.0;974.11;234.37;3.0;1.0;0;1.0;0;0;1.0;0;0;1.0;0;0;1.0;1.0;0;0;0;0;0
56644;2.29;1.06;16.0;1517.0;24.0;36.75;6.75;0;15.75;14.29;18.76;15.35;2.58;118011.0;16.0;16.0;131.0;4514.0;974.15;507.80;3.0;1.0;0;1.0;0;0;1.0;0;0;1.0;0;0;1.0;1.0;0;0;1.0;0;0
57173;2.16;1.07;12.0;1574.0;24.0;36.75;6.75;0;15.80;14.58;19.21;14.43;2.31;118011.0;13.0;13.0;132.0;4520.0;974.15;703.11;3.0;1.0;0;1.0;0;0;1.0;0;0;1.0;0;0;1.0;1.0;0;0;0;0;0
57763;2.14;1.06;10.0;1575.0;24.0;36.75;6.75;0;15.80;14.48;23.59;44.35;2.31;118011.0;10.0;10.0;131.0;4531.0;974.19;664.05;3.0;1.0;0;1.0;0;0;1.0;0;0;1.0;0;0;1.0;1.0;0;0;0;0;0
58270;2.23;1.05;7.0;1539.0;24.0;36.75;2.25;0;14.13;14.48;28.78;37.10;2.31;118011.0;8.0;8.0;130.0;4479.0;974.19;312.49;3.0;1.0;0;1.0;1.0;0;1.0;0;0;1.0;0;0;1.0;1.0;0;0;1.0;0;0
58770;2.20;1.06;7.0;1466.0;24.0;37.5;3.75;0;14.38;14.39;98.58;32.26;2.31;118011.0;8.0;8.0;121.0;4499.0;974.19;703.11;3.0;1.0;0;1.0;0;0;1.0;0;0;1.0;0;0;1.0;1.0;0;0;0;0;0
59273;2.16;1.05;8.0;1581.0;24.0;37.5;6.75;0;15.64;14.39;93.62;27.28;2.31;118011.0;9.0;9.0;130.0;4539.0;974.19;703.11;3.0;1.0;0;1.0;1.0;0;1.0;0;0;1.0;0;0;1.0;1.0;0;0;1.0;0;0
59795;2.11;1.04;8.0;1573.0;24.0;37.5;6.0;0;15.60;14.48;92.94;67.10;2.31;118011.0;9.0;9.0;130.0;4507.0;974.19;546.86;2.0;1.0;0;1.0;0;0;1.0;0;0;1.0;0;0;1.0;1.0;0;0;0;0;0
60330;2.17;1.02;10.0;1538.0;24.0;37.5;6.75;0;15.67;14.29;95.44;79.46;2.58;118011.0;10.0;10.0;130.0;4546.0;974.19;683.58;2.0;1.0;0;1.0;0;0;1.0;0;0;1.0;0;0;1.0;1.0;0;0;0;0;0
60849;5.31;1.00;10.0;1568.0;24.0;37.5;8.25;5.09;21.01;14.58;99.01;139.20;2.31;118011.0;10.0;10.0;116.0;4549.0;974.19;703.11;2.0;1.0;0;1.0;0;0;1.0;0;0;1.0;0;0;1.0;1.0;0;0;0;0;0
61406;3.46;0.99;12.0;1872.0;24.0;38.25;8.25;5.09;19.13;14.48;77.37;107.25;2.31;118011.0;12.0;12.0;115.0;4540.0;974.19;644.52;2.0;1.0;0;1.0;0;0;1.0;0;0;1.0;0;0;1.0;1.0;0;0;0;0;0
61956;3.20;0.97;15.0;1850.0;24.0;38.25;7.5;5.09;17.99;14.48;96.71;155.73;2.31;118011.0;15.0;15.0;115.0;4523.0;974.19;664.05;2.0;1.0;0;1.0;0;0;1.0;0;0;1.0;0;0;1.0;1.0;0;0;0;0;0
62456;1.95;1.00;16.0;1550.0;24.0;38.25;6.75;0;15.74;14.48;73.47;139.28;2.31;118011.0;17.0;17.0;131.0;4484.0;974.19;664.05;2.0;1.0;0;1.0;0;0;1.0;0;0;1.0;0;0;1.0;1.0;0;0;0;0;0
62960;2.06;0.98;17.0;1530.0;24.0;39.0;6.75;0;15.65;14.39;75.77;124.89;2.31;118011.0;17.0;17.0;128.0;4478.0;974.19;664.05;2.0;1.0;0;1.0;0;0;1.0;0;0;1.0;0;0;1.0;1.0;0;0;0;0;0
63466;2.08;0.97;17.0;1490.0;24.0;39.0;6.75;0;15.53;14.48;59.07;91.00;2.31;118011.0;18.0;18.0;128.0;4521.0;974.19;644.52;2.0;1.0;0;1.0;0;0;1.0;0;0;1.0;0;0;1.0;1.0;0;0;0;0;0
64059;1.89;0.95;18.0;1558.0;24.0;39.0;6.75;0;15.56;14.48;44.29;66.28;2.31;118011.0;18.0;18.0;128.0;4526.0;974.19;449.21;2.0;1.0;0;1.0;0;0;1.0;0;0;1.0;0;0;1.0;1.0;0;0;0;0;0
64686;1.91;0.96;18.0;1573.0;24.0;39.0;6.0;0;15.50;14.58;70.50;49.72;2.31;118011.0;19.0;19.0;128.0;4492.0;974.19;117.18;2.0;1.0;0;1.0;0;0;1.0;0;0;1.0;0;0;1.0;1.0;0;0;0;0;0
65237;1.95;0.98;18.0;1552.0;24.0;39.75;6.75;0;15.58;14.48;55.89;42.36;2.31;118011.0;18.0;18.0;127.0;4517.0;974.19;136.71;2.0;1.0;0;1.0;0;0;1.0;0;0;1.0;0;0;1.0;1.0;0;0;0;0;0
65804;2.09;0.99;18.0;1518.0;24.0;39.75;6.75;0;15.58;14.58;93.07;77.53;2.31;118011.0;18.0;19.0;126.0;4528.0;974.19;156.24;2.0;1.0;0;1.0;0;0;1.0;0;0;1.0;0;0;1.0;1.0;0;0;0;0;0
66315;2.01;1.01;17.0;1551.0;24.0;39.75;6.75;0;15.54;14.48;123.64;78.58;2.31;118011.0;17.0;17.0;126.0;4511.0;974.19;156.24;2.0;1.0;0;1.0;0;0;1.0;0;0;1.0;0;0;1.0;1.0;0;0;0;0;0
66859;2.18;1.02;17.0;1510.0;24.0;39.75;6.75;0;15.56;14.48;156.04;128.78;2.31;118011.0;18.0;17.0;126.0;4519.0;974.19;195.31;2.0;1.0;0;1.0;0;0;1.0;0;0;1.0;0;0;1.0;1.0;0;0;0;0;0
67411;2.12;1.04;17.0;1510.0;24.0;39.75;6.75;0;15.45;14.48;151.92;157.09;2.31;118011.0;18.0;18.0;126.0;4529.0;974.19;566.39;2.0;1.0;0;1.0;0;0;1.0;0;0;1.0;0;0;1.0;1.0;0;0;0;0;0
67925;2.23;1.03;17.0;1490.0;24.0;39.75;6.75;0;15.52;14.39;142.19;139.20;2.31;118011.0;18.0;18.0;126.0;4513.0;974.19;722.64;2.0;1.0;0;1.0;0;0;1.0;0;0;1.0;0;0;1.0;1.0;0;0;0;0;0
68514;2.14;1.02;17.0;1521.0;24.0;40.5;6.75;0;15.33;14.48;119.60;117.43;2.31;118011.0;18.0;18.0;126.0;4514.0;974.19;722.64;2.0;1.0;0;1.0;0;0;1.0;0;0;1.0;0;0;1.0;1.0;0;0;0;0;0
69074;2.04;1.00;17.0;1493.0;24.0;40.5;7.5;0;15.44;14.39;105.32;142.78;2.31;118011.0;17.0;18.0;126.0;4524.0;974.19;664.05;2.0;1.0;0;1.0;0;0;1.0;0;0;1.0;0;0;1.0;1.0;0;0;0;0;0
69569;2.0;0.99;18.0;1486.0;24.0;40.5;7.5;0;15.47;14.58;86.43;118.84;2.31;118011.0;18.0;18.0;126.0;4528.0;974.19;136.71;2.0;1.0;0;1.0;0;0;1.0;0;0;1.0;0;0;1.0;1.0;0;0;0;0;0
70090;2.12;1.00;18.0;1516.0;24.0;40.5;6.75;0;15.43;14.48;77.29;115.85;2.31;118011.0;19.0;18.0;126.0;4509.0;974.19;156.24;2.0;1.0;0;1.0;0;0;1.0;0;0;1.0;0;0;1.0;1.0;0;0;0;0;0
70594;2.04;1.02;18.0;1542.0;24.0;40.5;7.5;0;15.52;14.48;62.94;94.11;2.31;118011.0;19.0;19.0;125.0;4510.0;974.19;156.24;2.0;1.0;0;1.0;0;0;1.0;0;0;1.0;0;0;1.0;1.0;0;0;0;0;0
71185;2.14;1.03;20.0;1520.0;24.0;41.25;7.5;0;15.44;14.39;44.76;101.88;2.31;118011.0;20.0;20.0;125.0;4532.0;974.19;175.77;2.0;1.0;0;1.0;1.0;0;1.0;0;0;1.0;0;0;1.0;1.0;0;0;1.0;0;0
71713;2.04;1.05;20.0;1568.0;24.0;41.25;7.5;0;15.47;14.58;32.57;78.64;2.31;118011.0;20.0;20.0;125.0;4535.0;974.19;195.31;2.0;1.0;0;1.0;0;0;1.0;0;0;1.0;0;0;1.0;1.0;0;0;0;0;0
72266;2.04;1.06;18.0;1592.0;24.0;41.25;7.5;0;15.43;14.48;21.30;54.80;2.31;118011.0;19.0;19.0;126.0;4513.0;974.19;214.84;2.0;1.0;0;1.0;0;0;1.0;0;0;1.0;0;0;1.0;1.0;0;0;0;0;0
72783;2.22;1.07;18.0;1546.0;24.0;41.25;6.75;0;15.30;14.48;14.68;59.95;2.31;118011.0;19.0;19.0;125.0;4533.0;974.19;761.70;2.0;1.0;0;1.0;0;0;1.0;0;0;1.0;0;0;1.0;1.0;0;0;0;0;0
73291;2.25;1.06;18.0;1556.0;24.0;41.25;6.75;0;15.27;14.58;12.46;49.11;2.31;118011.0;18.0;18.0;124.0;4506.0;974.19;703.11;2.0;1.0;0;1.0;0;0;1.0;0;0;1.0;0;0;1.0;1.0;0;0;0;0;0
73790;2.88;0.99;17.0;1884.0;24.0;41.25;7.5;3.92;15.71;14.58;10.25;33.90;2.31;118011.0;17.0;17.0;112.0;4549.0;974.19;585.93;2.0;1.0;0;1.0;0;0;1.0;0;0;1.0;0;0;1.0;1.0;0;0;0;0;0
74311;3.40;1.00;17.0;1692.0;24.0;42.0;8.25;5.09;19.32;14.58;22.61;23.37;2.31;118011.0;18.0;18.0;111.0;4529.0;974.19;136.71;2.0;1.0;0;1.0;0;0;1.0;0;0;1.0;0;0;1.0;1.0;0;0;0;0;0
74816;3.56;1.01;18.0;1698.0;24.0;42.0;7.5;5.49;20.24;14.48;53.86;42.75;2.31;118011.0;18.0;18.0;111.0;4530.0;974.19;175.77;2.0;1.0;0;1.0;0;0;1.0;0;0;1.0;0;0;1.0;1.0;0;0;0;0;0
75314;3.92;1.03;20.0;1684.0;24.0;42.0;8.25;6.66;24.77;14.58;72.57;116.47;2.31;118011.0;19.0;20.0;111.0;4532.0;974.19;781.24;2.0;1.0;0;1.0;0;0;1.0;0;0;1.0;0;0;1.0;1.0;0;0;0;0;0
75820;3.85;1.01;20.0;1695.0;24.0;42.0;7.5;6.66;24.64;14.48;162.88;144.26;2.31;118011.0;21.0;21.0;111.0;4518.0;974.19;761.70;2.0;1.0;0;1.0;0;0;1.0;0;0;1.0;0;0;1.0;1.0;0;0;0;0;0
76341;3.79;0.99;22.0;1792.0;24.0;42.0;7.5;7.05;24.24;14.39;202.13;122.55;2.31;118011.0;22.0;22.0;111.0;4492.0;974.19;761.70;2.0;1.0;0;1.0;0;0;1.0;0;0;1.0;0;0;1.0;1.0;0;0;0;0;0
76840;3.64;0.97;23.0;1879.0;24.0;42.0;8.25;7.05;23.42;14.58;222.73;155.04;2.31;118011.0;23.0;24.0;111.0;4498.0;974.19;742.17;2.0;1.0;0;1.0;0;0;1.0;0;0;1.0;0;0;1.0;1.0;0;0;0;0;0
77386;3.17;0.95;25.0;1950.0;24.0;42.75;9.0;6.27;20.79;14.58;236.39;192.93;2.31;118011.0;25.0;25.0;110.0;4498.0;974.19;703.11;2.0;1.0;0;1.0;0;0;1.0;0;0;1.0;0;0;1.0;1.0;0;0;0;0;0
77960;3.22;0.98;25.0;2013.0;24.0;42.75;8.25;5.88;18.99;14.58;211.31;164.09;2.31;118011.0;25.0;26.0;110.0;4502.0;974.19;742.17;2.0;1.0;0;1.0;0;0;1.0;0;0;1.0;0;0;1.0;1.0;0;0;0;0;0
78512;3.05;0.96;26.0;2064.0;24.0;42.75;9.0;5.49;18.45;14.29;226.07;192.48;2.58;118011.0;26.0;26.0;110.0;4505.0;974.19;722.64;2.0;1.0;0;1.0;0;0;1.0;0;0;1.0;0;0;1.0;1.0;0;0;0;0;0
79080;1.99;1.00;26.0;2027.0;24.0;42.75;9.0;2.35;13.34;14.48;206.60;181.08;2.31;118011.0;25.0;26.0;110.0;4518.0;974.19;683.58;2.0;1.0;0;1.0;0;0;1.0;0;0;1.0;0;0;1.0;1.0;0;0;0;0;0
79672;2.21;0.98;23.0;1908.0;24.0;42.75;8.25;2.35;13.12;14.58;219.28;185.61;2.31;118011.0;24.0;24.0;110.0;4505.0;974.19;703.11;2.0;1.0;0;1.0;0;0;1.0;0;0;1.0;0;0;1.0;1.0;0;0;0;0;0
80199;1.54;0.99;22.0;1766.0;24.0;43.5;7.5;0.78;9.56;14.48;182.17;140.28;2.31;118011.0;23.0;23.0;109.0;4508.0;974.19;683.58;2.0;1.0;0;1.0;0;0;1.0;0;0;1.0;0;0;1.0;1.0;0;0;0;0;0
80705;2.08;0.99;21.0;1742.0;24.0;43.5;7.5;1.56;12.41;14.58;119.50;92.63;2.31;118011.0;21.0;21.0;109.0;4529.0;974.19;58.59;2.0;1.0;0;1.0;0;0;1.0;0;0;1.0;0;0;1.0;1.0;0;0;0;0;0
81248;2.53;1.00;21.0;1662.0;24.0;43.5;9.0;2.35;15.21;14.39;78.37;69.97;2.31;118011.0;21.0;21.0;109.0;4523.0;974.19;78.12;2.0;1.0;0;1.0;0;0;1.0;0;0;1.0;0;0;1.0;1.0;0;0;0;0;0
81853;2.69;1.02;21.0;1640.0;24.0;44.25;9.0;2.74;15.79;14.48;57.08;54.33;2.31;118011.0;21.0;21.0;108.0;4514.0;974.19;117.18;2.0;1.0;0;1.0;0;0;1.0;0;0;1.0;0;0;1.0;1.0;0;0;0;0;0
82350;2.71;1.03;21.0;1654.0;24.0;44.25;9.0;2.74;15.67;14.48;35.46;35.60;2.31;118011.0;21.0;21.0;108.0;4509.0;974.19;624.99;2.0;1.0;0;1.0;0;0;1.0;0;0;1.0;0;0;1.0;1.0;0;0;0;0;0
82873;2.59;1.02;21.0;1670.0;24.0;44.25;9.0;2.35;15.11;14.58;25.79;24.56;2.31;118011.0;21.0;21.0;108.0;4516.0;974.19;703.11;2.0;1.0;0;1.0;0;0;1.0;0;0;1.0;0;0;1.0;1.0;0;0;0;0;0
83376;2.51;1.01;21.0;1667.0;24.0;44.25;9.0;2.35;14.85;14.48;20.13;16.93;2.31;118011.0;21.0;21.0;108.0;4505.0;974.19;703.11;2.0;1.0;0;1.0;0;0;1.0;0;0;1.0;0;0;1.0;1.0;0;0;0;0;0
83926;2.49;0.99;21.0;1664.0;24.0;44.25;8.25;2.35;14.49;14.48;12.46;11.05;2.31;118011.0;21.0;21.0;108.0;4506.0;974.19;156.24;2.0;1.0;0;1.0;0;0;1.0;0;0;1.0;0;0;1.0;1.0;0;0;0;0;0
84427;2.60;1.01;21.0;1653.0;24.0;45.0;8.25;2.35;14.88;14.58;8.55;7.57;2.31;118011.0;21.0;21.0;108.0;4531.0;974.19;234.37;2.0;1.0;0;1.0;0;0;1.0;0;0;1.0;0;0;1.0;1.0;0;0;0;0;0
84997;2.68;1.02;21.0;1665.0;24.0;45.0;9.0;2.74;15.56;14.48;5.81;5.19;2.31;118011.0;20.0;22.0;108.0;4505.0;974.19;117.18;2.0;1.0;0;1.0;0;0;1.0;0;0;1.0;0;0;1.0;1.0;0;0;0;0;0
85497;2.76;1.04;21.0;1647.0;24.0;45.0;9.0;2.74;15.73;14.48;5.46;3.35;2.31;118011.0;21.0;21.0;108.0;4526.0;974.19;664.05;2.0;1.0;0;1.0;0;0;1.0;0;0;1.0;0;0;1.0;1.0;0;0;0;0;0
85999;2.60;1.03;21.0;1715.0;24.0;45.0;8.25;2.35;14.53;14.58;3.73;2.14;2.31;118011.0;22.0;22.0;108.0;4516.0;974.19;781.24;2.0;1.0;0;1.0;0;0;1.0;0;0;1.0;0;0;1.0;1.0;0;0;0;0;0
86518;2.66;1.02;21.0;1715.0;24.0;45.0;8.25;2.74;15.16;14.48;2.51;1.42;2.31;118011.0;22.0;22.0;108.0;4525.0;974.19;624.99;2.0;1.0;0;1.0;0;0;1.0;0;0;1.0;0;0;1.0;1.0;0;0;0;0;0
87016;3.93;1.00;22.0;1792.0;24.0;45.0;8.25;6.27;22.44;14.58;1.69;3.04;2.31;118011.0;23.0;23.0;108.0;4516.0;974.19;781.24;2.0;1.0;0;1.0;0;0;1.0;0;0;1.0;0;0;1.0;1.0;0;0;0;0;0
87525;3.52;0.98;23.0;1927.0;24.0;45.75;9.0;6.66;20.70;14.48;1.05;3.82;2.31;118011.0;24.0;24.0;107.0;4501.0;974.19;761.70;2.0;1.0;0;1.0;0;0;1.0;0;0;1.0;0;0;1.0;1.0;0;0;0;0;0
88047;3.21;0.96;26.0;2034.0;24.0;45.75;9.75;6.27;19.69;14.39;82.98;99.36;2.31;118011.0;26.0;26.0;107.0;4522.0;974.19;761.70;2.0;1.0;0;1.0;0;0;1.0;0;0;1.0;0;0;1.0;1.0;0;0;0;0;0
88559;2.97;0.94;27.0;2146.0;24.0;45.75;10.5;6.27;19.13;14.48;189.61;153.15;2.31;118011.0;27.0;27.0;107.0;4491.0;974.19;742.17;2.0;1.0;0;1.0;0;0;1.0;0;0;1.0;0;0;1.0;1.0;0;0;0;0;0
89115;2.79;0.92;27.0;2213.0;24.0;45.75;11.25;5.88;18.80;14.48;221.54;214.49;2.31;118011.0;28.0;28.0;107.0;4483.0;974.19;683.58;2.0;1.0;0;1.0;0;0;1.0;0;0;1.0;0;0;1.0;1.0;0;0;0;0;0
89706;2.72;0.91;28.0;2250.0;24.0;45.75;12.0;5.88;18.94;14.48;221.48;247.09;2.31;118011.0;29.0;29.0;107.0;4496.0;974.19;156.24;2.0;1.0;0;1.0;0;0;1.0;0;0;1.0;0;0;1.0;1.0;0;0;0;0;0
90210;2.72;0.93;28.0;2301.0;24.0;45.75;12.0;5.49;18.23;14.48;239.00;268.49;2.31;118011.0;29.0;29.0;107.0;4492.0;974.19;742.17;2.0;1.0;0;1.0;0;0;1.0;0;0;1.0;0;0;1.0;1.0;0;0;0;0;0
90783;2.64;0.91;28.0;2322.0;24.0;46.5;12.75;5.49;18.44;14.48;237.30;273.20;2.31;118011.0;29.0;29.0;106.0;4476.0;974.19;683.58;2.0;1.0;0;1.0;0;0;1.0;0;0;1.0;0;0;1.0;1.0;0;0;0;0;0
91358;2.52;0.90;30.0;2349.0;24.0;46.5;12.0;5.09;17.34;14.48;232.56;291.52;2.31;118011.0;30.0;30.0;106.0;4518.0;974.11;78.12;2.0;1.0;0;1.0;0;0;1.0;0;0;1.0;0;0;1.0;1.0;0;0;0;0;0
91980;2.55;0.92;30.0;2390.0;24.0;46.5;12.75;5.09;17.32;14.39;230.35;219.98;2.31;118011.0;30.0;31.0;106.0;4534.0;974.11;78.12;2.0;1.0;0;1.0;0;0;1.0;0;0;1.0;0;0;1.0;1.0;0;0;0;0;0
92582;2.36;0.95;30.0;2338.0;24.0;46.5;12.0;4.31;15.59;14.39;190.35;221.48;2.31;118011.0;30.0;30.0;106.0;4544.0;973.99;136.71;2.0;1.0;0;1.0;0;0;1.0;0;0;1.0;0;0;1.0;1.0;0;0;0;0;0
93182;2.44;0.97;30.0;2301.0;24.0;46.5;12.0;3.92;15.69;14.58;247.83;267.11;2.31;118011.0;30.0;30.0;106.0;4514.0;973.91;175.77;2.0;1.0;0;1.0;0;0;1.0;0;0;1.0;0;0;1.0;1.0;0;0;0;0;0
93768;2.13;0.99;28.0;2304.0;24.0;47.25;12.0;2.74;13.30;14.39;212.56;228.52;2.31;118011.0;28.0;29.0;105.0;4518.0;974.03;800.77;2.0;1.0;0;1.0;0;0;1.0;0;0;1.0;0;0;1.0;1.0;0;0;0;0;0
94290;2.19;0.97;27.0;2200.0;24.0;47.25;12.0;2.74;13.86;14.48;125.46;142.17;2.31;118011.0;28.0;28.0;105.0;4517.0;973.99;781.24;2.0;1.0;0;1.0;0;0;1.0;0;0;1.0;0;0;1.0;1.0;0;0;0;0;0
94886;2.20;0.96;27.0;2186.0;24.0;47.25;11.25;3.13;14.18;14.58;77.22;79.56;2.31;118011.0;27.0;28.0;105.0;4530.0;973.84;644.52;2.0;1.0;0;1.0;0;0;1.0;0;0;1.0;0;0;1.0;1.0;0;0;0;0;0
95390;2.32;0.96;27.0;2190.0;24.0;47.25;11.25;3.52;14.78;14.29;45.52;44.48;2.58;118011.0;27.0;27.0;105.0;4522.0;973.80;58.59;2.0;1.0;0;1.0;0;0;1.0;0;0;1.0;0;0;1.0;1.0;0;0;0;0;0
96006;2.45;0.97;27.0;2112.0;24.0;47.25;11.25;3.52;15.39;14.39;28.25;27.63;2.31;118011.0;27.0;27.0;105.0;4522.0;973.72;97.65;2.0;1.0;0;1.0;0;0;1.0;0;0;1.0;0;0;1.0;1.0;0;0;0;0;0
96539;2.39;0.97;27.0;2158.0;24.0;48.0;12.0;3.52;15.38;14.48;15.74;16.24;2.31;118011.0;28.0;28.0;104.0;4515.0;973.87;800.77;2.0;1.0;0;1.0;0;0;1.0;0;0;1.0;0;0;1.0;1.0;0;0;0;0;0
97065;2.41;0.96;27.0;2139.0;24.0;48.0;12.0;3.52;15.75;14.39;9.72;10.05;2.31;118011.0;28.0;28.0;104.0;4513.0;973.80;703.11;2.0;1.0;0;1.0;0;0;1.0;0;0;1.0;0;0;1.0;1.0;0;0;0;0;0
97577;2.32;0.94;27.0;2211.0;24.0;48.0;12.0;3.52;15.46;14.48;7.51;5.81;2.31;118011.0;28.0;28.0;104.0;4505.0;973.84;624.99;2.0;1.0;0;1.0;0;0;1.0;0;0;1.0;0;0;1.0;1.0;0;0;0;0;0
98077;1.96;0.99;27.0;2115.0;24.0;48.0;11.25;1.96;12.39;14.48;4.14;3.35;2.31;118011.0;27.0;27.0;104.0;4531.0;973.76;781.24;2.0;1.0;0;1.0;0;0;1.0;0;0;1.0;0;0;1.0;1.0;0;0;0;0;0
98598;1.50;0.99;25.0;2050.0;24.0;48.0;9.75;0.39;11.30;14.39;8.88;3.92;2.31;118011.0;26.0;26.0;104.0;4559.0;973.56;781.24;2.0;1.0;0;1.0;0;0;1.0;0;0;1.0;0;0;1.0;1.0;0;0;0;0;0
99140;1.40;0.97;25.0;1956.0;24.0;48.75;10.5;0.39;9.50;14.58;5.46;2.51;2.31;118011.0;25.0;25.0;103.0;4456.0;973.52;761.70;2.0;1.0;0;1.0;0;0;1.0;0;0;1.0;0;0;1.0;1.0;0;0;0;0;0
99697;2.03;0.96;23.0;1892.0;24.0;48.75;9.75;1.96;12.58;14.48;52.00;32.32;2.31;118011.0;24.0;23.0;103.0;4500.0;973.60;449.21;2.0;1.0;0;1.0;0;0;1.0;0;0;1.0;0;0;1.0;1.0;0;0;0;0;0
100264;2.16;0.96;23.0;1881.0;24.0;48.75;9.0;2.35;13.71;14.39;154.69;106.43;2.31;118011.0;24.0;24.0;103.0;4509.0;973.56;19.53;2.0;1.0;0;1.0;0;0;1.0;0;0;1.0;0;0;1.0;1.0;0;0;0;0;0
100762;2.23;0.98;23.0;1915.0;24.0;48.75;10.5;2.35;14.03;14.48;181.57;172.27;2.31;118011.0;24.0;24.0;103.0;4528.0;973.48;39.06;2.0;1.0;0;1.0;0;0;1.0;0;0;1.0;0;0;1.0;1.0;0;0;0;0;0
101261;1.72;1.00;23.0;1887.0;24.0;49.5;10.5;1.17;11.04;14.48;207.46;195.67;2.31;118011.0;24.0;24.0;103.0;4501.0;973.41;214.84;2.0;1.0;0;1.0;0;0;1.0;0;0;1.0;0;0;1.0;1.0;0;0;0;0;0
101824;1.71;1.00;23.0;1823.0;24.0;49.5;6.75;0;14.88;14.48;239.86;199.45;2.31;118011.0;24.0;24.0;111.0;4511.0;973.29;820.30;2.0;1.0;0;1.0;0;0;1.0;0;0;1.0;0;0;1.0;1.0;0;0;0;0;0
102390;1.61;0.99;22.0;1793.0;24.0;49.5;7.5;0;14.91;14.58;177.25;179.63;2.31;118011.0;23.0;23.0;116.0;4521.0;973.37;761.70;2.0;1.0;0;1.0;0;0;1.0;0;0;1.0;0;0;1.0;1.0;0;0;0;0;0
102889;1.70;0.98;22.0;1769.0;24.0;49.5;6.75;0;14.93;14.48;143.03;137.04;2.31;118011.0;22.0;22.0;116.0;4511.0;973.37;742.17;2.0;1.0;0;1.0;0;0;1.0;0;0;1.0;0;0;1.0;1.0;0;0;0;0;0
103447;1.74;0.98;21.0;1695.0;24.0;49.5;6.75;0;14.85;14.48;137.84;100.71;2.31;118011.0;22.0;22.0;117.0;4533.0;973.41;39.06;2.0;1.0;0;1.0;0;0;1.0;0;0;1.0;0;0;1.0;1.0;0;0;0;0;0
104003;1.84;0.99;20.0;1548.0;24.0;49.5;6.75;0;14.76;14.29;110.12;76.61;2.58;118011.0;20.0;20.0;114.0;4488.0;973.37;58.59;2.0;1.0;0;1.0;0;0;1.0;0;0;1.0;0;0;1.0;1.0;0;0;0;0;0
104500;1.92;1.01;21.0;1601.0;24.0;50.25;6.0;0;14.53;14.39;94.05;63.19;2.31;118011.0;21.0;21.0;114.0;4511.0;973.48;78.12;2.0;1.0;0;1.0;0;0;1.0;0;0;1.0;0;0;1.0;1.0;0;0;0;0;0
105024;1.91;1.03;20.0;1583.0;24.0;50.25;6.75;0;14.72;14.39;106.67;127.29;2.31;118011.0;20.0;20.0;113.0;4514.0;973.48;78.12;2.0;1.0;0;1.0;0;0;1.0;0;0;1.0;0;0;1.0;1.0;0;0;0;0;0
105537;1.91;1.05;20.0;1565.0;24.0;50.25;6.75;0;14.70;14.29;96.00;137.95;2.58;118011.0;20.0;20.0;114.0;4559.0;973.37;449.21;2.0;1.0;0;1.0;0;0;1.0;0;0;1.0;0;0;1.0;1.0;0;0;0;0;0
106105;1.88;1.04;20.0;1601.0;24.0;50.25;6.75;0;14.76;14.58;114.69;118.37;2.31;118011.0;20.0;20.0;113.0;4474.0;973.41;253.90;2.0;1.0;0;1.0;0;0;1.0;0;0;1.0;0;0;1.0;1.0;0;0;0;0;0
106657;2.05;1.06;18.0;1545.0;24.0;50.25;6.75;0;14.87;14.48;87.47;113.00;2.31;118011.0;19.0;19.0;111.0;4492.0;973.41;703.11;2.0;1.0;0;1.0;0;0;1.0;0;0;1.0;0;0;1.0;1.0;0;0;0;0;0
107191;2.0;1.04;17.0;1478.0;24.0;50.25;6.75;0;14.72;14.39;71.12;104.42;2.31;118011.0;18.0;18.0;113.0;4511.0;973.44;800.77;2.0;1.0;0;1.0;0;0;1.0;0;0;1.0;0;0;1.0;1.0;0;0;0;0;0
107728;1.94;1.02;17.0;1504.0;24.0;50.25;6.75;0;14.78;14.48;49.11;75.83;2.31;118011.0;18.0;18.0;112.0;4494.0;973.48;761.70;2.0;1.0;0;1.0;0;0;1.0;0;0;1.0;0;0;1.0;1.0;0;0;0;0;0
108247;1.96;1.00;17.0;1483.0;24.0;51.0;6.75;0;14.65;14.29;35.73;55.23;2.58;118011.0;17.0;17.0;112.0;4514.0;973.64;742.17;2.0;1.0;0;1.0;0;0;1.0;0;0;1.0;0;0;1.0;1.0;0;0;0;0;0
108745;1.86;0.98;16.0;1480.0;24.0;51.0;6.75;0;14.68;14.48;24.64;40.21;2.31;118011.0;16.0;16.0;111.0;4518.0;973.64;214.84;2.0;1.0;0;1.0;0;0;1.0;0;0;1.0;0;0;1.0;1.0;0;0;0;0;0
109271;2.0;1.00;15.0;1389.0;24.0;51.0;6.0;0;14.36;14.39;19.90;29.23;2.31;118011.0;16.0;16.0;113.0;4518.0;973.76;58.59;2.0;1.0;0;1.0;0;0;1.0;0;0;1.0;0;0;1.0;1.0;0;0;0;0;0
109862;1.95;1.01;15.0;1495.0;24.0;51.0;6.75;0;14.66;14.58;64.60;30.07;2.31;118011.0;15.0;14.0;112.0;4514.0;973.84;78.12;2.0;1.0;0;1.0;0;0;1.0;0;0;1.0;0;0;1.0;1.0;0;0;0;0;0
110411;1.92;1.03;13.0;1495.0;24.0;51.0;6.75;0;14.65;14.39;131.59;92.24;2.31;118011.0;14.0;14.0;111.0;4512.0;973.87;312.49;2.0;1.0;0;1.0;1.0;0;1.0;0;0;1.0;0;0;1.0;1.0;0;0;1.0;0;0
110932;1.99;1.05;12.0;1587.0;24.0;51.0;10.5;0.39;14.32;14.58;105.61;139.11;2.31;118011.0;13.0;13.0;103.0;4542.0;973.99;117.18;2.0;1.0;0;1.0;0;0;1.0;0;0;1.0;0;0;1.0;1.0;0;0;0;0;0
111431;1.97;1.05;12.0;1490.0;24.0;51.0;7.5;0;14.85;14.58;76.94;96.18;2.31;118011.0;12.0;12.0;111.0;4507.0;973.95;761.70;1.0;1.0;0;1.0;0;0;1.0;0;0;1.0;0;0;1.0;1.0;0;0;0;0;0
111945;1.92;1.04;10.0;1529.0;24.0;51.0;6.75;0;14.75;14.48;53.16;77.06;2.31;118011.0;10.0;9.0;113.0;4511.0;974.03;839.83;1.0;1.0;0;1.0;0;0;1.0;0;0;1.0;0;0;1.0;1.0;0;0;0;0;0
112469;2.13;1.02;7.0;1367.0;24.0;51.75;6.75;0;14.66;14.48;54.64;77.33;2.31;118011.0;7.0;7.0;108.0;4492.0;974.07;761.70;1.0;1.0;0;1.0;0;0;1.0;0;0;1.0;0;0;1.0;1.0;0;0;0;0;0
113023;2.0;1.00;6.0;1412.0;24.0;51.75;4.5;0;13.70;14.39;43.57;75.48;2.31;118011.0;6.0;6.0;102.0;4516.0;974.03;800.77;1.0;1.0;0;1.0;0;0;1.0;0;0;1.0;0;0;1.0;1.0;0;0;0;0;0
113615;1.87;0.99;3.0;1384.0;24.0;51.75;6.0;0;13.82;14.39;67.84;76.44;2.31;118011.0;4.0;4.0;100.0;4510.0;974.07;761.70;1.0;1.0;0;1.0;0;0;1.0;0;0;1.0;0;0;1.0;1.0;0;0;0;0;0
114115;1.80;0.97;0;1410.0;24.0;51.75;4.5;0;13.42;14.39;55.42;60.97;2.31;118011.0;0;0;99.0;4509.0;974.11;722.64;1.0;1.0;0;1.0;1.0;0;1.0;0;0;1.0;0;0;1.0;1.0;0;0;1.0;0;0
114626;1.79;0.95;0;1395.0;24.0;51.75;5.25;0;13.38;14.58;44.15;88.50;2.31;118011.0;0;0;97.0;4517.0;974.07;507.80;1.0;1.0;0;1.0;0;0;1.0;0;0;1.0;0;0;1.0;1.0;0;0;0;0;0
115147;1.88;0.96;0;1381.0;24.0;51.75;6.0;0;13.55;14.39;36.11;68.10;2.31;118011.0;0;0;95.0;4508.0;974.11;117.18;1.0;1.0;0;1.0;0;0;1.0;0;0;1.0;0;0;1.0;1.0;0;0;0;0;0
115647;1.91;0.97;0;1364.0;24.0;51.75;6.75;0;13.91;14.39;26.30;59.29;2.31;118011.0;0;0;97.0;4507.0;974.15;58.59;1.0;1.0;0;1.0;0;0;1.0;0;0;1.0;0;0;1.0;1.0;0;0;0;0;0
116168;1.88;0.99;0;1358.0;24.0;51.75;6.75;0;13.91;14.48;19.13;45.54;2.31;118011.0;0;0;96.0;4531.0;974.15;78.12;1.0;1.0;0;1.0;0;0;1.0;0;0;1.0;0;0;1.0;1.0;0;0;0;0;0
116674;5.15;1.00;0;2341.0;24.0;52.5;12.75;10.19;25.22;14.48;13.18;45.75;2.31;118011.0;0;0;99.0;4481.0;974.15;878.89;1.0;1.0;0;1.0;0;0;1.0;0;0;1.0;0;0;1.0;1.0;0;0;0;0;0
117241;3.83;0.99;0;2564.0;24.0;52.5;17.25;11.37;25.60;14.48;132.86;121.88;2.31;118011.0;0;0;99.0;4588.0;974.11;820.30;1.0;1.0;0;1.0;0;0;1.0;0;0;1.0;0;0;1.0;1.0;0;0;0;0;0
117832;0.17;1.00;10.0;2397.0;24.0;52.5;8.25;0;14.58;14.48;201.92;186.88;2.31;118011.0;9.0;10.0;107.0;4588.0;974.11;781.24;1.0;1.0;0;1.0;0;0;1.0;0;0;1.0;0;0;1.0;1.0;0;0;0;0;0
118338;1.66;0.99;8.0;1734.0;24.0;52.5;9.75;0.39;13.81;14.58;170.49;154.48;2.31;118011.0;9.0;9.0;99.0;4561.0;974.15;820.30;1.0;1.0;0;1.0;0;0;1.0;0;0;1.0;0;0;1.0;1.0;0;0;0;0;0
118899;1.86;0.97;6.0;1483.0;24.0;52.5;6.75;0;14.66;14.58;137.47;128.56;2.31;118011.0;6.0;6.0;111.0;4488.0;974.15;820.30;1.0;1.0;0;1.0;0;0;1.0;0;0;1.0;0;0;1.0;1.0;0;0;0;0;0
119433;3.66;0.99;7.0;2610.0;24.0;52.5;18.0;8.23;21.92;14.48;140.45;165.63;2.31;118011.0;7.0;7.0;99.0;4431.0;974.19;800.77;1.0;1.0;0;1.0;0;0;1.0;0;0;1.0;0;0;1.0;1.0;0;0;0;0;0
120002;4.90;1.00;13.0;2168.0;24.0;52.5;10.5;14.51;32.07;14.39;140.71;220.06;2.31;118011.0;13.0;14.0;99.0;4514.0;974.19;781.24;1.0;1.0;0;1.0;0;0;1.0;0;0;1.0;0;0;1.0;1.0;0;0;0;0;0
120603;4.22;0.97;21.0;2469.0;24.0;52.5;14.25;14.51;29.75;14.39;145.28;237.50;2.31;118011.0;21.0;21.0;99.0;4429.0;974.19;683.58;1.0;1.0;0;1.0;0;0;1.0;0;0;1.0;0;0;1.0;1.0;0;0;0;0;0
121148;4.04;0.97;27.0;3176.0;24.0;53.25;20.25;16.47;29.49;14.29;136.69;244.69;2.58;118011.0;27.0;28.0;98.0;4533.0;974.19;156.24;1.0;1.0;0;1.0;0;0;1.0;0;0;1.0;0;0;1.0;1.0;0;0;0;0;0
121689;4.46;1.00;33.0;3756.0;24.0;53.25;25.5;18.43;30.20;14.48;95.42;238.93;2.31;118011.0;33.0;34.0;98.0;4558.0;974.19;800.77;1.0;1.0;0;1.0;0;0;1.0;0;0;1.0;0;0;1.0;1.0;0;0;0;0;0
122187;5.65;1.00;36.0;3099.0;24.0;53.25;18.75;20.39;31.89;14.48;179.01;294.41;2.31;118011.0;36.0;37.0;98.0;4478.0;974.11;644.52;2.0;1.0;0;1.0;0;0;1.0;0;0;1.0;0;0;1.0;1.0;0;0;0;0;0
122708;6.49;1.00;41.0;3247.0;24.0;53.25;14.25;28.23;38.09;14.48;242.97;337.14;2.31;118011.0;39.0;42.0;98.0;4493.0;974.11;722.64;2.0;1.0;0;1.0;0;0;1.0;0;0;1.0;0;0;1.0;1.0;0;0;0;0;0
123213;6.78;1.00;47.0;3678.0;24.0;54.0;14.25;36.08;43.13;14.39;306.71;349.84;2.31;118011.0;44.0;47.0;98.0;4567.0;974.03;781.24;2.0;1.0;0;1.0;0;0;1.0;0;0;1.0;0;0;1.0;1.0;0;0;0;0;0
123734;7.75;1.00;51.0;4011.0;24.0;54.0;14.25;50.59;49.52;14.48;282.54;355.89;2.31;118011.0;49.0;52.0;98.0;4547.0;974.07;800.77;2.0;1.0;0;1.0;0;0;1.0;0;0;1.0;0;0;1.0;1.0;0;0;0;0;0
124325;6.32;0.93;56.0;4408.0;24.0;54.0;15.75;44.31;46.50;14.39;254.28;342.06;2.31;118011.0;55.0;57.0;98.0;4653.0;974.11;703.11;2.0;1.0;0;1.0;0;0;1.0;0;0;0;0;0;1.0;1.0;0;0;0;0;0
124831;8.46;1.00;60.0;3724.0;24.0;54.0;18.0;27.84;39.97;14.39;288.34;348.53;2.31;118011.0;59.0;60.0;98.0;4346.0;973.99;781.24;3.0;1.0;0;1.0;0;0;1.0;0;0;1.0;0;0;1.0;1.0;0;0;0;0;0
125352;6.05;0.97;63.0;3877.0;24.0;54.0;18.0;30.59;41.36;14.48;287.54;302.87;2.31;118011.0;61.0;63.0;98.0;4515.0;973.87;742.17;3.0;1.0;0;1.0;0;0;1.0;0;0;1.0;0;0;1.0;1.0;0;0;0;0;0
125864;4.80;0.95;65.0;3993.0;24.0;54.75;22.5;24.31;37.01;14.48;215.98;308.49;2.31;118011.0;64.0;65.0;98.0;4519.0;973.76;761.70;3.0;1.0;0;1.0;0;0;1.0;0;0;1.0;0;0;1.0;1.0;0;0;0;0;0
126363;4.69;0.93;68.0;4220.0;24.0;54.75;24.75;23.13;35.77;14.29;88.11;133.97;2.58;118011.0;66.0;69.0;97.0;4561.0;973.52;742.17;3.0;1.0;0;1.0;0;0;1.0;0;0;1.0;0;0;1.0;1.0;0;0;0;0;0
126886;3.93;0.86;71.0;4338.0;24.0;54.75;29.25;21.57;33.24;14.48;34.06;51.81;2.31;118011.0;68.0;71.0;97.0;4558.0;973.44;644.52;3.0;1.0;0;1.0;0;0;1.0;0;0;1.0;0;0;1.0;1.0;0;0;0;0;0
127398;5.05;0.90;72.0;4410.0;24.0;55.5;26.25;25.49;35.72;14.48;13.08;19.92;2.31;118011.0;69.0;72.0;96.0;4518.0;973.33;175.77;3.0;1.0;0;1.0;0;0;1.0;0;0;1.0;0;0;1.0;1.0;0;0;0;0;0
127897;5.38;0.97;73.0;4540.0;23.25;55.5;25.5;30.19;38.78;14.39;4.92;8.30;2.31;118011.0;70.0;74.0;96.0;4578.0;973.29;742.17;3.0;1.0;0;1.0;0;0;1.0;0;0;1.0;0;0;1.0;1.0;0;0;0;0;0
128421;5.20;0.96;75.0;4623.0;23.25;55.5;26.25;30.19;38.09;14.48;3.06;2.92;2.31;118011.0;71.0;76.0;96.0;4547.0;973.29;97.65;3.0;1.0;0;1.0;0;0;1.0;0;0;1.0;0;0;1.0;1.0;0;0;0;0;0
128978;5.51;1.06;77.0;4717.0;23.25;55.5;27.0;29.41;36.53;14.39;2.55;0.95;2.31;118011.0;73.0;77.0;96.0;4534.0;973.21;781.24;3.0;1.0;0;1.0;0;0;1.0;0;0;1.0;0;0;1.0;1.0;0;0;0;0;0
129475;0;1.00;78.0;4771.0;23.25;56.25;42.75;2.74;20.82;14.39;159.73;161.14;2.31;118011.0;75.0;78.0;95.0;4403.0;973.09;859.36;3.0;1.0;0;1.0;0;0;1.0;0;0;0;0;0;1.0;1.0;0;0;0;0;0
129983;6.46;1.00;77.0;4063.0;23.25;56.25;21.75;27.45;38.42;14.48;274.47;263.53;2.31;118011.0;75.0;78.0;95.0;4418.0;973.09;839.83;4.0;1.0;0;1.0;0;0;1.0;0;0;0;0;0;1.0;1.0;0;0;0;0;0
130507;6.67;1.00;80.0;4142.0;23.25;57.0;18.0;34.12;42.57;14.58;283.24;227.40;2.31;118011.0;76.0;80.0;94.0;4539.0;972.98;820.30;4.0;1.0;0;1.0;0;0;1.0;0;0;0;0;0;1.0;1.0;0;0;0;0;0
131008;5.94;0.93;81.0;4196.0;23.25;57.0;18.0;35.29;42.96;14.48;299.80;189.16;2.31;118011.0;77.0;82.0;94.0;4573.0;972.98;683.58;4.0;1.0;0;1.0;0;0;1.0;0;0;0;0;0;1.0;1.0;0;0;0;0;0
131529;5.86;0.92;81.0;4227.0;23.25;57.0;18.0;35.29;42.77;14.48;262.93;203.34;2.31;118011.0;79.0;82.0;94.0;4526.0;972.98;703.11;4.0;1.0;0;1.0;0;0;1.0;0;0;0;0;0;1.0;1.0;0;0;0;0;0
132036;5.88;0.92;82.0;4293.0;23.25;57.0;18.75;36.47;43.23;14.48;243.03;220.12;2.31;118011.0;81.0;83.0;94.0;4553.0;972.90;507.80;4.0;1.0;0;1.0;0;0;1.0;0;0;0;0;0;1.0;1.0;0;0;0;0;0
132544;6.27;0.98;85.0;4402.0;23.25;57.75;18.0;38.43;43.14;14.58;95.34;88.04;2.31;118011.0;83.0;85.0;93.0;4537.0;972.59;742.17;4.0;1.0;0;1.0;0;0;1.0;0;0;0;0;0;1.0;1.0;0;0;0;0;0
133051;2.26;1.00;83.0;4134.0;23.25;57.75;45.0;8.62;13.84;14.58;38.86;33.98;2.31;118011.0;84.0;84.0;93.0;4401.0;972.43;859.36;5.0;1.0;0;1.0;0;0;1.0;0;0;0;0;0;1.0;1.0;0;0;0;0;0
133573;5.53;0.97;86.0;3956.0;23.25;58.5;21.75;27.45;38.91;14.48;16.60;13.74;2.31;118011.0;84.0;86.0;92.0;4464.0;972.23;761.70;5.0;1.0;0;1.0;0;0;1.0;0;0;0;0;0;1.0;1.0;0;0;0;0;0
134072;5.04;0.89;87.0;4010.0;23.25;58.5;21.75;27.45;38.65;14.39;6.67;7.18;2.31;118011.0;85.0;87.0;92.0;4523.0;972.08;624.99;5.0;1.0;0;1.0;0;0;1.0;0;0;0;0;0;1.0;1.0;0;0;0;0;0
134594;5.04;0.90;88.0;4038.0;23.25;58.5;22.5;27.45;38.91;14.48;2.59;6.32;2.31;118011.0;86.0;88.0;92.0;4521.0;972.00;722.64;5.0;1.0;0;1.0;0;0;1.0;0;0;0;0;0;1.0;1.0;0;0;0;0;0
135103;3.84;1.00;87.0;4062.0;23.25;59.25;29.25;19.61;31.15;14.58;2.65;2.46;2.31;118011.0;86.0;88.0;92.0;4494.0;971.92;839.83;5.0;1.0;0;1.0;0;0;1.0;0;0;0;0;0;1.0;1.0;0;0;0;0;0
135627;2.69;1.00;86.0;3968.0;23.25;59.25;37.5;9.41;21.31;14.48;1.05;2.34;2.31;118011.0;85.0;87.0;92.0;4426.0;971.80;878.89;5.0;1.0;0;1.0;0;0;1.0;0;0;0;0;0;1.0;1.0;0;0;0;0;0
136169;1.59;1.00;83.0;3879.0;23.25;60.0;41.25;4.31;14.22;14.48;0.31;3.74;2.31;118011.0;83.0;84.0;91.0;4477.0;971.57;878.89;5.0;1.0;0;1.0;0;0;1.0;0;0;0;0;0;1.0;1.0;0;0;0;0;0
136719;1.73;0.98;81.0;3736.0;23.25;60.0;39.75;4.70;13.49;14.48;110.69;137.94;2.31;118011.0;81.0;81.0;91.0;4489.0;971.41;859.36;5.0;1.0;0;1.0;0;0;1.0;0;0;0;0;0;1.0;1.0;0;0;0;0;0
137234;1.93;0.95;78.0;3613.0;23.25;60.0;37.5;5.49;15.32;14.48;160.96;143.54;2.31;118011.0;79.0;79.0;91.0;4490.0;971.14;839.83;5.0;1.0;0;1.0;0;0;1.0;0;0;0;0;0;1.0;1.0;0;0;0;0;0
137756;2.36;0.90;77.0;3549.0;23.25;60.0;34.5;7.84;19.55;14.58;171.10;163.13;2.31;118011.0;77.0;77.0;91.0;4493.0;970.98;820.30;5.0;1.0;0;1.0;0;0;1.0;0;0;0;0;0;1.0;1.0;0;0;0;0;0
138254;2.26;0.86;75.0;3462.0;23.25;60.75;33.0;7.84;19.95;14.48;145.32;159.98;2.31;118011.0;74.0;75.0;90.0;4515.0;970.83;800.77;5.0;1.0;0;1.0;0;0;1.0;0;0;0;0;0;1.0;1.0;0;0;0;0;0
138787;3.4;1.00;73.0;3409.0;23.25;60.75;30.0;10.19;22.44;14.48;141.63;219.16;2.31;118012.0;73.0;74.0;90.0;4504.0;970.71;839.83;5.0;1.0;0;1.0;0;0;1.0;0;0;0;0;0;1.0;1.0;0;0;0;0;0
139413;2.12;0.98;72.0;3332.0;23.25;61.5;33.75;5.88;16.50;14.48;165.73;206.66;2.31;118012.0;72.0;72.0;89.0;4516.0;970.67;820.30;5.0;1.0;0;1.0;0;0;1.0;0;0;0;0;0;1.0;1.0;0;0;0;0;0
140104;1.92;0.94;70.0;3228.0;23.25;61.5;33.0;5.09;15.41;14.48;71.26;84.29;2.31;118012.0;69.0;70.0;89.0;4517.0;970.55;781.24;5.0;1.0;0;1.0;0;0;1.0;0;0;0;0;0;1.0;1.0;0;0;0;0;0
140614;0.84;1.00;65.0;3007.0;23.25;61.5;-30.0;0;0;14.48;31.69;32.51;2.31;118012.0;66.0;65.0;89.0;4576.0;970.52;292.96;5.0;1.0;0;1.0;0;0;1.0;0;0;0;0;0;1.0;1.0;0;0;0;0;0
141129;0.87;1.00;62.0;2837.0;23.25;61.5;-30.0;0;0;14.58;19.23;20.21;2.31;118012.0;62.0;61.0;89.0;4633.0;970.52;0;5.0;1.0;0;1.0;0;0;1.0;0;0;0;0;0;1.0;1.0;0;0;0;0;0
141720;0.92;1.00;57.0;2663.0;23.25;61.5;-30.0;0;0;14.48;10.70;12.34;2.31;118012.0;58.0;58.0;89.0;4506.0;970.24;0;5.0;1.0;0;1.0;0;0;1.0;0;0;1.0;0;0;1.0;1.0;0;0;0;0;0
142241;1.10;1.00;53.0;2481.0;23.25;62.25;9.0;0;13.80;14.48;5.29;6.13;2.31;118012.0;54.0;54.0;94.0;4195.0;970.12;0;5.0;1.0;0;1.0;0;0;1.0;0;0;1.0;0;0;1.0;1.0;0;0;0;0;0
142752;1.21;1.00;50.0;2331.0;23.25;62.25;6.0;0;13.89;14.48;59.95;33.63;2.31;118012.0;50.0;50.0;104.0;4340.0;970.05;19.53;5.0;1.0;0;1.0;0;0;1.0;0;0;1.0;0;0;1.0;1.0;0;0;0;0;0
143352;1.59;1.00;47.0;1652.0;23.25;62.25;6.75;0;14.20;14.58;43.64;22.47;2.31;118012.0;48.0;48.0;102.0;4455.0;969.85;19.53;4.0;1.0;0;1.0;0;0;1.0;0;0;1.0;0;0;1.0;1.0;0;0;0;0;0
143903;1.20;1.00;43.0;2188.0;23.25;63.0;6.75;0;13.97;14.48;31.15;47.71;2.31;118012.0;44.0;44.0;97.0;4518.0;969.66;39.06;4.0;1.0;0;1.0;0;0;1.0;0;0;1.0;0;0;1.0;1.0;0;0;0;0;0
144477;1.33;1.00;38.0;1972.0;23.25;63.0;6.75;0;14.05;14.48;47.16;39.45;2.31;118012.0;39.0;39.0;99.0;4524.0;969.54;39.06;4.0;1.0;0;1.0;0;0;1.0;0;0;1.0;0;0;1.0;1.0;0;0;0;0;0
145028;1.44;1.00;35.0;1866.0;23.25;63.0;6.75;0;13.97;14.48;31.28;30.13;2.31;118012.0;35.0;35.0;97.0;4511.0;969.46;39.06;4.0;1.0;0;1.0;0;0;1.0;0;0;1.0;0;0;1.0;1.0;0;0;0;0;0
145552;1.63;1.01;32.0;1660.0;23.25;63.0;7.5;0;14.05;14.58;40.19;25.01;2.31;118012.0;32.0;32.0;99.0;4510.0;969.42;39.06;4.0;1.0;0;1.0;0;0;1.0;0;0;1.0;0;0;1.0;1.0;0;0;0;0;0
146086;1.79;1.03;26.0;1510.0;23.25;63.0;7.5;0;14.07;14.39;39.29;25.54;2.31;118012.0;25.0;26.0;97.0;4465.0;969.38;58.59;4.0;1.0;0;1.0;0;0;1.0;0;0;1.0;0;0;1.0;1.0;0;0;0;0;0
146609;1.84;1.04;21.0;1528.0;23.25;63.0;6.75;0;14.31;14.58;30.15;34.48;2.31;118012.0;21.0;20.0;101.0;4547.0;969.34;859.36;4.0;1.0;0;1.0;0;0;1.0;0;0;1.0;0;0;1.0;1.0;0;0;0;0;0
147113;1.77;1.03;17.0;1476.0;23.25;63.0;7.5;0;14.05;14.48;25.81;39.48;2.31;118012.0;18.0;18.0;96.0;4519.0;969.34;58.59;3.0;1.0;0;1.0;0;0;1.0;0;0;1.0;0;0;1.0;1.0;0;0;0;0;0
147624;1.82;1.05;15.0;1469.0;23.25;63.0;6.75;0;13.93;14.29;19.51;28.74;2.58;118012.0;14.0;15.0;96.0;4492.0;969.34;78.12;3.0;1.0;0;1.0;1.0;0;1.0;0;0;1.0;0;0;1.0;1.0;0;0;1.0;0;0
148146;1.91;1.07;12.0;1475.0;23.25;63.75;7.5;0;14.07;14.48;16.07;20.91;2.31;118012.0;13.0;12.0;95.0;4519.0;969.30;722.64;3.0;1.0;0;1.0;1.0;0;1.0;0;0;1.0;0;0;1.0;1.0;0;0;1.0;0;0
148644;1.74;1.05;10.0;1483.0;23.25;63.75;8.25;0;14.01;14.58;16.63;15.46;2.31;118012.0;10.0;10.0;92.0;4514.0;969.30;820.30;2.0;1.0;0;1.0;0;0;1.0;0;0;1.0;0;0;1.0;1.0;0;0;0;0;0
149171;1.76;1.03;8.0;1451.0;23.25;63.75;7.5;0;13.88;14.39;12.06;11.22;2.31;118012.0;8.0;8.0;93.0;4515.0;969.30;839.83;2.0;1.0;0;1.0;0;0;1.0;0;0;1.0;0;0;1.0;1.0;0;0;0;0;0
149669;1.84;1.02;6.0;1355.0;23.25;63.75;7.5;0;13.68;14.58;13.20;14.70;2.31;118012.0;6.0;6.0;90.0;4511.0;969.30;820.30;1.0;1.0;0;1.0;0;0;1.0;0;0;1.0;0;0;1.0;1.0;0;0;0;0;0
150187;1.71;1.00;5.0;1378.0;23.25;63.75;6.0;0;13.03;14.39;20.77;16.58;2.31;118012.0;5.0;5.0;87.0;4505.0;969.30;292.96;1.0;1.0;0;1.0;0;0;1.0;0;0;1.0;0;0;1.0;1.0;0;0;0;0;0
150727;1.98;1.01;3.0;1384.0;23.25;63.75;12.0;0.78;11.84;14.58;19.21;14.90;2.31;118012.0;4.0;3.0;83.0;4515.0;969.30;859.36;1.0;1.0;0;1.0;0;0;1.0;0;0;1.0;0;0;1.0;1.0;0;0;0;0;0
151234;1.76;1.00;0;1453.0;23.25;63.75;8.25;0;13.98;14.29;35.73;53.14;2.58;118012.0;0;0;94.0;4513.0;969.30;39.06;1.0;1.0;0;1.0;1.0;0;1.0;0;0;1.0;0;0;1.0;1.0;0;0;1.0;0;0
151743;1.79;1.02;0;1376.0;23.25;63.75;6.75;0;13.67;14.48;56.85;58.47;2.31;118012.0;0;0;92.0;4506.0;969.30;39.06;1.0;1.0;0;1.0;0;0;1.0;0;0;1.0;0;0;1.0;1.0;0;0;0;0;0
152299;1.81;1.03;0;1383.0;23.25;63.75;6.0;0;13.06;14.48;74.95;71.26;2.31;118012.0;0;0;89.0;4509.0;969.30;605.46;1.0;1.0;0;1.0;0;0;1.0;0;0;1.0;0;0;1.0;1.0;0;0;0;0;0
152826;1.75;1.02;0;1374.0;23.25;63.75;6.0;0;12.97;14.58;63.17;58.60;2.31;118012.0;0;0;86.0;4508.0;969.30;722.64;1.0;1.0;0;1.0;0;0;1.0;0;0;1.0;0;0;1.0;1.0;0;0;0;0;0
153327;1.76;1.03;0;1305.0;23.25;64.5;9.0;0;13.93;14.58;77.37;51.07;2.31;118012.0;0;0;83.0;4509.0;969.27;78.12;1.0;1.0;0;1.0;0;0;1.0;0;0;1.0;0;0;1.0;1.0;0;0;0;0;0
153839;1.72;1.03;0;1358.0;23.25;64.5;7.5;0;13.19;14.48;83.06;43.84;2.31;118012.0;0;0;80.0;4518.0;969.27;605.46;1.0;1.0;0;1.0;0;0;1.0;0;0;1.0;0;0;1.0;1.0;0;0;0;0;0
154361;1.82;1.05;0;1334.0;23.25;64.5;8.25;0;13.29;14.39;63.78;33.63;2.31;118012.0;0;0;80.0;4500.0;969.27;800.77;1.0;1.0;0;1.0;0;0;1.0;0;0;1.0;0;0;1.0;1.0;0;0;0;0;0
154861;1.82;1.04;0;1328.0;23.25;64.5;8.25;0;13.29;14.39;52.88;24.47;2.31;118012.0;0;0;78.0;4517.0;969.27;800.77;1.0;1.0;0;1.0;0;0;1.0;0;0;1.0;0;0;1.0;1.0;0;0;0;0;0
155398;1.68;1.02;0;1371.0;23.25;64.5;6.75;0;12.90;14.39;42.02;21.58;2.31;118012.0;0;0;80.0;4507.0;969.27;664.05;1.0;1.0;0;1.0;0;0;1.0;0;0;1.0;0;0;1.0;1.0;0;0;0;0;0
155919;4.24;1.00;0;2665.0;23.25;64.5;22.5;12.15;26.83;14.58;30.58;15.70;2.31;118012.0;0;0;80.0;4473.0;969.27;878.89;1.0;1.0;0;1.0;0;0;1.0;0;0;1.0;0;0;1.0;1.0;0;0;0;0;0
156425;5.07;1.00;0;2390.0;23.25;64.5;15.0;18.82;33.84;14.48;17.98;11.38;2.31;118012.0;0;0;80.0;4424.0;969.27;800.77;1.0;1.0;0;1.0;0;0;1.0;0;0;1.0;0;0;1.0;1.0;0;0;0;0;0
156943;5.29;1.00;12.0;2207.0;23.25;64.5;10.5;21.17;37.21;14.39;9.97;5.97;2.31;118012.0;12.0;12.0;80.0;4522.0;969.27;78.12;1.0;1.0;0;1.0;0;0;1.0;0;0;1.0;0;0;1.0;1.0;0;0;0;0;0
157441;5.25;1.04;18.0;2358.0;23.25;65.25;12.75;21.96;36.56;14.48;7.81;3.65;2.31;118012.0;18.0;19.0;77.0;4418.0;969.19;292.96;1.0;1.0;0;1.0;0;0;1.0;0;0;1.0;0;0;1.0;1.0;0;0;0;0;0
157964;4.84;1.04;25.0;2877.0;23.25;65.25;18.75;22.35;34.45;14.58;6.01;1.95;2.31;118012.0;25.0;26.0;77.0;4544.0;969.19;175.77;1.0;1.0;0;1.0;0;0;1.0;0;0;1.0;0;0;1.0;1.0;0;0;0;0;0
158467;4.88;1.08;31.0;3490.0;23.25;65.25;23.25;21.96;33.84;14.48;2.92;0.89;2.31;118012.0;30.0;32.0;77.0;4564.0;969.23;859.36;1.0;1.0;0;1.0;0;0;1.0;0;0;1.0;0;0;1.0;1.0;0;0;0;0;0
158994;0;1.00;33.0;3655.0;23.25;65.25;41.25;0;5.15;14.48;1.23;0.29;2.31;118012.0;33.0;34.0;77.0;4506.0;969.23;878.89;0;1.0;0;1.0;0;0;1.0;0;0;1.0;0;0;1.0;1.0;0;0;0;0;0
159536;5.09;1.00;37.0;3013.0;23.25;65.25;18.0;24.31;35.45;14.48;4.45;0.03;2.31;118012.0;37.0;38.0;77.0;4500.0;969.19;468.74;2.0;1.0;0;1.0;0;0;1.0;0;0;1.0;0;0;1.0;1.0;0;0;0;0;0
160058;5.68;0.99;43.0;3412.0;23.25;65.25;16.5;28.23;38.89;14.39;1.79;0;2.31;118012.0;42.0;44.0;77.0;4540.0;969.15;742.17;2.0;1.0;0;1.0;0;0;1.0;0;0;1.0;0;0;0;1.0;0;0;0;0;0
160576;5.24;0.93;48.0;3778.0;23.25;65.25;20.25;28.23;40.34;14.48;0.76;0;2.31;118012.0;47.0;49.0;77.0;4592.0;969.03;761.70;2.0;1.0;0;1.0;0;0;1.0;0;0;1.0;0;0;1.0;1.0;0;0;0;0;0
161074;4.95;0.88;52.0;4084.0;23.25;65.25;22.5;28.23;40.62;14.48;0.21;0;2.31;118012.0;50.0;53.0;77.0;4598.0;968.95;781.24;2.0;1.0;0;1.0;0;0;1.0;0;0;1.0;0;0;1.0;1.0;0;0;0;0;0
161602;5.31;1.00;53.0;3265.0;23.25;65.25;22.5;21.57;33.69;14.39;1.30;0;2.31;118012.0;52.0;54.0;77.0;4399.0;968.84;800.77;3.0;1.0;0;1.0;0;0;1.0;0;0;1.0;0;0;1.0;1.0;0;0;0;0;0
162158;5.05;0.96;56.0;3436.0;23.25;65.25;19.5;25.49;36.81;14.39;0.52;0;2.31;118012.0;54.0;56.0;77.0;4519.0;968.68;683.58;3.0;1.0;0;1.0;0;0;1.0;0;0;1.0;0;0;1.0;1.0;0;0;0;0;0
162658;4.12;0.96;58.0;3575.0;23.25;66.0;25.5;20.00;32.23;14.48;0.09;0;2.31;118012.0;57.0;59.0;74.0;4491.0;968.44;664.05;3.0;1.0;0;1.0;0;0;1.0;0;0;1.0;0;0;1.0;1.0;0;0;0;0;0
163201;3.48;0.99;58.0;3609.0;22.5;66.0;31.5;14.11;27.47;14.58;169.65;169.61;2.31;118012.0;58.0;59.0;74.0;4487.0;968.25;859.36;3.0;1.0;0;1.0;0;0;1.0;0;0;1.0;0;0;1.0;1.0;0;0;0;0;0
163741;3.07;0.92;60.0;3639.0;22.5;66.0;33.0;12.15;25.84;14.48;239.73;227.68;2.31;118012.0;59.0;60.0;74.0;4489.0;968.13;820.30;3.0;1.0;0;1.0;0;0;1.0;0;0;1.0;0;0;1.0;1.0;0;0;0;0;0
164255;3.43;1.00;60.0;3660.0;22.5;66.0;31.5;14.90;27.59;14.48;299.86;305.13;2.31;118012.0;59.0;60.0;74.0;4546.0;968.09;839.83;3.0;1.0;0;1.0;0;0;1.0;0;0;1.0;0;0;1.0;1.0;0;0;0;0;0
164855;2.96;0.99;60.0;3670.0;22.5;66.0;36.0;10.19;23.32;14.48;327.32;336.15;2.31;118012.0;60.0;60.0;74.0;4495.0;967.86;859.36;3.0;1.0;0;1.0;0;0;1.0;0;0;1.0;0;0;1.0;1.0;0;0;0;0;0
165419;2.68;0.92;60.0;3685.0;22.5;66.0;36.75;9.02;22.39;14.48;342.20;344.97;2.31;118012.0;59.0;60.0;74.0;4510.0;967.86;820.30;3.0;1.0;0;1.0;0;0;1.0;0;0;1.0;0;0;1.0;1.0;0;0;0;0;0
165918;2.25;0.86;60.0;3691.0;22.5;66.0;38.25;7.84;20.83;14.39;346.73;344.74;2.31;118012.0;59.0;61.0;74.0;4527.0;967.59;800.77;3.0;1.0;0;1.0;0;0;1.0;0;0;1.0;0;0;1.0;1.0;0;0;0;0;0
166517;2.04;0.81;60.0;3640.0;22.5;66.75;39.0;6.66;19.58;14.48;215.55;226.41;2.31;118012.0;59.0;60.0;72.0;4505.0;967.43;644.52;3.0;1.0;0;1.0;0;0;1.0;0;0;1.0;0;0;1.0;1.0;0;0;0;0;0
167071;1.96;0.82;57.0;3527.0;22.5;66.75;39.0;6.27;18.78;14.48;83.41;87.65;2.31;118012.0;56.0;58.0;72.0;4511.0;967.23;585.93;3.0;1.0;0;1.0;0;0;1.0;0;0;1.0;0;0;1.0;1.0;0;0;0;0;0
167596;1.98;0.85;55.0;3399.0;22.5;66.75;36.75;6.27;18.26;14.48;40.44;41.83;2.31;118012.0;54.0;55.0;72.0;4506.0;967.08;820.30;3.0;1.0;0;1.0;0;0;1.0;0;0;1.0;0;0;1.0;1.0;0;0;0;0;0
168094;2.95;0.97;55.0;3352.0;22.5;67.5;33.0;9.80;23.50;14.48;19.25;22.14;2.31;118012.0;53.0;55.0;69.0;4510.0;967.00;859.36;3.0;1.0;0;1.0;0;0;1.0;0;0;1.0;0;0;1.0;1.0;0;0;0;0;0
168619;2.64;0.92;53.0;3312.0;22.5;67.5;33.75;8.62;22.60;14.29;9.12;11.89;2.58;118012.0;53.0;54.0;69.0;4522.0;966.96;781.24;3.0;1.0;0;1.0;0;0;1.0;0;0;1.0;0;0;1.0;1.0;0;0;0;0;0
169156;2.4;0.87;52.0;3252.0;22.5;67.5;33.75;7.84;21.61;14.48;3.82;4.72;2.31;118012.0;52.0;53.0;69.0;4526.0;966.88;644.52;3.0;1.0;0;1.0;0;0;1.0;0;0;1.0;0;0;1.0;1.0;0;0;0;0;0
169691;2.26;0.87;52.0;3187.0;22.5;67.5;33.75;7.05;20.50;14.48;1.81;2.28;2.31;118012.0;51.0;52.0;69.0;4511.0;966.88;156.24;3.0;1.0;0;1.0;0;0;1.0;0;0;1.0;0;0;1.0;1.0;0;0;0;0;0
170216;2.37;0.90;51.0;3149.0;22.5;68.25;33.75;7.05;21.06;14.48;24.49;13.22;2.31;118012.0;50.0;52.0;66.0;4517.0;966.77;800.77;3.0;1.0;0;1.0;0;0;1.0;0;0;1.0;0;0;1.0;1.0;0;0;0;0;0
170729;2.28;0.86;50.0;3107.0;22.5;68.25;33.75;7.05;20.93;14.29;173.79;173.44;2.58;118012.0;49.0;51.0;66.0;4527.0;966.69;78.12;3.0;1.0;0;1.0;0;0;1.0;0;0;1.0;0;0;1.0;1.0;0;0;0;0;0
171229;2.28;0.89;50.0;3075.0;22.5;68.25;33.75;6.66;20.37;14.48;205.57;219.69;2.31;118012.0;49.0;50.0;66.0;4512.0;966.73;820.30;3.0;1.0;0;1.0;0;0;1.0;0;0;1.0;0;0;1.0;1.0;0;0;0;0;0
171753;2.19;0.87;50.0;3054.0;22.5;68.25;33.0;6.27;19.78;14.48;204.02;237.01;2.31;118012.0;49.0;50.0;66.0;4518.0;966.61;703.11;3.0;1.0;0;1.0;0;0;1.0;0;0;1.0;0;0;1.0;1.0;0;0;0;0;0
172272;3.25;1.00;48.0;3034.0;22.5;68.25;32.25;9.02;23.21;14.48;171.31;174.96;2.31;118012.0;48.0;49.0;66.0;4486.0;966.41;859.36;3.0;1.0;0;1.0;0;0;1.0;0;0;1.0;0;0;1.0;1.0;0;0;0;0;0
172829;4.09;0.97;51.0;3117.0;22.5;68.25;26.25;16.47;29.73;14.48;198.26;175.32;2.31;118012.0;49.0;51.0;66.0;4507.0;966.26;781.24;3.0;1.0;0;1.0;0;0;1.0;0;0;1.0;0;0;1.0;1.0;0;0;0;0;0
173344;4.63;0.99;53.0;3292.0;22.5;68.25;22.5;21.57;33.97;14.48;195.20;191.19;2.31;118012.0;51.0;54.0;66.0;4549.0;966.02;644.52;3.0;1.0;0;1.0;0;0;1.0;0;0;1.0;0;0;1.0;1.0;0;0;0;0;0
173842;3.4;0.99;55.0;3367.0;22.5;68.25;30.0;13.72;27.27;14.48;186.66;159.28;2.31;118012.0;53.0;55.0;66.0;4504.0;965.91;839.83;3.0;1.0;0;1.0;0;0;1.0;0;0;1.0;0;0;1.0;1.0;0;0;0;0;0
174411;4.51;1.00;56.0;3483.0;22.5;69.0;27.0;18.43;31.17;14.39;224.30;164.83;2.31;118012.0;55.0;57.0;63.0;4485.0;965.83;722.64;3.0;1.0;0;1.0;0;0;1.0;0;0;1.0;0;0;1.0;1.0;0;0;0;0;0
174911;4.53;0.99;60.0;3640.0;22.5;69.0;25.5;21.57;34.04;14.58;287.40;283.92;2.31;118012.0;57.0;60.0;63.0;4546.0;965.75;761.70;3.0;1.0;0;1.0;0;0;1.0;0;0;1.0;0;0;1.0;1.0;0;0;0;0;0
175435;3.76;0.96;60.0;3685.0;22.5;69.0;29.25;17.64;29.98;14.48;330.07;324.74;2.31;118012.0;58.0;60.0;63.0;4506.0;965.71;820.30;3.0;1.0;0;1.0;0;0;1.0;0;0;0;0;0;1.0;1.0;0;0;0;0;0
175941;2.41;1.00;58.0;3225.0;22.5;69.0;21.75;5.88;15.30;14.48;342.84;337.53;2.31;118012.0;59.0;58.0;63.0;4293.0;965.67;878.89;4.0;1.0;0;1.0;0;0;1.0;0;0;0;0;0;1.0;1.0;0;0;0;0;0
176462;2.34;0.99;57.0;3013.0;22.5;69.0;31.5;6.27;17.73;14.58;252.87;281.93;2.31;118012.0;58.0;58.0;63.0;4210.0;965.63;839.83;4.0;1.0;0;1.0;0;0;1.0;0;0;0;0;0;1.0;1.0;0;0;0;0;0
176973;2.21;0.95;57.0;2998.0;22.5;69.75;33.0;6.27;17.89;14.48;175.18;180.90;2.31;118012.0;57.0;58.0;60.0;4343.0;965.63;839.83;4.0;1.0;0;1.0;0;0;1.0;0;0;0;0;0;1.0;1.0;0;0;0;0;0
177497;2.08;0.91;58.0;3025.0;22.5;69.75;33.75;6.27;18.08;14.48;88.23;96.06;2.31;118012.0;57.0;58.0;60.0;4457.0;965.55;820.30;4.0;1.0;0;1.0;0;0;1.0;0;0;0;0;0;1.0;1.0;0;0;0;0;0
178092;2.19;0.87;57.0;3000.0;22.5;69.75;33.75;7.45;19.74;14.48;46.83;48.35;2.31;118012.0;57.0;58.0;60.0;4482.0;965.48;820.30;4.0;1.0;0;1.0;0;0;1.0;0;0;0;0;0;1.0;1.0;0;0;0;0;0
178610;2.48;0.82;57.0;3010.0;22.5;69.75;31.5;10.19;23.31;14.48;21.17;21.85;2.31;118012.0;57.0;58.0;60.0;4503.0;965.52;175.77;4.0;1.0;0;1.0;0;0;1.0;0;0;0;0;0;1.0;1.0;0;0;0;0;0
179108;2.55;0.88;57.0;3008.0;22.5;69.75;32.25;9.80;22.74;14.48;9.51;9.82;2.31;118012.0;57.0;58.0;60.0;4517.0;965.44;39.06;4.0;1.0;0;1.0;0;0;1.0;0;0;0;0;0;1.0;1.0;0;0;0;0;0
179625;2.26;0.92;57.0;3003.0;22.5;69.75;33.75;7.05;19.72;14.48;4.68;5.15;2.31;118012.0;57.0;58.0;60.0;4521.0;965.48;781.24;4.0;1.0;0;1.0;0;0;1.0;0;0;0;0;0;1.0;1.0;0;0;0;0;0
180146;2.19;0.91;57.0;2949.0;22.5;69.75;33.0;6.66;19.22;14.48;2.40;2.51;2.31;118012.0;57.0;57.0;60.0;4512.0;965.52;761.70;4.0;1.0;0;1.0;0;0;1.0;0;0;1.0;0;0;1.0;1.0;0;0;0;0;0
180675;2.05;0.87;56.0;2929.0;22.5;69.75;32.25;5.49;18.67;14.48;3.41;1.26;2.31;118012.0;56.0;56.0;60.0;4525.0;965.40;644.52;4.0;1.0;0;1.0;0;0;1.0;0;0;1.0;0;0;1.0;1.0;0;0;0;0;0
181186;1.91;0.88;56.0;2949.0;22.5;70.5;32.25;5.09;17.37;14.48;8.53;4.23;2.31;118012.0;56.0;57.0;58.0;4512.0;965.28;78.12;4.0;1.0;0;1.0;0;0;1.0;0;0;1.0;0;0;1.0;1.0;0;0;0;0;0
181721;1.70;0.91;56.0;2940.0;22.5;70.5;33.0;3.92;14.91;14.48;170.18;147.31;2.31;118012.0;56.0;56.0;58.0;4533.0;965.12;839.83;4.0;1.0;0;1.0;0;0;1.0;0;0;1.0;0;0;1.0;1.0;0;0;0;0;0
182246;3.16;1.00;57.0;2963.0;22.5;70.5;33.0;9.02;23.83;14.48;234.65;170.57;2.31;118012.0;56.0;57.0;58.0;4471.0;965.09;878.89;4.0;1.0;0;1.0;0;0;1.0;0;0;1.0;0;0;1.0;1.0;0;0;0;0;0
182757;3.12;0.96;57.0;3014.0;22.5;70.5;32.25;10.58;25.44;14.48;170.22;141.49;2.31;118012.0;56.0;58.0;58.0;4504.0;964.89;839.83;4.0;1.0;0;1.0;0;0;1.0;0;0;1.0;0;0;1.0;1.0;0;0;0;0;0
183281;2.89;0.91;58.0;3056.0;22.5;70.5;32.25;10.58;25.23;14.48;175.08;116.43;2.31;118012.0;57.0;59.0;58.0;4518.0;964.73;703.11;4.0;1.0;0;1.0;0;0;1.0;0;0;1.0;0;0;1.0;1.0;0;0;0;0;0
183842;2.96;0.89;58.0;3080.0;22.5;70.5;30.75;12.15;26.39;14.48;210.53;155.24;2.31;118012.0;58.0;59.0;58.0;4509.0;964.62;19.53;4.0;1.0;0;1.0;0;0;1.0;0;0;0;0;0;1.0;1.0;0;0;0;0;0
184342;3.84;1.02;61.0;3160.0;22.5;70.5;27.75;16.47;28.75;14.48;195.18;176.60;2.31;118012.0;60.0;61.0;58.0;4518.0;964.54;742.17;4.0;1.0;0;1.0;0;0;1.0;0;0;0;0;0;1.0;1.0;0;0;0;0;0
184865;2.74;0.99;62.0;3218.0;22.5;71.25;34.5;9.80;22.33;14.48;201.21;161.51;2.31;118012.0;61.0;62.0;57.0;4516.0;964.46;859.36;4.0;1.0;0;1.0;0;0;1.0;0;0;0;0;0;1.0;1.0;0;0;0;0;0
185422;1.27;1.00;61.0;3199.0;22.5;71.25;36.75;3.13;10.98;14.58;104.44;96.75;2.31;118012.0;61.0;61.0;57.0;4525.0;964.50;878.89;4.0;1.0;0;1.0;0;0;1.0;0;0;0;0;0;1.0;1.0;0;0;0;0;0
185968;1.68;0.98;58.0;3021.0;22.5;71.25;34.5;4.31;14.28;14.48;47.30;45.89;2.31;118012.0;58.0;58.0;57.0;4513.0;964.46;800.77;4.0;1.0;0;1.0;0;0;1.0;0;0;0;0;0;1.0;1.0;0;0;0;0;0
186490;3.04;0.94;58.0;3043.0;22.5;71.25;33.0;9.80;22.65;14.48;25.64;26.54;2.31;118012.0;57.0;58.0;57.0;4483.0;964.42;839.83;4.0;1.0;0;1.0;0;0;1.0;0;0;0;0;0;1.0;1.0;0;0;0;0;0
187013;2.91;0.96;58.0;3019.0;22.5;71.25;32.25;10.58;23.80;14.58;14.08;14.74;2.31;118012.0;57.0;59.0;57.0;4502.0;964.38;781.24;4.0;1.0;0;1.0;0;0;1.0;0;0;0;0;0;1.0;1.0;0;0;0;0;0
187615;2.98;0.91;60.0;3119.0;22.5;71.25;30.75;11.76;24.93;14.48;6.28;6.58;2.31;118012.0;59.0;60.0;57.0;4511.0;964.38;214.84;4.0;1.0;0;1.0;0;0;1.0;0;0;0;0;0;1.0;1.0;0;0;0;0;0
188216;3.29;0.95;61.0;3180.0;22.5;72.0;30.0;14.90;26.85;14.48;2.57;3.96;2.31;118012.0;60.0;61.0;57.0;4523.0;964.38;19.53;4.0;1.0;0;1.0;0;0;1.0;0;0;0;0;0;1.0;1.0;0;0;0;0;0
188768;3.51;1.01;62.0;3248.0;22.5;72.0;30.0;14.90;26.83;14.48;0.99;1.60;2.31;118012.0;61.0;62.0;57.0;4507.0;964.34;781.24;4.0;1.0;0;1.0;0;0;1.0;0;0;0;0;0;1.0;1.0;0;0;0;0;0
189278;2.85;0.99;63.0;3289.0;22.5;72.0;34.5;9.80;22.85;14.39;0.39;0.66;2.31;118012.0;63.0;63.0;57.0;4507.0;964.34;859.36;4.0;1.0;0;1.0;0;0;1.0;0;0;0;0;0;1.0;1.0;0;0;0;0;0
189832;2.37;0.94;63.0;3327.0;22.5;72.0;36.75;7.84;20.18;14.39;1.24;1.79;2.31;118012.0;63.0;64.0;57.0;4513.0;964.34;839.83;4.0;1.0;0;1.0;0;0;1.0;0;0;0;0;0;1.0;1.0;0;0;0;0;0
190328;2.16;0.89;63.0;3354.0;22.5;72.0;38.25;7.45;19.38;14.39;0.50;0.76;2.31;118012.0;64.0;64.0;57.0;4512.0;964.34;800.77;4.0;1.0;0;1.0;0;0;1.0;0;0;0;0;0;0;1.0;0;0;0;0;0
190866;2.38;0.84;65.0;3409.0;22.5;72.0;35.25;9.80;22.23;14.39;0.15;1.66;2.31;118012.0;64.0;66.0;57.0;4517.0;964.34;156.24;4.0;1.0;0;1.0;0;0;1.0;0;0;0;0;0;1.0;1.0;0;0;0;0;0
191416;2.59;0.90;66.0;3469.0;22.5;72.0;36.0;10.19;22.52;14.48;0;0.68;2.31;118012.0;66.0;67.0;57.0;4515.0;964.34;683.58;4.0;1.0;0;1.0;0;0;1.0;0;0;0;0;0;1.0;1.0;0;0;0;0;0
191940;2.73;0.89;68.0;3524.0;22.5;72.0;35.25;11.37;23.73;14.48;0.89;2.28;2.31;118012.0;67.0;68.0;57.0;4513.0;964.34;624.99;4.0;1.0;0;1.0;0;0;1.0;0;0;0;0;0;1.0;1.0;0;0;0;0;0
192486;2.73;0.91;70.0;3646.0;22.5;72.75;36.75;11.37;23.43;14.48;0.31;0.93;2.31;118012.0;69.0;70.0;56.0;4519.0;964.34;781.24;4.0;1.0;0;1.0;0;0;1.0;0;0;0;0;0;1.0;1.0;0;0;0;0;0
193045;2.47;0.87;71.0;3696.0;22.5;72.75;38.25;10.19;22.15;14.48;0.01;4.23;2.31;118012.0;70.0;71.0;56.0;4523.0;964.34;273.43;4.0;1.0;0;1.0;0;0;1.0;0;0;0;0;0;1.0;1.0;0;0;0;0;0
193555;2.21;0.89;72.0;3767.0;22.5;72.75;40.5;8.23;19.59;14.48;1.75;1.42;2.31;118012.0;72.0;72.0;56.0;4515.0;964.34;800.77;4.0;1.0;0;1.0;0;0;1.0;0;0;0;0;0;1.0;1.0;0;0;0;0;0
194076;2.01;0.84;72.0;3809.0;22.5;72.75;42.0;7.84;18.96;14.48;0.64;2.08;2.31;118012.0;72.0;73.0;56.0;4524.0;964.34;742.17;4.0;1.0;0;1.0;0;0;1.0;0;0;0;0;0;1.0;1.0;0;0;0;0;0
194600;1.72;0.83;73.0;3818.0;22.5;72.75;42.75;6.27;16.52;14.58;1.24;0.78;2.31;118012.0;73.0;74.0;56.0;4515.0;964.34;800.77;4.0;1.0;0;1.0;0;0;1.0;0;0;0;0;0;1.0;1.0;0;0;0;0;0
195106;1.40;0.79;73.0;3808.0;22.5;72.75;44.25;5.09;14.58;14.48;1.42;1.99;2.31;118012.0;74.0;74.0;56.0;4526.0;964.34;820.30;4.0;1.0;0;1.0;0;0;1.0;0;0;0;0;0;1.0;1.0;0;0;0;0;0
195606;1.04;0.77;73.0;3867.0;22.5;72.75;44.25;3.92;10.84;14.58;1.73;2.87;2.31;118012.0;74.0;74.0;56.0;4519.0;964.34;761.70;4.0;1.0;0;1.0;0;0;1.0;0;0;0;0;0;1.0;1.0;0;0;0;0;0
196140;3.15;1.00;75.0;3815.0;22.5;72.75;39.75;9.41;20.91;14.39;0.64;1.11;2.31;118012.0;74.0;75.0;56.0;4473.0;964.34;859.36;4.0;1.0;0;1.0;0;0;1.0;0;0;0;0;0;1.0;1.0;0;0;0;0;0
196638;2.12;1.00;75.0;3468.0;22.5;72.75;27.0;5.09;13.39;14.39;1.50;0.39;2.31;118012.0;74.0;75.0;56.0;4274.0;964.34;859.36;5.0;1.0;0;1.0;0;0;1.0;0;0;0;0;0;1.0;1.0;0;0;0;0;0
197160;2.04;0.99;75.0;3474.0;22.5;73.5;36.0;5.49;15.39;14.48;0.62;1.62;2.31;118012.0;75.0;75.0;56.0;4212.0;964.34;859.36;5.0;1.0;0;1.0;0;0;1.0;0;0;0;0;0;1.0;1.0;0;0;0;0;0
197661;2.12;0.95;76.0;3524.0;22.5;73.5;40.5;6.27;17.20;14.58;0.19;0.66;2.31;118012.0;76.0;77.0;56.0;4336.0;964.34;859.36;5.0;1.0;0;1.0;0;0;1.0;0;0;0;0;0;1.0;1.0;0;0;0;0;0
198182;1.98;0.91;77.0;3537.0;22.5;73.5;40.5;6.27;17.12;14.58;0;0.21;2.31;118012.0;76.0;77.0;56.0;4460.0;964.34;839.83;5.0;1.0;0;1.0;0;0;1.0;0;0;0;0;0;1.0;1.0;0;0;0;0;0
198756;1.83;0.87;77.0;3572.0;22.5;73.5;40.5;6.27;16.74;14.48;0;0;2.31;118012.0;78.0;77.0;56.0;4500.0;964.34;820.30;5.0;1.0;0;1.0;0;0;1.0;0;0;0;0;0;1.0;1.0;0;0;0;0;0
199315;1.68;0.83;78.0;3609.0;22.5;73.5;41.25;5.88;16.35;14.58;0;0;2.31;118012.0;78.0;79.0;56.0;4508.0;964.34;781.24;5.0;1.0;0;1.0;0;0;1.0;0;0;0;0;0;1.0;1.0;0;0;0;0;0
199861;1.76;0.78;78.0;3636.0;22.5;73.5;41.25;7.05;17.84;14.58;0;0;2.31;118012.0;78.0;79.0;56.0;4510.0;964.34;214.84;5.0;1.0;0;1.0;0;0;1.0;0;0;0;0;0;1.0;1.0;0;0;0;0;0
200380;0.46;1.00;78.0;3243.0;22.5;73.5;-30.0;0;0;14.48;0;0;2.31;118012.0;78.0;78.0;56.0;4742.0;964.34;703.11;5.0;1.0;0;1.0;0;0;1.0;0;0;0;0;0;1.0;1.0;0;0;0;0;0
200903;1.43;1.00;77.0;3276.0;22.5;74.25;38.25;3.52;11.36;14.58;72.55;68.64;2.31;118012.0;77.0;77.0;55.0;4181.0;964.42;839.83;6.0;1.0;0;1.0;0;0;1.0;0;0;0;0;0;1.0;1.0;0;0;0;0;0
201447;2.37;0.98;77.0;3287.0;22.5;74.25;37.5;6.66;18.34;14.48;137.92;101.30;2.31;118012.0;77.0;77.0;55.0;4251.0;964.42;839.83;6.0;1.0;0;1.0;0;0;1.0;0;0;0;0;0;1.0;1.0;0;0;0;0;0
201972;2.13;0.93;77.0;3298.0;22.5;74.25;38.25;6.27;17.84;14.48;142.84;142.76;2.31;118012.0;77.0;78.0;55.0;4392.0;964.46;839.83;6.0;1.0;0;1.0;0;0;1.0;0;0;0;0;0;1.0;1.0;0;0;0;0;0
202480;2.0;0.89;77.0;3309.0;22.5;74.25;38.25;6.27;17.78;14.39;154.18;142.21;2.31;118012.0;77.0;78.0;55.0;4477.0;964.50;800.77;6.0;1.0;0;1.0;0;0;1.0;0;0;0;0;0;1.0;1.0;0;0;0;0;0
203003;1.91;0.85;77.0;3292.0;22.5;74.25;38.25;6.27;17.87;14.58;141.18;146.20;2.31;118012.0;78.0;78.0;55.0;4493.0;964.73;664.05;6.0;1.0;0;1.0;0;0;1.0;0;0;0;0;0;1.0;1.0;0;0;0;0;0
203502;1.80;0.81;77.0;3326.0;22.5;74.25;38.25;6.27;17.74;14.48;214.71;205.82;2.31;118012.0;78.0;78.0;55.0;4515.0;964.73;156.24;6.0;1.0;0;1.0;0;0;1.0;0;0;0;0;0;1.0;1.0;0;0;0;0;0
204026;1.87;0.84;78.0;3315.0;22.5;74.25;38.25;6.27;17.81;14.58;274.59;232.56;2.31;118012.0;78.0;78.0;55.0;4504.0;965.01;58.59;6.0;1.0;0;1.0;0;0;1.0;0;0;0;0;0;1.0;1.0;0;0;0;0;0
204525;1.86;0.88;77.0;3301.0;22.5;74.25;38.25;5.88;17.00;14.58;321.20;297.81;2.31;118012.0;78.0;78.0;55.0;4515.0;965.16;800.77;6.0;1.0;0;1.0;0;0;1.0;0;0;0;0;0;1.0;1.0;0;0;0;0;0
205038;1.62;0.85;78.0;3330.0;22.5;75.0;38.25;5.49;15.45;14.48;338.14;328.31;2.31;118012.0;78.0;78.0;55.0;4520.0;965.28;664.05;6.0;1.0;0;1.0;0;0;1.0;0;0;0;0;0;1.0;1.0;0;0;0;0;0
205563;1.58;0.82;77.0;3308.0;22.5;75.0;38.25;5.49;15.51;14.58;347.38;336.83;2.31;118012.0;78.0;78.0;55.0;4513.0;965.36;78.12;6.0;1.0;0;1.0;0;0;1.0;0;0;0;0;0;1.0;1.0;0;0;0;0;0
206086;1.64;0.85;77.0;3262.0;22.5;75.0;38.25;5.49;15.61;14.48;351.75;342.06;2.31;118012.0;78.0;77.0;55.0;4512.0;965.40;78.12;6.0;1.0;0;1.0;0;0;1.0;0;0;0;0;0;1.0;1.0;0;0;0;0;0
206597;1.6;0.87;77.0;3284.0;22.5;75.0;37.5;5.09;14.92;14.58;328.29;344.50;2.31;118012.0;77.0;77.0;55.0;4511.0;965.48;800.77;6.0;1.0;0;1.0;0;0;1.0;0;0;0;0;0;1.0;1.0;0;0;0;0;0
207096;1.48;0.84;76.0;3267.0;22.5;75.0;37.5;4.70;14.19;14.39;346.03;343.57;2.31;118012.0;77.0;76.0;55.0;4521.0;965.48;136.71;6.0;1.0;0;1.0;0;0;1.0;0;0;0;0;0;1.0;1.0;0;0;0;0;0
207628;1.63;0.86;76.0;3227.0;22.5;75.0;37.5;5.09;14.82;14.39;344.72;344.35;2.31;118013.0;76.0;76.0;55.0;4500.0;965.52;859.36;6.0;1.0;0;1.0;0;0;1.0;0;0;0;0;0;1.0;1.0;0;0;0;0;0
208127;2.62;0.97;76.0;3231.0;22.5;75.0;35.25;8.62;21.42;14.48;327.18;328.78;2.31;118013.0;76.0;76.0;55.0;4499.0;965.52;859.36;6.0;1.0;0;1.0;0;0;1.0;0;0;0;0;0;1.0;1.0;0;0;0;0;0
208648;2.54;0.92;76.0;3243.0;22.5;75.0;34.5;9.02;21.72;14.48;274.78;309.14;2.31;118013.0;76.0;77.0;55.0;4511.0;965.52;820.30;6.0;1.0;0;1.0;0;0;1.0;0;0;0;0;0;1.0;1.0;0;0;0;0;0
209227;2.34;0.87;76.0;3261.0;22.5;75.0;35.25;8.62;21.37;14.48;254.76;295.80;2.31;118013.0;76.0;77.0;55.0;4518.0;965.55;605.46;6.0;1.0;0;1.0;0;0;1.0;0;0;0;0;0;1.0;1.0;0;0;0;0;0
209750;2.34;0.89;77.0;3249.0;22.5;75.0;35.25;8.23;21.10;14.58;305.60;336.67;2.31;118013.0;76.0;77.0;55.0;4516.0;965.55;39.06;6.0;1.0;0;1.0;0;0;1.0;0;0;0;0;0;1.0;1.0;0;0;0;0;0
210256;2.58;0.94;77.0;3270.0;22.5;75.0;34.5;9.41;21.92;14.48;322.28;347.82;2.31;118013.0;77.0;77.0;55.0;4506.0;965.55;800.77;6.0;1.0;0;1.0;0;0;1.0;0;0;0;0;0;1.0;1.0;0;0;0;0;0
210777;2.53;0.90;76.0;3258.0;22.5;75.0;34.5;9.80;22.36;14.58;343.70;356.34;2.31;118013.0;76.0;77.0;55.0;4514.0;965.55;117.18;6.0;1.0;0;1.0;0;0;1.0;0;0;0;0;0;1.0;1.0;0;0;0;0;0
211277;2.64;0.93;76.0;3228.0;22.5;75.0;33.75;9.80;22.39;14.58;348.29;355.93;2.31;118013.0;75.0;76.0;55.0;4513.0;965.55;585.93;6.0;1.0;0;1.0;0;0;1.0;0;0;0;0;0;1.0;1.0;0;0;0;0;0
211801;2.36;0.93;76.0;3252.0;22.5;75.0;36.0;7.84;20.35;14.48;352.14;352.14;2.31;118013.0;75.0;77.0;55.0;4518.0;965.55;781.24;6.0;1.0;0;1.0;0;0;1.0;0;0;0;0;0;1.0;1.0;0;0;0;0;0
212358;2.24;0.89;76.0;3230.0;22.5;75.0;36.0;7.84;20.10;14.48;332.02;350.73;2.31;118013.0;75.0;76.0;55.0;4508.0;965.55;390.62;6.0;1.0;0;1.0;0;0;1.0;0;0;0;0;0;1.0;1.0;0;0;0;0;0
212874;2.16;0.92;76.0;3221.0;22.5;75.0;36.75;7.05;19.00;14.48;329.51;349.68;2.31;118013.0;75.0;76.0;55.0;4514.0;965.55;800.77;6.0;1.0;0;1.0;0;0;1.0;0;0;0;0;0;1.0;1.0;0;0;0;0;0
213395;2.05;0.88;76.0;3215.0;22.5;75.0;36.75;6.66;18.84;14.58;332.20;331.61;2.31;118013.0;75.0;76.0;55.0;4509.0;965.55;664.05;6.0;1.0;0;1.0;0;0;1.0;0;0;0;0;0;1.0;1.0;0;0;0;0;0
213964;1.99;0.86;76.0;3226.0;22.5;75.0;36.75;6.66;18.60;14.48;310.05;291.17;2.31;118013.0;75.0;76.0;55.0;4515.0;965.55;97.65;6.0;1.0;0;1.0;0;0;1.0;0;0;0;0;0;1.0;1.0;0;0;0;0;0
214474;2.08;0.91;76.0;3223.0;22.5;75.75;36.75;6.66;18.50;14.48;304.55;296.15;2.31;118013.0;75.0;76.0;54.0;4521.0;965.55;761.70;6.0;1.0;0;1.0;0;0;1.0;0;0;0;0;0;1.0;1.0;0;0;0;0;0
214972;2.13;0.87;76.0;3230.0;22.5;75.75;36.0;7.45;19.55;14.58;312.55;231.43;2.31;118013.0;76.0;76.0;54.0;4504.0;965.55;175.77;6.0;1.0;0;1.0;0;0;1.0;0;0;0;0;0;1.0;1.0;0;0;0;0;0
215509;2.43;0.89;76.0;3245.0;22.5;75.75;34.5;9.02;21.66;14.48;317.75;276.85;2.31;118013.0;75.0;76.0;54.0;4512.0;965.55;488.27;6.0;1.0;0;1.0;0;0;1.0;0;0;0;0;0;1.0;1.0;0;0;0;0;0
216067;2.43;0.90;76.0;3250.0;22.5;75.75;35.25;8.62;21.39;14.58;336.54;299.60;2.31;118013.0;76.0;76.0;54.0;4503.0;965.55;683.58;6.0;1.0;0;1.0;0;0;1.0;0;0;0;0;0;1.0;1.0;0;0;0;0;0
216617;2.33;0.90;76.0;3259.0;22.5;75.75;35.25;7.84;20.62;14.48;346.01;339.02;2.31;118013.0;76.0;77.0;54.0;4514.0;965.55;761.70;6.0;1.0;0;1.0;0;0;1.0;0;0;0;0;0;1.0;1.0;0;0;0;0;0
217174;2.12;0.87;76.0;3262.0;22.5;75.75;36.0;7.45;19.54;14.48;349.60;347.36;2.31;118013.0;76.0;77.0;54.0;4508.0;965.55;58.59;6.0;1.0;0;1.0;0;0;1.0;0;0;0;0;0;1.0;1.0;0;0;0;0;0
217695;2.14;0.91;76.0;3270.0;22.5;75.75;36.75;6.66;18.95;14.58;352.30;330.68;2.31;118013.0;76.0;77.0;54.0;4510.0;965.55;820.30;6.0;1.0;0;1.0;0;0;1.0;0;0;0;0;0;1.0;1.0;0;0;0;0;0
218212;1.98;0.86;76.0;3248.0;22.5;75.75;36.75;6.66;18.47;14.58;347.24;343.45;2.31;118013.0;76.0;77.0;54.0;4511.0;965.55;664.05;6.0;1.0;0;1.0;0;0;1.0;0;0;0;0;0;1.0;1.0;0;0;0;0;0
218735;1.98;0.86;76.0;3251.0;22.5;76.5;36.75;6.66;18.47;14.39;344.60;349.37;2.31;118013.0;76.0;76.0;54.0;4517.0;965.55;78.12;6.0;1.0;0;1.0;0;0;1.0;0;0;0;0;0;1.0;1.0;0;0;0;0;0
219335;2.04;0.90;76.0;3250.0;22.5;76.5;36.75;6.66;18.28;14.48;331.50;312.53;2.31;118013.0;76.0;77.0;54.0;4504.0;965.55;820.30;6.0;1.0;0;1.0;0;0;1.0;0;0;0;0;0;1.0;1.0;0;0;0;0;0
219886;1.91;0.86;76.0;3245.0;22.5;76.5;37.5;6.27;17.95;14.58;312.20;274.33;2.31;118013.0;77.0;76.0;54.0;4517.0;965.55;175.77;6.0;1.0;0;1.0;0;0;1.0;0;0;0;0;0;1.0;1.0;0;0;0;0;0
220400;1.96;0.89;76.0;3232.0;22.5;76.5;36.75;6.27;18.02;14.48;288.10;273.65;2.31;118013.0;75.0;76.0;54.0;4506.0;965.55;546.86;6.0;1.0;0;1.0;0;0;1.0;0;0;0;0;0;1.0;1.0;0;0;0;0;0
220930;2.04;0.89;76.0;3206.0;22.5;76.5;36.0;6.66;18.58;14.48;321.05;227.13;2.31;118013.0;75.0;76.0;54.0;4514.0;965.55;722.64;6.0;1.0;0;1.0;0;0;1.0;0;0;0;0;0;1.0;1.0;0;0;0;0;0
221521;2.04;0.87;75.0;3202.0;22.5;76.5;36.75;6.66;18.85;14.48;339.15;291.13;2.31;118013.0;76.0;75.0;54.0;4506.0;965.55;156.24;6.0;1.0;0;1.0;0;0;1.0;0;0;0;0;0;1.0;1.0;0;0;0;0;0
222041;2.08;0.89;75.0;3209.0;22.5;76.5;36.75;6.66;18.87;14.48;316.01;329.58;2.31;118013.0;75.0;75.0;54.0;4532.0;965.55;781.24;6.0;1.0;0;1.0;0;0;1.0;0;0;0;0;0;1.0;1.0;0;0;0;0;0
222562;1.33;0.98;75.0;3167.0;22.5;76.5;36.0;3.52;11.27;14.48;326.81;326.50;2.31;118013.0;75.0;74.0;54.0;4526.0;965.55;859.36;6.0;1.0;0;1.0;0;0;1.0;0;0;0;0;0;1.0;1.0;0;0;0;0;0
223105;2.12;1.00;73.0;3120.0;22.5;77.25;36.0;5.88;16.74;14.48;347.32;347.18;2.31;118013.0;73.0;74.0;54.0;4498.0;965.55;839.83;6.0;1.0;0;1.0;0;0;1.0;0;0;0;0;0;1.0;1.0;0;0;0;0;0
223753;2.04;0.96;72.0;3108.0;22.5;77.25;35.25;5.88;17.25;14.58;335.48;323.41;2.31;118013.0;72.0;73.0;54.0;4517.0;965.55;820.30;6.0;1.0;0;1.0;0;0;1.0;0;0;0;0;0;1.0;1.0;0;0;0;0;0
224266;1.96;0.91;72.0;3095.0;22.5;77.25;35.25;5.88;17.50;14.58;328.59;314.29;2.31;118013.0;72.0;73.0;54.0;4502.0;965.55;800.77;6.0;1.0;0;1.0;0;0;1.0;0;0;0;0;0;1.0;1.0;0;0;0;0;0
224791;1.85;0.88;72.0;3072.0;22.5;77.25;35.25;5.88;17.06;14.58;298.49;272.42;2.31;118013.0;72.0;73.0;54.0;4505.0;965.55;722.64;6.0;1.0;0;1.0;0;0;1.0;0;0;0;0;0;1.0;1.0;0;0;0;0;0
225364;1.52;0.85;72.0;3060.0;22.5;77.25;35.25;4.70;15.24;14.58;260.41;235.16;2.31;118013.0;72.0;72.0;54.0;4524.0;965.55;703.11;6.0;1.0;0;1.0;0;0;1.0;0;0;0;0;0;1.0;1.0;0;0;0;0;0
225919;0.76;0.85;71.0;2867.0;22.5;77.25;33.0;1.17;7.80;14.48;197.68;167.19;2.31;118013.0;72.0;71.0;54.0;4542.0;965.55;820.30;6.0;1.0;0;1.0;0;0;1.0;0;0;0;0;0;1.0;1.0;0;0;0;0;0
226442;0.66;1.00;68.0;2914.0;22.5;77.25;-30.0;0;0;14.58;185.74;165.00;2.31;118013.0;69.0;69.0;54.0;4583.0;965.55;351.55;6.0;1.0;0;1.0;0;0;1.0;0;0;0;0;0;1.0;1.0;0;0;0;0;0
226952;0.68;1.00;66.0;2806.0;22.5;77.25;-30.0;0;0;14.58;257.38;258.94;2.31;118013.0;67.0;67.0;54.0;4620.0;965.55;0;6.0;1.0;0;1.0;0;0;1.0;0;0;0;0;0;1.0;1.0;0;0;0;0;0
227474;0.69;1.00;65.0;2747.0;22.5;77.25;-30.0;0;0;14.58;304.90;280.82;2.31;118013.0;65.0;65.0;54.0;4559.0;965.55;0;6.0;1.0;0;1.0;0;0;1.0;0;0;0;0;0;1.0;1.0;0;0;0;0;0
227972;3.17;1.00;63.0;2739.0;22.5;78.0;-5.25;8.23;11.49;14.48;234.86;223.71;2.31;118013.0;63.0;63.0;53.0;4190.0;965.55;859.36;6.0;1.0;0;1.0;0;0;1.0;0;0;0;0;0;1.0;1.0;0;0;0;0;0
228486;2.90;0.98;62.0;2680.0;22.5;78.0;12.75;8.62;18.88;14.48;131.51;125.28;2.31;118013.0;63.0;63.0;53.0;4233.0;965.55;839.83;6.0;1.0;0;1.0;0;0;1.0;0;0;0;0;0;1.0;1.0;0;0;0;0;0
229010;2.69;0.94;65.0;2739.0;22.5;78.0;29.25;8.62;21.90;14.48;69.85;70.11;2.31;118013.0;63.0;65.0;53.0;4379.0;965.55;800.77;6.0;1.0;0;1.0;0;0;1.0;0;0;0;0;0;1.0;1.0;0;0;0;0;0
229612;2.36;0.90;65.0;2782.0;22.5;78.0;30.75;7.84;20.94;14.58;39.04;37.16;2.31;118013.0;65.0;65.0;53.0;4497.0;965.55;273.43;6.0;1.0;0;1.0;0;0;1.0;0;0;0;0;0;1.0;1.0;0;0;0;0;0
230136;2.28;0.92;66.0;2796.0;22.5;78.0;30.75;7.05;20.01;14.48;19.58;18.65;2.31;118013.0;65.0;66.0;53.0;4508.0;965.55;58.59;6.0;1.0;0;1.0;0;0;1.0;0;0;0;0;0;1.0;1.0;0;0;0;0;0
230697;2.26;0.95;66.0;2792.0;22.5;78.0;30.75;6.66;19.20;14.58;13.53;9.82;2.31;118013.0;65.0;66.0;53.0;4514.0;965.55;820.30;6.0;1.0;0;1.0;0;0;1.0;0;0;0;0;0;0;1.0;0;0;0;0;0
231224;1.92;0.93;66.0;2788.0;22.5;78.0;30.75;5.09;16.71;14.58;7.69;4.62;2.31;118013.0;65.0;66.0;53.0;4529.0;965.55;800.77;6.0;1.0;0;1.0;0;0;1.0;0;0;0;0;0;1.0;1.0;0;0;0;0;0
231782;1.57;0.90;65.0;2772.0;22.5;78.0;30.75;4.31;14.38;14.58;5.76;2.38;2.31;118013.0;65.0;65.0;53.0;4519.0;965.55;97.65;6.0;1.0;0;1.0;0;0;1.0;0;0;0;0;0;1.0;1.0;0;0;0;0;0
232326;1.59;0.92;65.0;2732.0;22.5;78.0;30.0;4.31;14.02;14.48;2.65;2.94;2.31;118013.0;65.0;65.0;53.0;4511.0;965.55;117.18;6.0;1.0;0;1.0;0;0;1.0;0;0;0;0;0;1.0;1.0;0;0;0;0;0
232850;1.66;0.94;65.0;2763.0;22.5;78.0;30.75;3.92;14.42;14.48;1.34;1.58;2.31;118013.0;65.0;65.0;53.0;4507.0;965.55;800.77;6.0;1.0;0;1.0;0;0;1.0;0;0;0;0;0;1.0;1.0;0;0;0;0;0
233354;1.61;0.91;65.0;2761.0;22.5;78.75;30.75;3.92;14.43;14.48;0.66;0.74;2.31;118013.0;65.0;65.0;53.0;4518.0;965.55;703.11;6.0;1.0;0;1.0;0;0;1.0;0;0;0;0;0;1.0;1.0;0;0;0;0;0
233877;1.60;0.90;65.0;2794.0;22.5;78.75;30.75;4.31;14.60;14.58;0.23;0.29;2.31;118013.0;65.0;65.0;53.0;4510.0;965.55;214.84;6.0;1.0;0;1.0;0;0;1.0;0;0;0;0;0;1.0;1.0;0;0;0;0;0
234399;1.68;0.92;65.0;2770.0;22.5;78.75;30.75;4.31;14.86;14.48;1.34;0.05;2.31;118013.0;65.0;65.0;53.0;4505.0;965.55;175.77;6.0;1.0;0;1.0;0;0;1.0;0;0;0;0;0;1.0;1.0;0;0;0;0;0
234910;1.68;0.92;65.0;2794.0;22.5;78.75;30.75;4.31;14.81;14.58;0.66;3.16;2.31;118013.0;65.0;66.0;53.0;4518.0;965.55;800.77;6.0;1.0;0;1.0;0;0;1.0;0;0;0;0;0;1.0;1.0;0;0;0;0;0
235432;1.77;0.90;66.0;2770.0;22.5;78.75;30.75;5.09;15.96;14.58;2.14;1.69;2.31;118013.0;65.0;66.0;53.0;4508.0;965.59;703.11;6.0;1.0;0;1.0;0;0;1.0;0;0;0;0;0;1.0;1.0;0;0;0;0;0
235945;1.76;0.90;66.0;2806.0;22.5;78.75;31.5;5.09;15.96;14.48;1.11;0.82;2.31;118013.0;66.0;67.0;53.0;4514.0;965.59;39.06;6.0;1.0;0;1.0;0;0;1.0;0;0;0;0;0;1.0;1.0;0;0;0;0;0
236505;1.78;0.93;66.0;2847.0;22.5;78.75;31.5;4.70;15.53;14.48;0.50;0.33;2.31;118013.0;67.0;67.0;53.0;4510.0;965.75;781.24;6.0;1.0;0;1.0;0;0;1.0;0;0;0;0;0;1.0;1.0;0;0;0;0;0
237010;1.58;0.90;67.0;2880.0;22.5;78.75;32.25;4.31;14.23;14.39;0.15;0.05;2.31;118013.0;67.0;68.0;53.0;4520.0;965.87;703.11;6.0;1.0;0;1.0;0;0;1.0;0;0;0;0;0;1.0;1.0;0;0;0;0;0
237534;1.56;0.90;67.0;2887.0;22.5;78.75;32.25;4.31;14.20;14.39;0;1.85;2.31;118013.0;68.0;68.0;53.0;4514.0;965.87;566.39;6.0;1.0;0;1.0;0;0;1.0;0;0;0;0;0;1.0;1.0;0;0;0;0;0
238057;2.47;1.00;68.0;2932.0;22.5;78.75;33.0;6.66;19.47;14.48;0;0.89;2.31;118013.0;69.0;69.0;53.0;4488.0;965.91;859.36;6.0;1.0;0;1.0;0;0;1.0;0;0;0;0;0;1.0;1.0;0;0;0;0;0
238655;1.14;0.96;68.0;2932.0;22.5;78.75;33.0;2.74;11.16;14.48;0;0.33;2.31;118013.0;69.0;69.0;53.0;4542.0;966.02;859.36;6.0;1.0;0;1.0;0;0;1.0;0;0;0;0;0;1.0;1.0;0;0;0;0;0
239179;1.20;0.98;68.0;2910.0;22.5;78.75;33.0;2.74;10.41;14.58;1.01;0.03;2.31;118013.0;69.0;69.0;53.0;4534.0;966.06;859.36;6.0;1.0;0;1.0;0;0;1.0;0;0;0;0;0;1.0;1.0;0;0;0;0;0
239692;0.66;1.00;67.0;2858.0;22.5;78.75;-30.0;0;0;14.58;1.91;0;2.31;118013.0;68.0;67.0;53.0;4573.0;966.14;761.70;6.0;1.0;0;1.0;0;0;1.0;0;0;0;0;0;1.0;1.0;0;0;0;0;0
240191;0.72;1.00;65.0;2771.0;22.5;78.75;-30.0;0;0;14.48;4.74;0;2.31;118013.0;65.0;65.0;53.0;4574.0;966.18;0;6.0;1.0;0;1.0;0;0;1.0;0;0;0;0;0;1.0;1.0;0;0;0;0;0
240713;0.69;1.00;63.0;2714.0;22.5;79.5;-30.0;0;0;14.58;2.42;0;2.31;118013.0;64.0;64.0;52.0;4494.0;966.30;0;6.0;1.0;0;1.0;0;0;1.0;0;0;0;0;0;1.0;1.0;0;0;0;0;0
241219;0.72;1.00;61.0;2623.0;22.5;79.5;-30.0;0;0;14.58;1.26;1.97;2.31;118013.0;62.0;62.0;52.0;4483.0;966.34;0;6.0;1.0;0;1.0;0;0;1.0;0;0;0;0;0;1.0;1.0;0;0;0;0;0
241741;0.90;1.00;60.0;2540.0;22.5;79.5;0.75;0;7.54;14.39;0.62;1.01;2.31;118013.0;61.0;60.0;52.0;4324.0;966.41;0;6.0;1.0;0;1.0;0;0;1.0;0;0;0;0;0;1.0;1.0;0;0;0;0;0
242252;0.84;1.00;58.0;2482.0;22.5;79.5;18.0;0;12.75;14.58;2.51;0.48;2.31;118013.0;59.0;58.0;58.0;4227.0;966.22;19.53;6.0;1.0;0;1.0;0;0;1.0;0;0;0;0;0;1.0;1.0;0;0;0;0;0
242774;1.88;1.00;57.0;2408.0;22.5;79.5;7.5;3.13;9.90;14.48;10.25;3.41;2.31;118013.0;58.0;57.0;52.0;4373.0;966.30;859.36;6.0;1.0;0;1.0;0;0;1.0;0;0;1.0;0;0;1.0;1.0;0;0;0;0;0
243298;2.04;0.98;56.0;2425.0;22.5;79.5;12.0;3.92;13.44;14.39;5.99;1.93;2.31;118013.0;56.0;56.0;52.0;4431.0;966.41;800.77;6.0;1.0;0;1.0;0;0;1.0;0;0;1.0;0;0;1.0;1.0;0;0;0;0;0
243811;2.32;0.95;56.0;2400.0;22.5;79.5;20.25;5.09;18.26;14.48;3.45;1.05;2.31;118013.0;57.0;56.0;52.0;4485.0;966.53;742.17;6.0;1.0;0;1.0;0;0;1.0;0;0;1.0;0;0;1.0;1.0;0;0;0;0;0
244369;2.26;0.94;56.0;2411.0;22.5;79.5;24.0;5.09;18.97;14.48;1.95;0.54;2.31;118013.0;56.0;57.0;52.0;4512.0;966.61;156.24;6.0;1.0;0;1.0;0;0;1.0;0;0;1.0;0;0;1.0;1.0;0;0;0;0;0
244876;2.32;0.96;57.0;2423.0;22.5;79.5;24.0;5.09;18.97;14.48;0.95;0.21;2.31;118013.0;57.0;57.0;52.0;4502.0;966.65;800.77;6.0;1.0;0;1.0;0;0;1.0;0;0;1.0;0;0;1.0;1.0;0;0;0;0;0
245398;2.2;0.94;57.0;2442.0;22.5;79.5;24.75;5.09;18.59;14.39;0.44;3.84;2.31;118013.0;57.0;57.0;52.0;4503.0;966.69;800.77;6.0;1.0;0;1.0;0;0;1.0;0;0;1.0;0;0;1.0;1.0;0;0;0;0;0
245920;2.02;0.91;57.0;2472.0;22.5;79.5;24.75;4.70;17.44;14.58;0.21;2.16;2.31;118013.0;57.0;58.0;52.0;4506.0;966.73;429.68;6.0;1.0;0;1.0;0;0;1.0;0;0;1.0;0;0;1.0;1.0;0;0;0;0;0
246464;1.75;0.91;57.0;2434.0;22.5;79.5;24.75;3.52;15.15;14.48;0.01;1.26;2.31;118013.0;57.0;57.0;52.0;4522.0;966.73;800.77;6.0;1.0;0;1.0;0;0;1.0;0;0;1.0;0;0;1.0;1.0;0;0;0;0;0
246988;1.63;0.89;57.0;2396.0;22.5;79.5;24.0;3.13;14.32;14.58;1.23;0.54;2.31;118013.0;56.0;57.0;52.0;4527.0;966.73;761.70;6.0;1.0;0;1.0;0;0;1.0;0;0;1.0;0;0;1.0;1.0;0;0;0;0;0
247514;1.68;0.88;57.0;2427.0;22.5;79.5;24.0;3.52;14.86;14.48;0.64;0.25;2.31;118013.0;57.0;57.0;52.0;4509.0;966.77;39.06;6.0;1.0;0;1.0;0;0;1.0;0;0;1.0;0;0;1.0;1.0;0;0;0;0;0
248008;1.72;0.90;57.0;2430.0;22.5;79.5;24.0;3.52;14.54;14.48;0.31;0.05;2.31;118013.0;57.0;57.0;52.0;4521.0;966.77;136.71;6.0;1.0;0;1.0;0;0;1.0;0;0;1.0;0;0;1.0;1.0;0;0;0;0;0
248530;1.73;0.92;57.0;2449.0;22.5;79.5;24.75;3.52;14.90;14.48;0.11;0;2.31;118013.0;57.0;57.0;52.0;4498.0;966.77;742.17;6.0;1.0;0;1.0;0;0;1.0;0;0;1.0;0;0;1.0;1.0;0;0;0;0;0
249040;1.70;0.90;57.0;2442.0;22.5;79.5;24.75;3.13;14.93;14.39;0;1.97;2.31;118013.0;57.0;58.0;52.0;4498.0;966.77;214.84;6.0;1.0;0;1.0;0;0;1.0;0;0;1.0;0;0;1.0;1.0;0;0;0;0;0
249565;1.68;0.90;57.0;2495.0;22.5;79.5;25.5;3.52;14.78;14.39;0;0.95;2.31;118013.0;57.0;58.0;52.0;4517.0;966.77;761.70;6.0;1.0;0;1.0;0;0;1.0;0;0;1.0;0;0;1.0;1.0;0;0;0;0;0
250083;2.19;0.90;58.0;2499.0;22.5;79.5;25.5;5.49;19.13;14.48;1.75;0.44;2.31;118013.0;58.0;59.0;52.0;4502.0;966.77;58.59;6.0;1.0;0;1.0;0;0;1.0;0;0;1.0;0;0;1.0;1.0;0;0;0;0;0
250606;2.23;0.92;60.0;2550.0;22.5;79.5;26.25;5.49;19.15;14.39;0.89;0.21;2.31;118013.0;59.0;60.0;52.0;4486.0;966.77;58.59;6.0;1.0;0;1.0;0;0;1.0;0;0;1.0;0;0;1.0;1.0;0;0;0;0;0
251155;2.08;0.95;61.0;2593.0;22.5;80.25;27.0;5.88;17.52;14.58;0.44;0;2.31;118013.0;60.0;61.0;52.0;4508.0;966.77;839.83;6.0;1.0;0;1.0;0;0;1.0;0;0;0;0;0;1.0;1.0;0;0;0;0;0
251682;2.17;0.92;61.0;2607.0;22.5;80.25;27.75;6.66;18.84;14.48;2.14;1.30;2.31;118013.0;61.0;62.0;52.0;4505.0;966.77;839.83;6.0;1.0;0;1.0;0;0;1.0;0;0;0;0;0;1.0;1.0;0;0;0;0;0
252232;2.35;0.88;62.0;2666.0;22.5;80.25;28.5;7.84;21.33;14.39;1.11;2.16;2.31;118013.0;61.0;63.0;52.0;4516.0;966.77;624.99;6.0;1.0;0;1.0;0;0;1.0;0;0;0;0;0;1.0;1.0;0;0;0;0;0
252763;0.35;1.00;62.0;2626.0;22.5;80.25;27.75;0.39;7.08;14.58;0.58;1.11;2.31;118013.0;62.0;63.0;52.0;4614.0;966.77;39.06;6.0;1.0;0;1.0;0;0;1.0;0;0;0;0;0;1.0;1.0;0;0;0;0;0
253294;0.68;1.00;61.0;2592.0;22.5;80.25;24.0;0;12.85;14.48;5.19;2.08;2.31;118013.0;61.0;61.0;52.0;4508.0;966.77;39.06;6.0;1.0;0;1.0;0;0;1.0;0;0;0;0;0;1.0;1.0;0;0;0;0;0
253846;0.76;1.00;58.0;2507.0;22.5;80.25;23.25;0;12.72;14.48;5.05;1.07;2.31;118013.0;58.0;59.0;52.0;4537.0;966.77;800.77;6.0;1.0;0;1.0;0;0;1.0;0;0;1.0;0;0;1.0;1.0;0;0;0;0;0
254448;0.87;1.00;55.0;2326.0;22.5;80.25;15.75;0;12.69;14.58;26.34;4.27;2.31;118013.0;55.0;55.0;49.0;4574.0;966.77;624.99;6.0;1.0;0;1.0;0;0;1.0;0;0;1.0;0;0;1.0;1.0;0;0;0;0;0
255022;0.96;1.00;48.0;2066.0;22.5;80.25;14.25;0;12.70;14.58;18.41;8.90;2.31;118013.0;48.0;48.0;49.0;4518.0;966.77;19.53;6.0;1.0;0;1.0;0;0;1.0;0;0;1.0;0;0;1.0;1.0;0;0;0;0;0
255578;1.01;1.00;45.0;1913.0;22.5;80.25;15.0;0;12.63;14.48;16.85;7.40;2.31;118013.0;44.0;45.0;48.0;4522.0;966.77;39.06;6.0;1.0;0;1.0;0;0;1.0;0;0;1.0;0;0;1.0;1.0;0;0;0;0;0
256101;1.03;1.00;41.0;1772.0;22.5;80.25;15.0;0;12.66;14.48;10.44;4.53;2.31;118013.0;41.0;41.0;48.0;4514.0;966.77;58.59;6.0;1.0;0;1.0;0;0;1.0;0;0;1.0;0;0;1.0;1.0;0;0;0;0;0
256621;1.14;1.01;37.0;1627.0;22.5;80.25;15.0;0;12.65;14.39;11.19;5.31;2.31;118013.0;37.0;38.0;47.0;4492.0;966.77;644.52;6.0;1.0;0;1.0;0;0;1.0;0;0;1.0;0;0;1.0;1.0;0;0;0;0;0
257191;1.27;1.01;33.0;1435.0;22.5;80.25;15.0;0;12.65;14.48;8.10;5.83;2.31;118013.0;33.0;33.0;48.0;4495.0;966.77;820.30;6.0;1.0;0;1.0;0;0;1.0;0;0;1.0;0;0;1.0;1.0;0;0;0;0;0
257799;1.28;1.00;31.0;1376.0;22.5;80.25;15.0;0;12.60;14.48;5.50;5.85;2.31;118013.0;31.0;32.0;48.0;4509.0;966.77;839.83;6.0;1.0;0;1.0;0;0;1.0;0;0;1.0;0;0;1.0;1.0;0;0;0;0;0
258358;1.44;0.98;28.0;1196.0;22.5;80.25;22.5;0;13.85;14.58;3.74;4.21;2.31;118013.0;28.0;29.0;49.0;4512.0;966.77;800.77;6.0;1.0;0;1.0;0;0;1.0;0;0;1.0;0;0;1.0;1.0;0;0;0;0;0
258921;1.63;0.96;23.0;1205.0;22.5;80.25;22.5;0;14.54;14.58;7.12;9.58;2.31;118013.0;24.0;24.0;57.0;4528.0;966.77;839.83;6.0;1.0;0;1.0;0;0;1.0;0;0;1.0;0;0;1.0;1.0;0;0;0;0;0
259420;1.39;0.94;21.0;1208.0;22.5;80.25;20.25;0;14.07;14.58;5.44;6.93;2.31;118013.0;21.0;21.0;52.0;4498.0;966.77;605.46;6.0;1.0;0;1.0;0;0;1.0;0;0;1.0;0;0;1.0;1.0;0;0;0;0;0
260005;1.47;0.95;17.0;1255.0;22.5;80.25;16.5;0;13.38;14.39;7.65;4.99;2.31;118013.0;18.0;18.0;52.0;4500.0;967.04;39.06;6.0;1.0;0;1.0;0;0;1.0;0;0;1.0;0;0;1.0;1.0;0;0;0;0;0
260536;1.52;0.97;15.0;1235.0;22.5;80.25;18.0;0;13.62;14.48;8.14;10.15;2.31;118013.0;15.0;16.0;51.0;4523.0;967.23;39.06;5.0;1.0;0;1.0;0;0;1.0;0;0;1.0;0;0;1.0;1.0;0;0;0;0;0
261103;1.32;0.98;12.0;1318.0;22.5;80.25;13.5;0;12.73;14.48;13.61;16.17;2.31;118013.0;12.0;12.0;52.0;4504.0;967.51;39.06;4.0;1.0;0;1.0;1.0;0;1.0;0;0;1.0;0;0;1.0;1.0;0;0;1.0;0;0
261606;1.37;1.00;10.0;1256.0;22.5;80.25;17.25;0;13.39;14.58;17.34;19.27;2.31;118013.0;10.0;10.0;50.0;4513.0;967.59;58.59;3.0;1.0;0;1.0;1.0;0;1.0;0;0;1.0;0;0;1.0;1.0;0;0;1.0;0;0
262128;1.40;1.02;6.0;1313.0;22.5;80.25;13.5;0;12.64;14.48;90.32;82.65;2.31;118013.0;6.0;6.0;50.0;4519.0;967.62;78.12;1.0;1.0;0;1.0;1.0;0;1.0;0;0;1.0;0;0;1.0;1.0;0;0;1.0;0;0
262640;1.40;1.03;3.0;1318.0;22.5;80.25;12.75;0;12.43;14.48;121.67;148.13;2.31;118014.0;4.0;4.0;50.0;4511.0;967.74;390.62;1.0;1.0;0;1.0;1.0;0;1.0;0;0;1.0;0;0;1.0;1.0;0;0;0;0;0
263164;1.61;1.03;2.0;1272.0;22.5;80.25;16.5;0;13.03;14.39;111.04;130.49;2.31;118014.0;3.0;3.0;49.0;4523.0;967.82;820.30;1.0;1.0;0;1.0;0;0;1.0;0;0;1.0;0;0;1.0;1.0;0;0;0;0;0
263720;1.97;0.99;2.0;2674.0;22.5;80.25;27.75;3.92;14.84;14.39;79.11;111.18;2.31;118014.0;3.0;3.0;52.0;4485.0;967.90;898.42;1.0;1.0;0;1.0;0;0;1.0;0;0;1.0;0;0;1.0;1.0;0;0;0;0;0
264223;1.90;0.97;5.0;2697.0;22.5;80.25;29.25;3.92;15.40;14.48;41.95;59.00;2.31;118014.0;5.0;5.0;52.0;4504.0;968.02;878.89;1.0;1.0;0;1.0;1.0;0;1.0;0;0;1.0;0;0;1.0;1.0;0;0;1.0;0;0
264746;1.31;0.99;5.0;1503.0;22.5;80.25;19.5;0;14.00;14.48;28.51;36.98;2.31;118014.0;5.0;5.0;52.0;4514.0;968.02;859.36;1.0;1.0;0;1.0;0;0;1.0;0;0;1.0;0;0;1.0;1.0;0;0;0;0;0
265319;1.39;0.98;2.0;1317.0;22.5;80.25;15.75;0;13.01;14.48;25.27;54.44;2.31;118014.0;3.0;3.0;52.0;4516.0;968.02;859.36;1.0;1.0;0;1.0;1.0;0;1.0;0;0;1.0;0;0;1.0;1.0;0;0;1.0;0;0
265818;1.33;0.96;0;1349.0;22.5;80.25;12.0;0;12.47;14.39;19.39;41.79;2.31;118014.0;0;0;52.0;4512.0;968.02;800.77;1.0;1.0;0;1.0;1.0;0;1.0;0;0;1.0;0;0;1.0;1.0;0;0;1.0;0;0
266342;1.28;0.94;0;1265.0;22.5;80.25;16.5;0;13.25;14.48;17.20;36.98;2.31;118014.0;0;0;51.0;4505.0;968.02;546.86;1.0;1.0;0;1.0;0;0;1.0;0;0;1.0;0;0;1.0;1.0;0;0;0;0;0
266856;4.41;1.00;0;1411.0;22.5;80.25;11.25;5.49;24.11;14.48;23.27;54.11;2.31;118014.0;0;0;56.0;4540.0;968.02;898.42;1.0;1.0;0;1.0;0;0;1.0;0;0;1.0;0;0;1.0;1.0;0;0;0;0;0
267360;5.81;1.00;0;2247.0;22.5;80.25;12.75;21.17;37.59;14.48;14.43;36.46;2.31;118014.0;0;0;52.0;4455.0;968.02;859.36;1.0;1.0;0;1.0;0;0;1.0;0;0;1.0;0;0;1.0;1.0;0;0;0;0;0
267879;5.21;1.00;15.0;2418.0;22.5;80.25;13.5;23.92;37.36;14.48;8.90;21.46;2.31;118014.0;14.0;15.0;52.0;4375.0;968.02;800.77;1.0;1.0;0;1.0;0;0;1.0;0;0;1.0;0;0;1.0;1.0;0;0;0;0;0
268403;4.64;0.97;25.0;2775.0;22.5;80.25;18.0;23.92;36.15;14.39;4.92;12.61;2.31;118014.0;24.0;25.0;52.0;4568.0;968.09;39.06;1.0;1.0;0;1.0;0;0;1.0;0;0;1.0;0;0;1.0;1.0;0;0;0;0;0
268959;5.06;1.03;33.0;3749.0;22.5;80.25;24.0;23.92;36.94;14.39;2.40;5.91;2.31;118014.0;33.0;34.0;52.0;4609.0;967.98;878.89;1.0;1.0;0;1.0;0;0;1.0;0;0;1.0;0;0;1.0;1.0;0;0;0;0;0
269471;4.55;1.00;38.0;3058.0;22.5;80.25;17.25;13.33;24.40;14.39;0.76;3.49;2.31;118014.0;39.0;39.0;52.0;4229.0;967.90;859.36;2.0;1.0;0;1.0;0;0;1.0;0;0;1.0;0;0;1.0;1.0;0;0;0;0;0
269995;3.28;1.00;43.0;3412.0;22.5;80.25;33.75;11.37;25.34;14.48;1.91;3.69;2.31;118014.0;43.0;44.0;52.0;4221.0;967.94;859.36;2.0;1.0;0;1.0;0;0;1.0;0;0;1.0;0;0;1.0;1.0;0;0;0;0;0
270505;3.57;0.98;46.0;3645.0;22.5;80.25;35.25;12.15;25.49;14.58;4.10;1.67;2.31;118014.0;46.0;47.0;52.0;4411.0;967.98;859.36;2.0;1.0;0;1.0;0;0;1.0;0;0;1.0;0;0;1.0;1.0;0;0;0;0;0
271029;2.14;1.00;48.0;2956.0;22.5;80.25;24.0;5.09;15.17;14.48;1.85;0.70;2.31;118014.0;48.0;48.0;52.0;4185.0;968.05;839.83;3.0;1.0;0;1.0;0;0;1.0;0;0;1.0;0;0;0;1.0;0;0;0;0;0
271605;2.15;0.99;50.0;3102.0;22.5;80.25;33.0;5.09;16.57;14.58;0.72;2.32;2.31;118014.0;50.0;51.0;52.0;4248.0;968.05;859.36;3.0;1.0;0;1.0;0;0;1.0;0;0;1.0;0;0;1.0;1.0;0;0;0;0;0
272204;2.87;0.97;53.0;3310.0;22.5;80.25;35.25;9.02;23.04;14.48;0.23;0.89;2.31;118014.0;53.0;54.0;52.0;4403.0;967.98;839.83;3.0;1.0;0;1.0;0;0;1.0;0;0;1.0;0;0;1.0;1.0;0;0;0;0;0
272733;2.30;0.92;56.0;3421.0;22.5;80.25;38.25;7.05;19.81;14.48;0;2.12;2.31;118014.0;54.0;56.0;52.0;4476.0;968.05;839.83;3.0;1.0;0;1.0;0;0;1.0;0;0;1.0;0;0;1.0;1.0;0;0;0;0;0
273303;3.04;0.99;58.0;3581.0;22.5;80.25;37.5;9.80;23.28;14.58;1.01;0.76;2.31;118014.0;57.0;58.0;52.0;4482.0;968.05;839.83;3.0;1.0;0;1.0;0;0;1.0;0;0;1.0;0;0;1.0;1.0;0;0;0;0;0
273808;2.90;0.99;60.0;3718.0;22.5;80.25;38.25;9.80;23.42;14.48;0.35;0.27;2.31;118014.0;59.0;61.0;52.0;4529.0;968.13;820.30;3.0;1.0;0;1.0;0;0;1.0;0;0;1.0;0;0;1.0;1.0;0;0;0;0;0
274347;2.12;0.98;62.0;3797.0;22.5;80.25;42.75;6.27;17.66;14.48;0.05;0;2.31;118014.0;61.0;62.0;52.0;4519.0;968.17;859.36;3.0;1.0;0;1.0;0;0;1.0;0;0;1.0;0;0;1.0;1.0;0;0;0;0;0
274923;1.63;0.94;62.0;3839.0;22.5;80.25;44.25;4.70;14.13;14.48;1.38;0.78;2.31;118014.0;63.0;63.0;52.0;4525.0;968.29;839.83;3.0;1.0;0;1.0;0;0;1.0;0;0;1.0;0;0;1.0;1.0;0;0;0;0;0
275440;1.54;0.91;62.0;3870.0;22.5;80.25;44.25;4.70;13.55;14.48;1.62;0.19;2.31;118014.0;63.0;63.0;52.0;4514.0;968.33;839.83;3.0;1.0;0;1.0;0;0;1.0;0;0;1.0;0;0;1.0;1.0;0;0;0;0;0
275972;2.19;0.88;63.0;3947.0;22.5;80.25;43.5;7.45;18.96;14.48;0.58;1.75;2.31;118014.0;64.0;64.0;52.0;4574.0;968.33;820.30;3.0;1.0;0;1.0;0;0;1.0;0;0;0;0;0;1.0;1.0;0;0;0;0;0
276493;2.55;1.00;66.0;3418.0;22.5;80.25;22.5;7.45;17.18;14.58;0.17;0.68;2.31;118014.0;65.0;66.0;52.0;4174.0;968.37;839.83;4.0;1.0;0;1.0;0;0;1.0;0;0;0;0;0;1.0;1.0;0;0;0;0;0
277000;3.83;1.00;66.0;3479.0;22.5;80.25;37.5;9.41;21.39;14.48;1.17;0.23;2.31;118014.0;66.0;66.0;52.0;4340.0;968.29;859.36;4.0;1.0;0;1.0;0;0;1.0;0;0;0;0;0;1.0;1.0;0;0;0;0;0
277523;2.44;1.00;67.0;3119.0;22.5;80.25;24.75;5.88;16.37;14.48;0.46;0;2.31;118014.0;68.0;68.0;52.0;4165.0;968.37;839.83;5.0;1.0;0;1.0;0;0;1.0;0;0;0;0;0;1.0;1.0;0;0;0;0;0
278093;1.36;1.00;68.0;3143.0;22.5;80.25;34.5;3.13;10.88;14.58;0.09;0;2.31;118014.0;69.0;69.0;52.0;4275.0;968.56;839.83;5.0;1.0;0;1.0;0;0;1.0;0;0;0;0;0;1.0;1.0;0;0;0;0;0
278591;0.64;1.00;67.0;3098.0;22.5;80.25;-30.0;0;0;14.58;0;1.85;2.31;118014.0;68.0;67.0;52.0;4410.0;968.68;683.58;5.0;1.0;0;1.0;0;0;1.0;0;0;0;0;0;1.0;1.0;0;0;0;0;0
279114;0.66;1.00;66.0;3048.0;22.5;80.25;-30.0;0;0;14.58;2.20;0.83;2.31;118014.0;66.0;66.0;52.0;4450.0;968.84;0;5.0;1.0;0;1.0;0;0;1.0;0;0;0;0;0;1.0;1.0;0;0;0;0;0
279644;0.65;1.00;65.0;2971.0;22.5;80.25;-30.0;0;0;14.58;0.83;1.40;2.31;118014.0;65.0;64.0;52.0;4467.0;968.91;0;5.0;1.0;0;1.0;0;0;1.0;0;0;0;0;0;1.0;1.0;0;0;0;0;0
280149;0.65;1.00;63.0;2941.0;22.5;81.0;-30.0;0;0;14.48;82.72;67.71;2.31;118014.0;64.0;64.0;51.0;4499.0;968.95;0;5.0;1.0;0;1.0;0;0;1.0;0;0;0;0;0;1.0;1.0;0;0;0;0;0
280678;0.67;1.00;61.0;2834.0;22.5;81.0;-30.0;0;0;14.58;197.37;161.22;2.31;118014.0;61.0;61.0;51.0;4530.0;968.99;0;5.0;1.0;0;1.0;0;0;1.0;0;0;0;0;0;1.0;1.0;0;0;0;0;0
281175;0.74;1.00;57.0;2669.0;22.5;81.0;-30.0;0;0;14.48;222.29;220.92;2.31;118014.0;58.0;58.0;51.0;4392.0;969.07;0;5.0;1.0;0;1.0;0;0;1.0;0;0;1.0;0;0;0;1.0;0;0;0;0;0
281699;0.99;1.00;52.0;2446.0;22.5;81.0;11.25;0;12.68;14.48;236.84;248.53;2.31;118014.0;53.0;53.0;65.0;4197.0;969.11;0;5.0;1.0;0;1.0;0;0;1.0;0;0;1.0;0;0;1.0;1.0;0;0;0;0;0
282260;0.93;1.00;46.0;2152.0;22.5;81.0;15.0;0;12.69;14.58;176.76;154.65;2.31;118014.0;47.0;47.0;49.0;4292.0;969.19;39.06;5.0;1.0;0;1.0;0;0;1.0;0;0;1.0;0;0;1.0;1.0;0;0;0;0;0
282819;1.07;1.00;38.0;1836.0;22.5;81.0;15.0;0;12.62;14.48;104.32;86.57;2.31;118014.0;39.0;39.0;47.0;4441.0;969.19;39.06;5.0;1.0;0;1.0;0;0;1.0;0;0;1.0;0;0;1.0;1.0;0;0;0;0;0
283340;1.2;1.01;35.0;1563.0;22.5;81.0;14.25;0;12.64;14.48;88.08;88.29;2.31;118014.0;35.0;34.0;48.0;4429.0;969.23;78.12;5.0;1.0;0;1.0;0;0;1.0;0;0;1.0;0;0;1.0;1.0;0;0;0;0;0
283846;1.21;1.01;33.0;1494.0;22.5;81.0;15.0;0;12.64;14.48;77.10;87.96;2.31;118014.0;34.0;33.0;48.0;4504.0;969.23;839.83;5.0;1.0;0;1.0;0;0;1.0;0;0;1.0;0;0;1.0;1.0;0;0;0;0;0
284369;2.08;1.00;32.0;1475.0;22.5;81.0;6.0;1.96;12.23;14.48;124.81;79.99;2.31;118014.0;33.0;33.0;52.0;4539.0;969.23;800.77;5.0;1.0;0;1.0;0;0;1.0;0;0;1.0;0;0;1.0;1.0;0;0;0;0;0
284890;2.28;0.99;33.0;1550.0;22.5;81.0;9.75;2.74;15.30;14.58;149.24;85.44;2.31;118014.0;33.0;33.0;51.0;4523.0;969.27;117.18;5.0;1.0;0;1.0;0;0;1.0;0;0;1.0;0;0;1.0;1.0;0;0;0;0;0
285414;3.51;1.00;33.0;1768.0;22.5;81.0;13.5;6.27;23.68;14.48;209.06;154.09;2.31;118014.0;34.0;34.0;51.0;4545.0;969.34;898.42;5.0;1.0;0;1.0;0;0;1.0;0;0;1.0;0;0;1.0;1.0;0;0;0;0;0
285957;2.76;0.98;35.0;2365.0;22.5;81.0;20.25;7.05;21.72;14.48;268.14;200.65;2.31;118014.0;35.0;36.0;51.0;4586.0;969.38;781.24;5.0;1.0;0;1.0;0;0;1.0;0;0;1.0;0;0;1.0;1.0;0;0;0;0;0
286536;2.89;1.00;35.0;1995.0;22.5;81.0;12.0;5.49;18.77;14.48;304.82;227.25;2.31;118014.0;35.0;35.0;51.0;4493.0;969.50;859.36;4.0;1.0;0;1.0;0;0;1.0;0;0;1.0;0;0;1.0;1.0;0;0;0;0;0
287053;3.24;0.99;37.0;1964.0;22.5;81.0;17.25;7.05;23.60;14.48;307.87;247.87;2.31;118014.0;37.0;37.0;51.0;4491.0;969.81;820.30;4.0;1.0;0;1.0;0;0;1.0;0;0;1.0;0;0;1.0;1.0;0;0;0;0;0
287551;3.27;0.96;38.0;2045.0;22.5;81.0;18.0;8.23;25.50;14.48;337.41;286.68;2.31;118014.0;39.0;39.0;51.0;4504.0;969.89;820.30;4.0;1.0;0;1.0;0;0;1.0;0;0;1.0;0;0;1.0;1.0;0;0;0;0;0
288075;3.10;0.94;41.0;2118.0;22.5;81.0;18.75;8.23;24.98;14.58;345.29;295.84;2.31;118014.0;40.0;41.0;51.0;4476.0;970.05;566.39;4.0;1.0;0;1.0;0;0;1.0;0;0;1.0;0;0;1.0;1.0;0;0;0;0;0
288604;3.00;1.00;41.0;2178.0;22.5;81.0;20.25;5.49;20.26;14.48;326.91;297.42;2.31;118014.0;41.0;41.0;51.0;4520.0;970.16;839.83;4.0;1.0;0;1.0;0;0;1.0;0;0;1.0;0;0;1.0;1.0;0;0;0;0;0
289103;2.58;0.98;42.0;2240.0;22.5;81.0;21.0;5.88;20.33;14.58;308.71;243.42;2.31;118014.0;42.0;43.0;51.0;4500.0;970.28;820.30;4.0;1.0;0;1.0;0;0;1.0;0;0;1.0;0;0;1.0;1.0;0;0;0;0;0
289663;2.42;0.95;45.0;2316.0;22.5;81.0;22.5;5.49;19.43;14.58;303.80;193.79;2.31;118014.0;44.0;45.0;51.0;4467.0;970.32;800.77;4.0;1.0;0;1.0;0;0;1.0;0;0;1.0;0;0;1.0;1.0;0;0;0;0;0
290204;2.31;0.93;47.0;2449.0;22.5;81.0;24.75;5.49;19.24;14.39;278.49;228.32;2.31;118014.0;47.0;47.0;51.0;4471.0;970.24;566.39;4.0;1.0;0;1.0;0;0;1.0;0;0;1.0;0;0;1.0;1.0;0;0;0;0;0
290722;2.23;0.93;48.0;2571.0;22.5;81.0;27.0;5.49;18.84;14.48;253.65;245.35;2.31;118014.0;49.0;49.0;51.0;4478.0;970.16;761.70;4.0;1.0;0;1.0;0;0;1.0;0;0;1.0;0;0;1.0;1.0;0;0;0;0;0
291249;2.12;0.90;51.0;2638.0;22.5;81.0;27.75;5.49;18.71;14.48;280.68;298.16;2.31;118014.0;50.0;51.0;51.0;4513.0;970.24;781.24;4.0;1.0;0;1.0;0;0;1.0;0;0;1.0;0;0;0;1.0;0;0;0;0;0
291762;1.91;0.87;52.0;2744.0;22.5;81.0;30.0;5.09;17.46;14.48;322.24;327.75;2.31;118014.0;52.0;53.0;51.0;4531.0;970.32;605.46;4.0;1.0;0;1.0;0;0;1.0;0;0;1.0;0;0;1.0;1.0;0;0;0;0;0
292288;1.66;0.99;53.0;2801.0;22.5;81.0;30.75;3.52;13.66;14.48;341.28;333.47;2.31;118014.0;54.0;54.0;51.0;4527.0;970.36;859.36;4.0;1.0;0;1.0;0;0;1.0;0;0;1.0;0;0;1.0;1.0;0;0;0;0;0
292844;1.6;0.98;55.0;2838.0;22.5;81.0;31.5;3.13;13.12;14.48;350.17;340.81;2.31;118014.0;55.0;55.0;51.0;4530.0;970.40;839.83;4.0;1.0;0;1.0;0;0;1.0;0;0;1.0;0;0;1.0;1.0;0;0;0;0;0
293362;1.52;0.96;55.0;2867.0;22.5;81.0;32.25;3.13;12.79;14.48;349.35;345.83;2.31;118014.0;55.0;55.0;51.0;4509.0;970.44;839.83;4.0;1.0;0;1.0;0;0;1.0;0;0;1.0;0;0;1.0;1.0;0;0;0;0;0
294005;1.33;0.94;55.0;2881.0;22.5;81.0;32.25;2.74;11.38;14.48;303.71;336.16;2.31;118014.0;55.0;55.0;51.0;4513.0;970.44;839.83;4.0;1.0;0;1.0;0;0;1.0;0;0;1.0;0;0;1.0;1.0;0;0;0;0;0
294550;1.19;0.92;55.0;2877.0;22.5;81.0;31.5;2.35;10.36;14.39;254.31;324.56;2.31;118014.0;55.0;55.0;51.0;4532.0;970.44;839.83;4.0;1.0;0;1.0;0;0;1.0;0;0;1.0;0;0;1.0;1.0;0;0;0;0;0
295066;1.12;0.91;56.0;2894.0;22.5;81.0;32.25;1.96;10.12;14.39;227.29;274.12;2.31;118014.0;56.0;56.0;51.0;4498.0;970.48;839.83;4.0;1.0;0;1.0;0;0;1.0;0;0;1.0;0;0;1.0;1.0;0;0;0;0;0
295603;1.07;0.89;56.0;2930.0;22.5;81.0;33.0;1.96;9.72;14.48;218.24;225.88;2.31;118014.0;56.0;56.0;51.0;4513.0;970.48;820.30;4.0;1.0;0;1.0;0;0;1.0;0;0;1.0;0;0;1.0;1.0;0;0;0;0;0
296135;0.94;0.87;55.0;2872.0;22.5;81.0;32.25;1.56;7.72;14.58;172.82;192.87;2.31;118014.0;55.0;56.0;51.0;4505.0;970.48;800.77;4.0;1.0;0;1.0;0;0;1.0;0;0;1.0;0;0;1.0;1.0;0;0;0;0;0
296645;1.52;0.86;56.0;2980.0;22.5;81.0;33.0;3.92;13.95;14.58;192.95;256.95;2.31;118014.0;55.0;56.0;51.0;4464.0;970.48;664.05;4.0;1.0;0;1.0;0;0;1.0;0;0;1.0;0;0;1.0;1.0;0;0;0;0;0
297195;2.88;1.00;57.0;2970.0;22.5;81.0;33.75;7.84;22.17;14.48;273.77;307.79;2.31;118014.0;57.0;57.0;51.0;4465.0;970.48;839.83;4.0;1.0;0;1.0;0;0;1.0;0;0;1.0;0;0;1.0;1.0;0;0;0;0;0
297811;2.68;0.95;60.0;3102.0;22.5;81.0;34.5;8.23;22.42;14.48;316.75;336.40;2.31;118014.0;59.0;60.0;51.0;4506.0;970.48;820.30;4.0;1.0;0;1.0;0;0;1.0;0;0;0;0;0;1.0;1.0;0;0;0;0;0
298373;1.04;1.00;63.0;3294.0;22.5;81.0;37.5;3.13;11.87;14.20;342.16;328.04;2.58;118014.0;63.0;61.0;51.0;4709.0;970.48;820.30;4.0;1.0;0;1.0;0;0;1.0;0;0;0;0;0;1.0;1.0;0;0;0;0;0
298912;0.88;0.98;61.0;3174.0;22.5;81.0;36.75;1.56;7.49;14.48;331.93;309.86;2.31;118014.0;62.0;61.0;51.0;4466.0;970.48;839.83;4.0;1.0;0;1.0;0;0;1.0;0;0;0;0;0;1.0;1.0;0;0;0;0;0
299437;0.95;0.97;61.0;3179.0;22.5;81.0;36.75;1.96;8.14;14.48;338.72;294.96;2.31;118014.0;60.0;61.0;51.0;4496.0;970.48;839.83;4.0;1.0;0;1.0;0;0;1.0;0;0;0;0;0;1.0;1.0;0;0;0;0;0
299945;0.64;1.00;61.0;3139.0;22.5;81.0;-30.0;0;0;14.58;343.08;330.05;2.31;118014.0;61.0;61.0;51.0;4527.0;970.48;781.24;4.0;1.0;0;1.0;0;0;1.0;0;0;0;0;0;1.0;1.0;0;0;0;0;0
300469;0.63;1.00;60.0;3098.0;22.5;81.0;-30.0;0;0;14.58;301.81;268.94;2.31;118014.0;60.0;59.0;51.0;4551.0;970.48;0;4.0;1.0;0;1.0;0;0;1.0;0;0;0;0;0;1.0;1.0;0;0;0;0;0
300995;0.63;1.00;58.0;3039.0;22.5;81.0;-30.0;0;0;14.58;291.46;251.54;2.31;118014.0;59.0;59.0;51.0;4572.0;970.52;0;4.0;1.0;0;1.0;0;0;1.0;0;0;0;0;0;1.0;1.0;0;0;0;0;0
301564;0.64;1.00;57.0;2983.0;22.5;81.0;-30.0;0;0;14.58;198.19;177.82;2.31;118014.0;58.0;57.0;51.0;4464.0;970.75;0;4.0;1.0;0;1.0;0;0;1.0;0;0;0;0;0;1.0;1.0;0;0;0;0;0
302128;2.40;1.00;57.0;3076.0;22.5;81.0;8.25;6.27;12.92;14.48;123.62;101.34;2.31;118014.0;57.0;58.0;51.0;4194.0;970.94;859.36;4.0;1.0;0;1.0;0;0;1.0;0;0;0;0;0;1.0;1.0;0;0;0;0;0
302718;2.26;0.96;58.0;3057.0;22.5;81.0;22.5;6.27;16.76;14.48;217.31;191.64;2.31;118014.0;57.0;59.0;51.0;4352.0;971.22;839.83;4.0;1.0;0;1.0;0;0;1.0;0;0;0;0;0;1.0;1.0;0;0;0;0;0
303242;1.95;0.91;58.0;3072.0;22.5;81.0;35.25;5.88;17.06;14.58;247.40;271.89;2.31;118014.0;58.0;59.0;51.0;4466.0;971.34;820.30;4.0;1.0;0;1.0;0;0;1.0;0;0;0;0;0;1.0;1.0;0;0;0;0;0
303812;1.95;0.88;60.0;3104.0;22.5;81.0;35.25;6.27;18.01;14.48;302.59;320.09;2.31;118014.0;59.0;60.0;51.0;4502.0;971.37;605.46;4.0;1.0;0;1.0;0;0;1.0;0;0;0;0;0;1.0;1.0;0;0;0;0;0
304335;1.94;0.85;60.0;3099.0;22.5;81.0;35.25;6.27;18.35;14.48;331.07;326.75;2.31;118014.0;59.0;60.0;51.0;4505.0;971.49;78.12;4.0;1.0;0;1.0;0;0;1.0;0;0;0;0;0;1.0;1.0;0;0;0;0;0
304835;1.64;1.00;60.0;3142.0;22.5;81.0;35.25;4.70;14.51;14.48;339.62;293.57;2.31;118014.0;60.0;59.0;51.0;4520.0;971.57;800.77;4.0;1.0;0;1.0;0;0;1.0;0;0;0;0;0;1.0;1.0;0;0;0;0;0
305344;1.69;0.99;58.0;3087.0;22.5;81.0;35.25;4.31;14.10;14.48;349.72;301.73;2.31;118014.0;59.0;59.0;51.0;4523.0;971.53;839.83;4.0;1.0;0;1.0;0;0;1.0;0;0;0;0;0;1.0;1.0;0;0;0;0;0
305881;2.0;0.96;60.0;3111.0;22.5;81.0;36.0;5.88;16.85;14.48;338.53;311.42;2.31;118014.0;60.0;60.0;51.0;4517.0;971.61;839.83;4.0;1.0;0;1.0;0;0;1.0;0;0;0;0;0;1.0;1.0;0;0;0;0;0
306399;2.04;0.92;62.0;3271.0;22.5;80.25;36.75;6.27;17.98;14.58;315.37;268.88;2.31;118014.0;61.0;62.0;52.0;4506.0;971.65;820.30;4.0;1.0;0;1.0;0;0;1.0;0;0;0;0;0;1.0;1.0;0;0;0;0;0
306955;0.56;1.00;62.0;3054.0;22.5;80.25;26.25;0;12.82;14.48;135.69;115.67;2.31;118014.0;63.0;63.0;52.0;4616.0;971.65;742.17;4.0;1.0;0;1.0;0;0;1.0;0;0;0;0;0;1.0;1.0;0;0;0;0;0
307501;0.88;1.00;62.0;2831.0;22.5;80.25;31.5;1.17;7.16;14.48;75.95;64.72;2.31;118014.0;62.0;62.0;52.0;4233.0;971.69;820.30;5.0;1.0;0;1.0;0;0;1.0;0;0;0;0;0;1.0;1.0;0;0;0;0;0
308074;1.17;1.00;61.0;2854.0;22.5;80.25;32.25;1.96;9.39;14.58;34.37;30.83;2.31;118014.0;62.0;62.0;52.0;4255.0;971.69;859.36;5.0;1.0;0;1.0;0;0;1.0;0;0;0;0;0;1.0;1.0;0;0;0;0;0
308675;1.12;0.98;62.0;2866.0;22.5;80.25;32.25;1.96;9.35;14.48;19.15;16.30;2.31;118014.0;62.0;62.0;52.0;4413.0;971.73;839.83;5.0;1.0;0;1.0;0;0;1.0;0;0;0;0;0;1.0;1.0;0;0;0;0;0
309243;1.11;0.96;62.0;2884.0;22.5;80.25;32.25;2.35;9.49;14.48;10.48;7.71;2.31;118014.0;62.0;63.0;52.0;4496.0;971.73;820.30;5.0;1.0;0;1.0;0;0;1.0;0;0;0;0;0;1.0;1.0;0;0;0;0;0
309844;1.08;0.94;62.0;2882.0;22.5;80.25;32.25;2.35;9.50;14.58;6.62;3.37;2.31;118014.0;63.0;62.0;52.0;4504.0;971.73;800.77;5.0;1.0;0;1.0;0;0;1.0;0;0;0;0;0;1.0;1.0;0;0;0;0;0
310388;1.07;0.93;62.0;2826.0;22.5;80.25;31.5;2.35;9.71;14.48;3.06;2.85;2.31;118014.0;62.0;62.0;52.0;4519.0;971.73;800.77;5.0;1.0;0;1.0;0;0;1.0;0;0;0;0;0;1.0;1.0;0;0;0;0;0
310897;1.02;0.91;62.0;2862.0;22.5;80.25;32.25;1.96;9.36;14.48;1.26;2.44;2.31;118014.0;62.0;62.0;52.0;4522.0;971.73;820.30;5.0;1.0;0;1.0;0;0;1.0;0;0;0;0;0;1.0;1.0;0;0;0;0;0
311403;1.00;0.89;62.0;2853.0;22.5;80.25;31.5;1.96;9.39;14.58;0.58;1.19;2.31;118014.0;62.0;62.0;52.0;4510.0;971.73;800.77;5.0;1.0;0;1.0;0;0;1.0;0;0;0;0;0;0;1.0;0;0;0;0;0
311927;0.73;1.00;61.0;2844.0;22.5;80.25;24.0;0;12.74;14.58;0.25;0.54;2.31;118014.0;62.0;62.0;52.0;4526.0;971.80;664.05;5.0;1.0;0;1.0;0;0;1.0;0;0;0;0;0;1.0;1.0;0;0;0;0;0
312437;0.69;1.00;60.0;2788.0;22.5;80.25;24.0;0;12.84;14.58;0.01;0.21;2.31;118014.0;60.0;60.0;52.0;4505.0;971.84;136.71;5.0;1.0;0;1.0;0;0;1.0;0;0;0;0;0;1.0;1.0;0;0;0;0;0
312958;0.69;1.00;58.0;2740.0;22.5;80.25;23.25;0;12.65;14.58;0;0;2.31;118014.0;59.0;59.0;52.0;4491.0;971.96;39.06;5.0;1.0;0;1.0;0;0;1.0;0;0;0;0;0;1.0;1.0;0;0;0;0;0
313482;0.71;1.00;58.0;2692.0;22.5;80.25;22.5;0;12.69;14.39;0;0;2.31;118014.0;58.0;58.0;52.0;4494.0;972.27;78.12;5.0;1.0;0;1.0;0;0;1.0;0;0;0;0;0;1.0;1.0;0;0;0;0;0
314051;0.81;1.00;56.0;2583.0;22.5;80.25;15.0;0;12.72;14.48;1.30;0;2.31;118014.0;55.0;56.0;52.0;4493.0;972.31;58.59;5.0;1.0;0;1.0;0;0;1.0;0;0;1.0;0;0;1.0;1.0;0;0;0;0;0
314574;0.80;1.00;52.0;2452.0;22.5;80.25;17.25;0;12.71;14.48;1.79;1.97;2.31;118014.0;52.0;53.0;48.0;4557.0;972.43;19.53;5.0;1.0;0;1.0;0;0;1.0;0;0;1.0;0;0;1.0;1.0;0;0;0;0;0
315077;0.88;1.00;47.0;2193.0;22.5;80.25;15.0;0;12.79;14.48;2.57;4.25;2.31;118014.0;48.0;48.0;48.0;4552.0;972.51;19.53;5.0;1.0;0;1.0;0;0;1.0;0;0;1.0;0;0;1.0;1.0;0;0;0;0;0
315585;0.96;1.00;45.0;2076.0;22.5;80.25;14.25;0;12.70;14.58;3.24;5.89;2.31;118014.0;45.0;45.0;47.0;4508.0;972.59;39.06;5.0;1.0;0;1.0;0;0;1.0;0;0;1.0;0;0;1.0;1.0;0;0;0;0;0
316112;0.97;1.00;43.0;2049.0;22.5;80.25;15.0;0;12.67;14.48;9.37;13.78;2.31;118014.0;44.0;44.0;47.0;4523.0;972.70;39.06;5.0;1.0;0;1.0;0;0;1.0;0;0;1.0;0;0;1.0;1.0;0;0;0;0;0
316679;0.94;1.00;43.0;2015.0;22.5;80.25;14.25;0;12.72;14.48;19.13;26.07;2.31;118014.0;43.0;43.0;48.0;4508.0;972.78;39.06;5.0;1.0;0;1.0;0;0;1.0;0;0;1.0;0;0;1.0;1.0;0;0;0;0;0
317203;1.02;1.00;42.0;1937.0;22.5;80.25;14.25;0;12.67;14.48;13.18;18.76;2.31;118014.0;42.0;42.0;48.0;4519.0;972.86;39.06;5.0;1.0;0;1.0;0;0;1.0;0;0;1.0;0;0;1.0;1.0;0;0;0;0;0
317707;0.96;1.00;41.0;1914.0;22.5;80.25;15.0;0;12.71;14.48;7.71;11.01;2.31;118014.0;41.0;41.0;48.0;4521.0;972.90;58.59;5.0;1.0;0;1.0;0;0;1.0;0;0;1.0;0;0;1.0;1.0;0;0;0;0;0
318225;0.98;1.00;41.0;1887.0;22.5;80.25;15.0;0;12.71;14.58;4.98;7.55;2.31;118014.0;41.0;41.0;48.0;4515.0;972.90;58.59;5.0;1.0;0;1.0;0;0;1.0;0;0;1.0;0;0;1.0;1.0;0;0;0;0;0
318784;0.99;1.00;40.0;1866.0;22.5;80.25;15.0;0;12.65;14.58;5.31;4.90;2.31;118014.0;41.0;41.0;48.0;4518.0;972.94;58.59;5.0;1.0;0;1.0;0;0;1.0;0;0;1.0;0;0;1.0;1.0;0;0;0;0;0
319299;1.02;1.00;40.0;1876.0;22.5;80.25;15.0;0;12.59;14.48;5.03;6.24;2.31;118014.0;40.0;41.0;48.0;4510.0;972.94;58.59;5.0;1.0;0;1.0;0;0;1.0;0;0;1.0;0;0;1.0;1.0;0;0;0;0;0
319823;1.00;1.00;40.0;1843.0;22.5;80.25;15.0;0;12.68;14.48;5.35;6.38;2.31;118014.0;40.0;40.0;47.0;4533.0;972.98;58.59;5.0;1.0;0;1.0;0;0;1.0;0;0;1.0;0;0;1.0;1.0;0;0;0;0;0
320333;1.00;1.00;40.0;1842.0;22.5;80.25;14.25;0;12.68;14.48;13.63;39.72;2.31;118014.0;40.0;40.0;48.0;4521.0;972.98;78.12;5.0;1.0;0;1.0;0;0;1.0;0;0;1.0;0;0;1.0;1.0;0;0;0;0;0
320857;1.06;1.00;40.0;1837.0;22.5;80.25;15.0;0;12.71;14.39;13.29;62.10;2.31;118014.0;40.0;40.0;47.0;4502.0;972.98;78.12;5.0;1.0;0;1.0;0;0;1.0;0;0;1.0;0;0;1.0;1.0;0;0;0;0;0
321413;1.05;1.00;40.0;1854.0;22.5;80.25;15.0;0;12.71;14.48;46.50;50.50;2.31;118014.0;39.0;40.0;48.0;4497.0;972.98;58.59;5.0;1.0;0;1.0;0;0;1.0;0;0;1.0;0;0;1.0;1.0;0;0;0;0;0
322036;1.04;1.00;38.0;1802.0;22.5;80.25;14.25;0;12.68;14.48;36.59;53.72;2.31;118014.0;39.0;39.0;48.0;4533.0;972.98;97.65;5.0;1.0;0;1.0;0;0;1.0;0;0;1.0;0;0;1.0;1.0;0;0;0;0;0
322548;1.09;1.01;37.0;1758.0;22.5;80.25;15.75;0;12.69;14.48;96.59;43.68;2.31;118014.0;38.0;38.0;46.0;4495.0;972.98;78.12;5.0;1.0;0;1.0;0;0;1.0;0;0;1.0;0;0;1.0;1.0;0;0;0;0;0
323135;1.10;1.03;37.0;1717.0;22.5;80.25;14.25;0;12.67;14.39;129.87;74.40;2.31;118014.0;37.0;37.0;47.0;4528.0;973.02;97.65;5.0;1.0;0;1.0;0;0;1.0;0;0;1.0;0;0;1.0;1.0;0;0;0;0;0
323659;1.16;1.04;36.0;1658.0;22.5;80.25;14.25;0;12.68;14.58;182.25;48.74;2.31;118014.0;36.0;36.0;49.0;4523.0;973.09;859.36;5.0;1.0;0;1.0;0;0;1.0;0;0;1.0;0;0;1.0;1.0;0;0;0;0;0
324236;1.17;1.02;35.0;1625.0;22.5;80.25;13.5;0;12.68;14.58;132.84;37.86;2.31;118014.0;35.0;35.0;47.0;4488.0;973.29;878.89;5.0;1.0;0;1.0;0;0;1.0;0;0;1.0;0;0;1.0;1.0;0;0;0;0;0
324779;1.14;1.00;35.0;1626.0;22.5;80.25;14.25;0;12.71;14.48;101.02;24.78;2.31;118014.0;35.0;35.0;47.0;4502.0;973.52;878.89;5.0;1.0;0;1.0;0;0;1.0;0;0;1.0;0;0;1.0;1.0;0;0;0;0;0
325316;1.28;0.99;35.0;1408.0;22.5;80.25;14.25;0;12.64;14.48;78.51;19.31;2.31;118014.0;36.0;35.0;47.0;4464.0;973.68;820.30;5.0;1.0;0;1.0;1.0;0;1.0;0;0;1.0;0;0;1.0;1.0;0;0;1.0;0;0
325848;1.47;0.97;36.0;1351.0;22.5;80.25;11.25;0.78;11.32;14.39;88.15;48.66;2.31;118014.0;36.0;36.0;52.0;4520.0;973.84;839.83;3.0;1.0;0;1.0;0;0;1.0;0;0;1.0;0;0;1.0;1.0;0;0;0;0;0
326401;1.08;0.96;36.0;2164.0;22.5;80.25;16.5;0.78;8.34;14.39;60.93;31.83;2.31;118014.0;36.0;36.0;52.0;4536.0;973.95;78.12;3.0;1.0;0;1.0;0;0;1.0;0;0;1.0;0;0;1.0;1.0;0;0;0;0;0
326977;1.69;0.97;36.0;2282.0;22.5;80.25;21.0;2.74;12.92;14.58;34.07;17.75;2.31;118014.0;37.0;37.0;52.0;4477.0;974.03;878.89;3.0;1.0;0;1.0;0;0;1.0;0;0;1.0;0;0;1.0;1.0;0;0;0;0;0
327533;2.09;0.95;38.0;2360.0;22.5;80.25;23.25;4.31;16.97;14.48;18.04;9.88;2.31;118014.0;38.0;38.0;52.0;4469.0;974.07;820.30;3.0;1.0;0;1.0;0;0;1.0;0;0;1.0;0;0;1.0;1.0;0;0;0;0;0
328129;1.97;0.92;40.0;2465.0;22.5;80.25;24.75;4.31;16.85;14.48;9.51;5.17;2.31;118014.0;40.0;40.0;52.0;4465.0;974.11;820.30;3.0;1.0;0;1.0;0;0;1.0;0;0;1.0;0;0;1.0;1.0;0;0;0;0;0
328692;0.88;1.00;41.0;2083.0;22.5;80.25;15.0;0;12.75;14.48;7.16;5.17;2.31;118014.0;42.0;41.0;48.0;4578.0;974.15;781.24;3.0;1.0;0;1.0;0;0;1.0;0;0;1.0;0;0;1.0;1.0;0;0;0;0;0
329201;0.83;1.00;42.0;2270.0;22.5;80.25;15.75;0;12.66;14.48;8.51;10.07;2.31;118014.0;42.0;42.0;48.0;4491.0;974.15;820.30;3.0;1.0;0;1.0;0;0;1.0;0;0;1.0;0;0;1.0;1.0;0;0;0;0;0
329724;0.84;1.00;40.0;2458.0;22.5;80.25;15.0;0;12.66;14.48;10.70;27.10;2.31;118014.0;40.0;40.0;50.0;4514.0;974.15;156.24;3.0;1.0;0;1.0;0;0;1.0;0;0;1.0;0;0;1.0;1.0;0;0;0;0;0
330281;0.82;1.00;38.0;2389.0;22.5;80.25;16.5;0;12.65;14.48;15.31;15.91;2.31;118014.0;39.0;39.0;48.0;4526.0;974.19;19.53;3.0;1.0;0;1.0;0;0;1.0;0;0;1.0;0;0;1.0;1.0;0;0;0;0;0
330852;0.84;1.00;38.0;2350.0;22.5;80.25;15.75;0;12.78;14.48;8.02;8.37;2.31;118014.0;38.0;38.0;49.0;4540.0;974.19;19.53;3.0;1.0;0;1.0;0;0;1.0;0;0;1.0;0;0;1.0;1.0;0;0;0;0;0
331375;0.84;1.00;37.0;2309.0;22.5;80.25;15.75;0;12.69;14.48;4.66;5.15;2.31;118014.0;38.0;38.0;48.0;4515.0;974.19;39.06;3.0;1.0;0;1.0;0;0;1.0;0;0;1.0;0;0;1.0;1.0;0;0;0;0;0
331939;0.84;1.00;37.0;2290.0;22.5;80.25;15.75;0;12.73;14.48;2.40;2.81;2.31;118014.0;37.0;37.0;49.0;4528.0;974.19;39.06;3.0;1.0;0;1.0;0;0;1.0;0;0;1.0;0;0;1.0;1.0;0;0;0;0;0
332439;0.86;1.00;35.0;2201.0;22.5;80.25;15.75;0;12.64;14.58;1.42;1.69;2.31;118014.0;36.0;36.0;47.0;4524.0;974.19;39.06;3.0;1.0;0;1.0;0;0;1.0;0;0;1.0;0;0;1.0;1.0;0;0;0;0;0
332961;1.01;1.00;35.0;2086.0;22.5;80.25;14.25;0.39;12.66;14.58;15.93;2.71;2.31;118014.0;35.0;35.0;51.0;4521.0;974.19;58.59;3.0;1.0;0;1.0;0;0;1.0;0;0;1.0;0;0;1.0;1.0;0;0;0;0;0
333479;1.71;1.00;35.0;2186.0;22.5;80.25;13.5;2.35;11.96;14.58;18.02;1.60;2.31;118014.0;35.0;36.0;52.0;4532.0;974.19;878.89;3.0;1.0;0;1.0;0;0;1.0;0;0;1.0;0;0;1.0;1.0;0;0;0;0;0
334002;2.22;0.98;36.0;2264.0;22.5;80.25;19.5;3.92;16.25;14.48;10.01;0.82;2.31;118014.0;37.0;37.0;52.0;4493.0;974.19;898.42;3.0;1.0;0;1.0;0;0;1.0;0;0;1.0;0;0;1.0;1.0;0;0;0;0;0
334564;2.98;0.99;38.0;2432.0;22.5;80.25;24.0;7.45;22.54;14.48;5.80;0.39;2.31;118014.0;39.0;39.0;52.0;4425.0;974.23;898.42;3.0;1.0;0;1.0;0;0;1.0;0;0;1.0;0;0;1.0;1.0;0;0;0;0;0
335086;2.86;0.96;42.0;2615.0;22.5;80.25;27.0;8.23;23.18;14.39;3.35;0.17;2.31;118014.0;42.0;43.0;52.0;4463.0;974.46;878.89;3.0;1.0;0;1.0;0;0;1.0;0;0;1.0;0;0;1.0;1.0;0;0;0;0;0
335607;0.80;1.00;45.0;2197.0;22.5;80.25;15.0;0;12.85;14.58;1.60;0;2.31;118014.0;45.0;45.0;49.0;4689.0;974.50;78.12;4.0;1.0;0;1.0;0;0;1.0;0;0;1.0;0;0;1.0;1.0;0;0;0;0;0
336193;1.94;1.00;45.0;2341.0;22.5;80.25;22.5;3.13;14.14;14.58;2.55;1.46;2.31;118014.0;45.0;45.0;52.0;4472.0;974.66;859.36;4.0;1.0;0;1.0;0;0;1.0;0;0;1.0;0;0;1.0;1.0;0;0;0;0;0
336724;2.89;0.99;46.0;2430.0;22.5;80.25;24.0;7.05;22.24;14.48;1.26;0.68;2.31;118014.0;46.0;46.0;52.0;4424.0;974.85;839.83;4.0;1.0;0;1.0;0;0;1.0;0;0;1.0;0;0;1.0;1.0;0;0;0;0;0
337359;1.29;1.00;47.0;2484.0;22.5;80.25;25.5;1.96;10.90;14.48;0.62;2.53;2.31;118014.0;48.0;48.0;52.0;4522.0;974.85;878.89;4.0;1.0;0;1.0;0;0;1.0;0;0;1.0;0;0;1.0;1.0;0;0;0;0;0
337903;1.31;0.98;47.0;2519.0;22.5;80.25;26.25;1.96;10.83;14.48;0.21;1.11;2.31;118014.0;48.0;48.0;52.0;4517.0;975.01;859.36;4.0;1.0;0;1.0;0;0;1.0;0;0;1.0;0;0;1.0;1.0;0;0;0;0;0
338563;1.28;0.96;48.0;2542.0;22.5;80.25;26.25;1.96;10.74;14.48;1.34;2.69;2.31;118014.0;48.0;48.0;52.0;4515.0;975.09;859.36;4.0;1.0;0;1.0;0;0;1.0;0;0;1.0;0;0;1.0;1.0;0;0;0;0;0
339116;1.25;0.94;48.0;2551.0;22.5;80.25;26.25;1.96;10.70;14.39;2.61;1.26;2.31;118014.0;49.0;49.0;52.0;4522.0;975.01;839.83;4.0;1.0;0;1.0;0;0;1.0;0;0;1.0;0;0;1.0;1.0;0;0;0;0;0
339628;1.23;0.92;48.0;2560.0;22.5;80.25;26.25;1.96;10.66;14.58;1.38;2.48;2.31;118014.0;49.0;49.0;52.0;4511.0;975.12;839.83;4.0;1.0;0;1.0;0;0;1.0;0;0;1.0;0;0;1.0;1.0;0;0;0;0;0
340157;0.88;1.00;48.0;2528.0;22.5;80.25;15.75;0;12.88;14.48;0.72;1.30;2.31;118014.0;49.0;49.0;52.0;4505.0;975.20;722.64;4.0;1.0;0;1.0;0;0;1.0;0;0;1.0;0;0;1.0;1.0;0;0;0;0;0
340676;0.83;1.00;47.0;2511.0;22.5;80.25;15.75;0;12.67;14.48;0.33;0.68;2.31;118014.0;48.0;48.0;51.0;4515.0;975.20;117.18;4.0;1.0;0;1.0;0;0;1.0;0;0;1.0;0;0;1.0;1.0;0;0;0;0;0
341190;0.82;1.00;47.0;2461.0;22.5;80.25;16.5;0;12.73;14.48;5.15;1.87;2.31;118014.0;47.0;47.0;49.0;4542.0;975.28;0;4.0;1.0;0;1.0;0;0;1.0;0;0;1.0;0;0;1.0;1.0;0;0;0;0;0
341713;0.86;1.00;46.0;2382.0;22.5;80.25;17.25;0;12.70;14.48;2.96;1.03;2.31;118015.0;46.0;46.0;48.0;4511.0;975.32;19.53;4.0;1.0;0;1.0;0;0;1.0;0;0;1.0;0;0;0;1.0;0;0;0;0;0
342234;1.88;0.99;46.0;2399.0;22.5;80.25;11.25;3.13;12.25;14.48;1.69;2.01;2.31;118015.0;46.0;46.0;52.0;4527.0;975.36;839.83;4.0;1.0;0;1.0;0;0;1.0;0;0;1.0;0;0;1.0;1.0;0;0;0;0;0
342791;1.98;0.97;46.0;2397.0;22.5;80.25;17.25;3.52;13.99;14.58;0.87;1.11;2.31;118015.0;46.0;46.0;52.0;4500.0;975.40;820.30;4.0;1.0;0;1.0;0;0;1.0;0;0;1.0;0;0;1.0;1.0;0;0;0;0;0
343356;2.17;0.94;47.0;2479.0;22.5;80.25;24.75;4.70;17.97;14.48;0.35;0.50;2.31;118015.0;47.0;48.0;52.0;4490.0;975.40;839.83;4.0;1.0;0;1.0;0;0;1.0;0;0;1.0;0;0;1.0;1.0;0;0;0;0;0
343932;0.96;1.00;47.0;2456.0;22.5;80.25;15.75;0;12.86;14.48;0.15;0.23;2.31;118015.0;47.0;47.0;50.0;4540.0;975.40;820.30;4.0;1.0;0;1.0;0;0;1.0;0;0;1.0;0;0;1.0;1.0;0;0;0;0;0
344498;0.83;1.00;46.0;2396.0;22.5;80.25;16.5;0;12.77;14.58;33.41;19.23;2.31;118015.0;46.0;46.0;49.0;4526.0;975.44;722.64;4.0;1.0;0;1.0;0;0;1.0;0;0;1.0;0;0;1.0;1.0;0;0;0;0;0
345105;0.84;1.00;45.0;2351.0;22.5;80.25;15.75;0;12.70;14.48;23.70;10.70;2.31;118015.0;45.0;45.0;48.0;4530.0;975.44;0;4.0;1.0;0;1.0;0;0;1.0;0;0;1.0;0;0;1.0;1.0;0;0;0;0;0
345722;0.87;1.00;42.0;2236.0;22.5;80.25;15.0;0;12.79;14.48;13.20;5.58;2.31;118015.0;42.0;43.0;48.0;4514.0;975.44;0;4.0;1.0;0;1.0;0;0;1.0;0;0;1.0;0;0;1.0;1.0;0;0;0;0;0
346267;1.00;1.00;37.0;1949.0;22.5;80.25;15.0;0;12.67;14.48;11.15;18.47;2.31;118015.0;38.0;37.0;47.0;4507.0;975.44;19.53;4.0;1.0;0;1.0;0;0;1.0;0;0;1.0;0;0;1.0;1.0;0;0;0;0;0
346788;1.03;1.00;33.0;1787.0;22.5;81.0;14.25;0;12.58;14.48;8.67;18.35;2.31;118015.0;34.0;34.0;46.0;4528.0;975.44;39.06;4.0;1.0;0;1.0;0;0;1.0;0;0;1.0;0;0;1.0;1.0;0;0;0;0;0
347307;1.18;1.01;31.0;1630.0;22.5;81.0;15.0;0;12.62;14.58;8.28;24.86;2.31;118015.0;31.0;31.0;47.0;4508.0;975.44;78.12;4.0;1.0;0;1.0;0;0;1.0;0;0;1.0;0;0;1.0;1.0;0;0;0;0;0
347829;1.22;1.02;28.0;1491.0;22.5;81.0;15.0;0;12.61;14.39;14.39;37.96;2.31;118015.0;29.0;28.0;47.0;4470.0;975.44;859.36;4.0;1.0;0;1.0;0;0;1.0;0;0;1.0;0;0;1.0;1.0;0;0;0;0;0
348356;1.32;1.00;26.0;1303.0;22.5;81.0;13.5;0;12.40;14.58;32.84;44.54;2.31;118015.0;26.0;26.0;47.0;4514.0;975.44;839.83;3.0;1.0;0;1.0;1.0;0;1.0;0;0;1.0;0;0;1.0;1.0;0;0;1.0;0;0
348902;1.16;0.98;25.0;1437.0;22.5;81.0;15.0;0;12.58;14.58;30.81;109.48;2.31;118015.0;25.0;25.0;46.0;4550.0;975.44;683.58;2.0;1.0;0;1.0;0;0;1.0;0;0;1.0;0;0;1.0;1.0;0;0;0;0;0
349447;1.53;0.99;23.0;1567.0;22.5;81.0;13.5;0.39;11.06;14.48;73.86;162.62;2.31;118015.0;24.0;24.0;51.0;4519.0;975.44;820.30;2.0;1.0;0;1.0;0;0;1.0;0;0;1.0;0;0;1.0;1.0;0;0;0;0;0
350023;1.68;0.98;25.0;1927.0;23.25;81.0;15.0;1.96;12.63;14.48;156.76;184.59;2.31;118015.0;25.0;25.0;51.0;4525.0;975.44;156.24;2.0;1.0;0;1.0;0;0;1.0;0;0;1.0;0;0;1.0;1.0;0;0;0;0;0
350547;1.77;0.98;25.0;1977.0;23.25;81.0;17.25;2.35;13.65;14.48;192.46;218.67;2.31;118015.0;25.0;25.0;51.0;4529.0;975.44;839.83;2.0;1.0;0;1.0;0;0;1.0;0;0;1.0;0;0;1.0;1.0;0;0;0;0;0
351079;1.52;0.97;25.0;2005.0;23.25;81.0;18.0;1.96;12.13;14.58;235.62;218.42;2.31;118015.0;25.0;26.0;51.0;4499.0;975.44;839.83;2.0;1.0;0;1.0;0;0;1.0;0;0;1.0;0;0;1.0;1.0;0;0;0;0;0
351578;1.05;0.95;25.0;2010.0;23.25;81.0;18.0;0.39;9.10;14.48;191.72;174.52;2.31;118015.0;25.0;25.0;51.0;4489.0;975.44;820.30;2.0;1.0;0;1.0;0;0;1.0;0;0;1.0;0;0;1.0;1.0;0;0;0;0;0
352102;1.52;0.93;25.0;2047.0;23.25;81.0;18.0;1.96;12.32;14.48;257.32;240.17;2.31;118015.0;26.0;25.0;51.0;4525.0;975.44;781.24;2.0;1.0;0;1.0;0;0;1.0;0;0;1.0;0;0;1.0;1.0;0;0;0;0;0
352612;1.59;0.92;26.0;2038.0;23.25;81.0;18.75;2.35;13.17;14.39;260.08;240.86;2.31;118015.0;26.0;26.0;51.0;4514.0;975.44;39.06;2.0;1.0;0;1.0;0;0;1.0;0;0;1.0;0;0;1.0;1.0;0;0;0;0;0
353136;1.87;0.94;26.0;2058.0;23.25;81.0;18.0;2.74;15.00;14.48;247.38;229.94;2.31;118015.0;26.0;26.0;51.0;4522.0;975.52;468.74;2.0;1.0;0;1.0;0;0;1.0;0;0;1.0;0;0;1.0;1.0;0;0;0;0;0
353648;2.48;0.95;27.0;2181.0;23.25;81.0;20.25;5.09;19.12;14.48;234.59;206.90;2.31;118015.0;27.0;28.0;51.0;4499.0;975.48;800.77;2.0;1.0;0;1.0;0;0;1.0;0;0;1.0;0;0;1.0;1.0;0;0;0;0;0
354172;2.24;0.92;30.0;2359.0;23.25;81.0;22.5;5.09;18.57;14.39;215.16;212.77;2.31;118015.0;29.0;30.0;51.0;4443.0;975.71;683.58;2.0;1.0;0;1.0;0;0;1.0;0;0;1.0;0;0;1.0;1.0;0;0;0;0;0
354694;1.86;0.90;31.0;2411.0;23.25;81.0;24.0;3.92;15.96;14.58;260.39;171.19;2.31;118015.0;30.0;31.0;51.0;4484.0;975.67;117.18;2.0;1.0;0;1.0;0;0;1.0;0;0;1.0;0;0;1.0;1.0;0;0;0;0;0
355257;1.65;0.91;32.0;2578.0;23.25;81.0;26.25;3.52;14.23;14.58;303.41;238.79;2.31;118015.0;33.0;32.0;51.0;4499.0;975.79;820.30;2.0;1.0;0;1.0;0;0;1.0;0;0;1.0;0;0;1.0;1.0;0;0;0;0;0
355813;1.90;0.90;32.0;2586.0;23.25;81.0;27.0;4.31;16.59;14.29;331.63;298.14;2.58;118015.0;33.0;33.0;51.0;4487.0;975.94;39.06;2.0;1.0;0;1.0;0;0;1.0;0;0;1.0;0;0;1.0;1.0;0;0;0;0;0
356352;2.05;0.92;35.0;2741.0;23.25;81.0;30.0;5.09;17.78;14.29;340.15;325.21;2.58;118015.0;34.0;35.0;51.0;4524.0;976.10;820.30;2.0;1.0;0;1.0;0;0;1.0;0;0;1.0;0;0;1.0;1.0;0;0;0;0;0
356944;1.88;0.89;36.0;2873.0;23.25;81.0;32.25;5.09;17.14;14.58;311.03;340.03;2.31;118015.0;36.0;37.0;51.0;4519.0;976.14;761.70;2.0;1.0;0;1.0;0;0;1.0;0;0;1.0;0;0;1.0;1.0;0;0;0;0;0
357494;0.48;1.00;38.0;2894.0;23.25;81.0;19.5;0;12.74;14.58;307.46;336.46;2.31;118015.0;39.0;38.0;51.0;4585.0;976.26;117.18;2.0;1.0;0;1.0;0;0;1.0;0;0;1.0;0;0;1.0;1.0;0;0;0;0;0
358024;1.04;1.00;37.0;2304.0;23.25;81.0;21.0;0.39;12.36;14.48;262.19;309.94;2.31;118015.0;38.0;37.0;51.0;4542.0;976.30;58.59;3.0;1.0;0;1.0;0;0;1.0;0;0;1.0;0;0;1.0;1.0;0;0;0;0;0
358548;1.35;1.00;37.0;2300.0;23.25;81.0;22.5;1.56;10.82;14.48;226.84;337.57;2.31;118015.0;37.0;37.0;51.0;4524.0;976.41;859.36;3.0;1.0;0;1.0;0;0;1.0;0;0;1.0;0;0;1.0;1.0;0;0;0;0;0
359071;1.44;0.98;37.0;2293.0;23.25;81.0;22.5;1.96;11.57;14.48;239.61;325.81;2.31;118015.0;37.0;38.0;51.0;4506.0;976.49;839.83;3.0;1.0;0;1.0;0;0;1.0;0;0;1.0;0;0;1.0;1.0;0;0;0;0;0
359594;1.51;0.97;37.0;2292.0;23.25;81.0;22.5;2.35;12.28;14.48;239.57;298.37;2.31;118015.0;38.0;38.0;51.0;4519.0;976.57;820.30;3.0;1.0;0;1.0;0;0;1.0;0;0;1.0;0;0;1.0;1.0;0;0;0;0;0
360107;1.48;0.95;37.0;2338.0;23.25;81.0;22.5;2.35;12.01;14.58;204.22;246.27;2.31;118015.0;37.0;38.0;51.0;4502.0;976.53;820.30;3.0;1.0;0;1.0;0;0;1.0;0;0;1.0;0;0;1.0;1.0;0;0;0;0;0
360631;1.46;0.94;37.0;2329.0;23.25;81.0;23.25;2.35;12.19;14.48;200.82;242.64;2.31;118015.0;38.0;38.0;51.0;4498.0;976.49;800.77;3.0;1.0;0;1.0;0;0;1.0;0;0;1.0;0;0;1.0;1.0;0;0;0;0;0
361129;1.43;0.92;37.0;2306.0;23.25;81.0;22.5;2.35;12.22;14.48;262.95;277.46;2.31;118015.0;38.0;38.0;51.0;4507.0;976.57;781.24;3.0;1.0;0;1.0;0;0;1.0;0;0;1.0;0;0;1.0;1.0;0;0;0;0;0
361656;1.41;0.90;38.0;2331.0;23.25;81.0;22.5;2.35;12.04;14.58;304.92;313.49;2.31;118015.0;38.0;38.0;51.0;4488.0;976.61;781.24;3.0;1.0;0;1.0;0;0;1.0;0;0;1.0;0;0;1.0;1.0;0;0;0;0;0
362216;1.44;0.89;38.0;2318.0;23.25;81.0;22.5;2.35;12.64;14.48;333.27;332.63;2.31;118015.0;38.0;39.0;51.0;4511.0;976.57;781.24;3.0;1.0;0;1.0;0;0;1.0;0;0;1.0;0;0;1.0;1.0;0;0;0;0;0
362729;1.37;0.87;38.0;2391.0;23.25;81.0;23.25;2.35;12.29;14.48;327.75;346.11;2.31;118015.0;39.0;39.0;51.0;4498.0;976.61;664.05;3.0;1.0;0;1.0;0;0;1.0;0;0;1.0;0;0;1.0;1.0;0;0;0;0;0
363253;1.36;0.85;38.0;2347.0;23.25;81.0;23.25;2.35;12.95;14.48;303.90;260.43;2.31;118015.0;39.0;39.0;51.0;4525.0;976.57;156.24;3.0;1.0;0;1.0;0;0;1.0;0;0;1.0;0;0;1.0;1.0;0;0;0;0;0
363787;1.57;0.87;40.0;2461.0;23.25;81.0;24.0;3.13;14.09;14.58;336.56;207.03;2.31;118015.0;40.0;40.0;51.0;4500.0;976.61;0;3.0;1.0;0;1.0;0;0;1.0;0;0;1.0;0;0;1.0;1.0;0;0;0;0;0
364343;1.6;0.89;41.0;2513.0;23.25;81.0;25.5;3.13;14.03;14.48;288.55;206.19;2.31;118015.0;41.0;41.0;51.0;4478.0;976.53;19.53;3.0;1.0;0;1.0;0;0;1.0;0;0;1.0;0;0;1.0;1.0;0;0;0;0;0
364968;1.6;0.90;41.0;2551.0;23.25;81.0;26.25;3.13;13.98;14.58;314.21;217.15;2.31;118015.0;41.0;42.0;51.0;4497.0;976.61;664.05;3.0;1.0;0;1.0;0;0;1.0;0;0;1.0;0;0;1.0;1.0;0;0;0;0;0
365492;1.62;0.90;42.0;2611.0;23.25;81.0;27.0;3.13;14.12;14.48;327.71;199.24;2.31;118015.0;42.0;42.0;51.0;4512.0;976.61;820.30;3.0;1.0;0;1.0;0;0;1.0;0;0;1.0;0;0;1.0;1.0;0;0;0;0;0
366016;1.51;0.88;42.0;2642.0;23.25;81.0;27.75;3.52;13.64;14.29;284.39;190.96;2.58;118015.0;43.0;43.0;51.0;4512.0;976.65;742.17;3.0;1.0;0;1.0;0;0;1.0;0;0;1.0;0;0;1.0;1.0;0;0;0;0;0
366557;1.48;0.88;43.0;2640.0;23.25;81.0;27.75;3.13;13.73;14.58;300.82;190.59;2.31;118015.0;43.0;43.0;51.0;4509.0;976.65;664.05;3.0;1.0;0;1.0;0;0;1.0;0;0;1.0;0;0;1.0;1.0;0;0;0;0;0
367081;1.55;0.87;43.0;2666.0;23.25;81.0;28.5;3.52;13.98;14.48;334.54;223.05;2.31;118015.0;43.0;44.0;51.0;4513.0;976.69;800.77;3.0;1.0;0;1.0;0;0;1.0;0;0;1.0;0;0;1.0;1.0;0;0;0;0;0
367600;1.68;0.87;43.0;2675.0;23.25;81.0;29.25;3.92;15.37;14.48;345.72;235.16;2.31;118015.0;44.0;44.0;51.0;4513.0;976.69;78.12;3.0;1.0;0;1.0;0;0;1.0;0;0;1.0;0;0;1.0;1.0;0;0;0;0;0
368097;1.68;0.89;43.0;2722.0;23.25;81.0;30.0;3.92;15.12;14.48;348.10;260.62;2.31;118015.0;44.0;44.0;51.0;4520.0;976.69;800.77;3.0;1.0;0;1.0;0;0;1.0;0;0;1.0;0;0;1.0;1.0;0;0;0;0;0
368623;1.62;0.87;45.0;2773.0;23.25;81.0;30.75;3.92;14.99;14.48;331.54;277.89;2.31;118015.0;45.0;45.0;51.0;4528.0;976.69;800.77;3.0;1.0;0;1.0;0;0;1.0;0;0;1.0;0;0;1.0;1.0;0;0;0;0;0
369152;1.59;0.85;45.0;2801.0;22.5;81.0;30.75;3.92;14.91;14.48;345.81;310.17;2.31;118015.0;46.0;45.0;51.0;4519.0;976.69;722.64;3.0;1.0;0;1.0;0;0;1.0;0;0;1.0;0;0;1.0;1.0;0;0;0;0;0
369708;1.46;0.84;46.0;2811.0;22.5;81.0;31.5;3.52;13.92;14.58;344.80;328.20;2.31;118015.0;46.0;46.0;51.0;4514.0;976.69;234.37;3.0;1.0;0;1.0;0;0;1.0;0;0;1.0;0;0;1.0;1.0;0;0;0;0;0
370222;1.43;0.84;46.0;2834.0;22.5;81.0;31.5;3.52;13.57;14.39;284.92;335.38;2.31;118015.0;46.0;46.0;51.0;4525.0;976.69;78.12;3.0;1.0;0;1.0;0;0;1.0;0;0;1.0;0;0;1.0;1.0;0;0;0;0;0
370802;1.34;0.86;46.0;2830.0;22.5;81.0;31.5;3.13;12.58;14.48;219.16;340.31;2.31;118015.0;46.0;46.0;51.0;4511.0;976.69;781.24;3.0;1.0;0;1.0;0;0;1.0;0;0;1.0;0;0;1.0;1.0;0;0;0;0;0
371359;1.2;0.84;46.0;2832.0;22.5;81.0;31.5;2.74;11.64;14.58;198.03;319.21;2.31;118015.0;46.0;46.0;51.0;4515.0;976.69;820.30;3.0;1.0;0;1.0;0;0;1.0;0;0;1.0;0;0;1.0;1.0;0;0;0;0;0
371871;0.92;0.82;45.0;2779.0;22.5;81.0;30.75;1.56;8.81;14.48;209.08;317.03;2.31;118015.0;45.0;45.0;51.0;4513.0;976.69;839.83;3.0;1.0;0;1.0;0;0;1.0;0;0;1.0;0;0;1.0;1.0;0;0;0;0;0
372427;0.87;0.81;43.0;2706.0;22.5;81.0;30.0;1.17;8.38;14.58;223.79;328.98;2.31;118015.0;44.0;44.0;51.0;4494.0;976.69;449.21;3.0;1.0;0;1.0;0;0;1.0;0;0;1.0;0;0;1.0;1.0;0;0;0;0;0
372966;0.89;0.81;42.0;2624.0;22.5;81.0;27.75;1.17;8.58;14.39;286.09;340.31;2.31;118015.0;43.0;43.0;51.0;4518.0;976.69;19.53;3.0;1.0;0;1.0;0;0;1.0;0;0;1.0;0;0;1.0;1.0;0;0;0;0;0
373522;0.92;0.83;41.0;2559.0;22.5;81.0;27.0;1.17;8.73;14.48;325.46;352.10;2.31;118015.0;41.0;42.0;51.0;4516.0;976.69;19.53;3.0;1.0;0;1.0;0;0;1.0;0;0;1.0;0;0;1.0;1.0;0;0;0;0;0
374061;0.93;0.84;40.0;2453.0;22.5;81.0;24.75;1.17;8.68;14.58;339.29;357.98;2.31;118015.0;40.0;40.0;51.0;4523.0;976.69;19.53;3.0;1.0;0;1.0;0;0;1.0;0;0;1.0;0;0;1.0;1.0;0;0;0;0;0
374582;1.03;0.86;38.0;2347.0;22.5;81.0;24.0;1.17;9.25;14.48;350.09;344.43;2.31;118015.0;39.0;39.0;51.0;4534.0;976.69;19.53;3.0;1.0;0;1.0;0;0;1.0;0;0;1.0;0;0;1.0;1.0;0;0;0;0;0
375106;1.26;0.88;38.0;2339.0;22.5;81.0;23.25;1.96;11.18;14.39;353.96;313.78;2.31;118015.0;38.0;38.0;51.0;4542.0;976.69;761.70;3.0;1.0;0;1.0;0;0;1.0;0;0;1.0;0;0;1.0;1.0;0;0;0;0;0
375652;1.47;0.88;37.0;2358.0;22.5;81.0;24.0;2.35;13.09;14.58;336.63;287.95;2.31;118015.0;38.0;38.0;51.0;4494.0;976.69;78.12;3.0;1.0;0;1.0;0;0;1.0;0;0;1.0;0;0;1.0;1.0;0;0;0;0;0
376176;1.69;0.89;37.0;2336.0;22.5;81.0;23.25;3.13;14.84;14.48;294.43;309.29;2.31;118015.0;38.0;38.0;51.0;4511.0;976.69;39.06;3.0;1.0;0;1.0;0;0;1.0;0;0;1.0;0;0;1.0;1.0;0;0;0;0;0
376689;1.78;0.91;37.0;2340.0;22.5;81.0;23.25;3.13;15.16;14.48;312.30;274.57;2.31;118015.0;38.0;38.0;51.0;4503.0;976.69;644.52;3.0;1.0;0;1.0;0;0;1.0;0;0;1.0;0;0;1.0;1.0;0;0;0;0;0
377216;1.76;0.91;38.0;2356.0;22.5;81.0;23.25;3.13;15.06;14.39;293.04;240.43;2.31;118015.0;38.0;39.0;51.0;4500.0;976.69;722.64;3.0;1.0;0;1.0;0;0;1.0;0;0;1.0;0;0;1.0;1.0;0;0;0;0;0
377737;1.72;0.90;38.0;2393.0;22.5;81.0;24.0;3.13;14.83;14.48;235.72;256.79;2.31;118015.0;38.0;39.0;51.0;4498.0;976.69;781.24;3.0;1.0;0;1.0;0;0;1.0;0;0;1.0;0;0;1.0;1.0;0;0;0;0;0
378258;1.6;0.89;38.0;2428.0;22.5;81.0;24.0;3.13;14.05;14.48;190.86;307.71;2.31;118015.0;39.0;39.0;51.0;4496.0;976.69;683.58;3.0;1.0;0;1.0;0;0;1.0;0;0;1.0;0;0;1.0;1.0;0;0;0;0;0
378782;1.50;0.87;40.0;2403.0;23.25;81.0;24.0;2.74;13.43;14.39;262.36;331.38;2.31;118015.0;39.0;40.0;51.0;4501.0;976.69;820.30;3.0;1.0;0;1.0;0;0;1.0;0;0;1.0;0;0;1.0;1.0;0;0;0;0;0
379335;1.31;0.86;38.0;2355.0;23.25;81.0;24.0;2.35;12.18;14.58;205.51;342.00;2.31;118015.0;39.0;39.0;51.0;4544.0;976.69;800.77;3.0;1.0;0;1.0;0;0;1.0;0;0;1.0;0;0;1.0;1.0;0;0;0;0;0
379893;1.22;0.84;38.0;2389.0;23.25;81.0;23.25;1.96;11.55;14.48;230.39;349.82;2.31;118015.0;39.0;39.0;51.0;4523.0;976.69;117.18;3.0;1.0;0;1.0;0;0;1.0;0;0;1.0;0;0;1.0;1.0;0;0;0;0;0
380427;1.28;0.86;37.0;2346.0;23.25;81.0;23.25;1.96;11.76;14.39;250.88;332.30;2.31;118015.0;38.0;38.0;51.0;4533.0;976.69;58.59;3.0;1.0;0;1.0;0;0;1.0;0;0;1.0;0;0;1.0;1.0;0;0;0;0;0
380926;1.24;0.88;37.0;2258.0;23.25;81.0;21.75;1.96;11.23;14.48;287.61;305.82;2.31;118015.0;37.0;38.0;51.0;4537.0;976.69;585.93;3.0;1.0;0;1.0;0;0;1.0;0;0;1.0;0;0;1.0;1.0;0;0;0;0;0
381450;0.96;0.87;36.0;2279.0;23.25;81.0;21.75;1.17;9.52;14.48;292.16;324.78;2.31;118015.0;37.0;37.0;51.0;4515.0;976.69;820.30;3.0;1.0;0;1.0;0;0;1.0;0;0;1.0;0;0;1.0;1.0;0;0;0;0;0
381983;0.92;0.86;36.0;2189.0;23.25;81.0;21.0;0.39;8.72;14.58;304.10;330.99;2.31;118015.0;36.0;36.0;51.0;4516.0;976.69;117.18;3.0;1.0;0;1.0;0;0;1.0;0;0;1.0;0;0;1.0;1.0;0;0;0;0;0
382592;1.46;0.87;35.0;2128.0;23.25;81.0;20.25;2.35;12.93;14.58;334.25;315.25;2.31;118015.0;36.0;35.0;51.0;4521.0;976.69;19.53;3.0;1.0;0;1.0;0;0;1.0;0;0;1.0;0;0;1.0;1.0;0;0;0;0;0
383111;1.56;0.89;35.0;2171.0;23.25;81.0;20.25;2.35;13.42;14.29;322.01;315.60;2.58;118015.0;35.0;35.0;51.0;4505.0;976.69;39.06;3.0;1.0;0;1.0;0;0;1.0;0;0;1.0;0;0;1.0;1.0;0;0;0;0;0
383610;1.58;0.90;35.0;2215.0;23.25;81.0;20.25;2.74;13.65;14.48;332.96;330.85;2.31;118015.0;36.0;36.0;51.0;4520.0;976.69;58.59;3.0;1.0;0;1.0;0;0;1.0;0;0;1.0;0;0;1.0;1.0;0;0;0;0;0
384133;1.64;0.91;36.0;2256.0;23.25;81.0;21.75;2.74;13.83;14.58;339.17;338.49;2.31;118015.0;37.0;37.0;51.0;4516.0;976.69;761.70;3.0;1.0;0;1.0;0;0;1.0;0;0;1.0;0;0;1.0;1.0;0;0;0;0;0
384646;1.59;0.89;37.0;2308.0;23.25;81.0;22.5;2.74;13.75;14.48;341.71;345.52;2.31;118015.0;38.0;38.0;51.0;4486.0;976.69;820.30;3.0;1.0;0;1.0;0;0;1.0;0;0;1.0;0;0;1.0;1.0;0;0;0;0;0
385170;1.52;0.88;38.0;2364.0;23.25;81.0;23.25;2.74;13.65;14.48;351.44;314.68;2.31;118015.0;38.0;39.0;51.0;4491.0;976.69;273.43;3.0;1.0;0;1.0;0;0;1.0;0;0;1.0;0;0;1.0;1.0;0;0;0;0;0
385695;1.62;0.88;38.0;2425.0;23.25;81.0;24.0;3.13;14.31;14.58;353.49;343.23;2.31;118015.0;39.0;39.0;51.0;4478.0;976.69;175.77;3.0;1.0;0;1.0;0;0;1.0;0;0;1.0;0;0;1.0;1.0;0;0;0;0;0
386218;1.75;0.90;40.0;2466.0;23.25;81.0;24.75;3.52;15.28;14.48;355.38;315.31;2.31;118015.0;40.0;40.0;51.0;4505.0;976.69;78.12;3.0;1.0;0;1.0;0;0;1.0;0;0;1.0;0;0;1.0;1.0;0;0;0;0;0
386742;2.06;0.92;41.0;2545.0;23.25;81.0;26.25;4.70;17.42;14.48;353.72;322.65;2.31;118015.0;41.0;41.0;51.0;4473.0;976.73;429.68;3.0;1.0;0;1.0;0;0;1.0;0;0;1.0;0;0;1.0;1.0;0;0;0;0;0
387295;2.23;0.92;43.0;2647.0;22.5;81.0;28.5;5.88;19.19;14.48;348.39;342.30;2.31;118015.0;43.0;43.0;51.0;4513.0;976.73;839.83;3.0;1.0;0;1.0;0;0;1.0;0;0;1.0;0;0;1.0;1.0;0;0;0;0;0
387816;1.98;0.89;45.0;2764.0;22.5;81.0;30.0;5.49;17.78;14.48;349.19;341.52;2.31;118015.0;45.0;45.0;51.0;4531.0;976.73;839.83;3.0;1.0;0;1.0;0;0;1.0;0;0;1.0;0;0;1.0;1.0;0;0;0;0;0
388330;1.45;0.99;46.0;2836.0;22.5;81.0;31.5;2.74;11.86;14.48;312.57;312.42;2.31;118015.0;46.0;46.0;51.0;4540.0;976.80;878.89;3.0;1.0;0;1.0;0;0;1.0;0;0;1.0;0;0;1.0;1.0;0;0;0;0;0
388852;1.15;0.97;46.0;2882.0;22.5;81.0;31.5;1.96;9.50;14.48;301.03;311.09;2.31;118015.0;47.0;46.0;51.0;4530.0;976.92;878.89;3.0;1.0;0;1.0;0;0;1.0;0;0;1.0;0;0;1.0;1.0;0;0;0;0;0
389363;1.0;0.96;46.0;2822.0;22.5;81.0;32.25;1.56;9.04;14.48;277.07;217.42;2.31;118015.0;47.0;47.0;51.0;4517.0;977.00;878.89;3.0;1.0;0;1.0;0;0;1.0;0;0;1.0;0;0;1.0;1.0;0;0;0;0;0
389890;1.08;0.94;46.0;2825.0;22.5;81.0;31.5;1.56;9.27;14.48;295.97;250.00;2.31;118015.0;46.0;46.0;51.0;4514.0;976.92;859.36;3.0;1.0;0;1.0;0;0;1.0;0;0;1.0;0;0;1.0;1.0;0;0;0;0;0
390432;1.34;0.92;46.0;2933.0;22.5;81.0;33.0;2.74;11.73;14.48;325.93;285.13;2.31;118015.0;46.0;47.0;51.0;4497.0;976.96;839.83;3.0;1.0;0;1.0;0;0;1.0;0;0;1.0;0;0;1.0;1.0;0;0;0;0;0
390983;1.32;0.91;47.0;2881.0;22.5;81.0;32.25;2.74;11.86;14.48;324.10;327.02;2.31;118015.0;47.0;47.0;51.0;4500.0;977.00;820.30;3.0;1.0;0;1.0;0;0;1.0;0;0;1.0;0;0;1.0;1.0;0;0;0;0;0
391507;1.2;0.89;47.0;2871.0;22.5;81.0;32.25;2.35;10.86;14.48;348.35;342.02;2.31;118015.0;47.0;47.0;51.0;4513.0;977.04;839.83;3.0;1.0;0;1.0;0;0;1.0;0;0;1.0;0;0;1.0;1.0;0;0;0;0;0
392042;1.09;0.87;47.0;2919.0;22.5;81.0;33.0;1.96;10.19;14.48;354.03;347.67;2.31;118015.0;47.0;47.0;51.0;4517.0;977.04;820.30;3.0;1.0;0;1.0;0;0;1.0;0;0;1.0;0;0;1.0;1.0;0;0;0;0;0
392598;1.10;0.86;46.0;2850.0;22.5;81.0;32.25;1.96;10.35;14.48;336.40;322.86;2.31;118015.0;47.0;47.0;51.0;4511.0;977.12;800.77;3.0;1.0;0;1.0;0;0;1.0;0;0;1.0;0;0;1.0;1.0;0;0;0;0;0
393122;1.37;0.84;46.0;2829.0;22.5;81.0;31.5;3.13;13.02;14.58;355.05;323.94;2.31;118015.0;46.0;47.0;51.0;4499.0;977.16;273.43;3.0;1.0;0;1.0;0;0;1.0;0;0;1.0;0;0;1.0;1.0;0;0;0;0;0
393632;1.36;0.85;46.0;2855.0;22.5;81.0;31.5;3.13;12.90;14.48;326.77;337.26;2.31;118015.0;46.0;47.0;51.0;4513.0;977.27;39.06;3.0;1.0;0;1.0;0;0;1.0;0;0;1.0;0;0;1.0;1.0;0;0;0;0;0
394152;1.38;0.87;47.0;2879.0;22.5;81.0;32.25;3.13;12.79;14.39;253.16;296.85;2.31;118015.0;46.0;47.0;51.0;4518.0;977.23;58.59;3.0;1.0;0;1.0;0;0;1.0;0;0;1.0;0;0;1.0;1.0;0;0;0;0;0
394723;1.36;0.87;46.0;2830.0;22.5;81.0;31.5;3.13;12.58;14.48;196.80;254.53;2.31;118015.0;46.0;47.0;51.0;4514.0;977.27;781.24;3.0;1.0;0;1.0;0;0;1.0;0;0;1.0;0;0;1.0;1.0;0;0;0;0;0
395231;1.27;0.86;46.0;2843.0;22.5;81.0;31.5;2.74;11.89;14.39;173.85;226.29;2.31;118015.0;45.0;46.0;51.0;4516.0;977.31;820.30;3.0;1.0;0;1.0;0;0;1.0;0;0;1.0;0;0;1.0;1.0;0;0;0;0;0
395761;1.27;0.84;46.0;2803.0;22.5;81.0;31.5;2.74;12.25;14.48;217.42;233.46;2.31;118015.0;45.0;46.0;51.0;4508.0;977.39;800.77;3.0;1.0;0;1.0;0;0;1.0;0;0;1.0;0;0;1.0;1.0;0;0;0;0;0
396331;1.40;0.82;45.0;2746.0;22.5;81.0;30.75;3.13;13.57;14.48;274.88;286.38;2.31;118015.0;45.0;45.0;51.0;4499.0;977.47;253.90;3.0;1.0;0;1.0;0;0;1.0;0;0;1.0;0;0;1.0;1.0;0;0;0;0;0
396887;1.91;0.83;45.0;2783.0;22.5;81.0;30.75;5.49;18.29;14.48;301.05;323.12;2.31;118015.0;45.0;45.0;51.0;4489.0;977.55;19.53;3.0;1.0;0;1.0;0;0;1.0;0;0;1.0;0;0;1.0;1.0;0;0;0;0;0
397407;3.00;0.99;46.0;2856.0;22.5;81.0;30.75;8.62;23.93;14.48;332.94;336.58;2.31;118015.0;46.0;46.0;51.0;4481.0;977.59;859.36;3.0;1.0;0;1.0;0;0;1.0;0;0;1.0;0;0;1.0;1.0;0;0;0;0;0
397931;2.68;0.95;47.0;2938.0;22.5;81.0;33.0;7.84;22.43;14.48;342.36;344.48;2.31;118015.0;47.0;48.0;51.0;4508.0;977.62;859.36;3.0;1.0;0;1.0;0;0;1.0;0;0;1.0;0;0;1.0;1.0;0;0;0;0;0
398440;2.16;0.91;48.0;3022.0;22.5;81.0;34.5;5.88;19.99;14.48;331.09;304.17;2.31;118015.0;49.0;49.0;51.0;4535.0;977.70;839.83;3.0;1.0;0;1.0;0;0;1.0;0;0;1.0;0;0;1.0;1.0;0;0;0;0;0
399006;1.31;1.00;50.0;3052.0;22.5;81.0;34.5;2.74;11.33;14.48;302.69;248.20;2.31;118015.0;49.0;50.0;51.0;4537.0;977.78;859.36;3.0;1.0;0;1.0;0;0;1.0;0;0;1.0;0;0;1.0;1.0;0;0;0;0;0
399569;1.32;0.98;50.0;3025.0;22.5;81.0;34.5;2.74;11.10;14.48;247.44;207.29;2.31;118015.0;50.0;50.0;51.0;4525.0;977.82;839.83;3.0;1.0;0;1.0;0;0;1.0;0;0;1.0;0;0;1.0;1.0;0;0;0;0;0
400090;1.36;0.96;48.0;2998.0;22.5;81.0;34.5;2.74;11.53;14.48;295.05;246.41;2.31;118015.0;49.0;49.0;51.0;4504.0;977.82;839.83;3.0;1.0;0;1.0;0;0;1.0;0;0;1.0;0;0;1.0;1.0;0;0;0;0;0
400615;1.39;0.94;48.0;2988.0;22.5;81.0;33.75;2.74;11.85;14.48;191.92;167.07;2.31;118015.0;49.0;49.0;51.0;4522.0;977.86;820.30;3.0;1.0;0;1.0;1.0;0;1.0;0;0;1.0;0;0;1.0;1.0;0;0;0;0;0
401125;1.69;1.00;48.0;1583.0;22.5;81.0;13.5;1.17;11.07;14.58;138.13;95.03;2.31;118015.0;49.0;49.0;71.0;4344.0;977.86;644.52;4.0;1.0;0;1.0;0;0;1.0;0;0;1.0;0;0;1.0;1.0;0;0;0;0;0
401683;1.48;1.00;48.0;2523.0;22.5;81.0;25.5;1.96;11.21;14.48;149.48;135.06;2.31;118015.0;49.0;48.0;51.0;4215.0;977.90;859.36;4.0;1.0;0;1.0;0;0;1.0;0;0;1.0;0;0;1.0;1.0;0;0;0;0;0
402220;1.53;0.98;47.0;2532.0;22.5;81.0;26.25;2.35;11.88;14.48;244.43;223.55;2.31;118015.0;47.0;48.0;51.0;4349.0;977.82;839.83;4.0;1.0;0;1.0;0;0;1.0;0;0;1.0;0;0;0;1.0;0;0;0;0;0
402718;1.70;0.97;47.0;2495.0;22.5;81.0;25.5;2.74;13.73;14.58;287.22;246.37;2.31;118015.0;48.0;48.0;51.0;4448.0;977.86;839.83;4.0;1.0;0;1.0;0;0;1.0;0;0;1.0;0;0;1.0;1.0;0;0;0;0;0
403247;2.64;1.00;48.0;2539.0;22.5;81.0;26.25;6.27;20.15;14.48;297.24;264.80;2.31;118015.0;48.0;49.0;51.0;4463.0;977.78;820.30;4.0;1.0;0;1.0;0;0;1.0;0;0;1.0;0;0;1.0;1.0;0;0;0;0;0
403755;2.52;0.97;50.0;2625.0;22.5;81.0;27.75;6.27;20.40;14.29;333.94;260.00;2.58;118015.0;49.0;50.0;51.0;4500.0;977.82;820.30;4.0;1.0;0;1.0;0;0;1.0;0;0;1.0;0;0;1.0;1.0;0;0;0;0;0
404278;2.38;0.94;51.0;2677.0;22.5;81.0;28.5;6.27;20.22;14.48;291.91;295.76;2.31;118015.0;51.0;51.0;51.0;4516.0;977.86;800.77;4.0;1.0;0;1.0;0;0;1.0;0;0;1.0;0;0;1.0;1.0;0;0;0;0;0
404803;3.14;1.00;52.0;2756.0;22.5;81.0;29.25;9.41;24.72;14.48;275.95;283.10;2.31;118015.0;52.0;53.0;51.0;4511.0;977.86;820.30;4.0;1.0;0;1.0;0;0;1.0;0;0;1.0;0;0;1.0;1.0;0;0;0;0;0
405363;1.95;0.96;53.0;2840.0;22.5;81.0;31.5;5.49;18.79;14.58;290.76;290.48;2.31;118015.0;54.0;54.0;51.0;4543.0;977.86;800.77;4.0;1.0;0;1.0;0;0;1.0;0;0;1.0;0;0;1.0;1.0;0;0;0;0;0
405887;2.02;0.98;55.0;2871.0;22.5;81.0;32.25;4.70;16.88;14.48;257.81;327.81;2.31;118015.0;54.0;55.0;51.0;4527.0;977.90;820.30;4.0;1.0;0;1.0;0;0;1.0;0;0;1.0;0;0;1.0;1.0;0;0;0;0;0
406466;2.45;0.95;55.0;2899.0;22.5;81.0;32.25;5.88;19.27;14.48;295.54;268.02;2.31;118015.0;56.0;55.0;51.0;4505.0;977.82;820.30;4.0;1.0;0;1.0;0;0;1.0;0;0;1.0;0;0;1.0;1.0;0;0;0;0;0
407009;0.94;0.99;55.0;2394.0;22.5;81.0;22.5;0.78;7.92;14.58;262.20;249.69;2.31;118015.0;56.0;55.0;51.0;4500.0;977.86;800.77;5.0;1.0;0;1.0;0;0;1.0;0;0;1.0;0;0;1.0;1.0;0;0;0;0;0
407542;2.48;0.98;56.0;2634.0;22.5;81.0;27.0;5.88;19.25;14.48;264.45;246.68;2.31;118015.0;55.0;56.0;51.0;4449.0;977.86;820.30;5.0;1.0;0;1.0;0;0;1.0;0;0;1.0;0;0;1.0;1.0;0;0;0;0;0
408066;3.15;0.98;57.0;2675.0;22.5;81.0;27.75;9.80;24.94;14.58;282.50;298.92;2.31;118015.0;57.0;58.0;51.0;4483.0;977.82;800.77;5.0;1.0;0;1.0;0;0;1.0;0;0;1.0;0;0;1.0;1.0;0;0;0;0;0
408619;2.50;0.94;60.0;2749.0;22.5;81.0;30.0;7.05;21.52;14.48;315.27;318.96;2.31;118015.0;59.0;60.0;51.0;4537.0;977.82;761.70;5.0;1.0;0;1.0;0;0;1.0;0;0;0;0;0;1.0;1.0;0;0;0;0;0
409200;1.72;0.99;61.0;2796.0;22.5;81.0;31.5;4.31;14.39;14.58;316.73;333.06;2.31;118015.0;61.0;61.0;51.0;4551.0;977.86;800.77;5.0;1.0;0;1.0;0;0;1.0;0;0;0;0;0;1.0;1.0;0;0;0;0;0
409796;1.12;0.97;61.0;2839.0;22.5;81.0;31.5;2.35;10.28;14.48;339.43;345.07;2.31;118015.0;61.0;61.0;51.0;4540.0;977.86;820.30;5.0;1.0;0;1.0;0;0;1.0;0;0;0;0;0;1.0;1.0;0;0;0;0;0
410330;1.22;0.95;61.0;2833.0;22.5;81.0;31.5;2.74;10.75;14.58;323.43;351.01;2.31;118015.0;62.0;61.0;51.0;4514.0;977.90;800.77;5.0;1.0;0;1.0;0;0;1.0;0;0;0;0;0;1.0;1.0;0;0;0;0;0
410828;1.48;0.93;61.0;2842.0;22.5;81.0;31.5;3.52;12.96;14.58;323.22;336.69;2.31;118015.0;62.0;62.0;51.0;4518.0;977.90;761.70;5.0;1.0;0;1.0;0;0;1.0;0;0;0;0;0;1.0;1.0;0;0;0;0;0
411368;1.44;0.91;62.0;2862.0;22.5;81.0;31.5;3.52;12.86;14.58;333.63;320.81;2.31;118015.0;62.0;62.0;51.0;4508.0;977.90;761.70;5.0;1.0;0;1.0;0;0;1.0;0;0;0;0;0;1.0;1.0;0;0;0;0;0
411924;1.40;0.89;62.0;2883.0;22.5;81.0;32.25;3.52;12.90;14.58;272.73;319.31;2.31;118015.0;62.0;62.0;51.0;4512.0;977.90;683.58;5.0;1.0;0;1.0;0;0;1.0;0;0;0;0;0;1.0;1.0;0;0;0;0;0
412492;1.33;0.87;62.0;2920.0;22.5;81.0;33.0;3.52;12.48;14.48;299.70;300.25;2.31;118015.0;63.0;63.0;51.0;4507.0;977.90;742.17;5.0;1.0;0;1.0;0;0;1.0;0;0;0;0;0;1.0;1.0;0;0;0;0;0
413016;1.26;0.85;65.0;2948.0;22.5;81.0;33.75;3.52;12.18;14.48;240.45;271.38;2.31;118015.0;64.0;65.0;51.0;4517.0;977.90;742.17;5.0;1.0;0;1.0;0;0;1.0;0;0;0;0;0;1.0;1.0;0;0;0;0;0
413515;1.21;0.85;65.0;3079.0;22.5;81.0;35.25;3.52;11.78;14.48;256.01;322.77;2.31;118015.0;65.0;65.0;51.0;4504.0;977.90;585.93;5.0;1.0;0;1.0;0;0;1.0;0;0;0;0;0;1.0;1.0;0;0;0;0;0
414042;1.23;0.86;65.0;3036.0;22.5;81.0;34.5;3.13;11.82;14.58;259.29;274.47;2.31;118015.0;65.0;65.0;51.0;4500.0;977.90;683.58;5.0;1.0;0;1.0;0;0;1.0;0;0;0;0;0;1.0;1.0;0;0;0;0;0
414564;1.22;0.85;66.0;3022.0;22.5;81.0;34.5;3.52;11.87;14.48;270.66;273.57;2.31;118015.0;65.0;66.0;51.0;4511.0;977.90;136.71;5.0;1.0;0;1.0;0;0;1.0;0;0;0;0;0;1.0;1.0;0;0;0;0;0
415082;1.34;0.87;66.0;3062.0;22.5;81.0;35.25;3.92;12.63;14.58;311.54;312.90;2.31;118015.0;67.0;67.0;51.0;4509.0;977.94;624.99;5.0;1.0;0;1.0;0;0;1.0;0;0;0;0;0;1.0;1.0;0;0;0;0;0
415606;0.39;1.00;67.0;3160.0;22.5;81.0;27.0;0;12.69;14.58;313.12;317.32;2.31;118015.0;68.0;68.0;51.0;4639.0;978.02;820.30;5.0;1.0;0;1.0;0;0;1.0;0;0;0;0;0;1.0;1.0;0;0;0;0;0
416130;0.82;1.00;68.0;2887.0;22.5;81.0;31.5;1.17;6.58;14.48;290.86;335.97;2.31;118015.0;68.0;68.0;51.0;4365.0;978.17;449.21;6.0;1.0;0;1.0;0;0;1.0;0;0;0;0;0;1.0;1.0;0;0;0;0;0
416677;1.42;1.00;68.0;2963.0;22.5;81.0;33.75;3.13;11.16;14.48;254.80;281.77;2.31;118015.0;69.0;69.0;51.0;4213.0;978.33;800.77;6.0;1.0;0;1.0;0;0;1.0;0;0;0;0;0;1.0;1.0;0;0;0;0;0
417202;1.52;0.98;70.0;2985.0;22.5;81.0;33.75;3.52;12.34;14.48;297.89;314.74;2.31;118015.0;70.0;71.0;51.0;4353.0;978.56;820.30;6.0;1.0;0;1.0;0;0;1.0;0;0;0;0;0;1.0;1.0;0;0;0;0;0
417766;1.64;0.96;71.0;3006.0;22.5;81.0;34.5;4.31;13.83;14.48;334.82;342.45;2.31;118015.0;71.0;71.0;51.0;4442.0;978.68;820.30;6.0;1.0;0;1.0;0;0;1.0;0;0;0;0;0;1.0;1.0;0;0;0;0;0
418287;2.23;0.97;72.0;3098.0;22.5;81.0;35.25;6.27;18.48;14.58;296.58;317.32;2.31;118015.0;73.0;73.0;51.0;4483.0;978.84;820.30;6.0;1.0;0;1.0;0;0;1.0;0;0;0;0;0;1.0;1.0;0;0;0;0;0
418857;1.86;0.93;75.0;3160.0;22.5;81.0;36.0;5.49;16.23;14.48;247.13;279.82;2.31;118015.0;75.0;75.0;51.0;4509.0;978.91;820.30;6.0;1.0;0;1.0;0;0;1.0;0;0;0;0;0;1.0;1.0;0;0;0;0;0
419381;1.31;0.90;76.0;3194.0;22.5;81.0;36.75;3.52;11.97;14.58;305.82;324.51;2.31;118015.0;75.0;76.0;51.0;4526.0;978.99;800.77;6.0;1.0;0;1.0;0;0;1.0;0;0;0;0;0;1.0;1.0;0;0;0;0;0
419881;1.01;0.88;76.0;3152.0;22.5;81.0;36.75;2.35;9.60;14.58;332.18;338.51;2.31;118015.0;77.0;76.0;51.0;4518.0;979.03;800.77;6.0;1.0;0;1.0;0;0;1.0;0;0;0;0;0;1.0;1.0;0;0;0;0;0
420421;0.73;0.86;76.0;3241.0;22.5;81.0;37.5;1.56;7.05;14.48;328.04;346.16;2.31;118016.0;76.0;76.0;51.0;4529.0;979.07;800.77;6.0;1.0;0;1.0;0;0;1.0;0;0;0;0;0;1.0;1.0;0;0;0;0;0
420931;0.6;1.00;76.0;3241.0;22.5;81.0;-30.0;0;0;14.58;350.46;349.41;2.31;118016.0;77.0;76.0;51.0;4521.0;979.11;585.93;6.0;1.0;0;1.0;0;0;1.0;0;0;0;0;0;1.0;1.0;0;0;0;0;0
421455;0.60;1.00;76.0;3212.0;22.5;80.25;-30.0;0;0;14.58;240.51;216.95;2.31;118016.0;76.0;76.0;52.0;4519.0;979.11;0;6.0;1.0;0;1.0;0;0;1.0;0;0;0;0;0;1.0;1.0;0;0;0;0;0
422054;0.62;1.00;75.0;3199.0;22.5;80.25;-30.0;0;0;14.48;114.97;113.72;2.31;118016.0;75.0;75.0;52.0;4461.0;979.11;0;6.0;1.0;0;1.0;0;0;1.0;0;0;0;0;0;1.0;1.0;0;0;0;0;0
422596;0.72;1.00;75.0;3130.0;22.5;80.25;26.25;0;12.76;14.48;53.08;53.23;2.31;118016.0;75.0;74.0;52.0;4213.0;979.27;0;6.0;1.0;0;1.0;0;0;1.0;0;0;0;0;0;1.0;1.0;0;0;0;0;0
423118;0.68;1.00;73.0;3128.0;22.5;80.25;-30.0;0;0;14.48;23.98;22.81;2.31;118016.0;74.0;74.0;52.0;4249.0;979.30;0;6.0;1.0;0;1.0;0;0;1.0;0;0;0;0;0;1.0;1.0;0;0;0;0;0
423687;0.68;1.00;73.0;3117.0;22.5;80.25;-30.0;0;0;14.48;13.45;11.40;2.31;118016.0;74.0;73.0;52.0;4228.0;979.42;0;6.0;1.0;0;1.0;0;0;1.0;0;0;0;0;0;1.0;1.0;0;0;0;0;0
424256;1.05;1.00;73.0;3136.0;22.5;80.25;32.25;1.96;8.02;14.48;5.70;5.09;2.31;118016.0;74.0;74.0;52.0;4214.0;979.73;878.89;6.0;1.0;0;1.0;0;0;1.0;0;0;0;0;0;1.0;1.0;0;0;0;0;0
424780;0.72;1.00;73.0;3126.0;22.5;80.25;36.0;0.39;6.36;14.58;2.77;2.46;2.31;118016.0;74.0;74.0;52.0;4353.0;979.93;800.77;6.0;1.0;0;1.0;0;0;1.0;0;0;0;0;0;1.0;1.0;0;0;0;0;0
425294;0.76;1.00;73.0;3113.0;22.5;80.25;40.5;0;14.26;14.48;1.30;1.13;2.31;118016.0;74.0;74.0;52.0;4468.0;980.09;742.17;6.0;1.0;0;1.0;0;0;1.0;0;0;0;0;0;1.0;1.0;0;0;0;0;0
425800;0.65;1.00;73.0;3111.0;22.5;80.25;-30.0;0;0;14.48;0.52;1.62;2.31;118016.0;74.0;73.0;52.0;4512.0;980.16;0;6.0;1.0;0;1.0;0;0;1.0;0;0;0;0;0;1.0;1.0;0;0;0;0;0
426324;0.64;1.00;73.0;3099.0;22.5;80.25;-30.0;0;0;14.39;0.19;1.95;2.31;118016.0;74.0;73.0;52.0;4515.0;980.24;0;6.0;1.0;0;1.0;0;0;1.0;0;0;0;0;0;1.0;1.0;0;0;0;0;0
426844;0.77;1.00;73.0;3083.0;22.5;80.25;36.0;0.78;6.16;14.39;1.44;0.89;2.31;118016.0;74.0;73.0;52.0;4230.0;980.28;0;6.0;1.0;0;1.0;0;0;1.0;0;0;0;0;0;1.0;1.0;0;0;0;0;0
427365;0.78;1.00;73.0;3104.0;22.5;80.25;35.25;0.78;6.23;14.48;0.64;1.99;2.31;118016.0;73.0;73.0;52.0;4252.0;980.32;58.59;6.0;1.0;0;1.0;0;0;1.0;0;0;0;0;0;1.0;1.0;0;0;0;0;0
427884;0.80;1.00;72.0;3093.0;22.5;80.25;35.25;1.17;6.50;14.48;0.25;0.91;2.31;118016.0;73.0;73.0;52.0;4379.0;980.36;800.77;6.0;1.0;0;1.0;0;0;1.0;0;0;0;0;0;1.0;1.0;0;0;0;0;0
428409;1.12;0.98;73.0;3117.0;22.5;80.25;36.0;2.35;9.13;14.48;0;0.31;2.31;118016.0;73.0;74.0;52.0;4475.0;980.48;878.89;6.0;1.0;0;1.0;0;0;1.0;0;0;0;0;0;1.0;1.0;0;0;0;0;0
428932;1.15;0.96;73.0;3099.0;22.5;80.25;35.25;2.35;9.83;14.48;0;0.05;2.31;118016.0;73.0;73.0;52.0;4493.0;980.59;859.36;6.0;1.0;0;1.0;0;0;1.0;0;0;0;0;0;1.0;1.0;0;0;0;0;0
429441;1.16;0.95;73.0;3146.0;22.5;80.25;36.0;2.74;9.98;14.58;0;0;2.31;118016.0;73.0;74.0;52.0;4511.0;980.75;859.36;6.0;1.0;0;1.0;0;0;1.0;0;0;0;0;0;1.0;1.0;0;0;0;0;0
429997;1.03;0.93;73.0;3156.0;22.5;80.25;36.0;2.35;9.08;14.39;0;1.85;2.31;118016.0;73.0;74.0;52.0;4521.0;981.02;839.83;6.0;1.0;0;1.0;0;0;1.0;0;0;0;0;0;1.0;1.0;0;0;0;0;0
430532;0.64;1.00;72.0;3074.0;22.5;79.5;-30.0;0;0;14.58;0;0.68;2.31;118016.0;73.0;72.0;52.0;4547.0;981.14;0;6.0;1.0;0;1.0;0;0;1.0;0;0;0;0;0;1.0;1.0;0;0;0;0;0
431056;0.65;1.00;71.0;2997.0;23.25;79.5;-30.0;0;0;14.48;0;0.29;2.31;118016.0;71.0;71.0;52.0;4589.0;981.30;0;6.0;1.0;0;1.0;0;0;1.0;0;0;0;0;0;1.0;1.0;0;0;0;0;0
431601;0.65;1.00;70.0;2944.0;23.25;79.5;-30.0;0;0;14.58;0;0.03;2.31;118016.0;70.0;69.0;52.0;4607.0;981.37;0;6.0;1.0;0;1.0;0;0;1.0;0;0;0;0;0;1.0;1.0;0;0;0;0;0
432125;1.16;1.00;68.0;2929.0;23.25;79.5;27.0;2.35;8.81;14.48;0;2.20;2.31;118016.0;68.0;69.0;52.0;4205.0;981.45;664.05;6.0;1.0;0;1.0;0;0;1.0;0;0;0;0;0;1.0;1.0;0;0;0;0;0
432681;1.19;1.00;67.0;2864.0;23.25;79.5;32.25;2.35;9.55;14.48;0;3.30;2.31;118016.0;67.0;67.0;52.0;4298.0;981.49;878.89;6.0;1.0;0;1.0;0;0;1.0;0;0;0;0;0;1.0;1.0;0;0;0;0;0
433187;0.69;1.00;66.0;2826.0;23.25;79.5;-30.0;0;0;14.58;1.07;1.40;2.31;118016.0;67.0;66.0;52.0;4440.0;981.53;761.70;6.0;1.0;0;1.0;0;0;1.0;0;0;0;0;0;1.0;1.0;0;0;0;0;0
433712;0.70;1.00;65.0;2772.0;23.25;79.5;-30.0;0;0;14.48;0.48;0.70;2.31;118016.0;66.0;66.0;52.0;4455.0;981.57;0;6.0;1.0;0;1.0;0;0;1.0;0;0;0;0;0;1.0;1.0;0;0;0;0;0
434222;0.71;1.00;63.0;2712.0;23.25;79.5;-30.0;0;0;14.58;0.21;0.29;2.31;118016.0;64.0;64.0;52.0;4411.0;981.57;0;6.0;1.0;0;1.0;0;0;1.0;0;0;0;0;0;1.0;1.0;0;0;0;0;0
434745;1.64;1.00;63.0;2710.0;23.25;79.5;11.25;3.13;9.46;14.58;1.91;1.62;2.31;118016.0;63.0;64.0;52.0;4177.0;981.57;820.30;6.0;1.0;0;1.0;0;0;1.0;0;0;0;0;0;1.0;1.0;0;0;0;0;0
435266;0.73;1.00;62.0;2665.0;23.25;79.5;-30.0;0;0;14.58;0.99;0.82;2.31;118016.0;63.0;63.0;52.0;4251.0;981.61;78.12;6.0;1.0;0;1.0;0;0;1.0;0;0;0;0;0;1.0;1.0;0;0;0;0;0
435781;0.76;1.00;61.0;2581.0;23.25;79.5;-30.0;0;0;14.58;0.46;0.39;2.31;118016.0;61.0;61.0;52.0;4263.0;981.65;0;6.0;1.0;0;1.0;0;0;1.0;0;0;0;0;0;1.0;1.0;0;0;0;0;0
436305;0.88;1.00;58.0;2468.0;23.25;79.5;15.75;0;12.79;14.48;2.28;4.57;2.31;118016.0;59.0;58.0;62.0;4195.0;981.88;19.53;6.0;1.0;0;1.0;0;0;1.0;0;0;0;0;0;1.0;1.0;0;0;0;0;0
436861;0.93;1.00;57.0;2445.0;23.25;79.5;24.75;0.78;7.40;14.48;44.52;66.57;2.31;118016.0;57.0;57.0;52.0;4368.0;981.84;820.30;6.0;1.0;0;1.0;0;0;1.0;0;0;0;0;0;1.0;1.0;0;0;0;0;0
437454;1.92;0.98;57.0;2414.0;23.25;79.5;6.75;3.92;11.02;14.58;26.24;78.02;2.31;118016.0;57.0;57.0;52.0;4408.0;981.80;859.36;6.0;1.0;0;1.0;0;0;1.0;0;0;0;0;0;1.0;1.0;0;0;0;0;0
437972;2.84;0.98;58.0;2533.0;23.25;79.5;21.0;8.23;21.47;14.58;13.86;41.40;2.31;118016.0;59.0;59.0;52.0;4443.0;981.96;859.36;6.0;1.0;0;1.0;0;0;1.0;0;0;0;0;0;1.0;1.0;0;0;0;0;0
438502;2.76;0.94;61.0;2596.0;23.25;79.5;27.0;9.02;22.96;14.39;9.06;23.10;2.31;118016.0;60.0;61.0;52.0;4502.0;982.00;781.24;6.0;1.0;0;1.0;0;0;1.0;0;0;0;0;0;1.0;1.0;0;0;0;0;0
439025;2.81;0.91;63.0;2695.0;23.25;79.5;27.75;10.58;24.65;14.48;4.45;11.56;2.31;118016.0;62.0;63.0;52.0;4536.0;982.16;78.12;6.0;1.0;0;1.0;0;0;1.0;0;0;0;0;0;1.0;1.0;0;0;0;0;0
439566;2.40;1.00;65.0;2765.0;23.25;79.5;30.0;7.05;19.95;14.48;2.42;6.07;2.31;118016.0;64.0;65.0;52.0;4536.0;982.16;644.52;6.0;1.0;0;1.0;0;0;1.0;0;0;0;0;0;1.0;1.0;0;0;0;0;0
440090;2.32;0.98;66.0;2808.0;23.25;79.5;31.5;6.27;19.02;14.58;1.19;4.86;2.31;118016.0;65.0;66.0;52.0;4520.0;982.35;839.83;6.0;1.0;0;1.0;0;0;1.0;0;0;0;0;0;1.0;1.0;0;0;0;0;0
440693;2.17;0.95;67.0;2870.0;23.25;79.5;32.25;6.27;18.41;14.48;0.46;2.22;2.31;118016.0;67.0;68.0;52.0;4517.0;982.51;839.83;6.0;1.0;0;1.0;0;0;1.0;0;0;0;0;0;1.0;1.0;0;0;0;0;0
441234;2.03;0.91;68.0;2929.0;23.25;79.5;33.0;6.27;18.03;14.48;0.13;0.91;2.31;118016.0;68.0;69.0;52.0;4524.0;982.62;664.05;6.0;1.0;0;1.0;0;0;1.0;0;0;0;0;0;1.0;1.0;0;0;0;0;0
441779;1.65;0.87;70.0;2964.0;23.25;79.5;33.75;4.70;15.33;14.48;0;0.39;2.31;118016.0;69.0;70.0;52.0;4520.0;982.62;683.58;6.0;1.0;0;1.0;0;0;1.0;0;0;0;0;0;1.0;1.0;0;0;0;0;0
442353;1.56;0.87;71.0;3038.0;23.25;79.5;34.5;4.70;14.57;14.58;0;0.07;2.31;118016.0;71.0;71.0;52.0;4510.0;982.70;156.24;6.0;1.0;0;1.0;0;0;1.0;0;0;0;0;0;1.0;1.0;0;0;0;0;0
442876;1.64;0.90;72.0;3068.0;23.25;79.5;35.25;4.70;14.74;14.39;0;0;2.31;118016.0;72.0;72.0;52.0;4516.0;982.74;761.70;6.0;1.0;0;1.0;0;0;1.0;0;0;0;0;0;1.0;1.0;0;0;0;0;0
443487;1.58;0.89;73.0;3102.0;23.25;79.5;35.25;4.70;14.39;14.58;0;1.85;2.31;118016.0;73.0;73.0;52.0;4503.0;982.78;800.77;6.0;1.0;0;1.0;0;0;1.0;0;0;0;0;0;1.0;1.0;0;0;0;0;0
444010;1.42;0.86;73.0;3143.0;23.25;79.5;36.0;4.31;13.28;14.58;1.85;2.30;2.31;118016.0;73.0;74.0;52.0;4516.0;982.82;761.70;6.0;1.0;0;1.0;0;0;1.0;0;0;0;0;0;1.0;1.0;0;0;0;0;0
444558;1.38;0.84;73.0;3137.0;23.25;79.5;35.25;3.92;13.30;14.48;2.73;2.69;2.31;118016.0;73.0;74.0;52.0;4505.0;982.82;332.02;6.0;1.0;0;1.0;0;0;1.0;0;0;0;0;0;1.0;1.0;0;0;0;0;0
445081;1.36;0.85;73.0;3149.0;23.25;79.5;36.0;3.92;12.90;14.48;1.26;2.87;2.31;118016.0;74.0;74.0;52.0;4522.0;982.82;39.06;6.0;1.0;0;1.0;0;0;1.0;0;0;0;0;0;1.0;1.0;0;0;0;0;0
445602;1.04;0.87;75.0;3168.0;23.25;79.5;36.0;2.74;10.08;14.58;1.69;1.11;2.31;118016.0;74.0;75.0;52.0;4524.0;982.86;800.77;6.0;1.0;0;1.0;0;0;1.0;0;0;0;0;0;1.0;1.0;0;0;0;0;0
446112;0.60;0.87;73.0;3135.0;23.25;79.5;36.0;0.78;5.94;14.58;0.76;0.50;2.31;118016.0;74.0;74.0;52.0;4513.0;982.86;292.96;6.0;1.0;0;1.0;0;0;1.0;0;0;0;0;0;1.0;1.0;0;0;0;0;0
446635;1.27;0.88;73.0;3174.0;23.25;79.5;36.0;3.52;11.72;14.48;2.16;0.17;2.31;118016.0;73.0;74.0;52.0;4504.0;982.94;605.46;6.0;1.0;0;1.0;0;0;1.0;0;0;0;0;0;1.0;1.0;0;0;0;0;0
447148;1.44;0.88;73.0;3126.0;23.25;79.5;36.0;4.31;13.44;14.58;0.99;1.60;2.31;118016.0;73.0;74.0;52.0;4502.0;982.98;78.12;6.0;1.0;0;1.0;0;0;1.0;0;0;0;0;0;1.0;1.0;0;0;0;0;0
447671;1.58;0.90;75.0;3157.0;23.25;79.5;36.75;4.70;14.21;14.58;0.39;0.70;2.31;118016.0;74.0;75.0;52.0;4502.0;983.25;800.77;6.0;1.0;0;1.0;0;0;1.0;0;0;0;0;0;1.0;1.0;0;0;0;0;0
448196;1.57;0.88;75.0;3193.0;23.25;79.5;36.75;4.70;14.40;14.48;0.05;1.26;2.31;118016.0;75.0;75.0;52.0;4511.0;983.41;800.77;6.0;1.0;0;1.0;0;0;1.0;0;0;0;0;0;1.0;1.0;0;0;0;0;0
448762;1.52;0.85;75.0;3189.0;23.25;79.5;36.75;4.70;14.42;14.58;2.08;0.54;2.31;118016.0;74.0;75.0;52.0;4514.0;983.52;273.43;6.0;1.0;0;1.0;0;0;1.0;0;0;0;0;0;1.0;1.0;0;0;0;0;0
449316;1.6;0.87;75.0;3203.0;23.25;79.5;36.75;4.70;14.71;14.48;0.95;0.19;2.31;118016.0;75.0;75.0;52.0;4515.0;983.64;175.77;6.0;1.0;0;1.0;0;0;1.0;0;0;0;0;0;1.0;1.0;0;0;0;0;0
449825;1.63;0.88;76.0;3259.0;23.25;80.25;37.5;5.09;15.03;14.58;0.31;0;2.31;118016.0;76.0;76.0;52.0;4506.0;983.80;800.77;6.0;1.0;0;1.0;0;0;1.0;0;0;0;0;0;1.0;1.0;0;0;0;0;0
450349;1.77;0.84;77.0;3328.0;23.25;80.25;38.25;5.88;17.08;14.48;1.24;0;2.31;118016.0;77.0;78.0;52.0;4518.0;983.87;624.99;6.0;1.0;0;1.0;0;0;1.0;0;0;0;0;0;1.0;1.0;0;0;0;0;0
450863;1.77;0.84;78.0;3341.0;23.25;80.25;38.25;5.88;17.03;14.48;0.54;0;2.31;118016.0;79.0;79.0;52.0;4506.0;983.95;78.12;6.0;1.0;0;1.0;0;0;1.0;0;0;0;0;0;1.0;1.0;0;0;0;0;0
451384;1.12;1.00;80.0;3352.0;23.25;80.25;38.25;2.74;9.65;14.48;1.79;0;2.31;118016.0;79.0;80.0;52.0;4538.0;983.99;878.89;6.0;1.0;0;1.0;0;0;1.0;0;0;0;0;0;1.0;1.0;0;0;0;0;0
451908;1.0;0.98;80.0;3377.0;23.25;80.25;39.0;2.35;8.54;14.48;0.62;0;2.31;118016.0;80.0;79.0;52.0;4527.0;984.03;878.89;6.0;1.0;0;1.0;0;0;1.0;0;0;0;0;0;1.0;1.0;0;0;0;0;0
452420;0.65;0.96;78.0;3373.0;23.25;80.25;39.0;0.78;5.69;14.58;0.21;0;2.31;118016.0;79.0;79.0;52.0;4529.0;984.07;859.36;6.0;1.0;0;1.0;0;0;1.0;0;0;0;0;0;1.0;1.0;0;0;0;0;0
452942;0.6;1.00;78.0;3318.0;23.25;80.25;-30.0;0;0;14.58;0;1.75;2.31;118016.0;79.0;79.0;52.0;4534.0;984.07;195.31;6.0;1.0;0;1.0;0;0;1.0;0;0;0;0;0;1.0;1.0;0;0;0;0;0
453512;0.6;1.00;77.0;3275.0;23.25;80.25;-30.0;0;0;14.58;0;0.78;2.31;118016.0;78.0;78.0;52.0;4531.0;984.07;0;6.0;1.0;0;1.0;0;0;1.0;0;0;0;0;0;1.0;1.0;0;0;0;0;0
454074;0.6;1.00;76.0;3219.0;23.25;80.25;-30.0;0;0;14.58;1.56;0.23;2.31;118016.0;76.0;76.0;52.0;4523.0;984.34;0;6.0;1.0;0;1.0;0;0;1.0;0;0;0;0;0;1.0;1.0;0;0;0;0;0
454596;0.62;1.00;75.0;3183.0;23.25;80.25;-30.0;0;0;14.58;0.56;3.47;2.31;118016.0;76.0;75.0;52.0;4521.0;984.46;0;6.0;1.0;0;1.0;0;0;1.0;0;0;0;0;0;1.0;1.0;0;0;0;0;0
455108;0.64;1.00;75.0;3141.0;23.25;80.25;-30.0;0;0;14.58;0.21;1.66;2.31;118016.0;75.0;74.0;52.0;4509.0;984.73;19.53;6.0;1.0;0;1.0;0;0;1.0;0;0;0;0;0;1.0;1.0;0;0;0;0;0
455669;0.65;1.00;73.0;3094.0;23.25;80.25;-30.0;0;0;14.58;0;2.36;2.31;118016.0;73.0;73.0;52.0;4516.0;984.81;19.53;6.0;1.0;0;1.0;0;0;1.0;0;0;0;0;0;1.0;1.0;0;0;0;0;0
456226;0.65;1.00;72.0;3079.0;23.25;80.25;-30.0;0;0;14.58;0;2.42;2.31;118016.0;73.0;72.0;52.0;4523.0;985.01;39.06;6.0;1.0;0;1.0;0;0;1.0;0;0;0;0;0;1.0;1.0;0;0;0;0;0
456751;0.66;1.00;71.0;3020.0;23.25;80.25;-30.0;0.39;0;14.58;2.20;3.02;2.31;118016.0;72.0;71.0;52.0;4428.0;985.09;39.06;6.0;1.0;0;1.0;0;0;1.0;0;0;0;0;0;1.0;1.0;0;0;0;0;0
457259;2.32;1.00;71.0;3162.0;23.25;80.25;7.5;5.88;11.69;14.58;1.01;1.42;2.31;118016.0;71.0;71.0;52.0;4184.0;985.16;898.42;6.0;1.0;0;1.0;0;0;1.0;0;0;0;0;0;1.0;1.0;0;0;0;0;0
457783;2.09;0.96;72.0;3085.0;23.25;80.25;18.75;5.49;14.37;14.48;0.35;0.54;2.31;118016.0;72.0;73.0;52.0;4331.0;985.20;878.89;6.0;1.0;0;1.0;0;0;1.0;0;0;0;0;0;1.0;1.0;0;0;0;0;0
458372;1.85;0.93;73.0;3126.0;23.25;81.0;30.0;5.49;15.33;14.58;2.44;7.10;2.31;118016.0;73.0;74.0;51.0;4453.0;985.24;859.36;6.0;1.0;0;1.0;0;0;1.0;0;0;0;0;0;1.0;1.0;0;0;0;0;0
458900;1.64;0.89;75.0;3217.0;23.25;81.0;36.75;4.70;14.71;14.39;72.14;79.64;2.31;118016.0;75.0;76.0;51.0;4493.0;985.28;839.83;6.0;1.0;0;1.0;0;0;1.0;0;0;0;0;0;1.0;1.0;0;0;0;0;0
459399;1.48;0.87;76.0;3230.0;23.25;81.0;37.5;4.31;13.76;14.48;74.48;108.15;2.31;118016.0;75.0;76.0;51.0;4516.0;985.36;800.77;6.0;1.0;0;1.0;0;0;1.0;0;0;0;0;0;1.0;1.0;0;0;0;0;0
459921;1.44;0.84;76.0;3224.0;23.25;81.0;37.5;4.31;13.79;14.48;161.35;197.83;2.31;118016.0;75.0;77.0;51.0;4519.0;985.48;566.39;6.0;1.0;0;1.0;0;0;1.0;0;0;0;0;0;1.0;1.0;0;0;0;0;0
460446;1.32;0.84;76.0;3224.0;23.25;80.25;37.5;3.92;12.84;14.58;255.68;245.51;2.31;118016.0;76.0;76.0;52.0;4516.0;985.55;234.37;6.0;1.0;0;1.0;0;0;1.0;0;0;0;0;0;1.0;1.0;0;0;0;0;0
460970;1.26;0.87;76.0;3189.0;23.25;80.25;36.75;3.52;11.96;14.48;134.54;133.66;2.31;118016.0;75.0;76.0;52.0;4521.0;985.75;117.18;6.0;1.0;0;1.0;0;0;1.0;0;0;0;0;0;1.0;1.0;0;0;0;0;0
461475;1.72;0.88;76.0;3223.0;23.25;80.25;37.5;5.49;15.80;14.58;61.57;61.87;2.31;118016.0;76.0;76.0;52.0;4499.0;985.98;390.62;6.0;1.0;0;1.0;0;0;1.0;0;0;0;0;0;1.0;1.0;0;0;0;0;0
462040;1.78;0.88;76.0;3259.0;23.25;80.25;37.5;5.49;16.26;14.58;29.37;33.92;2.31;118016.0;76.0;77.0;52.0;4498.0;986.14;820.30;6.0;1.0;0;1.0;0;0;1.0;0;0;0;0;0;1.0;1.0;0;0;0;0;0
462593;1.64;0.84;77.0;3303.0;23.25;80.25;38.25;5.49;15.71;14.48;16.32;18.22;2.31;118016.0;77.0;78.0;52.0;4514.0;986.26;800.77;6.0;1.0;0;1.0;0;0;1.0;0;0;0;0;0;1.0;1.0;0;0;0;0;0
463114;1.46;0.81;78.0;3312.0;23.25;81.0;38.25;4.70;14.61;14.39;38.25;121.51;2.31;118016.0;78.0;78.0;51.0;4509.0;986.37;136.71;6.0;1.0;0;1.0;0;0;1.0;0;0;0;0;0;1.0;1.0;0;0;0;0;0
463670;1.40;0.84;78.0;3336.0;23.25;81.0;38.25;4.31;13.55;14.58;146.49;121.51;2.31;118016.0;78.0;79.0;51.0;4529.0;986.41;58.59;6.0;1.0;0;1.0;0;0;1.0;0;0;0;0;0;1.0;1.0;0;0;0;0;0
464194;1.22;0.86;78.0;3365.0;23.25;81.0;39.0;3.52;11.56;14.39;154.11;180.00;2.31;118016.0;78.0;79.0;51.0;4520.0;986.49;781.24;6.0;1.0;0;1.0;0;0;1.0;0;0;0;0;0;1.0;1.0;0;0;0;0;0
464718;0.96;0.85;78.0;3344.0;23.25;81.0;38.25;2.35;9.17;14.58;131.65;162.21;2.31;118016.0;78.0;79.0;51.0;4525.0;986.49;839.83;6.0;1.0;0;1.0;0;0;1.0;0;0;0;0;0;1.0;1.0;0;0;0;0;0
465300;1.0;0.83;77.0;3300.0;23.25;81.0;38.25;2.74;9.79;14.58;142.47;147.37;2.31;118016.0;77.0;78.0;51.0;4506.0;986.53;585.93;6.0;1.0;0;1.0;0;0;1.0;0;0;0;0;0;1.0;1.0;0;0;0;0;0
465863;0.96;0.83;77.0;3266.0;23.25;81.0;37.5;2.35;9.28;14.48;217.93;232.68;2.31;118016.0;76.0;77.0;51.0;4520.0;986.53;195.31;6.0;1.0;0;1.0;0;0;1.0;0;0;0;0;0;1.0;1.0;0;0;0;0;0
466373;1.23;0.85;76.0;3248.0;23.25;81.0;37.5;3.52;11.80;14.58;283.14;274.18;2.31;118016.0;76.0;76.0;51.0;4511.0;986.57;39.06;6.0;1.0;0;1.0;0;0;1.0;0;0;0;0;0;1.0;1.0;0;0;0;0;0
466959;1.29;0.87;76.0;3231.0;23.25;81.0;37.5;3.92;12.09;14.58;302.46;321.79;2.31;118016.0;75.0;76.0;51.0;4506.0;986.57;58.59;6.0;1.0;0;1.0;0;0;1.0;0;0;0;0;0;1.0;1.0;0;0;0;0;0
467533;1.37;0.89;75.0;3185.0;23.25;81.0;36.75;3.92;12.57;14.48;342.28;338.29;2.31;118016.0;75.0;76.0;51.0;4501.0;986.73;742.17;6.0;1.0;0;1.0;0;0;1.0;0;0;0;0;0;1.0;1.0;0;0;0;0;0
468060;1.16;0.87;75.0;3152.0;23.25;81.0;36.75;3.13;11.02;14.58;346.38;343.49;2.31;118016.0;75.0;75.0;51.0;4521.0;986.77;820.30;6.0;1.0;0;1.0;0;0;1.0;0;0;0;0;0;1.0;1.0;0;0;0;0;0
468800;1.11;0.85;75.0;3180.0;23.25;81.0;36.75;3.13;10.52;14.48;318.47;314.21;2.31;118016.0;74.0;75.0;51.0;4520.0;986.88;781.24;6.0;1.0;0;1.0;0;0;1.0;0;0;0;0;0;1.0;1.0;0;0;0;0;0
469370;1.05;0.84;73.0;3096.0;23.25;81.0;36.0;2.74;10.26;14.48;266.01;303.16;2.31;118016.0;74.0;74.0;51.0;4522.0;987.04;410.15;6.0;1.0;0;1.0;0;0;1.0;0;0;0;0;0;1.0;1.0;0;0;0;0;0
469956;1.01;0.84;75.0;3161.0;23.25;81.0;36.75;2.74;9.87;14.58;223.01;281.99;2.31;118017.0;74.0;75.0;51.0;4510.0;987.27;781.24;6.0;1.0;0;1.0;0;0;1.0;0;0;0;0;0;1.0;1.0;0;0;0;0;0
470493;1.01;0.84;73.0;3166.0;23.25;81.0;36.0;2.74;9.86;14.39;204.57;230.62;2.31;118017.0;74.0;74.0;51.0;4509.0;987.43;781.24;6.0;1.0;0;1.0;0;0;1.0;0;0;0;0;0;1.0;1.0;0;0;0;0;0
471049;0.99;0.84;73.0;3111.0;23.25;81.0;36.0;2.35;9.74;14.48;158.01;182.33;2.31;118017.0;73.0;74.0;51.0;4514.0;987.55;39.06;6.0;1.0;0;1.0;0;0;1.0;0;0;0;0;0;1.0;1.0;0;0;0;0;0
471576;1.02;0.85;72.0;3077.0;23.25;81.0;35.25;2.35;9.83;14.48;200.08;250.27;2.31;118017.0;73.0;73.0;51.0;4515.0;987.66;644.52;6.0;1.0;0;1.0;0;0;1.0;0;0;0;0;0;1.0;1.0;0;0;0;0;0
472095;0.98;0.85;72.0;3098.0;23.25;81.0;35.25;2.35;9.36;14.39;282.07;279.37;2.31;118017.0;73.0;73.0;51.0;4522.0;987.78;781.24;6.0;1.0;0;1.0;0;0;1.0;0;0;0;0;0;1.0;1.0;0;0;0;0;0
472621;0.96;0.85;72.0;3059.0;23.25;81.0;35.25;2.35;9.20;14.58;317.69;316.13;2.31;118017.0;73.0;73.0;51.0;4512.0;987.86;761.70;6.0;1.0;0;1.0;0;0;1.0;0;0;0;0;0;1.0;1.0;0;0;0;0;0
473179;0.93;0.85;72.0;3036.0;23.25;81.0;34.5;1.96;9.01;14.48;320.11;337.41;2.31;118017.0;72.0;72.0;51.0;4512.0;988.02;58.59;6.0;1.0;0;1.0;0;0;1.0;0;0;0;0;0;1.0;1.0;0;0;0;0;0
473703;0.94;0.86;71.0;3055.0;23.25;81.0;34.5;1.96;8.96;14.58;328.90;327.79;2.31;118017.0;71.0;72.0;51.0;4500.0;988.13;39.06;6.0;1.0;0;1.0;0;0;1.0;0;0;0;0;0;1.0;1.0;0;0;0;0;0
474215;1.27;0.88;72.0;3138.0;23.25;81.0;35.25;3.52;11.74;14.58;309.29;329.43;2.31;118017.0;72.0;72.0;51.0;4505.0;988.41;117.18;6.0;1.0;0;1.0;0;0;1.0;0;0;0;0;0;1.0;1.0;0;0;0;0;0
474738;1.36;0.90;72.0;3092.0;23.25;81.0;36.0;3.52;12.34;14.58;305.27;272.22;2.31;118017.0;72.0;73.0;51.0;4511.0;988.52;781.24;6.0;1.0;0;1.0;0;0;1.0;0;0;0;0;0;1.0;1.0;0;0;0;0;0
475249;1.30;0.89;73.0;3118.0;23.25;81.0;36.0;3.52;11.93;14.48;303.65;286.95;2.31;118017.0;73.0;73.0;51.0;4512.0;988.68;820.30;6.0;1.0;0;1.0;0;0;1.0;0;0;0;0;0;1.0;1.0;0;0;0;0;0
475773;1.24;0.87;73.0;3124.0;23.25;81.0;36.0;3.52;11.66;14.48;223.67;274.43;2.31;118017.0;73.0;74.0;51.0;4515.0;988.80;820.30;6.0;1.0;0;1.0;0;0;1.0;0;0;0;0;0;1.0;1.0;0;0;0;0;0
476293;1.17;0.86;75.0;3177.0;23.25;81.0;36.0;3.13;11.12;14.48;219.84;210.76;2.31;118017.0;74.0;75.0;51.0;4518.0;988.87;781.24;6.0;1.0;0;1.0;0;0;1.0;0;0;0;0;0;1.0;1.0;0;0;0;0;0
476820;1.15;0.84;73.0;3164.0;23.25;81.0;36.0;3.13;11.16;14.58;204.40;193.54;2.31;118017.0;73.0;74.0;51.0;4517.0;988.91;234.37;6.0;1.0;0;1.0;0;0;1.0;0;0;0;0;0;1.0;1.0;0;0;0;0;0
477323;1.15;0.85;75.0;3141.0;23.25;81.0;36.0;3.13;10.94;14.48;200.06;239.90;2.31;118017.0;75.0;75.0;51.0;4501.0;988.95;39.06;6.0;1.0;0;1.0;0;0;1.0;0;0;0;0;0;1.0;1.0;0;0;0;0;0
477863;1.12;0.87;75.0;3188.0;23.25;81.0;36.75;3.13;10.56;14.48;267.36;302.14;2.31;118017.0;75.0;75.0;51.0;4515.0;988.95;488.27;6.0;1.0;0;1.0;0;0;1.0;0;0;0;0;0;1.0;1.0;0;0;0;0;0
478362;1.12;0.87;75.0;3195.0;23.25;81.0;36.75;3.13;10.53;14.48;318.51;334.47;2.31;118017.0;75.0;75.0;51.0;4508.0;988.99;800.77;6.0;1.0;0;1.0;0;0;1.0;0;0;0;0;0;1.0;1.0;0;0;0;0;0
478885;0.57;0.85;75.0;3157.0;23.25;81.0;36.75;1.17;6.36;14.48;308.47;346.63;2.31;118017.0;75.0;75.0;51.0;4529.0;989.15;800.77;6.0;1.0;0;1.0;0;0;1.0;0;0;0;0;0;1.0;1.0;0;0;0;0;0
479418;0.64;1.00;73.0;3133.0;23.25;81.0;-30.0;0;0;14.48;326.83;344.11;2.31;118017.0;74.0;74.0;51.0;4552.0;989.27;19.53;6.0;1.0;0;1.0;0;0;1.0;0;0;0;0;0;1.0;1.0;0;0;0;0;0
479942;0.64;1.00;73.0;3109.0;23.25;81.0;-30.0;0;0;14.48;293.28;312.08;2.31;118017.0;74.0;73.0;51.0;4555.0;989.42;0;6.0;1.0;0;1.0;0;0;1.0;0;0;0;0;0;1.0;1.0;0;0;0;0;0
480454;0.91;1.00;72.0;3097.0;23.25;81.0;34.5;1.56;7.31;14.48;288.94;296.07;2.31;118017.0;73.0;72.0;51.0;4240.0;989.70;19.53;6.0;1.0;0;1.0;0;0;1.0;0;0;0;0;0;1.0;1.0;0;0;0;0;0
480978;0.97;1.00;72.0;3085.0;23.25;81.0;35.25;1.56;7.79;14.58;290.23;302.01;2.31;118017.0;73.0;73.0;51.0;4243.0;989.81;878.89;6.0;1.0;0;1.0;0;0;1.0;0;0;0;0;0;1.0;1.0;0;0;0;0;0
481477;0.98;0.99;72.0;3096.0;23.25;81.0;35.25;1.56;8.06;14.58;286.56;296.50;2.31;118017.0;73.0;73.0;51.0;4376.0;989.93;898.42;6.0;1.0;0;1.0;0;0;1.0;0;0;0;0;0;1.0;1.0;0;0;0;0;0
482011;1.06;0.97;72.0;3091.0;23.25;81.0;35.25;1.96;8.91;14.48;210.94;255.62;2.31;118017.0;73.0;73.0;51.0;4473.0;990.05;878.89;6.0;1.0;0;1.0;0;0;1.0;0;0;0;0;0;1.0;1.0;0;0;0;0;0
482535;1.05;0.96;73.0;3119.0;23.25;81.0;36.0;2.35;9.08;14.48;197.44;217.52;2.31;118017.0;74.0;73.0;51.0;4506.0;990.12;859.36;6.0;1.0;0;1.0;0;0;1.0;0;0;0;0;0;1.0;1.0;0;0;0;0;0
483048;1.11;0.94;73.0;3122.0;23.25;81.0;36.0;2.35;9.69;14.48;190.96;240.17;2.31;118017.0;74.0;74.0;51.0;4514.0;990.16;839.83;6.0;1.0;0;1.0;0;0;1.0;0;0;0;0;0;1.0;1.0;0;0;0;0;0
483599;1.20;0.93;73.0;3167.0;23.25;81.0;36.0;2.74;10.63;14.48;290.31;311.52;2.31;118017.0;74.0;74.0;51.0;4504.0;990.20;839.83;6.0;1.0;0;1.0;0;0;1.0;0;0;0;0;0;1.0;1.0;0;0;0;0;0
484163;1.26;0.91;75.0;3189.0;23.25;81.0;36.75;3.52;11.37;14.48;325.35;335.54;2.31;118017.0;75.0;75.0;51.0;4501.0;990.24;800.77;6.0;1.0;0;1.0;0;0;1.0;0;0;0;0;0;1.0;1.0;0;0;0;0;0
484686;1.33;0.88;76.0;3217.0;23.25;81.0;37.5;3.92;12.22;14.48;337.61;349.21;2.31;118017.0;76.0;76.0;51.0;4517.0;990.24;781.24;6.0;1.0;0;1.0;0;0;1.0;0;0;0;0;0;1.0;1.0;0;0;0;0;0
485210;1.29;0.86;77.0;3239.0;23.25;81.0;37.5;3.92;12.38;14.58;346.16;352.16;2.31;118017.0;76.0;77.0;51.0;4515.0;990.48;722.64;6.0;1.0;0;1.0;0;0;1.0;0;0;0;0;0;1.0;1.0;0;0;0;0;0
485765;1.28;0.84;77.0;3271.0;23.25;81.0;38.25;3.92;12.43;14.48;351.20;329.47;2.31;118017.0;78.0;78.0;51.0;4509.0;990.63;546.86;6.0;1.0;0;1.0;0;0;1.0;0;0;0;0;0;1.0;1.0;0;0;0;0;0
486286;1.55;0.85;78.0;3319.0;23.25;81.0;38.25;5.09;14.76;14.48;329.52;347.82;2.31;118017.0;78.0;78.0;51.0;4495.0;990.87;117.18;6.0;1.0;0;1.0;0;0;1.0;0;0;0;0;0;1.0;1.0;0;0;0;0;0
486853;1.73;0.88;80.0;3366.0;23.25;81.0;39.0;5.49;15.86;14.48;349.72;345.64;2.31;118017.0;79.0;80.0;51.0;4507.0;991.06;800.77;6.0;1.0;0;1.0;0;0;1.0;0;0;0;0;0;1.0;1.0;0;0;0;0;0
487473;1.68;0.84;81.0;3411.0;23.25;81.0;39.0;5.49;16.05;14.39;345.68;338.53;2.31;118017.0;80.0;81.0;51.0;4507.0;991.22;742.17;6.0;1.0;0;1.0;0;0;1.0;0;0;0;0;0;1.0;1.0;0;0;0;0;0
488038;1.60;0.79;81.0;3465.0;23.25;81.0;39.75;5.88;16.35;14.58;318.47;332.18;2.31;118017.0;81.0;82.0;51.0;4516.0;991.34;117.18;6.0;1.0;0;1.0;0;0;1.0;0;0;0;0;0;1.0;1.0;0;0;0;0;0
488609;1.69;0.84;82.0;3492.0;23.25;81.0;39.75;5.49;16.28;14.48;307.79;340.68;2.31;118017.0;82.0;82.0;51.0;4521.0;991.41;820.30;6.0;1.0;0;1.0;0;0;1.0;0;0;0;0;0;1.0;1.0;0;0;0;0;0
489133;1.26;0.83;82.0;3523.0;23.25;81.0;39.75;3.92;12.04;14.48;273.45;351.61;2.31;118017.0;83.0;83.0;51.0;4537.0;991.45;820.30;6.0;1.0;0;1.0;0;0;1.0;0;0;0;0;0;1.0;1.0;0;0;0;0;0
489631;1.2;0.81;82.0;3487.0;23.25;81.0;39.75;3.92;11.80;14.39;325.81;354.33;2.31;118017.0;82.0;83.0;51.0;4527.0;991.45;761.70;6.0;1.0;0;1.0;0;0;1.0;0;0;0;0;0;1.0;1.0;0;0;0;0;0
490155;1.04;0.80;82.0;3487.0;23.25;81.0;39.75;3.13;10.45;14.39;335.27;356.96;2.31;118017.0;82.0;83.0;51.0;4522.0;991.57;410.15;6.0;1.0;0;1.0;0;0;1.0;0;0;0;0;0;1.0;1.0;0;0;0;0;0
490691;1.05;0.80;82.0;3462.0;23.25;81.0;39.75;3.13;10.53;14.58;345.58;349.87;2.31;118017.0;82.0;82.0;51.0;4514.0;991.69;58.59;6.0;1.0;0;1.0;0;0;1.0;0;0;0;0;0;1.0;1.0;0;0;0;0;0
491297;1.12;0.82;81.0;3469.0;23.25;81.0;39.75;3.52;10.98;14.58;349.46;329.70;2.31;118017.0;81.0;81.0;51.0;4514.0;991.77;156.24;6.0;1.0;0;1.0;0;0;1.0;0;0;0;0;0;1.0;1.0;0;0;0;0;0
491823;1.22;0.84;81.0;3432.0;23.25;81.0;39.0;3.92;11.54;14.48;344.02;338.16;2.31;118017.0;81.0;81.0;51.0;4510.0;992.04;683.58;6.0;1.0;0;1.0;0;0;1.0;0;0;0;0;0;1.0;1.0;0;0;0;0;0
492379;1.45;0.83;80.0;3457.0;23.25;81.0;39.75;4.70;13.97;14.58;355.21;340.36;2.31;118017.0;80.0;81.0;51.0;4501.0;992.23;585.93;6.0;1.0;0;1.0;0;0;1.0;0;0;0;0;0;1.0;1.0;0;0;0;0;0
492903;1.49;0.83;81.0;3433.0;23.25;81.0;39.75;4.70;14.42;14.58;361.32;316.32;2.31;118017.0;81.0;81.0;51.0;4504.0;992.35;97.65;6.0;1.0;0;1.0;0;0;1.0;0;0;0;0;0;1.0;1.0;0;0;0;0;0
493415;1.54;0.86;81.0;3427.0;23.25;81.0;39.75;4.70;14.46;14.48;349.15;313.72;2.31;118017.0;81.0;81.0;51.0;4511.0;992.47;820.30;6.0;1.0;0;1.0;0;0;1.0;0;0;0;0;0;1.0;1.0;0;0;0;0;0
493939;1.41;0.83;81.0;3437.0;23.25;81.0;39.75;4.70;13.66;14.48;305.39;248.20;2.31;118017.0;81.0;81.0;51.0;4517.0;992.55;781.24;6.0;1.0;0;1.0;0;0;1.0;0;0;0;0;0;1.0;1.0;0;0;0;0;0
494449;1.05;0.81;80.0;3400.0;23.25;81.0;39.0;3.13;10.49;14.48;225.88;151.55;2.31;118017.0;80.0;81.0;51.0;4522.0;992.62;761.70;6.0;1.0;0;1.0;0;0;1.0;0;0;0;0;0;1.0;1.0;0;0;0;0;0
494973;1.01;0.80;80.0;3397.0;23.25;81.0;39.0;3.13;10.17;14.48;267.65;240.04;2.31;118017.0;80.0;80.0;51.0;4522.0;992.66;39.06;6.0;1.0;0;1.0;0;0;1.0;0;0;0;0;0;1.0;1.0;0;0;0;0;0
495497;1.07;0.82;78.0;3384.0;23.25;81.0;39.0;3.13;10.49;14.58;297.05;294.18;2.31;118017.0;79.0;79.0;51.0;4519.0;992.66;351.55;6.0;1.0;0;1.0;0;0;1.0;0;0;0;0;0;1.0;1.0;0;0;0;0;0
496057;1.12;0.84;78.0;3356.0;23.25;81.0;38.25;3.13;10.70;14.58;327.04;327.85;2.31;118017.0;79.0;79.0;51.0;4517.0;992.70;136.71;6.0;1.0;0;1.0;0;0;1.0;0;0;0;0;0;1.0;1.0;0;0;0;0;0
496580;1.14;0.85;77.0;3305.0;23.25;81.0;38.25;3.13;10.97;14.48;345.21;346.71;2.31;118017.0;78.0;78.0;51.0;4509.0;992.70;742.17;6.0;1.0;0;1.0;0;0;1.0;0;0;0;0;0;1.0;1.0;0;0;0;0;0
497100;0.96;0.83;77.0;3298.0;23.25;81.0;38.25;2.35;9.38;14.58;350.50;347.45;2.31;118017.0;78.0;78.0;51.0;4517.0;992.74;800.77;6.0;1.0;0;1.0;0;0;1.0;0;0;0;0;0;1.0;1.0;0;0;0;0;0
497626;0.78;0.82;77.0;3288.0;23.25;81.0;37.5;1.56;7.61;14.58;330.46;358.53;2.31;118017.0;77.0;77.0;51.0;4513.0;992.74;761.70;6.0;1.0;0;1.0;0;0;1.0;0;0;0;0;0;1.0;1.0;0;0;0;0;0
498155;0.96;0.80;76.0;3217.0;23.25;81.0;37.5;2.35;9.35;14.48;346.85;350.97;2.31;118017.0;76.0;77.0;51.0;4513.0;992.74;156.24;6.0;1.0;0;1.0;0;0;1.0;0;0;0;0;0;1.0;1.0;0;0;0;0;0
498675;0.99;0.81;76.0;3195.0;23.25;81.0;36.75;2.74;9.82;14.48;329.08;316.22;2.31;118017.0;76.0;76.0;51.0;4502.0;992.82;39.06;6.0;1.0;0;1.0;0;0;1.0;0;0;0;0;0;1.0;1.0;0;0;0;0;0
499174;1.16;0.83;76.0;3213.0;23.25;81.0;37.5;3.52;11.46;14.48;309.92;278.55;2.31;118017.0;76.0;76.0;51.0;4501.0;992.94;39.06;6.0;1.0;0;1.0;0;0;1.0;0;0;0;0;0;1.0;1.0;0;0;0;0;0
499717;1.46;0.85;76.0;3248.0;23.25;81.0;37.5;4.31;13.87;14.58;198.05;317.32;2.31;118017.0;76.0;76.0;51.0;4498.0;992.98;58.59;6.0;1.0;0;1.0;0;0;1.0;0;0;0;0;0;1.0;1.0;0;0;0;0;0
500273;1.52;0.88;76.0;3227.0;23.25;81.0;37.5;4.31;13.90;14.48;178.93;209.10;2.31;118017.0;76.0;77.0;51.0;4507.0;993.05;800.77;6.0;1.0;0;1.0;0;0;1.0;0;0;0;0;0;1.0;1.0;0;0;0;0;0
500783;1.28;0.85;76.0;3230.0;23.25;81.0;36.75;3.92;12.22;14.48;232.46;246.46;2.31;118017.0;76.0;77.0;51.0;4531.0;993.17;742.17;6.0;1.0;0;1.0;0;0;1.0;0;0;0;0;0;1.0;1.0;0;0;0;0;0
501307;1.26;0.84;76.0;3234.0;23.25;81.0;36.75;3.92;12.21;14.58;297.14;308.55;2.31;118017.0;77.0;77.0;51.0;4512.0;993.33;97.65;6.0;1.0;0;1.0;0;0;1.0;0;0;0;0;0;1.0;1.0;0;0;0;0;0
501830;2.12;0.87;77.0;3303.0;23.25;81.0;37.5;7.05;19.38;14.48;329.25;336.77;2.31;118017.0;77.0;78.0;51.0;4492.0;993.45;546.86;6.0;1.0;0;1.0;0;0;1.0;0;0;0;0;0;1.0;1.0;0;0;0;0;0
502365;2.26;0.87;78.0;3376.0;23.25;81.0;37.5;7.84;20.41;14.48;326.61;348.76;2.31;118017.0;78.0;79.0;51.0;4494.0;993.64;781.24;6.0;1.0;0;1.0;0;0;1.0;0;0;0;0;0;1.0;1.0;0;0;0;0;0
502923;2.12;0.84;80.0;3419.0;23.25;81.0;37.5;7.84;20.15;14.58;342.41;353.06;2.31;118017.0;80.0;81.0;51.0;4511.0;993.76;117.18;6.0;1.0;0;1.0;0;0;1.0;0;0;0;0;0;1.0;1.0;0;0;0;0;0
503435;2.44;0.90;82.0;3483.0;23.25;81.0;37.5;8.62;21.42;14.29;344.54;352.73;2.58;118017.0;81.0;82.0;51.0;4520.0;993.84;820.30;6.0;1.0;0;1.0;0;0;1.0;0;0;0;0;0;1.0;1.0;0;0;0;0;0
503959;2.39;0.88;83.0;3532.0;23.25;81.0;38.25;8.62;21.34;14.48;344.70;330.36;2.31;118017.0;82.0;83.0;51.0;4509.0;993.87;742.17;6.0;1.0;0;1.0;0;0;1.0;0;0;0;0;0;1.0;1.0;0;0;0;0;0
504480;2.22;0.84;85.0;3580.0;23.25;81.0;38.25;8.23;20.84;14.58;308.57;345.60;2.31;118017.0;83.0;85.0;51.0;4516.0;993.91;117.18;6.0;1.0;0;1.0;0;0;1.0;0;0;0;0;0;1.0;1.0;0;0;0;0;0
504992;2.32;0.90;85.0;3600.0;23.25;81.0;39.0;8.23;20.34;14.48;331.46;308.20;2.31;118017.0;85.0;85.0;51.0;4507.0;993.91;820.30;6.0;1.0;0;1.0;0;0;1.0;0;0;0;0;0;1.0;1.0;0;0;0;0;0
505515;2.13;0.86;86.0;3628.0;24.0;81.0;39.75;7.84;19.69;14.48;255.56;236.02;2.31;118017.0;85.0;86.0;51.0;4510.0;993.95;722.64;6.0;1.0;0;1.0;0;0;1.0;0;0;0;0;0;1.0;1.0;0;0;0;0;0
506052;1.44;0.80;86.0;3644.0;24.0;81.0;41.25;5.49;15.45;14.58;264.08;202.11;2.31;118017.0;86.0;86.0;51.0;4524.0;993.95;859.36;6.0;1.0;0;1.0;0;0;1.0;0;0;0;0;0;1.0;1.0;0;0;0;0;0
506608;1.14;0.98;85.0;3582.0;24.0;81.0;41.25;2.74;9.54;14.58;225.57;275.54;2.31;118017.0;85.0;86.0;51.0;4523.0;994.07;878.89;6.0;1.0;0;1.0;0;0;1.0;0;0;0;0;0;1.0;1.0;0;0;0;0;0
507123;1.21;0.96;85.0;3608.0;24.0;81.0;41.25;3.13;10.20;14.58;297.38;303.43;2.31;118017.0;85.0;85.0;51.0;4500.0;994.27;859.36;6.0;1.0;0;1.0;0;0;1.0;0;0;0;0;0;1.0;1.0;0;0;0;0;0
507647;1.53;0.94;85.0;3598.0;24.0;81.0;41.25;4.31;13.05;14.58;330.81;336.26;2.31;118017.0;85.0;85.0;51.0;4514.0;994.30;839.83;6.0;1.0;0;1.0;0;0;1.0;0;0;0;0;0;1.0;1.0;0;0;0;0;0
508168;1.52;0.91;85.0;3587.0;24.0;81.0;41.25;4.70;13.41;14.58;344.35;345.58;2.31;118017.0;84.0;85.0;51.0;4520.0;994.54;820.30;6.0;1.0;0;1.0;0;0;1.0;0;0;0;0;0;1.0;1.0;0;0;0;0;0
508737;1.48;0.89;83.0;3579.0;24.0;81.0;41.25;4.70;13.38;14.58;348.98;334.33;2.31;118017.0;84.0;84.0;51.0;4515.0;994.73;800.77;6.0;1.0;0;1.0;0;0;1.0;0;0;0;0;0;1.0;1.0;0;0;0;0;0
509260;1.81;0.85;83.0;3580.0;24.0;81.0;40.5;6.27;16.98;14.39;351.79;349.11;2.31;118017.0;84.0;84.0;51.0;4508.0;994.77;781.24;6.0;1.0;0;1.0;0;0;1.0;0;0;0;0;0;1.0;1.0;0;0;0;0;0
509774;1.72;0.81;85.0;3593.0;24.0;81.0;40.5;6.27;16.97;14.48;348.53;344.84;2.31;118017.0;84.0;85.0;51.0;4516.0;994.73;644.52;6.0;1.0;0;1.0;0;0;1.0;0;0;0;0;0;1.0;1.0;0;0;0;0;0
510298;1.68;0.80;85.0;3583.0;24.0;81.0;40.5;6.27;16.97;14.58;301.03;326.58;2.31;118017.0;83.0;85.0;51.0;4515.0;994.54;214.84;6.0;1.0;0;1.0;0;0;1.0;0;0;0;0;0;1.0;1.0;0;0;0;0;0
510872;1.74;0.83;83.0;3559.0;24.0;81.0;40.5;5.88;16.75;14.58;330.97;309.94;2.31;118017.0;83.0;84.0;51.0;4514.0;994.70;781.24;6.0;1.0;0;1.0;0;0;1.0;0;0;0;0;0;1.0;1.0;0;0;0;0;0
511390;1.58;0.79;83.0;3542.0;24.0;81.0;40.5;5.49;15.80;14.58;335.50;265.10;2.31;118017.0;83.0;84.0;51.0;4513.0;994.77;488.27;6.0;1.0;0;1.0;0;0;1.0;0;0;0;0;0;1.0;1.0;0;0;0;0;0
511914;1.6;0.81;82.0;3514.0;24.0;81.0;39.75;5.49;15.81;14.39;212.68;193.01;2.31;118017.0;82.0;83.0;51.0;4515.0;994.85;156.24;6.0;1.0;0;1.0;0;0;1.0;0;0;0;0;0;1.0;1.0;0;0;0;0;0
512521;1.62;0.84;82.0;3519.0;24.0;81.0;39.75;5.49;15.53;14.48;256.13;200.37;2.31;118017.0;82.0;83.0;51.0;4520.0;994.89;761.70;6.0;1.0;0;1.0;0;0;1.0;0;0;0;0;0;1.0;1.0;0;0;0;0;0
513044;1.52;0.79;82.0;3499.0;24.0;81.0;39.75;5.49;15.38;14.58;328.88;287.32;2.31;118017.0;82.0;83.0;51.0;4508.0;995.01;175.77;6.0;1.0;0;1.0;0;0;1.0;0;0;0;0;0;1.0;1.0;0;0;0;0;0
513613;1.57;0.82;82.0;3486.0;24.0;81.0;39.75;5.49;15.37;14.39;342.96;308.80;2.31;118017.0;82.0;82.0;51.0;4513.0;995.05;78.12;6.0;1.0;0;1.0;0;0;1.0;0;0;0;0;0;1.0;1.0;0;0;0;0;0
514173;1.6;0.83;82.0;3488.0;24.0;81.0;39.75;5.49;15.38;14.48;349.11;342.36;2.31;118017.0;82.0;82.0;51.0;4516.0;995.12;781.24;6.0;1.0;0;1.0;0;0;1.0;0;0;0;0;0;1.0;1.0;0;0;0;0;0
514685;1.53;0.80;82.0;3513.0;24.0;81.0;39.75;5.49;15.31;14.58;349.19;324.33;2.31;118017.0;82.0;83.0;51.0;4508.0;995.12;624.99;6.0;1.0;0;1.0;0;0;1.0;0;0;0;0;0;1.0;1.0;0;0;0;0;0
515209;1.71;0.80;82.0;3509.0;24.0;81.0;39.75;6.27;17.15;14.58;323.65;306.93;2.31;118017.0;82.0;83.0;51.0;4508.0;995.16;19.53;6.0;1.0;0;1.0;0;0;1.0;0;0;0;0;0;1.0;1.0;0;0;0;0;0
515732;2.02;0.85;83.0;3550.0;24.0;81.0;39.75;7.05;18.96;14.39;267.52;339.97;2.31;118018.0;84.0;84.0;51.0;4512.0;995.16;195.31;6.0;1.0;0;1.0;0;0;1.0;0;0;0;0;0;1.0;1.0;0;0;0;0;0
516240;2.10;0.88;85.0;3591.0;24.0;81.0;39.75;7.05;19.03;14.39;270.64;340.32;2.31;118018.0;84.0;85.0;51.0;4500.0;995.16;820.30;6.0;1.0;0;1.0;0;0;1.0;0;0;0;0;0;1.0;1.0;0;0;0;0;0
516765;1.76;0.83;85.0;3633.0;24.0;81.0;41.25;6.27;17.11;14.58;298.92;340.83;2.31;118018.0;85.0;86.0;51.0;4518.0;995.20;800.77;6.0;1.0;0;1.0;0;0;1.0;0;0;0;0;0;1.0;1.0;0;0;0;0;0
517301;1.37;0.79;86.0;3641.0;24.0;81.0;41.25;4.70;13.84;14.48;287.77;261.35;2.31;118018.0;85.0;86.0;51.0;4529.0;995.20;664.05;6.0;1.0;0;1.0;0;0;1.0;0;0;0;0;0;1.0;1.0;0;0;0;0;0
517855;1.24;0.76;86.0;3650.0;24.0;81.0;41.25;4.31;12.79;14.58;300.41;271.34;2.31;118018.0;86.0;86.0;51.0;4508.0;995.40;195.31;6.0;1.0;0;1.0;0;0;1.0;0;0;0;0;0;1.0;1.0;0;0;0;0;0
518379;1.48;0.79;86.0;3632.0;24.0;81.0;42.0;5.49;14.97;14.48;336.13;297.24;2.31;118018.0;86.0;86.0;51.0;4514.0;995.36;19.53;6.0;1.0;0;1.0;0;0;1.0;0;0;0;0;0;1.0;1.0;0;0;0;0;0
518913;1.61;0.82;86.0;3662.0;24.0;81.0;41.25;5.88;15.68;14.48;331.09;323.31;2.31;118018.0;86.0;86.0;51.0;4514.0;995.67;371.08;6.0;1.0;0;1.0;0;0;1.0;0;0;0;0;0;1.0;1.0;0;0;0;0;0
519470;1.33;0.83;86.0;3668.0;24.0;81.0;42.0;4.31;12.85;14.48;316.73;346.81;2.31;118018.0;87.0;87.0;51.0;4518.0;995.95;800.77;6.0;1.0;0;1.0;0;0;1.0;0;0;0;0;0;1.0;1.0;0;0;0;0;0
519983;1.29;0.81;86.0;3672.0;24.0;81.0;42.0;4.31;12.84;14.48;347.20;346.30;2.31;118018.0;86.0;87.0;51.0;4522.0;996.10;781.24;6.0;1.0;0;1.0;0;0;1.0;0;0;0;0;0;1.0;1.0;0;0;0;0;0
520507;1.21;0.78;87.0;3712.0;24.0;81.0;42.75;4.31;12.44;14.58;344.54;328.59;2.31;118018.0;87.0;88.0;51.0;4514.0;996.18;507.80;6.0;1.0;0;1.0;0;0;1.0;0;0;0;0;0;1.0;1.0;0;0;0;0;0
521028;0.68;1.00;86.0;3680.0;24.0;81.0;42.0;1.17;5.75;14.48;347.57;331.46;2.31;118018.0;86.0;86.0;51.0;4531.0;996.30;19.53;6.0;1.0;0;1.0;0;0;1.0;0;0;0;0;0;1.0;1.0;0;0;0;0;0
521543;1.11;1.01;86.0;3645.0;24.0;81.0;42.0;2.74;8.82;14.58;346.83;345.56;2.31;118018.0;86.0;86.0;51.0;4502.0;996.41;878.89;6.0;1.0;0;1.0;0;0;1.0;0;0;0;0;0;1.0;1.0;0;0;0;0;0
522073;1.15;0.99;86.0;3655.0;24.0;81.0;42.0;2.74;9.41;14.48;329.86;327.14;2.31;118018.0;86.0;86.0;51.0;4500.0;996.41;878.89;6.0;1.0;0;1.0;0;0;1.0;0;0;0;0;0;1.0;1.0;0;0;0;0;0
522634;1.16;0.98;86.0;3673.0;24.0;81.0;42.0;3.13;9.61;14.48;339.66;296.71;2.31;118018.0;85.0;86.0;51.0;4503.0;996.57;859.36;6.0;1.0;0;1.0;0;0;1.0;0;0;0;0;0;1.0;1.0;0;0;0;0;0
523155;1.17;0.96;86.0;3666.0;24.0;81.0;42.0;3.13;9.83;14.58;298.30;303.78;2.31;118018.0;86.0;86.0;51.0;4514.0;996.96;839.83;6.0;1.0;0;1.0;0;0;1.0;0;0;0;0;0;1.0;1.0;0;0;0;0;0
523717;1.15;0.94;86.0;3664.0;24.0;81.0;42.0;3.13;9.85;14.48;276.87;220.90;2.31;118018.0;86.0;87.0;51.0;4510.0;997.12;839.83;6.0;1.0;0;1.0;0;0;1.0;0;0;0;0;0;1.0;1.0;0;0;0;0;0
524253;1.13;0.92;86.0;3655.0;24.0;81.0;42.0;3.13;9.87;14.58;312.89;282.32;2.31;118018.0;85.0;86.0;51.0;4513.0;997.31;820.30;6.0;1.0;0;1.0;0;0;1.0;0;0;0;0;0;1.0;1.0;0;0;0;0;0
524818;1.13;0.90;86.0;3637.0;24.0;81.0;41.25;3.13;9.81;14.48;346.79;322.63;2.31;118018.0;85.0;86.0;51.0;4515.0;997.43;820.30;6.0;1.0;0;1.0;0;0;1.0;0;0;0;0;0;1.0;1.0;0;0;0;0;0
525323;1.04;0.89;85.0;3625.0;24.0;81.0;41.25;2.74;9.39;14.29;356.14;328.14;2.58;118018.0;85.0;85.0;51.0;4518.0;997.66;820.30;6.0;1.0;0;1.0;0;0;1.0;0;0;0;0;0;1.0;1.0;0;0;0;0;0
525847;1.01;0.87;85.0;3629.0;24.0;81.0;41.25;2.74;9.38;14.48;354.58;350.73;2.31;118018.0;85.0;86.0;51.0;4517.0;998.02;800.77;6.0;1.0;0;1.0;0;0;1.0;0;0;0;0;0;1.0;1.0;0;0;0;0;0
526379;1.06;0.85;85.0;3616.0;24.0;81.0;41.25;3.13;9.86;14.58;346.63;347.49;2.31;118018.0;85.0;85.0;51.0;4528.0;998.29;781.24;6.0;1.0;0;1.0;0;0;1.0;0;0;0;0;0;1.0;1.0;0;0;0;0;0
526903;1.08;0.84;86.0;3586.0;24.0;81.0;41.25;3.13;10.31;14.48;349.89;350.66;2.31;118018.0;82.0;86.0;51.0;4500.0;998.41;781.24;6.0;1.0;0;1.0;0;0;1.0;0;0;0;0;0;1.0;1.0;0;0;0;0;0
527459;1.06;0.82;85.0;3595.0;24.0;81.0;41.25;3.52;10.28;14.58;332.01;347.02;2.31;118018.0;85.0;85.0;51.0;4504.0;998.56;703.11;6.0;1.0;0;1.0;0;0;1.0;0;0;0;0;0;1.0;1.0;0;0;0;0;0
527973;1.05;0.80;86.0;3627.0;24.0;81.0;41.25;3.52;10.46;14.48;346.26;310.35;2.31;118018.0;85.0;86.0;51.0;4508.0;998.68;742.17;6.0;1.0;0;1.0;0;0;1.0;0;0;0;0;0;1.0;1.0;0;0;0;0;0
528497;1.01;0.78;85.0;3658.0;24.0;81.0;41.25;3.52;10.37;14.48;329.31;301.64;2.31;118018.0;85.0;85.0;51.0;4510.0;998.76;214.84;6.0;1.0;0;1.0;0;0;1.0;0;0;0;0;0;1.0;1.0;0;0;0;0;0
529009;1.05;0.80;86.0;3630.0;24.0;81.0;41.25;3.52;10.45;14.48;276.46;288.94;2.31;118018.0;85.0;86.0;51.0;4515.0;998.80;58.59;6.0;1.0;0;1.0;0;0;1.0;0;0;0;0;0;1.0;1.0;0;0;0;0;0
529551;1.07;0.82;86.0;3659.0;24.0;81.0;42.0;3.52;10.37;14.48;213.63;314.72;2.31;118018.0;85.0;86.0;51.0;4511.0;998.91;761.70;6.0;1.0;0;1.0;0;0;1.0;0;0;0;0;0;1.0;1.0;0;0;0;0;0
530117;0.6;0.81;85.0;3627.0;24.0;81.0;41.25;1.17;6.13;14.58;294.37;318.02;2.31;118018.0;85.0;86.0;51.0;4552.0;998.99;410.15;6.0;1.0;0;1.0;0;0;1.0;0;0;0;0;0;1.0;1.0;0;0;0;0;0
530684;0.57;1.00;85.0;3561.0;24.0;81.0;-30.0;0;0;14.58;318.71;348.53;2.31;118018.0;85.0;84.0;51.0;4536.0;999.19;0;6.0;1.0;0;1.0;0;0;1.0;0;0;0;0;0;1.0;1.0;0;0;0;0;0
531250;0.56;1.00;83.0;3535.0;24.0;81.0;-30.0;0;0;14.58;338.59;352.26;2.31;118018.0;84.0;83.0;51.0;4525.0;999.50;0;6.0;1.0;0;1.0;0;0;1.0;0;0;0;0;0;1.0;1.0;0;0;0;0;0
531859;0.56;1.00;83.0;3508.0;24.0;81.0;-30.0;0;0;14.58;347.57;354.93;2.31;118018.0;84.0;83.0;51.0;4517.0;999.70;0;6.0;1.0;0;1.0;0;0;1.0;0;0;0;0;0;1.0;1.0;0;0;0;0;0
532379;0.58;1.00;82.0;3445.0;24.0;81.0;-30.0;0;0;14.58;331.32;349.60;2.31;118018.0;82.0;81.0;51.0;4511.0;999.85;0;6.0;1.0;0;1.0;0;0;1.0;0;0;0;0;0;1.0;1.0;0;0;0;0;0
532899;0.59;1.00;80.0;3381.0;24.0;81.0;-30.0;0;0;14.58;337.26;357.90;2.31;118018.0;81.0;80.0;51.0;4516.0;999.93;19.53;6.0;1.0;0;1.0;0;0;1.0;0;0;0;0;0;1.0;1.0;0;0;0;0;0
533456;0.60;1.00;78.0;3338.0;24.0;81.0;-30.0;0;0;14.58;341.34;300.07;2.31;118018.0;79.0;79.0;51.0;4515.0;1000.16;19.53;6.0;1.0;0;1.0;0;0;1.0;0;0;0;0;0;0;1.0;0;0;0;0;0
533976;0.60;1.00;77.0;3288.0;24.0;81.0;-30.0;0;0;14.48;340.23;314.60;2.31;118018.0;77.0;78.0;51.0;4520.0;1000.24;19.53;6.0;1.0;0;1.0;0;0;1.0;0;0;0;0;0;1.0;1.0;0;0;0;0;0
534502;0.60;1.00;76.0;3225.0;24.0;81.0;-30.0;0;0;14.48;326.01;305.70;2.31;118018.0;77.0;76.0;51.0;4514.0;1000.52;39.06;6.0;1.0;0;1.0;0;0;1.0;0;0;0;0;0;1.0;1.0;0;0;0;0;0
535203;0.64;1.00;76.0;3172.0;24.0;81.0;-30.0;0;0;14.48;310.46;273.84;2.31;118018.0;76.0;75.0;51.0;4492.0;1000.71;39.06;6.0;1.0;0;1.0;0;0;1.0;0;0;0;0;0;1.0;1.0;0;0;0;0;0
535712;1.28;1.00;73.0;3118.0;24.0;81.0;36.0;0.78;6.45;14.48;333.55;337.24;2.31;118018.0;74.0;74.0;51.0;4376.0;1000.98;39.06;6.0;1.0;0;1.0;0;0;1.0;0;0;0;0;0;1.0;1.0;0;0;0;0;0
536397;1.81;1.00;73.0;3140.0;24.0;81.0;14.25;4.31;10.42;14.48;349.39;351.22;2.31;118018.0;74.0;74.0;51.0;4210.0;1001.10;898.42;6.0;1.0;0;1.0;0;0;1.0;0;0;0;0;0;1.0;1.0;0;0;0;0;0
536936;1.56;0.97;73.0;3153.0;24.0;80.25;24.0;3.92;11.01;14.58;274.90;285.70;2.31;118018.0;74.0;74.0;52.0;4379.0;1001.22;898.42;6.0;1.0;0;1.0;0;0;1.0;0;0;0;0;0;1.0;1.0;0;0;0;0;0
537459;1.32;0.95;75.0;3171.0;24.0;80.25;31.5;3.13;10.97;14.39;138.52;143.97;2.31;118018.0;74.0;75.0;52.0;4476.0;1001.26;878.89;6.0;1.0;0;1.0;0;0;1.0;0;0;0;0;0;1.0;1.0;0;0;0;0;0
537994;1.10;0.93;73.0;3063.0;24.0;80.25;35.25;2.35;9.76;14.48;75.44;72.51;2.31;118018.0;73.0;73.0;52.0;4529.0;1001.34;878.89;6.0;1.0;0;1.0;0;0;1.0;0;0;0;0;0;1.0;1.0;0;0;0;0;0
538553;0.84;0.92;71.0;3035.0;24.0;80.25;35.25;1.56;7.68;14.58;34.13;33.94;2.31;118018.0;72.0;72.0;52.0;4502.0;1001.49;859.36;6.0;1.0;0;1.0;0;0;1.0;0;0;0;0;0;1.0;1.0;0;0;0;0;0
539122;1.19;0.90;71.0;3077.0;24.0;80.25;35.25;2.74;10.81;14.58;17.12;17.92;2.31;118018.0;71.0;71.0;52.0;4516.0;1001.49;800.77;6.0;1.0;0;1.0;0;0;1.0;0;0;0;0;0;1.0;1.0;0;0;0;0;0
539646;1.26;0.88;70.0;2955.0;24.0;80.25;33.75;3.13;11.82;14.58;7.67;7.98;2.31;118018.0;70.0;70.0;52.0;4515.0;1001.65;624.99;6.0;1.0;0;1.0;0;0;1.0;0;0;0;0;0;1.0;1.0;0;0;0;0;0
540169;1.64;0.88;70.0;2974.0;24.0;80.25;33.75;4.70;15.07;14.48;3.96;3.96;2.31;118018.0;70.0;70.0;52.0;4509.0;1001.73;39.06;6.0;1.0;0;1.0;0;0;1.0;0;0;0;0;0;1.0;1.0;0;0;0;0;0
540774;1.73;0.91;71.0;3002.0;24.0;80.25;34.5;4.70;15.33;14.48;5.97;3.92;2.31;118018.0;71.0;71.0;52.0;4509.0;1002.00;781.24;6.0;1.0;0;1.0;0;0;1.0;0;0;0;0;0;1.0;1.0;0;0;0;0;0
541296;1.44;0.91;71.0;3040.0;24.0;80.25;34.5;3.92;12.92;14.48;5.33;4.25;2.31;118018.0;71.0;71.0;52.0;4514.0;1002.20;800.77;6.0;1.0;0;1.0;0;0;1.0;0;0;0;0;0;1.0;1.0;0;0;0;0;0
541809;1.13;0.89;71.0;3005.0;24.0;80.25;34.5;2.74;10.94;14.48;2.44;1.79;2.31;118018.0;72.0;72.0;52.0;4528.0;1002.35;820.30;6.0;1.0;0;1.0;0;0;1.0;0;0;0;0;0;1.0;1.0;0;0;0;0;0
542333;0.84;0.87;71.0;3053.0;24.0;80.25;34.5;1.56;8.24;14.48;1.19;0.82;2.31;118018.0;71.0;72.0;52.0;4522.0;1002.43;820.30;6.0;1.0;0;1.0;0;0;1.0;0;0;0;0;0;1.0;1.0;0;0;0;0;0
542857;0.66;0.85;70.0;2979.0;24.0;80.25;33.75;0.78;6.57;14.48;0.50;0.33;2.31;118018.0;70.0;70.0;52.0;4524.0;1002.47;253.90;6.0;1.0;0;1.0;0;0;1.0;0;0;0;0;0;1.0;1.0;0;0;0;0;0
543368;0.68;1.00;70.0;2933.0;24.0;80.25;-30.0;0;0;14.58;0.19;0.07;2.31;118018.0;70.0;69.0;52.0;4586.0;1002.51;0;6.0;1.0;0;1.0;0;0;1.0;0;0;0;0;0;1.0;1.0;0;0;0;0;0
543892;0.68;1.00;68.0;2898.0;24.0;80.25;-30.0;0;0;14.58;0;0;2.31;118018.0;69.0;69.0;52.0;4627.0;1002.55;0;6.0;1.0;0;1.0;0;0;1.0;0;0;0;0;0;1.0;1.0;0;0;0;0;0
544427;0.68;1.00;67.0;2865.0;24.0;80.25;-30.0;0;0;14.58;0;0;2.31;118018.0;68.0;67.0;52.0;4651.0;1002.59;19.53;6.0;1.0;0;1.0;0;0;1.0;0;0;0;0;0;1.0;1.0;0;0;0;0;0
544951;0.69;1.00;66.0;2825.0;24.0;80.25;-30.0;0;0;14.58;0;0;2.31;118018.0;66.0;66.0;52.0;4641.0;1002.59;19.53;6.0;1.0;0;1.0;0;0;1.0;0;0;0;0;0;1.0;1.0;0;0;0;0;0
545452;0.92;1.00;65.0;2768.0;24.0;80.25;-30.0;0.39;0;14.58;0;0;2.31;118018.0;65.0;66.0;52.0;4526.0;1002.59;19.53;6.0;1.0;0;1.0;0;0;1.0;0;0;0;0;0;1.0;1.0;0;0;0;0;0
545977;1.71;1.00;65.0;2787.0;24.0;80.25;15.0;3.52;10.68;14.58;0;0;2.31;118018.0;65.0;65.0;52.0;4208.0;1002.63;859.36;6.0;1.0;0;1.0;0;0;1.0;0;0;0;0;0;1.0;1.0;0;0;0;0;0
546500;1.26;0.99;65.0;2793.0;24.0;80.25;21.75;1.56;9.94;14.48;0;0;2.31;118018.0;65.0;65.0;52.0;4340.0;1002.70;878.89;6.0;1.0;0;1.0;0;0;1.0;0;0;0;0;0;1.0;1.0;0;0;0;0;0
547069;0.74;1.00;63.0;2704.0;24.0;80.25;21.75;0;12.87;14.58;1.46;1.85;2.31;118018.0;64.0;64.0;52.0;4445.0;1002.66;761.70;6.0;1.0;0;1.0;0;0;1.0;0;0;0;0;0;1.0;1.0;0;0;0;0;0
547591;0.93;0.99;62.0;2678.0;24.0;80.25;29.25;0.39;9.29;14.58;0.72;0.95;2.31;118018.0;63.0;63.0;52.0;4485.0;1002.66;683.58;6.0;1.0;0;1.0;0;0;1.0;0;0;0;0;0;1.0;1.0;0;0;0;0;0
548112;0.78;1.00;62.0;2652.0;24.0;80.25;39.75;0;14.47;14.48;1.95;0.37;2.31;118018.0;63.0;62.0;52.0;4516.0;1002.90;800.77;6.0;1.0;0;1.0;0;0;1.0;0;0;0;0;0;1.0;1.0;0;0;0;0;0
548679;0.75;1.00;61.0;2594.0;24.0;80.25;19.5;0;12.74;14.48;2.87;0.15;2.31;118018.0;61.0;61.0;52.0;4491.0;1002.98;546.86;6.0;1.0;0;1.0;0;0;1.0;0;0;0;0;0;1.0;1.0;0;0;0;0;0
549202;0.76;1.00;60.0;2539.0;24.0;80.25;19.5;0;12.69;14.48;3.16;1.23;2.31;118018.0;60.0;60.0;52.0;4516.0;1003.13;566.39;6.0;1.0;0;1.0;0;0;1.0;0;0;0;0;0;1.0;1.0;0;0;0;0;0
549723;0.77;1.00;60.0;2488.0;24.0;80.25;18.75;0;12.66;14.48;1.69;0.64;2.31;118018.0;60.0;59.0;52.0;4515.0;1003.21;195.31;6.0;1.0;0;1.0;0;0;1.0;0;0;0;0;0;1.0;1.0;0;0;0;0;0
550252;0.84;1.00;57.0;2429.0;24.0;80.25;15.75;0;12.79;14.48;20.21;46.09;2.31;118018.0;58.0;57.0;58.0;4535.0;1003.33;136.71;6.0;1.0;0;1.0;0;0;1.0;0;0;1.0;0;0;1.0;1.0;0;0;0;0;0
550821;0.84;1.00;55.0;2350.0;24.0;80.25;15.75;0;12.71;14.48;101.79;39.39;2.31;118018.0;55.0;55.0;46.0;4541.0;1003.48;371.08;6.0;1.0;0;1.0;0;0;1.0;0;0;1.0;0;0;1.0;1.0;0;0;0;0;0
551319;0.87;1.00;52.0;2244.0;24.0;80.25;15.0;0;12.66;14.48;83.15;26.99;2.31;118018.0;53.0;52.0;45.0;4530.0;1003.64;19.53;6.0;1.0;0;1.0;0;0;1.0;0;0;1.0;0;0;1.0;1.0;0;0;0;0;0
551843;0.89;1.00;51.0;2178.0;24.0;80.25;15.0;0;12.71;14.39;57.98;27.06;2.31;118018.0;51.0;51.0;45.0;4526.0;1003.68;19.53;6.0;1.0;0;1.0;0;0;1.0;0;0;1.0;0;0;1.0;1.0;0;0;0;0;0
552378;0.92;1.00;50.0;2106.0;24.0;80.25;14.25;0;12.70;14.39;45.01;67.12;2.31;118018.0;50.0;50.0;45.0;4523.0;1003.76;39.06;6.0;1.0;0;1.0;0;0;1.0;0;0;1.0;0;0;1.0;1.0;0;0;0;0;0
552902;0.92;1.00;48.0;2066.0;24.0;80.25;15.0;0;12.67;14.48;27.96;39.56;2.31;118018.0;48.0;48.0;45.0;4509.0;1003.80;39.06;6.0;1.0;0;1.0;0;0;1.0;0;0;1.0;0;0;1.0;1.0;0;0;0;0;0
553448;0.94;1.00;47.0;1995.0;24.0;80.25;15.75;0;12.71;14.48;22.43;29.11;2.31;118018.0;47.0;47.0;45.0;4498.0;1003.80;58.59;6.0;1.0;0;1.0;0;0;1.0;0;0;1.0;0;0;1.0;1.0;0;0;0;0;0
553978;0.99;1.00;43.0;1900.0;24.0;80.25;14.25;0;12.69;14.48;24.43;25.19;2.31;118018.0;44.0;44.0;45.0;4520.0;1003.84;58.59;6.0;1.0;0;1.0;0;0;1.0;0;0;1.0;0;0;1.0;1.0;0;0;0;0;0
554529;1.29;1.00;42.0;1495.0;24.0;80.25;15.0;0;12.68;14.58;20.40;17.71;2.31;118018.0;43.0;43.0;46.0;4465.0;1003.84;78.12;6.0;1.0;0;1.0;0;0;1.0;0;0;1.0;0;0;1.0;1.0;0;0;0;0;0
555037;2.42;1.02;42.0;1808.0;24.0;80.25;10.5;2.74;14.59;14.48;15.76;13.28;2.31;118018.0;42.0;43.0;52.0;4556.0;1003.88;117.18;6.0;1.0;0;1.0;0;0;1.0;0;0;1.0;0;0;1.0;1.0;0;0;0;0;0
555554;2.35;1.02;42.0;1832.0;24.0;80.25;15.0;3.13;16.51;14.39;10.25;9.12;2.31;118018.0;42.0;43.0;52.0;4522.0;1003.88;839.83;6.0;1.0;0;1.0;0;0;1.0;0;0;1.0;0;0;1.0;1.0;0;0;0;0;0
556103;2.43;1.00;43.0;1852.0;24.0;80.25;15.75;3.52;17.43;14.58;7.05;5.91;2.31;118018.0;42.0;43.0;52.0;4504.0;1003.88;859.36;6.0;1.0;0;1.0;1.0;0;1.0;0;0;1.0;0;0;1.0;1.0;0;0;1.0;0;0
556661;1.06;1.00;42.0;1827.0;24.0;80.25;13.5;0;12.78;14.48;6.21;5.58;2.31;118018.0;42.0;43.0;48.0;4482.0;1003.88;839.83;5.0;1.0;0;1.0;0;0;1.0;0;0;1.0;0;0;1.0;1.0;0;0;0;0;0
557183;3.33;1.00;42.0;2403.0;24.0;80.25;15.0;7.84;22.24;14.48;6.85;6.83;2.31;118018.0;42.0;43.0;52.0;4441.0;1003.88;878.89;4.0;1.0;0;1.0;0;0;1.0;0;0;1.0;0;0;1.0;1.0;0;0;0;0;0
557702;3.26;0.97;45.0;2324.0;24.0;80.25;23.25;8.62;25.55;14.48;3.74;3.55;2.31;118018.0;44.0;45.0;52.0;4451.0;1003.88;859.36;4.0;1.0;0;1.0;0;0;1.0;0;0;1.0;0;0;1.0;1.0;0;0;0;0;0
558226;2.26;1.00;45.0;2373.0;24.0;80.25;23.25;4.31;17.99;14.48;2.14;2.03;2.31;118018.0;45.0;46.0;52.0;4508.0;1003.88;800.77;4.0;1.0;0;1.0;0;0;1.0;0;0;1.0;0;0;1.0;1.0;0;0;0;0;0
558779;2.04;0.99;46.0;2385.0;24.0;80.25;24.0;3.52;16.06;14.48;1.19;1.11;2.31;118018.0;46.0;46.0;52.0;4504.0;1003.88;839.83;4.0;1.0;0;1.0;0;0;1.0;0;0;1.0;0;0;1.0;1.0;0;0;0;0;0
559303;1.37;0.97;46.0;2376.0;24.0;80.25;24.0;1.56;11.40;14.48;0.54;0.50;2.31;118018.0;46.0;46.0;52.0;4567.0;1003.88;878.89;4.0;1.0;0;1.0;0;0;1.0;0;0;1.0;0;0;1.0;1.0;0;0;0;0;0
559881;1.04;0.96;45.0;2359.0;24.0;81.0;23.25;0.78;8.60;14.48;98.58;67.30;2.31;118018.0;45.0;45.0;51.0;4555.0;1003.88;859.36;4.0;1.0;0;1.0;0;0;1.0;0;0;1.0;0;0;1.0;1.0;0;0;0;0;0
560404;1.08;0.94;43.0;2289.0;24.0;81.0;22.5;0.78;8.86;14.39;171.35;124.58;2.31;118018.0;44.0;44.0;51.0;4536.0;1003.88;839.83;4.0;1.0;0;1.0;0;0;1.0;0;0;1.0;0;0;1.0;1.0;0;0;0;0;0
560963;0.89;1.00;42.0;2181.0;24.0;81.0;15.0;0;12.78;14.58;180.57;118.50;2.31;118018.0;43.0;42.0;46.0;4511.0;1003.88;722.64;4.0;1.0;0;1.0;0;0;1.0;0;0;1.0;0;0;1.0;1.0;0;0;0;0;0
561487;0.92;1.00;40.0;2054.0;24.0;81.0;15.0;0;12.59;14.48;118.01;100.36;2.31;118018.0;40.0;40.0;44.0;4533.0;1003.88;136.71;4.0;1.0;0;1.0;0;0;1.0;0;0;1.0;0;0;1.0;1.0;0;0;0;0;0
562011;1.03;1.00;33.0;1809.0;24.0;81.0;15.0;0;12.61;14.48;82.06;59.17;2.31;118018.0;34.0;34.0;43.0;4502.0;1003.88;19.53;4.0;1.0;0;1.0;0;0;1.0;0;0;1.0;0;0;1.0;1.0;0;0;0;0;0
562567;1.19;1.01;31.0;1631.0;24.0;81.0;14.25;0;12.67;14.39;77.98;55.83;2.31;118018.0;31.0;31.0;44.0;4506.0;1003.88;78.12;4.0;1.0;0;1.0;0;0;1.0;0;0;1.0;0;0;1.0;1.0;0;0;0;0;0
563091;1.16;1.01;30.0;1578.0;24.0;81.0;15.0;0;12.58;14.58;68.92;47.41;2.31;118018.0;30.0;30.0;43.0;4516.0;1003.88;839.83;4.0;1.0;0;1.0;0;0;1.0;0;0;1.0;0;0;1.0;1.0;0;0;0;0;0
563663;1.23;1.00;28.0;1536.0;24.0;81.0;13.5;0;12.58;14.48;57.49;43.02;2.31;118018.0;29.0;29.0;45.0;4508.0;1003.88;839.83;4.0;1.0;0;1.0;0;0;1.0;0;0;1.0;0;0;1.0;1.0;0;0;0;0;0
564217;1.21;0.98;28.0;1531.0;24.0;81.0;15.0;0;12.61;14.48;41.16;29.68;2.31;118018.0;29.0;29.0;44.0;4510.0;1003.88;820.30;4.0;1.0;0;1.0;0;0;1.0;0;0;1.0;0;0;1.0;1.0;0;0;0;0;0
564748;1.16;0.96;28.0;1494.0;24.0;81.0;14.25;0;12.59;14.48;29.95;26.71;2.31;118018.0;29.0;29.0;44.0;4497.0;1003.88;800.77;4.0;1.0;0;1.0;0;0;1.0;0;0;1.0;0;0;1.0;1.0;0;0;0;0;0
565272;1.18;0.95;27.0;1410.0;24.0;81.0;15.0;0;12.57;14.39;21.79;21.77;2.31;118018.0;27.0;27.0;44.0;4486.0;1003.88;800.77;4.0;1.0;0;1.0;0;0;1.0;0;0;1.0;0;0;1.0;1.0;0;0;1.0;0;0
565796;1.29;0.93;25.0;1293.0;24.0;81.0;15.0;0;12.51;14.48;20.91;21.71;2.31;118018.0;26.0;25.0;45.0;4502.0;1003.88;624.99;4.0;1.0;0;1.0;0;0;1.0;0;0;1.0;0;0;1.0;1.0;0;0;0;0;0
566309;1.2;0.93;25.0;1340.0;24.0;81.0;14.25;0;12.47;14.48;18.04;15.76;2.31;118018.0;25.0;25.0;44.0;4496.0;1004.07;39.06;4.0;1.0;0;1.0;0;0;1.0;0;0;1.0;0;0;1.0;1.0;0;0;0;0;0
566831;1.27;0.95;25.0;1349.0;24.0;81.0;13.5;0;12.37;14.48;15.33;16.50;2.31;118018.0;24.0;25.0;46.0;4519.0;1004.11;19.53;4.0;1.0;0;1.0;0;0;1.0;0;0;1.0;0;0;1.0;1.0;0;0;0;0;0
567343;1.31;0.96;25.0;1350.0;24.0;81.0;13.5;0;12.44;14.48;20.54;18.53;2.31;118018.0;25.0;25.0;45.0;4539.0;1004.19;39.06;4.0;1.0;0;1.0;1.0;0;1.0;0;0;1.0;0;0;1.0;1.0;0;0;1.0;0;0
567867;1.26;0.98;25.0;1308.0;24.0;81.0;13.5;0;12.41;14.58;14.92;14.19;2.31;118018.0;25.0;25.0;45.0;4524.0;1004.27;58.59;4.0;1.0;0;1.0;0;0;1.0;0;0;1.0;0;0;1.0;1.0;0;0;0;0;0
568390;1.38;0.99;25.0;1298.0;24.0;81.0;13.5;0;12.40;14.39;10.81;9.74;2.31;118018.0;25.0;25.0;45.0;4513.0;1004.46;58.59;4.0;1.0;0;1.0;0;0;1.0;0;0;1.0;0;0;1.0;1.0;0;0;0;0;0
568926;1.39;1.01;25.0;1313.0;24.0;81.75;12.75;0;12.25;14.48;7.85;7.87;2.31;118018.0;25.0;25.0;44.0;4517.0;1004.66;156.24;4.0;1.0;0;1.0;0;0;1.0;0;0;1.0;0;0;1.0;1.0;0;0;0;0;0
569477;1.36;1.01;25.0;1313.0;24.0;81.75;13.5;0;12.35;14.48;5.99;5.70;2.31;118018.0;25.0;26.0;44.0;4521.0;1004.81;781.24;4.0;1.0;0;1.0;1.0;0;1.0;0;0;1.0;0;0;1.0;1.0;0;0;1.0;0;0
569996;1.37;0.99;26.0;1296.0;24.0;81.75;14.25;0;12.47;14.48;4.08;4.10;2.31;118018.0;26.0;26.0;44.0;4534.0;1004.85;781.24;4.0;1.0;0;1.0;0;0;1.0;0;0;1.0;0;0;1.0;1.0;0;0;0;0;0
570520;1.24;0.97;26.0;1348.0;24.0;81.75;15.0;0;12.54;14.58;5.31;2.92;2.31;118019.0;27.0;27.0;44.0;4499.0;1004.93;234.37;4.0;1.0;0;1.0;0;0;1.0;0;0;1.0;0;0;1.0;1.0;0;0;0;0;0
571043;1.21;0.98;27.0;1389.0;24.0;81.75;15.0;0;12.53;14.58;3.82;4.43;2.31;118019.0;27.0;27.0;43.0;4547.0;1005.01;781.24;4.0;1.0;0;1.0;0;0;1.0;0;0;1.0;0;0;1.0;1.0;0;0;0;0;0
571578;1.29;0.97;27.0;1262.0;24.0;81.75;15.75;0;12.61;14.48;51.03;35.34;2.31;118019.0;28.0;28.0;44.0;4507.0;1004.97;820.30;4.0;1.0;0;1.0;0;0;1.0;0;0;1.0;0;0;1.0;1.0;0;0;0;0;0
572077;1.21;0.95;27.0;1401.0;24.0;81.75;15.0;0;12.53;14.48;37.14;31.22;2.31;118019.0;28.0;28.0;44.0;4492.0;1004.97;78.12;4.0;1.0;0;1.0;0;0;1.0;0;0;1.0;0;0;1.0;1.0;0;0;0;0;0
572613;1.2;0.97;28.0;1434.0;24.0;81.75;15.0;0;12.53;14.58;37.94;73.62;2.31;118019.0;28.0;28.0;43.0;4500.0;1005.01;78.12;4.0;1.0;0;1.0;0;0;1.0;0;0;1.0;0;0;1.0;1.0;0;0;0;0;0
573137;1.23;0.97;28.0;1487.0;24.0;81.75;15.0;0;12.47;14.48;96.26;94.11;2.31;118019.0;28.0;28.0;43.0;4546.0;1005.05;820.30;4.0;1.0;0;1.0;0;0;1.0;0;0;1.0;0;0;1.0;1.0;0;0;0;0;0
573775;1.22;0.95;28.0;1322.0;24.0;81.75;14.25;0;12.39;14.39;131.78;78.00;2.31;118019.0;28.0;29.0;45.0;4484.0;1005.09;800.77;4.0;1.0;0;1.0;0;0;1.0;0;0;1.0;0;0;0;1.0;0;0;0;0;0
574392;1.23;0.94;26.0;1306.0;24.0;81.75;13.5;0;12.28;14.48;91.08;60.71;2.31;118019.0;26.0;26.0;44.0;4485.0;1005.09;781.24;4.0;1.0;0;1.0;0;0;1.0;0;0;1.0;0;0;1.0;1.0;0;0;0;0;0
574916;1.32;0.93;23.0;1218.0;24.0;81.75;19.5;0;13.26;14.58;74.13;41.91;2.31;118019.0;23.0;23.0;44.0;4528.0;1005.09;19.53;4.0;1.0;0;1.0;0;0;1.0;0;0;1.0;0;0;1.0;1.0;0;0;0;0;0
575451;1.32;0.95;22.0;1271.0;24.0;81.75;15.0;0;12.53;14.39;56.92;32.14;2.31;118019.0;23.0;23.0;44.0;4511.0;1005.13;39.06;4.0;1.0;0;1.0;0;0;1.0;0;0;1.0;0;0;1.0;1.0;0;0;0;0;0
575975;1.40;0.96;22.0;1199.0;24.0;81.75;20.25;0;13.43;14.48;41.46;24.64;2.31;118019.0;23.0;23.0;44.0;4512.0;1005.13;39.06;4.0;1.0;0;1.0;0;0;1.0;0;0;1.0;0;0;1.0;1.0;0;0;0;0;0
576490;1.27;0.98;23.0;1316.0;24.0;82.5;12.75;0;12.16;14.48;30.19;16.97;2.31;118019.0;23.0;23.0;44.0;4515.0;1005.13;58.59;4.0;1.0;0;1.0;0;0;1.0;0;0;1.0;0;0;1.0;1.0;0;0;0;0;0
577011;1.45;0.99;23.0;1241.0;24.0;82.5;16.5;0;12.80;14.48;55.81;15.35;2.31;118019.0;24.0;24.0;43.0;4511.0;1005.13;58.59;4.0;1.0;0;1.0;0;0;1.0;0;0;1.0;0;0;1.0;1.0;0;0;0;0;0
577580;1.33;1.01;23.0;1291.0;24.0;82.5;13.5;0;12.28;14.39;58.04;22.34;2.31;118019.0;24.0;24.0;43.0;4516.0;1005.13;624.99;4.0;1.0;0;1.0;0;0;1.0;0;0;1.0;0;0;1.0;1.0;0;0;0;0;0
578138;1.35;1.00;25.0;1273.0;24.0;82.5;14.25;0;12.41;14.29;62.04;20.36;2.58;118019.0;25.0;25.0;44.0;4496.0;1005.13;664.05;4.0;1.0;0;1.0;0;0;1.0;0;0;1.0;0;0;1.0;1.0;0;0;0;0;0
578662;1.27;0.99;25.0;1328.0;24.0;82.5;13.5;0;12.24;14.58;62.71;17.61;2.31;118019.0;25.0;25.0;43.0;4495.0;1005.13;566.39;4.0;1.0;0;1.0;0;0;1.0;0;0;1.0;0;0;1.0;1.0;0;0;0;0;0
579181;1.24;0.99;25.0;1355.0;24.0;82.5;15.0;0;12.45;14.39;83.49;18.18;2.31;118019.0;26.0;26.0;43.0;4526.0;1005.13;683.58;3.0;1.0;0;1.0;0;0;1.0;0;0;1.0;0;0;1.0;1.0;0;0;0;0;0
579705;1.72;0.98;26.0;1647.0;24.0;82.5;9.0;1.56;11.85;14.58;72.61;93.88;2.31;118019.0;26.0;26.0;50.0;4572.0;1005.13;214.84;3.0;1.0;0;1.0;0;0;1.0;0;0;1.0;0;0;1.0;1.0;0;0;0;0;0
580232;1.82;0.98;26.0;1685.0;24.0;82.5;12.0;1.56;13.29;14.48;92.14;113.44;2.31;118019.0;27.0;27.0;50.0;4551.0;1005.13;39.06;3.0;1.0;0;1.0;0;0;1.0;0;0;1.0;0;0;1.0;1.0;0;0;0;0;0
580756;1.83;1.00;27.0;1714.0;24.0;82.5;13.5;1.96;13.38;14.58;73.37;176.27;2.31;118019.0;27.0;28.0;50.0;4523.0;1005.13;800.77;3.0;1.0;0;1.0;0;0;1.0;0;0;1.0;0;0;1.0;1.0;0;0;0;0;0
581280;1.76;0.98;28.0;1781.0;24.0;82.5;14.25;1.96;13.14;14.48;65.60;210.67;2.31;118019.0;28.0;29.0;50.0;4499.0;1005.13;820.30;3.0;1.0;0;1.0;0;0;1.0;0;0;1.0;0;0;1.0;1.0;0;0;0;0;0
581792;1.00;1.00;28.0;1827.0;24.0;82.5;15.0;0;12.07;14.48;80.42;219.36;2.31;118019.0;29.0;29.0;50.0;4502.0;1005.13;800.77;3.0;1.0;0;1.0;0;0;1.0;0;0;1.0;0;0;1.0;1.0;0;0;0;0;0
582323;1.33;0.98;30.0;1350.0;24.0;82.5;15.0;0;12.56;14.39;70.01;194.67;2.31;118019.0;30.0;30.0;45.0;4462.0;1005.13;859.36;3.0;1.0;0;1.0;0;0;1.0;0;0;1.0;0;0;1.0;1.0;0;0;0;0;0
582830;1.00;0.97;28.0;1732.0;24.0;82.5;15.0;0;12.42;14.48;56.53;166.08;2.31;118019.0;29.0;29.0;43.0;4546.0;1005.13;800.77;3.0;1.0;0;1.0;0;0;1.0;0;0;1.0;0;0;1.0;1.0;0;0;0;0;0
583353;1.0;0.95;27.0;1713.0;24.0;82.5;15.75;0;12.49;14.48;85.36;167.29;2.31;118019.0;28.0;28.0;42.0;4531.0;1005.13;703.11;3.0;1.0;0;1.0;0;0;1.0;0;0;1.0;0;0;1.0;1.0;0;0;0;0;0
583916;1.09;0.93;26.0;1614.0;24.0;82.5;15.0;0;12.41;14.58;117.59;173.93;2.31;118019.0;26.0;26.0;43.0;4490.0;1005.13;722.64;3.0;1.0;0;1.0;0;0;1.0;0;0;1.0;0;0;0;1.0;0;0;0;0;0
584523;1.16;0.92;25.0;1417.0;24.0;82.5;15.0;0;12.37;14.48;187.17;180.51;2.31;118019.0;25.0;25.0;42.0;4479.0;1005.13;39.06;3.0;1.0;0;1.0;0;0;1.0;0;0;1.0;0;0;1.0;1.0;0;0;0;0;0
585047;1.23;0.94;25.0;1408.0;24.0;82.5;15.0;0;12.46;14.48;198.93;154.52;2.31;118019.0;25.0;25.0;44.0;4504.0;1005.13;39.06;3.0;1.0;0;1.0;0;0;1.0;0;0;1.0;0;0;1.0;1.0;0;0;0;0;0
585575;1.18;0.96;22.0;1396.0;24.0;82.5;15.0;0;12.41;14.48;173.75;187.87;2.31;118019.0;23.0;23.0;42.0;4496.0;1005.13;58.59;3.0;1.0;0;1.0;0;0;1.0;0;0;1.0;0;0;1.0;1.0;0;0;1.0;0;0
586134;1.26;0.96;20.0;1296.0;24.0;82.5;14.25;0;12.35;14.48;146.86;169.24;2.31;118019.0;20.0;20.0;43.0;4505.0;1005.13;761.70;3.0;1.0;0;1.0;0;0;1.0;0;0;1.0;0;0;1.0;1.0;0;0;0;0;0
586655;1.28;0.96;18.0;1314.0;24.0;82.5;13.5;0;12.20;14.58;134.62;168.50;2.31;118019.0;18.0;18.0;43.0;4515.0;1005.13;78.12;2.0;1.0;0;1.0;0;0;1.0;0;0;1.0;0;0;1.0;1.0;0;0;0;0;0
587178;1.28;0.97;17.0;1354.0;24.0;82.5;15.0;0;12.41;14.39;143.97;199.87;2.31;118019.0;17.0;17.0;43.0;4512.0;1005.13;97.65;2.0;1.0;0;1.0;0;0;1.0;0;0;1.0;0;0;1.0;1.0;0;0;0;0;0
587701;2.08;0.99;17.0;1392.0;24.0;82.5;7.5;1.56;11.52;14.48;125.77;159.65;2.31;118019.0;17.0;17.0;51.0;4511.0;1005.13;292.96;2.0;1.0;0;1.0;0;0;1.0;0;0;1.0;0;0;1.0;1.0;0;0;0;0;0
588256;2.28;0.99;17.0;1686.0;24.0;82.5;8.25;2.74;14.55;14.39;145.57;206.04;2.31;118019.0;18.0;18.0;50.0;4560.0;1005.13;859.36;2.0;1.0;0;1.0;0;0;1.0;0;0;1.0;0;0;1.0;1.0;0;0;0;0;0
588780;2.08;0.97;20.0;1851.0;24.0;82.5;12.75;2.74;14.98;14.48;208.77;247.46;2.31;118019.0;20.0;20.0;50.0;4517.0;1005.13;839.83;2.0;1.0;0;1.0;0;0;1.0;0;0;1.0;0;0;1.0;1.0;0;0;0;0;0
589315;2.00;0.95;21.0;1916.0;24.0;82.5;16.5;2.74;15.47;14.39;262.63;253.40;2.31;118019.0;22.0;22.0;50.0;4506.0;1005.13;781.24;2.0;1.0;0;1.0;0;0;1.0;0;0;1.0;0;0;1.0;1.0;0;0;0;0;0
589838;1.20;0.99;22.0;1473.0;24.0;82.5;15.0;0;12.51;14.39;246.27;284.41;2.31;118019.0;22.0;22.0;42.0;4450.0;1005.13;839.83;2.0;1.0;0;1.0;0;0;1.0;0;0;1.0;0;0;1.0;1.0;0;0;0;0;0
590383;1.34;0.97;21.0;1567.0;24.0;82.5;12.0;0.39;10.69;14.58;240.14;266.33;2.31;118019.0;22.0;22.0;50.0;4555.0;1005.13;820.30;2.0;1.0;0;1.0;0;0;1.0;0;0;1.0;0;0;1.0;1.0;0;0;0;0;0
590907;1.12;0.96;22.0;1772.0;24.0;82.5;12.75;0;9.97;14.48;260.94;291.30;2.31;118019.0;22.0;22.0;50.0;4524.0;1005.13;175.77;2.0;1.0;0;1.0;0;0;1.0;0;0;1.0;0;0;1.0;1.0;0;0;0;0;0
591431;1.28;1.01;22.0;1399.0;24.0;82.5;15.0;0;12.50;14.48;296.89;254.51;2.31;118019.0;22.0;23.0;43.0;4468.0;1005.13;839.83;2.0;1.0;0;1.0;0;0;1.0;0;0;1.0;0;0;1.0;1.0;0;0;0;0;0
591966;1.07;0.99;22.0;1681.0;24.0;82.5;15.0;0;12.47;14.58;305.39;225.18;2.31;118019.0;22.0;22.0;42.0;4536.0;1005.13;820.30;2.0;1.0;0;1.0;0;0;1.0;0;0;1.0;0;0;1.0;1.0;0;0;0;0;0
592525;1.2;0.97;18.0;1487.0;24.0;82.5;15.0;0;12.45;14.48;306.07;220.04;2.31;118019.0;19.0;19.0;42.0;4497.0;1005.13;800.77;2.0;1.0;0;1.0;0;0;1.0;0;0;1.0;0;0;1.0;1.0;0;0;0;0;0
593036;1.28;0.96;15.0;1308.0;24.0;82.5;14.25;0;12.32;14.48;282.61;251.83;2.31;118019.0;16.0;15.0;43.0;4492.0;1005.13;820.30;2.0;1.0;0;1.0;0;0;1.0;0;0;1.0;0;0;1.0;1.0;0;0;0;0;0
593560;1.31;0.94;12.0;1259.0;24.0;82.5;16.5;0;12.70;14.48;232.34;229.18;2.31;118019.0;13.0;13.0;43.0;4512.0;1005.13;605.46;2.0;1.0;0;1.0;0;0;1.0;0;0;1.0;0;0;1.0;1.0;0;0;0;0;0
594083;1.24;0.95;11.0;1270.0;24.0;82.5;15.0;0;12.46;14.48;246.58;247.79;2.31;118019.0;11.0;11.0;44.0;4513.0;1005.13;19.53;2.0;1.0;0;1.0;0;0;1.0;0;0;1.0;0;0;1.0;1.0;0;0;0;0;0
594622;1.25;0.96;8.0;1307.0;24.0;82.5;13.5;0;12.27;14.48;179.73;190.39;2.31;118019.0;9.0;9.0;44.0;4513.0;1005.13;39.06;1.0;1.0;0;1.0;0;0;1.0;0;0;1.0;0;0;1.0;1.0;0;0;0;0;0
595178;1.35;0.98;7.0;1255.0;24.0;82.5;15.75;0;12.65;14.58;162.29;146.55;2.31;118019.0;8.0;7.0;43.0;4515.0;1005.13;39.06;1.0;1.0;0;1.0;0;0;1.0;0;0;1.0;0;0;1.0;1.0;0;0;0;0;0
595688;1.36;0.99;5.0;1275.0;24.0;82.5;14.25;0;12.40;14.48;167.70;160.67;2.31;118019.0;5.0;5.0;43.0;4503.0;1005.13;58.59;1.0;1.0;0;1.0;0;0;1.0;0;0;1.0;0;0;1.0;1.0;0;0;0;0;0
596212;1.43;1.01;3.0;1253.0;24.0;82.5;16.5;0;12.76;14.48;196.84;159.07;2.31;118019.0;3.0;3.0;44.0;4507.0;1005.13;97.65;1.0;1.0;0;1.0;0;0;1.0;0;0;1.0;0;0;1.0;1.0;0;0;0;0;0
596748;1.80;1.03;2.0;1559.0;24.0;82.5;12.75;1.56;13.05;14.48;198.54;170.47;2.31;118019.0;3.0;3.0;50.0;4573.0;1005.13;839.83;1.0;1.0;0;1.0;0;0;1.0;0;0;1.0;0;0;1.0;1.0;0;0;0;0;0
597272;1.93;1.01;3.0;1635.0;24.0;82.5;13.5;1.96;13.96;14.48;187.07;181.60;2.31;118019.0;3.0;4.0;50.0;4579.0;1005.32;820.30;1.0;1.0;0;1.0;0;0;1.0;0;0;1.0;0;0;1.0;1.0;0;0;0;0;0
597796;1.98;1.00;5.0;1604.0;24.0;82.5;13.5;1.96;14.46;14.39;203.85;202.33;2.31;118019.0;5.0;5.0;50.0;4523.0;1005.28;800.77;1.0;1.0;0;1.0;0;0;1.0;0;0;1.0;0;0;1.0;1.0;0;0;0;0;0
598307;2.08;0.98;7.0;1588.0;24.0;82.5;13.5;2.35;15.31;14.58;223.79;216.49;2.31;118019.0;7.0;7.0;50.0;4512.0;1005.24;761.70;1.0;1.0;0;1.0;0;0;1.0;0;0;1.0;0;0;1.0;1.0;0;0;0;0;0
598831;2.14;0.96;8.0;1567.0;24.0;82.5;13.5;2.35;15.87;14.48;214.65;202.27;2.31;118019.0;9.0;9.0;50.0;4515.0;1005.28;175.77;1.0;1.0;0;1.0;0;0;1.0;0;0;1.0;0;0;1.0;1.0;0;0;0;0;0
599343;2.06;0.97;11.0;1675.0;24.0;82.5;13.5;2.35;15.16;14.48;226.70;199.71;2.31;118019.0;12.0;12.0;50.0;4534.0;1005.32;214.84;1.0;1.0;0;1.0;0;0;1.0;0;0;1.0;0;0;1.0;1.0;0;0;0;0;0
599867;2.35;0.98;15.0;1765.0;24.0;82.5;13.5;3.13;16.83;14.48;240.80;203.67;2.31;118019.0;15.0;15.0;50.0;4509.0;1005.32;820.30;1.0;1.0;0;1.0;0;0;1.0;0;0;1.0;0;0;1.0;1.0;0;0;0;0;0
600392;3.88;1.00;17.0;2040.0;24.0;82.5;18.0;7.05;23.86;14.58;264.94;259.31;2.31;118019.0;18.0;18.0;50.0;4517.0;1005.40;878.89;1.0;1.0;0;1.0;0;0;1.0;0;0;1.0;0;0;1.0;1.0;0;0;0;0;0
600902;3.84;0.99;23.0;2633.0;24.0;82.5;26.25;12.94;29.06;14.48;270.95;272.36;2.31;118019.0;23.0;24.0;50.0;4395.0;1005.40;839.83;1.0;1.0;0;1.0;0;0;1.0;0;0;1.0;0;0;1.0;1.0;0;0;0;0;0
601425;3.38;0.94;30.0;3292.0;24.0;82.5;30.75;12.94;27.85;14.48;306.44;313.28;2.31;118019.0;29.0;30.0;50.0;4494.0;1005.44;781.24;1.0;1.0;0;1.0;0;0;1.0;0;0;0;0;0;1.0;1.0;0;0;1.0;0;0
601962;1.30;1.00;32.0;2354.0;24.0;82.5;3.0;0;0;14.48;328.31;312.94;2.31;118019.0;33.0;33.0;50.0;4688.0;1005.55;19.53;0;1.0;0;1.0;0;0;1.0;0;0;1.0;0;0;1.0;1.0;0;0;0;0;0
602484;1.99;1.00;32.0;2074.0;24.0;82.5;6.75;2.74;11.89;14.58;240.08;268.65;2.31;118019.0;32.0;32.0;50.0;4229.0;1005.55;195.31;2.0;1.0;0;1.0;0;0;1.0;0;0;1.0;0;0;1.0;1.0;0;0;0;0;0
603007;1.75;0.99;32.0;2560.0;24.0;82.5;15.0;2.74;11.44;14.58;233.01;296.97;2.31;118019.0;32.0;32.0;50.0;4207.0;1005.59;859.36;2.0;1.0;0;1.0;0;0;1.0;0;0;1.0;0;0;1.0;1.0;0;0;0;0;0
603557;1.68;0.97;32.0;2554.0;24.0;81.75;21.0;2.74;12.54;14.48;241.91;300.93;2.31;118019.0;33.0;33.0;51.0;4361.0;1005.59;839.83;2.0;1.0;0;1.0;0;0;1.0;0;0;1.0;0;0;1.0;1.0;0;0;0;0;0
604086;1.6;0.95;33.0;2611.0;24.0;81.75;27.0;2.74;13.03;14.48;245.06;328.45;2.31;118019.0;33.0;34.0;51.0;4471.0;1005.55;839.83;2.0;1.0;0;1.0;0;0;1.0;0;0;1.0;0;0;0;1.0;0;0;0;0;0
604616;1.52;0.93;33.0;2691.0;24.0;81.75;29.25;2.74;12.86;14.48;215.53;332.32;2.31;118019.0;34.0;34.0;51.0;4517.0;1005.52;839.83;2.0;1.0;0;1.0;0;0;1.0;0;0;1.0;0;0;1.0;1.0;0;0;0;0;0
605140;1.45;0.91;35.0;2727.0;24.0;81.75;29.25;2.74;12.69;14.48;201.25;300.01;2.31;118019.0;35.0;35.0;51.0;4508.0;1005.40;820.30;2.0;1.0;0;1.0;0;0;1.0;0;0;1.0;0;0;1.0;1.0;0;0;0;0;0
605651;1.37;0.90;35.0;2748.0;24.0;81.75;30.75;2.74;12.36;14.48;252.13;317.87;2.31;118019.0;36.0;35.0;51.0;4536.0;1005.59;800.77;2.0;1.0;0;1.0;0;0;1.0;0;0;1.0;0;0;1.0;1.0;0;0;0;0;0
606229;1.19;0.88;36.0;2830.0;24.0;81.75;31.5;2.35;10.86;14.48;298.43;340.19;2.31;118019.0;36.0;36.0;51.0;4526.0;1005.67;800.77;2.0;1.0;0;1.0;0;0;1.0;0;0;1.0;0;0;1.0;1.0;0;0;0;0;0
606754;1.20;0.86;36.0;2756.0;24.0;81.0;30.75;2.35;11.15;14.48;318.04;353.37;2.31;118019.0;36.0;36.0;51.0;4518.0;1005.63;781.24;2.0;1.0;0;1.0;0;0;1.0;0;0;1.0;0;0;1.0;1.0;0;0;0;0;0
607309;0.79;1.00;36.0;2764.0;24.0;81.0;15.75;0;12.69;14.58;321.52;333.53;2.31;118019.0;36.0;35.0;51.0;4499.0;1005.71;97.65;2.0;1.0;0;1.0;0;0;1.0;0;0;1.0;0;0;1.0;1.0;0;0;0;0;0
607830;1.84;1.00;33.0;2698.0;24.0;81.0;15.75;2.74;10.23;14.48;345.44;350.32;2.31;118019.0;34.0;34.0;51.0;4474.0;1005.63;800.77;2.0;1.0;0;1.0;0;0;1.0;0;0;1.0;0;0;1.0;1.0;0;0;0;0;0
608344;1.79;0.99;33.0;2794.0;24.0;81.0;13.5;3.52;11.36;14.48;324.78;351.14;2.31;118019.0;34.0;34.0;51.0;4493.0;1005.83;820.30;2.0;1.0;0;1.0;0;0;1.0;0;0;1.0;0;0;1.0;1.0;0;0;0;0;0
608867;1.76;0.97;35.0;2729.0;24.0;81.0;20.25;3.52;13.02;14.48;344.93;349.17;2.31;118019.0;35.0;35.0;51.0;4520.0;1005.91;820.30;2.0;1.0;0;1.0;0;0;1.0;0;0;1.0;0;0;1.0;1.0;0;0;0;0;0
609393;1.68;0.95;36.0;2813.0;24.0;81.0;27.0;3.52;13.74;14.48;343.37;347.24;2.31;118019.0;36.0;36.0;51.0;4522.0;1005.91;820.30;2.0;1.0;0;1.0;0;0;1.0;0;0;1.0;0;0;1.0;1.0;0;0;0;0;0
609921;1.07;0.93;36.0;2694.0;24.0;80.25;29.25;1.17;9.14;14.48;294.47;266.95;2.31;118019.0;36.0;37.0;52.0;4556.0;1005.83;820.30;2.0;1.0;0;1.0;0;0;1.0;0;0;1.0;0;0;1.0;1.0;0;0;0;0;0
610445;1.02;0.99;35.0;2709.0;24.0;80.25;29.25;1.17;8.19;14.48;156.43;154.85;2.31;118019.0;35.0;35.0;52.0;4493.0;1005.91;781.24;2.0;1.0;0;1.0;0;0;1.0;0;0;1.0;0;0;1.0;1.0;0;0;0;0;0
610958;1.42;0.98;33.0;2718.0;24.0;80.25;24.0;2.35;10.96;14.48;78.80;73.99;2.31;118019.0;34.0;34.0;52.0;4505.0;1006.06;820.30;2.0;1.0;0;1.0;0;0;1.0;0;0;1.0;0;0;1.0;1.0;0;0;0;0;0
611482;1.2;0.96;35.0;2632.0;24.0;80.25;28.5;1.56;10.09;14.58;47.59;43.63;2.31;118019.0;34.0;35.0;52.0;4507.0;1006.14;820.30;2.0;1.0;0;1.0;0;0;1.0;0;0;1.0;0;0;1.0;1.0;0;0;0;0;0
612039;0.84;1.00;33.0;2585.0;24.0;80.25;14.25;0;12.90;14.48;28.57;25.74;2.31;118019.0;34.0;34.0;52.0;4493.0;1006.18;566.39;2.0;1.0;0;1.0;0;0;1.0;0;0;1.0;0;0;1.0;1.0;0;0;0;0;0
612609;0.85;1.00;31.0;2466.0;24.0;80.25;13.5;0;12.67;14.58;16.54;19.82;2.31;118019.0;32.0;32.0;49.0;4532.0;1006.10;0;2.0;1.0;0;1.0;0;0;1.0;0;0;1.0;0;0;1.0;1.0;0;0;0;0;0
613132;0.84;1.00;30.0;2326.0;24.0;80.25;15.75;0;12.67;14.39;14.58;19.25;2.31;118019.0;30.0;30.0;45.0;4547.0;1006.18;0;2.0;1.0;0;1.0;0;0;1.0;0;0;1.0;0;0;1.0;1.0;0;0;0;0;0
613669;0.88;1.00;28.0;2205.0;24.0;80.25;15.75;0;12.71;14.48;16.19;15.87;2.31;118019.0;29.0;29.0;45.0;4537.0;1006.18;19.53;2.0;1.0;0;1.0;0;0;1.0;0;0;1.0;0;0;1.0;1.0;0;0;0;0;0
614192;0.90;1.00;27.0;2102.0;24.0;80.25;15.0;0;12.63;14.48;9.99;20.17;2.31;118019.0;27.0;27.0;44.0;4541.0;1006.22;19.53;2.0;1.0;0;1.0;0;0;1.0;0;0;1.0;0;0;0;1.0;0;0;0;0;0
614706;0.96;1.00;25.0;2007.0;24.0;80.25;14.25;0;12.69;14.58;10.83;14.84;2.31;118019.0;25.0;25.0;45.0;4492.0;1006.26;39.06;2.0;1.0;0;1.0;0;0;1.0;0;0;1.0;0;0;1.0;1.0;0;0;0;0;0
615265;1.0;1.00;23.0;1886.0;24.0;80.25;14.25;0;12.69;14.58;24.80;17.61;2.31;118019.0;24.0;24.0;44.0;4526.0;1006.26;39.06;2.0;1.0;0;1.0;0;0;1.0;0;0;1.0;0;0;1.0;1.0;0;0;0;0;0
615789;1.05;1.00;22.0;1762.0;24.0;80.25;15.75;0;12.68;14.48;21.20;14.70;2.31;118019.0;22.0;22.0;43.0;4523.0;1006.30;58.59;2.0;1.0;0;1.0;0;0;1.0;0;0;1.0;0;0;1.0;1.0;0;0;0;0;0
616356;1.19;1.02;20.0;1576.0;24.0;80.25;14.25;0;12.64;14.48;23.33;17.53;2.31;118019.0;20.0;20.0;44.0;4485.0;1006.30;507.80;2.0;1.0;0;1.0;0;0;1.0;0;0;1.0;0;0;1.0;1.0;0;0;0;0;0
616880;1.24;1.01;18.0;1483.0;24.0;80.25;15.0;0;12.66;14.39;19.47;18.28;2.31;118019.0;18.0;18.0;45.0;4477.0;1006.34;859.36;2.0;1.0;0;1.0;0;0;1.0;0;0;1.0;0;0;1.0;1.0;0;0;0;0;0
617416;1.36;1.00;16.0;1324.0;24.0;80.25;14.25;0;12.53;14.58;14.13;13.28;2.31;118019.0;15.0;16.0;45.0;4501.0;1006.34;859.36;2.0;1.0;0;1.0;0;0;1.0;0;0;1.0;0;0;1.0;1.0;0;0;0;0;0
617940;1.27;0.98;12.0;1365.0;24.0;80.25;13.5;0;12.41;14.48;10.81;9.62;2.31;118019.0;12.0;12.0;44.0;4497.0;1006.34;839.83;2.0;1.0;0;1.0;0;0;1.0;0;0;1.0;0;0;1.0;1.0;0;0;0;0;0
618452;1.32;0.97;11.0;1326.0;24.0;80.25;13.5;0;12.44;14.48;7.44;13.20;2.31;118019.0;12.0;11.0;45.0;4500.0;1006.34;761.70;2.0;1.0;0;1.0;0;0;1.0;0;0;1.0;0;0;1.0;1.0;0;0;0;0;0
618979;1.25;0.95;11.0;1319.0;24.0;80.25;14.25;0;12.59;14.39;5.99;11.67;2.31;118019.0;11.0;11.0;45.0;4506.0;1006.34;585.93;2.0;1.0;0;1.0;0;0;1.0;0;0;1.0;0;0;1.0;1.0;0;0;0;0;0
619565;1.38;0.95;10.0;1246.0;24.0;80.25;18.0;0;13.28;14.48;4.31;8.92;2.31;118019.0;10.0;10.0;45.0;4521.0;1006.34;39.06;2.0;1.0;0;1.0;0;0;1.0;0;0;1.0;0;0;1.0;1.0;0;0;0;0;0
620076;1.29;0.97;10.0;1277.0;24.0;80.25;15.75;0;12.83;14.48;3.08;6.46;2.31;118019.0;10.0;10.0;45.0;4517.0;1006.34;58.59;2.0;1.0;0;1.0;0;0;1.0;0;0;1.0;0;0;1.0;1.0;0;0;0;0;0
620600;1.38;0.98;10.0;1275.0;24.0;80.25;16.5;0;13.01;14.58;2.32;4.66;2.31;118019.0;10.0;10.0;46.0;4503.0;1006.34;78.12;2.0;1.0;0;1.0;0;0;1.0;0;0;1.0;0;0;1.0;1.0;0;0;0;0;0
621136;1.34;1.00;10.0;1291.0;24.0;80.25;15.0;0;12.74;14.58;5.85;54.44;2.31;118019.0;10.0;9.0;46.0;4521.0;1006.34;58.59;2.0;1.0;0;1.0;1.0;0;1.0;0;0;1.0;0;0;1.0;1.0;0;0;1.0;0;0
621660;1.32;1.02;8.0;1330.0;24.0;80.25;13.5;0;12.51;14.58;17.83;58.86;2.31;118019.0;9.0;9.0;45.0;4510.0;1006.34;703.11;2.0;1.0;0;1.0;0;0;1.0;0;0;1.0;0;0;1.0;1.0;0;0;0;0;0
622184;1.40;1.00;8.0;1294.0;24.0;80.25;14.25;0;12.63;14.48;12.96;45.19;2.31;118019.0;9.0;9.0;45.0;4512.0;1006.34;761.70;1.0;1.0;0;1.0;1.0;0;1.0;0;0;1.0;0;0;1.0;1.0;0;0;1.0;0;0
622696;1.35;0.98;7.0;1335.0;24.0;80.25;12.0;0;12.15;14.48;9.92;34.68;2.31;118019.0;8.0;7.0;45.0;4518.0;1006.34;781.24;1.0;1.0;0;1.0;0;0;1.0;0;0;1.0;0;0;1.0;1.0;0;0;0;0;0
623217;1.33;0.96;5.0;1242.0;24.0;80.25;18.0;0;13.21;14.48;7.57;25.25;2.31;118019.0;6.0;5.0;43.0;4515.0;1006.34;761.70;1.0;1.0;0;1.0;0;0;1.0;0;0;1.0;0;0;1.0;1.0;0;0;0;0;0
623730;1.36;0.95;3.0;1262.0;24.0;80.25;16.5;0;12.89;14.48;13.00;23.96;2.31;118019.0;4.0;4.0;44.0;4503.0;1006.34;97.65;1.0;1.0;0;1.0;0;0;1.0;0;0;1.0;0;0;1.0;1.0;0;0;0;0;0
624254;1.28;0.97;0;1321.0;24.0;80.25;13.5;0;12.36;14.39;9.94;17.44;2.31;118019.0;0;0;44.0;4528.0;1006.34;39.06;1.0;1.0;0;1.0;0;0;1.0;0;0;1.0;0;0;0;1.0;0;0;0;0;0
624782;1.36;0.98;0;1310.0;24.75;80.25;13.5;0;12.38;14.58;7.57;13.35;2.31;118019.0;0;0;44.0;4507.0;1006.34;117.18;1.0;1.0;0;1.0;0;0;1.0;0;0;1.0;0;0;1.0;1.0;0;0;0;0;0
625312;1.30;0.99;0;1296.0;24.75;80.25;14.25;0;12.53;14.39;5.48;12.22;2.31;118019.0;0;0;44.0;4503.0;1006.34;507.80;1.0;1.0;0;1.0;0;0;1.0;0;0;1.0;0;0;1.0;1.0;0;0;0;0;0
625835;1.32;0.99;0;1267.0;24.75;81.0;15.0;0;12.58;14.48;6.17;42.28;2.31;118019.0;0;0;43.0;4513.0;1006.34;58.59;1.0;1.0;0;1.0;0;0;1.0;0;0;1.0;0;0;1.0;1.0;0;0;0;0;0
626384;1.41;1.00;0;1221.0;24.75;81.0;19.5;0;13.30;14.39;55.58;72.57;2.31;118019.0;0;0;42.0;4513.0;1006.34;58.59;1.0;1.0;0;1.0;0;0;1.0;0;0;1.0;0;0;1.0;1.0;0;0;0;0;0
626906;1.32;1.02;0;1286.0;24.75;81.0;14.25;0;12.44;14.39;98.78;77.55;2.31;118019.0;0;0;42.0;4512.0;1006.34;546.86;1.0;1.0;0;1.0;0;0;1.0;0;0;1.0;0;0;1.0;1.0;0;0;0;0;0
627442;1.28;1.00;0;1293.0;24.75;81.0;14.25;0;12.40;14.48;101.28;68.55;2.31;118019.0;0;0;43.0;4508.0;1006.34;781.24;1.0;1.0;0;1.0;0;0;1.0;0;0;1.0;0;0;1.0;1.0;0;0;0;0;0
627966;1.33;0.98;0;1280.0;24.75;81.0;14.25;0;12.36;14.48;103.78;65.58;2.31;118019.0;0;0;42.0;4521.0;1006.34;781.24;1.0;1.0;0;1.0;0;0;1.0;0;0;1.0;0;0;1.0;1.0;0;0;0;0;0
628490;1.29;0.97;0;1264.0;24.75;81.0;16.5;0;12.74;14.58;99.72;89.79;2.31;118019.0;0;0;43.0;4510.0;1006.34;664.05;1.0;1.0;0;1.0;0;0;1.0;0;0;1.0;0;0;1.0;1.0;0;0;0;0;0
629002;1.26;0.96;0;1283.0;24.75;81.0;15.0;0;12.49;14.48;153.66;130.42;2.31;118019.0;0;0;43.0;4528.0;1006.34;58.59;1.0;1.0;0;1.0;0;0;1.0;0;0;1.0;0;0;1.0;1.0;0;0;0;0;0
629525;1.38;0.98;0;1272.0;24.75;81.0;16.5;0;12.81;14.48;142.94;140.67;2.31;118019.0;0;0;44.0;4523.0;1006.34;39.06;1.0;1.0;0;1.0;0;0;1.0;0;0;1.0;0;0;1.0;1.0;0;0;0;0;0
630096;1.35;0.99;0;1291.0;24.75;81.0;14.25;0;12.48;14.58;98.80;102.51;2.31;118019.0;0;0;43.0;4509.0;1006.34;58.59;1.0;1.0;0;1.0;0;0;1.0;0;0;1.0;0;0;1.0;1.0;0;0;0;0;0
630620;1.40;1.00;0;1278.0;24.75;81.0;15.0;0;12.53;14.48;90.32;98.21;2.31;118019.0;0;0;43.0;4513.0;1006.34;546.86;1.0;1.0;0;1.0;0;0;1.0;0;0;1.0;0;0;1.0;1.0;0;0;0;0;0
631145;1.28;0.99;0;1297.0;24.75;81.0;13.5;0;12.31;14.48;86.12;88.50;2.31;118019.0;0;0;43.0;4523.0;1006.34;722.64;1.0;1.0;0;1.0;0;0;1.0;0;0;1.0;0;0;1.0;1.0;0;0;0;0;0
631656;1.38;0.99;0;1275.0;24.75;81.75;14.25;0;12.44;14.48;88.50;107.88;2.31;118019.0;0;0;43.0;4510.0;1006.34;97.65;1.0;1.0;0;1.0;0;0;1.0;0;0;1.0;0;0;1.0;1.0;0;0;0;0;0
632180;1.36;1.00;0;1251.0;24.75;81.75;15.75;0;12.64;14.48;145.01;108.27;2.31;118019.0;0;0;43.0;4504.0;1006.34;58.59;1.0;1.0;0;1.0;0;0;1.0;0;0;1.0;0;0;1.0;1.0;0;0;0;0;0
632715;1.33;1.02;0;1303.0;24.75;81.75;12.75;0;12.11;14.58;145.67;154.73;2.31;118019.0;0;0;43.0;4525.0;1006.34;97.65;1.0;1.0;0;1.0;0;0;1.0;0;0;1.0;0;0;1.0;1.0;0;0;0;0;0
633244;1.40;1.02;0;1240.0;24.75;81.75;16.5;0;12.73;14.39;135.77;160.20;2.31;118019.0;0;0;42.0;4514.0;1006.34;703.11;1.0;1.0;0;1.0;0;0;1.0;0;0;1.0;0;0;1.0;1.0;0;0;0;0;0
633775;1.38;1.00;0;1281.0;24.75;81.75;13.5;0;12.20;14.39;133.76;188.95;2.31;118019.0;0;0;42.0;4510.0;1006.34;800.77;1.0;1.0;0;1.0;0;0;1.0;0;0;1.0;0;0;1.0;1.0;0;0;0;0;0
634300;1.26;0.99;0;1275.0;24.75;81.75;14.25;0;12.32;14.48;110.94;158.48;2.31;118019.0;0;0;41.0;4511.0;1006.34;683.58;1.0;1.0;0;1.0;0;0;1.0;0;0;1.0;0;0;0;1.0;0;0;0;0;0
634824;1.35;0.98;0;1251.0;24.75;81.75;16.5;0;12.65;14.48;107.82;152.49;2.31;118019.0;0;0;42.0;4509.0;1006.34;664.05;1.0;1.0;0;1.0;0;0;1.0;0;0;1.0;0;0;1.0;1.0;0;0;0;0;0
635334;1.32;0.99;0;1268.0;24.75;81.75;15.0;0;12.38;14.48;96.61;141.72;2.31;118019.0;0;0;41.0;4513.0;1006.34;78.12;1.0;1.0;0;1.0;0;0;1.0;0;0;1.0;0;0;1.0;1.0;0;0;0;0;0
635857;1.35;1.01;0;1261.0;24.75;81.75;15.75;0;12.53;14.48;89.79;122.17;2.31;118019.0;0;0;41.0;4515.0;1006.34;78.12;1.0;1.0;0;1.0;0;0;1.0;0;0;1.0;0;0;1.0;1.0;0;0;0;0;0
636432;1.33;1.02;0;1249.0;24.75;81.75;16.5;0;12.69;14.39;83.78;125.05;2.31;118019.0;0;0;42.0;4519.0;1006.34;351.55;1.0;1.0;0;1.0;0;0;1.0;0;0;1.0;0;0;1.0;1.0;0;0;0;0;0
636956;1.32;1.04;0;1312.0;24.75;81.75;12.75;0;12.04;14.48;106.22;149.99;2.31;118019.0;0;0;43.0;4508.0;1006.34;332.02;1.0;1.0;0;1.0;1.0;0;1.0;0;0;1.0;0;0;1.0;1.0;0;0;1.0;0;0
637480;1.42;1.04;0;1275.0;24.75;81.75;14.25;0;12.35;14.48;129.97;199.87;2.31;118019.0;0;0;42.0;4517.0;1006.34;820.30;1.0;1.0;0;1.0;0;0;1.0;0;0;1.0;0;0;1.0;1.0;0;0;0;0;0
637989;1.30;1.02;0;1299.0;24.75;82.5;12.75;0;12.04;14.48;132.86;201.90;2.31;118019.0;0;0;42.0;4508.0;1006.34;820.30;1.0;1.0;0;1.0;0;0;1.0;0;0;1.0;0;0;1.0;1.0;0;0;0;0;0
638512;1.28;1.00;0;1287.0;24.75;82.5;13.5;0;12.16;14.48;126.96;176.78;2.31;118019.0;0;0;41.0;4524.0;1006.34;800.77;1.0;1.0;0;1.0;0;0;1.0;0;0;1.0;0;0;1.0;1.0;0;0;0;0;0
639025;1.30;0.99;0;1244.0;24.75;82.5;16.5;0;12.65;14.39;92.49;128.83;2.31;118019.0;0;0;41.0;4506.0;1006.34;800.77;1.0;1.0;0;1.0;0;0;1.0;0;0;1.0;0;0;1.0;1.0;0;0;0;0;0
639549;1.35;0.97;0;1248.0;24.75;82.5;16.5;0;12.66;14.58;89.62;114.54;2.31;118019.0;0;0;41.0;4515.0;1006.34;761.70;1.0;1.0;0;1.0;0;0;1.0;0;0;1.0;0;0;1.0;1.0;0;0;0;0;0
640072;1.23;0.96;0;1310.0;24.75;82.5;12.75;0;12.04;14.58;107.70;88.00;2.31;118019.0;0;0;42.0;4514.0;1006.34;175.77;1.0;1.0;0;1.0;0;0;1.0;0;0;1.0;0;0;1.0;1.0;0;0;0;0;0
640606;1.38;0.97;0;1205.0;24.75;82.5;20.25;0;13.30;14.48;144.18;126.24;2.31;118019.0;0;0;43.0;4511.0;1006.34;58.59;1.0;1.0;0;1.0;0;0;1.0;0;0;1.0;0;0;1.0;1.0;0;0;0;0;0
641130;1.32;0.99;0;1274.0;24.75;82.5;15.0;0;12.47;14.58;204.12;176.78;2.31;118019.0;0;0;43.0;4513.0;1006.34;58.59;1.0;1.0;0;1.0;0;0;1.0;0;0;1.0;0;0;1.0;1.0;0;0;0;0;0
641675;1.41;1.01;0;1259.0;24.75;82.5;15.75;0;12.65;14.48;247.83;201.35;2.31;118019.0;0;0;43.0;4513.0;1006.34;136.71;1.0;1.0;0;1.0;0;0;1.0;0;0;1.0;0;0;1.0;1.0;0;0;0;0;0
642199;1.33;1.00;0;1274.0;24.75;82.5;14.25;0;12.41;14.58;254.92;227.95;2.31;118019.0;0;0;42.0;4508.0;1006.34;800.77;1.0;1.0;0;1.0;0;0;1.0;0;0;1.0;0;0;1.0;1.0;0;0;0;0;0
642722;1.28;0.99;0;1299.0;24.75;82.5;12.75;0;12.12;14.39;230.29;234.41;2.31;118019.0;0;0;42.0;4526.0;1006.34;332.02;1.0;1.0;0;1.0;0;0;1.0;0;0;1.0;0;0;1.0;1.0;0;0;0;0;0
643235;1.34;1.00;0;1240.0;24.75;82.5;16.5;0;12.73;14.48;223.32;225.00;2.31;118019.0;0;0;41.0;4506.0;1006.34;156.24;1.0;1.0;0;1.0;0;0;1.0;0;0;1.0;0;0;1.0;1.0;0;0;0;0;0
643756;1.36;0.99;0;1271.0;24.75;82.5;14.25;0;12.31;14.48;208.50;181.08;2.31;118019.0;0;0;41.0;4509.0;1006.34;781.24;1.0;1.0;0;1.0;0;0;1.0;0;0;1.0;0;0;1.0;1.0;0;0;0;0;0
644330;1.26;0.98;0;1251.0;24.75;82.5;15.75;0;12.95;14.58;160.20;131.94;2.31;118019.0;0;0;41.0;4505.0;1006.34;761.70;1.0;1.0;0;1.0;0;0;1.0;0;0;1.0;0;0;1.0;1.0;0;0;0;0;0
644851;1.32;0.96;0;1211.0;24.75;82.5;19.5;0;13.10;14.58;123.05;110.57;2.31;118019.0;0;0;42.0;4510.0;1006.34;214.84;1.0;1.0;0;1.0;0;0;1.0;0;0;1.0;0;0;1.0;1.0;0;0;0;0;0
645363;1.42;0.98;0;1242.0;24.75;82.5;17.25;0;12.83;14.39;117.51;99.72;2.31;118019.0;0;0;43.0;4518.0;1006.34;39.06;1.0;1.0;0;1.0;0;0;1.0;0;0;1.0;0;0;1.0;1.0;0;0;0;0;0
645886;1.39;1.00;0;1240.0;24.75;82.5;17.25;0;12.88;14.48;108.56;91.38;2.31;118019.0;0;0;43.0;4515.0;1006.34;468.74;1.0;1.0;0;1.0;1.0;0;1.0;0;0;1.0;0;0;1.0;1.0;0;0;1.0;0;0
646410;1.28;0.99;0;1279.0;24.75;83.25;13.5;0;12.23;14.39;107.94;128.83;2.31;118019.0;0;0;42.0;4508.0;1006.34;527.33;1.0;1.0;0;1.0;1.0;0;1.0;0;0;1.0;0;0;1.0;1.0;0;0;0;0;0
646950;1.28;1.00;0;1302.0;24.75;83.25;12.0;0;11.88;14.48;158.97;127.47;2.31;118019.0;0;0;41.0;4504.0;1006.34;58.59;1.0;1.0;0;1.0;0;0;1.0;0;0;1.0;0;0;1.0;1.0;0;0;0;0;0
647508;1.36;1.02;0;1253.0;24.75;83.25;15.0;0;12.35;14.48;122.12;106.14;2.31;118019.0;0;0;41.0;4519.0;1006.34;527.33;1.0;1.0;0;1.0;0;0;1.0;0;0;1.0;0;0;1.0;1.0;0;0;0;0;0
648040;1.35;1.01;0;1268.0;24.75;83.25;14.25;0;12.24;14.58;84.42;83.62;2.31;118019.0;0;0;40.0;4506.0;1006.34;800.77;1.0;1.0;0;1.0;0;0;1.0;0;0;1.0;0;0;1.0;1.0;0;0;0;0;0
648598;1.37;0.99;0;1227.0;24.75;83.25;17.25;0;12.75;14.48;64.83;64.23;2.31;118019.0;0;0;41.0;4508.0;1006.34;722.64;1.0;1.0;0;1.0;0;0;1.0;0;0;1.0;0;0;1.0;1.0;0;0;0;0;0
649158;1.27;0.99;0;1283.0;24.75;83.25;13.5;0;12.08;14.48;47.22;44.39;2.31;118019.0;0;0;41.0;4515.0;1006.34;78.12;1.0;1.0;0;1.0;0;0;1.0;0;0;1.0;0;0;1.0;1.0;0;0;0;0;0
649725;1.37;1.00;0;1245.0;24.75;83.25;15.75;0;12.46;14.48;36.24;34.07;2.31;118019.0;0;0;41.0;4513.0;1006.34;507.80;1.0;1.0;0;1.0;0;0;1.0;0;0;1.0;0;0;1.0;1.0;0;0;0;0;0
650249;1.31;0.98;0;1264.0;24.75;83.25;14.25;0;12.25;14.29;24.99;24.80;2.58;118019.0;0;0;41.0;4515.0;1006.34;644.52;1.0;1.0;0;1.0;0;0;1.0;0;0;1.0;0;0;1.0;1.0;0;0;0;0;0
650786;1.28;0.97;0;1240.0;24.75;83.25;16.5;0;12.59;14.39;19.15;19.02;2.31;118019.0;0;0;41.0;4497.0;1006.34;78.12;1.0;1.0;0;1.0;0;0;1.0;0;0;1.0;0;0;1.0;1.0;0;0;0;0;0
651309;1.41;0.99;0;1198.0;24.75;83.25;20.25;0;13.20;14.39;14.68;13.82;2.31;118019.0;0;0;42.0;4518.0;1006.34;19.53;1.0;1.0;0;1.0;1.0;0;1.0;0;0;1.0;0;0;1.0;1.0;0;0;1.0;0;0
651822;1.34;1.00;0;1250.0;24.75;83.25;15.75;0;12.50;14.58;41.14;18.92;2.31;118019.0;0;0;42.0;4523.0;1006.34;58.59;1.0;1.0;0;1.0;0;0;1.0;0;0;1.0;0;0;1.0;1.0;0;0;0;0;0
652345;1.44;1.02;0;1240.0;24.75;83.25;16.5;0;12.65;14.48;74.03;91.53;2.31;118019.0;0;0;41.0;4513.0;1006.34;664.05;1.0;1.0;0;1.0;1.0;0;1.0;0;0;1.0;0;0;1.0;1.0;0;0;1.0;0;0
652869;1.28;1.00;0;1289.0;24.75;83.25;12.75;0;11.95;14.58;56.85;70.28;2.31;118019.0;0;0;40.0;4509.0;1006.34;820.30;1.0;1.0;0;1.0;1.0;0;1.0;0;0;1.0;0;0;1.0;1.0;0;0;1.0;0;0
653381;1.29;0.99;0;1267.0;24.75;83.25;14.25;0;12.20;14.39;47.75;51.18;2.31;118019.0;0;0;41.0;4519.0;1006.34;781.24;1.0;1.0;0;1.0;0;0;1.0;0;0;1.0;0;0;1.0;1.0;0;0;0;0;0
653905;1.35;0.97;0;1256.0;24.75;83.25;15.0;0;12.29;14.39;36.65;39.31;2.31;118019.0;0;0;40.0;4519.0;1006.34;234.37;1.0;1.0;0;1.0;0;0;1.0;0;0;1.0;0;0;1.0;1.0;0;0;0;0;0
654441;1.40;0.99;0;1225.0;24.75;83.25;17.25;0;12.65;14.48;32.20;30.83;2.31;118019.0;0;0;40.0;4504.0;1006.34;78.12;1.0;1.0;0;1.0;0;0;1.0;0;0;1.0;0;0;1.0;1.0;0;0;0;0;0
654966;1.36;1.00;0;1211.0;24.75;83.25;19.5;0;12.78;14.58;33.16;34.00;2.31;118019.0;0;0;40.0;4499.0;1006.34;234.37;1.0;1.0;0;1.0;0;0;1.0;0;0;1.0;0;0;1.0;1.0;0;0;0;0;0
655530;1.35;1.02;0;1231.0;24.75;83.25;17.25;0;12.67;14.39;25.42;26.07;2.31;118019.0;0;0;40.0;4521.0;1006.34;136.71;1.0;1.0;0;1.0;0;0;1.0;0;0;1.0;0;0;1.0;1.0;0;0;0;0;0
656061;1.41;1.04;0;1225.0;24.75;83.25;18.0;0;12.85;14.48;25.03;33.92;2.31;118019.0;0;0;41.0;4530.0;1006.34;507.80;1.0;1.0;0;1.0;0;0;1.0;0;0;1.0;0;0;1.0;1.0;0;0;0;0;0
656616;1.45;1.03;0;1259.0;24.75;83.25;15.0;0;12.33;14.39;25.23;28.24;2.31;118019.0;0;0;42.0;4506.0;1006.34;820.30;1.0;1.0;0;1.0;0;0;1.0;0;0;1.0;0;0;1.0;1.0;0;0;0;0;0
657128;1.39;1.01;0;1253.0;24.75;83.25;15.0;0;12.35;14.58;21.63;26.67;2.31;118019.0;0;0;41.0;4507.0;1006.34;820.30;1.0;1.0;0;1.0;0;0;1.0;0;0;1.0;0;0;1.0;1.0;0;0;0;0;0
657661;1.34;1.00;0;1238.0;24.75;83.25;16.5;0;12.51;14.58;18.70;27.38;2.31;118019.0;0;0;41.0;4511.0;1006.34;820.30;1.0;1.0;0;1.0;0;0;1.0;0;0;1.0;0;0;1.0;1.0;0;0;0;0;0
658191;1.24;0.98;0;1279.0;24.75;83.25;13.5;0;12.12;14.48;14.33;20.99;2.31;118019.0;0;0;41.0;4542.0;1006.34;605.46;1.0;1.0;0;1.0;0;0;1.0;0;0;1.0;0;0;1.0;1.0;0;0;0;0;0
658715;1.36;0.98;0;1218.0;24.75;83.25;18.0;0;12.94;14.39;26.34;21.36;2.31;118019.0;0;0;42.0;4511.0;1006.34;78.12;1.0;1.0;0;1.0;0;0;1.0;0;0;1.0;0;0;1.0;1.0;0;0;0;0;0
659236;1.36;1.00;0;1249.0;24.75;83.25;15.75;0;12.49;14.48;68.29;39.99;2.31;118019.0;0;0;41.0;4512.0;1006.34;97.65;1.0;1.0;0;1.0;0;0;1.0;0;0;1.0;0;0;1.0;1.0;0;0;0;0;0
659749;1.45;1.01;0;1225.0;24.75;83.25;17.25;0;12.76;14.58;49.72;32.69;2.31;118019.0;0;0;41.0;4520.0;1006.34;117.18;1.0;1.0;0;1.0;0;0;1.0;0;0;1.0;0;0;1.0;1.0;0;0;0;0;0
660273;1.38;1.02;0;1231.0;24.75;83.25;17.25;0;12.78;14.48;38.18;25.07;2.31;118019.0;0;0;41.0;4515.0;1006.34;742.17;1.0;1.0;0;1.0;0;0;1.0;0;0;1.0;0;0;1.0;1.0;0;0;0;0;0
660784;1.35;1.00;0;1260.0;24.75;83.25;15.0;0;12.37;14.39;45.23;23.67;2.31;118019.0;0;0;43.0;4522.0;1006.34;742.17;1.0;1.0;0;1.0;0;0;1.0;0;0;1.0;0;0;1.0;1.0;0;0;0;0;0
661308;1.40;0.99;0;1270.0;24.75;83.25;14.25;0;12.35;14.58;80.34;56.20;2.31;118019.0;0;0;43.0;4499.0;1006.34;605.46;1.0;1.0;0;1.0;0;0;1.0;0;0;1.0;0;0;1.0;1.0;0;0;1.0;0;0
661831;1.26;0.99;0;1309.0;24.75;83.25;12.0;0;11.92;14.58;119.19;85.85;2.31;118019.0;0;0;42.0;4512.0;1006.34;39.06;1.0;1.0;0;1.0;0;0;1.0;0;0;1.0;0;0;1.0;1.0;0;0;0;0;0
662366;1.28;1.00;0;1280.0;24.75;83.25;13.5;0;12.18;14.39;101.26;73.53;2.31;118019.0;0;0;41.0;4504.0;1006.34;78.12;1.0;1.0;0;1.0;0;0;1.0;0;0;1.0;0;0;1.0;1.0;0;0;0;0;0
662890;1.34;1.02;0;1264.0;24.75;83.25;14.25;0;12.28;14.48;77.76;53.55;2.31;118019.0;0;0;41.0;4516.0;1006.34;624.99;1.0;1.0;0;1.0;0;0;1.0;0;0;1.0;0;0;1.0;1.0;0;0;0;0;0
663399;1.29;1.00;0;1280.0;24.75;83.25;13.5;0;12.12;14.58;62.94;39.00;2.31;118019.0;0;0;41.0;4512.0;1006.34;683.58;1.0;1.0;0;1.0;0;0;1.0;0;0;1.0;0;0;1.0;1.0;0;0;0;0;0
663985;1.36;0.99;0;1222.0;24.75;83.25;17.25;0;12.78;14.48;48.33;29.91;2.31;118019.0;0;0;41.0;4522.0;1006.34;800.77;1.0;1.0;0;1.0;0;0;1.0;0;0;1.0;0;0;1.0;1.0;0;0;0;0;0
664518;1.25;0.97;0;1277.0;24.75;83.25;13.5;0;12.09;14.39;33.37;23.67;2.31;118019.0;0;0;41.0;4514.0;1006.34;800.77;1.0;1.0;0;1.0;0;0;1.0;0;0;1.0;0;0;1.0;1.0;0;0;0;0;0
665054;1.24;0.95;0;1274.0;24.75;83.25;14.25;0;12.23;14.39;25.62;18.14;2.31;118019.0;0;0;41.0;4515.0;1006.34;253.90;1.0;1.0;0;1.0;0;0;1.0;0;0;1.0;0;0;1.0;1.0;0;0;0;0;0
665613;1.35;0.97;0;1223.0;24.75;83.25;17.25;0;12.78;14.58;35.58;29.11;2.31;118019.0;0;0;42.0;4519.0;1006.34;58.59;1.0;1.0;0;1.0;0;0;1.0;0;0;1.0;0;0;1.0;1.0;0;0;0;0;0
666145;1.34;0.98;0;1230.0;24.75;83.25;17.25;0;12.79;14.48;50.95;25.19;2.31;118019.0;0;0;41.0;4513.0;1006.34;58.59;1.0;1.0;0;1.0;0;0;1.0;0;0;1.0;0;0;1.0;1.0;0;0;0;0;0
666669;1.32;1.00;0;1242.0;24.75;83.25;16.5;0;12.65;14.48;37.10;19.31;2.31;118019.0;0;0;41.0;4520.0;1006.34;234.37;1.0;1.0;0;1.0;0;0;1.0;0;0;1.0;0;0;1.0;1.0;0;0;0;0;0
667215;1.33;1.02;0;1279.0;24.75;83.25;13.5;0;12.15;14.48;30.81;17.14;2.31;118019.0;0;0;42.0;4511.0;1006.34;683.58;1.0;1.0;0;1.0;0;0;1.0;0;0;1.0;0;0;1.0;1.0;0;0;0;0;0
667738;1.27;1.00;0;1310.0;24.75;83.25;12.0;0;11.87;14.58;47.43;36.16;2.31;118019.0;0;0;42.0;4510.0;1006.34;546.86;1.0;1.0;0;1.0;0;0;1.0;0;0;1.0;0;0;1.0;1.0;0;0;0;0;0
668268;1.39;1.00;0;1263.0;24.75;83.25;15.0;0;12.40;14.48;56.05;84.60;2.31;118019.0;0;0;42.0;4514.0;1006.34;703.11;1.0;1.0;0;1.0;0;0;1.0;0;0;1.0;0;0;1.0;1.0;0;0;0;0;0
668799;1.35;0.99;0;1258.0;24.75;83.25;15.0;0;12.40;14.48;89.52;117.57;2.31;118019.0;0;0;42.0;4508.0;1006.34;644.52;1.0;1.0;0;1.0;0;0;1.0;0;0;1.0;0;0;1.0;1.0;0;0;0;0;0
669324;1.44;0.97;0;1221.0;24.75;83.25;18.0;0;12.98;14.58;69.64;118.17;2.31;118019.0;0;0;42.0;4521.0;1006.34;761.70;1.0;1.0;0;1.0;1.0;0;1.0;0;0;1.0;0;0;1.0;1.0;0;0;1.0;0;0
669835;1.26;0.96;0;1282.0;24.75;83.25;13.5;0;12.18;14.39;90.34;105.93;2.31;118019.0;0;0;42.0;4514.0;1006.34;644.52;1.0;1.0;0;1.0;0;0;1.0;0;0;1.0;0;0;1.0;1.0;0;0;0;0;0
670358;1.29;0.95;0;1284.0;24.75;83.25;13.5;0;13.10;14.48;101.18;85.38;2.31;118019.0;0;0;42.0;4513.0;1006.34;58.59;1.0;1.0;0;1.0;0;0;1.0;0;0;1.0;0;0;1.0;1.0;0;0;0;0;0
670870;1.30;0.97;0;1228.0;24.75;83.25;16.5;0;12.65;14.39;112.12;73.39;2.31;118019.0;0;0;40.0;4526.0;1006.34;39.06;1.0;1.0;0;1.0;0;0;1.0;0;0;1.0;0;0;1.0;1.0;0;0;0;0;0
671393;1.31;0.98;0;1267.0;24.75;83.25;14.25;0;12.28;14.58;96.92;72.28;2.31;118019.0;0;0;41.0;4502.0;1006.34;78.12;1.0;1.0;0;1.0;0;0;1.0;0;0;1.0;0;0;1.0;1.0;0;0;0;0;0
671916;1.34;1.00;0;1255.0;24.75;83.25;15.0;0;12.34;14.39;74.42;55.50;2.31;118019.0;0;0;42.0;4513.0;1006.34;234.37;1.0;1.0;0;1.0;0;0;1.0;0;0;1.0;0;0;1.0;1.0;0;0;0;0;0
672451;1.34;1.02;0;1247.0;24.75;83.25;15.75;0;12.51;14.48;94.03;54.70;2.31;118019.0;0;0;42.0;4513.0;1006.34;332.02;1.0;1.0;0;1.0;0;0;1.0;0;0;1.0;0;0;1.0;1.0;0;0;0;0;0
672974;1.37;1.03;0;1266.0;24.75;83.25;14.25;0;12.28;14.58;112.70;47.84;2.31;118019.0;0;0;41.0;4515.0;1006.34;97.65;1.0;1.0;0;1.0;0;0;1.0;0;0;1.0;0;0;1.0;1.0;0;0;0;0;0
673491;1.39;1.03;0;1236.0;24.75;83.25;16.5;0;12.65;14.48;82.12;34.82;2.31;118019.0;0;0;41.0;4508.0;1006.34;859.36;1.0;1.0;0;1.0;0;0;1.0;0;0;1.0;0;0;1.0;1.0;0;0;0;0;0
674014;1.32;1.01;0;1280.0;24.75;83.25;13.5;0;12.09;14.48;59.82;28.72;2.31;118019.0;0;0;41.0;4498.0;1006.34;839.83;1.0;1.0;0;1.0;0;0;1.0;0;0;1.0;0;0;1.0;1.0;0;0;0;0;0
674535;1.42;1.00;0;1199.0;24.75;83.25;19.5;0;13.06;14.39;45.89;22.02;2.31;118019.0;0;0;42.0;4505.0;1006.34;820.30;1.0;1.0;0;1.0;0;0;1.0;0;0;1.0;0;0;1.0;1.0;0;0;0;0;0
675049;1.41;0.98;0;1175.0;24.75;83.25;22.5;0;13.51;14.48;40.66;34.33;2.31;118019.0;0;0;42.0;4517.0;1006.34;585.93;1.0;1.0;0;1.0;0;0;1.0;0;0;1.0;0;0;1.0;1.0;0;0;0;0;0
675571;1.43;0.98;0;1220.0;24.75;83.25;18.0;0;12.95;14.48;40.11;75.32;2.31;118019.0;0;0;42.0;4508.0;1006.34;175.77;1.0;1.0;0;1.0;1.0;0;1.0;0;0;1.0;0;0;1.0;1.0;0;0;0;0;0
676109;1.27;1.00;0;1299.0;24.75;83.25;12.0;0;11.88;14.48;114.83;153.93;2.31;118019.0;0;0;41.0;4512.0;1006.34;136.71;1.0;1.0;0;1.0;0;0;1.0;0;0;1.0;0;0;1.0;1.0;0;0;0;0;0
676631;1.38;1.01;0;1254.0;24.75;83.25;15.0;0;12.37;14.48;95.57;126.04;2.31;118019.0;0;0;41.0;4505.0;1006.34;742.17;1.0;1.0;0;1.0;0;0;1.0;0;0;1.0;0;0;1.0;1.0;0;0;0;0;0
677154;1.36;0.99;0;1232.0;24.75;83.25;16.5;0;12.63;14.39;81.59;91.83;2.31;118019.0;0;0;41.0;4511.0;1006.34;800.77;1.0;1.0;0;1.0;0;0;1.0;0;0;1.0;0;0;1.0;1.0;0;0;0;0;0
677669;1.39;0.99;0;1238.0;24.75;83.25;16.5;0;12.63;14.58;70.05;70.52;2.31;118019.0;0;0;42.0;4507.0;1006.34;117.18;1.0;1.0;0;1.0;0;0;1.0;0;0;1.0;0;0;1.0;1.0;0;0;0;0;0
678193;1.39;1.00;0;1211.0;24.75;83.25;18.0;0;12.94;14.39;85.99;68.90;2.31;118019.0;0;0;42.0;4521.0;1006.34;78.12;1.0;1.0;0;1.0;0;0;1.0;0;0;1.0;0;0;1.0;1.0;0;0;0;0;0
678704;1.39;1.02;0;1269.0;24.75;83.25;14.25;0;12.33;14.39;91.10;91.81;2.31;118019.0;0;0;43.0;4527.0;1006.34;605.46;1.0;1.0;0;1.0;0;0;1.0;0;0;1.0;0;0;1.0;1.0;0;0;0;0;0
679228;1.38;1.02;0;1245.0;24.75;83.25;15.75;0;12.57;14.58;112.66;127.98;2.31;118019.0;0;0;42.0;4512.0;1006.34;781.24;1.0;1.0;0;1.0;0;0;1.0;0;0;1.0;0;0;1.0;1.0;0;0;0;0;0
679751;1.40;1.01;0;1259.0;24.75;83.25;14.25;0;12.35;14.58;137.82;125.07;2.31;118019.0;0;0;41.0;4515.0;1006.34;781.24;1.0;1.0;0;1.0;0;0;1.0;0;0;1.0;0;0;1.0;1.0;0;0;0;0;0
680286;1.38;0.99;0;1261.0;24.75;83.25;14.25;0;12.29;14.39;105.85;96.06;2.31;118019.0;0;0;41.0;4500.0;1006.34;800.77;1.0;1.0;0;1.0;0;0;1.0;0;0;1.0;0;0;1.0;1.0;0;0;0;0;0
680793;1.28;0.98;0;1296.0;24.75;83.25;12.0;0;11.84;14.48;73.13;69.97;2.31;118019.0;0;0;41.0;4527.0;1006.34;761.70;1.0;1.0;0;1.0;0;0;1.0;0;0;1.0;0;0;1.0;1.0;0;0;0;0;0
681325;1.32;0.96;0;1219.0;24.75;83.25;17.25;0;12.75;14.48;63.55;53.74;2.31;118019.0;0;0;41.0;4509.0;1006.34;761.70;1.0;1.0;0;1.0;0;0;1.0;0;0;1.0;0;0;1.0;1.0;0;0;0;0;0
681849;1.26;0.96;0;1276.0;24.75;83.25;14.25;0;12.29;14.58;60.89;76.65;2.31;118019.0;0;0;42.0;4509.0;1006.34;97.65;1.0;1.0;0;1.0;0;0;1.0;0;0;1.0;0;0;1.0;1.0;0;0;0;0;0
682438;1.30;0.97;0;1252.0;24.75;84.0;16.5;0;12.69;14.39;123.80;131.69;2.31;118019.0;0;0;42.0;4517.0;1006.34;58.59;1.0;1.0;0;1.0;0;0;1.0;0;0;1.0;0;0;1.0;1.0;0;0;0;0;0
682983;1.44;0.99;0;1228.0;24.75;84.0;16.5;0;12.70;14.39;162.09;167.86;2.31;118019.0;0;0;41.0;4509.0;1006.34;58.59;1.0;1.0;0;1.0;1.0;0;1.0;0;0;1.0;0;0;1.0;1.0;0;0;0;0;0
683505;1.34;1.01;0;1303.0;24.75;84.0;12.0;0;11.86;14.39;149.05;146.55;2.31;118019.0;0;0;42.0;4513.0;1006.34;449.21;1.0;1.0;0;1.0;0;0;1.0;0;0;1.0;0;0;1.0;1.0;0;0;0;0;0
684031;1.35;1.00;0;1237.0;24.75;84.0;16.5;0;12.63;14.58;122.08;120.20;2.31;118019.0;0;0;41.0;4520.0;1006.34;800.77;1.0;1.0;0;1.0;0;0;1.0;0;0;1.0;0;0;1.0;1.0;0;0;0;0;0
684554;1.36;0.99;0;1229.0;24.75;84.0;17.25;0;12.81;14.58;101.98;95.79;2.31;118019.0;0;0;42.0;4510.0;1006.34;78.12;1.0;1.0;0;1.0;0;0;1.0;0;0;1.0;0;0;1.0;1.0;0;0;0;0;0
685074;1.40;1.01;0;1251.0;24.75;84.0;15.0;0;12.38;14.58;100.57;141.69;2.31;118019.0;0;0;42.0;4516.0;1006.34;78.12;1.0;1.0;0;1.0;0;0;1.0;0;0;1.0;0;0;1.0;1.0;0;0;0;0;0
685596;1.37;1.03;0;1241.0;24.75;84.0;16.5;0;12.65;14.48;75.81;126.84;2.31;118019.0;0;0;41.0;4505.0;1006.34;332.02;1.0;1.0;0;1.0;0;0;1.0;0;0;1.0;0;0;1.0;1.0;0;0;0;0;0
686120;1.36;1.02;0;1252.0;24.75;84.0;15.0;0;12.34;14.48;58.21;104.09;2.31;118019.0;0;0;41.0;4512.0;1006.34;820.30;1.0;1.0;0;1.0;0;0;1.0;0;0;1.0;0;0;1.0;1.0;0;0;0;0;0
686694;1.32;1.01;0;1249.0;24.75;84.0;15.75;0;12.47;14.48;44.70;86.96;2.31;118019.0;0;0;42.0;4512.0;1006.34;800.77;1.0;1.0;0;1.0;0;0;1.0;0;0;1.0;0;0;1.0;1.0;0;0;0;0;0
687253;1.31;0.99;0;1265.0;24.75;84.0;14.25;0;12.25;14.39;64.66;67.49;2.31;118019.0;0;0;41.0;4518.0;1006.34;546.86;1.0;1.0;0;1.0;0;0;1.0;0;0;1.0;0;0;1.0;1.0;0;0;0;0;0
687788;1.32;0.98;0;1255.0;24.75;84.0;15.0;0;12.33;14.39;49.66;51.81;2.31;118019.0;0;0;41.0;4516.0;1006.34;742.17;1.0;1.0;0;1.0;0;0;1.0;0;0;1.0;0;0;1.0;1.0;0;0;0;0;0
688312;1.30;0.98;0;1295.0;24.75;84.0;12.0;0;11.83;14.48;50.23;53.62;2.31;118019.0;0;0;41.0;4505.0;1006.34;781.24;1.0;1.0;0;1.0;0;0;1.0;0;0;1.0;0;0;1.0;1.0;0;0;0;0;0
688838;1.24;0.97;0;1299.0;24.75;84.0;12.75;0;11.94;14.48;38.57;56.36;2.31;118019.0;0;0;41.0;4509.0;1006.34;742.17;1.0;1.0;0;1.0;0;0;1.0;0;0;1.0;0;0;1.0;1.0;0;0;0;0;0
689407;1.22;0.95;0;1282.0;24.75;84.0;13.5;0;12.11;14.39;31.79;43.27;2.31;118019.0;0;0;41.0;4530.0;1006.34;58.59;1.0;1.0;0;1.0;0;0;1.0;0;0;1.0;0;0;1.0;1.0;0;0;0;0;0
689930;1.43;0.97;0;1202.0;24.75;84.0;20.25;0;13.22;14.58;25.23;33.61;2.31;118019.0;0;0;41.0;4509.0;1006.34;58.59;1.0;1.0;0;1.0;0;0;1.0;0;0;1.0;0;0;1.0;1.0;0;0;0;0;0
690444;1.38;0.99;0;1239.0;24.75;84.0;17.25;0;12.81;14.48;24.97;59.66;2.31;118019.0;0;0;43.0;4512.0;1006.34;58.59;1.0;1.0;0;1.0;0;0;1.0;0;0;1.0;0;0;1.0;1.0;0;0;0;0;0
690967;1.30;1.00;0;1275.0;24.75;84.0;14.25;0;12.33;14.48;70.75;62.73;2.31;118019.0;0;0;42.0;4518.0;1006.34;97.65;1.0;1.0;0;1.0;0;0;1.0;0;0;1.0;0;0;1.0;1.0;0;0;0;0;0
691503;1.37;1.02;0;1242.0;24.75;84.0;15.75;0;12.51;14.48;63.23;62.22;2.31;118019.0;0;0;42.0;4518.0;1006.34;566.39;1.0;1.0;0;1.0;0;0;1.0;0;0;1.0;0;0;1.0;1.0;0;0;0;0;0
692025;1.27;1.00;0;1303.0;24.75;84.0;12.0;0;11.88;14.39;52.04;87.22;2.31;118019.0;0;0;42.0;4504.0;1006.34;136.71;1.0;1.0;0;1.0;0;0;1.0;0;0;1.0;0;0;1.0;1.0;0;0;0;0;0
692549;1.40;1.01;0;1262.0;24.75;84.0;14.25;0;12.33;14.48;46.95;74.99;2.31;118019.0;0;0;41.0;4502.0;1006.34;781.24;1.0;1.0;0;1.0;0;0;1.0;0;0;1.0;0;0;1.0;1.0;0;0;0;0;0
693119;1.37;1.00;0;1229.0;24.75;84.0;16.5;0;12.69;14.48;36.18;64.25;2.31;118019.0;0;0;41.0;4520.0;1006.34;742.17;1.0;1.0;0;1.0;0;0;1.0;0;0;1.0;0;0;1.0;1.0;0;0;0;0;0
693675;1.28;0.98;0;1290.0;24.75;84.0;12.75;0;12.03;14.48;60.19;82.18;2.31;118019.0;0;0;42.0;4504.0;1006.34;410.15;1.0;1.0;0;1.0;0;0;1.0;0;0;1.0;0;0;1.0;1.0;0;0;0;0;0
694196;3.76;1.00;0;1338.0;24.75;84.0;12.0;4.31;20.48;14.58;106.36;93.07;2.31;118019.0;0;0;54.0;4551.0;1006.34;898.42;1.0;1.0;0;1.0;0;0;1.0;0;0;1.0;0;0;1.0;1.0;0;0;0;0;0
694720;3.88;1.00;0;2175.0;24.75;84.0;22.5;7.84;23.90;14.39;67.84;69.72;2.31;118019.0;0;0;49.0;4585.0;1006.34;898.42;1.0;1.0;0;1.0;0;0;1.0;0;0;1.0;0;0;1.0;1.0;0;0;0;0;0
695238;4.30;1.00;0;2210.0;24.75;84.0;17.25;12.55;32.22;14.58;50.13;45.68;2.31;118019.0;0;0;49.0;4416.0;1006.34;878.89;1.0;1.0;0;1.0;0;0;1.0;0;0;1.0;0;0;1.0;1.0;0;0;0;0;0
695772;4.11;0.97;16.0;2312.0;24.75;84.0;18.0;13.72;32.23;14.58;31.15;26.91;2.31;118019.0;15.0;16.0;49.0;4398.0;1006.34;859.36;1.0;1.0;0;1.0;0;0;1.0;0;0;1.0;0;0;1.0;1.0;0;0;0;0;0
696297;3.55;0.93;23.0;2602.0;24.75;84.75;24.0;13.72;29.89;14.48;16.48;14.19;2.31;118019.0;23.0;23.0;49.0;4522.0;1006.34;703.11;1.0;1.0;0;1.0;0;0;1.0;0;0;1.0;0;0;1.0;1.0;0;0;0;0;0
696809;4.11;0.93;28.0;3257.0;24.75;84.75;27.0;17.25;30.94;14.58;8.67;7.46;2.31;118019.0;29.0;29.0;49.0;4540.0;1006.34;820.30;1.0;1.0;0;1.0;0;0;1.0;0;0;1.0;0;0;1.0;1.0;0;0;0;0;0
697332;3.73;0.97;35.0;3926.0;24.75;84.75;33.0;16.47;29.76;14.48;5.64;3.28;2.31;118019.0;34.0;35.0;49.0;4584.0;1006.34;820.30;1.0;1.0;0;1.0;0;0;1.0;0;0;1.0;0;0;1.0;1.0;0;0;0;0;0
697869;5.09;1.00;37.0;2961.0;24.75;84.75;21.0;15.68;30.25;14.48;4.33;2.85;2.31;118019.0;36.0;37.0;49.0;4238.0;1006.34;859.36;2.0;1.0;0;1.0;0;0;1.0;0;0;1.0;0;0;1.0;1.0;0;0;0;0;0
698520;3.85;0.98;42.0;3331.0;24.75;84.75;29.25;14.90;29.39;14.58;1.75;1.11;2.31;118019.0;41.0;43.0;49.0;4257.0;1006.34;820.30;2.0;1.0;0;1.0;0;0;1.0;0;0;1.0;0;0;1.0;1.0;0;0;0;0;0
699044;3.68;0.97;47.0;3753.0;24.75;84.75;33.0;15.29;29.07;14.48;0.56;0.33;2.31;118019.0;47.0;48.0;49.0;4451.0;1006.26;820.30;2.0;1.0;0;1.0;0;0;1.0;0;0;1.0;0;0;1.0;1.0;0;0;0;0;0
699580;3.39;0.89;52.0;4059.0;24.75;84.75;34.5;15.68;29.29;14.48;1.60;0.01;2.31;118019.0;50.0;52.0;49.0;4552.0;1006.30;703.11;2.0;1.0;0;1.0;0;0;1.0;0;0;1.0;0;0;1.0;1.0;0;0;0;0;0
700137;0;1.00;56.0;4140.0;24.75;84.75;42.0;0;4.66;14.48;0.39;0;2.31;118019.0;55.0;56.0;49.0;4463.0;1006.18;117.18;2.0;1.0;0;1.0;0;0;1.0;0;0;1.0;0;0;1.0;1.0;0;0;0;0;0
700649;3.64;0.99;57.0;3511.0;24.75;84.75;28.5;11.76;25.95;14.48;1.89;0;2.31;118019.0;56.0;57.0;49.0;4196.0;1006.14;839.83;3.0;1.0;0;1.0;0;0;1.0;0;0;1.0;0;0;1.0;1.0;0;0;0;0;0
701173;3.13;0.92;60.0;3673.0;24.75;84.75;35.25;11.37;25.79;14.48;0.62;0;2.31;118019.0;59.0;60.0;49.0;4341.0;1006.22;800.77;3.0;1.0;0;1.0;0;0;1.0;0;0;1.0;0;0;1.0;1.0;0;0;0;0;0
701709;2.34;0.85;61.0;3766.0;24.75;84.75;40.5;8.23;21.47;14.48;2.30;0;2.31;118019.0;61.0;62.0;49.0;4439.0;1006.26;781.24;3.0;1.0;0;1.0;0;0;1.0;0;0;1.0;0;0;1.0;1.0;0;0;0;0;0
702285;0.64;0.97;65.0;3971.0;24.75;84.75;45.0;0.78;15.15;14.29;0.93;0;2.58;118019.0;64.0;65.0;49.0;4589.0;1006.30;781.24;3.0;1.0;0;1.0;0;0;1.0;0;0;0;0;0;1.0;1.0;0;0;0;0;0
702809;1.84;1.00;65.0;3369.0;24.75;84.75;33.75;4.70;13.84;14.58;0.25;0;2.31;118019.0;64.0;65.0;49.0;4183.0;1006.30;839.83;4.0;1.0;0;1.0;0;0;1.0;0;0;0;0;0;1.0;1.0;0;0;0;0;0
703365;1.47;0.98;65.0;3389.0;24.75;84.75;39.0;3.92;11.71;14.58;0;0;2.31;118019.0;65.0;65.0;49.0;4316.0;1006.30;839.83;4.0;1.0;0;1.0;0;0;1.0;0;0;0;0;0;1.0;1.0;0;0;0;0;0
703892;0.59;1.00;63.0;3320.0;24.75;84.75;-30.0;0;0;14.58;0;0;2.31;118019.0;64.0;64.0;49.0;4470.0;1006.10;800.77;4.0;1.0;0;1.0;0;0;1.0;0;0;0;0;0;1.0;1.0;0;0;0;0;0
704417;0.60;1.00;62.0;3253.0;24.75;84.75;-30.0;0;0;14.48;0;0;2.31;118019.0;63.0;62.0;49.0;4489.0;1006.02;0;4.0;1.0;0;1.0;0;0;1.0;0;0;0;0;0;1.0;1.0;0;0;0;0;0
704975;0.65;1.00;61.0;3145.0;24.75;84.75;-30.0;0;0;14.58;2.08;0;2.31;118019.0;61.0;61.0;49.0;4470.0;1006.02;0;4.0;1.0;0;1.0;0;0;1.0;0;0;0;0;0;0;1.0;0;0;0;0;0
705497;0.65;1.00;58.0;3056.0;24.75;84.75;-30.0;0;0;14.58;0.83;1.56;2.31;118019.0;59.0;59.0;49.0;4474.0;1006.06;0;4.0;1.0;0;1.0;0;0;1.0;0;0;0;0;0;1.0;1.0;0;0;0;0;0
706023;0.66;1.00;57.0;2976.0;24.75;84.75;-30.0;0;0;14.58;0.33;0.72;2.31;118019.0;58.0;57.0;49.0;4512.0;1006.14;0;4.0;1.0;0;1.0;0;0;1.0;0;0;1.0;0;0;1.0;1.0;0;0;0;0;0
706547;0.68;1.00;55.0;2865.0;24.75;84.75;-30.0;0;0;14.48;0.11;0.31;2.31;118019.0;55.0;54.0;49.0;4570.0;1006.22;19.53;4.0;1.0;0;1.0;0;0;1.0;0;0;1.0;0;0;1.0;1.0;0;0;0;0;0
707072;0.68;1.00;53.0;2800.0;24.75;84.75;-30.0;0;0;14.58;1.11;0.01;2.31;118019.0;54.0;54.0;49.0;4582.0;1006.18;19.53;4.0;1.0;0;1.0;0;0;1.0;0;0;1.0;0;0;1.0;1.0;0;0;0;0;0
707604;0.70;1.00;52.0;2715.0;24.75;84.75;-30.0;0;0;14.48;0.50;0;2.31;118019.0;52.0;52.0;49.0;4518.0;1006.18;19.53;4.0;1.0;0;1.0;0;0;1.0;0;0;1.0;0;0;1.0;1.0;0;0;0;0;0
708175;2.25;1.00;51.0;2743.0;24.75;84.0;5.25;4.31;11.01;14.48;0.21;0;2.31;118019.0;52.0;52.0;49.0;4191.0;1006.22;898.42;4.0;1.0;0;1.0;0;0;1.0;0;0;1.0;0;0;1.0;1.0;0;0;0;0;0
708699;2.06;0.98;52.0;2669.0;24.75;84.0;14.25;3.92;13.44;14.48;0;0;2.31;118019.0;53.0;50.0;49.0;4323.0;1006.26;898.42;4.0;1.0;0;1.0;0;0;1.0;0;0;1.0;0;0;1.0;1.0;0;0;0;0;0
709223;1.85;0.96;52.0;2723.0;24.75;84.0;21.75;3.92;13.99;14.48;0;0;2.31;118019.0;51.0;52.0;49.0;4443.0;1006.30;878.89;4.0;1.0;0;1.0;0;0;1.0;0;0;1.0;0;0;1.0;1.0;0;0;0;0;0
709737;1.74;0.94;52.0;2737.0;24.75;84.0;29.25;3.52;14.80;14.48;0;0;2.31;118019.0;53.0;53.0;49.0;4500.0;1006.30;859.36;4.0;1.0;0;1.0;0;0;1.0;0;0;1.0;0;0;1.0;1.0;0;0;0;0;0
710262;1.22;0.99;52.0;2738.0;24.75;84.0;30.0;1.96;10.08;14.39;2.98;0;2.31;118019.0;52.0;52.0;49.0;4522.0;1006.30;878.89;4.0;1.0;0;1.0;0;0;1.0;0;0;1.0;0;0;1.0;1.0;0;0;0;0;0
710830;1.48;0.97;51.0;2629.0;24.75;84.0;28.5;2.35;12.23;14.39;1.60;0;2.31;118019.0;52.0;51.0;49.0;4483.0;1006.34;859.36;4.0;1.0;0;1.0;0;0;1.0;0;0;1.0;0;0;1.0;1.0;0;0;0;0;0
711357;1.49;0.95;51.0;2666.0;24.75;83.25;28.5;2.74;12.38;14.48;69.50;61.63;2.31;118019.0;51.0;51.0;50.0;4507.0;1006.34;859.36;4.0;1.0;0;1.0;0;0;1.0;0;0;1.0;0;0;1.0;1.0;0;0;0;0;0
711892;1.47;0.94;51.0;2663.0;24.75;83.25;28.5;2.74;12.53;14.39;201.00;181.72;2.31;118019.0;51.0;51.0;50.0;4508.0;1006.34;839.83;4.0;1.0;0;1.0;0;0;1.0;0;0;1.0;0;0;1.0;1.0;0;0;0;0;0
712422;1.06;0.92;51.0;2696.0;24.75;83.25;29.25;1.56;9.78;14.48;218.73;256.99;2.31;118019.0;51.0;50.0;50.0;4514.0;1006.34;839.83;4.0;1.0;0;1.0;0;0;1.0;0;0;1.0;0;0;1.0;1.0;0;0;0;0;0
712945;0.95;1.00;50.0;2603.0;24.75;83.25;14.25;0;12.54;14.48;229.08;298.82;2.31;118019.0;50.0;50.0;50.0;4519.0;1006.34;800.77;4.0;1.0;0;1.0;0;0;1.0;0;0;1.0;0;0;1.0;1.0;0;0;0;0;0
713474;0.84;1.00;48.0;2547.0;24.75;83.25;14.25;0;12.74;14.58;265.21;308.30;2.31;118019.0;49.0;48.0;50.0;4507.0;1006.34;117.18;4.0;1.0;0;1.0;0;0;1.0;0;0;1.0;0;0;1.0;1.0;0;0;0;0;0
713998;0.84;1.00;47.0;2485.0;24.75;82.5;14.25;0;12.50;14.48;221.52;298.88;2.31;118019.0;48.0;47.0;49.0;4518.0;1006.34;19.53;4.0;1.0;0;1.0;0;0;1.0;0;0;1.0;0;0;1.0;1.0;0;0;0;0;0
714543;0.82;1.00;46.0;2402.0;24.75;82.5;16.5;0;12.50;14.39;180.20;262.09;2.31;118019.0;47.0;46.0;43.0;4542.0;1006.34;19.53;4.0;1.0;0;1.0;0;0;1.0;0;0;1.0;0;0;1.0;1.0;0;0;0;0;0
715109;0.83;1.00;43.0;2332.0;24.75;82.5;15.75;0;12.42;14.48;146.59;184.92;2.31;118019.0;44.0;44.0;44.0;4529.0;1006.34;19.53;4.0;1.0;0;1.0;0;0;1.0;0;0;1.0;0;0;0;1.0;0;0;0;0;0
715668;1.36;1.01;43.0;2307.0;24.75;82.5;18.75;1.56;10.11;14.58;140.51;154.75;2.31;118019.0;44.0;44.0;50.0;4525.0;1006.34;878.89;4.0;1.0;0;1.0;0;0;1.0;0;0;1.0;0;0;1.0;1.0;0;0;0;0;0
716195;1.07;0.99;42.0;1700.0;24.75;82.5;14.25;0;12.52;14.58;102.04;142.58;2.31;118019.0;43.0;43.0;45.0;4492.0;1006.34;781.24;3.0;1.0;0;1.0;0;0;1.0;0;0;1.0;0;0;1.0;1.0;0;0;0;0;0
716719;0.99;0.98;41.0;2544.0;24.75;82.5;26.25;0.39;8.14;14.39;127.74;195.35;2.31;118019.0;41.0;42.0;50.0;4462.0;1006.34;859.36;3.0;1.0;0;1.0;0;0;1.0;0;0;1.0;0;0;1.0;1.0;0;0;0;0;0
717255;1.03;0.96;41.0;2496.0;24.75;82.5;25.5;0.39;13.05;14.48;206.29;237.34;2.31;118019.0;41.0;40.0;50.0;4507.0;1006.34;839.83;3.0;1.0;0;1.0;0;0;1.0;0;0;1.0;0;0;1.0;1.0;0;0;0;0;0
717917;1.16;0.95;38.0;2420.0;24.75;82.5;24.0;1.17;9.12;14.39;263.24;278.63;2.31;118019.0;39.0;39.0;50.0;4528.0;1006.41;839.83;3.0;1.0;0;1.0;0;0;1.0;0;0;1.0;0;0;1.0;1.0;0;0;0;0;0
718443;0.82;1.00;37.0;2433.0;24.75;81.75;16.5;0;12.63;14.48;285.37;172.68;2.31;118019.0;37.0;37.0;44.0;4490.0;1006.49;371.08;2.0;1.0;0;1.0;0;0;1.0;0;0;1.0;0;0;1.0;1.0;0;0;0;0;0
718968;0.80;1.00;35.0;2727.0;24.75;81.75;15.75;0;12.80;14.58;321.62;170.49;2.31;118019.0;36.0;35.0;51.0;4503.0;1006.53;19.53;2.0;1.0;0;1.0;0;0;1.0;0;0;1.0;0;0;1.0;1.0;0;0;0;0;0
719480;0.87;1.00;33.0;2605.0;24.75;81.75;15.0;0;12.80;14.58;328.76;220.55;2.31;118019.0;33.0;33.0;51.0;4478.0;1006.49;19.53;2.0;1.0;0;1.0;0;0;1.0;0;0;1.0;0;0;1.0;1.0;0;0;0;0;0
720003;0.83;1.00;31.0;2396.0;24.75;81.75;16.5;0;12.62;14.48;271.62;218.91;2.31;118019.0;31.0;31.0;44.0;4547.0;1006.61;39.06;2.0;1.0;0;1.0;0;0;1.0;0;0;1.0;0;0;1.0;1.0;0;0;0;0;0
720525;0.88;1.00;28.0;2248.0;24.75;81.75;15.75;0;12.55;14.48;175.14;157.97;2.31;118019.0;29.0;28.0;44.0;4557.0;1006.73;39.06;2.0;1.0;0;1.0;0;0;1.0;0;0;1.0;0;0;1.0;1.0;0;0;0;0;0
721062;0.96;1.00;26.0;2074.0;24.75;81.75;14.25;0;12.54;14.48;122.84;117.35;2.31;118019.0;27.0;27.0;43.0;4525.0;1006.65;58.59;2.0;1.0;0;1.0;0;0;1.0;0;0;1.0;0;0;1.0;1.0;0;0;0;0;0
721584;0.98;1.00;26.0;2016.0;24.75;81.75;14.25;0;12.54;14.39;92.35;88.60;2.31;118019.0;27.0;25.0;43.0;4518.0;1006.69;58.59;2.0;1.0;0;1.0;0;0;1.0;0;0;1.0;0;0;1.0;1.0;0;0;0;0;0
722132;1.05;1.00;23.0;1843.0;24.75;81.75;14.25;0;12.59;14.48;81.71;62.20;2.31;118019.0;24.0;24.0;43.0;4515.0;1006.69;58.59;2.0;1.0;0;1.0;0;0;1.0;0;0;1.0;0;0;1.0;1.0;0;0;0;0;0
722663;1.07;1.00;22.0;1762.0;24.75;81.75;15.0;0;12.42;14.48;144.24;160.94;2.31;118019.0;23.0;22.0;42.0;4519.0;1006.69;78.12;2.0;1.0;0;1.0;0;0;1.0;0;0;1.0;0;0;1.0;1.0;0;0;0;0;0
723245;1.89;1.01;20.0;1459.0;24.75;81.0;7.5;1.17;11.75;14.48;175.88;203.87;2.31;118019.0;20.0;20.0;51.0;4496.0;1006.61;859.36;2.0;1.0;0;1.0;0;0;1.0;0;0;1.0;0;0;1.0;1.0;0;0;0;0;0
723769;1.85;0.99;20.0;1563.0;24.75;81.0;10.5;1.56;12.81;14.48;166.94;238.20;2.31;118019.0;20.0;20.0;51.0;4522.0;1006.57;859.36;2.0;1.0;0;1.0;0;0;1.0;0;0;1.0;0;0;1.0;1.0;0;0;0;0;0
724327;2.0;0.98;20.0;1571.0;24.75;81.0;13.5;1.96;14.77;14.29;209.04;225.08;2.58;118019.0;20.0;20.0;51.0;4508.0;1006.57;839.83;2.0;1.0;0;1.0;0;0;1.0;0;0;1.0;0;0;1.0;1.0;0;0;0;0;0
724848;2.19;0.96;20.0;1566.0;24.75;81.0;13.5;2.35;15.41;14.58;221.88;219.36;2.31;118019.0;20.0;20.0;51.0;4512.0;1006.53;800.77;2.0;1.0;0;1.0;0;0;1.0;0;0;1.0;0;0;1.0;1.0;0;0;0;0;0
725372;2.07;0.94;20.0;1626.0;24.75;81.0;13.5;2.74;16.06;14.48;248.94;207.64;2.31;118019.0;20.0;20.0;51.0;4538.0;1006.69;781.24;2.0;1.0;0;1.0;0;0;1.0;0;0;1.0;0;0;1.0;1.0;0;0;0;0;0
725894;2.08;0.92;21.0;1675.0;24.75;81.0;13.5;2.74;16.11;14.48;271.85;212.29;2.31;118019.0;21.0;21.0;51.0;4519.0;1006.61;800.77;2.0;1.0;0;1.0;0;0;1.0;0;0;1.0;0;0;1.0;1.0;0;0;0;0;0
726409;2.02;0.91;21.0;1718.0;24.75;81.0;13.5;2.74;15.81;14.58;257.52;225.80;2.31;118019.0;22.0;22.0;51.0;4512.0;1006.65;117.18;2.0;1.0;0;1.0;0;0;1.0;0;0;1.0;0;0;1.0;1.0;0;0;0;0;0
726933;2.2;0.93;22.0;1779.0;24.75;81.0;14.25;3.13;16.79;14.48;178.07;273.83;2.31;118019.0;23.0;22.0;51.0;4521.0;1006.73;58.59;2.0;1.0;0;1.0;0;0;1.0;0;0;1.0;0;0;1.0;1.0;0;0;0;0;0
727468;2.92;0.95;23.0;1948.0;24.75;81.0;16.5;5.49;21.22;14.48;150.53;299.14;2.31;118019.0;24.0;24.0;51.0;4499.0;1006.80;859.36;2.0;1.0;0;1.0;0;0;1.0;0;0;1.0;0;0;1.0;1.0;0;0;0;0;0
727992;2.77;0.94;26.0;2068.0;24.75;81.0;18.0;5.88;21.35;14.39;180.06;304.88;2.31;118019.0;25.0;26.0;51.0;4501.0;1006.69;839.83;2.0;1.0;0;1.0;0;0;1.0;0;0;1.0;0;0;1.0;1.0;0;0;0;0;0
728563;2.67;0.91;28.0;2241.0;24.75;81.0;21.75;6.27;22.23;14.48;243.81;325.01;2.31;118019.0;28.0;28.0;51.0;4465.0;1006.61;761.70;2.0;1.0;0;1.0;0;0;1.0;0;0;1.0;0;0;1.0;1.0;0;0;0;0;0
729087;2.55;0.90;31.0;2420.0;24.75;81.0;24.0;6.27;21.78;14.58;247.38;344.00;2.31;118019.0;30.0;31.0;51.0;4416.0;1006.61;761.70;2.0;1.0;0;1.0;0;0;1.0;0;0;1.0;0;0;1.0;1.0;0;0;0;0;0
729614;2.39;0.88;32.0;2568.0;24.75;81.0;26.25;6.27;21.18;14.58;260.94;334.04;2.31;118019.0;33.0;33.0;51.0;4505.0;1006.77;624.99;2.0;1.0;0;1.0;0;0;1.0;0;0;1.0;0;0;1.0;1.0;0;0;0;0;0
730216;2.22;0.86;35.0;2718.0;24.75;81.0;30.0;6.27;20.81;14.48;259.45;353.62;2.31;118019.0;34.0;35.0;51.0;4534.0;1006.73;97.65;2.0;1.0;0;1.0;0;0;1.0;0;0;1.0;0;0;1.0;1.0;0;0;0;0;0
730793;2.28;0.90;37.0;2879.0;24.75;81.0;32.25;6.27;20.29;14.48;320.78;349.45;2.31;118019.0;37.0;37.0;51.0;4519.0;1006.69;839.83;2.0;1.0;0;1.0;0;0;1.0;0;0;1.0;0;0;1.0;1.0;0;0;0;0;0
731308;2.16;0.86;38.0;2990.0;24.75;81.0;33.75;6.27;20.23;14.48;327.14;341.59;2.31;118019.0;38.0;39.0;51.0;4526.0;1006.65;800.77;2.0;1.0;0;1.0;0;0;1.0;0;0;1.0;0;0;1.0;1.0;0;0;0;0;0
731832;2.04;0.82;40.0;3099.0;24.75;81.0;35.25;6.27;19.93;14.48;345.11;353.43;2.31;118019.0;40.0;40.0;51.0;4504.0;1006.57;175.77;2.0;1.0;0;1.0;0;0;1.0;0;0;1.0;0;0;1.0;1.0;0;0;0;0;0
732358;2.05;0.85;41.0;3186.0;24.75;81.75;36.75;6.27;19.51;14.48;306.62;312.57;2.31;118019.0;40.0;41.0;51.0;4512.0;1006.57;781.24;2.0;1.0;0;1.0;0;0;1.0;0;0;1.0;0;0;1.0;1.0;0;0;0;0;0
732892;2.00;0.84;42.0;3285.0;24.75;81.75;37.5;6.27;19.25;14.39;250.90;311.52;2.31;118019.0;41.0;42.0;51.0;4511.0;1006.53;761.70;2.0;1.0;0;1.0;0;0;1.0;0;0;1.0;0;0;1.0;1.0;0;0;0;0;0
733415;1.55;0.80;42.0;3376.0;24.75;81.75;39.0;4.70;16.37;14.48;174.63;202.23;2.31;118019.0;43.0;43.0;51.0;4512.0;1006.49;722.64;2.0;1.0;0;1.0;0;0;1.0;0;0;1.0;0;0;1.0;1.0;0;0;0;0;0
733929;0.99;1.00;42.0;3088.0;24.75;81.0;35.25;1.56;8.22;14.48;266.77;265.99;2.31;118019.0;43.0;42.0;51.0;4533.0;1006.49;859.36;2.0;1.0;0;1.0;0;0;1.0;0;0;1.0;0;0;1.0;1.0;0;0;0;0;0
734453;1.16;0.99;41.0;3172.0;24.75;81.0;36.75;1.96;9.50;14.48;310.91;319.12;2.31;118019.0;41.0;41.0;51.0;4530.0;1006.45;859.36;2.0;1.0;0;1.0;0;0;1.0;0;0;1.0;0;0;1.0;1.0;0;0;0;0;0
734987;1.12;0.97;40.0;3025.0;24.75;81.0;34.5;1.96;9.80;14.39;331.36;325.05;2.31;118019.0;40.0;40.0;51.0;4520.0;1006.45;859.36;2.0;1.0;0;1.0;0;0;1.0;0;0;1.0;0;0;1.0;1.0;0;0;0;0;0
735493;0.72;1.00;37.0;2916.0;24.75;81.0;-30.0;0;0;14.58;348.31;344.00;2.31;118019.0;38.0;38.0;51.0;4554.0;1006.49;390.62;2.0;1.0;0;1.0;0;0;1.0;0;0;1.0;0;0;1.0;1.0;0;0;0;0;0
736017;0.73;1.00;35.0;2760.0;24.75;81.0;-30.0;0;0;14.48;349.78;347.34;2.31;118019.0;36.0;35.0;51.0;4591.0;1006.45;0;2.0;1.0;0;1.0;0;0;1.0;0;0;1.0;0;0;1.0;1.0;0;0;0;0;0
736549;1.66;1.00;33.0;2700.0;24.75;81.0;19.5;2.74;11.06;14.48;351.83;326.50;2.31;118019.0;34.0;34.0;51.0;4206.0;1006.65;878.89;2.0;1.0;0;1.0;0;0;1.0;0;0;1.0;0;0;1.0;1.0;0;0;0;0;0
737073;1.72;1.00;33.0;2597.0;24.75;81.0;25.5;2.74;12.96;14.39;350.70;343.25;2.31;118019.0;33.0;34.0;51.0;4281.0;1006.73;878.89;2.0;1.0;0;1.0;0;0;1.0;0;0;1.0;0;0;1.0;1.0;0;0;0;0;0
737584;1.27;0.98;32.0;2572.0;24.75;81.0;27.0;1.56;10.14;14.39;306.97;325.31;2.31;118019.0;33.0;33.0;51.0;4414.0;1006.69;859.36;2.0;1.0;0;1.0;0;0;1.0;0;0;1.0;0;0;1.0;1.0;0;0;0;0;0
738106;1.0;0.96;31.0;2469.0;24.75;81.0;25.5;0.78;8.48;14.39;326.91;277.73;2.31;118019.0;32.0;32.0;51.0;4458.0;1006.73;839.83;2.0;1.0;0;1.0;0;0;1.0;0;0;1.0;0;0;1.0;1.0;0;0;0;0;0
738637;0.90;1.00;30.0;2308.0;24.75;81.0;15.0;0;12.71;14.48;201.84;272.83;2.31;118019.0;30.0;30.0;45.0;4556.0;1006.80;664.05;2.0;1.0;0;1.0;0;0;1.0;0;0;1.0;0;0;1.0;1.0;0;0;0;0;0
739167;0.94;1.00;27.0;2125.0;24.75;81.0;15.75;0;12.59;14.48;131.26;205.82;2.31;118019.0;28.0;28.0;44.0;4535.0;1006.69;39.06;2.0;1.0;0;1.0;0;0;1.0;0;0;1.0;0;0;1.0;1.0;0;0;0;0;0
739691;0.97;1.00;26.0;2034.0;24.75;81.0;15.0;0;12.59;14.39;106.18;142.11;2.31;118019.0;26.0;26.0;43.0;4519.0;1006.61;0;2.0;1.0;0;1.0;0;0;1.0;0;0;1.0;0;0;1.0;1.0;0;0;0;0;0
740236;1.03;1.00;23.0;1909.0;24.75;81.0;14.25;0;12.64;14.48;84.05;141.35;2.31;118019.0;24.0;24.0;42.0;4516.0;1006.53;19.53;2.0;1.0;0;1.0;0;0;1.0;0;0;1.0;0;0;1.0;1.0;0;0;0;0;0
740759;1.16;1.00;20.0;1624.0;24.75;81.0;15.0;0;12.57;14.48;92.92;178.66;2.31;118019.0;20.0;20.0;44.0;4494.0;1006.49;781.24;2.0;1.0;0;1.0;0;0;1.0;0;0;1.0;0;0;1.0;1.0;0;0;0;0;0
741283;1.36;0.99;16.0;1330.0;24.75;81.0;13.5;0;12.40;14.48;74.35;137.97;2.31;118019.0;17.0;17.0;44.0;4477.0;1006.45;820.30;2.0;1.0;0;1.0;0;0;1.0;0;0;1.0;0;0;1.0;1.0;0;0;0;0;0
741793;1.50;0.97;13.0;1262.0;24.75;81.0;16.5;0;12.92;14.48;57.08;100.54;2.31;118019.0;14.0;14.0;45.0;4505.0;1006.41;800.77;2.0;1.0;0;1.0;0;0;1.0;0;0;1.0;0;0;1.0;1.0;0;0;0;0;0
742322;1.34;0.96;12.0;1304.0;24.75;81.0;13.5;0;12.38;14.48;41.57;77.22;2.31;118019.0;12.0;12.0;45.0;4516.0;1006.41;781.24;2.0;1.0;0;1.0;0;0;1.0;0;0;1.0;0;0;1.0;1.0;0;0;0;0;0
742853;1.32;0.94;11.0;1302.0;24.75;81.0;13.5;0;12.40;14.48;30.25;53.35;2.31;118019.0;12.0;12.0;45.0;4508.0;1006.41;683.58;2.0;1.0;0;1.0;0;0;1.0;0;0;1.0;0;0;1.0;1.0;0;0;0;0;0
743377;1.42;0.94;11.0;1272.0;24.75;81.0;15.0;0;12.60;14.48;30.11;48.74;2.31;118019.0;11.0;11.0;44.0;4509.0;1006.38;78.12;2.0;1.0;0;1.0;0;0;1.0;0;0;1.0;0;0;1.0;1.0;0;0;0;0;0
743892;1.28;0.95;10.0;1319.0;24.75;81.0;13.5;0;12.36;14.48;21.89;37.39;2.31;118019.0;10.0;10.0;44.0;4518.0;1006.38;58.59;2.0;1.0;0;1.0;1.0;0;1.0;0;0;1.0;0;0;1.0;1.0;0;0;1.0;0;0
744416;1.42;0.97;10.0;1324.0;24.75;81.0;13.5;0;12.40;14.29;16.77;27.20;2.58;118019.0;10.0;10.0;45.0;4519.0;1006.38;58.59;0;1.0;0;1.0;0;0;1.0;0;0;1.0;0;0;1.0;1.0;0;0;0;0;0
744939;1.44;0.98;10.0;1281.0;24.75;81.0;15.0;0;12.60;14.48;11.54;19.80;2.31;118019.0;10.0;10.0;44.0;4491.0;1006.38;742.17;1.0;1.0;0;1.0;0;0;1.0;0;0;1.0;0;0;1.0;1.0;0;0;0;0;0
745474;1.34;0.97;10.0;1306.0;24.75;81.0;14.25;0;12.55;14.48;8.82;14.37;2.31;118019.0;10.0;10.0;45.0;4525.0;1006.38;761.70;1.0;1.0;0;1.0;0;0;1.0;0;0;1.0;0;0;1.0;1.0;0;0;0;0;0
745998;1.44;0.95;10.0;1275.0;24.75;81.0;15.0;0;12.61;14.48;6.75;11.01;2.31;118019.0;10.0;9.0;44.0;4517.0;1006.38;761.70;1.0;1.0;0;1.0;0;0;1.0;0;0;1.0;0;0;1.0;1.0;0;0;0;0;0
746544;1.36;0.93;10.0;1319.0;24.75;81.0;13.5;0;12.35;14.39;4.88;7.55;2.31;118019.0;10.0;9.0;45.0;4502.0;1006.38;703.11;1.0;1.0;0;1.0;0;0;1.0;0;0;1.0;0;0;1.0;1.0;0;0;0;0;0
747044;1.32;0.93;8.0;1293.0;24.75;81.0;14.25;0;12.52;14.58;3.71;5.78;2.31;118019.0;9.0;9.0;43.0;4519.0;1006.38;39.06;1.0;1.0;0;1.0;0;0;1.0;0;0;1.0;0;0;1.0;1.0;0;0;0;0;0
747568;1.37;0.94;8.0;1299.0;24.75;81.0;14.25;0;12.52;14.48;2.65;18.74;2.31;118019.0;8.0;8.0;44.0;4510.0;1006.38;39.06;1.0;1.0;0;1.0;0;0;1.0;0;0;1.0;0;0;1.0;1.0;0;0;0;0;0
748102;1.40;0.96;7.0;1297.0;24.75;81.0;13.5;0;12.51;14.58;2.01;13.63;2.31;118019.0;8.0;8.0;44.0;4525.0;1006.38;58.59;1.0;1.0;0;1.0;0;0;1.0;0;0;1.0;0;0;1.0;1.0;0;0;0;0;0
748624;1.32;0.97;7.0;1296.0;24.75;81.0;13.5;0;12.35;14.39;10.31;12.65;2.31;118019.0;7.0;7.0;43.0;4517.0;1006.38;234.37;1.0;1.0;0;1.0;0;0;1.0;0;0;1.0;0;0;1.0;1.0;0;0;0;0;0
749161;1.42;0.98;5.0;1286.0;24.75;81.0;14.25;0;12.44;14.48;69.76;21.89;2.31;118019.0;6.0;5.0;43.0;4524.0;1006.38;761.70;1.0;1.0;0;1.0;0;0;1.0;0;0;1.0;0;0;1.0;1.0;0;0;0;0;0
749719;1.32;0.96;0;1273.0;24.75;81.0;15.0;0;12.45;14.48;104.85;65.79;2.31;118019.0;0;0;42.0;4512.0;1006.38;781.24;1.0;1.0;0;1.0;0;0;1.0;0;0;1.0;0;0;1.0;1.0;0;0;0;0;0
750246;2.24;0.94;0;1278.0;24.75;81.0;15.75;0.78;12.58;14.48;92.00;68.62;2.31;118019.0;0;0;45.0;4483.0;1006.38;605.46;1.0;1.0;0;1.0;0;0;1.0;0;0;1.0;0;0;1.0;1.0;0;0;0;0;0
750778;2.2;0.99;0;2067.0;24.75;81.0;18.75;3.13;16.07;14.58;82.04;100.55;2.31;118019.0;0;0;51.0;4573.0;1006.38;859.36;1.0;1.0;0;1.0;0;0;1.0;0;0;1.0;0;0;1.0;1.0;0;0;0;0;0
751334;2.17;0.97;0;2012.0;24.75;81.0;17.25;3.13;16.31;14.58;98.15;121.55;2.31;118019.0;0;0;51.0;4543.0;1006.38;839.83;1.0;1.0;0;1.0;0;0;1.0;0;0;1.0;0;0;1.0;1.0;0;0;0;0;0
751849;2.10;0.95;0;2154.0;24.75;81.0;20.25;3.52;16.57;14.48;193.69;200.55;2.31;118019.0;0;0;51.0;4494.0;1006.38;820.30;1.0;1.0;0;1.0;0;0;1.0;0;0;1.0;0;0;1.0;1.0;0;0;0;0;0
752373;2.04;0.93;5.0;2298.0;24.75;81.75;22.5;3.92;16.82;14.48;258.53;254.14;2.31;118019.0;5.0;5.0;51.0;4477.0;1006.38;820.30;1.0;1.0;0;1.0;0;0;1.0;0;0;1.0;0;0;1.0;1.0;0;0;0;0;0
752909;2.08;0.91;7.0;2100.0;24.75;81.75;19.5;3.92;17.28;14.48;268.55;293.14;2.31;118019.0;7.0;7.0;51.0;4549.0;1006.38;664.05;1.0;1.0;0;1.0;1.0;0;1.0;0;0;1.0;0;0;1.0;1.0;0;0;1.0;0;0
753441;1.27;1.00;8.0;1439.0;24.75;81.75;15.0;0;12.61;14.48;280.21;286.19;2.31;118019.0;8.0;8.0;43.0;4459.0;1006.38;800.77;1.0;1.0;0;1.0;0;0;1.0;0;0;1.0;0;0;1.0;1.0;0;0;0;0;0
754035;1.44;0.98;6.0;1307.0;24.75;81.75;13.5;0;12.40;14.29;239.47;233.18;2.58;118019.0;6.0;6.0;45.0;4501.0;1006.38;820.30;1.0;1.0;0;1.0;1.0;0;1.0;0;0;1.0;0;0;1.0;1.0;0;0;1.0;0;0
754568;1.33;0.96;0;1269.0;24.75;81.75;14.25;0;12.47;14.39;201.74;182.80;2.31;118019.0;0;0;42.0;4509.0;1006.38;781.24;1.0;1.0;0;1.0;1.0;0;1.0;0;0;1.0;0;0;1.0;1.0;0;0;1.0;0;0
755092;1.32;0.94;0;1304.0;24.75;81.75;12.0;0;11.93;14.48;155.00;153.74;2.31;118019.0;0;0;41.0;4511.0;1006.38;761.70;1.0;1.0;0;1.0;0;0;1.0;0;0;1.0;0;0;1.0;1.0;0;0;0;0;0
755617;1.26;0.93;0;1276.0;24.75;81.75;13.5;0;12.16;14.58;125.73;124.75;2.31;118019.0;0;0;41.0;4509.0;1006.38;644.52;1.0;1.0;0;1.0;0;0;1.0;0;0;1.0;0;0;1.0;1.0;0;0;0;0;0
756141;1.20;0.92;0;1280.0;24.75;81.75;14.25;0;12.25;14.48;91.61;90.93;2.31;118019.0;0;0;41.0;4514.0;1006.38;156.24;1.0;1.0;0;1.0;0;0;1.0;0;0;1.0;0;0;1.0;1.0;0;0;1.0;0;0
756722;1.22;0.94;0;1267.0;24.75;81.75;15.0;0;12.34;14.39;77.74;66.26;2.31;118019.0;0;0;41.0;4521.0;1006.38;19.53;1.0;1.0;0;1.0;0;0;1.0;0;0;1.0;0;0;1.0;1.0;0;0;0;0;0
757281;1.26;0.95;0;1283.0;24.75;81.75;14.25;0;12.28;14.39;72.55;56.05;2.31;118019.0;0;0;42.0;4510.0;1006.38;19.53;1.0;1.0;0;1.0;0;0;1.0;0;0;1.0;0;0;1.0;1.0;0;0;0;0;0
757803;1.23;0.97;0;1304.0;24.75;81.75;12.75;0;12.00;14.48;144.69;78.70;2.31;118019.0;0;0;41.0;4502.0;1006.38;39.06;1.0;1.0;0;1.0;0;0;1.0;0;0;1.0;0;0;1.0;1.0;0;0;0;0;0
758331;1.30;0.99;0;1266.0;24.75;81.75;15.0;0;12.33;14.48;113.64;54.37;2.31;118019.0;0;0;41.0;4508.0;1006.38;39.06;1.0;1.0;0;1.0;0;0;1.0;0;0;1.0;0;0;1.0;1.0;0;0;0;0;0
758909;1.28;1.00;0;1309.0;24.75;81.75;12.0;0;11.83;14.58;110.57;45.23;2.31;118019.0;0;0;41.0;4515.0;1006.38;58.59;1.0;1.0;0;1.0;1.0;0;1.0;0;0;1.0;0;0;1.0;1.0;0;0;1.0;0;0
759464;1.28;1.02;0;1315.0;24.75;81.75;12.0;0;11.83;14.39;76.42;41.30;2.31;118019.0;0;0;41.0;4518.0;1006.38;78.12;0;1.0;0;1.0;0;0;1.0;0;0;1.0;0;0;1.0;1.0;0;0;1.0;0;0
759996;1.37;1.04;0;1240.0;24.75;81.75;17.25;0;12.76;14.39;58.68;35.48;2.31;118019.0;0;0;41.0;4501.0;1006.38;507.80;0;1.0;0;1.0;0;0;1.0;0;0;1.0;0;0;1.0;1.0;0;0;1.0;0;0
760518;1.40;1.03;0;1270.0;24.75;81.75;14.25;0;12.25;14.39;42.73;24.49;2.31;118019.0;0;0;41.0;4515.0;1006.38;742.17;0;1.0;0;1.0;0;0;1.0;0;0;1.0;0;0;1.0;1.0;0;0;1.0;0;0
761081;1.40;1.01;0;1264.0;24.75;81.75;15.0;0;12.33;14.58;32.81;18.78;2.31;118019.0;0;0;41.0;4504.0;1006.38;781.24;0;1.0;0;1.0;0;0;1.0;0;0;1.0;0;0;1.0;1.0;0;0;1.0;0;0
761639;1.37;0.99;0;1213.0;24.75;82.5;19.5;0;13.04;14.48;23.86;14.39;2.31;118019.0;0;0;41.0;4520.0;1006.38;761.70;0;1.0;0;1.0;0;0;1.0;0;0;1.0;0;0;1.0;1.0;0;0;1.0;0;0
762149;1.25;0.98;0;1280.0;24.75;82.5;13.5;0;12.04;14.39;17.34;9.90;2.31;118019.0;0;0;40.0;4512.0;1006.38;683.58;0;1.0;0;1.0;0;0;1.0;0;0;1.0;0;0;1.0;1.0;0;0;1.0;0;0
762673;1.25;0.96;0;1280.0;24.75;82.5;13.5;0;12.02;14.48;13.29;7.55;2.31;118019.0;0;0;40.0;4508.0;1006.38;234.37;0;1.0;0;1.0;0;0;1.0;0;0;1.0;0;0;1.0;1.0;0;0;1.0;0;0
763216;1.28;0.97;0;1265.0;24.75;82.5;15.0;0;12.22;14.48;11.63;7.89;2.31;118019.0;0;0;40.0;4506.0;1006.38;39.06;0;1.0;0;1.0;0;0;1.0;0;0;1.0;0;0;1.0;1.0;0;0;1.0;0;0
763774;1.30;0.99;0;1283.0;24.75;82.5;14.25;0;12.17;14.48;8.43;7.51;2.31;118019.0;0;0;41.0;4517.0;1006.38;39.06;0;1.0;0;1.0;0;0;1.0;0;0;1.0;0;0;1.0;1.0;0;0;1.0;0;0
764296;1.29;1.01;0;1244.0;24.75;82.5;16.5;0;12.51;14.39;8.67;5.44;2.31;118019.0;0;0;39.0;4524.0;1006.38;97.65;0;1.0;0;1.0;0;0;1.0;0;0;1.0;0;0;1.0;1.0;0;0;1.0;0;0
764837;1.34;1.02;0;1268.0;24.75;82.5;15.0;0;12.18;14.29;38.41;8.37;2.58;118019.0;0;0;40.0;4519.0;1006.38;664.05;0;1.0;0;1.0;0;0;1.0;0;0;1.0;0;0;1.0;1.0;0;0;1.0;0;0
765399;1.37;1.01;0;1247.0;24.75;82.5;16.5;0;12.47;14.39;34.19;10.62;2.31;118019.0;0;0;39.0;4510.0;1006.38;800.77;0;1.0;0;1.0;0;0;1.0;0;0;1.0;0;0;1.0;1.0;0;0;1.0;0;0
765919;1.48;0.99;0;1223.0;24.75;82.5;18.0;0;12.76;14.48;24.90;9.51;2.31;118019.0;0;0;40.0;4518.0;1006.38;820.30;0;1.0;0;1.0;0;0;1.0;0;0;1.0;0;0;1.0;1.0;0;0;1.0;0;0
766445;1.37;0.98;0;1194.0;24.75;82.5;20.25;0;13.06;14.48;21.11;6.87;2.31;118019.0;0;0;40.0;4513.0;1006.38;800.77;0;1.0;0;1.0;0;0;1.0;0;0;1.0;0;0;1.0;1.0;0;0;1.0;0;0
766963;1.36;0.96;0;1239.0;24.75;82.5;17.25;0;12.65;14.29;17.06;5.21;2.58;118019.0;0;0;41.0;4511.0;1006.38;644.52;0;1.0;0;1.0;0;0;1.0;0;0;1.0;0;0;1.0;1.0;0;0;1.0;0;0
767522;1.23;0.94;0;1308.0;24.75;82.5;12.0;0;11.71;14.39;12.38;3.96;2.31;118019.0;0;0;40.0;4510.0;1006.38;468.74;0;1.0;0;1.0;0;0;1.0;0;0;1.0;0;0;1.0;1.0;0;0;1.0;0;0
768062;1.28;0.95;0;1224.0;24.75;82.5;18.0;0;12.77;14.48;11.32;2.69;2.31;118019.0;0;0;39.0;4529.0;1006.38;39.06;0;1.0;0;1.0;0;0;1.0;0;0;1.0;0;0;1.0;1.0;0;0;1.0;0;0
768581;1.30;0.97;0;1245.0;24.75;82.5;16.5;0;12.47;14.29;8.65;3.92;2.58;118019.0;0;0;41.0;4505.0;1006.38;39.06;0;1.0;0;1.0;0;0;1.0;0;0;1.0;0;0;1.0;1.0;0;0;1.0;0;0
769105;1.24;0.98;0;1293.0;24.75;83.25;12.0;0;11.69;14.48;6.60;2.96;2.31;118019.0;0;0;40.0;4505.0;1006.38;58.59;0;1.0;0;1.0;0;0;1.0;0;0;1.0;0;0;1.0;1.0;0;0;1.0;0;0
769616;1.36;1.00;0;1228.0;24.75;83.25;17.25;0;12.62;14.29;38.37;4.33;2.58;118019.0;0;0;40.0;4509.0;1006.38;58.59;0;1.0;0;1.0;0;0;1.0;0;0;1.0;0;0;1.0;1.0;0;0;1.0;0;0
770164;1.44;1.01;0;1189.0;24.75;83.25;20.25;0;12.44;14.48;61.32;19.21;2.31;118019.0;0;0;39.0;4502.0;1006.38;78.12;0;1.0;0;1.0;0;0;1.0;0;0;1.0;0;0;1.0;1.0;0;0;1.0;0;0
770697;1.36;1.03;0;1237.0;24.75;83.25;16.5;0;12.45;14.48;77.16;13.24;2.31;118019.0;0;0;40.0;4502.0;1006.38;800.77;0;1.0;0;1.0;0;0;1.0;0;0;1.0;0;0;1.0;1.0;0;0;1.0;0;0
771261;1.39;1.01;0;1245.0;24.75;83.25;15.0;0;12.18;14.48;63.35;17.04;2.31;118019.0;0;0;40.0;4514.0;1006.38;839.83;0;1.0;0;1.0;0;0;1.0;0;0;1.0;0;0;1.0;1.0;0;0;1.0;0;0
771788;1.32;1.00;0;1250.0;24.75;83.25;15.0;0;12.16;14.58;53.55;62.06;2.31;118019.0;0;0;39.0;4513.0;1006.38;820.30;0;1.0;0;1.0;0;0;1.0;0;0;1.0;0;0;1.0;1.0;0;0;1.0;0;0
772362;1.32;0.98;0;1259.0;24.75;83.25;15.0;0;12.16;14.48;42.14;57.22;2.31;118019.0;0;0;40.0;4514.0;1006.38;820.30;0;1.0;0;1.0;0;0;1.0;0;0;1.0;0;0;1.0;1.0;0;0;1.0;0;0
772884;1.24;0.96;0;1257.0;24.75;83.25;15.0;0;12.18;14.39;36.57;48.68;2.31;118019.0;0;0;40.0;4513.0;1006.38;546.86;0;1.0;0;1.0;0;0;1.0;0;0;1.0;0;0;1.0;1.0;0;0;1.0;0;0
773398;1.32;0.97;0;1230.0;24.75;83.25;17.25;0;12.64;14.48;26.61;35.42;2.31;118019.0;0;0;41.0;4512.0;1006.38;58.59;0;1.0;0;1.0;0;0;1.0;0;0;1.0;0;0;1.0;1.0;0;0;1.0;0;0
773936;1.32;0.99;0;1246.0;24.75;83.25;16.5;0;12.49;14.48;19.37;27.16;2.31;118019.0;0;0;40.0;4509.0;1006.38;78.12;0;1.0;0;1.0;0;0;1.0;0;0;1.0;0;0;1.0;1.0;0;0;1.0;0;0
774459;1.25;1.00;0;1304.0;24.75;83.25;12.0;0;11.69;14.48;14.84;22.73;2.31;118019.0;0;0;40.0;4518.0;1006.38;58.59;0;1.0;0;1.0;0;0;1.0;0;0;1.0;0;0;1.0;1.0;0;0;1.0;0;0
774980;1.45;1.01;0;1194.0;24.75;83.25;20.25;0;13.07;14.48;11.36;17.44;2.31;118019.0;0;0;40.0;4503.0;1006.38;703.11;0;1.0;0;1.0;0;0;1.0;0;0;1.0;0;0;1.0;1.0;0;0;1.0;0;0
775537;1.35;1.00;0;1238.0;24.75;83.25;16.5;0;12.54;14.48;10.81;12.65;2.31;118019.0;0;0;41.0;4508.0;1006.38;683.58;0;1.0;0;1.0;0;0;1.0;0;0;1.0;0;0;1.0;1.0;0;0;1.0;0;0
776073;1.28;1.00;0;1287.0;24.75;83.25;12.75;0;11.88;14.48;7.85;9.17;2.31;118019.0;0;0;40.0;4510.0;1006.38;566.39;0;1.0;0;1.0;0;0;1.0;0;0;1.0;0;0;1.0;1.0;0;0;1.0;0;0
776597;1.28;1.00;0;1248.0;24.75;83.25;15.0;0;12.21;14.39;12.24;11.22;2.31;118019.0;0;0;40.0;4518.0;1006.38;78.12;0;1.0;0;1.0;0;0;1.0;0;0;1.0;0;0;1.0;1.0;0;0;1.0;0;0
777160;1.35;1.02;0;1269.0;24.75;83.25;13.5;0;11.99;14.39;12.47;9.92;2.31;118019.0;0;0;40.0;4525.0;1006.38;371.08;0;1.0;0;1.0;0;0;1.0;0;0;1.0;0;0;1.0;1.0;0;0;1.0;0;0
777698;1.34;1.01;0;1234.0;24.75;83.25;16.5;0;12.47;14.39;43.43;15.97;2.31;118019.0;0;0;39.0;4517.0;1006.38;781.24;0;1.0;0;1.0;0;0;1.0;0;0;1.0;0;0;1.0;1.0;0;0;1.0;0;0
778222;1.34;1.00;0;1222.0;24.75;84.0;17.25;0;12.60;14.20;38.51;13.96;2.58;118019.0;0;0;39.0;4502.0;1006.38;781.24;0;1.0;0;1.0;0;0;1.0;0;0;1.0;0;0;1.0;1.0;0;0;1.0;0;0
778731;1.31;0.98;0;1229.0;24.75;84.0;16.5;0;12.44;14.58;78.25;46.36;2.31;118019.0;0;0;39.0;4525.0;1006.38;566.39;0;1.0;0;1.0;0;0;1.0;0;0;1.0;0;0;1.0;1.0;0;0;1.0;0;0
779255;1.28;0.99;0;1241.0;24.75;84.0;15.75;0;12.28;14.48;72.10;50.77;2.31;118019.0;0;0;39.0;4507.0;1006.38;156.24;0;1.0;0;1.0;0;0;1.0;0;0;1.0;0;0;1.0;1.0;0;0;1.0;0;0
779790;1.36;1.01;0;1234.0;24.75;84.0;16.5;0;12.41;14.39;91.04;50.87;2.31;118019.0;0;0;40.0;4517.0;1006.38;39.06;0;1.0;0;1.0;0;0;1.0;0;0;1.0;0;0;1.0;1.0;0;0;1.0;0;0
780313;1.35;1.02;0;1245.0;24.75;84.0;16.5;0;12.44;14.39;82.35;35.11;2.31;118019.0;0;0;40.0;4503.0;1006.38;800.77;0;1.0;0;1.0;0;0;1.0;0;0;1.0;0;0;1.0;1.0;0;0;1.0;0;0
780836;1.25;1.00;0;1305.0;24.75;84.0;12.0;0;11.67;14.39;63.23;26.95;2.31;118019.0;0;0;40.0;4497.0;1006.38;761.70;0;1.0;0;1.0;0;0;1.0;0;0;1.0;0;0;1.0;1.0;0;0;1.0;0;0
781350;1.25;0.98;0;1257.0;24.75;84.0;14.25;0;12.12;14.48;46.05;22.88;2.31;118019.0;0;0;39.0;4513.0;1006.38;781.24;0;1.0;0;1.0;0;0;1.0;0;0;1.0;0;0;1.0;1.0;0;0;1.0;0;0
781873;1.28;0.97;0;1233.0;24.75;84.0;16.5;0;12.42;14.48;47.12;68.43;2.31;118019.0;0;0;39.0;4516.0;1006.38;468.74;0;1.0;0;1.0;0;0;1.0;0;0;1.0;0;0;1.0;1.0;0;0;1.0;0;0
782412;1.29;0.97;0;1239.0;24.75;84.0;16.5;0;12.41;14.29;101.41;124.42;2.58;118019.0;0;0;40.0;4516.0;1006.38;78.12;0;1.0;0;1.0;0;0;1.0;0;0;1.0;0;0;1.0;1.0;0;0;1.0;0;0
782912;1.30;0.99;0;1257.0;24.75;84.0;15.0;0;12.15;14.48;81.26;105.09;2.31;118019.0;0;0;39.0;4507.0;1006.38;58.59;0;1.0;0;1.0;0;0;1.0;0;0;1.0;0;0;1.0;1.0;0;0;1.0;0;0
783437;1.28;1.01;0;1289.0;24.75;84.0;12.75;0;11.80;14.58;65.48;80.71;2.31;118019.0;0;0;40.0;4510.0;1006.38;58.59;0;1.0;0;1.0;0;0;1.0;0;0;1.0;0;0;1.0;1.0;0;0;1.0;0;0
784025;1.30;1.02;0;1271.0;24.75;84.0;14.25;0;12.08;14.48;57.88;70.19;2.31;118019.0;0;0;39.0;4515.0;1006.38;136.71;0;1.0;0;1.0;0;0;1.0;0;0;1.0;0;0;1.0;1.0;0;0;1.0;0;0
784548;1.28;1.02;0;1289.0;24.75;84.0;13.5;0;11.94;14.39;42.14;54.72;2.31;118019.0;0;0;40.0;4514.0;1006.38;839.83;0;1.0;0;1.0;0;0;1.0;0;0;1.0;0;0;1.0;1.0;0;0;0;0;0
785066;1.32;1.00;0;1237.0;24.75;84.0;16.5;0;12.47;14.48;34.56;39.84;2.31;118019.0;0;0;40.0;4513.0;1006.38;820.30;1.0;1.0;0;1.0;0;0;1.0;0;0;1.0;0;0;1.0;1.0;0;0;0;0;0
785590;3.54;0.99;0;2850.0;24.75;84.0;32.25;9.02;23.84;14.48;26.40;27.47;2.31;118019.0;0;0;49.0;4449.0;1006.38;898.42;1.0;1.0;0;1.0;0;0;1.0;0;0;1.0;0;0;1.0;1.0;0;0;0;0;0
786165;3.53;1.00;0;2587.0;24.75;84.0;26.25;12.15;28.68;14.48;13.71;13.69;2.31;118019.0;0;0;49.0;4464.0;1006.38;878.89;1.0;1.0;0;1.0;0;0;1.0;0;0;1.0;0;0;1.0;1.0;0;0;0;0;0
786688;0.24;1.00;15.0;2768.0;24.75;84.0;16.5;0;12.44;14.48;7.98;8.43;2.31;118019.0;15.0;15.0;49.0;4692.0;1006.38;839.83;1.0;1.0;0;1.0;0;0;1.0;0;0;1.0;0;0;1.0;1.0;0;0;0;0;0
787214;1.64;1.00;15.0;1522.0;24.75;84.0;13.5;1.17;13.14;14.48;19.78;10.56;2.31;118019.0;16.0;16.0;49.0;4540.0;1006.38;19.53;1.0;1.0;0;1.0;0;0;1.0;0;0;1.0;0;0;1.0;1.0;0;0;0;0;0
787724;1.63;1.02;16.0;1856.0;24.75;84.0;16.5;1.56;12.16;14.48;13.63;7.24;2.31;118019.0;16.0;16.0;49.0;4504.0;1006.38;468.74;1.0;1.0;0;1.0;0;0;1.0;0;0;1.0;0;0;1.0;1.0;0;0;0;0;0
788248;1.71;1.02;16.0;1832.0;24.75;84.0;15.0;1.56;12.45;14.48;12.81;10.44;2.31;118019.0;16.0;16.0;49.0;4501.0;1006.38;859.36;1.0;1.0;0;1.0;0;0;1.0;0;0;1.0;0;0;1.0;1.0;0;0;0;0;0
788848;1.28;1.00;16.0;1862.0;24.75;84.0;15.75;0.78;9.89;14.58;8.33;7.16;2.31;118019.0;17.0;17.0;49.0;4506.0;1006.38;859.36;1.0;1.0;0;1.0;0;0;1.0;0;0;1.0;0;0;1.0;1.0;0;0;0;0;0
789376;1.22;0.98;16.0;1827.0;24.75;84.0;13.5;0.39;11.96;14.48;5.13;4.39;2.31;118019.0;16.0;16.0;49.0;4512.0;1006.38;820.30;1.0;1.0;0;1.0;0;0;1.0;0;0;1.0;0;0;1.0;1.0;0;0;0;0;0
789900;1.21;0.98;15.0;1498.0;24.75;84.0;14.25;0;12.36;14.39;27.02;60.58;2.31;118019.0;16.0;16.0;42.0;4459.0;1006.38;839.83;1.0;1.0;0;1.0;0;0;1.0;0;0;1.0;0;0;1.0;1.0;0;0;0;0;0
790421;1.28;0.97;15.0;1310.0;24.75;84.0;12.75;0;12.03;14.48;52.16;50.40;2.31;118019.0;15.0;15.0;42.0;4477.0;1006.38;820.30;1.0;1.0;0;1.0;0;0;1.0;0;0;1.0;0;0;1.0;1.0;0;0;0;0;0
790945;1.25;0.95;13.0;1557.0;24.75;84.0;12.75;0.39;10.31;14.39;49.41;60.56;2.31;118019.0;14.0;14.0;49.0;4552.0;1006.38;624.99;1.0;1.0;0;1.0;0;0;1.0;0;0;1.0;0;0;1.0;1.0;0;0;0;0;0
791522;1.27;0.95;13.0;1528.0;24.75;84.75;13.5;0.39;10.64;14.48;35.97;41.83;2.31;118019.0;14.0;14.0;49.0;4503.0;1006.38;19.53;1.0;1.0;0;1.0;0;0;1.0;0;0;1.0;0;0;1.0;1.0;0;0;0;0;0
792046;1.56;0.97;13.0;1467.0;24.75;84.75;12.75;0.78;10.84;14.39;23.53;30.68;2.31;118019.0;14.0;14.0;49.0;4503.0;1006.38;19.53;1.0;1.0;0;1.0;0;0;1.0;0;0;1.0;0;0;1.0;1.0;0;0;0;0;0
792563;1.44;0.98;13.0;1511.0;24.75;84.75;12.75;0.78;10.98;14.48;17.10;21.17;2.31;118019.0;13.0;13.0;49.0;4529.0;1006.38;39.06;1.0;1.0;0;1.0;0;0;1.0;0;0;1.0;0;0;1.0;1.0;0;0;0;0;0
793121;1.54;1.00;13.0;1530.0;24.75;84.75;12.75;0.78;11.66;14.48;11.77;17.73;2.31;118019.0;14.0;13.0;49.0;4495.0;1006.38;58.59;1.0;1.0;0;1.0;0;0;1.0;0;0;1.0;0;0;1.0;1.0;0;0;0;0;0
793649;1.55;1.02;13.0;1611.0;24.75;84.75;13.5;1.17;11.45;14.58;8.10;11.58;2.31;118019.0;14.0;14.0;49.0;4520.0;1006.38;78.12;1.0;1.0;0;1.0;0;0;1.0;0;0;1.0;0;0;1.0;1.0;0;0;0;0;0
794182;1.48;1.03;15.0;1623.0;24.75;84.75;13.5;0.78;11.31;14.48;5.50;7.94;2.31;118019.0;15.0;15.0;49.0;4543.0;1006.38;820.30;1.0;1.0;0;1.0;0;0;1.0;0;0;1.0;0;0;1.0;1.0;0;0;0;0;0
794706;1.48;1.01;15.0;1694.0;24.75;84.75;13.5;1.17;10.98;14.58;3.55;6.85;2.31;118019.0;15.0;15.0;49.0;4524.0;1006.38;800.77;1.0;1.0;0;1.0;0;0;1.0;0;0;1.0;0;0;1.0;1.0;0;0;0;0;0
795217;1.48;1.00;15.0;1689.0;24.75;84.75;13.5;1.17;11.01;14.39;2.26;4.66;2.31;118019.0;15.0;15.0;49.0;4512.0;1006.38;800.77;1.0;1.0;0;1.0;0;0;1.0;0;0;1.0;0;0;1.0;1.0;0;0;0;0;0
795741;1.56;0.98;15.0;1804.0;24.75;84.75;14.25;1.56;11.76;14.48;1.50;3.18;2.31;118019.0;16.0;16.0;49.0;4495.0;1006.38;820.30;1.0;1.0;0;1.0;0;0;1.0;0;0;1.0;0;0;1.0;1.0;0;0;0;0;0
796265;1.50;0.97;16.0;1864.0;24.75;84.75;15.0;1.56;11.44;14.39;0.99;2.03;2.31;118019.0;16.0;16.0;49.0;4510.0;1006.38;800.77;1.0;1.0;0;1.0;0;0;1.0;0;0;1.0;0;0;1.0;1.0;0;0;0;0;0
796800;1.45;0.95;16.0;1871.0;24.75;84.75;15.0;1.56;11.40;14.39;0.54;1.19;2.31;118019.0;17.0;17.0;49.0;4509.0;1006.38;761.70;1.0;1.0;0;1.0;0;0;1.0;0;0;1.0;0;0;1.0;1.0;0;0;0;0;0
797323;1.44;0.93;17.0;1887.0;24.75;84.75;15.75;1.56;11.53;14.48;2.38;0.70;2.31;118019.0;17.0;17.0;49.0;4499.0;1006.38;566.39;1.0;1.0;0;1.0;0;0;1.0;0;0;1.0;0;0;1.0;1.0;0;0;0;0;0
797837;1.47;0.94;17.0;1915.0;24.75;84.75;16.5;1.56;11.80;14.48;1.50;0.42;2.31;118019.0;18.0;17.0;49.0;4519.0;1006.38;39.06;1.0;1.0;0;1.0;0;0;1.0;0;0;1.0;0;0;1.0;1.0;0;0;0;0;0
798361;1.29;1.00;17.0;1332.0;24.75;84.75;15.0;0;12.31;14.39;3.33;4.47;2.31;118019.0;18.0;17.0;41.0;4469.0;1006.38;820.30;1.0;1.0;0;1.0;0;0;1.0;0;0;1.0;0;0;1.0;1.0;0;0;0;0;0
798885;1.36;0.99;17.0;1282.0;24.75;84.75;13.5;0;12.07;14.39;7.87;5.19;2.31;118019.0;18.0;18.0;41.0;4506.0;1006.38;820.30;1.0;1.0;0;1.0;0;0;1.0;0;0;1.0;0;0;1.0;1.0;0;0;0;0;0
799421;1.22;0.97;17.0;1366.0;24.75;84.75;15.0;0;12.25;14.48;8.12;3.74;2.31;118019.0;17.0;17.0;41.0;4493.0;1006.38;820.30;1.0;1.0;0;1.0;0;0;1.0;0;0;1.0;0;0;1.0;1.0;0;0;0;0;0
799993;1.26;0.96;16.0;1313.0;24.75;85.5;13.5;0;12.04;14.48;7.53;4.33;2.31;118019.0;16.0;16.0;41.0;4515.0;1006.38;761.70;1.0;1.0;0;1.0;0;0;1.0;0;0;1.0;0;0;1.0;1.0;0;0;0;0;0
800518;1.16;0.94;16.0;1321.0;24.75;85.5;13.5;0;11.99;14.48;7.24;3.28;2.31;118019.0;16.0;16.0;41.0;4518.0;1006.38;742.17;1.0;1.0;0;1.0;0;0;1.0;0;0;1.0;0;0;1.0;1.0;0;0;0;0;0
801042;1.68;0.92;15.0;1483.0;24.75;85.5;6.75;1.56;11.72;14.48;5.48;2.34;2.31;118019.0;15.0;15.0;49.0;4562.0;1006.38;58.59;1.0;1.0;0;1.0;0;0;1.0;0;0;1.0;0;0;1.0;1.0;0;0;0;0;0
801592;1.79;0.94;13.0;1635.0;24.75;85.5;9.75;1.96;12.91;14.39;3.74;1.56;2.31;118019.0;14.0;14.0;48.0;4543.0;1006.38;19.53;1.0;1.0;0;1.0;0;0;1.0;0;0;1.0;0;0;1.0;1.0;0;0;0;0;0
802141;1.72;0.96;15.0;1742.0;24.75;85.5;13.5;1.96;13.11;14.48;2.40;0.95;2.31;118019.0;15.0;15.0;48.0;4499.0;1006.38;58.59;1.0;1.0;0;1.0;0;0;1.0;0;0;1.0;0;0;1.0;1.0;0;0;0;0;0
802700;1.27;1.00;15.0;1352.0;24.75;85.5;14.25;0;12.25;14.58;3.73;0.60;2.31;118019.0;15.0;15.0;41.0;4453.0;1006.38;703.11;1.0;1.0;0;1.0;0;0;1.0;0;0;1.0;0;0;1.0;1.0;0;0;0;0;0
803262;1.28;0.99;13.0;1301.0;24.75;85.5;12.75;0;11.91;14.58;2.67;2.07;2.31;118019.0;14.0;14.0;41.0;4487.0;1006.38;820.30;1.0;1.0;0;1.0;0;0;1.0;0;0;1.0;0;0;1.0;1.0;0;0;0;0;0
803858;1.23;0.97;13.0;1314.0;24.75;85.5;13.5;0;12.00;14.48;1.79;1.44;2.31;118019.0;14.0;14.0;41.0;4494.0;1006.38;546.86;1.0;1.0;0;1.0;0;0;1.0;0;0;1.0;0;0;1.0;1.0;0;0;0;0;0
804365;1.19;0.96;12.0;1363.0;24.75;85.5;14.25;0;12.16;14.48;1.19;0.95;2.31;118019.0;13.0;13.0;41.0;4512.0;1006.38;156.24;1.0;1.0;0;1.0;0;0;1.0;0;0;1.0;0;0;1.0;1.0;0;0;0;0;0
804888;1.28;0.97;11.0;1301.0;24.75;85.5;12.75;0;11.84;14.48;0.87;0.68;2.31;118019.0;11.0;11.0;40.0;4500.0;1006.38;97.65;1.0;1.0;0;1.0;0;0;1.0;0;0;1.0;0;0;1.0;1.0;0;0;1.0;0;0
805425;1.24;0.97;10.0;1259.0;24.75;85.5;14.25;0;12.12;14.48;4.96;7.36;2.31;118019.0;10.0;10.0;39.0;4513.0;1006.38;19.53;1.0;1.0;0;1.0;0;0;1.0;0;0;1.0;0;0;1.0;1.0;0;0;0;0;0
805941;1.39;0.98;8.0;1178.0;24.75;85.5;20.25;0;13.06;14.48;15.56;29.23;2.31;118019.0;9.0;9.0;40.0;4520.0;1006.38;39.06;1.0;1.0;0;1.0;0;0;1.0;0;0;1.0;0;0;0;1.0;0;0;0;0;0
806466;1.32;1.00;7.0;1239.0;24.75;86.25;15.0;0;12.18;14.48;11.93;24.76;2.31;118019.0;8.0;8.0;40.0;4505.0;1006.38;136.71;1.0;1.0;0;1.0;0;0;1.0;0;0;1.0;0;0;1.0;1.0;0;0;0;0;0
806982;1.38;1.02;6.0;1256.0;24.75;86.25;14.25;0;12.12;14.58;8.20;18.00;2.31;118019.0;7.0;7.0;40.0;4508.0;1006.38;624.99;1.0;1.0;0;1.0;0;0;1.0;0;0;1.0;0;0;1.0;1.0;0;0;0;0;0
807505;1.38;1.00;6.0;1234.0;24.75;86.25;15.75;0;12.35;14.58;6.24;13.78;2.31;118019.0;6.0;6.0;41.0;4515.0;1006.38;761.70;1.0;1.0;0;1.0;0;0;1.0;0;0;1.0;0;0;1.0;1.0;0;0;0;0;0
808040;1.30;0.98;5.0;1235.0;24.75;86.25;15.75;0;12.36;14.48;4.76;10.54;2.31;118019.0;6.0;5.0;40.0;4499.0;1006.38;703.11;1.0;1.0;0;1.0;0;0;1.0;0;0;1.0;0;0;1.0;1.0;0;0;0;0;0
808563;1.30;0.98;5.0;1253.0;24.75;86.25;14.25;0;12.15;14.58;3.61;9.74;2.31;118019.0;5.0;5.0;40.0;4524.0;1006.38;78.12;1.0;1.0;0;1.0;0;0;1.0;0;0;1.0;0;0;1.0;1.0;0;0;0;0;0
809087;1.30;1.00;3.0;1258.0;24.75;86.25;14.25;0;12.17;14.58;2.57;7.06;2.31;118019.0;4.0;4.0;40.0;4506.0;1006.38;58.59;1.0;1.0;0;1.0;0;0;1.0;0;0;1.0;0;0;1.0;1.0;0;0;0;0;0
809603;1.41;1.01;3.0;1244.0;24.75;86.25;15.0;0;12.25;14.48;1.93;5.40;2.31;118019.0;4.0;4.0;41.0;4509.0;1006.38;117.18;1.0;1.0;0;1.0;0;0;1.0;0;0;1.0;0;0;1.0;1.0;0;0;0;0;0
810187;1.35;1.03;5.0;1249.0;24.75;86.25;15.0;0;12.25;14.48;1.34;8.33;2.31;118019.0;5.0;4.0;40.0;4527.0;1006.38;351.55;1.0;1.0;0;1.0;0;0;1.0;0;0;1.0;0;0;1.0;1.0;0;0;0;0;0
810755;1.35;1.03;5.0;1244.0;24.75;86.25;15.0;0;12.26;14.48;0.93;6.05;2.31;118019.0;5.0;5.0;41.0;4512.0;1006.38;742.17;1.0;1.0;0;1.0;0;0;1.0;0;0;1.0;0;0;1.0;1.0;0;0;1.0;0;0
811279;1.40;1.02;5.0;1236.0;24.75;86.25;16.5;0;12.56;14.48;0.62;4.35;2.31;118019.0;4.0;5.0;41.0;4518.0;1006.38;781.24;1.0;1.0;0;1.0;1.0;0;1.0;0;0;1.0;0;0;1.0;1.0;0;0;1.0;0;0
811832;1.29;1.00;3.0;1276.0;24.75;86.25;12.75;0;11.91;14.39;2.34;3.12;2.31;118019.0;4.0;4.0;40.0;4529.0;1006.38;585.93;1.0;1.0;0;1.0;0;0;1.0;0;0;1.0;0;0;1.0;1.0;0;0;0;0;0
812357;1.32;0.98;3.0;1212.0;24.75;86.25;17.25;0;12.64;14.58;3.96;4.70;2.31;118019.0;4.0;3.0;40.0;4507.0;1006.38;703.11;1.0;1.0;0;1.0;0;0;1.0;0;0;1.0;0;0;1.0;1.0;0;0;0;0;0
812881;1.28;0.99;3.0;1286.0;24.75;86.25;12.0;0;11.67;14.48;8.84;15.42;2.31;118019.0;4.0;3.0;38.0;4512.0;1006.38;781.24;1.0;1.0;0;1.0;0;0;1.0;0;0;1.0;0;0;1.0;1.0;0;0;0;0;0
813511;1.29;0.98;3.0;1246.0;25.5;86.25;15.0;0;12.12;14.48;44.82;22.73;2.31;118019.0;3.0;3.0;39.0;4510.0;1006.38;781.24;1.0;1.0;0;1.0;0;0;1.0;0;0;1.0;0;0;1.0;1.0;0;0;0;0;0
814036;1.35;0.96;0;1228.0;25.5;86.25;16.5;0;12.40;14.48;60.17;44.31;2.31;118019.0;0;0;39.0;4526.0;1006.38;781.24;1.0;1.0;0;1.0;0;0;1.0;0;0;1.0;0;0;1.0;1.0;0;0;0;0;0
814545;1.28;0.94;0;1275.0;25.5;87.0;12.75;0;11.78;14.48;58.25;49.21;2.31;118019.0;0;0;39.0;4525.0;1006.38;742.17;1.0;1.0;0;1.0;0;0;1.0;0;0;1.0;0;0;1.0;1.0;0;0;0;0;0
815132;1.28;0.93;0;1229.0;25.5;87.0;16.5;0;12.42;14.48;44.76;40.27;2.31;118019.0;0;0;39.0;4516.0;1006.38;722.64;1.0;1.0;0;1.0;0;0;1.0;0;0;1.0;0;0;1.0;1.0;0;0;0;0;0
815655;1.27;0.91;0;1185.0;25.5;87.0;19.5;0;12.87;14.48;47.88;68.97;2.31;118019.0;0;0;39.0;4518.0;1006.38;97.65;1.0;1.0;0;1.0;0;0;1.0;0;0;1.0;0;0;1.0;1.0;0;0;0;0;0
816305;1.21;0.93;0;1251.0;25.5;87.0;15.0;0;12.18;14.39;38.47;57.82;2.31;118019.0;0;0;41.0;4524.0;1006.38;19.53;1.0;1.0;0;1.0;0;0;1.0;0;0;1.0;0;0;1.0;1.0;0;0;0;0;0
817002;1.30;0.95;0;1192.0;25.5;87.0;19.5;0;12.94;14.39;28.00;42.12;2.31;118019.0;0;0;40.0;4498.0;1006.38;39.06;1.0;1.0;0;1.0;0;0;1.0;0;0;1.0;0;0;1.0;1.0;0;0;0;0;0
817547;1.30;0.97;0;1237.0;25.5;87.0;16.5;0;12.54;14.29;26.22;29.09;2.58;118019.0;0;0;41.0;4509.0;1006.38;39.06;1.0;1.0;0;1.0;0;0;1.0;0;0;1.0;0;0;1.0;1.0;0;0;0;0;0
818094;1.56;0.99;0;1257.0;25.5;87.0;12.75;0.39;12.20;14.48;19.10;22.30;2.31;118019.0;0;0;48.0;4537.0;1006.38;117.18;1.0;1.0;0;1.0;0;0;1.0;0;0;1.0;0;0;1.0;1.0;0;0;0;0;0
818616;1.36;0.98;0;1368.0;25.5;87.0;12.75;0.39;11.48;14.48;13.86;17.10;2.31;118019.0;0;0;48.0;4539.0;1006.38;58.59;1.0;1.0;0;1.0;0;0;1.0;0;0;1.0;0;0;1.0;1.0;0;0;0;0;0
819175;1.49;1.00;0;1329.0;25.5;87.0;12.75;0.39;12.08;14.58;10.05;12.42;2.31;118019.0;0;0;48.0;4511.0;1006.38;39.06;1.0;1.0;0;1.0;0;0;1.0;0;0;1.0;0;0;1.0;1.0;0;0;0;0;0
819690;1.53;1.01;0;1138.0;25.5;87.0;23.25;0;13.61;14.48;7.26;9.02;2.31;118019.0;0;0;42.0;4489.0;1006.38;58.59;1.0;1.0;0;1.0;0;0;1.0;0;0;1.0;0;0;1.0;1.0;0;0;0;0;0
820232;1.34;1.02;0;1240.0;25.5;87.0;14.25;0;12.20;14.58;13.76;10.76;2.31;118019.0;0;0;39.0;4509.0;1006.38;410.15;1.0;1.0;0;1.0;0;0;1.0;0;0;1.0;0;0;1.0;1.0;0;0;0;0;0
820752;1.37;1.02;0;1222.0;25.5;87.0;15.75;0;12.34;14.39;19.54;16.24;2.31;118019.0;0;0;39.0;4514.0;1006.38;156.24;1.0;1.0;0;1.0;0;0;1.0;0;0;1.0;0;0;1.0;1.0;0;0;0;0;0
821275;1.43;1.02;0;1232.0;25.5;87.0;15.0;0;12.15;14.48;32.02;49.27;2.31;118019.0;0;0;38.0;4509.0;1006.38;761.70;1.0;1.0;0;1.0;0;0;1.0;0;0;1.0;0;0;1.0;1.0;0;0;0;0;0
821797;1.36;1.01;0;1248.0;25.5;87.0;14.25;0;12.04;14.58;122.37;122.49;2.31;118019.0;0;0;39.0;4512.0;1006.38;839.83;1.0;1.0;0;1.0;0;0;1.0;0;0;1.0;0;0;1.0;1.0;0;0;0;0;0
822311;1.26;0.99;0;1264.0;25.5;87.0;13.5;0;11.88;14.39;151.49;178.73;2.31;118019.0;0;0;38.0;4527.0;1006.38;839.83;1.0;1.0;0;1.0;0;0;1.0;0;0;1.0;0;0;1.0;1.0;0;0;0;0;0
822834;1.21;0.97;0;1280.0;25.5;87.0;12.75;0;11.74;14.58;159.07;221.97;2.31;118019.0;0;0;39.0;4519.0;1006.38;781.24;1.0;1.0;0;1.0;0;0;1.0;0;0;1.0;0;0;1.0;1.0;0;0;0;0;0
823376;1.32;0.96;0;1238.0;25.5;87.0;15.75;0;12.23;14.48;181.23;201.13;2.31;118019.0;0;0;40.0;4507.0;1006.38;117.18;1.0;1.0;0;1.0;0;0;1.0;0;0;1.0;0;0;1.0;1.0;0;0;0;0;0
823900;1.27;0.98;0;1233.0;25.5;87.0;16.5;0;12.38;14.58;182.19;211.92;2.31;118019.0;0;0;39.0;4508.0;1006.38;58.59;1.0;1.0;0;1.0;0;0;1.0;0;0;1.0;0;0;1.0;1.0;0;0;0;0;0
824462;1.32;0.99;0;1229.0;25.5;87.0;16.5;0;12.38;14.48;182.85;247.46;2.31;118019.0;0;0;39.0;4510.0;1006.38;97.65;1.0;1.0;0;1.0;0;0;1.0;0;0;1.0;0;0;1.0;1.0;0;0;0;0;0
824994;1.31;1.01;0;1244.0;25.5;87.75;15.0;0;12.10;14.48;191.55;243.14;2.31;118019.0;0;0;39.0;4526.0;1006.38;97.65;1.0;1.0;0;1.0;0;0;1.0;0;0;1.0;0;0;1.0;1.0;0;0;0;0;0
825570;1.33;1.03;0;1254.0;25.5;87.75;14.25;0;12.04;14.39;192.37;234.12;2.31;118019.0;0;0;39.0;4515.0;1006.38;722.64;1.0;1.0;0;1.0;0;0;1.0;0;0;1.0;0;0;1.0;1.0;0;0;0;0;0
826116;1.24;1.01;0;1291.0;25.5;87.75;12.0;0;11.63;14.48;140.18;175.53;2.31;118019.0;0;0;39.0;4523.0;1006.38;820.30;1.0;1.0;0;1.0;0;0;1.0;0;0;1.0;0;0;0;1.0;0;0;0;0;0
826639;1.32;0.99;0;1224.0;25.5;87.75;16.5;0;12.40;14.48;143.91;157.82;2.31;118019.0;0;0;39.0;4514.0;1006.38;781.24;1.0;1.0;0;1.0;1.0;0;1.0;0;0;1.0;0;0;1.0;1.0;0;0;1.0;0;0
827205;1.22;0.98;0;1270.0;25.5;87.75;13.5;0;11.88;14.58;170.53;204.65;2.31;118019.0;0;0;38.0;4501.0;1006.38;781.24;1.0;1.0;0;1.0;0;0;1.0;0;0;1.0;0;0;1.0;1.0;0;0;1.0;0;0
827718;1.36;0.96;0;1221.0;25.5;87.75;17.25;0;12.51;14.48;172.97;223.13;2.31;118019.0;0;0;40.0;4508.0;1006.38;761.70;0;1.0;0;1.0;0;0;1.0;0;0;1.0;0;0;1.0;1.0;0;0;1.0;0;0
828242;1.20;0.94;0;1267.0;25.5;87.75;13.5;0;11.88;14.39;193.07;199.49;2.31;118019.0;0;0;39.0;4518.0;1006.38;585.93;0;0;1.0;0;0;0;1.0;0;0;1.0;0;0;1.0;1.0;0;0;1.0;0;0
828765;1.19;0.95;0;1265.0;25.5;87.75;13.5;0;11.87;14.39;239.80;221.64;2.31;118019.0;0;0;39.0;4519.0;1006.38;39.06;0;0;1.0;0;0;0;1.0;0;0;1.0;0;0;1.0;1.0;0;0;1.0;0;0
829296;1.2;0.97;0;1251.0;25.5;87.75;14.25;0;12.00;14.48;249.78;260.60;2.31;118019.0;0;0;39.0;4516.0;1006.38;39.06;0;0;1.0;0;0;0;1.0;0;0;1.0;0;0;1.0;1.0;0;0;1.0;0;0
829812;1.25;0.98;0;1246.0;25.5;87.75;15.0;0;12.06;14.48;239.22;281.32;2.31;118019.0;0;0;39.0;4503.0;1006.38;58.59;0;0;1.0;0;0;0;1.0;0;0;1.0;0;0;1.0;1.0;0;0;1.0;0;0
830335;1.36;1.00;0;1190.0;25.5;87.75;19.5;0;12.77;14.48;236.95;297.63;2.31;118019.0;0;0;39.0;4510.0;1006.38;58.59;0;0;1.0;0;0;0;1.0;0;0;1.0;0;0;1.0;1.0;0;0;1.0;0;0
830859;1.28;1.01;0;1295.0;25.5;87.75;12.0;0;11.57;14.39;216.72;312.48;2.31;118019.0;0;0;39.0;4524.0;1006.38;820.30;0;0;1.0;0;0;1.0;1.0;0;0;1.0;0;0;1.0;1.0;0;1.0;0;0;0
831395;2.09;1.00;0;611.0;25.5;87.75;10.5;0;12.83;12.97;242.99;301.50;3.24;118019.0;0;0;71.0;4588.0;1006.38;703.11;0;0;1.0;0;0;1.0;0;0;0;0;0;0;0;0;0;1.0;0;0;0
831919;2.09;1.00;0;0;25.5;87.75;10.5;0;59.68;12.50;242.99;304.78;3.36;118019.0;0;0;118.0;4597.0;1006.38;312.49;0;0;1.0;0;0;1.0;0;0;0;0;0;0;0;0;0;1.0;0;0;0
832432;2.09;1.00;0;0;25.5;87.75;10.5;0;59.68;12.50;242.99;304.78;3.36;118019.0;0;0;118.0;4598.0;1006.38;156.24;0;0;1.0;0;0;0;0;0;0;0;0;0;0;0;0;0;1.0;0;0
832954;2.09;1.00;0;0;25.5;87.75;10.5;0;59.68;12.40;242.99;304.78;3.48;118019.0;0;0;118.0;4598.0;1006.38;136.71;0;0;1.0;0;0;0;0;0;0;0;0;0;0;0;0;0;1.0;0;0
833479;2.09;1.00;0;0;25.5;87.75;10.5;0;59.68;12.40;242.99;304.78;3.48;118019.0;0;0;118.0;4598.0;1006.38;136.71;0;0;1.0;0;0;0;0;0;0;0;0;0;0;0;0;0;1.0;0;0
834012;2.09;1.00;0;0;25.5;87.75;10.5;0;59.68;12.40;242.99;304.78;3.48;118019.0;0;0;118.0;4598.0;1006.38;136.71;0;0;1.0;0;0;0;0;0;0;0;0;0;0;0;0;0;1.0;0;0
834535;2.09;1.00;0;0;25.5;87.75;10.5;0;59.68;12.40;242.99;304.78;3.48;118019.0;0;0;118.0;4598.0;1006.38;136.71;0;0;1.0;0;0;0;0;0;0;0;0;0;0;0;0;0;1.0;0;0
835165;2.09;1.00;0;0;25.5;87.75;10.5;0;59.68;12.50;242.99;304.78;3.36;118019.0;0;0;118.0;4598.0;1006.38;136.71;0;0;1.0;0;0;0;0;0;0;0;0;0;0;0;0;0;1.0;0;0
835674;2.09;1.00;0;0;25.5;87.75;10.5;0;59.68;12.50;242.99;304.78;3.36;118019.0;0;0;118.0;4598.0;1006.38;136.71;0;0;1.0;0;0;0;0;0;0;0;0;0;0;0;0;0;1.0;0;0
836202;2.09;1.00;0;0;25.5;88.5;10.5;0;59.68;12.50;242.99;304.78;3.36;118019.0;0;0;118.0;4597.0;1006.38;136.71;0;0;1.0;0;0;0;0;0;0;0;0;0;0;0;0;0;1.0;0;0
836782;2.09;1.00;0;0;25.5;88.5;10.5;0;59.68;12.50;242.99;304.78;3.36;118019.0;0;0;118.0;4597.0;1006.38;156.24;0;0;1.0;0;0;0;0;0;0;0;0;0;0;0;0;0;1.0;0;0
837288;2.09;1.00;0;0;25.5;88.5;10.5;0;59.68;12.50;242.99;304.78;3.36;118019.0;0;0;118.0;4598.0;1006.38;156.24;0;0;1.0;0;0;0;0;0;0;0;0;0;0;0;0;0;1.0;0;0
837818;2.09;1.00;0;0;25.5;88.5;10.5;0;59.68;12.50;242.99;304.78;3.36;118019.0;0;0;118.0;4597.0;1006.38;156.24;0;0;1.0;0;0;0;0;0;0;0;0;0;0;0;0;0;1.0;0;0
838342;2.09;1.00;0;0;25.5;88.5;10.5;0;59.68;12.50;242.99;304.78;3.36;118019.0;0;0;118.0;4598.0;1006.38;156.24;0;0;1.0;0;0;0;0;0;0;0;0;0;0;0;0;0;1.0;0;0
838894;2.09;1.00;0;0;25.5;88.5;10.5;0;59.68;12.50;242.99;304.78;3.36;118019.0;0;0;118.0;4597.0;1006.38;156.24;0;0;1.0;0;0;0;0;0;0;0;0;0;0;0;0;0;1.0;0;0
