##;##
#2014-02-05 08:21:51
#GS-911 Android V1.1
#F800GS
#BMS-KP2
Time (ms);Injection time( ms);Lambda control factor;Speed( km/h);RPM;Intake air temperature( °C);Engine temperature( °C);Ignition angle( °KW);Throttle valve position (TPS)( %);Engine load( %);Battery voltage( V);Knock sensor 1( V);Knock sensor 2( V);Ignition dwell time( ms);Odometer( km);Front wheel speed( km/h);Rear wheel speed( km/h);Idle actuator position( steps);Fuel pressure( mbar);Ambient air pressure( mbar);Lambda sensor voltage( mV);Gear position;Sidestand switch 1;Sidestand switch 2;Sidestand switch calculated;Clutch switch;Kill switch;Oil pressure switch;Start switch;Tank venting valve (US only);Secondary air valve;Engine over-temperature light;Actuation of starter relay;Lambda sensor heating;Fuel pump;Fan motor;Engine safety cut-out (of BMSK);Starter function (of BMSK);Starter safety cut-out (of BMSK);Engine warning light (MIL)
148;0;1.00;0;0;9.0;9.0;-96.0;0;57.84;11.93;52.80;52.80;3.53;113577.0;0;0;204.0;4317.0;982.86;449.21;0;1.0;0;1.0;0;0;0;0;0;0;0;0;0;0;0;0;1.0;0;0
749;0;1.00;0;0;9.0;9.0;-96.0;0;57.84;11.93;52.80;52.80;3.53;113577.0;0;0;204.0;4312.0;982.86;449.21;0;1.0;0;1.0;0;0;0;0;0;0;0;0;0;0;0;0;1.0;0;0
1358;0;1.00;0;0;9.0;9.0;-96.0;0;57.84;11.93;52.80;52.80;3.53;113577.0;0;0;204.0;4311.0;982.86;449.21;0;1.0;0;1.0;0;0;0;0;0;0;0;0;0;0;0;0;1.0;0;0
1907;0;1.00;0;0;9.0;9.0;-96.0;0;57.84;11.93;52.80;52.80;3.53;113577.0;0;0;204.0;4306.0;982.86;449.21;0;1.0;0;1.0;0;0;0;1.0;0;0;0;1.0;0;0;0;0;1.0;0;0
2475;0;1.00;318.0;0;9.0;9.0;-96.0;0;57.84;9.37;52.80;52.80;6.00;113577.0;4095.0;4095.0;204.0;4303.0;982.86;449.21;0;1.0;0;1.0;0;0;0;1.0;0;0;0;1.0;0;1.0;0;0;1.0;0;0
3008;21.71;1.00;318.0;299.0;9.0;9.0;3.75;0;16.49;8.80;52.80;52.80;6.00;113577.0;4095.0;4095.0;204.0;4221.0;982.86;449.21;0;1.0;0;1.0;0;0;0;1.0;0;1.0;0;0;1.0;1.0;0;0;1.0;0;0
3609;4.74;1.00;318.0;1845.0;9.0;9.0;15.0;0;23.34;12.68;40.54;39.43;3.36;113577.0;4095.0;4095.0;204.0;4242.0;982.86;449.21;0;1.0;0;1.0;0;0;1.0;0;0;1.0;0;0;1.0;1.0;0;0;1.0;0;0
4127;4.64;1.00;0;1561.0;9.0;9.0;3.0;0;18.72;13.54;28.92;28.02;3.07;113577.0;0;0;185.0;4343.0;982.86;449.21;0;1.0;0;1.0;0;0;1.0;0;0;1.0;0;0;1.0;1.0;0;0;1.0;0;0
4650;4.04;1.00;0;1436.0;9.0;9.0;4.5;0;18.59;13.92;33.55;22.38;2.82;113577.0;0;0;157.0;4448.0;982.86;449.21;0;1.0;0;1.0;0;0;1.0;0;0;1.0;0;0;1.0;1.0;0;0;1.0;0;0
5253;3.72;1.00;0;1412.0;9.0;9.0;4.5;0;18.11;13.92;33.84;32.22;2.82;113577.0;0;0;146.0;4519.0;982.86;449.21;0;1.0;0;1.0;0;0;1.0;0;0;1.0;0;0;1.0;1.0;0;0;1.0;0;0
5865;3.75;1.00;0;1411.0;9.0;9.0;5.25;0;18.12;14.11;35.56;54.21;2.58;113577.0;0;0;143.0;4517.0;982.86;449.21;0;1.0;0;1.0;0;0;1.0;0;0;1.0;0;0;1.0;1.0;0;0;1.0;0;0
6377;3.67;1.00;0;1401.0;9.0;9.0;6.0;0;18.33;14.20;86.86;72.94;2.58;113577.0;0;0;143.0;4519.0;982.86;449.21;0;1.0;0;1.0;0;0;1.0;0;0;1.0;0;0;1.0;1.0;0;0;1.0;0;0
6969;3.46;1.00;0;1401.0;9.0;9.0;6.0;0;18.30;14.01;81.92;79.62;2.58;113577.0;0;0;142.0;4501.0;982.86;449.21;0;1.0;0;1.0;0;0;1.0;0;0;1.0;0;0;1.0;1.0;0;0;1.0;0;0
7548;3.56;1.00;0;1394.0;9.0;9.0;6.0;0;18.33;14.20;75.60;76.81;2.58;113577.0;0;0;142.0;4511.0;982.86;449.21;0;1.0;0;1.0;0;0;1.0;0;0;1.0;0;0;1.0;1.0;0;0;1.0;0;0
8117;3.43;1.00;0;1377.0;9.0;9.0;6.75;0;18.75;14.20;67.51;70.58;2.58;113577.0;0;0;141.0;4514.0;982.86;449.21;0;1.0;0;1.0;0;0;1.0;0;0;1.0;0;0;1.0;1.0;0;0;1.0;0;0
8722;3.27;1.00;0;1383.0;9.0;9.0;6.75;0;18.70;14.39;60.81;61.14;2.31;113577.0;0;0;142.0;4503.0;982.86;449.21;0;1.0;0;1.0;0;0;1.0;0;0;1.0;0;0;1.0;1.0;0;0;1.0;0;0
9278;3.36;1.00;0;1323.0;9.0;9.0;8.25;0;19.28;14.20;78.13;117.64;2.58;113577.0;0;0;143.0;4512.0;982.86;449.21;0;1.0;0;1.0;0;0;1.0;0;0;1.0;0;0;1.0;1.0;0;0;1.0;0;0
9806;3.19;1.00;0;1424.0;9.0;9.0;5.25;0;18.13;14.29;130.03;103.66;2.58;113577.0;0;0;145.0;4531.0;982.86;449.21;0;1.0;0;1.0;0;0;1.0;0;0;1.0;0;0;1.0;1.0;0;0;1.0;0;0
10327;3.25;1.00;0;1401.0;9.0;9.0;6.0;0;18.36;14.29;94.74;90.05;2.58;113577.0;0;0;143.0;4546.0;982.86;449.21;0;1.0;0;1.0;0;0;1.0;0;0;1.0;0;0;1.0;1.0;0;0;1.0;0;0
10834;3.19;1.00;0;1401.0;9.0;9.0;6.0;0;18.33;14.20;98.25;121.24;2.58;113577.0;0;0;143.0;4495.0;982.86;449.21;0;1.0;0;1.0;0;0;1.0;0;0;1.0;0;0;1.0;1.0;0;0;1.0;0;0
11347;3.14;1.00;0;1412.0;9.0;9.0;5.25;0;18.02;14.20;163.46;110.05;2.58;113577.0;0;0;142.0;4532.0;982.86;449.21;0;1.0;0;1.0;0;0;1.0;0;0;1.0;0;0;1.0;1.0;0;0;1.0;0;0
11967;3.04;1.00;0;1397.0;9.0;9.0;6.0;0;18.25;14.39;156.94;103.62;2.31;113577.0;0;0;141.0;4492.0;982.86;449.21;0;1.0;0;1.0;0;0;1.0;0;0;1.0;0;0;0;1.0;0;0;1.0;0;0
12487;3.08;1.00;0;1422.0;9.0;9.0;5.25;0;17.93;14.20;114.28;82.14;2.58;113577.0;0;0;139.0;4507.0;982.86;449.21;0;1.0;0;1.0;0;0;1.0;0;0;1.0;0;0;1.0;1.0;0;0;1.0;0;0
13002;2.93;1.00;0;1397.0;9.0;9.0;5.25;0;17.87;14.39;97.35;87.70;2.31;113577.0;0;0;138.0;4494.0;982.86;449.21;0;1.0;0;1.0;0;0;1.0;0;0;1.0;0;0;1.0;1.0;0;0;1.0;0;0
13544;2.73;1.00;0;1437.0;9.0;9.0;4.5;0;17.51;14.11;78.72;79.70;2.58;113577.0;0;0;137.0;4506.0;982.86;449.21;0;1.0;0;1.0;0;0;1.0;0;0;1.0;0;0;1.0;1.0;0;0;1.0;0;0
14141;2.75;1.00;0;1381.0;9.0;9.0;6.0;0;17.92;14.39;61.44;58.06;2.31;113577.0;0;0;135.0;4506.0;982.86;449.21;0;1.0;0;1.0;0;0;1.0;0;0;1.0;0;0;1.0;1.0;0;0;1.0;0;0
14743;2.72;1.00;0;1397.0;9.0;9.0;5.25;0;17.68;14.39;137.74;61.26;2.31;113577.0;0;0;134.0;4517.0;982.86;449.21;0;1.0;0;1.0;0;0;1.0;0;0;1.0;0;0;1.0;1.0;0;0;1.0;0;0
15343;2.72;1.00;0;1355.0;9.0;9.0;6.75;0;18.23;14.29;102.43;70.42;2.58;113577.0;0;0;133.0;4535.0;982.86;449.21;0;1.0;0;1.0;0;0;1.0;0;0;1.0;0;0;1.0;1.0;0;0;1.0;0;0
15946;2.64;1.00;0;1416.0;9.0;9.75;4.5;0;17.44;14.20;81.98;52.35;2.58;113577.0;0;0;133.0;4511.0;982.86;449.21;0;1.0;0;1.0;0;0;1.0;0;0;1.0;0;0;1.0;1.0;0;0;1.0;0;0
16551;2.66;1.00;0;1392.0;9.0;9.75;6.0;0;17.79;14.29;57.61;39.47;2.58;113577.0;0;0;131.0;4493.0;982.86;449.21;0;1.0;0;1.0;0;0;1.0;0;0;1.0;0;0;1.0;1.0;0;0;1.0;0;0
17071;2.65;1.00;0;1385.0;9.0;9.75;5.25;0;17.69;14.39;46.38;34.47;2.31;113577.0;0;0;132.0;4508.0;982.86;449.21;0;1.0;0;1.0;0;0;1.0;0;0;1.0;0;0;1.0;1.0;0;0;1.0;0;0
17753;2.63;1.00;0;1378.0;9.0;9.75;6.0;0;17.74;14.11;40.05;41.01;2.58;113577.0;0;0;130.0;4510.0;982.86;449.21;0;1.0;0;1.0;0;0;1.0;0;0;1.0;0;0;1.0;1.0;0;0;1.0;0;0
18355;2.68;1.00;0;1350.0;9.0;10.5;6.75;0;18.31;14.20;37.88;56.71;2.58;113577.0;0;0;132.0;4490.0;982.86;449.21;0;1.0;0;1.0;0;0;1.0;0;0;1.0;0;0;1.0;1.0;0;0;1.0;0;0
18960;2.76;1.00;0;1380.0;9.0;10.5;6.0;0;17.65;14.29;30.60;42.84;2.58;113577.0;0;0;134.0;4517.0;982.86;449.21;0;1.0;0;1.0;0;0;1.0;0;0;1.0;0;0;1.0;1.0;0;0;1.0;0;0
19520;2.60;1.00;0;1400.0;9.0;10.5;5.25;0;17.50;14.20;22.90;42.49;2.58;113577.0;0;0;133.0;4506.0;982.86;449.21;0;1.0;0;1.0;0;0;1.0;0;0;1.0;0;0;1.0;1.0;0;0;1.0;0;0
20081;2.62;1.00;0;1430.0;9.0;10.5;3.75;0;16.74;14.39;16.62;30.93;2.31;113577.0;0;0;132.0;4515.0;982.86;449.21;0;1.0;0;1.0;0;0;1.0;0;0;1.0;0;0;1.0;1.0;0;0;1.0;0;0
20615;2.64;1.00;0;1367.0;9.0;10.5;6.0;0;17.69;14.11;13.76;21.30;2.58;113577.0;0;0;133.0;4508.0;982.86;449.21;0;1.0;0;1.0;0;0;1.0;0;0;1.0;0;0;1.0;1.0;0;0;1.0;0;0
21134;2.69;1.00;0;1381.0;9.0;10.5;6.0;0;17.66;14.39;12.08;20.33;2.31;113577.0;0;0;131.0;4518.0;982.86;449.21;0;1.0;0;1.0;0;0;1.0;0;0;1.0;0;0;1.0;1.0;0;0;1.0;0;0
21620;2.80;1.00;0;1399.0;9.0;11.25;5.25;0;17.30;14.29;39.25;50.44;2.58;113577.0;0;0;132.0;4509.0;982.86;449.21;0;1.0;0;1.0;0;0;1.0;0;0;1.0;0;0;1.0;1.0;0;0;1.0;0;0
22157;2.61;1.00;0;1372.0;9.0;11.25;6.0;0;17.63;14.29;35.13;52.75;2.58;113577.0;0;0;133.0;4497.0;982.86;449.21;0;1.0;0;1.0;0;0;1.0;0;0;1.0;0;0;1.0;1.0;0;0;1.0;0;0
22672;2.56;1.00;0;1388.0;9.0;11.25;5.25;0;17.29;14.48;30.79;43.33;2.31;113577.0;0;0;132.0;4532.0;982.86;449.21;0;1.0;0;1.0;0;0;1.0;0;0;1.0;0;0;1.0;1.0;0;0;1.0;0;0
23184;2.54;1.00;0;1434.0;9.0;11.25;3.75;0;16.68;14.29;23.63;31.54;2.58;113577.0;0;0;132.0;4538.0;982.86;449.21;0;1.0;0;1.0;0;0;1.0;0;0;1.0;0;0;1.0;1.0;0;0;1.0;0;0
23787;2.58;1.00;0;1434.0;9.0;12.0;3.75;0;16.64;14.29;32.28;31.40;2.58;113577.0;0;0;131.0;4514.0;982.86;449.21;0;1.0;0;1.0;0;0;1.0;0;0;1.0;0;0;1.0;1.0;0;0;1.0;0;0
24324;2.57;1.00;0;1369.0;9.0;12.0;6.0;0;17.66;14.39;26.38;31.99;2.31;113577.0;0;0;132.0;4515.0;982.86;449.21;0;1.0;0;1.0;0;0;1.0;0;0;1.0;0;0;1.0;1.0;0;0;1.0;0;0
24838;2.56;1.00;0;1368.0;9.0;12.0;6.0;0;17.64;14.20;27.65;61.55;2.58;113577.0;0;0;132.0;4521.0;982.86;449.21;0;1.0;0;1.0;0;0;1.0;0;0;1.0;0;0;1.0;1.0;0;0;1.0;0;0
25353;2.77;1.00;0;1392.0;9.0;12.0;5.25;0;17.38;14.29;19.10;45.50;2.58;113577.0;0;0;133.0;4515.0;982.86;449.21;0;1.0;0;1.0;0;0;1.0;0;0;1.0;0;0;1.0;1.0;0;0;1.0;0;0
25844;2.61;1.00;0;1385.0;9.0;12.0;5.25;0;17.42;14.20;13.86;33.14;2.58;113577.0;0;0;132.0;4523.0;982.86;468.74;0;1.0;0;1.0;0;0;1.0;0;0;1.0;0;0;1.0;1.0;0;0;1.0;0;0
26413;2.55;1.00;0;1370.0;9.0;12.75;6.0;0;17.72;14.48;10.60;24.10;2.31;113577.0;0;0;132.0;4497.0;982.86;449.21;0;1.0;0;1.0;0;0;1.0;0;0;1.0;0;0;1.0;1.0;0;0;1.0;0;0
26941;2.71;1.00;0;1388.0;9.0;12.75;5.25;0;17.10;14.48;7.67;19.43;2.31;113577.0;0;0;133.0;4497.0;982.86;468.74;0;1.0;0;1.0;0;0;1.0;0;0;1.0;0;0;1.0;1.0;0;0;1.0;0;0
27461;2.43;1.00;0;1400.0;9.0;12.75;4.5;0;16.70;14.39;39.09;64.27;2.31;113577.0;0;0;130.0;4508.0;982.86;468.74;0;1.0;0;1.0;0;0;1.0;0;0;1.0;0;0;1.0;1.0;0;0;1.0;0;0
28144;2.50;1.00;0;1392.0;9.0;12.75;5.25;0;17.07;14.39;108.76;109.32;2.31;113577.0;0;0;130.0;4513.0;982.86;468.74;0;1.0;0;1.0;0;0;1.0;0;0;1.0;0;0;1.0;1.0;0;0;1.0;0;0
28663;2.44;1.00;0;1402.0;9.0;13.5;4.5;0;16.51;14.29;105.85;106.59;2.58;113577.0;0;0;127.0;4517.0;982.86;468.74;0;1.0;0;1.0;0;0;1.0;0;0;1.0;0;0;1.0;1.0;0;0;1.0;0;0
29201;2.49;1.00;0;1389.0;9.0;13.5;5.25;0;17.03;14.48;84.13;96.73;2.31;113577.0;0;0;129.0;4521.0;982.86;468.74;0;1.0;0;1.0;0;0;1.0;0;0;1.0;0;0;1.0;1.0;0;0;1.0;0;0
29725;2.48;1.00;0;1398.0;9.0;13.5;4.5;0;16.61;14.48;68.27;76.77;2.31;113577.0;0;0;130.0;4496.0;982.86;468.74;0;1.0;0;1.0;0;0;1.0;0;0;1.0;0;0;1.0;1.0;0;0;1.0;0;0
30403;2.53;1.00;0;1395.0;9.0;14.25;4.5;0;16.73;14.29;65.30;90.95;2.58;113577.0;0;0;131.0;4518.0;982.86;468.74;0;1.0;0;1.0;0;0;1.0;0;0;1.0;0;0;1.0;1.0;0;0;1.0;0;0
30922;2.53;1.00;0;1392.0;9.0;14.25;4.5;0;16.75;14.29;53.86;69.68;2.58;113577.0;0;0;133.0;4499.0;982.86;468.74;0;1.0;0;1.0;0;0;1.0;0;0;1.0;0;0;1.0;1.0;0;0;1.0;0;0
31462;2.52;1.00;0;1354.0;9.0;14.25;6.0;0;17.33;14.29;39.21;57.04;2.58;113577.0;0;0;132.0;4528.0;982.86;468.74;0;1.0;0;1.0;0;0;1.0;0;0;1.0;0;0;1.0;1.0;0;0;1.0;0;0
32063;2.44;1.00;0;1422.0;9.0;14.25;4.5;0;16.64;14.39;35.50;50.34;2.31;113577.0;0;0;132.0;4521.0;982.86;468.74;0;1.0;0;1.0;0;0;1.0;0;0;1.0;0;0;1.0;1.0;0;0;1.0;0;0
32583;2.53;1.00;0;1355.0;9.0;14.25;6.0;0;17.28;14.29;42.34;73.58;2.58;113577.0;0;0;132.0;4505.0;982.86;468.74;0;1.0;0;1.0;0;0;1.0;0;0;1.0;0;0;1.0;1.0;0;0;1.0;0;0
33117;2.72;1.00;0;1401.0;9.0;15.0;3.75;0;16.49;14.48;49.33;61.18;2.31;113577.0;0;0;131.0;4535.0;982.86;488.27;0;1.0;0;1.0;0;0;1.0;0;0;1.0;0;0;1.0;1.0;0;0;1.0;0;0
33718;2.72;1.00;0;1386.0;9.0;15.0;4.5;0;16.68;14.11;43.23;54.29;2.58;113577.0;0;0;133.0;4497.0;982.86;468.74;0;1.0;0;1.0;0;0;1.0;0;0;1.0;0;0;1.0;1.0;0;0;1.0;0;0
34332;2.53;1.00;0;1384.0;9.0;15.0;4.5;0;16.69;14.29;29.86;37.49;2.58;113577.0;0;0;130.0;4502.0;982.86;488.27;0;1.0;0;1.0;0;0;1.0;0;0;1.0;0;0;1.0;1.0;0;0;1.0;0;0
34881;2.64;1.00;0;1405.0;9.0;15.0;3.75;0;16.55;14.39;26.73;29.86;2.31;113577.0;0;0;133.0;4498.0;982.86;488.27;0;1.0;0;1.0;0;0;1.0;0;0;1.0;0;0;1.0;1.0;0;0;1.0;0;0
35565;2.54;1.00;0;1394.0;9.0;15.0;4.5;0;16.77;14.48;19.45;21.71;2.31;113577.0;0;0;134.0;4499.0;982.86;488.27;0;1.0;0;1.0;0;0;1.0;0;0;1.0;0;0;1.0;1.0;0;0;0;0;0
36132;2.43;1.00;0;1412.0;9.0;15.75;4.5;0;16.47;14.29;12.67;20.13;2.58;113577.0;0;0;130.0;4520.0;982.86;488.27;1.0;1.0;0;1.0;0;0;1.0;0;0;1.0;0;0;1.0;1.0;0;0;0;0;0
36661;2.71;1.00;0;1372.0;9.0;15.75;5.25;0;16.60;14.39;8.71;15.68;2.31;113577.0;0;0;129.0;4529.0;982.86;468.74;1.0;1.0;0;1.0;0;0;1.0;0;0;1.0;0;0;1.0;1.0;0;0;0;0;0
37233;2.78;1.00;0;1341.0;9.0;15.75;6.75;0;17.30;14.20;10.52;27.30;2.58;113577.0;0;0;131.0;4527.0;982.86;488.27;1.0;1.0;0;1.0;0;0;1.0;0;0;1.0;0;0;1.0;1.0;0;0;0;0;0
37753;2.45;1.00;0;1401.0;9.0;16.5;5.25;0;16.52;14.48;15.25;25.36;2.31;113577.0;0;0;130.0;4501.0;982.86;488.27;1.0;1.0;0;1.0;0;0;1.0;0;0;1.0;0;0;1.0;1.0;0;0;0;0;0
38354;2.52;1.00;0;1334.0;9.0;16.5;6.75;0;17.22;14.29;19.90;38.16;2.58;113577.0;0;0;128.0;4494.0;982.86;488.27;1.0;1.0;0;1.0;0;0;1.0;0;0;1.0;0;0;1.0;1.0;0;0;0;0;0
38871;2.43;1.00;0;1424.0;9.0;16.5;4.5;0;16.37;14.29;19.47;33.57;2.58;113577.0;0;0;128.0;4519.0;982.86;488.27;1.0;1.0;0;1.0;0;0;1.0;0;0;1.0;0;0;1.0;1.0;0;0;0;0;0
39408;2.12;1.00;0;1602.0;9.0;16.5;6.0;0;17.91;14.39;28.51;25.27;2.31;113577.0;0;0;158.0;4494.0;982.86;507.80;1.0;1.0;0;1.0;0;0;1.0;0;0;1.0;0;0;1.0;1.0;0;0;0;0;0
39946;3.30;1.00;0;1906.0;9.0;16.5;8.25;3.52;17.42;14.58;30.58;42.84;2.31;113577.0;0;0;139.0;4509.0;982.86;507.80;1.0;1.0;0;1.0;0;0;1.0;0;0;1.0;0;0;1.0;1.0;0;0;0;0;0
40467;3.51;1.00;0;1725.0;9.0;17.25;7.5;3.52;18.61;14.29;108.86;143.74;2.58;113577.0;0;0;138.0;4509.0;982.86;507.80;1.0;1.0;0;1.0;0;0;1.0;0;0;1.0;0;0;1.0;1.0;0;0;0;0;0
40977;3.48;1.00;0;1688.0;9.0;17.25;7.5;3.52;18.92;14.29;104.70;212.11;2.58;113577.0;0;0;138.0;4511.0;982.86;507.80;1.0;1.0;0;1.0;0;0;1.0;0;0;1.0;0;0;1.0;1.0;0;0;0;0;0
41512;2.40;1.00;6.0;1545.0;9.0;17.25;5.25;0;17.65;14.20;143.66;154.85;2.58;113577.0;6.0;6.0;154.0;4453.0;982.86;507.80;1.0;1.0;0;1.0;0;0;1.0;0;0;1.0;0;0;1.0;1.0;0;0;0;0;0
42122;3.65;1.00;7.0;1775.0;9.0;18.0;7.5;4.31;18.70;14.48;104.70;113.74;2.31;113577.0;8.0;7.0;137.0;4537.0;982.86;507.80;1.0;1.0;0;1.0;0;0;1.0;0;0;1.0;0;0;1.0;1.0;0;0;0;0;0
42731;2.4;1.00;10.0;1512.0;9.0;18.0;6.0;0;17.52;14.29;61.75;75.32;2.58;113577.0;10.0;10.0;152.0;4486.0;982.86;507.80;1.0;1.0;0;1.0;0;0;1.0;0;0;1.0;0;0;1.0;1.0;0;0;0;0;0
43263;2.23;1.00;10.0;1600.0;9.0;18.0;6.0;0;17.44;14.48;47.77;57.51;2.31;113577.0;10.0;10.0;150.0;4497.0;982.86;507.80;1.0;1.0;0;1.0;0;0;1.0;0;0;1.0;0;0;1.0;1.0;0;0;0;0;0
43809;2.33;1.00;10.0;1565.0;9.0;18.0;6.0;0;17.43;14.39;88.58;95.36;2.31;113577.0;10.0;10.0;151.0;4498.0;982.86;507.80;1.0;1.0;0;1.0;0;0;1.0;0;0;1.0;0;0;1.0;1.0;0;0;0;0;0
44432;2.42;1.00;10.0;1506.0;9.0;18.75;6.0;0;17.49;14.48;77.47;89.74;2.31;113577.0;11.0;11.0;148.0;4504.0;982.86;488.27;1.0;1.0;0;1.0;0;0;1.0;0;0;1.0;0;0;1.0;1.0;0;0;0;0;0
44952;2.38;1.00;11.0;1526.0;9.0;18.75;6.0;0;17.38;14.39;53.51;58.82;2.31;113577.0;11.0;11.0;149.0;4507.0;982.86;507.80;1.0;1.0;0;1.0;0;0;1.0;0;0;1.0;0;0;1.0;1.0;0;0;0;0;0
45496;2.69;1.00;11.0;1466.0;9.0;18.75;6.0;0;17.40;14.29;41.18;45.15;2.58;113577.0;12.0;12.0;147.0;4517.0;982.86;507.80;1.0;1.0;0;1.0;0;0;1.0;0;0;1.0;0;0;1.0;1.0;0;0;0;0;0
46057;2.51;1.00;11.0;1505.0;9.0;19.5;6.0;0;17.40;14.11;34.02;34.76;2.58;113577.0;11.0;11.0;147.0;4507.0;982.86;507.80;1.0;1.0;0;1.0;0;0;1.0;0;0;1.0;0;0;1.0;1.0;0;0;0;0;0
46578;2.38;1.00;12.0;1510.0;9.0;19.5;6.0;0;17.33;14.48;38.72;41.91;2.31;113577.0;13.0;12.0;147.0;4518.0;982.86;507.80;1.0;1.0;0;1.0;1.0;0;1.0;0;0;1.0;0;0;1.0;1.0;0;0;1.0;0;0
47199;2.33;1.00;11.0;1586.0;9.0;19.5;6.0;0;17.31;14.39;37.34;52.92;2.31;113577.0;12.0;11.0;147.0;4511.0;982.86;449.21;1.0;1.0;0;1.0;0;0;1.0;0;0;1.0;0;0;1.0;1.0;0;0;0;0;0
47761;2.32;1.00;10.0;1582.0;9.0;19.5;6.0;0;17.25;14.48;37.63;76.32;2.31;113577.0;11.0;10.0;148.0;4493.0;982.86;527.33;1.0;1.0;0;1.0;0;0;1.0;0;0;1.0;0;0;1.0;1.0;0;0;0;0;0
48292;2.52;1.00;10.0;1580.0;9.0;20.25;6.0;0;17.28;14.29;34.09;79.46;2.58;113577.0;10.0;9.0;147.0;4507.0;982.86;527.33;1.0;1.0;0;1.0;0;0;1.0;0;0;1.0;0;0;1.0;1.0;0;0;0;0;0
48812;2.42;0.99;6.0;1492.0;9.0;20.25;4.5;0;16.26;13.25;27.24;69.11;3.07;113577.0;3.0;6.0;143.0;4544.0;982.86;390.62;1.0;1.0;0;1.0;0;0;1.0;0;0;1.0;0;0;1.0;1.0;0;0;0;0;0
49311;2.73;1.00;7.0;1428.0;9.0;20.25;6.0;0;16.98;14.48;26.01;103.13;2.31;113577.0;8.0;7.0;143.0;4502.0;982.86;410.15;1.0;1.0;0;1.0;0;0;1.0;0;0;1.0;0;0;1.0;1.0;0;0;0;0;0
49928;2.57;0.99;8.0;1458.0;9.0;20.25;5.25;0;16.68;14.29;33.24;118.09;2.58;113577.0;9.0;8.0;142.0;4499.0;982.86;507.80;1.0;1.0;0;1.0;0;0;1.0;0;0;1.0;0;0;1.0;1.0;0;0;0;0;0
50456;2.39;0.99;7.0;1459.0;9.0;20.25;4.5;0;16.05;14.39;94.50;163.21;2.31;113577.0;7.0;7.0;137.0;4605.0;982.86;546.86;1.0;1.0;0;1.0;0;0;1.0;0;0;1.0;0;0;1.0;1.0;0;0;0;0;0
51076;2.56;0.98;7.0;1436.0;9.0;21.0;5.25;0;16.24;14.39;93.99;134.63;2.31;113577.0;8.0;8.0;132.0;4507.0;982.86;527.33;1.0;1.0;0;1.0;0;0;1.0;0;0;1.0;0;0;1.0;1.0;0;0;0;0;0
51627;2.44;0.96;8.0;1516.0;9.0;21.0;6.75;0;17.27;14.29;90.71;104.75;2.58;113577.0;9.0;8.0;144.0;4471.0;982.86;546.86;1.0;1.0;0;1.0;0;0;1.0;0;0;1.0;0;0;1.0;1.0;0;0;0;0;0
52105;4.24;0.99;11.0;1688.0;9.0;21.0;7.5;5.49;24.62;14.39;99.58;118.87;2.31;113577.0;11.0;11.0;134.0;4548.0;982.86;566.39;1.0;1.0;0;1.0;0;0;1.0;0;0;1.0;0;0;1.0;1.0;0;0;0;0;0
52620;3.88;0.98;13.0;1808.0;9.0;21.0;8.25;5.88;22.89;14.29;95.15;150.18;2.58;113577.0;14.0;14.0;134.0;4556.0;982.86;546.86;1.0;1.0;0;1.0;0;0;1.0;0;0;1.0;0;0;1.0;1.0;0;0;0;0;0
53121;3.75;0.96;16.0;1864.0;9.0;21.0;8.25;5.49;21.85;14.20;122.23;180.84;2.58;113577.0;16.0;17.0;134.0;4529.0;982.86;546.86;1.0;1.0;0;1.0;0;0;1.0;0;0;1.0;0;0;1.0;1.0;0;0;0;0;0
53707;4.43;1.00;18.0;2079.0;9.0;21.75;9.0;8.23;25.62;14.29;165.10;181.08;2.58;113577.0;19.0;19.0;133.0;4550.0;982.86;566.39;1.0;1.0;0;1.0;0;0;1.0;0;0;1.0;0;0;1.0;1.0;0;0;0;0;0
54310;3.87;0.98;22.0;2416.0;9.0;21.75;9.0;9.02;23.61;14.39;97.41;112.64;2.31;113577.0;22.0;22.0;133.0;4483.0;982.86;566.39;1.0;1.0;0;1.0;0;0;1.0;0;0;1.0;0;0;1.0;1.0;0;0;0;0;0
54882;0;1.00;25.0;2771.0;9.0;21.75;15.0;0;9.34;14.39;49.03;56.69;2.31;113577.0;25.0;25.0;133.0;4570.0;982.86;566.39;1.0;1.0;0;1.0;0;0;1.0;0;0;1.0;0;0;1.0;1.0;0;0;0;0;0
55402;3.36;0.99;25.0;1991.0;8.25;21.75;8.25;4.70;18.07;14.20;30.68;33.57;2.58;113577.0;25.0;25.0;133.0;4530.0;982.86;546.86;2.0;1.0;0;1.0;0;0;1.0;0;0;1.0;0;0;1.0;1.0;0;0;0;0;0
56021;3.29;0.98;26.0;2073.0;8.25;22.5;8.25;5.09;18.53;14.29;19.04;24.06;2.58;113577.0;26.0;26.0;132.0;4527.0;982.86;566.39;2.0;1.0;0;1.0;0;0;1.0;0;0;1.0;0;0;1.0;1.0;0;0;0;0;0
56567;3.15;0.96;27.0;2151.0;8.25;22.5;9.75;5.09;18.80;14.39;10.03;12.03;2.31;113577.0;27.0;27.0;132.0;4518.0;982.86;566.39;2.0;1.0;0;1.0;0;0;1.0;0;0;1.0;0;0;1.0;1.0;0;0;0;0;0
57112;3.16;0.94;28.0;2207.0;8.25;22.5;9.75;5.09;19.00;14.39;6.15;7.44;2.31;113577.0;28.0;28.0;132.0;4499.0;982.86;566.39;2.0;1.0;0;1.0;0;0;1.0;0;0;1.0;0;0;1.0;1.0;0;0;0;0;0
57677;2.71;0.99;28.0;2101.0;8.25;22.5;9.0;2.74;15.20;14.39;5.07;4.08;2.31;113577.0;29.0;28.0;132.0;4502.0;982.86;566.39;2.0;1.0;0;1.0;0;0;1.0;0;0;1.0;0;0;1.0;1.0;0;0;0;0;0
58269;2.48;0.98;28.0;2285.0;8.25;23.25;10.5;3.13;15.05;14.48;3.08;2.46;2.31;113577.0;28.0;28.0;131.0;4523.0;982.86;546.86;2.0;1.0;0;1.0;0;0;1.0;0;0;1.0;0;0;1.0;1.0;0;0;0;0;0
58757;2.90;0.97;27.0;2287.0;8.25;23.25;9.75;4.31;16.80;14.39;54.13;63.00;2.31;113577.0;28.0;28.0;131.0;4519.0;982.86;195.31;2.0;1.0;0;1.0;0;0;1.0;0;0;1.0;0;0;1.0;1.0;0;0;0;0;0
59288;3.13;0.99;28.0;2260.0;8.25;23.25;9.75;5.09;18.27;14.48;119.67;87.57;2.31;113577.0;28.0;29.0;131.0;4507.0;982.86;605.46;2.0;1.0;0;1.0;0;0;1.0;0;0;1.0;0;0;1.0;1.0;0;0;0;0;0
59853;3.12;0.97;28.0;2280.0;8.25;23.25;10.5;5.09;18.64;14.39;109.81;83.49;2.31;113577.0;29.0;29.0;131.0;4505.0;982.86;585.93;2.0;1.0;0;1.0;0;0;1.0;0;0;1.0;0;0;1.0;1.0;0;0;0;0;0
60493;3.04;0.94;30.0;2333.0;8.25;23.25;10.5;5.09;18.50;14.29;95.79;115.83;2.58;113577.0;30.0;30.0;131.0;4516.0;982.86;585.93;2.0;1.0;0;1.0;0;0;1.0;0;0;1.0;0;0;1.0;1.0;0;0;0;0;0
61055;2.90;0.92;30.0;2339.0;8.25;24.0;10.5;5.09;18.24;14.39;116.16;147.97;2.31;113577.0;30.0;29.0;131.0;4507.0;982.86;566.39;2.0;1.0;0;1.0;0;0;1.0;0;0;1.0;0;0;1.0;1.0;0;0;0;0;0
61562;2.84;0.90;30.0;2351.0;8.25;24.0;10.5;5.09;18.16;14.48;232.97;192.13;2.31;113577.0;30.0;30.0;131.0;4517.0;982.86;390.62;2.0;1.0;0;1.0;0;0;1.0;0;0;1.0;0;0;1.0;1.0;0;0;0;0;0
62078;2.84;0.92;30.0;2379.0;8.25;24.75;10.5;5.09;17.72;14.39;283.84;261.64;2.31;113577.0;30.0;30.0;130.0;4499.0;982.86;332.02;2.0;1.0;0;1.0;0;0;1.0;0;0;1.0;0;0;1.0;1.0;0;0;0;0;0
62576;2.88;0.93;30.0;2379.0;8.25;24.75;10.5;5.09;17.72;14.39;278.08;275.47;2.31;113577.0;30.0;30.0;130.0;4518.0;982.86;292.96;2.0;1.0;0;1.0;0;0;1.0;0;0;1.0;0;0;1.0;1.0;0;0;0;0;0
63114;2.67;0.93;30.0;2379.0;8.25;24.75;10.5;4.31;16.92;14.48;279.06;293.57;2.31;113577.0;30.0;31.0;130.0;4520.0;982.86;624.99;2.0;1.0;0;1.0;0;0;1.0;0;0;1.0;0;0;1.0;1.0;0;0;0;0;0
63716;2.58;0.91;30.0;2432.0;8.25;24.75;11.25;4.31;16.46;14.39;319.53;283.73;2.31;113577.0;30.0;30.0;130.0;4522.0;982.86;175.77;2.0;1.0;0;1.0;0;0;1.0;0;0;1.0;0;0;1.0;1.0;0;0;0;0;0
64247;2.56;0.93;30.0;2372.0;8.25;25.5;10.5;3.92;16.02;14.29;191.37;183.97;2.58;113577.0;31.0;30.0;129.0;4501.0;982.86;410.15;2.0;1.0;0;1.0;0;0;1.0;0;0;1.0;0;0;1.0;1.0;0;0;0;0;0
64752;2.57;0.94;30.0;2354.0;8.25;25.5;10.5;3.52;15.78;14.29;112.94;114.44;2.58;113577.0;30.0;30.0;129.0;4526.0;982.86;351.55;2.0;1.0;0;1.0;0;0;1.0;0;0;1.0;0;0;1.0;1.0;0;0;0;0;0
65319;2.38;0.94;30.0;2343.0;8.25;25.5;10.5;3.13;14.53;14.39;66.61;67.51;2.31;113577.0;30.0;30.0;129.0;4513.0;982.86;664.05;2.0;1.0;0;1.0;0;0;1.0;0;0;1.0;0;0;1.0;1.0;0;0;0;0;0
65870;2.33;0.92;28.0;2300.0;8.25;26.25;10.5;2.74;14.22;14.58;37.24;35.75;2.31;113577.0;29.0;29.0;128.0;4510.0;982.86;644.52;2.0;1.0;0;1.0;0;0;1.0;0;0;1.0;0;0;1.0;1.0;0;0;0;0;0
66433;2.16;0.91;28.0;2305.0;8.25;26.25;9.75;2.35;13.75;14.39;23.10;22.18;2.31;113577.0;29.0;28.0;128.0;4508.0;982.86;136.71;2.0;1.0;0;1.0;0;0;1.0;0;0;1.0;0;0;1.0;1.0;0;0;0;0;0
66931;2.52;0.93;27.0;2256.0;8.25;26.25;9.75;3.13;15.38;14.39;12.20;12.30;2.31;113577.0;28.0;28.0;128.0;4502.0;982.86;136.71;2.0;1.0;0;1.0;0;0;1.0;0;0;1.0;0;0;1.0;1.0;0;0;0;0;0
67457;2.68;0.94;27.0;2233.0;8.25;26.25;9.75;3.52;16.07;14.48;7.51;7.57;2.31;113577.0;28.0;28.0;128.0;4525.0;982.86;156.24;2.0;1.0;0;1.0;0;0;1.0;0;0;1.0;0;0;1.0;1.0;0;0;0;0;0
67953;2.84;0.96;27.0;2218.0;8.25;27.0;9.0;3.92;16.36;14.29;4.62;6.83;2.58;113577.0;28.0;28.0;127.0;4522.0;982.86;703.11;2.0;1.0;0;1.0;0;0;1.0;0;0;1.0;0;0;1.0;1.0;0;0;0;0;0
68459;2.84;0.95;28.0;2244.0;8.25;27.0;9.75;4.31;16.90;14.29;75.24;114.66;2.58;113577.0;28.0;28.0;127.0;4516.0;982.86;722.64;2.0;1.0;0;1.0;0;0;1.0;0;0;1.0;0;0;1.0;1.0;0;0;0;0;0
68955;2.81;0.94;28.0;2274.0;8.25;27.0;9.75;4.31;16.82;14.48;114.58;169.71;2.31;113577.0;29.0;29.0;127.0;4511.0;982.86;703.11;2.0;1.0;0;1.0;0;0;1.0;0;0;1.0;0;0;1.0;1.0;0;0;0;0;0
69485;2.73;0.92;30.0;2285.0;8.25;27.0;10.5;4.31;17.16;14.39;179.75;218.34;2.31;113577.0;29.0;30.0;127.0;4504.0;982.86;683.58;2.0;1.0;0;1.0;0;0;1.0;0;0;1.0;0;0;1.0;1.0;0;0;0;0;0
69982;2.64;0.90;30.0;2325.0;8.25;27.0;10.5;4.31;17.01;14.29;217.95;226.86;2.58;113577.0;30.0;30.0;127.0;4525.0;982.86;644.52;2.0;1.0;0;1.0;0;0;1.0;0;0;1.0;0;0;1.0;1.0;0;0;0;0;0
70480;2.45;0.88;30.0;2373.0;8.25;27.75;11.25;3.92;16.14;14.48;224.55;221.70;2.31;113577.0;30.0;30.0;126.0;4510.0;982.86;371.08;2.0;1.0;0;1.0;0;0;1.0;0;0;1.0;0;0;1.0;1.0;0;0;0;0;0
70986;2.17;0.89;30.0;2259.0;8.25;27.75;9.75;2.74;14.28;14.39;219.61;204.26;2.31;113577.0;30.0;30.0;126.0;4524.0;982.86;97.65;2.0;1.0;0;1.0;0;0;1.0;0;0;1.0;0;0;1.0;1.0;0;0;0;0;0
71517;2.12;0.91;30.0;2362.0;8.25;27.75;11.25;2.74;13.34;14.48;216.93;186.82;2.31;113577.0;30.0;30.0;126.0;4520.0;982.86;390.62;2.0;1.0;0;1.0;0;0;1.0;0;0;1.0;0;0;1.0;1.0;0;0;0;0;0
72042;2.2;0.92;30.0;2322.0;8.25;27.75;10.5;2.74;13.56;14.20;168.87;155.47;2.58;113577.0;30.0;29.0;126.0;4521.0;982.86;195.31;2.0;1.0;0;1.0;0;0;1.0;0;0;1.0;0;0;1.0;1.0;0;0;0;0;0
72537;2.21;0.92;28.0;2284.0;8.25;28.5;10.5;2.74;13.41;14.39;189.59;192.54;2.31;113577.0;29.0;29.0;126.0;4517.0;982.86;117.18;2.0;1.0;0;1.0;0;0;1.0;0;0;1.0;0;0;0;1.0;0;0;0;0;0
73078;2.16;0.94;28.0;2267.0;8.25;28.5;10.5;2.35;13.37;14.39;237.85;227.71;2.31;113577.0;29.0;29.0;126.0;4497.0;982.86;605.46;2.0;1.0;0;1.0;0;0;1.0;0;0;1.0;0;0;1.0;1.0;0;0;0;0;0
73607;2.28;0.93;28.0;2209.0;8.25;29.25;9.75;2.35;13.63;14.20;271.34;243.77;2.58;113577.0;29.0;28.0;125.0;4516.0;982.86;253.90;2.0;1.0;0;1.0;0;0;1.0;0;0;1.0;0;0;1.0;1.0;0;0;0;0;0
74157;1.82;1.00;27.0;2140.0;8.25;29.25;5.25;0;16.73;14.29;176.16;150.67;2.58;113577.0;28.0;28.0;136.0;4502.0;982.86;761.70;2.0;1.0;0;1.0;0;0;1.0;0;0;1.0;0;0;1.0;1.0;0;0;0;0;0
74747;1.83;1.00;27.0;2104.0;8.25;29.25;5.25;0;16.57;14.58;186.49;152.37;2.31;113577.0;27.0;27.0;134.0;4516.0;982.86;722.64;2.0;1.0;0;1.0;0;0;1.0;0;0;1.0;0;0;1.0;1.0;0;0;0;0;0
75345;1.88;1.00;25.0;1996.0;8.25;29.25;6.75;0;16.60;14.29;163.44;118.09;2.58;113577.0;25.0;25.0;136.0;4491.0;982.86;117.18;2.0;1.0;0;1.0;0;0;1.0;0;0;1.0;0;0;1.0;1.0;0;0;0;0;0
75907;2.32;1.00;22.0;1737.0;8.25;30.0;6.75;0;16.79;14.48;147.35;98.86;2.31;113577.0;22.0;22.0;133.0;4478.0;982.86;722.64;2.0;1.0;0;1.0;0;0;1.0;0;0;1.0;0;0;1.0;1.0;0;0;0;0;0
76464;2.07;0.98;21.0;1661.0;8.25;30.0;6.75;0;16.52;14.20;126.22;64.80;2.58;113577.0;21.0;21.0;131.0;4488.0;982.86;683.58;2.0;1.0;0;1.0;0;0;1.0;0;0;1.0;0;0;1.0;1.0;0;0;0;0;0
77004;2.04;0.96;20.0;1622.0;8.25;30.0;6.75;0;16.52;14.39;106.41;56.53;2.31;113577.0;21.0;21.0;132.0;4491.0;982.86;644.52;2.0;1.0;0;1.0;0;0;1.0;0;0;1.0;0;0;1.0;1.0;0;0;0;0;0
77511;2.16;0.95;20.0;1642.0;8.25;30.0;6.0;0;16.48;14.48;84.60;44.78;2.31;113577.0;21.0;21.0;133.0;4506.0;982.86;175.77;2.0;1.0;0;1.0;0;0;1.0;0;0;1.0;0;0;1.0;1.0;0;0;0;0;0
77992;2.08;0.96;20.0;1554.0;8.25;30.75;6.75;0;16.43;14.48;61.65;33.02;2.31;113577.0;20.0;20.0;130.0;4524.0;982.86;78.12;2.0;1.0;0;1.0;0;0;1.0;0;0;1.0;0;0;1.0;1.0;0;0;0;0;0
78487;2.4;0.98;20.0;1583.0;8.25;30.75;7.5;0;16.45;14.48;49.17;25.93;2.31;113577.0;20.0;20.0;133.0;4502.0;982.86;97.65;2.0;1.0;0;1.0;0;0;1.0;0;0;1.0;0;0;1.0;1.0;0;0;0;0;0
79000;2.36;0.99;21.0;1621.0;8.25;30.75;7.5;0;16.63;14.29;37.73;19.86;2.58;113577.0;21.0;20.0;133.0;4528.0;982.86;234.37;2.0;1.0;0;1.0;0;0;1.0;0;0;1.0;0;0;1.0;1.0;0;0;0;0;0
79542;2.14;0.99;21.0;1634.0;8.25;30.75;7.5;0;16.50;14.29;28.51;51.38;2.58;113577.0;21.0;21.0;130.0;4521.0;982.86;761.70;2.0;1.0;0;1.0;0;0;1.0;0;0;1.0;0;0;1.0;1.0;0;0;0;0;0
80086;3.36;1.00;21.0;1812.0;8.25;30.75;7.5;2.35;15.04;14.29;19.66;49.11;2.58;113577.0;21.0;21.0;123.0;4551.0;982.86;703.11;2.0;1.0;0;1.0;0;0;1.0;0;0;1.0;0;0;1.0;1.0;0;0;0;0;0
80617;2.84;0.99;21.0;1783.0;8.25;31.5;7.5;2.74;15.30;14.39;109.71;91.34;2.31;113577.0;21.0;21.0;122.0;4526.0;982.86;78.12;2.0;1.0;0;1.0;0;0;1.0;0;0;1.0;0;0;1.0;1.0;0;0;0;0;0
81125;3.00;1.01;21.0;1746.0;8.25;31.5;8.25;3.13;16.52;14.48;134.99;149.22;2.31;113577.0;21.0;21.0;122.0;4522.0;982.86;97.65;2.0;1.0;0;1.0;0;0;1.0;0;0;1.0;0;0;1.0;1.0;0;0;0;0;0
81644;3.45;1.02;21.0;1886.0;8.25;31.5;7.5;4.70;18.17;14.29;161.49;183.91;2.58;113577.0;21.0;21.0;122.0;4514.0;982.86;800.77;2.0;1.0;0;1.0;0;0;1.0;0;0;1.0;0;0;1.0;1.0;0;0;0;0;0
82137;4.36;1.00;22.0;1941.0;8.25;31.5;7.5;7.84;26.47;14.11;178.66;226.60;2.58;113577.0;22.0;22.0;122.0;4555.0;982.86;781.24;2.0;1.0;0;1.0;0;0;1.0;0;0;1.0;0;0;1.0;1.0;0;0;0;0;0
82639;4.63;0.98;23.0;1899.0;8.25;31.5;6.75;10.58;31.30;14.39;204.90;207.09;2.31;113577.0;23.0;23.0;122.0;4549.0;982.86;742.17;2.0;1.0;0;1.0;0;0;1.0;0;0;1.0;0;0;0;1.0;0;0;0;0;0
83195;4.80;0.96;25.0;1953.0;8.25;32.25;7.5;12.55;33.66;14.48;191.12;206.93;2.31;113577.0;24.0;26.0;121.0;4518.0;982.86;683.58;2.0;1.0;0;1.0;0;0;1.0;0;0;1.0;0;0;1.0;1.0;0;0;0;0;0
83806;4.28;0.93;28.0;2241.0;8.25;32.25;8.25;12.15;29.93;14.39;112.78;122.12;2.31;113577.0;28.0;28.0;121.0;4472.0;982.86;722.64;2.0;1.0;0;1.0;0;0;1.0;0;0;1.0;0;0;1.0;1.0;0;0;0;0;0
84377;4.05;0.90;28.0;2271.0;8.25;32.25;8.25;12.15;28.90;14.39;63.12;68.35;2.31;113577.0;29.0;29.0;121.0;4472.0;982.86;683.58;2.0;1.0;0;1.0;0;0;1.0;0;0;1.0;0;0;1.0;1.0;0;0;0;0;0
84880;3.76;0.88;31.0;2412.0;8.25;32.25;9.0;11.37;26.99;14.29;37.18;45.40;2.58;113577.0;30.0;31.0;121.0;4493.0;982.86;683.58;2.0;1.0;0;1.0;0;0;1.0;0;0;1.0;0;0;1.0;1.0;0;0;0;0;0
85470;3.64;0.87;31.0;2478.0;8.25;32.25;9.75;11.76;26.43;14.39;21.89;26.71;2.31;113577.0;31.0;32.0;121.0;4479.0;982.86;97.65;2.0;1.0;0;1.0;0;0;1.0;0;0;1.0;0;0;1.0;1.0;0;0;0;0;0
86007;3.74;1.00;32.0;2605.0;8.25;33.0;11.25;10.19;24.14;14.29;13.18;14.62;2.58;113577.0;33.0;33.0;121.0;4517.0;982.86;781.24;2.0;1.0;0;1.0;0;0;1.0;0;0;1.0;0;0;1.0;1.0;0;0;0;0;0
86619;3.46;0.98;33.0;2624.0;8.25;33.0;12.0;8.23;21.88;14.29;6.54;7.26;2.58;113577.0;33.0;34.0;121.0;4536.0;982.86;761.70;2.0;1.0;0;1.0;0;0;1.0;0;0;1.0;0;0;1.0;1.0;0;0;0;0;0
87209;3.35;0.94;33.0;2670.0;8.25;33.0;12.0;8.23;21.91;14.48;3.20;3.55;2.31;113577.0;34.0;34.0;121.0;4517.0;982.86;742.17;2.0;1.0;0;1.0;0;0;1.0;0;0;1.0;0;0;1.0;1.0;0;0;0;0;0
87750;3.34;0.90;35.0;2743.0;8.25;33.75;12.75;9.02;23.04;14.29;3.14;3.94;2.58;113577.0;35.0;35.0;120.0;4505.0;982.86;722.64;2.0;1.0;0;1.0;0;0;1.0;0;0;1.0;0;0;1.0;1.0;0;0;0;0;0
88283;3.17;0.87;36.0;2796.0;8.25;33.75;13.5;9.02;22.60;14.48;1.69;2.01;2.31;113577.0;35.0;36.0;120.0;4465.0;982.86;664.05;2.0;1.0;0;1.0;0;0;1.0;0;0;1.0;0;0;1.0;1.0;0;0;0;0;0
88785;2.96;0.84;36.0;2822.0;8.25;33.75;13.5;8.23;21.88;14.39;0.70;0.87;2.31;113577.0;36.0;36.0;120.0;4512.0;982.86;253.90;2.0;1.0;0;1.0;0;0;1.0;0;0;1.0;0;0;1.0;1.0;0;0;0;0;0
89342;2.88;1.00;36.0;2826.0;8.25;33.75;15.0;5.88;18.46;14.48;2.01;0.35;2.31;113577.0;36.0;36.0;120.0;4545.0;982.86;39.06;2.0;1.0;0;1.0;0;0;1.0;0;0;1.0;0;0;1.0;1.0;0;0;0;0;0
89880;3.43;0.99;36.0;2798.0;8.25;34.5;14.25;7.45;21.22;14.48;3.33;2.48;2.31;113577.0;36.0;34.0;119.0;4494.0;982.86;781.24;2.0;1.0;0;1.0;0;0;1.0;0;0;1.0;0;0;1.0;1.0;0;0;0;0;0
90447;3.44;0.95;37.0;2865.0;8.25;34.5;13.5;9.02;22.27;14.48;144.46;170.75;2.31;113577.0;36.0;37.0;119.0;4440.0;982.86;761.70;2.0;1.0;0;1.0;0;0;1.0;0;0;1.0;0;0;1.0;1.0;0;0;0;0;0
90971;3.20;1.00;37.0;2967.0;8.25;34.5;15.0;7.45;20.38;14.48;226.43;245.66;2.31;113577.0;38.0;38.0;119.0;4495.0;982.86;761.70;2.0;1.0;0;1.0;0;0;1.0;0;0;1.0;0;0;1.0;1.0;0;0;0;0;0
91469;2.84;0.96;38.0;2976.0;8.25;34.5;16.5;5.88;18.40;14.39;218.91;232.34;2.31;113577.0;38.0;39.0;119.0;4523.0;982.86;742.17;2.0;1.0;0;1.0;0;0;1.0;0;0;1.0;0;0;1.0;1.0;0;0;0;0;0
92002;2.44;0.93;37.0;2926.0;8.25;35.25;16.5;5.09;16.49;14.48;284.86;285.95;2.31;113577.0;38.0;38.0;118.0;4536.0;982.86;703.11;2.0;1.0;0;1.0;0;0;1.0;0;0;1.0;0;0;1.0;1.0;0;0;0;0;0
92502;2.23;0.98;37.0;2903.0;8.25;35.25;17.25;3.92;13.90;14.29;291.99;219.45;2.58;113577.0;37.0;37.0;118.0;4565.0;982.86;703.11;2.0;1.0;0;1.0;0;0;1.0;0;0;1.0;0;0;1.0;1.0;0;0;0;0;0
93055;2.03;0.96;36.0;2801.0;8.25;35.25;15.75;3.13;12.21;14.39;330.97;244.26;2.31;113577.0;36.0;35.0;118.0;4561.0;982.86;703.11;2.0;1.0;0;1.0;0;0;1.0;0;0;1.0;0;0;1.0;1.0;0;0;0;0;0
93586;2.12;0.95;33.0;2657.0;8.25;35.25;14.25;3.13;13.46;14.48;343.70;178.62;2.31;113577.0;34.0;34.0;118.0;4557.0;982.86;195.31;2.0;1.0;0;1.0;0;0;1.0;0;0;1.0;0;0;1.0;1.0;0;0;0;0;0
94082;2.31;0.97;32.0;2510.0;8.25;36.0;12.75;3.52;13.82;14.48;265.04;115.93;2.31;113577.0;33.0;33.0;117.0;4494.0;982.86;58.59;2.0;1.0;0;1.0;0;0;1.0;0;0;1.0;0;0;1.0;1.0;0;0;0;0;0
94580;2.60;0.98;31.0;2367.0;8.25;36.0;10.5;3.92;15.38;14.48;156.45;68.41;2.31;113577.0;31.0;32.0;117.0;4514.0;982.86;605.46;2.0;1.0;0;1.0;0;0;1.0;0;0;1.0;0;0;1.0;1.0;0;0;0;0;0
95086;2.76;0.96;30.0;2312.0;8.25;36.0;10.5;4.31;16.54;14.29;100.13;40.34;2.58;113577.0;30.0;31.0;117.0;4527.0;982.86;292.96;2.0;1.0;0;1.0;0;0;1.0;0;0;1.0;0;0;1.0;1.0;0;0;0;0;0
95621;2.87;0.96;30.0;2336.0;8.25;36.0;10.5;4.70;17.10;14.20;59.05;23.74;2.58;113577.0;30.0;30.0;117.0;4517.0;982.86;722.64;2.0;1.0;0;1.0;0;0;1.0;0;0;1.0;0;0;1.0;1.0;0;0;0;0;0
96156;2.76;0.94;30.0;2362.0;8.25;36.75;10.5;4.70;16.91;14.48;34.78;13.94;2.31;113577.0;30.0;30.0;116.0;4511.0;982.86;742.17;2.0;1.0;0;1.0;0;0;1.0;0;0;1.0;0;0;1.0;1.0;0;0;0;0;0
96702;3.30;0.99;30.0;2320.0;8.25;36.75;10.5;5.88;19.72;14.29;21.58;12.38;2.58;113577.0;29.0;30.0;116.0;4506.0;982.86;742.17;2.0;1.0;0;1.0;0;0;1.0;0;0;1.0;0;0;1.0;1.0;0;0;0;0;0
97200;3.36;0.97;30.0;2359.0;8.25;36.75;9.75;7.05;20.54;14.48;11.36;6.48;2.31;113577.0;30.0;30.0;116.0;4490.0;982.86;742.17;2.0;1.0;0;1.0;0;0;1.0;0;0;1.0;0;0;1.0;1.0;0;0;0;0;0
97780;3.28;0.94;31.0;2434.0;8.25;36.75;10.5;7.45;21.06;14.48;6.64;3.74;2.31;113577.0;31.0;31.0;116.0;4494.0;982.86;742.17;2.0;1.0;0;1.0;0;0;1.0;0;0;1.0;0;0;1.0;1.0;0;0;0;0;0
98276;3.11;0.91;32.0;2522.0;8.25;37.5;10.5;7.45;20.75;14.48;3.43;8.82;2.31;113577.0;32.0;32.0;115.0;4483.0;982.86;722.64;2.0;1.0;0;1.0;0;0;1.0;0;0;1.0;0;0;1.0;1.0;0;0;0;0;0
98811;2.92;0.88;32.0;2580.0;8.25;37.5;12.0;7.05;20.41;14.29;118.25;102.63;2.58;113577.0;33.0;33.0;115.0;4521.0;982.86;683.58;2.0;1.0;0;1.0;0;0;1.0;0;0;1.0;0;0;1.0;1.0;0;0;0;0;0
99366;2.89;0.88;33.0;2633.0;8.25;37.5;12.0;7.05;20.19;14.39;160.16;137.53;2.31;113577.0;34.0;34.0;115.0;4510.0;982.86;644.52;2.0;1.0;0;1.0;0;0;1.0;0;0;1.0;0;0;1.0;1.0;0;0;0;0;0
99956;2.58;0.87;35.0;2701.0;8.25;37.5;12.75;5.88;17.91;14.39;213.85;150.10;2.31;113577.0;33.0;35.0;115.0;4519.0;982.86;0;2.0;1.0;0;1.0;0;0;1.0;0;0;1.0;0;0;1.0;1.0;0;0;0;0;0
100494;2.69;0.91;35.0;2744.0;8.25;37.5;14.25;6.27;18.23;14.39;158.19;193.99;2.31;113577.0;35.0;35.0;115.0;4515.0;982.78;0;2.0;1.0;0;1.0;0;0;1.0;0;0;1.0;0;0;1.0;1.0;0;0;0;0;0
100993;2.64;0.94;35.0;2738.0;8.25;38.25;14.25;5.49;17.48;14.39;199.79;202.54;2.31;113577.0;35.0;35.0;115.0;4520.0;982.74;761.70;2.0;1.0;0;1.0;0;0;1.0;0;0;1.0;0;0;1.0;1.0;0;0;0;0;0
101486;1.28;1.00;33.0;2568.0;8.25;38.25;7.5;0;15.92;14.48;192.23;161.94;2.31;113577.0;34.0;33.0;115.0;4536.0;982.70;839.83;2.0;1.0;0;1.0;0;0;1.0;0;0;1.0;0;0;1.0;1.0;0;0;0;0;0
101984;1.40;1.00;31.0;2462.0;8.25;39.0;6.0;0;15.70;14.39;236.19;194.12;2.31;113577.0;32.0;31.0;122.0;4507.0;982.74;820.30;2.0;1.0;0;1.0;0;0;1.0;0;0;1.0;0;0;1.0;1.0;0;0;0;0;0
102481;1.52;1.00;27.0;2191.0;8.25;39.0;6.75;0;15.77;14.48;159.26;148.11;2.31;113577.0;28.0;28.0;119.0;4536.0;982.78;781.24;2.0;1.0;0;1.0;0;0;1.0;0;0;1.0;0;0;1.0;1.0;0;0;0;0;0
103036;1.80;1.00;23.0;1902.0;8.25;39.0;6.0;0;15.67;14.29;170.41;112.68;2.58;113577.0;24.0;24.0;116.0;4467.0;982.82;703.11;2.0;1.0;0;1.0;0;0;1.0;0;0;1.0;0;0;1.0;1.0;0;0;0;0;0
103561;2.08;0.98;21.0;1618.0;8.25;39.0;6.75;0;15.67;14.29;131.49;86.81;2.58;113577.0;21.0;21.0;117.0;4500.0;982.82;742.17;2.0;1.0;0;1.0;0;0;1.0;0;0;1.0;0;0;1.0;1.0;0;0;0;0;0
104081;2.11;0.96;20.0;1586.0;8.25;39.75;6.75;0;15.79;14.11;149.54;69.87;2.58;113577.0;20.0;20.0;118.0;4507.0;982.82;683.58;2.0;1.0;0;1.0;1.0;0;1.0;0;0;1.0;0;0;1.0;1.0;0;0;1.0;0;0
104614;2.13;0.95;18.0;1539.0;8.25;39.75;6.75;0;15.75;14.20;111.02;56.61;2.58;113577.0;19.0;19.0;118.0;4520.0;982.86;332.02;1.0;1.0;0;1.0;0;0;1.0;0;0;1.0;0;0;1.0;1.0;0;0;0;0;0
105276;1.72;1.00;18.0;1872.0;8.25;39.75;6.75;0.39;15.72;14.39;101.84;45.75;2.31;113577.0;19.0;18.0;116.0;4575.0;982.86;820.30;1.0;1.0;0;1.0;0;0;1.0;0;0;1.0;0;0;1.0;1.0;0;0;0;0;0
105831;3.59;0.99;18.0;2140.0;8.25;39.75;8.25;6.27;20.03;14.48;58.62;24.23;2.31;113577.0;18.0;19.0;113.0;4546.0;982.86;761.70;1.0;1.0;0;1.0;0;0;1.0;0;0;1.0;0;0;1.0;1.0;0;0;0;0;0
106372;3.58;0.99;21.0;2371.0;8.25;39.75;10.5;6.27;19.91;14.48;34.52;15.01;2.31;113577.0;21.0;21.0;113.0;4506.0;982.86;742.17;1.0;1.0;0;1.0;1.0;0;1.0;0;0;1.0;0;0;1.0;1.0;0;0;1.0;0;0
106921;1.97;0.99;22.0;1689.0;8.25;40.5;7.5;0;15.74;14.39;21.48;10.23;2.31;113577.0;22.0;22.0;117.0;4454.0;982.86;781.24;2.0;1.0;0;1.0;0;0;1.0;0;0;1.0;0;0;1.0;1.0;0;0;0;0;0
107450;6.76;1.00;22.0;1905.0;8.25;40.5;7.5;9.02;25.83;14.58;18.72;8.43;2.31;113577.0;23.0;23.0;112.0;4518.0;982.86;820.30;2.0;1.0;0;1.0;0;0;1.0;0;0;1.0;0;0;1.0;1.0;0;0;0;0;0
108018;5.28;1.00;27.0;2213.0;8.25;40.5;8.25;14.90;32.93;14.39;10.42;5.19;2.31;113577.0;27.0;28.0;112.0;4485.0;982.86;781.24;2.0;1.0;0;1.0;0;0;1.0;0;0;1.0;0;0;1.0;1.0;0;0;0;0;0
108515;1.31;1.00;28.0;1935.0;8.25;40.5;7.5;0;15.77;14.39;6.44;10.09;2.31;113577.0;29.0;28.0;116.0;4503.0;982.86;761.70;2.0;1.0;0;1.0;0;0;1.0;0;0;1.0;0;0;1.0;1.0;0;0;0;0;0
109004;1.93;0.99;25.0;1709.0;8.25;40.5;6.75;0;15.63;14.39;8.63;8.76;2.31;113578.0;26.0;25.0;117.0;4509.0;982.86;781.24;2.0;1.0;0;1.0;0;0;1.0;0;0;1.0;0;0;1.0;1.0;0;0;0;0;0
109513;1.88;0.98;21.0;1725.0;8.25;41.25;7.5;0;15.69;14.39;20.23;6.01;2.31;113578.0;22.0;22.0;116.0;4495.0;982.86;742.17;2.0;1.0;0;1.0;0;0;1.0;0;0;1.0;0;0;1.0;1.0;0;0;0;0;0
110011;5.56;0.96;22.0;1680.0;8.25;41.25;7.5;4.31;17.05;14.20;46.03;10.46;2.58;113578.0;22.0;22.0;111.0;4545.0;982.86;761.70;2.0;1.0;0;1.0;0;0;1.0;0;0;1.0;0;0;1.0;1.0;0;0;0;0;0
110513;2.28;0.99;22.0;1624.0;8.25;41.25;8.25;0.39;12.69;14.48;42.63;47.47;2.31;113578.0;23.0;23.0;111.0;4486.0;982.86;58.59;2.0;1.0;0;1.0;0;0;1.0;0;0;1.0;0;0;1.0;1.0;0;0;0;0;0
111013;1.85;1.00;22.0;1695.0;8.25;41.25;7.5;0;15.60;14.58;50.68;63.23;2.31;113578.0;22.0;22.0;114.0;4507.0;982.86;761.70;2.0;1.0;0;1.0;0;0;1.0;0;0;1.0;0;0;1.0;1.0;0;0;0;0;0
111510;1.93;0.98;22.0;1711.0;8.25;41.25;6.75;0;15.51;14.48;45.05;43.78;2.31;113578.0;22.0;22.0;116.0;4515.0;982.86;742.17;2.0;1.0;0;1.0;0;0;1.0;0;0;1.0;0;0;1.0;1.0;0;0;0;0;0
112096;1.76;0.96;21.0;1701.0;8.25;41.25;8.25;0.39;12.49;14.48;35.32;43.08;2.31;113578.0;22.0;22.0;111.0;4515.0;982.86;195.31;2.0;1.0;0;1.0;0;0;1.0;0;0;1.0;0;0;1.0;1.0;0;0;0;0;0
112689;2.73;1.00;21.0;1723.0;8.25;42.0;8.25;1.96;13.79;14.39;39.95;39.25;2.31;113578.0;22.0;22.0;110.0;4507.0;982.86;0;2.0;1.0;0;1.0;0;0;1.0;0;0;1.0;0;0;1.0;1.0;0;0;0;0;0
113228;2.68;1.01;22.0;1761.0;8.25;42.0;7.5;2.74;14.75;14.39;63.96;51.94;2.31;113578.0;23.0;22.0;110.0;4534.0;982.86;0;2.0;1.0;0;1.0;0;0;1.0;0;0;1.0;0;0;1.0;1.0;0;0;0;0;0
113819;2.23;1.03;23.0;1804.0;8.25;42.0;7.5;1.96;13.37;14.48;137.13;148.60;2.31;113578.0;23.0;24.0;110.0;4507.0;982.86;19.53;2.0;1.0;0;1.0;0;0;1.0;0;0;1.0;0;0;1.0;1.0;0;0;0;0;0
114351;3.39;1.01;23.0;1951.0;8.25;42.0;9.0;4.31;17.55;14.48;201.33;219.55;2.31;113578.0;23.0;23.0;110.0;4546.0;982.86;781.24;2.0;1.0;0;1.0;0;0;1.0;0;0;1.0;0;0;1.0;1.0;0;0;0;0;0
114940;4.63;0.98;25.0;1997.0;8.25;42.0;8.25;7.84;24.95;14.20;249.74;260.54;2.58;113578.0;24.0;25.0;110.0;4558.0;982.86;839.83;2.0;1.0;0;1.0;0;0;1.0;0;0;1.0;0;0;1.0;1.0;0;0;0;0;0
115448;4.04;0.98;27.0;2101.0;8.25;42.0;8.25;9.02;25.98;14.29;262.13;284.64;2.58;113578.0;26.0;27.0;110.0;4503.0;982.86;820.30;2.0;1.0;0;1.0;0;0;1.0;0;0;1.0;0;0;1.0;1.0;0;0;0;0;0
115980;4.32;0.98;28.0;2236.0;8.25;42.75;9.0;11.37;28.26;14.48;286.46;276.42;2.31;113578.0;28.0;28.0;110.0;4493.0;982.86;781.24;2.0;1.0;0;1.0;0;0;1.0;0;0;1.0;0;0;1.0;1.0;0;0;0;0;0
116478;3.95;0.95;30.0;2345.0;8.25;42.75;9.75;10.98;26.35;14.39;315.46;287.13;2.31;113578.0;30.0;30.0;110.0;4482.0;982.86;781.24;2.0;1.0;0;1.0;0;0;1.0;0;0;1.0;0;0;1.0;1.0;0;0;0;0;0
117034;3.67;0.92;30.0;2414.0;8.25;42.75;10.5;10.58;25.52;14.39;234.39;323.45;2.31;113578.0;30.0;31.0;110.0;4485.0;982.86;722.64;2.0;1.0;0;1.0;0;0;1.0;0;0;1.0;0;0;1.0;1.0;0;0;0;0;0
117603;3.49;0.89;31.0;2457.0;9.0;42.75;10.5;10.58;25.29;14.29;187.78;287.20;2.58;113578.0;31.0;32.0;110.0;4512.0;982.86;644.52;2.0;1.0;0;1.0;0;0;1.0;0;0;1.0;0;0;1.0;1.0;0;0;0;0;0
118132;3.26;0.88;32.0;2543.0;9.0;42.75;11.25;9.80;23.44;14.39;179.69;304.74;2.31;113578.0;32.0;33.0;110.0;4492.0;982.86;97.65;2.0;1.0;0;1.0;0;0;1.0;0;0;1.0;0;0;1.0;1.0;0;0;0;0;0
118779;3.56;0.92;33.0;2636.0;9.0;42.75;12.0;10.98;24.84;14.39;164.09;214.59;2.31;113578.0;33.0;34.0;110.0;4483.0;982.86;58.59;2.0;1.0;0;1.0;0;0;1.0;0;0;1.0;0;0;1.0;1.0;0;0;0;0;0
119349;3.53;0.93;35.0;2696.0;9.0;43.5;12.75;10.98;24.41;14.20;93.17;112.72;2.58;113578.0;34.0;35.0;109.0;4522.0;982.86;781.24;2.0;1.0;0;1.0;0;0;1.0;0;0;1.0;0;0;1.0;1.0;0;0;0;0;0
119949;3.12;0.89;35.0;2743.0;9.0;43.5;14.25;9.02;22.84;14.48;46.89;53.82;2.31;113578.0;35.0;35.0;109.0;4512.0;982.86;742.17;2.0;1.0;0;1.0;0;0;1.0;0;0;1.0;0;0;1.0;1.0;0;0;0;0;0
120524;2.71;0.84;35.0;2769.0;9.0;44.25;14.25;7.05;20.40;14.48;24.84;30.07;2.31;113578.0;35.0;35.0;108.0;4527.0;982.78;351.55;2.0;1.0;0;1.0;0;0;1.0;0;0;1.0;0;0;1.0;1.0;0;0;0;0;0
121031;2.64;0.88;35.0;2700.0;9.0;44.25;15.75;6.27;19.28;14.29;14.43;15.81;2.58;113578.0;35.0;35.0;108.0;4541.0;982.70;19.53;2.0;1.0;0;1.0;0;0;1.0;0;0;1.0;0;0;1.0;1.0;0;0;0;0;0
121529;2.72;0.91;33.0;2661.0;9.0;44.25;15.75;6.27;19.21;14.48;9.31;12.40;2.31;113578.0;34.0;34.0;108.0;4523.0;982.47;39.06;2.0;1.0;0;1.0;0;0;1.0;0;0;1.0;0;0;1.0;1.0;0;0;0;0;0
122033;3.62;0.98;35.0;2691.0;9.0;44.25;15.0;9.41;23.34;14.39;7.06;6.85;2.31;113578.0;34.0;35.0;108.0;4482.0;982.59;839.83;2.0;1.0;0;1.0;0;0;1.0;0;0;1.0;0;0;1.0;1.0;0;0;0;0;0
122530;3.24;0.95;35.0;2743.0;9.0;44.25;14.25;8.23;21.84;14.48;3.88;3.55;2.31;113578.0;35.0;35.0;108.0;4509.0;982.66;820.30;2.0;1.0;0;1.0;0;0;1.0;0;0;1.0;0;0;1.0;1.0;0;0;0;0;0
123028;2.88;0.91;35.0;2723.0;9.0;45.0;15.0;6.66;20.05;14.29;4.43;4.25;2.58;113578.0;34.0;35.0;107.0;4536.0;982.51;781.24;2.0;1.0;0;1.0;0;0;1.0;0;0;1.0;0;0;0;1.0;0;0;0;0;0
123521;2.74;0.88;35.0;2716.0;9.0;45.0;15.0;6.66;19.84;14.39;75.62;57.61;2.31;113578.0;34.0;35.0;107.0;4525.0;982.23;781.24;2.0;1.0;0;1.0;0;0;1.0;0;0;1.0;0;0;1.0;1.0;0;0;0;0;0
124020;4.20;1.00;35.0;2776.0;9.0;45.0;14.25;12.55;26.80;14.29;77.45;114.52;2.58;113578.0;35.0;35.0;107.0;4438.0;982.16;800.77;2.0;1.0;0;1.0;0;0;1.0;0;0;1.0;0;0;1.0;1.0;0;0;0;0;0
124526;4.73;0.99;37.0;2953.0;9.0;45.0;14.25;17.64;31.01;14.29;99.68;107.51;2.58;113578.0;37.0;38.0;107.0;4389.0;982.23;742.17;2.0;1.0;0;1.0;0;0;1.0;0;0;1.0;0;0;1.0;1.0;0;0;0;0;0
125117;4.58;0.96;41.0;3164.0;9.0;45.0;15.75;18.43;31.67;14.39;167.74;108.35;2.31;113578.0;40.0;41.0;107.0;4502.0;982.20;410.15;2.0;1.0;0;1.0;0;0;1.0;0;0;1.0;0;0;1.0;1.0;0;0;0;0;0
125643;4.57;0.97;43.0;3423.0;9.0;45.75;17.25;19.61;32.07;14.39;265.66;195.3;2.31;113578.0;43.0;44.0;106.0;4543.0;982.00;488.27;2.0;1.0;0;1.0;0;0;1.0;0;0;1.0;0;0;1.0;1.0;0;0;0;0;0
126152;4.57;0.97;46.0;3635.0;9.0;45.75;21.0;19.61;32.60;14.48;319.90;252.30;2.31;113578.0;45.0;47.0;106.0;4527.0;981.88;781.24;2.0;1.0;0;1.0;0;0;1.0;0;0;1.0;0;0;1.0;1.0;0;0;0;0;0
126650;4.15;0.90;48.0;3829.0;9.0;45.75;23.25;18.82;32.28;14.48;339.19;300.66;2.31;113578.0;48.0;49.0;106.0;4540.0;981.80;703.11;2.0;1.0;0;1.0;0;0;1.0;0;0;1.0;0;0;1.0;1.0;0;0;0;0;0
127153;3.80;0.84;51.0;3975.0;9.0;45.75;24.75;18.43;32.06;14.20;341.75;300.62;2.58;113578.0;50.0;51.0;106.0;4550.0;981.77;742.17;2.0;1.0;0;1.0;0;0;1.0;0;0;1.0;0;0;1.0;1.0;0;0;0;0;0
127746;4.27;0.87;53.0;4122.0;9.0;45.75;25.5;20.00;33.80;14.48;355.77;269.51;2.31;113578.0;51.0;53.0;106.0;4547.0;981.73;664.05;2.0;1.0;0;1.0;0;0;1.0;0;0;1.0;0;0;1.0;1.0;0;0;0;0;0
128335;4.32;0.98;52.0;3258.0;9.0;46.5;18.0;15.68;29.07;14.39;200.20;168.56;2.31;113578.0;52.0;53.0;105.0;4414.0;981.69;781.24;3.0;1.0;0;1.0;0;0;1.0;0;0;1.0;0;0;1.0;1.0;0;0;0;0;0
128889;4.20;0.95;55.0;3346.0;9.0;46.5;18.75;16.86;30.14;14.29;81.67;72.45;2.58;113578.0;53.0;55.0;105.0;4503.0;981.69;605.46;3.0;1.0;0;1.0;0;0;1.0;0;0;1.0;0;0;1.0;1.0;0;0;0;0;0
129445;3.82;0.91;55.0;3382.0;9.0;46.5;18.75;15.68;29.05;14.39;43.12;32.77;2.31;113578.0;54.0;55.0;105.0;4523.0;981.69;722.64;3.0;1.0;0;1.0;0;0;1.0;0;0;1.0;0;0;1.0;1.0;0;0;0;0;0
129990;3.44;0.89;56.0;3423.0;9.0;46.5;21.75;12.55;26.51;14.48;17.51;14.80;2.31;113578.0;55.0;56.0;105.0;4513.0;981.65;781.24;3.0;1.0;0;1.0;0;0;1.0;0;0;1.0;0;0;1.0;1.0;0;0;0;0;0
130523;3.09;0.83;56.0;3431.0;9.0;47.25;22.5;11.76;25.69;14.39;8.28;6.99;2.31;113578.0;55.0;56.0;105.0;4523.0;981.65;546.86;3.0;1.0;0;1.0;0;0;1.0;0;0;1.0;0;0;1.0;1.0;0;0;0;0;0
131029;3.05;0.84;56.0;3443.0;9.0;47.25;23.25;10.98;25.07;14.29;5.19;3.24;2.58;113578.0;55.0;56.0;105.0;4508.0;981.53;644.52;3.0;1.0;0;1.0;0;0;1.0;0;0;1.0;0;0;1.0;1.0;0;0;0;0;0
131514;2.96;0.85;56.0;3423.0;9.0;47.25;23.25;10.19;24.36;14.48;4.51;1.52;2.31;113578.0;55.0;56.0;105.0;4515.0;981.41;410.15;3.0;1.0;0;1.0;0;0;1.0;0;0;1.0;0;0;1.0;1.0;0;0;0;0;0
132048;3.39;0.86;56.0;3424.0;9.0;47.25;21.75;12.94;26.67;14.20;2.05;0.58;2.58;113578.0;56.0;56.0;105.0;4509.0;981.34;58.59;3.0;1.0;0;1.0;0;0;1.0;0;0;1.0;0;0;1.0;1.0;0;0;0;0;0
132605;2.98;0.91;56.0;3426.0;9.0;48.0;24.0;9.41;23.70;14.39;1.91;1.93;2.31;113578.0;56.0;56.0;104.0;4506.0;981.22;800.77;3.0;1.0;0;1.0;0;0;1.0;0;0;1.0;0;0;1.0;1.0;0;0;0;0;0
133167;2.68;0.85;55.0;3392.0;9.0;48.0;25.5;8.23;22.79;14.48;2.44;0.82;2.31;113578.0;55.0;56.0;104.0;4515.0;981.06;761.70;3.0;1.0;0;1.0;0;0;1.0;0;0;1.0;0;0;1.0;1.0;0;0;0;0;0
133718;2.4;0.80;55.0;3351.0;9.0;48.0;24.75;7.05;20.64;14.29;2.49;1.23;2.58;113578.0;55.0;55.0;104.0;4523.0;980.91;312.49;3.0;1.0;0;1.0;0;0;1.0;0;0;1.0;0;0;1.0;1.0;0;0;0;0;0
134273;2.44;0.84;53.0;3306.0;9.0;48.0;25.5;6.66;20.47;14.39;0.91;2.32;2.31;113578.0;53.0;54.0;104.0;4519.0;980.75;58.59;3.0;1.0;0;1.0;0;0;1.0;0;0;1.0;0;0;1.0;1.0;0;0;0;0;0
134957;2.53;0.87;52.0;3218.0;9.0;48.75;24.0;6.66;19.98;14.39;15.48;11.91;2.31;113578.0;53.0;53.0;103.0;4516.0;980.67;781.24;3.0;1.0;0;1.0;0;0;1.0;0;0;1.0;0;0;1.0;1.0;0;0;0;0;0
135539;3.64;0.99;51.0;3151.0;9.0;48.75;21.0;9.41;23.88;14.39;113.13;104.89;2.31;113578.0;51.0;52.0;103.0;4490.0;980.55;839.83;3.0;1.0;0;1.0;0;0;1.0;0;0;1.0;0;0;1.0;1.0;0;0;0;0;0
136089;3.09;0.94;51.0;3160.0;9.0;49.5;21.75;9.02;23.36;14.39;122.70;104.64;2.31;113578.0;51.0;51.0;102.0;4505.0;980.52;820.30;3.0;1.0;0;1.0;0;0;1.0;0;0;1.0;0;0;1.0;1.0;0;0;0;0;0
136627;2.67;0.89;50.0;3090.0;9.0;49.5;22.5;7.05;20.62;14.39;102.96;114.71;2.31;113578.0;50.0;50.0;102.0;4529.0;980.52;781.24;3.0;1.0;0;1.0;0;0;1.0;0;0;1.0;0;0;1.0;1.0;0;0;0;0;0
137163;4.05;0.99;50.0;3085.0;9.0;49.5;19.5;12.15;26.61;14.39;203.48;239.02;2.31;113578.0;50.0;50.0;102.0;4472.0;980.48;820.30;3.0;1.0;0;1.0;0;0;1.0;0;0;1.0;0;0;1.0;1.0;0;0;0;0;0
137673;3.70;0.93;51.0;3119.0;9.0;49.5;18.75;12.94;27.18;14.29;290.84;276.01;2.58;113578.0;50.0;51.0;102.0;4498.0;980.40;781.24;3.0;1.0;0;1.0;0;0;1.0;0;0;1.0;0;0;1.0;1.0;0;0;0;0;0
138205;3.4;0.88;51.0;3146.0;9.0;49.5;20.25;12.15;26.62;14.48;293.10;298.76;2.31;113578.0;51.0;51.0;102.0;4513.0;980.32;644.52;3.0;1.0;0;1.0;0;0;1.0;0;0;1.0;0;0;1.0;1.0;0;0;0;0;0
138799;3.28;0.87;51.0;3135.0;9.0;50.25;21.0;11.76;26.63;14.39;217.38;226.56;2.31;113578.0;51.0;52.0;101.0;4509.0;980.28;136.71;3.0;1.0;0;1.0;0;0;1.0;0;0;1.0;0;0;1.0;1.0;0;0;0;0;0
139300;3.65;0.88;51.0;3152.0;9.0;50.25;21.0;12.55;27.17;14.48;93.50;107.86;2.31;113578.0;51.0;51.0;101.0;4498.0;980.16;117.18;3.0;1.0;0;1.0;0;0;1.0;0;0;1.0;0;0;1.0;1.0;0;0;0;0;0
139795;3.78;0.93;52.0;3187.0;9.0;50.25;20.25;14.51;28.70;14.48;51.40;51.52;2.31;113578.0;51.0;52.0;101.0;4505.0;979.97;19.53;3.0;1.0;0;1.0;0;0;1.0;0;0;1.0;0;0;1.0;1.0;0;0;0;0;0
140292;4.05;0.98;52.0;3253.0;9.0;50.25;20.25;15.29;29.28;14.48;25.79;25.89;2.31;113578.0;52.0;53.0;101.0;4513.0;979.73;58.59;3.0;1.0;0;1.0;0;0;1.0;0;0;1.0;0;0;1.0;1.0;0;0;0;0;0
140789;4.07;1.00;53.0;3297.0;9.0;50.25;21.0;14.90;28.48;14.39;12.92;13.45;2.31;113578.0;53.0;54.0;101.0;4527.0;979.58;839.83;3.0;1.0;0;1.0;0;0;1.0;0;0;1.0;0;0;1.0;1.0;0;0;0;0;0
141342;3.61;0.95;55.0;3345.0;9.0;51.0;22.5;12.94;27.11;14.48;6.11;6.69;2.31;113578.0;54.0;55.0;100.0;4538.0;979.46;820.30;3.0;1.0;0;1.0;0;0;1.0;0;0;1.0;0;0;1.0;1.0;0;0;0;0;0
141883;3.32;0.88;55.0;3378.0;9.0;51.0;22.5;11.76;26.20;14.39;2.38;2.61;2.31;113578.0;54.0;55.0;100.0;4524.0;979.38;761.70;3.0;1.0;0;1.0;0;0;1.0;0;0;1.0;0;0;1.0;1.0;0;0;0;0;0
142500;4.16;0.98;56.0;3437.0;9.0;51.0;21.75;15.68;29.66;14.39;3.16;2.53;2.31;113578.0;55.0;56.0;100.0;4512.0;979.30;683.58;3.0;1.0;0;1.0;0;0;1.0;0;0;1.0;0;0;1.0;1.0;0;0;0;0;0
143089;3.90;0.94;57.0;3498.0;9.0;51.0;21.75;16.08;29.66;14.39;1.19;0.87;2.31;113578.0;56.0;57.0;100.0;4510.0;979.27;761.70;3.0;1.0;0;1.0;0;0;1.0;0;0;1.0;0;0;1.0;1.0;0;0;0;0;0
143669;3.83;0.93;57.0;3555.0;9.0;51.0;23.25;15.68;29.19;14.39;1.46;0.25;2.31;113578.0;57.0;58.0;100.0;4514.0;979.23;605.46;3.0;1.0;0;1.0;0;0;1.0;0;0;1.0;0;0;1.0;1.0;0;0;0;0;0
144165;3.72;0.94;60.0;3604.0;9.0;51.75;24.75;14.90;28.28;14.48;111.16;113.43;2.31;113578.0;57.0;60.0;100.0;4523.0;979.23;820.30;3.0;1.0;0;1.0;0;0;1.0;0;0;1.0;0;0;1.0;1.0;0;0;0;0;0
144675;4.48;0.99;60.0;3628.0;9.0;51.75;23.25;17.64;30.88;14.48;168.83;154.77;2.31;113578.0;58.0;60.0;99.0;4503.0;979.23;800.77;3.0;1.0;0;1.0;0;0;1.0;0;0;1.0;0;0;1.0;1.0;0;0;0;0;0
145233;4.26;0.92;60.0;3695.0;9.0;51.75;24.0;18.82;32.23;14.48;228.42;205.72;2.31;113578.0;59.0;60.0;99.0;4542.0;979.15;410.15;3.0;1.0;0;1.0;0;0;1.0;0;0;1.0;0;0;1.0;1.0;0;0;0;0;0
145788;4.36;0.94;61.0;3788.0;9.0;51.75;24.75;19.61;32.95;14.29;259.86;236.00;2.58;113578.0;61.0;62.0;99.0;4535.0;978.99;644.52;3.0;1.0;0;1.0;0;0;1.0;0;0;1.0;0;0;1.0;1.0;0;0;0;0;0
146283;4.21;0.92;62.0;3834.0;9.0;51.75;25.5;19.21;32.77;14.29;231.50;222.68;2.58;113578.0;62.0;63.0;99.0;4522.0;978.95;761.70;3.0;1.0;0;1.0;0;0;1.0;0;0;1.0;0;0;1.0;1.0;0;0;0;0;0
146782;3.88;0.87;63.0;3892.0;9.0;52.5;27.0;18.43;32.08;14.39;192.56;195.67;2.31;113578.0;63.0;64.0;99.0;4528.0;978.76;683.58;3.0;1.0;0;1.0;0;0;1.0;0;0;1.0;0;0;1.0;1.0;0;0;0;0;0
147286;3.76;0.85;63.0;3939.0;9.0;52.5;27.0;18.04;31.60;14.48;154.28;220.59;2.31;113578.0;63.0;64.0;99.0;4526.0;978.56;761.70;3.0;1.0;0;1.0;0;0;1.0;0;0;1.0;0;0;1.0;1.0;0;0;0;0;0
147790;3.63;0.84;65.0;4015.0;9.0;52.5;27.75;17.25;31.14;14.39;245.14;153.91;2.31;113578.0;62.0;65.0;99.0;4531.0;978.41;839.83;3.0;1.0;0;1.0;0;0;1.0;0;0;1.0;0;0;1.0;1.0;0;0;0;0;0
148312;3.46;0.96;63.0;3954.0;9.0;52.5;31.5;12.15;26.55;14.39;122.02;274.35;2.31;113578.0;64.0;64.0;99.0;4490.0;978.25;859.36;3.0;1.0;0;1.0;0;0;1.0;0;0;1.0;0;0;1.0;1.0;0;0;0;0;0
148863;3.16;0.97;63.0;3880.0;9.0;53.25;33.0;9.80;23.74;14.39;205.14;276.13;2.31;113578.0;63.0;64.0;98.0;4489.0;978.17;859.36;3.0;1.0;0;1.0;0;0;1.0;0;0;1.0;0;0;1.0;1.0;0;0;0;0;0
149455;2.77;0.91;62.0;3818.0;9.0;53.25;33.75;8.62;22.36;14.39;293.96;329.68;2.31;113578.0;62.0;63.0;98.0;4502.0;977.94;820.30;3.0;1.0;0;1.0;0;0;1.0;0;0;1.0;0;0;1.0;1.0;0;0;0;0;0
149999;2.50;0.84;61.0;3747.0;9.0;53.25;33.0;8.23;21.85;14.29;332.43;343.72;2.58;113578.0;61.0;61.0;98.0;4508.0;977.82;781.24;3.0;1.0;0;1.0;0;0;1.0;0;0;1.0;0;0;1.0;1.0;0;0;0;0;0
150543;2.44;0.79;60.0;3690.0;9.0;54.0;32.25;8.23;22.41;14.48;245.49;280.91;2.31;113578.0;60.0;60.0;97.0;4515.0;977.62;234.37;3.0;1.0;0;1.0;0;0;1.0;0;0;1.0;0;0;1.0;1.0;0;0;0;0;0
151111;2.67;0.84;60.0;3624.0;9.0;54.0;30.75;9.02;23.22;14.39;102.41;108.76;2.31;113578.0;58.0;60.0;97.0;4520.0;977.47;742.17;3.0;1.0;0;1.0;0;0;1.0;0;0;1.0;0;0;1.0;1.0;0;0;0;0;0
151635;2.72;0.82;58.0;3570.0;9.0;54.0;29.25;9.80;24.25;14.48;69.35;49.25;2.31;113578.0;58.0;59.0;97.0;4496.0;977.23;58.59;3.0;1.0;0;1.0;0;0;1.0;0;0;1.0;0;0;1.0;1.0;0;0;0;0;0
152134;3.98;1.00;57.0;3545.0;9.0;54.0;28.5;10.19;24.79;14.20;30.13;18.96;2.58;113578.0;57.0;58.0;97.0;4502.0;977.08;859.36;3.0;1.0;0;1.0;0;0;1.0;0;0;1.0;0;0;1.0;1.0;0;0;0;0;0
152724;3.37;0.95;57.0;3551.0;9.0;54.75;27.75;11.37;25.77;14.39;14.31;8.49;2.31;113578.0;58.0;57.0;96.0;4505.0;976.96;820.30;3.0;1.0;0;1.0;0;0;1.0;0;0;1.0;0;0;1.0;1.0;0;0;0;0;0
153313;3.14;0.86;57.0;3564.0;9.0;54.75;27.0;12.15;26.65;14.39;5.44;3.18;2.31;113578.0;57.0;58.0;96.0;4513.0;976.88;605.46;3.0;1.0;0;1.0;0;0;1.0;0;0;1.0;0;0;0;1.0;0;0;0;0;0
153848;3.10;0.88;57.0;3542.0;9.0;54.75;27.75;11.37;25.72;14.29;2.38;1.42;2.58;113578.0;57.0;58.0;96.0;4520.0;976.84;703.11;3.0;1.0;0;1.0;0;0;1.0;0;0;1.0;0;0;1.0;1.0;0;0;0;0;0
154359;3.01;0.89;57.0;3521.0;9.0;55.5;28.5;10.19;24.94;14.39;137.94;105.44;2.31;113578.0;57.0;58.0;95.0;4515.0;976.80;761.70;3.0;1.0;0;1.0;0;0;1.0;0;0;1.0;0;0;1.0;1.0;0;0;0;0;0
154892;2.76;0.84;57.0;3489.0;9.0;55.5;28.5;9.80;24.22;14.29;222.01;226.05;2.58;113578.0;56.0;57.0;95.0;4521.0;976.77;136.71;3.0;1.0;0;1.0;0;0;1.0;0;0;1.0;0;0;1.0;1.0;0;0;0;0;0
155406;2.77;0.88;56.0;3459.0;9.0;55.5;30.0;8.62;23.20;14.39;253.36;285.56;2.31;113578.0;56.0;57.0;95.0;4499.0;976.69;800.77;3.0;1.0;0;1.0;0;0;1.0;0;0;1.0;0;0;1.0;1.0;0;0;0;0;0
155940;2.73;0.86;57.0;3497.0;9.0;55.5;30.0;8.62;23.19;14.29;308.82;311.85;2.58;113578.0;56.0;57.0;95.0;4509.0;976.61;703.11;3.0;1.0;0;1.0;0;0;1.0;0;0;1.0;0;0;1.0;1.0;0;0;0;0;0
156436;3.56;0.98;57.0;3488.0;9.0;55.5;26.25;11.37;26.23;14.29;335.87;323.51;2.58;113578.0;55.0;57.0;95.0;4507.0;976.37;839.83;3.0;1.0;0;1.0;0;0;1.0;0;0;1.0;0;0;1.0;1.0;0;0;0;0;0
156988;3.15;0.92;56.0;3432.0;9.0;56.25;27.0;10.19;24.85;14.39;336.05;304.88;2.31;113578.0;55.0;56.0;94.0;4538.0;976.18;761.70;3.0;1.0;0;1.0;0;0;1.0;0;0;1.0;0;0;1.0;1.0;0;0;0;0;0
157494;1.48;0.99;53.0;3274.0;9.0;56.25;31.5;2.74;11.14;14.39;342.69;278.49;2.31;113578.0;54.0;54.0;94.0;4558.0;975.98;859.36;3.0;1.0;0;1.0;0;0;1.0;0;0;1.0;0;0;1.0;1.0;0;0;0;0;0
157992;2.73;1.00;51.0;3123.0;9.0;56.25;28.5;5.49;17.94;14.48;347.61;302.16;2.31;113578.0;51.0;51.0;94.0;4511.0;975.83;820.30;3.0;1.0;0;1.0;0;0;1.0;0;0;1.0;0;0;1.0;1.0;0;0;0;0;0
158490;2.53;0.96;50.0;3040.0;9.0;56.25;26.25;5.88;19.09;14.48;272.46;243.26;2.31;113578.0;49.0;50.0;94.0;4510.0;975.75;781.24;3.0;1.0;0;1.0;0;0;1.0;0;0;1.0;0;0;1.0;1.0;0;0;0;0;0
158997;2.04;1.00;47.0;2923.0;9.0;57.0;26.25;3.92;15.08;14.20;319.96;297.81;2.58;113578.0;47.0;48.0;94.0;4556.0;975.67;820.30;3.0;1.0;0;1.0;0;0;1.0;0;0;1.0;0;0;1.0;1.0;0;0;0;0;0
159530;3.22;0.97;46.0;2830.0;9.0;57.0;23.25;7.45;21.92;14.48;286.97;232.60;2.31;113578.0;45.0;46.0;94.0;4530.0;975.59;839.83;3.0;1.0;0;1.0;0;0;1.0;0;0;1.0;0;0;1.0;1.0;0;0;0;0;0
160027;3.30;0.96;45.0;2782.0;9.0;57.0;21.75;9.02;24.30;14.20;272.50;250.25;2.58;113578.0;45.0;45.0;94.0;4497.0;975.55;839.83;3.0;1.0;0;1.0;0;0;1.0;0;0;1.0;0;0;1.0;1.0;0;0;0;0;0
160583;3.25;0.92;45.0;2798.0;9.0;57.0;21.75;10.19;25.10;14.29;313.39;267.65;2.58;113578.0;44.0;46.0;94.0;4518.0;975.55;800.77;3.0;1.0;0;1.0;0;0;1.0;0;0;1.0;0;0;1.0;1.0;0;0;0;0;0
161173;3.33;0.88;46.0;2806.0;9.0;57.0;21.0;11.37;25.87;14.48;334.27;317.61;2.31;113578.0;45.0;46.0;94.0;4489.0;975.52;820.30;3.0;1.0;0;1.0;0;0;1.0;0;0;1.0;0;0;1.0;1.0;0;0;0;0;0
161749;3.72;0.96;46.0;2872.0;8.25;57.0;21.0;12.55;27.73;14.39;345.87;337.18;2.31;113578.0;46.0;47.0;94.0;4460.0;975.52;781.24;3.0;1.0;0;1.0;0;0;1.0;0;0;1.0;0;0;1.0;1.0;0;0;0;0;0
162314;3.16;0.91;47.0;2916.0;8.25;57.75;22.5;10.58;25.38;14.20;335.15;328.49;2.58;113578.0;47.0;48.0;93.0;4533.0;975.48;781.24;3.0;1.0;0;1.0;0;0;1.0;0;0;1.0;0;0;1.0;1.0;0;0;0;0;0
162978;2.65;0.86;47.0;2924.0;8.25;57.75;24.75;7.84;22.81;14.29;160.24;157.06;2.58;113578.0;47.0;48.0;93.0;4536.0;975.36;273.43;3.0;1.0;0;1.0;0;0;1.0;0;0;1.0;0;0;1.0;1.0;0;0;0;0;0
163515;2.76;0.91;47.0;2921.0;8.25;57.75;24.75;7.45;22.19;14.48;72.61;71.16;2.31;113578.0;47.0;48.0;93.0;4512.0;975.16;742.17;3.0;1.0;0;1.0;0;0;1.0;0;0;1.0;0;0;1.0;1.0;0;0;0;0;0
164087;2.71;0.87;47.0;2917.0;8.25;57.75;24.75;7.84;23.00;14.39;38.53;37.71;2.31;113578.0;47.0;48.0;93.0;4517.0;975.09;78.12;3.0;1.0;0;1.0;0;0;1.0;0;0;1.0;0;0;1.0;1.0;0;0;0;0;0
164671;2.83;0.91;47.0;2891.0;8.25;58.5;24.0;7.84;22.63;14.48;18.82;17.92;2.31;113578.0;46.0;47.0;92.0;4513.0;974.85;781.24;3.0;1.0;0;1.0;0;0;1.0;0;0;1.0;0;0;1.0;1.0;0;0;0;0;0
165170;2.56;0.91;47.0;2879.0;8.25;58.5;24.75;6.66;20.94;14.39;8.90;7.98;2.31;113578.0;46.0;47.0;92.0;4531.0;974.73;683.58;3.0;1.0;0;1.0;0;0;1.0;0;0;1.0;0;0;1.0;1.0;0;0;0;0;0
165675;2.56;0.92;46.0;2851.0;8.25;58.5;24.75;6.27;20.29;14.39;4.66;5.62;2.31;113578.0;46.0;47.0;92.0;4527.0;974.66;683.58;3.0;1.0;0;1.0;0;0;1.0;0;0;1.0;0;0;1.0;1.0;0;0;0;0;0
166176;2.48;0.91;46.0;2839.0;8.25;58.5;24.75;6.27;20.02;14.39;2.40;3.06;2.31;113578.0;46.0;46.0;92.0;4554.0;974.54;19.53;3.0;1.0;0;1.0;0;0;1.0;0;0;1.0;0;0;1.0;1.0;0;0;0;0;0
166676;2.59;0.94;46.0;2818.0;8.25;58.5;24.0;6.27;20.11;14.39;4.39;1.52;2.31;113578.0;45.0;46.0;92.0;4522.0;974.46;117.18;3.0;1.0;0;1.0;0;0;1.0;0;0;1.0;0;0;1.0;1.0;0;0;0;0;0
167173;2.63;0.98;45.0;2790.0;8.25;58.5;24.0;5.88;19.59;14.48;4.62;0.70;2.31;113578.0;45.0;45.0;92.0;4541.0;974.38;800.77;3.0;1.0;0;1.0;0;0;1.0;0;0;1.0;0;0;1.0;1.0;0;0;0;0;0
167671;2.47;0.95;45.0;2770.0;8.25;58.5;24.0;5.49;18.71;14.39;4.08;0.31;2.31;113578.0;45.0;45.0;92.0;4513.0;974.34;820.30;3.0;1.0;0;1.0;0;0;1.0;0;0;1.0;0;0;1.0;1.0;0;0;0;0;0
168208;2.12;0.92;45.0;2745.0;8.25;58.5;23.25;4.31;16.71;14.48;1.83;3.82;2.31;113578.0;45.0;45.0;92.0;4528.0;974.30;781.24;3.0;1.0;0;1.0;0;0;1.0;0;0;1.0;0;0;1.0;1.0;0;0;0;0;0
168706;1.87;0.90;43.0;2706.0;8.25;59.25;23.25;3.52;14.74;14.39;1.07;2.30;2.31;113578.0;44.0;44.0;91.0;4537.0;974.27;742.17;3.0;1.0;0;1.0;0;0;1.0;0;0;1.0;0;0;1.0;1.0;0;0;0;0;0
169208;1.73;0.89;42.0;2642.0;8.25;59.25;22.5;3.13;13.87;14.48;72.67;44.84;2.31;113578.0;43.0;43.0;91.0;4525.0;974.27;58.59;3.0;1.0;0;1.0;0;0;1.0;0;0;1.0;0;0;1.0;1.0;0;0;0;0;0
169764;1.07;0.90;41.0;2465.0;8.25;59.25;20.25;0.39;8.96;14.39;158.19;95.75;2.31;113578.0;42.0;42.0;91.0;4508.0;974.27;878.89;3.0;1.0;0;1.0;0;0;1.0;0;0;1.0;0;0;1.0;1.0;0;0;0;0;0
170262;1.24;1.00;38.0;2415.0;8.25;59.25;6.0;0;14.28;14.48;165.10;128.78;2.31;113578.0;39.0;39.0;100.0;4501.0;974.23;839.83;3.0;1.0;0;1.0;0;0;1.0;0;0;1.0;0;0;1.0;1.0;0;0;0;0;0
170767;3.18;1.00;37.0;2369.0;8.25;59.25;1.5;6.27;15.37;14.58;141.90;100.54;2.31;113578.0;38.0;38.0;91.0;4536.0;974.23;839.83;3.0;1.0;0;1.0;0;0;1.0;0;0;1.0;0;0;1.0;1.0;0;0;0;0;0
171264;2.63;0.97;37.0;2337.0;8.25;60.0;12.75;4.70;17.35;14.48;185.78;97.51;2.31;113578.0;38.0;38.0;90.0;4509.0;974.23;820.30;3.0;1.0;0;1.0;0;0;1.0;0;0;1.0;0;0;1.0;1.0;0;0;0;0;0
171768;1.78;0.99;37.0;2304.0;8.25;60.0;18.0;2.35;12.94;14.29;207.36;127.17;2.58;113578.0;38.0;38.0;90.0;4517.0;974.23;839.83;3.0;1.0;0;1.0;0;0;1.0;0;0;1.0;0;0;1.0;1.0;0;0;0;0;0
172266;1.65;0.98;36.0;2256.0;8.25;60.0;17.25;1.96;12.32;14.29;267.05;224.75;2.58;113578.0;37.0;37.0;90.0;4511.0;974.23;781.24;3.0;1.0;0;1.0;0;0;1.0;0;0;1.0;0;0;1.0;1.0;0;0;0;0;0
172765;1.73;0.96;35.0;2202.0;8.25;60.0;16.5;1.96;12.97;14.48;304.21;277.89;2.31;113578.0;36.0;36.0;90.0;4512.0;974.23;351.55;3.0;1.0;0;1.0;0;0;1.0;0;0;1.0;0;0;1.0;1.0;0;0;0;0;0
173258;1.51;1.00;33.0;1960.0;8.25;60.0;7.5;0;14.53;14.29;323.61;302.30;2.58;113578.0;34.0;34.0;99.0;4515.0;974.23;820.30;3.0;1.0;0;1.0;0;0;1.0;0;0;1.0;0;0;1.0;1.0;0;0;0;0;0
173756;1.45;1.00;32.0;1988.0;8.25;60.0;6.75;0;14.52;14.39;252.73;311.21;2.31;113578.0;33.0;32.0;100.0;4509.0;974.23;839.83;3.0;1.0;0;1.0;0;0;1.0;0;0;1.0;0;0;1.0;1.0;0;0;0;0;0
174283;1.44;1.00;31.0;1915.0;8.25;60.0;6.0;0;14.18;14.58;222.54;249.71;2.31;113578.0;31.0;31.0;99.0;4498.0;974.23;820.30;3.0;1.0;0;1.0;0;0;1.0;0;0;1.0;0;0;1.0;1.0;0;0;0;0;0
174793;1.68;0.99;28.0;1784.0;8.25;60.0;6.75;0;14.45;14.39;157.93;176.78;2.31;113578.0;29.0;29.0;97.0;4488.0;974.23;820.30;3.0;1.0;0;1.0;0;0;1.0;0;0;1.0;0;0;1.0;1.0;0;0;0;0;0
175298;1.74;0.99;28.0;1715.0;8.25;60.0;6.0;0;14.08;14.48;115.83;163.03;2.31;113578.0;28.0;28.0;99.0;4506.0;974.23;800.77;3.0;1.0;0;1.0;0;0;1.0;0;0;1.0;0;0;1.0;1.0;0;0;0;0;0
175792;1.63;0.97;26.0;1618.0;8.25;60.75;6.0;0;14.08;14.48;100.75;106.90;2.31;113578.0;27.0;27.0;97.0;4497.0;974.23;800.77;3.0;1.0;0;1.0;0;0;1.0;0;0;1.0;0;0;1.0;1.0;0;0;0;0;0
176386;1.80;0.95;25.0;1561.0;8.25;60.75;6.0;0;14.10;14.58;97.45;77.90;2.31;113578.0;26.0;26.0;97.0;4515.0;974.23;292.96;3.0;1.0;0;1.0;0;0;1.0;0;0;1.0;0;0;1.0;1.0;0;0;0;0;0
176902;1.69;0.94;23.0;1504.0;8.25;60.75;6.0;0;14.13;14.48;76.53;54.93;2.31;113578.0;24.0;24.0;97.0;4489.0;974.23;78.12;3.0;1.0;0;1.0;0;0;1.0;0;0;1.0;0;0;1.0;1.0;0;0;0;0;0
177465;1.89;0.96;21.0;1469.0;8.25;60.75;6.0;0;14.05;14.58;59.64;42.36;2.31;113578.0;21.0;21.0;97.0;4509.0;974.23;19.53;3.0;1.0;0;1.0;0;0;1.0;0;0;1.0;0;0;1.0;1.0;0;0;0;0;0
178103;1.77;0.98;15.0;1550.0;8.25;60.75;6.75;0;14.41;14.48;41.20;27.73;2.31;113578.0;15.0;15.0;97.0;4516.0;974.23;58.59;3.0;1.0;0;1.0;1.0;0;1.0;0;0;1.0;0;0;1.0;1.0;0;0;1.0;0;0
178636;1.92;1.00;7.0;1511.0;8.25;60.75;1.5;0;12.37;14.20;25.58;18.14;2.58;113578.0;8.0;8.0;96.0;4530.0;974.23;546.86;3.0;1.0;0;1.0;1.0;0;1.0;0;0;1.0;0;0;1.0;1.0;0;0;1.0;0;0
179133;1.98;0.99;5.0;1395.0;8.25;60.75;4.5;0;13.49;14.48;22.85;17.42;2.31;113578.0;5.0;5.0;90.0;4520.0;974.23;507.80;2.0;1.0;0;1.0;0;0;1.0;0;0;1.0;0;0;1.0;1.0;0;0;0;0;0
179633;2.04;1.00;3.0;1306.0;8.25;61.5;7.5;0;14.14;14.39;21.30;39.88;2.31;113578.0;4.0;4.0;89.0;4512.0;974.19;78.12;2.0;1.0;0;1.0;0;0;1.0;0;0;1.0;0;0;1.0;1.0;0;0;0;0;0
180178;1.78;0.99;3.0;1356.0;8.25;61.5;6.0;0;13.46;14.39;24.39;41.54;2.31;113578.0;4.0;4.0;87.0;4534.0;974.03;39.06;1.0;1.0;0;1.0;0;0;1.0;0;0;1.0;0;0;1.0;1.0;0;0;0;0;0
180702;1.82;1.01;3.0;1343.0;8.25;61.5;6.0;0;13.34;14.48;42.47;38.22;2.31;113578.0;4.0;4.0;86.0;4485.0;973.91;78.12;1.0;1.0;0;1.0;0;0;1.0;0;0;1.0;0;0;1.0;1.0;0;0;0;0;0
181226;1.94;1.03;3.0;1363.0;8.25;61.5;5.25;0;13.15;14.20;39.95;35.17;2.58;113578.0;4.0;3.0;86.0;4533.0;973.99;761.70;1.0;1.0;0;1.0;0;0;1.0;0;0;1.0;0;0;1.0;1.0;0;0;0;0;0
181758;2.05;1.02;3.0;1492.0;8.25;61.5;12.0;1.56;13.95;14.39;62.82;37.00;2.31;113578.0;3.0;3.0;89.0;4504.0;974.07;859.36;1.0;1.0;0;1.0;0;0;1.0;0;0;1.0;0;0;1.0;1.0;0;0;0;0;0
182258;2.67;1.00;5.0;2020.0;8.25;61.5;15.0;3.92;18.11;14.39;41.16;25.54;2.31;113578.0;5.0;5.0;89.0;4550.0;974.03;605.46;1.0;1.0;0;1.0;0;0;1.0;0;0;1.0;0;0;1.0;1.0;0;0;0;0;0
182763;3.62;1.01;8.0;1616.0;8.25;61.5;11.25;5.88;25.17;14.39;28.41;16.67;2.31;113578.0;8.0;8.0;89.0;4488.0;973.99;859.36;1.0;1.0;0;1.0;0;0;1.0;0;0;1.0;0;0;1.0;1.0;0;0;0;0;0
183258;3.37;0.99;12.0;1711.0;8.25;61.5;11.25;5.49;23.05;14.29;19.58;11.48;2.58;113578.0;12.0;13.0;89.0;4517.0;973.99;839.83;1.0;1.0;0;1.0;0;0;1.0;0;0;1.0;0;0;1.0;1.0;0;0;0;0;0
183816;3.4;0.96;16.0;1977.0;8.25;62.25;14.25;7.05;24.68;14.29;12.79;9.68;2.58;113578.0;16.0;17.0;88.0;4561.0;973.87;585.93;1.0;1.0;0;1.0;0;0;1.0;0;0;1.0;0;0;1.0;1.0;0;0;0;0;0
184313;2.33;1.00;20.0;2270.0;9.0;62.25;18.0;4.70;18.88;14.48;9.06;7.36;2.31;113578.0;20.0;21.0;88.0;4501.0;973.99;19.53;1.0;1.0;0;1.0;0;0;1.0;0;0;1.0;0;0;1.0;1.0;0;0;0;0;0
184816;2.22;1.01;21.0;2340.0;8.25;62.25;18.75;3.52;16.05;14.39;5.54;6.09;2.31;113578.0;21.0;21.0;88.0;4520.0;974.03;39.06;1.0;1.0;0;1.0;1.0;0;1.0;0;0;1.0;0;0;1.0;1.0;0;0;1.0;0;0
185315;1.68;0.99;21.0;1640.0;8.25;62.25;6.0;0;14.25;14.39;11.83;11.95;2.31;113578.0;21.0;21.0;99.0;4446.0;974.03;839.83;2.0;1.0;0;1.0;0;0;1.0;0;0;1.0;0;0;1.0;1.0;0;0;0;0;0
185804;1.67;0.98;20.0;1564.0;8.25;62.25;6.0;0;13.99;14.48;10.46;19.86;2.31;113578.0;20.0;20.0;95.0;4476.0;974.07;839.83;2.0;1.0;0;1.0;0;0;1.0;0;0;1.0;0;0;1.0;1.0;0;0;0;0;0
186313;2.35;0.96;20.0;1882.0;8.25;62.25;12.0;2.35;14.15;14.48;12.10;17.28;2.31;113578.0;20.0;20.0;88.0;4541.0;974.03;78.12;2.0;1.0;0;1.0;0;0;1.0;0;0;1.0;0;0;1.0;1.0;0;0;0;0;0
186870;2.46;0.98;20.0;1938.0;8.25;62.25;13.5;3.52;16.89;14.39;8.30;11.28;2.31;113578.0;20.0;20.0;88.0;4537.0;974.07;19.53;2.0;1.0;0;1.0;0;0;1.0;0;0;1.0;0;0;1.0;1.0;0;0;0;0;0
187463;4.74;1.00;22.0;1746.0;8.25;62.25;10.5;7.45;28.45;14.39;5.40;7.75;2.31;113578.0;22.0;22.0;88.0;4531.0;974.11;878.89;2.0;1.0;0;1.0;0;0;1.0;0;0;1.0;0;0;1.0;1.0;0;0;0;0;0
187996;3.84;0.98;26.0;2028.0;8.25;62.25;14.25;9.41;28.88;14.48;3.28;4.49;2.31;113578.0;25.0;26.0;88.0;4546.0;974.07;781.24;2.0;1.0;0;1.0;0;0;1.0;0;0;1.0;0;0;1.0;1.0;0;0;0;0;0
188565;3.52;0.95;28.0;2246.0;8.25;62.25;16.5;9.41;26.69;14.29;1.75;2.55;2.58;113578.0;28.0;28.0;88.0;4507.0;974.07;800.77;2.0;1.0;0;1.0;0;0;1.0;0;0;1.0;0;0;1.0;1.0;0;0;0;0;0
189121;2.92;0.98;30.0;2383.0;8.25;62.25;19.5;6.27;21.48;14.39;1.01;1.42;2.31;113578.0;30.0;30.0;88.0;4518.0;974.11;820.30;2.0;1.0;0;1.0;0;0;1.0;0;0;1.0;0;0;1.0;1.0;0;0;0;0;0
189655;3.76;0.99;32.0;2498.0;8.25;62.25;20.25;10.19;26.26;14.58;0.41;8.86;2.31;113578.0;32.0;32.0;88.0;4474.0;974.11;820.30;2.0;1.0;0;1.0;0;0;1.0;0;0;1.0;0;0;1.0;1.0;0;0;0;0;0
190198;0.43;1.00;33.0;2709.0;8.25;62.25;10.5;0;14.35;14.39;0.19;4.88;2.31;113578.0;34.0;34.0;88.0;4563.0;974.07;742.17;2.0;1.0;0;1.0;0;0;1.0;0;0;1.0;0;0;1.0;1.0;0;0;0;0;0
190741;3.58;0.99;33.0;2103.0;8.25;62.25;15.75;7.05;22.87;14.48;0;2.81;2.31;113578.0;34.0;34.0;88.0;4540.0;974.11;859.36;3.0;1.0;0;1.0;0;0;1.0;0;0;1.0;0;0;1.0;1.0;0;0;0;0;0
191226;3.57;0.97;35.0;2175.0;8.25;62.25;16.5;9.02;26.72;14.39;0;1.69;2.31;113578.0;35.0;35.0;88.0;4525.0;974.07;781.24;3.0;1.0;0;1.0;0;0;1.0;0;0;1.0;0;0;1.0;1.0;0;0;0;0;0
191761;3.66;0.94;37.0;2267.0;8.25;63.0;17.25;10.98;28.97;14.29;1.97;4.43;2.58;113578.0;37.0;37.0;85.0;4494.0;974.11;605.46;3.0;1.0;0;1.0;0;0;1.0;0;0;1.0;0;0;1.0;1.0;0;0;0;0;0
192272;3.64;0.95;38.0;2419.0;8.25;63.0;18.75;11.37;28.42;14.48;1.15;2.53;2.31;113578.0;39.0;39.0;85.0;4466.0;973.87;117.18;3.0;1.0;0;1.0;0;0;1.0;0;0;1.0;0;0;1.0;1.0;0;0;0;0;0
192805;3.63;0.98;41.0;2553.0;8.25;63.0;21.75;11.37;27.77;14.48;0.56;1.42;2.31;113578.0;41.0;42.0;85.0;4463.0;973.76;781.24;3.0;1.0;0;1.0;0;0;1.0;0;0;1.0;0;0;1.0;1.0;0;0;0;0;0
193302;3.32;0.93;43.0;2668.0;8.25;63.0;23.25;10.98;26.73;14.48;0.21;0.62;2.31;113578.0;43.0;43.0;85.0;4505.0;973.60;781.24;3.0;1.0;0;1.0;0;0;1.0;0;0;1.0;0;0;1.0;1.0;0;0;0;0;0
193867;4.27;1.00;45.0;2783.0;8.25;63.0;23.25;13.72;29.14;14.39;1.58;2.12;2.31;113578.0;45.0;46.0;85.0;4476.0;973.44;761.70;3.0;1.0;0;1.0;0;0;1.0;0;0;1.0;0;0;1.0;1.0;0;0;0;0;0
194390;3.79;0.97;47.0;2948.0;8.25;63.0;24.75;13.72;29.04;14.29;0.74;3.33;2.58;113578.0;47.0;48.0;85.0;4445.0;973.52;800.77;3.0;1.0;0;1.0;0;0;1.0;0;0;1.0;0;0;1.0;1.0;0;0;0;0;0
194975;3.31;0.91;50.0;3097.0;8.25;63.0;26.25;12.15;27.92;14.48;0.25;1.42;2.31;113578.0;50.0;51.0;85.0;4515.0;973.48;703.11;3.0;1.0;0;1.0;0;0;1.0;0;0;1.0;0;0;1.0;1.0;0;0;0;0;0
195497;3.32;0.86;52.0;3221.0;8.25;63.0;27.0;12.55;27.60;14.39;1.26;0.58;2.31;113578.0;52.0;52.0;85.0;4511.0;973.41;39.06;3.0;1.0;0;1.0;0;0;1.0;0;0;1.0;0;0;1.0;1.0;0;0;0;0;0
196057;3.28;1.00;53.0;2861.0;8.25;63.75;21.0;7.84;21.23;14.39;67.53;68.66;2.31;113578.0;53.0;54.0;82.0;4282.0;973.37;839.83;4.0;1.0;0;1.0;0;0;1.0;0;0;1.0;0;0;1.0;1.0;0;0;0;0;0
196556;3.34;0.97;55.0;2851.0;8.25;63.75;24.75;10.19;25.98;14.39;165.16;199.18;2.31;113578.0;55.0;54.0;82.0;4195.0;973.37;781.24;4.0;1.0;0;1.0;0;0;1.0;0;0;1.0;0;0;1.0;1.0;0;0;0;0;0
197150;2.32;0.98;55.0;2874.0;8.25;63.75;27.75;5.09;18.45;14.39;215.82;262.36;2.31;113579.0;55.0;55.0;82.0;4348.0;973.29;800.77;4.0;1.0;0;1.0;0;0;1.0;0;0;1.0;0;0;1.0;1.0;0;0;0;0;0
197672;1.95;0.98;56.0;2890.0;8.25;63.75;29.25;3.92;15.06;14.29;245.82;296.38;2.58;113579.0;56.0;56.0;82.0;4479.0;973.17;820.30;4.0;1.0;0;1.0;0;0;1.0;0;0;1.0;0;0;1.0;1.0;0;0;0;0;0
198216;1.82;0.95;56.0;2904.0;8.25;63.75;29.25;3.52;14.27;14.39;234.47;276.40;2.31;113579.0;56.0;56.0;82.0;4505.0;973.13;820.30;4.0;1.0;0;1.0;0;0;1.0;0;0;1.0;0;0;1.0;1.0;0;0;0;0;0
198742;1.86;0.93;56.0;2922.0;8.25;63.75;29.25;3.92;15.03;14.39;234.69;277.24;2.31;113579.0;56.0;56.0;82.0;4506.0;973.09;683.58;4.0;1.0;0;1.0;0;0;1.0;0;0;1.0;0;0;1.0;1.0;0;0;0;0;0
199265;2.04;0.90;56.0;2942.0;8.25;63.75;28.5;4.70;16.98;14.48;218.40;237.60;2.31;113579.0;56.0;57.0;82.0;4516.0;973.13;195.31;4.0;1.0;0;1.0;0;0;1.0;0;0;1.0;0;0;1.0;1.0;0;0;0;0;0
199855;2.17;0.93;57.0;2974.0;8.25;63.75;29.25;5.09;17.64;14.48;148.42;197.11;2.31;113579.0;57.0;57.0;82.0;4497.0;973.09;800.77;4.0;1.0;0;1.0;0;0;1.0;0;0;1.0;0;0;1.0;1.0;0;0;0;0;0
200391;2.08;0.91;58.0;3041.0;8.25;63.75;30.0;5.49;18.34;14.39;91.20;115.79;2.31;113579.0;59.0;58.0;82.0;4498.0;973.05;742.17;4.0;1.0;0;1.0;0;0;1.0;0;0;1.0;0;0;1.0;1.0;0;0;0;0;0
200888;1.71;0.87;58.0;3091.0;8.25;64.5;32.25;3.92;15.08;14.29;173.28;205.74;2.58;113579.0;59.0;59.0;79.0;4551.0;973.05;820.30;4.0;1.0;0;1.0;0;0;1.0;0;0;1.0;0;0;1.0;1.0;0;0;0;0;0
201462;1.41;0.85;60.0;3099.0;8.25;64.5;32.25;3.13;12.61;14.39;250.43;284.92;2.31;113579.0;59.0;60.0;79.0;4529.0;973.05;800.77;4.0;1.0;0;1.0;0;0;1.0;0;0;1.0;0;0;1.0;1.0;0;0;0;0;0
202067;1.25;0.83;60.0;3043.0;8.25;64.5;30.75;2.35;11.40;14.39;301.48;330.05;2.31;113579.0;60.0;59.0;79.0;4527.0;973.02;781.24;4.0;1.0;0;1.0;0;0;1.0;0;0;1.0;0;0;1.0;1.0;0;0;0;0;0
202581;0.89;1.00;58.0;3022.0;8.25;64.5;13.5;0;14.22;14.39;333.25;344.50;2.31;113579.0;59.0;59.0;79.0;4513.0;973.02;742.17;4.0;1.0;0;1.0;0;0;1.0;0;0;1.0;0;0;1.0;1.0;0;0;0;0;0
203079;3.24;1.00;58.0;3115.0;8.25;64.5;3.0;7.45;15.10;14.39;317.59;287.52;2.31;113579.0;59.0;59.0;79.0;4444.0;973.09;859.36;4.0;1.0;0;1.0;0;0;1.0;0;0;1.0;0;0;1.0;1.0;0;0;0;0;0
203576;2.87;0.96;60.0;3116.0;8.25;64.5;18.0;7.45;19.99;14.48;297.57;323.98;2.31;113579.0;60.0;61.0;79.0;4481.0;973.17;839.83;4.0;1.0;0;1.0;0;0;1.0;0;0;0;0;0;1.0;1.0;0;0;0;0;0
204082;2.80;0.92;62.0;3213.0;8.25;64.5;29.25;7.05;18.99;14.58;313.67;338.94;2.31;113579.0;62.0;61.0;79.0;4552.0;973.09;839.83;4.0;1.0;0;1.0;0;0;1.0;0;0;0;0;0;1.0;1.0;0;0;0;0;0
204580;1.24;1.00;62.0;2758.0;8.25;64.5;22.5;1.96;9.08;14.48;321.71;309.64;2.31;113579.0;63.0;61.0;79.0;4423.0;973.25;507.80;5.0;1.0;0;1.0;0;0;1.0;0;0;0;0;0;1.0;1.0;0;0;0;0;0
205131;1.61;1.00;62.0;2898.0;8.25;65.25;28.5;3.13;11.81;14.48;215.61;218.13;2.31;113579.0;62.0;62.0;77.0;4192.0;973.41;839.83;5.0;1.0;0;1.0;0;0;1.0;0;0;0;0;0;1.0;1.0;0;0;0;0;0
205629;2.18;0.97;62.0;2921.0;8.25;65.25;30.0;5.09;16.48;14.58;114.50;109.89;2.31;113579.0;63.0;63.0;77.0;4301.0;973.41;800.77;5.0;1.0;0;1.0;0;0;1.0;0;0;0;0;0;1.0;1.0;0;0;0;0;0
206184;2.0;0.94;63.0;2954.0;8.25;65.25;30.75;4.70;16.11;14.48;60.75;58.33;2.31;113579.0;64.0;64.0;77.0;4414.0;973.52;703.11;5.0;1.0;0;1.0;0;0;1.0;0;0;0;0;0;1.0;1.0;0;0;0;0;0
206781;1.85;0.91;65.0;2993.0;8.25;65.25;30.75;4.70;15.65;14.48;27.43;26.36;2.31;113579.0;65.0;65.0;77.0;4482.0;973.44;742.17;5.0;1.0;0;1.0;0;0;1.0;0;0;0;0;0;1.0;1.0;0;0;0;0;0
207280;1.89;0.88;66.0;3011.0;8.25;65.25;31.5;5.09;16.44;14.39;12.30;11.87;2.31;113579.0;66.0;66.0;77.0;4512.0;973.37;58.59;5.0;1.0;0;1.0;0;0;1.0;0;0;0;0;0;1.0;1.0;0;0;0;0;0
207782;2.0;0.91;66.0;3042.0;8.25;65.25;31.5;5.49;16.70;14.39;6.13;6.19;2.31;113579.0;66.0;66.0;77.0;4511.0;973.60;97.65;5.0;1.0;0;1.0;0;0;1.0;0;0;0;0;0;1.0;1.0;0;0;0;0;0
208315;2.01;0.93;66.0;3062.0;8.25;65.25;32.25;5.49;16.82;14.39;5.40;3.02;2.31;113579.0;67.0;67.0;77.0;4506.0;973.80;820.30;5.0;1.0;0;1.0;0;0;1.0;0;0;0;0;0;1.0;1.0;0;0;0;0;0
208857;1.96;0.89;67.0;3093.0;8.25;65.25;32.25;5.49;17.05;14.48;2.61;2.69;2.31;113579.0;67.0;67.0;77.0;4505.0;973.91;761.70;5.0;1.0;0;1.0;0;0;1.0;0;0;0;0;0;1.0;1.0;0;0;0;0;0
209455;1.88;0.85;67.0;3111.0;8.25;65.25;32.25;5.49;17.06;14.20;2.69;2.87;2.58;113579.0;67.0;67.0;77.0;4529.0;973.99;546.86;5.0;1.0;0;1.0;0;0;1.0;0;0;0;0;0;1.0;1.0;0;0;0;0;0
209987;1.84;0.87;67.0;3136.0;8.25;65.25;33.0;5.09;16.21;14.39;1.05;2.65;2.31;113579.0;68.0;67.0;77.0;4499.0;974.07;78.12;5.0;1.0;0;1.0;0;0;1.0;0;0;0;0;0;1.0;1.0;0;0;0;0;0
210474;2.10;0.91;68.0;3138.0;8.25;65.25;33.0;5.88;17.45;14.48;0.35;1.05;2.31;113579.0;68.0;68.0;77.0;4498.0;974.11;800.77;5.0;1.0;0;1.0;0;0;1.0;0;0;0;0;0;1.0;1.0;0;0;0;0;0
211007;2.36;0.90;68.0;3165.0;8.25;66.0;32.25;7.05;20.12;14.48;1.46;0.42;2.31;113579.0;68.0;69.0;77.0;4504.0;974.11;839.83;5.0;1.0;0;1.0;0;0;1.0;0;0;0;0;0;1.0;1.0;0;0;0;0;0
211545;2.16;0.85;70.0;3212.0;8.25;66.0;33.0;7.05;19.64;14.39;52.04;80.85;2.31;113579.0;70.0;70.0;74.0;4523.0;974.15;800.77;5.0;1.0;0;1.0;0;0;1.0;0;0;0;0;0;1.0;1.0;0;0;0;0;0
212056;2.03;0.83;70.0;3221.0;8.25;66.0;33.75;6.27;18.97;14.20;75.52;125.18;2.58;113579.0;70.0;70.0;74.0;4511.0;974.15;39.06;5.0;1.0;0;1.0;0;0;1.0;0;0;0;0;0;1.0;1.0;0;0;0;0;0
212557;0.25;1.00;70.0;3421.0;8.25;66.0;40.5;0;11.65;14.48;173.34;210.10;2.31;113579.0;70.0;70.0;74.0;4645.0;974.15;859.36;5.0;1.0;0;1.0;0;0;1.0;0;0;0;0;0;1.0;1.0;0;0;0;0;0
213065;2.00;1.00;70.0;2991.0;8.25;66.0;30.0;4.31;14.94;14.48;263.36;287.14;2.31;113579.0;70.0;70.0;74.0;4187.0;974.19;839.83;6.0;1.0;0;1.0;0;0;1.0;0;0;0;0;0;1.0;1.0;0;0;0;0;0
213562;2.88;0.97;70.0;3002.0;8.25;66.0;30.75;7.84;21.48;14.39;313.98;323.84;2.31;113579.0;70.0;71.0;74.0;4218.0;974.19;859.36;6.0;1.0;0;1.0;0;0;1.0;0;0;0;0;0;1.0;1.0;0;0;0;0;0
214101;2.72;0.93;71.0;3016.0;8.25;66.0;30.75;7.84;21.84;14.39;342.14;346.57;2.31;113579.0;71.0;71.0;74.0;4361.0;974.19;820.30;6.0;1.0;0;1.0;0;0;1.0;0;0;0;0;0;1.0;1.0;0;0;0;0;0
214663;2.19;0.88;72.0;3039.0;8.25;66.0;31.5;6.27;19.17;14.39;316.50;319.37;2.31;113579.0;72.0;72.0;74.0;4478.0;974.19;527.33;6.0;1.0;0;1.0;0;0;1.0;0;0;0;0;0;1.0;1.0;0;0;0;0;0
215160;2.01;0.89;71.0;3036.0;8.25;66.0;31.5;5.49;17.48;14.39;313.51;314.97;2.31;113579.0;72.0;72.0;74.0;4518.0;974.19;253.90;6.0;1.0;0;1.0;0;0;1.0;0;0;0;0;0;1.0;1.0;0;0;0;0;0
215660;1.93;0.92;72.0;3053.0;8.25;66.75;33.0;5.09;16.50;14.48;301.56;316.73;2.31;113579.0;73.0;72.0;71.0;4523.0;974.19;800.77;6.0;1.0;0;1.0;0;0;1.0;0;0;0;0;0;1.0;1.0;0;0;0;0;0
216157;1.87;0.89;72.0;3072.0;8.25;66.75;33.0;5.49;16.40;14.58;260.82;268.51;2.31;113579.0;73.0;72.0;71.0;4512.0;974.19;449.21;6.0;1.0;0;1.0;0;0;1.0;0;0;0;0;0;1.0;1.0;0;0;0;0;0
216662;1.76;0.90;72.0;3069.0;8.25;66.75;32.25;4.70;15.32;14.48;247.58;233.30;2.31;113579.0;72.0;72.0;71.0;4524.0;974.19;566.39;6.0;1.0;0;1.0;0;0;1.0;0;0;0;0;0;1.0;1.0;0;0;0;0;0
217161;2.17;0.91;71.0;3052.0;8.25;66.75;32.25;6.27;18.63;14.48;228.22;250.60;2.31;113579.0;72.0;72.0;71.0;4494.0;974.19;78.12;6.0;1.0;0;1.0;0;0;1.0;0;0;0;0;0;1.0;1.0;0;0;0;0;0
217657;2.33;0.94;71.0;3052.0;8.25;66.75;32.25;6.27;19.34;14.39;200.31;187.56;2.31;113579.0;71.0;72.0;71.0;4507.0;974.27;781.24;6.0;1.0;0;1.0;0;0;1.0;0;0;0;0;0;1.0;1.0;0;0;0;0;0
218162;2.14;0.89;71.0;3051.0;8.25;66.75;32.25;6.27;18.63;14.48;202.03;190.14;2.31;113579.0;72.0;72.0;71.0;4509.0;974.23;761.70;6.0;1.0;0;1.0;0;0;1.0;0;0;0;0;0;1.0;1.0;0;0;0;0;0
218711;1.88;0.85;71.0;3024.0;8.25;66.75;32.25;5.49;17.42;14.39;264.31;256.93;2.31;113579.0;71.0;71.0;71.0;4535.0;974.23;156.24;6.0;1.0;0;1.0;0;0;1.0;0;0;0;0;0;1.0;1.0;0;0;0;0;0
219221;1.85;0.87;70.0;3004.0;8.25;66.75;31.5;5.09;16.72;14.39;296.73;311.58;2.31;113579.0;70.0;71.0;71.0;4527.0;974.23;19.53;6.0;1.0;0;1.0;0;0;1.0;0;0;0;0;0;1.0;1.0;0;0;0;0;0
219754;1.97;0.90;70.0;2968.0;8.25;66.75;31.5;5.49;17.10;14.48;290.89;315.05;2.31;113579.0;70.0;70.0;71.0;4512.0;974.23;58.59;6.0;1.0;0;1.0;0;0;1.0;0;0;0;0;0;1.0;1.0;0;0;0;0;0
220310;2.06;0.94;68.0;2944.0;8.25;66.75;30.75;5.49;17.12;14.39;305.85;307.12;2.31;113579.0;69.0;69.0;71.0;4521.0;974.30;781.24;6.0;1.0;0;1.0;0;0;1.0;0;0;0;0;0;1.0;1.0;0;0;0;0;0
220898;2.53;0.90;68.0;2936.0;8.25;66.75;30.75;7.84;20.68;14.48;305.09;324.45;2.31;113579.0;69.0;69.0;71.0;4485.0;974.34;878.89;6.0;1.0;0;1.0;0;0;1.0;0;0;0;0;0;1.0;1.0;0;0;0;0;0
221429;3.58;0.97;70.0;2995.0;9.0;66.75;26.25;13.72;27.25;14.39;318.63;327.02;2.31;113579.0;70.0;70.0;71.0;4452.0;974.38;800.77;6.0;1.0;0;1.0;0;0;1.0;0;0;0;0;0;1.0;1.0;0;0;0;0;0
222024;4.70;1.00;71.0;3056.0;9.0;66.75;23.25;19.61;31.87;14.48;341.89;345.07;2.31;113579.0;71.0;72.0;71.0;4483.0;974.34;253.90;6.0;1.0;0;1.0;0;0;1.0;0;0;0;0;0;1.0;1.0;0;0;0;0;0
222551;4.71;1.05;75.0;3165.0;9.0;67.5;21.75;21.57;33.04;14.39;216.76;195.92;2.31;113579.0;73.0;75.0;68.0;4521.0;974.30;58.59;6.0;1.0;0;1.0;0;0;1.0;0;0;0;0;0;1.0;1.0;0;0;0;0;0
223061;4.99;1.10;77.0;3268.0;9.0;67.5;21.75;21.57;33.35;14.39;103.58;98.68;2.31;113579.0;76.0;77.0;68.0;4540.0;974.27;839.83;6.0;1.0;0;1.0;0;0;1.0;0;0;0;0;0;1.0;1.0;0;0;0;0;0
223594;3.72;0.97;78.0;3349.0;8.25;67.5;27.75;16.08;28.80;14.48;58.78;51.96;2.31;113579.0;78.0;79.0;68.0;4518.0;974.34;820.30;6.0;1.0;0;1.0;0;0;1.0;0;0;0;0;0;1.0;1.0;0;0;0;0;0
224204;2.67;1.00;80.0;3382.0;8.25;67.5;34.5;8.23;21.38;14.48;23.90;22.86;2.31;113579.0;79.0;80.0;68.0;4514.0;974.38;878.89;6.0;1.0;0;1.0;0;0;1.0;0;0;0;0;0;1.0;1.0;0;0;0;0;0
224711;1.42;0.95;80.0;3379.0;8.25;67.5;37.5;3.92;13.30;14.39;11.05;11.30;2.31;113579.0;80.0;80.0;68.0;4548.0;974.30;878.89;6.0;1.0;0;1.0;0;0;1.0;0;0;0;0;0;1.0;1.0;0;0;0;0;0
225210;0.97;0.98;78.0;3283.0;8.25;67.5;36.75;1.56;8.10;14.48;5.19;5.31;2.31;113579.0;79.0;78.0;68.0;4552.0;974.30;898.42;6.0;1.0;0;1.0;0;0;1.0;0;0;0;0;0;1.0;1.0;0;0;0;0;0
225804;1.08;0.97;76.0;3257.0;8.25;68.25;36.0;1.96;8.98;14.39;3.74;2.57;2.31;113579.0;76.0;77.0;65.0;4530.0;974.27;878.89;6.0;1.0;0;1.0;0;0;1.0;0;0;0;0;0;1.0;1.0;0;0;0;0;0
226355;1.09;0.95;75.0;3178.0;8.25;68.25;35.25;1.96;9.25;14.58;3.12;1.05;2.31;113579.0;75.0;75.0;65.0;4515.0;974.30;859.36;6.0;1.0;0;1.0;0;0;1.0;0;0;0;0;0;1.0;1.0;0;0;0;0;0
226935;1.14;0.93;73.0;3131.0;8.25;68.25;33.75;2.35;9.76;14.58;2.71;2.51;2.31;113579.0;74.0;73.0;65.0;4508.0;974.38;839.83;6.0;1.0;0;1.0;0;0;1.0;0;0;0;0;0;1.0;1.0;0;0;0;0;0
227459;1.18;0.91;72.0;3075.0;8.25;68.25;33.75;2.74;10.34;14.39;1.05;1.05;2.31;113579.0;72.0;72.0;65.0;4516.0;974.30;820.30;6.0;1.0;0;1.0;0;0;1.0;0;0;0;0;0;1.0;1.0;0;0;0;0;0
227993;1.30;0.90;71.0;3012.0;8.25;68.25;33.0;3.13;11.60;14.29;0.35;0.35;2.58;113579.0;71.0;71.0;65.0;4543.0;974.34;742.17;6.0;1.0;0;1.0;0;0;1.0;0;0;0;0;0;1.0;1.0;0;0;0;0;0
228542;1.52;0.87;70.0;2982.0;8.25;68.25;31.5;3.92;13.67;14.39;0.11;0.09;2.31;113579.0;70.0;70.0;65.0;4513.0;974.30;156.24;6.0;1.0;0;1.0;0;0;1.0;0;0;0;0;0;1.0;1.0;0;0;0;0;0
229134;1.73;0.90;70.0;2925.0;8.25;68.25;31.5;4.70;15.17;14.39;0;0;2.31;113579.0;69.0;70.0;65.0;4501.0;974.30;19.53;6.0;1.0;0;1.0;0;0;1.0;0;0;0;0;0;1.0;1.0;0;0;0;0;0
229624;2.76;0.98;70.0;2962.0;8.25;68.25;32.25;7.45;21.38;14.48;1.66;0;2.31;113579.0;70.0;70.0;65.0;4466.0;974.34;859.36;6.0;1.0;0;1.0;0;0;1.0;0;0;0;0;0;1.0;1.0;0;0;0;0;0
230145;2.59;0.94;70.0;2990.0;8.25;69.0;32.25;7.84;21.38;14.39;69.31;68.58;2.31;113579.0;70.0;70.0;63.0;4508.0;974.30;839.83;6.0;1.0;0;1.0;0;0;1.0;0;0;0;0;0;1.0;1.0;0;0;0;0;0
230731;2.43;0.90;71.0;3003.0;9.0;69.0;32.25;7.45;21.15;14.48;208.05;215.78;2.31;113579.0;70.0;71.0;63.0;4494.0;974.30;488.27;6.0;1.0;0;1.0;0;0;1.0;0;0;0;0;0;1.0;1.0;0;0;0;0;0
231229;2.45;0.91;71.0;2995.0;9.0;69.0;33.0;7.45;21.20;14.39;294.04;297.53;2.31;113579.0;71.0;71.0;63.0;4521.0;974.46;78.12;6.0;1.0;0;1.0;0;0;1.0;0;0;0;0;0;1.0;1.0;0;0;0;0;0
231784;2.47;0.93;71.0;3026.0;9.0;69.0;33.0;7.45;20.74;14.29;329.47;329.33;2.58;113579.0;71.0;71.0;63.0;4532.0;974.38;820.30;6.0;1.0;0;1.0;0;0;1.0;0;0;0;0;0;1.0;1.0;0;0;0;0;0
232277;2.32;0.88;71.0;3027.0;9.0;69.0;33.0;7.05;20.60;14.48;227.73;212.48;2.31;113579.0;71.0;71.0;63.0;4505.0;974.34;117.18;6.0;1.0;0;1.0;0;0;1.0;0;0;0;0;0;1.0;1.0;0;0;0;0;0
232833;2.40;0.91;71.0;3013.0;9.0;69.0;33.0;7.45;20.82;14.39;285.19;287.09;2.31;113579.0;71.0;71.0;63.0;4514.0;974.30;800.77;6.0;1.0;0;1.0;0;0;1.0;0;0;0;0;0;1.0;1.0;0;0;0;0;0
233326;2.30;0.88;71.0;3029.0;9.0;69.0;33.0;7.05;20.58;14.58;320.03;318.92;2.31;113579.0;71.0;71.0;63.0;4506.0;974.34;97.65;6.0;1.0;0;1.0;0;0;1.0;0;0;0;0;0;1.0;1.0;0;0;0;0;0
233881;2.22;0.92;71.0;3036.0;9.0;69.0;33.0;6.27;18.99;14.48;201.06;203.97;2.31;113579.0;71.0;71.0;63.0;4518.0;974.30;566.39;6.0;1.0;0;1.0;0;0;1.0;0;0;0;0;0;1.0;1.0;0;0;0;0;0
234426;2.09;0.91;71.0;3020.0;9.0;69.0;33.0;5.88;18.07;14.48;288.57;284.70;2.31;113579.0;71.0;71.0;63.0;4528.0;974.34;781.24;6.0;1.0;0;1.0;0;0;1.0;0;0;0;0;0;1.0;1.0;0;0;0;0;0
234918;1.85;0.88;71.0;3026.0;9.0;69.0;33.0;5.49;16.71;14.29;211.86;211.99;2.58;113579.0;71.0;71.0;63.0;4543.0;974.38;312.49;6.0;1.0;0;1.0;0;0;1.0;0;0;0;0;0;1.0;1.0;0;0;0;0;0
235439;1.75;0.89;71.0;3015.0;9.0;69.0;32.25;4.70;15.42;14.29;106.75;112.60;2.58;113579.0;70.0;71.0;63.0;4537.0;974.34;214.84;6.0;1.0;0;1.0;0;0;1.0;0;0;0;0;0;1.0;1.0;0;0;0;0;0
235967;1.76;0.90;70.0;2970.0;9.0;69.0;32.25;4.70;15.34;14.39;173.60;143.64;2.31;113579.0;70.0;70.0;63.0;4513.0;974.30;820.30;6.0;1.0;0;1.0;0;0;1.0;0;0;0;0;0;1.0;1.0;0;0;0;0;0
236530;1.44;0.87;70.0;2972.0;9.0;69.75;32.25;3.92;13.39;14.48;117.60;69.21;2.31;113579.0;70.0;70.0;60.0;4512.0;974.42;585.93;6.0;1.0;0;1.0;0;0;1.0;0;0;0;0;0;1.0;1.0;0;0;0;0;0
237100;0.52;0.87;70.0;2890.0;9.0;69.75;31.5;0.78;7.20;14.39;70.19;36.69;2.31;113579.0;70.0;69.0;60.0;4538.0;974.38;781.24;6.0;1.0;0;1.0;0;0;1.0;0;0;0;0;0;1.0;1.0;0;0;0;0;0
237676;1.00;0.99;67.0;2865.0;9.0;69.75;30.75;1.56;8.09;14.39;33.65;18.65;2.31;113579.0;68.0;67.0;60.0;4539.0;974.38;878.89;6.0;1.0;0;1.0;0;0;1.0;0;0;0;0;0;1.0;1.0;0;0;0;0;0
238329;1.02;0.97;66.0;2806.0;9.0;69.75;30.75;1.56;8.86;14.39;16.01;10.37;2.31;113579.0;66.0;66.0;60.0;4517.0;974.54;839.83;6.0;1.0;0;1.0;0;0;1.0;0;0;0;0;0;1.0;1.0;0;0;0;0;0
238826;2.14;0.99;66.0;2801.0;9.0;69.75;30.75;5.09;16.70;14.48;7.55;4.88;2.31;113579.0;66.0;66.0;60.0;4513.0;974.58;820.30;6.0;1.0;0;1.0;0;0;1.0;0;0;0;0;0;1.0;1.0;0;0;0;0;0
239388;2.69;0.96;66.0;2818.0;9.0;69.75;30.0;7.45;21.35;14.39;3.94;2.51;2.31;113579.0;66.0;67.0;60.0;4464.0;974.58;820.30;6.0;1.0;0;1.0;0;0;1.0;0;0;0;0;0;1.0;1.0;0;0;0;0;0
239921;3.32;0.97;67.0;2869.0;9.0;69.75;28.5;11.37;25.73;14.39;3.08;3.33;2.31;113579.0;66.0;68.0;60.0;4447.0;974.50;781.24;6.0;1.0;0;1.0;0;0;1.0;0;0;0;0;0;1.0;1.0;0;0;0;0;0
240419;3.26;0.92;68.0;2928.0;9.0;70.5;27.75;12.94;26.67;14.48;1.54;3.92;2.31;113579.0;68.0;69.0;57.0;4474.0;974.58;507.80;6.0;1.0;0;1.0;0;0;1.0;0;0;0;0;0;1.0;1.0;0;0;0;0;0
240924;2.78;0.95;70.0;2986.0;9.0;70.5;30.75;9.80;24.26;14.48;0.72;1.89;2.31;113579.0;69.0;70.0;57.0;4519.0;974.62;820.30;6.0;1.0;0;1.0;0;0;1.0;0;0;0;0;0;1.0;1.0;0;0;0;0;0
241423;2.16;0.97;70.0;2983.0;9.0;70.5;33.75;5.88;18.15;14.48;0.29;0.93;2.31;113579.0;70.0;70.0;57.0;4572.0;974.58;800.77;6.0;1.0;0;1.0;0;0;1.0;0;0;0;0;0;1.0;1.0;0;0;0;0;0
241944;0.84;0.99;70.0;2820.0;9.0;70.5;32.25;0.39;9.68;14.48;0.05;2.61;2.31;113579.0;70.0;69.0;57.0;4578.0;974.62;839.83;6.0;1.0;0;1.0;0;0;1.0;0;0;0;0;0;1.0;1.0;0;0;0;0;0
242471;0.72;1.00;67.0;2862.0;9.0;70.5;-30.0;0;0;14.39;0;1.30;2.31;113579.0;68.0;67.0;57.0;4548.0;974.73;0;6.0;1.0;0;1.0;0;0;1.0;0;0;0;0;0;1.0;1.0;0;0;0;0;0
242993;0.74;1.00;66.0;2805.0;9.0;70.5;-30.0;0;0;14.48;0;0.48;2.31;113579.0;67.0;66.0;57.0;4573.0;974.77;0;6.0;1.0;0;1.0;0;0;1.0;0;0;0;0;0;1.0;1.0;0;0;0;0;0
243635;0.76;1.00;65.0;2741.0;9.0;70.5;-30.0;0;0;14.58;0;0.21;2.31;113579.0;66.0;65.0;57.0;4679.0;974.73;0;6.0;1.0;0;1.0;0;0;1.0;0;0;0;0;0;1.0;1.0;0;0;0;0;0
244170;1.76;1.00;63.0;2659.0;9.0;70.5;28.5;2.35;10.99;14.48;1.30;0;2.31;113579.0;63.0;63.0;57.0;4275.0;974.69;19.53;6.0;1.0;0;1.0;0;0;1.0;0;0;0;0;0;1.0;1.0;0;0;0;0;0
244821;2.00;1.00;62.0;2667.0;9.0;70.5;29.25;4.31;15.15;14.48;2.22;0;2.31;113579.0;63.0;63.0;57.0;4279.0;974.66;585.93;6.0;1.0;0;1.0;0;0;1.0;0;0;0;0;0;1.0;1.0;0;0;0;0;0
245352;1.84;0.99;63.0;2720.0;9.0;70.5;29.25;3.92;14.56;14.39;1.03;0;2.31;113579.0;63.0;63.0;57.0;4426.0;974.85;800.77;6.0;1.0;0;1.0;0;0;1.0;0;0;0;0;0;1.0;1.0;0;0;0;0;0
245858;1.49;0.97;63.0;2727.0;9.0;70.5;30.0;3.13;12.41;14.48;0.39;0;2.31;113579.0;64.0;64.0;57.0;4492.0;974.77;839.83;6.0;1.0;0;1.0;0;0;1.0;0;0;0;0;0;1.0;1.0;0;0;0;0;0
246374;0.83;0.99;63.0;2693.0;9.0;70.5;28.5;0.39;7.17;14.58;0.15;2.20;2.31;113579.0;64.0;63.0;57.0;4541.0;974.89;859.36;6.0;1.0;0;1.0;0;0;1.0;0;0;0;0;0;1.0;1.0;0;0;0;0;0
246906;0.88;1.00;63.0;2676.0;9.0;70.5;25.5;0;14.01;14.29;1.52;1.23;2.58;113579.0;63.0;63.0;57.0;4508.0;975.05;859.36;6.0;1.0;0;1.0;0;0;1.0;0;0;0;0;0;1.0;1.0;0;0;0;0;0
247450;0.96;0.99;62.0;2642.0;9.0;70.5;27.75;0.39;12.39;14.48;0.76;2.57;2.31;113579.0;62.0;62.0;57.0;4508.0;975.16;859.36;6.0;1.0;0;1.0;0;0;1.0;0;0;0;0;0;1.0;1.0;0;0;0;0;0
247971;1.27;0.98;61.0;2587.0;9.0;70.5;26.25;1.96;10.36;14.48;0.29;1.19;2.31;113579.0;61.0;61.0;57.0;4512.0;975.12;839.83;6.0;1.0;0;1.0;0;0;1.0;0;0;0;0;0;1.0;1.0;0;0;0;0;0
248524;1.24;0.96;61.0;2613.0;9.0;70.5;27.0;2.35;10.53;14.39;1.46;2.57;2.31;113579.0;62.0;61.0;57.0;4511.0;975.20;820.30;6.0;1.0;0;1.0;0;0;1.0;0;0;0;0;0;1.0;1.0;0;0;0;0;0
249026;1.29;0.94;60.0;2578.0;9.0;70.5;27.0;2.35;11.14;14.48;2.28;1.34;2.31;113579.0;60.0;60.0;57.0;4500.0;975.20;781.24;6.0;1.0;0;1.0;0;0;1.0;0;0;0;0;0;1.0;1.0;0;0;0;0;0
249606;1.38;0.92;60.0;2543.0;9.0;70.5;26.25;2.74;12.01;14.39;3.24;0.66;2.31;113579.0;60.0;60.0;57.0;4501.0;975.28;683.58;6.0;1.0;0;1.0;0;0;1.0;0;0;0;0;0;1.0;1.0;0;0;0;0;0
250102;1.62;0.90;58.0;2503.0;9.0;71.25;26.25;3.52;14.12;14.48;1.52;1.89;2.31;113580.0;59.0;59.0;57.0;4508.0;975.32;253.90;6.0;1.0;0;1.0;0;0;1.0;0;0;0;0;0;1.0;1.0;0;0;0;0;0
250635;1.69;0.92;58.0;2480.0;9.0;71.25;25.5;3.92;14.69;14.58;0.82;0.99;2.31;113580.0;59.0;59.0;57.0;4499.0;975.36;19.53;6.0;1.0;0;1.0;0;0;1.0;0;0;0;0;0;1.0;1.0;0;0;0;0;0
251203;1.78;0.94;58.0;2492.0;9.0;71.25;24.75;3.92;14.84;14.58;0.35;0.50;2.31;113580.0;58.0;59.0;57.0;4494.0;975.40;58.59;6.0;1.0;0;1.0;0;0;1.0;0;0;0;0;0;1.0;1.0;0;0;0;0;0
251721;1.85;0.96;57.0;2453.0;9.0;71.25;24.75;3.92;15.07;14.39;0.11;0.19;2.31;113580.0;57.0;58.0;57.0;4514.0;975.40;156.24;6.0;1.0;0;1.0;0;0;1.0;0;0;0;0;0;1.0;1.0;0;0;0;0;0
252255;1.94;0.99;57.0;2457.0;9.0;71.25;24.75;3.92;15.52;14.48;1.60;0;2.31;113580.0;57.0;58.0;57.0;4525.0;975.40;781.24;6.0;1.0;0;1.0;0;0;1.0;0;0;0;0;0;1.0;1.0;0;0;0;0;0
252900;1.87;0.97;57.0;2438.0;9.0;71.25;24.75;3.92;15.10;14.48;0.76;0;2.31;113580.0;58.0;58.0;57.0;4511.0;975.44;800.77;6.0;1.0;0;1.0;0;0;1.0;0;0;0;0;0;1.0;1.0;0;0;0;0;0
253470;1.43;0.99;57.0;2409.0;9.0;71.25;24.0;2.35;11.79;14.48;0.29;3.35;2.31;113580.0;57.0;57.0;57.0;4513.0;975.44;839.83;6.0;1.0;0;1.0;0;0;1.0;0;0;0;0;0;1.0;1.0;0;0;0;0;0
253969;1.06;1.00;56.0;2355.0;9.0;71.25;11.25;0;13.97;14.39;2.42;6.05;2.31;113580.0;56.0;55.0;70.0;4503.0;975.44;859.36;6.0;1.0;0;1.0;0;0;1.0;0;0;1.0;0;0;1.0;1.0;0;0;0;0;0
254473;0.91;1.00;55.0;2309.0;9.0;71.25;15.75;0;13.71;14.48;97.57;60.71;2.31;113580.0;55.0;54.0;54.0;4513.0;975.44;781.24;6.0;1.0;0;1.0;0;0;1.0;0;0;1.0;0;0;1.0;1.0;0;0;0;0;0
254967;3.68;1.00;52.0;2271.0;9.0;71.25;-6.75;6.66;11.33;14.48;95.87;106.30;2.31;113580.0;53.0;53.0;57.0;4546.0;975.44;878.89;6.0;1.0;0;1.0;0;0;1.0;0;0;1.0;0;0;1.0;1.0;0;0;0;0;0
255464;3.14;0.98;53.0;2290.0;9.0;71.25;6.0;7.45;18.48;14.48;59.62;69.70;2.31;113580.0;54.0;54.0;57.0;4519.0;975.44;800.77;6.0;1.0;0;1.0;0;0;1.0;0;0;1.0;0;0;1.0;1.0;0;0;0;0;0
255967;2.99;0.95;55.0;2319.0;9.0;71.25;19.5;7.45;22.90;14.39;35.13;43.31;2.31;113580.0;53.0;55.0;57.0;4511.0;975.44;722.64;6.0;1.0;0;1.0;0;0;1.0;0;0;1.0;0;0;1.0;1.0;0;0;0;0;0
256472;2.49;0.93;55.0;2338.0;9.0;71.25;23.25;5.49;20.47;14.39;20.66;25.50;2.31;113580.0;55.0;55.0;57.0;4507.0;975.44;312.49;6.0;1.0;0;1.0;0;0;1.0;0;0;1.0;0;0;1.0;1.0;0;0;0;0;0
257030;2.36;0.95;56.0;2405.0;9.0;71.25;24.0;5.09;20.16;14.29;12.79;14.97;2.58;113580.0;56.0;57.0;57.0;4514.0;975.44;234.37;6.0;1.0;0;1.0;0;0;1.0;0;0;1.0;0;0;1.0;1.0;0;0;0;0;0
257530;2.31;0.97;56.0;2386.0;9.0;71.25;23.25;4.31;18.13;14.48;7.47;8.74;2.31;113580.0;56.0;56.0;57.0;4522.0;975.44;664.05;6.0;1.0;0;1.0;0;0;1.0;0;0;1.0;0;0;1.0;1.0;0;0;0;0;0
258035;1.84;0.95;56.0;2388.0;9.0;71.25;23.25;3.52;15.94;14.29;4.33;5.11;2.58;113580.0;55.0;56.0;57.0;4517.0;975.44;644.52;6.0;1.0;0;1.0;0;0;1.0;0;0;1.0;0;0;1.0;1.0;0;0;0;0;0
258534;0.95;1.00;55.0;2351.0;9.0;71.25;16.5;0;13.87;14.58;14.45;11.22;2.31;113580.0;55.0;55.0;55.0;4474.0;975.44;781.24;6.0;1.0;0;1.0;0;0;1.0;0;0;1.0;0;0;1.0;1.0;0;0;0;0;0
259087;0.92;1.00;55.0;2282.0;9.0;71.25;15.75;0;13.72;14.39;77.12;22.65;2.31;113580.0;55.0;54.0;54.0;4514.0;975.44;761.70;6.0;1.0;0;1.0;0;0;1.0;0;0;1.0;0;0;1.0;1.0;0;0;0;0;0
259584;0.94;1.00;53.0;2237.0;9.0;71.25;15.75;0;13.75;14.48;161.53;112.64;2.31;113580.0;54.0;53.0;54.0;4517.0;975.44;624.99;6.0;1.0;0;1.0;0;0;1.0;0;0;1.0;0;0;1.0;1.0;0;0;0;0;0
260149;0.95;1.00;52.0;2217.0;9.0;71.25;15.75;0;13.71;14.58;217.62;208.07;2.31;113580.0;52.0;52.0;54.0;4505.0;975.44;195.31;6.0;1.0;0;1.0;0;0;1.0;0;0;1.0;0;0;1.0;1.0;0;0;0;0;0
260682;1.02;1.00;47.0;2057.0;9.0;72.0;16.5;0;13.86;14.39;234.61;235.96;2.31;113580.0;48.0;48.0;54.0;4521.0;975.44;39.06;6.0;1.0;0;1.0;0;0;1.0;0;0;1.0;0;0;1.0;1.0;0;0;0;0;0
261188;1.12;1.00;43.0;1872.0;9.0;72.0;15.75;0;13.74;14.48;187.91;196.64;2.31;113580.0;44.0;44.0;54.0;4499.0;975.44;761.70;6.0;1.0;0;1.0;0;0;1.0;0;0;1.0;0;0;1.0;1.0;0;0;0;0;0
261680;1.37;0.98;37.0;1501.0;9.0;72.0;15.0;0;13.71;14.39;129.91;199.73;2.31;113580.0;38.0;38.0;53.0;4490.0;975.44;820.30;6.0;1.0;0;1.0;1.0;0;1.0;0;0;1.0;0;0;1.0;1.0;0;0;1.0;0;0
262203;1.31;0.97;32.0;1388.0;9.0;72.0;15.0;0;13.57;14.58;94.64;145.57;2.31;113580.0;32.0;32.0;53.0;4501.0;975.44;781.24;6.0;1.0;0;1.0;0;0;1.0;0;0;1.0;0;0;1.0;1.0;0;0;0;0;0
262743;1.37;0.95;28.0;1324.0;9.0;72.0;17.25;0;14.05;14.39;68.96;111.82;2.31;113580.0;29.0;29.0;54.0;4516.0;975.52;78.12;6.0;1.0;0;1.0;0;0;1.0;0;0;1.0;0;0;1.0;1.0;0;0;0;0;0
263240;1.37;0.97;27.0;1322.0;9.0;72.0;17.25;0;14.06;14.39;87.10;83.92;2.31;113580.0;27.0;27.0;53.0;4500.0;975.48;19.53;6.0;1.0;0;1.0;0;0;1.0;0;0;1.0;0;0;1.0;1.0;0;0;0;0;0
263805;1.49;0.98;26.0;1302.0;9.0;72.0;18.0;0;14.22;14.29;63.45;64.42;2.58;113580.0;26.0;26.0;53.0;4523.0;975.63;39.06;6.0;1.0;0;1.0;0;0;1.0;0;0;1.0;0;0;1.0;1.0;0;0;0;0;0
264390;1.50;1.00;25.0;1321.0;9.0;72.0;17.25;0;14.12;14.48;52.61;51.03;2.31;113580.0;25.0;25.0;54.0;4512.0;975.87;58.59;6.0;1.0;0;1.0;1.0;0;1.0;0;0;1.0;0;0;1.0;1.0;0;0;1.0;0;0
264890;1.44;1.02;25.0;1369.0;9.0;72.0;15.0;0;13.68;14.39;52.26;93.35;2.31;113580.0;25.0;25.0;54.0;4529.0;976.14;195.31;6.0;1.0;0;1.0;0;0;1.0;0;0;1.0;0;0;1.0;1.0;0;0;0;0;0
265394;1.56;1.03;25.0;1311.0;9.0;72.0;17.25;0;14.19;14.39;124.77;148.31;2.31;113580.0;25.0;25.0;54.0;4524.0;976.22;605.46;6.0;1.0;0;1.0;0;0;1.0;0;0;1.0;0;0;1.0;1.0;0;0;0;0;0
265892;3.48;1.00;25.0;1572.0;9.0;72.0;3.0;4.70;16.54;14.48;162.82;154.44;2.31;113580.0;25.0;25.0;59.0;4525.0;976.30;917.95;6.0;1.0;0;1.0;0;0;1.0;0;0;1.0;0;0;1.0;1.0;0;0;0;0;0
266488;2.75;0.98;26.0;2133.0;9.0;72.0;2.25;5.09;14.60;14.39;119.75;119.48;2.31;113580.0;26.0;26.0;56.0;4545.0;976.34;722.64;6.0;1.0;0;1.0;0;0;1.0;0;0;1.0;0;0;1.0;1.0;0;0;0;0;0
266985;2.58;0.96;27.0;2200.0;9.0;72.75;11.25;5.09;17.31;14.48;70.64;66.87;2.31;113580.0;27.0;27.0;56.0;4523.0;976.45;820.30;6.0;1.0;0;1.0;0;0;1.0;0;0;1.0;0;0;1.0;1.0;0;0;0;0;0
267507;4.58;1.00;28.0;2205.0;9.0;72.75;19.5;9.41;27.48;14.29;46.89;41.55;2.58;113580.0;29.0;29.0;56.0;4513.0;976.53;898.42;6.0;1.0;0;1.0;0;0;1.0;0;0;1.0;0;0;1.0;1.0;0;0;0;0;0
268047;5.04;1.00;32.0;1991.0;9.0;72.75;12.0;14.90;36.07;14.29;29.11;25.77;2.58;113580.0;32.0;32.0;56.0;4502.0;976.57;722.64;6.0;1.0;0;1.0;0;0;1.0;0;0;1.0;0;0;1.0;1.0;0;0;0;0;0
268545;0.24;1.00;33.0;2697.0;9.0;72.75;18.0;0;13.76;14.39;16.24;14.37;2.31;113580.0;34.0;34.0;56.0;4573.0;976.61;722.64;6.0;1.0;0;1.0;0;0;1.0;0;0;1.0;0;0;1.0;1.0;0;0;0;0;0
269051;0.83;1.00;35.0;2409.0;9.0;72.75;15.75;0;13.89;14.58;11.13;8.88;2.31;113580.0;35.0;34.0;54.0;4462.0;976.65;820.30;5.0;1.0;0;1.0;0;0;1.0;0;0;1.0;0;0;1.0;1.0;0;0;0;0;0
269548;1.24;0.98;33.0;1580.0;9.0;72.75;16.5;0;13.82;14.58;9.97;10.21;2.31;113580.0;34.0;34.0;54.0;4452.0;976.65;859.36;5.0;1.0;0;1.0;0;0;1.0;0;0;1.0;0;0;1.0;1.0;0;0;0;0;0
270047;1.31;0.97;31.0;1422.0;9.0;72.75;15.75;0;13.69;14.48;7.20;11.01;2.31;113580.0;31.0;31.0;52.0;4524.0;976.65;839.83;5.0;1.0;0;1.0;0;0;1.0;0;0;1.0;0;0;1.0;1.0;0;0;0;0;0
270608;1.38;0.95;26.0;1334.0;9.0;72.75;15.75;0;13.66;14.48;7.53;7.96;2.31;113580.0;26.0;26.0;51.0;4521.0;976.61;781.24;5.0;1.0;0;1.0;0;0;1.0;0;0;1.0;0;0;1.0;1.0;0;0;0;0;0
271107;1.40;0.94;20.0;1309.0;9.0;72.75;17.25;0;13.95;14.39;45.21;14.45;2.31;113580.0;19.0;20.0;51.0;4535.0;976.61;722.64;4.0;1.0;0;1.0;0;0;1.0;0;0;1.0;0;0;1.0;1.0;0;0;0;0;0
271609;1.32;0.93;13.0;1305.0;9.0;72.75;18.0;0;14.11;14.29;90.01;39.37;2.58;113580.0;13.0;13.0;52.0;4514.0;976.65;58.59;4.0;1.0;0;1.0;1.0;0;1.0;0;0;1.0;0;0;1.0;1.0;0;0;1.0;0;0
272108;1.42;0.95;10.0;1328.0;9.0;72.75;16.5;0;13.87;14.39;69.13;28.63;2.31;113580.0;11.0;10.0;53.0;4499.0;976.65;19.53;3.0;1.0;0;1.0;0;0;1.0;0;0;1.0;0;0;1.0;1.0;0;0;0;0;0
272664;1.48;0.96;10.0;1222.0;9.0;72.75;24.75;0;15.19;14.58;50.34;21.95;2.31;113580.0;10.0;10.0;53.0;4501.0;976.65;19.53;3.0;1.0;0;1.0;1.0;0;1.0;0;0;1.0;0;0;1.0;1.0;0;0;1.0;0;0
273168;1.43;0.98;10.0;1343.0;9.0;72.75;15.0;0;13.70;14.48;47.78;37.63;2.31;113580.0;10.0;10.0;54.0;4545.0;976.69;39.06;3.0;1.0;0;1.0;1.0;0;1.0;0;0;1.0;0;0;1.0;1.0;0;0;1.0;0;0
273667;1.52;0.99;10.0;1294.0;9.0;72.75;18.0;0;14.32;14.48;45.97;28.88;2.31;113580.0;10.0;10.0;53.0;4502.0;976.69;58.59;2.0;1.0;0;1.0;0;0;1.0;0;0;1.0;0;0;1.0;1.0;0;0;0;0;0
274249;3.88;1.00;10.0;2078.0;9.0;72.75;-9.0;7.05;10.84;14.48;35.29;25.46;2.31;113580.0;10.0;10.0;56.0;4571.0;976.69;859.36;2.0;1.0;0;1.0;0;0;1.0;0;0;1.0;0;0;1.0;1.0;0;0;0;0;0
274782;3.88;1.00;13.0;2004.0;9.0;72.75;3.75;8.62;24.63;14.48;20.76;14.94;2.31;113580.0;13.0;13.0;56.0;4540.0;976.69;839.83;2.0;1.0;0;1.0;0;0;1.0;0;0;1.0;0;0;1.0;1.0;0;0;0;0;0
275304;3.68;0.97;17.0;2014.0;9.0;72.75;17.25;8.62;28.58;14.48;12.85;9.72;2.31;113580.0;17.0;18.0;56.0;4506.0;976.69;312.49;2.0;1.0;0;1.0;0;0;1.0;0;0;1.0;0;0;1.0;1.0;0;0;0;0;0
275846;3.76;0.99;22.0;1936.0;9.0;72.75;15.75;9.02;29.41;14.48;8.35;5.99;2.31;113580.0;22.0;23.0;56.0;4523.0;976.69;39.06;2.0;1.0;0;1.0;0;0;1.0;0;0;1.0;0;0;1.0;1.0;0;0;0;0;0
276345;2.66;1.00;26.0;2066.0;9.0;72.75;18.0;5.09;20.19;14.48;4.88;5.17;2.31;113580.0;26.0;27.0;56.0;4507.0;976.69;19.53;2.0;1.0;0;1.0;0;0;1.0;0;0;1.0;0;0;1.0;1.0;0;0;0;0;0
276850;2.11;1.00;27.0;2208.0;9.0;72.75;21.0;3.52;16.42;14.48;3.14;3.16;2.31;113580.0;28.0;28.0;56.0;4509.0;976.69;156.24;2.0;1.0;0;1.0;0;0;1.0;0;0;1.0;0;0;1.0;1.0;0;0;0;0;0
277442;1.91;1.01;28.0;2262.0;9.0;72.75;21.75;2.74;14.72;14.39;3.41;4.12;2.31;113580.0;29.0;29.0;56.0;4496.0;976.69;878.89;2.0;1.0;0;1.0;0;0;1.0;0;0;1.0;0;0;1.0;1.0;0;0;0;0;0
277940;1.72;0.99;30.0;2346.0;9.0;72.75;23.25;2.35;13.75;14.39;3.94;2.22;2.31;113580.0;30.0;30.0;56.0;4511.0;976.69;859.36;2.0;1.0;0;1.0;0;0;1.0;0;0;1.0;0;0;1.0;1.0;0;0;0;0;0
278435;1.41;0.97;30.0;2361.0;9.0;72.75;23.25;1.56;11.86;14.58;2.24;1.24;2.31;113580.0;30.0;30.0;56.0;4506.0;976.69;878.89;2.0;1.0;0;1.0;0;0;1.0;0;0;1.0;0;0;1.0;1.0;0;0;0;0;0
278956;0.89;1.00;30.0;2311.0;9.0;72.75;15.75;0;13.72;14.39;3.57;18.49;2.31;113580.0;30.0;29.0;54.0;4495.0;976.69;839.83;2.0;1.0;0;1.0;0;0;1.0;0;0;1.0;0;0;1.0;1.0;0;0;0;0;0
279505;1.88;0.98;28.0;2346.0;9.0;72.75;22.5;3.13;14.28;14.48;5.11;50.38;2.31;113580.0;29.0;29.0;56.0;4513.0;976.69;820.30;2.0;1.0;0;1.0;0;0;1.0;0;0;1.0;0;0;1.0;1.0;0;0;0;0;0
280003;3.02;0.96;31.0;2436.0;9.0;72.75;23.25;6.66;22.27;14.48;2.92;28.14;2.31;113580.0;30.0;31.0;56.0;4486.0;976.69;878.89;2.0;1.0;0;1.0;0;0;1.0;0;0;1.0;0;0;1.0;1.0;0;0;0;0;0
280500;3.50;0.98;33.0;2695.0;9.0;72.75;27.0;10.98;27.23;14.48;3.26;16.56;2.31;113580.0;34.0;34.0;56.0;4439.0;976.69;820.30;2.0;1.0;0;1.0;0;0;1.0;0;0;1.0;0;0;1.0;1.0;0;0;0;0;0
280997;0;1.00;38.0;3184.0;9.0;72.75;25.5;0;13.79;14.48;1.64;8.69;2.31;113580.0;38.0;38.0;56.0;4678.0;976.69;800.77;2.0;1.0;0;1.0;0;0;1.0;0;0;1.0;0;0;1.0;1.0;0;0;0;0;0
281518;2.77;1.00;40.0;2424.0;9.0;72.75;22.5;5.09;18.38;14.39;0.83;4.78;2.31;113580.0;40.0;39.0;56.0;4221.0;976.69;820.30;3.0;1.0;0;1.0;0;0;1.0;0;0;1.0;0;0;1.0;1.0;0;0;0;0;0
282099;0.44;0.98;41.0;2494.0;9.0;72.75;26.25;0.39;8.42;14.39;0.33;4.27;2.31;113580.0;41.0;42.0;56.0;4256.0;976.69;800.77;3.0;1.0;0;1.0;0;0;1.0;0;0;1.0;0;0;1.0;1.0;0;0;0;0;0
282619;0.86;1.00;41.0;2494.0;9.0;72.75;17.25;0;13.80;14.48;21.38;14.60;2.31;113580.0;41.0;41.0;54.0;4385.0;976.69;761.70;3.0;1.0;0;1.0;0;0;1.0;0;0;1.0;0;0;1.0;1.0;0;0;0;0;0
283211;0.88;1.00;40.0;2448.0;9.0;72.75;16.5;0;13.61;14.29;79.99;128.97;2.58;113580.0;40.0;40.0;54.0;4487.0;976.69;644.52;3.0;1.0;0;1.0;0;0;1.0;0;0;1.0;0;0;1.0;1.0;0;0;0;0;0
283708;3.08;1.00;40.0;2432.0;9.0;72.75;-3.75;5.88;10.99;14.58;69.97;142.41;2.31;113580.0;40.0;40.0;56.0;4519.0;976.69;839.83;3.0;1.0;0;1.0;0;0;1.0;0;0;1.0;0;0;1.0;1.0;0;0;0;0;0
284218;2.12;0.98;40.0;2377.0;9.0;72.75;4.5;3.92;11.93;14.29;39.11;94.25;2.58;113580.0;40.0;40.0;56.0;4542.0;976.69;761.70;3.0;1.0;0;1.0;0;0;1.0;0;0;1.0;0;0;1.0;1.0;0;0;0;0;0
284769;2.03;0.96;41.0;2443.0;9.0;72.75;11.25;3.92;13.52;14.39;25.01;52.73;2.31;113580.0;41.0;41.0;56.0;4513.0;976.69;292.96;3.0;1.0;0;1.0;0;0;1.0;0;0;1.0;0;0;1.0;1.0;0;0;0;0;0
285305;1.99;0.96;42.0;2576.0;9.0;72.75;18.75;3.92;14.82;14.39;13.92;31.05;2.31;113580.0;42.0;42.0;56.0;4515.0;976.69;761.70;3.0;1.0;0;1.0;0;0;1.0;0;0;1.0;0;0;1.0;1.0;0;0;0;0;0
285806;0.90;0.96;42.0;2594.0;9.0;72.75;25.5;1.17;8.48;14.48;7.71;17.32;2.31;113580.0;43.0;43.0;56.0;4489.0;976.69;859.36;3.0;1.0;0;1.0;0;0;1.0;0;0;1.0;0;0;1.0;1.0;0;0;0;0;0
286327;0.99;0.98;42.0;2574.0;9.0;72.75;27.0;0.39;8.43;14.39;4.45;9.62;2.31;113580.0;42.0;42.0;56.0;4521.0;976.69;839.83;3.0;1.0;0;1.0;0;0;1.0;0;0;1.0;0;0;1.0;1.0;0;0;0;0;0
286858;0.87;1.00;42.0;2544.0;9.0;72.75;16.5;0;13.86;14.48;2.14;4.76;2.31;113580.0;42.0;41.0;56.0;4501.0;976.69;781.24;3.0;1.0;0;1.0;0;0;1.0;0;0;1.0;0;0;1.0;1.0;0;0;0;0;0
287374;1.40;0.99;41.0;2552.0;9.0;72.75;21.75;1.96;10.41;14.48;1.11;2.73;2.31;113580.0;42.0;42.0;56.0;4530.0;976.69;859.36;3.0;1.0;0;1.0;0;0;1.0;0;0;1.0;0;0;1.0;1.0;0;0;0;0;0
287963;1.74;0.97;42.0;2607.0;9.0;72.75;21.0;3.13;13.03;14.29;0.54;1.42;2.58;113580.0;43.0;43.0;56.0;4519.0;976.69;800.77;3.0;1.0;0;1.0;0;0;1.0;0;0;1.0;0;0;1.0;1.0;0;0;0;0;0
288458;1.58;0.95;43.0;2709.0;9.0;73.5;28.5;2.74;13.23;14.48;72.63;97.53;2.31;113580.0;44.0;44.0;55.0;4522.0;976.73;820.30;3.0;1.0;0;1.0;0;0;1.0;0;0;1.0;0;0;1.0;1.0;0;0;0;0;0
288979;1.52;0.93;45.0;2742.0;9.0;73.5;30.0;2.74;12.98;14.39;178.19;125.44;2.31;113580.0;45.0;45.0;55.0;4492.0;976.73;800.77;3.0;1.0;0;1.0;0;0;1.0;0;0;1.0;0;0;1.0;1.0;0;0;0;0;0
289529;1.41;0.91;46.0;2804.0;9.0;73.5;31.5;2.74;12.33;14.39;216.58;206.70;2.31;113580.0;46.0;46.0;55.0;4483.0;976.88;781.24;3.0;1.0;0;1.0;0;0;1.0;0;0;1.0;0;0;1.0;1.0;0;0;0;0;0
290062;1.36;0.89;47.0;2862.0;9.0;73.5;32.25;2.35;12.15;14.29;243.63;245.92;2.58;113580.0;47.0;47.0;55.0;4493.0;977.00;781.24;3.0;1.0;0;1.0;1.0;0;1.0;0;0;1.0;0;0;1.0;1.0;0;0;1.0;0;0
290617;1.12;1.00;47.0;1932.0;9.0;73.5;15.0;0;13.67;14.58;256.27;224.34;2.31;113580.0;48.0;48.0;53.0;4508.0;977.16;761.70;3.0;1.0;0;1.0;0;0;1.0;0;0;1.0;0;0;1.0;1.0;0;0;0;0;0
291113;0.88;1.00;47.0;2443.0;9.0;73.5;15.75;0;13.56;14.48;143.50;132.39;2.31;113580.0;48.0;47.0;53.0;4507.0;977.2;664.05;4.0;1.0;0;1.0;0;0;1.0;0;0;1.0;0;0;1.0;1.0;0;0;0;0;0
291670;1.55;0.98;48.0;2489.0;9.0;73.5;17.25;2.35;10.98;14.48;162.17;133.78;2.31;113580.0;48.0;48.0;55.0;4528.0;977.35;839.83;4.0;1.0;0;1.0;0;0;1.0;0;0;1.0;0;0;1.0;1.0;0;0;0;0;0
292182;1.57;0.96;48.0;2545.0;9.0;73.5;23.25;2.35;12.48;14.48;179.96;166.33;2.31;113580.0;48.0;49.0;55.0;4532.0;977.51;820.30;4.0;1.0;0;1.0;0;0;1.0;0;0;1.0;0;0;1.0;1.0;0;0;0;0;0
292714;1.28;0.95;48.0;2563.0;9.0;73.5;26.25;1.96;10.78;14.29;184.51;175.16;2.58;113580.0;49.0;49.0;55.0;4507.0;977.62;839.83;4.0;1.0;0;1.0;0;0;1.0;0;0;1.0;0;0;1.0;1.0;0;0;0;0;0
293234;2.24;1.00;50.0;2732.0;9.0;73.5;28.5;4.31;16.14;14.39;207.38;164.91;2.31;113580.0;50.0;50.0;55.0;4548.0;977.70;800.77;4.0;1.0;0;1.0;0;0;1.0;0;0;1.0;0;0;1.0;1.0;0;0;0;0;0
293774;2.42;0.97;51.0;2675.0;9.0;73.5;29.25;5.49;19.57;14.48;193.93;138.62;2.31;113580.0;51.0;52.0;55.0;4489.0;977.78;781.24;4.0;1.0;0;1.0;0;0;1.0;0;0;1.0;0;0;1.0;1.0;0;0;0;0;0
294271;2.28;0.94;52.0;2771.0;9.0;73.5;30.75;5.49;19.11;14.39;267.97;232.83;2.31;113580.0;53.0;53.0;55.0;4483.0;977.82;781.24;4.0;1.0;0;1.0;0;0;1.0;0;0;1.0;0;0;1.0;1.0;0;0;0;0;0
294836;1.38;0.91;55.0;2811.0;9.0;73.5;31.5;2.74;12.22;14.39;294.88;275.70;2.31;113580.0;55.0;54.0;55.0;4519.0;977.82;800.77;4.0;1.0;0;1.0;0;0;1.0;0;0;1.0;0;0;1.0;1.0;0;0;0;0;0
295368;0.80;1.00;53.0;2795.0;9.0;73.5;18.75;0;13.73;14.48;335.09;317.24;2.31;113580.0;54.0;54.0;55.0;4501.0;977.94;585.93;4.0;1.0;0;1.0;0;0;1.0;0;0;1.0;0;0;1.0;1.0;0;0;0;0;0
295923;0.83;1.00;53.0;2754.0;9.0;74.25;17.25;0;13.50;14.39;341.91;332.01;2.31;113580.0;53.0;53.0;55.0;4522.0;978.09;664.05;4.0;1.0;0;1.0;0;0;1.0;0;0;1.0;0;0;1.0;1.0;0;0;0;0;0
296474;0.85;1.00;50.0;2619.0;9.0;74.25;16.5;0;13.58;14.39;331.93;337.73;2.31;113580.0;50.0;50.0;55.0;4547.0;978.17;19.53;4.0;1.0;0;1.0;0;0;1.0;0;0;1.0;0;0;1.0;1.0;0;0;0;0;0
296972;0.88;1.00;43.0;2308.0;9.0;74.25;15.75;0;13.48;14.48;258.30;292.81;2.31;113580.0;44.0;44.0;51.0;4512.0;978.17;19.53;4.0;1.0;0;1.0;0;0;1.0;0;0;1.0;0;0;1.0;1.0;0;0;0;0;0
297486;1.0;1.00;40.0;2043.0;9.0;74.25;15.0;0;13.44;14.39;204.96;241.17;2.31;113580.0;40.0;39.0;51.0;4524.0;978.17;0;4.0;1.0;0;1.0;0;0;1.0;0;0;1.0;0;0;1.0;1.0;0;0;0;0;0
297984;1.15;1.00;35.0;1815.0;9.0;74.25;15.0;0;13.51;14.29;220.25;177.80;2.58;113580.0;35.0;35.0;50.0;4504.0;978.25;546.86;4.0;1.0;0;1.0;0;0;1.0;0;0;1.0;0;0;1.0;1.0;0;0;0;0;0
298490;1.17;0.99;31.0;1683.0;9.0;74.25;15.0;0;13.54;14.48;158.93;160.79;2.31;113580.0;32.0;32.0;51.0;4495.0;978.45;820.30;4.0;1.0;0;1.0;0;0;1.0;0;0;1.0;0;0;1.0;1.0;0;0;0;0;0
298987;1.36;0.97;30.0;1365.0;9.0;74.25;14.25;0;13.38;14.39;144.93;125.36;2.31;113580.0;30.0;30.0;50.0;4497.0;978.56;820.30;3.0;1.0;0;1.0;0;0;1.0;0;0;1.0;0;0;1.0;1.0;0;0;0;0;0
299542;1.24;0.96;30.0;1521.0;9.0;74.25;15.0;0;13.43;14.39;143.79;123.07;2.31;113580.0;30.0;30.0;51.0;4501.0;978.72;488.27;3.0;1.0;0;1.0;0;0;1.0;0;0;1.0;0;0;1.0;1.0;0;0;0;0;0
300047;1.39;0.96;28.0;1313.0;9.0;74.25;17.25;0;13.87;14.48;183.28;179.07;2.31;113580.0;29.0;28.0;50.0;4534.0;978.80;136.71;2.0;1.0;0;1.0;0;0;1.0;0;0;1.0;0;0;1.0;1.0;0;0;0;0;0
300544;2.96;1.00;27.0;2116.0;9.0;74.25;-0.75;4.31;12.41;14.11;213.91;168.68;2.58;113580.0;28.0;27.0;55.0;4535.0;978.91;878.89;2.0;1.0;0;1.0;0;0;1.0;0;0;1.0;0;0;1.0;1.0;0;0;0;0;0
301084;2.96;0.98;28.0;2255.0;9.0;74.25;8.25;5.49;16.97;14.29;218.98;187.15;2.58;113580.0;28.0;29.0;55.0;4555.0;978.99;859.36;2.0;1.0;0;1.0;0;0;1.0;0;0;1.0;0;0;1.0;1.0;0;0;0;0;0
301606;4.28;1.00;31.0;2468.0;9.0;74.25;23.25;12.55;29.64;14.20;256.17;260.15;2.58;113580.0;31.0;32.0;55.0;4471.0;979.03;820.30;2.0;1.0;0;1.0;0;0;1.0;0;0;1.0;0;0;1.0;1.0;0;0;0;0;0
302104;4.29;0.98;36.0;2832.0;9.0;74.25;25.5;17.25;32.30;14.29;251.19;288.73;2.58;113580.0;36.0;37.0;55.0;4375.0;979.07;722.64;2.0;1.0;0;1.0;0;0;1.0;0;0;1.0;0;0;1.0;1.0;0;0;0;0;0
302608;0;1.00;40.0;3326.0;9.0;74.25;40.5;0;12.11;14.48;292.40;321.30;2.31;113580.0;39.0;40.0;55.0;4622.0;979.11;859.36;2.0;1.0;0;1.0;0;0;1.0;0;0;1.0;0;0;1.0;1.0;0;0;0;0;0
303106;3.72;1.01;42.0;2631.0;9.0;74.25;26.25;12.55;29.09;14.48;324.43;318.92;2.31;113580.0;42.0;43.0;55.0;4474.0;979.11;820.30;3.0;1.0;0;1.0;0;0;1.0;0;0;1.0;0;0;1.0;1.0;0;0;0;0;0
303611;2.16;1.00;45.0;2724.0;9.0;74.25;29.25;5.49;19.62;14.39;327.81;340.62;2.31;113580.0;44.0;45.0;55.0;4529.0;979.11;761.70;3.0;1.0;0;1.0;0;0;1.0;0;0;1.0;0;0;1.0;1.0;0;0;0;0;0
304111;2.28;0.98;45.0;2781.0;9.0;74.25;30.75;5.49;18.90;14.29;336.15;340.70;2.58;113580.0;45.0;45.0;55.0;4550.0;979.15;800.77;3.0;1.0;0;1.0;0;0;1.0;0;0;1.0;0;0;1.0;1.0;0;0;0;0;0
304740;2.08;0.95;46.0;2829.0;9.0;75.0;31.5;4.70;17.49;14.48;306.13;324.29;2.31;113580.0;47.0;46.0;54.0;4486.0;979.15;781.24;3.0;1.0;0;1.0;0;0;1.0;0;0;1.0;0;0;1.0;1.0;0;0;0;0;0
305235;1.96;0.91;47.0;2914.0;9.0;75.0;33.0;4.70;17.20;14.29;309.62;286.30;2.58;113580.0;47.0;48.0;54.0;4497.0;979.15;781.24;3.0;1.0;0;1.0;0;0;1.0;0;0;1.0;0;0;1.0;1.0;0;0;0;0;0
305922;1.72;0.89;48.0;3014.0;9.0;75.0;34.5;4.31;15.52;14.48;304.06;275.02;2.31;113580.0;49.0;49.0;54.0;4496.0;979.15;800.77;3.0;1.0;0;1.0;0;0;1.0;0;0;1.0;0;0;1.0;1.0;0;0;0;0;0
306444;1.55;0.85;51.0;3107.0;9.0;75.0;36.0;3.92;14.52;14.39;320.35;330.40;2.31;113580.0;51.0;51.0;54.0;4501.0;979.15;781.24;3.0;1.0;0;1.0;0;0;1.0;0;0;1.0;0;0;1.0;1.0;0;0;0;0;0
306945;1.41;0.83;52.0;3199.0;9.0;75.0;36.75;3.52;13.52;14.39;347.49;344.06;2.31;113580.0;51.0;52.0;54.0;4523.0;979.15;351.55;3.0;1.0;0;1.0;0;0;1.0;0;0;1.0;0;0;1.0;1.0;0;0;0;0;0
307484;1.38;0.84;52.0;3233.0;9.0;75.0;36.75;3.52;13.11;14.39;347.69;357.73;2.31;113580.0;52.0;53.0;54.0;4498.0;979.15;58.59;3.0;1.0;0;1.0;0;0;1.0;0;0;1.0;0;0;1.0;1.0;0;0;0;0;0
307987;1.72;0.87;53.0;3278.0;9.0;75.0;38.25;5.09;16.06;14.39;332.38;353.39;2.31;113580.0;53.0;54.0;54.0;4483.0;979.15;761.70;3.0;1.0;0;1.0;0;0;1.0;0;0;1.0;0;0;1.0;1.0;0;0;0;0;0
308485;1.68;0.85;55.0;3350.0;9.0;75.0;38.25;4.70;15.75;14.39;347.71;351.96;2.31;113580.0;54.0;55.0;54.0;4502.0;979.15;761.70;3.0;1.0;0;1.0;0;0;1.0;0;0;1.0;0;0;1.0;1.0;0;0;0;0;0
309010;1.59;0.82;55.0;3401.0;9.0;75.0;39.0;4.70;15.48;14.48;348.35;348.41;2.31;113580.0;55.0;56.0;54.0;4507.0;979.15;136.71;3.0;1.0;0;1.0;0;0;1.0;0;0;1.0;0;0;1.0;1.0;0;0;0;0;0
309516;1.84;0.85;56.0;3453.0;9.0;75.0;39.75;5.49;17.51;14.39;343.98;349.64;2.31;113580.0;56.0;57.0;54.0;4512.0;979.15;722.64;3.0;1.0;0;1.0;0;0;1.0;0;0;1.0;0;0;1.0;1.0;0;0;0;0;0
310070;2.48;0.84;58.0;3587.0;9.0;75.0;38.25;8.23;22.49;14.48;327.24;328.80;2.31;113580.0;58.0;59.0;54.0;4478.0;979.15;859.36;3.0;1.0;0;1.0;0;0;1.0;0;0;1.0;0;0;1.0;1.0;0;0;0;0;0
310568;3.37;0.97;61.0;3774.0;9.0;75.0;36.0;12.15;26.48;14.39;315.05;316.60;2.31;113580.0;61.0;62.0;54.0;4510.0;979.15;839.83;3.0;1.0;0;1.0;0;0;1.0;0;0;0;0;0;1.0;1.0;0;0;0;0;0
311111;3.98;0.99;63.0;3430.0;9.0;75.0;33.75;10.98;24.03;14.48;287.71;194.59;2.31;113580.0;63.0;64.0;54.0;4501.0;979.15;839.83;4.0;1.0;0;1.0;0;0;1.0;0;0;0;0;0;1.0;1.0;0;0;0;0;0
311627;3.2;0.94;67.0;3500.0;9.0;75.0;33.0;12.55;25.52;14.39;269.78;254.30;2.31;113580.0;66.0;67.0;54.0;4483.0;979.15;703.11;4.0;1.0;0;1.0;0;0;1.0;0;0;0;0;0;1.0;1.0;0;0;0;0;0
312125;3.85;0.96;70.0;3624.0;9.0;75.0;30.75;17.64;29.82;14.39;317.08;304.29;2.31;113580.0;69.0;70.0;54.0;4600.0;979.15;781.24;4.0;1.0;0;1.0;0;0;1.0;0;0;0;0;0;1.0;1.0;0;0;0;0;0
312691;1.76;0.98;70.0;3216.0;9.0;75.0;30.75;4.70;14.38;14.48;336.28;320.78;2.31;113580.0;70.0;70.0;54.0;4490.0;979.23;820.30;5.0;1.0;0;1.0;0;0;1.0;0;0;0;0;0;1.0;1.0;0;0;0;0;0
313225;1.57;0.95;70.0;3259.0;9.0;75.0;37.5;4.31;13.52;14.29;344.52;328.31;2.58;113580.0;70.0;70.0;54.0;4517.0;979.19;820.30;5.0;1.0;0;1.0;0;0;1.0;0;0;0;0;0;1.0;1.0;0;0;0;0;0
313780;0.62;1.00;70.0;3215.0;9.0;75.0;35.25;0;13.51;14.48;347.06;340.56;2.31;113580.0;70.0;70.0;54.0;4571.0;979.34;800.77;5.0;1.0;0;1.0;0;0;1.0;0;0;0;0;0;1.0;1.0;0;0;0;0;0
314282;0.65;1.00;68.0;3169.0;9.0;75.0;-30.0;0;0;14.48;347.90;346.52;2.31;113580.0;69.0;69.0;54.0;4604.0;979.46;0;5.0;1.0;0;1.0;0;0;1.0;0;0;0;0;0;1.0;1.0;0;0;0;0;0
314781;0.67;1.00;68.0;3105.0;9.0;75.0;-30.0;0;0;14.58;333.61;326.81;2.31;113580.0;68.0;68.0;54.0;4610.0;979.50;0;5.0;1.0;0;1.0;0;0;1.0;0;0;0;0;0;1.0;1.0;0;0;0;0;0
315283;0.68;1.00;66.0;3031.0;9.0;75.0;-30.0;0;0;14.48;309.70;325.58;2.31;113580.0;66.0;66.0;54.0;4613.0;979.58;0;5.0;1.0;0;1.0;0;0;1.0;0;0;0;0;0;1.0;1.0;0;0;0;0;0
315803;0.70;1.00;63.0;2853.0;9.0;75.0;-30.0;0;0;14.48;171.66;203.77;2.31;113580.0;63.0;62.0;54.0;4613.0;979.62;0;5.0;1.0;0;1.0;0;0;1.0;0;0;0;0;0;1.0;1.0;0;0;0;0;0
316336;0.73;1.00;60.0;2720.0;9.0;75.0;-30.0;0;0;14.58;167.41;185.57;2.31;113580.0;60.0;59.0;54.0;4611.0;979.85;0;5.0;1.0;0;1.0;0;0;1.0;0;0;0;0;0;1.0;1.0;0;0;0;0;0
316895;0.73;1.00;58.0;2655.0;9.0;75.0;-30.0;0;0;14.48;158.56;190.45;2.31;113580.0;58.0;58.0;54.0;4716.0;980.01;0;5.0;1.0;0;1.0;0;0;1.0;0;0;0;0;0;1.0;1.0;0;0;0;0;0
317397;0.74;1.00;56.0;2603.0;9.0;75.0;-30.0;0;0;14.29;201.37;248.08;2.58;113580.0;57.0;56.0;54.0;4698.0;980.12;0;5.0;1.0;0;1.0;0;0;1.0;0;0;1.0;0;0;1.0;1.0;0;0;0;0;0
317915;3.70;1.00;55.0;2578.0;9.0;75.0;-3.0;9.41;16.24;14.39;273.51;299.70;2.31;113580.0;55.0;56.0;54.0;4229.0;980.20;878.89;5.0;1.0;0;1.0;0;0;1.0;0;0;1.0;0;0;1.0;1.0;0;0;0;0;0
318496;3.71;0.98;57.0;2631.0;9.0;75.0;22.5;11.37;27.18;14.48;307.98;328.65;2.31;113580.0;56.0;57.0;54.0;4239.0;980.28;820.30;5.0;1.0;0;1.0;0;0;1.0;0;0;1.0;0;0;1.0;1.0;0;0;0;0;0
318996;3.24;0.95;57.0;2682.0;9.0;75.0;27.0;10.19;26.52;14.39;335.99;340.52;2.31;113580.0;57.0;58.0;54.0;4385.0;980.32;136.71;5.0;1.0;0;1.0;0;0;1.0;0;0;1.0;0;0;1.0;1.0;0;0;0;0;0
319515;3.60;0.99;58.0;2743.0;9.0;75.75;27.0;11.76;28.06;14.39;343.53;348.66;2.31;113580.0;58.0;59.0;54.0;4433.0;980.32;722.64;5.0;1.0;0;1.0;0;0;1.0;0;0;0;0;0;1.0;1.0;0;0;0;0;0
320046;0;1.00;61.0;3171.0;9.0;75.75;33.75;0;12.67;14.48;342.47;288.20;2.31;113580.0;61.0;61.0;54.0;4678.0;980.36;761.70;5.0;1.0;0;1.0;0;0;1.0;0;0;0;0;0;1.0;1.0;0;0;0;0;0
320598;1.75;1.00;61.0;2590.0;9.0;75.75;27.0;3.92;14.49;14.39;330.15;316.24;2.31;113580.0;61.0;61.0;54.0;4268.0;980.36;214.84;6.0;1.0;0;1.0;0;0;1.0;0;0;0;0;0;1.0;1.0;0;0;0;0;0
321154;1.91;1.00;62.0;2636.0;9.0;75.75;28.5;3.92;14.75;14.39;339.97;325.93;2.31;113580.0;62.0;62.0;54.0;4235.0;980.40;664.05;6.0;1.0;0;1.0;0;0;1.0;0;0;0;0;0;1.0;1.0;0;0;0;0;0
321648;1.73;1.00;63.0;2682.0;9.0;75.75;29.25;3.52;13.94;14.39;303.84;343.33;2.31;113580.0;63.0;63.0;54.0;4378.0;980.40;859.36;6.0;1.0;0;1.0;0;0;1.0;0;0;0;0;0;1.0;1.0;0;0;0;0;0
322155;1.45;0.98;63.0;2711.0;9.0;75.75;29.25;2.74;12.01;14.39;247.87;281.60;2.31;113580.0;64.0;64.0;54.0;4470.0;980.40;859.36;6.0;1.0;0;1.0;0;0;1.0;0;0;0;0;0;1.0;1.0;0;0;0;0;0
322711;1.01;0.97;63.0;2749.0;9.0;75.75;30.0;1.96;8.98;14.48;189.61;317.69;2.31;113580.0;64.0;63.0;54.0;4517.0;980.40;839.83;6.0;1.0;0;1.0;0;0;1.0;0;0;0;0;0;1.0;1.0;0;0;0;0;0
323262;0.74;1.00;63.0;2687.0;9.0;75.75;23.25;0;13.45;14.48;232.28;308.06;2.31;113580.0;64.0;63.0;54.0;4537.0;980.40;820.30;6.0;1.0;0;1.0;0;0;1.0;0;0;0;0;0;1.0;1.0;0;0;0;0;0
323761;2.13;1.00;63.0;2683.0;9.0;75.75;3.75;4.31;9.40;14.39;294.70;339.17;2.31;113580.0;63.0;63.0;54.0;4516.0;980.59;839.83;6.0;1.0;0;1.0;0;0;1.0;0;0;0;0;0;1.0;1.0;0;0;0;0;0
324350;0.73;1.00;62.0;2654.0;9.0;75.75;23.25;0;13.47;14.48;320.91;350.73;2.31;113580.0;63.0;63.0;54.0;4521.0;980.55;742.17;6.0;1.0;0;1.0;0;0;1.0;0;0;0;0;0;1.0;1.0;0;0;0;0;0
324917;0.77;1.00;60.0;2552.0;9.0;75.75;22.5;0;13.39;14.48;315.15;354.31;2.31;113580.0;60.0;59.0;54.0;4482.0;980.71;761.70;6.0;1.0;0;1.0;0;0;1.0;0;0;0;0;0;1.0;1.0;0;0;0;0;0
325462;0.87;1.00;56.0;2379.0;9.0;75.75;16.5;0;13.34;14.48;303.33;340.01;2.31;113580.0;57.0;56.0;62.0;4493.0;980.83;703.11;6.0;1.0;0;1.0;0;0;1.0;0;0;1.0;0;0;1.0;1.0;0;0;0;0;0
326062;0.89;1.00;53.0;2253.0;9.0;75.75;15.75;0;13.32;14.39;223.73;324.47;2.31;113580.0;54.0;53.0;50.0;4506.0;980.95;136.71;6.0;1.0;0;1.0;0;0;1.0;0;0;1.0;0;0;1.0;1.0;0;0;0;0;0
326571;3.16;1.00;52.0;2309.0;9.0;75.75;-6.75;7.05;12.11;14.39;208.65;203.87;2.31;113580.0;53.0;53.0;54.0;4543.0;981.18;839.83;6.0;1.0;0;1.0;0;0;1.0;0;0;1.0;0;0;1.0;1.0;0;0;0;0;0
327110;2.97;0.97;55.0;2337.0;9.0;75.75;6.0;7.05;18.17;14.48;203.54;202.76;2.31;113580.0;54.0;55.0;54.0;4502.0;981.30;800.77;6.0;1.0;0;1.0;0;0;1.0;0;0;1.0;0;0;1.0;1.0;0;0;0;0;0
327665;2.83;0.94;56.0;2380.0;9.0;75.75;20.25;7.05;22.49;14.48;179.38;226.68;2.31;113580.0;56.0;56.0;54.0;4489.0;981.41;58.59;6.0;1.0;0;1.0;0;0;1.0;0;0;1.0;0;0;1.0;1.0;0;0;0;0;0
328219;2.87;0.98;57.0;2452.0;9.0;75.75;24.75;7.05;23.01;14.29;157.56;275.37;2.58;113580.0;58.0;58.0;54.0;4485.0;981.45;703.11;6.0;1.0;0;1.0;0;0;1.0;0;0;1.0;0;0;1.0;1.0;0;0;0;0;0
328808;2.48;0.95;60.0;2533.0;9.0;75.75;25.5;5.88;20.47;14.29;160.10;275.02;2.58;113580.0;59.0;60.0;54.0;4509.0;981.49;136.71;6.0;1.0;0;1.0;0;0;1.0;0;0;0;0;0;1.0;1.0;0;0;0;0;0
329301;1.24;1.00;60.0;2548.0;9.0;75.75;26.25;1.96;10.44;14.39;256.93;266.29;2.31;113581.0;60.0;60.0;54.0;4522.0;981.53;859.36;6.0;1.0;0;1.0;0;0;1.0;0;0;0;0;0;1.0;1.0;0;0;0;0;0
329822;0.84;1.00;60.0;2506.0;9.0;75.75;22.5;0;13.43;14.48;294.98;309.90;2.31;113581.0;60.0;59.0;54.0;4499.0;981.57;839.83;6.0;1.0;0;1.0;0;0;1.0;0;0;0;0;0;1.0;1.0;0;0;0;0;0
330360;2.13;1.00;58.0;2668.0;9.0;75.75;23.25;4.70;15.45;14.39;325.97;326.65;2.31;113581.0;59.0;59.0;54.0;4524.0;981.57;820.30;6.0;1.0;0;1.0;0;0;1.0;0;0;0;0;0;1.0;1.0;0;0;0;0;0
330862;3.44;1.00;61.0;2579.0;9.0;76.5;26.25;10.58;25.55;14.39;330.11;340.01;2.31;113581.0;60.0;61.0;53.0;4488.0;981.57;820.30;6.0;1.0;0;1.0;0;0;1.0;0;0;0;0;0;1.0;1.0;0;0;0;0;0
331384;3.77;0.99;63.0;2717.0;9.0;76.5;25.5;14.51;28.83;14.48;192.64;201.51;2.31;113581.0;63.0;64.0;53.0;4411.0;981.61;605.46;6.0;1.0;0;1.0;0;0;1.0;0;0;0;0;0;1.0;1.0;0;0;0;0;0
331925;3.72;0.98;66.0;2830.0;9.0;76.5;26.25;15.29;29.12;14.39;92.08;106.36;2.31;113581.0;66.0;67.0;53.0;4440.0;981.61;117.18;6.0;1.0;0;1.0;0;0;1.0;0;0;0;0;0;1.0;1.0;0;0;0;0;0
332422;3.81;1.03;68.0;2948.0;9.0;76.5;27.0;14.90;28.76;14.48;48.86;56.42;2.31;113581.0;69.0;69.0;53.0;4474.0;981.61;800.77;6.0;1.0;0;1.0;0;0;1.0;0;0;0;0;0;1.0;1.0;0;0;0;0;0
332944;3.24;1.00;72.0;3044.0;9.0;76.5;30.0;11.76;26.05;14.48;25.89;28.35;2.31;113581.0;71.0;72.0;53.0;4539.0;981.69;820.30;6.0;1.0;0;1.0;0;0;1.0;0;0;0;0;0;1.0;1.0;0;0;0;0;0
333532;2.24;1.00;73.0;3121.0;9.0;76.5;35.25;6.27;18.74;14.48;14.43;14.97;2.31;113581.0;73.0;74.0;53.0;4549.0;981.65;839.83;6.0;1.0;0;1.0;0;0;1.0;0;0;0;0;0;1.0;1.0;0;0;0;0;0
334089;1.56;0.98;73.0;3137.0;9.0;76.5;36.0;3.92;13.27;14.39;6.13;8.14;2.31;113581.0;74.0;74.0;53.0;4541.0;981.80;839.83;6.0;1.0;0;1.0;0;0;1.0;0;0;0;0;0;1.0;1.0;0;0;0;0;0
334634;0.67;0.99;75.0;3205.0;9.0;76.5;36.75;0.78;5.93;14.48;2.53;3.37;2.31;113581.0;75.0;74.0;53.0;4544.0;981.88;839.83;6.0;1.0;0;1.0;0;0;1.0;0;0;0;0;0;1.0;1.0;0;0;0;0;0
335131;0.66;1.00;73.0;3114.0;9.0;76.5;-30.0;0;0;14.58;1.19;3.51;2.31;113581.0;74.0;73.0;53.0;4542.0;981.96;683.58;6.0;1.0;0;1.0;0;0;1.0;0;0;0;0;0;1.0;1.0;0;0;0;0;0
335645;0.67;1.00;73.0;3069.0;9.0;76.5;-30.0;0;0;14.48;2.77;1.69;2.31;113581.0;73.0;72.0;53.0;4557.0;982.00;0;6.0;1.0;0;1.0;0;0;1.0;0;0;0;0;0;1.0;1.0;0;0;0;0;0
336176;0.68;1.00;71.0;3025.0;9.0;76.5;-30.0;0;0;14.58;1.30;2.01;2.31;113581.0;72.0;71.0;53.0;4567.0;982.12;0;6.0;1.0;0;1.0;0;0;1.0;0;0;0;0;0;1.0;1.0;0;0;0;0;0
336712;0.68;1.00;71.0;2988.0;9.0;76.5;-30.0;0;0;14.39;0.48;0.82;2.31;113581.0;71.0;70.0;53.0;4565.0;982.31;0;6.0;1.0;0;1.0;0;0;1.0;0;0;0;0;0;1.0;1.0;0;0;0;0;0
337225;0.68;1.00;68.0;2911.0;9.0;76.5;-30.0;0;0;14.48;0.17;0.33;2.31;113581.0;69.0;69.0;53.0;4549.0;982.31;0;6.0;1.0;0;1.0;0;0;1.0;0;0;0;0;0;1.0;1.0;0;0;0;0;0
337722;0.70;1.00;68.0;2892.0;9.0;76.5;-30.0;0;0;14.39;0;1.79;2.31;113581.0;69.0;68.0;53.0;4530.0;982.47;0;6.0;1.0;0;1.0;0;0;1.0;0;0;0;0;0;1.0;1.0;0;0;0;0;0
338229;0.72;1.00;67.0;2854.0;9.0;76.5;-30.0;0;0;14.48;0;0.87;2.31;113581.0;68.0;67.0;53.0;4519.0;982.47;0;6.0;1.0;0;1.0;0;0;1.0;0;0;0;0;0;1.0;1.0;0;0;0;0;0
338729;0.72;1.00;67.0;2826.0;9.0;76.5;-30.0;0;0;14.29;0;0.35;2.58;113581.0;68.0;67.0;53.0;4517.0;982.59;0;6.0;1.0;0;1.0;0;0;1.0;0;0;0;0;0;1.0;1.0;0;0;0;0;0
339226;0.72;1.00;65.0;2782.0;9.0;76.5;-30.0;0;0;14.48;0;2.03;2.31;113581.0;65.0;65.0;53.0;4528.0;982.66;0;6.0;1.0;0;1.0;0;0;1.0;0;0;0;0;0;1.0;1.0;0;0;0;0;0
339731;0.73;1.00;63.0;2698.0;9.0;77.25;-30.0;0;0;14.48;0;2.57;2.31;113581.0;64.0;63.0;53.0;4614.0;982.70;19.53;6.0;1.0;0;1.0;0;0;1.0;0;0;0;0;0;1.0;1.0;0;0;0;0;0
340239;1.29;1.00;60.0;2534.0;9.0;77.25;3.0;0;8.92;14.39;0;1.34;2.31;113581.0;60.0;60.0;53.0;4570.0;982.74;19.53;6.0;1.0;0;1.0;0;0;1.0;0;0;0;0;0;1.0;1.0;0;0;0;0;0
340795;0.88;1.00;57.0;2454.0;9.0;77.25;16.5;0;13.21;14.48;2.08;2.92;2.31;113581.0;58.0;58.0;60.0;4200.0;982.78;39.06;6.0;1.0;0;1.0;0;0;1.0;0;0;0;0;0;1.0;1.0;0;0;0;0;0
341291;0.89;1.00;56.0;2366.0;9.0;77.25;16.5;0;13.18;14.39;17.73;12.40;2.31;113581.0;57.0;56.0;61.0;4303.0;982.82;78.12;6.0;1.0;0;1.0;0;0;1.0;0;0;1.0;0;0;1.0;1.0;0;0;0;0;0
341812;0.87;1.00;55.0;2352.0;9.0;77.25;16.5;0;13.15;14.29;12.63;9.27;2.58;113581.0;56.0;55.0;48.0;4439.0;982.82;58.59;6.0;1.0;0;1.0;0;0;1.0;0;0;1.0;0;0;1.0;1.0;0;0;0;0;0
342418;0.87;1.00;55.0;2321.0;9.0;77.25;15.75;0;13.18;14.20;8.84;5.40;2.58;113581.0;55.0;55.0;48.0;4492.0;983.05;39.06;6.0;1.0;0;1.0;0;0;1.0;0;0;1.0;0;0;1.0;1.0;0;0;0;0;0
343008;3.16;1.00;53.0;2352.0;9.0;77.25;-6.0;6.27;11.24;14.29;4.88;4.58;2.58;113581.0;54.0;54.0;53.0;4528.0;983.41;917.95;6.0;1.0;0;1.0;0;0;1.0;0;0;1.0;0;0;1.0;1.0;0;0;0;0;0
343540;2.91;0.97;55.0;2356.0;9.0;77.25;6.0;6.66;17.70;14.48;2.51;2.48;2.31;113581.0;55.0;55.0;53.0;4517.0;983.64;878.89;6.0;1.0;0;1.0;0;0;1.0;0;0;1.0;0;0;1.0;1.0;0;0;0;0;0
344060;2.72;0.94;56.0;2399.0;9.0;77.25;18.75;6.66;21.22;14.20;1.42;1.38;2.58;113581.0;56.0;57.0;53.0;4499.0;983.72;761.70;6.0;1.0;0;1.0;0;0;1.0;0;0;1.0;0;0;1.0;1.0;0;0;0;0;0
344562;1.95;0.94;57.0;2470.0;9.0;77.25;24.75;3.92;17.14;14.48;0.66;0.68;2.31;113581.0;58.0;58.0;53.0;4486.0;983.84;39.06;6.0;1.0;0;1.0;0;0;1.0;0;0;1.0;0;0;1.0;1.0;0;0;0;0;0
345115;0.80;1.00;57.0;2446.0;9.0;77.25;16.5;0;13.24;14.48;2.51;2.65;2.31;113581.0;58.0;58.0;49.0;4494.0;983.91;800.77;6.0;1.0;0;1.0;0;0;1.0;0;0;1.0;0;0;1.0;1.0;0;0;0;0;0
345704;0.85;1.00;57.0;2441.0;9.0;77.25;15.75;0;13.20;14.48;98.31;13.18;2.31;113581.0;58.0;57.0;50.0;4521.0;983.99;78.12;6.0;1.0;0;1.0;0;0;1.0;0;0;1.0;0;0;1.0;1.0;0;0;0;0;0
346255;0.84;1.00;56.0;2397.0;9.0;77.25;17.25;0;13.14;14.39;52.14;23.27;2.31;113581.0;57.0;56.0;49.0;4522.0;984.03;39.06;6.0;1.0;0;1.0;0;0;1.0;0;0;1.0;0;0;1.0;1.0;0;0;0;0;0
346754;0.87;1.00;55.0;2325.0;9.0;77.25;15.75;0;13.23;14.39;27.65;14.53;2.31;113581.0;55.0;55.0;48.0;4519.0;984.03;39.06;6.0;1.0;0;1.0;0;0;1.0;0;0;1.0;0;0;1.0;1.0;0;0;0;0;0
347315;0.88;1.00;53.0;2259.0;9.0;77.25;15.75;0;13.22;14.39;25.29;11.77;2.31;113581.0;53.0;53.0;48.0;4517.0;984.07;39.06;6.0;1.0;0;1.0;0;0;1.0;0;0;1.0;0;0;1.0;1.0;0;0;0;0;0
347812;0.92;1.00;51.0;2168.0;9.0;77.25;15.0;0;13.18;14.20;18.12;14.19;2.58;113581.0;51.0;51.0;49.0;4515.0;984.07;39.06;6.0;1.0;0;1.0;0;0;1.0;0;0;1.0;0;0;1.0;1.0;0;0;0;0;0
348315;0.95;1.00;48.0;2031.0;9.0;77.25;15.75;0;13.22;14.48;14.17;42.63;2.31;113581.0;48.0;48.0;47.0;4505.0;984.11;58.59;6.0;1.0;0;1.0;0;0;1.0;0;0;1.0;0;0;1.0;1.0;0;0;0;0;0
348831;1.0;1.00;46.0;1965.0;9.0;77.25;14.25;0;13.23;14.58;22.45;84.15;2.31;113581.0;46.0;46.0;48.0;4514.0;984.11;78.12;6.0;1.0;0;1.0;0;0;1.0;0;0;1.0;0;0;1.0;1.0;0;0;0;0;0
349364;1.01;1.00;43.0;1874.0;9.75;77.25;15.75;0;13.24;14.29;18.70;77.35;2.58;113581.0;44.0;44.0;48.0;4502.0;984.11;58.59;6.0;1.0;0;1.0;0;0;1.0;0;0;1.0;0;0;1.0;1.0;0;0;0;0;0
349875;1.03;1.00;43.0;1868.0;9.75;77.25;15.0;0;13.19;14.48;13.10;49.46;2.31;113581.0;43.0;44.0;48.0;4491.0;984.11;136.71;6.0;1.0;0;1.0;0;0;1.0;0;0;1.0;0;0;1.0;1.0;0;0;1.0;0;0
350371;1.37;1.00;42.0;1336.0;9.75;77.25;15.0;0;13.06;14.39;15.17;36.05;2.31;113581.0;43.0;42.0;48.0;4499.0;984.11;566.39;5.0;1.0;0;1.0;0;0;1.0;0;0;1.0;0;0;1.0;1.0;0;0;0;0;0
350891;1.23;0.99;41.0;1633.0;9.75;77.25;12.75;0.39;10.21;14.48;10.44;24.90;2.31;113581.0;41.0;41.0;53.0;4491.0;984.11;878.89;5.0;1.0;0;1.0;0;0;1.0;0;0;1.0;0;0;1.0;1.0;0;0;0;0;0
351384;0.96;1.00;41.0;2070.0;9.75;77.25;14.25;0;13.27;14.39;9.14;18.98;2.31;113581.0;41.0;40.0;49.0;4554.0;984.15;839.83;4.0;1.0;0;1.0;0;0;1.0;0;0;1.0;0;0;1.0;1.0;0;0;0;0;0
351905;1.04;1.00;36.0;1859.0;9.75;77.25;15.0;0;13.16;14.48;8.14;18.53;2.31;113581.0;36.0;35.0;48.0;4451.0;984.23;937.48;4.0;1.0;0;1.0;0;0;1.0;0;0;1.0;0;0;1.0;1.0;0;0;0;0;0
352437;0.92;1.00;33.0;2020.0;9.75;77.25;15.0;0;13.30;14.48;12.53;16.30;2.31;113581.0;33.0;33.0;49.0;4513.0;984.50;78.12;3.0;1.0;0;1.0;0;0;1.0;0;0;1.0;0;0;1.0;1.0;0;0;0;0;0
352994;1.01;1.00;30.0;1891.0;9.75;77.25;15.0;0;13.12;14.39;8.16;14.13;2.31;113581.0;30.0;30.0;48.0;4480.0;984.66;39.06;3.0;1.0;0;1.0;0;0;1.0;0;0;1.0;0;0;1.0;1.0;0;0;0;0;0
353499;1.13;1.00;27.0;1707.0;9.75;77.25;15.0;0;13.15;14.48;6.52;12.73;2.31;113581.0;27.0;27.0;48.0;4489.0;984.89;136.71;3.0;1.0;0;1.0;0;0;1.0;0;0;1.0;0;0;1.0;1.0;0;0;0;0;0
353997;1.26;1.00;25.0;1520.0;9.75;77.25;14.25;0;13.23;14.48;6.46;14.82;2.31;113581.0;24.0;25.0;48.0;4496.0;985.01;878.89;3.0;1.0;0;1.0;1.0;0;1.0;0;0;1.0;0;0;1.0;1.0;0;0;1.0;0;0
354554;1.34;0.99;22.0;1318.0;9.75;77.25;15.0;0;13.02;14.48;4.66;12.87;2.31;113581.0;23.0;23.0;48.0;4509.0;985.12;839.83;2.0;1.0;0;1.0;0;0;1.0;0;0;1.0;0;0;1.0;1.0;0;0;0;0;0
355059;1.08;0.97;22.0;1727.0;9.75;77.25;15.75;0;13.25;14.58;5.07;10.09;2.31;113581.0;22.0;22.0;48.0;4515.0;985.16;800.77;2.0;1.0;0;1.0;0;0;1.0;0;0;1.0;0;0;0;1.0;0;0;0;0;0
355556;1.09;0.96;22.0;1736.0;9.75;77.25;15.0;0;13.14;14.48;7.18;6.91;2.31;113581.0;22.0;21.0;48.0;4492.0;985.16;839.83;2.0;1.0;0;1.0;0;0;1.0;0;0;1.0;0;0;1.0;1.0;0;0;0;0;0
356116;1.45;0.94;21.0;1754.0;9.75;77.25;12.75;1.17;11.39;14.58;4.92;6.44;2.31;113581.0;21.0;21.0;53.0;4532.0;985.20;156.24;2.0;1.0;0;1.0;0;0;1.0;0;0;1.0;0;0;1.0;1.0;0;0;0;0;0
356615;1.52;0.95;21.0;1714.0;9.75;77.25;13.5;1.17;11.80;14.58;3.35;4.39;2.31;113581.0;22.0;22.0;53.0;4505.0;985.24;39.06;2.0;1.0;0;1.0;0;0;1.0;0;0;1.0;0;0;1.0;1.0;0;0;0;0;0
357170;1.63;0.96;22.0;1705.0;9.75;77.25;13.5;1.56;11.89;14.58;4.37;2.98;2.31;113581.0;22.0;22.0;53.0;4517.0;985.24;39.06;2.0;1.0;0;1.0;0;0;1.0;0;0;1.0;0;0;1.0;1.0;0;0;0;0;0
357671;1.85;0.98;21.0;1757.0;9.75;77.25;14.25;1.96;13.83;14.48;2.81;1.79;2.31;113581.0;22.0;22.0;53.0;4525.0;985.28;58.59;2.0;1.0;0;1.0;0;0;1.0;0;0;1.0;0;0;1.0;1.0;0;0;0;0;0
358169;1.56;1.00;22.0;1818.0;9.75;77.25;15.0;1.17;12.84;14.29;1.79;2.89;2.58;113581.0;23.0;23.0;53.0;4519.0;985.28;58.59;2.0;1.0;0;1.0;0;0;1.0;0;0;1.0;0;0;1.0;1.0;0;0;0;0;0
358719;3.13;1.01;22.0;1456.0;9.75;77.25;12.75;2.74;14.94;14.29;5.21;34.07;2.58;113581.0;23.0;23.0;54.0;4507.0;985.32;917.95;2.0;1.0;0;1.0;0;0;1.0;0;0;1.0;0;0;1.0;1.0;0;0;0;0;0
359275;2.22;0.98;23.0;2170.0;9.75;77.25;20.25;3.52;16.99;14.39;4.96;21.15;2.31;113581.0;24.0;24.0;53.0;4540.0;985.32;878.89;2.0;1.0;0;1.0;0;0;1.0;0;0;1.0;0;0;1.0;1.0;0;0;0;0;0
359830;1.84;0.96;25.0;1974.0;9.75;77.25;17.25;2.35;14.24;14.48;2.85;12.42;2.31;113581.0;25.0;25.0;53.0;4511.0;985.32;820.30;2.0;1.0;0;1.0;0;0;1.0;0;0;1.0;0;0;1.0;1.0;0;0;0;0;0
360325;1.76;0.95;26.0;2066.0;9.75;77.25;18.75;2.35;13.98;14.39;1.69;8.55;2.31;113581.0;26.0;26.0;53.0;4502.0;985.32;683.58;2.0;1.0;0;1.0;0;0;1.0;0;0;1.0;0;0;1.0;1.0;0;0;0;0;0
360847;1.81;0.95;26.0;2059.0;9.75;77.25;18.75;2.74;14.44;14.48;1.05;5.21;2.31;113581.0;26.0;26.0;53.0;4503.0;985.32;58.59;2.0;1.0;0;1.0;0;0;1.0;0;0;1.0;0;0;1.0;1.0;0;0;0;0;0
361395;2.35;0.96;27.0;2111.0;9.75;77.25;19.5;4.31;17.58;14.39;0.50;3.00;2.31;113581.0;27.0;27.0;53.0;4518.0;985.32;58.59;2.0;1.0;0;1.0;0;0;1.0;0;0;1.0;0;0;1.0;1.0;0;0;0;0;0
361894;2.99;1.00;30.0;2342.0;9.75;77.25;22.5;6.66;22.79;14.48;0.25;1.79;2.31;113581.0;30.0;30.0;53.0;4514.0;985.32;898.42;2.0;1.0;0;1.0;0;0;1.0;0;0;1.0;0;0;1.0;1.0;0;0;0;0;0
362391;3.13;0.97;33.0;2624.0;9.75;77.25;27.0;9.02;25.07;14.48;0.05;0.93;2.31;113581.0;33.0;34.0;53.0;4449.0;985.32;859.36;2.0;1.0;0;1.0;0;0;1.0;0;0;1.0;0;0;1.0;1.0;0;0;0;0;0
362893;2.76;0.93;36.0;2851.0;9.75;77.25;30.75;7.84;23.38;14.48;0;0.42;2.31;113581.0;36.0;37.0;53.0;4449.0;985.32;742.17;2.0;1.0;0;1.0;0;0;1.0;0;0;1.0;0;0;1.0;1.0;0;0;0;0;0
363414;2.23;0.89;38.0;3012.0;9.75;77.25;34.5;6.27;20.33;14.29;1.38;0.15;2.58;113581.0;38.0;39.0;53.0;4501.0;985.32;781.24;2.0;1.0;0;1.0;0;0;1.0;0;0;1.0;0;0;1.0;1.0;0;0;0;0;0
363955;1.39;1.00;40.0;2414.0;9.75;77.25;3.0;0;9.02;14.48;0.60;0;2.31;113581.0;40.0;40.0;54.0;4561.0;985.32;19.53;3.0;1.0;0;1.0;0;0;1.0;0;0;1.0;0;0;1.0;1.0;0;0;0;0;0
364452;1.48;1.00;38.0;2403.0;9.75;77.25;24.0;1.96;11.26;14.29;1.79;0;2.58;113581.0;39.0;39.0;53.0;4209.0;985.32;859.36;3.0;1.0;0;1.0;0;0;1.0;0;0;1.0;0;0;1.0;1.0;0;0;0;0;0
364974;2.36;0.99;40.0;2485.0;9.75;77.25;25.5;4.31;17.76;14.48;0.93;1.97;2.31;113581.0;40.0;40.0;53.0;4295.0;985.32;859.36;3.0;1.0;0;1.0;0;0;1.0;0;0;1.0;0;0;1.0;1.0;0;0;0;0;0
365513;2.26;0.97;41.0;2535.0;9.75;77.25;26.25;4.70;17.81;14.39;0.46;1.07;2.31;113581.0;41.0;41.0;53.0;4442.0;985.32;839.83;3.0;1.0;0;1.0;0;0;1.0;0;0;1.0;0;0;1.0;1.0;0;0;0;0;0
366091;2.48;0.94;42.0;2633.0;9.75;77.25;27.75;6.27;20.76;14.29;1.56;2.75;2.58;113581.0;43.0;43.0;53.0;4461.0;985.32;683.58;3.0;1.0;0;1.0;0;0;1.0;0;0;1.0;0;0;1.0;1.0;0;0;0;0;0
366641;2.32;0.93;45.0;2746.0;9.75;77.25;30.0;5.88;20.17;14.48;0.68;1.21;2.31;113581.0;45.0;45.0;53.0;4495.0;985.32;117.18;3.0;1.0;0;1.0;0;0;1.0;0;0;1.0;0;0;1.0;1.0;0;0;0;0;0
367196;2.38;0.96;46.0;2850.0;9.75;77.25;31.5;5.88;19.80;14.48;1.91;0.48;2.31;113581.0;46.0;47.0;53.0;4474.0;985.32;820.30;3.0;1.0;0;1.0;0;0;1.0;0;0;1.0;0;0;1.0;1.0;0;0;0;0;0
367703;2.16;0.92;47.0;2930.0;9.75;77.25;33.0;5.49;18.76;14.29;0.93;0.19;2.58;113581.0;48.0;48.0;53.0;4498.0;985.32;839.83;3.0;1.0;0;1.0;0;0;1.0;0;0;1.0;0;0;1.0;1.0;0;0;0;0;0
368201;1.80;0.89;48.0;2999.0;9.75;77.25;33.75;4.31;16.15;14.29;2.61;1.89;2.58;113581.0;49.0;49.0;53.0;4510.0;985.32;839.83;3.0;1.0;0;1.0;0;0;1.0;0;0;1.0;0;0;1.0;1.0;0;0;0;0;0
368699;1.52;0.87;50.0;3046.0;9.75;77.25;34.5;3.52;13.93;14.39;4.58;3.74;2.31;113581.0;49.0;50.0;53.0;4524.0;985.32;800.77;3.0;1.0;0;1.0;0;0;1.0;0;0;1.0;0;0;1.0;1.0;0;0;0;0;0
369204;1.48;0.85;50.0;3082.0;9.75;77.25;35.25;3.52;13.90;14.48;2.20;1.91;2.31;113581.0;50.0;50.0;53.0;4521.0;985.32;800.77;3.0;1.0;0;1.0;0;0;1.0;0;0;1.0;0;0;1.0;1.0;0;0;0;0;0
369725;1.44;0.86;51.0;3141.0;9.75;77.25;36.0;3.52;13.37;14.39;1.01;0.87;2.31;113581.0;51.0;51.0;53.0;4514.0;985.32;175.77;3.0;1.0;0;1.0;0;0;1.0;0;0;1.0;0;0;1.0;1.0;0;0;0;0;0
370228;1.43;0.88;51.0;3143.0;9.75;77.25;36.0;3.52;13.38;14.39;0.41;0.33;2.31;113581.0;51.0;51.0;53.0;4515.0;985.32;664.05;3.0;1.0;0;1.0;0;0;1.0;0;0;1.0;0;0;1.0;1.0;0;0;0;0;0
370831;1.07;0.86;51.0;3157.0;9.75;78.0;36.0;1.96;10.45;14.39;1.75;0.07;2.31;113581.0;52.0;51.0;53.0;4541.0;985.32;820.30;3.0;1.0;0;1.0;0;0;1.0;0;0;1.0;0;0;1.0;1.0;0;0;0;0;0
371383;0.67;1.00;50.0;3037.0;9.75;78.0;-30.0;0;0;14.39;0.68;1.15;2.31;113581.0;50.0;50.0;53.0;4570.0;985.32;0;3.0;1.0;0;1.0;0;0;1.0;0;0;1.0;0;0;1.0;1.0;0;0;0;0;0
371901;0.68;1.00;48.0;2910.0;9.75;78.0;-30.0;0;0;14.39;0.23;0.44;2.31;113581.0;48.0;48.0;53.0;4560.0;985.32;0;3.0;1.0;0;1.0;0;0;1.0;0;0;1.0;0;0;1.0;1.0;0;0;0;0;0
372393;2.56;1.00;47.0;2881.0;9.75;78.0;4.5;5.49;12.93;14.11;0;2.07;2.58;113581.0;47.0;47.0;53.0;4190.0;985.40;800.77;3.0;1.0;0;1.0;0;0;1.0;0;0;1.0;0;0;1.0;1.0;0;0;0;0;0
372909;2.04;0.98;47.0;2908.0;9.75;78.0;13.5;4.31;12.54;14.20;0;1.01;2.58;113581.0;47.0;47.0;53.0;4286.0;985.36;800.77;3.0;1.0;0;1.0;0;0;1.0;0;0;1.0;0;0;1.0;1.0;0;0;0;0;0
373408;1.69;1.00;47.0;2222.0;9.75;78.0;3.0;0;10.65;14.39;0;0.44;2.31;113581.0;47.0;47.0;63.0;4340.0;985.36;605.46;4.0;1.0;0;1.0;0;0;1.0;0;0;1.0;0;0;1.0;1.0;0;0;0;0;0
373965;1.12;1.00;46.0;2376.0;9.75;78.0;24.0;0.78;8.55;14.39;7.16;4.23;2.31;113581.0;46.0;46.0;53.0;4246.0;985.36;839.83;4.0;1.0;0;1.0;0;0;1.0;0;0;1.0;0;0;1.0;1.0;0;0;0;0;0
374474;1.11;1.00;45.0;2367.0;9.75;78.0;23.25;0.78;8.48;14.39;3.73;2.14;2.31;113581.0;45.0;45.0;53.0;4363.0;985.36;859.36;4.0;1.0;0;1.0;0;0;1.0;0;0;1.0;0;0;1.0;1.0;0;0;0;0;0
375065;1.26;0.98;45.0;2339.0;9.75;78.0;22.5;1.17;9.83;14.48;2.24;2.98;2.31;113581.0;44.0;45.0;53.0;4492.0;985.36;839.83;4.0;1.0;0;1.0;0;0;1.0;0;0;1.0;0;0;1.0;1.0;0;0;0;0;0
375570;1.61;0.96;45.0;2337.0;9.75;78.0;23.25;2.35;13.28;14.39;1.11;1.50;2.31;113581.0;45.0;45.0;53.0;4506.0;985.44;820.30;4.0;1.0;0;1.0;0;0;1.0;0;0;1.0;0;0;1.0;1.0;0;0;0;0;0
376067;1.69;0.95;45.0;2324.0;9.75;78.0;22.5;2.74;13.99;14.39;0.58;0.87;2.31;113581.0;45.0;45.0;53.0;4516.0;985.44;800.77;4.0;1.0;0;1.0;0;0;1.0;0;0;1.0;0;0;1.0;1.0;0;0;0;0;0
376639;2.00;0.93;45.0;2340.0;9.75;78.0;23.25;3.92;16.86;14.48;0.29;2.65;2.31;113581.0;45.0;45.0;53.0;4503.0;985.48;19.53;4.0;1.0;0;1.0;0;0;1.0;0;0;1.0;0;0;1.0;1.0;0;0;0;0;0
377160;2.02;0.95;46.0;2383.0;9.75;78.0;23.25;3.92;16.56;14.39;0.05;1.34;2.31;113581.0;46.0;46.0;53.0;4526.0;985.44;214.84;4.0;1.0;0;1.0;0;0;1.0;0;0;1.0;0;0;1.0;1.0;0;0;0;0;0
377659;2.61;0.98;47.0;2468.0;9.75;78.0;24.75;5.49;20.48;14.39;0;0.70;2.31;113581.0;46.0;47.0;53.0;4479.0;985.40;820.30;4.0;1.0;0;1.0;0;0;1.0;0;0;1.0;0;0;1.0;1.0;0;0;0;0;0
378175;2.02;0.96;47.0;2478.0;9.75;78.75;24.75;3.92;16.50;14.39;0;2.14;2.31;113581.0;47.0;47.0;52.0;4510.0;985.40;800.77;4.0;1.0;0;1.0;0;0;1.0;0;0;1.0;0;0;1.0;1.0;0;0;0;0;0
378708;1.56;0.94;47.0;2498.0;9.75;78.75;25.5;2.74;13.55;14.39;0;1.11;2.31;113581.0;48.0;48.0;52.0;4501.0;985.40;820.30;4.0;1.0;0;1.0;0;0;1.0;0;0;1.0;0;0;1.0;1.0;0;0;0;0;0
379221;1.23;0.92;47.0;2472.0;9.75;78.75;24.75;1.96;11.02;14.48;0;0.58;2.31;113581.0;47.0;48.0;52.0;4507.0;985.48;820.30;4.0;1.0;0;1.0;0;0;1.0;0;0;1.0;0;0;1.0;1.0;0;0;0;0;0
379720;0.94;0.90;46.0;2426.0;9.75;78.75;24.0;1.17;8.80;14.48;0;2.49;2.31;113581.0;47.0;47.0;52.0;4505.0;985.44;820.30;4.0;1.0;0;1.0;0;0;1.0;0;0;1.0;0;0;1.0;1.0;0;0;0;0;0
380240;0.84;1.00;46.0;2367.0;9.75;78.75;16.5;0;13.07;14.48;2.34;2.87;2.31;113581.0;46.0;45.0;48.0;4505.0;985.40;781.24;4.0;1.0;0;1.0;0;0;1.0;0;0;1.0;0;0;1.0;1.0;0;0;0;0;0
380783;0.86;1.00;45.0;2288.0;9.75;78.75;16.5;0;13.04;14.48;1.23;2.89;2.31;113581.0;45.0;44.0;48.0;4518.0;985.40;0;4.0;1.0;0;1.0;0;0;1.0;0;0;1.0;0;0;1.0;1.0;0;0;0;0;0
381320;0.87;1.00;42.0;2227.0;9.75;78.75;15.75;0;13.08;14.39;0.64;1.71;2.31;113581.0;43.0;42.0;48.0;4518.0;985.48;0;4.0;1.0;0;1.0;0;0;1.0;0;0;1.0;0;0;1.0;1.0;0;0;0;0;0
381850;0.92;1.00;41.0;2111.0;9.75;78.75;14.25;0;13.03;14.39;0.33;5.05;2.31;113581.0;42.0;41.0;48.0;4510.0;985.52;0;4.0;1.0;0;1.0;0;0;1.0;0;0;1.0;0;0;1.0;1.0;0;0;0;0;0
382371;1.86;1.00;40.0;2120.0;9.75;78.75;9.0;2.74;11.73;14.58;13.72;4.76;2.31;113581.0;40.0;40.0;52.0;4524.0;985.52;839.83;4.0;1.0;0;1.0;0;0;1.0;0;0;1.0;0;0;1.0;1.0;0;0;0;0;0
382904;1.99;0.99;40.0;2083.0;9.75;78.75;13.5;2.74;14.24;14.48;10.17;5.15;2.31;113581.0;40.0;40.0;52.0;4532.0;985.55;800.77;4.0;1.0;0;1.0;0;0;1.0;0;0;1.0;0;0;1.0;1.0;0;0;0;0;0
383420;2.11;0.97;40.0;2108.0;9.75;78.75;19.5;3.13;16.47;14.48;7.81;3.14;2.31;113581.0;40.0;41.0;52.0;4517.0;985.48;742.17;4.0;1.0;0;1.0;0;0;1.0;0;0;1.0;0;0;1.0;1.0;0;0;0;0;0
383919;1.95;0.95;41.0;2137.0;9.75;78.75;19.5;2.74;15.60;14.39;6.81;1.89;2.31;113581.0;41.0;41.0;52.0;4505.0;985.52;761.70;4.0;1.0;0;1.0;0;0;1.0;0;0;1.0;0;0;1.0;1.0;0;0;0;0;0
384434;1.76;0.94;41.0;2160.0;9.75;78.75;20.25;2.35;14.53;14.39;4.66;1.11;2.31;113581.0;41.0;41.0;52.0;4512.0;985.63;781.24;4.0;1.0;0;1.0;0;0;1.0;0;0;1.0;0;0;1.0;1.0;0;0;0;0;0
384933;1.68;0.92;41.0;2155.0;9.75;78.75;19.5;2.35;14.04;14.48;2.53;0.54;2.31;113581.0;41.0;41.0;52.0;4497.0;985.67;97.65;4.0;1.0;0;1.0;0;0;1.0;0;0;1.0;0;0;1.0;1.0;0;0;0;0;0
385485;2.13;0.93;41.0;2170.0;9.75;78.75;20.25;3.92;17.44;14.48;1.50;0.27;2.31;113581.0;41.0;41.0;52.0;4528.0;985.63;19.53;4.0;1.0;0;1.0;0;0;1.0;0;0;1.0;0;0;1.0;1.0;0;0;0;0;0
385995;2.49;0.95;42.0;2250.0;9.75;78.75;21.0;5.09;19.94;14.39;0.87;0.09;2.31;113581.0;43.0;43.0;52.0;4508.0;985.67;371.08;4.0;1.0;0;1.0;0;0;1.0;0;0;1.0;0;0;1.0;1.0;0;0;0;0;0
386551;1.96;0.94;43.0;2296.0;9.75;79.5;22.5;3.92;17.44;14.29;0.42;0;2.58;113581.0;44.0;44.0;52.0;4512.0;985.87;19.53;4.0;1.0;0;1.0;0;0;1.0;0;0;1.0;0;0;1.0;1.0;0;0;0;0;0
387054;1.88;1.00;43.0;2311.0;9.75;79.5;22.5;2.74;14.83;14.48;0.17;1.75;2.31;113581.0;44.0;44.0;52.0;4522.0;985.83;859.36;4.0;1.0;0;1.0;0;0;1.0;0;0;1.0;0;0;1.0;1.0;0;0;0;0;0
387591;2.36;0.98;45.0;2371.0;9.75;79.5;23.25;4.70;18.69;14.29;2.20;1.01;2.58;113581.0;45.0;45.0;52.0;4509.0;985.91;800.77;4.0;1.0;0;1.0;0;0;1.0;0;0;1.0;0;0;1.0;1.0;0;0;0;0;0
388118;2.25;0.95;47.0;2440.0;9.75;79.5;24.75;5.09;18.58;14.48;1.23;0.52;2.31;113581.0;46.0;47.0;52.0;4492.0;985.79;58.59;4.0;1.0;0;1.0;0;0;1.0;0;0;1.0;0;0;1.0;1.0;0;0;0;0;0
388653;2.30;0.98;48.0;2513.0;9.75;79.5;25.5;5.09;18.53;14.39;3.63;0.19;2.31;113581.0;48.0;48.0;52.0;4492.0;985.95;566.39;4.0;1.0;0;1.0;0;0;1.0;0;0;1.0;0;0;1.0;1.0;0;0;0;0;0
389150;2.21;0.98;50.0;2587.0;9.75;79.5;27.0;5.09;18.03;14.20;1.93;1.81;2.58;113581.0;50.0;49.0;52.0;4524.0;986.02;839.83;4.0;1.0;0;1.0;0;0;1.0;0;0;1.0;0;0;1.0;1.0;0;0;0;0;0
389674;2.08;0.95;50.0;2644.0;9.75;79.5;27.75;4.70;17.49;14.39;0.99;0.93;2.31;113581.0;50.0;51.0;52.0;4519.0;986.06;683.58;4.0;1.0;0;1.0;0;0;1.0;0;0;1.0;0;0;1.0;1.0;0;0;0;0;0
390189;1.23;0.99;51.0;2510.0;9.75;79.5;25.5;1.56;10.10;14.39;0.46;0.42;2.31;113581.0;51.0;51.0;52.0;4545.0;986.06;859.36;4.0;1.0;0;1.0;0;0;1.0;0;0;1.0;0;0;1.0;1.0;0;0;0;0;0
390708;0.81;1.00;50.0;2596.0;9.75;79.5;14.25;0;13.04;14.48;0.19;0.17;2.31;113581.0;50.0;50.0;52.0;4510.0;986.14;722.64;4.0;1.0;0;1.0;0;0;1.0;0;0;1.0;0;0;1.0;1.0;0;0;0;0;0
391205;0.84;1.00;50.0;2541.0;9.75;79.5;14.25;0;12.97;14.39;0;0;2.31;113581.0;50.0;49.0;52.0;4505.0;986.14;624.99;4.0;1.0;0;1.0;0;0;1.0;0;0;1.0;0;0;1.0;1.0;0;0;0;0;0
391704;2.14;1.00;48.0;2537.0;9.75;79.5;5.25;3.52;10.78;14.39;0;1.56;2.31;113581.0;49.0;49.0;52.0;4516.0;986.10;839.83;4.0;1.0;0;1.0;0;0;1.0;0;0;1.0;0;0;1.0;1.0;0;0;0;0;0
392265;1.76;0.98;48.0;2566.0;9.75;79.5;9.75;3.13;10.94;14.48;0;0.78;2.31;113581.0;49.0;49.0;52.0;4505.0;986.18;820.30;4.0;1.0;0;1.0;0;0;1.0;0;0;1.0;0;0;1.0;1.0;0;0;0;0;0
392765;0.96;1.00;48.0;2538.0;9.75;79.5;39.75;0;16.30;14.48;1.97;0.31;2.31;113581.0;49.0;48.0;52.0;4500.0;986.30;800.77;4.0;1.0;0;1.0;0;0;1.0;0;0;1.0;0;0;1.0;1.0;0;0;0;0;0
393307;0.86;1.00;47.0;2478.0;9.75;79.5;15.0;0;13.07;14.58;7.94;17.77;2.31;113581.0;48.0;48.0;50.0;4494.0;986.37;644.52;4.0;1.0;0;1.0;0;0;1.0;0;0;1.0;0;0;1.0;1.0;0;0;0;0;0
393827;0.86;1.00;46.0;2416.0;9.75;79.5;16.5;0;12.95;14.39;42.63;51.28;2.31;113581.0;47.0;46.0;47.0;4520.0;986.45;117.18;4.0;1.0;0;1.0;0;0;1.0;0;0;1.0;0;0;1.0;1.0;0;0;0;0;0
394324;0.85;1.00;45.0;2376.0;9.75;79.5;17.25;0;12.95;14.48;151.90;94.21;2.31;113581.0;45.0;45.0;46.0;4518.0;986.49;19.53;4.0;1.0;0;1.0;0;0;1.0;0;0;1.0;0;0;1.0;1.0;0;0;0;0;0
394830;2.24;0.99;45.0;2449.0;9.75;79.5;3.0;4.31;11.89;14.39;100.98;100.32;2.31;113581.0;45.0;45.0;52.0;4526.0;986.49;800.77;4.0;1.0;0;1.0;0;0;1.0;0;0;1.0;0;0;1.0;1.0;0;0;0;0;0
395350;1.94;0.99;45.0;2330.0;9.75;79.5;9.0;3.13;12.32;14.48;59.58;70.56;2.31;113581.0;45.0;45.0;52.0;4516.0;986.53;820.30;4.0;1.0;0;1.0;0;0;1.0;0;0;1.0;0;0;1.0;1.0;0;0;0;0;0
395887;0.89;1.00;43.0;2270.0;9.75;79.5;15.0;0;13.07;14.39;41.34;47.34;2.31;113581.0;43.0;43.0;48.0;4516.0;986.53;800.77;4.0;1.0;0;1.0;0;0;1.0;0;0;1.0;0;0;1.0;1.0;0;0;0;0;0
396384;1.08;1.00;42.0;2167.0;9.75;79.5;39.75;0;16.01;14.48;25.66;29.41;2.31;113581.0;42.0;42.0;51.0;4523.0;986.53;781.24;4.0;1.0;0;1.0;0;0;1.0;0;0;1.0;0;0;1.0;1.0;0;0;0;0;0
396905;1.12;0.98;41.0;2134.0;9.75;80.25;19.5;0.78;9.03;14.39;22.49;23.04;2.31;113581.0;41.0;41.0;51.0;4516.0;986.57;820.30;4.0;1.0;0;1.0;0;0;1.0;0;0;1.0;0;0;1.0;1.0;0;0;0;0;0
397399;1.51;0.97;40.0;2140.0;9.75;80.25;19.5;1.96;11.96;14.39;58.45;36.50;2.31;113581.0;40.0;40.0;51.0;4518.0;986.57;800.77;4.0;1.0;0;1.0;0;0;1.0;0;0;1.0;0;0;1.0;1.0;0;0;0;0;0
397954;1.6;0.95;40.0;2105.0;9.75;80.25;19.5;1.96;13.61;14.20;92.68;98.66;2.58;113581.0;40.0;40.0;51.0;4517.0;986.57;761.70;4.0;1.0;0;1.0;0;0;1.0;0;0;1.0;0;0;1.0;1.0;0;0;0;0;0
398472;1.79;0.93;40.0;2126.0;9.75;80.25;19.5;2.35;14.59;14.39;83.41;125.12;2.31;113581.0;41.0;41.0;51.0;4515.0;986.57;742.17;4.0;1.0;0;1.0;0;0;1.0;0;0;1.0;0;0;1.0;1.0;0;0;0;0;0
398968;2.24;0.92;41.0;2132.0;9.75;80.25;19.5;4.31;18.09;14.39;138.97;114.30;2.31;113581.0;40.0;41.0;51.0;4528.0;986.57;742.17;4.0;1.0;0;1.0;0;0;1.0;0;0;1.0;0;0;1.0;1.0;0;0;0;0;0
399513;2.50;0.91;41.0;2167.0;9.75;80.25;20.25;5.49;20.90;14.39;224.47;209.10;2.31;113581.0;41.0;41.0;51.0;4515.0;986.57;78.12;4.0;1.0;0;1.0;0;0;1.0;0;0;1.0;0;0;1.0;1.0;0;0;0;0;0
400033;2.72;0.94;42.0;2208.0;9.75;80.25;20.25;6.66;22.22;14.29;268.34;253.01;2.58;113581.0;41.0;42.0;51.0;4502.0;986.57;722.64;4.0;1.0;0;1.0;0;0;1.0;0;0;1.0;0;0;1.0;1.0;0;0;0;0;0
400575;3.4;0.98;43.0;2290.0;9.75;80.25;21.0;9.02;26.73;14.39;298.76;246.99;2.31;113581.0;43.0;44.0;51.0;4488.0;986.57;820.30;4.0;1.0;0;1.0;0;0;1.0;0;0;1.0;0;0;1.0;1.0;0;0;0;0;0
401078;2.96;0.95;46.0;2397.0;9.75;80.25;24.0;7.84;24.48;14.39;286.46;280.00;2.31;113581.0;45.0;46.0;51.0;4487.0;986.57;664.05;4.0;1.0;0;1.0;0;0;1.0;0;0;1.0;0;0;1.0;1.0;0;0;0;0;0
401632;2.72;0.95;47.0;2465.0;9.75;80.25;25.5;7.05;22.66;14.29;266.33;315.01;2.58;113581.0;47.0;48.0;51.0;4511.0;986.57;156.24;4.0;1.0;0;1.0;0;0;1.0;0;0;1.0;0;0;1.0;1.0;0;0;0;0;0
402125;2.61;0.95;48.0;2571.0;9.75;80.25;26.25;6.66;21.63;14.48;316.03;314.39;2.31;113581.0;49.0;49.0;51.0;4514.0;986.57;722.64;4.0;1.0;0;1.0;0;0;1.0;0;0;1.0;0;0;1.0;1.0;0;0;0;0;0
402634;2.23;0.96;50.0;2612.0;9.75;80.25;27.0;5.49;19.31;14.29;308.86;336.03;2.58;113581.0;49.0;50.0;51.0;4507.0;986.57;39.06;4.0;1.0;0;1.0;0;0;1.0;0;0;1.0;0;0;1.0;1.0;0;0;0;0;0
403190;2.17;0.96;51.0;2636.0;9.75;80.25;28.5;5.09;18.35;14.39;335.46;340.29;2.31;113581.0;51.0;51.0;51.0;4556.0;986.57;800.77;4.0;1.0;0;1.0;0;0;1.0;0;0;1.0;0;0;1.0;1.0;0;0;0;0;0
403698;1.21;0.99;50.0;2518.0;9.75;80.25;26.25;1.56;10.09;14.48;336.69;321.07;2.31;113582.0;51.0;51.0;51.0;4525.0;986.57;839.83;4.0;1.0;0;1.0;0;0;1.0;0;0;1.0;0;0;1.0;1.0;0;0;0;0;0
404247;1.24;0.98;50.0;2621.0;9.75;80.25;27.75;1.96;10.50;14.29;337.14;323.00;2.58;113582.0;50.0;50.0;51.0;4541.0;986.57;820.30;4.0;1.0;0;1.0;0;0;1.0;0;0;1.0;0;0;1.0;1.0;0;0;0;0;0
404792;1.56;0.96;48.0;2590.0;9.75;80.25;27.0;2.74;12.82;14.48;305.29;255.74;2.31;113582.0;49.0;49.0;51.0;4482.0;986.57;820.30;4.0;1.0;0;1.0;0;0;1.0;0;0;1.0;0;0;1.0;1.0;0;0;0;0;0
405313;1.57;0.94;48.0;2572.0;9.75;80.25;27.0;2.74;13.38;14.48;331.73;291.46;2.31;113582.0;49.0;49.0;51.0;4509.0;986.57;820.30;4.0;1.0;0;1.0;0;0;1.0;0;0;1.0;0;0;1.0;1.0;0;0;0;0;0
405813;1.28;0.92;48.0;2563.0;9.75;80.25;27.0;1.96;11.45;14.48;348.47;328.16;2.31;113582.0;49.0;49.0;51.0;4497.0;986.57;800.77;4.0;1.0;0;1.0;0;0;1.0;0;0;1.0;0;0;1.0;1.0;0;0;0;0;0
406312;1.21;0.90;48.0;2488.0;9.75;80.25;25.5;1.96;10.86;14.48;346.13;341.85;2.31;113582.0;49.0;49.0;51.0;4496.0;986.57;800.77;4.0;1.0;0;1.0;0;0;1.0;0;0;1.0;0;0;1.0;1.0;0;0;0;0;0
406867;0.92;0.89;48.0;2517.0;9.75;80.25;25.5;1.17;8.69;14.39;348.55;349.07;2.31;113582.0;48.0;48.0;51.0;4487.0;986.57;800.77;4.0;1.0;0;1.0;0;0;1.0;0;0;1.0;0;0;1.0;1.0;0;0;0;0;0
407383;0.86;1.00;47.0;2402.0;9.75;80.25;17.25;0;12.96;14.48;268.38;243.05;2.31;113582.0;47.0;46.0;48.0;4505.0;986.57;390.62;4.0;1.0;0;1.0;0;0;1.0;0;0;1.0;0;0;1.0;1.0;0;0;0;0;0
407902;0.88;1.00;45.0;2329.0;9.75;80.25;15.75;0;12.90;14.29;294.14;166.04;2.58;113582.0;46.0;45.0;47.0;4536.0;986.57;136.71;4.0;1.0;0;1.0;0;0;1.0;0;0;1.0;0;0;1.0;1.0;0;0;0;0;0
408400;0.89;1.00;43.0;2249.0;9.75;80.25;15.0;0;12.87;14.58;301.36;179.16;2.31;113582.0;44.0;44.0;46.0;4502.0;986.57;0;4.0;1.0;0;1.0;0;0;1.0;0;0;1.0;0;0;1.0;1.0;0;0;0;0;0
408910;0.91;1.00;42.0;2208.0;9.75;80.25;15.0;0;12.94;14.39;292.77;161.37;2.31;113582.0;43.0;42.0;47.0;4499.0;986.57;0;4.0;1.0;0;1.0;0;0;1.0;0;0;1.0;0;0;1.0;1.0;0;0;0;0;0
409408;0.94;1.00;41.0;2128.0;9.75;80.25;15.75;0;12.89;14.11;291.85;119.83;2.58;113582.0;42.0;41.0;46.0;4512.0;986.57;0;4.0;1.0;0;1.0;0;0;1.0;0;0;1.0;0;0;1.0;1.0;0;0;0;0;0
409912;0.93;1.00;40.0;2087.0;9.75;80.25;15.0;0;12.80;14.48;259.51;99.42;2.31;113582.0;40.0;40.0;45.0;4517.0;986.57;19.53;4.0;1.0;0;1.0;0;0;1.0;0;0;1.0;0;0;1.0;1.0;0;0;0;0;0
410433;0.92;1.00;38.0;2050.0;9.75;80.25;15.0;0;12.94;14.48;194.44;76.61;2.31;113582.0;39.0;39.0;45.0;4504.0;986.57;19.53;4.0;1.0;0;1.0;0;0;1.0;0;0;1.0;0;0;1.0;1.0;0;0;0;0;0
411024;1.01;1.00;38.0;1984.0;9.75;80.25;13.5;0;12.93;14.29;139.11;57.92;2.58;113582.0;38.0;38.0;46.0;4508.0;986.57;39.06;4.0;1.0;0;1.0;0;0;1.0;0;0;1.0;0;0;1.0;1.0;0;0;0;0;0
411534;1.01;1.00;37.0;1924.0;9.75;80.25;15.0;0;12.90;14.48;115.89;51.07;2.31;113582.0;37.0;37.0;45.0;4515.0;986.57;156.24;4.0;1.0;0;1.0;0;0;1.0;0;0;1.0;0;0;1.0;1.0;0;0;0;0;0
412032;0.96;1.00;36.0;1915.0;9.75;80.25;15.0;0;12.88;14.48;82.29;47.53;2.31;113582.0;36.0;36.0;45.0;4519.0;986.57;39.06;4.0;1.0;0;1.0;0;0;1.0;0;0;1.0;0;0;1.0;1.0;0;0;0;0;0
412637;1.00;1.00;36.0;1858.0;9.75;80.25;14.25;0;12.88;14.39;72.69;38.86;2.31;113582.0;36.0;35.0;46.0;4483.0;986.57;800.77;4.0;1.0;0;1.0;0;0;1.0;0;0;1.0;0;0;1.0;1.0;0;0;0;0;0
413207;1.08;0.99;35.0;1788.0;9.75;80.25;15.0;0;12.85;14.48;93.56;30.81;2.31;113582.0;35.0;34.0;45.0;4496.0;986.57;839.83;4.0;1.0;0;1.0;0;0;1.0;0;0;1.0;0;0;1.0;1.0;0;0;0;0;0
413752;1.12;0.98;32.0;1681.0;9.75;80.25;15.0;0;12.80;14.29;58.17;22.26;2.58;113582.0;32.0;32.0;45.0;4482.0;986.57;839.83;4.0;1.0;0;1.0;0;0;1.0;0;0;1.0;0;0;1.0;1.0;0;0;0;0;0
414273;1.19;0.97;30.0;1544.0;9.75;80.25;15.0;0;12.85;14.48;51.96;23.78;2.31;113582.0;30.0;30.0;45.0;4489.0;986.57;839.83;4.0;1.0;0;1.0;0;0;1.0;0;0;1.0;0;0;1.0;1.0;0;0;0;0;0
414807;1.26;0.95;28.0;1319.0;9.75;80.25;15.0;0;12.76;14.48;37.84;20.89;2.31;113582.0;29.0;29.0;46.0;4507.0;986.57;839.83;4.0;1.0;0;1.0;0;0;1.0;0;0;1.0;0;0;1.0;1.0;0;0;0;0;0
415329;1.06;0.93;27.0;1709.0;9.75;80.25;15.0;0;12.88;14.29;30.15;65.28;2.58;113582.0;28.0;28.0;45.0;4524.0;986.57;761.70;3.0;1.0;0;1.0;0;0;1.0;0;0;1.0;0;0;1.0;1.0;0;0;0;0;0
415920;1.08;0.92;26.0;1622.0;9.75;80.25;15.0;0;12.93;14.48;26.36;58.80;2.31;113582.0;26.0;26.0;46.0;4492.0;986.57;605.46;3.0;1.0;0;1.0;0;0;1.0;0;0;1.0;0;0;1.0;1.0;0;0;1.0;0;0
416435;1.23;0.90;25.0;1322.0;9.75;80.25;14.25;0;12.80;14.39;23.26;96.20;2.31;113582.0;25.0;25.0;46.0;4528.0;986.69;390.62;3.0;1.0;0;1.0;0;0;1.0;0;0;1.0;0;0;1.0;1.0;0;0;0;0;0
416933;1.29;0.89;23.0;1321.0;9.75;80.25;14.25;0;12.83;14.29;51.71;147.15;2.58;113582.0;23.0;23.0;45.0;4519.0;986.73;19.53;2.0;1.0;0;1.0;0;0;1.0;0;0;1.0;0;0;1.0;1.0;0;0;0;0;0
417432;1.10;0.91;20.0;1581.0;9.75;80.25;15.0;0;12.80;14.39;76.94;157.11;2.31;113582.0;19.0;20.0;46.0;4504.0;986.84;19.53;2.0;1.0;0;1.0;0;0;1.0;0;0;1.0;0;0;1.0;1.0;0;0;0;0;0
417937;1.31;0.92;15.0;1253.0;9.75;80.25;18.0;0;13.46;14.48;67.43;152.52;2.31;113582.0;15.0;16.0;46.0;4526.0;986.84;58.59;2.0;1.0;0;1.0;1.0;0;1.0;0;0;1.0;0;0;1.0;1.0;0;0;1.0;0;0
418458;1.37;0.94;12.0;1266.0;9.75;81.0;16.5;0;13.18;14.39;66.67;164.75;2.31;113582.0;13.0;13.0;46.0;4517.0;987.08;39.06;2.0;1.0;0;1.0;0;0;1.0;0;0;1.0;0;0;1.0;1.0;0;0;0;0;0
418996;1.34;0.96;10.0;1291.0;9.75;81.0;14.25;0;12.82;14.39;117.23;211.21;2.31;113582.0;11.0;10.0;46.0;4517.0;987.27;39.06;0;1.0;0;1.0;0;0;1.0;0;0;1.0;0;0;1.0;1.0;0;0;0;0;0
419516;1.44;0.97;8.0;1255.0;9.75;81.0;16.5;0;13.18;14.48;85.42;174.10;2.31;113582.0;9.0;9.0;46.0;4509.0;987.39;58.59;1.0;1.0;0;1.0;0;0;1.0;0;0;1.0;0;0;1.0;1.0;0;0;0;0;0
420046;1.53;0.99;7.0;1187.0;9.75;81.0;22.5;0;14.11;14.48;80.03;199.44;2.31;113582.0;7.0;7.0;47.0;4512.0;987.51;429.68;1.0;1.0;0;1.0;0;0;1.0;0;0;1.0;0;0;1.0;1.0;0;0;0;0;0
420554;1.52;0.98;6.0;1237.0;9.75;81.0;18.0;0;13.52;14.39;84.09;201.33;2.31;113582.0;6.0;6.0;46.0;4534.0;987.47;820.30;1.0;1.0;0;1.0;0;0;1.0;0;0;1.0;0;0;1.0;1.0;0;0;0;0;0
421101;1.37;0.96;2.0;1261.0;9.75;81.0;16.5;0;13.21;14.39;114.48;175.77;2.31;113582.0;3.0;0;46.0;4496.0;987.51;761.70;1.0;1.0;0;1.0;1.0;0;1.0;0;0;1.0;0;0;1.0;1.0;0;0;1.0;0;0
421591;1.34;0.95;0;1249.0;9.75;81.0;17.25;0;13.38;14.48;139.26;152.02;2.31;113582.0;0;0;46.0;4502.0;987.62;468.74;1.0;1.0;0;1.0;0;0;1.0;0;0;1.0;0;0;1.0;1.0;0;0;0;0;0
422124;1.32;0.95;0;1285.0;9.75;81.0;14.25;0;12.83;14.11;142.97;149.30;2.58;113582.0;0;0;45.0;4526.0;987.59;58.59;1.0;1.0;0;1.0;0;0;1.0;0;0;1.0;0;0;1.0;1.0;0;0;0;0;0
422621;1.27;0.97;0;1283.0;9.75;81.0;15.0;0;12.87;14.48;109.83;114.69;2.31;113582.0;0;0;45.0;4523.0;987.66;644.52;1.0;1.0;0;1.0;0;0;1.0;0;0;1.0;0;0;1.0;1.0;0;0;0;0;0
423143;1.39;0.95;0;1183.0;9.75;81.0;22.5;0;14.07;14.48;108.91;99.56;2.31;113582.0;0;0;47.0;4525.0;987.70;19.53;1.0;1.0;0;1.0;0;0;1.0;0;0;1.0;0;0;1.0;1.0;0;0;0;0;0
423733;1.46;0.98;0;1258.0;9.75;81.0;17.25;0;13.39;14.29;141.14;134.75;2.58;113582.0;0;0;47.0;4497.0;987.66;39.06;1.0;1.0;0;1.0;0;0;1.0;0;0;1.0;0;0;1.0;1.0;0;0;0;0;0
424250;1.37;0.99;0;1286.0;9.75;81.0;15.0;0;12.96;14.48;189.44;128.40;2.31;113582.0;0;0;47.0;4503.0;987.70;39.06;1.0;1.0;0;1.0;0;0;1.0;0;0;1.0;0;0;1.0;1.0;0;0;0;0;0
424746;1.36;1.01;0;1287.0;9.75;81.0;15.0;0;12.96;14.48;179.83;160.94;2.31;113582.0;0;0;47.0;4507.0;987.74;58.59;1.0;1.0;0;1.0;0;0;1.0;0;0;1.0;0;0;1.0;1.0;0;0;0;0;0
425242;1.48;1.03;0;1261.0;9.75;81.0;16.5;0;13.28;14.39;203.71;157.91;2.31;113582.0;0;0;47.0;4515.0;987.78;78.12;1.0;1.0;0;1.0;0;0;1.0;0;0;1.0;0;0;1.0;1.0;0;0;0;0;0
425761;1.48;1.04;0;1266.0;9.75;81.0;16.5;0;13.28;14.39;227.40;156.98;2.31;113582.0;0;0;47.0;4537.0;987.70;78.12;1.0;1.0;0;1.0;1.0;0;1.0;0;0;1.0;0;0;0;1.0;0;0;1.0;0;0
426317;1.40;1.05;0;1267.0;9.75;81.0;15.75;0;13.11;14.48;205.88;179.48;2.31;113582.0;0;0;46.0;4492.0;987.74;839.83;1.0;1.0;0;1.0;1.0;0;1.0;0;0;1.0;0;0;1.0;1.0;0;0;1.0;0;0
426804;1.36;1.03;0;1299.0;9.75;81.0;13.5;0;12.69;14.39;227.17;154.93;2.31;113582.0;0;0;45.0;4525.0;987.70;820.30;1.0;1.0;0;1.0;1.0;0;1.0;0;0;1.0;0;0;1.0;1.0;0;0;1.0;0;0
427326;1.44;1.01;0;1271.0;9.75;81.0;15.75;0;13.03;14.48;165.55;141.96;2.31;113582.0;0;0;45.0;4503.0;987.74;781.24;1.0;1.0;0;1.0;0;0;1.0;0;0;1.0;0;0;1.0;1.0;0;0;0;0;0
427828;1.36;1.00;0;1263.0;9.75;81.0;16.5;0;13.18;14.20;135.40;117.27;2.58;113582.0;0;0;46.0;4511.0;987.78;664.05;1.0;1.0;0;1.0;0;0;1.0;0;0;1.0;0;0;1.0;1.0;0;0;0;0;0
428384;1.29;0.99;0;1277.0;9.75;81.0;15.0;0;12.88;14.29;178.73;116.63;2.58;113582.0;0;0;46.0;4505.0;987.78;39.06;1.0;1.0;0;1.0;0;0;1.0;0;0;1.0;0;0;1.0;1.0;0;0;0;0;0
428882;1.35;1.01;0;1292.0;9.75;81.0;14.25;0;12.82;14.20;229.34;174.24;2.58;113582.0;0;0;46.0;4535.0;987.78;39.06;1.0;1.0;0;1.0;0;0;1.0;0;0;1.0;0;0;1.0;1.0;0;0;0;0;0
429390;1.39;1.02;0;1290.0;9.75;81.0;14.25;0;12.82;14.48;260.86;199.42;2.31;113582.0;0;0;46.0;4512.0;987.82;97.65;1.0;1.0;0;1.0;0;0;1.0;0;0;1.0;0;0;1.0;1.0;0;0;0;0;0
429888;1.41;1.04;0;1271.0;9.75;81.0;15.75;0;13.03;14.29;248.51;198.62;2.58;113582.0;0;0;46.0;4538.0;987.82;468.74;1.0;1.0;0;1.0;0;0;1.0;0;0;1.0;0;0;1.0;1.0;0;0;0;0;0
430449;1.37;1.03;0;1274.0;9.75;81.0;15.75;0;13.05;14.39;243.57;214.59;2.31;113582.0;0;0;46.0;4508.0;987.82;820.30;1.0;1.0;0;1.0;0;0;1.0;0;0;1.0;0;0;1.0;1.0;0;0;0;0;0
430948;1.33;1.01;0;1288.0;9.75;81.0;14.25;0;12.80;14.48;240.04;211.06;2.31;113582.0;0;0;46.0;4506.0;987.82;820.30;1.0;1.0;0;1.0;0;0;1.0;0;0;1.0;0;0;1.0;1.0;0;0;0;0;0
431446;1.40;1.00;0;1267.0;9.75;81.0;16.5;0;13.34;14.48;191.43;176.08;2.31;113582.0;0;0;46.0;4523.0;987.82;585.93;1.0;1.0;0;1.0;0;0;1.0;0;0;1.0;0;0;1.0;1.0;0;0;0;0;0
432004;1.42;1.00;0;1249.0;9.75;81.0;17.25;0;13.34;14.29;219.04;166.47;2.58;113582.0;0;0;46.0;4521.0;987.82;58.59;1.0;1.0;0;1.0;0;0;1.0;0;0;1.0;0;0;1.0;1.0;0;0;0;0;0
432501;1.47;1.02;0;1256.0;9.75;81.0;17.25;0;13.36;14.39;178.09;189.96;2.31;113582.0;0;0;46.0;4516.0;987.82;117.18;1.0;1.0;0;1.0;1.0;0;1.0;0;0;1.0;0;0;1.0;1.0;0;0;1.0;0;0
433018;1.36;1.03;0;1314.0;9.75;81.0;12.75;0;12.51;14.29;143.83;196.74;2.58;113582.0;0;0;45.0;4525.0;987.82;371.08;1.0;1.0;0;1.0;1.0;0;1.0;0;0;1.0;0;0;1.0;1.0;0;0;1.0;0;0
433571;1.43;1.03;0;1311.0;9.75;81.0;12.75;0;12.64;14.58;110.50;151.14;2.31;113582.0;0;0;45.0;4499.0;987.82;800.77;1.0;1.0;0;1.0;0;0;1.0;0;0;1.0;0;0;1.0;1.0;0;0;0;0;0
434068;1.38;1.01;0;1279.0;9.75;81.0;15.0;0;12.45;14.39;80.50;116.10;2.31;113582.0;0;0;44.0;4532.0;987.82;820.30;1.0;1.0;0;1.0;0;0;1.0;0;0;1.0;0;0;1.0;1.0;0;0;0;0;0
434576;1.32;1.00;0;1274.0;9.75;81.0;15.0;0;12.81;14.20;61.81;84.60;2.58;113582.0;0;0;45.0;4522.0;987.82;742.17;1.0;1.0;0;1.0;0;0;1.0;0;0;1.0;0;0;1.0;1.0;0;0;0;0;0
435114;1.36;0.99;0;1236.0;9.75;81.0;18.0;0;13.40;14.39;47.43;64.99;2.31;113582.0;0;0;45.0;4508.0;987.82;78.12;1.0;1.0;0;1.0;0;0;1.0;0;0;1.0;0;0;1.0;1.0;0;0;0;0;0
435608;1.42;1.01;0;1247.0;9.75;81.0;17.25;0;13.28;14.48;38.98;55.50;2.31;113582.0;0;0;45.0;4517.0;987.82;58.59;1.0;1.0;0;1.0;0;0;1.0;0;0;1.0;0;0;1.0;1.0;0;0;0;0;0
436128;1.37;1.02;0;1275.0;9.75;81.0;15.0;0;12.85;14.29;63.76;51.18;2.58;113582.0;0;0;45.0;4501.0;987.82;683.58;1.0;1.0;0;1.0;0;0;1.0;0;0;1.0;0;0;1.0;1.0;0;0;0;0;0
436627;1.34;1.01;0;1270.0;9.75;81.0;15.75;0;13.00;14.39;48.98;37.28;2.31;113582.0;0;0;45.0;4512.0;987.82;761.70;1.0;1.0;0;1.0;0;0;1.0;0;0;1.0;0;0;1.0;1.0;0;0;0;0;0
437128;1.40;0.99;0;1252.0;9.75;81.0;17.25;0;13.34;14.01;53.53;35.17;2.58;113582.0;0;0;46.0;4503.0;987.82;664.05;1.0;1.0;0;1.0;0;0;1.0;0;0;1.0;0;0;1.0;1.0;0;0;0;0;0
437648;1.39;0.98;0;1219.0;9.75;81.0;19.5;0;13.66;14.58;94.81;65.07;2.31;113582.0;0;0;46.0;4520.0;987.82;605.46;1.0;1.0;0;1.0;0;0;1.0;0;0;1.0;0;0;1.0;1.0;0;0;0;0;0
438222;1.38;1.00;0;1255.0;9.75;81.0;17.25;0;13.38;14.39;98.25;134.62;2.31;113582.0;0;0;47.0;4510.0;987.82;58.59;1.0;1.0;0;1.0;0;0;1.0;0;0;1.0;0;0;1.0;1.0;0;0;0;0;0
438812;1.40;1.02;0;1317.0;9.75;81.0;12.75;0;12.56;14.48;102.90;183.77;2.31;113582.0;0;0;47.0;4513.0;987.82;78.12;1.0;1.0;0;1.0;1.0;0;1.0;0;0;1.0;0;0;1.0;1.0;0;0;1.0;0;0
439317;1.39;1.02;0;1307.0;9.75;81.0;12.75;0;12.58;14.29;117.25;133.95;2.58;113582.0;0;0;45.0;4528.0;987.82;800.77;1.0;1.0;0;1.0;0;0;1.0;0;0;1.0;0;0;1.0;1.0;0;0;0;0;0
439816;1.31;1.00;0;1302.0;9.75;81.0;13.5;0;12.68;14.48;97.45;103.91;2.31;113582.0;0;0;45.0;4522.0;987.82;800.77;1.0;1.0;0;1.0;0;0;1.0;0;0;1.0;0;0;1.0;1.0;0;0;0;0;0
440336;1.37;0.99;0;1272.0;9.75;81.0;15.75;0;13.05;14.39;82.65;104.38;2.31;113582.0;0;0;46.0;4501.0;987.82;507.80;1.0;1.0;0;1.0;0;0;1.0;0;0;1.0;0;0;1.0;1.0;0;0;0;0;0
440832;1.34;1.00;0;1281.0;9.75;81.0;15.0;0;12.88;14.48;78.08;139.07;2.31;113582.0;0;0;46.0;4524.0;987.82;39.06;1.0;1.0;0;1.0;0;0;1.0;0;0;1.0;0;0;1.0;1.0;0;0;0;0;0
441340;1.35;1.01;0;1295.0;9.75;81.0;14.25;0;12.83;14.48;88.43;191.49;2.31;113582.0;0;0;47.0;4503.0;987.82;156.24;1.0;1.0;0;1.0;0;0;1.0;0;0;1.0;0;0;1.0;1.0;0;0;0;0;0
441851;1.48;1.03;0;1251.0;9.75;81.0;17.25;0;13.42;14.48;133.80;155.61;2.31;113582.0;0;0;47.0;4527.0;987.82;507.80;1.0;1.0;0;1.0;0;0;1.0;0;0;1.0;0;0;1.0;1.0;0;0;0;0;0
442348;1.40;1.01;0;1315.0;9.75;81.0;12.75;0;12.60;14.39;155.36;150.24;2.31;113582.0;0;0;46.0;4511.0;987.82;664.05;1.0;1.0;0;1.0;1.0;0;1.0;0;0;1.0;0;0;1.0;1.0;0;0;1.0;0;0
442844;1.32;1.00;0;1280.0;9.75;81.0;15.0;0;12.95;14.29;169.07;165.28;2.58;113582.0;0;0;46.0;4508.0;987.82;761.70;1.0;1.0;0;1.0;0;0;1.0;0;0;1.0;0;0;1.0;1.0;0;0;0;0;0
443352;1.35;0.98;0;1253.0;9.75;81.0;17.25;0;14.13;14.48;181.16;142.64;2.31;113582.0;0;0;47.0;4510.0;987.82;371.08;1.0;1.0;0;1.0;0;0;1.0;0;0;1.0;0;0;1.0;1.0;0;0;0;0;0
443871;1.43;0.99;0;1288.0;9.75;81.0;14.25;0;12.88;14.48;223.81;124.79;2.31;113582.0;0;0;47.0;4501.0;987.74;39.06;1.0;1.0;0;1.0;0;0;1.0;0;0;1.0;0;0;1.0;1.0;0;0;0;0;0
444366;1.39;1.01;0;1239.0;9.75;81.0;18.0;0;13.56;14.48;199.24;132.99;2.31;113582.0;0;0;46.0;4513.0;987.74;78.12;1.0;1.0;0;1.0;0;0;1.0;0;0;1.0;0;0;1.0;1.0;0;0;0;0;0
444874;1.40;1.01;0;1245.0;9.75;81.0;17.25;0;13.39;14.48;182.64;142.31;2.31;113582.0;0;0;46.0;4519.0;987.78;507.80;1.0;1.0;0;1.0;0;0;1.0;0;0;1.0;0;0;1.0;1.0;0;0;0;0;0
445394;1.34;1.01;0;1301.0;9.75;81.0;14.25;0;12.87;14.48;200.92;149.30;2.31;113582.0;0;0;46.0;4509.0;987.78;58.59;1.0;1.0;0;1.0;0;0;1.0;0;0;1.0;0;0;1.0;1.0;0;0;0;0;0
445995;1.40;1.02;0;1287.0;9.75;81.75;15.0;0;12.96;14.20;208.95;172.99;2.58;113582.0;0;0;48.0;4514.0;987.82;58.59;1.0;1.0;0;1.0;0;0;1.0;0;0;1.0;0;0;1.0;1.0;0;0;0;0;0
446526;2.57;1.04;0;1243.0;9.75;81.75;16.5;0.78;13.28;14.20;247.64;217.93;2.58;113582.0;0;0;47.0;4516.0;987.82;800.77;1.0;1.0;0;1.0;0;0;1.0;0;0;1.0;0;0;1.0;1.0;0;0;0;0;0
447032;2.58;0.99;0;2274.0;9.75;81.75;22.5;5.09;19.27;14.48;280.45;234.41;2.31;113582.0;0;0;50.0;4552.0;987.82;898.42;1.0;1.0;0;1.0;0;0;1.0;0;0;1.0;0;0;1.0;1.0;0;0;0;0;0
447553;4.08;1.00;0;2030.0;9.75;81.75;15.75;9.41;29.17;14.39;309.68;225.12;2.31;113582.0;0;0;50.0;4532.0;987.82;898.42;1.0;1.0;0;1.0;0;0;1.0;0;0;1.0;0;0;1.0;1.0;0;0;0;0;0
448144;4.12;0.98;13.0;1924.0;9.75;81.75;13.5;10.98;33.11;14.39;310.78;255.45;2.31;113582.0;14.0;14.0;50.0;4540.0;987.82;390.62;1.0;1.0;0;1.0;0;0;1.0;0;0;1.0;0;0;1.0;1.0;0;0;0;0;0
448655;3.93;0.98;22.0;2535.0;9.75;81.75;23.25;14.11;30.92;14.48;244.47;254.47;2.31;113582.0;22.0;23.0;50.0;4377.0;987.82;761.70;1.0;1.0;0;1.0;0;0;1.0;0;0;1.0;0;0;1.0;1.0;0;0;0;0;0
449152;0;1.00;28.0;3394.0;9.75;81.75;40.5;0;11.40;14.29;258.94;223.52;2.58;113582.0;29.0;29.0;50.0;4624.0;987.82;292.96;1.0;1.0;0;1.0;0;0;1.0;0;0;1.0;0;0;1.0;1.0;0;0;0;0;0
449716;4.44;1.00;33.0;2626.0;9.75;81.75;23.25;16.47;31.74;14.48;228.57;226.13;2.31;113582.0;33.0;33.0;50.0;4166.0;987.82;839.83;2.0;1.0;0;1.0;0;0;1.0;0;0;1.0;0;0;1.0;1.0;0;0;0;0;0
450215;4.88;0.99;41.0;3192.0;9.75;81.75;23.25;21.57;35.46;14.39;261.48;269.08;2.31;113582.0;40.0;42.0;50.0;4255.0;987.82;429.68;2.0;1.0;0;1.0;0;0;1.0;0;0;0;0;0;1.0;1.0;0;0;0;0;0
450812;3.2;1.00;45.0;3153.0;9.75;81.75;36.0;8.23;19.75;14.58;189.61;230.31;2.31;113582.0;45.0;45.0;50.0;4259.0;987.66;703.11;3.0;1.0;0;1.0;0;0;1.0;0;0;1.0;0;0;1.0;1.0;0;0;0;0;0
451310;5.56;1.00;52.0;3214.0;9.75;81.75;20.25;23.92;37.18;14.39;134.83;225.29;2.31;113582.0;51.0;52.0;50.0;4188.0;987.70;820.30;3.0;1.0;0;1.0;0;0;1.0;0;0;1.0;0;0;1.0;1.0;0;0;0;0;0
451831;0;1.00;56.0;3762.0;9.75;81.75;41.25;0;5.53;14.29;213.42;298.41;2.58;113582.0;55.0;56.0;50.0;4447.0;987.74;917.95;3.0;1.0;0;1.0;0;0;1.0;0;0;0;0;0;1.0;1.0;0;0;0;0;0
452368;5.11;1.00;61.0;3153.0;9.75;81.75;21.75;22.74;34.76;14.39;251.05;314.64;2.31;113582.0;60.0;61.0;50.0;4161.0;987.78;781.24;4.0;1.0;0;1.0;0;0;1.0;0;0;0;0;0;1.0;1.0;0;0;0;0;0
452890;5.84;1.02;67.0;3519.0;9.75;81.75;18.0;27.45;39.02;14.48;297.07;349.99;2.31;113582.0;65.0;68.0;50.0;4315.0;987.78;859.36;4.0;1.0;0;1.0;0;0;1.0;0;0;0;0;0;1.0;1.0;0;0;0;0;0
453490;3.82;1.00;70.0;3332.0;9.75;81.75;34.5;10.58;22.81;14.48;310.93;353.27;2.31;113582.0;69.0;70.0;50.0;4466.0;987.78;820.30;5.0;1.0;0;1.0;0;0;1.0;0;0;0;0;0;1.0;1.0;0;0;0;0;0
454038;4.94;0.98;75.0;3467.0;9.75;81.75;21.75;24.31;36.56;14.48;338.98;345.91;2.31;113582.0;73.0;76.0;50.0;4476.0;987.82;781.24;5.0;1.0;0;1.0;0;0;1.0;0;0;0;0;0;1.0;1.0;0;0;0;0;0
454607;3.64;0.98;78.0;3636.0;9.75;81.75;32.25;16.08;28.17;14.39;343.92;329.54;2.31;113582.0;78.0;79.0;50.0;4482.0;987.82;820.30;5.0;1.0;0;1.0;0;0;1.0;0;0;0;0;0;1.0;1.0;0;0;0;0;0
455115;2.12;1.00;81.0;3503.0;9.75;81.0;39.0;5.88;16.19;14.58;314.58;291.97;2.31;113582.0;81.0;81.0;51.0;4265.0;987.82;859.36;6.0;1.0;0;1.0;0;0;1.0;0;0;0;0;0;1.0;1.0;0;0;0;0;0
455617;3.12;0.98;82.0;3498.0;9.75;81.0;35.25;10.19;23.34;14.48;315.56;323.80;2.31;113582.0;82.0;82.0;51.0;4191.0;987.82;839.83;6.0;1.0;0;1.0;0;0;1.0;0;0;0;0;0;1.0;1.0;0;0;0;0;0
456118;2.21;0.92;83.0;3562.0;9.75;81.0;39.75;7.05;19.29;14.29;317.55;330.17;2.58;113582.0;84.0;84.0;51.0;4330.0;987.82;839.83;6.0;1.0;0;1.0;0;0;1.0;0;0;0;0;0;1.0;1.0;0;0;0;0;0
456675;1.64;0.88;85.0;3609.0;9.75;81.0;41.25;5.09;15.00;14.48;320.13;321.19;2.31;113582.0;85.0;85.0;51.0;4460.0;987.82;839.83;6.0;1.0;0;1.0;0;0;1.0;0;0;0;0;0;1.0;1.0;0;0;0;0;0
457180;1.46;0.84;86.0;3613.0;9.75;81.0;41.25;4.70;13.84;14.39;309.02;341.54;2.31;113582.0;86.0;86.0;51.0;4514.0;987.82;781.24;6.0;1.0;0;1.0;0;0;1.0;0;0;0;0;0;1.0;1.0;0;0;0;0;0
457678;1.05;0.82;86.0;3593.0;9.75;81.0;41.25;3.13;10.50;14.48;340.19;328.24;2.31;113582.0;86.0;86.0;51.0;4529.0;987.82;800.77;6.0;1.0;0;1.0;0;0;1.0;0;0;0;0;0;1.0;1.0;0;0;0;0;0
458213;0.56;1.00;86.0;3612.0;9.75;81.0;41.25;0;7.47;14.48;330.03;348.41;2.31;113582.0;86.0;85.0;51.0;4541.0;987.82;624.99;6.0;1.0;0;1.0;0;0;1.0;0;0;0;0;0;1.0;1.0;0;0;0;0;0
458712;0.56;1.00;85.0;3555.0;9.75;81.0;-30.0;0;0;14.48;332.55;355.75;2.31;113582.0;85.0;84.0;51.0;4550.0;987.90;0;6.0;1.0;0;1.0;0;0;1.0;0;0;0;0;0;1.0;1.0;0;0;0;0;0
459233;0.56;1.00;83.0;3508.0;9.75;81.0;-30.0;0;0;14.48;325.87;320.19;2.31;113582.0;84.0;83.0;51.0;4551.0;988.09;0;6.0;1.0;0;1.0;0;0;1.0;0;0;0;0;0;1.0;1.0;0;0;0;0;0
459726;0.58;1.00;82.0;3474.0;9.75;81.0;-30.0;0;0;14.48;345.79;333.88;2.31;113582.0;83.0;82.0;51.0;4549.0;988.21;0;6.0;1.0;0;1.0;0;0;1.0;0;0;0;0;0;1.0;1.0;0;0;0;0;0
460235;0.58;1.00;81.0;3410.0;9.75;80.25;-30.0;0;0;14.39;290.15;322.53;2.31;113582.0;82.0;80.0;51.0;4549.0;988.33;0;6.0;1.0;0;1.0;0;0;1.0;0;0;0;0;0;1.0;1.0;0;0;0;0;0
460791;0.62;1.00;78.0;3311.0;9.75;80.25;-30.0;0;0;14.39;329.47;338.45;2.31;113582.0;78.0;78.0;51.0;4563.0;988.41;0;6.0;1.0;0;1.0;0;0;1.0;0;0;0;0;0;1.0;1.0;0;0;0;0;0
461297;0.67;1.00;75.0;3149.0;9.75;80.25;-30.0;0;0;14.48;338.78;307.65;2.31;113582.0;75.0;74.0;51.0;4565.0;988.60;0;6.0;1.0;0;1.0;0;0;1.0;0;0;0;0;0;1.0;1.0;0;0;0;0;0
461851;0.65;1.00;73.0;3091.0;9.75;80.25;-30.0;0;0;14.39;275.43;268.77;2.31;113582.0;73.0;73.0;51.0;4549.0;988.72;19.53;6.0;1.0;0;1.0;0;0;1.0;0;0;0;0;0;1.0;1.0;0;0;0;0;0
462357;0.68;1.00;72.0;3033.0;9.75;80.25;-30.0;0;0;14.48;260.66;246.48;2.31;113582.0;72.0;72.0;51.0;4554.0;988.80;19.53;6.0;1.0;0;1.0;0;0;1.0;0;0;0;0;0;1.0;1.0;0;0;0;0;0
462861;0.69;1.00;71.0;3009.0;9.75;79.5;-30.0;0;0;14.48;166.18;227.23;2.31;113582.0;72.0;71.0;52.0;4570.0;988.87;19.53;6.0;1.0;0;1.0;0;0;1.0;0;0;0;0;0;1.0;1.0;0;0;0;0;0
463416;0.69;1.00;71.0;2986.0;9.75;79.5;-30.0;0;0;14.58;83.70;120.67;2.31;113582.0;71.0;71.0;52.0;4575.0;988.91;19.53;6.0;1.0;0;1.0;0;0;1.0;0;0;0;0;0;1.0;1.0;0;0;0;0;0
463911;0.66;1.00;70.0;2958.0;9.75;79.5;-30.0;0;0;14.48;46.83;60.75;2.31;113582.0;71.0;70.0;52.0;4579.0;989.03;19.53;6.0;1.0;0;1.0;0;0;1.0;0;0;0;0;0;1.0;1.0;0;0;0;0;0
464432;2.28;1.00;70.0;2972.0;9.75;79.5;5.25;5.49;11.48;14.48;27.04;34.09;2.31;113582.0;70.0;71.0;52.0;4176.0;989.19;917.95;6.0;1.0;0;1.0;0;0;1.0;0;0;0;0;0;1.0;1.0;0;0;0;0;0
464925;1.52;0.98;71.0;2978.0;9.75;79.5;14.25;3.13;9.45;14.58;14.99;19.95;2.31;113582.0;71.0;72.0;52.0;4288.0;989.27;917.95;6.0;1.0;0;1.0;0;0;1.0;0;0;0;0;0;1.0;1.0;0;0;0;0;0
465447;1.07;0.96;71.0;3058.0;9.75;79.5;20.25;1.96;7.64;14.58;7.46;10.48;2.31;113582.0;72.0;72.0;52.0;4422.0;989.23;898.42;6.0;1.0;0;1.0;0;0;1.0;0;0;0;0;0;1.0;1.0;0;0;0;0;0
466037;1.06;0.94;71.0;3040.0;9.75;78.75;24.75;1.96;8.32;14.48;3.88;5.19;2.31;113582.0;72.0;71.0;52.0;4483.0;989.54;898.42;6.0;1.0;0;1.0;0;0;1.0;0;0;0;0;0;1.0;1.0;0;0;0;0;0
466567;0.86;0.93;71.0;3008.0;9.75;78.75;30.75;1.17;7.47;14.39;1.66;2.26;2.31;113582.0;71.0;71.0;52.0;4540.0;989.77;898.42;6.0;1.0;0;1.0;0;0;1.0;0;0;0;0;0;1.0;1.0;0;0;0;0;0
467121;0.77;0.91;71.0;2969.0;9.75;78.75;33.75;0.78;6.96;14.48;0.64;0.93;2.31;113582.0;71.0;70.0;52.0;4512.0;989.97;800.77;6.0;1.0;0;1.0;0;0;1.0;0;0;0;0;0;1.0;1.0;0;0;0;0;0
467636;0.79;0.89;70.0;2957.0;9.75;78.75;33.0;0.39;12.13;14.39;0.25;0.39;2.31;113582.0;70.0;69.0;52.0;4521.0;990.05;175.77;6.0;1.0;0;1.0;0;0;1.0;0;0;0;0;0;1.0;1.0;0;0;0;0;0
468202;0.72;1.00;68.0;2882.0;9.75;78.75;-30.0;0;0;14.58;1.50;0.13;2.31;113582.0;69.0;68.0;52.0;4525.0;990.12;19.53;6.0;1.0;0;1.0;0;0;1.0;0;0;0;0;0;1.0;1.0;0;0;0;0;0
468701;1.26;1.00;67.0;2839.0;9.75;78.75;24.0;1.96;8.98;14.39;0.62;0;2.31;113582.0;67.0;67.0;52.0;4210.0;990.24;332.02;6.0;1.0;0;1.0;0;0;1.0;0;0;0;0;0;1.0;1.0;0;0;0;0;0
469201;1.50;1.00;66.0;2830.0;9.75;78.75;29.25;2.74;11.83;14.39;0.25;0;2.31;113582.0;66.0;66.0;52.0;4260.0;990.44;878.89;6.0;1.0;0;1.0;0;0;1.0;0;0;0;0;0;1.0;1.0;0;0;0;0;0
469722;2.86;1.00;66.0;2847.0;9.75;78.75;31.5;6.27;19.17;14.58;1.93;0;2.31;113582.0;66.0;67.0;52.0;4356.0;990.48;898.42;6.0;1.0;0;1.0;0;0;1.0;0;0;0;0;0;1.0;1.0;0;0;0;0;0
470218;2.80;0.99;68.0;2900.0;9.75;78.75;31.5;7.84;21.97;14.39;0.93;0;2.31;113582.0;67.0;68.0;52.0;4414.0;990.55;859.36;6.0;1.0;0;1.0;0;0;1.0;0;0;0;0;0;1.0;1.0;0;0;0;0;0
470821;2.32;0.95;70.0;2950.0;9.75;78.75;33.0;6.66;19.67;14.39;1.85;0;2.31;113582.0;69.0;70.0;52.0;4500.0;990.79;839.83;6.0;1.0;0;1.0;0;0;1.0;0;0;0;0;0;1.0;1.0;0;0;0;0;0
471321;2.05;0.90;70.0;2975.0;9.75;78.75;33.75;6.27;18.52;14.39;0.72;0;2.31;113582.0;69.0;70.0;52.0;4520.0;990.79;742.17;6.0;1.0;0;1.0;0;0;1.0;0;0;0;0;0;1.0;1.0;0;0;0;0;0
471826;1.74;0.99;71.0;3001.0;9.75;78.75;34.5;4.31;14.56;14.58;1.77;0;2.31;113582.0;70.0;71.0;52.0;4539.0;990.95;839.83;6.0;1.0;0;1.0;0;0;1.0;0;0;0;0;0;1.0;1.0;0;0;0;0;0
472347;1.85;0.96;71.0;3043.0;9.75;78.75;34.5;5.09;15.67;14.39;0.80;1.85;2.31;113582.0;71.0;71.0;52.0;4516.0;991.14;820.30;6.0;1.0;0;1.0;0;0;1.0;0;0;0;0;0;1.0;1.0;0;0;0;0;0
472849;2.38;0.92;71.0;3050.0;9.75;78.75;34.5;7.05;20.57;14.39;0.27;0.72;2.31;113582.0;71.0;72.0;52.0;4495.0;991.22;800.77;6.0;1.0;0;1.0;0;0;1.0;0;0;0;0;0;1.0;1.0;0;0;0;0;0
473347;2.32;0.88;72.0;3086.0;9.75;78.75;35.25;7.05;20.43;14.48;2.14;0.29;2.31;113582.0;72.0;73.0;52.0;4500.0;991.30;722.64;6.0;1.0;0;1.0;0;0;1.0;0;0;0;0;0;1.0;1.0;0;0;0;0;0
473851;1.22;0.84;73.0;3115.0;9.75;78.75;36.0;4.31;15.04;14.39;0.99;0.03;2.31;113582.0;72.0;74.0;52.0;4572.0;991.37;156.24;6.0;1.0;0;1.0;0;0;1.0;0;0;0;0;0;1.0;1.0;0;0;0;0;0
474370;2.30;1.00;73.0;3293.0;9.75;78.75;37.5;5.88;16.85;14.48;0.42;0;2.31;113582.0;73.0;73.0;52.0;4486.0;991.41;859.36;6.0;1.0;0;1.0;0;0;1.0;0;0;0;0;0;1.0;1.0;0;0;0;0;0
474867;2.12;0.96;73.0;3143.0;9.75;78.75;36.0;5.88;18.14;14.48;0.11;0;2.31;113582.0;73.0;74.0;52.0;4502.0;991.45;839.83;6.0;1.0;0;1.0;0;0;1.0;0;0;0;0;0;1.0;1.0;0;0;0;0;0
475377;1.95;0.93;75.0;3157.0;9.75;78.75;36.0;5.49;17.04;14.48;0;1.85;2.31;113582.0;74.0;75.0;52.0;4514.0;991.45;800.77;6.0;1.0;0;1.0;0;0;1.0;0;0;0;0;0;1.0;1.0;0;0;0;0;0
475875;2.87;0.89;75.0;3180.0;9.75;78.75;35.25;7.45;20.28;14.48;1.56;0.83;2.31;113582.0;75.0;75.0;52.0;4486.0;991.49;839.83;6.0;1.0;0;1.0;0;0;1.0;0;0;0;0;0;1.0;1.0;0;0;0;0;0
476380;4.15;1.00;77.0;3284.0;9.75;78.75;29.25;16.08;28.86;14.39;3.82;0.31;2.31;113582.0;76.0;77.0;52.0;4480.0;991.49;761.70;6.0;1.0;0;1.0;0;0;1.0;0;0;0;0;0;1.0;1.0;0;0;0;0;0
476900;1.23;1.00;78.0;3323.0;9.75;78.75;38.25;3.92;13.38;14.39;1.71;0.03;2.31;113582.0;78.0;79.0;52.0;4540.0;991.53;800.77;6.0;1.0;0;1.0;0;0;1.0;0;0;0;0;0;1.0;1.0;0;0;0;0;0
477397;0.62;0.99;78.0;3328.0;9.75;78.75;38.25;0.78;5.81;14.48;2.10;0;2.31;113582.0;79.0;78.0;52.0;4563.0;991.53;820.30;6.0;1.0;0;1.0;0;0;1.0;0;0;0;0;0;1.0;1.0;0;0;0;0;0
477949;0.67;0.98;78.0;3265.0;9.75;78.75;38.25;0.78;5.99;14.39;2.08;0;2.31;113582.0;78.0;77.0;52.0;4521.0;991.65;605.46;6.0;1.0;0;1.0;0;0;1.0;0;0;0;0;0;1.0;1.0;0;0;0;0;0
478469;0.68;0.97;77.0;3272.0;9.75;78.75;37.5;0.78;5.91;14.48;0.78;0;2.31;113582.0;77.0;77.0;52.0;4522.0;991.65;19.53;6.0;1.0;0;1.0;0;0;1.0;0;0;0;0;0;1.0;1.0;0;0;0;0;0
478971;0.68;0.99;76.0;3199.0;9.75;78.75;36.75;0.39;6.34;14.48;0.31;0;2.31;113582.0;76.0;75.0;52.0;4509.0;991.80;0;6.0;1.0;0;1.0;0;0;1.0;0;0;0;0;0;1.0;1.0;0;0;0;0;0
479491;0.76;1.00;73.0;3128.0;9.75;78.75;-14.25;0;0.36;14.48;0.03;0;2.31;113582.0;73.0;74.0;52.0;4461.0;991.88;703.11;6.0;1.0;0;1.0;0;0;1.0;0;0;0;0;0;1.0;1.0;0;0;0;0;0
480020;1.01;1.00;73.0;3111.0;9.75;78.75;35.25;0.39;9.04;14.39;0;1.85;2.31;113582.0;73.0;73.0;52.0;4157.0;991.84;39.06;6.0;1.0;0;1.0;0;0;1.0;0;0;0;0;0;1.0;1.0;0;0;0;0;0
480529;1.04;1.00;72.0;3071.0;9.75;78.75;35.25;1.96;8.37;14.39;0;0.83;2.31;113582.0;73.0;72.0;52.0;4239.0;992.04;878.89;6.0;1.0;0;1.0;0;0;1.0;0;0;0;0;0;1.0;1.0;0;0;0;0;0
481050;1.76;0.99;72.0;3077.0;9.75;78.75;35.25;4.31;14.08;14.48;1.38;1.58;2.31;113582.0;72.0;73.0;52.0;4362.0;992.12;859.36;6.0;1.0;0;1.0;0;0;1.0;0;0;0;0;0;1.0;1.0;0;0;0;0;0
481535;1.30;0.96;73.0;3110.0;9.75;78.75;35.25;2.74;11.48;14.29;0.48;2.05;2.58;113582.0;73.0;74.0;52.0;4462.0;992.31;839.83;6.0;1.0;0;1.0;0;0;1.0;0;0;0;0;0;1.0;1.0;0;0;0;0;0
482056;1.07;0.95;73.0;3111.0;9.75;78.75;36.0;2.35;9.49;14.39;1.79;0.93;2.31;113582.0;73.0;74.0;52.0;4496.0;992.43;839.83;6.0;1.0;0;1.0;0;0;1.0;0;0;0;0;0;1.0;1.0;0;0;0;0;0
482629;1.76;0.92;73.0;3166.0;9.75;78.75;36.0;5.09;15.57;14.48;2.44;0.35;2.31;113582.0;74.0;74.0;52.0;4483.0;992.55;839.83;6.0;1.0;0;1.0;0;0;1.0;0;0;0;0;0;1.0;1.0;0;0;0;0;0
483124;2.89;0.98;76.0;3227.0;9.75;78.75;33.75;9.41;22.94;14.39;1.11;3.59;2.31;113582.0;75.0;76.0;52.0;4490.0;992.59;820.30;6.0;1.0;0;1.0;0;0;1.0;0;0;0;0;0;1.0;1.0;0;0;0;0;0
483646;2.70;0.92;77.0;3299.0;9.75;79.5;34.5;9.41;22.97;14.39;2.53;1.79;2.31;113582.0;77.0;78.0;52.0;4501.0;992.62;761.70;6.0;1.0;0;1.0;0;0;1.0;0;0;0;0;0;1.0;1.0;0;0;0;0;0
484145;2.58;0.90;80.0;3383.0;9.75;79.5;34.5;9.41;22.87;14.29;2.57;1.79;2.58;113582.0;79.0;80.0;52.0;4516.0;992.66;566.39;6.0;1.0;0;1.0;0;0;1.0;0;0;0;0;0;1.0;1.0;0;0;0;0;0
484644;2.56;0.90;81.0;3427.0;9.75;79.5;35.25;9.02;22.51;14.39;1.11;0.76;2.31;113582.0;80.0;81.0;52.0;4529.0;992.70;624.99;6.0;1.0;0;1.0;0;0;1.0;0;0;0;0;0;1.0;1.0;0;0;0;0;0
485165;2.42;0.89;81.0;3458.0;9.75;79.5;37.5;8.23;21.57;14.39;2.20;0.27;2.31;113582.0;81.0;81.0;52.0;4517.0;992.78;624.99;6.0;1.0;0;1.0;0;0;1.0;0;0;0;0;0;1.0;1.0;0;0;0;0;0
485675;2.32;0.89;82.0;3531.0;9.75;79.5;38.25;7.84;20.90;14.29;0.95;1.56;2.58;113582.0;82.0;83.0;52.0;4512.0;992.78;781.24;6.0;1.0;0;1.0;0;0;1.0;0;0;0;0;0;1.0;1.0;0;0;0;0;0
486174;0.87;1.00;83.0;3406.0;9.75;79.5;39.0;1.96;7.95;14.48;0.33;0.64;2.31;113582.0;84.0;84.0;52.0;4557.0;992.94;820.30;6.0;1.0;0;1.0;0;0;1.0;0;0;0;0;0;1.0;1.0;0;0;0;0;0
486714;1.07;0.98;83.0;3545.0;9.75;79.5;40.5;2.74;9.02;14.48;0.03;0.21;2.31;113582.0;84.0;84.0;52.0;4518.0;992.90;839.83;6.0;1.0;0;1.0;0;0;1.0;0;0;0;0;0;1.0;1.0;0;0;0;0;0
487235;1.25;0.96;83.0;3573.0;9.75;79.5;40.5;3.13;10.56;14.48;0;3.32;2.31;113582.0;84.0;84.0;52.0;4513.0;992.98;839.83;6.0;1.0;0;1.0;0;0;1.0;0;0;0;0;0;1.0;1.0;0;0;0;0;0
487734;1.98;0.94;85.0;3584.0;9.75;79.5;40.5;5.49;15.81;14.48;0;1.19;2.31;113582.0;85.0;84.0;52.0;4467.0;993.33;839.83;6.0;1.0;0;1.0;0;0;1.0;0;0;0;0;0;1.0;1.0;0;0;0;0;0
488244;1.38;1.00;86.0;3617.0;9.75;79.5;41.25;3.92;12.26;14.39;0;0.42;2.31;113582.0;86.0;86.0;52.0;4527.0;993.52;820.30;6.0;1.0;0;1.0;0;0;1.0;0;0;0;0;0;1.0;1.0;0;0;0;0;0
488742;1.04;0.98;86.0;3639.0;9.75;79.5;41.25;2.35;8.83;14.48;0;0.09;2.31;113582.0;86.0;86.0;52.0;4529.0;993.64;839.83;6.0;1.0;0;1.0;0;0;1.0;0;0;0;0;0;1.0;1.0;0;0;0;0;0
489304;0.85;0.96;85.0;3598.0;9.75;79.5;41.25;1.56;7.22;14.48;0;0;2.31;113582.0;85.0;85.0;52.0;4538.0;993.76;839.83;6.0;1.0;0;1.0;0;0;1.0;0;0;0;0;0;1.0;1.0;0;0;0;0;0
489802;0.78;0.95;85.0;3562.0;9.75;79.5;40.5;1.56;6.66;14.48;0;0;2.31;113582.0;85.0;84.0;52.0;4515.0;993.84;820.30;6.0;1.0;0;1.0;0;0;1.0;0;0;0;0;0;1.0;1.0;0;0;0;0;0
490324;0.58;1.00;85.0;3547.0;9.75;79.5;41.25;0;8.00;14.39;0;0;2.31;113582.0;85.0;83.0;52.0;4521.0;993.87;800.77;6.0;1.0;0;1.0;0;0;1.0;0;0;0;0;0;1.0;1.0;0;0;0;0;0
490862;0.59;1.00;83.0;3478.0;9.75;79.5;-30.0;0;0;14.48;1.23;0;2.31;113583.0;83.0;82.0;52.0;4566.0;993.99;0;6.0;1.0;0;1.0;0;0;1.0;0;0;0;0;0;1.0;1.0;0;0;0;0;0
491380;0.6;1.00;82.0;3440.0;9.75;79.5;-30.0;0;0;14.48;0.37;0;2.31;113583.0;82.0;81.0;52.0;4566.0;994.15;0;6.0;1.0;0;1.0;0;0;1.0;0;0;0;0;0;1.0;1.0;0;0;0;0;0
491890;0.60;1.00;81.0;3421.0;10.5;79.5;-30.0;0;0;14.48;1.26;1.75;2.31;113583.0;81.0;81.0;52.0;4560.0;994.19;0;6.0;1.0;0;1.0;0;0;1.0;0;0;0;0;0;1.0;1.0;0;0;0;0;0
492390;0.6;1.00;81.0;3385.0;10.5;79.5;-30.0;0;0;14.48;1.89;2.89;2.31;113583.0;81.0;80.0;52.0;4563.0;994.34;0;6.0;1.0;0;1.0;0;0;1.0;0;0;0;0;0;1.0;1.0;0;0;0;0;0
492889;0.60;1.00;80.0;3340.0;10.5;80.25;-30.0;0;0;14.48;69.50;71.01;2.31;113583.0;80.0;79.0;51.0;4569.0;994.46;0;6.0;1.0;0;1.0;0;0;1.0;0;0;0;0;0;1.0;1.0;0;0;0;0;0
493410;0.80;1.00;78.0;3335.0;10.5;80.25;38.25;1.17;6.46;14.29;190.67;187.66;2.58;113583.0;78.0;78.0;51.0;4222.0;994.66;19.53;6.0;1.0;0;1.0;0;0;1.0;0;0;0;0;0;1.0;1.0;0;0;0;0;0
493983;1.0;1.00;77.0;3281.0;10.5;80.25;38.25;1.56;7.94;14.48;229.49;250.00;2.31;113583.0;77.0;77.0;51.0;4241.0;994.81;898.42;6.0;1.0;0;1.0;0;0;1.0;0;0;0;0;0;1.0;1.0;0;0;0;0;0
494553;1.10;0.99;77.0;3275.0;10.5;80.25;37.5;2.35;9.02;14.48;230.59;314.76;2.31;113583.0;77.0;77.0;51.0;4383.0;994.97;878.89;6.0;1.0;0;1.0;0;0;1.0;0;0;0;0;0;1.0;1.0;0;0;0;0;0
495117;1.27;0.97;77.0;3256.0;10.5;80.25;38.25;3.13;10.78;14.29;303.47;273.20;2.58;113583.0;77.0;78.0;51.0;4473.0;995.05;859.36;6.0;1.0;0;1.0;0;0;1.0;0;0;0;0;0;1.0;1.0;0;0;0;0;0
495829;2.59;1.00;78.0;3315.0;10.5;80.25;36.75;6.66;19.78;14.48;279.35;315.95;2.31;113583.0;77.0;78.0;51.0;4461.0;995.09;859.36;6.0;1.0;0;1.0;0;0;1.0;0;0;0;0;0;1.0;1.0;0;0;0;0;0
496376;3.60;1.00;80.0;3414.0;10.5;80.25;32.25;12.55;25.98;14.39;221.23;323.51;2.31;113583.0;79.0;81.0;51.0;4497.0;995.36;781.24;6.0;1.0;0;1.0;0;0;1.0;0;0;0;0;0;0;1.0;0;0;0;0;0
496948;3.25;0.94;82.0;3508.0;10.5;80.25;31.5;14.11;26.78;14.39;151.57;318.08;2.31;113583.0;81.0;83.0;51.0;4531.0;995.40;644.52;6.0;1.0;0;1.0;0;0;1.0;0;0;0;0;0;1.0;1.0;0;0;0;0;0
497446;2.55;0.89;83.0;3577.0;10.5;80.25;36.75;9.80;22.84;14.48;142.15;239.04;2.31;113583.0;84.0;84.0;51.0;4530.0;995.48;683.58;6.0;1.0;0;1.0;0;0;1.0;0;0;0;0;0;1.0;1.0;0;0;0;0;0
497966;2.42;0.89;86.0;3648.0;10.5;80.25;37.5;8.62;21.63;14.48;170.26;272.13;2.31;113583.0;85.0;86.0;51.0;4521.0;995.67;742.17;6.0;1.0;0;1.0;0;0;1.0;0;0;0;0;0;1.0;1.0;0;0;0;0;0
498510;1.16;1.00;87.0;3673.0;10.5;80.25;42.0;3.52;11.78;14.29;261.64;311.17;2.58;113583.0;86.0;87.0;51.0;4540.0;995.83;820.30;6.0;1.0;0;1.0;0;0;1.0;0;0;0;0;0;1.0;1.0;0;0;0;0;0
499071;0.87;0.99;86.0;3666.0;10.5;80.25;42.0;1.96;7.67;14.48;312.44;338.94;2.31;113583.0;86.0;87.0;51.0;4555.0;996.02;859.36;6.0;1.0;0;1.0;0;0;1.0;0;0;0;0;0;1.0;1.0;0;0;0;0;0
499609;0.56;1.00;86.0;3609.0;10.5;80.25;41.25;0;7.71;14.48;342.20;351.05;2.31;113583.0;86.0;84.0;51.0;4528.0;996.14;644.52;6.0;1.0;0;1.0;0;0;1.0;0;0;0;0;0;1.0;1.0;0;0;0;0;0
500165;1.16;1.00;82.0;3494.0;10.5;80.25;39.75;0.39;8.52;14.48;350.11;344.48;2.31;113583.0;83.0;83.0;51.0;4186.0;996.26;0;6.0;1.0;0;1.0;0;0;1.0;0;0;0;0;0;1.0;1.0;0;0;0;0;0
500686;0.75;1.00;82.0;3464.0;10.5;80.25;39.75;1.17;6.00;14.39;316.44;343.16;2.31;113583.0;82.0;82.0;51.0;4228.0;996.34;820.30;6.0;1.0;0;1.0;0;0;1.0;0;0;0;0;0;1.0;1.0;0;0;0;0;0
501229;1.33;1.00;81.0;3439.0;10.5;80.25;39.0;2.74;10.00;14.29;205.37;271.81;2.58;113583.0;81.0;82.0;51.0;4364.0;996.37;839.83;6.0;1.0;0;1.0;0;0;1.0;0;0;0;0;0;1.0;1.0;0;0;0;0;0
501728;1.2;0.98;81.0;3438.0;10.5;80.25;39.0;2.74;9.80;14.39;229.77;172.50;2.31;113583.0;81.0;81.0;51.0;4458.0;996.37;839.83;6.0;1.0;0;1.0;0;0;1.0;0;0;0;0;0;1.0;1.0;0;0;0;0;0
502290;1.12;0.96;80.0;3425.0;10.5;80.25;39.0;2.74;9.55;14.39;247.73;125.24;2.31;113583.0;80.0;81.0;51.0;4502.0;996.41;839.83;6.0;1.0;0;1.0;0;0;1.0;0;0;0;0;0;1.0;1.0;0;0;0;0;0
502788;0.99;0.95;80.0;3374.0;10.5;80.25;39.0;1.96;8.66;14.39;281.85;118.27;2.31;113583.0;80.0;80.0;51.0;4509.0;996.49;820.30;6.0;1.0;0;1.0;0;0;1.0;0;0;0;0;0;1.0;1.0;0;0;0;0;0
503349;0.87;0.93;78.0;3345.0;10.5;80.25;38.25;1.56;7.71;14.29;268.55;105.32;2.58;113583.0;79.0;79.0;51.0;4525.0;996.69;820.30;6.0;1.0;0;1.0;0;0;1.0;0;0;0;0;0;1.0;1.0;0;0;0;0;0
503886;1.21;0.91;80.0;3372.0;10.5;80.25;39.0;3.13;10.92;14.39;207.27;159.56;2.31;113583.0;79.0;80.0;51.0;4506.0;996.84;800.77;6.0;1.0;0;1.0;0;0;1.0;0;0;0;0;0;1.0;1.0;0;0;0;0;0
504481;1.21;0.89;80.0;3362.0;10.5;80.25;39.0;3.13;11.18;14.39;251.13;266.97;2.31;113583.0;79.0;80.0;51.0;4517.0;996.88;781.24;6.0;1.0;0;1.0;0;0;1.0;0;0;0;0;0;1.0;1.0;0;0;0;0;0
505034;0.84;0.88;80.0;3338.0;10.5;80.25;38.25;1.56;7.72;14.48;315.40;321.52;2.31;113583.0;80.0;79.0;51.0;4512.0;997.16;800.77;6.0;1.0;0;1.0;0;0;1.0;0;0;0;0;0;1.0;1.0;0;0;0;0;0
505624;1.0;0.86;78.0;3309.0;10.5;80.25;38.25;2.35;9.60;14.39;332.57;341.75;2.31;113583.0;78.0;78.0;51.0;4510.0;997.35;781.24;6.0;1.0;0;1.0;0;0;1.0;0;0;0;0;0;1.0;1.0;0;0;0;0;0
506130;1.09;0.84;77.0;3285.0;10.5;80.25;37.5;2.74;10.46;14.29;346.26;345.56;2.58;113583.0;77.0;77.0;51.0;4514.0;997.47;761.70;6.0;1.0;0;1.0;0;0;1.0;0;0;0;0;0;1.0;1.0;0;0;0;0;0
506636;1.59;0.82;77.0;3285.0;10.5;80.25;38.25;5.09;15.30;14.48;311.95;331.26;2.31;113583.0;77.0;78.0;51.0;4492.0;997.55;644.52;6.0;1.0;0;1.0;0;0;1.0;0;0;0;0;0;1.0;1.0;0;0;0;0;0
507154;1.63;0.79;77.0;3316.0;10.5;80.25;38.25;5.49;16.68;14.48;296.77;347.12;2.31;113583.0;77.0;78.0;51.0;4496.0;997.59;156.24;6.0;1.0;0;1.0;0;0;1.0;0;0;0;0;0;1.0;1.0;0;0;0;0;0
507685;1.92;0.83;78.0;3359.0;10.5;80.25;38.25;6.27;18.28;14.48;327.75;342.20;2.31;113583.0;78.0;79.0;51.0;4506.0;997.78;19.53;6.0;1.0;0;1.0;0;0;1.0;0;0;0;0;0;1.0;1.0;0;0;0;0;0
508209;2.14;0.88;81.0;3412.0;10.5;80.25;37.5;7.05;19.47;14.48;318.47;342.84;2.31;113583.0;80.0;81.0;51.0;4509.0;997.82;761.70;6.0;1.0;0;1.0;0;0;1.0;0;0;0;0;0;1.0;1.0;0;0;0;0;0
508758;1.68;0.84;81.0;3465.0;10.5;80.25;39.75;5.49;16.35;14.48;321.73;336.77;2.31;113583.0;81.0;82.0;51.0;4535.0;998.13;781.24;6.0;1.0;0;1.0;0;0;1.0;0;0;0;0;0;1.0;1.0;0;0;0;0;0
509256;1.12;0.81;81.0;3422.0;10.5;80.25;39.0;3.52;11.20;14.48;316.79;316.54;2.31;113583.0;82.0;82.0;51.0;4536.0;998.41;585.93;6.0;1.0;0;1.0;0;0;1.0;0;0;0;0;0;1.0;1.0;0;0;0;0;0
509775;1.08;0.81;81.0;3421.0;10.5;80.25;39.0;3.13;10.76;14.48;343.47;325.21;2.31;113583.0;81.0;81.0;51.0;4514.0;998.48;566.39;6.0;1.0;0;1.0;0;0;1.0;0;0;0;0;0;1.0;1.0;0;0;0;0;0
510366;0.98;0.81;81.0;3421.0;10.5;80.25;39.0;2.74;9.84;14.39;236.44;352.86;2.31;113583.0;81.0;81.0;51.0;4525.0;998.60;781.24;6.0;1.0;0;1.0;0;0;1.0;0;0;0;0;0;1.0;1.0;0;0;0;0;0
510886;0.53;0.79;81.0;3395.0;10.5;80.25;39.0;0.39;5.70;14.39;290.31;360.36;2.31;113583.0;81.0;80.0;51.0;4525.0;998.72;0;6.0;1.0;0;1.0;0;0;1.0;0;0;0;0;0;1.0;1.0;0;0;0;0;0
511440;2.16;1.00;81.0;3454.0;10.5;80.25;39.0;5.88;16.97;14.48;326.19;357.69;2.31;113583.0;80.0;81.0;51.0;4464.0;998.80;839.83;6.0;1.0;0;1.0;0;0;1.0;0;0;0;0;0;1.0;1.0;0;0;0;0;0
511961;2.99;0.98;82.0;3510.0;10.5;80.25;35.25;10.19;23.30;14.39;344.45;336.34;2.31;113583.0;82.0;83.0;51.0;4477.0;998.84;820.30;6.0;1.0;0;1.0;0;0;1.0;0;0;0;0;0;1.0;1.0;0;0;0;0;0
512460;2.19;0.92;83.0;3552.0;10.5;80.25;39.75;6.66;19.06;14.39;347.00;334.88;2.31;113583.0;84.0;84.0;51.0;4530.0;998.91;800.77;6.0;1.0;0;1.0;0;0;1.0;0;0;0;0;0;1.0;1.0;0;0;0;0;0
513015;1.45;0.98;83.0;3562.0;10.5;80.25;40.5;3.92;12.09;14.48;346.24;321.17;2.31;113583.0;84.0;84.0;51.0;4537.0;998.99;820.30;6.0;1.0;0;1.0;0;0;1.0;0;0;0;0;0;1.0;1.0;0;0;0;0;0
513533;1.36;0.96;85.0;3571.0;10.5;80.25;40.5;3.52;11.41;14.48;342.08;315.21;2.31;113583.0;85.0;85.0;51.0;4517.0;999.11;820.30;6.0;1.0;0;1.0;0;0;1.0;0;0;0;0;0;1.0;1.0;0;0;0;0;0
514200;1.30;0.94;85.0;3588.0;10.5;80.25;40.5;3.52;11.12;14.48;341.54;318.90;2.31;113583.0;85.0;85.0;51.0;4519.0;999.42;800.77;6.0;1.0;0;1.0;0;0;1.0;0;0;0;0;0;1.0;1.0;0;0;0;0;0
514714;1.44;0.91;85.0;3615.0;10.5;80.25;41.25;4.31;12.59;14.48;349.99;226.62;2.31;113583.0;85.0;85.0;51.0;4510.0;999.66;800.77;6.0;1.0;0;1.0;0;0;1.0;0;0;0;0;0;1.0;1.0;0;0;0;0;0
515253;1.39;0.89;86.0;3636.0;10.5;80.25;41.25;4.31;12.55;14.48;280.07;191.31;2.31;113583.0;86.0;86.0;51.0;4512.0;999.85;781.24;6.0;1.0;0;1.0;0;0;1.0;0;0;0;0;0;1.0;1.0;0;0;0;0;0
515765;1.35;0.87;86.0;3664.0;10.5;80.25;42.0;4.31;12.60;14.48;319.90;244.88;2.31;113583.0;86.0;86.0;51.0;4521.0;999.93;781.24;6.0;1.0;0;1.0;0;0;1.0;0;0;0;0;0;1.0;1.0;0;0;0;0;0
516300;1.31;0.84;86.0;3682.0;10.5;80.25;42.0;4.31;12.54;14.39;338.68;308.30;2.31;113583.0;87.0;87.0;51.0;4515.0;1000.01;761.70;6.0;1.0;0;1.0;0;0;1.0;0;0;0;0;0;1.0;1.0;0;0;0;0;0
516822;1.48;0.82;87.0;3710.0;10.5;80.25;42.75;5.09;14.51;14.48;344.60;339.54;2.31;113583.0;87.0;87.0;51.0;4503.0;1000.05;703.11;6.0;1.0;0;1.0;0;0;1.0;0;0;0;0;0;1.0;1.0;0;0;0;0;0
517371;1.45;0.78;88.0;3726.0;10.5;80.25;42.75;5.49;14.85;14.48;349.87;352.92;2.31;113583.0;88.0;88.0;51.0;4513.0;1000.09;546.86;6.0;1.0;0;1.0;0;0;1.0;0;0;0;0;0;1.0;1.0;0;0;0;0;0
517876;1.44;0.79;88.0;3757.0;10.5;80.25;42.75;5.49;14.73;14.39;353.14;351.73;2.31;113583.0;89.0;88.0;51.0;4508.0;1000.20;117.18;6.0;1.0;0;1.0;0;0;1.0;0;0;0;0;0;1.0;1.0;0;0;0;0;0
518375;1.58;0.82;90.0;3795.0;10.5;80.25;43.5;5.49;15.45;14.48;338.92;350.89;2.31;113583.0;90.0;89.0;51.0;4512.0;1000.24;781.24;6.0;1.0;0;1.0;0;0;1.0;0;0;0;0;0;1.0;1.0;0;0;0;0;0
518894;1.52;0.79;90.0;3794.0;10.5;80.25;43.5;5.49;15.45;14.39;314.33;335.48;2.31;113583.0;90.0;90.0;51.0;4511.0;1000.52;703.11;6.0;1.0;0;1.0;0;0;1.0;0;0;0;0;0;1.0;1.0;0;0;0;0;0
519393;1.50;0.78;90.0;3805.0;10.5;81.0;43.5;5.49;15.26;14.39;295.19;324.43;2.31;113583.0;89.0;90.0;51.0;4520.0;1000.63;468.74;6.0;1.0;0;1.0;0;0;1.0;0;0;0;0;0;1.0;1.0;0;0;0;0;0
519960;1.49;0.80;90.0;3825.0;10.5;81.0;43.5;5.49;14.92;14.29;314.74;282.38;2.58;113583.0;90.0;90.0;51.0;4520.0;1000.79;722.64;6.0;1.0;0;1.0;0;0;1.0;0;0;0;0;0;1.0;1.0;0;0;0;0;0
520493;1.52;0.80;91.0;3829.0;10.5;81.0;43.5;5.49;15.20;14.48;220.72;232.89;2.31;113583.0;91.0;90.0;51.0;4506.0;1000.98;624.99;6.0;1.0;0;1.0;0;0;1.0;0;0;0;0;0;1.0;1.0;0;0;0;0;0
521014;1.44;0.77;90.0;3833.0;10.5;81.0;43.5;5.49;14.88;14.29;178.42;200.63;2.58;113583.0;90.0;91.0;51.0;4529.0;1001.14;97.65;6.0;1.0;0;1.0;0;0;1.0;0;0;0;0;0;1.0;1.0;0;0;0;0;0
521515;1.66;0.81;90.0;3837.0;10.5;81.0;42.75;6.27;16.44;14.48;263.51;200.33;2.31;113583.0;91.0;91.0;51.0;4502.0;1001.22;703.11;6.0;1.0;0;1.0;0;0;1.0;0;0;0;0;0;1.0;1.0;0;0;0;0;0
522014;2.01;0.81;91.0;3866.0;10.5;81.0;41.25;7.84;19.69;14.39;300.84;240.37;2.31;113583.0;91.0;91.0;51.0;4520.0;1001.26;39.06;6.0;1.0;0;1.0;0;0;1.0;0;0;0;0;0;1.0;1.0;0;0;0;0;0
522585;2.2;0.87;91.0;3885.0;10.5;81.0;42.0;7.84;19.91;14.39;341.32;296.79;2.31;113583.0;91.0;92.0;51.0;4502.0;1001.34;761.70;6.0;1.0;0;1.0;0;0;1.0;0;0;0;0;0;1.0;1.0;0;0;0;0;0
523118;2.05;0.83;92.0;3901.0;10.5;81.0;42.0;7.84;19.68;14.48;337.41;319.70;2.31;113583.0;92.0;92.0;51.0;4527.0;1001.34;683.58;6.0;1.0;0;1.0;0;0;1.0;0;0;0;0;0;1.0;1.0;0;0;0;0;0
523727;2.00;0.83;92.0;3918.0;10.5;81.0;42.75;7.45;19.15;14.48;336.89;271.81;2.31;113583.0;93.0;93.0;51.0;4511.0;1001.38;214.84;6.0;1.0;0;1.0;0;0;1.0;0;0;0;0;0;1.0;1.0;0;0;0;0;0
524273;2.04;0.86;92.0;3937.0;10.5;80.25;42.75;7.45;18.91;14.48;316.13;247.38;2.31;113583.0;93.0;93.0;51.0;4515.0;1001.73;761.70;6.0;1.0;0;1.0;0;0;1.0;0;0;0;0;0;1.0;1.0;0;0;0;0;0
524794;1.88;0.79;93.0;3957.0;10.5;80.25;42.75;7.45;18.86;14.39;233.91;310.50;2.31;113583.0;93.0;94.0;51.0;4515.0;1001.84;136.71;6.0;1.0;0;1.0;0;0;1.0;0;0;0;0;0;1.0;1.0;0;0;0;0;0
525332;1.99;0.85;95.0;4040.0;10.5;80.25;43.5;7.45;18.60;14.39;311.75;160.55;2.31;113583.0;95.0;95.0;51.0;4509.0;1002.08;781.24;6.0;1.0;0;1.0;0;0;1.0;0;0;0;0;0;1.0;1.0;0;0;0;0;0
525853;1.76;0.79;95.0;4019.0;10.5;80.25;44.25;6.66;17.64;14.29;185.65;267.40;2.58;113583.0;94.0;95.0;51.0;4520.0;1002.27;527.33;6.0;1.0;0;1.0;0;0;1.0;0;0;0;0;0;1.0;1.0;0;0;0;0;0
526395;1.73;0.81;93.0;4004.0;10.5;80.25;43.5;6.66;17.12;14.39;75.71;329.60;2.31;113583.0;94.0;94.0;51.0;4512.0;1002.35;703.11;6.0;1.0;0;1.0;0;0;1.0;0;0;0;0;0;1.0;1.0;0;0;0;0;0
526894;1.44;0.99;93.0;3964.0;10.5;80.25;45.75;3.92;11.89;14.48;32.49;350.85;2.31;113583.0;93.0;94.0;51.0;4526.0;1002.43;859.36;6.0;1.0;0;1.0;0;0;1.0;0;0;0;0;0;1.0;1.0;0;0;0;0;0
527415;0.84;0.99;92.0;3904.0;10.5;80.25;45.0;1.96;6.81;14.48;52.88;342.16;2.31;113583.0;93.0;92.0;51.0;4518.0;1002.51;839.83;6.0;1.0;0;1.0;0;0;1.0;0;0;0;0;0;1.0;1.0;0;0;0;0;0
527912;1.42;0.97;92.0;3886.0;10.5;80.25;44.25;3.92;11.89;14.48;202.56;341.75;2.31;113583.0;92.0;91.0;51.0;4483.0;1002.55;820.30;6.0;1.0;0;1.0;0;0;1.0;0;0;0;0;0;1.0;1.0;0;0;0;0;0
528433;1.71;0.94;91.0;3883.0;10.5;80.25;44.25;5.09;14.51;14.29;251.74;350.09;2.58;113583.0;92.0;92.0;51.0;4494.0;1002.55;839.83;6.0;1.0;0;1.0;0;0;1.0;0;0;0;0;0;1.0;1.0;0;0;0;0;0
529020;1.64;0.91;91.0;3878.0;10.5;80.25;44.25;5.09;14.52;14.39;256.62;356.01;2.31;113583.0;92.0;91.0;51.0;4511.0;1002.59;820.30;6.0;1.0;0;1.0;0;0;1.0;0;0;0;0;0;1.0;1.0;0;0;0;0;0
529540;1.57;0.87;91.0;3894.0;10.5;80.25;44.25;5.09;14.45;14.39;317.55;316.67;2.31;113583.0;92.0;92.0;51.0;4510.0;1002.66;800.77;6.0;1.0;0;1.0;0;0;1.0;0;0;0;0;0;1.0;1.0;0;0;0;0;0
530072;1.56;0.84;92.0;3904.0;10.5;80.25;44.25;5.49;14.96;14.48;264.47;307.49;2.31;113583.0;92.0;92.0;51.0;4516.0;1002.82;781.24;6.0;1.0;0;1.0;0;0;1.0;0;0;0;0;0;1.0;1.0;0;0;0;0;0
530578;1.48;0.80;92.0;3912.0;10.5;80.25;44.25;5.49;14.66;14.20;246.70;311.85;2.58;113583.0;92.0;92.0;51.0;4516.0;1003.05;722.64;6.0;1.0;0;1.0;0;0;1.0;0;0;0;0;0;1.0;1.0;0;0;0;0;0
531099;1.40;0.77;92.0;3914.0;10.5;80.25;44.25;5.09;14.68;14.39;228.55;294.23;2.31;113583.0;92.0;92.0;51.0;4517.0;1003.29;605.46;6.0;1.0;0;1.0;0;0;1.0;0;0;0;0;0;1.0;1.0;0;0;0;0;0
531603;1.22;0.75;92.0;3905.0;10.5;80.25;44.25;4.70;13.22;14.58;228.63;203.87;2.31;113583.0;93.0;92.0;51.0;4510.0;1003.41;195.31;6.0;1.0;0;1.0;0;0;1.0;0;0;0;0;0;1.0;1.0;0;0;0;0;0
532102;1.20;0.78;92.0;3892.0;10.5;80.25;44.25;4.31;12.40;14.48;169.73;172.54;2.31;113583.0;92.0;92.0;51.0;4519.0;1003.56;429.68;6.0;1.0;0;1.0;0;0;1.0;0;0;0;0;0;1.0;1.0;0;0;0;0;0
532702;1.37;0.80;91.0;3886.0;10.5;80.25;44.25;5.09;13.84;14.39;124.79;192.52;2.31;113584.0;92.0;92.0;51.0;4509.0;1003.64;703.11;6.0;1.0;0;1.0;0;0;1.0;0;0;0;0;0;1.0;1.0;0;0;0;0;0
533245;1.22;0.77;91.0;3893.0;10.5;80.25;44.25;4.31;12.70;14.48;206.11;212.09;2.31;113584.0;92.0;92.0;51.0;4505.0;1003.72;332.02;6.0;1.0;0;1.0;0;0;1.0;0;0;0;0;0;1.0;1.0;0;0;0;0;0
533847;1.23;0.78;91.0;3881.0;10.5;80.25;44.25;4.31;12.68;14.39;275.88;249.41;2.31;113584.0;91.0;92.0;51.0;4527.0;1003.68;722.64;6.0;1.0;0;1.0;0;0;1.0;0;0;0;0;0;1.0;1.0;0;0;0;0;0
534380;1.41;0.80;91.0;3862.0;10.5;80.25;44.25;5.09;13.86;14.29;325.03;316.85;2.58;113584.0;91.0;91.0;51.0;4512.0;1003.76;742.17;6.0;1.0;0;1.0;0;0;1.0;0;0;0;0;0;1.0;1.0;0;0;0;0;0
534902;1.44;0.77;91.0;3848.0;10.5;80.25;44.25;5.49;15.03;14.39;342.90;338.37;2.31;113584.0;91.0;91.0;51.0;4510.0;1003.80;97.65;6.0;1.0;0;1.0;0;0;1.0;0;0;0;0;0;1.0;1.0;0;0;0;0;0
535410;1.57;0.81;90.0;3819.0;10.5;80.25;42.75;5.49;15.50;14.48;336.83;350.25;2.31;113584.0;90.0;90.0;51.0;4507.0;1003.84;742.17;6.0;1.0;0;1.0;0;0;1.0;0;0;0;0;0;1.0;1.0;0;0;0;0;0
535914;1.58;0.79;90.0;3818.0;10.5;80.25;42.75;5.49;15.85;14.48;347.49;338.94;2.31;113584.0;90.0;90.0;51.0;4518.0;1003.84;761.70;6.0;1.0;0;1.0;0;0;1.0;0;0;0;0;0;1.0;1.0;0;0;0;0;0
536430;1.48;0.77;90.0;3815.0;10.5;80.25;43.5;5.49;15.26;14.39;333.57;283.36;2.31;113584.0;90.0;90.0;51.0;4510.0;1003.84;58.59;6.0;1.0;0;1.0;0;0;1.0;0;0;0;0;0;1.0;1.0;0;0;0;0;0
537027;1.51;0.81;90.0;3786.0;10.5;80.25;43.5;5.09;15.17;14.39;286.75;285.68;2.31;113584.0;89.0;90.0;51.0;4522.0;1003.88;488.27;6.0;1.0;0;1.0;0;0;1.0;0;0;0;0;0;1.0;1.0;0;0;0;0;0
537630;1.52;0.81;88.0;3788.0;10.5;80.25;43.5;5.49;15.17;14.29;309.08;264.53;2.58;113584.0;89.0;89.0;51.0;4508.0;1003.99;761.70;6.0;1.0;0;1.0;0;0;1.0;0;0;0;0;0;1.0;1.0;0;0;0;0;0
538182;1.48;0.79;88.0;3759.0;10.5;80.25;43.5;5.09;15.22;14.58;225.43;233.63;2.31;113584.0;89.0;89.0;51.0;4519.0;1004.34;624.99;6.0;1.0;0;1.0;0;0;1.0;0;0;0;0;0;1.0;1.0;0;0;0;0;0
538714;1.77;0.81;88.0;3775.0;10.5;80.25;42.75;6.66;17.50;14.29;200.88;201.74;2.58;113584.0;89.0;89.0;51.0;4511.0;1004.50;742.17;6.0;1.0;0;1.0;0;0;1.0;0;0;0;0;0;1.0;1.0;0;0;0;0;0
539225;1.87;0.81;90.0;3792.0;10.5;80.25;42.0;6.66;18.47;14.48;240.90;239.55;2.31;113584.0;90.0;89.0;51.0;4507.0;1004.54;664.05;6.0;1.0;0;1.0;0;0;1.0;0;0;0;0;0;1.0;1.0;0;0;0;0;0
539733;1.86;0.79;90.0;3818.0;10.5;80.25;42.0;6.66;18.66;14.39;301.66;311.24;2.31;113584.0;91.0;90.0;51.0;4507.0;1004.73;273.43;6.0;1.0;0;1.0;0;0;1.0;0;0;0;0;0;1.0;1.0;0;0;0;0;0
540289;1.88;0.82;90.0;3831.0;10.5;80.25;42.75;7.05;18.35;14.58;334.08;338.41;2.31;113584.0;90.0;90.0;51.0;4510.0;1004.85;781.24;6.0;1.0;0;1.0;0;0;1.0;0;0;0;0;0;1.0;1.0;0;0;0;0;0
540788;1.80;0.81;91.0;3845.0;10.5;80.25;42.75;6.66;17.68;14.48;331.97;350.52;2.31;113584.0;90.0;91.0;51.0;4518.0;1004.93;742.17;6.0;1.0;0;1.0;0;0;1.0;0;0;0;0;0;1.0;1.0;0;0;0;0;0
541309;1.67;0.77;90.0;3849.0;10.5;80.25;42.75;6.27;17.35;14.48;345.19;325.52;2.31;113584.0;91.0;91.0;51.0;4512.0;1005.01;78.12;6.0;1.0;0;1.0;0;0;1.0;0;0;0;0;0;1.0;1.0;0;0;0;0;0
541865;1.72;0.80;90.0;3822.0;10.5;80.25;42.75;6.27;17.23;14.39;321.89;333.61;2.31;113584.0;90.0;90.0;51.0;4521.0;1005.05;800.77;6.0;1.0;0;1.0;0;0;1.0;0;0;0;0;0;1.0;1.0;0;0;0;0;0
542364;1.49;0.80;90.0;3814.0;10.5;80.25;43.5;5.49;14.96;14.48;311.91;285.48;2.31;113584.0;90.0;90.0;51.0;4518.0;1005.05;781.24;6.0;1.0;0;1.0;0;0;1.0;0;0;0;0;0;1.0;1.0;0;0;0;0;0
542927;1.46;0.76;90.0;3813.0;10.5;80.25;43.5;5.49;15.27;14.29;294.18;261.70;2.58;113584.0;90.0;90.0;51.0;4522.0;1005.09;97.65;6.0;1.0;0;1.0;0;0;1.0;0;0;0;0;0;1.0;1.0;0;0;0;0;0
543470;1.56;0.80;90.0;3827.0;10.5;80.25;42.75;5.49;15.57;14.39;224.47;197.54;2.31;113584.0;90.0;90.0;51.0;4507.0;1005.09;800.77;6.0;1.0;0;1.0;0;0;1.0;0;0;0;0;0;1.0;1.0;0;0;0;0;0
543968;1.56;0.80;91.0;3839.0;10.5;80.25;43.5;5.49;15.68;14.39;208.97;178.95;2.31;113584.0;91.0;91.0;51.0;4515.0;1005.09;781.24;6.0;1.0;0;1.0;0;0;1.0;0;0;0;0;0;1.0;1.0;0;0;0;0;0
544536;1.32;0.76;91.0;3846.0;10.5;80.25;44.25;5.09;13.94;14.39;209.36;151.72;2.31;113584.0;91.0;91.0;51.0;4536.0;1005.13;605.46;6.0;1.0;0;1.0;0;0;1.0;0;0;0;0;0;1.0;1.0;0;0;0;0;0
545074;0.50;1.00;91.0;3781.0;10.5;80.25;-30.0;0;0;14.39;252.73;232.54;2.31;113584.0;91.0;89.0;51.0;4568.0;1005.32;644.52;6.0;1.0;0;1.0;0;0;1.0;0;0;0;0;0;1.0;1.0;0;0;0;0;0
545592;0.54;1.00;88.0;3733.0;10.5;80.25;-30.0;0;0;14.48;312.38;308.24;2.31;113584.0;89.0;88.0;51.0;4577.0;1005.36;0;6.0;1.0;0;1.0;0;0;1.0;0;0;0;0;0;1.0;1.0;0;0;0;0;0
546146;0.56;1.00;87.0;3689.0;10.5;80.25;-30.0;0;0;14.48;325.40;338.12;2.31;113584.0;88.0;87.0;51.0;4563.0;1005.40;0;6.0;1.0;0;1.0;0;0;1.0;0;0;0;0;0;1.0;1.0;0;0;0;0;0
546671;0.58;1.00;86.0;3630.0;10.5;80.25;-30.0;0;0;14.29;348.66;344.06;2.58;113584.0;87.0;86.0;51.0;4553.0;1005.67;0;6.0;1.0;0;1.0;0;0;1.0;0;0;0;0;0;1.0;1.0;0;0;0;0;0
547182;0.58;1.00;85.0;3562.0;10.5;80.25;-30.0;0;0;14.20;328.33;343.80;2.58;113584.0;85.0;84.0;51.0;4530.0;1005.87;0;6.0;1.0;0;1.0;0;0;1.0;0;0;0;0;0;1.0;1.0;0;0;0;0;0
547685;0.59;1.00;81.0;3440.0;10.5;80.25;-30.0;0;0;14.39;343.51;343.76;2.31;113584.0;82.0;81.0;51.0;4527.0;1006.02;0;6.0;1.0;0;1.0;0;0;1.0;0;0;0;0;0;1.0;1.0;0;0;0;0;0
548185;0.62;1.00;80.0;3352.0;10.5;80.25;-30.0;0;0;14.39;347.90;320.64;2.31;113584.0;80.0;79.0;51.0;4526.0;1006.10;0;6.0;1.0;0;1.0;0;0;1.0;0;0;0;0;0;1.0;1.0;0;0;0;0;0
548706;0.62;1.00;78.0;3281.0;10.5;80.25;-30.0;0;0;14.39;347.57;339.41;2.31;113584.0;79.0;77.0;51.0;4543.0;1006.18;19.53;6.0;1.0;0;1.0;0;0;1.0;0;0;0;0;0;1.0;1.0;0;0;0;0;0
549204;0.62;1.00;76.0;3202.0;10.5;80.25;-30.0;0;0;14.48;330.85;307.48;2.31;113584.0;76.0;75.0;51.0;4546.0;1006.30;19.53;6.0;1.0;0;1.0;0;0;1.0;0;0;0;0;0;1.0;1.0;0;0;0;0;0
549821;0.72;1.00;75.0;3149.0;10.5;80.25;-30.0;0.39;0;14.48;291.73;293.61;2.31;113584.0;75.0;75.0;51.0;4278.0;1006.34;957.01;6.0;1.0;0;1.0;0;0;1.0;0;0;0;0;0;1.0;1.0;0;0;0;0;0
550422;2.98;0.98;76.0;3265.0;10.5;80.25;10.5;8.62;18.17;14.48;270.23;240.59;2.31;113584.0;76.0;77.0;51.0;4217.0;1006.61;878.89;6.0;1.0;0;1.0;0;0;1.0;0;0;0;0;0;1.0;1.0;0;0;0;0;0
551023;2.71;0.91;80.0;3375.0;10.5;80.25;30.75;9.02;22.28;14.39;303.06;298.18;2.31;113584.0;79.0;80.0;51.0;4369.0;1006.96;859.36;6.0;1.0;0;1.0;0;0;1.0;0;0;0;0;0;1.0;1.0;0;0;0;0;0
551565;2.32;0.85;82.0;3513.0;10.5;80.25;37.5;8.23;21.52;14.48;346.05;337.98;2.31;113584.0;81.0;83.0;51.0;4482.0;1007.16;351.55;6.0;1.0;0;1.0;0;0;1.0;0;0;0;0;0;1.0;1.0;0;0;0;0;0
552181;2.38;0.88;83.0;3555.0;10.5;80.25;38.25;8.23;21.42;14.29;333.72;344.35;2.58;113584.0;83.0;84.0;51.0;4506.0;1007.39;371.08;6.0;1.0;0;1.0;0;0;1.0;0;0;0;0;0;1.0;1.0;0;0;0;0;0
552678;1.90;1.00;85.0;3585.0;10.5;80.25;40.5;5.49;15.69;14.48;347.98;349.48;2.31;113584.0;84.0;85.0;51.0;4522.0;1007.74;898.42;6.0;1.0;0;1.0;0;0;1.0;0;0;0;0;0;1.0;1.0;0;0;0;0;0
553185;1.12;1.00;86.0;3622.0;10.5;80.25;41.25;2.74;9.44;14.48;348.33;349.80;2.31;113584.0;86.0;86.0;51.0;4533.0;1008.05;898.42;6.0;1.0;0;1.0;0;0;1.0;0;0;0;0;0;1.0;1.0;0;0;0;0;0
553710;1.10;0.98;85.0;3623.0;10.5;80.25;41.25;2.74;9.19;14.39;347.49;345.15;2.31;113584.0;86.0;85.0;51.0;4519.0;1008.29;878.89;6.0;1.0;0;1.0;0;0;1.0;0;0;0;0;0;1.0;1.0;0;0;0;0;0
554218;1.08;0.96;85.0;3592.0;10.5;80.25;41.25;2.35;9.05;14.39;329.88;344.31;2.31;113584.0;85.0;85.0;51.0;4514.0;1008.45;878.89;6.0;1.0;0;1.0;0;0;1.0;0;0;0;0;0;1.0;1.0;0;0;0;0;0
554803;0.98;0.95;85.0;3589.0;10.5;80.25;41.25;2.35;8.49;14.39;341.57;316.69;2.31;113584.0;85.0;85.0;51.0;4514.0;1008.56;859.36;6.0;1.0;0;1.0;0;0;1.0;0;0;0;0;0;1.0;1.0;0;0;0;0;0
555309;1.2;0.93;83.0;3606.0;10.5;80.25;41.25;3.13;10.42;14.39;306.64;318.08;2.31;113584.0;84.0;84.0;51.0;4511.0;1008.64;859.36;6.0;1.0;0;1.0;0;0;1.0;0;0;0;0;0;1.0;1.0;0;0;0;0;0
555867;1.08;0.91;85.0;3500.0;10.5;80.25;39.75;2.35;9.56;14.39;196.45;326.50;2.31;113584.0;85.0;85.0;51.0;4523.0;1008.72;839.83;6.0;1.0;0;1.0;0;0;1.0;0;0;0;0;0;1.0;1.0;0;0;0;0;0
556388;1.0;0.89;85.0;3572.0;10.5;80.25;40.5;2.35;9.06;14.39;217.64;347.04;2.31;113584.0;85.0;84.0;51.0;4518.0;1008.84;839.83;6.0;1.0;0;1.0;0;0;1.0;0;0;0;0;0;1.0;1.0;0;0;0;0;0
556921;1.61;0.87;85.0;3600.0;10.5;80.25;41.25;5.09;14.78;14.48;248.05;295.15;2.31;113584.0;85.0;85.0;51.0;4499.0;1008.84;820.30;6.0;1.0;0;1.0;0;0;1.0;0;0;0;0;0;0;1.0;0;0;0;0;0
557484;1.52;0.84;86.0;3648.0;10.5;80.25;42.0;5.09;14.58;14.48;257.05;322.53;2.31;113584.0;86.0;86.0;51.0;4517.0;1008.91;800.77;6.0;1.0;0;1.0;0;0;1.0;0;0;0;0;0;1.0;1.0;0;0;0;0;0
557981;1.24;0.81;86.0;3676.0;10.5;80.25;42.0;3.92;12.40;14.48;285.39;340.91;2.31;113584.0;87.0;86.0;51.0;4530.0;1009.27;761.70;6.0;1.0;0;1.0;0;0;1.0;0;0;0;0;0;1.0;1.0;0;0;0;0;0
558508;0.86;0.79;86.0;3652.0;10.5;80.25;42.0;2.35;8.66;14.48;307.92;348.39;2.31;113584.0;87.0;86.0;51.0;4499.0;1009.50;781.24;6.0;1.0;0;1.0;0;0;1.0;0;0;0;0;0;1.0;1.0;0;0;0;0;0
559043;1.42;0.76;86.0;3694.0;10.5;80.25;42.0;5.09;14.78;14.39;340.01;332.40;2.31;113584.0;86.0;87.0;51.0;4505.0;1009.66;332.02;6.0;1.0;0;1.0;0;0;1.0;0;0;0;0;0;1.0;1.0;0;0;0;0;0
559567;1.43;0.78;87.0;3695.0;10.5;80.25;42.75;5.09;14.76;14.29;343.66;339.29;2.58;113584.0;87.0;87.0;51.0;4510.0;1009.77;19.53;6.0;1.0;0;1.0;0;0;1.0;0;0;0;0;0;1.0;1.0;0;0;0;0;0
560111;1.49;0.81;87.0;3717.0;10.5;80.25;42.75;5.09;14.68;14.48;322.83;345.29;2.31;113584.0;88.0;88.0;51.0;4515.0;1009.85;566.39;6.0;1.0;0;1.0;0;0;1.0;0;0;0;0;0;1.0;1.0;0;0;0;0;0
560609;0.93;0.82;88.0;3639.0;10.5;80.25;42.0;2.74;9.26;14.48;306.81;321.62;2.31;113584.0;89.0;88.0;51.0;4542.0;1009.93;820.30;6.0;1.0;0;1.0;0;0;1.0;0;0;0;0;0;1.0;1.0;0;0;0;0;0
561118;0.63;0.81;88.0;3695.0;10.5;80.25;42.75;1.17;6.71;14.48;261.13;302.16;2.31;113584.0;89.0;88.0;51.0;4546.0;1010.01;742.17;6.0;1.0;0;1.0;0;0;1.0;0;0;0;0;0;1.0;1.0;0;0;0;0;0
561638;0.61;1.00;87.0;3716.0;10.5;80.25;42.75;0.39;6.09;14.48;254.45;295.37;2.31;113584.0;88.0;87.0;51.0;4517.0;1010.05;0;6.0;1.0;0;1.0;0;0;1.0;0;0;0;0;0;1.0;1.0;0;0;0;0;0
562127;0.86;1.01;88.0;3700.0;10.5;80.25;42.75;1.56;6.92;14.39;287.96;277.36;2.31;113584.0;88.0;87.0;51.0;4493.0;1010.24;839.83;6.0;1.0;0;1.0;0;0;1.0;0;0;0;0;0;1.0;1.0;0;0;0;0;0
562636;0.89;1.00;87.0;3679.0;10.5;80.25;42.0;1.56;7.21;14.39;328.10;308.92;2.31;113584.0;88.0;87.0;51.0;4512.0;1010.48;859.36;6.0;1.0;0;1.0;0;0;1.0;0;0;0;0;0;1.0;1.0;0;0;0;0;0
563223;0.67;0.99;88.0;3665.0;10.5;80.25;42.0;0.78;5.62;14.48;326.54;337.04;2.31;113584.0;89.0;87.0;51.0;4520.0;1010.71;703.11;6.0;1.0;0;1.0;0;0;1.0;0;0;0;0;0;1.0;1.0;0;0;0;0;0
563846;0.75;0.97;87.0;3703.0;10.5;80.25;42.75;1.17;6.32;14.48;333.06;345.27;2.31;113584.0;88.0;87.0;51.0;4505.0;1010.91;761.70;6.0;1.0;0;1.0;0;0;1.0;0;0;0;0;0;1.0;1.0;0;0;0;0;0
564343;1.06;0.95;88.0;3711.0;10.5;80.25;42.75;2.74;9.06;14.48;349.48;350.91;2.31;113584.0;89.0;88.0;51.0;4494.0;1011.06;839.83;6.0;1.0;0;1.0;0;0;1.0;0;0;0;0;0;1.0;1.0;0;0;0;0;0
564853;2.17;0.93;87.0;3736.0;10.5;80.25;42.0;6.27;17.25;14.48;336.05;315.09;2.31;113584.0;88.0;88.0;51.0;4473.0;1011.22;839.83;6.0;1.0;0;1.0;0;0;1.0;0;0;0;0;0;1.0;1.0;0;0;0;0;0
565375;1.84;0.88;88.0;3760.0;10.5;80.25;42.0;5.88;16.57;14.48;331.42;329.74;2.31;113584.0;89.0;89.0;51.0;4501.0;1011.38;820.30;6.0;1.0;0;1.0;0;0;1.0;0;0;0;0;0;1.0;1.0;0;0;0;0;0
565874;1.27;0.85;90.0;3780.0;10.5;80.25;43.5;3.92;12.18;14.29;295.62;316.03;2.58;113584.0;90.0;90.0;51.0;4524.0;1011.73;800.77;6.0;1.0;0;1.0;0;0;1.0;0;0;0;0;0;1.0;1.0;0;0;0;0;0
566371;1.08;0.83;88.0;3772.0;10.5;80.25;43.5;3.52;10.56;14.48;289.53;276.89;2.31;113584.0;89.0;89.0;51.0;4536.0;1011.96;781.24;6.0;1.0;0;1.0;0;0;1.0;0;0;0;0;0;1.0;1.0;0;0;0;0;0
566892;1.61;0.81;90.0;3719.0;10.5;80.25;44.25;5.49;15.50;14.39;303.71;248.49;2.31;113584.0;89.0;90.0;51.0;4499.0;1012.08;722.64;6.0;1.0;0;1.0;0;0;1.0;0;0;0;0;0;1.0;1.0;0;0;0;0;0
567407;1.73;0.78;88.0;3743.0;10.5;80.25;42.0;6.27;17.80;14.39;282.48;226.68;2.31;113584.0;88.0;88.0;51.0;4503.0;1012.20;234.37;6.0;1.0;0;1.0;0;0;1.0;0;0;0;0;0;1.0;1.0;0;0;0;0;0
567939;1.89;0.83;88.0;3735.0;10.5;80.25;42.0;6.66;18.24;14.39;273.08;215.27;2.31;113584.0;88.0;89.0;51.0;4520.0;1012.31;761.70;6.0;1.0;0;1.0;0;0;1.0;0;0;0;0;0;1.0;1.0;0;0;0;0;0
568461;1.71;0.79;87.0;3723.0;10.5;80.25;42.0;6.27;17.27;14.20;315.42;229.51;2.58;113584.0;88.0;88.0;51.0;4530.0;1012.39;605.46;6.0;1.0;0;1.0;0;0;1.0;0;0;0;0;0;1.0;1.0;0;0;0;0;0
568994;1.31;1.00;87.0;3677.0;10.5;80.25;42.0;3.52;10.72;14.29;343.86;267.13;2.58;113584.0;87.0;87.0;51.0;4530.0;1012.43;839.83;6.0;1.0;0;1.0;0;0;1.0;0;0;0;0;0;1.0;1.0;0;0;0;0;0
569586;1.24;0.98;86.0;3649.0;10.5;80.25;41.25;3.13;10.34;14.29;353.23;310.29;2.58;113584.0;86.0;86.0;51.0;4519.0;1012.47;839.83;6.0;1.0;0;1.0;0;0;1.0;0;0;0;0;0;1.0;1.0;0;0;0;0;0
570097;0.85;0.96;86.0;3618.0;10.5;80.25;41.25;1.56;7.20;14.29;340.29;342.32;2.58;113584.0;86.0;86.0;51.0;4535.0;1012.51;839.83;6.0;1.0;0;1.0;0;0;1.0;0;0;0;0;0;1.0;1.0;0;0;0;0;0
570594;0.59;1.00;85.0;3558.0;10.5;80.25;-30.0;0;0;14.48;350.05;345.29;2.31;113584.0;85.0;84.0;51.0;4546.0;1012.63;761.70;6.0;1.0;0;1.0;0;0;1.0;0;0;0;0;0;1.0;1.0;0;0;0;0;0
571101;0.59;1.00;82.0;3473.0;10.5;80.25;-30.0;0;0;14.58;350.85;347.02;2.31;113584.0;83.0;82.0;51.0;4558.0;1012.63;0;6.0;1.0;0;1.0;0;0;1.0;0;0;0;0;0;1.0;1.0;0;0;0;0;0
571621;0.6;1.00;82.0;3423.0;10.5;80.25;-30.0;0;0;14.39;347.75;341.01;2.31;113584.0;82.0;81.0;51.0;4560.0;1012.82;0;6.0;1.0;0;1.0;0;0;1.0;0;0;0;0;0;1.0;1.0;0;0;0;0;0
572120;0.60;1.00;81.0;3384.0;10.5;80.25;-30.0;0;0;14.48;331.59;334.33;2.31;113584.0;81.0;80.0;51.0;4563.0;1012.90;0;6.0;1.0;0;1.0;0;0;1.0;0;0;0;0;0;1.0;1.0;0;0;0;0;0
572666;0.62;1.00;78.0;3319.0;10.5;80.25;-30.0;0;0;14.58;257.73;302.46;2.31;113584.0;79.0;78.0;51.0;4573.0;1013.02;0;6.0;1.0;0;1.0;0;0;1.0;0;0;0;0;0;1.0;1.0;0;0;0;0;0
573192;0.62;1.00;76.0;3201.0;10.5;80.25;-30.0;0;0;14.39;187.87;253.63;2.31;113584.0;76.0;75.0;51.0;4589.0;1013.17;0;6.0;1.0;0;1.0;0;0;1.0;0;0;0;0;0;1.0;1.0;0;0;0;0;0
573786;0.67;1.00;72.0;3070.0;10.5;80.25;-30.0;0;0;14.48;209.20;263.06;2.31;113585.0;73.0;72.0;51.0;4573.0;1013.37;0;6.0;1.0;0;1.0;0;0;1.0;0;0;0;0;0;1.0;1.0;0;0;0;0;0
574283;0.68;1.00;68.0;2912.0;10.5;80.25;-30.0;0;0;14.58;291.01;315.46;2.31;113585.0;69.0;69.0;51.0;4588.0;1013.48;19.53;6.0;1.0;0;1.0;0;0;1.0;0;0;0;0;0;1.0;1.0;0;0;0;0;0
574839;0.73;1.00;63.0;2745.0;10.5;80.25;-30.0;0;0;14.48;307.14;336.05;2.31;113585.0;64.0;64.0;51.0;4588.0;1013.56;19.53;6.0;1.0;0;1.0;0;0;1.0;0;0;0;0;0;1.0;1.0;0;0;0;0;0
575343;0.99;1.00;58.0;2480.0;10.5;80.25;0.75;0;8.85;14.48;339.80;343.55;2.31;113585.0;58.0;58.0;57.0;4496.0;1013.64;19.53;6.0;1.0;0;1.0;0;0;1.0;0;0;1.0;0;0;1.0;1.0;0;0;0;0;0
575900;0.96;1.00;53.0;2266.0;10.5;80.25;16.5;0;13.10;14.48;257.26;280.47;2.31;113585.0;54.0;54.0;45.0;4227.0;1013.68;39.06;6.0;1.0;0;1.0;0;0;1.0;0;0;1.0;0;0;1.0;1.0;0;0;0;0;0
576498;0.93;1.00;52.0;2173.0;10.5;80.25;15.0;0;13.06;14.29;164.71;176.66;2.58;113585.0;52.0;50.0;44.0;4349.0;1013.68;58.59;6.0;1.0;0;1.0;0;0;1.0;0;0;1.0;0;0;1.0;1.0;0;0;0;0;0
577038;1.01;1.00;48.0;2056.0;10.5;80.25;15.0;0;13.08;14.39;110.96;103.76;2.31;113585.0;49.0;49.0;44.0;4456.0;1013.72;78.12;6.0;1.0;0;1.0;0;0;1.0;0;0;1.0;0;0;1.0;1.0;0;0;0;0;0
577630;1.04;1.00;46.0;1969.0;10.5;80.25;14.25;0;13.10;14.39;143.40;148.09;2.31;113585.0;47.0;47.0;44.0;4504.0;1013.88;78.12;6.0;1.0;0;1.0;1.0;0;1.0;0;0;1.0;0;0;1.0;1.0;0;0;1.0;0;0
578152;1.37;1.00;45.0;1279.0;10.5;80.25;19.5;0;13.70;14.39;114.85;139.79;2.31;113585.0;45.0;44.0;44.0;4497.0;1014.07;97.65;5.0;1.0;0;1.0;1.0;0;1.0;0;0;1.0;0;0;1.0;1.0;0;0;1.0;0;0
578753;1.40;1.00;42.0;1335.0;10.5;80.25;13.5;0;12.82;14.20;87.59;96.61;2.58;113585.0;43.0;43.0;43.0;4512.0;1014.11;800.77;3.0;1.0;0;1.0;0;0;1.0;0;0;1.0;0;0;1.0;1.0;0;0;0;0;0
579336;0.83;1.00;40.0;2439.0;10.5;80.25;15.75;0;13.07;14.39;66.48;85.01;2.31;113585.0;40.0;40.0;46.0;4515.0;1014.30;78.12;3.0;1.0;0;1.0;0;0;1.0;0;0;1.0;0;0;1.0;1.0;0;0;0;0;0
579833;0.84;1.00;37.0;2327.0;10.5;80.25;16.5;0;13.07;14.48;45.38;88.66;2.31;113585.0;38.0;38.0;44.0;4526.0;1014.38;58.59;3.0;1.0;0;1.0;0;0;1.0;0;0;1.0;0;0;1.0;1.0;0;0;0;0;0
580358;0.94;1.00;36.0;2194.0;10.5;80.25;15.75;0;13.03;14.39;28.16;52.32;2.31;113585.0;37.0;36.0;44.0;4528.0;1014.54;58.59;3.0;1.0;0;1.0;0;0;1.0;0;0;1.0;0;0;1.0;1.0;0;0;0;0;0
580866;0.92;1.00;35.0;2119.0;10.5;80.25;15.0;0;13.12;14.39;17.42;31.65;2.31;113585.0;35.0;34.0;44.0;4512.0;1014.70;78.12;3.0;1.0;0;1.0;0;0;1.0;0;0;1.0;0;0;1.0;1.0;0;0;0;0;0
581405;1.00;1.00;33.0;2029.0;10.5;80.25;15.0;0;13.06;14.39;14.94;24.95;2.31;113585.0;33.0;33.0;43.0;4513.0;1014.81;78.12;3.0;1.0;0;1.0;0;0;1.0;0;0;1.0;0;0;1.0;1.0;0;0;0;0;0
581915;1.03;1.00;31.0;1931.0;10.5;80.25;14.25;0;13.06;14.39;74.35;101.20;2.31;113585.0;32.0;31.0;44.0;4515.0;1014.85;78.12;3.0;1.0;0;1.0;0;0;1.0;0;0;1.0;0;0;1.0;1.0;0;0;0;0;0
582435;1.10;1.00;30.0;1828.0;10.5;80.25;15.0;0;13.08;14.39;66.79;78.13;2.31;113585.0;30.0;30.0;45.0;4499.0;1014.89;527.33;3.0;1.0;0;1.0;0;0;1.0;0;0;1.0;0;0;1.0;1.0;0;0;0;0;0
582987;1.37;0.99;27.0;1322.0;10.5;80.25;14.25;0;12.99;14.39;58.78;77.72;2.31;113585.0;28.0;28.0;43.0;4493.0;1014.93;878.89;3.0;1.0;0;1.0;0;0;1.0;0;0;1.0;0;0;1.0;1.0;0;0;0;0;0
583488;1.30;0.99;26.0;1479.0;10.5;80.25;15.0;0;13.19;14.39;47.28;57.41;2.31;113585.0;27.0;26.0;43.0;4508.0;1014.97;898.42;3.0;1.0;0;1.0;0;0;1.0;0;0;1.0;0;0;1.0;1.0;0;0;0;0;0
583993;1.27;0.97;25.0;1393.0;10.5;80.25;15.0;0;13.03;14.29;36.77;45.70;2.58;113585.0;25.0;25.0;43.0;4513.0;1014.97;878.89;3.0;1.0;0;1.0;0;0;1.0;0;0;1.0;0;0;1.0;1.0;0;0;0;0;0
584491;1.33;0.96;23.0;1316.0;10.5;80.25;14.25;0;12.91;14.29;60.62;40.99;2.58;113585.0;24.0;24.0;44.0;4503.0;1014.97;839.83;3.0;1.0;0;1.0;0;0;1.0;0;0;1.0;0;0;1.0;1.0;0;0;0;0;0
584997;1.34;0.94;22.0;1282.0;10.5;80.25;16.5;0;13.29;14.48;64.03;36.09;2.31;113585.0;23.0;23.0;44.0;4505.0;1015.01;605.46;3.0;1.0;0;1.0;0;0;1.0;0;0;1.0;0;0;1.0;1.0;0;0;0;0;0
585520;1.32;0.93;21.0;1304.0;10.5;80.25;14.25;0;12.94;14.48;50.32;33.72;2.31;113585.0;22.0;22.0;44.0;4508.0;1015.01;156.24;3.0;1.0;0;1.0;0;0;1.0;0;0;1.0;0;0;1.0;1.0;0;0;0;0;0
586018;1.31;0.95;20.0;1319.0;10.5;80.25;14.25;0;12.96;14.20;38.63;24.54;2.58;113585.0;21.0;20.0;44.0;4515.0;1015.01;39.06;3.0;1.0;0;1.0;0;0;1.0;0;0;1.0;0;0;1.0;1.0;0;0;0;0;0
586527;1.39;0.96;17.0;1273.0;10.5;80.25;16.5;0;13.35;14.39;31.75;20.93;2.31;113585.0;17.0;17.0;44.0;4500.0;1015.01;58.59;3.0;1.0;0;1.0;1.0;0;1.0;0;0;1.0;0;0;1.0;1.0;0;0;1.0;0;0
587047;1.32;0.98;13.0;1310.0;10.5;80.25;14.25;0;12.98;14.39;23.08;18.14;2.31;113585.0;13.0;13.0;44.0;4510.0;1015.01;58.59;3.0;1.0;0;1.0;0;0;1.0;0;0;1.0;0;0;1.0;1.0;0;0;0;0;0
587545;1.42;0.99;8.0;1277.0;10.5;80.25;16.5;0;13.35;14.39;19.00;14.84;2.31;113585.0;9.0;9.0;44.0;4520.0;1015.01;78.12;2.0;1.0;0;1.0;0;0;1.0;0;0;1.0;0;0;1.0;1.0;0;0;0;0;0
588052;1.39;1.01;5.0;1260.0;10.5;80.25;17.25;0;13.45;14.39;47.69;22.28;2.31;113585.0;5.0;5.0;43.0;4509.0;1015.01;97.65;1.0;1.0;0;1.0;0;0;1.0;0;0;1.0;0;0;1.0;1.0;0;0;0;0;0
588550;1.44;1.02;2.0;1323.0;10.5;80.25;12.75;0;12.59;14.48;94.07;50.07;2.31;113585.0;3.0;0;42.0;4509.0;1015.01;703.11;1.0;1.0;0;1.0;0;0;1.0;0;0;1.0;0;0;1.0;1.0;0;0;0;0;0
589056;1.33;1.01;0;1301.0;10.5;80.25;14.25;0;12.84;14.29;131.12;51.14;2.58;113585.0;0;0;42.0;4525.0;1015.01;859.36;1.0;1.0;0;1.0;0;0;1.0;0;0;1.0;0;0;1.0;1.0;0;0;0;0;0
589577;1.41;0.99;0;1268.0;10.5;80.25;16.5;0;13.20;14.39;151.41;89.15;2.31;113585.0;0;0;42.0;4523.0;1015.01;820.30;1.0;1.0;0;1.0;0;0;1.0;0;0;1.0;0;0;1.0;1.0;0;0;0;0;0
590075;1.37;0.98;0;1237.0;10.5;80.25;19.5;0;13.50;14.29;141.72;108.60;2.58;113585.0;0;0;43.0;4513.0;1015.01;507.80;1.0;1.0;0;1.0;0;0;1.0;0;0;1.0;0;0;1.0;1.0;0;0;0;0;0
590578;2.41;0.98;0;1217.0;10.5;80.25;12.75;1.56;14.08;14.39;117.08;87.33;2.31;113585.0;0;0;55.0;4512.0;1015.01;175.77;1.0;1.0;0;1.0;0;0;1.0;0;0;1.0;0;0;1.0;1.0;0;0;0;0;0
591101;1.84;0.99;0;2336.0;10.5;80.25;23.25;2.74;14.41;14.48;104.66;82.72;2.31;113585.0;0;0;51.0;4541.0;1015.01;898.42;1.0;1.0;0;1.0;0;0;1.0;0;0;1.0;0;0;1.0;1.0;0;0;0;0;0
591613;3.14;1.00;0;2157.0;10.5;80.25;19.5;5.88;21.84;14.39;117.37;152.56;2.31;113585.0;0;0;51.0;4520.0;1015.01;878.89;1.0;1.0;0;1.0;0;0;1.0;0;0;1.0;0;0;1.0;1.0;0;0;0;0;0
592146;2.73;0.97;0;2498.0;10.5;80.25;25.5;6.27;22.05;14.39;218.97;221.60;2.31;113585.0;0;0;51.0;4503.0;1015.01;839.83;1.0;1.0;0;1.0;0;0;1.0;0;0;1.0;0;0;1.0;1.0;0;0;0;0;0
592666;2.88;0.94;10.0;2217.0;10.5;80.25;21.0;6.66;22.99;14.39;259.59;266.89;2.31;113585.0;10.0;11.0;51.0;4536.0;1015.01;800.77;1.0;1.0;0;1.0;0;0;1.0;0;0;1.0;0;0;1.0;1.0;0;0;0;0;0
593171;2.70;0.91;15.0;2146.0;10.5;80.25;20.25;5.88;22.46;14.39;267.50;294.57;2.31;113585.0;15.0;15.0;51.0;4510.0;1015.01;214.84;1.0;1.0;0;1.0;0;0;1.0;0;0;1.0;0;0;1.0;1.0;0;0;0;0;0
593670;2.74;0.93;18.0;2145.0;10.5;80.25;19.5;5.49;22.06;14.39;294.96;304.37;2.31;113585.0;19.0;19.0;51.0;4511.0;1015.01;78.12;1.0;1.0;0;1.0;0;0;1.0;0;0;1.0;0;0;1.0;1.0;0;0;0;0;0
594195;2.55;0.96;22.0;2481.0;10.5;80.25;25.5;5.49;20.83;14.48;251.66;334.29;2.31;113585.0;22.0;23.0;51.0;4467.0;1015.01;546.86;1.0;1.0;0;1.0;0;0;1.0;0;0;1.0;0;0;1.0;1.0;0;0;0;0;0
594785;2.36;0.95;25.0;2795.0;10.5;80.25;30.75;5.49;19.58;14.39;241.46;341.46;2.31;113585.0;25.0;25.0;51.0;4486.0;1015.01;800.77;1.0;1.0;0;1.0;0;0;1.0;0;0;1.0;0;0;1.0;1.0;0;0;0;0;0
595281;3.34;1.00;26.0;2212.0;10.5;80.25;12.0;5.88;20.01;14.39;229.28;329.21;2.31;113585.0;26.0;27.0;51.0;4567.0;1015.01;878.89;2.0;1.0;0;1.0;0;0;1.0;0;0;1.0;0;0;1.0;1.0;0;0;0;0;0
595791;3.02;0.98;28.0;2282.0;10.5;81.0;21.75;6.66;23.64;14.48;209.42;299.96;2.31;113585.0;29.0;29.0;51.0;4517.0;1015.01;820.30;2.0;1.0;0;1.0;0;0;1.0;0;0;1.0;0;0;1.0;1.0;0;0;0;0;0
596298;2.60;0.95;31.0;2462.0;10.5;81.0;24.75;5.88;21.32;14.48;159.11;298.22;2.31;113585.0;31.0;31.0;51.0;4486.0;1015.01;722.64;2.0;1.0;0;1.0;0;0;1.0;0;0;1.0;0;0;1.0;1.0;0;0;0;0;0
596815;2.46;0.92;33.0;2635.0;10.5;81.0;27.75;5.88;20.97;14.29;161.20;254.53;2.58;113585.0;33.0;34.0;51.0;4480.0;1015.01;468.74;2.0;1.0;0;1.0;0;0;1.0;0;0;1.0;0;0;1.0;1.0;0;0;0;0;0
597316;2.08;1.00;35.0;2743.0;10.5;81.0;30.0;4.31;16.74;14.48;213.38;283.55;2.31;113585.0;35.0;35.0;51.0;4486.0;1015.01;839.83;2.0;1.0;0;1.0;0;0;1.0;0;0;1.0;0;0;0;1.0;0;0;0;0;0
597837;1.06;0.98;36.0;2779.0;10.5;81.0;30.75;1.17;9.27;14.48;281.11;313.45;2.31;113585.0;36.0;36.0;51.0;4521.0;1015.01;839.83;2.0;1.0;0;1.0;0;0;1.0;0;0;1.0;0;0;1.0;1.0;0;0;0;0;0
598325;0.88;1.00;35.0;2654.0;10.5;81.0;14.25;0;13.15;14.48;301.17;337.88;2.31;113585.0;35.0;34.0;51.0;4559.0;1015.01;820.30;2.0;1.0;0;1.0;0;0;1.0;0;0;1.0;0;0;1.0;1.0;0;0;0;0;0
598847;0.85;1.00;32.0;2556.0;10.5;81.0;14.25;0;13.24;14.29;310.19;344.76;2.58;113585.0;33.0;33.0;51.0;4523.0;1015.01;644.52;2.0;1.0;0;1.0;0;0;1.0;0;0;1.0;0;0;1.0;1.0;0;0;0;0;0
599352;0.88;1.00;31.0;2412.0;10.5;81.0;17.25;0;13.06;14.39;336.36;295.80;2.31;113585.0;31.0;31.0;44.0;4486.0;1015.01;742.17;2.0;1.0;0;1.0;0;0;1.0;0;0;1.0;0;0;1.0;1.0;0;0;0;0;0
599850;0.91;1.00;28.0;2277.0;10.5;81.0;15.75;0;13.03;14.39;273.83;207.85;2.31;113585.0;29.0;29.0;44.0;4513.0;1015.01;312.49;2.0;1.0;0;1.0;0;0;1.0;0;0;1.0;0;0;1.0;1.0;0;0;0;0;0
600371;1.20;1.00;28.0;1861.0;10.5;81.0;15.0;0.39;9.69;14.29;216.06;161.66;2.58;113585.0;28.0;28.0;51.0;4528.0;1015.01;800.77;2.0;1.0;0;1.0;0;0;1.0;0;0;1.0;0;0;1.0;1.0;0;0;0;0;0
600877;1.0;1.00;26.0;2056.0;10.5;81.0;15.0;0;13.10;14.48;219.92;150.49;2.31;113585.0;27.0;27.0;44.0;4495.0;1015.01;781.24;2.0;1.0;0;1.0;0;0;1.0;0;0;1.0;0;0;1.0;1.0;0;0;0;0;0
601376;1.07;1.00;23.0;1865.0;10.5;81.0;15.0;0;13.01;14.39;181.60;133.50;2.31;113585.0;24.0;24.0;44.0;4491.0;1015.01;742.17;2.0;1.0;0;1.0;0;0;1.0;0;0;1.0;0;0;1.0;1.0;0;0;0;0;0
601887;1.30;0.98;18.0;1505.0;10.5;81.0;14.25;0;13.00;14.39;161.33;148.99;2.31;113585.0;19.0;19.0;43.0;4501.0;1015.01;761.70;2.0;1.0;0;1.0;0;0;1.0;0;0;1.0;0;0;1.0;1.0;0;0;0;0;0
602395;1.34;0.97;13.0;1257.0;10.5;81.0;17.25;0;13.39;14.48;170.22;174.65;2.31;113585.0;14.0;14.0;43.0;4511.0;1015.01;800.77;2.0;1.0;0;1.0;1.0;0;1.0;0;0;1.0;0;0;1.0;1.0;0;0;1.0;0;0
602948;1.38;0.95;11.0;1273.0;10.5;81.0;15.75;0;13.10;14.48;152.99;159.83;2.31;113585.0;11.0;11.0;43.0;4515.0;1015.01;722.64;2.0;1.0;0;1.0;1.0;0;1.0;0;0;1.0;0;0;1.0;1.0;0;0;1.0;0;0
603465;1.38;0.94;6.0;1229.0;10.5;81.75;18.0;0;13.55;14.48;183.81;150.30;2.31;113585.0;7.0;7.0;42.0;4515.0;1015.01;156.24;2.0;1.0;0;1.0;1.0;0;1.0;0;0;1.0;0;0;1.0;1.0;0;0;1.0;0;0
604056;1.40;0.95;3.0;1231.0;10.5;81.75;18.0;0;13.53;14.39;225.86;192.52;2.31;113585.0;4.0;3.0;42.0;4513.0;1015.01;0;1.0;1.0;0;1.0;0;0;1.0;0;0;1.0;0;0;1.0;1.0;0;0;0;0;0
604564;1.33;0.97;2.0;1270.0;10.5;81.75;15.0;0;12.92;14.20;244.92;227.70;2.58;113585.0;3.0;0;43.0;4510.0;1015.01;19.53;1.0;1.0;0;1.0;0;0;1.0;0;0;1.0;0;0;1.0;1.0;0;0;0;0;0
605061;5.02;1.00;0;1352.0;10.5;81.75;9.75;5.88;28.44;14.39;221.09;205.27;2.31;113585.0;0;0;57.0;4558.0;1015.01;917.95;1.0;1.0;0;1.0;0;0;1.0;0;0;1.0;0;0;1.0;1.0;0;0;0;0;0
605581;2.76;0.99;0;2461.0;10.5;81.75;24.75;5.49;20.92;14.48;220.16;208.75;2.31;113585.0;0;0;50.0;4536.0;1015.01;859.36;1.0;1.0;0;1.0;0;0;1.0;0;0;1.0;0;0;1.0;1.0;0;0;0;0;0
606089;2.76;0.97;6.0;2107.0;10.5;81.75;19.5;5.09;21.26;14.48;223.38;234.67;2.31;113585.0;6.0;6.0;50.0;4509.0;1015.01;820.30;1.0;1.0;0;1.0;0;0;1.0;0;0;1.0;0;0;1.0;1.0;0;0;0;0;0
606590;2.84;0.99;6.0;1325.0;10.5;81.75;12.75;2.35;15.22;14.29;178.91;221.21;2.58;113585.0;7.0;6.0;51.0;4470.0;1015.01;859.36;1.0;1.0;0;1.0;0;0;1.0;0;0;1.0;0;0;1.0;1.0;0;0;0;0;0
607158;2.16;0.98;7.0;2615.0;10.5;81.75;28.5;4.31;17.23;14.39;132.27;207.56;2.31;113585.0;8.0;8.0;50.0;4513.0;1015.01;839.83;1.0;1.0;0;1.0;0;0;1.0;0;0;1.0;0;0;1.0;1.0;0;0;0;0;0
607657;1.30;0.99;8.0;1466.0;10.5;81.75;16.5;0;13.63;14.39;146.00;202.93;2.31;113585.0;9.0;9.0;45.0;4480.0;1015.01;820.30;1.0;1.0;0;1.0;0;0;1.0;0;0;1.0;0;0;1.0;1.0;0;0;0;0;0
608156;1.40;0.97;8.0;1299.0;10.5;81.75;14.25;0;13.03;14.48;126.94;207.09;2.31;113585.0;9.0;9.0;44.0;4506.0;1015.01;820.30;1.0;1.0;0;1.0;0;0;1.0;0;0;1.0;0;0;1.0;1.0;0;0;0;0;0
608717;1.39;0.96;10.0;1243.0;10.5;81.75;16.5;0;13.36;14.39;108.48;190.30;2.31;113585.0;10.0;10.0;43.0;4510.0;1015.01;761.70;1.0;1.0;0;1.0;0;0;1.0;0;0;1.0;0;0;1.0;1.0;0;0;0;0;0
609214;1.76;0.95;11.0;1327.0;10.5;81.75;10.5;1.17;13.18;14.48;123.83;218.20;2.31;113585.0;11.0;10.0;52.0;4478.0;1015.01;19.53;1.0;1.0;0;1.0;0;0;1.0;0;0;1.0;0;0;1.0;1.0;0;0;0;0;0
609721;1.97;0.96;12.0;1488.0;10.5;81.75;12.75;1.96;14.75;14.29;114.79;167.23;2.58;113585.0;12.0;12.0;50.0;4490.0;1015.01;0;1.0;1.0;0;1.0;0;0;1.0;0;0;1.0;0;0;1.0;1.0;0;0;0;0;0
610249;2.22;0.98;15.0;1782.0;10.5;81.75;14.25;2.74;16.36;14.39;158.62;165.43;2.31;113585.0;15.0;15.0;50.0;4551.0;1015.01;800.77;1.0;1.0;0;1.0;0;0;1.0;0;0;1.0;0;0;1.0;1.0;0;0;0;0;0
610839;2.33;0.96;17.0;1965.0;10.5;81.75;17.25;3.52;18.04;14.39;206.52;212.19;2.31;113585.0;17.0;18.0;50.0;4557.0;1015.01;703.11;1.0;1.0;0;1.0;0;0;1.0;0;0;1.0;0;0;1.0;1.0;0;0;0;0;0
611356;2.14;0.93;20.0;2308.0;10.5;81.75;22.5;3.92;17.71;14.48;235.27;275.86;2.31;113585.0;21.0;21.0;50.0;4517.0;1015.01;800.77;1.0;1.0;0;1.0;0;0;1.0;0;0;1.0;0;0;1.0;1.0;0;0;0;0;0
611854;2.38;0.91;23.0;2699.0;10.5;81.75;29.25;5.88;20.63;14.48;226.09;309.00;2.31;113585.0;24.0;24.0;50.0;4438.0;1015.01;781.24;1.0;1.0;0;1.0;0;0;1.0;0;0;1.0;0;0;1.0;1.0;0;0;0;0;0
612396;2.24;0.87;27.0;3047.0;10.5;81.75;34.5;5.88;20.48;14.39;243.73;313.94;2.31;113585.0;27.0;28.0;50.0;4449.0;1015.01;781.24;1.0;1.0;0;1.0;0;0;1.0;0;0;1.0;0;0;1.0;1.0;0;0;0;0;0
612892;2.93;1.00;28.0;2457.0;10.5;82.5;17.25;4.70;17.11;14.48;238.71;300.82;2.31;113585.0;29.0;29.0;50.0;4330.0;1015.01;820.30;2.0;1.0;0;1.0;0;0;1.0;0;0;1.0;0;0;1.0;1.0;0;0;0;0;0
613425;3.05;0.99;32.0;2566.0;10.5;82.5;23.25;6.66;22.17;14.39;163.85;287.85;2.31;113585.0;32.0;33.0;50.0;4213.0;1015.01;820.30;2.0;1.0;0;1.0;0;0;1.0;0;0;1.0;0;0;1.0;1.0;0;0;0;0;0
613962;2.75;0.95;36.0;2829.0;10.5;82.5;31.5;6.66;22.21;14.39;145.71;226.31;2.31;113585.0;36.0;36.0;50.0;4296.0;1015.01;800.77;2.0;1.0;0;1.0;0;0;1.0;0;0;1.0;0;0;1.0;1.0;0;0;0;0;0
614461;2.39;0.91;40.0;3082.0;10.5;82.5;35.25;6.27;20.65;14.48;192.09;211.08;2.31;113585.0;39.0;40.0;50.0;4420.0;1015.01;800.77;2.0;1.0;0;1.0;0;0;1.0;0;0;1.0;0;0;1.0;1.0;0;0;0;0;0
614980;1.96;0.87;42.0;3267.0;10.5;82.5;37.5;5.49;18.16;14.39;282.54;287.63;2.31;113585.0;42.0;42.0;50.0;4493.0;1015.01;800.77;2.0;1.0;0;1.0;0;0;1.0;0;0;1.0;0;0;1.0;1.0;0;0;0;0;0
615525;1.11;0.85;42.0;3335.0;10.5;82.5;38.25;2.35;10.56;14.48;318.00;320.44;2.31;113585.0;43.0;43.0;50.0;4520.0;1015.01;800.77;2.0;1.0;0;1.0;0;0;1.0;0;0;1.0;0;0;1.0;1.0;0;0;0;0;0
616027;0.96;0.83;43.0;3364.0;10.5;82.5;38.25;1.96;9.26;14.48;339.49;342.73;2.31;113585.0;43.0;43.0;50.0;4528.0;1015.09;781.24;2.0;1.0;0;1.0;0;0;1.0;0;0;1.0;0;0;1.0;1.0;0;0;0;0;0
616611;0.93;0.82;43.0;3354.0;10.5;82.5;38.25;1.96;8.94;14.48;346.98;349.48;2.31;113585.0;44.0;43.0;50.0;4509.0;1015.05;742.17;2.0;1.0;0;1.0;0;0;1.0;0;0;1.0;0;0;1.0;1.0;0;0;0;0;0
617111;0.88;0.80;42.0;3372.0;10.5;81.75;38.25;1.56;8.54;14.48;346.98;352.71;2.31;113585.0;43.0;43.0;50.0;4505.0;1015.05;351.55;2.0;1.0;0;1.0;0;0;1.0;0;0;1.0;0;0;1.0;1.0;0;0;0;0;0
617617;0.90;0.81;42.0;3329.0;10.5;81.75;38.25;1.56;8.74;14.39;332.55;351.01;2.31;113585.0;43.0;43.0;50.0;4524.0;1015.05;39.06;2.0;1.0;0;1.0;0;0;1.0;0;0;1.0;0;0;1.0;1.0;0;0;0;0;0
618172;0.88;0.83;42.0;3308.0;10.5;81.75;38.25;1.56;8.54;14.39;330.48;291.25;2.31;113585.0;43.0;43.0;50.0;4513.0;1015.13;39.06;2.0;1.0;0;1.0;0;0;1.0;0;0;1.0;0;0;1.0;1.0;0;0;0;0;0
618679;0.92;0.84;42.0;3266.0;10.5;81.75;38.25;1.56;8.66;14.39;326.32;279.00;2.31;113585.0;43.0;42.0;50.0;4522.0;1015.16;781.24;2.0;1.0;0;1.0;0;0;1.0;0;0;1.0;0;0;1.0;1.0;0;0;0;0;0
619200;0.90;0.82;42.0;3254.0;10.5;81.75;37.5;1.56;8.69;14.29;335.13;317.40;2.58;113585.0;42.0;42.0;50.0;4507.0;1015.28;800.77;2.0;1.0;0;1.0;0;0;1.0;0;0;1.0;0;0;1.0;1.0;0;0;0;0;0
619741;0.90;0.81;41.0;3213.0;10.5;81.0;36.75;1.56;8.80;14.39;260.88;304.23;2.31;113585.0;42.0;41.0;51.0;4521.0;1015.20;664.05;2.0;1.0;0;1.0;0;0;1.0;0;0;1.0;0;0;1.0;1.0;0;0;0;0;0
620241;0.90;0.79;41.0;3184.0;10.5;81.0;36.75;1.56;8.24;14.48;273.92;294.16;2.31;113585.0;41.0;41.0;51.0;4496.0;1015.28;722.64;2.0;1.0;0;1.0;0;0;1.0;0;0;1.0;0;0;1.0;1.0;0;0;0;0;0
620761;1.10;0.79;41.0;3164.0;10.5;81.0;36.75;2.35;10.93;14.20;326.77;333.65;2.58;113585.0;41.0;40.0;51.0;4502.0;1015.36;58.59;2.0;1.0;0;1.0;0;0;1.0;0;0;1.0;0;0;1.0;1.0;0;0;0;0;0
621367;1.45;0.81;41.0;3241.0;10.5;81.0;36.75;3.92;14.22;14.39;341.69;345.68;2.31;113585.0;41.0;41.0;51.0;4489.0;1015.40;19.53;2.0;1.0;0;1.0;0;0;1.0;0;0;1.0;0;0;1.0;1.0;0;0;0;0;0
621866;1.56;0.84;42.0;3329.0;10.5;81.0;38.25;4.31;14.87;14.39;349.19;354.95;2.31;113585.0;42.0;43.0;51.0;4497.0;1015.52;488.27;2.0;1.0;0;1.0;0;0;1.0;0;0;1.0;0;0;1.0;1.0;0;0;0;0;0
622384;1.40;0.84;43.0;3390.0;10.5;80.25;39.0;3.52;13.22;14.39;351.32;354.17;2.31;113585.0;44.0;44.0;51.0;4507.0;1015.52;781.24;2.0;1.0;0;1.0;0;0;1.0;0;0;1.0;0;0;1.0;1.0;0;0;0;0;0
622881;1.23;0.82;45.0;3455.0;10.5;80.25;39.0;3.13;11.91;14.39;311.99;360.36;2.31;113585.0;44.0;45.0;51.0;4522.0;1015.59;781.24;2.0;1.0;0;1.0;0;0;1.0;0;0;1.0;0;0;1.0;1.0;0;0;0;0;0
623380;0.92;0.81;45.0;3412.0;10.5;80.25;39.0;1.56;9.20;14.29;300.39;307.38;2.58;113585.0;45.0;45.0;51.0;4521.0;1015.79;761.70;2.0;1.0;0;1.0;0;0;1.0;0;0;0;0;0;1.0;1.0;0;0;0;0;0
623890;0.64;1.00;43.0;3337.0;10.5;80.25;-30.0;0;0;14.58;309.60;242.32;2.31;113585.0;44.0;43.0;51.0;4582.0;1015.79;0;2.0;1.0;0;1.0;0;0;1.0;0;0;0;0;0;1.0;1.0;0;0;0;0;0
624445;0.64;1.00;41.0;3190.0;10.5;80.25;-30.0;0;0;14.39;322.88;260.43;2.31;113585.0;42.0;41.0;51.0;4588.0;1015.71;0;2.0;1.0;0;1.0;0;0;1.0;0;0;0;0;0;1.0;1.0;0;0;0;0;0
624954;0.68;1.00;38.0;3028.0;10.5;79.5;-30.0;0;0;14.48;246.03;181.47;2.31;113585.0;39.0;39.0;52.0;4613.0;1015.75;0;2.0;1.0;0;1.0;0;0;1.0;0;0;1.0;0;0;1.0;1.0;0;0;0;0;0
625474;0.70;1.00;37.0;2891.0;10.5;79.5;-30.0;0;0;14.39;130.69;91.41;2.31;113585.0;38.0;37.0;52.0;4621.0;1015.71;0;2.0;1.0;0;1.0;0;0;1.0;0;0;1.0;0;0;1.0;1.0;0;0;0;0;0
625990;0.85;1.00;36.0;2757.0;10.5;79.5;-30.0;0.39;0;14.39;75.38;48.51;2.31;113585.0;36.0;35.0;52.0;4578.0;1015.79;19.53;2.0;1.0;0;1.0;0;0;1.0;0;0;1.0;0;0;1.0;1.0;0;0;0;0;0
626507;2.88;1.00;36.0;2828.0;10.5;79.5;0.75;6.27;13.05;14.48;47.92;27.08;2.31;113585.0;36.0;36.0;52.0;4168.0;1015.87;878.89;2.0;1.0;0;1.0;0;0;1.0;0;0;1.0;0;0;1.0;1.0;0;0;0;0;0
627006;2.40;0.96;36.0;2890.0;10.5;79.5;12.75;5.49;15.18;14.39;28.31;14.31;2.31;113585.0;37.0;37.0;52.0;4294.0;1015.91;859.36;2.0;1.0;0;1.0;0;0;1.0;0;0;1.0;0;0;1.0;1.0;0;0;0;0;0
627515;2.02;0.93;38.0;2978.0;10.5;79.5;21.75;4.70;15.35;14.39;14.15;7.51;2.31;113585.0;38.0;39.0;52.0;4424.0;1016.02;859.36;2.0;1.0;0;1.0;0;0;1.0;0;0;1.0;0;0;0;1.0;0;0;0;0;0
628036;1.19;0.91;38.0;2984.0;10.5;79.5;27.75;1.96;10.01;14.39;6.32;3.32;2.31;113585.0;39.0;39.0;52.0;4490.0;1016.10;859.36;2.0;1.0;0;1.0;0;0;1.0;0;0;1.0;0;0;1.0;1.0;0;0;0;0;0
628630;1.42;0.89;38.0;2967.0;10.5;79.5;33.0;3.13;12.63;14.39;3.26;1.60;2.31;113585.0;39.0;39.0;52.0;4495.0;1016.14;800.77;2.0;1.0;0;1.0;0;0;1.0;0;0;1.0;0;0;1.0;1.0;0;0;0;0;0
629125;0.79;1.00;38.0;3004.0;10.5;79.5;18.0;0;13.29;14.39;2.53;1.71;2.31;113585.0;39.0;38.0;52.0;4522.0;1016.18;703.11;2.0;1.0;0;1.0;0;0;1.0;0;0;1.0;0;0;1.0;1.0;0;0;0;0;0
629645;0.70;1.00;38.0;2899.0;10.5;79.5;-30.0;0;0;14.48;2.71;0.87;2.31;113585.0;39.0;38.0;52.0;4556.0;1016.22;0;2.0;1.0;0;1.0;0;0;1.0;0;0;1.0;0;0;1.0;1.0;0;0;0;0;0
630139;0.73;1.00;36.0;2761.0;10.5;79.5;-30.0;0;0;14.48;1.34;0.35;2.31;113585.0;36.0;35.0;52.0;4597.0;1016.22;0;2.0;1.0;0;1.0;0;0;1.0;0;0;1.0;0;0;1.0;1.0;0;0;0;0;0
630659;0.75;1.00;33.0;2613.0;10.5;79.5;-30.0;0;0;14.48;0.66;0.13;2.31;113585.0;34.0;34.0;52.0;4688.0;1016.22;0;2.0;1.0;0;1.0;0;0;1.0;0;0;1.0;0;0;1.0;1.0;0;0;0;0;0
631157;0.88;1.00;32.0;2512.0;10.5;79.5;14.25;0;13.27;14.39;1.93;0;2.31;113585.0;32.0;32.0;52.0;4305.0;1016.26;19.53;2.0;1.0;0;1.0;0;0;1.0;0;0;1.0;0;0;1.0;1.0;0;0;0;0;0
631664;0.88;1.00;31.0;2398.0;10.5;79.5;17.25;0;13.12;14.48;19.99;12.87;2.31;113585.0;31.0;31.0;45.0;4230.0;1016.26;39.06;2.0;1.0;0;1.0;0;0;1.0;0;0;1.0;0;0;1.0;1.0;0;0;0;0;0
632185;0.92;1.00;28.0;2278.0;10.5;79.5;15.0;0;13.26;14.39;23.02;9.14;2.31;113585.0;29.0;29.0;45.0;4385.0;1016.26;58.59;2.0;1.0;0;1.0;0;0;1.0;0;0;1.0;0;0;1.0;1.0;0;0;0;0;0
632691;0.91;1.00;27.0;2178.0;10.5;79.5;15.75;0;13.12;14.39;17.06;11.22;2.31;113585.0;28.0;28.0;45.0;4493.0;1016.26;58.59;2.0;1.0;0;1.0;0;0;1.0;0;0;1.0;0;0;1.0;1.0;0;0;0;0;0
633190;1.02;1.00;26.0;2000.0;10.5;79.5;15.0;0;13.15;14.58;14.00;9.97;2.31;113585.0;26.0;26.0;42.0;4490.0;1016.26;78.12;2.0;1.0;0;1.0;0;0;1.0;0;0;1.0;0;0;1.0;1.0;0;0;0;0;0
633711;1.06;1.00;23.0;1893.0;10.5;79.5;15.0;0;13.20;14.39;36.59;18.74;2.31;113585.0;24.0;24.0;44.0;4498.0;1016.26;97.65;2.0;1.0;0;1.0;0;0;1.0;0;0;1.0;0;0;1.0;1.0;0;0;0;0;0
634258;1.23;0.99;22.0;1494.0;10.5;79.5;15.75;0;13.14;14.29;29.54;19.13;2.58;113585.0;23.0;23.0;43.0;4485.0;1016.26;859.36;2.0;1.0;0;1.0;0;0;1.0;0;0;1.0;0;0;1.0;1.0;0;0;0;0;0
634756;1.33;0.97;21.0;1402.0;10.5;79.5;15.0;0;13.08;14.29;31.85;46.05;2.58;113585.0;21.0;21.0;43.0;4485.0;1016.26;859.36;2.0;1.0;0;1.0;0;0;1.0;0;0;1.0;0;0;1.0;1.0;0;0;0;0;0
635261;1.32;0.96;18.0;1386.0;10.5;79.5;15.75;0;13.16;14.39;40.99;44.43;2.31;113585.0;19.0;19.0;43.0;4523.0;1016.26;839.83;2.0;1.0;0;1.0;0;0;1.0;0;0;1.0;0;0;1.0;1.0;0;0;0;0;0
635781;1.27;0.94;17.0;1297.0;10.5;79.5;15.0;0;13.00;14.39;103.09;83.10;2.31;113585.0;17.0;17.0;43.0;4504.0;1016.26;722.64;2.0;1.0;0;1.0;0;0;1.0;0;0;1.0;0;0;1.0;1.0;0;0;0;0;0
636280;1.31;0.93;16.0;1311.0;10.5;79.5;15.0;0;13.01;14.48;110.40;81.71;2.31;113585.0;17.0;17.0;44.0;4519.0;1016.26;175.77;2.0;1.0;0;1.0;0;0;1.0;0;0;1.0;0;0;1.0;1.0;0;0;0;0;0
636785;1.36;0.94;16.0;1233.0;10.5;79.5;20.25;0;13.98;14.48;80.46;66.96;2.31;113585.0;16.0;16.0;45.0;4511.0;1016.26;39.06;2.0;1.0;0;1.0;0;0;1.0;0;0;1.0;0;0;1.0;1.0;0;0;0;0;0
637305;1.32;0.96;15.0;1352.0;10.5;79.5;14.25;0;13.00;14.29;61.77;48.76;2.58;113585.0;15.0;15.0;44.0;4508.0;1016.26;39.06;1.0;1.0;0;1.0;0;0;1.0;0;0;1.0;0;0;1.0;1.0;0;0;0;0;0
637811;1.29;0.97;13.0;1331.0;10.5;79.5;14.25;0;12.98;14.48;50.01;37.71;2.31;113585.0;14.0;14.0;43.0;4504.0;1016.26;58.59;1.0;1.0;0;1.0;0;0;1.0;0;0;1.0;0;0;1.0;1.0;0;0;0;0;0
638312;1.31;0.99;12.0;1345.0;10.5;79.5;15.0;0;13.04;14.11;45.40;29.78;2.58;113585.0;12.0;12.0;43.0;4514.0;1016.26;97.65;1.0;1.0;0;1.0;0;0;1.0;0;0;1.0;0;0;1.0;1.0;0;0;0;0;0
638834;1.44;1.00;10.0;1271.0;10.5;79.5;16.5;0;13.36;14.39;46.65;34.64;2.31;113585.0;10.0;10.0;44.0;4507.0;1016.26;703.11;1.0;1.0;0;1.0;0;0;1.0;0;0;1.0;0;0;1.0;1.0;0;0;0;0;0
639370;1.32;0.98;8.0;1287.0;10.5;79.5;15.75;0;13.22;14.29;37.90;25.21;2.58;113585.0;8.0;8.0;44.0;4506.0;1016.26;195.31;1.0;1.0;0;1.0;0;0;1.0;0;0;1.0;0;0;1.0;1.0;0;0;0;0;0
639891;1.38;0.99;6.0;1293.0;10.5;79.5;15.0;0;13.09;14.48;29.09;19.33;2.31;113585.0;6.0;6.0;45.0;4504.0;1016.26;58.59;1.0;1.0;0;1.0;0;0;1.0;0;0;1.0;0;0;1.0;1.0;0;0;0;0;0
640410;1.46;1.01;3.0;1279.0;10.5;79.5;15.75;0;13.26;14.39;20.07;15.85;2.31;113585.0;3.0;3.0;44.0;4519.0;1016.26;58.59;1.0;1.0;0;1.0;0;0;1.0;0;0;1.0;0;0;1.0;1.0;0;0;0;0;0
640931;1.37;1.02;0;1292.0;10.5;79.5;15.0;0;13.09;14.39;15.38;13.86;2.31;113585.0;0;0;43.0;4505.0;1016.26;273.43;1.0;1.0;0;1.0;0;0;1.0;0;0;1.0;0;0;1.0;1.0;0;0;0;0;0
641428;1.48;1.03;0;1283.0;10.5;79.5;15.0;0;13.06;14.01;20.97;25.74;2.58;113585.0;0;0;44.0;4502.0;1016.26;820.30;1.0;1.0;0;1.0;0;0;1.0;0;0;1.0;0;0;1.0;1.0;0;0;0;0;0
641938;1.34;1.01;0;1313.0;10.5;80.25;13.5;0;12.82;14.39;18.29;23.18;2.31;113585.0;0;0;43.0;4516.0;1016.26;820.30;1.0;1.0;0;1.0;0;0;1.0;0;0;1.0;0;0;1.0;1.0;0;0;0;0;0
642459;1.33;0.99;0;1301.0;10.5;80.25;14.25;0;12.96;14.48;19.90;29.58;2.31;113585.0;0;0;44.0;4510.0;1016.26;664.05;1.0;1.0;0;1.0;0;0;1.0;0;0;1.0;0;0;1.0;1.0;0;0;0;0;0
643055;1.47;0.98;0;1235.0;10.5;80.25;19.5;0;13.81;14.39;20.68;24.68;2.31;113585.0;0;0;45.0;4517.0;1016.26;136.71;1.0;1.0;0;1.0;0;0;1.0;0;0;1.0;0;0;1.0;1.0;0;0;0;0;0
643553;1.76;0.99;0;1481.0;10.5;80.25;12.75;1.17;12.05;14.39;15.03;19.13;2.31;113585.0;0;0;51.0;4494.0;1016.26;839.83;1.0;1.0;0;1.0;0;0;1.0;0;0;1.0;0;0;1.0;1.0;0;0;0;0;0
644116;1.80;0.98;0;1470.0;10.5;80.25;12.75;1.17;13.58;14.48;43.04;46.05;2.31;113585.0;0;0;51.0;4509.0;1016.26;742.17;1.0;1.0;0;1.0;0;0;1.0;0;0;1.0;0;0;1.0;1.0;0;0;0;0;0
644615;1.97;0.98;5.0;1450.0;10.5;80.25;12.75;1.56;14.77;14.39;97.66;82.70;2.31;113585.0;6.0;6.0;51.0;4508.0;1016.26;781.24;1.0;1.0;0;1.0;0;0;1.0;0;0;1.0;0;0;1.0;1.0;0;0;0;0;0
645135;1.77;0.97;7.0;1462.0;11.25;80.25;12.75;1.56;13.66;14.29;170.22;87.76;2.58;113585.0;8.0;8.0;51.0;4513.0;1016.26;820.30;1.0;1.0;0;1.0;0;0;1.0;0;0;1.0;0;0;1.0;1.0;0;0;0;0;0
645628;1.68;0.95;10.0;1450.0;11.25;80.25;12.75;0.78;13.17;14.20;161.88;79.36;2.58;113585.0;10.0;10.0;51.0;4509.0;1016.26;742.17;1.0;1.0;0;1.0;0;0;1.0;0;0;1.0;0;0;1.0;1.0;0;0;0;0;0
646149;1.58;0.95;11.0;1383.0;11.25;80.25;12.75;0.78;12.64;14.48;162.54;73.84;2.31;113585.0;11.0;11.0;52.0;4510.0;1016.26;19.53;1.0;1.0;0;1.0;0;0;1.0;0;0;1.0;0;0;1.0;1.0;0;0;0;0;0
646653;1.35;0.97;11.0;1358.0;11.25;80.25;15.75;0;13.17;14.48;156.65;92.65;2.31;113585.0;12.0;12.0;43.0;4518.0;1016.26;58.59;1.0;1.0;0;1.0;0;0;1.0;0;0;1.0;0;0;1.0;1.0;0;0;0;0;0
647158;1.28;0.97;12.0;1347.0;11.25;80.25;14.25;0;12.96;14.48;152.56;94.79;2.31;113585.0;12.0;12.0;44.0;4533.0;1016.26;644.52;1.0;1.0;0;1.0;0;0;1.0;0;0;1.0;0;0;1.0;1.0;0;0;0;0;0
647680;2.52;1.00;12.0;1635.0;11.25;80.25;3.0;2.74;13.54;14.58;124.99;76.83;2.31;113585.0;12.0;12.0;51.0;4575.0;1016.26;878.89;1.0;1.0;0;1.0;0;0;1.0;0;0;1.0;0;0;1.0;1.0;0;0;0;0;0
648233;1.59;0.98;13.0;2004.0;11.25;81.0;9.0;1.96;11.36;14.48;88.58;72.92;2.31;113585.0;14.0;14.0;51.0;4527.0;1016.26;820.30;1.0;1.0;0;1.0;0;0;1.0;0;0;1.0;0;0;1.0;1.0;0;0;0;0;0
648730;1.48;0.96;15.0;1702.0;11.25;81.0;13.5;1.17;11.46;14.39;148.83;74.60;2.31;113585.0;15.0;15.0;51.0;4491.0;1016.26;820.30;1.0;1.0;0;1.0;0;0;1.0;0;0;1.0;0;0;1.0;1.0;0;0;0;0;0
649240;1.08;0.95;15.0;1737.0;11.25;81.0;15.0;0;13.03;14.39;179.09;51.55;2.31;113585.0;14.0;15.0;43.0;4504.0;1016.26;820.30;1.0;1.0;0;1.0;0;0;1.0;0;0;1.0;0;0;1.0;1.0;0;0;0;0;0
649738;1.16;0.93;13.0;1588.0;11.25;81.0;14.25;0;13.02;14.29;179.30;74.70;2.58;113585.0;14.0;14.0;42.0;4491.0;1016.26;839.83;1.0;1.0;0;1.0;0;0;1.0;0;0;1.0;0;0;1.0;1.0;0;0;0;0;0
650260;1.08;0.92;13.0;1563.0;11.25;81.0;15.0;0;12.95;14.39;179.71;70.54;2.31;113585.0;14.0;14.0;43.0;4507.0;1016.26;800.77;1.0;1.0;0;1.0;0;0;1.0;0;0;1.0;0;0;1.0;1.0;0;0;0;0;0
650770;1.16;0.90;13.0;1471.0;11.25;81.0;15.0;0;12.92;14.39;230.04;135.88;2.31;113585.0;13.0;13.0;42.0;4519.0;1016.26;761.70;1.0;1.0;0;1.0;0;0;1.0;0;0;1.0;0;0;1.0;1.0;0;0;0;0;0
651270;1.14;0.89;12.0;1483.0;11.25;81.0;15.0;0;12.92;14.29;250.43;167.68;2.58;113585.0;13.0;13.0;42.0;4505.0;1016.26;761.70;1.0;1.0;0;1.0;0;0;1.0;0;0;1.0;0;0;1.0;1.0;0;0;0;0;0
651830;1.20;0.87;12.0;1387.0;11.25;81.0;15.75;0;13.06;14.39;220.33;172.29;2.31;113585.0;13.0;12.0;42.0;4500.0;1016.26;58.59;1.0;1.0;0;1.0;0;0;1.0;0;0;1.0;0;0;1.0;1.0;0;0;0;0;0
652329;1.21;0.89;12.0;1248.0;11.25;81.0;18.0;0;13.50;14.39;243.44;212.74;2.31;113585.0;13.0;13.0;43.0;4534.0;1016.34;19.53;1.0;1.0;0;1.0;0;0;1.0;0;0;1.0;0;0;1.0;1.0;0;0;0;0;0
652850;1.27;0.91;12.0;1332.0;11.25;81.0;14.25;0;12.87;14.48;242.77;194.65;2.31;113585.0;13.0;12.0;43.0;4514.0;1016.30;19.53;1.0;1.0;0;1.0;0;0;1.0;0;0;1.0;0;0;1.0;1.0;0;0;0;0;0
653391;1.24;0.92;12.0;1288.0;11.25;81.75;15.0;0;12.95;14.39;233.30;172.50;2.31;113585.0;13.0;13.0;43.0;4535.0;1016.30;19.53;1.0;1.0;0;1.0;0;0;1.0;0;0;1.0;0;0;1.0;1.0;0;0;0;0;0
653955;1.26;0.94;12.0;1264.0;11.25;81.75;15.0;0;12.95;14.48;213.07;168.21;2.31;113585.0;13.0;13.0;42.0;4516.0;1016.30;39.06;1.0;1.0;0;1.0;0;0;1.0;0;0;1.0;0;0;1.0;1.0;0;0;0;0;0
654450;1.24;0.96;12.0;1355.0;11.25;81.75;15.0;0;12.90;14.29;182.60;206.29;2.58;113585.0;13.0;13.0;42.0;4504.0;1016.30;39.06;1.0;1.0;0;1.0;0;0;1.0;0;0;1.0;0;0;1.0;1.0;0;0;0;0;0
654970;1.36;0.97;12.0;1324.0;11.25;81.75;14.25;0;12.80;14.48;148.07;231.31;2.31;113585.0;12.0;12.0;42.0;4512.0;1016.30;78.12;1.0;1.0;0;1.0;0;0;1.0;0;0;1.0;0;0;1.0;1.0;0;0;0;0;0
655471;1.31;0.98;12.0;1329.0;11.25;81.75;14.25;0;12.79;14.39;157.33;242.21;2.31;113585.0;12.0;12.0;42.0;4491.0;1016.30;800.77;1.0;1.0;0;1.0;0;0;1.0;0;0;1.0;0;0;1.0;1.0;0;0;0;0;0
655983;1.26;0.96;12.0;1380.0;11.25;81.75;15.0;0;12.89;14.29;205.53;238.12;2.58;113585.0;12.0;12.0;42.0;4508.0;1016.45;839.83;1.0;1.0;0;1.0;0;0;1.0;0;0;1.0;0;0;1.0;1.0;0;0;0;0;0
656481;1.29;0.95;11.0;1354.0;11.25;81.75;15.0;0;12.88;14.29;239.37;277.40;2.58;113585.0;12.0;12.0;42.0;4512.0;1016.38;820.30;1.0;1.0;0;1.0;0;0;1.0;0;0;1.0;0;0;1.0;1.0;0;0;0;0;0
656986;1.23;0.93;11.0;1303.0;11.25;81.75;14.25;0;12.80;14.29;263.32;257.11;2.58;113585.0;11.0;11.0;42.0;4521.0;1016.49;781.24;1.0;1.0;0;1.0;0;0;1.0;0;0;1.0;0;0;1.0;1.0;0;0;0;0;0
657505;1.32;0.93;10.0;1284.0;11.25;81.75;14.25;0;12.80;14.48;260.56;261.74;2.31;113585.0;11.0;10.0;43.0;4510.0;1016.57;39.06;1.0;1.0;0;1.0;0;0;1.0;0;0;1.0;0;0;1.0;1.0;0;0;0;0;0
658060;1.40;0.94;8.0;1209.0;11.25;81.75;20.25;0;13.81;14.29;296.27;289.86;2.58;113585.0;9.0;9.0;43.0;4511.0;1016.57;39.06;1.0;1.0;0;1.0;0;0;1.0;0;0;1.0;0;0;1.0;1.0;0;0;0;0;0
658570;1.38;0.96;8.0;1297.0;11.25;81.75;14.25;0;12.86;14.29;275.74;253.89;2.58;113585.0;9.0;9.0;43.0;4498.0;1016.57;39.06;1.0;1.0;0;1.0;0;0;1.0;0;0;1.0;0;0;1.0;1.0;0;0;0;0;0
659069;1.27;0.98;8.0;1307.0;11.25;81.75;13.5;0;12.69;14.48;289.98;258.71;2.31;113585.0;8.0;8.0;42.0;4536.0;1016.61;58.59;1.0;1.0;0;1.0;0;0;1.0;0;0;1.0;0;0;1.0;1.0;0;0;0;0;0
659638;1.36;0.99;7.0;1249.0;11.25;81.75;16.5;0;13.23;14.39;300.74;279.88;2.31;113585.0;7.0;7.0;43.0;4511.0;1016.65;78.12;1.0;1.0;0;1.0;0;0;1.0;0;0;1.0;0;0;1.0;1.0;0;0;0;0;0
660194;1.38;1.01;6.0;1269.0;11.25;81.75;15.0;0;12.95;14.39;314.53;277.93;2.31;113585.0;6.0;6.0;42.0;4511.0;1016.61;78.12;1.0;1.0;0;1.0;0;0;1.0;0;0;1.0;0;0;1.0;1.0;0;0;0;0;0
660794;1.38;1.02;6.0;1261.0;11.25;82.5;15.0;0;12.90;14.39;273.90;305.54;2.31;113585.0;6.0;6.0;42.0;4505.0;1016.65;839.83;1.0;1.0;0;1.0;0;0;1.0;0;0;1.0;0;0;1.0;1.0;0;0;0;0;0
661379;1.43;1.00;5.0;1254.0;11.25;82.5;15.75;0;13.02;14.39;275.64;299.82;2.31;113585.0;5.0;4.0;42.0;4530.0;1016.73;859.36;1.0;1.0;0;1.0;0;0;1.0;0;0;1.0;0;0;1.0;1.0;0;0;0;0;0
661899;1.37;0.98;3.0;1294.0;11.25;82.5;13.5;0;12.60;14.39;240.88;207.31;2.31;113585.0;4.0;3.0;41.0;4522.0;1016.77;820.30;1.0;1.0;0;1.0;0;0;1.0;0;0;1.0;0;0;1.0;1.0;0;0;0;0;0
662444;1.30;0.97;2.0;1258.0;11.25;82.5;15.75;0;12.96;14.20;193.26;183.46;2.58;113585.0;3.0;0;41.0;4515.0;1016.69;507.80;1.0;1.0;0;1.0;0;0;1.0;0;0;1.0;0;0;1.0;1.0;0;0;0;0;0
662967;1.44;0.97;0;1219.0;11.25;82.5;19.5;0;13.57;14.39;169.05;223.71;2.31;113585.0;0;0;42.0;4520.0;1016.77;58.59;1.0;1.0;0;1.0;0;0;1.0;0;0;1.0;0;0;1.0;1.0;0;0;0;0;0
663501;1.36;0.98;0;1269.0;11.25;82.5;15.75;0;13.03;14.39;204.61;237.42;2.31;113585.0;0;0;43.0;4522.0;1016.84;58.59;1.0;1.0;0;1.0;0;0;1.0;0;0;1.0;0;0;1.0;1.0;0;0;0;0;0
664019;1.44;1.00;0;1245.0;11.25;82.5;17.25;0;13.38;14.39;210.31;217.52;2.31;113585.0;0;0;44.0;4514.0;1016.84;703.11;1.0;1.0;0;1.0;0;0;1.0;0;0;1.0;0;0;1.0;1.0;0;0;0;0;0
664528;1.40;0.99;0;1236.0;11.25;82.5;17.25;0;13.46;14.39;161.57;172.97;2.31;113585.0;0;0;44.0;4501.0;1016.88;781.24;1.0;1.0;0;1.0;0;0;1.0;0;0;1.0;0;0;1.0;1.0;0;0;0;0;0
665070;1.42;0.99;0;1255.0;11.25;82.5;16.5;0;13.31;14.39;148.33;141.10;2.31;113585.0;0;0;43.0;4534.0;1016.96;117.18;1.0;1.0;0;1.0;0;0;1.0;0;0;1.0;0;0;1.0;1.0;0;0;0;0;0
665590;1.35;1.00;0;1283.0;11.25;82.5;14.25;0;12.94;14.48;140.18;146.59;2.31;113585.0;0;0;43.0;4505.0;1017.04;644.52;1.0;1.0;0;1.0;0;0;1.0;0;0;1.0;0;0;1.0;1.0;0;0;0;0;0
666099;1.38;0.99;0;1260.0;11.25;82.5;15.75;0;13.17;14.39;138.97;157.78;2.31;113585.0;0;0;43.0;4525.0;1017.04;761.70;1.0;1.0;0;1.0;0;0;1.0;0;0;1.0;0;0;1.0;1.0;0;0;0;0;0
666597;1.38;0.98;0;1268.0;11.25;82.5;15.0;0;13.01;14.48;122.33;135.22;2.31;113585.0;0;0;44.0;4498.0;1017.16;683.58;1.0;1.0;0;1.0;0;0;1.0;0;0;1.0;0;0;1.0;1.0;0;0;0;0;0
667102;1.92;1.00;0;1663.0;11.25;82.5;13.5;1.56;13.91;14.48;113.68;140.59;2.31;113585.0;0;0;50.0;4510.0;1017.12;859.36;1.0;1.0;0;1.0;0;0;1.0;0;0;1.0;0;0;1.0;1.0;0;0;0;0;0
667633;1.64;0.99;3.0;1436.0;11.25;82.5;12.75;0.78;12.30;14.58;191.31;174.34;2.31;113585.0;4.0;0;50.0;4511.0;1017.08;859.36;1.0;1.0;0;1.0;0;0;1.0;0;0;1.0;0;0;1.0;1.0;0;0;0;0;0
668167;1.56;0.98;5.0;1279.0;11.25;82.5;12.75;0.39;12.28;14.39;212.89;226.13;2.31;113585.0;5.0;5.0;50.0;4520.0;1017.00;800.77;1.0;1.0;0;1.0;0;0;1.0;0;0;1.0;0;0;1.0;1.0;0;0;0;0;0
668684;1.94;0.96;6.0;1269.0;11.25;82.5;12.75;0.39;12.65;14.39;252.44;221.82;2.31;113585.0;7.0;7.0;50.0;4500.0;1017.12;722.64;1.0;1.0;0;1.0;0;0;1.0;0;0;1.0;0;0;1.0;1.0;0;0;0;0;0
669183;1.22;0.94;7.0;1423.0;11.25;82.5;15.0;0;12.92;14.29;230.20;208.24;2.58;113585.0;7.0;7.0;42.0;4530.0;1017.12;839.83;1.0;1.0;0;1.0;0;0;1.0;0;0;1.0;0;0;1.0;1.0;0;0;0;0;0
669694;1.40;0.93;7.0;1241.0;11.25;82.5;17.25;0;13.35;14.29;226.25;223.63;2.58;113585.0;8.0;8.0;43.0;4510.0;1017.00;800.77;1.0;1.0;0;1.0;0;0;1.0;0;0;1.0;0;0;1.0;1.0;0;0;0;0;0
670215;1.38;0.92;7.0;1240.0;11.25;82.5;17.25;0;13.38;14.39;256.60;237.36;2.31;113585.0;8.0;8.0;43.0;4515.0;1017.00;58.59;1.0;1.0;0;1.0;0;0;1.0;0;0;1.0;0;0;1.0;1.0;0;0;0;0;0
670713;1.28;0.94;8.0;1289.0;11.25;82.5;15.0;0;12.99;14.29;212.34;202.60;2.58;113585.0;8.0;8.0;44.0;4508.0;1016.88;19.53;1.0;1.0;0;1.0;0;0;1.0;0;0;1.0;0;0;1.0;1.0;0;0;0;0;0
671219;1.56;0.95;8.0;1191.0;11.25;82.5;22.5;0;14.28;14.48;171.98;155.65;2.31;113585.0;9.0;9.0;45.0;4520.0;1017.04;39.06;1.0;1.0;0;1.0;0;0;1.0;0;0;1.0;0;0;1.0;1.0;0;0;0;0;0
671774;1.43;0.97;10.0;1264.0;11.25;82.5;16.5;0;13.42;14.48;132.13;127.80;2.31;113585.0;10.0;10.0;46.0;4499.0;1017.12;39.06;1.0;1.0;0;1.0;0;0;1.0;0;0;1.0;0;0;1.0;1.0;0;0;0;0;0
672333;1.48;0.98;10.0;1256.0;11.25;82.5;17.25;0;13.66;14.39;112.12;144.69;2.31;113585.0;11.0;10.0;46.0;4509.0;1016.96;58.59;1.0;1.0;0;1.0;0;0;1.0;0;0;1.0;0;0;1.0;1.0;0;0;0;0;0
672954;1.44;1.00;10.0;1291.0;11.25;82.5;13.5;0;12.96;14.39;92.78;127.86;2.31;113585.0;10.0;10.0;43.0;4520.0;1017.08;605.46;1.0;1.0;0;1.0;0;0;1.0;0;0;1.0;0;0;1.0;1.0;0;0;0;0;0
673475;3.29;0.99;11.0;1184.0;11.25;82.5;3.0;2.35;15.05;14.48;64.09;120.79;2.31;113585.0;11.0;10.0;52.0;4483.0;1017.04;898.42;1.0;1.0;0;1.0;0;0;1.0;0;0;1.0;0;0;1.0;1.0;0;0;0;0;0
674017;2.59;0.98;12.0;1497.0;11.25;82.5;6.75;2.74;15.14;14.48;58.59;120.34;2.31;113585.0;12.0;13.0;50.0;4489.0;1017.16;878.89;1.0;1.0;0;1.0;0;0;1.0;0;0;1.0;0;0;1.0;1.0;0;0;0;0;0
674574;1.01;1.00;13.0;1768.0;11.25;82.5;15.0;0;13.00;14.39;146.37;144.30;2.31;113585.0;14.0;14.0;43.0;4539.0;1017.16;859.36;1.0;1.0;0;1.0;0;0;1.0;0;0;1.0;0;0;1.0;1.0;0;0;0;0;0
675090;1.28;0.98;13.0;1338.0;11.25;82.5;15.0;0;12.92;14.39;133.27;141.78;2.31;113585.0;14.0;14.0;42.0;4496.0;1017.27;859.36;1.0;1.0;0;1.0;0;0;1.0;0;0;1.0;0;0;1.0;1.0;0;0;0;0;0
675682;1.24;0.96;13.0;1379.0;11.25;82.5;15.0;0;12.82;14.39;132.68;141.37;2.31;113585.0;14.0;14.0;41.0;4508.0;1017.27;820.30;1.0;1.0;0;1.0;0;0;1.0;0;0;1.0;0;0;1.0;1.0;0;0;0;0;0
676188;1.28;0.95;13.0;1406.0;11.25;82.5;15.0;0;12.76;14.29;91.73;97.72;2.58;113585.0;14.0;12.0;41.0;4505.0;1017.27;820.30;1.0;1.0;0;1.0;0;0;1.0;0;0;1.0;0;0;1.0;1.0;0;0;0;0;0
676688;2.53;0.93;13.0;1350.0;11.25;82.5;5.25;1.96;12.23;14.29;66.83;75.05;2.58;113585.0;13.0;13.0;50.0;4510.0;1017.27;839.83;1.0;1.0;0;1.0;0;0;1.0;0;0;1.0;0;0;1.0;1.0;0;0;0;0;0
677209;2.68;0.99;12.0;1751.0;11.25;82.5;0;3.52;13.11;14.29;54.76;65.95;2.58;113585.0;13.0;13.0;50.0;4508.0;1017.23;820.30;1.0;1.0;0;1.0;0;0;1.0;0;0;1.0;0;0;1.0;1.0;0;0;0;0;0
677714;2.36;0.97;15.0;1755.0;11.25;82.5;5.25;3.13;14.15;14.29;65.03;104.17;2.58;113585.0;15.0;15.0;50.0;4532.0;1017.31;820.30;1.0;1.0;0;1.0;0;0;1.0;0;0;1.0;0;0;1.0;1.0;0;0;0;0;0
678213;1.27;0.99;15.0;1408.0;11.25;82.5;15.0;0;12.87;14.29;51.89;115.67;2.58;113585.0;15.0;15.0;42.0;4470.0;1017.31;820.30;1.0;1.0;0;1.0;0;0;1.0;0;0;1.0;0;0;1.0;1.0;0;0;0;0;0
678735;1.15;0.97;13.0;1520.0;11.25;82.5;15.0;0;12.82;14.29;76.32;107.59;2.58;113585.0;14.0;14.0;41.0;4510.0;1017.27;820.30;1.0;1.0;0;1.0;0;0;1.0;0;0;1.0;0;0;1.0;1.0;0;0;0;0;0
679234;1.24;0.96;13.0;1473.0;11.25;82.5;15.0;0;12.82;14.39;74.23;101.86;2.31;113585.0;13.0;13.0;42.0;4505.0;1017.35;820.30;1.0;1.0;0;1.0;0;0;1.0;0;0;1.0;0;0;1.0;1.0;0;0;0;0;0
679754;1.21;0.94;12.0;1433.0;11.25;82.5;15.0;0;12.78;14.20;71.94;84.23;2.58;113585.0;13.0;12.0;41.0;4511.0;1017.39;800.77;1.0;1.0;0;1.0;0;0;1.0;0;0;1.0;0;0;1.0;1.0;0;0;0;0;0
680245;1.27;0.93;11.0;1317.0;11.25;82.5;14.25;0;12.66;14.48;52.39;64.68;2.31;113585.0;12.0;12.0;41.0;4522.0;1017.27;781.24;1.0;1.0;0;1.0;0;0;1.0;0;0;1.0;0;0;1.0;1.0;0;0;0;0;0
680767;1.26;0.91;11.0;1288.0;11.25;82.5;14.25;0;12.68;14.48;42.57;55.68;2.31;113585.0;12.0;11.0;41.0;4531.0;1017.23;253.90;1.0;1.0;0;1.0;0;0;1.0;0;0;1.0;0;0;1.0;1.0;0;0;0;0;0
681273;1.29;0.92;11.0;1231.0;11.25;82.5;18.0;0;13.42;14.29;50.52;62.96;2.58;113585.0;11.0;11.0;42.0;4510.0;1017.23;0;1.0;1.0;0;1.0;0;0;1.0;0;0;1.0;0;0;1.0;1.0;0;0;0;0;0
681770;1.35;0.94;11.0;1285.0;11.25;82.5;14.25;0;12.74;14.39;44.39;64.09;2.31;113585.0;11.0;11.0;42.0;4524.0;1017.31;0;1.0;1.0;0;1.0;0;0;1.0;0;0;1.0;0;0;1.0;1.0;0;0;0;0;0
682291;1.38;0.95;10.0;1268.0;11.25;82.5;15.75;0;12.98;14.48;53.80;61.30;2.31;113585.0;11.0;11.0;42.0;4512.0;1017.35;19.53;1.0;1.0;0;1.0;0;0;1.0;0;0;1.0;0;0;1.0;1.0;0;0;0;0;0
682797;1.38;0.97;10.0;1230.0;11.25;82.5;18.0;0;13.45;14.39;81.42;61.55;2.31;113585.0;11.0;11.0;43.0;4513.0;1017.31;39.06;1.0;1.0;0;1.0;0;0;1.0;0;0;1.0;0;0;1.0;1.0;0;0;0;0;0
683294;1.32;0.99;10.0;1294.0;11.25;82.5;14.25;0;12.80;14.29;70.99;87.74;2.58;113585.0;11.0;11.0;43.0;4496.0;1017.35;39.06;1.0;1.0;0;1.0;0;0;1.0;0;0;1.0;0;0;1.0;1.0;0;0;0;0;0
683865;1.44;1.00;10.0;1264.0;11.25;82.5;16.5;0;13.23;14.29;59.29;132.64;2.58;113585.0;10.0;9.0;43.0;4524.0;1017.39;58.59;1.0;1.0;0;1.0;0;0;1.0;0;0;1.0;0;0;1.0;1.0;0;0;0;0;0
684421;1.60;1.02;7.0;1204.0;11.25;82.5;21.0;0;13.91;14.39;49.84;111.08;2.31;113585.0;8.0;8.0;45.0;4512.0;1017.35;742.17;1.0;1.0;0;1.0;0;0;1.0;0;0;1.0;0;0;1.0;1.0;0;0;0;0;0
684919;1.49;1.02;6.0;1254.0;11.25;82.5;17.25;0;13.56;14.29;38.27;93.52;2.58;113585.0;7.0;7.0;46.0;4506.0;1017.39;839.83;1.0;1.0;0;1.0;0;0;1.0;0;0;1.0;0;0;1.0;1.0;0;0;0;0;0
685424;1.44;1.00;2.0;1258.0;11.25;82.5;17.25;0;13.66;14.29;80.26;151.49;2.58;113585.0;3.0;3.0;46.0;4520.0;1017.43;839.83;1.0;1.0;0;1.0;1.0;0;1.0;0;0;1.0;0;0;1.0;1.0;0;0;1.0;0;0
685945;1.40;0.99;0;1341.0;11.25;82.5;12.0;0;12.69;14.20;123.09;182.27;2.58;113585.0;0;0;44.0;4499.0;1017.35;800.77;1.0;1.0;0;1.0;1.0;0;1.0;0;0;1.0;0;0;1.0;1.0;0;0;1.0;0;0
686489;1.33;0.97;0;1296.0;11.25;82.5;13.5;0;12.94;14.39;89.70;154.05;2.31;113585.0;0;0;44.0;4510.0;1017.39;664.05;1.0;1.0;0;1.0;0;0;1.0;0;0;1.0;0;0;1.0;1.0;0;0;0;0;0
687005;1.31;0.97;0;1306.0;11.25;82.5;12.75;0;12.72;14.39;77.80;113.87;2.31;113585.0;0;0;44.0;4519.0;1017.43;605.46;1.0;1.0;0;1.0;0;0;1.0;0;0;1.0;0;0;1.0;1.0;0;0;0;0;0
687503;1.36;0.98;0;1330.0;11.25;82.5;12.0;0;12.51;14.29;56.69;94.48;2.58;113585.0;0;0;43.0;4506.0;1017.35;156.24;1.0;1.0;0;1.0;0;0;1.0;0;0;1.0;0;0;1.0;1.0;0;0;0;0;0
688017;1.33;1.00;0;1266.0;11.25;82.5;15.0;0;12.97;14.48;95.87;88.13;2.31;113585.0;0;0;42.0;4519.0;1017.35;546.86;1.0;1.0;0;1.0;0;0;1.0;0;0;1.0;0;0;1.0;1.0;0;0;0;0;0
688523;1.33;0.99;0;1266.0;11.25;82.5;15.0;0;12.70;14.48;113.76;92.08;2.31;113585.0;0;0;42.0;4549.0;1017.39;703.11;1.0;1.0;0;1.0;0;0;1.0;0;0;1.0;0;0;1.0;1.0;0;0;0;0;0
689022;1.36;0.97;0;1326.0;11.25;82.5;12.0;0;12.40;14.29;145.67;113.41;2.58;113585.0;0;0;43.0;4502.0;1017.39;664.05;1.0;1.0;0;1.0;0;0;1.0;0;0;1.0;0;0;1.0;1.0;0;0;0;0;0
689542;1.44;0.98;0;1235.0;11.25;82.5;17.25;0;13.36;14.39;146.37;102.29;2.31;113585.0;0;0;43.0;4533.0;1017.43;703.11;1.0;1.0;0;1.0;0;0;1.0;0;0;1.0;0;0;1.0;1.0;0;0;0;0;0
690039;1.35;0.97;0;1253.0;11.25;82.5;16.5;0;13.25;14.29;120.22;93.00;2.58;113585.0;0;0;43.0;4506.0;1017.35;703.11;1.0;1.0;0;1.0;0;0;1.0;0;0;1.0;0;0;1.0;1.0;0;0;0;0;0
690547;1.33;0.95;0;1271.0;11.25;82.5;15.0;0;12.96;14.48;114.58;93.21;2.31;113585.0;0;0;43.0;4514.0;1017.39;117.18;1.0;1.0;0;1.0;0;0;1.0;0;0;1.0;0;0;1.0;1.0;0;0;0;0;0
691071;1.40;0.97;0;1260.0;11.25;82.5;16.5;0;13.27;14.48;156.12;107.80;2.31;113585.0;0;0;43.0;4499.0;1017.35;0;1.0;1.0;0;1.0;0;0;1.0;0;0;1.0;0;0;1.0;1.0;0;0;0;0;0
691570;1.36;0.98;0;1267.0;11.25;82.5;15.0;0;12.97;14.20;163.64;127.19;2.58;113585.0;0;0;42.0;4514.0;1017.27;39.06;1.0;1.0;0;1.0;0;0;1.0;0;0;1.0;0;0;1.0;1.0;0;0;0;0;0
692078;1.36;1.00;0;1291.0;11.25;82.5;13.5;0;12.70;14.48;210.35;174.77;2.31;113585.0;0;0;42.0;4515.0;1017.23;644.52;1.0;1.0;0;1.0;0;0;1.0;0;0;1.0;0;0;1.0;1.0;0;0;0;0;0
692600;1.36;0.99;0;1244.0;11.25;82.5;16.5;0;13.20;14.48;227.15;226.45;2.31;113585.0;0;0;42.0;4528.0;1017.31;722.64;1.0;1.0;0;1.0;0;0;1.0;0;0;1.0;0;0;1.0;1.0;0;0;1.0;0;0
693140;1.36;0.97;0;1327.0;11.25;82.5;12.0;0;12.34;14.29;221.70;258.63;2.58;113585.0;0;0;41.0;4516.0;1017.27;703.11;1.0;1.0;0;1.0;0;0;1.0;0;0;1.0;0;0;1.0;1.0;0;0;0;0;0
693661;1.40;0.98;0;1214.0;11.25;82.5;19.5;0;13.61;14.48;185.76;222.11;2.31;113585.0;0;0;43.0;4517.0;1017.35;761.70;1.0;1.0;0;1.0;0;0;1.0;0;0;1.0;0;0;1.0;1.0;0;0;0;0;0
694163;1.32;0.96;0;1308.0;11.25;82.5;13.5;0;12.69;14.29;195.76;213.52;2.58;113585.0;0;0;43.0;4492.0;1017.31;605.46;1.0;1.0;0;1.0;0;0;1.0;0;0;1.0;0;0;1.0;1.0;0;0;0;0;0
694661;1.30;0.96;0;1266.0;11.25;82.5;15.0;0;12.90;14.48;214.04;193.83;2.31;113585.0;0;0;42.0;4537.0;1017.31;195.31;1.0;1.0;0;1.0;0;0;1.0;0;0;1.0;0;0;1.0;1.0;0;0;0;0;0
695247;1.36;0.97;0;1244.0;11.25;82.5;17.25;0;13.38;14.39;213.56;164.50;2.31;113585.0;0;0;42.0;4499.0;1017.31;19.53;1.0;1.0;0;1.0;0;0;1.0;0;0;1.0;0;0;1.0;1.0;0;0;0;0;0
695758;1.42;0.99;0;1291.0;11.25;82.5;13.5;0;12.68;14.48;189.87;165.49;2.31;113585.0;0;0;43.0;4500.0;1017.35;39.06;1.0;1.0;0;1.0;0;0;1.0;0;0;1.0;0;0;1.0;1.0;0;0;0;0;0
696256;1.36;1.00;0;1244.0;11.25;82.5;16.5;0;13.18;14.39;209.84;158.64;2.31;113585.0;0;0;41.0;4529.0;1017.39;742.17;1.0;1.0;0;1.0;0;0;1.0;0;0;1.0;0;0;1.0;1.0;0;0;0;0;0
696764;1.38;0.98;0;1232.0;11.25;82.5;18.0;0;13.48;14.48;226.56;171.29;2.31;113585.0;0;0;43.0;4502.0;1017.35;722.64;1.0;1.0;0;1.0;0;0;1.0;0;0;1.0;0;0;1.0;1.0;0;0;0;0;0
697284;5.62;1.00;0;1485.0;11.25;82.5;7.5;9.02;34.49;14.48;264.20;171.72;2.31;113585.0;0;0;61.0;4518.0;1017.23;898.42;1.0;1.0;0;1.0;0;0;1.0;0;0;1.0;0;0;1.0;1.0;0;0;0;0;0
697781;3.95;1.00;0;2100.0;11.25;82.5;18.0;9.41;30.14;14.39;235.16;207.31;2.31;113585.0;0;0;50.0;4545.0;1017.23;859.36;1.0;1.0;0;1.0;0;0;1.0;0;0;1.0;0;0;1.0;1.0;0;0;0;0;0
698304;3.76;0.97;10.0;2108.0;11.25;82.5;18.0;9.80;30.04;14.39;260.19;212.99;2.31;113585.0;10.0;11.0;50.0;4524.0;1017.31;839.83;1.0;1.0;0;1.0;0;0;1.0;0;0;1.0;0;0;1.0;1.0;0;0;0;0;0
698803;4.04;0.98;17.0;2363.0;11.25;82.5;20.25;12.55;31.47;14.39;281.81;218.01;2.31;113585.0;17.0;17.0;50.0;4432.0;1017.27;820.30;1.0;1.0;0;1.0;0;0;1.0;0;0;1.0;0;0;1.0;1.0;0;0;0;0;0
699318;5.18;1.00;25.0;2689.0;11.25;82.5;19.5;21.57;35.95;14.39;290.46;278.40;2.31;113585.0;24.0;25.0;50.0;4405.0;1017.35;859.36;1.0;1.0;0;1.0;0;0;1.0;0;0;1.0;0;0;1.0;1.0;0;0;0;0;0
699818;8.97;1.00;37.0;4072.0;11.25;82.5;14.25;53.73;53.47;14.39;325.35;309.82;2.31;113585.0;35.0;37.0;50.0;4550.0;1017.39;859.36;1.0;1.0;0;1.0;0;0;1.0;0;0;1.0;0;0;1.0;1.0;0;0;0;0;0
700339;7.32;1.01;50.0;5458.0;11.25;82.5;18.0;60.00;49.14;14.29;329.72;308.63;2.58;113585.0;46.0;50.0;50.0;4667.0;1017.31;97.65;1.0;1.0;0;1.0;0;0;1.0;0;0;0;0;0;1.0;1.0;0;0;0;0;0
700878;7.68;1.00;55.0;4434.0;11.25;82.5;23.25;29.80;42.30;14.11;201.53;194.94;2.58;113585.0;53.0;55.0;50.0;4377.0;1017.39;898.42;2.0;1.0;0;1.0;0;0;1.0;0;0;1.0;0;0;1.0;1.0;0;0;0;0;0
701398;7.19;1.00;63.0;4893.0;11.25;82.5;18.0;47.45;47.81;14.48;182.29;160.36;2.31;113585.0;61.0;64.0;50.0;4615.0;1017.43;839.83;2.0;1.0;0;1.0;0;0;1.0;0;0;1.0;0;0;1.0;1.0;0;0;0;0;0
701968;7.80;1.00;67.0;4140.0;11.25;81.75;17.25;33.72;46.07;14.29;163.50;175.80;2.58;113585.0;65.0;67.0;50.0;4445.0;1017.27;859.36;3.0;1.0;0;1.0;0;0;1.0;0;0;1.0;0;0;1.0;1.0;0;0;0;0;0
702528;6.52;1.00;75.0;4584.0;11.25;81.75;15.75;37.65;47.49;14.48;244.30;245.72;2.31;113585.0;72.0;75.0;50.0;4586.0;1017.08;742.17;3.0;1.0;0;1.0;0;0;1.0;0;0;0;0;0;1.0;1.0;0;0;0;0;0
703034;5.07;1.00;76.0;3963.0;11.25;81.75;26.25;22.74;37.04;14.48;309.76;313.22;2.31;113585.0;75.0;76.0;50.0;4503.0;1017.00;839.83;4.0;1.0;0;1.0;0;0;1.0;0;0;0;0;0;1.0;1.0;0;0;0;0;0
703593;5.96;0.99;80.0;4168.0;11.25;81.75;21.0;28.23;41.85;14.48;347.04;326.19;2.31;113585.0;78.0;80.0;50.0;4551.0;1016.80;820.30;4.0;1.0;0;1.0;0;0;1.0;0;0;0;0;0;1.0;1.0;0;0;0;0;0
704091;4.44;1.00;81.0;3859.0;11.25;81.75;39.75;10.98;22.22;14.39;351.61;345.29;2.31;113585.0;81.0;81.0;50.0;4429.0;1016.73;859.36;5.0;1.0;0;1.0;0;0;1.0;0;0;0;0;0;1.0;1.0;0;0;0;0;0
704682;3.33;1.00;85.0;3906.0;11.25;81.0;35.25;12.55;25.92;14.29;327.65;312.05;2.58;113585.0;84.0;85.0;50.0;4481.0;1016.69;839.83;5.0;1.0;0;1.0;0;0;1.0;0;0;0;0;0;1.0;1.0;0;0;0;0;0
705181;0.42;1.00;85.0;3655.0;11.25;81.0;41.25;0;7.08;14.48;305.41;267.87;2.31;113585.0;85.0;84.0;51.0;4613.0;1016.57;859.36;5.0;1.0;0;1.0;0;0;1.0;0;0;0;0;0;1.0;1.0;0;0;0;0;0
705688;0.49;1.00;82.0;3725.0;12.0;81.0;-30.0;0;0;14.48;276.03;295.84;2.31;113585.0;82.0;82.0;51.0;4701.0;1016.57;0;5.0;1.0;0;1.0;0;0;1.0;0;0;0;0;0;1.0;1.0;0;0;0;0;0
706210;0.57;1.00;80.0;3617.0;12.0;81.0;-30.0;0;0;14.48;288.08;315.58;2.31;113585.0;80.0;79.0;51.0;4658.0;1016.57;0;5.0;1.0;0;1.0;0;0;1.0;0;0;0;0;0;1.0;1.0;0;0;0;0;0
706708;2.80;0.99;78.0;3687.0;12.0;81.0;7.5;7.84;14.22;14.48;277.54;314.27;2.31;113585.0;79.0;79.0;51.0;4185.0;1016.61;878.89;5.0;1.0;0;1.0;0;0;1.0;0;0;0;0;0;1.0;1.0;0;0;0;0;0
707218;2.68;0.93;80.0;3662.0;12.0;81.0;21.0;8.23;19.18;14.39;217.15;338.22;2.31;113585.0;79.0;80.0;51.0;4291.0;1016.73;839.83;5.0;1.0;0;1.0;0;0;1.0;0;0;0;0;0;1.0;1.0;0;0;0;0;0
707774;2.44;0.87;80.0;3689.0;12.0;81.0;35.25;8.23;21.49;14.48;214.86;266.50;2.31;113585.0;79.0;80.0;51.0;4422.0;1016.77;781.24;5.0;1.0;0;1.0;0;0;1.0;0;0;0;0;0;1.0;1.0;0;0;0;0;0
708278;1.66;0.81;81.0;3712.0;12.0;81.0;42.0;5.49;16.52;14.48;269.18;269.10;2.31;113585.0;81.0;81.0;51.0;4511.0;1016.61;800.77;5.0;1.0;0;1.0;0;0;1.0;0;0;0;0;0;0;1.0;0;0;0;0;0
708787;0.55;1.00;78.0;3634.0;12.0;81.0;-30.0;0;0;14.48;326.52;315.91;2.31;113585.0;79.0;78.0;51.0;4583.0;1016.73;273.43;5.0;1.0;0;1.0;0;0;1.0;0;0;0;0;0;1.0;1.0;0;0;0;0;0
709308;0.56;1.00;77.0;3524.0;12.0;81.0;-30.0;0;0;14.48;344.25;334.78;2.31;113585.0;78.0;77.0;51.0;4600.0;1016.69;0;5.0;1.0;0;1.0;0;0;1.0;0;0;0;0;0;1.0;1.0;0;0;0;0;0
709866;0.60;1.00;75.0;3409.0;12.0;81.0;-30.0;0;0;14.48;343.66;348.21;2.31;113585.0;75.0;74.0;51.0;4596.0;1016.84;0;5.0;1.0;0;1.0;0;0;1.0;0;0;0;0;0;1.0;1.0;0;0;0;0;0
710364;0.63;1.00;72.0;3280.0;12.0;81.0;-30.0;0;0;14.39;329.11;349.74;2.31;113585.0;73.0;72.0;51.0;4602.0;1016.92;0;5.0;1.0;0;1.0;0;0;1.0;0;0;0;0;0;1.0;1.0;0;0;0;0;0
710932;0.66;1.00;68.0;3168.0;12.0;80.25;-30.0;0;0;14.58;327.65;333.41;2.31;113585.0;69.0;69.0;51.0;4613.0;1016.96;0;5.0;1.0;0;1.0;0;0;1.0;0;0;0;0;0;1.0;1.0;0;0;0;0;0
711522;0.68;1.00;65.0;2969.0;12.0;80.25;-30.0;0;0;14.39;337.69;339.29;2.31;113585.0;65.0;64.0;51.0;4612.0;1016.88;0;5.0;1.0;0;1.0;0;0;1.0;0;0;0;0;0;1.0;1.0;0;0;0;0;0
712028;0.75;1.00;58.0;2746.0;12.0;80.25;-30.0;0;0;14.39;295.03;281.62;2.31;113585.0;56.0;59.0;51.0;4617.0;1016.96;0;5.0;1.0;0;1.0;0;0;1.0;0;0;1.0;0;0;1.0;1.0;0;0;0;0;0
712548;1.12;1.00;52.0;2460.0;12.0;80.25;24.0;0.39;13.37;14.39;244.61;304.70;2.31;113585.0;53.0;53.0;51.0;4297.0;1017.12;39.06;5.0;1.0;0;1.0;0;0;1.0;0;0;1.0;0;0;1.0;1.0;0;0;0;0;0
713140;1.07;1.00;47.0;2249.0;12.0;80.25;15.75;0;13.26;14.48;181.53;307.10;2.31;113585.0;48.0;48.0;46.0;4252.0;1017.20;898.42;5.0;1.0;0;1.0;0;0;1.0;0;0;1.0;0;0;1.0;1.0;0;0;0;0;0
713644;1.0;1.00;42.0;1981.0;12.0;80.25;15.0;0;13.18;14.39;132.92;198.63;2.31;113585.0;43.0;43.0;44.0;4377.0;1017.27;898.42;5.0;1.0;0;1.0;1.0;0;1.0;0;0;1.0;0;0;1.0;1.0;0;0;0;0;0
714165;1.39;0.98;40.0;1348.0;12.0;80.25;14.25;0;13.03;14.48;100.05;151.76;2.31;113585.0;40.0;40.0;43.0;4456.0;1017.35;859.36;4.0;1.0;0;1.0;0;0;1.0;0;0;1.0;0;0;1.0;1.0;0;0;0;0;0
714701;0.98;1.00;38.0;2023.0;12.0;80.25;15.75;0;13.06;14.48;177.17;130.71;2.31;113585.0;39.0;39.0;43.0;4534.0;1017.39;839.83;4.0;1.0;0;1.0;1.0;0;1.0;0;0;1.0;0;0;1.0;1.0;0;0;0;0;0
715222;1.0;1.00;37.0;1852.0;12.0;80.25;15.75;0;13.09;14.48;200.88;181.49;2.31;113585.0;38.0;37.0;43.0;4500.0;1017.39;859.36;3.0;1.0;0;1.0;0;0;1.0;0;0;1.0;0;0;1.0;1.0;0;0;0;0;0
715728;0.88;1.00;36.0;2230.0;12.0;80.25;15.75;0;13.06;14.29;146.76;153.52;2.58;113585.0;36.0;36.0;44.0;4515.0;1017.43;136.71;3.0;1.0;0;1.0;0;0;1.0;0;0;1.0;0;0;1.0;1.0;0;0;0;0;0
716330;0.92;1.00;35.0;2115.0;12.0;80.25;15.0;0;13.07;14.48;104.05;106.67;2.31;113585.0;35.0;34.0;44.0;4500.0;1017.43;19.53;3.0;1.0;0;1.0;0;0;1.0;0;0;1.0;0;0;1.0;1.0;0;0;0;0;0
716885;0.96;1.00;32.0;1989.0;12.0;80.25;15.0;0;13.03;14.58;89.23;89.91;2.31;113585.0;33.0;33.0;43.0;4507.0;1017.51;39.06;3.0;1.0;0;1.0;0;0;1.0;0;0;1.0;0;0;1.0;1.0;0;0;0;0;0
717425;1.05;1.00;30.0;1823.0;12.0;80.25;15.0;0;13.11;14.39;78.10;77.24;2.31;113585.0;29.0;30.0;43.0;4494.0;1017.51;742.17;3.0;1.0;0;1.0;0;0;1.0;0;0;1.0;0;0;1.0;1.0;0;0;0;0;0
718015;1.27;0.99;25.0;1531.0;12.0;80.25;15.0;0;13.08;14.39;91.51;57.47;2.31;113585.0;26.0;25.0;44.0;4480.0;1017.51;878.89;3.0;1.0;0;1.0;0;0;1.0;0;0;1.0;0;0;1.0;1.0;0;0;0;0;0
718520;1.31;0.97;21.0;1289.0;12.0;80.25;15.0;0;12.99;14.29;75.69;58.90;2.58;113585.0;22.0;22.0;43.0;4493.0;1017.51;859.36;3.0;1.0;0;1.0;0;0;1.0;0;0;1.0;0;0;1.0;1.0;0;0;0;0;0
719041;1.34;0.95;20.0;1291.0;12.0;80.25;15.0;0;13.00;14.48;70.17;108.15;2.31;113585.0;20.0;20.0;43.0;4491.0;1017.59;644.52;2.0;1.0;0;1.0;0;0;1.0;0;0;1.0;0;0;1.0;1.0;0;0;0;0;0
719538;1.2;0.95;18.0;1506.0;12.0;80.25;14.25;0;13.11;14.39;143.76;87.22;2.31;113585.0;19.0;19.0;44.0;4498.0;1017.63;39.06;2.0;1.0;0;1.0;0;0;1.0;0;0;1.0;0;0;1.0;1.0;0;0;0;0;0
720045;1.20;0.97;18.0;1462.0;12.0;80.25;15.75;0;13.11;14.48;203.83;128.76;2.31;113585.0;19.0;18.0;44.0;4517.0;1017.59;781.24;2.0;1.0;0;1.0;0;0;1.0;0;0;1.0;0;0;1.0;1.0;0;0;0;0;0
720565;1.26;0.96;18.0;1383.0;12.0;80.25;15.0;0;13.01;14.29;227.48;143.70;2.58;113585.0;18.0;18.0;43.0;4518.0;1017.86;820.30;2.0;1.0;0;1.0;0;0;1.0;0;0;1.0;0;0;1.0;1.0;0;0;0;0;0
721078;1.54;0.94;17.0;1307.0;12.0;80.25;9.75;0.78;11.92;14.48;228.30;126.37;2.31;113585.0;18.0;18.0;52.0;4500.0;1017.90;605.46;2.0;1.0;0;1.0;0;0;1.0;0;0;1.0;0;0;1.0;1.0;0;0;0;0;0
721616;1.58;0.94;18.0;1468.0;12.0;80.25;12.75;1.17;12.77;14.29;229.18;116.65;2.58;113585.0;19.0;19.0;51.0;4501.0;1017.86;19.53;2.0;1.0;0;1.0;0;0;1.0;0;0;1.0;0;0;1.0;1.0;0;0;0;0;0
722128;1.66;0.95;20.0;1570.0;12.0;80.25;13.5;1.17;12.99;14.39;248.90;127.56;2.31;113585.0;20.0;20.0;51.0;4515.0;1018.02;39.06;2.0;1.0;0;1.0;0;0;1.0;0;0;1.0;0;0;1.0;1.0;0;0;0;0;0
722640;1.46;0.97;20.0;1609.0;12.0;80.25;13.5;0.78;12.04;14.39;255.19;162.13;2.31;113585.0;21.0;20.0;51.0;4509.0;1018.13;58.59;2.0;1.0;0;1.0;0;0;1.0;0;0;1.0;0;0;1.0;1.0;0;0;0;0;0
723160;1.46;0.98;21.0;1636.0;12.0;80.25;13.5;0.78;11.26;14.39;266.89;168.05;2.31;113585.0;21.0;20.0;51.0;4514.0;1018.29;58.59;2.0;1.0;0;1.0;1.0;0;1.0;0;0;1.0;0;0;1.0;1.0;0;0;1.0;0;0
723758;1.32;1.00;20.0;1382.0;12.0;80.25;15.75;0;13.19;14.48;297.52;148.44;2.31;113585.0;20.0;19.0;43.0;4509.0;1018.33;859.36;2.0;1.0;0;1.0;0;0;1.0;0;0;1.0;0;0;1.0;1.0;0;0;0;0;0
724350;1.29;0.98;17.0;1340.0;12.0;80.25;13.5;0;12.76;14.48;258.01;140.59;2.31;113585.0;18.0;18.0;42.0;4517.0;1018.48;859.36;2.0;1.0;0;1.0;0;0;1.0;0;0;1.0;0;0;1.0;1.0;0;0;0;0;0
724918;2.69;1.00;16.0;1422.0;12.0;80.25;3.75;2.35;14.58;14.39;178.42;155.34;2.31;113586.0;17.0;17.0;53.0;4575.0;1018.56;898.42;2.0;1.0;0;1.0;0;0;1.0;0;0;1.0;0;0;1.0;1.0;0;0;0;0;0
725510;2.96;1.00;17.0;1870.0;12.0;80.25;9.0;5.09;18.31;14.29;160.86;182.91;2.58;113586.0;17.0;17.0;51.0;4569.0;1018.52;878.89;2.0;1.0;0;1.0;0;0;1.0;0;0;1.0;0;0;1.0;1.0;0;0;0;0;0
726013;3.03;0.97;20.0;1786.0;12.0;80.25;14.25;5.09;21.78;14.48;217.31;251.85;2.31;113586.0;20.0;20.0;51.0;4519.0;1018.45;820.30;2.0;1.0;0;1.0;0;0;1.0;0;0;1.0;0;0;1.0;1.0;0;0;0;0;0
726606;2.40;0.95;21.0;1724.0;12.0;80.25;13.5;2.74;18.49;14.39;250.10;283.16;2.31;113586.0;21.0;22.0;51.0;4510.0;1018.52;175.77;2.0;1.0;0;1.0;0;0;1.0;0;0;1.0;0;0;1.0;1.0;0;0;0;0;0
727140;2.68;1.00;21.0;1772.0;12.0;81.0;13.5;2.74;16.11;14.39;286.03;307.16;2.31;113586.0;22.0;21.0;51.0;4525.0;1018.52;898.42;2.0;1.0;0;1.0;0;0;1.0;0;0;1.0;0;0;1.0;1.0;0;0;0;0;0
727658;3.40;0.99;22.0;1857.0;12.0;81.0;15.75;6.27;25.95;14.48;315.85;315.80;2.31;113586.0;23.0;23.0;51.0;4557.0;1018.45;859.36;2.0;1.0;0;1.0;0;0;1.0;0;0;1.0;0;0;1.0;1.0;0;0;0;0;0
728215;2.79;1.00;26.0;2103.0;12.0;81.0;18.75;5.49;21.43;14.39;332.90;330.19;2.31;113586.0;26.0;27.0;51.0;4498.0;1018.45;781.24;2.0;1.0;0;1.0;0;0;1.0;0;0;1.0;0;0;1.0;1.0;0;0;0;0;0
728723;4.30;1.00;26.0;1814.0;12.0;81.0;12.0;5.88;23.74;14.48;332.40;272.87;2.31;113586.0;26.0;26.0;51.0;4460.0;1018.37;898.42;2.0;1.0;0;1.0;0;0;1.0;0;0;1.0;0;0;1.0;1.0;0;0;0;0;0
729222;5.44;1.00;30.0;2355.0;12.0;81.0;15.0;18.43;36.91;14.29;291.19;191.66;2.58;113586.0;29.0;30.0;51.0;4448.0;1018.33;859.36;2.0;1.0;0;1.0;0;0;1.0;0;0;1.0;0;0;1.0;1.0;0;0;0;0;0
729731;5.27;1.00;35.0;2777.0;12.0;81.0;18.0;23.13;37.73;14.48;270.00;198.17;2.31;113586.0;34.0;35.0;51.0;4384.0;1018.37;781.24;2.0;1.0;0;1.0;0;0;1.0;0;0;1.0;0;0;1.0;1.0;0;0;0;0;0
730253;3.28;1.00;42.0;3267.0;12.0;81.0;24.75;11.76;33.78;14.39;211.35;233.16;2.31;113586.0;40.0;42.0;51.0;4666.0;1018.25;839.83;2.0;1.0;0;1.0;0;0;1.0;0;0;1.0;0;0;1.0;1.0;0;0;0;0;0
730810;4.4;0.99;43.0;2705.0;12.0;81.0;22.5;17.25;33.94;14.48;167.68;252.93;2.31;113586.0;44.0;44.0;51.0;4454.0;1018.17;703.11;3.0;1.0;0;1.0;0;0;1.0;0;0;1.0;0;0;1.0;1.0;0;0;0;0;0
731326;3.72;0.98;47.0;2945.0;12.0;81.0;27.75;13.33;29.94;14.39;153.95;278.32;2.31;113586.0;46.0;48.0;51.0;4485.0;1018.09;820.30;3.0;1.0;0;1.0;0;0;1.0;0;0;1.0;0;0;1.0;1.0;0;0;0;0;0
731866;3.36;0.92;51.0;3185.0;12.0;81.0;30.0;12.55;28.72;14.48;250.68;323.35;2.31;113586.0;50.0;52.0;51.0;4537.0;1018.02;683.58;3.0;1.0;0;1.0;0;0;1.0;0;0;1.0;0;0;1.0;1.0;0;0;0;0;0
732368;0.76;1.00;50.0;3062.0;12.0;81.0;17.25;0;13.14;14.39;293.14;341.81;2.31;113586.0;50.0;51.0;51.0;4554.0;1018.05;0;3.0;1.0;0;1.0;0;0;1.0;0;0;1.0;0;0;1.0;1.0;0;0;0;0;0
732877;0.68;1.00;48.0;2903.0;12.0;81.75;-30.0;0;0;14.29;329.00;352.90;2.58;113586.0;48.0;47.0;50.0;4352.0;1017.90;0;3.0;1.0;0;1.0;0;0;1.0;0;0;1.0;0;0;1.0;1.0;0;0;0;0;0
733448;2.90;1.00;46.0;2806.0;12.0;81.75;3.0;5.88;13.92;14.29;274.04;286.62;2.58;113586.0;46.0;46.0;50.0;4203.0;1017.82;859.36;3.0;1.0;0;1.0;0;0;1.0;0;0;1.0;0;0;1.0;1.0;0;0;0;0;0
734035;2.72;0.97;46.0;2867.0;12.0;81.75;17.25;6.27;18.93;14.39;314.31;307.49;2.31;113586.0;46.0;47.0;50.0;4293.0;1017.86;859.36;3.0;1.0;0;1.0;0;0;1.0;0;0;1.0;0;0;1.0;1.0;0;0;0;0;0
734555;2.60;0.93;47.0;2901.0;12.0;81.75;32.25;6.66;22.16;14.48;298.92;332.51;2.31;113586.0;47.0;47.0;50.0;4421.0;1017.74;839.83;3.0;1.0;0;1.0;0;0;1.0;0;0;1.0;0;0;1.0;1.0;0;0;0;0;0
735113;2.32;0.89;48.0;2965.0;12.0;81.75;33.75;6.27;21.04;14.29;297.53;306.54;2.58;113586.0;48.0;48.0;50.0;4492.0;1017.66;800.77;3.0;1.0;0;1.0;0;0;1.0;0;0;1.0;0;0;1.0;1.0;0;0;0;0;0
735672;1.50;0.99;48.0;2975.0;12.0;81.75;33.75;2.74;12.58;14.39;245.12;241.54;2.31;113586.0;49.0;48.0;50.0;4533.0;1017.63;859.36;3.0;1.0;0;1.0;0;0;1.0;0;0;1.0;0;0;1.0;1.0;0;0;0;0;0
736208;0.92;0.97;47.0;2714.0;12.0;81.75;28.5;0.39;7.95;14.39;260.54;217.64;2.31;113586.0;48.0;47.0;50.0;4537.0;1017.51;859.36;3.0;1.0;0;1.0;0;0;1.0;0;0;1.0;0;0;1.0;1.0;0;0;0;0;0
736717;0.73;1.00;45.0;2716.0;12.0;81.75;-30.0;0;0;14.39;244.45;252.75;2.31;113586.0;45.0;44.0;50.0;4585.0;1017.51;0;3.0;1.0;0;1.0;0;0;1.0;0;0;1.0;0;0;1.0;1.0;0;0;0;0;0
737237;0.74;1.00;42.0;2574.0;12.0;81.75;-30.0;0;0;14.39;296.30;302.34;2.31;113586.0;43.0;42.0;50.0;4699.0;1017.51;0;3.0;1.0;0;1.0;0;0;1.0;0;0;1.0;0;0;1.0;1.0;0;0;0;0;0
737780;0.85;1.00;40.0;2449.0;12.0;81.75;15.0;0;13.01;14.48;324.62;330.09;2.31;113586.0;39.0;40.0;46.0;4224.0;1017.51;0;3.0;1.0;0;1.0;0;0;1.0;0;0;1.0;0;0;1.0;1.0;0;0;0;0;0
738341;0.91;1.00;36.0;2222.0;12.0;81.75;15.75;0;12.94;14.20;319.88;337.40;2.58;113586.0;36.0;36.0;44.0;4313.0;1017.51;19.53;3.0;1.0;0;1.0;0;0;1.0;0;0;1.0;0;0;1.0;1.0;0;0;0;0;0
738906;1.00;1.00;31.0;1939.0;12.0;81.75;14.25;0;13.00;14.29;340.85;328.68;2.58;113586.0;32.0;32.0;43.0;4423.0;1017.51;19.53;3.0;1.0;0;1.0;0;0;1.0;0;0;1.0;0;0;1.0;1.0;0;0;0;0;0
739500;1.07;1.00;28.0;1787.0;12.0;81.75;15.0;0;12.96;14.48;349.31;311.99;2.31;113586.0;29.0;29.0;41.0;4468.0;1017.51;78.12;3.0;1.0;0;1.0;0;0;1.0;0;0;1.0;0;0;1.0;1.0;0;0;0;0;0
739999;1.18;1.00;27.0;1686.0;12.0;81.75;14.25;0;12.91;14.48;258.55;235.57;2.31;113586.0;27.0;27.0;42.0;4502.0;1017.51;839.83;3.0;1.0;0;1.0;0;0;1.0;0;0;1.0;0;0;1.0;1.0;0;0;0;0;0
740607;0.98;1.00;26.0;1865.0;12.0;81.75;15.75;0;13.07;14.29;227.50;172.56;2.58;113586.0;26.0;26.0;42.0;4522.0;1017.51;878.89;2.0;1.0;0;1.0;0;0;1.0;0;0;1.0;0;0;1.0;1.0;0;0;0;0;0
741109;0.99;1.00;23.0;1858.0;12.0;81.75;15.75;0;12.92;14.39;225.18;179.55;2.31;113586.0;24.0;24.0;42.0;4521.0;1017.51;839.83;2.0;1.0;0;1.0;0;0;1.0;0;0;1.0;0;0;1.0;1.0;0;0;0;0;0
741620;1.68;0.98;22.0;1801.0;12.0;81.75;10.5;1.56;11.68;14.58;197.29;139.05;2.31;113586.0;23.0;23.0;50.0;4513.0;1017.51;800.77;2.0;1.0;0;1.0;0;0;1.0;0;0;1.0;0;0;1.0;1.0;0;0;0;0;0
742141;2.11;0.97;22.0;1803.0;12.0;81.75;14.25;2.35;15.62;14.29;178.87;148.54;2.58;113586.0;23.0;23.0;50.0;4535.0;1017.51;761.70;2.0;1.0;0;1.0;0;0;1.0;0;0;1.0;0;0;1.0;1.0;0;0;0;0;0
742654;2.14;0.95;23.0;1883.0;12.0;81.75;15.75;2.74;16.45;14.39;195.3;142.99;2.31;113586.0;24.0;23.0;50.0;4526.0;1017.51;722.64;2.0;1.0;0;1.0;0;0;1.0;0;0;1.0;0;0;1.0;1.0;0;0;0;0;0
743245;2.11;0.93;25.0;1961.0;12.0;81.75;17.25;3.13;16.74;14.39;238.34;219.45;2.31;113586.0;25.0;25.0;50.0;4509.0;1017.51;175.77;2.0;1.0;0;1.0;0;0;1.0;0;0;1.0;0;0;1.0;1.0;0;0;0;0;0
743765;2.08;0.95;26.0;2077.0;12.0;81.75;18.75;3.13;16.53;14.20;277.18;260.17;2.58;113586.0;26.0;27.0;50.0;4508.0;1017.51;683.58;2.0;1.0;0;1.0;0;0;1.0;0;0;1.0;0;0;1.0;1.0;0;0;0;0;0
744307;1.62;0.93;27.0;2154.0;12.0;81.75;20.25;1.96;13.42;14.48;304.31;296.21;2.31;113586.0;28.0;28.0;50.0;4482.0;1017.51;820.30;2.0;1.0;0;1.0;0;0;1.0;0;0;1.0;0;0;1.0;1.0;0;0;0;0;0
744810;1.26;0.99;27.0;1434.0;12.0;81.75;15.0;0;13.04;14.39;288.02;298.30;2.31;113586.0;27.0;27.0;43.0;4460.0;1017.51;839.83;2.0;1.0;0;1.0;0;0;1.0;0;0;1.0;0;0;1.0;1.0;0;0;0;0;0
745396;0.96;1.00;26.0;2000.0;12.0;81.75;14.25;0;12.98;14.48;272.01;315.46;2.31;113586.0;26.0;25.0;42.0;4546.0;1017.51;820.30;2.0;1.0;0;1.0;0;0;1.0;0;0;1.0;0;0;1.0;1.0;0;0;0;0;0
745952;1.0;1.00;25.0;1897.0;12.0;81.75;14.25;0;12.91;14.39;292.09;313.88;2.31;113586.0;25.0;24.0;41.0;4524.0;1017.51;605.46;2.0;1.0;0;1.0;0;0;1.0;0;0;1.0;0;0;1.0;1.0;0;0;0;0;0
746520;1.04;0.99;22.0;1788.0;12.0;81.75;15.0;0;12.85;14.58;245.82;307.83;2.31;113586.0;23.0;23.0;41.0;4502.0;1017.59;820.30;2.0;1.0;0;1.0;0;0;1.0;0;0;1.0;0;0;1.0;1.0;0;0;0;0;0
747052;1.09;0.98;21.0;1679.0;12.0;81.75;15.0;0;12.92;14.39;161.23;203.85;2.31;113586.0;21.0;21.0;42.0;4490.0;1017.55;820.30;2.0;1.0;0;1.0;0;0;1.0;0;0;1.0;0;0;1.0;1.0;0;0;0;0;0
747575;1.16;0.96;20.0;1533.0;12.0;81.75;15.0;0;12.84;14.48;125.24;155.81;2.31;113586.0;20.0;20.0;41.0;4484.0;1017.55;820.30;2.0;1.0;0;1.0;0;0;1.0;0;0;1.0;0;0;1.0;1.0;0;0;0;0;0
748076;1.30;0.94;18.0;1384.0;12.0;81.75;15.0;0;12.88;14.39;97.57;165.12;2.31;113586.0;19.0;19.0;41.0;4517.0;1017.55;800.77;2.0;1.0;0;1.0;0;0;1.0;0;0;1.0;0;0;1.0;1.0;0;0;0;0;0
748594;1.25;0.93;17.0;1298.0;12.0;81.75;14.25;0;12.79;14.29;83.54;135.04;2.58;113586.0;17.0;17.0;43.0;4518.0;1017.51;585.93;2.0;1.0;0;1.0;0;0;1.0;0;0;1.0;0;0;1.0;1.0;0;0;0;0;0
749087;1.31;0.93;15.0;1277.0;12.0;81.75;15.0;0;12.88;14.29;116.76;162.29;2.58;113586.0;15.0;15.0;44.0;4508.0;1017.51;0;2.0;1.0;0;1.0;0;0;1.0;0;0;1.0;0;0;1.0;1.0;0;0;0;0;0
749613;1.52;0.95;12.0;1197.0;12.0;81.75;20.25;0;13.87;14.20;131.10;166.12;2.58;113586.0;13.0;13.0;44.0;4493.0;1017.51;0;2.0;1.0;0;1.0;0;0;1.0;0;0;1.0;0;0;1.0;1.0;0;0;0;0;0
750111;1.33;0.96;10.0;1271.0;12.0;81.75;15.0;0;13.00;14.48;98.00;136.67;2.31;113586.0;11.0;11.0;43.0;4513.0;1017.51;19.53;2.0;1.0;0;1.0;1.0;0;1.0;0;0;1.0;0;0;1.0;1.0;0;0;1.0;0;0
750617;1.32;0.98;8.0;1287.0;12.0;81.75;14.25;0;12.91;14.29;90.11;120.18;2.58;113586.0;9.0;9.0;43.0;4505.0;1017.51;19.53;2.0;1.0;0;1.0;0;0;1.0;0;0;1.0;0;0;1.0;1.0;0;0;0;0;0
751139;1.32;0.99;7.0;1280.0;12.0;81.75;14.25;0;12.87;14.48;108.66;170.94;2.31;113586.0;7.0;7.0;42.0;4507.0;1017.66;39.06;2.0;1.0;0;1.0;0;0;1.0;0;0;1.0;0;0;1.0;1.0;0;0;0;0;0
751640;1.52;1.01;6.0;1214.0;12.0;81.75;18.0;0;13.53;14.29;117.74;179.44;2.58;113586.0;6.0;6.0;42.0;4505.0;1017.66;78.12;1.0;1.0;0;1.0;0;0;1.0;0;0;1.0;0;0;1.0;1.0;0;0;0;0;0
752159;1.41;1.02;5.0;1280.0;12.0;81.75;14.25;0;12.80;14.48;142.92;158.93;2.31;113586.0;5.0;5.0;41.0;4508.0;1017.63;195.31;1.0;1.0;0;1.0;0;0;1.0;0;0;1.0;0;0;1.0;1.0;0;0;0;0;0
752657;1.36;1.02;3.0;1294.0;12.0;82.5;13.5;0;12.61;14.39;118.00;124.01;2.31;113586.0;4.0;4.0;41.0;4508.0;1017.66;781.24;1.0;1.0;0;1.0;0;0;1.0;0;0;1.0;0;0;1.0;1.0;0;0;0;0;0
753230;1.52;1.01;3.0;1199.0;12.0;82.5;19.5;0;13.54;14.48;90.63;101.90;2.31;113586.0;4.0;4.0;40.0;4516.0;1017.74;820.30;1.0;1.0;0;1.0;0;0;1.0;0;0;1.0;0;0;1.0;1.0;0;0;0;0;0
753751;2.08;0.99;5.0;1245.0;12.0;82.5;15.0;1.17;16.55;14.48;74.23;82.04;2.31;113586.0;5.0;5.0;60.0;4506.0;1017.74;859.36;1.0;1.0;0;1.0;0;0;1.0;0;0;1.0;0;0;1.0;1.0;0;0;0;0;0
754266;2.29;0.97;7.0;1376.0;12.0;82.5;12.75;1.96;17.03;14.58;90.99;131.30;2.31;113586.0;7.0;7.0;51.0;4499.0;1017.74;859.36;1.0;1.0;0;1.0;0;0;1.0;0;0;1.0;0;0;1.0;1.0;0;0;0;0;0
754765;2.73;0.99;11.0;1429.0;12.0;82.5;12.0;3.13;19.32;14.39;131.53;194.75;2.31;113586.0;11.0;11.0;51.0;4490.0;1017.74;859.36;1.0;1.0;0;1.0;0;0;1.0;0;0;1.0;0;0;1.0;1.0;0;0;0;0;0
755322;2.80;0.97;15.0;1649.0;12.0;82.5;12.75;4.31;20.27;14.58;157.90;179.75;2.31;113586.0;15.0;15.0;50.0;4604.0;1017.90;800.77;1.0;1.0;0;1.0;0;0;1.0;0;0;1.0;0;0;1.0;1.0;0;0;0;0;0
755827;2.43;0.95;18.0;2049.0;12.0;82.5;18.0;4.31;18.97;14.48;230.10;229.49;2.31;113586.0;18.0;18.0;50.0;4554.0;1018.05;683.58;1.0;1.0;0;1.0;0;0;1.0;0;0;1.0;0;0;1.0;1.0;0;0;0;0;0
756349;2.16;0.95;21.0;2370.0;12.0;82.5;23.25;3.92;17.56;14.58;268.34;261.72;2.31;113586.0;21.0;21.0;50.0;4493.0;1018.05;839.83;1.0;1.0;0;1.0;0;0;1.0;0;0;1.0;0;0;1.0;1.0;0;0;0;0;0
756854;0.86;1.00;22.0;2146.0;12.0;82.5;15.75;0;12.98;14.48;286.19;264.47;2.31;113586.0;23.0;23.0;43.0;4504.0;1018.02;820.30;1.0;1.0;0;1.0;0;0;1.0;0;0;1.0;0;0;1.0;1.0;0;0;0;0;0
757352;1.27;0.98;21.0;1401.0;12.0;82.5;14.25;0;12.82;14.48;286.91;216.31;2.31;113586.0;22.0;22.0;41.0;4472.0;1017.94;820.30;1.0;1.0;0;1.0;0;0;1.0;0;0;1.0;0;0;1.0;1.0;0;0;0;0;0
757909;1.28;0.97;22.0;1388.0;12.0;82.5;15.0;0;12.80;14.48;235.64;165.41;2.31;113586.0;22.0;22.0;41.0;4497.0;1017.90;820.30;1.0;1.0;0;1.0;0;0;1.0;0;0;1.0;0;0;1.0;1.0;0;0;0;0;0
758458;1.28;0.95;20.0;1362.0;12.0;82.5;15.75;0;12.88;14.48;162.91;114.36;2.31;113586.0;20.0;20.0;41.0;4498.0;1018.09;781.24;1.0;1.0;0;1.0;0;0;1.0;0;0;1.0;0;0;1.0;1.0;0;0;0;0;0
758984;1.2;0.93;18.0;1475.0;12.0;82.5;15.0;0;12.80;14.29;118.74;87.84;2.58;113586.0;19.0;19.0;41.0;4519.0;1018.02;800.77;1.0;1.0;0;1.0;0;0;1.0;0;0;1.0;0;0;1.0;1.0;0;0;0;0;0
759590;1.09;0.92;17.0;1478.0;12.0;82.5;15.75;0;12.88;14.48;82.08;57.59;2.31;113586.0;18.0;18.0;40.0;4510.0;1017.90;800.77;1.0;1.0;0;1.0;0;0;1.0;0;0;1.0;0;0;1.0;1.0;0;0;0;0;0
760182;1.32;0.90;17.0;1239.0;12.0;82.5;18.0;0;13.34;14.29;63.88;44.19;2.58;113586.0;18.0;17.0;41.0;4517.0;1017.86;449.21;1.0;1.0;0;1.0;0;0;1.0;0;0;1.0;0;0;1.0;1.0;0;0;0;0;0
760727;1.18;0.90;15.0;1323.0;12.0;82.5;14.25;0;12.71;14.48;51.46;38.04;2.31;113586.0;15.0;15.0;41.0;4503.0;1017.82;0;1.0;1.0;0;1.0;0;0;1.0;0;0;1.0;0;0;1.0;1.0;0;0;0;0;0
761249;1.2;0.92;12.0;1351.0;12.0;82.5;15.0;0;12.77;14.39;39.56;28.25;2.31;113586.0;13.0;13.0;40.0;4543.0;1017.86;19.53;1.0;1.0;0;1.0;1.0;0;1.0;0;0;1.0;0;0;1.0;1.0;0;0;1.0;0;0
761747;1.29;0.94;11.0;1246.0;12.0;82.5;17.25;0;13.24;14.29;28.80;25.79;2.58;113586.0;12.0;11.0;42.0;4528.0;1017.82;39.06;1.0;1.0;0;1.0;1.0;0;1.0;0;0;1.0;0;0;1.0;1.0;0;0;1.0;0;0
762260;1.36;0.95;10.0;1223.0;12.0;82.5;19.5;0;13.56;14.39;30.34;52.65;2.31;113586.0;11.0;11.0;42.0;4511.0;1017.74;19.53;1.0;1.0;0;1.0;0;0;1.0;0;0;1.0;0;0;1.0;1.0;0;0;0;0;0
762780;1.37;0.97;8.0;1272.0;12.0;82.5;15.0;0;12.82;14.39;58.96;76.32;2.31;113586.0;9.0;9.0;42.0;4515.0;1017.74;39.06;1.0;1.0;0;1.0;0;0;1.0;0;0;1.0;0;0;1.0;1.0;0;0;0;0;0
763284;1.34;0.98;8.0;1260.0;12.0;82.5;15.75;0;12.99;14.39;80.75;135.65;2.31;113586.0;8.0;8.0;41.0;4522.0;1017.74;39.06;1.0;1.0;0;1.0;0;0;1.0;0;0;1.0;0;0;1.0;1.0;0;0;0;0;0
763799;1.45;1.00;7.0;1262.0;12.0;82.5;15.75;0;13.00;14.48;73.60;134.97;2.31;113586.0;7.0;7.0;43.0;4511.0;1017.82;78.12;1.0;1.0;0;1.0;0;0;1.0;0;0;1.0;0;0;1.0;1.0;0;0;0;0;0
764296;1.32;1.02;6.0;1303.0;12.0;82.5;13.5;0;12.62;14.48;80.05;142.23;2.31;113586.0;7.0;7.0;42.0;4526.0;1018.13;58.59;1.0;1.0;0;1.0;0;0;1.0;0;0;1.0;0;0;1.0;1.0;0;0;0;0;0
764814;1.37;1.03;7.0;1299.0;12.0;82.5;13.5;0;12.62;14.48;86.86;131.49;2.31;113586.0;7.0;7.0;42.0;4508.0;1018.21;683.58;1.0;1.0;0;1.0;0;0;1.0;0;0;1.0;0;0;1.0;1.0;0;0;0;0;0
765311;1.48;1.01;6.0;1242.0;12.0;82.5;17.25;0;13.32;14.29;88.70;148.58;2.58;113586.0;7.0;6.0;42.0;4510.0;1018.17;820.30;1.0;1.0;0;1.0;0;0;1.0;0;0;1.0;0;0;1.0;1.0;0;0;0;0;0
765823;1.32;1.00;6.0;1287.0;12.0;82.5;14.25;0;12.78;14.48;76.12;115.89;2.31;113586.0;6.0;5.0;41.0;4516.0;1018.13;800.77;1.0;1.0;0;1.0;0;0;1.0;0;0;1.0;0;0;1.0;1.0;0;0;0;0;0
766342;1.33;0.98;0;1254.0;12.0;83.25;15.0;0;12.82;14.29;65.09;89.03;2.58;113586.0;0;0;40.0;4511.0;1018.09;214.84;1.0;1.0;0;1.0;0;0;1.0;0;0;1.0;0;0;1.0;1.0;0;0;0;0;0
766840;1.40;1.00;0;1255.0;12.0;83.25;15.0;0;12.77;14.48;47.41;76.59;2.31;113586.0;0;0;40.0;4516.0;1018.05;78.12;1.0;1.0;0;1.0;1.0;0;1.0;0;0;1.0;0;0;1.0;1.0;0;0;1.0;0;0
767345;1.32;1.01;0;1265.0;12.0;83.25;14.25;0;12.64;14.48;36.38;58.82;2.31;113586.0;0;0;40.0;4507.0;1018.05;97.65;1.0;1.0;0;1.0;0;0;1.0;0;0;1.0;0;0;1.0;1.0;0;0;0;0;0
767865;1.40;1.03;0;1235.0;12.0;83.25;16.5;0;12.99;14.39;27.92;42.82;2.31;113586.0;0;0;40.0;4519.0;1018.02;664.05;1.0;1.0;0;1.0;0;0;1.0;0;0;1.0;0;0;1.0;1.0;0;0;0;0;0
768410;1.39;1.00;0;1263.0;12.0;83.25;14.25;0;12.59;14.48;23.31;32.86;2.31;113586.0;0;0;40.0;4510.0;1018.02;703.11;1.0;1.0;0;1.0;1.0;0;1.0;0;0;1.0;0;0;1.0;1.0;0;0;1.0;0;0
768933;1.36;0.99;0;1217.0;12.0;83.25;18.0;0;13.25;14.39;19.13;23.92;2.31;113586.0;0;0;40.0;4511.0;1017.98;722.64;1.0;1.0;0;1.0;0;0;1.0;0;0;1.0;0;0;1.0;1.0;0;0;0;0;0
769431;1.30;0.97;0;1268.0;12.0;83.25;14.25;0;12.59;14.29;13.90;18.35;2.58;113586.0;0;0;40.0;4511.0;1018.13;683.58;1.0;1.0;0;1.0;0;0;1.0;0;0;1.0;0;0;1.0;1.0;0;0;0;0;0
769939;1.32;0.96;0;1218.0;12.0;83.25;18.0;0;13.26;14.48;10.64;14.06;2.31;113586.0;0;0;40.0;4489.0;1018.21;39.06;1.0;1.0;0;1.0;0;0;1.0;0;0;1.0;0;0;1.0;1.0;0;0;0;0;0
770459;1.33;0.98;0;1235.0;12.0;83.25;16.5;0;13.01;14.29;8.14;10.19;2.58;113586.0;0;0;40.0;4513.0;1018.09;19.53;1.0;1.0;0;1.0;0;0;1.0;0;0;1.0;0;0;1.0;1.0;0;0;0;0;0
770966;1.36;1.00;0;1268.0;12.0;83.25;15.0;0;12.72;14.48;6.19;7.79;2.31;113586.0;0;0;41.0;4520.0;1018.05;58.59;1.0;1.0;0;1.0;0;0;1.0;0;0;1.0;0;0;1.0;1.0;0;0;0;0;0
771465;1.48;1.00;0;1225.0;12.0;83.25;18.0;0;13.35;14.39;6.93;8.16;2.31;113586.0;0;0;41.0;4501.0;1018.17;761.70;1.0;1.0;0;1.0;0;0;1.0;0;0;1.0;0;0;1.0;1.0;0;0;0;0;0
771986;2.68;0.98;0;1146.0;12.0;83.25;13.5;1.17;15.60;14.48;4.99;6.21;2.31;113586.0;0;0;56.0;4489.0;1018.17;878.89;1.0;1.0;0;1.0;0;0;1.0;0;0;1.0;0;0;1.0;1.0;0;0;0;0;0
772513;2.60;0.99;0;2186.0;12.0;83.25;20.25;4.31;19.08;14.39;5.01;5.42;2.31;113586.0;0;0;49.0;4552.0;1018.25;859.36;1.0;1.0;0;1.0;0;0;1.0;0;0;1.0;0;0;1.0;1.0;0;0;0;0;0
773041;0.90;1.00;0;2136.0;12.0;83.25;15.0;0;12.87;14.48;2.87;3.12;2.31;113586.0;0;0;43.0;4500.0;1018.21;859.36;1.0;1.0;0;1.0;0;0;1.0;0;0;1.0;0;0;1.0;1.0;0;0;0;0;0
773559;1.32;0.98;0;1313.0;12.0;83.25;18.0;0;13.69;14.20;15.70;7.83;2.58;113586.0;0;0;44.0;4506.0;1018.37;839.83;1.0;1.0;0;1.0;0;0;1.0;0;0;1.0;0;0;1.0;1.0;0;0;0;0;0
774057;1.38;0.97;0;1260.0;12.0;83.25;15.75;0;13.19;14.39;16.24;21.60;2.31;113586.0;0;0;43.0;4498.0;1018.48;820.30;1.0;1.0;0;1.0;0;0;1.0;0;0;1.0;0;0;1.0;1.0;0;0;0;0;0
774578;1.28;0.95;0;1311.0;12.0;83.25;12.0;0;12.49;14.48;15.58;82.43;2.31;113586.0;0;0;43.0;4506.0;1018.41;429.68;1.0;1.0;0;1.0;1.0;0;1.0;0;0;1.0;0;0;1.0;1.0;0;0;1.0;0;0
775086;1.31;0.96;0;1260.0;12.0;83.25;15.0;0;13.60;14.29;20.87;112.31;2.58;113586.0;0;0;43.0;4525.0;1018.37;19.53;1.0;1.0;0;1.0;0;0;1.0;0;0;1.0;0;0;1.0;1.0;0;0;0;0;0
775584;1.40;0.97;0;1218.0;12.0;83.25;18.0;0;13.59;14.39;42.02;132.92;2.31;113586.0;0;0;43.0;4511.0;1018.41;19.53;1.0;1.0;0;1.0;0;0;1.0;0;0;1.0;0;0;1.0;1.0;0;0;0;0;0
776108;1.32;0.99;0;1324.0;12.0;83.25;12.0;0;12.91;14.29;36.69;117.70;2.58;113586.0;0;0;43.0;4517.0;1018.37;58.59;1.0;1.0;0;1.0;0;0;1.0;0;0;1.0;0;0;1.0;1.0;0;0;0;0;0
776603;1.47;1.01;0;1194.0;12.0;83.25;19.5;0;13.74;14.39;37.06;113.00;2.31;113586.0;0;0;43.0;4504.0;1018.25;136.71;1.0;1.0;0;1.0;0;0;1.0;0;0;1.0;0;0;1.0;1.0;0;0;0;0;0
777123;1.45;1.01;0;1225.0;12.0;83.25;17.25;0;13.41;14.48;69.87;136.67;2.31;113586.0;0;0;43.0;4511.0;1018.02;644.52;1.0;1.0;0;1.0;0;0;1.0;0;0;1.0;0;0;1.0;1.0;0;0;0;0;0
777676;1.40;0.99;0;1255.0;12.0;83.25;15.75;0;13.10;14.48;115.10;112.37;2.31;113586.0;0;0;44.0;4508.0;1018.02;722.64;1.0;1.0;0;1.0;0;0;1.0;0;0;1.0;0;0;1.0;1.0;0;0;0;0;0
778233;1.36;0.99;0;1277.0;12.0;83.25;14.25;0;12.90;14.29;117.12;114.50;2.58;113586.0;0;0;43.0;4520.0;1018.05;39.06;1.0;1.0;0;1.0;0;0;1.0;0;0;1.0;0;0;1.0;1.0;0;0;0;0;0
778740;1.55;1.00;0;1221.0;12.0;83.25;18.0;0;13.59;14.48;148.27;145.40;2.31;113586.0;0;0;44.0;4497.0;1018.09;39.06;1.0;1.0;0;1.0;0;0;1.0;0;0;1.0;0;0;1.0;1.0;0;0;0;0;0
779260;1.52;1.02;0;1228.0;12.0;83.25;17.25;0;13.45;14.20;121.49;127.70;2.58;113586.0;0;0;43.0;4500.0;1018.09;97.65;1.0;1.0;0;1.0;0;0;1.0;0;0;1.0;0;0;1.0;1.0;0;0;0;0;0
779774;1.44;1.03;0;1234.0;12.0;83.25;17.25;0;13.45;14.48;135.77;149.36;2.31;113586.0;0;0;43.0;4522.0;1018.25;722.64;1.0;1.0;0;1.0;0;0;1.0;0;0;1.0;0;0;1.0;1.0;0;0;0;0;0
780306;1.43;1.01;0;1231.0;12.0;83.25;17.25;0;13.46;14.39;137.54;170.90;2.31;113586.0;0;0;43.0;4497.0;1018.41;683.58;1.0;1.0;0;1.0;0;0;1.0;0;0;1.0;0;0;1.0;1.0;0;0;0;0;0
780826;1.33;1.00;0;1291.0;12.0;82.5;13.5;0;12.76;14.20;120.85;172.11;2.58;113586.0;0;0;43.0;4494.0;1018.37;664.05;1.0;1.0;0;1.0;0;0;1.0;0;0;1.0;0;0;1.0;1.0;0;0;0;0;0
781334;1.43;0.98;0;1243.0;12.0;82.5;16.5;0;13.28;14.39;107.49;193.67;2.31;113586.0;0;0;42.0;4508.0;1018.41;722.64;1.0;1.0;0;1.0;0;0;1.0;0;0;1.0;0;0;1.0;1.0;0;0;0;0;0
781889;1.29;0.97;0;1285.0;12.0;82.5;14.25;0;12.87;14.29;107.21;195.18;2.58;113586.0;0;0;42.0;4517.0;1018.45;195.31;1.0;1.0;0;1.0;0;0;1.0;0;0;1.0;0;0;1.0;1.0;0;0;0;0;0
782395;1.40;0.98;0;1222.0;12.0;82.5;18.0;0;13.53;14.48;108.29;213.11;2.31;113586.0;0;0;42.0;4507.0;1018.52;156.24;1.0;1.0;0;1.0;0;0;1.0;0;0;1.0;0;0;1.0;1.0;0;0;0;0;0
782956;1.27;0.97;0;1327.0;12.0;82.5;12.0;0;12.38;14.29;151.25;193.67;2.58;113586.0;0;0;42.0;4503.0;1018.45;19.53;1.0;1.0;0;1.0;0;0;1.0;0;0;1.0;0;0;1.0;1.0;0;0;0;0;0
783477;1.31;0.99;0;1272.0;12.0;82.5;14.25;0;12.78;14.20;138.40;148.79;2.58;113586.0;0;0;41.0;4511.0;1018.33;78.12;1.0;0;1.0;1.0;0;0;1.0;0;0;1.0;0;0;1.0;1.0;0;1.0;0;0;0
784138;1.76;1.00;0;937.0;12.0;82.5;39.0;0;14.88;14.01;100.85;108.45;2.58;113586.0;0;0;41.0;4549.0;1018.29;58.59;1.0;0;1.0;0;0;0;0;0;0;0;0;0;0;0;0;1.0;0;0;0
784723;1.84;1.00;0;0;12.0;82.5;12.75;0;60.29;12.50;95.67;102.88;3.36;113586.0;0;0;121.0;4566.0;1018.29;78.12;1.0;1.0;0;1.0;0;0;0;0;0;0;0;0;0;0;0;0;0;0;0
785287;1.84;1.00;0;0;12.0;82.5;12.75;0;60.29;12.40;95.67;102.88;3.48;113586.0;0;0;121.0;4566.0;1018.09;97.65;1.0;1.0;0;1.0;1.0;0;0;0;0;0;0;0;0;0;0;0;1.0;0;0
785970;1.84;1.00;0;0;12.0;82.5;12.75;0;60.29;12.31;95.67;102.88;3.48;113586.0;0;0;121.0;4566.0;1017.98;97.65;1.0;1.0;0;1.0;1.0;0;0;0;0;0;0;0;0;0;0;0;1.0;0;0
786523;1.84;1.00;0;0;12.0;82.5;12.75;0;60.29;12.31;95.67;102.88;3.48;113586.0;0;0;121.0;4571.0;1017.78;117.18;0;1.0;0;1.0;0;0;0;0;0;0;0;0;0;0;0;0;1.0;0;0
787057;1.84;1.00;0;0;12.0;82.5;12.75;0;60.29;12.21;95.67;102.88;3.48;113586.0;0;0;121.0;4573.0;1017.70;117.18;0;0;1.0;0;0;0;0;0;0;0;0;0;0;0;0;0;1.0;0;0
787575;1.84;1.00;0;0;12.0;82.5;12.75;0;60.29;12.31;95.67;102.88;3.48;113586.0;0;0;121.0;4573.0;1017.66;117.18;0;0;1.0;0;0;0;0;0;0;0;0;0;0;0;0;0;1.0;0;0
788165;1.84;1.00;0;0;12.0;82.5;12.75;0;60.29;12.31;95.67;102.88;3.48;113586.0;0;0;121.0;4573.0;1017.59;136.71;0;0;1.0;0;0;0;0;0;0;0;0;0;0;0;0;0;1.0;0;0
788664;1.84;1.00;0;0;12.0;82.5;12.75;0;60.29;12.31;95.67;102.88;3.48;113586.0;0;0;121.0;4565.0;1017.63;136.71;0;0;1.0;0;0;0;0;0;0;0;0;0;0;0;0;0;1.0;0;0
789194;1.84;1.00;0;0;12.0;82.5;12.75;0;60.29;12.31;95.67;102.88;3.48;113586.0;0;0;121.0;4569.0;1017.66;136.71;0;0;1.0;0;0;0;0;0;0;0;0;0;0;0;0;0;1.0;0;0
789750;1.84;1.00;0;0;12.0;82.5;12.75;0;60.29;12.31;95.67;102.88;3.48;113586.0;0;0;121.0;4569.0;1017.63;136.71;0;0;1.0;0;0;0;0;0;0;0;0;0;0;0;0;0;1.0;0;0
790258;1.84;1.00;0;0;12.0;82.5;12.75;0;60.29;12.31;95.67;102.88;3.48;113586.0;0;0;121.0;4562.0;1017.59;136.71;0;0;1.0;0;0;0;0;0;0;0;0;0;0;0;0;0;1.0;0;0
790758;1.84;1.00;0;0;12.0;83.25;12.75;0;60.29;12.31;95.67;102.88;3.48;113586.0;0;0;121.0;4570.0;1017.55;156.24;0;0;1.0;0;0;0;0;0;0;0;0;0;0;0;0;0;1.0;0;0
791346;1.84;1.00;0;0;12.0;83.25;12.75;0;60.29;12.31;95.67;102.88;3.48;113586.0;0;0;121.0;4573.0;1017.70;156.24;0;0;1.0;0;0;0;0;0;0;0;0;0;0;0;0;0;1.0;0;0
791885;1.84;1.00;0;0;12.0;83.25;12.75;0;60.29;12.31;95.67;102.88;3.48;113586.0;0;0;121.0;4574.0;1017.63;156.24;0;0;1.0;0;0;0;0;0;0;0;0;0;0;0;0;0;1.0;0;0
792407;1.84;1.00;0;0;12.0;83.25;12.75;0;60.29;12.31;95.67;102.88;3.48;113586.0;0;0;121.0;4574.0;1017.59;156.24;0;0;1.0;0;0;0;0;0;0;0;0;0;0;0;0;0;1.0;0;0
792913;1.84;1.00;0;0;12.0;83.25;12.75;0;60.29;12.31;95.67;102.88;3.48;113586.0;0;0;121.0;4574.0;1017.59;156.24;0;0;0;0;0;0;0;0;0;0;0;0;0;0;0;0;1.0;0;0
793410;1.84;1.00;0;0;12.0;83.25;12.75;0;60.29;12.31;95.67;102.88;3.48;113586.0;0;0;121.0;4578.0;1017.55;156.24;0;0;1.0;0;0;0;0;0;0;0;0;0;0;0;0;0;1.0;0;0
794008;1.84;1.00;0;0;12.0;83.25;12.75;0;60.29;12.31;95.67;102.88;3.48;113586.0;0;0;121.0;4579.0;1017.59;156.24;0;0;1.0;0;0;0;0;0;0;0;0;0;0;0;0;0;1.0;0;0
794564;1.84;1.00;0;0;12.0;83.25;12.75;0;60.29;12.31;95.67;102.88;3.48;113586.0;0;0;121.0;4580.0;1017.59;175.77;0;0;1.0;0;0;0;0;0;0;0;0;0;0;0;0;0;1.0;0;0
