##;##
#2014-11-03 07:37:06
#GS-911 Android V1.1
#F800GS
#BMS-KP2
Time (ms);Injection time( ms);Lambda control factor;Speed( km/h);RPM;Intake air temperature( °C);Engine temperature( °C);Ignition angle( °KW);Throttle valve position (TPS)( %);Engine load( %);Battery voltage( V);Knock sensor 1( V);Knock sensor 2( V);Ignition dwell time( ms);Odometer( km);Front wheel speed( km/h);Rear wheel speed( km/h);Idle actuator position( steps);Fuel pressure( mbar);Ambient air pressure( mbar);Lambda sensor voltage( mV);Gear position;Sidestand switch 1;Sidestand switch 2;Sidestand switch calculated;Clutch switch;Kill switch;Oil pressure switch;Start switch;Tank venting valve (US only);Secondary air valve;Engine over-temperature light;Actuation of starter relay;Lambda sensor heating;Fuel pump;Fan motor;Engine safety cut-out (of BMSK);Starter function (of BMSK);Starter safety cut-out (of BMSK);Engine warning light (MIL)
166;0;1.00;0;0;20.25;20.25;-96.0;0;55.39;12.02;52.80;52.80;3.53;124670.0;0;0;204.0;4397.0;976.65;449.21;0;1.0;0;1.0;0;0;0;0;0;0;0;0;0;0;0;0;1.0;0;0
675;0;1.00;0;0;20.25;20.25;-96.0;0;55.39;12.02;52.80;52.80;3.53;124670.0;0;0;204.0;4396.0;976.57;449.21;0;1.0;0;1.0;0;0;0;0;0;0;0;0;0;0;0;0;1.0;0;0
1187;0;1.00;0;0;20.25;20.25;-96.0;0;55.39;12.02;52.80;52.80;3.53;124670.0;0;0;204.0;4391.0;976.61;449.21;0;1.0;0;1.0;0;0;0;0;0;0;0;0;0;0;0;0;1.0;0;0
1801;0;1.00;0;0;20.25;20.25;-96.0;0;55.39;12.02;52.80;52.80;3.53;124670.0;0;0;204.0;4391.0;976.57;449.21;0;1.0;0;1.0;0;0;0;0;0;0;0;0;0;0;0;0;1.0;0;0
2340;0;1.00;0;0;20.25;20.25;-96.0;0;55.39;12.02;52.80;52.80;3.53;124670.0;0;0;204.0;4391.0;976.61;449.21;0;1.0;0;1.0;0;0;0;1.0;0;0;0;1.0;0;0;0;0;1.0;0;0
2880;0;1.00;318.0;45.0;20.25;20.25;-96.0;0;55.39;6.72;52.80;52.80;6.00;124670.0;4095.0;4095.0;204.0;4386.0;976.65;449.21;0;1.0;0;1.0;0;0;0;1.0;0;0;0;1.0;0;1.0;0;0;1.0;0;0
3456;3.28;1.00;318.0;2174.0;20.25;20.25;36.0;0;23.07;10.98;50.09;50.09;3.70;124670.0;4095.0;4095.0;204.0;4260.0;976.65;449.21;0;1.0;0;1.0;0;0;0;0;0;1.0;0;0;1.0;1.0;0;0;1.0;0;0
3976;2.36;1.00;318.0;2402.0;20.25;20.25;21.0;0;21.06;13.73;38.39;33.94;2.82;124670.0;4095.0;4095.0;152.0;4332.0;976.53;449.21;0;1.0;0;1.0;0;0;1.0;0;0;1.0;0;0;1.0;1.0;0;0;1.0;0;0
4579;3.24;1.00;0;1635.0;20.25;20.25;4.5;0;17.53;14.11;34.09;25.70;2.58;124670.0;0;0;204.0;4418.0;976.57;449.21;0;1.0;0;1.0;0;0;1.0;0;0;1.0;0;0;1.0;1.0;0;0;1.0;0;0
5137;3.10;1.00;0;1519.0;20.25;20.25;3.75;0;16.36;14.11;24.31;19.72;2.58;124670.0;0;0;165.0;4427.0;976.61;449.21;0;1.0;0;1.0;0;0;1.0;0;0;1.0;0;0;1.0;1.0;0;0;1.0;0;0
5651;2.91;1.00;0;1466.0;20.25;20.25;4.5;0;16.11;14.29;22.02;14.33;2.58;124670.0;0;0;150.0;4502.0;976.65;449.21;0;1.0;0;1.0;0;0;1.0;0;0;1.0;0;0;1.0;1.0;0;0;1.0;0;0
6207;2.96;1.00;0;1433.0;20.25;20.25;5.25;0;16.27;14.20;32.73;15.42;2.58;124670.0;0;0;145.0;4514.0;976.65;449.21;0;1.0;0;1.0;0;0;1.0;0;0;1.0;0;0;1.0;1.0;0;0;1.0;0;0
6766;2.74;1.00;0;1440.0;21.0;20.25;4.5;0;15.68;14.29;31.03;11.19;2.58;124670.0;0;0;142.0;4517.0;976.65;449.21;0;1.0;0;1.0;0;0;1.0;0;0;1.0;0;0;1.0;1.0;0;0;1.0;0;0
7360;2.78;1.00;0;1356.0;21.0;20.25;7.5;0;16.85;14.29;29.99;13.63;2.58;124670.0;0;0;138.0;4513.0;976.69;449.21;0;1.0;0;1.0;0;0;1.0;0;0;1.0;0;0;1.0;1.0;0;0;1.0;0;0
7843;2.65;1.00;0;1371.0;21.0;20.25;6.75;0;16.28;14.01;39.56;35.19;2.58;124670.0;0;0;137.0;4510.0;976.69;449.21;0;1.0;0;1.0;0;0;1.0;0;0;1.0;0;0;1.0;1.0;0;0;1.0;0;0
8456;2.56;1.00;0;1436.0;21.0;20.25;5.25;0;15.83;14.29;28.80;27.49;2.58;124670.0;0;0;136.0;4505.0;976.69;449.21;0;1.0;0;1.0;0;0;1.0;0;0;1.0;0;0;1.0;1.0;0;0;1.0;0;0
8970;2.62;1.00;0;1382.0;21.0;20.25;6.75;0;16.34;14.20;26.40;21.19;2.58;124670.0;0;0;136.0;4524.0;976.69;449.21;0;1.0;0;1.0;0;0;1.0;0;0;1.0;0;0;1.0;1.0;0;0;1.0;0;0
9586;2.61;1.00;0;1397.0;21.0;20.25;6.75;0;16.35;14.39;26.09;18.45;2.31;124670.0;0;0;137.0;4504.0;976.69;449.21;0;1.0;0;1.0;0;0;1.0;0;0;1.0;0;0;1.0;1.0;0;0;1.0;0;0
10132;2.74;1.00;0;1343.0;21.0;20.25;8.25;0;17.00;14.29;28.90;21.63;2.58;124670.0;0;0;138.0;4532.0;976.69;449.21;0;1.0;0;1.0;0;0;1.0;0;0;1.0;0;0;1.0;1.0;0;0;1.0;0;0
10661;2.45;1.00;0;1409.0;21.0;20.25;6.0;0;16.12;14.39;64.13;32.63;2.31;124670.0;0;0;137.0;4500.0;976.69;449.21;0;1.0;0;1.0;0;0;1.0;0;0;1.0;0;0;1.0;1.0;0;0;1.0;0;0
11271;2.50;1.00;0;1356.0;21.0;20.25;7.5;0;16.76;14.39;55.03;31.69;2.31;124670.0;0;0;138.0;4516.0;976.69;449.21;0;1.0;0;1.0;0;0;1.0;0;0;1.0;0;0;1.0;1.0;0;0;1.0;0;0
11800;2.52;1.00;0;1369.0;21.0;20.25;6.75;0;16.35;14.29;48.70;26.11;2.58;124670.0;0;0;137.0;4516.0;976.69;449.21;0;1.0;0;1.0;0;0;1.0;0;0;1.0;0;0;1.0;1.0;0;0;1.0;0;0
12388;2.75;1.00;0;1341.0;21.0;20.25;8.25;0;17.06;14.39;44.29;23.43;2.31;124670.0;0;0;139.0;4500.0;976.69;449.21;0;1.0;0;1.0;0;0;1.0;0;0;1.0;0;0;1.0;1.0;0;0;1.0;0;0
12907;2.52;1.00;0;1382.0;21.0;20.25;6.75;0;16.36;14.29;55.25;84.81;2.58;124670.0;0;0;138.0;4510.0;976.69;449.21;0;1.0;0;1.0;0;0;1.0;0;0;1.0;0;0;1.0;1.0;0;0;1.0;0;0
13525;2.44;1.00;0;1422.0;21.0;20.25;5.25;0;15.89;14.48;139.28;111.67;2.31;124670.0;0;0;137.0;4515.0;976.69;449.21;0;1.0;0;1.0;0;0;1.0;0;0;1.0;0;0;1.0;1.0;0;0;1.0;0;0
14105;2.35;1.00;0;1383.0;21.0;20.25;6.75;0;16.27;14.48;109.97;77.18;2.31;124670.0;0;0;135.0;4512.0;976.69;449.21;0;1.0;0;1.0;0;0;1.0;0;0;1.0;0;0;1.0;1.0;0;0;1.0;0;0
14599;2.43;1.00;0;1382.0;21.0;21.0;6.75;0;16.21;14.48;97.14;139.97;2.31;124670.0;0;0;134.0;4518.0;976.69;449.21;0;1.0;0;1.0;0;0;1.0;0;0;1.0;0;0;1.0;1.0;0;0;1.0;0;0
15145;2.24;1.00;0;1425.0;21.0;21.0;5.25;0;15.78;14.20;91.73;150.22;2.58;124670.0;0;0;135.0;4511.0;976.69;449.21;0;1.0;0;1.0;0;0;1.0;0;0;1.0;0;0;1.0;1.0;0;0;1.0;0;0
15670;2.29;1.00;0;1387.0;21.0;21.0;6.75;0;16.18;14.48;83.41;173.19;2.31;124670.0;0;0;135.0;4501.0;976.69;449.21;0;1.0;0;1.0;0;0;1.0;0;0;1.0;0;0;1.0;1.0;0;0;1.0;0;0
16275;2.39;1.00;0;1401.0;21.0;21.0;6.0;0;15.99;14.39;78.88;138.81;2.31;124670.0;0;0;134.0;4550.0;976.69;449.21;0;1.0;0;1.0;0;0;1.0;0;0;1.0;0;0;1.0;1.0;0;0;1.0;0;0
16810;2.40;1.00;0;1395.0;21.0;21.0;6.0;0;15.98;14.39;68.25;111.94;2.31;124670.0;0;0;134.0;4503.0;976.69;449.21;0;1.0;0;1.0;0;0;1.0;0;0;1.0;0;0;1.0;1.0;0;0;1.0;0;0
17358;2.30;1.00;0;1411.0;21.0;21.0;6.0;0;15.90;14.11;70.89;96.75;2.58;124670.0;0;0;133.0;4514.0;976.69;449.21;0;1.0;0;1.0;0;0;1.0;0;0;1.0;0;0;1.0;1.0;0;0;1.0;0;0
17916;2.2;1.00;0;1466.0;21.0;21.75;3.75;0;15.07;14.29;48.98;73.15;2.58;124670.0;0;0;134.0;4507.0;976.69;449.21;0;1.0;0;1.0;0;0;1.0;0;0;1.0;0;0;1.0;1.0;0;0;1.0;0;0
18402;2.32;1.00;0;1398.0;21.0;21.75;6.0;0;15.90;14.20;38.00;59.58;2.58;124670.0;0;0;131.0;4517.0;976.69;449.21;0;1.0;0;1.0;0;0;1.0;0;0;1.0;0;0;1.0;1.0;0;0;1.0;0;0
19045;2.23;1.00;0;1408.0;21.0;21.75;5.25;0;15.62;14.20;51.38;111.77;2.58;124670.0;0;0;131.0;4506.0;976.69;449.21;0;1.0;0;1.0;0;0;1.0;0;0;1.0;0;0;1.0;1.0;0;0;1.0;0;0
19572;2.29;1.00;0;1398.0;21.0;21.75;6.0;0;15.82;14.39;113.78;175.80;2.31;124670.0;0;0;131.0;4521.0;976.69;449.21;0;1.0;0;1.0;0;0;1.0;0;0;1.0;0;0;1.0;1.0;0;0;1.0;0;0
20084;2.20;1.00;0;1415.0;21.0;21.75;5.25;0;15.55;14.29;159.95;227.19;2.58;124670.0;0;0;129.0;4498.0;976.69;449.21;0;1.0;0;1.0;1.0;0;1.0;0;0;1.0;0;0;1.0;1.0;0;0;1.0;0;0
20620;2.16;1.00;0;1426.0;21.0;21.75;4.5;0;15.11;14.20;140.75;182.33;2.58;124670.0;0;0;130.0;4514.0;976.69;449.21;0;1.0;0;1.0;1.0;0;1.0;0;0;1.0;0;0;1.0;1.0;0;0;1.0;0;0
21219;2.19;1.00;0;1420.0;21.0;22.5;5.25;0;15.56;14.48;125.75;162.15;2.31;124670.0;0;0;130.0;4511.0;976.69;449.21;0;1.0;0;1.0;1.0;0;1.0;0;0;1.0;0;0;1.0;1.0;0;0;1.0;0;0
21761;2.27;1.00;0;1365.0;21.0;22.5;6.75;0;15.94;14.29;100.22;145.57;2.58;124670.0;0;0;127.0;4512.0;976.69;449.21;0;1.0;0;1.0;0;0;1.0;0;0;1.0;0;0;1.0;1.0;0;0;1.0;0;0
22290;2.27;1.00;0;1412.0;21.0;22.5;5.25;0;15.45;14.48;81.55;140.69;2.31;124670.0;0;0;127.0;4502.0;976.69;429.68;0;1.0;0;1.0;0;0;1.0;0;0;1.0;0;0;1.0;1.0;0;0;1.0;0;0
22770;2.29;1.00;0;1400.0;21.0;22.5;5.25;0;15.55;14.39;73.29;123.62;2.31;124670.0;0;0;127.0;4510.0;976.69;449.21;0;1.0;0;1.0;0;0;1.0;0;0;1.0;0;0;1.0;1.0;0;0;1.0;0;0
23413;2.16;1.00;0;1415.0;21.0;22.5;5.25;0;15.42;14.48;81.26;148.76;2.31;124670.0;0;0;127.0;4530.0;976.69;429.68;0;0;1.0;0;0;0;1.0;0;0;1.0;0;0;1.0;1.0;0;0;1.0;0;0
23967;2.16;1.00;0;1417.0;21.0;23.25;4.5;0;15.09;14.58;100.50;154.57;2.31;124670.0;0;0;127.0;4505.0;976.69;429.68;0;0;1.0;0;0;0;1.0;0;0;1.0;0;0;1.0;1.0;0;0;1.0;0;0
24584;2.24;1.00;0;1357.0;21.0;23.25;6.75;0;15.89;14.20;128.37;150.88;2.58;124670.0;0;0;127.0;4527.0;976.69;429.68;0;0;1.0;0;0;0;1.0;0;0;1.0;0;0;1.0;1.0;0;0;1.0;0;0
25133;2.20;1.00;0;1390.0;21.0;23.25;6.0;0;15.68;14.29;141.72;165.80;2.58;124670.0;0;0;127.0;4519.0;976.69;429.68;0;1.0;0;1.0;0;0;1.0;0;0;1.0;0;0;1.0;1.0;0;0;1.0;0;0
25652;2.28;1.00;0;1327.0;21.0;23.25;7.5;0;16.35;14.29;138.11;176.84;2.58;124670.0;0;0;128.0;4518.0;976.69;429.68;0;1.0;0;1.0;0;0;1.0;0;0;1.0;0;0;1.0;1.0;0;0;1.0;0;0
26237;2.34;1.00;0;1383.0;21.0;23.25;6.75;0;15.87;14.39;115.63;153.29;2.31;124670.0;0;0;127.0;4506.0;976.69;429.68;0;0;1.0;1.0;0;0;1.0;0;0;1.0;0;0;1.0;1.0;0;0;1.0;0;0
26842;2.25;1.00;0;1407.0;21.0;24.0;5.25;0;15.47;14.48;94.29;144.11;2.31;124670.0;0;0;128.0;4528.0;976.69;429.68;0;0;1.0;0;0;0;1.0;0;0;1.0;0;0;1.0;1.0;0;0;1.0;0;0
27447;2.32;1.00;0;1362.0;21.0;24.0;6.75;0;15.87;14.48;72.57;122.92;2.31;124670.0;0;0;125.0;4510.0;976.69;429.68;0;1.0;0;1.0;0;0;1.0;0;0;1.0;0;0;1.0;1.0;0;0;1.0;0;0
28061;2.25;1.00;0;1371.0;21.0;24.0;6.75;0;15.85;14.39;57.92;106.65;2.31;124670.0;0;0;127.0;4506.0;976.69;429.68;0;0;1.0;0;0;0;1.0;0;0;1.0;0;0;1.0;1.0;0;0;1.0;0;0
28576;2.25;1.00;0;1354.0;21.0;24.75;6.75;0;15.92;14.58;46.65;94.09;2.31;124670.0;0;0;124.0;4523.0;976.61;429.68;0;0;1.0;0;0;0;1.0;0;0;1.0;0;0;1.0;1.0;0;0;1.0;0;0
29075;2.24;1.00;0;1351.0;21.0;24.75;6.75;0;15.87;14.39;42.71;89.75;2.31;124670.0;0;0;126.0;4510.0;976.65;429.68;0;0;1.0;0;0;0;1.0;0;0;1.0;0;0;1.0;1.0;0;0;1.0;0;0
29636;2.19;1.00;0;1388.0;21.0;24.75;6.0;0;15.68;14.48;47.57;103.19;2.31;124670.0;0;0;127.0;4508.0;976.65;429.68;0;1.0;0;1.0;0;0;1.0;0;0;1.0;0;0;1.0;1.0;0;0;1.0;0;0
30200;2.32;1.00;0;1385.0;21.0;24.75;6.0;0;15.74;14.29;119.99;114.01;2.58;124670.0;0;0;127.0;4527.0;976.65;429.68;0;1.0;0;1.0;0;0;1.0;0;0;1.0;0;0;1.0;1.0;0;0;1.0;0;0
30747;2.13;1.00;0;1429.0;21.0;24.75;4.5;0;15.02;14.39;156.10;132.41;2.31;124670.0;0;0;126.0;4515.0;976.69;410.15;0;1.0;0;1.0;0;0;1.0;0;0;1.0;0;0;1.0;1.0;0;0;1.0;0;0
31335;2.27;1.00;0;1390.0;21.0;25.5;6.0;0;15.58;14.48;146.29;152.88;2.31;124670.0;0;0;125.0;4503.0;976.69;410.15;0;1.0;0;1.0;0;0;1.0;0;0;1.0;0;0;1.0;1.0;0;0;1.0;0;0
31896;2.17;1.00;0;1403.0;21.0;25.5;5.25;0;15.31;14.39;107.78;105.69;2.31;124670.0;0;0;124.0;4526.0;976.69;410.15;0;1.0;0;1.0;0;0;1.0;0;0;1.0;0;0;1.0;1.0;0;0;1.0;0;0
32451;2.13;1.00;0;1433.0;21.0;25.5;4.5;0;14.94;14.20;85.17;84.79;2.58;124670.0;0;0;124.0;4497.0;976.69;410.15;0;1.0;0;1.0;1.0;0;1.0;0;0;1.0;0;0;0;1.0;0;0;1.0;0;0
32955;2.2;1.00;0;1381.0;21.0;25.5;6.75;0;15.81;14.39;68.68;66.38;2.31;124670.0;0;0;125.0;4505.0;976.69;410.15;1.0;1.0;0;1.0;1.0;0;1.0;0;0;1.0;0;0;1.0;1.0;0;0;1.0;0;0
33491;2.24;1.00;0;1336.0;21.0;26.25;7.5;0;16.26;14.48;66.63;55.36;2.31;124670.0;0;0;125.0;4514.0;976.69;410.15;1.0;1.0;0;1.0;1.0;0;1.0;0;0;1.0;0;0;1.0;1.0;0;0;1.0;0;0
34051;2.20;1.00;0;1406.0;21.0;26.25;5.25;0;15.79;14.29;48.51;47.24;2.58;124670.0;0;0;124.0;4510.0;976.69;410.15;1.0;1.0;0;1.0;1.0;0;1.0;0;0;1.0;0;0;1.0;1.0;0;0;0;0;0
34643;2.28;1.00;0;1386.0;21.0;26.25;6.0;0;15.64;14.29;37.75;45.83;2.58;124670.0;0;0;126.0;4514.0;976.69;410.15;1.0;1.0;0;1.0;0;0;1.0;0;0;1.0;0;0;1.0;1.0;0;0;0;0;0
35181;2.24;1.00;0;1417.0;21.0;26.25;5.25;0;15.48;14.29;54.68;45.23;2.58;124670.0;0;0;129.0;4530.0;976.69;410.15;1.0;1.0;0;1.0;1.0;0;1.0;0;0;1.0;0;0;1.0;1.0;0;0;1.0;0;0
35756;2.31;1.00;0;1375.0;21.0;26.25;6.75;0;15.92;14.48;47.59;37.38;2.31;124670.0;0;0;128.0;4515.0;976.69;410.15;1.0;1.0;0;1.0;1.0;0;1.0;0;0;1.0;0;0;1.0;1.0;0;0;0;0;0
36409;2.19;1.00;0;1394.0;21.0;27.0;6.0;0;15.44;14.58;42.84;36.13;2.31;124670.0;0;0;126.0;4509.0;976.69;410.15;1.0;1.0;0;1.0;0;0;1.0;0;0;1.0;0;0;1.0;1.0;0;0;0;0;0
36971;2.03;1.00;0;1679.0;21.0;27.0;6.75;0;17.39;14.39;106.08;67.12;2.31;124670.0;0;0;164.0;4560.0;976.69;527.33;1.0;1.0;0;1.0;0;0;1.0;0;0;1.0;0;0;1.0;1.0;0;0;0;0;0
37487;4.04;1.00;0;1756.0;21.0;27.0;8.25;5.49;22.88;14.20;121.63;63.90;2.58;124670.0;0;0;131.0;4559.0;976.69;527.33;1.0;1.0;0;1.0;0;0;1.0;0;0;1.0;0;0;1.0;1.0;0;0;0;0;0
37989;3.78;0.98;0;1839.0;21.0;27.0;7.5;5.88;21.33;13.44;151.49;161.10;3.07;124670.0;0;0;131.0;4489.0;976.69;527.33;1.0;1.0;0;1.0;1.0;0;1.0;0;0;1.0;0;0;1.0;1.0;0;0;1.0;0;0
38507;2.0;0.99;6.0;1750.0;21.0;27.0;6.75;0;17.41;14.48;164.03;139.44;2.31;124670.0;6.0;6.0;163.0;4529.0;976.69;527.33;1.0;1.0;0;1.0;0;0;1.0;0;0;1.0;0;0;1.0;1.0;0;0;0;0;0
39022;2.96;0.98;8.0;1335.0;21.0;27.75;10.5;0.39;14.96;14.48;126.04;103.78;2.31;124670.0;9.0;7.0;130.0;4436.0;976.69;429.68;1.0;1.0;0;1.0;0;0;1.0;0;0;1.0;0;0;1.0;1.0;0;0;0;0;0
39534;2.94;1.00;10.0;1324.0;21.0;27.75;11.25;1.96;17.80;14.39;100.42;81.90;2.31;124670.0;10.0;10.0;132.0;4501.0;976.69;546.86;1.0;1.0;0;1.0;1.0;0;1.0;0;0;1.0;0;0;1.0;1.0;0;0;1.0;0;0
40145;2.0;0.99;11.0;1676.0;21.0;27.75;6.75;0;17.24;14.39;80.93;60.67;2.31;124670.0;12.0;12.0;159.0;4594.0;976.69;429.68;1.0;1.0;0;1.0;0;0;1.0;0;0;1.0;0;0;1.0;1.0;0;0;0;0;0
40745;2.18;1.00;10.0;1690.0;21.0;27.75;6.75;0;17.00;14.48;95.52;46.57;2.31;124670.0;10.0;10.0;156.0;4534.0;976.69;351.55;1.0;1.0;0;1.0;0;0;1.0;0;0;1.0;0;0;1.0;1.0;0;0;1.0;0;0
41254;1.49;1.02;10.0;1731.0;21.0;27.75;7.5;0;15.03;14.29;162.54;49.19;2.58;124670.0;10.0;9.0;130.0;4498.0;976.69;351.55;1.0;1.0;0;1.0;0;0;1.0;0;0;1.0;0;0;1.0;1.0;0;0;0;0;0
41766;2.36;1.03;10.0;1547.0;21.0;28.5;6.75;0;17.14;14.29;126.06;37.57;2.58;124670.0;10.0;10.0;156.0;4479.0;976.69;351.55;1.0;1.0;0;1.0;0;0;1.0;0;0;1.0;0;0;1.0;1.0;0;0;0;0;0
42319;2.34;1.04;11.0;1644.0;21.0;28.5;6.75;0;17.19;14.11;135.12;30.27;2.58;124670.0;12.0;10.0;158.0;4503.0;976.69;351.55;1.0;1.0;0;1.0;0;0;1.0;0;0;1.0;0;0;1.0;1.0;0;0;0;0;0
42915;2.33;1.05;12.0;1532.0;21.0;28.5;6.75;0;17.01;13.63;115.75;25.83;2.82;124670.0;12.0;11.0;157.0;4556.0;976.69;351.55;1.0;1.0;0;1.0;0;0;1.0;0;0;1.0;0;0;1.0;1.0;0;0;0;0;0
43469;2.11;1.07;12.0;1445.0;21.0;29.25;9.75;0.39;13.12;14.48;88.19;20.58;2.31;124670.0;12.0;12.0;149.0;4476.0;976.69;371.08;1.0;1.0;0;1.0;0;0;1.0;0;0;1.0;0;0;1.0;1.0;0;0;0;0;0
44020;3.44;1.00;15.0;1689.0;21.0;29.25;7.5;4.31;18.61;14.39;67.57;15.52;2.31;124670.0;15.0;15.0;129.0;4569.0;976.69;410.15;1.0;1.0;0;1.0;0;0;1.0;0;0;1.0;0;0;1.0;1.0;0;0;0;0;0
44570;3.41;0.98;18.0;2030.0;21.0;29.25;8.25;5.88;19.58;14.58;39.82;10.13;2.31;124670.0;18.0;18.0;129.0;4532.0;976.69;585.93;1.0;1.0;0;1.0;0;0;1.0;0;0;1.0;0;0;1.0;1.0;0;0;0;0;0
45097;4.12;0.99;21.0;2420.0;21.0;29.25;9.75;10.58;24.91;14.58;24.68;6.23;2.31;124670.0;21.0;22.0;129.0;4378.0;976.69;585.93;1.0;1.0;0;1.0;0;0;1.0;0;0;1.0;0;0;1.0;1.0;0;0;0;0;0
45668;4.30;1.00;26.0;2896.0;21.0;30.0;12.75;13.72;26.69;14.39;13.72;3.39;2.31;124670.0;26.0;26.0;128.0;4438.0;976.57;585.93;1.0;1.0;0;1.0;0;0;1.0;0;0;1.0;0;0;1.0;1.0;0;0;0;0;0
46212;0.27;1.00;30.0;3053.0;21.0;30.0;15.75;0;17.24;14.58;7.36;2.73;2.31;124670.0;30.0;30.0;128.0;4664.0;976.61;507.80;1.0;1.0;0;1.0;0;0;1.0;0;0;1.0;0;0;1.0;1.0;0;0;0;0;0
46826;2.99;1.00;30.0;2448.0;21.0;30.0;8.25;5.09;16.49;14.58;4.27;52.53;2.31;124670.0;30.0;29.0;128.0;4501.0;976.65;351.55;2.0;1.0;0;1.0;0;0;1.0;0;0;1.0;0;0;1.0;1.0;0;0;0;0;0
47436;3.22;1.01;30.0;2345.0;21.0;30.0;10.5;6.27;19.46;14.48;3.30;31.83;2.31;124670.0;30.0;30.0;128.0;4493.0;976.65;312.49;2.0;1.0;0;1.0;0;0;1.0;0;0;1.0;0;0;1.0;1.0;0;0;0;0;0
48046;3.58;1.04;32.0;2527.0;21.0;30.75;10.5;8.23;20.95;14.58;84.03;73.41;2.31;124670.0;32.0;32.0;127.0;4467.0;976.69;624.99;2.0;1.0;0;1.0;0;0;1.0;0;0;1.0;0;0;1.0;1.0;0;0;0;0;0
48579;2.84;0.99;35.0;2705.0;21.0;30.75;13.5;5.88;17.97;14.48;230.80;169.01;2.31;124670.0;34.0;35.0;127.0;4524.0;976.69;605.46;2.0;1.0;0;1.0;0;0;1.0;0;0;1.0;0;0;1.0;1.0;0;0;0;0;0
49094;1.91;1.00;35.0;2707.0;21.0;30.75;15.0;3.13;12.95;14.39;222.34;176.47;2.31;124670.0;35.0;35.0;127.0;4547.0;976.69;605.46;2.0;1.0;0;1.0;0;0;1.0;0;0;1.0;0;0;1.0;1.0;0;0;0;0;0
49630;1.96;0.98;35.0;2760.0;21.0;30.75;15.75;3.13;12.33;14.48;220.94;224.71;2.31;124670.0;35.0;35.0;127.0;4528.0;976.69;605.46;2.0;1.0;0;1.0;0;0;1.0;0;0;1.0;0;0;1.0;1.0;0;0;0;0;0
50200;2.41;0.97;35.0;2713.0;21.0;31.5;14.25;4.31;15.22;14.39;246.89;200.72;2.31;124670.0;35.0;34.0;126.0;4514.0;976.69;253.90;2.0;1.0;0;1.0;0;0;1.0;0;0;1.0;0;0;1.0;1.0;0;0;0;0;0
50772;2.50;1.00;35.0;2684.0;21.0;31.5;14.25;4.31;15.31;14.58;229.98;205.06;2.31;124670.0;35.0;34.0;126.0;4528.0;976.61;371.08;2.0;1.0;0;1.0;0;0;1.0;0;0;1.0;0;0;1.0;1.0;0;0;0;0;0
51412;2.53;1.02;35.0;2683.0;21.0;31.5;14.25;4.31;15.18;14.58;192.80;196.96;2.31;124670.0;35.0;35.0;126.0;4498.0;976.57;605.46;2.0;1.0;0;1.0;0;0;1.0;0;0;1.0;0;0;1.0;1.0;0;0;0;0;0
52069;2.36;1.02;35.0;2737.0;21.0;32.25;15.0;4.31;14.87;14.48;118.05;144.71;2.31;124670.0;35.0;35.0;125.0;4513.0;976.61;644.52;2.0;1.0;0;1.0;0;0;1.0;0;0;1.0;0;0;1.0;1.0;0;0;0;0;0
52694;2.38;0.99;35.0;2760.0;21.0;32.25;15.75;4.31;14.62;14.39;56.36;72.88;2.31;124670.0;35.0;35.0;125.0;4528.0;976.53;624.99;2.0;1.0;0;1.0;0;0;1.0;0;0;1.0;0;0;0;1.0;0;0;0;0;0
53313;2.25;0.97;35.0;2686.0;21.0;32.25;15.75;3.92;14.37;14.48;28.33;34.76;2.31;124670.0;34.0;35.0;125.0;4517.0;976.57;644.52;2.0;1.0;0;1.0;0;0;1.0;0;0;1.0;0;0;1.0;1.0;0;0;0;0;0
53855;2.08;0.95;33.0;2663.0;21.0;33.0;14.25;3.52;13.36;14.48;12.06;17.92;2.31;124670.0;34.0;34.0;124.0;4505.0;976.61;624.99;2.0;1.0;0;1.0;0;0;1.0;0;0;1.0;0;0;1.0;1.0;0;0;0;0;0
54416;1.56;0.99;33.0;2599.0;21.0;33.0;13.5;1.56;9.38;14.48;6.69;12.16;2.31;124670.0;34.0;34.0;124.0;4516.0;976.65;644.52;2.0;1.0;0;1.0;0;0;1.0;0;0;1.0;0;0;1.0;1.0;0;0;0;0;0
54947;1.95;0.98;32.0;2536.0;21.0;33.0;12.0;2.35;11.58;14.48;3.47;6.07;2.31;124670.0;32.0;32.0;124.0;4476.0;976.53;605.46;2.0;1.0;0;1.0;0;0;1.0;0;0;1.0;0;0;1.0;1.0;0;0;0;0;0
55508;2.02;0.96;32.0;2439.0;21.0;33.0;11.25;2.74;12.41;14.48;1.85;3.51;2.31;124670.0;32.0;31.0;124.0;4501.0;976.57;624.99;2.0;1.0;0;1.0;0;0;1.0;0;0;1.0;0;0;1.0;1.0;0;0;0;0;0
56098;2.05;0.95;31.0;2374.0;21.0;33.75;10.5;2.74;12.72;14.48;2.59;23.43;2.31;124670.0;31.0;31.0;123.0;4529.0;976.61;273.43;2.0;1.0;0;1.0;0;0;1.0;0;0;1.0;0;0;1.0;1.0;0;0;0;0;0
56616;1.36;0.95;28.0;2321.0;21.0;33.75;10.5;0.78;8.48;14.39;41.38;109.83;2.31;124670.0;29.0;29.0;123.0;4534.0;976.57;624.99;2.0;1.0;0;1.0;0;0;1.0;0;0;1.0;0;0;1.0;1.0;0;0;0;0;0
57123;1.84;0.95;27.0;2143.0;21.0;33.75;9.75;1.56;11.42;14.48;69.99;139.77;2.31;124670.0;27.0;28.0;123.0;4536.0;976.61;156.24;2.0;1.0;0;1.0;0;0;1.0;0;0;1.0;0;0;1.0;1.0;0;0;0;0;0
57703;2.28;0.96;26.0;2205.0;21.0;34.5;9.0;3.13;13.99;14.58;74.31;150.04;2.31;124670.0;27.0;27.0;123.0;4510.0;976.65;175.77;2.0;1.0;0;1.0;0;0;1.0;0;0;1.0;0;0;1.0;1.0;0;0;0;0;0
58247;2.74;0.98;27.0;2176.0;21.0;34.5;9.0;4.31;16.22;14.20;130.61;175.37;2.58;124670.0;27.0;27.0;123.0;4504.0;976.65;175.77;2.0;1.0;0;1.0;0;0;1.0;0;0;1.0;0;0;1.0;1.0;0;0;0;0;0
58788;3.71;1.00;27.0;2184.0;21.0;34.5;9.0;6.66;19.65;14.48;219.28;212.05;2.31;124670.0;28.0;28.0;123.0;4506.0;976.65;742.17;2.0;1.0;0;1.0;0;0;1.0;0;0;1.0;0;0;1.0;1.0;0;0;0;0;0
59366;3.12;0.99;30.0;2316.0;21.0;34.5;9.75;6.27;19.49;14.39;260.39;253.75;2.31;124670.0;29.0;30.0;123.0;4486.0;976.69;703.11;2.0;1.0;0;1.0;0;0;1.0;0;0;1.0;0;0;1.0;1.0;0;0;0;0;0
59912;2.61;0.96;31.0;2425.0;21.0;35.25;11.25;4.31;16.47;14.39;294.90;303.51;2.31;124670.0;31.0;31.0;122.0;4488.0;976.69;683.58;2.0;1.0;0;1.0;0;0;1.0;0;0;1.0;0;0;1.0;1.0;0;0;0;0;0
60415;2.19;0.94;31.0;2439.0;21.0;35.25;11.25;3.52;13.71;14.39;288.80;332.55;2.31;124670.0;31.0;31.0;122.0;4528.0;976.69;664.05;2.0;1.0;0;1.0;0;0;1.0;0;0;1.0;0;0;1.0;1.0;0;0;0;0;0
61005;2.04;0.93;31.0;2390.0;21.0;35.25;11.25;2.74;13.03;14.48;264.29;327.28;2.31;124670.0;31.0;31.0;122.0;4498.0;976.69;136.71;2.0;1.0;0;1.0;0;0;1.0;0;0;1.0;0;0;1.0;1.0;0;0;0;0;0
61540;2.00;0.95;31.0;2360.0;21.0;35.25;10.5;2.35;12.51;14.58;257.38;351.65;2.31;124670.0;31.0;30.0;122.0;4524.0;976.69;605.46;2.0;1.0;0;1.0;0;0;1.0;0;0;1.0;0;0;1.0;1.0;0;0;0;0;0
62128;2.03;0.95;30.0;2401.0;21.0;36.0;11.25;2.74;12.74;14.58;195.3;358.12;2.31;124670.0;30.0;30.0;121.0;4516.0;976.69;136.71;2.0;1.0;0;1.0;0;0;1.0;0;0;1.0;0;0;1.0;1.0;0;0;0;0;0
62607;2.21;0.97;30.0;2337.0;21.0;36.0;11.25;3.13;13.60;14.48;103.72;200.78;2.31;124670.0;30.0;30.0;121.0;4522.0;976.69;156.24;2.0;1.0;0;1.0;0;0;1.0;0;0;1.0;0;0;1.0;1.0;0;0;0;0;0
63106;1.52;1.00;28.0;2272.0;21.0;36.0;6.0;0;16.57;14.20;74.15;155.79;2.58;124670.0;29.0;29.0;145.0;4540.0;976.69;742.17;2.0;1.0;0;1.0;0;0;1.0;0;0;1.0;0;0;1.0;1.0;0;0;0;0;0
63608;1.56;1.00;28.0;2200.0;21.0;36.0;6.75;0;16.62;14.58;49.41;122.84;2.31;124670.0;29.0;28.0;145.0;4519.0;976.69;703.11;2.0;1.0;0;1.0;0;0;1.0;0;0;1.0;0;0;1.0;1.0;0;0;0;0;0
64152;1.56;1.00;27.0;2095.0;21.0;36.75;6.75;0;16.58;14.39;46.63;98.62;2.31;124670.0;28.0;27.0;141.0;4522.0;976.69;175.77;2.0;1.0;0;1.0;0;0;1.0;0;0;1.0;0;0;1.0;1.0;0;0;0;0;0
64750;1.65;1.00;26.0;2026.0;21.0;36.75;6.0;0;16.45;14.58;67.92;82.45;2.31;124670.0;27.0;26.0;142.0;4526.0;976.69;136.71;2.0;1.0;0;1.0;0;0;1.0;0;0;1.0;0;0;1.0;1.0;0;0;0;0;0
65292;1.62;1.00;25.0;2005.0;21.0;36.75;6.75;0;16.53;14.39;60.13;60.13;2.31;124670.0;25.0;26.0;141.0;4508.0;976.69;136.71;2.0;1.0;0;1.0;0;0;1.0;0;0;1.0;0;0;1.0;1.0;0;0;0;0;0
65825;1.70;1.00;23.0;1872.0;21.0;36.75;7.5;0;16.44;14.39;50.34;48.49;2.31;124670.0;23.0;24.0;142.0;4522.0;976.69;156.24;2.0;1.0;0;1.0;0;0;1.0;0;0;1.0;0;0;1.0;1.0;0;0;1.0;0;0
66315;2.0;1.01;20.0;1655.0;21.0;36.75;7.5;0;16.40;14.58;82.02;40.01;2.31;124670.0;21.0;20.0;137.0;4523.0;976.69;156.24;2.0;1.0;0;1.0;0;0;1.0;0;0;1.0;0;0;1.0;1.0;0;0;0;0;0
66812;2.01;1.02;18.0;1612.0;21.0;37.5;6.75;0;16.31;14.20;71.75;31.87;2.58;124670.0;19.0;19.0;139.0;4488.0;976.69;156.24;2.0;1.0;0;1.0;0;0;1.0;0;0;1.0;0;0;1.0;1.0;0;0;0;0;0
67308;2.29;1.04;18.0;1528.0;21.0;37.5;7.5;0;16.29;14.58;60.21;25.07;2.31;124670.0;19.0;19.0;140.0;4485.0;976.69;175.77;2.0;1.0;0;1.0;0;0;1.0;0;0;1.0;0;0;1.0;1.0;0;0;0;0;0
67826;2.08;1.05;18.0;1595.0;21.0;37.5;7.5;0;16.42;14.48;46.98;17.28;2.31;124670.0;18.0;18.0;141.0;4528.0;976.69;175.77;2.0;1.0;0;1.0;1.0;0;1.0;0;0;1.0;0;0;1.0;1.0;0;0;1.0;0;0
68322;1.84;1.00;18.0;1726.0;21.0;37.5;7.5;0;16.46;14.58;34.33;17.94;2.31;124670.0;19.0;18.0;138.0;4548.0;976.69;429.68;2.0;1.0;0;1.0;0;0;1.0;0;0;1.0;0;0;1.0;1.0;0;0;0;0;0
68837;1.61;1.00;17.0;1973.0;21.0;37.5;7.5;0;16.48;14.39;24.17;19.23;2.31;124670.0;18.0;18.0;142.0;4507.0;976.69;156.24;1.0;1.0;0;1.0;0;0;1.0;0;0;1.0;0;0;1.0;1.0;0;0;0;0;0
69370;1.72;1.00;17.0;1768.0;21.0;38.25;7.5;0.78;10.48;14.48;17.44;35.07;2.31;124670.0;17.0;17.0;118.0;4511.0;976.69;156.24;1.0;1.0;0;1.0;0;0;1.0;0;0;1.0;0;0;1.0;1.0;0;0;0;0;0
69922;2.50;1.01;16.0;1846.0;21.0;38.25;8.25;2.74;14.38;14.39;35.13;44.02;2.31;124670.0;17.0;17.0;118.0;4522.0;976.69;156.24;1.0;1.0;0;1.0;0;0;1.0;0;0;1.0;0;0;1.0;1.0;0;0;0;0;0
70464;2.48;1.03;17.0;1935.0;21.0;38.25;8.25;2.74;14.22;14.58;170.37;153.75;2.31;124670.0;18.0;18.0;118.0;4511.0;976.69;156.24;1.0;1.0;0;1.0;0;0;1.0;0;0;1.0;0;0;1.0;1.0;0;0;0;0;0
71038;2.48;1.04;17.0;2051.0;21.0;39.0;9.0;2.74;14.16;14.48;220.25;226.54;2.31;124670.0;18.0;18.0;118.0;4496.0;976.69;175.77;1.0;1.0;0;1.0;0;0;1.0;0;0;1.0;0;0;1.0;1.0;0;0;0;0;0
71532;1.76;1.00;18.0;1834.0;21.0;39.0;6.75;0;16.30;14.39;197.48;178.83;2.31;124670.0;19.0;19.0;140.0;4499.0;976.69;820.30;1.0;1.0;0;1.0;0;0;1.0;0;0;1.0;0;0;1.0;1.0;0;0;0;0;0
72078;1.72;1.00;18.0;1915.0;21.0;39.0;7.5;0;16.31;14.39;150.96;123.60;2.31;124670.0;19.0;19.0;138.0;4499.0;976.69;175.77;1.0;1.0;0;1.0;0;0;1.0;0;0;1.0;0;0;1.0;1.0;0;0;0;0;0
72596;2.21;1.00;18.0;1836.0;21.0;39.0;6.75;0.39;16.20;14.58;106.53;141.33;2.31;124670.0;19.0;18.0;137.0;4524.0;976.69;156.24;1.0;1.0;0;1.0;0;0;1.0;0;0;1.0;0;0;1.0;1.0;0;0;0;0;0
73140;1.96;1.00;17.0;1867.0;21.0;39.75;6.75;0;16.34;14.48;86.36;101.59;2.31;124670.0;17.0;17.0;143.0;4515.0;976.69;175.77;1.0;1.0;0;1.0;0;0;1.0;0;0;1.0;0;0;1.0;1.0;0;0;0;0;0
73751;3.43;1.00;16.0;2020.0;21.0;39.75;8.25;4.31;16.21;14.48;59.66;74.25;2.31;124670.0;16.0;16.0;117.0;4522.0;976.69;546.86;1.0;1.0;0;1.0;0;0;1.0;0;0;1.0;0;0;1.0;1.0;0;0;0;0;0
74308;3.08;0.99;17.0;1919.0;21.0;39.75;8.25;4.70;17.74;14.58;39.07;46.16;2.31;124670.0;17.0;17.0;117.0;4514.0;976.69;156.24;1.0;1.0;0;1.0;0;0;1.0;0;0;1.0;0;0;1.0;1.0;0;0;0;0;0
74900;3.70;0.99;18.0;2118.0;21.0;39.75;8.25;7.45;20.94;14.58;23.00;27.14;2.31;124670.0;19.0;19.0;117.0;4500.0;976.69;859.36;1.0;1.0;0;1.0;0;0;1.0;0;0;1.0;0;0;1.0;1.0;0;0;0;0;0
75434;3.33;0.97;21.0;2331.0;21.0;39.75;9.75;7.45;20.50;14.39;14.35;17.34;2.31;124670.0;21.0;21.0;117.0;4466.0;976.69;839.83;1.0;1.0;0;1.0;0;0;1.0;0;0;1.0;0;0;1.0;1.0;0;0;0;0;0
75972;4.12;0.99;23.0;2644.0;21.0;40.5;11.25;12.94;25.54;14.48;7.96;10.17;2.31;124670.0;23.0;24.0;116.0;4453.0;976.69;820.30;1.0;1.0;0;1.0;0;0;1.0;0;0;1.0;0;0;1.0;1.0;0;0;0;0;0
76521;3.93;0.95;26.0;2959.0;21.0;40.5;13.5;14.11;26.61;14.48;4.39;5.31;2.31;124670.0;26.0;27.0;116.0;4477.0;976.69;781.24;1.0;1.0;0;1.0;0;0;1.0;0;0;1.0;0;0;1.0;1.0;0;0;0;0;0
77018;0.84;1.00;28.0;2825.0;21.0;40.5;12.0;0;16.26;14.48;3.90;2.30;2.31;124670.0;28.0;29.0;116.0;4646.0;976.69;703.11;0;1.0;0;1.0;0;0;1.0;0;0;1.0;0;0;1.0;1.0;0;0;0;0;0
77516;3.44;1.00;27.0;2127.0;21.0;40.5;9.75;5.88;18.83;14.48;7.94;3.16;2.31;124670.0;28.0;28.0;116.0;4581.0;976.69;761.70;2.0;1.0;0;1.0;0;0;1.0;0;0;1.0;0;0;1.0;1.0;0;0;0;0;0
78014;4.53;1.00;28.0;2239.0;21.0;40.5;8.25;10.58;25.89;14.11;6.60;4.12;2.58;124670.0;28.0;28.0;116.0;4486.0;976.69;800.77;2.0;1.0;0;1.0;0;0;1.0;0;0;1.0;0;0;1.0;1.0;0;0;0;0;0
78547;2.66;1.00;30.0;2374.0;21.0;41.25;10.5;7.84;21.27;14.39;49.62;54.95;2.31;124670.0;30.0;31.0;115.0;4426.0;976.69;800.77;2.0;1.0;0;1.0;0;0;1.0;0;0;1.0;0;0;1.0;1.0;0;0;0;0;0
79089;3.20;0.98;31.0;2437.0;21.0;41.25;10.5;7.45;20.52;14.39;36.13;182.09;2.31;124670.0;30.0;31.0;115.0;4479.0;976.69;761.70;2.0;1.0;0;1.0;0;0;1.0;0;0;1.0;0;0;1.0;1.0;0;0;0;0;0
79588;3.03;0.95;31.0;2474.0;21.0;41.25;11.25;7.45;20.54;14.58;118.19;155.45;2.31;124670.0;31.0;32.0;115.0;4497.0;976.69;722.64;2.0;1.0;0;1.0;0;0;1.0;0;0;1.0;0;0;1.0;1.0;0;0;0;0;0
80086;2.89;0.92;32.0;2562.0;21.0;41.25;11.25;7.45;19.93;14.48;120.07;159.26;2.31;124670.0;32.0;33.0;115.0;4518.0;976.69;742.17;2.0;1.0;0;1.0;0;0;1.0;0;0;1.0;0;0;1.0;1.0;0;0;0;0;0
80594;2.75;0.90;32.0;2560.0;21.0;42.0;12.0;7.05;19.33;14.48;116.28;165.28;2.31;124670.0;33.0;33.0;114.0;4527.0;976.69;722.64;2.0;1.0;0;1.0;0;0;1.0;0;0;1.0;0;0;1.0;1.0;0;0;0;0;0
81092;2.17;0.87;32.0;2526.0;21.0;42.0;12.75;5.09;16.38;14.39;95.89;158.97;2.31;124670.0;33.0;33.0;114.0;4545.0;976.69;527.33;2.0;1.0;0;1.0;0;0;1.0;0;0;1.0;0;0;1.0;1.0;0;0;0;0;0
81586;2.34;0.88;31.0;2438.0;21.0;42.0;12.0;5.09;16.70;14.58;151.49;217.87;2.31;124670.0;31.0;32.0;114.0;4542.0;976.69;58.59;2.0;1.0;0;1.0;0;0;1.0;0;0;1.0;0;0;1.0;1.0;0;0;0;0;0
82103;3.15;1.00;31.0;2445.0;21.0;42.0;12.0;6.27;18.94;14.58;245.58;260.17;2.31;124670.0;31.0;31.0;114.0;4525.0;976.69;781.24;2.0;1.0;0;1.0;0;0;1.0;0;0;1.0;0;0;1.0;1.0;0;0;0;0;0
82725;3.31;0.98;31.0;2477.0;21.0;42.0;12.0;7.45;20.78;14.39;281.46;300.09;2.31;124670.0;32.0;32.0;114.0;4488.0;976.69;781.24;2.0;1.0;0;1.0;0;0;1.0;0;0;1.0;0;0;1.0;1.0;0;0;0;0;0
83260;2.92;0.95;32.0;2578.0;21.0;42.75;12.0;7.05;19.41;14.39;171.19;188.38;2.31;124670.0;33.0;33.0;113.0;4497.0;976.69;781.24;2.0;1.0;0;1.0;0;0;1.0;0;0;1.0;0;0;1.0;1.0;0;0;0;0;0
83799;2.64;0.92;32.0;2573.0;21.0;42.75;12.75;6.27;18.17;14.39;107.31;105.46;2.31;124670.0;32.0;33.0;113.0;4524.0;976.69;761.70;2.0;1.0;0;1.0;0;0;1.0;0;0;1.0;0;0;1.0;1.0;0;0;0;0;0
84457;2.48;0.89;33.0;2629.0;21.0;42.75;12.75;5.88;17.39;14.39;54.03;53.08;2.31;124670.0;33.0;34.0;113.0;4509.0;976.69;468.74;2.0;1.0;0;1.0;0;0;1.0;0;0;1.0;0;0;1.0;1.0;0;0;0;0;0
85016;2.04;0.89;33.0;2621.0;21.0;42.75;14.25;3.92;14.67;14.48;28.94;26.67;2.31;124670.0;33.0;34.0;113.0;4500.0;976.69;761.70;2.0;1.0;0;1.0;0;0;1.0;0;0;1.0;0;0;1.0;1.0;0;0;0;0;0
85581;1.98;0.89;32.0;2519.0;21.0;43.5;13.5;3.52;13.64;14.48;14.47;13.35;2.31;124670.0;32.0;33.0;113.0;4538.0;976.69;722.64;2.0;1.0;0;1.0;0;0;1.0;0;0;1.0;0;0;1.0;1.0;0;0;0;0;0
86079;2.04;0.88;31.0;2415.0;21.0;43.5;12.75;3.52;14.51;14.39;7.98;9.60;2.31;124670.0;32.0;31.0;113.0;4537.0;976.69;39.06;2.0;1.0;0;1.0;0;0;1.0;0;0;1.0;0;0;1.0;1.0;0;0;0;0;0
86575;2.81;0.90;31.0;2447.0;21.0;44.25;12.0;6.27;18.56;14.39;4.66;5.58;2.31;124670.0;31.0;31.0;112.0;4501.0;976.69;39.06;2.0;1.0;0;1.0;0;0;1.0;0;0;1.0;0;0;1.0;1.0;0;0;0;0;0
87076;2.71;0.91;31.0;2511.0;21.0;44.25;12.75;6.27;18.64;14.39;4.02;2.71;2.31;124670.0;32.0;32.0;112.0;4496.0;976.69;781.24;2.0;1.0;0;1.0;0;0;1.0;0;0;1.0;0;0;1.0;1.0;0;0;0;0;0
87674;2.60;0.88;32.0;2514.0;21.0;44.25;13.5;5.88;18.62;14.48;2.14;1.50;2.31;124670.0;32.0;32.0;112.0;4503.0;976.69;175.77;2.0;1.0;0;1.0;0;0;1.0;0;0;1.0;0;0;1.0;1.0;0;0;0;0;0
88167;2.47;0.89;32.0;2544.0;21.0;44.25;13.5;5.49;17.51;14.39;3.20;0.76;2.31;124671.0;32.0;32.0;112.0;4529.0;976.69;214.84;2.0;1.0;0;1.0;0;0;1.0;0;0;1.0;0;0;1.0;1.0;0;0;0;0;0
88664;2.44;0.91;32.0;2555.0;21.0;45.0;14.25;5.49;17.43;14.58;1.69;2.38;2.31;124671.0;32.0;33.0;111.0;4518.0;976.69;58.59;2.0;1.0;0;1.0;0;0;1.0;0;0;1.0;0;0;1.0;1.0;0;0;0;0;0
89155;2.49;0.93;32.0;2561.0;21.0;45.0;13.5;5.49;17.20;14.39;84.79;104.13;2.31;124671.0;32.0;33.0;111.0;4510.0;976.69;761.70;2.0;1.0;0;1.0;0;0;1.0;0;0;1.0;0;0;1.0;1.0;0;0;0;0;0
89676;2.43;0.92;32.0;2580.0;21.0;45.0;14.25;5.49;16.86;14.48;144.65;146.61;2.31;124671.0;32.0;33.0;111.0;4503.0;976.69;97.65;2.0;1.0;0;1.0;0;0;1.0;0;0;1.0;0;0;1.0;1.0;0;0;0;0;0
90233;2.52;0.94;32.0;2572.0;21.0;45.0;14.25;5.09;17.33;14.39;238.09;222.03;2.31;124671.0;33.0;33.0;111.0;4512.0;976.69;800.77;2.0;1.0;0;1.0;0;0;1.0;0;0;1.0;0;0;1.0;1.0;0;0;0;0;0
90768;2.48;0.91;32.0;2581.0;21.0;45.0;14.25;5.49;17.55;14.48;230.59;204.44;2.31;124671.0;33.0;33.0;111.0;4524.0;976.69;742.17;2.0;1.0;0;1.0;0;0;1.0;0;0;1.0;0;0;1.0;1.0;0;0;0;0;0
91322;2.96;0.93;33.0;2609.0;21.0;45.75;14.25;7.05;19.86;14.58;218.85;224.86;2.31;124671.0;33.0;34.0;110.0;4494.0;976.69;800.77;2.0;1.0;0;1.0;0;0;1.0;0;0;1.0;0;0;1.0;1.0;0;0;0;0;0
91913;1.04;1.00;33.0;2574.0;21.0;45.75;15.0;1.17;8.74;14.48;232.54;196.94;2.31;124671.0;34.0;34.0;110.0;4553.0;976.69;820.30;2.0;1.0;0;1.0;0;0;1.0;0;0;1.0;0;0;1.0;1.0;0;0;0;0;0
92547;1.40;0.99;32.0;2463.0;21.0;45.75;14.25;1.17;9.19;14.48;214.47;172.52;2.31;124671.0;32.0;32.0;110.0;4507.0;976.61;800.77;2.0;1.0;0;1.0;0;0;1.0;0;0;1.0;0;0;1.0;1.0;0;0;0;0;0
93044;1.86;0.97;31.0;2401.0;21.0;45.75;13.5;2.35;12.21;14.39;238.44;203.52;2.31;124671.0;31.0;31.0;110.0;4539.0;976.57;624.99;2.0;1.0;0;1.0;0;0;1.0;0;0;1.0;0;0;0;1.0;0;0;0;0;0
93544;1.97;0.98;30.0;2366.0;21.0;45.75;13.5;2.74;12.99;14.58;282.87;269.82;2.31;124671.0;29.0;30.0;110.0;4532.0;976.53;19.53;2.0;1.0;0;1.0;0;0;1.0;0;0;1.0;0;0;1.0;1.0;0;0;0;0;0
94042;2.06;0.99;28.0;2261.0;21.0;46.5;11.25;2.35;12.93;14.48;232.03;236.48;2.31;124671.0;29.0;29.0;109.0;4522.0;976.57;19.53;2.0;1.0;0;1.0;0;0;1.0;0;0;1.0;0;0;1.0;1.0;0;0;0;0;0
94689;2.12;1.01;28.0;2213.0;21.0;46.5;11.25;2.74;13.14;14.48;144.36;139.56;2.31;124671.0;28.0;28.0;109.0;4520.0;976.53;58.59;2.0;1.0;0;1.0;0;0;1.0;0;0;1.0;0;0;1.0;1.0;0;0;0;0;0
95185;2.28;1.03;27.0;2163.0;21.0;46.5;11.25;2.74;13.93;14.39;72.69;70.28;2.31;124671.0;28.0;28.0;109.0;4524.0;976.53;58.59;2.0;1.0;0;1.0;0;0;1.0;0;0;1.0;0;0;1.0;1.0;0;0;0;0;0
95669;2.33;1.05;27.0;2151.0;21.0;46.5;11.25;2.74;13.93;14.48;45.19;43.68;2.31;124671.0;26.0;28.0;109.0;4502.0;976.57;761.70;2.0;1.0;0;1.0;0;0;1.0;0;0;1.0;0;0;1.0;1.0;0;0;0;0;0
96168;2.31;1.04;27.0;2169.0;21.0;46.5;11.25;2.74;13.72;14.48;31.18;30.17;2.31;124671.0;27.0;28.0;109.0;4509.0;976.61;839.83;2.0;1.0;0;1.0;0;0;1.0;0;0;1.0;0;0;1.0;1.0;0;0;0;0;0
96669;2.24;1.02;27.0;2184.0;21.0;47.25;11.25;2.74;13.62;14.48;18.37;18.70;2.31;124671.0;28.0;28.0;108.0;4520.0;976.57;820.30;2.0;1.0;0;1.0;0;0;1.0;0;0;1.0;0;0;1.0;1.0;0;0;0;0;0
97220;1.47;1.01;27.0;2065.0;21.0;47.25;10.5;0.78;9.45;14.58;11.99;11.58;2.31;124671.0;28.0;28.0;108.0;4510.0;976.61;820.30;2.0;1.0;0;1.0;0;0;1.0;0;0;1.0;0;0;1.0;1.0;0;0;0;0;0
97719;1.52;1.00;26.0;2076.0;21.0;47.25;7.5;0;15.74;14.20;23.98;12.03;2.58;124671.0;27.0;26.0;130.0;4495.0;976.61;800.77;2.0;1.0;0;1.0;0;0;1.0;0;0;1.0;0;0;1.0;1.0;0;0;0;0;0
98219;1.52;1.00;26.0;2002.0;21.0;47.25;7.5;0;15.71;14.39;25.13;9.23;2.31;124671.0;26.0;26.0;126.0;4524.0;976.65;781.24;2.0;1.0;0;1.0;0;0;1.0;0;0;1.0;0;0;1.0;1.0;0;0;0;0;0
98715;1.56;1.00;25.0;1911.0;21.0;47.25;7.5;0;15.65;14.39;18.65;8.12;2.31;124671.0;25.0;25.0;127.0;4502.0;976.65;703.11;2.0;1.0;0;1.0;0;0;1.0;0;0;1.0;0;0;1.0;1.0;0;0;0;0;0
99217;1.58;1.00;23.0;1873.0;21.0;47.25;7.5;0;15.64;14.48;75.79;51.07;2.31;124671.0;24.0;24.0;129.0;4514.0;976.45;19.53;2.0;1.0;0;1.0;1.0;0;1.0;0;0;1.0;0;0;1.0;1.0;0;0;1.0;0;0
99720;1.84;1.01;22.0;1667.0;21.0;48.0;7.5;0;15.56;14.48;66.81;61.83;2.31;124671.0;23.0;23.0;124.0;4521.0;976.53;39.06;2.0;1.0;0;1.0;0;0;1.0;0;0;1.0;0;0;1.0;1.0;0;0;0;0;0
100218;1.80;1.02;23.0;1740.0;21.0;48.0;7.5;0;15.57;14.20;50.05;46.57;2.58;124671.0;24.0;23.0;121.0;4504.0;976.57;39.06;2.0;1.0;0;1.0;0;0;1.0;0;0;1.0;0;0;1.0;1.0;0;0;0;0;0
100729;1.82;1.04;22.0;1746.0;21.0;48.0;7.5;0;15.68;14.29;54.27;42.92;2.58;124671.0;23.0;23.0;126.0;4585.0;976.61;58.59;2.0;1.0;0;1.0;0;0;1.0;0;0;1.0;0;0;1.0;1.0;0;0;0;0;0
101347;1.82;1.06;21.0;1711.0;21.0;48.0;7.5;0;15.64;14.39;83.41;42.49;2.31;124671.0;22.0;22.0;124.0;4494.0;976.61;58.59;2.0;1.0;0;1.0;0;0;1.0;0;0;1.0;0;0;1.0;1.0;0;0;0;0;0
101932;2.08;1.08;20.0;1638.0;21.0;48.0;7.5;0;15.58;14.48;54.66;31.83;2.31;124671.0;20.0;20.0;125.0;4493.0;976.57;78.12;2.0;1.0;0;1.0;0;0;1.0;0;0;1.0;0;0;1.0;1.0;0;0;0;0;0
102429;2.13;1.10;20.0;1616.0;21.0;48.0;7.5;0;15.68;14.39;41.34;23.67;2.31;124671.0;19.0;20.0;126.0;4489.0;976.57;644.52;2.0;1.0;0;1.0;0;0;1.0;0;0;1.0;0;0;1.0;1.0;0;0;0;0;0
102927;2.03;1.07;18.0;1529.0;21.0;48.0;7.5;0;15.57;14.48;47.00;23.43;2.31;124671.0;19.0;19.0;125.0;4455.0;976.61;820.30;2.0;1.0;0;1.0;0;0;1.0;0;0;1.0;0;0;1.0;1.0;0;0;0;0;0
103460;1.95;1.06;18.0;1563.0;21.0;48.75;7.5;0;15.51;14.39;32.45;17.03;2.31;124671.0;19.0;19.0;125.0;4504.0;976.61;839.83;2.0;1.0;0;1.0;0;0;1.0;0;0;1.0;0;0;1.0;1.0;0;0;0;0;0
104032;1.96;1.04;18.0;1513.0;21.0;48.75;7.5;0;15.51;14.39;27.12;18.26;2.31;124671.0;19.0;19.0;125.0;4519.0;976.57;781.24;2.0;1.0;0;1.0;0;0;1.0;0;0;1.0;0;0;1.0;1.0;0;0;0;0;0
104529;2.28;1.02;17.0;1384.0;21.0;48.75;7.5;0;15.63;14.20;18.70;14.37;2.58;124671.0;18.0;17.0;124.0;4486.0;976.53;800.77;2.0;1.0;0;1.0;1.0;0;1.0;0;0;1.0;0;0;1.0;1.0;0;0;1.0;0;0
105045;1.86;1.00;15.0;1573.0;21.0;49.5;6.75;0;15.50;14.39;14.99;12.65;2.31;124671.0;15.0;15.0;124.0;4536.0;976.57;273.43;2.0;1.0;0;1.0;1.0;0;1.0;0;0;1.0;0;0;1.0;1.0;0;0;1.0;0;0
105560;1.88;1.01;13.0;1536.0;21.0;49.5;7.5;0;15.58;14.48;50.75;14.86;2.31;124671.0;13.0;14.0;123.0;4496.0;976.61;39.06;2.0;1.0;0;1.0;1.0;0;1.0;0;0;1.0;0;0;1.0;1.0;0;0;1.0;0;0
106058;2.01;1.03;12.0;1581.0;21.0;49.5;7.5;0;15.53;14.48;113.72;95.63;2.31;124671.0;13.0;13.0;124.0;4504.0;976.65;58.59;2.0;1.0;0;1.0;0;0;1.0;0;0;1.0;0;0;1.0;1.0;0;0;0;0;0
106566;1.90;1.05;12.0;1578.0;21.0;49.5;7.5;0;15.57;14.48;102.78;98.31;2.31;124671.0;12.0;12.0;123.0;4489.0;976.65;58.59;1.0;1.0;0;1.0;0;0;1.0;0;0;1.0;0;0;1.0;1.0;0;0;1.0;0;0
107064;1.96;1.06;11.0;1618.0;21.0;49.5;7.5;0;15.57;14.48;103.29;80.89;2.31;124671.0;11.0;11.0;124.0;4537.0;976.65;624.99;1.0;1.0;0;1.0;1.0;0;1.0;0;0;1.0;0;0;1.0;1.0;0;0;1.0;0;0
107557;1.85;1.06;8.0;1647.0;21.0;49.5;7.5;0;15.58;14.39;85.75;74.68;2.31;124671.0;8.0;8.0;124.0;4511.0;976.69;97.65;1.0;1.0;0;1.0;0;0;1.0;0;0;1.0;0;0;1.0;1.0;0;0;0;0;0
108080;2.03;1.07;6.0;1428.0;21.0;49.5;5.25;0;14.31;14.48;77.22;61.22;2.31;124671.0;7.0;7.0;114.0;4470.0;976.69;839.83;1.0;1.0;0;1.0;0;0;1.0;0;0;1.0;0;0;1.0;1.0;0;0;0;0;0
108647;2.08;1.06;3.0;1415.0;21.0;49.5;6.0;0;14.34;14.48;76.71;53.23;2.31;124671.0;3.0;3.0;109.0;4503.0;976.69;859.36;1.0;1.0;0;1.0;1.0;0;1.0;0;0;1.0;0;0;1.0;1.0;0;0;1.0;0;0
109179;1.89;1.04;0;1452.0;21.0;50.25;4.5;0;13.83;14.48;63.25;46.16;2.31;124671.0;0;0;105.0;4520.0;976.69;839.83;1.0;1.0;0;1.0;1.0;0;1.0;0;0;1.0;0;0;1.0;1.0;0;0;0;0;0
109740;1.94;1.03;0;1370.0;21.0;50.25;6.75;0;14.40;14.48;47.00;33.86;2.31;124671.0;0;0;100.0;4520.0;976.69;839.83;1.0;1.0;0;1.0;0;0;1.0;0;0;1.0;0;0;1.0;1.0;0;0;0;0;0
110351;1.88;1.01;0;1391.0;21.0;50.25;6.0;0;13.92;14.48;36.07;24.64;2.31;124671.0;0;0;99.0;4517.0;976.69;800.77;1.0;1.0;0;1.0;0;0;1.0;0;0;1.0;0;0;1.0;1.0;0;0;0;0;0
110847;1.89;0.99;0;1400.0;21.0;50.25;6.0;0;13.91;14.39;26.91;18.78;2.31;124671.0;0;0;101.0;4520.0;976.69;781.24;1.0;1.0;0;1.0;0;0;1.0;0;0;1.0;0;0;1.0;1.0;0;0;0;0;0
111343;1.88;0.98;0;1365.0;21.0;50.25;7.5;0;14.44;14.58;35.48;18.84;2.31;124671.0;0;0;99.0;4516.0;976.69;781.24;1.0;1.0;0;1.0;0;0;1.0;0;0;1.0;0;0;1.0;1.0;0;0;0;0;0
111898;1.84;0.96;0;1338.0;21.0;50.25;8.25;0;14.66;14.39;69.27;47.51;2.31;124671.0;0;0;99.0;4517.0;976.69;644.52;1.0;1.0;0;1.0;1.0;0;1.0;0;0;1.0;0;0;1.0;1.0;0;0;1.0;0;0
112392;1.84;0.94;0;1370.0;21.0;50.25;6.75;0;14.23;14.58;117.37;138.72;2.31;124671.0;0;0;98.0;4524.0;976.69;136.71;1.0;1.0;0;1.0;0;0;1.0;0;0;1.0;0;0;1.0;1.0;0;0;0;0;0
112890;1.80;0.96;0;1354.0;21.0;50.25;7.5;0;14.41;14.29;148.44;174.38;2.58;124671.0;0;0;98.0;4510.0;976.69;39.06;1.0;1.0;0;1.0;0;0;1.0;0;0;1.0;0;0;1.0;1.0;0;0;0;0;0
113466;1.84;0.98;0;1342.0;21.0;51.0;8.25;0;14.64;14.39;138.78;195.39;2.31;124671.0;0;0;98.0;4512.0;976.69;58.59;1.0;1.0;0;1.0;0;0;1.0;0;0;1.0;0;0;1.0;1.0;0;0;0;0;0
114014;1.87;0.99;0;1389.0;21.0;51.0;6.0;0;13.83;14.39;162.70;215.84;2.31;124671.0;0;0;99.0;4519.0;976.69;429.68;1.0;1.0;0;1.0;0;0;1.0;0;0;1.0;0;0;1.0;1.0;0;0;0;0;0
114513;1.94;0.99;0;1331.0;21.0;51.0;8.25;0;14.68;14.39;141.02;240.08;2.31;124671.0;0;0;98.0;4512.0;976.69;58.59;1.0;1.0;0;1.0;0;0;1.0;0;0;1.0;0;0;1.0;1.0;0;0;0;0;0
115026;5.25;1.00;0;1832.0;21.0;51.0;9.75;8.23;27.53;14.58;147.88;204.59;2.31;124671.0;0;0;104.0;4591.0;976.69;898.42;1.0;1.0;0;1.0;0;0;1.0;0;0;1.0;0;0;1.0;1.0;0;0;0;0;0
115547;4.72;1.00;0;2060.0;21.0;51.0;9.75;12.55;32.03;14.58;96.96;134.21;2.31;124671.0;0;0;104.0;4491.0;976.69;820.30;1.0;1.0;0;1.0;0;0;1.0;0;0;1.0;0;0;1.0;1.0;0;0;0;0;0
116083;0.92;1.00;12.0;2170.0;21.0;51.0;7.5;0;15.50;14.58;60.28;83.49;2.31;124671.0;12.0;12.0;122.0;4588.0;976.69;800.77;1.0;1.0;0;1.0;0;0;1.0;0;0;1.0;0;0;1.0;1.0;0;0;0;0;0
116583;3.61;1.00;15.0;1899.0;21.0;51.0;10.5;5.88;20.30;14.48;46.48;64.70;2.31;124671.0;15.0;15.0;104.0;4531.0;976.69;839.83;1.0;1.0;0;1.0;0;0;1.0;0;0;1.0;0;0;1.0;1.0;0;0;0;0;0
117080;2.99;0.98;18.0;2055.0;21.0;51.0;11.25;5.09;19.08;14.39;30.44;42.39;2.31;124671.0;18.0;18.0;104.0;4499.0;976.69;800.77;1.0;1.0;0;1.0;0;0;1.0;0;0;1.0;0;0;1.0;1.0;0;0;0;0;0
117579;3.67;1.00;21.0;2384.0;21.0;51.0;14.25;8.23;22.58;14.58;17.90;26.30;2.31;124671.0;21.0;22.0;104.0;4390.0;976.69;820.30;1.0;1.0;0;1.0;0;0;1.0;0;0;1.0;0;0;1.0;1.0;0;0;0;0;0
118108;4.10;0.99;26.0;2899.0;21.0;51.75;18.75;13.72;27.45;14.58;60.83;23.57;2.31;124671.0;26.0;26.0;103.0;4434.0;976.69;800.77;1.0;1.0;0;1.0;0;0;1.0;0;0;0;0;0;1.0;1.0;0;0;0;0;0
118667;1.91;1.00;28.0;2538.0;21.0;51.75;3.75;0.39;12.13;14.29;101.75;111.39;2.58;124671.0;29.0;29.0;103.0;4584.0;976.69;820.30;2.0;1.0;0;1.0;0;0;1.0;0;0;1.0;0;0;1.0;1.0;0;0;0;0;0
119219;5.01;1.00;31.0;2469.0;21.0;51.75;12.75;14.11;28.88;14.29;187.83;133.76;2.58;124671.0;30.0;31.0;103.0;4200.0;976.69;781.24;2.0;1.0;0;1.0;0;0;1.0;0;0;1.0;0;0;1.0;1.0;0;0;0;0;0
119743;4.52;0.98;36.0;2806.0;21.0;51.75;17.25;17.64;31.02;14.39;217.01;173.85;2.31;124671.0;34.0;36.0;103.0;4293.0;976.69;605.46;2.0;1.0;0;1.0;0;0;1.0;0;0;1.0;0;0;1.0;1.0;0;0;0;0;0
120296;3.33;1.00;38.0;2997.0;21.0;51.75;20.25;10.19;24.31;14.48;188.69;156.47;2.31;124671.0;37.0;38.0;103.0;4453.0;976.69;800.77;2.0;1.0;0;1.0;0;0;1.0;0;0;1.0;0;0;1.0;1.0;0;0;0;0;0
120793;3.12;0.95;40.0;3094.0;21.0;51.75;21.75;9.80;23.93;14.39;121.67;129.58;2.31;124671.0;39.0;40.0;103.0;4506.0;976.69;761.70;2.0;1.0;0;1.0;0;0;1.0;0;0;1.0;0;0;1.0;1.0;0;0;0;0;0
121355;4.49;0.99;41.0;3195.0;21.0;51.75;19.5;18.04;31.21;14.48;98.95;135.26;2.31;124671.0;40.0;41.0;103.0;4518.0;976.69;527.33;2.0;1.0;0;1.0;0;0;1.0;0;0;1.0;0;0;1.0;1.0;0;0;0;0;0
121888;3.70;0.97;42.0;3275.0;21.0;51.75;22.5;11.76;25.77;14.48;85.24;192.39;2.31;124671.0;41.0;42.0;103.0;4475.0;976.61;781.24;2.0;1.0;0;1.0;0;0;1.0;0;0;1.0;0;0;1.0;1.0;0;0;0;0;0
122404;3.51;0.97;43.0;3452.0;21.0;52.5;24.0;13.33;26.83;14.39;173.75;251.31;2.31;124671.0;44.0;44.0;102.0;4509.0;976.65;761.70;2.0;1.0;0;1.0;0;0;1.0;0;0;1.0;0;0;1.0;1.0;0;0;0;0;0
122944;3.54;0.90;46.0;3560.0;21.0;52.5;25.5;14.51;27.32;14.48;278.45;308.28;2.31;124671.0;45.0;46.0;102.0;4499.0;976.57;742.17;2.0;1.0;0;1.0;0;0;1.0;0;0;0;0;0;1.0;1.0;0;0;0;0;0
123512;4.47;1.00;45.0;2772.0;21.0;52.5;13.5;9.80;22.42;14.48;322.55;321.48;2.31;124671.0;45.0;45.0;102.0;4327.0;976.61;800.77;3.0;1.0;0;1.0;0;0;1.0;0;0;1.0;0;0;1.0;1.0;0;0;0;0;0
124004;3.90;0.97;46.0;2838.0;21.0;52.5;18.0;13.33;26.71;14.48;336.36;346.95;2.31;124671.0;45.0;46.0;102.0;4202.0;976.49;722.64;3.0;1.0;0;1.0;0;0;1.0;0;0;1.0;0;0;1.0;1.0;0;0;0;0;0
124504;3.57;0.93;47.0;2903.0;21.0;52.5;18.75;12.94;26.80;14.48;344.41;355.64;2.31;124671.0;47.0;47.0;102.0;4340.0;976.37;644.52;3.0;1.0;0;1.0;0;0;1.0;0;0;1.0;0;0;1.0;1.0;0;0;0;0;0
125029;3.03;0.91;47.0;2938.0;21.0;52.5;20.25;10.19;24.00;14.48;303.18;292.96;2.31;124671.0;47.0;48.0;102.0;4480.0;976.30;683.58;3.0;1.0;0;1.0;0;0;1.0;0;0;1.0;0;0;1.0;1.0;0;0;0;0;0
125539;2.10;0.99;46.0;2853.0;21.0;53.25;23.25;4.31;15.59;14.39;289.43;305.52;2.31;124671.0;47.0;47.0;102.0;4514.0;976.18;761.70;3.0;1.0;0;1.0;0;0;1.0;0;0;1.0;0;0;1.0;1.0;0;0;0;0;0
126132;2.25;0.96;46.0;2826.0;21.0;53.25;22.5;5.09;17.05;14.58;287.77;306.50;2.31;124671.0;46.0;46.0;102.0;4509.0;975.98;664.05;3.0;1.0;0;1.0;0;0;1.0;0;0;1.0;0;0;1.0;1.0;0;0;0;0;0
126727;2.31;0.94;45.0;2734.0;21.0;53.25;21.0;5.09;17.50;14.58;313.53;262.56;2.31;124671.0;44.0;45.0;102.0;4541.0;975.87;566.39;3.0;1.0;0;1.0;0;0;1.0;0;0;1.0;0;0;1.0;1.0;0;0;0;0;0
127224;3.84;1.00;45.0;2723.0;21.0;54.0;19.5;9.80;23.79;14.48;198.22;157.35;2.31;124671.0;44.0;45.0;101.0;4477.0;975.83;820.30;3.0;1.0;0;1.0;0;0;1.0;0;0;1.0;0;0;1.0;1.0;0;0;0;0;0
127727;4.43;1.00;45.0;2780.0;21.0;54.0;18.75;14.11;28.36;14.39;110.98;90.20;2.31;124671.0;44.0;45.0;101.0;4457.0;975.71;781.24;3.0;1.0;0;1.0;0;0;1.0;0;0;1.0;0;0;1.0;1.0;0;0;0;0;0
128306;3.82;0.96;47.0;2883.0;21.0;54.0;19.5;14.51;28.59;14.48;58.90;50.46;2.31;124671.0;46.0;47.0;101.0;4514.0;975.63;761.70;3.0;1.0;0;1.0;0;0;1.0;0;0;1.0;0;0;1.0;1.0;0;0;0;0;0
128828;3.16;0.91;47.0;2947.0;21.0;54.0;21.0;11.37;25.40;14.29;29.80;22.77;2.58;124671.0;47.0;48.0;101.0;4528.0;975.59;703.11;3.0;1.0;0;1.0;0;0;1.0;0;0;1.0;0;0;1.0;1.0;0;0;0;0;0
129409;3.00;0.90;47.0;2936.0;21.0;54.0;21.75;10.58;24.60;14.58;14.92;11.99;2.31;124671.0;47.0;48.0;101.0;4506.0;975.55;332.02;3.0;1.0;0;1.0;0;0;1.0;0;0;1.0;0;0;1.0;1.0;0;0;0;0;0
129909;3.00;0.90;47.0;2959.0;21.0;54.75;22.5;10.19;24.34;14.48;10.05;6.81;2.31;124671.0;48.0;48.0;100.0;4527.0;975.52;683.58;3.0;1.0;0;1.0;0;0;1.0;0;0;1.0;0;0;1.0;1.0;0;0;0;0;0
130403;2.84;0.90;48.0;2962.0;21.0;54.75;22.5;8.62;23.17;14.58;4.94;3.55;2.31;124671.0;48.0;49.0;100.0;4518.0;975.52;722.64;3.0;1.0;0;1.0;0;0;1.0;0;0;1.0;0;0;1.0;1.0;0;0;0;0;0
130959;2.56;0.87;48.0;2969.0;21.0;54.75;24.0;7.84;21.84;14.48;2.53;1.79;2.31;124671.0;48.0;49.0;100.0;4516.0;975.52;214.84;3.0;1.0;0;1.0;0;0;1.0;0;0;1.0;0;0;1.0;1.0;0;0;0;0;0
131448;2.64;0.89;48.0;2973.0;21.0;55.5;24.0;7.45;21.81;14.29;1.05;2.46;2.58;124671.0;48.0;49.0;99.0;4519.0;975.48;703.11;3.0;1.0;0;1.0;0;0;1.0;0;0;1.0;0;0;1.0;1.0;0;0;0;0;0
132006;2.45;0.86;47.0;2953.0;21.0;55.5;24.75;7.45;21.94;14.39;67.53;68.19;2.31;124671.0;48.0;48.0;99.0;4515.0;975.48;58.59;3.0;1.0;0;1.0;0;0;1.0;0;0;1.0;0;0;1.0;1.0;0;0;0;0;0
132503;2.57;0.89;47.0;2922.0;21.0;55.5;24.0;7.84;21.89;14.39;107.94;128.07;2.31;124671.0;47.0;48.0;99.0;4510.0;975.48;19.53;3.0;1.0;0;1.0;0;0;1.0;0;0;1.0;0;0;1.0;1.0;0;0;0;0;0
133054;2.72;0.93;47.0;2909.0;21.0;55.5;24.0;7.45;21.85;14.39;127.58;166.49;2.31;124671.0;47.0;47.0;99.0;4492.0;975.48;781.24;3.0;1.0;0;1.0;0;0;1.0;0;0;1.0;0;0;1.0;1.0;0;0;0;0;0
133553;2.68;0.92;47.0;2917.0;21.0;55.5;24.0;7.45;21.66;14.39;118.27;167.97;2.31;124671.0;47.0;47.0;99.0;4510.0;975.40;800.77;3.0;1.0;0;1.0;0;0;1.0;0;0;1.0;0;0;1.0;1.0;0;0;0;0;0
134068;2.61;0.89;47.0;2911.0;21.0;55.5;24.0;7.45;21.85;14.48;170.75;226.33;2.31;124671.0;47.0;47.0;99.0;4500.0;975.36;624.99;3.0;1.0;0;1.0;0;0;1.0;0;0;1.0;0;0;1.0;1.0;0;0;0;0;0
134587;2.71;0.88;47.0;2918.0;21.0;55.5;22.5;8.23;22.54;14.48;246.48;257.46;2.31;124671.0;47.0;47.0;99.0;4512.0;975.24;507.80;3.0;1.0;0;1.0;0;0;1.0;0;0;1.0;0;0;1.0;1.0;0;0;0;0;0
135193;2.74;0.89;47.0;2914.0;21.0;56.25;23.25;8.23;22.67;14.39;274.00;292.52;2.31;124671.0;47.0;48.0;98.0;4523.0;975.09;703.11;3.0;1.0;0;1.0;0;0;1.0;0;0;1.0;0;0;1.0;1.0;0;0;0;0;0
135748;2.88;0.88;47.0;2911.0;21.0;56.25;22.5;10.19;24.19;14.39;316.38;322.98;2.31;124671.0;47.0;48.0;98.0;4526.0;974.93;39.06;3.0;1.0;0;1.0;0;0;1.0;0;0;1.0;0;0;1.0;1.0;0;0;0;0;0
136247;3.06;0.92;47.0;2951.0;21.0;56.25;23.25;10.19;24.67;14.58;276.64;304.58;2.31;124671.0;48.0;48.0;98.0;4505.0;974.69;156.24;3.0;1.0;0;1.0;0;0;1.0;0;0;1.0;0;0;1.0;1.0;0;0;0;0;0
136750;3.06;0.93;48.0;2989.0;21.0;57.0;24.0;10.19;24.55;14.39;209.83;232.87;2.31;124671.0;49.0;49.0;97.0;4522.0;974.54;683.58;3.0;1.0;0;1.0;0;0;1.0;0;0;1.0;0;0;1.0;1.0;0;0;0;0;0
137248;3.00;0.92;48.0;3022.0;21.0;57.0;24.75;10.19;24.53;14.39;116.06;122.43;2.31;124671.0;49.0;49.0;97.0;4521.0;974.46;58.59;3.0;1.0;0;1.0;0;0;1.0;0;0;1.0;0;0;1.0;1.0;0;0;0;0;0
137748;3.08;0.95;48.0;3048.0;21.0;57.0;24.75;10.19;24.27;14.58;58.45;61.65;2.31;124671.0;49.0;49.0;97.0;4516.0;974.38;781.24;3.0;1.0;0;1.0;0;0;1.0;0;0;1.0;0;0;1.0;1.0;0;0;0;0;0
138247;2.94;0.91;50.0;3062.0;21.0;57.0;24.75;10.19;24.22;14.48;29.37;32.69;2.31;124671.0;50.0;50.0;97.0;4521.0;974.34;527.33;3.0;1.0;0;1.0;0;0;1.0;0;0;1.0;0;0;1.0;1.0;0;0;0;0;0
138803;2.93;0.91;50.0;3094.0;21.0;57.0;24.75;10.19;24.18;14.48;16.79;16.38;2.31;124671.0;50.0;50.0;97.0;4508.0;974.30;253.90;3.0;1.0;0;1.0;0;0;1.0;0;0;1.0;0;0;1.0;1.0;0;0;0;0;0
139306;2.99;0.92;50.0;3107.0;21.0;57.0;24.75;10.19;24.14;14.39;8.84;8.18;2.31;124671.0;50.0;51.0;97.0;4512.0;974.27;761.70;3.0;1.0;0;1.0;0;0;1.0;0;0;1.0;0;0;1.0;1.0;0;0;0;0;0
139849;2.89;0.90;51.0;3108.0;21.0;57.0;24.75;9.80;23.94;14.39;4.37;4.02;2.31;124671.0;50.0;51.0;97.0;4526.0;974.27;507.80;3.0;1.0;0;1.0;0;0;1.0;0;0;1.0;0;0;1.0;1.0;0;0;0;0;0
140390;2.92;0.92;51.0;3125.0;21.0;57.75;26.25;9.80;23.98;14.48;3.02;1.69;2.31;124671.0;51.0;51.0;97.0;4520.0;974.27;722.64;3.0;1.0;0;1.0;0;0;1.0;0;0;1.0;0;0;1.0;1.0;0;0;0;0;0
140897;2.96;0.93;51.0;3132.0;21.0;57.75;25.5;9.80;24.24;14.48;2.69;2.83;2.31;124671.0;51.0;51.0;97.0;4510.0;974.23;644.52;3.0;1.0;0;1.0;0;0;1.0;0;0;1.0;0;0;1.0;1.0;0;0;0;0;0
141463;3.02;0.91;51.0;3137.0;21.0;57.75;24.75;10.58;25.00;14.39;1.26;3.53;2.31;124671.0;51.0;51.0;97.0;4505.0;974.23;78.12;3.0;1.0;0;1.0;0;0;1.0;0;0;1.0;0;0;1.0;1.0;0;0;0;0;0
141983;3.16;0.95;51.0;3148.0;20.25;57.75;25.5;10.58;24.99;14.39;2.05;1.50;2.31;124671.0;51.0;52.0;97.0;4515.0;974.23;781.24;3.0;1.0;0;1.0;0;0;1.0;0;0;1.0;0;0;1.0;1.0;0;0;0;0;0
142511;3.11;0.94;51.0;3152.0;20.25;58.5;25.5;10.58;24.94;14.58;0.93;2.12;2.31;124671.0;51.0;52.0;96.0;4510.0;974.15;742.17;3.0;1.0;0;1.0;0;0;1.0;0;0;1.0;0;0;1.0;1.0;0;0;0;0;0
143054;3.05;0.93;51.0;3171.0;20.25;58.5;26.25;10.19;24.66;14.48;2.26;0.93;2.31;124671.0;52.0;52.0;96.0;4529.0;974.11;781.24;3.0;1.0;0;1.0;0;0;1.0;0;0;1.0;0;0;1.0;1.0;0;0;0;0;0
143552;2.93;0.90;52.0;3182.0;21.0;58.5;26.25;10.19;24.33;14.48;0.87;0.29;2.31;124671.0;51.0;52.0;96.0;4512.0;973.95;292.96;3.0;1.0;0;1.0;0;0;1.0;0;0;1.0;0;0;1.0;1.0;0;0;0;0;0
144051;3.07;0.93;52.0;3213.0;21.0;58.5;25.5;10.58;24.85;14.48;0.33;0.03;2.31;124671.0;52.0;52.0;96.0;4513.0;973.80;742.17;3.0;1.0;0;1.0;0;0;1.0;0;0;1.0;0;0;1.0;1.0;0;0;0;0;0
144555;3.04;0.92;52.0;3243.0;21.0;58.5;27.0;10.58;25.00;14.48;0.05;1.85;2.31;124671.0;52.0;53.0;96.0;4527.0;973.60;683.58;3.0;1.0;0;1.0;0;0;1.0;0;0;1.0;0;0;1.0;1.0;0;0;0;0;0
145053;3.06;0.92;52.0;3244.0;21.0;58.5;26.25;10.98;24.93;14.39;0;0.78;2.31;124671.0;52.0;53.0;96.0;4520.0;973.41;761.70;3.0;1.0;0;1.0;0;0;1.0;0;0;1.0;0;0;1.0;1.0;0;0;0;0;0
145615;3.01;0.91;52.0;3253.0;21.0;58.5;27.0;10.58;24.85;14.48;0;0.31;2.31;124671.0;53.0;53.0;96.0;4517.0;973.29;488.27;3.0;1.0;0;1.0;0;0;1.0;0;0;1.0;0;0;1.0;1.0;0;0;0;0;0
146147;3.01;0.92;53.0;3280.0;21.0;59.25;27.0;10.58;24.84;14.48;110.61;96.67;2.31;124671.0;53.0;53.0;95.0;4506.0;973.21;351.55;3.0;1.0;0;1.0;0;0;1.0;0;0;1.0;0;0;1.0;1.0;0;0;0;0;0
146655;3.04;0.92;53.0;3286.0;21.0;59.25;28.5;10.58;24.87;14.39;197.72;199.83;2.31;124671.0;53.0;54.0;95.0;4509.0;973.13;703.11;3.0;1.0;0;1.0;0;0;1.0;0;0;1.0;0;0;1.0;1.0;0;0;0;0;0
147147;3.02;0.93;53.0;3299.0;21.0;59.25;27.75;10.19;24.63;14.48;247.15;255.99;2.31;124671.0;54.0;54.0;95.0;4513.0;973.09;761.70;3.0;1.0;0;1.0;0;0;1.0;0;0;1.0;0;0;1.0;1.0;0;0;0;0;0
147670;2.84;0.90;53.0;3315.0;21.0;60.0;27.75;10.19;24.28;14.39;298.00;268.53;2.31;124671.0;54.0;54.0;94.0;4514.0;973.09;390.62;3.0;1.0;0;1.0;0;0;1.0;0;0;1.0;0;0;1.0;1.0;0;0;0;0;0
148210;2.88;0.92;53.0;3330.0;21.0;60.0;29.25;9.80;23.79;14.39;303.28;317.77;2.31;124671.0;54.0;54.0;94.0;4517.0;973.05;742.17;3.0;1.0;0;1.0;0;0;1.0;0;0;1.0;0;0;1.0;1.0;0;0;0;0;0
148707;2.88;0.91;53.0;3308.0;21.0;60.0;29.25;9.80;23.95;14.48;333.78;333.00;2.31;124671.0;53.0;54.0;94.0;4508.0;973.05;781.24;3.0;1.0;0;1.0;0;0;1.0;0;0;1.0;0;0;1.0;1.0;0;0;0;0;0
149262;2.89;0.90;53.0;3300.0;21.0;60.0;28.5;10.19;24.33;14.39;338.61;338.80;2.31;124671.0;54.0;54.0;94.0;4507.0;973.05;175.77;3.0;1.0;0;1.0;0;0;1.0;0;0;1.0;0;0;1.0;1.0;0;0;0;0;0
149766;3.09;0.94;53.0;3315.0;21.0;60.0;28.5;10.98;25.00;14.39;337.81;338.76;2.31;124671.0;54.0;54.0;94.0;4505.0;973.02;781.24;3.0;1.0;0;1.0;0;0;1.0;0;0;1.0;0;0;1.0;1.0;0;0;0;0;0
150265;2.99;0.92;53.0;3330.0;21.0;60.0;28.5;10.58;24.84;14.58;340.73;323.55;2.31;124671.0;54.0;54.0;94.0;4521.0;972.94;605.46;3.0;1.0;0;1.0;0;0;1.0;0;0;1.0;0;0;1.0;1.0;0;0;0;0;0
150770;3.00;0.93;55.0;3329.0;21.0;60.0;28.5;10.58;24.60;14.39;262.20;240.10;2.31;124671.0;54.0;55.0;94.0;4509.0;972.74;781.24;3.0;1.0;0;1.0;0;0;1.0;0;0;1.0;0;0;1.0;1.0;0;0;0;0;0
151268;2.87;0.90;55.0;3337.0;21.0;60.75;29.25;10.19;24.24;14.48;161.92;166.86;2.31;124671.0;54.0;55.0;93.0;4527.0;972.59;703.11;3.0;1.0;0;1.0;0;0;1.0;0;0;1.0;0;0;1.0;1.0;0;0;0;0;0
151766;2.72;0.91;55.0;3320.0;21.0;60.75;30.0;9.02;23.11;14.58;84.76;79.74;2.31;124671.0;54.0;55.0;93.0;4520.0;972.43;781.24;3.0;1.0;0;1.0;0;0;1.0;0;0;1.0;0;0;1.0;1.0;0;0;0;0;0
152268;2.41;0.87;55.0;3274.0;21.0;60.75;31.5;7.45;21.50;14.39;40.44;38.04;2.31;124671.0;55.0;53.0;93.0;4510.0;972.23;117.18;3.0;1.0;0;1.0;0;0;1.0;0;0;1.0;0;0;1.0;1.0;0;0;0;0;0
152815;2.54;0.91;52.0;3267.0;21.0;60.75;30.75;7.45;21.54;14.39;20.31;19.49;2.31;124671.0;53.0;53.0;93.0;4519.0;972.12;722.64;3.0;1.0;0;1.0;0;0;1.0;0;0;1.0;0;0;1.0;1.0;0;0;0;0;0
153318;2.56;0.88;52.0;3213.0;21.0;61.5;30.75;8.23;22.42;14.48;9.62;11.62;2.31;124671.0;52.0;53.0;92.0;4519.0;972.08;136.71;3.0;1.0;0;1.0;0;0;1.0;0;0;1.0;0;0;1.0;1.0;0;0;0;0;0
153913;2.64;0.90;52.0;3205.0;21.0;61.5;30.0;8.23;22.60;14.39;7.90;5.46;2.31;124671.0;52.0;53.0;92.0;4521.0;972.00;800.77;3.0;1.0;0;1.0;0;0;1.0;0;0;1.0;0;0;1.0;1.0;0;0;0;0;0
154482;2.57;0.89;52.0;3185.0;21.0;61.5;30.0;8.23;22.49;14.39;3.30;2.24;2.31;124671.0;52.0;52.0;92.0;4519.0;971.92;58.59;3.0;1.0;0;1.0;0;0;1.0;0;0;1.0;0;0;1.0;1.0;0;0;0;0;0
155003;2.65;0.91;51.0;3164.0;21.0;61.5;30.0;8.23;22.51;14.39;1.32;0.93;2.31;124671.0;51.0;52.0;92.0;4510.0;971.84;781.24;3.0;1.0;0;1.0;0;0;1.0;0;0;1.0;0;0;1.0;1.0;0;0;0;0;0
155501;2.93;0.87;51.0;3182.0;21.0;61.5;27.75;10.98;25.36;14.48;0.58;2.01;2.31;124671.0;51.0;52.0;92.0;4503.0;971.84;39.06;3.0;1.0;0;1.0;0;0;1.0;0;0;1.0;0;0;1.0;1.0;0;0;0;0;0
156006;3.09;0.92;52.0;3209.0;21.0;61.5;27.75;11.37;25.59;14.48;2.30;0.93;2.31;124671.0;52.0;52.0;92.0;4523.0;971.80;234.37;3.0;1.0;0;1.0;0;0;1.0;0;0;1.0;0;0;1.0;1.0;0;0;0;0;0
156505;3.14;0.94;52.0;3195.0;21.0;61.5;27.75;10.98;25.44;14.39;2.69;0.33;2.31;124671.0;52.0;52.0;92.0;4508.0;971.73;761.70;3.0;1.0;0;1.0;0;0;1.0;0;0;1.0;0;0;1.0;1.0;0;0;0;0;0
157003;3.00;0.91;52.0;3195.0;21.0;62.25;27.75;10.98;25.02;14.58;1.26;0.07;2.31;124671.0;52.0;52.0;92.0;4495.0;971.65;175.77;3.0;1.0;0;1.0;0;0;1.0;0;0;1.0;0;0;1.0;1.0;0;0;0;0;0
157506;2.92;0.91;53.0;3253.0;21.0;62.25;28.5;10.19;24.48;14.48;0.50;1.19;2.31;124671.0;52.0;53.0;92.0;4515.0;971.69;644.52;3.0;1.0;0;1.0;0;0;1.0;0;0;1.0;0;0;1.0;1.0;0;0;0;0;0
158027;2.66;0.92;52.0;3250.0;21.0;62.25;30.75;8.23;22.42;14.39;1.34;0.46;2.31;124671.0;53.0;53.0;92.0;4511.0;971.53;820.30;3.0;1.0;0;1.0;0;0;1.0;0;0;1.0;0;0;1.0;1.0;0;0;0;0;0
158563;2.60;0.88;52.0;3206.0;21.0;62.25;29.25;8.23;22.57;14.48;2.57;0.09;2.31;124671.0;52.0;53.0;92.0;4521.0;971.41;410.15;3.0;1.0;0;1.0;0;0;1.0;0;0;1.0;0;0;1.0;1.0;0;0;0;0;0
159063;2.77;0.90;52.0;3208.0;21.0;63.0;29.25;9.41;23.86;14.48;5.03;0;2.31;124671.0;52.0;52.0;89.0;4508.0;971.22;78.12;3.0;1.0;0;1.0;0;0;1.0;0;0;1.0;0;0;1.0;1.0;0;0;0;0;0
159590;2.92;0.94;52.0;3211.0;21.0;63.0;30.0;9.80;23.97;14.48;5.58;0;2.31;124671.0;52.0;52.0;89.0;4521.0;971.02;800.77;3.0;1.0;0;1.0;0;0;1.0;0;0;1.0;0;0;1.0;1.0;0;0;0;0;0
160100;2.76;0.89;52.0;3204.0;21.0;63.0;29.25;9.80;23.96;14.48;2.55;0;2.31;124671.0;52.0;53.0;89.0;4529.0;970.87;273.43;3.0;1.0;0;1.0;0;0;1.0;0;0;1.0;0;0;1.0;1.0;0;0;0;0;0
160598;2.87;0.93;52.0;3228.0;21.0;63.0;30.0;9.80;23.79;14.48;2.83;2.08;2.31;124671.0;52.0;53.0;89.0;4500.0;970.75;703.11;3.0;1.0;0;1.0;0;0;1.0;0;0;1.0;0;0;1.0;1.0;0;0;0;0;0
161161;2.85;0.93;52.0;3252.0;21.0;63.0;30.0;9.80;23.74;14.39;1.26;0.95;2.31;124671.0;52.0;53.0;89.0;4510.0;970.67;644.52;3.0;1.0;0;1.0;0;0;1.0;0;0;1.0;0;0;1.0;1.0;0;0;0;0;0
161711;2.80;0.91;52.0;3240.0;20.25;63.0;30.0;9.80;23.88;14.39;0.42;0.31;2.31;124671.0;52.0;53.0;89.0;4517.0;970.63;761.70;3.0;1.0;0;1.0;0;0;1.0;0;0;1.0;0;0;1.0;1.0;0;0;0;0;0
162253;2.76;0.90;53.0;3286.0;20.25;63.0;30.75;9.80;23.91;14.48;0.13;0.03;2.31;124671.0;52.0;54.0;89.0;4513.0;970.59;273.43;3.0;1.0;0;1.0;0;0;1.0;0;0;1.0;0;0;1.0;1.0;0;0;0;0;0
162752;2.85;0.93;53.0;3303.0;20.25;63.0;30.75;9.80;23.85;14.39;0;0;2.31;124671.0;52.0;54.0;89.0;4511.0;970.55;781.24;3.0;1.0;0;1.0;0;0;1.0;0;0;1.0;0;0;1.0;1.0;0;0;0;0;0
163251;2.74;0.89;53.0;3303.0;20.25;63.75;30.75;9.80;23.79;14.48;102.82;123.68;2.31;124671.0;52.0;54.0;86.0;4500.0;970.55;332.02;3.0;1.0;0;1.0;0;0;1.0;0;0;1.0;0;0;1.0;1.0;0;0;0;0;0
163753;3.04;0.92;52.0;3253.0;20.25;63.75;28.5;10.98;25.17;14.48;216.99;211.74;2.31;124671.0;52.0;53.0;86.0;4508.0;970.55;97.65;3.0;1.0;0;1.0;0;0;1.0;0;0;1.0;0;0;1.0;1.0;0;0;0;0;0
164310;3.18;0.96;52.0;3219.0;20.25;63.75;28.5;11.37;25.63;14.48;259.35;287.93;2.31;124671.0;51.0;53.0;86.0;4515.0;970.44;761.70;3.0;1.0;0;1.0;0;0;1.0;0;0;1.0;0;0;1.0;1.0;0;0;0;0;0
164815;2.98;0.91;52.0;3264.0;20.25;63.75;28.5;10.98;25.33;14.39;319.43;304.76;2.31;124671.0;51.0;53.0;86.0;4513.0;970.40;332.02;3.0;1.0;0;1.0;0;0;1.0;0;0;1.0;0;0;1.0;1.0;0;0;0;0;0
165314;2.95;0.92;53.0;3280.0;20.25;64.5;30.0;10.58;24.85;14.29;335.31;331.97;2.58;124671.0;52.0;53.0;83.0;4525.0;970.20;722.64;3.0;1.0;0;1.0;0;0;1.0;0;0;1.0;0;0;1.0;1.0;0;0;0;0;0
165870;2.84;0.92;53.0;3289.0;20.25;64.5;30.75;9.80;24.07;14.48;337.10;348.59;2.31;124671.0;52.0;54.0;83.0;4505.0;970.09;781.24;3.0;1.0;0;1.0;0;0;1.0;0;0;1.0;0;0;1.0;1.0;0;0;0;0;0
166359;2.64;0.88;53.0;3296.0;20.25;64.5;31.5;9.02;23.39;14.39;342.90;327.90;2.31;124671.0;52.0;54.0;83.0;4509.0;969.89;507.80;3.0;1.0;0;1.0;0;0;1.0;0;0;1.0;0;0;1.0;1.0;0;0;0;0;0
166880;2.66;0.90;53.0;3264.0;20.25;64.5;30.75;9.02;23.07;14.48;342.77;345.93;2.31;124671.0;52.0;53.0;83.0;4515.0;969.73;820.30;3.0;1.0;0;1.0;0;0;1.0;0;0;1.0;0;0;1.0;1.0;0;0;0;0;0
167380;2.77;0.90;53.0;3272.0;20.25;64.5;30.0;9.80;23.71;14.48;307.87;326.13;2.31;124671.0;52.0;53.0;83.0;4513.0;969.62;136.71;3.0;1.0;0;1.0;0;0;1.0;0;0;1.0;0;0;1.0;1.0;0;0;0;0;0
167876;2.82;0.91;53.0;3301.0;20.25;64.5;31.5;9.80;24.06;14.48;331.13;342.41;2.31;124671.0;52.0;54.0;83.0;4520.0;969.54;781.24;3.0;1.0;0;1.0;0;0;1.0;0;0;1.0;0;0;1.0;1.0;0;0;0;0;0
168397;2.72;0.89;53.0;3320.0;20.25;64.5;31.5;9.80;23.86;14.39;284.80;344.41;2.31;124671.0;53.0;54.0;83.0;4511.0;969.46;97.65;3.0;1.0;0;1.0;0;0;1.0;0;0;1.0;0;0;1.0;1.0;0;0;0;0;0
168936;2.90;0.94;53.0;3321.0;20.25;64.5;31.5;9.80;23.86;14.39;319.15;330.64;2.31;124671.0;52.0;54.0;83.0;4517.0;969.42;820.30;3.0;1.0;0;1.0;0;0;1.0;0;0;1.0;0;0;1.0;1.0;0;0;0;0;0
169433;2.72;0.90;53.0;3333.0;20.25;65.25;32.25;9.80;23.63;14.48;259.82;273.92;2.31;124671.0;53.0;54.0;80.0;4504.0;969.38;468.74;3.0;1.0;0;1.0;0;0;1.0;0;0;1.0;0;0;1.0;1.0;0;0;0;0;0
169936;2.42;1.00;53.0;3288.0;20.25;65.25;34.5;6.66;19.94;14.48;137.58;135.79;2.31;124671.0;52.0;54.0;80.0;4511.0;969.34;859.36;3.0;1.0;0;1.0;0;0;1.0;0;0;1.0;0;0;1.0;1.0;0;0;0;0;0
170457;2.31;0.98;52.0;3237.0;20.25;65.25;34.5;5.88;18.95;14.48;65.71;68.41;2.31;124671.0;52.0;53.0;80.0;4513.0;969.34;859.36;3.0;1.0;0;1.0;0;0;1.0;0;0;1.0;0;0;1.0;1.0;0;0;0;0;0
170989;2.04;0.94;52.0;3191.0;20.25;65.25;33.75;5.49;17.35;14.48;37.39;32.65;2.31;124671.0;51.0;52.0;80.0;4518.0;969.34;839.83;3.0;1.0;0;1.0;0;0;1.0;0;0;1.0;0;0;1.0;1.0;0;0;0;0;0
171493;1.83;0.91;51.0;3111.0;20.25;65.25;32.25;4.70;15.82;14.39;20.99;16.34;2.31;124671.0;50.0;51.0;80.0;4526.0;969.30;839.83;3.0;1.0;0;1.0;0;0;1.0;0;0;1.0;0;0;1.0;1.0;0;0;0;0;0
172114;1.03;0.89;48.0;2990.0;20.25;66.0;31.5;1.96;9.95;14.39;67.74;65.40;2.31;124671.0;49.0;49.0;78.0;4560.0;969.30;859.36;3.0;1.0;0;1.0;0;0;1.0;0;0;1.0;0;0;1.0;1.0;0;0;0;0;0
172759;0.8;1.00;46.0;2778.0;20.25;66.0;-30.0;0;0;14.48;60.66;121.65;2.31;124671.0;46.0;45.0;78.0;4600.0;969.15;0;3.0;1.0;0;1.0;0;0;1.0;0;0;1.0;0;0;1.0;1.0;0;0;0;0;0
173323;0.96;1.00;42.0;2611.0;20.25;66.0;12.75;0;14.13;14.58;131.71;125.32;2.31;124671.0;42.0;42.0;78.0;4299.0;968.99;0;3.0;1.0;0;1.0;0;0;1.0;0;0;1.0;0;0;1.0;1.0;0;0;0;0;0
173865;1.44;1.00;40.0;2430.0;20.25;66.0;22.5;1.56;10.78;14.58;147.15;138.50;2.31;124671.0;40.0;40.0;78.0;4264.0;968.80;820.30;3.0;1.0;0;1.0;0;0;1.0;0;0;1.0;0;0;1.0;1.0;0;0;0;0;0
174409;1.07;1.00;37.0;2341.0;20.25;66.0;11.25;0;14.78;14.48;117.70;134.11;2.31;124671.0;38.0;38.0;92.0;4443.0;968.60;39.06;3.0;1.0;0;1.0;0;0;1.0;0;0;1.0;0;0;1.0;1.0;0;0;0;0;0
174912;1.2;1.00;35.0;2178.0;20.25;66.0;18.0;0.78;9.24;14.39;163.07;105.16;2.31;124671.0;35.0;35.0;78.0;4502.0;968.68;820.30;3.0;1.0;0;1.0;0;0;1.0;0;0;1.0;0;0;1.0;1.0;0;0;0;0;0
175434;2.12;1.00;35.0;2351.0;20.25;66.0;21.0;3.52;15.25;14.39;239.51;197.27;2.31;124671.0;34.0;35.0;78.0;4529.0;968.52;39.06;3.0;1.0;0;1.0;0;0;1.0;0;0;1.0;0;0;1.0;1.0;0;0;0;0;0
175955;2.36;1.01;33.0;2102.0;20.25;66.75;17.25;3.92;17.12;14.58;287.07;220.02;2.31;124671.0;34.0;34.0;75.0;4527.0;968.37;39.06;3.0;1.0;0;1.0;0;0;1.0;0;0;1.0;0;0;1.0;1.0;0;0;0;0;0
176451;2.94;1.04;33.0;2125.0;20.25;66.75;18.0;6.27;20.76;14.58;295.05;254.31;2.31;124671.0;34.0;34.0;75.0;4511.0;968.29;820.30;3.0;1.0;0;1.0;0;0;1.0;0;0;1.0;0;0;1.0;1.0;0;0;0;0;0
177047;3.01;1.02;35.0;2182.0;20.25;66.75;18.75;6.66;21.82;14.39;303.63;292.53;2.31;124671.0;35.0;36.0;75.0;4497.0;968.21;878.89;3.0;1.0;0;1.0;0;0;1.0;0;0;1.0;0;0;1.0;1.0;0;0;0;0;0
177555;2.84;0.99;36.0;2259.0;20.25;66.75;20.25;6.27;21.64;14.48;324.54;322.30;2.31;124671.0;37.0;37.0;75.0;4479.0;968.17;820.30;3.0;1.0;0;1.0;0;0;1.0;0;0;1.0;0;0;1.0;1.0;0;0;0;0;0
178054;2.54;0.97;37.0;2321.0;20.25;66.75;20.25;5.49;19.53;14.58;333.90;333.37;2.31;124671.0;38.0;38.0;75.0;4517.0;968.13;742.17;3.0;1.0;0;1.0;0;0;1.0;0;0;1.0;0;0;1.0;1.0;0;0;0;0;0
178552;1.99;0.95;37.0;2283.0;20.25;66.75;21.0;3.52;16.06;14.39;323.20;291.97;2.31;124671.0;37.0;38.0;75.0;4529.0;968.09;195.31;3.0;1.0;0;1.0;0;0;1.0;0;0;1.0;0;0;1.0;1.0;0;0;0;0;0
179056;1.92;0.97;37.0;2278.0;20.25;66.75;20.25;3.13;15.15;14.48;315.81;305.23;2.31;124671.0;37.0;37.0;75.0;4522.0;968.09;97.65;3.0;1.0;0;1.0;0;0;1.0;0;0;1.0;0;0;1.0;1.0;0;0;0;0;0
179577;1.96;0.98;36.0;2258.0;20.25;66.75;20.25;3.13;15.21;14.39;324.33;322.96;2.31;124671.0;37.0;37.0;75.0;4510.0;968.09;136.71;3.0;1.0;0;1.0;0;0;1.0;0;0;1.0;0;0;1.0;1.0;0;0;0;0;0
180173;2.0;1.00;36.0;2257.0;20.25;66.75;20.25;3.13;15.22;14.39;252.01;233.30;2.31;124671.0;37.0;37.0;75.0;4516.0;968.05;820.30;3.0;1.0;0;1.0;0;0;1.0;0;0;1.0;0;0;1.0;1.0;0;0;0;0;0
180757;1.98;0.98;36.0;2253.0;20.25;66.75;20.25;3.13;15.40;14.48;270.02;277.83;2.31;124671.0;36.0;36.0;75.0;4507.0;968.05;781.24;3.0;1.0;0;1.0;0;0;1.0;0;0;1.0;0;0;1.0;1.0;0;0;0;0;0
181351;2.35;0.97;37.0;2280.0;20.25;66.75;21.0;4.31;18.49;14.39;283.77;313.71;2.31;124672.0;37.0;37.0;75.0;4512.0;967.98;58.59;3.0;1.0;0;1.0;0;0;1.0;0;0;1.0;0;0;1.0;1.0;0;0;0;0;0
181863;2.76;0.98;38.0;2376.0;20.25;67.5;21.0;6.66;21.11;14.58;228.54;251.81;2.31;124672.0;38.0;38.0;72.0;4466.0;967.86;859.36;3.0;1.0;0;1.0;0;0;1.0;0;0;1.0;0;0;1.0;1.0;0;0;0;0;0
182419;2.69;0.95;38.0;2422.0;20.25;67.5;22.5;6.66;21.57;14.48;134.87;148.64;2.31;124672.0;39.0;39.0;72.0;4461.0;967.90;820.30;3.0;1.0;0;1.0;0;0;1.0;0;0;1.0;0;0;1.0;1.0;0;0;0;0;0
182913;2.54;0.92;40.0;2497.0;20.25;67.5;23.25;6.66;21.18;14.58;71.59;78.92;2.31;124672.0;40.0;40.0;72.0;4472.0;967.82;820.30;3.0;1.0;0;1.0;0;0;1.0;0;0;1.0;0;0;1.0;1.0;0;0;0;0;0
183436;2.52;0.89;41.0;2554.0;20.25;67.5;24.75;7.45;21.86;14.48;42.20;44.13;2.31;124672.0;41.0;42.0;72.0;4529.0;967.82;410.15;3.0;1.0;0;1.0;0;0;1.0;0;0;1.0;0;0;1.0;1.0;0;0;0;0;0
183981;2.52;0.90;42.0;2620.0;20.25;67.5;25.5;7.45;22.01;14.58;23.57;24.64;2.31;124672.0;42.0;43.0;72.0;4523.0;967.74;39.06;3.0;1.0;0;1.0;0;0;1.0;0;0;1.0;0;0;1.0;1.0;0;0;0;0;0
184572;2.60;0.94;43.0;2699.0;20.25;67.5;27.0;7.05;21.71;14.48;15.35;13.71;2.31;124672.0;44.0;44.0;72.0;4506.0;967.66;722.64;3.0;1.0;0;1.0;0;0;1.0;0;0;1.0;0;0;1.0;1.0;0;0;0;0;0
185071;2.53;0.92;45.0;2775.0;21.0;67.5;28.5;7.05;21.54;14.39;7.22;8.20;2.31;124672.0;45.0;45.0;72.0;4511.0;967.47;644.52;3.0;1.0;0;1.0;0;0;1.0;0;0;1.0;0;0;1.0;1.0;0;0;0;0;0
185574;2.56;0.93;46.0;2834.0;21.0;67.5;29.25;7.45;21.90;14.39;3.74;4.27;2.31;124672.0;46.0;46.0;72.0;4503.0;967.47;820.30;3.0;1.0;0;1.0;0;0;1.0;0;0;1.0;0;0;1.0;1.0;0;0;0;0;0
186130;2.52;0.89;46.0;2843.0;20.25;68.25;30.0;7.45;22.40;14.39;4.25;2.16;2.31;124672.0;46.0;46.0;69.0;4505.0;967.51;371.08;3.0;1.0;0;1.0;0;0;1.0;0;0;1.0;0;0;1.0;1.0;0;0;0;0;0
186650;2.50;0.90;46.0;2883.0;20.25;68.25;30.75;7.84;22.17;14.48;1.79;2.63;2.31;124672.0;46.0;47.0;69.0;4508.0;967.55;703.11;3.0;1.0;0;1.0;0;0;1.0;0;0;1.0;0;0;1.0;1.0;0;0;0;0;0
187159;2.46;0.91;47.0;2892.0;20.25;68.25;30.75;7.45;21.82;14.48;2.30;1.40;2.31;124672.0;47.0;47.0;69.0;4521.0;967.39;390.62;3.0;1.0;0;1.0;0;0;1.0;0;0;1.0;0;0;1.0;1.0;0;0;0;0;0
187693;2.32;0.91;47.0;2888.0;20.25;68.25;30.75;6.66;20.84;14.48;1.11;2.38;2.31;124672.0;47.0;48.0;69.0;4534.0;967.39;800.77;3.0;1.0;0;1.0;0;0;1.0;0;0;1.0;0;0;1.0;1.0;0;0;0;0;0
188227;2.21;0.88;47.0;2932.0;20.25;68.25;31.5;6.66;20.43;14.20;2.14;0.99;2.58;124672.0;48.0;48.0;69.0;4529.0;967.23;97.65;3.0;1.0;0;1.0;0;0;1.0;0;0;1.0;0;0;1.0;1.0;0;0;0;0;0
188725;2.31;0.90;47.0;2968.0;20.25;68.25;32.25;6.66;20.56;14.39;0.99;0.42;2.31;124672.0;48.0;48.0;69.0;4508.0;967.19;781.24;3.0;1.0;0;1.0;0;0;1.0;0;0;1.0;0;0;1.0;1.0;0;0;0;0;0
189230;2.25;0.87;48.0;3009.0;20.25;68.25;33.0;6.66;20.90;14.48;0.42;0.15;2.31;124672.0;49.0;49.0;69.0;4519.0;967.08;703.11;3.0;1.0;0;1.0;0;0;1.0;0;0;1.0;0;0;1.0;1.0;0;0;0;0;0
189729;2.25;0.89;48.0;3015.0;20.25;68.25;33.0;6.66;20.38;14.48;0.15;0;2.31;124672.0;49.0;49.0;69.0;4521.0;967.19;156.24;3.0;1.0;0;1.0;0;0;1.0;0;0;1.0;0;0;1.0;1.0;0;0;0;0;0
190325;1.79;0.90;48.0;3019.0;20.25;68.25;33.0;4.70;16.30;14.48;1.42;1.56;2.31;124672.0;49.0;49.0;69.0;4525.0;967.16;820.30;3.0;1.0;0;1.0;0;0;1.0;0;0;1.0;0;0;1.0;1.0;0;0;0;0;0
190843;1.75;0.87;50.0;3036.0;20.25;69.0;33.0;4.70;16.19;14.20;74.68;57.84;2.58;124672.0;50.0;50.0;66.0;4525.0;967.19;781.24;3.0;1.0;0;1.0;0;0;1.0;0;0;1.0;0;0;1.0;1.0;0;0;0;0;0
191343;1.80;0.84;50.0;3045.0;20.25;69.0;33.0;5.09;17.25;14.48;135.67;113.05;2.31;124672.0;50.0;50.0;66.0;4514.0;967.08;39.06;3.0;1.0;0;1.0;0;0;1.0;0;0;1.0;0;0;1.0;1.0;0;0;0;0;0
191846;1.88;0.87;50.0;3082.0;20.25;69.0;33.75;5.49;17.44;14.48;136.51;130.53;2.31;124672.0;50.0;50.0;66.0;4519.0;967.00;644.52;3.0;1.0;0;1.0;0;0;1.0;0;0;1.0;0;0;1.0;1.0;0;0;0;0;0
192381;1.95;0.87;50.0;3099.0;20.25;69.0;34.5;5.49;18.14;14.39;210.06;228.24;2.31;124672.0;50.0;50.0;66.0;4505.0;966.92;722.64;3.0;1.0;0;1.0;0;0;1.0;0;0;1.0;0;0;1.0;1.0;0;0;0;0;0
192870;3.16;0.99;51.0;3178.0;20.25;69.0;31.5;10.58;24.73;14.58;283.57;276.29;2.31;124672.0;51.0;52.0;66.0;4485.0;966.96;859.36;3.0;1.0;0;1.0;0;0;1.0;0;0;1.0;0;0;1.0;1.0;0;0;0;0;0
193379;0.56;1.00;53.0;3003.0;20.25;69.0;29.25;0;14.65;14.58;317.18;309.19;2.31;124672.0;53.0;53.0;66.0;4640.0;966.92;449.21;3.0;1.0;0;1.0;0;0;1.0;0;0;1.0;0;0;1.0;1.0;0;0;0;0;0
193900;1.45;1.00;52.0;2798.0;20.25;69.0;29.25;2.35;11.60;14.39;330.09;259.45;2.31;124672.0;52.0;53.0;66.0;4229.0;966.88;859.36;4.0;1.0;0;1.0;0;0;1.0;0;0;1.0;0;0;0;1.0;0;0;0;0;0
194442;2.83;0.99;53.0;2802.0;20.25;69.0;30.0;7.05;21.63;14.48;331.09;296.87;2.31;124672.0;54.0;54.0;66.0;4254.0;966.84;839.83;4.0;1.0;0;1.0;0;0;1.0;0;0;1.0;0;0;1.0;1.0;0;0;0;0;0
194943;2.66;0.95;55.0;2872.0;20.25;69.0;30.75;7.45;21.67;14.29;339.07;329.27;2.58;124672.0;55.0;55.0;66.0;4393.0;966.84;820.30;4.0;1.0;0;1.0;0;0;1.0;0;0;1.0;0;0;1.0;1.0;0;0;0;0;0
195444;2.45;0.91;57.0;2970.0;20.25;69.0;32.25;7.05;21.60;14.48;287.87;278.22;2.31;124672.0;56.0;57.0;66.0;4474.0;966.84;742.17;4.0;1.0;0;1.0;0;0;1.0;0;0;1.0;0;0;1.0;1.0;0;0;0;0;0
196000;2.28;0.87;58.0;3032.0;20.25;69.0;33.0;7.05;21.02;14.58;331.20;322.88;2.31;124672.0;58.0;58.0;66.0;4514.0;966.80;683.58;4.0;1.0;0;1.0;0;0;1.0;0;0;1.0;0;0;1.0;1.0;0;0;0;0;0
196499;1.82;1.00;58.0;3066.0;20.25;69.0;33.75;4.31;14.97;14.39;302.09;294.88;2.31;124672.0;59.0;59.0;66.0;4519.0;966.80;859.36;4.0;1.0;0;1.0;0;0;1.0;0;0;1.0;0;0;1.0;1.0;0;0;0;0;0
197022;1.76;0.98;58.0;3077.0;20.25;69.0;33.75;3.92;14.64;14.48;248.03;267.20;2.31;124672.0;59.0;59.0;66.0;4517.0;966.80;859.36;4.0;1.0;0;1.0;0;0;1.0;0;0;1.0;0;0;1.0;1.0;0;0;0;0;0
197611;1.13;1.00;60.0;3048.0;20.25;69.75;33.75;1.96;10.30;14.39;196.43;206.10;2.31;124672.0;60.0;60.0;64.0;4535.0;966.80;878.89;4.0;1.0;0;1.0;0;0;1.0;0;0;1.0;0;0;1.0;1.0;0;0;0;0;0
198127;1.36;0.98;60.0;3109.0;20.25;69.75;35.25;2.74;11.46;14.48;84.48;100.07;2.31;124672.0;60.0;60.0;64.0;4508.0;966.80;859.36;4.0;1.0;0;1.0;0;0;1.0;0;0;1.0;0;0;1.0;1.0;0;0;0;0;0
198640;1.77;0.96;60.0;3146.0;20.25;69.75;35.25;5.09;15.05;14.39;42.53;57.02;2.31;124672.0;60.0;61.0;64.0;4509.0;966.80;839.83;4.0;1.0;0;1.0;0;0;1.0;0;0;0;0;0;1.0;1.0;0;0;0;0;0
199164;2.43;0.92;61.0;3226.0;20.25;69.75;36.0;7.05;19.20;14.48;22.98;28.63;2.31;124672.0;62.0;62.0;64.0;4497.0;966.92;820.30;4.0;1.0;0;1.0;1.0;0;1.0;0;0;0;0;0;1.0;1.0;0;0;1.0;0;0
199680;1.2;1.00;62.0;2031.0;20.25;69.75;18.0;0.78;8.69;14.48;12.71;14.35;2.31;124672.0;62.0;62.0;72.0;4522.0;966.88;117.18;5.0;1.0;0;1.0;0;0;1.0;0;0;0;0;0;1.0;1.0;0;0;0;0;0
200278;1.80;1.00;62.0;2855.0;20.25;69.75;22.5;4.31;12.98;14.48;11.34;11.62;2.31;124672.0;63.0;63.0;64.0;4198.0;966.92;820.30;5.0;1.0;0;1.0;0;0;1.0;0;0;0;0;0;1.0;1.0;0;0;0;0;0
200845;2.60;0.98;65.0;2978.0;20.25;69.75;33.75;7.45;20.28;14.48;5.33;5.17;2.31;124672.0;65.0;65.0;64.0;4340.0;967.04;839.83;5.0;1.0;0;1.0;0;0;1.0;0;0;0;0;0;1.0;1.0;0;0;0;0;0
201379;2.44;0.93;66.0;3068.0;20.25;69.75;33.75;7.84;20.58;14.48;3.41;3.71;2.31;124672.0;66.0;67.0;64.0;4470.0;967.08;781.24;5.0;1.0;0;1.0;0;0;1.0;0;0;0;0;0;1.0;1.0;0;0;0;0;0
201875;3.2;1.00;68.0;3168.0;20.25;70.5;31.5;11.37;24.29;14.48;1.71;1.89;2.31;124672.0;68.0;69.0;61.0;4487.0;967.12;820.30;5.0;1.0;0;1.0;0;0;1.0;0;0;0;0;0;1.0;1.0;0;0;0;0;0
202440;0.48;1.00;70.0;3038.0;20.25;70.5;-30.0;0;0;14.58;0.70;2.12;2.31;124672.0;70.0;70.0;61.0;4680.0;967.19;195.31;5.0;1.0;0;1.0;0;0;1.0;0;0;0;0;0;1.0;1.0;0;0;0;0;0
202941;1.24;1.00;70.0;2951.0;20.25;70.5;33.75;2.35;10.32;14.48;0.25;2.55;2.31;124672.0;70.0;69.0;61.0;4221.0;967.27;859.36;6.0;1.0;0;1.0;0;0;1.0;0;0;0;0;0;1.0;1.0;0;0;0;0;0
203459;2.80;0.99;70.0;3002.0;20.25;70.5;34.5;8.23;21.26;14.39;0.01;1.19;2.31;124672.0;70.0;70.0;61.0;4262.0;967.35;839.83;6.0;1.0;0;1.0;0;0;1.0;0;0;0;0;0;1.0;1.0;0;0;0;0;0
203993;2.59;0.95;71.0;3057.0;20.25;70.5;34.5;8.23;21.27;14.48;0;0.54;2.31;124672.0;72.0;72.0;61.0;4403.0;967.47;722.64;6.0;1.0;0;1.0;0;0;1.0;0;0;0;0;0;0;1.0;0;0;0;0;0
204497;2.41;0.90;72.0;3100.0;20.25;70.5;34.5;8.23;21.29;14.58;0;1.75;2.31;124672.0;73.0;73.0;61.0;4486.0;967.59;488.27;6.0;1.0;0;1.0;0;0;1.0;0;0;0;0;0;1.0;1.0;0;0;0;0;0
205018;2.42;0.91;73.0;3134.0;20.25;70.5;34.5;8.23;21.24;14.48;1.85;0.78;2.31;124672.0;73.0;74.0;61.0;4499.0;967.70;97.65;6.0;1.0;0;1.0;0;0;1.0;0;0;0;0;0;1.0;1.0;0;0;0;0;0
205559;1.48;1.00;73.0;3150.0;20.25;70.5;36.0;3.92;13.51;14.39;0.83;0.31;2.31;124672.0;74.0;74.0;61.0;4527.0;967.78;859.36;6.0;1.0;0;1.0;0;0;1.0;0;0;0;0;0;1.0;1.0;0;0;0;0;0
206111;1.52;0.97;73.0;3130.0;20.25;70.5;36.0;3.92;12.99;14.48;0.33;1.69;2.31;124672.0;74.0;74.0;61.0;4506.0;967.86;839.83;6.0;1.0;0;1.0;0;0;1.0;0;0;0;0;0;1.0;1.0;0;0;0;0;0
206609;1.57;0.95;73.0;3136.0;20.25;70.5;36.0;4.31;13.56;14.58;0.01;2.73;2.31;124672.0;74.0;74.0;61.0;4504.0;967.98;820.30;6.0;1.0;0;1.0;0;0;1.0;0;0;0;0;0;1.0;1.0;0;0;0;0;0
207183;1.92;0.92;73.0;3150.0;20.25;70.5;36.0;5.88;16.90;14.58;0;1.26;2.31;124672.0;74.0;74.0;61.0;4505.0;968.05;800.77;6.0;1.0;0;1.0;0;0;1.0;0;0;0;0;0;1.0;1.0;0;0;0;0;0
207715;1.87;0.88;73.0;3128.0;20.25;70.5;36.0;5.88;17.14;14.39;0;0.46;2.31;124672.0;74.0;74.0;61.0;4517.0;968.17;781.24;6.0;1.0;0;1.0;0;0;1.0;0;0;0;0;0;1.0;1.0;0;0;0;0;0
208232;1.77;0.85;73.0;3147.0;20.25;70.5;36.0;5.88;17.03;14.48;0;0.15;2.31;124672.0;74.0;74.0;61.0;4517.0;968.29;312.49;6.0;1.0;0;1.0;0;0;1.0;0;0;0;0;0;1.0;1.0;0;0;0;0;0
208775;1.81;0.87;73.0;3116.0;20.25;70.5;36.0;5.88;17.12;14.58;0;1.42;2.31;124672.0;74.0;74.0;61.0;4513.0;968.37;97.65;6.0;1.0;0;1.0;0;0;1.0;0;0;0;0;0;1.0;1.0;0;0;0;0;0
209370;1.89;0.90;75.0;3149.0;20.25;70.5;36.0;5.88;17.03;14.48;0.95;2.40;2.31;124672.0;74.0;75.0;61.0;4511.0;968.48;800.77;6.0;1.0;0;1.0;0;0;1.0;0;0;0;0;0;1.0;1.0;0;0;0;0;0
209894;1.80;0.85;75.0;3193.0;20.25;70.5;36.75;5.88;17.21;14.48;2.01;1.11;2.31;124672.0;75.0;75.0;61.0;4518.0;968.56;664.05;6.0;1.0;0;1.0;0;0;1.0;0;0;0;0;0;1.0;1.0;0;0;0;0;0
210426;2.03;0.86;75.0;3198.0;20.25;70.5;36.0;6.66;19.07;14.39;0.76;2.26;2.31;124672.0;75.0;75.0;61.0;4506.0;968.60;39.06;6.0;1.0;0;1.0;0;0;1.0;0;0;0;0;0;1.0;1.0;0;0;0;0;0
210945;2.18;0.90;75.0;3202.0;20.25;70.5;36.0;7.05;19.41;14.48;0.29;1.05;2.31;124672.0;75.0;75.0;61.0;4508.0;968.60;761.70;6.0;1.0;0;1.0;0;0;1.0;0;0;0;0;0;1.0;1.0;0;0;0;0;0
211440;2.10;0.89;76.0;3230.0;20.25;71.25;36.75;7.05;19.18;14.48;1.30;0.39;2.31;124672.0;75.0;76.0;60.0;4503.0;968.72;742.17;6.0;1.0;0;1.0;0;0;1.0;0;0;0;0;0;1.0;1.0;0;0;0;0;0
211963;1.98;0.84;76.0;3229.0;20.25;71.25;36.75;6.66;19.00;14.48;0.56;2.03;2.31;124672.0;76.0;76.0;60.0;4520.0;968.80;195.31;6.0;1.0;0;1.0;0;0;1.0;0;0;0;0;0;1.0;1.0;0;0;0;0;0
212458;2.02;0.88;76.0;3238.0;20.25;71.25;36.75;6.66;18.71;14.48;0.21;0.87;2.31;124672.0;76.0;76.0;60.0;4511.0;968.95;97.65;6.0;1.0;0;1.0;0;0;1.0;0;0;0;0;0;1.0;1.0;0;0;0;0;0
213015;2.13;0.91;76.0;3233.0;20.25;71.25;36.75;6.66;18.98;14.39;0;0.33;2.31;124672.0;76.0;76.0;60.0;4517.0;969.03;820.30;6.0;1.0;0;1.0;0;0;1.0;0;0;0;0;0;1.0;1.0;0;0;0;0;0
213510;1.97;0.86;76.0;3217.0;20.25;71.25;36.75;6.66;18.71;14.48;0;0.01;2.31;124672.0;75.0;76.0;60.0;4513.0;969.11;371.08;6.0;1.0;0;1.0;0;0;1.0;0;0;0;0;0;1.0;1.0;0;0;0;0;0
214032;2.06;0.88;76.0;3229.0;20.25;71.25;36.75;6.66;19.00;14.39;0;0;2.31;124672.0;75.0;76.0;60.0;4510.0;969.15;156.24;6.0;1.0;0;1.0;0;0;1.0;0;0;0;0;0;1.0;1.0;0;0;0;0;0
214576;2.46;0.89;76.0;3211.0;20.25;71.25;34.5;9.02;22.13;14.48;2.08;0;2.31;124672.0;75.0;76.0;60.0;4517.0;969.19;136.71;6.0;1.0;0;1.0;0;0;1.0;0;0;0;0;0;1.0;1.0;0;0;0;0;0
215071;2.75;0.94;75.0;3206.0;20.25;71.25;33.0;10.58;23.40;14.58;4.27;0;2.31;124672.0;75.0;76.0;60.0;4501.0;969.23;761.70;6.0;1.0;0;1.0;0;0;1.0;0;0;0;0;0;1.0;1.0;0;0;0;0;0
215593;2.66;0.92;76.0;3223.0;20.25;71.25;33.75;10.19;23.15;14.48;3.67;0;2.31;124672.0;76.0;76.0;60.0;4516.0;969.23;78.12;6.0;1.0;0;1.0;0;0;1.0;0;0;0;0;0;1.0;1.0;0;0;0;0;0
216140;2.12;0.99;75.0;3204.0;20.25;72.0;37.5;6.27;17.70;14.48;1.75;0;2.31;124672.0;75.0;75.0;60.0;4497.0;969.19;878.89;6.0;1.0;0;1.0;0;0;1.0;0;0;0;0;0;1.0;1.0;0;0;0;0;0
216638;2.09;0.94;75.0;3196.0;20.25;72.0;36.0;6.27;18.28;14.48;0.72;3.04;2.31;124672.0;75.0;75.0;60.0;4523.0;969.07;820.30;6.0;1.0;0;1.0;0;0;1.0;0;0;0;0;0;1.0;1.0;0;0;0;0;0
217162;2.03;0.90;75.0;3174.0;20.25;72.0;36.0;6.27;18.35;14.58;0.29;2.73;2.31;124672.0;75.0;75.0;60.0;4515.0;969.11;800.77;6.0;1.0;0;1.0;0;0;1.0;0;0;0;0;0;1.0;1.0;0;0;0;0;0
217699;1.63;0.86;75.0;3207.0;20.25;72.0;36.0;5.49;16.23;14.48;1.95;1.26;2.31;124672.0;74.0;75.0;60.0;4514.0;969.15;488.27;6.0;1.0;0;1.0;0;0;1.0;0;0;0;0;0;1.0;1.0;0;0;0;0;0
218220;1.81;0.88;75.0;3175.0;20.25;72.0;36.75;5.88;17.05;14.58;3.86;0.42;2.31;124672.0;74.0;75.0;60.0;4512.0;969.19;800.77;6.0;1.0;0;1.0;0;0;1.0;0;0;0;0;0;1.0;1.0;0;0;0;0;0
218764;1.80;0.86;75.0;3163.0;20.25;72.0;36.75;5.88;17.30;14.58;1.83;0.13;2.31;124672.0;74.0;75.0;60.0;4517.0;969.23;468.74;6.0;1.0;0;1.0;0;0;1.0;0;0;0;0;0;1.0;1.0;0;0;0;0;0
219262;1.86;0.89;75.0;3183.0;20.25;72.0;36.75;5.88;17.20;14.48;2.14;1.21;2.31;124672.0;75.0;75.0;60.0;4506.0;969.23;683.58;6.0;1.0;0;1.0;0;0;1.0;0;0;0;0;0;1.0;1.0;0;0;0;0;0
219788;1.83;0.86;75.0;3182.0;20.25;72.0;36.0;5.88;17.50;14.48;0.99;2.42;2.31;124672.0;75.0;75.0;60.0;4515.0;969.23;761.70;6.0;1.0;0;1.0;0;0;1.0;0;0;0;0;0;1.0;1.0;0;0;0;0;0
220283;0.89;1.00;73.0;3150.0;20.25;72.75;33.75;1.96;8.22;14.48;2.55;0.93;2.31;124672.0;74.0;73.0;60.0;4531.0;969.19;58.59;6.0;1.0;0;1.0;0;0;1.0;0;0;0;0;0;1.0;1.0;0;0;0;0;0
220780;2.69;0.99;73.0;3109.0;20.25;72.75;34.5;7.84;20.68;14.48;3.24;1.60;2.31;124672.0;73.0;73.0;60.0;4490.0;969.15;859.36;6.0;1.0;0;1.0;0;0;1.0;0;0;0;0;0;1.0;1.0;0;0;0;0;0
221296;2.68;0.95;73.0;3146.0;20.25;72.75;33.0;9.41;22.54;14.48;3.63;0.76;2.31;124672.0;74.0;74.0;60.0;4501.0;969.19;800.77;6.0;1.0;0;1.0;0;0;1.0;0;0;0;0;0;1.0;1.0;0;0;0;0;0
221795;2.52;0.90;75.0;3164.0;20.25;72.75;33.75;9.41;22.46;14.58;1.71;0.29;2.31;124672.0;74.0;75.0;60.0;4512.0;969.23;390.62;6.0;1.0;0;1.0;0;0;1.0;0;0;0;0;0;1.0;1.0;0;0;0;0;0
222310;2.60;0.93;75.0;3199.0;20.25;72.75;33.75;9.41;22.41;14.58;2.38;0.03;2.31;124672.0;75.0;75.0;60.0;4515.0;969.23;253.90;6.0;1.0;0;1.0;0;0;1.0;0;0;0;0;0;1.0;1.0;0;0;0;0;0
222854;2.64;0.94;76.0;3192.0;20.25;72.75;33.75;9.41;22.39;14.39;1.11;0;2.31;124672.0;75.0;76.0;60.0;4507.0;969.23;742.17;6.0;1.0;0;1.0;0;0;1.0;0;0;0;0;0;1.0;1.0;0;0;0;0;0
223376;2.56;0.92;76.0;3235.0;20.25;72.75;34.5;9.41;22.33;14.39;2.53;0;2.31;124672.0;75.0;76.0;60.0;4517.0;969.15;214.84;6.0;1.0;0;1.0;0;0;1.0;0;0;0;0;0;1.0;1.0;0;0;0;0;0
223916;2.60;0.94;76.0;3256.0;20.25;72.75;34.5;9.41;22.19;14.48;2.38;1.85;2.31;124672.0;76.0;76.0;60.0;4522.0;969.19;781.24;6.0;1.0;0;1.0;0;0;1.0;0;0;0;0;0;1.0;1.0;0;0;0;0;0
224415;2.57;0.92;77.0;3263.0;20.25;72.75;35.25;9.41;22.21;14.48;1.11;0.78;2.31;124672.0;77.0;77.0;60.0;4505.0;969.23;332.02;6.0;1.0;0;1.0;0;0;1.0;0;0;0;0;0;1.0;1.0;0;0;0;0;0
224944;2.24;0.93;77.0;3284.0;20.25;72.75;36.75;7.05;19.74;14.48;2.05;1.42;2.31;124672.0;77.0;78.0;60.0;4526.0;969.23;820.30;6.0;1.0;0;1.0;0;0;1.0;0;0;0;0;0;1.0;1.0;0;0;0;0;0
225441;1.69;0.90;77.0;3269.0;20.25;72.75;37.5;5.49;15.51;14.58;0.87;0.62;2.31;124672.0;77.0;77.0;60.0;4517.0;969.23;839.83;6.0;1.0;0;1.0;0;0;1.0;0;0;0;0;0;1.0;1.0;0;0;0;0;0
225941;1.65;0.87;76.0;3235.0;20.25;72.75;37.5;5.09;15.61;14.58;0.33;1.60;2.31;124672.0;77.0;76.0;60.0;4523.0;969.27;800.77;6.0;1.0;0;1.0;0;0;1.0;0;0;0;0;0;1.0;1.0;0;0;0;0;0
226460;1.62;0.84;76.0;3223.0;20.25;72.75;36.75;5.49;15.85;14.58;0.05;0.70;2.31;124672.0;76.0;76.0;60.0;4517.0;969.19;468.74;6.0;1.0;0;1.0;0;0;1.0;0;0;0;0;0;1.0;1.0;0;0;0;0;0
226977;1.65;0.85;75.0;3171.0;20.25;72.75;36.75;5.49;15.99;14.48;0;1.42;2.31;124672.0;75.0;75.0;60.0;4512.0;969.19;58.59;6.0;1.0;0;1.0;0;0;1.0;0;0;0;0;0;1.0;1.0;0;0;0;0;0
227502;2.14;0.89;75.0;3183.0;20.25;72.75;35.25;7.05;19.59;14.58;0;4.06;2.31;124672.0;74.0;75.0;60.0;4510.0;969.15;58.59;6.0;1.0;0;1.0;0;0;1.0;0;0;0;0;0;1.0;1.0;0;0;0;0;0
228030;2.09;0.93;75.0;3163.0;20.25;72.75;36.0;6.66;18.60;14.48;1.85;1.93;2.31;124672.0;74.0;75.0;60.0;4519.0;969.19;839.83;6.0;1.0;0;1.0;0;0;1.0;0;0;0;0;0;1.0;1.0;0;0;0;0;0
228553;1.95;0.88;73.0;3154.0;20.25;72.75;36.75;6.27;18.10;14.48;2.28;0.87;2.31;124672.0;74.0;74.0;60.0;4516.0;969.19;664.05;6.0;1.0;0;1.0;0;0;1.0;0;0;0;0;0;1.0;1.0;0;0;0;0;0
229094;1.12;1.00;73.0;3027.0;20.25;73.5;34.5;2.35;10.07;14.48;3.08;1.60;2.31;124672.0;74.0;74.0;59.0;4527.0;969.23;878.89;6.0;1.0;0;1.0;0;0;1.0;0;0;0;0;0;1.0;1.0;0;0;0;0;0
229643;1.15;0.98;72.0;3124.0;20.25;73.5;36.0;2.74;10.05;14.58;115.65;105.48;2.31;124672.0;73.0;73.0;59.0;4517.0;969.23;878.89;6.0;1.0;0;1.0;0;0;1.0;0;0;0;0;0;1.0;1.0;0;0;0;0;0
230185;1.2;0.96;71.0;3071.0;20.25;73.5;34.5;2.74;10.42;14.48;152.17;154.56;2.31;124672.0;72.0;72.0;59.0;4511.0;969.27;859.36;6.0;1.0;0;1.0;0;0;1.0;0;0;0;0;0;1.0;1.0;0;0;0;0;0
230684;1.25;0.94;71.0;2983.0;20.25;73.5;33.75;3.13;11.22;14.48;144.50;156.37;2.31;124672.0;71.0;71.0;59.0;4510.0;969.27;820.30;6.0;1.0;0;1.0;0;0;1.0;0;0;0;0;0;1.0;1.0;0;0;0;0;0
231240;1.17;0.92;70.0;2973.0;20.25;73.5;33.75;2.74;10.75;14.48;166.06;197.64;2.31;124672.0;70.0;70.0;59.0;4523.0;969.27;839.83;6.0;1.0;0;1.0;0;0;1.0;0;0;0;0;0;1.0;1.0;0;0;0;0;0
231747;0.68;1.00;68.0;2868.0;20.25;73.5;-30.0;0;0;14.58;208.24;242.54;2.31;124672.0;69.0;67.0;59.0;4569.0;969.27;253.90;6.0;1.0;0;1.0;0;0;1.0;0;0;0;0;0;1.0;1.0;0;0;0;0;0
232253;0.69;1.00;66.0;2798.0;20.25;73.5;-30.0;0;0;14.48;214.51;219.92;2.31;124672.0;67.0;66.0;59.0;4612.0;969.27;0;6.0;1.0;0;1.0;0;0;1.0;0;0;0;0;0;1.0;1.0;0;0;0;0;0
232807;0.69;1.00;63.0;2743.0;20.25;73.5;-30.0;0;0;14.39;256.62;250.23;2.31;124672.0;64.0;64.0;59.0;4675.0;969.27;0;6.0;1.0;0;1.0;0;0;1.0;0;0;0;0;0;1.0;1.0;0;0;0;0;0
233328;0.70;1.00;61.0;2623.0;20.25;74.25;-30.0;0;0;14.48;304.74;300.91;2.31;124672.0;61.0;62.0;59.0;4660.0;969.19;0;6.0;1.0;0;1.0;0;0;1.0;0;0;0;0;0;1.0;1.0;0;0;0;0;0
233871;0.86;1.00;57.0;2455.0;20.25;74.25;19.5;0;14.04;14.48;327.02;329.31;2.31;124672.0;57.0;58.0;74.0;4218.0;969.19;0;6.0;1.0;0;1.0;0;0;1.0;0;0;1.0;0;0;1.0;1.0;0;0;0;0;0
234430;0.92;1.00;53.0;2277.0;20.25;74.25;16.5;0;14.00;14.39;260.39;229.78;2.31;124672.0;54.0;53.0;60.0;4355.0;969.15;19.53;6.0;1.0;0;1.0;0;0;1.0;0;0;1.0;0;0;1.0;1.0;0;0;0;0;0
234987;0.96;1.00;50.0;2131.0;20.25;74.25;15.0;0;14.00;14.48;167.41;135.65;2.31;124672.0;49.0;50.0;61.0;4468.0;969.19;39.06;6.0;1.0;0;1.0;0;0;1.0;0;0;1.0;0;0;1.0;1.0;0;0;0;0;0
235529;1.07;1.00;45.0;1952.0;20.25;74.25;15.0;0;13.90;14.39;131.22;106.86;2.31;124672.0;46.0;45.0;60.0;4487.0;969.23;39.06;6.0;1.0;0;1.0;0;0;1.0;0;0;1.0;0;0;1.0;1.0;0;0;0;0;0
236044;1.08;1.00;42.0;1792.0;20.25;74.25;15.75;0;14.04;14.48;107.00;82.33;2.31;124672.0;43.0;42.0;61.0;4521.0;969.23;742.17;6.0;1.0;0;1.0;1.0;0;1.0;0;0;1.0;0;0;1.0;1.0;0;0;1.0;0;0
236624;1.26;0.98;41.0;1465.0;20.25;74.25;20.25;0;15.10;14.39;80.95;72.10;2.31;124672.0;41.0;41.0;59.0;4484.0;969.23;78.12;6.0;1.0;0;1.0;0;0;1.0;0;0;1.0;0;0;1.0;1.0;0;0;0;0;0
237147;1.09;1.00;40.0;1846.0;20.25;74.25;16.5;0;14.14;14.58;70.34;50.50;2.31;124673.0;40.0;40.0;60.0;4522.0;969.27;781.24;5.0;1.0;0;1.0;0;0;1.0;0;0;1.0;0;0;1.0;1.0;0;0;0;0;0
237645;1.12;1.00;38.0;1804.0;20.25;74.25;16.5;0;14.12;14.39;50.21;34.88;2.31;124673.0;39.0;39.0;59.0;4526.0;969.27;800.77;5.0;1.0;0;1.0;0;0;1.0;0;0;1.0;0;0;1.0;1.0;0;0;0;0;0
238165;1.10;0.98;36.0;1697.0;20.25;75.0;16.5;0;14.01;14.58;40.58;22.81;2.31;124673.0;36.0;37.0;58.0;4501.0;969.27;800.77;5.0;1.0;0;1.0;0;0;1.0;0;0;1.0;0;0;1.0;1.0;0;0;0;0;0
238854;1.13;0.97;35.0;1618.0;20.25;75.0;16.5;0;13.96;14.48;30.91;27.14;2.31;124673.0;35.0;35.0;58.0;4508.0;969.27;820.30;5.0;1.0;0;1.0;0;0;1.0;0;0;1.0;0;0;1.0;1.0;0;0;0;0;0
239401;1.21;0.94;30.0;1432.0;20.25;75.0;15.75;0;13.90;14.58;87.82;52.34;2.31;124673.0;30.0;30.0;58.0;4478.0;969.27;800.77;5.0;1.0;0;1.0;1.0;0;1.0;0;0;1.0;0;0;1.0;1.0;0;0;1.0;0;0
239899;1.23;0.93;26.0;1364.0;20.25;75.0;15.0;0;13.73;14.48;163.05;74.46;2.31;124673.0;26.0;26.0;59.0;4504.0;969.27;175.77;4.0;1.0;0;1.0;0;0;1.0;0;0;1.0;0;0;1.0;1.0;0;0;1.0;0;0
240404;1.26;0.94;23.0;1344.0;20.25;75.0;15.75;0;13.89;14.48;191.15;127.51;2.31;124673.0;24.0;24.0;59.0;4511.0;969.27;19.53;4.0;1.0;0;1.0;1.0;0;1.0;0;0;1.0;0;0;1.0;1.0;0;0;1.0;0;0
240925;1.28;0.96;22.0;1356.0;20.25;75.0;15.0;0;13.71;14.39;236.60;145.55;2.31;124673.0;23.0;23.0;58.0;4521.0;969.27;39.06;4.0;1.0;0;1.0;0;0;1.0;0;0;1.0;0;0;1.0;1.0;0;0;0;0;0
241424;1.32;0.98;21.0;1304.0;21.0;75.0;18.0;0;14.36;14.48;247.69;180.80;2.31;124673.0;21.0;21.0;58.0;4507.0;969.27;39.06;3.0;1.0;0;1.0;1.0;0;1.0;0;0;1.0;0;0;1.0;1.0;0;0;1.0;0;0
241928;1.36;0.99;20.0;1273.0;21.0;75.0;20.25;0;14.68;14.48;239.92;223.55;2.31;124673.0;20.0;20.0;58.0;4511.0;969.27;39.06;3.0;1.0;0;1.0;1.0;0;1.0;0;0;1.0;0;0;1.0;1.0;0;0;1.0;0;0
242449;1.36;1.01;17.0;1332.0;21.0;75.0;15.75;0;13.88;14.48;267.09;224.67;2.31;124673.0;18.0;18.0;58.0;4518.0;969.27;58.59;2.0;1.0;0;1.0;1.0;0;1.0;0;0;1.0;0;0;1.0;1.0;0;0;1.0;0;0
243047;1.47;1.02;15.0;1301.0;21.0;75.0;18.0;0;14.32;14.20;297.42;217.05;2.58;124673.0;14.0;15.0;59.0;4531.0;969.27;644.52;2.0;1.0;0;1.0;1.0;0;1.0;0;0;1.0;0;0;1.0;1.0;0;0;1.0;0;0
243545;1.42;1.01;10.0;1339.0;21.0;75.0;15.75;0;13.85;14.58;257.17;221.72;2.31;124673.0;11.0;11.0;59.0;4501.0;969.27;781.24;0;1.0;0;1.0;0;0;1.0;0;0;1.0;0;0;1.0;1.0;0;0;1.0;0;0
244070;1.38;1.00;8.0;1258.0;21.0;75.0;21.0;0;14.84;14.48;225.66;260.66;2.31;124673.0;9.0;9.0;58.0;4508.0;969.27;624.99;0;1.0;0;1.0;0;0;1.0;0;0;1.0;0;0;1.0;1.0;0;0;1.0;0;0
244592;1.40;0.98;7.0;1316.0;21.0;75.0;17.25;0;14.19;14.58;208.26;266.79;2.31;124673.0;8.0;7.0;59.0;4515.0;969.27;136.71;0;1.0;0;1.0;0;0;1.0;0;0;1.0;0;0;1.0;1.0;0;0;1.0;0;0
245094;1.36;1.00;5.0;1352.0;21.0;75.0;15.0;0;13.73;14.48;224.00;293.51;2.31;124673.0;6.0;6.0;59.0;4492.0;969.27;39.06;0;1.0;0;1.0;0;0;1.0;0;0;1.0;0;0;1.0;1.0;0;0;1.0;0;0
245607;1.35;1.01;3.0;1334.0;21.0;75.0;15.75;0;13.89;14.58;206.15;310.15;2.31;124673.0;3.0;3.0;58.0;4528.0;969.27;58.59;0;1.0;0;1.0;0;0;1.0;0;0;1.0;0;0;1.0;1.0;0;0;1.0;0;0
246163;1.43;1.03;0;1311.0;21.0;75.0;17.25;0;14.16;14.39;222.38;325.15;2.31;124673.0;0;0;58.0;4507.0;969.27;58.59;0;1.0;0;1.0;0;0;1.0;0;0;1.0;0;0;1.0;1.0;0;0;1.0;0;0
246677;1.40;1.04;0;1329.0;21.0;75.0;15.75;0;13.81;14.58;189.18;337.57;2.31;124673.0;0;0;58.0;4509.0;969.27;664.05;0;1.0;0;1.0;0;0;1.0;0;0;1.0;0;0;1.0;1.0;0;0;1.0;0;0
247209;1.36;1.03;0;1359.0;21.0;75.0;14.25;0;13.49;14.48;137.88;274.57;2.31;124673.0;0;0;56.0;4510.0;969.27;820.30;0;1.0;0;1.0;0;0;1.0;0;0;1.0;0;0;1.0;1.0;0;0;1.0;0;0
247765;1.40;1.01;0;1309.0;21.0;75.0;17.25;0;13.94;14.67;105.91;210.94;2.31;124673.0;0;0;56.0;4529.0;969.27;820.30;0;1.0;0;1.0;0;0;1.0;0;0;1.0;0;0;1.0;1.0;0;0;1.0;0;0
248269;1.36;0.99;0;1337.0;21.0;75.0;15.75;0;13.63;14.58;73.19;153.74;2.31;124673.0;0;0;56.0;4510.0;969.27;761.70;0;1.0;0;1.0;0;0;1.0;0;0;1.0;0;0;1.0;1.0;0;0;1.0;0;0
248836;1.28;0.98;0;1314.0;21.0;75.0;17.25;0;13.92;14.58;56.20;112.02;2.31;124673.0;0;0;56.0;4521.0;969.27;800.77;0;1.0;0;1.0;0;0;1.0;0;0;1.0;0;0;1.0;1.0;0;0;1.0;0;0
249327;1.31;0.97;0;1332.0;21.0;75.0;16.5;0;13.25;14.48;40.93;93.84;2.31;124673.0;0;0;56.0;4513.0;969.27;97.65;0;1.0;0;1.0;0;0;1.0;0;0;1.0;0;0;1.0;1.0;0;0;1.0;0;0
249848;1.33;0.99;0;1324.0;21.0;75.0;17.25;0;13.97;14.48;33.65;68.37;2.31;124673.0;0;0;57.0;4506.0;969.27;39.06;0;1.0;0;1.0;0;0;1.0;0;0;1.0;0;0;1.0;1.0;0;0;1.0;0;0
250347;1.36;1.01;0;1325.0;21.0;75.0;16.5;0;13.85;14.48;25.23;53.47;2.31;124673.0;0;0;57.0;4521.0;969.27;97.65;0;1.0;0;1.0;0;0;1.0;0;0;1.0;0;0;1.0;1.0;0;0;1.0;0;0
250976;1.33;1.02;0;1335.0;21.0;75.0;15.75;0;13.69;14.48;19.35;38.94;2.31;124673.0;0;0;57.0;4504.0;969.27;585.93;0;1.0;0;1.0;0;0;1.0;0;0;1.0;0;0;1.0;1.0;0;0;1.0;0;0
251488;1.36;1.01;0;1331.0;21.0;75.0;15.75;0;13.71;14.39;20.23;32.69;2.31;124673.0;0;0;57.0;4507.0;969.27;800.77;0;1.0;0;1.0;0;0;1.0;0;0;1.0;0;0;1.0;1.0;0;0;1.0;0;0
251983;1.41;1.01;0;1338.0;21.0;75.0;15.75;0;13.74;14.39;23.94;25.99;2.31;124673.0;0;0;57.0;4511.0;969.27;19.53;0;1.0;0;1.0;0;0;1.0;0;0;1.0;0;0;1.0;1.0;0;0;1.0;0;0
252504;1.36;1.02;0;1308.0;21.0;75.0;18.0;0;14.19;14.58;21.01;22.02;2.31;124673.0;0;0;58.0;4505.0;969.27;78.12;0;1.0;0;1.0;0;0;1.0;0;0;1.0;0;0;1.0;1.0;0;0;1.0;0;0
253003;1.45;1.04;0;1316.0;21.0;75.0;16.5;0;13.92;14.58;22.01;55.91;2.31;124673.0;0;0;57.0;4500.0;969.27;605.46;0;1.0;0;1.0;0;0;1.0;0;0;1.0;0;0;1.0;1.0;0;0;1.0;0;0
253517;1.36;1.02;0;1337.0;21.0;75.0;15.0;0;13.54;14.39;17.81;58.14;2.31;124673.0;0;0;57.0;4502.0;969.27;839.83;0;1.0;0;1.0;0;0;1.0;0;0;1.0;0;0;1.0;1.0;0;0;1.0;0;0
254022;1.32;1.01;0;1327.0;21.0;75.0;16.5;0;13.82;14.39;13.65;42.34;2.31;124673.0;0;0;56.0;4517.0;969.27;664.05;0;1.0;0;1.0;0;0;1.0;0;0;1.0;0;0;1.0;1.0;0;0;1.0;0;0
254541;1.35;0.99;0;1365.0;21.0;75.0;13.5;0;13.23;14.58;9.90;33.04;2.31;124673.0;0;0;55.0;4508.0;969.27;859.36;0;1.0;0;1.0;0;0;1.0;0;0;1.0;0;0;1.0;1.0;0;0;1.0;0;0
255073;1.25;0.97;0;1343.0;21.0;75.0;15.0;0;13.39;14.48;12.65;47.75;2.31;124673.0;0;0;55.0;4504.0;969.27;742.17;0;1.0;0;1.0;0;0;1.0;0;0;1.0;0;0;1.0;1.0;0;0;1.0;0;0
255665;1.28;0.97;0;1310.0;21.0;75.0;18.0;0;14.01;14.48;18.57;53.08;2.31;124673.0;0;0;56.0;4517.0;969.27;39.06;0;1.0;0;1.0;0;0;1.0;0;0;1.0;0;0;1.0;1.0;0;0;1.0;0;0
256163;1.42;0.99;0;1286.0;21.0;75.0;20.25;0;14.37;14.48;12.79;38.64;2.31;124673.0;0;0;56.0;4517.0;969.27;39.06;0;1.0;0;1.0;0;0;1.0;0;0;1.0;0;0;1.0;1.0;0;0;1.0;0;0
256752;1.34;1.01;0;1297.0;21.0;75.0;19.5;0;14.20;14.11;9.78;28.12;2.58;124673.0;0;0;56.0;4507.0;969.27;58.59;0;1.0;0;1.0;0;0;1.0;0;0;1.0;0;0;1.0;1.0;0;0;1.0;0;0
257254;1.33;1.03;0;1345.0;21.0;75.0;15.0;0;13.45;14.48;6.71;22.57;2.31;124673.0;0;0;56.0;4522.0;969.27;527.33;0;1.0;0;1.0;0;0;1.0;0;0;1.0;0;0;1.0;1.0;0;0;1.0;0;0
257754;1.36;1.01;0;1283.0;21.0;75.0;19.5;0;14.21;14.58;5.11;16.40;2.31;124673.0;0;0;55.0;4509.0;969.27;371.08;0;1.0;0;1.0;1.0;0;1.0;0;0;1.0;0;0;1.0;1.0;0;0;1.0;0;0
258257;1.39;1.02;0;1343.0;21.0;75.0;15.0;0;13.41;14.58;9.27;16.58;2.31;124673.0;0;0;55.0;4503.0;969.30;761.70;0;1.0;0;1.0;1.0;0;1.0;0;0;1.0;0;0;1.0;1.0;0;0;1.0;0;0
258778;1.30;1.01;0;1352.0;21.0;75.0;15.0;0;13.39;14.58;21.42;17.92;2.31;124673.0;0;0;56.0;4510.0;969.30;761.70;1.0;1.0;0;1.0;0;0;1.0;0;0;1.0;0;0;1.0;1.0;0;0;0;0;0
259281;2.68;0.99;0;2356.0;21.0;75.0;23.25;5.88;19.96;14.48;20.91;21.05;2.31;124673.0;0;0;58.0;4563.0;969.46;878.89;1.0;1.0;0;1.0;0;0;1.0;0;0;1.0;0;0;1.0;1.0;0;0;0;0;0
259848;3.63;1.00;0;2145.0;21.0;75.0;19.5;9.41;27.23;14.48;57.43;71.65;2.31;124673.0;0;0;58.0;4557.0;969.50;878.89;1.0;1.0;0;1.0;0;0;1.0;0;0;1.0;0;0;1.0;1.0;0;0;0;0;0
260386;4.70;1.00;15.0;1988.0;21.0;75.0;11.25;14.90;35.30;14.58;64.97;65.21;2.31;124673.0;15.0;15.0;58.0;4462.0;969.42;800.77;1.0;1.0;0;1.0;0;0;1.0;0;0;1.0;0;0;1.0;1.0;0;0;0;0;0
260908;3.86;0.97;22.0;2584.0;21.0;75.0;23.25;16.08;30.82;14.48;80.87;76.61;2.31;124673.0;23.0;23.0;58.0;4406.0;969.46;507.80;1.0;1.0;0;1.0;0;0;1.0;0;0;1.0;0;0;1.0;1.0;0;0;0;0;0
261465;0.36;1.00;27.0;2989.0;21.0;75.0;-30.0;0;0;14.48;121.00;72.82;2.31;124673.0;27.0;28.0;58.0;4689.0;969.54;312.49;0;1.0;0;1.0;0;0;1.0;0;0;1.0;0;0;1.0;1.0;0;0;0;0;0
262006;4.17;1.00;32.0;2528.0;21.0;75.0;22.5;15.68;30.85;14.58;155.30;79.79;2.31;124673.0;32.0;32.0;58.0;4158.0;969.46;839.83;2.0;1.0;0;1.0;0;0;1.0;0;0;1.0;0;0;1.0;1.0;0;0;0;0;0
262507;4.01;0.99;37.0;2983.0;21.0;75.0;24.75;18.04;31.76;14.48;231.39;140.14;2.31;124673.0;37.0;38.0;58.0;4300.0;969.50;136.71;2.0;1.0;0;1.0;0;0;1.0;0;0;1.0;0;0;1.0;1.0;0;0;0;0;0
263013;3.76;0.99;43.0;3375.0;21.0;75.0;29.25;16.08;29.43;14.39;297.85;251.87;2.31;124673.0;42.0;44.0;58.0;4421.0;969.69;761.70;2.0;1.0;0;1.0;0;0;1.0;0;0;1.0;0;0;1.0;1.0;0;0;0;0;0
263534;0.44;1.00;46.0;3156.0;21.0;75.0;-30.0;0;0;14.39;328.24;247.77;2.31;124673.0;46.0;46.0;58.0;4647.0;969.66;839.83;2.0;1.0;0;1.0;0;0;1.0;0;0;1.0;0;0;1.0;1.0;0;0;0;0;0
264033;3.21;1.00;48.0;2955.0;21.0;75.0;27.75;8.62;22.73;14.58;343.55;285.50;2.31;124673.0;48.0;48.0;58.0;4191.0;969.66;878.89;3.0;1.0;0;1.0;0;0;1.0;0;0;1.0;0;0;1.0;1.0;0;0;0;0;0
264551;4.12;0.96;51.0;3191.0;21.0;75.0;28.5;15.68;29.31;14.39;335.09;306.38;2.31;124673.0;51.0;52.0;58.0;4303.0;969.58;800.77;3.0;1.0;0;1.0;0;0;1.0;0;0;1.0;0;0;0;1.0;0;0;0;0;0
265060;0;1.00;56.0;3418.0;21.0;75.0;39.75;0;12.19;14.39;307.16;338.96;2.31;124673.0;56.0;56.0;58.0;4543.0;969.54;449.21;3.0;1.0;0;1.0;0;0;1.0;0;0;1.0;0;0;1.0;1.0;0;0;0;0;0
265618;0.61;1.00;55.0;2848.0;21.0;75.0;-30.0;0;0;14.58;281.93;345.44;2.31;124673.0;55.0;55.0;58.0;4725.0;969.62;0;4.0;1.0;0;1.0;0;0;1.0;0;0;1.0;0;0;1.0;1.0;0;0;0;0;0
266120;0.64;1.00;53.0;2756.0;21.0;75.0;-30.0;0;0;14.58;216.21;328.59;2.31;124673.0;54.0;53.0;58.0;4762.0;969.66;0;4.0;1.0;0;1.0;0;0;1.0;0;0;1.0;0;0;1.0;1.0;0;0;0;0;0
266618;0.67;1.00;51.0;2695.0;21.0;75.0;-30.0;0;0;14.48;207.09;283.34;2.31;124673.0;52.0;52.0;58.0;4804.0;969.69;0;4.0;1.0;0;1.0;0;0;1.0;0;0;1.0;0;0;1.0;1.0;0;0;0;0;0
267125;1.31;1.00;48.0;2541.0;21.0;75.0;3.0;0;8.94;14.39;194.26;317.24;2.31;124673.0;49.0;49.0;58.0;4579.0;969.77;0;4.0;1.0;0;1.0;0;0;1.0;0;0;1.0;0;0;1.0;1.0;0;0;0;0;0
267724;0.92;1.00;43.0;2311.0;21.0;75.0;16.5;0;13.96;14.39;170.92;211.80;2.31;124673.0;44.0;44.0;59.0;4241.0;969.81;39.06;4.0;1.0;0;1.0;0;0;1.0;0;0;1.0;0;0;1.0;1.0;0;0;0;0;0
268256;0.96;1.00;40.0;2120.0;21.0;75.0;15.0;0;13.82;14.39;159.42;221.62;2.31;124673.0;41.0;41.0;59.0;4373.0;969.69;39.06;4.0;1.0;0;1.0;0;0;1.0;0;0;1.0;0;0;1.0;1.0;0;0;0;0;0
268774;1.00;1.00;38.0;2036.0;21.0;75.0;15.0;0;13.86;14.39;205.04;257.21;2.31;124673.0;39.0;39.0;58.0;4461.0;969.81;39.06;4.0;1.0;0;1.0;0;0;1.0;0;0;1.0;0;0;1.0;1.0;0;0;0;0;0
269274;1.00;1.00;37.0;1950.0;21.0;75.0;15.0;0;13.82;14.48;231.23;294.43;2.31;124673.0;38.0;37.0;59.0;4493.0;969.89;58.59;4.0;1.0;0;1.0;0;0;1.0;0;0;1.0;0;0;1.0;1.0;0;0;0;0;0
269797;1.05;1.00;35.0;1872.0;21.0;75.0;15.0;0;13.90;14.48;242.81;296.17;2.31;124673.0;36.0;36.0;59.0;4528.0;969.93;58.59;4.0;1.0;0;1.0;0;0;1.0;0;0;1.0;0;0;1.0;1.0;0;0;0;0;0
270338;1.03;1.00;35.0;1841.0;21.0;75.0;15.75;0;13.90;14.58;228.85;263.38;2.31;124673.0;35.0;35.0;60.0;4517.0;970.09;58.59;4.0;1.0;0;1.0;0;0;1.0;0;0;1.0;0;0;1.0;1.0;0;0;0;0;0
270859;1.13;1.00;33.0;1726.0;21.0;75.0;15.0;0;13.87;14.58;193.19;235.12;2.31;124673.0;33.0;33.0;59.0;4541.0;970.16;136.71;4.0;1.0;0;1.0;0;0;1.0;0;0;1.0;0;0;1.0;1.0;0;0;0;0;0
271367;1.28;1.02;30.0;1590.0;21.0;75.0;15.0;0;13.82;14.39;207.70;234.77;2.31;124673.0;31.0;30.0;59.0;4493.0;970.24;78.12;4.0;1.0;0;1.0;0;0;1.0;0;0;1.0;0;0;1.0;1.0;0;0;0;0;0
271866;1.27;1.02;27.0;1560.0;21.0;75.75;15.0;0;13.78;14.48;217.73;233.52;2.31;124673.0;28.0;28.0;58.0;4473.0;970.32;859.36;4.0;1.0;0;1.0;0;0;1.0;0;0;1.0;0;0;1.0;1.0;0;0;0;0;0
272424;1.36;1.01;26.0;1392.0;21.0;75.75;15.0;0;13.61;14.48;179.50;184.61;2.31;124673.0;26.0;26.0;58.0;4514.0;970.36;859.36;4.0;1.0;0;1.0;1.0;0;1.0;0;0;1.0;0;0;1.0;1.0;0;0;1.0;0;0
272924;1.28;0.99;23.0;1357.0;21.0;75.75;15.0;0;13.59;14.39;138.60;210.22;2.31;124673.0;23.0;24.0;58.0;4511.0;970.32;703.11;4.0;1.0;0;1.0;1.0;0;1.0;0;0;1.0;0;0;1.0;1.0;0;0;1.0;0;0
273446;1.39;0.99;21.0;1258.0;21.0;75.75;20.25;0;14.57;14.58;101.00;206.39;2.31;124673.0;21.0;21.0;57.0;4501.0;970.28;78.12;4.0;1.0;0;1.0;0;0;1.0;0;0;1.0;0;0;1.0;1.0;0;0;0;0;0
273952;1.36;1.01;17.0;1311.0;21.0;75.75;18.0;0;14.28;14.48;85.79;174.63;2.31;124673.0;18.0;18.0;60.0;4513.0;970.36;78.12;3.0;1.0;0;1.0;1.0;0;1.0;0;0;1.0;0;0;1.0;1.0;0;0;1.0;0;0
274496;1.31;1.03;15.0;1377.0;21.0;75.75;15.0;0;13.68;14.58;115.98;193.19;2.31;124673.0;14.0;15.0;58.0;4519.0;970.40;78.12;3.0;1.0;0;1.0;0;0;1.0;0;0;1.0;0;0;1.0;1.0;0;0;0;0;0
275012;1.42;1.04;12.0;1290.0;21.0;75.75;18.0;0;14.31;14.29;149.28;202.83;2.58;124673.0;12.0;12.0;58.0;4512.0;970.40;351.55;2.0;1.0;0;1.0;1.0;0;1.0;0;0;1.0;0;0;1.0;1.0;0;0;1.0;0;0
275511;1.44;1.04;10.0;1325.0;21.0;75.75;15.75;0;13.80;14.29;182.07;219.47;2.58;124673.0;10.0;10.0;57.0;4523.0;970.44;800.77;0;1.0;0;1.0;1.0;0;1.0;0;0;1.0;0;0;1.0;1.0;0;0;1.0;0;0
276032;1.35;1.03;6.0;1320.0;21.0;75.75;16.5;0;13.90;14.48;132.68;174.40;2.31;124673.0;7.0;6.0;57.0;4509.0;970.44;859.36;1.0;1.0;0;1.0;1.0;0;1.0;0;0;1.0;0;0;1.0;1.0;0;0;1.0;0;0
276543;1.32;1.01;3.0;1304.0;21.0;75.75;17.25;0;14.01;14.39;96.69;120.57;2.31;124673.0;4.0;4.0;56.0;4503.0;970.48;722.64;1.0;1.0;0;1.0;1.0;0;1.0;0;0;1.0;0;0;1.0;1.0;0;0;1.0;0;0
277042;1.36;1.00;0;1322.0;21.0;75.75;16.5;0;13.86;14.48;70.46;92.61;2.31;124673.0;0;0;57.0;4525.0;970.48;58.59;1.0;1.0;0;1.0;1.0;0;1.0;0;0;1.0;0;0;1.0;1.0;0;0;1.0;0;0
277551;1.33;1.02;0;1336.0;21.0;75.75;15.0;0;13.57;14.39;54.11;67.49;2.31;124673.0;0;0;57.0;4504.0;970.48;58.59;1.0;1.0;0;1.0;1.0;0;1.0;0;0;1.0;0;0;1.0;1.0;0;0;1.0;0;0
278073;1.40;1.03;0;1321.0;21.0;75.75;16.5;0;13.85;14.39;39.39;51.81;2.31;124673.0;0;0;56.0;4515.0;970.48;78.12;1.0;1.0;0;1.0;0;0;1.0;0;0;1.0;0;0;1.0;1.0;0;0;0;0;0
278676;1.46;1.05;0;1255.0;21.0;75.75;21.0;0;14.57;14.48;30.21;40.87;2.31;124673.0;0;0;56.0;4508.0;970.48;117.18;1.0;1.0;0;1.0;0;0;1.0;0;0;1.0;0;0;1.0;1.0;0;0;0;0;0
279207;1.44;1.07;0;1347.0;21.0;75.75;15.0;0;13.53;14.58;23.76;32.10;2.31;124673.0;0;0;57.0;4506.0;970.48;683.58;1.0;1.0;0;1.0;0;0;1.0;0;0;1.0;0;0;1.0;1.0;0;0;0;0;0
279728;1.50;1.06;0;1283.0;21.0;75.75;19.5;0;14.34;14.39;17.26;24.64;2.31;124673.0;0;0;57.0;4518.0;970.48;878.89;1.0;1.0;0;1.0;0;0;1.0;0;0;1.0;0;0;1.0;1.0;0;0;0;0;0
280235;1.44;1.04;0;1272.0;21.0;75.75;20.25;0;14.53;14.58;12.55;16.97;2.31;124673.0;0;0;58.0;4511.0;970.48;859.36;1.0;1.0;0;1.0;0;0;1.0;0;0;1.0;0;0;1.0;1.0;0;0;0;0;0
280733;1.42;1.03;0;1299.0;21.0;75.75;18.0;0;14.28;14.48;44.80;28.12;2.31;124673.0;0;0;58.0;4509.0;970.48;820.30;1.0;1.0;0;1.0;0;0;1.0;0;0;1.0;0;0;1.0;1.0;0;0;0;0;0
281297;1.40;1.01;0;1262.0;21.0;75.75;21.0;0;14.82;14.58;119.01;69.07;2.31;124673.0;0;0;59.0;4527.0;970.48;292.96;1.0;1.0;0;1.0;1.0;0;1.0;0;0;1.0;0;0;1.0;1.0;0;0;1.0;0;0
281847;1.40;1.03;0;1366.0;21.0;75.75;13.5;0;13.48;14.58;90.46;66.44;2.31;124673.0;0;0;58.0;4506.0;970.48;488.27;1.0;1.0;0;1.0;1.0;0;1.0;0;0;1.0;0;0;1.0;1.0;0;0;1.0;0;0
282357;1.44;1.02;0;1300.0;21.0;75.75;17.25;0;14.13;14.48;81.26;63.58;2.31;124673.0;0;0;57.0;4508.0;970.48;820.30;1.0;1.0;0;1.0;1.0;0;1.0;0;0;1.0;0;0;1.0;1.0;0;0;1.0;0;0
282873;1.30;1.00;0;1330.0;21.0;75.75;15.0;0;13.57;14.67;59.19;51.46;2.31;124673.0;0;0;56.0;4499.0;970.48;371.08;1.0;1.0;0;1.0;1.0;0;1.0;0;0;1.0;0;0;1.0;1.0;0;0;1.0;0;0
283430;1.38;1.01;0;1305.0;21.0;75.75;17.25;0;14.05;14.58;45.46;37.45;2.31;124673.0;0;0;57.0;4511.0;970.48;58.59;1.0;1.0;0;1.0;0;0;1.0;0;0;1.0;0;0;1.0;1.0;0;0;0;0;0
283922;1.44;1.03;0;1309.0;21.0;75.75;17.25;0;14.06;14.29;31.40;27.26;2.58;124673.0;0;0;57.0;4514.0;970.48;78.12;1.0;1.0;0;1.0;0;0;1.0;0;0;1.0;0;0;1.0;1.0;0;0;0;0;0
284443;1.41;1.05;0;1275.0;21.0;76.5;18.0;0;14.19;14.48;26.07;19.84;2.31;124673.0;0;0;56.0;4504.0;970.48;644.52;1.0;1.0;0;1.0;0;0;1.0;0;0;1.0;0;0;1.0;1.0;0;0;0;0;0
284942;1.35;1.03;0;1310.0;21.0;76.5;16.5;0;13.82;14.48;18.96;15.19;2.31;124673.0;0;0;56.0;4514.0;970.48;839.83;1.0;1.0;0;1.0;0;0;1.0;0;0;1.0;0;0;1.0;1.0;0;0;1.0;0;0
285447;1.31;1.02;0;1319.0;21.0;76.5;15.75;0;13.62;14.29;16.87;26.97;2.58;124673.0;0;0;56.0;4514.0;970.48;839.83;1.0;1.0;0;1.0;1.0;0;1.0;0;0;1.0;0;0;1.0;1.0;0;0;1.0;0;0
285968;1.43;1.00;0;1279.0;21.0;76.5;18.0;0;14.10;14.39;12.26;20.68;2.31;124673.0;0;0;56.0;4501.0;970.48;507.80;1.0;1.0;0;1.0;1.0;0;1.0;0;0;1.0;0;0;1.0;1.0;0;0;1.0;0;0
286475;1.32;1.00;0;1286.0;21.0;76.5;18.0;0;14.10;14.39;11.28;15.03;2.31;124673.0;0;0;56.0;4517.0;970.48;58.59;1.0;1.0;0;1.0;1.0;0;1.0;0;0;1.0;0;0;1.0;1.0;0;0;1.0;0;0
286974;1.41;1.01;0;1297.0;21.0;76.5;17.25;0;13.91;14.58;8.18;11.52;2.31;124673.0;0;0;56.0;4505.0;970.48;39.06;1.0;1.0;0;1.0;1.0;0;1.0;0;0;1.0;0;0;1.0;1.0;0;0;1.0;0;0
287495;1.31;1.03;0;1356.0;21.0;76.5;13.5;0;13.19;14.39;6.23;10.70;2.31;124673.0;0;0;56.0;4504.0;970.48;58.59;1.0;1.0;0;1.0;1.0;0;1.0;0;0;1.0;0;0;1.0;1.0;0;0;1.0;0;0
288010;1.35;1.04;0;1324.0;21.0;76.5;15.0;0;13.42;14.58;4.74;7.75;2.31;124673.0;0;0;56.0;4507.0;970.48;78.12;1.0;1.0;0;1.0;1.0;0;1.0;0;0;1.0;0;0;1.0;1.0;0;0;1.0;0;0
288659;1.36;1.05;0;1305.0;21.0;76.5;16.5;0;13.71;14.39;7.69;39.47;2.31;124673.0;0;0;56.0;4520.0;970.48;644.52;1.0;1.0;0;1.0;1.0;0;1.0;0;0;1.0;0;0;1.0;1.0;0;0;1.0;0;0
289194;1.40;1.04;0;1310.0;21.0;76.5;16.5;0;13.72;14.58;7.87;29.23;2.31;124673.0;0;0;55.0;4515.0;970.48;703.11;1.0;1.0;0;1.0;1.0;0;1.0;0;0;1.0;0;0;1.0;1.0;0;0;1.0;0;0
289715;1.37;1.04;0;1353.0;21.0;76.5;13.5;0;13.13;14.58;13.31;36.79;2.31;124673.0;0;0;55.0;4498.0;970.48;839.83;1.0;1.0;0;1.0;1.0;0;1.0;0;0;1.0;0;0;1.0;1.0;0;0;1.0;0;0
290223;1.40;1.02;0;1292.0;21.0;76.5;17.25;0;13.83;14.58;24.78;37.90;2.31;124673.0;0;0;55.0;4504.0;970.48;820.30;1.0;1.0;0;1.0;0;0;1.0;0;0;1.0;0;0;1.0;1.0;0;0;0;0;0
290721;4.32;1.00;0;1915.0;21.0;76.5;13.5;10.98;30.68;14.58;20.68;49.99;2.31;124673.0;0;0;57.0;4584.0;970.48;878.89;1.0;1.0;0;1.0;0;0;1.0;0;0;1.0;0;0;1.0;1.0;0;0;0;0;0
291253;4.39;0.99;0;1899.0;21.0;76.5;12.75;12.55;34.00;14.58;15.40;32.73;2.31;124673.0;0;0;57.0;4523.0;970.48;722.64;1.0;1.0;0;1.0;0;0;1.0;0;0;1.0;0;0;1.0;1.0;0;0;0;0;0
291782;4.11;0.98;17.0;1998.0;21.0;76.5;13.5;12.55;32.92;14.48;11.95;23.22;2.31;124673.0;17.0;18.0;57.0;4470.0;970.48;839.83;1.0;1.0;0;1.0;0;0;1.0;0;0;1.0;0;0;1.0;1.0;0;0;0;0;0
292317;3.36;0.97;23.0;2636.0;21.0;76.5;26.25;12.55;27.93;14.48;7.36;13.65;2.31;124673.0;23.0;24.0;57.0;4432.0;970.48;664.05;1.0;1.0;0;1.0;0;0;1.0;0;0;1.0;0;0;1.0;1.0;0;0;0;0;0
292836;4.27;1.00;30.0;3342.0;21.0;76.5;27.0;19.21;32.44;14.29;4.86;8.30;2.58;124673.0;29.0;30.0;57.0;4592.0;970.48;800.77;1.0;1.0;0;1.0;0;0;1.0;0;0;1.0;0;0;1.0;1.0;0;0;0;0;0
293335;4.30;1.00;32.0;2569.0;21.0;76.5;12.75;13.33;26.57;14.48;4.49;5.80;2.31;124673.0;32.0;33.0;57.0;4216.0;970.48;859.36;2.0;1.0;0;1.0;0;0;1.0;0;0;1.0;0;0;1.0;1.0;0;0;0;0;0
293911;3.52;0.97;36.0;2846.0;21.0;76.5;28.5;12.55;27.41;14.48;2.42;4.68;2.31;124673.0;36.0;36.0;57.0;4246.0;970.48;800.77;2.0;1.0;0;1.0;0;0;1.0;0;0;1.0;0;0;1.0;1.0;0;0;0;0;0
294463;2.93;0.98;40.0;3126.0;21.0;76.5;33.0;9.41;24.00;14.39;0.99;2.03;2.31;124673.0;39.0;40.0;57.0;4433.0;970.48;820.30;2.0;1.0;0;1.0;0;0;1.0;0;0;1.0;0;0;1.0;1.0;0;0;0;0;0
295055;2.39;0.92;42.0;3313.0;21.0;76.5;36.75;7.84;21.75;14.58;0.35;0.93;2.31;124673.0;42.0;43.0;57.0;4486.0;970.48;820.30;2.0;1.0;0;1.0;0;0;1.0;0;0;1.0;0;0;1.0;1.0;0;0;0;0;0
295563;0.33;1.00;43.0;3306.0;21.0;76.5;40.5;0;11.63;14.48;1.83;0.27;2.31;124673.0;44.0;44.0;57.0;4660.0;970.48;117.18;2.0;1.0;0;1.0;0;0;1.0;0;0;1.0;0;0;1.0;1.0;0;0;0;0;0
296085;1.76;1.00;43.0;2696.0;21.0;76.5;30.75;3.13;13.36;14.29;0.95;0.03;2.58;124673.0;44.0;44.0;57.0;4236.0;970.48;878.89;3.0;1.0;0;1.0;0;0;1.0;0;0;1.0;0;0;1.0;1.0;0;0;0;0;0
296688;2.57;0.99;45.0;2734.0;21.0;76.5;30.0;6.27;20.23;14.48;0.41;0;2.31;124673.0;45.0;44.0;57.0;4260.0;970.48;859.36;3.0;1.0;0;1.0;0;0;1.0;0;0;1.0;0;0;1.0;1.0;0;0;0;0;0
297246;2.36;0.95;46.0;2820.0;21.0;76.5;31.5;6.27;20.06;14.39;0.13;1.66;2.31;124673.0;46.0;46.0;57.0;4410.0;970.48;839.83;3.0;1.0;0;1.0;0;0;1.0;0;0;1.0;0;0;1.0;1.0;0;0;0;0;0
297778;2.13;0.91;47.0;2930.0;21.0;76.5;33.0;5.88;19.16;14.39;0;0.68;2.31;124673.0;47.0;48.0;57.0;4516.0;970.40;800.77;3.0;1.0;0;1.0;0;0;1.0;0;0;1.0;0;0;1.0;1.0;0;0;0;0;0
298373;1.56;0.98;47.0;2915.0;21.0;76.5;33.0;3.13;13.20;14.39;0;0.29;2.31;124673.0;48.0;48.0;57.0;4525.0;970.40;859.36;3.0;1.0;0;1.0;0;0;1.0;0;0;1.0;0;0;1.0;1.0;0;0;0;0;0
298932;0.84;0.96;47.0;2851.0;21.0;76.5;32.25;1.17;7.96;14.48;1.01;0;2.31;124673.0;48.0;47.0;57.0;4549.0;970.44;859.36;3.0;1.0;0;1.0;0;0;1.0;0;0;1.0;0;0;1.0;1.0;0;0;0;0;0
299522;0.97;0.95;47.0;2883.0;21.0;76.5;32.25;1.56;8.70;14.39;1.69;2.20;2.31;124673.0;48.0;47.0;57.0;4523.0;970.36;859.36;3.0;1.0;0;1.0;0;0;1.0;0;0;1.0;0;0;1.0;1.0;0;0;0;0;0
300042;0.75;1.00;46.0;2850.0;21.0;76.5;32.25;0;7.59;14.48;4.12;0.89;2.31;124673.0;47.0;47.0;57.0;4526.0;970.40;839.83;3.0;1.0;0;1.0;0;0;1.0;0;0;1.0;0;0;1.0;1.0;0;0;0;0;0
300721;0.78;1.00;45.0;2788.0;21.0;76.5;20.25;0;13.89;14.48;2.10;0.41;2.31;124673.0;46.0;45.0;57.0;4532.0;970.44;39.06;3.0;1.0;0;1.0;0;0;1.0;0;0;1.0;0;0;1.0;1.0;0;0;0;0;0
301231;0.80;1.00;43.0;2671.0;21.0;77.25;18.75;0;13.72;14.48;0.80;0.07;2.31;124673.0;44.0;44.0;57.0;4515.0;970.44;19.53;3.0;1.0;0;1.0;0;0;1.0;0;0;1.0;0;0;1.0;1.0;0;0;0;0;0
301796;0.81;1.00;42.0;2617.0;21.0;77.25;18.75;0;13.72;14.39;0.35;0;2.31;124673.0;43.0;42.0;57.0;4484.0;970.48;58.59;3.0;1.0;0;1.0;0;0;1.0;0;0;1.0;0;0;1.0;1.0;0;0;0;0;0
302294;1.88;0.99;42.0;2646.0;21.0;77.25;11.25;3.92;11.86;14.39;1.48;1.97;2.31;124673.0;43.0;42.0;57.0;4500.0;970.48;859.36;3.0;1.0;0;1.0;0;0;1.0;0;0;1.0;0;0;1.0;1.0;0;0;0;0;0
302813;1.49;0.97;42.0;2653.0;21.0;77.25;17.25;2.74;11.19;14.39;0.74;1.01;2.31;124673.0;43.0;43.0;57.0;4534.0;970.48;878.89;3.0;1.0;0;1.0;0;0;1.0;0;0;1.0;0;0;1.0;1.0;0;0;0;0;0
303309;1.80;0.95;42.0;2605.0;21.0;77.25;24.0;3.92;14.75;14.58;1.89;2.71;2.31;124673.0;43.0;43.0;57.0;4521.0;970.48;859.36;3.0;1.0;0;1.0;0;0;1.0;0;0;1.0;0;0;1.0;1.0;0;0;0;0;0
303831;1.92;0.93;43.0;2701.0;21.0;77.25;29.25;4.31;16.99;14.39;0.99;1.42;2.31;124673.0;43.0;44.0;57.0;4495.0;970.48;800.77;3.0;1.0;0;1.0;0;0;1.0;0;0;1.0;0;0;1.0;1.0;0;0;0;0;0
304337;2.63;0.99;46.0;2832.0;21.0;77.25;31.5;7.05;21.36;14.39;2.69;0.66;2.31;124673.0;46.0;46.0;57.0;4466.0;970.48;859.36;3.0;1.0;0;1.0;0;0;1.0;0;0;1.0;0;0;1.0;1.0;0;0;0;0;0
304989;2.13;1.00;47.0;2914.0;21.0;77.25;33.0;5.49;18.40;14.48;1.34;2.14;2.31;124673.0;47.0;48.0;57.0;4516.0;970.48;859.36;3.0;1.0;0;1.0;0;0;1.0;0;0;1.0;0;0;0;1.0;0;0;0;0;0
305740;2.06;0.96;48.0;3038.0;21.0;77.25;34.5;5.49;17.88;14.48;0.39;0.76;2.31;124673.0;49.0;49.0;57.0;4517.0;970.48;839.83;3.0;1.0;0;1.0;0;0;1.0;0;0;1.0;0;0;1.0;1.0;0;0;0;0;0
306382;1.80;0.91;50.0;3091.0;21.0;77.25;35.25;4.70;16.32;14.48;0.03;0.19;2.31;124673.0;50.0;51.0;57.0;4521.0;970.48;839.83;3.0;1.0;0;1.0;0;0;1.0;0;0;1.0;0;0;1.0;1.0;0;0;0;0;0
306901;1.63;0.88;51.0;3174.0;21.0;78.0;36.75;4.70;15.38;14.48;0;0;2.31;124673.0;52.0;52.0;56.0;4508.0;970.48;800.77;3.0;1.0;0;1.0;0;0;1.0;0;0;1.0;0;0;1.0;1.0;0;0;0;0;0
307424;1.56;0.85;52.0;3216.0;21.0;78.0;36.75;4.31;15.07;14.48;1.56;0;2.31;124673.0;53.0;52.0;56.0;4515.0;970.48;761.70;3.0;1.0;0;1.0;0;0;1.0;0;0;1.0;0;0;1.0;1.0;0;0;0;0;0
308015;1.51;0.82;52.0;3251.0;21.0;78.0;37.5;4.31;15.04;14.48;1.91;0;2.31;124673.0;53.0;53.0;56.0;4515.0;970.48;566.39;3.0;1.0;0;1.0;0;0;1.0;0;0;1.0;0;0;1.0;1.0;0;0;0;0;0
308539;1.19;0.82;53.0;3276.0;21.0;78.0;37.5;3.13;11.88;14.48;2.77;1.01;2.31;124673.0;54.0;53.0;56.0;4527.0;970.48;214.84;3.0;1.0;0;1.0;0;0;1.0;0;0;1.0;0;0;1.0;1.0;0;0;0;0;0
309152;1.50;0.83;53.0;3198.0;21.0;78.0;36.75;3.52;11.29;14.48;1.30;0.37;2.31;124673.0;53.0;53.0;56.0;4529.0;970.48;820.30;3.0;1.0;0;1.0;0;0;1.0;0;0;0;0;0;1.0;1.0;0;0;0;0;0
309671;0.64;1.00;51.0;3113.0;21.0;78.0;-30.0;0;0;14.58;1.69;0.05;2.31;124673.0;51.0;51.0;56.0;4540.0;970.48;0;3.0;1.0;0;1.0;0;0;1.0;0;0;1.0;0;0;1.0;1.0;0;0;0;0;0
310262;0.94;1.00;43.0;2698.0;21.0;78.0;30.0;0.78;7.46;14.48;0.76;0;2.31;124673.0;43.0;44.0;56.0;4251.0;970.48;39.06;3.0;1.0;0;1.0;0;0;1.0;0;0;1.0;0;0;1.0;1.0;0;0;0;0;0
310771;1.32;1.00;33.0;2072.0;21.0;78.0;18.75;1.17;10.50;14.48;4.12;0;2.31;124673.0;33.0;33.0;56.0;4330.0;970.48;800.77;3.0;1.0;0;1.0;0;0;1.0;0;0;1.0;0;0;1.0;1.0;0;0;0;0;0
311292;1.60;1.00;26.0;1655.0;21.0;78.0;13.5;1.56;12.33;14.39;4.53;0;2.31;124673.0;26.0;26.0;56.0;4407.0;970.48;39.06;3.0;1.0;0;1.0;0;0;1.0;0;0;1.0;0;0;1.0;1.0;0;0;1.0;0;0
311884;1.28;1.00;20.0;1450.0;21.0;78.0;15.75;0;13.61;14.39;3.06;2.20;2.31;124673.0;19.0;20.0;56.0;4478.0;970.48;78.12;3.0;1.0;0;1.0;1.0;0;1.0;0;0;1.0;0;0;1.0;1.0;0;0;1.0;0;0
312387;1.40;1.00;13.0;1381.0;21.0;78.0;15.75;0;13.60;14.39;2.05;1.46;2.31;124673.0;13.0;13.0;56.0;4504.0;970.48;859.36;2.0;1.0;0;1.0;1.0;0;1.0;0;0;1.0;0;0;1.0;1.0;0;0;1.0;0;0
312909;1.30;0.98;10.0;1346.0;21.0;78.0;15.0;0;13.35;14.39;10.35;17.03;2.31;124673.0;10.0;10.0;56.0;4508.0;970.48;839.83;0;1.0;0;1.0;1.0;0;1.0;0;0;1.0;0;0;1.0;1.0;0;0;1.0;0;0
313457;1.30;0.97;7.0;1318.0;21.0;78.0;14.25;0;13.31;14.48;10.11;14.68;2.31;124673.0;8.0;7.0;55.0;4505.0;970.48;781.24;1.0;1.0;0;1.0;1.0;0;1.0;0;0;1.0;0;0;1.0;1.0;0;0;1.0;0;0
313979;1.30;0.95;5.0;1288.0;21.0;78.75;16.5;0;13.64;14.58;21.65;21.97;2.31;124673.0;5.0;5.0;54.0;4511.0;970.48;507.80;1.0;1.0;0;1.0;1.0;0;1.0;0;0;1.0;0;0;1.0;1.0;0;0;1.0;0;0
314574;1.44;0.96;0;1259.0;21.0;78.75;18.0;0;13.91;14.39;50.48;27.40;2.31;124673.0;0;0;53.0;4521.0;970.48;19.53;1.0;1.0;0;1.0;1.0;0;1.0;0;0;1.0;0;0;1.0;1.0;0;0;1.0;0;0
315072;1.28;0.98;0;1320.0;21.0;78.75;14.25;0;13.15;14.39;71.14;28.65;2.31;124673.0;0;0;54.0;4518.0;970.48;39.06;1.0;1.0;0;1.0;1.0;0;1.0;0;0;1.0;0;0;0;1.0;0;0;1.0;0;0
315595;1.40;0.99;0;1292.0;21.0;78.75;15.75;0;13.35;14.48;62.67;76.16;2.31;124673.0;0;0;53.0;4513.0;970.48;78.12;1.0;1.0;0;1.0;1.0;0;1.0;0;0;1.0;0;0;1.0;1.0;0;0;1.0;0;0
316100;1.24;1.01;0;1347.0;21.0;78.75;12.75;0;12.80;14.58;52.88;59.37;2.31;124673.0;0;0;53.0;4500.0;970.48;39.06;1.0;1.0;0;1.0;1.0;0;1.0;0;0;1.0;0;0;1.0;1.0;0;0;1.0;0;0
316599;1.26;1.02;0;1298.0;21.0;78.75;15.75;0;13.32;14.39;38.51;49.09;2.31;124673.0;0;0;52.0;4508.0;970.52;58.59;0;1.0;0;1.0;1.0;0;1.0;0;0;1.0;0;0;1.0;1.0;0;0;1.0;0;0
317111;1.32;1.04;0;1309.0;21.0;78.75;15.0;0;13.19;14.29;36.46;38.08;2.58;124673.0;0;0;54.0;4535.0;970.52;58.59;0;1.0;0;1.0;0;0;1.0;0;0;1.0;0;0;1.0;1.0;0;0;1.0;0;0
317632;1.40;1.05;0;1312.0;21.0;78.75;15.0;0;13.19;14.58;64.97;37.24;2.31;124673.0;0;0;53.0;4508.0;970.67;117.18;0;1.0;0;1.0;0;0;1.0;0;0;1.0;0;0;1.0;1.0;0;0;1.0;0;0
318131;1.33;1.07;0;1359.0;21.0;78.75;12.0;0;12.65;14.58;54.00;30.91;2.31;124673.0;0;0;53.0;4514.0;970.63;97.65;0;1.0;0;1.0;0;0;1.0;0;0;1.0;0;0;1.0;1.0;0;0;1.0;0;0
318636;1.41;1.07;0;1350.0;21.0;78.75;12.0;0;12.63;14.39;45.25;22.47;2.31;124673.0;0;0;53.0;4514.0;970.75;800.77;0;1.0;0;1.0;0;0;1.0;0;0;1.0;0;0;1.0;1.0;0;0;1.0;0;0
319157;1.34;1.05;0;1293.0;21.0;78.75;15.75;0;13.29;14.48;32.94;17.22;2.31;124673.0;0;0;53.0;4518.0;970.83;800.77;0;1.0;0;1.0;0;0;1.0;0;0;1.0;0;0;1.0;1.0;0;0;1.0;0;0
319667;1.43;1.05;0;1281.0;21.0;78.75;16.5;0;13.49;14.39;27.49;12.51;2.31;124673.0;0;0;52.0;4506.0;970.94;97.65;0;1.0;0;1.0;0;0;1.0;0;0;1.0;0;0;1.0;1.0;0;0;1.0;0;0
320166;1.34;1.06;0;1323.0;21.0;78.75;14.25;0;13.07;14.48;19.99;9.56;2.31;124673.0;0;0;53.0;4514.0;970.98;234.37;0;1.0;0;1.0;0;0;1.0;0;0;1.0;0;0;1.0;1.0;0;0;1.0;0;0
320687;1.42;1.06;0;1285.0;21.0;78.75;16.5;0;13.42;14.48;15.33;7.30;2.31;124673.0;0;0;52.0;4514.0;970.91;800.77;0;1.0;0;1.0;0;0;1.0;0;0;1.0;0;0;1.0;1.0;0;0;1.0;0;0
321197;1.37;1.05;0;1262.0;21.0;78.75;18.0;0;13.69;14.29;12.92;4.98;2.58;124673.0;0;0;52.0;4505.0;970.98;800.77;0;1.0;0;1.0;0;0;1.0;0;0;1.0;0;0;1.0;1.0;0;0;1.0;0;0
321695;1.39;1.03;0;1238.0;21.0;78.75;19.5;0;13.83;14.29;11.60;3.76;2.58;124673.0;0;0;52.0;4522.0;970.91;781.24;0;1.0;0;1.0;0;0;1.0;0;0;1.0;0;0;1.0;1.0;0;0;1.0;0;0
322225;1.41;1.03;0;1209.0;21.0;78.75;22.5;0;14.29;14.58;8.88;2.71;2.31;124673.0;0;0;52.0;4515.0;970.94;78.12;0;1.0;0;1.0;0;0;1.0;0;0;1.0;0;0;1.0;1.0;0;0;1.0;0;0
322782;1.39;1.05;0;1304.0;21.0;78.75;15.0;0;13.09;14.58;6.44;4.37;2.31;124673.0;0;0;52.0;4516.0;971.10;78.12;0;1.0;0;1.0;0;0;1.0;0;0;1.0;0;0;1.0;1.0;0;0;1.0;0;0
323372;1.44;1.06;0;1283.0;21.0;78.75;16.5;0;13.45;14.58;4.64;3.14;2.31;124673.0;0;0;52.0;4507.0;971.18;624.99;0;1.0;0;1.0;0;0;1.0;0;0;1.0;0;0;1.0;1.0;0;0;1.0;0;0
323872;1.32;1.05;0;1278.0;21.0;79.5;15.75;0;13.22;14.39;3.53;4.58;2.31;124673.0;0;0;52.0;4510.0;971.14;820.30;0;1.0;0;1.0;0;0;1.0;0;0;1.0;0;0;1.0;1.0;0;0;1.0;0;0
324385;1.37;1.03;0;1230.0;21.0;79.5;19.5;0;13.84;14.58;8.12;5.81;2.31;124673.0;0;0;51.0;4506.0;971.14;781.24;0;1.0;0;1.0;0;0;1.0;0;0;1.0;0;0;1.0;1.0;0;0;1.0;0;0
324931;1.33;1.02;0;1290.0;21.0;79.5;15.0;0;13.06;14.48;11.91;72.06;2.31;124673.0;0;0;51.0;4534.0;971.34;703.11;0;1.0;0;1.0;0;0;1.0;0;0;1.0;0;0;1.0;1.0;0;0;1.0;0;0
325430;1.35;1.01;0;1287.0;21.0;79.5;15.75;0;13.22;14.58;11.11;80.20;2.31;124673.0;0;0;52.0;4508.0;971.34;97.65;0;1.0;0;1.0;0;0;1.0;0;0;1.0;0;0;1.0;1.0;0;0;1.0;0;0
325936;1.32;1.02;0;1249.0;21.0;79.5;18.0;0;13.71;14.58;10.27;69.81;2.31;124673.0;0;0;52.0;4507.0;971.22;761.70;0;1.0;0;1.0;0;0;1.0;0;0;1.0;0;0;1.0;1.0;0;0;1.0;0;0
326501;1.28;1.00;0;1280.0;21.0;79.5;15.75;0;13.11;14.48;10.21;50.85;2.31;124673.0;0;0;52.0;4508.0;971.30;507.80;0;1.0;0;1.0;0;0;1.0;0;0;1.0;0;0;1.0;1.0;0;0;1.0;0;0
327020;1.40;1.01;0;1255.0;21.0;79.5;18.0;0;13.74;14.48;7.40;37.02;2.31;124673.0;0;0;52.0;4515.0;971.30;39.06;0;1.0;0;1.0;0;0;1.0;0;0;1.0;0;0;1.0;1.0;0;0;1.0;0;0
327529;1.35;1.02;0;1280.0;21.0;79.5;16.5;0;13.43;14.58;5.35;30.40;2.31;124673.0;0;0;52.0;4507.0;971.14;39.06;0;1.0;0;1.0;1.0;0;1.0;0;0;1.0;0;0;1.0;1.0;0;0;1.0;0;0
328024;1.32;1.04;0;1304.0;21.0;79.5;14.25;0;13.09;14.48;6.28;22.12;2.31;124673.0;0;0;52.0;4512.0;971.10;292.96;0;1.0;0;1.0;1.0;0;1.0;0;0;1.0;0;0;1.0;1.0;0;0;1.0;0;0
328551;1.40;1.05;0;1297.0;21.0;79.5;14.25;0;13.07;14.48;4.53;16.95;2.31;124673.0;0;0;51.0;4526.0;971.22;781.24;0;1.0;0;1.0;1.0;0;1.0;0;0;1.0;0;0;1.0;1.0;0;0;1.0;0;0
329095;1.36;1.03;0;1310.0;21.0;79.5;13.5;0;12.90;14.48;5.35;15.70;2.31;124673.0;0;0;52.0;4521.0;971.14;800.77;0;1.0;0;1.0;1.0;0;1.0;0;0;1.0;0;0;1.0;1.0;0;0;1.0;0;0
329612;1.32;1.01;0;1258.0;21.0;79.5;17.25;0;13.59;14.58;8.30;26.71;2.31;124673.0;0;0;51.0;4522.0;971.10;624.99;0;1.0;0;1.0;1.0;0;1.0;0;0;1.0;0;0;1.0;1.0;0;0;1.0;0;0
330120;1.36;1.02;0;1308.0;21.0;79.5;13.5;0;12.88;14.67;18.06;51.69;2.31;124673.0;0;0;52.0;4510.0;971.14;78.12;0;1.0;0;1.0;1.0;0;1.0;0;0;1.0;0;0;1.0;1.0;0;0;1.0;0;0
330621;1.34;1.03;0;1249.0;21.0;79.5;18.0;0;13.73;14.58;13.84;43.20;2.31;124673.0;0;0;52.0;4505.0;971.18;449.21;0;1.0;0;1.0;1.0;0;1.0;0;0;1.0;0;0;1.0;1.0;0;0;1.0;0;0
331149;1.42;1.05;0;1277.0;21.0;79.5;16.5;0;13.43;14.48;10.60;31.44;2.31;124673.0;0;0;52.0;4516.0;971.06;605.46;1.0;1.0;0;1.0;1.0;0;1.0;0;0;1.0;0;0;1.0;1.0;0;0;1.0;0;0
331644;1.32;1.03;0;1309.0;21.0;79.5;14.25;0;13.06;14.48;7.67;24.11;2.31;124673.0;0;0;52.0;4517.0;971.18;722.64;1.0;1.0;0;1.0;1.0;0;1.0;0;0;1.0;0;0;1.0;1.0;0;0;1.0;0;0
332201;1.32;1.02;0;1269.0;21.0;79.5;16.5;0;13.45;14.58;12.38;25.40;2.31;124673.0;0;0;52.0;4512.0;971.14;761.70;1.0;1.0;0;1.0;1.0;0;1.0;0;0;1.0;0;0;1.0;1.0;0;0;1.0;0;0
332714;1.29;1.00;0;1262.0;21.0;79.5;17.25;0;13.60;14.58;8.98;17.51;2.31;124673.0;0;0;52.0;4500.0;971.18;683.58;1.0;1.0;0;1.0;0;0;1.0;0;0;1.0;0;0;1.0;1.0;0;0;0;0;0
333234;1.40;0.99;0;1258.0;21.0;79.5;18.0;0;13.79;14.48;6.48;15.74;2.31;124673.0;0;0;54.0;4506.0;971.30;78.12;1.0;1.0;0;1.0;0;0;1.0;0;0;1.0;0;0;1.0;1.0;0;0;0;0;0
333779;1.36;1.01;0;1224.0;21.0;79.5;21.0;0;14.31;14.58;13.74;14.25;2.31;124673.0;0;0;53.0;4528.0;971.26;19.53;1.0;1.0;0;1.0;0;0;1.0;0;0;1.0;0;0;1.0;1.0;0;0;0;0;0
334283;2.99;1.00;0;1556.0;21.0;79.5;12.75;3.92;19.20;14.39;30.66;35.23;2.31;124673.0;0;0;56.0;4563.0;971.34;898.42;1.0;1.0;0;1.0;0;0;1.0;0;0;1.0;0;0;1.0;1.0;0;0;0;0;0
334804;3.34;0.99;0;2008.0;21.0;79.5;18.0;7.45;24.82;14.58;123.72;101.79;2.31;124673.0;0;0;55.0;4554.0;971.45;859.36;1.0;1.0;0;1.0;0;0;1.0;0;0;1.0;0;0;1.0;1.0;0;0;0;0;0
335300;4.04;0.99;10.0;1849.0;21.0;79.5;12.0;10.98;31.97;14.39;122.82;192.42;2.31;124673.0;10.0;11.0;55.0;4487.0;971.34;683.58;1.0;1.0;0;1.0;0;0;1.0;0;0;1.0;0;0;1.0;1.0;0;0;0;0;0
335826;4.13;0.99;17.0;2007.0;21.0;79.5;14.25;12.55;32.79;14.58;160.59;232.09;2.31;124673.0;18.0;18.0;55.0;4446.0;971.26;859.36;1.0;1.0;0;1.0;0;0;1.0;0;0;1.0;0;0;1.0;1.0;0;0;0;0;0
336369;3.73;0.98;25.0;2799.0;21.0;79.5;26.25;15.29;29.71;14.39;169.59;251.87;2.31;124673.0;25.0;25.0;55.0;4455.0;971.18;351.55;1.0;1.0;0;1.0;0;0;1.0;0;0;1.0;0;0;1.0;1.0;0;0;0;0;0
336890;0.11;1.00;31.0;3463.0;21.0;79.5;41.25;0;10.30;14.39;211.99;293.65;2.31;124673.0;30.0;31.0;55.0;4690.0;971.18;58.59;1.0;1.0;0;1.0;0;0;1.0;0;0;1.0;0;0;1.0;1.0;0;0;0;0;0
337390;3.24;1.00;33.0;2677.0;21.0;79.5;20.25;10.19;24.11;14.48;227.87;312.71;2.31;124673.0;34.0;34.0;55.0;4213.0;971.10;839.83;2.0;1.0;0;1.0;0;0;1.0;0;0;1.0;0;0;1.0;1.0;0;0;0;0;0
337952;3.06;0.96;38.0;3010.0;21.0;79.5;32.25;10.19;24.92;14.48;234.49;329.92;2.31;124673.0;38.0;39.0;55.0;4302.0;970.94;800.77;2.0;1.0;0;1.0;0;0;1.0;0;0;1.0;0;0;1.0;1.0;0;0;0;0;0
338473;2.76;0.90;42.0;3297.0;21.0;79.5;34.5;10.19;24.21;14.48;296.25;344.97;2.31;124673.0;42.0;43.0;55.0;4433.0;971.02;566.39;2.0;1.0;0;1.0;1.0;0;1.0;0;0;1.0;0;0;1.0;1.0;0;0;0;0;0
338986;2.31;1.00;43.0;2306.0;21.0;79.5;21.75;2.74;13.85;14.58;331.20;354.27;2.31;124673.0;44.0;44.0;55.0;4449.0;971.14;39.06;3.0;1.0;0;1.0;0;0;1.0;0;0;1.0;0;0;1.0;1.0;0;0;0;0;0
339578;1.75;1.00;45.0;2759.0;21.0;79.5;30.75;3.52;13.95;14.48;341.54;351.12;2.31;124673.0;45.0;45.0;55.0;4239.0;971.02;859.36;3.0;1.0;0;1.0;0;0;1.0;0;0;1.0;0;0;1.0;1.0;0;0;0;0;0
340240;1.66;0.98;46.0;2845.0;21.0;79.5;31.5;3.52;13.60;14.48;347.94;348.37;2.31;124673.0;46.0;47.0;55.0;4367.0;971.10;878.89;3.0;1.0;0;1.0;0;0;1.0;0;0;1.0;0;0;1.0;1.0;0;0;0;0;0
340835;1.54;0.96;47.0;2945.0;21.0;79.5;33.0;3.52;13.21;14.58;348.66;339.58;2.31;124673.0;48.0;48.0;55.0;4487.0;971.18;839.83;3.0;1.0;0;1.0;0;0;1.0;0;0;1.0;0;0;1.0;1.0;0;0;0;0;0
341338;1.48;0.93;48.0;3011.0;21.0;79.5;34.5;3.52;13.11;14.48;309.49;323.16;2.31;124673.0;49.0;49.0;55.0;4500.0;971.30;839.83;3.0;1.0;0;1.0;0;0;1.0;0;0;1.0;0;0;1.0;1.0;0;0;0;0;0
341854;1.53;0.91;50.0;3090.0;21.0;79.5;35.25;3.92;13.78;14.58;262.38;323.06;2.31;124673.0;50.0;51.0;55.0;4505.0;971.34;820.30;3.0;1.0;0;1.0;0;0;1.0;0;0;1.0;0;0;1.0;1.0;0;0;0;0;0
342353;1.74;0.89;51.0;3108.0;21.0;79.5;36.0;4.70;16.06;14.48;269.06;255.58;2.31;124673.0;50.0;51.0;55.0;4506.0;971.30;839.83;3.0;1.0;0;1.0;0;0;1.0;0;0;1.0;0;0;1.0;1.0;0;0;0;0;0
342862;1.86;0.86;51.0;3158.0;21.0;79.5;36.0;5.49;17.78;14.48;252.40;229.77;2.31;124673.0;51.0;52.0;55.0;4503.0;971.34;800.77;3.0;1.0;0;1.0;0;0;1.0;0;0;1.0;0;0;1.0;1.0;0;0;0;0;0
343383;2.08;0.82;53.0;3279.0;21.0;79.5;37.5;7.05;20.50;14.48;226.86;194.06;2.31;124673.0;53.0;54.0;55.0;4499.0;971.49;371.08;3.0;1.0;0;1.0;0;0;1.0;0;0;1.0;0;0;1.0;1.0;0;0;0;0;0
343911;2.06;0.85;56.0;3405.0;21.0;79.5;38.25;6.66;19.88;14.48;299.18;233.83;2.31;124673.0;55.0;56.0;55.0;4509.0;971.57;97.65;3.0;1.0;0;1.0;0;0;1.0;0;0;1.0;0;0;1.0;1.0;0;0;0;0;0
344423;0;1.00;57.0;3558.0;21.0;79.5;40.5;0;8.15;14.48;330.58;227.19;2.31;124673.0;58.0;58.0;55.0;4603.0;971.61;761.70;3.0;1.0;0;1.0;0;0;1.0;0;0;0;0;0;1.0;1.0;0;0;0;0;0
344944;0.68;1.00;57.0;2977.0;21.0;79.5;12.0;0;10.42;14.58;310.37;278.04;2.31;124673.0;58.0;57.0;55.0;4474.0;971.65;0;4.0;1.0;0;1.0;0;0;1.0;0;0;0;0;0;1.0;1.0;0;0;0;0;0
345448;0.72;1.00;57.0;2932.0;21.0;80.25;20.25;0;13.33;14.39;344.33;300.25;2.31;124673.0;57.0;57.0;55.0;4224.0;971.65;19.53;4.0;1.0;0;1.0;0;0;1.0;0;0;1.0;0;0;1.0;1.0;0;0;0;0;0
345946;0.73;1.00;56.0;2910.0;21.0;80.25;20.25;0;13.37;14.58;303.92;307.49;2.31;124673.0;56.0;56.0;55.0;4327.0;971.69;19.53;4.0;1.0;0;1.0;0;0;1.0;0;0;1.0;0;0;1.0;1.0;0;0;0;0;0
346473;0.72;1.00;56.0;2882.0;21.0;80.25;19.5;0;13.37;14.48;326.44;323.59;2.31;124673.0;56.0;55.0;55.0;4449.0;971.69;39.06;4.0;1.0;0;1.0;0;0;1.0;0;0;1.0;0;0;1.0;1.0;0;0;0;0;0
347016;0.72;1.00;55.0;2856.0;21.0;80.25;19.5;0;13.37;14.58;327.10;289.25;2.31;124673.0;55.0;55.0;55.0;4507.0;971.69;39.06;4.0;1.0;0;1.0;0;0;1.0;0;0;1.0;0;0;1.0;1.0;0;0;0;0;0
347538;0.73;1.00;53.0;2828.0;21.0;80.25;19.5;0;13.39;14.58;307.83;308.63;2.31;124673.0;54.0;54.0;55.0;4510.0;971.73;39.06;4.0;1.0;0;1.0;0;0;1.0;0;0;1.0;0;0;1.0;1.0;0;0;0;0;0
348045;0.74;1.00;53.0;2773.0;21.0;80.25;18.75;0;13.39;14.48;317.47;318.84;2.31;124673.0;54.0;53.0;55.0;4514.0;971.73;39.06;4.0;1.0;0;1.0;0;0;1.0;0;0;1.0;0;0;1.0;1.0;0;0;0;0;0
348604;0.74;1.00;52.0;2726.0;21.0;80.25;18.75;0;13.28;14.48;326.17;328.74;2.31;124673.0;53.0;52.0;55.0;4526.0;971.73;39.06;4.0;1.0;0;1.0;0;0;1.0;0;0;1.0;0;0;1.0;1.0;0;0;0;0;0
349102;0.79;1.00;51.0;2669.0;21.0;80.25;18.0;0;13.36;14.39;226.46;270.60;2.31;124673.0;52.0;51.0;55.0;4507.0;971.73;58.59;4.0;1.0;0;1.0;0;0;1.0;0;0;1.0;0;0;1.0;1.0;0;0;0;0;0
349625;0.79;1.00;51.0;2641.0;21.0;80.25;18.0;0;13.37;14.48;182.41;318.18;2.31;124673.0;51.0;51.0;55.0;4523.0;971.73;58.59;4.0;1.0;0;1.0;0;0;1.0;0;0;1.0;0;0;1.0;1.0;0;0;0;0;0
350123;0.89;1.01;50.0;2629.0;21.0;80.25;27.75;0.39;7.80;14.48;232.66;333.20;2.31;124673.0;50.0;50.0;55.0;4513.0;971.73;781.24;4.0;1.0;0;1.0;0;0;1.0;0;0;1.0;0;0;1.0;1.0;0;0;0;0;0
350634;0.90;1.00;50.0;2601.0;21.0;80.25;27.0;0.39;7.96;14.48;277.87;345.09;2.31;124673.0;50.0;50.0;55.0;4516.0;971.80;859.36;4.0;1.0;0;1.0;0;0;1.0;0;0;1.0;0;0;1.0;1.0;0;0;0;0;0
351157;0.88;1.00;48.0;2553.0;21.0;80.25;17.25;0;13.47;14.48;288.77;344.93;2.31;124673.0;49.0;49.0;55.0;4486.0;971.84;585.93;4.0;1.0;0;1.0;0;0;1.0;0;0;1.0;0;0;1.0;1.0;0;0;0;0;0
351663;0.44;1.00;48.0;3271.0;21.0;80.25;40.5;0;13.53;14.58;326.95;312.96;2.31;124673.0;49.0;49.0;55.0;4601.0;971.92;917.95;4.0;1.0;0;1.0;0;0;1.0;0;0;1.0;0;0;1.0;1.0;0;0;0;0;0
352228;0.63;1.00;47.0;2888.0;21.0;80.25;-30.0;0;0;14.58;344.99;337.69;2.31;124673.0;48.0;47.0;55.0;4695.0;971.92;19.53;3.0;1.0;0;1.0;0;0;1.0;0;0;1.0;0;0;1.0;1.0;0;0;0;0;0
352726;0.66;1.00;43.0;2676.0;21.0;80.25;-30.0;0;0;14.48;334.23;344.64;2.31;124673.0;44.0;44.0;55.0;4796.0;972.08;19.53;3.0;1.0;0;1.0;0;0;1.0;0;0;1.0;0;0;1.0;1.0;0;0;0;0;0
353256;1.00;1.00;40.0;2459.0;21.0;80.25;3.0;0;10.56;14.48;335.31;314.08;2.31;124673.0;40.0;40.0;70.0;4437.0;972.16;19.53;3.0;1.0;0;1.0;0;0;1.0;0;0;1.0;0;0;1.0;1.0;0;0;0;0;0
353791;0.86;1.00;37.0;2321.0;21.0;80.25;15.75;0;13.35;14.58;187.78;236.72;2.31;124673.0;38.0;38.0;55.0;4265.0;972.35;58.59;3.0;1.0;0;1.0;0;0;1.0;0;0;1.0;0;0;1.0;1.0;0;0;0;0;0
354352;0.84;1.00;37.0;2291.0;21.0;80.25;16.5;0;13.36;14.58;171.47;207.91;2.31;124673.0;37.0;37.0;55.0;4396.0;972.47;58.59;3.0;1.0;0;1.0;0;0;1.0;0;0;1.0;0;0;1.0;1.0;0;0;0;0;0
354873;3.37;1.00;36.0;2429.0;21.0;80.25;-0.75;7.45;14.85;14.48;136.71;157.29;2.31;124673.0;36.0;36.0;55.0;4499.0;972.62;937.48;3.0;1.0;0;1.0;0;0;1.0;0;0;1.0;0;0;1.0;1.0;0;0;0;0;0
355372;3.88;1.00;38.0;2428.0;21.0;80.25;19.5;12.55;28.40;14.48;134.95;195.88;2.31;124673.0;38.0;39.0;55.0;4371.0;972.74;898.42;3.0;1.0;0;1.0;0;0;1.0;0;0;1.0;0;0;0;1.0;0;0;0;0;0
355883;3.55;0.96;42.0;2620.0;21.0;80.25;26.25;13.72;28.97;14.48;218.48;265.31;2.31;124673.0;41.0;43.0;55.0;4471.0;972.82;703.11;3.0;1.0;0;1.0;0;0;1.0;0;0;1.0;0;0;1.0;1.0;0;0;0;0;0
356404;2.59;0.99;43.0;2695.0;21.0;80.25;29.25;7.45;22.41;14.39;260.82;306.17;2.31;124673.0;43.0;44.0;55.0;4541.0;972.86;859.36;3.0;1.0;0;1.0;0;0;1.0;0;0;1.0;0;0;1.0;1.0;0;0;0;0;0
356910;1.61;1.00;45.0;2745.0;21.0;80.25;30.0;3.52;14.55;14.48;311.97;327.71;2.31;124673.0;44.0;45.0;55.0;4565.0;972.90;878.89;3.0;1.0;0;1.0;0;0;1.0;0;0;1.0;0;0;1.0;1.0;0;0;0;0;0
357409;0.96;0.99;43.0;2545.0;21.0;80.25;24.75;0.39;13.13;14.58;329.11;338.00;2.31;124673.0;44.0;43.0;55.0;4583.0;972.90;878.89;3.0;1.0;0;1.0;0;0;1.0;0;0;1.0;0;0;1.0;1.0;0;0;0;0;0
357933;1.76;0.99;42.0;2689.0;21.0;80.25;28.5;3.52;13.48;14.48;339.66;346.55;2.31;124673.0;43.0;42.0;55.0;4480.0;972.94;878.89;3.0;1.0;0;1.0;0;0;1.0;0;0;1.0;0;0;1.0;1.0;0;0;0;0;0
358430;1.90;0.97;42.0;2631.0;21.0;80.25;27.75;4.31;15.93;14.58;341.24;349.09;2.31;124673.0;42.0;43.0;55.0;4494.0;972.94;859.36;3.0;1.0;0;1.0;0;0;1.0;0;0;1.0;0;0;1.0;1.0;0;0;0;0;0
358954;2.00;0.94;42.0;2642.0;21.0;80.25;27.75;4.70;17.34;14.39;343.22;328.86;2.31;124673.0;43.0;43.0;55.0;4500.0;972.98;859.36;3.0;1.0;0;1.0;0;0;1.0;0;0;1.0;0;0;1.0;1.0;0;0;0;0;0
359468;3.56;1.00;46.0;2816.0;21.0;80.25;28.5;11.37;26.65;14.39;309.10;345.42;2.31;124673.0;45.0;46.0;55.0;4452.0;972.98;878.89;3.0;1.0;0;1.0;0;0;1.0;0;0;1.0;0;0;1.0;1.0;0;0;0;0;0
360024;3.64;0.98;50.0;3095.0;21.0;80.25;29.25;14.90;29.08;14.48;221.91;222.64;2.31;124673.0;48.0;51.0;55.0;4517.0;972.98;761.70;3.0;1.0;0;1.0;0;0;1.0;0;0;0;0;0;1.0;1.0;0;0;0;0;0
360523;3.37;1.00;52.0;2831.0;21.0;80.25;12.75;7.84;19.21;14.48;208.67;166.37;2.31;124673.0;52.0;53.0;55.0;4323.0;972.98;839.83;4.0;1.0;0;1.0;0;0;1.0;0;0;1.0;0;0;1.0;1.0;0;0;0;0;0
361089;2.99;0.98;56.0;2926.0;21.0;80.25;29.25;8.62;23.34;14.48;159.65;170.94;2.31;124673.0;54.0;56.0;55.0;4244.0;972.98;859.36;4.0;1.0;0;1.0;0;0;1.0;0;0;1.0;0;0;1.0;1.0;0;0;0;0;0
361588;2.69;0.93;58.0;3079.0;21.0;80.25;33.75;8.62;23.66;14.48;266.23;223.42;2.31;124673.0;58.0;59.0;55.0;4384.0;972.98;820.30;4.0;1.0;0;1.0;0;0;1.0;0;0;0;0;0;1.0;1.0;0;0;0;0;0
362121;0.36;1.00;60.0;2979.0;21.0;80.25;28.5;0;13.52;14.48;312.42;245.66;2.31;124673.0;59.0;60.0;55.0;4610.0;972.98;664.05;4.0;1.0;0;1.0;0;0;1.0;0;0;0;0;0;1.0;1.0;0;0;0;0;0
362647;0.64;1.00;55.0;2848.0;21.0;80.25;-30.0;0;0;14.48;243.14;196.96;2.31;124673.0;55.0;55.0;55.0;4686.0;972.98;0;4.0;1.0;0;1.0;0;0;1.0;0;0;1.0;0;0;1.0;1.0;0;0;0;0;0
363157;1.2;1.00;47.0;2420.0;21.0;80.25;0.75;0;9.72;14.58;262.48;258.28;2.31;124673.0;47.0;46.0;65.0;4476.0;972.98;0;4.0;1.0;0;1.0;0;0;1.0;0;0;1.0;0;0;1.0;1.0;0;0;0;0;0
363655;1.17;1.00;38.0;2027.0;21.0;80.25;18.75;0.39;9.31;14.58;198.91;251.70;2.31;124673.0;39.0;39.0;55.0;4255.0;972.98;58.59;4.0;1.0;0;1.0;0;0;1.0;0;0;1.0;0;0;1.0;1.0;0;0;0;0;0
364173;1.37;1.00;31.0;1647.0;21.0;80.25;13.5;0.78;10.74;14.48;218.42;266.76;2.31;124673.0;32.0;31.0;55.0;4351.0;972.98;39.06;4.0;1.0;0;1.0;0;0;1.0;0;0;1.0;0;0;1.0;1.0;0;0;0;0;0
364685;1.32;1.01;27.0;1400.0;21.0;80.25;15.75;0;13.52;14.29;236.33;208.85;2.58;124673.0;27.0;27.0;54.0;4419.0;972.98;39.06;4.0;1.0;0;1.0;0;0;1.0;0;0;1.0;0;0;1.0;1.0;0;0;0;0;0
365185;1.44;1.01;25.0;1358.0;21.0;80.25;14.25;0;13.21;14.39;235.37;204.06;2.31;124673.0;25.0;25.0;53.0;4484.0;972.98;878.89;4.0;1.0;0;1.0;0;0;1.0;0;0;1.0;0;0;1.0;1.0;0;0;0;0;0
365708;1.34;1.00;25.0;1293.0;21.0;80.25;15.75;0;13.36;14.58;180.84;171.98;2.31;124673.0;25.0;25.0;53.0;4500.0;972.98;859.36;4.0;1.0;0;1.0;0;0;1.0;0;0;1.0;0;0;1.0;1.0;0;0;0;0;0
366278;1.29;0.98;25.0;1318.0;21.0;80.25;15.0;0;13.20;14.58;131.80;139.91;2.31;124673.0;25.0;25.0;52.0;4506.0;972.98;800.77;4.0;1.0;0;1.0;0;0;1.0;0;0;1.0;0;0;1.0;1.0;0;0;0;0;0
366798;1.29;0.96;26.0;1462.0;21.0;80.25;12.75;0.39;11.46;14.58;104.25;96.73;2.31;124673.0;26.0;26.0;55.0;4527.0;972.98;312.49;4.0;1.0;0;1.0;0;0;1.0;0;0;1.0;0;0;1.0;1.0;0;0;0;0;0
367317;1.34;0.98;27.0;1488.0;21.0;80.25;12.75;0.39;12.35;14.58;134.62;84.89;2.31;124673.0;28.0;27.0;55.0;4509.0;973.05;58.59;4.0;1.0;0;1.0;0;0;1.0;0;0;1.0;0;0;1.0;1.0;0;0;0;0;0
367815;1.2;0.99;28.0;1414.0;21.0;80.25;15.75;0;13.47;14.39;155.20;100.71;2.31;124673.0;29.0;28.0;54.0;4520.0;973.09;820.30;4.0;1.0;0;1.0;0;0;1.0;0;0;1.0;0;0;1.0;1.0;0;0;0;0;0
368333;1.24;0.97;27.0;1465.0;21.0;81.0;15.0;0;13.39;14.48;213.20;153.68;2.31;124673.0;28.0;28.0;54.0;4490.0;973.25;800.77;4.0;1.0;0;1.0;0;0;1.0;0;0;1.0;0;0;1.0;1.0;0;0;0;0;0
368832;1.24;0.96;26.0;1372.0;21.0;81.0;16.5;0;13.43;14.29;211.90;150.40;2.58;124673.0;26.0;26.0;53.0;4533.0;973.37;820.30;4.0;1.0;0;1.0;0;0;1.0;0;0;1.0;0;0;1.0;1.0;0;0;0;0;0
369353;1.29;0.94;25.0;1371.0;21.0;81.0;16.5;0;13.40;14.48;154.44;109.60;2.31;124673.0;25.0;26.0;52.0;4510.0;973.60;820.30;4.0;1.0;0;1.0;0;0;1.0;0;0;1.0;0;0;1.0;1.0;0;0;0;0;0
369858;1.29;0.92;25.0;1313.0;21.0;81.0;14.25;0;13.09;14.39;106.77;79.83;2.31;124673.0;25.0;25.0;52.0;4493.0;973.76;507.80;4.0;1.0;0;1.0;0;0;1.0;0;0;1.0;0;0;1.0;1.0;0;0;0;0;0
370379;1.24;0.93;23.0;1311.0;21.0;81.0;15.0;0;13.18;14.58;81.98;58.16;2.31;124673.0;23.0;23.0;52.0;4520.0;973.87;39.06;4.0;1.0;0;1.0;0;0;1.0;0;0;1.0;0;0;1.0;1.0;0;0;0;0;0
370897;1.37;0.95;22.0;1230.0;21.0;81.0;20.25;0;14.18;14.48;70.75;48.35;2.31;124673.0;23.0;22.0;55.0;4499.0;973.95;39.06;4.0;1.0;0;1.0;1.0;0;1.0;0;0;1.0;0;0;1.0;1.0;0;0;1.0;0;0
371397;1.40;0.96;22.0;1228.0;21.0;81.0;19.5;0;14.11;14.39;79.99;47.34;2.31;124673.0;22.0;22.0;54.0;4516.0;973.95;39.06;4.0;1.0;0;1.0;0;0;1.0;0;0;1.0;0;0;1.0;1.0;0;0;0;0;0
371919;1.36;0.98;21.0;1248.0;21.0;81.0;18.0;0;13.97;14.48;74.11;40.34;2.31;124673.0;21.0;21.0;54.0;4511.0;974.03;58.59;4.0;1.0;0;1.0;1.0;0;1.0;0;0;1.0;0;0;1.0;1.0;0;0;1.0;0;0
372459;1.37;0.99;18.0;1289.0;21.0;81.0;14.25;0;13.27;14.39;105.93;37.38;2.31;124673.0;18.0;18.0;52.0;4520.0;974.07;78.12;4.0;1.0;0;1.0;1.0;0;1.0;0;0;1.0;0;0;1.0;1.0;0;0;0;0;0
372989;1.46;1.01;16.0;1266.0;21.0;81.0;16.5;0;13.59;14.48;73.21;27.18;2.31;124673.0;16.0;16.0;52.0;4516.0;974.11;292.96;3.0;1.0;0;1.0;0;0;1.0;0;0;1.0;0;0;1.0;1.0;0;0;0;0;0
373519;1.32;1.01;13.0;1270.0;21.0;81.0;16.5;0;13.57;14.48;56.20;19.78;2.31;124673.0;14.0;14.0;52.0;4510.0;974.15;742.17;3.0;1.0;0;1.0;0;0;1.0;0;0;1.0;0;0;1.0;1.0;0;0;0;0;0
374075;1.44;0.99;13.0;1256.0;21.0;81.0;17.25;0;13.71;14.48;46.48;15.15;2.31;124673.0;14.0;14.0;53.0;4500.0;974.15;781.24;3.0;1.0;0;1.0;0;0;1.0;0;0;1.0;0;0;1.0;1.0;0;0;0;0;0
374677;1.39;0.98;12.0;1300.0;21.0;81.0;14.25;0;13.19;14.39;32.10;11.01;2.31;124673.0;12.0;12.0;53.0;4510.0;974.15;488.27;3.0;1.0;0;1.0;1.0;0;1.0;0;0;1.0;0;0;1.0;1.0;0;0;1.0;0;0
375254;1.31;0.97;11.0;1235.0;21.0;81.0;18.0;0;13.88;14.39;23.37;7.55;2.31;124673.0;11.0;11.0;53.0;4522.0;974.19;39.06;3.0;1.0;0;1.0;1.0;0;1.0;0;0;1.0;0;0;1.0;1.0;0;0;1.0;0;0
375753;1.28;0.98;11.0;1280.0;21.0;81.0;15.0;0;13.27;14.20;16.97;5.46;2.58;124673.0;11.0;11.0;53.0;4506.0;974.19;39.06;3.0;1.0;0;1.0;1.0;0;1.0;0;0;1.0;0;0;1.0;1.0;0;0;1.0;0;0
376329;1.34;1.00;12.0;1288.0;21.0;81.0;15.0;0;13.27;14.58;12.30;6.38;2.31;124673.0;12.0;12.0;52.0;4513.0;974.19;78.12;2.0;1.0;0;1.0;0;0;1.0;0;0;1.0;0;0;1.0;1.0;0;0;0;0;0
376830;1.48;1.01;13.0;1244.0;21.0;81.0;18.0;0;13.86;14.39;8.90;4.35;2.31;124673.0;14.0;14.0;53.0;4523.0;974.19;781.24;2.0;1.0;0;1.0;0;0;1.0;0;0;1.0;0;0;1.0;1.0;0;0;0;0;0
377351;2.70;0.99;15.0;1164.0;21.0;81.0;4.5;1.96;15.00;14.39;6.81;3.30;2.31;124673.0;15.0;15.0;59.0;4514.0;974.19;839.83;2.0;1.0;0;1.0;0;0;1.0;0;0;1.0;0;0;1.0;1.0;0;0;0;0;0
377934;2.02;0.99;17.0;1494.0;21.0;81.0;7.5;2.35;13.57;14.48;11.83;9.27;2.31;124673.0;18.0;17.0;55.0;4518.0;974.19;859.36;2.0;1.0;0;1.0;0;0;1.0;0;0;1.0;0;0;1.0;1.0;0;0;0;0;0
378455;1.25;0.99;18.0;1362.0;21.0;81.0;16.5;0;13.53;14.39;50.30;27.59;2.31;124673.0;19.0;19.0;53.0;4508.0;974.19;859.36;2.0;1.0;0;1.0;0;0;1.0;0;0;1.0;0;0;1.0;1.0;0;0;0;0;0
379116;1.25;0.97;18.0;1412.0;21.0;81.0;15.75;0;13.33;14.58;42.12;20.07;2.31;124673.0;18.0;18.0;52.0;4523.0;974.19;859.36;2.0;1.0;0;1.0;0;0;1.0;0;0;1.0;0;0;1.0;1.0;0;0;0;0;0
379636;1.26;0.95;18.0;1465.0;21.0;81.0;15.0;0;13.26;14.39;29.58;13.82;2.31;124673.0;19.0;19.0;53.0;4530.0;974.19;820.30;2.0;1.0;0;1.0;0;0;1.0;0;0;1.0;0;0;1.0;1.0;0;0;0;0;0
380177;3.06;1.00;20.0;1881.0;21.0;81.0;3.75;5.09;15.45;14.39;51.52;19.92;2.31;124673.0;20.0;20.0;54.0;4573.0;974.19;898.42;2.0;1.0;0;1.0;0;0;1.0;0;0;1.0;0;0;1.0;1.0;0;0;0;0;0
380689;2.75;0.98;23.0;1881.0;21.0;81.0;10.5;5.09;18.49;14.48;114.28;93.84;2.31;124673.0;24.0;24.0;54.0;4515.0;974.19;839.83;2.0;1.0;0;1.0;0;0;1.0;0;0;1.0;0;0;1.0;1.0;0;0;0;0;0
381233;1.36;1.00;23.0;1414.0;21.0;81.0;15.0;0;13.35;14.39;109.83;126.20;2.31;124673.0;24.0;24.0;54.0;4467.0;974.19;39.06;2.0;1.0;0;1.0;0;0;1.0;0;0;1.0;0;0;1.0;1.0;0;0;0;0;0
381754;1.24;1.00;22.0;1472.0;21.0;81.0;15.0;0;13.27;14.48;114.01;115.61;2.31;124673.0;22.0;22.0;53.0;4489.0;974.19;859.36;2.0;1.0;0;1.0;0;0;1.0;0;0;1.0;0;0;1.0;1.0;0;0;0;0;0
382278;1.29;0.98;20.0;1491.0;21.0;81.0;15.0;0;13.24;14.48;83.06;99.01;2.31;124673.0;20.0;20.0;54.0;4504.0;974.19;839.83;2.0;1.0;0;1.0;0;0;1.0;0;0;1.0;0;0;1.0;1.0;0;0;0;0;0
382818;1.33;0.97;17.0;1394.0;21.0;81.0;15.0;0;13.22;14.48;70.71;92.82;2.31;124673.0;18.0;18.0;53.0;4511.0;974.19;839.83;2.0;1.0;0;1.0;0;0;1.0;0;0;1.0;0;0;1.0;1.0;0;0;1.0;0;0
383502;1.32;0.95;17.0;1314.0;21.0;81.0;14.25;0;13.11;14.48;51.50;64.13;2.31;124673.0;17.0;17.0;52.0;4500.0;974.19;800.77;2.0;1.0;0;1.0;0;0;1.0;0;0;1.0;0;0;1.0;1.0;0;0;0;0;0
384104;1.24;0.93;17.0;1312.0;21.0;81.0;15.0;0;13.12;14.58;42.47;50.21;2.31;124673.0;18.0;18.0;51.0;4523.0;974.19;468.74;2.0;1.0;0;1.0;0;0;1.0;0;0;1.0;0;0;1.0;1.0;0;0;0;0;0
384652;3.96;1.00;18.0;1831.0;21.0;81.0;-9.0;7.45;16.15;14.39;98.66;41.22;2.31;124673.0;19.0;19.0;54.0;4589.0;974.19;859.36;2.0;1.0;0;1.0;0;0;1.0;0;0;1.0;0;0;1.0;1.0;0;0;0;0;0
385158;3.40;0.98;22.0;1868.0;21.0;81.0;3.0;7.45;21.73;14.39;185.98;147.90;2.31;124673.0;23.0;23.0;54.0;4531.0;974.19;820.30;2.0;1.0;0;1.0;0;0;1.0;0;0;1.0;0;0;1.0;1.0;0;0;0;0;0
385674;1.08;1.00;26.0;1512.0;21.0;81.0;15.0;0;13.43;14.39;211.13;183.07;2.31;124673.0;25.0;26.0;55.0;4449.0;974.19;39.06;2.0;1.0;0;1.0;0;0;1.0;0;0;1.0;0;0;0;1.0;0;0;0;0;0
386197;1.17;1.01;25.0;1541.0;21.0;81.0;15.75;0;13.40;14.48;176.14;188.46;2.31;124673.0;25.0;25.0;53.0;4552.0;974.19;39.06;2.0;1.0;0;1.0;0;0;1.0;0;0;1.0;0;0;1.0;1.0;0;0;0;0;0
386698;1.00;0.99;22.0;1764.0;21.0;81.0;15.75;0;13.33;14.39;135.87;154.81;2.31;124673.0;23.0;23.0;53.0;4527.0;974.19;820.30;2.0;1.0;0;1.0;0;0;1.0;0;0;1.0;0;0;1.0;1.0;0;0;0;0;0
387219;1.05;0.98;21.0;1673.0;21.0;81.0;15.0;0;13.31;14.48;108.09;119.85;2.31;124673.0;22.0;21.0;52.0;4509.0;974.19;722.64;2.0;1.0;0;1.0;0;0;1.0;0;0;1.0;0;0;1.0;1.0;0;0;0;0;0
387721;1.10;0.97;20.0;1591.0;21.0;81.0;14.25;0;13.33;14.48;75.44;84.25;2.31;124673.0;20.0;20.0;52.0;4484.0;974.19;19.53;2.0;1.0;0;1.0;0;0;1.0;0;0;1.0;0;0;1.0;1.0;0;0;0;0;0
388317;1.26;0.98;17.0;1445.0;21.0;81.0;15.75;0;13.32;14.48;54.93;69.17;2.31;124673.0;18.0;18.0;53.0;4491.0;974.19;527.33;2.0;1.0;0;1.0;1.0;0;1.0;0;0;1.0;0;0;1.0;1.0;0;0;1.0;0;0
388853;1.26;0.97;16.0;1312.0;21.0;81.0;14.25;0;13.11;14.58;40.01;50.36;2.31;124673.0;16.0;16.0;52.0;4495.0;974.19;820.30;2.0;1.0;0;1.0;0;0;1.0;0;0;1.0;0;0;1.0;1.0;0;0;0;0;0
389376;1.23;0.96;15.0;1276.0;21.0;81.0;16.5;0;13.47;14.39;36.03;34.76;2.31;124674.0;16.0;15.0;52.0;4510.0;974.30;488.27;2.0;1.0;0;1.0;0;0;1.0;0;0;1.0;0;0;1.0;1.0;0;0;0;0;0
389876;1.40;0.97;13.0;1288.0;21.0;81.0;15.0;0;13.20;14.58;27.65;26.67;2.31;124674.0;14.0;14.0;53.0;4516.0;974.34;19.53;2.0;1.0;0;1.0;0;0;1.0;0;0;1.0;0;0;1.0;1.0;0;0;0;0;0
390397;1.24;0.98;13.0;1305.0;21.0;81.0;14.25;0;13.18;14.39;27.04;24.92;2.31;124674.0;14.0;13.0;53.0;4533.0;974.46;39.06;2.0;1.0;0;1.0;1.0;0;1.0;0;0;1.0;0;0;1.0;1.0;0;0;1.0;0;0
390953;1.41;1.00;12.0;1301.0;21.0;81.0;14.25;0;13.14;14.58;20.74;21.71;2.31;124674.0;13.0;13.0;52.0;4515.0;974.54;58.59;2.0;1.0;0;1.0;0;0;1.0;0;0;1.0;0;0;1.0;1.0;0;0;0;0;0
391527;1.44;1.01;10.0;1281.0;21.0;81.0;15.0;0;13.54;14.48;16.87;15.76;2.31;124674.0;10.0;10.0;52.0;4515.0;974.66;488.27;2.0;1.0;0;1.0;1.0;0;1.0;0;0;1.0;0;0;1.0;1.0;0;0;1.0;0;0
392068;1.33;1.01;8.0;1326.0;21.0;81.0;14.25;0;13.12;14.48;11.62;13.33;2.31;124674.0;9.0;9.0;52.0;4518.0;974.77;800.77;0;1.0;0;1.0;0;0;1.0;0;0;1.0;0;0;1.0;1.0;0;0;1.0;0;0
392572;1.29;0.99;7.0;1307.0;21.0;81.75;14.25;0;13.09;14.48;24.02;11.77;2.31;124674.0;8.0;8.0;51.0;4507.0;974.89;683.58;0;1.0;0;1.0;0;0;1.0;0;0;1.0;0;0;1.0;1.0;0;0;1.0;0;0
393096;1.39;0.99;7.0;1292.0;21.0;81.75;14.25;0;13.06;14.48;53.12;42.88;2.31;124674.0;8.0;8.0;52.0;4517.0;975.05;58.59;0;1.0;0;1.0;0;0;1.0;0;0;1.0;0;0;1.0;1.0;0;0;1.0;0;0
393594;1.35;1.00;7.0;1276.0;21.0;81.75;15.0;0;13.04;14.58;40.77;35.25;2.31;124674.0;7.0;7.0;51.0;4509.0;975.16;58.59;0;1.0;0;1.0;0;0;1.0;0;0;1.0;0;0;1.0;1.0;0;0;1.0;0;0
394121;1.41;1.02;3.0;1309.0;21.0;81.75;12.75;0;12.71;14.48;49.13;37.69;2.31;124674.0;4.0;4.0;51.0;4512.0;975.12;97.65;0;1.0;0;1.0;0;0;1.0;0;0;1.0;0;0;1.0;1.0;0;0;1.0;0;0
394619;1.28;1.02;0;1285.0;21.0;81.75;13.5;0;12.81;14.39;71.22;83.64;2.31;124674.0;0;0;50.0;4520.0;975.16;839.83;0;1.0;0;1.0;0;0;1.0;0;0;1.0;0;0;1.0;1.0;0;0;1.0;0;0
395149;1.41;1.00;0;1288.0;21.0;81.75;13.5;0;12.77;14.39;69.48;99.89;2.31;124674.0;0;0;50.0;4522.0;975.24;820.30;0;1.0;0;1.0;0;0;1.0;0;0;1.0;0;0;1.0;1.0;0;0;1.0;0;0
395702;1.26;0.99;0;1270.0;21.0;81.75;15.0;0;13.00;14.39;81.22;95.22;2.31;124674.0;0;0;50.0;4513.0;975.24;683.58;0;1.0;0;1.0;0;0;1.0;0;0;1.0;0;0;1.0;1.0;0;0;1.0;0;0
396201;1.26;0.98;0;1269.0;21.0;81.75;15.0;0;12.96;14.48;70.38;79.79;2.31;124674.0;0;0;50.0;4505.0;975.28;58.59;0;1.0;0;1.0;0;0;1.0;0;0;1.0;0;0;1.0;1.0;0;0;1.0;0;0
396714;1.28;1.00;0;1259.0;21.0;81.75;15.75;0;13.10;14.39;61.92;89.74;2.31;124674.0;0;0;50.0;4516.0;975.24;78.12;0;1.0;0;1.0;0;0;1.0;0;0;1.0;0;0;1.0;1.0;0;0;1.0;0;0
397236;1.36;1.01;0;1270.0;21.0;81.75;15.0;0;12.96;14.48;70.22;117.96;2.31;124674.0;0;0;50.0;4510.0;975.32;546.86;0;1.0;0;1.0;0;0;1.0;0;0;1.0;0;0;1.0;1.0;0;0;1.0;0;0
397743;1.25;1.01;0;1275.0;21.0;81.75;14.25;0;12.84;14.58;85.15;115.55;2.31;124674.0;0;0;49.0;4519.0;975.36;781.24;0;1.0;0;1.0;0;0;1.0;0;0;1.0;0;0;1.0;1.0;0;0;1.0;0;0
398244;1.28;1.00;0;1312.0;21.0;81.75;12.75;0;12.51;14.39;73.60;104.75;2.31;124674.0;0;0;50.0;4506.0;975.40;78.12;0;1.0;0;1.0;0;0;1.0;0;0;1.0;0;0;1.0;1.0;0;0;1.0;0;0
398768;1.28;1.01;0;1254.0;21.0;81.75;16.5;0;13.18;14.48;53.60;88.06;2.31;124674.0;0;0;49.0;4526.0;975.40;78.12;0;1.0;0;1.0;0;0;1.0;0;0;1.0;0;0;1.0;1.0;0;0;1.0;0;0
399277;1.28;1.03;0;1287.0;21.0;81.75;13.5;0;12.66;14.29;49.74;75.38;2.58;124674.0;0;0;49.0;4514.0;975.32;58.59;0;1.0;0;1.0;0;0;1.0;0;0;1.0;0;0;1.0;1.0;0;0;1.0;0;0
399836;1.34;1.04;0;1242.0;21.0;81.75;17.25;0;13.34;14.48;38.20;57.88;2.31;124674.0;0;0;49.0;4509.0;975.36;156.24;0;1.0;0;1.0;0;0;1.0;0;0;1.0;0;0;1.0;1.0;0;0;1.0;0;0
400340;1.40;1.05;0;1237.0;21.0;81.75;17.25;0;13.32;14.39;26.36;42.14;2.31;124674.0;0;0;49.0;4522.0;975.32;664.05;0;1.0;0;1.0;0;0;1.0;0;0;1.0;0;0;1.0;1.0;0;0;1.0;0;0
400861;1.30;1.03;0;1250.0;21.0;81.75;16.5;0;13.18;14.58;24.21;36.69;2.31;124674.0;0;0;49.0;4516.0;975.28;722.64;0;1.0;0;1.0;0;0;1.0;0;0;1.0;0;0;1.0;1.0;0;0;1.0;0;0
401360;1.32;1.02;0;1242.0;21.0;81.75;17.25;0;13.34;14.58;20.77;26.71;2.31;124674.0;0;0;50.0;4514.0;975.32;488.27;0;1.0;0;1.0;0;0;1.0;0;0;1.0;0;0;1.0;1.0;0;0;1.0;0;0
401871;1.44;1.02;0;1256.0;21.0;81.75;16.5;0;13.18;14.67;19.94;24.74;2.31;124674.0;0;0;49.0;4519.0;975.36;39.06;0;1.0;0;1.0;0;0;1.0;0;0;1.0;0;0;1.0;1.0;0;0;1.0;0;0
402497;1.36;1.04;0;1284.0;21.0;81.75;14.25;0;12.89;14.58;46.61;65.46;2.31;124674.0;0;0;49.0;4512.0;975.40;800.77;0;1.0;0;1.0;0;0;1.0;0;0;1.0;0;0;1.0;1.0;0;0;1.0;0;0
403031;1.32;1.02;0;1267.0;21.0;81.75;15.0;0;12.90;14.39;40.81;56.26;2.31;124674.0;0;0;49.0;4516.0;975.32;820.30;0;1.0;0;1.0;0;0;1.0;0;0;1.0;0;0;1.0;1.0;0;0;1.0;0;0
403633;1.27;1.00;0;1276.0;21.0;81.75;14.25;0;12.86;14.58;98.39;74.23;2.31;124674.0;0;0;50.0;4512.0;975.36;507.80;0;1.0;0;1.0;0;0;1.0;0;0;1.0;0;0;1.0;1.0;0;0;1.0;0;0
404216;1.34;1.00;0;1273.0;21.0;81.75;15.0;0;12.93;14.48;102.10;80.95;2.31;124674.0;0;0;50.0;4505.0;975.40;58.59;0;1.0;0;1.0;0;0;1.0;0;0;1.0;0;0;1.0;1.0;0;0;1.0;0;0
404716;1.34;1.02;0;1272.0;21.0;81.75;15.0;0;12.95;14.39;127.47;97.04;2.31;124674.0;0;0;50.0;4523.0;975.40;234.37;0;1.0;0;1.0;0;0;1.0;0;0;1.0;0;0;1.0;1.0;0;0;1.0;0;0
405235;1.36;1.02;0;1234.0;21.0;81.75;18.0;0;13.53;14.58;122.80;105.75;2.31;124674.0;0;0;50.0;4524.0;975.40;761.70;0;1.0;0;1.0;0;0;1.0;0;0;1.0;0;0;1.0;1.0;0;0;1.0;0;0
405742;1.26;1.00;0;1276.0;21.0;81.75;15.0;0;12.93;14.39;109.48;92.66;2.31;124674.0;0;0;51.0;4500.0;975.36;292.96;0;1.0;0;1.0;0;0;1.0;0;0;1.0;0;0;1.0;1.0;0;0;1.0;0;0
406292;1.36;1.01;0;1263.0;21.0;81.75;15.0;0;12.95;14.58;138.68;90.26;2.31;124674.0;0;0;50.0;4514.0;975.36;39.06;0;1.0;0;1.0;0;0;1.0;0;0;1.0;0;0;1.0;1.0;0;0;1.0;0;0
406804;1.35;1.03;0;1288.0;21.0;81.75;13.5;0;12.73;14.48;191.19;77.78;2.31;124674.0;0;0;49.0;4513.0;975.32;683.58;0;1.0;0;1.0;0;0;1.0;0;0;1.0;0;0;1.0;1.0;0;0;1.0;0;0
407327;1.29;1.02;0;1248.0;21.0;81.75;16.5;0;13.24;14.48;139.36;57.16;2.31;124674.0;0;0;49.0;4517.0;975.20;781.24;0;1.0;0;1.0;0;0;1.0;0;0;1.0;0;0;1.0;1.0;0;0;1.0;0;0
407826;1.26;1.00;0;1312.0;21.0;81.75;12.75;0;12.56;14.39;131.59;52.43;2.31;124674.0;0;0;49.0;4517.0;975.16;644.52;0;1.0;0;1.0;0;0;1.0;0;0;1.0;0;0;1.0;1.0;0;0;1.0;0;0
408352;1.32;1.00;0;1276.0;21.0;81.75;14.25;0;12.84;14.48;118.09;92.84;2.31;124674.0;0;0;50.0;4523.0;975.24;39.06;0;1.0;0;1.0;0;0;1.0;0;0;1.0;0;0;1.0;1.0;0;0;1.0;0;0
408851;1.25;1.01;0;1276.0;21.0;81.75;15.0;0;12.92;14.39;112.96;83.99;2.31;124674.0;0;0;50.0;4516.0;975.28;507.80;0;1.0;0;1.0;0;0;1.0;0;0;1.0;0;0;1.0;1.0;0;0;1.0;0;0
409364;1.34;1.00;0;1209.0;21.0;81.75;19.5;0;13.68;14.48;110.32;125.87;2.31;124674.0;0;0;50.0;4519.0;975.24;683.58;0;1.0;0;1.0;0;0;1.0;0;0;1.0;0;0;1.0;1.0;0;0;1.0;0;0
409886;1.31;0.99;0;1277.0;21.0;81.75;14.25;0;12.87;14.58;118.58;154.16;2.31;124674.0;0;0;49.0;4512.0;975.24;19.53;0;1.0;0;1.0;0;0;1.0;0;0;1.0;0;0;1.0;1.0;0;0;1.0;0;0
410385;1.25;1.01;0;1293.0;21.0;81.75;13.5;0;12.70;14.39;106.24;178.62;2.31;124674.0;0;0;49.0;4522.0;975.28;58.59;0;1.0;0;1.0;0;0;1.0;0;0;1.0;0;0;1.0;1.0;0;0;1.0;0;0
410959;1.37;1.02;0;1282.0;21.0;81.75;14.25;0;12.83;14.29;89.38;160.88;2.58;124674.0;0;0;49.0;4519.0;975.32;781.24;0;1.0;0;1.0;0;0;1.0;0;0;1.0;0;0;1.0;1.0;0;0;1.0;0;0
411460;1.30;1.00;0;1277.0;21.0;81.75;14.25;0;12.79;14.48;65.11;111.22;2.31;124674.0;0;0;49.0;4517.0;975.28;761.70;0;1.0;0;1.0;0;0;1.0;0;0;1.0;0;0;1.0;1.0;0;0;1.0;0;0
411977;1.29;0.99;0;1287.0;21.0;81.75;14.25;0;12.75;14.58;47.41;85.42;2.31;124674.0;0;0;48.0;4515.0;975.20;117.18;0;1.0;0;1.0;0;0;1.0;0;0;1.0;0;0;1.0;1.0;0;0;1.0;0;0
412497;1.24;1.00;0;1296.0;21.0;81.75;13.5;0;12.60;14.39;36.38;65.62;2.31;124674.0;0;0;49.0;4505.0;975.16;742.17;0;1.0;0;1.0;0;0;1.0;0;0;1.0;0;0;1.0;1.0;0;0;1.0;0;0
413032;1.24;0.98;0;1237.0;21.0;81.75;17.25;0;13.28;14.58;26.48;45.30;2.31;124674.0;0;0;49.0;4499.0;975.28;253.90;0;1.0;0;1.0;0;0;1.0;0;0;1.0;0;0;1.0;1.0;0;0;1.0;0;0
413666;1.24;1.00;0;1265.0;21.0;81.75;15.75;0;13.05;14.48;29.11;36.77;2.31;124674.0;0;0;49.0;4506.0;975.24;19.53;0;1.0;0;1.0;0;0;1.0;0;0;1.0;0;0;1.0;1.0;0;0;1.0;0;0
414267;1.29;1.01;0;1298.0;21.0;81.75;13.5;0;12.68;14.39;27.00;33.66;2.31;124674.0;0;0;50.0;4523.0;975.32;78.12;0;1.0;0;1.0;0;0;1.0;0;0;1.0;0;0;1.0;1.0;0;0;0;0;0
414757;4.17;1.00;0;1569.0;21.0;81.75;9.75;9.41;32.45;14.48;83.78;91.18;2.31;124674.0;0;0;54.0;4582.0;975.28;898.42;1.0;1.0;0;1.0;0;0;1.0;0;0;1.0;0;0;1.0;1.0;0;0;0;0;0
415280;4.81;1.00;10.0;1763.0;21.0;81.75;9.0;14.51;35.65;14.58;163.79;146.74;2.31;124674.0;10.0;10.0;54.0;4519.0;975.32;878.89;1.0;1.0;0;1.0;0;0;1.0;0;0;1.0;0;0;1.0;1.0;0;0;0;0;0
415791;4.83;0.98;18.0;2237.0;21.0;81.75;12.75;19.61;36.77;14.48;214.38;177.54;2.31;124674.0;18.0;19.0;54.0;4398.0;975.36;859.36;1.0;1.0;0;1.0;0;0;1.0;0;0;1.0;0;0;1.0;1.0;0;0;0;0;0
416319;4.02;0.96;26.0;2963.0;21.0;81.75;24.0;19.21;33.01;14.48;241.17;173.34;2.31;124674.0;26.0;27.0;54.0;4515.0;975.40;683.58;1.0;1.0;0;1.0;0;0;1.0;0;0;0;0;0;1.0;1.0;0;0;0;0;0
416840;0.44;1.00;31.0;2954.0;21.0;81.75;-30.0;0;0;14.58;272.83;214.86;2.31;124674.0;30.0;31.0;54.0;4717.0;975.24;97.65;0;1.0;0;1.0;0;0;1.0;0;0;1.0;0;0;1.0;1.0;0;0;0;0;0
417387;3.82;1.00;33.0;2567.0;21.0;81.75;18.0;11.76;26.54;14.48;248.67;181.88;2.31;124674.0;33.0;34.0;54.0;4216.0;975.09;859.36;2.0;1.0;0;1.0;0;0;1.0;0;0;1.0;0;0;1.0;1.0;0;0;0;0;0
417911;4.42;1.00;37.0;2948.0;21.0;81.75;24.75;18.43;32.07;14.48;242.85;165.90;2.31;124674.0;37.0;38.0;54.0;4299.0;975.20;820.30;2.0;1.0;0;1.0;0;0;1.0;0;0;0;0;0;1.0;1.0;0;0;0;0;0
418431;0.28;1.00;41.0;3216.0;21.0;81.75;-30.0;0;0;14.48;273.36;241.68;2.31;124674.0;41.0;42.0;54.0;4580.0;975.01;742.17;3.0;1.0;0;1.0;0;0;1.0;0;0;1.0;0;0;1.0;1.0;0;0;0;0;0
418930;3.47;1.00;43.0;2675.0;21.0;81.75;20.25;9.02;22.19;14.58;253.90;216.82;2.31;124674.0;43.0;43.0;54.0;4212.0;974.97;878.89;3.0;1.0;0;1.0;0;0;1.0;0;0;1.0;0;0;1.0;1.0;0;0;0;0;0
419501;2.80;0.97;46.0;2833.0;21.0;81.75;31.5;7.45;22.72;14.48;273.43;228.67;2.31;124674.0;45.0;46.0;54.0;4324.0;974.93;800.77;3.0;1.0;0;1.0;0;0;1.0;0;0;1.0;0;0;1.0;1.0;0;0;0;0;0
420000;0.74;1.00;46.0;2782.0;21.0;81.0;19.5;0;13.44;14.58;321.46;285.00;2.31;124674.0;46.0;45.0;54.0;4488.0;974.89;585.93;3.0;1.0;0;1.0;0;0;1.0;0;0;1.0;0;0;1.0;1.0;0;0;0;0;0
420556;0.77;1.00;45.0;2731.0;21.0;81.0;18.75;0;13.27;14.58;342.10;317.83;2.31;124674.0;45.0;45.0;54.0;4530.0;974.85;19.53;3.0;1.0;0;1.0;0;0;1.0;0;0;1.0;0;0;1.0;1.0;0;0;0;0;0
421128;0.81;1.00;42.0;2587.0;21.0;81.0;16.5;0;13.28;14.58;349.80;326.34;2.31;124674.0;42.0;42.0;54.0;4494.0;974.66;19.53;3.0;1.0;0;1.0;0;0;1.0;0;0;1.0;0;0;1.0;1.0;0;0;0;0;0
421630;0.87;1.00;38.0;2364.0;21.0;81.0;16.5;0;13.26;14.58;353.61;340.31;2.31;124674.0;39.0;39.0;54.0;4529.0;974.62;39.06;3.0;1.0;0;1.0;0;0;1.0;0;0;1.0;0;0;1.0;1.0;0;0;0;0;0
422190;0.94;1.00;33.0;2064.0;21.0;81.0;15.0;0;13.23;14.39;304.86;310.07;2.31;124674.0;34.0;34.0;53.0;4541.0;974.73;58.59;3.0;1.0;0;1.0;0;0;1.0;0;0;1.0;0;0;1.0;1.0;0;0;0;0;0
422761;1.08;1.00;27.0;1698.0;21.0;81.0;15.0;0;13.26;14.48;203.42;196.02;2.31;124674.0;27.0;27.0;53.0;4502.0;974.97;58.59;3.0;1.0;0;1.0;0;0;1.0;0;0;1.0;0;0;1.0;1.0;0;0;0;0;0
423259;1.26;1.02;20.0;1379.0;21.0;81.0;15.75;0;13.30;14.58;148.27;142.86;2.31;124674.0;21.0;20.0;52.0;4481.0;975.09;839.83;3.0;1.0;0;1.0;1.0;0;1.0;0;0;1.0;0;0;1.0;1.0;0;0;1.0;0;0
423775;1.35;1.00;13.0;1304.0;21.0;80.25;15.0;0;13.14;14.39;108.03;104.11;2.31;124674.0;14.0;14.0;52.0;4506.0;975.20;859.36;3.0;1.0;0;1.0;1.0;0;1.0;0;0;1.0;0;0;1.0;1.0;0;0;1.0;0;0
424275;1.34;0.98;10.0;1275.0;21.0;80.25;17.25;0;13.66;14.48;85.03;79.95;2.31;124674.0;11.0;10.0;53.0;4505.0;975.28;839.83;3.0;1.0;0;1.0;1.0;0;1.0;0;0;1.0;0;0;1.0;1.0;0;0;1.0;0;0
424811;1.37;0.97;10.0;1286.0;21.0;80.25;16.5;0;13.53;14.48;65.32;64.56;2.31;124674.0;10.0;9.0;53.0;4508.0;975.32;800.77;3.0;1.0;0;1.0;1.0;0;1.0;0;0;1.0;0;0;1.0;1.0;0;0;1.0;0;0
425389;1.21;0.95;10.0;1273.0;21.0;80.25;17.25;0;13.70;14.58;53.88;47.02;2.31;124674.0;10.0;10.0;53.0;4511.0;975.36;78.12;2.0;1.0;0;1.0;1.0;0;1.0;0;0;1.0;0;0;1.0;1.0;0;0;1.0;0;0
425997;1.38;0.97;11.0;1278.0;21.0;80.25;16.5;0;13.52;14.48;37.20;36.09;2.31;124674.0;11.0;11.0;53.0;4510.0;975.40;58.59;2.0;1.0;0;1.0;1.0;0;1.0;0;0;1.0;0;0;1.0;1.0;0;0;1.0;0;0
426495;1.28;0.99;10.0;1284.0;21.0;80.25;16.5;0;13.54;14.39;25.66;24.92;2.31;124674.0;11.0;10.0;53.0;4527.0;975.40;58.59;2.0;1.0;0;1.0;1.0;0;1.0;0;0;1.0;0;0;1.0;1.0;0;0;1.0;0;0
427053;1.43;1.01;10.0;1299.0;21.0;80.25;15.0;0;13.20;14.39;19.68;19.11;2.31;124674.0;10.0;9.0;52.0;4499.0;975.40;97.65;0;1.0;0;1.0;1.0;0;1.0;0;0;1.0;0;0;1.0;1.0;0;0;1.0;0;0
427562;1.48;1.03;8.0;1281.0;21.0;80.25;16.5;0;13.50;14.48;16.97;13.88;2.31;124674.0;9.0;9.0;52.0;4512.0;975.44;624.99;1.0;1.0;0;1.0;1.0;0;1.0;0;0;1.0;0;0;1.0;1.0;0;0;1.0;0;0
428083;1.36;1.01;7.0;1295.0;21.0;80.25;15.0;0;13.19;14.48;12.30;10.62;2.31;124674.0;7.0;7.0;52.0;4514.0;975.44;859.36;1.0;1.0;0;1.0;1.0;0;1.0;0;0;1.0;0;0;1.0;1.0;0;0;1.0;0;0
428592;1.30;1.00;5.0;1317.0;21.0;80.25;13.5;0;12.91;14.39;24.84;13.84;2.31;124674.0;6.0;5.0;52.0;4514.0;975.44;820.30;1.0;1.0;0;1.0;1.0;0;1.0;0;0;1.0;0;0;1.0;1.0;0;0;1.0;0;0
429093;1.36;0.98;6.0;1267.0;21.0;80.25;16.5;0;13.46;14.39;18.06;10.60;2.31;124674.0;6.0;5.0;52.0;4518.0;975.44;742.17;1.0;1.0;0;1.0;0;0;1.0;0;0;1.0;0;0;1.0;1.0;0;0;0;0;0
429617;1.32;0.98;6.0;1288.0;21.0;80.25;16.5;0;13.47;14.39;15.95;8.10;2.31;124674.0;6.0;6.0;53.0;4506.0;975.44;78.12;1.0;1.0;0;1.0;0;0;1.0;0;0;1.0;0;0;1.0;1.0;0;0;0;0;0
430122;1.38;0.99;6.0;1260.0;21.0;80.25;17.25;0;13.66;14.58;12.24;5.81;2.31;124674.0;6.0;6.0;52.0;4503.0;975.44;58.59;1.0;1.0;0;1.0;0;0;1.0;0;0;1.0;0;0;1.0;1.0;0;0;0;0;0
430643;1.50;1.01;6.0;1254.0;21.0;80.25;18.0;0;13.84;14.39;8.88;6.65;2.31;124674.0;6.0;6.0;52.0;4522.0;975.44;585.93;1.0;1.0;0;1.0;0;0;1.0;0;0;1.0;0;0;1.0;1.0;0;0;0;0;0
431153;1.29;1.00;5.0;1292.0;21.0;80.25;15.0;0;13.22;14.39;6.79;5.07;2.31;124674.0;5.0;4.0;52.0;4510.0;975.44;781.24;1.0;1.0;0;1.0;0;0;1.0;0;0;1.0;0;0;1.0;1.0;0;0;0;0;0
431655;1.41;0.98;2.0;1289.0;21.0;80.25;15.0;0;13.23;14.39;5.17;3.65;2.31;124674.0;3.0;0;52.0;4517.0;975.44;800.77;1.0;1.0;0;1.0;0;0;1.0;0;0;1.0;0;0;1.0;1.0;0;0;0;0;0
432180;1.22;0.97;0;1316.0;21.0;80.25;14.25;0;13.14;14.58;3.73;2.75;2.31;124674.0;0;0;53.0;4520.0;975.44;585.93;1.0;1.0;0;1.0;0;0;1.0;0;0;1.0;0;0;1.0;1.0;0;0;0;0;0
432696;1.41;0.97;0;1253.0;21.0;80.25;18.0;0;13.86;14.48;2.67;1.95;2.31;124674.0;0;0;54.0;4509.0;975.44;39.06;1.0;1.0;0;1.0;0;0;1.0;0;0;1.0;0;0;1.0;1.0;0;0;0;0;0
433195;1.30;0.99;0;1296.0;21.0;80.25;15.0;0;13.28;14.58;25.74;3.26;2.31;124674.0;0;0;53.0;4512.0;975.44;58.59;1.0;1.0;0;1.0;0;0;1.0;0;0;1.0;0;0;1.0;1.0;0;0;0;0;0
433713;1.32;1.00;3.0;1273.0;21.0;80.25;17.25;0;13.78;14.39;40.52;6.91;2.31;124674.0;4.0;4.0;54.0;4514.0;975.44;117.18;1.0;1.0;0;1.0;0;0;1.0;0;0;1.0;0;0;1.0;1.0;0;0;0;0;0
434235;1.32;1.01;3.0;1260.0;21.0;80.25;17.25;0;13.78;14.58;39.09;32.18;2.31;124674.0;4.0;4.0;54.0;4507.0;975.44;722.64;1.0;1.0;0;1.0;0;0;1.0;0;0;1.0;0;0;1.0;1.0;0;0;0;0;0
434733;1.46;0.99;5.0;1259.0;21.0;80.25;17.25;0;13.78;14.39;29.99;26.89;2.31;124674.0;6.0;6.0;53.0;4514.0;975.44;742.17;1.0;1.0;0;1.0;0;0;1.0;0;0;1.0;0;0;1.0;1.0;0;0;0;0;0
435243;1.42;0.97;6.0;1266.0;21.0;80.25;17.25;0;13.78;14.48;24.17;22.96;2.31;124674.0;7.0;7.0;54.0;4514.0;975.44;644.52;1.0;1.0;0;1.0;0;0;1.0;0;0;1.0;0;0;1.0;1.0;0;0;0;0;0
435766;1.31;0.96;7.0;1286.0;21.0;80.25;16.5;0;13.65;14.48;31.24;23.82;2.31;124674.0;8.0;8.0;54.0;4525.0;975.44;566.39;1.0;1.0;0;1.0;0;0;1.0;0;0;1.0;0;0;1.0;1.0;0;0;0;0;0
436271;1.45;0.94;5.0;1230.0;21.0;80.25;20.25;0;14.31;14.58;36.42;31.81;2.31;124674.0;6.0;5.0;55.0;4507.0;975.44;58.59;1.0;1.0;0;1.0;0;0;1.0;0;0;1.0;0;0;1.0;1.0;0;0;0;0;0
436792;1.27;0.96;3.0;1274.0;21.0;80.25;17.25;0;13.87;14.58;66.03;77.00;2.31;124674.0;4.0;4.0;55.0;4508.0;975.44;19.53;1.0;1.0;0;1.0;0;0;1.0;0;0;1.0;0;0;1.0;1.0;0;0;0;0;0
437292;1.41;0.98;0;1312.0;21.0;80.25;14.25;0;13.34;14.20;110.26;155.16;2.58;124674.0;0;0;54.0;4528.0;975.44;39.06;1.0;1.0;0;1.0;0;0;1.0;0;0;1.0;0;0;1.0;1.0;0;0;0;0;0
437827;1.38;1.00;0;1271.0;21.0;80.25;17.25;0;13.85;14.48;99.87;175.57;2.31;124674.0;0;0;53.0;4504.0;975.44;703.11;1.0;1.0;0;1.0;0;0;1.0;0;0;1.0;0;0;1.0;1.0;0;0;0;0;0
438337;1.41;0.97;0;1306.0;21.0;80.25;15.0;0;13.36;14.58;95.40;159.07;2.31;124674.0;0;0;54.0;4541.0;975.44;781.24;1.0;1.0;0;1.0;0;0;1.0;0;0;1.0;0;0;1.0;1.0;0;0;0;0;0
438944;1.28;0.96;0;1268.0;21.0;80.25;18.0;0;13.98;14.48;81.49;162.23;2.31;124674.0;0;0;55.0;4497.0;975.44;703.11;1.0;1.0;0;1.0;0;0;1.0;0;0;1.0;0;0;1.0;1.0;0;0;0;0;0
439492;1.33;0.96;5.0;1279.0;21.0;80.25;17.25;0;13.97;14.39;71.18;133.40;2.31;124674.0;6.0;6.0;57.0;4528.0;975.44;19.53;1.0;1.0;0;1.0;0;0;1.0;0;0;1.0;0;0;1.0;1.0;0;0;0;0;0
439992;1.36;0.97;7.0;1266.0;21.0;80.25;18.0;0;14.19;14.67;56.32;103.52;2.31;124674.0;7.0;7.0;56.0;4508.0;975.44;39.06;1.0;1.0;0;1.0;0;0;1.0;0;0;1.0;0;0;1.0;1.0;0;0;0;0;0
440517;1.39;0.99;8.0;1288.0;21.0;80.25;16.5;0;13.87;14.39;43.23;79.52;2.31;124674.0;8.0;8.0;56.0;4496.0;975.44;39.06;1.0;1.0;0;1.0;0;0;1.0;0;0;1.0;0;0;1.0;1.0;0;0;0;0;0
441041;1.48;1.00;10.0;1233.0;21.0;80.25;20.25;0;14.53;14.48;35.29;57.92;2.31;124674.0;10.0;10.0;57.0;4501.0;975.44;58.59;1.0;1.0;0;1.0;0;0;1.0;0;0;1.0;0;0;1.0;1.0;0;0;0;0;0
441579;1.32;1.02;11.0;1361.0;21.0;80.25;15.0;0;13.62;14.39;25.66;44.46;2.31;124674.0;12.0;12.0;56.0;4511.0;975.44;683.58;1.0;1.0;0;1.0;1.0;0;1.0;0;0;1.0;0;0;1.0;1.0;0;0;1.0;0;0
442100;1.31;1.00;12.0;1292.0;21.0;80.25;14.25;0;13.39;14.58;21.01;30.70;2.31;124674.0;13.0;13.0;53.0;4513.0;975.44;800.77;1.0;1.0;0;1.0;1.0;0;1.0;0;0;1.0;0;0;1.0;1.0;0;0;1.0;0;0
442614;1.25;0.99;13.0;1338.0;21.0;80.25;14.25;0;13.17;14.48;15.25;24.23;2.31;124674.0;13.0;13.0;52.0;4522.0;975.44;800.77;1.0;1.0;0;1.0;0;0;1.0;0;0;1.0;0;0;1.0;1.0;0;0;0;0;0
443114;1.33;0.97;12.0;1342.0;21.0;80.25;15.0;0;13.18;14.58;26.77;24.80;2.31;124674.0;13.0;13.0;52.0;4520.0;975.44;722.64;1.0;1.0;0;1.0;0;0;1.0;0;0;1.0;0;0;1.0;1.0;0;0;0;0;0
443637;1.21;0.96;11.0;1303.0;21.0;80.25;15.0;0;13.18;14.67;19.49;18.04;2.31;124674.0;12.0;12.0;52.0;4508.0;975.44;273.43;1.0;1.0;0;1.0;0;0;1.0;0;0;1.0;0;0;1.0;1.0;0;0;0;0;0
444194;1.37;0.98;11.0;1286.0;21.0;80.25;16.5;0;13.47;14.58;16.83;13.82;2.31;124674.0;11.0;11.0;53.0;4511.0;975.44;58.59;1.0;1.0;0;1.0;0;0;1.0;0;0;1.0;0;0;1.0;1.0;0;0;0;0;0
444715;1.42;0.99;10.0;1294.0;21.0;80.25;15.75;0;13.35;14.58;11.60;11.93;2.31;124674.0;10.0;10.0;52.0;4508.0;975.44;546.86;1.0;1.0;0;1.0;0;0;1.0;0;0;1.0;0;0;1.0;1.0;0;0;0;0;0
445229;1.42;0.99;7.0;1289.0;21.0;80.25;15.75;0;13.37;14.48;10.87;8.65;2.31;124674.0;8.0;8.0;52.0;4506.0;975.44;839.83;1.0;1.0;0;1.0;0;0;1.0;0;0;1.0;0;0;1.0;1.0;0;0;0;0;0
445724;1.34;0.97;6.0;1246.0;21.0;80.25;19.5;0;14.01;14.58;7.87;6.60;2.31;124674.0;6.0;6.0;52.0;4519.0;975.44;820.30;1.0;1.0;0;1.0;0;0;1.0;0;0;1.0;0;0;1.0;1.0;0;0;0;0;0
446255;1.30;0.96;3.0;1278.0;21.0;80.25;16.5;0;13.59;14.39;8.12;6.85;2.31;124674.0;3.0;3.0;53.0;4511.0;975.44;761.70;1.0;1.0;0;1.0;0;0;1.0;0;0;1.0;0;0;0;1.0;0;0;0;0;0
446830;1.42;0.94;0;1241.0;21.0;80.25;19.5;0;14.07;14.39;8.10;5.19;2.31;124674.0;0;0;54.0;4510.0;975.44;58.59;1.0;1.0;0;1.0;0;0;1.0;0;0;1.0;0;0;1.0;1.0;0;0;0;0;0
447330;1.25;0.96;0;1305.0;21.0;80.25;15.0;0;13.32;14.39;16.07;22.45;2.31;124674.0;0;0;54.0;4505.0;975.44;39.06;1.0;1.0;0;1.0;0;0;1.0;0;0;1.0;0;0;1.0;1.0;0;0;0;0;0
447847;1.28;0.97;0;1260.0;21.0;80.25;18.0;0;14.00;14.20;20.76;94.27;2.58;124674.0;0;0;54.0;4517.0;975.44;58.59;1.0;1.0;0;1.0;0;0;1.0;0;0;1.0;0;0;1.0;1.0;0;0;0;0;0
448370;1.41;0.98;0;1292.0;21.0;81.0;15.75;0;13.52;14.48;19.70;114.30;2.31;124674.0;0;0;54.0;4506.0;975.44;800.77;1.0;1.0;0;1.0;0;0;1.0;0;0;1.0;0;0;1.0;1.0;0;0;0;0;0
448872;1.32;0.96;0;1265.0;21.0;81.0;16.5;0;13.65;14.48;19.15;104.25;2.31;124674.0;0;0;53.0;4516.0;975.44;703.11;1.0;1.0;0;1.0;0;0;1.0;0;0;1.0;0;0;1.0;1.0;0;0;0;0;0
449382;1.64;0.95;0;1244.0;21.0;81.0;12.75;1.17;13.92;14.39;21.24;92.63;2.31;124674.0;0;0;56.0;4502.0;975.44;800.77;1.0;1.0;0;1.0;0;0;1.0;0;0;1.0;0;0;1.0;1.0;0;0;0;0;0
449904;2.29;0.93;5.0;1338.0;21.0;81.0;12.75;2.74;18.89;14.29;19.90;88.70;2.58;124674.0;5.0;5.0;56.0;4509.0;975.44;449.21;1.0;1.0;0;1.0;0;0;1.0;0;0;1.0;0;0;1.0;1.0;0;0;0;0;0
450476;2.36;0.94;10.0;1473.0;21.0;81.0;12.75;3.13;18.39;14.48;16.46;64.62;2.31;124674.0;10.0;10.0;55.0;4550.0;975.44;703.11;1.0;1.0;0;1.0;0;0;1.0;0;0;1.0;0;0;1.0;1.0;0;0;0;0;0
450976;1.21;1.00;11.0;1357.0;21.0;81.0;15.0;0;13.38;14.48;66.51;101.53;2.31;124674.0;12.0;12.0;53.0;4497.0;975.44;19.53;1.0;1.0;0;1.0;0;0;1.0;0;0;1.0;0;0;1.0;1.0;0;0;0;0;0
451479;1.37;1.01;12.0;1355.0;21.0;81.0;14.25;0;13.21;14.48;52.43;78.00;2.31;124674.0;12.0;12.0;52.0;4503.0;975.44;839.83;1.0;1.0;0;1.0;0;0;1.0;0;0;1.0;0;0;1.0;1.0;0;0;0;0;0
452003;1.33;0.99;12.0;1416.0;21.0;81.0;15.75;0;13.30;14.48;54.82;64.21;2.31;124674.0;13.0;13.0;52.0;4505.0;975.44;839.83;1.0;1.0;0;1.0;0;0;1.0;0;0;1.0;0;0;1.0;1.0;0;0;0;0;0
452502;1.20;0.98;13.0;1475.0;21.0;81.0;15.75;0;13.35;14.58;39.93;46.77;2.31;124674.0;13.0;13.0;52.0;4502.0;975.44;820.30;1.0;1.0;0;1.0;0;0;1.0;0;0;1.0;0;0;1.0;1.0;0;0;0;0;0
453026;1.23;0.96;13.0;1449.0;21.0;81.0;15.75;0;13.32;14.48;29.08;37.20;2.31;124674.0;13.0;13.0;52.0;4514.0;975.44;800.77;1.0;1.0;0;1.0;0;0;1.0;0;0;1.0;0;0;1.0;1.0;0;0;0;0;0
453527;1.14;0.94;12.0;1418.0;21.0;81.0;15.75;0;13.32;14.48;21.15;27.06;2.31;124674.0;13.0;13.0;53.0;4499.0;975.44;761.70;1.0;1.0;0;1.0;0;0;1.0;0;0;1.0;0;0;1.0;1.0;0;0;0;0;0
454061;1.17;0.94;12.0;1417.0;21.0;81.0;15.75;0;13.32;14.29;16.22;19.68;2.58;124674.0;13.0;13.0;53.0;4506.0;975.44;234.37;1.0;1.0;0;1.0;0;0;1.0;0;0;1.0;0;0;1.0;1.0;0;0;0;0;0
454560;1.24;0.95;11.0;1329.0;21.0;81.0;13.5;0;12.99;14.39;11.17;13.55;2.31;124674.0;12.0;12.0;52.0;4520.0;975.44;39.06;1.0;1.0;0;1.0;0;0;1.0;0;0;1.0;0;0;1.0;1.0;0;0;0;0;0
455081;1.39;0.97;8.0;1207.0;21.0;81.0;21.0;0;14.28;14.29;9.99;16.60;2.58;124674.0;9.0;9.0;53.0;4532.0;975.44;39.06;1.0;1.0;0;1.0;0;0;1.0;0;0;1.0;0;0;1.0;1.0;0;0;0;0;0
455624;1.44;0.98;8.0;1265.0;21.0;81.0;17.25;0;13.71;14.39;18.55;28.63;2.31;124674.0;8.0;8.0;55.0;4501.0;975.44;156.24;1.0;1.0;0;1.0;0;0;1.0;0;0;1.0;0;0;1.0;1.0;0;0;0;0;0
456149;2.49;1.00;10.0;1672.0;21.0;81.0;3.75;3.13;13.64;14.48;72.51;54.87;2.31;124674.0;10.0;10.0;54.0;4589.0;975.44;898.42;1.0;1.0;0;1.0;0;0;1.0;0;0;1.0;0;0;1.0;1.0;0;0;0;0;0
456659;0.8;1.00;12.0;1807.0;21.0;81.0;9.0;0;8.93;14.48;130.75;79.36;2.31;124674.0;12.0;12.0;54.0;4506.0;975.44;839.83;1.0;1.0;0;1.0;0;0;1.0;0;0;1.0;0;0;1.0;1.0;0;0;0;0;0
457180;1.37;0.99;13.0;1385.0;21.0;81.0;15.75;0;13.43;14.48;114.75;79.79;2.31;124674.0;13.0;13.0;53.0;4463.0;975.44;878.89;1.0;1.0;0;1.0;0;0;1.0;0;0;1.0;0;0;1.0;1.0;0;0;0;0;0
457679;1.23;0.97;12.0;1402.0;21.0;81.0;15.75;0;13.32;14.48;83.60;58.14;2.31;124674.0;13.0;13.0;52.0;4510.0;975.52;859.36;1.0;1.0;0;1.0;0;0;1.0;0;0;1.0;0;0;1.0;1.0;0;0;0;0;0
458191;1.24;0.95;12.0;1351.0;21.0;81.0;14.25;0;13.09;14.48;60.91;44.64;2.31;124674.0;12.0;12.0;51.0;4514.0;975.63;820.30;1.0;1.0;0;1.0;0;0;1.0;0;0;1.0;0;0;1.0;1.0;0;0;0;0;0
458712;1.16;0.94;12.0;1363.0;21.0;81.0;15.75;0;13.30;14.58;54.37;32.49;2.31;124674.0;12.0;12.0;51.0;4520.0;975.59;644.52;1.0;1.0;0;1.0;0;0;1.0;0;0;1.0;0;0;1.0;1.0;0;0;0;0;0
459250;1.28;0.94;12.0;1386.0;21.0;81.0;15.75;0;13.30;14.48;59.23;25.64;2.31;124674.0;13.0;13.0;52.0;4512.0;975.63;58.59;1.0;1.0;0;1.0;0;0;1.0;0;0;1.0;0;0;1.0;1.0;0;0;0;0;0
459774;4.03;1.00;13.0;1671.0;21.0;81.0;9.75;5.49;20.07;14.67;46.85;24.88;2.31;124674.0;13.0;13.0;54.0;4573.0;975.67;917.95;1.0;1.0;0;1.0;0;0;1.0;0;0;1.0;0;0;1.0;1.0;0;0;0;0;0
460355;0.43;1.00;17.0;2359.0;21.0;81.0;19.5;0;13.38;14.48;76.08;85.73;2.31;124674.0;17.0;18.0;56.0;4525.0;975.59;859.36;1.0;1.0;0;1.0;0;0;1.0;0;0;1.0;0;0;1.0;1.0;0;0;0;0;0
460916;3.95;1.00;21.0;2698.0;21.0;81.0;21.0;14.51;29.14;14.48;164.44;94.68;2.31;124674.0;20.0;21.0;54.0;4399.0;975.63;859.36;1.0;1.0;0;1.0;0;0;1.0;0;0;1.0;0;0;1.0;1.0;0;0;0;0;0
461416;3.53;0.96;28.0;3116.0;21.0;81.0;29.25;14.51;28.83;14.39;219.40;174.87;2.31;124674.0;28.0;28.0;54.0;4546.0;975.79;800.77;1.0;1.0;0;1.0;1.0;0;1.0;0;0;1.0;0;0;1.0;1.0;0;0;0;0;0
461931;1.39;1.00;28.0;1944.0;21.0;81.0;0.75;0;10.87;14.39;241.91;229.92;2.31;124674.0;29.0;29.0;80.0;4660.0;975.83;0;2.0;1.0;0;1.0;0;0;1.0;0;0;1.0;0;0;1.0;1.0;0;0;0;0;0
462431;1.76;1.00;28.0;2299.0;21.0;81.0;21.75;2.74;13.48;14.48;241.48;183.91;2.31;124674.0;29.0;29.0;54.0;4195.0;975.87;839.83;2.0;1.0;0;1.0;0;0;1.0;0;0;1.0;0;0;1.0;1.0;0;0;0;0;0
462953;1.78;0.98;30.0;2366.0;21.0;81.0;23.25;2.74;13.93;14.48;201.94;235.10;2.31;124674.0;30.0;30.0;54.0;4303.0;975.91;859.36;2.0;1.0;0;1.0;0;0;1.0;0;0;1.0;0;0;1.0;1.0;0;0;0;0;0
463472;1.04;0.97;31.0;2194.0;21.0;81.0;21.0;0.39;8.79;14.58;153.07;293.14;2.31;124674.0;31.0;31.0;54.0;4415.0;975.87;878.89;2.0;1.0;0;1.0;0;0;1.0;0;0;1.0;0;0;1.0;1.0;0;0;0;0;0
463971;1.08;0.95;30.0;2360.0;21.0;81.0;23.25;1.17;9.26;14.48;164.73;299.37;2.31;124674.0;31.0;30.0;54.0;4478.0;975.91;859.36;2.0;1.0;0;1.0;0;0;1.0;0;0;1.0;0;0;1.0;1.0;0;0;0;0;0
464491;1.40;0.94;30.0;2475.0;21.0;81.0;24.75;2.35;12.23;14.29;162.86;322.92;2.58;124674.0;31.0;31.0;54.0;4465.0;976.06;839.83;2.0;1.0;0;1.0;0;0;1.0;0;0;1.0;0;0;1.0;1.0;0;0;0;0;0
465047;1.56;0.92;31.0;2472.0;21.0;81.0;24.75;2.74;13.69;14.48;194.61;240.12;2.31;124674.0;32.0;32.0;54.0;4479.0;976.06;839.83;2.0;1.0;0;1.0;0;0;1.0;0;0;1.0;0;0;1.0;1.0;0;0;0;0;0
465557;1.47;0.90;32.0;2559.0;21.0;81.0;26.25;3.13;13.32;14.58;194.88;222.60;2.31;124674.0;33.0;33.0;54.0;4514.0;976.18;820.30;2.0;1.0;0;1.0;0;0;1.0;0;0;1.0;0;0;1.0;1.0;0;0;0;0;0
466079;1.68;0.88;33.0;2663.0;21.0;81.0;28.5;3.92;15.68;14.48;244.61;231.91;2.31;124674.0;34.0;34.0;54.0;4522.0;976.14;800.77;2.0;1.0;0;1.0;0;0;1.0;0;0;1.0;0;0;1.0;1.0;0;0;0;0;0
466635;1.6;0.85;36.0;2800.0;21.0;81.0;30.75;3.92;15.26;14.48;291.09;259.35;2.31;124674.0;36.0;36.0;54.0;4490.0;976.22;742.17;2.0;1.0;0;1.0;0;0;1.0;0;0;1.0;0;0;1.0;1.0;0;0;0;0;0
467211;0.62;1.00;37.0;2921.0;21.0;81.0;39.75;0;15.69;14.48;307.16;313.61;2.31;124674.0;37.0;38.0;54.0;4560.0;976.37;488.27;2.0;1.0;0;1.0;0;0;1.0;0;0;1.0;0;0;1.0;1.0;0;0;0;0;0
467713;1.36;1.00;37.0;2886.0;21.0;81.0;28.5;2.35;10.93;14.48;340.38;330.99;2.31;124674.0;37.0;37.0;54.0;4512.0;976.34;859.36;2.0;1.0;0;1.0;0;0;1.0;0;0;1.0;0;0;1.0;1.0;0;0;0;0;0
468215;1.44;0.99;37.0;2947.0;21.0;81.0;33.0;2.74;12.16;14.48;337.49;342.36;2.31;124674.0;38.0;38.0;54.0;4533.0;976.45;859.36;2.0;1.0;0;1.0;1.0;0;1.0;0;0;1.0;0;0;1.0;1.0;0;0;1.0;0;0
468739;0.98;1.00;37.0;1933.0;21.0;80.25;15.0;0;13.45;14.58;308.92;329.54;2.31;124674.0;38.0;38.0;54.0;4504.0;976.53;644.52;3.0;1.0;0;1.0;0;0;1.0;0;0;1.0;0;0;1.0;1.0;0;0;0;0;0
469263;0.88;1.00;37.0;2273.0;21.0;80.25;15.75;0;13.39;14.48;319.08;343.86;2.31;124674.0;38.0;37.0;53.0;4535.0;976.57;351.55;3.0;1.0;0;1.0;0;0;1.0;0;0;1.0;0;0;1.0;1.0;0;0;0;0;0
469815;2.65;0.99;37.0;2357.0;21.0;80.25;-3.0;5.49;11.09;14.58;316.87;297.28;2.31;124674.0;37.0;38.0;55.0;4444.0;976.61;839.83;3.0;1.0;0;1.0;0;0;1.0;0;0;1.0;0;0;1.0;1.0;0;0;0;0;0
470318;2.46;0.97;38.0;2417.0;21.0;80.25;7.5;5.49;15.39;14.58;282.34;332.96;2.31;124674.0;39.0;39.0;55.0;4468.0;976.65;820.30;3.0;1.0;0;1.0;0;0;1.0;0;0;1.0;0;0;1.0;1.0;0;0;0;0;0
470831;1.86;0.94;40.0;2482.0;21.0;80.25;15.0;3.92;14.59;14.39;250.27;346.26;2.31;124674.0;41.0;41.0;55.0;4490.0;976.65;839.83;3.0;1.0;0;1.0;0;0;1.0;0;0;1.0;0;0;1.0;1.0;0;0;0;0;0
471378;1.21;0.93;41.0;2507.0;21.0;80.25;21.0;1.96;10.37;14.48;246.54;284.64;2.31;124674.0;42.0;42.0;55.0;4521.0;976.65;859.36;3.0;1.0;0;1.0;0;0;1.0;0;0;1.0;0;0;1.0;1.0;0;0;0;0;0
471877;1.52;0.91;42.0;2719.0;21.0;80.25;26.25;3.13;13.54;14.48;266.70;263.73;2.31;124674.0;43.0;42.0;55.0;4537.0;976.69;800.77;3.0;1.0;0;1.0;0;0;1.0;0;0;1.0;0;0;1.0;1.0;0;0;0;0;0
472389;1.59;0.89;43.0;2756.0;21.0;80.25;30.0;3.52;14.64;14.39;310.13;311.38;2.31;124674.0;44.0;44.0;55.0;4513.0;976.69;761.70;3.0;1.0;0;1.0;0;0;1.0;0;0;1.0;0;0;1.0;1.0;0;0;0;0;0
472912;0.51;1.00;45.0;2765.0;21.0;80.25;30.75;0;8.91;14.48;313.96;335.17;2.31;124674.0;45.0;46.0;55.0;4527.0;976.69;351.55;3.0;1.0;0;1.0;0;0;1.0;0;0;1.0;0;0;1.0;1.0;0;0;0;0;0
473482;4.24;1.00;46.0;4542.0;21.0;80.25;34.5;19.21;30.19;14.48;342.36;324.06;2.31;124674.0;45.0;46.0;55.0;4504.0;976.69;820.30;3.0;1.0;0;1.0;0;0;1.0;0;0;1.0;0;0;1.0;1.0;0;0;0;0;0
474038;6.63;1.00;53.0;3318.0;21.0;80.25;15.0;32.16;40.99;14.48;344.68;314.90;2.31;124674.0;53.0;54.0;55.0;4508.0;976.69;742.17;3.0;1.0;0;1.0;0;0;1.0;0;0;1.0;0;0;1.0;1.0;0;0;0;0;0
474604;0.29;1.00;57.0;3491.0;21.0;80.25;-30.0;0;0;14.48;341.18;339.50;2.31;124674.0;58.0;56.0;55.0;4585.0;976.69;58.59;3.0;1.0;0;1.0;0;0;1.0;0;0;0;0;0;1.0;1.0;0;0;0;0;0
475162;0.56;1.00;52.0;3155.0;21.0;80.25;-30.0;0;0;14.58;348.78;321.07;2.31;124674.0;52.0;52.0;55.0;4600.0;976.69;0;3.0;1.0;0;1.0;0;0;1.0;0;0;1.0;0;0;1.0;1.0;0;0;0;0;0
475714;0.64;1.00;47.0;2862.0;21.0;80.25;-30.0;0;0;14.58;251.50;244.65;2.31;124674.0;47.0;47.0;55.0;4643.0;976.69;0;3.0;1.0;0;1.0;0;0;1.0;0;0;1.0;0;0;1.0;1.0;0;0;0;0;0
476225;0.72;1.00;42.0;2607.0;21.0;79.5;-30.0;0;0;14.48;228.03;211.04;2.31;124674.0;43.0;43.0;55.0;4682.0;976.69;0;3.0;1.0;0;1.0;0;0;1.0;0;0;1.0;0;0;1.0;1.0;0;0;0;0;0
476726;0.90;1.00;36.0;2234.0;21.0;79.5;14.25;0;13.47;14.48;213.09;189.94;2.31;124674.0;36.0;36.0;56.0;4331.0;976.69;19.53;3.0;1.0;0;1.0;0;0;1.0;0;0;1.0;0;0;1.0;1.0;0;0;0;0;0
477240;1.07;1.00;31.0;1901.0;21.0;79.5;15.0;0;13.40;14.39;216.11;130.57;2.31;124674.0;32.0;31.0;55.0;4295.0;976.69;39.06;3.0;1.0;0;1.0;0;0;1.0;0;0;1.0;0;0;1.0;1.0;0;0;0;0;0
477764;1.06;1.00;30.0;1884.0;21.0;79.5;15.0;0;13.50;14.39;224.59;132.51;2.31;124674.0;31.0;31.0;55.0;4420.0;976.69;742.17;3.0;1.0;0;1.0;0;0;1.0;0;0;1.0;0;0;1.0;1.0;0;0;0;0;0
478286;0.96;1.00;30.0;1900.0;21.0;79.5;15.75;0;13.50;14.39;273.02;173.05;2.31;124674.0;31.0;31.0;54.0;4491.0;976.69;58.59;3.0;1.0;0;1.0;0;0;1.0;0;0;1.0;0;0;1.0;1.0;0;0;0;0;0
478876;1.12;1.00;30.0;1867.0;21.0;79.5;15.75;0.78;9.51;14.39;307.92;236.37;2.31;124674.0;31.0;30.0;55.0;4526.0;976.80;58.59;3.0;1.0;0;1.0;0;0;1.0;0;0;1.0;0;0;1.0;1.0;0;0;0;0;0
479398;1.37;1.01;31.0;1932.0;21.0;79.5;15.0;0.39;11.52;14.48;327.71;228.75;2.31;124674.0;32.0;31.0;55.0;4520.0;976.80;58.59;3.0;1.0;0;1.0;0;0;1.0;0;0;1.0;0;0;1.0;1.0;0;0;0;0;0
479915;1.03;1.00;31.0;1949.0;21.0;79.5;15.75;0;13.60;14.39;321.91;240.68;2.31;124674.0;32.0;32.0;55.0;4510.0;976.92;800.77;3.0;1.0;0;1.0;0;0;1.0;0;0;1.0;0;0;1.0;1.0;0;0;0;0;0
480414;0.96;1.00;31.0;1946.0;21.0;79.5;15.0;0;13.38;14.48;285.37;247.52;2.31;124674.0;32.0;31.0;55.0;4507.0;977.12;722.64;3.0;1.0;0;1.0;0;0;1.0;0;0;1.0;0;0;1.0;1.0;0;0;0;0;0
480946;1.02;1.00;30.0;1839.0;21.0;79.5;14.25;0;13.55;14.48;281.58;252.65;2.31;124674.0;29.0;30.0;55.0;4519.0;977.35;58.59;3.0;1.0;0;1.0;0;0;1.0;0;0;1.0;0;0;1.0;1.0;0;0;0;0;0
481445;1.06;1.01;28.0;1772.0;21.0;79.5;15.0;0;13.50;14.48;211.72;211.58;2.31;124674.0;29.0;29.0;54.0;4523.0;977.55;449.21;3.0;1.0;0;1.0;0;0;1.0;0;0;1.0;0;0;1.0;1.0;0;0;0;0;0
482029;1.06;1.00;28.0;1752.0;21.0;79.5;15.0;0;13.36;14.39;146.37;174.52;2.31;124674.0;29.0;29.0;54.0;4515.0;977.62;839.83;3.0;1.0;0;1.0;0;0;1.0;0;0;1.0;0;0;1.0;1.0;0;0;0;0;0
482569;1.08;0.99;28.0;1746.0;21.0;79.5;15.75;0;13.47;14.48;108.29;140.26;2.31;124674.0;29.0;28.0;53.0;4510.0;977.66;859.36;3.0;1.0;0;1.0;0;0;1.0;0;0;1.0;0;0;1.0;1.0;0;0;0;0;0
483094;1.05;0.97;28.0;1769.0;21.0;79.5;16.5;0;13.54;14.39;73.33;115.93;2.31;124674.0;29.0;29.0;52.0;4500.0;977.74;703.11;3.0;1.0;0;1.0;0;0;1.0;0;0;1.0;0;0;1.0;1.0;0;0;0;0;0
483632;2.04;1.00;28.0;1786.0;21.0;79.5;7.5;1.96;11.65;14.48;60.87;111.61;2.31;124674.0;29.0;29.0;55.0;4529.0;977.78;878.89;3.0;1.0;0;1.0;0;0;1.0;0;0;1.0;0;0;1.0;1.0;0;0;0;0;0
484155;1.16;1.00;30.0;1784.0;21.0;79.5;11.25;0.39;11.66;14.39;138.01;198.89;2.31;124674.0;30.0;30.0;55.0;4520.0;977.82;839.83;3.0;1.0;0;1.0;0;0;1.0;0;0;1.0;0;0;1.0;1.0;0;0;0;0;0
484662;1.03;1.00;30.0;1871.0;21.0;79.5;15.0;0;13.50;14.58;183.85;241.62;2.31;124674.0;30.0;30.0;54.0;4503.0;977.86;859.36;3.0;1.0;0;1.0;0;0;1.0;0;0;1.0;0;0;1.0;1.0;0;0;0;0;0
485188;1.15;0.99;30.0;1898.0;21.0;79.5;15.75;0.39;12.48;14.58;239.86;223.75;2.31;124674.0;30.0;30.0;55.0;4506.0;977.86;839.83;3.0;1.0;0;1.0;0;0;1.0;0;0;1.0;0;0;1.0;1.0;0;0;0;0;0
485731;1.08;1.00;30.0;1839.0;21.0;79.5;15.0;0;13.53;14.48;279.33;255.37;2.31;124674.0;30.0;30.0;53.0;4499.0;977.86;781.24;3.0;1.0;0;1.0;0;0;1.0;0;0;1.0;0;0;1.0;1.0;0;0;0;0;0
486286;1.08;0.99;28.0;1796.0;21.0;79.5;15.0;0;13.45;14.58;296.11;254.26;2.31;124674.0;29.0;29.0;53.0;4507.0;977.90;820.30;3.0;1.0;0;1.0;0;0;1.0;0;0;1.0;0;0;1.0;1.0;0;0;0;0;0
486844;1.13;0.98;26.0;1631.0;21.0;79.5;16.5;0;13.43;14.58;235.31;224.53;2.31;124674.0;27.0;27.0;54.0;4502.0;977.90;820.30;3.0;1.0;0;1.0;0;0;1.0;0;0;1.0;0;0;1.0;1.0;0;0;0;0;0
487571;1.15;0.96;25.0;1529.0;21.0;79.5;15.0;0;13.35;14.39;185.55;210.76;2.31;124674.0;25.0;25.0;54.0;4481.0;977.90;722.64;3.0;1.0;0;1.0;0;0;1.0;0;0;1.0;0;0;1.0;1.0;0;0;0;0;0
488132;1.17;0.94;23.0;1487.0;21.0;79.5;15.0;0;13.42;14.48;126.76;213.89;2.31;124674.0;24.0;24.0;54.0;4519.0;977.90;195.31;3.0;1.0;0;1.0;0;0;1.0;0;0;1.0;0;0;1.0;1.0;0;0;0;0;0
488675;2.15;1.00;25.0;1604.0;21.0;79.5;6.0;2.35;12.86;14.67;115.14;208.13;2.31;124674.0;25.0;25.0;55.0;4567.0;977.90;878.89;3.0;1.0;0;1.0;0;0;1.0;0;0;1.0;0;0;1.0;1.0;0;0;0;0;0
489277;2.08;0.98;26.0;1626.0;21.75;79.5;9.75;2.35;14.69;14.58;102.59;201.00;2.31;124674.0;26.0;26.0;55.0;4536.0;977.98;820.30;3.0;1.0;0;1.0;1.0;0;1.0;0;0;1.0;0;0;1.0;1.0;0;0;1.0;0;0
489847;1.32;1.00;27.0;1375.0;21.75;79.5;15.75;0;13.58;14.39;101.92;188.99;2.31;124674.0;27.0;27.0;53.0;4462.0;978.21;332.02;3.0;1.0;0;1.0;1.0;0;1.0;0;0;1.0;0;0;1.0;1.0;0;0;0;0;0
490365;1.21;0.99;27.0;1392.0;21.75;80.25;16.5;0;13.59;14.48;70.46;130.67;2.31;124674.0;28.0;28.0;52.0;4484.0;978.33;839.83;3.0;1.0;0;1.0;0;0;1.0;0;0;1.0;0;0;1.0;1.0;0;0;0;0;0
490865;1.24;0.98;28.0;1322.0;21.75;80.25;14.25;0;13.19;14.48;51.32;95.22;2.31;124674.0;29.0;28.0;52.0;4506.0;978.37;820.30;3.0;1.0;0;1.0;0;0;1.0;0;0;1.0;0;0;1.0;1.0;0;0;0;0;0
491396;1.01;0.99;30.0;1790.0;21.75;80.25;16.5;0;13.50;14.48;40.52;69.35;2.31;124674.0;30.0;29.0;54.0;4539.0;978.52;175.77;3.0;1.0;0;1.0;0;0;1.0;0;0;1.0;0;0;1.0;1.0;0;0;0;0;0
491979;1.08;1.00;28.0;1706.0;21.75;80.25;16.5;0;13.46;14.48;33.25;58.12;2.31;124674.0;29.0;28.0;52.0;4539.0;978.72;410.15;3.0;1.0;0;1.0;0;0;1.0;0;0;1.0;0;0;1.0;1.0;0;0;0;0;0
492497;1.22;0.99;28.0;1746.0;21.75;80.25;13.5;0.78;9.92;14.39;61.36;40.17;2.31;124674.0;28.0;28.0;55.0;4519.0;978.80;781.24;3.0;1.0;0;1.0;0;0;1.0;0;0;1.0;0;0;1.0;1.0;0;0;0;0;0
493063;1.32;0.98;28.0;1742.0;21.75;80.25;13.5;1.17;10.77;14.48;130.67;94.79;2.31;124674.0;29.0;29.0;55.0;4501.0;978.87;527.33;3.0;1.0;0;1.0;0;0;1.0;0;0;1.0;0;0;1.0;1.0;0;0;0;0;0
493599;1.26;0.98;28.0;1796.0;21.75;80.25;13.5;0.78;10.45;14.48;172.66;111.00;2.31;124674.0;29.0;29.0;55.0;4521.0;978.99;19.53;3.0;1.0;0;1.0;0;0;1.0;0;0;1.0;0;0;1.0;1.0;0;0;0;0;0
494145;1.22;1.00;28.0;1795.0;21.75;80.25;14.25;0.78;10.18;14.48;184.32;120.24;2.31;124674.0;29.0;29.0;55.0;4517.0;978.95;39.06;3.0;1.0;0;1.0;0;0;1.0;0;0;1.0;0;0;1.0;1.0;0;0;0;0;0
494690;1.23;1.01;30.0;1833.0;21.75;80.25;15.0;1.17;10.04;14.48;167.35;132.02;2.31;124674.0;30.0;30.0;55.0;4491.0;978.95;39.06;3.0;1.0;0;1.0;0;0;1.0;0;0;1.0;0;0;1.0;1.0;0;0;0;0;0
495240;1.12;1.03;30.0;1825.0;21.75;80.25;15.75;0.39;9.58;14.39;182.50;120.57;2.31;124674.0;30.0;30.0;55.0;4508.0;979.03;58.59;3.0;1.0;0;1.0;0;0;1.0;0;0;1.0;0;0;1.0;1.0;0;0;0;0;0
495832;1.06;1.00;28.0;1825.0;21.75;80.25;15.0;0;13.45;14.48;180.94;156.45;2.31;124674.0;29.0;29.0;54.0;4506.0;979.07;839.83;3.0;1.0;0;1.0;0;0;1.0;0;0;1.0;0;0;1.0;1.0;0;0;0;0;0
496339;1.08;1.00;28.0;1802.0;21.75;80.25;15.0;0;13.41;14.48;152.58;158.52;2.31;124674.0;29.0;29.0;52.0;4510.0;979.11;859.36;3.0;1.0;0;1.0;0;0;1.0;0;0;1.0;0;0;1.0;1.0;0;0;0;0;0
496864;0.99;0.98;28.0;1792.0;21.75;80.25;16.5;0;13.47;14.29;117.45;118.80;2.58;124674.0;29.0;29.0;53.0;4505.0;979.11;117.18;3.0;1.0;0;1.0;0;0;1.0;0;0;1.0;0;0;1.0;1.0;0;0;0;0;0
497457;1.10;0.98;26.0;1686.0;21.75;80.25;15.75;0;13.36;14.29;82.98;89.89;2.58;124674.0;27.0;27.0;51.0;4505.0;979.11;820.30;3.0;1.0;0;1.0;0;0;1.0;0;0;1.0;0;0;1.0;1.0;0;0;0;0;0
497963;1.19;0.97;22.0;1419.0;21.75;80.25;15.75;0;13.39;14.48;70.32;64.91;2.31;124674.0;22.0;22.0;52.0;4479.0;979.15;820.30;3.0;1.0;0;1.0;1.0;0;1.0;0;0;1.0;0;0;1.0;1.0;0;0;1.0;0;0
498487;1.25;0.95;18.0;1281.0;21.75;80.25;16.5;0;13.56;14.58;54.72;49.84;2.31;124674.0;19.0;18.0;53.0;4486.0;979.15;722.64;3.0;1.0;0;1.0;0;0;1.0;0;0;1.0;0;0;1.0;1.0;0;0;0;0;0
499058;1.29;0.95;17.0;1240.0;21.75;80.25;19.5;0;14.04;14.58;43.33;34.43;2.31;124674.0;17.0;17.0;53.0;4495.0;979.15;39.06;3.0;1.0;0;1.0;1.0;0;1.0;0;0;1.0;0;0;1.0;1.0;0;0;1.0;0;0
499583;1.31;0.97;15.0;1281.0;21.75;80.25;16.5;0;13.61;14.29;37.45;32.63;2.58;124674.0;16.0;16.0;53.0;4520.0;979.15;39.06;3.0;1.0;0;1.0;0;0;1.0;0;0;1.0;0;0;1.0;1.0;0;0;0;0;0
500144;1.28;0.98;13.0;1269.0;21.75;80.25;16.5;0;13.61;14.48;28.74;23.72;2.31;124674.0;14.0;14.0;53.0;4513.0;979.15;39.06;3.0;1.0;0;1.0;0;0;1.0;0;0;1.0;0;0;1.0;1.0;0;0;0;0;0
500669;1.36;1.00;12.0;1257.0;21.75;81.0;18.0;0;13.93;14.48;20.91;17.22;2.31;124674.0;12.0;12.0;53.0;4503.0;979.15;58.59;3.0;1.0;0;1.0;0;0;1.0;0;0;1.0;0;0;1.0;1.0;0;0;0;0;0
501209;1.30;1.02;11.0;1335.0;21.75;81.0;14.25;0;13.23;14.39;15.19;19.76;2.31;124674.0;11.0;11.0;53.0;4529.0;979.15;58.59;3.0;1.0;0;1.0;1.0;0;1.0;0;0;1.0;0;0;1.0;1.0;0;0;1.0;0;0
501779;1.38;1.03;8.0;1286.0;21.75;81.0;15.0;0;13.26;14.39;20.44;16.60;2.31;124674.0;9.0;9.0;52.0;4508.0;979.15;78.12;3.0;1.0;0;1.0;1.0;0;1.0;0;0;1.0;0;0;1.0;1.0;0;0;1.0;0;0
502279;1.42;1.05;7.0;1248.0;21.75;81.0;17.25;0;13.70;14.58;16.30;18.94;2.31;124674.0;8.0;8.0;52.0;4523.0;979.15;351.55;2.0;1.0;0;1.0;1.0;0;1.0;0;0;1.0;0;0;1.0;1.0;0;0;1.0;0;0
502793;1.34;1.05;7.0;1292.0;21.75;81.0;14.25;0;13.11;14.39;16.73;24.45;2.31;124674.0;8.0;8.0;51.0;4501.0;979.15;781.24;1.0;1.0;0;1.0;1.0;0;1.0;0;0;1.0;0;0;1.0;1.0;0;0;1.0;0;0
503330;1.28;1.03;7.0;1307.0;21.75;81.0;13.5;0;12.91;14.48;46.71;37.41;2.31;124674.0;7.0;7.0;50.0;4511.0;979.15;820.30;1.0;1.0;0;1.0;1.0;0;1.0;0;0;1.0;0;0;1.0;1.0;0;0;1.0;0;0
503883;1.36;1.02;6.0;1252.0;21.75;81.0;17.25;0;13.56;14.58;95.79;83.41;2.31;124674.0;6.0;6.0;51.0;4515.0;979.15;781.24;1.0;1.0;0;1.0;1.0;0;1.0;0;0;1.0;0;0;1.0;1.0;0;0;1.0;0;0
504389;1.27;1.00;5.0;1312.0;21.75;81.0;13.5;0;12.86;14.48;109.23;80.95;2.31;124674.0;5.0;5.0;51.0;4522.0;979.15;214.84;1.0;1.0;0;1.0;1.0;0;1.0;0;0;1.0;0;0;1.0;1.0;0;0;1.0;0;0
504910;1.42;1.02;2.0;1241.0;21.75;81.0;18.0;0;13.70;14.39;145.36;99.19;2.31;124674.0;3.0;3.0;51.0;4501.0;979.15;58.59;1.0;1.0;0;1.0;0;0;1.0;0;0;1.0;0;0;1.0;1.0;0;0;0;0;0
505423;1.34;1.03;0;1264.0;21.75;81.0;16.5;0;13.39;14.39;158.52;116.28;2.31;124674.0;0;0;51.0;4511.0;979.15;78.12;1.0;1.0;0;1.0;0;0;1.0;0;0;1.0;0;0;1.0;1.0;0;0;0;0;0
505922;1.52;1.05;0;1233.0;21.75;81.0;19.5;0;13.87;14.39;149.36;132.06;2.31;124674.0;0;0;52.0;4510.0;979.15;78.12;1.0;1.0;0;1.0;0;0;1.0;0;0;1.0;0;0;1.0;1.0;0;0;0;0;0
506447;1.46;1.05;0;1231.0;21.75;81.0;19.5;0;13.93;14.48;114.73;96.22;2.31;124674.0;0;0;52.0;4508.0;979.15;820.30;1.0;1.0;0;1.0;0;0;1.0;0;0;1.0;0;0;1.0;1.0;0;0;0;0;0
506949;1.35;1.04;0;1244.0;21.75;81.0;18.0;0;13.81;14.48;94.77;73.92;2.31;124674.0;0;0;52.0;4500.0;979.15;820.30;1.0;1.0;0;1.0;0;0;1.0;0;0;1.0;0;0;1.0;1.0;0;0;0;0;0
507474;1.40;1.02;0;1295.0;21.75;81.0;15.0;0;13.24;14.58;69.03;56.75;2.31;124674.0;0;0;53.0;4520.0;979.15;820.30;1.0;1.0;0;1.0;0;0;1.0;0;0;1.0;0;0;1.0;1.0;0;0;0;0;0
508040;1.34;1.00;0;1246.0;21.75;81.0;18.0;0;13.90;14.48;53.00;43.55;2.31;124674.0;0;0;53.0;4511.0;979.15;800.77;1.0;1.0;0;1.0;0;0;1.0;0;0;1.0;0;0;1.0;1.0;0;0;0;0;0
508540;1.30;0.99;0;1272.0;21.75;81.0;16.5;0;13.63;14.39;45.97;30.07;2.31;124674.0;0;0;53.0;4526.0;979.15;214.84;1.0;1.0;0;1.0;0;0;1.0;0;0;1.0;0;0;1.0;1.0;0;0;0;0;0
509094;1.35;1.00;0;1259.0;21.75;81.0;17.25;0;13.81;14.39;41.85;25.17;2.31;124674.0;0;0;54.0;4505.0;979.15;58.59;1.0;1.0;0;1.0;0;0;1.0;0;0;1.0;0;0;1.0;1.0;0;0;0;0;0
509693;1.40;1.02;5.0;1276.0;21.75;81.0;16.5;0;13.71;14.48;67.90;70.21;2.31;124674.0;5.0;5.0;57.0;4531.0;979.15;742.17;1.0;1.0;0;1.0;0;0;1.0;0;0;1.0;0;0;1.0;1.0;0;0;0;0;0
510254;1.36;1.00;6.0;1236.0;21.75;81.0;19.5;0;14.27;14.58;58.02;55.25;2.31;124674.0;6.0;6.0;56.0;4499.0;979.15;468.74;1.0;1.0;0;1.0;0;0;1.0;0;0;1.0;0;0;1.0;1.0;0;0;0;0;0
510775;1.32;1.00;7.0;1290.0;21.75;81.0;15.75;0;13.70;14.39;46.12;38.16;2.31;124674.0;8.0;8.0;55.0;4527.0;979.15;39.06;1.0;1.0;0;1.0;0;0;1.0;0;0;1.0;0;0;1.0;1.0;0;0;0;0;0
511332;1.41;1.02;8.0;1327.0;21.75;81.0;15.0;0;13.59;14.48;35.38;31.16;2.31;124674.0;9.0;9.0;56.0;4515.0;979.15;58.59;1.0;1.0;0;1.0;0;0;1.0;0;0;1.0;0;0;1.0;1.0;0;0;0;0;0
511849;1.44;1.03;8.0;1268.0;21.75;81.75;16.5;0;13.89;14.20;30.97;22.69;2.58;124674.0;9.0;9.0;54.0;4507.0;979.15;664.05;1.0;1.0;0;1.0;0;0;1.0;0;0;1.0;0;0;1.0;1.0;0;0;0;0;0
512348;1.44;1.02;8.0;1215.0;21.75;81.75;19.5;0;14.34;14.58;36.48;22.51;2.31;124674.0;9.0;9.0;55.0;4524.0;979.15;156.24;1.0;1.0;0;1.0;0;0;1.0;0;0;1.0;0;0;1.0;1.0;0;0;0;0;0
512873;1.39;1.04;8.0;1369.0;21.75;81.75;15.0;0;13.54;14.48;105.05;51.11;2.31;124674.0;9.0;9.0;54.0;4506.0;979.15;78.12;1.0;1.0;0;1.0;0;0;1.0;0;0;1.0;0;0;1.0;1.0;0;0;0;0;0
513419;1.34;1.04;8.0;1287.0;21.75;81.75;13.5;0;13.17;14.39;122.17;70.44;2.31;124674.0;9.0;9.0;52.0;4506.0;979.15;800.77;1.0;1.0;0;1.0;0;0;1.0;0;0;1.0;0;0;1.0;1.0;0;0;0;0;0
513944;1.33;1.02;8.0;1267.0;21.75;81.75;15.0;0;13.31;14.48;95.67;48.66;2.31;124674.0;9.0;9.0;52.0;4517.0;979.15;683.58;1.0;1.0;0;1.0;0;0;1.0;0;0;1.0;0;0;1.0;1.0;0;0;0;0;0
514514;1.40;1.01;8.0;1261.0;21.75;81.75;15.75;0;13.43;14.39;77.06;39.56;2.31;124674.0;9.0;9.0;52.0;4507.0;979.15;644.52;1.0;1.0;0;1.0;0;0;1.0;0;0;1.0;0;0;1.0;1.0;0;0;0;0;0
515070;1.43;1.01;7.0;1236.0;21.75;81.75;17.25;0;13.70;14.39;56.12;28.80;2.31;124674.0;8.0;8.0;52.0;4523.0;979.15;39.06;1.0;1.0;0;1.0;0;0;1.0;0;0;1.0;0;0;1.0;1.0;0;0;0;0;0
515573;1.49;1.02;7.0;1177.0;21.75;81.75;22.5;0;14.50;14.29;43.10;22.08;2.58;124674.0;7.0;7.0;53.0;4500.0;979.15;39.06;1.0;1.0;0;1.0;0;0;1.0;0;0;1.0;0;0;1.0;1.0;0;0;0;0;0
516094;1.47;1.04;6.0;1256.0;21.75;81.75;17.25;0;13.80;14.58;66.96;20.27;2.31;124674.0;7.0;7.0;53.0;4503.0;979.15;312.49;1.0;1.0;0;1.0;0;0;1.0;0;0;1.0;0;0;1.0;1.0;0;0;0;0;0
516618;1.60;1.04;7.0;1201.0;21.75;81.75;21.0;0;14.49;14.48;84.42;24.35;2.31;124674.0;8.0;8.0;56.0;4518.0;979.15;703.11;1.0;1.0;0;1.0;0;0;1.0;0;0;1.0;0;0;1.0;1.0;0;0;0;0;0
517164;1.40;1.02;8.0;1301.0;21.75;81.75;14.25;0;13.28;14.48;79.40;52.51;2.31;124674.0;8.0;8.0;53.0;4515.0;979.15;839.83;1.0;1.0;0;1.0;0;0;1.0;0;0;1.0;0;0;1.0;1.0;0;0;0;0;0
517721;1.47;1.00;8.0;1221.0;21.75;81.75;19.5;0;14.14;14.48;60.99;38.25;2.31;124674.0;9.0;9.0;53.0;4500.0;979.15;839.83;1.0;1.0;0;1.0;0;0;1.0;0;0;1.0;0;0;1.0;1.0;0;0;0;0;0
518252;1.28;0.99;11.0;1301.0;21.75;81.75;15.0;0;13.38;14.29;51.67;30.17;2.58;124674.0;11.0;11.0;54.0;4509.0;979.15;859.36;1.0;1.0;0;1.0;0;0;1.0;0;0;1.0;0;0;1.0;1.0;0;0;0;0;0
518875;1.35;0.97;11.0;1266.0;21.75;81.75;15.0;0;13.32;14.39;40.95;43.84;2.31;124674.0;11.0;11.0;52.0;4502.0;979.15;761.70;1.0;1.0;0;1.0;0;0;1.0;0;0;1.0;0;0;1.0;1.0;0;0;0;0;0
519382;1.30;0.96;11.0;1299.0;21.75;81.75;14.25;0;13.14;14.39;29.80;30.25;2.31;124674.0;11.0;12.0;51.0;4531.0;979.15;39.06;1.0;1.0;0;1.0;0;0;1.0;0;0;1.0;0;0;1.0;1.0;0;0;0;0;0
519903;1.2;0.98;12.0;1347.0;21.75;81.75;14.25;0;13.09;14.48;73.74;33.57;2.31;124674.0;12.0;12.0;51.0;4515.0;979.15;39.06;1.0;1.0;0;1.0;0;0;1.0;0;0;1.0;0;0;1.0;1.0;0;0;0;0;0
520421;1.22;0.99;12.0;1387.0;21.75;81.75;15.0;0;13.15;14.58;141.69;92.63;2.31;124674.0;12.0;12.0;51.0;4502.0;979.15;117.18;1.0;1.0;0;1.0;0;0;1.0;0;0;1.0;0;0;1.0;1.0;0;0;0;0;0
520934;1.26;1.00;12.0;1406.0;21.75;81.75;15.75;0;13.24;14.48;154.50;116.16;2.31;124674.0;13.0;13.0;50.0;4510.0;979.15;839.83;1.0;1.0;0;1.0;0;0;1.0;0;0;1.0;0;0;1.0;1.0;0;0;0;0;0
521433;1.28;0.98;12.0;1398.0;21.75;81.75;15.75;0;13.22;14.39;187.19;146.70;2.31;124674.0;13.0;13.0;50.0;4508.0;979.15;859.36;1.0;1.0;0;1.0;0;0;1.0;0;0;1.0;0;0;1.0;1.0;0;0;0;0;0
521959;1.25;0.96;12.0;1395.0;21.75;81.75;15.75;0;13.24;14.48;197.62;165.92;2.31;124674.0;13.0;13.0;50.0;4503.0;979.15;820.30;1.0;1.0;0;1.0;1.0;0;1.0;0;0;1.0;0;0;1.0;1.0;0;0;1.0;0;0
522458;1.23;0.95;12.0;1353.0;21.75;81.75;15.75;0;13.22;14.39;215.45;152.23;2.31;124674.0;13.0;13.0;50.0;4523.0;979.15;820.30;1.0;1.0;0;1.0;0;0;1.0;0;0;1.0;0;0;1.0;1.0;0;0;0;0;0
522981;1.16;0.93;11.0;1307.0;21.75;81.75;15.0;0;13.04;14.29;201.43;185.71;2.58;124674.0;12.0;12.0;50.0;4515.0;979.15;781.24;1.0;1.0;0;1.0;0;0;1.0;0;0;1.0;0;0;1.0;1.0;0;0;0;0;0
523494;1.27;0.92;10.0;1265.0;21.75;81.75;16.5;0;13.36;14.48;216.74;173.42;2.31;124674.0;10.0;10.0;51.0;4495.0;979.15;39.06;1.0;1.0;0;1.0;0;0;1.0;0;0;1.0;0;0;1.0;1.0;0;0;0;0;0
524016;1.28;0.94;8.0;1240.0;21.75;81.75;17.25;0;13.57;14.48;170.59;133.25;2.31;124674.0;9.0;9.0;52.0;4512.0;979.15;39.06;1.0;1.0;0;1.0;0;0;1.0;0;0;1.0;0;0;1.0;1.0;0;0;0;0;0
524531;1.36;0.96;7.0;1229.0;21.75;81.75;19.5;0;13.94;14.39;124.30;97.10;2.31;124674.0;8.0;8.0;53.0;4520.0;979.15;39.06;1.0;1.0;0;1.0;0;0;1.0;0;0;1.0;0;0;1.0;1.0;0;0;0;0;0
525029;1.30;0.97;6.0;1263.0;21.75;81.75;17.25;0;13.73;14.39;111.49;87.06;2.31;124674.0;6.0;6.0;54.0;4514.0;979.15;39.06;1.0;1.0;0;1.0;0;0;1.0;0;0;1.0;0;0;1.0;1.0;0;0;0;0;0
525560;1.32;0.99;6.0;1263.0;21.75;81.75;16.5;0;13.63;14.29;136.92;128.68;2.58;124674.0;6.0;6.0;54.0;4512.0;979.15;58.59;1.0;1.0;0;1.0;0;0;1.0;0;0;1.0;0;0;1.0;1.0;0;0;0;0;0
526118;1.36;1.00;5.0;1331.0;21.75;81.75;12.0;0;12.82;14.39;146.61;159.05;2.31;124674.0;5.0;5.0;53.0;4507.0;979.15;78.12;1.0;1.0;0;1.0;0;0;1.0;0;0;1.0;0;0;1.0;1.0;0;0;0;0;0
526642;1.36;1.02;5.0;1293.0;21.75;81.75;13.5;0;13.05;14.58;108.23;115.93;2.31;124674.0;5.0;5.0;52.0;4524.0;979.15;78.12;1.0;1.0;0;1.0;0;0;1.0;0;0;1.0;0;0;1.0;1.0;0;0;0;0;0
527242;1.45;1.04;3.0;1254.0;21.75;81.75;16.5;0;13.10;14.29;107.68;107.08;2.58;124674.0;4.0;4.0;51.0;4511.0;979.15;390.62;1.0;1.0;0;1.0;0;0;1.0;0;0;1.0;0;0;1.0;1.0;0;0;0;0;0
527741;1.46;1.05;5.0;1241.0;21.75;81.75;17.25;0;13.60;14.39;140.67;100.26;2.31;124674.0;5.0;5.0;51.0;4532.0;979.15;800.77;1.0;1.0;0;1.0;0;0;1.0;0;0;1.0;0;0;1.0;1.0;0;0;0;0;0
528278;1.32;1.05;5.0;1266.0;21.75;81.75;15.0;0;13.11;14.48;142.33;129.01;2.31;124674.0;5.0;5.0;50.0;4504.0;979.15;878.89;1.0;1.0;0;1.0;0;0;1.0;0;0;1.0;0;0;1.0;1.0;0;0;0;0;0
528779;1.42;1.03;3.0;1254.0;21.75;81.75;16.5;0;13.43;14.39;175.22;134.50;2.31;124674.0;4.0;4.0;51.0;4500.0;979.15;859.36;1.0;1.0;0;1.0;0;0;1.0;0;0;1.0;0;0;1.0;1.0;0;0;0;0;0
529301;1.45;1.01;2.0;1214.0;21.75;81.75;19.5;0;13.87;14.29;164.18;141.04;2.58;124674.0;3.0;3.0;51.0;4519.0;979.15;820.30;1.0;1.0;0;1.0;0;0;1.0;0;0;1.0;0;0;1.0;1.0;0;0;0;0;0
529814;1.34;1.00;0;1240.0;21.75;81.75;17.25;0;13.60;14.39;132.68;125.16;2.31;124674.0;0;0;52.0;4516.0;979.15;761.70;1.0;1.0;0;1.0;1.0;0;1.0;0;0;1.0;0;0;1.0;1.0;0;0;1.0;0;0
530336;1.32;0.98;0;1324.0;21.75;81.75;12.0;0;12.64;14.20;101.92;96.16;2.58;124674.0;0;0;51.0;4509.0;979.15;585.93;1.0;1.0;0;1.0;1.0;0;1.0;0;0;1.0;0;0;1.0;1.0;0;0;1.0;0;0
530838;1.36;0.99;0;1221.0;21.75;81.75;18.0;0;13.76;14.48;136.94;128.72;2.31;124674.0;0;0;51.0;4518.0;979.15;58.59;1.0;1.0;0;1.0;1.0;0;1.0;0;0;1.0;0;0;1.0;1.0;0;0;1.0;0;0
531405;1.42;1.00;0;1233.0;21.75;81.75;17.25;0;13.57;14.58;189.85;115.16;2.31;124674.0;0;0;51.0;4504.0;979.15;58.59;1.0;1.0;0;1.0;1.0;0;1.0;0;0;1.0;0;0;1.0;1.0;0;0;1.0;0;0
531904;1.36;1.02;0;1262.0;21.75;81.75;15.0;0;13.09;14.39;208.48;175.77;2.31;124674.0;0;0;50.0;4503.0;979.15;78.12;1.0;1.0;0;1.0;1.0;0;1.0;0;0;1.0;0;0;1.0;1.0;0;0;1.0;0;0
532443;1.28;1.04;0;1326.0;21.75;81.75;12.0;0;12.49;14.48;226.05;160.63;2.31;124674.0;0;0;49.0;4511.0;979.15;97.65;0;1.0;0;1.0;1.0;0;1.0;0;0;1.0;0;0;1.0;1.0;0;0;1.0;0;0
532975;1.40;1.04;0;1236.0;21.75;81.75;17.25;0;13.36;14.48;164.77;123.41;2.31;124674.0;0;0;49.0;4502.0;979.15;820.30;0;1.0;0;1.0;0;0;1.0;0;0;1.0;0;0;1.0;1.0;0;0;1.0;0;0
533548;1.32;1.02;0;1247.0;21.75;81.75;16.5;0;13.16;14.29;144.28;89.91;2.58;124674.0;0;0;47.0;4505.0;979.15;820.30;0;1.0;0;1.0;0;0;1.0;0;0;1.0;0;0;1.0;1.0;0;0;1.0;0;0
534072;1.24;1.00;0;1259.0;21.75;81.75;15.75;0;12.98;14.48;118.44;71.81;2.31;124674.0;0;0;47.0;4524.0;979.15;742.17;0;1.0;0;1.0;0;0;1.0;0;0;1.0;0;0;1.0;1.0;0;0;1.0;0;0
534571;1.21;0.99;0;1251.0;21.75;81.75;16.5;0;13.12;14.48;105.79;61.77;2.31;124674.0;0;0;48.0;4504.0;979.15;468.74;0;1.0;0;1.0;0;0;1.0;0;0;1.0;0;0;1.0;1.0;0;0;1.0;0;0
535102;1.2;0.99;0;1294.0;21.75;81.75;13.5;0;12.54;14.39;85.26;51.53;2.31;124674.0;0;0;47.0;4510.0;979.15;58.59;0;1.0;0;1.0;0;0;1.0;0;0;1.0;0;0;1.0;1.0;0;0;1.0;0;0
535603;1.24;1.01;0;1251.0;21.75;81.75;16.5;0;13.03;14.58;84.35;46.48;2.31;124674.0;0;0;47.0;4511.0;979.15;58.59;0;1.0;0;1.0;0;0;1.0;0;0;1.0;0;0;1.0;1.0;0;0;1.0;0;0
536112;1.27;1.02;0;1277.0;21.75;81.75;14.25;0;12.66;14.48;80.36;87.98;2.31;124674.0;0;0;48.0;4513.0;979.15;58.59;0;1.0;0;1.0;0;0;1.0;0;0;1.0;0;0;1.0;1.0;0;0;1.0;0;0
536636;1.33;1.04;0;1278.0;21.75;81.75;14.25;0;12.91;14.58;70.34;75.77;2.31;124674.0;0;0;47.0;4510.0;979.15;546.86;0;1.0;0;1.0;0;0;1.0;0;0;1.0;0;0;1.0;1.0;0;0;1.0;0;0
537194;1.24;1.03;0;1278.0;21.75;81.75;14.25;0;12.63;14.29;89.72;123.44;2.58;124674.0;0;0;47.0;4510.0;979.15;878.89;0;1.0;0;1.0;0;0;1.0;0;0;1.0;0;0;1.0;1.0;0;0;1.0;0;0
537704;1.27;1.02;0;1269.0;21.75;81.75;14.25;0;12.63;14.39;77.80;138.31;2.31;124674.0;0;0;47.0;4520.0;979.15;839.83;0;1.0;0;1.0;0;0;1.0;0;0;1.0;0;0;1.0;1.0;0;0;1.0;0;0
538214;1.25;1.00;0;1250.0;21.75;81.75;16.5;0;12.99;14.39;106.24;181.00;2.31;124674.0;0;0;47.0;4505.0;979.15;800.77;0;1.0;0;1.0;0;0;1.0;0;0;1.0;0;0;1.0;1.0;0;0;1.0;0;0
538736;1.26;0.98;0;1278.0;21.75;81.75;14.25;0;12.64;14.39;115.83;154.24;2.31;124674.0;0;0;48.0;4539.0;979.15;175.77;0;1.0;0;1.0;0;0;1.0;0;0;1.0;0;0;1.0;1.0;0;0;1.0;0;0
539330;1.24;1.00;0;1267.0;21.75;81.75;15.0;0;12.76;14.48;88.97;118.48;2.31;124674.0;0;0;47.0;4501.0;979.15;78.12;0;1.0;0;1.0;0;0;1.0;0;0;1.0;0;0;1.0;1.0;0;0;1.0;0;0
539885;1.36;1.02;0;1179.0;21.75;81.75;22.5;0;13.94;14.39;79.70;96.32;2.31;124674.0;0;0;47.0;4526.0;979.15;78.12;0;1.0;0;1.0;0;0;1.0;0;0;1.0;0;0;1.0;1.0;0;0;1.0;0;0
540444;1.27;1.03;0;1300.0;21.75;81.75;12.75;0;12.37;14.58;77.26;91.71;2.31;124674.0;0;0;47.0;4496.0;979.15;820.30;0;1.0;0;1.0;0;0;1.0;0;0;1.0;0;0;1.0;1.0;0;0;1.0;0;0
541000;1.23;1.01;0;1289.0;21.75;81.75;13.5;0;12.51;14.58;71.08;89.72;2.31;124674.0;0;0;47.0;4512.0;979.15;781.24;0;1.0;0;1.0;0;0;1.0;0;0;1.0;0;0;1.0;1.0;0;0;1.0;0;0
541517;1.22;0.99;0;1255.0;21.75;81.75;16.5;0;13.01;14.39;77.57;74.62;2.31;124674.0;0;0;47.0;4529.0;979.15;781.24;0;1.0;0;1.0;0;0;1.0;0;0;1.0;0;0;1.0;1.0;0;0;1.0;0;0
542087;1.19;0.98;0;1288.0;21.75;81.75;13.5;0;12.48;14.48;110.85;72.39;2.31;124674.0;0;0;47.0;4510.0;979.15;78.12;0;1.0;0;1.0;0;0;1.0;0;0;1.0;0;0;1.0;1.0;0;0;1.0;0;0
542632;1.25;1.00;0;1277.0;21.75;81.75;14.25;0;12.64;14.39;91.83;56.32;2.31;124674.0;0;0;48.0;4519.0;979.15;58.59;0;1.0;0;1.0;0;0;1.0;0;0;1.0;0;0;1.0;1.0;0;0;1.0;0;0
543193;1.24;1.01;0;1269.0;21.75;81.75;15.0;0;12.68;14.39;109.40;78.62;2.31;124674.0;0;0;46.0;4510.0;979.15;742.17;0;1.0;0;1.0;0;0;1.0;0;0;1.0;0;0;1.0;1.0;0;0;1.0;0;0
543731;1.24;1.00;0;1268.0;21.75;81.75;15.0;0;12.68;14.39;152.99;142.60;2.31;124674.0;0;0;48.0;4513.0;979.15;97.65;0;1.0;0;1.0;0;0;1.0;0;0;1.0;0;0;1.0;1.0;0;0;1.0;0;0
544255;1.30;1.01;0;1258.0;21.75;81.75;16.5;0;12.98;14.48;160.24;171.00;2.31;124674.0;0;0;47.0;4513.0;979.15;58.59;0;1.0;0;1.0;0;0;1.0;0;0;1.0;0;0;1.0;1.0;0;0;1.0;0;0
544777;1.27;1.03;0;1259.0;21.75;81.75;15.75;0;12.85;14.58;155.20;179.01;2.31;124674.0;0;0;47.0;4512.0;979.15;136.71;0;1.0;0;1.0;0;0;1.0;0;0;1.0;0;0;1.0;1.0;0;0;1.0;0;0
545325;1.30;1.04;0;1264.0;21.75;81.75;15.0;0;12.69;14.39;141.47;153.34;2.31;124674.0;0;0;48.0;4512.0;979.15;781.24;0;1.0;0;1.0;0;0;1.0;0;0;1.0;0;0;1.0;1.0;0;0;1.0;0;0
545885;1.21;1.02;0;1298.0;21.75;81.75;12.75;0;12.31;14.29;141.28;148.64;2.58;124674.0;0;0;46.0;4510.0;979.15;800.77;0;1.0;0;1.0;0;0;1.0;0;0;1.0;0;0;1.0;1.0;0;0;1.0;0;0
546413;1.24;1.00;0;1291.0;21.75;81.75;13.5;0;12.47;14.48;120.55;174.38;2.31;124674.0;0;0;47.0;4513.0;979.15;800.77;0;1.0;0;1.0;0;0;1.0;0;0;1.0;0;0;1.0;1.0;0;0;1.0;0;0
546910;1.27;0.99;0;1278.0;21.75;81.75;14.25;0;12.60;14.48;115.24;158.38;2.31;124674.0;0;0;47.0;4501.0;979.15;781.24;0;1.0;0;1.0;0;0;1.0;0;0;1.0;0;0;1.0;1.0;0;0;1.0;0;0
547435;1.21;0.98;0;1256.0;21.75;81.75;15.75;0;12.81;14.39;112.12;145.61;2.31;124674.0;0;0;46.0;4513.0;979.15;78.12;0;1.0;0;1.0;0;0;1.0;0;0;1.0;0;0;1.0;1.0;0;0;1.0;0;0
547943;1.31;1.00;0;1267.0;21.75;81.75;15.0;0;12.68;14.58;144.77;188.91;2.31;124674.0;0;0;48.0;4515.0;979.15;58.59;0;1.0;0;1.0;0;0;1.0;0;0;1.0;0;0;1.0;1.0;0;0;1.0;0;0
548466;1.37;1.01;0;1245.0;21.75;81.75;17.25;0;13.13;14.48;126.39;170.02;2.31;124674.0;0;0;49.0;4507.0;979.15;78.12;0;1.0;0;1.0;0;0;1.0;0;0;1.0;0;0;1.0;1.0;0;0;1.0;0;0
549026;1.31;1.03;0;1254.0;21.75;81.75;15.75;0;12.88;14.48;92.10;143.91;2.31;124674.0;0;0;47.0;4513.0;979.15;273.43;0;1.0;0;1.0;0;0;1.0;0;0;1.0;0;0;1.0;1.0;0;0;1.0;0;0
549583;1.29;1.03;0;1249.0;21.75;81.75;16.5;0;13.01;14.58;115.73;130.67;2.31;124674.0;0;0;48.0;4520.0;979.15;644.52;0;1.0;0;1.0;0;0;1.0;0;0;1.0;0;0;1.0;1.0;0;0;1.0;0;0
550100;1.24;1.02;0;1307.0;21.75;81.75;12.75;0;12.35;14.48;106.53;111.20;2.31;124674.0;0;0;47.0;4504.0;979.15;742.17;0;1.0;0;1.0;0;0;1.0;0;0;1.0;0;0;1.0;1.0;0;0;1.0;0;0
550610;1.35;1.02;0;1253.0;21.75;81.75;16.5;0;13.02;14.39;117.51;100.20;2.31;124674.0;0;0;47.0;4516.0;979.15;800.77;0;1.0;0;1.0;0;0;1.0;0;0;1.0;0;0;1.0;1.0;0;0;1.0;0;0
551131;1.24;1.01;0;1273.0;21.75;81.75;15.0;0;12.69;14.39;115.67;145.04;2.31;124674.0;0;0;47.0;4508.0;979.15;761.70;0;1.0;0;1.0;0;0;1.0;0;0;1.0;0;0;1.0;1.0;0;0;1.0;0;0
551657;1.27;1.00;0;1240.0;21.75;81.75;17.25;0;13.16;14.48;96.86;160.22;2.31;124674.0;0;0;48.0;4532.0;979.15;39.06;0;1.0;0;1.0;0;0;1.0;0;0;1.0;0;0;1.0;1.0;0;0;1.0;0;0
552156;1.34;1.02;0;1277.0;21.75;81.75;15.0;0;12.73;14.48;74.38;123.09;2.31;124674.0;0;0;48.0;4505.0;979.15;58.59;0;1.0;0;1.0;0;0;1.0;0;0;1.0;0;0;1.0;1.0;0;0;1.0;0;0
552680;1.28;1.03;0;1266.0;21.75;81.75;15.0;0;12.73;14.58;57.88;110.55;2.31;124674.0;0;0;47.0;4514.0;979.15;624.99;0;1.0;0;1.0;0;0;1.0;0;0;1.0;0;0;1.0;1.0;0;0;1.0;0;0
553178;1.31;1.02;0;1233.0;21.75;81.75;17.25;0;13.20;14.48;48.80;112.08;2.31;124674.0;0;0;48.0;4510.0;979.15;703.11;0;1.0;0;1.0;0;0;1.0;0;0;1.0;0;0;1.0;1.0;0;0;1.0;0;0
553702;1.32;1.02;0;1276.0;21.75;81.75;14.25;0;12.69;14.48;39.56;81.65;2.31;124674.0;0;0;48.0;4509.0;979.15;58.59;0;1.0;0;1.0;0;0;1.0;0;0;1.0;0;0;1.0;1.0;0;0;1.0;0;0
554213;1.35;1.03;0;1276.0;21.75;81.75;14.25;0;12.69;14.48;30.36;62.71;2.31;124674.0;0;0;47.0;4500.0;979.15;156.24;0;1.0;0;1.0;0;0;1.0;0;0;1.0;0;0;1.0;1.0;0;0;1.0;0;0
554737;1.34;1.03;0;1297.0;21.75;81.75;12.75;0;12.37;14.58;39.93;69.33;2.31;124674.0;0;0;46.0;4501.0;979.15;703.11;0;1.0;0;1.0;0;0;1.0;0;0;1.0;0;0;1.0;1.0;0;0;1.0;0;0
555251;1.24;1.01;0;1260.0;21.75;81.75;15.75;0;12.83;14.48;96.53;93.35;2.31;124674.0;0;0;47.0;4521.0;979.15;781.24;0;1.0;0;1.0;0;0;1.0;0;0;1.0;0;0;1.0;1.0;0;0;1.0;0;0
555775;1.28;1.00;0;1300.0;21.75;81.75;12.75;0;12.33;14.29;106.65;96.69;2.58;124674.0;0;0;47.0;4512.0;979.15;800.77;0;1.0;0;1.0;0;0;1.0;0;0;1.0;0;0;1.0;1.0;0;0;1.0;0;0
556277;1.28;0.98;0;1206.0;21.75;81.75;20.25;0;13.58;14.39;157.06;100.93;2.31;124674.0;0;0;47.0;4521.0;979.15;742.17;0;1.0;0;1.0;0;0;1.0;0;0;1.0;0;0;1.0;1.0;0;0;1.0;0;0
556781;1.22;0.97;0;1281.0;21.75;81.75;14.25;0;12.60;14.58;144.07;90.20;2.31;124674.0;0;0;46.0;4509.0;979.15;742.17;0;1.0;0;1.0;0;0;1.0;0;0;1.0;0;0;1.0;1.0;0;0;1.0;0;0
557305;1.16;0.96;0;1293.0;21.75;81.75;13.5;0;12.44;14.58;160.12;113.03;2.31;124674.0;0;0;47.0;4523.0;979.15;39.06;0;1.0;0;1.0;0;0;1.0;0;0;1.0;0;0;1.0;1.0;0;0;1.0;0;0
557811;1.20;0.98;0;1327.0;21.75;81.75;12.0;0;12.16;14.48;181.88;102.20;2.31;124674.0;0;0;48.0;4499.0;979.15;19.53;0;1.0;0;1.0;1.0;0;1.0;0;0;1.0;0;0;1.0;1.0;0;0;1.0;0;0
558325;1.34;0.99;0;1274.0;21.75;81.75;15.0;0;12.69;14.39;191.58;94.09;2.31;124674.0;0;0;48.0;4517.0;979.15;39.06;1.0;1.0;0;1.0;0;0;1.0;0;0;1.0;0;0;1.0;1.0;0;0;0;0;0
558852;3.08;1.01;0;1243.0;21.75;81.75;12.75;2.35;18.80;14.39;171.39;84.74;2.31;124674.0;0;0;57.0;4535.0;979.15;703.11;1.0;1.0;0;1.0;0;0;1.0;0;0;1.0;0;0;1.0;1.0;0;0;0;0;0
559405;1.76;0.99;0;1363.0;21.75;81.75;12.75;1.56;14.13;14.48;139.05;65.52;2.31;124674.0;0;0;55.0;4541.0;979.15;898.42;1.0;1.0;0;1.0;0;0;1.0;0;0;1.0;0;0;1.0;1.0;0;0;0;0;0
559927;1.97;0.97;0;1434.0;21.75;81.75;12.75;1.96;15.48;14.48;200.67;131.92;2.31;124674.0;0;0;55.0;4513.0;979.15;839.83;1.0;1.0;0;1.0;0;0;1.0;0;0;1.0;0;0;1.0;1.0;0;0;0;0;0
560490;3.36;1.00;0;1953.0;21.75;81.75;15.0;6.27;23.83;14.29;231.37;136.78;2.58;124674.0;0;0;54.0;4555.0;979.15;898.42;1.0;1.0;0;1.0;0;0;1.0;0;0;1.0;0;0;1.0;1.0;0;0;0;0;0
561012;3.12;0.99;7.0;1981.0;21.75;81.75;17.25;6.66;22.96;14.39;248.55;199.18;2.31;124674.0;8.0;8.0;54.0;4537.0;979.15;859.36;1.0;1.0;0;1.0;0;0;1.0;0;0;1.0;0;0;1.0;1.0;0;0;0;0;0
561558;3.98;1.00;15.0;1877.0;21.75;81.75;13.5;9.80;30.46;14.58;266.58;240.88;2.31;124674.0;14.0;15.0;54.0;4491.0;979.15;839.83;1.0;1.0;0;1.0;0;0;1.0;0;0;1.0;0;0;1.0;1.0;0;0;0;0;0
562080;2.95;0.97;21.0;2343.0;21.75;81.75;22.5;7.84;23.77;14.48;254.55;229.51;2.31;124674.0;20.0;21.0;54.0;4402.0;979.15;839.83;1.0;1.0;0;1.0;0;0;1.0;0;0;1.0;0;0;1.0;1.0;0;0;0;0;0
562603;2.45;0.98;25.0;2821.0;21.75;81.75;30.75;6.66;20.34;14.48;287.91;233.24;2.31;124674.0;25.0;26.0;54.0;4542.0;979.15;859.36;1.0;1.0;0;1.0;0;0;1.0;0;0;1.0;0;0;1.0;1.0;0;0;0;0;0
563208;2.14;1.00;25.0;2194.0;21.75;81.75;21.0;3.52;16.35;14.39;324.88;242.64;2.31;124674.0;25.0;26.0;54.0;4275.0;979.19;839.83;2.0;1.0;0;1.0;0;0;1.0;0;0;1.0;0;0;1.0;1.0;0;0;0;0;0
563727;3.13;0.99;28.0;2254.0;21.75;81.75;21.0;7.45;23.04;14.39;286.93;246.87;2.31;124674.0;28.0;29.0;54.0;4281.0;979.19;859.36;2.0;1.0;0;1.0;0;0;1.0;0;0;1.0;0;0;1.0;1.0;0;0;0;0;0
564330;1.32;1.00;32.0;2410.0;21.75;81.75;24.75;1.96;11.74;14.58;325.25;176.47;2.31;124674.0;31.0;32.0;54.0;4444.0;979.19;859.36;2.0;1.0;0;1.0;0;0;1.0;0;0;1.0;0;0;1.0;1.0;0;0;0;0;0
564832;2.48;0.98;32.0;2573.0;21.75;81.75;27.0;6.27;20.37;14.48;337.36;137.08;2.31;124674.0;32.0;33.0;54.0;4467.0;979.19;839.83;2.0;1.0;0;1.0;0;0;1.0;0;0;1.0;0;0;1.0;1.0;0;0;0;0;0
565355;2.33;0.95;35.0;2790.0;21.75;81.75;30.75;6.27;20.18;14.48;336.71;195.94;2.31;124674.0;35.0;36.0;54.0;4505.0;979.19;839.83;2.0;1.0;0;1.0;0;0;1.0;0;0;1.0;0;0;1.0;1.0;0;0;0;0;0
565866;1.63;0.92;36.0;2872.0;21.75;81.75;32.25;3.92;14.89;14.39;346.28;271.83;2.31;124674.0;36.0;37.0;54.0;4520.0;979.19;839.83;2.0;1.0;0;1.0;0;0;1.0;0;0;1.0;0;0;1.0;1.0;0;0;0;0;0
566387;3.04;1.00;38.0;2984.0;21.75;81.75;33.0;8.23;23.22;14.39;352.69;310.80;2.31;124674.0;37.0;39.0;54.0;4488.0;979.19;859.36;2.0;1.0;0;1.0;0;0;1.0;0;0;1.0;0;0;1.0;1.0;0;0;0;0;0
566887;4.52;1.00;42.0;3365.0;21.75;81.0;27.0;18.82;32.09;14.48;352.30;317.92;2.31;124674.0;41.0;43.0;54.0;4496.0;979.27;820.30;2.0;1.0;0;1.0;0;0;1.0;0;0;1.0;0;0;1.0;1.0;0;0;0;0;0
567413;6.56;1.00;50.0;3861.0;21.75;81.0;17.25;32.94;43.12;14.48;355.97;337.26;2.31;124674.0;46.0;50.0;54.0;4618.0;979.27;820.30;2.0;1.0;0;1.0;0;0;1.0;0;0;0;0;0;1.0;1.0;0;0;0;0;0
567927;4.12;1.00;52.0;3636.0;21.75;81.0;33.0;13.72;27.66;14.39;361.36;315.40;2.31;124674.0;52.0;52.0;54.0;4467.0;979.30;800.77;3.0;1.0;0;1.0;0;0;1.0;0;0;1.0;0;0;1.0;1.0;0;0;0;0;0
568433;3.38;0.95;56.0;3474.0;21.75;81.0;31.5;14.90;28.41;14.39;361.30;306.13;2.31;124674.0;55.0;57.0;54.0;4488.0;979.27;605.46;3.0;1.0;0;1.0;0;0;1.0;0;0;1.0;0;0;1.0;1.0;0;0;0;0;0
568958;3.81;1.00;60.0;3736.0;21.75;81.0;30.0;19.21;34.38;14.39;339.19;330.48;2.31;124674.0;59.0;61.0;54.0;4614.0;979.23;800.77;3.0;1.0;0;1.0;0;0;1.0;0;0;1.0;0;0;1.0;1.0;0;0;0;0;0
569485;2.25;1.00;60.0;3117.0;21.75;81.0;22.5;5.49;16.26;14.48;236.85;308.04;2.31;124674.0;59.0;60.0;54.0;4222.0;979.30;839.83;4.0;1.0;0;1.0;0;0;1.0;0;0;0;0;0;1.0;1.0;0;0;0;0;0
570213;3.13;0.99;61.0;3218.0;21.75;81.0;33.0;10.58;23.86;14.39;244.30;277.15;2.31;124674.0;61.0;62.0;54.0;4317.0;979.30;800.77;4.0;1.0;0;1.0;0;0;1.0;0;0;0;0;0;1.0;1.0;0;0;0;0;0
570794;2.26;0.92;63.0;3327.0;21.75;80.25;36.75;7.05;19.78;14.48;175.39;280.54;2.31;124674.0;64.0;64.0;55.0;4464.0;979.27;820.30;4.0;1.0;0;1.0;0;0;1.0;0;0;0;0;0;1.0;1.0;0;0;0;0;0
571361;1.61;0.87;65.0;3363.0;21.75;80.25;38.25;5.09;15.26;14.48;223.71;318.12;2.31;124674.0;64.0;65.0;55.0;4516.0;979.23;800.77;4.0;1.0;0;1.0;0;0;1.0;0;0;0;0;0;1.0;1.0;0;0;0;0;0
571915;1.18;0.84;65.0;3352.0;21.75;80.25;38.25;3.52;11.54;14.39;294.39;340.91;2.31;124674.0;64.0;65.0;55.0;4532.0;979.23;781.24;4.0;1.0;0;1.0;0;0;1.0;0;0;0;0;0;1.0;1.0;0;0;0;0;0
572414;0.48;1.00;65.0;3338.0;21.75;80.25;40.5;0;11.66;14.39;328.10;353.72;2.31;124674.0;65.0;64.0;55.0;4573.0;979.38;605.46;4.0;1.0;0;1.0;0;0;1.0;0;0;0;0;0;1.0;1.0;0;0;0;0;0
572937;0.56;1.00;63.0;3250.0;21.75;80.25;-30.0;0;0;14.58;326.52;357.41;2.31;124674.0;63.0;63.0;55.0;4583.0;979.38;0;4.0;1.0;0;1.0;0;0;1.0;0;0;0;0;0;1.0;1.0;0;0;0;0;0
573454;2.10;1.00;62.0;3330.0;21.75;80.25;8.25;5.49;10.12;14.48;344.84;358.68;2.31;124674.0;62.0;62.0;55.0;4220.0;979.46;859.36;4.0;1.0;0;1.0;0;0;1.0;0;0;0;0;0;1.0;1.0;0;0;0;0;0
573973;2.06;0.97;62.0;3262.0;21.75;80.25;18.0;5.88;13.83;14.48;327.61;353.04;2.31;124674.0;62.0;62.0;55.0;4320.0;979.46;839.83;4.0;1.0;0;1.0;0;0;1.0;0;0;0;0;0;1.0;1.0;0;0;0;0;0
574471;1.94;0.94;62.0;3262.0;21.75;80.25;28.5;5.88;15.82;14.48;336.30;334.45;2.31;124674.0;62.0;63.0;55.0;4435.0;979.42;839.83;4.0;1.0;0;1.0;0;0;1.0;0;0;0;0;0;1.0;1.0;0;0;0;0;0
574986;1.79;0.90;63.0;3349.0;21.75;80.25;38.25;5.49;16.18;14.48;320.85;345.58;2.31;124674.0;63.0;64.0;55.0;4493.0;979.34;820.30;4.0;1.0;0;1.0;0;0;1.0;0;0;0;0;0;1.0;1.0;0;0;0;0;0
575521;1.70;0.86;65.0;3361.0;21.75;80.25;39.0;5.49;16.28;14.39;318.67;326.42;2.31;124674.0;64.0;65.0;55.0;4509.0;979.42;781.24;4.0;1.0;0;1.0;0;0;1.0;0;0;0;0;0;1.0;1.0;0;0;0;0;0
576122;1.64;0.83;63.0;3312.0;21.75;80.25;38.25;5.49;16.25;14.48;341.01;321.42;2.31;124674.0;63.0;64.0;55.0;4523.0;979.58;742.17;4.0;1.0;0;1.0;0;0;1.0;0;0;0;0;0;1.0;1.0;0;0;0;0;0
576675;1.20;1.00;62.0;3156.0;21.75;80.25;36.75;2.74;10.48;14.48;316.67;306.09;2.31;124674.0;63.0;63.0;55.0;4527.0;979.42;839.83;4.0;1.0;0;1.0;0;0;1.0;0;0;0;0;0;1.0;1.0;0;0;0;0;0
577192;1.12;0.99;62.0;3216.0;21.75;80.25;36.75;2.35;9.65;14.48;336.54;342.04;2.31;124674.0;62.0;62.0;55.0;4515.0;979.42;839.83;4.0;1.0;0;1.0;0;0;1.0;0;0;0;0;0;1.0;1.0;0;0;0;0;0
577714;1.07;0.97;61.0;3196.0;21.75;80.25;36.75;2.35;9.31;14.48;350.87;350.50;2.31;124674.0;62.0;62.0;55.0;4511.0;979.62;839.83;4.0;1.0;0;1.0;0;0;1.0;0;0;0;0;0;1.0;1.0;0;0;0;0;0
578249;1.06;0.96;61.0;3160.0;21.75;80.25;36.75;2.35;9.52;14.39;349.78;354.21;2.31;124674.0;61.0;61.0;55.0;4534.0;979.73;820.30;4.0;1.0;0;1.0;0;0;1.0;0;0;0;0;0;1.0;1.0;0;0;0;0;0
578774;1.02;0.94;60.0;3146.0;21.75;80.25;36.0;2.35;9.17;14.58;352.24;354.31;2.31;124674.0;60.0;60.0;55.0;4516.0;979.7;820.30;4.0;1.0;0;1.0;0;0;1.0;0;0;0;0;0;1.0;1.0;0;0;0;0;0
579274;1.01;0.93;58.0;3060.0;21.75;80.25;35.25;2.35;9.46;14.48;318.00;352.90;2.31;124674.0;58.0;59.0;55.0;4514.0;979.66;820.30;4.0;1.0;0;1.0;0;0;1.0;0;0;0;0;0;1.0;1.0;0;0;0;0;0
579869;1.61;0.90;58.0;3035.0;21.75;80.25;34.5;4.70;14.71;14.58;346.14;356.28;2.31;124674.0;58.0;59.0;55.0;4503.0;979.85;800.77;4.0;1.0;0;1.0;0;0;1.0;0;0;0;0;0;1.0;1.0;0;0;0;0;0
580390;0.52;1.00;58.0;3005.0;21.75;80.25;34.5;0.78;7.30;14.48;243.94;248.59;2.31;124674.0;58.0;58.0;55.0;4564.0;979.89;644.52;4.0;1.0;0;1.0;0;0;1.0;0;0;0;0;0;1.0;1.0;0;0;0;0;0
580885;0.64;1.00;56.0;2920.0;21.75;80.25;-30.0;0;0;14.58;230.70;253.26;2.31;124674.0;57.0;56.0;55.0;4580.0;979.97;0;4.0;1.0;0;1.0;0;0;1.0;0;0;1.0;0;0;1.0;1.0;0;0;0;0;0
581409;0.67;1.00;53.0;2770.0;21.75;80.25;-30.0;0;0;14.48;197.89;220.22;2.31;124674.0;54.0;53.0;55.0;4633.0;980.09;0;4.0;1.0;0;1.0;0;0;1.0;0;0;1.0;0;0;1.0;1.0;0;0;0;0;0
581936;0.68;1.00;51.0;2643.0;21.75;80.25;-30.0;0;0;14.48;180.41;214.18;2.31;124674.0;51.0;51.0;55.0;4664.0;979.89;0;4.0;1.0;0;1.0;0;0;1.0;0;0;1.0;0;0;1.0;1.0;0;0;0;0;0
582492;0.70;1.00;48.0;2558.0;21.75;80.25;-30.0;0;0;14.39;174.03;238.77;2.31;124674.0;49.0;49.0;55.0;4469.0;979.97;0;4.0;1.0;0;1.0;0;0;1.0;0;0;1.0;0;0;1.0;1.0;0;0;0;0;0
583033;2.36;1.00;48.0;2583.0;21.75;80.25;4.5;4.70;12.33;14.48;258.46;301.60;2.31;124674.0;49.0;49.0;55.0;4235.0;979.97;859.36;4.0;1.0;0;1.0;0;0;1.0;0;0;1.0;0;0;1.0;1.0;0;0;0;0;0
583529;2.24;0.97;50.0;2584.0;21.75;80.25;12.75;4.70;14.86;14.39;305.50;327.38;2.31;124674.0;49.0;50.0;55.0;4364.0;980.05;839.83;4.0;1.0;0;1.0;0;0;1.0;0;0;1.0;0;0;1.0;1.0;0;0;0;0;0
584054;2.04;0.95;50.0;2612.0;21.75;80.25;21.0;4.70;16.22;14.58;313.12;339.23;2.31;124674.0;49.0;50.0;55.0;4471.0;980.01;839.83;4.0;1.0;0;1.0;0;0;1.0;0;0;1.0;0;0;1.0;1.0;0;0;0;0;0
584625;1.92;0.92;50.0;2629.0;21.75;80.25;27.75;4.31;16.89;14.58;342.84;325.09;2.31;124674.0;50.0;50.0;55.0;4500.0;980.12;781.24;4.0;1.0;0;1.0;0;0;1.0;0;0;1.0;0;0;1.0;1.0;0;0;0;0;0
585126;2.08;0.90;51.0;2665.0;21.75;80.25;28.5;5.49;18.85;14.48;347.18;319.74;2.31;124674.0;50.0;51.0;55.0;4516.0;980.20;703.11;4.0;1.0;0;1.0;0;0;1.0;0;0;1.0;0;0;1.0;1.0;0;0;0;0;0
585730;2.22;0.87;52.0;2744.0;21.75;80.25;30.0;6.66;20.92;14.48;332.94;329.92;2.31;124674.0;52.0;53.0;55.0;4496.0;980.28;820.30;4.0;1.0;0;1.0;0;0;1.0;0;0;1.0;0;0;1.0;1.0;0;0;0;0;0
586280;3.26;0.98;55.0;2862.0;21.75;80.25;29.25;10.98;26.36;14.48;348.18;279.82;2.31;124674.0;53.0;55.0;55.0;4496.0;980.32;800.77;4.0;1.0;0;1.0;0;0;1.0;0;0;1.0;0;0;1.0;1.0;0;0;0;0;0
586801;3.11;1.00;58.0;3033.0;21.75;80.25;31.5;10.98;25.91;14.48;246.11;221.29;2.31;124674.0;57.0;58.0;55.0;4538.0;980.36;800.77;4.0;1.0;0;1.0;0;0;1.0;0;0;1.0;0;0;1.0;1.0;0;0;0;0;0
587309;3.84;1.00;62.0;3234.0;21.75;80.25;27.75;16.47;28.89;14.48;215.86;244.94;2.31;124674.0;60.0;62.0;55.0;4526.0;980.36;722.64;4.0;1.0;0;1.0;0;0;1.0;0;0;0;0;0;1.0;1.0;0;0;0;0;0
587832;3.13;1.00;65.0;3357.0;21.75;80.25;32.25;12.55;25.61;14.58;211.76;219.86;2.31;124674.0;62.0;65.0;55.0;4505.0;980.36;820.30;4.0;1.0;0;1.0;0;0;1.0;0;0;0;0;0;1.0;1.0;0;0;0;0;0
588331;1.80;1.00;65.0;3385.0;21.75;80.25;39.0;5.49;16.28;14.39;190.12;235.47;2.31;124674.0;64.0;65.0;55.0;4516.0;980.40;839.83;4.0;1.0;0;1.0;0;0;1.0;0;0;0;0;0;1.0;1.0;0;0;0;0;0
588869;0.56;1.00;63.0;3003.0;21.75;80.25;28.5;0;13.50;14.48;233.94;288.82;2.31;124674.0;64.0;63.0;55.0;4562.0;980.40;820.30;4.0;1.0;0;1.0;0;0;1.0;0;0;0;0;0;1.0;1.0;0;0;0;0;0
589427;0.57;1.00;62.0;3225.0;21.75;80.25;-30.0;0;0;14.58;273.40;324.43;2.31;124674.0;62.0;62.0;55.0;4552.0;980.40;0;4.0;1.0;0;1.0;0;0;1.0;0;0;0;0;0;1.0;1.0;0;0;0;0;0
589985;0.63;1.00;60.0;3098.0;21.75;80.25;-30.0;0;0;14.58;316.30;336.05;2.31;124675.0;60.0;60.0;55.0;4562.0;980.40;0;4.0;1.0;0;1.0;0;0;1.0;0;0;0;0;0;1.0;1.0;0;0;0;0;0
590487;0.63;1.00;57.0;3005.0;21.75;80.25;-30.0;0;0;14.58;340.95;339.66;2.31;124675.0;58.0;58.0;55.0;4601.0;980.40;0;4.0;1.0;0;1.0;0;0;1.0;0;0;0;0;0;1.0;1.0;0;0;0;0;0
591110;0.64;1.00;56.0;2930.0;21.75;80.25;-30.0;0;0;14.58;316.56;315.21;2.31;124675.0;57.0;56.0;55.0;4453.0;980.40;19.53;4.0;1.0;0;1.0;0;0;1.0;0;0;1.0;0;0;1.0;1.0;0;0;0;0;0
591610;1.94;1.00;57.0;3066.0;21.75;80.25;12.0;4.31;11.00;14.48;213.83;281.60;2.31;124675.0;57.0;57.0;55.0;4252.0;980.40;859.36;4.0;1.0;0;1.0;0;0;1.0;0;0;1.0;0;0;1.0;1.0;0;0;0;0;0
592134;1.76;0.97;58.0;3017.0;21.75;80.25;19.5;3.92;12.47;14.58;183.26;277.36;2.31;124675.0;58.0;58.0;55.0;4393.0;980.40;859.36;4.0;1.0;0;1.0;0;0;1.0;0;0;1.0;0;0;1.0;1.0;0;0;0;0;0
592650;0.85;0.99;56.0;2915.0;21.75;80.25;24.75;0.39;6.80;14.48;214.88;251.60;2.31;124675.0;57.0;57.0;55.0;4490.0;980.40;624.99;4.0;1.0;0;1.0;0;0;1.0;0;0;1.0;0;0;1.0;1.0;0;0;0;0;0
593191;0.91;0.97;55.0;2868.0;21.75;80.25;29.25;0.39;12.92;14.48;243.67;223.13;2.31;124675.0;55.0;55.0;55.0;4518.0;980.40;781.24;4.0;1.0;0;1.0;0;0;1.0;0;0;1.0;0;0;1.0;1.0;0;0;0;0;0
593709;0.85;1.00;52.0;2791.0;21.75;80.25;18.75;0;13.49;14.39;187.23;230.61;2.31;124675.0;53.0;53.0;55.0;4526.0;980.40;683.58;4.0;1.0;0;1.0;0;0;1.0;0;0;1.0;0;0;1.0;1.0;0;0;0;0;0
594223;1.47;1.00;51.0;2664.0;21.75;80.25;28.5;0.39;7.77;14.48;190.14;227.29;2.31;124675.0;51.0;51.0;55.0;4514.0;980.40;0;4.0;1.0;0;1.0;0;0;1.0;0;0;1.0;0;0;1.0;1.0;0;0;0;0;0
594746;1.20;1.00;51.0;2684.0;21.75;80.25;27.75;1.56;9.70;14.39;267.26;284.72;2.31;124675.0;51.0;51.0;55.0;4247.0;980.40;859.36;4.0;1.0;0;1.0;0;0;1.0;0;0;1.0;0;0;1.0;1.0;0;0;0;0;0
595291;2.36;0.99;51.0;2674.0;21.75;80.25;28.5;5.09;17.98;14.48;318.47;324.11;2.31;124675.0;50.0;51.0;55.0;4388.0;980.40;859.36;4.0;1.0;0;1.0;0;0;1.0;0;0;1.0;0;0;1.0;1.0;0;0;0;0;0
595862;0.79;1.00;50.0;2572.0;21.75;80.25;17.25;0;13.52;14.48;318.92;338.76;2.31;124675.0;50.0;50.0;55.0;4470.0;980.40;742.17;4.0;1.0;0;1.0;0;0;1.0;0;0;1.0;0;0;1.0;1.0;0;0;0;0;0
596367;0.87;1.00;43.0;2325.0;21.75;80.25;15.75;0;13.32;14.48;229.22;324.21;2.31;124675.0;44.0;44.0;53.0;4543.0;980.40;312.49;4.0;1.0;0;1.0;0;0;1.0;0;0;1.0;0;0;1.0;1.0;0;0;0;0;0
596889;1.0;1.00;36.0;1941.0;21.75;80.25;15.0;0;13.28;14.48;169.81;294.96;2.31;124675.0;37.0;37.0;52.0;4525.0;980.40;19.53;4.0;1.0;0;1.0;0;0;1.0;0;0;1.0;0;0;1.0;1.0;0;0;0;0;0
597399;1.11;1.00;31.0;1689.0;21.75;80.25;15.0;0;13.28;14.48;117.37;207.17;2.31;124675.0;32.0;32.0;52.0;4511.0;980.40;644.52;4.0;1.0;0;1.0;0;0;1.0;0;0;1.0;0;0;1.0;1.0;0;0;0;0;0
597920;1.29;1.00;28.0;1421.0;21.75;80.25;15.0;0;13.31;14.58;95.16;157.62;2.31;124675.0;29.0;28.0;52.0;4478.0;980.40;820.30;4.0;1.0;0;1.0;0;0;1.0;0;0;1.0;0;0;1.0;1.0;0;0;0;0;0
598444;1.29;0.98;25.0;1350.0;21.75;80.25;15.0;0;13.23;14.58;73.10;122.25;2.31;124675.0;25.0;25.0;51.0;4489.0;980.40;839.83;4.0;1.0;0;1.0;0;0;1.0;0;0;1.0;0;0;1.0;1.0;0;0;0;0;0
598956;1.34;0.96;20.0;1279.0;21.75;80.25;16.5;0;13.53;14.39;58.21;102.72;2.31;124675.0;21.0;20.0;53.0;4506.0;980.40;761.70;4.0;1.0;0;1.0;1.0;0;1.0;0;0;1.0;0;0;1.0;1.0;0;0;1.0;0;0
599455;1.27;0.96;16.0;1346.0;21.75;80.25;15.0;0;13.23;14.58;55.11;74.85;2.31;124675.0;17.0;17.0;52.0;4510.0;980.40;39.06;4.0;1.0;0;1.0;1.0;0;1.0;0;0;1.0;0;0;1.0;1.0;0;0;1.0;0;0
600051;1.32;0.97;13.0;1337.0;21.75;80.25;14.25;0;13.18;14.39;47.45;64.87;2.31;124675.0;13.0;13.0;52.0;4520.0;980.40;39.06;3.0;1.0;0;1.0;1.0;0;1.0;0;0;1.0;0;0;1.0;1.0;0;0;1.0;0;0
600576;1.32;0.99;10.0;1320.0;21.75;80.25;15.0;0;13.22;14.58;34.54;44.82;2.31;124675.0;11.0;11.0;52.0;4524.0;980.40;39.06;2.0;1.0;0;1.0;1.0;0;1.0;0;0;1.0;0;0;1.0;1.0;0;0;1.0;0;0
601168;1.45;1.01;7.0;1301.0;21.75;80.25;15.0;0;13.22;14.48;25.13;36.63;2.31;124675.0;7.0;7.0;52.0;4504.0;980.48;58.59;2.0;1.0;0;1.0;1.0;0;1.0;0;0;1.0;0;0;1.0;1.0;0;0;1.0;0;0
601693;1.36;1.02;6.0;1313.0;21.75;80.25;14.25;0;13.09;14.20;27.16;41.22;2.58;124675.0;6.0;6.0;51.0;4503.0;980.44;566.39;1.0;1.0;0;1.0;1.0;0;1.0;0;0;1.0;0;0;1.0;1.0;0;0;1.0;0;0
602282;1.36;1.00;2.0;1279.0;21.75;80.25;16.5;0;13.46;14.39;111.61;89.13;2.31;124675.0;3.0;3.0;52.0;4524.0;980.59;332.02;1.0;1.0;0;1.0;1.0;0;1.0;0;0;1.0;0;0;1.0;1.0;0;0;1.0;0;0
602796;1.36;1.02;0;1274.0;21.75;80.25;16.5;0;13.43;14.39;139.61;122.06;2.31;124675.0;0;0;50.0;4506.0;980.67;449.21;1.0;1.0;0;1.0;1.0;0;1.0;0;0;1.0;0;0;1.0;1.0;0;0;1.0;0;0
603320;1.33;1.01;0;1293.0;21.75;80.25;15.0;0;13.08;14.58;184.32;101.96;2.31;124675.0;0;0;50.0;4515.0;980.91;781.24;1.0;1.0;0;1.0;1.0;0;1.0;0;0;1.0;0;0;1.0;1.0;0;0;1.0;0;0
603860;1.24;0.99;0;1295.0;21.75;80.25;15.0;0;13.04;14.39;211.39;101.24;2.31;124675.0;0;0;50.0;4514.0;981.10;527.33;1.0;1.0;0;1.0;0;0;1.0;0;0;1.0;0;0;1.0;1.0;0;0;0;0;0
604384;1.93;1.00;0;1532.0;21.75;80.25;12.75;1.96;14.37;14.48;199.28;91.73;2.31;124675.0;0;0;55.0;4581.0;980.95;859.36;1.0;1.0;0;1.0;0;0;1.0;0;0;1.0;0;0;1.0;1.0;0;0;0;0;0
604944;2.57;0.99;0;1978.0;21.75;80.25;17.25;4.70;19.16;14.58;182.27;109.17;2.31;124675.0;0;0;55.0;4540.0;981.06;859.36;1.0;1.0;0;1.0;0;0;1.0;0;0;1.0;0;0;1.0;1.0;0;0;0;0;0
605516;2.84;0.97;8.0;1676.0;21.75;80.25;13.5;4.70;20.92;14.58;216.95;120.87;2.31;124675.0;8.0;8.0;55.0;4525.0;981.10;800.77;1.0;1.0;0;1.0;0;0;1.0;0;0;1.0;0;0;1.0;1.0;0;0;0;0;0
606084;2.71;0.94;12.0;1719.0;21.75;80.25;13.5;4.70;20.61;14.58;209.69;106.16;2.31;124675.0;13.0;13.0;55.0;4510.0;981.26;527.33;1.0;1.0;0;1.0;0;0;1.0;0;0;1.0;0;0;1.0;1.0;0;0;0;0;0
606690;2.68;0.95;17.0;1958.0;21.75;80.25;16.5;5.49;20.91;14.58;237.50;197.89;2.31;124675.0;17.0;17.0;55.0;4475.0;981.10;546.86;1.0;1.0;0;1.0;0;0;1.0;0;0;1.0;0;0;1.0;1.0;0;0;0;0;0
607188;2.41;0.94;21.0;2410.0;21.75;80.25;23.25;5.88;19.93;14.58;257.85;225.16;2.31;124675.0;22.0;22.0;55.0;4416.0;981.06;781.24;1.0;1.0;0;1.0;0;0;1.0;0;0;1.0;0;0;1.0;1.0;0;0;0;0;0
607703;2.16;0.92;23.0;2703.0;21.75;80.25;29.25;5.49;19.22;14.48;225.57;245.29;2.31;124675.0;24.0;24.0;55.0;4486.0;981.02;839.83;1.0;1.0;0;1.0;0;0;1.0;0;0;1.0;0;0;0;1.0;0;0;0;0;0
608226;1.99;0.89;26.0;2944.0;21.75;80.25;33.0;5.49;18.60;14.39;276.46;266.29;2.31;124675.0;26.0;27.0;55.0;4595.0;981.06;722.64;1.0;1.0;0;1.0;0;0;1.0;0;0;1.0;0;0;1.0;1.0;0;0;0;0;0
608748;2.71;1.00;26.0;2476.0;21.75;81.0;12.0;5.49;16.77;14.48;236.87;296.99;2.31;124675.0;26.0;27.0;54.0;4548.0;980.98;878.89;2.0;1.0;0;1.0;0;0;1.0;0;0;1.0;0;0;1.0;1.0;0;0;0;0;0
609255;4.83;1.00;30.0;2375.0;21.75;81.0;19.5;15.29;32.25;14.48;210.88;315.37;2.31;124675.0;30.0;30.0;54.0;4404.0;981.02;859.36;2.0;1.0;0;1.0;0;0;1.0;0;0;1.0;0;0;1.0;1.0;0;0;0;0;0
609775;3.27;1.00;35.0;2734.0;21.75;81.0;27.75;11.37;27.31;14.48;245.47;328.80;2.31;124675.0;34.0;35.0;54.0;4464.0;980.95;859.36;2.0;1.0;0;1.0;0;0;1.0;0;0;1.0;0;0;1.0;1.0;0;0;0;0;0
610280;4.86;0.99;41.0;3227.0;21.75;81.0;20.25;24.31;36.67;14.48;226.54;323.70;2.31;124675.0;41.0;41.0;54.0;4541.0;980.98;800.77;2.0;1.0;0;1.0;1.0;0;1.0;0;0;1.0;0;0;1.0;1.0;0;0;0;0;0
610796;2.42;1.00;42.0;2444.0;21.75;81.0;22.5;4.31;14.43;14.48;210.80;343.72;2.31;124675.0;43.0;43.0;54.0;4382.0;981.02;859.36;3.0;1.0;0;1.0;0;0;1.0;0;0;1.0;0;0;1.0;1.0;0;0;0;0;0
611359;3.35;0.99;43.0;2704.0;21.75;81.0;27.0;9.41;24.55;14.58;222.83;340.77;2.31;124675.0;44.0;44.0;54.0;4217.0;980.91;839.83;3.0;1.0;0;1.0;0;0;1.0;0;0;1.0;0;0;1.0;1.0;0;0;0;0;0
611882;2.51;0.95;46.0;2863.0;21.75;81.0;31.5;6.66;20.99;14.48;243.75;346.89;2.31;124675.0;46.0;47.0;54.0;4359.0;980.83;820.30;3.0;1.0;0;1.0;0;0;1.0;0;0;1.0;0;0;1.0;1.0;0;0;0;0;0
612440;1.48;0.99;47.0;2899.0;21.75;81.0;32.25;3.13;12.49;14.58;284.18;355.62;2.31;124675.0;47.0;47.0;54.0;4483.0;980.95;839.83;3.0;1.0;0;1.0;0;0;1.0;0;0;1.0;0;0;1.0;1.0;0;0;0;0;0
612970;1.28;0.97;47.0;2927.0;21.75;81.0;33.0;2.35;11.26;14.48;322.45;354.91;2.31;124675.0;48.0;48.0;54.0;4520.0;980.98;839.83;3.0;1.0;0;1.0;0;0;1.0;0;0;1.0;0;0;1.0;1.0;0;0;0;0;0
613526;0.84;0.96;46.0;2869.0;21.75;81.0;32.25;0.78;7.23;14.48;339.74;353.80;2.31;124675.0;47.0;47.0;54.0;4520.0;980.95;761.70;3.0;1.0;0;1.0;0;0;1.0;0;0;1.0;0;0;1.0;1.0;0;0;0;0;0
614039;0.84;1.00;45.0;2779.0;21.75;81.0;17.25;0;13.45;14.48;345.56;324.62;2.31;124675.0;45.0;45.0;54.0;4534.0;981.10;664.05;3.0;1.0;0;1.0;0;0;1.0;0;0;1.0;0;0;1.0;1.0;0;0;0;0;0
614624;0.76;1.00;43.0;2675.0;21.75;81.0;18.0;0;13.35;14.48;329.04;347.18;2.31;124675.0;44.0;43.0;54.0;4529.0;981.02;0;3.0;1.0;0;1.0;0;0;1.0;0;0;1.0;0;0;1.0;1.0;0;0;0;0;0
615148;0.79;1.00;42.0;2580.0;21.75;81.0;16.5;0;13.40;14.48;337.84;343.20;2.31;124675.0;42.0;42.0;54.0;4492.0;981.02;0;3.0;1.0;0;1.0;0;0;1.0;0;0;1.0;0;0;1.0;1.0;0;0;0;0;0
615731;1.78;1.00;41.0;2586.0;21.75;81.75;9.0;3.13;10.56;14.48;305.05;346.55;2.31;124675.0;41.0;41.0;54.0;4502.0;981.06;839.83;3.0;1.0;0;1.0;0;0;1.0;0;0;1.0;0;0;1.0;1.0;0;0;0;0;0
616362;1.72;0.97;41.0;2511.0;21.75;81.75;16.5;3.13;12.68;14.39;265.23;305.68;2.31;124675.0;41.0;41.0;54.0;4491.0;980.98;839.83;3.0;1.0;0;1.0;0;0;1.0;0;0;1.0;0;0;1.0;1.0;0;0;0;0;0
616862;1.32;0.95;41.0;2535.0;21.75;81.75;24.0;2.35;11.30;14.48;221.60;237.60;2.31;124675.0;42.0;42.0;54.0;4523.0;981.10;859.36;3.0;1.0;0;1.0;0;0;1.0;0;0;1.0;0;0;1.0;1.0;0;0;0;0;0
617395;1.29;0.93;41.0;2567.0;21.75;81.75;27.0;2.35;11.54;14.58;194.49;187.42;2.31;124675.0;42.0;42.0;54.0;4520.0;981.06;839.83;3.0;1.0;0;1.0;0;0;1.0;0;0;1.0;0;0;1.0;1.0;0;0;0;0;0
617904;1.32;0.92;41.0;2570.0;21.75;81.75;27.0;2.35;11.98;14.48;247.56;248.03;2.31;124675.0;42.0;42.0;54.0;4512.0;981.02;820.30;3.0;1.0;0;1.0;0;0;1.0;0;0;1.0;0;0;1.0;1.0;0;0;0;0;0
618452;1.49;0.90;42.0;2589.0;21.75;81.75;27.75;3.13;13.61;14.48;299.41;295.95;2.31;124675.0;42.0;42.0;54.0;4510.0;980.98;761.70;3.0;1.0;0;1.0;0;0;1.0;0;0;1.0;0;0;1.0;1.0;0;0;0;0;0
618999;1.88;0.87;43.0;2682.0;21.75;81.75;28.5;4.70;17.31;14.39;329.31;274.25;2.31;124675.0;43.0;44.0;54.0;4495.0;980.98;371.08;3.0;1.0;0;1.0;0;0;1.0;0;0;1.0;0;0;1.0;1.0;0;0;0;0;0
619520;1.84;0.88;45.0;2768.0;21.75;81.75;30.75;4.70;17.10;14.39;343.23;305.99;2.31;124675.0;45.0;45.0;54.0;4488.0;981.10;742.17;3.0;1.0;0;1.0;0;0;1.0;0;0;1.0;0;0;1.0;1.0;0;0;0;0;0
620117;1.78;0.87;46.0;2864.0;21.75;81.75;31.5;4.70;16.81;14.48;311.32;339.74;2.31;124675.0;46.0;46.0;54.0;4504.0;981.14;761.70;3.0;1.0;0;1.0;1.0;0;1.0;0;0;1.0;0;0;1.0;1.0;0;0;0;0;0
620682;1.24;1.00;47.0;2191.0;21.75;81.75;1.5;0;10.01;14.48;325.46;346.77;2.31;124675.0;48.0;48.0;63.0;4570.0;981.14;0;3.0;1.0;0;1.0;0;0;1.0;0;0;1.0;0;0;1.0;1.0;0;0;0;0;0
621199;1.43;1.00;47.0;2502.0;21.75;81.75;25.5;2.35;11.44;14.58;284.66;248.61;2.31;124675.0;48.0;48.0;54.0;4228.0;981.22;839.83;4.0;1.0;0;1.0;0;0;1.0;0;0;1.0;0;0;1.0;1.0;0;0;0;0;0
621732;2.85;1.00;48.0;2529.0;21.75;81.75;26.25;6.27;20.67;14.48;296.42;202.46;2.31;124675.0;49.0;49.0;54.0;4312.0;981.26;859.36;4.0;1.0;0;1.0;0;0;1.0;0;0;1.0;0;0;1.0;1.0;0;0;0;0;0
622297;2.32;0.97;50.0;2635.0;21.75;81.75;27.75;5.49;19.33;14.48;329.47;214.49;2.31;124675.0;50.0;51.0;54.0;4452.0;981.22;820.30;4.0;1.0;0;1.0;0;0;1.0;0;0;1.0;0;0;1.0;1.0;0;0;0;0;0
622873;1.35;0.94;51.0;2673.0;21.75;81.75;28.5;2.35;11.89;14.48;329.86;164.83;2.31;124675.0;51.0;52.0;54.0;4528.0;981.30;839.83;4.0;1.0;0;1.0;0;0;1.0;0;0;1.0;0;0;1.0;1.0;0;0;0;0;0
623440;1.48;0.92;52.0;2713.0;21.75;81.75;29.25;3.13;13.15;14.39;335.85;164.20;2.31;124675.0;52.0;52.0;54.0;4504.0;981.37;820.30;4.0;1.0;0;1.0;0;0;1.0;0;0;1.0;0;0;1.0;1.0;0;0;0;0;0
623939;1.48;0.90;52.0;2777.0;21.75;81.75;30.75;3.13;13.42;14.48;348.35;245.33;2.31;124675.0;53.0;53.0;54.0;4508.0;981.45;800.77;4.0;1.0;0;1.0;0;0;1.0;0;0;1.0;0;0;1.0;1.0;0;0;0;0;0
624464;1.44;0.88;53.0;2822.0;21.75;81.75;31.5;3.13;13.35;14.48;353.20;266.89;2.31;124675.0;54.0;54.0;54.0;4496.0;981.45;781.24;4.0;1.0;0;1.0;0;0;1.0;0;0;1.0;0;0;1.0;1.0;0;0;0;0;0
624980;1.97;0.86;56.0;2899.0;21.75;81.75;32.25;5.49;18.30;14.39;352.06;318.37;2.31;124675.0;55.0;56.0;54.0;4499.0;981.49;781.24;4.0;1.0;0;1.0;0;0;1.0;0;0;1.0;0;0;1.0;1.0;0;0;0;0;0
625532;2.07;0.82;57.0;3003.0;21.75;81.75;34.5;6.66;20.42;14.48;356.03;330.99;2.31;124675.0;57.0;58.0;54.0;4507.0;981.53;234.37;4.0;1.0;0;1.0;0;0;1.0;0;0;1.0;0;0;1.0;1.0;0;0;0;0;0
626057;2.35;0.84;60.0;3140.0;21.75;81.75;34.5;8.23;22.42;14.48;340.13;328.78;2.31;124675.0;60.0;60.0;54.0;4500.0;981.57;58.59;4.0;1.0;0;1.0;1.0;0;1.0;0;0;0;0;0;1.0;1.0;0;0;1.0;0;0
626615;1.25;1.00;61.0;2112.0;21.75;81.75;1.5;0;9.68;14.58;347.24;301.26;2.31;124675.0;61.0;61.0;71.0;4545.0;981.57;0;5.0;1.0;0;1.0;0;0;1.0;0;0;0;0;0;1.0;1.0;0;0;0;0;0
627143;1.06;1.00;61.0;2841.0;21.75;81.75;31.5;1.96;8.98;14.58;347.57;302.36;2.31;124675.0;61.0;61.0;54.0;4228.0;981.57;839.83;5.0;1.0;0;1.0;0;0;1.0;0;0;0;0;0;1.0;1.0;0;0;0;0;0
627642;1.56;0.99;62.0;2973.0;21.75;81.75;33.0;3.52;12.33;14.58;331.91;288.12;2.31;124675.0;62.0;62.0;54.0;4329.0;981.61;839.83;5.0;1.0;0;1.0;0;0;1.0;0;0;0;0;0;1.0;1.0;0;0;0;0;0
628177;1.59;0.97;63.0;2905.0;21.75;81.75;33.0;3.92;13.52;14.58;310.89;275.41;2.31;124675.0;63.0;63.0;54.0;4448.0;981.61;820.30;5.0;1.0;0;1.0;0;0;1.0;0;0;0;0;0;1.0;1.0;0;0;0;0;0
628694;1.48;0.95;65.0;2982.0;21.75;81.75;33.75;3.92;13.05;14.48;301.56;264.00;2.31;124675.0;65.0;65.0;54.0;4501.0;981.61;820.30;5.0;1.0;0;1.0;0;0;1.0;0;0;0;0;0;1.0;1.0;0;0;0;0;0
629218;1.35;0.92;66.0;3024.0;21.75;81.75;34.5;3.52;12.30;14.48;291.42;288.14;2.31;124675.0;66.0;66.0;54.0;4515.0;981.61;800.77;5.0;1.0;0;1.0;0;0;1.0;0;0;0;0;0;1.0;1.0;0;0;0;0;0
629738;0.96;0.91;66.0;3013.0;21.75;81.75;34.5;2.35;9.39;14.58;328.18;328.65;2.31;124675.0;67.0;67.0;54.0;4523.0;981.61;820.30;5.0;1.0;0;1.0;0;0;1.0;0;0;0;0;0;1.0;1.0;0;0;0;0;0
630295;0.63;1.00;66.0;3085.0;21.75;81.75;29.25;0;13.44;14.48;355.23;338.82;2.31;124675.0;67.0;67.0;54.0;4538.0;981.61;664.05;5.0;1.0;0;1.0;0;0;1.0;0;0;0;0;0;1.0;1.0;0;0;0;0;0
630807;0.62;1.00;66.0;3062.0;21.75;81.75;-30.0;0;0;14.58;335.93;331.18;2.31;124675.0;67.0;66.0;54.0;4558.0;981.61;0;5.0;1.0;0;1.0;0;0;1.0;0;0;0;0;0;1.0;1.0;0;0;0;0;0
631340;1.97;1.00;66.0;3074.0;21.75;81.75;7.5;4.70;9.94;14.48;323.18;323.16;2.31;124675.0;66.0;67.0;54.0;4222.0;981.61;839.83;5.0;1.0;0;1.0;0;0;1.0;0;0;0;0;0;1.0;1.0;0;0;0;0;0
631929;1.84;0.98;67.0;3133.0;21.75;81.0;15.75;4.70;11.68;14.39;322.85;319.29;2.31;124675.0;68.0;67.0;54.0;4339.0;981.73;859.36;5.0;1.0;0;1.0;0;0;1.0;0;0;0;0;0;1.0;1.0;0;0;0;0;0
632455;0.60;1.00;68.0;3020.0;21.75;81.0;28.5;0;13.43;14.48;334.62;337.24;2.31;124675.0;69.0;68.0;54.0;4473.0;981.92;820.30;5.0;1.0;0;1.0;0;0;1.0;0;0;0;0;0;1.0;1.0;0;0;0;0;0
633013;0.61;1.00;68.0;3130.0;21.75;81.0;-30.0;0;0;14.48;326.28;314.84;2.31;124675.0;69.0;68.0;54.0;4475.0;982.04;0;5.0;1.0;0;1.0;0;0;1.0;0;0;0;0;0;1.0;1.0;0;0;0;0;0
633542;0.66;1.00;67.0;3093.0;21.75;81.0;-30.0;0;0;14.48;263.55;286.11;2.31;124675.0;68.0;67.0;54.0;4492.0;982.27;0;5.0;1.0;0;1.0;0;0;1.0;0;0;0;0;0;1.0;1.0;0;0;0;0;0
634052;0.64;1.00;67.0;3081.0;21.75;81.0;-30.0;0;0;14.48;180.06;228.50;2.31;124675.0;67.0;67.0;54.0;4499.0;982.43;0;5.0;1.0;0;1.0;0;0;1.0;0;0;0;0;0;1.0;1.0;0;0;0;0;0
634612;0.63;1.00;66.0;3065.0;21.75;81.0;-30.0;0;0;14.48;159.14;202.42;2.31;124675.0;67.0;67.0;54.0;4512.0;982.55;0;5.0;1.0;0;1.0;0;0;1.0;0;0;0;0;0;1.0;1.0;0;0;0;0;0
635137;0.63;1.00;66.0;3053.0;21.75;81.0;-30.0;0;0;14.39;247.83;275.49;2.31;124675.0;67.0;66.0;54.0;4515.0;982.66;0;5.0;1.0;0;1.0;0;0;1.0;0;0;0;0;0;1.0;1.0;0;0;0;0;0
635728;0.64;1.00;66.0;3014.0;21.75;81.0;-30.0;0;0;14.58;284.20;313.69;2.31;124675.0;66.0;65.0;54.0;4512.0;982.70;19.53;5.0;1.0;0;1.0;0;0;1.0;0;0;0;0;0;1.0;1.0;0;0;0;0;0
636250;0.64;1.00;65.0;2985.0;21.75;81.0;-30.0;0;0;14.58;331.65;337.32;2.31;124675.0;65.0;65.0;54.0;4518.0;982.78;19.53;5.0;1.0;0;1.0;0;0;1.0;0;0;0;0;0;1.0;1.0;0;0;0;0;0
636809;0.64;1.00;65.0;2975.0;21.75;81.0;-30.0;0;0;14.48;347.49;346.79;2.31;124675.0;66.0;65.0;54.0;4525.0;982.78;19.53;5.0;1.0;0;1.0;0;0;1.0;0;0;0;0;0;1.0;1.0;0;0;0;0;0
637325;0.64;1.00;65.0;2975.0;21.75;81.0;-30.0;0;0;14.48;352.67;346.98;2.31;124675.0;65.0;64.0;54.0;4535.0;982.82;19.53;5.0;1.0;0;1.0;0;0;1.0;0;0;0;0;0;1.0;1.0;0;0;0;0;0
637845;0.64;1.00;65.0;2945.0;21.75;81.0;-30.0;0;0;14.48;310.05;310.03;2.31;124675.0;65.0;64.0;54.0;4540.0;982.90;39.06;5.0;1.0;0;1.0;0;0;1.0;0;0;0;0;0;1.0;1.0;0;0;0;0;0
638417;0.64;1.00;63.0;2942.0;21.75;80.25;-30.0;0;0;14.48;279.06;281.97;2.31;124675.0;64.0;64.0;55.0;4547.0;982.90;39.06;5.0;1.0;0;1.0;0;0;1.0;0;0;0;0;0;1.0;1.0;0;0;0;0;0
638915;0.69;1.00;62.0;2864.0;21.75;80.25;-30.0;0;0;14.48;234.77;269.80;2.31;124675.0;62.0;62.0;55.0;4571.0;982.98;39.06;5.0;1.0;0;1.0;0;0;1.0;0;0;0;0;0;1.0;1.0;0;0;0;0;0
639439;0.69;1.00;61.0;2826.0;21.75;80.25;-30.0;0;0;14.48;241.13;290.89;2.31;124675.0;62.0;61.0;55.0;4590.0;983.17;39.06;5.0;1.0;0;1.0;0;0;1.0;0;0;0;0;0;1.0;1.0;0;0;0;0;0
640084;0.70;1.00;61.0;2791.0;21.75;80.25;-30.0;0;0;14.58;206.95;302.44;2.31;124675.0;61.0;61.0;55.0;4588.0;983.37;39.06;5.0;1.0;0;1.0;0;0;1.0;0;0;0;0;0;1.0;1.0;0;0;0;0;0
640657;0.67;1.00;61.0;2820.0;21.75;80.25;-30.0;0;0;14.39;201.08;288.65;2.31;124675.0;62.0;61.0;55.0;4599.0;983.64;58.59;5.0;1.0;0;1.0;0;0;1.0;0;0;0;0;0;1.0;1.0;0;0;0;0;0
641166;1.76;1.00;61.0;2908.0;21.75;80.25;10.5;3.52;9.09;14.58;278.12;329.84;2.31;124675.0;62.0;61.0;55.0;4295.0;983.80;449.21;5.0;1.0;0;1.0;0;0;1.0;0;0;0;0;0;1.0;1.0;0;0;0;0;0
641689;2.27;1.00;62.0;2871.0;21.75;80.25;14.25;5.49;14.08;14.48;294.19;344.35;2.31;124675.0;62.0;62.0;55.0;4256.0;983.87;937.48;5.0;1.0;0;1.0;0;0;1.0;0;0;0;0;0;1.0;1.0;0;0;0;0;0
642199;2.24;0.96;63.0;2967.0;21.75;80.25;25.5;6.27;17.77;14.39;332.88;354.25;2.31;124675.0;64.0;64.0;55.0;4410.0;983.95;917.95;5.0;1.0;0;1.0;0;0;1.0;0;0;0;0;0;1.0;1.0;0;0;0;0;0
642720;1.79;0.92;66.0;3022.0;21.75;80.25;34.5;4.70;16.13;14.48;338.90;358.43;2.31;124675.0;65.0;66.0;55.0;4500.0;983.99;898.42;5.0;1.0;0;1.0;0;0;1.0;0;0;0;0;0;1.0;1.0;0;0;0;0;0
643273;0.96;0.99;66.0;3060.0;21.75;79.5;35.25;1.96;8.58;14.39;233.83;248.10;2.31;124675.0;66.0;66.0;55.0;4528.0;984.03;917.95;5.0;1.0;0;1.0;0;0;1.0;0;0;0;0;0;1.0;1.0;0;0;0;0;0
643822;0.66;1.00;65.0;3010.0;21.75;79.5;-30.0;0;0;14.48;209.55;235.27;2.31;124675.0;65.0;65.0;55.0;4530.0;984.07;839.83;5.0;1.0;0;1.0;0;0;1.0;0;0;0;0;0;1.0;1.0;0;0;0;0;0
644343;0.67;1.00;65.0;2965.0;21.75;79.5;-30.0;0;0;14.58;233.44;242.81;2.31;124675.0;65.0;64.0;55.0;4563.0;984.07;19.53;5.0;1.0;0;1.0;0;0;1.0;0;0;0;0;0;1.0;1.0;0;0;0;0;0
644854;1.28;1.00;63.0;2919.0;21.75;79.5;25.5;2.35;9.67;14.48;251.80;250.14;2.31;124675.0;63.0;64.0;55.0;4231.0;984.23;878.89;5.0;1.0;0;1.0;0;0;1.0;0;0;0;0;0;1.0;1.0;0;0;0;0;0
645464;1.40;0.99;63.0;3030.0;21.75;79.5;31.5;3.13;11.22;14.48;245.62;246.48;2.31;124675.0;63.0;63.0;55.0;4325.0;984.34;898.42;5.0;1.0;0;1.0;0;0;1.0;0;0;0;0;0;1.0;1.0;0;0;0;0;0
645994;1.45;0.97;62.0;2905.0;21.75;79.5;33.0;3.52;12.48;14.48;201.23;209.24;2.31;124675.0;63.0;63.0;55.0;4456.0;984.46;878.89;5.0;1.0;0;1.0;0;0;1.0;0;0;0;0;0;1.0;1.0;0;0;0;0;0
646540;1.40;0.95;63.0;2935.0;21.75;79.5;33.0;3.52;12.28;14.58;214.96;209.04;2.31;124675.0;63.0;64.0;55.0;4497.0;984.62;859.36;5.0;1.0;0;1.0;0;0;1.0;0;0;0;0;0;1.0;1.0;0;0;0;0;0
647097;1.29;0.93;63.0;2953.0;21.75;79.5;33.0;3.13;11.71;14.58;285.47;238.38;2.31;124675.0;63.0;64.0;55.0;4514.0;984.77;859.36;5.0;1.0;0;1.0;0;0;1.0;0;0;0;0;0;1.0;1.0;0;0;0;0;0
647625;1.20;0.91;63.0;2953.0;21.75;79.5;33.0;2.74;11.13;14.48;321.24;307.79;2.31;124675.0;63.0;64.0;55.0;4511.0;984.89;839.83;5.0;1.0;0;1.0;0;0;1.0;0;0;0;0;0;1.0;1.0;0;0;0;0;0
648184;1.26;0.90;63.0;2935.0;21.75;79.5;33.0;3.13;11.78;14.39;340.87;332.47;2.31;124675.0;63.0;64.0;55.0;4506.0;984.93;839.83;5.0;1.0;0;1.0;0;0;1.0;0;0;0;0;0;1.0;1.0;0;0;0;0;0
648778;1.77;0.86;63.0;2941.0;21.75;79.5;33.75;5.09;16.78;14.29;341.28;338.10;2.58;124675.0;63.0;64.0;55.0;4509.0;985.01;742.17;5.0;1.0;0;1.0;0;0;1.0;0;0;0;0;0;1.0;1.0;0;0;0;0;0
649277;1.54;0.83;65.0;2989.0;21.75;79.5;33.75;4.70;15.26;14.48;309.51;317.65;2.31;124675.0;64.0;65.0;55.0;4518.0;985.09;507.80;5.0;1.0;0;1.0;0;0;1.0;0;0;0;0;0;1.0;1.0;0;0;0;0;0
649800;1.44;0.84;65.0;3007.0;21.75;79.5;34.5;4.31;14.28;14.48;335.74;341.36;2.31;124675.0;64.0;65.0;55.0;4506.0;985.16;39.06;5.0;1.0;0;1.0;0;0;1.0;0;0;0;0;0;1.0;1.0;0;0;0;0;0
650310;1.36;0.87;65.0;3015.0;21.75;79.5;33.75;3.92;13.22;14.48;333.22;317.96;2.31;124675.0;65.0;65.0;55.0;4514.0;985.20;97.65;5.0;1.0;0;1.0;0;0;1.0;0;0;0;0;0;1.0;1.0;0;0;0;0;0
650884;1.36;0.89;65.0;3019.0;21.75;79.5;34.5;3.52;12.76;14.39;167.93;168.93;2.31;124675.0;65.0;65.0;55.0;4524.0;985.24;742.17;5.0;1.0;0;1.0;0;0;1.0;0;0;0;0;0;1.0;1.0;0;0;0;0;0
651429;0.99;0.88;65.0;2985.0;21.75;79.5;34.5;1.96;9.58;14.48;89.19;93.31;2.31;124675.0;65.0;65.0;55.0;4524.0;985.28;859.36;5.0;1.0;0;1.0;0;0;1.0;0;0;0;0;0;1.0;1.0;0;0;0;0;0
651956;0.78;0.87;65.0;3025.0;21.75;79.5;34.5;1.56;7.70;14.48;224.73;232.17;2.31;124675.0;65.0;65.0;55.0;4517.0;985.28;781.24;5.0;1.0;0;1.0;0;0;1.0;0;0;0;0;0;1.0;1.0;0;0;0;0;0
652498;0.73;1.00;63.0;2930.0;21.75;79.5;33.0;0;12.05;14.58;257.97;258.04;2.31;124675.0;64.0;64.0;55.0;4515.0;985.28;19.53;5.0;1.0;0;1.0;0;0;1.0;0;0;0;0;0;1.0;1.0;0;0;0;0;0
653020;0.65;1.00;63.0;2896.0;21.75;79.5;-30.0;0;0;14.48;320.35;315.95;2.31;124675.0;63.0;63.0;55.0;4586.0;985.32;19.53;5.0;1.0;0;1.0;0;0;1.0;0;0;0;0;0;1.0;1.0;0;0;0;0;0
653543;0.66;1.00;61.0;2836.0;21.75;79.5;-30.0;0;0;14.58;341.48;333.35;2.31;124675.0;61.0;62.0;55.0;4617.0;985.32;19.53;5.0;1.0;0;1.0;0;0;1.0;0;0;0;0;0;1.0;1.0;0;0;0;0;0
654092;0.67;1.00;60.0;2756.0;21.75;79.5;-30.0;0;0;14.58;347.51;343.94;2.31;124675.0;60.0;60.0;55.0;4682.0;985.32;19.53;5.0;1.0;0;1.0;0;0;1.0;0;0;0;0;0;1.0;1.0;0;0;0;0;0
654648;0.72;1.00;57.0;2627.0;21.75;79.5;-30.0;0;0;14.48;354.11;325.13;2.31;124675.0;58.0;57.0;55.0;4719.0;985.32;19.53;5.0;1.0;0;1.0;0;0;1.0;0;0;0;0;0;1.0;1.0;0;0;0;0;0
655173;0.69;1.00;56.0;2590.0;21.75;79.5;-30.0;0;0;14.39;350.42;344.60;2.31;124675.0;57.0;56.0;55.0;4659.0;985.40;39.06;5.0;1.0;0;1.0;0;0;1.0;0;0;1.0;0;0;1.0;1.0;0;0;0;0;0
655731;0.74;1.00;56.0;2555.0;21.75;79.5;-30.0;0;0;14.48;348.18;314.58;2.31;124675.0;56.0;55.0;55.0;4524.0;985.44;58.59;5.0;1.0;0;1.0;0;0;1.0;0;0;1.0;0;0;1.0;1.0;0;0;0;0;0
656248;2.52;1.00;56.0;2700.0;21.75;79.5;3.0;5.49;12.62;14.58;345.19;341.11;2.31;124675.0;56.0;56.0;55.0;4235.0;985.48;898.42;5.0;1.0;0;1.0;0;0;1.0;0;0;1.0;0;0;1.0;1.0;0;0;0;0;0
656768;2.39;0.97;58.0;2701.0;21.75;79.5;13.5;5.49;16.29;14.48;345.03;339.82;2.31;124675.0;58.0;58.0;55.0;4351.0;985.52;898.42;5.0;1.0;0;1.0;0;0;1.0;0;0;1.0;0;0;1.0;1.0;0;0;0;0;0
657290;1.42;0.94;60.0;2773.0;21.75;79.5;22.5;2.74;12.32;14.48;344.25;343.64;2.31;124675.0;59.0;60.0;55.0;4497.0;985.48;898.42;5.0;1.0;0;1.0;0;0;1.0;0;0;1.0;0;0;1.0;1.0;0;0;0;0;0
657808;1.18;0.92;60.0;2775.0;21.75;79.5;28.5;1.96;10.55;14.48;325.97;324.97;2.31;124675.0;60.0;60.0;55.0;4518.0;985.79;898.42;5.0;1.0;0;1.0;0;0;1.0;0;0;0;0;0;1.0;1.0;0;0;0;0;0
658378;1.03;0.91;60.0;2763.0;21.75;79.5;30.0;1.96;9.84;14.48;327.32;256.72;2.31;124675.0;60.0;61.0;55.0;4512.0;986.02;859.36;5.0;1.0;0;1.0;0;0;1.0;0;0;0;0;0;1.0;1.0;0;0;0;0;0
658952;0.71;0.89;60.0;2768.0;21.75;79.5;30.75;0.78;6.73;14.48;353.06;288.92;2.31;124675.0;61.0;60.0;55.0;4533.0;986.18;820.30;5.0;1.0;0;1.0;0;0;1.0;0;0;0;0;0;1.0;1.0;0;0;0;0;0
659486;0.68;0.88;60.0;2760.0;21.75;79.5;30.75;0.39;7.01;14.39;352.63;331.36;2.31;124675.0;61.0;60.0;55.0;4518.0;986.22;19.53;5.0;1.0;0;1.0;0;0;1.0;0;0;0;0;0;1.0;1.0;0;0;0;0;0
660003;0.78;0.89;60.0;2792.0;21.75;80.25;30.75;0.39;9.17;14.39;359.33;342.61;2.31;124675.0;60.0;60.0;55.0;4509.0;986.34;58.59;5.0;1.0;0;1.0;0;0;1.0;0;0;0;0;0;1.0;1.0;0;0;0;0;0
660584;0.80;0.91;60.0;2765.0;21.75;80.25;30.75;0.39;9.36;14.48;352.43;348.10;2.31;124675.0;60.0;60.0;55.0;4507.0;986.41;839.83;5.0;1.0;0;1.0;0;0;1.0;0;0;0;0;0;1.0;1.0;0;0;0;0;0
661107;0.78;0.89;60.0;2775.0;21.75;80.25;30.75;0.39;9.32;14.48;303.37;354.00;2.31;124676.0;60.0;60.0;55.0;4517.0;986.45;839.83;5.0;1.0;0;1.0;0;0;1.0;0;0;0;0;0;1.0;1.0;0;0;0;0;0
661679;0.70;0.87;60.0;2735.0;21.75;80.25;30.0;0.78;6.81;14.48;312.92;331.63;2.31;124676.0;60.0;60.0;55.0;4512.0;986.49;703.11;5.0;1.0;0;1.0;0;0;1.0;0;0;0;0;0;1.0;1.0;0;0;0;0;0
662177;0.76;0.87;60.0;2744.0;21.75;80.25;30.0;1.17;7.39;14.58;322.22;346.32;2.31;124676.0;60.0;59.0;55.0;4502.0;986.53;19.53;5.0;1.0;0;1.0;0;0;1.0;0;0;0;0;0;1.0;1.0;0;0;0;0;0
662706;1.19;0.88;60.0;2703.0;21.75;80.25;30.75;2.74;11.41;14.58;338.78;342.67;2.31;124676.0;60.0;60.0;55.0;4486.0;986.53;58.59;5.0;1.0;0;1.0;0;0;1.0;0;0;0;0;0;1.0;1.0;0;0;0;0;0
663229;1.32;0.90;60.0;2823.0;21.75;80.25;30.75;3.52;12.31;14.48;290.74;325.42;2.31;124676.0;60.0;60.0;55.0;4501.0;986.61;781.24;5.0;1.0;0;1.0;0;0;1.0;0;0;0;0;0;1.0;1.0;0;0;0;0;0
663727;1.65;0.89;61.0;2834.0;21.75;80.25;31.5;4.70;15.34;14.48;290.13;294.62;2.31;124676.0;61.0;62.0;55.0;4491.0;986.61;781.24;5.0;1.0;0;1.0;0;0;1.0;0;0;0;0;0;1.0;1.0;0;0;0;0;0
664270;1.82;0.88;62.0;2902.0;21.75;80.25;32.25;5.49;16.96;14.48;315.72;292.32;2.31;124676.0;63.0;63.0;55.0;4510.0;986.61;820.30;5.0;1.0;0;1.0;0;0;1.0;0;0;0;0;0;1.0;1.0;0;0;0;0;0
664827;1.72;0.84;63.0;2989.0;21.75;80.25;33.0;5.49;16.90;14.48;336.99;330.48;2.31;124676.0;64.0;64.0;55.0;4513.0;986.77;156.24;5.0;1.0;0;1.0;0;0;1.0;0;0;0;0;0;1.0;1.0;0;0;0;0;0
665362;1.40;1.00;65.0;3000.0;21.75;80.25;34.5;3.52;12.84;14.58;350.36;347.84;2.31;124676.0;66.0;66.0;55.0;4519.0;986.73;839.83;5.0;1.0;0;1.0;0;0;1.0;0;0;0;0;0;1.0;1.0;0;0;0;0;0
665920;1.26;0.99;66.0;3066.0;21.75;80.25;35.25;2.74;10.84;14.48;354.68;356.12;2.31;124676.0;67.0;67.0;55.0;4519.0;986.84;878.89;5.0;1.0;0;1.0;0;0;1.0;0;0;0;0;0;1.0;1.0;0;0;0;0;0
666438;0.62;1.00;67.0;2943.0;21.75;80.25;27.75;0;13.60;14.48;351.42;336.36;2.31;124676.0;67.0;66.0;55.0;4535.0;987.00;859.36;5.0;1.0;0;1.0;0;0;1.0;0;0;0;0;0;1.0;1.0;0;0;0;0;0
666950;0.64;1.00;67.0;3069.0;21.75;80.25;-30.0;0;0;14.48;335.25;328.96;2.31;124676.0;67.0;67.0;55.0;4540.0;987.23;0;5.0;1.0;0;1.0;0;0;1.0;0;0;0;0;0;1.0;1.0;0;0;0;0;0
667472;0.64;1.00;67.0;3059.0;21.75;80.25;-30.0;0;0;14.58;309.17;305.99;2.31;124676.0;67.0;67.0;55.0;4558.0;987.43;19.53;5.0;1.0;0;1.0;0;0;1.0;0;0;0;0;0;1.0;1.0;0;0;0;0;0
668006;0.64;1.00;66.0;3048.0;21.75;80.25;-30.0;0;0;14.48;246.99;246.93;2.31;124676.0;66.0;66.0;55.0;4558.0;987.55;19.53;5.0;1.0;0;1.0;0;0;1.0;0;0;0;0;0;1.0;1.0;0;0;0;0;0
668579;0.64;1.00;66.0;3026.0;21.75;80.25;-30.0;0;0;14.58;288.28;241.13;2.31;124676.0;66.0;66.0;55.0;4580.0;987.62;19.53;5.0;1.0;0;1.0;0;0;1.0;0;0;0;0;0;1.0;1.0;0;0;0;0;0
669106;0.64;1.00;63.0;2943.0;21.75;80.25;-30.0;0;0;14.48;138.50;128.11;2.31;124676.0;64.0;64.0;55.0;4580.0;987.70;39.06;5.0;1.0;0;1.0;0;0;1.0;0;0;0;0;0;1.0;1.0;0;0;0;0;0
669629;0.65;1.00;62.0;2880.0;21.75;80.25;-30.0;0;0;14.58;156.49;152.04;2.31;124676.0;63.0;62.0;55.0;4609.0;987.74;39.06;5.0;1.0;0;1.0;0;0;1.0;0;0;0;0;0;1.0;1.0;0;0;0;0;0
670139;0.67;1.00;61.0;2806.0;21.75;80.25;-30.0;0;0;14.58;242.85;235.98;2.31;124676.0;62.0;61.0;55.0;4643.0;987.82;39.06;5.0;1.0;0;1.0;0;0;1.0;0;0;0;0;0;1.0;1.0;0;0;0;0;0
670700;0.68;1.00;61.0;2773.0;21.75;80.25;-30.0;0;0;14.58;297.46;265.95;2.31;124676.0;61.0;60.0;55.0;4659.0;987.82;58.59;5.0;1.0;0;1.0;0;0;1.0;0;0;0;0;0;1.0;1.0;0;0;0;0;0
671223;0.67;1.00;60.0;2756.0;21.75;80.25;-30.0;0;0;14.48;342.43;309.37;2.31;124676.0;60.0;60.0;55.0;4684.0;987.98;58.59;5.0;1.0;0;1.0;0;0;1.0;0;0;0;0;0;1.0;1.0;0;0;0;0;0
671735;1.40;1.00;60.0;2710.0;21.75;80.25;22.5;1.96;8.97;14.58;349.84;330.31;2.31;124676.0;60.0;59.0;55.0;4440.0;988.29;58.59;5.0;1.0;0;1.0;0;0;1.0;0;0;0;0;0;1.0;1.0;0;0;0;0;0
672256;1.48;1.00;60.0;2788.0;21.75;80.25;19.5;3.13;10.49;14.58;357.16;320.64;2.31;124676.0;60.0;60.0;55.0;4257.0;988.37;917.95;5.0;1.0;0;1.0;0;0;1.0;0;0;0;0;0;1.0;1.0;0;0;0;0;0
672780;1.32;0.99;60.0;2782.0;21.75;80.25;25.5;2.35;10.45;14.58;357.32;340.85;2.31;124676.0;60.0;60.0;55.0;4384.0;988.48;917.95;5.0;1.0;0;1.0;0;0;1.0;0;0;0;0;0;1.0;1.0;0;0;0;0;0
673320;0.90;0.97;60.0;2766.0;21.75;80.25;30.0;1.17;7.92;14.48;350.70;341.77;2.31;124676.0;61.0;60.0;55.0;4481.0;988.64;898.42;5.0;1.0;0;1.0;0;0;1.0;0;0;0;0;0;1.0;1.0;0;0;0;0;0
673843;0.77;0.95;60.0;2777.0;21.75;80.25;30.0;1.17;6.91;14.58;348.96;328.24;2.31;124676.0;61.0;61.0;55.0;4517.0;988.76;878.89;5.0;1.0;0;1.0;0;0;1.0;0;0;0;0;0;1.0;1.0;0;0;0;0;0
674385;0.74;0.94;60.0;2774.0;21.75;80.25;30.75;0.39;7.04;14.48;344.27;334.00;2.31;124676.0;60.0;60.0;55.0;4524.0;988.84;234.37;5.0;1.0;0;1.0;0;0;1.0;0;0;0;0;0;1.0;1.0;0;0;0;0;0
674916;0.76;1.00;60.0;2755.0;21.75;80.25;-30.0;0;0;14.58;346.59;324.35;2.31;124676.0;60.0;60.0;55.0;4561.0;988.91;664.05;5.0;1.0;0;1.0;0;0;1.0;0;0;0;0;0;1.0;1.0;0;0;0;0;0
675473;0.69;1.00;60.0;2721.0;21.75;80.25;-30.0;0;0;14.58;325.35;300.76;2.31;124676.0;60.0;59.0;55.0;4633.0;988.95;39.06;5.0;1.0;0;1.0;0;0;1.0;0;0;0;0;0;1.0;1.0;0;0;0;0;0
676021;1.0;1.00;58.0;2733.0;21.75;80.25;28.5;1.56;8.28;14.48;349.87;330.99;2.31;124676.0;59.0;59.0;55.0;4265.0;988.95;58.59;5.0;1.0;0;1.0;0;0;1.0;0;0;0;0;0;1.0;1.0;0;0;0;0;0
676544;1.21;1.00;58.0;2743.0;21.75;80.25;29.25;2.35;10.07;14.48;343.86;326.17;2.31;124676.0;59.0;59.0;55.0;4306.0;988.99;898.42;5.0;1.0;0;1.0;0;0;1.0;0;0;0;0;0;1.0;1.0;0;0;0;0;0
677102;1.47;0.98;60.0;2790.0;21.75;80.25;30.75;3.13;12.33;14.58;343.94;335.50;2.31;124676.0;60.0;60.0;55.0;4422.0;988.99;878.89;5.0;1.0;0;1.0;0;0;1.0;0;0;0;0;0;1.0;1.0;0;0;0;0;0
677626;1.52;0.96;61.0;2809.0;21.75;80.25;30.75;3.52;12.98;14.48;348.78;345.79;2.31;124676.0;61.0;61.0;55.0;4474.0;989.03;859.36;5.0;1.0;0;1.0;0;0;1.0;0;0;0;0;0;1.0;1.0;0;0;0;0;0
678190;1.40;0.94;62.0;2900.0;21.75;80.25;32.25;3.52;12.43;14.48;347.71;333.35;2.31;124676.0;62.0;63.0;55.0;4503.0;989.15;839.83;5.0;1.0;0;1.0;0;0;1.0;0;0;0;0;0;1.0;1.0;0;0;0;0;0
678713;1.40;0.92;62.0;2892.0;21.75;80.25;32.25;3.52;12.87;14.39;333.47;339.72;2.31;124676.0;63.0;63.0;55.0;4526.0;989.27;820.30;5.0;1.0;0;1.0;0;0;1.0;0;0;0;0;0;1.0;1.0;0;0;0;0;0
679212;1.37;0.90;63.0;2914.0;21.75;80.25;33.0;3.52;12.83;14.58;315.25;335.62;2.31;124676.0;63.0;64.0;55.0;4519.0;989.34;820.30;5.0;1.0;0;1.0;0;0;1.0;0;0;0;0;0;1.0;1.0;0;0;0;0;0
679727;1.34;0.88;63.0;2934.0;21.75;80.25;33.0;3.52;12.81;14.39;265.35;282.36;2.31;124676.0;63.0;64.0;55.0;4517.0;989.50;781.24;5.0;1.0;0;1.0;0;0;1.0;0;0;0;0;0;1.0;1.0;0;0;0;0;0
680263;2.37;0.99;65.0;2974.0;21.75;80.25;33.75;6.66;19.00;14.48;244.26;258.90;2.31;124676.0;64.0;65.0;55.0;4490.0;989.50;859.36;5.0;1.0;0;1.0;0;0;1.0;0;0;0;0;0;1.0;1.0;0;0;0;0;0
680782;1.44;0.99;65.0;3025.0;21.75;80.25;34.5;3.52;12.43;14.58;148.09;142.19;2.31;124676.0;65.0;66.0;55.0;4515.0;989.73;839.83;5.0;1.0;0;1.0;0;0;1.0;0;0;0;0;0;1.0;1.0;0;0;0;0;0
681375;1.38;0.97;66.0;3055.0;21.75;80.25;34.5;3.52;12.05;14.48;167.17;157.72;2.31;124676.0;66.0;66.0;55.0;4521.0;989.73;820.30;5.0;1.0;0;1.0;0;0;1.0;0;0;0;0;0;1.0;1.0;0;0;0;0;0
681911;1.28;0.95;66.0;3082.0;21.75;80.25;35.25;3.13;11.39;14.48;212.23;161.23;2.31;124676.0;67.0;67.0;55.0;4516.0;989.89;820.30;5.0;1.0;0;1.0;0;0;1.0;0;0;0;0;0;1.0;1.0;0;0;0;0;0
682468;1.16;0.93;67.0;3152.0;21.75;80.25;36.0;2.74;10.56;14.48;288.22;222.75;2.31;124676.0;68.0;68.0;55.0;4513.0;990.01;820.30;5.0;1.0;0;1.0;0;0;1.0;0;0;0;0;0;1.0;1.0;0;0;0;0;0
682967;1.12;0.91;68.0;3149.0;21.75;80.25;36.0;2.74;10.38;14.58;326.30;278.63;2.31;124676.0;68.0;69.0;55.0;4505.0;990.12;820.30;5.0;1.0;0;1.0;0;0;1.0;0;0;0;0;0;1.0;1.0;0;0;0;0;0
683498;0.94;0.89;68.0;3141.0;21.75;80.25;36.0;2.35;8.94;14.48;340.66;297.59;2.31;124676.0;68.0;69.0;55.0;4511.0;990.16;800.77;5.0;1.0;0;1.0;0;0;1.0;0;0;0;0;0;1.0;1.0;0;0;0;0;0
683997;1.04;0.88;68.0;3164.0;21.75;80.25;36.75;2.74;10.10;14.48;349.62;332.79;2.31;124676.0;68.0;68.0;55.0;4512.0;990.20;800.77;5.0;1.0;0;1.0;0;0;1.0;0;0;0;0;0;1.0;1.0;0;0;0;0;0
684533;1.03;0.86;68.0;3164.0;21.75;80.25;36.75;2.74;10.10;14.48;348.68;327.14;2.31;124676.0;69.0;69.0;55.0;4512.0;990.20;781.24;5.0;1.0;0;1.0;0;0;1.0;0;0;0;0;0;1.0;1.0;0;0;0;0;0
685030;1.54;0.84;68.0;3257.0;21.75;80.25;37.5;4.31;14.00;14.48;336.44;279.74;2.31;124676.0;68.0;69.0;55.0;4493.0;990.24;781.24;5.0;1.0;0;1.0;0;0;1.0;0;0;0;0;0;1.0;1.0;0;0;0;0;0
685643;1.57;0.81;70.0;3212.0;21.75;80.25;36.75;5.09;15.80;14.58;324.84;287.46;2.31;124676.0;69.0;70.0;55.0;4495.0;990.24;527.33;5.0;1.0;0;1.0;0;0;1.0;0;0;0;0;0;1.0;1.0;0;0;0;0;0
686176;1.56;0.82;70.0;3244.0;21.75;80.25;37.5;5.09;15.69;14.48;317.98;280.07;2.31;124676.0;70.0;71.0;55.0;4509.0;990.28;410.15;5.0;1.0;0;1.0;0;0;1.0;0;0;0;0;0;1.0;1.0;0;0;0;0;0
686675;1.60;0.85;71.0;3280.0;21.75;80.25;37.5;5.09;15.58;14.48;266.70;228.30;2.31;124676.0;71.0;71.0;55.0;4515.0;990.28;761.70;5.0;1.0;0;1.0;0;0;1.0;0;0;0;0;0;1.0;1.0;0;0;0;0;0
687210;1.43;0.81;71.0;3316.0;21.75;80.25;38.25;4.70;14.54;14.58;161.84;212.77;2.31;124676.0;71.0;72.0;55.0;4517.0;990.32;605.46;5.0;1.0;0;1.0;0;0;1.0;0;0;0;0;0;1.0;1.0;0;0;0;0;0
687756;0.83;0.79;71.0;3329.0;21.75;80.25;38.25;1.96;8.60;14.48;208.81;241.25;2.31;124676.0;71.0;72.0;55.0;4522.0;990.48;781.24;5.0;1.0;0;1.0;0;0;1.0;0;0;0;0;0;1.0;1.0;0;0;0;0;0
688308;0.67;0.78;71.0;3232.0;21.75;80.25;37.5;1.56;7.24;14.58;294.49;304.49;2.31;124676.0;71.0;70.0;55.0;4522.0;990.63;0;5.0;1.0;0;1.0;0;0;1.0;0;0;0;0;0;1.0;1.0;0;0;0;0;0
688852;1.06;0.80;70.0;3238.0;21.75;81.0;36.75;2.74;10.16;14.58;326.63;332.28;2.31;124676.0;70.0;70.0;54.0;4499.0;990.75;0;5.0;1.0;0;1.0;0;0;1.0;0;0;0;0;0;1.0;1.0;0;0;0;0;0
689401;1.13;0.82;70.0;3258.0;21.75;81.0;37.5;3.52;11.35;14.58;337.57;343.33;2.31;124676.0;71.0;71.0;54.0;4502.0;990.91;19.53;5.0;1.0;0;1.0;0;0;1.0;0;0;0;0;0;1.0;1.0;0;0;0;0;0
690128;1.19;0.84;71.0;3291.0;21.75;81.0;38.25;3.52;11.71;14.48;322.73;334.62;2.31;124676.0;71.0;72.0;54.0;4527.0;991.10;664.05;5.0;1.0;0;1.0;0;0;1.0;0;0;0;0;0;1.0;1.0;0;0;0;0;0
690666;1.17;0.83;71.0;3292.0;21.75;81.0;38.25;3.52;11.71;14.48;324.23;316.52;2.31;124676.0;71.0;71.0;54.0;4515.0;991.22;742.17;5.0;1.0;0;1.0;0;0;1.0;0;0;0;0;0;1.0;1.0;0;0;0;0;0
691182;2.80;1.00;72.0;3352.0;21.75;81.0;36.75;7.84;20.50;14.48;319.43;325.87;2.31;124676.0;71.0;72.0;54.0;4471.0;991.30;859.36;5.0;1.0;0;1.0;0;0;1.0;0;0;0;0;0;1.0;1.0;0;0;0;0;0
691706;1.92;0.99;73.0;3412.0;21.75;81.0;39.0;5.49;15.99;14.29;281.48;335.81;2.58;124676.0;73.0;74.0;54.0;4511.0;991.37;859.36;5.0;1.0;0;1.0;0;0;1.0;0;0;0;0;0;1.0;1.0;0;0;0;0;0
692237;1.74;0.96;75.0;3456.0;21.75;81.0;39.75;5.09;14.95;14.39;205.84;335.56;2.31;124676.0;74.0;75.0;54.0;4522.0;991.41;839.83;5.0;1.0;0;1.0;0;0;1.0;0;0;0;0;0;1.0;1.0;0;0;0;0;0
692830;1.63;0.93;76.0;3494.0;21.75;81.0;39.75;4.70;14.51;14.48;209.49;321.42;2.31;124676.0;75.0;76.0;54.0;4519.0;991.45;820.30;5.0;1.0;0;1.0;0;0;1.0;0;0;0;0;0;1.0;1.0;0;0;0;0;0
693355;1.89;0.88;77.0;3550.0;21.75;81.0;40.5;6.27;17.44;14.48;212.83;311.79;2.31;124676.0;76.0;77.0;54.0;4511.0;991.49;800.77;5.0;1.0;0;1.0;0;0;1.0;0;0;0;0;0;1.0;1.0;0;0;0;0;0
693878;1.78;0.84;78.0;3608.0;21.75;81.0;41.25;6.27;17.27;14.58;231.02;331.36;2.31;124676.0;77.0;79.0;54.0;4509.0;991.49;781.24;5.0;1.0;0;1.0;0;0;1.0;0;0;0;0;0;1.0;1.0;0;0;0;0;0
694493;1.65;0.80;80.0;3633.0;21.75;81.0;41.25;5.88;16.94;14.58;300.13;331.05;2.31;124676.0;78.0;80.0;54.0;4513.0;991.49;722.64;5.0;1.0;0;1.0;0;0;1.0;0;0;0;0;0;1.0;1.0;0;0;0;0;0
695024;1.40;0.75;80.0;3692.0;21.75;81.0;42.75;5.49;15.30;14.48;313.86;328.98;2.31;124676.0;80.0;81.0;54.0;4522.0;991.53;351.55;5.0;1.0;0;1.0;0;0;1.0;0;0;0;0;0;1.0;1.0;0;0;0;0;0
695532;2.46;1.00;81.0;3764.0;21.75;81.0;41.25;7.45;19.02;14.48;334.74;348.20;2.31;124676.0;80.0;82.0;54.0;4574.0;991.65;781.24;5.0;1.0;0;1.0;0;0;1.0;0;0;0;0;0;1.0;1.0;0;0;0;0;0
696081;1.74;1.00;80.0;3422.0;21.75;81.0;24.75;4.31;11.43;14.48;355.77;332.69;2.31;124676.0;80.0;80.0;54.0;4284.0;991.84;839.83;6.0;1.0;0;1.0;0;0;1.0;0;0;0;0;0;1.0;1.0;0;0;0;0;0
696605;0.48;1.00;81.0;3473.0;21.75;81.0;41.25;0;9.74;14.58;322.88;246.46;2.31;124676.0;81.0;81.0;54.0;4363.0;992.00;839.83;6.0;1.0;0;1.0;0;0;1.0;0;0;0;0;0;1.0;1.0;0;0;0;0;0
697209;0.78;1.00;80.0;3005.0;21.75;81.0;33.75;1.17;6.50;14.48;295.43;278.96;2.31;124676.0;80.0;80.0;54.0;4223.0;992.20;820.30;6.0;1.0;0;1.0;0;0;1.0;0;0;0;0;0;1.0;1.0;0;0;0;0;0
697755;1.65;0.99;81.0;3438.0;21.75;81.0;39.75;4.31;13.26;14.48;321.97;316.22;2.31;124676.0;80.0;81.0;54.0;4358.0;992.35;839.83;6.0;1.0;0;1.0;0;0;1.0;0;0;0;0;0;1.0;1.0;0;0;0;0;0
698278;2.20;0.97;81.0;3449.0;21.75;81.0;39.75;5.88;16.94;14.39;325.23;314.56;2.31;124676.0;81.0;81.0;54.0;4439.0;992.47;839.83;6.0;1.0;0;1.0;0;0;1.0;0;0;0;0;0;1.0;1.0;0;0;0;0;0
698798;2.2;0.96;83.0;3531.0;21.75;81.0;39.0;7.05;19.57;14.48;316.21;331.13;2.31;124676.0;82.0;83.0;54.0;4526.0;992.55;820.30;6.0;1.0;0;1.0;0;0;1.0;0;0;0;0;0;1.0;1.0;0;0;0;0;0
699320;0.81;0.99;82.0;3511.0;21.75;81.0;39.0;1.56;7.14;14.48;329.76;342.36;2.31;124676.0;82.0;81.0;54.0;4538.0;992.59;820.30;6.0;1.0;0;1.0;0;0;1.0;0;0;0;0;0;1.0;1.0;0;0;0;0;0
699826;0.55;1.00;82.0;3449.0;21.75;81.0;-30.0;0;0;14.58;344.35;348.80;2.31;124676.0;82.0;82.0;54.0;4543.0;992.62;781.24;6.0;1.0;0;1.0;0;0;1.0;0;0;0;0;0;1.0;1.0;0;0;0;0;0
700347;0.56;1.00;81.0;3411.0;21.75;81.0;-30.0;0;0;14.48;350.23;364.13;2.31;124676.0;81.0;81.0;54.0;4563.0;992.74;0;6.0;1.0;0;1.0;0;0;1.0;0;0;0;0;0;1.0;1.0;0;0;0;0;0
700868;0.56;1.00;80.0;3387.0;21.75;81.0;-30.0;0;0;14.58;295.93;364.95;2.31;124676.0;81.0;80.0;54.0;4548.0;992.82;0;6.0;1.0;0;1.0;0;0;1.0;0;0;0;0;0;1.0;1.0;0;0;0;0;0
701383;0.57;1.00;80.0;3359.0;21.75;81.0;-30.0;0;0;14.48;329.33;333.29;2.31;124676.0;80.0;79.0;54.0;4544.0;992.98;0;6.0;1.0;0;1.0;0;0;1.0;0;0;0;0;0;1.0;1.0;0;0;0;0;0
701910;2.11;1.00;80.0;3439.0;21.75;81.0;9.0;5.49;9.94;14.48;341.15;344.09;2.31;124676.0;80.0;79.0;54.0;4216.0;993.05;859.36;6.0;1.0;0;1.0;0;0;1.0;0;0;0;0;0;1.0;1.0;0;0;0;0;0
702457;2.32;0.97;81.0;3436.0;21.75;81.0;19.5;6.66;15.98;14.48;344.19;326.42;2.31;124676.0;80.0;81.0;54.0;4322.0;993.37;839.83;6.0;1.0;0;1.0;0;0;1.0;0;0;0;0;0;1.0;1.0;0;0;0;0;0
702981;3.27;0.98;83.0;3529.0;21.75;81.0;33.75;12.15;25.25;14.48;327.94;339.82;2.31;124676.0;82.0;84.0;54.0;4447.0;993.56;820.30;6.0;1.0;0;1.0;0;0;1.0;0;0;0;0;0;1.0;1.0;0;0;0;0;0
703505;2.42;0.91;86.0;3648.0;21.75;81.0;39.0;8.62;21.47;14.48;341.24;342.49;2.31;124676.0;85.0;86.0;54.0;4509.0;993.68;800.77;6.0;1.0;0;1.0;0;0;1.0;0;0;0;0;0;1.0;1.0;0;0;0;0;0
704011;0.96;0.98;87.0;3668.0;21.75;81.0;42.0;2.74;9.68;14.48;302.57;313.47;2.31;124676.0;86.0;87.0;54.0;4526.0;993.76;839.83;6.0;1.0;0;1.0;0;0;1.0;0;0;0;0;0;1.0;1.0;0;0;0;0;0
704536;1.08;0.98;86.0;3661.0;21.75;81.0;42.0;2.74;9.29;14.48;275.27;256.07;2.31;124676.0;87.0;86.0;54.0;4517.0;993.84;839.83;6.0;1.0;0;1.0;0;0;1.0;0;0;0;0;0;1.0;1.0;0;0;0;0;0
705094;1.21;0.97;86.0;3709.0;21.75;81.0;42.75;3.52;10.32;14.58;282.97;237.19;2.31;124676.0;86.0;87.0;54.0;4506.0;993.87;820.30;6.0;1.0;0;1.0;0;0;1.0;0;0;0;0;0;1.0;1.0;0;0;0;0;0
705621;1.44;0.94;87.0;3694.0;21.75;81.0;42.0;4.31;12.61;14.58;331.40;301.71;2.31;124676.0;87.0;87.0;54.0;4506.0;993.91;800.77;6.0;1.0;0;1.0;0;0;1.0;0;0;0;0;0;1.0;1.0;0;0;0;0;0
706155;1.40;0.92;87.0;3725.0;21.75;81.0;42.75;4.31;12.50;14.48;341.63;334.64;2.31;124676.0;88.0;88.0;54.0;4503.0;993.95;781.24;6.0;1.0;0;1.0;0;0;1.0;0;0;0;0;0;1.0;1.0;0;0;0;0;0
706722;2.25;0.89;87.0;3750.0;21.75;81.0;41.25;7.45;19.16;14.48;347.77;329.00;2.31;124676.0;88.0;88.0;54.0;4507.0;994.03;761.70;6.0;1.0;0;1.0;0;0;1.0;0;0;0;0;0;1.0;1.0;0;0;0;0;0
707221;2.13;0.82;90.0;3796.0;21.75;81.0;40.5;8.62;20.74;14.48;349.78;350.30;2.31;124676.0;90.0;90.0;54.0;4538.0;994.11;683.58;6.0;1.0;0;1.0;0;0;1.0;0;0;0;0;0;1.0;1.0;0;0;0;0;0
707746;1.70;0.82;90.0;3841.0;21.75;81.0;42.75;6.27;16.98;14.48;353.62;350.85;2.31;124676.0;90.0;90.0;54.0;4504.0;994.27;761.70;6.0;1.0;0;1.0;0;0;1.0;0;0;0;0;0;1.0;1.0;0;0;0;0;0
708270;1.52;0.77;91.0;3836.0;21.75;81.0;43.5;5.88;15.94;14.48;295.78;333.74;2.31;124676.0;91.0;91.0;54.0;4501.0;994.54;703.11;6.0;1.0;0;1.0;0;0;1.0;0;0;0;0;0;1.0;1.0;0;0;0;0;0
708786;0.70;1.00;90.0;3808.0;21.75;81.0;44.25;1.56;6.10;14.58;322.42;300.97;2.31;124676.0;91.0;90.0;54.0;4527.0;994.73;0;6.0;1.0;0;1.0;0;0;1.0;0;0;0;0;0;1.0;1.0;0;0;0;0;0
709284;1.67;1.00;90.0;3750.0;21.75;81.0;45.0;4.70;13.52;14.58;309.15;300.66;2.31;124676.0;89.0;90.0;54.0;4483.0;994.81;820.30;6.0;1.0;0;1.0;0;0;1.0;0;0;0;0;0;1.0;1.0;0;0;0;0;0
709807;1.58;0.97;88.0;3787.0;21.75;81.0;43.5;4.70;13.43;14.48;237.01;287.73;2.31;124676.0;89.0;89.0;54.0;4504.0;994.93;820.30;6.0;1.0;0;1.0;0;0;1.0;0;0;0;0;0;1.0;1.0;0;0;0;0;0
710338;1.43;0.95;88.0;3782.0;21.75;81.0;43.5;4.31;12.36;14.58;221.13;247.13;2.31;124676.0;89.0;89.0;54.0;4525.0;995.01;800.77;6.0;1.0;0;1.0;0;0;1.0;0;0;0;0;0;1.0;1.0;0;0;0;0;0
710836;1.36;0.93;88.0;3780.0;21.75;81.0;43.5;4.31;12.12;14.48;209.53;237.56;2.31;124677.0;89.0;89.0;54.0;4518.0;995.09;800.77;6.0;1.0;0;1.0;0;0;1.0;0;0;0;0;0;1.0;1.0;0;0;0;0;0
711410;1.32;0.91;88.0;3790.0;21.75;81.0;43.5;4.31;12.08;14.48;239.00;247.15;2.31;124677.0;89.0;89.0;54.0;4512.0;995.12;781.24;6.0;1.0;0;1.0;0;0;1.0;0;0;0;0;0;1.0;1.0;0;0;0;0;0
711927;1.32;0.88;90.0;3794.0;21.75;81.0;43.5;4.31;12.32;14.58;304.72;305.41;2.31;124677.0;89.0;90.0;54.0;4517.0;995.12;781.24;6.0;1.0;0;1.0;0;0;1.0;0;0;0;0;0;1.0;1.0;0;0;0;0;0
712443;2.60;0.99;90.0;3789.0;21.75;81.0;40.5;8.23;20.41;14.48;332.43;334.21;2.31;124677.0;88.0;90.0;54.0;4506.0;995.16;800.77;6.0;1.0;0;1.0;0;0;1.0;0;0;0;0;0;1.0;1.0;0;0;0;0;0
712960;2.42;0.92;90.0;3814.0;21.75;81.0;40.5;8.62;20.74;14.48;346.52;346.24;2.31;124677.0;89.0;90.0;54.0;4528.0;995.16;781.24;6.0;1.0;0;1.0;0;0;1.0;0;0;0;0;0;1.0;1.0;0;0;0;0;0
713525;2.08;0.86;90.0;3838.0;21.75;81.0;41.25;7.84;19.39;14.48;338.39;335.01;2.31;124677.0;90.0;91.0;54.0;4528.0;995.16;722.64;6.0;1.0;0;1.0;0;0;1.0;0;0;0;0;0;1.0;1.0;0;0;0;0;0
714034;1.56;0.81;91.0;3859.0;21.75;81.0;43.5;5.88;15.85;14.48;325.58;318.18;2.31;124677.0;90.0;91.0;54.0;4492.0;995.20;703.11;6.0;1.0;0;1.0;0;0;1.0;0;0;0;0;0;1.0;1.0;0;0;0;0;0
714568;1.52;0.77;91.0;3848.0;21.75;81.0;43.5;6.27;16.10;14.48;274.00;302.18;2.31;124677.0;90.0;91.0;54.0;4510.0;995.40;683.58;6.0;1.0;0;1.0;0;0;1.0;0;0;0;0;0;1.0;1.0;0;0;0;0;0
715070;1.56;0.76;91.0;3881.0;21.75;81.0;43.5;6.27;16.57;14.58;292.20;233.38;2.31;124677.0;90.0;91.0;54.0;4514.0;995.63;117.18;6.0;1.0;0;1.0;0;0;1.0;0;0;0;0;0;1.0;1.0;0;0;0;0;0
715589;1.67;0.80;91.0;3877.0;21.75;81.0;43.5;6.27;16.88;14.48;223.79;228.22;2.31;124677.0;91.0;92.0;54.0;4518.0;995.75;761.70;6.0;1.0;0;1.0;0;0;1.0;0;0;0;0;0;1.0;1.0;0;0;0;0;0
716110;1.56;0.78;91.0;3874.0;21.75;81.0;43.5;6.27;16.34;14.48;204.51;164.85;2.31;124677.0;91.0;92.0;54.0;4508.0;995.95;722.64;6.0;1.0;0;1.0;0;0;1.0;0;0;0;0;0;1.0;1.0;0;0;0;0;0
716625;1.42;0.74;91.0;3879.0;21.75;81.0;43.5;5.88;15.77;14.48;167.41;144.54;2.31;124677.0;91.0;92.0;54.0;4514.0;996.10;78.12;6.0;1.0;0;1.0;0;0;1.0;0;0;0;0;0;1.0;1.0;0;0;0;0;0
717149;1.40;0.77;92.0;3898.0;21.75;81.0;44.25;5.49;14.69;14.48;225.55;215.08;2.31;124677.0;91.0;92.0;54.0;4519.0;996.14;722.64;6.0;1.0;0;1.0;0;0;1.0;0;0;0;0;0;1.0;1.0;0;0;0;0;0
717647;1.36;0.76;91.0;3894.0;21.75;80.25;44.25;5.09;14.51;14.48;283.08;304.58;2.31;124677.0;91.0;92.0;55.0;4511.0;996.26;703.11;6.0;1.0;0;1.0;0;0;1.0;0;0;0;0;0;1.0;1.0;0;0;0;0;0
718174;1.20;0.75;92.0;3922.0;21.75;80.25;44.25;4.70;12.99;14.48;298.14;337.90;2.31;124677.0;92.0;92.0;55.0;4503.0;996.30;136.71;6.0;1.0;0;1.0;0;0;1.0;0;0;0;0;0;1.0;1.0;0;0;0;0;0
718706;1.18;0.78;91.0;3917.0;21.75;80.25;44.25;4.31;12.42;14.48;323.92;314.86;2.31;124677.0;91.0;92.0;55.0;4512.0;996.34;117.18;6.0;1.0;0;1.0;0;0;1.0;0;0;0;0;0;0;1.0;0;0;0;0;0
719222;1.20;0.80;91.0;3832.0;21.75;80.25;44.25;4.31;12.31;14.58;315.01;314.60;2.31;124677.0;91.0;91.0;55.0;4515.0;996.37;781.24;6.0;1.0;0;1.0;0;0;1.0;0;0;0;0;0;1.0;1.0;0;0;0;0;0
719806;1.11;0.79;91.0;3850.0;21.75;80.25;44.25;3.92;11.47;14.48;280.64;275.49;2.31;124677.0;91.0;91.0;55.0;4519.0;996.41;761.70;6.0;1.0;0;1.0;0;0;1.0;0;0;0;0;0;1.0;1.0;0;0;0;0;0
720337;1.09;0.77;90.0;3814.0;21.75;80.25;43.5;3.92;11.58;14.48;191.97;272.18;2.31;124677.0;90.0;90.0;55.0;4515.0;996.41;624.99;6.0;1.0;0;1.0;0;0;1.0;0;0;0;0;0;1.0;1.0;0;0;0;0;0
720862;1.03;0.76;90.0;3791.0;21.75;80.25;43.5;3.92;11.14;14.39;252.91;257.22;2.31;124677.0;90.0;90.0;55.0;4514.0;996.57;39.06;6.0;1.0;0;1.0;0;0;1.0;0;0;0;0;0;1.0;1.0;0;0;0;0;0
721454;0.6;0.78;88.0;3752.0;21.75;80.25;43.5;1.56;6.74;14.48;227.58;269.47;2.31;124677.0;89.0;89.0;55.0;4539.0;996.65;19.53;6.0;1.0;0;1.0;0;0;1.0;0;0;0;0;0;1.0;1.0;0;0;0;0;0
721991;0.54;1.00;87.0;3656.0;21.75;80.25;-30.0;0;0;14.48;189.75;248.92;2.31;124677.0;87.0;87.0;55.0;4549.0;996.80;0;6.0;1.0;0;1.0;0;0;1.0;0;0;0;0;0;1.0;1.0;0;0;0;0;0
722584;0.55;1.00;85.0;3600.0;21.75;80.25;-30.0;0;0;14.48;272.09;278.28;2.31;124677.0;85.0;85.0;55.0;4541.0;996.84;0;6.0;1.0;0;1.0;0;0;1.0;0;0;0;0;0;1.0;1.0;0;0;0;0;0
723227;0.54;1.00;83.0;3500.0;21.75;80.25;-30.0;0;0;14.48;324.37;329.88;2.31;124677.0;83.0;83.0;55.0;4548.0;997.08;0;6.0;1.0;0;1.0;0;0;1.0;0;0;0;0;0;1.0;1.0;0;0;0;0;0
723751;0.57;1.00;81.0;3420.0;21.75;80.25;-30.0;0;0;14.58;342.36;347.49;2.31;124677.0;81.0;81.0;55.0;4539.0;997.31;19.53;6.0;1.0;0;1.0;0;0;1.0;0;0;0;0;0;1.0;1.0;0;0;0;0;0
724304;2.04;1.00;80.0;3429.0;21.75;80.25;9.75;5.49;9.79;14.58;349.37;351.12;2.31;124677.0;80.0;80.0;55.0;4220.0;997.43;917.95;6.0;1.0;0;1.0;0;0;1.0;0;0;0;0;0;1.0;1.0;0;0;0;0;0
724810;2.0;0.97;80.0;3401.0;21.75;80.25;19.5;5.49;13.18;14.48;333.78;339.86;2.31;124677.0;80.0;80.0;55.0;4324.0;997.51;898.42;6.0;1.0;0;1.0;0;0;1.0;0;0;0;0;0;1.0;1.0;0;0;0;0;0
725334;1.92;0.94;80.0;3418.0;22.5;80.25;28.5;5.49;15.20;14.39;340.15;354.52;2.31;124677.0;80.0;80.0;55.0;4447.0;997.62;878.89;6.0;1.0;0;1.0;0;0;1.0;0;0;0;0;0;1.0;1.0;0;0;0;0;0
725852;1.80;0.90;81.0;3426.0;22.5;80.25;38.25;5.49;16.32;14.48;329.64;344.41;2.31;124677.0;80.0;81.0;55.0;4491.0;997.70;859.36;6.0;1.0;0;1.0;0;0;1.0;0;0;0;0;0;1.0;1.0;0;0;0;0;0
726386;1.61;0.86;81.0;3460.0;22.5;80.25;39.75;5.09;15.38;14.48;345.58;324.49;2.31;124677.0;81.0;81.0;55.0;4515.0;997.70;820.30;6.0;1.0;0;1.0;0;0;1.0;0;0;0;0;0;1.0;1.0;0;0;0;0;0
726901;1.49;0.83;81.0;3447.0;22.5;80.25;39.0;4.70;14.61;14.58;338.47;328.24;2.31;124677.0;81.0;81.0;55.0;4516.0;997.78;781.24;6.0;1.0;0;1.0;0;0;1.0;0;0;0;0;0;1.0;1.0;0;0;0;0;0
727425;1.40;0.80;81.0;3442.0;22.5;80.25;39.0;4.70;14.25;14.48;295.76;319.43;2.31;124677.0;81.0;81.0;55.0;4510.0;998.05;566.39;6.0;1.0;0;1.0;0;0;1.0;0;0;0;0;0;1.0;1.0;0;0;0;0;0
727969;1.40;0.80;80.0;3404.0;22.5;80.25;39.0;4.70;14.51;14.39;226.41;331.48;2.31;124677.0;80.0;81.0;55.0;4511.0;998.09;97.65;6.0;1.0;0;1.0;0;0;1.0;0;0;0;0;0;1.0;1.0;0;0;0;0;0
728566;1.46;0.83;80.0;3397.0;22.5;80.25;39.0;4.70;14.52;14.58;271.75;343.74;2.31;124677.0;80.0;80.0;55.0;4518.0;998.21;800.77;6.0;1.0;0;1.0;0;0;1.0;0;0;0;0;0;1.0;1.0;0;0;0;0;0
729129;1.41;0.81;80.0;3421.0;22.5;80.25;39.0;4.70;14.28;14.58;310.52;342.22;2.31;124677.0;80.0;80.0;55.0;4520.0;998.33;214.84;6.0;1.0;0;1.0;0;0;1.0;0;0;0;0;0;1.0;1.0;0;0;0;0;0
729639;1.56;0.83;81.0;3421.0;22.5;80.25;39.0;5.09;15.38;14.48;333.53;354.09;2.31;124677.0;80.0;81.0;55.0;4505.0;998.52;390.62;6.0;1.0;0;1.0;0;0;1.0;0;0;0;0;0;1.0;1.0;0;0;0;0;0
730196;1.76;0.83;81.0;3429.0;22.5;80.25;39.0;5.88;17.27;14.39;350.21;344.82;2.31;124677.0;81.0;81.0;55.0;4510.0;998.64;820.30;6.0;1.0;0;1.0;0;0;1.0;0;0;0;0;0;1.0;1.0;0;0;0;0;0
730731;1.60;0.79;81.0;3451.0;22.5;80.25;39.75;5.88;16.70;14.58;330.50;336.05;2.31;124677.0;82.0;82.0;55.0;4522.0;998.72;605.46;6.0;1.0;0;1.0;0;0;1.0;0;0;0;0;0;1.0;1.0;0;0;0;0;0
731231;1.53;0.79;82.0;3504.0;22.5;80.25;39.75;5.49;15.85;14.48;348.63;345.40;2.31;124677.0;82.0;83.0;55.0;4521.0;998.80;58.59;6.0;1.0;0;1.0;0;0;1.0;0;0;0;0;0;1.0;1.0;0;0;0;0;0
731755;1.30;0.81;82.0;3535.0;22.5;80.25;40.5;4.31;13.17;14.48;348.64;311.48;2.31;124677.0;83.0;83.0;55.0;4516.0;998.84;820.30;6.0;1.0;0;1.0;0;0;1.0;0;0;0;0;0;1.0;1.0;0;0;0;0;0
732324;0.95;0.80;83.0;3493.0;22.5;80.25;40.5;2.74;9.79;14.48;343.68;338.31;2.31;124677.0;83.0;83.0;55.0;4525.0;998.84;820.30;6.0;1.0;0;1.0;0;0;1.0;0;0;0;0;0;1.0;1.0;0;0;0;0;0
732880;0.48;0.78;82.0;3484.0;22.5;80.25;39.75;0.78;5.49;14.48;336.81;320.60;2.31;124677.0;83.0;82.0;55.0;4539.0;998.87;19.53;6.0;1.0;0;1.0;0;0;1.0;0;0;0;0;0;1.0;1.0;0;0;0;0;0
733394;0.68;1.00;82.0;3483.0;22.5;80.25;39.75;1.17;5.97;14.58;337.63;337.75;2.31;124677.0;82.0;82.0;55.0;4496.0;998.87;19.53;6.0;1.0;0;1.0;0;0;1.0;0;0;0;0;0;1.0;1.0;0;0;0;0;0
733915;1.39;1.01;82.0;3525.0;22.5;80.25;39.75;3.52;11.13;14.48;305.35;317.22;2.31;124677.0;82.0;82.0;55.0;4483.0;998.91;878.89;6.0;1.0;0;1.0;0;0;1.0;0;0;0;0;0;1.0;1.0;0;0;0;0;0
734421;2.11;0.98;83.0;3536.0;22.5;80.25;40.5;6.27;17.45;14.48;322.53;336.22;2.31;124677.0;83.0;84.0;55.0;4507.0;999.07;859.36;6.0;1.0;0;1.0;0;0;1.0;0;0;0;0;0;1.0;1.0;0;0;0;0;0
734959;0.44;1.00;85.0;3566.0;22.5;80.25;40.5;1.17;6.34;14.48;341.32;347.18;2.31;124677.0;85.0;85.0;55.0;4570.0;999.15;859.36;6.0;1.0;0;1.0;0;0;1.0;0;0;0;0;0;1.0;1.0;0;0;0;0;0
735458;0.53;1.00;85.0;3553.0;22.5;80.25;-30.0;0;0;14.48;349.19;353.55;2.31;124677.0;85.0;84.0;55.0;4596.0;999.38;0;6.0;1.0;0;1.0;0;0;1.0;0;0;0;0;0;1.0;1.0;0;0;0;0;0
735976;0.53;1.00;83.0;3518.0;22.5;80.25;-30.0;0;0;14.58;350.17;357.20;2.31;124677.0;83.0;83.0;55.0;4591.0;999.54;0;6.0;1.0;0;1.0;0;0;1.0;0;0;0;0;0;1.0;1.0;0;0;0;0;0
736500;0.55;1.00;82.0;3469.0;22.5;80.25;-30.0;0;0;14.58;353.04;335.09;2.31;124677.0;82.0;82.0;55.0;4593.0;999.73;0;6.0;1.0;0;1.0;0;0;1.0;0;0;0;0;0;1.0;1.0;0;0;0;0;0
737070;0.57;1.00;80.0;3379.0;22.5;81.0;-30.0;0;0;14.48;351.75;347.92;2.31;124677.0;80.0;80.0;54.0;4579.0;999.85;19.53;6.0;1.0;0;1.0;0;0;1.0;0;0;0;0;0;1.0;1.0;0;0;0;0;0
737569;0.6;1.00;76.0;3223.0;22.5;81.0;-30.0;0;0;14.39;319.25;345.66;2.31;124677.0;77.0;76.0;54.0;4564.0;999.97;19.53;6.0;1.0;0;1.0;0;0;1.0;0;0;0;0;0;1.0;1.0;0;0;0;0;0
738093;0.64;1.00;73.0;3140.0;22.5;81.0;-30.0;0;0;14.58;334.15;334.88;2.31;124677.0;74.0;74.0;54.0;4559.0;1000.01;19.53;6.0;1.0;0;1.0;0;0;1.0;0;0;0;0;0;1.0;1.0;0;0;0;0;0
738605;0.65;1.00;71.0;2970.0;22.5;81.0;-30.0;0;0;14.48;267.15;313.10;2.31;124677.0;71.0;70.0;54.0;4593.0;1000.05;39.06;6.0;1.0;0;1.0;0;0;1.0;0;0;0;0;0;1.0;1.0;0;0;0;0;0
739127;0.65;1.00;70.0;2924.0;22.5;81.0;-30.0;0;0;14.58;255.55;290.37;2.31;124677.0;70.0;69.0;54.0;4637.0;1000.09;39.06;6.0;1.0;0;1.0;0;0;1.0;0;0;0;0;0;1.0;1.0;0;0;0;0;0
739651;0.65;1.00;68.0;2918.0;22.5;81.0;-30.0;0;0;14.39;251.13;255.92;2.31;124677.0;69.0;69.0;54.0;4641.0;1000.24;39.06;6.0;1.0;0;1.0;0;0;1.0;0;0;0;0;0;1.0;1.0;0;0;0;0;0
740175;0.66;1.00;67.0;2869.0;22.5;81.0;-30.0;0;0;14.39;291.50;307.24;2.31;124677.0;67.0;67.0;54.0;4665.0;1000.48;39.06;6.0;1.0;0;1.0;0;0;1.0;0;0;0;0;0;1.0;1.0;0;0;0;0;0
740729;0.67;1.00;66.0;2789.0;22.5;81.0;-30.0;0;0;14.58;311.60;334.52;2.31;124677.0;66.0;66.0;54.0;4701.0;1000.67;58.59;6.0;1.0;0;1.0;0;0;1.0;0;0;0;0;0;1.0;1.0;0;0;0;0;0
741285;0.67;1.00;65.0;2757.0;22.5;81.0;-30.0;0;0;14.48;337.26;348.47;2.31;124677.0;65.0;65.0;54.0;4720.0;1000.95;58.59;6.0;1.0;0;1.0;0;0;1.0;0;0;0;0;0;1.0;1.0;0;0;0;0;0
741809;0.68;1.00;63.0;2713.0;22.5;80.25;-30.0;0;0;14.48;327.88;350.09;2.31;124677.0;64.0;64.0;55.0;4731.0;1001.06;58.59;6.0;1.0;0;1.0;0;0;1.0;0;0;0;0;0;1.0;1.0;0;0;0;0;0
742318;0.69;1.00;63.0;2687.0;22.5;80.25;-30.0;0;0;14.48;348.96;301.93;2.31;124677.0;63.0;63.0;55.0;4734.0;1001.18;58.59;6.0;1.0;0;1.0;0;0;1.0;0;0;0;0;0;1.0;1.0;0;0;0;0;0
742842;0.91;1.00;63.0;2693.0;22.5;80.25;28.5;1.17;7.58;14.58;339.25;319.41;2.31;124677.0;63.0;63.0;55.0;4446.0;1001.26;58.59;6.0;1.0;0;1.0;0;0;1.0;0;0;0;0;0;1.0;1.0;0;0;0;0;0
743355;0.98;1.00;63.0;2692.0;22.5;80.25;29.25;1.17;8.13;14.58;343.70;336.42;2.31;124677.0;64.0;64.0;55.0;4255.0;1001.30;917.95;6.0;1.0;0;1.0;0;0;1.0;0;0;0;0;0;1.0;1.0;0;0;0;0;0
743879;0.73;1.00;63.0;2687.0;22.5;80.25;-30.0;0;0;14.39;343.88;341.42;2.31;124677.0;64.0;64.0;55.0;4389.0;1001.34;527.33;6.0;1.0;0;1.0;0;0;1.0;0;0;0;0;0;1.0;1.0;0;0;0;0;0
744426;2.0;1.00;65.0;2776.0;22.5;80.25;17.25;4.70;13.34;14.39;294.61;339.47;2.31;124677.0;65.0;64.0;55.0;4220.0;1001.38;898.42;6.0;1.0;0;1.0;0;0;1.0;0;0;0;0;0;1.0;1.0;0;0;0;0;0
744936;2.14;0.98;66.0;2812.0;22.5;80.25;27.75;5.49;17.11;14.39;271.42;303.96;2.31;124677.0;66.0;66.0;55.0;4347.0;1001.61;898.42;6.0;1.0;0;1.0;0;0;1.0;0;0;0;0;0;1.0;1.0;0;0;0;0;0
745495;1.95;0.95;67.0;2898.0;22.5;80.25;32.25;5.09;16.67;14.58;270.29;287.46;2.31;124677.0;68.0;68.0;55.0;4460.0;1001.88;898.42;6.0;1.0;0;1.0;0;0;1.0;0;0;0;0;0;1.0;1.0;0;0;0;0;0
746008;0.63;1.00;68.0;2945.0;22.5;80.25;-30.0;0;0;14.48;320.44;310.15;2.31;124677.0;69.0;68.0;55.0;4580.0;1002.04;781.24;6.0;1.0;0;1.0;0;0;1.0;0;0;0;0;0;1.0;1.0;0;0;0;0;0
746531;0.68;1.00;66.0;2807.0;22.5;80.25;-30.0;0;0;14.48;341.22;335.48;2.31;124677.0;67.0;66.0;55.0;4606.0;1002.23;39.06;6.0;1.0;0;1.0;0;0;1.0;0;0;0;0;0;1.0;1.0;0;0;0;0;0
747053;0.73;1.00;62.0;2669.0;22.5;80.25;-30.0;0;0;14.58;352.59;344.95;2.31;124677.0;63.0;63.0;55.0;4699.0;1002.35;39.06;6.0;1.0;0;1.0;0;0;1.0;0;0;0;0;0;1.0;1.0;0;0;0;0;0
747565;0.71;1.00;61.0;2592.0;22.5;80.25;-30.0;0;0;14.58;336.56;334.58;2.31;124677.0;61.0;61.0;55.0;4683.0;1002.43;39.06;6.0;1.0;0;1.0;0;0;1.0;0;0;0;0;0;1.0;1.0;0;0;0;0;0
748086;0.81;1.00;60.0;2517.0;22.5;80.25;12.0;0;11.49;14.58;341.83;343.86;2.31;124677.0;60.0;60.0;55.0;4345.0;1002.47;58.59;6.0;1.0;0;1.0;0;0;1.0;0;0;0;0;0;1.0;1.0;0;0;0;0;0
748653;0.78;1.00;60.0;2537.0;22.5;80.25;21.75;0;13.40;14.48;345.81;307.65;2.31;124677.0;60.0;60.0;55.0;4272.0;1002.55;78.12;6.0;1.0;0;1.0;0;0;1.0;0;0;0;0;0;1.0;1.0;0;0;0;0;0
749177;0.75;1.00;60.0;2561.0;22.5;80.25;22.5;0;13.48;14.39;333.47;337.67;2.31;124677.0;61.0;60.0;55.0;4410.0;1002.55;761.70;6.0;1.0;0;1.0;0;0;1.0;0;0;0;0;0;1.0;1.0;0;0;0;0;0
749745;0.73;1.00;61.0;2603.0;22.5;80.25;22.5;0;13.40;14.39;311.73;337.98;2.31;124677.0;62.0;60.0;55.0;4488.0;1002.66;742.17;6.0;1.0;0;1.0;0;0;1.0;0;0;0;0;0;1.0;1.0;0;0;0;0;0
750244;0.74;1.00;61.0;2557.0;22.5;80.25;21.75;0;13.39;14.58;287.87;314.56;2.31;124677.0;61.0;61.0;55.0;4502.0;1002.74;664.05;6.0;1.0;0;1.0;0;0;1.0;0;0;0;0;0;1.0;1.0;0;0;0;0;0
750768;0.73;1.00;61.0;2626.0;22.5;80.25;22.5;0;13.41;14.48;270.84;325.21;2.31;124677.0;61.0;61.0;55.0;4534.0;1002.78;683.58;6.0;1.0;0;1.0;0;0;1.0;0;0;0;0;0;1.0;1.0;0;0;0;0;0
751335;0.73;1.00;62.0;2637.0;22.5;80.25;22.5;0;13.41;14.39;307.28;248.36;2.31;124677.0;63.0;62.0;55.0;4528.0;1002.98;742.17;6.0;1.0;0;1.0;0;0;1.0;0;0;0;0;0;1.0;1.0;0;0;0;0;0
751859;0.72;1.00;62.0;2648.0;22.5;80.25;22.5;0;13.43;14.58;333.90;277.75;2.31;124677.0;62.0;62.0;55.0;4513.0;1003.29;703.11;6.0;1.0;0;1.0;0;0;1.0;0;0;0;0;0;1.0;1.0;0;0;0;0;0
752373;0.73;1.00;61.0;2610.0;22.5;80.25;22.5;0;13.50;14.48;345.09;309.41;2.31;124677.0;62.0;61.0;55.0;4506.0;1003.45;722.64;6.0;1.0;0;1.0;0;0;1.0;0;0;0;0;0;1.0;1.0;0;0;0;0;0
752896;0.74;1.00;60.0;2560.0;22.5;80.25;22.5;0;13.48;14.58;351.75;329.64;2.31;124677.0;60.0;60.0;55.0;4483.0;1003.48;703.11;6.0;1.0;0;1.0;0;0;1.0;0;0;0;0;0;1.0;1.0;0;0;0;0;0
753475;0.75;1.00;60.0;2536.0;22.5;80.25;21.75;0;13.40;14.58;354.35;323.45;2.31;124677.0;60.0;60.0;55.0;4503.0;1003.60;703.11;6.0;1.0;0;1.0;0;0;1.0;0;0;0;0;0;1.0;1.0;0;0;0;0;0
753988;0.75;1.00;60.0;2549.0;22.5;80.25;21.75;0;13.40;14.48;351.95;345.38;2.31;124677.0;60.0;59.0;55.0;4494.0;1003.72;703.11;6.0;1.0;0;1.0;0;0;1.0;0;0;0;0;0;1.0;1.0;0;0;0;0;0
754546;0.75;1.00;60.0;2523.0;22.5;80.25;22.5;0;13.47;14.39;351.83;344.29;2.31;124677.0;60.0;60.0;55.0;4516.0;1003.76;703.11;6.0;1.0;0;1.0;0;0;1.0;0;0;0;0;0;1.0;1.0;0;0;0;0;0
755062;0.83;1.00;57.0;2465.0;22.5;80.25;16.5;0;13.43;14.48;331.18;296.17;2.31;124677.0;58.0;58.0;64.0;4483.0;1003.80;703.11;6.0;1.0;0;1.0;0;0;1.0;0;0;1.0;0;0;1.0;1.0;0;0;0;0;0
755585;0.83;1.00;56.0;2363.0;22.5;80.25;17.25;0;13.41;14.39;195.53;195.94;2.31;124677.0;56.0;56.0;51.0;4530.0;1003.80;742.17;6.0;1.0;0;1.0;0;0;1.0;0;0;1.0;0;0;1.0;1.0;0;0;0;0;0
756146;0.83;1.00;55.0;2328.0;22.5;80.25;15.75;0;13.28;14.39;163.23;167.09;2.31;124677.0;55.0;55.0;50.0;4519.0;1003.99;136.71;6.0;1.0;0;1.0;0;0;1.0;0;0;1.0;0;0;1.0;1.0;0;0;0;0;0
756668;0.83;1.00;55.0;2306.0;22.5;80.25;16.5;0;13.41;14.48;150.43;129.95;2.31;124677.0;54.0;55.0;49.0;4522.0;1004.15;39.06;6.0;1.0;0;1.0;0;0;1.0;0;0;1.0;0;0;1.0;1.0;0;0;0;0;0
757189;1.16;1.00;53.0;1553.0;22.5;80.25;14.25;0;13.23;14.48;129.52;108.02;2.31;124677.0;54.0;54.0;51.0;4496.0;1004.27;58.59;6.0;1.0;0;1.0;0;0;1.0;0;0;1.0;0;0;1.0;1.0;0;0;0;0;0
757705;0.83;1.00;53.0;2344.0;22.5;80.25;15.75;0;13.41;14.39;110.59;85.01;2.31;124677.0;54.0;53.0;50.0;4471.0;1004.30;820.30;5.0;1.0;0;1.0;0;0;1.0;0;0;1.0;0;0;1.0;1.0;0;0;0;0;0
758263;0.83;1.00;51.0;2397.0;22.5;80.25;16.5;0;13.37;14.58;79.48;108.41;2.31;124677.0;52.0;52.0;51.0;4525.0;1004.23;58.59;5.0;1.0;0;1.0;1.0;0;1.0;0;0;1.0;0;0;1.0;1.0;0;0;0;0;0
758798;1.04;1.00;50.0;1786.0;22.5;80.25;16.5;0;13.60;14.58;112.25;117.74;2.31;124678.0;50.0;50.0;50.0;4528.0;1004.30;624.99;4.0;1.0;0;1.0;0;0;1.0;0;0;1.0;0;0;1.0;1.0;0;0;0;0;0
759298;0.84;1.00;48.0;2506.0;22.5;80.25;15.0;0;13.47;14.39;146.41;184.32;2.31;124678.0;49.0;49.0;55.0;4502.0;1004.54;58.59;4.0;1.0;0;1.0;0;0;1.0;0;0;1.0;0;0;1.0;1.0;0;0;0;0;0
759819;0.82;1.00;47.0;2450.0;22.5;80.25;16.5;0;13.37;14.29;130.59;205.24;2.58;124678.0;47.0;47.0;51.0;4487.0;1004.62;58.59;4.0;1.0;0;1.0;0;0;1.0;0;0;1.0;0;0;1.0;1.0;0;0;0;0;0
760334;0.84;1.00;46.0;2376.0;22.5;80.25;16.5;0;13.40;14.48;162.33;176.23;2.31;124678.0;46.0;46.0;50.0;4523.0;1004.70;78.12;4.0;1.0;0;1.0;0;0;1.0;0;0;1.0;0;0;1.0;1.0;0;0;0;0;0
760855;1.64;1.00;45.0;2332.0;22.5;80.25;14.25;2.35;11.19;14.48;208.03;185.08;2.31;124678.0;44.0;45.0;55.0;4530.0;1004.85;742.17;4.0;1.0;0;1.0;0;0;1.0;0;0;1.0;0;0;1.0;1.0;0;0;0;0;0
761368;3.04;1.00;45.0;2480.0;22.5;80.25;19.5;6.66;21.80;14.48;212.79;226.29;2.31;124678.0;44.0;45.0;55.0;4452.0;1004.93;917.95;4.0;1.0;0;1.0;0;0;1.0;0;0;1.0;0;0;1.0;1.0;0;0;0;0;0
761889;2.72;0.97;46.0;2439.0;22.5;80.25;24.75;6.27;21.99;14.39;137.27;281.81;2.31;124678.0;46.0;47.0;55.0;4482.0;1004.97;878.89;4.0;1.0;0;1.0;0;0;1.0;0;0;1.0;0;0;1.0;1.0;0;0;0;0;0
762416;1.44;1.00;46.0;2446.0;22.5;80.25;24.75;2.35;12.31;14.48;133.17;251.40;2.31;124678.0;46.0;47.0;55.0;4559.0;1005.05;878.89;4.0;1.0;0;1.0;0;0;1.0;0;0;1.0;0;0;1.0;1.0;0;0;0;0;0
762970;1.78;0.98;46.0;2413.0;22.5;80.25;24.0;3.13;14.63;14.58;182.09;185.33;2.31;124678.0;45.0;46.0;55.0;4511.0;1005.05;859.36;4.0;1.0;0;1.0;0;0;1.0;0;0;1.0;0;0;1.0;1.0;0;0;0;0;0
763529;1.83;0.96;46.0;2416.0;22.5;80.25;24.0;3.13;15.27;14.48;217.50;249.37;2.31;124678.0;45.0;46.0;55.0;4518.0;1005.09;859.36;4.0;1.0;0;1.0;0;0;1.0;0;0;1.0;0;0;1.0;1.0;0;0;0;0;0
764046;1.78;0.93;46.0;2425.0;22.5;80.25;24.0;3.13;15.19;14.48;272.89;306.91;2.31;124678.0;46.0;46.0;55.0;4511.0;1005.09;839.83;4.0;1.0;0;1.0;0;0;1.0;0;0;1.0;0;0;1.0;1.0;0;0;0;0;0
764570;1.85;0.91;46.0;2429.0;22.5;80.25;24.75;3.52;16.25;14.48;291.85;327.71;2.31;124678.0;46.0;47.0;55.0;4513.0;1005.09;800.77;4.0;1.0;0;1.0;0;0;1.0;0;0;1.0;0;0;1.0;1.0;0;0;0;0;0
765080;1.83;0.89;47.0;2471.0;22.5;80.25;24.75;3.92;16.39;14.39;282.28;327.01;2.31;124678.0;46.0;47.0;55.0;4503.0;1005.13;781.24;4.0;1.0;0;1.0;0;0;1.0;0;0;1.0;0;0;1.0;1.0;0;0;0;0;0
765622;1.74;0.87;47.0;2469.0;22.5;80.25;24.75;3.92;16.06;14.48;323.82;340.03;2.31;124678.0;47.0;47.0;55.0;4501.0;1005.13;117.18;4.0;1.0;0;1.0;0;0;1.0;0;0;1.0;0;0;1.0;1.0;0;0;0;0;0
766145;1.78;0.89;48.0;2513.0;22.5;80.25;25.5;3.92;16.11;14.39;323.61;334.95;2.31;124678.0;48.0;48.0;55.0;4510.0;1005.13;117.18;4.0;1.0;0;1.0;0;0;1.0;0;0;1.0;0;0;1.0;1.0;0;0;0;0;0
766703;1.80;0.90;48.0;2533.0;22.5;80.25;26.25;3.92;16.15;14.29;316.97;339.33;2.58;124678.0;48.0;49.0;55.0;4526.0;1005.13;781.24;4.0;1.0;0;1.0;0;0;1.0;0;0;1.0;0;0;1.0;1.0;0;0;0;0;0
767227;1.69;0.88;48.0;2565.0;22.5;81.0;27.0;3.92;15.63;14.48;329.60;313.67;2.31;124678.0;49.0;49.0;54.0;4528.0;1005.13;605.46;4.0;1.0;0;1.0;0;0;1.0;0;0;1.0;0;0;1.0;1.0;0;0;0;0;0
767824;1.68;0.86;48.0;2571.0;22.5;81.0;27.0;3.92;15.91;14.29;317.96;334.00;2.58;124678.0;48.0;49.0;54.0;4516.0;1005.13;742.17;4.0;1.0;0;1.0;0;0;1.0;0;0;1.0;0;0;1.0;1.0;0;0;0;0;0
768324;1.67;0.86;50.0;2553.0;22.5;81.0;26.25;3.52;15.70;14.48;337.04;338.25;2.31;124678.0;50.0;49.0;54.0;4513.0;1005.13;39.06;4.0;1.0;0;1.0;0;0;1.0;0;0;1.0;0;0;1.0;1.0;0;0;0;0;0
768848;1.68;0.88;50.0;2606.0;22.5;81.0;27.75;3.52;15.48;14.48;342.57;338.27;2.31;124678.0;50.0;50.0;54.0;4518.0;1005.13;78.12;4.0;1.0;0;1.0;0;0;1.0;0;0;1.0;0;0;1.0;1.0;0;0;0;0;0
769377;1.68;0.89;51.0;2665.0;22.5;81.0;28.5;3.52;15.36;14.39;347.32;347.77;2.31;124678.0;51.0;51.0;54.0;4516.0;1005.13;839.83;4.0;1.0;0;1.0;0;0;1.0;0;0;1.0;0;0;1.0;1.0;0;0;0;0;0
769876;1.59;0.87;52.0;2732.0;22.5;81.0;30.0;3.52;14.76;14.58;349.39;355.56;2.31;124678.0;52.0;52.0;54.0;4496.0;1005.13;800.77;4.0;1.0;0;1.0;0;0;1.0;0;0;1.0;0;0;1.0;1.0;0;0;0;0;0
770434;2.90;0.99;55.0;2819.0;22.5;81.0;30.75;7.84;23.36;14.48;356.46;357.77;2.31;124678.0;53.0;55.0;54.0;4474.0;1005.13;859.36;4.0;1.0;0;1.0;0;0;1.0;0;0;1.0;0;0;1.0;1.0;0;0;0;0;0
770933;0;1.00;56.0;3228.0;22.5;81.0;30.0;0;13.43;14.48;340.05;356.89;2.31;124678.0;57.0;56.0;54.0;4634.0;1005.13;820.30;4.0;1.0;0;1.0;0;0;1.0;0;0;1.0;0;0;1.0;1.0;0;0;0;0;0
771450;1.09;1.00;56.0;2664.0;22.5;81.0;28.5;1.17;9.14;14.58;302.61;360.66;2.31;124678.0;56.0;56.0;54.0;4357.0;1005.13;527.33;5.0;1.0;0;1.0;0;0;1.0;0;0;1.0;0;0;1.0;1.0;0;0;0;0;0
771978;1.84;1.00;57.0;2632.0;22.5;81.0;27.75;3.52;14.39;14.58;298.71;349.95;2.31;124678.0;57.0;57.0;54.0;4241.0;1005.13;839.83;5.0;1.0;0;1.0;0;0;1.0;0;0;1.0;0;0;1.0;1.0;0;0;0;0;0
772499;2.48;0.97;58.0;2699.0;22.5;81.0;29.25;5.88;19.69;14.39;290.25;354.46;2.31;124678.0;58.0;59.0;54.0;4358.0;1005.13;820.30;5.0;1.0;0;1.0;0;0;1.0;0;0;1.0;0;0;1.0;1.0;0;0;0;0;0
773030;2.53;0.94;60.0;2746.0;22.5;81.0;30.0;6.27;21.44;14.48;306.87;348.02;2.31;124678.0;59.0;60.0;54.0;4436.0;1005.13;820.30;5.0;1.0;0;1.0;0;0;1.0;0;0;0;0;0;1.0;1.0;0;0;0;0;0
773574;3.24;0.99;61.0;2857.0;22.5;81.0;29.25;10.98;25.43;14.48;318.24;311.36;2.31;124678.0;61.0;62.0;54.0;4491.0;1005.13;800.77;5.0;1.0;0;1.0;0;0;1.0;0;0;0;0;0;1.0;1.0;0;0;0;0;0
774100;2.56;0.94;65.0;2945.0;22.5;81.0;32.25;8.23;21.97;14.58;253.40;259.80;2.31;124678.0;64.0;65.0;54.0;4522.0;1005.13;781.24;5.0;1.0;0;1.0;0;0;1.0;0;0;0;0;0;1.0;1.0;0;0;0;0;0
774624;2.08;0.90;65.0;3029.0;22.5;81.0;34.5;6.27;19.17;14.58;307.14;318.76;2.31;124678.0;65.0;66.0;54.0;4522.0;1005.13;761.70;5.0;1.0;0;1.0;0;0;1.0;0;0;0;0;0;1.0;1.0;0;0;0;0;0
775180;1.72;0.86;66.0;3076.0;22.5;81.0;35.25;5.49;16.67;14.48;331.44;341.91;2.31;124678.0;67.0;66.0;54.0;4522.0;1005.13;605.46;5.0;1.0;0;1.0;0;0;1.0;0;0;0;0;0;1.0;1.0;0;0;0;0;0
775695;1.62;0.82;67.0;3088.0;22.5;81.0;35.25;5.09;16.29;14.48;350.85;351.77;2.31;124678.0;67.0;68.0;54.0;4534.0;1005.13;605.46;5.0;1.0;0;1.0;0;0;1.0;0;0;0;0;0;1.0;1.0;0;0;0;0;0
776254;0.73;0.99;67.0;3045.0;22.5;81.75;35.25;0.78;6.68;14.48;358.12;356.24;2.31;124678.0;67.0;67.0;54.0;4530.0;1005.20;800.77;5.0;1.0;0;1.0;0;0;1.0;0;0;0;0;0;1.0;1.0;0;0;0;0;0
776777;0.64;1.00;66.0;3013.0;22.5;81.75;-30.0;0;0;14.58;310.31;358.60;2.31;124678.0;66.0;65.0;54.0;4541.0;1005.24;0;5.0;1.0;0;1.0;0;0;1.0;0;0;0;0;0;1.0;1.0;0;0;0;0;0
777333;0.66;1.00;63.0;2942.0;22.5;81.75;-30.0;0;0;14.58;337.63;370.26;2.31;124678.0;64.0;64.0;54.0;4505.0;1005.32;0;5.0;1.0;0;1.0;0;0;1.0;0;0;0;0;0;1.0;1.0;0;0;0;0;0
777850;2.68;1.00;63.0;2929.0;22.5;81.75;6.75;7.05;14.93;14.48;215.57;257.32;2.31;124678.0;64.0;64.0;54.0;4233.0;1005.32;839.83;5.0;1.0;0;1.0;0;0;1.0;0;0;0;0;0;1.0;1.0;0;0;0;0;0
778376;0.68;1.00;65.0;2811.0;22.5;81.75;19.5;0.78;6.05;14.67;288.65;307.98;2.31;124678.0;64.0;65.0;54.0;4399.0;1005.28;820.30;5.0;1.0;0;1.0;0;0;1.0;0;0;0;0;0;1.0;1.0;0;0;0;0;0
778898;0.66;1.00;63.0;2894.0;22.5;81.75;-30.0;0;0;14.48;249.59;267.22;2.31;124678.0;64.0;63.0;54.0;4497.0;1005.24;0;5.0;1.0;0;1.0;0;0;1.0;0;0;0;0;0;1.0;1.0;0;0;0;0;0
779493;0.68;1.00;61.0;2839.0;22.5;81.75;-30.0;0;0;14.58;221.78;290.45;2.31;124678.0;61.0;62.0;54.0;4532.0;1005.28;0;5.0;1.0;0;1.0;0;0;1.0;0;0;0;0;0;1.0;1.0;0;0;0;0;0
779996;0.72;1.00;55.0;2559.0;22.5;81.75;-30.0;0;0;14.48;218.83;312.73;2.31;124678.0;55.0;55.0;54.0;4472.0;1005.36;0;5.0;1.0;0;1.0;0;0;1.0;0;0;1.0;0;0;1.0;1.0;0;0;0;0;0
780520;0.88;1.00;50.0;2306.0;22.5;81.75;15.75;0;13.18;14.48;159.97;267.60;2.31;124678.0;50.0;50.0;48.0;4256.0;1005.32;39.06;5.0;1.0;0;1.0;1.0;0;1.0;0;0;1.0;0;0;1.0;1.0;0;0;1.0;0;0
781044;0.91;1.00;48.0;2039.0;22.5;81.75;15.0;0;13.30;14.58;203.91;215.82;2.31;124678.0;49.0;49.0;49.0;4405.0;1005.48;136.71;4.0;1.0;0;1.0;0;0;1.0;0;0;1.0;0;0;1.0;1.0;0;0;0;0;0
781543;0.92;1.00;45.0;2313.0;22.5;81.75;15.75;0;13.15;14.48;231.19;192.29;2.31;124678.0;45.0;45.0;49.0;4457.0;1005.59;39.06;4.0;1.0;0;1.0;1.0;0;1.0;0;0;1.0;0;0;1.0;1.0;0;0;1.0;0;0
782064;0.93;1.00;42.0;1917.0;22.5;81.75;15.75;0;13.36;14.29;193.54;152.17;2.58;124678.0;43.0;42.0;49.0;4468.0;1005.75;234.37;3.0;1.0;0;1.0;0;0;1.0;0;0;1.0;0;0;1.0;1.0;0;0;0;0;0
782586;0.84;1.00;37.0;2315.0;22.5;81.75;15.0;0;13.22;14.48;175.80;110.63;2.31;124678.0;38.0;37.0;49.0;4526.0;1005.83;58.59;3.0;1.0;0;1.0;0;0;1.0;0;0;1.0;0;0;1.0;1.0;0;0;0;0;0
783118;0.96;1.00;33.0;2046.0;22.5;81.75;15.0;0;13.18;14.48;124.83;85.11;2.31;124678.0;33.0;33.0;48.0;4527.0;1005.98;39.06;3.0;1.0;0;1.0;0;0;1.0;0;0;1.0;0;0;1.0;1.0;0;0;0;0;0
783673;1.0;1.00;30.0;1845.0;22.5;81.75;15.0;0;13.26;14.58;81.86;55.79;2.31;124678.0;30.0;30.0;48.0;4523.0;1006.10;58.59;3.0;1.0;0;1.0;0;0;1.0;0;0;1.0;0;0;1.0;1.0;0;0;0;0;0
784252;1.12;1.01;27.0;1689.0;22.5;81.75;15.75;0;13.22;14.39;71.28;41.59;2.31;124678.0;27.0;27.0;48.0;4527.0;1006.18;898.42;3.0;1.0;0;1.0;0;0;1.0;0;0;1.0;0;0;1.0;1.0;0;0;0;0;0
784808;3.38;0.99;27.0;1734.0;22.5;81.75;-4.5;5.88;15.98;14.29;71.46;79.60;2.58;124678.0;28.0;28.0;54.0;4534.0;1006.22;859.36;3.0;1.0;0;1.0;0;0;1.0;0;0;1.0;0;0;1.0;1.0;0;0;0;0;0
785376;3.08;0.97;30.0;1863.0;22.5;81.75;3.75;5.88;18.10;14.48;84.23;93.09;2.31;124678.0;30.0;31.0;54.0;4508.0;1006.26;839.83;3.0;1.0;0;1.0;0;0;1.0;0;0;1.0;0;0;1.0;1.0;0;0;0;0;0
785929;2.76;0.94;33.0;2046.0;22.5;81.75;14.25;5.88;20.68;14.48;81.71;105.55;2.31;124678.0;32.0;33.0;54.0;4500.0;1006.30;800.77;3.0;1.0;0;1.0;0;0;1.0;0;0;1.0;0;0;1.0;1.0;0;0;0;0;0
786450;2.52;0.92;36.0;2214.0;22.5;81.75;21.0;5.49;21.20;14.39;74.70;100.22;2.31;124678.0;35.0;36.0;54.0;4489.0;1006.30;761.70;3.0;1.0;0;1.0;0;0;1.0;0;0;1.0;0;0;1.0;1.0;0;0;0;0;0
786994;4.26;1.00;38.0;2412.0;22.5;81.75;23.25;10.58;28.11;14.48;160.94;183.71;2.31;124678.0;38.0;39.0;54.0;4415.0;1006.30;859.36;3.0;1.0;0;1.0;0;0;1.0;0;0;1.0;0;0;1.0;1.0;0;0;0;0;0
787497;4.14;1.00;42.0;2626.0;22.5;81.75;24.0;14.90;31.03;14.29;163.27;249.74;2.58;124678.0;41.0;43.0;54.0;4465.0;1006.34;839.83;3.0;1.0;0;1.0;0;0;1.0;0;0;1.0;0;0;1.0;1.0;0;0;0;0;0
788032;6.37;1.00;48.0;3005.0;22.5;81.75;12.75;34.51;41.48;14.48;252.19;298.06;2.31;124678.0;47.0;49.0;54.0;4552.0;1006.34;761.70;3.0;1.0;0;1.0;0;0;1.0;0;0;1.0;0;0;1.0;1.0;0;0;0;0;0
788634;6.78;1.01;56.0;3449.0;22.5;81.75;12.0;40.78;45.64;14.48;304.86;328.10;2.31;124678.0;54.0;57.0;54.0;4549.0;1006.34;820.30;3.0;1.0;0;1.0;1.0;0;1.0;0;0;1.0;0;0;1.0;1.0;0;0;0;0;0
789177;6.92;1.00;61.0;3413.0;22.5;81.75;18.75;26.27;37.66;14.39;333.10;316.52;2.31;124678.0;61.0;62.0;54.0;4480.0;1006.34;703.11;4.0;1.0;0;1.0;0;0;1.0;0;0;0;0;0;1.0;1.0;0;0;0;0;0
789704;4.27;0.99;67.0;3493.0;22.5;81.75;25.5;20.00;32.42;14.48;344.52;318.90;2.31;124678.0;65.0;67.0;54.0;4563.0;1006.34;800.77;4.0;1.0;0;1.0;0;0;1.0;0;0;0;0;0;1.0;1.0;0;0;0;0;0
790228;0.81;1.00;66.0;2881.0;22.5;81.75;30.75;0.39;6.83;14.48;345.46;261.79;2.31;124678.0;67.0;66.0;54.0;4519.0;1006.34;0;5.0;1.0;0;1.0;0;0;1.0;0;0;0;0;0;1.0;1.0;0;0;0;0;0
790734;0.84;1.00;66.0;3018.0;22.5;81.75;34.5;1.17;7.09;14.58;253.87;207.09;2.31;124678.0;66.0;65.0;54.0;4231.0;1006.34;390.62;5.0;1.0;0;1.0;0;0;1.0;0;0;0;0;0;1.0;1.0;0;0;0;0;0
791258;0.88;1.00;65.0;3041.0;22.5;81.75;34.5;1.17;7.40;14.48;229.28;196.72;2.31;124678.0;66.0;65.0;54.0;4345.0;1006.34;839.83;5.0;1.0;0;1.0;0;0;1.0;0;0;0;0;0;1.0;1.0;0;0;0;0;0
791817;0.88;0.98;65.0;2974.0;22.5;81.75;34.5;1.17;7.64;14.48;256.54;243.85;2.31;124678.0;66.0;65.0;54.0;4468.0;1006.34;800.77;5.0;1.0;0;1.0;0;0;1.0;0;0;0;0;0;1.0;1.0;0;0;0;0;0
792334;0.88;0.96;65.0;2989.0;22.5;81.75;33.75;1.17;7.91;14.58;140.53;124.77;2.31;124678.0;65.0;65.0;54.0;4495.0;1006.34;800.77;5.0;1.0;0;1.0;0;0;1.0;0;0;0;0;0;1.0;1.0;0;0;0;0;0
792889;0.95;0.95;66.0;3001.0;22.5;81.75;34.5;1.96;8.56;14.58;240.68;233.22;2.31;124678.0;66.0;65.0;54.0;4512.0;1006.34;800.77;5.0;1.0;0;1.0;0;0;1.0;0;0;0;0;0;1.0;1.0;0;0;0;0;0
793426;0.98;0.93;65.0;2982.0;22.5;81.75;33.75;1.96;9.05;14.58;308.86;305.44;2.31;124678.0;65.0;65.0;54.0;4505.0;1006.34;781.24;5.0;1.0;0;1.0;0;0;1.0;0;0;0;0;0;1.0;1.0;0;0;0;0;0
793924;1.02;0.91;65.0;3005.0;22.5;81.75;34.5;1.96;9.47;14.48;336.93;343.10;2.31;124678.0;65.0;65.0;54.0;4513.0;1006.34;800.77;5.0;1.0;0;1.0;0;0;1.0;0;0;0;0;0;1.0;1.0;0;0;0;0;0
794448;0.65;1.00;66.0;2981.0;22.5;81.75;24.75;0;13.40;14.48;350.32;354.23;2.31;124678.0;66.0;65.0;54.0;4534.0;1006.34;703.11;5.0;1.0;0;1.0;0;0;1.0;0;0;0;0;0;1.0;1.0;0;0;0;0;0
795012;0.66;1.00;63.0;2962.0;22.5;81.75;-30.0;0;0;14.58;304.43;306.07;2.31;124678.0;64.0;64.0;54.0;4561.0;1006.34;0;5.0;1.0;0;1.0;0;0;1.0;0;0;0;0;0;1.0;1.0;0;0;0;0;0
795555;0.69;1.00;63.0;2922.0;22.5;81.75;-30.0;0;0;14.58;279.04;284.94;2.31;124678.0;64.0;64.0;54.0;4584.0;1006.45;0;5.0;1.0;0;1.0;0;0;1.0;0;0;0;0;0;1.0;1.0;0;0;0;0;0
796104;0.70;1.00;62.0;2873.0;22.5;81.75;-30.0;0;0;14.58;273.04;309.66;2.31;124678.0;63.0;63.0;54.0;4594.0;1006.57;0;5.0;1.0;0;1.0;0;0;1.0;0;0;0;0;0;1.0;1.0;0;0;0;0;0
796629;0.68;1.00;61.0;2841.0;22.5;81.75;-30.0;0;0;14.48;260.74;303.16;2.31;124678.0;62.0;62.0;54.0;4613.0;1006.73;0;5.0;1.0;0;1.0;0;0;1.0;0;0;0;0;0;1.0;1.0;0;0;0;0;0
797138;0.68;1.00;60.0;2808.0;22.5;81.75;-30.0;0;0;14.58;271.60;285.31;2.31;124678.0;60.0;61.0;54.0;4638.0;1006.84;19.53;5.0;1.0;0;1.0;0;0;1.0;0;0;0;0;0;1.0;1.0;0;0;0;0;0
797697;0.71;1.00;56.0;2585.0;22.5;81.75;-30.0;0;0;14.58;307.61;318.22;2.31;124678.0;55.0;56.0;54.0;4618.0;1006.84;19.53;5.0;1.0;0;1.0;0;0;1.0;0;0;1.0;0;0;1.0;1.0;0;0;0;0;0
798221;0.89;1.00;48.0;2257.0;22.5;81.75;15.0;0;13.22;14.58;224.59;220.08;2.31;124678.0;49.0;49.0;49.0;4264.0;1006.88;39.06;5.0;1.0;0;1.0;0;0;1.0;0;0;1.0;0;0;1.0;1.0;0;0;0;0;0
798743;0.94;1.00;43.0;2047.0;22.5;81.75;15.0;0;13.26;14.58;139.75;144.69;2.31;124678.0;44.0;44.0;49.0;4379.0;1007.08;58.59;5.0;1.0;0;1.0;0;0;1.0;0;0;1.0;0;0;1.0;1.0;0;0;0;0;0
799273;0.99;1.00;41.0;1897.0;22.5;81.75;15.0;0;13.22;14.58;98.99;100.03;2.31;124678.0;41.0;40.0;48.0;4478.0;1007.23;58.59;5.0;1.0;0;1.0;0;0;1.0;0;0;1.0;0;0;1.0;1.0;0;0;0;0;0
799796;2.21;1.00;37.0;1625.0;22.5;81.75;5.25;1.96;12.30;14.48;100.46;69.58;2.31;124678.0;37.0;37.0;54.0;4568.0;1007.35;97.65;5.0;1.0;0;1.0;0;0;1.0;0;0;1.0;0;0;1.0;1.0;0;0;0;0;0
800317;1.02;1.00;33.0;1814.0;22.5;81.75;15.0;0;13.27;14.58;86.63;73.70;2.31;124678.0;34.0;34.0;48.0;4507.0;1007.43;781.24;4.0;1.0;0;1.0;0;0;1.0;0;0;1.0;0;0;1.0;1.0;0;0;0;0;0
800875;3.15;1.00;31.0;1460.0;22.5;81.75;3.75;3.13;15.11;14.58;66.16;58.16;2.31;124678.0;32.0;31.0;54.0;4509.0;1007.47;878.89;4.0;1.0;0;1.0;0;0;1.0;0;0;1.0;0;0;1.0;1.0;0;0;0;0;0
801427;1.60;0.99;31.0;1927.0;22.5;81.75;16.5;1.96;10.36;14.48;55.32;53.82;2.31;124678.0;31.0;31.0;51.0;4532.0;1007.51;898.42;3.0;1.0;0;1.0;0;0;1.0;0;0;1.0;0;0;1.0;1.0;0;0;0;0;0
801949;2.83;0.99;32.0;2188.0;22.5;81.0;4.5;5.88;16.07;14.48;56.98;73.84;2.31;124678.0;33.0;33.0;54.0;4517.0;1007.63;878.89;3.0;1.0;0;1.0;0;0;1.0;0;0;1.0;0;0;1.0;1.0;0;0;0;0;0
802517;0.71;1.00;33.0;2474.0;22.5;81.0;15.0;0;13.38;14.48;129.95;140.12;2.31;124678.0;34.0;34.0;54.0;4617.0;1007.74;585.93;3.0;1.0;0;1.0;0;0;1.0;0;0;1.0;0;0;1.0;1.0;0;0;0;0;0
803016;0.82;1.00;32.0;2532.0;22.5;81.0;15.0;0;13.33;14.58;96.92;102.92;2.31;124678.0;33.0;32.0;54.0;4444.0;1007.78;19.53;2.0;1.0;0;1.0;0;0;1.0;0;0;1.0;0;0;1.0;1.0;0;0;0;0;0
803543;0.84;1.00;32.0;2490.0;22.5;81.0;14.25;0;13.41;14.48;132.17;95.83;2.31;124678.0;32.0;32.0;54.0;4481.0;1007.94;878.89;2.0;1.0;0;1.0;0;0;1.0;0;0;1.0;0;0;1.0;1.0;0;0;0;0;0
804101;0.96;1.00;31.0;2456.0;22.5;81.0;15.75;0;13.40;14.48;119.26;74.40;2.31;124678.0;32.0;32.0;53.0;4494.0;1008.05;58.59;2.0;1.0;0;1.0;0;0;1.0;0;0;1.0;0;0;1.0;1.0;0;0;0;0;0
804658;1.75;1.00;31.0;2533.0;22.5;81.0;21.75;2.74;13.17;14.48;171.41;158.83;2.31;124678.0;31.0;31.0;54.0;4516.0;1008.25;878.89;2.0;1.0;0;1.0;0;0;1.0;0;0;1.0;0;0;1.0;1.0;0;0;0;0;0
805214;2.65;0.98;32.0;2570.0;22.5;81.0;27.0;6.27;21.20;14.58;245.39;261.29;2.31;124678.0;32.0;33.0;54.0;4485.0;1008.37;859.36;2.0;1.0;0;1.0;0;0;1.0;0;0;1.0;0;0;1.0;1.0;0;0;0;0;0
805759;2.72;0.95;35.0;2780.0;22.5;81.0;30.75;7.45;23.01;14.48;251.89;303.57;2.31;124678.0;35.0;36.0;54.0;4500.0;1008.45;839.83;2.0;1.0;0;1.0;0;0;1.0;0;0;1.0;0;0;1.0;1.0;0;0;0;0;0
806287;2.53;0.91;37.0;2933.0;22.5;81.0;33.0;7.45;22.74;14.39;246.82;309.92;2.31;124678.0;37.0;38.0;54.0;4533.0;1008.48;820.30;2.0;1.0;0;1.0;0;0;1.0;0;0;1.0;0;0;1.0;1.0;0;0;0;0;0
806847;2.32;0.86;41.0;3210.0;22.5;81.0;35.25;7.45;21.94;14.48;279.72;291.21;2.31;124678.0;40.0;41.0;54.0;4510.0;1008.60;761.70;2.0;1.0;0;1.0;0;0;1.0;0;0;1.0;0;0;1.0;1.0;0;0;0;0;0
807409;3.57;1.00;45.0;3527.0;22.5;81.0;33.0;12.15;27.17;14.39;313.88;300.05;2.31;124678.0;43.0;45.0;54.0;4520.0;1008.68;820.30;2.0;1.0;0;1.0;0;0;1.0;0;0;1.0;0;0;1.0;1.0;0;0;0;0;0
807973;3.18;0.91;48.0;3806.0;22.5;81.0;35.25;12.94;27.47;14.48;273.53;333.80;2.31;124678.0;48.0;49.0;54.0;4550.0;1008.72;781.24;2.0;1.0;0;1.0;0;0;1.0;0;0;1.0;0;0;1.0;1.0;0;0;0;0;0
808498;0;1.00;51.0;3841.0;22.5;81.0;41.25;0;4.64;14.48;251.81;332.59;2.31;124678.0;51.0;52.0;54.0;4584.0;1008.76;839.83;2.0;1.0;0;1.0;0;0;1.0;0;0;1.0;0;0;1.0;1.0;0;0;0;0;0
809020;5.78;1.00;55.0;3422.0;22.5;81.0;20.25;23.92;37.49;14.48;227.03;314.47;2.31;124678.0;54.0;56.0;54.0;4226.0;1008.80;820.30;3.0;1.0;0;1.0;0;0;1.0;0;0;1.0;0;0;1.0;1.0;0;0;0;0;0
809576;6.63;0.99;61.0;3779.0;22.5;81.0;15.75;34.51;44.25;14.48;213.30;328.78;2.31;124678.0;60.0;62.0;54.0;4459.0;1008.80;800.77;3.0;1.0;0;1.0;0;0;1.0;0;0;0;0;0;1.0;1.0;0;0;0;0;0
810092;5.09;1.00;63.0;3348.0;22.5;81.0;23.25;21.17;33.19;14.58;260.04;330.70;2.31;124678.0;63.0;64.0;54.0;4222.0;1008.80;800.77;4.0;1.0;0;1.0;0;0;1.0;0;0;0;0;0;1.0;1.0;0;0;0;0;0
810617;0.32;1.00;66.0;3201.0;22.5;81.0;30.75;0;13.38;14.48;312.69;357.04;2.31;124678.0;66.0;64.0;54.0;4347.0;1008.84;683.58;4.0;1.0;0;1.0;0;0;1.0;0;0;0;0;0;1.0;1.0;0;0;0;0;0
811196;0.56;1.00;63.0;3280.0;22.5;81.0;-30.0;0;0;14.48;337.38;347.61;2.31;124678.0;64.0;63.0;54.0;4364.0;1008.72;0;4.0;1.0;0;1.0;0;0;1.0;0;0;0;0;0;1.0;1.0;0;0;0;0;0
811716;0.65;1.00;60.0;3107.0;22.5;81.0;-30.0;0;0;14.58;343.00;355.69;2.31;124678.0;60.0;60.0;54.0;4360.0;1008.76;0;4.0;1.0;0;1.0;0;0;1.0;0;0;0;0;0;1.0;1.0;0;0;0;0;0
812276;0.68;1.00;56.0;2941.0;22.5;81.0;-30.0;0;0;14.48;351.95;346.48;2.31;124678.0;57.0;56.0;54.0;4409.0;1008.80;0;4.0;1.0;0;1.0;0;0;1.0;0;0;1.0;0;0;1.0;1.0;0;0;0;0;0
812799;0.70;1.00;53.0;2806.0;22.5;81.0;-30.0;0;0;14.48;322.51;321.09;2.31;124678.0;54.0;54.0;54.0;4455.0;1008.80;0;4.0;1.0;0;1.0;0;0;1.0;0;0;1.0;0;0;1.0;1.0;0;0;0;0;0
813322;0.72;1.00;50.0;2616.0;22.5;81.0;-30.0;0;0;14.48;347.67;336.22;2.31;124678.0;50.0;50.0;54.0;4495.0;1008.84;0;4.0;1.0;0;1.0;0;0;1.0;0;0;1.0;0;0;1.0;1.0;0;0;0;0;0
813842;0.88;1.00;47.0;2461.0;22.5;81.0;15.0;0;13.37;14.48;330.87;324.80;2.31;124678.0;48.0;47.0;51.0;4221.0;1008.76;19.53;4.0;1.0;0;1.0;0;0;1.0;0;0;1.0;0;0;1.0;1.0;0;0;0;0;0
814366;0.86;1.00;45.0;2361.0;22.5;81.0;16.5;0;13.34;14.39;290.99;292.83;2.31;124678.0;46.0;46.0;48.0;4343.0;1008.76;39.06;4.0;1.0;0;1.0;0;0;1.0;0;0;1.0;0;0;1.0;1.0;0;0;0;0;0
814893;0.86;1.00;43.0;2262.0;22.5;81.0;15.75;0;13.27;14.48;181.76;163.99;2.31;124678.0;44.0;43.0;49.0;4480.0;1008.80;58.59;4.0;1.0;0;1.0;0;0;1.0;0;0;1.0;0;0;1.0;1.0;0;0;0;0;0
815451;0.88;1.00;42.0;2178.0;22.5;81.0;15.75;0;13.28;14.48;119.38;103.80;2.31;124678.0;42.0;42.0;49.0;4526.0;1008.80;58.59;4.0;1.0;0;1.0;0;0;1.0;0;0;1.0;0;0;1.0;1.0;0;0;0;0;0
816096;0.90;1.00;40.0;2120.0;22.5;81.0;15.0;0;13.31;14.58;72.18;61.24;2.31;124678.0;40.0;40.0;50.0;4520.0;1008.84;58.59;4.0;1.0;0;1.0;0;0;1.0;0;0;1.0;0;0;1.0;1.0;0;0;0;0;0
816693;0.96;1.00;37.0;1971.0;22.5;81.0;15.0;0;13.27;14.58;45.54;39.02;2.31;124678.0;37.0;37.0;47.0;4518.0;1008.84;78.12;4.0;1.0;0;1.0;0;0;1.0;0;0;1.0;0;0;1.0;1.0;0;0;0;0;0
817217;1.11;1.00;31.0;1666.0;22.5;81.0;15.75;0;13.29;14.39;28.27;25.83;2.31;124678.0;32.0;32.0;48.0;4533.0;1008.84;58.59;4.0;1.0;0;1.0;0;0;1.0;0;0;1.0;0;0;1.0;1.0;0;0;0;0;0
817812;1.27;1.02;28.0;1517.0;22.5;81.0;15.0;0;13.34;14.48;23.84;21.13;2.31;124678.0;29.0;28.0;48.0;4477.0;1008.84;898.42;4.0;1.0;0;1.0;0;0;1.0;0;0;1.0;0;0;1.0;1.0;0;0;0;0;0
818337;1.13;0.99;27.0;1659.0;22.5;81.0;16.5;0;13.35;14.39;29.93;22.94;2.31;124678.0;27.0;27.0;48.0;4499.0;1008.84;898.42;3.0;1.0;0;1.0;0;0;1.0;0;0;1.0;0;0;1.0;1.0;0;0;0;0;0
818866;1.0;0.97;26.0;1783.0;22.5;81.0;15.0;0;13.41;14.58;21.77;17.90;2.31;124678.0;26.0;26.0;48.0;4485.0;1008.84;859.36;2.0;1.0;0;1.0;0;0;1.0;0;0;1.0;0;0;1.0;1.0;0;0;0;0;0
819495;0.99;1.00;23.0;1879.0;22.5;81.0;15.75;0;13.30;14.39;14.31;12.38;2.31;124678.0;24.0;24.0;48.0;4518.0;1008.84;97.65;2.0;1.0;0;1.0;0;0;1.0;0;0;1.0;0;0;1.0;1.0;0;0;0;0;0
820018;1.23;1.01;20.0;1481.0;22.5;81.0;15.0;0;13.31;14.58;17.92;10.40;2.31;124678.0;21.0;21.0;47.0;4473.0;1008.84;97.65;2.0;1.0;0;1.0;1.0;0;1.0;0;0;1.0;0;0;1.0;1.0;0;0;1.0;0;0
820540;1.26;1.00;17.0;1373.0;22.5;81.0;15.75;0;13.29;14.29;46.89;7.53;2.58;124678.0;17.0;17.0;47.0;4493.0;1008.84;878.89;2.0;1.0;0;1.0;1.0;0;1.0;0;0;1.0;0;0;1.0;1.0;0;0;1.0;0;0
821098;1.36;0.99;13.0;1295.0;22.5;81.0;15.0;0;13.11;14.39;38.14;53.45;2.31;124678.0;14.0;14.0;47.0;4517.0;1008.84;839.83;2.0;1.0;0;1.0;1.0;0;1.0;0;0;1.0;0;0;1.0;1.0;0;0;1.0;0;0
821613;1.32;0.97;11.0;1276.0;22.5;81.0;16.5;0;13.40;14.48;76.04;49.15;2.31;124678.0;11.0;11.0;48.0;4508.0;1008.84;722.64;0;1.0;0;1.0;0;0;1.0;0;0;1.0;0;0;1.0;1.0;0;0;1.0;0;0
822136;1.30;0.97;8.0;1299.0;22.5;81.0;15.0;0;13.12;14.58;58.41;35.75;2.31;124678.0;9.0;9.0;48.0;4499.0;1008.84;58.59;0;1.0;0;1.0;0;0;1.0;0;0;1.0;0;0;1.0;1.0;0;0;1.0;0;0
822636;1.27;0.99;7.0;1275.0;22.5;81.0;16.5;0;13.43;14.39;56.73;43.37;2.31;124678.0;7.0;7.0;48.0;4507.0;1008.84;58.59;0;1.0;0;1.0;0;0;1.0;0;0;1.0;0;0;1.0;1.0;0;0;1.0;0;0
823205;1.36;1.00;5.0;1285.0;22.5;81.0;15.0;0;13.09;14.48;103.13;56.98;2.31;124678.0;5.0;5.0;47.0;4516.0;1008.84;97.65;0;1.0;0;1.0;1.0;0;1.0;0;0;1.0;0;0;1.0;1.0;0;0;1.0;0;0
823728;1.37;1.02;3.0;1290.0;22.5;81.0;14.25;0;12.96;14.39;130.49;140.55;2.31;124678.0;3.0;3.0;46.0;4512.0;1008.84;546.86;1.0;1.0;0;1.0;0;0;1.0;0;0;1.0;0;0;1.0;1.0;0;0;0;0;0
824238;1.32;1.00;2.0;1258.0;23.25;81.0;16.5;0;13.32;14.48;150.94;192.64;2.31;124678.0;3.0;0;47.0;4526.0;1008.84;781.24;1.0;1.0;0;1.0;0;0;1.0;0;0;1.0;0;0;1.0;1.0;0;0;1.0;0;0
824762;1.33;0.99;0;1252.0;23.25;81.0;17.25;0;13.46;14.39;176.08;202.13;2.31;124678.0;0;0;47.0;4510.0;1008.84;117.18;1.0;1.0;0;1.0;1.0;0;1.0;0;0;1.0;0;0;1.0;1.0;0;0;1.0;0;0
825295;1.31;1.01;0;1289.0;23.25;81.0;14.25;0;12.94;14.48;177.97;192.15;2.31;124678.0;0;0;47.0;4502.0;1008.84;58.59;1.0;1.0;0;1.0;1.0;0;1.0;0;0;1.0;0;0;1.0;1.0;0;0;1.0;0;0
825835;1.29;1.02;0;1321.0;23.25;81.0;12.75;0;12.58;14.58;168.09;212.97;2.31;124678.0;0;0;47.0;4499.0;1008.84;78.12;1.0;1.0;0;1.0;1.0;0;1.0;0;0;1.0;0;0;1.0;1.0;0;0;1.0;0;0
826339;1.32;1.04;0;1295.0;23.25;81.0;14.25;0;12.87;14.39;160.90;186.60;2.31;124678.0;0;0;46.0;4517.0;1008.91;117.18;1.0;1.0;0;1.0;0;0;1.0;0;0;1.0;0;0;1.0;1.0;0;0;0;0;0
826859;1.48;1.06;0;1255.0;23.25;81.0;17.25;0;13.41;14.48;157.45;158.93;2.31;124678.0;0;0;47.0;4513.0;1008.88;546.86;1.0;1.0;0;1.0;0;0;1.0;0;0;1.0;0;0;1.0;1.0;0;0;0;0;0
827382;1.37;1.05;0;1302.0;23.25;81.0;13.5;0;12.70;14.39;164.40;160.32;2.31;124678.0;0;0;46.0;4517.0;1008.88;839.83;1.0;1.0;0;1.0;0;0;1.0;0;0;1.0;0;0;1.0;1.0;0;0;0;0;0
827953;1.33;1.03;0;1293.0;23.25;81.0;14.25;0;12.88;14.39;210.94;200.22;2.31;124678.0;0;0;47.0;4511.0;1008.88;820.30;1.0;1.0;0;1.0;0;0;1.0;0;0;1.0;0;0;1.0;1.0;0;0;0;0;0
828477;1.40;1.01;0;1294.0;23.25;81.0;14.25;0;12.90;14.58;252.81;251.19;2.31;124678.0;0;0;46.0;4517.0;1008.95;800.77;1.0;1.0;0;1.0;0;0;1.0;0;0;1.0;0;0;1.0;1.0;0;0;0;0;0
829036;4.16;1.00;0;2214.0;23.25;81.0;20.25;10.58;29.64;14.58;234.92;236.09;2.31;124678.0;0;0;54.0;4547.0;1008.99;859.36;1.0;1.0;0;1.0;0;0;1.0;0;0;1.0;0;0;1.0;1.0;0;0;0;0;0
829547;3.96;0.98;11.0;2052.0;23.25;81.0;15.75;10.98;31.48;14.58;285.04;257.71;2.31;124678.0;11.0;11.0;54.0;4520.0;1008.95;859.36;1.0;1.0;0;1.0;0;0;1.0;0;0;1.0;0;0;1.0;1.0;0;0;0;0;0
830070;3.41;0.95;18.0;2142.0;23.25;81.0;19.5;9.02;28.00;14.58;303.59;246.83;2.31;124678.0;18.0;18.0;54.0;4478.0;1008.91;820.30;1.0;1.0;0;1.0;0;0;1.0;0;0;1.0;0;0;1.0;1.0;0;0;0;0;0
830666;2.83;0.92;23.0;2621.0;23.25;81.75;27.0;8.23;24.55;14.58;265.76;259.70;2.31;124678.0;23.0;24.0;54.0;4477.0;1008.99;664.05;1.0;1.0;0;1.0;0;0;1.0;0;0;1.0;0;0;1.0;1.0;0;0;0;0;0
831225;2.83;0.89;28.0;3208.0;23.25;81.75;33.0;9.80;24.75;14.48;209.43;228.42;2.31;124678.0;28.0;29.0;54.0;4611.0;1009.07;292.96;1.0;1.0;0;1.0;0;0;1.0;0;0;1.0;0;0;1.0;1.0;0;0;0;0;0
831733;3.27;1.00;31.0;2746.0;23.25;81.75;13.5;8.62;21.37;14.48;207.36;276.70;2.31;124678.0;30.0;31.0;54.0;4227.0;1009.07;859.36;2.0;1.0;0;1.0;0;0;1.0;0;0;1.0;0;0;1.0;1.0;0;0;0;0;0
832256;3.16;0.97;35.0;2682.0;23.25;81.75;27.75;8.62;24.69;14.48;227.85;248.73;2.31;124678.0;34.0;35.0;54.0;4276.0;1009.07;839.83;2.0;1.0;0;1.0;0;0;1.0;0;0;1.0;0;0;1.0;1.0;0;0;0;0;0
832804;2.68;0.93;37.0;2962.0;23.25;81.75;33.0;7.84;22.93;14.48;228.18;259.82;2.31;124678.0;38.0;38.0;54.0;4435.0;1009.07;820.30;2.0;1.0;0;1.0;0;0;1.0;0;0;1.0;0;0;1.0;1.0;0;0;0;0;0
833320;0.22;1.00;40.0;3333.0;23.25;81.75;40.5;0;12.78;14.48;184.51;217.99;2.31;124678.0;40.0;40.0;54.0;4621.0;1009.03;664.05;2.0;1.0;0;1.0;0;0;1.0;0;0;1.0;0;0;1.0;1.0;0;0;0;0;0
833841;1.01;1.00;40.0;2403.0;23.25;81.75;23.25;0.78;8.35;14.29;262.67;211.00;2.58;124678.0;40.0;40.0;54.0;4291.0;1008.99;58.59;3.0;1.0;0;1.0;0;0;1.0;0;0;1.0;0;0;1.0;1.0;0;0;0;0;0
834355;1.52;1.00;40.0;2457.0;23.25;81.75;24.75;2.35;11.99;14.58;298.94;223.61;2.31;124678.0;40.0;40.0;54.0;4260.0;1009.03;839.83;3.0;1.0;0;1.0;0;0;1.0;0;0;1.0;0;0;1.0;1.0;0;0;0;0;0
834878;1.75;0.98;40.0;2475.0;23.25;81.75;24.75;2.74;13.86;14.58;326.19;282.28;2.31;124678.0;40.0;40.0;54.0;4385.0;1009.19;839.83;3.0;1.0;0;1.0;0;0;1.0;0;0;1.0;0;0;1.0;1.0;0;0;0;0;0
835437;1.70;0.96;41.0;2511.0;23.25;81.75;25.5;3.13;13.97;14.48;340.89;313.31;2.31;124678.0;41.0;41.0;54.0;4477.0;1009.15;839.83;3.0;1.0;0;1.0;0;0;1.0;0;0;1.0;0;0;1.0;1.0;0;0;0;0;0
835971;1.61;0.94;41.0;2576.0;23.25;81.75;27.0;3.13;13.92;14.39;343.70;331.38;2.31;124678.0;42.0;42.0;54.0;4501.0;1009.27;820.30;3.0;1.0;0;1.0;0;0;1.0;0;0;1.0;0;0;1.0;1.0;0;0;0;0;0
836535;1.52;0.92;42.0;2623.0;23.25;81.75;27.75;3.13;13.52;14.48;346.69;343.22;2.31;124678.0;42.0;43.0;54.0;4531.0;1009.27;820.30;3.0;1.0;0;1.0;0;0;1.0;0;0;1.0;0;0;1.0;1.0;0;0;0;0;0
837041;1.25;0.90;42.0;2652.0;23.25;82.5;27.75;2.35;11.47;14.39;344.04;327.67;2.31;124678.0;43.0;43.0;54.0;4533.0;1009.19;820.30;3.0;1.0;0;1.0;0;0;1.0;0;0;1.0;0;0;1.0;1.0;0;0;0;0;0
837566;1.14;0.89;43.0;2654.0;23.25;82.5;28.5;1.96;10.70;14.58;342.04;328.68;2.31;124678.0;43.0;43.0;54.0;4519.0;1009.15;781.24;3.0;1.0;0;1.0;0;0;1.0;0;0;1.0;0;0;1.0;1.0;0;0;0;0;0
838076;1.10;0.87;42.0;2627.0;23.25;82.5;27.75;1.96;10.51;14.58;324.92;322.53;2.31;124678.0;43.0;43.0;54.0;4518.0;1009.30;781.24;3.0;1.0;0;1.0;0;0;1.0;0;0;1.0;0;0;1.0;1.0;0;0;0;0;0
838639;1.04;0.86;42.0;2646.0;23.25;82.5;28.5;1.56;10.01;14.48;265.11;340.09;2.31;124678.0;43.0;43.0;54.0;4525.0;1009.30;722.64;3.0;1.0;0;1.0;0;0;1.0;0;0;1.0;0;0;1.0;1.0;0;0;0;0;0
839180;0.90;0.84;42.0;2612.0;23.25;82.5;27.75;1.17;8.93;14.48;241.72;357.43;2.31;124678.0;43.0;42.0;54.0;4518.0;1009.38;136.71;3.0;1.0;0;1.0;0;0;1.0;0;0;1.0;0;0;1.0;1.0;0;0;0;0;0
839830;0.82;1.00;41.0;2546.0;23.25;82.5;15.0;0;13.33;14.48;292.77;356.98;2.31;124678.0;42.0;41.0;54.0;4511.0;1009.42;0;3.0;1.0;0;1.0;0;0;1.0;0;0;1.0;0;0;1.0;1.0;0;0;0;0;0
840405;0.8;1.00;40.0;2466.0;23.25;82.5;15.75;0;13.14;14.48;256.03;282.30;2.31;124678.0;40.0;40.0;51.0;4470.0;1009.42;19.53;3.0;1.0;0;1.0;0;0;1.0;0;0;1.0;0;0;1.0;1.0;0;0;0;0;0
840902;0.80;1.00;38.0;2399.0;23.25;82.5;17.25;0;13.06;14.48;251.99;190.33;2.31;124678.0;39.0;39.0;48.0;4532.0;1009.46;19.53;3.0;1.0;0;1.0;0;0;1.0;0;0;1.0;0;0;1.0;1.0;0;0;0;0;0
841426;1.13;1.00;37.0;2301.0;23.25;82.5;20.25;1.17;9.02;14.58;156.80;120.14;2.31;124678.0;38.0;38.0;54.0;4546.0;1009.38;58.59;3.0;1.0;0;1.0;0;0;1.0;0;0;1.0;0;0;1.0;1.0;0;0;0;0;0
841946;1.36;1.00;37.0;2296.0;23.25;82.5;20.25;1.56;10.85;14.48;177.62;136.20;2.31;124679.0;38.0;37.0;54.0;4516.0;1009.34;859.36;3.0;1.0;0;1.0;0;0;1.0;0;0;1.0;0;0;1.0;1.0;0;0;0;0;0
842476;1.13;0.99;37.0;2274.0;23.25;82.5;21.75;1.17;9.33;14.48;214.10;171.39;2.31;124679.0;37.0;37.0;54.0;4521.0;1009.46;859.36;3.0;1.0;0;1.0;0;0;1.0;0;0;1.0;0;0;1.0;1.0;0;0;0;0;0
843032;0.87;1.00;36.0;2207.0;23.25;82.5;15.75;0;13.20;14.48;203.11;150.98;2.31;124679.0;36.0;36.0;49.0;4512.0;1009.50;742.17;3.0;1.0;0;1.0;0;0;1.0;0;0;1.0;0;0;1.0;1.0;0;0;0;0;0
843557;0.88;1.00;35.0;2146.0;23.25;82.5;15.0;0;13.15;14.48;125.08;135.14;2.31;124679.0;35.0;35.0;49.0;4505.0;1009.50;39.06;3.0;1.0;0;1.0;0;0;1.0;0;0;1.0;0;0;1.0;1.0;0;0;0;0;0
844081;0.89;1.00;33.0;2084.0;23.25;82.5;15.0;0;13.18;14.48;77.78;84.07;2.31;124679.0;34.0;34.0;48.0;4516.0;1009.66;19.53;3.0;1.0;0;1.0;0;0;1.0;0;0;1.0;0;0;1.0;1.0;0;0;0;0;0
844593;0.95;1.00;32.0;2004.0;23.25;82.5;14.25;0;13.17;14.67;55.09;67.08;2.31;124679.0;33.0;33.0;47.0;4507.0;1009.77;39.06;3.0;1.0;0;1.0;0;0;1.0;0;0;1.0;0;0;1.0;1.0;0;0;0;0;0
845116;0.95;1.00;31.0;1965.0;23.25;82.5;14.25;0;13.23;14.48;51.63;69.52;2.31;124679.0;32.0;32.0;48.0;4525.0;1009.85;39.06;3.0;1.0;0;1.0;0;0;1.0;0;0;1.0;0;0;1.0;1.0;0;0;0;0;0
845615;1.0;1.00;30.0;1863.0;23.25;82.5;15.0;0;13.10;14.58;44.43;48.02;2.31;124679.0;31.0;30.0;48.0;4510.0;1009.89;39.06;3.0;1.0;0;1.0;0;0;1.0;0;0;1.0;0;0;1.0;1.0;0;0;0;0;0
846151;0.98;1.00;30.0;1805.0;23.25;82.5;15.75;0;13.19;14.48;31.44;33.16;2.31;124679.0;30.0;29.0;47.0;4514.0;1009.93;39.06;3.0;1.0;0;1.0;0;0;1.0;0;0;1.0;0;0;1.0;1.0;0;0;0;0;0
846675;1.02;1.00;28.0;1788.0;23.25;82.5;15.0;0;13.07;14.39;99.85;28.16;2.31;124679.0;28.0;28.0;47.0;4510.0;1009.97;58.59;3.0;1.0;0;1.0;0;0;1.0;0;0;1.0;0;0;1.0;1.0;0;0;0;0;0
847222;1.10;1.02;27.0;1684.0;23.25;82.5;14.25;0;13.14;14.58;83.60;72.10;2.31;124679.0;28.0;28.0;48.0;4516.0;1009.93;859.36;3.0;1.0;0;1.0;0;0;1.0;0;0;1.0;0;0;1.0;1.0;0;0;0;0;0
847745;1.07;1.00;26.0;1656.0;23.25;82.5;15.0;0;13.09;14.58;74.91;89.21;2.31;124679.0;27.0;26.0;48.0;4503.0;1009.97;859.36;3.0;1.0;0;1.0;0;0;1.0;0;0;1.0;0;0;1.0;1.0;0;0;0;0;0
848274;1.11;0.99;25.0;1582.0;23.25;82.5;15.0;0;13.14;14.48;55.64;61.65;2.31;124679.0;25.0;25.0;49.0;4481.0;1010.01;839.83;3.0;1.0;0;1.0;0;0;1.0;0;0;1.0;0;0;1.0;1.0;0;0;1.0;0;0
848803;1.24;0.97;23.0;1454.0;23.25;82.5;15.0;0;13.16;14.29;42.73;48.78;2.58;124679.0;23.0;23.0;49.0;4495.0;1010.01;742.17;3.0;1.0;0;1.0;0;0;1.0;0;0;1.0;0;0;1.0;1.0;0;0;0;0;0
849326;1.09;0.95;20.0;1583.0;23.25;82.5;15.0;0;13.12;14.39;33.33;37.84;2.31;124679.0;20.0;20.0;48.0;4507.0;1010.01;742.17;2.0;1.0;0;1.0;0;0;1.0;0;0;1.0;0;0;1.0;1.0;0;0;1.0;0;0
849844;1.29;0.94;15.0;1294.0;23.25;82.5;14.25;0;12.99;14.29;26.26;28.22;2.58;124679.0;15.0;15.0;47.0;4496.0;1010.05;820.30;2.0;1.0;0;1.0;1.0;0;1.0;0;0;1.0;0;0;0;1.0;0;0;1.0;0;0
850367;1.15;0.92;8.0;1293.0;23.25;82.5;14.25;0;12.99;14.58;23.96;27.84;2.31;124679.0;9.0;9.0;48.0;4512.0;1010.05;117.18;1.0;1.0;0;1.0;1.0;0;1.0;0;0;1.0;0;0;1.0;1.0;0;0;1.0;0;0
850876;1.31;0.94;6.0;1239.0;23.25;82.5;17.25;0;13.52;14.48;25.29;27.14;2.31;124679.0;6.0;6.0;48.0;4509.0;1010.05;19.53;1.0;1.0;0;1.0;0;0;1.0;0;0;1.0;0;0;1.0;1.0;0;0;0;0;0
851400;1.28;0.95;5.0;1307.0;23.25;82.5;13.5;0;12.86;14.39;26.99;20.81;2.31;124679.0;5.0;5.0;49.0;4503.0;1010.05;39.06;1.0;1.0;0;1.0;0;0;1.0;0;0;1.0;0;0;1.0;1.0;0;0;0;0;0
851921;1.22;0.97;5.0;1325.0;23.25;82.5;12.0;0;12.60;14.48;19.62;22.51;2.31;124679.0;5.0;5.0;48.0;4521.0;1010.05;39.06;1.0;1.0;0;1.0;0;0;1.0;0;0;1.0;0;0;1.0;1.0;0;0;0;0;0
852492;1.32;0.98;0;1272.0;23.25;82.5;15.0;0;13.11;14.48;16.50;18.57;2.31;124679.0;0;0;48.0;4507.0;1010.05;58.59;1.0;1.0;0;1.0;1.0;0;1.0;0;0;1.0;0;0;1.0;1.0;0;0;1.0;0;0
853019;1.38;1.00;0;1271.0;23.25;82.5;15.0;0;13.14;14.29;14.62;13.49;2.58;124679.0;0;0;48.0;4509.0;1010.05;78.12;1.0;1.0;0;1.0;1.0;0;1.0;0;0;1.0;0;0;1.0;1.0;0;0;1.0;0;0
853574;1.32;1.02;0;1271.0;23.25;82.5;15.0;0;13.11;14.39;12.18;14.25;2.31;124679.0;0;0;48.0;4517.0;1010.05;78.12;1.0;1.0;0;1.0;0;0;1.0;0;0;1.0;0;0;1.0;1.0;0;0;0;0;0
854096;1.30;1.03;0;1282.0;23.25;82.5;14.25;0;12.96;14.39;43.18;13.14;2.31;124679.0;0;0;46.0;4504.0;1010.05;78.12;1.0;1.0;0;1.0;0;0;1.0;0;0;1.0;0;0;1.0;1.0;0;0;0;0;0
854597;1.42;1.05;0;1266.0;23.25;82.5;15.0;0;13.00;14.29;74.58;22.24;2.58;124679.0;0;0;46.0;4517.0;1010.05;117.18;1.0;1.0;0;1.0;1.0;0;1.0;0;0;1.0;0;0;1.0;1.0;0;0;1.0;0;0
855126;1.30;1.07;0;1314.0;23.25;82.5;12.0;0;12.41;14.58;74.23;19.27;2.31;124679.0;0;0;45.0;4509.0;1010.05;781.24;1.0;1.0;0;1.0;0;0;1.0;0;0;1.0;0;0;1.0;1.0;0;0;0;0;0
855688;1.36;1.05;0;1270.0;23.25;82.5;15.0;0;12.87;14.48;61.30;14.76;2.31;124679.0;0;0;45.0;4510.0;1010.05;878.89;1.0;1.0;0;1.0;0;0;1.0;0;0;1.0;0;0;1.0;1.0;0;0;0;0;0
856206;1.30;1.03;0;1272.0;23.25;82.5;15.0;0;12.85;14.58;50.95;15.17;2.31;124679.0;0;0;46.0;4536.0;1010.05;820.30;1.0;1.0;0;1.0;0;0;1.0;0;0;1.0;0;0;1.0;1.0;0;0;0;0;0
856729;1.32;1.01;0;1232.0;23.25;82.5;17.25;0;13.31;14.58;54.87;13.63;2.31;124679.0;0;0;45.0;4502.0;1010.05;820.30;1.0;1.0;0;1.0;0;0;1.0;0;0;1.0;0;0;1.0;1.0;0;0;0;0;0
857241;1.32;1.00;0;1259.0;23.25;82.5;15.75;0;12.99;14.58;37.90;9.90;2.31;124679.0;0;0;45.0;4504.0;1010.05;742.17;1.0;1.0;0;1.0;0;0;1.0;0;0;1.0;0;0;1.0;1.0;0;0;0;0;0
857765;1.32;0.98;0;1197.0;23.25;82.5;21.0;0;13.87;14.48;29.09;9.56;2.31;124679.0;0;0;46.0;4518.0;1010.05;605.46;1.0;1.0;0;1.0;0;0;1.0;0;0;1.0;0;0;1.0;1.0;0;0;0;0;0
858286;1.24;0.98;0;1282.0;23.25;82.5;15.0;0;12.84;14.48;40.17;30.64;2.31;124679.0;0;0;47.0;4506.0;1010.05;58.59;1.0;1.0;0;1.0;0;0;1.0;0;0;1.0;0;0;1.0;1.0;0;0;0;0;0
858856;1.34;1.00;0;1293.0;23.25;82.5;14.25;0;12.87;14.48;38.84;54.72;2.31;124679.0;0;0;47.0;4500.0;1010.05;58.59;1.0;1.0;0;1.0;0;0;1.0;0;0;1.0;0;0;1.0;1.0;0;0;0;0;0
859394;1.38;1.02;0;1281.0;23.25;82.5;14.25;0;12.90;14.48;46.38;82.47;2.31;124679.0;0;0;47.0;4532.0;1010.05;78.12;1.0;1.0;0;1.0;0;0;1.0;0;0;1.0;0;0;1.0;1.0;0;0;0;0;0
859957;1.37;1.03;0;1224.0;23.25;82.5;18.0;0;13.57;14.58;60.50;96.36;2.31;124679.0;0;0;46.0;4508.0;1010.05;175.77;1.0;1.0;0;1.0;0;0;1.0;0;0;1.0;0;0;0;1.0;0;0;0;0;0
860471;1.40;1.05;0;1212.0;23.25;82.5;19.5;0;13.73;14.58;73.08;137.39;2.31;124679.0;0;0;47.0;4509.0;1010.05;527.33;1.0;1.0;0;1.0;0;0;1.0;0;0;1.0;0;0;1.0;1.0;0;0;0;0;0
860995;1.44;1.05;0;1246.0;23.25;82.5;17.25;0;13.42;14.39;98.82;135.14;2.31;124679.0;0;0;47.0;4508.0;1010.05;742.17;1.0;1.0;0;1.0;0;0;1.0;0;0;1.0;0;0;1.0;1.0;0;0;0;0;0
861509;1.35;1.03;0;1257.0;23.25;82.5;15.75;0;13.14;14.48;86.42;103.82;2.31;124679.0;0;0;47.0;4513.0;1010.05;800.77;1.0;1.0;0;1.0;1.0;0;1.0;0;0;1.0;0;0;1.0;1.0;0;0;1.0;0;0
862032;1.32;1.01;0;1261.0;23.25;82.5;15.0;0;12.97;14.48;88.76;100.05;2.31;124679.0;0;0;46.0;4516.0;1010.05;781.24;1.0;1.0;0;1.0;1.0;0;1.0;0;0;1.0;0;0;1.0;1.0;0;0;1.0;0;0
862547;1.29;1.00;0;1244.0;23.25;83.25;16.5;0;13.27;14.48;145.24;117.76;2.31;124679.0;0;0;46.0;4509.0;1010.05;820.30;1.0;1.0;0;1.0;1.0;0;1.0;0;0;1.0;0;0;1.0;1.0;0;0;1.0;0;0
863071;1.34;0.98;0;1253.0;23.25;83.25;15.0;0;12.92;14.48;170.45;149.32;2.31;124679.0;0;0;46.0;4510.0;1010.05;781.24;1.0;1.0;0;1.0;1.0;0;1.0;0;0;1.0;0;0;1.0;1.0;0;0;1.0;0;0
863596;1.31;0.97;0;1205.0;23.25;83.25;19.5;0;13.35;14.58;162.04;162.35;2.31;124679.0;0;0;47.0;4518.0;1010.05;234.37;1.0;1.0;0;1.0;1.0;0;1.0;0;0;1.0;0;0;1.0;1.0;0;0;1.0;0;0
864107;1.32;0.98;0;1237.0;23.25;83.25;17.25;0;13.32;14.48;180.57;149.52;2.31;124679.0;0;0;46.0;4509.0;1010.05;39.06;1.0;1.0;0;1.0;0;0;1.0;0;0;1.0;0;0;1.0;1.0;0;0;0;0;0
864631;1.28;1.00;0;1273.0;23.25;83.25;15.0;0;12.88;14.48;204.28;173.66;2.31;124679.0;0;0;46.0;4509.0;1010.05;39.06;1.0;1.0;0;1.0;0;0;1.0;0;0;1.0;0;0;1.0;1.0;0;0;0;0;0
865200;1.27;1.01;0;1310.0;23.25;83.25;12.75;0;12.54;14.58;221.45;194.85;2.31;124679.0;0;0;46.0;4502.0;1010.05;58.59;1.0;1.0;0;1.0;0;0;1.0;0;0;1.0;0;0;1.0;1.0;0;0;0;0;0
865724;1.30;1.02;0;1269.0;23.25;83.25;14.25;0;12.84;14.48;235.66;215.59;2.31;124679.0;0;0;46.0;4516.0;1010.05;781.24;1.0;1.0;0;1.0;0;0;1.0;0;0;1.0;0;0;1.0;1.0;0;0;0;0;0
866227;1.32;1.01;0;1243.0;23.25;83.25;16.5;0;13.25;14.58;258.47;217.05;2.31;124679.0;0;0;47.0;4512.0;1010.05;800.77;1.0;1.0;0;1.0;0;0;1.0;0;0;1.0;0;0;1.0;1.0;0;0;0;0;0
866749;1.32;0.99;0;1244.0;23.25;83.25;16.5;0;13.25;14.48;228.18;234.20;2.31;124679.0;0;0;46.0;4522.0;1010.05;488.27;1.0;1.0;0;1.0;1.0;0;1.0;0;0;1.0;0;0;1.0;1.0;0;0;1.0;0;0
867271;1.24;1.00;0;1313.0;23.25;83.25;12.0;0;12.41;14.58;240.64;234.32;2.31;124679.0;0;0;46.0;4521.0;1010.05;58.59;1.0;1.0;0;1.0;1.0;0;1.0;0;0;1.0;0;0;1.0;1.0;0;0;1.0;0;0
867820;1.36;1.01;0;1272.0;23.25;83.25;13.5;0;12.70;14.58;232.19;210.00;2.31;124679.0;0;0;45.0;4510.0;1010.05;78.12;1.0;1.0;0;1.0;1.0;0;1.0;0;0;1.0;0;0;1.0;1.0;0;0;0;0;0
868344;1.40;1.03;0;1221.0;23.25;83.25;17.25;0;13.31;14.39;174.20;165.67;2.31;124679.0;0;0;44.0;4506.0;1010.05;664.05;1.0;1.0;0;1.0;0;0;1.0;0;0;1.0;0;0;1.0;1.0;0;0;0;0;0
868889;1.34;1.01;0;1225.0;23.25;83.25;17.25;0;13.25;14.58;133.83;127.27;2.31;124679.0;0;0;45.0;4519.0;1010.05;800.77;1.0;1.0;0;1.0;0;0;1.0;0;0;1.0;0;0;1.0;1.0;0;0;0;0;0
869412;1.42;1.00;0;1217.0;23.25;83.25;18.0;0;13.43;14.39;125.44;108.72;2.31;124679.0;0;0;46.0;4516.0;1010.05;800.77;1.0;1.0;0;1.0;0;0;1.0;0;0;1.0;0;0;1.0;1.0;0;0;0;0;0
869936;1.27;0.98;0;1243.0;23.25;83.25;16.5;0;13.16;14.29;183.26;146.63;2.58;124679.0;0;0;46.0;4499.0;1010.05;703.11;1.0;1.0;0;1.0;0;0;1.0;0;0;1.0;0;0;1.0;1.0;0;0;0;0;0
870446;1.28;0.97;0;1247.0;23.25;83.25;16.5;0;13.21;14.58;201.02;145.65;2.31;124679.0;0;0;47.0;4519.0;1010.05;78.12;1.0;1.0;0;1.0;0;0;1.0;0;0;1.0;0;0;1.0;1.0;0;0;0;0;0
870970;1.24;0.99;0;1277.0;23.25;83.25;14.25;0;13.53;14.58;226.46;172.07;2.31;124679.0;0;0;47.0;4516.0;1010.05;58.59;1.0;1.0;0;1.0;0;0;1.0;0;0;1.0;0;0;1.0;1.0;0;0;0;0;0
871496;1.31;1.01;0;1238.0;23.25;83.25;17.25;0;13.42;14.48;221.76;191.08;2.31;124679.0;0;0;47.0;4507.0;1010.05;58.59;1.0;1.0;0;1.0;0;0;1.0;0;0;1.0;0;0;1.0;1.0;0;0;0;0;0
872020;1.29;1.02;0;1277.0;23.25;83.25;15.0;0;12.97;14.48;241.70;244.84;2.31;124679.0;0;0;47.0;4513.0;1010.05;117.18;1.0;1.0;0;1.0;1.0;0;1.0;0;0;1.0;0;0;1.0;1.0;0;0;1.0;0;0
872571;1.28;1.04;0;1279.0;23.25;83.25;14.25;0;12.90;14.39;232.48;195.90;2.31;124679.0;0;0;46.0;4514.0;1010.05;664.05;1.0;1.0;0;1.0;0;0;1.0;0;0;1.0;0;0;1.0;1.0;0;0;0;0;0
873104;1.32;1.02;0;1258.0;23.25;83.25;15.0;0;12.95;14.39;228.83;180.12;2.31;124679.0;0;0;46.0;4511.0;1010.05;800.77;1.0;1.0;0;1.0;0;0;1.0;0;0;1.0;0;0;1.0;1.0;0;0;0;0;0
873626;1.29;1.00;0;1239.0;23.25;83.25;16.5;0;13.24;14.58;209.36;145.28;2.31;124679.0;0;0;47.0;4508.0;1010.05;664.05;1.0;1.0;0;1.0;0;0;1.0;0;0;1.0;0;0;1.0;1.0;0;0;0;0;0
874130;1.24;0.98;0;1264.0;23.25;83.25;15.0;0;12.92;14.48;223.26;186.90;2.31;124679.0;0;0;46.0;4511.0;1010.05;332.02;1.0;1.0;0;1.0;0;0;1.0;0;0;1.0;0;0;1.0;1.0;0;0;0;0;0
874653;1.33;1.00;0;1205.0;23.25;83.25;19.5;0;13.68;14.58;256.19;228.24;2.31;124679.0;0;0;47.0;4513.0;1010.05;58.59;1.0;1.0;0;1.0;0;0;1.0;0;0;1.0;0;0;1.0;1.0;0;0;0;0;0
875186;1.39;1.01;0;1248.0;23.25;83.25;16.5;0;13.24;14.48;262.71;260.00;2.31;124679.0;0;0;47.0;4517.0;1010.05;117.18;1.0;1.0;0;1.0;0;0;1.0;0;0;1.0;0;0;1.0;1.0;0;0;0;0;0
875684;1.40;1.03;0;1207.0;23.25;83.25;19.5;0;13.71;14.48;297.63;284.41;2.31;124679.0;0;0;47.0;4511.0;1010.05;117.18;1.0;1.0;0;1.0;1.0;0;1.0;0;0;1.0;0;0;1.0;1.0;0;0;1.0;0;0
876206;1.39;1.03;0;1233.0;23.25;83.25;17.25;0;13.41;14.58;313.31;299.82;2.31;124679.0;0;0;46.0;4508.0;1010.05;644.52;1.0;1.0;0;1.0;1.0;0;1.0;0;0;1.0;0;0;1.0;1.0;0;0;1.0;0;0
876744;1.29;1.02;0;1242.0;23.25;83.25;16.5;0;13.23;14.39;324.11;294.92;2.31;124679.0;0;0;45.0;4528.0;1010.05;722.64;1.0;1.0;0;1.0;1.0;0;1.0;0;0;1.0;0;0;1.0;1.0;0;0;0;0;0
877243;1.32;1.00;0;1249.0;23.25;83.25;15.0;0;12.87;14.48;236.25;226.60;2.31;124679.0;0;0;45.0;4507.0;1010.05;800.77;1.0;1.0;0;1.0;0;0;1.0;0;0;1.0;0;0;1.0;1.0;0;0;0;0;0
877779;1.30;0.98;0;1229.0;23.25;83.25;17.25;0;13.29;14.48;181.53;181.90;2.31;124679.0;0;0;45.0;4501.0;1010.05;722.64;1.0;1.0;0;1.0;0;0;1.0;0;0;1.0;0;0;1.0;1.0;0;0;0;0;0
878283;1.26;0.98;0;1302.0;23.25;83.25;12.75;0;12.49;14.48;139.44;147.97;2.31;124679.0;0;0;46.0;4519.0;1010.05;58.59;1.0;1.0;0;1.0;1.0;0;1.0;0;0;1.0;0;0;1.0;1.0;0;0;1.0;0;0
878806;1.27;1.00;0;1254.0;23.25;83.25;15.75;0;13.05;14.48;145.61;123.05;2.31;124679.0;0;0;47.0;4525.0;1010.05;39.06;1.0;1.0;0;1.0;0;0;1.0;0;0;1.0;0;0;1.0;1.0;0;0;0;0;0
879340;1.6;1.01;0;1232.0;23.25;83.25;18.0;0;13.53;14.58;151.72;111.55;2.31;124679.0;0;0;47.0;4520.0;1010.05;58.59;1.0;1.0;0;1.0;0;0;1.0;0;0;1.0;0;0;1.0;1.0;0;0;0;0;0
879839;1.52;1.02;0;1325.0;23.25;83.25;12.75;0.39;12.25;14.39;117.76;105.12;2.31;124679.0;0;0;53.0;4515.0;1010.05;878.89;1.0;1.0;0;1.0;1.0;0;1.0;0;0;1.0;0;0;1.0;1.0;0;0;1.0;0;0
880374;1.28;1.00;0;1395.0;23.25;83.25;15.75;0;13.16;14.58;109.07;91.77;2.31;124679.0;0;0;48.0;4512.0;1010.05;839.83;1.0;1.0;0;1.0;0;0;1.0;0;0;1.0;0;0;1.0;1.0;0;0;0;0;0
880930;2.05;0.98;0;1261.0;23.25;83.25;12.75;1.56;15.99;14.48;92.00;70.48;2.31;124679.0;0;0;56.0;4538.0;1010.05;839.83;1.0;1.0;0;1.0;0;0;1.0;0;0;1.0;0;0;1.0;1.0;0;0;0;0;0
881454;1.97;0.97;0;1416.0;23.25;83.25;12.75;1.96;15.42;14.48;81.69;53.51;2.31;124679.0;0;0;54.0;4505.0;1010.05;742.17;1.0;1.0;0;1.0;0;0;1.0;0;0;1.0;0;0;1.0;1.0;0;0;0;0;0
881980;2.14;0.95;0;1458.0;23.25;83.25;12.75;2.35;16.72;14.48;79.64;50.13;2.31;124679.0;0;0;54.0;4517.0;1010.05;683.58;1.0;1.0;0;1.0;0;0;1.0;0;0;1.0;0;0;1.0;1.0;0;0;0;0;0
882479;4.10;1.00;6.0;1478.0;23.25;83.25;11.25;6.27;25.92;14.48;70.01;63.64;2.31;124679.0;7.0;7.0;54.0;4586.0;1010.05;898.42;1.0;1.0;0;1.0;0;0;1.0;0;0;1.0;0;0;1.0;1.0;0;0;0;0;0
882998;4.91;1.00;13.0;1467.0;23.25;83.25;6.0;12.94;36.53;14.58;62.20;57.63;2.31;124679.0;13.0;13.0;56.0;4535.0;1010.05;820.30;1.0;1.0;0;1.0;0;0;1.0;0;0;1.0;0;0;1.0;1.0;0;0;0;0;0
883522;3.91;1.00;20.0;2231.0;24.0;83.25;18.0;11.76;31.09;14.48;36.65;35.77;2.31;124679.0;19.0;20.0;53.0;4372.0;1010.05;839.83;1.0;1.0;0;1.0;0;0;1.0;0;0;1.0;0;0;1.0;1.0;0;0;0;0;0
884044;4.4;1.00;25.0;2831.0;24.0;83.25;25.5;16.08;30.83;14.48;21.58;19.94;2.31;124679.0;25.0;26.0;53.0;4462.0;1010.05;820.30;1.0;1.0;0;1.0;0;0;1.0;0;0;1.0;0;0;1.0;1.0;0;0;0;0;0
884603;1.11;1.00;33.0;3678.0;24.0;83.25;36.75;3.92;24.06;14.39;10.21;9.92;2.31;124679.0;32.0;34.0;53.0;4624.0;1010.05;839.83;1.0;1.0;0;1.0;0;0;1.0;0;0;1.0;0;0;1.0;1.0;0;0;0;0;0
885160;6.55;1.00;37.0;2909.0;24.0;83.25;15.0;29.41;39.63;14.48;4.53;4.17;2.31;124679.0;36.0;37.0;53.0;4225.0;1010.05;820.30;2.0;1.0;0;1.0;0;0;1.0;0;0;1.0;0;0;1.0;1.0;0;0;0;0;0
885681;6.13;1.00;46.0;3552.0;24.0;83.25;15.0;31.76;42.56;14.48;2.16;2.03;2.31;124679.0;44.0;46.0;53.0;4375.0;1009.97;800.77;2.0;1.0;0;1.0;0;0;1.0;0;0;1.0;0;0;1.0;1.0;0;0;0;0;0
886202;0;1.00;50.0;3964.0;23.25;83.25;42.0;0;4.45;14.48;2.92;4.53;2.31;124679.0;50.0;50.0;53.0;4403.0;1010.01;839.83;2.0;1.0;0;1.0;0;0;1.0;0;0;1.0;0;0;1.0;1.0;0;0;0;0;0
886708;6.81;1.00;57.0;3507.0;23.25;83.25;13.5;34.51;43.38;14.48;1.01;1.71;2.31;124679.0;55.0;57.0;53.0;4474.0;1010.01;820.30;3.0;1.0;0;1.0;0;0;1.0;0;0;1.0;0;0;1.0;1.0;0;0;0;0;0
887231;5.59;1.00;63.0;3895.0;23.25;82.5;13.5;22.35;45.71;14.39;6.13;7.53;2.31;124679.0;61.0;64.0;54.0;4565.0;1009.97;722.64;3.0;1.0;0;1.0;0;0;1.0;0;0;0;0;0;1.0;1.0;0;0;0;0;0
887755;5.67;1.00;66.0;3437.0;23.25;82.5;18.0;26.66;38.18;14.58;160.43;108.27;2.31;124679.0;65.0;66.0;54.0;4535.0;1009.85;624.99;4.0;1.0;0;1.0;0;0;1.0;0;0;0;0;0;1.0;1.0;0;0;0;0;0
888263;3.56;1.00;68.0;3592.0;23.25;82.5;30.75;16.08;28.49;14.39;214.18;180.80;2.31;124679.0;68.0;69.0;54.0;4501.0;1009.81;800.77;4.0;1.0;0;1.0;0;0;1.0;0;0;0;0;0;1.0;1.0;0;0;0;0;0
888786;2.29;0.99;71.0;3676.0;23.25;82.5;40.5;7.05;19.34;14.48;289.49;246.23;2.31;124679.0;70.0;71.0;54.0;4492.0;1009.89;839.83;4.0;1.0;0;1.0;0;0;1.0;0;0;0;0;0;1.0;1.0;0;0;0;0;0
889303;2.12;0.99;70.0;3667.0;23.25;82.5;41.25;6.66;17.58;14.48;303.98;292.14;2.31;124679.0;70.0;71.0;54.0;4513.0;1009.89;839.83;4.0;1.0;0;1.0;0;0;1.0;0;0;0;0;0;1.0;1.0;0;0;0;0;0
889826;0.48;1.00;70.0;3546.0;23.25;82.5;-30.0;0;0;14.58;322.94;236.52;2.31;124679.0;70.0;69.0;54.0;4577.0;1009.85;722.64;4.0;1.0;0;1.0;0;0;1.0;0;0;0;0;0;1.0;1.0;0;0;0;0;0
890386;0.53;1.00;67.0;3480.0;23.25;82.5;-30.0;0;0;14.58;338.94;231.50;2.31;124679.0;68.0;67.0;54.0;4585.0;1009.66;0;4.0;1.0;0;1.0;0;0;1.0;0;0;0;0;0;1.0;1.0;0;0;0;0;0
890954;0.58;1.00;65.0;3357.0;23.25;82.5;-30.0;0;0;14.58;231.00;195.00;2.31;124679.0;65.0;64.0;54.0;4564.0;1009.70;0;4.0;1.0;0;1.0;0;0;1.0;0;0;0;0;0;1.0;1.0;0;0;0;0;0
891479;0.6;1.00;62.0;3250.0;23.25;82.5;-30.0;0;0;14.58;256.79;210.67;2.31;124679.0;63.0;63.0;54.0;4547.0;1009.73;0;4.0;1.0;0;1.0;0;0;1.0;0;0;0;0;0;1.0;1.0;0;0;0;0;0
892013;0.64;1.00;61.0;3153.0;23.25;82.5;-30.0;0;0;14.48;316.22;270.80;2.31;124679.0;61.0;60.0;54.0;4543.0;1009.73;0;4.0;1.0;0;1.0;0;0;1.0;0;0;0;0;0;1.0;1.0;0;0;0;0;0
892510;0.65;1.00;58.0;3028.0;23.25;82.5;-30.0;0;0;14.58;338.06;317.71;2.31;124679.0;59.0;58.0;54.0;4577.0;1009.70;0;4.0;1.0;0;1.0;0;0;1.0;0;0;1.0;0;0;1.0;1.0;0;0;0;0;0
893084;0.68;1.00;53.0;2779.0;23.25;82.5;-30.0;0;0;14.58;266.64;251.37;2.31;124679.0;53.0;54.0;54.0;4655.0;1009.66;0;4.0;1.0;0;1.0;0;0;1.0;0;0;1.0;0;0;1.0;1.0;0;0;0;0;0
893606;1.02;1.00;47.0;2471.0;23.25;81.75;0.75;0;9.37;14.39;309.02;290.43;2.31;124679.0;48.0;48.0;61.0;4359.0;1009.46;19.53;4.0;1.0;0;1.0;0;0;1.0;0;0;1.0;0;0;1.0;1.0;0;0;0;0;0
894130;0.33;1.00;46.0;2518.0;23.25;81.75;16.5;0;13.31;14.58;304.21;257.32;2.31;124679.0;46.0;46.0;51.0;4289.0;1009.58;878.89;4.0;1.0;0;1.0;0;0;1.0;0;0;1.0;0;0;1.0;1.0;0;0;0;0;0
894642;0.82;1.00;42.0;2635.0;23.25;81.75;15.75;0;13.40;14.39;322.63;270.60;2.31;124679.0;42.0;43.0;54.0;4396.0;1009.70;39.06;3.0;1.0;0;1.0;1.0;0;1.0;0;0;1.0;0;0;1.0;1.0;0;0;1.0;0;0
895165;0.78;1.00;40.0;2527.0;23.25;81.75;15.75;0;13.45;14.39;318.22;296.25;2.31;124679.0;40.0;40.0;54.0;4551.0;1009.73;839.83;2.0;1.0;0;1.0;0;0;1.0;0;0;1.0;0;0;1.0;1.0;0;0;0;0;0
895734;0.68;1.00;37.0;2844.0;23.25;81.75;-30.0;0;0;14.58;265.31;272.09;2.31;124679.0;37.0;36.0;54.0;4504.0;1009.77;19.53;2.0;1.0;0;1.0;0;0;1.0;0;0;1.0;0;0;1.0;1.0;0;0;0;0;0
896258;0.72;1.00;33.0;2604.0;23.25;81.75;-30.0;0;0;14.48;230.25;298.14;2.31;124679.0;34.0;33.0;54.0;4567.0;1009.73;19.53;2.0;1.0;0;1.0;0;0;1.0;0;0;1.0;0;0;1.0;1.0;0;0;0;0;0
896789;2.48;1.00;32.0;2599.0;23.25;81.75;3.0;4.70;11.40;14.48;209.90;284.84;2.31;124679.0;33.0;33.0;54.0;4227.0;1009.73;898.42;2.0;1.0;0;1.0;0;0;1.0;0;0;1.0;0;0;1.0;1.0;0;0;0;0;0
897339;2.58;0.99;33.0;2605.0;24.0;81.75;12.0;5.88;16.76;14.48;210.65;236.11;2.31;124679.0;33.0;33.0;54.0;4332.0;1009.85;898.42;2.0;1.0;0;1.0;0;0;1.0;0;0;1.0;0;0;1.0;1.0;0;0;0;0;0
897863;3.4;0.99;35.0;2835.0;24.0;81.75;30.0;10.58;26.32;14.48;283.18;289.25;2.31;124679.0;35.0;35.0;54.0;4377.0;1009.89;878.89;2.0;1.0;0;1.0;0;0;1.0;0;0;1.0;0;0;1.0;1.0;0;0;0;0;0
898376;3.30;0.94;38.0;2973.0;24.0;81.75;30.0;10.98;26.71;14.39;315.91;318.47;2.31;124679.0;38.0;38.0;54.0;4518.0;1009.93;820.30;2.0;1.0;0;1.0;0;0;1.0;0;0;1.0;0;0;1.0;1.0;0;0;0;0;0
898899;4.89;1.00;43.0;3372.0;24.0;81.0;22.5;22.35;35.93;13.82;337.84;342.53;2.82;124679.0;42.0;43.0;54.0;4545.0;1009.97;878.89;2.0;1.0;0;1.0;0;0;1.0;0;0;1.0;0;0;1.0;1.0;0;0;0;0;0
899422;4.78;1.00;46.0;2838.0;24.0;81.0;24.75;16.47;31.42;14.39;352.30;348.25;2.31;124679.0;45.0;46.0;54.0;4261.0;1010.01;839.83;3.0;1.0;0;1.0;0;0;1.0;0;0;1.0;0;0;1.0;1.0;0;0;0;0;0
899982;6.48;1.00;52.0;3235.0;24.0;81.0;13.5;31.37;40.84;14.58;228.65;231.27;2.31;124679.0;50.0;53.0;54.0;4360.0;1010.01;253.90;3.0;1.0;0;1.0;0;0;1.0;0;0;1.0;0;0;1.0;1.0;0;0;0;0;0
900606;5.57;1.00;57.0;3529.0;24.0;81.0;20.25;25.10;38.24;14.48;234.98;242.83;2.31;124679.0;55.0;58.0;54.0;4436.0;1010.05;859.36;3.0;1.0;0;1.0;0;0;1.0;0;0;0;0;0;1.0;1.0;0;0;0;0;0
901139;3.95;1.00;60.0;3102.0;24.0;81.0;27.0;15.68;28.85;14.48;207.38;262.91;2.31;124679.0;60.0;59.0;54.0;4454.0;1010.05;722.64;4.0;1.0;0;1.0;0;0;1.0;0;0;0;0;0;1.0;1.0;0;0;0;0;0
901740;1.87;1.00;61.0;3151.0;24.0;81.0;36.0;5.88;18.24;14.58;168.52;241.85;2.31;124679.0;61.0;61.0;54.0;4476.0;1010.05;839.83;4.0;1.0;0;1.0;0;0;1.0;0;0;0;0;0;1.0;1.0;0;0;0;0;0
902301;1.28;0.99;61.0;3195.0;24.0;81.0;36.75;3.13;11.17;14.48;158.62;247.85;2.31;124679.0;60.0;61.0;54.0;4515.0;1010.05;839.83;4.0;1.0;0;1.0;0;0;1.0;0;0;0;0;0;1.0;1.0;0;0;0;0;0
902824;1.2;0.97;61.0;3153.0;24.0;81.0;36.0;2.74;10.43;14.48;132.99;198.71;2.31;124679.0;61.0;61.0;54.0;4521.0;1010.05;839.83;4.0;1.0;0;1.0;0;0;1.0;0;0;0;0;0;1.0;1.0;0;0;0;0;0
903437;1.42;0.95;61.0;3169.0;24.0;81.0;36.75;3.52;12.40;14.48;168.70;262.63;2.31;124679.0;61.0;61.0;54.0;4498.0;1010.05;820.30;4.0;1.0;0;1.0;0;0;1.0;0;0;0;0;0;1.0;1.0;0;0;0;0;0
903949;2.82;0.98;61.0;3214.0;24.0;81.0;33.75;9.02;22.59;14.48;266.05;318.35;2.31;124679.0;62.0;62.0;54.0;4500.0;1010.05;820.30;4.0;1.0;0;1.0;0;0;1.0;0;0;0;0;0;1.0;1.0;0;0;0;0;0
904473;2.36;0.93;63.0;3290.0;24.0;81.0;36.0;7.45;20.60;14.48;312.75;336.38;2.31;124679.0;62.0;64.0;54.0;4511.0;1010.05;800.77;4.0;1.0;0;1.0;0;0;1.0;0;0;0;0;0;1.0;1.0;0;0;0;0;0
905070;1.98;0.88;65.0;3365.0;24.0;81.0;37.5;6.27;18.35;14.48;319.84;344.91;2.31;124679.0;64.0;65.0;54.0;4530.0;1010.05;781.24;4.0;1.0;0;1.0;0;0;1.0;0;0;0;0;0;1.0;1.0;0;0;0;0;0
905751;0.70;0.99;62.0;3301.0;24.0;81.0;38.25;1.17;6.30;14.39;346.50;349.72;2.31;124679.0;63.0;63.0;54.0;4544.0;1010.05;781.24;4.0;1.0;0;1.0;0;0;1.0;0;0;0;0;0;1.0;1.0;0;0;0;0;0
906313;0.74;1.00;61.0;3131.0;24.0;81.0;-14.25;0;0.36;14.58;345.66;333.53;2.31;124679.0;61.0;61.0;54.0;4521.0;1010.05;605.46;4.0;1.0;0;1.0;0;0;1.0;0;0;0;0;0;1.0;1.0;0;0;0;0;0
906837;0.68;1.00;58.0;3027.0;24.0;81.0;-30.0;0;0;14.58;298.32;313.45;2.31;124679.0;59.0;58.0;54.0;4566.0;1010.05;0;4.0;1.0;0;1.0;0;0;1.0;0;0;0;0;0;1.0;1.0;0;0;0;0;0
907347;1.52;1.00;56.0;2910.0;24.0;81.0;33.0;0.39;0;14.58;253.90;334.11;2.31;124679.0;56.0;56.0;54.0;4509.0;1010.05;0;4.0;1.0;0;1.0;0;0;1.0;0;0;1.0;0;0;1.0;1.0;0;0;0;0;0
907872;2.39;1.00;56.0;2868.0;24.0;81.0;9.0;5.09;13.05;14.48;206.88;262.11;2.31;124679.0;56.0;56.0;54.0;4230.0;1010.05;859.36;4.0;1.0;0;1.0;0;0;1.0;0;0;1.0;0;0;1.0;1.0;0;0;0;0;0
908439;2.57;0.97;56.0;2915.0;24.0;81.0;19.5;6.27;18.23;14.29;190.74;217.27;2.58;124679.0;56.0;56.0;54.0;4362.0;1010.05;839.83;4.0;1.0;0;1.0;0;0;1.0;0;0;1.0;0;0;1.0;1.0;0;0;0;0;0
908959;2.37;0.93;56.0;2958.0;24.0;81.0;33.0;6.27;20.74;14.58;190.45;204.75;2.31;124679.0;57.0;57.0;54.0;4457.0;1010.05;820.30;4.0;1.0;0;1.0;0;0;1.0;0;0;1.0;0;0;1.0;1.0;0;0;0;0;0
909527;2.24;0.89;57.0;3008.0;24.0;81.0;34.5;6.27;20.66;14.48;256.38;280.04;2.31;124679.0;58.0;58.0;54.0;4509.0;1010.05;761.70;4.0;1.0;0;1.0;0;0;1.0;0;0;1.0;0;0;1.0;1.0;0;0;0;0;0
910082;2.02;0.85;58.0;3051.0;24.0;81.0;34.5;5.88;19.70;14.48;315.97;326.69;2.31;124679.0;58.0;59.0;54.0;4515.0;1010.05;546.86;4.0;1.0;0;1.0;0;0;1.0;0;0;1.0;0;0;1.0;1.0;0;0;0;0;0
910605;0.66;1.00;57.0;2980.0;24.0;81.0;-30.0;0;0;14.48;340.81;330.50;2.31;124679.0;58.0;57.0;54.0;4554.0;1010.05;0;4.0;1.0;0;1.0;0;0;1.0;0;0;1.0;0;0;1.0;1.0;0;0;0;0;0
911127;0.68;1.00;55.0;2876.0;24.0;81.0;-30.0;0;0;14.48;338.10;311.28;2.31;124679.0;56.0;55.0;54.0;4601.0;1010.05;0;4.0;1.0;0;1.0;0;0;1.0;0;0;1.0;0;0;1.0;1.0;0;0;0;0;0
911648;3.13;1.00;53.0;2766.0;24.0;81.0;-2.25;7.45;12.66;14.58;352.53;323.26;2.31;124679.0;54.0;54.0;54.0;4220.0;1010.05;859.36;4.0;1.0;0;1.0;0;0;1.0;0;0;1.0;0;0;1.0;1.0;0;0;0;0;0
912172;0.68;1.00;52.0;2863.0;24.0;81.0;18.0;0;13.49;14.58;349.11;333.16;2.31;124679.0;53.0;53.0;54.0;4351.0;1010.05;234.37;4.0;1.0;0;1.0;0;0;1.0;0;0;1.0;0;0;1.0;1.0;0;0;0;0;0
912680;0.83;1.00;50.0;2618.0;24.0;81.0;16.5;0;13.38;14.20;318.76;341.32;2.58;124679.0;51.0;51.0;54.0;4459.0;1010.05;19.53;4.0;1.0;0;1.0;0;0;1.0;0;0;1.0;0;0;1.0;1.0;0;0;0;0;0
913204;0.88;1.00;43.0;2276.0;24.0;81.0;15.75;0;13.20;14.39;311.95;284.66;2.31;124679.0;43.0;44.0;50.0;4541.0;1010.05;39.06;4.0;1.0;0;1.0;0;0;1.0;0;0;1.0;0;0;1.0;1.0;0;0;0;0;0
913774;1.02;1.00;33.0;1785.0;24.0;81.0;15.0;0;13.30;14.48;284.70;284.06;2.31;124679.0;34.0;34.0;49.0;4536.0;1010.05;39.06;4.0;1.0;0;1.0;0;0;1.0;0;0;1.0;0;0;1.0;1.0;0;0;0;0;0
914338;1.24;1.02;30.0;1532.0;24.0;81.0;15.0;0;13.20;14.48;226.97;221.29;2.31;124679.0;30.0;29.0;49.0;4473.0;1010.05;800.77;4.0;1.0;0;1.0;1.0;0;1.0;0;0;1.0;0;0;1.0;1.0;0;0;1.0;0;0
914870;1.12;1.00;27.0;1581.0;24.0;81.0;16.5;0;13.45;14.48;223.77;200.65;2.31;124679.0;28.0;28.0;49.0;4541.0;1010.05;859.36;3.0;1.0;0;1.0;1.0;0;1.0;0;0;1.0;0;0;1.0;1.0;0;0;1.0;0;0
915369;1.51;0.99;27.0;1871.0;24.0;81.0;16.5;1.17;10.87;14.48;219.14;161.06;2.31;124679.0;28.0;28.0;54.0;4521.0;1010.05;839.83;3.0;1.0;0;1.0;0;0;1.0;0;0;1.0;0;0;1.0;1.0;0;0;0;0;0
915893;2.08;0.99;28.0;2280.0;24.0;81.0;21.75;3.52;16.34;14.48;255.25;230.20;2.31;124679.0;29.0;29.0;54.0;4480.0;1010.05;839.83;2.0;1.0;0;1.0;0;0;1.0;0;0;1.0;0;0;1.0;1.0;0;0;0;0;0
916424;2.12;0.97;28.0;2266.0;24.0;81.0;22.5;3.92;17.24;14.48;246.99;267.44;2.31;124679.0;29.0;29.0;54.0;4485.0;1010.05;839.83;2.0;1.0;0;1.0;0;0;1.0;0;0;1.0;0;0;1.0;1.0;0;0;0;0;0
916948;1.98;0.94;30.0;2382.0;24.0;81.0;24.0;3.92;16.65;14.48;259.57;301.67;2.31;124679.0;30.0;30.0;54.0;4470.0;1010.05;820.30;2.0;1.0;0;1.0;0;0;1.0;0;0;1.0;0;0;1.0;1.0;0;0;0;0;0
917459;1.93;0.92;31.0;2448.0;24.0;81.0;24.75;3.92;16.79;14.39;193.32;324.62;2.31;124679.0;31.0;32.0;54.0;4486.0;1010.05;820.30;2.0;1.0;0;1.0;0;0;1.0;0;0;1.0;0;0;1.0;1.0;0;0;0;0;0
917983;1.80;0.90;32.0;2560.0;24.0;81.0;26.25;3.92;16.22;14.48;218.54;323.55;2.31;124679.0;32.0;33.0;54.0;4510.0;1010.05;800.77;2.0;1.0;0;1.0;0;0;1.0;0;0;1.0;0;0;1.0;1.0;0;0;0;0;0
918508;1.68;0.88;32.0;2614.0;24.0;81.0;27.0;3.92;15.56;14.58;241.23;302.26;2.31;124679.0;33.0;33.0;54.0;4518.0;1010.05;703.11;2.0;1.0;0;1.0;0;0;1.0;0;0;1.0;0;0;1.0;1.0;0;0;0;0;0
919099;1.68;0.87;32.0;2600.0;24.0;81.0;27.0;3.92;15.73;14.58;233.20;304.70;2.31;124679.0;33.0;33.0;54.0;4534.0;1010.05;97.65;2.0;1.0;0;1.0;0;0;1.0;0;0;1.0;0;0;1.0;1.0;0;0;0;0;0
919628;0.81;1.00;33.0;2539.0;24.0;81.0;15.75;0;13.45;14.29;243.96;306.93;2.58;124679.0;34.0;34.0;54.0;4567.0;1010.05;664.05;2.0;1.0;0;1.0;1.0;0;1.0;0;0;1.0;0;0;1.0;1.0;0;0;1.0;0;0
920198;1.2;0.99;32.0;1486.0;24.0;81.0;15.0;0;13.39;14.67;193.38;280.33;2.31;124679.0;33.0;33.0;51.0;4493.0;1010.05;800.77;2.0;1.0;0;1.0;0;0;1.0;0;0;1.0;0;0;1.0;1.0;0;0;0;0;0
920722;0.83;1.00;31.0;2280.0;24.0;81.0;15.75;0;13.34;14.48;126.65;191.27;2.31;124679.0;31.0;31.0;50.0;4458.0;1010.05;722.64;2.0;1.0;0;1.0;0;0;1.0;0;0;1.0;0;0;1.0;1.0;0;0;0;0;0
921241;0.89;1.00;28.0;2227.0;24.0;81.0;16.5;0;13.32;14.58;129.99;159.09;2.31;124679.0;29.0;29.0;49.0;4525.0;1010.05;585.93;2.0;1.0;0;1.0;0;0;1.0;0;0;1.0;0;0;1.0;1.0;0;0;0;0;0
921763;1.31;1.00;27.0;1975.0;24.0;81.0;14.25;1.17;10.18;14.39;155.98;206.95;2.31;124679.0;28.0;27.0;54.0;4537.0;1010.05;19.53;2.0;1.0;0;1.0;0;0;1.0;0;0;1.0;0;0;1.0;1.0;0;0;0;0;0
922287;1.33;1.02;26.0;2097.0;24.0;81.0;18.75;1.56;10.65;14.48;231.19;220.68;2.31;124679.0;27.0;27.0;54.0;4513.0;1010.05;761.70;2.0;1.0;0;1.0;0;0;1.0;0;0;1.0;0;0;1.0;1.0;0;0;0;0;0
922893;1.18;0.99;25.0;1986.0;24.0;81.0;17.25;0.78;9.53;14.48;239.88;221.97;2.31;124679.0;26.0;25.0;54.0;4585.0;1010.05;820.30;2.0;1.0;0;1.0;0;0;1.0;0;0;1.0;0;0;1.0;1.0;0;0;0;0;0
923417;1.56;0.97;25.0;2115.0;24.0;81.0;18.75;1.96;12.33;14.20;258.96;220.35;2.58;124679.0;24.0;25.0;54.0;4468.0;1010.05;781.24;2.0;1.0;0;1.0;0;0;1.0;0;0;1.0;0;0;1.0;1.0;0;0;0;0;0
923918;1.76;0.96;23.0;1899.0;24.0;81.0;16.5;1.96;14.20;14.48;261.99;224.49;2.31;124679.0;24.0;24.0;54.0;4512.0;1010.05;136.71;2.0;1.0;0;1.0;0;0;1.0;0;0;1.0;0;0;1.0;1.0;0;0;0;0;0
924442;1.85;0.96;23.0;1855.0;24.0;81.0;15.75;2.35;14.60;14.48;289.12;235.94;2.31;124679.0;24.0;24.0;54.0;4522.0;1010.05;566.39;2.0;1.0;0;1.0;0;0;1.0;0;0;1.0;0;0;1.0;1.0;0;0;0;0;0
924967;1.83;0.97;23.0;1857.0;24.0;81.0;15.0;2.35;14.48;14.48;311.85;206.19;2.31;124679.0;23.0;23.0;54.0;4511.0;1010.05;683.58;2.0;1.0;0;1.0;0;0;1.0;0;0;1.0;0;0;1.0;1.0;0;0;0;0;0
925484;1.04;1.00;22.0;1840.0;24.0;81.0;14.25;0;13.38;14.48;278.65;171.74;2.31;124679.0;23.0;23.0;50.0;4498.0;1010.05;195.31;2.0;1.0;0;1.0;1.0;0;1.0;0;0;1.0;0;0;1.0;1.0;0;0;1.0;0;0
926008;1.28;0.99;22.0;1423.0;24.0;81.0;15.75;0;13.39;14.39;245.92;152.54;2.31;124679.0;22.0;22.0;50.0;4486.0;1010.05;800.77;2.0;1.0;0;1.0;0;0;1.0;0;0;1.0;0;0;1.0;1.0;0;0;0;0;0
926575;1.19;0.98;20.0;1448.0;24.0;81.0;15.75;0;13.32;14.48;217.03;117.82;2.31;124679.0;20.0;20.0;49.0;4508.0;1010.05;800.77;2.0;1.0;0;1.0;0;0;1.0;0;0;1.0;0;0;1.0;1.0;0;0;0;0;0
927135;1.22;0.96;18.0;1448.0;24.0;81.75;15.75;0;13.29;14.48;142.35;95.61;2.31;124679.0;19.0;19.0;49.0;4528.0;1010.05;761.70;2.0;1.0;0;1.0;0;0;1.0;0;0;1.0;0;0;1.0;1.0;0;0;0;0;0
927668;1.17;0.94;17.0;1398.0;24.0;81.75;16.5;0;13.34;14.58;103.74;69.66;2.31;124679.0;18.0;18.0;48.0;4490.0;1010.05;742.17;2.0;1.0;0;1.0;0;0;1.0;0;0;1.0;0;0;1.0;1.0;0;0;0;0;0
928192;1.25;0.93;17.0;1339.0;24.0;81.75;14.25;0;13.09;14.48;71.69;48.12;2.31;124679.0;17.0;17.0;48.0;4520.0;1010.05;78.12;2.0;1.0;0;1.0;1.0;0;1.0;0;0;1.0;0;0;1.0;1.0;0;0;1.0;0;0
928749;1.23;0.95;17.0;1290.0;24.0;81.75;15.0;0;13.09;14.39;93.93;50.99;2.31;124679.0;17.0;17.0;48.0;4504.0;1010.05;19.53;2.0;1.0;0;1.0;0;0;1.0;0;0;1.0;0;0;1.0;1.0;0;0;0;0;0
929263;1.32;0.97;15.0;1262.0;24.0;81.75;16.5;0;13.43;14.48;64.91;37.12;2.31;124679.0;15.0;15.0;48.0;4505.0;1010.05;19.53;2.0;1.0;0;1.0;0;0;1.0;0;0;1.0;0;0;1.0;1.0;0;0;0;0;0
929787;1.39;0.98;13.0;1285.0;24.0;81.75;15.0;0;13.12;14.29;49.84;28.49;2.58;124679.0;13.0;13.0;48.0;4502.0;1010.05;39.06;2.0;1.0;0;1.0;0;0;1.0;0;0;1.0;0;0;1.0;1.0;0;0;0;0;0
930319;1.36;1.00;11.0;1291.0;24.0;81.75;14.25;0;13.07;14.39;38.27;20.74;2.31;124679.0;11.0;11.0;48.0;4504.0;1010.05;58.59;2.0;1.0;0;1.0;1.0;0;1.0;0;0;1.0;0;0;1.0;1.0;0;0;1.0;0;0
930875;1.29;1.01;8.0;1285.0;24.0;81.75;15.0;0;13.14;14.48;27.84;15.89;2.31;124679.0;9.0;9.0;48.0;4508.0;1010.05;78.12;2.0;1.0;0;1.0;0;0;1.0;0;0;1.0;0;0;1.0;1.0;0;0;0;0;0
931399;1.31;1.03;8.0;1286.0;24.0;81.75;15.0;0;13.11;14.58;22.57;13.28;2.31;124679.0;9.0;8.0;48.0;4516.0;1010.05;429.68;2.0;1.0;0;1.0;1.0;0;1.0;0;0;1.0;0;0;1.0;1.0;0;0;0;0;0
931913;1.40;1.02;7.0;1258.0;24.0;81.75;15.0;0;13.12;14.39;21.11;10.15;2.31;124679.0;7.0;7.0;47.0;4508.0;1010.05;800.77;2.0;1.0;0;1.0;0;0;1.0;0;0;1.0;0;0;1.0;1.0;0;0;0;0;0
932434;1.33;1.01;6.0;1244.0;24.0;81.75;17.25;0;13.53;14.39;24.25;41.63;2.31;124679.0;6.0;6.0;48.0;4523.0;1010.05;566.39;2.0;1.0;0;1.0;1.0;0;1.0;0;0;1.0;0;0;1.0;1.0;0;0;1.0;0;0
932947;1.47;1.01;7.0;1290.0;24.0;81.75;13.5;0;12.82;14.39;20.70;51.59;2.31;124679.0;8.0;6.0;47.0;4513.0;1010.05;58.59;1.0;1.0;0;1.0;1.0;0;1.0;0;0;1.0;0;0;1.0;1.0;0;0;1.0;0;0
933471;1.39;1.03;7.0;1260.0;24.0;81.75;15.0;0;13.01;14.39;32.86;78.53;2.31;124679.0;7.0;6.0;46.0;4516.0;1010.05;761.70;1.0;1.0;0;1.0;1.0;0;1.0;0;0;1.0;0;0;1.0;1.0;0;0;1.0;0;0
933997;1.40;1.02;6.0;1294.0;24.0;81.75;13.5;0;12.68;14.20;53.53;83.93;2.58;124679.0;6.0;5.0;45.0;4512.0;1010.05;859.36;1.0;1.0;0;1.0;0;0;1.0;0;0;1.0;0;0;1.0;1.0;0;0;0;0;0
934508;1.34;1.00;5.0;1268.0;24.0;81.75;15.0;0;12.88;14.39;41.11;72.24;2.31;124679.0;5.0;5.0;45.0;4504.0;1010.05;839.83;1.0;1.0;0;1.0;0;0;1.0;0;0;1.0;0;0;1.0;1.0;0;0;0;0;0
935043;1.46;0.98;5.0;1177.0;24.0;82.5;22.5;0;14.05;14.39;33.57;59.58;2.31;124679.0;5.0;5.0;46.0;4524.0;1010.05;800.77;1.0;1.0;0;1.0;0;0;1.0;0;0;1.0;0;0;1.0;1.0;0;0;0;0;0
935560;4.21;1.00;3.0;1796.0;24.0;82.5;12.0;6.66;25.47;14.48;54.89;87.49;2.31;124679.0;4.0;3.0;54.0;4493.0;1010.05;898.42;1.0;1.0;0;1.0;1.0;0;1.0;0;0;1.0;0;0;1.0;1.0;0;0;1.0;0;0
936083;1.10;0.99;3.0;1563.0;24.0;82.5;21.0;0;14.12;14.48;44.70;78.19;2.31;124679.0;3.0;3.0;54.0;4588.0;1010.05;742.17;1.0;1.0;0;1.0;1.0;0;1.0;0;0;1.0;0;0;1.0;1.0;0;0;0;0;0
936602;1.32;0.98;3.0;1334.0;24.0;82.5;12.75;0;12.97;14.48;42.36;70.64;2.31;124679.0;0;4.0;47.0;4426.0;1010.05;820.30;1.0;1.0;0;1.0;0;0;1.0;0;0;1.0;0;0;1.0;1.0;0;0;0;0;0
937103;1.36;0.96;0;1477.0;24.0;82.5;12.75;0.78;11.48;14.48;37.75;54.23;2.31;124679.0;0;0;54.0;4529.0;1010.05;839.83;1.0;1.0;0;1.0;0;0;1.0;0;0;1.0;0;0;1.0;1.0;0;0;0;0;0
937625;1.84;0.95;0;1536.0;24.0;82.5;13.5;1.96;14.73;14.48;82.76;89.13;2.31;124679.0;0;0;54.0;4553.0;1010.05;39.06;1.0;1.0;0;1.0;0;0;1.0;0;0;1.0;0;0;1.0;1.0;0;0;0;0;0
938151;1.86;0.97;0;1596.0;24.0;82.5;13.5;1.96;14.64;14.58;75.38;116.47;2.31;124679.0;0;0;54.0;4535.0;1010.05;19.53;1.0;1.0;0;1.0;0;0;1.0;0;0;1.0;0;0;1.0;1.0;0;0;0;0;0
938713;1.33;1.00;6.0;1372.0;24.0;82.5;15.0;0;13.20;12.87;89.09;110.03;3.24;124679.0;6.0;4.0;49.0;4545.0;1010.05;175.77;1.0;1.0;0;1.0;0;0;1.0;0;0;1.0;0;0;1.0;1.0;0;0;0;0;0
939253;1.26;1.00;3.0;1305.0;24.0;82.5;12.75;0;12.75;14.20;73.12;84.50;2.58;124679.0;4.0;4.0;47.0;4445.0;1010.05;839.83;1.0;1.0;0;1.0;0;0;1.0;0;0;1.0;0;0;1.0;1.0;0;0;0;0;0
939799;1.36;0.98;3.0;1262.0;24.0;82.5;15.75;0;13.22;14.39;78.68;117.21;2.31;124679.0;4.0;4.0;47.0;4452.0;1010.05;781.24;1.0;1.0;0;1.0;0;0;1.0;0;0;1.0;0;0;1.0;1.0;0;0;0;0;0
940323;1.40;0.96;5.0;1254.0;24.0;82.5;16.5;0;13.35;14.48;121.88;139.93;2.31;124679.0;5.0;4.0;47.0;4505.0;1010.05;97.65;1.0;1.0;0;1.0;0;0;1.0;0;0;1.0;0;0;1.0;1.0;0;0;0;0;0
940844;1.74;0.99;5.0;1376.0;24.0;82.5;39.75;0.39;15.98;14.39;155.06;114.87;2.31;124679.0;5.0;4.0;53.0;4535.0;1010.05;761.70;1.0;1.0;0;1.0;0;0;1.0;0;0;1.0;0;0;1.0;1.0;0;0;0;0;0
941367;1.38;0.98;5.0;1195.0;24.0;83.25;19.5;0;14.00;14.39;158.91;85.38;2.31;124679.0;5.0;5.0;48.0;4502.0;1010.05;839.83;1.0;1.0;0;1.0;0;0;1.0;0;0;1.0;0;0;1.0;1.0;0;0;0;0;0
941901;1.33;0.96;6.0;1213.0;24.0;83.25;18.0;0;13.81;14.39;122.08;65.58;2.31;124679.0;6.0;5.0;49.0;4508.0;1010.05;468.74;1.0;1.0;0;1.0;0;0;1.0;0;0;1.0;0;0;1.0;1.0;0;0;0;0;0
942458;1.52;0.97;6.0;1218.0;24.0;83.25;19.5;0;14.00;14.39;93.78;50.34;2.31;124679.0;6.0;5.0;50.0;4512.0;1010.05;19.53;1.0;1.0;0;1.0;0;0;1.0;0;0;1.0;0;0;1.0;1.0;0;0;0;0;0
942971;1.48;0.98;6.0;1257.0;24.0;83.25;16.5;0;13.57;14.39;86.69;60.50;2.31;124679.0;6.0;5.0;50.0;4510.0;1010.05;39.06;1.0;1.0;0;1.0;0;0;1.0;0;0;1.0;0;0;1.0;1.0;0;0;0;0;0
943494;1.32;1.00;5.0;1274.0;24.0;83.25;15.0;0;13.57;14.58;70.38;62.47;2.31;124679.0;5.0;5.0;49.0;4503.0;1010.05;39.06;1.0;1.0;0;1.0;0;0;1.0;0;0;1.0;0;0;1.0;1.0;0;0;0;0;0
944016;1.40;1.02;3.0;1299.0;24.0;83.25;12.75;0;12.88;14.48;57.75;53.29;2.31;124679.0;4.0;4.0;50.0;4517.0;1010.05;58.59;1.0;1.0;0;1.0;0;0;1.0;0;0;1.0;0;0;1.0;1.0;0;0;0;0;0
944528;1.45;1.03;0;1193.0;24.0;83.25;20.25;0;14.14;14.58;61.71;44.72;2.31;124679.0;0;0;48.0;4530.0;1010.05;234.37;1.0;1.0;0;1.0;0;0;1.0;0;0;1.0;0;0;1.0;1.0;0;0;0;0;0
945092;1.35;1.03;0;1274.0;24.0;83.25;14.25;0;13.10;14.48;54.97;36.22;2.31;124679.0;0;0;48.0;4506.0;1010.05;800.77;1.0;1.0;0;1.0;0;0;1.0;0;0;1.0;0;0;1.0;1.0;0;0;0;0;0
945614;1.37;1.02;0;1269.0;24.0;83.25;14.25;0;13.04;14.29;45.54;26.99;2.58;124679.0;0;0;47.0;4511.0;1010.05;800.77;1.0;1.0;0;1.0;1.0;0;1.0;0;0;1.0;0;0;1.0;1.0;0;0;1.0;0;0
946141;1.34;1.00;0;1231.0;24.0;83.25;16.5;0;13.04;14.48;81.44;29.62;2.31;124679.0;0;0;46.0;4517.0;1010.05;664.05;1.0;1.0;0;1.0;1.0;0;1.0;0;0;1.0;0;0;1.0;1.0;0;0;1.0;0;0
946664;1.35;1.00;0;1256.0;24.0;83.25;15.0;0;12.99;14.48;114.40;63.02;2.31;124679.0;0;0;47.0;4521.0;1010.05;78.12;1.0;1.0;0;1.0;0;0;1.0;0;0;1.0;0;0;1.0;1.0;0;0;0;0;0
947182;1.28;1.01;0;1263.0;24.0;83.25;15.0;0;12.96;14.39;172.54;82.67;2.31;124679.0;0;0;46.0;4513.0;1010.05;58.59;1.0;1.0;0;1.0;0;0;1.0;0;0;1.0;0;0;1.0;1.0;0;0;0;0;0
947706;1.32;1.03;0;1256.0;24.0;83.25;15.0;0;12.95;14.48;191.45;118.50;2.31;124679.0;0;0;46.0;4523.0;1010.05;97.65;1.0;1.0;0;1.0;1.0;0;1.0;0;0;1.0;0;0;1.0;1.0;0;0;1.0;0;0
948217;1.40;1.04;0;1272.0;24.0;83.25;14.25;0;12.87;14.39;189.79;124.87;2.31;124679.0;0;0;46.0;4501.0;1010.05;78.12;1.0;1.0;0;1.0;0;0;1.0;0;0;1.0;0;0;1.0;1.0;0;0;0;0;0
948741;1.31;1.06;0;1309.0;24.0;83.25;12.0;0;12.40;14.48;191.66;111.96;2.31;124679.0;0;0;46.0;4509.0;1010.05;664.05;1.0;1.0;0;1.0;0;0;1.0;0;0;1.0;0;0;1.0;1.0;0;0;0;0;0
949262;1.40;1.05;0;1262.0;24.0;83.25;15.0;0;12.90;14.58;158.42;102.68;2.31;124679.0;0;0;46.0;4514.0;1010.05;839.83;1.0;1.0;0;1.0;1.0;0;1.0;0;0;1.0;0;0;1.0;1.0;0;0;1.0;0;0
949777;1.30;1.03;0;1249.0;24.0;83.25;15.75;0;13.05;14.39;152.39;102.18;2.31;124679.0;0;0;46.0;4506.0;1010.05;820.30;1.0;1.0;0;1.0;0;0;1.0;0;0;1.0;0;0;1.0;1.0;0;0;0;0;0
950301;1.35;1.01;0;1277.0;24.0;83.25;14.25;0;12.79;14.48;168.34;141.84;2.31;124679.0;0;0;46.0;4508.0;1010.05;781.24;1.0;1.0;0;1.0;0;0;1.0;0;0;1.0;0;0;1.0;1.0;0;0;0;0;0
950834;1.33;1.00;0;1278.0;24.0;83.25;14.25;0;12.78;14.58;160.55;124.15;2.31;124679.0;0;0;45.0;4506.0;1010.05;136.71;1.0;1.0;0;1.0;0;0;1.0;0;0;1.0;0;0;0;1.0;0;0;0;0;0
951391;1.28;1.01;0;1248.0;24.0;83.25;16.5;0;13.13;14.48;117.00;111.43;2.31;124679.0;0;0;45.0;4507.0;1010.05;566.39;1.0;1.0;0;1.0;0;0;1.0;0;0;1.0;0;0;1.0;1.0;0;0;0;0;0
951962;1.27;1.00;0;1272.0;24.0;83.25;14.25;0;12.79;14.58;114.42;127.66;2.31;124679.0;0;0;46.0;4519.0;1010.05;605.46;1.0;1.0;0;1.0;0;0;1.0;0;0;1.0;0;0;1.0;1.0;0;0;0;0;0
952487;1.38;1.02;0;1217.0;24.0;83.25;19.5;0;13.64;14.39;157.99;180.10;2.31;124679.0;0;0;47.0;4525.0;1010.05;507.80;1.0;1.0;0;1.0;0;0;1.0;0;0;1.0;0;0;1.0;1.0;0;0;0;0;0
953020;1.38;1.01;0;1246.0;24.0;83.25;16.5;0;13.21;14.48;206.04;174.03;2.31;124679.0;0;0;47.0;4502.0;1010.05;136.71;1.0;1.0;0;1.0;0;0;1.0;0;0;1.0;0;0;1.0;1.0;0;0;0;0;0
953546;1.42;1.03;0;1202.0;24.0;83.25;20.25;0;13.85;14.58;213.81;203.87;2.31;124679.0;0;0;47.0;4512.0;1010.05;19.53;1.0;1.0;0;1.0;0;0;1.0;0;0;1.0;0;0;1.0;1.0;0;0;0;0;0
954068;1.43;1.04;0;1232.0;24.0;83.25;18.0;0;13.66;14.48;179.46;171.84;2.31;124679.0;0;0;49.0;4511.0;1010.05;800.77;1.0;1.0;0;1.0;0;0;1.0;0;0;1.0;0;0;1.0;1.0;0;0;0;0;0
954579;1.52;1.03;0;1240.0;24.0;83.25;19.5;0;14.03;14.48;160.81;139.40;2.31;124679.0;0;0;53.0;4527.0;1010.05;820.30;1.0;1.0;0;1.0;0;0;1.0;0;0;1.0;0;0;1.0;1.0;0;0;0;0;0
955103;1.51;1.01;0;1197.0;24.0;83.25;22.5;0;14.65;14.39;123.52;107.08;2.31;124679.0;0;0;54.0;4496.0;1010.05;742.17;1.0;1.0;0;1.0;0;0;1.0;0;0;1.0;0;0;1.0;1.0;0;0;0;0;0
955623;1.37;0.99;0;1260.0;24.0;83.25;16.5;0;13.85;14.39;132.06;124.30;2.31;124679.0;0;0;53.0;4531.0;1010.05;58.59;1.0;1.0;0;1.0;0;0;1.0;0;0;1.0;0;0;1.0;1.0;0;0;0;0;0
956141;1.46;1.02;3.0;1254.0;24.0;83.25;17.25;0;14.08;14.58;112.21;98.80;2.31;124679.0;4.0;4.0;54.0;4507.0;1010.05;39.06;1.0;1.0;0;1.0;0;0;1.0;0;0;1.0;0;0;1.0;1.0;0;0;0;0;0
956670;1.36;1.03;3.0;1276.0;24.0;84.0;15.0;0;13.54;14.39;102.00;86.51;2.31;124679.0;4.0;3.0;50.0;4519.0;1010.05;58.59;1.0;1.0;0;1.0;0;0;1.0;0;0;1.0;0;0;1.0;1.0;0;0;0;0;0
957179;1.41;1.05;2.0;1331.0;24.0;84.0;11.25;0;12.58;14.58;131.90;131.67;2.31;124679.0;3.0;3.0;48.0;4504.0;1010.05;664.05;1.0;1.0;0;1.0;0;0;1.0;0;0;1.0;0;0;1.0;1.0;0;0;0;0;0
957703;1.33;1.04;0;1293.0;24.0;84.0;12.75;0;12.94;14.48;101.34;101.12;2.31;124679.0;0;0;48.0;4514.0;1010.05;839.83;1.0;1.0;0;1.0;0;0;1.0;0;0;1.0;0;0;1.0;1.0;0;0;0;0;0
958224;1.40;1.02;0;1245.0;24.0;84.0;15.0;0;13.20;14.39;102.37;90.15;2.31;124679.0;0;0;48.0;4514.0;1010.05;839.83;1.0;1.0;0;1.0;0;0;1.0;0;0;1.0;0;0;1.0;1.0;0;0;0;0;0
958737;1.28;1.00;0;1252.0;24.0;84.0;15.75;0;13.29;14.48;104.60;81.77;2.31;124679.0;0;0;48.0;4518.0;1010.05;683.58;1.0;1.0;0;1.0;0;0;1.0;0;0;1.0;0;0;1.0;1.0;0;0;0;0;0
959263;1.32;1.00;0;1250.0;24.0;84.0;15.0;0;13.12;14.58;83.41;62.80;2.31;124679.0;0;0;48.0;4507.0;1010.05;488.27;1.0;1.0;0;1.0;0;0;1.0;0;0;1.0;0;0;1.0;1.0;0;0;0;0;0
959794;1.37;1.01;0;1211.0;24.0;84.0;18.0;0;13.70;14.39;71.85;52.34;2.31;124679.0;0;0;47.0;4518.0;1010.05;39.06;1.0;1.0;0;1.0;0;0;1.0;0;0;1.0;0;0;1.0;1.0;0;0;0;0;0
960406;1.40;1.03;0;1257.0;24.0;84.0;15.0;0;13.03;14.29;83.64;75.52;2.58;124679.0;0;0;47.0;4518.0;1010.05;78.12;1.0;1.0;0;1.0;0;0;1.0;0;0;1.0;0;0;1.0;1.0;0;0;0;0;0
960923;1.34;1.05;0;1266.0;24.0;84.0;14.25;0;12.91;14.58;81.92;91.22;2.31;124679.0;0;0;46.0;4528.0;1010.05;566.39;1.0;1.0;0;1.0;1.0;0;1.0;0;0;1.0;0;0;1.0;1.0;0;0;1.0;0;0
961447;1.34;1.04;0;1283.0;24.0;84.0;12.75;0;12.52;14.29;90.52;88.86;2.58;124679.0;0;0;45.0;4514.0;1010.05;859.36;1.0;1.0;0;1.0;1.0;0;1.0;0;0;1.0;0;0;1.0;1.0;0;0;1.0;0;0
961971;1.32;1.02;0;1242.0;24.0;84.0;15.0;0;12.84;14.48;76.53;64.72;2.31;124679.0;0;0;45.0;4500.0;1010.05;839.83;0;1.0;0;1.0;1.0;0;1.0;0;0;1.0;0;0;1.0;1.0;0;0;1.0;0;0
962574;1.34;1.00;0;1260.0;24.0;84.0;14.25;0;12.72;14.29;58.78;49.68;2.58;124679.0;0;0;44.0;4523.0;1010.05;781.24;0;0;1.0;1.0;0;0;1.0;0;0;1.0;0;0;1.0;1.0;0;0;1.0;0;0
963173;1.29;0.99;0;1250.0;24.0;84.0;15.0;0;12.77;14.58;40.60;39.48;2.31;124679.0;0;0;44.0;4520.0;1010.05;722.64;0;0;1.0;0;0;0;1.0;0;0;1.0;0;0;1.0;1.0;0;0;1.0;0;0
963728;1.27;0.98;0;1231.0;24.0;84.0;16.5;0;13.03;14.29;29.54;28.74;2.58;124679.0;0;0;45.0;4513.0;1010.05;97.65;0;0;1.0;0;0;0;1.0;0;0;1.0;0;0;1.0;1.0;0;0;1.0;0;0
964251;1.26;0.99;0;1224.0;24.0;84.0;17.25;0;13.16;14.58;21.50;19.84;2.31;124679.0;0;0;44.0;4519.0;1010.05;39.06;0;0;1.0;0;0;0;1.0;0;0;1.0;0;0;1.0;1.0;0;0;1.0;0;0
964762;1.30;1.01;0;1265.0;24.0;84.0;14.25;0;12.62;14.58;16.48;15.19;2.31;124679.0;0;0;44.0;4508.0;1010.05;58.59;0;0;1.0;0;0;0;1.0;0;0;1.0;0;0;1.0;1.0;0;0;1.0;0;0
965286;1.32;1.02;0;1287.0;24.0;84.0;12.75;0;12.29;14.48;15.76;17.98;2.31;124679.0;0;0;44.0;4500.0;1010.05;820.30;0;0;1.0;0;0;0;1.0;0;0;1.0;0;0;1.0;1.0;0;0;1.0;0;0
965808;1.23;1.00;0;1251.0;24.0;84.0;15.0;0;12.59;14.48;27.98;17.51;2.31;124679.0;0;0;43.0;4509.0;1010.05;820.30;0;0;1.0;0;0;0;1.0;0;0;1.0;0;0;1.0;1.0;0;0;1.0;0;0
966370;1.30;0.99;0;1233.0;24.0;84.0;17.25;0;13.06;14.58;87.37;17.75;2.31;124679.0;0;0;43.0;4505.0;1010.05;781.24;0;0;1.0;0;0;0;1.0;0;0;1.0;0;0;1.0;1.0;0;0;1.0;0;0
966926;1.30;0.98;0;1248.0;24.0;84.0;15.75;0;12.76;14.39;94.25;23.41;2.31;124679.0;0;0;43.0;4515.0;1010.05;742.17;0;0;1.0;0;0;0;1.0;0;0;1.0;0;0;1.0;1.0;0;0;1.0;0;0
967445;1.29;0.98;0;1269.0;24.0;84.0;14.25;0;12.55;14.48;94.97;55.44;2.31;124679.0;0;0;43.0;4502.0;1010.05;722.64;0;0;1.0;0;0;0;1.0;0;0;1.0;0;0;1.0;1.0;0;1.0;0;0;0
967968;1.58;1.00;0;835.0;24.0;84.0;39.0;0;14.66;14.20;88.74;50.17;2.58;124679.0;0;0;45.0;4574.0;1010.05;683.58;0;0;1.0;0;0;0;0;1.0;0;0;0;1.0;0;1.0;0;0;1.0;0;0
968492;1.77;1.00;318.0;560.0;24.0;84.0;-0.75;0;54.17;11.93;88.74;47.59;3.53;124679.0;4095.0;4095.0;111.0;4620.0;1010.05;644.52;0;0;1.0;0;0;0;0;0;0;0;0;0;0;0;0;0;1.0;1.0;0
969001;5.20;1.00;318.0;0;24.0;84.0;6.0;0;57.84;12.21;88.74;47.59;3.48;124679.0;4095.0;4095.0;124.0;4648.0;1010.05;97.65;0;0;1.0;0;0;0;0;0;0;0;0;0;0;0;0;0;1.0;0;0
969525;5.20;1.00;0;0;24.0;84.0;6.0;0;57.84;12.31;88.74;47.59;3.48;124679.0;0;0;124.0;4647.0;1010.05;58.59;0;0;1.0;0;0;0;0;0;0;0;0;0;0;0;0;0;1.0;0;0
970036;5.20;1.00;0;0;24.0;84.0;6.0;0;57.84;12.31;88.74;47.59;3.48;124679.0;0;0;124.0;4647.0;1010.05;58.59;0;0;1.0;0;0;0;0;0;0;0;0;0;0;0;0;0;1.0;0;0
970561;5.20;1.00;0;0;24.0;84.0;6.0;0;57.84;12.31;88.74;47.59;3.48;124679.0;0;0;124.0;4647.0;1010.05;78.12;0;0;1.0;0;0;0;0;0;0;0;0;0;0;0;0;0;1.0;0;0
971083;5.20;1.00;0;0;24.0;84.0;6.0;0;57.84;12.40;88.74;47.59;3.48;124679.0;0;0;124.0;4647.0;1010.05;78.12;0;0;1.0;0;0;0;0;0;0;0;0;0;0;0;0;0;1.0;0;0
971618;5.20;1.00;0;0;24.0;84.0;6.0;0;57.84;12.40;88.74;47.59;3.48;124679.0;0;0;124.0;4647.0;1010.05;97.65;0;0;1.0;0;0;0;0;0;0;0;0;0;0;0;0;0;1.0;0;0
972141;5.20;1.00;0;0;24.0;84.0;6.0;0;57.84;12.40;88.74;47.59;3.48;124679.0;0;0;124.0;4647.0;1010.05;97.65;0;0;1.0;0;0;0;0;0;0;0;0;0;0;0;0;0;1.0;0;0
972653;5.20;1.00;0;0;24.0;84.0;6.0;0;57.84;12.40;88.74;47.59;3.48;124679.0;0;0;124.0;4647.0;1010.05;97.65;0;0;1.0;0;0;0;0;0;0;0;0;0;0;0;0;0;1.0;0;0
973176;5.20;1.00;0;0;24.0;84.0;6.0;0;57.84;12.40;88.74;47.59;3.48;124679.0;0;0;124.0;4647.0;1010.05;97.65;0;0;1.0;0;0;0;0;0;0;0;0;0;0;0;0;0;1.0;0;0
973678;5.20;1.00;0;0;24.0;84.0;6.0;0;57.84;12.40;88.74;47.59;3.48;124679.0;0;0;124.0;4650.0;1010.05;117.18;0;0;1.0;0;0;0;0;0;0;0;0;0;0;0;0;0;1.0;0;0
974212;5.20;1.00;0;0;24.0;84.0;6.0;0;57.84;12.40;88.74;47.59;3.48;124679.0;0;0;124.0;4652.0;1010.05;117.18;0;0;1.0;0;0;0;0;0;0;0;0;0;0;0;0;0;1.0;0;0
974772;5.20;1.00;0;0;24.0;84.0;6.0;0;57.84;12.40;88.74;47.59;3.48;124679.0;0;0;124.0;4653.0;1010.05;117.18;0;0;1.0;0;0;0;0;0;0;0;0;0;0;0;0;0;1.0;0;0
975341;5.20;1.00;0;0;24.0;84.0;6.0;0;57.84;12.40;88.74;47.59;3.48;124679.0;0;0;124.0;4653.0;1010.05;117.18;0;0;1.0;0;0;0;0;0;0;0;0;0;0;0;0;0;1.0;0;0
975865;5.20;1.00;0;0;24.0;84.0;6.0;0;57.84;12.40;88.74;47.59;3.48;124679.0;0;0;124.0;4653.0;1010.05;117.18;0;0;1.0;0;0;0;0;0;0;0;0;0;0;0;0;0;1.0;0;0
