##;##
#2015-03-01 08:50:26
#GS-911 Android V1.1
#F800GS
#BMS-KP2
Time (ms);Injection time( ms);Lambda control factor;Speed( km/h);RPM;Intake air temperature( °C);Engine temperature( °C);Ignition angle( °KW);Throttle valve position (TPS)( %);Engine load( %);Battery voltage( V);Knock sensor 1( V);Knock sensor 2( V);Ignition dwell time( ms);Odometer( km);Front wheel speed( km/h);Rear wheel speed( km/h);Idle actuator position( steps);Fuel pressure( mbar);Ambient air pressure( mbar);Lambda sensor voltage( mV);Gear position;Sidestand switch 1;Sidestand switch 2;Sidestand switch calculated;Clutch switch;Kill switch;Oil pressure switch;Start switch;Tank venting valve (US only);Secondary air valve;Engine over-temperature light;Actuation of starter relay;Lambda sensor heating;Fuel pump;Fan motor;Engine safety cut-out (of BMSK);Starter function (of BMSK);Starter safety cut-out (of BMSK);Engine warning light (MIL)
269;0;1.00;0;0;13.5;12.75;-96.0;0;56.61;12.12;52.80;52.80;3.48;130027.0;0;0;204.0;4209.0;980.98;449.21;0;0;0;0;0;0;0;0;0;0;0;0;0;0;0;0;1.0;0;0
850;0;1.00;0;0;13.5;12.75;-96.0;0;56.61;12.12;52.80;52.80;3.48;130027.0;0;0;204.0;4207.0;981.06;449.21;0;0;0;0;0;0;0;0;0;0;0;0;0;0;0;0;1.0;0;0
1418;0;1.00;0;0;13.5;12.75;-96.0;0;56.61;12.12;52.80;52.80;3.48;130027.0;0;0;204.0;4203.0;981.06;449.21;0;0;0;0;0;0;0;0;0;0;0;0;0;0;0;0;1.0;0;0
1955;0;1.00;0;0;13.5;12.75;-96.0;0;56.61;12.12;52.80;52.80;3.48;130027.0;0;0;204.0;4201.0;980.91;449.21;0;0;0;0;0;0;0;0;0;0;0;0;0;0;0;0;1.0;0;0
2450;0;1.00;0;0;13.5;12.75;-96.0;0;56.61;12.12;52.80;52.80;3.48;130027.0;0;0;204.0;4201.0;980.91;449.21;0;0;0;0;0;0;0;0;0;0;0;0;0;0;0;0;1.0;0;0
3004;0;1.00;0;0;14.25;12.75;-96.0;0;56.61;12.12;52.80;52.80;3.48;130027.0;0;0;204.0;4196.0;981.06;449.21;0;0;0;0;0;0;0;1.0;0;0;0;1.0;0;1.0;0;0;1.0;0;0
3603;21.32;1.00;318.0;345.0;14.25;12.75;4.5;0;16.35;10.03;52.80;52.80;4.86;130027.0;4095.0;4095.0;204.0;4203.0;981.06;449.21;0;0;0;0;0;0;0;0;0;1.0;0;0;1.0;1.0;0;0;1.0;0;0
4122;3.14;1.00;318.0;2344.0;14.25;12.75;12.0;0;21.83;13.82;66.08;36.48;2.82;130027.0;4095.0;4095.0;189.0;4310.0;980.98;449.21;0;0;0;0;0;0;1.0;0;0;1.0;0;0;1.0;1.0;0;0;1.0;0;0
4625;3.88;1.00;0;1700.0;14.25;12.75;0.75;0;17.37;14.20;63.47;25.66;2.58;130027.0;0;0;196.0;4351.0;981.14;449.21;0;0;0;0;0;0;1.0;0;0;1.0;0;0;1.0;1.0;0;0;1.0;0;0
5185;3.47;1.00;0;1542.0;14.25;12.75;1.5;0;16.52;14.11;56.77;25.13;2.58;130027.0;0;0;163.0;4417.0;981.30;449.21;0;0;0;0;0;0;1.0;0;0;1.0;0;0;1.0;1.0;0;0;1.0;0;0
5706;3.49;1.00;0;1411.0;14.25;12.75;4.5;0;17.08;14.29;63.08;20.36;2.58;130027.0;0;0;146.0;4486.0;981.37;449.21;0;0;0;0;0;0;1.0;0;0;1.0;0;0;1.0;1.0;0;0;1.0;0;0
6301;3.24;1.00;0;1443.0;14.25;12.75;3.75;0;16.53;14.20;51.05;18.04;2.58;130027.0;0;0;142.0;4500.0;981.37;449.21;0;0;0;0;0;0;1.0;0;0;1.0;0;0;1.0;1.0;0;0;1.0;0;0
6907;3.08;1.00;0;1423.0;14.25;12.75;4.5;0;16.65;14.20;38.25;17.73;2.58;130027.0;0;0;139.0;4504.0;981.45;449.21;0;0;0;0;0;0;1.0;0;0;1.0;0;0;1.0;1.0;0;0;1.0;0;0
7622;3.10;1.00;0;1417.0;14.25;12.75;4.5;0;16.63;14.29;35.01;20.03;2.58;130027.0;0;0;139.0;4505.0;981.45;449.21;0;0;0;0;0;0;1.0;0;0;1.0;0;0;1.0;1.0;0;0;1.0;0;0
8141;2.92;1.00;0;1425.0;14.25;12.75;4.5;0;16.67;14.39;50.68;26.71;2.31;130027.0;0;0;140.0;4517.0;981.49;449.21;0;0;0;0;0;0;1.0;0;0;1.0;0;0;1.0;1.0;0;0;1.0;0;0
8753;2.92;1.00;0;1356.0;14.25;12.75;6.75;0;17.55;14.11;75.42;53.29;2.58;130027.0;0;0;140.0;4501.0;981.53;449.21;0;0;0;0;0;0;1.0;0;0;1.0;0;0;1.0;1.0;0;0;1.0;0;0
9310;2.94;1.00;0;1328.0;14.25;12.75;7.5;0;17.77;14.39;87.20;68.33;2.31;130027.0;0;0;140.0;4506.0;981.57;449.21;0;0;0;0;0;0;1.0;0;0;1.0;0;0;1.0;1.0;0;0;1.0;0;0
9839;2.97;1.00;0;1374.0;14.25;12.75;6.0;0;17.30;14.20;86.42;87.78;2.58;130027.0;0;0;139.0;4494.0;981.57;449.21;0;0;0;0;0;0;1.0;0;0;1.0;0;0;1.0;1.0;0;0;1.0;0;0
10357;2.89;1.00;0;1357.0;14.25;12.75;6.75;0;17.51;14.39;105.85;110.46;2.31;130027.0;0;0;138.0;4513.0;981.53;449.21;0;0;0;0;0;0;1.0;0;0;1.0;0;0;1.0;1.0;0;0;1.0;0;0
11003;2.87;1.00;0;1368.0;14.25;13.5;6.0;0;17.33;14.39;123.97;111.34;2.31;130027.0;0;0;139.0;4515.0;981.53;449.21;0;0;0;0;0;0;1.0;0;0;1.0;0;0;1.0;1.0;0;0;1.0;0;0
11518;2.78;1.00;0;1332.0;14.25;13.5;6.75;0;17.54;14.20;127.51;118.82;2.58;130027.0;0;0;139.0;4506.0;981.57;449.21;0;0;0;0;0;0;1.0;0;0;1.0;0;0;1.0;1.0;0;0;1.0;0;0
12026;2.68;1.00;0;1379.0;14.25;13.5;5.25;0;17.09;14.01;141.61;86.57;2.58;130027.0;0;0;140.0;4507.0;981.57;449.21;0;0;0;0;0;0;1.0;0;0;1.0;0;0;1.0;1.0;0;0;1.0;0;0
12565;2.66;1.00;0;1392.0;14.25;13.5;4.5;0;16.65;14.39;127.37;78.68;2.31;130027.0;0;0;139.0;4528.0;981.61;449.21;0;0;0;0;0;0;1.0;0;0;1.0;0;0;1.0;1.0;0;0;1.0;0;0
13100;2.70;1.00;0;1392.0;14.25;13.5;4.5;0;16.63;14.20;145.40;98.48;2.58;130027.0;0;0;138.0;4519.0;981.61;449.21;0;0;0;0;0;0;1.0;0;0;1.0;0;0;1.0;1.0;0;0;1.0;0;0
13754;2.76;1.00;0;1367.0;14.25;14.25;5.25;0;17.13;14.39;176.68;116.69;2.31;130027.0;0;0;139.0;4517.0;981.61;449.21;0;0;0;0;0;0;1.0;0;0;1.0;0;0;1.0;1.0;0;0;1.0;0;0
14280;2.55;1.00;0;1400.0;14.25;14.25;4.5;0;16.64;14.48;190.10;163.36;2.31;130027.0;0;0;139.0;4511.0;981.61;449.21;0;0;0;0;0;0;1.0;0;0;1.0;0;0;1.0;1.0;0;0;1.0;0;0
14765;2.52;1.00;0;1362.0;14.25;14.25;6.0;0;17.30;14.29;228.79;218.13;2.58;130027.0;0;0;138.0;4530.0;981.61;449.21;0;0;0;0;0;0;1.0;0;0;1.0;0;0;1.0;1.0;0;0;1.0;0;0
15266;2.65;1.00;0;1406.0;14.25;14.25;4.5;0;16.65;14.39;212.48;220.18;2.31;130027.0;0;0;139.0;4498.0;981.53;449.21;0;0;0;0;0;0;1.0;0;0;1.0;0;0;1.0;1.0;0;0;1.0;0;0
15777;2.55;1.00;0;1418.0;14.25;14.25;4.5;0;16.61;14.29;234.00;239.61;2.58;130027.0;0;0;139.0;4530.0;981.57;449.21;0;0;0;0;0;0;1.0;0;0;1.0;0;0;1.0;1.0;0;0;1.0;0;0
16286;2.60;1.00;0;1383.0;14.25;14.25;4.5;0;16.58;14.29;233.67;249.65;2.58;130027.0;0;0;137.0;4522.0;981.57;449.21;0;0;0;0;0;0;1.0;0;0;1.0;0;0;1.0;1.0;0;0;1.0;0;0
16852;2.44;1.00;0;1455.0;14.25;14.25;2.25;0;15.73;14.39;191.15;203.81;2.31;130027.0;0;0;138.0;4508.0;981.57;449.21;0;0;0;0;0;0;1.0;0;0;1.0;0;0;1.0;1.0;0;0;1.0;0;0
17356;2.43;1.00;0;1418.0;14.25;14.25;3.75;0;16.37;14.39;165.22;161.84;2.31;130027.0;0;0;138.0;4510.0;981.61;449.21;0;0;0;0;0;0;1.0;0;0;1.0;0;0;1.0;1.0;0;0;1.0;0;0
17967;2.56;1.00;0;1293.0;14.25;15.0;8.25;0;18.17;14.29;134.85;155.47;2.58;130027.0;0;0;139.0;4522.0;981.61;449.21;0;0;0;0;0;0;1.0;0;0;1.0;0;0;1.0;1.0;0;0;1.0;0;0
18527;2.47;1.00;0;1405.0;14.25;15.0;3.75;0;16.47;14.48;104.56;136.72;2.31;130027.0;0;0;141.0;4510.0;981.53;449.21;0;0;0;0;0;0;1.0;0;0;1.0;0;0;1.0;1.0;0;0;1.0;0;0
19042;2.57;1.00;0;1387.0;14.25;15.0;4.5;0;16.71;14.29;84.09;101.49;2.58;130027.0;0;0;141.0;4515.0;981.57;449.21;0;0;0;0;0;0;1.0;0;0;1.0;0;0;1.0;1.0;0;0;1.0;0;0
19572;2.54;1.00;0;1395.0;14.25;15.0;4.5;0;16.69;14.39;73.08;73.97;2.31;130027.0;0;0;140.0;4523.0;981.57;449.21;0;0;0;0;0;0;1.0;0;0;1.0;0;0;1.0;1.0;0;0;1.0;0;0
20270;2.40;1.00;0;1408.0;14.25;15.0;3.75;0;16.42;14.39;72.71;72.71;2.31;130027.0;0;0;139.0;4523.0;981.57;449.21;0;0;0;0;0;0;1.0;0;0;1.0;0;0;1.0;1.0;0;0;1.0;0;0
20827;2.52;1.00;0;1390.0;14.25;15.0;4.5;0;16.71;14.29;115.24;119.21;2.58;130027.0;0;0;142.0;4531.0;981.61;449.21;0;0;0;0;0;0;1.0;0;0;1.0;0;0;1.0;1.0;0;0;1.0;0;0
21349;2.4;1.00;0;1410.0;14.25;15.75;4.5;0;16.36;14.39;173.64;115.22;2.31;130027.0;0;0;137.0;4513.0;981.53;449.21;0;0;0;0;0;0;1.0;0;0;1.0;0;0;1.0;1.0;0;0;1.0;0;0
21899;2.39;1.00;0;1385.0;14.25;15.75;5.25;0;16.48;14.39;126.53;95.89;2.31;130027.0;0;0;136.0;4500.0;981.53;449.21;0;0;0;0;0;0;1.0;0;0;1.0;0;0;1.0;1.0;0;0;1.0;0;0
22425;2.43;1.00;0;1416.0;14.25;15.75;4.5;0;16.29;14.39;113.41;73.66;2.31;130027.0;0;0;137.0;4527.0;981.57;449.21;0;0;0;0;0;0;1.0;0;0;1.0;0;0;1.0;1.0;0;0;1.0;0;0
22985;2.39;1.00;0;1359.0;14.25;16.5;5.25;0;16.55;14.20;90.83;62.22;2.58;130027.0;0;0;135.0;4509.0;981.57;429.68;0;0;0;0;0;0;1.0;0;0;1.0;0;0;1.0;1.0;0;0;1.0;0;0
23502;2.35;1.00;0;1409.0;14.25;16.5;4.5;0;16.22;14.39;104.62;99.17;2.31;130027.0;0;0;134.0;4519.0;981.45;429.68;0;0;0;0;0;0;1.0;0;0;1.0;0;0;1.0;1.0;0;0;1.0;0;0
24034;2.43;1.00;0;1394.0;14.25;16.5;5.25;0;16.55;14.39;88.13;86.67;2.31;130027.0;0;0;138.0;4490.0;981.49;429.68;0;0;0;0;0;0;1.0;0;0;1.0;0;0;1.0;1.0;0;0;1.0;0;0
24545;2.36;1.00;0;1413.0;14.25;16.5;4.5;0;16.32;14.29;70.52;75.62;2.58;130027.0;0;0;136.0;4506.0;981.45;429.68;0;0;0;0;0;0;1.0;0;0;1.0;0;0;1.0;1.0;0;0;1.0;0;0
25134;2.44;1.00;0;1366.0;14.25;16.5;5.25;0;16.66;14.58;59.09;61.22;2.31;130027.0;0;0;138.0;4505.0;981.49;429.68;0;0;0;0;0;0;1.0;0;0;1.0;0;0;1.0;1.0;0;0;1.0;0;0
25732;2.41;1.00;0;1377.0;14.25;17.25;5.25;0;16.55;14.29;77.35;75.85;2.58;130027.0;0;0;137.0;4511.0;981.37;429.68;0;0;0;0;0;0;1.0;0;0;1.0;0;0;0;1.0;0;0;1.0;0;0
26273;2.39;1.00;0;1407.0;14.25;17.25;4.5;0;16.34;14.29;78.25;71.51;2.58;130027.0;0;0;135.0;4520.0;981.41;429.68;0;0;0;0;0;0;1.0;0;0;1.0;0;0;1.0;1.0;0;0;1.0;0;0
26786;2.34;1.00;0;1436.0;14.25;17.25;3.75;0;16.12;14.20;110.83;107.39;2.58;130027.0;0;0;135.0;4524.0;981.45;429.68;0;0;0;0;0;0;1.0;0;0;1.0;0;0;1.0;1.0;0;0;1.0;0;0
27337;2.31;1.00;0;1425.0;14.25;18.0;4.5;0;16.05;14.39;129.05;94.89;2.31;130027.0;0;0;136.0;4514.0;981.45;429.68;0;0;0;0;0;0;1.0;0;0;1.0;0;0;1.0;1.0;0;0;1.0;0;0
27872;2.48;1.00;0;1375.0;14.25;18.0;6.0;0;16.41;14.48;123.70;84.72;2.31;130027.0;0;0;134.0;4505.0;981.49;429.68;0;0;0;0;0;0;1.0;0;0;1.0;0;0;1.0;1.0;0;0;1.0;0;0
28370;2.43;1.00;0;1315.0;14.25;18.0;9.0;0;16.77;14.29;135.32;81.12;2.58;130027.0;0;0;133.0;4515.0;981.53;429.68;0;0;0;0;0;0;1.0;0;0;1.0;0;0;1.0;1.0;0;0;1.0;0;0
28977;2.44;1.00;0;1404.0;14.25;18.0;5.25;0;16.16;14.48;105.98;70.30;2.31;130027.0;0;0;133.0;4512.0;981.49;429.68;0;0;0;0;0;0;1.0;0;0;1.0;0;0;1.0;1.0;0;0;1.0;0;0
29492;2.33;1.00;0;1406.0;14.25;18.0;5.25;0;16.23;14.39;88.82;65.77;2.31;130027.0;0;0;133.0;4518.0;981.53;429.68;0;0;0;0;0;0;1.0;0;0;1.0;0;0;1.0;1.0;0;0;1.0;0;0
30075;2.34;1.00;0;1445.0;14.25;18.75;3.75;0;15.43;14.48;72.10;47.92;2.31;130027.0;0;0;131.0;4509.0;981.49;429.68;0;0;0;0;0;0;1.0;0;0;1.0;0;0;1.0;1.0;0;0;1.0;0;0
30664;2.23;1.00;0;1430.0;14.25;18.75;4.5;0;16.29;14.48;74.99;50.75;2.31;130027.0;0;0;129.0;4512.0;981.53;429.68;0;0;0;0;0;0;1.0;0;0;1.0;0;0;1.0;1.0;0;0;1.0;0;0
31274;2.36;1.00;0;1343.0;14.25;18.75;7.5;0;16.90;14.29;58.51;39.19;2.58;130027.0;0;0;128.0;4521.0;981.57;429.68;0;0;0;0;0;0;1.0;0;0;1.0;0;0;1.0;1.0;0;0;1.0;0;0
31777;2.49;1.00;0;1358.0;14.25;19.5;6.0;0;16.34;14.39;77.16;43.51;2.31;130027.0;0;0;131.0;4520.0;981.57;429.68;0;0;0;0;0;0;1.0;0;0;1.0;0;0;1.0;1.0;0;0;1.0;0;0
32409;2.26;1.00;0;1443.0;14.25;19.5;3.75;0;15.46;14.48;118.74;75.13;2.31;130027.0;0;0;129.0;4508.0;981.57;429.68;0;0;0;0;0;0;1.0;0;0;1.0;0;0;1.0;1.0;0;0;1.0;0;0
32999;2.37;1.00;0;1437.0;14.25;19.5;3.75;0;15.38;14.39;111.30;101.80;2.31;130027.0;0;0;129.0;4513.0;981.61;410.15;0;0;0;0;0;0;1.0;0;0;1.0;0;0;1.0;1.0;0;0;1.0;0;0
33616;2.40;1.00;0;1395.0;14.25;19.5;6.0;0;16.26;14.48;97.08;101.75;2.31;130027.0;0;0;130.0;4508.0;981.61;410.15;0;0;0;0;0;0;1.0;0;0;1.0;0;0;1.0;1.0;0;0;1.0;0;0
34235;2.37;1.00;0;1394.0;14.25;20.25;6.0;0;15.99;14.58;88.97;105.81;2.31;130027.0;0;0;128.0;4514.0;981.53;410.15;0;0;0;0;0;0;1.0;0;0;1.0;0;0;1.0;1.0;0;0;1.0;0;0
34808;2.40;1.00;0;1405.0;14.25;20.25;6.0;0;15.97;14.29;68.14;79.79;2.58;130027.0;0;0;127.0;4517.0;981.57;410.15;0;0;0;0;0;0;1.0;0;0;1.0;0;0;1.0;1.0;0;0;1.0;0;0
35364;2.29;1.00;0;1383.0;14.25;20.25;6.75;0;16.16;14.58;61.28;73.25;2.31;130027.0;0;0;126.0;4542.0;981.57;410.15;0;0;0;0;0;0;1.0;0;0;1.0;0;0;1.0;1.0;0;0;1.0;0;0
35950;2.23;1.00;0;1435.0;14.25;20.25;4.5;0;15.22;14.39;52.35;78.74;2.31;130027.0;0;0;126.0;4515.0;981.61;410.15;0;0;0;0;0;0;1.0;0;0;1.0;0;0;1.0;1.0;0;0;1.0;0;0
36571;2.24;1.00;0;1415.0;15.0;20.25;5.25;0;15.60;14.29;41.52;65.03;2.58;130027.0;0;0;124.0;4502.0;981.53;410.15;0;0;0;0;0;0;1.0;0;0;1.0;0;0;1.0;1.0;0;0;1.0;0;0
37132;2.28;1.00;0;1383.0;15.0;21.0;6.75;0;16.03;14.58;29.15;45.58;2.31;130027.0;0;0;123.0;4503.0;981.41;410.15;0;0;0;0;0;0;1.0;0;0;1.0;0;0;1.0;1.0;0;0;1.0;0;0
37692;2.45;1.00;0;1329.0;15.0;21.0;8.25;0;16.64;14.58;29.93;50.95;2.31;130027.0;0;0;124.0;4511.0;981.41;429.68;0;0;0;0;0;0;1.0;0;0;1.0;0;0;1.0;1.0;0;0;1.0;0;0
38280;2.26;1.00;0;1404.0;15.0;21.0;5.25;0;15.60;14.39;20.64;48.84;2.31;130027.0;0;0;125.0;4511.0;981.49;390.62;0;0;0;0;0;0;1.0;0;0;1.0;0;0;1.0;1.0;0;0;1.0;0;0
38810;2.24;1.00;0;1401.0;15.0;21.0;6.0;0;15.76;14.48;30.15;49.66;2.31;130027.0;0;0;122.0;4510.0;981.45;527.33;0;0;0;0;0;0;1.0;0;0;1.0;0;0;1.0;1.0;0;0;1.0;0;0
39467;2.31;0.99;0;1368.0;15.0;21.0;6.75;0;15.98;14.29;59.97;61.75;2.58;130027.0;0;0;123.0;4520.0;981.49;429.68;0;0;0;0;0;0;1.0;0;0;1.0;0;0;1.0;1.0;0;0;1.0;0;0
39970;2.31;1.00;0;1424.0;15.0;21.75;4.5;0;15.14;14.58;44.87;61.14;2.31;130027.0;0;0;121.0;4502.0;981.53;410.15;0;0;0;0;0;0;1.0;0;0;1.0;0;0;1.0;1.0;0;0;1.0;0;0
40502;2.36;1.01;0;1421.0;15.0;21.75;4.5;0;15.08;14.39;32.67;46.95;2.31;130027.0;0;0;121.0;4521.0;981.57;468.74;0;0;0;0;0;0;1.0;0;0;1.0;0;0;1.0;1.0;0;0;1.0;0;0
41038;2.39;1.01;0;1385.0;15.0;21.75;6.0;0;15.68;14.39;23.76;34.19;2.31;130027.0;0;0;121.0;4500.0;981.49;449.21;0;0;0;0;0;0;1.0;0;0;1.0;0;0;1.0;1.0;0;0;1.0;0;0
41567;2.28;1.02;0;1422.0;15.0;21.75;4.5;0;15.04;14.39;21.60;27.00;2.31;130027.0;0;0;120.0;4514.0;981.53;566.39;0;0;0;0;0;0;1.0;0;0;1.0;0;0;1.0;1.0;0;0;1.0;0;0
42165;2.24;1.00;0;1403.0;15.0;21.75;5.25;0;15.49;14.48;15.70;18.63;2.31;130027.0;0;0;120.0;4505.0;981.49;546.86;0;0;0;0;0;0;1.0;0;0;1.0;0;0;1.0;1.0;0;0;1.0;0;0
42780;2.26;0.99;0;1338.0;15.0;22.5;7.5;0;16.27;14.48;10.78;15.17;2.31;130027.0;0;0;117.0;4516.0;981.53;546.86;0;0;0;0;0;0;1.0;0;0;1.0;0;0;1.0;1.0;0;0;1.0;0;0
43312;2.16;0.97;0;1375.0;15.0;22.5;6.75;0;15.82;14.58;48.64;77.49;2.31;130027.0;0;0;119.0;4525.0;981.57;507.80;0;0;0;0;0;0;1.0;0;0;1.0;0;0;1.0;1.0;0;0;1.0;0;0
43941;2.2;0.97;0;1398.0;15.0;22.5;5.25;0;15.47;14.48;73.25;86.04;2.31;130027.0;0;0;120.0;4501.0;981.57;449.21;0;0;0;0;0;0;1.0;0;0;1.0;0;0;1.0;1.0;0;0;1.0;0;0
44512;2.30;0.99;0;1378.0;15.0;22.5;6.75;0;15.90;14.48;54.70;63.57;2.31;130027.0;0;0;121.0;4533.0;981.57;351.55;0;0;0;0;0;0;1.0;0;0;1.0;0;0;1.0;1.0;0;0;1.0;0;0
45086;2.26;1.00;0;1391.0;15.0;23.25;6.0;0;15.69;14.48;58.72;51.30;2.31;130027.0;0;0;121.0;4493.0;981.61;351.55;0;0;0;0;0;0;1.0;0;0;1.0;0;0;1.0;1.0;0;0;1.0;0;0
45649;2.41;1.02;0;1380.0;15.0;23.25;6.0;0;15.67;14.48;61.83;40.85;2.31;130027.0;0;0;120.0;4535.0;981.53;566.39;0;0;0;0;0;0;1.0;0;0;1.0;0;0;1.0;1.0;0;0;1.0;0;0
46246;2.24;1.00;0;1397.0;15.0;23.25;5.25;0;15.46;14.58;45.01;29.74;2.31;130027.0;0;0;121.0;4514.0;981.53;585.93;0;0;0;0;0;0;1.0;0;0;1.0;0;0;1.0;1.0;0;0;1.0;0;0
46845;2.23;0.98;0;1362.0;15.0;23.25;6.75;0;15.87;14.29;33.20;22.59;2.58;130027.0;0;0;121.0;4519.0;981.57;468.74;0;0;0;0;0;0;1.0;0;0;1.0;0;0;1.0;1.0;0;0;1.0;0;0
47407;2.28;0.99;0;1365.0;15.0;23.25;6.75;0;15.94;14.48;31.36;21.77;2.31;130027.0;0;0;121.0;4508.0;981.53;546.86;0;0;0;0;0;0;1.0;0;0;1.0;0;0;1.0;1.0;0;0;1.0;0;0
47939;2.25;0.97;0;1389.0;15.0;24.0;6.0;0;15.66;14.48;21.61;14.99;2.31;130027.0;0;0;122.0;4505.0;981.57;390.62;0;0;0;0;0;0;1.0;0;0;1.0;0;0;1.0;1.0;0;0;1.0;0;0
48559;2.20;0.99;0;1401.0;15.0;24.0;5.25;0;15.44;14.48;16.58;13.22;2.31;130027.0;0;0;121.0;4517.0;981.57;566.39;0;0;0;0;0;0;1.0;0;0;1.0;0;0;1.0;1.0;0;0;1.0;0;0
49066;2.16;0.97;0;1397.0;15.0;24.0;5.25;0;15.44;14.58;25.13;14.51;2.31;130027.0;0;0;119.0;4500.0;981.53;488.27;0;0;0;0;0;0;1.0;0;0;1.0;0;0;1.0;1.0;0;0;1.0;0;0
49630;2.18;0.97;0;1378.0;15.0;24.75;6.0;0;15.61;14.29;71.75;77.55;2.58;130027.0;0;0;119.0;4525.0;981.49;429.68;0;0;0;0;0;0;1.0;0;0;1.0;0;0;1.0;1.0;0;0;1.0;0;0
50285;2.20;0.97;0;1392.0;15.0;24.75;6.0;0;15.61;14.39;125.53;155.57;2.31;130027.0;0;0;119.0;4500.0;981.53;371.08;0;0;0;0;0;0;1.0;0;0;1.0;0;0;1.0;1.0;0;0;1.0;0;0
50820;2.21;0.98;0;1359.0;15.0;24.75;6.75;0;15.90;14.48;108.95;122.23;2.31;130027.0;0;0;120.0;4520.0;981.57;566.39;0;0;0;0;0;0;1.0;0;0;1.0;0;0;1.0;1.0;0;0;1.0;0;0
51490;2.13;0.96;0;1420.0;15.0;24.75;4.5;0;15.04;14.29;79.38;93.90;2.58;130027.0;0;0;120.0;4518.0;981.57;332.02;0;0;0;0;0;0;1.0;0;0;1.0;0;0;1.0;1.0;0;0;1.0;0;0
52060;2.22;0.99;0;1406.0;15.0;25.5;5.25;0;15.50;14.39;59.03;68.96;2.31;130027.0;0;0;119.0;4515.0;981.41;527.33;0;0;0;0;0;0;1.0;0;0;0;0;0;0;0;0;1.0;0;0;0
52731;3.21;1.00;0;0;15.0;25.5;6.75;0;59.06;13.16;51.65;71.42;3.24;130027.0;0;0;170.0;4644.0;981.49;566.39;1.0;0;0;0;0;0;1.0;0;0;0;0;0;0;1.0;0;1.0;0;0;0
53396;3.21;1.00;0;55.0;15.0;26.25;6.75;0;59.06;12.97;51.65;71.42;3.24;130027.0;0;0;198.0;4647.0;981.45;546.86;1.0;0;0;0;1.0;0;0;0;0;0;0;0;0;0;0;1.0;0;0;0
54014;3.21;1.00;0;0;15.0;26.25;6.75;0;59.06;12.97;51.65;71.42;3.24;130027.0;0;0;198.0;4642.0;981.49;546.86;1.0;0;0;0;1.0;0;0;0;0;0;0;0;0;0;0;1.0;0;0;0
54521;3.21;1.00;0;0;15.0;26.25;6.75;0;59.06;12.87;51.65;71.42;3.24;130027.0;0;0;198.0;4637.0;981.53;527.33;1.0;0;0;0;1.0;0;0;0;0;0;0;0;0;0;0;1.0;0;0;0
55158;3.21;1.00;0;0;15.0;26.25;6.75;0;59.06;12.78;51.65;71.42;3.36;130027.0;0;0;198.0;4632.0;981.49;507.80;1.0;0;0;0;1.0;0;0;0;0;0;0;0;0;0;0;1.0;0;0;0
55693;3.21;1.00;0;0;15.0;26.25;6.75;0;59.06;12.87;51.65;71.42;3.24;130027.0;0;0;198.0;4629.0;981.45;488.27;1.0;0;0;0;1.0;0;0;1.0;0;0;0;0;0;0;0;1.0;0;0;0
56249;3.21;1.00;0;0;15.0;26.25;6.75;0;59.06;12.87;51.65;71.42;3.24;130027.0;0;0;198.0;4624.0;981.30;488.27;1.0;0;0;0;1.0;0;0;1.0;0;0;0;0;0;0;0;1.0;0;0;0
56752;3.21;1.00;0;0;15.0;26.25;6.75;0;59.06;12.87;51.65;71.42;3.24;130027.0;0;0;198.0;4621.0;981.30;488.27;1.0;0;0;0;1.0;0;0;1.0;0;0;0;0;0;0;0;1.0;0;0;0
57380;3.21;1.00;0;0;15.0;26.25;6.75;0;59.06;12.78;51.65;71.42;3.36;130027.0;0;0;198.0;4616.0;981.18;507.80;1.0;1.0;0;1.0;1.0;0;0;1.0;0;0;0;1.0;0;1.0;0;0;1.0;0;0
57875;15.41;1.00;318.0;554.0;15.0;26.25;6.0;0;16.52;9.94;51.65;52.80;4.86;130027.0;4095.0;4095.0;203.0;4532.0;981.26;390.62;1.0;1.0;0;1.0;1.0;0;1.0;1.0;0;0;0;1.0;1.0;1.0;0;0;1.0;0;0
58435;3.23;1.00;318.0;2047.0;15.0;26.25;35.25;0;25.29;11.45;45.07;47.51;3.63;130027.0;4095.0;4095.0;204.0;4296.0;981.22;546.86;1.0;1.0;0;1.0;1.0;0;1.0;0;0;1.0;0;0;1.0;1.0;0;0;1.0;0;0
59042;2.82;1.00;0;1992.0;15.0;26.25;0.75;0;16.03;14.20;29.50;29.50;2.58;130027.0;0;0;195.0;4260.0;981.22;527.33;1.0;1.0;0;1.0;1.0;0;1.0;0;0;1.0;0;0;1.0;1.0;0;0;1.0;0;0
59615;2.85;1.00;0;1571.0;15.0;26.25;3.0;0;15.89;14.11;19.23;18.88;2.58;130027.0;0;0;148.0;4369.0;981.37;527.33;1.0;1.0;0;1.0;1.0;0;1.0;0;0;1.0;0;0;1.0;1.0;0;0;1.0;0;0
60104;1.87;1.00;0;1910.0;15.0;26.25;9.0;0;17.59;14.29;15.48;15.21;2.58;130027.0;0;0;144.0;4497.0;981.37;527.33;1.0;1.0;0;1.0;1.0;0;1.0;0;0;1.0;0;0;1.0;1.0;0;0;1.0;0;0
60645;2.31;0.99;0;1706.0;15.0;26.25;6.75;0;17.11;14.39;27.86;10.46;2.31;130027.0;0;0;151.0;4536.0;981.45;527.33;1.0;1.0;0;1.0;0;0;1.0;0;0;1.0;0;0;1.0;1.0;0;0;0;0;0
61158;0;1.00;0;2592.0;15.0;26.25;10.5;0;17.38;14.29;27.84;7.18;2.58;130027.0;0;0;126.0;4561.0;981.49;527.33;1.0;1.0;0;1.0;0;0;1.0;0;0;1.0;0;0;1.0;1.0;0;0;0;0;0
61688;3.29;1.00;0;1864.0;15.0;26.25;7.5;2.35;14.76;14.11;30.64;11.05;2.58;130027.0;0;0;126.0;4537.0;981.53;527.33;1.0;1.0;0;1.0;0;0;1.0;0;0;1.0;0;0;1.0;1.0;0;0;0;0;0
62245;3.59;0.99;0;2286.0;15.0;27.0;10.5;6.27;19.88;14.39;40.19;12.26;2.31;130027.0;0;0;125.0;4533.0;981.57;527.33;1.0;1.0;0;1.0;0;0;1.0;0;0;1.0;0;0;1.0;1.0;0;0;0;0;0
62760;4.04;0.97;0;1819.0;15.0;27.0;7.5;6.66;24.13;14.39;24.93;7.16;2.31;130027.0;0;0;125.0;4521.0;981.53;527.33;1.0;1.0;0;1.0;0;0;1.0;0;0;1.0;0;0;1.0;1.0;0;0;0;0;0
63279;3.89;0.99;6.0;1592.0;15.0;27.0;9.0;2.74;12.17;14.29;28.10;20.83;2.58;130027.0;6.0;6.0;140.0;4520.0;981.53;527.33;1.0;1.0;0;1.0;0;0;1.0;0;0;1.0;0;0;1.0;1.0;0;0;0;0;0
63850;3.57;0.99;7.0;2247.0;15.0;27.0;9.75;5.88;19.82;14.20;17.44;25.21;2.58;130027.0;7.0;7.0;125.0;4540.0;981.57;527.33;1.0;1.0;0;1.0;0;0;1.0;0;0;1.0;0;0;1.0;1.0;0;0;0;0;0
64481;4.16;0.97;12.0;1538.0;15.0;27.0;6.75;6.27;26.87;14.39;14.31;16.48;2.31;130027.0;12.0;12.0;125.0;4511.0;981.53;546.86;1.0;1.0;0;1.0;0;0;1.0;0;0;1.0;0;0;1.0;1.0;0;0;0;0;0
64995;2.04;0.99;13.0;1725.0;15.0;27.0;6.75;0;17.11;14.29;15.19;26.13;2.58;130027.0;13.0;14.0;150.0;4544.0;981.57;546.86;1.0;1.0;0;1.0;0;0;1.0;0;0;1.0;0;0;1.0;1.0;0;0;0;0;0
65522;1.97;0.98;13.0;1723.0;15.0;27.75;6.75;0;17.03;14.48;63.76;50.01;2.31;130027.0;13.0;13.0;150.0;4497.0;981.49;527.33;1.0;1.0;0;1.0;0;0;1.0;0;0;1.0;0;0;1.0;1.0;0;0;0;0;0
66153;2.04;0.97;11.0;1613.0;15.0;27.75;6.75;0;17.01;14.29;44.13;34.88;2.58;130027.0;12.0;12.0;145.0;4467.0;981.41;292.96;1.0;1.0;0;1.0;0;0;1.0;0;0;1.0;0;0;1.0;1.0;0;0;0;0;0
66696;1.91;0.99;12.0;1587.0;15.0;27.75;9.0;1.17;12.32;14.29;28.90;26.75;2.58;130027.0;12.0;12.0;127.0;4485.0;981.45;273.43;1.0;1.0;0;1.0;0;0;1.0;0;0;1.0;0;0;1.0;1.0;0;0;0;0;0
67272;2.90;1.00;13.0;1746.0;15.0;27.75;7.5;3.13;16.61;14.39;19.92;19.47;2.31;130027.0;14.0;13.0;125.0;4543.0;981.49;273.43;1.0;1.0;0;1.0;0;0;1.0;0;0;1.0;0;0;1.0;1.0;0;0;0;0;0
67817;2.14;1.02;18.0;1941.0;15.0;27.75;7.5;2.35;15.11;14.29;12.30;12.03;2.58;130027.0;17.0;19.0;125.0;4532.0;981.53;390.62;1.0;1.0;0;1.0;0;0;1.0;0;0;1.0;0;0;1.0;1.0;0;0;0;0;0
68454;1.92;0.99;13.0;1692.0;15.0;28.5;6.75;0;16.89;14.29;12.34;34.54;2.58;130027.0;14.0;14.0;147.0;4563.0;981.49;546.86;1.0;1.0;0;1.0;0;0;1.0;0;0;1.0;0;0;1.0;1.0;0;0;0;0;0
69028;2.64;0.99;15.0;1619.0;15.0;28.5;6.75;0.39;16.94;14.11;12.92;24.51;2.58;130027.0;15.0;14.0;142.0;4578.0;981.45;273.43;1.0;1.0;0;1.0;0;0;1.0;0;0;1.0;0;0;1.0;1.0;0;0;0;0;0
69579;3.20;1.00;15.0;1707.0;15.0;28.5;7.5;3.52;17.84;14.20;10.70;16.89;2.58;130027.0;15.0;16.0;124.0;4538.0;981.49;273.43;1.0;1.0;0;1.0;0;0;1.0;0;0;1.0;0;0;1.0;1.0;0;0;0;0;0
70247;4.18;1.00;18.0;2146.0;15.0;29.25;8.25;8.23;24.18;14.39;14.13;15.42;2.31;130027.0;19.0;19.0;123.0;4504.0;981.53;624.99;1.0;1.0;0;1.0;0;0;1.0;0;0;1.0;0;0;1.0;1.0;0;0;0;0;0
70801;4.58;1.00;22.0;2569.0;15.0;29.25;10.5;12.15;26.50;14.20;66.98;37.61;2.58;130027.0;23.0;23.0;123.0;4421.0;981.57;605.46;1.0;1.0;0;1.0;0;0;1.0;0;0;1.0;0;0;1.0;1.0;0;0;1.0;0;0
71338;1.40;1.00;25.0;1975.0;15.0;29.25;6.75;0;16.71;14.48;97.10;77.00;2.31;130027.0;26.0;26.0;145.0;4606.0;981.57;605.46;0;1.0;0;1.0;0;0;1.0;0;0;1.0;0;0;1.0;1.0;0;0;0;0;0
71886;3.04;0.99;26.0;2040.0;15.0;29.25;8.25;4.70;17.94;14.29;117.45;73.00;2.58;130027.0;26.0;26.0;123.0;4545.0;981.61;605.46;2.0;1.0;0;1.0;0;0;1.0;0;0;1.0;0;0;1.0;1.0;0;0;0;0;0
72405;3.54;0.98;27.0;2189.0;15.0;30.0;9.0;7.05;21.01;14.48;109.13;125.89;2.31;130027.0;28.0;28.0;122.0;4500.0;981.53;605.46;2.0;1.0;0;1.0;0;0;1.0;0;0;1.0;0;0;1.0;1.0;0;0;0;0;0
73055;2.84;0.98;30.0;2363.0;15.0;30.0;10.5;5.09;17.30;14.39;138.64;107.12;2.31;130027.0;29.0;30.0;122.0;4514.0;981.57;605.46;2.0;1.0;0;1.0;0;0;1.0;0;0;1.0;0;0;1.0;1.0;0;0;0;0;0
73634;2.29;0.96;30.0;2388.0;15.0;30.0;10.5;3.13;14.18;14.39;239.14;224.34;2.31;130027.0;30.0;30.0;122.0;4530.0;981.57;585.93;2.0;1.0;0;1.0;0;0;1.0;0;0;1.0;0;0;1.0;1.0;0;0;0;0;0
74167;2.13;0.94;30.0;2353.0;15.0;30.0;10.5;2.74;13.29;14.39;286.85;282.13;2.31;130027.0;30.0;30.0;122.0;4524.0;981.57;527.33;2.0;1.0;0;1.0;0;0;1.0;0;0;1.0;0;0;1.0;1.0;0;0;0;0;0
74727;2.67;0.94;28.0;2322.0;15.0;30.75;10.5;4.31;16.67;14.39;309.12;314.92;2.31;130027.0;29.0;29.0;121.0;4516.0;981.61;175.77;2.0;1.0;0;1.0;0;0;1.0;0;0;1.0;0;0;1.0;1.0;0;0;0;0;0
75315;2.78;0.97;30.0;2358.0;15.0;30.75;10.5;5.09;17.23;14.48;180.75;176.37;2.31;130027.0;30.0;30.0;121.0;4512.0;981.61;624.99;2.0;1.0;0;1.0;0;0;1.0;0;0;1.0;0;0;1.0;1.0;0;0;0;0;0
75833;2.65;0.95;31.0;2379.0;15.0;30.75;11.25;4.70;16.85;14.39;106.65;104.09;2.31;130027.0;31.0;31.0;121.0;4496.0;981.61;585.93;2.0;1.0;0;1.0;0;0;1.0;0;0;1.0;0;0;1.0;1.0;0;0;0;0;0
76330;2.62;0.93;31.0;2371.0;15.0;30.75;11.25;4.70;17.05;14.29;56.57;55.23;2.58;130027.0;31.0;31.0;121.0;4508.0;981.61;585.93;2.0;1.0;0;1.0;0;0;1.0;0;0;1.0;0;0;1.0;1.0;0;0;0;0;0
76888;2.48;0.93;32.0;2506.0;15.0;30.75;12.0;4.70;16.26;14.48;33.33;30.83;2.31;130027.0;32.0;32.0;121.0;4499.0;981.61;156.24;2.0;1.0;0;1.0;0;0;1.0;0;0;1.0;0;0;1.0;1.0;0;0;0;0;0
77435;2.48;0.95;31.0;2513.0;15.0;31.5;12.0;4.31;15.87;14.39;20.68;18.14;2.31;130027.0;32.0;31.0;120.0;4522.0;981.61;175.77;2.0;1.0;0;1.0;0;0;1.0;0;0;1.0;0;0;1.0;1.0;0;0;0;0;0
77966;2.55;0.97;31.0;2475.0;15.0;31.5;11.25;4.31;15.91;14.39;11.52;10.64;2.31;130027.0;31.0;32.0;120.0;4530.0;981.61;195.31;2.0;1.0;0;1.0;0;0;1.0;0;0;1.0;0;0;1.0;1.0;0;0;0;0;0
78476;2.61;0.99;32.0;2513.0;15.0;31.5;12.0;4.31;15.88;14.48;8.04;5.25;2.31;130027.0;32.0;31.0;120.0;4519.0;981.61;371.08;2.0;1.0;0;1.0;0;0;1.0;0;0;1.0;0;0;1.0;1.0;0;0;0;0;0
79008;2.55;0.99;32.0;2545.0;15.0;31.5;12.0;4.31;15.54;14.39;4.41;5.25;2.31;130027.0;32.0;32.0;120.0;4510.0;981.61;624.99;2.0;1.0;0;1.0;0;0;1.0;0;0;1.0;0;0;1.0;1.0;0;0;0;0;0
79498;2.58;0.99;32.0;2495.0;15.0;32.25;12.0;4.31;15.98;14.48;4.76;2.87;2.31;130027.0;32.0;32.0;120.0;4502.0;981.53;195.31;2.0;1.0;0;1.0;0;0;1.0;0;0;1.0;0;0;1.0;1.0;0;0;0;0;0
80055;2.63;1.01;32.0;2521.0;15.0;32.25;12.0;4.31;15.68;14.58;2.57;1.60;2.31;130027.0;32.0;32.0;120.0;4499.0;981.57;703.11;2.0;1.0;0;1.0;0;0;1.0;0;0;1.0;0;0;1.0;1.0;0;0;0;0;0
80552;2.50;0.99;32.0;2557.0;15.0;32.25;12.75;4.31;15.26;14.48;3.26;0.70;2.31;130027.0;33.0;33.0;120.0;4502.0;981.57;664.05;2.0;1.0;0;1.0;0;0;1.0;0;0;1.0;0;0;1.0;1.0;0;0;0;0;0
81048;2.04;0.98;32.0;2464.0;15.0;32.25;11.25;2.74;12.89;14.58;1.73;0.33;2.31;130027.0;32.0;33.0;120.0;4515.0;981.57;683.58;2.0;1.0;0;1.0;0;0;1.0;0;0;1.0;0;0;1.0;1.0;0;0;0;0;0
81602;1.97;0.96;31.0;2493.0;15.0;33.0;12.0;2.74;12.35;14.39;3.30;2.46;2.31;130027.0;32.0;32.0;119.0;4539.0;981.61;664.05;2.0;1.0;0;1.0;0;0;1.0;0;0;1.0;0;0;1.0;1.0;0;0;0;0;0
82178;1.96;0.94;31.0;2440.0;15.0;33.0;11.25;2.74;12.47;14.39;50.77;68.04;2.31;130027.0;31.0;31.0;119.0;4531.0;981.61;136.71;2.0;1.0;0;1.0;0;0;1.0;0;0;1.0;0;0;1.0;1.0;0;0;0;0;0
82715;2.60;1.00;30.0;2530.0;15.0;33.0;12.0;4.31;15.05;14.29;93.88;120.73;2.58;130027.0;30.0;30.0;119.0;4519.0;981.61;136.71;2.0;1.0;0;1.0;0;0;1.0;0;0;1.0;0;0;1.0;1.0;0;0;0;0;0
83282;2.69;1.02;31.0;2417.0;15.0;33.0;11.25;4.31;16.15;14.48;172.33;110.26;2.31;130027.0;31.0;31.0;119.0;4524.0;981.61;742.17;2.0;1.0;0;1.0;0;0;1.0;0;0;1.0;0;0;1.0;1.0;0;0;0;0;0
84484;2.35;0.98;31.0;2427.0;15.0;33.75;11.25;3.52;14.37;14.39;169.93;154.34;2.31;130027.0;31.0;32.0;118.0;4506.0;981.61;664.05;2.0;1.0;0;1.0;0;0;1.0;0;0;1.0;0;0;1.0;1.0;0;0;0;0;0
85003;2.28;0.97;31.0;2425.0;15.0;33.75;11.25;3.52;14.11;14.48;209.77;234.94;2.31;130027.0;32.0;32.0;118.0;4517.0;981.61;117.18;2.0;1.0;0;1.0;0;0;1.0;0;0;1.0;0;0;1.0;1.0;0;0;0;0;0
85506;2.24;0.99;31.0;2562.0;15.0;33.75;12.0;3.52;13.31;14.39;265.02;288.37;2.31;130027.0;31.0;31.0;118.0;4490.0;981.61;703.11;2.0;1.0;0;1.0;0;0;1.0;0;0;1.0;0;0;1.0;1.0;0;0;0;0;0
86002;2.16;0.97;31.0;2414.0;15.0;34.5;11.25;3.52;14.09;14.58;221.48;232.71;2.31;130027.0;31.0;32.0;117.0;4540.0;981.61;156.24;2.0;1.0;0;1.0;0;0;1.0;0;0;1.0;0;0;1.0;1.0;0;0;0;0;0
86499;2.28;0.99;31.0;2481.0;15.0;34.5;12.0;3.52;13.85;14.48;137.04;130.32;2.31;130027.0;31.0;32.0;117.0;4516.0;981.61;703.11;2.0;1.0;0;1.0;0;0;1.0;0;0;1.0;0;0;1.0;1.0;0;0;0;0;0
87076;2.27;0.98;31.0;2478.0;15.0;34.5;12.0;3.52;13.87;14.58;76.71;84.66;2.31;130027.0;32.0;32.0;117.0;4525.0;981.61;683.58;2.0;1.0;0;1.0;0;0;1.0;0;0;1.0;0;0;1.0;1.0;0;0;0;0;0
87609;2.20;0.95;31.0;2466.0;15.0;34.5;11.25;3.52;13.77;14.39;40.68;44.89;2.31;130027.0;31.0;32.0;117.0;4509.0;981.61;664.05;2.0;1.0;0;1.0;0;0;1.0;0;0;1.0;0;0;1.0;1.0;0;0;0;0;0
88105;2.16;0.95;31.0;2482.0;15.0;35.25;12.0;3.13;13.75;14.39;26.18;25.07;2.31;130027.0;31.0;32.0;116.0;4507.0;981.61;644.52;2.0;1.0;0;1.0;0;0;1.0;0;0;1.0;0;0;1.0;1.0;0;0;0;0;0
88595;2.17;0.94;31.0;2462.0;15.0;35.25;12.0;3.13;13.82;14.58;16.87;14.72;2.31;130027.0;31.0;32.0;116.0;4521.0;981.61;664.05;2.0;1.0;0;1.0;0;0;1.0;0;0;1.0;0;0;1.0;1.0;0;0;0;0;0
89118;2.08;0.92;31.0;2521.0;15.0;35.25;12.75;3.13;13.57;14.48;9.37;10.62;2.31;130027.0;32.0;32.0;116.0;4518.0;981.61;175.77;2.0;1.0;0;1.0;0;0;1.0;0;0;1.0;0;0;1.0;1.0;0;0;0;0;0
89675;2.16;0.94;32.0;2452.0;15.0;35.25;11.25;3.52;13.71;14.48;5.46;6.17;2.31;130027.0;32.0;32.0;116.0;4503.0;981.61;78.12;2.0;1.0;0;1.0;0;0;1.0;0;0;1.0;0;0;1.0;1.0;0;0;0;0;0
90156;1.25;1.00;31.0;2420.0;15.0;36.0;9.0;0;16.48;14.48;2.83;5.52;2.31;130027.0;31.0;31.0;125.0;4499.0;981.61;781.24;2.0;1.0;0;1.0;0;0;1.0;0;0;1.0;0;0;1.0;1.0;0;0;0;0;0
90654;1.39;1.00;30.0;2331.0;15.0;36.0;6.75;0;16.49;14.48;26.95;8.22;2.31;130027.0;30.0;30.0;140.0;4522.0;981.61;722.64;2.0;1.0;0;1.0;0;0;1.0;0;0;1.0;0;0;1.0;1.0;0;0;0;0;0
91226;1.51;1.00;27.0;2177.0;15.0;36.0;6.0;0;16.24;14.48;31.85;12.63;2.31;130027.0;28.0;28.0;133.0;4516.0;981.61;624.99;2.0;1.0;0;1.0;0;0;1.0;0;0;1.0;0;0;1.0;1.0;0;0;0;0;0
91727;1.60;1.00;25.0;1996.0;15.0;36.0;7.5;0;16.37;14.48;45.87;14.90;2.31;130027.0;25.0;25.0;134.0;4508.0;981.61;58.59;2.0;1.0;0;1.0;0;0;1.0;0;0;1.0;0;0;1.0;1.0;0;0;0;0;0
92227;1.71;1.00;23.0;1867.0;15.0;36.0;7.5;0;16.39;14.29;86.94;22.24;2.58;130027.0;23.0;23.0;132.0;4526.0;981.61;58.59;2.0;1.0;0;1.0;0;0;1.0;0;0;1.0;0;0;1.0;1.0;0;0;0;0;0
92775;1.92;1.00;22.0;1778.0;15.0;36.75;7.5;0;16.23;14.48;61.10;28.86;2.31;130027.0;23.0;22.0;132.0;4502.0;981.61;78.12;2.0;1.0;0;1.0;0;0;1.0;0;0;1.0;0;0;1.0;1.0;0;0;0;0;0
93368;1.86;1.00;22.0;1802.0;15.0;36.75;8.25;0;14.37;14.48;113.02;20.97;2.31;130027.0;21.0;23.0;115.0;4467.0;981.61;332.02;2.0;1.0;0;1.0;0;0;1.0;0;0;1.0;0;0;1.0;1.0;0;0;0;0;0
93959;1.87;1.00;22.0;1712.0;15.0;36.75;6.75;0;16.27;14.48;120.46;19.76;2.31;130027.0;23.0;23.0;133.0;4484.0;981.61;97.65;2.0;1.0;0;1.0;0;0;1.0;0;0;1.0;0;0;1.0;1.0;0;0;0;0;0
94492;1.97;1.02;22.0;1697.0;15.0;36.75;6.75;0;16.14;14.48;93.23;85.79;2.31;130027.0;23.0;23.0;135.0;4520.0;981.61;97.65;2.0;1.0;0;1.0;0;0;1.0;0;0;1.0;0;0;1.0;1.0;0;0;0;0;0
94992;1.85;1.04;23.0;1763.0;15.0;36.75;7.5;0;16.28;14.48;79.23;66.10;2.31;130027.0;23.0;23.0;132.0;4536.0;981.61;117.18;2.0;1.0;0;1.0;0;0;1.0;0;0;1.0;0;0;1.0;1.0;0;0;0;0;0
95490;1.87;1.00;22.0;1746.0;15.0;37.5;6.75;0;16.13;14.48;56.03;45.66;2.31;130027.0;23.0;23.0;133.0;4502.0;981.61;117.18;2.0;1.0;0;1.0;0;0;1.0;0;0;1.0;0;0;1.0;1.0;0;0;0;0;0
95987;1.86;1.01;22.0;1711.0;15.0;37.5;6.75;0;16.10;14.29;40.91;41.34;2.58;130027.0;22.0;22.0;129.0;4509.0;981.61;117.18;2.0;1.0;0;1.0;0;0;1.0;0;0;1.0;0;0;1.0;1.0;0;0;0;0;0
96537;1.85;1.03;21.0;1687.0;15.0;37.5;7.5;1.17;10.98;14.48;32.71;40.21;2.31;130027.0;22.0;21.0;114.0;4492.0;981.61;117.18;2.0;1.0;0;1.0;0;0;1.0;0;0;1.0;0;0;1.0;1.0;0;0;0;0;0
97034;3.29;1.00;21.0;1958.0;15.0;37.5;8.25;4.31;17.54;14.39;142.60;68.04;2.31;130027.0;21.0;21.0;114.0;4551.0;981.61;800.77;2.0;1.0;0;1.0;0;0;1.0;0;0;1.0;0;0;1.0;1.0;0;0;0;0;0
97528;3.80;0.99;21.0;2066.0;15.0;37.5;8.25;7.45;21.77;14.29;219.22;158.31;2.58;130028.0;22.0;22.0;114.0;4525.0;981.61;839.83;2.0;1.0;0;1.0;0;0;1.0;0;0;1.0;0;0;1.0;1.0;0;0;0;0;0
98083;5.0;1.00;23.0;1906.0;15.0;38.25;6.75;10.58;30.59;14.58;222.85;174.75;2.31;130028.0;23.0;23.0;113.0;4497.0;981.61;800.77;2.0;1.0;0;1.0;0;0;1.0;0;0;1.0;0;0;1.0;1.0;0;0;0;0;0
98619;4.81;0.98;25.0;2022.0;15.0;38.25;8.25;13.33;33.30;14.48;146.18;114.60;2.31;130028.0;25.0;25.0;113.0;4482.0;981.61;761.70;2.0;1.0;0;1.0;0;0;1.0;0;0;1.0;0;0;1.0;1.0;0;0;0;0;0
99172;4.32;0.95;28.0;2243.0;15.0;38.25;7.5;13.33;30.08;14.48;86.28;64.11;2.31;130028.0;27.0;28.0;113.0;4477.0;981.61;761.70;2.0;1.0;0;1.0;0;0;1.0;0;0;1.0;0;0;1.0;1.0;0;0;0;0;0
99708;3.99;0.92;30.0;2404.0;15.0;39.0;9.0;12.94;28.16;14.39;50.89;39.84;2.31;130028.0;30.0;31.0;112.0;4464.0;981.61;683.58;2.0;1.0;0;1.0;0;0;1.0;0;0;1.0;0;0;1.0;1.0;0;0;0;0;0
100207;3.61;0.89;32.0;2504.0;15.0;39.0;10.5;12.55;27.03;14.39;29.95;23.43;2.31;130028.0;31.0;32.0;112.0;4494.0;981.61;312.49;2.0;1.0;0;1.0;0;0;1.0;0;0;1.0;0;0;1.0;1.0;0;0;0;0;0
100717;3.62;0.92;33.0;2608.0;15.0;39.0;10.5;12.55;25.52;14.29;16.69;13.02;2.58;130028.0;33.0;34.0;112.0;4466.0;981.61;78.12;2.0;1.0;0;1.0;0;0;1.0;0;0;1.0;0;0;1.0;1.0;0;0;0;0;0
101328;3.4;0.95;35.0;2751.0;15.0;39.0;12.75;9.80;23.05;14.29;8.31;6.48;2.58;130028.0;35.0;35.0;112.0;4495.0;981.61;800.77;2.0;1.0;0;1.0;0;0;1.0;0;0;1.0;0;0;1.0;1.0;0;0;0;0;0
101863;3.11;0.90;36.0;2816.0;15.0;39.75;13.5;9.02;22.26;14.39;5.07;3.00;2.31;130028.0;35.0;37.0;111.0;4497.0;981.61;781.24;2.0;1.0;0;1.0;0;0;1.0;0;0;1.0;0;0;1.0;1.0;0;0;0;0;0
102353;2.75;0.86;37.0;2919.0;15.0;39.75;15.0;8.23;21.71;14.48;107.82;114.97;2.31;130028.0;36.0;38.0;111.0;4529.0;981.61;761.70;2.0;1.0;0;1.0;0;0;1.0;0;0;1.0;0;0;1.0;1.0;0;0;0;0;0
102922;2.82;0.83;37.0;2941.0;15.0;39.75;14.25;8.23;21.76;14.39;228.50;197.15;2.31;130028.0;37.0;38.0;111.0;4524.0;981.61;527.33;2.0;1.0;0;1.0;0;0;1.0;0;0;1.0;0;0;1.0;1.0;0;0;0;0;0
103454;0.72;1.00;37.0;2646.0;15.0;39.75;9.0;0;16.08;14.39;298.28;274.27;2.31;130028.0;38.0;38.0;111.0;4766.0;981.61;781.24;2.0;1.0;0;1.0;0;0;1.0;0;0;1.0;0;0;1.0;1.0;0;0;0;0;0
104020;2.82;1.00;36.0;2392.0;15.0;39.75;10.5;4.31;15.98;14.29;316.73;209.65;2.58;130028.0;36.0;36.0;111.0;4548.0;981.61;722.64;3.0;1.0;0;1.0;0;0;1.0;0;0;1.0;0;0;1.0;1.0;0;0;0;0;0
104577;3.73;0.99;36.0;2257.0;15.0;40.5;8.25;8.23;22.14;14.48;316.03;254.78;2.31;130028.0;36.0;37.0;110.0;4492.0;981.61;761.70;3.0;1.0;0;1.0;0;0;1.0;0;0;1.0;0;0;1.0;1.0;0;0;0;0;0
105100;3.81;0.96;36.0;2224.0;15.0;40.5;8.25;8.23;22.73;14.39;320.37;247.23;2.31;130028.0;37.0;37.0;110.0;4510.0;981.61;742.17;3.0;1.0;0;1.0;0;0;1.0;0;0;1.0;0;0;1.0;1.0;0;0;0;0;0
105614;2.98;1.00;37.0;2288.0;15.0;40.5;10.5;5.88;19.23;14.48;288.06;263.36;2.31;130028.0;36.0;38.0;110.0;4516.0;981.61;742.17;3.0;1.0;0;1.0;0;0;1.0;0;0;1.0;0;0;1.0;1.0;0;0;0;0;0
106229;2.81;0.97;37.0;2300.0;15.0;40.5;10.5;5.09;17.50;14.48;304.86;272.38;2.31;130028.0;37.0;37.0;110.0;4518.0;981.61;722.64;3.0;1.0;0;1.0;0;0;1.0;0;0;1.0;0;0;1.0;1.0;0;0;0;0;0
106765;2.72;0.94;37.0;2315.0;15.0;41.25;10.5;5.49;17.45;14.39;216.33;187.13;2.31;130028.0;37.0;38.0;109.0;4521.0;981.61;703.11;3.0;1.0;0;1.0;0;0;1.0;0;0;1.0;0;0;1.0;1.0;0;0;0;0;0
107263;2.73;0.92;37.0;2256.0;15.0;41.25;9.75;5.09;17.42;14.39;133.97;116.41;2.31;130028.0;37.0;37.0;109.0;4525.0;981.61;703.11;3.0;1.0;0;1.0;0;0;1.0;0;0;1.0;0;0;1.0;1.0;0;0;0;0;0
107768;2.61;0.90;37.0;2274.0;15.0;41.25;10.5;5.09;17.34;14.48;83.33;68.66;2.31;130028.0;37.0;37.0;109.0;4511.0;981.61;585.93;3.0;1.0;0;1.0;0;0;1.0;0;0;1.0;0;0;1.0;1.0;0;0;0;0;0
108266;1.96;1.00;36.0;2141.0;15.0;41.25;9.75;2.35;12.67;14.39;49.13;42.67;2.31;130028.0;36.0;36.0;109.0;4509.0;981.61;19.53;3.0;1.0;0;1.0;0;0;1.0;0;0;1.0;0;0;1.0;1.0;0;0;0;0;0
108755;1.51;1.00;35.0;2102.0;15.0;42.0;7.5;0;15.93;14.48;46.42;28.59;2.31;130028.0;35.0;35.0;127.0;4503.0;981.53;761.70;3.0;1.0;0;1.0;0;0;1.0;0;0;1.0;0;0;1.0;1.0;0;0;0;0;0
109262;1.56;1.00;32.0;2046.0;15.0;42.0;7.5;0;15.90;14.48;42.45;24.82;2.31;130028.0;33.0;33.0;124.0;4509.0;981.57;703.11;3.0;1.0;0;1.0;0;0;1.0;0;0;1.0;0;0;1.0;1.0;0;0;0;0;0
109817;1.56;1.00;30.0;1889.0;15.0;42.0;8.25;0;15.87;14.58;65.42;59.97;2.31;130028.0;30.0;30.0;123.0;4517.0;981.57;624.99;3.0;1.0;0;1.0;0;0;1.0;0;0;1.0;0;0;1.0;1.0;0;0;0;0;0
110299;1.72;0.99;27.0;1752.0;15.0;42.0;7.5;0;15.81;14.58;55.62;102.63;2.31;130028.0;28.0;28.0;124.0;4488.0;981.57;371.08;3.0;1.0;0;1.0;0;0;1.0;0;0;1.0;0;0;1.0;1.0;0;0;0;0;0
110805;1.80;1.00;26.0;1672.0;15.0;42.0;7.5;0;15.81;14.58;52.35;78.72;2.31;130028.0;27.0;27.0;124.0;4493.0;981.61;566.39;3.0;1.0;0;1.0;0;0;1.0;0;0;1.0;0;0;1.0;1.0;0;0;0;0;0
111362;1.84;0.98;26.0;1590.0;15.0;42.75;7.5;0;15.74;14.48;50.17;68.94;2.31;130028.0;26.0;26.0;123.0;4494.0;981.61;0;3.0;1.0;0;1.0;0;0;1.0;0;0;1.0;0;0;1.0;1.0;0;0;0;0;0
111948;2.29;0.99;25.0;1615.0;15.0;42.75;9.0;1.56;14.30;14.48;36.54;47.63;2.31;130028.0;25.0;25.0;108.0;4506.0;981.53;0;3.0;1.0;0;1.0;0;0;1.0;0;0;1.0;0;0;1.0;1.0;0;0;0;0;0
112537;2.40;1.01;25.0;1600.0;15.0;42.75;9.0;1.96;14.64;14.39;26.26;31.16;2.31;130028.0;25.0;25.0;108.0;4486.0;981.57;19.53;3.0;1.0;0;1.0;0;0;1.0;0;0;1.0;0;0;1.0;1.0;0;0;0;0;0
113032;1.89;1.03;23.0;1641.0;15.0;42.75;7.5;0;15.91;14.48;24.10;22.51;2.31;130028.0;24.0;24.0;122.0;4509.0;981.57;800.77;3.0;1.0;0;1.0;0;0;1.0;0;0;1.0;0;0;1.0;1.0;0;0;0;0;0
113588;3.16;1.00;25.0;1734.0;15.0;42.75;7.5;3.52;16.69;14.39;32.65;16.34;2.31;130028.0;24.0;25.0;108.0;4550.0;981.57;761.70;3.0;1.0;0;1.0;0;0;1.0;0;0;1.0;0;0;1.0;1.0;0;0;0;0;0
114165;3.16;0.98;25.0;1571.0;15.0;42.75;8.25;3.92;18.50;14.48;22.51;11.26;2.31;130028.0;25.0;25.0;108.0;4513.0;981.61;175.77;3.0;1.0;0;1.0;0;0;1.0;0;0;1.0;0;0;1.0;1.0;0;0;0;0;0
114715;3.04;0.99;26.0;1660.0;15.0;43.5;8.25;3.52;17.78;14.58;49.43;21.67;2.31;130028.0;27.0;27.0;107.0;4523.0;981.61;97.65;3.0;1.0;0;1.0;0;0;1.0;0;0;1.0;0;0;1.0;1.0;0;0;0;0;0
115213;2.93;1.01;27.0;1726.0;15.0;43.5;8.25;3.52;16.93;14.48;146.88;120.83;2.31;130028.0;27.0;28.0;107.0;4547.0;981.61;312.49;3.0;1.0;0;1.0;0;0;1.0;0;0;1.0;0;0;1.0;1.0;0;0;0;0;0
115722;2.81;1.02;28.0;1760.0;15.0;43.5;7.5;3.52;16.10;14.39;169.79;177.52;2.31;130028.0;28.0;29.0;107.0;4520.0;981.53;761.70;3.0;1.0;0;1.0;0;0;1.0;0;0;1.0;0;0;1.0;1.0;0;0;0;0;0
116219;2.47;1.00;30.0;1784.0;15.0;44.25;8.25;2.35;14.67;14.58;194.92;228.63;2.31;130028.0;30.0;29.0;106.0;4500.0;981.57;761.70;3.0;1.0;0;1.0;0;0;1.0;0;0;1.0;0;0;1.0;1.0;0;0;0;0;0
116757;5.93;1.00;30.0;1836.0;15.0;44.25;8.25;8.23;27.02;14.48;213.77;240.84;2.31;130028.0;29.0;30.0;106.0;4520.0;981.57;820.30;3.0;1.0;0;1.0;0;0;1.0;0;0;1.0;0;0;1.0;1.0;0;0;0;0;0
117264;5.09;1.00;32.0;2037.0;15.0;44.25;7.5;13.33;32.17;14.48;198.36;198.26;2.31;130028.0;32.0;33.0;106.0;4486.0;981.57;781.24;3.0;1.0;0;1.0;0;0;1.0;0;0;1.0;0;0;1.0;1.0;0;0;0;0;0
117815;4.43;0.98;37.0;2285.0;15.0;44.25;9.0;12.94;29.37;14.29;185.69;200.26;2.58;130028.0;36.0;37.0;106.0;4462.0;981.61;761.70;3.0;1.0;0;1.0;0;0;1.0;0;0;1.0;0;0;1.0;1.0;0;0;0;0;0
118351;3.89;0.98;38.0;2367.0;15.0;44.25;10.5;10.98;26.47;14.39;162.19;229.22;2.31;130028.0;38.0;39.0;106.0;4498.0;981.61;781.24;3.0;1.0;0;1.0;0;0;1.0;0;0;1.0;0;0;1.0;1.0;0;0;0;0;0
118896;2.24;1.00;40.0;2448.0;15.0;44.25;12.75;3.92;15.64;14.29;194.26;267.79;2.58;130028.0;39.0;40.0;106.0;4543.0;981.61;742.17;3.0;1.0;0;1.0;0;0;1.0;0;0;1.0;0;0;1.0;1.0;0;0;0;0;0
119422;2.2;0.97;40.0;2456.0;15.0;45.0;13.5;3.52;14.81;14.39;180.04;214.49;2.31;130028.0;40.0;40.0;105.0;4531.0;981.53;722.64;3.0;1.0;0;1.0;0;0;1.0;0;0;1.0;0;0;1.0;1.0;0;0;0;0;0
119967;1.08;1.00;40.0;2210.0;15.0;45.0;8.25;0;15.56;14.39;106.26;126.61;2.31;130028.0;40.0;40.0;115.0;4508.0;981.49;761.70;3.0;1.0;0;1.0;0;0;1.0;0;0;1.0;0;0;1.0;1.0;0;0;0;0;0
120505;1.38;1.00;37.0;2244.0;15.0;45.0;7.5;0;15.75;14.48;87.57;94.60;2.31;130028.0;36.0;37.0;123.0;4535.0;981.26;761.70;3.0;1.0;0;1.0;0;0;1.0;0;0;1.0;0;0;1.0;1.0;0;0;0;0;0
121024;1.36;1.00;37.0;2284.0;15.0;45.0;7.5;0;15.68;14.29;85.50;90.58;2.58;130028.0;36.0;37.0;123.0;4507.0;981.22;742.17;3.0;1.0;0;1.0;0;0;1.0;0;0;1.0;0;0;1.0;1.0;0;0;0;0;0
121581;1.38;1.00;35.0;2171.0;15.0;45.0;7.5;0;15.72;14.58;93.64;90.28;2.31;130028.0;35.0;35.0;120.0;4510.0;981.34;722.64;3.0;1.0;0;1.0;0;0;1.0;0;0;1.0;0;0;1.0;1.0;0;0;0;0;0
122127;1.64;1.00;30.0;1875.0;15.0;45.0;7.5;0;15.69;14.58;71.53;94.19;2.31;130028.0;30.0;31.0;123.0;4514.0;981.22;527.33;3.0;1.0;0;1.0;0;0;1.0;0;0;1.0;0;0;1.0;1.0;0;0;0;0;0
122684;1.85;1.00;25.0;1666.0;15.0;45.75;6.75;0;15.47;14.39;56.20;77.29;2.31;130028.0;25.0;25.0;119.0;4495.0;981.30;58.59;3.0;1.0;0;1.0;0;0;1.0;0;0;1.0;0;0;1.0;1.0;0;0;0;0;0
123184;1.78;1.00;20.0;1631.0;15.0;45.75;7.5;0;15.54;14.48;57.55;88.39;2.31;130028.0;20.0;20.0;119.0;4486.0;981.30;722.64;3.0;1.0;0;1.0;0;0;1.0;0;0;1.0;0;0;1.0;1.0;0;0;0;0;0
123683;1.91;0.99;16.0;1563.0;15.0;45.75;7.5;0;15.62;14.48;103.70;82.86;2.31;130028.0;17.0;17.0;121.0;4506.0;981.37;507.80;3.0;1.0;0;1.0;0;0;1.0;0;0;1.0;0;0;1.0;1.0;0;0;0;0;0
124178;1.93;0.99;16.0;1549.0;15.0;45.75;7.5;0;15.59;14.48;78.49;67.69;2.31;130028.0;16.0;16.0;120.0;4511.0;981.45;0;3.0;1.0;0;1.0;0;0;1.0;0;0;1.0;0;0;1.0;1.0;0;0;0;0;0
124684;1.94;1.01;13.0;1546.0;15.0;45.75;7.5;0;15.59;14.39;71.94;73.19;2.31;130028.0;14.0;14.0;118.0;4513.0;981.49;0;3.0;1.0;0;1.0;0;0;1.0;0;0;1.0;0;0;1.0;1.0;0;0;0;0;0
125182;1.96;1.03;12.0;1590.0;15.0;45.75;7.5;0;15.62;14.39;66.69;57.10;2.31;130028.0;12.0;12.0;120.0;4524.0;981.53;19.53;3.0;1.0;0;1.0;0;0;1.0;0;0;1.0;0;0;1.0;1.0;0;0;0;0;0
125729;2.01;1.04;10.0;1493.0;15.0;45.75;7.5;0;15.51;14.48;56.69;50.56;2.31;130028.0;10.0;10.0;119.0;4494.0;981.57;39.06;3.0;1.0;0;1.0;0;0;1.0;0;0;1.0;0;0;1.0;1.0;0;0;0;0;0
126226;1.94;1.06;7.0;1604.0;15.0;46.5;7.5;0;15.62;14.58;120.79;94.72;2.31;130028.0;8.0;8.0;118.0;4516.0;981.57;136.71;3.0;1.0;0;1.0;0;0;1.0;0;0;1.0;0;0;1.0;1.0;0;0;0;0;0
126723;2.07;1.07;6.0;1464.0;15.0;46.5;4.5;0;14.29;14.39;168.32;159.44;2.31;130028.0;7.0;7.0;108.0;4506.0;981.57;820.30;3.0;1.0;0;1.0;0;0;1.0;0;0;1.0;0;0;1.0;1.0;0;0;0;0;0
127239;2.01;1.05;6.0;1443.0;15.0;46.5;4.5;0;14.12;14.39;197.40;181.51;2.31;130028.0;6.0;6.0;106.0;4511.0;981.61;781.24;3.0;1.0;0;1.0;0;0;1.0;0;0;1.0;0;0;1.0;1.0;0;0;0;0;0
127774;1.95;1.03;5.0;1413.0;15.0;46.5;5.25;0;14.02;14.58;173.05;194.44;2.31;130028.0;6.0;6.0;101.0;4513.0;981.61;800.77;3.0;1.0;0;1.0;0;0;1.0;0;0;1.0;0;0;1.0;1.0;0;0;0;0;0
128305;1.99;1.02;5.0;1402.0;15.0;46.5;6.0;0;14.08;14.48;132.76;141.70;2.31;130028.0;5.0;5.0;99.0;4518.0;981.61;781.24;3.0;1.0;0;1.0;0;0;1.0;0;0;1.0;0;0;1.0;1.0;0;0;0;0;0
128893;1.96;1.00;5.0;1401.0;15.0;46.5;5.25;0;13.80;14.48;128.93;166.41;2.31;130028.0;5.0;5.0;99.0;4517.0;981.61;742.17;2.0;1.0;0;1.0;0;0;1.0;0;0;1.0;0;0;1.0;1.0;0;0;0;0;0
129397;1.82;0.98;5.0;1385.0;15.0;46.5;6.0;0;13.89;14.39;125.24;142.72;2.31;130028.0;5.0;5.0;96.0;4512.0;981.61;722.64;2.0;1.0;0;1.0;0;0;1.0;0;0;1.0;0;0;1.0;1.0;0;0;0;0;0
129896;1.84;0.97;2.0;1337.0;15.0;46.5;8.25;0;14.70;14.29;96.20;104.01;2.58;130028.0;3.0;3.0;96.0;4519.0;981.61;664.05;2.0;1.0;0;1.0;0;0;1.0;0;0;1.0;0;0;1.0;1.0;0;0;0;0;0
130400;1.88;0.96;0;1344.0;15.0;47.25;7.5;0;14.44;14.39;70.09;75.77;2.31;130028.0;0;0;95.0;4504.0;981.61;78.12;2.0;1.0;0;1.0;0;0;1.0;0;0;1.0;0;0;1.0;1.0;0;0;0;0;0
131000;1.91;0.98;0;1358.0;15.0;47.25;6.75;0;14.22;14.48;57.35;72.96;2.31;130028.0;0;0;95.0;4499.0;981.61;19.53;2.0;1.0;0;1.0;0;0;1.0;0;0;1.0;0;0;1.0;1.0;0;0;0;0;0
131582;1.95;0.99;0;1347.0;15.0;47.25;8.25;0;14.53;14.48;91.92;112.59;2.31;130028.0;0;0;94.0;4525.0;981.61;39.06;2.0;1.0;0;1.0;1.0;0;1.0;0;0;1.0;0;0;1.0;1.0;0;0;1.0;0;0
132082;1.80;1.00;0;1395.0;15.0;47.25;6.0;0;13.77;14.48;155.28;181.10;2.31;130028.0;0;0;94.0;4516.0;981.61;781.24;2.0;1.0;0;1.0;0;0;1.0;0;0;1.0;0;0;1.0;1.0;0;0;1.0;0;0
132581;1.84;0.98;0;1405.0;15.0;47.25;5.25;0;13.58;14.39;193.46;207.83;2.31;130028.0;0;0;96.0;4510.0;981.61;175.77;0;1.0;0;1.0;0;0;1.0;0;0;1.0;0;0;1.0;1.0;0;0;1.0;0;0
133081;1.96;1.00;0;1333.0;15.0;47.25;8.25;0;14.57;14.58;156.20;174.46;2.31;130028.0;0;0;95.0;4507.0;981.61;78.12;0;1.0;0;1.0;0;0;1.0;0;0;1.0;0;0;1.0;1.0;0;0;1.0;0;0
133582;1.89;1.01;0;1355.0;15.0;47.25;7.5;0;14.35;14.39;135.59;208.18;2.31;130028.0;0;0;95.0;4519.0;981.61;664.05;0;1.0;0;1.0;0;0;1.0;0;0;1.0;0;0;1.0;1.0;0;0;1.0;0;0
134144;1.95;1.00;0;1366.0;15.0;47.25;6.75;0;14.19;14.39;133.78;189.55;2.31;130028.0;0;0;95.0;4506.0;981.61;664.05;0;1.0;0;1.0;0;0;1.0;0;0;1.0;0;0;1.0;1.0;0;0;1.0;0;0
134646;1.91;1.02;0;1365.0;15.0;48.0;6.75;0;14.19;14.39;135.28;187.21;2.31;130028.0;0;0;95.0;4495.0;981.61;624.99;0;1.0;0;1.0;0;0;1.0;0;0;1.0;0;0;1.0;1.0;0;0;1.0;0;0
135146;1.88;1.01;0;1359.0;15.0;48.0;7.5;0;14.35;14.48;140.77;187.54;2.31;130028.0;0;0;95.0;4505.0;981.61;722.64;0;1.0;0;1.0;0;0;1.0;0;0;1.0;0;0;1.0;1.0;0;0;1.0;0;0
135669;1.91;0.99;0;1379.0;15.0;48.0;6.75;0;14.19;14.48;115.14;196.47;2.31;130028.0;0;0;96.0;4504.0;981.61;644.52;0;1.0;0;1.0;0;0;1.0;0;0;1.0;0;0;1.0;1.0;0;0;1.0;0;0
136212;1.96;0.99;0;1358.0;15.0;48.0;7.5;0;14.39;14.29;106.18;151.39;2.58;130028.0;0;0;96.0;4516.0;981.61;58.59;0;1.0;0;1.0;0;0;1.0;0;0;1.0;0;0;1.0;1.0;0;0;1.0;0;0
136748;1.84;1.01;0;1387.0;15.0;48.0;6.0;0;13.74;14.48;96.40;130.73;2.31;130028.0;0;0;96.0;4512.0;981.61;78.12;0;1.0;0;1.0;0;0;1.0;0;0;1.0;0;0;0;1.0;0;0;1.0;0;0
137260;1.89;1.03;0;1391.0;15.0;48.0;6.0;0;13.81;14.58;77.43;95.24;2.31;130028.0;0;0;96.0;4504.0;981.61;58.59;0;1.0;0;1.0;0;0;1.0;0;0;1.0;0;0;1.0;1.0;0;0;1.0;0;0
137822;1.88;1.03;0;1384.0;15.0;48.0;6.0;0;13.82;14.48;59.46;69.37;2.31;130028.0;0;0;96.0;4502.0;981.61;781.24;0;1.0;0;1.0;0;0;1.0;0;0;1.0;0;0;1.0;1.0;0;0;1.0;0;0
138366;1.96;1.02;0;1380.0;15.0;48.0;6.0;0;14.38;14.29;43.31;51.83;2.58;130028.0;0;0;96.0;4528.0;981.61;683.58;0;1.0;0;1.0;0;0;1.0;0;0;1.0;0;0;1.0;1.0;0;0;1.0;0;0
138875;1.89;1.00;0;1374.0;15.0;48.0;6.75;0;14.16;14.39;40.23;39.82;2.31;130028.0;0;0;94.0;4511.0;981.61;781.24;0;1.0;0;1.0;0;0;1.0;0;0;1.0;0;0;1.0;1.0;0;0;1.0;0;0
139467;1.88;0.98;0;1383.0;15.0;48.75;6.0;0;13.81;14.29;94.52;50.28;2.58;130028.0;0;0;94.0;4531.0;981.61;175.77;0;1.0;0;1.0;0;0;1.0;0;0;1.0;0;0;1.0;1.0;0;0;1.0;0;0
140005;1.85;0.99;0;1363.0;15.0;48.75;7.5;0;14.36;14.29;141.53;147.47;2.58;130028.0;0;0;96.0;4513.0;981.61;39.06;0;1.0;0;1.0;0;0;1.0;0;0;1.0;0;0;1.0;1.0;0;0;1.0;0;0
140498;1.83;1.01;0;1390.0;15.0;48.75;6.0;0;13.79;14.39;115.75;123.83;2.31;130028.0;0;0;95.0;4512.0;981.61;97.65;0;1.0;0;1.0;0;0;1.0;0;0;1.0;0;0;1.0;1.0;0;0;1.0;0;0
141041;1.94;1.03;0;1372.0;15.0;48.75;6.75;0;14.23;14.48;97.98;104.13;2.31;130028.0;0;0;96.0;4521.0;981.61;58.59;0;1.0;0;1.0;0;0;1.0;0;0;1.0;0;0;1.0;1.0;0;0;1.0;0;0
141523;1.94;1.03;0;1346.0;15.0;48.75;7.5;0;14.43;14.29;78.02;87.74;2.58;130028.0;0;0;95.0;4487.0;981.61;820.30;0;1.0;0;1.0;0;0;1.0;0;0;1.0;0;0;1.0;1.0;0;0;1.0;0;0
142044;1.97;1.02;0;1361.0;15.0;48.75;6.75;0;14.27;14.29;75.85;82.39;2.58;130028.0;0;0;96.0;4498.0;981.61;820.30;0;1.0;0;1.0;0;0;1.0;0;0;1.0;0;0;1.0;1.0;0;0;1.0;0;0
142574;1.92;1.00;0;1408.0;15.0;49.5;5.25;0;13.65;14.58;59.13;71.01;2.31;130028.0;0;0;96.0;4499.0;981.61;703.11;0;1.0;0;1.0;0;0;1.0;0;0;1.0;0;0;1.0;1.0;0;0;1.0;0;0
143130;1.92;0.99;0;1361.0;15.0;49.5;6.75;0;14.22;14.48;51.96;84.44;2.31;130028.0;0;0;94.0;4512.0;981.61;97.65;0;1.0;0;1.0;0;0;1.0;0;0;1.0;0;0;1.0;1.0;0;0;1.0;0;0
143639;1.83;1.01;0;1379.0;15.0;49.5;6.0;0;13.83;14.58;118.50;149.48;2.31;130028.0;0;0;95.0;4508.0;981.61;58.59;0;1.0;0;1.0;0;0;1.0;0;0;1.0;0;0;1.0;1.0;0;0;1.0;0;0
144137;1.92;1.02;0;1383.0;15.0;49.5;6.0;0;13.74;14.58;132.47;207.99;2.31;130028.0;0;0;95.0;4506.0;981.61;58.59;0;1.0;0;1.0;0;0;1.0;0;0;1.0;0;0;1.0;1.0;0;0;1.0;0;0
144681;2.0;1.04;0;1379.0;15.0;49.5;6.0;0;13.77;14.48;188.38;250.64;2.31;130028.0;0;0;94.0;4501.0;981.61;703.11;0;1.0;0;1.0;0;0;1.0;0;0;1.0;0;0;1.0;1.0;0;0;1.0;0;0
145234;1.94;1.03;0;1370.0;15.0;49.5;6.75;0;14.12;14.39;223.87;215.43;2.31;130028.0;0;0;93.0;4523.0;981.61;800.77;0;1.0;0;1.0;0;0;1.0;0;0;1.0;0;0;1.0;1.0;0;0;1.0;0;0
145767;1.84;1.01;0;1381.0;15.0;49.5;6.0;0;13.72;14.39;191.96;196.74;2.31;130028.0;0;0;93.0;4524.0;981.61;761.70;0;1.0;0;1.0;0;0;1.0;0;0;1.0;0;0;1.0;1.0;0;0;1.0;0;0
146267;1.76;1.00;0;1422.0;15.0;49.5;4.5;0;13.41;14.39;139.89;186.41;2.31;130028.0;0;0;93.0;4521.0;981.61;605.46;0;1.0;0;1.0;0;0;1.0;0;0;1.0;0;0;1.0;1.0;0;0;1.0;0;0
146774;1.79;0.99;0;1383.0;15.0;50.25;6.0;0;13.71;14.58;107.47;148.46;2.31;130028.0;0;0;93.0;4495.0;981.61;78.12;0;1.0;0;1.0;0;0;1.0;0;0;1.0;0;0;0;1.0;0;0;1.0;0;0
147274;1.92;1.01;0;1380.0;15.0;50.25;6.0;0;13.70;14.39;86.75;124.42;2.31;130028.0;0;0;94.0;4526.0;981.61;78.12;0;1.0;0;1.0;0;0;1.0;0;0;1.0;0;0;1.0;1.0;0;0;1.0;0;0
147782;1.97;1.03;0;1344.0;15.0;50.25;7.5;0;14.26;14.48;74.64;102.59;2.31;130028.0;0;0;93.0;4500.0;981.61;136.71;0;1.0;0;1.0;0;0;1.0;0;0;1.0;0;0;1.0;1.0;0;0;1.0;0;0
148284;1.88;1.02;0;1332.0;15.0;50.25;8.25;0;14.50;14.58;69.23;78.78;2.31;130028.0;0;0;94.0;4518.0;981.61;742.17;0;1.0;0;1.0;0;0;1.0;0;0;1.0;0;0;1.0;1.0;0;0;1.0;0;0
148876;1.83;1.01;0;1355.0;15.0;50.25;7.5;0;14.29;14.48;60.85;64.39;2.31;130028.0;0;0;93.0;4515.0;981.61;781.24;0;1.0;0;1.0;0;0;1.0;0;0;1.0;0;0;1.0;1.0;0;0;1.0;0;0
149373;1.84;0.99;0;1351.0;15.0;50.25;7.5;0;14.22;14.39;42.04;44.46;2.31;130028.0;0;0;93.0;4515.0;981.61;371.08;0;1.0;0;1.0;0;0;1.0;0;0;1.0;0;0;1.0;1.0;0;0;1.0;0;0
149879;1.89;1.00;0;1381.0;15.0;50.25;6.0;0;13.72;14.48;37.51;41.05;2.31;130028.0;0;0;93.0;4525.0;981.61;58.59;0;1.0;0;1.0;0;0;1.0;0;0;1.0;0;0;1.0;1.0;0;0;1.0;0;0
150413;1.88;1.02;0;1348.0;15.0;50.25;7.5;0;14.31;14.39;28.78;31.99;2.31;130028.0;0;0;93.0;4508.0;981.61;78.12;0;1.0;0;1.0;0;0;1.0;0;0;1.0;0;0;1.0;1.0;0;0;1.0;0;0
150911;1.88;1.03;0;1368.0;15.0;50.25;6.75;0;14.05;14.39;20.93;28.88;2.31;130028.0;0;0;94.0;4510.0;981.61;820.30;0;1.0;0;1.0;0;0;1.0;0;0;1.0;0;0;1.0;1.0;0;0;1.0;0;0
151413;1.84;1.01;0;1396.0;15.0;50.25;5.25;0;13.55;14.48;55.07;31.07;2.31;130028.0;0;0;94.0;4506.0;981.61;761.70;0;1.0;0;1.0;0;0;1.0;0;0;1.0;0;0;1.0;1.0;0;0;1.0;0;0
151909;1.92;0.99;0;1335.0;15.0;50.25;8.25;0;14.58;14.48;86.40;60.67;2.31;130028.0;0;0;94.0;4506.0;981.61;78.12;0;1.0;0;1.0;0;0;1.0;0;0;1.0;0;0;1.0;1.0;0;0;1.0;0;0
152431;1.93;1.01;0;1344.0;15.0;51.0;7.5;0;14.25;14.58;114.44;89.83;2.31;130028.0;0;0;92.0;4538.0;981.61;39.06;0;1.0;0;1.0;0;0;1.0;0;0;1.0;0;0;1.0;1.0;0;0;1.0;0;0
152969;1.87;1.03;0;1357.0;15.0;51.0;6.75;0;14.07;14.29;97.78;90.22;2.58;130028.0;0;0;93.0;4520.0;981.61;58.59;0;1.0;0;1.0;0;0;1.0;0;0;1.0;0;0;1.0;1.0;0;0;1.0;0;0
153468;1.99;1.03;0;1366.0;15.0;51.0;6.0;0;13.75;14.48;82.10;62.33;2.31;130028.0;0;0;93.0;4504.0;981.61;839.83;0;1.0;0;1.0;0;0;1.0;0;0;1.0;0;0;1.0;1.0;0;0;1.0;0;0
153972;1.85;1.02;0;1379.0;15.0;51.0;6.0;0;13.70;14.58;63.04;45.40;2.31;130028.0;0;0;92.0;4518.0;981.61;664.05;0;1.0;0;1.0;0;0;1.0;0;0;1.0;0;0;1.0;1.0;0;0;1.0;0;0
154473;1.79;1.00;0;1401.0;15.0;51.0;5.25;0;13.41;14.58;49.99;33.04;2.31;130028.0;0;0;92.0;4521.0;981.61;605.46;0;1.0;0;1.0;0;0;1.0;0;0;1.0;0;0;1.0;1.0;0;0;1.0;0;0
154963;1.87;0.98;0;1351.0;15.0;51.0;6.75;0;14.00;14.39;39.72;25.33;2.31;130028.0;0;0;92.0;4515.0;981.61;683.58;0;1.0;0;1.0;0;0;1.0;0;0;1.0;0;0;1.0;1.0;0;0;1.0;0;0
155471;1.77;0.97;0;1347.0;15.0;51.0;6.75;0;14.06;14.48;32.14;19.43;2.31;130028.0;0;0;92.0;4520.0;981.61;39.06;0;1.0;0;1.0;0;0;1.0;0;0;1.0;0;0;1.0;1.0;0;0;1.0;0;0
156069;1.85;0.99;0;1386.0;15.0;51.0;6.0;0;13.61;14.48;22.16;13.35;2.31;130028.0;0;0;93.0;4508.0;981.61;39.06;0;1.0;0;1.0;0;0;1.0;0;0;1.0;0;0;1.0;1.0;0;0;1.0;0;0
156566;1.88;1.01;0;1353.0;15.0;51.0;6.75;0;14.00;14.48;15.25;11.79;2.31;130028.0;0;0;92.0;4497.0;981.61;78.12;0;1.0;0;1.0;0;0;1.0;0;0;1.0;0;0;1.0;1.0;0;0;1.0;0;0
157121;1.88;1.03;0;1360.0;15.0;51.0;6.75;0;14.00;14.20;11.05;12.71;2.58;130028.0;0;0;93.0;4541.0;981.61;58.59;0;1.0;0;1.0;0;0;1.0;0;0;1.0;0;0;1.0;1.0;0;0;1.0;0;0
157618;1.95;1.05;0;1391.0;15.0;51.0;5.25;0;13.42;14.48;8.43;9.21;2.31;130028.0;0;0;92.0;4517.0;981.61;781.24;0;1.0;0;1.0;0;0;1.0;0;0;1.0;0;0;1.0;1.0;0;0;1.0;0;0
158172;1.88;1.03;0;1353.0;15.0;51.0;6.75;0;13.93;14.58;6.13;13.59;2.31;130028.0;0;0;91.0;4521.0;981.61;820.30;0;1.0;0;1.0;0;0;1.0;0;0;1.0;0;0;1.0;1.0;0;0;1.0;0;0
158665;1.89;1.01;0;1365.0;15.0;51.75;6.0;0;13.55;14.58;22.47;78.53;2.31;130028.0;0;0;90.0;4494.0;981.61;800.77;0;1.0;0;1.0;0;0;1.0;0;0;1.0;0;0;1.0;1.0;0;0;1.0;0;0
159216;1.77;1.00;0;1370.0;15.0;51.75;6.0;0;13.54;14.20;40.83;78.43;2.58;130028.0;0;0;89.0;4528.0;981.61;644.52;0;1.0;0;1.0;0;0;1.0;0;0;1.0;0;0;1.0;1.0;0;0;1.0;0;0
159715;1.81;1.00;0;1328.0;15.0;51.75;8.25;0;14.30;14.48;63.60;71.53;2.31;130028.0;0;0;91.0;4494.0;981.61;136.71;0;1.0;0;1.0;0;0;1.0;0;0;1.0;0;0;1.0;1.0;0;0;1.0;0;0
160268;1.82;1.01;0;1367.0;15.0;51.75;6.0;0;13.59;14.48;108.84;63.51;2.31;130028.0;0;0;91.0;4517.0;981.61;58.59;0;1.0;0;1.0;0;0;1.0;0;0;1.0;0;0;1.0;1.0;0;0;1.0;0;0
160776;1.86;1.03;0;1334.0;15.0;51.75;8.25;0;14.35;14.29;92.94;71.08;2.58;130028.0;0;0;93.0;4512.0;981.61;78.12;0;1.0;0;1.0;0;0;1.0;0;0;1.0;0;0;1.0;1.0;0;0;1.0;0;0
161391;1.92;1.04;0;1324.0;15.0;51.75;7.5;0;14.28;14.58;67.71;51.75;2.31;130028.0;0;0;92.0;4510.0;981.61;97.65;0;1.0;0;1.0;0;0;1.0;0;0;1.0;0;0;1.0;1.0;0;0;1.0;0;0
161893;1.87;1.04;0;1368.0;15.0;51.75;6.0;0;13.65;14.58;50.89;44.60;2.31;130028.0;0;0;92.0;4515.0;981.61;683.58;0;1.0;0;1.0;0;0;1.0;0;0;1.0;0;0;1.0;1.0;0;0;1.0;0;0
162440;1.93;1.03;0;1348.0;15.0;51.75;6.75;0;14.04;14.48;40.66;32.47;2.31;130028.0;0;0;93.0;4490.0;981.61;800.77;0;1.0;0;1.0;0;0;1.0;0;0;1.0;0;0;1.0;1.0;0;0;1.0;0;0
162953;1.84;1.01;0;1352.0;15.0;51.75;6.75;0;13.99;14.39;31.18;23.63;2.31;130028.0;0;0;92.0;4513.0;981.61;332.02;0;1.0;0;1.0;0;0;1.0;0;0;1.0;0;0;1.0;1.0;0;0;1.0;0;0
163483;1.92;1.02;0;1350.0;15.0;51.75;6.75;0;14.04;14.39;25.05;18.12;2.31;130028.0;0;0;92.0;4526.0;981.61;58.59;0;1.0;0;1.0;0;0;1.0;0;0;1.0;0;0;1.0;1.0;0;0;1.0;0;0
163980;1.93;1.04;0;1367.0;15.0;51.75;6.75;0;14.00;14.39;21.26;12.47;2.31;130028.0;0;0;92.0;4514.0;981.61;742.17;0;1.0;0;1.0;0;0;1.0;0;0;1.0;0;0;1.0;1.0;0;0;1.0;0;0
164522;1.87;1.02;0;1388.0;15.0;52.5;5.25;0;13.48;14.48;18.41;9.04;2.31;130028.0;0;0;93.0;4525.0;981.61;781.24;0;1.0;0;1.0;0;0;1.0;0;0;1.0;0;0;1.0;1.0;0;0;1.0;0;0
165037;1.91;1.02;0;1358.0;15.0;52.5;6.75;0;13.96;14.48;13.35;6.52;2.31;130028.0;0;0;91.0;4510.0;981.61;644.52;0;1.0;0;1.0;0;0;1.0;0;0;1.0;0;0;1.0;1.0;0;0;1.0;0;0
165547;1.82;1.01;0;1362.0;15.0;52.5;6.75;0;14.01;14.58;24.02;6.85;2.31;130028.0;0;0;92.0;4502.0;981.61;117.18;0;1.0;0;1.0;0;0;1.0;0;0;1.0;0;0;1.0;1.0;0;0;1.0;0;0
166085;1.80;1.02;0;1381.0;15.0;52.5;6.0;0;13.60;14.39;22.20;4.92;2.31;130028.0;0;0;92.0;4510.0;981.61;58.59;0;1.0;0;1.0;0;0;1.0;0;0;1.0;0;0;1.0;1.0;0;0;1.0;0;0
166585;1.89;1.04;0;1361.0;15.0;52.5;6.75;0;14.00;14.29;15.29;3.35;2.58;130028.0;0;0;92.0;4509.0;981.61;312.49;0;1.0;0;1.0;0;0;1.0;0;0;1.0;0;0;1.0;1.0;0;0;0;0;0
167085;7.37;1.00;0;1393.0;15.0;52.5;7.5;7.45;30.36;14.58;17.63;4.76;2.31;130028.0;0;0;103.0;4546.0;981.61;917.95;1.0;1.0;0;1.0;0;0;1.0;0;0;1.0;0;0;1.0;1.0;0;0;0;0;0
167641;4.57;1.00;0;1976.0;15.0;52.5;10.5;11.37;31.91;14.39;10.91;4.51;2.31;130028.0;0;0;97.0;4595.0;981.61;644.52;1.0;1.0;0;1.0;0;0;1.0;0;0;1.0;0;0;1.0;1.0;0;0;0;0;0
168163;3.00;1.00;12.0;1878.0;15.0;52.5;10.5;7.05;25.65;14.39;9.00;2.89;2.31;130028.0;12.0;12.0;97.0;4547.0;981.61;175.77;1.0;1.0;0;1.0;0;0;1.0;0;0;1.0;0;0;1.0;1.0;0;0;0;0;0
168758;2.80;1.00;17.0;1907.0;15.0;52.5;11.25;4.70;18.51;14.48;5.48;3.84;2.31;130028.0;17.0;17.0;97.0;4507.0;981.61;97.65;1.0;1.0;0;1.0;0;0;1.0;0;0;1.0;0;0;1.0;1.0;0;0;0;0;0
169269;4.05;1.00;21.0;2344.0;15.0;52.5;14.25;9.80;24.91;14.39;3.00;2.30;2.31;130028.0;21.0;21.0;97.0;4465.0;981.61;859.36;1.0;1.0;0;1.0;0;0;1.0;0;0;1.0;0;0;1.0;1.0;0;0;0;0;0
169803;4.07;0.99;27.0;2998.0;15.0;52.5;18.75;14.51;28.46;14.48;1.60;1.19;2.31;130028.0;25.0;27.0;97.0;4409.0;981.61;722.64;1.0;1.0;0;1.0;0;0;1.0;0;0;1.0;0;0;1.0;1.0;0;0;0;0;0
170307;4.8;1.00;32.0;3636.0;15.0;52.5;22.5;19.21;32.16;14.48;0.66;0.46;2.31;130028.0;31.0;33.0;97.0;4491.0;981.61;800.77;1.0;1.0;0;1.0;0;0;1.0;0;0;1.0;0;0;1.0;1.0;0;0;0;0;0
170821;0.26;1.00;36.0;3590.0;15.0;53.25;41.25;0;9.12;14.39;0.19;0.09;2.31;130028.0;34.0;36.0;96.0;4583.0;981.61;878.89;0;1.0;0;1.0;0;0;1.0;0;0;1.0;0;0;1.0;1.0;0;0;0;0;0
171370;4.68;0.98;38.0;3014.0;15.0;53.25;18.0;17.25;29.91;14.39;0;0;2.31;130028.0;36.0;38.0;96.0;4162.0;981.61;820.30;2.0;1.0;0;1.0;0;0;1.0;0;0;1.0;0;0;1.0;1.0;0;0;0;0;0
171898;6.15;0.99;45.0;3465.0;15.0;53.25;16.5;27.06;38.80;14.48;0;0;2.31;130028.0;42.0;45.0;96.0;4334.0;981.61;781.24;2.0;1.0;0;1.0;0;0;1.0;0;0;1.0;0;0;1.0;1.0;0;0;0;0;0
172432;6.12;0.96;50.0;3866.0;15.0;53.25;18.75;30.19;42.28;14.39;1.01;0;2.31;130028.0;46.0;50.0;96.0;4478.0;981.53;820.30;2.0;1.0;0;1.0;0;0;1.0;0;0;1.0;0;0;1.0;1.0;0;0;0;0;0
172952;4.89;1.00;52.0;4118.0;15.0;53.25;24.0;23.92;37.67;14.39;2.01;0;2.31;130028.0;51.0;53.0;96.0;4544.0;981.53;820.30;2.0;1.0;0;1.0;0;0;1.0;0;0;1.0;0;0;1.0;1.0;0;0;0;0;0
173451;4.84;0.95;55.0;4254.0;15.0;53.25;25.5;23.53;36.39;14.48;1.60;0;2.31;130028.0;54.0;55.0;96.0;4573.0;981.57;800.77;2.0;1.0;0;1.0;0;0;1.0;0;0;1.0;0;0;1.0;1.0;0;0;0;0;0
173972;4.06;1.00;55.0;3387.0;15.0;54.0;24.0;14.51;27.82;14.39;11.46;21.20;2.31;130028.0;54.0;55.0;95.0;4410.0;981.57;839.83;3.0;1.0;0;1.0;0;0;1.0;0;0;1.0;0;0;1.0;1.0;0;0;0;0;0
174553;4.93;0.97;57.0;3489.0;15.0;54.0;20.25;22.35;35.35;14.48;64.03;193.19;2.31;130028.0;56.0;57.0;95.0;4500.0;981.45;781.24;3.0;1.0;0;1.0;0;0;1.0;0;0;1.0;0;0;1.0;1.0;0;0;0;0;0
175053;3.68;1.00;58.0;3576.0;15.0;54.0;26.25;13.72;27.48;14.48;170.94;237.87;2.31;130028.0;57.0;58.0;95.0;4474.0;981.37;820.30;3.0;1.0;0;1.0;0;0;1.0;0;0;1.0;0;0;1.0;1.0;0;0;0;0;0
175576;3.44;0.93;60.0;3703.0;15.0;54.0;28.5;13.72;27.21;14.20;179.46;228.96;2.58;130028.0;58.0;61.0;95.0;4523.0;981.37;781.24;3.0;1.0;0;1.0;0;0;1.0;0;0;1.0;0;0;1.0;1.0;0;0;0;0;0
176108;4.33;0.98;62.0;3801.0;15.0;54.0;26.25;18.82;31.99;14.39;208.87;227.11;2.31;130028.0;59.0;63.0;95.0;4537.0;981.37;800.77;3.0;1.0;0;1.0;0;0;1.0;0;0;1.0;0;0;1.0;1.0;0;0;0;0;0
176663;3.76;0.89;63.0;3872.0;15.0;54.75;27.0;17.64;30.29;14.48;196.00;216.25;2.31;130028.0;60.0;63.0;94.0;4525.0;981.22;605.46;3.0;1.0;0;1.0;0;0;1.0;0;0;1.0;0;0;1.0;1.0;0;0;0;0;0
177190;3.67;0.91;63.0;3926.0;15.0;54.75;28.5;16.86;29.82;14.48;183.28;209.20;2.31;130028.0;61.0;64.0;94.0;4533.0;980.95;742.17;3.0;1.0;0;1.0;0;0;1.0;0;0;1.0;0;0;1.0;1.0;0;0;0;0;0
177745;3.30;0.87;63.0;3938.0;15.0;54.75;30.0;14.90;28.00;14.48;205.86;197.07;2.31;130028.0;62.0;64.0;94.0;4512.0;980.79;820.30;3.0;1.0;0;1.0;0;0;1.0;0;0;1.0;0;0;1.0;1.0;0;0;0;0;0
178291;3.70;0.93;65.0;3953.0;15.0;55.5;30.75;14.90;28.35;14.29;131.24;122.84;2.58;130028.0;62.0;65.0;93.0;4506.0;980.67;800.77;3.0;1.0;0;1.0;0;0;1.0;0;0;1.0;0;0;1.0;1.0;0;0;0;0;0
178882;4.02;0.94;65.0;3968.0;15.0;55.5;28.5;17.64;31.09;14.48;56.40;55.17;2.31;130028.0;63.0;65.0;93.0;4546.0;980.59;683.58;3.0;1.0;0;1.0;0;0;1.0;0;0;1.0;0;0;1.0;1.0;0;0;0;0;0
179386;3.81;0.87;66.0;4061.0;15.0;55.5;29.25;18.04;31.90;14.58;19.53;19.13;2.31;130028.0;64.0;66.0;93.0;4548.0;980.55;722.64;3.0;1.0;0;1.0;0;0;1.0;0;0;1.0;0;0;1.0;1.0;0;0;0;0;0
179885;4.32;0.91;67.0;4099.0;15.0;55.5;27.0;20.39;33.73;14.58;9.96;8.69;2.31;130028.0;65.0;67.0;93.0;4559.0;980.52;507.80;3.0;1.0;0;1.0;0;0;1.0;0;0;1.0;0;0;1.0;1.0;0;0;0;0;0
180387;4.64;0.95;67.0;4115.0;15.0;56.25;27.0;21.17;35.03;14.48;3.96;4.43;2.31;130028.0;65.0;67.0;93.0;4537.0;980.52;722.64;3.0;1.0;0;1.0;0;0;1.0;0;0;1.0;0;0;1.0;1.0;0;0;0;0;0
180882;0;1.00;66.0;3876.0;15.0;56.25;41.25;0;4.78;14.58;2.57;2.71;2.31;130028.0;65.0;66.0;93.0;4422.0;980.40;839.83;3.0;1.0;0;1.0;0;0;1.0;0;0;0;0;0;1.0;1.0;0;0;0;0;0
181405;4.54;1.00;66.0;3454.0;15.0;56.25;23.25;18.04;29.26;14.48;2.57;1.11;2.31;130028.0;65.0;67.0;93.0;4424.0;980.32;781.24;4.0;1.0;0;1.0;0;0;1.0;0;0;0;0;0;1.0;1.0;0;0;0;0;0
181946;4.70;0.97;67.0;3506.0;15.0;57.0;20.25;21.96;33.05;14.39;1.11;0.39;2.31;130028.0;66.0;68.0;92.0;4516.0;980.28;624.99;4.0;1.0;0;1.0;0;0;1.0;0;0;0;0;0;1.0;1.0;0;0;0;0;0
182538;4.60;0.99;68.0;3565.0;15.0;57.0;21.75;21.57;32.88;14.58;1.42;0.03;2.31;130028.0;67.0;69.0;92.0;4501.0;980.24;664.05;4.0;1.0;0;1.0;0;0;1.0;0;0;0;0;0;1.0;1.0;0;0;0;0;0
183040;4.45;0.96;70.0;3640.0;15.0;57.0;22.5;21.57;33.22;14.58;0.42;0;2.31;130028.0;69.0;70.0;92.0;4511.0;980.09;683.58;4.0;1.0;0;1.0;0;0;1.0;0;0;0;0;0;1.0;1.0;0;0;0;0;0
183533;4.4;0.95;71.0;3693.0;15.0;57.0;23.25;21.57;33.25;14.58;2.20;0;2.31;130028.0;69.0;71.0;92.0;4521.0;979.85;761.70;4.0;1.0;0;1.0;0;0;1.0;0;0;0;0;0;1.0;1.0;0;0;0;0;0
184053;4.05;0.90;72.0;3741.0;15.0;57.0;24.75;20.78;32.50;14.48;1.07;0;2.31;130028.0;71.0;72.0;92.0;4514.0;979.73;722.64;4.0;1.0;0;1.0;0;0;1.0;0;0;0;0;0;1.0;1.0;0;0;0;0;0
184541;4.23;0.94;72.0;3779.0;15.0;57.75;25.5;20.78;32.49;14.48;73.97;65.93;2.31;130028.0;71.0;73.0;91.0;4514.0;979.58;781.24;4.0;1.0;0;1.0;0;0;1.0;0;0;0;0;0;1.0;1.0;0;0;0;0;0
185063;3.92;0.90;73.0;3831.0;15.0;57.75;26.25;20.39;31.74;14.39;202.38;174.73;2.31;130028.0;72.0;74.0;91.0;4521.0;979.46;761.70;4.0;1.0;0;1.0;0;0;1.0;0;0;0;0;0;1.0;1.0;0;0;0;0;0
185559;3.82;0.89;73.0;3871.0;15.0;57.75;27.0;19.61;31.16;14.58;261.48;261.70;2.31;130028.0;72.0;74.0;91.0;4510.0;979.38;703.11;4.0;1.0;0;1.0;0;0;1.0;0;0;0;0;0;1.0;1.0;0;0;0;0;0
186062;3.52;0.91;75.0;3898.0;15.0;58.5;29.25;16.86;28.99;14.58;324.37;303.61;2.31;130028.0;73.0;75.0;90.0;4519.0;979.30;839.83;4.0;1.0;0;1.0;0;0;1.0;0;0;0;0;0;1.0;1.0;0;0;0;0;0
186653;3.18;0.96;73.0;3835.0;15.0;58.5;32.25;11.76;24.44;14.58;332.96;320.74;2.31;130028.0;72.0;74.0;90.0;4480.0;979.27;820.30;4.0;1.0;0;1.0;0;0;1.0;0;0;0;0;0;1.0;1.0;0;0;0;0;0
187167;3.17;0.88;72.0;3794.0;15.0;58.5;30.0;14.90;26.55;14.58;326.46;293.96;2.31;130028.0;72.0;73.0;90.0;4509.0;979.27;585.93;4.0;1.0;0;1.0;0;0;1.0;0;0;0;0;0;0;1.0;0;0;0;0;0
187703;3.18;0.88;72.0;3788.0;15.0;58.5;29.25;15.29;26.80;14.58;255.90;249.80;2.31;130028.0;71.0;73.0;90.0;4519.0;979.15;605.46;4.0;1.0;0;1.0;0;0;1.0;0;0;0;0;0;1.0;1.0;0;0;0;0;0
188201;3.26;0.89;72.0;3774.0;15.0;59.25;29.25;15.29;26.75;14.39;253.65;241.68;2.31;130028.0;72.0;73.0;89.0;4513.0;979.11;332.02;4.0;1.0;0;1.0;0;0;1.0;0;0;0;0;0;1.0;1.0;0;0;0;0;0
188721;3.38;0.94;72.0;3763.0;15.0;59.25;30.0;14.90;26.75;14.48;122.88;103.97;2.31;130028.0;71.0;73.0;89.0;4511.0;978.95;781.24;4.0;1.0;0;1.0;0;0;1.0;0;0;0;0;0;1.0;1.0;0;0;0;0;0
189309;3.36;0.92;72.0;3735.0;15.0;59.25;29.25;15.29;26.82;14.39;52.78;52.43;2.31;130028.0;70.0;72.0;89.0;4541.0;978.80;839.83;4.0;1.0;0;1.0;0;0;1.0;0;0;0;0;0;1.0;1.0;0;0;0;0;0
189810;0.41;1.00;68.0;3605.0;15.0;60.0;40.5;0;8.53;14.58;21.46;19.15;2.31;130028.0;69.0;67.0;88.0;4562.0;978.60;839.83;4.0;1.0;0;1.0;0;0;1.0;0;0;0;0;0;1.0;1.0;0;0;0;0;0
190371;0.70;1.00;65.0;3357.0;15.0;60.0;-30.0;0;0;14.48;11.44;9.06;2.31;130028.0;65.0;65.0;88.0;4573.0;978.41;0;4.0;1.0;0;1.0;0;0;1.0;0;0;0;0;0;1.0;1.0;0;0;0;0;0
190905;0.82;1.00;60.0;3116.0;15.0;60.0;-30.0;0;0;14.48;6.46;5.03;2.31;130028.0;60.0;60.0;88.0;4553.0;978.25;0;4.0;1.0;0;1.0;0;0;1.0;0;0;0;0;0;1.0;1.0;0;0;0;0;0
191408;0.85;1.00;56.0;2889.0;15.0;60.0;-30.0;0;0;14.48;3.35;3.90;2.31;130028.0;56.0;56.0;88.0;4560.0;978.17;0;4.0;1.0;0;1.0;0;0;1.0;0;0;1.0;0;0;1.0;1.0;0;0;0;0;0
191906;0.89;1.00;51.0;2700.0;15.0;60.0;-30.0;0;0;14.48;3.94;3.28;2.31;130028.0;52.0;52.0;88.0;4502.0;978.09;0;4.0;1.0;0;1.0;0;0;1.0;0;0;1.0;0;0;1.0;1.0;0;0;0;0;0
192429;1.07;1.00;48.0;2529.0;15.0;60.0;11.25;0;14.68;14.48;2.12;1.75;2.31;130028.0;49.0;49.0;88.0;4215.0;977.98;19.53;4.0;1.0;0;1.0;0;0;1.0;0;0;1.0;0;0;1.0;1.0;0;0;0;0;0
192974;2.70;1.00;45.0;2393.0;15.0;60.75;6.0;4.31;13.49;14.48;7.08;6.26;2.31;130028.0;45.0;45.0;88.0;4339.0;977.90;39.06;4.0;1.0;0;1.0;0;0;1.0;0;0;1.0;0;0;1.0;1.0;0;0;0;0;0
193464;2.67;1.02;42.0;2256.0;15.0;60.75;14.25;4.70;17.55;14.39;3.67;3.24;2.31;130028.0;43.0;43.0;88.0;4446.0;977.59;39.06;4.0;1.0;0;1.0;0;0;1.0;0;0;1.0;0;0;1.0;1.0;0;0;0;0;0
193985;1.56;1.00;41.0;2178.0;15.0;60.75;16.5;1.56;11.33;14.48;2.20;1.93;2.31;130028.0;41.0;42.0;88.0;4467.0;977.31;97.65;4.0;1.0;0;1.0;0;0;1.0;0;0;1.0;0;0;1.0;1.0;0;0;0;0;0
194517;1.45;1.00;38.0;2019.0;15.0;60.75;6.75;0;14.60;14.48;1.30;17.12;2.31;130028.0;39.0;39.0;102.0;4477.0;977.16;839.83;4.0;1.0;0;1.0;0;0;1.0;0;0;1.0;0;0;1.0;1.0;0;0;0;0;0
195076;1.67;1.00;36.0;1648.0;15.0;61.5;6.75;0;14.61;14.58;0.68;26.18;2.31;130028.0;36.0;36.0;104.0;4475.0;977.00;39.06;4.0;1.0;0;1.0;0;0;1.0;0;0;1.0;0;0;1.0;1.0;0;0;0;0;0
195652;1.70;1.00;32.0;1541.0;15.0;61.5;6.75;0;14.62;14.48;0.44;24.62;2.31;130028.0;33.0;33.0;104.0;4499.0;976.92;39.06;4.0;1.0;0;1.0;0;0;1.0;0;0;1.0;0;0;1.0;1.0;0;0;0;0;0
196145;1.74;1.02;30.0;1573.0;15.0;61.5;6.75;0;14.59;14.48;8.04;34.97;2.31;130028.0;30.0;30.0;102.0;4488.0;976.84;39.06;4.0;1.0;0;1.0;0;0;1.0;0;0;1.0;0;0;1.0;1.0;0;0;0;0;0
196642;1.58;1.04;28.0;1586.0;15.0;61.5;9.75;0;14.65;14.58;14.21;65.62;2.31;130028.0;29.0;29.0;93.0;4492.0;976.80;820.30;4.0;1.0;0;1.0;0;0;1.0;0;0;1.0;0;0;1.0;1.0;0;0;0;0;0
197166;1.81;1.03;26.0;1524.0;15.0;61.5;6.75;0;14.66;14.48;65.60;56.36;2.31;130028.0;26.0;27.0;103.0;4508.0;976.80;351.55;4.0;1.0;0;1.0;0;0;1.0;0;0;1.0;0;0;1.0;1.0;0;0;0;0;0
197710;1.69;1.03;23.0;1547.0;15.0;61.5;6.75;0;14.53;14.48;77.37;71.88;2.31;130028.0;24.0;24.0;100.0;4498.0;976.77;97.65;3.0;1.0;0;1.0;0;0;1.0;0;0;1.0;0;0;1.0;1.0;0;0;0;0;0
198208;1.85;1.05;21.0;1515.0;15.0;61.5;6.75;0;14.64;14.48;62.67;53.76;2.31;130028.0;22.0;22.0;102.0;4510.0;976.77;253.90;3.0;1.0;0;1.0;0;0;1.0;0;0;1.0;0;0;1.0;1.0;0;0;0;0;0
198768;1.76;1.05;20.0;1534.0;15.0;61.5;6.0;0;14.25;14.48;54.13;42.75;2.31;130028.0;20.0;20.0;101.0;4503.0;976.77;58.59;3.0;1.0;0;1.0;0;0;1.0;0;0;1.0;0;0;1.0;1.0;0;0;0;0;0
199265;1.75;1.07;17.0;1544.0;15.0;61.5;6.0;0;14.26;14.20;43.68;31.58;2.58;130028.0;17.0;17.0;100.0;4544.0;976.73;117.18;2.0;1.0;0;1.0;0;0;1.0;0;0;1.0;0;0;1.0;1.0;0;0;0;0;0
199763;1.79;1.06;15.0;1507.0;15.0;62.25;6.0;0;14.21;14.48;38.37;29.54;2.31;130028.0;15.0;15.0;101.0;4520.0;976.73;839.83;2.0;1.0;0;1.0;0;0;1.0;0;0;1.0;0;0;1.0;1.0;0;0;0;0;0
200270;1.82;1.05;12.0;1528.0;15.0;62.25;6.75;0;14.51;14.39;27.92;23.84;2.31;130028.0;13.0;13.0;101.0;4506.0;976.73;78.12;2.0;1.0;0;1.0;0;0;1.0;0;0;1.0;0;0;1.0;1.0;0;0;0;0;0
200773;1.81;1.07;11.0;1509.0;15.0;62.25;6.75;0;14.59;14.48;21.26;19.68;2.31;130028.0;11.0;11.0;101.0;4512.0;976.73;136.71;1.0;1.0;0;1.0;0;0;1.0;0;0;1.0;0;0;1.0;1.0;0;0;0;0;0
201324;1.6;1.08;10.0;1528.0;15.0;62.25;11.25;1.17;11.93;14.48;22.38;29.49;2.31;130028.0;10.0;10.0;86.0;4498.0;976.73;683.58;1.0;1.0;0;1.0;0;0;1.0;0;0;1.0;0;0;1.0;1.0;0;0;0;0;0
201822;2.35;1.08;8.0;1686.0;15.0;62.25;12.0;2.35;15.33;14.58;108.15;120.51;2.31;130028.0;9.0;9.0;86.0;4563.0;976.73;683.58;1.0;1.0;0;1.0;0;0;1.0;0;0;1.0;0;0;1.0;1.0;0;0;0;0;0
202380;2.46;1.07;8.0;1744.0;15.0;62.25;12.0;2.74;15.91;14.48;177.85;196.02;2.31;130028.0;9.0;9.0;86.0;4517.0;976.73;722.64;1.0;1.0;0;1.0;0;0;1.0;0;0;1.0;0;0;1.0;1.0;0;0;0;0;0
202924;2.60;1.05;10.0;1632.0;15.0;62.25;12.0;2.74;17.12;14.39;215.74;209.22;2.31;130028.0;9.0;10.0;86.0;4534.0;976.73;859.36;1.0;1.0;0;1.0;0;0;1.0;0;0;1.0;0;0;1.0;1.0;0;0;0;0;0
203479;1.83;0.98;7.0;1448.0;15.0;62.25;11.25;0;14.58;14.48;196.58;190.69;2.31;130028.0;8.0;8.0;92.0;4488.0;976.69;175.77;1.0;1.0;0;1.0;0;0;1.0;0;0;1.0;0;0;1.0;1.0;0;0;0;0;0
204074;1.96;0.99;6.0;1423.0;15.0;62.25;12.0;1.17;14.24;14.39;199.40;167.86;2.31;130028.0;7.0;7.0;86.0;4513.0;976.69;39.06;1.0;1.0;0;1.0;0;0;1.0;0;0;1.0;0;0;1.0;1.0;0;0;0;0;0
204572;2.12;1.01;5.0;1572.0;15.0;62.25;12.0;1.96;14.96;14.48;205.06;158.89;2.31;130028.0;6.0;6.0;86.0;4487.0;976.69;39.06;1.0;1.0;0;1.0;0;0;1.0;0;0;1.0;0;0;1.0;1.0;0;0;0;0;0
205114;2.28;1.03;5.0;1556.0;15.0;62.25;12.0;1.96;15.71;14.58;209.36;162.47;2.31;130028.0;5.0;5.0;86.0;4509.0;976.69;58.59;1.0;1.0;0;1.0;0;0;1.0;0;0;1.0;0;0;1.0;1.0;0;0;0;0;0
205636;2.31;1.05;5.0;1565.0;15.0;62.25;12.0;1.96;15.61;14.48;205.02;156.78;2.31;130028.0;5.0;5.0;86.0;4511.0;976.69;566.39;1.0;1.0;0;1.0;0;0;1.0;0;0;1.0;0;0;1.0;1.0;0;0;0;0;0
206220;2.28;1.04;5.0;1577.0;15.0;62.25;12.0;2.35;15.61;14.39;183.24;152.76;2.31;130028.0;6.0;6.0;86.0;4541.0;976.69;136.71;1.0;1.0;0;1.0;0;0;1.0;0;0;1.0;0;0;1.0;1.0;0;0;0;0;0
206736;1.74;1.05;3.0;1540.0;15.0;62.25;6.75;0;14.62;14.48;150.34;141.12;2.31;130028.0;4.0;4.0;101.0;4505.0;976.49;839.83;1.0;1.0;0;1.0;0;0;1.0;0;0;1.0;0;0;1.0;1.0;0;0;0;0;0
207332;1.86;1.03;0;1418.0;15.0;63.0;4.5;0;13.59;14.58;103.93;116.86;2.31;130028.0;0;0;97.0;4504.0;976.45;839.83;1.0;1.0;0;1.0;0;0;1.0;0;0;1.0;0;0;0;1.0;0;0;0;0;0
207823;1.69;1.01;0;1460.0;15.0;63.0;11.25;0.78;12.25;14.48;130.49;101.16;2.31;130028.0;0;0;83.0;4506.0;976.53;644.52;1.0;1.0;0;1.0;0;0;1.0;0;0;1.0;0;0;1.0;1.0;0;0;0;0;0
208320;1.52;1.02;0;1620.0;15.0;63.0;9.0;0;14.60;14.48;157.13;111.53;2.31;130028.0;0;0;91.0;4506.0;976.45;19.53;1.0;1.0;0;1.0;0;0;1.0;0;0;1.0;0;0;1.0;1.0;0;0;0;0;0
208825;3.38;1.00;0;2598.0;15.0;63.0;21.75;7.84;22.77;14.39;142.02;101.63;2.31;130028.0;0;0;83.0;4455.0;976.37;898.42;1.0;1.0;0;1.0;0;0;1.0;0;0;1.0;0;0;1.0;1.0;0;0;0;0;0
209346;4.41;1.00;0;2497.0;15.0;63.0;19.5;15.29;31.41;14.39;240.27;162.88;2.31;130028.0;0;0;83.0;4558.0;976.30;800.77;1.0;1.0;0;1.0;0;0;1.0;0;0;1.0;0;0;1.0;1.0;0;0;0;0;0
209844;5.12;1.00;10.0;2184.0;15.0;63.0;11.25;19.61;37.27;14.48;291.54;144.60;2.31;130028.0;9.0;10.0;83.0;4528.0;976.22;19.53;1.0;1.0;0;1.0;0;0;1.0;0;0;1.0;0;0;1.0;1.0;0;0;0;0;0
210350;5.27;1.03;17.0;2217.0;15.0;63.0;11.25;20.39;37.62;14.39;292.14;141.06;2.31;130028.0;16.0;17.0;83.0;4496.0;976.22;39.06;1.0;1.0;0;1.0;0;0;1.0;0;0;1.0;0;0;1.0;1.0;0;0;0;0;0
210932;4.91;1.07;23.0;2625.0;15.0;63.0;17.25;20.78;34.34;14.39;312.63;123.31;2.31;130028.0;22.0;24.0;83.0;4418.0;976.26;566.39;1.0;1.0;0;1.0;0;0;1.0;0;0;1.0;0;0;1.0;1.0;0;0;0;0;0
211477;4.80;1.06;30.0;3368.0;15.0;63.0;22.5;20.78;33.69;14.39;208.61;119.79;2.31;130028.0;29.0;31.0;83.0;4536.0;976.14;781.24;1.0;1.0;0;1.0;0;0;1.0;0;0;1.0;0;0;1.0;1.0;0;0;0;0;0
211975;4.48;0.98;36.0;3952.0;15.0;63.75;27.75;20.78;33.71;14.48;142.19;101.47;2.31;130028.0;35.0;36.0;80.0;4578.0;976.18;839.83;1.0;1.0;0;1.0;0;0;1.0;0;0;1.0;0;0;1.0;1.0;0;0;0;0;0
212473;3.84;1.00;36.0;3175.0;15.0;63.75;28.5;10.98;25.72;14.58;67.90;45.95;2.31;130028.0;36.0;37.0;80.0;4224.0;975.94;878.89;2.0;1.0;0;1.0;0;0;1.0;0;0;1.0;0;0;1.0;1.0;0;0;0;0;0
212979;5.32;1.00;38.0;3020.0;15.0;63.75;20.25;21.96;34.16;14.20;36.67;24.33;2.58;130028.0;37.0;39.0;80.0;4217.0;975.83;742.17;2.0;1.0;0;1.0;0;0;1.0;0;0;1.0;0;0;1.0;1.0;0;0;0;0;0
213476;5.24;1.01;42.0;3375.0;15.0;63.75;19.5;23.53;36.06;14.48;20.01;11.54;2.31;130028.0;42.0;43.0;80.0;4389.0;975.71;800.77;2.0;1.0;0;1.0;0;0;1.0;0;0;1.0;0;0;1.0;1.0;0;0;0;0;0
213980;5.06;0.98;47.0;3720.0;15.0;63.75;22.5;23.53;36.75;14.48;8.98;5.44;2.31;130028.0;45.0;48.0;80.0;4475.0;975.71;781.24;2.0;1.0;0;1.0;0;0;1.0;0;0;1.0;0;0;1.0;1.0;0;0;0;0;0
214556;4.37;0.90;50.0;3922.0;15.0;63.75;25.5;22.35;35.88;14.48;3.18;4.00;2.31;130028.0;49.0;51.0;80.0;4553.0;975.63;781.24;2.0;1.0;0;1.0;0;0;1.0;0;0;1.0;0;0;1.0;1.0;0;0;0;0;0
215078;4.02;0.89;52.0;4113.0;15.0;63.75;29.25;20.00;33.50;14.48;2.51;1.50;2.31;130028.0;51.0;53.0;80.0;4569.0;975.59;742.17;2.0;1.0;0;1.0;0;0;1.0;0;0;1.0;0;0;1.0;1.0;0;0;0;0;0
215670;0.43;0.98;55.0;4298.0;15.0;63.75;41.25;9.02;21.54;14.48;3.74;5.09;2.31;130028.0;54.0;56.0;80.0;4487.0;975.55;898.42;2.0;1.0;0;1.0;0;0;1.0;0;0;1.0;0;0;1.0;1.0;0;0;0;0;0
216169;6.08;1.00;55.0;3406.0;15.0;63.75;21.75;23.13;35.68;14.39;5.03;1.73;2.31;130028.0;54.0;56.0;80.0;4416.0;975.52;820.30;3.0;1.0;0;1.0;0;0;1.0;0;0;1.0;0;0;1.0;1.0;0;0;0;0;0
216666;4.63;0.96;57.0;3542.0;15.0;63.75;22.5;22.74;35.70;14.48;2.30;2.01;2.31;130028.0;56.0;58.0;80.0;4530.0;975.52;605.46;3.0;1.0;0;1.0;0;0;1.0;0;0;1.0;0;0;1.0;1.0;0;0;0;0;0
217213;3.80;0.93;60.0;3642.0;15.0;64.5;27.75;18.43;31.98;14.39;69.29;11.73;2.31;130028.0;58.0;60.0;78.0;4535.0;975.52;859.36;3.0;1.0;0;1.0;0;0;1.0;0;0;1.0;0;0;1.0;1.0;0;0;0;0;0
217740;2.79;0.96;58.0;3642.0;15.0;64.5;34.5;9.41;23.39;14.48;127.86;60.83;2.31;130028.0;58.0;59.0;78.0;4495.0;975.48;859.36;3.0;1.0;0;1.0;0;0;1.0;0;0;1.0;0;0;1.0;1.0;0;0;0;0;0
218249;2.54;0.90;58.0;3594.0;15.0;64.5;35.25;8.23;22.20;14.48;135.55;106.79;2.31;130028.0;58.0;59.0;78.0;4516.0;975.48;839.83;3.0;1.0;0;1.0;0;0;1.0;0;0;1.0;0;0;1.0;1.0;0;0;0;0;0
218805;2.39;0.84;58.0;3627.0;15.0;64.5;35.25;8.23;22.07;14.39;212.56;149.11;2.31;130028.0;58.0;59.0;78.0;4522.0;975.48;742.17;3.0;1.0;0;1.0;0;0;1.0;0;0;1.0;0;0;1.0;1.0;0;0;0;0;0
219311;2.17;0.78;60.0;3619.0;15.0;64.5;36.0;7.84;21.72;14.48;244.08;251.80;2.31;130028.0;58.0;60.0;78.0;4514.0;975.48;156.24;3.0;1.0;0;1.0;0;0;1.0;0;0;1.0;0;0;1.0;1.0;0;0;0;0;0
219809;2.23;0.83;57.0;3570.0;15.0;64.5;36.0;7.45;21.14;14.48;315.70;318.55;2.31;130028.0;57.0;58.0;78.0;4506.0;975.48;117.18;3.0;1.0;0;1.0;0;0;1.0;0;0;1.0;0;0;1.0;1.0;0;0;0;0;0
220313;2.36;0.87;57.0;3509.0;15.0;64.5;35.25;7.45;21.40;14.48;334.11;341.16;2.31;130028.0;56.0;57.0;78.0;4504.0;975.28;742.17;3.0;1.0;0;1.0;0;0;1.0;0;0;1.0;0;0;1.0;1.0;0;0;0;0;0
220834;2.2;0.82;56.0;3450.0;15.0;65.25;35.25;7.05;20.97;14.48;328.92;317.61;2.31;130028.0;54.0;56.0;75.0;4510.0;975.16;78.12;3.0;1.0;0;1.0;0;0;1.0;0;0;1.0;0;0;1.0;1.0;0;0;0;0;0
221366;3.77;1.00;55.0;3379.0;15.0;65.25;31.5;10.98;25.29;14.39;246.99;345.17;2.31;130028.0;53.0;55.0;75.0;4490.0;975.05;839.83;3.0;1.0;0;1.0;0;0;1.0;0;0;1.0;0;0;1.0;1.0;0;0;0;0;0
221871;3.39;0.95;56.0;3415.0;15.0;65.25;30.75;12.94;27.01;14.48;252.69;328.29;2.31;130028.0;54.0;56.0;75.0;4519.0;974.85;800.77;3.0;1.0;0;1.0;0;0;1.0;0;0;1.0;0;0;1.0;1.0;0;0;0;0;0
222429;3.06;0.89;55.0;3411.0;15.0;65.25;30.75;12.15;26.62;14.39;280.60;348.68;2.31;130028.0;53.0;56.0;75.0;4519.0;974.69;78.12;3.0;1.0;0;1.0;0;0;1.0;0;0;1.0;0;0;1.0;1.0;0;0;0;0;0
222932;2.78;0.94;55.0;3399.0;15.0;65.25;33.0;9.02;23.36;14.48;309.58;344.15;2.31;130028.0;54.0;55.0;75.0;4516.0;974.54;839.83;3.0;1.0;0;1.0;0;0;1.0;0;0;1.0;0;0;1.0;1.0;0;0;0;0;0
223450;2.65;0.89;55.0;3384.0;15.0;66.0;33.0;9.02;23.41;14.39;194.03;201.88;2.31;130028.0;53.0;55.0;72.0;4510.0;974.42;664.05;3.0;1.0;0;1.0;0;0;1.0;0;0;1.0;0;0;1.0;1.0;0;0;0;0;0
223983;2.62;0.89;55.0;3369.0;15.0;66.0;33.0;9.02;23.27;14.48;92.72;96.49;2.31;130028.0;53.0;55.0;72.0;4517.0;974.38;644.52;3.0;1.0;0;1.0;0;0;1.0;0;0;1.0;0;0;1.0;1.0;0;0;0;0;0
224533;2.80;0.87;55.0;3364.0;15.0;66.0;31.5;9.80;24.23;14.48;49.91;46.05;2.31;130028.0;53.0;55.0;72.0;4507.0;974.34;78.12;3.0;1.0;0;1.0;0;0;1.0;0;0;1.0;0;0;1.0;1.0;0;0;0;0;0
225054;2.92;0.91;56.0;3400.0;15.0;66.0;32.25;10.98;25.36;14.48;21.65;20.81;2.31;130028.0;54.0;56.0;72.0;4512.0;974.30;78.12;3.0;1.0;0;1.0;0;0;1.0;0;0;1.0;0;0;1.0;1.0;0;0;0;0;0
225547;3.06;0.96;56.0;3420.0;15.0;66.0;32.25;10.58;24.86;14.48;11.91;9.88;2.31;130028.0;54.0;56.0;72.0;4513.0;974.23;839.83;3.0;1.0;0;1.0;0;0;1.0;0;0;1.0;0;0;1.0;1.0;0;0;0;0;0
226068;2.80;0.91;56.0;3438.0;15.0;66.0;33.0;9.80;24.07;14.48;5.29;5.80;2.31;130028.0;54.0;56.0;72.0;4514.0;974.23;683.58;3.0;1.0;0;1.0;0;0;1.0;0;0;1.0;0;0;1.0;1.0;0;0;0;0;0
226600;4.12;1.00;56.0;3466.0;15.0;66.0;30.0;13.72;27.39;14.39;2.42;4.08;2.31;130028.0;54.0;57.0;72.0;4490.0;974.07;800.77;3.0;1.0;0;1.0;0;0;1.0;0;0;1.0;0;0;1.0;1.0;0;0;0;0;0
227115;3.38;0.94;57.0;3550.0;15.0;66.0;30.75;13.72;27.50;14.48;2.28;1.83;2.31;130028.0;56.0;58.0;72.0;4515.0;974.03;546.86;3.0;1.0;0;1.0;0;0;1.0;0;0;1.0;0;0;1.0;1.0;0;0;0;0;0
227615;3.27;0.94;58.0;3599.0;15.0;66.75;32.25;13.33;27.21;14.48;0.76;0.60;2.31;130028.0;56.0;59.0;69.0;4511.0;974.03;781.24;3.0;1.0;0;1.0;0;0;1.0;0;0;1.0;0;0;1.0;1.0;0;0;0;0;0
228120;2.84;0.88;58.0;3618.0;15.0;66.75;34.5;10.98;25.28;14.48;0.25;0.19;2.31;130028.0;57.0;59.0;69.0;4514.0;973.72;273.43;3.0;1.0;0;1.0;0;0;1.0;0;0;1.0;0;0;1.0;1.0;0;0;0;0;0
228619;2.92;0.91;58.0;3612.0;15.0;66.75;34.5;10.58;24.93;14.48;0;0;2.31;130028.0;58.0;59.0;69.0;4512.0;973.52;761.70;3.0;1.0;0;1.0;0;0;1.0;0;0;1.0;0;0;1.0;1.0;0;0;0;0;0
229181;2.80;0.91;58.0;3609.0;15.0;66.75;34.5;10.19;24.01;14.39;0;0;2.31;130028.0;58.0;59.0;69.0;4510.0;973.37;722.64;3.0;1.0;0;1.0;0;0;1.0;0;0;1.0;0;0;1.0;1.0;0;0;0;0;0
229675;2.70;0.88;60.0;3700.0;15.0;66.75;36.0;10.19;23.98;14.48;0;0;2.31;130029.0;59.0;61.0;69.0;4530.0;973.25;527.33;3.0;1.0;0;1.0;0;0;1.0;0;0;1.0;0;0;1.0;1.0;0;0;0;0;0
230196;3.82;1.00;61.0;3787.0;15.0;66.75;33.0;15.29;28.37;14.29;1.46;0;2.58;130029.0;59.0;62.0;69.0;4514.0;973.21;761.70;3.0;1.0;0;1.0;0;0;1.0;0;0;1.0;0;0;1.0;1.0;0;0;0;0;0
230738;4.27;0.98;63.0;3910.0;15.0;67.5;30.0;19.61;32.58;14.39;80.13;87.26;2.31;130029.0;61.0;64.0;66.0;4620.0;973.13;761.70;3.0;1.0;0;1.0;0;0;1.0;0;0;0;0;0;1.0;1.0;0;0;0;0;0
231236;1.13;1.00;60.0;3110.0;15.0;67.5;33.0;2.35;9.64;14.58;185.39;178.91;2.31;130029.0;60.0;60.0;66.0;4260.0;973.09;878.89;4.0;1.0;0;1.0;0;0;1.0;0;0;0;0;0;1.0;1.0;0;0;0;0;0
231793;2.52;0.99;58.0;3098.0;15.0;67.5;33.0;6.66;18.55;14.58;240.06;219.71;2.31;130029.0;59.0;59.0;66.0;4205.0;973.09;839.83;4.0;1.0;0;1.0;0;0;1.0;0;0;0;0;0;1.0;1.0;0;0;0;0;0
232296;2.78;0.94;60.0;3144.0;15.0;67.5;31.5;9.02;22.24;14.48;253.14;258.51;2.31;130029.0;59.0;60.0;66.0;4341.0;973.05;820.30;4.0;1.0;0;1.0;0;0;1.0;0;0;0;0;0;1.0;1.0;0;0;0;0;0
232794;2.53;0.89;60.0;3118.0;15.0;67.5;31.5;8.62;21.99;14.48;307.38;320.03;2.31;130029.0;59.0;60.0;66.0;4455.0;973.05;644.52;4.0;1.0;0;1.0;0;0;1.0;0;0;0;0;0;1.0;1.0;0;0;0;0;0
233315;2.30;0.85;60.0;3109.0;15.0;68.25;33.0;8.23;21.37;14.58;207.21;219.57;2.31;130029.0;59.0;60.0;64.0;4496.0;973.02;468.74;4.0;1.0;0;1.0;0;0;1.0;0;0;0;0;0;1.0;1.0;0;0;0;0;0
233855;2.31;0.88;61.0;3185.0;15.0;68.25;33.75;7.84;20.87;14.39;93.93;94.42;2.31;130029.0;60.0;61.0;64.0;4512.0;973.02;742.17;4.0;1.0;0;1.0;0;0;1.0;0;0;0;0;0;1.0;1.0;0;0;0;0;0
234419;2.23;0.87;62.0;3258.0;15.0;68.25;34.5;7.45;20.32;14.39;48.55;47.51;2.31;130029.0;61.0;63.0;64.0;4512.0;973.02;761.70;4.0;1.0;0;1.0;0;0;1.0;0;0;0;0;0;1.0;1.0;0;0;0;0;0
234914;2.56;0.84;63.0;3293.0;15.0;68.25;32.25;10.58;23.28;14.58;20.79;19.29;2.31;130029.0;61.0;64.0;64.0;4520.0;972.94;19.53;4.0;1.0;0;1.0;0;0;1.0;0;0;0;0;0;1.0;1.0;0;0;0;0;0
235412;2.69;0.90;63.0;3317.0;15.0;68.25;32.25;10.58;23.44;14.48;9.86;9.64;2.31;130029.0;62.0;64.0;64.0;4522.0;972.98;58.59;4.0;1.0;0;1.0;0;0;1.0;0;0;0;0;0;1.0;1.0;0;0;0;0;0
235960;2.84;0.94;63.0;3313.0;15.0;68.25;32.25;10.58;23.41;14.48;4.62;4.51;2.31;130029.0;63.0;64.0;64.0;4501.0;972.90;839.83;4.0;1.0;0;1.0;0;0;1.0;0;0;0;0;0;1.0;1.0;0;0;0;0;0
236481;2.67;0.89;65.0;3344.0;15.0;68.25;33.0;10.19;23.31;14.48;4.14;2.05;2.31;130029.0;63.0;65.0;64.0;4513.0;972.90;546.86;4.0;1.0;0;1.0;0;0;1.0;0;0;0;0;0;1.0;1.0;0;0;0;0;0
237020;2.65;0.89;65.0;3377.0;15.0;68.25;33.75;10.58;23.18;14.48;1.79;2.05;2.31;130029.0;64.0;65.0;64.0;4509.0;972.86;605.46;4.0;1.0;0;1.0;0;0;1.0;0;0;0;0;0;1.0;1.0;0;0;0;0;0
237576;3.76;1.00;66.0;3458.0;15.0;69.0;28.5;16.47;28.38;14.48;0.62;0.70;2.31;130029.0;65.0;67.0;61.0;4526.0;972.82;781.24;4.0;1.0;0;1.0;0;0;1.0;0;0;0;0;0;1.0;1.0;0;0;0;0;0
238074;3.43;0.98;67.0;3523.0;15.0;69.0;30.0;14.90;26.65;14.48;0.21;1.52;2.31;130029.0;66.0;68.0;61.0;4520.0;972.78;664.05;4.0;1.0;0;1.0;0;0;1.0;0;0;0;0;0;1.0;1.0;0;0;0;0;0
238585;3.25;0.98;68.0;3564.0;15.0;69.0;31.5;13.72;25.69;14.48;1.50;0.62;2.31;130029.0;67.0;68.0;61.0;4508.0;972.86;761.70;4.0;1.0;0;1.0;0;0;1.0;0;0;0;0;0;1.0;1.0;0;0;0;0;0
239139;2.93;0.90;70.0;3633.0;15.0;69.0;33.0;12.55;25.06;14.48;0.58;0.21;2.31;130029.0;68.0;70.0;61.0;4514.0;972.66;683.58;4.0;1.0;0;1.0;0;0;1.0;0;0;0;0;0;1.0;1.0;0;0;0;0;0
239636;2.81;0.89;70.0;3636.0;15.0;69.0;33.75;11.76;24.62;14.48;0.11;0;2.31;130029.0;68.0;70.0;61.0;4515.0;972.59;488.27;4.0;1.0;0;1.0;0;0;1.0;0;0;0;0;0;1.0;1.0;0;0;0;0;0
240158;2.91;0.92;71.0;3666.0;15.0;69.0;33.75;11.76;24.63;14.58;0;0;2.31;130029.0;70.0;71.0;61.0;4519.0;972.47;800.77;4.0;1.0;0;1.0;0;0;1.0;0;0;0;0;0;1.0;1.0;0;0;0;0;0
240690;2.57;0.86;71.0;3703.0;15.0;69.0;35.25;10.58;23.27;14.48;1.23;0;2.31;130029.0;70.0;72.0;61.0;4527.0;972.43;234.37;4.0;1.0;0;1.0;0;0;1.0;0;0;0;0;0;1.0;1.0;0;0;0;0;0
241196;2.66;0.90;71.0;3715.0;15.0;69.0;36.0;10.58;22.98;14.29;0.33;1.23;2.58;130029.0;71.0;72.0;61.0;4528.0;972.19;800.77;4.0;1.0;0;1.0;0;0;1.0;0;0;0;0;0;1.0;1.0;0;0;0;0;0
241718;2.55;0.87;72.0;3755.0;15.0;69.75;36.75;10.58;22.84;14.48;1.28;0.41;2.31;130029.0;72.0;73.0;61.0;4516.0;972.08;703.11;4.0;1.0;0;1.0;0;0;1.0;0;0;0;0;0;1.0;1.0;0;0;0;0;0
242262;2.54;0.88;73.0;3787.0;15.0;69.75;37.5;10.19;22.55;14.48;44.78;83.70;2.31;130029.0;73.0;74.0;58.0;4522.0;971.96;683.58;4.0;1.0;0;1.0;0;0;1.0;0;0;0;0;0;1.0;1.0;0;0;0;0;0
242759;1.78;1.00;73.0;3083.0;15.0;69.75;36.0;2.74;9.00;14.48;185.18;186.99;2.31;130029.0;73.0;74.0;58.0;4492.0;971.92;839.83;5.0;1.0;0;1.0;0;0;1.0;0;0;0;0;0;1.0;1.0;0;0;0;0;0
243326;1.92;1.00;73.0;3369.0;15.0;69.75;36.75;5.09;14.75;14.48;248.81;280.09;2.31;130029.0;73.0;73.0;58.0;4187.0;971.88;859.36;5.0;1.0;0;1.0;0;0;1.0;0;0;0;0;0;1.0;1.0;0;0;0;0;0
243878;2.57;0.96;73.0;3392.0;15.0;69.75;36.75;7.45;20.25;14.48;315.52;322.42;2.31;130029.0;73.0;74.0;58.0;4328.0;971.84;839.83;5.0;1.0;0;1.0;0;0;1.0;0;0;0;0;0;1.0;1.0;0;0;0;0;0
244373;2.44;0.90;75.0;3454.0;15.0;69.75;36.75;8.62;21.20;14.58;215.92;322.92;2.31;130029.0;74.0;75.0;58.0;4445.0;971.80;781.24;5.0;1.0;0;1.0;0;0;1.0;0;0;0;0;0;1.0;1.0;0;0;0;0;0
244912;2.87;0.86;76.0;3542.0;15.0;69.75;32.25;13.33;25.53;14.58;226.35;343.59;2.31;130029.0;75.0;77.0;58.0;4495.0;971.80;0;5.0;1.0;0;1.0;0;0;1.0;0;0;0;0;0;1.0;1.0;0;0;0;0;0
245445;1.13;1.00;75.0;2857.0;15.0;69.75;30.75;1.96;8.49;14.48;249.57;289.25;2.31;130029.0;76.0;75.0;58.0;4418.0;971.80;820.30;6.0;1.0;0;1.0;0;0;1.0;0;0;0;0;0;1.0;1.0;0;0;0;0;0
245966;1.52;1.00;75.0;3181.0;15.0;69.75;36.0;3.52;12.23;14.48;300.27;303.20;2.31;130029.0;75.0;75.0;58.0;4197.0;971.77;839.83;6.0;1.0;0;1.0;0;0;1.0;0;0;0;0;0;1.0;1.0;0;0;0;0;0
246523;1.72;0.98;75.0;3201.0;15.0;70.5;36.75;4.31;13.94;14.58;307.67;212.44;2.31;130029.0;75.0;75.0;55.0;4313.0;971.77;839.83;6.0;1.0;0;1.0;0;0;1.0;0;0;0;0;0;1.0;1.0;0;0;0;0;0
247124;1.52;0.95;76.0;3230.0;15.0;70.5;37.5;3.92;12.99;14.48;300.68;182.35;2.31;130029.0;76.0;76.0;55.0;4463.0;971.77;839.83;6.0;1.0;0;1.0;0;0;1.0;0;0;0;0;0;1.0;1.0;0;0;0;0;0
247655;2.19;0.98;77.0;3268.0;15.0;70.5;37.5;6.27;17.64;14.48;313.84;154.95;2.31;130029.0;76.0;77.0;55.0;4488.0;971.77;839.83;6.0;1.0;0;1.0;0;0;1.0;0;0;0;0;0;1.0;1.0;0;0;0;0;0
248157;2.04;0.94;77.0;3289.0;15.0;70.5;38.25;6.27;17.54;14.58;327.79;229.67;2.31;130029.0;76.0;77.0;55.0;4503.0;971.77;839.83;6.0;1.0;0;1.0;0;0;1.0;0;0;0;0;0;1.0;1.0;0;0;0;0;0
248679;1.94;0.90;78.0;3370.0;15.0;70.5;39.0;5.88;17.45;14.48;336.65;281.75;2.31;130029.0;78.0;78.0;55.0;4513.0;971.77;820.30;6.0;1.0;0;1.0;0;0;1.0;0;0;0;0;0;1.0;1.0;0;0;0;0;0
249269;1.86;0.86;80.0;3386.0;15.0;70.5;39.0;6.27;17.48;14.48;329.97;332.53;2.31;130029.0;79.0;80.0;55.0;4523.0;971.88;800.77;6.0;1.0;0;1.0;0;0;1.0;0;0;0;0;0;1.0;1.0;0;0;0;0;0
249808;1.76;0.81;81.0;3420.0;15.0;70.5;39.0;6.27;17.60;14.48;334.13;324.23;2.31;130029.0;79.0;81.0;55.0;4504.0;971.88;644.52;6.0;1.0;0;1.0;0;0;1.0;0;0;0;0;0;1.0;1.0;0;0;0;0;0
250349;1.47;1.00;80.0;3381.0;15.0;70.5;39.0;4.31;13.61;14.48;286.07;353.49;2.31;130029.0;80.0;81.0;55.0;4528.0;972.00;839.83;6.0;1.0;0;1.0;0;0;1.0;0;0;0;0;0;1.0;1.0;0;0;0;0;0
250851;1.58;0.99;80.0;3407.0;15.0;70.5;39.0;4.31;13.16;14.58;328.82;210.35;2.31;130029.0;80.0;80.0;55.0;4508.0;972.00;839.83;6.0;1.0;0;1.0;0;0;1.0;0;0;0;0;0;1.0;1.0;0;0;0;0;0
251439;2.16;0.95;80.0;3413.0;15.0;70.5;39.0;6.27;17.92;14.48;337.10;228.81;2.31;130029.0;80.0;80.0;55.0;4501.0;972.19;839.83;6.0;1.0;0;1.0;0;0;1.0;0;0;0;0;0;1.0;1.0;0;0;0;0;0
252092;2.21;0.90;80.0;3406.0;15.0;70.5;37.5;7.45;19.57;14.48;340.89;241.23;2.31;130029.0;80.0;81.0;55.0;4506.0;972.35;781.24;6.0;1.0;0;1.0;0;0;1.0;0;0;0;0;0;1.0;1.0;0;0;0;0;0
252648;2.24;0.84;81.0;3437.0;15.0;71.25;36.75;8.62;21.19;14.48;325.54;190.94;2.31;130029.0;80.0;81.0;55.0;4514.0;972.51;312.49;6.0;1.0;0;1.0;0;0;1.0;0;0;0;0;0;1.0;1.0;0;0;0;0;0
253151;2.34;0.88;81.0;3464.0;15.0;71.25;37.5;8.62;21.30;14.58;327.30;180.59;2.31;130029.0;81.0;82.0;55.0;4514.0;972.62;761.70;6.0;1.0;0;1.0;0;0;1.0;0;0;0;0;0;1.0;1.0;0;0;0;0;0
253652;2.31;0.87;82.0;3493.0;15.0;71.25;37.5;8.62;21.13;14.48;340.83;191.41;2.31;130029.0;81.0;82.0;55.0;4522.0;972.66;605.46;6.0;1.0;0;1.0;0;0;1.0;0;0;0;0;0;1.0;1.0;0;0;0;0;0
254170;2.35;0.88;82.0;3506.0;15.0;71.25;37.5;8.62;21.27;14.48;349.46;249.88;2.31;130029.0;81.0;83.0;55.0;4518.0;972.74;742.17;6.0;1.0;0;1.0;0;0;1.0;0;0;0;0;0;1.0;1.0;0;0;0;0;0
254668;2.32;0.88;82.0;3516.0;15.0;71.25;38.25;8.23;20.94;14.48;355.64;310.68;2.31;130029.0;83.0;83.0;55.0;4507.0;972.82;781.24;6.0;1.0;0;1.0;0;0;1.0;0;0;0;0;0;1.0;1.0;0;0;0;0;0
255183;2.24;0.87;83.0;3536.0;15.0;71.25;38.25;8.23;20.60;14.48;357.77;333.10;2.31;130029.0;83.0;84.0;55.0;4512.0;972.86;644.52;6.0;1.0;0;1.0;0;0;1.0;0;0;0;0;0;1.0;1.0;0;0;0;0;0
255773;2.20;0.87;83.0;3554.0;15.0;71.25;39.0;8.23;20.27;14.58;357.14;342.12;2.31;130029.0;83.0;84.0;55.0;4512.0;972.90;781.24;6.0;1.0;0;1.0;0;0;1.0;0;0;0;0;0;1.0;1.0;0;0;0;0;0
256278;2.12;0.84;83.0;3581.0;15.0;71.25;39.0;7.84;20.17;14.58;353.72;344.04;2.31;130029.0;83.0;84.0;55.0;4507.0;972.94;449.21;6.0;1.0;0;1.0;0;0;1.0;0;0;0;0;0;1.0;1.0;0;0;0;0;0
256776;2.13;0.86;83.0;3557.0;15.0;72.0;39.0;7.84;19.77;14.58;351.24;329.35;2.31;130029.0;83.0;84.0;54.0;4506.0;972.94;664.05;6.0;1.0;0;1.0;0;0;1.0;0;0;0;0;0;1.0;1.0;0;0;0;0;0
257297;2.04;0.85;85.0;3582.0;15.0;72.0;39.75;7.05;19.19;14.48;348.84;338.49;2.31;130029.0;83.0;85.0;54.0;4518.0;972.94;800.77;6.0;1.0;0;1.0;0;0;1.0;0;0;0;0;0;1.0;1.0;0;0;0;0;0
257839;1.83;0.80;83.0;3596.0;15.0;72.0;39.75;6.66;18.47;14.48;343.61;338.70;2.31;130029.0;84.0;84.0;54.0;4543.0;972.98;585.93;6.0;1.0;0;1.0;0;0;1.0;0;0;0;0;0;0;1.0;0;0;0;0;0
258337;1.66;0.80;83.0;3546.0;15.0;72.0;40.5;5.88;16.81;14.48;323.76;309.64;2.31;130029.0;83.0;84.0;54.0;4510.0;972.98;722.64;6.0;1.0;0;1.0;0;0;1.0;0;0;0;0;0;1.0;1.0;0;0;0;0;0
258842;1.65;0.79;83.0;3523.0;15.0;72.0;39.75;5.88;16.91;14.48;339.43;306.75;2.31;130029.0;82.0;84.0;54.0;4511.0;972.98;234.37;6.0;1.0;0;1.0;0;0;1.0;0;0;0;0;0;1.0;1.0;0;0;0;0;0
259363;1.63;0.78;82.0;3498.0;15.0;72.0;39.75;5.88;16.87;14.48;320.93;274.29;2.31;130029.0;81.0;82.0;54.0;4507.0;972.98;78.12;6.0;1.0;0;1.0;0;0;1.0;0;0;0;0;0;1.0;1.0;0;0;0;0;0
259852;2.02;0.83;81.0;3456.0;15.0;72.0;38.25;7.45;19.54;14.48;327.98;328.86;2.31;130029.0;80.0;82.0;54.0;4507.0;972.98;39.06;6.0;1.0;0;1.0;0;0;1.0;0;0;0;0;0;1.0;1.0;0;0;0;0;0
260364;2.17;0.88;81.0;3447.0;15.0;72.0;38.25;7.45;19.88;14.58;310.99;316.40;2.31;130029.0;80.0;81.0;54.0;4505.0;972.98;800.77;6.0;1.0;0;1.0;0;0;1.0;0;0;0;0;0;1.0;1.0;0;0;0;0;0
260885;2.12;0.85;81.0;3427.0;15.0;72.0;37.5;7.45;19.88;14.48;343.02;341.98;2.31;130029.0;79.0;81.0;54.0;4512.0;972.98;664.05;6.0;1.0;0;1.0;0;0;1.0;0;0;0;0;0;1.0;1.0;0;0;0;0;0
261503;2.07;0.82;80.0;3406.0;15.0;72.75;37.5;7.45;20.18;14.48;338.02;355.91;2.31;130029.0;79.0;81.0;54.0;4515.0;972.98;39.06;6.0;1.0;0;1.0;0;0;1.0;0;0;0;0;0;1.0;1.0;0;0;0;0;0
262000;2.19;0.88;80.0;3406.0;15.0;72.75;37.5;7.84;20.18;14.48;344.68;351.95;2.31;130029.0;79.0;80.0;54.0;4519.0;972.98;722.64;6.0;1.0;0;1.0;0;0;1.0;0;0;0;0;0;1.0;1.0;0;0;0;0;0
262499;2.15;0.86;80.0;3388.0;15.0;72.75;37.5;7.84;20.23;14.58;346.44;333.61;2.31;130029.0;79.0;80.0;54.0;4506.0;972.98;566.39;6.0;1.0;0;1.0;0;0;1.0;0;0;0;0;0;1.0;1.0;0;0;0;0;0
263015;2.18;0.87;78.0;3360.0;15.0;72.75;36.75;7.84;20.21;14.58;347.73;346.54;2.31;130029.0;78.0;79.0;54.0;4513.0;972.98;195.31;6.0;1.0;0;1.0;0;0;1.0;0;0;0;0;0;1.0;1.0;0;0;0;0;0
263514;2.29;0.90;80.0;3376.0;15.0;72.75;37.5;7.84;20.41;14.48;344.99;326.87;2.31;130029.0;78.0;80.0;54.0;4507.0;972.98;800.77;6.0;1.0;0;1.0;0;0;1.0;0;0;0;0;0;1.0;1.0;0;0;0;0;0
264022;2.13;0.85;78.0;3362.0;15.0;72.75;37.5;7.84;20.27;14.48;340.66;321.87;2.31;130029.0;78.0;79.0;54.0;4512.0;972.98;585.93;6.0;1.0;0;1.0;0;0;1.0;0;0;0;0;0;1.0;1.0;0;0;0;0;0
264578;2.16;0.86;80.0;3380.0;15.0;72.75;37.5;7.84;20.23;14.48;338.76;235.62;2.31;130029.0;79.0;80.0;54.0;4505.0;972.98;78.12;6.0;1.0;0;1.0;0;0;1.0;0;0;0;0;0;1.0;1.0;0;0;0;0;0
265075;2.21;0.89;80.0;3376.0;15.0;72.75;37.5;7.45;20.24;14.48;293.49;172.58;2.31;130029.0;78.0;80.0;54.0;4524.0;972.98;820.30;6.0;1.0;0;1.0;0;0;1.0;0;0;0;0;0;1.0;1.0;0;0;0;0;0
265597;2.12;0.85;80.0;3380.0;15.0;72.75;37.5;7.84;20.23;14.48;332.57;210.72;2.31;130029.0;79.0;80.0;54.0;4518.0;972.98;664.05;6.0;1.0;0;1.0;0;0;1.0;0;0;0;0;0;1.0;1.0;0;0;0;0;0
266129;2.14;0.88;80.0;3378.0;15.0;72.75;37.5;7.45;19.82;14.48;347.02;249.02;2.31;130029.0;79.0;80.0;54.0;4505.0;972.98;820.30;6.0;1.0;0;1.0;0;0;1.0;0;0;0;0;0;1.0;1.0;0;0;0;0;0
266647;2.09;0.85;78.0;3354.0;15.0;72.75;37.5;7.45;19.91;14.48;351.20;288.30;2.31;130029.0;78.0;79.0;54.0;4512.0;972.98;117.18;6.0;1.0;0;1.0;0;0;1.0;0;0;0;0;0;1.0;1.0;0;0;0;0;0
267147;2.22;0.89;78.0;3331.0;15.0;72.75;37.5;7.45;20.15;14.48;353.33;329.41;2.31;130029.0;78.0;79.0;54.0;4515.0;972.98;800.77;6.0;1.0;0;1.0;0;0;1.0;0;0;0;0;0;1.0;1.0;0;0;0;0;0
267660;2.09;0.84;78.0;3345.0;15.0;72.75;36.75;7.45;20.24;14.58;336.09;322.03;2.31;130029.0;78.0;79.0;54.0;4516.0;972.98;253.90;6.0;1.0;0;1.0;0;0;1.0;0;0;0;0;0;1.0;1.0;0;0;0;0;0
268169;2.20;0.88;78.0;3336.0;15.0;72.75;37.5;7.84;20.21;14.58;324.62;327.83;2.31;130029.0;78.0;79.0;54.0;4513.0;972.98;644.52;6.0;1.0;0;1.0;0;0;1.0;0;0;0;0;0;1.0;1.0;0;0;0;0;0
268668;2.20;0.87;78.0;3376.0;15.0;72.75;36.75;7.84;20.41;14.58;310.83;339.64;2.31;130029.0;79.0;79.0;54.0;4510.0;972.98;761.70;6.0;1.0;0;1.0;0;0;1.0;0;0;0;0;0;1.0;1.0;0;0;0;0;0
269223;2.16;0.85;78.0;3351.0;15.0;72.75;36.0;7.84;20.41;14.48;280.21;339.78;2.31;130029.0;78.0;79.0;54.0;4515.0;972.98;78.12;6.0;1.0;0;1.0;0;0;1.0;0;0;0;0;0;1.0;1.0;0;0;0;0;0
269777;2.26;0.89;78.0;3305.0;15.0;72.75;36.75;7.84;20.50;14.48;226.50;341.91;2.31;130029.0;78.0;79.0;54.0;4505.0;972.98;781.24;6.0;1.0;0;1.0;0;0;1.0;0;0;0;0;0;1.0;1.0;0;0;0;0;0
270285;2.2;0.86;80.0;3360.0;15.0;72.75;36.75;7.84;20.57;14.48;216.45;340.13;2.31;130029.0;78.0;80.0;54.0;4514.0;972.98;156.24;6.0;1.0;0;1.0;0;0;1.0;0;0;0;0;0;1.0;1.0;0;0;0;0;0
270842;2.24;0.88;78.0;3376.0;15.0;72.75;36.75;7.84;20.41;14.58;213.81;336.28;2.31;130029.0;79.0;79.0;54.0;4513.0;972.98;742.17;6.0;1.0;0;1.0;0;0;1.0;0;0;0;0;0;1.0;1.0;0;0;0;0;0
271444;2.2;0.87;78.0;3358.0;15.0;73.5;36.75;7.84;20.45;14.58;181.58;307.98;2.31;130029.0;78.0;79.0;53.0;4522.0;972.98;449.21;6.0;1.0;0;1.0;0;0;1.0;0;0;0;0;0;1.0;1.0;0;0;0;0;0
271977;2.24;0.88;80.0;3365.0;15.0;73.5;36.0;7.84;20.49;14.48;78.19;132.51;2.31;130029.0;79.0;80.0;53.0;4520.0;972.98;722.64;6.0;1.0;0;1.0;0;0;1.0;0;0;0;0;0;1.0;1.0;0;0;0;0;0
272591;2.24;0.88;78.0;3336.0;15.0;73.5;36.0;7.84;20.44;14.58;35.36;58.86;2.31;130029.0;77.0;79.0;53.0;4509.0;973.02;507.80;6.0;1.0;0;1.0;0;0;1.0;0;0;0;0;0;1.0;1.0;0;0;0;0;0
273127;2.28;0.89;78.0;3335.0;15.0;73.5;36.75;7.84;20.48;14.48;16.73;25.99;2.31;130029.0;78.0;79.0;53.0;4516.0;973.02;761.70;6.0;1.0;0;1.0;0;0;1.0;0;0;0;0;0;1.0;1.0;0;0;0;0;0
273634;2.19;0.86;78.0;3321.0;15.0;73.5;36.0;7.84;20.51;14.48;7.92;12.30;2.31;130029.0;77.0;78.0;53.0;4510.0;973.02;117.18;6.0;1.0;0;1.0;0;0;1.0;0;0;0;0;0;1.0;1.0;0;0;0;0;0
274197;2.28;0.90;77.0;3317.0;15.0;73.5;36.75;7.84;20.48;14.58;3.71;7.98;2.31;130029.0;77.0;78.0;53.0;4510.0;973.02;800.77;6.0;1.0;0;1.0;0;0;1.0;0;0;0;0;0;1.0;1.0;0;0;0;0;0
274753;2.11;0.85;78.0;3311.0;15.0;73.5;36.75;7.45;20.17;14.48;4.45;4.55;2.31;130029.0;77.0;78.0;53.0;4516.0;973.02;136.71;6.0;1.0;0;1.0;0;0;1.0;0;0;0;0;0;1.0;1.0;0;0;0;0;0
275250;2.04;0.88;77.0;3309.0;15.0;73.5;37.5;6.66;18.90;14.48;2.03;4.17;2.31;130029.0;78.0;78.0;53.0;4518.0;973.02;800.77;6.0;1.0;0;1.0;0;0;1.0;0;0;0;0;0;1.0;1.0;0;0;0;0;0
275757;1.46;0.99;77.0;3262.0;15.0;73.5;37.5;3.92;12.40;14.58;2.24;3.92;2.31;130029.0;77.0;77.0;53.0;4510.0;973.09;859.36;6.0;1.0;0;1.0;0;0;1.0;0;0;0;0;0;1.0;1.0;0;0;0;0;0
276263;1.26;0.97;76.0;3246.0;15.0;74.25;37.5;3.52;11.40;14.58;2.14;1.79;2.31;130029.0;76.0;76.0;53.0;4520.0;973.09;859.36;6.0;1.0;0;1.0;0;0;1.0;0;0;0;0;0;1.0;1.0;0;0;0;0;0
276757;0.73;0.95;75.0;3130.0;15.0;74.25;36.0;1.17;7.01;14.58;2.16;0.66;2.31;130029.0;75.0;75.0;53.0;4534.0;973.05;878.89;6.0;1.0;0;1.0;0;0;1.0;0;0;0;0;0;1.0;1.0;0;0;0;0;0
277278;0.61;1.00;72.0;3079.0;15.0;74.25;-30.0;0;0;14.58;3.08;0.25;2.31;130029.0;72.0;73.0;53.0;4571.0;973.05;0;6.0;1.0;0;1.0;0;0;1.0;0;0;0;0;0;1.0;1.0;0;0;0;0;0
277777;2.79;1.00;71.0;3058.0;15.0;74.25;-1.5;7.45;11.23;14.58;1.54;1.26;2.31;130030.0;70.0;71.0;53.0;4180.0;973.02;859.36;6.0;1.0;0;1.0;0;0;1.0;0;0;0;0;0;1.0;1.0;0;0;0;0;0
278284;2.80;0.97;71.0;3024.0;15.0;74.25;15.75;8.62;19.27;14.48;0.68;0.58;2.31;130030.0;70.0;71.0;53.0;4251.0;973.02;839.83;6.0;1.0;0;1.0;0;0;1.0;0;0;0;0;0;1.0;1.0;0;0;0;0;0
278839;2.66;0.92;72.0;3061.0;15.0;74.25;33.0;9.02;22.39;14.58;2.38;0.23;2.31;130030.0;71.0;72.0;53.0;4386.0;973.02;761.70;6.0;1.0;0;1.0;0;0;1.0;0;0;0;0;0;1.0;1.0;0;0;0;0;0
279345;2.44;0.87;73.0;3103.0;15.0;74.25;33.75;9.02;22.28;14.48;1.19;0;2.31;130030.0;73.0;73.0;53.0;4478.0;973.02;136.71;6.0;1.0;0;1.0;0;0;1.0;0;0;0;0;0;1.0;1.0;0;0;0;0;0
279844;2.21;0.91;73.0;3107.0;15.0;74.25;35.25;7.05;19.75;14.58;1.97;1.15;2.31;130030.0;71.0;73.0;53.0;4504.0;973.02;664.05;6.0;1.0;0;1.0;0;0;1.0;0;0;0;0;0;1.0;1.0;0;0;0;0;0
280362;2.03;0.91;73.0;3113.0;15.0;74.25;35.25;6.27;18.32;14.48;0.89;0.48;2.31;130030.0;72.0;73.0;53.0;4517.0;973.02;820.30;6.0;1.0;0;1.0;0;0;1.0;0;0;0;0;0;1.0;1.0;0;0;0;0;0
280911;1.67;0.87;72.0;3100.0;15.0;74.25;35.25;5.09;15.92;14.48;0.29;0.13;2.31;130030.0;72.0;73.0;53.0;4529.0;973.09;781.24;6.0;1.0;0;1.0;0;0;1.0;0;0;0;0;0;1.0;1.0;0;0;0;0;0
281411;1.56;0.85;72.0;3066.0;15.0;75.0;35.25;5.09;15.41;14.48;1.69;0;2.31;130030.0;72.0;72.0;53.0;4520.0;973.17;234.37;6.0;1.0;0;1.0;0;0;1.0;0;0;0;0;0;1.0;1.0;0;0;0;0;0
281913;1.57;0.87;72.0;3072.0;15.0;75.0;35.25;4.70;15.06;14.48;0.82;0;2.31;130030.0;72.0;72.0;53.0;4504.0;973.09;703.11;6.0;1.0;0;1.0;0;0;1.0;0;0;0;0;0;1.0;1.0;0;0;0;0;0
282434;1.57;0.86;71.0;3020.0;15.0;75.0;35.25;4.70;15.20;14.48;1.79;0;2.31;130030.0;71.0;72.0;53.0;4516.0;973.09;800.77;6.0;1.0;0;1.0;0;0;1.0;0;0;0;0;0;1.0;1.0;0;0;0;0;0
282933;1.92;0.86;72.0;3066.0;15.0;75.0;35.25;5.49;16.85;14.48;0.82;0;2.31;130030.0;71.0;72.0;53.0;4511.0;973.13;800.77;6.0;1.0;0;1.0;0;0;1.0;0;0;0;0;0;1.0;1.0;0;0;0;0;0
283439;2.04;0.83;72.0;3114.0;15.0;75.0;35.25;7.05;19.77;14.58;1.93;0;2.31;130030.0;72.0;73.0;53.0;4498.0;973.25;0;6.0;1.0;0;1.0;0;0;1.0;0;0;0;0;0;1.0;1.0;0;0;0;0;0
283938;2.13;0.87;73.0;3096.0;15.0;75.0;35.25;7.05;19.88;14.58;0.87;1.85;2.31;130030.0;72.0;73.0;53.0;4509.0;973.25;351.55;6.0;1.0;0;1.0;0;0;1.0;0;0;0;0;0;1.0;1.0;0;0;0;0;0
284443;2.2;0.90;73.0;3133.0;15.0;75.0;35.25;7.05;19.84;14.48;0.33;2.73;2.31;130030.0;73.0;74.0;53.0;4506.0;973.25;781.24;6.0;1.0;0;1.0;0;0;1.0;0;0;0;0;0;1.0;1.0;0;0;0;0;0
284964;2.05;0.85;75.0;3167.0;15.0;75.0;35.25;7.05;19.62;14.48;0.07;3.18;2.31;130030.0;74.0;75.0;53.0;4518.0;973.37;683.58;6.0;1.0;0;1.0;0;0;1.0;0;0;0;0;0;1.0;1.0;0;0;0;0;0
285521;2.04;0.85;75.0;3212.0;15.0;75.0;36.0;7.05;19.54;14.48;3.39;1.26;2.31;130030.0;74.0;76.0;53.0;4510.0;973.37;58.59;6.0;1.0;0;1.0;0;0;1.0;0;0;0;0;0;1.0;1.0;0;0;0;0;0
286022;2.09;0.89;76.0;3263.0;15.0;75.0;36.75;6.66;19.11;14.48;3.24;0.50;2.31;130030.0;76.0;77.0;53.0;4515.0;973.48;820.30;6.0;1.0;0;1.0;0;0;1.0;0;0;0;0;0;1.0;1.0;0;0;0;0;0
286521;1.99;0.85;77.0;3258.0;15.0;75.0;36.75;6.66;19.07;14.48;1.42;0.17;2.31;130030.0;76.0;77.0;53.0;4521.0;973.60;683.58;6.0;1.0;0;1.0;0;0;1.0;0;0;0;0;0;1.0;1.0;0;0;0;0;0
287091;1.89;0.83;77.0;3293.0;15.0;75.0;37.5;6.66;18.64;14.39;0.62;2.08;2.31;130030.0;76.0;78.0;53.0;4516.0;973.64;58.59;6.0;1.0;0;1.0;0;0;1.0;0;0;0;0;0;1.0;1.0;0;0;0;0;0
287623;2.04;0.87;77.0;3284.0;15.0;75.0;37.5;6.66;18.98;14.48;0.15;0.78;2.31;130030.0;77.0;78.0;53.0;4517.0;973.76;820.30;6.0;1.0;0;1.0;0;0;1.0;0;0;0;0;0;1.0;1.0;0;0;0;0;0
288143;1.90;0.83;77.0;3279.0;15.0;75.0;37.5;6.66;18.65;14.58;0;0.29;2.31;130030.0;77.0;78.0;53.0;4517.0;973.87;195.31;6.0;1.0;0;1.0;0;0;1.0;0;0;0;0;0;1.0;1.0;0;0;0;0;0
288746;1.80;0.85;77.0;3270.0;15.0;75.0;38.25;5.88;17.40;14.39;0;0;2.31;130030.0;76.0;77.0;53.0;4522.0;973.91;722.64;6.0;1.0;0;1.0;0;0;1.0;0;0;0;0;0;1.0;1.0;0;0;0;0;0
289336;1.58;0.85;76.0;3270.0;15.0;75.0;37.5;5.09;15.22;14.58;1.85;0;2.31;130030.0;76.0;77.0;53.0;4514.0;973.99;839.83;6.0;1.0;0;1.0;0;0;1.0;0;0;0;0;0;1.0;1.0;0;0;0;0;0
289839;1.48;0.82;76.0;3220.0;15.0;75.0;37.5;5.09;15.03;14.58;0.64;0.95;2.31;130030.0;75.0;76.0;53.0;4520.0;974.07;800.77;6.0;1.0;0;1.0;0;0;1.0;0;0;0;0;0;1.0;1.0;0;0;0;0;0
290338;1.27;0.80;75.0;3182.0;15.0;75.0;36.75;3.92;13.20;14.58;0.25;2.46;2.31;130030.0;74.0;75.0;53.0;4511.0;974.11;19.53;6.0;1.0;0;1.0;0;0;1.0;0;0;0;0;0;1.0;1.0;0;0;0;0;0
290843;1.31;0.82;73.0;3127.0;15.0;75.0;36.0;3.92;13.30;14.48;0;2.75;2.31;130030.0;73.0;74.0;53.0;4521.0;974.11;39.06;6.0;1.0;0;1.0;0;0;1.0;0;0;0;0;0;1.0;1.0;0;0;0;0;0
291363;1.36;0.84;73.0;3098.0;15.0;75.0;35.25;3.92;13.28;14.48;1.38;1.28;2.31;130030.0;73.0;73.0;53.0;4518.0;974.15;39.06;6.0;1.0;0;1.0;0;0;1.0;0;0;0;0;0;1.0;1.0;0;0;0;0;0
291914;1.35;0.87;72.0;3106.0;15.0;75.0;36.0;3.92;13.02;14.58;0.48;1.60;2.31;130030.0;73.0;73.0;53.0;4512.0;974.15;97.65;6.0;1.0;0;1.0;0;0;1.0;0;0;0;0;0;1.0;1.0;0;0;0;0;0
292422;1.40;0.89;72.0;3078.0;15.0;75.0;35.25;3.92;13.01;14.39;1.40;0.70;2.31;130030.0;72.0;73.0;53.0;4524.0;974.19;761.70;6.0;1.0;0;1.0;0;0;1.0;0;0;0;0;0;1.0;1.0;0;0;0;0;0
292922;1.40;0.89;72.0;3060.0;15.0;75.0;35.25;3.92;13.23;14.48;0.62;0.27;2.31;130030.0;71.0;72.0;53.0;4510.0;974.19;820.30;6.0;1.0;0;1.0;0;0;1.0;0;0;0;0;0;1.0;1.0;0;0;0;0;0
293491;1.36;0.86;71.0;3006.0;15.0;75.0;34.5;3.92;13.13;14.48;0.25;0.01;2.31;130030.0;70.0;71.0;53.0;4518.0;974.19;78.12;6.0;1.0;0;1.0;0;0;1.0;0;0;0;0;0;1.0;1.0;0;0;0;0;0
294055;1.45;0.89;71.0;3010.0;15.0;75.75;34.5;3.92;13.49;14.39;0;0;2.31;130030.0;71.0;71.0;52.0;4513.0;974.19;820.30;6.0;1.0;0;1.0;0;0;1.0;0;0;0;0;0;1.0;1.0;0;0;0;0;0
294554;2.66;1.00;71.0;3022.0;15.0;75.75;34.5;7.05;20.05;14.39;0;0;2.31;130030.0;69.0;71.0;52.0;4494.0;974.19;878.89;6.0;1.0;0;1.0;0;0;1.0;0;0;0;0;0;1.0;1.0;0;0;0;0;0
295062;2.46;0.96;72.0;3066.0;15.0;75.75;34.5;7.45;20.46;14.58;0;0;2.31;130030.0;70.0;73.0;52.0;4480.0;974.19;859.36;6.0;1.0;0;1.0;0;0;1.0;0;0;0;0;0;1.0;1.0;0;0;0;0;0
295582;2.37;0.92;72.0;3112.0;15.0;75.75;34.5;7.45;20.65;14.48;1.15;0;2.31;130030.0;72.0;73.0;52.0;4518.0;974.19;820.30;6.0;1.0;0;1.0;0;0;1.0;0;0;0;0;0;1.0;1.0;0;0;0;0;0
296076;2.18;0.87;75.0;3165.0;15.0;75.75;35.25;7.45;20.28;14.48;0.48;1.38;2.31;130030.0;72.0;75.0;52.0;4515.0;974.19;742.17;6.0;1.0;0;1.0;0;0;1.0;0;0;0;0;0;1.0;1.0;0;0;0;0;0
296624;1.75;0.83;75.0;3161.0;15.0;75.75;36.0;5.88;17.62;14.48;0.17;4.04;2.31;130030.0;73.0;75.0;52.0;4532.0;974.19;292.96;6.0;1.0;0;1.0;0;0;1.0;0;0;0;0;0;1.0;1.0;0;0;0;0;0
297177;0.75;0.99;72.0;3107.0;15.0;75.75;35.25;1.17;7.06;14.58;1.85;1.93;2.31;130030.0;72.0;73.0;52.0;4531.0;974.19;878.89;6.0;1.0;0;1.0;0;0;1.0;0;0;0;0;0;1.0;1.0;0;0;0;0;0
297687;0.61;1.00;70.0;2990.0;15.0;75.75;-30.0;0;0;14.58;0.72;0.76;2.31;130030.0;70.0;71.0;52.0;4569.0;974.19;234.37;6.0;1.0;0;1.0;0;0;1.0;0;0;0;0;0;1.0;1.0;0;0;0;0;0
298239;0.63;1.00;68.0;2927.0;15.0;75.75;-30.0;0;0;14.58;0.29;0.33;2.31;130030.0;69.0;69.0;52.0;4573.0;974.19;0;6.0;1.0;0;1.0;0;0;1.0;0;0;0;0;0;1.0;1.0;0;0;0;0;0
298766;0.64;1.00;67.0;2857.0;15.0;75.75;-30.0;0;0;14.58;0.01;0.03;2.31;130030.0;66.0;67.0;52.0;4558.0;974.19;0;6.0;1.0;0;1.0;0;0;1.0;0;0;0;0;0;1.0;1.0;0;0;0;0;0
299298;0.65;1.00;65.0;2785.0;15.0;75.75;-30.0;0;0;14.48;0;0;2.31;130030.0;65.0;66.0;52.0;4540.0;974.27;0;6.0;1.0;0;1.0;0;0;1.0;0;0;0;0;0;1.0;1.0;0;0;0;0;0
299802;0.67;1.00;62.0;2679.0;15.0;75.75;-30.0;0;0;14.58;0;1.66;2.31;130030.0;62.0;63.0;52.0;4550.0;974.23;0;6.0;1.0;0;1.0;0;0;1.0;0;0;0;0;0;1.0;1.0;0;0;0;0;0
300329;0.84;1.00;58.0;2479.0;15.0;75.75;3.0;0;9.08;14.58;2.20;2.38;2.31;130030.0;58.0;59.0;56.0;4371.0;974.23;0;6.0;1.0;0;1.0;0;0;1.0;0;0;1.0;0;0;1.0;1.0;0;0;0;0;0
300827;0.89;1.00;53.0;2312.0;15.0;75.75;15.75;0;13.55;14.48;21.13;71.05;2.31;130030.0;54.0;54.0;55.0;4243.0;974.23;19.53;6.0;1.0;0;1.0;0;0;1.0;0;0;1.0;0;0;1.0;1.0;0;0;0;0;0
301381;0.94;1.00;48.0;2098.0;15.0;76.5;15.0;0;13.44;14.48;135.38;139.44;2.31;130030.0;48.0;49.0;55.0;4359.0;974.23;19.53;6.0;1.0;0;1.0;0;0;1.0;0;0;1.0;0;0;1.0;1.0;0;0;0;0;0
301878;1.04;1.00;43.0;1883.0;15.0;76.5;15.75;0;13.56;14.48;179.01;194.49;2.31;130030.0;43.0;43.0;54.0;4471.0;974.23;39.06;6.0;1.0;0;1.0;0;0;1.0;0;0;1.0;0;0;1.0;1.0;0;0;0;0;0
302393;1.08;1.01;38.0;1711.0;15.0;76.5;15.75;0;13.59;14.48;192.56;228.46;2.31;130030.0;39.0;39.0;53.0;4480.0;974.30;58.59;6.0;1.0;0;1.0;0;0;1.0;0;0;1.0;0;0;1.0;1.0;0;0;0;0;0
302893;1.39;1.02;35.0;1338.0;15.0;76.5;14.25;0;13.43;14.39;164.55;182.15;2.31;130030.0;35.0;36.0;53.0;4504.0;974.34;58.59;6.0;1.0;0;1.0;0;0;1.0;0;0;1.0;0;0;1.0;1.0;0;0;0;0;0
303451;1.29;1.04;33.0;1355.0;15.0;76.5;14.25;0;13.27;14.39;127.12;139.95;2.31;130030.0;33.0;34.0;52.0;4492.0;974.54;683.58;6.0;1.0;0;1.0;0;0;1.0;0;0;1.0;0;0;1.0;1.0;0;0;0;0;0
303952;1.30;1.03;31.0;1321.0;15.0;76.5;15.75;0;13.47;14.48;92.63;96.77;2.31;130030.0;31.0;31.0;52.0;4502.0;974.85;703.11;6.0;1.0;0;1.0;0;0;1.0;0;0;1.0;0;0;1.0;1.0;0;0;0;0;0
304469;1.35;1.01;28.0;1341.0;15.0;76.5;15.0;0;13.30;14.48;67.49;70.50;2.31;130030.0;29.0;29.0;53.0;4498.0;975.01;449.21;5.0;1.0;0;1.0;0;0;1.0;0;0;1.0;0;0;1.0;1.0;0;0;0;0;0
304976;3.75;1.00;28.0;1658.0;15.0;76.5;-1.5;5.88;18.28;14.39;53.23;58.23;2.31;130030.0;29.0;29.0;52.0;4543.0;975.09;917.95;4.0;1.0;0;1.0;0;0;1.0;0;0;1.0;0;0;1.0;1.0;0;0;0;0;0
305504;1.76;0.99;28.0;1497.0;15.0;76.5;12.75;1.56;13.58;14.58;47.92;47.26;2.31;130030.0;29.0;29.0;52.0;4505.0;975.16;585.93;4.0;1.0;0;1.0;0;0;1.0;0;0;1.0;0;0;1.0;1.0;0;0;0;0;0
306005;1.78;0.99;28.0;1568.0;15.0;76.5;13.5;1.96;13.81;14.39;33.10;32.63;2.31;130030.0;29.0;29.0;52.0;4528.0;975.24;97.65;4.0;1.0;0;1.0;0;0;1.0;0;0;1.0;0;0;1.0;1.0;0;0;0;0;0
306511;2.42;1.00;30.0;2351.0;15.0;76.5;23.25;5.09;18.83;14.58;21.65;21.32;2.31;130030.0;30.0;30.0;52.0;4565.0;975.32;878.89;4.0;1.0;0;1.0;0;0;1.0;0;0;1.0;0;0;1.0;1.0;0;0;0;0;0
307079;3.42;0.98;32.0;1854.0;15.0;76.5;16.5;7.45;26.83;14.48;13.39;12.51;2.31;130030.0;32.0;32.0;52.0;4530.0;975.36;781.24;4.0;1.0;0;1.0;0;0;1.0;0;0;1.0;0;0;1.0;1.0;0;0;0;0;0
307703;3.68;0.97;35.0;1860.0;15.0;76.5;14.25;9.41;29.89;14.58;8.28;7.71;2.31;130030.0;35.0;36.0;52.0;4524.0;975.36;39.06;4.0;1.0;0;1.0;0;0;1.0;0;0;1.0;0;0;1.0;1.0;0;0;0;0;0
308238;3.61;1.01;40.0;2040.0;15.0;76.5;18.0;9.41;28.21;14.48;6.46;6.67;2.31;130030.0;38.0;40.0;52.0;4466.0;975.40;371.08;4.0;1.0;0;1.0;0;0;1.0;0;0;1.0;0;0;0;1.0;0;0;0;0;0
308827;3.38;1.00;42.0;2259.0;15.0;76.5;20.25;9.41;26.45;14.48;3.55;3.86;2.31;130030.0;42.0;43.0;52.0;4488.0;975.40;859.36;4.0;1.0;0;1.0;0;0;1.0;0;0;1.0;0;0;1.0;1.0;0;0;0;0;0
309317;3.09;0.97;46.0;2401.0;15.0;76.5;24.0;9.02;25.67;14.48;2.03;2.18;2.31;130030.0;45.0;46.0;52.0;4494.0;975.44;761.70;4.0;1.0;0;1.0;0;0;1.0;0;0;1.0;0;0;1.0;1.0;0;0;0;0;0
309845;2.96;0.95;48.0;2537.0;15.0;76.5;26.25;9.02;25.13;14.58;1.11;1.21;2.31;130030.0;48.0;49.0;52.0;4468.0;975.44;78.12;4.0;1.0;0;1.0;0;0;1.0;0;0;1.0;0;0;1.0;1.0;0;0;0;0;0
310433;2.99;0.98;53.0;2782.0;15.0;76.5;30.0;9.02;24.50;14.48;0.46;0.52;2.31;130030.0;52.0;53.0;52.0;4443.0;975.44;820.30;4.0;1.0;0;1.0;0;0;1.0;0;0;1.0;0;0;1.0;1.0;0;0;0;0;0
310932;2.78;0.93;56.0;2911.0;15.0;76.5;31.5;8.62;24.00;14.39;1.30;0.15;2.31;130030.0;54.0;56.0;52.0;4514.0;975.44;820.30;4.0;1.0;0;1.0;0;0;1.0;0;0;1.0;0;0;1.0;1.0;0;0;0;0;0
311506;2.76;0.89;57.0;3008.0;15.0;76.5;32.25;9.02;23.83;14.58;0.56;0;2.31;130030.0;56.0;58.0;52.0;4519.0;975.44;644.52;4.0;1.0;0;1.0;0;0;1.0;0;0;1.0;0;0;1.0;1.0;0;0;0;0;0
312038;2.50;0.88;60.0;3140.0;15.0;76.5;33.75;8.23;23.10;14.48;0.23;0;2.31;130030.0;59.0;60.0;52.0;4518.0;975.44;58.59;4.0;1.0;0;1.0;0;0;1.0;0;0;0;0;0;1.0;1.0;0;0;0;0;0
312562;1.91;1.00;61.0;3201.0;15.0;76.5;36.0;5.88;18.38;14.48;1.87;0.95;2.31;130030.0;60.0;61.0;52.0;4523.0;975.44;859.36;4.0;1.0;0;1.0;0;0;1.0;0;0;0;0;0;1.0;1.0;0;0;0;0;0
313153;1.71;0.98;62.0;3247.0;15.0;76.5;37.5;4.70;14.61;14.48;2.90;0.37;2.31;130030.0;61.0;62.0;52.0;4531.0;975.44;859.36;4.0;1.0;0;1.0;0;0;1.0;0;0;0;0;0;1.0;1.0;0;0;0;0;0
313649;1.65;0.95;62.0;3268.0;15.0;76.5;37.5;4.70;14.36;14.58;1.13;1.97;2.31;130030.0;62.0;63.0;52.0;4501.0;975.44;859.36;4.0;1.0;0;1.0;0;0;1.0;0;0;0;0;0;1.0;1.0;0;0;0;0;0
314210;2.78;0.98;65.0;3369.0;15.0;76.5;35.25;9.02;22.03;14.48;3.73;0.83;2.31;130030.0;64.0;65.0;52.0;4500.0;975.44;859.36;4.0;1.0;0;1.0;0;0;1.0;0;0;0;0;0;1.0;1.0;0;0;0;0;0
314738;2.48;0.92;66.0;3479.0;15.0;76.5;37.5;8.62;21.33;14.48;1.69;1.69;2.31;130030.0;66.0;67.0;52.0;4518.0;975.44;800.77;4.0;1.0;0;1.0;0;0;1.0;0;0;0;0;0;1.0;1.0;0;0;0;0;0
315277;1.87;0.99;68.0;3553.0;15.0;76.5;40.5;5.49;15.68;14.48;1.60;2.65;2.31;130030.0;68.0;69.0;52.0;4525.0;975.44;859.36;4.0;1.0;0;1.0;0;0;1.0;0;0;0;0;0;1.0;1.0;0;0;0;0;0
315776;1.48;0.95;70.0;3592.0;15.0;76.5;41.25;4.31;12.81;14.48;0.62;1.11;2.31;130030.0;69.0;70.0;52.0;4525.0;975.44;859.36;4.0;1.0;0;1.0;0;0;1.0;0;0;0;0;0;1.0;1.0;0;0;0;0;0
316336;0.78;0.99;68.0;3579.0;15.0;76.5;40.5;1.56;6.47;14.39;0.19;0.39;2.31;130030.0;69.0;69.0;52.0;4528.0;975.48;839.83;4.0;1.0;0;1.0;0;0;1.0;0;0;0;0;0;1.0;1.0;0;0;0;0;0
316890;1.80;0.96;70.0;3596.0;15.0;76.5;40.5;5.09;15.07;14.58;0;0.01;2.31;130030.0;69.0;70.0;52.0;4479.0;975.63;839.83;4.0;1.0;0;1.0;0;0;1.0;0;0;0;0;0;1.0;1.0;0;0;0;0;0
317393;1.65;0.93;70.0;3626.0;15.0;76.5;41.25;5.09;14.62;14.48;0;0;2.31;130030.0;69.0;70.0;52.0;4517.0;975.59;839.83;4.0;1.0;0;1.0;0;0;1.0;0;0;0;0;0;1.0;1.0;0;0;0;0;0
317943;1.07;0.90;70.0;3620.0;15.0;76.5;42.0;3.52;10.43;14.58;0;0;2.31;130030.0;70.0;70.0;52.0;4553.0;975.75;820.30;4.0;1.0;0;1.0;0;0;1.0;0;0;0;0;0;1.0;1.0;0;0;0;0;0
318465;0.51;1.00;70.0;3562.0;15.0;76.5;-30.0;0;0;14.58;0;0;2.31;130030.0;70.0;69.0;52.0;4634.0;975.94;351.55;4.0;1.0;0;1.0;0;0;1.0;0;0;0;0;0;1.0;1.0;0;0;0;0;0
318997;0.53;1.00;66.0;3425.0;15.0;77.25;-30.0;0;0;14.58;78.06;57.86;2.31;130030.0;67.0;66.0;51.0;4633.0;976.10;0;4.0;1.0;0;1.0;0;0;1.0;0;0;0;0;0;1.0;1.0;0;0;0;0;0
319518;0.6;1.00;60.0;3140.0;15.0;77.25;-30.0;0;0;14.58;183.62;175.12;2.31;130030.0;59.0;60.0;51.0;4611.0;976.26;0;4.0;1.0;0;1.0;0;0;1.0;0;0;1.0;0;0;1.0;1.0;0;0;0;0;0
320017;0.64;1.00;52.0;2762.0;15.0;77.25;-30.0;0;0;14.58;150.00;162.97;2.31;130030.0;52.0;53.0;51.0;4648.0;976.37;0;4.0;1.0;0;1.0;0;0;1.0;0;0;1.0;0;0;1.0;1.0;0;0;0;0;0
320525;0.88;1.00;46.0;2449.0;15.0;77.25;14.25;0;13.48;14.48;174.67;210.53;2.31;130030.0;46.0;47.0;54.0;4387.0;976.49;0;4.0;1.0;0;1.0;0;0;1.0;0;0;1.0;0;0;1.0;1.0;0;0;0;0;0
321046;5.17;1.00;43.0;2025.0;15.0;77.25;3.75;7.45;19.01;14.48;180.53;172.76;2.31;130030.0;44.0;43.0;51.0;4244.0;976.53;898.42;4.0;1.0;0;1.0;0;0;1.0;0;0;1.0;0;0;1.0;1.0;0;0;0;0;0
321581;0.82;1.00;42.0;2458.0;15.0;77.25;16.5;0;13.56;14.48;189.20;205.92;2.31;130030.0;42.0;42.0;55.0;4350.0;976.57;19.53;3.0;1.0;0;1.0;0;0;1.0;0;0;1.0;0;0;1.0;1.0;0;0;0;0;0
322101;1.53;1.00;40.0;2472.0;15.0;77.25;16.5;1.96;10.28;14.58;179.50;181.76;2.31;130030.0;40.0;40.0;51.0;4406.0;976.61;97.65;3.0;1.0;0;1.0;0;0;1.0;0;0;1.0;0;0;1.0;1.0;0;0;0;0;0
322602;1.66;1.00;41.0;2556.0;15.0;77.25;17.25;2.74;12.04;14.48;175.10;204.85;2.31;130030.0;41.0;40.0;51.0;4453.0;976.65;859.36;3.0;1.0;0;1.0;0;0;1.0;0;0;1.0;0;0;1.0;1.0;0;0;0;0;0
323152;2.14;0.98;40.0;2477.0;15.0;77.25;24.0;4.31;17.40;14.48;177.15;170.26;2.31;130030.0;39.0;40.0;51.0;4482.0;976.65;859.36;3.0;1.0;0;1.0;0;0;1.0;0;0;1.0;0;0;1.0;1.0;0;0;0;0;0
323673;3.21;0.98;43.0;2672.0;15.0;77.25;27.75;10.19;24.78;14.58;193.15;188.85;2.31;130030.0;42.0;44.0;51.0;4421.0;976.65;839.83;3.0;1.0;0;1.0;0;0;1.0;0;0;1.0;0;0;1.0;1.0;0;0;0;0;0
324283;4.28;1.00;47.0;2899.0;15.0;77.25;26.25;16.86;31.11;14.48;260.66;251.03;2.31;130030.0;45.0;48.0;51.0;4459.0;976.69;703.11;3.0;1.0;0;1.0;0;0;1.0;0;0;1.0;0;0;1.0;1.0;0;0;0;0;0
324863;3.92;0.97;50.0;3099.0;15.0;77.25;27.0;17.25;31.58;14.48;299.14;294.78;2.31;130030.0;49.0;50.0;51.0;4534.0;976.80;78.12;3.0;1.0;0;1.0;0;0;1.0;0;0;1.0;0;0;1.0;1.0;0;0;0;0;0
325370;0;1.00;52.0;3433.0;15.0;77.25;41.25;0;10.12;14.48;334.29;335.79;2.31;130030.0;52.0;52.0;51.0;4685.0;976.77;761.70;3.0;1.0;0;1.0;0;0;1.0;0;0;1.0;0;0;1.0;1.0;0;0;0;0;0
325867;2.08;1.00;51.0;2692.0;15.0;77.25;24.75;4.31;16.13;14.58;341.52;343.10;2.31;130030.0;51.0;52.0;51.0;4189.0;976.77;820.30;4.0;1.0;0;1.0;0;0;1.0;0;0;1.0;0;0;1.0;1.0;0;0;0;0;0
326388;2.12;0.98;53.0;2802.0;15.0;77.25;30.75;4.70;16.96;14.48;342.73;343.82;2.31;130030.0;52.0;54.0;51.0;4251.0;976.77;859.36;4.0;1.0;0;1.0;0;0;1.0;0;0;1.0;0;0;1.0;1.0;0;0;0;0;0
326945;2.28;0.95;56.0;2900.0;15.0;77.25;32.25;5.88;19.25;14.48;308.00;344.13;2.31;130030.0;54.0;56.0;51.0;4387.0;976.96;820.30;4.0;1.0;0;1.0;0;0;1.0;0;0;1.0;0;0;1.0;1.0;0;0;0;0;0
327445;2.13;0.91;57.0;2985.0;15.0;77.25;33.75;5.88;18.93;14.48;332.32;337.86;2.31;130030.0;55.0;57.0;51.0;4473.0;977.00;820.30;4.0;1.0;0;1.0;0;0;1.0;0;0;1.0;0;0;1.0;1.0;0;0;0;0;0
327993;2.08;0.88;58.0;3057.0;15.0;77.25;34.5;6.27;19.51;14.58;308.88;295.82;2.31;130030.0;57.0;59.0;51.0;4498.0;976.92;781.24;4.0;1.0;0;1.0;0;0;1.0;0;0;1.0;0;0;1.0;1.0;0;0;0;0;0
328515;2.01;0.83;61.0;3160.0;15.0;77.25;36.0;6.27;19.87;14.48;279.22;264.33;2.31;130030.0;59.0;61.0;51.0;4526.0;977.08;761.70;4.0;1.0;0;1.0;0;0;1.0;0;0;0;0;0;1.0;1.0;0;0;0;0;0
329013;1.83;0.82;62.0;3256.0;15.0;77.25;37.5;6.27;18.24;14.58;286.99;187.35;2.31;130030.0;61.0;63.0;51.0;4508.0;977.16;97.65;4.0;1.0;0;1.0;0;0;1.0;0;0;0;0;0;1.0;1.0;0;0;0;0;0
329520;2.00;0.86;63.0;3326.0;15.0;77.25;37.5;6.66;18.91;14.48;235.00;260.56;2.31;130030.0;63.0;64.0;51.0;4507.0;977.35;781.24;4.0;1.0;0;1.0;0;0;1.0;0;0;0;0;0;1.0;1.0;0;0;0;0;0
330075;2.07;0.82;65.0;3406.0;15.0;77.25;37.5;7.84;20.17;14.58;254.98;303.98;2.31;130030.0;64.0;66.0;51.0;4515.0;977.43;78.12;4.0;1.0;0;1.0;0;0;1.0;0;0;0;0;0;1.0;1.0;0;0;0;0;0
330582;2.14;0.86;67.0;3505.0;15.0;77.25;38.25;7.84;20.05;14.39;309.25;337.57;2.31;130030.0;66.0;67.0;51.0;4517.0;977.43;507.80;4.0;1.0;0;1.0;0;0;1.0;0;0;0;0;0;1.0;1.0;0;0;0;0;0
331084;2.13;0.86;68.0;3579.0;15.0;77.25;39.0;7.84;19.85;14.48;337.53;312.34;2.31;130030.0;67.0;69.0;51.0;4507.0;977.59;781.24;4.0;1.0;0;1.0;0;0;1.0;0;0;0;0;0;1.0;1.0;0;0;0;0;0
331605;1.96;0.81;70.0;3656.0;15.0;78.0;39.75;7.84;19.44;14.58;344.66;300.66;2.31;130030.0;68.0;70.0;51.0;4522.0;977.66;58.59;4.0;1.0;0;1.0;0;0;1.0;0;0;0;0;0;1.0;1.0;0;0;0;0;0
332157;2.08;0.86;71.0;3691.0;15.0;78.0;40.5;7.84;19.36;14.48;326.32;304.96;2.31;130030.0;70.0;71.0;51.0;4510.0;977.74;781.24;4.0;1.0;0;1.0;0;0;1.0;0;0;0;0;0;1.0;1.0;0;0;0;0;0
332656;2.04;0.84;72.0;3755.0;15.0;78.0;40.5;7.84;19.39;14.58;346.03;316.91;2.31;130030.0;71.0;72.0;51.0;4515.0;977.78;761.70;4.0;1.0;0;1.0;0;0;1.0;0;0;0;0;0;1.0;1.0;0;0;0;0;0
333172;0.40;1.00;72.0;3447.0;15.0;78.0;41.25;0;9.82;14.48;348.10;321.54;2.31;130030.0;72.0;73.0;51.0;4618.0;977.82;0;4.0;1.0;0;1.0;0;0;1.0;0;0;0;0;0;1.0;1.0;0;0;0;0;0
333670;1.38;1.00;72.0;3300.0;15.0;78.0;38.25;3.52;11.22;14.39;357.16;310.60;2.31;130030.0;71.0;72.0;51.0;4191.0;977.86;859.36;5.0;1.0;0;1.0;0;0;1.0;0;0;0;0;0;1.0;1.0;0;0;0;0;0
334192;1.56;0.99;72.0;3351.0;15.0;78.0;38.25;3.92;12.51;14.48;334.41;298.75;2.31;130030.0;72.0;73.0;51.0;4289.0;977.86;859.36;5.0;1.0;0;1.0;0;0;1.0;0;0;0;0;0;1.0;1.0;0;0;0;0;0
334729;1.44;0.96;73.0;3364.0;15.0;78.0;38.25;3.92;12.18;14.48;269.55;226.07;2.31;130031.0;72.0;73.0;51.0;4421.0;977.86;839.83;5.0;1.0;0;1.0;0;0;1.0;0;0;0;0;0;1.0;1.0;0;0;0;0;0
335250;0.52;1.00;72.0;3329.0;15.0;78.0;-30.0;0;0;14.58;320.35;232.85;2.31;130031.0;73.0;73.0;51.0;4533.0;977.94;468.74;5.0;1.0;0;1.0;0;0;1.0;0;0;0;0;0;1.0;1.0;0;0;0;0;0
335759;0.55;1.00;71.0;3273.0;15.0;78.0;-30.0;0;0;14.58;317.51;283.92;2.31;130031.0;71.0;71.0;51.0;4540.0;978.17;0;5.0;1.0;0;1.0;0;0;1.0;0;0;0;0;0;1.0;1.0;0;0;0;0;0
336257;0.61;1.00;67.0;3090.0;15.0;78.0;-30.0;0;0;14.48;343.16;326.48;2.31;130031.0;67.0;67.0;51.0;4540.0;978.17;0;5.0;1.0;0;1.0;0;0;1.0;0;0;0;0;0;1.0;1.0;0;0;0;0;0
336755;0.64;1.00;63.0;2935.0;15.0;78.0;-30.0;0;0;14.39;352.12;344.74;2.31;130031.0;64.0;63.0;51.0;4585.0;978.45;0;5.0;1.0;0;1.0;0;0;1.0;0;0;0;0;0;1.0;1.0;0;0;0;0;0
337277;0.65;1.00;62.0;2865.0;15.0;78.0;-30.0;0;0;14.58;352.43;348.86;2.31;130031.0;62.0;62.0;51.0;4573.0;978.45;0;5.0;1.0;0;1.0;0;0;1.0;0;0;0;0;0;1.0;1.0;0;0;0;0;0
337776;3.09;1.00;61.0;2844.0;15.0;78.0;-5.25;7.84;11.10;14.58;347.26;350.79;2.31;130031.0;61.0;61.0;51.0;4214.0;978.60;898.42;5.0;1.0;0;1.0;0;0;1.0;0;0;0;0;0;1.0;1.0;0;0;0;0;0
338325;2.80;0.97;62.0;2868.0;15.0;78.0;12.75;7.84;18.29;14.58;346.59;351.91;2.31;130031.0;61.0;62.0;51.0;4236.0;978.76;859.36;5.0;1.0;0;1.0;0;0;1.0;0;0;0;0;0;1.0;1.0;0;0;0;0;0
338847;2.56;0.93;62.0;2919.0;15.0;78.75;32.25;8.23;21.57;14.48;318.65;322.40;2.31;130031.0;62.0;63.0;50.0;4378.0;978.87;800.77;5.0;1.0;0;1.0;0;0;1.0;0;0;0;0;0;1.0;1.0;0;0;0;0;0
339342;2.36;0.89;63.0;2913.0;15.0;78.75;32.25;7.84;21.61;14.48;259.33;279.00;2.31;130031.0;62.0;63.0;50.0;4467.0;978.95;566.39;5.0;1.0;0;1.0;0;0;1.0;0;0;0;0;0;1.0;1.0;0;0;0;0;0
339853;1.93;1.00;62.0;2921.0;15.0;78.75;33.0;5.09;16.26;14.39;250.04;269.68;2.31;130031.0;63.0;63.0;50.0;4534.0;979.03;859.36;5.0;1.0;0;1.0;0;0;1.0;0;0;0;0;0;1.0;1.0;0;0;0;0;0
340409;1.79;0.99;62.0;2908.0;15.0;78.75;33.0;4.70;15.10;14.48;219.06;223.54;2.31;130031.0;62.0;63.0;50.0;4523.0;979.07;859.36;5.0;1.0;0;1.0;0;0;1.0;0;0;0;0;0;1.0;1.0;0;0;0;0;0
340917;1.09;0.99;63.0;2792.0;15.0;78.75;30.75;2.35;9.86;14.48;183.91;175.92;2.31;130031.0;63.0;63.0;50.0;4543.0;979.07;859.36;5.0;1.0;0;1.0;0;0;1.0;0;0;0;0;0;1.0;1.0;0;0;0;0;0
341416;1.08;0.98;62.0;2898.0;15.0;78.75;33.0;2.35;9.67;14.58;233.12;223.81;2.31;130031.0;63.0;63.0;50.0;4518.0;979.11;859.36;5.0;1.0;0;1.0;0;0;1.0;0;0;0;0;0;1.0;1.0;0;0;0;0;0
341937;1.07;0.96;63.0;2935.0;15.0;78.75;33.0;2.35;9.51;14.58;295.11;292.79;2.31;130031.0;63.0;64.0;50.0;4515.0;979.11;839.83;5.0;1.0;0;1.0;0;0;1.0;0;0;0;0;0;1.0;1.0;0;0;0;0;0
342432;1.06;0.95;63.0;2916.0;15.0;78.75;33.0;2.35;9.68;14.48;325.64;305.80;2.31;130031.0;63.0;63.0;50.0;4525.0;979.11;839.83;5.0;1.0;0;1.0;0;0;1.0;0;0;0;0;0;1.0;1.0;0;0;0;0;0
342954;0.67;1.00;62.0;2873.0;15.0;78.75;29.25;0;13.39;14.58;305.09;327.06;2.31;130031.0;63.0;63.0;50.0;4524.0;979.15;820.30;5.0;1.0;0;1.0;0;0;1.0;0;0;0;0;0;1.0;1.0;0;0;0;0;0
343446;0.64;1.00;62.0;2875.0;15.75;78.75;-30.0;0;0;14.48;301.85;338.61;2.31;130031.0;62.0;63.0;50.0;4566.0;979.15;0;5.0;1.0;0;1.0;0;0;1.0;0;0;0;0;0;1.0;1.0;0;0;0;0;0
343967;0.66;1.00;61.0;2836.0;15.75;78.75;-30.0;0;0;14.58;318.92;344.95;2.31;130031.0;61.0;62.0;50.0;4558.0;979.15;0;5.0;1.0;0;1.0;0;0;1.0;0;0;0;0;0;1.0;1.0;0;0;0;0;0
344461;0.66;1.00;61.0;2804.0;15.75;78.75;-30.0;0;0;14.58;331.54;345.52;2.31;130031.0;61.0;61.0;50.0;4549.0;979.15;0;5.0;1.0;0;1.0;0;0;1.0;0;0;0;0;0;1.0;1.0;0;0;0;0;0
344970;0.67;1.00;60.0;2775.0;15.75;78.75;-30.0;0;0;14.58;338.59;345.30;2.31;130031.0;60.0;60.0;50.0;4535.0;979.23;0;5.0;1.0;0;1.0;0;0;1.0;0;0;0;0;0;1.0;1.0;0;0;0;0;0
345490;0.68;1.00;58.0;2728.0;15.75;78.75;-30.0;0;0;14.58;338.65;343.41;2.31;130031.0;59.0;59.0;50.0;4525.0;979.34;0;5.0;1.0;0;1.0;0;0;1.0;0;0;0;0;0;1.0;1.0;0;0;0;0;0
345997;0.68;1.00;57.0;2675.0;15.75;78.75;-30.0;0;0;14.58;328.29;338.12;2.31;130031.0;58.0;58.0;50.0;4517.0;979.30;0;5.0;1.0;0;1.0;0;0;1.0;0;0;1.0;0;0;1.0;1.0;0;0;0;0;0
346492;0.72;1.00;56.0;2568.0;15.75;78.75;-30.0;0;0;14.48;278.61;341.89;2.31;130031.0;56.0;56.0;50.0;4522.0;979.46;0;5.0;1.0;0;1.0;0;0;1.0;0;0;1.0;0;0;1.0;1.0;0;0;0;0;0
347022;0.85;1.00;53.0;2484.0;15.75;78.75;18.75;0;13.37;14.48;299.04;344.88;2.31;130031.0;54.0;54.0;51.0;4210.0;979.62;19.53;5.0;1.0;0;1.0;0;0;1.0;0;0;1.0;0;0;1.0;1.0;0;0;0;0;0
347564;0.88;1.00;52.0;2411.0;15.75;78.75;16.5;0;13.30;14.58;204.44;234.14;2.31;130031.0;52.0;52.0;53.0;4304.0;979.77;39.06;5.0;1.0;0;1.0;0;0;1.0;0;0;1.0;0;0;1.0;1.0;0;0;0;0;0
348063;0.87;1.00;51.0;2366.0;15.75;78.75;16.5;0;13.31;14.39;120.63;182.60;2.31;130031.0;51.0;51.0;52.0;4438.0;979.93;39.06;5.0;1.0;0;1.0;0;0;1.0;0;0;1.0;0;0;1.0;1.0;0;0;0;0;0
348571;0.87;1.00;50.0;2309.0;15.75;78.75;15.75;0;13.24;14.39;85.58;123.35;2.31;130031.0;50.0;50.0;51.0;4503.0;980.09;39.06;5.0;1.0;0;1.0;0;0;1.0;0;0;1.0;0;0;1.0;1.0;0;0;0;0;0
349093;0.88;1.00;50.0;2282.0;15.75;78.75;15.75;0;13.32;14.39;79.68;158.11;2.31;130031.0;50.0;50.0;52.0;4511.0;980.16;58.59;5.0;1.0;0;1.0;0;0;1.0;0;0;1.0;0;0;1.0;1.0;0;0;0;0;0
349594;0.89;1.00;48.0;2265.0;15.75;78.75;15.75;0;13.35;14.58;54.13;119.83;2.31;130031.0;49.0;49.0;52.0;4496.0;980.24;58.59;5.0;1.0;0;1.0;0;0;1.0;0;0;1.0;0;0;1.0;1.0;0;0;0;0;0
350117;1.06;1.00;47.0;2224.0;15.75;78.75;21.0;0.39;10.48;14.48;51.75;93.88;2.31;130031.0;48.0;48.0;50.0;4527.0;980.28;58.59;5.0;1.0;0;1.0;0;0;1.0;0;0;1.0;0;0;1.0;1.0;0;0;0;0;0
350694;2.03;0.98;48.0;2252.0;15.75;78.75;8.25;3.52;12.78;14.48;113.15;125.90;2.31;130031.0;48.0;49.0;50.0;4509.0;980.32;898.42;5.0;1.0;0;1.0;0;0;1.0;0;0;1.0;0;0;1.0;1.0;0;0;0;0;0
351213;1.56;0.96;48.0;2241.0;15.75;78.75;14.25;2.35;12.22;14.48;127.99;174.03;2.31;130031.0;49.0;49.0;50.0;4509.0;980.36;898.42;5.0;1.0;0;1.0;0;0;1.0;0;0;1.0;0;0;1.0;1.0;0;0;0;0;0
351712;0.89;1.00;48.0;2259.0;15.75;78.75;15.75;0;13.38;14.39;130.08;199.12;2.31;130031.0;49.0;49.0;53.0;4495.0;980.36;878.89;5.0;1.0;0;1.0;0;0;1.0;0;0;1.0;0;0;1.0;1.0;0;0;0;0;0
352279;0.90;1.00;48.0;2233.0;15.75;78.75;15.75;0;13.38;14.58;76.73;123.87;2.31;130031.0;48.0;48.0;53.0;4513.0;980.36;683.58;5.0;1.0;0;1.0;0;0;1.0;0;0;1.0;0;0;1.0;1.0;0;0;0;0;0
352870;0.92;1.00;47.0;2214.0;15.75;78.75;15.0;0;13.31;14.39;47.67;83.04;2.31;130031.0;48.0;48.0;52.0;4503.0;980.40;39.06;5.0;1.0;0;1.0;0;0;1.0;0;0;1.0;0;0;1.0;1.0;0;0;0;0;0
353369;0.91;1.00;47.0;2186.0;15.75;78.75;15.75;0;13.24;14.48;35.31;76.65;2.31;130031.0;47.0;48.0;51.0;4506.0;980.40;58.59;5.0;1.0;0;1.0;0;0;1.0;0;0;1.0;0;0;1.0;1.0;0;0;0;0;0
353896;2.44;1.00;47.0;2181.0;15.75;78.75;6.0;3.13;11.43;14.58;44.50;90.63;2.31;130031.0;47.0;47.0;50.0;4539.0;980.40;898.42;5.0;1.0;0;1.0;0;0;1.0;0;0;1.0;0;0;1.0;1.0;0;0;0;0;0
354429;2.35;0.98;47.0;2247.0;15.75;78.75;3.75;4.31;13.38;14.39;161.31;178.13;2.31;130031.0;48.0;48.0;50.0;4527.0;980.48;878.89;5.0;1.0;0;1.0;0;0;1.0;0;0;1.0;0;0;1.0;1.0;0;0;0;0;0
354936;2.08;0.96;48.0;2291.0;15.75;78.75;11.25;3.92;14.45;14.29;201.06;196.47;2.58;130031.0;49.0;49.0;50.0;4505.0;980.44;859.36;5.0;1.0;0;1.0;0;0;1.0;0;0;1.0;0;0;1.0;1.0;0;0;0;0;0
355513;2.04;0.94;50.0;2310.0;15.75;78.75;18.0;3.92;16.23;14.39;251.19;211.70;2.31;130031.0;50.0;50.0;50.0;4501.0;980.52;839.83;5.0;1.0;0;1.0;0;0;1.0;0;0;1.0;0;0;1.0;1.0;0;0;0;0;0
356021;1.89;0.91;52.0;2394.0;15.75;78.75;24.0;3.92;16.67;14.48;292.18;178.83;2.31;130031.0;52.0;52.0;50.0;4509.0;980.55;839.83;5.0;1.0;0;1.0;0;0;1.0;0;0;1.0;0;0;1.0;1.0;0;0;0;0;0
356618;1.78;0.89;53.0;2454.0;15.75;78.75;25.5;3.92;16.18;14.48;268.75;165.79;2.31;130031.0;53.0;53.0;50.0;4492.0;980.75;781.24;5.0;1.0;0;1.0;0;0;1.0;0;0;1.0;0;0;1.0;1.0;0;0;0;0;0
357107;1.04;0.98;53.0;2486.0;15.75;78.75;25.5;1.17;8.98;14.29;229.18;191.53;2.58;130031.0;54.0;54.0;50.0;4494.0;980.83;878.89;5.0;1.0;0;1.0;0;0;1.0;0;0;1.0;0;0;1.0;1.0;0;0;0;0;0
357679;1.49;0.97;55.0;2534.0;15.75;78.75;26.25;2.74;12.40;14.39;210.70;208.79;2.31;130031.0;55.0;55.0;50.0;4477.0;981.06;859.36;5.0;1.0;0;1.0;0;0;1.0;0;0;1.0;0;0;1.0;1.0;0;0;0;0;0
358178;1.70;0.95;56.0;2571.0;15.75;78.75;26.25;3.52;14.66;14.48;226.27;196.43;2.31;130031.0;55.0;56.0;50.0;4495.0;981.22;839.83;5.0;1.0;0;1.0;0;0;1.0;0;0;1.0;0;0;1.0;1.0;0;0;0;0;0
358739;1.16;0.93;56.0;2528.0;15.75;78.75;26.25;1.56;10.55;14.48;219.02;220.02;2.31;130031.0;57.0;57.0;50.0;4494.0;981.34;859.36;5.0;1.0;0;1.0;0;0;1.0;0;0;1.0;0;0;0;1.0;0;0;0;0;0
359238;0.81;1.00;57.0;2623.0;15.75;78.75;19.5;0;13.50;14.48;284.47;292.14;2.31;130031.0;57.0;57.0;50.0;4494.0;981.37;703.11;5.0;1.0;0;1.0;0;0;1.0;0;0;1.0;0;0;1.0;1.0;0;0;0;0;0
359794;0.8;1.00;56.0;2608.0;15.75;78.75;19.5;0;13.50;14.48;320.11;320.64;2.31;130031.0;57.0;57.0;50.0;4508.0;981.41;156.24;5.0;1.0;0;1.0;0;0;1.0;0;0;1.0;0;0;1.0;1.0;0;0;0;0;0
360298;0.80;1.00;56.0;2597.0;15.75;78.75;18.0;0;13.33;14.39;339.06;337.22;2.31;130031.0;56.0;56.0;50.0;4526.0;981.49;19.53;5.0;1.0;0;1.0;0;0;1.0;0;0;1.0;0;0;1.0;1.0;0;0;0;0;0
360858;0.81;1.00;56.0;2545.0;15.75;78.75;18.0;0;13.32;14.58;350.66;345.79;2.31;130031.0;56.0;55.0;50.0;4523.0;981.53;19.53;5.0;1.0;0;1.0;0;0;1.0;0;0;1.0;0;0;1.0;1.0;0;0;0;0;0
361485;0.80;1.00;55.0;2564.0;15.75;78.75;19.5;0;13.38;14.48;351.22;330.64;2.31;130031.0;55.0;55.0;50.0;4513.0;981.57;39.06;5.0;1.0;0;1.0;0;0;1.0;0;0;1.0;0;0;1.0;1.0;0;0;0;0;0
361979;0.82;1.00;55.0;2540.0;15.75;78.75;18.0;0;13.35;14.67;348.18;332.22;2.31;130031.0;55.0;55.0;50.0;4505.0;981.57;39.06;5.0;1.0;0;1.0;0;0;1.0;0;0;1.0;0;0;1.0;1.0;0;0;0;0;0
362552;0.81;1.00;55.0;2527.0;15.75;78.75;18.75;0;13.42;14.48;312.40;337.22;2.31;130031.0;55.0;55.0;50.0;4524.0;981.57;39.06;5.0;1.0;0;1.0;0;0;1.0;0;0;1.0;0;0;1.0;1.0;0;0;0;0;0
363120;0.82;1.00;55.0;2539.0;15.75;78.75;17.25;0;13.20;14.48;319.13;310.91;2.31;130031.0;55.0;55.0;50.0;4513.0;981.61;58.59;5.0;1.0;0;1.0;0;0;1.0;0;0;1.0;0;0;1.0;1.0;0;0;0;0;0
363731;0.81;1.00;55.0;2540.0;15.75;78.75;18.0;0;13.35;14.48;306.44;320.31;2.31;130031.0;55.0;55.0;50.0;4528.0;981.61;58.59;5.0;1.0;0;1.0;0;0;1.0;0;0;1.0;0;0;1.0;1.0;0;0;0;0;0
364264;0.82;1.00;53.0;2499.0;15.75;78.75;18.0;0;13.43;14.58;286.42;299.27;2.31;130031.0;54.0;54.0;50.0;4526.0;981.61;58.59;5.0;1.0;0;1.0;0;0;1.0;0;0;1.0;0;0;1.0;1.0;0;0;0;0;0
364785;0.83;1.00;53.0;2485.0;15.75;78.75;16.5;0;13.27;14.48;291.25;310.62;2.31;130031.0;54.0;54.0;53.0;4521.0;981.61;58.59;5.0;1.0;0;1.0;0;0;1.0;0;0;1.0;0;0;1.0;1.0;0;0;0;0;0
365346;0.84;1.00;52.0;2450.0;15.75;78.75;16.5;0;13.31;14.48;185.51;181.72;2.31;130031.0;53.0;53.0;52.0;4526.0;981.65;58.59;5.0;1.0;0;1.0;0;0;1.0;0;0;1.0;0;0;1.0;1.0;0;0;0;0;0
365845;0.85;1.00;51.0;2387.0;15.75;78.75;16.5;0;13.27;14.39;109.48;107.25;2.31;130031.0;52.0;51.0;52.0;4521.0;981.88;58.59;5.0;1.0;0;1.0;0;0;1.0;0;0;1.0;0;0;1.0;1.0;0;0;0;0;0
366360;0.86;1.00;51.0;2360.0;15.75;78.75;16.5;0;13.35;14.39;88.43;78.04;2.31;130031.0;51.0;51.0;52.0;4520.0;982.16;58.59;5.0;1.0;0;1.0;0;0;1.0;0;0;1.0;0;0;1.0;1.0;0;0;0;0;0
366937;3.49;1.00;51.0;2430.0;15.75;78.75;-5.25;10.19;16.58;14.48;91.04;88.02;2.31;130031.0;51.0;51.0;50.0;4488.0;982.35;898.42;5.0;1.0;0;1.0;0;0;1.0;0;0;1.0;0;0;1.0;1.0;0;0;0;0;0
367491;2.28;0.99;52.0;2413.0;15.75;78.75;10.5;4.70;15.31;14.48;199.49;193.30;2.31;130031.0;52.0;53.0;50.0;4526.0;982.55;878.89;5.0;1.0;0;1.0;0;0;1.0;0;0;1.0;0;0;1.0;1.0;0;0;0;0;0
368038;2.12;0.97;52.0;2453.0;15.75;78.75;18.75;4.31;16.56;14.48;246.60;217.31;2.31;130031.0;52.0;53.0;50.0;4509.0;982.62;859.36;5.0;1.0;0;1.0;0;0;1.0;0;0;1.0;0;0;1.0;1.0;0;0;0;0;0
368545;1.72;0.94;55.0;2518.0;15.75;78.75;26.25;3.13;14.89;14.58;232.30;210.57;2.31;130031.0;54.0;55.0;50.0;4509.0;982.70;878.89;5.0;1.0;0;1.0;0;0;1.0;0;0;1.0;0;0;1.0;1.0;0;0;0;0;0
369105;0.83;1.00;55.0;2511.0;15.75;78.75;18.75;0;13.46;14.48;251.85;186.94;2.31;130031.0;55.0;55.0;50.0;4508.0;982.74;703.11;5.0;1.0;0;1.0;0;0;1.0;0;0;1.0;0;0;1.0;1.0;0;0;0;0;0
369603;0.84;1.00;53.0;2487.0;15.75;78.75;15.75;0;13.39;14.39;198.03;136.98;2.31;130031.0;54.0;54.0;52.0;4520.0;982.78;722.64;5.0;1.0;0;1.0;0;0;1.0;0;0;1.0;0;0;1.0;1.0;0;0;0;0;0
370106;0.84;1.00;53.0;2466.0;15.75;78.75;16.5;0;13.30;14.58;116.84;80.83;2.31;130031.0;53.0;53.0;52.0;4513.0;982.82;624.99;5.0;1.0;0;1.0;0;0;1.0;0;0;1.0;0;0;1.0;1.0;0;0;0;0;0
370709;0.85;1.00;52.0;2401.0;15.75;78.75;16.5;0;13.28;14.39;80.69;43.51;2.31;130031.0;53.0;52.0;53.0;4525.0;982.82;78.12;5.0;1.0;0;1.0;0;0;1.0;0;0;1.0;0;0;1.0;1.0;0;0;0;0;0
371230;0.84;1.00;51.0;2402.0;15.75;78.75;16.5;0;13.27;14.58;50.19;25.64;2.31;130031.0;52.0;52.0;52.0;4512.0;982.82;58.59;5.0;1.0;0;1.0;0;0;1.0;0;0;1.0;0;0;1.0;1.0;0;0;0;0;0
371729;0.84;1.00;51.0;2365.0;15.75;78.75;17.25;0;13.32;14.48;33.18;22.61;2.31;130031.0;51.0;51.0;51.0;4525.0;982.86;39.06;5.0;1.0;0;1.0;0;0;1.0;0;0;1.0;0;0;1.0;1.0;0;0;0;0;0
372250;0.88;1.00;50.0;2283.0;15.75;78.75;15.75;0;13.23;14.48;30.25;49.50;2.31;130031.0;49.0;50.0;51.0;4516.0;982.86;39.06;5.0;1.0;0;1.0;0;0;1.0;0;0;1.0;0;0;1.0;1.0;0;0;0;0;0
372853;0.94;1.00;46.0;2138.0;15.75;78.75;14.25;0;13.28;14.58;70.30;156.88;2.31;130031.0;46.0;46.0;51.0;4501.0;982.86;58.59;5.0;1.0;0;1.0;0;0;1.0;0;0;1.0;0;0;1.0;1.0;0;0;0;0;0
373387;0.97;1.00;42.0;1990.0;15.75;78.75;15.0;0;13.32;14.39;83.10;185.94;2.31;130031.0;42.0;43.0;51.0;4519.0;982.86;58.59;5.0;1.0;0;1.0;0;0;1.0;0;0;1.0;0;0;1.0;1.0;0;0;0;0;0
373902;1.07;1.00;38.0;1808.0;15.75;78.75;15.0;0;13.26;14.29;73.51;177.74;2.58;130031.0;39.0;39.0;50.0;4501.0;982.86;58.59;5.0;1.0;0;1.0;0;0;1.0;0;0;1.0;0;0;1.0;1.0;0;0;0;0;0
374414;1.13;1.01;36.0;1696.0;15.75;78.75;15.0;0;13.23;14.39;54.27;164.71;2.31;130031.0;36.0;37.0;50.0;4479.0;982.86;449.21;5.0;1.0;0;1.0;0;0;1.0;0;0;1.0;0;0;1.0;1.0;0;0;0;0;0
374977;1.17;1.00;35.0;1606.0;15.75;78.75;15.75;0;13.32;14.39;41.93;120.20;2.31;130031.0;35.0;35.0;50.0;4482.0;982.86;878.89;5.0;1.0;0;1.0;0;0;1.0;0;0;1.0;0;0;1.0;1.0;0;0;0;0;0
375475;1.32;0.99;30.0;1382.0;15.75;78.75;15.0;0;13.26;14.29;117.82;105.18;2.58;130031.0;30.0;30.0;50.0;4512.0;982.86;878.89;5.0;1.0;0;1.0;0;0;1.0;0;0;1.0;0;0;1.0;1.0;0;0;0;0;0
375973;1.36;0.97;27.0;1327.0;15.75;78.75;14.25;0;13.11;14.29;98.70;159.98;2.58;130031.0;27.0;27.0;50.0;4523.0;982.94;859.36;5.0;1.0;0;1.0;1.0;0;1.0;0;0;1.0;0;0;1.0;1.0;0;0;1.0;0;0
376499;1.30;0.96;26.0;1282.0;15.75;78.75;17.25;0;13.63;14.58;130.81;165.34;2.31;130031.0;25.0;26.0;51.0;4498.0;982.98;742.17;5.0;1.0;0;1.0;0;0;1.0;0;0;1.0;0;0;1.0;1.0;0;0;0;0;0
376996;1.36;0.95;22.0;1298.0;15.75;78.75;15.75;0;13.36;14.29;185.12;211.68;2.58;130031.0;22.0;22.0;51.0;4514.0;983.17;58.59;4.0;1.0;0;1.0;0;0;1.0;0;0;1.0;0;0;1.0;1.0;0;0;0;0;0
377518;1.30;0.97;20.0;1329.0;15.75;78.75;15.0;0;13.24;14.39;208.11;199.61;2.31;130031.0;20.0;20.0;53.0;4504.0;983.09;58.59;4.0;1.0;0;1.0;0;0;1.0;0;0;1.0;0;0;1.0;1.0;0;0;0;0;0
378072;1.42;0.98;17.0;1298.0;15.75;78.75;15.75;0;13.43;14.39;191.06;192.74;2.31;130031.0;18.0;18.0;52.0;4521.0;983.29;58.59;4.0;1.0;0;1.0;0;0;1.0;0;0;1.0;0;0;1.0;1.0;0;0;0;0;0
378612;1.34;1.00;16.0;1316.0;15.75;78.75;14.25;0;13.14;14.29;171.76;229.69;2.58;130031.0;17.0;17.0;51.0;4520.0;983.45;312.49;4.0;1.0;0;1.0;1.0;0;1.0;0;0;1.0;0;0;1.0;1.0;0;0;1.0;0;0
379124;1.39;1.00;16.0;1348.0;15.75;78.75;14.25;0;13.12;14.39;174.14;261.13;2.31;130031.0;16.0;16.0;50.0;4513.0;983.56;781.24;4.0;1.0;0;1.0;0;0;1.0;0;0;1.0;0;0;1.0;1.0;0;0;0;0;0
379622;1.42;0.98;15.0;1290.0;15.75;78.75;16.5;0;13.50;14.39;198.30;254.96;2.31;130031.0;14.0;15.0;50.0;4522.0;983.72;820.30;3.0;1.0;0;1.0;0;0;1.0;0;0;1.0;0;0;1.0;1.0;0;0;0;0;0
380143;1.44;0.97;12.0;1256.0;15.75;78.75;19.5;0;14.00;14.58;188.91;225.49;2.31;130031.0;13.0;13.0;51.0;4513.0;983.84;605.46;3.0;1.0;0;1.0;1.0;0;1.0;0;0;1.0;0;0;1.0;1.0;0;0;1.0;0;0
380650;1.31;0.97;10.0;1278.0;15.75;78.75;17.25;0;13.73;14.39;166.64;173.25;2.31;130031.0;11.0;11.0;52.0;4519.0;983.91;58.59;3.0;1.0;0;1.0;1.0;0;1.0;0;0;1.0;0;0;1.0;1.0;0;0;1.0;0;0
381150;1.32;0.98;8.0;1302.0;15.75;78.75;15.0;0;13.23;14.48;177.46;132.90;2.31;130031.0;9.0;9.0;50.0;4524.0;983.95;58.59;3.0;1.0;0;1.0;1.0;0;1.0;0;0;1.0;0;0;1.0;1.0;0;0;1.0;0;0
381662;1.32;1.00;7.0;1318.0;15.75;78.75;14.25;0;13.10;14.58;143.33;167.74;2.31;130031.0;8.0;7.0;51.0;4505.0;983.91;78.12;2.0;1.0;0;1.0;0;0;1.0;0;0;1.0;0;0;1.0;1.0;0;0;0;0;0
382208;1.48;1.02;6.0;1296.0;15.75;78.75;16.5;0;13.52;14.48;175.75;181.25;2.31;130031.0;6.0;6.0;52.0;4507.0;983.99;78.12;2.0;1.0;0;1.0;0;0;1.0;0;0;1.0;0;0;1.0;1.0;0;0;0;0;0
382708;1.42;1.02;6.0;1313.0;15.75;78.75;14.25;0;13.07;14.39;143.29;139.46;2.31;130031.0;6.0;6.0;49.0;4512.0;984.03;839.83;2.0;1.0;0;1.0;0;0;1.0;0;0;1.0;0;0;1.0;1.0;0;0;0;0;0
383265;1.34;1.01;5.0;1306.0;15.75;78.75;15.0;0;13.09;14.29;118.27;109.83;2.58;130031.0;5.0;5.0;50.0;4528.0;984.07;839.83;2.0;1.0;0;1.0;0;0;1.0;0;0;1.0;0;0;1.0;1.0;0;0;0;0;0
383767;1.32;0.99;5.0;1283.0;15.75;78.75;16.5;0;13.38;14.48;94.93;94.54;2.31;130031.0;6.0;5.0;49.0;4509.0;984.07;839.83;1.0;1.0;0;1.0;0;0;1.0;0;0;1.0;0;0;1.0;1.0;0;0;0;0;0
384315;1.36;0.97;5.0;1305.0;15.75;78.75;15.0;0;13.09;14.58;96.20;95.59;2.31;130031.0;6.0;6.0;50.0;4507.0;984.07;761.70;1.0;1.0;0;1.0;0;0;1.0;0;0;1.0;0;0;1.0;1.0;0;0;0;0;0
384837;1.36;0.96;5.0;1302.0;15.75;78.75;15.0;0;13.11;14.48;114.40;92.06;2.31;130031.0;5.0;5.0;50.0;4523.0;984.11;371.08;1.0;1.0;0;1.0;0;0;1.0;0;0;1.0;0;0;1.0;1.0;0;0;0;0;0
385335;1.31;0.97;5.0;1298.0;15.75;78.75;15.0;0;13.12;14.48;130.16;92.57;2.31;130031.0;5.0;5.0;50.0;4508.0;984.11;39.06;1.0;1.0;0;1.0;0;0;1.0;0;0;1.0;0;0;1.0;1.0;0;0;0;0;0
385838;1.38;0.98;3.0;1295.0;15.75;78.75;15.0;0;13.12;14.39;148.95;89.52;2.31;130031.0;4.0;4.0;50.0;4526.0;984.11;39.06;1.0;1.0;0;1.0;0;0;1.0;0;0;1.0;0;0;1.0;1.0;0;0;0;0;0
386359;1.42;1.00;0;1285.0;15.75;78.75;16.5;0;13.42;14.58;150.08;83.54;2.31;130031.0;0;0;50.0;4500.0;984.11;58.59;1.0;1.0;0;1.0;0;0;1.0;0;0;1.0;0;0;1.0;1.0;0;0;0;0;0
386895;1.45;1.02;0;1301.0;15.75;78.75;15.0;0;13.11;14.48;124.81;78.97;2.31;130031.0;0;0;50.0;4517.0;984.11;410.15;1.0;1.0;0;1.0;0;0;1.0;0;0;1.0;0;0;1.0;1.0;0;0;0;0;0
387393;1.36;1.01;0;1292.0;15.75;78.75;15.75;0;13.28;14.48;126.69;73.45;2.31;130031.0;0;0;50.0;4494.0;984.11;820.30;1.0;1.0;0;1.0;0;0;1.0;0;0;1.0;0;0;1.0;1.0;0;0;0;0;0
387949;1.30;0.99;0;1276.0;15.75;78.75;16.5;0;13.42;14.39;144.30;107.66;2.31;130031.0;0;0;49.0;4506.0;984.11;800.77;1.0;1.0;0;1.0;0;0;1.0;0;0;1.0;0;0;1.0;1.0;0;0;0;0;0
388517;1.32;0.99;0;1239.0;15.75;78.75;20.25;0;14.05;14.48;182.19;155.49;2.31;130031.0;0;0;50.0;4508.0;984.11;39.06;1.0;1.0;0;1.0;0;0;1.0;0;0;1.0;0;0;1.0;1.0;0;0;0;0;0
389036;1.48;1.01;0;1232.0;15.75;78.75;20.25;0;14.14;14.48;188.07;158.93;2.31;130031.0;0;0;51.0;4516.0;984.11;39.06;1.0;1.0;0;1.0;0;0;1.0;0;0;1.0;0;0;0;1.0;0;0;0;0;0
389550;1.32;1.02;0;1270.0;15.75;78.75;17.25;0;13.69;14.39;166.66;136.94;2.31;130031.0;0;0;51.0;4524.0;984.11;58.59;1.0;1.0;0;1.0;0;0;1.0;0;0;1.0;0;0;1.0;1.0;0;0;0;0;0
390063;1.38;1.04;0;1327.0;15.75;78.75;13.5;0;13.01;14.29;149.54;128.17;2.58;130031.0;0;0;50.0;4518.0;984.11;136.71;1.0;1.0;0;1.0;0;0;1.0;0;0;1.0;0;0;1.0;1.0;0;0;0;0;0
390617;1.33;1.04;0;1290.0;15.75;78.75;15.75;0;13.35;14.29;156.80;155.88;2.58;130031.0;0;0;50.0;4522.0;984.11;800.77;1.0;1.0;0;1.0;0;0;1.0;0;0;1.0;0;0;1.0;1.0;0;0;0;0;0
391153;1.32;1.02;0;1285.0;15.75;78.75;16.5;0;13.49;14.29;145.36;178.62;2.58;130031.0;0;0;51.0;4499.0;984.11;664.05;1.0;1.0;0;1.0;0;0;1.0;0;0;1.0;0;0;1.0;1.0;0;0;0;0;0
391714;1.38;1.02;0;1231.0;15.75;78.75;20.25;0;14.14;14.58;167.64;181.45;2.31;130031.0;0;0;50.0;4502.0;984.11;78.12;1.0;1.0;0;1.0;0;0;1.0;0;0;1.0;0;0;1.0;1.0;0;0;0;0;0
392214;1.32;1.04;0;1311.0;15.75;78.75;14.25;0;13.10;14.39;187.01;155.86;2.31;130031.0;0;0;50.0;4512.0;984.11;78.12;1.0;1.0;0;1.0;0;0;1.0;0;0;1.0;0;0;1.0;1.0;0;0;0;0;0
392750;1.44;1.06;0;1309.0;15.75;78.75;15.0;0;13.16;14.58;151.86;175.63;2.31;130031.0;0;0;51.0;4514.0;984.11;468.74;1.0;1.0;0;1.0;0;0;1.0;0;0;1.0;0;0;1.0;1.0;0;0;0;0;0
393269;1.44;1.05;0;1233.0;15.75;78.75;20.25;0;14.11;14.20;118.07;159.34;2.58;130031.0;0;0;52.0;4516.0;984.11;722.64;1.0;1.0;0;1.0;0;0;1.0;0;0;1.0;0;0;1.0;1.0;0;0;0;0;0
393860;1.35;1.03;0;1340.0;15.75;78.75;12.75;0;12.81;14.39;108.33;148.33;2.31;130031.0;0;0;50.0;4506.0;984.11;820.30;1.0;1.0;0;1.0;0;0;1.0;0;0;1.0;0;0;1.0;1.0;0;0;0;0;0
394387;1.31;1.01;0;1280.0;15.75;78.75;17.25;0;13.61;14.39;121.18;140.44;2.31;130031.0;0;0;51.0;4515.0;984.11;761.70;1.0;1.0;0;1.0;0;0;1.0;0;0;1.0;0;0;1.0;1.0;0;0;0;0;0
394974;1.28;1.00;0;1290.0;15.75;79.5;15.0;0;13.18;14.39;161.61;148.03;2.31;130031.0;0;0;50.0;4518.0;984.11;97.65;1.0;1.0;0;1.0;0;0;1.0;0;0;1.0;0;0;1.0;1.0;0;0;0;0;0
395554;1.31;1.02;0;1293.0;15.75;79.5;15.0;0;13.19;14.29;196.70;215.08;2.58;130031.0;0;0;51.0;4517.0;984.11;39.06;1.0;1.0;0;1.0;0;0;1.0;0;0;1.0;0;0;1.0;1.0;0;0;0;0;0
396050;1.36;1.03;0;1282.0;15.75;79.5;16.5;0;13.52;14.48;212.19;219.51;2.31;130031.0;0;0;52.0;4508.0;984.11;39.06;1.0;1.0;0;1.0;0;0;1.0;0;0;1.0;0;0;1.0;1.0;0;0;0;0;0
396572;1.45;1.05;0;1251.0;15.75;79.5;18.0;0;13.84;14.58;196.06;185.98;2.31;130031.0;0;0;51.0;4501.0;984.11;58.59;1.0;1.0;0;1.0;0;0;1.0;0;0;1.0;0;0;1.0;1.0;0;0;0;0;0
397079;1.36;1.06;0;1309.0;15.75;79.5;14.25;0;13.12;14.48;220.00;157.84;2.31;130031.0;0;0;51.0;4507.0;984.11;78.12;1.0;1.0;0;1.0;0;0;1.0;0;0;1.0;0;0;1.0;1.0;0;0;0;0;0
397580;1.44;1.07;0;1278.0;15.75;79.5;15.75;0;13.32;14.58;182.56;158.95;2.31;130031.0;0;0;50.0;4524.0;984.11;703.11;1.0;1.0;0;1.0;0;0;1.0;0;0;1.0;0;0;1.0;1.0;0;0;0;0;0
398137;1.36;1.06;0;1295.0;15.75;79.5;15.0;0;13.04;14.39;160.90;131.24;2.31;130031.0;0;0;50.0;4508.0;984.11;820.30;1.0;1.0;0;1.0;0;0;1.0;0;0;1.0;0;0;1.0;1.0;0;0;0;0;0
398645;1.40;1.04;0;1280.0;15.75;79.5;15.75;0;13.28;14.39;169.22;139.01;2.31;130031.0;0;0;50.0;4516.0;984.11;820.30;1.0;1.0;0;1.0;0;0;1.0;0;0;1.0;0;0;1.0;1.0;0;0;0;0;0
399235;1.36;1.02;0;1245.0;15.75;79.5;18.0;0;13.73;14.58;162.29;162.78;2.31;130031.0;0;0;50.0;4502.0;984.11;644.52;1.0;1.0;0;1.0;0;0;1.0;0;0;1.0;0;0;1.0;1.0;0;0;0;0;0
399824;1.34;1.02;0;1282.0;15.75;79.5;16.5;0;13.43;14.48;195.31;196.41;2.31;130031.0;0;0;51.0;4514.0;984.11;39.06;1.0;1.0;0;1.0;0;0;1.0;0;0;1.0;0;0;1.0;1.0;0;0;0;0;0
400330;1.38;1.04;0;1318.0;15.75;79.5;13.5;0;12.91;14.48;204.86;206.66;2.31;130031.0;0;0;51.0;4502.0;984.11;58.59;1.0;1.0;0;1.0;0;0;1.0;0;0;1.0;0;0;1.0;1.0;0;0;0;0;0
400855;1.38;1.05;0;1271.0;15.75;79.5;16.5;0;13.46;14.29;226.54;224.32;2.58;130031.0;0;0;51.0;4509.0;984.11;761.70;1.0;1.0;0;1.0;0;0;1.0;0;0;1.0;0;0;1.0;1.0;0;0;0;0;0
401444;1.46;1.03;0;1237.0;15.75;79.5;19.5;0;13.93;14.29;264.18;249.73;2.58;130031.0;0;0;50.0;4526.0;984.11;820.30;1.0;1.0;0;1.0;0;0;1.0;0;0;1.0;0;0;1.0;1.0;0;0;0;0;0
401943;1.28;1.01;0;1310.0;15.75;79.5;14.25;0;13.04;14.29;272.87;240.23;2.58;130031.0;0;0;50.0;4510.0;984.11;390.62;1.0;1.0;0;1.0;0;0;1.0;0;0;1.0;0;0;1.0;1.0;0;0;0;0;0
402466;1.40;1.02;0;1261.0;15.75;79.5;17.25;0;13.59;14.48;232.62;230.96;2.31;130031.0;0;0;50.0;4503.0;984.11;39.06;1.0;1.0;0;1.0;0;0;1.0;0;0;1.0;0;0;1.0;1.0;0;0;0;0;0
402963;1.32;1.04;0;1320.0;15.75;79.5;13.5;0;12.90;14.39;185.14;238.71;2.31;130031.0;0;0;50.0;4513.0;984.11;58.59;1.0;1.0;0;1.0;0;0;1.0;0;0;1.0;0;0;1.0;1.0;0;0;0;0;0
403535;1.40;1.05;0;1339.0;15.75;79.5;12.0;0;12.62;14.39;169.75;268.06;2.31;130031.0;0;0;50.0;4518.0;984.11;97.65;1.0;1.0;0;1.0;0;0;1.0;0;0;1.0;0;0;1.0;1.0;0;0;0;0;0
404152;1.37;1.05;0;1303.0;15.75;79.5;14.25;0;13.00;14.48;151.90;209.81;2.31;130031.0;0;0;49.0;4518.0;984.11;878.89;1.0;1.0;0;1.0;0;0;1.0;0;0;1.0;0;0;1.0;1.0;0;0;0;0;0
404698;1.39;1.03;0;1261.0;15.75;79.5;17.25;0;13.49;14.58;99.60;145.06;2.31;130031.0;0;0;48.0;4521.0;984.11;800.77;1.0;1.0;0;1.0;0;0;1.0;0;0;1.0;0;0;1.0;1.0;0;0;0;0;0
405242;1.35;1.02;0;1243.0;15.75;79.5;18.0;0;13.65;14.58;76.49;111.43;2.31;130031.0;0;0;49.0;4508.0;984.11;585.93;1.0;1.0;0;1.0;0;0;1.0;0;0;1.0;0;0;1.0;1.0;0;0;0;0;0
405794;1.40;1.00;0;1243.0;15.75;79.5;19.5;0;13.81;14.48;58.76;89.40;2.31;130031.0;0;0;50.0;4504.0;984.11;312.49;1.0;1.0;0;1.0;0;0;1.0;0;0;1.0;0;0;1.0;1.0;0;0;0;0;0
406333;1.36;1.01;0;1298.0;15.75;79.5;15.0;0;13.08;14.29;97.04;145.79;2.58;130031.0;0;0;50.0;4510.0;984.11;39.06;1.0;1.0;0;1.0;0;0;1.0;0;0;1.0;0;0;1.0;1.0;0;0;0;0;0
406879;1.38;1.03;0;1300.0;15.75;79.5;15.0;0;13.11;14.58;159.18;196.64;2.31;130031.0;0;0;51.0;4492.0;984.11;39.06;1.0;1.0;0;1.0;0;0;1.0;0;0;1.0;0;0;1.0;1.0;0;0;0;0;0
407424;1.46;1.04;0;1199.0;15.75;79.5;22.5;0;14.36;14.58;147.35;248.71;2.31;130031.0;0;0;52.0;4521.0;984.11;39.06;1.0;1.0;0;1.0;0;0;1.0;0;0;1.0;0;0;1.0;1.0;0;0;0;0;0
407954;1.36;1.06;0;1323.0;15.75;79.5;13.5;0;12.94;14.48;147.04;205.86;2.31;130031.0;0;0;50.0;4516.0;984.11;78.12;1.0;1.0;0;1.0;0;0;1.0;0;0;1.0;0;0;1.0;1.0;0;0;0;0;0
408462;1.43;1.07;0;1312.0;15.75;79.5;14.25;0;13.07;14.39;148.50;218.73;2.31;130031.0;0;0;50.0;4520.0;984.11;859.36;1.0;1.0;0;1.0;0;0;1.0;0;0;1.0;0;0;1.0;1.0;0;0;0;0;0
408977;1.32;1.05;0;1313.0;15.75;79.5;13.5;0;12.88;14.20;146.61;222.50;2.58;130031.0;0;0;49.0;4511.0;984.11;839.83;1.0;1.0;0;1.0;0;0;1.0;0;0;1.0;0;0;1.0;1.0;0;0;0;0;0
409499;1.38;1.04;0;1310.0;15.75;79.5;13.5;0;12.85;14.48;106.84;170.96;2.31;130031.0;0;0;49.0;4509.0;984.11;820.30;1.0;1.0;0;1.0;0;0;1.0;0;0;1.0;0;0;1.0;1.0;0;0;0;0;0
410037;1.32;1.02;0;1231.0;15.75;79.5;19.5;0;13.80;14.39;89.85;124.60;2.31;130031.0;0;0;48.0;4557.0;984.11;781.24;1.0;1.0;0;1.0;0;0;1.0;0;0;1.0;0;0;1.0;1.0;0;0;0;0;0
410594;1.40;1.02;0;1228.0;15.75;79.5;19.5;0;13.83;14.58;68.99;110.87;2.31;130031.0;0;0;50.0;4497.0;984.11;97.65;1.0;1.0;0;1.0;0;0;1.0;0;0;1.0;0;0;1.0;1.0;0;0;0;0;0
411162;1.39;1.04;0;1311.0;15.75;79.5;13.5;0;12.82;14.29;64.29;80.77;2.58;130031.0;0;0;49.0;4518.0;984.11;839.83;1.0;1.0;0;1.0;0;0;1.0;0;0;1.0;0;0;1.0;1.0;0;0;0;0;0
411674;1.30;1.02;0;1280.0;15.75;79.5;15.0;0;13.03;14.48;50.15;55.81;2.31;130031.0;0;0;49.0;4512.0;984.11;800.77;1.0;1.0;0;1.0;0;0;1.0;0;0;1.0;0;0;1.0;1.0;0;0;0;0;0
412212;1.36;1.00;0;1274.0;15.75;79.5;15.75;0;13.16;14.39;36.52;42.84;2.31;130031.0;0;0;49.0;4529.0;984.11;136.71;1.0;1.0;0;1.0;0;0;1.0;0;0;1.0;0;0;1.0;1.0;0;0;0;0;0
412721;1.36;1.02;0;1215.0;15.75;79.5;20.25;0;13.91;14.58;28.02;32.86;2.31;130031.0;0;0;50.0;4511.0;984.11;39.06;1.0;1.0;0;1.0;0;0;1.0;0;0;1.0;0;0;1.0;1.0;0;0;0;0;0
413239;1.44;1.03;0;1264.0;15.75;79.5;17.25;0;13.49;14.48;30.40;30.83;2.31;130031.0;0;0;50.0;4499.0;984.11;39.06;1.0;1.0;0;1.0;0;0;1.0;0;0;1.0;0;0;1.0;1.0;0;0;0;0;0
413746;1.32;1.05;0;1298.0;15.75;79.5;14.25;0;12.98;14.29;40.25;60.87;2.58;130031.0;0;0;49.0;4510.0;984.11;58.59;1.0;1.0;0;1.0;0;0;1.0;0;0;1.0;0;0;1.0;1.0;0;0;0;0;0
414247;1.38;1.07;0;1291.0;15.75;79.5;15.0;0;13.03;14.48;30.87;44.35;2.31;130031.0;0;0;48.0;4506.0;984.11;722.64;1.0;1.0;0;1.0;0;0;1.0;0;0;1.0;0;0;1.0;1.0;0;0;0;0;0
414767;1.33;1.05;0;1262.0;15.75;79.5;17.25;0;13.48;14.58;26.03;34.04;2.31;130031.0;0;0;49.0;4503.0;984.11;820.30;1.0;1.0;0;1.0;0;0;1.0;0;0;1.0;0;0;1.0;1.0;0;0;0;0;0
415326;1.40;1.03;0;1263.0;15.75;79.5;17.25;0;13.49;14.29;21.26;26.11;2.58;130031.0;0;0;50.0;4516.0;984.11;644.52;1.0;1.0;0;1.0;0;0;1.0;0;0;1.0;0;0;1.0;1.0;0;0;0;0;0
415824;1.28;1.03;0;1303.0;15.75;79.5;14.25;0;12.96;14.20;28.10;37.04;2.58;130031.0;0;0;49.0;4541.0;984.11;58.59;1.0;1.0;0;1.0;0;0;1.0;0;0;1.0;0;0;1.0;1.0;0;0;0;0;0
416333;1.32;1.05;0;1294.0;15.75;79.5;14.25;0;12.94;14.58;21.56;28.41;2.31;130031.0;0;0;48.0;4502.0;984.11;97.65;1.0;1.0;0;1.0;0;0;1.0;0;0;1.0;0;0;1.0;1.0;0;0;0;0;0
416836;1.32;1.06;0;1283.0;15.75;79.5;15.0;0;12.96;14.39;15.68;21.79;2.31;130031.0;0;0;48.0;4519.0;984.11;624.99;1.0;1.0;0;1.0;0;0;1.0;0;0;1.0;0;0;1.0;1.0;0;0;0;0;0
417357;1.36;1.04;0;1296.0;15.75;79.5;15.0;0;12.99;14.39;13.71;17.36;2.31;130031.0;0;0;49.0;4515.0;984.11;664.05;1.0;1.0;0;1.0;0;0;1.0;0;0;1.0;0;0;1.0;1.0;0;0;0;0;0
417864;1.31;1.03;0;1310.0;15.75;79.5;14.25;0;12.95;14.48;21.20;17.75;2.31;130031.0;0;0;50.0;4495.0;984.11;566.39;1.0;1.0;0;1.0;0;0;1.0;0;0;1.0;0;0;1.0;1.0;0;0;0;0;0
418362;1.37;1.04;0;1301.0;15.75;79.5;14.25;0;12.98;14.48;80.09;47.47;2.31;130031.0;0;0;50.0;4511.0;984.11;39.06;1.0;1.0;0;1.0;0;0;1.0;0;0;1.0;0;0;1.0;1.0;0;0;0;0;0
418900;1.37;1.05;0;1262.0;15.75;80.25;16.5;0;13.38;14.58;118.99;90.38;2.31;130031.0;0;0;49.0;4531.0;984.11;644.52;1.0;1.0;0;1.0;0;0;1.0;0;0;1.0;0;0;1.0;1.0;0;0;0;0;0
419456;1.41;1.04;0;1284.0;15.75;80.25;15.0;0;13.06;14.39;91.40;69.40;2.31;130031.0;0;0;49.0;4513.0;984.11;742.17;1.0;1.0;0;1.0;0;0;1.0;0;0;1.0;0;0;1.0;1.0;0;0;0;0;0
419961;1.39;1.03;0;1254.0;15.75;80.25;17.25;0;13.52;14.39;100.05;60.75;2.31;130031.0;0;0;49.0;4515.0;984.11;664.05;1.0;1.0;0;1.0;0;0;1.0;0;0;1.0;0;0;1.0;1.0;0;0;0;0;0
420477;1.31;1.03;0;1251.0;15.75;80.25;18.0;0;13.67;14.29;89.31;61.77;2.58;130031.0;0;0;50.0;4517.0;984.11;39.06;1.0;1.0;0;1.0;0;0;1.0;0;0;1.0;0;0;1.0;1.0;0;0;0;0;0
420975;1.40;1.04;0;1294.0;15.75;80.25;15.0;0;13.07;14.39;121.16;87.53;2.31;130031.0;0;0;50.0;4511.0;984.11;19.53;1.0;1.0;0;1.0;0;0;1.0;0;0;1.0;0;0;1.0;1.0;0;0;0;0;0
421496;1.44;1.06;0;1258.0;15.75;80.25;17.25;0;13.55;14.48;145.40;79.68;2.31;130031.0;0;0;49.0;4504.0;984.11;507.80;1.0;1.0;0;1.0;0;0;1.0;0;0;1.0;0;0;1.0;1.0;0;0;0;0;0
421998;1.33;1.05;0;1281.0;15.75;80.25;15.75;0;13.38;14.48;119.28;58.04;2.31;130031.0;0;0;50.0;4523.0;984.11;820.30;1.0;1.0;0;1.0;0;0;1.0;0;0;1.0;0;0;1.0;1.0;0;0;0;0;0
422520;1.43;1.03;0;1256.0;15.75;80.25;17.25;0;13.52;14.39;106.41;48.06;2.31;130031.0;0;0;49.0;4516.0;984.11;722.64;1.0;1.0;0;1.0;0;0;1.0;0;0;1.0;0;0;1.0;1.0;0;0;0;0;0
423057;1.37;1.02;0;1288.0;15.75;80.25;15.0;0;13.07;14.48;115.59;68.86;2.31;130031.0;0;0;50.0;4502.0;984.11;722.64;1.0;1.0;0;1.0;0;0;1.0;0;0;1.0;0;0;1.0;1.0;0;0;0;0;0
423625;1.28;1.00;0;1253.0;15.75;80.25;17.25;0;13.50;14.39;112.41;50.17;2.31;130031.0;0;0;50.0;4517.0;984.11;722.64;1.0;1.0;0;1.0;0;0;1.0;0;0;1.0;0;0;1.0;1.0;0;0;0;0;0
424202;1.31;1.00;0;1319.0;15.75;80.25;13.5;0;12.83;14.48;92.20;104.93;2.31;130031.0;0;0;50.0;4526.0;984.11;19.53;1.0;1.0;0;1.0;0;0;1.0;0;0;1.0;0;0;1.0;1.0;0;0;0;0;0
424701;1.30;1.02;0;1300.0;15.75;80.25;15.0;0;13.08;14.29;90.15;103.99;2.58;130031.0;0;0;50.0;4514.0;984.11;39.06;1.0;1.0;0;1.0;0;0;1.0;0;0;1.0;0;0;1.0;1.0;0;0;0;0;0
425282;1.41;1.04;0;1260.0;15.75;80.25;17.25;0;13.56;14.39;118.25;134.69;2.31;130031.0;0;0;50.0;4516.0;984.11;39.06;1.0;1.0;0;1.0;0;0;1.0;0;0;1.0;0;0;1.0;1.0;0;0;0;0;0
425816;1.40;1.05;0;1290.0;15.75;80.25;15.0;0;13.09;14.48;194.47;153.99;2.31;130031.0;0;0;49.0;4515.0;984.11;58.59;1.0;1.0;0;1.0;0;0;1.0;0;0;1.0;0;0;1.0;1.0;0;0;0;0;0
426383;1.44;1.07;0;1265.0;15.75;80.25;16.5;0;13.39;14.48;157.62;118.29;2.31;130031.0;0;0;49.0;4515.0;984.11;820.30;1.0;1.0;0;1.0;0;0;1.0;0;0;1.0;0;0;1.0;1.0;0;0;0;0;0
427009;1.41;1.05;0;1303.0;15.75;80.25;14.25;0;13.00;14.29;135.69;95.95;2.58;130031.0;0;0;50.0;4514.0;984.11;781.24;1.0;1.0;0;1.0;0;0;1.0;0;0;1.0;0;0;1.0;1.0;0;0;0;0;0
427507;1.29;1.03;0;1312.0;15.75;80.25;13.5;0;12.82;14.48;93.80;99.81;2.31;130031.0;0;0;49.0;4522.0;984.11;800.77;1.0;1.0;0;1.0;0;0;1.0;0;0;1.0;0;0;1.0;1.0;0;0;0;0;0
428046;1.35;1.01;0;1273.0;15.75;80.25;16.5;0;13.34;14.48;72.04;72.72;2.31;130031.0;0;0;48.0;4509.0;984.11;839.83;1.0;1.0;0;1.0;0;0;1.0;0;0;1.0;0;0;1.0;1.0;0;0;0;0;0
428598;1.35;1.00;0;1247.0;15.75;80.25;18.0;0;13.63;14.48;57.55;57.06;2.31;130031.0;0;0;50.0;4520.0;984.11;605.46;1.0;1.0;0;1.0;0;0;1.0;0;0;1.0;0;0;1.0;1.0;0;0;0;0;0
429143;1.29;1.00;0;1289.0;15.75;80.25;15.0;0;13.07;14.48;72.88;109.05;2.31;130031.0;0;0;49.0;4512.0;984.11;156.24;1.0;1.0;0;1.0;0;0;1.0;0;0;1.0;0;0;1.0;1.0;0;0;0;0;0
429665;1.40;1.02;0;1231.0;15.75;80.25;20.25;0;14.01;14.48;91.96;117.43;2.31;130031.0;0;0;50.0;4509.0;984.11;58.59;1.0;1.0;0;1.0;0;0;1.0;0;0;1.0;0;0;1.0;1.0;0;0;0;0;0
430163;1.39;1.03;0;1282.0;15.75;80.25;16.5;0;13.42;14.29;166.06;137.84;2.58;130031.0;0;0;50.0;4514.0;984.11;58.59;1.0;1.0;0;1.0;0;0;1.0;0;0;1.0;0;0;1.0;1.0;0;0;0;0;0
430675;1.36;1.05;0;1323.0;15.75;80.25;13.5;0;12.90;14.58;169.01;155.77;2.31;130031.0;0;0;50.0;4494.0;984.11;78.12;1.0;1.0;0;1.0;0;0;1.0;0;0;1.0;0;0;1.0;1.0;0;0;0;0;0
431231;1.35;1.05;0;1360.0;15.75;80.25;11.25;0;12.17;14.39;137.45;143.13;2.31;130031.0;0;0;48.0;4503.0;984.11;878.89;1.0;1.0;0;1.0;0;0;1.0;0;0;1.0;0;0;1.0;1.0;0;0;0;0;0
431790;1.36;1.03;0;1305.0;15.75;80.25;14.25;0;12.87;14.39;109.40;124.97;2.31;130031.0;0;0;49.0;4518.0;984.11;839.83;1.0;1.0;0;1.0;0;0;1.0;0;0;1.0;0;0;1.0;1.0;0;0;0;0;0
432288;1.33;1.02;0;1301.0;15.75;80.25;14.25;0;12.86;14.48;84.03;91.04;2.31;130031.0;0;0;48.0;4511.0;984.11;820.30;1.0;1.0;0;1.0;0;0;1.0;0;0;1.0;0;0;1.0;1.0;0;0;0;0;0
432856;1.31;1.00;0;1251.0;15.75;80.25;17.25;0;13.38;14.39;69.42;69.91;2.31;130031.0;0;0;48.0;4519.0;984.11;761.70;1.0;1.0;0;1.0;0;0;1.0;0;0;1.0;0;0;1.0;1.0;0;0;0;0;0
433415;1.37;1.00;0;1221.0;15.75;80.25;20.25;0;13.85;14.39;50.56;50.91;2.31;130031.0;0;0;48.0;4514.0;984.11;39.06;1.0;1.0;0;1.0;0;0;1.0;0;0;1.0;0;0;1.0;1.0;0;0;0;0;0
433912;1.40;1.02;0;1281.0;15.75;80.25;16.5;0;13.31;14.29;40.95;40.58;2.58;130031.0;0;0;50.0;4510.0;984.11;39.06;1.0;1.0;0;1.0;0;0;1.0;0;0;1.0;0;0;1.0;1.0;0;0;0;0;0
434421;1.33;1.03;0;1292.0;15.75;80.25;15.0;0;13.06;14.39;42.36;33.04;2.31;130031.0;0;0;50.0;4513.0;984.11;351.55;1.0;1.0;0;1.0;0;0;1.0;0;0;1.0;0;0;1.0;1.0;0;0;0;0;0
434942;1.39;1.05;0;1310.0;15.75;80.25;14.25;0;13.00;14.58;111.96;91.10;2.31;130031.0;0;0;50.0;4493.0;984.11;78.12;1.0;1.0;0;1.0;0;0;1.0;0;0;1.0;0;0;1.0;1.0;0;0;0;0;0
435446;1.32;1.05;0;1305.0;15.75;80.25;14.25;0;13.00;14.48;125.42;120.22;2.31;130031.0;0;0;49.0;4522.0;984.11;820.30;1.0;1.0;0;1.0;0;0;1.0;0;0;1.0;0;0;1.0;1.0;0;0;0;0;0
435943;1.40;1.04;0;1295.0;15.75;80.25;14.25;0;12.99;14.39;122.23;107.80;2.31;130031.0;0;0;48.0;4522.0;984.11;839.83;1.0;1.0;0;1.0;0;0;1.0;0;0;1.0;0;0;1.0;1.0;0;0;0;0;0
436465;1.40;1.02;0;1246.0;15.75;81.0;17.25;0;13.48;14.48;93.90;82.80;2.31;130031.0;0;0;49.0;4516.0;984.11;800.77;1.0;1.0;0;1.0;0;0;1.0;0;0;1.0;0;0;1.0;1.0;0;0;0;0;0
436971;1.38;1.01;0;1216.0;15.75;81.0;20.25;0;13.92;14.48;114.17;68.12;2.31;130031.0;0;0;50.0;4521.0;984.11;136.71;1.0;1.0;0;1.0;0;0;1.0;0;0;1.0;0;0;1.0;1.0;0;0;0;0;0
437470;1.37;1.02;0;1271.0;15.75;81.0;15.75;0;13.19;14.48;123.35;74.54;2.31;130031.0;0;0;50.0;4492.0;984.11;58.59;1.0;1.0;0;1.0;0;0;1.0;0;0;1.0;0;0;1.0;1.0;0;0;0;0;0
438040;1.33;1.04;0;1276.0;15.75;81.0;15.0;0;13.07;14.39;145.73;96.14;2.31;130031.0;0;0;50.0;4502.0;984.11;58.59;1.0;1.0;0;1.0;0;0;1.0;0;0;1.0;0;0;1.0;1.0;0;0;0;0;0
438631;1.38;1.06;0;1246.0;15.75;81.0;17.25;0;13.50;14.48;128.58;80.15;2.31;130031.0;0;0;49.0;4505.0;984.11;78.12;1.0;1.0;0;1.0;0;0;1.0;0;0;1.0;0;0;1.0;1.0;0;0;1.0;0;0
439152;1.40;1.07;0;1231.0;15.75;81.0;18.0;0;13.65;14.29;107.33;58.39;2.58;130031.0;0;0;48.0;4526.0;984.11;429.68;1.0;1.0;0;1.0;1.0;0;1.0;0;0;1.0;0;0;1.0;1.0;0;0;1.0;0;0
439690;1.42;1.07;0;1291.0;15.75;81.0;14.25;0;12.90;14.58;82.45;44.84;2.31;130031.0;0;0;48.0;4510.0;984.11;859.36;1.0;1.0;0;1.0;0;0;1.0;0;0;1.0;0;0;1.0;1.0;0;0;0;0;0
440211;1.44;1.05;0;1265.0;15.75;81.0;15.75;0;13.09;14.48;63.33;34.76;2.31;130031.0;0;0;49.0;4513.0;984.11;820.30;1.0;1.0;0;1.0;0;0;1.0;0;0;1.0;0;0;1.0;1.0;0;0;0;0;0
440718;1.28;1.03;0;1291.0;15.75;81.0;14.25;0;12.84;14.29;46.14;26.67;2.58;130031.0;0;0;47.0;4519.0;984.11;859.36;1.0;1.0;0;1.0;0;0;1.0;0;0;1.0;0;0;1.0;1.0;0;0;0;0;0
441217;1.33;1.02;0;1296.0;15.75;81.0;13.5;0;12.68;14.58;41.09;25.29;2.31;130031.0;0;0;47.0;4516.0;984.11;820.30;1.0;1.0;0;1.0;0;0;1.0;0;0;1.0;0;0;1.0;1.0;0;0;0;0;0
441742;1.42;1.00;0;1216.0;15.75;81.0;19.5;0;13.61;14.48;96.79;85.42;2.31;130031.0;0;0;47.0;4509.0;984.11;664.05;1.0;1.0;0;1.0;0;0;1.0;0;0;1.0;0;0;1.0;1.0;0;0;0;0;0
442286;1.29;0.99;0;1267.0;15.75;81.0;16.5;0;13.17;14.29;97.98;80.81;2.58;130031.0;0;0;48.0;4510.0;984.11;664.05;1.0;1.0;0;1.0;0;0;1.0;0;0;1.0;0;0;1.0;1.0;0;0;0;0;0
442810;1.27;1.01;0;1268.0;15.75;81.0;16.5;0;13.21;14.58;77.67;73.29;2.31;130031.0;0;0;48.0;4515.0;984.11;39.06;1.0;1.0;0;1.0;0;0;1.0;0;0;1.0;0;0;1.0;1.0;0;0;0;0;0
443346;1.32;1.03;0;1260.0;15.75;81.0;16.5;0;13.23;14.39;59.62;56.28;2.31;130031.0;0;0;49.0;4519.0;984.11;39.06;1.0;1.0;0;1.0;0;0;1.0;0;0;1.0;0;0;1.0;1.0;0;0;0;0;0
443867;1.32;1.04;0;1325.0;15.75;81.0;12.75;0;12.59;14.48;43.43;38.86;2.31;130031.0;0;0;49.0;4508.0;984.11;78.12;1.0;1.0;0;1.0;0;0;1.0;0;0;1.0;0;0;1.0;1.0;0;0;0;0;0
444375;1.38;1.04;0;1279.0;15.75;81.0;15.0;0;12.96;14.39;31.59;29.82;2.31;130031.0;0;0;49.0;4491.0;984.11;820.30;1.0;1.0;0;1.0;0;0;1.0;0;0;1.0;0;0;1.0;1.0;0;0;0;0;0
444917;1.31;1.03;0;1309.0;15.75;81.0;13.5;0;12.74;14.29;26.46;22.86;2.58;130031.0;0;0;49.0;4514.0;984.11;742.17;1.0;1.0;0;1.0;0;0;1.0;0;0;1.0;0;0;1.0;1.0;0;0;0;0;0
445414;1.27;1.01;0;1296.0;15.75;81.0;13.5;0;12.74;14.58;19.23;15.74;2.31;130031.0;0;0;49.0;4515.0;984.11;703.11;1.0;1.0;0;1.0;0;0;1.0;0;0;1.0;0;0;1.0;1.0;0;0;0;0;0
