##;##
#2015-01-05 09:17:37
#GS-911 Android V1.1
#F800GS
#BMS-KP2
Time (ms);Injection time( ms);Lambda control factor;Speed( km/h);RPM;Intake air temperature( °C);Engine temperature( °C);Ignition angle( °KW);Throttle valve position (TPS)( %);Engine load( %);Battery voltage( V);Knock sensor 1( V);Knock sensor 2( V);Ignition dwell time( ms);Odometer( km);Front wheel speed( km/h);Rear wheel speed( km/h);Idle actuator position( steps);Fuel pressure( mbar);Ambient air pressure( mbar);Lambda sensor voltage( mV);Gear position;Sidestand switch 1;Sidestand switch 2;Sidestand switch calculated;Clutch switch;Kill switch;Oil pressure switch;Start switch;Tank venting valve (US only);Secondary air valve;Engine over-temperature light;Actuation of starter relay;Lambda sensor heating;Fuel pump;Fan motor;Engine safety cut-out (of BMSK);Starter function (of BMSK);Starter safety cut-out (of BMSK);Engine warning light (MIL)
270;0;1.00;0;0;12.0;11.25;-96.0;0;57.23;12.12;52.80;52.80;3.48;128759.0;0;0;204.0;4355.0;977.04;449.21;0;0;1.0;0;0;0;0;0;0;0;0;0;0;0;0;0;1.0;0;0
848;0;1.00;0;0;12.0;11.25;-96.0;0;57.23;12.12;52.80;52.80;3.48;128759.0;0;0;204.0;4354.0;977.00;449.21;0;0;1.0;0;0;0;0;0;0;0;0;0;0;0;0;0;1.0;0;0
1362;0;1.00;0;0;12.0;11.25;-96.0;0;57.23;12.12;52.80;52.80;3.48;128759.0;0;0;204.0;4352.0;977.12;449.21;0;1.0;0;1.0;0;0;0;0;0;0;0;0;0;0;0;0;1.0;0;0
1910;0;1.00;0;0;12.0;11.25;-96.0;0;57.23;12.12;52.80;52.80;3.48;128759.0;0;0;204.0;4343.0;977.2;449.21;0;1.0;0;1.0;0;0;0;0;0;0;0;0;0;0;0;0;1.0;0;0
2418;0;1.00;0;0;12.0;11.25;-96.0;0;57.23;12.12;52.80;52.80;3.48;128759.0;0;0;204.0;4336.0;977.2;449.21;0;1.0;0;1.0;0;0;0;0;0;0;0;0;0;0;0;0;1.0;0;0
2969;0;1.00;0;0;12.0;11.25;-96.0;0;57.23;12.12;52.80;52.80;3.48;128759.0;0;0;204.0;4336.0;977.23;449.21;0;1.0;0;1.0;0;0;0;1.0;0;0;0;1.0;0;1.0;0;0;1.0;0;0
3504;20.58;1.00;318.0;406.0;12.0;11.25;5.25;0;17.06;10.32;52.80;52.80;4.08;128759.0;4095.0;4095.0;204.0;4305.0;977.12;449.21;0;1.0;0;1.0;0;0;0;1.0;0;0;0;1.0;1.0;1.0;0;0;1.0;0;0
4049;3.69;1.00;318.0;2381.0;12.0;11.25;18.0;0;24.26;12.50;45.07;50.09;3.36;128759.0;4095.0;4095.0;201.0;4350.0;977.08;449.21;0;1.0;0;1.0;0;0;0;0;0;1.0;0;0;1.0;1.0;0;0;1.0;0;0
4587;4.16;1.00;0;1693.0;12.0;11.25;9.75;0;21.27;14.11;49.33;42.00;2.58;128759.0;0;0;204.0;4271.0;977.31;449.21;0;1.0;0;1.0;0;0;1.0;0;0;1.0;0;0;1.0;1.0;0;0;1.0;0;0
5124;4.16;1.00;0;1463.0;12.0;11.25;4.5;0;19.15;14.11;34.66;27.47;2.58;128759.0;0;0;188.0;4389.0;977.39;449.21;0;1.0;0;1.0;0;0;1.0;0;0;1.0;0;0;1.0;1.0;0;0;1.0;0;0
5656;3.72;1.00;0;1419.0;12.0;11.25;4.5;0;18.61;14.29;33.47;87.04;2.58;128759.0;0;0;169.0;4484.0;977.55;449.21;0;1.0;0;1.0;0;0;1.0;0;0;1.0;0;0;1.0;1.0;0;0;1.0;0;0
6195;3.52;1.00;0;1352.0;12.0;11.25;7.5;0;19.39;14.39;29.13;96.26;2.31;128759.0;0;0;162.0;4483.0;977.66;449.21;0;1.0;0;1.0;0;0;1.0;0;0;1.0;0;0;1.0;1.0;0;0;1.0;0;0
6699;3.27;1.00;0;1454.0;12.0;11.25;3.75;0;17.62;14.39;23.29;76.44;2.31;128759.0;0;0;159.0;4521.0;977.74;449.21;0;1.0;0;1.0;0;0;1.0;0;0;1.0;0;0;1.0;1.0;0;0;1.0;0;0
7215;3.55;1.00;0;1330.0;12.0;11.25;7.5;0;19.31;14.29;21.17;71.16;2.58;128759.0;0;0;162.0;4512.0;977.78;449.21;0;1.0;0;1.0;0;0;1.0;0;0;1.0;0;0;1.0;1.0;0;0;1.0;0;0
7776;3.40;1.00;0;1376.0;12.0;11.25;7.5;0;19.36;14.29;51.89;72.55;2.58;128759.0;0;0;166.0;4501.0;977.82;449.21;0;1.0;0;1.0;0;0;1.0;0;0;1.0;0;0;1.0;1.0;0;0;1.0;0;0
8360;3.14;1.00;0;1461.0;12.0;11.25;3.75;0;17.90;14.39;74.91;94.23;2.31;128759.0;0;0;167.0;4535.0;977.86;449.21;0;1.0;0;1.0;0;0;1.0;0;0;1.0;0;0;1.0;1.0;0;0;1.0;0;0
8896;3.17;1.00;0;1403.0;12.0;11.25;6.0;0;18.89;14.39;63.57;78.31;2.31;128759.0;0;0;167.0;4500.0;977.86;449.21;0;1.0;0;1.0;0;0;1.0;0;0;1.0;0;0;1.0;1.0;0;0;1.0;0;0
9462;3.12;1.00;0;1403.0;12.0;11.25;6.0;0;18.82;14.29;52.47;67.88;2.58;128759.0;0;0;166.0;4508.0;977.86;449.21;0;1.0;0;1.0;0;0;1.0;0;0;1.0;0;0;1.0;1.0;0;0;1.0;0;0
10045;3.12;1.00;0;1427.0;12.0;11.25;4.5;0;18.31;14.39;105.61;91.41;2.31;128759.0;0;0;166.0;4516.0;977.90;449.21;0;1.0;0;1.0;0;0;1.0;0;0;1.0;0;0;1.0;1.0;0;0;1.0;0;0
10604;2.93;1.00;0;1455.0;12.0;11.25;3.75;0;17.76;14.29;106.57;101.41;2.58;128759.0;0;0;165.0;4527.0;977.90;449.21;0;1.0;0;1.0;0;0;1.0;0;0;1.0;0;0;1.0;1.0;0;0;1.0;0;0
11122;2.92;1.00;0;1421.0;12.0;11.25;4.5;0;18.20;14.39;88.50;90.20;2.31;128759.0;0;0;161.0;4513.0;977.90;449.21;0;1.0;0;1.0;0;0;1.0;0;0;1.0;0;0;1.0;1.0;0;0;1.0;0;0
11679;2.96;1.00;0;1405.0;12.0;11.25;5.25;0;18.35;14.29;91.71;113.03;2.58;128759.0;0;0;160.0;4526.0;977.82;449.21;0;1.0;0;1.0;0;0;1.0;0;0;1.0;0;0;1.0;1.0;0;0;1.0;0;0
12207;2.90;1.00;0;1391.0;12.0;11.25;6.0;0;18.49;14.39;100.26;109.32;2.31;128759.0;0;0;158.0;4497.0;977.82;449.21;0;1.0;0;1.0;0;0;1.0;0;0;1.0;0;0;1.0;1.0;0;0;1.0;0;0
12707;2.73;1.00;0;1463.0;12.0;12.0;3.75;0;17.44;14.29;79.70;87.24;2.58;128759.0;0;0;155.0;4528.0;977.86;449.21;0;1.0;0;1.0;0;0;1.0;0;0;1.0;0;0;1.0;1.0;0;0;1.0;0;0
13240;2.66;1.00;0;1438.0;12.0;12.0;3.75;0;17.15;14.48;72.92;78.35;2.31;128759.0;0;0;148.0;4524.0;977.82;449.21;0;1.0;0;1.0;0;0;1.0;0;0;1.0;0;0;1.0;1.0;0;0;1.0;0;0
13736;2.73;1.00;0;1383.0;12.0;12.0;6.0;0;17.90;14.39;69.03;61.18;2.31;128759.0;0;0;146.0;4515.0;977.82;449.21;0;1.0;0;1.0;0;0;1.0;0;0;1.0;0;0;1.0;1.0;0;0;1.0;0;0
14234;2.63;1.00;0;1415.0;12.0;12.0;4.5;0;17.44;14.20;57.49;44.54;2.58;128759.0;0;0;145.0;4510.0;977.70;449.21;0;1.0;0;1.0;0;0;1.0;0;0;1.0;0;0;1.0;1.0;0;0;1.0;0;0
14826;2.62;1.00;0;1397.0;12.0;12.0;5.25;0;17.67;14.39;48.23;34.66;2.31;128759.0;0;0;145.0;4523.0;977.78;449.21;0;1.0;0;1.0;0;0;1.0;0;0;1.0;0;0;1.0;1.0;0;0;1.0;0;0
15359;2.56;1.00;0;1437.0;12.0;12.0;3.75;0;16.92;14.48;33.29;23.92;2.31;128759.0;0;0;144.0;4513.0;977.74;449.21;0;1.0;0;1.0;0;0;1.0;0;0;1.0;0;0;1.0;1.0;0;0;1.0;0;0
15852;2.57;1.00;0;1414.0;12.0;12.0;4.5;0;17.33;14.29;46.69;48.64;2.58;128759.0;0;0;142.0;4515.0;977.74;449.21;0;1.0;0;1.0;0;0;1.0;0;0;1.0;0;0;1.0;1.0;0;0;1.0;0;0
16344;2.61;1.00;0;1368.0;12.0;12.0;6.0;0;17.75;14.48;77.41;74.50;2.31;128759.0;0;0;143.0;4521.0;977.78;449.21;0;1.0;0;1.0;0;0;1.0;0;0;1.0;0;0;1.0;1.0;0;0;1.0;0;0
16842;2.60;1.00;0;1430.0;12.0;12.0;3.75;0;16.76;14.39;84.33;93.19;2.31;128759.0;0;0;140.0;4501.0;977.82;449.21;0;1.0;0;1.0;0;0;1.0;0;0;1.0;0;0;1.0;1.0;0;0;1.0;0;0
17388;2.51;1.00;0;1420.0;12.0;12.75;4.5;0;16.75;14.39;95.28;75.28;2.31;128759.0;0;0;141.0;4510.0;977.78;449.21;0;1.0;0;1.0;0;0;1.0;0;0;1.0;0;0;1.0;1.0;0;0;1.0;0;0
17922;2.52;1.00;0;1433.0;12.0;12.75;4.5;0;16.77;14.48;69.44;52.02;2.31;128759.0;0;0;141.0;4508.0;977.70;449.21;0;1.0;0;1.0;0;0;1.0;0;0;1.0;0;0;1.0;1.0;0;0;1.0;0;0
18510;2.44;1.00;0;1425.0;12.0;12.75;4.5;0;16.70;14.48;50.56;40.01;2.31;128759.0;0;0;139.0;4523.0;977.66;449.21;0;1.0;0;1.0;0;0;1.0;0;0;1.0;0;0;1.0;1.0;0;0;1.0;0;0
19041;2.52;1.00;0;1377.0;12.0;12.75;5.25;0;17.13;14.39;66.79;36.52;2.31;128759.0;0;0;137.0;4511.0;977.70;449.21;0;1.0;0;1.0;0;0;1.0;0;0;1.0;0;0;1.0;1.0;0;0;1.0;0;0
19637;2.56;1.00;0;1311.0;12.0;13.5;8.25;0;18.22;14.39;51.28;26.58;2.31;128759.0;0;0;138.0;4510.0;977.66;449.21;0;1.0;0;1.0;0;0;1.0;0;0;1.0;0;0;1.0;1.0;0;0;1.0;0;0
20168;2.48;1.00;0;1387.0;12.0;13.5;5.25;0;17.02;14.29;38.39;18.33;2.58;128759.0;0;0;137.0;4505.0;977.74;449.21;0;1.0;0;1.0;0;0;1.0;0;0;1.0;0;0;1.0;1.0;0;0;1.0;0;0
20667;2.47;1.00;0;1400.0;12.0;13.5;4.5;0;16.52;14.39;28.41;12.63;2.31;128759.0;0;0;137.0;4500.0;977.82;449.21;0;1.0;0;1.0;0;0;1.0;0;0;1.0;0;0;1.0;1.0;0;0;1.0;0;0
21199;2.4;1.00;0;1411.0;12.0;14.25;4.5;0;16.67;14.48;20.66;11.05;2.31;128759.0;0;0;137.0;4512.0;977.82;449.21;0;1.0;0;1.0;0;0;1.0;0;0;1.0;0;0;1.0;1.0;0;0;1.0;0;0
21788;2.40;1.00;0;1407.0;12.0;14.25;4.5;0;16.64;14.39;19.45;10.78;2.31;128759.0;0;0;136.0;4523.0;977.86;449.21;0;1.0;0;1.0;0;0;1.0;0;0;1.0;0;0;1.0;1.0;0;0;1.0;0;0
22324;2.37;1.00;0;1411.0;12.0;14.25;4.5;0;16.64;14.58;17.63;17.71;2.31;128759.0;0;0;139.0;4514.0;977.86;449.21;0;1.0;0;1.0;0;0;1.0;0;0;1.0;0;0;1.0;1.0;0;0;1.0;0;0
22863;2.41;1.00;0;1414.0;12.0;14.25;4.5;0;16.71;14.48;21.63;50.93;2.31;128759.0;0;0;139.0;4510.0;977.86;449.21;0;1.0;0;1.0;0;0;1.0;0;0;1.0;0;0;1.0;1.0;0;0;1.0;0;0
23364;2.56;1.00;0;1391.0;12.0;14.25;4.5;0;16.72;14.39;44.17;72.45;2.31;128759.0;0;0;140.0;4511.0;977.74;429.68;0;1.0;0;1.0;0;0;1.0;0;0;1.0;0;0;1.0;1.0;0;0;1.0;0;0
23853;2.45;1.00;0;1377.0;12.0;15.0;5.25;0;17.09;14.39;42.82;60.56;2.31;128759.0;0;0;138.0;4509.0;977.78;429.68;0;1.0;0;1.0;0;0;1.0;0;0;1.0;0;0;1.0;1.0;0;0;1.0;0;0
24349;2.45;1.00;0;1368.0;12.0;15.0;4.5;0;16.80;14.39;46.28;124.77;2.31;128759.0;0;0;140.0;4519.0;977.82;429.68;0;1.0;0;1.0;0;0;1.0;0;0;1.0;0;0;1.0;1.0;0;0;1.0;0;0
24849;2.48;1.00;0;1396.0;12.0;15.0;4.5;0;16.74;14.58;35.70;95.87;2.31;128759.0;0;0;141.0;4498.0;977.78;429.68;0;1.0;0;1.0;0;0;1.0;0;0;1.0;0;0;1.0;1.0;0;0;1.0;0;0
25384;2.55;1.00;0;1376.0;12.0;15.0;4.5;0;16.72;14.39;27.40;91.08;2.31;128759.0;0;0;141.0;4522.0;977.74;429.68;0;1.0;0;1.0;0;0;1.0;0;0;1.0;0;0;1.0;1.0;0;0;1.0;0;0
25880;2.60;1.00;0;1358.0;12.0;15.0;5.25;0;17.24;14.48;27.24;73.97;2.31;128759.0;0;0;140.0;4518.0;977.70;429.68;0;1.0;0;1.0;0;0;1.0;0;0;1.0;0;0;1.0;1.0;0;0;1.0;0;0
26380;2.56;1.00;0;1346.0;12.0;15.0;6.0;0;16.77;14.39;19.82;53.88;2.31;128759.0;0;0;140.0;4532.0;977.70;429.68;0;1.0;0;1.0;0;0;1.0;0;0;1.0;0;0;1.0;1.0;0;0;1.0;0;0
26914;2.38;1.00;0;1427.0;12.0;15.0;3.0;0;16.26;14.39;16.50;41.57;2.31;128759.0;0;0;139.0;4525.0;977.70;429.68;0;1.0;0;1.0;0;0;1.0;0;0;1.0;0;0;1.0;1.0;0;0;1.0;0;0
27502;2.36;1.00;0;1418.0;12.0;15.75;4.5;0;16.44;14.29;19.78;42.63;2.58;128759.0;0;0;138.0;4509.0;977.74;429.68;0;1.0;0;1.0;0;0;1.0;0;0;1.0;0;0;1.0;1.0;0;0;1.0;0;0
27999;2.33;1.00;0;1450.0;12.0;15.75;3.0;0;15.71;14.48;59.44;92.12;2.31;128759.0;0;0;135.0;4522.0;977.66;429.68;0;1.0;0;1.0;0;0;1.0;0;0;1.0;0;0;1.0;1.0;0;0;1.0;0;0
28524;2.45;1.00;0;1378.0;12.0;15.75;5.25;0;16.65;14.39;50.28;83.04;2.31;128759.0;0;0;137.0;4499.0;977.66;429.68;0;1.0;0;1.0;0;0;1.0;0;0;1.0;0;0;1.0;1.0;0;0;1.0;0;0
29032;2.39;1.00;0;1389.0;12.0;16.5;5.25;0;16.54;14.39;45.60;67.71;2.31;128759.0;0;0;136.0;4514.0;977.66;429.68;0;1.0;0;1.0;0;0;1.0;0;0;1.0;0;0;1.0;1.0;0;0;1.0;0;0
29622;2.4;1.00;0;1381.0;12.0;16.5;5.25;0;16.50;14.58;33.22;59.72;2.31;128759.0;0;0;135.0;4502.0;977.59;429.68;0;1.0;0;1.0;0;0;1.0;0;0;1.0;0;0;1.0;1.0;0;0;1.0;0;0
30153;2.44;1.00;0;1414.0;12.0;16.5;4.5;0;16.28;14.48;58.49;52.10;2.31;128759.0;0;0;136.0;4517.0;977.59;429.68;0;1.0;0;1.0;0;0;1.0;0;0;1.0;0;0;1.0;1.0;0;0;1.0;0;0
30650;2.41;1.00;0;1397.0;12.0;16.5;5.25;0;16.55;14.58;92.72;47.75;2.31;128759.0;0;0;136.0;4520.0;977.70;429.68;0;1.0;0;1.0;0;0;1.0;0;0;1.0;0;0;1.0;1.0;0;0;1.0;0;0
31223;2.48;1.00;0;1393.0;12.0;16.5;5.25;0;16.54;14.48;74.93;36.77;2.31;128759.0;0;0;135.0;4508.0;977.74;429.68;0;1.0;0;1.0;0;0;1.0;0;0;1.0;0;0;1.0;1.0;0;0;1.0;0;0
31720;2.4;1.00;0;1366.0;12.0;17.25;5.25;0;16.49;14.39;68.66;36.67;2.31;128759.0;0;0;134.0;4510.0;977.66;429.68;0;1.0;0;1.0;0;0;1.0;0;0;1.0;0;0;1.0;1.0;0;0;0;0;0
32219;0.40;1.00;0;1884.0;12.0;17.25;9.0;0;17.97;14.29;56.67;30.29;2.58;128759.0;0;0;134.0;4596.0;977.59;507.80;1.0;1.0;0;1.0;0;0;1.0;0;0;1.0;0;0;1.0;1.0;0;0;0;0;0
32714;4.84;1.00;0;2046.0;12.0;17.25;8.25;7.45;24.20;14.48;39.13;21.71;2.31;128759.0;0;0;137.0;4560.0;977.39;488.27;1.0;1.0;0;1.0;0;0;1.0;0;0;1.0;0;0;1.0;1.0;0;0;0;0;0
33212;4.20;1.00;0;1873.0;12.75;18.0;8.25;7.05;25.83;14.39;25.64;14.94;2.31;128759.0;0;0;137.0;4504.0;977.35;507.80;1.0;1.0;0;1.0;0;0;1.0;0;0;1.0;0;0;1.0;1.0;0;0;0;0;0
33715;2.22;1.00;5.0;1647.0;12.75;18.0;6.0;0;17.54;14.48;24.23;26.18;2.31;128759.0;5.0;5.0;157.0;4483.0;977.43;507.80;1.0;1.0;0;1.0;0;0;1.0;0;0;1.0;0;0;1.0;1.0;0;0;0;0;0
34214;2.29;1.00;6.0;1507.0;12.75;18.0;3.0;0;16.02;14.29;31.05;29.88;2.58;128759.0;6.0;6.0;146.0;4488.0;977.43;507.80;1.0;1.0;0;1.0;0;0;1.0;0;0;1.0;0;0;1.0;1.0;0;0;0;0;0
34749;2.67;1.00;7.0;1350.0;12.75;18.0;7.5;0;16.82;14.39;28.41;23.63;2.31;128759.0;7.0;6.0;140.0;4499.0;977.59;488.27;1.0;1.0;0;1.0;0;0;1.0;0;0;1.0;0;0;1.0;1.0;0;0;0;0;0
35339;2.36;1.00;7.0;1555.0;12.75;18.0;6.75;0;17.81;14.29;28.06;20.52;2.58;128759.0;8.0;7.0;154.0;4512.0;977.62;429.68;1.0;1.0;0;1.0;0;0;1.0;0;0;1.0;0;0;1.0;1.0;0;0;0;0;0
35923;5.25;1.00;8.0;1778.0;12.75;18.75;8.25;5.09;20.80;14.58;25.21;17.26;2.31;128759.0;9.0;8.0;136.0;4583.0;977.66;527.33;1.0;1.0;0;1.0;0;0;1.0;0;0;1.0;0;0;1.0;1.0;0;0;0;0;0
36462;2.15;1.00;8.0;1620.0;12.75;18.75;6.0;0;17.54;13.73;19.60;11.28;2.82;128759.0;9.0;9.0;158.0;4552.0;977.70;507.80;1.0;1.0;0;1.0;0;0;1.0;0;0;1.0;0;0;1.0;1.0;0;0;0;0;0
36959;2.43;1.00;8.0;1528.0;12.75;18.75;6.0;0;17.34;14.58;15.76;20.93;2.31;128759.0;9.0;9.0;154.0;4477.0;977.78;507.80;1.0;1.0;0;1.0;0;0;1.0;0;0;1.0;0;0;1.0;1.0;0;0;0;0;0
37484;2.25;1.00;10.0;1563.0;12.75;19.5;6.0;0;17.27;14.39;17.03;19.74;2.31;128759.0;10.0;10.0;151.0;4497.0;977.66;507.80;1.0;1.0;0;1.0;0;0;1.0;0;0;1.0;0;0;1.0;1.0;0;0;0;0;0
37992;3.96;1.00;11.0;2153.0;12.75;19.5;3.0;7.84;22.61;14.58;15.76;14.35;2.31;128759.0;9.0;11.0;135.0;4636.0;977.66;527.33;1.0;1.0;0;1.0;0;0;1.0;0;0;1.0;0;0;1.0;1.0;0;0;0;0;0
38503;3.93;1.00;15.0;2056.0;12.75;19.5;8.25;7.05;21.89;14.48;47.37;25.50;2.31;128759.0;15.0;14.0;135.0;4534.0;977.66;527.33;1.0;1.0;0;1.0;0;0;1.0;0;0;1.0;0;0;1.0;1.0;0;0;0;0;0
38994;3.93;1.00;18.0;2069.0;12.75;19.5;8.25;7.05;22.36;14.48;127.04;147.68;2.31;128759.0;18.0;18.0;135.0;4495.0;977.74;527.33;1.0;1.0;0;1.0;0;0;1.0;0;0;1.0;0;0;1.0;1.0;0;0;0;0;0
39487;4.81;1.00;21.0;2426.0;12.75;19.5;9.0;12.94;28.36;14.48;217.03;229.88;2.31;128759.0;21.0;22.0;135.0;4427.0;977.78;527.33;1.0;1.0;0;1.0;0;0;1.0;0;0;1.0;0;0;1.0;1.0;0;0;0;0;0
40044;4.12;1.00;23.0;1911.0;12.75;20.25;8.25;4.31;17.58;14.48;221.93;285.43;2.31;128759.0;24.0;24.0;144.0;4564.0;977.82;527.33;2.0;1.0;0;1.0;0;0;1.0;0;0;1.0;0;0;1.0;1.0;0;0;0;0;0
40587;4.66;0.98;26.0;2115.0;12.75;20.25;8.25;9.80;27.02;14.39;250.27;296.54;2.31;128759.0;26.0;27.0;134.0;4506.0;977.86;527.33;2.0;1.0;0;1.0;0;0;1.0;0;0;1.0;0;0;1.0;1.0;0;0;0;0;0
41150;4.28;0.98;30.0;2362.0;12.75;20.25;9.0;11.37;27.07;14.58;285.48;240.80;2.31;128759.0;30.0;30.0;134.0;4451.0;977.78;527.33;2.0;1.0;0;1.0;0;0;1.0;0;0;1.0;0;0;1.0;1.0;0;0;0;0;0
41647;3.24;0.99;31.0;2492.0;12.75;20.25;11.25;6.27;19.72;14.48;308.24;193.50;2.31;128759.0;31.0;32.0;134.0;4488.0;977.74;527.33;2.0;1.0;0;1.0;0;0;1.0;0;0;1.0;0;0;1.0;1.0;0;0;0;0;0
42185;3.06;0.97;32.0;2512.0;12.75;21.0;11.25;5.88;18.55;14.48;238.65;156.14;2.31;128759.0;32.0;33.0;133.0;4509.0;977.66;527.33;2.0;1.0;0;1.0;0;0;1.0;0;0;1.0;0;0;1.0;1.0;0;0;0;0;0
42713;2.93;0.97;33.0;2571.0;12.75;21.0;12.0;5.49;17.88;14.58;133.62;92.12;2.31;128759.0;33.0;33.0;133.0;4502.0;977.59;468.74;2.0;1.0;0;1.0;0;0;1.0;0;0;1.0;0;0;1.0;1.0;0;0;0;0;0
43210;2.81;0.97;33.0;2633.0;12.75;21.0;12.75;5.49;17.33;14.48;78.86;51.55;2.31;128759.0;33.0;34.0;133.0;4484.0;977.47;546.86;2.0;1.0;0;1.0;0;0;1.0;0;0;1.0;0;0;1.0;1.0;0;0;0;0;0
43709;2.77;0.97;33.0;2661.0;12.75;21.0;13.5;5.09;16.88;14.48;44.09;28.82;2.31;128759.0;34.0;34.0;133.0;4517.0;977.59;546.86;2.0;1.0;0;1.0;0;0;1.0;0;0;1.0;0;0;1.0;1.0;0;0;0;0;0
44209;1.46;1.00;35.0;2314.0;12.75;21.75;9.75;0;17.81;14.48;24.64;17.10;2.31;128759.0;34.0;35.0;139.0;4566.0;977.43;546.86;2.0;1.0;0;1.0;0;0;1.0;0;0;1.0;0;0;1.0;1.0;0;0;0;0;0
44715;3.52;0.99;35.0;2148.0;12.75;21.75;9.0;5.49;19.28;14.39;16.81;38.00;2.31;128759.0;35.0;34.0;132.0;4572.0;977.47;546.86;3.0;1.0;0;1.0;0;0;1.0;0;0;1.0;0;0;1.0;1.0;0;0;0;0;0
45394;3.66;0.98;36.0;2202.0;12.75;21.75;9.0;6.66;21.06;14.39;10.40;25.62;2.31;128759.0;36.0;36.0;132.0;4531.0;977.62;546.86;3.0;1.0;0;1.0;0;0;1.0;0;0;1.0;0;0;1.0;1.0;0;0;0;0;0
45959;3.52;0.95;37.0;2291.0;12.75;21.75;9.75;7.05;21.35;14.48;6.52;14.82;2.31;128759.0;37.0;38.0;132.0;4496.0;977.70;546.86;3.0;1.0;0;1.0;0;0;1.0;0;0;1.0;0;0;1.0;1.0;0;0;0;0;0
46489;3.23;0.93;38.0;2386.0;12.75;22.5;10.5;7.05;20.71;14.48;3.35;8.22;2.31;128759.0;38.0;39.0;132.0;4499.0;977.70;566.39;3.0;1.0;0;1.0;0;0;1.0;0;0;1.0;0;0;1.0;1.0;0;0;0;0;0
46985;1.92;0.91;38.0;2371.0;12.75;22.5;11.25;3.92;15.86;14.48;6.79;4.76;2.31;128759.0;39.0;39.0;132.0;4512.0;977.70;566.39;3.0;1.0;0;1.0;0;0;1.0;0;0;1.0;0;0;1.0;1.0;0;0;0;0;0
47481;2.49;0.98;38.0;2352.0;12.75;22.5;10.5;3.13;14.54;14.48;3.94;2.73;2.31;128759.0;39.0;39.0;132.0;4541.0;977.66;546.86;3.0;1.0;0;1.0;0;0;1.0;0;0;1.0;0;0;0;1.0;0;0;0;0;0
47978;1.79;0.99;37.0;2343.0;12.75;22.5;10.5;1.96;12.20;14.58;2.24;1.52;2.31;128759.0;38.0;38.0;132.0;4497.0;977.74;566.39;3.0;1.0;0;1.0;0;0;1.0;0;0;1.0;0;0;1.0;1.0;0;0;0;0;0
48479;1.62;1.00;36.0;2259.0;12.75;23.25;5.25;0;17.16;14.39;3.33;17.71;2.31;128759.0;37.0;36.0;152.0;4500.0;977.70;566.39;3.0;1.0;0;1.0;0;0;1.0;0;0;1.0;0;0;1.0;1.0;0;0;0;0;0
49049;1.64;1.00;35.0;2185.0;12.75;23.25;6.0;0;17.22;14.48;7.59;19.13;2.31;128759.0;35.0;35.0;149.0;4515.0;977.70;566.39;3.0;1.0;0;1.0;0;0;1.0;0;0;1.0;0;0;1.0;1.0;0;0;0;0;0
49591;2.03;1.00;33.0;2108.0;12.75;23.25;9.0;1.56;11.75;14.48;10.15;22.75;2.31;128759.0;34.0;34.0;131.0;4507.0;977.78;195.31;3.0;1.0;0;1.0;0;0;1.0;0;0;1.0;0;0;1.0;1.0;0;0;0;0;0
50097;2.75;1.01;32.0;1994.0;12.75;23.25;9.0;2.74;15.44;14.48;88.90;88.92;2.31;128759.0;33.0;33.0;131.0;4520.0;977.74;214.84;3.0;1.0;0;1.0;0;0;1.0;0;0;1.0;0;0;1.0;1.0;0;0;0;0;0
50584;3.20;1.03;33.0;2035.0;12.75;24.0;8.25;4.31;17.57;14.48;158.75;168.85;2.31;128759.0;33.0;33.0;130.0;4517.0;977.66;234.37;3.0;1.0;0;1.0;0;0;1.0;0;0;1.0;0;0;1.0;1.0;0;0;0;0;0
51191;3.38;1.04;33.0;2070.0;12.75;24.0;9.0;5.09;18.49;14.39;230.64;195.71;2.31;128759.0;33.0;34.0;130.0;4517.0;977.66;644.52;3.0;1.0;0;1.0;0;0;1.0;0;0;1.0;0;0;1.0;1.0;0;0;0;0;0
51736;2.47;1.00;33.0;2103.0;12.75;24.75;9.0;2.74;14.87;14.39;181.04;162.33;2.31;128759.0;34.0;34.0;129.0;4510.0;977.74;644.52;3.0;1.0;0;1.0;0;0;1.0;0;0;1.0;0;0;1.0;1.0;0;0;0;0;0
52239;1.92;1.00;33.0;2056.0;12.75;24.75;9.0;1.56;12.24;14.48;118.74;100.98;2.31;128759.0;34.0;34.0;129.0;4502.0;977.78;624.99;3.0;1.0;0;1.0;0;0;1.0;0;0;1.0;0;0;1.0;1.0;0;0;0;0;0
52792;4.90;1.00;33.0;2067.0;12.75;24.75;10.5;6.27;21.12;14.48;73.86;68.17;2.31;128759.0;34.0;34.0;129.0;4524.0;977.82;624.99;3.0;1.0;0;1.0;0;0;1.0;0;0;1.0;0;0;1.0;1.0;0;0;0;0;0
53326;3.09;0.98;35.0;2188.0;12.75;24.75;9.0;5.88;19.57;14.58;45.89;42.38;2.31;128759.0;34.0;36.0;129.0;4510.0;977.86;624.99;3.0;1.0;0;1.0;0;0;1.0;0;0;1.0;0;0;1.0;1.0;0;0;0;0;0
53826;3.01;0.96;36.0;2229.0;12.75;25.5;9.75;5.09;18.27;14.48;25.64;25.44;2.31;128759.0;36.0;36.0;128.0;4512.0;977.78;624.99;3.0;1.0;0;1.0;0;0;1.0;0;0;1.0;0;0;1.0;1.0;0;0;0;0;0
54322;3.74;1.00;36.0;2261.0;12.75;25.5;9.0;7.05;20.75;14.48;15.89;15.76;2.31;128759.0;37.0;37.0;128.0;4503.0;977.74;624.99;3.0;1.0;0;1.0;0;0;1.0;0;0;1.0;0;0;1.0;1.0;0;0;0;0;0
54819;2.28;0.99;37.0;2236.0;12.75;25.5;10.5;2.35;13.41;14.48;9.31;9.72;2.31;128759.0;37.0;37.0;128.0;4508.0;977.78;624.99;3.0;1.0;0;1.0;0;0;1.0;0;0;1.0;0;0;1.0;1.0;0;0;0;0;0
55315;1.44;1.00;37.0;2256.0;12.75;25.5;9.75;0;11.69;14.39;5.76;5.68;2.31;128759.0;37.0;36.0;128.0;4517.0;977.82;624.99;3.0;1.0;0;1.0;0;0;1.0;0;0;1.0;0;0;1.0;1.0;0;0;0;0;0
55820;1.67;1.00;35.0;2119.0;12.75;26.25;6.0;0;17.12;14.39;5.48;3.86;2.31;128759.0;35.0;36.0;149.0;4509.0;977.86;624.99;3.0;1.0;0;1.0;0;0;1.0;0;0;1.0;0;0;1.0;1.0;0;0;0;0;0
56316;4.20;0.99;35.0;2158.0;12.75;26.25;7.5;4.31;16.29;14.48;68.37;11.52;2.31;128759.0;35.0;35.0;132.0;4522.0;977.86;390.62;3.0;1.0;0;1.0;0;0;1.0;0;0;1.0;0;0;1.0;1.0;0;0;0;0;0
56901;3.15;1.01;35.0;2136.0;12.75;26.25;9.75;5.09;18.44;14.48;138.44;117.78;2.31;128759.0;35.0;35.0;127.0;4517.0;977.86;136.71;3.0;1.0;0;1.0;0;0;1.0;0;0;1.0;0;0;1.0;1.0;0;0;0;0;0
57432;1.76;1.00;36.0;2011.0;12.75;26.25;6.75;0;17.10;14.48;178.81;211.29;2.31;128759.0;36.0;35.0;141.0;4490.0;977.90;683.58;3.0;1.0;0;1.0;0;0;1.0;0;0;1.0;0;0;1.0;1.0;0;0;0;0;0
57925;1.62;1.00;33.0;2076.0;12.75;27.0;6.0;0;16.96;14.48;166.66;169.75;2.31;128759.0;33.0;34.0;144.0;4527.0;977.90;644.52;3.0;1.0;0;1.0;0;0;1.0;0;0;1.0;0;0;1.0;1.0;0;0;0;0;0
58436;1.68;1.00;33.0;2099.0;12.75;27.0;6.0;0;16.83;14.48;130.34;152.15;2.31;128760.0;33.0;34.0;143.0;4513.0;977.90;605.46;3.0;1.0;0;1.0;0;0;1.0;0;0;1.0;0;0;1.0;1.0;0;0;0;0;0
58933;1.80;1.00;31.0;1898.0;12.75;27.0;6.75;0;16.96;14.48;106.94;155.20;2.31;128760.0;31.0;31.0;142.0;4514.0;977.90;117.18;3.0;1.0;0;1.0;0;0;1.0;0;0;1.0;0;0;1.0;1.0;0;0;0;0;0
59417;2.01;1.00;28.0;1769.0;12.75;27.0;6.75;0;16.96;14.58;77.12;121.33;2.31;128760.0;29.0;28.0;141.0;4480.0;977.90;136.71;3.0;1.0;0;1.0;0;0;1.0;0;0;1.0;0;0;1.0;1.0;0;0;0;0;0
59919;2.09;1.01;23.0;1636.0;12.75;27.0;6.75;0;16.87;14.58;66.87;89.85;2.31;128760.0;24.0;24.0;140.0;4469.0;977.90;156.24;3.0;1.0;0;1.0;0;0;1.0;0;0;1.0;0;0;1.0;1.0;0;0;0;0;0
60425;2.27;1.03;21.0;1566.0;12.75;27.75;6.75;0;16.71;14.48;52.59;69.48;2.31;128760.0;22.0;21.0;140.0;4488.0;977.90;156.24;3.0;1.0;0;1.0;0;0;1.0;0;0;1.0;0;0;1.0;1.0;0;0;0;0;0
60960;2.2;1.04;21.0;1670.0;12.75;27.75;6.75;0;16.81;14.48;36.30;50.60;2.31;128760.0;21.0;21.0;138.0;4513.0;977.90;175.77;2.0;1.0;0;1.0;0;0;1.0;0;0;1.0;0;0;1.0;1.0;0;0;0;0;0
61458;2.23;1.06;20.0;1603.0;12.75;27.75;6.75;0;16.82;14.39;31.01;66.79;2.31;128760.0;20.0;19.0;139.0;4517.0;977.90;175.77;2.0;1.0;0;1.0;0;0;1.0;0;0;1.0;0;0;1.0;1.0;0;0;0;0;0
61970;2.30;1.07;18.0;1611.0;12.75;27.75;6.75;0;16.65;14.48;39.47;122.66;2.31;128760.0;19.0;19.0;138.0;4510.0;977.90;195.31;2.0;1.0;0;1.0;0;0;1.0;0;0;1.0;0;0;1.0;1.0;0;0;0;0;0
62462;2.58;1.08;18.0;1469.0;12.75;27.75;6.0;0;16.59;14.29;34.74;111.78;2.58;128760.0;18.0;18.0;141.0;4517.0;977.90;195.31;2.0;1.0;0;1.0;0;0;1.0;0;0;1.0;0;0;1.0;1.0;0;0;0;0;0
62959;2.21;1.10;18.0;1673.0;12.75;28.5;6.75;0;16.79;14.39;26.07;81.45;2.31;128760.0;18.0;18.0;139.0;4524.0;977.90;234.37;2.0;1.0;0;1.0;0;0;1.0;0;0;1.0;0;0;1.0;1.0;0;0;0;0;0
63498;2.33;1.10;18.0;1624.0;12.75;28.5;6.75;0;16.61;14.67;33.45;74.60;2.31;128760.0;18.0;19.0;137.0;4516.0;977.90;761.70;2.0;1.0;0;1.0;0;0;1.0;0;0;1.0;0;0;1.0;1.0;0;0;0;0;0
64064;2.35;1.08;18.0;1607.0;12.75;28.5;6.75;0;16.69;14.58;27.42;95.18;2.31;128760.0;18.0;18.0;137.0;4503.0;977.90;722.64;2.0;1.0;0;1.0;0;0;1.0;0;0;1.0;0;0;1.0;1.0;0;0;0;0;0
64597;2.4;1.07;17.0;1542.0;12.75;29.25;6.75;0;16.68;14.39;19.90;106.20;2.31;128760.0;18.0;18.0;138.0;4507.0;977.90;683.58;2.0;1.0;0;1.0;0;0;1.0;0;0;1.0;0;0;1.0;1.0;0;0;0;0;0
65102;2.24;1.05;17.0;1563.0;12.75;29.25;6.75;0;16.64;14.48;21.52;85.17;2.31;128760.0;18.0;17.0;138.0;4507.0;977.98;664.05;2.0;1.0;0;1.0;0;0;1.0;0;0;1.0;0;0;1.0;1.0;0;0;0;0;0
65663;2.36;1.05;16.0;1535.0;12.75;29.25;6.75;0;16.75;14.20;49.52;84.60;2.58;128760.0;17.0;17.0;138.0;4535.0;978.05;644.52;2.0;1.0;0;1.0;0;0;1.0;0;0;1.0;0;0;1.0;1.0;0;0;0;0;0
66210;2.28;1.04;16.0;1517.0;12.75;29.25;6.75;0;16.74;14.39;124.93;127.17;2.31;128760.0;16.0;16.0;139.0;4510.0;978.17;546.86;2.0;1.0;0;1.0;0;0;1.0;0;0;1.0;0;0;1.0;1.0;0;0;0;0;0
66743;3.31;1.06;13.0;1568.0;12.75;30.0;9.75;2.35;15.22;14.39;130.77;138.40;2.31;128760.0;14.0;14.0;129.0;4585.0;978.09;703.11;2.0;1.0;0;1.0;0;0;1.0;0;0;1.0;0;0;1.0;1.0;0;0;0;0;0
67248;2.16;0.99;12.0;1651.0;12.75;30.0;7.5;1.17;12.92;14.39;96.71;111.26;2.31;128760.0;12.0;12.0;123.0;4492.0;978.25;546.86;1.0;1.0;0;1.0;0;0;1.0;0;0;1.0;0;0;1.0;1.0;0;0;0;0;0
67821;2.96;0.99;11.0;1651.0;12.75;30.0;8.25;2.74;17.30;14.48;122.47;139.36;2.31;128760.0;11.0;11.0;123.0;4514.0;978.33;117.18;1.0;1.0;0;1.0;0;0;1.0;0;0;1.0;0;0;1.0;1.0;0;0;0;0;0
68433;3.36;1.01;12.0;1602.0;12.75;30.0;8.25;3.92;19.27;14.39;206.04;217.09;2.31;128760.0;12.0;12.0;123.0;4510.0;978.25;156.24;1.0;1.0;0;1.0;0;0;1.0;0;0;1.0;0;0;1.0;1.0;0;0;0;0;0
68965;3.86;1.01;13.0;1659.0;12.75;30.0;8.25;4.31;18.90;14.29;207.13;255.92;2.58;128760.0;14.0;14.0;123.0;4516.0;978.21;761.70;1.0;1.0;0;1.0;0;0;1.0;0;0;1.0;0;0;1.0;1.0;0;0;0;0;0
69457;4.68;1.00;16.0;1799.0;12.75;30.0;6.75;7.84;27.74;14.48;202.50;285.97;2.31;128760.0;16.0;16.0;123.0;4581.0;978.17;761.70;1.0;1.0;0;1.0;0;0;1.0;0;0;1.0;0;0;1.0;1.0;0;0;0;0;0
69958;4.60;1.00;18.0;2116.0;12.75;30.75;8.25;10.98;29.10;14.39;256.91;310.60;2.31;128760.0;19.0;19.0;122.0;4518.0;978.25;742.17;1.0;1.0;0;1.0;0;0;1.0;0;0;1.0;0;0;1.0;1.0;0;0;0;0;0
70456;4.08;0.97;21.0;2447.0;12.75;30.75;9.75;10.98;25.62;14.58;298.18;288.53;2.31;128760.0;21.0;22.0;122.0;4442.0;978.29;722.64;1.0;1.0;0;1.0;0;0;1.0;0;0;1.0;0;0;1.0;1.0;0;0;0;0;0
71052;3.74;0.94;23.0;2657.0;12.75;30.75;12.0;10.98;24.36;14.48;319.70;305.68;2.31;128760.0;23.0;24.0;122.0;4434.0;978.33;703.11;1.0;1.0;0;1.0;0;0;1.0;0;0;1.0;0;0;1.0;1.0;0;0;0;0;0
71586;5.40;0.99;25.0;1822.0;12.75;30.75;7.5;5.49;16.56;14.48;333.98;313.69;2.31;128760.0;24.0;25.0;122.0;4594.0;978.41;722.64;2.0;1.0;0;1.0;0;0;1.0;0;0;1.0;0;0;1.0;1.0;0;0;0;0;0
72124;3.68;0.98;25.0;1965.0;12.75;30.75;8.25;6.66;22.14;14.48;328.82;276.23;2.31;128760.0;25.0;25.0;122.0;4549.0;978.25;683.58;2.0;1.0;0;1.0;0;0;1.0;0;0;1.0;0;0;1.0;1.0;0;0;0;0;0
72679;3.63;0.96;26.0;2072.0;12.75;31.5;8.25;7.05;21.95;14.58;225.88;200.04;2.31;128760.0;26.0;27.0;121.0;4530.0;978.17;703.11;2.0;1.0;0;1.0;0;0;1.0;0;0;1.0;0;0;1.0;1.0;0;0;0;0;0
73219;3.38;0.94;27.0;2167.0;12.75;31.5;8.25;7.05;20.71;14.39;148.17;131.20;2.31;128760.0;27.0;28.0;121.0;4510.0;978.09;683.58;2.0;1.0;0;1.0;0;0;1.0;0;0;1.0;0;0;1.0;1.0;0;0;0;0;0
73714;3.20;0.92;27.0;2194.0;12.75;31.5;9.75;6.66;20.58;14.39;82.90;81.20;2.31;128760.0;28.0;28.0;121.0;4502.0;978.05;683.58;2.0;1.0;0;1.0;0;0;1.0;0;0;1.0;0;0;1.0;1.0;0;0;0;0;0
74211;3.27;0.90;28.0;2190.0;12.75;31.5;9.0;7.45;21.74;14.39;55.21;50.48;2.31;128760.0;28.0;28.0;121.0;4513.0;978.02;546.86;2.0;1.0;0;1.0;0;0;1.0;0;0;1.0;0;0;1.0;1.0;0;0;0;0;0
74802;3.82;0.98;28.0;2289.0;12.75;32.25;9.0;8.23;23.32;14.48;34.29;31.36;2.31;128760.0;29.0;29.0;121.0;4480.0;977.98;703.11;2.0;1.0;0;1.0;0;0;1.0;0;0;1.0;0;0;1.0;1.0;0;0;0;0;0
75393;3.39;0.95;30.0;2368.0;12.75;32.25;9.75;7.84;21.35;14.48;19.45;16.58;2.31;128760.0;30.0;30.0;121.0;4489.0;977.98;683.58;2.0;1.0;0;1.0;0;0;1.0;0;0;1.0;0;0;1.0;1.0;0;0;0;0;0
75964;3.08;0.98;30.0;2377.0;12.75;32.25;11.25;5.88;19.24;14.58;12.01;11.91;2.31;128760.0;30.0;30.0;121.0;4529.0;977.98;664.05;2.0;1.0;0;1.0;0;0;1.0;0;0;1.0;0;0;1.0;1.0;0;0;0;0;0
76532;2.89;0.95;30.0;2353.0;12.75;32.25;9.75;5.49;17.66;14.39;6.30;9.02;2.31;128760.0;30.0;30.0;121.0;4521.0;977.94;664.05;2.0;1.0;0;1.0;0;0;1.0;0;0;1.0;0;0;1.0;1.0;0;0;0;0;0
77063;2.79;0.93;30.0;2354.0;12.75;33.0;9.75;5.09;17.45;14.48;3.26;4.68;2.31;128760.0;29.0;30.0;120.0;4532.0;977.94;664.05;2.0;1.0;0;1.0;0;0;1.0;0;0;1.0;0;0;1.0;1.0;0;0;0;0;0
77616;2.79;0.91;28.0;2316.0;12.75;33.0;10.5;5.49;18.33;14.58;3.49;2.85;2.31;128760.0;29.0;29.0;120.0;4506.0;977.94;664.05;2.0;1.0;0;1.0;0;0;1.0;0;0;1.0;0;0;1.0;1.0;0;0;0;0;0
78149;2.81;0.90;28.0;2255.0;12.75;33.0;9.75;5.49;18.60;14.48;1.77;1.50;2.31;128760.0;29.0;29.0;120.0;4520.0;977.94;97.65;2.0;1.0;0;1.0;0;0;1.0;0;0;1.0;0;0;1.0;1.0;0;0;0;0;0
78651;2.87;0.92;28.0;2283.0;12.75;33.0;9.75;5.49;18.54;14.39;2.55;0.82;2.31;128760.0;29.0;29.0;120.0;4495.0;977.94;136.71;2.0;1.0;0;1.0;0;0;1.0;0;0;1.0;0;0;1.0;1.0;0;0;0;0;0
79188;2.96;0.94;28.0;2280.0;12.75;33.75;9.75;5.49;18.62;14.48;3.76;2.77;2.31;128760.0;29.0;29.0;119.0;4504.0;977.94;703.11;2.0;1.0;0;1.0;0;0;1.0;0;0;1.0;0;0;1.0;1.0;0;0;0;0;0
79685;2.79;0.92;28.0;2275.0;12.75;33.75;10.5;5.09;18.13;14.48;124.58;112.23;2.31;128760.0;29.0;29.0;119.0;4495.0;977.94;410.15;2.0;1.0;0;1.0;0;0;1.0;0;0;1.0;0;0;1.0;1.0;0;0;0;0;0
80398;2.09;0.92;28.0;2227.0;12.75;33.75;9.75;2.74;13.34;14.48;250.23;237.79;2.31;128760.0;28.0;29.0;119.0;4526.0;977.94;683.58;2.0;1.0;0;1.0;0;0;1.0;0;0;1.0;0;0;1.0;1.0;0;0;0;0;0
80889;1.49;1.00;27.0;2130.0;12.75;33.75;7.5;0;16.11;14.58;282.73;260.19;2.31;128760.0;27.0;27.0;117.0;4474.0;977.94;117.18;2.0;1.0;0;1.0;0;0;1.0;0;0;1.0;0;0;1.0;1.0;0;0;0;0;0
81509;1.93;0.98;25.0;1695.0;12.75;34.5;7.5;0;16.29;14.39;239.00;192.52;2.31;128760.0;26.0;26.0;130.0;4509.0;977.94;722.64;2.0;1.0;0;1.0;0;0;1.0;0;0;1.0;0;0;1.0;1.0;0;0;0;0;0
82081;1.86;0.97;20.0;1677.0;12.75;34.5;7.5;0;16.18;14.58;251.54;147.39;2.31;128760.0;19.0;20.0;125.0;4475.0;977.94;703.11;2.0;1.0;0;1.0;0;0;1.0;0;0;1.0;0;0;1.0;1.0;0;0;0;0;0
82694;1.92;0.95;12.0;1648.0;12.75;34.5;7.5;0;16.27;14.48;177.60;96.63;2.31;128760.0;12.0;12.0;128.0;4499.0;977.94;429.68;2.0;1.0;0;1.0;0;0;1.0;0;0;1.0;0;0;1.0;1.0;0;0;0;0;0
83191;1.94;0.95;10.0;1579.0;12.75;34.5;6.75;0;16.15;14.39;131.45;69.99;2.31;128760.0;9.0;10.0;130.0;4515.0;977.94;19.53;2.0;1.0;0;1.0;0;0;1.0;0;0;1.0;0;0;1.0;1.0;0;0;0;0;0
83706;2.23;0.97;8.0;1515.0;12.75;34.5;7.5;0;16.43;14.39;95.79;73.84;2.31;128760.0;9.0;9.0;130.0;4525.0;977.94;39.06;1.0;1.0;0;1.0;0;0;1.0;0;0;1.0;0;0;1.0;1.0;0;0;0;0;0
84321;2.67;0.98;8.0;1481.0;12.75;35.25;9.75;2.35;16.56;14.48;98.31;73.25;2.31;128760.0;9.0;9.0;118.0;4523.0;977.94;39.06;1.0;1.0;0;1.0;0;0;1.0;0;0;1.0;0;0;1.0;1.0;0;0;0;0;0
84820;3.11;1.00;10.0;1728.0;12.75;35.25;7.5;3.92;17.53;14.58;84.60;54.48;2.31;128760.0;11.0;11.0;117.0;4536.0;977.94;58.59;1.0;1.0;0;1.0;0;0;1.0;0;0;1.0;0;0;1.0;1.0;0;0;0;0;0
85340;3.16;1.02;12.0;1750.0;12.75;35.25;7.5;3.92;17.51;14.48;55.48;40.62;2.31;128760.0;12.0;12.0;117.0;4525.0;977.94;78.12;1.0;1.0;0;1.0;0;0;1.0;0;0;1.0;0;0;1.0;1.0;0;0;0;0;0
85874;3.10;1.04;13.0;1842.0;12.75;35.25;7.5;3.92;16.80;14.48;38.31;26.59;2.31;128760.0;13.0;14.0;117.0;4546.0;977.94;97.65;1.0;1.0;0;1.0;0;0;1.0;0;0;1.0;0;0;1.0;1.0;0;0;0;0;0
86454;3.09;1.05;15.0;1901.0;12.75;35.25;7.5;3.92;16.44;14.48;25.07;18.35;2.31;128760.0;15.0;15.0;117.0;4503.0;977.94;839.83;1.0;1.0;0;1.0;0;0;1.0;0;0;1.0;0;0;1.0;1.0;0;0;0;0;0
87014;2.35;0.99;15.0;1639.0;12.75;36.0;8.25;1.56;13.52;14.48;33.82;13.57;2.31;128760.0;15.0;14.0;116.0;4508.0;977.94;800.77;1.0;1.0;0;1.0;0;0;1.0;0;0;1.0;0;0;1.0;1.0;0;0;0;0;0
87592;2.88;0.99;15.0;1770.0;12.75;36.0;7.5;3.52;16.49;14.58;22.14;9.92;2.31;128760.0;15.0;15.0;116.0;4537.0;977.94;58.59;1.0;1.0;0;1.0;0;0;1.0;0;0;1.0;0;0;1.0;1.0;0;0;0;0;0
88196;2.80;1.01;16.0;1883.0;12.75;36.0;7.5;3.52;16.08;14.58;13.71;7.63;2.31;128760.0;17.0;17.0;116.0;4519.0;977.94;781.24;1.0;1.0;0;1.0;0;0;1.0;0;0;1.0;0;0;1.0;1.0;0;0;0;0;0
88730;1.81;1.00;17.0;1821.0;12.75;36.0;7.5;0;15.93;13.63;10.78;4.41;2.82;128760.0;17.0;17.0;128.0;4467.0;977.94;820.30;1.0;1.0;0;1.0;0;0;1.0;0;0;1.0;0;0;1.0;1.0;0;0;0;0;0
89320;3.04;1.00;16.0;1868.0;12.75;36.0;7.5;2.35;14.26;14.48;7.40;4.68;2.31;128760.0;16.0;16.0;116.0;4521.0;977.90;468.74;1.0;1.0;0;1.0;0;0;1.0;0;0;1.0;0;0;1.0;1.0;0;0;0;0;0
89905;2.81;1.00;16.0;1880.0;12.75;36.75;7.5;3.52;15.78;14.48;4.29;2.85;2.31;128760.0;16.0;17.0;116.0;4521.0;977.90;58.59;1.0;1.0;0;1.0;0;0;1.0;0;0;1.0;0;0;1.0;1.0;0;0;0;0;0
90403;0.72;1.02;17.0;1932.0;12.75;36.75;8.25;1.56;15.44;14.39;2.57;1.60;2.31;128760.0;17.0;17.0;116.0;4509.0;977.90;566.39;1.0;1.0;0;1.0;0;0;1.0;0;0;1.0;0;0;1.0;1.0;0;0;0;0;0
90901;2.08;0.99;16.0;1890.0;12.75;36.75;8.25;1.56;12.25;14.48;5.76;5.17;2.31;128760.0;17.0;17.0;116.0;4521.0;977.90;781.24;1.0;1.0;0;1.0;0;0;1.0;0;0;1.0;0;0;1.0;1.0;0;0;0;0;0
91408;2.53;0.99;16.0;1805.0;12.75;36.75;7.5;2.35;14.66;14.48;3.71;5.13;2.31;128760.0;16.0;16.0;116.0;4509.0;977.90;78.12;1.0;1.0;0;1.0;0;0;1.0;0;0;1.0;0;0;1.0;1.0;0;0;0;0;0
91998;2.66;1.00;16.0;1855.0;12.75;36.75;8.25;2.74;15.55;14.48;2.51;3.30;2.31;128760.0;17.0;17.0;116.0;4518.0;977.90;78.12;1.0;1.0;0;1.0;0;0;1.0;0;0;1.0;0;0;1.0;1.0;0;0;0;0;0
92570;2.71;1.02;17.0;1889.0;12.75;37.5;7.5;3.13;15.12;14.48;1.42;3.53;2.31;128760.0;17.0;17.0;115.0;4500.0;977.74;97.65;1.0;1.0;0;1.0;0;0;1.0;0;0;1.0;0;0;1.0;1.0;0;0;0;0;0
93091;2.68;1.04;17.0;1950.0;12.75;37.5;7.5;2.74;14.65;14.48;83.23;65.87;2.31;128760.0;17.0;17.0;115.0;4507.0;977.74;175.77;1.0;1.0;0;1.0;0;0;1.0;0;0;1.0;0;0;1.0;1.0;0;0;0;0;0
93615;2.53;1.04;17.0;1996.0;12.75;37.5;8.25;2.74;14.20;14.48;151.70;133.07;2.31;128760.0;18.0;18.0;115.0;4522.0;977.78;820.30;1.0;1.0;0;1.0;0;0;1.0;0;0;1.0;0;0;1.0;1.0;0;0;0;0;0
94126;2.38;1.03;17.0;1999.0;12.75;37.5;9.0;2.35;13.70;14.58;225.20;212.95;2.31;128760.0;18.0;18.0;115.0;4510.0;977.82;800.77;1.0;1.0;0;1.0;0;0;1.0;0;0;1.0;0;0;1.0;1.0;0;0;0;0;0
94716;2.35;1.01;17.0;1984.0;12.75;37.5;8.25;2.35;13.61;14.48;237.50;251.78;2.31;128760.0;18.0;18.0;115.0;4512.0;977.86;722.64;1.0;1.0;0;1.0;0;0;1.0;0;0;1.0;0;0;1.0;1.0;0;0;0;0;0
95222;2.29;1.01;17.0;1958.0;12.75;37.5;7.5;2.35;13.12;14.58;163.15;204.73;2.31;128760.0;18.0;18.0;115.0;4515.0;977.86;117.18;1.0;1.0;0;1.0;0;0;1.0;0;0;1.0;0;0;1.0;1.0;0;0;0;0;0
95755;2.40;1.02;17.0;1930.0;12.75;38.25;8.25;2.35;13.83;14.58;224.24;240.90;2.31;128760.0;17.0;17.0;114.0;4510.0;977.78;585.93;1.0;1.0;0;1.0;0;0;1.0;0;0;1.0;0;0;1.0;1.0;0;0;0;0;0
96252;3.21;1.03;18.0;2095.0;12.75;38.25;8.25;5.09;18.11;14.39;163.79;157.99;2.31;128760.0;18.0;19.0;114.0;4533.0;977.70;839.83;1.0;1.0;0;1.0;0;0;1.0;0;0;1.0;0;0;1.0;1.0;0;0;0;0;0
96803;3.04;1.01;20.0;2251.0;12.75;38.25;9.75;5.09;17.97;14.29;190.24;169.32;2.58;128760.0;20.0;20.0;114.0;4510.0;977.70;839.83;1.0;1.0;0;1.0;0;0;1.0;0;0;1.0;0;0;1.0;1.0;0;0;0;0;0
97393;2.83;0.98;21.0;2371.0;12.75;39.0;10.5;5.09;16.95;14.48;154.54;132.43;2.31;128760.0;21.0;21.0;113.0;4507.0;977.74;800.77;1.0;1.0;0;1.0;0;0;1.0;0;0;1.0;0;0;1.0;1.0;0;0;0;0;0
97970;2.68;0.96;22.0;2512.0;12.75;39.0;12.0;5.09;16.97;14.39;82.06;70.28;2.31;128760.0;22.0;23.0;113.0;4478.0;977.66;781.24;1.0;1.0;0;1.0;0;0;1.0;0;0;1.0;0;0;0;1.0;0;0;0;0;0
98517;2.52;0.93;23.0;2595.0;12.75;39.0;13.5;5.09;16.78;14.48;45.89;44.15;2.31;128760.0;23.0;24.0;113.0;4487.0;977.55;761.70;1.0;1.0;0;1.0;0;0;1.0;0;0;1.0;0;0;1.0;1.0;0;0;0;0;0
99103;2.38;0.90;23.0;2661.0;12.75;39.0;14.25;4.70;16.34;14.48;27.43;22.16;2.31;128760.0;24.0;24.0;113.0;4486.0;977.59;546.86;1.0;1.0;0;1.0;0;0;1.0;0;0;1.0;0;0;1.0;1.0;0;0;0;0;0
99626;1.85;0.99;23.0;1673.0;12.75;39.75;6.0;0;16.01;14.58;16.81;14.64;2.31;128760.0;24.0;24.0;125.0;4519.0;977.51;800.77;2.0;1.0;0;1.0;0;0;1.0;0;0;1.0;0;0;1.0;1.0;0;0;0;0;0
100146;3.29;1.00;25.0;2058.0;12.75;39.75;5.25;5.09;16.57;14.39;14.19;9.55;2.31;128760.0;24.0;25.0;112.0;4569.0;977.47;742.17;2.0;1.0;0;1.0;0;0;1.0;0;0;1.0;0;0;1.0;1.0;0;0;0;0;0
100655;3.13;0.98;26.0;2030.0;12.75;39.75;8.25;5.09;17.96;14.29;9.23;7.57;2.58;128760.0;26.0;26.0;112.0;4518.0;977.47;761.70;2.0;1.0;0;1.0;0;0;1.0;0;0;1.0;0;0;1.0;1.0;0;0;0;0;0
101153;1.64;1.00;26.0;1799.0;12.75;39.75;7.5;0;15.80;14.48;5.70;9.37;2.31;128760.0;27.0;26.0;124.0;4508.0;977.47;781.24;2.0;1.0;0;1.0;0;0;1.0;0;0;1.0;0;0;1.0;1.0;0;0;0;0;0
101647;1.84;0.98;27.0;2064.0;12.75;39.75;9.0;1.56;11.37;14.58;5.29;11.22;2.31;128760.0;27.0;26.0;112.0;4519.0;977.31;722.64;2.0;1.0;0;1.0;0;0;1.0;0;0;1.0;0;0;1.0;1.0;0;0;0;0;0
102153;1.98;0.97;25.0;1933.0;12.75;39.75;8.25;1.96;12.26;14.48;5.03;6.91;2.31;128760.0;23.0;25.0;112.0;4571.0;977.2;97.65;2.0;1.0;0;1.0;0;0;1.0;0;0;1.0;0;0;1.0;1.0;0;0;0;0;0
102652;2.04;0.98;26.0;1908.0;12.75;40.5;8.25;1.56;12.15;14.39;18.98;13.00;2.31;128760.0;26.0;26.0;111.0;4475.0;977.27;39.06;2.0;1.0;0;1.0;0;0;1.0;0;0;1.0;0;0;1.0;1.0;0;0;0;0;0
103217;2.04;0.98;25.0;1986.0;12.75;40.5;8.25;1.96;12.02;14.39;84.58;124.30;2.31;128760.0;25.0;25.0;111.0;4502.0;977.43;19.53;2.0;1.0;0;1.0;0;0;1.0;0;0;1.0;0;0;1.0;1.0;0;0;0;0;0
103715;1.54;1.00;25.0;1992.0;12.75;40.5;6.75;0;15.65;14.39;137.64;170.67;2.31;128760.0;25.0;25.0;122.0;4495.0;977.55;800.77;2.0;1.0;0;1.0;0;0;1.0;0;0;1.0;0;0;1.0;1.0;0;0;0;0;0
104270;1.58;1.00;23.0;1936.0;12.75;40.5;7.5;0;15.68;14.58;103.56;127.90;2.31;128760.0;24.0;24.0;118.0;4500.0;977.66;781.24;2.0;1.0;0;1.0;0;0;1.0;0;0;1.0;0;0;1.0;1.0;0;0;0;0;0
104768;1.63;1.00;23.0;1876.0;12.75;40.5;7.5;0;15.68;14.48;106.84;128.35;2.31;128760.0;24.0;24.0;121.0;4508.0;977.62;761.70;2.0;1.0;0;1.0;0;0;1.0;0;0;1.0;0;0;1.0;1.0;0;0;0;0;0
105345;1.76;1.00;23.0;1819.0;12.75;40.5;7.5;0;15.74;14.48;77.04;132.15;2.31;128760.0;23.0;23.0;122.0;4512.0;977.70;761.70;2.0;1.0;0;1.0;0;0;1.0;0;0;1.0;0;0;1.0;1.0;0;0;0;0;0
105845;1.74;0.99;22.0;1742.0;12.75;41.25;7.5;0;15.63;14.39;63.14;106.55;2.31;128760.0;22.0;22.0;115.0;4517.0;977.74;722.64;2.0;1.0;0;1.0;0;0;1.0;0;0;1.0;0;0;1.0;1.0;0;0;0;0;0
106366;1.79;0.98;22.0;1754.0;12.75;41.25;6.75;0;15.49;14.39;54.48;80.28;2.31;128760.0;22.0;22.0;116.0;4498.0;977.59;664.05;2.0;1.0;0;1.0;0;0;1.0;0;0;1.0;0;0;1.0;1.0;0;0;0;0;0
106900;1.80;0.97;20.0;1637.0;12.75;41.25;7.5;0;15.67;14.48;40.95;56.73;2.31;128760.0;21.0;21.0;119.0;4471.0;977.70;117.18;2.0;1.0;0;1.0;0;0;1.0;0;0;1.0;0;0;1.0;1.0;0;0;0;0;0
107400;2.02;0.99;17.0;1425.0;12.75;41.25;6.75;0;15.46;14.39;48.18;46.28;2.31;128760.0;18.0;18.0;119.0;4488.0;977.55;19.53;2.0;1.0;0;1.0;0;0;1.0;0;0;1.0;0;0;1.0;1.0;0;0;0;0;0
107897;1.92;1.01;16.0;1580.0;12.75;41.25;7.5;0;15.65;14.48;79.15;39.97;2.31;128760.0;16.0;16.0;119.0;4500.0;977.59;371.08;1.0;1.0;0;1.0;0;0;1.0;0;0;1.0;0;0;1.0;1.0;0;0;0;0;0
108400;1.95;1.00;12.0;1617.0;12.75;41.25;7.5;0;15.68;14.48;96.98;35.34;2.31;128760.0;12.0;12.0;119.0;4526.0;977.66;39.06;1.0;1.0;0;1.0;0;0;1.0;0;0;1.0;0;0;1.0;1.0;0;0;0;0;0
108898;2.02;1.02;7.0;1459.0;12.75;42.0;4.5;0;14.55;14.29;150.96;119.66;2.58;128760.0;7.0;7.0;114.0;4519.0;977.66;39.06;1.0;1.0;0;1.0;0;0;1.0;0;0;1.0;0;0;1.0;1.0;0;0;0;0;0
109393;2.03;1.03;0;1453.0;12.75;42.0;4.5;0;14.34;14.58;138.07;126.49;2.31;128760.0;0;0;109.0;4510.0;977.70;722.64;1.0;1.0;0;1.0;0;0;1.0;0;0;1.0;0;0;1.0;1.0;0;0;0;0;0
109892;2.0;1.01;0;1432.0;12.75;42.0;5.25;0;14.27;14.58;123.89;106.55;2.31;128760.0;0;0;105.0;4516.0;977.74;800.77;1.0;1.0;0;1.0;0;0;1.0;0;0;1.0;0;0;1.0;1.0;0;0;0;0;0
110392;1.96;1.00;0;1405.0;12.75;42.0;6.0;0;14.34;14.58;106.28;108.82;2.31;128760.0;0;0;101.0;4512.0;977.78;800.77;1.0;1.0;0;1.0;0;0;1.0;0;0;1.0;0;0;1.0;1.0;0;0;0;0;0
111018;1.92;0.98;0;1408.0;12.75;42.0;6.0;0;14.24;14.58;81.63;83.00;2.31;128760.0;0;0;101.0;4497.0;977.82;781.24;1.0;1.0;0;1.0;0;0;1.0;0;0;1.0;0;0;1.0;1.0;0;0;0;0;0
111518;1.90;0.96;0;1380.0;12.75;42.0;6.75;0;14.59;14.58;59.46;63.72;2.31;128760.0;0;0;100.0;4509.0;977.78;761.70;1.0;1.0;0;1.0;0;0;1.0;0;0;1.0;0;0;1.0;1.0;0;0;0;0;0
112012;1.80;0.94;0;1419.0;12.75;42.0;5.25;0;13.94;14.58;43.29;46.42;2.31;128760.0;0;0;99.0;4531.0;977.82;761.70;1.0;1.0;0;1.0;0;0;1.0;0;0;1.0;0;0;1.0;1.0;0;0;0;0;0
112546;2.01;0.93;0;1370.0;13.5;42.75;6.75;0;14.49;14.29;41.67;53.53;2.58;128760.0;0;0;98.0;4506.0;977.82;761.70;1.0;1.0;0;1.0;0;0;1.0;0;0;1.0;0;0;1.0;1.0;0;0;0;0;0
113049;1.92;0.91;0;1421.0;13.5;42.75;5.25;0;13.85;14.20;92.24;82.39;2.58;128760.0;0;0;98.0;4517.0;977.70;742.17;1.0;1.0;0;1.0;0;0;1.0;0;0;1.0;0;0;1.0;1.0;0;0;0;0;0
113547;2.39;0.89;0;1378.0;13.5;42.75;10.5;0.39;13.65;14.48;87.51;97.55;2.31;128760.0;0;0;107.0;4513.0;977.74;761.70;1.0;1.0;0;1.0;0;0;1.0;0;0;1.0;0;0;1.0;1.0;0;0;0;0;0
114043;1.44;1.00;0;1972.0;13.5;42.75;8.25;0;15.53;14.48;81.71;84.70;2.31;128760.0;0;0;115.0;4543.0;977.78;761.70;1.0;1.0;0;1.0;0;0;1.0;0;0;1.0;0;0;1.0;1.0;0;0;0;0;0
114552;1.96;0.98;0;1644.0;13.5;42.75;7.5;0;15.62;14.39;61.34;58.51;2.31;128760.0;0;0;118.0;4489.0;977.74;742.17;1.0;1.0;0;1.0;0;0;1.0;0;0;1.0;0;0;1.0;1.0;0;0;0;0;0
115050;2.04;0.97;0;1458.0;13.5;42.75;4.5;0;14.30;14.58;44.68;43.41;2.31;128760.0;0;0;109.0;4509.0;977.78;742.17;1.0;1.0;0;1.0;0;0;1.0;0;0;1.0;0;0;1.0;1.0;0;0;0;0;0
115547;1.96;0.95;0;1402.0;13.5;42.75;6.0;0;14.51;14.58;34.86;38.49;2.31;128760.0;0;0;105.0;4503.0;977.82;742.17;1.0;1.0;0;1.0;0;0;1.0;0;0;1.0;0;0;1.0;1.0;0;0;0;0;0
116098;1.85;0.93;0;1394.0;13.5;42.75;6.0;0;14.39;14.29;31.16;35.89;2.58;128760.0;0;0;103.0;4533.0;977.78;722.64;1.0;1.0;0;1.0;0;0;1.0;0;0;1.0;0;0;1.0;1.0;0;0;0;0;0
116599;1.76;0.91;0;1443.0;13.5;43.5;4.5;0;14.00;14.58;41.05;120.05;2.31;128760.0;0;0;102.0;4501.0;977.82;683.58;1.0;1.0;0;1.0;0;0;1.0;0;0;1.0;0;0;1.0;1.0;0;0;0;0;0
117102;1.81;0.90;0;1392.0;13.5;43.5;6.0;0;14.23;14.58;75.50;117.10;2.31;128760.0;0;0;100.0;4504.0;977.78;585.93;1.0;1.0;0;1.0;0;0;1.0;0;0;1.0;0;0;1.0;1.0;0;0;0;0;0
117600;1.74;0.90;0;1430.0;13.5;43.5;4.5;0;13.88;14.48;54.97;85.32;2.31;128760.0;0;0;100.0;4519.0;977.82;19.53;1.0;1.0;0;1.0;0;0;1.0;0;0;1.0;0;0;1.0;1.0;0;0;0;0;0
118095;1.88;0.91;0;1296.0;13.5;43.5;9.75;0;15.58;14.48;42.22;68.80;2.31;128760.0;0;0;102.0;4529.0;977.78;0;1.0;1.0;0;1.0;0;0;1.0;0;0;1.0;0;0;0;1.0;0;0;0;0;0
118709;1.85;0.93;0;1339.0;13.5;43.5;8.25;0;15.03;14.67;32.75;64.42;2.31;128760.0;0;0;101.0;4509.0;977.74;0;1.0;1.0;0;1.0;0;0;1.0;0;0;1.0;0;0;1.0;1.0;0;0;0;0;0
119299;1.88;0.95;0;1366.0;13.5;44.25;7.5;0;14.83;14.58;24.49;50.23;2.31;128760.0;0;0;102.0;4507.0;977.78;39.06;1.0;1.0;0;1.0;0;0;1.0;0;0;1.0;0;0;1.0;1.0;0;0;0;0;0
119855;1.95;0.97;0;1332.0;13.5;44.25;8.25;0;15.00;14.48;18.69;37.84;2.31;128760.0;0;0;100.0;4509.0;977.78;58.59;1.0;1.0;0;1.0;0;0;1.0;0;0;1.0;0;0;1.0;1.0;0;0;0;0;0
120445;1.96;0.99;0;1346.0;13.5;44.25;8.25;0;14.97;14.29;15.46;27.53;2.58;128760.0;0;0;101.0;4523.0;977.82;58.59;1.0;1.0;0;1.0;0;0;1.0;0;0;1.0;0;0;1.0;1.0;0;0;0;0;0
121036;1.92;1.01;0;1432.0;13.5;44.25;4.5;0;13.86;14.39;12.55;24.90;2.31;128760.0;0;0;100.0;4499.0;977.82;410.15;1.0;1.0;0;1.0;0;0;1.0;0;0;1.0;0;0;1.0;1.0;0;0;0;0;0
121540;1.96;1.01;0;1382.0;13.5;44.25;6.75;0;14.53;14.58;23.45;31.50;2.31;128760.0;0;0;100.0;4532.0;977.86;761.70;1.0;1.0;0;1.0;0;0;1.0;0;0;1.0;0;0;1.0;1.0;0;0;0;0;0
122052;2.01;1.00;0;1389.0;13.5;44.25;6.75;0;14.49;14.48;67.94;38.84;2.31;128760.0;0;0;100.0;4505.0;977.86;820.30;1.0;1.0;0;1.0;0;0;1.0;0;0;1.0;0;0;1.0;1.0;0;0;0;0;0
122652;6.51;0.98;0;1405.0;13.5;44.25;8.25;5.09;16.14;14.39;76.20;89.48;2.31;128760.0;0;0;111.0;4576.0;977.90;859.36;1.0;1.0;0;1.0;0;0;1.0;0;0;1.0;0;0;1.0;1.0;0;0;0;0;0
123190;3.95;0.99;0;1912.0;13.5;45.0;9.75;7.05;24.83;14.39;118.03;151.43;2.31;128760.0;0;0;106.0;4560.0;977.90;800.77;1.0;1.0;0;1.0;0;0;1.0;0;0;1.0;0;0;1.0;1.0;0;0;0;0;0
123684;3.83;0.97;8.0;1826.0;13.5;45.0;8.25;7.05;25.51;14.48;150.98;203.01;2.31;128760.0;9.0;9.0;106.0;4536.0;977.90;800.77;1.0;1.0;0;1.0;0;0;1.0;0;0;1.0;0;0;1.0;1.0;0;0;0;0;0
124239;0.61;1.00;12.0;2041.0;13.5;45.0;7.5;0;15.49;14.48;193.77;198.03;2.31;128760.0;12.0;12.0;116.0;4482.0;977.90;800.77;1.0;1.0;0;1.0;0;0;1.0;0;0;1.0;0;0;1.0;1.0;0;0;0;0;0
124835;3.23;0.99;13.0;1753.0;13.5;45.0;8.25;4.31;16.48;14.48;212.27;159.16;2.31;128760.0;14.0;14.0;106.0;4526.0;977.90;820.30;1.0;1.0;0;1.0;0;0;1.0;0;0;1.0;0;0;1.0;1.0;0;0;0;0;0
125335;3.64;0.99;18.0;2128.0;13.5;45.0;9.75;7.84;22.72;14.48;178.19;217.27;2.31;128760.0;18.0;19.0;106.0;4520.0;977.90;800.77;1.0;1.0;0;1.0;0;0;1.0;0;0;1.0;0;0;1.0;1.0;0;0;0;0;0
125876;4.10;1.00;22.0;2565.0;13.5;45.0;12.75;11.76;26.10;14.48;214.26;167.37;2.31;128760.0;22.0;23.0;106.0;4394.0;977.82;761.70;1.0;1.0;0;1.0;0;0;1.0;0;0;1.0;0;0;1.0;1.0;0;0;0;0;0
126466;4.36;0.98;28.0;3196.0;13.5;45.0;17.25;16.08;29.20;14.48;262.15;245.78;2.31;128760.0;28.0;29.0;106.0;4470.0;977.82;742.17;1.0;1.0;0;1.0;0;0;1.0;0;0;0;0;0;1.0;1.0;0;0;0;0;0
126965;2.22;1.00;32.0;2824.0;13.5;45.0;20.25;5.49;11.00;14.39;296.93;309.94;2.31;128760.0;32.0;32.0;106.0;4603.0;977.86;781.24;2.0;1.0;0;1.0;0;0;1.0;0;0;1.0;0;0;1.0;1.0;0;0;0;0;0
127459;6.63;1.00;35.0;2799.0;13.5;45.75;12.0;23.92;34.83;14.58;305.99;331.03;2.31;128760.0;33.0;36.0;105.0;4415.0;977.86;703.11;2.0;1.0;0;1.0;0;0;1.0;0;0;1.0;0;0;1.0;1.0;0;0;0;0;0
128016;5.31;1.01;40.0;3159.0;13.5;45.75;15.0;23.92;36.31;14.48;171.66;186.37;2.31;128760.0;38.0;40.0;105.0;4521.0;977.82;351.55;2.0;1.0;0;1.0;0;0;1.0;0;0;1.0;0;0;1.0;1.0;0;0;0;0;0
128594;4.27;0.96;42.0;3374.0;13.5;45.75;18.0;18.04;30.69;14.48;92.14;96.45;2.31;128760.0;42.0;43.0;105.0;4525.0;977.82;722.64;2.0;1.0;0;1.0;0;0;1.0;0;0;1.0;0;0;1.0;1.0;0;0;0;0;0
129115;4.17;0.95;45.0;3533.0;13.5;45.75;20.25;18.04;30.50;14.58;39.58;39.29;2.31;128760.0;44.0;45.0;105.0;4511.0;977.74;742.17;2.0;1.0;0;1.0;0;0;1.0;0;0;1.0;0;0;1.0;1.0;0;0;0;0;0
129645;4.60;0.94;47.0;3699.0;13.5;45.75;21.75;20.78;33.71;14.48;17.85;20.17;2.31;128760.0;46.0;48.0;105.0;4544.0;977.70;312.49;2.0;1.0;0;1.0;0;0;1.0;0;0;1.0;0;0;1.0;1.0;0;0;0;0;0
130153;5.04;0.96;50.0;3936.0;13.5;45.75;23.25;23.13;36.66;14.29;6.46;7.30;2.58;128760.0;49.0;51.0;105.0;4575.0;977.62;781.24;2.0;1.0;0;1.0;0;0;1.0;0;0;1.0;0;0;1.0;1.0;0;0;0;0;0
130652;3.98;1.00;50.0;3111.0;13.5;46.5;18.0;10.98;25.06;14.48;4.43;3.20;2.31;128760.0;50.0;50.0;105.0;4426.0;977.62;800.77;3.0;1.0;0;1.0;0;0;1.0;0;0;1.0;0;0;1.0;1.0;0;0;0;0;0
131156;3.83;0.96;51.0;3154.0;13.5;46.5;18.75;13.72;27.63;14.58;4.04;1.50;2.31;128760.0;50.0;51.0;105.0;4467.0;977.51;761.70;3.0;1.0;0;1.0;0;0;1.0;0;0;1.0;0;0;1.0;1.0;0;0;0;0;0
131655;3.39;0.91;52.0;3203.0;13.5;46.5;18.75;11.76;25.60;14.48;1.93;2.28;2.31;128760.0;51.0;52.0;105.0;4512.0;977.35;722.64;3.0;1.0;0;1.0;0;0;1.0;0;0;1.0;0;0;1.0;1.0;0;0;0;0;0
132154;3.31;0.86;53.0;3252.0;13.5;46.5;19.5;12.55;26.10;14.39;0.82;4.19;2.31;128760.0;51.0;53.0;105.0;4519.0;977.23;703.11;3.0;1.0;0;1.0;0;0;1.0;0;0;1.0;0;0;1.0;1.0;0;0;0;0;0
132657;4.08;0.99;53.0;3311.0;13.5;46.5;19.5;15.68;28.66;14.39;0.29;1.91;2.31;128760.0;52.0;54.0;105.0;4520.0;977.08;683.58;3.0;1.0;0;1.0;0;0;1.0;0;0;1.0;0;0;1.0;1.0;0;0;0;0;0
133155;3.81;0.97;55.0;3354.0;13.5;47.25;20.25;14.51;27.64;14.48;0.03;0.82;2.31;128760.0;53.0;55.0;104.0;4519.0;977.00;761.70;3.0;1.0;0;1.0;0;0;1.0;0;0;1.0;0;0;1.0;1.0;0;0;0;0;0
133650;3.38;0.97;55.0;3382.0;13.5;47.25;22.5;10.58;24.59;14.48;1.56;0.29;2.31;128760.0;54.0;55.0;104.0;4509.0;976.92;761.70;3.0;1.0;0;1.0;0;0;1.0;0;0;1.0;0;0;1.0;1.0;0;0;0;0;0
134172;3.2;0.92;55.0;3407.0;13.5;47.25;22.5;10.58;24.27;14.48;0.64;1.23;2.31;128760.0;54.0;55.0;104.0;4513.0;976.84;742.17;3.0;1.0;0;1.0;0;0;1.0;0;0;1.0;0;0;1.0;1.0;0;0;0;0;0
134705;3.42;0.86;55.0;3400.0;13.5;47.25;22.5;12.15;26.03;14.39;0.21;0.48;2.31;128760.0;53.0;56.0;104.0;4508.0;976.80;312.49;3.0;1.0;0;1.0;0;0;1.0;0;0;1.0;0;0;1.0;1.0;0;0;0;0;0
135214;3.52;0.90;56.0;3409.0;13.5;47.25;21.0;14.11;27.25;14.48;0;1.50;2.31;128760.0;54.0;56.0;104.0;4517.0;976.80;0;3.0;1.0;0;1.0;0;0;1.0;0;0;1.0;0;0;1.0;1.0;0;0;0;0;0
135716;3.27;0.95;55.0;3377.0;13.5;48.0;23.25;10.98;24.69;14.58;0;0.62;2.31;128760.0;54.0;55.0;103.0;4508.0;976.77;761.70;3.0;1.0;0;1.0;0;0;1.0;0;0;1.0;0;0;1.0;1.0;0;0;0;0;0
136208;3.03;0.89;55.0;3365.0;13.5;48.0;23.25;10.19;24.01;14.48;96.16;45.75;2.31;128760.0;53.0;55.0;103.0;4528.0;976.77;761.70;3.0;1.0;0;1.0;0;0;1.0;0;0;1.0;0;0;1.0;1.0;0;0;0;0;0
136709;2.93;0.86;53.0;3287.0;13.5;48.0;23.25;10.19;23.96;14.48;134.87;98.56;2.31;128760.0;53.0;54.0;103.0;4516.0;976.77;273.43;3.0;1.0;0;1.0;0;0;1.0;0;0;1.0;0;0;1.0;1.0;0;0;0;0;0
137212;3.08;0.90;53.0;3262.0;13.5;48.0;21.75;10.19;23.86;14.48;152.82;95.07;2.31;128760.0;52.0;53.0;103.0;4514.0;976.65;742.17;3.0;1.0;0;1.0;0;0;1.0;0;0;1.0;0;0;1.0;1.0;0;0;0;0;0
137719;4.05;1.00;52.0;3225.0;13.5;48.0;20.25;12.55;26.46;14.48;203.91;136.74;2.31;128760.0;52.0;53.0;103.0;4495.0;976.53;761.70;3.0;1.0;0;1.0;0;0;1.0;0;0;1.0;0;0;1.0;1.0;0;0;0;0;0
138263;4.05;0.99;53.0;3283.0;13.5;48.75;20.25;15.68;28.96;14.58;280.15;267.01;2.31;128760.0;52.0;54.0;102.0;4521.0;976.30;58.59;3.0;1.0;0;1.0;0;0;1.0;0;0;1.0;0;0;0;1.0;0;0;0;0;0
138768;4.27;1.05;53.0;3294.0;13.5;48.75;20.25;15.68;28.84;14.48;322.69;312.90;2.31;128760.0;52.0;54.0;102.0;4507.0;976.06;781.24;3.0;1.0;0;1.0;0;0;1.0;0;0;1.0;0;0;1.0;1.0;0;0;0;0;0
139358;3.93;1.01;55.0;3339.0;13.5;48.75;21.0;14.11;27.45;14.48;337.69;315.29;2.31;128760.0;53.0;55.0;102.0;4519.0;975.91;800.77;3.0;1.0;0;1.0;0;0;1.0;0;0;1.0;0;0;1.0;1.0;0;0;0;0;0
139940;2.77;1.00;55.0;3364.0;13.5;49.5;24.0;10.19;23.77;14.48;239.88;279.16;2.31;128760.0;54.0;55.0;101.0;4514.0;975.75;820.30;3.0;1.0;0;1.0;0;0;1.0;0;0;1.0;0;0;1.0;1.0;0;0;0;0;0
140445;3.08;0.94;55.0;3345.0;13.5;49.5;24.0;9.80;23.38;14.48;103.17;118.09;2.31;128760.0;54.0;55.0;101.0;4518.0;975.67;781.24;3.0;1.0;0;1.0;0;0;1.0;0;0;1.0;0;0;1.0;1.0;0;0;0;0;0
140999;3.20;0.89;53.0;3323.0;13.5;49.5;22.5;11.37;25.39;14.48;49.25;60.52;2.31;128760.0;54.0;54.0;101.0;4510.0;975.59;585.93;3.0;1.0;0;1.0;0;0;1.0;0;0;1.0;0;0;1.0;1.0;0;0;0;0;0
141490;3.84;0.98;55.0;3365.0;13.5;49.5;21.75;14.51;27.77;14.48;23.45;28.88;2.31;128760.0;54.0;55.0;101.0;4506.0;975.55;605.46;3.0;1.0;0;1.0;0;0;1.0;0;0;1.0;0;0;1.0;1.0;0;0;0;0;0
141993;3.84;0.98;55.0;3409.0;13.5;49.5;22.5;14.51;27.77;14.58;11.11;13.71;2.31;128760.0;55.0;56.0;101.0;4508.0;975.55;722.64;3.0;1.0;0;1.0;0;0;1.0;0;0;1.0;0;0;1.0;1.0;0;0;0;0;0
142531;3.82;0.99;56.0;3462.0;13.5;50.25;23.25;13.72;27.85;14.48;6.48;6.46;2.31;128760.0;55.0;56.0;100.0;4525.0;975.52;800.77;3.0;1.0;0;1.0;0;0;1.0;0;0;1.0;0;0;1.0;1.0;0;0;0;0;0
143051;3.31;0.95;56.0;3449.0;13.5;50.25;24.75;10.98;24.95;14.48;3.00;3.00;2.31;128760.0;55.0;56.0;100.0;4507.0;975.52;761.70;3.0;1.0;0;1.0;0;0;1.0;0;0;1.0;0;0;1.0;1.0;0;0;0;0;0
143584;4.08;0.98;56.0;3477.0;13.5;50.25;22.5;16.08;29.20;14.58;1.11;1.05;2.31;128760.0;56.0;57.0;100.0;4501.0;975.44;585.93;3.0;1.0;0;1.0;0;0;1.0;0;0;1.0;0;0;1.0;1.0;0;0;0;0;0
144084;4.43;1.00;57.0;3549.0;12.75;50.25;21.75;18.43;31.25;14.48;3.74;0.39;2.31;128760.0;57.0;58.0;100.0;4522.0;975.44;703.11;3.0;1.0;0;1.0;0;0;1.0;0;0;1.0;0;0;1.0;1.0;0;0;0;0;0
144641;4.42;1.01;58.0;3619.0;12.75;50.25;23.25;18.43;31.35;14.48;1.60;0.07;2.31;128760.0;58.0;59.0;100.0;4524.0;975.44;800.77;3.0;1.0;0;1.0;0;0;1.0;0;0;1.0;0;0;1.0;1.0;0;0;0;0;0
145235;4.88;0.95;60.0;3665.0;12.75;51.0;23.25;18.43;31.57;14.29;0.50;0;2.58;128760.0;58.0;60.0;100.0;4506.0;975.44;781.24;3.0;1.0;0;1.0;0;0;1.0;0;0;1.0;0;0;1.0;1.0;0;0;0;0;0
145777;5.01;0.95;61.0;3777.0;12.75;51.0;21.75;23.13;36.36;14.48;2.14;0;2.31;128760.0;60.0;62.0;100.0;4556.0;975.36;761.70;3.0;1.0;0;1.0;0;0;1.0;0;0;1.0;0;0;1.0;1.0;0;0;0;0;0
146328;5.04;0.91;62.0;3888.0;12.75;51.0;21.75;24.70;38.68;14.48;2.59;0.95;2.31;128760.0;61.0;63.0;100.0;4561.0;975.09;664.05;3.0;1.0;0;1.0;0;0;1.0;0;0;0;0;0;1.0;1.0;0;0;0;0;0
146916;4.05;1.00;62.0;3355.0;12.75;51.0;21.0;15.29;26.48;14.48;2.55;0.33;2.31;128760.0;62.0;63.0;100.0;4443.0;974.85;781.24;4.0;1.0;0;1.0;0;0;1.0;0;0;0;0;0;1.0;1.0;0;0;0;0;0
147418;4.85;1.00;63.0;3271.0;12.75;51.0;17.25;21.96;32.02;14.48;2.12;0.01;2.31;128760.0;62.0;63.0;100.0;4489.0;974.62;312.49;4.0;1.0;0;1.0;0;0;1.0;0;0;0;0;0;1.0;1.0;0;0;0;0;0
147913;4.81;1.05;63.0;3314.0;12.75;51.75;18.75;21.17;31.83;14.48;48.39;27.12;2.31;128760.0;63.0;64.0;99.0;4517.0;974.50;781.24;4.0;1.0;0;1.0;0;0;1.0;0;0;0;0;0;1.0;1.0;0;0;0;0;0
148468;4.4;1.02;65.0;3361.0;12.75;51.75;20.25;18.82;30.34;14.48;91.94;93.72;2.31;128760.0;63.0;65.0;99.0;4515.0;974.42;800.77;4.0;1.0;0;1.0;0;0;1.0;0;0;0;0;0;1.0;1.0;0;0;0;0;0
149050;4.02;0.95;65.0;3369.0;12.75;51.75;20.25;18.04;29.39;14.58;120.16;86.63;2.31;128760.0;64.0;65.0;99.0;4512.0;974.34;742.17;4.0;1.0;0;1.0;0;0;1.0;0;0;0;0;0;1.0;1.0;0;0;0;0;0
149607;3.68;0.90;65.0;3366.0;12.75;51.75;21.0;17.25;29.04;14.48;219.57;234.55;2.31;128760.0;64.0;65.0;99.0;4527.0;974.30;585.93;4.0;1.0;0;1.0;0;0;1.0;0;0;0;0;0;1.0;1.0;0;0;0;0;0
150199;3.55;0.93;65.0;3361.0;12.75;52.5;21.75;15.29;26.99;14.58;281.75;291.60;2.31;128760.0;64.0;65.0;98.0;4498.0;974.30;624.99;4.0;1.0;0;1.0;0;0;1.0;0;0;0;0;0;1.0;1.0;0;0;0;0;0
150698;3.4;0.91;65.0;3360.0;12.75;52.5;22.5;14.51;26.32;14.58;321.79;330.21;2.31;128760.0;63.0;65.0;98.0;4509.0;974.15;664.05;4.0;1.0;0;1.0;0;0;1.0;0;0;0;0;0;1.0;1.0;0;0;0;0;0
151195;3.42;0.92;63.0;3359.0;12.75;52.5;22.5;14.51;26.27;14.39;320.15;324.74;2.31;128760.0;63.0;64.0;98.0;4508.0;974.07;507.80;4.0;1.0;0;1.0;0;0;1.0;0;0;0;0;0;1.0;1.0;0;0;0;0;0
151754;3.48;0.94;63.0;3323.0;12.75;52.5;22.5;14.51;26.60;14.48;314.55;343.63;2.31;128760.0;63.0;64.0;98.0;4506.0;973.91;683.58;4.0;1.0;0;1.0;0;0;1.0;0;0;0;0;0;1.0;1.0;0;0;0;0;0
152286;3.55;0.96;63.0;3328.0;12.75;52.5;22.5;14.51;26.50;14.58;341.15;345.30;2.31;128760.0;63.0;64.0;98.0;4511.0;973.60;644.52;4.0;1.0;0;1.0;0;0;1.0;0;0;0;0;0;1.0;1.0;0;0;0;0;0
152828;3.43;0.93;63.0;3299.0;12.75;53.25;23.25;14.11;26.45;14.48;193.05;193.05;2.31;128760.0;62.0;64.0;97.0;4514.0;973.44;742.17;4.0;1.0;0;1.0;0;0;1.0;0;0;0;0;0;1.0;1.0;0;0;0;0;0
153329;3.41;0.93;63.0;3279.0;12.75;53.25;21.75;13.72;25.94;14.58;83.02;83.02;2.31;128760.0;62.0;63.0;97.0;4508.0;973.29;605.46;4.0;1.0;0;1.0;0;0;1.0;0;0;0;0;0;1.0;1.0;0;0;0;0;0
153850;3.36;0.93;62.0;3287.0;12.75;54.0;21.75;13.72;25.78;14.48;39.64;43.78;2.31;128760.0;62.0;63.0;97.0;4519.0;973.21;605.46;4.0;1.0;0;1.0;0;0;1.0;0;0;0;0;0;1.0;1.0;0;0;0;0;0
154438;3.30;0.93;62.0;3246.0;12.75;54.0;23.25;12.94;25.69;14.48;18.86;21.95;2.31;128760.0;61.0;62.0;96.0;4505.0;973.13;722.64;4.0;1.0;0;1.0;0;0;1.0;0;0;0;0;0;1.0;1.0;0;0;0;0;0
154935;3.18;0.90;62.0;3242.0;12.75;54.0;23.25;12.94;25.68;14.48;9.39;9.37;2.31;128760.0;61.0;62.0;96.0;4513.0;973.09;136.71;4.0;1.0;0;1.0;0;0;1.0;0;0;0;0;0;1.0;1.0;0;0;0;0;0
155440;3.36;0.95;61.0;3177.0;12.75;54.0;23.25;12.94;25.72;14.58;4.66;7.89;2.31;128760.0;61.0;61.0;96.0;4501.0;973.09;742.17;4.0;1.0;0;1.0;0;0;1.0;0;0;0;0;0;1.0;1.0;0;0;0;0;0
155938;3.16;0.90;61.0;3153.0;12.75;54.0;22.5;12.55;25.44;14.48;2.26;5.76;2.31;128760.0;60.0;61.0;96.0;4508.0;973.05;605.46;4.0;1.0;0;1.0;0;0;1.0;0;0;0;0;0;1.0;1.0;0;0;0;0;0
156436;3.00;0.89;60.0;3130.0;12.75;54.75;22.5;11.37;24.39;14.58;1.05;2.81;2.31;128760.0;59.0;60.0;95.0;4510.0;972.98;605.46;4.0;1.0;0;1.0;0;0;1.0;0;0;0;0;0;1.0;1.0;0;0;0;0;0
156943;3.06;0.91;58.0;3084.0;12.75;54.75;22.5;11.37;24.52;14.58;60.52;114.28;2.31;128760.0;58.0;59.0;95.0;4499.0;972.86;683.58;4.0;1.0;0;1.0;0;0;1.0;0;0;0;0;0;1.0;1.0;0;0;0;0;0
157476;3.05;0.89;57.0;3052.0;12.75;54.75;22.5;11.76;24.71;14.58;156.63;219.02;2.31;128760.0;58.0;58.0;95.0;4499.0;972.62;58.59;4.0;1.0;0;1.0;0;0;1.0;0;0;0;0;0;1.0;1.0;0;0;0;0;0
158100;3.94;1.01;58.0;3041.0;12.75;55.5;20.25;15.68;27.86;14.48;194.24;238.55;2.31;128760.0;57.0;58.0;95.0;4504.0;972.43;507.80;4.0;1.0;0;1.0;0;0;1.0;0;0;0;0;0;1.0;1.0;0;0;0;0;0
158605;3.96;1.01;58.0;3068.0;12.75;55.5;21.0;15.68;28.02;14.58;241.64;281.44;2.31;128760.0;58.0;59.0;94.0;4508.0;972.23;781.24;4.0;1.0;0;1.0;0;0;1.0;0;0;0;0;0;1.0;1.0;0;0;0;0;0
159113;3.75;0.96;58.0;3087.0;12.75;55.5;21.0;16.08;28.21;14.39;230.78;277.26;2.31;128760.0;57.0;59.0;94.0;4534.0;972.12;527.33;4.0;1.0;0;1.0;0;0;1.0;0;0;0;0;0;1.0;1.0;0;0;0;0;0
159650;3.83;0.98;58.0;3062.0;12.75;55.5;21.0;16.08;28.18;14.48;229.69;206.95;2.31;128760.0;59.0;59.0;94.0;4518.0;972.00;742.17;4.0;1.0;0;1.0;0;0;1.0;0;0;0;0;0;1.0;1.0;0;0;0;0;0
160149;3.79;0.97;58.0;3077.0;12.75;55.5;21.0;16.08;28.29;14.48;234.37;228.91;2.31;128760.0;58.0;59.0;94.0;4508.0;971.92;644.52;4.0;1.0;0;1.0;0;0;1.0;0;0;0;0;0;1.0;1.0;0;0;0;0;0
160655;3.76;0.97;58.0;3084.0;12.75;55.5;21.0;16.08;28.04;14.29;189.55;186.78;2.58;128760.0;58.0;59.0;94.0;4532.0;971.88;742.17;4.0;1.0;0;1.0;0;0;1.0;0;0;0;0;0;1.0;1.0;0;0;0;0;0
161153;3.60;0.93;60.0;3109.0;12.75;56.25;21.0;15.68;27.95;14.48;258.03;256.64;2.31;128760.0;58.0;60.0;94.0;4512.0;971.84;78.12;4.0;1.0;0;1.0;0;0;1.0;0;0;0;0;0;1.0;1.0;0;0;0;0;0
161645;0;1.00;58.0;3471.0;12.75;56.25;40.5;0;11.48;14.48;307.77;306.89;2.31;128760.0;59.0;59.0;94.0;4679.0;971.80;722.64;4.0;1.0;0;1.0;0;0;1.0;0;0;1.0;0;0;1.0;1.0;0;0;0;0;0
162160;2.52;1.00;56.0;3806.0;12.75;56.25;32.25;6.66;17.85;14.39;334.86;333.55;2.31;128760.0;56.0;56.0;94.0;4178.0;971.80;859.36;3.0;1.0;0;1.0;0;0;1.0;0;0;1.0;0;0;1.0;1.0;0;0;0;0;0
162702;3.12;0.95;56.0;3440.0;12.75;56.25;28.5;9.41;23.14;14.48;343.06;342.90;2.31;128760.0;56.0;56.0;94.0;4272.0;971.80;859.36;3.0;1.0;0;1.0;0;0;1.0;0;0;1.0;0;0;1.0;1.0;0;0;0;0;0
163190;2.97;0.89;56.0;3467.0;12.75;57.0;29.25;10.58;24.57;14.29;229.57;226.50;2.58;128760.0;56.0;56.0;93.0;4411.0;971.77;800.77;3.0;1.0;0;1.0;0;0;1.0;0;0;1.0;0;0;1.0;1.0;0;0;0;0;0
163692;2.76;0.83;56.0;3463.0;12.75;57.0;28.5;10.58;24.60;14.48;109.73;113.11;2.31;128760.0;55.0;57.0;93.0;4489.0;971.65;488.27;3.0;1.0;0;1.0;0;0;1.0;0;0;1.0;0;0;1.0;1.0;0;0;0;0;0
164219;2.52;0.86;56.0;3466.0;12.75;57.0;30.75;8.23;22.51;14.48;61.38;51.24;2.31;128760.0;55.0;56.0;93.0;4516.0;971.45;761.70;3.0;1.0;0;1.0;0;0;1.0;0;0;1.0;0;0;1.0;1.0;0;0;0;0;0
164718;2.61;0.83;56.0;3436.0;12.75;57.0;28.5;9.41;23.35;14.48;25.44;22.59;2.31;128760.0;54.0;56.0;93.0;4502.0;971.34;78.12;3.0;1.0;0;1.0;0;0;1.0;0;0;1.0;0;0;1.0;1.0;0;0;0;0;0
165240;2.72;0.89;56.0;3423.0;12.75;57.0;28.5;9.80;24.10;14.48;12.71;10.72;2.31;128760.0;54.0;56.0;93.0;4511.0;971.10;332.02;3.0;1.0;0;1.0;0;0;1.0;0;0;1.0;0;0;1.0;1.0;0;0;0;0;0
165778;2.34;0.90;55.0;3369.0;12.75;57.0;30.75;7.05;20.92;14.48;7.16;4.76;2.31;128760.0;53.0;55.0;93.0;4524.0;971.02;761.70;3.0;1.0;0;1.0;0;0;1.0;0;0;1.0;0;0;1.0;1.0;0;0;0;0;0
166277;2.12;0.85;53.0;3258.0;12.75;57.75;30.75;5.88;18.68;14.58;4.68;4.19;2.31;128760.0;52.0;54.0;92.0;4521.0;970.91;97.65;3.0;1.0;0;1.0;0;0;1.0;0;0;1.0;0;0;1.0;1.0;0;0;0;0;0
166872;2.37;0.88;52.0;3170.0;12.75;57.75;28.5;6.66;19.92;14.48;3.51;1.91;2.31;128760.0;51.0;52.0;92.0;4503.0;970.79;800.77;3.0;1.0;0;1.0;0;0;1.0;0;0;1.0;0;0;1.0;1.0;0;0;0;0;0
167370;2.64;0.88;51.0;3125.0;12.75;57.75;27.0;8.23;22.18;14.39;3.32;1.79;2.31;128760.0;49.0;51.0;92.0;4500.0;970.71;781.24;3.0;1.0;0;1.0;0;0;1.0;0;0;1.0;0;0;1.0;1.0;0;0;0;0;0
167868;2.52;0.83;51.0;3107.0;12.75;57.75;26.25;8.23;22.45;14.48;1.60;2.44;2.31;128760.0;50.0;51.0;92.0;4502.0;970.67;800.77;3.0;1.0;0;1.0;0;0;1.0;0;0;1.0;0;0;1.0;1.0;0;0;0;0;0
168368;2.80;0.81;51.0;3130.0;12.75;58.5;24.75;10.58;25.31;14.48;20.44;18.98;2.31;128760.0;49.0;51.0;91.0;4506.0;970.59;19.53;3.0;1.0;0;1.0;0;0;1.0;0;0;1.0;0;0;1.0;1.0;0;0;0;0;0
168868;2.87;0.86;51.0;3110.0;12.75;58.5;24.75;10.19;24.84;14.58;125.12;147.11;2.31;128760.0;49.0;51.0;91.0;4514.0;970.59;19.53;3.0;1.0;0;1.0;0;0;1.0;0;0;1.0;0;0;1.0;1.0;0;0;0;0;0
169370;2.98;0.91;51.0;3125.0;12.75;58.5;25.5;9.80;24.58;14.58;188.44;203.79;2.31;128760.0;50.0;51.0;91.0;4512.0;970.55;234.37;3.0;1.0;0;1.0;0;0;1.0;0;0;1.0;0;0;1.0;1.0;0;0;0;0;0
169932;2.59;0.99;51.0;3139.0;12.75;58.5;28.5;6.66;20.35;14.48;229.51;235.16;2.31;128760.0;50.0;51.0;91.0;4533.0;970.55;859.36;3.0;1.0;0;1.0;0;0;1.0;0;0;1.0;0;0;1.0;1.0;0;0;0;0;0
170523;1.88;0.95;50.0;3022.0;12.75;58.5;27.75;3.92;14.94;14.48;239.59;209.65;2.31;128761.0;48.0;50.0;91.0;4551.0;970.40;839.83;3.0;1.0;0;1.0;0;0;1.0;0;0;1.0;0;0;1.0;1.0;0;0;0;0;0
171057;1.61;0.93;47.0;2894.0;12.75;58.5;26.25;3.13;12.86;14.48;185.00;240.19;2.31;128761.0;46.0;47.0;91.0;4554.0;970.28;859.36;3.0;1.0;0;1.0;0;0;1.0;0;0;1.0;0;0;1.0;1.0;0;0;0;0;0
171579;1.52;0.91;45.0;2797.0;12.75;58.5;24.75;2.35;12.20;14.48;226.21;201.21;2.31;128761.0;45.0;45.0;91.0;4527.0;970.28;839.83;3.0;1.0;0;1.0;0;0;1.0;0;0;1.0;0;0;1.0;1.0;0;0;0;0;0
172117;1.64;0.89;43.0;2645.0;12.75;59.25;22.5;2.74;13.19;14.48;194.73;150.18;2.31;128761.0;43.0;43.0;90.0;4512.0;970.24;566.39;3.0;1.0;0;1.0;0;0;1.0;0;0;1.0;0;0;1.0;1.0;0;0;0;0;0
172617;1.88;0.90;41.0;2598.0;12.75;59.25;21.75;3.52;15.22;14.48;219.34;164.91;2.31;128761.0;42.0;42.0;90.0;4535.0;970.09;0;3.0;1.0;0;1.0;0;0;1.0;0;0;1.0;0;0;1.0;1.0;0;0;0;0;0
173116;2.38;0.92;41.0;2510.0;12.75;59.25;21.0;5.09;18.89;14.48;248.94;253.10;2.31;128761.0;41.0;41.0;90.0;4533.0;969.93;19.53;3.0;1.0;0;1.0;0;0;1.0;0;0;1.0;0;0;1.0;1.0;0;0;0;0;0
173615;3.02;0.95;40.0;2506.0;12.75;59.25;19.5;7.45;22.36;14.48;268.12;277.34;2.31;128761.0;40.0;41.0;90.0;4503.0;969.73;605.46;3.0;1.0;0;1.0;0;0;1.0;0;0;1.0;0;0;1.0;1.0;0;0;0;0;0
174113;3.25;0.94;41.0;2558.0;12.75;59.25;19.5;9.80;25.14;14.48;283.49;324.39;2.31;128761.0;41.0;41.0;90.0;4462.0;969.69;820.30;3.0;1.0;0;1.0;0;0;1.0;0;0;1.0;0;0;1.0;1.0;0;0;0;0;0
174619;3.09;0.91;42.0;2618.0;12.75;60.0;21.0;9.80;25.16;14.48;303.47;297.67;2.31;128761.0;42.0;43.0;89.0;4481.0;969.62;585.93;3.0;1.0;0;1.0;0;0;1.0;0;0;1.0;0;0;1.0;1.0;0;0;0;0;0
175120;3.07;0.92;43.0;2697.0;12.75;60.0;22.5;9.80;25.05;14.58;169.93;166.72;2.31;128761.0;43.0;44.0;89.0;4484.0;969.54;58.59;3.0;1.0;0;1.0;0;0;1.0;0;0;1.0;0;0;1.0;1.0;0;0;0;0;0
175675;3.14;0.95;45.0;2752.0;12.75;60.0;23.25;9.80;24.90;14.48;107.25;93.33;2.31;128761.0;44.0;45.0;89.0;4512.0;969.46;742.17;3.0;1.0;0;1.0;0;0;1.0;0;0;1.0;0;0;1.0;1.0;0;0;0;0;0
176169;2.92;0.90;46.0;2833.0;12.75;60.0;24.75;9.41;24.59;14.48;56.91;49.50;2.31;128761.0;45.0;46.0;89.0;4512.0;969.42;624.99;3.0;1.0;0;1.0;0;0;1.0;0;0;1.0;0;0;1.0;1.0;0;0;0;0;0
176725;2.78;0.88;47.0;2889.0;12.75;60.0;25.5;9.02;23.98;14.39;30.17;27.67;2.31;128761.0;46.0;47.0;89.0;4490.0;969.38;214.84;3.0;1.0;0;1.0;0;0;1.0;0;0;1.0;0;0;1.0;1.0;0;0;0;0;0
177235;2.29;0.92;47.0;2925.0;12.75;60.0;27.0;5.88;19.16;14.48;14.33;12.46;2.31;128761.0;47.0;48.0;89.0;4532.0;969.34;761.70;3.0;1.0;0;1.0;0;0;1.0;0;0;1.0;0;0;1.0;1.0;0;0;0;0;0
177768;2.2;0.92;47.0;2904.0;12.75;60.0;27.75;5.49;18.42;14.48;7.14;7.85;2.31;128761.0;47.0;48.0;89.0;4531.0;969.34;468.74;3.0;1.0;0;1.0;0;0;1.0;0;0;1.0;0;0;1.0;1.0;0;0;0;0;0
178364;2.12;0.93;47.0;2904.0;12.75;60.0;27.75;4.70;17.26;14.39;3.71;5.80;2.31;128761.0;47.0;48.0;89.0;4531.0;969.34;703.11;3.0;1.0;0;1.0;0;0;1.0;0;0;1.0;0;0;1.0;1.0;0;0;0;0;0
178897;2.04;0.93;47.0;2876.0;12.75;60.75;27.0;4.70;16.55;14.48;3.39;2.53;2.31;128761.0;47.0;47.0;89.0;4527.0;969.30;781.24;3.0;1.0;0;1.0;0;0;1.0;0;0;1.0;0;0;1.0;1.0;0;0;0;0;0
179401;1.58;0.91;46.0;2833.0;12.75;60.75;26.25;3.13;12.95;14.39;3.41;1.26;2.31;128761.0;46.0;46.0;89.0;4540.0;969.30;839.83;3.0;1.0;0;1.0;0;0;1.0;0;0;1.0;0;0;1.0;1.0;0;0;0;0;0
179929;2.16;0.90;46.0;2789.0;12.75;60.75;26.25;4.31;15.99;14.48;1.71;2.14;2.31;128761.0;45.0;46.0;89.0;4513.0;969.30;78.12;3.0;1.0;0;1.0;0;0;1.0;0;0;1.0;0;0;1.0;1.0;0;0;0;0;0
180450;2.32;0.91;45.0;2794.0;12.75;60.75;26.25;5.88;19.13;14.58;0.70;0.93;2.31;128761.0;45.0;46.0;89.0;4504.0;969.30;19.53;3.0;1.0;0;1.0;0;0;1.0;0;0;1.0;0;0;1.0;1.0;0;0;0;0;0
181039;2.43;0.94;45.0;2800.0;12.75;60.75;25.5;5.88;19.45;14.39;0.29;0.39;2.31;128761.0;45.0;46.0;89.0;4492.0;969.30;664.05;3.0;1.0;0;1.0;0;0;1.0;0;0;1.0;0;0;1.0;1.0;0;0;0;0;0
181629;2.22;0.90;46.0;2848.0;12.75;60.75;26.25;5.49;18.58;14.39;0.01;0.09;2.31;128761.0;46.0;46.0;89.0;4514.0;969.30;800.77;3.0;1.0;0;1.0;0;0;1.0;0;0;1.0;0;0;1.0;1.0;0;0;0;0;0
182125;2.08;0.86;47.0;2873.0;12.75;60.75;27.0;5.49;18.29;14.39;1.23;0;2.31;128761.0;46.0;47.0;89.0;4513.0;969.30;39.06;3.0;1.0;0;1.0;0;0;1.0;0;0;1.0;0;0;1.0;1.0;0;0;0;0;0
182633;2.34;0.89;47.0;2896.0;12.75;60.75;26.25;6.27;19.83;14.29;2.44;0;2.58;128761.0;47.0;47.0;89.0;4496.0;969.30;58.59;3.0;1.0;0;1.0;0;0;1.0;0;0;1.0;0;0;1.0;1.0;0;0;0;0;0
183132;3.16;0.92;47.0;2955.0;12.75;61.5;27.0;8.23;23.21;14.48;1.19;0;2.31;128761.0;47.0;48.0;88.0;4480.0;969.30;878.89;3.0;1.0;0;1.0;0;0;1.0;0;0;1.0;0;0;1.0;1.0;0;0;0;0;0
183649;3.60;0.97;50.0;3106.0;12.75;61.5;25.5;12.55;27.22;14.48;3.84;0;2.31;128761.0;49.0;51.0;88.0;4482.0;969.30;859.36;3.0;1.0;0;1.0;0;0;1.0;0;0;1.0;0;0;1.0;1.0;0;0;0;0;0
184184;3.34;0.92;52.0;3231.0;12.75;61.5;26.25;12.94;27.25;14.39;3.94;0;2.31;128761.0;51.0;53.0;88.0;4545.0;969.30;644.52;3.0;1.0;0;1.0;0;0;1.0;0;0;1.0;0;0;1.0;1.0;0;0;0;0;0
184686;3.33;0.91;55.0;3379.0;12.75;61.5;27.75;13.72;27.86;14.48;1.89;0;2.31;128761.0;54.0;55.0;88.0;4519.0;969.30;19.53;3.0;1.0;0;1.0;0;0;1.0;0;0;1.0;0;0;1.0;1.0;0;0;0;0;0
185193;3.56;0.97;56.0;3444.0;12.75;61.5;28.5;13.72;27.88;14.48;2.30;0;2.31;128761.0;55.0;56.0;88.0;4501.0;969.23;722.64;3.0;1.0;0;1.0;0;0;1.0;0;0;1.0;0;0;1.0;1.0;0;0;0;0;0
185765;3.49;0.95;58.0;3589.0;13.5;61.5;29.25;13.72;27.66;14.48;1.05;0;2.31;128761.0;58.0;59.0;88.0;4507.0;969.19;781.24;3.0;1.0;0;1.0;0;0;1.0;0;0;1.0;0;0;1.0;1.0;0;0;0;0;0
186261;3.16;0.88;60.0;3662.0;13.5;61.5;30.0;13.72;27.27;14.48;0.29;0;2.31;128761.0;59.0;60.0;88.0;4523.0;969.15;117.18;3.0;1.0;0;1.0;0;0;1.0;0;0;1.0;0;0;1.0;1.0;0;0;0;0;0
186761;3.27;0.91;60.0;3714.0;13.5;61.5;30.75;13.33;27.18;14.29;0;0;2.58;128761.0;59.0;61.0;88.0;4515.0;969.19;253.90;3.0;1.0;0;1.0;0;0;1.0;0;0;0;0;0;1.0;1.0;0;0;0;0;0
187258;3.17;0.99;60.0;3419.0;13.5;62.25;30.75;10.19;23.19;14.58;15.91;6.32;2.31;128761.0;59.0;60.0;87.0;4474.0;969.07;839.83;4.0;1.0;0;1.0;0;0;1.0;0;0;0;0;0;1.0;1.0;0;0;0;0;0
187759;3.64;0.97;61.0;3145.0;13.5;62.25;24.75;14.90;27.52;14.48;86.12;107.55;2.31;128761.0;59.0;61.0;87.0;4499.0;968.84;332.02;4.0;1.0;0;1.0;0;0;1.0;0;0;0;0;0;1.0;1.0;0;0;0;0;0
188282;3.68;0.99;62.0;3245.0;13.5;62.25;25.5;15.29;27.73;14.48;144.83;151.84;2.31;128761.0;61.0;62.0;87.0;4514.0;968.84;175.77;4.0;1.0;0;1.0;0;0;1.0;0;0;0;0;0;1.0;1.0;0;0;0;0;0
188819;3.71;1.04;63.0;3328.0;13.5;62.25;27.0;14.90;27.05;14.58;165.61;161.43;2.31;128761.0;63.0;64.0;87.0;4518.0;968.76;800.77;4.0;1.0;0;1.0;0;0;1.0;0;0;0;0;0;1.0;1.0;0;0;0;0;0
189317;3.06;0.96;65.0;3404.0;13.5;62.25;29.25;11.37;24.79;14.48;139.13;149.22;2.31;128761.0;65.0;65.0;87.0;4525.0;968.72;839.83;4.0;1.0;0;1.0;0;0;1.0;0;0;0;0;0;1.0;1.0;0;0;0;0;0
189879;2.74;0.90;66.0;3442.0;13.5;62.25;30.75;10.19;23.17;14.58;159.89;120.24;2.31;128761.0;65.0;67.0;87.0;4505.0;968.76;781.24;4.0;1.0;0;1.0;0;0;1.0;0;0;0;0;0;1.0;1.0;0;0;0;0;0
190413;2.52;0.84;67.0;3500.0;13.5;62.25;30.75;9.80;22.70;14.48;219.88;216.50;2.31;128761.0;66.0;67.0;87.0;4527.0;968.76;468.74;4.0;1.0;0;1.0;0;0;1.0;0;0;0;0;0;1.0;1.0;0;0;0;0;0
190911;3.05;0.90;68.0;3578.0;13.5;63.0;30.0;12.94;25.53;14.48;213.09;223.09;2.31;128761.0;68.0;69.0;84.0;4512.0;968.60;58.59;4.0;1.0;0;1.0;0;0;1.0;0;0;0;0;0;1.0;1.0;0;0;0;0;0
191414;3.25;0.96;71.0;3689.0;13.5;63.0;31.5;12.94;25.39;14.39;96.59;101.12;2.31;128761.0;70.0;71.0;84.0;4512.0;968.52;781.24;4.0;1.0;0;1.0;0;0;1.0;0;0;0;0;0;1.0;1.0;0;0;0;0;0
191970;1.32;1.00;71.0;3284.0;13.5;63.0;33.0;2.74;10.48;14.58;51.79;49.46;2.31;128761.0;70.0;71.0;84.0;4294.0;968.44;839.83;5.0;1.0;0;1.0;0;0;1.0;0;0;0;0;0;1.0;1.0;0;0;0;0;0
192473;2.36;0.99;70.0;3249.0;13.5;63.0;33.75;5.88;17.56;14.48;26.75;24.88;2.31;128761.0;70.0;71.0;84.0;4220.0;968.48;839.83;5.0;1.0;0;1.0;0;0;1.0;0;0;0;0;0;1.0;1.0;0;0;0;0;0
192973;2.62;0.94;72.0;3326.0;13.5;63.0;32.25;7.84;20.42;14.58;15.31;13.20;2.31;128761.0;71.0;72.0;84.0;4349.0;968.37;820.30;5.0;1.0;0;1.0;0;0;1.0;0;0;0;0;0;1.0;1.0;0;0;0;0;0
193471;2.44;0.89;72.0;3366.0;13.5;63.0;33.0;7.84;20.90;14.58;8.82;7.40;2.31;128761.0;72.0;73.0;84.0;4460.0;968.29;800.77;5.0;1.0;0;1.0;0;0;1.0;0;0;0;0;0;1.0;1.0;0;0;0;0;0
193988;2.55;0.84;75.0;3437.0;13.5;63.0;31.5;10.19;23.01;14.58;4.14;3.43;2.31;128761.0;74.0;75.0;84.0;4493.0;968.29;410.15;5.0;1.0;0;1.0;0;0;1.0;0;0;0;0;0;1.0;1.0;0;0;0;0;0
194521;3.19;0.88;76.0;3536.0;13.5;63.0;29.25;14.51;26.33;14.58;1.79;1.52;2.31;128761.0;75.0;77.0;84.0;4552.0;968.29;0;5.0;1.0;0;1.0;0;0;1.0;0;0;0;0;0;1.0;1.0;0;0;0;0;0
195067;1.6;1.00;76.0;3014.0;13.5;63.75;25.5;3.13;11.21;14.58;0.66;0.58;2.31;128761.0;76.0;75.0;81.0;4328.0;968.56;781.24;6.0;1.0;0;1.0;0;0;1.0;0;0;0;0;0;1.0;1.0;0;0;0;0;0
195588;3.39;1.00;76.0;3243.0;13.5;63.75;27.0;9.41;22.07;14.48;1.85;0.19;2.31;128761.0;75.0;77.0;81.0;4228.0;968.48;859.36;6.0;1.0;0;1.0;0;0;1.0;0;0;0;0;0;1.0;1.0;0;0;0;0;0
196152;3.06;0.95;78.0;3326.0;13.5;63.75;30.0;10.58;23.73;14.58;2.57;0;2.31;128761.0;77.0;79.0;81.0;4363.0;968.64;820.30;6.0;1.0;0;1.0;0;0;1.0;0;0;0;0;0;1.0;1.0;0;0;0;0;0
196646;2.78;0.89;80.0;3411.0;13.5;63.75;30.75;10.58;23.52;14.58;1.05;1.07;2.31;128761.0;79.0;81.0;81.0;4461.0;968.68;410.15;6.0;1.0;0;1.0;0;0;1.0;0;0;0;0;0;1.0;1.0;0;0;0;0;0
197144;2.88;0.93;82.0;3494.0;13.5;63.75;30.75;10.58;23.46;14.48;2.51;0.41;2.31;128761.0;81.0;82.0;81.0;4500.0;968.64;800.77;6.0;1.0;0;1.0;0;0;1.0;0;0;0;0;0;1.0;1.0;0;0;0;0;0
197660;2.48;0.89;83.0;3523.0;13.5;63.75;33.75;9.02;21.84;14.58;1.11;0.09;2.31;128761.0;84.0;83.0;81.0;4517.0;968.68;742.17;6.0;1.0;0;1.0;0;0;1.0;0;0;0;0;0;1.0;1.0;0;0;0;0;0
198253;2.2;0.83;85.0;3645.0;13.5;64.5;34.5;8.23;20.32;14.58;2.73;10.17;2.31;128761.0;85.0;85.0;79.0;4530.0;968.64;253.90;6.0;1.0;0;1.0;0;0;1.0;0;0;0;0;0;1.0;1.0;0;0;0;0;0
198767;2.31;0.86;86.0;3663.0;12.75;64.5;36.0;8.23;20.69;14.48;97.51;143.29;2.31;128761.0;86.0;87.0;79.0;4507.0;968.76;117.18;6.0;1.0;0;1.0;0;0;1.0;0;0;0;0;0;1.0;1.0;0;0;0;0;0
199307;2.4;0.90;87.0;3716.0;12.75;64.5;36.75;8.23;20.55;14.48;171.18;210.67;2.31;128761.0;86.0;87.0;79.0;4518.0;968.84;800.77;6.0;1.0;0;1.0;0;0;1.0;0;0;0;0;0;1.0;1.0;0;0;0;0;0
199808;2.22;0.84;87.0;3726.0;12.75;64.5;36.75;8.23;20.49;14.48;213.73;225.51;2.31;128761.0;87.0;88.0;79.0;4528.0;968.84;585.93;6.0;1.0;0;1.0;0;0;1.0;0;0;0;0;0;1.0;1.0;0;0;0;0;0
200302;2.27;0.85;87.0;3736.0;12.75;64.5;36.75;8.23;20.54;14.48;215.53;243.73;2.31;128761.0;87.0;88.0;79.0;4518.0;968.91;332.02;6.0;1.0;0;1.0;0;0;1.0;0;0;0;0;0;1.0;1.0;0;0;0;0;0
200799;2.33;0.88;87.0;3736.0;12.75;64.5;36.75;8.23;20.54;14.48;233.98;198.69;2.31;128761.0;87.0;88.0;79.0;4506.0;968.99;781.24;6.0;1.0;0;1.0;0;0;1.0;0;0;0;0;0;1.0;1.0;0;0;0;0;0
201328;2.21;0.85;88.0;3752.0;12.75;64.5;36.75;7.84;20.30;14.48;208.07;195.49;2.31;128761.0;88.0;88.0;79.0;4517.0;969.07;644.52;6.0;1.0;0;1.0;0;0;1.0;0;0;0;0;0;1.0;1.0;0;0;0;0;0
201869;2.22;0.86;88.0;3745.0;12.75;64.5;38.25;7.84;20.08;14.48;187.85;234.28;2.31;128761.0;88.0;89.0;79.0;4505.0;969.15;761.70;6.0;1.0;0;1.0;0;0;1.0;0;0;0;0;0;1.0;1.0;0;0;0;0;0
202410;2.2;0.85;88.0;3755.0;12.75;65.25;36.75;7.84;20.02;14.48;265.37;273.96;2.31;128761.0;88.0;89.0;76.0;4515.0;969.19;781.24;6.0;1.0;0;1.0;0;0;1.0;0;0;0;0;0;1.0;1.0;0;0;0;0;0
202904;2.08;0.82;88.0;3772.0;12.75;65.25;39.0;7.84;19.84;14.58;112.08;100.61;2.31;128761.0;88.0;89.0;76.0;4510.0;969.19;39.06;6.0;1.0;0;1.0;0;0;1.0;0;0;0;0;0;1.0;1.0;0;0;0;0;0
203406;2.21;0.87;90.0;3794.0;12.75;65.25;39.0;7.84;19.77;14.48;50.75;50.95;2.31;128761.0;88.0;90.0;76.0;4510.0;969.23;703.11;6.0;1.0;0;1.0;0;0;1.0;0;0;0;0;0;1.0;1.0;0;0;0;0;0
203928;1.35;0.99;88.0;3786.0;12.75;65.25;42.0;3.92;11.26;14.48;23.61;23.65;2.31;128761.0;88.0;89.0;76.0;4519.0;969.23;878.89;6.0;1.0;0;1.0;0;0;1.0;0;0;0;0;0;1.0;1.0;0;0;0;0;0
204464;1.60;0.97;87.0;3750.0;12.75;65.25;41.25;4.31;12.99;14.48;12.16;10.09;2.31;128761.0;88.0;88.0;76.0;4503.0;969.27;859.36;6.0;1.0;0;1.0;0;0;1.0;0;0;0;0;0;1.0;1.0;0;0;0;0;0
205019;2.13;0.94;87.0;3697.0;12.75;65.25;39.75;6.66;17.87;14.48;5.15;7.32;2.31;128761.0;87.0;88.0;76.0;4504.0;969.27;839.83;6.0;1.0;0;1.0;0;0;1.0;0;0;0;0;0;1.0;1.0;0;0;0;0;0
205572;2.12;0.88;87.0;3675.0;12.75;65.25;39.0;6.66;18.65;14.48;1.89;2.55;2.31;128761.0;85.0;87.0;76.0;4514.0;969.27;820.30;6.0;1.0;0;1.0;0;0;1.0;0;0;0;0;0;1.0;1.0;0;0;0;0;0
206162;2.47;0.83;86.0;3701.0;12.75;65.25;37.5;7.84;20.21;14.48;0.70;1.05;2.31;128761.0;87.0;87.0;76.0;4495.0;969.27;859.36;6.0;1.0;0;1.0;0;0;1.0;0;0;0;0;0;1.0;1.0;0;0;0;0;0
206652;2.68;0.94;87.0;3716.0;12.75;65.25;36.0;9.41;21.92;14.48;2.28;0.27;2.31;128761.0;87.0;87.0;76.0;4511.0;969.27;839.83;6.0;1.0;0;1.0;0;0;1.0;0;0;0;0;0;1.0;1.0;0;0;0;0;0
207173;2.47;0.88;87.0;3713.0;12.75;66.0;36.0;9.41;21.62;14.48;0.93;0;2.31;128761.0;86.0;88.0;73.0;4516.0;969.27;781.24;6.0;1.0;0;1.0;0;0;1.0;0;0;0;0;0;1.0;1.0;0;0;0;0;0
207656;2.28;0.82;87.0;3704.0;12.75;66.0;36.0;9.02;21.57;14.48;0.29;1.01;2.31;128761.0;86.0;87.0;73.0;4525.0;969.27;527.33;6.0;1.0;0;1.0;0;0;1.0;0;0;0;0;0;1.0;1.0;0;0;0;0;0
208174;2.41;0.87;87.0;3713.0;12.75;66.0;36.75;9.02;21.41;14.48;1.34;0.33;2.31;128761.0;86.0;87.0;73.0;4510.0;969.27;703.11;6.0;1.0;0;1.0;0;0;1.0;0;0;0;0;0;1.0;1.0;0;0;0;0;0
208772;2.41;0.86;87.0;3695.0;12.75;66.0;36.0;9.41;21.67;14.58;0.46;1.60;2.31;128761.0;86.0;87.0;73.0;4504.0;969.27;117.18;6.0;1.0;0;1.0;0;0;1.0;0;0;0;0;0;1.0;1.0;0;0;0;0;0
209309;2.56;0.89;86.0;3660.0;12.75;66.0;36.0;9.41;22.05;14.58;3.98;0.50;2.31;128761.0;85.0;87.0;73.0;4506.0;969.27;703.11;6.0;1.0;0;1.0;0;0;1.0;0;0;0;0;0;1.0;1.0;0;0;0;0;0
209812;2.36;0.86;85.0;3614.0;12.75;66.0;36.0;9.02;21.67;14.48;2.38;0.05;2.31;128761.0;84.0;86.0;73.0;4517.0;969.27;117.18;6.0;1.0;0;1.0;0;0;1.0;0;0;0;0;0;1.0;1.0;0;0;0;0;0
210332;2.19;0.99;83.0;3584.0;12.75;66.0;38.25;6.27;17.61;14.48;0.99;0;2.31;128761.0;84.0;84.0;73.0;4512.0;969.27;859.36;6.0;1.0;0;1.0;0;0;1.0;0;0;0;0;0;1.0;1.0;0;0;0;0;0
210864;2.56;0.94;83.0;3576.0;12.75;66.0;36.0;8.62;20.97;14.48;0.33;0;2.31;128761.0;83.0;84.0;73.0;4497.0;969.27;839.83;6.0;1.0;0;1.0;0;0;1.0;0;0;0;0;0;1.0;1.0;0;0;0;0;0
211398;2.52;0.88;83.0;3568.0;12.75;66.75;34.5;9.41;22.01;14.58;6.89;0;2.31;128761.0;83.0;84.0;70.0;4522.0;969.27;742.17;6.0;1.0;0;1.0;0;0;1.0;0;0;0;0;0;1.0;1.0;0;0;0;0;0
212016;2.43;0.84;83.0;3584.0;13.5;66.75;34.5;9.80;22.24;14.48;62.65;83.17;2.31;128761.0;83.0;84.0;70.0;4522.0;969.27;78.12;6.0;1.0;0;1.0;0;0;1.0;0;0;0;0;0;1.0;1.0;0;0;0;0;0
212588;2.64;0.91;85.0;3600.0;13.5;66.75;34.5;9.80;22.35;14.58;103.80;115.01;2.31;128761.0;84.0;85.0;70.0;4498.0;969.27;800.77;6.0;1.0;0;1.0;0;0;1.0;0;0;0;0;0;1.0;1.0;0;0;0;0;0
213160;2.52;0.87;85.0;3619.0;13.5;66.75;35.25;9.80;22.29;14.48;84.72;86.75;2.31;128761.0;84.0;86.0;70.0;4517.0;969.27;390.62;6.0;1.0;0;1.0;0;0;1.0;0;0;0;0;0;1.0;1.0;0;0;0;0;0
213751;2.56;0.90;86.0;3636.0;12.75;66.75;36.0;9.41;21.98;14.48;205.76;140.40;2.31;128761.0;85.0;86.0;70.0;4509.0;969.27;683.58;6.0;1.0;0;1.0;0;0;1.0;0;0;0;0;0;1.0;1.0;0;0;0;0;0
214323;2.50;0.88;86.0;3646.0;12.75;66.75;36.0;9.41;22.02;14.48;287.89;267.44;2.31;128761.0;85.0;86.0;70.0;4516.0;969.27;449.21;6.0;1.0;0;1.0;0;0;1.0;0;0;0;0;0;1.0;1.0;0;0;0;0;0
214822;2.40;0.86;86.0;3628.0;12.75;66.75;35.25;9.02;21.64;14.58;327.38;309.68;2.31;128761.0;85.0;86.0;70.0;4525.0;969.27;683.58;6.0;1.0;0;1.0;0;0;1.0;0;0;0;0;0;1.0;1.0;0;0;0;0;0
215333;2.38;0.86;85.0;3631.0;12.75;66.75;35.25;9.02;21.57;14.58;337.71;319.10;2.31;128761.0;84.0;86.0;70.0;4511.0;969.27;58.59;6.0;1.0;0;1.0;0;0;1.0;0;0;0;0;0;1.0;1.0;0;0;0;0;0
215823;2.48;0.90;85.0;3605.0;12.75;66.75;36.0;8.62;21.24;14.39;342.65;342.51;2.31;128761.0;86.0;86.0;70.0;4509.0;969.27;800.77;6.0;1.0;0;1.0;0;0;1.0;0;0;0;0;0;1.0;1.0;0;0;0;0;0
216380;2.08;0.85;85.0;3570.0;12.75;66.75;37.5;7.05;19.27;14.48;328.16;313.47;2.31;128761.0;84.0;85.0;70.0;4514.0;969.27;585.93;6.0;1.0;0;1.0;0;0;1.0;0;0;0;0;0;1.0;1.0;0;0;0;0;0
216885;2.15;0.86;83.0;3580.0;12.75;66.75;36.75;7.45;19.59;14.58;328.86;332.83;2.31;128761.0;84.0;84.0;70.0;4506.0;969.27;175.77;6.0;1.0;0;1.0;0;0;1.0;0;0;0;0;0;1.0;1.0;0;0;0;0;0
217383;2.17;0.88;83.0;3559.0;12.75;67.5;36.75;7.45;19.48;14.39;300.43;339.21;2.31;128761.0;83.0;83.0;67.0;4514.0;969.27;781.24;6.0;1.0;0;1.0;0;0;1.0;0;0;0;0;0;1.0;1.0;0;0;0;0;0
217882;2.05;0.83;83.0;3535.0;12.75;67.5;36.75;7.45;19.57;14.58;303.22;324.27;2.31;128761.0;83.0;84.0;67.0;4519.0;969.27;117.18;6.0;1.0;0;1.0;0;0;1.0;0;0;0;0;0;1.0;1.0;0;0;0;0;0
218426;2.15;0.87;82.0;3514.0;12.75;67.5;36.0;7.45;19.57;14.48;329.99;321.07;2.31;128761.0;82.0;83.0;67.0;4506.0;969.27;703.11;6.0;1.0;0;1.0;0;0;1.0;0;0;0;0;0;1.0;1.0;0;0;0;0;0
218947;2.04;0.82;82.0;3510.0;12.75;67.5;36.0;7.45;19.59;14.58;331.81;319.80;2.31;128761.0;82.0;83.0;67.0;4518.0;969.27;78.12;6.0;1.0;0;1.0;0;0;1.0;0;0;0;0;0;1.0;1.0;0;0;0;0;0
219538;2.15;0.86;82.0;3494.0;12.75;67.5;36.0;7.45;19.62;14.58;342.02;347.53;2.31;128761.0;81.0;82.0;67.0;4506.0;969.27;800.77;6.0;1.0;0;1.0;0;0;1.0;0;0;0;0;0;1.0;1.0;0;0;0;0;0
220042;2.11;0.85;82.0;3481.0;12.75;67.5;36.0;7.45;19.65;14.48;288.65;364.07;2.31;128761.0;81.0;82.0;67.0;4519.0;969.27;683.58;6.0;1.0;0;1.0;0;0;1.0;0;0;0;0;0;1.0;1.0;0;0;0;0;0
220598;2.10;0.84;81.0;3455.0;12.75;67.5;36.0;7.45;19.74;14.58;312.92;362.51;2.31;128761.0;81.0;82.0;67.0;4517.0;969.27;97.65;6.0;1.0;0;1.0;0;0;1.0;0;0;0;0;0;1.0;1.0;0;0;0;0;0
221188;2.03;0.87;81.0;3437.0;12.75;68.25;37.5;6.66;18.64;14.48;231.25;211.45;2.31;128761.0;81.0;81.0;65.0;4514.0;969.27;800.77;6.0;1.0;0;1.0;0;0;1.0;0;0;0;0;0;1.0;1.0;0;0;0;0;0
221684;1.2;1.00;80.0;3394.0;12.75;68.25;37.5;4.31;14.16;14.48;98.48;92.59;2.31;128761.0;79.0;80.0;65.0;4518.0;969.27;839.83;6.0;1.0;0;1.0;0;0;1.0;0;0;0;0;0;1.0;1.0;0;0;0;0;0
222345;1.53;0.98;80.0;3396.0;12.75;68.25;37.5;4.31;12.66;14.48;52.71;44.17;2.31;128762.0;79.0;80.0;65.0;4517.0;969.27;859.36;6.0;1.0;0;1.0;0;0;1.0;0;0;0;0;0;1.0;1.0;0;0;0;0;0
222912;1.46;0.95;78.0;3351.0;12.75;68.25;36.75;3.92;12.40;14.48;22.77;18.90;2.31;128762.0;78.0;79.0;65.0;4521.0;969.30;839.83;6.0;1.0;0;1.0;0;0;1.0;0;0;0;0;0;1.0;1.0;0;0;0;0;0
223446;1.44;0.92;77.0;3285.0;12.75;68.25;36.75;3.92;12.70;14.39;9.17;7.98;2.31;128762.0;77.0;77.0;65.0;4526.0;969.46;820.30;6.0;1.0;0;1.0;0;0;1.0;0;0;0;0;0;1.0;1.0;0;0;0;0;0
223949;1.44;0.90;76.0;3224.0;12.75;68.25;36.0;3.92;12.88;14.58;4.53;3.74;2.31;128762.0;76.0;76.0;65.0;4518.0;969.42;800.77;6.0;1.0;0;1.0;0;0;1.0;0;0;0;0;0;1.0;1.0;0;0;0;0;0
224502;1.40;0.88;76.0;3216.0;12.75;68.25;35.25;3.92;12.78;14.48;2.16;1.79;2.31;128762.0;75.0;76.0;65.0;4521.0;969.38;800.77;6.0;1.0;0;1.0;0;0;1.0;0;0;0;0;0;1.0;1.0;0;0;0;0;0
225001;1.37;0.86;75.0;3186.0;12.75;68.25;35.25;3.92;12.98;14.48;0.82;0.66;2.31;128762.0;74.0;75.0;65.0;4512.0;969.50;234.37;6.0;1.0;0;1.0;0;0;1.0;0;0;0;0;0;1.0;1.0;0;0;0;0;0
225522;1.80;0.88;73.0;3140.0;12.75;69.0;34.5;5.49;16.24;14.48;85.75;110.91;2.31;128762.0;73.0;74.0;62.0;4499.0;969.58;19.53;6.0;1.0;0;1.0;0;0;1.0;0;0;0;0;0;1.0;1.0;0;0;0;0;0
226062;2.22;0.92;75.0;3156.0;12.75;69.0;34.5;6.66;19.27;14.48;178.83;203.09;2.31;128762.0;74.0;75.0;62.0;4500.0;969.62;683.58;6.0;1.0;0;1.0;0;0;1.0;0;0;0;0;0;1.0;1.0;0;0;0;0;0
226593;2.64;0.94;75.0;3189.0;12.75;69.0;33.0;8.23;21.62;14.39;257.22;237.03;2.31;128762.0;74.0;75.0;62.0;4505.0;969.58;839.83;6.0;1.0;0;1.0;0;0;1.0;0;0;0;0;0;1.0;1.0;0;0;0;0;0
227193;1.44;1.00;75.0;3184.0;12.75;69.0;35.25;3.92;13.28;14.58;286.38;243.55;2.31;128762.0;73.0;75.0;62.0;4527.0;969.54;878.89;6.0;1.0;0;1.0;0;0;1.0;0;0;0;0;0;1.0;1.0;0;0;0;0;0
227734;2.81;1.00;75.0;3169.0;12.75;69.0;33.75;7.84;21.09;14.48;281.52;277.93;2.31;128762.0;73.0;75.0;62.0;4490.0;969.62;859.36;6.0;1.0;0;1.0;0;0;1.0;0;0;0;0;0;1.0;1.0;0;0;0;0;0
228243;2.68;0.95;75.0;3215.0;13.5;69.0;33.0;8.62;21.88;14.39;321.56;315.23;2.31;128762.0;74.0;76.0;62.0;4502.0;969.73;839.83;6.0;1.0;0;1.0;0;0;1.0;0;0;0;0;0;1.0;1.0;0;0;0;0;0
228772;2.09;0.90;76.0;3215.0;13.5;69.0;35.25;6.66;18.60;14.58;317.59;313.12;2.31;128762.0;75.0;76.0;62.0;4520.0;969.73;800.77;6.0;1.0;0;1.0;0;0;1.0;0;0;0;0;0;1.0;1.0;0;0;0;0;0
229328;1.93;0.86;75.0;3215.0;13.5;69.0;35.25;6.27;17.87;14.58;311.15;295.97;2.31;128762.0;75.0;76.0;62.0;4517.0;969.85;722.64;6.0;1.0;0;1.0;0;0;1.0;0;0;0;0;0;1.0;1.0;0;0;0;0;0
229832;1.77;0.82;76.0;3250.0;13.5;69.0;36.0;5.88;17.26;14.58;311.83;299.88;2.31;128762.0;76.0;76.0;62.0;4517.0;969.97;312.49;6.0;1.0;0;1.0;0;0;1.0;0;0;0;0;0;1.0;1.0;0;0;0;0;0
230370;1.81;0.84;76.0;3254.0;13.5;69.0;36.0;5.88;17.25;14.58;298.30;251.74;2.31;128762.0;76.0;77.0;62.0;4510.0;970.05;58.59;6.0;1.0;0;1.0;0;0;1.0;0;0;0;0;0;1.0;1.0;0;0;0;0;0
230928;2.90;0.98;78.0;3329.0;13.5;69.0;33.0;9.41;22.54;14.58;252.36;245.58;2.31;128762.0;77.0;78.0;62.0;4492.0;970.20;839.83;6.0;1.0;0;1.0;0;0;1.0;0;0;0;0;0;1.0;1.0;0;0;0;0;0
231433;2.68;0.92;78.0;3318.0;13.5;69.0;33.0;9.41;22.55;14.58;305.29;308.12;2.31;128762.0;77.0;79.0;62.0;4497.0;970.20;800.77;6.0;1.0;0;1.0;0;0;1.0;0;0;0;0;0;1.0;1.0;0;0;0;0;0
231931;2.41;0.87;80.0;3379.0;13.5;69.0;34.5;9.02;21.85;14.58;333.49;300.97;2.31;128762.0;79.0;80.0;62.0;4514.0;970.28;624.99;6.0;1.0;0;1.0;0;0;1.0;0;0;0;0;0;1.0;1.0;0;0;0;0;0
232448;2.31;0.85;81.0;3422.0;13.5;69.0;35.25;8.62;21.35;14.58;254.02;341.69;2.31;128762.0;80.0;81.0;62.0;4506.0;970.36;58.59;6.0;1.0;0;1.0;0;0;1.0;0;0;0;0;0;1.0;1.0;0;0;0;0;0
232946;2.43;0.90;82.0;3472.0;13.5;69.0;36.0;8.23;21.20;14.48;219.69;350.95;2.31;128762.0;82.0;82.0;62.0;4507.0;970.32;761.70;6.0;1.0;0;1.0;0;0;1.0;0;0;0;0;0;1.0;1.0;0;0;0;0;0
233438;2.37;0.88;82.0;3505.0;13.5;69.75;36.0;8.23;21.01;14.58;233.46;346.79;2.31;128762.0;82.0;83.0;59.0;4524.0;970.36;624.99;6.0;1.0;0;1.0;0;0;1.0;0;0;0;0;0;1.0;1.0;0;0;0;0;0
233960;2.14;0.85;82.0;3530.0;12.75;69.75;38.25;7.84;20.08;14.39;241.41;353.86;2.31;128762.0;82.0;83.0;59.0;4513.0;970.40;292.96;6.0;1.0;0;1.0;0;0;1.0;0;0;0;0;0;1.0;1.0;0;0;0;0;0
234457;2.13;0.86;83.0;3534.0;12.75;69.75;38.25;7.45;19.45;14.48;234.84;350.64;2.31;128762.0;83.0;84.0;59.0;4516.0;970.44;761.70;6.0;1.0;0;1.0;0;0;1.0;0;0;0;0;0;1.0;1.0;0;0;0;0;0
234952;2.02;0.83;83.0;3535.0;12.75;69.75;39.0;7.05;19.34;14.48;242.44;326.48;2.31;128762.0;83.0;84.0;59.0;4514.0;970.44;58.59;6.0;1.0;0;1.0;0;0;1.0;0;0;0;0;0;1.0;1.0;0;0;0;0;0
235451;1.42;0.99;82.0;3504.0;13.5;69.75;39.0;3.92;11.68;14.58;234.00;340.87;2.31;128762.0;83.0;83.0;59.0;4531.0;970.44;878.89;6.0;1.0;0;1.0;0;0;1.0;0;0;0;0;0;1.0;1.0;0;0;0;0;0
236022;0.67;0.97;81.0;3438.0;13.5;69.75;39.0;1.17;6.05;14.58;195.28;335.19;2.31;128762.0;81.0;81.0;59.0;4540.0;970.40;878.89;6.0;1.0;0;1.0;0;0;1.0;0;0;0;0;0;1.0;1.0;0;0;0;0;0
236555;0.73;0.96;80.0;3365.0;13.5;69.75;38.25;1.17;6.44;14.58;244.71;228.96;2.31;128762.0;79.0;80.0;59.0;4518.0;970.44;839.83;6.0;1.0;0;1.0;0;0;1.0;0;0;0;0;0;1.0;1.0;0;0;0;0;0
237112;1.34;0.94;77.0;3260.0;13.5;69.75;36.75;3.52;11.41;14.48;306.93;290.89;2.31;128762.0;78.0;78.0;59.0;4503.0;970.44;800.77;6.0;1.0;0;1.0;0;0;1.0;0;0;0;0;0;1.0;1.0;0;0;0;0;0
237606;1.44;0.92;77.0;3217.0;13.5;70.5;37.5;3.92;12.81;14.48;331.97;322.20;2.31;128762.0;76.0;77.0;56.0;4512.0;970.44;781.24;6.0;1.0;0;1.0;0;0;1.0;0;0;0;0;0;1.0;1.0;0;0;0;0;0
238129;1.27;0.90;76.0;3167.0;13.5;70.5;36.75;3.52;11.69;14.58;182.95;154.05;2.31;128762.0;76.0;76.0;56.0;4517.0;970.48;761.70;6.0;1.0;0;1.0;0;0;1.0;0;0;0;0;0;1.0;1.0;0;0;0;0;0
238676;1.18;0.88;75.0;3169.0;13.5;70.5;36.75;3.13;11.56;14.48;92.14;77.63;2.31;128762.0;75.0;75.0;56.0;4525.0;970.48;781.24;6.0;1.0;0;1.0;0;0;1.0;0;0;0;0;0;1.0;1.0;0;0;0;0;0
239174;1.17;0.86;73.0;3149.0;13.5;70.5;36.0;3.13;11.16;14.58;47.24;33.29;2.31;128762.0;74.0;74.0;56.0;4514.0;970.48;761.70;6.0;1.0;0;1.0;0;0;1.0;0;0;0;0;0;0;1.0;0;0;0;0;0
239673;1.2;0.85;73.0;3209.0;13.5;70.5;36.75;3.52;11.48;14.48;23.70;16.69;2.31;128762.0;74.0;74.0;56.0;4515.0;970.48;722.64;6.0;1.0;0;1.0;0;0;1.0;0;0;0;0;0;1.0;1.0;0;0;0;0;0
240176;1.09;0.85;73.0;3149.0;13.5;70.5;36.0;3.13;10.56;14.48;11.87;8.31;2.31;128762.0;73.0;74.0;56.0;4515.0;970.48;175.77;6.0;1.0;0;1.0;0;0;1.0;0;0;0;0;0;1.0;1.0;0;0;0;0;0
240731;1.13;0.86;72.0;3081.0;13.5;70.5;35.25;2.74;10.81;14.48;5.85;4.10;2.31;128762.0;71.0;73.0;56.0;4511.0;970.48;468.74;6.0;1.0;0;1.0;0;0;1.0;0;0;0;0;0;1.0;1.0;0;0;0;0;0
241236;1.16;0.87;71.0;3012.0;13.5;70.5;34.5;2.74;10.98;14.58;2.87;2.08;2.31;128762.0;71.0;72.0;56.0;4516.0;970.48;97.65;6.0;1.0;0;1.0;0;0;1.0;0;0;0;0;0;1.0;1.0;0;0;0;0;0
241825;2.28;0.89;71.0;3052.0;13.5;70.5;34.5;6.27;18.32;14.58;2.96;2.42;2.31;128762.0;70.0;72.0;56.0;4467.0;970.48;664.05;6.0;1.0;0;1.0;0;0;1.0;0;0;0;0;0;1.0;1.0;0;0;0;0;0
242389;2.72;0.97;73.0;3119.0;13.5;70.5;33.75;8.23;21.98;14.48;1.26;0.99;2.31;128762.0;71.0;73.0;56.0;4489.0;970.48;820.30;6.0;1.0;0;1.0;0;0;1.0;0;0;0;0;0;1.0;1.0;0;0;0;0;0
242921;2.33;0.92;73.0;3111.0;13.5;70.5;35.25;7.45;20.40;14.58;3.61;0.33;2.31;128762.0;72.0;73.0;56.0;4510.0;970.48;761.70;6.0;1.0;0;1.0;0;0;1.0;0;0;0;0;0;1.0;1.0;0;0;0;0;0
243477;2.24;0.88;73.0;3124.0;13.5;70.5;34.5;7.45;20.52;14.58;1.81;0.07;2.31;128762.0;72.0;74.0;56.0;4517.0;970.48;429.68;6.0;1.0;0;1.0;0;0;1.0;0;0;0;0;0;1.0;1.0;0;0;0;0;0
244019;2.27;0.89;73.0;3154.0;13.5;70.5;35.25;7.45;20.54;14.58;0.66;0.99;2.31;128762.0;73.0;74.0;56.0;4514.0;970.48;78.12;6.0;1.0;0;1.0;0;0;1.0;0;0;0;0;0;1.0;1.0;0;0;0;0;0
244575;1.99;0.92;75.0;3154.0;13.5;70.5;36.0;5.88;17.54;14.48;2.12;0.39;2.31;128762.0;74.0;75.0;56.0;4524.0;970.48;820.30;6.0;1.0;0;1.0;0;0;1.0;0;0;0;0;0;1.0;1.0;0;0;0;0;0
245079;1.85;0.88;75.0;3193.0;13.5;70.5;36.75;5.88;17.21;14.58;2.05;0.05;2.31;128762.0;74.0;75.0;56.0;4517.0;970.48;781.24;6.0;1.0;0;1.0;0;0;1.0;0;0;0;0;0;1.0;1.0;0;0;0;0;0
245657;2.54;0.99;75.0;3194.0;13.5;70.5;36.0;7.05;19.77;14.58;0.93;0;2.31;128762.0;74.0;76.0;56.0;4500.0;970.55;839.83;6.0;1.0;0;1.0;0;0;1.0;0;0;0;0;0;1.0;1.0;0;0;0;0;0
246165;0.71;1.00;73.0;2963.0;13.5;70.5;34.5;1.17;6.99;14.48;0.29;0;2.31;128762.0;74.0;74.0;56.0;4563.0;970.52;859.36;6.0;1.0;0;1.0;0;0;1.0;0;0;0;0;0;1.0;1.0;0;0;0;0;0
246710;0.64;1.00;72.0;3067.0;13.5;70.5;-30.0;0;0;14.58;0.03;0;2.31;128762.0;73.0;72.0;56.0;4559.0;970.52;703.11;6.0;1.0;0;1.0;0;0;1.0;0;0;0;0;0;1.0;1.0;0;0;0;0;0
247277;0.66;1.00;70.0;2984.0;13.5;70.5;-30.0;0;0;14.48;0;0;2.31;128762.0;70.0;70.0;56.0;4594.0;970.52;0;6.0;1.0;0;1.0;0;0;1.0;0;0;0;0;0;1.0;1.0;0;0;0;0;0
247798;0.66;1.00;68.0;2891.0;13.5;70.5;-30.0;0;0;14.58;0;0;2.31;128762.0;69.0;68.0;56.0;4614.0;970.59;0;6.0;1.0;0;1.0;0;0;1.0;0;0;0;0;0;1.0;1.0;0;0;0;0;0
248336;0.68;1.00;66.0;2801.0;13.5;71.25;-30.0;0;0;14.58;1.46;0;2.31;128762.0;65.0;66.0;56.0;4621.0;970.71;0;6.0;1.0;0;1.0;0;0;1.0;0;0;0;0;0;1.0;1.0;0;0;0;0;0
248824;0.73;1.00;62.0;2621.0;13.5;71.25;-30.0;0;0;14.58;0.68;3.30;2.31;128762.0;62.0;61.0;56.0;4510.0;970.87;0;6.0;1.0;0;1.0;0;0;1.0;0;0;0;0;0;1.0;1.0;0;0;0;0;0
249327;0.91;1.00;57.0;2451.0;13.5;71.25;15.75;0;13.77;14.58;0.31;3.98;2.31;128762.0;57.0;57.0;73.0;4240.0;970.91;0;6.0;1.0;0;1.0;0;0;1.0;0;0;1.0;0;0;1.0;1.0;0;0;0;0;0
249848;0.96;1.00;53.0;2292.0;13.5;71.25;16.5;0;13.83;14.58;20.40;6.21;2.31;128762.0;54.0;54.0;56.0;4331.0;971.06;19.53;6.0;1.0;0;1.0;0;0;1.0;0;0;1.0;0;0;1.0;1.0;0;0;0;0;0
250388;0.96;1.00;51.0;2214.0;13.5;71.25;16.5;0;13.91;14.58;25.89;3.39;2.31;128762.0;52.0;52.0;55.0;4442.0;971.22;19.53;6.0;1.0;0;1.0;0;0;1.0;0;0;1.0;0;0;1.0;1.0;0;0;0;0;0
250906;1.12;1.00;50.0;1813.0;13.5;71.25;16.5;0;13.85;14.48;18.39;6.09;2.31;128762.0;50.0;51.0;54.0;4451.0;971.37;39.06;6.0;1.0;0;1.0;0;0;1.0;0;0;1.0;0;0;1.0;1.0;0;0;0;0;0
251392;0.95;1.00;47.0;2199.0;13.5;71.25;16.5;0;13.80;14.48;35.99;20.85;2.31;128762.0;48.0;48.0;56.0;4527.0;971.49;97.65;5.0;1.0;0;1.0;0;0;1.0;0;0;1.0;0;0;1.0;1.0;0;0;0;0;0
251911;1.41;1.00;45.0;1460.0;13.5;71.25;17.25;0;14.03;14.58;32.26;20.21;2.31;128762.0;43.0;45.0;54.0;4482.0;971.57;58.59;5.0;1.0;0;1.0;0;0;1.0;0;0;1.0;0;0;1.0;1.0;0;0;0;0;0
252409;1.24;1.00;36.0;1700.0;13.5;71.25;15.75;0;13.83;14.58;48.98;28.25;2.31;128762.0;35.0;37.0;55.0;4488.0;971.61;859.36;5.0;1.0;0;1.0;0;0;1.0;0;0;1.0;0;0;1.0;1.0;0;0;0;0;0
252914;1.44;0.98;27.0;1351.0;13.5;71.25;15.0;0;13.61;14.48;110.28;22.65;2.31;128762.0;28.0;28.0;54.0;4496.0;971.65;878.89;5.0;1.0;0;1.0;0;0;1.0;0;0;1.0;0;0;1.0;1.0;0;0;0;0;0
253415;1.37;0.96;20.0;1300.0;13.5;71.25;18.0;0;14.22;14.67;94.75;51.24;2.31;128762.0;20.0;20.0;55.0;4514.0;971.65;839.83;4.0;1.0;0;1.0;0;0;1.0;0;0;1.0;0;0;1.0;1.0;0;0;0;0;0
253915;1.47;0.95;17.0;1325.0;13.5;71.25;16.5;0;13.97;14.48;86.43;83.58;2.31;128762.0;17.0;17.0;55.0;4510.0;971.69;722.64;4.0;1.0;0;1.0;0;0;1.0;0;0;1.0;0;0;1.0;1.0;0;0;0;0;0
254456;1.94;0.93;17.0;1344.0;13.5;71.25;12.75;0.39;12.88;14.48;118.62;99.85;2.31;128762.0;17.0;17.0;56.0;4514.0;971.69;351.55;3.0;1.0;0;1.0;0;0;1.0;0;0;1.0;0;0;1.0;1.0;0;0;0;0;0
254989;1.92;0.95;18.0;1327.0;13.5;72.0;12.75;1.96;15.53;14.48;101.61;97.86;2.31;128762.0;18.0;18.0;57.0;4491.0;971.73;78.12;3.0;1.0;0;1.0;0;0;1.0;0;0;1.0;0;0;1.0;1.0;0;0;0;0;0
255502;2.24;0.94;20.0;1486.0;13.5;72.0;12.75;2.74;17.33;14.48;82.24;78.31;2.31;128762.0;20.0;20.0;56.0;4500.0;971.73;19.53;3.0;1.0;0;1.0;0;0;1.0;0;0;1.0;0;0;1.0;1.0;0;0;0;0;0
256013;2.26;0.96;22.0;1639.0;13.5;72.0;13.5;3.13;17.15;14.58;78.04;85.20;2.31;128762.0;22.0;22.0;55.0;4543.0;971.73;273.43;3.0;1.0;0;1.0;0;0;1.0;0;0;1.0;0;0;1.0;1.0;0;0;0;0;0
256595;3.40;0.96;25.0;1585.0;13.5;72.0;12.75;5.09;20.53;14.20;125.89;171.62;2.58;128762.0;24.0;25.0;55.0;4533.0;971.73;878.89;3.0;1.0;0;1.0;0;0;1.0;0;0;1.0;0;0;1.0;1.0;0;0;0;0;0
257153;3.28;0.98;27.0;1755.0;13.5;72.0;13.5;6.27;24.34;14.39;180.90;153.60;2.31;128762.0;28.0;28.0;55.0;4564.0;971.73;839.83;3.0;1.0;0;1.0;0;0;1.0;0;0;1.0;0;0;1.0;1.0;0;0;0;0;0
257646;3.00;0.96;31.0;1933.0;13.5;72.0;16.5;6.27;22.42;14.48;216.35;148.05;2.31;128762.0;31.0;31.0;55.0;4524.0;971.73;781.24;3.0;1.0;0;1.0;0;0;1.0;0;0;1.0;0;0;1.0;1.0;0;0;0;0;0
258191;2.75;0.94;33.0;2123.0;13.5;72.0;19.5;6.27;21.99;14.48;250.96;141.98;2.31;128762.0;33.0;34.0;55.0;4495.0;971.73;585.93;3.0;1.0;0;1.0;0;0;1.0;0;0;1.0;0;0;1.0;1.0;0;0;0;0;0
258694;2.72;0.94;36.0;2239.0;13.5;72.0;21.75;6.66;22.43;14.48;242.95;139.87;2.31;128762.0;37.0;37.0;55.0;4527.0;971.73;78.12;3.0;1.0;0;1.0;0;0;1.0;0;0;1.0;0;0;1.0;1.0;0;0;0;0;0
259282;3.40;1.00;40.0;2433.0;13.5;72.0;24.0;9.41;26.09;14.58;201.72;188.93;2.31;128762.0;39.0;40.0;55.0;4453.0;971.73;839.83;3.0;1.0;0;1.0;0;0;1.0;0;0;1.0;0;0;1.0;1.0;0;0;0;0;0
259780;3.16;0.97;42.0;2659.0;13.5;72.0;27.0;9.80;25.54;14.58;145.28;190.55;2.31;128762.0;42.0;43.0;55.0;4437.0;971.80;761.70;3.0;1.0;0;1.0;0;0;1.0;0;0;1.0;0;0;1.0;1.0;0;0;0;0;0
260342;2.95;0.93;46.0;2837.0;13.5;72.0;30.0;9.80;25.05;14.39;195.94;237.07;2.31;128762.0;46.0;46.0;55.0;4473.0;971.88;703.11;3.0;1.0;0;1.0;0;0;1.0;0;0;1.0;0;0;1.0;1.0;0;0;0;0;0
260876;2.80;0.91;50.0;3103.0;13.5;72.0;33.0;9.80;24.64;14.39;276.64;307.16;2.31;128762.0;50.0;51.0;55.0;4511.0;972.04;742.17;3.0;1.0;0;1.0;0;0;1.0;0;0;1.0;0;0;1.0;1.0;0;0;0;0;0
261399;2.72;0.89;52.0;3238.0;13.5;72.0;33.75;9.80;24.35;14.48;318.29;330.46;2.31;128762.0;52.0;53.0;55.0;4572.0;972.08;78.12;3.0;1.0;0;1.0;0;0;1.0;0;0;1.0;0;0;1.0;1.0;0;0;0;0;0
261938;2.30;1.00;53.0;2967.0;13.5;72.0;22.5;5.09;15.39;14.48;328.86;347.84;2.31;128762.0;54.0;54.0;55.0;4256.0;972.12;839.83;4.0;1.0;0;1.0;0;0;1.0;0;0;1.0;0;0;1.0;1.0;0;0;0;0;0
262459;3.89;1.00;56.0;2954.0;13.5;72.0;31.5;10.19;25.53;14.58;321.95;329.97;2.31;128762.0;55.0;57.0;55.0;4211.0;972.27;878.89;4.0;1.0;0;1.0;0;0;1.0;0;0;1.0;0;0;1.0;1.0;0;0;0;0;0
263023;3.19;0.95;60.0;3103.0;13.5;72.0;32.25;10.58;25.52;14.48;237.66;232.40;2.31;128762.0;59.0;60.0;55.0;4378.0;972.27;820.30;4.0;1.0;0;1.0;0;0;1.0;0;0;0;0;0;1.0;1.0;0;0;0;0;0
263520;2.97;0.90;62.0;3270.0;13.5;72.0;31.5;12.15;25.56;14.58;240.59;195.63;2.31;128762.0;62.0;63.0;55.0;4483.0;972.51;292.96;4.0;1.0;0;1.0;0;0;1.0;0;0;0;0;0;1.0;1.0;0;0;0;0;0
264019;2.96;0.94;66.0;3423.0;13.5;72.0;33.75;11.37;24.49;14.58;240.49;211.93;2.31;128762.0;64.0;66.0;55.0;4500.0;972.62;800.77;4.0;1.0;0;1.0;0;0;1.0;0;0;0;0;0;1.0;1.0;0;0;0;0;0
264523;2.36;0.98;67.0;3503.0;13.5;72.0;39.0;7.05;19.39;14.58;289.04;168.29;2.31;128762.0;67.0;68.0;55.0;4510.0;972.74;859.36;4.0;1.0;0;1.0;0;0;1.0;0;0;0;0;0;1.0;1.0;0;0;0;0;0
265044;1.90;0.93;68.0;3571.0;13.5;72.0;40.5;5.88;16.52;14.48;314.47;188.11;2.31;128762.0;68.0;69.0;55.0;4521.0;972.82;859.36;4.0;1.0;0;1.0;0;0;1.0;0;0;0;0;0;1.0;1.0;0;0;0;0;0
265545;0.54;1.00;67.0;3504.0;13.5;72.0;-30.0;0;0;14.48;310.66;188.77;2.31;128762.0;68.0;68.0;55.0;4621.0;972.86;722.64;4.0;1.0;0;1.0;0;0;1.0;0;0;0;0;0;1.0;1.0;0;0;0;0;0
266135;0.56;1.00;66.0;3440.0;13.5;72.0;-30.0;0;0;14.58;336.54;241.60;2.31;128762.0;66.0;66.0;55.0;4632.0;972.90;0;4.0;1.0;0;1.0;0;0;1.0;0;0;0;0;0;1.0;1.0;0;0;0;0;0
266625;0.59;1.00;62.0;3260.0;13.5;72.0;-30.0;0;0;14.58;353.64;229.14;2.31;128762.0;62.0;63.0;55.0;4651.0;972.94;0;4.0;1.0;0;1.0;0;0;1.0;0;0;0;0;0;1.0;1.0;0;0;0;0;0
267149;0.68;1.00;57.0;2976.0;13.5;72.0;-30.0;0;0;14.58;355.32;253.81;2.31;128762.0;56.0;58.0;55.0;4694.0;972.94;0;4.0;1.0;0;1.0;0;0;1.0;0;0;1.0;0;0;1.0;1.0;0;0;0;0;0
267717;1.16;1.00;48.0;2531.0;13.5;72.0;1.5;0;9.24;14.58;348.88;272.42;2.31;128762.0;48.0;48.0;55.0;4593.0;972.94;0;4.0;1.0;0;1.0;0;0;1.0;0;0;1.0;0;0;1.0;1.0;0;0;0;0;0
268211;1.03;1.00;41.0;2137.0;13.5;72.0;14.25;0;13.72;14.58;279.94;241.09;2.31;128762.0;41.0;41.0;55.0;4224.0;972.98;19.53;4.0;1.0;0;1.0;0;0;1.0;0;0;1.0;0;0;1.0;1.0;0;0;0;0;0
268816;1.08;1.00;36.0;1876.0;13.5;72.0;15.75;0;13.73;14.58;203.60;193.21;2.31;128762.0;36.0;36.0;55.0;4348.0;972.98;39.06;4.0;1.0;0;1.0;0;0;1.0;0;0;1.0;0;0;1.0;1.0;0;0;0;0;0
269306;1.92;1.01;31.0;1415.0;13.5;72.0;7.5;0.78;12.80;14.39;220.37;201.68;2.31;128762.0;32.0;32.0;56.0;4397.0;972.98;644.52;4.0;1.0;0;1.0;0;0;1.0;0;0;1.0;0;0;1.0;1.0;0;0;0;0;0
269828;1.18;0.98;28.0;1740.0;13.5;72.0;14.25;0;13.81;14.58;243.38;155.04;2.31;128762.0;28.0;28.0;57.0;4496.0;972.98;820.30;3.0;1.0;0;1.0;0;0;1.0;0;0;1.0;0;0;1.0;1.0;0;0;0;0;0
270326;1.44;0.97;23.0;1363.0;13.5;72.0;15.0;0;13.54;14.48;172.62;156.61;2.31;128762.0;24.0;24.0;54.0;4497.0;973.02;839.83;3.0;1.0;0;1.0;0;0;1.0;0;0;1.0;0;0;1.0;1.0;0;0;0;0;0
270831;1.16;0.95;20.0;1599.0;13.5;72.0;15.75;0;13.73;14.39;161.70;120.28;2.31;128762.0;20.0;20.0;54.0;4516.0;973.09;820.30;2.0;1.0;0;1.0;0;0;1.0;0;0;1.0;0;0;1.0;1.0;0;0;0;0;0
271329;1.30;0.94;16.0;1349.0;13.5;72.0;15.0;0;13.53;14.48;165.67;99.81;2.31;128762.0;17.0;17.0;54.0;4502.0;973.37;761.70;2.0;1.0;0;1.0;0;0;1.0;0;0;1.0;0;0;1.0;1.0;0;0;0;0;0
271833;1.21;0.92;13.0;1334.0;13.5;72.75;15.75;0;13.70;14.58;219.79;118.70;2.31;128762.0;14.0;14.0;54.0;4501.0;973.60;39.06;2.0;1.0;0;1.0;0;0;1.0;0;0;1.0;0;0;1.0;1.0;0;0;0;0;0
272389;1.37;0.94;12.0;1332.0;13.5;72.75;16.5;0;13.86;14.58;234.41;139.26;2.31;128762.0;12.0;12.0;54.0;4505.0;973.68;19.53;2.0;1.0;0;1.0;0;0;1.0;0;0;1.0;0;0;1.0;1.0;0;0;0;0;0
272950;1.36;0.96;11.0;1320.0;13.5;72.75;17.25;0;14.02;14.48;264.76;191.15;2.31;128762.0;12.0;11.0;55.0;4509.0;973.84;19.53;2.0;1.0;0;1.0;0;0;1.0;0;0;1.0;0;0;1.0;1.0;0;0;0;0;0
273483;1.30;0.98;11.0;1350.0;13.5;72.75;15.0;0;13.62;14.48;256.27;162.91;2.31;128762.0;11.0;12.0;55.0;4514.0;973.95;39.06;2.0;1.0;0;1.0;0;0;1.0;0;0;1.0;0;0;1.0;1.0;0;0;0;0;0
274075;1.32;0.99;11.0;1367.0;13.5;72.75;14.25;0;13.50;14.39;295.44;157.72;2.31;128762.0;11.0;11.0;54.0;4521.0;973.95;546.86;2.0;1.0;0;1.0;0;0;1.0;0;0;1.0;0;0;1.0;1.0;0;0;0;0;0
274598;1.41;0.98;10.0;1311.0;13.5;72.75;17.25;0;13.71;14.39;311.38;170.14;2.31;128762.0;10.0;10.0;54.0;4500.0;974.03;136.71;1.0;1.0;0;1.0;0;0;1.0;0;0;1.0;0;0;1.0;1.0;0;0;0;0;0
275132;1.36;1.00;10.0;1312.0;13.5;72.75;18.0;0;14.18;14.58;303.92;163.71;2.31;128762.0;10.0;10.0;55.0;4508.0;974.07;39.06;1.0;1.0;0;1.0;0;0;1.0;0;0;1.0;0;0;1.0;1.0;0;0;0;0;0
275680;1.32;1.01;8.0;1349.0;13.5;72.75;15.0;0;13.58;14.48;247.54;225.92;2.31;128762.0;9.0;8.0;54.0;4511.0;974.11;820.30;1.0;1.0;0;1.0;0;0;1.0;0;0;1.0;0;0;1.0;1.0;0;0;0;0;0
276202;1.40;0.99;6.0;1338.0;13.5;72.75;15.75;0;13.73;14.39;204.61;239.47;2.31;128762.0;7.0;7.0;54.0;4509.0;974.15;839.83;1.0;1.0;0;1.0;0;0;1.0;0;0;1.0;0;0;1.0;1.0;0;0;0;0;0
276699;1.48;0.98;5.0;1285.0;13.5;72.75;20.25;0;14.46;14.48;202.93;182.72;2.31;128762.0;5.0;5.0;55.0;4522.0;974.15;839.83;1.0;1.0;0;1.0;0;0;1.0;0;0;1.0;0;0;1.0;1.0;0;0;0;0;0
277192;1.35;0.96;0;1339.0;13.5;72.75;15.75;0;13.75;14.39;204.01;167.70;2.31;128762.0;0;0;54.0;4508.0;974.15;820.30;1.0;1.0;0;1.0;0;0;1.0;0;0;1.0;0;0;1.0;1.0;0;0;0;0;0
277713;1.51;0.95;0;1254.0;13.5;72.75;22.5;0;14.90;14.58;224.20;203.26;2.31;128762.0;0;0;55.0;4498.0;974.19;683.58;1.0;1.0;0;1.0;0;0;1.0;0;0;1.0;0;0;1.0;1.0;0;0;0;0;0
278202;1.28;0.93;0;1359.0;13.5;72.75;14.25;0;13.53;14.39;243.36;222.70;2.31;128762.0;0;0;54.0;4513.0;974.19;703.11;1.0;1.0;0;1.0;0;0;1.0;0;0;1.0;0;0;1.0;1.0;0;0;0;0;0
278723;1.31;0.93;0;1313.0;13.5;72.75;17.25;0;14.05;14.39;253.51;261.38;2.31;128762.0;0;0;54.0;4528.0;974.19;58.59;1.0;1.0;0;1.0;0;0;1.0;0;0;1.0;0;0;1.0;1.0;0;0;0;0;0
279313;1.42;0.94;0;1333.0;13.5;72.75;16.5;0;13.94;14.39;211.33;273.28;2.31;128762.0;0;0;55.0;4515.0;974.19;39.06;1.0;1.0;0;1.0;0;0;1.0;0;0;1.0;0;0;1.0;1.0;0;0;0;0;0
279824;1.28;0.96;0;1360.0;13.5;72.75;14.25;0;13.53;14.58;243.10;298.26;2.31;128762.0;0;0;55.0;4502.0;974.19;58.59;1.0;1.0;0;1.0;0;0;1.0;0;0;1.0;0;0;1.0;1.0;0;0;0;0;0
280412;1.40;0.98;0;1313.0;13.5;72.75;17.25;0;14.06;14.48;280.82;297.73;2.31;128762.0;0;0;54.0;4518.0;974.19;58.59;1.0;1.0;0;1.0;0;0;1.0;0;0;1.0;0;0;1.0;1.0;0;0;0;0;0
280975;1.32;1.00;0;1302.0;13.5;72.75;18.0;0;14.21;14.58;300.41;217.03;2.31;128762.0;0;0;54.0;4498.0;974.19;78.12;1.0;1.0;0;1.0;0;0;1.0;0;0;1.0;0;0;1.0;1.0;0;0;0;0;0
281509;1.42;1.01;0;1359.0;13.5;72.75;14.25;0;13.41;14.48;301.54;232.66;2.31;128762.0;0;0;53.0;4511.0;974.19;351.55;1.0;1.0;0;1.0;0;0;1.0;0;0;1.0;0;0;1.0;1.0;0;0;0;0;0
282013;1.36;1.01;0;1316.0;13.5;72.75;17.25;0;13.92;14.48;219.79;178.77;2.31;128762.0;0;0;53.0;4511.0;974.19;839.83;1.0;1.0;0;1.0;0;0;1.0;0;0;1.0;0;0;1.0;1.0;0;0;0;0;0
282534;1.32;0.99;0;1350.0;13.5;72.75;15.0;0;13.43;14.58;168.87;130.30;2.31;128762.0;0;0;53.0;4500.0;974.19;839.83;1.0;1.0;0;1.0;0;0;1.0;0;0;1.0;0;0;1.0;1.0;0;0;0;0;0
283066;1.37;0.98;0;1317.0;13.5;72.75;17.25;0;13.89;14.39;116.75;94.93;2.31;128762.0;0;0;53.0;4526.0;974.19;371.08;1.0;1.0;0;1.0;0;0;1.0;0;0;1.0;0;0;1.0;1.0;0;0;0;0;0
283569;1.36;0.99;0;1349.0;13.5;72.75;15.0;0;13.47;14.39;105.69;81.63;2.31;128762.0;0;0;53.0;4508.0;974.19;488.27;1.0;1.0;0;1.0;0;0;1.0;0;0;1.0;0;0;1.0;1.0;0;0;0;0;0
284117;1.32;0.97;0;1293.0;13.5;72.75;19.5;0;14.26;14.48;91.61;78.72;2.31;128762.0;0;0;54.0;4519.0;974.19;761.70;1.0;1.0;0;1.0;0;0;1.0;0;0;1.0;0;0;1.0;1.0;0;0;0;0;0
284664;1.29;0.96;0;1320.0;13.5;72.75;17.25;0;14.02;14.58;141.14;98.78;2.31;128762.0;0;0;54.0;4511.0;974.19;39.06;1.0;1.0;0;1.0;0;0;1.0;0;0;1.0;0;0;1.0;1.0;0;0;0;0;0
285172;1.36;0.98;0;1318.0;13.5;72.75;18.0;0;14.18;14.58;201.90;118.56;2.31;128762.0;0;0;56.0;4500.0;974.19;39.06;1.0;1.0;0;1.0;0;0;1.0;0;0;1.0;0;0;1.0;1.0;0;0;0;0;0
285689;1.42;1.00;0;1310.0;13.5;72.75;18.0;0;14.22;14.48;179.30;155.02;2.31;128762.0;0;0;54.0;4504.0;974.19;97.65;1.0;1.0;0;1.0;0;0;1.0;0;0;1.0;0;0;1.0;1.0;0;0;0;0;0
286193;1.36;1.00;0;1280.0;13.5;72.75;20.25;0;14.56;14.39;180.12;203.75;2.31;128762.0;0;0;55.0;4509.0;974.19;742.17;1.0;1.0;0;1.0;0;0;1.0;0;0;1.0;0;0;1.0;1.0;0;0;0;0;0
286968;1.35;0.99;0;1314.0;13.5;72.75;17.25;0;14.12;14.48;138.38;210.68;2.31;128762.0;0;0;56.0;4510.0;974.19;78.12;1.0;1.0;0;1.0;0;0;1.0;0;0;1.0;0;0;1.0;1.0;0;0;0;0;0
287514;1.33;1.01;0;1353.0;13.5;72.75;15.0;0;13.62;14.39;147.09;155.26;2.31;128762.0;0;0;55.0;4512.0;974.19;136.71;1.0;1.0;0;1.0;0;0;1.0;0;0;1.0;0;0;1.0;1.0;0;0;0;0;0
288052;1.40;1.01;0;1354.0;13.5;72.75;14.25;0;13.93;14.39;147.13;186.25;2.31;128762.0;0;0;54.0;4533.0;974.19;761.70;1.0;1.0;0;1.0;0;0;1.0;0;0;1.0;0;0;1.0;1.0;0;0;0;0;0
288559;1.31;0.99;0;1328.0;13.5;72.75;16.5;0;14.05;14.48;128.81;179.24;2.31;128762.0;0;0;53.0;4524.0;974.19;820.30;1.0;1.0;0;1.0;0;0;1.0;0;0;1.0;0;0;1.0;1.0;0;0;0;0;0
289060;1.29;0.97;0;1346.0;13.5;72.75;15.0;0;13.55;14.48;118.42;153.31;2.31;128762.0;0;0;54.0;4512.0;974.19;761.70;1.0;1.0;0;1.0;0;0;1.0;0;0;1.0;0;0;1.0;1.0;0;0;0;0;0
289559;1.40;0.96;0;1287.0;13.5;72.75;19.5;0;14.37;14.58;148.46;174.20;2.31;128762.0;0;0;55.0;4507.0;974.19;683.58;1.0;1.0;0;1.0;0;0;1.0;0;0;1.0;0;0;1.0;1.0;0;0;0;0;0
290063;1.43;0.94;0;1322.0;13.5;72.75;17.25;0;14.11;14.48;148.23;218.48;2.31;128762.0;0;0;55.0;4509.0;974.19;58.59;1.0;1.0;0;1.0;0;0;1.0;0;0;1.0;0;0;1.0;1.0;0;0;0;0;0
290690;1.43;0.96;0;1332.0;13.5;72.75;16.5;0;13.93;14.39;166.47;220.43;2.31;128762.0;0;0;54.0;4504.0;974.19;97.65;1.0;1.0;0;1.0;0;0;1.0;0;0;1.0;0;0;1.0;1.0;0;0;0;0;0
291250;1.40;0.97;0;1277.0;13.5;72.75;20.25;0;14.06;14.39;190.96;183.60;2.31;128762.0;0;0;54.0;4525.0;974.19;800.77;1.0;1.0;0;1.0;0;0;1.0;0;0;1.0;0;0;1.0;1.0;0;0;0;0;0
291793;1.25;0.96;0;1473.0;13.5;72.75;17.25;0;13.88;14.58;188.87;154.54;2.31;128762.0;0;0;54.0;4511.0;974.19;19.53;1.0;1.0;0;1.0;0;0;1.0;0;0;1.0;0;0;1.0;1.0;0;0;0;0;0
292359;1.93;0.97;0;1302.0;13.5;72.75;19.5;0.39;14.28;14.48;158.40;119.60;2.31;128762.0;0;0;55.0;4515.0;974.19;781.24;1.0;1.0;0;1.0;0;0;1.0;0;0;1.0;0;0;1.0;1.0;0;0;0;0;0
292914;2.13;0.95;0;1440.0;13.5;72.75;12.75;2.35;16.55;14.48;115.81;109.25;2.31;128762.0;0;0;56.0;4538.0;974.19;117.18;1.0;1.0;0;1.0;0;0;1.0;0;0;1.0;0;0;1.0;1.0;0;0;0;0;0
293413;2.78;0.97;0;1843.0;13.5;72.75;14.25;4.31;17.97;14.39;83.86;115.16;2.31;128762.0;0;0;55.0;4570.0;974.19;859.36;1.0;1.0;0;1.0;0;0;1.0;0;0;1.0;0;0;1.0;1.0;0;0;0;0;0
293928;4.63;1.00;10.0;1726.0;13.5;72.75;12.0;11.76;34.61;14.48;114.50;152.25;2.31;128762.0;9.0;10.0;55.0;4542.0;974.19;820.30;1.0;1.0;0;1.0;0;0;1.0;0;0;1.0;0;0;1.0;1.0;0;0;0;0;0
294519;5.16;1.00;17.0;2120.0;13.5;72.75;12.0;18.82;38.03;14.58;95.83;179.96;2.31;128762.0;17.0;18.0;55.0;4414.0;974.19;78.12;1.0;1.0;0;1.0;0;0;1.0;0;0;1.0;0;0;1.0;1.0;0;0;0;0;0
295079;4.72;1.04;27.0;3071.0;13.5;72.75;24.0;20.39;34.35;14.48;108.48;243.91;2.31;128762.0;26.0;28.0;55.0;4428.0;974.19;703.11;1.0;1.0;0;1.0;0;0;1.0;0;0;0;0;0;1.0;1.0;0;0;0;0;0
295613;4.81;1.00;32.0;3168.0;13.5;72.75;30.0;13.33;28.62;14.29;219.69;257.07;2.58;128762.0;32.0;32.0;55.0;4497.0;974.19;839.83;2.0;1.0;0;1.0;0;0;1.0;0;0;1.0;0;0;1.0;1.0;0;0;0;0;0
296160;4.81;1.00;38.0;3088.0;13.5;72.75;21.75;22.74;35.81;14.58;288.00;312.46;2.31;128762.0;38.0;39.0;55.0;4463.0;974.19;39.06;2.0;1.0;0;1.0;0;0;1.0;0;0;1.0;0;0;1.0;1.0;0;0;0;0;0
296682;4.16;1.00;45.0;3505.0;13.5;72.75;27.75;19.21;32.74;14.39;303.39;335.09;2.31;128762.0;44.0;45.0;55.0;4520.0;974.19;859.36;2.0;1.0;0;1.0;0;0;1.0;0;0;0;0;0;1.0;1.0;0;0;0;0;0
297180;3.35;1.00;47.0;2882.0;13.5;72.75;17.25;9.41;22.56;14.39;318.82;343.72;2.31;128762.0;47.0;47.0;55.0;4510.0;974.19;878.89;3.0;1.0;0;1.0;0;0;1.0;0;0;1.0;0;0;1.0;1.0;0;0;0;0;0
297675;2.55;0.96;50.0;3084.0;13.5;72.75;34.5;7.45;21.91;14.29;346.96;328.49;2.58;128762.0;49.0;50.0;55.0;4491.0;974.19;878.89;3.0;1.0;0;1.0;0;0;1.0;0;0;1.0;0;0;1.0;1.0;0;0;0;0;0
298197;2.25;0.92;52.0;3212.0;13.5;72.75;36.0;6.66;19.84;14.48;316.85;328.92;2.31;128762.0;51.0;53.0;55.0;4506.0;974.19;898.42;3.0;1.0;0;1.0;0;0;1.0;0;0;1.0;0;0;1.0;1.0;0;0;0;0;0
298778;3.32;0.97;56.0;3461.0;13.5;72.75;33.0;12.15;26.60;14.48;308.88;337.53;2.31;128762.0;55.0;57.0;55.0;4502.0;974.19;839.83;3.0;1.0;0;1.0;0;0;1.0;0;0;0;0;0;1.0;1.0;0;0;0;0;0
299295;3.04;1.00;57.0;3032.0;13.5;72.75;16.5;7.84;18.47;14.48;318.35;323.96;2.31;128762.0;57.0;58.0;55.0;4510.0;974.19;859.36;4.0;1.0;0;1.0;0;0;1.0;0;0;0;0;0;1.0;1.0;0;0;0;0;0
299887;3.55;0.98;62.0;3232.0;13.5;72.75;30.0;14.51;27.26;14.48;244.90;302.42;2.31;128762.0;59.0;62.0;55.0;4511.0;974.19;820.30;4.0;1.0;0;1.0;0;0;1.0;0;0;0;0;0;1.0;1.0;0;0;0;0;0
300487;2.64;0.91;65.0;3366.0;13.5;72.75;34.5;10.19;23.15;14.48;217.52;197.56;2.31;128762.0;63.0;65.0;55.0;4507.0;974.19;742.17;4.0;1.0;0;1.0;0;0;1.0;0;0;0;0;0;1.0;1.0;0;0;0;0;0
300985;2.28;0.85;67.0;3511.0;13.5;72.75;37.5;8.62;21.24;14.29;253.89;174.28;2.58;128762.0;65.0;68.0;55.0;4513.0;974.19;664.05;4.0;1.0;0;1.0;0;0;1.0;0;0;0;0;0;1.0;1.0;0;0;0;0;0
301557;1.95;0.79;68.0;3576.0;13.5;72.75;39.0;7.45;19.59;14.39;261.15;261.95;2.31;128762.0;67.0;69.0;55.0;4508.0;974.19;332.02;4.0;1.0;0;1.0;0;0;1.0;0;0;0;0;0;1.0;1.0;0;0;0;0;0
302116;3.27;0.99;71.0;3682.0;13.5;72.75;34.5;12.15;25.05;14.48;318.16;297.61;2.31;128762.0;68.0;71.0;55.0;4509.0;974.19;839.83;4.0;1.0;0;1.0;0;0;1.0;0;0;0;0;0;1.0;1.0;0;0;0;0;0
302622;2.88;0.91;72.0;3795.0;13.5;72.75;36.75;11.76;24.57;14.58;336.67;335.74;2.31;128762.0;70.0;73.0;55.0;4521.0;974.19;781.24;4.0;1.0;0;1.0;0;0;1.0;0;0;0;0;0;1.0;1.0;0;0;0;0;0
303177;3.29;1.00;73.0;3450.0;13.5;72.75;27.75;9.41;21.75;14.58;325.29;335.70;2.31;128763.0;72.0;74.0;55.0;4476.0;974.19;859.36;5.0;1.0;0;1.0;0;0;1.0;0;0;0;0;0;1.0;1.0;0;0;0;0;0
303727;3.86;1.00;77.0;3581.0;13.5;72.75;30.75;16.47;28.38;14.48;322.36;344.84;2.31;128763.0;75.0;78.0;55.0;4496.0;974.19;820.30;5.0;1.0;0;1.0;0;0;1.0;0;0;0;0;0;1.0;1.0;0;0;0;0;0
304269;3.05;0.95;78.0;3632.0;13.5;72.75;34.5;12.15;24.85;14.48;341.98;341.87;2.31;128763.0;78.0;79.0;55.0;4513.0;974.19;820.30;5.0;1.0;0;1.0;0;0;1.0;0;0;0;0;0;1.0;1.0;0;0;0;0;0
304951;2.00;0.99;80.0;3686.0;13.5;73.5;42.0;5.88;17.12;14.58;344.68;344.13;2.31;128763.0;79.0;80.0;54.0;4520.0;974.19;859.36;5.0;1.0;0;1.0;0;0;1.0;0;0;0;0;0;1.0;1.0;0;0;0;0;0
305492;0.48;1.00;77.0;3534.0;13.5;73.5;-30.0;0;0;14.58;314.08;278.22;2.31;128763.0;77.0;77.0;54.0;4688.0;974.19;195.31;5.0;1.0;0;1.0;0;0;1.0;0;0;0;0;0;1.0;1.0;0;0;0;0;0
306005;0.56;1.00;72.0;3374.0;13.5;73.5;-30.0;0;0;14.58;307.75;315.37;2.31;128763.0;73.0;73.0;54.0;4706.0;974.19;0;5.0;1.0;0;1.0;0;0;1.0;0;0;0;0;0;1.0;1.0;0;0;0;0;0
306604;0.62;1.00;68.0;3150.0;13.5;73.5;-30.0;0;0;14.58;312.90;334.25;2.31;128763.0;68.0;68.0;54.0;4736.0;974.19;0;5.0;1.0;0;1.0;0;0;1.0;0;0;0;0;0;1.0;1.0;0;0;0;0;0
307146;0.64;1.00;62.0;2876.0;13.5;73.5;-30.0;0;0;14.58;341.63;351.30;2.31;128763.0;62.0;62.0;54.0;4801.0;974.27;0;5.0;1.0;0;1.0;0;0;1.0;0;0;0;0;0;1.0;1.0;0;0;0;0;0
307679;0.69;1.00;56.0;2608.0;13.5;73.5;-30.0;0;0;14.58;349.25;355.73;2.31;128763.0;57.0;57.0;54.0;4679.0;974.23;0;5.0;1.0;0;1.0;0;0;1.0;0;0;1.0;0;0;1.0;1.0;0;0;0;0;0
308207;0.84;1.00;51.0;2358.0;13.5;73.5;17.25;0;13.60;14.48;356.40;323.20;2.31;128763.0;50.0;51.0;54.0;4277.0;974.23;19.53;5.0;1.0;0;1.0;0;0;1.0;0;0;1.0;0;0;1.0;1.0;0;0;0;0;0
308741;0.98;1.00;46.0;2143.0;13.5;74.25;15.0;0;13.42;14.48;302.18;266.87;2.31;128763.0;46.0;46.0;52.0;4285.0;974.58;19.53;5.0;1.0;0;1.0;0;0;1.0;0;0;1.0;0;0;1.0;1.0;0;0;0;0;0
309306;1.05;1.00;42.0;1974.0;13.5;74.25;15.0;0;13.45;14.48;209.57;179.73;2.31;128763.0;43.0;43.0;51.0;4423.0;974.85;39.06;5.0;1.0;0;1.0;0;0;1.0;0;0;1.0;0;0;1.0;1.0;0;0;0;0;0
309896;1.05;1.00;40.0;1879.0;13.5;74.25;15.0;0;13.45;14.48;128.81;121.96;2.31;128763.0;41.0;40.0;53.0;4466.0;975.05;58.59;5.0;1.0;0;1.0;0;0;1.0;0;0;1.0;0;0;1.0;1.0;0;0;0;0;0
310392;3.64;1.00;40.0;1585.0;13.5;74.25;13.5;3.92;17.22;14.48;130.30;92.96;2.31;128763.0;40.0;40.0;54.0;4495.0;975.16;898.42;4.0;1.0;0;1.0;0;0;1.0;0;0;1.0;0;0;1.0;1.0;0;0;0;0;0
310917;2.59;1.00;40.0;2330.0;13.5;74.25;16.5;4.70;17.25;14.39;146.04;88.97;2.31;128763.0;40.0;40.0;54.0;4564.0;975.24;878.89;4.0;1.0;0;1.0;0;0;1.0;0;0;1.0;0;0;1.0;1.0;0;0;0;0;0
311452;3.44;1.00;41.0;2154.0;13.5;74.25;20.25;7.05;23.87;14.48;165.84;121.96;2.31;128763.0;40.0;41.0;54.0;4521.0;975.32;898.42;4.0;1.0;0;1.0;0;0;1.0;0;0;1.0;0;0;1.0;1.0;0;0;0;0;0
311952;4.00;1.00;43.0;2270.0;13.5;74.25;19.5;11.76;30.46;14.58;141.61;137.53;2.31;128763.0;43.0;44.0;54.0;4467.0;975.36;859.36;4.0;1.0;0;1.0;0;0;1.0;0;0;1.0;0;0;1.0;1.0;0;0;0;0;0
312476;3.91;0.96;46.0;2401.0;13.5;74.25;21.0;13.72;31.62;14.39;175.82;128.87;2.31;128763.0;45.0;46.0;54.0;4439.0;975.36;781.24;4.0;1.0;0;1.0;0;0;1.0;0;0;1.0;0;0;1.0;1.0;0;0;0;0;0
313070;3.64;0.96;48.0;2564.0;13.5;75.0;24.75;14.11;29.85;14.48;235.64;225.76;2.31;128763.0;49.0;49.0;54.0;4449.0;975.40;58.59;4.0;1.0;0;1.0;0;0;1.0;0;0;1.0;0;0;1.0;1.0;0;0;0;0;0
313606;3.39;1.00;52.0;2729.0;13.5;75.0;27.75;11.37;27.43;14.48;296.28;295.43;2.31;128763.0;52.0;53.0;54.0;4511.0;975.40;839.83;4.0;1.0;0;1.0;0;0;1.0;0;0;1.0;0;0;1.0;1.0;0;0;0;0;0
314215;3.20;0.95;56.0;2911.0;13.5;75.0;29.25;11.37;27.14;14.58;325.99;326.11;2.31;128763.0;55.0;56.0;54.0;4507.0;975.44;800.77;4.0;1.0;0;1.0;0;0;1.0;0;0;1.0;0;0;1.0;1.0;0;0;0;0;0
314713;3.06;0.92;60.0;3124.0;13.5;75.0;30.75;11.37;26.56;14.48;347.57;347.61;2.31;128763.0;59.0;60.0;54.0;4526.0;975.44;136.71;4.0;1.0;0;1.0;0;0;1.0;0;0;0;0;0;1.0;1.0;0;0;0;0;0
315293;3.62;0.98;62.0;3257.0;13.5;75.0;28.5;16.08;28.50;14.48;334.99;335.15;2.31;128763.0;62.0;63.0;54.0;4591.0;975.52;58.59;4.0;1.0;0;1.0;0;0;1.0;0;0;0;0;0;1.0;1.0;0;0;0;0;0
315802;2.85;0.99;63.0;2948.0;13.5;75.0;18.75;9.02;21.07;14.48;263.03;262.52;2.31;128763.0;64.0;64.0;54.0;4473.0;975.48;859.36;5.0;1.0;0;1.0;0;0;1.0;0;0;0;0;0;1.0;1.0;0;0;0;0;0
316356;2.71;0.94;66.0;3080.0;13.5;75.0;33.0;9.41;23.08;14.58;275.29;261.48;2.31;128763.0;66.0;67.0;54.0;4485.0;975.55;800.77;5.0;1.0;0;1.0;0;0;1.0;0;0;0;0;0;1.0;1.0;0;0;0;0;0
316848;2.51;0.89;68.0;3197.0;13.5;75.0;33.75;9.41;22.67;14.48;274.74;244.37;2.31;128763.0;68.0;69.0;54.0;4530.0;975.59;722.64;5.0;1.0;0;1.0;0;0;1.0;0;0;0;0;0;1.0;1.0;0;0;0;0;0
317345;2.13;0.87;71.0;3265.0;13.5;75.0;35.25;7.84;20.71;14.58;271.81;240.49;2.31;128763.0;70.0;71.0;54.0;4577.0;975.71;39.06;5.0;1.0;0;1.0;0;0;1.0;0;0;0;0;0;1.0;1.0;0;0;0;0;0
317851;0.56;1.00;70.0;3202.0;13.5;75.0;-30.0;0;0;14.48;299.90;230.88;2.31;128763.0;70.0;69.0;54.0;4655.0;975.71;19.53;5.0;1.0;0;1.0;0;0;1.0;0;0;0;0;0;1.0;1.0;0;0;0;0;0
318372;0.64;1.00;68.0;3142.0;13.5;75.0;-30.0;0;0;14.48;316.58;270.84;2.31;128763.0;68.0;69.0;54.0;4661.0;975.79;0;5.0;1.0;0;1.0;0;0;1.0;0;0;0;0;0;1.0;1.0;0;0;0;0;0
318869;1.84;1.00;67.0;3095.0;13.5;75.0;31.5;3.52;7.89;14.58;337.43;314.74;2.31;128763.0;67.0;67.0;54.0;4420.0;975.91;19.53;5.0;1.0;0;1.0;0;0;1.0;0;0;0;0;0;1.0;1.0;0;0;0;0;0
319449;2.21;1.00;66.0;3225.0;13.5;75.0;10.5;5.88;12.19;14.58;336.03;334.35;2.31;128763.0;66.0;67.0;54.0;4228.0;975.98;859.36;5.0;1.0;0;1.0;0;0;1.0;0;0;0;0;0;1.0;1.0;0;0;0;0;0
320007;2.25;0.95;68.0;3142.0;13.5;75.0;24.75;6.27;17.35;14.58;350.70;328.45;2.31;128763.0;68.0;68.0;54.0;4357.0;976.10;859.36;5.0;1.0;0;1.0;0;0;1.0;0;0;0;0;0;1.0;1.0;0;0;0;0;0
320538;2.08;0.91;70.0;3183.0;13.5;75.0;36.0;6.27;18.54;14.48;351.30;348.64;2.31;128763.0;71.0;69.0;54.0;4472.0;976.30;820.30;5.0;1.0;0;1.0;0;0;1.0;0;0;0;0;0;1.0;1.0;0;0;0;0;0
321059;2.18;0.86;70.0;3257.0;13.5;75.0;36.75;7.05;18.97;14.58;331.18;330.58;2.31;128763.0;70.0;71.0;54.0;4468.0;976.41;859.36;5.0;1.0;0;1.0;0;0;1.0;0;0;0;0;0;1.0;1.0;0;0;0;0;0
321559;3.88;1.00;73.0;3420.0;13.5;75.0;30.0;16.86;29.09;14.48;345.01;341.16;2.31;128763.0;74.0;74.0;54.0;4489.0;976.49;781.24;5.0;1.0;0;1.0;0;0;1.0;0;0;0;0;0;1.0;1.0;0;0;0;0;0
322066;4.08;0.98;77.0;3538.0;13.5;75.0;27.75;20.00;31.72;14.58;324.54;326.01;2.31;128763.0;75.0;77.0;54.0;4525.0;976.53;175.77;5.0;1.0;0;1.0;0;0;1.0;0;0;0;0;0;1.0;1.0;0;0;0;0;0
322570;0.05;1.00;77.0;3470.0;13.5;75.0;41.25;0;9.80;14.58;248.10;323.43;2.31;128763.0;77.0;78.0;54.0;4610.0;976.57;898.42;5.0;1.0;0;1.0;0;0;1.0;0;0;0;0;0;1.0;1.0;0;0;0;0;0
323088;3.45;0.98;78.0;3357.0;13.5;75.0;31.5;12.94;26.01;14.58;212.09;315.99;2.31;128763.0;78.0;79.0;54.0;4198.0;976.61;703.11;6.0;1.0;0;1.0;0;0;1.0;0;0;0;0;0;1.0;1.0;0;0;0;0;0
323623;3.49;0.97;81.0;3433.0;13.5;75.0;31.5;14.90;27.21;14.48;178.42;332.79;2.31;128763.0;80.0;81.0;54.0;4324.0;976.65;214.84;6.0;1.0;0;1.0;0;0;1.0;0;0;0;0;0;1.0;1.0;0;0;0;0;0
324173;3.48;0.98;83.0;3534.0;13.5;75.0;32.25;14.90;26.95;14.58;186.19;260.72;2.31;128763.0;82.0;84.0;54.0;4445.0;976.65;742.17;6.0;1.0;0;1.0;0;0;1.0;0;0;0;0;0;1.0;1.0;0;0;0;0;0
324683;2.93;0.90;85.0;3597.0;13.5;75.0;34.5;12.55;25.43;14.48;282.98;311.34;2.31;128763.0;84.0;85.0;54.0;4505.0;976.65;800.77;6.0;1.0;0;1.0;0;0;1.0;0;0;0;0;0;1.0;1.0;0;0;0;0;0
325186;1.31;1.00;86.0;3661.0;13.5;75.0;42.0;3.92;11.97;14.48;326.13;340.31;2.31;128763.0;86.0;87.0;54.0;4527.0;976.69;878.89;6.0;1.0;0;1.0;0;0;1.0;0;0;0;0;0;1.0;1.0;0;0;0;0;0
325778;0.53;1.00;85.0;3608.0;13.5;75.0;-30.0;0;0;14.58;331.67;347.47;2.31;128763.0;86.0;85.0;54.0;4571.0;976.69;742.17;6.0;1.0;0;1.0;0;0;1.0;0;0;0;0;0;1.0;1.0;0;0;0;0;0
326301;0.54;1.00;83.0;3555.0;13.5;75.0;-30.0;0;0;14.58;298.47;349.39;2.31;128763.0;84.0;84.0;54.0;4571.0;976.69;0;6.0;1.0;0;1.0;0;0;1.0;0;0;0;0;0;1.0;1.0;0;0;0;0;0
326838;0.54;1.00;82.0;3501.0;13.5;75.0;-30.0;0;0;14.48;334.11;332.94;2.31;128763.0;83.0;83.0;54.0;4573.0;976.69;0;6.0;1.0;0;1.0;0;0;1.0;0;0;0;0;0;1.0;1.0;0;0;0;0;0
327393;0.56;1.00;81.0;3448.0;13.5;75.0;-30.0;0;0;14.58;341.54;337.94;2.31;128763.0;82.0;82.0;54.0;4578.0;976.73;0;6.0;1.0;0;1.0;0;0;1.0;0;0;0;0;0;1.0;1.0;0;0;0;0;0
327891;0.57;1.00;80.0;3392.0;13.5;75.0;-30.0;0;0;14.58;355.69;284.22;2.31;128763.0;80.0;80.0;54.0;4587.0;976.80;0;6.0;1.0;0;1.0;0;0;1.0;0;0;0;0;0;1.0;1.0;0;0;0;0;0
328439;0.59;1.00;77.0;3307.0;13.5;75.0;-30.0;0;0;14.48;331.71;241.80;2.31;128763.0;78.0;78.0;54.0;4594.0;976.84;0;6.0;1.0;0;1.0;0;0;1.0;0;0;0;0;0;1.0;1.0;0;0;0;0;0
328999;0.6;1.00;77.0;3286.0;13.5;75.75;-30.0;0;0;14.58;295.56;227.66;2.31;128763.0;78.0;78.0;53.0;4590.0;976.80;0;6.0;1.0;0;1.0;0;0;1.0;0;0;0;0;0;1.0;1.0;0;0;0;0;0
329494;2.16;1.00;77.0;3302.0;13.5;75.75;8.25;5.49;10.58;14.58;142.06;105.36;2.31;128763.0;77.0;77.0;53.0;4211.0;977.00;898.42;6.0;1.0;0;1.0;0;0;1.0;0;0;0;0;0;1.0;1.0;0;0;0;0;0
330017;2.10;0.97;77.0;3314.0;13.5;75.75;18.0;5.88;13.78;14.39;72.00;53.02;2.31;128763.0;77.0;78.0;53.0;4308.0;977.27;898.42;6.0;1.0;0;1.0;0;0;1.0;0;0;0;0;0;0;1.0;0;0;0;0;0
330607;1.84;0.93;78.0;3339.0;13.5;75.75;28.5;5.49;14.70;14.39;34.33;25.27;2.31;128763.0;79.0;79.0;53.0;4439.0;977.43;878.89;6.0;1.0;0;1.0;0;0;1.0;0;0;0;0;0;1.0;1.0;0;0;0;0;0
331117;1.44;0.99;78.0;3366.0;13.5;75.75;37.5;3.92;11.94;14.48;14.68;11.38;2.31;128763.0;79.0;79.0;53.0;4513.0;977.59;878.89;6.0;1.0;0;1.0;0;0;1.0;0;0;0;0;0;1.0;1.0;0;0;0;0;0
331673;0.57;1.00;77.0;3300.0;13.5;75.75;-30.0;0;0;14.48;6.91;6.50;2.31;128763.0;78.0;78.0;53.0;4575.0;977.70;214.84;6.0;1.0;0;1.0;0;0;1.0;0;0;0;0;0;1.0;1.0;0;0;0;0;0
332176;0.58;1.00;76.0;3232.0;13.5;75.75;-30.0;0;0;14.58;4.80;2.69;2.31;128763.0;77.0;77.0;53.0;4584.0;977.82;0;6.0;1.0;0;1.0;0;0;1.0;0;0;0;0;0;1.0;1.0;0;0;0;0;0
332768;0.61;1.00;75.0;3167.0;13.5;75.75;-30.0;0;0;14.58;3.96;1.26;2.31;128763.0;75.0;75.0;53.0;4601.0;977.94;0;6.0;1.0;0;1.0;0;0;1.0;0;0;0;0;0;1.0;1.0;0;0;0;0;0
333273;0.63;1.00;72.0;3100.0;13.5;75.75;-30.0;0;0;14.58;1.91;2.61;2.31;128763.0;73.0;73.0;53.0;4612.0;978.17;0;6.0;1.0;0;1.0;0;0;1.0;0;0;0;0;0;1.0;1.0;0;0;0;0;0
333771;0.66;1.00;72.0;3051.0;13.5;75.75;-30.0;0;0;14.48;0.76;1.07;2.31;128763.0;72.0;72.0;53.0;4604.0;978.45;0;6.0;1.0;0;1.0;0;0;1.0;0;0;0;0;0;1.0;1.0;0;0;0;0;0
334273;0.64;1.00;71.0;3008.0;13.5;75.75;-30.0;0;0;14.58;0.29;0.48;2.31;128763.0;71.0;71.0;53.0;4610.0;978.56;19.53;6.0;1.0;0;1.0;0;0;1.0;0;0;0;0;0;1.0;1.0;0;0;0;0;0
334797;0.66;1.00;70.0;2972.0;13.5;75.75;-30.0;0;0;14.48;0.05;0.17;2.31;128763.0;70.0;70.0;53.0;4627.0;978.76;19.53;6.0;1.0;0;1.0;0;0;1.0;0;0;0;0;0;1.0;1.0;0;0;0;0;0
335387;0.68;1.00;67.0;2885.0;13.5;76.5;-30.0;0;0;14.58;0;0;2.31;128763.0;67.0;68.0;53.0;4661.0;978.87;19.53;6.0;1.0;0;1.0;0;0;1.0;0;0;0;0;0;1.0;1.0;0;0;0;0;0
335888;0.70;1.00;65.0;2752.0;13.5;76.5;-30.0;0;0;14.58;1.85;0;2.31;128763.0;65.0;65.0;53.0;4633.0;978.95;19.53;6.0;1.0;0;1.0;0;0;1.0;0;0;0;0;0;1.0;1.0;0;0;0;0;0
336441;0.72;1.00;63.0;2660.0;13.5;76.5;-30.0;0;0;14.48;0.95;0;2.31;128763.0;63.0;63.0;53.0;4527.0;979.03;19.53;6.0;1.0;0;1.0;0;0;1.0;0;0;0;0;0;1.0;1.0;0;0;0;0;0
336945;1.37;1.00;60.0;2557.0;13.5;76.5;3.0;0;0;14.58;0.44;0;2.31;128763.0;60.0;60.0;53.0;4479.0;979.07;39.06;6.0;1.0;0;1.0;0;0;1.0;0;0;0;0;0;1.0;1.0;0;0;0;0;0
337499;0.89;1.00;57.0;2449.0;13.5;75.75;16.5;0;13.31;14.48;2.01;0;2.31;128763.0;57.0;58.0;64.0;4252.0;979.07;39.06;6.0;1.0;0;1.0;0;0;1.0;0;0;1.0;0;0;1.0;1.0;0;0;0;0;0
338080;0.86;1.00;53.0;2291.0;13.5;75.75;15.75;0;13.35;14.39;36.16;7.40;2.31;128763.0;54.0;54.0;50.0;4375.0;979.11;78.12;6.0;1.0;0;1.0;0;0;1.0;0;0;1.0;0;0;1.0;1.0;0;0;0;0;0
338777;0.95;1.00;50.0;2130.0;13.5;75.75;15.0;0;13.34;14.48;66.28;15.29;2.31;128763.0;50.0;50.0;51.0;4488.0;979.11;78.12;6.0;1.0;0;1.0;0;0;1.0;0;0;1.0;0;0;1.0;1.0;0;0;0;0;0
339312;2.55;1.00;47.0;1872.0;13.5;75.75;16.5;2.74;15.81;14.39;58.31;20.79;2.31;128763.0;48.0;48.0;53.0;4555.0;979.15;97.65;5.0;1.0;0;1.0;0;0;1.0;0;0;1.0;0;0;1.0;1.0;0;0;0;0;0
339842;0.89;1.00;45.0;2308.0;13.5;75.75;15.75;0;13.41;14.58;36.24;19.45;2.31;128763.0;44.0;45.0;52.0;4518.0;979.15;839.83;4.0;1.0;0;1.0;0;0;1.0;0;0;1.0;0;0;1.0;1.0;0;0;0;0;0
340342;3.93;1.00;41.0;1986.0;13.5;75.75;-9.0;6.27;9.62;14.58;26.63;21.85;2.31;128763.0;41.0;41.0;53.0;4523.0;979.15;898.42;4.0;1.0;0;1.0;0;0;1.0;0;0;1.0;0;0;1.0;1.0;0;0;0;0;0
340892;0.88;1.00;37.0;2251.0;13.5;75.75;15.75;0;13.34;14.58;19.90;31.71;2.31;128763.0;38.0;37.0;51.0;4494.0;979.19;58.59;3.0;1.0;0;1.0;0;0;1.0;0;0;1.0;0;0;1.0;1.0;0;0;0;0;0
341410;0.36;1.00;33.0;2290.0;13.5;75.75;18.0;0;15.76;14.48;12.77;27.24;2.31;128763.0;33.0;34.0;51.0;4487.0;979.54;820.30;2.0;1.0;0;1.0;0;0;1.0;0;0;1.0;0;0;1.0;1.0;0;0;0;0;0
341910;0.88;1.00;30.0;2361.0;13.5;75.75;16.5;0;13.43;14.39;9.45;17.53;2.31;128763.0;30.0;30.0;52.0;4519.0;979.81;58.59;2.0;1.0;0;1.0;0;0;1.0;0;0;1.0;0;0;1.0;1.0;0;0;0;0;0
342493;0.87;1.00;28.0;2188.0;13.5;75.75;16.5;0;13.39;14.39;56.71;58.55;2.31;128763.0;28.0;28.0;50.0;4528.0;979.97;58.59;2.0;1.0;0;1.0;0;0;1.0;0;0;1.0;0;0;1.0;1.0;0;0;0;0;0
343028;0.96;1.00;27.0;2083.0;13.5;75.75;15.0;0;13.36;14.39;142.10;100.89;2.31;128763.0;28.0;27.0;51.0;4514.0;980.05;78.12;2.0;1.0;0;1.0;0;0;1.0;0;0;1.0;0;0;1.0;1.0;0;0;0;0;0
343568;0.98;1.00;25.0;2009.0;13.5;75.75;15.0;0;13.30;14.39;182.15;120.75;2.31;128763.0;26.0;25.0;50.0;4506.0;980.16;78.12;2.0;1.0;0;1.0;0;0;1.0;0;0;1.0;0;0;1.0;1.0;0;0;0;0;0
344085;1.03;1.00;25.0;1912.0;13.5;75.75;15.75;0;13.36;14.48;242.52;149.73;2.31;128763.0;25.0;25.0;50.0;4511.0;980.24;78.12;2.0;1.0;0;1.0;0;0;1.0;0;0;1.0;0;0;1.0;1.0;0;0;0;0;0
344686;1.89;1.00;23.0;1787.0;13.5;75.75;8.25;2.35;11.62;14.39;210.68;162.89;2.31;128763.0;24.0;24.0;53.0;4515.0;980.28;292.96;2.0;1.0;0;1.0;0;0;1.0;0;0;1.0;0;0;1.0;1.0;0;0;0;0;0
345225;2.0;1.00;23.0;1904.0;13.5;75.75;12.0;2.74;14.29;14.48;124.32;101.36;2.31;128763.0;24.0;24.0;53.0;4513.0;980.32;878.89;2.0;1.0;0;1.0;0;0;1.0;0;0;1.0;0;0;1.0;1.0;0;0;0;0;0
345781;1.96;0.98;25.0;1995.0;13.5;75.75;16.5;2.74;15.13;14.58;81.53;66.44;2.31;128763.0;25.0;25.0;53.0;4520.0;980.36;878.89;2.0;1.0;0;1.0;0;0;1.0;0;0;1.0;0;0;1.0;1.0;0;0;0;0;0
346290;1.92;0.99;25.0;1675.0;13.5;75.75;13.5;2.35;14.13;14.29;58.49;47.30;2.58;128763.0;25.0;24.0;53.0;4513.0;980.36;898.42;2.0;1.0;0;1.0;0;0;1.0;0;0;1.0;0;0;1.0;1.0;0;0;0;0;0
346833;1.77;0.97;25.0;1983.0;13.5;75.75;17.25;2.35;14.07;14.58;36.34;30.97;2.31;128763.0;25.0;25.0;53.0;4528.0;980.36;859.36;2.0;1.0;0;1.0;0;0;1.0;0;0;1.0;0;0;1.0;1.0;0;0;0;0;0
347383;1.23;0.99;25.0;1539.0;13.5;75.75;15.0;0;13.38;14.48;27.90;22.45;2.31;128763.0;25.0;25.0;51.0;4536.0;980.40;898.42;2.0;1.0;0;1.0;0;0;1.0;0;0;1.0;0;0;1.0;1.0;0;0;0;0;0
347883;1.69;0.98;23.0;2055.0;13.5;75.75;18.0;2.35;13.59;14.58;22.36;25.54;2.31;128763.0;24.0;24.0;53.0;4518.0;980.40;800.77;2.0;1.0;0;1.0;0;0;1.0;0;0;1.0;0;0;1.0;1.0;0;0;0;0;0
348382;2.04;0.96;25.0;1995.0;13.5;75.75;17.25;3.13;16.08;14.58;16.24;18.04;2.31;128763.0;25.0;26.0;53.0;4534.0;980.40;800.77;2.0;1.0;0;1.0;0;0;1.0;0;0;1.0;0;0;1.0;1.0;0;0;0;0;0
348945;1.99;0.95;26.0;2069.0;13.5;75.75;18.75;3.13;16.04;14.48;10.05;11.77;2.31;128763.0;26.0;27.0;53.0;4520.0;980.40;839.83;2.0;1.0;0;1.0;0;0;1.0;0;0;1.0;0;0;1.0;1.0;0;0;0;0;0
349443;2.51;0.93;28.0;2216.0;13.5;75.75;21.0;5.09;19.82;14.48;6.15;7.26;2.31;128763.0;28.0;28.0;53.0;4511.0;980.40;761.70;2.0;1.0;0;1.0;0;0;1.0;0;0;1.0;0;0;1.0;1.0;0;0;0;0;0
350002;3.06;0.90;30.0;2389.0;13.5;75.75;23.25;8.62;22.11;14.58;3.74;4.19;2.31;128763.0;30.0;30.0;53.0;4490.0;980.40;859.36;2.0;1.0;0;1.0;0;0;1.0;0;0;1.0;0;0;1.0;1.0;0;0;0;0;0
350502;3.72;0.99;35.0;2746.0;13.5;75.75;27.0;12.55;28.54;14.58;1.79;2.14;2.31;128763.0;34.0;35.0;53.0;4407.0;980.40;839.83;2.0;1.0;0;1.0;0;0;1.0;0;0;1.0;0;0;1.0;1.0;0;0;0;0;0
351023;0.68;1.00;37.0;2664.0;13.5;75.75;-30.0;1.17;0;14.58;0.87;1.05;2.31;128763.0;37.0;37.0;53.0;4707.0;980.40;507.80;3.0;1.0;0;1.0;0;0;1.0;0;0;1.0;0;0;1.0;1.0;0;0;0;0;0
351563;3.65;1.00;40.0;2448.0;13.5;75.75;21.75;10.19;26.82;14.48;0.42;0.54;2.31;128763.0;39.0;40.0;53.0;4230.0;980.40;839.83;3.0;1.0;0;1.0;0;0;1.0;0;0;1.0;0;0;1.0;1.0;0;0;0;0;0
352065;3.83;0.96;42.0;2656.0;13.5;75.75;25.5;13.72;29.59;14.48;0.15;0.19;2.31;128763.0;42.0;43.0;53.0;4251.0;980.40;585.93;3.0;1.0;0;1.0;0;0;1.0;0;0;1.0;0;0;1.0;1.0;0;0;0;0;0
352623;4.64;0.97;46.0;2883.0;13.5;75.75;25.5;17.64;31.47;14.48;0;2.20;2.31;128763.0;46.0;47.0;53.0;4368.0;980.40;605.46;3.0;1.0;0;1.0;0;0;1.0;0;0;1.0;0;0;1.0;1.0;0;0;0;0;0
353220;4.01;1.02;52.0;3182.0;13.5;75.75;25.5;18.82;32.92;14.48;0;1.01;2.31;128763.0;51.0;52.0;53.0;4528.0;980.40;234.37;3.0;1.0;0;1.0;0;0;1.0;0;0;1.0;0;0;1.0;1.0;0;0;0;0;0
353717;0.11;1.00;55.0;3322.0;13.5;75.75;40.5;0;11.94;14.39;0;1.32;2.31;128763.0;55.0;55.0;53.0;4651.0;980.40;878.89;3.0;1.0;0;1.0;0;0;1.0;0;0;1.0;0;0;1.0;1.0;0;0;0;0;0
354237;4.61;1.00;57.0;3035.0;13.5;75.75;26.25;17.25;31.83;14.48;0;0.62;2.31;128763.0;56.0;58.0;53.0;4176.0;980.40;820.30;4.0;1.0;0;1.0;0;0;1.0;0;0;0;0;0;1.0;1.0;0;0;0;0;0
354830;5.76;1.00;62.0;3229.0;13.5;75.75;18.75;25.88;36.46;14.48;2.08;0.23;2.31;128763.0;60.0;62.0;53.0;4315.0;980.40;273.43;4.0;1.0;0;1.0;0;0;1.0;0;0;0;0;0;1.0;1.0;0;0;0;0;0
355345;5.02;1.02;66.0;3431.0;13.5;75.75;21.0;24.31;35.90;14.48;2.14;1.75;2.31;128763.0;64.0;66.0;53.0;4459.0;980.40;820.30;4.0;1.0;0;1.0;0;0;1.0;0;0;0;0;0;1.0;1.0;0;0;0;0;0
355842;3.21;1.00;67.0;3277.0;13.5;75.75;19.5;11.76;23.83;14.48;2.30;0.72;2.31;128763.0;67.0;68.0;53.0;4447.0;980.40;839.83;5.0;1.0;0;1.0;0;0;1.0;0;0;0;0;0;1.0;1.0;0;0;0;0;0
356347;3.08;0.94;70.0;3216.0;13.5;75.75;31.5;11.76;25.69;14.39;0.99;0.29;2.31;128763.0;68.0;70.0;53.0;4501.0;980.40;820.30;5.0;1.0;0;1.0;0;0;1.0;0;0;0;0;0;1.0;1.0;0;0;0;0;0
356845;1.56;0.99;70.0;3210.0;13.5;75.75;36.75;4.31;13.49;14.58;0.39;0.01;2.31;128763.0;70.0;69.0;53.0;4519.0;980.40;878.89;5.0;1.0;0;1.0;0;0;1.0;0;0;0;0;0;1.0;1.0;0;0;0;0;0
357367;0.64;1.00;68.0;3132.0;13.5;75.75;29.25;0;13.53;14.39;2.03;0;2.31;128763.0;68.0;68.0;53.0;4569.0;980.40;839.83;5.0;1.0;0;1.0;0;0;1.0;0;0;0;0;0;1.0;1.0;0;0;0;0;0
357905;0.63;1.00;66.0;3064.0;13.5;75.75;-30.0;0;0;14.58;2.38;0;2.31;128763.0;67.0;66.0;53.0;4619.0;980.40;0;5.0;1.0;0;1.0;0;0;1.0;0;0;0;0;0;1.0;1.0;0;0;0;0;0
358461;0.64;1.00;65.0;2968.0;13.5;75.75;-30.0;0;0;14.58;1.19;0;2.31;128763.0;65.0;64.0;53.0;4640.0;980.40;0;5.0;1.0;0;1.0;0;0;1.0;0;0;0;0;0;1.0;1.0;0;0;0;0;0
358967;2.12;1.00;63.0;2919.0;13.5;75.75;6.75;4.70;10.90;14.48;0.42;0;2.31;128763.0;63.0;64.0;53.0;4213.0;980.40;820.30;5.0;1.0;0;1.0;0;0;1.0;0;0;0;0;0;1.0;1.0;0;0;0;0;0
359467;2.96;0.99;65.0;2984.0;13.5;75.75;19.5;8.23;20.58;14.48;1.42;3.28;2.31;128763.0;63.0;65.0;53.0;4271.0;980.40;859.36;5.0;1.0;0;1.0;0;0;1.0;0;0;0;0;0;1.0;1.0;0;0;0;0;0
360024;2.38;0.95;65.0;2998.0;13.5;75.75;34.5;7.05;20.37;14.48;0.62;1.66;2.31;128763.0;64.0;65.0;53.0;4422.0;980.40;839.83;5.0;1.0;0;1.0;0;0;1.0;0;0;0;0;0;1.0;1.0;0;0;0;0;0
360522;1.76;0.98;65.0;2982.0;13.5;76.5;33.75;4.31;14.85;14.48;0.25;0.72;2.31;128763.0;64.0;65.0;53.0;4513.0;980.40;839.83;5.0;1.0;0;1.0;0;0;1.0;0;0;0;0;0;1.0;1.0;0;0;0;0;0
361044;2.23;0.95;65.0;3015.0;13.5;76.5;34.5;6.27;19.00;14.39;0;0.31;2.31;128763.0;64.0;65.0;53.0;4499.0;980.40;820.30;5.0;1.0;0;1.0;0;0;1.0;0;0;0;0;0;1.0;1.0;0;0;0;0;0
361672;2.14;0.91;66.0;3054.0;13.5;76.5;34.5;6.66;19.15;14.58;0;0.05;2.31;128763.0;65.0;66.0;53.0;4496.0;980.40;800.77;5.0;1.0;0;1.0;0;0;1.0;0;0;0;0;0;1.0;1.0;0;0;0;0;0
362174;1.46;0.99;65.0;3013.0;13.5;76.5;34.5;3.52;12.54;14.58;0;1.15;2.31;128763.0;65.0;66.0;53.0;4524.0;980.40;839.83;5.0;1.0;0;1.0;0;0;1.0;0;0;0;0;0;1.0;1.0;0;0;0;0;0
362772;1.20;0.97;65.0;2971.0;13.5;76.5;33.75;2.74;10.87;14.58;0;0.52;2.31;128763.0;63.0;65.0;53.0;4528.0;980.40;839.83;5.0;1.0;0;1.0;0;0;1.0;0;0;0;0;0;1.0;1.0;0;0;0;0;0
363312;1.10;0.95;62.0;2899.0;13.5;76.5;33.0;2.35;10.12;14.58;0;1.60;2.31;128764.0;62.0;63.0;53.0;4537.0;980.52;839.83;5.0;1.0;0;1.0;0;0;1.0;0;0;0;0;0;1.0;1.0;0;0;0;0;0
363825;0.98;0.93;61.0;2814.0;13.5;76.5;30.75;1.96;9.04;14.48;1.66;0.82;2.31;128764.0;61.0;61.0;53.0;4531.0;980.52;820.30;5.0;1.0;0;1.0;0;0;1.0;0;0;0;0;0;1.0;1.0;0;0;0;0;0
364326;0.96;0.92;61.0;2801.0;13.5;76.5;31.5;1.96;9.11;14.58;3.98;0.35;2.31;128764.0;61.0;61.0;53.0;4518.0;980.63;820.30;5.0;1.0;0;1.0;0;0;1.0;0;0;0;0;0;1.0;1.0;0;0;0;0;0
364825;0.96;0.90;60.0;2725.0;13.5;77.25;30.0;1.96;9.26;14.58;2.14;0.11;2.31;128764.0;59.0;60.0;52.0;4503.0;980.71;820.30;5.0;1.0;0;1.0;0;0;1.0;0;0;0;0;0;1.0;1.0;0;0;0;0;0
365397;0.93;0.89;57.0;2680.0;13.5;77.25;29.25;1.56;9.01;14.58;1.05;0;2.31;128764.0;58.0;58.0;52.0;4491.0;980.75;800.77;5.0;1.0;0;1.0;0;0;1.0;0;0;0;0;0;1.0;1.0;0;0;0;0;0
365934;1.03;0.87;56.0;2611.0;13.5;77.25;27.75;1.56;9.81;14.48;0.42;1.97;2.31;128764.0;56.0;57.0;52.0;4513.0;980.79;761.70;5.0;1.0;0;1.0;0;0;1.0;0;0;1.0;0;0;1.0;1.0;0;0;0;0;0
366433;2.93;1.00;56.0;2572.0;13.5;77.25;27.0;7.05;22.17;14.58;1.69;3.24;2.31;128764.0;55.0;57.0;52.0;4489.0;980.83;781.24;5.0;1.0;0;1.0;0;0;1.0;0;0;1.0;0;0;1.0;1.0;0;0;0;0;0
366946;2.73;0.97;57.0;2673.0;13.5;77.25;28.5;7.05;22.54;14.48;2.42;1.71;2.31;128764.0;56.0;58.0;52.0;4483.0;980.83;761.70;5.0;1.0;0;1.0;0;0;1.0;0;0;1.0;0;0;1.0;1.0;0;0;0;0;0
367457;2.62;0.93;58.0;2706.0;13.5;77.25;29.25;7.05;22.67;14.39;3.33;2.42;2.31;128764.0;57.0;59.0;52.0;4500.0;980.91;761.70;5.0;1.0;0;1.0;0;0;1.0;0;0;1.0;0;0;1.0;1.0;0;0;0;0;0
367992;2.28;0.90;58.0;2727.0;13.5;77.25;30.0;6.27;20.75;14.48;1.79;1.26;2.31;128764.0;58.0;59.0;52.0;4521.0;981.06;585.93;5.0;1.0;0;1.0;0;0;1.0;0;0;1.0;0;0;1.0;1.0;0;0;0;0;0
368512;2.24;0.88;60.0;2763.0;13.5;77.25;30.75;6.27;20.92;14.48;0.87;0.62;2.31;128764.0;58.0;60.0;52.0;4524.0;980.95;234.37;5.0;1.0;0;1.0;0;0;1.0;0;0;0;0;0;1.0;1.0;0;0;0;0;0
369007;2.12;0.92;61.0;2812.0;13.5;77.25;30.75;6.27;19.30;14.48;0.39;0.25;2.31;128764.0;59.0;61.0;52.0;4508.0;980.95;761.70;5.0;1.0;0;1.0;0;0;1.0;0;0;0;0;0;1.0;1.0;0;0;0;0;0
369516;3.19;1.00;62.0;2876.0;13.5;77.25;30.0;10.19;23.98;14.48;0.13;1.34;2.31;128764.0;61.0;63.0;52.0;4481.0;980.91;800.77;5.0;1.0;0;1.0;0;0;1.0;0;0;0;0;0;1.0;1.0;0;0;0;0;0
370074;2.90;0.95;63.0;2970.0;13.5;77.25;30.75;10.19;24.08;14.58;2.20;0.62;2.31;128764.0;62.0;64.0;52.0;4485.0;981.06;781.24;5.0;1.0;0;1.0;0;0;1.0;0;0;0;0;0;1.0;1.0;0;0;0;0;0
370636;1.94;1.00;65.0;2986.0;13.5;77.25;33.75;5.49;16.98;14.58;0.89;0.19;2.31;128764.0;63.0;65.0;52.0;4541.0;981.18;800.77;5.0;1.0;0;1.0;0;0;1.0;0;0;0;0;0;1.0;1.0;0;0;0;0;0
371169;1.49;0.97;63.0;2935.0;13.5;78.0;33.0;3.52;13.13;14.58;0.35;0;2.31;128764.0;63.0;64.0;52.0;4541.0;981.10;820.30;5.0;1.0;0;1.0;0;0;1.0;0;0;0;0;0;1.0;1.0;0;0;0;0;0
371674;0.66;1.00;62.0;2875.0;13.5;78.0;25.5;0;13.27;14.58;1.79;0;2.31;128764.0;63.0;63.0;52.0;4594.0;981.22;820.30;5.0;1.0;0;1.0;0;0;1.0;0;0;0;0;0;1.0;1.0;0;0;0;0;0
372195;0.64;1.00;61.0;2843.0;13.5;78.0;-30.0;0;0;14.48;2.57;0;2.31;128764.0;62.0;62.0;52.0;4630.0;981.26;0;5.0;1.0;0;1.0;0;0;1.0;0;0;0;0;0;1.0;1.0;0;0;0;0;0
372734;0.65;1.00;60.0;2789.0;13.5;78.0;-30.0;0;0;14.58;1.26;1.46;2.31;128764.0;60.0;61.0;52.0;4625.0;981.30;0;5.0;1.0;0;1.0;0;0;1.0;0;0;0;0;0;1.0;1.0;0;0;0;0;0
373296;0.68;1.00;57.0;2677.0;13.5;78.0;-30.0;0;0;14.67;0.62;2.40;2.31;128764.0;58.0;58.0;52.0;4533.0;981.30;0;5.0;1.0;0;1.0;0;0;1.0;0;0;1.0;0;0;1.0;1.0;0;0;0;0;0
373795;0.88;1.00;53.0;2506.0;13.5;78.0;3.0;0;9.67;14.58;0.23;1.11;2.31;128764.0;54.0;54.0;52.0;4348.0;981.41;0;5.0;1.0;0;1.0;0;0;1.0;0;0;1.0;0;0;1.0;1.0;0;0;0;0;0
374359;0.83;1.00;52.0;2424.0;13.5;78.0;17.25;0;13.07;14.48;12.96;2.38;2.31;128764.0;52.0;53.0;49.0;4280.0;981.45;0;5.0;1.0;0;1.0;0;0;1.0;0;0;1.0;0;0;1.0;1.0;0;0;0;0;0
374999;0.84;1.00;50.0;2311.0;13.5;78.0;16.5;0;13.07;14.48;6.81;2.79;2.31;128764.0;50.0;50.0;48.0;4426.0;981.53;19.53;5.0;1.0;0;1.0;0;0;1.0;0;0;1.0;0;0;1.0;1.0;0;0;0;0;0
375546;0.85;1.00;47.0;2221.0;13.5;78.0;15.75;0;13.11;14.48;5.37;1.48;2.31;128764.0;48.0;48.0;49.0;4495.0;981.53;19.53;5.0;1.0;0;1.0;0;0;1.0;0;0;1.0;0;0;1.0;1.0;0;0;0;0;0
376044;1.09;1.00;46.0;2142.0;13.5;78.0;20.25;0.78;12.60;14.48;4.37;3.84;2.31;128764.0;46.0;46.0;52.0;4514.0;981.57;19.53;5.0;1.0;0;1.0;0;0;1.0;0;0;1.0;0;0;1.0;1.0;0;0;0;0;0
376565;0.93;1.00;45.0;2069.0;13.5;78.0;15.0;0;13.24;14.58;6.42;2.44;2.31;128764.0;45.0;44.0;48.0;4507.0;981.57;175.77;4.0;1.0;0;1.0;0;0;1.0;0;0;1.0;0;0;1.0;1.0;0;0;0;0;0
377069;0.88;1.00;43.0;2252.0;13.5;78.0;16.5;0;13.10;14.58;3.92;5.27;2.31;128764.0;43.0;44.0;48.0;4532.0;981.61;839.83;4.0;1.0;0;1.0;0;0;1.0;0;0;1.0;0;0;1.0;1.0;0;0;0;0;0
377566;0.84;1.00;42.0;2364.0;13.5;78.0;16.5;0;13.16;14.48;10.95;9.96;2.31;128764.0;43.0;42.0;49.0;4470.0;981.61;742.17;3.0;1.0;0;1.0;0;0;1.0;0;0;1.0;0;0;1.0;1.0;0;0;0;0;0
378140;1.98;1.00;41.0;2528.0;13.5;78.0;10.5;3.13;10.70;14.48;11.62;5.80;2.31;128764.0;41.0;41.0;52.0;4543.0;981.61;800.77;3.0;1.0;0;1.0;0;0;1.0;0;0;1.0;0;0;1.0;1.0;0;0;0;0;0
378705;2.52;1.00;41.0;2610.0;13.5;78.0;8.25;5.88;15.22;14.48;7.87;2.85;2.31;128764.0;40.0;42.0;52.0;4496.0;981.61;839.83;3.0;1.0;0;1.0;0;0;1.0;0;0;1.0;0;0;1.0;1.0;0;0;0;0;0
379248;2.48;0.97;42.0;2600.0;13.5;78.0;21.0;6.27;19.64;14.48;4.33;1.50;2.31;128764.0;42.0;42.0;52.0;4497.0;981.61;800.77;3.0;1.0;0;1.0;0;0;1.0;0;0;1.0;0;0;1.0;1.0;0;0;0;0;0
379857;1.90;0.98;42.0;2609.0;13.5;78.75;27.75;3.92;16.00;14.48;6.54;15.79;2.31;128764.0;42.0;43.0;51.0;4524.0;981.61;859.36;3.0;1.0;0;1.0;0;0;1.0;0;0;1.0;0;0;1.0;1.0;0;0;0;0;0
380448;2.25;0.96;42.0;2603.0;13.5;78.75;27.75;4.70;17.92;14.58;59.52;95.30;2.31;128764.0;42.0;43.0;51.0;4486.0;981.69;820.30;3.0;1.0;0;1.0;0;0;1.0;0;0;1.0;0;0;0;1.0;0;0;0;0;0
380942;2.46;0.92;43.0;2672.0;13.5;78.75;28.5;6.66;21.50;14.48;154.13;127.62;2.31;128764.0;43.0;43.0;51.0;4469.0;981.65;820.30;3.0;1.0;0;1.0;0;0;1.0;0;0;1.0;0;0;1.0;1.0;0;0;0;0;0
381465;2.33;0.89;45.0;2769.0;13.5;78.75;30.75;6.66;21.39;14.48;162.54;140.53;2.31;128764.0;45.0;45.0;51.0;4515.0;981.65;761.70;3.0;1.0;0;1.0;0;0;1.0;0;0;1.0;0;0;1.0;1.0;0;0;0;0;0
382064;2.16;0.85;46.0;2845.0;13.5;78.75;31.5;6.27;20.73;14.39;140.26;134.46;2.31;128764.0;46.0;46.0;51.0;4500.0;981.65;449.21;3.0;1.0;0;1.0;0;0;1.0;0;0;1.0;0;0;1.0;1.0;0;0;0;0;0
382655;1.26;1.00;46.0;2133.0;13.5;78.75;20.25;1.56;9.94;14.58;196.39;185.22;2.31;128764.0;47.0;47.0;51.0;4538.0;981.65;839.83;4.0;1.0;0;1.0;0;0;1.0;0;0;1.0;0;0;1.0;1.0;0;0;0;0;0
383164;2.43;0.98;46.0;2439.0;13.5;78.75;24.75;5.49;19.66;14.48;255.55;259.35;2.31;128764.0;46.0;47.0;51.0;4513.0;981.65;292.96;4.0;1.0;0;1.0;0;0;1.0;0;0;1.0;0;0;1.0;1.0;0;0;0;0;0
383659;3.15;0.99;47.0;2509.0;13.5;78.75;25.5;7.45;22.85;14.48;302.57;281.19;2.31;128764.0;48.0;48.0;51.0;4482.0;981.80;859.36;4.0;1.0;0;1.0;0;0;1.0;0;0;1.0;0;0;1.0;1.0;0;0;0;0;0
384180;2.96;0.97;50.0;2593.0;13.5;78.75;27.0;8.23;24.17;14.58;308.73;324.47;2.31;128764.0;49.0;50.0;51.0;4445.0;981.77;839.83;4.0;1.0;0;1.0;0;0;1.0;0;0;1.0;0;0;1.0;1.0;0;0;0;0;0
384784;2.99;0.93;51.0;2690.0;13.5;78.75;27.75;9.41;25.54;14.29;305.78;339.78;2.58;128764.0;50.0;52.0;51.0;4493.0;981.80;468.74;4.0;1.0;0;1.0;0;0;1.0;0;0;1.0;0;0;1.0;1.0;0;0;0;0;0
385317;2.02;0.98;52.0;2733.0;13.5;78.75;29.25;4.70;17.17;14.58;318.59;331.73;2.31;128764.0;52.0;52.0;51.0;4527.0;982.04;839.83;4.0;1.0;0;1.0;0;0;1.0;0;0;1.0;0;0;1.0;1.0;0;0;0;0;0
385820;1.88;0.96;52.0;2750.0;13.5;78.75;30.0;4.31;16.22;14.48;298.37;333.18;2.31;128764.0;52.0;53.0;51.0;4529.0;981.92;820.30;4.0;1.0;0;1.0;0;0;1.0;0;0;1.0;0;0;1.0;1.0;0;0;0;0;0
386338;2.12;0.93;53.0;2783.0;13.5;78.75;30.75;5.49;18.73;14.48;301.64;324.49;2.31;128764.0;53.0;53.0;51.0;4507.0;981.92;800.77;4.0;1.0;0;1.0;0;0;1.0;0;0;1.0;0;0;1.0;1.0;0;0;0;0;0
386838;2.07;0.90;53.0;2796.0;13.5;78.75;30.75;5.49;18.87;14.39;308.41;315.13;2.31;128764.0;53.0;54.0;51.0;4515.0;981.88;781.24;4.0;1.0;0;1.0;0;0;1.0;0;0;1.0;0;0;1.0;1.0;0;0;0;0;0
387344;1.98;0.87;55.0;2849.0;13.5;78.75;31.5;5.49;18.67;14.48;278.04;292.81;2.31;128764.0;54.0;55.0;51.0;4505.0;981.88;722.64;4.0;1.0;0;1.0;0;0;1.0;0;0;1.0;0;0;1.0;1.0;0;0;0;0;0
387900;1.94;0.85;55.0;2858.0;13.5;78.75;32.25;5.49;18.86;14.48;289.64;230.43;2.31;128764.0;54.0;55.0;51.0;4496.0;981.80;136.71;4.0;1.0;0;1.0;0;0;1.0;0;0;1.0;0;0;1.0;1.0;0;0;0;0;0
388408;1.92;0.89;55.0;2897.0;13.5;78.75;32.25;5.09;17.93;14.48;307.42;246.50;2.31;128764.0;55.0;56.0;51.0;4521.0;981.84;800.77;4.0;1.0;0;1.0;0;0;1.0;0;0;1.0;0;0;1.0;1.0;0;0;0;0;0
388908;1.89;0.88;55.0;2873.0;13.5;78.75;32.25;5.09;17.73;14.48;329.95;299.21;2.31;128764.0;55.0;55.0;51.0;4547.0;981.77;781.24;4.0;1.0;0;1.0;0;0;1.0;0;0;1.0;0;0;1.0;1.0;0;0;0;0;0
389430;0.69;1.00;53.0;2802.0;13.5;78.75;18.75;0;13.16;14.48;339.50;309.06;2.31;128764.0;53.0;53.0;51.0;4533.0;981.80;0;4.0;1.0;0;1.0;0;0;1.0;0;0;1.0;0;0;1.0;1.0;0;0;0;0;0
389964;0.76;1.00;51.0;2649.0;13.5;78.75;16.5;0;13.09;14.48;331.77;345.60;2.31;128764.0;51.0;51.0;51.0;4494.0;981.77;0;4.0;1.0;0;1.0;0;0;1.0;0;0;1.0;0;0;1.0;1.0;0;0;0;0;0
390484;0.83;1.00;48.0;2531.0;13.5;78.75;15.75;0;13.07;14.48;337.47;330.89;2.31;128764.0;49.0;49.0;51.0;4549.0;981.73;800.77;4.0;1.0;0;1.0;0;0;1.0;0;0;1.0;0;0;1.0;1.0;0;0;0;0;0
390974;3.34;1.00;48.0;2822.0;13.5;78.75;3.0;9.41;17.45;14.58;339.97;324.47;2.31;128764.0;47.0;49.0;51.0;4488.0;981.69;859.36;4.0;1.0;0;1.0;0;0;1.0;0;0;1.0;0;0;1.0;1.0;0;0;0;0;0
391495;2.59;0.97;50.0;2589.0;13.5;78.75;21.75;7.05;21.46;14.39;348.47;324.90;2.31;128764.0;50.0;50.0;51.0;4482.0;981.69;585.93;4.0;1.0;0;1.0;0;0;1.0;0;0;1.0;0;0;1.0;1.0;0;0;0;0;0
391999;0.71;1.00;50.0;2323.0;13.5;78.75;15.75;0;13.10;14.58;343.74;344.82;2.31;128764.0;49.0;50.0;49.0;4553.0;981.69;761.70;4.0;1.0;0;1.0;0;0;1.0;0;0;1.0;0;0;1.0;1.0;0;0;0;0;0
392532;0.84;1.00;48.0;2533.0;13.5;78.75;16.5;0;13.22;14.58;297.73;309.12;2.31;128764.0;49.0;48.0;51.0;4517.0;981.65;253.90;4.0;1.0;0;1.0;0;0;1.0;0;0;1.0;0;0;1.0;1.0;0;0;0;0;0
393030;1.01;1.00;47.0;2500.0;13.5;78.75;25.5;0.39;10.42;14.48;317.36;276.13;2.31;128764.0;48.0;48.0;51.0;4537.0;981.73;820.30;4.0;1.0;0;1.0;0;0;1.0;0;0;1.0;0;0;1.0;1.0;0;0;0;0;0
393582;1.13;0.98;47.0;2467.0;13.5;78.75;24.75;1.17;9.51;14.58;283.22;237.17;2.31;128764.0;47.0;47.0;51.0;4516.0;981.77;820.30;4.0;1.0;0;1.0;0;0;1.0;0;0;1.0;0;0;1.0;1.0;0;0;0;0;0
394140;1.77;0.97;47.0;2491.0;13.5;79.5;27.0;3.52;15.10;14.58;268.55;203.36;2.31;128764.0;47.0;47.0;51.0;4530.0;981.88;742.17;4.0;1.0;0;1.0;0;0;1.0;0;0;1.0;0;0;1.0;1.0;0;0;0;0;0
394652;1.92;0.94;47.0;2507.0;13.5;79.5;25.5;3.92;16.41;14.58;316.60;243.36;2.31;128764.0;47.0;48.0;51.0;4518.0;981.88;761.70;4.0;1.0;0;1.0;0;0;1.0;0;0;1.0;0;0;1.0;1.0;0;0;0;0;0
395244;3.10;1.00;50.0;2561.0;13.5;79.5;26.25;8.23;23.87;14.58;314.33;295.68;2.31;128764.0;48.0;50.0;51.0;4438.0;981.88;800.77;4.0;1.0;0;1.0;0;0;1.0;0;0;1.0;0;0;1.0;1.0;0;0;0;0;0
395742;3.67;0.99;52.0;2700.0;13.5;79.5;27.0;12.15;28.42;14.58;341.98;330.29;2.31;128764.0;51.0;52.0;51.0;4443.0;982.08;781.24;4.0;1.0;0;1.0;0;0;1.0;0;0;1.0;0;0;1.0;1.0;0;0;0;0;0
396246;3.36;0.95;55.0;2856.0;13.5;79.5;28.5;12.55;28.23;14.39;317.22;321.09;2.31;128764.0;54.0;55.0;51.0;4483.0;982.08;644.52;4.0;1.0;0;1.0;0;0;1.0;0;0;1.0;0;0;1.0;1.0;0;0;0;0;0
396786;2.89;0.90;57.0;3027.0;13.5;79.5;31.5;10.58;26.02;14.39;328.31;333.53;2.31;128764.0;57.0;58.0;51.0;4510.0;982.23;722.64;4.0;1.0;0;1.0;0;0;1.0;0;0;0;0;0;1.0;1.0;0;0;0;0;0
397374;2.99;1.00;60.0;2795.0;13.5;79.5;14.25;6.66;16.71;14.58;293.98;294.64;2.31;128764.0;59.0;60.0;51.0;4363.0;982.43;761.70;5.0;1.0;0;1.0;0;0;1.0;0;0;0;0;0;1.0;1.0;0;0;0;0;0
397896;3.88;1.00;62.0;2877.0;13.5;79.5;27.0;14.51;28.12;14.58;318.28;263.75;2.31;128764.0;62.0;63.0;51.0;4191.0;982.59;761.70;5.0;1.0;0;1.0;0;0;1.0;0;0;0;0;0;1.0;1.0;0;0;0;0;0
398393;3.99;0.96;66.0;3061.0;13.5;79.5;25.5;17.64;30.62;14.48;325.03;268.43;2.31;128764.0;65.0;66.0;51.0;4347.0;982.66;351.55;5.0;1.0;0;1.0;0;0;1.0;0;0;0;0;0;1.0;1.0;0;0;0;0;0
398898;4.36;1.01;68.0;3182.0;13.5;79.5;24.0;20.39;32.63;14.58;287.38;261.99;2.31;128764.0;68.0;69.0;51.0;4492.0;982.70;78.12;5.0;1.0;0;1.0;0;0;1.0;0;0;0;0;0;1.0;1.0;0;0;0;0;0
399419;0.87;1.00;71.0;3264.0;13.5;79.5;37.5;2.74;10.08;14.58;219.57;280.37;2.31;128764.0;71.0;72.0;51.0;4536.0;982.74;839.83;5.0;1.0;0;1.0;0;0;1.0;0;0;0;0;0;1.0;1.0;0;0;0;0;0
400015;1.78;0.98;71.0;3293.0;13.5;79.5;38.25;4.70;15.40;14.39;203.48;323.57;2.31;128764.0;71.0;72.0;51.0;4499.0;982.78;820.30;5.0;1.0;0;1.0;0;0;1.0;0;0;0;0;0;1.0;1.0;0;0;0;0;0
400520;4.11;1.00;73.0;3403.0;13.5;79.5;30.75;16.86;27.33;14.58;294.59;331.30;2.31;128764.0;73.0;74.0;51.0;4444.0;982.82;800.77;5.0;1.0;0;1.0;0;0;1.0;0;0;0;0;0;1.0;1.0;0;0;0;0;0
401024;3.87;0.97;77.0;3543.0;13.5;79.5;27.75;18.43;31.40;14.48;330.99;345.95;2.31;128764.0;76.0;77.0;51.0;4544.0;982.82;742.17;5.0;1.0;0;1.0;0;0;1.0;0;0;0;0;0;1.0;1.0;0;0;0;0;0
401522;3.68;0.95;80.0;3667.0;13.5;79.5;30.75;18.04;29.90;14.58;342.08;354.74;2.31;128764.0;78.0;80.0;51.0;4578.0;982.82;722.64;5.0;1.0;0;1.0;0;0;1.0;0;0;0;0;0;1.0;1.0;0;0;0;0;0
402044;0.56;1.00;78.0;2895.0;13.5;79.5;-30.0;0;0;14.58;348.66;301.52;2.31;128764.0;79.0;77.0;51.0;4724.0;982.86;0;6.0;1.0;0;1.0;0;0;1.0;0;0;0;0;0;1.0;1.0;0;0;0;0;0
402660;0.52;1.00;77.0;3257.0;13.5;79.5;-30.0;0;0;14.58;345.17;330.03;2.31;128764.0;78.0;77.0;51.0;4717.0;982.86;0;6.0;1.0;0;1.0;0;0;1.0;0;0;0;0;0;1.0;1.0;0;0;0;0;0
403209;0.56;1.00;75.0;3190.0;13.5;79.5;-30.0;0;0;14.58;350.32;322.22;2.31;128764.0;75.0;75.0;51.0;4728.0;982.86;0;6.0;1.0;0;1.0;0;0;1.0;0;0;0;0;0;1.0;1.0;0;0;0;0;0
403763;0.60;1.00;73.0;3114.0;13.5;79.5;-30.0;0;0;14.58;302.55;317.06;2.31;128764.0;74.0;73.0;51.0;4735.0;982.86;0;6.0;1.0;0;1.0;0;0;1.0;0;0;0;0;0;1.0;1.0;0;0;0;0;0
404263;0.60;1.00;71.0;3061.0;13.5;79.5;-30.0;0;0;14.58;272.42;271.23;2.31;128764.0;72.0;72.0;51.0;4744.0;982.86;0;6.0;1.0;0;1.0;0;0;1.0;0;0;0;0;0;1.0;1.0;0;0;0;0;0
404784;0.61;1.00;70.0;2965.0;13.5;79.5;-30.0;0;0;14.58;310.05;306.42;2.31;128764.0;70.0;70.0;51.0;4747.0;982.86;0;6.0;1.0;0;1.0;0;0;1.0;0;0;0;0;0;1.0;1.0;0;0;0;0;0
405324;2.21;1.00;70.0;3077.0;13.5;79.5;11.25;5.49;12.05;14.58;212.85;216.15;2.31;128764.0;70.0;70.0;51.0;4248.0;983.02;839.83;6.0;1.0;0;1.0;0;0;1.0;0;0;0;0;0;1.0;1.0;0;0;0;0;0
405845;1.17;1.00;71.0;3017.0;13.5;79.5;24.0;3.13;10.31;14.58;193.71;194.01;2.31;128764.0;71.0;72.0;51.0;4286.0;983.17;859.36;6.0;1.0;0;1.0;0;0;1.0;0;0;0;0;0;1.0;1.0;0;0;0;0;0
406380;0.94;0.98;71.0;3041.0;13.5;79.5;28.5;1.56;7.79;14.58;264.92;258.03;2.31;128764.0;72.0;72.0;51.0;4423.0;983.29;878.89;6.0;1.0;0;1.0;0;0;1.0;0;0;0;0;0;1.0;1.0;0;0;0;0;0
406902;1.14;0.97;71.0;3050.0;13.5;79.5;33.75;2.35;9.94;14.48;312.05;311.30;2.31;128764.0;72.0;72.0;51.0;4495.0;983.52;859.36;6.0;1.0;0;1.0;0;0;1.0;0;0;0;0;0;1.0;1.0;0;0;0;0;0
407543;2.4;0.99;73.0;3111.0;13.5;79.5;35.25;6.66;19.41;14.48;296.40;321.91;2.31;128764.0;72.0;73.0;51.0;4479.0;983.72;859.36;6.0;1.0;0;1.0;0;0;1.0;0;0;0;0;0;1.0;1.0;0;0;0;0;0
408042;2.25;0.93;75.0;3202.0;13.5;79.5;36.0;7.05;19.65;14.58;297.10;333.63;2.31;128764.0;75.0;75.0;51.0;4508.0;983.87;820.30;6.0;1.0;0;1.0;0;0;1.0;0;0;0;0;0;1.0;1.0;0;0;0;0;0
408563;0.79;1.00;76.0;3117.0;13.5;80.25;36.0;1.56;7.39;14.58;329.31;338.00;2.31;128764.0;76.0;76.0;50.0;4549.0;983.91;839.83;6.0;1.0;0;1.0;0;0;1.0;0;0;0;0;0;1.0;1.0;0;0;0;0;0
409105;0.64;1.00;75.0;3200.0;13.5;80.25;33.75;0;13.13;14.58;338.08;345.73;2.31;128764.0;76.0;75.0;50.0;4547.0;983.99;781.24;6.0;1.0;0;1.0;0;0;1.0;0;0;0;0;0;1.0;1.0;0;0;0;0;0
409603;0.60;1.00;75.0;3152.0;13.5;80.25;-30.0;0;0;14.58;327.32;305.03;2.31;128764.0;75.0;74.0;50.0;4535.0;984.03;0;6.0;1.0;0;1.0;0;0;1.0;0;0;0;0;0;1.0;1.0;0;0;0;0;0
410105;1.92;1.00;75.0;3166.0;13.5;80.25;12.0;4.70;10.69;14.58;306.03;326.11;2.31;128764.0;75.0;75.0;50.0;4217.0;984.11;820.30;6.0;1.0;0;1.0;0;0;1.0;0;0;0;0;0;1.0;1.0;0;0;0;0;0
410627;1.81;0.98;76.0;3209.0;13.5;80.25;19.5;4.70;12.17;14.58;264.12;292.22;2.31;128764.0;75.0;76.0;50.0;4327.0;984.27;839.83;6.0;1.0;0;1.0;0;0;1.0;0;0;0;0;0;1.0;1.0;0;0;0;0;0
411125;1.51;0.95;77.0;3262.0;13.5;80.25;27.75;3.92;11.84;14.58;275.90;281.29;2.31;128764.0;77.0;77.0;50.0;4452.0;984.46;839.83;6.0;1.0;0;1.0;0;0;1.0;0;0;0;0;0;1.0;1.0;0;0;0;0;0
411633;0.75;0.93;76.0;3220.0;13.5;80.25;32.25;1.17;6.66;14.58;251.74;318.67;2.31;128764.0;76.0;77.0;50.0;4526.0;984.50;839.83;6.0;1.0;0;1.0;0;0;1.0;0;0;0;0;0;1.0;1.0;0;0;0;0;0
412190;0.60;1.00;75.0;3158.0;13.5;80.25;-30.0;0;0;14.58;308.12;338.86;2.31;128764.0;75.0;75.0;50.0;4561.0;984.70;0;6.0;1.0;0;1.0;0;0;1.0;0;0;0;0;0;1.0;1.0;0;0;0;0;0
412689;0.61;1.00;73.0;3109.0;13.5;80.25;-30.0;0;0;14.58;331.48;344.86;2.31;128764.0;73.0;74.0;50.0;4581.0;984.77;0;6.0;1.0;0;1.0;0;0;1.0;0;0;0;0;0;1.0;1.0;0;0;0;0;0
413246;0.61;1.00;71.0;3039.0;13.5;80.25;-30.0;0;0;14.58;345.44;351.63;2.31;128764.0;72.0;72.0;50.0;4586.0;984.93;0;6.0;1.0;0;1.0;0;0;1.0;0;0;0;0;0;1.0;1.0;0;0;0;0;0
413747;0.63;1.00;70.0;2987.0;13.5;80.25;-30.0;0;0;14.58;218.36;221.48;2.31;128764.0;71.0;70.0;50.0;4598.0;985.09;0;6.0;1.0;0;1.0;0;0;1.0;0;0;0;0;0;1.0;1.0;0;0;0;0;0
414250;0.62;1.00;68.0;2938.0;13.5;80.25;-30.0;0;0;14.58;211.62;213.28;2.31;128764.0;69.0;69.0;50.0;4625.0;985.12;0;6.0;1.0;0;1.0;0;0;1.0;0;0;0;0;0;1.0;1.0;0;0;0;0;0
414772;0.63;1.00;67.0;2858.0;13.5;80.25;-30.0;0;0;14.58;238.75;212.09;2.31;128764.0;68.0;68.0;50.0;4657.0;985.20;0;6.0;1.0;0;1.0;0;0;1.0;0;0;0;0;0;1.0;1.0;0;0;0;0;0
415283;0.64;1.00;66.0;2825.0;13.5;80.25;-30.0;0;0;14.58;245.82;236.00;2.31;128764.0;67.0;66.0;50.0;4609.0;985.24;0;6.0;1.0;0;1.0;0;0;1.0;0;0;0;0;0;1.0;1.0;0;0;0;0;0
415823;2.48;1.00;67.0;2851.0;13.5;80.25;9.0;5.88;14.08;14.58;224.16;249.51;2.31;128764.0;65.0;67.0;50.0;4217.0;985.24;878.89;6.0;1.0;0;1.0;0;0;1.0;0;0;0;0;0;1.0;1.0;0;0;0;0;0
416344;2.10;0.97;66.0;2822.0;13.5;80.25;21.0;5.49;15.70;14.48;220.31;215.88;2.31;128764.0;66.0;66.0;50.0;4350.0;985.52;859.36;6.0;1.0;0;1.0;0;0;1.0;0;0;0;0;0;1.0;1.0;0;0;0;0;0
416878;1.04;0.95;65.0;2767.0;13.5;79.5;27.75;1.96;9.18;14.48;208.28;171.49;2.31;128764.0;65.0;65.0;51.0;4480.0;985.59;878.89;6.0;1.0;0;1.0;0;0;1.0;0;0;0;0;0;1.0;1.0;0;0;0;0;0
417400;0.77;0.93;63.0;2746.0;13.5;79.5;30.0;0.78;6.99;14.58;227.17;183.24;2.31;128764.0;64.0;64.0;51.0;4490.0;985.75;859.36;6.0;1.0;0;1.0;0;0;1.0;0;0;0;0;0;1.0;1.0;0;0;0;0;0
417904;0.68;1.00;63.0;2718.0;13.5;79.5;23.25;0;13.03;14.58;299.29;278.30;2.31;128764.0;64.0;64.0;51.0;4513.0;986.02;839.83;6.0;1.0;0;1.0;0;0;1.0;0;0;0;0;0;1.0;1.0;0;0;0;0;0
418415;0.68;1.00;63.0;2691.0;13.5;79.5;22.5;0;13.01;14.58;325.35;312.90;2.31;128764.0;63.0;63.0;51.0;4501.0;986.18;683.58;6.0;1.0;0;1.0;0;0;1.0;0;0;0;0;0;1.0;1.0;0;0;0;0;0
418969;3.12;1.00;62.0;2656.0;13.5;79.5;-6.75;6.66;9.25;14.48;342.98;327.65;2.31;128764.0;62.0;62.0;51.0;4483.0;986.30;839.83;6.0;1.0;0;1.0;0;0;1.0;0;0;0;0;0;1.0;1.0;0;0;0;0;0
419464;2.93;0.97;62.0;2697.0;13.5;79.5;6.75;8.62;18.35;14.29;346.42;344.27;2.58;128764.0;62.0;63.0;51.0;4469.0;986.37;820.30;6.0;1.0;0;1.0;0;0;1.0;0;0;0;0;0;1.0;1.0;0;0;0;0;0
420076;2.72;0.93;65.0;2773.0;13.5;79.5;27.0;9.02;23.23;14.58;347.18;350.42;2.31;128764.0;64.0;65.0;51.0;4511.0;986.41;703.11;6.0;1.0;0;1.0;0;0;1.0;0;0;0;0;0;1.0;1.0;0;0;0;0;0
420642;2.33;1.00;67.0;2879.0;13.5;79.5;32.25;6.66;19.70;14.39;348.35;347.61;2.31;128764.0;66.0;67.0;51.0;4507.0;986.49;820.30;6.0;1.0;0;1.0;0;0;1.0;0;0;0;0;0;1.0;1.0;0;0;0;0;0
421141;3.34;1.00;70.0;2994.0;13.5;79.5;30.0;11.37;25.38;14.39;298.26;314.02;2.31;128764.0;68.0;71.0;51.0;4485.0;986.49;800.77;6.0;1.0;0;1.0;0;0;1.0;0;0;0;0;0;1.0;1.0;0;0;0;0;0
421696;3.44;0.97;72.0;3096.0;13.5;79.5;28.5;14.11;27.64;14.58;295.05;302.98;2.31;128764.0;71.0;73.0;51.0;4517.0;986.53;605.46;6.0;1.0;0;1.0;0;0;1.0;0;0;0;0;0;1.0;1.0;0;0;0;0;0
422442;3.87;1.00;76.0;3212.0;13.5;79.5;27.75;16.86;29.94;14.48;273.77;200.06;2.31;128764.0;73.0;76.0;51.0;4545.0;986.53;624.99;6.0;1.0;0;1.0;0;0;1.0;0;0;0;0;0;1.0;1.0;0;0;0;0;0
422954;2.94;0.96;77.0;3300.0;13.5;79.5;33.0;10.98;24.57;14.48;188.44;208.61;2.31;128765.0;76.0;78.0;51.0;4524.0;986.57;761.70;6.0;1.0;0;1.0;0;0;1.0;0;0;0;0;0;1.0;1.0;0;0;0;0;0
423465;2.52;0.90;78.0;3358.0;13.5;79.5;34.5;9.02;22.56;14.48;227.40;232.81;2.31;128765.0;79.0;79.0;51.0;4516.0;986.57;722.64;6.0;1.0;0;1.0;0;0;1.0;0;0;0;0;0;1.0;1.0;0;0;0;0;0
424004;2.08;0.84;81.0;3416.0;13.5;79.5;37.5;7.45;20.00;14.48;270.64;260.66;2.31;128765.0;80.0;81.0;51.0;4508.0;986.57;585.93;6.0;1.0;0;1.0;0;0;1.0;0;0;0;0;0;1.0;1.0;0;0;0;0;0
424556;1.79;0.79;81.0;3488.0;13.5;79.5;39.0;6.27;18.37;14.48;326.73;322.34;2.31;128765.0;81.0;82.0;51.0;4518.0;986.57;468.74;6.0;1.0;0;1.0;0;0;1.0;0;0;0;0;0;1.0;1.0;0;0;0;0;0
425053;0.51;1.00;82.0;3526.0;13.5;79.5;40.5;0.39;5.53;14.58;341.85;321.54;2.31;128765.0;83.0;83.0;51.0;4573.0;986.61;722.64;6.0;1.0;0;1.0;0;0;1.0;0;0;0;0;0;1.0;1.0;0;0;0;0;0
425604;0.53;1.00;81.0;3453.0;13.5;79.5;-30.0;0;0;14.58;331.34;343.08;2.31;128765.0;81.0;82.0;51.0;4593.0;986.84;0;6.0;1.0;0;1.0;0;0;1.0;0;0;0;0;0;1.0;1.0;0;0;0;0;0
426181;0.8;1.00;80.0;3368.0;13.5;79.5;39.0;0.39;9.71;14.58;303.55;354.13;2.31;128765.0;80.0;80.0;51.0;4426.0;987.04;0;6.0;1.0;0;1.0;0;0;1.0;0;0;0;0;0;1.0;1.0;0;0;0;0;0
426773;0.59;1.00;78.0;3335.0;13.5;79.5;-30.0;0;0;14.58;301.07;304.49;2.31;128765.0;79.0;79.0;51.0;4256.0;987.16;19.53;6.0;1.0;0;1.0;0;0;1.0;0;0;0;0;0;1.0;1.0;0;0;0;0;0
427272;0.6;1.00;77.0;3240.0;13.5;79.5;-30.0;0;0;14.58;322.04;244.02;2.31;128765.0;77.0;76.0;51.0;4285.0;987.23;0;6.0;1.0;0;1.0;0;0;1.0;0;0;0;0;0;1.0;1.0;0;0;0;0;0
427772;0.6;1.00;76.0;3206.0;13.5;79.5;-30.0;0;0;14.58;320.52;195.14;2.31;128765.0;76.0;76.0;51.0;4305.0;987.39;0;6.0;1.0;0;1.0;0;0;1.0;0;0;0;0;0;1.0;1.0;0;0;0;0;0
428365;0.64;1.00;75.0;3116.0;13.5;79.5;-30.0;0;0;14.58;286.40;162.07;2.31;128765.0;75.0;74.0;51.0;4324.0;987.51;0;6.0;1.0;0;1.0;0;0;1.0;0;0;0;0;0;1.0;1.0;0;0;0;0;0
428958;0.65;1.00;70.0;2954.0;13.5;79.5;-30.0;0;0;14.48;278.24;224.88;2.31;128765.0;70.0;70.0;51.0;4356.0;987.62;19.53;6.0;1.0;0;1.0;0;0;1.0;0;0;0;0;0;1.0;1.0;0;0;0;0;0
429462;0.66;1.00;68.0;2880.0;13.5;79.5;-30.0;0;0;14.58;304.80;301.64;2.31;128765.0;69.0;68.0;51.0;4387.0;987.70;19.53;6.0;1.0;0;1.0;0;0;1.0;0;0;0;0;0;1.0;1.0;0;0;0;0;0
429959;0.68;1.00;66.0;2819.0;13.5;79.5;-30.0;0;0;14.58;338.24;322.83;2.31;128765.0;67.0;67.0;51.0;4403.0;987.74;19.53;6.0;1.0;0;1.0;0;0;1.0;0;0;0;0;0;1.0;1.0;0;0;0;0;0
430485;1.17;1.00;66.0;2798.0;13.5;79.5;24.75;1.96;8.69;14.58;347.47;339.78;2.31;128765.0;66.0;66.0;51.0;4212.0;987.82;58.59;6.0;1.0;0;1.0;0;0;1.0;0;0;0;0;0;1.0;1.0;0;0;0;0;0
431037;0.96;1.00;66.0;2807.0;13.5;80.25;29.25;1.56;8.00;14.58;349.00;349.50;2.31;128765.0;66.0;66.0;50.0;4339.0;987.90;878.89;6.0;1.0;0;1.0;0;0;1.0;0;0;0;0;0;1.0;1.0;0;0;0;0;0
431536;2.36;1.00;65.0;2764.0;13.5;80.25;21.0;2.74;9.10;14.58;333.02;324.15;2.31;128765.0;65.0;65.0;50.0;4266.0;988.09;19.53;6.0;1.0;0;1.0;0;0;1.0;0;0;0;0;0;1.0;1.0;0;0;0;0;0
432051;1.76;1.00;66.0;2831.0;13.5;80.25;13.5;3.92;11.08;14.58;331.15;324.43;2.31;128765.0;66.0;66.0;50.0;4243.0;988.29;878.89;6.0;1.0;0;1.0;0;0;1.0;0;0;0;0;0;1.0;1.0;0;0;0;0;0
432641;1.76;0.98;66.0;2828.0;13.5;80.25;21.0;4.31;13.05;14.48;348.33;314.17;2.31;128765.0;66.0;66.0;50.0;4380.0;988.52;878.89;6.0;1.0;0;1.0;0;0;1.0;0;0;0;0;0;1.0;1.0;0;0;0;0;0
433244;1.67;0.95;67.0;2889.0;13.5;80.25;30.0;4.31;14.30;14.67;313.63;291.17;2.31;128765.0;67.0;68.0;50.0;4468.0;988.68;839.83;6.0;1.0;0;1.0;0;0;1.0;0;0;0;0;0;1.0;1.0;0;0;0;0;0
433743;1.56;0.92;68.0;2931.0;13.5;79.5;33.0;3.92;14.05;14.58;263.77;254.47;2.31;128765.0;69.0;69.0;51.0;4498.0;988.80;839.83;6.0;1.0;0;1.0;0;0;1.0;0;0;0;0;0;1.0;1.0;0;0;0;0;0
434288;1.52;0.90;70.0;2970.0;13.5;79.5;33.75;3.92;14.01;14.48;230.94;228.24;2.31;128765.0;70.0;70.0;51.0;4504.0;988.87;820.30;6.0;1.0;0;1.0;0;0;1.0;0;0;0;0;0;1.0;1.0;0;0;0;0;0
434876;1.33;0.87;71.0;3052.0;13.5;79.5;34.5;3.52;12.74;14.39;166.64;130.85;2.31;128765.0;71.0;72.0;51.0;4515.0;988.91;800.77;6.0;1.0;0;1.0;0;0;1.0;0;0;0;0;0;1.0;1.0;0;0;0;0;0
435374;0.62;1.00;71.0;3037.0;13.5;79.5;-30.0;0;0;14.58;259.78;240.68;2.31;128765.0;72.0;72.0;51.0;4584.0;989.03;78.12;6.0;1.0;0;1.0;0;0;1.0;0;0;0;0;0;1.0;1.0;0;0;0;0;0
435889;0.63;1.00;71.0;3018.0;13.5;79.5;-30.0;0;0;14.58;312.18;299.18;2.31;128765.0;71.0;71.0;51.0;4598.0;989.03;0;6.0;1.0;0;1.0;0;0;1.0;0;0;0;0;0;1.0;1.0;0;0;0;0;0
436388;3.55;1.00;71.0;3043.0;13.5;79.5;-2.25;6.66;9.91;14.39;265.49;255.45;2.31;128765.0;71.0;71.0;51.0;4298.0;989.03;878.89;6.0;1.0;0;1.0;0;0;1.0;0;0;0;0;0;1.0;1.0;0;0;0;0;0
436951;3.06;0.98;72.0;3078.0;13.5;79.5;12.0;9.41;19.52;14.58;294.00;288.92;2.31;128765.0;72.0;72.0;51.0;4232.0;989.11;839.83;6.0;1.0;0;1.0;0;0;1.0;0;0;0;0;0;1.0;1.0;0;0;0;0;0
437449;2.19;0.93;73.0;3155.0;13.5;79.5;31.5;6.66;18.44;14.48;307.81;305.27;2.31;128765.0;74.0;74.0;51.0;4387.0;989.30;820.30;6.0;1.0;0;1.0;0;0;1.0;0;0;0;0;0;1.0;1.0;0;0;0;0;0
437994;1.56;1.00;76.0;3210.0;13.5;79.5;36.75;3.92;13.26;14.39;305.78;324.43;2.31;128765.0;75.0;76.0;51.0;4503.0;989.58;839.83;6.0;1.0;0;1.0;0;0;1.0;0;0;0;0;0;1.0;1.0;0;0;0;0;0
438550;0.57;1.00;76.0;3190.0;13.5;79.5;-30.0;0;0;14.58;338.14;337.69;2.31;128765.0;76.0;75.0;51.0;4528.0;989.81;800.77;6.0;1.0;0;1.0;0;0;1.0;0;0;0;0;0;1.0;1.0;0;0;0;0;0
439094;0.60;1.00;75.0;3176.0;13.5;79.5;-30.0;0;0;14.58;327.04;302.44;2.31;128765.0;75.0;75.0;51.0;4547.0;989.97;0;6.0;1.0;0;1.0;0;0;1.0;0;0;0;0;0;1.0;1.0;0;0;0;0;0
439603;0.62;1.00;75.0;3145.0;13.5;79.5;-30.0;0;0;14.48;278.81;277.36;2.31;128765.0;75.0;74.0;51.0;4556.0;990.09;0;6.0;1.0;0;1.0;0;0;1.0;0;0;0;0;0;1.0;1.0;0;0;0;0;0
440159;0.92;1.00;73.0;3119.0;13.5;79.5;36.0;0.39;6.57;14.48;239.90;242.91;2.31;128765.0;74.0;73.0;51.0;4374.0;990.12;0;6.0;1.0;0;1.0;0;0;1.0;0;0;0;0;0;1.0;1.0;0;0;0;0;0
440658;1.80;1.00;73.0;3203.0;13.5;79.5;36.0;4.31;13.44;14.48;212.11;244.37;2.31;128765.0;74.0;74.0;51.0;4229.0;990.16;878.89;6.0;1.0;0;1.0;0;0;1.0;0;0;0;0;0;1.0;1.0;0;0;0;0;0
441164;1.63;0.98;75.0;3203.0;13.5;79.5;36.75;3.52;13.59;14.58;272.67;294.33;2.31;128765.0;74.0;76.0;51.0;4376.0;990.20;878.89;6.0;1.0;0;1.0;0;0;1.0;0;0;0;0;0;1.0;1.0;0;0;0;0;0
441662;0.85;0.96;75.0;3168.0;13.5;79.5;36.0;1.56;7.79;14.48;315.48;327.14;2.31;128765.0;74.0;75.0;51.0;4483.0;990.24;878.89;6.0;1.0;0;1.0;0;0;1.0;0;0;0;0;0;1.0;1.0;0;0;0;0;0
442188;0.48;1.00;75.0;2976.0;13.5;79.5;25.5;0;13.15;14.48;324.49;339.90;2.31;128765.0;75.0;75.0;51.0;4588.0;990.24;839.83;6.0;1.0;0;1.0;0;0;1.0;0;0;0;0;0;1.0;1.0;0;0;0;0;0
442686;1.38;1.00;73.0;3165.0;13.5;79.5;24.0;2.74;8.83;14.48;323.16;317.81;2.31;128765.0;73.0;74.0;51.0;4318.0;990.24;78.12;6.0;1.0;0;1.0;0;0;1.0;0;0;0;0;0;1.0;1.0;0;0;0;0;0
443188;1.92;1.00;75.0;3123.0;13.5;79.5;23.25;4.70;13.49;14.39;345.36;335.52;2.31;128765.0;73.0;75.0;51.0;4241.0;990.32;839.83;6.0;1.0;0;1.0;0;0;1.0;0;0;0;0;0;1.0;1.0;0;0;0;0;0
443699;1.97;0.97;76.0;3202.0;13.5;79.5;32.25;5.09;15.82;14.58;329.35;323.78;2.31;128765.0;75.0;76.0;51.0;4363.0;990.40;839.83;6.0;1.0;0;1.0;0;0;1.0;0;0;0;0;0;1.0;1.0;0;0;0;0;0
444197;2.55;0.98;77.0;3301.0;13.5;79.5;36.0;7.84;21.06;14.48;327.32;346.63;2.31;128765.0;76.0;78.0;51.0;4450.0;990.59;839.83;6.0;1.0;0;1.0;0;0;1.0;0;0;0;0;0;1.0;1.0;0;0;0;0;0
444702;3.03;0.98;80.0;3375.0;13.5;79.5;33.0;10.98;24.31;14.39;340.07;323.72;2.31;128765.0;78.0;80.0;51.0;4493.0;990.79;800.77;6.0;1.0;0;1.0;0;0;1.0;0;0;0;0;0;1.0;1.0;0;0;0;0;0
445223;1.60;1.00;80.0;3386.0;13.5;79.5;39.0;4.31;14.30;14.48;321.69;339.80;2.31;128765.0;79.0;80.0;51.0;4537.0;990.95;839.83;6.0;1.0;0;1.0;0;0;1.0;0;0;0;0;0;1.0;1.0;0;0;0;0;0
445743;0.60;0.98;78.0;3254.0;13.5;79.5;36.75;0.78;6.11;14.48;337.00;342.24;2.31;128765.0;79.0;78.0;51.0;4548.0;991.10;839.83;6.0;1.0;0;1.0;0;0;1.0;0;0;0;0;0;1.0;1.0;0;0;0;0;0
446279;0.99;0.99;78.0;3346.0;13.5;79.5;38.25;1.96;8.20;14.39;227.46;201.08;2.31;128765.0;78.0;79.0;51.0;4509.0;991.22;820.30;6.0;1.0;0;1.0;0;0;1.0;0;0;0;0;0;1.0;1.0;0;0;0;0;0
446878;1.33;0.97;78.0;3349.0;14.25;79.5;39.0;3.52;11.56;14.48;288.57;275.70;2.31;128765.0;78.0;79.0;51.0;4520.0;991.34;800.77;6.0;1.0;0;1.0;0;0;1.0;0;0;0;0;0;1.0;1.0;0;0;0;0;0
447382;0.61;1.00;78.0;3328.0;14.25;79.5;-9.0;0;0.30;14.48;323.72;329.62;2.31;128765.0;78.0;79.0;51.0;4525.0;991.41;664.05;6.0;1.0;0;1.0;0;0;1.0;0;0;0;0;0;1.0;1.0;0;0;0;0;0
447938;0.87;0.98;78.0;3326.0;14.25;79.5;38.25;1.56;7.43;14.48;339.11;318.65;2.31;128765.0;79.0;79.0;51.0;4506.0;991.45;800.77;6.0;1.0;0;1.0;0;0;1.0;0;0;0;0;0;1.0;1.0;0;0;0;0;0
448439;1.36;0.96;78.0;3423.0;14.25;79.5;39.0;3.52;11.52;14.58;346.28;346.98;2.31;128765.0;79.0;79.0;51.0;4507.0;991.45;800.77;6.0;1.0;0;1.0;0;0;1.0;0;0;0;0;0;1.0;1.0;0;0;0;0;0
448996;1.36;0.94;80.0;3393.0;14.25;79.5;39.0;3.92;11.97;14.58;348.33;348.94;2.31;128765.0;79.0;80.0;51.0;4497.0;991.49;781.24;6.0;1.0;0;1.0;0;0;1.0;0;0;0;0;0;1.0;1.0;0;0;0;0;0
449496;1.32;0.92;80.0;3362.0;14.25;79.5;39.0;3.92;11.85;14.58;347.55;332.63;2.31;128765.0;79.0;80.0;51.0;4511.0;991.57;781.24;6.0;1.0;0;1.0;0;0;1.0;0;0;0;0;0;1.0;1.0;0;0;0;0;0
450007;1.26;0.90;80.0;3413.0;14.25;79.5;39.0;3.52;11.56;14.58;324.11;352.45;2.31;128765.0;80.0;80.0;51.0;4514.0;991.61;781.24;6.0;1.0;0;1.0;0;0;1.0;0;0;0;0;0;1.0;1.0;0;0;0;0;0
450563;1.2;0.88;81.0;3440.0;14.25;79.5;39.0;3.52;11.24;14.58;350.70;339.82;2.31;128765.0;80.0;81.0;51.0;4519.0;991.77;761.70;6.0;1.0;0;1.0;0;0;1.0;0;0;0;0;0;1.0;1.0;0;0;0;0;0
451068;1.15;0.86;81.0;3438.0;14.25;79.5;39.0;3.52;10.98;14.48;318.51;319.23;2.31;128765.0;80.0;81.0;51.0;4516.0;991.84;781.24;6.0;1.0;0;1.0;0;0;1.0;0;0;0;0;0;0;1.0;0;0;0;0;0
451625;1.0;0.85;81.0;3370.0;14.25;79.5;39.0;2.74;9.93;14.58;207.05;238.67;2.31;128765.0;81.0;81.0;51.0;4523.0;992.16;781.24;6.0;1.0;0;1.0;0;0;1.0;0;0;0;0;0;1.0;1.0;0;0;0;0;0
452122;0.91;0.83;80.0;3417.0;14.25;79.5;39.0;2.74;9.14;14.58;170.18;150.98;2.31;128765.0;80.0;80.0;51.0;4523.0;992.31;781.24;6.0;1.0;0;1.0;0;0;1.0;0;0;0;0;0;1.0;1.0;0;0;0;0;0
452686;0.92;0.81;80.0;3369.0;14.25;79.5;39.0;2.35;9.38;14.48;207.03;221.86;2.31;128765.0;80.0;80.0;51.0;4525.0;992.43;761.70;6.0;1.0;0;1.0;0;0;1.0;0;0;0;0;0;1.0;1.0;0;0;0;0;0
453185;0.86;0.80;81.0;3431.0;14.25;79.5;39.0;2.35;8.89;14.58;295.50;295.52;2.31;128765.0;80.0;81.0;51.0;4505.0;992.55;761.70;6.0;1.0;0;1.0;0;0;1.0;0;0;0;0;0;1.0;1.0;0;0;0;0;0
453688;0.88;0.78;80.0;3402.0;14.25;79.5;39.0;2.35;9.19;14.58;333.72;304.45;2.31;128765.0;80.0;81.0;51.0;4514.0;992.59;742.17;6.0;1.0;0;1.0;0;0;1.0;0;0;0;0;0;1.0;1.0;0;0;0;0;0
454250;0.89;0.76;80.0;3405.0;14.25;79.5;39.0;2.74;9.50;14.48;321.93;338.98;2.31;128765.0;80.0;80.0;51.0;4514.0;992.62;664.05;6.0;1.0;0;1.0;0;0;1.0;0;0;0;0;0;1.0;1.0;0;0;0;0;0
454747;2.36;1.00;81.0;3445.0;14.25;79.5;39.0;6.66;18.75;14.58;330.87;341.28;2.31;128765.0;80.0;81.0;51.0;4472.0;992.66;781.24;6.0;1.0;0;1.0;0;0;1.0;0;0;0;0;0;1.0;1.0;0;0;0;0;0
455266;1.88;1.00;82.0;3502.0;14.25;79.5;39.75;5.49;15.80;14.58;328.39;343.80;2.31;128765.0;81.0;82.0;51.0;4504.0;992.70;800.77;6.0;1.0;0;1.0;0;0;1.0;0;0;0;0;0;1.0;1.0;0;0;0;0;0
455765;1.69;0.96;82.0;3522.0;14.25;79.5;40.5;4.70;14.56;14.58;295.35;330.87;2.31;128765.0;82.0;83.0;51.0;4512.0;992.70;800.77;6.0;1.0;0;1.0;0;0;1.0;0;0;0;0;0;1.0;1.0;0;0;0;0;0
456278;1.92;0.93;83.0;3558.0;14.25;79.5;40.5;5.88;16.97;14.48;293.69;346.65;2.31;128765.0;83.0;84.0;51.0;4515.0;992.70;781.24;6.0;1.0;0;1.0;0;0;1.0;0;0;0;0;0;1.0;1.0;0;0;0;0;0
456776;0.95;0.99;83.0;3480.0;14.25;79.5;39.75;1.96;8.49;14.48;292.55;287.89;2.31;128765.0;83.0;84.0;51.0;4554.0;992.86;800.77;6.0;1.0;0;1.0;0;0;1.0;0;0;0;0;0;1.0;1.0;0;0;0;0;0
457297;0.59;1.00;82.0;3482.0;14.25;79.5;-30.0;0.39;0;14.48;310.25;323.26;2.31;128765.0;82.0;82.0;51.0;4489.0;993.05;624.99;6.0;1.0;0;1.0;0;0;1.0;0;0;0;0;0;1.0;1.0;0;0;0;0;0
457802;0.68;1.00;81.0;3464.0;14.25;79.5;39.75;0.39;7.00;14.58;303.00;218.05;2.31;128765.0;82.0;82.0;51.0;4229.0;993.13;664.05;6.0;1.0;0;1.0;0;0;1.0;0;0;0;0;0;1.0;1.0;0;0;0;0;0
458340;0.58;1.00;80.0;3412.0;14.25;79.5;-30.0;0;0;14.58;254.41;270.92;2.31;128765.0;80.0;81.0;51.0;4270.0;993.29;0;6.0;1.0;0;1.0;0;0;1.0;0;0;0;0;0;1.0;1.0;0;0;0;0;0
458874;0.88;1.00;78.0;3392.0;14.25;79.5;39.0;1.17;6.88;14.48;294.74;305.50;2.31;128765.0;79.0;79.0;51.0;4200.0;993.45;0;6.0;1.0;0;1.0;0;0;1.0;0;0;0;0;0;1.0;1.0;0;0;0;0;0
459439;0.86;1.00;78.0;3331.0;14.25;79.5;38.25;1.56;7.08;14.48;333.43;334.80;2.31;128765.0;79.0;79.0;51.0;4332.0;993.64;800.77;6.0;1.0;0;1.0;0;0;1.0;0;0;0;0;0;1.0;1.0;0;0;0;0;0
459933;0.92;0.99;77.0;3299.0;14.25;79.5;38.25;1.56;7.48;14.48;308.84;342.90;2.31;128765.0;78.0;78.0;51.0;4450.0;993.72;800.77;6.0;1.0;0;1.0;0;0;1.0;0;0;0;0;0;1.0;1.0;0;0;0;0;0
460597;0.87;0.97;77.0;3297.0;14.25;79.5;38.25;1.56;7.48;14.58;321.65;322.98;2.31;128765.0;78.0;78.0;51.0;4491.0;993.80;800.77;6.0;1.0;0;1.0;0;0;1.0;0;0;0;0;0;1.0;1.0;0;0;0;0;0
461161;1.98;0.99;78.0;3345.0;14.25;79.5;38.25;5.49;16.18;14.48;288.45;344.21;2.31;128765.0;78.0;79.0;51.0;4464.0;993.87;800.77;6.0;1.0;0;1.0;0;0;1.0;0;0;0;0;0;1.0;1.0;0;0;0;0;0
461704;3.03;0.97;81.0;3453.0;14.25;80.25;33.75;10.98;24.16;14.58;335.89;229.24;2.31;128765.0;79.0;81.0;50.0;4498.0;993.91;742.17;6.0;1.0;0;1.0;0;0;1.0;0;0;0;0;0;1.0;1.0;0;0;0;0;0
462305;2.77;0.90;82.0;3510.0;14.25;80.25;33.75;10.98;24.20;14.39;321.03;189.77;2.31;128765.0;81.0;83.0;50.0;4514.0;994.03;683.58;6.0;1.0;0;1.0;0;0;1.0;0;0;0;0;0;1.0;1.0;0;0;0;0;0
462856;2.32;0.96;83.0;3569.0;14.25;80.25;39.0;7.45;19.59;14.48;327.96;207.07;2.31;128765.0;84.0;84.0;50.0;4515.0;994.15;781.24;6.0;1.0;0;1.0;0;0;1.0;0;0;0;0;0;1.0;1.0;0;0;0;0;0
463355;1.62;0.91;85.0;3601.0;14.25;80.25;41.25;5.09;14.68;14.58;320.17;194.38;2.31;128765.0;85.0;85.0;50.0;4527.0;994.46;781.24;6.0;1.0;0;1.0;0;0;1.0;0;0;0;0;0;1.0;1.0;0;0;0;0;0
463865;1.48;0.88;85.0;3620.0;14.25;80.25;41.25;4.70;13.76;14.58;261.40;192.83;2.31;128765.0;86.0;86.0;50.0;4520.0;994.70;761.70;6.0;1.0;0;1.0;0;0;1.0;0;0;0;0;0;1.0;1.0;0;0;0;0;0
464367;1.44;0.85;86.0;3659.0;14.25;80.25;42.0;4.70;13.86;14.58;308.30;232.34;2.31;128765.0;86.0;86.0;50.0;4515.0;994.85;761.70;6.0;1.0;0;1.0;0;0;1.0;0;0;0;0;0;1.0;1.0;0;0;0;0;0
464962;1.34;0.83;87.0;3688.0;14.25;80.25;42.0;4.70;13.30;14.39;334.60;296.91;2.31;128765.0;86.0;87.0;50.0;4520.0;994.89;742.17;6.0;1.0;0;1.0;0;0;1.0;0;0;0;0;0;1.0;1.0;0;0;0;0;0
465466;1.07;0.81;87.0;3633.0;14.25;80.25;42.0;3.52;10.92;14.58;350.77;334.80;2.31;128765.0;88.0;87.0;50.0;4506.0;995.01;742.17;6.0;1.0;0;1.0;0;0;1.0;0;0;0;0;0;1.0;1.0;0;0;0;0;0
466062;2.16;0.99;88.0;3738.0;14.25;80.25;42.0;6.27;16.98;14.29;350.01;349.82;2.58;128765.0;88.0;88.0;50.0;4496.0;995.05;781.24;6.0;1.0;0;1.0;0;0;1.0;0;0;0;0;0;1.0;1.0;0;0;0;0;0
466665;2.00;0.94;90.0;3791.0;14.25;80.25;42.75;6.27;17.21;14.48;352.67;332.57;2.31;128765.0;89.0;90.0;50.0;4520.0;995.12;761.70;6.0;1.0;0;1.0;0;0;1.0;0;0;0;0;0;1.0;1.0;0;0;0;0;0
467198;2.45;0.88;91.0;3873.0;14.25;80.25;39.75;9.02;21.23;14.48;326.15;299.68;2.31;128765.0;90.0;91.0;50.0;4517.0;995.12;742.17;6.0;1.0;0;1.0;0;0;1.0;0;0;0;0;0;1.0;1.0;0;0;0;0;0
467706;2.43;0.83;92.0;3937.0;14.25;80.25;39.0;10.58;22.94;14.58;310.62;288.80;2.31;128765.0;92.0;93.0;50.0;4539.0;995.16;507.80;6.0;1.0;0;1.0;0;0;1.0;0;0;0;0;0;1.0;1.0;0;0;0;0;0
468237;2.49;0.88;93.0;3977.0;14.25;80.25;39.0;9.80;22.39;14.48;278.34;231.19;2.31;128765.0;93.0;94.0;50.0;4516.0;995.16;703.11;6.0;1.0;0;1.0;0;0;1.0;0;0;0;0;0;1.0;1.0;0;0;0;0;0
468758;2.42;0.87;95.0;4006.0;14.25;80.25;40.5;9.80;22.05;14.58;327.94;99.44;2.31;128766.0;93.0;95.0;50.0;4521.0;995.40;722.64;6.0;1.0;0;1.0;0;0;1.0;0;0;0;0;0;1.0;1.0;0;0;0;0;0
469300;2.07;0.86;95.0;4053.0;14.25;80.25;42.75;7.84;19.22;14.58;268.42;105.96;2.31;128766.0;95.0;96.0;50.0;4498.0;995.63;703.11;6.0;1.0;0;1.0;0;0;1.0;0;0;0;0;0;1.0;1.0;0;0;0;0;0
469856;1.83;0.79;96.0;4071.0;14.25;80.25;43.5;7.45;18.52;14.39;232.21;179.07;2.31;128766.0;96.0;96.0;50.0;4519.0;995.87;722.64;6.0;1.0;0;1.0;0;0;1.0;0;0;0;0;0;1.0;1.0;0;0;0;0;0
470358;1.03;0.99;96.0;4022.0;14.25;80.25;46.5;2.74;8.74;14.48;202.56;257.38;2.31;128766.0;96.0;96.0;50.0;4504.0;996.06;800.77;6.0;1.0;0;1.0;0;0;1.0;0;0;0;0;0;1.0;1.0;0;0;0;0;0
470915;1.02;0.97;95.0;4025.0;14.25;80.25;46.5;2.74;8.72;14.58;274.86;309.58;2.31;128766.0;95.0;95.0;50.0;4503.0;996.18;800.77;6.0;1.0;0;1.0;0;0;1.0;0;0;0;0;0;1.0;1.0;0;0;0;0;0
471423;0.52;0.96;93.0;3953.0;14.25;80.25;45.75;0.39;4.90;14.58;324.27;262.73;2.31;128766.0;93.0;93.0;50.0;4541.0;996.26;761.70;6.0;1.0;0;1.0;0;0;1.0;0;0;0;0;0;1.0;1.0;0;0;0;0;0
471945;0.49;1.00;91.0;3881.0;14.25;80.25;-30.0;0;0;14.48;314.45;272.15;2.31;128766.0;92.0;92.0;50.0;4539.0;996.30;0;6.0;1.0;0;1.0;0;0;1.0;0;0;0;0;0;1.0;1.0;0;0;0;0;0
472476;0.48;1.00;90.0;3783.0;14.25;80.25;-30.0;0;0;14.48;292.40;273.98;2.31;128766.0;90.0;90.0;50.0;4520.0;996.41;0;6.0;1.0;0;1.0;0;0;1.0;0;0;0;0;0;1.0;1.0;0;0;0;0;0
473000;0.53;1.00;87.0;3698.0;14.25;80.25;-30.0;0;0;14.67;316.36;302.36;2.31;128766.0;87.0;87.0;50.0;4478.0;996.57;0;6.0;1.0;0;1.0;0;0;1.0;0;0;0;0;0;1.0;1.0;0;0;0;0;0
473499;1.13;1.00;86.0;3660.0;14.25;80.25;34.5;2.74;8.33;14.48;298.76;326.40;2.31;128766.0;86.0;86.0;50.0;4222.0;996.77;839.83;6.0;1.0;0;1.0;0;0;1.0;0;0;0;0;0;1.0;1.0;0;0;0;0;0
474106;1.20;0.99;86.0;3651.0;14.25;80.25;39.75;3.13;9.57;14.58;305.29;321.48;2.31;128766.0;85.0;86.0;50.0;4342.0;996.80;839.83;6.0;1.0;0;1.0;0;0;1.0;0;0;0;0;0;1.0;1.0;0;0;0;0;0
474609;1.23;0.97;85.0;3613.0;14.25;80.25;41.25;3.13;10.39;14.58;291.48;322.73;2.31;128766.0;85.0;85.0;50.0;4463.0;997.08;820.30;6.0;1.0;0;1.0;0;0;1.0;0;0;0;0;0;1.0;1.0;0;0;0;0;0
475112;1.59;0.95;85.0;3593.0;14.25;80.25;41.25;4.70;13.74;14.58;224.32;238.77;2.31;128766.0;84.0;85.0;50.0;4496.0;997.27;800.77;6.0;1.0;0;1.0;0;0;1.0;0;0;0;0;0;1.0;1.0;0;0;0;0;0
475702;1.42;0.92;85.0;3583.0;14.25;80.25;41.25;4.31;12.68;14.58;246.29;255.66;2.31;128766.0;84.0;85.0;50.0;4508.0;997.39;800.77;6.0;1.0;0;1.0;0;0;1.0;0;0;0;0;0;1.0;1.0;0;0;0;0;0
476227;1.30;0.90;83.0;3574.0;14.25;80.25;40.5;3.92;11.89;14.48;314.97;247.19;2.31;128766.0;84.0;84.0;50.0;4514.0;997.51;781.24;6.0;1.0;0;1.0;0;0;1.0;0;0;0;0;0;1.0;1.0;0;0;0;0;0
476787;1.18;0.88;83.0;3549.0;14.25;80.25;40.5;3.52;11.05;14.48;338.53;315.09;2.31;128766.0;84.0;84.0;50.0;4520.0;997.55;781.24;6.0;1.0;0;1.0;0;0;1.0;0;0;0;0;0;1.0;1.0;0;0;0;0;0
477309;1.72;0.85;83.0;3543.0;14.25;80.25;40.5;5.88;16.50;14.39;349.87;340.31;2.31;128766.0;84.0;84.0;50.0;4493.0;997.59;703.11;6.0;1.0;0;1.0;0;0;1.0;0;0;0;0;0;1.0;1.0;0;0;0;0;0
477809;1.44;0.81;83.0;3564.0;14.25;80.25;40.5;5.09;14.78;14.48;339.39;330.19;2.31;128766.0;84.0;84.0;50.0;4517.0;997.78;761.70;6.0;1.0;0;1.0;0;0;1.0;0;0;0;0;0;1.0;1.0;0;0;0;0;0
478319;1.36;0.78;85.0;3568.0;14.25;80.25;40.5;5.09;14.42;14.48;344.99;341.24;2.31;128766.0;84.0;85.0;50.0;4511.0;997.82;683.58;6.0;1.0;0;1.0;0;0;1.0;0;0;0;0;0;1.0;1.0;0;0;0;0;0
478911;2.34;0.97;86.0;3664.0;14.25;80.25;40.5;7.45;19.34;14.39;320.23;348.57;2.31;128766.0;85.0;86.0;50.0;4497.0;997.90;781.24;6.0;1.0;0;1.0;0;0;1.0;0;0;0;0;0;1.0;1.0;0;0;0;0;0
479486;2.48;0.91;87.0;3697.0;14.25;80.25;39.0;8.62;21.13;14.58;299.12;346.93;2.31;128766.0;86.0;87.0;50.0;4521.0;998.09;761.70;6.0;1.0;0;1.0;0;0;1.0;0;0;0;0;0;1.0;1.0;0;0;0;0;0
479984;3.33;0.96;90.0;3810.0;14.25;80.25;35.25;13.72;26.05;14.48;287.69;331.46;2.31;128766.0;88.0;90.0;50.0;4522.0;998.33;722.64;6.0;1.0;0;1.0;0;0;1.0;0;0;0;0;0;1.0;1.0;0;0;0;0;0
480480;3.23;0.91;91.0;3881.0;14.25;80.25;34.5;15.29;27.26;14.48;230.92;267.13;2.31;128766.0;90.0;91.0;50.0;4531.0;998.41;585.93;6.0;1.0;0;1.0;0;0;1.0;0;0;0;0;0;1.0;1.0;0;0;0;0;0
481001;3.04;0.99;93.0;3975.0;14.25;80.25;37.5;11.37;24.63;14.48;195.98;256.54;2.31;128766.0;92.0;94.0;50.0;4556.0;998.56;781.24;6.0;1.0;0;1.0;0;0;1.0;0;0;0;0;0;1.0;1.0;0;0;0;0;0
481501;1.57;0.98;93.0;3963.0;14.25;80.25;45.0;4.70;13.32;14.48;215.06;301.52;2.31;128766.0;93.0;94.0;50.0;4495.0;998.68;800.77;6.0;1.0;0;1.0;0;0;1.0;0;0;0;0;0;1.0;1.0;0;0;0;0;0
482007;0.48;1.00;92.0;3912.0;14.25;80.25;-30.0;0;0;14.58;270.45;288.59;2.31;128766.0;93.0;93.0;50.0;4635.0;998.76;624.99;6.0;1.0;0;1.0;0;0;1.0;0;0;0;0;0;1.0;1.0;0;0;0;0;0
482582;0.49;1.00;91.0;3861.0;14.25;80.25;-30.0;0;0;14.58;325.87;331.97;2.31;128766.0;92.0;91.0;50.0;4634.0;998.80;0;6.0;1.0;0;1.0;0;0;1.0;0;0;0;0;0;1.0;1.0;0;0;0;0;0
483126;0.47;1.00;90.0;3783.0;14.25;80.25;-30.0;0;0;14.58;343.20;344.72;2.31;128766.0;91.0;90.0;50.0;4619.0;998.84;0;6.0;1.0;0;1.0;0;0;1.0;0;0;0;0;0;1.0;1.0;0;0;0;0;0
483682;1.36;1.00;90.0;3799.0;14.25;80.25;29.25;3.92;9.12;14.48;347.45;351.34;2.31;128766.0;90.0;89.0;50.0;4214.0;998.84;839.83;6.0;1.0;0;1.0;0;0;1.0;0;0;0;0;0;1.0;1.0;0;0;0;0;0
484180;2.16;0.97;90.0;3817.0;14.25;80.25;38.25;6.27;16.81;14.58;321.19;301.66;2.31;128766.0;89.0;90.0;50.0;4317.0;998.87;820.30;6.0;1.0;0;1.0;0;0;1.0;0;0;0;0;0;1.0;1.0;0;0;0;0;0
484744;2.03;0.93;91.0;3834.0;14.25;80.25;42.75;6.66;17.37;14.48;282.09;293.10;2.31;128766.0;90.0;91.0;50.0;4439.0;998.87;800.77;6.0;1.0;0;1.0;0;0;1.0;0;0;0;0;0;1.0;1.0;0;0;0;0;0
485269;1.88;0.87;91.0;3862.0;14.25;80.25;42.75;6.66;17.30;14.48;291.93;276.89;2.31;128766.0;91.0;91.0;50.0;4503.0;999.03;781.24;6.0;1.0;0;1.0;0;0;1.0;0;0;0;0;0;1.0;1.0;0;0;0;0;0
485822;1.73;0.83;91.0;3892.0;14.25;80.25;43.5;6.27;16.97;14.48;231.25;250.45;2.31;128766.0;91.0;92.0;50.0;4518.0;999.11;761.70;6.0;1.0;0;1.0;0;0;1.0;0;0;0;0;0;1.0;1.0;0;0;0;0;0
486360;1.17;0.99;91.0;3873.0;14.25;80.25;44.25;3.13;9.79;14.58;190.16;243.71;2.31;128766.0;91.0;92.0;50.0;4524.0;999.19;820.30;6.0;1.0;0;1.0;0;0;1.0;0;0;0;0;0;1.0;1.0;0;0;0;0;0
486875;0.48;1.00;90.0;3843.0;14.25;80.25;41.25;0;4.64;14.58;175.69;204.02;2.31;128766.0;91.0;91.0;50.0;4586.0;999.46;800.77;6.0;1.0;0;1.0;0;0;1.0;0;0;0;0;0;1.0;1.0;0;0;0;0;0
487392;0.48;1.00;90.0;3763.0;14.25;80.25;-30.0;0;0;14.58;207.44;281.19;2.31;128766.0;90.0;89.0;50.0;4590.0;999.66;0;6.0;1.0;0;1.0;0;0;1.0;0;0;0;0;0;1.0;1.0;0;0;0;0;0
487947;0.52;1.00;88.0;3706.0;14.25;80.25;-30.0;0;0;14.58;231.07;302.87;2.31;128766.0;88.0;88.0;50.0;4575.0;999.81;0;6.0;1.0;0;1.0;0;0;1.0;0;0;0;0;0;1.0;1.0;0;0;0;0;0
488569;0.54;1.00;86.0;3642.0;14.25;80.25;-30.0;0;0;14.58;278.00;334.29;2.31;128766.0;86.0;86.0;50.0;4546.0;999.93;0;6.0;1.0;0;1.0;0;0;1.0;0;0;0;0;0;1.0;1.0;0;0;0;0;0
489080;0.99;1.00;85.0;3620.0;14.25;80.25;40.5;1.96;7.85;14.58;307.51;348.78;2.31;128766.0;85.0;85.0;50.0;4228.0;1000.01;371.08;6.0;1.0;0;1.0;0;0;1.0;0;0;0;0;0;1.0;1.0;0;0;0;0;0
489697;0.56;1.00;83.0;3542.0;14.25;80.25;-30.0;0;0;14.48;318.71;354.19;2.31;128766.0;84.0;84.0;50.0;4306.0;1000.05;0;6.0;1.0;0;1.0;0;0;1.0;0;0;0;0;0;1.0;1.0;0;0;0;0;0
490288;0.58;1.00;81.0;3368.0;14.25;79.5;-30.0;0;0;14.58;340.23;356.79;2.31;128766.0;81.0;80.0;51.0;4343.0;1000.09;0;6.0;1.0;0;1.0;0;0;1.0;0;0;0;0;0;1.0;1.0;0;0;0;0;0
490935;0.76;1.00;68.0;2741.0;14.25;79.5;12.0;0;10.84;14.11;345.44;352.98;2.58;128766.0;69.0;64.0;51.0;4238.0;1000.12;0;6.0;1.0;0;1.0;0;0;1.0;0;0;0;0;0;1.0;1.0;0;0;0;0;0
491456;0.70;1.00;63.0;2734.0;14.25;79.5;23.25;0;13.07;14.48;331.38;329.66;2.31;128766.0;64.0;64.0;51.0;4307.0;1000.12;19.53;6.0;1.0;0;1.0;0;0;1.0;0;0;0;0;0;0;1.0;0;0;0;0;0
491962;1.62;1.00;63.0;2693.0;14.25;79.5;15.75;2.74;9.40;14.48;335.99;348.29;2.31;128766.0;63.0;64.0;51.0;4434.0;1000.12;859.36;6.0;1.0;0;1.0;0;0;1.0;0;0;0;0;0;1.0;1.0;0;0;0;0;0
492461;0.65;1.00;63.0;2697.0;14.25;79.5;22.5;0;13.05;14.58;336.69;342.12;2.31;128766.0;64.0;64.0;51.0;4483.0;1000.16;839.83;6.0;1.0;0;1.0;0;0;1.0;0;0;0;0;0;1.0;1.0;0;0;0;0;0
492959;1.92;1.00;63.0;2839.0;14.25;79.5;15.0;4.31;12.26;14.48;334.35;313.90;2.31;128766.0;64.0;64.0;51.0;4509.0;1000.16;839.83;6.0;1.0;0;1.0;0;0;1.0;0;0;0;0;0;1.0;1.0;0;0;0;0;0
493519;2.47;0.97;65.0;2784.0;14.25;79.5;25.5;7.05;19.88;14.48;349.66;336.59;2.31;128766.0;65.0;66.0;51.0;4472.0;1000.36;820.30;6.0;1.0;0;1.0;0;0;1.0;0;0;0;0;0;1.0;1.0;0;0;0;0;0
494092;0.47;1.00;67.0;2774.0;14.25;79.5;23.25;0;13.13;14.48;348.92;347.43;2.31;128766.0;67.0;68.0;51.0;4667.0;1000.44;683.58;6.0;1.0;0;1.0;0;0;1.0;0;0;0;0;0;1.0;1.0;0;0;0;0;0
494615;0.67;1.00;63.0;2722.0;14.25;79.5;23.25;0;13.07;14.58;334.27;345.75;2.31;128766.0;64.0;64.0;51.0;4476.0;1000.55;136.71;6.0;1.0;0;1.0;0;0;1.0;0;0;0;0;0;1.0;1.0;0;0;0;0;0
495206;2.78;1.00;63.0;2700.0;14.25;79.5;-1.5;5.88;9.74;14.58;349.58;351.87;2.31;128766.0;63.0;64.0;51.0;4459.0;1000.67;859.36;6.0;1.0;0;1.0;0;0;1.0;0;0;0;0;0;1.0;1.0;0;0;0;0;0
495729;3.43;0.98;66.0;2829.0;14.25;79.5;19.5;12.15;25.19;14.39;350.85;346.34;2.31;128766.0;66.0;67.0;51.0;4432.0;1000.95;781.24;6.0;1.0;0;1.0;0;0;1.0;0;0;0;0;0;1.0;1.0;0;0;0;0;0
496240;3.16;0.94;70.0;2961.0;14.25;79.5;29.25;11.76;26.45;14.39;294.00;291.60;2.31;128766.0;69.0;70.0;51.0;4512.0;1001.02;683.58;6.0;1.0;0;1.0;0;0;1.0;0;0;0;0;0;1.0;1.0;0;0;0;0;0
496762;2.43;0.97;72.0;3067.0;14.25;79.5;34.5;7.05;20.51;14.48;299.51;316.09;2.31;128766.0;72.0;72.0;51.0;4543.0;1001.14;820.30;6.0;1.0;0;1.0;0;0;1.0;0;0;0;0;0;1.0;1.0;0;0;0;0;0
497410;0.57;1.00;72.0;3066.0;14.25;79.5;-30.0;0;0;14.58;310.44;310.64;2.31;128766.0;73.0;73.0;51.0;4639.0;1001.22;58.59;6.0;1.0;0;1.0;0;0;1.0;0;0;0;0;0;1.0;1.0;0;0;0;0;0
497944;0.61;1.00;72.0;3073.0;14.25;79.5;-30.0;0;0;14.58;253.75;242.71;2.31;128766.0;72.0;72.0;51.0;4643.0;1001.30;0;6.0;1.0;0;1.0;0;0;1.0;0;0;0;0;0;1.0;1.0;0;0;0;0;0
498508;0.62;1.00;71.0;3054.0;14.25;79.5;-30.0;0;0;14.58;185.16;193.87;2.31;128766.0;72.0;72.0;51.0;4654.0;1001.34;0;6.0;1.0;0;1.0;0;0;1.0;0;0;0;0;0;1.0;1.0;0;0;0;0;0
499008;0.63;1.00;72.0;3035.0;14.25;79.5;-30.0;0;0;14.58;260.88;203.52;2.31;128766.0;72.0;72.0;51.0;4659.0;1001.34;0;6.0;1.0;0;1.0;0;0;1.0;0;0;0;0;0;1.0;1.0;0;0;0;0;0
499567;0.63;1.00;71.0;3023.0;14.25;79.5;-30.0;0;0;14.58;309.72;267.48;2.31;128766.0;71.0;71.0;51.0;4646.0;1001.38;19.53;6.0;1.0;0;1.0;0;0;1.0;0;0;0;0;0;1.0;1.0;0;0;0;0;0
500076;0.63;1.00;71.0;3008.0;14.25;79.5;-30.0;0;0;14.58;340.19;321.01;2.31;128766.0;71.0;71.0;51.0;4652.0;1001.53;19.53;6.0;1.0;0;1.0;0;0;1.0;0;0;0;0;0;1.0;1.0;0;0;0;0;0
500575;2.47;1.00;71.0;3004.0;14.25;79.5;1.5;6.27;10.83;14.58;352.71;341.87;2.31;128766.0;71.0;71.0;51.0;4235.0;1001.73;878.89;6.0;1.0;0;1.0;0;0;1.0;0;0;0;0;0;1.0;1.0;0;0;0;0;0
501079;0.70;1.00;71.0;3020.0;14.25;79.5;-30.0;0;0;14.58;286.68;266.35;2.31;128766.0;71.0;71.0;51.0;4284.0;1001.73;39.06;6.0;1.0;0;1.0;0;0;1.0;0;0;0;0;0;1.0;1.0;0;0;0;0;0
501600;1.62;1.00;71.0;3074.0;14.25;79.5;21.75;3.52;11.12;14.58;327.14;314.27;2.31;128766.0;71.0;72.0;51.0;4239.0;1001.92;859.36;6.0;1.0;0;1.0;0;0;1.0;0;0;0;0;0;0;1.0;0;0;0;0;0
502100;1.51;0.99;72.0;3068.0;14.25;79.5;28.5;3.52;11.80;14.48;312.05;308.73;2.31;128766.0;72.0;73.0;51.0;4373.0;1002.08;859.36;6.0;1.0;0;1.0;0;0;1.0;0;0;0;0;0;1.0;1.0;0;0;0;0;0
502667;1.48;0.97;73.0;3131.0;14.25;79.5;35.25;3.92;12.55;14.39;252.09;297.94;2.31;128766.0;73.0;74.0;51.0;4462.0;1002.23;859.36;6.0;1.0;0;1.0;0;0;1.0;0;0;0;0;0;1.0;1.0;0;0;0;0;0
503166;2.05;0.93;76.0;3246.0;14.25;79.5;37.5;5.88;17.88;14.58;207.09;282.28;2.31;128766.0;76.0;77.0;51.0;4497.0;1002.35;820.30;6.0;1.0;0;1.0;0;0;1.0;0;0;0;0;0;1.0;1.0;0;0;0;0;0
503709;1.99;0.89;77.0;3306.0;14.25;79.5;38.25;6.27;18.27;14.48;175.71;293.84;2.31;128766.0;77.0;78.0;51.0;4504.0;1002.43;800.77;6.0;1.0;0;1.0;0;0;1.0;0;0;0;0;0;1.0;1.0;0;0;0;0;0
504229;1.60;0.85;78.0;3363.0;14.25;79.5;38.25;5.09;15.60;14.48;128.17;239.80;2.31;128766.0;78.0;79.0;51.0;4517.0;1002.51;800.77;6.0;1.0;0;1.0;0;0;1.0;0;0;0;0;0;1.0;1.0;0;0;0;0;0
504857;1.44;0.81;80.0;3403.0;14.25;79.5;39.0;4.70;14.62;14.48;159.59;208.65;2.31;128766.0;80.0;80.0;51.0;4518.0;1002.55;722.64;6.0;1.0;0;1.0;0;0;1.0;0;0;0;0;0;1.0;1.0;0;0;0;0;0
505370;2.48;1.00;81.0;3522.0;15.0;79.5;39.75;6.27;17.87;14.39;281.38;242.58;2.31;128766.0;81.0;82.0;51.0;4465.0;1002.66;859.36;6.0;1.0;0;1.0;0;0;1.0;0;0;0;0;0;1.0;1.0;0;0;0;0;0
505969;3.44;0.99;85.0;3626.0;15.0;79.5;33.0;13.72;26.41;14.58;303.00;291.89;2.31;128766.0;83.0;86.0;51.0;4519.0;1002.94;800.77;6.0;1.0;0;1.0;0;0;1.0;0;0;0;0;0;1.0;1.0;0;0;0;0;0
506483;2.77;0.90;88.0;3757.0;15.0;79.5;36.0;10.98;24.13;14.58;344.82;329.72;2.31;128766.0;87.0;88.0;51.0;4530.0;1003.13;742.17;6.0;1.0;0;1.0;0;0;1.0;0;0;0;0;0;1.0;1.0;0;0;0;0;0
506973;2.56;0.91;95.0;4030.0;15.0;79.5;40.5;9.80;22.00;14.48;328.88;149.77;2.31;128766.0;93.0;96.0;51.0;4534.0;1003.72;781.24;6.0;1.0;0;1.0;0;0;1.0;0;0;0;0;0;1.0;1.0;0;0;0;0;0
507482;2.30;0.84;96.0;4070.0;15.0;79.5;41.25;9.02;21.40;14.48;206.80;204.40;2.31;128766.0;94.0;96.0;51.0;4512.0;1003.76;742.17;6.0;1.0;0;1.0;0;0;1.0;0;0;0;0;0;1.0;1.0;0;0;0;0;0
508047;1.80;0.78;96.0;4077.0;15.0;79.5;43.5;7.45;18.29;14.58;200.84;164.71;2.31;128766.0;96.0;97.0;51.0;4508.0;1003.80;527.33;6.0;1.0;0;1.0;0;0;1.0;0;0;0;0;0;1.0;1.0;0;0;0;0;0
508547;1.77;0.79;96.0;4089.0;15.0;79.5;44.25;7.05;18.14;14.58;196.43;168.58;2.31;128766.0;96.0;97.0;51.0;4518.0;1003.84;722.64;6.0;1.0;0;1.0;0;0;1.0;0;0;0;0;0;1.0;1.0;0;0;0;0;0
509093;1.72;0.78;97.0;4148.0;15.0;79.5;44.25;7.05;17.61;14.48;236.56;206.68;2.31;128766.0;96.0;98.0;51.0;4521.0;1003.91;546.86;6.0;1.0;0;1.0;0;0;1.0;0;0;0;0;0;1.0;1.0;0;0;0;0;0
509638;1.73;0.79;97.0;4142.0;15.0;79.5;44.25;7.05;17.60;14.48;243.34;267.52;2.31;128766.0;96.0;98.0;51.0;4512.0;1004.07;664.05;6.0;1.0;0;1.0;0;0;1.0;0;0;0;0;0;1.0;1.0;0;0;0;0;0
510190;1.64;0.80;97.0;4140.0;15.0;79.5;45.0;6.66;16.51;14.58;302.24;301.21;2.31;128767.0;97.0;97.0;51.0;4518.0;1004.38;722.64;6.0;1.0;0;1.0;0;0;1.0;0;0;0;0;0;1.0;1.0;0;0;0;0;0
510736;1.48;0.75;98.0;4143.0;15.0;79.5;45.0;6.27;15.94;14.48;329.56;342.18;2.31;128767.0;97.0;98.0;51.0;4515.0;1004.42;371.08;6.0;1.0;0;1.0;0;0;1.0;0;0;0;0;0;1.0;1.0;0;0;0;0;0
511267;1.44;0.76;98.0;4196.0;15.0;79.5;45.75;5.88;15.03;14.58;328.63;314.12;2.31;128767.0;98.0;99.0;51.0;4507.0;1004.62;703.11;6.0;1.0;0;1.0;0;0;1.0;0;0;0;0;0;1.0;1.0;0;0;0;0;0
511796;1.38;0.74;100.0;4246.0;15.0;79.5;46.5;5.88;15.00;14.58;287.36;342.59;2.31;128767.0;99.0;100.0;51.0;4509.0;1004.77;292.96;6.0;1.0;0;1.0;0;0;1.0;0;0;0;0;0;1.0;1.0;0;0;0;0;0
512328;1.60;0.77;101.0;4257.0;15.0;79.5;45.75;6.66;16.80;14.48;305.80;324.17;2.31;128767.0;99.0;101.0;51.0;4519.0;1004.89;19.53;6.0;1.0;0;1.0;0;0;1.0;0;0;0;0;0;1.0;1.0;0;0;0;0;0
512851;1.64;0.82;101.0;4292.0;15.0;79.5;45.75;6.66;16.20;14.48;283.90;311.42;2.31;128767.0;100.0;102.0;51.0;4520.0;1004.97;800.77;6.0;1.0;0;1.0;0;0;1.0;0;0;0;0;0;1.0;1.0;0;0;0;0;0
513347;0.90;0.80;102.0;4318.0;15.0;79.5;47.25;3.13;9.62;14.48;302.40;297.53;2.31;128767.0;101.0;102.0;51.0;4528.0;1005.01;820.30;6.0;1.0;0;1.0;0;0;1.0;0;0;0;0;0;1.0;1.0;0;0;0;0;0
513897;0.78;0.79;100.0;4248.0;15.0;79.5;47.25;2.74;7.91;14.58;294.51;222.70;2.31;128767.0;100.0;100.0;51.0;4510.0;1005.20;820.30;6.0;1.0;0;1.0;0;0;1.0;0;0;0;0;0;1.0;1.0;0;0;0;0;0
514420;0.72;0.77;98.0;4177.0;15.0;79.5;47.25;2.35;7.50;14.48;190.22;224.08;2.31;128767.0;99.0;99.0;51.0;4528.0;1005.16;800.77;6.0;1.0;0;1.0;0;0;1.0;0;0;0;0;0;1.0;1.0;0;0;0;0;0
514920;0.71;0.76;97.0;4094.0;15.0;79.5;46.5;2.35;7.45;14.48;228.79;205.18;2.31;128767.0;96.0;97.0;51.0;4510.0;1005.44;234.37;6.0;1.0;0;1.0;0;0;1.0;0;0;0;0;0;1.0;1.0;0;0;0;0;0
515441;2.15;1.00;96.0;4264.0;15.0;79.5;45.75;6.66;16.25;14.48;292.34;289.20;2.31;128767.0;97.0;97.0;51.0;4473.0;1005.71;820.30;6.0;1.0;0;1.0;0;0;1.0;0;0;0;0;0;1.0;1.0;0;0;0;0;0
515978;2.28;0.94;97.0;4150.0;15.0;80.25;42.75;7.84;19.21;14.48;332.77;326.91;2.31;128767.0;96.0;98.0;50.0;4506.0;1005.91;800.77;6.0;1.0;0;1.0;0;0;1.0;0;0;0;0;0;1.0;1.0;0;0;0;0;0
516541;1.94;0.88;98.0;4159.0;15.0;80.25;44.25;7.05;17.61;14.48;323.65;328.41;2.31;128767.0;96.0;99.0;50.0;4520.0;1006.02;800.77;6.0;1.0;0;1.0;0;0;1.0;0;0;0;0;0;1.0;1.0;0;0;0;0;0
517042;2.12;0.82;97.0;4134.0;15.0;80.25;42.0;8.62;20.31;14.39;338.22;319.84;2.31;128767.0;96.0;97.0;50.0;4524.0;1006.14;742.17;6.0;1.0;0;1.0;0;0;1.0;0;0;0;0;0;1.0;1.0;0;0;0;0;0
517564;2.17;0.79;97.0;4129.0;15.0;80.25;40.5;9.41;21.62;14.48;303.22;296.52;2.31;128767.0;96.0;97.0;50.0;4521.0;1006.18;800.77;6.0;1.0;0;1.0;0;0;1.0;0;0;0;0;0;1.0;1.0;0;0;0;0;0
518063;3.56;0.96;97.0;4151.0;15.0;80.25;35.25;14.90;27.95;14.48;256.68;304.00;2.31;128767.0;96.0;98.0;50.0;4545.0;1006.45;781.24;6.0;1.0;0;1.0;0;0;1.0;0;0;0;0;0;1.0;1.0;0;0;0;0;0
518560;3.64;0.89;100.0;4254.0;15.0;80.25;32.25;18.04;30.96;14.48;286.56;280.25;2.31;128767.0;98.0;100.0;50.0;4566.0;1006.45;722.64;6.0;1.0;0;1.0;0;0;1.0;0;0;0;0;0;1.0;1.0;0;0;0;0;0
519081;3.43;0.89;102.0;4337.0;15.0;80.25;34.5;17.25;29.48;14.48;288.37;259.88;2.31;128767.0;101.0;102.0;50.0;4545.0;1006.73;585.93;6.0;1.0;0;1.0;0;0;1.0;0;0;0;0;0;1.0;1.0;0;0;0;0;0
519597;5.13;1.00;103.0;4439.0;15.0;80.25;29.25;24.31;35.30;14.58;286.99;235.84;2.31;128767.0;101.0;104.0;50.0;4510.0;1006.96;800.77;6.0;1.0;0;1.0;0;0;1.0;0;0;0;0;0;1.0;1.0;0;0;0;0;0
520130;4.11;0.95;107.0;4564.0;15.0;80.25;30.0;23.92;34.11;14.48;242.89;205.96;2.31;128767.0;104.0;107.0;50.0;4589.0;1007.08;761.70;6.0;1.0;0;1.0;0;0;1.0;0;0;0;0;0;1.0;1.0;0;0;0;0;0
520651;3.57;1.00;108.0;4585.0;15.0;80.25;36.75;16.47;27.71;14.58;306.28;238.09;2.31;128767.0;107.0;108.0;50.0;4504.0;1007.23;781.24;6.0;1.0;0;1.0;0;0;1.0;0;0;0;0;0;1.0;1.0;0;0;0;0;0
521157;2.28;0.97;108.0;4607.0;15.0;80.25;45.0;8.23;19.25;14.48;337.96;261.54;2.31;128767.0;108.0;109.0;50.0;4451.0;1007.27;820.30;6.0;1.0;0;1.0;0;0;1.0;0;0;0;0;0;1.0;1.0;0;0;0;0;0
521682;2.19;0.95;108.0;4621.0;15.0;80.25;46.5;7.84;18.04;14.48;355.91;318.94;2.31;128767.0;108.0;109.0;50.0;4454.0;1007.35;800.77;6.0;1.0;0;1.0;0;0;1.0;0;0;0;0;0;1.0;1.0;0;0;0;0;0
522218;1.96;0.89;108.0;4599.0;15.0;80.25;46.5;7.45;17.28;14.58;355.11;328.27;2.31;128767.0;108.0;109.0;50.0;4492.0;1007.55;781.24;6.0;1.0;0;1.0;0;0;1.0;0;0;0;0;0;1.0;1.0;0;0;0;0;0
522717;1.81;0.84;108.0;4596.0;15.0;80.25;46.5;7.45;17.08;14.58;331.36;341.28;2.31;128767.0;107.0;109.0;50.0;4513.0;1007.70;781.24;6.0;1.0;0;1.0;0;0;1.0;0;0;0;0;0;1.0;1.0;0;0;0;0;0
523242;1.17;0.80;108.0;4573.0;15.0;80.25;48.75;4.70;11.72;14.48;347.49;347.00;2.31;128767.0;108.0;108.0;50.0;4498.0;1007.82;800.77;6.0;1.0;0;1.0;0;0;1.0;0;0;0;0;0;1.0;1.0;0;0;0;0;0
523786;0.96;0.79;106.0;4495.0;15.0;80.25;48.0;3.92;9.82;14.58;335.17;354.89;2.31;128767.0;106.0;106.0;50.0;4517.0;1007.90;781.24;6.0;1.0;0;1.0;0;0;1.0;0;0;0;0;0;1.0;1.0;0;0;0;0;0
524342;0.47;1.00;103.0;4387.0;15.0;80.25;42.0;0;4.37;14.58;346.71;347.98;2.31;128767.0;104.0;104.0;50.0;4551.0;1008.02;781.24;6.0;1.0;0;1.0;0;0;1.0;0;0;0;0;0;1.0;1.0;0;0;0;0;0
524847;0.51;1.00;101.0;4289.0;15.0;80.25;-30.0;0;0;14.48;300.48;332.36;2.31;128767.0;101.0;101.0;50.0;4583.0;1008.13;0;6.0;1.0;0;1.0;0;0;1.0;0;0;0;0;0;1.0;1.0;0;0;0;0;0
525504;0.52;1.00;96.0;4073.0;15.0;80.25;-30.0;0;0;14.58;280.88;205.57;2.31;128767.0;96.0;97.0;50.0;4571.0;1008.25;0;6.0;1.0;0;1.0;0;0;1.0;0;0;0;0;0;1.0;1.0;0;0;0;0;0
526050;0.52;1.00;88.0;3741.0;15.0;80.25;-30.0;0;0;14.58;241.95;241.85;2.31;128767.0;89.0;89.0;50.0;4536.0;1008.48;0;6.0;1.0;0;1.0;0;0;1.0;0;0;0;0;0;1.0;1.0;0;0;0;0;0
526590;0.54;1.00;82.0;3495.0;15.0;80.25;-30.0;0;0;14.67;299.25;280.54;2.31;128767.0;83.0;82.0;50.0;4557.0;1008.60;0;6.0;1.0;0;1.0;0;0;1.0;0;0;0;0;0;1.0;1.0;0;0;0;0;0
527125;0.56;1.00;80.0;3376.0;15.0;80.25;-30.0;0;0;14.48;332.45;326.93;2.31;128767.0;80.0;79.0;50.0;4561.0;1008.68;0;6.0;1.0;0;1.0;0;0;1.0;0;0;0;0;0;1.0;1.0;0;0;0;0;0
527644;2.87;1.00;78.0;3392.0;15.0;80.25;3.75;7.84;14.03;14.58;348.53;345.09;2.31;128767.0;78.0;79.0;50.0;4208.0;1008.72;878.89;6.0;1.0;0;1.0;0;0;1.0;0;0;0;0;0;1.0;1.0;0;0;0;0;0
528142;2.67;0.95;80.0;3399.0;15.0;80.25;20.25;8.23;19.55;14.58;350.64;352.88;2.31;128767.0;79.0;80.0;50.0;4314.0;1008.76;839.83;6.0;1.0;0;1.0;0;0;1.0;0;0;0;0;0;1.0;1.0;0;0;0;0;0
528657;2.14;0.98;81.0;3416.0;15.0;80.25;32.25;5.88;16.85;14.39;354.64;350.91;2.31;128767.0;79.0;81.0;50.0;4452.0;1008.76;859.36;6.0;1.0;0;1.0;0;0;1.0;0;0;0;0;0;1.0;1.0;0;0;0;0;0
529181;2.73;0.98;81.0;3435.0;15.0;80.25;36.0;8.62;21.95;14.58;267.50;354.78;2.31;128767.0;79.0;81.0;50.0;4493.0;1008.80;839.83;6.0;1.0;0;1.0;0;0;1.0;0;0;0;0;0;1.0;1.0;0;0;0;0;0
529714;3.38;0.99;81.0;3481.0;15.0;80.25;32.25;12.15;25.99;14.48;230.29;350.56;2.31;128767.0;79.0;82.0;50.0;4513.0;1008.80;820.30;6.0;1.0;0;1.0;0;0;1.0;0;0;0;0;0;1.0;1.0;0;0;0;0;0
530229;3.08;0.92;82.0;3507.0;15.0;80.25;32.25;12.55;26.02;14.58;229.51;233.05;2.31;128767.0;80.0;83.0;50.0;4521.0;1008.84;664.05;6.0;1.0;0;1.0;0;0;1.0;0;0;0;0;0;1.0;1.0;0;0;0;0;0
530727;3.08;0.93;83.0;3548.0;15.0;80.25;33.0;12.55;25.99;14.48;211.09;218.85;2.31;128767.0;81.0;84.0;50.0;4518.0;1008.84;742.17;6.0;1.0;0;1.0;0;0;1.0;0;0;0;0;0;1.0;1.0;0;0;0;0;0
531259;3.05;0.93;85.0;3594.0;15.0;80.25;33.0;12.55;25.88;14.48;190.45;210.14;2.31;128767.0;83.0;85.0;50.0;4511.0;1008.84;761.70;6.0;1.0;0;1.0;0;0;1.0;0;0;0;0;0;1.0;1.0;0;0;0;0;0
531791;2.96;0.90;86.0;3625.0;15.0;80.25;33.75;12.15;25.72;14.58;167.31;257.95;2.31;128767.0;84.0;86.0;50.0;4514.0;1008.95;703.11;6.0;1.0;0;1.0;0;0;1.0;0;0;0;0;0;1.0;1.0;0;0;0;0;0
532305;2.64;0.99;86.0;3689.0;15.0;80.25;38.25;8.62;21.60;14.48;205.80;241.95;2.31;128767.0;86.0;87.0;50.0;4512.0;1009.11;820.30;6.0;1.0;0;1.0;0;0;1.0;0;0;0;0;0;1.0;1.0;0;0;0;0;0
532802;0.48;1.00;86.0;3498.0;15.0;80.25;40.5;0;8.46;14.48;234.92;312.28;2.31;128767.0;87.0;87.0;50.0;4605.0;1009.11;820.30;6.0;1.0;0;1.0;0;0;1.0;0;0;0;0;0;1.0;1.0;0;0;0;0;0
533364;0.52;1.00;85.0;3600.0;15.0;80.25;-30.0;0;0;14.58;293.18;339.33;2.31;128767.0;85.0;85.0;50.0;4614.0;1009.11;0;6.0;1.0;0;1.0;0;0;1.0;0;0;0;0;0;1.0;1.0;0;0;0;0;0
533866;0.53;1.00;83.0;3523.0;15.0;80.25;-30.0;0;0;14.48;329.64;349.62;2.31;128767.0;84.0;83.0;50.0;4619.0;1009.19;0;6.0;1.0;0;1.0;0;0;1.0;0;0;0;0;0;1.0;1.0;0;0;0;0;0
534390;0.55;1.00;81.0;3438.0;15.0;80.25;-30.0;0;0;14.58;343.22;336.65;2.31;128767.0;81.0;81.0;50.0;4640.0;1009.23;0;6.0;1.0;0;1.0;0;0;1.0;0;0;0;0;0;1.0;1.0;0;0;0;0;0
534993;0.56;1.00;78.0;3343.0;15.0;80.25;-30.0;0;0;14.58;330.33;351.01;2.31;128767.0;79.0;79.0;50.0;4639.0;1009.27;0;6.0;1.0;0;1.0;0;0;1.0;0;0;0;0;0;1.0;1.0;0;0;0;0;0
535584;0.56;1.00;77.0;3258.0;15.0;80.25;-30.0;0;0;14.48;343.68;308.51;2.31;128767.0;77.0;77.0;50.0;4648.0;1009.50;0;6.0;1.0;0;1.0;0;0;1.0;0;0;0;0;0;1.0;1.0;0;0;0;0;0
536087;1.96;1.00;76.0;3238.0;15.0;80.25;9.0;4.70;9.48;14.58;317.51;319.54;2.31;128767.0;76.0;76.0;50.0;4237.0;1009.66;859.36;6.0;1.0;0;1.0;0;0;1.0;0;0;0;0;0;1.0;1.0;0;0;0;0;0
536611;2.02;0.98;75.0;3201.0;15.0;80.25;16.5;5.09;12.77;14.48;312.75;305.89;2.31;128767.0;75.0;76.0;50.0;4297.0;1009.77;878.89;6.0;1.0;0;1.0;0;0;1.0;0;0;0;0;0;1.0;1.0;0;0;0;0;0
537145;2.05;0.95;76.0;3238.0;15.0;80.25;27.0;5.88;16.23;14.58;288.88;310.35;2.31;128767.0;75.0;76.0;50.0;4419.0;1009.85;839.83;6.0;1.0;0;1.0;0;0;1.0;0;0;0;0;0;1.0;1.0;0;0;0;0;0
537650;1.96;0.90;76.0;3248.0;15.0;80.25;37.5;5.88;17.70;14.58;276.21;300.76;2.31;128767.0;76.0;77.0;50.0;4493.0;1009.89;839.83;6.0;1.0;0;1.0;0;0;1.0;0;0;0;0;0;1.0;1.0;0;0;0;0;0
538172;1.86;0.86;77.0;3272.0;15.0;80.25;38.25;5.88;17.62;14.58;314.88;329.33;2.31;128767.0;76.0;77.0;50.0;4501.0;1009.93;761.70;6.0;1.0;0;1.0;0;0;1.0;0;0;0;0;0;1.0;1.0;0;0;0;0;0
538674;1.80;0.82;77.0;3276.0;15.0;80.25;38.25;5.88;17.85;14.48;341.61;329.08;2.31;128767.0;76.0;77.0;50.0;4515.0;1009.97;683.58;6.0;1.0;0;1.0;0;0;1.0;0;0;0;0;0;1.0;1.0;0;0;0;0;0
539192;1.76;0.81;77.0;3296.0;15.0;80.25;38.25;5.88;17.84;14.58;343.49;348.29;2.31;128767.0;77.0;78.0;50.0;4518.0;1010.01;175.77;6.0;1.0;0;1.0;0;0;1.0;0;0;0;0;0;1.0;1.0;0;0;0;0;0
539691;1.77;0.85;78.0;3322.0;15.0;80.25;38.25;5.88;17.30;14.48;352.28;333.22;2.31;128767.0;78.0;79.0;50.0;4515.0;1010.01;800.77;6.0;1.0;0;1.0;0;0;1.0;0;0;0;0;0;1.0;1.0;0;0;0;0;0
540240;1.69;0.82;78.0;3332.0;15.0;80.25;39.0;5.09;16.95;14.58;315.85;333.02;2.31;128767.0;79.0;78.0;50.0;4517.0;1010.01;800.77;6.0;1.0;0;1.0;0;0;1.0;0;0;0;0;0;1.0;1.0;0;0;0;0;0
540762;0.51;1.00;78.0;3290.0;15.0;80.25;40.5;0;12.54;14.48;269.14;327.24;2.31;128767.0;78.0;78.0;50.0;4564.0;1010.05;644.52;6.0;1.0;0;1.0;0;0;1.0;0;0;0;0;0;1.0;1.0;0;0;0;0;0
541265;0.57;1.00;76.0;3210.0;15.0;80.25;-30.0;0;0;14.58;318.74;328.76;2.31;128767.0;76.0;76.0;50.0;4585.0;1010.05;0;6.0;1.0;0;1.0;0;0;1.0;0;0;0;0;0;1.0;1.0;0;0;0;0;0
541764;3.4;1.00;75.0;3213.0;15.0;80.25;-3.0;8.23;10.63;14.58;282.52;333.14;2.31;128767.0;75.0;75.0;50.0;4237.0;1010.05;859.36;6.0;1.0;0;1.0;0;0;1.0;0;0;0;0;0;1.0;1.0;0;0;0;0;0
542286;3.21;0.97;76.0;3220.0;15.0;80.25;15.75;10.19;21.77;14.39;234.53;323.28;2.31;128767.0;75.0;76.0;50.0;4266.0;1010.05;820.30;6.0;1.0;0;1.0;0;0;1.0;0;0;0;0;0;1.0;1.0;0;0;0;0;0
542826;2.91;0.91;77.0;3287.0;15.0;80.25;33.0;10.58;24.49;14.58;225.04;306.71;2.31;128767.0;77.0;77.0;50.0;4398.0;1010.05;605.46;6.0;1.0;0;1.0;0;0;1.0;0;0;0;0;0;1.0;1.0;0;0;0;0;0
543382;2.11;1.00;78.0;3358.0;15.0;80.25;38.25;5.88;18.04;14.58;205.59;292.79;2.31;128767.0;78.0;79.0;50.0;4498.0;1010.05;859.36;6.0;1.0;0;1.0;0;0;1.0;0;0;0;0;0;1.0;1.0;0;0;0;0;0
543895;0.52;1.00;77.0;3272.0;15.0;80.25;-30.0;0;0;14.58;266.09;332.18;2.31;128767.0;78.0;77.0;50.0;4666.0;1010.05;195.31;6.0;1.0;0;1.0;0;0;1.0;0;0;0;0;0;1.0;1.0;0;0;0;0;0
544392;0.56;1.00;76.0;3221.0;15.0;80.25;-30.0;0;0;14.39;300.25;332.04;2.31;128767.0;76.0;76.0;50.0;4678.0;1010.16;0;6.0;1.0;0;1.0;0;0;1.0;0;0;0;0;0;1.0;1.0;0;0;0;0;0
544914;0.61;1.00;73.0;3145.0;15.0;80.25;-30.0;0;0;14.58;329.41;345.07;2.31;128767.0;74.0;74.0;50.0;4697.0;1010.28;0;6.0;1.0;0;1.0;0;0;1.0;0;0;0;0;0;1.0;1.0;0;0;0;0;0
545422;0.64;1.00;70.0;2958.0;15.0;80.25;-30.0;0;0;14.58;260.54;285.17;2.31;128767.0;70.0;70.0;50.0;4725.0;1010.28;0;6.0;1.0;0;1.0;0;0;1.0;0;0;0;0;0;1.0;1.0;0;0;0;0;0
545925;0.64;1.00;66.0;2825.0;15.0;80.25;-30.0;0;0;14.48;258.24;299.10;2.31;128767.0;66.0;67.0;50.0;4772.0;1010.36;0;6.0;1.0;0;1.0;0;0;1.0;0;0;0;0;0;1.0;1.0;0;0;0;0;0
546493;0.68;1.00;62.0;2667.0;15.0;80.25;-30.0;0;0;14.58;277.50;324.58;2.31;128767.0;63.0;63.0;50.0;4664.0;1010.52;0;6.0;1.0;0;1.0;0;0;1.0;0;0;0;0;0;1.0;1.0;0;0;0;0;0
547027;0.85;1.00;60.0;2523.0;15.0;80.25;0.75;0;8.09;14.58;321.22;323.24;2.31;128767.0;60.0;59.0;50.0;4457.0;1010.63;0;6.0;1.0;0;1.0;0;0;1.0;0;0;0;0;0;1.0;1.0;0;0;0;0;0
547548;0.82;1.00;56.0;2428.0;15.0;80.25;16.5;0;12.88;14.58;233.67;224.28;2.31;128767.0;57.0;57.0;56.0;4264.0;1010.75;19.53;6.0;1.0;0;1.0;0;0;1.0;0;0;1.0;0;0;1.0;1.0;0;0;0;0;0
548101;0.83;1.00;55.0;2343.0;15.0;80.25;16.5;0;12.90;14.48;130.10;119.13;2.31;128767.0;55.0;55.0;44.0;4391.0;1010.75;58.59;6.0;1.0;0;1.0;0;0;1.0;0;0;1.0;0;0;1.0;1.0;0;0;0;0;0
548605;0.85;1.00;53.0;2243.0;15.0;80.25;15.0;0;12.91;14.48;80.91;70.26;2.31;128767.0;54.0;53.0;44.0;4482.0;1010.91;58.59;6.0;1.0;0;1.0;0;0;1.0;0;0;1.0;0;0;1.0;1.0;0;0;0;0;0
549126;2.37;0.99;52.0;2256.0;15.0;80.25;0.75;4.31;11.78;14.48;70.30;47.34;2.31;128767.0;52.0;52.0;50.0;4522.0;1011.02;839.83;6.0;1.0;0;1.0;0;0;1.0;0;0;1.0;0;0;1.0;1.0;0;0;0;0;0
549678;2.71;0.97;52.0;2234.0;15.0;80.25;8.25;5.88;17.71;14.58;128.37;141.22;2.31;128767.0;52.0;52.0;50.0;4502.0;1011.10;820.30;6.0;1.0;0;1.0;0;0;1.0;0;0;1.0;0;0;1.0;1.0;0;0;0;0;0
550166;2.71;0.94;52.0;2239.0;15.0;80.25;19.5;6.27;21.86;14.48;213.54;229.08;2.31;128767.0;52.0;53.0;50.0;4490.0;1011.18;839.83;6.0;1.0;0;1.0;0;0;1.0;0;0;1.0;0;0;1.0;1.0;0;0;0;0;0
550726;2.82;0.92;53.0;2270.0;15.0;80.25;21.75;7.05;24.07;14.58;254.59;263.38;2.31;128767.0;53.0;54.0;50.0;4497.0;1011.22;644.52;6.0;1.0;0;1.0;0;0;1.0;0;0;1.0;0;0;1.0;1.0;0;0;0;0;0
551372;2.78;0.92;55.0;2301.0;15.0;80.25;23.25;7.05;23.91;14.58;263.63;301.44;2.31;128768.0;54.0;55.0;50.0;4503.0;1011.22;39.06;6.0;1.0;0;1.0;0;0;1.0;0;0;1.0;0;0;1.0;1.0;0;0;0;0;0
551901;0.78;1.00;53.0;2286.0;15.0;80.25;16.5;0;12.99;14.48;232.87;261.15;2.31;128768.0;54.0;54.0;45.0;4517.0;1011.26;39.06;6.0;1.0;0;1.0;0;0;1.0;0;0;1.0;0;0;1.0;1.0;0;0;0;0;0
552431;0.83;1.00;52.0;2220.0;15.0;80.25;15.0;0;12.89;14.29;158.13;176.19;2.58;128768.0;52.0;53.0;45.0;4515.0;1011.26;97.65;6.0;1.0;0;1.0;0;0;1.0;0;0;1.0;0;0;1.0;1.0;0;0;0;0;0
552971;3.61;1.00;52.0;2245.0;15.0;80.25;-0.75;9.80;21.33;14.29;142.17;148.48;2.58;128768.0;53.0;53.0;50.0;4467.0;1011.30;878.89;6.0;1.0;0;1.0;0;0;1.0;0;0;1.0;0;0;1.0;1.0;0;0;0;0;0
553475;3.32;0.96;55.0;2306.0;15.0;80.25;17.25;8.62;25.53;14.48;168.03;185.28;2.31;128768.0;54.0;55.0;50.0;4484.0;1011.30;859.36;6.0;1.0;0;1.0;0;0;1.0;0;0;1.0;0;0;1.0;1.0;0;0;0;0;0
553976;2.76;0.98;56.0;2374.0;15.0;80.25;24.0;6.27;22.46;14.39;182.50;180.73;2.31;128768.0;55.0;56.0;50.0;4520.0;1011.30;839.83;6.0;1.0;0;1.0;0;0;1.0;0;0;1.0;0;0;1.0;1.0;0;0;0;0;0
554709;0.77;1.00;55.0;2341.0;15.0;80.25;15.75;0;12.98;14.48;171.98;161.98;2.31;128768.0;55.0;55.0;44.0;4527.0;1011.30;58.59;6.0;1.0;0;1.0;0;0;1.0;0;0;1.0;0;0;1.0;1.0;0;0;0;0;0
555283;0.94;1.00;53.0;2306.0;15.0;80.25;16.5;0;13.03;14.58;98.17;81.57;2.31;128768.0;54.0;54.0;45.0;4524.0;1011.30;58.59;6.0;1.0;0;1.0;0;0;1.0;0;0;1.0;0;0;1.0;1.0;0;0;0;0;0
555826;2.2;0.99;52.0;2263.0;15.0;80.25;2.25;3.92;11.41;14.48;119.95;134.89;2.31;128768.0;53.0;53.0;50.0;4535.0;1011.30;742.17;6.0;1.0;0;1.0;0;0;1.0;0;0;1.0;0;0;1.0;1.0;0;0;0;0;0
556446;3.38;0.99;55.0;2322.0;15.0;80.25;15.0;8.23;24.17;14.48;186.86;229.30;2.31;128768.0;54.0;55.0;50.0;4464.0;1011.30;859.36;6.0;1.0;0;1.0;0;0;1.0;0;0;1.0;0;0;1.0;1.0;0;0;0;0;0
557048;3.11;0.95;56.0;2419.0;15.0;80.25;24.0;8.23;25.73;14.48;257.34;276.79;2.31;128768.0;56.0;57.0;50.0;4466.0;1011.30;781.24;6.0;1.0;0;1.0;0;0;1.0;0;0;1.0;0;0;1.0;1.0;0;0;0;0;0
557650;2.87;0.93;58.0;2504.0;15.0;80.25;25.5;7.45;24.78;14.48;303.08;251.01;2.31;128768.0;59.0;59.0;50.0;4487.0;1011.30;39.06;6.0;1.0;0;1.0;0;0;1.0;0;0;1.0;0;0;1.0;1.0;0;0;0;0;0
558181;0.76;1.00;58.0;2464.0;15.0;80.25;15.0;0;12.99;14.58;232.95;218.26;2.31;128768.0;58.0;58.0;47.0;4525.0;1011.30;39.06;6.0;1.0;0;1.0;0;0;1.0;0;0;1.0;0;0;1.0;1.0;0;0;0;0;0
558701;2.60;1.00;57.0;2460.0;15.0;80.25;0;4.31;10.73;14.48;210.12;159.67;2.31;128768.0;58.0;58.0;50.0;4571.0;1011.30;722.64;6.0;1.0;0;1.0;0;0;1.0;0;0;1.0;0;0;1.0;1.0;0;0;0;0;0
559220;2.45;1.00;57.0;2424.0;15.0;80.25;4.5;4.70;13.56;14.58;188.79;210.22;2.31;128768.0;57.0;57.0;50.0;4520.0;1011.38;97.65;6.0;1.0;0;1.0;0;0;1.0;0;0;1.0;0;0;1.0;1.0;0;0;0;0;0
559778;2.4;1.01;57.0;2468.0;15.0;81.0;12.75;4.70;16.37;14.48;202.40;207.76;2.31;128768.0;57.0;58.0;50.0;4516.0;1011.41;859.36;6.0;1.0;0;1.0;0;0;1.0;0;0;1.0;0;0;1.0;1.0;0;0;0;0;0
560330;0.74;1.00;57.0;2476.0;15.0;81.0;16.5;0;12.94;14.58;200.72;182.33;2.31;128768.0;58.0;58.0;48.0;4501.0;1011.41;839.83;6.0;1.0;0;1.0;0;0;1.0;0;0;1.0;0;0;1.0;1.0;0;0;0;0;0
560985;0.77;1.00;56.0;2407.0;15.0;81.0;17.25;0;12.86;14.58;153.33;113.00;2.31;128768.0;57.0;56.0;44.0;4524.0;1011.57;722.64;6.0;1.0;0;1.0;0;0;1.0;0;0;1.0;0;0;1.0;1.0;0;0;0;0;0
561526;0.82;1.00;55.0;2322.0;15.0;81.0;15.0;0;12.79;14.58;107.06;102.23;2.31;128768.0;55.0;54.0;45.0;4520.0;1011.53;39.06;6.0;1.0;0;1.0;0;0;1.0;0;0;1.0;0;0;1.0;1.0;0;0;0;0;0
562020;0.78;1.00;52.0;2298.0;15.0;81.0;16.5;0;12.75;14.58;66.57;67.30;2.31;128768.0;49.0;53.0;43.0;4541.0;1011.53;39.06;6.0;1.0;0;1.0;0;0;1.0;0;0;1.0;0;0;1.0;1.0;0;0;0;0;0
562559;0.81;1.00;52.0;2241.0;15.0;81.0;15.0;0;12.83;14.48;45.23;45.52;2.31;128768.0;53.0;52.0;44.0;4490.0;1011.57;39.06;6.0;1.0;0;1.0;0;0;1.0;0;0;1.0;0;0;1.0;1.0;0;0;0;0;0
563133;0.87;1.00;51.0;2160.0;15.0;81.0;15.75;0;12.80;14.48;29.25;33.27;2.31;128768.0;51.0;51.0;44.0;4512.0;1011.49;39.06;6.0;1.0;0;1.0;0;0;1.0;0;0;1.0;0;0;1.0;1.0;0;0;0;0;0
563680;0.92;1.00;47.0;1976.0;15.0;81.0;15.0;0;12.77;14.48;23.59;65.17;2.31;128768.0;48.0;47.0;43.0;4475.0;1011.45;39.06;6.0;1.0;0;1.0;0;0;1.0;0;0;1.0;0;0;1.0;1.0;0;0;0;0;0
564274;3.62;1.00;46.0;1976.0;15.0;81.0;-4.5;5.49;10.84;14.48;112.08;125.42;2.31;128768.0;46.0;46.0;50.0;4549.0;1011.53;917.95;6.0;1.0;0;1.0;0;0;1.0;0;0;1.0;0;0;1.0;1.0;0;0;0;0;0
564905;3.44;0.98;46.0;1982.0;15.0;81.0;1.5;7.45;20.67;14.48;145.88;168.40;2.31;128768.0;46.0;47.0;50.0;4527.0;1011.61;800.77;6.0;1.0;0;1.0;0;0;1.0;0;0;1.0;0;0;1.0;1.0;0;0;0;0;0
565444;3.70;0.99;48.0;2079.0;15.0;81.0;17.25;9.02;28.38;14.39;235.80;230.33;2.31;128768.0;48.0;49.0;50.0;4487.0;1011.73;859.36;6.0;1.0;0;1.0;0;0;1.0;0;0;1.0;0;0;1.0;1.0;0;0;0;0;0
566023;3.50;0.96;50.0;2147.0;15.0;81.0;18.75;9.02;28.69;14.48;227.91;201.74;2.31;128768.0;49.0;50.0;50.0;4499.0;1011.80;839.83;6.0;1.0;0;1.0;0;0;1.0;0;0;1.0;0;0;1.0;1.0;0;0;0;0;0
566563;1.88;1.00;51.0;2181.0;15.0;81.0;20.25;3.13;15.47;14.39;209.02;192.25;2.31;128768.0;50.0;51.0;50.0;4540.0;1011.65;39.06;6.0;1.0;0;1.0;0;0;1.0;0;0;1.0;0;0;1.0;1.0;0;0;0;0;0
567144;0.65;1.00;51.0;2341.0;15.0;81.0;15.0;0;12.90;14.48;212.44;201.53;2.31;128768.0;52.0;51.0;45.0;4488.0;1011.80;839.83;6.0;1.0;0;1.0;0;0;1.0;0;0;1.0;0;0;1.0;1.0;0;0;0;0;0
567784;0.81;1.00;48.0;2308.0;15.0;81.0;15.0;0;12.87;14.48;148.25;142.51;2.31;128768.0;49.0;49.0;43.0;4521.0;1011.92;175.77;5.0;1.0;0;1.0;0;0;1.0;0;0;1.0;0;0;1.0;1.0;0;0;0;0;0
568335;0.85;1.00;47.0;2175.0;15.0;81.0;15.75;0;12.80;14.58;102.27;90.01;2.31;128768.0;47.0;47.0;44.0;4509.0;1011.73;39.06;5.0;1.0;0;1.0;0;0;1.0;0;0;1.0;0;0;1.0;1.0;0;0;0;0;0
568904;0.89;1.00;45.0;2041.0;15.0;81.0;15.0;0;12.83;14.39;163.73;126.74;2.31;128768.0;44.0;45.0;43.0;4512.0;1011.88;39.06;5.0;1.0;0;1.0;0;0;1.0;0;0;1.0;0;0;1.0;1.0;0;0;0;0;0
569422;0.96;1.00;40.0;1876.0;15.0;81.0;14.25;0;12.87;14.20;169.30;114.19;2.58;128768.0;40.0;41.0;42.0;4505.0;1011.92;39.06;5.0;1.0;0;1.0;0;0;1.0;0;0;1.0;0;0;1.0;1.0;0;0;0;0;0
569920;0.96;1.00;38.0;1794.0;15.0;81.0;16.5;0;12.91;14.48;148.09;170.77;2.31;128768.0;38.0;38.0;43.0;4510.0;1011.96;39.06;5.0;1.0;0;1.0;0;0;1.0;0;0;1.0;0;0;1.0;1.0;0;0;0;0;0
570442;1.04;1.01;37.0;1701.0;15.0;81.0;15.0;0;12.76;14.58;125.03;218.59;2.31;128768.0;37.0;37.0;42.0;4488.0;1012.12;58.59;5.0;1.0;0;1.0;0;0;1.0;0;0;1.0;0;0;1.0;1.0;0;0;0;0;0
570952;1.04;1.00;36.0;1667.0;15.0;81.75;15.75;0;12.94;14.39;133.80;165.14;2.31;128768.0;36.0;36.0;44.0;4539.0;1012.20;820.30;4.0;1.0;0;1.0;0;0;1.0;0;0;1.0;0;0;1.0;1.0;0;0;0;0;0
571479;0.98;1.00;35.0;1819.0;15.0;81.75;14.25;0;12.76;14.39;126.71;179.83;2.31;128768.0;35.0;35.0;43.0;4518.0;1012.31;97.65;4.0;1.0;0;1.0;0;0;1.0;0;0;1.0;0;0;1.0;1.0;0;0;0;0;0
572105;1.08;1.01;31.0;1647.0;15.0;81.75;14.25;0;12.76;14.58;109.44;132.56;2.31;128768.0;31.0;32.0;43.0;4473.0;1012.39;58.59;4.0;1.0;0;1.0;0;0;1.0;0;0;1.0;0;0;1.0;1.0;0;0;0;0;0
572771;1.2;1.02;28.0;1523.0;15.0;81.75;15.0;0;12.68;14.39;99.48;137.35;2.31;128768.0;28.0;29.0;43.0;4511.0;1012.43;878.89;4.0;1.0;0;1.0;0;0;1.0;0;0;1.0;0;0;1.0;1.0;0;0;0;0;0
573269;1.29;1.00;22.0;1233.0;15.0;81.75;18.0;0;13.23;14.58;152.33;192.58;2.31;128768.0;23.0;23.0;43.0;4520.0;1012.47;878.89;4.0;1.0;0;1.0;0;0;1.0;0;0;1.0;0;0;1.0;1.0;0;0;0;0;0
573840;1.32;0.98;18.0;1236.0;15.0;81.75;18.0;0;13.28;14.58;201.68;194.32;2.31;128768.0;19.0;19.0;44.0;4518.0;1012.51;664.05;4.0;1.0;0;1.0;0;0;1.0;0;0;1.0;0;0;1.0;1.0;0;0;0;0;0
574524;1.40;0.98;17.0;1220.0;15.0;81.75;19.5;0;13.48;14.48;199.71;205.14;2.31;128768.0;18.0;18.0;44.0;4504.0;1012.51;58.59;3.0;1.0;0;1.0;0;0;1.0;0;0;1.0;0;0;1.0;1.0;0;0;0;0;0
575046;1.26;1.00;17.0;1287.0;15.0;81.75;15.0;0;12.82;14.39;145.55;149.52;2.31;128768.0;18.0;18.0;45.0;4513.0;1012.55;58.59;3.0;1.0;0;1.0;0;0;1.0;0;0;1.0;0;0;1.0;1.0;0;0;0;0;0
575641;1.24;1.01;17.0;1364.0;15.0;81.75;14.25;0;12.79;14.48;113.07;103.35;2.31;128768.0;18.0;18.0;44.0;4496.0;1012.55;156.24;2.0;1.0;0;1.0;0;0;1.0;0;0;1.0;0;0;1.0;1.0;0;0;0;0;0
576204;1.75;1.01;17.0;1446.0;15.0;81.75;6.0;1.56;11.91;14.58;98.86;119.42;2.31;128768.0;17.0;17.0;50.0;4531.0;1012.55;878.89;2.0;1.0;0;1.0;0;0;1.0;0;0;1.0;0;0;1.0;1.0;0;0;0;0;0
576713;1.88;1.00;17.0;1532.0;15.0;81.75;9.75;1.56;13.34;14.20;80.60;87.02;2.58;128768.0;18.0;18.0;49.0;4511.0;1012.55;859.36;2.0;1.0;0;1.0;0;0;1.0;0;0;1.0;0;0;1.0;1.0;0;0;0;0;0
577233;1.90;0.98;20.0;1550.0;15.0;81.75;13.5;1.96;14.81;14.58;58.72;63.39;2.31;128768.0;20.0;20.0;49.0;4541.0;1012.55;859.36;2.0;1.0;0;1.0;0;0;1.0;0;0;1.0;0;0;1.0;1.0;0;0;0;0;0
577733;1.24;0.99;20.0;1399.0;15.0;81.75;15.75;0;12.87;14.48;40.58;45.23;2.31;128768.0;20.0;20.0;43.0;4503.0;1012.55;859.36;2.0;1.0;0;1.0;0;0;1.0;0;0;1.0;0;0;1.0;1.0;0;0;0;0;0
578238;1.2;0.97;20.0;1318.0;15.0;81.75;13.5;0;12.52;14.39;96.59;32.92;2.31;128768.0;20.0;20.0;43.0;4508.0;1012.55;859.36;2.0;1.0;0;1.0;0;0;1.0;0;0;1.0;0;0;1.0;1.0;0;0;0;0;0
578757;1.25;0.96;18.0;1324.0;15.0;81.75;14.25;0;12.67;14.39;158.83;74.87;2.31;128768.0;18.0;18.0;43.0;4500.0;1012.55;820.30;2.0;1.0;0;1.0;0;0;1.0;0;0;1.0;0;0;1.0;1.0;0;0;0;0;0
579255;3.24;1.00;17.0;1344.0;15.0;81.75;3.0;3.13;16.07;14.58;206.68;142.13;2.31;128768.0;17.0;17.0;52.0;4525.0;1012.55;878.89;2.0;1.0;0;1.0;0;0;1.0;0;0;1.0;0;0;1.0;1.0;0;0;0;0;0
579782;3.02;0.99;17.0;1701.0;15.0;81.75;0.75;4.70;15.40;14.29;148.52;119.54;2.58;128768.0;17.0;18.0;49.0;4530.0;1012.55;820.30;2.0;1.0;0;1.0;0;0;1.0;0;0;1.0;0;0;1.0;1.0;0;0;0;0;0
580338;0.96;1.00;18.0;1592.0;15.0;81.75;15.0;0;12.73;14.39;117.18;82.61;2.31;128768.0;18.0;18.0;43.0;4471.0;1012.55;371.08;2.0;1.0;0;1.0;0;0;1.0;0;0;1.0;0;0;0;1.0;0;0;0;0;0
580863;2.06;0.99;18.0;2140.0;15.0;81.75;20.25;3.13;16.23;14.58;84.23;67.16;2.31;128768.0;18.0;18.0;49.0;4537.0;1012.55;839.83;2.0;1.0;0;1.0;0;0;1.0;0;0;1.0;0;0;1.0;1.0;0;0;0;0;0
581417;1.74;0.98;18.0;1485.0;15.0;81.75;12.75;1.56;13.70;14.67;58.19;48.92;2.31;128768.0;19.0;19.0;49.0;4457.0;1012.55;820.30;2.0;1.0;0;1.0;0;0;1.0;0;0;1.0;0;0;1.0;1.0;0;0;0;0;0
581974;1.71;0.96;18.0;1480.0;15.0;81.75;12.75;1.56;13.74;14.48;42.38;35.91;2.31;128768.0;19.0;19.0;50.0;4508.0;1012.55;800.77;2.0;1.0;0;1.0;0;0;1.0;0;0;1.0;0;0;1.0;1.0;0;0;0;0;0
582472;1.68;0.94;18.0;1465.0;15.0;81.75;12.75;1.56;13.87;14.48;62.86;58.41;2.31;128768.0;18.0;18.0;50.0;4501.0;1012.55;742.17;2.0;1.0;0;1.0;0;0;1.0;0;0;1.0;0;0;1.0;1.0;0;0;0;0;0
582993;1.67;0.93;18.0;1448.0;15.0;81.75;12.75;1.17;13.92;14.39;82.02;91.18;2.31;128768.0;18.0;18.0;50.0;4519.0;1012.55;390.62;2.0;1.0;0;1.0;0;0;1.0;0;0;1.0;0;0;1.0;1.0;0;0;0;0;0
583509;2.03;0.94;18.0;1512.0;15.0;81.75;12.75;2.35;16.09;14.48;118.03;95.11;2.31;128768.0;18.0;19.0;50.0;4522.0;1012.55;19.53;2.0;1.0;0;1.0;0;0;1.0;0;0;1.0;0;0;1.0;1.0;0;0;0;0;0
584042;2.44;0.96;20.0;1566.0;15.0;81.75;13.5;3.13;18.51;14.39;94.89;83.19;2.31;128768.0;20.0;20.0;49.0;4540.0;1012.55;722.64;2.0;1.0;0;1.0;0;0;1.0;0;0;1.0;0;0;1.0;1.0;0;0;0;0;0
584558;2.24;0.95;21.0;1677.0;15.0;81.75;13.5;3.13;17.30;14.39;62.20;54.52;2.31;128768.0;21.0;21.0;49.0;4571.0;1012.55;781.24;2.0;1.0;0;1.0;0;0;1.0;0;0;1.0;0;0;1.0;1.0;0;0;0;0;0
585105;2.45;0.93;22.0;1794.0;15.0;81.75;14.25;3.92;18.17;14.39;42.96;35.73;2.31;128768.0;23.0;23.0;49.0;4535.0;1012.55;19.53;2.0;1.0;0;1.0;0;0;1.0;0;0;1.0;0;0;1.0;1.0;0;0;0;0;0
585698;2.68;0.94;26.0;2022.0;15.0;81.75;18.0;5.49;21.48;14.39;25.29;22.16;2.31;128768.0;25.0;26.0;49.0;4507.0;1012.55;800.77;2.0;1.0;0;1.0;0;0;1.0;0;0;1.0;0;0;1.0;1.0;0;0;0;0;0
586290;2.33;0.93;27.0;2164.0;15.0;81.75;20.25;4.31;19.27;14.58;14.88;12.30;2.31;128768.0;27.0;28.0;49.0;4509.0;1012.55;39.06;2.0;1.0;0;1.0;0;0;1.0;0;0;1.0;0;0;1.0;1.0;0;0;0;0;0
586882;4.85;1.00;28.0;2358.0;15.0;81.75;21.0;11.37;30.40;14.58;9.17;9.78;2.31;128768.0;29.0;29.0;49.0;4461.0;1012.55;859.36;2.0;1.0;0;1.0;0;0;1.0;0;0;1.0;0;0;1.0;1.0;0;0;0;0;0
587378;3.75;1.00;35.0;2751.0;15.0;81.75;25.5;14.90;30.91;14.58;4.53;5.11;2.31;128768.0;34.0;35.0;49.0;4433.0;1012.55;820.30;2.0;1.0;0;1.0;0;0;1.0;0;0;1.0;0;0;1.0;1.0;0;0;0;0;0
587934;2.12;1.00;37.0;2935.0;15.0;81.75;33.0;5.09;18.30;14.48;2.30;2.61;2.31;128768.0;37.0;38.0;49.0;4509.0;1012.55;839.83;2.0;1.0;0;1.0;0;0;1.0;0;0;1.0;0;0;1.0;1.0;0;0;0;0;0
588482;1.37;1.00;38.0;2995.0;15.0;81.75;33.75;2.74;13.05;14.48;3.22;1.07;2.31;128768.0;38.0;39.0;49.0;4550.0;1012.55;839.83;2.0;1.0;0;1.0;0;0;1.0;0;0;1.0;0;0;1.0;1.0;0;0;0;0;0
589180;0.80;1.00;37.0;2911.0;15.0;81.75;18.0;0;12.98;14.48;1.50;1.79;2.31;128768.0;37.0;37.0;49.0;4545.0;1012.55;781.24;2.0;1.0;0;1.0;0;0;1.0;0;0;1.0;0;0;1.0;1.0;0;0;0;0;0
589734;0.96;0.98;35.0;2701.0;15.0;81.75;29.25;0.78;8.03;14.58;0.54;0.62;2.31;128768.0;35.0;35.0;49.0;4509.0;1012.47;820.30;2.0;1.0;0;1.0;0;0;1.0;0;0;1.0;0;0;1.0;1.0;0;0;0;0;0
590284;0.96;0.96;32.0;2556.0;15.0;81.75;27.0;0.78;8.11;14.39;2.18;0.23;2.31;128768.0;33.0;33.0;49.0;4515.0;1012.47;800.77;2.0;1.0;0;1.0;0;0;1.0;0;0;1.0;0;0;1.0;1.0;0;0;0;0;0
590823;1.15;0.94;32.0;2502.0;15.0;81.75;25.5;1.56;9.86;14.58;1.13;1.85;2.31;128768.0;32.0;32.0;49.0;4534.0;1012.51;820.30;2.0;1.0;0;1.0;0;0;1.0;0;0;1.0;0;0;1.0;1.0;0;0;0;0;0
591341;1.48;0.93;31.0;2617.0;15.0;81.75;27.75;2.74;12.99;14.48;0.48;0.83;2.31;128768.0;31.0;32.0;49.0;4501.0;1012.39;800.77;2.0;1.0;0;1.0;0;0;1.0;0;0;1.0;0;0;1.0;1.0;0;0;0;0;0
591849;1.55;0.91;31.0;2493.0;15.0;81.75;25.5;2.74;13.81;14.48;0.23;0.41;2.31;128768.0;31.0;32.0;49.0;4532.0;1012.35;800.77;2.0;1.0;0;1.0;0;0;1.0;0;0;1.0;0;0;1.0;1.0;0;0;0;0;0
592436;1.67;0.89;31.0;2441.0;15.0;81.0;24.75;3.13;15.02;14.48;83.90;44.27;2.31;128768.0;31.0;31.0;50.0;4540.0;1012.43;761.70;2.0;1.0;0;1.0;0;0;1.0;0;0;1.0;0;0;1.0;1.0;0;0;0;0;0
592968;1.64;0.87;31.0;2468.0;15.0;81.0;25.5;3.13;15.27;14.58;160.51;147.66;2.31;128768.0;31.0;32.0;50.0;4485.0;1012.47;507.80;2.0;1.0;0;1.0;0;0;1.0;0;0;1.0;0;0;1.0;1.0;0;0;0;0;0
593489;2.97;0.99;32.0;2600.0;15.0;81.0;27.0;7.45;23.12;14.29;208.63;191.21;2.58;128768.0;32.0;33.0;50.0;4433.0;1012.47;800.77;2.0;1.0;0;1.0;0;0;1.0;0;0;1.0;0;0;1.0;1.0;0;0;0;0;0
594033;2.69;0.96;36.0;2775.0;15.0;81.0;30.75;7.05;22.79;14.58;244.24;193.91;2.31;128768.0;35.0;36.0;50.0;4479.0;1012.51;800.77;2.0;1.0;0;1.0;0;0;1.0;0;0;1.0;0;0;1.0;1.0;0;0;0;0;0
594689;2.56;0.91;38.0;2928.0;15.0;81.0;33.0;7.05;22.77;14.39;233.32;208.46;2.31;128768.0;37.0;38.0;50.0;4509.0;1012.47;781.24;2.0;1.0;0;1.0;0;0;1.0;0;0;1.0;0;0;1.0;1.0;0;0;0;0;0
595202;0.53;1.00;38.0;2919.0;15.0;81.0;17.25;0;12.96;14.48;124.23;112.94;2.31;128768.0;38.0;39.0;50.0;4709.0;1012.47;136.71;2.0;1.0;0;1.0;0;0;1.0;0;0;1.0;0;0;1.0;1.0;0;0;0;0;0
595748;3.48;1.00;40.0;2478.0;15.0;80.25;20.25;8.23;24.21;14.58;94.31;174.96;2.31;128768.0;38.0;40.0;50.0;4259.0;1012.51;781.24;3.0;1.0;0;1.0;0;0;1.0;0;0;1.0;0;0;1.0;1.0;0;0;0;0;0
596307;3.26;0.96;42.0;2612.0;15.0;80.25;27.0;9.02;25.85;14.48;187.87;197.64;2.31;128768.0;42.0;43.0;50.0;4259.0;1012.47;781.24;3.0;1.0;0;1.0;0;0;1.0;0;0;1.0;0;0;1.0;1.0;0;0;0;0;0
596808;2.96;0.92;45.0;2794.0;15.0;80.25;30.0;9.02;25.58;14.48;250.94;271.42;2.31;128768.0;45.0;45.0;50.0;4418.0;1012.47;742.17;3.0;1.0;0;1.0;0;0;1.0;0;0;1.0;0;0;1.0;1.0;0;0;0;0;0
597349;2.76;0.88;46.0;2902.0;15.0;80.25;30.75;9.02;25.01;14.48;284.37;309.06;2.31;128768.0;45.0;47.0;50.0;4478.0;1012.51;605.46;3.0;1.0;0;1.0;0;0;1.0;0;0;1.0;0;0;1.0;1.0;0;0;0;0;0
597988;3.2;0.99;48.0;2972.0;15.0;80.25;30.75;9.80;25.84;14.11;326.22;334.41;2.58;128768.0;48.0;49.0;50.0;4491.0;1012.47;781.24;3.0;1.0;0;1.0;0;0;1.0;0;0;1.0;0;0;1.0;1.0;0;0;0;0;0
598561;4.28;1.00;52.0;3194.0;15.0;80.25;27.0;16.47;31.89;14.48;290.86;313.67;2.31;128768.0;50.0;52.0;50.0;4513.0;1012.35;742.17;3.0;1.0;0;1.0;0;0;1.0;0;0;1.0;0;0;1.0;1.0;0;0;0;0;0
599052;3.98;0.99;56.0;3430.0;15.0;80.25;27.75;15.29;32.97;14.48;334.47;321.07;2.31;128768.0;54.0;56.0;50.0;4604.0;1012.39;742.17;3.0;1.0;0;1.0;0;0;1.0;0;0;1.0;0;0;1.0;1.0;0;0;0;0;0
599591;3.75;1.00;56.0;2930.0;15.0;79.5;24.0;12.55;28.09;14.48;283.92;284.66;2.31;128768.0;55.0;56.0;51.0;4448.0;1012.43;761.70;4.0;1.0;0;1.0;0;0;1.0;0;0;1.0;0;0;1.0;1.0;0;0;0;0;0
600184;3.46;0.95;58.0;3039.0;15.0;79.5;29.25;12.94;28.87;14.39;244.49;246.70;2.31;128768.0;57.0;58.0;51.0;4497.0;1012.31;585.93;4.0;1.0;0;1.0;0;0;1.0;0;0;0;0;0;1.0;1.0;0;0;0;0;0
600812;3.68;0.95;61.0;3175.0;15.0;79.5;27.0;16.47;30.04;14.48;206.74;197.35;2.31;128768.0;60.0;61.0;51.0;4547.0;1012.16;0;4.0;1.0;0;1.0;0;0;1.0;0;0;0;0;0;1.0;1.0;0;0;0;0;0
601351;2.08;1.00;65.0;3366.0;15.0;79.5;32.25;11.76;25.65;14.58;191.76;161.22;2.31;128768.0;62.0;65.0;51.0;4618.0;1012.00;97.65;4.0;1.0;0;1.0;0;0;1.0;0;0;0;0;0;1.0;1.0;0;0;0;0;0
601863;2.71;1.00;63.0;2940.0;15.0;79.5;22.5;7.45;20.26;14.58;165.86;165.00;2.31;128768.0;63.0;64.0;51.0;4205.0;1011.88;820.30;5.0;1.0;0;1.0;0;0;1.0;0;0;0;0;0;1.0;1.0;0;0;0;0;0
602376;1.96;0.96;63.0;2961.0;15.0;79.5;33.75;4.70;18.68;14.58;259.37;258.94;2.31;128768.0;63.0;64.0;51.0;4341.0;1011.88;800.77;5.0;1.0;0;1.0;0;0;1.0;0;0;0;0;0;1.0;1.0;0;0;0;0;0
602945;0.64;1.00;62.0;2881.0;15.0;79.5;22.5;0;13.10;14.58;306.07;311.77;2.31;128768.0;63.0;63.0;51.0;4491.0;1011.88;800.77;5.0;1.0;0;1.0;0;0;1.0;0;0;0;0;0;1.0;1.0;0;0;0;0;0
603485;0.68;1.00;60.0;2780.0;15.0;79.5;-30.0;0;0;14.58;316.34;334.02;2.31;128768.0;60.0;60.0;51.0;4542.0;1011.92;0;5.0;1.0;0;1.0;0;0;1.0;0;0;0;0;0;1.0;1.0;0;0;0;0;0
603986;0.71;1.00;58.0;2674.0;15.0;79.5;-30.0;0;0;14.58;338.20;344.50;2.31;128768.0;58.0;58.0;51.0;4461.0;1011.80;0;5.0;1.0;0;1.0;0;0;1.0;0;0;0;0;0;1.0;1.0;0;0;0;0;0
604487;0.73;1.00;56.0;2582.0;15.0;79.5;-30.0;0;0;14.48;255.53;334.95;2.31;128768.0;56.0;56.0;51.0;4417.0;1011.84;0;5.0;1.0;0;1.0;0;0;1.0;0;0;1.0;0;0;1.0;1.0;0;0;0;0;0
605008;0.84;1.00;52.0;2470.0;15.0;79.5;15.0;0;13.03;14.48;252.73;311.67;2.31;128768.0;53.0;53.0;48.0;4236.0;1011.92;0;5.0;1.0;0;1.0;0;0;1.0;0;0;1.0;0;0;1.0;1.0;0;0;0;0;0
605545;0.84;1.00;50.0;2342.0;15.0;79.5;15.75;0;12.98;14.48;144.77;170.96;2.31;128768.0;51.0;50.0;44.0;4376.0;1011.92;19.53;5.0;1.0;0;1.0;0;0;1.0;0;0;1.0;0;0;1.0;1.0;0;0;0;0;0
606045;2.41;1.00;48.0;2139.0;15.0;79.5;3.0;3.13;11.74;14.48;105.16;114.56;2.31;128768.0;49.0;49.0;51.0;4488.0;1012.04;449.21;5.0;1.0;0;1.0;0;0;1.0;0;0;1.0;0;0;1.0;1.0;0;0;0;0;0
606693;2.25;0.99;48.0;2192.0;15.0;79.5;6.75;3.92;13.87;14.48;133.15;149.20;2.31;128768.0;49.0;48.0;51.0;4511.0;1012.04;781.24;5.0;1.0;0;1.0;0;0;1.0;0;0;1.0;0;0;1.0;1.0;0;0;0;0;0
607233;2.62;0.96;48.0;2241.0;15.0;79.5;16.5;5.49;19.44;14.58;126.73;171.18;2.31;128768.0;48.0;49.0;51.0;4490.0;1012.08;839.83;5.0;1.0;0;1.0;0;0;1.0;0;0;1.0;0;0;1.0;1.0;0;0;0;0;0
607723;3.55;0.99;50.0;2335.0;15.0;79.5;21.75;9.41;27.83;14.48;145.88;158.93;2.31;128768.0;49.0;51.0;51.0;4460.0;1012.23;839.83;5.0;1.0;0;1.0;0;0;1.0;0;0;1.0;0;0;1.0;1.0;0;0;0;0;0
608347;3.34;0.96;52.0;2430.0;15.0;79.5;23.25;9.80;27.60;14.48;208.63;243.51;2.31;128768.0;51.0;52.0;51.0;4450.0;1012.31;800.77;5.0;1.0;0;1.0;0;0;1.0;0;0;1.0;0;0;1.0;1.0;0;0;0;0;0
608950;3.12;0.92;53.0;2492.0;15.0;79.5;24.0;9.80;27.16;14.48;268.26;285.97;2.31;128768.0;53.0;54.0;51.0;4498.0;1012.39;58.59;5.0;1.0;0;1.0;0;0;1.0;0;0;1.0;0;0;1.0;1.0;0;0;0;0;0
609462;2.46;1.00;55.0;2527.0;15.0;79.5;26.25;5.09;19.89;14.48;313.80;319.78;2.31;128768.0;54.0;55.0;51.0;4547.0;1012.35;742.17;5.0;1.0;0;1.0;0;0;1.0;0;0;1.0;0;0;1.0;1.0;0;0;0;0;0
609983;0.8;1.00;53.0;2432.0;15.0;79.5;13.5;0;13.06;14.58;294.29;335.33;2.31;128768.0;54.0;54.0;51.0;4536.0;1012.43;800.77;5.0;1.0;0;1.0;0;0;1.0;0;0;1.0;0;0;1.0;1.0;0;0;0;0;0
610483;0.76;1.00;52.0;2403.0;15.0;79.5;17.25;0;12.88;14.58;298.00;284.37;2.31;128768.0;52.0;52.0;44.0;4550.0;1012.47;449.21;5.0;1.0;0;1.0;0;0;1.0;0;0;1.0;0;0;1.0;1.0;0;0;0;0;0
611005;0.80;1.00;51.0;2318.0;15.0;79.5;16.5;0;12.95;14.29;175.90;167.87;2.58;128768.0;51.0;50.0;45.0;4532.0;1012.47;0;5.0;1.0;0;1.0;0;0;1.0;0;0;1.0;0;0;1.0;1.0;0;0;0;0;0
611609;0.84;1.00;48.0;2232.0;15.0;79.5;15.75;0;12.96;14.58;105.48;106.00;2.31;128768.0;48.0;48.0;46.0;4525.0;1012.51;19.53;5.0;1.0;0;1.0;0;0;1.0;0;0;1.0;0;0;1.0;1.0;0;0;0;0;0
612203;0.86;1.00;47.0;2177.0;15.0;79.5;15.75;0;12.96;14.67;91.32;77.84;2.31;128768.0;47.0;47.0;45.0;4491.0;1012.51;19.53;5.0;1.0;0;1.0;0;0;1.0;0;0;1.0;0;0;1.0;1.0;0;0;0;0;0
612702;0.88;1.00;45.0;2098.0;15.0;79.5;15.0;0;12.91;14.58;68.97;53.49;2.31;128768.0;45.0;45.0;44.0;4503.0;1012.55;19.53;5.0;1.0;0;1.0;0;0;1.0;0;0;1.0;0;0;1.0;1.0;0;0;0;0;0
613227;0.93;1.00;43.0;2002.0;15.0;79.5;14.25;0;12.96;14.48;94.85;85.95;2.31;128768.0;44.0;43.0;43.0;4518.0;1012.55;39.06;5.0;1.0;0;1.0;0;0;1.0;0;0;1.0;0;0;1.0;1.0;0;0;0;0;0
613781;0.96;1.00;42.0;1930.0;15.0;79.5;15.0;0;12.99;14.58;104.77;148.38;2.31;128768.0;42.0;42.0;44.0;4515.0;1012.55;39.06;5.0;1.0;0;1.0;0;0;1.0;0;0;1.0;0;0;1.0;1.0;0;0;0;0;0
614431;1.0;1.00;40.0;1821.0;15.0;79.5;15.0;0;12.92;14.39;81.61;119.91;2.31;128768.0;40.0;40.0;44.0;4519.0;1012.55;39.06;5.0;1.0;0;1.0;0;0;1.0;0;0;1.0;0;0;1.0;1.0;0;0;0;0;0
615022;2.28;1.01;36.0;1701.0;15.0;79.5;13.5;3.92;11.89;14.58;127.70;124.71;2.31;128768.0;37.0;37.0;50.0;4517.0;1012.55;937.48;5.0;1.0;0;1.0;0;0;1.0;0;0;1.0;0;0;1.0;1.0;0;0;0;0;0
615541;0.96;1.00;36.0;1878.0;15.0;79.5;15.0;0;13.03;14.48;118.03;147.84;2.31;128768.0;36.0;36.0;44.0;4517.0;1012.55;624.99;4.0;1.0;0;1.0;0;0;1.0;0;0;1.0;0;0;1.0;1.0;0;0;0;0;0
616132;0.97;1.00;35.0;1824.0;15.0;79.5;15.0;0;12.90;14.48;77.37;116.28;2.31;128768.0;34.0;35.0;44.0;4525.0;1012.55;78.12;4.0;1.0;0;1.0;0;0;1.0;0;0;1.0;0;0;1.0;1.0;0;0;0;0;0
616653;1.07;1.01;33.0;1639.0;15.0;79.5;14.25;0;13.04;14.58;73.90;90.36;2.31;128768.0;33.0;33.0;45.0;4528.0;1012.55;58.59;3.0;1.0;0;1.0;0;0;1.0;0;0;1.0;0;0;1.0;1.0;0;0;0;0;0
617191;0.90;1.00;31.0;1952.0;15.0;79.5;15.0;0;12.90;14.48;51.93;59.21;2.31;128768.0;32.0;31.0;43.0;4530.0;1012.55;58.59;3.0;1.0;0;1.0;0;0;1.0;0;0;1.0;0;0;1.0;1.0;0;0;0;0;0
617718;1.01;1.00;28.0;1784.0;15.0;79.5;15.0;0;12.88;14.48;56.28;71.73;2.31;128768.0;29.0;29.0;43.0;4516.0;1012.55;39.06;3.0;1.0;0;1.0;0;0;1.0;0;0;1.0;0;0;1.0;1.0;0;0;0;0;0
618257;1.76;1.00;28.0;1754.0;15.0;79.5;8.25;1.56;11.20;14.58;54.91;67.76;2.31;128768.0;28.0;28.0;51.0;4515.0;1012.55;644.52;3.0;1.0;0;1.0;0;0;1.0;0;0;1.0;0;0;1.0;1.0;0;0;0;0;0
618778;1.18;0.99;27.0;1536.0;15.0;79.5;15.0;0;13.04;14.58;106.02;54.13;2.31;128768.0;28.0;27.0;44.0;4484.0;1012.55;58.59;3.0;1.0;0;1.0;0;0;1.0;0;0;1.0;0;0;1.0;1.0;0;0;0;0;0
619379;1.06;1.00;26.0;1634.0;15.0;79.5;15.75;0;12.98;14.58;86.96;44.05;2.31;128768.0;27.0;26.0;43.0;4511.0;1012.55;839.83;3.0;1.0;0;1.0;0;0;1.0;0;0;1.0;0;0;1.0;1.0;0;0;0;0;0
619879;1.83;0.99;25.0;1644.0;15.0;80.25;13.5;1.56;12.04;14.39;96.61;41.46;2.31;128768.0;26.0;25.0;50.0;4545.0;1012.55;898.42;3.0;1.0;0;1.0;0;0;1.0;0;0;1.0;0;0;1.0;1.0;0;0;0;0;0
620400;1.65;0.98;25.0;1979.0;15.0;80.25;18.0;1.96;13.23;14.48;163.81;68.64;2.31;128768.0;25.0;25.0;50.0;4519.0;1012.55;878.89;2.0;1.0;0;1.0;0;0;1.0;0;0;1.0;0;0;1.0;1.0;0;0;0;0;0
620936;1.67;0.96;25.0;1993.0;15.0;80.25;17.25;1.96;13.57;14.58;240.53;190.18;2.31;128768.0;26.0;25.0;50.0;4513.0;1012.55;859.36;2.0;1.0;0;1.0;0;0;1.0;0;0;1.0;0;0;1.0;1.0;0;0;0;0;0
621457;2.40;0.94;26.0;2209.0;15.0;80.25;21.0;4.70;19.62;14.58;283.94;238.18;2.31;128768.0;26.0;27.0;50.0;4536.0;1012.55;820.30;2.0;1.0;0;1.0;0;0;1.0;0;0;1.0;0;0;1.0;1.0;0;0;0;0;0
621967;3.77;1.00;28.0;2318.0;15.0;80.25;21.75;9.41;27.56;14.48;295.97;218.54;2.31;128768.0;28.0;29.0;50.0;4457.0;1012.55;878.89;2.0;1.0;0;1.0;0;0;1.0;0;0;1.0;0;0;1.0;1.0;0;0;0;0;0
622468;3.30;0.97;32.0;2566.0;15.0;80.25;25.5;9.41;26.43;14.48;314.41;194.46;2.31;128768.0;31.0;33.0;50.0;4410.0;1012.55;839.83;2.0;1.0;0;1.0;0;0;1.0;0;0;1.0;0;0;1.0;1.0;0;0;0;0;0
623018;2.79;0.99;35.0;2778.0;15.0;80.25;30.0;7.45;22.91;14.58;341.34;198.93;2.31;128768.0;35.0;35.0;50.0;4484.0;1012.55;839.83;2.0;1.0;0;1.0;0;0;1.0;0;0;1.0;0;0;1.0;1.0;0;0;0;0;0
623533;2.60;0.95;37.0;2919.0;15.0;80.25;33.0;7.05;22.41;14.39;324.74;178.93;2.31;128768.0;37.0;38.0;50.0;4514.0;1012.55;839.83;2.0;1.0;0;1.0;0;0;1.0;0;0;1.0;0;0;1.0;1.0;0;0;0;0;0
624055;2.28;0.91;40.0;3121.0;15.0;80.25;35.25;6.66;20.56;14.48;254.37;167.64;2.31;128768.0;39.0;40.0;50.0;4634.0;1012.55;820.30;2.0;1.0;0;1.0;0;0;1.0;0;0;1.0;0;0;1.0;1.0;0;0;0;0;0
624558;3.75;1.00;40.0;2449.0;15.0;80.25;11.25;9.02;23.37;14.58;225.18;143.48;2.31;128768.0;40.0;40.0;50.0;4271.0;1012.55;839.83;3.0;1.0;0;1.0;0;0;1.0;0;0;1.0;0;0;1.0;1.0;0;0;0;0;0
625058;3.84;0.98;42.0;2638.0;15.0;80.25;26.25;12.15;29.23;14.29;211.31;114.56;2.58;128768.0;42.0;43.0;50.0;4224.0;1012.55;820.30;3.0;1.0;0;1.0;0;0;1.0;0;0;1.0;0;0;1.0;1.0;0;0;0;0;0
625580;3.10;0.94;45.0;2742.0;15.0;80.25;29.25;9.41;25.90;14.48;220.43;219.36;2.31;128768.0;44.0;45.0;50.0;4376.0;1012.55;800.77;3.0;1.0;0;1.0;0;0;1.0;0;0;1.0;0;0;1.0;1.0;0;0;0;0;0
626085;4.47;0.99;47.0;2950.0;15.0;80.25;24.75;16.86;32.59;14.48;250.62;274.61;2.31;128768.0;46.0;48.0;50.0;4450.0;1012.55;742.17;3.0;1.0;0;1.0;0;0;1.0;0;0;1.0;0;0;1.0;1.0;0;0;0;0;0
626583;4.16;0.96;51.0;3148.0;15.0;80.25;24.75;19.21;34.17;14.48;309.04;320.87;2.31;128768.0;50.0;51.0;50.0;4534.0;1012.55;78.12;3.0;1.0;0;1.0;0;0;1.0;0;0;1.0;0;0;1.0;1.0;0;0;0;0;0
627096;0;1.00;53.0;3448.0;15.0;80.25;40.5;0;10.23;14.58;324.84;338.18;2.31;128768.0;53.0;54.0;50.0;4611.0;1012.55;820.30;3.0;1.0;0;1.0;0;0;1.0;0;0;1.0;0;0;1.0;1.0;0;0;0;0;0
627617;3.44;1.00;55.0;2866.0;15.0;80.25;22.5;10.19;25.46;14.48;336.67;324.29;2.31;128768.0;54.0;55.0;50.0;4197.0;1012.55;820.30;4.0;1.0;0;1.0;0;0;1.0;0;0;1.0;0;0;1.0;1.0;0;0;0;0;0
628116;2.39;0.99;56.0;2899.0;15.0;80.25;32.25;5.49;19.38;14.48;294.39;316.93;2.31;128768.0;55.0;56.0;50.0;4319.0;1012.55;839.83;4.0;1.0;0;1.0;0;0;1.0;0;0;1.0;0;0;1.0;1.0;0;0;0;0;0
628620;1.97;0.96;56.0;2908.0;15.0;80.25;33.0;4.31;16.73;14.58;266.79;286.93;2.31;128768.0;55.0;56.0;50.0;4449.0;1012.55;820.30;4.0;1.0;0;1.0;0;0;1.0;0;0;1.0;0;0;1.0;1.0;0;0;0;0;0
629143;1.24;0.94;56.0;2899.0;15.0;80.25;32.25;1.96;11.65;14.39;296.48;289.66;2.31;128768.0;56.0;55.0;50.0;4539.0;1012.55;839.83;4.0;1.0;0;1.0;0;0;1.0;0;0;1.0;0;0;1.0;1.0;0;0;0;0;0
629645;0.93;0.92;53.0;2841.0;15.0;80.25;32.25;1.17;8.54;14.58;291.07;247.28;2.31;128768.0;54.0;54.0;50.0;4535.0;1012.55;839.83;4.0;1.0;0;1.0;0;0;1.0;0;0;1.0;0;0;1.0;1.0;0;0;0;0;0
630166;1.88;0.99;53.0;2879.0;15.0;80.25;32.25;3.92;15.15;14.48;272.48;233.93;2.31;128768.0;53.0;54.0;50.0;4497.0;1012.55;820.30;4.0;1.0;0;1.0;0;0;1.0;0;0;1.0;0;0;1.0;1.0;0;0;0;0;0
630665;0.76;1.00;52.0;2753.0;15.0;81.0;15.75;0;12.99;14.48;251.87;222.58;2.31;128768.0;53.0;53.0;50.0;4516.0;1012.55;742.17;4.0;1.0;0;1.0;0;0;1.0;0;0;1.0;0;0;1.0;1.0;0;0;0;0;0
631181;0.79;1.00;50.0;2629.0;15.0;81.0;15.0;0;13.01;14.58;285.60;184.03;2.31;128768.0;50.0;50.0;50.0;4507.0;1012.55;624.99;4.0;1.0;0;1.0;0;0;1.0;0;0;1.0;0;0;1.0;1.0;0;0;0;0;0
631677;0.79;1.00;46.0;2417.0;15.0;81.0;16.5;0;12.89;14.58;288.65;229.30;2.31;128768.0;45.0;47.0;45.0;4554.0;1012.55;644.52;4.0;1.0;0;1.0;0;0;1.0;0;0;1.0;0;0;1.0;1.0;0;0;0;0;0
632182;0.81;1.00;42.0;2229.0;15.0;81.0;15.75;0;12.74;14.58;234.53;222.15;2.31;128768.0;43.0;43.0;43.0;4544.0;1012.55;156.24;4.0;1.0;0;1.0;0;0;1.0;0;0;1.0;0;0;1.0;1.0;0;0;0;0;0
632703;1.04;1.00;40.0;1818.0;15.0;81.0;15.0;0;12.77;14.39;215.55;175.39;2.31;128768.0;40.0;40.0;43.0;4475.0;1012.55;0;4.0;1.0;0;1.0;0;0;1.0;0;0;1.0;0;0;1.0;1.0;0;0;0;0;0
633202;0.83;1.00;37.0;2276.0;15.0;81.0;16.5;0;12.88;14.48;212.03;195.72;2.31;128768.0;37.0;37.0;44.0;4541.0;1012.55;0;3.0;1.0;0;1.0;0;0;1.0;0;0;1.0;0;0;1.0;1.0;0;0;0;0;0
633762;0.89;1.00;33.0;2024.0;15.0;81.0;15.0;0;12.75;14.48;161.18;177.05;2.31;128768.0;33.0;33.0;43.0;4516.0;1012.55;0;3.0;1.0;0;1.0;0;0;1.0;0;0;1.0;0;0;1.0;1.0;0;0;0;0;0
634283;4.23;1.00;30.0;1873.0;15.0;81.0;-3.75;5.88;11.38;14.39;176.88;177.52;2.31;128768.0;30.0;30.0;50.0;4534.0;1012.55;859.36;3.0;1.0;0;1.0;0;0;1.0;0;0;1.0;0;0;1.0;1.0;0;0;0;0;0
634867;0.84;1.00;28.0;2256.0;15.0;81.0;16.5;0;12.90;14.48;139.40;145.02;2.31;128768.0;29.0;29.0;43.0;4509.0;1012.55;39.06;2.0;1.0;0;1.0;0;0;1.0;0;0;1.0;0;0;1.0;1.0;0;0;0;0;0
635388;1.27;1.00;26.0;2106.0;15.0;81.0;17.25;1.17;9.73;14.48;107.39;114.32;2.31;128768.0;26.0;26.0;50.0;4534.0;1012.55;58.59;2.0;1.0;0;1.0;0;0;1.0;0;0;1.0;0;0;1.0;1.0;0;0;0;0;0
635884;1.65;1.00;26.0;1996.0;15.0;81.0;16.5;1.96;12.86;14.58;122.49;120.55;2.31;128768.0;26.0;26.0;50.0;4508.0;1012.55;800.77;2.0;1.0;0;1.0;0;0;1.0;0;0;1.0;0;0;1.0;1.0;0;0;0;0;0
636452;1.65;0.99;25.0;2016.0;15.0;81.0;18.0;1.96;13.18;14.58;214.22;204.73;2.31;128768.0;25.0;26.0;50.0;4512.0;1012.55;820.30;2.0;1.0;0;1.0;0;0;1.0;0;0;1.0;0;0;1.0;1.0;0;0;0;0;0
636952;1.6;0.97;25.0;1950.0;15.0;81.0;16.5;1.56;12.74;14.48;235.88;250.70;2.31;128769.0;25.0;25.0;50.0;4508.0;1012.55;820.30;2.0;1.0;0;1.0;0;0;1.0;0;0;1.0;0;0;1.0;1.0;0;0;0;0;0
637474;1.52;0.95;25.0;1948.0;15.0;81.0;16.5;1.56;12.37;14.58;280.43;286.62;2.31;128769.0;25.0;25.0;50.0;4508.0;1012.55;800.77;2.0;1.0;0;1.0;0;0;1.0;0;0;1.0;0;0;1.0;1.0;0;0;0;0;0
638015;2.44;0.94;25.0;1967.0;15.0;81.0;17.25;4.31;18.32;14.48;261.81;288.45;2.31;128769.0;25.0;25.0;50.0;4533.0;1012.55;839.83;2.0;1.0;0;1.0;0;0;1.0;0;0;1.0;0;0;1.0;1.0;0;0;0;0;0
638552;3.96;0.99;28.0;2313.0;15.0;81.0;20.25;11.37;30.44;14.29;256.89;321.79;2.58;128769.0;28.0;29.0;50.0;4427.0;1012.55;820.30;2.0;1.0;0;1.0;0;0;1.0;0;0;1.0;0;0;1.0;1.0;0;0;0;0;0
639070;3.07;0.95;32.0;2551.0;15.0;81.0;25.5;9.41;26.55;14.39;294.82;337.26;2.31;128769.0;32.0;33.0;50.0;4440.0;1012.55;800.77;2.0;1.0;0;1.0;0;0;1.0;0;0;1.0;0;0;1.0;1.0;0;0;0;0;0
639568;2.24;0.98;33.0;2680.0;15.0;81.0;28.5;4.70;18.56;14.48;319.86;345.27;2.31;128769.0;34.0;34.0;50.0;4526.0;1012.55;820.30;2.0;1.0;0;1.0;0;0;1.0;0;0;1.0;0;0;1.0;1.0;0;0;0;0;0
640140;1.39;0.99;35.0;2723.0;15.0;81.0;30.0;2.35;11.78;14.48;327.90;344.95;2.31;128769.0;35.0;35.0;50.0;4545.0;1012.55;839.83;2.0;1.0;0;1.0;0;0;1.0;0;0;1.0;0;0;1.0;1.0;0;0;0;0;0
640697;0.8;1.00;35.0;2674.0;15.75;81.0;15.0;0;13.05;14.58;317.42;327.20;2.31;128769.0;34.0;35.0;50.0;4546.0;1012.55;800.77;2.0;1.0;0;1.0;0;0;1.0;0;0;1.0;0;0;1.0;1.0;0;0;0;0;0
641291;0.82;1.00;32.0;2482.0;15.75;81.0;13.5;0;12.94;14.39;325.09;285.31;2.31;128769.0;32.0;32.0;50.0;4533.0;1012.55;722.64;2.0;1.0;0;1.0;0;0;1.0;0;0;1.0;0;0;1.0;1.0;0;0;0;0;0
641791;0.88;1.00;27.0;2126.0;15.75;81.0;15.0;0;12.91;14.48;267.07;188.93;2.31;128769.0;27.0;27.0;44.0;4542.0;1012.55;566.39;2.0;1.0;0;1.0;0;0;1.0;0;0;1.0;0;0;1.0;1.0;0;0;0;0;0
642297;1.04;1.00;21.0;1690.0;15.75;81.0;15.0;0;12.73;14.48;188.23;160.14;2.31;128769.0;22.0;22.0;42.0;4507.0;1012.55;0;2.0;1.0;0;1.0;0;0;1.0;0;0;1.0;0;0;1.0;1.0;0;0;0;0;0
642819;2.19;1.01;20.0;1422.0;15.75;81.0;5.25;1.56;12.16;14.58;152.39;181.90;2.31;128769.0;20.0;20.0;50.0;4493.0;1012.55;781.24;2.0;1.0;0;1.0;0;0;1.0;0;0;1.0;0;0;1.0;1.0;0;0;0;0;0
643317;2.34;1.00;21.0;1583.0;15.75;81.0;8.25;2.35;14.17;14.58;209.18;238.53;2.31;128769.0;18.0;22.0;50.0;4563.0;1012.55;781.24;2.0;1.0;0;1.0;0;0;1.0;0;0;1.0;0;0;1.0;1.0;0;0;0;0;0
643831;2.27;0.99;20.0;1790.0;15.75;81.0;12.75;3.13;16.37;14.48;262.93;258.55;2.31;128769.0;20.0;20.0;50.0;4533.0;1012.55;781.24;2.0;1.0;0;1.0;0;0;1.0;0;0;1.0;0;0;1.0;1.0;0;0;0;0;0
644352;2.38;0.97;22.0;1759.0;15.75;81.75;13.5;3.52;17.91;14.67;209.90;206.58;2.31;128769.0;22.0;22.0;49.0;4519.0;1012.55;781.24;2.0;1.0;0;1.0;0;0;1.0;0;0;1.0;0;0;1.0;1.0;0;0;0;0;0
644844;2.28;0.95;22.0;1839.0;15.75;81.75;15.0;3.52;17.64;14.29;151.10;149.15;2.58;128769.0;23.0;23.0;49.0;4514.0;1012.55;332.02;2.0;1.0;0;1.0;0;0;1.0;0;0;1.0;0;0;1.0;1.0;0;0;0;0;0
645352;2.34;0.96;23.0;1808.0;15.75;81.75;15.75;3.52;18.05;14.48;105.40;104.46;2.31;128769.0;23.0;24.0;49.0;4517.0;1012.55;39.06;2.0;1.0;0;1.0;0;0;1.0;0;0;1.0;0;0;1.0;1.0;0;0;0;0;0
645874;2.30;0.98;23.0;1908.0;15.75;81.75;16.5;3.52;17.59;14.48;69.09;68.49;2.31;128769.0;24.0;24.0;49.0;4495.0;1012.55;644.52;2.0;1.0;0;1.0;0;0;1.0;0;0;1.0;0;0;1.0;1.0;0;0;0;0;0
646377;2.24;0.96;25.0;2008.0;15.75;81.75;18.0;3.52;17.66;14.58;40.73;42.57;2.31;128769.0;25.0;26.0;49.0;4509.0;1012.55;722.64;2.0;1.0;0;1.0;0;0;1.0;0;0;1.0;0;0;1.0;1.0;0;0;0;0;0
646934;0.74;1.00;26.0;2028.0;15.75;81.75;15.0;0;12.78;14.48;26.65;26.42;2.31;128769.0;26.0;26.0;44.0;4478.0;1012.55;800.77;2.0;1.0;0;1.0;0;0;1.0;0;0;1.0;0;0;1.0;1.0;0;0;0;0;0
647482;1.23;0.98;25.0;1323.0;15.75;81.75;15.0;0;12.80;14.48;18.39;31.73;2.31;128769.0;25.0;25.0;44.0;4475.0;1012.55;820.30;2.0;1.0;0;1.0;0;0;1.0;0;0;1.0;0;0;1.0;1.0;0;0;0;0;0
648004;1.18;0.96;23.0;1323.0;15.75;81.75;13.5;0;12.57;14.48;13.35;24.23;2.31;128769.0;24.0;24.0;43.0;4505.0;1012.55;800.77;2.0;1.0;0;1.0;0;0;1.0;0;0;1.0;0;0;1.0;1.0;0;0;0;0;0
648502;1.21;0.95;21.0;1300.0;15.75;81.75;13.5;0;12.53;14.58;33.39;25.48;2.31;128769.0;22.0;22.0;42.0;4519.0;1012.55;761.70;2.0;1.0;0;1.0;0;0;1.0;0;0;1.0;0;0;1.0;1.0;0;0;0;0;0
649077;1.16;0.93;18.0;1280.0;15.75;81.75;14.25;0;12.64;14.58;110.28;110.38;2.31;128769.0;19.0;19.0;43.0;4508.0;1012.55;585.93;2.0;1.0;0;1.0;0;0;1.0;0;0;1.0;0;0;1.0;1.0;0;0;0;0;0
649576;1.19;0.93;15.0;1258.0;15.75;81.75;15.75;0;12.88;14.48;188.95;157.48;2.31;128769.0;15.0;15.0;43.0;4521.0;1012.55;19.53;2.0;1.0;0;1.0;0;0;1.0;0;0;1.0;0;0;1.0;1.0;0;0;1.0;0;0
650127;1.26;0.95;12.0;1281.0;15.75;81.75;12.0;0;12.95;14.58;209.67;205.65;2.31;128769.0;13.0;13.0;45.0;4506.0;1012.55;0;0;1.0;0;1.0;0;0;1.0;0;0;1.0;0;0;1.0;1.0;0;0;0;0;0
650649;1.26;0.96;11.0;1245.0;15.75;81.75;12.75;0;12.85;14.39;169.30;149.87;2.31;128769.0;11.0;11.0;44.0;4531.0;1012.55;0;1.0;1.0;0;1.0;0;0;1.0;0;0;1.0;0;0;1.0;1.0;0;0;0;0;0
651147;1.47;0.98;10.0;1190.0;15.75;81.75;20.25;0;13.99;14.11;130.06;115.12;2.58;128769.0;10.0;9.0;45.0;4592.0;1012.55;39.06;1.0;1.0;0;1.0;0;0;1.0;0;0;1.0;0;0;1.0;1.0;0;0;0;0;0
651660;1.27;0.99;10.0;1283.0;15.75;81.75;13.5;0;12.78;14.11;109.17;88.43;2.58;128769.0;10.0;9.0;45.0;4456.0;1012.55;19.53;1.0;1.0;0;1.0;0;0;1.0;0;0;1.0;0;0;1.0;1.0;0;0;0;0;0
652181;1.30;1.01;8.0;1273.0;15.75;81.75;14.25;0;12.92;14.39;83.84;67.90;2.31;128769.0;9.0;8.0;44.0;4511.0;1012.55;39.06;1.0;1.0;0;1.0;0;0;1.0;0;0;1.0;0;0;1.0;1.0;0;0;0;0;0
652727;1.32;1.03;7.0;1250.0;15.75;81.75;15.75;0;13.09;14.58;61.07;46.91;2.31;128769.0;8.0;7.0;45.0;4497.0;1012.55;624.99;1.0;1.0;0;1.0;0;0;1.0;0;0;1.0;0;0;1.0;1.0;0;0;0;0;0
653339;1.84;1.02;5.0;1257.0;15.75;81.75;16.5;0.39;13.18;14.48;44.46;34.15;2.31;128769.0;6.0;5.0;45.0;4502.0;1012.55;39.06;1.0;1.0;0;1.0;0;0;1.0;0;0;1.0;0;0;1.0;1.0;0;0;0;0;0
653941;1.54;1.03;5.0;1557.0;15.75;81.75;13.5;0.78;12.07;14.58;43.29;31.20;2.31;128769.0;4.0;5.0;49.0;4509.0;1012.55;839.83;1.0;1.0;0;1.0;0;0;1.0;0;0;1.0;0;0;1.0;1.0;0;0;0;0;0
654475;1.52;1.01;2.0;1745.0;15.75;81.75;13.5;1.17;11.70;14.39;28.33;22.14;2.31;128769.0;3.0;0;49.0;4564.0;1012.55;839.83;1.0;1.0;0;1.0;0;0;1.0;0;0;1.0;0;0;1.0;1.0;0;0;0;0;0
654997;1.91;0.99;3.0;2021.0;15.75;81.75;17.25;2.74;14.62;14.48;17.55;13.71;2.31;128769.0;4.0;0;49.0;4536.0;1012.55;859.36;1.0;1.0;0;1.0;0;0;1.0;0;0;1.0;0;0;1.0;1.0;0;0;0;0;0
655502;2.02;0.97;0;2123.0;15.75;81.75;19.5;3.13;16.08;14.48;10.83;9.99;2.31;128769.0;0;0;49.0;4512.0;1012.55;859.36;1.0;1.0;0;1.0;0;0;1.0;0;0;1.0;0;0;1.0;1.0;0;0;0;0;0
656060;1.94;0.95;0;2187.0;15.75;81.75;20.25;3.13;15.70;14.48;6.69;6.13;2.31;128769.0;0;0;49.0;4502.0;1012.55;820.30;1.0;1.0;0;1.0;0;0;1.0;0;0;1.0;0;0;1.0;1.0;0;0;0;0;0
656629;1.27;0.99;3.0;1354.0;15.75;81.75;19.5;0;13.56;13.73;8.00;5.64;2.82;128769.0;4.0;4.0;45.0;4444.0;1012.55;800.77;1.0;1.0;0;1.0;0;0;1.0;0;0;1.0;0;0;1.0;1.0;0;0;0;0;0
657161;1.34;0.97;5.0;1244.0;15.75;81.75;19.5;0;13.66;14.58;8.47;11.21;2.31;128769.0;5.0;5.0;46.0;4482.0;1012.55;800.77;1.0;1.0;0;1.0;0;0;1.0;0;0;1.0;0;0;1.0;1.0;0;0;0;0;0
657682;1.27;0.95;6.0;1293.0;15.75;81.75;15.0;0;13.00;14.48;54.07;46.20;2.31;128769.0;6.0;5.0;47.0;4502.0;1012.55;624.99;1.0;1.0;0;1.0;0;0;1.0;0;0;1.0;0;0;1.0;1.0;0;0;0;0;0
658179;1.32;0.95;5.0;1243.0;15.75;81.75;17.25;0;13.49;14.58;65.13;66.69;2.31;128769.0;6.0;5.0;47.0;4514.0;1012.55;39.06;1.0;1.0;0;1.0;0;0;1.0;0;0;1.0;0;0;1.0;1.0;0;0;0;0;0
658701;1.32;0.97;5.0;1231.0;15.75;81.75;18.0;0;13.67;14.58;72.26;65.17;2.31;128769.0;6.0;4.0;46.0;4509.0;1012.55;19.53;1.0;1.0;0;1.0;0;0;1.0;0;0;1.0;0;0;1.0;1.0;0;0;0;0;0
659212;1.44;0.98;5.0;1206.0;15.75;82.5;19.5;0;13.81;14.58;72.26;62.08;2.31;128769.0;5.0;4.0;46.0;4510.0;1012.55;39.06;1.0;1.0;0;1.0;0;0;1.0;0;0;1.0;0;0;1.0;1.0;0;0;0;0;0
659781;1.26;1.00;5.0;1331.0;15.75;82.5;12.0;0;12.51;14.48;75.62;51.36;2.31;128769.0;5.0;4.0;46.0;4507.0;1012.55;19.53;1.0;1.0;0;1.0;0;0;1.0;0;0;1.0;0;0;1.0;1.0;0;0;0;0;0
660309;1.28;1.02;5.0;1305.0;15.75;82.5;12.75;0;12.64;14.39;70.48;37.81;2.31;128769.0;5.0;4.0;46.0;4510.0;1012.55;58.59;1.0;1.0;0;1.0;0;0;1.0;0;0;1.0;0;0;1.0;1.0;0;0;0;0;0
660842;1.44;1.03;3.0;1229.0;15.75;82.5;17.25;0;13.48;14.48;89.77;45.93;2.31;128769.0;4.0;4.0;44.0;4521.0;1012.55;703.11;1.0;1.0;0;1.0;0;0;1.0;0;0;1.0;0;0;1.0;1.0;0;0;0;0;0
661364;1.35;1.01;3.0;1219.0;15.75;82.5;19.5;0;13.77;14.58;65.40;35.27;2.31;128769.0;3.0;3.0;45.0;4515.0;1012.55;800.77;1.0;1.0;0;1.0;0;0;1.0;0;0;1.0;0;0;1.0;1.0;0;0;0;0;0
661871;1.35;0.99;0;1252.0;15.75;82.5;16.5;0;13.29;14.39;68.49;27.77;2.31;128769.0;0;0;45.0;4517.0;1012.55;781.24;1.0;1.0;0;1.0;0;0;1.0;0;0;1.0;0;0;1.0;1.0;0;0;0;0;0
662392;1.37;0.98;0;1189.0;15.75;82.5;21.0;0;14.06;14.58;77.49;26.09;2.31;128769.0;0;0;45.0;4519.0;1012.55;703.11;1.0;1.0;0;1.0;0;0;1.0;0;0;1.0;0;0;1.0;1.0;0;0;0;0;0
662994;1.26;0.96;0;1255.0;15.75;82.5;16.5;0;13.29;14.48;71.96;22.24;2.31;128769.0;0;0;45.0;4513.0;1012.55;117.18;1.0;1.0;0;1.0;0;0;1.0;0;0;1.0;0;0;1.0;1.0;0;0;0;0;0
663492;1.32;0.98;0;1258.0;15.75;82.5;15.75;0;13.16;14.20;105.57;18.39;2.58;128769.0;0;0;45.0;4515.0;1012.55;19.53;1.0;1.0;0;1.0;0;0;1.0;0;0;1.0;0;0;1.0;1.0;0;0;0;0;0
664044;1.30;0.99;0;1302.0;15.75;82.5;13.5;0;12.76;14.58;96.28;15.99;2.31;128769.0;0;0;46.0;4514.0;1012.55;19.53;1.0;1.0;0;1.0;0;0;1.0;0;0;1.0;0;0;1.0;1.0;0;0;0;0;0
664552;1.30;1.01;0;1252.0;15.75;82.5;16.5;0;13.28;14.58;88.37;42.12;2.31;128769.0;0;0;46.0;4512.0;1012.55;58.59;1.0;1.0;0;1.0;0;0;1.0;0;0;1.0;0;0;1.0;1.0;0;0;0;0;0
665074;1.41;1.03;0;1179.0;15.75;82.5;22.5;0;14.17;14.39;64.37;32.55;2.31;128769.0;0;0;45.0;4512.0;1012.55;312.49;1.0;1.0;0;1.0;0;0;1.0;0;0;1.0;0;0;1.0;1.0;0;0;0;0;0
665580;1.28;1.03;0;1292.0;15.75;82.5;13.5;0;12.70;14.58;46.87;28.43;2.31;128769.0;0;0;44.0;4503.0;1012.55;605.46;1.0;1.0;0;1.0;1.0;0;1.0;0;0;1.0;0;0;1.0;1.0;0;0;1.0;0;0
666079;1.24;1.02;0;1348.0;15.75;82.5;11.25;0;12.07;14.39;38.20;20.68;2.31;128769.0;0;0;44.0;4527.0;1012.55;761.70;1.0;1.0;0;1.0;1.0;0;1.0;0;0;1.0;0;0;1.0;1.0;0;0;1.0;0;0
666604;1.25;1.00;0;1279.0;15.75;82.5;14.25;0;12.75;14.48;45.23;31.79;2.31;128769.0;0;0;43.0;4532.0;1012.55;820.30;0;1.0;0;1.0;0;0;1.0;0;0;1.0;0;0;1.0;1.0;0;0;1.0;0;0
667175;1.26;0.99;0;1237.0;15.75;82.5;17.25;0;13.25;14.58;87.43;84.60;2.31;128769.0;0;0;44.0;4494.0;1012.55;781.24;0;1.0;0;1.0;0;0;1.0;0;0;1.0;0;0;1.0;1.0;0;0;1.0;0;0
667696;1.36;0.98;0;1230.0;15.75;82.5;18.0;0;13.39;14.58;76.18;74.11;2.31;128769.0;0;0;43.0;4509.0;1012.55;292.96;0;1.0;0;1.0;0;0;1.0;0;0;1.0;0;0;1.0;1.0;0;0;1.0;0;0
668230;1.22;0.98;0;1262.0;15.75;82.5;15.75;0;12.92;14.58;74.33;80.85;2.31;128769.0;0;0;44.0;4501.0;1012.55;156.24;0;1.0;0;1.0;0;0;1.0;0;0;1.0;0;0;1.0;1.0;0;0;1.0;0;0
668729;1.26;0.98;0;1237.0;15.75;82.5;17.25;0;13.21;14.48;71.65;100.14;2.31;128769.0;0;0;43.0;4528.0;1012.55;58.59;0;1.0;0;1.0;0;0;1.0;0;0;1.0;0;0;1.0;1.0;0;1.0;0;0;0
669236;1.41;1.00;0;1170.0;15.75;82.5;22.5;0;14.00;14.58;70.22;84.91;2.31;128769.0;0;0;44.0;4548.0;1012.55;39.06;0;1.0;0;1.0;0;1.0;0;0;0;0;0;0;0;0;0;1.0;0;0;0
669756;1.74;1.00;0;42.0;15.75;82.5;12.75;0;60.29;12.68;66.61;76.40;3.36;128769.0;0;0;120.0;4577.0;1012.55;58.59;0;1.0;0;1.0;0;1.0;0;0;0;0;0;0;0;1.0;0;1.0;0;0;0
670259;1.74;1.00;0;42.0;15.75;82.5;12.75;0;60.29;12.59;66.61;76.40;3.36;128769.0;0;0;120.0;4578.0;1012.55;78.12;0;1.0;0;1.0;0;0;0;0;0;0;0;0;0;0;0;0;1.0;0;0
670768;1.74;1.00;0;0;15.75;82.5;12.75;0;60.29;12.59;66.61;76.40;3.36;128769.0;0;0;120.0;4580.0;1012.55;78.12;0;1.0;0;1.0;0;0;0;0;0;0;0;0;0;0;0;0;1.0;0;0
671324;1.74;1.00;0;0;15.75;82.5;12.75;0;60.29;12.50;66.61;76.40;3.36;128769.0;0;0;120.0;4580.0;1012.55;97.65;0;1.0;0;1.0;0;0;0;0;0;0;0;0;0;0;0;0;1.0;0;0
671833;1.74;1.00;0;0;15.75;82.5;12.75;0;60.29;12.50;66.61;76.40;3.36;128769.0;0;0;120.0;4580.0;1012.55;97.65;0;0;1.0;1.0;0;0;0;0;0;0;0;0;0;0;0;0;1.0;0;0
672353;1.74;1.00;0;0;15.75;82.5;12.75;0;60.29;12.40;66.61;76.40;3.48;128769.0;0;0;120.0;4581.0;1012.55;117.18;0;0;1.0;0;0;0;0;0;0;0;0;0;0;0;0;0;1.0;0;0
672909;1.74;1.00;0;0;15.75;82.5;12.75;0;60.29;12.59;66.61;76.40;3.36;128769.0;0;0;120.0;4580.0;1012.55;117.18;0;0;1.0;0;0;0;0;0;0;0;0;0;0;0;0;0;1.0;0;0
673455;1.74;1.00;0;0;15.75;82.5;12.75;0;60.29;12.59;66.61;76.40;3.36;128769.0;0;0;120.0;4580.0;1012.55;117.18;0;0;1.0;0;0;0;0;0;0;0;0;0;0;0;0;0;1.0;0;0
673955;1.74;1.00;0;0;15.75;82.5;12.75;0;60.29;12.50;66.61;76.40;3.36;128769.0;0;0;120.0;4580.0;1012.55;117.18;0;0;1.0;0;0;0;0;0;0;0;0;0;0;0;0;0;1.0;0;0
674481;1.74;1.00;0;0;15.75;82.5;12.75;0;60.29;12.50;66.61;76.40;3.36;128769.0;0;0;120.0;4580.0;1012.55;117.18;0;0;1.0;0;0;0;0;0;0;0;0;0;0;0;0;0;1.0;0;0
674980;1.74;1.00;0;0;15.75;82.5;12.75;0;60.29;12.50;66.61;76.40;3.36;128769.0;0;0;120.0;4580.0;1012.55;136.71;0;0;1.0;0;0;0;0;0;0;0;0;0;0;0;0;0;1.0;0;0
675490;1.74;1.00;0;0;15.75;82.5;12.75;0;60.29;12.50;66.61;76.40;3.36;128769.0;0;0;120.0;4582.0;1012.55;136.71;0;0;1.0;0;0;0;0;0;0;0;0;0;0;0;0;0;1.0;0;0
676009;1.74;1.00;0;0;15.75;82.5;12.75;0;60.29;12.50;66.61;76.40;3.36;128769.0;0;0;120.0;4585.0;1012.55;136.71;0;0;1.0;0;0;0;0;0;0;0;0;0;0;0;0;0;1.0;0;0
676514;1.74;1.00;0;0;15.75;82.5;12.75;0;60.29;12.50;66.61;76.40;3.36;128769.0;0;0;120.0;4585.0;1012.55;136.71;0;0;1.0;0;0;0;0;0;0;0;0;0;0;0;0;0;1.0;0;0
677034;1.74;1.00;0;0;15.75;82.5;12.75;0;60.29;12.50;66.61;76.40;3.36;128769.0;0;0;120.0;4585.0;1012.55;136.71;0;0;1.0;0;0;0;0;0;0;0;0;0;0;0;0;0;1.0;0;0
677533;1.74;1.00;0;0;15.75;82.5;12.75;0;60.29;12.50;66.61;76.40;3.36;128769.0;0;0;120.0;4586.0;1012.55;136.71;0;0;1.0;0;0;0;0;0;0;0;0;0;0;0;0;0;1.0;0;0
678031;1.74;1.00;0;0;15.75;82.5;12.75;0;60.29;12.50;66.61;76.40;3.36;128769.0;0;0;120.0;4584.0;1012.55;156.24;0;0;1.0;0;0;0;0;0;0;0;0;0;0;0;0;0;1.0;0;0
678540;1.74;1.00;0;0;15.75;82.5;12.75;0;60.29;12.50;66.61;76.40;3.36;128769.0;0;0;120.0;4580.0;1012.55;156.24;0;0;1.0;0;0;0;0;0;0;0;0;0;0;0;0;0;1.0;0;0
679061;1.74;1.00;0;0;15.75;82.5;12.75;0;60.29;12.50;66.61;76.40;3.36;128769.0;0;0;120.0;4578.0;1012.55;156.24;0;0;1.0;0;0;0;0;0;0;0;0;0;0;0;0;0;1.0;0;0
679566;1.74;1.00;0;0;15.75;82.5;12.75;0;60.29;12.50;66.61;76.40;3.36;128769.0;0;0;120.0;4579.0;1012.55;156.24;0;0;1.0;0;0;0;0;0;0;0;0;0;0;0;0;0;1.0;0;0
680139;1.74;1.00;0;0;15.75;82.5;12.75;0;60.29;12.50;66.61;76.40;3.36;128769.0;0;0;120.0;4580.0;1012.55;156.24;0;0;1.0;0;0;0;0;0;0;0;0;0;0;0;0;0;1.0;0;0
680683;1.74;1.00;0;0;15.75;82.5;12.75;0;60.29;12.50;66.61;76.40;3.36;128769.0;0;0;120.0;4580.0;1012.55;175.77;0;0;1.0;0;0;0;0;0;0;0;0;0;0;0;0;0;1.0;0;0
681192;1.74;1.00;0;0;15.75;82.5;12.75;0;60.29;12.50;66.61;76.40;3.36;128769.0;0;0;120.0;4580.0;1012.55;175.77;0;0;1.0;0;0;0;0;0;0;0;0;0;0;0;0;0;1.0;0;0
681691;1.74;1.00;0;0;15.75;82.5;12.75;0;60.29;12.50;66.61;76.40;3.36;128769.0;0;0;120.0;4580.0;1012.55;175.77;0;0;1.0;0;0;0;0;0;0;0;0;0;0;0;0;0;1.0;0;0
682258;1.74;1.00;0;0;15.75;82.5;12.75;0;60.29;12.50;66.61;76.40;3.36;128769.0;0;0;120.0;4582.0;1012.55;175.77;0;0;1.0;0;0;0;0;0;0;0;0;0;0;0;0;0;1.0;0;0
682760;1.74;1.00;0;0;15.75;82.5;12.75;0;60.29;12.40;66.61;76.40;3.48;128769.0;0;0;120.0;4585.0;1012.55;175.77;0;0;1.0;0;0;0;0;0;0;0;0;0;0;0;0;0;1.0;0;0
683381;1.74;1.00;0;0;15.75;82.5;12.75;0;60.29;12.40;66.61;76.40;3.48;128769.0;0;0;120.0;4585.0;1012.55;175.77;0;0;1.0;0;0;0;0;0;0;0;0;0;0;0;0;0;1.0;0;0
683912;1.74;1.00;0;0;15.75;82.5;12.75;0;60.29;12.40;66.61;76.40;3.48;128769.0;0;0;120.0;4586.0;1012.55;195.31;0;0;1.0;0;0;0;0;0;0;0;0;0;0;0;0;0;1.0;0;0
684524;1.74;1.00;0;0;15.75;82.5;12.75;0;60.29;12.40;66.61;76.40;3.48;128769.0;0;0;120.0;4586.0;1012.55;195.31;0;0;1.0;0;0;0;0;0;0;0;0;0;0;0;0;0;1.0;0;0
685035;1.74;1.00;0;0;15.75;83.25;12.75;0;60.29;12.40;66.61;76.40;3.48;128769.0;0;0;120.0;4586.0;1012.55;195.31;0;0;1.0;0;0;0;0;0;0;0;0;0;0;0;0;0;1.0;0;0
685560;1.74;1.00;0;0;15.75;83.25;12.75;0;60.29;12.40;66.61;76.40;3.48;128769.0;0;0;120.0;4586.0;1012.55;195.31;0;0;1.0;0;0;0;0;0;0;0;0;0;0;0;0;0;1.0;0;0
