##;##
#2016-09-07 09:03:34
#GS-911 Android V1.1
#F800GS
#BMS-KP2
Time (ms);Injection time( ms);Lambda control factor;Speed( km/h);RPM;Intake air temperature( °C);Engine temperature( °C);Ignition angle( °KW);Throttle valve position (TPS)( %);Engine load( %);Battery voltage( V);Knock sensor 1( V);Knock sensor 2( V);Ignition dwell time( ms);Odometer( km);Front wheel speed( km/h);Rear wheel speed( km/h);Idle actuator position( steps);Fuel pressure( mbar);Ambient air pressure( mbar);Lambda sensor voltage( mV);Gear position;Sidestand switch 1;Sidestand switch 2;Sidestand switch calculated;Clutch switch;Kill switch;Oil pressure switch;Start switch;Tank venting valve (US only);Secondary air valve;Engine over-temperature light;Actuation of starter relay;Lambda sensor heating;Fuel pump;Fan motor;Engine safety cut-out (of BMSK);Starter function (of BMSK);Starter safety cut-out (of BMSK);Engine warning light (MIL)
13;0;1.00;0;0;25.5;25.5;-96.0;0;55.39;12.40;52.80;52.80;3.48;152998.0;0;0;183.0;4452.0;1000.16;449.21;0;0;1.0;0;0;0;0;0;0;0;0;0;0;0;0;0;1.0;0;0
521;0;1.00;0;0;25.5;25.5;-96.0;0;55.39;12.40;52.80;52.80;3.48;152998.0;0;0;183.0;4452.0;1000.16;449.21;0;0;1.0;0;0;0;0;0;0;0;0;0;0;0;0;0;1.0;0;0
1140;0;1.00;0;0;25.5;25.5;-96.0;0;55.39;12.40;52.80;52.80;3.48;152998.0;0;0;183.0;4450.0;1000.16;449.21;0;0;1.0;0;0;0;0;0;0;0;0;0;0;0;0;0;1.0;0;0
1665;0;1.00;0;0;25.5;25.5;-96.0;0;55.39;12.40;52.80;52.80;3.48;152998.0;0;0;183.0;4446.0;1000.16;449.21;0;0;1.0;0;0;0;0;0;0;0;0;0;0;0;0;0;1.0;0;0
2199;0;1.00;0;0;25.5;25.5;-96.0;0;55.39;12.40;52.80;52.80;3.48;152998.0;0;0;183.0;4446.0;1000.16;449.21;0;0;1.0;0;0;0;0;0;0;0;0;0;0;0;0;0;1.0;0;0
2770;0;1.00;0;0;25.5;25.5;-96.0;0;55.39;12.40;52.80;52.80;3.48;152998.0;0;0;183.0;4443.0;1000.16;449.21;0;0;1.0;0;0;0;0;0;0;0;0;0;0;0;0;0;1.0;0;0
3369;0;1.00;0;0;25.5;25.5;-96.0;0;55.39;12.40;52.80;52.80;3.48;152998.0;0;0;183.0;4440.0;1000.16;449.21;0;0;1.0;0;0;0;0;0;0;0;0;0;0;0;0;0;1.0;0;0
3914;0;1.00;0;0;25.5;25.5;-96.0;0;55.39;12.40;52.80;52.80;3.48;152998.0;0;0;183.0;4439.0;1000.16;449.21;0;0;1.0;0;0;0;0;0;0;0;0;0;0;0;0;0;1.0;0;0
4491;0;1.00;0;0;25.5;25.5;-96.0;0;55.39;12.40;52.80;52.80;3.48;152998.0;0;0;183.0;4436.0;1000.16;449.21;0;0;1.0;0;0;0;0;0;0;0;0;0;0;0;0;0;1.0;0;0
5016;0;1.00;0;0;25.5;25.5;-96.0;0;55.39;12.40;52.80;52.80;3.48;152998.0;0;0;183.0;4434.0;1000.16;449.21;0;0;1.0;0;0;0;0;0;0;0;0;0;0;0;0;0;1.0;0;0
5551;0;1.00;0;0;25.5;25.5;-96.0;0;55.39;12.40;52.80;52.80;3.48;152998.0;0;0;183.0;4433.0;1000.16;449.21;0;0;1.0;0;0;0;0;0;0;0;0;0;0;0;0;0;1.0;0;0
6110;0;1.00;0;0;25.5;25.5;-96.0;0;55.39;12.40;52.80;52.80;3.48;152998.0;0;0;183.0;4433.0;1000.16;449.21;0;0;1.0;0;0;0;0;0;0;0;0;0;0;0;0;0;1.0;0;0
6657;0;1.00;0;0;25.5;25.5;-96.0;0;55.39;12.40;52.80;52.80;3.48;152998.0;0;0;183.0;4428.0;1000.16;449.21;0;0;1.0;0;0;0;0;0;0;0;0;0;0;0;0;0;1.0;0;0
7240;0;1.00;0;0;25.5;25.5;-96.0;0;55.39;12.40;52.80;52.80;3.48;152998.0;0;0;183.0;4427.0;1000.16;449.21;0;0;1.0;0;0;0;0;0;0;0;0;0;0;0;0;0;1.0;0;0
7851;0;1.00;0;0;26.25;25.5;-96.0;0;55.39;12.40;52.80;52.80;3.48;152998.0;0;0;183.0;4427.0;1000.16;449.21;0;0;1.0;0;0;0;0;0;0;0;0;0;0;0;0;0;1.0;0;0
8407;0;1.00;0;0;26.25;25.5;-96.0;0;55.39;12.40;52.80;52.80;3.48;152998.0;0;0;183.0;4424.0;1000.16;449.21;0;0;1.0;0;0;0;0;0;0;0;0;0;0;0;0;0;1.0;0;0
8944;0;1.00;0;0;26.25;25.5;-96.0;0;55.39;12.40;52.80;52.80;3.48;152998.0;0;0;183.0;4421.0;1000.16;449.21;0;0;1.0;0;0;0;0;0;0;0;0;0;0;0;0;0;1.0;0;0
9491;0;1.00;0;0;26.25;25.5;-96.0;0;55.39;12.40;52.80;52.80;3.48;152998.0;0;0;183.0;4421.0;1000.16;449.21;0;0;1.0;0;0;0;0;0;0;0;0;0;0;0;0;0;1.0;0;0
10019;0;1.00;0;0;26.25;25.5;-96.0;0;55.39;12.40;52.80;52.80;3.48;152998.0;0;0;183.0;4418.0;1000.16;449.21;0;0;1.0;0;0;0;0;0;0;0;0;0;0;0;0;0;1.0;0;0
10613;0;1.00;0;0;26.25;25.5;-96.0;0;55.39;12.40;52.80;52.80;3.48;152998.0;0;0;183.0;4415.0;1000.16;449.21;0;0;1.0;0;0;0;0;0;0;0;0;0;0;0;0;0;1.0;0;0
11202;0;1.00;0;0;26.25;25.5;-96.0;0;55.39;12.40;52.80;52.80;3.48;152998.0;0;0;183.0;4415.0;1000.16;449.21;0;0;1.0;0;0;0;0;0;0;0;0;0;0;0;0;0;1.0;0;0
11741;0;1.00;0;0;26.25;25.5;-96.0;0;55.39;12.40;52.80;52.80;3.48;152998.0;0;0;183.0;4415.0;1000.16;449.21;0;0;1.0;0;0;0;0;0;0;0;0;0;0;0;0;0;1.0;0;0
12258;0;1.00;0;0;26.25;25.5;-96.0;0;55.39;12.40;52.80;52.80;3.48;152998.0;0;0;183.0;4412.0;1000.16;449.21;0;0;1.0;0;0;0;0;0;0;0;0;0;0;0;0;0;1.0;0;0
12803;0;1.00;0;0;26.25;25.5;-96.0;0;55.39;12.40;52.80;52.80;3.48;152998.0;0;0;183.0;4409.0;1000.16;449.21;0;0;1.0;0;0;0;0;0;0;0;0;0;0;0;0;0;1.0;0;0
13308;0;1.00;0;0;26.25;25.5;-96.0;0;55.39;12.40;52.80;52.80;3.48;152998.0;0;0;183.0;4409.0;1000.16;449.21;0;0;1.0;0;0;0;0;0;0;0;0;0;0;0;0;0;1.0;0;0
13801;0;1.00;0;0;26.25;25.5;-96.0;0;55.39;12.40;52.80;52.80;3.48;152998.0;0;0;183.0;4409.0;1000.16;449.21;0;0;1.0;0;0;0;0;0;0;0;0;0;0;0;0;0;1.0;0;0
14354;0;1.00;0;0;26.25;25.5;-96.0;0;55.39;12.40;52.80;52.80;3.48;152998.0;0;0;183.0;4409.0;1000.16;449.21;0;0;1.0;0;0;0;0;0;0;0;0;0;0;0;0;0;1.0;0;0
14858;0;1.00;0;0;26.25;25.5;-96.0;0;55.39;12.40;52.80;52.80;3.48;152998.0;0;0;183.0;4406.0;1000.16;449.21;0;0;1.0;0;0;0;0;0;0;0;0;0;0;0;0;0;1.0;0;0
15434;0;1.00;0;0;26.25;25.5;-96.0;0;55.39;12.40;52.80;52.80;3.48;152998.0;0;0;183.0;4403.0;1000.16;449.21;0;0;1.0;0;0;0;0;0;0;0;0;0;0;0;0;0;1.0;0;0
15985;0;1.00;0;0;26.25;25.5;-96.0;0;55.39;12.40;52.80;52.80;3.48;152998.0;0;0;183.0;4403.0;1000.16;449.21;0;0;1.0;0;0;0;0;0;0;0;0;0;0;0;0;0;1.0;0;0
16547;0;1.00;0;0;26.25;25.5;-96.0;0;55.39;12.40;52.80;52.80;3.48;152998.0;0;0;183.0;4403.0;1000.16;449.21;0;0;1.0;0;0;0;0;0;0;0;0;0;0;0;0;0;1.0;0;0
17082;0;1.00;0;0;26.25;25.5;-96.0;0;55.39;12.40;52.80;52.80;3.48;152998.0;0;0;183.0;4403.0;1000.16;449.21;0;0;1.0;0;0;0;0;0;0;0;0;0;0;0;0;0;1.0;0;0
17665;0;1.00;0;0;26.25;25.5;-96.0;0;55.39;12.40;52.80;52.80;3.48;152998.0;0;0;183.0;4398.0;1000.16;449.21;0;0;1.0;0;0;0;0;1.0;0;0;0;1.0;0;0;0;0;1.0;0;0
18206;0;1.00;0;590.0;26.25;25.5;-96.0;0;55.39;10.60;52.80;52.80;3.84;152998.0;0;0;186.0;4251.0;1000.16;449.21;0;0;1.0;0;0;0;0;1.0;0;0;0;0;1.0;1.0;0;0;1.0;0;0
18734;4.04;1.00;0;1910.0;26.25;25.5;-1.5;0;15.36;13.06;45.07;45.07;3.24;152998.0;0;0;204.0;4319.0;1000.16;449.21;0;0;1.0;0;0;0;0;0;0;1.0;0;0;1.0;1.0;0;0;1.0;0;0
19287;3.76;1.00;0;1575.0;26.25;25.5;1.5;0;14.36;14.20;35.36;41.85;2.58;152998.0;0;0;125.0;4355.0;1000.16;449.21;0;0;1.0;0;0;0;1.0;0;0;1.0;0;0;1.0;1.0;0;0;1.0;0;0
19866;3.21;1.00;0;1532.0;26.25;25.5;0.75;0;13.06;14.29;48.88;29.50;2.58;152998.0;0;0;103.0;4426.0;1000.16;449.21;0;0;1.0;0;0;0;1.0;0;0;1.0;0;0;1.0;1.0;0;0;1.0;0;0
20404;3.05;1.00;0;1401.0;26.25;25.5;3.75;0;13.79;14.29;48.29;27.69;2.58;152998.0;0;0;96.0;4485.0;1000.16;449.21;0;0;1.0;0;0;0;1.0;0;0;1.0;0;0;1.0;1.0;0;0;1.0;0;0
20963;2.80;1.00;0;1428.0;26.25;25.5;3.0;0;13.34;14.29;37.59;26.01;2.58;152998.0;0;0;91.0;4510.0;1000.16;449.21;0;0;1.0;0;0;0;1.0;0;0;1.0;0;0;1.0;1.0;0;0;1.0;0;0
21505;2.96;1.00;0;1425.0;26.25;25.5;3.0;0;13.25;14.20;35.60;53.78;2.58;152998.0;0;0;91.0;4510.0;1000.16;449.21;0;0;1.0;0;0;0;1.0;0;0;1.0;0;0;1.0;1.0;0;0;1.0;0;0
22034;2.72;1.00;0;1395.0;26.25;25.5;3.75;0;13.30;14.29;83.29;69.39;2.58;152998.0;0;0;90.0;4495.0;1000.16;449.21;0;0;1.0;0;0;0;1.0;0;0;1.0;0;0;1.0;1.0;0;0;1.0;0;0
22678;2.67;1.00;0;1387.0;26.25;25.5;4.5;0;13.48;14.29;116.88;100.61;2.58;152998.0;0;0;90.0;4518.0;1000.16;449.21;0;0;1.0;0;0;0;1.0;0;0;1.0;0;0;1.0;1.0;0;0;1.0;0;0
23218;2.73;1.00;0;1382.0;26.25;25.5;4.5;0;13.46;14.20;113.07;107.84;2.58;152998.0;0;0;89.0;4522.0;1000.16;449.21;0;0;1.0;0;0;0;1.0;0;0;1.0;0;0;1.0;1.0;0;0;1.0;0;0
23735;2.70;1.00;0;1337.0;26.25;25.5;6.75;0;14.21;14.29;104.48;101.84;2.58;152998.0;0;0;90.0;4500.0;1000.16;449.21;0;0;1.0;0;0;0;1.0;0;0;1.0;0;0;1.0;1.0;0;0;1.0;0;0
24281;2.61;1.00;0;1376.0;26.25;25.5;4.5;0;13.51;14.39;148.34;123.52;2.31;152998.0;0;0;91.0;4518.0;1000.16;449.21;0;0;1.0;0;0;0;1.0;0;0;1.0;0;0;1.0;1.0;0;0;1.0;0;0
24816;2.62;1.00;0;1365.0;26.25;25.5;5.25;0;13.93;14.29;177.29;191.27;2.58;152998.0;0;0;90.0;4519.0;1000.16;449.21;0;0;1.0;0;0;0;1.0;0;0;1.0;0;0;1.0;1.0;0;0;1.0;0;0
25346;2.53;1.00;0;1396.0;26.25;25.5;4.5;0;13.59;14.39;167.02;177.21;2.31;152998.0;0;0;91.0;4518.0;1000.16;449.21;0;0;1.0;0;0;0;1.0;0;0;1.0;0;0;1.0;1.0;0;0;1.0;0;0
25863;2.50;1.00;0;1377.0;26.25;25.5;5.25;0;13.94;14.39;191.23;174.34;2.31;152998.0;0;0;92.0;4512.0;1000.16;449.21;0;0;1.0;0;0;0;1.0;0;0;1.0;0;0;1.0;1.0;0;0;1.0;0;0
26409;2.58;1.00;0;1351.0;26.25;25.5;6.0;0;14.26;14.29;139.38;127.08;2.58;152998.0;0;0;93.0;4513.0;1000.16;449.21;0;0;1.0;0;0;0;1.0;0;0;1.0;0;0;1.0;1.0;0;0;1.0;0;0
26931;2.60;1.00;0;1387.0;26.25;25.5;4.5;0;13.67;14.39;108.93;95.24;2.31;152998.0;0;0;93.0;4508.0;1000.16;449.21;0;0;1.0;0;0;0;1.0;0;0;1.0;0;0;1.0;1.0;0;0;1.0;0;0
27545;2.60;1.00;0;1356.0;26.25;25.5;6.0;0;14.32;14.39;94.52;90.81;2.31;152998.0;0;0;94.0;4523.0;1000.16;449.21;0;0;1.0;0;0;0;1.0;0;0;1.0;0;0;1.0;1.0;0;0;1.0;0;0
28070;2.59;1.00;0;1394.0;26.25;25.5;4.5;0;13.80;14.29;90.59;114.81;2.58;152998.0;0;0;94.0;4509.0;1000.16;449.21;0;0;1.0;0;0;0;1.0;0;0;1.0;0;0;1.0;1.0;0;0;1.0;0;0
28616;2.61;1.00;0;1413.0;26.25;25.5;3.75;0;13.52;14.29;103.29;140.71;2.58;152998.0;0;0;93.0;4521.0;1000.16;449.21;0;0;1.0;0;0;0;1.0;0;0;1.0;0;0;1.0;1.0;0;0;1.0;0;0
29140;2.51;1.00;0;1380.0;26.25;26.25;4.5;0;13.76;14.29;89.66;140.63;2.58;152998.0;0;0;95.0;4529.0;1000.16;449.21;0;0;1.0;0;0;0;1.0;0;0;1.0;0;0;1.0;1.0;0;0;1.0;0;0
29694;2.48;1.00;0;1360.0;26.25;26.25;5.25;0;14.12;14.20;120.98;179.53;2.58;152998.0;0;0;93.0;4503.0;1000.16;449.21;0;0;1.0;0;0;0;1.0;0;0;1.0;0;0;1.0;1.0;0;0;1.0;0;0
30312;2.64;1.00;0;1393.0;26.25;26.25;4.5;0;13.72;14.39;114.68;132.33;2.31;152998.0;0;0;93.0;4507.0;1000.16;449.21;0;0;1.0;0;0;0;1.0;0;0;1.0;0;0;1.0;1.0;0;0;1.0;0;0
30838;2.63;1.00;0;1378.0;26.25;26.25;4.5;0;13.77;14.39;120.18;178.19;2.31;152998.0;0;0;93.0;4513.0;1000.16;449.21;0;0;1.0;0;0;0;1.0;0;0;1.0;0;0;1.0;1.0;0;0;1.0;0;0
31455;2.44;1.00;0;1388.0;26.25;26.25;4.5;0;14.30;14.29;108.31;137.62;2.58;152998.0;0;0;94.0;4516.0;1000.16;449.21;0;0;1.0;0;0;0;1.0;0;0;1.0;0;0;1.0;1.0;0;0;1.0;0;0
32000;2.43;1.00;0;1359.0;26.25;26.25;6.0;0;14.36;14.29;157.58;145.90;2.58;152998.0;0;0;95.0;4519.0;1000.16;449.21;0;0;1.0;0;0;0;1.0;0;0;1.0;0;0;1.0;1.0;0;0;1.0;0;0
32635;2.42;1.00;0;1398.0;26.25;26.25;3.75;0;13.57;14.29;178.46;133.11;2.58;152998.0;0;0;94.0;4512.0;1000.16;449.21;0;0;1.0;0;0;0;1.0;0;0;1.0;0;0;1.0;1.0;0;0;1.0;0;0
33203;2.48;1.00;0;1428.0;26.25;27.0;3.0;0;13.35;14.39;144.61;99.23;2.31;152998.0;0;0;92.0;4507.0;1000.16;449.21;0;0;1.0;0;0;0;1.0;0;0;1.0;0;0;1.0;1.0;0;0;1.0;0;0
33740;2.43;1.00;0;1364.0;26.25;27.0;5.25;0;14.05;14.20;99.99;81.22;2.58;152998.0;0;0;92.0;4514.0;1000.16;449.21;0;0;1.0;0;0;0;1.0;0;0;1.0;0;0;1.0;1.0;0;0;1.0;0;0
34239;2.40;1.00;0;1456.0;26.25;27.0;2.25;0;12.99;14.39;72.84;69.76;2.31;152998.0;0;0;93.0;4528.0;1000.16;449.21;0;1.0;0;1.0;0;0;1.0;0;0;1.0;0;0;1.0;1.0;0;0;1.0;0;0
34799;2.38;1.00;0;1375.0;26.25;27.0;5.25;0;14.04;14.29;59.35;60.91;2.58;152998.0;0;0;93.0;4509.0;1000.16;449.21;0;1.0;0;1.0;0;0;1.0;0;0;1.0;0;0;1.0;1.0;0;0;1.0;0;0
35298;2.57;1.00;0;1387.0;26.25;27.0;4.5;0;13.67;14.39;40.99;42.08;2.31;152998.0;0;0;94.0;4511.0;1000.16;449.21;0;1.0;0;1.0;0;0;1.0;0;0;1.0;0;0;1.0;1.0;0;0;1.0;0;0
35834;2.48;1.00;0;1397.0;26.25;27.75;3.75;0;13.46;14.29;31.63;36.24;2.58;152998.0;0;0;93.0;4508.0;1000.16;449.21;0;1.0;0;1.0;0;0;1.0;0;0;1.0;0;0;1.0;1.0;0;0;1.0;0;0
36475;2.44;1.00;0;1389.0;26.25;27.75;4.5;0;13.63;14.29;26.50;26.36;2.58;152998.0;0;0;92.0;4519.0;1000.16;449.21;0;1.0;0;1.0;0;0;1.0;0;0;1.0;0;0;1.0;1.0;0;0;1.0;0;0
37031;2.31;1.00;0;1438.0;26.25;27.75;3.0;0;13.35;14.29;17.32;18.94;2.58;152998.0;0;0;92.0;4509.0;1000.16;449.21;0;1.0;0;1.0;0;0;1.0;0;0;1.0;0;0;1.0;1.0;0;0;1.0;0;0
37606;2.57;1.00;0;1405.0;26.25;27.75;3.75;0;13.43;14.20;16.93;18.00;2.58;152998.0;0;0;92.0;4516.0;1000.16;449.21;0;1.0;0;1.0;0;0;1.0;0;0;1.0;0;0;1.0;1.0;0;0;1.0;0;0
38145;2.50;1.00;0;1349.0;26.25;27.75;6.0;0;14.23;14.29;15.07;14.29;2.58;152998.0;0;0;93.0;4515.0;1000.16;449.21;0;1.0;0;1.0;0;0;1.0;0;0;1.0;0;0;1.0;1.0;0;0;1.0;0;0
38680;2.58;1.00;0;1377.0;26.25;28.5;4.5;0;13.65;14.39;10.93;10.93;2.31;152998.0;0;0;92.0;4541.0;1000.16;449.21;0;1.0;0;1.0;0;0;1.0;0;0;1.0;0;0;1.0;1.0;0;0;1.0;0;0
39266;2.64;1.00;0;1328.0;26.25;28.5;6.75;0;14.43;14.39;7.51;7.51;2.31;152998.0;0;0;92.0;4509.0;1000.16;468.74;0;1.0;0;1.0;0;0;1.0;0;0;1.0;0;0;1.0;1.0;0;0;1.0;0;0
39861;2.54;1.00;0;1320.0;26.25;28.5;6.75;0;14.38;14.39;5.15;20.27;2.31;152998.0;0;0;92.0;4522.0;1000.16;468.74;0;1.0;0;1.0;0;0;1.0;0;0;1.0;0;0;1.0;1.0;0;0;1.0;0;0
40548;2.36;1.00;2.0;1372.0;26.25;29.25;5.25;0;13.90;14.39;5.93;23.02;2.31;152998.0;3.0;0;90.0;4513.0;1000.16;468.74;0;1.0;0;1.0;0;0;1.0;0;0;1.0;0;0;1.0;1.0;0;0;1.0;0;0
41096;2.36;1.00;0;1429.0;26.25;29.25;3.0;0;13.21;14.48;58.35;68.45;2.31;152998.0;0;0;90.0;4495.0;1000.16;468.74;0;1.0;0;1.0;0;0;1.0;0;0;1.0;0;0;1.0;1.0;0;0;1.0;0;0
41608;2.32;1.00;0;1400.0;26.25;29.25;3.75;0;13.35;14.39;128.58;134.24;2.31;152998.0;0;0;90.0;4508.0;1000.16;468.74;0;1.0;0;1.0;0;0;1.0;0;0;1.0;0;0;1.0;1.0;0;0;1.0;0;0
42149;2.36;1.00;0;1397.0;26.25;29.25;4.5;0;13.49;14.29;168.29;169.71;2.58;152998.0;0;0;90.0;4497.0;1000.16;468.74;0;1.0;0;1.0;0;0;1.0;0;0;1.0;0;0;1.0;1.0;0;0;1.0;0;0
42720;2.35;1.00;0;1383.0;26.25;29.25;4.5;0;13.50;14.29;162.29;204.01;2.58;152998.0;0;0;91.0;4514.0;1000.16;468.74;0;1.0;0;1.0;0;0;1.0;0;0;1.0;0;0;1.0;1.0;0;0;1.0;0;0
43371;2.36;1.00;0;1372.0;26.25;30.0;4.5;0;13.51;14.39;232.13;221.45;2.31;152998.0;0;0;91.0;4529.0;1000.16;468.74;0;1.0;0;1.0;0;0;1.0;0;0;1.0;0;0;1.0;1.0;0;0;1.0;0;0
43965;2.28;1.00;0;1431.0;26.25;30.0;3.0;0;13.18;14.20;187.44;180.06;2.58;152998.0;0;0;89.0;4505.0;1000.16;468.74;0;1.0;0;1.0;0;0;1.0;0;0;1.0;0;0;1.0;1.0;0;0;1.0;0;0
44520;2.32;1.00;0;1407.0;26.25;30.0;3.75;0;13.24;14.39;152.52;139.73;2.31;152998.0;0;0;90.0;4505.0;1000.16;468.74;0;1.0;0;1.0;0;0;1.0;0;0;1.0;0;0;1.0;1.0;0;0;1.0;0;0
45095;2.51;1.00;0;1374.0;26.25;30.0;4.5;0;13.46;14.48;131.96;109.60;2.31;152998.0;0;0;89.0;4532.0;1000.16;488.27;0;1.0;0;1.0;1.0;0;1.0;0;0;1.0;0;0;1.0;1.0;0;0;1.0;0;0
45628;2.32;1.00;0;1401.0;26.25;30.75;3.75;0;13.25;14.39;105.65;90.18;2.31;152998.0;0;0;89.0;4515.0;1000.16;488.27;0;1.0;0;1.0;1.0;0;1.0;0;0;1.0;0;0;1.0;1.0;0;0;1.0;0;0
46148;2.32;1.00;0;1406.0;27.0;30.75;3.75;0;13.15;14.39;76.98;76.65;2.31;152998.0;0;0;89.0;4509.0;1000.16;488.27;1.0;1.0;0;1.0;0;0;1.0;0;0;1.0;0;0;1.0;1.0;0;0;0;0;0
46691;7.27;1.00;0;1759.0;27.0;30.75;7.5;6.66;25.00;14.39;59.48;56.85;2.31;152998.0;0;0;106.0;4533.0;1000.16;488.27;1.0;1.0;0;1.0;0;0;1.0;0;0;1.0;0;0;1.0;1.0;0;0;0;0;0
47196;4.76;1.00;0;1911.0;27.0;30.75;7.5;8.23;27.16;14.39;146.88;92.92;2.31;152998.0;0;0;106.0;4531.0;1000.16;488.27;1.0;1.0;0;1.0;0;0;1.0;0;0;1.0;0;0;1.0;1.0;0;0;0;0;0
47756;4.82;1.00;7.0;1723.0;27.0;30.75;6.75;9.02;30.45;14.48;162.64;186.60;2.31;152998.0;8.0;8.0;106.0;4522.0;1000.16;488.27;1.0;1.0;0;1.0;0;0;1.0;0;0;1.0;0;0;1.0;1.0;0;0;0;0;0
48301;4.68;1.00;15.0;1664.0;27.0;31.5;4.5;9.02;30.37;14.48;211.49;241.78;2.31;152998.0;15.0;15.0;106.0;4499.0;1000.16;488.27;1.0;1.0;0;1.0;0;0;1.0;0;0;1.0;0;0;1.0;1.0;0;0;0;0;0
48795;4.06;1.00;18.0;2125.0;27.0;31.5;8.25;8.23;24.42;14.39;151.68;158.58;2.31;152998.0;19.0;19.0;105.0;4453.0;1000.16;488.27;1.0;1.0;0;1.0;0;0;1.0;0;0;1.0;0;0;1.0;1.0;0;0;0;0;0
49318;2.05;1.00;18.0;1557.0;27.0;31.5;3.75;0;13.36;14.39;120.71;120.48;2.31;152998.0;19.0;19.0;91.0;4477.0;1000.16;507.80;1.0;1.0;0;1.0;0;0;1.0;0;0;1.0;0;0;1.0;1.0;0;0;0;0;0
49859;2.00;1.00;18.0;1612.0;27.0;31.5;3.75;0;13.28;14.48;94.60;110.42;2.31;152998.0;19.0;19.0;88.0;4562.0;1000.16;507.80;1.0;1.0;0;1.0;0;0;1.0;0;0;1.0;0;0;1.0;1.0;0;0;0;0;0
50463;1.92;1.00;17.0;1769.0;27.0;31.5;3.75;0;13.28;14.39;70.83;85.34;2.31;152998.0;17.0;17.0;88.0;4519.0;1000.16;507.80;1.0;1.0;0;1.0;0;0;1.0;0;0;1.0;0;0;1.0;1.0;0;0;0;0;0
50972;1.95;1.00;16.0;1713.0;27.0;32.25;4.5;0;13.22;14.39;59.50;84.46;2.31;152998.0;16.0;16.0;87.0;4515.0;1000.16;507.80;1.0;1.0;0;1.0;0;0;1.0;0;0;1.0;0;0;1.0;1.0;0;0;0;0;0
51483;2.03;1.00;13.0;1630.0;27.0;32.25;5.25;0;13.23;14.39;47.94;90.46;2.31;152998.0;14.0;14.0;86.0;4490.0;1000.16;507.80;1.0;1.0;0;1.0;0;0;1.0;0;0;1.0;0;0;1.0;1.0;0;0;0;0;0
52085;2.29;1.00;12.0;1407.0;27.0;32.25;4.5;0;13.13;14.48;39.04;85.01;2.31;152998.0;12.0;12.0;88.0;4487.0;1000.16;507.80;1.0;1.0;0;1.0;0;0;1.0;0;0;1.0;0;0;1.0;1.0;0;0;0;0;0
52615;2.29;1.00;7.0;1396.0;27.0;32.25;4.5;0;13.13;14.48;34.99;111.37;2.31;152998.0;7.0;7.0;87.0;4499.0;1000.16;507.80;1.0;1.0;0;1.0;0;0;1.0;0;0;1.0;0;0;1.0;1.0;0;0;0;0;0
53127;2.32;1.00;6.0;1373.0;27.0;32.25;6.0;0;13.69;14.48;106.12;145.73;2.31;152998.0;6.0;6.0;88.0;4507.0;1000.16;507.80;1.0;1.0;0;1.0;0;0;1.0;0;0;1.0;0;0;1.0;1.0;0;0;0;0;0
53644;2.73;1.00;7.0;1698.0;27.0;33.0;8.25;1.96;14.37;14.48;99.73;144.28;2.31;152998.0;8.0;7.0;103.0;4580.0;1000.16;507.80;1.0;1.0;0;1.0;0;0;1.0;0;0;1.0;0;0;1.0;1.0;0;0;0;0;0
54200;3.15;1.00;10.0;1742.0;27.0;33.0;7.5;3.13;16.11;14.29;114.01;185.41;2.58;152998.0;10.0;10.0;103.0;4549.0;1000.16;507.80;1.0;1.0;0;1.0;0;0;1.0;0;0;1.0;0;0;1.0;1.0;0;0;0;0;0
54731;3.48;1.00;11.0;1495.0;27.0;33.0;8.25;3.13;17.91;14.39;149.58;222.17;2.31;152998.0;11.0;11.0;103.0;4504.0;1000.16;527.33;1.0;1.0;0;1.0;0;0;1.0;0;0;1.0;0;0;1.0;1.0;0;0;0;0;0
55250;3.35;1.00;13.0;1607.0;27.0;33.0;9.0;3.13;17.78;14.29;182.09;259.18;2.58;152998.0;14.0;14.0;103.0;4514.0;1000.16;527.33;1.0;1.0;0;1.0;0;0;1.0;0;0;1.0;0;0;1.0;1.0;0;0;0;0;0
55750;3.99;1.00;16.0;1775.0;27.0;33.0;7.5;4.70;18.05;14.39;208.69;262.11;2.31;152998.0;16.0;16.0;103.0;4527.0;1000.16;527.33;1.0;1.0;0;1.0;0;0;1.0;0;0;1.0;0;0;1.0;1.0;0;0;0;0;0
56270;4.36;1.00;17.0;2003.0;27.0;33.75;9.0;7.84;24.57;14.39;228.16;282.18;2.31;152998.0;18.0;18.0;102.0;4474.0;1000.16;527.33;1.0;1.0;0;1.0;0;0;1.0;0;0;1.0;0;0;1.0;1.0;0;0;0;0;0
56801;3.83;0.97;18.0;2173.0;27.0;33.75;8.25;7.84;22.62;14.48;257.26;303.84;2.31;152998.0;19.0;19.0;102.0;4462.0;1000.16;527.33;1.0;1.0;0;1.0;0;0;1.0;0;0;1.0;0;0;1.0;1.0;0;0;0;0;0
57414;3.68;1.00;21.0;2349.0;27.0;33.75;9.75;7.84;21.44;14.39;295.35;281.93;2.31;152998.0;21.0;21.0;102.0;4457.0;1000.16;527.33;1.0;1.0;0;1.0;0;0;1.0;0;0;1.0;0;0;1.0;1.0;0;0;0;0;0
57996;3.36;0.97;23.0;2533.0;27.0;33.75;11.25;7.45;20.06;14.48;184.67;274.59;2.31;152998.0;23.0;23.0;102.0;4464.0;1000.16;546.86;1.0;1.0;0;1.0;0;0;1.0;0;0;1.0;0;0;1.0;1.0;0;0;0;0;0
58585;2.81;0.99;23.0;2672.0;27.0;34.5;14.25;5.09;16.82;14.29;229.45;255.76;2.58;152998.0;24.0;24.0;102.0;4514.0;1000.16;546.86;1.0;1.0;0;1.0;0;0;1.0;0;0;1.0;0;0;1.0;1.0;0;0;0;0;0
59087;2.59;0.96;23.0;2703.0;27.0;34.5;15.0;4.70;15.57;14.29;293.53;311.69;2.58;152998.0;24.0;24.0;102.0;4511.0;1000.16;546.86;1.0;1.0;0;1.0;0;0;1.0;0;0;1.0;0;0;1.0;1.0;0;0;0;0;0
59605;1.51;1.00;23.0;2019.0;27.0;34.5;3.75;0;13.16;14.39;320.01;331.61;2.31;152998.0;24.0;24.0;89.0;4612.0;1000.16;546.86;1.0;1.0;0;1.0;0;0;1.0;0;0;1.0;0;0;1.0;1.0;0;0;0;0;0
60102;1.94;0.98;21.0;2398.0;27.0;34.5;12.0;1.96;10.65;14.39;331.13;304.31;2.31;152998.0;21.0;21.0;102.0;4546.0;1000.16;546.86;1.0;1.0;0;1.0;0;0;1.0;0;0;1.0;0;0;1.0;1.0;0;0;0;0;0
60618;2.2;0.97;18.0;2086.0;27.0;35.25;9.0;1.96;11.96;14.29;290.21;289.94;2.58;152998.0;19.0;19.0;101.0;4559.0;1000.16;527.33;1.0;1.0;0;1.0;0;0;1.0;0;0;1.0;0;0;1.0;1.0;0;0;0;0;0
61117;2.4;0.96;20.0;2183.0;27.0;35.25;9.75;2.35;13.30;14.39;180.57;190.18;2.31;152998.0;20.0;20.0;101.0;4519.0;1000.16;546.86;1.0;1.0;0;1.0;0;0;1.0;0;0;1.0;0;0;1.0;1.0;0;0;0;0;0
61717;1.87;0.95;17.0;2011.0;27.0;35.25;8.25;1.17;13.20;14.29;118.44;118.33;2.58;152998.0;18.0;18.0;101.0;4517.0;1000.16;429.68;1.0;1.0;0;1.0;0;0;1.0;0;0;1.0;0;0;1.0;1.0;0;0;0;0;0
62237;2.17;0.98;15.0;1464.0;27.0;35.25;4.5;0;13.04;14.39;73.66;84.23;2.31;152998.0;15.0;15.0;85.0;4491.0;1000.16;566.39;1.0;1.0;0;1.0;0;0;1.0;0;0;1.0;0;0;1.0;1.0;0;0;0;0;0
62777;2.27;0.97;10.0;1402.0;27.0;36.0;4.5;0;12.99;14.39;53.64;61.36;2.31;152998.0;10.0;10.0;84.0;4513.0;1000.16;566.39;1.0;1.0;0;1.0;0;0;1.0;0;0;1.0;0;0;1.0;1.0;0;0;0;0;0
63288;2.33;0.96;3.0;1351.0;27.0;36.0;6.75;0;13.68;14.48;39.06;42.38;2.31;152998.0;4.0;3.0;83.0;4512.0;1000.16;566.39;1.0;1.0;0;1.0;0;0;1.0;0;0;1.0;0;0;1.0;1.0;0;0;0;0;0
63890;2.27;0.94;0;1396.0;27.0;36.0;4.5;0;12.89;14.29;30.33;30.83;2.58;152998.0;0;0;83.0;4501.0;1000.16;566.39;1.0;1.0;0;1.0;0;0;1.0;0;0;1.0;0;0;1.0;1.0;0;0;0;0;0
64427;2.19;0.92;0;1414.0;27.0;36.0;3.75;0;12.78;14.39;44.64;73.88;2.31;152998.0;0;0;82.0;4528.0;1000.16;566.39;1.0;1.0;0;1.0;0;0;1.0;0;0;1.0;0;0;1.0;1.0;0;0;0;0;0
64948;1.93;0.91;0;1486.0;27.0;36.0;4.5;0;12.99;14.39;66.71;91.65;2.31;152998.0;0;0;85.0;4495.0;1000.16;566.39;1.0;1.0;0;1.0;0;0;1.0;0;0;1.0;0;0;1.0;1.0;0;0;0;0;0
65496;2.15;0.90;0;1388.0;27.0;36.75;5.25;0;13.12;14.29;49.39;63.35;2.58;152998.0;0;0;83.0;4517.0;1000.16;566.39;1.0;1.0;0;1.0;0;0;1.0;0;0;1.0;0;0;1.0;1.0;0;0;0;0;0
66003;2.07;0.88;0;1388.0;27.0;36.75;4.5;0;12.96;14.20;59.05;52.78;2.58;152998.0;0;0;83.0;4501.0;1000.16;566.39;1.0;1.0;0;1.0;0;0;1.0;0;0;1.0;0;0;1.0;1.0;0;0;0;0;0
66557;2.01;0.87;0;1410.0;27.0;36.75;3.75;0;12.88;14.39;101.30;59.60;2.31;152998.0;0;0;85.0;4501.0;1000.16;332.02;1.0;1.0;0;1.0;0;0;1.0;0;0;1.0;0;0;1.0;1.0;0;0;0;0;0
67053;2.02;0.89;0;1394.0;27.0;36.75;5.25;0;13.19;14.48;69.99;43.53;2.31;152998.0;0;0;85.0;4514.0;1000.16;273.43;1.0;1.0;0;1.0;0;0;1.0;0;0;1.0;0;0;1.0;1.0;0;0;0;0;0
67573;2.16;0.88;0;1382.0;27.0;36.75;5.25;0;13.25;14.39;63.39;49.35;2.31;152998.0;0;0;86.0;4504.0;1000.16;312.49;1.0;1.0;0;1.0;0;0;1.0;0;0;1.0;0;0;1.0;1.0;0;0;0;0;0
68078;2.43;0.89;0;1475.0;27.0;37.5;9.75;0.78;12.20;14.39;76.96;43.53;2.31;152998.0;0;0;98.0;4548.0;1000.16;624.99;1.0;1.0;0;1.0;0;0;1.0;0;0;1.0;0;0;1.0;1.0;0;0;0;0;0
68576;3.2;0.99;0;1911.0;27.0;37.5;8.25;3.92;16.46;14.39;118.33;63.66;2.31;152998.0;0;0;98.0;4549.0;1000.16;605.46;1.0;1.0;0;1.0;0;0;1.0;0;0;1.0;0;0;1.0;1.0;0;0;0;0;0
69098;4.07;0.98;0;1706.0;27.0;37.5;7.5;5.88;22.96;14.39;99.48;109.09;2.31;152998.0;0;0;98.0;4520.0;1000.16;605.46;1.0;1.0;0;1.0;0;0;1.0;0;0;1.0;0;0;1.0;1.0;0;0;0;0;0
69611;4.36;0.96;0;1570.0;27.0;37.5;5.25;7.45;28.53;14.48;105.55;97.63;2.31;152998.0;0;0;98.0;4524.0;1000.16;585.93;1.0;1.0;0;1.0;0;0;1.0;0;0;1.0;0;0;1.0;1.0;0;0;0;0;0
70190;4.10;0.94;11.0;1746.0;27.0;37.5;6.75;7.45;27.08;14.29;147.56;86.22;2.58;152998.0;11.0;11.0;98.0;4512.0;1000.16;585.93;1.0;1.0;0;1.0;0;0;1.0;0;0;1.0;0;0;1.0;1.0;0;0;0;0;0
70696;3.93;0.92;16.0;1854.0;27.0;37.5;6.75;7.84;25.70;14.29;229.82;185.47;2.58;152998.0;16.0;16.0;98.0;4473.0;1000.16;605.46;1.0;1.0;0;1.0;0;0;1.0;0;0;1.0;0;0;1.0;1.0;0;0;0;0;0
71217;4.46;0.99;20.0;2142.0;27.0;38.25;8.25;10.58;27.39;14.39;206.99;177.91;2.31;152998.0;20.0;20.0;97.0;4417.0;1000.16;605.46;1.0;1.0;0;1.0;0;0;1.0;0;0;1.0;0;0;1.0;1.0;0;0;0;0;0
71715;3.95;0.97;22.0;2517.0;27.0;38.25;10.5;10.58;24.68;14.48;128.80;111.30;2.31;152998.0;22.0;23.0;97.0;4420.0;1000.16;605.46;1.0;1.0;0;1.0;0;0;1.0;0;0;1.0;0;0;1.0;1.0;0;0;0;0;0
72290;3.58;0.93;26.0;2811.0;27.0;38.25;12.75;10.58;23.75;14.29;72.12;67.65;2.58;152998.0;26.0;26.0;97.0;4532.0;1000.16;585.93;1.0;1.0;0;1.0;0;0;1.0;0;0;1.0;0;0;1.0;1.0;0;0;0;0;0
72810;0.85;1.00;28.0;2795.0;27.0;39.0;3.75;0;12.89;14.39;33.08;34.50;2.31;152998.0;28.0;29.0;97.0;4643.0;1000.16;624.99;1.0;1.0;0;1.0;0;0;1.0;0;0;1.0;0;0;1.0;1.0;0;0;0;0;0
73350;4.04;1.00;30.0;2397.0;27.0;39.0;10.5;8.62;22.63;13.82;19.47;20.31;2.82;152998.0;30.0;30.0;97.0;4463.0;1000.16;605.46;2.0;1.0;0;1.0;0;0;1.0;0;0;1.0;0;0;1.0;1.0;0;0;0;0;0
73871;3.67;0.97;31.0;2455.0;27.0;39.0;10.5;9.02;22.68;14.20;10.25;10.72;2.58;152998.0;31.0;31.0;97.0;4503.0;1000.16;605.46;2.0;1.0;0;1.0;0;0;1.0;0;0;1.0;0;0;1.0;1.0;0;0;0;0;0
74376;3.52;0.94;32.0;2616.0;27.0;39.0;12.0;9.02;22.29;14.29;7.79;5.91;2.58;152998.0;33.0;33.0;97.0;4470.0;1000.16;605.46;2.0;1.0;0;1.0;0;0;1.0;0;0;1.0;0;0;1.0;1.0;0;0;0;0;0
74932;3.31;0.91;35.0;2705.0;27.0;39.75;12.75;9.02;22.31;14.39;4.51;4.76;2.31;152998.0;34.0;35.0;96.0;4535.0;1000.16;605.46;2.0;1.0;0;1.0;0;0;1.0;0;0;1.0;0;0;1.0;1.0;0;0;0;0;0
75430;3.12;0.87;36.0;2916.0;27.0;39.75;14.25;9.02;22.20;14.29;2.05;2.16;2.58;152998.0;36.0;37.0;96.0;4538.0;1000.16;605.46;2.0;1.0;0;1.0;0;0;1.0;0;0;1.0;0;0;1.0;1.0;0;0;0;0;0
75945;2.74;0.84;37.0;2959.0;27.0;39.75;15.0;8.62;21.76;14.39;0.99;2.51;2.31;152998.0;37.0;38.0;96.0;4541.0;1000.16;507.80;2.0;1.0;0;1.0;0;0;1.0;0;0;1.0;0;0;1.0;1.0;0;0;0;0;0
76443;2.93;0.98;38.0;2985.0;27.0;39.75;16.5;6.27;18.42;14.39;2.65;1.26;2.31;152998.0;38.0;39.0;96.0;4518.0;1000.16;624.99;2.0;1.0;0;1.0;0;0;1.0;0;0;1.0;0;0;1.0;1.0;0;0;0;0;0
76950;2.69;0.95;38.0;3007.0;27.0;40.5;18.0;5.88;17.04;14.39;125.03;112.57;2.31;152998.0;38.0;39.0;95.0;4521.0;1000.16;624.99;2.0;1.0;0;1.0;0;0;1.0;0;0;1.0;0;0;1.0;1.0;0;0;0;0;0
77473;2.33;0.99;38.0;3003.0;27.0;40.5;19.5;4.31;14.07;14.39;237.66;237.93;2.31;152998.0;38.0;39.0;95.0;4515.0;1000.16;624.99;2.0;1.0;0;1.0;0;0;1.0;0;0;1.0;0;0;1.0;1.0;0;0;0;0;0
78018;1.90;0.97;37.0;2963.0;27.0;40.5;18.75;2.74;11.48;14.20;264.47;261.11;2.58;152998.0;38.0;38.0;95.0;4522.0;1000.16;624.99;2.0;1.0;0;1.0;0;0;1.0;0;0;1.0;0;0;1.0;1.0;0;0;0;0;0
78532;1.32;0.95;36.0;2825.0;27.0;40.5;16.5;1.17;7.78;14.48;248.10;212.72;2.31;152998.0;37.0;36.0;95.0;4515.0;1000.16;644.52;2.0;1.0;0;1.0;0;0;1.0;0;0;1.0;0;0;1.0;1.0;0;0;0;0;0
79032;1.32;1.00;33.0;2649.0;27.0;41.25;3.75;0;12.86;14.29;257.44;259.55;2.58;152998.0;34.0;34.0;94.0;4512.0;1000.16;624.99;2.0;1.0;0;1.0;0;0;1.0;0;0;1.0;0;0;1.0;1.0;0;0;0;0;0
79542;1.40;1.00;31.0;2406.0;27.0;41.25;3.0;0;12.77;14.39;241.15;246.62;2.31;152998.0;31.0;31.0;91.0;4516.0;1000.16;624.99;2.0;1.0;0;1.0;0;0;1.0;0;0;1.0;0;0;1.0;1.0;0;0;0;0;0
80096;1.44;1.00;28.0;2182.0;27.0;41.25;4.5;0;12.57;14.48;192.60;189.24;2.31;152998.0;29.0;29.0;78.0;4565.0;1000.16;644.52;2.0;1.0;0;1.0;0;0;1.0;0;0;1.0;0;0;1.0;1.0;0;0;0;0;0
80665;3.78;0.99;27.0;2170.0;27.0;41.25;1.5;7.05;17.63;14.48;139.97;139.61;2.31;152998.0;27.0;27.0;94.0;4522.0;1000.16;624.99;2.0;1.0;0;1.0;0;0;1.0;0;0;1.0;0;0;1.0;1.0;0;0;0;0;0
81255;3.03;0.97;28.0;2180.0;27.0;42.0;9.75;5.88;19.05;14.48;99.91;113.82;2.31;152998.0;28.0;29.0;93.0;4516.0;1000.16;605.46;2.0;1.0;0;1.0;0;0;1.0;0;0;1.0;0;0;1.0;1.0;0;0;0;0;0
81788;1.46;1.00;26.0;2026.0;27.0;42.0;4.5;0;12.54;14.29;69.56;76.16;2.58;152998.0;27.0;27.0;79.0;4538.0;1000.16;624.99;2.0;1.0;0;1.0;0;0;1.0;0;0;1.0;0;0;1.0;1.0;0;0;0;0;0
82306;2.00;0.98;25.0;1993.0;27.0;42.0;9.0;1.56;10.89;14.39;57.57;99.68;2.31;152998.0;25.0;25.0;93.0;4525.0;1000.16;390.62;2.0;1.0;0;1.0;0;0;1.0;0;0;1.0;0;0;1.0;1.0;0;0;0;0;0
82893;2.30;1.00;23.0;1864.0;27.0;42.0;8.25;1.56;11.97;14.29;40.87;65.34;2.58;152998.0;24.0;24.0;93.0;4519.0;1000.16;566.39;2.0;1.0;0;1.0;0;0;1.0;0;0;1.0;0;0;1.0;1.0;0;0;0;0;0
83444;1.96;0.98;23.0;1828.0;27.0;42.75;7.5;1.17;10.43;14.39;25.68;45.99;2.31;152998.0;23.0;23.0;92.0;4517.0;1000.16;585.93;2.0;1.0;0;1.0;0;0;1.0;0;0;1.0;0;0;1.0;1.0;0;0;0;0;0
83965;2.11;0.99;22.0;1756.0;27.0;42.75;7.5;1.17;10.86;14.39;15.91;28.57;2.31;152998.0;22.0;22.0;92.0;4509.0;1000.16;19.53;2.0;1.0;0;1.0;0;0;1.0;0;0;1.0;0;0;1.0;1.0;0;0;0;0;0
84569;2.93;1.00;21.0;1683.0;27.0;42.75;8.25;2.74;15.17;14.39;10.95;19.70;2.31;152998.0;21.0;22.0;92.0;4521.0;1000.16;468.74;2.0;1.0;0;1.0;0;0;1.0;0;0;1.0;0;0;1.0;1.0;0;0;0;0;0
85082;4.09;0.99;23.0;1817.0;27.0;42.75;8.25;6.66;24.26;14.39;6.75;12.20;2.31;152998.0;23.0;24.0;92.0;4504.0;1000.16;703.11;2.0;1.0;0;1.0;0;0;1.0;0;0;1.0;0;0;1.0;1.0;0;0;0;0;0
85656;3.68;0.97;26.0;2058.0;27.0;42.75;9.0;7.05;20.64;14.39;4.37;7.92;2.31;152998.0;25.0;26.0;92.0;4471.0;1000.16;683.58;2.0;1.0;0;1.0;0;0;1.0;0;0;1.0;0;0;1.0;1.0;0;0;0;0;0
86182;3.45;0.94;27.0;2147.0;27.0;43.5;9.75;7.05;20.43;14.48;2.51;4.37;2.31;152998.0;27.0;28.0;92.0;4460.0;1000.16;664.05;2.0;1.0;0;1.0;0;0;1.0;0;0;1.0;0;0;1.0;1.0;0;0;0;0;0
86680;3.22;0.92;30.0;2273.0;27.0;43.5;11.25;6.66;20.44;14.39;1.50;4.88;2.31;152998.0;29.0;30.0;92.0;4476.0;1000.16;644.52;2.0;1.0;0;1.0;0;0;1.0;0;0;1.0;0;0;1.0;1.0;0;0;0;0;0
87190;3.06;0.90;31.0;2449.0;27.0;43.5;11.25;6.66;19.90;14.39;0.82;2.81;2.31;152998.0;31.0;31.0;92.0;4477.0;1000.16;624.99;2.0;1.0;0;1.0;0;0;1.0;0;0;1.0;0;0;1.0;1.0;0;0;0;0;0
87748;3.81;1.00;33.0;2622.0;27.0;44.25;14.25;9.02;22.89;14.29;15.52;6.05;2.58;152998.0;33.0;33.0;91.0;4458.0;1000.16;683.58;2.0;1.0;0;1.0;0;0;1.0;0;0;1.0;0;0;1.0;1.0;0;0;0;0;0
88245;3.48;0.96;36.0;2800.0;27.0;44.25;15.75;9.41;22.70;14.39;184.01;181.47;2.31;152998.0;36.0;36.0;91.0;4524.0;1000.16;683.58;2.0;1.0;0;1.0;0;0;1.0;0;0;1.0;0;0;1.0;1.0;0;0;0;0;0
88768;3.14;0.92;38.0;3013.0;27.0;44.25;18.0;8.62;21.97;14.29;231.99;206.43;2.58;152998.0;37.0;38.0;91.0;4543.0;1000.16;664.05;2.0;1.0;0;1.0;0;0;1.0;0;0;1.0;0;0;1.0;1.0;0;0;0;0;0
89266;3.04;0.88;40.0;3040.0;27.0;44.25;18.0;8.62;22.38;14.29;275.86;259.12;2.58;152998.0;39.0;40.0;91.0;4524.0;1000.16;644.52;2.0;1.0;0;1.0;0;0;1.0;0;0;1.0;0;0;1.0;1.0;0;0;0;0;0
89781;3.61;0.97;41.0;3164.0;27.0;44.25;18.0;10.98;24.13;14.29;294.16;308.65;2.58;152998.0;42.0;41.0;91.0;4507.0;1000.16;664.05;2.0;1.0;0;1.0;0;0;1.0;0;0;1.0;0;0;1.0;1.0;0;0;0;0;0
90314;3.45;0.92;43.0;3287.0;27.0;45.0;20.25;11.37;25.15;14.39;304.45;333.59;2.31;152998.0;43.0;43.0;90.0;4511.0;1000.16;644.52;2.0;1.0;0;1.0;0;0;1.0;0;0;1.0;0;0;1.0;1.0;0;0;0;0;0
90813;4.39;1.00;46.0;3597.0;27.0;45.0;22.5;15.29;28.02;14.39;283.32;343.66;2.31;152998.0;45.0;46.0;90.0;4535.0;1000.16;644.52;2.0;1.0;0;1.0;0;0;1.0;0;0;1.0;0;0;1.0;1.0;0;0;0;0;0
91353;4.88;1.00;47.0;2905.0;27.0;45.0;15.0;15.29;28.95;14.39;261.07;314.92;2.31;152998.0;47.0;48.0;90.0;4477.0;1000.16;644.52;3.0;1.0;0;1.0;0;0;1.0;0;0;1.0;0;0;1.0;1.0;0;0;0;0;0
91900;4.31;0.96;50.0;3084.0;27.0;45.0;14.25;16.47;28.80;14.39;244.49;298.94;2.31;152998.0;50.0;50.0;90.0;4508.0;1000.16;527.33;3.0;1.0;0;1.0;0;0;1.0;0;0;1.0;0;0;1.0;1.0;0;0;0;0;0
92423;4.30;0.98;52.0;3270.0;27.0;45.75;17.25;16.47;29.33;14.39;191.74;231.09;2.31;152998.0;52.0;53.0;89.0;4527.0;1000.16;605.46;3.0;1.0;0;1.0;0;0;1.0;0;0;1.0;0;0;1.0;1.0;0;0;0;0;0
92921;4.09;0.99;55.0;3385.0;27.0;45.75;19.5;15.29;28.27;14.39;78.21;99.38;2.31;152998.0;55.0;55.0;89.0;4515.0;1000.09;644.52;3.0;1.0;0;1.0;0;0;1.0;0;0;1.0;0;0;1.0;1.0;0;0;0;0;0
93444;3.53;0.93;57.0;3554.0;27.0;45.75;24.0;12.94;26.30;14.39;37.34;48.14;2.31;152998.0;57.0;58.0;89.0;4519.0;1000.09;664.05;3.0;1.0;0;1.0;0;0;1.0;0;0;1.0;0;0;1.0;1.0;0;0;0;0;0
93991;3.26;0.86;58.0;3647.0;27.0;45.75;24.0;12.15;25.80;14.39;16.83;21.75;2.31;152998.0;59.0;59.0;89.0;4516.0;1000.12;566.39;3.0;1.0;0;1.0;0;0;1.0;0;0;1.0;0;0;1.0;1.0;0;0;0;0;0
94514;0.59;1.00;61.0;3385.0;27.0;46.5;-30.0;0;0;14.39;7.16;11.56;2.31;152998.0;60.0;61.0;88.0;4629.0;1000.12;488.27;3.0;1.0;0;1.0;0;0;1.0;0;0;0;0;0;0;1.0;0;0;0;0;0
95056;1.32;1.00;58.0;3104.0;27.0;46.5;23.25;1.56;7.96;14.48;4.62;4.88;2.31;152998.0;59.0;59.0;88.0;4198.0;1000.09;703.11;4.0;1.0;0;1.0;0;0;1.0;0;0;0;0;0;1.0;1.0;0;0;0;0;0
95555;1.38;0.99;57.0;3014.0;27.0;46.5;21.0;1.56;7.85;14.48;2.24;4.72;2.31;152998.0;58.0;58.0;88.0;4298.0;1000.12;703.11;4.0;1.0;0;1.0;0;0;1.0;0;0;0;0;0;1.0;1.0;0;0;0;0;0
96076;1.24;0.98;57.0;2981.0;27.0;46.5;21.0;1.56;7.38;14.48;2.42;2.28;2.31;152998.0;57.0;57.0;88.0;4431.0;1000.12;703.11;4.0;1.0;0;1.0;0;0;1.0;0;0;1.0;0;0;1.0;1.0;0;0;0;0;0
96675;1.44;0.96;56.0;2898.0;27.0;47.25;20.25;1.56;8.36;14.48;0.99;7.85;2.31;152998.0;56.0;56.0;87.0;4493.0;1000.09;683.58;4.0;1.0;0;1.0;0;0;1.0;0;0;1.0;0;0;1.0;1.0;0;0;0;0;0
97231;1.35;0.95;56.0;2884.0;27.0;47.25;20.25;1.17;7.84;14.39;64.39;125.08;2.31;152998.0;56.0;56.0;87.0;4505.0;999.97;683.58;4.0;1.0;0;1.0;0;0;1.0;0;0;1.0;0;0;1.0;1.0;0;0;0;0;0
97740;1.49;0.93;56.0;2911.0;27.0;47.25;21.0;1.56;8.67;14.48;92.33;138.33;2.31;152998.0;56.0;56.0;87.0;4500.0;999.89;683.58;4.0;1.0;0;1.0;0;0;1.0;0;0;1.0;0;0;1.0;1.0;0;0;0;0;0
98239;2.11;0.92;56.0;2892.0;27.0;47.25;20.25;3.92;13.81;14.39;95.44;190.43;2.31;152998.0;56.0;56.0;87.0;4499.0;999.97;468.74;4.0;1.0;0;1.0;0;0;1.0;0;0;1.0;0;0;1.0;1.0;0;0;0;0;0
98770;2.33;0.93;56.0;2971.0;27.0;48.0;21.75;4.70;15.86;14.39;128.50;181.25;2.31;152999.0;56.0;57.0;86.0;4506.0;999.89;664.05;4.0;1.0;0;1.0;0;0;1.0;0;0;1.0;0;0;1.0;1.0;0;0;0;0;0
99308;2.36;0.93;57.0;2979.0;27.0;48.0;21.75;5.09;16.14;14.39;209.92;229.30;2.31;152999.0;57.0;58.0;86.0;4510.0;999.85;683.58;4.0;1.0;0;1.0;0;0;1.0;0;0;1.0;0;0;1.0;1.0;0;0;0;0;0
99814;2.23;0.90;58.0;3097.0;27.0;48.0;24.0;5.09;16.00;14.39;281.68;276.11;2.31;152999.0;59.0;59.0;86.0;4519.0;999.77;703.11;4.0;1.0;0;1.0;0;0;1.0;0;0;1.0;0;0;1.0;1.0;0;0;0;0;0
100390;2.11;0.87;61.0;3162.0;27.0;48.0;25.5;4.70;15.50;14.48;316.85;317.96;2.31;152999.0;61.0;61.0;86.0;4525.0;999.81;683.58;4.0;1.0;0;1.0;0;0;1.0;0;0;0;0;0;1.0;1.0;0;0;0;0;0
100970;1.60;0.85;61.0;3136.0;27.0;48.0;25.5;3.92;12.09;14.48;334.21;333.47;2.31;152999.0;62.0;62.0;86.0;4519.0;999.85;683.58;4.0;1.0;0;1.0;0;0;1.0;0;0;0;0;0;1.0;1.0;0;0;0;0;0
101489;0.57;0.82;62.0;3164.0;27.0;48.75;25.5;0.78;6.08;14.39;325.29;344.93;2.31;152999.0;62.0;63.0;86.0;4541.0;999.89;703.11;4.0;1.0;0;1.0;0;0;1.0;0;0;0;0;0;1.0;1.0;0;0;0;0;0
102045;0.96;1.00;61.0;3183.0;27.0;48.75;10.5;0;11.89;14.39;325.83;328.94;2.31;152999.0;62.0;62.0;86.0;4524.0;999.97;585.93;4.0;1.0;0;1.0;0;0;1.0;0;0;0;0;0;1.0;1.0;0;0;0;0;0
102550;0.97;1.00;61.0;3186.0;27.0;48.75;10.5;0;11.82;14.39;336.61;332.61;2.31;152999.0;61.0;61.0;86.0;4511.0;1000.05;605.46;4.0;1.0;0;1.0;0;0;1.0;0;0;0;0;0;1.0;1.0;0;0;0;0;0
103063;1.01;1.00;58.0;3075.0;27.0;49.5;9.0;0;11.94;14.29;220.78;221.09;2.58;152999.0;59.0;59.0;85.0;4511.0;1000.09;624.99;4.0;1.0;0;1.0;0;0;1.0;0;0;0;0;0;1.0;1.0;0;0;0;0;0
103564;1.03;1.00;56.0;2970.0;27.0;49.5;8.25;0;11.96;14.29;111.24;117.45;2.58;152999.0;57.0;56.0;85.0;4517.0;1000.09;546.86;4.0;1.0;0;1.0;0;0;1.0;0;0;1.0;0;0;1.0;1.0;0;0;0;0;0
104140;1.20;1.00;53.0;2827.0;27.0;49.5;4.5;0;11.96;14.48;59.05;62.33;2.31;152999.0;54.0;54.0;85.0;4510.0;1000.12;214.84;4.0;1.0;0;1.0;0;0;1.0;0;0;1.0;0;0;1.0;1.0;0;0;0;0;0
104640;1.25;1.00;51.0;2692.0;27.0;49.5;4.5;0;11.96;14.48;28.14;32.43;2.31;152999.0;51.0;51.0;85.0;4495.0;1000.12;0;4.0;1.0;0;1.0;0;0;1.0;0;0;1.0;0;0;1.0;1.0;0;0;0;0;0
105140;1.37;1.00;50.0;2559.0;27.0;49.5;4.5;0;12.34;14.48;15.70;18.10;2.31;152999.0;49.0;50.0;85.0;4556.0;1000.16;703.11;3.0;1.0;0;1.0;0;0;1.0;0;0;1.0;0;0;1.0;1.0;0;0;0;0;0
105661;1.21;1.00;46.0;2820.0;27.0;50.25;5.25;0;12.27;14.39;13.71;11.62;2.31;152999.0;46.0;46.0;84.0;4517.0;1000.16;546.86;3.0;1.0;0;1.0;0;0;1.0;0;0;1.0;0;0;1.0;1.0;0;0;0;0;0
106160;1.22;1.00;45.0;2722.0;27.0;50.25;4.5;0;11.87;14.39;7.18;6.11;2.31;152999.0;45.0;45.0;84.0;4506.0;1000.16;19.53;3.0;1.0;0;1.0;0;0;1.0;0;0;1.0;0;0;1.0;1.0;0;0;0;0;0
106668;3.28;1.00;41.0;2555.0;27.0;50.25;8.25;3.92;12.27;14.39;3.96;5.56;2.31;152999.0;42.0;42.0;84.0;4501.0;1000.16;781.24;3.0;1.0;0;1.0;0;0;1.0;0;0;1.0;0;0;1.0;1.0;0;0;0;0;0
107189;1.13;1.00;38.0;2989.0;27.0;50.25;6.0;0;12.16;14.29;18.18;5.13;2.58;152999.0;38.0;38.0;84.0;4548.0;1000.16;566.39;2.0;1.0;0;1.0;0;0;1.0;0;0;1.0;0;0;1.0;1.0;0;0;0;0;0
107702;1.20;1.00;33.0;2667.0;27.0;50.25;4.5;0;11.92;14.29;12.12;2.79;2.58;152999.0;34.0;34.0;84.0;4508.0;1000.16;0;2.0;1.0;0;1.0;0;0;1.0;0;0;1.0;0;0;1.0;1.0;0;0;0;0;0
108200;1.32;1.00;31.0;2425.0;27.0;50.25;3.75;0;12.04;14.39;14.39;3.67;2.31;152999.0;32.0;31.0;78.0;4516.0;1000.16;0;2.0;1.0;0;1.0;0;0;1.0;0;0;1.0;0;0;1.0;1.0;0;0;0;0;0
108721;2.46;1.00;30.0;2420.0;27.0;50.25;15.75;2.74;10.34;14.48;20.58;12.51;2.31;152999.0;30.0;30.0;80.0;4510.0;1000.16;800.77;2.0;1.0;0;1.0;0;0;1.0;0;0;1.0;0;0;1.0;1.0;0;0;0;0;0
109226;2.43;0.98;30.0;2391.0;27.0;51.0;15.0;3.52;14.51;14.48;17.90;15.31;2.31;152999.0;30.0;31.0;83.0;4523.0;1000.24;742.17;2.0;1.0;0;1.0;0;0;1.0;0;0;1.0;0;0;1.0;1.0;0;0;0;0;0
109728;2.77;0.96;31.0;2373.0;27.0;51.0;15.0;3.92;15.47;14.39;44.35;99.40;2.31;152999.0;31.0;31.0;83.0;4495.0;1000.44;761.70;2.0;1.0;0;1.0;0;0;1.0;0;0;1.0;0;0;1.0;1.0;0;0;0;0;0
110254;2.95;0.98;32.0;2516.0;27.0;51.0;16.5;5.49;18.62;14.48;95.67;120.81;2.31;152999.0;32.0;33.0;83.0;4451.0;1000.67;761.70;2.0;1.0;0;1.0;0;0;1.0;0;0;1.0;0;0;1.0;1.0;0;0;0;0;0
110752;3.34;0.95;33.0;2714.0;27.0;51.0;18.0;8.62;22.81;14.48;114.91;123.93;2.31;152999.0;33.0;34.0;83.0;4482.0;1000.87;761.70;2.0;1.0;0;1.0;0;0;1.0;0;0;1.0;0;0;1.0;1.0;0;0;0;0;0
111312;3.83;0.98;37.0;2891.0;27.0;51.0;18.0;11.76;25.89;14.20;208.91;224.61;2.58;152999.0;36.0;37.0;83.0;4525.0;1001.02;761.70;2.0;1.0;0;1.0;0;0;1.0;0;0;1.0;0;0;1.0;1.0;0;0;0;0;0
111887;4.10;0.97;41.0;3182.0;27.0;51.0;19.5;15.29;29.18;14.39;265.49;298.00;2.31;152999.0;41.0;42.0;83.0;4541.0;1001.10;644.52;2.0;1.0;0;1.0;0;0;1.0;0;0;1.0;0;0;1.0;1.0;0;0;0;0;0
112425;3.88;0.95;45.0;3464.0;27.0;51.0;22.5;15.29;28.58;14.39;320.19;304.86;2.31;152999.0;44.0;45.0;83.0;4519.0;1001.10;703.11;2.0;1.0;0;1.0;0;0;1.0;0;0;1.0;0;0;1.0;1.0;0;0;0;0;0
112940;3.80;0.94;50.0;4038.0;27.0;51.75;27.0;15.29;28.75;14.20;329.74;338.20;2.58;152999.0;51.0;49.0;82.0;4639.0;1001.22;703.11;2.0;1.0;0;1.0;0;0;1.0;0;0;1.0;0;0;1.0;1.0;0;0;0;0;0
113440;4.04;0.94;51.0;3919.0;27.0;51.75;29.25;16.47;29.71;14.29;308.59;336.67;2.58;152999.0;51.0;52.0;82.0;4569.0;1001.22;742.17;2.0;1.0;0;1.0;0;0;1.0;0;0;0;0;0;1.0;1.0;0;0;0;0;0
113996;5.49;1.00;52.0;3559.0;27.0;51.75;27.0;12.15;24.83;14.29;277.57;332.01;2.58;152999.0;52.0;53.0;82.0;4469.0;1001.26;722.64;3.0;1.0;0;1.0;0;0;1.0;0;0;1.0;0;0;1.0;1.0;0;0;0;0;0
114553;4.16;0.96;56.0;3529.0;27.0;51.75;23.25;16.86;29.99;14.39;315.48;347.24;2.31;152999.0;56.0;57.0;82.0;4465.0;1001.34;664.05;3.0;1.0;0;1.0;0;0;1.0;0;0;1.0;0;0;1.0;1.0;0;0;0;0;0
115078;4.49;0.95;58.0;3606.0;27.0;51.75;22.5;19.61;31.04;14.39;327.22;329.04;2.31;152999.0;58.0;59.0;82.0;4470.0;1001.34;761.70;3.0;1.0;0;1.0;0;0;1.0;0;0;1.0;0;0;1.0;1.0;0;0;0;0;0
115600;6.51;1.00;61.0;3803.0;27.0;51.75;25.5;17.64;31.76;14.39;326.34;297.22;2.31;152999.0;60.0;61.0;82.0;4518.0;1001.38;722.64;4.0;1.0;0;1.0;0;0;1.0;0;0;0;0;0;1.0;1.0;0;0;0;0;0
116102;3.96;0.99;63.0;3290.0;27.0;52.5;21.0;16.08;27.86;14.39;197.33;193.50;2.31;152999.0;63.0;64.0;81.0;4518.0;1001.38;722.64;4.0;1.0;0;1.0;0;0;1.0;0;0;0;0;0;1.0;1.0;0;0;0;0;0
116642;3.47;0.99;65.0;3429.0;27.0;52.5;24.75;11.76;24.77;14.39;99.13;92.47;2.31;152999.0;64.0;66.0;81.0;4498.0;1001.38;742.17;4.0;1.0;0;1.0;0;0;1.0;0;0;0;0;0;1.0;1.0;0;0;0;0;0
117222;3.06;0.93;66.0;3479.0;27.0;52.5;26.25;10.58;23.16;14.29;40.40;43.41;2.58;152999.0;66.0;67.0;81.0;4509.0;1001.41;722.64;4.0;1.0;0;1.0;0;0;1.0;0;0;0;0;0;1.0;1.0;0;0;0;0;0
117743;2.85;0.87;67.0;3601.0;27.0;52.5;27.0;10.58;22.73;14.48;20.33;20.66;2.31;152999.0;67.0;68.0;81.0;4524.0;1001.41;703.11;4.0;1.0;0;1.0;0;0;1.0;0;0;0;0;0;1.0;1.0;0;0;0;0;0
118289;2.36;0.81;68.0;3586.0;27.0;52.5;30.0;8.23;20.71;14.48;9.12;9.27;2.31;152999.0;68.0;68.0;81.0;4508.0;1001.41;605.46;4.0;1.0;0;1.0;0;0;1.0;0;0;0;0;0;1.0;1.0;0;0;0;0;0
118813;2.10;0.78;68.0;3616.0;27.0;53.25;31.5;7.05;18.76;14.48;3.61;5.58;2.31;152999.0;69.0;69.0;81.0;4511.0;1001.41;644.52;4.0;1.0;0;1.0;0;0;1.0;0;0;0;0;0;1.0;1.0;0;0;0;0;0
119367;1.95;0.77;68.0;3557.0;27.0;53.25;33.0;6.27;17.69;14.39;1.52;6.42;2.31;152999.0;68.0;69.0;81.0;4516.0;1001.41;664.05;4.0;1.0;0;1.0;0;0;1.0;0;0;0;0;0;1.0;1.0;0;0;0;0;0
119884;1.79;0.76;68.0;3528.0;27.0;54.0;33.0;5.49;16.27;14.48;0.46;2.38;2.31;152999.0;68.0;69.0;80.0;4513.0;1001.41;605.46;4.0;1.0;0;1.0;0;0;1.0;0;0;0;0;0;1.0;1.0;0;0;0;0;0
120405;1.22;0.77;67.0;3419.0;27.0;54.0;33.75;3.13;10.84;14.48;1.66;1.05;2.31;152999.0;67.0;68.0;80.0;4529.0;1001.41;585.93;4.0;1.0;0;1.0;0;0;1.0;0;0;0;0;0;1.0;1.0;0;0;0;0;0
120954;1.04;0.77;66.0;3461.0;27.0;54.0;34.5;2.74;9.51;14.48;0.68;0.35;2.31;152999.0;66.0;66.0;80.0;4525.0;1001.41;175.77;4.0;1.0;0;1.0;0;0;1.0;0;0;0;0;0;1.0;1.0;0;0;0;0;0
121520;1.12;0.78;65.0;3352.0;27.0;54.0;33.0;2.35;9.51;14.39;1.60;0.07;2.31;152999.0;65.0;65.0;80.0;4521.0;1001.41;468.74;4.0;1.0;0;1.0;0;0;1.0;0;0;0;0;0;1.0;1.0;0;0;0;0;0
122034;1.66;0.80;63.0;3398.0;27.0;54.0;31.5;4.70;14.17;14.48;0.54;0;2.31;152999.0;63.0;64.0;80.0;4500.0;1001.41;0;4.0;1.0;0;1.0;0;0;1.0;0;0;0;0;0;1.0;1.0;0;0;0;0;0
122532;1.92;0.83;62.0;3220.0;27.0;54.75;28.5;5.49;15.74;14.39;58.06;14.27;2.31;152999.0;63.0;63.0;79.0;4504.0;1001.41;0;4.0;1.0;0;1.0;0;0;1.0;0;0;0;0;0;1.0;1.0;0;0;0;0;0
123086;2.05;0.86;62.0;3230.0;27.0;54.75;28.5;5.49;16.33;14.48;132.33;166.94;2.31;152999.0;63.0;63.0;79.0;4508.0;1001.41;722.64;4.0;1.0;0;1.0;0;0;1.0;0;0;0;0;0;1.0;1.0;0;0;0;0;0
123604;2.0;0.84;63.0;3329.0;27.0;54.75;30.75;5.88;16.39;14.39;266.21;238.30;2.31;152999.0;63.0;63.0;79.0;4516.0;1001.41;761.70;4.0;1.0;0;1.0;0;0;1.0;0;0;0;0;0;1.0;1.0;0;0;0;0;0
124104;1.85;0.81;63.0;3348.0;27.0;55.5;32.25;5.49;16.03;14.48;312.89;282.54;2.31;152999.0;63.0;64.0;78.0;4509.0;1001.41;742.17;4.0;1.0;0;1.0;0;0;1.0;0;0;0;0;0;1.0;1.0;0;0;0;0;0
124675;1.81;0.80;63.0;3271.0;27.0;55.5;30.0;5.09;15.78;14.58;313.45;327.61;2.31;152999.0;63.0;64.0;78.0;4511.0;1001.41;58.59;4.0;1.0;0;1.0;0;0;1.0;0;0;0;0;0;1.0;1.0;0;0;0;0;0
125250;1.43;0.82;63.0;3331.0;27.0;55.5;32.25;3.52;11.85;14.58;342.59;337.24;2.31;152999.0;63.0;63.0;78.0;4521.0;1001.41;742.17;4.0;1.0;0;1.0;0;0;1.0;0;0;0;0;0;1.0;1.0;0;0;0;0;0
125806;1.29;0.82;62.0;3261.0;27.0;55.5;32.25;3.13;10.60;14.48;345.07;300.17;2.31;152999.0;62.0;62.0;78.0;4516.0;1001.41;585.93;4.0;1.0;0;1.0;0;0;1.0;0;0;0;0;0;1.0;1.0;0;0;0;0;0
126326;0.91;1.00;61.0;3173.0;27.0;55.5;11.25;0;11.61;14.48;338.39;306.79;2.31;152999.0;60.0;61.0;78.0;4522.0;1001.41;624.99;4.0;1.0;0;1.0;0;0;1.0;0;0;0;0;0;1.0;1.0;0;0;0;0;0
126872;0.96;1.00;57.0;3078.0;27.0;56.25;-30.0;0;0;14.48;238.93;194.85;2.31;152999.0;58.0;58.0;77.0;4540.0;1001.41;0;4.0;1.0;0;1.0;0;0;1.0;0;0;0;0;0;1.0;1.0;0;0;0;0;0
127395;1.02;1.00;56.0;2879.0;27.0;56.25;-30.0;0;0;14.58;126.92;98.17;2.31;152999.0;56.0;56.0;77.0;4548.0;1001.41;0;4.0;1.0;0;1.0;0;0;1.0;0;0;1.0;0;0;1.0;1.0;0;0;0;0;0
127986;1.05;1.00;53.0;2800.0;27.0;56.25;-30.0;0;0;14.48;57.51;52.84;2.31;152999.0;54.0;54.0;77.0;4550.0;1001.41;0;4.0;1.0;0;1.0;0;0;1.0;0;0;1.0;0;0;1.0;1.0;0;0;0;0;0
128555;1.26;1.00;51.0;2664.0;27.0;56.25;4.5;0;11.59;14.39;31.13;25.21;2.31;152999.0;51.0;51.0;77.0;4197.0;1001.41;19.53;4.0;1.0;0;1.0;0;0;1.0;0;0;1.0;0;0;1.0;1.0;0;0;0;0;0
129110;1.27;1.00;48.0;2549.0;27.0;57.0;3.75;0;11.53;14.48;19.70;14.80;2.31;152999.0;48.0;48.0;76.0;4309.0;1001.41;39.06;4.0;1.0;0;1.0;0;0;1.0;0;0;1.0;0;0;1.0;1.0;0;0;0;0;0
129614;1.28;1.00;46.0;2299.0;27.0;57.0;3.75;0;11.73;14.48;12.08;11.22;2.31;152999.0;47.0;46.0;70.0;4460.0;1001.41;859.36;3.0;1.0;0;1.0;0;0;1.0;0;0;1.0;0;0;1.0;1.0;0;0;0;0;0
130113;1.23;1.00;43.0;2674.0;27.0;57.0;4.5;0;11.55;14.48;11.22;7.92;2.31;152999.0;44.0;44.0;76.0;4482.0;1001.41;722.64;3.0;1.0;0;1.0;0;0;1.0;0;0;1.0;0;0;1.0;1.0;0;0;0;0;0
130635;1.22;1.00;41.0;2560.0;27.0;57.0;3.75;0;11.48;14.48;8.20;5.89;2.31;152999.0;42.0;41.0;76.0;4498.0;1001.45;566.39;3.0;1.0;0;1.0;0;0;1.0;0;0;1.0;0;0;1.0;1.0;0;0;0;0;0
131135;1.20;1.00;37.0;2362.0;27.0;57.0;4.5;0;11.41;14.48;4.76;7.85;2.31;152999.0;37.0;38.0;66.0;4557.0;1001.69;39.06;3.0;1.0;0;1.0;0;0;1.0;0;0;1.0;0;0;1.0;1.0;0;0;0;0;0
131657;1.34;1.00;35.0;2187.0;27.0;57.0;4.5;0;11.47;14.48;7.26;9.78;2.31;152999.0;35.0;35.0;64.0;4543.0;1001.61;19.53;3.0;1.0;0;1.0;0;0;1.0;0;0;1.0;0;0;1.0;1.0;0;0;0;0;0
132172;1.45;1.00;32.0;1946.0;27.0;57.0;3.75;0;11.48;14.39;8.78;14.27;2.31;152999.0;32.0;32.0;64.0;4512.0;1001.57;781.24;3.0;1.0;0;1.0;0;0;1.0;0;0;1.0;0;0;1.0;1.0;0;0;0;0;0
132672;1.66;1.00;30.0;1838.0;27.0;57.0;3.0;0;11.43;14.48;7.71;18.76;2.31;152999.0;30.0;30.0;66.0;4509.0;1001.69;820.30;3.0;1.0;0;1.0;0;0;1.0;0;0;1.0;0;0;1.0;1.0;0;0;0;0;0
133193;1.6;0.99;28.0;1776.0;27.0;57.75;3.75;0;11.37;14.48;12.92;19.84;2.31;152999.0;29.0;29.0;62.0;4524.0;1001.73;820.30;3.0;1.0;0;1.0;0;0;1.0;0;0;1.0;0;0;1.0;1.0;0;0;0;0;0
133695;1.98;0.98;27.0;1422.0;27.0;57.75;3.75;0;11.52;14.39;10.64;14.00;2.31;152999.0;28.0;28.0;65.0;4504.0;1001.77;78.12;2.0;1.0;0;1.0;0;0;1.0;0;0;1.0;0;0;1.0;1.0;0;0;0;0;0
134219;1.63;0.98;27.0;2135.0;27.0;57.75;15.75;1.17;9.82;14.48;6.91;11.54;2.31;152999.0;27.0;27.0;76.0;4534.0;1001.92;195.31;2.0;1.0;0;1.0;0;0;1.0;0;0;1.0;0;0;1.0;1.0;0;0;0;0;0
134769;2.04;0.99;27.0;2097.0;27.0;57.75;15.0;1.96;12.64;14.48;4.21;7.12;2.31;152999.0;27.0;27.0;76.0;4530.0;1001.92;800.77;2.0;1.0;0;1.0;0;0;1.0;0;0;1.0;0;0;0;1.0;0;0;0;0;0
135336;2.01;0.97;27.0;2096.0;27.0;57.75;15.0;1.96;12.65;14.48;2.55;6.26;2.31;152999.0;27.0;27.0;76.0;4515.0;1002.00;781.24;2.0;1.0;0;1.0;0;0;1.0;0;0;1.0;0;0;1.0;1.0;0;0;0;0;0
135833;2.64;0.95;27.0;2202.0;27.0;57.75;15.75;3.13;15.30;14.39;3.33;3.41;2.31;152999.0;28.0;28.0;76.0;4509.0;1002.20;624.99;2.0;1.0;0;1.0;0;0;1.0;0;0;1.0;0;0;1.0;1.0;0;0;0;0;0
136355;2.81;0.95;28.0;2297.0;27.0;57.75;16.5;5.09;18.56;14.48;4.23;3.74;2.31;152999.0;29.0;29.0;76.0;4458.0;1002.20;820.30;2.0;1.0;0;1.0;0;0;1.0;0;0;1.0;0;0;1.0;1.0;0;0;0;0;0
136872;3.30;0.98;31.0;2447.0;27.0;57.75;18.75;7.45;22.26;14.48;2.14;1.91;2.31;152999.0;31.0;31.0;76.0;4418.0;1002.35;839.83;2.0;1.0;0;1.0;0;0;1.0;0;0;1.0;0;0;1.0;1.0;0;0;0;0;0
137388;3.02;0.95;33.0;2672.0;27.0;58.5;21.0;7.45;21.76;14.39;55.48;43.86;2.31;152999.0;33.0;34.0;75.0;4471.0;1002.43;800.77;2.0;1.0;0;1.0;0;0;1.0;0;0;1.0;0;0;1.0;1.0;0;0;0;0;0
137909;2.84;0.91;36.0;2769.0;27.0;58.5;23.25;7.05;21.65;14.48;87.57;144.48;2.31;152999.0;35.0;36.0;75.0;4528.0;1002.47;800.77;2.0;1.0;0;1.0;0;0;1.0;0;0;1.0;0;0;1.0;1.0;0;0;0;0;0
138422;2.51;0.97;37.0;2859.0;27.0;58.5;24.75;5.49;18.02;14.39;149.18;168.07;2.31;152999.0;38.0;37.0;75.0;4542.0;1002.51;800.77;2.0;1.0;0;1.0;0;0;1.0;0;0;1.0;0;0;1.0;1.0;0;0;0;0;0
138920;2.32;0.94;38.0;2961.0;27.0;58.5;26.25;5.09;17.08;14.48;120.16;129.69;2.31;152999.0;39.0;39.0;75.0;4522.0;1002.55;800.77;2.0;1.0;0;1.0;0;0;1.0;0;0;1.0;0;0;1.0;1.0;0;0;0;0;0
139446;2.08;0.91;38.0;3029.0;27.0;58.5;27.0;4.31;15.56;14.39;122.33;133.83;2.31;152999.0;39.0;39.0;75.0;4531.0;1002.59;781.24;2.0;1.0;0;1.0;0;0;1.0;0;0;1.0;0;0;1.0;1.0;0;0;0;0;0
139952;3.26;1.00;40.0;3206.0;27.0;58.5;28.5;7.45;21.11;14.48;169.55;162.43;2.31;152999.0;40.0;40.0;75.0;4495.0;1002.59;820.30;2.0;1.0;0;1.0;0;0;1.0;0;0;1.0;0;0;1.0;1.0;0;0;0;0;0
140452;3.90;0.99;43.0;3390.0;27.0;58.5;26.25;13.72;27.79;14.39;255.45;263.08;2.31;152999.0;43.0;44.0;75.0;4512.0;1002.59;781.24;2.0;1.0;0;1.0;0;0;1.0;0;0;1.0;0;0;1.0;1.0;0;0;0;0;0
140975;3.64;0.92;47.0;3740.0;27.0;58.5;28.5;15.29;28.65;14.48;309.66;316.28;2.31;152999.0;46.0;48.0;75.0;4551.0;1002.63;644.52;2.0;1.0;0;1.0;0;0;1.0;0;0;1.0;0;0;1.0;1.0;0;0;0;0;0
141495;3.60;0.93;50.0;3923.0;27.0;59.25;29.25;14.90;28.17;14.48;340.17;324.02;2.31;152999.0;49.0;50.0;74.0;4587.0;1002.55;703.11;2.0;1.0;0;1.0;0;0;1.0;0;0;0;0;0;1.0;1.0;0;0;0;0;0
142049;4.92;1.00;52.0;3297.0;27.0;59.25;27.75;10.98;25.57;14.48;319.70;341.11;2.31;152999.0;51.0;52.0;74.0;4445.0;1002.55;781.24;3.0;1.0;0;1.0;0;0;1.0;0;0;1.0;0;0;1.0;1.0;0;0;0;0;0
142597;3.73;0.96;55.0;3328.0;27.0;59.25;24.75;13.72;27.93;14.39;336.36;347.94;2.31;152999.0;54.0;55.0;74.0;4482.0;1002.59;742.17;3.0;1.0;0;1.0;0;0;1.0;0;0;1.0;0;0;1.0;1.0;0;0;0;0;0
143177;2.44;0.99;57.0;3484.0;27.0;59.25;35.25;6.27;19.34;14.39;340.40;346.77;2.31;152999.0;56.0;57.0;74.0;4506.0;1002.59;800.77;3.0;1.0;0;1.0;0;0;1.0;0;0;1.0;0;0;1.0;1.0;0;0;0;0;0
143692;1.52;0.98;56.0;3424.0;27.0;59.25;35.25;2.74;11.11;14.29;340.73;351.09;2.58;152999.0;57.0;57.0;74.0;4534.0;1002.63;800.77;3.0;1.0;0;1.0;0;0;1.0;0;0;1.0;0;0;1.0;1.0;0;0;0;0;0
144212;1.01;0.96;55.0;3431.0;27.0;60.0;34.5;0.78;7.33;14.48;287.40;319.41;2.31;152999.0;55.0;55.0;73.0;4541.0;1002.63;781.24;3.0;1.0;0;1.0;0;0;1.0;0;0;0;0;0;1.0;1.0;0;0;0;0;0
144815;0.93;1.00;52.0;3169.0;27.0;60.0;-30.0;0;0;14.48;145.63;169.26;2.31;152999.0;52.0;52.0;73.0;4548.0;1002.63;0;3.0;1.0;0;1.0;0;0;1.0;0;0;1.0;0;0;1.0;1.0;0;0;0;0;0
145330;2.66;1.00;48.0;3239.0;27.0;60.0;9.0;5.09;11.57;14.48;72.65;72.76;2.31;152999.0;49.0;49.0;73.0;4213.0;1002.63;781.24;3.0;1.0;0;1.0;0;0;1.0;0;0;1.0;0;0;1.0;1.0;0;0;0;0;0
145931;2.51;0.99;47.0;2908.0;27.0;60.0;17.25;4.70;14.77;14.48;36.54;38.59;2.31;152999.0;48.0;48.0;73.0;4269.0;1002.63;781.24;3.0;1.0;0;1.0;0;0;1.0;0;0;1.0;0;0;1.0;1.0;0;0;0;0;0
146438;1.44;0.96;46.0;2733.0;27.0;60.0;24.75;1.56;9.48;14.39;17.40;19.33;2.31;152999.0;47.0;47.0;73.0;4413.0;1002.63;800.77;3.0;1.0;0;1.0;0;0;1.0;0;0;1.0;0;0;1.0;1.0;0;0;0;0;0
146937;1.17;1.00;43.0;2620.0;27.0;60.0;3.75;0;11.37;14.39;9.15;14.53;2.31;152999.0;44.0;44.0;73.0;4493.0;1002.63;761.70;3.0;1.0;0;1.0;0;0;1.0;0;0;1.0;0;0;1.0;1.0;0;0;0;0;0
147463;1.24;1.00;41.0;2508.0;27.0;60.0;3.75;0;11.39;14.48;6.58;8.04;2.31;152999.0;42.0;41.0;73.0;4508.0;1002.63;703.11;3.0;1.0;0;1.0;0;0;1.0;0;0;1.0;0;0;1.0;1.0;0;0;0;0;0
147983;1.24;1.00;37.0;2315.0;27.0;60.0;3.75;0;11.21;14.39;11.38;9.99;2.31;152999.0;38.0;38.0;62.0;4584.0;1002.63;644.52;3.0;1.0;0;1.0;0;0;1.0;0;0;1.0;0;0;1.0;1.0;0;0;0;0;0
148486;1.33;1.00;33.0;2070.0;27.0;60.75;3.0;0;11.19;14.29;107.31;21.89;2.58;152999.0;34.0;33.0;61.0;4551.0;1002.63;117.18;3.0;1.0;0;1.0;0;0;1.0;0;0;1.0;0;0;1.0;1.0;0;0;0;0;0
148998;1.73;0.99;30.0;1733.0;27.0;60.75;12.0;0.78;10.37;14.29;70.36;18.43;2.58;152999.0;30.0;30.0;72.0;4528.0;1002.63;742.17;3.0;1.0;0;1.0;0;0;1.0;0;0;1.0;0;0;1.0;1.0;0;0;0;0;0
149497;1.32;1.00;27.0;2172.0;27.0;60.75;4.5;0;11.29;14.39;52.73;12.01;2.31;152999.0;28.0;28.0;61.0;4513.0;1002.63;781.24;2.0;1.0;0;1.0;0;0;1.0;0;0;1.0;0;0;1.0;1.0;0;0;0;0;0
150023;1.44;1.00;23.0;1899.0;27.0;60.75;3.75;0;11.31;14.48;69.33;15.64;2.31;152999.0;24.0;24.0;61.0;4516.0;1002.63;742.17;2.0;1.0;0;1.0;0;0;1.0;0;0;1.0;0;0;1.0;1.0;0;0;0;0;0
150580;1.77;0.98;20.0;1565.0;27.0;60.75;3.75;0;11.22;14.39;47.90;16.42;2.31;152999.0;20.0;21.0;62.0;4501.0;1002.63;742.17;2.0;1.0;0;1.0;0;0;1.0;0;0;1.0;0;0;1.0;1.0;0;0;0;0;0
151078;2.04;0.97;17.0;1342.0;27.0;61.5;4.5;0;11.61;14.48;33.72;13.10;2.31;152999.0;17.0;17.0;62.0;4478.0;1002.63;722.64;2.0;1.0;0;1.0;0;0;1.0;0;0;1.0;0;0;1.0;1.0;0;0;0;0;0
151593;1.84;0.95;13.0;1369.0;27.0;61.5;3.0;0;11.13;14.20;32.00;16.42;2.58;152999.0;14.0;14.0;61.0;4493.0;1002.63;761.70;1.0;1.0;0;1.0;0;0;1.0;0;0;1.0;0;0;1.0;1.0;0;0;0;0;0
152115;1.85;0.94;11.0;1303.0;27.0;61.5;5.25;0;11.65;14.39;23.27;11.93;2.31;152999.0;11.0;11.0;61.0;4493.0;1002.63;214.84;1.0;1.0;0;1.0;0;0;1.0;0;0;1.0;0;0;1.0;1.0;0;0;0;0;0
152618;1.81;0.93;7.0;1346.0;27.0;61.5;3.75;0;11.26;14.48;16.93;9.12;2.31;152999.0;7.0;7.0;60.0;4506.0;1002.63;722.64;1.0;1.0;0;1.0;0;0;1.0;0;0;1.0;0;0;1.0;1.0;0;0;0;0;0
153139;1.94;0.92;5.0;1345.0;27.0;61.5;4.5;0;11.60;14.39;12.98;6.60;2.31;152999.0;5.0;5.0;61.0;4520.0;1002.63;156.24;1.0;1.0;0;1.0;0;0;1.0;0;0;1.0;0;0;1.0;1.0;0;0;0;0;0
153697;2.03;0.93;0;1309.0;27.0;61.5;5.25;0;11.75;14.48;9.39;5.03;2.31;152999.0;0;0;62.0;4505.0;1002.63;19.53;1.0;1.0;0;1.0;0;0;1.0;0;0;1.0;0;0;1.0;1.0;0;0;0;0;0
154209;2.02;0.95;0;1337.0;27.0;61.5;4.5;0;11.74;14.39;10.35;58.60;2.31;152999.0;0;0;62.0;4514.0;1002.63;0;1.0;1.0;0;1.0;0;0;1.0;0;0;1.0;0;0;1.0;1.0;0;0;0;0;0
154777;1.88;0.96;0;1339.0;27.75;61.5;4.5;0;11.72;14.39;9.84;113.58;2.31;152999.0;0;0;63.0;4506.0;1002.63;624.99;1.0;1.0;0;1.0;0;0;1.0;0;0;1.0;0;0;1.0;1.0;0;0;0;0;0
155350;2.02;0.96;0;1331.0;27.75;62.25;4.5;0;11.71;14.39;51.22;111.77;2.31;152999.0;0;0;62.0;4508.0;1002.63;644.52;1.0;1.0;0;1.0;0;0;1.0;0;0;1.0;0;0;1.0;1.0;0;0;0;0;0
155849;1.85;0.95;0;1352.0;27.75;62.25;3.75;0;11.37;14.39;39.33;180.49;2.31;152999.0;0;0;63.0;4512.0;1002.63;683.58;1.0;1.0;0;1.0;0;0;1.0;0;0;1.0;0;0;1.0;1.0;0;0;0;0;0
156373;1.95;0.93;0;1273.0;27.75;62.25;6.75;0;12.26;14.29;33.08;169.36;2.58;152999.0;0;0;63.0;4515.0;1002.63;39.06;1.0;1.0;0;1.0;0;0;1.0;0;0;1.0;0;0;1.0;1.0;0;0;0;0;0
156870;2.36;0.95;0;1482.0;27.75;62.25;12.0;1.56;14.75;14.39;118.11;130.81;2.31;152999.0;0;0;71.0;4591.0;1002.63;800.77;1.0;1.0;0;1.0;0;0;1.0;0;0;1.0;0;0;1.0;1.0;0;0;0;0;0
157393;2.36;0.94;0;1659.0;27.75;62.25;12.0;2.35;15.04;14.48;149.03;120.01;2.31;152999.0;0;0;70.0;4556.0;1002.63;624.99;1.0;1.0;0;1.0;0;0;1.0;0;0;1.0;0;0;1.0;1.0;0;0;0;0;0
157902;2.50;0.92;0;1547.0;27.75;62.25;12.0;2.35;16.24;14.39;207.68;188.85;2.31;152999.0;0;0;70.0;4498.0;1002.63;664.05;1.0;1.0;0;1.0;0;0;1.0;0;0;1.0;0;0;1.0;1.0;0;0;0;0;0
158423;2.04;1.00;0;1383.0;27.75;62.25;3.0;0;11.26;14.29;256.35;189.44;2.58;152999.0;0;0;62.0;4451.0;1002.63;19.53;1.0;1.0;0;1.0;0;0;1.0;0;0;1.0;0;0;1.0;1.0;0;0;0;0;0
158929;5.60;1.00;0;1917.0;27.75;62.25;10.5;10.58;29.18;14.29;249.37;207.52;2.58;152999.0;0;0;70.0;4451.0;1002.63;859.36;1.0;1.0;0;1.0;0;0;1.0;0;0;1.0;0;0;1.0;1.0;0;0;0;0;0
159448;4.84;1.00;0;2320.0;27.75;62.25;14.25;15.29;32.68;14.48;254.82;225.96;2.31;152999.0;0;0;70.0;4449.0;1002.63;820.30;1.0;1.0;0;1.0;0;0;1.0;0;0;1.0;0;0;1.0;1.0;0;0;0;0;0
159947;4.69;0.96;12.0;2102.0;27.75;62.25;11.25;14.51;33.90;14.39;289.88;243.01;2.31;152999.0;12.0;12.0;70.0;4504.0;1002.63;761.70;1.0;1.0;0;1.0;0;0;1.0;0;0;1.0;0;0;1.0;1.0;0;0;0;0;0
160460;2.99;1.00;18.0;2090.0;27.75;62.25;15.75;7.05;23.57;14.48;309.31;285.72;2.31;152999.0;18.0;18.0;70.0;4569.0;1002.63;800.77;1.0;1.0;0;1.0;0;0;1.0;0;0;1.0;0;0;1.0;1.0;0;0;0;0;0
160980;3.58;0.99;21.0;2382.0;27.75;62.25;19.5;7.45;21.39;14.39;310.05;295.68;2.31;152999.0;21.0;21.0;70.0;4480.0;1002.63;800.77;1.0;1.0;0;1.0;0;0;1.0;0;0;1.0;0;0;1.0;1.0;0;0;0;0;0
161493;3.37;0.95;25.0;2790.0;27.75;63.0;24.0;10.58;25.64;14.39;309.12;224.59;2.31;152999.0;25.0;25.0;68.0;4517.0;1002.55;781.24;1.0;1.0;0;1.0;0;0;1.0;0;0;1.0;0;0;1.0;1.0;0;0;0;0;0
162040;3.29;0.91;30.0;3257.0;27.75;63.0;27.75;12.15;27.04;14.39;155.81;119.28;2.31;152999.0;29.0;30.0;68.0;4531.0;1002.55;585.93;1.0;1.0;0;1.0;0;0;1.0;0;0;1.0;0;0;1.0;1.0;0;0;0;0;0
162563;3.89;0.92;33.0;3776.0;27.75;63.0;29.25;16.08;29.14;14.39;74.40;54.05;2.31;152999.0;33.0;34.0;68.0;4552.0;1002.51;781.24;1.0;1.0;0;1.0;0;0;1.0;0;0;1.0;0;0;1.0;1.0;0;0;0;0;0
163077;4.39;1.00;37.0;3348.0;27.75;63.0;27.75;15.29;28.91;14.29;27.20;19.74;2.58;152999.0;37.0;37.0;68.0;4467.0;1002.55;781.24;2.0;1.0;0;1.0;0;0;1.0;0;0;1.0;0;0;1.0;1.0;0;0;0;0;0
163600;5.47;1.00;42.0;3345.0;27.75;63.0;18.0;24.31;36.36;14.39;15.52;9.88;2.31;152999.0;41.0;42.0;68.0;4523.0;1002.59;507.80;2.0;1.0;0;1.0;0;0;1.0;0;0;1.0;0;0;1.0;1.0;0;0;0;0;0
164182;6.20;1.03;47.0;3733.0;27.75;63.0;16.5;29.02;41.11;14.39;9.14;4.39;2.31;152999.0;46.0;48.0;68.0;4574.0;1002.51;781.24;2.0;1.0;0;1.0;0;0;1.0;0;0;1.0;0;0;1.0;1.0;0;0;0;0;0
164707;6.64;0.99;55.0;4369.0;27.75;63.0;16.5;38.82;45.40;14.39;3.06;2.57;2.31;152999.0;53.0;55.0;68.0;4662.0;1002.39;683.58;2.0;1.0;0;1.0;0;0;1.0;0;0;1.0;0;0;1.0;1.0;0;0;0;0;0
165257;6.71;0.99;62.0;4806.0;27.75;63.0;18.0;46.27;45.88;14.29;0.99;2.26;2.58;152999.0;60.0;63.0;68.0;4497.0;1002.43;136.71;2.0;1.0;0;1.0;0;0;1.0;0;0;1.0;0;0;1.0;1.0;0;0;0;0;0
165765;8.36;1.00;65.0;3982.0;27.75;63.75;13.5;38.04;45.34;14.48;2.01;0.58;2.31;152999.0;63.0;65.0;65.0;4418.0;1002.47;820.30;3.0;1.0;0;1.0;0;0;1.0;0;0;1.0;0;0;1.0;1.0;0;0;0;0;0
166288;7.26;1.00;70.0;4344.0;27.75;63.75;14.25;42.35;46.37;14.39;2.67;1.11;2.31;152999.0;67.0;70.0;65.0;4612.0;1002.47;761.70;3.0;1.0;0;1.0;0;0;1.0;0;0;1.0;0;0;1.0;1.0;0;0;0;0;0
166803;6.57;0.97;73.0;4548.0;27.75;63.75;17.25;41.57;45.61;14.39;0.93;0.31;2.31;152999.0;73.0;74.0;65.0;4577.0;1002.31;683.58;3.0;1.0;0;1.0;0;0;1.0;0;0;0;0;0;1.0;1.0;0;0;0;0;0
167327;7.68;1.00;76.0;4037.0;27.0;63.75;18.75;29.80;40.89;14.39;0.25;0;2.31;152999.0;75.0;76.0;65.0;4391.0;1002.23;820.30;4.0;1.0;0;1.0;0;0;1.0;0;0;0;0;0;1.0;1.0;0;0;0;0;0
167974;7.18;1.00;81.0;4264.0;27.0;64.5;14.25;39.61;44.40;14.29;2.08;6.89;2.58;152999.0;79.0;81.0;62.0;4599.0;1002.27;781.24;4.0;1.0;0;1.0;0;0;1.0;0;0;0;0;0;1.0;1.0;0;0;0;0;0
168425;5.45;1.00;83.0;4373.0;27.0;64.5;21.0;30.19;39.13;14.48;69.35;90.18;2.31;152999.0;82.0;84.0;62.0;4524.0;1002.23;800.77;4.0;1.0;0;1.0;0;0;1.0;0;0;0;0;0;1.0;1.0;0;0;0;0;0
168922;6.12;0.96;90.0;4169.0;27.0;64.5;17.25;33.33;42.75;14.48;248.38;239.82;2.31;152999.0;88.0;90.0;62.0;4565.0;1002.16;683.58;5.0;1.0;0;1.0;0;0;1.0;0;0;0;0;0;1.0;1.0;0;0;0;0;0
169442;5.88;0.95;92.0;4269.0;27.0;65.25;18.0;34.12;42.16;14.48;280.9;312.49;2.31;152999.0;90.0;93.0;59.0;4552.0;1002.20;332.02;5.0;1.0;0;1.0;0;0;1.0;0;0;0;0;0;1.0;1.0;0;0;0;0;0
169946;5.16;1.00;93.0;4485.0;27.0;65.25;28.5;24.31;34.36;14.48;333.35;339.97;2.31;152999.0;92.0;94.0;59.0;4386.0;1002.00;820.30;6.0;1.0;0;1.0;0;0;1.0;0;0;0;0;0;1.0;1.0;0;0;0;0;0
170469;4.60;0.93;93.0;3971.0;27.0;65.25;24.75;23.13;35.93;14.39;352.90;294.00;2.31;152999.0;93.0;94.0;59.0;4542.0;1001.88;566.39;6.0;1.0;0;1.0;0;0;1.0;0;0;0;0;0;1.0;1.0;0;0;0;0;0
170988;4.57;0.96;95.0;4090.0;27.0;66.0;25.5;21.96;34.38;14.48;275.68;130.40;2.31;152999.0;93.0;95.0;57.0;4524.0;1001.84;351.55;6.0;1.0;0;1.0;0;0;1.0;0;0;0;0;0;1.0;1.0;0;0;0;0;0
171486;4.24;0.97;96.0;3985.0;27.0;66.0;28.5;20.00;32.44;14.48;116.06;56.85;2.31;152999.0;94.0;96.0;57.0;4521.0;1001.80;761.70;6.0;1.0;0;1.0;0;0;1.0;0;0;0;0;0;1.0;1.0;0;0;0;0;0
172002;3.72;0.89;96.0;4106.0;27.0;66.0;30.75;18.04;30.57;14.39;47.30;23.10;2.31;152999.0;94.0;96.0;57.0;4506.0;1001.77;761.70;6.0;1.0;0;1.0;0;0;1.0;0;0;0;0;0;1.0;1.0;0;0;0;0;0
172527;3.54;0.98;96.0;4068.0;27.0;66.0;35.25;14.51;26.65;14.48;16.34;8.69;2.31;152999.0;95.0;96.0;57.0;4474.0;1001.65;820.30;6.0;1.0;0;1.0;0;0;1.0;0;0;0;0;0;1.0;1.0;0;0;0;0;0
173026;3.13;0.89;96.0;4104.0;27.0;66.75;35.25;13.33;25.81;14.48;6.56;3.63;2.31;152999.0;94.0;96.0;54.0;4485.0;1001.61;781.24;6.0;1.0;0;1.0;0;0;1.0;0;0;0;0;0;1.0;1.0;0;0;0;0;0
173695;2.78;0.81;96.0;4085.0;27.0;66.75;36.0;12.55;25.16;14.48;127.29;43.12;2.31;152999.0;94.0;96.0;54.0;4493.0;1001.65;605.46;6.0;1.0;0;1.0;0;0;1.0;0;0;0;0;0;1.0;1.0;0;0;0;0;0
174298;2.98;0.86;96.0;4082.0;27.0;66.75;36.0;12.94;25.56;14.48;219.43;154.34;2.31;152999.0;95.0;96.0;54.0;4517.0;1001.65;195.31;6.0;1.0;0;1.0;0;0;1.0;0;0;0;0;0;1.0;1.0;0;0;0;0;0
174843;3.00;0.89;96.0;4078.0;27.0;67.5;36.0;12.15;24.83;14.48;230.86;302.61;2.31;153000.0;94.0;96.0;51.0;4500.0;1001.57;761.70;6.0;1.0;0;1.0;0;0;1.0;0;0;0;0;0;1.0;1.0;0;0;0;0;0
175364;2.85;0.87;96.0;4092.0;27.0;67.5;36.75;12.15;24.80;14.48;273.92;323.28;2.31;153000.0;94.0;96.0;51.0;4505.0;1001.45;800.77;6.0;1.0;0;1.0;0;0;1.0;0;0;0;0;0;1.0;1.0;0;0;0;0;0
175878;2.24;0.85;95.0;3949.0;27.0;68.25;40.5;8.62;20.53;14.48;294.64;329.49;2.31;153000.0;94.0;95.0;48.0;4500.0;1001.45;742.17;6.0;1.0;0;1.0;0;0;1.0;0;0;0;0;0;1.0;1.0;0;0;0;0;0
176428;1.61;0.78;95.0;4010.0;27.0;68.25;44.25;6.27;16.27;14.48;122.58;114.81;2.31;153000.0;93.0;95.0;48.0;4480.0;1001.45;800.77;6.0;1.0;0;1.0;0;0;1.0;0;0;0;0;0;1.0;1.0;0;0;0;0;0
176952;1.40;0.75;93.0;3898.0;27.0;68.25;43.5;5.09;13.90;14.48;64.40;46.79;2.31;153000.0;92.0;93.0;48.0;4496.0;1001.30;800.77;6.0;1.0;0;1.0;0;0;1.0;0;0;0;0;0;1.0;1.0;0;0;0;0;0
177517;1.26;0.72;91.0;3891.0;27.0;68.25;43.5;4.70;12.92;14.29;27.63;21.28;2.58;153000.0;91.0;91.0;48.0;4506.0;1001.26;566.39;6.0;1.0;0;1.0;0;0;1.0;0;0;0;0;0;1.0;1.0;0;0;0;0;0
178060;0.87;1.00;88.0;3795.0;27.0;68.25;42.75;1.56;6.34;14.58;11.60;8.14;2.31;153000.0;89.0;89.0;48.0;4514.0;1001.30;703.11;6.0;1.0;0;1.0;0;0;1.0;0;0;0;0;0;1.0;1.0;0;0;0;0;0
178586;0.68;1.00;86.0;3653.0;27.75;68.25;-30.0;0;0;14.48;7.01;4.43;2.31;153000.0;86.0;87.0;48.0;4551.0;1001.30;527.33;6.0;1.0;0;1.0;0;0;1.0;0;0;0;0;0;1.0;1.0;0;0;0;0;0
179093;0.66;1.00;83.0;3539.0;27.75;69.0;-30.0;0;0;14.58;3.06;1.91;2.31;153000.0;84.0;84.0;45.0;4563.0;1001.34;0;6.0;1.0;0;1.0;0;0;1.0;0;0;0;0;0;1.0;1.0;0;0;0;0;0
179616;0.66;1.00;81.0;3510.0;27.75;69.0;-30.0;0;0;14.58;4.39;0.66;2.31;153000.0;81.0;81.0;45.0;4570.0;1001.26;0;6.0;1.0;0;1.0;0;0;1.0;0;0;0;0;0;1.0;1.0;0;0;0;0;0
180168;0.71;1.00;78.0;3351.0;27.75;69.0;-30.0;0;0;14.39;2.01;0.23;2.31;153000.0;79.0;79.0;45.0;4564.0;1001.30;0;6.0;1.0;0;1.0;0;0;1.0;0;0;0;0;0;1.0;1.0;0;0;0;0;0
180718;1.77;1.00;76.0;3239.0;27.75;69.0;27.0;2.74;8.36;14.48;2.98;0;2.31;153000.0;77.0;77.0;45.0;4272.0;1001.34;78.12;6.0;1.0;0;1.0;0;0;1.0;0;0;0;0;0;1.0;1.0;0;0;0;0;0
181242;1.87;1.00;75.0;3258.0;27.75;69.75;21.0;4.31;11.05;14.48;17.12;50.85;2.31;153000.0;75.0;76.0;43.0;4236.0;1001.38;878.89;6.0;1.0;0;1.0;0;0;1.0;0;0;0;0;0;1.0;1.0;0;0;0;0;0
181765;1.34;0.98;75.0;3146.0;27.75;69.75;27.75;2.74;9.15;14.48;123.68;194.06;2.31;153000.0;74.0;75.0;43.0;4367.0;1001.38;878.89;6.0;1.0;0;1.0;0;0;1.0;0;0;0;0;0;1.0;1.0;0;0;0;0;0
182365;0.84;0.96;72.0;3069.0;27.75;69.75;32.25;0.39;5.76;14.48;185.33;235.00;2.31;153000.0;73.0;73.0;43.0;4486.0;1001.38;839.83;6.0;1.0;0;1.0;0;0;1.0;0;0;0;0;0;1.0;1.0;0;0;0;0;0
182863;0.78;1.00;71.0;3034.0;27.75;69.75;-30.0;0;0;14.48;259.12;294.37;2.31;153000.0;71.0;70.0;43.0;4541.0;1001.41;0;6.0;1.0;0;1.0;0;0;1.0;0;0;0;0;0;1.0;1.0;0;0;0;0;0
183385;0.8;1.00;68.0;2904.0;27.75;69.75;-30.0;0;0;14.48;311.85;327.69;2.31;153000.0;69.0;69.0;43.0;4548.0;1001.41;0;6.0;1.0;0;1.0;0;0;1.0;0;0;0;0;0;1.0;1.0;0;0;0;0;0
183894;0.82;1.00;66.0;2793.0;27.75;69.75;-30.0;0;0;14.48;238.32;327.47;2.31;153000.0;66.0;67.0;43.0;4556.0;1001.34;0;6.0;1.0;0;1.0;0;0;1.0;0;0;0;0;0;1.0;1.0;0;0;0;0;0
184415;0.84;1.00;65.0;2738.0;27.75;69.75;-30.0;0;0;14.48;202.13;336.20;2.31;153000.0;65.0;65.0;43.0;4544.0;1001.38;0;6.0;1.0;0;1.0;0;0;1.0;0;0;0;0;0;1.0;1.0;0;0;0;0;0
184928;0.85;1.00;62.0;2646.0;27.75;69.75;-30.0;0;0;14.48;164.03;342.26;2.31;153000.0;63.0;63.0;43.0;4534.0;1001.38;0;6.0;1.0;0;1.0;0;0;1.0;0;0;0;0;0;1.0;1.0;0;0;0;0;0
185428;0.90;1.00;61.0;2579.0;27.75;70.5;16.5;0;10.83;14.48;164.91;309.98;2.31;153000.0;61.0;61.0;40.0;4221.0;1001.38;0;6.0;1.0;0;1.0;0;0;1.0;0;0;0;0;0;1.0;1.0;0;0;0;0;0
185953;1.17;1.00;60.0;2553.0;27.75;70.5;26.25;1.17;8.01;14.48;92.33;181.35;2.31;153000.0;59.0;60.0;40.0;4258.0;1001.41;878.89;6.0;1.0;0;1.0;0;0;1.0;0;0;0;0;0;1.0;1.0;0;0;0;0;0
186513;1.13;0.99;58.0;2486.0;27.75;70.5;24.75;1.17;8.06;14.58;58.35;101.51;2.31;153000.0;58.0;58.0;40.0;4401.0;1001.41;898.42;6.0;1.0;0;1.0;0;0;1.0;0;0;0;0;0;1.0;1.0;0;0;0;0;0
187070;1.19;0.97;57.0;2402.0;27.75;70.5;24.75;1.17;8.43;14.29;30.93;53.90;2.58;153000.0;57.0;57.0;40.0;4502.0;1001.41;878.89;6.0;1.0;0;1.0;0;0;1.0;0;0;1.0;0;0;1.0;1.0;0;0;0;0;0
187578;1.04;1.00;55.0;2348.0;27.75;70.5;12.0;0;10.99;14.39;18.16;31.77;2.31;153000.0;55.0;55.0;33.0;4532.0;1001.41;820.30;6.0;1.0;0;1.0;0;0;1.0;0;0;1.0;0;0;1.0;1.0;0;0;0;0;0
188100;0.96;1.00;53.0;2316.0;27.75;70.5;15.0;0;10.96;14.39;48.53;28.16;2.31;153000.0;54.0;54.0;34.0;4536.0;1001.41;58.59;6.0;1.0;0;1.0;0;0;1.0;0;0;1.0;0;0;1.0;1.0;0;0;0;0;0
188605;0.95;1.00;52.0;2225.0;27.75;70.5;15.0;0;10.90;14.39;32.10;18.47;2.31;153000.0;52.0;52.0;33.0;4537.0;1001.41;0;6.0;1.0;0;1.0;0;0;1.0;0;0;1.0;0;0;1.0;1.0;0;0;0;0;0
189181;1.03;1.00;50.0;2092.0;27.75;70.5;13.5;0;10.88;14.39;19.92;15.05;2.31;153000.0;50.0;50.0;32.0;4503.0;1001.41;19.53;6.0;1.0;0;1.0;0;0;1.0;0;0;1.0;0;0;1.0;1.0;0;0;0;0;0
189680;1.08;1.00;47.0;2049.0;27.75;70.5;12.75;0;10.89;14.48;11.05;10.44;2.31;153000.0;48.0;48.0;33.0;4503.0;1001.41;19.53;6.0;1.0;0;1.0;0;0;1.0;0;0;1.0;0;0;1.0;1.0;0;0;0;0;0
190196;1.09;1.00;46.0;2010.0;27.75;70.5;12.75;0;10.92;14.48;7.18;6.44;2.31;153000.0;46.0;46.0;33.0;4514.0;1001.41;19.53;6.0;1.0;0;1.0;0;0;1.0;0;0;1.0;0;0;1.0;1.0;0;0;0;0;0
190812;1.75;1.00;43.0;1694.0;27.75;70.5;12.75;1.17;10.63;14.48;4.66;6.73;2.31;153000.0;44.0;44.0;40.0;4479.0;1001.41;58.59;6.0;1.0;0;1.0;0;0;1.0;0;0;1.0;0;0;1.0;1.0;0;0;0;0;0
191325;1.12;1.00;42.0;1921.0;27.75;70.5;13.5;0;11.00;14.39;7.22;12.38;2.31;153000.0;42.0;42.0;33.0;4525.0;1001.41;878.89;5.0;1.0;0;1.0;0;0;1.0;0;0;1.0;0;0;1.0;1.0;0;0;0;0;0
191824;1.34;0.98;40.0;1583.0;27.75;70.5;12.0;0;10.91;14.48;8.82;12.85;2.31;153000.0;40.0;40.0;34.0;4528.0;1001.41;839.83;4.0;1.0;0;1.0;0;0;1.0;0;0;1.0;0;0;1.0;1.0;0;0;0;0;0
192346;1.05;1.00;37.0;2080.0;27.75;70.5;12.75;0;10.81;14.48;11.34;20.56;2.31;153000.0;38.0;38.0;32.0;4525.0;1001.41;97.65;4.0;1.0;0;1.0;0;0;1.0;0;0;1.0;0;0;1.0;1.0;0;0;0;0;0
192851;1.19;1.00;35.0;1723.0;27.75;70.5;13.5;0;10.89;14.48;12.05;31.15;2.31;153000.0;35.0;35.0;33.0;4516.0;1001.41;859.36;3.0;1.0;0;1.0;0;0;1.0;0;0;1.0;0;0;1.0;1.0;0;0;0;0;0
193374;1.06;1.00;31.0;1975.0;27.75;70.5;12.0;0;10.79;14.39;9.74;22.61;2.31;153000.0;32.0;31.0;32.0;4501.0;1001.41;156.24;3.0;1.0;0;1.0;0;0;1.0;0;0;1.0;0;0;1.0;1.0;0;0;0;0;0
193945;1.19;1.00;28.0;1810.0;27.75;70.5;12.75;0;10.84;14.39;8.14;14.76;2.31;153000.0;29.0;29.0;33.0;4525.0;1001.41;820.30;3.0;1.0;0;1.0;0;0;1.0;0;0;1.0;0;0;1.0;1.0;0;0;0;0;0
194501;1.30;0.98;26.0;1590.0;27.75;70.5;13.5;0;10.80;14.39;4.98;9.62;2.31;153000.0;26.0;26.0;33.0;4480.0;1001.41;839.83;3.0;1.0;0;1.0;0;0;1.0;0;0;1.0;0;0;1.0;1.0;0;0;0;0;0
195046;1.48;0.96;23.0;1394.0;27.75;70.5;12.0;0;10.63;14.48;3.37;6.60;2.31;153000.0;23.0;23.0;33.0;4487.0;1001.41;820.30;3.0;1.0;0;1.0;0;0;1.0;0;0;1.0;0;0;1.0;1.0;0;0;0;0;0
195569;1.53;0.94;22.0;1322.0;27.75;70.5;14.25;0;11.01;14.48;4.31;4.76;2.31;153000.0;22.0;22.0;33.0;4502.0;1001.41;800.77;3.0;1.0;0;1.0;0;0;1.0;0;0;1.0;0;0;1.0;1.0;0;0;0;0;0
196075;1.40;0.93;22.0;1574.0;27.75;70.5;13.5;0;11.25;14.39;4.82;3.24;2.31;153000.0;22.0;22.0;37.0;4535.0;1001.41;820.30;3.0;1.0;0;1.0;0;0;1.0;0;0;1.0;0;0;1.0;1.0;0;0;0;0;0
196599;1.43;0.91;21.0;1428.0;27.75;70.5;13.5;0;10.93;14.39;3.86;2.44;2.31;153000.0;22.0;22.0;33.0;4544.0;1001.41;683.58;2.0;1.0;0;1.0;0;0;1.0;0;0;1.0;0;0;1.0;1.0;0;0;0;0;0
197123;1.37;0.90;21.0;1578.0;27.75;70.5;13.5;0;11.33;14.39;2.46;1.52;2.31;153000.0;21.0;21.0;40.0;4512.0;1001.41;214.84;2.0;1.0;0;1.0;0;0;1.0;0;0;1.0;0;0;1.0;1.0;0;0;0;0;0
197726;1.42;0.91;21.0;1292.0;27.75;70.5;13.5;0;10.89;14.39;5.97;5.29;2.31;153000.0;21.0;21.0;34.0;4496.0;1001.41;19.53;2.0;1.0;0;1.0;0;0;1.0;0;0;1.0;0;0;1.0;1.0;0;0;0;0;0
198225;1.41;0.93;20.0;1349.0;27.75;70.5;12.0;0;10.64;14.39;39.60;13.98;2.31;153000.0;20.0;20.0;33.0;4509.0;1001.41;19.53;2.0;1.0;0;1.0;0;0;1.0;0;0;1.0;0;0;1.0;1.0;0;0;0;0;0
198746;1.52;0.94;20.0;1338.0;27.75;70.5;12.75;0;10.77;14.48;30.38;10.13;2.31;153000.0;20.0;20.0;33.0;4504.0;1001.41;78.12;2.0;1.0;0;1.0;0;0;1.0;0;0;1.0;0;0;1.0;1.0;0;0;0;0;0
199254;1.53;0.96;20.0;1359.0;27.75;70.5;12.75;0;10.73;14.39;22.10;9.23;2.31;153000.0;20.0;20.0;33.0;4513.0;1001.41;136.71;2.0;1.0;0;1.0;0;0;1.0;0;0;1.0;0;0;1.0;1.0;0;0;0;0;0
199775;1.52;0.97;20.0;1305.0;27.75;70.5;15.0;0;11.06;14.39;17.85;7.06;2.31;153000.0;20.0;20.0;33.0;4526.0;1001.41;273.43;2.0;1.0;0;1.0;0;0;1.0;0;0;1.0;0;0;1.0;1.0;0;0;0;0;0
200285;1.44;0.97;18.0;1372.0;27.75;70.5;12.0;0;10.59;14.48;12.98;4.84;2.31;153000.0;19.0;19.0;33.0;4497.0;1001.41;839.83;2.0;1.0;0;1.0;0;0;1.0;0;0;1.0;0;0;1.0;1.0;0;0;0;0;0
200810;1.52;0.95;17.0;1354.0;27.75;70.5;12.75;0;10.69;14.48;9.39;3.47;2.31;153000.0;18.0;18.0;33.0;4516.0;1001.41;820.30;2.0;1.0;0;1.0;0;0;1.0;0;0;1.0;0;0;1.0;1.0;0;0;0;0;0
201349;1.36;0.94;16.0;1437.0;27.75;70.5;12.75;0;10.93;14.48;13.72;2.61;2.31;153000.0;16.0;16.0;34.0;4502.0;1001.41;839.83;1.0;1.0;0;1.0;0;0;1.0;0;0;1.0;0;0;1.0;1.0;0;0;0;0;0
201872;1.36;0.92;13.0;1379.0;27.75;70.5;12.0;0;10.73;14.58;30.31;7.77;2.31;153000.0;14.0;14.0;33.0;4505.0;1001.41;781.24;1.0;1.0;0;1.0;0;0;1.0;0;0;1.0;0;0;1.0;1.0;0;0;0;0;0
202393;1.33;0.90;11.0;1360.0;27.75;70.5;12.0;0;10.64;14.39;24.17;7.03;2.31;153000.0;12.0;12.0;33.0;4509.0;1001.49;703.11;1.0;1.0;0;1.0;0;0;1.0;0;0;1.0;0;0;1.0;1.0;0;0;0;0;0
202904;1.48;0.90;8.0;1296.0;27.75;70.5;16.5;0;11.35;14.39;17.55;5.37;2.31;153000.0;9.0;9.0;33.0;4515.0;1001.45;19.53;1.0;1.0;0;1.0;0;0;1.0;0;0;1.0;0;0;1.0;1.0;0;0;0;0;0
203428;1.34;0.92;7.0;1405.0;27.75;70.5;9.75;0;10.18;14.39;22.36;8.31;2.31;153000.0;7.0;7.0;34.0;4510.0;1001.53;19.53;1.0;1.0;0;1.0;0;0;1.0;0;0;1.0;0;0;1.0;1.0;0;0;0;0;0
204033;1.44;0.93;5.0;1324.0;27.75;70.5;14.25;0;11.11;14.48;66.14;42.02;2.31;153000.0;5.0;5.0;34.0;4495.0;1001.69;39.06;1.0;1.0;0;1.0;0;0;1.0;0;0;1.0;0;0;1.0;1.0;0;0;0;0;0
204589;1.58;0.95;5.0;1324.0;27.75;70.5;14.25;0;11.11;14.48;113.43;115.98;2.31;153000.0;5.0;5.0;34.0;4514.0;1001.65;78.12;1.0;1.0;0;1.0;0;0;1.0;0;0;1.0;0;0;1.0;1.0;0;0;0;0;0
205153;1.50;0.97;3.0;1363.0;27.75;70.5;12.0;0;10.73;14.39;191.14;167.13;2.31;153000.0;4.0;4.0;34.0;4502.0;1001.65;585.93;1.0;1.0;0;1.0;0;0;1.0;0;0;1.0;0;0;1.0;1.0;0;0;0;0;0
205687;1.41;0.95;0;1361.0;27.75;70.5;12.0;0;10.70;14.39;198.30;213.05;2.31;153000.0;0;0;33.0;4510.0;1001.77;820.30;1.0;1.0;0;1.0;0;0;1.0;0;0;1.0;0;0;1.0;1.0;0;0;0;0;0
206185;1.43;0.94;0;1298.0;27.75;71.25;16.5;0;11.40;14.48;173.71;170.26;2.31;153000.0;0;0;33.0;4505.0;1001.80;761.70;1.0;1.0;0;1.0;0;0;1.0;0;0;1.0;0;0;1.0;1.0;0;0;0;0;0
206721;1.46;0.92;0;1323.0;27.75;71.25;14.25;0;10.90;14.48;126.61;139.01;2.31;153000.0;0;0;33.0;4513.0;1001.96;312.49;1.0;1.0;0;1.0;0;0;1.0;0;0;1.0;0;0;1.0;1.0;0;0;0;0;0
207219;1.41;0.93;0;1317.0;27.75;71.25;15.0;0;11.10;14.39;97.25;113.43;2.31;153000.0;0;0;34.0;4515.0;1002.08;19.53;1.0;1.0;0;1.0;0;0;1.0;0;0;1.0;0;0;1.0;1.0;0;0;0;0;0
207735;1.50;0.95;0;1315.0;27.75;71.25;15.0;0;11.17;14.39;92.08;101.51;2.31;153000.0;0;0;34.0;4515.0;1002.12;19.53;1.0;1.0;0;1.0;0;0;1.0;0;0;1.0;0;0;1.0;1.0;0;0;0;0;0
208246;1.52;0.96;0;1328.0;27.75;71.25;14.25;0;11.18;14.48;85.93;136.63;2.31;153000.0;0;0;34.0;4503.0;1002.27;39.06;1.0;1.0;0;1.0;0;0;1.0;0;0;1.0;0;0;1.0;1.0;0;0;0;0;0
208768;1.54;0.98;0;1321.0;27.75;71.25;15.0;0;11.29;14.48;84.85;124.40;2.31;153000.0;0;0;35.0;4508.0;1002.27;527.33;1.0;1.0;0;1.0;0;0;1.0;0;0;1.0;0;0;1.0;1.0;0;0;0;0;0
209338;1.61;0.97;0;1316.0;27.75;71.25;15.0;0;11.36;14.39;130.71;162.54;2.31;153000.0;0;0;35.0;4517.0;1002.23;839.83;1.0;1.0;0;1.0;0;0;1.0;0;0;1.0;0;0;1.0;1.0;0;0;0;0;0
209929;1.60;0.95;0;1315.0;27.75;71.25;15.0;0;11.44;14.39;135.46;147.66;2.31;153000.0;0;0;36.0;4510.0;1002.27;839.83;1.0;1.0;0;1.0;0;0;1.0;0;0;1.0;0;0;1.0;1.0;0;0;0;0;0
210462;1.49;0.93;0;1298.0;27.75;71.25;16.5;0;11.75;14.39;108.86;128.27;2.31;153000.0;0;0;36.0;4506.0;1002.39;683.58;1.0;1.0;0;1.0;0;0;1.0;0;0;1.0;0;0;1.0;1.0;0;0;0;0;0
211020;1.48;0.93;0;1333.0;27.75;71.25;14.25;0;11.48;14.39;79.31;94.62;2.31;153000.0;0;0;37.0;4516.0;1002.47;39.06;1.0;1.0;0;1.0;0;0;1.0;0;0;1.0;0;0;1.0;1.0;0;0;0;0;0
211575;1.50;0.95;0;1362.0;27.75;71.25;12.0;0;11.16;14.29;57.76;79.31;2.58;153000.0;0;0;37.0;4524.0;1002.43;58.59;1.0;1.0;0;1.0;0;0;1.0;0;0;1.0;0;0;1.0;1.0;0;0;0;0;0
212155;1.58;0.97;0;1358.0;27.75;71.25;12.0;0;11.20;14.39;39.91;54.80;2.31;153000.0;0;0;36.0;4534.0;1002.43;97.65;1.0;1.0;0;1.0;0;0;1.0;0;0;1.0;0;0;1.0;1.0;0;0;0;0;0
212758;1.50;0.97;0;1313.0;27.75;71.25;15.0;0;11.45;14.39;33.27;53.80;2.31;153000.0;0;0;35.0;4516.0;1002.51;820.30;1.0;1.0;0;1.0;0;0;1.0;0;0;1.0;0;0;1.0;1.0;0;0;0;0;0
213273;1.47;0.95;0;1357.0;27.75;71.25;12.0;0;10.82;14.29;75.11;72.53;2.58;153000.0;0;0;34.0;4508.0;1002.55;507.80;1.0;1.0;0;1.0;0;0;1.0;0;0;1.0;0;0;1.0;1.0;0;0;0;0;0
213798;1.52;0.96;0;1328.0;27.75;71.25;14.25;0;11.18;14.39;142.62;70.93;2.31;153000.0;0;0;34.0;4510.0;1002.51;78.12;1.0;1.0;0;1.0;0;0;1.0;0;0;1.0;0;0;1.0;1.0;0;0;0;0;0
214320;1.52;0.97;0;1298.0;27.75;71.25;16.5;0;11.53;14.48;157.17;59.82;2.31;153000.0;0;0;34.0;4524.0;1002.47;58.59;1.0;1.0;0;1.0;0;0;1.0;0;0;1.0;0;0;1.0;1.0;0;0;0;0;0
214878;1.52;0.98;0;1324.0;27.75;71.25;14.25;0;11.22;14.39;189.28;81.30;2.31;153000.0;0;0;34.0;4523.0;1002.51;800.77;1.0;1.0;0;1.0;0;0;1.0;0;0;1.0;0;0;1.0;1.0;0;0;0;0;0
215376;1.45;0.96;0;1358.0;27.75;71.25;12.0;0;10.79;14.48;237.03;168.91;2.31;153000.0;0;0;34.0;4516.0;1002.55;527.33;1.0;1.0;0;1.0;0;0;1.0;0;0;1.0;0;0;1.0;1.0;0;0;0;0;0
215892;1.55;0.96;0;1316.0;27.75;71.25;15.0;0;11.25;14.39;271.81;214.41;2.31;153000.0;0;0;35.0;4515.0;1002.59;722.64;1.0;1.0;0;1.0;0;0;1.0;0;0;1.0;0;0;1.0;1.0;0;0;0;0;0
216413;1.45;0.95;0;1322.0;27.75;71.25;14.25;0;11.19;14.48;257.95;255.33;2.31;153000.0;0;0;34.0;4514.0;1002.51;644.52;1.0;1.0;0;1.0;0;0;1.0;0;0;1.0;0;0;1.0;1.0;0;0;0;0;0
216925;1.45;0.94;0;1287.0;27.75;71.25;17.25;0;11.66;14.48;250.76;277.11;2.31;153000.0;0;0;34.0;4518.0;1002.55;644.52;1.0;1.0;0;1.0;0;0;1.0;0;0;1.0;0;0;1.0;1.0;0;0;0;0;0
217483;1.48;0.94;0;1284.0;27.75;71.25;18.0;0;11.85;14.39;239.98;282.28;2.31;153000.0;0;0;35.0;4513.0;1002.59;0;1.0;1.0;0;1.0;0;0;1.0;0;0;1.0;0;0;1.0;1.0;0;0;0;0;0
218013;1.56;0.95;0;1302.0;27.75;71.25;16.5;0;11.71;14.48;187.39;213.95;2.31;153000.0;0;0;35.0;4531.0;1002.47;117.18;1.0;1.0;0;1.0;0;0;1.0;0;0;1.0;0;0;1.0;1.0;0;0;0;0;0
218585;1.60;0.97;0;1308.0;27.75;71.25;16.5;0;11.67;14.39;196.58;213.44;2.31;153000.0;0;0;36.0;4505.0;1002.43;624.99;1.0;1.0;0;1.0;0;0;1.0;0;0;1.0;0;0;1.0;1.0;0;0;0;0;0
219140;1.52;0.98;0;1335.0;27.75;71.25;12.75;0;11.15;14.39;135.92;163.77;2.31;153000.0;0;0;35.0;4506.0;1002.43;722.64;1.0;1.0;0;1.0;0;0;1.0;0;0;1.0;0;0;1.0;1.0;0;0;0;0;0
219661;1.56;0.97;0;1360.0;27.75;71.25;12.0;0;11.04;14.48;104.40;139.58;2.31;153000.0;0;0;36.0;4498.0;1002.39;683.58;1.0;1.0;0;1.0;0;0;1.0;0;0;1.0;0;0;1.0;1.0;0;0;0;0;0
220183;1.57;0.97;0;1327.0;27.75;71.25;14.25;0;11.36;14.48;72.14;125.01;2.31;153000.0;0;0;35.0;4511.0;1002.47;722.64;1.0;1.0;0;1.0;0;0;1.0;0;0;1.0;0;0;1.0;1.0;0;0;0;0;0
220736;1.52;0.95;0;1319.0;27.75;71.25;14.25;0;11.37;14.48;76.61;182.95;2.31;153000.0;0;0;35.0;4501.0;1002.51;683.58;1.0;1.0;0;1.0;0;0;1.0;0;0;1.0;0;0;1.0;1.0;0;0;0;0;0
221258;1.45;0.95;0;1334.0;27.75;72.0;13.5;0;11.22;14.39;118.33;225.20;2.31;153000.0;0;0;35.0;4513.0;1002.55;78.12;1.0;1.0;0;1.0;0;0;1.0;0;0;1.0;0;0;1.0;1.0;0;0;0;0;0
221756;1.53;0.96;0;1329.0;27.75;72.0;14.25;0;11.34;14.48;169.57;250.35;2.31;153000.0;0;0;35.0;4508.0;1002.59;19.53;1.0;1.0;0;1.0;0;0;1.0;0;0;1.0;0;0;1.0;1.0;0;0;0;0;0
222291;1.65;0.98;0;1335.0;27.75;72.0;13.5;0;11.29;14.48;153.19;223.55;2.31;153000.0;0;0;36.0;4503.0;1002.59;820.30;1.0;1.0;0;1.0;0;0;1.0;0;0;1.0;0;0;1.0;1.0;0;0;0;0;0
222790;1.56;0.96;0;1347.0;27.75;72.0;12.75;0;11.06;14.48;124.69;208.95;2.31;153000.0;0;0;35.0;4509.0;1002.59;839.83;1.0;1.0;0;1.0;0;0;1.0;0;0;1.0;0;0;1.0;1.0;0;0;0;0;0
223314;1.50;0.94;0;1310.0;27.75;72.0;15.0;0;11.42;14.48;114.15;208.63;2.31;153000.0;0;0;36.0;4519.0;1002.63;742.17;1.0;1.0;0;1.0;0;0;1.0;0;0;1.0;0;0;1.0;1.0;0;0;0;0;0
223836;1.52;0.94;0;1311.0;27.75;72.0;15.75;0;11.55;14.48;111.84;190.26;2.31;153000.0;0;0;36.0;4511.0;1002.63;39.06;1.0;1.0;0;1.0;0;0;1.0;0;0;1.0;0;0;1.0;1.0;0;0;0;0;0
224444;1.51;0.95;0;1338.0;27.75;72.0;13.5;0;11.22;14.39;95.91;190.65;2.31;153000.0;0;0;35.0;4519.0;1002.63;371.08;1.0;1.0;0;1.0;0;0;1.0;0;0;1.0;0;0;1.0;1.0;0;0;0;0;0
224942;1.47;0.95;0;1335.0;27.75;72.0;13.5;0;11.23;14.39;94.36;170.26;2.31;153000.0;0;0;35.0;4511.0;1002.55;761.70;1.0;1.0;0;1.0;0;0;1.0;0;0;1.0;0;0;1.0;1.0;0;0;0;0;0
225463;1.56;0.93;0;1321.0;27.75;72.0;14.25;0;11.36;14.39;87.12;138.85;2.31;153000.0;0;0;35.0;4507.0;1002.51;820.30;1.0;1.0;0;1.0;0;0;1.0;0;0;1.0;0;0;1.0;1.0;0;0;0;0;0
225979;1.48;0.92;0;1321.0;27.75;72.0;14.25;0;11.38;14.39;66.18;120.79;2.31;153000.0;0;0;35.0;4509.0;1002.55;800.77;1.0;1.0;0;1.0;0;0;1.0;0;0;1.0;0;0;1.0;1.0;0;0;0;0;0
226534;1.41;0.90;0;1317.0;27.75;72.0;15.0;0;11.48;14.39;59.41;88.04;2.31;153000.0;0;0;36.0;4509.0;1002.55;39.06;1.0;1.0;0;1.0;0;0;1.0;0;0;1.0;0;0;1.0;1.0;0;0;0;0;0
227061;1.44;0.92;0;1375.0;27.75;72.0;12.0;0;11.03;14.48;43.23;67.59;2.31;153000.0;0;0;35.0;4512.0;1002.59;39.06;1.0;1.0;0;1.0;0;0;1.0;0;0;1.0;0;0;1.0;1.0;0;0;0;0;0
227559;1.64;0.94;0;1267.0;27.75;72.0;19.5;0;12.17;14.39;35.48;56.79;2.31;153000.0;0;0;37.0;4522.0;1002.55;78.12;1.0;1.0;0;1.0;0;0;1.0;0;0;1.0;0;0;1.0;1.0;0;0;0;0;0
228083;1.52;0.95;0;1311.0;27.75;72.0;15.0;0;11.60;14.39;25.81;47.69;2.31;153000.0;0;0;36.0;4523.0;1002.55;800.77;1.0;1.0;0;1.0;0;0;1.0;0;0;1.0;0;0;1.0;1.0;0;0;0;0;0
228598;1.55;0.93;0;1269.0;27.75;72.0;19.5;0;12.30;14.48;19.82;34.72;2.31;153000.0;0;0;37.0;4505.0;1002.59;761.70;1.0;1.0;0;1.0;0;0;1.0;0;0;1.0;0;0;1.0;1.0;0;0;0;0;0
229119;1.56;0.93;0;1328.0;27.75;72.0;14.25;0;11.61;14.48;15.17;26.63;2.31;153000.0;0;0;38.0;4514.0;1002.59;39.06;1.0;1.0;0;1.0;0;0;1.0;0;0;1.0;0;0;1.0;1.0;0;0;0;0;0
229633;1.57;0.95;0;1306.0;27.75;72.0;16.5;0;11.97;14.39;11.01;26.34;2.31;153000.0;0;0;37.0;4512.0;1002.59;58.59;1.0;1.0;0;1.0;0;0;1.0;0;0;1.0;0;0;1.0;1.0;0;0;0;0;0
230155;1.49;0.96;0;1344.0;27.75;72.0;12.75;0;11.28;14.48;7.96;20.21;2.31;153000.0;0;0;36.0;4512.0;1002.63;136.71;1.0;1.0;0;1.0;0;0;1.0;0;0;1.0;0;0;1.0;1.0;0;0;0;0;0
230774;1.50;0.98;0;1367.0;27.75;72.0;12.0;0;11.08;14.48;7.89;13.92;2.31;153000.0;0;0;35.0;4516.0;1002.63;175.77;1.0;1.0;0;1.0;0;0;1.0;0;0;1.0;0;0;1.0;1.0;0;0;0;0;0
231285;1.44;0.97;0;1375.0;27.75;72.0;11.25;0;10.67;14.58;7.30;50.83;2.31;153000.0;0;0;34.0;4511.0;1002.63;859.36;1.0;1.0;0;1.0;0;0;1.0;0;0;1.0;0;0;1.0;1.0;0;0;0;0;0
231805;1.54;0.96;0;1338.0;27.75;72.0;12.75;0;11.03;14.48;13.71;41.36;2.31;153000.0;0;0;35.0;4504.0;1002.63;839.83;1.0;1.0;0;1.0;0;0;1.0;0;0;1.0;0;0;1.0;1.0;0;0;0;0;0
232321;1.52;0.94;0;1326.0;27.75;72.0;13.5;0;11.11;14.48;17.38;110.75;2.31;153000.0;0;0;34.0;4511.0;1002.63;781.24;1.0;1.0;0;1.0;0;0;1.0;0;0;1.0;0;0;1.0;1.0;0;0;0;0;0
232882;1.56;0.93;0;1204.0;27.75;72.0;24.75;0;12.58;14.48;77.84;169.71;2.31;153000.0;0;0;35.0;4517.0;1002.63;292.96;1.0;1.0;0;1.0;0;0;1.0;0;0;1.0;0;0;1.0;1.0;0;0;0;0;0
233480;1.56;0.94;0;1214.0;27.75;72.75;24.0;0;12.63;14.39;133.76;230.08;2.31;153000.0;0;0;35.0;4522.0;1002.63;39.06;1.0;1.0;0;1.0;0;0;1.0;0;0;1.0;0;0;1.0;1.0;0;0;0;0;0
234047;1.45;0.96;0;1354.0;27.75;72.75;12.0;0;10.90;14.29;205.22;248.01;2.58;153000.0;0;0;35.0;4512.0;1002.63;58.59;1.0;1.0;0;1.0;0;0;1.0;0;0;1.0;0;0;1.0;1.0;0;0;0;0;0
234720;1.65;0.98;0;1325.0;27.75;72.75;14.25;0;11.32;14.39;157.07;268.01;2.31;153000.0;0;0;35.0;4510.0;1002.55;97.65;1.0;1.0;0;1.0;0;0;1.0;0;0;1.0;0;0;0;1.0;0;0;0;0;0
235277;1.63;0.99;0;1317.0;27.75;72.75;14.25;0;11.33;14.39;134.67;228.16;2.31;153000.0;0;0;35.0;4506.0;1002.59;839.83;1.0;1.0;0;1.0;0;0;1.0;0;0;1.0;0;0;1.0;1.0;0;0;0;0;0
235775;1.62;0.97;0;1293.0;27.75;72.75;16.5;0;11.65;14.39;124.30;177.35;2.31;153000.0;0;0;35.0;4515.0;1002.59;859.36;1.0;1.0;0;1.0;0;0;1.0;0;0;1.0;0;0;1.0;1.0;0;0;0;0;0
236313;1.48;0.95;0;1305.0;27.75;72.75;15.75;0;11.53;14.48;136.90;185.00;2.31;153000.0;0;0;35.0;4499.0;1002.55;839.83;1.0;1.0;0;1.0;0;0;1.0;0;0;1.0;0;0;1.0;1.0;0;0;0;0;0
236810;1.48;0.94;0;1319.0;27.75;72.75;15.0;0;11.37;14.39;182.21;165.51;2.31;153000.0;0;0;35.0;4504.0;1002.55;664.05;1.0;1.0;0;1.0;0;0;1.0;0;0;1.0;0;0;1.0;1.0;0;0;0;0;0
237339;1.58;0.94;0;1325.0;27.75;72.75;14.25;0;11.40;14.39;132.80;148.44;2.31;153000.0;0;0;35.0;4512.0;1002.59;644.52;1.0;1.0;0;1.0;0;0;1.0;0;0;1.0;0;0;1.0;1.0;0;0;0;0;0
237838;1.45;0.93;0;1285.0;27.75;72.75;17.25;0;11.84;14.48;106.32;109.64;2.31;153000.0;0;0;35.0;4519.0;1002.59;78.12;1.0;1.0;0;1.0;0;0;1.0;0;0;1.0;0;0;1.0;1.0;0;0;0;0;0
238363;1.50;0.94;0;1284.0;27.75;72.75;17.25;0;11.90;14.39;81.65;86.20;2.31;153000.0;0;0;36.0;4523.0;1002.59;39.06;1.0;1.0;0;1.0;0;0;1.0;0;0;1.0;0;0;1.0;1.0;0;0;0;0;0
238872;1.59;0.96;0;1344.0;27.75;72.75;13.5;0;11.50;14.39;69.33;66.20;2.31;153000.0;0;0;36.0;4508.0;1002.63;39.06;1.0;1.0;0;1.0;0;0;1.0;0;0;1.0;0;0;1.0;1.0;0;0;0;0;0
239392;5.27;1.00;0;1312.0;27.75;72.75;11.25;5.49;24.17;14.48;54.60;63.12;2.31;153000.0;0;0;45.0;4576.0;1002.63;937.48;1.0;1.0;0;1.0;0;0;1.0;0;0;1.0;0;0;1.0;1.0;0;0;0;0;0
239967;3.69;1.00;0;2663.0;27.75;72.75;27.0;10.98;26.55;14.39;48.55;80.17;2.31;153000.0;0;0;39.0;4419.0;1002.63;898.42;1.0;1.0;0;1.0;0;0;1.0;0;0;1.0;0;0;1.0;1.0;0;0;0;0;0
240524;4.73;0.99;11.0;2083.0;27.75;72.75;13.5;14.11;34.46;14.29;82.29;192.95;2.58;153000.0;11.0;11.0;39.0;4506.0;1002.63;878.89;1.0;1.0;0;1.0;0;0;1.0;0;0;1.0;0;0;1.0;1.0;0;0;0;0;0
241031;4.91;0.98;20.0;2248.0;27.75;72.75;13.5;18.43;36.13;14.39;168.30;188.32;2.31;153000.0;19.0;20.0;39.0;4438.0;1002.63;839.83;1.0;1.0;0;1.0;0;0;1.0;0;0;1.0;0;0;1.0;1.0;0;0;0;0;0
241587;4.42;0.95;28.0;3067.0;27.75;72.75;22.5;21.57;34.80;14.48;218.13;194.65;2.31;153000.0;27.0;28.0;39.0;4561.0;1002.55;19.53;1.0;1.0;0;1.0;0;0;1.0;0;0;1.0;0;0;1.0;1.0;0;0;0;0;0
242121;5.60;1.00;36.0;4075.0;27.75;72.75;22.5;27.45;41.09;14.39;158.56;218.13;2.31;153000.0;35.0;37.0;39.0;4684.0;1002.51;839.83;1.0;1.0;0;1.0;0;0;1.0;0;0;0;0;0;1.0;1.0;0;0;0;0;0
242640;4.82;1.00;41.0;3513.0;27.75;72.75;30.0;17.25;30.42;14.39;149.30;242.91;2.31;153000.0;41.0;41.0;39.0;4422.0;1002.35;859.36;2.0;1.0;0;1.0;0;0;1.0;0;0;1.0;0;0;1.0;1.0;0;0;0;0;0
243164;6.60;1.00;47.0;3630.0;27.75;72.75;16.5;30.98;42.01;14.39;146.98;230.62;2.31;153000.0;46.0;48.0;39.0;4555.0;1002.39;820.30;2.0;1.0;0;1.0;0;0;1.0;0;0;1.0;0;0;1.0;1.0;0;0;0;0;0
243735;5.84;0.96;55.0;4309.0;27.75;72.75;19.5;33.33;42.74;14.39;209.88;161.51;2.31;153000.0;53.0;55.0;39.0;4656.0;1002.47;546.86;2.0;1.0;0;1.0;0;0;1.0;0;0;1.0;0;0;1.0;1.0;0;0;0;0;0
244234;3.48;1.00;58.0;3951.0;27.75;72.75;44.25;6.66;4.62;14.39;226.86;218.67;2.31;153000.0;58.0;59.0;39.0;4425.0;1002.47;878.89;2.0;1.0;0;1.0;0;0;1.0;0;0;1.0;0;0;1.0;1.0;0;0;0;0;0
244758;6.43;1.00;65.0;3831.0;27.75;72.75;18.75;31.76;42.71;14.48;251.83;248.63;2.31;153000.0;63.0;65.0;39.0;4489.0;1002.43;839.83;3.0;1.0;0;1.0;0;0;1.0;0;0;1.0;0;0;0;1.0;0;0;0;0;0
245272;6.53;0.98;70.0;4301.0;27.75;72.75;15.75;38.82;45.35;14.39;315.52;284.45;2.31;153000.0;68.0;70.0;39.0;4591.0;1002.47;761.70;3.0;1.0;0;1.0;0;0;1.0;0;0;1.0;0;0;1.0;1.0;0;0;0;0;0
245830;6.63;0.99;75.0;4621.0;27.75;72.75;17.25;42.74;45.72;14.48;341.61;308.10;2.31;153000.0;73.0;75.0;39.0;4547.0;1002.47;566.39;3.0;1.0;0;1.0;0;0;1.0;0;0;0;0;0;1.0;1.0;0;0;0;0;0
246354;6.97;1.00;78.0;4042.0;27.75;72.75;20.25;30.59;41.14;14.39;332.24;286.97;2.31;153000.0;77.0;78.0;39.0;4470.0;1002.39;839.83;4.0;1.0;0;1.0;0;0;1.0;0;0;0;0;0;1.0;1.0;0;0;0;0;0
246876;6.61;1.00;82.0;4295.0;27.75;72.75;17.25;36.86;43.41;14.48;305.68;227.68;2.31;153000.0;80.0;82.0;39.0;4596.0;1002.31;722.64;4.0;1.0;0;1.0;0;0;1.0;0;0;0;0;0;1.0;1.0;0;0;0;0;0
247484;6.61;1.00;86.0;4517.0;27.75;72.75;16.5;41.57;44.44;14.48;282.89;227.19;2.31;153000.0;84.0;86.0;39.0;4478.0;1002.16;859.36;4.0;1.0;0;1.0;0;0;1.0;0;0;0;0;0;1.0;1.0;0;0;0;0;0
247982;5.96;1.00;88.0;4027.0;27.75;72.75;21.0;29.02;40.59;14.29;321.05;169.93;2.58;153000.0;87.0;88.0;39.0;4551.0;1002.12;800.77;5.0;1.0;0;1.0;0;0;1.0;0;0;0;0;0;1.0;1.0;0;0;0;0;0
248515;5.04;0.94;90.0;4160.0;27.75;73.5;22.5;27.06;39.25;14.39;244.74;169.55;2.31;153000.0;89.0;90.0;38.0;4571.0;1002.04;644.52;5.0;1.0;0;1.0;0;0;1.0;0;0;0;0;0;1.0;1.0;0;0;0;0;0
249078;5.46;0.99;92.0;4188.0;27.75;73.5;22.5;27.45;39.26;14.48;208.40;136.72;2.31;153000.0;91.0;92.0;38.0;4562.0;1001.96;605.46;5.0;1.0;0;1.0;0;0;1.0;0;0;0;0;0;1.0;1.0;0;0;0;0;0
249576;5.03;0.99;95.0;4430.0;27.75;73.5;25.5;26.66;36.84;14.48;174.77;136.51;2.31;153000.0;94.0;95.0;38.0;4517.0;1001.92;761.70;5.0;1.0;0;1.0;0;0;1.0;0;0;0;0;0;1.0;1.0;0;0;0;0;0
250102;4.45;0.98;96.0;4431.0;27.75;74.25;29.25;22.74;33.20;14.48;226.04;153.81;2.31;153000.0;94.0;97.0;38.0;4511.0;1001.92;781.24;5.0;1.0;0;1.0;0;0;1.0;0;0;0;0;0;1.0;1.0;0;0;0;0;0
250626;5.67;1.01;98.0;4458.0;27.75;74.25;23.25;31.37;39.71;14.48;163.64;247.71;2.31;153000.0;96.0;99.0;38.0;4527.0;1001.92;781.24;5.0;1.0;0;1.0;0;0;1.0;0;0;0;0;0;1.0;1.0;0;0;0;0;0
251184;5.70;1.00;98.0;4481.0;27.75;74.25;30.0;23.13;32.32;14.39;165.26;309.49;2.31;153000.0;97.0;99.0;38.0;4429.0;1002.04;839.83;6.0;1.0;0;1.0;0;0;1.0;0;0;0;0;0;1.0;1.0;0;0;0;0;0
251731;6.08;1.00;101.0;4328.0;27.75;74.25;21.0;32.16;40.97;14.39;240.43;330.17;2.31;153000.0;99.0;102.0;38.0;4555.0;1001.84;761.70;6.0;1.0;0;1.0;0;0;1.0;0;0;0;0;0;1.0;1.0;0;0;0;0;0
252254;5.52;0.97;103.0;4429.0;27.75;74.25;21.75;32.16;40.37;14.39;251.99;322.59;2.31;153000.0;101.0;104.0;38.0;4528.0;1001.96;585.93;6.0;1.0;0;1.0;0;0;1.0;0;0;0;0;0;1.0;1.0;0;0;0;0;0
252769;5.63;1.02;105.0;4515.0;27.75;74.25;22.5;31.76;39.22;14.48;310.83;347.77;2.31;153000.0;104.0;106.0;38.0;4535.0;1001.88;449.21;6.0;1.0;0;1.0;0;0;1.0;0;0;0;0;0;1.0;1.0;0;0;0;0;0
253290;4.36;1.00;107.0;4498.0;27.75;74.25;30.0;22.35;32.61;14.48;312.55;250.78;2.31;153000.0;105.0;107.0;38.0;4512.0;1001.77;664.05;6.0;1.0;0;1.0;0;0;1.0;0;0;0;0;0;1.0;1.0;0;0;0;0;0
253789;4.28;1.01;107.0;4527.0;27.75;75.0;32.25;21.17;31.02;14.48;195.98;143.60;2.31;153000.0;106.0;108.0;37.0;4512.0;1001.88;683.58;6.0;1.0;0;1.0;0;0;1.0;0;0;0;0;0;1.0;1.0;0;0;0;0;0
254314;3.89;0.98;108.0;4514.0;27.75;75.0;35.25;18.82;29.15;14.39;71.92;52.69;2.31;153000.0;106.0;109.0;37.0;4514.0;1001.80;781.24;6.0;1.0;0;1.0;0;0;1.0;0;0;0;0;0;1.0;1.0;0;0;0;0;0
254869;3.44;0.96;108.0;4573.0;27.75;75.0;37.5;17.25;27.23;14.48;28.27;21.26;2.31;153000.0;107.0;109.0;37.0;4483.0;1001.77;820.30;6.0;1.0;0;1.0;0;0;1.0;0;0;0;0;0;0;1.0;0;0;0;0;0
255388;3.07;0.93;108.0;4540.0;27.75;75.75;40.5;13.72;24.59;14.48;9.39;8.20;2.31;153000.0;107.0;109.0;37.0;4482.0;1001.80;761.70;6.0;1.0;0;1.0;0;0;1.0;0;0;0;0;0;1.0;1.0;0;0;0;0;0
255909;2.73;0.88;108.0;4517.0;27.75;75.75;41.25;12.15;23.28;14.48;4.70;2.89;2.31;153000.0;107.0;109.0;37.0;4496.0;1001.84;136.71;6.0;1.0;0;1.0;0;0;1.0;0;0;0;0;0;1.0;1.0;0;0;0;0;0
256420;2.80;0.93;108.0;4519.0;27.75;75.75;42.0;11.37;22.45;14.39;1.60;1.83;2.31;153000.0;107.0;108.0;37.0;4506.0;1001.84;781.24;6.0;1.0;0;1.0;0;0;1.0;0;0;0;0;0;1.0;1.0;0;0;0;0;0
256942;2.93;0.91;107.0;4596.0;27.75;75.75;41.25;13.33;23.48;14.39;2.05;0.56;2.31;153000.0;106.0;108.0;37.0;4527.0;1001.80;136.71;6.0;1.0;0;1.0;0;0;1.0;0;0;0;0;0;1.0;1.0;0;0;0;0;0
257466;3.85;1.04;107.0;4621.0;27.75;76.5;36.0;18.04;27.59;14.48;1.89;0.93;2.31;153000.0;106.0;108.0;36.0;4555.0;1001.77;683.58;6.0;1.0;0;1.0;0;0;1.0;0;0;0;0;0;1.0;1.0;0;0;0;0;0
257975;4.25;1.07;108.0;4592.0;27.75;76.5;34.5;20.39;29.77;14.29;0.58;0.23;2.58;153000.0;107.0;109.0;36.0;4531.0;1001.73;781.24;6.0;1.0;0;1.0;0;0;1.0;0;0;0;0;0;1.0;1.0;0;0;0;0;0
258498;3.72;1.00;108.0;4619.0;27.75;76.5;36.0;18.04;27.63;14.48;1.69;0.87;2.31;153000.0;107.0;109.0;36.0;4505.0;1001.73;664.05;6.0;1.0;0;1.0;0;0;1.0;0;0;0;0;0;1.0;1.0;0;0;0;0;0
259042;3.62;0.99;110.0;4669.0;27.75;77.25;37.5;17.64;27.03;14.39;0.50;1.34;2.31;153000.0;107.0;110.0;36.0;4501.0;1001.73;605.46;6.0;1.0;0;1.0;0;0;1.0;0;0;0;0;0;1.0;1.0;0;0;0;0;0
259565;3.52;0.98;110.0;4635.0;27.75;77.25;38.25;16.86;26.78;14.48;0;0.25;2.31;153000.0;107.0;110.0;36.0;4509.0;1001.77;488.27;6.0;1.0;0;1.0;0;0;1.0;0;0;0;0;0;1.0;1.0;0;0;0;0;0
260087;3.42;1.00;110.0;4663.0;27.75;77.25;39.75;15.68;25.45;14.39;0;1.97;2.31;153000.0;108.0;110.0;36.0;4508.0;1001.73;781.24;6.0;1.0;0;1.0;0;0;1.0;0;0;0;0;0;1.0;1.0;0;0;0;0;0
260626;2.76;0.91;110.0;4648.0;27.75;77.25;42.0;11.76;22.52;14.39;0;0.60;2.31;153000.0;108.0;110.0;36.0;4483.0;1001.73;703.11;6.0;1.0;0;1.0;0;0;1.0;0;0;0;0;0;1.0;1.0;0;0;0;0;0
261131;2.75;0.93;110.0;4637.0;27.75;78.0;42.75;11.76;22.33;14.48;9.33;38.47;2.31;153000.0;107.0;110.0;35.0;4499.0;1001.77;722.64;6.0;1.0;0;1.0;0;0;1.0;0;0;0;0;0;1.0;1.0;0;0;0;0;0
261662;3.53;1.00;110.0;4639.0;27.75;78.0;38.25;16.47;26.31;14.39;113.50;156.63;2.31;153000.0;108.0;110.0;35.0;4555.0;1001.73;742.17;6.0;1.0;0;1.0;0;0;1.0;0;0;0;0;0;1.0;1.0;0;0;0;0;0
262250;3.24;0.98;110.0;4656.0;27.75;78.0;39.75;14.90;24.93;14.39;228.96;276.34;2.31;153000.0;108.0;110.0;35.0;4501.0;1001.73;820.30;6.0;1.0;0;1.0;0;0;1.0;0;0;0;0;0;1.0;1.0;0;0;0;0;0
262749;2.88;0.93;108.0;4578.0;27.75;78.0;42.0;12.15;23.14;14.48;314.86;324.94;2.31;153000.0;108.0;109.0;35.0;4491.0;1001.69;644.52;6.0;1.0;0;1.0;0;0;1.0;0;0;0;0;0;1.0;1.0;0;0;0;0;0
263272;2.88;0.95;108.0;4562.0;27.75;78.75;42.0;11.76;22.79;14.39;338.96;324.97;2.31;153000.0;107.0;109.0;35.0;4526.0;1001.77;800.77;6.0;1.0;0;1.0;0;0;1.0;0;0;0;0;0;1.0;1.0;0;0;0;0;0
263795;2.60;0.92;108.0;4632.0;27.75;78.75;42.75;10.98;21.60;14.39;345.97;340.87;2.31;153000.0;107.0;109.0;35.0;4521.0;1001.80;781.24;6.0;1.0;0;1.0;0;0;1.0;0;0;0;0;0;1.0;1.0;0;0;0;0;0
264309;2.56;0.90;108.0;4571.0;27.75;78.75;43.5;10.58;21.33;14.48;330.46;312.81;2.31;153000.0;106.0;108.0;35.0;4501.0;1001.77;585.93;6.0;1.0;0;1.0;0;0;1.0;0;0;0;0;0;1.0;1.0;0;0;0;0;0
264808;3.12;0.96;107.0;4577.0;27.75;78.75;40.5;13.72;24.43;14.48;329.47;335.05;2.31;153001.0;106.0;108.0;35.0;4549.0;1001.77;78.12;6.0;1.0;0;1.0;0;0;1.0;0;0;0;0;0;1.0;1.0;0;0;0;0;0
265335;3.23;1.02;107.0;4619.0;27.75;78.75;41.25;13.33;23.70;14.39;343.66;280.23;2.31;153001.0;107.0;108.0;35.0;4530.0;1001.73;800.77;6.0;1.0;0;1.0;0;0;1.0;0;0;0;0;0;1.0;1.0;0;0;0;0;0
265843;2.72;0.92;107.0;4614.0;27.75;79.5;42.75;11.37;22.10;14.48;324.02;327.81;2.31;153001.0;106.0;108.0;34.0;4498.0;1001.77;703.11;6.0;1.0;0;1.0;0;0;1.0;0;0;0;0;0;1.0;1.0;0;0;0;0;0
266367;2.76;0.92;107.0;4568.0;27.75;79.5;41.25;11.76;22.46;14.48;247.87;334.00;2.31;153001.0;105.0;107.0;34.0;4496.0;1001.69;371.08;6.0;1.0;0;1.0;0;0;1.0;0;0;0;0;0;1.0;1.0;0;0;0;0;0
266882;3.38;0.99;106.0;4513.0;27.75;79.5;39.0;14.90;25.48;14.48;191.00;316.34;2.31;153001.0;105.0;107.0;34.0;4526.0;1001.69;761.70;6.0;1.0;0;1.0;0;0;1.0;0;0;0;0;0;1.0;1.0;0;0;0;0;0
267407;3.19;0.99;106.0;4451.0;27.75;79.5;39.75;12.94;24.06;14.48;215.78;301.46;2.31;153001.0;105.0;106.0;34.0;4506.0;1001.61;800.77;6.0;1.0;0;1.0;0;0;1.0;0;0;0;0;0;1.0;1.0;0;0;0;0;0
267909;3.00;0.97;106.0;4427.0;27.75;79.5;40.5;12.15;23.40;14.48;239.18;304.92;2.31;153001.0;104.0;106.0;34.0;4501.0;1001.57;781.24;6.0;1.0;0;1.0;0;0;1.0;0;0;0;0;0;1.0;1.0;0;0;0;0;0
268433;2.88;0.91;105.0;4499.0;27.75;79.5;40.5;12.55;23.63;14.48;308.10;337.88;2.31;153001.0;103.0;105.0;34.0;4510.0;1001.61;117.18;6.0;1.0;0;1.0;0;0;1.0;0;0;0;0;0;1.0;1.0;0;0;0;0;0
268955;3.94;1.03;105.0;4469.0;27.75;79.5;34.5;18.04;28.53;14.39;339.70;332.40;2.31;153001.0;103.0;105.0;34.0;4535.0;1001.57;781.24;6.0;1.0;0;1.0;0;0;1.0;0;0;0;0;0;1.0;1.0;0;0;0;0;0
269464;3.65;0.99;105.0;4480.0;27.75;79.5;36.75;16.47;27.36;14.48;338.27;349.89;2.31;153001.0;103.0;105.0;34.0;4515.0;1001.65;703.11;6.0;1.0;0;1.0;0;0;1.0;0;0;0;0;0;1.0;1.0;0;0;0;0;0
269987;3.48;0.97;103.0;4413.0;27.75;79.5;37.5;15.68;26.54;14.58;331.58;332.16;2.31;153001.0;103.0;104.0;34.0;4501.0;1001.61;351.55;6.0;1.0;0;1.0;0;0;1.0;0;0;0;0;0;1.0;1.0;0;0;0;0;0
270500;4.40;1.00;103.0;4363.0;27.75;80.25;32.25;20.00;30.47;14.48;312.51;340.15;2.31;153001.0;102.0;104.0;34.0;4531.0;1001.69;136.71;6.0;1.0;0;1.0;0;0;1.0;0;0;0;0;0;1.0;1.0;0;0;0;0;0
271024;3.55;1.00;103.0;4333.0;27.75;80.25;36.75;16.08;27.47;14.48;322.36;344.84;2.31;153001.0;102.0;104.0;34.0;4519.0;1001.61;781.24;6.0;1.0;0;1.0;0;0;1.0;0;0;0;0;0;1.0;1.0;0;0;0;0;0
271563;2.87;0.98;103.0;4386.0;27.75;80.25;42.0;10.98;22.15;14.48;279.70;333.16;2.31;153001.0;102.0;103.0;34.0;4453.0;1001.57;820.30;6.0;1.0;0;1.0;0;0;1.0;0;0;0;0;0;1.0;1.0;0;0;0;0;0
272084;3.60;1.00;102.0;4342.0;27.75;80.25;38.25;14.11;25.53;14.48;220.51;242.58;2.31;153001.0;101.0;102.0;34.0;4518.0;1001.61;800.77;6.0;1.0;0;1.0;0;0;1.0;0;0;0;0;0;1.0;1.0;0;0;0;0;0
272607;3.37;0.96;101.0;4362.0;27.75;80.25;38.25;14.90;25.86;14.48;178.54;146.26;2.31;153001.0;100.0;102.0;34.0;4520.0;1001.61;644.52;6.0;1.0;0;1.0;0;0;1.0;0;0;0;0;0;1.0;1.0;0;0;0;0;0
273178;3.04;0.96;101.0;4274.0;27.75;80.25;39.75;11.76;23.55;14.29;193.50;152.95;2.58;153001.0;100.0;102.0;34.0;4492.0;1001.61;800.77;6.0;1.0;0;1.0;0;0;1.0;0;0;0;0;0;1.0;1.0;0;0;0;0;0
273677;2.52;0.87;100.0;4214.0;27.75;80.25;41.25;10.19;21.65;14.48;208.44;236.97;2.31;153001.0;99.0;100.0;34.0;4452.0;1001.57;605.46;6.0;1.0;0;1.0;0;0;1.0;0;0;0;0;0;1.0;1.0;0;0;0;0;0
274200;2.2;0.84;98.0;4230.0;27.75;80.25;43.5;8.62;19.71;14.48;263.24;307.46;2.31;153001.0;98.0;99.0;34.0;4477.0;1001.53;722.64;6.0;1.0;0;1.0;0;0;1.0;0;0;0;0;0;1.0;1.0;0;0;0;0;0
274712;2.15;0.82;97.0;4193.0;27.75;80.25;43.5;8.62;19.69;14.48;326.44;315.62;2.31;153001.0;97.0;98.0;34.0;4481.0;1001.49;664.05;6.0;1.0;0;1.0;0;0;1.0;0;0;0;0;0;1.0;1.0;0;0;0;0;0
275235;2.88;0.87;97.0;4114.0;27.75;80.25;38.25;12.55;24.75;14.39;321.42;323.69;2.31;153001.0;96.0;97.0;34.0;4550.0;1001.49;722.64;6.0;1.0;0;1.0;0;0;1.0;0;0;0;0;0;1.0;1.0;0;0;0;0;0
275805;2.66;0.87;96.0;4116.0;27.75;80.25;39.75;10.98;23.02;14.39;302.73;276.77;2.31;153001.0;95.0;97.0;34.0;4531.0;1001.49;761.70;6.0;1.0;0;1.0;0;0;1.0;0;0;0;0;0;1.0;1.0;0;0;0;0;0
276304;1.83;0.83;96.0;4089.0;27.75;81.0;44.25;7.45;17.40;14.39;219.94;238.10;2.31;153001.0;94.0;96.0;33.0;4462.0;1001.53;820.30;6.0;1.0;0;1.0;0;0;1.0;0;0;0;0;0;1.0;1.0;0;0;0;0;0
276828;1.98;0.82;95.0;3987.0;27.75;81.0;44.25;7.45;18.22;14.48;89.74;104.21;2.31;153001.0;94.0;95.0;33.0;4491.0;1001.53;683.58;6.0;1.0;0;1.0;0;0;1.0;0;0;0;0;0;1.0;1.0;0;0;0;0;0
277356;2.57;0.83;95.0;4038.0;27.75;81.0;39.0;11.37;23.37;14.48;36.54;44.76;2.31;153001.0;93.0;95.0;33.0;4531.0;1001.49;19.53;6.0;1.0;0;1.0;0;0;1.0;0;0;0;0;0;1.0;1.0;0;0;0;0;0
277854;3.03;0.91;95.0;4045.0;27.75;81.0;36.75;12.94;25.12;14.48;17.51;18.16;2.31;153001.0;93.0;95.0;33.0;4525.0;1001.49;722.64;6.0;1.0;0;1.0;0;0;1.0;0;0;0;0;0;1.0;1.0;0;0;0;0;0
278394;3.26;0.92;95.0;4040.0;27.75;81.0;36.75;14.90;26.80;14.39;8.67;7.30;2.31;153001.0;94.0;95.0;33.0;4527.0;1001.49;234.37;6.0;1.0;0;1.0;0;0;1.0;0;0;0;0;0;1.0;1.0;0;0;0;0;0
278950;3.06;0.94;95.0;4078.0;27.75;81.0;38.25;12.55;24.55;14.39;3.41;2.87;2.31;153001.0;93.0;95.0;33.0;4512.0;1001.45;800.77;6.0;1.0;0;1.0;0;0;1.0;0;0;0;0;0;1.0;1.0;0;0;0;0;0
279460;2.46;0.86;95.0;3969.0;27.75;81.0;40.5;9.80;21.55;14.39;1.05;3.71;2.31;153001.0;93.0;95.0;33.0;4487.0;1001.45;781.24;6.0;1.0;0;1.0;0;0;1.0;0;0;0;0;0;1.0;1.0;0;0;0;0;0
279983;2.16;0.85;93.0;3969.0;27.75;81.0;42.0;8.62;19.84;14.48;0.31;4.84;2.31;153001.0;93.0;94.0;33.0;4496.0;1001.45;800.77;6.0;1.0;0;1.0;0;0;1.0;0;0;0;0;0;1.0;1.0;0;0;0;0;0
280482;2.11;0.82;92.0;3939.0;27.75;81.0;42.0;8.23;19.52;14.39;2.12;3.32;2.31;153001.0;92.0;93.0;33.0;4503.0;1001.45;722.64;6.0;1.0;0;1.0;0;0;1.0;0;0;0;0;0;1.0;1.0;0;0;0;0;0
281020;2.10;0.81;92.0;3921.0;27.75;81.0;42.0;8.23;19.78;14.39;2.22;3.43;2.31;153001.0;92.0;92.0;33.0;4505.0;1001.45;97.65;6.0;1.0;0;1.0;0;0;1.0;0;0;0;0;0;1.0;1.0;0;0;0;0;0
281577;2.11;0.84;91.0;3867.0;27.75;81.0;42.0;7.84;19.14;14.48;3.88;2.51;2.31;153001.0;90.0;91.0;33.0;4505.0;1001.45;722.64;6.0;1.0;0;1.0;0;0;1.0;0;0;0;0;0;1.0;1.0;0;0;0;0;0
282083;2.12;0.82;91.0;3790.0;27.75;81.0;41.25;8.23;19.84;14.39;3.35;2.22;2.31;153001.0;89.0;91.0;33.0;4502.0;1001.45;800.77;6.0;1.0;0;1.0;0;0;1.0;0;0;0;0;0;1.0;1.0;0;0;0;0;0
282605;3.17;0.97;90.0;3841.0;27.75;81.0;36.75;12.55;24.52;14.48;1.34;0.85;2.31;153001.0;89.0;90.0;33.0;4523.0;1001.45;820.30;6.0;1.0;0;1.0;0;0;1.0;0;0;0;0;0;1.0;1.0;0;0;0;0;0
283125;3.14;0.92;90.0;3898.0;27.75;81.0;35.25;14.51;25.92;14.39;0.35;0.21;2.31;153001.0;90.0;91.0;33.0;4537.0;1001.45;664.05;6.0;1.0;0;1.0;0;0;1.0;0;0;0;0;0;1.0;1.0;0;0;0;0;0
283637;3.21;0.92;91.0;3813.0;27.75;81.0;35.25;14.51;26.14;14.48;1.85;0;2.31;153001.0;89.0;91.0;33.0;4537.0;1001.45;703.11;6.0;1.0;0;1.0;0;0;1.0;0;0;0;0;0;1.0;1.0;0;0;0;0;0
284194;3.06;0.96;91.0;3864.0;27.75;80.25;37.5;11.76;23.91;14.48;9.41;2.34;2.31;153001.0;90.0;91.0;34.0;4508.0;1001.45;859.36;6.0;1.0;0;1.0;0;0;1.0;0;0;0;0;0;1.0;1.0;0;0;0;0;0
284708;2.13;0.95;90.0;3842.0;27.75;80.25;42.75;6.66;17.84;14.48;90.11;63.49;2.31;153001.0;89.0;90.0;34.0;4496.0;1001.45;859.36;6.0;1.0;0;1.0;0;0;1.0;0;0;0;0;0;1.0;1.0;0;0;0;0;0
285305;1.82;0.98;88.0;3752.0;27.75;80.25;43.5;5.09;14.13;14.29;208.15;180.02;2.58;153001.0;88.0;88.0;34.0;4500.0;1001.45;878.89;6.0;1.0;0;1.0;0;0;1.0;0;0;0;0;0;1.0;1.0;0;0;0;0;0
285815;1.98;0.94;87.0;3751.0;27.75;80.25;42.0;6.27;15.88;14.48;283.71;260.90;2.31;153001.0;86.0;87.0;34.0;4496.0;1001.45;839.83;6.0;1.0;0;1.0;0;0;1.0;0;0;0;0;0;1.0;1.0;0;0;0;0;0
286348;2.57;0.89;86.0;3712.0;27.75;80.25;38.25;9.80;21.79;14.48;322.86;321.09;2.31;153001.0;85.0;86.0;34.0;4522.0;1001.45;761.70;6.0;1.0;0;1.0;0;0;1.0;0;0;0;0;0;1.0;1.0;0;0;0;0;0
286847;1.83;1.00;86.0;3646.0;27.75;80.25;41.25;5.88;15.55;14.48;340.62;336.93;2.31;153001.0;85.0;86.0;34.0;4517.0;1001.45;859.36;6.0;1.0;0;1.0;0;0;1.0;0;0;0;0;0;1.0;1.0;0;0;0;0;0
287362;0.50;1.00;83.0;3674.0;27.75;80.25;-30.0;0;0;14.48;331.13;322.83;2.31;153001.0;83.0;84.0;34.0;4564.0;1001.45;839.83;6.0;1.0;0;1.0;0;0;1.0;0;0;0;0;0;1.0;1.0;0;0;0;0;0
287884;0.60;1.00;81.0;3473.0;28.5;80.25;-30.0;0;0;14.48;324.19;235.23;2.31;153001.0;82.0;81.0;34.0;4588.0;1001.45;0;6.0;1.0;0;1.0;0;0;1.0;0;0;0;0;0;1.0;1.0;0;0;0;0;0
288413;0.63;1.00;78.0;3309.0;28.5;80.25;-30.0;0;0;14.48;244.94;291.81;2.31;153001.0;79.0;79.0;34.0;4592.0;1001.38;0;6.0;1.0;0;1.0;0;0;1.0;0;0;0;0;0;1.0;1.0;0;0;0;0;0
288932;0.64;1.00;76.0;3179.0;28.5;80.25;-30.0;0;0;14.58;225.31;320.27;2.31;153001.0;76.0;76.0;34.0;4587.0;1001.30;0;6.0;1.0;0;1.0;0;0;1.0;0;0;0;0;0;1.0;1.0;0;0;0;0;0
289475;0.68;1.00;73.0;3089.0;28.5;80.25;-30.0;0;0;14.39;230.23;273.57;2.31;153001.0;73.0;73.0;34.0;4576.0;1001.34;0;6.0;1.0;0;1.0;0;0;1.0;0;0;0;0;0;1.0;1.0;0;0;0;0;0
290007;0.70;1.00;71.0;2977.0;28.5;80.25;-30.0;0;0;14.58;192.21;224.28;2.31;153001.0;71.0;71.0;34.0;4569.0;1001.30;0;6.0;1.0;0;1.0;0;0;1.0;0;0;0;0;0;1.0;1.0;0;0;0;0;0
290529;1.72;1.00;68.0;2883.0;28.5;80.25;30.75;1.17;0;14.39;281.40;300.29;2.31;153001.0;68.0;69.0;34.0;4432.0;1001.22;253.90;6.0;1.0;0;1.0;0;0;1.0;0;0;0;0;0;1.0;1.0;0;0;0;0;0
291074;3.61;1.00;67.0;2959.0;28.5;80.25;9.0;11.37;21.01;14.48;299.14;330.81;2.31;153001.0;67.0;68.0;34.0;4212.0;1001.26;878.89;6.0;1.0;0;1.0;0;0;1.0;0;0;0;0;0;1.0;1.0;0;0;0;0;0
291603;3.36;0.95;68.0;2938.0;28.5;80.25;30.0;12.15;25.66;14.48;331.56;344.06;2.31;153001.0;68.0;69.0;34.0;4342.0;1001.30;820.30;6.0;1.0;0;1.0;0;0;1.0;0;0;0;0;0;1.0;1.0;0;0;0;0;0
292150;3.08;0.90;70.0;2995.0;28.5;80.25;29.25;12.55;25.95;14.48;349.25;353.57;2.31;153001.0;69.0;70.0;34.0;4468.0;1001.30;546.86;6.0;1.0;0;1.0;0;0;1.0;0;0;0;0;0;1.0;1.0;0;0;0;0;0
292692;2.58;0.91;71.0;3030.0;28.5;80.25;33.0;9.41;22.75;14.39;207.58;209.43;2.31;153001.0;70.0;71.0;34.0;4494.0;1001.26;839.83;6.0;1.0;0;1.0;0;0;1.0;0;0;0;0;0;1.0;1.0;0;0;0;0;0
293225;2.64;0.96;71.0;3051.0;28.5;79.5;34.5;7.84;20.91;14.48;221.09;204.45;2.31;153001.0;71.0;71.0;34.0;4499.0;1001.30;859.36;6.0;1.0;0;1.0;0;0;1.0;0;0;0;0;0;1.0;1.0;0;0;0;0;0
293808;1.09;1.00;71.0;2968.0;28.5;79.5;33.75;2.35;9.16;14.39;288.73;284.29;2.31;153001.0;71.0;70.0;34.0;4539.0;1001.34;878.89;6.0;1.0;0;1.0;0;0;1.0;0;0;0;0;0;1.0;1.0;0;0;0;0;0
294323;0.70;1.00;68.0;2912.0;28.5;79.5;-30.0;0;0;14.58;307.92;322.86;2.31;153001.0;69.0;69.0;34.0;4578.0;1001.22;820.30;6.0;1.0;0;1.0;0;0;1.0;0;0;0;0;0;1.0;1.0;0;0;0;0;0
294855;0.72;1.00;66.0;2818.0;28.5;79.5;-30.0;0;0;14.58;315.15;286.70;2.31;153001.0;67.0;66.0;34.0;4604.0;1001.30;0;6.0;1.0;0;1.0;0;0;1.0;0;0;0;0;0;1.0;1.0;0;0;0;0;0
295392;0.76;1.00;62.0;2675.0;28.5;79.5;-30.0;0;0;14.48;303.67;308.96;2.31;153001.0;62.0;63.0;34.0;4594.0;1001.18;0;6.0;1.0;0;1.0;0;0;1.0;0;0;0;0;0;1.0;1.0;0;0;0;0;0
295984;1.01;1.00;60.0;2548.0;28.5;79.5;1.5;0;6.73;14.48;276.38;326.40;2.31;153001.0;60.0;60.0;34.0;4364.0;1001.26;0;6.0;1.0;0;1.0;0;0;1.0;0;0;0;0;0;1.0;1.0;0;0;0;0;0
296505;1.64;1.00;57.0;2312.0;28.5;79.5;18.0;2.35;10.77;14.48;291.42;340.99;2.31;153001.0;58.0;58.0;34.0;4259.0;1001.14;859.36;6.0;1.0;0;1.0;0;0;1.0;0;0;0;0;0;1.0;1.0;0;0;0;0;0
297074;2.44;0.99;57.0;2821.0;28.5;79.5;26.25;5.88;17.05;14.48;328.16;352.45;2.31;153001.0;56.0;57.0;34.0;4340.0;1001.10;878.89;5.0;1.0;0;1.0;0;0;1.0;0;0;0;0;0;1.0;1.0;0;0;0;0;0
297596;3.60;1.00;57.0;2755.0;28.5;79.5;27.75;11.37;25.02;14.58;349.82;354.82;2.31;153001.0;58.0;58.0;34.0;4433.0;1000.98;859.36;5.0;1.0;0;1.0;0;0;1.0;0;0;0;0;0;1.0;1.0;0;0;0;0;0
298094;3.31;0.96;58.0;2688.0;28.5;79.5;27.75;12.15;25.95;14.48;326.30;357.35;2.31;153001.0;59.0;59.0;34.0;4505.0;1000.83;820.30;5.0;1.0;0;1.0;0;0;1.0;0;0;0;0;0;1.0;1.0;0;0;0;0;0
298615;3.44;0.92;61.0;2830.0;28.5;79.5;26.25;14.90;28.03;14.48;327.83;354.60;2.31;153001.0;60.0;61.0;34.0;4518.0;1000.87;234.37;5.0;1.0;0;1.0;0;0;1.0;0;0;0;0;0;1.0;1.0;0;0;0;0;0
299149;3.99;0.95;62.0;2841.0;28.5;79.5;24.0;18.82;31.00;14.48;302.18;338.29;2.31;153001.0;62.0;63.0;34.0;4529.0;1000.87;39.06;5.0;1.0;0;1.0;0;0;1.0;0;0;0;0;0;1.0;1.0;0;0;0;0;0
299743;4.25;1.01;65.0;2969.0;28.5;79.5;23.25;19.61;31.56;14.39;275.45;304.88;2.31;153001.0;65.0;66.0;34.0;4528.0;1000.98;800.77;5.0;1.0;0;1.0;0;0;1.0;0;0;0;0;0;1.0;1.0;0;0;0;0;0
300255;3.42;0.96;67.0;3168.0;28.5;79.5;27.75;15.29;27.73;14.48;242.19;269.08;2.31;153001.0;67.0;68.0;34.0;4526.0;1001.06;820.30;5.0;1.0;0;1.0;0;0;1.0;0;0;0;0;0;1.0;1.0;0;0;0;0;0
300779;3.24;0.97;68.0;3114.0;28.5;79.5;31.5;12.55;25.53;14.48;211.00;301.77;2.31;153001.0;69.0;69.0;34.0;4508.0;1001.02;820.30;5.0;1.0;0;1.0;0;0;1.0;0;0;0;0;0;1.0;1.0;0;0;0;0;0
301302;2.99;0.91;71.0;3299.0;28.5;79.5;32.25;12.15;24.99;14.48;211.11;273.18;2.31;153001.0;70.0;71.0;34.0;4515.0;1000.98;761.70;5.0;1.0;0;1.0;0;0;1.0;0;0;0;0;0;1.0;1.0;0;0;0;0;0
301824;2.39;0.85;71.0;3305.0;28.5;79.5;35.25;8.62;22.10;14.48;171.94;259.10;2.31;153001.0;71.0;71.0;34.0;4515.0;1000.95;664.05;5.0;1.0;0;1.0;0;0;1.0;0;0;0;0;0;1.0;1.0;0;0;0;0;0
302323;1.92;0.80;71.0;3274.0;28.5;79.5;36.75;6.66;18.32;14.48;229.43;300.56;2.31;153001.0;71.0;71.0;34.0;4520.0;1000.95;820.30;5.0;1.0;0;1.0;0;0;1.0;0;0;0;0;0;1.0;1.0;0;0;0;0;0
302839;1.51;0.76;70.0;3294.0;28.5;79.5;38.25;5.09;14.93;14.48;293.71;327.02;2.31;153001.0;70.0;71.0;34.0;4523.0;1000.87;742.17;5.0;1.0;0;1.0;0;0;1.0;0;0;0;0;0;1.0;1.0;0;0;0;0;0
303398;1.11;0.75;68.0;3063.0;28.5;79.5;35.25;3.13;11.04;14.48;327.43;346.13;2.31;153001.0;69.0;69.0;34.0;4532.0;1000.91;195.31;5.0;1.0;0;1.0;0;0;1.0;0;0;0;0;0;1.0;1.0;0;0;0;0;0
303897;0.68;1.00;66.0;3127.0;28.5;79.5;-30.0;0;0;14.58;345.79;351.95;2.31;153001.0;67.0;67.0;34.0;4536.0;1000.83;0;5.0;1.0;0;1.0;0;0;1.0;0;0;0;0;0;1.0;1.0;0;0;0;0;0
304420;0.71;1.00;65.0;2962.0;28.5;79.5;-30.0;0;0;14.58;340.99;326.09;2.31;153001.0;65.0;65.0;34.0;4486.0;1000.63;0;5.0;1.0;0;1.0;0;0;1.0;0;0;0;0;0;1.0;1.0;0;0;0;0;0
304942;2.62;1.00;62.0;2998.0;28.5;79.5;3.0;6.66;11.48;14.48;289.94;294.23;2.31;153001.0;62.0;63.0;34.0;4203.0;1000.59;878.89;5.0;1.0;0;1.0;0;0;1.0;0;0;0;0;0;1.0;1.0;0;0;0;0;0
305459;1.84;1.00;61.0;2845.0;28.5;79.5;14.25;4.31;10.96;14.29;249.80;223.65;2.58;153002.0;62.0;62.0;34.0;4335.0;1000.48;878.89;5.0;1.0;0;1.0;0;0;1.0;0;0;0;0;0;1.0;1.0;0;0;0;0;0
306015;1.04;0.98;60.0;2738.0;28.5;79.5;21.0;1.96;7.56;14.48;238.30;226.41;2.31;153002.0;61.0;61.0;34.0;4466.0;1000.48;878.89;5.0;1.0;0;1.0;0;0;1.0;0;0;0;0;0;1.0;1.0;0;0;0;0;0
306550;1.21;0.96;58.0;2703.0;28.5;79.5;26.25;2.35;8.85;14.29;224.59;219.24;2.58;153002.0;58.0;59.0;34.0;4490.0;1000.40;859.36;5.0;1.0;0;1.0;0;0;1.0;0;0;0;0;0;1.0;1.0;0;0;0;0;0
307049;1.66;0.94;57.0;2650.0;28.5;79.5;29.25;3.52;13.12;14.48;203.58;190.47;2.31;153002.0;58.0;58.0;34.0;4495.0;1000.40;839.83;5.0;1.0;0;1.0;0;0;1.0;0;0;0;0;0;1.0;1.0;0;0;0;0;0
307575;1.72;0.92;57.0;2608.0;28.5;79.5;27.75;3.92;13.76;14.58;198.19;183.54;2.31;153002.0;57.0;57.0;34.0;4504.0;1000.36;839.83;5.0;1.0;0;1.0;0;0;1.0;0;0;1.0;0;0;1.0;1.0;0;0;0;0;0
308142;2.28;0.90;56.0;2615.0;28.5;79.5;27.0;4.70;17.37;14.48;210.08;238.57;2.31;153002.0;56.0;56.0;34.0;4484.0;1000.28;820.30;5.0;1.0;0;1.0;0;0;1.0;0;0;1.0;0;0;1.0;1.0;0;0;0;0;0
308664;0.85;1.00;55.0;2300.0;28.5;79.5;11.25;0;9.97;14.48;278.41;294.39;2.31;153002.0;55.0;56.0;29.0;4690.0;1000.28;195.31;4.0;1.0;0;1.0;0;0;1.0;0;0;1.0;0;0;1.0;1.0;0;0;0;0;0
309179;1.88;0.99;53.0;3003.0;28.5;79.5;33.75;3.92;13.69;14.39;314.06;319.96;2.31;153002.0;53.0;54.0;34.0;4458.0;1000.32;859.36;4.0;1.0;0;1.0;0;0;1.0;0;0;1.0;0;0;1.0;1.0;0;0;0;0;0
309703;2.91;0.97;53.0;2862.0;28.5;79.5;32.25;7.84;22.34;14.48;335.38;338.06;2.31;153002.0;54.0;54.0;34.0;4471.0;1000.28;839.83;4.0;1.0;0;1.0;0;0;1.0;0;0;1.0;0;0;1.0;1.0;0;0;0;0;0
310267;3.14;0.93;55.0;2923.0;28.5;79.5;30.75;10.19;25.10;14.48;343.72;345.13;2.31;153002.0;55.0;56.0;34.0;4518.0;1000.24;820.30;4.0;1.0;0;1.0;0;0;1.0;0;0;1.0;0;0;1.0;1.0;0;0;0;0;0
310764;3.51;0.89;56.0;2977.0;28.5;79.5;28.5;14.90;29.19;14.48;333.92;289.02;2.31;153002.0;56.0;57.0;34.0;4512.0;1000.24;97.65;4.0;1.0;0;1.0;0;0;1.0;0;0;1.0;0;0;1.0;1.0;0;0;0;0;0
311286;3.72;0.94;58.0;3080.0;28.5;79.5;26.25;15.68;30.07;14.39;348.70;334.41;2.31;153002.0;58.0;59.0;34.0;4524.0;1000.24;136.71;4.0;1.0;0;1.0;0;0;1.0;0;0;1.0;0;0;1.0;1.0;0;0;0;0;0
311799;3.37;1.00;61.0;3160.0;28.5;79.5;31.5;12.15;26.91;14.48;323.72;315.74;2.31;153002.0;60.0;61.0;34.0;4525.0;1000.20;839.83;4.0;1.0;0;1.0;0;0;1.0;0;0;0;0;0;1.0;1.0;0;0;0;0;0
312322;2.90;0.98;61.0;3208.0;28.5;79.5;33.0;9.41;22.47;14.48;307.42;331.77;2.31;153002.0;61.0;62.0;34.0;4518.0;1000.20;839.83;4.0;1.0;0;1.0;0;0;1.0;0;0;0;0;0;1.0;1.0;0;0;0;0;0
312890;1.63;0.99;61.0;3100.0;28.5;79.5;36.0;3.92;12.81;14.39;309.29;307.63;2.31;153002.0;62.0;61.0;34.0;4529.0;1000.20;859.36;4.0;1.0;0;1.0;0;0;1.0;0;0;0;0;0;1.0;1.0;0;0;0;0;0
313400;2.09;0.97;60.0;3183.0;28.5;79.5;36.0;5.49;16.12;14.58;291.40;295.91;2.31;153002.0;61.0;60.0;34.0;4507.0;1000.20;839.83;4.0;1.0;0;1.0;0;0;1.0;0;0;0;0;0;1.0;1.0;0;0;0;0;0
313922;2.48;0.94;60.0;3207.0;28.5;79.5;36.0;7.05;18.77;14.48;308.88;286.89;2.31;153002.0;60.0;61.0;34.0;4489.0;1000.20;839.83;4.0;1.0;0;1.0;0;0;1.0;0;0;0;0;0;1.0;1.0;0;0;0;0;0
314450;2.95;0.97;61.0;3181.0;28.5;79.5;33.0;9.80;22.72;14.48;334.60;325.87;2.31;153002.0;60.0;61.0;34.0;4506.0;1000.20;820.30;4.0;1.0;0;1.0;0;0;1.0;0;0;0;0;0;1.0;1.0;0;0;0;0;0
314947;2.72;0.92;61.0;3230.0;28.5;79.5;34.5;9.41;22.36;14.29;345.25;345.50;2.58;153002.0;61.0;62.0;34.0;4524.0;1000.20;800.77;4.0;1.0;0;1.0;0;0;1.0;0;0;0;0;0;1.0;1.0;0;0;0;0;0
315463;2.50;0.87;62.0;3294.0;28.5;79.5;34.5;9.02;21.88;14.48;351.95;335.17;2.31;153002.0;62.0;63.0;34.0;4526.0;1000.20;761.70;4.0;1.0;0;1.0;0;0;1.0;0;0;0;0;0;0;1.0;0;0;0;0;0
315987;2.28;0.82;62.0;3269.0;28.5;79.5;35.25;8.62;21.45;14.39;349.39;333.88;2.31;153002.0;62.0;63.0;34.0;4513.0;1000.20;488.27;4.0;1.0;0;1.0;0;0;1.0;0;0;0;0;0;1.0;1.0;0;0;0;0;0
316512;2.43;0.86;63.0;3257.0;28.5;79.5;36.0;8.62;21.16;14.48;345.36;339.86;2.31;153002.0;62.0;63.0;34.0;4511.0;1000.20;683.58;4.0;1.0;0;1.0;0;0;1.0;0;0;0;0;0;1.0;1.0;0;0;0;0;0
317038;3.60;0.99;65.0;3364.0;28.5;79.5;31.5;14.51;26.61;14.48;326.24;351.50;2.31;153002.0;63.0;65.0;34.0;4512.0;1000.20;781.24;4.0;1.0;0;1.0;0;0;1.0;0;0;0;0;0;1.0;1.0;0;0;0;0;0
317594;3.04;0.93;66.0;3484.0;28.5;79.5;33.0;12.94;25.29;14.48;332.61;326.26;2.31;153002.0;65.0;66.0;34.0;4513.0;1000.20;800.77;4.0;1.0;0;1.0;0;0;1.0;0;0;0;0;0;1.0;1.0;0;0;0;0;0
318121;2.53;0.86;66.0;3469.0;28.5;79.5;35.25;9.80;22.41;14.48;344.00;321.38;2.31;153002.0;66.0;66.0;34.0;4504.0;1000.20;664.05;4.0;1.0;0;1.0;0;0;1.0;0;0;0;0;0;1.0;1.0;0;0;0;0;0
318683;3.39;0.99;66.0;3387.0;28.5;79.5;33.0;12.55;25.45;14.39;344.21;339.97;2.31;153002.0;67.0;67.0;34.0;4502.0;1000.20;800.77;4.0;1.0;0;1.0;0;0;1.0;0;0;0;0;0;1.0;1.0;0;0;0;0;0
319262;4.66;1.00;68.0;3616.0;28.5;80.25;25.5;21.57;33.10;14.29;338.31;272.71;2.58;153002.0;68.0;68.0;34.0;4547.0;1000.20;742.17;4.0;1.0;0;1.0;0;0;1.0;0;0;0;0;0;1.0;1.0;0;0;0;0;0
319784;5.44;1.00;71.0;3665.0;28.5;80.25;19.5;27.06;38.51;14.48;330.89;286.60;2.31;153002.0;70.0;71.0;34.0;4591.0;1000.20;703.11;4.0;1.0;0;1.0;0;0;1.0;0;0;0;0;0;1.0;1.0;0;0;0;0;0
320308;5.26;0.95;73.0;3774.0;28.5;80.25;18.75;27.84;38.96;14.48;348.68;330.11;2.31;153002.0;73.0;74.0;34.0;4581.0;1000.20;761.70;4.0;1.0;0;1.0;0;0;1.0;0;0;0;0;0;1.0;1.0;0;0;0;0;0
320862;4.78;0.94;76.0;4041.0;28.5;80.25;24.0;24.70;37.33;14.39;353.64;345.44;2.31;153002.0;75.0;77.0;34.0;4567.0;1000.20;664.05;4.0;1.0;0;1.0;0;0;1.0;0;0;0;0;0;1.0;1.0;0;0;0;0;0
321419;0;1.00;77.0;3865.0;28.5;80.25;41.25;0;4.30;14.48;360.64;247.64;2.31;153002.0;76.0;77.0;34.0;4426.0;1000.20;859.36;4.0;1.0;0;1.0;0;0;1.0;0;0;0;0;0;1.0;1.0;0;0;0;0;0
321947;4.61;0.99;78.0;3608.0;28.5;80.25;25.5;21.96;33.77;14.29;354.07;311.28;2.58;153002.0;77.0;79.0;34.0;4476.0;1000.20;781.24;5.0;1.0;0;1.0;0;0;1.0;0;0;0;0;0;1.0;1.0;0;0;0;0;0
322469;3.64;1.00;78.0;3541.0;28.5;80.25;30.75;16.08;27.70;14.48;337.26;330.50;2.31;153002.0;78.0;79.0;34.0;4485.0;1000.09;820.30;5.0;1.0;0;1.0;0;0;1.0;0;0;0;0;0;1.0;1.0;0;0;0;0;0
323016;2.52;0.93;78.0;3616.0;28.5;80.25;39.0;9.02;21.55;14.29;346.81;341.40;2.58;153002.0;78.0;79.0;34.0;4497.0;999.97;839.83;5.0;1.0;0;1.0;0;0;1.0;0;0;0;0;0;1.0;1.0;0;0;0;0;0
323539;2.04;0.95;77.0;3607.0;28.5;80.25;40.5;6.27;17.01;14.48;327.61;284.78;2.31;153002.0;77.0;78.0;34.0;4506.0;1000.01;859.36;5.0;1.0;0;1.0;0;0;1.0;0;0;0;0;0;1.0;1.0;0;0;0;0;0
324053;0.77;0.99;75.0;3484.0;28.5;80.25;40.5;1.17;5.48;14.48;340.70;208.81;2.31;153002.0;75.0;75.0;34.0;4537.0;999.93;820.30;5.0;1.0;0;1.0;0;0;1.0;0;0;0;0;0;1.0;1.0;0;0;0;0;0
324629;0.63;1.00;71.0;3339.0;28.5;80.25;-30.0;0;0;14.39;338.65;184.59;2.31;153002.0;71.0;72.0;34.0;4541.0;999.85;136.71;5.0;1.0;0;1.0;0;0;1.0;0;0;0;0;0;1.0;1.0;0;0;0;0;0
325196;0.68;1.00;67.0;3121.0;28.5;80.25;-30.0;0;0;14.39;313.67;205.45;2.31;153002.0;68.0;68.0;34.0;4536.0;999.62;0;5.0;1.0;0;1.0;0;0;1.0;0;0;0;0;0;1.0;1.0;0;0;0;0;0
325695;0.71;1.00;65.0;2973.0;28.5;80.25;-30.0;0;0;14.48;303.06;256.09;2.31;153002.0;65.0;65.0;34.0;4530.0;999.50;0;5.0;1.0;0;1.0;0;0;1.0;0;0;0;0;0;1.0;1.0;0;0;0;0;0
326218;1.67;1.00;61.0;2812.0;28.5;80.25;12.75;3.13;8.94;14.48;336.65;307.36;2.31;153002.0;62.0;62.0;34.0;4207.0;999.34;859.36;5.0;1.0;0;1.0;0;0;1.0;0;0;0;0;0;1.0;1.0;0;0;0;0;0
326742;1.71;1.00;60.0;2842.0;28.5;80.25;18.75;3.52;10.50;14.48;347.73;329.19;2.31;153002.0;60.0;60.0;34.0;4271.0;999.23;859.36;5.0;1.0;0;1.0;0;0;1.0;0;0;0;0;0;1.0;1.0;0;0;0;0;0
327249;2.54;1.00;58.0;2731.0;28.5;80.25;28.5;5.88;17.98;14.48;349.60;343.72;2.31;153002.0;58.0;59.0;34.0;4373.0;999.15;859.36;5.0;1.0;0;1.0;0;0;1.0;0;0;0;0;0;1.0;1.0;0;0;0;0;0
327774;2.60;0.96;58.0;2720.0;28.5;80.25;28.5;7.05;19.93;14.48;351.36;331.81;2.31;153002.0;58.0;59.0;34.0;4472.0;999.11;859.36;5.0;1.0;0;1.0;0;0;1.0;0;0;0;0;0;1.0;1.0;0;0;0;0;0
328285;2.28;0.93;57.0;2679.0;28.5;80.25;29.25;6.27;18.46;14.48;345.54;352.06;2.31;153002.0;57.0;58.0;34.0;4502.0;999.03;839.83;5.0;1.0;0;1.0;0;0;1.0;0;0;0;0;0;1.0;1.0;0;0;0;0;0
328809;2.77;0.90;57.0;2624.0;28.5;80.25;28.5;8.23;20.87;14.39;325.95;324.68;2.31;153002.0;57.0;58.0;34.0;4493.0;999.03;859.36;5.0;1.0;0;1.0;0;0;1.0;0;0;0;0;0;1.0;1.0;0;0;0;0;0
329335;3.31;0.97;57.0;2691.0;28.5;80.25;27.0;11.76;25.69;14.48;329.35;333.98;2.31;153002.0;57.0;57.0;34.0;4501.0;998.99;820.30;5.0;1.0;0;1.0;0;0;1.0;0;0;0;0;0;1.0;1.0;0;0;0;0;0
329904;2.96;0.92;57.0;2713.0;28.5;80.25;27.0;10.98;24.71;14.58;328.43;319.49;2.31;153002.0;57.0;58.0;34.0;4526.0;998.99;800.77;5.0;1.0;0;1.0;0;0;1.0;0;0;0;0;0;1.0;1.0;0;0;0;0;0
330402;2.88;0.88;57.0;2675.0;28.5;80.25;26.25;10.98;24.60;14.48;343.43;332.28;2.31;153002.0;56.0;58.0;34.0;4505.0;998.99;585.93;5.0;1.0;0;1.0;0;0;1.0;0;0;0;0;0;1.0;1.0;0;0;0;0;0
330940;3.27;0.88;57.0;2693.0;28.5;80.25;24.75;14.51;27.49;14.48;338.47;334.54;2.31;153002.0;57.0;58.0;34.0;4489.0;998.95;410.15;5.0;1.0;0;1.0;0;0;1.0;0;0;0;0;0;1.0;1.0;0;0;0;0;0
331531;4.32;0.98;58.0;2642.0;28.5;80.25;21.0;20.78;32.67;14.39;352.41;336.85;2.31;153002.0;58.0;59.0;34.0;4529.0;998.95;664.05;5.0;1.0;0;1.0;0;0;1.0;0;0;0;0;0;1.0;1.0;0;0;0;0;0
332059;4.56;1.00;58.0;3424.0;28.5;80.25;29.25;17.64;28.82;14.48;356.55;352.47;2.31;153002.0;58.0;59.0;34.0;4477.0;998.91;839.83;4.0;1.0;0;1.0;0;0;1.0;0;0;0;0;0;1.0;1.0;0;0;0;0;0
332583;5.60;1.00;61.0;3178.0;28.5;80.25;15.0;29.41;38.08;14.39;359.84;351.69;2.31;153002.0;60.0;61.0;34.0;4577.0;998.91;546.86;4.0;1.0;0;1.0;0;0;1.0;0;0;0;0;0;1.0;1.0;0;0;0;0;0
333107;6.03;1.04;63.0;3357.0;28.5;80.25;14.25;32.16;39.56;14.58;339.84;356.01;2.31;153002.0;62.0;64.0;34.0;4544.0;998.84;722.64;4.0;1.0;0;1.0;0;0;1.0;0;0;0;0;0;1.0;1.0;0;0;0;0;0
333652;4.60;1.00;66.0;3352.0;28.5;80.25;21.0;23.53;34.69;14.48;267.63;345.60;2.31;153002.0;65.0;66.0;34.0;4523.0;998.80;781.24;4.0;1.0;0;1.0;0;0;1.0;0;0;0;0;0;1.0;1.0;0;0;0;0;0
334179;3.99;0.97;68.0;3537.0;28.5;80.25;27.0;19.61;31.73;14.48;292.81;265.37;2.31;153002.0;67.0;69.0;34.0;4497.0;998.64;820.30;4.0;1.0;0;1.0;0;0;1.0;0;0;0;0;0;1.0;1.0;0;0;0;0;0
334688;3.59;0.96;68.0;3538.0;28.5;80.25;30.0;16.47;28.06;14.48;294.68;246.64;2.31;153002.0;68.0;69.0;34.0;4494.0;998.37;820.30;4.0;1.0;0;1.0;0;0;1.0;0;0;0;0;0;1.0;1.0;0;0;0;0;0
335212;2.90;0.89;70.0;3687.0;28.5;80.25;35.25;12.15;24.64;14.29;310.58;236.27;2.58;153002.0;69.0;70.0;34.0;4503.0;998.21;800.77;4.0;1.0;0;1.0;0;0;1.0;0;0;0;0;0;1.0;1.0;0;0;0;0;0
335780;2.74;0.96;70.0;3675.0;28.5;80.25;38.25;9.41;21.67;14.48;323.29;225.00;2.31;153002.0;69.0;70.0;34.0;4496.0;998.05;839.83;4.0;1.0;0;1.0;0;0;1.0;0;0;0;0;0;1.0;1.0;0;0;0;0;0
336304;2.28;0.90;68.0;3637.0;28.5;80.25;39.75;7.84;19.22;14.39;325.13;233.22;2.31;153002.0;69.0;69.0;34.0;4511.0;997.94;839.83;4.0;1.0;0;1.0;0;0;1.0;0;0;0;0;0;1.0;1.0;0;0;0;0;0
336846;2.17;0.85;67.0;3592.0;28.5;80.25;39.0;7.84;19.57;14.48;333.43;185.43;2.31;153002.0;68.0;68.0;34.0;4508.0;997.90;781.24;4.0;1.0;0;1.0;0;0;1.0;0;0;0;0;0;1.0;1.0;0;0;0;0;0
337361;2.04;0.79;67.0;3525.0;28.5;80.25;39.0;7.84;19.61;14.29;342.86;256.70;2.58;153002.0;67.0;68.0;34.0;4525.0;997.86;703.11;4.0;1.0;0;1.0;0;0;1.0;0;0;0;0;0;1.0;1.0;0;0;0;0;0
337884;2.02;0.78;66.0;3449.0;28.5;80.25;38.25;7.84;19.64;14.48;348.72;317.34;2.31;153002.0;66.0;66.0;34.0;4517.0;997.82;136.71;4.0;1.0;0;1.0;0;0;1.0;0;0;0;0;0;1.0;1.0;0;0;0;0;0
338398;2.43;0.82;66.0;3389.0;28.5;80.25;36.75;9.02;21.55;14.48;357.47;241.72;2.31;153002.0;65.0;66.0;34.0;4499.0;997.78;820.30;4.0;1.0;0;1.0;0;0;1.0;0;0;0;0;0;1.0;1.0;0;0;0;0;0
338898;3.40;0.96;66.0;3485.0;28.5;80.25;32.25;14.51;26.35;14.48;342.88;243.57;2.31;153002.0;66.0;67.0;34.0;4513.0;997.70;781.24;4.0;1.0;0;1.0;0;0;1.0;0;0;0;0;0;1.0;1.0;0;0;0;0;0
339422;3.09;0.90;67.0;3540.0;28.5;80.25;33.0;14.11;25.89;14.48;342.65;304.43;2.31;153002.0;66.0;67.0;34.0;4528.0;997.55;253.90;4.0;1.0;0;1.0;0;0;1.0;0;0;0;0;0;1.0;1.0;0;0;0;0;0
339948;3.28;0.94;67.0;3521.0;28.5;80.25;32.25;14.51;26.09;14.39;296.75;326.54;2.31;153002.0;67.0;68.0;34.0;4515.0;997.31;644.52;4.0;1.0;0;1.0;0;0;1.0;0;0;0;0;0;1.0;1.0;0;0;0;0;0
340515;3.46;0.94;68.0;3568.0;28.5;80.25;32.25;15.68;26.94;14.48;290.17;337.43;2.31;153002.0;68.0;68.0;34.0;4490.0;997.08;820.30;4.0;1.0;0;1.0;0;0;1.0;0;0;0;0;0;1.0;1.0;0;0;0;0;0
341025;3.88;0.99;70.0;3674.0;28.5;80.25;29.25;18.82;30.54;14.48;277.44;323.41;2.31;153002.0;69.0;70.0;34.0;4535.0;996.92;800.77;4.0;1.0;0;1.0;0;0;1.0;0;0;0;0;0;1.0;1.0;0;0;0;0;0
341608;2.68;0.91;71.0;3704.0;28.5;80.25;35.25;13.72;25.42;14.48;320.97;286.62;2.31;153002.0;70.0;72.0;34.0;4515.0;996.80;820.30;4.0;1.0;0;1.0;0;0;1.0;0;0;0;0;0;1.0;1.0;0;0;0;0;0
342149;3.31;0.93;71.0;3725.0;28.5;80.25;33.75;15.29;26.65;14.48;299.64;271.54;2.31;153002.0;70.0;72.0;34.0;4512.0;996.69;703.11;4.0;1.0;0;1.0;0;0;1.0;0;0;0;0;0;1.0;1.0;0;0;0;0;0
342673;2.83;0.85;71.0;3749.0;28.5;80.25;35.25;12.94;25.02;14.48;250.27;304.68;2.31;153002.0;70.0;72.0;34.0;4501.0;996.61;664.05;4.0;1.0;0;1.0;0;0;1.0;0;0;0;0;0;1.0;1.0;0;0;0;0;0
343194;3.12;0.85;71.0;3721.0;28.5;80.25;35.25;14.51;26.04;14.48;278.34;316.34;2.31;153002.0;70.0;72.0;34.0;4501.0;996.57;820.30;4.0;1.0;0;1.0;0;0;1.0;0;0;0;0;0;1.0;1.0;0;0;0;0;0
343766;3.56;0.96;72.0;3777.0;28.5;80.25;32.25;16.47;27.69;14.29;318.16;349.89;2.58;153002.0;71.0;72.0;34.0;4526.0;996.57;703.11;4.0;1.0;0;1.0;0;0;1.0;0;0;0;0;0;1.0;1.0;0;0;0;0;0
344329;3.20;0.93;72.0;3856.0;28.5;80.25;35.25;14.11;25.85;14.48;341.91;353.43;2.31;153002.0;72.0;73.0;34.0;4512.0;996.53;781.24;4.0;1.0;0;1.0;0;0;1.0;0;0;0;0;0;1.0;1.0;0;0;0;0;0
344907;2.92;0.87;73.0;3718.0;28.5;80.25;36.0;13.33;25.23;14.29;331.89;339.15;2.58;153002.0;73.0;73.0;34.0;4509.0;996.53;585.93;4.0;1.0;0;1.0;0;0;1.0;0;0;0;0;0;1.0;1.0;0;0;0;0;0
345468;2.92;0.88;73.0;3838.0;28.5;80.25;36.0;12.94;24.90;14.48;343.12;301.73;2.31;153002.0;73.0;74.0;34.0;4512.0;996.49;468.74;4.0;1.0;0;1.0;0;0;1.0;0;0;0;0;0;1.0;1.0;0;0;0;0;0
345989;2.76;0.86;73.0;3906.0;28.5;80.25;36.75;11.76;24.06;14.48;296.52;316.13;2.31;153002.0;73.0;74.0;34.0;4512.0;996.34;585.93;4.0;1.0;0;1.0;0;0;1.0;0;0;0;0;0;1.0;1.0;0;0;0;0;0
346512;2.81;0.88;73.0;3883.0;28.5;80.25;36.75;12.15;24.06;14.39;290.23;288.51;2.31;153002.0;73.0;74.0;34.0;4515.0;996.26;664.05;4.0;1.0;0;1.0;0;0;1.0;0;0;0;0;0;1.0;1.0;0;0;0;0;0
347068;4.37;1.00;75.0;3961.0;28.5;80.25;30.0;20.00;31.93;14.48;303.69;220.33;2.31;153002.0;74.0;75.0;34.0;4575.0;996.14;800.77;4.0;1.0;0;1.0;0;0;1.0;0;0;0;0;0;1.0;1.0;0;0;0;0;0
347638;3.72;0.94;76.0;3948.0;28.5;80.25;32.25;18.04;29.61;14.48;247.97;191.21;2.31;153002.0;75.0;76.0;34.0;4552.0;996.18;703.11;4.0;1.0;0;1.0;0;0;1.0;0;0;0;0;0;1.0;1.0;0;0;0;0;0
348161;1.22;1.00;76.0;3921.0;28.5;80.25;46.5;4.70;8.24;14.48;106.28;287.28;2.31;153002.0;75.0;76.0;34.0;4437.0;995.98;859.36;4.0;1.0;0;1.0;0;0;1.0;0;0;0;0;0;1.0;1.0;0;0;0;0;0
348730;5.49;1.00;77.0;3487.0;28.5;80.25;21.0;25.88;37.02;14.48;106.47;221.43;2.31;153002.0;76.0;78.0;34.0;4498.0;995.79;800.77;5.0;1.0;0;1.0;0;0;1.0;0;0;0;0;0;1.0;1.0;0;0;0;0;0
349253;5.12;0.96;80.0;3768.0;28.5;80.25;18.0;27.06;38.11;14.48;170.10;271.62;2.31;153002.0;79.0;80.0;34.0;4557.0;995.63;664.05;5.0;1.0;0;1.0;0;0;1.0;0;0;0;0;0;1.0;1.0;0;0;0;0;0
349775;3.88;0.98;81.0;3762.0;28.5;80.25;30.75;18.43;29.98;14.48;264.86;325.93;2.31;153002.0;80.0;81.0;34.0;4486.0;995.52;800.77;5.0;1.0;0;1.0;0;0;1.0;0;0;0;0;0;1.0;1.0;0;0;0;0;0
350336;3.28;0.99;81.0;3825.0;28.5;80.25;36.0;13.33;25.19;14.48;315.58;342.20;2.31;153002.0;81.0;82.0;34.0;4477.0;995.44;839.83;5.0;1.0;0;1.0;0;0;1.0;0;0;0;0;0;1.0;1.0;0;0;0;0;0
350834;2.30;1.00;81.0;3690.0;28.5;80.25;42.0;7.05;18.24;14.48;338.37;347.96;2.31;153002.0;80.0;81.0;34.0;4469.0;995.36;859.36;5.0;1.0;0;1.0;0;0;1.0;0;0;0;0;0;1.0;1.0;0;0;0;0;0
351353;0.55;1.00;78.0;3693.0;28.5;80.25;42.75;0;5.58;14.29;345.32;350.29;2.58;153002.0;79.0;79.0;34.0;4537.0;995.32;839.83;5.0;1.0;0;1.0;0;0;1.0;0;0;0;0;0;1.0;1.0;0;0;0;0;0
351875;3.14;1.00;75.0;3486.0;28.5;80.25;9.0;5.49;8.39;14.58;329.90;333.47;2.31;153002.0;75.0;75.0;34.0;4315.0;995.32;859.36;5.0;1.0;0;1.0;0;0;1.0;0;0;0;0;0;1.0;1.0;0;0;0;0;0
352438;3.29;0.98;73.0;3428.0;28.5;80.25;13.5;10.98;19.84;14.48;343.37;332.26;2.31;153002.0;73.0;74.0;34.0;4232.0;995.28;839.83;5.0;1.0;0;1.0;0;0;1.0;0;0;0;0;0;1.0;1.0;0;0;0;0;0
352974;3.23;0.96;73.0;3420.0;28.5;80.25;33.75;12.15;24.79;14.48;345.40;344.35;2.31;153002.0;73.0;74.0;34.0;4377.0;995.28;820.30;5.0;1.0;0;1.0;0;0;1.0;0;0;0;0;0;1.0;1.0;0;0;0;0;0
353473;3.24;0.89;73.0;3427.0;28.5;80.25;31.5;14.90;26.64;14.48;303.59;346.20;2.31;153002.0;73.0;74.0;34.0;4477.0;995.16;624.99;5.0;1.0;0;1.0;0;0;1.0;0;0;0;0;0;1.0;1.0;0;0;0;0;0
354049;2.95;0.97;73.0;3452.0;28.5;80.25;35.25;10.58;23.10;14.48;230.00;336.79;2.31;153002.0;73.0;74.0;34.0;4497.0;995.05;820.30;5.0;1.0;0;1.0;0;0;1.0;0;0;0;0;0;1.0;1.0;0;0;0;0;0
354594;4.00;0.98;75.0;3489.0;28.5;80.25;28.5;18.43;29.85;14.39;167.37;340.34;2.31;153002.0;74.0;75.0;34.0;4531.0;994.77;761.70;5.0;1.0;0;1.0;0;0;1.0;0;0;0;0;0;1.0;1.0;0;0;0;0;0
355160;4.43;0.96;76.0;3485.0;28.5;80.25;22.5;22.35;33.67;14.48;227.29;348.39;2.31;153002.0;75.0;76.0;34.0;4544.0;994.58;722.64;5.0;1.0;0;1.0;0;0;1.0;0;0;0;0;0;1.0;1.0;0;0;0;0;0
355704;4.80;0.97;77.0;3538.0;28.5;80.25;21.0;24.70;35.95;14.48;301.25;353.80;2.31;153002.0;77.0;78.0;34.0;4543.0;994.38;683.58;5.0;1.0;0;1.0;0;0;1.0;0;0;0;0;0;1.0;1.0;0;0;0;0;0
356215;4.15;1.00;80.0;3695.0;28.5;80.25;28.5;20.39;31.81;14.48;333.47;353.72;2.31;153002.0;79.0;80.0;34.0;4529.0;994.27;800.77;5.0;1.0;0;1.0;0;0;1.0;0;0;0;0;0;1.0;1.0;0;0;0;0;0
356727;3.81;0.92;81.0;3755.0;28.5;80.25;29.25;19.21;30.87;14.39;343.64;352.30;2.31;153002.0;80.0;82.0;34.0;4508.0;994.19;664.05;5.0;1.0;0;1.0;0;0;1.0;0;0;0;0;0;1.0;1.0;0;0;0;0;0
357252;3.49;0.91;82.0;3694.0;28.5;80.25;31.5;17.64;29.09;14.29;347.24;336.77;2.58;153002.0;81.0;83.0;34.0;4522.0;994.15;722.64;5.0;1.0;0;1.0;0;0;1.0;0;0;0;0;0;1.0;1.0;0;0;0;0;0
357826;3.05;0.98;82.0;3822.0;28.5;80.25;36.0;11.76;24.09;14.48;320.60;319.37;2.31;153003.0;81.0;83.0;34.0;4470.0;994.11;859.36;5.0;1.0;0;1.0;0;0;1.0;0;0;0;0;0;1.0;1.0;0;0;0;0;0
358424;2.28;0.95;82.0;3780.0;29.25;80.25;42.75;7.45;18.19;14.48;280.07;327.81;2.31;153003.0;81.0;82.0;34.0;4479.0;994.07;859.36;5.0;1.0;0;1.0;0;0;1.0;0;0;0;0;0;1.0;1.0;0;0;0;0;0
358981;1.68;0.90;81.0;3689.0;29.25;80.25;42.0;5.09;14.17;14.39;291.77;287.59;2.31;153003.0;80.0;81.0;34.0;4507.0;994.07;859.36;5.0;1.0;0;1.0;0;0;1.0;0;0;0;0;0;1.0;1.0;0;0;0;0;0
359482;1.56;0.87;80.0;3723.0;29.25;80.25;42.0;4.70;13.33;14.39;300.23;287.98;2.31;153003.0;79.0;80.0;34.0;4521.0;993.99;859.36;5.0;1.0;0;1.0;0;0;1.0;0;0;0;0;0;1.0;1.0;0;0;0;0;0
360005;0.60;0.86;77.0;3638.0;29.25;80.25;42.0;0.78;5.02;14.48;254.43;259.78;2.31;153003.0;78.0;78.0;34.0;4531.0;993.99;839.83;5.0;1.0;0;1.0;0;0;1.0;0;0;0;0;0;1.0;1.0;0;0;0;0;0
360567;0.61;1.00;75.0;3480.0;29.25;80.25;-30.0;0;0;14.58;241.72;209.06;2.31;153003.0;75.0;75.0;34.0;4564.0;993.91;97.65;5.0;1.0;0;1.0;0;0;1.0;0;0;0;0;0;1.0;1.0;0;0;0;0;0
361135;0.63;1.00;72.0;3303.0;29.25;80.25;-30.0;0;0;14.58;314.94;190.69;2.31;153003.0;73.0;73.0;34.0;4573.0;993.72;0;5.0;1.0;0;1.0;0;0;1.0;0;0;0;0;0;1.0;1.0;0;0;0;0;0
361654;0.96;1.00;70.0;3169.0;29.25;80.25;36.75;1.56;6.69;14.48;340.36;284.43;2.31;153003.0;70.0;70.0;34.0;4221.0;993.72;566.39;5.0;1.0;0;1.0;0;0;1.0;0;0;0;0;0;1.0;1.0;0;0;0;0;0
362178;1.01;1.00;68.0;3104.0;29.25;80.25;36.0;1.56;7.14;14.48;350.73;318.74;2.31;153003.0;69.0;69.0;34.0;4301.0;993.60;859.36;5.0;1.0;0;1.0;0;0;1.0;0;0;0;0;0;1.0;1.0;0;0;0;0;0
362753;0.94;0.99;67.0;3115.0;29.25;80.25;36.0;1.56;6.81;14.29;334.09;334.49;2.58;153003.0;67.0;67.0;34.0;4430.0;993.37;878.89;5.0;1.0;0;1.0;0;0;1.0;0;0;0;0;0;1.0;1.0;0;0;0;0;0
363309;0.85;0.97;65.0;3024.0;29.25;80.25;34.5;0.78;6.03;14.48;334.17;321.58;2.31;153003.0;65.0;65.0;34.0;4485.0;993.33;820.30;5.0;1.0;0;1.0;0;0;1.0;0;0;0;0;0;1.0;1.0;0;0;0;0;0
363832;0.71;1.00;62.0;2909.0;29.25;80.25;-30.0;0;0;14.48;317.26;322.14;2.31;153003.0;63.0;63.0;34.0;4539.0;993.21;703.11;5.0;1.0;0;1.0;0;0;1.0;0;0;0;0;0;1.0;1.0;0;0;0;0;0
364359;0.74;1.00;61.0;2771.0;29.25;80.25;-30.0;0;0;14.48;208.56;293.22;2.31;153003.0;61.0;61.0;34.0;4559.0;993.13;0;5.0;1.0;0;1.0;0;0;1.0;0;0;0;0;0;1.0;1.0;0;0;0;0;0
364857;0.75;1.00;58.0;2722.0;29.25;80.25;-30.0;0;0;14.48;159.07;325.83;2.31;153003.0;59.0;59.0;34.0;4550.0;993.02;0;5.0;1.0;0;1.0;0;0;1.0;0;0;0;0;0;1.0;1.0;0;0;0;0;0
365377;0.76;1.00;57.0;2711.0;29.25;80.25;-30.0;0;0;14.39;142.86;316.73;2.31;153003.0;58.0;58.0;34.0;4529.0;992.98;0;5.0;1.0;0;1.0;0;0;1.0;0;0;1.0;0;0;1.0;1.0;0;0;0;0;0
365899;0.92;1.00;55.0;2521.0;29.25;80.25;12.0;0;9.80;14.48;141.63;334.74;2.31;153003.0;56.0;56.0;34.0;4233.0;992.90;0;5.0;1.0;0;1.0;0;0;1.0;0;0;1.0;0;0;0;1.0;0;0;0;0;0
366420;2.00;1.00;53.0;2582.0;29.25;80.25;13.5;3.13;11.25;14.48;192.68;341.87;2.31;153003.0;54.0;54.0;34.0;4261.0;992.86;878.89;5.0;1.0;0;1.0;0;0;1.0;0;0;1.0;0;0;1.0;1.0;0;0;0;0;0
366932;2.76;0.98;53.0;2413.0;29.25;80.25;21.0;5.09;17.71;14.48;263.45;349.23;2.31;153003.0;54.0;54.0;34.0;4386.0;992.86;878.89;5.0;1.0;0;1.0;0;0;1.0;0;0;1.0;0;0;1.0;1.0;0;0;0;0;0
367454;1.08;1.00;52.0;1811.0;29.25;80.25;12.0;0;10.03;14.48;272.26;300.21;2.31;153003.0;53.0;53.0;28.0;4557.0;992.82;761.70;4.0;1.0;0;1.0;0;0;1.0;0;0;1.0;0;0;1.0;1.0;0;0;0;0;0
367965;1.32;0.98;51.0;2662.0;29.25;80.25;29.25;1.96;9.43;14.48;252.64;277.81;2.31;153003.0;51.0;51.0;34.0;4446.0;992.82;878.89;4.0;1.0;0;1.0;0;0;1.0;0;0;1.0;0;0;1.0;1.0;0;0;0;0;0
368488;1.59;0.96;50.0;2699.0;29.25;80.25;30.0;2.74;11.92;14.39;299.55;299.53;2.31;153003.0;50.0;51.0;34.0;4484.0;992.78;878.89;4.0;1.0;0;1.0;0;0;1.0;0;0;1.0;0;0;1.0;1.0;0;0;0;0;0
369016;1.68;0.94;50.0;2643.0;29.25;80.25;27.75;3.13;12.77;14.39;306.40;330.85;2.31;153003.0;50.0;49.0;34.0;4500.0;992.78;878.89;4.0;1.0;0;1.0;0;0;1.0;0;0;1.0;0;0;1.0;1.0;0;0;0;0;0
369527;1.43;0.92;48.0;2495.0;29.25;80.25;25.5;2.35;11.29;14.20;334.04;336.32;2.58;153003.0;49.0;49.0;34.0;4528.0;992.78;859.36;4.0;1.0;0;1.0;0;0;1.0;0;0;1.0;0;0;1.0;1.0;0;0;0;0;0
370050;1.05;1.00;47.0;1853.0;29.25;80.25;12.0;0;10.08;14.39;271.99;307.92;2.31;153003.0;48.0;48.0;29.0;4584.0;992.78;781.24;4.0;1.0;0;1.0;0;0;1.0;0;0;1.0;0;0;1.0;1.0;0;0;0;0;0
370620;0.87;1.00;46.0;2398.0;29.25;80.25;14.25;0;9.89;14.48;169.26;210.20;2.31;153003.0;46.0;46.0;29.0;4503.0;992.78;585.93;4.0;1.0;0;1.0;0;0;1.0;0;0;1.0;0;0;1.0;1.0;0;0;0;0;0
371144;0.90;1.00;43.0;2253.0;29.25;80.25;13.5;0;9.89;14.39;94.74;121.33;2.31;153003.0;44.0;44.0;28.0;4545.0;992.78;19.53;4.0;1.0;0;1.0;0;0;1.0;0;0;1.0;0;0;1.0;1.0;0;0;0;0;0
371647;0.92;1.00;42.0;2175.0;29.25;80.25;12.75;0;9.80;14.39;58.90;86.94;2.31;153003.0;42.0;42.0;27.0;4543.0;992.78;0;4.0;1.0;0;1.0;0;0;1.0;0;0;1.0;0;0;1.0;1.0;0;0;0;0;0
372168;0.96;1.00;40.0;2095.0;29.25;80.25;12.0;0;9.84;14.48;39.60;67.22;2.31;153003.0;40.0;40.0;28.0;4509.0;992.78;0;4.0;1.0;0;1.0;0;0;1.0;0;0;1.0;0;0;1.0;1.0;0;0;0;0;0
372692;0.99;1.00;38.0;2027.0;29.25;80.25;12.0;0;9.83;14.39;26.48;41.79;2.31;153003.0;39.0;39.0;28.0;4496.0;992.78;0;4.0;1.0;0;1.0;0;0;1.0;0;0;1.0;0;0;1.0;1.0;0;0;0;0;0
373268;1.04;1.00;37.0;1883.0;29.25;80.25;12.0;0;9.83;14.48;18.92;27.38;2.31;153003.0;37.0;37.0;28.0;4512.0;992.78;19.53;4.0;1.0;0;1.0;0;0;1.0;0;0;1.0;0;0;1.0;1.0;0;0;0;0;0
373824;1.07;1.00;33.0;1849.0;29.25;80.25;12.0;0;9.92;14.48;13.06;18.69;2.31;153003.0;34.0;34.0;28.0;4538.0;992.78;39.06;4.0;1.0;0;1.0;0;0;1.0;0;0;1.0;0;0;1.0;1.0;0;0;0;0;0
374334;1.34;1.00;31.0;1501.0;29.25;80.25;12.75;0;9.99;14.48;14.72;15.79;2.31;153003.0;32.0;31.0;29.0;4462.0;992.78;859.36;4.0;1.0;0;1.0;0;0;1.0;0;0;1.0;0;0;1.0;1.0;0;0;0;0;0
374864;1.08;0.99;28.0;1795.0;29.25;80.25;12.0;0;9.83;14.39;11.85;13.57;2.31;153003.0;29.0;29.0;27.0;4543.0;992.78;859.36;3.0;1.0;0;1.0;0;0;1.0;0;0;1.0;0;0;1.0;1.0;0;0;0;0;0
375388;1.16;0.98;26.0;1624.0;29.25;80.25;12.75;0;9.88;14.48;8.14;11.67;2.31;153003.0;26.0;26.0;29.0;4495.0;992.78;859.36;3.0;1.0;0;1.0;0;0;1.0;0;0;1.0;0;0;1.0;1.0;0;0;0;0;0
375890;1.28;0.96;23.0;1488.0;29.25;80.25;12.0;0;9.81;14.39;5.85;8.00;2.31;153003.0;24.0;24.0;28.0;4491.0;992.78;839.83;3.0;1.0;0;1.0;0;0;1.0;0;0;1.0;0;0;1.0;1.0;0;0;0;0;0
376414;1.24;0.94;22.0;1490.0;29.25;80.25;12.0;0;10.02;14.48;11.13;12.71;2.31;153003.0;22.0;22.0;29.0;4502.0;992.78;859.36;3.0;1.0;0;1.0;0;0;1.0;0;0;1.0;0;0;1.0;1.0;0;0;0;0;0
376926;1.38;0.93;20.0;1305.0;29.25;80.25;12.0;0;9.89;14.39;15.27;9.72;2.31;153003.0;19.0;20.0;28.0;4497.0;992.78;781.24;2.0;1.0;0;1.0;0;0;1.0;0;0;1.0;0;0;1.0;1.0;0;0;0;0;0
377449;1.46;0.91;12.0;1184.0;29.25;80.25;22.5;0;11.22;14.39;11.05;6.67;2.31;153003.0;13.0;13.0;29.0;4512.0;992.78;429.68;2.0;1.0;0;1.0;0;0;1.0;0;0;1.0;0;0;1.0;1.0;0;0;0;0;0
377977;1.40;0.92;7.0;1277.0;29.25;80.25;13.5;0;10.13;14.48;7.98;7.20;2.31;153003.0;8.0;8.0;28.0;4508.0;992.78;78.12;0;1.0;0;1.0;0;0;1.0;0;0;1.0;0;0;1.0;1.0;0;0;0;0;0
378544;1.42;0.94;6.0;1292.0;29.25;80.25;12.0;0;10.11;14.39;8.47;5.19;2.31;153003.0;7.0;6.0;28.0;4509.0;992.78;19.53;1.0;1.0;0;1.0;0;0;1.0;0;0;1.0;0;0;1.0;1.0;0;0;0;0;0
379047;1.48;0.95;7.0;1296.0;29.25;80.25;12.75;0;10.75;14.48;6.13;3.74;2.31;153003.0;7.0;7.0;29.0;4502.0;992.78;58.59;1.0;1.0;0;1.0;0;0;1.0;0;0;1.0;0;0;1.0;1.0;0;0;0;0;0
379578;1.45;0.97;6.0;1298.0;29.25;80.25;12.0;0;9.85;14.48;4.41;4.84;2.31;153003.0;6.0;6.0;28.0;4511.0;992.78;78.12;1.0;1.0;0;1.0;0;0;1.0;0;0;1.0;0;0;1.0;1.0;0;0;0;0;0
380102;1.52;0.98;6.0;1247.0;29.25;80.25;16.5;0;10.48;14.39;5.58;3.47;2.31;153003.0;6.0;6.0;28.0;4509.0;992.78;605.46;1.0;1.0;0;1.0;0;0;1.0;0;0;1.0;0;0;1.0;1.0;0;0;0;0;0
380650;1.65;0.98;6.0;1295.0;29.25;80.25;12.75;0.39;10.34;14.48;4.25;2.61;2.31;153003.0;6.0;6.0;33.0;4514.0;992.78;742.17;1.0;1.0;0;1.0;0;0;1.0;0;0;1.0;0;0;1.0;1.0;0;0;0;0;0
381174;2.79;0.99;7.0;1960.0;29.25;80.25;16.5;4.31;18.16;14.39;6.87;10.56;2.31;153003.0;8.0;7.0;34.0;4564.0;992.78;878.89;1.0;1.0;0;1.0;0;0;1.0;0;0;1.0;0;0;1.0;1.0;0;0;0;0;0
381754;4.10;1.00;12.0;1878.0;29.25;80.25;14.25;9.02;29.17;14.39;89.15;100.30;2.31;153003.0;13.0;13.0;34.0;4511.0;992.78;859.36;1.0;1.0;0;1.0;0;0;1.0;0;0;1.0;0;0;1.0;1.0;0;0;0;0;0
382223;4.36;1.00;20.0;2282.0;29.25;80.25;18.0;13.33;31.16;14.39;112.21;151.39;2.31;153003.0;20.0;20.0;34.0;4388.0;992.78;859.36;1.0;1.0;0;1.0;0;0;1.0;0;0;1.0;0;0;1.0;1.0;0;0;0;0;0
382741;4.61;0.98;27.0;3067.0;29.25;80.25;22.5;21.96;34.34;14.39;181.72;219.84;2.31;153003.0;28.0;28.0;34.0;4528.0;992.78;644.52;1.0;1.0;0;1.0;0;0;1.0;0;0;1.0;0;0;1.0;1.0;0;0;0;0;0
383249;0.12;1.00;33.0;3546.0;29.25;80.25;41.25;0;7.48;14.48;204.45;211.76;2.31;153003.0;33.0;34.0;34.0;4467.0;992.78;878.89;0;1.0;0;1.0;0;0;1.0;0;0;1.0;0;0;1.0;1.0;0;0;0;0;0
383780;4.50;0.99;38.0;3082.0;29.25;81.0;25.5;18.43;32.35;14.48;200.37;187.50;2.31;153003.0;38.0;39.0;33.0;4221.0;992.78;800.77;2.0;1.0;0;1.0;0;0;1.0;0;0;1.0;0;0;1.0;1.0;0;0;0;0;0
384339;3.96;0.92;43.0;3439.0;29.25;81.0;27.75;18.04;31.34;14.39;100.95;89.60;2.31;153003.0;44.0;44.0;33.0;4366.0;992.78;761.70;2.0;1.0;0;1.0;0;0;1.0;0;0;1.0;0;0;1.0;1.0;0;0;0;0;0
384871;7.00;1.00;51.0;3982.0;29.25;81.0;18.0;32.94;42.91;14.39;52.90;34.62;2.31;153003.0;48.0;51.0;33.0;4587.0;992.78;820.30;2.0;1.0;0;1.0;0;0;1.0;0;0;1.0;0;0;1.0;1.0;0;0;0;0;0
385510;0;1.00;57.0;4526.0;29.25;81.0;42.75;0;4.05;14.48;16.50;12.16;2.31;153003.0;56.0;57.0;33.0;4384.0;992.78;878.89;2.0;1.0;0;1.0;0;0;1.0;0;0;1.0;0;0;1.0;1.0;0;0;0;0;0
386060;5.90;1.00;61.0;3845.0;29.25;81.0;21.0;26.66;39.59;14.39;8.04;5.48;2.31;153003.0;60.0;62.0;33.0;4537.0;992.78;820.30;3.0;1.0;0;1.0;0;0;1.0;0;0;1.0;0;0;1.0;1.0;0;0;0;0;0
386582;5.28;0.94;67.0;4173.0;29.25;81.0;22.5;27.84;40.82;14.39;3.18;3.71;2.31;153003.0;65.0;68.0;33.0;4607.0;992.78;332.02;3.0;1.0;0;1.0;0;0;1.0;0;0;1.0;0;0;1.0;1.0;0;0;0;0;0
387115;4.56;1.00;70.0;4023.0;29.25;81.0;39.75;13.33;23.17;14.48;1.11;1.34;2.31;153003.0;68.0;70.0;33.0;4385.0;992.78;859.36;4.0;1.0;0;1.0;0;0;1.0;0;0;0;0;0;1.0;1.0;0;0;0;0;0
387613;5.74;1.00;73.0;3809.0;29.25;81.0;21.75;26.27;37.91;14.48;1.34;0.33;2.31;153003.0;72.0;74.0;33.0;4508.0;992.78;820.30;4.0;1.0;0;1.0;0;0;1.0;0;0;0;0;0;1.0;1.0;0;0;0;0;0
388147;3.97;0.98;77.0;3944.0;29.25;80.25;32.25;19.21;30.69;14.48;97.35;1.60;2.31;153003.0;74.0;77.0;34.0;4513.0;992.78;800.77;4.0;1.0;0;1.0;0;0;1.0;0;0;0;0;0;1.0;1.0;0;0;0;0;0
388671;3.22;1.00;77.0;4056.0;29.25;80.25;36.75;13.33;25.10;14.48;255.94;4.43;2.31;153003.0;77.0;78.0;34.0;4489.0;992.78;839.83;4.0;1.0;0;1.0;0;0;1.0;0;0;0;0;0;1.0;1.0;0;0;0;0;0
389212;3.01;0.91;78.0;4106.0;29.25;80.25;38.25;12.94;24.75;14.39;182.70;125.48;2.31;153003.0;78.0;79.0;34.0;4519.0;992.78;859.36;4.0;1.0;0;1.0;0;0;1.0;0;0;0;0;0;1.0;1.0;0;0;0;0;0
389727;0;1.00;80.0;4258.0;29.25;80.25;42.0;0;4.06;14.39;206.92;208.24;2.31;153003.0;80.0;80.0;34.0;4523.0;992.78;859.36;4.0;1.0;0;1.0;0;0;1.0;0;0;0;0;0;1.0;1.0;0;0;0;0;0
390251;3.15;0.96;82.0;3777.0;29.25;80.25;36.75;11.76;24.01;14.48;245.74;254.71;2.31;153003.0;80.0;82.0;34.0;4428.0;992.78;820.30;5.0;1.0;0;1.0;0;0;1.0;0;0;0;0;0;1.0;1.0;0;0;0;0;0
390764;1.03;0.99;81.0;3745.0;29.25;80.25;43.5;2.35;7.79;14.48;307.81;316.73;2.31;153003.0;81.0;81.0;34.0;4485.0;992.78;878.89;5.0;1.0;0;1.0;0;0;1.0;0;0;0;0;0;1.0;1.0;0;0;0;0;0
391287;1.10;0.98;80.0;3644.0;29.25;80.25;42.0;2.74;8.26;14.39;338.88;338.70;2.31;153003.0;80.0;81.0;34.0;4506.0;992.78;878.89;5.0;1.0;0;1.0;0;0;1.0;0;0;0;0;0;1.0;1.0;0;0;0;0;0
391811;0.61;1.00;78.0;3608.0;29.25;80.25;-30.0;0;0;14.48;347.10;327.85;2.31;153003.0;79.0;79.0;34.0;4557.0;992.78;664.05;5.0;1.0;0;1.0;0;0;1.0;0;0;0;0;0;1.0;1.0;0;0;0;0;0
392323;0.61;1.00;77.0;3629.0;29.25;79.5;-30.0;0;0;14.48;298.65;332.65;2.31;153003.0;76.0;77.0;34.0;4571.0;992.78;0;5.0;1.0;0;1.0;0;0;1.0;0;0;0;0;0;1.0;1.0;0;0;0;0;0
392846;0.60;1.00;76.0;3560.0;29.25;79.5;-30.0;0;0;14.48;330.23;351.83;2.31;153003.0;76.0;76.0;34.0;4581.0;992.78;0;5.0;1.0;0;1.0;0;0;1.0;0;0;0;0;0;1.0;1.0;0;0;0;0;0
393360;2.80;1.00;76.0;3615.0;29.25;79.5;3.0;8.23;11.56;14.48;338.27;330.46;2.31;153003.0;75.0;76.0;34.0;4204.0;992.78;878.89;5.0;1.0;0;1.0;0;0;1.0;0;0;0;0;0;1.0;1.0;0;0;0;0;0
393885;2.69;0.96;76.0;3514.0;29.25;79.5;18.75;8.23;17.64;14.48;336.15;323.74;2.31;153003.0;75.0;76.0;34.0;4271.0;992.78;859.36;5.0;1.0;0;1.0;0;0;1.0;0;0;0;0;0;1.0;1.0;0;0;0;0;0
394386;2.27;0.91;76.0;3557.0;29.25;79.5;32.25;7.45;18.10;14.48;301.15;281.46;2.31;153003.0;75.0;77.0;34.0;4414.0;992.78;859.36;5.0;1.0;0;1.0;0;0;1.0;0;0;0;0;0;1.0;1.0;0;0;0;0;0
394909;2.06;0.86;77.0;3551.0;29.25;79.5;40.5;7.05;18.24;14.39;270.97;256.50;2.31;153003.0;76.0;77.0;34.0;4483.0;992.78;839.83;5.0;1.0;0;1.0;0;0;1.0;0;0;0;0;0;1.0;1.0;0;0;0;0;0
395432;1.75;0.81;77.0;3630.0;29.25;79.5;41.25;6.27;16.48;14.39;295.62;319.15;2.31;153003.0;77.0;78.0;34.0;4514.0;992.78;839.83;5.0;1.0;0;1.0;0;0;1.0;0;0;0;0;0;1.0;1.0;0;0;0;0;0
395952;1.64;0.77;78.0;3619.0;29.25;79.5;41.25;6.27;16.25;14.48;332.71;337.55;2.31;153003.0;78.0;79.0;34.0;4509.0;992.78;800.77;5.0;1.0;0;1.0;0;0;1.0;0;0;0;0;0;1.0;1.0;0;0;0;0;0
396511;1.51;0.73;77.0;3576.0;29.25;79.5;40.5;5.88;15.75;14.48;326.05;341.75;2.31;153003.0;77.0;78.0;34.0;4518.0;992.78;722.64;5.0;1.0;0;1.0;0;0;1.0;0;0;0;0;0;1.0;1.0;0;0;0;0;0
397035;3.33;0.98;80.0;3701.0;29.25;79.5;34.5;13.33;25.02;14.48;354.17;353.10;2.31;153003.0;78.0;80.0;34.0;4531.0;992.78;820.30;5.0;1.0;0;1.0;0;0;1.0;0;0;0;0;0;1.0;1.0;0;0;0;0;0
397563;2.85;0.90;81.0;3768.0;29.25;79.5;37.5;11.76;23.86;14.48;350.01;353.94;2.31;153003.0;79.0;82.0;34.0;4539.0;992.78;781.24;5.0;1.0;0;1.0;0;0;1.0;0;0;0;0;0;1.0;1.0;0;0;0;0;0
398086;2.44;0.83;83.0;3872.0;29.25;79.5;39.0;10.19;22.29;14.48;317.46;352.92;2.31;153003.0;81.0;83.0;34.0;4527.0;992.78;664.05;5.0;1.0;0;1.0;0;0;1.0;0;0;0;0;0;1.0;1.0;0;0;0;0;0
398598;2.30;0.84;83.0;3844.0;29.25;79.5;39.75;9.02;20.79;14.39;263.79;342.55;2.31;153003.0;82.0;84.0;34.0;4514.0;992.78;761.70;5.0;1.0;0;1.0;0;0;1.0;0;0;0;0;0;1.0;1.0;0;0;0;0;0
399156;1.56;0.79;83.0;3888.0;29.25;78.75;44.25;5.49;14.97;14.39;245.64;276.87;2.31;153003.0;82.0;84.0;35.0;4503.0;992.78;839.83;5.0;1.0;0;1.0;0;0;1.0;0;0;0;0;0;1.0;1.0;0;0;0;0;0
399693;1.11;0.77;82.0;3746.0;29.25;78.75;42.75;3.92;10.54;14.39;247.34;257.58;2.31;153003.0;81.0;83.0;35.0;4520.0;992.78;800.77;5.0;1.0;0;1.0;0;0;1.0;0;0;0;0;0;1.0;1.0;0;0;0;0;0
400191;0.98;0.75;81.0;3681.0;29.25;78.75;42.75;3.13;9.49;14.48;233.11;161.06;2.31;153003.0;80.0;81.0;35.0;4521.0;992.78;781.24;5.0;1.0;0;1.0;0;0;1.0;0;0;0;0;0;1.0;1.0;0;0;0;0;0
400715;2.64;1.00;80.0;3697.0;29.25;78.75;40.5;7.45;18.86;14.48;216.04;120.96;2.31;153003.0;80.0;81.0;35.0;4488.0;992.78;859.36;5.0;1.0;0;1.0;0;0;1.0;0;0;0;0;0;1.0;1.0;0;0;0;0;0
401249;2.40;0.95;82.0;3812.0;29.25;78.75;42.0;7.84;19.16;14.48;244.69;163.07;2.31;153003.0;81.0;82.0;35.0;4524.0;992.94;839.83;5.0;1.0;0;1.0;0;0;1.0;0;0;0;0;0;1.0;1.0;0;0;0;0;0
401805;4.07;1.00;83.0;3943.0;29.25;78.75;34.5;16.08;27.17;14.39;247.71;228.14;2.31;153003.0;83.0;84.0;35.0;4580.0;993.09;800.77;5.0;1.0;0;1.0;0;0;1.0;0;0;0;0;0;1.0;1.0;0;0;0;0;0
402320;3.12;0.98;85.0;3817.0;29.25;78.75;39.0;11.76;23.86;14.48;317.59;292.09;2.31;153003.0;83.0;85.0;35.0;4505.0;993.41;800.77;6.0;1.0;0;1.0;0;0;1.0;0;0;0;0;0;1.0;1.0;0;0;0;0;0
402842;2.58;1.00;87.0;3723.0;29.25;78.75;39.75;8.62;20.45;14.29;338.53;323.31;2.58;153003.0;86.0;87.0;35.0;4498.0;993.48;839.83;6.0;1.0;0;1.0;0;0;1.0;0;0;0;0;0;1.0;1.0;0;0;0;0;0
403362;2.23;0.96;87.0;3629.0;29.25;78.75;42.0;6.66;17.70;14.29;331.91;335.15;2.58;153003.0;86.0;88.0;35.0;4493.0;993.56;859.36;6.0;1.0;0;1.0;0;0;1.0;0;0;0;0;0;1.0;1.0;0;0;0;0;0
403880;2.06;0.92;87.0;3712.0;29.25;78.75;42.0;6.66;17.11;14.39;312.51;289.96;2.31;153003.0;86.0;87.0;35.0;4510.0;993.64;839.83;6.0;1.0;0;1.0;0;0;1.0;0;0;0;0;0;1.0;1.0;0;0;0;0;0
404402;1.89;0.87;87.0;3718.0;29.25;78.75;42.75;6.27;16.55;14.48;323.49;330.79;2.31;153003.0;87.0;88.0;35.0;4516.0;993.68;839.83;6.0;1.0;0;1.0;0;0;1.0;0;0;0;0;0;1.0;1.0;0;0;0;0;0
404916;1.99;0.83;87.0;3708.0;29.25;78.75;42.0;7.05;18.16;14.48;311.05;308.43;2.31;153003.0;88.0;88.0;35.0;4513.0;993.80;761.70;6.0;1.0;0;1.0;0;0;1.0;0;0;0;0;0;1.0;1.0;0;0;0;0;0
405441;1.75;0.77;88.0;3815.0;29.25;78.75;42.75;7.05;17.83;14.48;298.76;278.92;2.31;153003.0;88.0;89.0;35.0;4526.0;993.84;761.70;6.0;1.0;0;1.0;0;0;1.0;0;0;0;0;0;1.0;1.0;0;0;0;0;0
406022;1.24;0.74;90.0;3736.0;29.25;78.75;43.5;4.70;12.71;14.39;219.90;297.61;2.31;153003.0;89.0;90.0;35.0;4507.0;993.87;800.77;6.0;1.0;0;1.0;0;0;1.0;0;0;0;0;0;1.0;1.0;0;0;0;0;0
406569;1.04;0.71;88.0;3850.0;29.25;78.75;44.25;3.92;10.79;14.48;165.22;184.61;2.31;153003.0;88.0;89.0;35.0;4513.0;993.91;605.46;6.0;1.0;0;1.0;0;0;1.0;0;0;0;0;0;1.0;1.0;0;0;0;0;0
407092;0.61;1.00;87.0;3719.0;29.25;78.75;-30.0;0;0;14.39;187.46;220.31;2.31;153003.0;87.0;88.0;35.0;4537.0;993.95;0;6.0;1.0;0;1.0;0;0;1.0;0;0;0;0;0;1.0;1.0;0;0;0;0;0
407613;1.34;1.00;86.0;3689.0;29.25;78.75;42.75;1.56;5.90;14.48;233.38;286.64;2.31;153003.0;86.0;87.0;35.0;4355.0;993.95;527.33;6.0;1.0;0;1.0;0;0;1.0;0;0;0;0;0;1.0;1.0;0;0;0;0;0
408173;2.55;0.99;86.0;3694.0;29.25;78.75;11.25;7.05;12.58;14.39;305.50;313.92;2.31;153003.0;85.0;87.0;35.0;4227.0;993.95;878.89;6.0;1.0;0;1.0;0;0;1.0;0;0;0;0;0;1.0;1.0;0;0;0;0;0
408691;2.27;0.94;87.0;3769.0;29.25;78.75;23.25;7.05;15.36;14.48;330.68;343.76;2.31;153003.0;87.0;88.0;35.0;4369.0;993.99;859.36;6.0;1.0;0;1.0;0;0;1.0;0;0;0;0;0;1.0;1.0;0;0;0;0;0
409215;1.64;0.89;88.0;3809.0;29.25;78.75;33.75;5.09;13.02;14.39;344.54;332.98;2.31;153003.0;88.0;89.0;35.0;4474.0;993.99;859.36;6.0;1.0;0;1.0;0;0;1.0;0;0;0;0;0;1.0;1.0;0;0;0;0;0
409739;0.57;1.00;88.0;3728.0;29.25;78.75;41.25;0;5.48;14.48;347.96;342.41;2.31;153003.0;88.0;89.0;35.0;4540.0;994.03;859.36;6.0;1.0;0;1.0;0;0;1.0;0;0;0;0;0;1.0;1.0;0;0;0;0;0
410271;0.60;1.00;87.0;3722.0;29.25;78.75;-30.0;0;0;14.58;349.21;301.50;2.31;153003.0;87.0;87.0;35.0;4570.0;994.27;0;6.0;1.0;0;1.0;0;0;1.0;0;0;0;0;0;1.0;1.0;0;0;0;0;0
410826;0.63;1.00;85.0;3602.0;29.25;78.75;-30.0;0;0;14.48;310.58;316.13;2.31;153003.0;84.0;86.0;35.0;4575.0;994.46;0;6.0;1.0;0;1.0;0;0;1.0;0;0;0;0;0;1.0;1.0;0;0;0;0;0
411339;0.63;1.00;83.0;3569.0;29.25;78.75;-30.0;0;0;14.48;329.27;309.64;2.31;153003.0;83.0;84.0;35.0;4573.0;994.73;0;6.0;1.0;0;1.0;0;0;1.0;0;0;0;0;0;1.0;1.0;0;0;0;0;0
411864;2.24;1.00;83.0;3573.0;29.25;78.75;10.5;5.88;10.26;14.48;333.41;314.86;2.31;153003.0;82.0;83.0;35.0;4209.0;994.85;898.42;6.0;1.0;0;1.0;0;0;1.0;0;0;0;0;0;1.0;1.0;0;0;0;0;0
412387;2.2;0.96;83.0;3490.0;29.25;78.75;20.25;6.27;13.92;14.48;297.10;335.34;2.31;153003.0;83.0;83.0;35.0;4320.0;994.97;878.89;6.0;1.0;0;1.0;0;0;1.0;0;0;0;0;0;1.0;1.0;0;0;0;0;0
412897;2.16;0.92;83.0;3591.0;29.25;78.75;30.75;6.66;16.70;14.48;340.95;328.00;2.31;153003.0;83.0;84.0;35.0;4432.0;995.05;859.36;6.0;1.0;0;1.0;0;0;1.0;0;0;0;0;0;1.0;1.0;0;0;0;0;0
413424;2.59;0.96;85.0;3641.0;29.25;78.75;39.75;8.23;20.23;14.48;315.07;349.58;2.31;153003.0;83.0;85.0;35.0;4497.0;995.09;859.36;6.0;1.0;0;1.0;0;0;1.0;0;0;0;0;0;1.0;1.0;0;0;0;0;0
414000;2.27;0.90;86.0;3648.0;29.25;78.75;40.5;7.45;19.16;14.48;347.32;355.09;2.31;153003.0;85.0;87.0;35.0;4519.0;995.12;839.83;6.0;1.0;0;1.0;0;0;1.0;0;0;0;0;0;1.0;1.0;0;0;0;0;0
414509;1.40;0.85;87.0;3728.0;29.25;78.75;42.75;4.70;12.70;14.48;356.69;353.31;2.31;153004.0;86.0;87.0;35.0;4525.0;995.16;859.36;6.0;1.0;0;1.0;0;0;1.0;0;0;0;0;0;1.0;1.0;0;0;0;0;0
415085;0.60;1.00;86.0;3609.0;29.25;78.75;-30.0;0;0;14.48;332.34;357.84;2.31;153004.0;85.0;86.0;35.0;4551.0;995.16;800.77;6.0;1.0;0;1.0;0;0;1.0;0;0;0;0;0;1.0;1.0;0;0;0;0;0
415648;0.62;1.00;83.0;3602.0;29.25;78.75;-30.0;0;0;14.48;326.44;355.52;2.31;153004.0;83.0;84.0;35.0;4570.0;995.16;0;6.0;1.0;0;1.0;0;0;1.0;0;0;0;0;0;1.0;1.0;0;0;0;0;0
416171;1.06;1.00;82.0;3441.0;29.25;78.75;39.75;0.78;5.25;14.48;349.13;330.33;2.31;153004.0;81.0;82.0;35.0;4450.0;995.20;0;6.0;1.0;0;1.0;0;0;1.0;0;0;0;0;0;0;1.0;0;0;0;0;0
416705;0.78;1.00;81.0;2766.0;29.25;78.75;-30.0;0;0;14.58;325.23;344.86;2.31;153004.0;81.0;81.0;35.0;4294.0;995.24;761.70;5.0;1.0;0;1.0;0;0;1.0;0;0;0;0;0;1.0;1.0;0;0;0;0;0
417267;0.64;1.00;78.0;3563.0;29.25;78.75;-30.0;0;0;14.48;278.55;328.18;2.31;153004.0;79.0;79.0;35.0;4277.0;995.40;0;5.0;1.0;0;1.0;0;0;1.0;0;0;0;0;0;1.0;1.0;0;0;0;0;0
417801;0.64;1.00;75.0;3498.0;29.25;78.75;-30.0;0;0;14.48;270.52;259.59;2.31;153004.0;75.0;75.0;35.0;4293.0;995.75;0;5.0;1.0;0;1.0;0;0;1.0;0;0;0;0;0;1.0;1.0;0;0;0;0;0
418300;0.68;1.00;71.0;3324.0;29.25;78.75;-30.0;0;0;14.39;282.36;225.12;2.31;153004.0;72.0;72.0;35.0;4303.0;995.95;0;5.0;1.0;0;1.0;0;0;1.0;0;0;0;0;0;1.0;1.0;0;0;0;0;0
418822;0.68;1.00;71.0;3290.0;29.25;78.75;-30.0;0;0;14.48;332.81;290.09;2.31;153004.0;71.0;71.0;35.0;4302.0;996.10;0;5.0;1.0;0;1.0;0;0;1.0;0;0;0;0;0;1.0;1.0;0;0;0;0;0
419391;3.21;1.00;71.0;3341.0;29.25;78.75;0.75;7.05;9.74;14.48;339.37;329.39;2.31;153004.0;70.0;71.0;35.0;4169.0;996.22;917.95;5.0;1.0;0;1.0;0;0;1.0;0;0;0;0;0;1.0;1.0;0;0;0;0;0
419915;2.58;0.98;72.0;3357.0;29.25;78.75;13.5;7.45;14.87;14.48;347.18;313.71;2.31;153004.0;71.0;72.0;35.0;4276.0;996.30;898.42;5.0;1.0;0;1.0;0;0;1.0;0;0;0;0;0;1.0;1.0;0;0;0;0;0
420450;3.46;1.00;73.0;3452.0;29.25;78.75;30.0;11.76;24.22;14.39;348.49;341.81;2.31;153004.0;72.0;74.0;35.0;4397.0;996.34;878.89;5.0;1.0;0;1.0;0;0;1.0;0;0;0;0;0;1.0;1.0;0;0;0;0;0
421006;3.07;0.93;75.0;3491.0;29.25;78.75;33.75;11.76;24.56;14.48;349.17;354.15;2.31;153004.0;74.0;76.0;35.0;4496.0;996.37;820.30;5.0;1.0;0;1.0;0;0;1.0;0;0;0;0;0;1.0;1.0;0;0;0;0;0
421520;2.80;0.86;77.0;3493.0;29.25;78.75;35.25;11.76;24.56;14.39;332.98;353.14;2.31;153004.0;76.0;78.0;35.0;4522.0;996.41;429.68;5.0;1.0;0;1.0;0;0;1.0;0;0;0;0;0;1.0;1.0;0;0;0;0;0
422043;2.88;0.89;78.0;3540.0;29.25;78.75;36.0;11.76;24.50;14.39;327.92;345.97;2.31;153004.0;77.0;79.0;35.0;4529.0;996.41;605.46;5.0;1.0;0;1.0;0;0;1.0;0;0;0;0;0;1.0;1.0;0;0;0;0;0
422567;3.13;0.89;81.0;3673.0;29.25;78.75;33.75;14.90;26.32;14.48;346.32;330.31;2.31;153004.0;80.0;81.0;35.0;4521.0;996.41;58.59;5.0;1.0;0;1.0;0;0;1.0;0;0;0;0;0;1.0;1.0;0;0;0;0;0
423081;3.38;0.97;82.0;3877.0;29.25;78.75;34.5;14.90;26.37;14.39;300.93;307.71;2.31;153004.0;82.0;83.0;35.0;4536.0;996.65;839.83;5.0;1.0;0;1.0;0;0;1.0;0;0;0;0;0;1.0;1.0;0;0;0;0;0
423602;2.84;0.95;85.0;3943.0;29.25;78.75;39.0;10.98;22.69;14.48;293.84;230.16;2.31;153004.0;84.0;86.0;35.0;4514.0;996.92;839.83;5.0;1.0;0;1.0;0;0;1.0;0;0;0;0;0;1.0;1.0;0;0;0;0;0
424115;2.61;0.88;86.0;3930.0;29.25;78.75;39.0;10.58;22.56;14.29;229.34;223.20;2.58;153004.0;85.0;87.0;35.0;4527.0;997.08;703.11;5.0;1.0;0;1.0;0;0;1.0;0;0;0;0;0;1.0;1.0;0;0;0;0;0
424640;4.67;1.00;87.0;4114.0;29.25;78.75;31.5;19.21;30.89;14.48;267.60;264.55;2.31;153004.0;86.0;88.0;35.0;4591.0;997.23;839.83;5.0;1.0;0;1.0;0;0;1.0;0;0;0;0;0;1.0;1.0;0;0;0;0;0
425162;0.28;1.00;90.0;3984.0;29.25;78.75;42.0;0.78;4.17;14.48;255.60;324.39;2.31;153004.0;88.0;90.0;35.0;4440.0;997.31;878.89;5.0;1.0;0;1.0;0;0;1.0;0;0;0;0;0;1.0;1.0;0;0;0;0;0
425685;3.36;0.95;91.0;3849.0;29.25;78.75;35.25;14.51;26.21;14.39;282.79;331.07;2.31;153004.0;90.0;91.0;35.0;4477.0;997.47;742.17;6.0;1.0;0;1.0;0;0;1.0;0;0;0;0;0;1.0;1.0;0;0;0;0;0
426208;2.64;0.98;92.0;3966.0;29.25;78.75;41.25;9.02;20.48;14.48;275.09;336.85;2.31;153004.0;92.0;93.0;35.0;4471.0;997.51;839.83;6.0;1.0;0;1.0;0;0;1.0;0;0;0;0;0;1.0;1.0;0;0;0;0;0
426727;2.24;0.92;93.0;4001.0;29.25;78.75;42.75;7.84;18.51;14.48;334.60;221.00;2.31;153004.0;93.0;94.0;35.0;4498.0;997.62;839.83;6.0;1.0;0;1.0;0;0;1.0;0;0;0;0;0;1.0;1.0;0;0;0;0;0
427251;2.06;0.86;95.0;4008.0;29.25;78.75;44.25;7.45;18.17;14.48;358.84;304.37;2.31;153004.0;93.0;95.0;35.0;4510.0;997.82;820.30;6.0;1.0;0;1.0;0;0;1.0;0;0;0;0;0;1.0;1.0;0;0;0;0;0
427750;1.84;0.80;96.0;4114.0;29.25;78.75;44.25;7.05;17.28;14.48;359.89;217.01;2.31;153004.0;94.0;96.0;35.0;4508.0;997.94;761.70;6.0;1.0;0;1.0;0;0;1.0;0;0;0;0;0;1.0;1.0;0;0;0;0;0
428283;1.72;0.76;96.0;4015.0;29.25;78.75;44.25;7.05;17.32;14.48;268.98;255.74;2.31;153004.0;95.0;96.0;35.0;4522.0;998.02;566.39;6.0;1.0;0;1.0;0;0;1.0;0;0;0;0;0;1.0;1.0;0;0;0;0;0
428806;1.44;0.73;96.0;4084.0;29.25;78.75;45.75;5.88;14.93;14.48;250.23;205.55;2.31;153004.0;94.0;96.0;35.0;4491.0;998.09;722.64;6.0;1.0;0;1.0;0;0;1.0;0;0;0;0;0;1.0;1.0;0;0;0;0;0
429321;1.40;0.71;95.0;4000.0;29.25;78.75;45.0;5.88;14.95;14.29;174.36;261.40;2.58;153004.0;95.0;95.0;35.0;4505.0;998.21;117.18;6.0;1.0;0;1.0;0;0;1.0;0;0;0;0;0;1.0;1.0;0;0;0;0;0
429843;1.42;0.75;95.0;4141.0;29.25;78.75;45.75;5.88;14.34;14.48;229.30;157.62;2.31;153004.0;94.0;95.0;35.0;4498.0;998.37;58.59;6.0;1.0;0;1.0;0;0;1.0;0;0;0;0;0;1.0;1.0;0;0;0;0;0
430356;1.52;0.76;95.0;4092.0;29.25;78.75;45.75;6.66;15.18;14.48;190.78;155.98;2.31;153004.0;94.0;95.0;35.0;4511.0;998.52;839.83;6.0;1.0;0;1.0;0;0;1.0;0;0;0;0;0;1.0;1.0;0;0;0;0;0
430880;2.85;0.97;95.0;4011.0;29.25;78.75;39.75;10.19;22.16;14.48;247.93;285.99;2.31;153004.0;94.0;95.0;35.0;4563.0;998.64;820.30;6.0;1.0;0;1.0;0;0;1.0;0;0;0;0;0;1.0;1.0;0;0;0;0;0
431401;2.4;0.89;96.0;4063.0;29.25;78.75;42.0;9.02;20.38;14.48;314.29;308.10;2.31;153004.0;95.0;96.0;35.0;4524.0;998.72;800.77;6.0;1.0;0;1.0;0;0;1.0;0;0;0;0;0;1.0;1.0;0;0;0;0;0
431971;2.16;0.83;96.0;4058.0;29.25;78.75;42.75;8.23;19.68;14.39;328.00;323.28;2.31;153004.0;94.0;96.0;35.0;4514.0;998.87;703.11;6.0;1.0;0;1.0;0;0;1.0;0;0;0;0;0;1.0;1.0;0;0;0;0;0
432494;1.84;0.76;96.0;4020.0;29.25;79.5;44.25;7.84;18.36;14.48;284.20;317.81;2.31;153004.0;95.0;96.0;34.0;4499.0;998.95;117.18;6.0;1.0;0;1.0;0;0;1.0;0;0;0;0;0;1.0;1.0;0;0;0;0;0
433008;1.80;0.81;95.0;4053.0;29.25;79.5;44.25;7.05;16.97;14.39;330.19;250.76;2.31;153004.0;94.0;96.0;34.0;4496.0;999.11;800.77;6.0;1.0;0;1.0;0;0;1.0;0;0;0;0;0;1.0;1.0;0;0;0;0;0
433533;1.65;0.77;95.0;4010.0;29.25;79.5;44.25;6.66;16.32;14.48;236.89;272.40;2.31;153004.0;94.0;95.0;34.0;4507.0;999.11;800.77;6.0;1.0;0;1.0;0;0;1.0;0;0;0;0;0;1.0;1.0;0;0;0;0;0
434057;1.34;0.73;95.0;4002.0;29.25;79.5;45.75;5.49;13.87;14.48;300.05;206.82;2.31;153004.0;93.0;95.0;34.0;4490.0;999.07;703.11;6.0;1.0;0;1.0;0;0;1.0;0;0;0;0;0;1.0;1.0;0;0;0;0;0
434623;1.59;0.73;93.0;4065.0;29.25;79.5;45.0;7.05;16.44;14.48;167.72;274.90;2.31;153004.0;93.0;94.0;34.0;4508.0;999.15;0;6.0;1.0;0;1.0;0;0;1.0;0;0;0;0;0;1.0;1.0;0;0;0;0;0
435147;1.76;0.78;93.0;4010.0;29.25;79.5;44.25;7.05;17.10;14.39;90.89;322.36;2.31;153004.0;94.0;94.0;34.0;4513.0;999.23;410.15;6.0;1.0;0;1.0;0;0;1.0;0;0;0;0;0;1.0;1.0;0;0;0;0;0
435692;1.70;0.79;93.0;4021.0;29.25;79.5;45.0;6.66;16.32;14.48;228.98;221.17;2.31;153004.0;93.0;94.0;34.0;4517.0;999.30;820.30;6.0;1.0;0;1.0;0;0;1.0;0;0;0;0;0;1.0;1.0;0;0;0;0;0
436221;1.40;0.75;93.0;4009.0;29.25;79.5;45.0;5.49;14.14;14.48;317.88;115.12;2.31;153004.0;93.0;93.0;34.0;4502.0;999.38;800.77;6.0;1.0;0;1.0;0;0;1.0;0;0;0;0;0;1.0;1.0;0;0;0;0;0
436742;1.32;0.72;92.0;3837.0;29.25;79.5;43.5;5.09;13.87;14.39;256.23;161.68;2.31;153004.0;92.0;93.0;34.0;4522.0;999.54;722.64;6.0;1.0;0;1.0;0;0;1.0;0;0;0;0;0;1.0;1.0;0;0;0;0;0
437253;1.53;0.70;91.0;3908.0;29.25;79.5;43.5;6.66;16.77;14.48;325.17;260.47;2.31;153004.0;91.0;92.0;34.0;4498.0;999.77;0;6.0;1.0;0;1.0;0;0;1.0;0;0;0;0;0;1.0;1.0;0;0;0;0;0
437777;1.79;0.75;91.0;3794.0;29.25;79.5;43.5;7.45;18.27;14.48;333.53;296.09;2.31;153004.0;91.0;91.0;34.0;4519.0;999.89;19.53;6.0;1.0;0;1.0;0;0;1.0;0;0;0;0;0;1.0;1.0;0;0;0;0;0
438313;1.56;0.78;91.0;3911.0;29.25;79.5;44.25;5.88;15.03;14.39;327.53;303.71;2.31;153004.0;90.0;91.0;34.0;4504.0;999.97;839.83;6.0;1.0;0;1.0;0;0;1.0;0;0;0;0;0;1.0;1.0;0;0;0;0;0
438870;1.50;0.75;90.0;3772.0;29.25;79.5;43.5;5.88;15.34;14.48;317.73;265.17;2.31;153004.0;90.0;90.0;34.0;4504.0;1000.01;781.24;6.0;1.0;0;1.0;0;0;1.0;0;0;0;0;0;1.0;1.0;0;0;0;0;0
439382;1.37;0.71;90.0;3857.0;29.25;79.5;44.25;5.49;14.65;14.48;288.45;257.89;2.31;153004.0;89.0;91.0;34.0;4512.0;1000.09;546.86;6.0;1.0;0;1.0;0;0;1.0;0;0;0;0;0;1.0;1.0;0;0;0;0;0
439922;1.44;0.74;91.0;3811.0;29.25;79.5;43.5;5.49;14.78;14.29;254.67;263.30;2.58;153004.0;89.0;91.0;34.0;4513.0;1000.09;605.46;6.0;1.0;0;1.0;0;0;1.0;0;0;0;0;0;1.0;1.0;0;0;0;0;0
440517;3.12;0.97;91.0;3842.0;29.25;79.5;37.5;11.76;23.80;14.48;228.24;224.47;2.31;153004.0;89.0;91.0;34.0;4534.0;1000.12;839.83;6.0;1.0;0;1.0;0;0;1.0;0;0;0;0;0;1.0;1.0;0;0;0;0;0
441082;2.88;0.88;91.0;3908.0;29.25;79.5;36.75;12.55;24.66;14.48;190.18;228.26;2.31;153004.0;89.0;91.0;34.0;4531.0;1000.12;566.39;6.0;1.0;0;1.0;0;0;1.0;0;0;0;0;0;1.0;1.0;0;0;0;0;0
441605;2.60;1.00;91.0;3825.0;29.25;79.5;39.75;9.02;21.03;14.39;182.97;198.01;2.31;153004.0;90.0;92.0;34.0;4498.0;1000.16;859.36;6.0;1.0;0;1.0;0;0;1.0;0;0;0;0;0;1.0;1.0;0;0;0;0;0
442125;2.48;0.94;91.0;3831.0;29.25;79.5;42.0;8.23;19.94;14.39;240.14;196.06;2.31;153004.0;90.0;91.0;34.0;4484.0;1000.16;839.83;6.0;1.0;0;1.0;0;0;1.0;0;0;0;0;0;1.0;1.0;0;0;0;0;0
442647;1.85;0.89;90.0;3795.0;29.25;79.5;42.75;6.27;16.12;14.48;267.87;253.18;2.31;153004.0;89.0;90.0;34.0;4499.0;1000.16;859.36;6.0;1.0;0;1.0;0;0;1.0;0;0;0;0;0;1.0;1.0;0;0;0;0;0
443161;1.57;0.85;90.0;3827.0;29.25;79.5;44.25;5.09;13.96;14.39;321.69;312.34;2.31;153004.0;88.0;90.0;34.0;4514.0;1000.24;859.36;6.0;1.0;0;1.0;0;0;1.0;0;0;0;0;0;1.0;1.0;0;0;0;0;0
443687;1.83;0.82;88.0;3713.0;29.25;79.5;42.75;6.66;16.57;14.48;340.38;334.80;2.31;153004.0;88.0;89.0;34.0;4512.0;1000.36;800.77;6.0;1.0;0;1.0;0;0;1.0;0;0;0;0;0;1.0;1.0;0;0;0;0;0
444219;1.87;0.76;88.0;3806.0;29.25;79.5;42.0;7.45;18.68;14.48;336.07;344.29;2.31;153004.0;88.0;89.0;34.0;4514.0;1000.59;468.74;6.0;1.0;0;1.0;0;0;1.0;0;0;0;0;0;1.0;1.0;0;0;0;0;0
444742;1.84;0.78;88.0;3813.0;29.25;79.5;42.75;7.45;17.97;14.48;345.50;332.98;2.31;153004.0;88.0;89.0;34.0;4514.0;1000.63;722.64;6.0;1.0;0;1.0;0;0;1.0;0;0;0;0;0;1.0;1.0;0;0;0;0;0
445264;1.81;0.77;90.0;3829.0;29.25;79.5;42.0;7.05;17.85;14.39;298.75;312.05;2.31;153004.0;88.0;90.0;34.0;4517.0;1000.83;742.17;6.0;1.0;0;1.0;0;0;1.0;0;0;0;0;0;1.0;1.0;0;0;0;0;0
445775;1.84;0.99;88.0;3779.0;29.25;79.5;42.75;5.09;14.11;14.48;309.02;281.23;2.31;153004.0;88.0;89.0;34.0;4499.0;1000.91;878.89;6.0;1.0;0;1.0;0;0;1.0;0;0;0;0;0;1.0;1.0;0;0;0;0;0
446299;1.81;0.96;87.0;3676.0;29.25;80.25;42.0;5.09;14.32;14.48;310.83;297.67;2.31;153004.0;87.0;88.0;34.0;4513.0;1001.06;859.36;6.0;1.0;0;1.0;0;0;1.0;0;0;0;0;0;1.0;1.0;0;0;0;0;0
446823;1.65;0.93;86.0;3722.0;29.25;80.25;42.75;5.09;13.44;14.48;296.60;253.01;2.31;153004.0;86.0;87.0;34.0;4522.0;1001.18;859.36;6.0;1.0;0;1.0;0;0;1.0;0;0;0;0;0;1.0;1.0;0;0;0;0;0
447332;1.53;0.90;86.0;3611.0;29.25;80.25;42.0;4.70;12.65;14.39;298.84;311.40;2.31;153004.0;85.0;86.0;34.0;4537.0;1001.22;859.36;6.0;1.0;0;1.0;0;0;1.0;0;0;0;0;0;1.0;1.0;0;0;0;0;0
447856;0.68;1.00;83.0;3560.0;29.25;80.25;40.5;0;6.76;14.48;330.36;333.70;2.31;153004.0;84.0;84.0;34.0;4531.0;1001.30;781.24;6.0;1.0;0;1.0;0;0;1.0;0;0;0;0;0;1.0;1.0;0;0;0;0;0
448369;0.61;1.00;81.0;3485.0;29.25;80.25;-30.0;0;0;14.48;346.67;353.16;2.31;153004.0;81.0;81.0;34.0;4563.0;1001.34;0;6.0;1.0;0;1.0;0;0;1.0;0;0;0;0;0;1.0;1.0;0;0;0;0;0
448892;0.63;1.00;80.0;3384.0;29.25;80.25;-30.0;0;0;14.48;356.46;352.86;2.31;153004.0;80.0;80.0;34.0;4575.0;1001.34;0;6.0;1.0;0;1.0;0;0;1.0;0;0;0;0;0;1.0;1.0;0;0;0;0;0
449413;0.64;1.00;77.0;3287.0;29.25;80.25;-30.0;0;0;14.39;352.37;353.80;2.31;153004.0;77.0;77.0;34.0;4571.0;1001.38;0;6.0;1.0;0;1.0;0;0;1.0;0;0;0;0;0;1.0;1.0;0;0;0;0;0
449941;0.67;1.00;75.0;3180.0;29.25;80.25;-30.0;0;0;14.39;348.29;353.84;2.31;153004.0;75.0;76.0;34.0;4559.0;1001.38;0;6.0;1.0;0;1.0;0;0;1.0;0;0;0;0;0;1.0;1.0;0;0;0;0;0
450465;0.69;1.00;73.0;3117.0;29.25;80.25;-30.0;0;0;14.58;303.08;319.53;2.31;153004.0;74.0;74.0;34.0;4554.0;1001.41;0;6.0;1.0;0;1.0;0;0;1.0;0;0;0;0;0;1.0;1.0;0;0;0;0;0
451020;0.70;1.00;72.0;3033.0;29.25;80.25;-30.0;0;0;14.48;298.24;338.31;2.31;153004.0;72.0;72.0;34.0;4564.0;1001.41;0;6.0;1.0;0;1.0;0;0;1.0;0;0;0;0;0;1.0;1.0;0;0;0;0;0
451543;1.85;1.00;70.0;2957.0;29.25;80.25;9.0;3.92;8.71;14.48;309.84;291.95;2.31;153004.0;70.0;70.0;34.0;4214.0;1001.41;878.89;6.0;1.0;0;1.0;0;0;1.0;0;0;0;0;0;1.0;1.0;0;0;0;0;0
452063;0.76;1.00;70.0;2665.0;29.25;80.25;-30.0;0;0;14.58;229.98;237.48;2.31;153004.0;69.0;70.0;34.0;4317.0;1001.41;742.17;6.0;1.0;0;1.0;0;0;1.0;0;0;0;0;0;1.0;1.0;0;0;0;0;0
452577;0.85;1.00;68.0;2594.0;29.25;80.25;15.0;0;9.92;14.48;148.77;231.05;2.31;153004.0;69.0;68.0;35.0;4274.0;1001.41;78.12;5.0;1.0;0;1.0;0;0;1.0;0;0;0;0;0;1.0;1.0;0;0;0;0;0
453101;0.91;1.00;66.0;3153.0;29.25;80.25;35.25;0.78;5.74;14.58;184.36;226.95;2.31;153004.0;66.0;67.0;34.0;4181.0;1001.41;19.53;5.0;1.0;0;1.0;0;0;1.0;0;0;0;0;0;1.0;1.0;0;0;0;0;0
453637;0.82;1.00;65.0;2937.0;29.25;80.25;19.5;0;9.99;14.39;174.07;226.88;2.31;153004.0;65.0;65.0;34.0;4291.0;1001.41;800.77;5.0;1.0;0;1.0;0;0;1.0;0;0;0;0;0;1.0;1.0;0;0;0;0;0
454137;1.2;1.00;63.0;2918.0;29.25;80.25;30.75;1.56;7.04;14.48;278.63;299.04;2.31;153004.0;64.0;63.0;34.0;4195.0;1001.41;0;5.0;1.0;0;1.0;0;0;1.0;0;0;0;0;0;1.0;1.0;0;0;0;0;0
454662;1.77;1.00;62.0;2937.0;29.25;80.25;18.0;3.92;10.37;14.48;319.31;326.81;2.31;153004.0;63.0;63.0;34.0;4253.0;1001.41;898.42;5.0;1.0;0;1.0;0;0;1.0;0;0;0;0;0;1.0;1.0;0;0;0;0;0
455197;1.82;0.98;62.0;2931.0;29.25;80.25;26.25;4.31;12.69;14.39;319.47;342.22;2.31;153004.0;62.0;63.0;34.0;4396.0;1001.41;898.42;5.0;1.0;0;1.0;0;0;1.0;0;0;0;0;0;1.0;1.0;0;0;0;0;0
455791;1.76;0.96;62.0;2874.0;29.25;80.25;33.0;4.31;13.81;14.39;342.47;347.88;2.31;153004.0;62.0;63.0;34.0;4487.0;1001.41;878.89;5.0;1.0;0;1.0;0;0;1.0;0;0;0;0;0;1.0;1.0;0;0;0;0;0
456327;1.59;0.94;63.0;2909.0;29.25;80.25;33.0;3.92;12.66;14.48;356.46;337.51;2.31;153005.0;63.0;63.0;34.0;4510.0;1001.53;878.89;5.0;1.0;0;1.0;0;0;1.0;0;0;0;0;0;1.0;1.0;0;0;0;0;0
456851;1.12;0.92;62.0;2907.0;29.25;80.25;33.0;2.35;9.21;14.39;321.69;282.61;2.31;153005.0;63.0;63.0;34.0;4516.0;1001.57;878.89;5.0;1.0;0;1.0;0;0;1.0;0;0;0;0;0;1.0;1.0;0;0;0;0;0
457423;0.88;0.90;62.0;2907.0;29.25;80.25;33.75;1.17;6.99;14.48;319.25;321.01;2.31;153005.0;62.0;63.0;34.0;4528.0;1001.77;859.36;5.0;1.0;0;1.0;0;0;1.0;0;0;0;0;0;1.0;1.0;0;0;0;0;0
457948;0.70;1.00;61.0;2843.0;29.25;80.25;-30.0;0;0;14.58;322.20;304.60;2.31;153005.0;62.0;62.0;34.0;4586.0;1001.80;0;5.0;1.0;0;1.0;0;0;1.0;0;0;0;0;0;1.0;1.0;0;0;0;0;0
458468;2.16;1.00;61.0;2754.0;29.25;80.25;6.75;4.70;10.38;14.48;253.32;249.61;2.31;153005.0;61.0;62.0;34.0;4207.0;1001.80;859.36;5.0;1.0;0;1.0;0;0;1.0;0;0;0;0;0;1.0;1.0;0;0;0;0;0
459003;2.07;0.98;62.0;2815.0;29.25;80.25;15.75;4.70;12.62;14.39;223.57;180.57;2.31;153005.0;62.0;62.0;34.0;4310.0;1001.84;859.36;5.0;1.0;0;1.0;0;0;1.0;0;0;0;0;0;1.0;1.0;0;0;0;0;0
459525;1.92;0.96;62.0;2877.0;29.25;80.25;24.75;4.70;13.91;14.39;258.55;223.38;2.31;153005.0;62.0;63.0;34.0;4436.0;1002.00;859.36;5.0;1.0;0;1.0;0;0;1.0;0;0;0;0;0;1.0;1.0;0;0;0;0;0
460077;1.68;0.93;63.0;2941.0;29.25;80.25;33.0;4.31;13.48;14.48;314.74;300.97;2.31;153005.0;63.0;64.0;34.0;4520.0;1002.16;839.83;5.0;1.0;0;1.0;0;0;1.0;0;0;0;0;0;1.0;1.0;0;0;0;0;0
460603;0.86;0.98;63.0;2937.0;29.25;80.25;33.75;0.39;7.99;14.48;318.51;292.32;2.31;153005.0;64.0;63.0;34.0;4535.0;1002.27;839.83;5.0;1.0;0;1.0;0;0;1.0;0;0;0;0;0;1.0;1.0;0;0;0;0;0
461133;0.71;1.00;62.0;2842.0;29.25;80.25;-30.0;0;0;14.48;324.35;290.74;2.31;153005.0;62.0;62.0;34.0;4556.0;1002.39;0;5.0;1.0;0;1.0;0;0;1.0;0;0;0;0;0;1.0;1.0;0;0;0;0;0
461691;2.39;1.00;62.0;2858.0;29.25;80.25;3.75;5.49;10.44;14.48;339.95;332.61;2.31;153005.0;62.0;62.0;34.0;4209.0;1002.47;859.36;5.0;1.0;0;1.0;0;0;1.0;0;0;0;0;0;1.0;1.0;0;0;0;0;0
462214;2.28;0.97;62.0;2927.0;29.25;80.25;15.75;5.49;14.15;14.48;328.53;330.85;2.31;153005.0;62.0;63.0;34.0;4334.0;1002.51;839.83;5.0;1.0;0;1.0;0;0;1.0;0;0;0;0;0;1.0;1.0;0;0;0;0;0
462725;1.96;0.94;63.0;2921.0;29.25;80.25;27.0;4.70;14.75;14.39;329.64;331.71;2.31;153005.0;64.0;64.0;34.0;4466.0;1002.55;839.83;5.0;1.0;0;1.0;0;0;1.0;0;0;0;0;0;1.0;1.0;0;0;0;0;0
463249;1.37;0.92;63.0;2910.0;29.25;80.25;33.75;3.13;11.15;14.39;327.94;312.06;2.31;153005.0;64.0;64.0;34.0;4509.0;1002.59;839.83;5.0;1.0;0;1.0;0;0;1.0;0;0;0;0;0;1.0;1.0;0;0;0;0;0
463784;1.26;0.91;65.0;3053.0;29.25;80.25;34.5;3.13;10.41;14.48;210.96;209.42;2.31;153005.0;64.0;65.0;34.0;4511.0;1002.59;839.83;5.0;1.0;0;1.0;0;0;1.0;0;0;0;0;0;1.0;1.0;0;0;0;0;0
464340;1.31;0.89;65.0;2955.0;29.25;80.25;33.0;3.13;11.00;14.39;261.72;268.69;2.31;153005.0;64.0;65.0;34.0;4513.0;1002.59;820.30;5.0;1.0;0;1.0;0;0;1.0;0;0;0;0;0;1.0;1.0;0;0;0;0;0
464941;1.54;0.87;65.0;3013.0;29.25;80.25;34.5;4.31;13.23;14.48;301.36;304.49;2.31;153005.0;64.0;65.0;34.0;4511.0;1002.63;800.77;5.0;1.0;0;1.0;0;0;1.0;0;0;0;0;0;1.0;1.0;0;0;0;0;0
465439;1.58;0.84;65.0;3063.0;29.25;80.25;35.25;4.70;14.16;14.48;336.40;337.82;2.31;153005.0;65.0;66.0;34.0;4511.0;1002.63;781.24;5.0;1.0;0;1.0;0;0;1.0;0;0;0;0;0;1.0;1.0;0;0;0;0;0
465962;2.19;0.81;66.0;3023.0;29.25;80.25;34.5;7.84;20.49;14.48;350.83;351.55;2.31;153005.0;66.0;66.0;34.0;4502.0;1002.63;605.46;5.0;1.0;0;1.0;0;0;1.0;0;0;0;0;0;1.0;1.0;0;0;0;0;0
466502;2.17;0.81;67.0;3144.0;29.25;80.25;34.5;7.84;20.51;14.48;351.63;354.76;2.31;153005.0;66.0;68.0;34.0;4516.0;1002.63;0;5.0;1.0;0;1.0;0;0;1.0;0;0;0;0;0;1.0;1.0;0;0;0;0;0
467025;2.26;0.86;68.0;3082.0;29.25;80.25;34.5;7.45;20.17;14.48;352.06;353.61;2.31;153005.0;68.0;68.0;34.0;4504.0;1002.63;683.58;5.0;1.0;0;1.0;0;0;1.0;0;0;0;0;0;1.0;1.0;0;0;0;0;0
467533;2.24;0.85;68.0;3150.0;29.25;80.25;36.0;7.45;20.21;14.39;351.26;354.93;2.31;153005.0;68.0;69.0;34.0;4519.0;1002.63;683.58;5.0;1.0;0;1.0;0;0;1.0;0;0;0;0;0;1.0;1.0;0;0;0;0;0
468056;2.03;0.98;70.0;3221.0;29.25;80.25;36.75;5.49;15.80;14.39;347.10;320.78;2.31;153005.0;69.0;70.0;34.0;4511.0;1002.63;859.36;5.0;1.0;0;1.0;0;0;1.0;0;0;0;0;0;1.0;1.0;0;0;0;0;0
468580;1.88;0.95;70.0;3250.0;29.25;80.25;37.5;5.09;15.13;14.48;343.92;310.58;2.31;153005.0;70.0;70.0;34.0;4504.0;1002.63;839.83;5.0;1.0;0;1.0;0;0;1.0;0;0;0;0;0;1.0;1.0;0;0;0;0;0
469093;1.73;0.92;70.0;3293.0;29.25;80.25;38.25;4.70;14.34;14.48;325.87;306.81;2.31;153005.0;70.0;71.0;34.0;4514.0;1002.63;839.83;5.0;1.0;0;1.0;0;0;1.0;0;0;0;0;0;1.0;1.0;0;0;0;0;0
469616;1.80;0.89;71.0;3303.0;29.25;80.25;38.25;5.09;15.30;14.29;325.68;267.54;2.58;153005.0;70.0;71.0;34.0;4514.0;1002.63;820.30;5.0;1.0;0;1.0;0;0;1.0;0;0;0;0;0;1.0;1.0;0;0;0;0;0
470141;1.50;0.87;71.0;3341.0;29.25;80.25;38.25;4.31;13.07;14.48;323.45;232.56;2.31;153005.0;71.0;71.0;34.0;4520.0;1002.63;820.30;5.0;1.0;0;1.0;0;0;1.0;0;0;0;0;0;1.0;1.0;0;0;0;0;0
470701;1.48;0.84;71.0;3325.0;29.25;80.25;38.25;4.31;13.14;14.29;300.23;205.16;2.58;153005.0;71.0;72.0;34.0;4513.0;1002.78;800.77;5.0;1.0;0;1.0;0;0;1.0;0;0;0;0;0;1.0;1.0;0;0;0;0;0
471223;1.38;0.82;72.0;3355.0;29.25;80.25;38.25;4.31;12.66;14.29;322.90;197.81;2.58;153005.0;72.0;72.0;34.0;4509.0;1002.74;781.24;5.0;1.0;0;1.0;0;0;1.0;0;0;0;0;0;1.0;1.0;0;0;0;0;0
471744;1.01;0.80;72.0;3236.0;29.25;80.25;36.75;2.74;9.38;14.48;341.34;279.82;2.31;153005.0;72.0;72.0;34.0;4518.0;1002.94;781.24;5.0;1.0;0;1.0;0;0;1.0;0;0;0;0;0;1.0;1.0;0;0;0;0;0
472267;0.96;0.78;72.0;3193.0;29.25;80.25;36.75;2.35;8.97;14.48;329.90;312.77;2.31;153005.0;72.0;72.0;34.0;4524.0;1003.05;800.77;5.0;1.0;0;1.0;0;0;1.0;0;0;0;0;0;1.0;1.0;0;0;0;0;0
472838;0.89;0.76;71.0;3332.0;29.25;80.25;37.5;2.35;8.34;14.48;341.69;332.69;2.31;153005.0;71.0;72.0;34.0;4511.0;1003.05;781.24;5.0;1.0;0;1.0;0;0;1.0;0;0;0;0;0;1.0;1.0;0;0;0;0;0
473413;1.52;0.74;71.0;3293.0;29.25;80.25;38.25;5.09;15.34;14.48;348.53;307.49;2.31;153005.0;71.0;72.0;34.0;4492.0;1003.02;156.24;5.0;1.0;0;1.0;0;0;1.0;0;0;0;0;0;1.0;1.0;0;0;0;0;0
473969;2.08;0.78;72.0;3363.0;29.25;80.25;37.5;7.84;20.03;14.39;330.93;322.86;2.31;153005.0;72.0;73.0;34.0;4511.0;1003.25;78.12;5.0;1.0;0;1.0;0;0;1.0;0;0;0;0;0;1.0;1.0;0;0;0;0;0
474513;1.31;1.00;72.0;2153.0;29.25;80.25;3.0;0;10.24;14.48;276.52;318.76;2.31;153005.0;73.0;72.0;64.0;4447.0;1003.48;0;6.0;1.0;0;1.0;0;0;1.0;0;0;0;0;0;1.0;1.0;0;0;0;0;0
475057;0.89;1.00;71.0;2976.0;29.25;80.25;33.75;0.39;10.17;14.48;279.53;347.61;2.31;153005.0;71.0;71.0;34.0;4219.0;1003.60;703.11;6.0;1.0;0;1.0;0;0;1.0;0;0;0;0;0;1.0;1.0;0;0;0;0;0
475632;1.98;0.99;71.0;3011.0;29.25;80.25;35.25;4.31;14.39;14.48;190.30;180.78;2.31;153005.0;71.0;72.0;34.0;4339.0;1003.68;859.36;6.0;1.0;0;1.0;0;0;1.0;0;0;0;0;0;1.0;1.0;0;0;0;0;0
476220;0.90;0.99;71.0;3078.0;29.25;80.25;33.75;1.17;6.58;14.48;172.15;177.19;2.31;153005.0;71.0;72.0;34.0;4484.0;1003.76;839.83;6.0;1.0;0;1.0;0;0;1.0;0;0;0;0;0;1.0;1.0;0;0;0;0;0
476740;0.69;1.00;70.0;2950.0;29.25;80.25;-30.0;0;0;14.48;262.60;264.90;2.31;153005.0;70.0;71.0;34.0;4517.0;1003.80;664.05;6.0;1.0;0;1.0;0;0;1.0;0;0;0;0;0;0;1.0;0;0;0;0;0
477254;0.71;1.00;70.0;2955.0;29.25;80.25;-30.0;0;0;14.58;313.59;293.26;2.31;153005.0;69.0;70.0;34.0;4445.0;1003.80;0;6.0;1.0;0;1.0;0;0;1.0;0;0;0;0;0;1.0;1.0;0;0;0;0;0
477774;3.52;0.99;70.0;2975.0;29.25;80.25;7.5;10.98;19.77;14.48;337.88;336.54;2.31;153005.0;70.0;70.0;34.0;4207.0;1003.84;839.83;6.0;1.0;0;1.0;0;0;1.0;0;0;0;0;0;1.0;1.0;0;0;0;0;0
478295;2.68;1.00;71.0;2952.0;29.25;80.25;30.75;7.45;19.92;14.29;351.57;350.09;2.58;153005.0;71.0;72.0;34.0;4347.0;1003.84;839.83;6.0;1.0;0;1.0;0;0;1.0;0;0;0;0;0;1.0;1.0;0;0;0;0;0
478879;2.08;0.95;73.0;3068.0;29.25;80.25;35.25;5.49;16.40;14.48;334.60;328.55;2.31;153005.0;73.0;73.0;34.0;4456.0;1003.88;839.83;6.0;1.0;0;1.0;0;0;1.0;0;0;0;0;0;1.0;1.0;0;0;0;0;0
479433;1.04;0.99;73.0;2974.0;29.25;80.25;33.75;1.96;8.02;14.39;310.29;337.84;2.31;153005.0;73.0;74.0;34.0;4525.0;1003.88;839.83;6.0;1.0;0;1.0;0;0;1.0;0;0;0;0;0;1.0;1.0;0;0;0;0;0
479957;1.26;0.98;73.0;3139.0;29.25;80.25;35.25;2.74;9.59;14.48;293.80;300.54;2.31;153005.0;73.0;73.0;34.0;4505.0;1003.88;839.83;6.0;1.0;0;1.0;0;0;1.0;0;0;0;0;0;1.0;1.0;0;0;0;0;0
480481;1.66;0.96;72.0;3065.0;30.0;80.25;34.5;3.92;12.51;14.48;287.79;313.86;2.31;153005.0;73.0;73.0;34.0;4493.0;1003.88;820.30;6.0;1.0;0;1.0;0;0;1.0;0;0;0;0;0;1.0;1.0;0;0;0;0;0
481015;1.88;0.93;73.0;3188.0;30.0;80.25;36.75;5.09;15.30;14.29;295.52;304.43;2.58;153005.0;73.0;74.0;34.0;4519.0;1003.88;820.30;6.0;1.0;0;1.0;0;0;1.0;0;0;0;0;0;1.0;1.0;0;0;0;0;0
481542;1.76;0.90;75.0;3203.0;30.0;80.25;36.75;5.09;14.71;14.39;289.12;304.94;2.31;153005.0;74.0;75.0;34.0;4526.0;1003.88;820.30;6.0;1.0;0;1.0;0;0;1.0;0;0;0;0;0;1.0;1.0;0;0;0;0;0
482075;1.24;0.88;75.0;3199.0;30.0;80.25;36.75;3.13;10.63;14.48;277.71;294.64;2.31;153005.0;75.0;75.0;34.0;4525.0;1003.88;800.77;6.0;1.0;0;1.0;0;0;1.0;0;0;0;0;0;1.0;1.0;0;0;0;0;0
482598;0.71;0.86;75.0;3183.0;30.0;80.25;37.5;0.39;7.67;14.39;298.49;227.56;2.31;153005.0;75.0;75.0;34.0;4527.0;1003.95;781.24;6.0;1.0;0;1.0;0;0;1.0;0;0;0;0;0;1.0;1.0;0;0;0;0;0
483147;0.67;1.00;73.0;3143.0;30.0;80.25;-30.0;0;0;14.48;325.13;261.87;2.31;153005.0;73.0;73.0;34.0;4542.0;1004.07;0;6.0;1.0;0;1.0;0;0;1.0;0;0;0;0;0;1.0;1.0;0;0;0;0;0
483670;1.91;1.00;72.0;3145.0;30.0;80.25;9.75;4.31;8.42;14.48;338.14;315.80;2.31;153005.0;72.0;72.0;34.0;4211.0;1004.23;839.83;6.0;1.0;0;1.0;0;0;1.0;0;0;0;0;0;1.0;1.0;0;0;0;0;0
484204;1.88;0.99;72.0;3143.0;30.0;80.25;18.0;4.31;10.93;14.39;331.11;324.23;2.31;153005.0;72.0;72.0;34.0;4282.0;1004.27;820.30;6.0;1.0;0;1.0;0;0;1.0;0;0;0;0;0;1.0;1.0;0;0;0;0;0
484727;1.85;0.96;72.0;3083.0;30.0;80.25;26.25;4.70;13.21;14.48;284.68;321.54;2.31;153005.0;72.0;72.0;34.0;4413.0;1004.38;820.30;6.0;1.0;0;1.0;0;0;1.0;0;0;0;0;0;1.0;1.0;0;0;0;0;0
485270;1.21;1.00;72.0;2453.0;30.0;80.25;1.5;0;7.80;14.48;297.75;326.26;2.31;153005.0;72.0;72.0;47.0;4428.0;1004.62;0;5.0;1.0;0;1.0;0;0;1.0;0;0;0;0;0;1.0;1.0;0;0;0;0;0
485795;0.81;1.00;71.0;3260.0;30.0;80.25;38.25;0.78;5.43;14.48;274.82;334.33;2.31;153005.0;71.0;71.0;34.0;4230.0;1004.77;761.70;5.0;1.0;0;1.0;0;0;1.0;0;0;0;0;0;1.0;1.0;0;0;0;0;0
486351;0.83;1.00;70.0;3245.0;30.0;80.25;37.5;0.78;5.62;14.48;318.71;301.89;2.31;153005.0;70.0;70.0;34.0;4350.0;1004.81;839.83;5.0;1.0;0;1.0;0;0;1.0;0;0;0;0;0;1.0;1.0;0;0;0;0;0
486861;1.90;0.97;71.0;3252.0;30.0;80.25;37.5;4.70;14.37;14.48;285.02;288.02;2.31;153005.0;70.0;71.0;34.0;4444.0;1004.89;839.83;5.0;1.0;0;1.0;0;0;1.0;0;0;0;0;0;0;1.0;0;0;0;0;0
487384;1.80;0.95;71.0;3332.0;30.0;80.25;38.25;4.70;14.35;14.48;288.32;321.95;2.31;153005.0;71.0;72.0;34.0;4501.0;1004.97;820.30;5.0;1.0;0;1.0;0;0;1.0;0;0;0;0;0;1.0;1.0;0;0;0;0;0
487907;1.68;0.92;72.0;3354.0;30.0;80.25;39.0;4.70;13.97;14.48;305.29;333.53;2.31;153005.0;71.0;73.0;34.0;4509.0;1005.01;820.30;5.0;1.0;0;1.0;0;0;1.0;0;0;0;0;0;1.0;1.0;0;0;0;0;0
488443;1.59;0.89;73.0;3402.0;30.0;80.25;39.0;4.70;13.35;14.48;300.80;333.49;2.31;153005.0;72.0;73.0;34.0;4507.0;1005.05;800.77;5.0;1.0;0;1.0;0;0;1.0;0;0;0;0;0;1.0;1.0;0;0;0;0;0
488967;1.56;0.87;73.0;3353.0;30.0;80.25;39.0;4.70;13.49;14.48;333.65;327.26;2.31;153005.0;73.0;73.0;34.0;4513.0;1005.09;800.77;5.0;1.0;0;1.0;0;0;1.0;0;0;0;0;0;1.0;1.0;0;0;0;0;0
489480;1.35;0.85;73.0;3411.0;30.0;80.25;39.0;3.92;11.90;14.39;343.66;354.27;2.31;153005.0;73.0;74.0;34.0;4518.0;1005.09;781.24;5.0;1.0;0;1.0;0;0;1.0;0;0;0;0;0;1.0;1.0;0;0;0;0;0
490002;1.28;0.83;73.0;3445.0;30.0;80.25;39.0;3.92;11.39;14.48;360.03;357.53;2.31;153005.0;73.0;74.0;34.0;4511.0;1005.09;781.24;5.0;1.0;0;1.0;0;0;1.0;0;0;0;0;0;1.0;1.0;0;0;0;0;0
490678;0.89;0.81;72.0;3408.0;30.0;80.25;39.0;2.35;8.20;14.48;340.15;352.92;2.31;153005.0;72.0;73.0;34.0;4525.0;1005.13;781.24;5.0;1.0;0;1.0;0;0;1.0;0;0;0;0;0;1.0;1.0;0;0;0;0;0
491309;0.88;0.79;71.0;3290.0;30.0;80.25;38.25;1.96;8.03;14.48;330.48;326.54;2.31;153005.0;71.0;72.0;34.0;4521.0;1005.13;781.24;5.0;1.0;0;1.0;0;0;1.0;0;0;0;0;0;1.0;1.0;0;0;0;0;0
491823;0.88;0.77;70.0;3224.0;30.0;80.25;37.5;1.96;8.14;14.48;346.16;341.54;2.31;153005.0;69.0;70.0;34.0;4511.0;1005.13;761.70;5.0;1.0;0;1.0;0;0;1.0;0;0;0;0;0;1.0;1.0;0;0;0;0;0
492401;2.24;0.99;70.0;3186.0;30.0;80.25;36.0;5.49;16.46;14.39;331.36;326.38;2.31;153005.0;69.0;70.0;34.0;4476.0;1005.13;800.77;5.0;1.0;0;1.0;0;0;1.0;0;0;0;0;0;1.0;1.0;0;0;0;0;0
493062;1.54;0.96;70.0;3252.0;30.0;80.25;37.5;4.31;12.61;14.48;339.97;297.65;2.31;153005.0;69.0;70.0;34.0;4513.0;1005.13;800.77;5.0;1.0;0;1.0;0;0;1.0;0;0;0;0;0;1.0;1.0;0;0;0;0;0
493572;1.22;0.93;70.0;3224.0;30.0;80.25;37.5;2.74;9.74;14.48;294.49;303.69;2.31;153005.0;70.0;70.0;34.0;4528.0;1005.16;800.77;5.0;1.0;0;1.0;0;0;1.0;0;0;0;0;0;1.0;1.0;0;0;0;0;0
494094;1.00;0.92;70.0;3222.0;30.0;80.25;37.5;1.96;8.14;14.48;226.82;296.60;2.31;153005.0;70.0;70.0;34.0;4523.0;1005.24;800.77;5.0;1.0;0;1.0;0;0;1.0;0;0;0;0;0;1.0;1.0;0;0;0;0;0
494608;0.72;0.90;70.0;3228.0;30.0;80.25;37.5;0.39;7.43;14.39;267.79;325.11;2.31;153005.0;70.0;70.0;34.0;4522.0;1005.44;781.24;5.0;1.0;0;1.0;0;0;1.0;0;0;0;0;0;1.0;1.0;0;0;0;0;0
495190;0.66;1.00;68.0;3169.0;30.0;80.25;-30.0;0;0;14.39;317.96;344.37;2.31;153005.0;69.0;68.0;34.0;4536.0;1005.55;195.31;5.0;1.0;0;1.0;0;0;1.0;0;0;0;0;0;1.0;1.0;0;0;0;0;0
495702;0.67;1.00;67.0;3144.0;30.0;80.25;-30.0;0;0;14.48;337.98;348.39;2.31;153005.0;67.0;68.0;34.0;4538.0;1005.63;0;5.0;1.0;0;1.0;0;0;1.0;0;0;0;0;0;1.0;1.0;0;0;0;0;0
496215;0.68;1.00;66.0;3111.0;30.0;80.25;-30.0;0;0;14.39;318.12;334.86;2.31;153005.0;67.0;67.0;34.0;4544.0;1005.75;0;5.0;1.0;0;1.0;0;0;1.0;0;0;0;0;0;1.0;1.0;0;0;0;0;0
496740;0.69;1.00;65.0;2959.0;30.0;80.25;-30.0;0;0;14.48;272.15;280.60;2.31;153005.0;65.0;65.0;34.0;4551.0;1005.91;0;5.0;1.0;0;1.0;0;0;1.0;0;0;0;0;0;1.0;1.0;0;0;0;0;0
497273;2.05;1.00;65.0;2940.0;30.0;80.25;8.25;4.70;9.81;14.48;214.53;221.06;2.31;153005.0;65.0;65.0;34.0;4200.0;1005.91;859.36;5.0;1.0;0;1.0;0;0;1.0;0;0;0;0;0;1.0;1.0;0;0;0;0;0
497796;1.16;0.99;65.0;3021.0;30.0;80.25;15.0;1.96;6.17;14.48;259.33;247.99;2.31;153005.0;65.0;65.0;34.0;4325.0;1005.98;859.36;5.0;1.0;0;1.0;0;0;1.0;0;0;0;0;0;1.0;1.0;0;0;0;0;0
498315;1.10;0.98;65.0;3035.0;30.0;80.25;20.25;1.96;6.70;14.58;162.17;134.40;2.31;153005.0;65.0;65.0;34.0;4435.0;1006.02;839.83;5.0;1.0;0;1.0;0;0;1.0;0;0;0;0;0;1.0;1.0;0;0;0;0;0
498839;1.08;0.96;65.0;3016.0;30.0;80.25;24.75;1.96;7.36;14.48;86.10;71.34;2.31;153005.0;64.0;65.0;34.0;4499.0;1006.14;839.83;5.0;1.0;0;1.0;0;0;1.0;0;0;0;0;0;1.0;1.0;0;0;0;0;0
499361;1.12;0.94;63.0;2926.0;30.0;80.25;30.0;1.96;8.53;14.48;98.02;66.24;2.31;153005.0;64.0;64.0;34.0;4516.0;1006.18;820.30;5.0;1.0;0;1.0;0;0;1.0;0;0;0;0;0;1.0;1.0;0;0;0;0;0
499881;1.24;0.93;63.0;3014.0;30.0;80.25;34.5;2.74;10.04;14.29;153.85;129.93;2.58;153005.0;64.0;64.0;34.0;4521.0;1006.22;820.30;5.0;1.0;0;1.0;0;0;1.0;0;0;0;0;0;1.0;1.0;0;0;0;0;0
500404;1.27;0.91;65.0;2933.0;30.0;79.5;33.0;2.74;10.22;14.48;224.43;198.71;2.31;153005.0;64.0;65.0;34.0;4508.0;1006.26;800.77;5.0;1.0;0;1.0;0;0;1.0;0;0;0;0;0;1.0;1.0;0;0;0;0;0
500967;1.08;0.90;63.0;2994.0;30.0;79.5;33.75;1.96;8.89;14.39;272.61;271.03;2.31;153005.0;63.0;64.0;34.0;4516.0;1006.30;800.77;5.0;1.0;0;1.0;0;0;1.0;0;0;0;0;0;1.0;1.0;0;0;0;0;0
501490;0.78;0.88;62.0;2908.0;30.0;79.5;32.25;0.78;5.97;14.48;295.15;312.16;2.31;153005.0;63.0;63.0;34.0;4530.0;1006.30;742.17;5.0;1.0;0;1.0;0;0;1.0;0;0;0;0;0;1.0;1.0;0;0;0;0;0
502006;0.74;1.00;62.0;2829.0;30.0;79.5;18.0;0;9.98;14.58;334.47;331.52;2.31;153005.0;62.0;62.0;34.0;4518.0;1006.30;644.52;5.0;1.0;0;1.0;0;0;1.0;0;0;0;0;0;1.0;1.0;0;0;0;0;0
502527;0.72;1.00;61.0;2831.0;30.0;79.5;-30.0;0;0;14.48;344.56;344.41;2.31;153005.0;61.0;61.0;34.0;4550.0;1006.34;0;5.0;1.0;0;1.0;0;0;1.0;0;0;0;0;0;1.0;1.0;0;0;0;0;0
503085;0.76;1.00;58.0;2720.0;30.0;79.5;-30.0;0;0;14.39;326.15;329.82;2.31;153005.0;58.0;58.0;34.0;4565.0;1006.34;0;5.0;1.0;0;1.0;0;0;1.0;0;0;1.0;0;0;1.0;1.0;0;0;0;0;0
503627;0.90;1.00;53.0;2437.0;30.0;79.5;11.25;0;9.74;14.48;341.83;348.35;2.31;153005.0;54.0;54.0;31.0;4243.0;1006.34;0;5.0;1.0;0;1.0;0;0;1.0;0;0;1.0;0;0;1.0;1.0;0;0;0;0;0
504186;0.94;1.00;48.0;2315.0;30.0;79.5;14.25;0;10.05;14.39;223.09;223.05;2.31;153005.0;49.0;49.0;28.0;4312.0;1006.34;0;5.0;1.0;0;1.0;0;0;1.0;0;0;1.0;0;0;1.0;1.0;0;0;0;0;0
504709;1.01;1.00;46.0;2144.0;30.0;79.5;12.75;0;9.94;14.39;170.78;151.86;2.31;153005.0;47.0;47.0;28.0;4453.0;1006.45;0;5.0;1.0;0;1.0;0;0;1.0;0;0;1.0;0;0;1.0;1.0;0;0;0;0;0
505385;1.16;0.99;46.0;1696.0;30.0;79.5;12.0;0;9.97;14.48;147.62;127.60;2.31;153005.0;46.0;45.0;28.0;4488.0;1006.53;820.30;4.0;1.0;0;1.0;0;0;1.0;0;0;1.0;0;0;1.0;1.0;0;0;0;0;0
505903;0.89;1.00;42.0;2241.0;30.0;79.5;13.5;0;9.96;14.39;95.30;71.42;2.31;153005.0;43.0;43.0;27.0;4525.0;1006.92;175.77;4.0;1.0;0;1.0;0;0;1.0;0;0;1.0;0;0;1.0;1.0;0;0;0;0;0
506445;0.88;1.00;41.0;2166.0;30.0;79.5;12.75;0;10.01;14.48;138.66;139.95;2.31;153005.0;41.0;41.0;27.0;4457.0;1007.00;839.83;3.0;1.0;0;1.0;0;0;1.0;0;0;1.0;0;0;1.0;1.0;0;0;0;0;0
506968;0.87;1.00;38.0;2297.0;30.0;79.5;13.5;0;9.93;14.48;103.15;96.98;2.31;153005.0;39.0;39.0;28.0;4495.0;1007.16;97.65;3.0;1.0;0;1.0;0;0;1.0;0;0;1.0;0;0;1.0;1.0;0;0;0;0;0
507489;3.18;1.00;37.0;2320.0;30.0;79.5;-3.75;5.49;10.68;14.58;69.03;61.08;2.31;153005.0;38.0;38.0;34.0;4497.0;1007.31;859.36;3.0;1.0;0;1.0;0;0;1.0;0;0;1.0;0;0;1.0;1.0;0;0;0;0;0
508012;1.07;1.00;37.0;2308.0;30.0;79.5;2.25;0.39;5.41;14.48;151.82;105.93;2.31;153005.0;38.0;37.0;34.0;4527.0;1007.39;839.83;3.0;1.0;0;1.0;0;0;1.0;0;0;1.0;0;0;1.0;1.0;0;0;0;0;0
508558;1.29;0.98;36.0;2234.0;30.0;79.5;21.0;0.78;8.63;14.39;191.70;185.45;2.31;153005.0;36.0;37.0;34.0;4521.0;1007.47;839.83;3.0;1.0;0;1.0;0;0;1.0;0;0;1.0;0;0;1.0;1.0;0;0;0;0;0
509120;1.34;0.97;35.0;2199.0;30.0;79.5;20.25;1.17;9.01;14.48;219.30;189.28;2.31;153005.0;35.0;35.0;34.0;4534.0;1007.51;839.83;3.0;1.0;0;1.0;0;0;1.0;0;0;1.0;0;0;1.0;1.0;0;0;0;0;0
509643;1.76;0.95;35.0;2204.0;30.0;79.5;21.0;2.35;12.62;14.48;219.77;184.36;2.31;153005.0;35.0;35.0;34.0;4490.0;1007.51;820.30;3.0;1.0;0;1.0;0;0;1.0;0;0;1.0;0;0;1.0;1.0;0;0;0;0;0
510167;2.32;0.93;35.0;2149.0;30.0;79.5;20.25;3.92;17.06;14.48;206.23;217.89;2.31;153006.0;35.0;35.0;34.0;4493.0;1007.55;800.77;3.0;1.0;0;1.0;0;0;1.0;0;0;1.0;0;0;1.0;1.0;0;0;0;0;0
510666;2.2;0.91;37.0;2236.0;30.0;79.5;21.75;3.92;17.03;14.39;253.30;206.86;2.31;153006.0;37.0;37.0;34.0;4479.0;1007.55;800.77;3.0;1.0;0;1.0;0;0;1.0;0;0;1.0;0;0;1.0;1.0;0;0;0;0;0
511210;2.38;0.89;38.0;2363.0;30.0;79.5;23.25;5.09;18.15;14.48;243.51;190.00;2.31;153006.0;38.0;38.0;34.0;4474.0;1007.55;800.77;3.0;1.0;0;1.0;0;0;1.0;0;0;1.0;0;0;1.0;1.0;0;0;0;0;0
511766;2.97;0.98;41.0;2470.0;30.0;79.5;24.75;7.05;21.80;14.39;209.22;214.83;2.31;153006.0;40.0;41.0;34.0;4458.0;1007.74;800.77;3.0;1.0;0;1.0;0;0;1.0;0;0;1.0;0;0;1.0;1.0;0;0;0;0;0
512300;2.77;0.94;42.0;2633.0;30.0;79.5;27.75;7.05;21.74;14.48;259.78;254.59;2.31;153006.0;43.0;43.0;34.0;4492.0;1007.94;800.77;3.0;1.0;0;1.0;0;0;1.0;0;0;1.0;0;0;1.0;1.0;0;0;0;0;0
512855;4.56;1.00;46.0;2874.0;30.0;79.5;24.0;18.43;32.89;14.39;296.15;312.42;2.31;153006.0;46.0;46.0;34.0;4549.0;1007.90;761.70;3.0;1.0;0;1.0;0;0;1.0;0;0;1.0;0;0;1.0;1.0;0;0;0;0;0
513380;4.28;0.94;51.0;3052.0;30.0;79.5;23.25;20.39;34.23;14.48;332.79;334.82;2.31;153006.0;50.0;51.0;34.0;4569.0;1008.02;234.37;3.0;1.0;0;1.0;0;0;1.0;0;0;1.0;0;0;1.0;1.0;0;0;0;0;0
513954;4.44;0.99;55.0;3429.0;30.0;80.25;25.5;20.39;33.78;14.39;341.28;323.53;2.31;153006.0;54.0;56.0;34.0;4529.0;1008.13;742.17;3.0;1.0;0;1.0;0;0;1.0;0;0;1.0;0;0;1.0;1.0;0;0;0;0;0
514478;4.08;0.92;60.0;3740.0;30.0;80.25;27.75;20.39;33.67;14.20;331.15;235.92;2.58;153006.0;59.0;60.0;34.0;4549.0;1008.29;585.93;3.0;1.0;0;1.0;0;0;1.0;0;0;1.0;0;0;1.0;1.0;0;0;0;0;0
514983;4.04;0.92;63.0;3907.0;30.0;80.25;28.5;20.39;33.35;14.39;291.27;270.68;2.31;153006.0;63.0;64.0;34.0;4585.0;1008.25;664.05;3.0;1.0;0;1.0;0;0;1.0;0;0;1.0;0;0;1.0;1.0;0;0;0;0;0
515506;4.15;0.92;67.0;4126.0;30.0;80.25;30.0;20.39;34.14;14.39;339.45;231.21;2.31;153006.0;66.0;67.0;34.0;4604.0;1008.25;644.52;3.0;1.0;0;1.0;0;0;1.0;0;0;1.0;0;0;1.0;1.0;0;0;0;0;0
516065;3.96;1.00;68.0;3856.0;30.0;80.25;33.0;16.08;27.67;14.39;322.51;187.48;2.31;153006.0;68.0;69.0;34.0;4393.0;1008.41;761.70;4.0;1.0;0;1.0;0;0;1.0;0;0;0;0;0;1.0;1.0;0;0;0;0;0
516580;3.64;0.92;71.0;3750.0;30.0;80.25;30.75;17.64;29.14;14.48;301.28;149.81;2.31;153006.0;71.0;72.0;34.0;4497.0;1008.52;761.70;4.0;1.0;0;1.0;0;0;1.0;0;0;0;0;0;1.0;1.0;0;0;0;0;0
517153;3.96;1.00;72.0;3677.0;30.0;80.25;32.25;14.11;25.43;14.48;301.44;134.97;2.31;153006.0;72.0;73.0;34.0;4432.0;1008.56;781.24;5.0;1.0;0;1.0;0;0;1.0;0;0;0;0;0;0;1.0;0;0;0;0;0
517671;4.06;0.96;75.0;3382.0;30.0;80.25;27.0;18.82;31.27;14.48;313.65;193.30;2.31;153006.0;74.0;76.0;34.0;4522.0;1008.64;722.64;5.0;1.0;0;1.0;0;0;1.0;0;0;0;0;0;1.0;1.0;0;0;0;0;0
518198;3.45;0.92;77.0;3501.0;30.0;80.25;30.0;16.08;28.13;14.48;334.09;238.14;2.31;153006.0;77.0;78.0;34.0;4516.0;1008.72;624.99;5.0;1.0;0;1.0;0;0;1.0;0;0;0;0;0;1.0;1.0;0;0;0;0;0
518767;3.46;0.95;80.0;3625.0;30.0;80.25;33.0;15.68;27.43;14.48;349.54;311.44;2.31;153006.0;78.0;80.0;34.0;4531.0;1008.76;664.05;5.0;1.0;0;1.0;0;0;1.0;0;0;0;0;0;1.0;1.0;0;0;0;0;0
519331;3.82;0.94;82.0;3803.0;30.0;80.25;30.75;18.43;30.01;14.29;348.68;333.61;2.58;153006.0;80.0;82.0;34.0;4563.0;1008.76;664.05;5.0;1.0;0;1.0;0;0;1.0;0;0;0;0;0;1.0;1.0;0;0;0;0;0
519903;2.2;1.00;81.0;3626.0;30.0;80.25;27.0;5.49;13.31;14.58;354.50;331.87;2.31;153006.0;80.0;81.0;34.0;4212.0;1008.80;820.30;6.0;1.0;0;1.0;0;0;1.0;0;0;0;0;0;1.0;1.0;0;0;0;0;0
520417;3.2;0.97;81.0;3481.0;30.0;80.25;34.5;10.98;23.63;14.48;341.87;357.63;2.31;153006.0;80.0;81.0;34.0;4279.0;1008.80;781.24;6.0;1.0;0;1.0;0;0;1.0;0;0;0;0;0;1.0;1.0;0;0;0;0;0
520954;2.88;0.90;82.0;3485.0;30.0;80.25;35.25;10.98;23.60;14.48;346.52;351.03;2.31;153006.0;81.0;82.0;34.0;4420.0;1008.76;722.64;6.0;1.0;0;1.0;0;0;1.0;0;0;0;0;0;1.0;1.0;0;0;0;0;0
521513;2.52;0.84;83.0;3470.0;30.0;80.25;36.75;9.80;22.56;14.48;339.33;332.04;2.31;153006.0;81.0;84.0;34.0;4492.0;1008.76;546.86;6.0;1.0;0;1.0;0;0;1.0;0;0;0;0;0;1.0;1.0;0;0;0;0;0
522078;2.39;0.86;83.0;3603.0;30.0;80.25;38.25;8.62;20.97;14.48;339.90;325.44;2.31;153006.0;82.0;84.0;34.0;4503.0;1008.80;742.17;6.0;1.0;0;1.0;0;0;1.0;0;0;0;0;0;1.0;1.0;0;0;0;0;0
522613;0.96;1.00;82.0;3370.0;30.0;80.25;39.0;1.96;7.55;14.39;338.88;339.95;2.31;153006.0;81.0;83.0;34.0;4537.0;1008.80;820.30;6.0;1.0;0;1.0;0;0;1.0;0;0;0;0;0;1.0;1.0;0;0;0;0;0
523170;1.17;0.98;80.0;3386.0;30.0;80.25;39.0;1.96;7.64;14.48;318.29;318.29;2.31;153006.0;80.0;80.0;34.0;4513.0;1008.72;800.77;6.0;1.0;0;1.0;0;0;1.0;0;0;0;0;0;1.0;1.0;0;0;0;0;0
523696;1.49;0.96;80.0;3314.0;30.0;80.25;38.25;3.92;11.45;14.39;347.88;342.16;2.31;153006.0;79.0;80.0;34.0;4514.0;1008.76;800.77;6.0;1.0;0;1.0;0;0;1.0;0;0;0;0;0;1.0;1.0;0;0;0;0;0
524236;1.61;0.94;78.0;3361.0;30.0;80.25;39.0;4.31;12.93;14.48;326.56;351.46;2.31;153006.0;78.0;79.0;34.0;4505.0;1008.80;800.77;6.0;1.0;0;1.0;0;0;1.0;0;0;0;0;0;1.0;1.0;0;0;0;0;0
524761;1.68;0.91;77.0;3352.0;30.0;80.25;38.25;4.70;13.88;14.39;330.23;355.05;2.31;153006.0;77.0;78.0;34.0;4512.0;1008.80;781.24;6.0;1.0;0;1.0;0;0;1.0;0;0;0;0;0;1.0;1.0;0;0;0;0;0
525340;0.65;0.89;77.0;3248.0;30.0;80.25;37.5;1.17;6.42;14.48;337.20;355.34;2.31;153006.0;77.0;77.0;34.0;4532.0;1008.80;781.24;6.0;1.0;0;1.0;0;0;1.0;0;0;0;0;0;1.0;1.0;0;0;0;0;0
525897;1.22;0.98;76.0;3209.0;30.0;81.0;36.75;2.74;9.21;14.48;345.34;338.16;2.31;153006.0;75.0;76.0;33.0;4510.0;1008.84;800.77;6.0;1.0;0;1.0;0;0;1.0;0;0;0;0;0;1.0;1.0;0;0;0;0;0
526416;1.63;0.96;73.0;3209.0;30.0;81.0;36.75;4.31;12.70;14.48;152.93;166.10;2.31;153006.0;74.0;74.0;33.0;4503.0;1008.84;800.77;6.0;1.0;0;1.0;0;0;1.0;0;0;0;0;0;1.0;1.0;0;0;0;0;0
527000;2.04;0.93;75.0;3201.0;30.0;81.0;36.0;5.49;16.44;14.48;77.04;83.66;2.31;153006.0;74.0;75.0;33.0;4500.0;1008.84;781.24;6.0;1.0;0;1.0;0;0;1.0;0;0;0;0;0;1.0;1.0;0;0;0;0;0
527560;2.0;0.90;73.0;3139.0;30.0;81.0;36.0;5.88;16.90;14.39;33.08;39.64;2.31;153006.0;74.0;74.0;33.0;4522.0;1008.84;781.24;6.0;1.0;0;1.0;0;0;1.0;0;0;0;0;0;1.0;1.0;0;0;0;0;0
528085;1.92;0.86;73.0;3075.0;30.0;81.0;36.75;5.88;17.23;14.39;16.60;19.90;2.31;153006.0;74.0;74.0;33.0;4514.0;1008.84;742.17;6.0;1.0;0;1.0;0;0;1.0;0;0;0;0;0;1.0;1.0;0;0;0;0;0
528608;1.32;0.99;73.0;3216.0;30.0;81.0;36.75;3.13;10.05;14.48;7.05;8.43;2.31;153006.0;72.0;74.0;33.0;4506.0;1008.84;800.77;6.0;1.0;0;1.0;0;0;1.0;0;0;0;0;0;1.0;1.0;0;0;0;0;0
529129;1.84;0.97;72.0;3055.0;30.0;81.0;36.0;4.70;14.45;14.48;3.45;4.66;2.31;153006.0;72.0;72.0;33.0;4502.0;1008.84;800.77;6.0;1.0;0;1.0;0;0;1.0;0;0;0;0;0;1.0;1.0;0;0;0;0;0
529652;2.21;0.94;72.0;3059.0;30.0;81.0;36.0;6.27;18.02;14.29;2.89;2.26;2.58;153006.0;71.0;73.0;33.0;4514.0;1008.84;781.24;6.0;1.0;0;1.0;0;0;1.0;0;0;0;0;0;1.0;1.0;0;0;0;0;0
530202;2.24;0.90;72.0;3101.0;30.0;81.0;35.25;6.66;19.10;14.48;3.45;1.05;2.31;153006.0;71.0;73.0;33.0;4511.0;1008.84;761.70;6.0;1.0;0;1.0;0;0;1.0;0;0;0;0;0;1.0;1.0;0;0;0;0;0
530734;2.14;0.85;72.0;3074.0;30.0;81.0;35.25;6.66;19.14;14.48;1.44;0.35;2.31;153006.0;72.0;73.0;33.0;4522.0;1008.84;742.17;6.0;1.0;0;1.0;0;0;1.0;0;0;0;0;0;1.0;1.0;0;0;0;0;0
531257;1.86;0.99;72.0;2970.0;30.0;81.0;34.5;4.31;14.32;14.48;2.26;2.01;2.31;153006.0;71.0;72.0;33.0;4513.0;1008.84;781.24;6.0;1.0;0;1.0;0;0;1.0;0;0;0;0;0;1.0;1.0;0;0;0;0;0
531777;0.72;1.00;71.0;2867.0;30.0;81.0;39.75;0;12.01;14.48;1.11;0.93;2.31;153006.0;70.0;71.0;33.0;4544.0;1008.84;800.77;6.0;1.0;0;1.0;0;0;1.0;0;0;0;0;0;1.0;1.0;0;0;0;0;0
532301;0.68;1.00;68.0;2907.0;30.0;81.0;-30.0;0;0;14.48;2.30;0.33;2.31;153006.0;69.0;69.0;33.0;4571.0;1008.84;0;6.0;1.0;0;1.0;0;0;1.0;0;0;0;0;0;1.0;1.0;0;0;0;0;0
532820;0.73;1.00;66.0;2822.0;30.0;81.0;-30.0;0;0;14.58;2.44;0.09;2.31;153006.0;67.0;66.0;33.0;4580.0;1008.84;0;6.0;1.0;0;1.0;0;0;1.0;0;0;0;0;0;1.0;1.0;0;0;0;0;0
533353;0.73;1.00;65.0;2798.0;30.0;81.0;-30.0;0;0;14.29;1.26;0;2.58;153006.0;65.0;65.0;33.0;4483.0;1008.84;0;6.0;1.0;0;1.0;0;0;1.0;0;0;0;0;0;1.0;1.0;0;0;0;0;0
533906;2.79;1.00;63.0;2675.0;30.0;81.0;3.0;6.66;13.14;14.48;0.58;0;2.31;153006.0;63.0;64.0;33.0;4209.0;1008.84;839.83;6.0;1.0;0;1.0;0;0;1.0;0;0;0;0;0;1.0;1.0;0;0;0;0;0
534481;2.64;0.96;63.0;2709.0;30.0;81.0;18.75;7.05;18.11;14.48;0.21;0;2.31;153006.0;63.0;64.0;33.0;4352.0;1008.84;820.30;6.0;1.0;0;1.0;0;0;1.0;0;0;0;0;0;1.0;1.0;0;0;0;0;0
535051;2.44;0.93;63.0;2680.0;30.0;81.0;29.25;6.66;19.51;14.48;1.52;1.85;2.31;153006.0;64.0;64.0;33.0;4472.0;1008.84;800.77;6.0;1.0;0;1.0;0;0;1.0;0;0;0;0;0;1.0;1.0;0;0;0;0;0
535587;2.26;0.89;65.0;2733.0;30.0;81.0;30.75;6.66;19.19;14.48;0.70;0.95;2.31;153006.0;65.0;65.0;33.0;4512.0;1008.84;781.24;6.0;1.0;0;1.0;0;0;1.0;0;0;0;0;0;1.0;1.0;0;0;0;0;0
536203;1.91;0.99;65.0;2819.0;30.0;81.0;30.75;4.31;14.38;14.39;0.27;2.07;2.31;153006.0;65.0;65.0;33.0;4513.0;1008.84;800.77;6.0;1.0;0;1.0;0;0;1.0;0;0;0;0;0;1.0;1.0;0;0;0;0;0
536720;1.82;0.96;65.0;2734.0;30.0;81.0;30.75;4.31;14.19;14.58;1.58;0.89;2.31;153006.0;65.0;65.0;33.0;4512.0;1008.84;800.77;6.0;1.0;0;1.0;0;0;1.0;0;0;0;0;0;1.0;1.0;0;0;0;0;0
537225;1.81;0.94;65.0;2747.0;30.0;81.0;30.75;4.31;14.50;14.58;0.74;1.93;2.31;153006.0;65.0;65.0;33.0;4506.0;1008.84;800.77;6.0;1.0;0;1.0;0;0;1.0;0;0;0;0;0;1.0;1.0;0;0;0;0;0
537751;1.77;0.92;63.0;2734.0;30.0;81.0;30.0;4.31;14.42;14.48;1.89;0.93;2.31;153006.0;64.0;64.0;33.0;4514.0;1008.84;781.24;6.0;1.0;0;1.0;0;0;1.0;0;0;0;0;0;1.0;1.0;0;0;0;0;0
538270;1.69;0.89;65.0;2741.0;30.0;81.0;30.0;4.31;14.08;14.48;0.93;1.97;2.31;153006.0;65.0;65.0;33.0;4515.0;1008.84;781.24;6.0;1.0;0;1.0;0;0;1.0;0;0;0;0;0;1.0;1.0;0;0;0;0;0
538793;1.56;0.87;65.0;2765.0;30.0;81.0;30.75;3.52;13.38;14.39;2.57;0.83;2.31;153006.0;64.0;65.0;33.0;4528.0;1008.84;761.70;6.0;1.0;0;1.0;0;0;1.0;0;0;0;0;0;1.0;1.0;0;0;0;0;0
539313;0.75;0.85;62.0;2739.0;30.0;81.0;30.75;0.39;6.34;14.48;1.34;0.37;2.31;153006.0;63.0;63.0;33.0;4539.0;1008.84;781.24;6.0;1.0;0;1.0;0;0;1.0;0;0;0;0;0;1.0;1.0;0;0;0;0;0
539837;0.77;1.00;61.0;2584.0;30.0;81.0;17.25;0;9.88;14.48;0.70;0.15;2.31;153006.0;61.0;62.0;33.0;4523.0;1008.84;664.05;6.0;1.0;0;1.0;0;0;1.0;0;0;0;0;0;1.0;1.0;0;0;0;0;0
540362;0.8;1.00;60.0;2538.0;30.0;81.0;15.75;0;9.74;14.48;0.31;1.38;2.31;153006.0;60.0;60.0;33.0;4508.0;1008.84;664.05;6.0;1.0;0;1.0;0;0;1.0;0;0;0;0;0;1.0;1.0;0;0;0;0;0
540897;0.81;1.00;58.0;2487.0;30.0;81.0;15.0;0;9.76;14.48;2.16;16.58;2.31;153006.0;58.0;58.0;34.0;4522.0;1008.84;664.05;6.0;1.0;0;1.0;0;0;1.0;0;0;0;0;0;1.0;1.0;0;0;0;0;0
541421;0.85;1.00;57.0;2414.0;30.0;81.0;13.5;0;9.74;14.48;87.43;134.30;2.31;153006.0;57.0;57.0;35.0;4505.0;1008.84;624.99;6.0;1.0;0;1.0;0;0;1.0;0;0;1.0;0;0;1.0;1.0;0;0;0;0;0
541932;0.88;1.00;55.0;2329.0;30.0;81.0;14.25;0;9.87;14.39;149.61;181.10;2.31;153006.0;55.0;55.0;27.0;4543.0;1008.84;507.80;6.0;1.0;0;1.0;0;0;1.0;0;0;1.0;0;0;1.0;1.0;0;0;0;0;0
542491;0.90;1.00;53.0;2308.0;30.0;81.0;14.25;0;9.96;14.48;217.83;250.70;2.31;153006.0;54.0;54.0;27.0;4533.0;1008.84;0;6.0;1.0;0;1.0;0;0;1.0;0;0;1.0;0;0;1.0;1.0;0;0;0;0;0
543028;1.6;1.00;52.0;2232.0;30.0;81.0;15.0;1.96;9.74;14.48;215.08;232.15;2.31;153006.0;52.0;53.0;33.0;4547.0;1008.84;800.77;6.0;1.0;0;1.0;0;0;1.0;0;0;1.0;0;0;1.0;1.0;0;0;0;0;0
543551;1.73;1.00;51.0;2240.0;30.0;81.0;18.0;2.35;11.40;14.39;139.79;144.46;2.31;153006.0;51.0;52.0;33.0;4512.0;1008.84;820.30;6.0;1.0;0;1.0;0;0;1.0;0;0;1.0;0;0;1.0;1.0;0;0;0;0;0
544075;1.64;0.99;50.0;1560.0;30.0;81.0;13.5;0.78;9.61;14.39;109.93;102.94;2.31;153006.0;51.0;51.0;33.0;4515.0;1008.84;800.77;5.0;1.0;0;1.0;0;0;1.0;0;0;1.0;0;0;1.0;1.0;0;0;0;0;0
544587;1.68;0.97;50.0;2367.0;30.0;81.0;23.25;2.35;11.93;14.48;64.87;62.69;2.31;153006.0;50.0;50.0;33.0;4507.0;1008.84;820.30;5.0;1.0;0;1.0;0;0;1.0;0;0;1.0;0;0;1.0;1.0;0;0;0;0;0
545162;2.15;0.95;50.0;2358.0;30.0;81.0;22.5;3.92;15.72;14.39;40.46;38.96;2.31;153006.0;50.0;50.0;33.0;4485.0;1008.84;800.77;5.0;1.0;0;1.0;0;0;1.0;0;0;1.0;0;0;1.0;1.0;0;0;0;0;0
545680;1.04;1.00;48.0;1888.0;30.0;81.0;12.75;0;9.92;14.39;22.59;22.73;2.31;153006.0;49.0;49.0;27.0;4556.0;1008.84;722.64;4.0;1.0;0;1.0;0;0;1.0;0;0;1.0;0;0;1.0;1.0;0;0;0;0;0
546203;1.16;0.98;48.0;2498.0;30.0;81.0;24.75;0.78;7.64;14.39;15.70;18.84;2.31;153006.0;48.0;48.0;33.0;4462.0;1008.84;781.24;4.0;1.0;0;1.0;0;0;1.0;0;0;1.0;0;0;1.0;1.0;0;0;0;0;0
546723;1.33;0.97;47.0;2469.0;30.0;81.0;25.5;1.56;9.45;14.39;9.17;11.05;2.31;153006.0;47.0;47.0;33.0;4494.0;1008.84;800.77;4.0;1.0;0;1.0;0;0;1.0;0;0;1.0;0;0;1.0;1.0;0;0;0;0;0
547239;1.38;0.95;46.0;2416.0;30.0;81.0;24.75;1.96;9.96;14.48;5.05;7.92;2.31;153006.0;46.0;46.0;33.0;4529.0;1008.84;800.77;4.0;1.0;0;1.0;0;0;1.0;0;0;1.0;0;0;1.0;1.0;0;0;0;0;0
547762;1.66;0.99;45.0;1904.0;30.0;81.0;15.0;1.56;9.85;14.48;9.99;20.56;2.31;153006.0;45.0;45.0;33.0;4549.0;1008.84;761.70;4.0;1.0;0;1.0;0;0;1.0;0;0;1.0;0;0;1.0;1.0;0;0;0;0;0
548297;1.80;0.98;45.0;2294.0;30.0;81.0;23.25;2.35;12.83;14.39;11.05;22.49;2.31;153006.0;45.0;45.0;33.0;4495.0;1008.84;800.77;4.0;1.0;0;1.0;0;0;1.0;0;0;1.0;0;0;1.0;1.0;0;0;0;0;0
548851;1.99;0.96;45.0;2366.0;30.0;81.0;23.25;3.13;14.58;14.39;6.46;13.20;2.31;153006.0;42.0;45.0;33.0;4493.0;1008.84;781.24;4.0;1.0;0;1.0;0;0;1.0;0;0;1.0;0;0;1.0;1.0;0;0;0;0;0
549382;0.98;1.00;43.0;1986.0;30.0;81.0;12.75;0;9.92;14.48;5.21;9.64;2.31;153006.0;43.0;43.0;27.0;4532.0;1008.84;742.17;4.0;1.0;0;1.0;0;0;1.0;0;0;1.0;0;0;1.0;1.0;0;0;0;0;0
549918;0.96;1.00;42.0;2103.0;30.0;81.0;12.75;0;9.80;14.48;22.71;41.85;2.31;153006.0;42.0;42.0;26.0;4526.0;1008.84;624.99;4.0;1.0;0;1.0;0;0;1.0;0;0;1.0;0;0;1.0;1.0;0;0;0;0;0
550473;0.95;1.00;41.0;2114.0;30.0;81.0;12.75;0;9.75;14.39;107.55;94.81;2.31;153006.0;41.0;41.0;26.0;4515.0;1008.84;0;4.0;1.0;0;1.0;0;0;1.0;0;0;1.0;0;0;1.0;1.0;0;0;0;0;0
551030;0.96;1.00;38.0;2067.0;30.0;81.75;12.0;0;9.72;14.39;175.37;131.04;2.31;153006.0;39.0;39.0;27.0;4510.0;1008.84;0;4.0;1.0;0;1.0;0;0;1.0;0;0;1.0;0;0;1.0;1.0;0;0;0;0;0
551596;1.21;1.00;37.0;2052.0;30.0;81.75;18.0;0.39;10.69;14.39;202.19;179.34;2.31;153006.0;38.0;38.0;33.0;4516.0;1008.84;0;4.0;1.0;0;1.0;0;0;1.0;0;0;1.0;0;0;1.0;1.0;0;0;0;0;0
552141;1.72;1.00;37.0;1997.0;30.0;81.75;17.25;1.96;11.24;14.48;129.56;123.87;2.31;153006.0;37.0;37.0;33.0;4520.0;1008.84;839.83;4.0;1.0;0;1.0;0;0;1.0;0;0;1.0;0;0;1.0;1.0;0;0;0;0;0
552686;1.93;0.99;36.0;1985.0;30.0;81.75;16.5;2.35;12.80;14.39;84.95;77.06;2.31;153006.0;36.0;37.0;33.0;4521.0;1008.84;820.30;4.0;1.0;0;1.0;0;0;1.0;0;0;1.0;0;0;1.0;1.0;0;0;0;0;0
553260;2.44;0.97;37.0;1979.0;30.0;81.75;17.25;3.52;15.99;14.39;50.09;47.90;2.31;153006.0;37.0;38.0;33.0;4522.0;1008.84;800.77;4.0;1.0;0;1.0;0;0;1.0;0;0;1.0;0;0;1.0;1.0;0;0;0;0;0
553779;0.72;1.00;37.0;2375.0;30.0;81.75;12.0;0;9.79;14.39;29.50;32.00;2.31;153006.0;38.0;38.0;30.0;4526.0;1008.84;703.11;3.0;1.0;0;1.0;0;0;1.0;0;0;1.0;0;0;1.0;1.0;0;0;0;0;0
554302;2.61;1.00;37.0;2542.0;30.0;81.75;27.0;4.70;17.15;14.39;17.34;26.65;2.31;153006.0;37.0;38.0;33.0;4424.0;1008.84;839.83;3.0;1.0;0;1.0;0;0;1.0;0;0;1.0;0;0;1.0;1.0;0;0;0;0;0
554821;3.92;0.99;40.0;2397.0;30.0;81.75;23.25;11.37;28.42;14.39;10.17;15.68;2.31;153006.0;39.0;40.0;33.0;4437.0;1008.84;820.30;3.0;1.0;0;1.0;0;0;1.0;0;0;1.0;0;0;1.0;1.0;0;0;0;0;0
555343;4.20;1.00;42.0;2651.0;30.0;81.75;24.75;14.90;30.26;14.48;9.37;8.69;2.31;153006.0;42.0;43.0;33.0;4486.0;1008.84;781.24;3.0;1.0;0;1.0;0;0;1.0;0;0;1.0;0;0;1.0;1.0;0;0;0;0;0
555862;4.16;0.98;46.0;2898.0;30.0;81.75;24.75;17.64;32.20;14.29;4.90;4.78;2.58;153006.0;45.0;46.0;33.0;4568.0;1008.84;742.17;3.0;1.0;0;1.0;0;0;1.0;0;0;1.0;0;0;1.0;1.0;0;0;0;0;0
556443;3.52;0.99;50.0;3053.0;30.0;81.75;30.0;12.15;27.44;14.39;2.24;2.05;2.31;153006.0;49.0;50.0;33.0;4528.0;1008.84;781.24;3.0;1.0;0;1.0;0;0;1.0;0;0;1.0;0;0;1.0;1.0;0;0;0;0;0
556967;2.84;0.98;52.0;3089.0;30.0;81.75;35.25;7.84;22.53;14.39;0.87;0.76;2.31;153006.0;51.0;52.0;33.0;4509.0;1008.84;800.77;3.0;1.0;0;1.0;0;0;1.0;0;0;1.0;0;0;1.0;1.0;0;0;0;0;0
557514;1.42;0.99;52.0;3265.0;30.0;81.75;37.5;3.13;10.84;14.39;0.33;0.29;2.31;153006.0;52.0;52.0;33.0;4517.0;1008.84;800.77;3.0;1.0;0;1.0;0;0;1.0;0;0;1.0;0;0;0;1.0;0;0;0;0;0
558037;3.18;0.99;53.0;3228.0;30.0;81.75;34.5;9.41;24.22;14.39;0.05;0.03;2.31;153006.0;53.0;54.0;33.0;4501.0;1008.84;781.24;3.0;1.0;0;1.0;0;0;1.0;0;0;1.0;0;0;1.0;1.0;0;0;0;0;0
558572;1.68;0.93;55.0;3344.0;30.0;81.75;38.25;5.09;16.15;14.39;0;0;2.31;153006.0;54.0;55.0;33.0;4522.0;1008.84;800.77;3.0;1.0;0;1.0;0;0;1.0;0;0;1.0;0;0;1.0;1.0;0;0;0;0;0
559096;3.58;1.00;56.0;3354.0;30.0;81.75;33.75;11.76;26.28;14.48;0;0;2.31;153006.0;55.0;56.0;33.0;4498.0;1008.84;781.24;3.0;1.0;0;1.0;0;0;1.0;0;0;1.0;0;0;1.0;1.0;0;0;0;0;0
559622;1.64;1.00;55.0;2481.0;30.0;81.75;24.75;1.96;9.95;14.29;1.97;0;2.58;153006.0;55.0;55.0;33.0;4477.0;1008.84;0;4.0;1.0;0;1.0;0;0;1.0;0;0;1.0;0;0;1.0;1.0;0;0;0;0;0
560191;1.68;1.00;53.0;2784.0;30.0;81.0;30.75;2.74;11.69;14.39;2.67;1.23;2.31;153006.0;54.0;54.0;33.0;4226.0;1008.84;800.77;4.0;1.0;0;1.0;0;0;1.0;0;0;1.0;0;0;1.0;1.0;0;0;0;0;0
560713;1.64;0.99;53.0;2824.0;30.0;81.0;31.5;2.74;11.53;14.48;4.96;0.48;2.31;153006.0;53.0;53.0;33.0;4368.0;1008.84;800.77;4.0;1.0;0;1.0;0;0;1.0;0;0;1.0;0;0;1.0;1.0;0;0;0;0;0
561226;1.58;0.97;52.0;2707.0;30.0;81.0;29.25;2.74;11.51;14.39;2.53;0.21;2.31;153006.0;52.0;52.0;33.0;4450.0;1008.84;800.77;4.0;1.0;0;1.0;0;0;1.0;0;0;1.0;0;0;1.0;1.0;0;0;0;0;0
561802;1.28;0.95;51.0;2689.0;30.0;81.0;29.25;1.96;10.92;14.48;1.19;0;2.31;153006.0;51.0;51.0;33.0;4499.0;1008.84;800.77;4.0;1.0;0;1.0;0;0;1.0;0;0;1.0;0;0;1.0;1.0;0;0;0;0;0
562318;1.35;0.93;48.0;2469.0;30.0;81.0;25.5;1.56;10.05;14.20;0.58;0;2.58;153006.0;49.0;49.0;33.0;4513.0;1008.84;781.24;4.0;1.0;0;1.0;0;0;1.0;0;0;1.0;0;0;1.0;1.0;0;0;0;0;0
562841;1.03;0.92;47.0;2486.0;30.0;81.0;25.5;0.78;7.72;14.48;0.25;0;2.31;153006.0;48.0;48.0;33.0;4517.0;1008.84;781.24;4.0;1.0;0;1.0;0;0;1.0;0;0;1.0;0;0;1.0;1.0;0;0;0;0;0
563366;2.05;0.99;46.0;2137.0;30.0;81.0;17.25;2.35;12.33;14.39;0.03;1.85;2.31;153006.0;45.0;46.0;33.0;4494.0;1008.84;781.24;4.0;1.0;0;1.0;0;0;1.0;0;0;1.0;0;0;1.0;1.0;0;0;0;0;0
563881;3.07;1.00;45.0;2380.0;30.0;81.0;22.5;5.88;19.98;14.39;0;1.01;2.31;153006.0;45.0;45.0;33.0;4475.0;1008.84;781.24;4.0;1.0;0;1.0;0;0;1.0;0;0;1.0;0;0;1.0;1.0;0;0;0;0;0
564420;2.86;0.98;46.0;2429.0;30.0;81.0;24.0;6.27;20.89;14.39;0;0.56;2.31;153006.0;45.0;46.0;33.0;4462.0;1008.84;781.24;4.0;1.0;0;1.0;0;0;1.0;0;0;1.0;0;0;1.0;1.0;0;0;0;0;0
564937;1.19;1.00;45.0;2375.0;30.0;81.0;23.25;1.56;9.52;14.48;0;0.27;2.31;153006.0;45.0;46.0;33.0;4569.0;1008.84;781.24;4.0;1.0;0;1.0;0;0;1.0;0;0;1.0;0;0;1.0;1.0;0;0;0;0;0
565528;1.28;0.99;43.0;2067.0;30.0;81.0;18.0;0.39;10.81;14.39;9.74;18.37;2.31;153006.0;44.0;44.0;33.0;4533.0;1008.84;742.17;4.0;1.0;0;1.0;0;0;1.0;0;0;1.0;0;0;1.0;1.0;0;0;0;0;0
566067;3.53;1.00;42.0;2279.0;30.0;81.0;21.75;7.45;23.23;14.39;6.77;14.92;2.31;153006.0;42.0;43.0;33.0;4485.0;1008.84;781.24;4.0;1.0;0;1.0;0;0;1.0;0;0;1.0;0;0;1.0;1.0;0;0;0;0;0
566593;5.05;1.00;45.0;2358.0;30.0;81.0;18.0;16.08;32.94;14.29;3.92;8.72;2.58;153006.0;44.0;45.0;33.0;4419.0;1008.84;761.70;4.0;1.0;0;1.0;0;0;1.0;0;0;1.0;0;0;1.0;1.0;0;0;0;0;0
567175;5.68;1.00;47.0;2525.0;30.0;81.0;13.5;25.10;37.90;14.29;2.24;5.09;2.58;153006.0;47.0;48.0;33.0;4454.0;1008.84;742.17;4.0;1.0;0;1.0;0;0;1.0;0;0;1.0;0;0;1.0;1.0;0;0;0;0;0
567686;5.8;0.99;52.0;2699.0;30.0;81.0;12.0;34.12;40.62;14.29;1.05;2.46;2.58;153006.0;52.0;53.0;33.0;4572.0;1008.84;468.74;4.0;1.0;0;1.0;0;0;1.0;0;0;1.0;0;0;1.0;1.0;0;0;0;0;0
568207;6.32;1.03;58.0;3053.0;30.0;81.0;12.0;38.43;41.43;14.39;0.46;1.21;2.31;153006.0;56.0;58.0;33.0;4571.0;1008.84;468.74;4.0;1.0;0;1.0;0;0;1.0;0;0;0;0;0;1.0;1.0;0;0;0;0;0
568720;6.39;1.03;62.0;3304.0;30.0;81.0;12.0;38.04;41.35;14.39;0.15;0.52;2.31;153006.0;61.0;63.0;33.0;4559.0;1008.84;546.86;4.0;1.0;0;1.0;0;0;1.0;0;0;0;0;0;1.0;1.0;0;0;0;0;0
569260;6.46;1.01;67.0;3446.0;30.0;81.0;12.0;36.86;41.89;14.48;0;1.91;2.31;153006.0;66.0;68.0;33.0;4517.0;1008.84;722.64;4.0;1.0;0;1.0;0;0;1.0;0;0;0;0;0;1.0;1.0;0;0;0;0;0
569782;6.08;0.95;72.0;3789.0;30.0;81.0;14.25;36.08;43.23;14.39;0;0.76;2.31;153006.0;70.0;73.0;33.0;4590.0;1008.84;664.05;4.0;1.0;0;1.0;0;0;1.0;0;0;0;0;0;1.0;1.0;0;0;0;0;0
570303;5.92;0.97;76.0;3896.0;30.0;81.0;17.25;33.33;42.94;14.48;0;1.26;2.31;153006.0;75.0;77.0;33.0;4589.0;1008.84;703.11;4.0;1.0;0;1.0;0;0;1.0;0;0;0;0;0;1.0;1.0;0;0;0;0;0
570827;5.53;0.98;80.0;4156.0;30.0;81.0;21.0;28.23;40.30;14.48;0;0.39;2.31;153006.0;78.0;80.0;33.0;4581.0;1008.84;703.11;4.0;1.0;0;1.0;0;0;1.0;0;0;0;0;0;1.0;1.0;0;0;0;0;0
571340;3.01;0.97;82.0;4348.0;30.0;81.0;31.5;14.11;32.02;14.39;2.79;4.39;2.31;153007.0;81.0;83.0;33.0;4448.0;1008.84;683.58;4.0;1.0;0;1.0;0;0;1.0;0;0;0;0;0;1.0;1.0;0;0;0;0;0
571877;6.21;1.00;85.0;3907.0;30.0;81.0;19.5;29.02;40.59;14.39;2.65;1.42;2.31;153007.0;82.0;85.0;33.0;4484.0;1008.68;781.24;5.0;1.0;0;1.0;0;0;1.0;0;0;0;0;0;1.0;1.0;0;0;0;0;0
572435;6.41;0.99;88.0;3999.0;30.0;81.0;16.5;34.90;43.69;14.39;2.44;1.58;2.31;153007.0;86.0;89.0;33.0;4573.0;1008.60;664.05;5.0;1.0;0;1.0;0;0;1.0;0;0;0;0;0;1.0;1.0;0;0;0;0;0
572957;6.29;0.98;91.0;4278.0;30.0;81.0;16.5;36.86;43.68;14.48;1.50;0.39;2.31;153007.0;89.0;91.0;33.0;4508.0;1008.48;683.58;5.0;1.0;0;1.0;0;0;1.0;0;0;0;0;0;1.0;1.0;0;0;0;0;0
573516;5.67;1.00;92.0;3936.0;30.0;81.0;23.25;24.70;37.35;14.39;2.20;0.03;2.31;153007.0;91.0;93.0;33.0;4502.0;1008.45;781.24;6.0;1.0;0;1.0;0;0;1.0;0;0;0;0;0;1.0;1.0;0;0;0;0;0
574051;5.62;0.97;95.0;4043.0;30.0;81.0;19.5;29.41;41.26;14.39;0.89;0;2.31;153007.0;93.0;95.0;33.0;4580.0;1008.37;644.52;6.0;1.0;0;1.0;0;0;1.0;0;0;0;0;0;1.0;1.0;0;0;0;0;0
574575;5.03;0.95;97.0;4141.0;30.0;81.0;24.0;25.10;38.05;14.29;0.19;1.38;2.58;153007.0;95.0;97.0;33.0;4552.0;1008.29;703.11;6.0;1.0;0;1.0;0;0;1.0;0;0;0;0;0;1.0;1.0;0;0;0;0;0
575146;4.52;0.94;98.0;4260.0;30.0;81.0;27.0;23.13;35.27;14.39;0;0.41;2.31;153007.0;97.0;99.0;33.0;4537.0;1008.33;546.86;6.0;1.0;0;1.0;0;0;1.0;0;0;0;0;0;1.0;1.0;0;0;0;0;0
575670;4.16;0.94;101.0;4310.0;30.0;81.0;30.75;21.17;32.58;14.39;0;0;2.31;153007.0;99.0;101.0;33.0;4506.0;1008.21;644.52;6.0;1.0;0;1.0;0;0;1.0;0;0;0;0;0;1.0;1.0;0;0;0;0;0
576195;3.63;0.91;102.0;4320.0;30.0;81.0;33.75;18.04;29.59;14.48;1.66;0;2.31;153007.0;100.0;103.0;33.0;4516.0;1008.17;722.64;6.0;1.0;0;1.0;0;0;1.0;0;0;0;0;0;1.0;1.0;0;0;0;0;0
576761;3.30;0.98;102.0;4302.0;30.0;81.0;38.25;13.33;25.09;14.48;2.22;0;2.31;153007.0;101.0;103.0;33.0;4487.0;1008.17;742.17;6.0;1.0;0;1.0;0;0;1.0;0;0;0;0;0;1.0;1.0;0;0;0;0;0
577285;4.41;0.99;103.0;4379.0;30.0;81.0;31.5;21.17;32.16;14.39;0.58;1.97;2.31;153007.0;102.0;104.0;33.0;4550.0;1008.21;683.58;6.0;1.0;0;1.0;0;0;1.0;0;0;0;0;0;1.0;1.0;0;0;0;0;0
577802;4.22;0.98;105.0;4436.0;30.0;81.0;31.5;21.17;31.79;14.48;0.11;0.64;2.31;153007.0;102.0;105.0;33.0;4538.0;1008.02;644.52;6.0;1.0;0;1.0;0;0;1.0;0;0;0;0;0;1.0;1.0;0;0;0;0;0
578386;4.16;0.99;105.0;4524.0;30.0;81.0;32.25;20.78;30.96;14.39;0;2.81;2.31;153007.0;103.0;106.0;33.0;4527.0;1008.05;722.64;6.0;1.0;0;1.0;0;0;1.0;0;0;0;0;0;1.0;1.0;0;0;0;0;0
578895;4.17;1.01;107.0;4470.0;30.0;81.0;33.0;20.00;30.46;14.39;2.36;1.81;2.31;153007.0;105.0;107.0;33.0;4514.0;1007.90;761.70;6.0;1.0;0;1.0;0;0;1.0;0;0;0;0;0;1.0;1.0;0;0;0;0;0
579416;3.84;0.98;107.0;4579.0;30.0;81.0;35.25;19.21;29.08;14.48;2.14;1.42;2.31;153007.0;105.0;108.0;33.0;4510.0;1007.90;761.70;6.0;1.0;0;1.0;0;0;1.0;0;0;0;0;0;1.0;1.0;0;0;0;0;0
579941;3.74;0.99;107.0;4618.0;30.0;81.0;36.0;18.43;28.12;14.39;0.66;0.39;2.31;153007.0;107.0;108.0;33.0;4509.0;1007.86;703.11;6.0;1.0;0;1.0;0;0;1.0;0;0;0;0;0;1.0;1.0;0;0;0;0;0
580517;3.47;0.95;108.0;4628.0;30.0;81.0;37.5;17.25;27.00;14.39;0.05;0;2.31;153007.0;107.0;109.0;33.0;4498.0;1007.86;703.11;6.0;1.0;0;1.0;0;0;1.0;0;0;0;0;0;1.0;1.0;0;0;0;0;0
581091;3.54;0.97;110.0;4593.0;30.0;81.0;37.5;16.86;27.00;14.39;1.01;0;2.31;153007.0;107.0;110.0;33.0;4494.0;1007.90;742.17;6.0;1.0;0;1.0;0;0;1.0;0;0;0;0;0;1.0;1.0;0;0;0;0;0
581610;3.38;0.97;110.0;4689.0;30.0;81.0;38.25;16.47;26.45;14.39;1.83;0;2.31;153007.0;108.0;110.0;33.0;4519.0;1007.90;703.11;6.0;1.0;0;1.0;0;0;1.0;0;0;0;0;0;1.0;1.0;0;0;0;0;0
582133;3.48;0.99;110.0;4681.0;30.0;81.0;39.0;16.47;26.07;14.48;0.56;1.23;2.31;153007.0;108.0;110.0;33.0;4500.0;1007.98;781.24;6.0;1.0;0;1.0;0;0;1.0;0;0;0;0;0;1.0;1.0;0;0;0;0;0
582662;3.39;0.98;110.0;4693.0;30.0;81.0;39.0;16.08;25.71;14.48;1.17;0.25;2.31;153007.0;109.0;111.0;33.0;4527.0;1007.90;664.05;6.0;1.0;0;1.0;0;0;1.0;0;0;0;0;0;1.0;1.0;0;0;0;0;0
583209;3.44;1.02;110.0;4756.0;30.0;81.0;39.75;15.68;25.23;14.39;0.29;2.01;2.31;153007.0;109.0;111.0;33.0;4525.0;1007.98;761.70;6.0;1.0;0;1.0;0;0;1.0;0;0;0;0;0;1.0;1.0;0;0;0;0;0
583732;3.04;0.96;111.0;4766.0;30.0;80.25;41.25;14.11;23.74;14.48;149.63;107.39;2.31;153007.0;109.0;111.0;34.0;4514.0;1007.94;761.70;6.0;1.0;0;1.0;0;0;1.0;0;0;0;0;0;1.0;1.0;0;0;0;0;0
584264;3.01;0.96;111.0;4770.0;30.0;80.25;42.0;13.72;23.31;14.48;248.51;226.97;2.31;153007.0;110.0;111.0;34.0;4512.0;1008.02;742.17;6.0;1.0;0;1.0;0;0;1.0;0;0;0;0;0;1.0;1.0;0;0;0;0;0
584793;2.60;0.90;111.0;4701.0;30.0;80.25;42.75;10.98;21.75;14.48;305.39;261.52;2.31;153007.0;109.0;111.0;34.0;4515.0;1007.98;722.64;6.0;1.0;0;1.0;0;0;1.0;0;0;0;0;0;1.0;1.0;0;0;0;0;0
585302;3.64;0.98;111.0;4695.0;30.0;80.25;37.5;17.64;26.94;14.48;327.16;221.95;2.31;153007.0;108.0;111.0;34.0;4536.0;1007.94;761.70;6.0;1.0;0;1.0;0;0;1.0;0;0;0;0;0;1.0;1.0;0;0;0;0;0
585826;3.60;1.01;111.0;4703.0;30.0;80.25;38.25;16.86;26.44;14.48;325.07;236.44;2.31;153007.0;109.0;111.0;34.0;4533.0;1007.98;742.17;6.0;1.0;0;1.0;0;0;1.0;0;0;0;0;0;1.0;1.0;0;0;0;0;0
586350;3.33;1.00;111.0;4686.0;30.0;80.25;40.5;14.51;24.70;14.39;215.96;201.95;2.31;153007.0;109.0;111.0;34.0;4506.0;1008.02;761.70;6.0;1.0;0;1.0;0;0;1.0;0;0;0;0;0;1.0;1.0;0;0;0;0;0
586886;2.72;0.91;111.0;4708.0;30.0;80.25;42.75;11.76;22.33;14.48;200.59;206.25;2.31;153007.0;109.0;111.0;34.0;4493.0;1007.98;742.17;6.0;1.0;0;1.0;0;0;1.0;0;0;0;0;0;1.0;1.0;0;0;0;0;0
587410;2.32;0.91;110.0;4672.0;30.0;80.25;45.0;9.02;19.28;14.39;150.12;201.23;2.31;153007.0;108.0;110.0;34.0;4498.0;1008.02;800.77;6.0;1.0;0;1.0;0;0;1.0;0;0;0;0;0;1.0;1.0;0;0;0;0;0
587921;2.67;0.84;108.0;4645.0;30.0;80.25;42.75;11.76;22.25;14.48;191.35;215.08;2.31;153007.0;107.0;109.0;34.0;4510.0;1007.90;117.18;6.0;1.0;0;1.0;0;0;1.0;0;0;0;0;0;1.0;1.0;0;0;0;0;0
588443;2.94;0.93;108.0;4609.0;30.0;80.25;40.5;13.33;24.00;14.29;221.64;302.73;2.58;153007.0;107.0;109.0;34.0;4553.0;1007.94;39.06;6.0;1.0;0;1.0;0;0;1.0;0;0;0;0;0;1.0;1.0;0;0;0;0;0
588967;3.24;1.01;108.0;4606.0;30.0;80.25;40.5;13.33;24.01;14.48;308.71;307.87;2.31;153007.0;107.0;109.0;34.0;4515.0;1007.98;800.77;6.0;1.0;0;1.0;0;0;1.0;0;0;0;0;0;1.0;1.0;0;0;0;0;0
589503;2.92;0.92;107.0;4570.0;30.0;80.25;41.25;12.94;23.78;14.39;322.69;326.44;2.31;153007.0;106.0;108.0;34.0;4498.0;1007.98;527.33;6.0;1.0;0;1.0;0;0;1.0;0;0;0;0;0;1.0;1.0;0;0;0;0;0
590026;3.72;0.91;108.0;4566.0;30.0;80.25;38.25;16.47;26.71;14.48;319.45;328.59;2.31;153007.0;106.0;108.0;34.0;4522.0;1007.94;800.77;6.0;1.0;0;1.0;0;0;1.0;0;0;0;0;0;1.0;1.0;0;0;0;0;0
590546;3.88;0.98;108.0;4601.0;30.0;80.25;34.5;19.61;29.34;14.39;342.39;309.31;2.31;153007.0;106.0;109.0;34.0;4544.0;1007.94;644.52;6.0;1.0;0;1.0;0;0;1.0;0;0;0;0;0;1.0;1.0;0;0;0;0;0
591108;3.80;0.98;108.0;4629.0;30.0;80.25;35.25;19.21;28.72;14.48;274.78;339.15;2.31;153007.0;107.0;109.0;34.0;4508.0;1008.05;781.24;6.0;1.0;0;1.0;0;0;1.0;0;0;0;0;0;1.0;1.0;0;0;0;0;0
591622;3.46;0.95;108.0;4609.0;30.0;80.25;37.5;17.25;27.24;14.48;321.42;319.97;2.31;153007.0;107.0;109.0;34.0;4513.0;1008.09;664.05;6.0;1.0;0;1.0;0;0;1.0;0;0;0;0;0;1.0;1.0;0;0;0;0;0
592156;3.64;0.98;110.0;4663.0;30.0;80.25;37.5;18.04;27.62;14.48;293.16;336.07;2.31;153007.0;107.0;110.0;34.0;4500.0;1008.05;761.70;6.0;1.0;0;1.0;0;0;1.0;0;0;0;0;0;1.0;1.0;0;0;0;0;0
592680;3.48;0.98;110.0;4684.0;30.0;80.25;38.25;16.86;26.42;14.29;294.94;334.66;2.58;153007.0;108.0;110.0;34.0;4508.0;1008.02;664.05;6.0;1.0;0;1.0;0;0;1.0;0;0;0;0;0;1.0;1.0;0;0;0;0;0
593251;3.28;0.96;110.0;4646.0;30.0;80.25;39.0;15.29;25.59;14.39;296.48;333.76;2.31;153007.0;108.0;110.0;34.0;4500.0;1007.98;781.24;6.0;1.0;0;1.0;0;0;1.0;0;0;0;0;0;1.0;1.0;0;0;0;0;0
593867;3.38;0.98;110.0;4592.0;30.0;80.25;39.0;14.90;25.58;14.48;301.83;343.82;2.31;153007.0;108.0;110.0;34.0;4504.0;1008.13;683.58;6.0;1.0;0;1.0;0;0;1.0;0;0;0;0;0;1.0;1.0;0;0;0;0;0
594385;3.48;0.98;110.0;4702.0;30.0;80.25;39.0;16.47;25.94;14.39;323.72;353.74;2.31;153007.0;107.0;110.0;34.0;4520.0;1008.09;742.17;6.0;1.0;0;1.0;0;0;1.0;0;0;0;0;0;1.0;1.0;0;0;0;0;0
594901;4.04;1.01;110.0;4710.0;30.0;80.25;34.5;20.78;29.57;14.48;354.11;338.08;2.31;153007.0;108.0;110.0;34.0;4532.0;1008.25;683.58;6.0;1.0;0;1.0;0;0;1.0;0;0;0;0;0;1.0;1.0;0;0;0;0;0
595476;3.99;1.00;111.0;4718.0;30.0;80.25;34.5;20.78;29.42;14.39;355.81;333.49;2.31;153007.0;109.0;111.0;34.0;4510.0;1008.25;664.05;6.0;1.0;0;1.0;0;0;1.0;0;0;0;0;0;1.0;1.0;0;0;0;0;0
596002;3.84;0.97;111.0;4768.0;30.0;80.25;35.25;20.39;28.99;14.29;349.17;343.31;2.58;153007.0;110.0;112.0;34.0;4500.0;1008.13;781.24;6.0;1.0;0;1.0;0;0;1.0;0;0;0;0;0;1.0;1.0;0;0;0;0;0
596527;3.76;0.96;111.0;4700.0;30.0;80.25;35.25;19.61;28.88;14.48;349.76;326.87;2.31;153007.0;110.0;112.0;34.0;4503.0;1008.21;761.70;6.0;1.0;0;1.0;0;0;1.0;0;0;0;0;0;1.0;1.0;0;0;0;0;0
597067;3.48;0.99;112.0;4687.0;30.0;80.25;38.25;16.86;26.32;14.48;305.58;347.24;2.31;153007.0;110.0;113.0;34.0;4507.0;1008.29;800.77;6.0;1.0;0;1.0;0;0;1.0;0;0;0;0;0;1.0;1.0;0;0;0;0;0
597692;3.11;0.94;111.0;4790.0;30.0;80.25;40.5;15.29;24.49;14.29;319.45;319.12;2.58;153007.0;110.0;112.0;34.0;4508.0;1008.05;664.05;6.0;1.0;0;1.0;0;0;1.0;0;0;0;0;0;1.0;1.0;0;0;0;0;0
598238;3.11;0.95;111.0;4742.0;30.0;80.25;40.5;14.11;24.19;14.39;328.96;320.13;2.31;153007.0;110.0;111.0;34.0;4524.0;1008.13;742.17;6.0;1.0;0;1.0;0;0;1.0;0;0;0;0;0;1.0;1.0;0;0;0;0;0
598812;3.07;0.94;111.0;4618.0;30.0;80.25;40.5;13.72;24.21;14.48;316.32;333.10;2.31;153007.0;109.0;111.0;34.0;4505.0;1008.09;761.70;6.0;1.0;0;1.0;0;0;1.0;0;0;0;0;0;1.0;1.0;0;0;0;0;0
599376;3.01;0.93;110.0;4630.0;30.0;80.25;40.5;13.72;24.27;14.48;304.60;314.04;2.31;153007.0;109.0;110.0;34.0;4508.0;1008.02;742.17;6.0;1.0;0;1.0;0;0;1.0;0;0;0;0;0;1.0;1.0;0;0;0;0;0
599902;3.01;0.93;110.0;4719.0;30.0;80.25;41.25;14.11;23.90;14.29;333.18;282.59;2.58;153007.0;108.0;110.0;34.0;4507.0;1008.02;117.18;6.0;1.0;0;1.0;0;0;1.0;0;0;0;0;0;1.0;1.0;0;0;0;0;0
600415;4.32;1.00;110.0;4745.0;30.0;80.25;33.75;21.96;30.14;14.39;358.72;332.98;2.31;153007.0;109.0;111.0;34.0;4554.0;1008.13;703.11;6.0;1.0;0;1.0;0;0;1.0;0;0;0;0;0;1.0;1.0;0;0;0;0;0
600959;4.48;1.01;111.0;4771.0;30.0;80.25;30.75;25.10;32.72;14.39;359.15;347.18;2.31;153007.0;109.0;111.0;34.0;4515.0;1008.17;781.24;6.0;1.0;0;1.0;0;0;1.0;0;0;0;0;0;1.0;1.0;0;0;0;0;0
601520;4.61;1.04;112.0;4770.0;30.0;80.25;30.75;24.70;32.23;14.39;350.62;352.82;2.31;153007.0;110.0;113.0;34.0;4515.0;1008.09;781.24;6.0;1.0;0;1.0;0;0;1.0;0;0;0;0;0;1.0;1.0;0;0;0;0;0
602121;4.04;1.00;112.0;4731.0;30.0;80.25;33.75;21.17;30.13;14.48;287.77;354.39;2.31;153007.0;111.0;113.0;34.0;4509.0;1008.33;722.64;6.0;1.0;0;1.0;0;0;1.0;0;0;0;0;0;1.0;1.0;0;0;0;0;0
602646;4.22;1.00;113.0;4862.0;30.0;80.25;33.0;24.31;31.29;14.48;337.18;198.62;2.31;153007.0;111.0;114.0;34.0;4510.0;1008.37;703.11;6.0;1.0;0;1.0;0;0;1.0;0;0;0;0;0;1.0;1.0;0;0;0;0;0
603156;4.06;1.01;113.0;4837.0;30.0;80.25;34.5;21.57;29.75;14.48;214.49;219.20;2.31;153007.0;112.0;114.0;34.0;4533.0;1008.45;683.58;6.0;1.0;0;1.0;0;0;1.0;0;0;0;0;0;1.0;1.0;0;0;0;0;0
603679;3.75;0.98;115.0;4845.0;30.0;80.25;36.0;19.61;28.17;14.39;183.19;138.50;2.31;153007.0;112.0;115.0;34.0;4497.0;1008.56;761.70;6.0;1.0;0;1.0;0;0;1.0;0;0;0;0;0;1.0;1.0;0;0;0;0;0
604202;3.28;0.95;113.0;4886.0;30.0;80.25;39.0;16.86;25.52;14.39;141.74;150.40;2.31;153007.0;113.0;114.0;34.0;4506.0;1008.29;585.93;6.0;1.0;0;1.0;0;0;1.0;0;0;0;0;0;1.0;1.0;0;0;0;0;0
604739;2.82;0.92;115.0;4834.0;30.0;80.25;42.0;13.72;23.50;14.39;120.94;143.13;2.31;153007.0;112.0;115.0;34.0;4508.0;1008.17;429.68;6.0;1.0;0;1.0;0;0;1.0;0;0;0;0;0;1.0;1.0;0;0;0;0;0
605297;3.04;0.98;113.0;4788.0;30.0;80.25;41.25;13.33;23.19;14.48;156.96;191.88;2.31;153008.0;112.0;114.0;34.0;4503.0;1008.41;703.11;6.0;1.0;0;1.0;0;0;1.0;0;0;0;0;0;1.0;1.0;0;0;0;0;0
605835;2.95;0.97;113.0;4862.0;30.0;80.25;42.0;13.33;22.88;14.48;221.62;246.54;2.31;153008.0;112.0;114.0;34.0;4509.0;1008.29;781.24;6.0;1.0;0;1.0;0;0;1.0;0;0;0;0;0;1.0;1.0;0;0;0;0;0
606500;2.76;0.95;113.0;4831.0;30.0;80.25;43.5;11.76;21.76;14.48;324.86;297.12;2.31;153008.0;112.0;114.0;34.0;4498.0;1008.13;566.39;6.0;1.0;0;1.0;0;0;1.0;0;0;0;0;0;1.0;1.0;0;0;0;0;0
607022;2.86;0.96;112.0;4832.0;30.0;80.25;42.75;12.15;22.29;14.48;354.00;172.99;2.31;153008.0;111.0;113.0;34.0;4500.0;1008.02;742.17;6.0;1.0;0;1.0;0;0;1.0;0;0;0;0;0;1.0;1.0;0;0;0;0;0
607544;2.94;0.96;112.0;4802.0;30.0;80.25;42.0;13.33;22.95;14.48;345.11;254.84;2.31;153008.0;111.0;113.0;34.0;4518.0;1008.09;644.52;6.0;1.0;0;1.0;0;0;1.0;0;0;0;0;0;1.0;1.0;0;0;0;0;0
608132;3.51;0.95;112.0;4766.0;30.0;80.25;37.5;18.04;26.95;14.48;351.09;256.11;2.31;153008.0;111.0;113.0;34.0;4524.0;1008.33;703.11;6.0;1.0;0;1.0;0;0;1.0;0;0;0;0;0;1.0;1.0;0;0;0;0;0
608736;3.84;1.00;112.0;4745.0;30.0;80.25;36.0;19.61;28.35;14.48;347.20;301.36;2.31;153008.0;111.0;113.0;34.0;4502.0;1008.21;781.24;6.0;1.0;0;1.0;0;0;1.0;0;0;0;0;0;1.0;1.0;0;0;0;0;0
609259;3.35;0.98;113.0;4817.0;30.0;80.25;39.0;16.86;25.89;14.39;325.21;308.55;2.31;153008.0;111.0;114.0;34.0;4512.0;1008.02;683.58;6.0;1.0;0;1.0;0;0;1.0;0;0;0;0;0;1.0;1.0;0;0;0;0;0
609799;2.74;0.96;113.0;4810.0;30.0;80.25;43.5;11.76;21.82;14.39;330.50;310.37;2.31;153008.0;111.0;113.0;34.0;4498.0;1007.90;761.70;6.0;1.0;0;1.0;0;0;1.0;0;0;0;0;0;1.0;1.0;0;0;0;0;0
610322;2.60;0.92;112.0;4714.0;30.0;80.25;44.25;10.58;21.23;14.48;321.26;311.05;2.31;153008.0;111.0;113.0;34.0;4496.0;1007.94;781.24;6.0;1.0;0;1.0;0;0;1.0;0;0;0;0;0;1.0;1.0;0;0;0;0;0
610836;2.18;0.89;112.0;4687.0;30.0;80.25;45.75;8.62;18.37;14.48;337.10;334.84;2.31;153008.0;111.0;112.0;34.0;4504.0;1008.09;820.30;6.0;1.0;0;1.0;0;0;1.0;0;0;0;0;0;1.0;1.0;0;0;0;0;0
611359;1.68;0.84;111.0;4647.0;30.0;80.25;48.0;7.05;15.25;14.48;326.01;276.64;2.31;153008.0;109.0;111.0;34.0;4464.0;1008.13;820.30;6.0;1.0;0;1.0;0;0;1.0;0;0;0;0;0;1.0;1.0;0;0;0;0;0
611883;1.59;0.80;110.0;4579.0;30.0;80.25;48.0;6.66;14.94;14.39;340.38;335.44;2.31;153008.0;107.0;110.0;34.0;4465.0;1008.25;820.30;6.0;1.0;0;1.0;0;0;1.0;0;0;0;0;0;1.0;1.0;0;0;0;0;0
612418;1.52;0.76;108.0;4487.0;30.0;80.25;48.0;6.66;14.88;14.39;333.86;346.50;2.31;153008.0;107.0;108.0;34.0;4487.0;1008.37;722.64;6.0;1.0;0;1.0;0;0;1.0;0;0;0;0;0;1.0;1.0;0;0;0;0;0
612961;1.35;0.73;107.0;4506.0;30.0;80.25;48.0;6.27;13.82;14.29;324.04;350.70;2.58;153008.0;106.0;107.0;34.0;4494.0;1008.45;644.52;6.0;1.0;0;1.0;0;0;1.0;0;0;0;0;0;1.0;1.0;0;0;0;0;0
613522;1.22;0.70;105.0;4452.0;30.0;80.25;47.25;5.49;12.91;14.48;330.13;344.93;2.31;153008.0;104.0;105.0;34.0;4506.0;1008.52;58.59;6.0;1.0;0;1.0;0;0;1.0;0;0;0;0;0;1.0;1.0;0;0;0;0;0
614045;1.34;0.73;103.0;4353.0;30.0;80.25;47.25;6.27;13.86;14.48;340.15;331.63;2.31;153008.0;102.0;104.0;34.0;4522.0;1008.48;39.06;6.0;1.0;0;1.0;0;0;1.0;0;0;0;0;0;1.0;1.0;0;0;0;0;0
614569;3.11;1.00;103.0;4300.0;30.0;80.25;41.25;11.37;22.78;14.29;342.79;313.02;2.58;153008.0;101.0;104.0;34.0;4593.0;1008.52;820.30;6.0;1.0;0;1.0;0;0;1.0;0;0;0;0;0;1.0;1.0;0;0;0;0;0
615103;2.28;0.97;102.0;4361.0;30.0;80.25;45.0;7.84;18.82;14.48;330.03;296.89;2.31;153008.0;101.0;103.0;34.0;4490.0;1008.45;859.36;6.0;1.0;0;1.0;0;0;1.0;0;0;0;0;0;1.0;1.0;0;0;0;0;0
615626;1.96;0.96;102.0;4376.0;30.0;80.25;47.25;6.66;15.48;14.48;296.42;314.06;2.31;153008.0;101.0;102.0;34.0;4471.0;1008.52;878.89;6.0;1.0;0;1.0;0;0;1.0;0;0;0;0;0;1.0;1.0;0;0;0;0;0
616194;1.79;0.92;101.0;4307.0;30.0;80.25;46.5;6.27;14.59;14.39;281.62;208.34;2.31;153008.0;100.0;101.0;34.0;4483.0;1008.56;878.89;6.0;1.0;0;1.0;0;0;1.0;0;0;0;0;0;1.0;1.0;0;0;0;0;0
616721;2.00;0.88;100.0;4301.0;30.0;80.25;45.0;7.45;17.30;14.48;221.97;158.42;2.31;153008.0;99.0;100.0;34.0;4514.0;1008.56;839.83;6.0;1.0;0;1.0;0;0;1.0;0;0;0;0;0;1.0;1.0;0;0;0;0;0
617223;2.0;0.82;100.0;4213.0;30.0;80.25;44.25;7.84;18.59;14.39;253.98;241.78;2.31;153008.0;99.0;101.0;34.0;4512.0;1008.64;722.64;6.0;1.0;0;1.0;0;0;1.0;0;0;0;0;0;1.0;1.0;0;0;0;0;0
617757;2.16;0.79;100.0;4247.0;30.0;80.25;42.75;9.41;20.66;14.39;320.09;314.96;2.31;153008.0;99.0;100.0;34.0;4530.0;1008.64;19.53;6.0;1.0;0;1.0;0;0;1.0;0;0;0;0;0;1.0;1.0;0;0;0;0;0
618281;2.49;0.86;100.0;4267.0;30.0;80.25;41.25;10.19;21.98;14.39;339.74;339.47;2.31;153008.0;98.0;100.0;34.0;4520.0;1008.56;58.59;6.0;1.0;0;1.0;0;0;1.0;0;0;0;0;0;1.0;1.0;0;0;0;0;0
618819;2.64;0.90;100.0;4237.0;30.0;80.25;41.25;10.58;22.18;14.39;347.92;316.99;2.31;153008.0;98.0;100.0;34.0;4523.0;1008.64;781.24;6.0;1.0;0;1.0;0;0;1.0;0;0;0;0;0;1.0;1.0;0;0;0;0;0
619374;2.60;0.89;100.0;4209.0;30.0;80.25;41.25;10.19;22.15;14.48;291.48;345.29;2.31;153008.0;99.0;100.0;34.0;4509.0;1008.72;820.30;6.0;1.0;0;1.0;0;0;1.0;0;0;0;0;0;1.0;1.0;0;0;0;0;0
619943;2.50;0.87;100.0;4181.0;30.0;80.25;41.25;9.80;21.66;14.39;303.73;331.71;2.31;153008.0;99.0;100.0;34.0;4507.0;1008.68;253.90;6.0;1.0;0;1.0;0;0;1.0;0;0;0;0;0;1.0;1.0;0;0;0;0;0
620515;2.91;0.91;100.0;4170.0;30.0;81.0;39.0;12.15;24.19;14.48;293.28;258.90;2.31;153008.0;98.0;100.0;33.0;4542.0;1008.72;781.24;6.0;1.0;0;1.0;0;0;1.0;0;0;0;0;0;1.0;1.0;0;0;0;0;0
621062;2.99;0.91;101.0;4189.0;30.0;81.0;38.25;12.94;25.19;14.39;103.46;91.73;2.31;153008.0;99.0;101.0;33.0;4544.0;1008.76;781.24;6.0;1.0;0;1.0;0;0;1.0;0;0;0;0;0;1.0;1.0;0;0;0;0;0
621599;2.72;0.88;101.0;4276.0;30.0;81.0;39.75;11.37;23.31;14.48;39.97;37.36;2.31;153008.0;99.0;102.0;33.0;4536.0;1008.80;117.18;6.0;1.0;0;1.0;0;0;1.0;0;0;0;0;0;1.0;1.0;0;0;0;0;0
622189;3.57;0.99;102.0;4314.0;30.0;81.0;37.5;14.90;26.42;14.48;13.92;11.62;2.31;153008.0;100.0;102.0;33.0;4528.0;1008.80;800.77;6.0;1.0;0;1.0;0;0;1.0;0;0;0;0;0;1.0;1.0;0;0;0;0;0
622713;3.61;0.92;102.0;4361.0;30.0;81.0;34.5;17.64;28.96;14.48;4.21;6.28;2.31;153008.0;100.0;103.0;33.0;4533.0;1008.80;664.05;6.0;1.0;0;1.0;0;0;1.0;0;0;0;0;0;1.0;1.0;0;0;0;0;0
623239;3.49;0.93;103.0;4394.0;30.0;81.0;34.5;17.25;28.39;14.48;3.24;2.30;2.31;153008.0;101.0;104.0;33.0;4512.0;1008.84;664.05;6.0;1.0;0;1.0;0;0;1.0;0;0;0;0;0;1.0;1.0;0;0;0;0;0
623757;3.19;0.91;103.0;4434.0;30.0;81.0;38.25;14.90;25.96;14.48;4.31;0.76;2.31;153008.0;102.0;104.0;33.0;4530.0;1008.76;97.65;6.0;1.0;0;1.0;0;0;1.0;0;0;0;0;0;1.0;1.0;0;0;0;0;0
624281;3.26;0.97;103.0;4414.0;30.0;81.0;39.0;13.72;25.03;14.39;2.90;0.19;2.31;153008.0;103.0;104.0;33.0;4515.0;1008.76;624.99;6.0;1.0;0;1.0;0;0;1.0;0;0;0;0;0;1.0;1.0;0;0;0;0;0
624804;3.10;0.94;103.0;4372.0;30.0;81.0;39.75;12.94;24.31;14.39;1.95;0;2.31;153008.0;103.0;104.0;33.0;4498.0;1008.80;761.70;6.0;1.0;0;1.0;0;0;1.0;0;0;0;0;0;1.0;1.0;0;0;0;0;0
625322;3.08;0.95;103.0;4363.0;30.0;81.0;39.75;12.55;24.33;14.48;0.48;1.30;2.31;153008.0;103.0;104.0;33.0;4515.0;1008.80;800.77;6.0;1.0;0;1.0;0;0;1.0;0;0;0;0;0;1.0;1.0;0;0;0;0;0
625854;2.96;0.94;105.0;4451.0;30.0;81.0;40.5;12.15;23.76;14.48;0.05;1.34;2.31;153008.0;103.0;105.0;33.0;4519.0;1008.84;742.17;6.0;1.0;0;1.0;0;0;1.0;0;0;0;0;0;1.0;1.0;0;0;0;0;0
626473;2.64;0.88;105.0;4482.0;30.0;81.0;41.25;11.37;22.41;14.48;0.87;0.35;2.31;153008.0;103.0;105.0;33.0;4506.0;1008.84;78.12;6.0;1.0;0;1.0;0;0;1.0;0;0;0;0;0;1.0;1.0;0;0;0;0;0
626997;2.84;0.94;103.0;4395.0;30.0;81.0;41.25;11.37;22.55;14.29;0.15;0;2.58;153008.0;103.0;104.0;33.0;4496.0;1008.84;800.77;6.0;1.0;0;1.0;0;0;1.0;0;0;0;0;0;1.0;1.0;0;0;0;0;0
627507;3.19;0.91;105.0;4363.0;30.0;81.0;39.0;13.33;24.41;14.39;1.97;0;2.31;153008.0;103.0;105.0;33.0;4522.0;1008.84;39.06;6.0;1.0;0;1.0;0;0;1.0;0;0;0;0;0;1.0;1.0;0;0;0;0;0
628047;3.32;0.97;105.0;4370.0;30.0;81.0;39.0;13.72;25.41;14.48;0.64;1.97;2.31;153008.0;102.0;106.0;33.0;4537.0;1008.84;507.80;6.0;1.0;0;1.0;0;0;1.0;0;0;0;0;0;1.0;1.0;0;0;0;0;0
628606;3.14;0.94;105.0;4483.0;30.0;81.0;39.0;13.72;24.89;14.39;2.14;0.64;2.31;153008.0;103.0;105.0;33.0;4515.0;1008.84;761.70;6.0;1.0;0;1.0;0;0;1.0;0;0;0;0;0;1.0;1.0;0;0;0;0;0
629124;2.95;0.94;105.0;4484.0;30.0;81.0;40.5;12.15;23.58;14.48;0.54;0.07;2.31;153008.0;103.0;105.0;33.0;4501.0;1008.84;683.58;6.0;1.0;0;1.0;0;0;1.0;0;0;0;0;0;1.0;1.0;0;0;0;0;0
629649;3.24;0.93;105.0;4457.0;30.0;81.0;39.0;14.90;25.86;14.39;1.05;1.30;2.31;153008.0;103.0;106.0;33.0;4527.0;1008.84;78.12;6.0;1.0;0;1.0;0;0;1.0;0;0;0;0;0;1.0;1.0;0;0;0;0;0
630186;3.44;1.01;106.0;4532.0;30.0;81.0;39.0;14.51;25.58;14.48;1.66;2.36;2.31;153008.0;104.0;106.0;33.0;4491.0;1008.84;820.30;6.0;1.0;0;1.0;0;0;1.0;0;0;0;0;0;1.0;1.0;0;0;0;0;0
630709;3.16;0.95;106.0;4541.0;30.0;81.0;39.75;14.11;24.96;14.39;1.34;0.62;2.31;153008.0;105.0;107.0;33.0;4521.0;1008.84;761.70;6.0;1.0;0;1.0;0;0;1.0;0;0;0;0;0;1.0;1.0;0;0;0;0;0
631232;2.81;0.92;106.0;4576.0;30.0;81.0;42.0;11.76;22.68;14.48;0.39;0.11;2.31;153008.0;105.0;106.0;33.0;4469.0;1008.84;683.58;6.0;1.0;0;1.0;0;0;1.0;0;0;0;0;0;1.0;1.0;0;0;0;0;0
631746;3.87;1.00;106.0;4562.0;30.0;81.0;36.0;18.04;28.20;14.48;1.42;1.97;2.31;153008.0;105.0;107.0;33.0;4548.0;1008.84;800.77;6.0;1.0;0;1.0;0;0;1.0;0;0;0;0;0;1.0;1.0;0;0;0;0;0
632269;3.78;0.98;107.0;4514.0;30.0;81.0;35.25;18.43;28.85;14.48;0.39;0.60;2.31;153008.0;106.0;108.0;33.0;4511.0;1008.84;800.77;6.0;1.0;0;1.0;0;0;1.0;0;0;0;0;0;1.0;1.0;0;0;0;0;0
632806;3.69;1.00;108.0;4552.0;30.0;81.0;36.75;16.86;27.53;14.48;0;0.11;2.31;153008.0;106.0;108.0;33.0;4514.0;1008.84;761.70;6.0;1.0;0;1.0;0;0;1.0;0;0;0;0;0;1.0;1.0;0;0;0;0;0
633329;3.26;0.95;108.0;4570.0;30.0;81.0;39.0;14.90;25.66;14.48;0;0;2.31;153008.0;106.0;109.0;33.0;4503.0;1008.84;390.62;6.0;1.0;0;1.0;0;0;1.0;0;0;0;0;0;1.0;1.0;0;0;0;0;0
633862;3.43;0.98;108.0;4588.0;30.0;81.0;37.5;16.47;27.05;14.39;0.78;0;2.31;153008.0;107.0;109.0;33.0;4523.0;1008.84;800.77;6.0;1.0;0;1.0;0;0;1.0;0;0;0;0;0;1.0;1.0;0;0;0;0;0
634398;3.12;0.95;110.0;4636.0;30.0;81.0;39.75;14.51;24.96;14.48;0.19;0;2.31;153008.0;108.0;110.0;33.0;4502.0;1008.84;449.21;6.0;1.0;0;1.0;0;0;1.0;0;0;0;0;0;1.0;1.0;0;0;0;0;0
634922;3.15;0.96;110.0;4669.0;30.0;81.0;40.5;14.11;24.24;14.29;1.56;0.60;2.58;153008.0;108.0;110.0;33.0;4500.0;1008.84;488.27;6.0;1.0;0;1.0;0;0;1.0;0;0;0;0;0;1.0;1.0;0;0;0;0;0
635433;3.18;0.98;110.0;4709.0;30.0;81.0;40.5;14.11;24.16;14.48;0.44;1.42;2.31;153008.0;109.0;110.0;33.0;4500.0;1008.84;761.70;6.0;1.0;0;1.0;0;0;1.0;0;0;0;0;0;1.0;1.0;0;0;0;0;0
636037;3.79;1.00;111.0;4722.0;30.0;81.0;36.0;18.82;27.70;14.48;1.05;0.29;2.31;153008.0;109.0;111.0;33.0;4542.0;1008.84;527.33;6.0;1.0;0;1.0;0;0;1.0;0;0;0;0;0;1.0;1.0;0;0;0;0;0
636558;3.01;1.00;111.0;4731.0;30.0;81.0;40.5;14.11;24.00;14.29;0.27;1.05;2.58;153008.0;109.0;111.0;33.0;4516.0;1008.84;800.77;6.0;1.0;0;1.0;0;0;1.0;0;0;0;0;0;1.0;1.0;0;0;0;0;0
637081;3.17;0.96;111.0;4763.0;30.0;81.0;40.5;14.90;24.46;14.48;4.88;0.27;2.31;153008.0;110.0;112.0;33.0;4513.0;1008.84;761.70;6.0;1.0;0;1.0;0;0;1.0;0;0;0;0;0;1.0;1.0;0;0;0;0;0
637639;3.72;0.98;112.0;4788.0;30.0;81.0;36.0;19.61;28.02;14.48;1.34;1.97;2.31;153008.0;110.0;112.0;33.0;4522.0;1008.84;722.64;6.0;1.0;0;1.0;0;0;1.0;0;0;0;0;0;1.0;1.0;0;0;0;0;0
638177;4.52;0.99;112.0;4743.0;30.0;81.0;30.75;25.10;33.11;14.48;0.33;1.42;2.31;153008.0;111.0;113.0;33.0;4513.0;1008.84;156.24;6.0;1.0;0;1.0;0;0;1.0;0;0;0;0;0;0;1.0;0;0;0;0;0
638701;4.86;1.05;113.0;4881.0;30.0;81.0;30.0;27.06;33.74;14.58;0;0.27;2.31;153008.0;112.0;114.0;33.0;4503.0;1008.84;761.70;6.0;1.0;0;1.0;0;0;1.0;0;0;0;0;0;1.0;1.0;0;0;0;0;0
639271;4.64;1.03;115.0;4946.0;30.0;81.0;30.75;26.66;32.81;14.39;0;1.26;2.31;153009.0;113.0;116.0;33.0;4502.0;1008.84;722.64;6.0;1.0;0;1.0;0;0;1.0;0;0;0;0;0;1.0;1.0;0;0;0;0;0
639843;4.4;0.98;116.0;4885.0;30.0;81.0;30.75;26.27;32.74;14.39;0;0.21;2.31;153009.0;114.0;117.0;33.0;4486.0;1008.84;761.70;6.0;1.0;0;1.0;0;0;1.0;0;0;0;0;0;1.0;1.0;0;0;0;0;0
640368;3.98;0.97;116.0;5016.0;30.0;81.0;33.75;23.92;30.37;14.48;0;1.26;2.31;153009.0;115.0;117.0;33.0;4496.0;1008.84;800.77;6.0;1.0;0;1.0;0;0;1.0;0;0;0;0;0;1.0;1.0;0;0;0;0;0
640892;3.43;0.98;117.0;4977.0;30.0;81.0;39.75;18.43;26.09;14.39;0.95;0.29;2.31;153009.0;115.0;118.0;33.0;4520.0;1008.84;722.64;6.0;1.0;0;1.0;0;0;1.0;0;0;0;0;0;1.0;1.0;0;0;0;0;0
641414;3.10;0.97;117.0;4927.0;30.0;81.0;41.25;15.29;23.53;14.29;1.75;0.60;2.58;153009.0;115.0;117.0;33.0;4512.0;1008.84;664.05;6.0;1.0;0;1.0;0;0;1.0;0;0;0;0;0;1.0;1.0;0;0;0;0;0
641927;2.86;0.94;116.0;4836.0;30.0;81.0;42.0;12.94;22.88;14.48;0.44;1.42;2.31;153009.0;114.0;116.0;33.0;4521.0;1008.84;703.11;6.0;1.0;0;1.0;0;0;1.0;0;0;0;0;0;1.0;1.0;0;0;0;0;0
642452;2.78;0.92;115.0;4812.0;30.0;81.0;42.75;12.94;22.56;14.39;2.98;0.33;2.31;153009.0;113.0;115.0;33.0;4517.0;1008.84;527.33;6.0;1.0;0;1.0;0;0;1.0;0;0;0;0;0;1.0;1.0;0;0;0;0;0
642986;2.98;0.99;115.0;4863.0;30.0;81.0;42.75;12.94;22.51;14.48;0.93;0;2.31;153009.0;112.0;115.0;33.0;4508.0;1008.84;742.17;6.0;1.0;0;1.0;0;0;1.0;0;0;0;0;0;1.0;1.0;0;0;0;0;0
643510;2.78;0.93;113.0;4880.0;30.0;81.0;42.75;12.55;22.35;14.48;0.13;2.48;2.31;153009.0;112.0;114.0;33.0;4512.0;1008.84;703.11;6.0;1.0;0;1.0;0;0;1.0;0;0;0;0;0;1.0;1.0;0;0;0;0;0
644033;2.64;0.90;113.0;4855.0;30.0;81.0;43.5;11.76;21.82;14.48;0;0.72;2.31;153009.0;112.0;114.0;33.0;4510.0;1008.84;605.46;6.0;1.0;0;1.0;0;0;1.0;0;0;0;0;0;1.0;1.0;0;0;0;0;0
644546;2.22;0.92;112.0;4771.0;30.0;81.0;46.5;9.02;19.69;14.39;0;0.15;2.31;153009.0;111.0;113.0;33.0;4513.0;1008.84;859.36;6.0;1.0;0;1.0;0;0;1.0;0;0;0;0;0;1.0;1.0;0;0;0;0;0
645069;2.08;0.96;111.0;4723.0;30.0;81.0;47.25;7.45;16.14;14.39;0;1.97;2.31;153009.0;110.0;112.0;33.0;4468.0;1008.84;859.36;6.0;1.0;0;1.0;0;0;1.0;0;0;0;0;0;1.0;1.0;0;0;0;0;0
645612;1.80;0.92;110.0;4683.0;30.0;81.0;48.0;6.66;14.65;14.48;0;0.44;2.31;153009.0;109.0;110.0;33.0;4467.0;1008.76;859.36;6.0;1.0;0;1.0;0;0;1.0;0;0;0;0;0;1.0;1.0;0;0;0;0;0
646171;1.76;0.88;108.0;4611.0;30.0;81.0;48.0;6.66;15.04;14.39;0;0.03;2.31;153009.0;107.0;109.0;33.0;4504.0;1008.80;839.83;6.0;1.0;0;1.0;0;0;1.0;0;0;0;0;0;1.0;1.0;0;0;0;0;0
646707;1.70;0.84;106.0;4494.0;30.0;81.0;48.0;6.66;15.43;14.48;1.97;1.30;2.31;153009.0;105.0;107.0;33.0;4514.0;1008.80;839.83;6.0;1.0;0;1.0;0;0;1.0;0;0;0;0;0;1.0;1.0;0;0;0;0;0
647231;1.61;0.79;105.0;4477.0;30.75;81.0;47.25;6.66;15.48;14.29;0.64;0.35;2.58;153009.0;104.0;106.0;33.0;4522.0;1008.76;800.77;6.0;1.0;0;1.0;0;0;1.0;0;0;0;0;0;1.0;1.0;0;0;0;0;0
647789;1.61;0.75;103.0;4449.0;30.75;81.0;46.5;7.05;16.11;14.48;0.13;0.99;2.31;153009.0;102.0;104.0;33.0;4524.0;1008.76;546.86;6.0;1.0;0;1.0;0;0;1.0;0;0;0;0;0;1.0;1.0;0;0;0;0;0
648362;1.71;0.76;103.0;4384.0;30.75;81.0;45.75;7.45;17.05;14.48;2.05;0.19;2.31;153009.0;102.0;104.0;33.0;4528.0;1008.64;39.06;6.0;1.0;0;1.0;0;0;1.0;0;0;0;0;0;0;1.0;0;0;0;0;0
648886;2.05;0.83;102.0;4352.0;30.75;81.0;45.0;8.23;18.98;14.48;1.62;3.24;2.31;153009.0;101.0;102.0;33.0;4537.0;1008.72;117.18;6.0;1.0;0;1.0;0;0;1.0;0;0;0;0;0;1.0;1.0;0;0;0;0;0
649419;1.88;0.85;101.0;4350.0;30.75;81.0;46.5;7.45;16.84;14.48;1.75;0.87;2.31;153009.0;101.0;102.0;33.0;4485.0;1008.76;820.30;6.0;1.0;0;1.0;0;0;1.0;0;0;0;0;0;1.0;1.0;0;0;0;0;0
649942;1.59;0.80;101.0;4309.0;30.75;81.0;46.5;6.27;15.00;14.48;0.60;0.23;2.31;153009.0;100.0;101.0;33.0;4494.0;1008.76;859.36;6.0;1.0;0;1.0;0;0;1.0;0;0;0;0;0;1.0;1.0;0;0;0;0;0
650464;1.08;0.78;98.0;4171.0;30.75;81.0;47.25;3.92;10.18;14.39;0.13;0.99;2.31;153009.0;98.0;99.0;33.0;4472.0;1008.80;859.36;6.0;1.0;0;1.0;0;0;1.0;0;0;0;0;0;1.0;1.0;0;0;0;0;0
650977;0.96;0.76;97.0;4193.0;30.75;81.0;47.25;3.52;9.05;14.39;1.66;1.69;2.31;153009.0;97.0;98.0;33.0;4489.0;1008.80;839.83;6.0;1.0;0;1.0;0;0;1.0;0;0;0;0;0;1.0;1.0;0;0;0;0;0
651502;0.97;0.75;95.0;4006.0;30.75;81.0;45.75;3.52;9.37;14.39;0.56;2.69;2.31;153009.0;95.0;96.0;33.0;4499.0;1008.84;820.30;6.0;1.0;0;1.0;0;0;1.0;0;0;0;0;0;1.0;1.0;0;0;0;0;0
652071;1.23;0.73;93.0;3996.0;30.75;81.0;45.0;4.70;12.50;14.48;1.83;0.99;2.31;153009.0;93.0;94.0;33.0;4500.0;1008.84;800.77;6.0;1.0;0;1.0;0;0;1.0;0;0;0;0;0;1.0;1.0;0;0;0;0;0
652593;0.6;1.00;91.0;3859.0;30.75;81.0;-30.0;0;0;14.58;2.67;0.23;2.31;153009.0;91.0;92.0;33.0;4533.0;1008.84;0;6.0;1.0;0;1.0;0;0;1.0;0;0;0;0;0;1.0;1.0;0;0;0;0;0
653133;0.62;1.00;88.0;3734.0;30.75;81.0;-30.0;0;0;14.48;1.05;1.24;2.31;153009.0;89.0;89.0;33.0;4523.0;1008.84;0;6.0;1.0;0;1.0;0;0;1.0;0;0;0;0;0;1.0;1.0;0;0;0;0;0
653711;0.95;1.00;86.0;3695.0;30.75;81.0;42.0;1.96;6.63;14.48;0.33;3.78;2.31;153009.0;86.0;87.0;33.0;4214.0;1008.84;839.83;6.0;1.0;0;1.0;0;0;1.0;0;0;0;0;0;1.0;1.0;0;0;0;0;0
654296;3.08;1.00;86.0;3674.0;30.75;81.0;38.25;8.62;21.22;14.48;1.79;1.34;2.31;153009.0;85.0;86.0;33.0;4284.0;1008.84;878.89;6.0;1.0;0;1.0;0;0;1.0;0;0;0;0;0;1.0;1.0;0;0;0;0;0
654947;2.31;0.94;86.0;3596.0;30.75;81.0;41.25;6.66;18.35;14.39;0.58;0.35;2.31;153009.0;85.0;86.0;33.0;4428.0;1008.84;878.89;6.0;1.0;0;1.0;0;0;1.0;0;0;0;0;0;1.0;1.0;0;0;0;0;0
655599;2.92;0.96;86.0;3655.0;30.75;81.0;38.25;9.80;22.18;14.48;0.11;0;2.31;153009.0;85.0;87.0;33.0;4497.0;1008.84;839.83;6.0;1.0;0;1.0;0;0;1.0;0;0;0;0;0;1.0;1.0;0;0;0;0;0
656150;2.71;0.87;87.0;3718.0;30.75;81.0;36.75;10.98;23.32;14.39;0;0;2.31;153009.0;85.0;87.0;33.0;4533.0;1008.84;742.17;6.0;1.0;0;1.0;0;0;1.0;0;0;0;0;0;1.0;1.0;0;0;0;0;0
656673;2.73;0.85;87.0;3773.0;30.75;81.0;36.75;11.37;23.93;14.39;1.23;0;2.31;153009.0;86.0;88.0;33.0;4515.0;1008.84;507.80;6.0;1.0;0;1.0;0;0;1.0;0;0;0;0;0;1.0;1.0;0;0;0;0;0
657209;4.68;1.00;88.0;3806.0;30.75;81.0;26.25;21.17;32.86;14.48;2.42;0.95;2.31;153009.0;87.0;89.0;33.0;4569.0;1008.84;839.83;6.0;1.0;0;1.0;0;0;1.0;0;0;0;0;0;1.0;1.0;0;0;0;0;0
657749;3.96;0.92;90.0;3870.0;30.75;81.0;27.75;20.39;32.52;14.29;0.93;0.33;2.58;153009.0;88.0;90.0;33.0;4558.0;1008.84;742.17;6.0;1.0;0;1.0;0;0;1.0;0;0;0;0;0;1.0;1.0;0;0;0;0;0
658282;3.65;0.94;91.0;3925.0;30.75;81.0;31.5;17.64;29.44;14.48;0.29;0.03;2.31;153009.0;90.0;91.0;33.0;4519.0;1008.84;703.11;6.0;1.0;0;1.0;0;0;1.0;0;0;0;0;0;1.0;1.0;0;0;0;0;0
658847;3.59;0.93;92.0;3972.0;30.75;81.0;32.25;16.86;28.75;14.48;2.08;1.38;2.31;153009.0;90.0;92.0;33.0;4516.0;1008.84;742.17;6.0;1.0;0;1.0;0;0;1.0;0;0;0;0;0;1.0;1.0;0;0;0;0;0
659372;3.36;0.96;92.0;3926.0;30.75;81.0;35.25;14.11;26.09;14.48;2.44;1.71;2.31;153009.0;91.0;93.0;33.0;4510.0;1008.84;820.30;6.0;1.0;0;1.0;0;0;1.0;0;0;0;0;0;1.0;1.0;0;0;0;0;0
659881;2.72;0.88;93.0;3938.0;30.75;81.0;39.0;10.98;23.22;14.48;2.87;1.91;2.31;153009.0;92.0;94.0;33.0;4483.0;1008.84;722.64;6.0;1.0;0;1.0;0;0;1.0;0;0;0;0;0;1.0;1.0;0;0;0;0;0
660404;2.20;0.98;92.0;3928.0;30.75;81.0;43.5;6.66;17.01;14.29;2.51;2.83;2.58;153009.0;92.0;93.0;33.0;4456.0;1008.84;878.89;6.0;1.0;0;1.0;0;0;1.0;0;0;0;0;0;1.0;1.0;0;0;0;0;0
660937;1.85;0.94;92.0;3917.0;30.75;81.0;45.0;5.49;15.01;14.48;3.08;1.05;2.31;153009.0;91.0;92.0;33.0;4480.0;1008.84;878.89;6.0;1.0;0;1.0;0;0;1.0;0;0;0;0;0;1.0;1.0;0;0;0;0;0
661499;0.83;0.92;90.0;3757.0;30.75;81.0;43.5;1.56;6.32;14.48;1.21;0.33;2.31;153009.0;90.0;91.0;33.0;4519.0;1008.84;859.36;6.0;1.0;0;1.0;0;0;1.0;0;0;0;0;0;1.0;1.0;0;0;0;0;0
662022;0.61;0.90;88.0;3711.0;30.75;81.0;42.75;0.39;5.17;14.48;0.33;0;2.31;153009.0;88.0;89.0;33.0;4520.0;1008.84;839.83;6.0;1.0;0;1.0;0;0;1.0;0;0;0;0;0;1.0;1.0;0;0;0;0;0
662556;0.82;1.00;86.0;3623.0;30.75;81.0;42.0;0.78;5.09;14.48;0.01;1.75;2.31;153009.0;86.0;86.0;33.0;4367.0;1008.84;0;6.0;1.0;0;1.0;0;0;1.0;0;0;0;0;0;1.0;1.0;0;0;0;0;0
663142;1.92;1.00;85.0;3681.0;30.75;81.0;42.0;4.70;12.65;14.48;0;0.56;2.31;153009.0;84.0;85.0;33.0;4222.0;1008.84;878.89;6.0;1.0;0;1.0;0;0;1.0;0;0;0;0;0;1.0;1.0;0;0;0;0;0
663678;2.45;0.96;85.0;3585.0;30.75;81.0;39.75;7.05;18.79;14.48;0;0.11;2.31;153009.0;84.0;85.0;33.0;4373.0;1008.84;878.89;6.0;1.0;0;1.0;0;0;1.0;0;0;0;0;0;1.0;1.0;0;0;0;0;0
664203;1.97;0.92;85.0;3604.0;30.75;81.0;41.25;5.88;16.21;14.39;0;0;2.31;153009.0;83.0;85.0;33.0;4466.0;1008.84;859.36;6.0;1.0;0;1.0;0;0;1.0;0;0;0;0;0;1.0;1.0;0;0;0;0;0
664719;1.84;0.88;85.0;3591.0;30.75;81.0;40.5;5.88;15.83;14.29;0;0;2.58;153009.0;83.0;85.0;33.0;4503.0;1008.84;859.36;6.0;1.0;0;1.0;0;0;1.0;0;0;0;0;0;1.0;1.0;0;0;0;0;0
665245;2.08;0.85;83.0;3523.0;30.75;81.0;39.75;6.27;16.81;14.48;0;4.57;2.31;153009.0;82.0;84.0;33.0;4516.0;1008.84;839.83;6.0;1.0;0;1.0;0;0;1.0;0;0;0;0;0;1.0;1.0;0;0;0;0;0
665769;3.12;0.98;83.0;3572.0;30.75;81.0;36.0;10.98;23.47;14.39;0;1.95;2.31;153009.0;82.0;84.0;33.0;4512.0;1008.84;839.83;6.0;1.0;0;1.0;0;0;1.0;0;0;0;0;0;1.0;1.0;0;0;0;0;0
666307;2.60;0.92;83.0;3608.0;30.75;81.0;38.25;8.62;21.49;14.48;3.86;0.68;2.31;153009.0;83.0;84.0;33.0;4535.0;1008.84;839.83;6.0;1.0;0;1.0;0;0;1.0;0;0;0;0;0;1.0;1.0;0;0;0;0;0
666830;1.72;0.98;83.0;3534.0;30.75;81.0;39.75;4.70;13.25;14.48;2.75;0.25;2.31;153009.0;83.0;84.0;33.0;4505.0;1008.84;878.89;6.0;1.0;0;1.0;0;0;1.0;0;0;0;0;0;1.0;1.0;0;0;0;0;0
667341;1.63;0.95;83.0;3574.0;30.75;81.0;40.5;4.70;12.79;14.39;1.21;0;2.31;153009.0;83.0;84.0;33.0;4506.0;1008.84;859.36;6.0;1.0;0;1.0;0;0;1.0;0;0;0;0;0;1.0;1.0;0;0;0;0;0
667865;1.59;0.93;82.0;3520.0;30.75;81.0;40.5;4.31;12.66;14.48;0.44;0;2.31;153009.0;82.0;83.0;33.0;4514.0;1008.84;859.36;6.0;1.0;0;1.0;0;0;1.0;0;0;0;0;0;1.0;1.0;0;0;0;0;0
668389;2.27;0.90;82.0;3552.0;30.75;81.0;39.0;7.05;18.42;14.39;1.60;0;2.31;153009.0;81.0;83.0;33.0;4510.0;1008.84;839.83;6.0;1.0;0;1.0;0;0;1.0;0;0;0;0;0;1.0;1.0;0;0;0;0;0
668923;2.28;0.85;82.0;3525.0;30.75;81.0;37.5;8.23;20.50;14.48;0.66;1.75;2.31;153009.0;82.0;83.0;33.0;4520.0;1008.84;781.24;6.0;1.0;0;1.0;0;0;1.0;0;0;0;0;0;1.0;1.0;0;0;0;0;0
669493;3.16;0.97;83.0;3585.0;30.75;81.0;34.5;11.76;24.46;14.39;0.21;0.72;2.31;153009.0;83.0;84.0;33.0;4522.0;1008.84;820.30;6.0;1.0;0;1.0;0;0;1.0;0;0;0;0;0;1.0;1.0;0;0;0;0;0
670021;2.92;0.90;85.0;3493.0;30.75;81.0;34.5;11.76;24.66;14.48;2.03;0.19;2.31;153009.0;84.0;85.0;33.0;4526.0;1008.84;742.17;6.0;1.0;0;1.0;0;0;1.0;0;0;0;0;0;1.0;1.0;0;0;0;0;0
670544;2.64;0.85;85.0;3640.0;30.75;81.0;36.0;10.98;23.51;14.48;0.82;0;2.31;153009.0;85.0;86.0;33.0;4532.0;1008.84;761.70;6.0;1.0;0;1.0;0;0;1.0;0;0;0;0;0;1.0;1.0;0;0;0;0;0
671124;2.50;0.87;86.0;3646.0;30.75;81.0;38.25;9.02;21.85;14.48;6.97;0;2.31;153009.0;85.0;86.0;33.0;4510.0;1008.84;800.77;6.0;1.0;0;1.0;0;0;1.0;0;0;0;0;0;1.0;1.0;0;0;0;0;0
671679;2.17;0.96;86.0;3685.0;30.75;81.0;41.25;6.66;17.18;14.48;3.06;0;2.31;153009.0;86.0;86.0;33.0;4514.0;1008.84;878.89;6.0;1.0;0;1.0;0;0;1.0;0;0;0;0;0;1.0;1.0;0;0;0;0;0
672204;1.82;0.92;86.0;3670.0;30.75;81.0;42.0;5.49;15.02;14.39;0.99;3.86;2.31;153009.0;86.0;86.0;33.0;4514.0;1008.84;859.36;6.0;1.0;0;1.0;0;0;1.0;0;0;0;0;0;1.0;1.0;0;0;0;0;0
672727;1.79;0.88;86.0;3609.0;30.75;81.0;41.25;5.49;15.38;14.48;0.33;1.64;2.31;153009.0;85.0;86.0;33.0;4521.0;1008.84;859.36;6.0;1.0;0;1.0;0;0;1.0;0;0;0;0;0;1.0;1.0;0;0;0;0;0
673253;1.96;0.84;86.0;3677.0;30.75;81.0;41.25;6.66;17.70;14.29;0.03;0.64;2.58;153009.0;85.0;86.0;33.0;4511.0;1008.84;820.30;6.0;1.0;0;1.0;0;0;1.0;0;0;0;0;0;1.0;1.0;0;0;0;0;0
673772;2.84;0.97;86.0;3658.0;30.75;81.0;38.25;9.80;22.00;14.48;2.32;0.13;2.31;153009.0;85.0;87.0;33.0;4517.0;1008.84;839.83;6.0;1.0;0;1.0;0;0;1.0;0;0;0;0;0;1.0;1.0;0;0;0;0;0
674296;2.60;0.91;86.0;3657.0;30.75;81.0;38.25;9.41;21.79;14.48;0.95;0;2.31;153009.0;86.0;87.0;33.0;4530.0;1008.84;820.30;6.0;1.0;0;1.0;0;0;1.0;0;0;0;0;0;1.0;1.0;0;0;0;0;0
674823;2.59;0.84;87.0;3704.0;30.75;81.0;37.5;10.58;22.89;14.48;0.31;1.23;2.31;153009.0;86.0;87.0;33.0;4515.0;1008.84;566.39;6.0;1.0;0;1.0;0;0;1.0;0;0;0;0;0;1.0;1.0;0;0;0;0;0
675357;2.50;0.85;87.0;3690.0;30.75;81.0;38.25;9.80;22.33;14.39;0.01;0.44;2.31;153009.0;87.0;88.0;33.0;4526.0;1008.84;761.70;6.0;1.0;0;1.0;0;0;1.0;0;0;0;0;0;1.0;1.0;0;0;0;0;0
675881;2.04;0.84;88.0;3795.0;30.75;81.0;41.25;7.45;18.48;14.39;0;1.38;2.31;153009.0;87.0;88.0;33.0;4505.0;1008.84;839.83;6.0;1.0;0;1.0;0;0;1.0;0;0;0;0;0;1.0;1.0;0;0;0;0;0
676393;1.65;0.80;87.0;3668.0;30.75;81.0;42.0;5.88;15.71;14.48;1.23;0.48;2.31;153010.0;87.0;88.0;33.0;4514.0;1008.84;839.83;6.0;1.0;0;1.0;0;0;1.0;0;0;0;0;0;1.0;1.0;0;0;0;0;0
676917;2.21;0.75;87.0;3701.0;30.75;81.0;39.0;9.41;21.47;14.48;0.41;1.42;2.31;153010.0;87.0;88.0;33.0;4516.0;1008.84;195.31;6.0;1.0;0;1.0;0;0;1.0;0;0;0;0;0;1.0;1.0;0;0;0;0;0
677453;2.63;0.82;87.0;3720.0;30.75;81.0;36.75;11.37;23.53;14.39;1.42;0.50;2.31;153010.0;87.0;88.0;33.0;4518.0;1008.84;39.06;6.0;1.0;0;1.0;0;0;1.0;0;0;0;0;0;1.0;1.0;0;0;0;0;0
677977;3.00;0.90;88.0;3764.0;30.75;81.0;35.25;12.55;24.98;14.39;2.51;1.11;2.31;153010.0;87.0;89.0;33.0;4529.0;1008.84;761.70;6.0;1.0;0;1.0;0;0;1.0;0;0;0;0;0;1.0;1.0;0;0;0;0;0
678502;2.92;0.88;90.0;3822.0;30.75;81.0;36.75;12.55;24.96;14.48;0.99;1.93;2.31;153010.0;89.0;90.0;33.0;4531.0;1008.84;703.11;6.0;1.0;0;1.0;0;0;1.0;0;0;0;0;0;1.0;1.0;0;0;0;0;0
679074;2.92;0.90;91.0;3857.0;30.75;81.0;36.75;12.15;24.57;14.48;0.31;2.51;2.31;153010.0;90.0;91.0;33.0;4528.0;1008.84;664.05;6.0;1.0;0;1.0;0;0;1.0;0;0;0;0;0;1.0;1.0;0;0;0;0;0
679597;3.78;0.93;92.0;3952.0;30.75;81.0;31.5;17.25;29.34;14.39;2.08;0.76;2.31;153010.0;91.0;92.0;33.0;4558.0;1008.84;800.77;6.0;1.0;0;1.0;0;0;1.0;0;0;0;0;0;1.0;1.0;0;0;0;0;0
680116;4.72;0.99;93.0;4037.0;30.75;81.0;25.5;22.35;34.79;14.48;0.72;0.23;2.31;153010.0;93.0;94.0;33.0;4594.0;1008.84;781.24;6.0;1.0;0;1.0;0;0;1.0;0;0;0;0;0;1.0;1.0;0;0;0;0;0
680639;5.29;0.97;96.0;4044.0;30.75;81.0;21.75;26.66;38.99;14.48;1.44;0;2.31;153010.0;94.0;96.0;33.0;4574.0;1008.95;761.70;6.0;1.0;0;1.0;0;0;1.0;0;0;0;0;0;1.0;1.0;0;0;0;0;0
681222;5.84;1.01;98.0;4227.0;30.75;81.0;19.5;30.59;40.79;14.39;0.35;2.08;2.31;153010.0;96.0;99.0;33.0;4551.0;1008.99;761.70;6.0;1.0;0;1.0;0;0;1.0;0;0;0;0;0;1.0;1.0;0;0;0;0;0
681794;5.73;0.98;101.0;4266.0;30.75;81.0;20.25;31.37;41.13;14.48;4.62;3.57;2.31;153010.0;99.0;101.0;33.0;4521.0;1009.03;722.64;6.0;1.0;0;1.0;0;0;1.0;0;0;0;0;0;1.0;1.0;0;0;0;0;0
682319;5.54;0.99;103.0;4391.0;30.75;81.0;21.75;30.98;39.90;14.48;1.34;3.74;2.31;153010.0;101.0;104.0;33.0;4521.0;1009.07;664.05;6.0;1.0;0;1.0;0;0;1.0;0;0;0;0;0;1.0;1.0;0;0;0;0;0
682884;5.61;0.99;105.0;4519.0;30.75;81.0;21.75;31.76;38.74;14.48;0.42;2.71;2.31;153010.0;103.0;106.0;33.0;4502.0;1009.07;800.77;6.0;1.0;0;1.0;0;0;1.0;0;0;0;0;0;1.0;1.0;0;0;0;0;0
683409;3.38;1.00;107.0;4538.0;30.75;81.0;39.0;15.29;26.11;14.48;1.11;3.22;2.31;153010.0;105.0;107.0;33.0;4499.0;1008.99;820.30;6.0;1.0;0;1.0;0;0;1.0;0;0;0;0;0;1.0;1.0;0;0;0;0;0
683921;2.93;0.93;107.0;4555.0;30.75;81.0;41.25;12.15;23.68;14.29;1.19;2.73;2.58;153010.0;105.0;108.0;33.0;4498.0;1009.03;820.30;6.0;1.0;0;1.0;0;0;1.0;0;0;0;0;0;1.0;1.0;0;0;0;0;0
684443;3.91;0.95;107.0;4587.0;30.75;81.0;38.25;16.86;26.68;14.39;1.21;0.87;2.31;153010.0;105.0;107.0;33.0;4524.0;1009.11;800.77;6.0;1.0;0;1.0;0;0;1.0;0;0;0;0;0;1.0;1.0;0;0;0;0;0
684980;5.36;1.00;107.0;4625.0;30.75;81.0;27.75;27.84;35.60;14.48;0.25;0.13;2.31;153010.0;106.0;108.0;33.0;4524.0;1009.19;800.77;6.0;1.0;0;1.0;0;0;1.0;0;0;0;0;0;1.0;1.0;0;0;0;0;0
685567;7.49;1.00;111.0;4647.0;30.75;81.0;16.5;53.33;48.28;14.48;0;0;2.31;153010.0;108.0;111.0;33.0;4520.0;1009.07;761.70;6.0;1.0;0;1.0;0;0;1.0;0;0;0;0;0;1.0;1.0;0;0;0;0;0
686089;4.70;1.00;113.0;4763.0;30.75;81.0;24.75;30.59;36.84;14.48;0;0;2.31;153010.0;111.0;114.0;33.0;4496.0;1009.03;19.53;6.0;1.0;0;1.0;0;0;1.0;0;0;0;0;0;1.0;1.0;0;0;0;0;0
686647;6.27;1.00;115.0;4786.0;30.75;81.0;21.75;34.90;39.39;14.48;0;0;2.31;153010.0;112.0;115.0;33.0;4511.0;1008.99;703.11;6.0;1.0;0;1.0;0;0;1.0;0;0;0;0;0;1.0;1.0;0;0;0;0;0
687202;5.28;1.00;116.0;4941.0;30.75;81.0;21.0;37.25;40.08;14.48;1.56;0;2.31;153010.0;114.0;116.0;33.0;4507.0;1009.03;39.06;6.0;1.0;0;1.0;0;0;1.0;0;0;0;0;0;1.0;1.0;0;0;0;0;0
687727;4.85;1.00;117.0;5030.0;30.75;81.0;29.25;29.02;33.86;14.39;0.37;1.23;2.31;153010.0;115.0;118.0;33.0;4519.0;1009.03;820.30;6.0;1.0;0;1.0;0;0;1.0;0;0;0;0;0;1.0;1.0;0;0;0;0;0
688295;4.46;1.00;118.0;4977.0;30.75;81.0;29.25;27.06;33.07;14.39;0;1.89;2.31;153010.0;117.0;119.0;33.0;4479.0;1008.99;820.30;6.0;1.0;0;1.0;0;0;1.0;0;0;0;0;0;1.0;1.0;0;0;0;0;0
688819;3.92;1.00;118.0;5084.0;30.75;81.0;36.75;21.57;28.03;14.39;0.68;1.69;2.31;153010.0;117.0;119.0;33.0;4514.0;1009.03;703.11;6.0;1.0;0;1.0;0;0;1.0;0;0;0;0;0;1.0;1.0;0;0;0;0;0
689346;4.11;0.96;118.0;5058.0;30.75;81.0;35.25;23.13;29.35;14.39;0.93;1.85;2.31;153010.0;117.0;119.0;33.0;4533.0;1008.99;781.24;6.0;1.0;0;1.0;0;0;1.0;0;0;0;0;0;1.0;1.0;0;0;0;0;0
689869;4.68;0.99;120.0;5024.0;30.75;81.0;29.25;29.41;34.40;14.29;0.76;1.34;2.58;153010.0;117.0;120.0;33.0;4490.0;1008.95;742.17;6.0;1.0;0;1.0;0;0;1.0;0;0;0;0;0;1.0;1.0;0;0;0;0;0
690413;4.01;0.95;120.0;5150.0;30.75;81.0;33.0;25.49;31.03;14.39;0.13;0.31;2.31;153010.0;117.0;121.0;33.0;4509.0;1008.91;800.77;6.0;1.0;0;1.0;0;0;1.0;0;0;0;0;0;1.0;1.0;0;0;0;0;0
690972;4.68;1.00;121.0;5084.0;30.75;81.0;29.25;29.80;34.27;14.48;0;0;2.31;153010.0;118.0;122.0;33.0;4493.0;1008.91;820.30;6.0;1.0;0;1.0;0;0;1.0;0;0;0;0;0;1.0;1.0;0;0;0;0;0
691533;5.49;0.99;122.0;5262.0;30.75;81.0;22.5;38.43;38.58;14.48;0.68;0;2.31;153010.0;119.0;123.0;33.0;4515.0;1008.95;800.77;6.0;1.0;0;1.0;0;0;1.0;0;0;0;0;0;1.0;1.0;0;0;0;0;0
692057;6.56;0.97;125.0;5248.0;30.75;81.75;19.5;52.16;45.25;14.48;1.58;0.48;2.31;153010.0;121.0;126.0;33.0;4491.0;1008.95;781.24;6.0;1.0;0;1.0;0;0;1.0;0;0;0;0;0;1.0;1.0;0;0;0;0;0
692581;6.29;1.00;127.0;5483.0;30.75;81.75;18.75;49.80;43.70;14.39;0.35;0;2.31;153010.0;124.0;128.0;33.0;4497.0;1008.91;644.52;6.0;1.0;0;1.0;0;0;1.0;0;0;0;0;0;1.0;1.0;0;0;0;0;0
693158;6.00;1.01;130.0;5500.0;30.75;81.75;21.75;43.14;40.46;14.48;0;1.85;2.31;153010.0;127.0;131.0;33.0;4491.0;1008.91;683.58;6.0;1.0;0;1.0;0;0;1.0;0;0;0;0;0;1.0;1.0;0;0;0;0;0
693681;4.72;1.00;131.0;5546.0;30.75;81.75;29.25;32.16;34.65;14.39;1.07;0.31;2.31;153010.0;128.0;132.0;33.0;4485.0;1008.88;644.52;6.0;1.0;0;1.0;0;0;1.0;0;0;0;0;0;1.0;1.0;0;0;0;0;0
694252;4.36;1.00;132.0;5673.0;30.75;81.0;33.75;28.63;31.99;14.48;0.21;2.75;2.31;153010.0;129.0;133.0;33.0;4503.0;1008.88;722.64;6.0;1.0;0;1.0;0;0;1.0;0;0;0;0;0;1.0;1.0;0;0;0;0;0
694776;3.80;0.96;132.0;5676.0;30.75;81.0;36.75;25.49;29.28;14.48;0;3.28;2.31;153010.0;129.0;132.0;33.0;4518.0;1008.88;781.24;6.0;1.0;0;1.0;0;0;1.0;0;0;0;0;0;1.0;1.0;0;0;0;0;0
695302;4.83;1.00;132.0;5549.0;30.75;81.0;30.75;31.76;34.34;14.29;0;2.07;2.58;153010.0;129.0;133.0;33.0;4525.0;1008.88;820.30;6.0;1.0;0;1.0;0;0;1.0;0;0;0;0;0;1.0;1.0;0;0;0;0;0
695812;5.37;0.97;133.0;5714.0;30.75;81.0;24.75;40.39;38.81;14.39;0;2.73;2.31;153010.0;129.0;134.0;33.0;4507.0;1008.88;761.70;6.0;1.0;0;1.0;0;0;1.0;0;0;0;0;0;1.0;1.0;0;0;0;0;0
696361;4.81;0.99;135.0;5628.0;30.75;81.0;29.25;33.33;35.10;14.39;0;0.62;2.31;153010.0;131.0;135.0;33.0;4497.0;1008.80;644.52;6.0;1.0;0;1.0;0;0;1.0;0;0;0;0;0;1.0;1.0;0;0;0;0;0
696873;4.24;0.96;133.0;5625.0;30.75;81.0;33.75;29.02;32.35;14.48;0.78;1.52;2.31;153010.0;131.0;134.0;33.0;4510.0;1008.72;761.70;6.0;1.0;0;1.0;0;0;1.0;0;0;0;0;0;1.0;1.0;0;0;0;0;0
697397;3.92;0.98;135.0;5705.0;30.75;81.0;36.75;25.88;29.51;14.39;2.67;0.29;2.31;153010.0;131.0;135.0;33.0;4509.0;1008.76;800.77;6.0;1.0;0;1.0;0;0;1.0;0;0;0;0;0;1.0;1.0;0;0;0;0;0
697936;3.12;0.96;133.0;5693.0;30.75;81.0;43.5;18.82;24.21;14.29;0.66;0;2.58;153010.0;131.0;133.0;33.0;4524.0;1008.72;624.99;6.0;1.0;0;1.0;0;0;1.0;0;0;0;0;0;1.0;1.0;0;0;0;0;0
698494;3.01;0.92;132.0;5553.0;30.75;81.0;42.75;18.04;24.26;14.48;0;1.07;2.31;153010.0;130.0;133.0;33.0;4535.0;1008.76;683.58;6.0;1.0;0;1.0;0;0;1.0;0;0;0;0;0;1.0;1.0;0;0;0;0;0
699018;3.00;0.93;132.0;5493.0;30.75;81.0;43.5;17.25;23.88;14.39;0;2.44;2.31;153010.0;129.0;132.0;33.0;4521.0;1008.72;742.17;6.0;1.0;0;1.0;0;0;1.0;0;0;0;0;0;1.0;1.0;0;0;0;0;0
699551;2.82;0.95;131.0;5593.0;30.75;81.75;45.75;15.29;22.23;14.39;0;2.67;2.31;153010.0;129.0;131.0;33.0;4526.0;1008.64;703.11;6.0;1.0;0;1.0;0;0;1.0;0;0;0;0;0;1.0;1.0;0;0;0;0;0
700069;2.80;0.97;130.0;5469.0;30.75;81.75;45.75;14.11;21.73;14.39;1.07;2.18;2.31;153010.0;128.0;130.0;33.0;4530.0;1008.68;683.58;6.0;1.0;0;1.0;0;0;1.0;0;0;0;0;0;1.0;1.0;0;0;0;0;0
700592;3.06;0.96;130.0;5509.0;30.75;81.75;44.25;16.86;23.50;14.48;1.44;2.05;2.31;153010.0;128.0;130.0;33.0;4518.0;1008.72;742.17;6.0;1.0;0;1.0;0;0;1.0;0;0;0;0;0;1.0;1.0;0;0;0;0;0
701122;3.60;0.98;130.0;5529.0;30.75;81.75;39.0;21.96;26.98;14.39;2.32;0.46;2.31;153010.0;127.0;130.0;33.0;4510.0;1008.68;624.99;6.0;1.0;0;1.0;0;0;1.0;0;0;0;0;0;1.0;1.0;0;0;0;0;0
701644;3.62;0.96;130.0;5508.0;30.75;81.75;37.5;22.74;27.52;14.48;0.37;1.97;2.31;153010.0;127.0;130.0;33.0;4496.0;1008.64;527.33;6.0;1.0;0;1.0;0;0;1.0;0;0;0;0;0;1.0;1.0;0;0;0;0;0
702227;4.04;0.97;130.0;5517.0;30.75;81.75;35.25;26.66;30.70;14.39;0.70;0.44;2.31;153010.0;126.0;130.0;33.0;4509.0;1008.72;781.24;6.0;1.0;0;1.0;0;0;1.0;0;0;0;0;0;1.0;1.0;0;0;0;0;0
702751;3.71;0.93;130.0;5528.0;30.75;81.75;36.0;24.70;29.19;14.29;0;1.13;2.58;153010.0;127.0;130.0;33.0;4516.0;1008.64;722.64;6.0;1.0;0;1.0;0;0;1.0;0;0;0;0;0;1.0;1.0;0;0;0;0;0
703304;3.32;0.91;130.0;5461.0;30.75;81.75;39.75;21.57;26.57;14.48;1.46;0.23;2.31;153010.0;128.0;130.0;33.0;4533.0;1008.56;722.64;6.0;1.0;0;1.0;0;0;1.0;0;0;0;0;0;1.0;1.0;0;0;0;0;0
703827;3.27;0.95;128.0;5516.0;30.75;81.75;42.0;19.61;25.38;14.39;0.31;1.97;2.31;153010.0;127.0;129.0;33.0;4521.0;1008.48;742.17;6.0;1.0;0;1.0;0;0;1.0;0;0;0;0;0;1.0;1.0;0;0;0;0;0
704364;3.27;0.93;128.0;5415.0;30.75;81.75;40.5;20.00;25.85;14.39;0;0.31;2.31;153010.0;127.0;129.0;33.0;4514.0;1008.52;761.70;6.0;1.0;0;1.0;0;0;1.0;0;0;0;0;0;1.0;1.0;0;0;0;0;0
704889;3.29;0.96;128.0;5464.0;30.75;81.75;41.25;19.21;25.23;14.39;0.83;1.13;2.31;153010.0;126.0;129.0;33.0;4521.0;1008.48;703.11;6.0;1.0;0;1.0;0;0;1.0;0;0;0;0;0;1.0;1.0;0;0;0;0;0
705447;3.27;0.97;128.0;5406.0;30.75;81.75;41.25;18.82;25.06;14.48;0.13;0.25;2.31;153010.0;126.0;129.0;33.0;4523.0;1008.60;722.64;6.0;1.0;0;1.0;0;0;1.0;0;0;0;0;0;1.0;1.0;0;0;0;0;0
706043;3.58;0.98;127.0;5331.0;30.75;81.75;39.0;20.78;26.90;14.39;1.46;3.16;2.31;153010.0;125.0;128.0;33.0;4519.0;1008.33;703.11;6.0;1.0;0;1.0;0;0;1.0;0;0;0;0;0;1.0;1.0;0;0;0;0;0
706567;3.51;0.95;127.0;5325.0;30.75;81.75;39.0;21.17;27.10;14.39;3.28;4.68;2.31;153010.0;125.0;128.0;33.0;4497.0;1008.45;683.58;6.0;1.0;0;1.0;0;0;1.0;0;0;0;0;0;1.0;1.0;0;0;0;0;0
707139;3.33;0.94;127.0;5480.0;30.75;81.75;39.75;20.78;26.19;14.29;4.92;3.74;2.58;153010.0;125.0;128.0;33.0;4513.0;1008.37;761.70;6.0;1.0;0;1.0;0;0;1.0;0;0;0;0;0;1.0;1.0;0;0;0;0;0
707697;3.84;0.97;127.0;5358.0;30.75;81.75;37.5;22.74;28.20;14.48;5.07;2.30;2.31;153010.0;124.0;127.0;33.0;4524.0;1008.37;761.70;6.0;1.0;0;1.0;0;0;1.0;0;0;0;0;0;1.0;1.0;0;0;0;0;0
708237;3.58;0.93;128.0;5324.0;30.75;81.75;37.5;22.35;28.10;14.48;1.36;0.58;2.31;153011.0;125.0;128.0;33.0;4501.0;1008.37;722.64;6.0;1.0;0;1.0;0;0;1.0;0;0;0;0;0;1.0;1.0;0;0;0;0;0
708796;3.54;0.95;127.0;5445.0;30.75;81.75;37.5;22.35;27.62;14.39;0.21;0;2.31;153011.0;125.0;128.0;33.0;4515.0;1008.48;781.24;6.0;1.0;0;1.0;0;0;1.0;0;0;0;0;0;1.0;1.0;0;0;0;0;0
709319;3.65;0.94;127.0;5383.0;30.75;81.75;36.75;23.13;28.49;14.48;0;0;2.31;153011.0;125.0;128.0;33.0;4517.0;1008.56;234.37;6.0;1.0;0;1.0;0;0;1.0;0;0;0;0;0;1.0;1.0;0;0;0;0;0
709857;3.64;0.94;127.0;5405.0;30.75;81.75;37.5;23.13;28.29;14.48;0;0;2.31;153011.0;125.0;127.0;33.0;4501.0;1008.68;664.05;6.0;1.0;0;1.0;0;0;1.0;0;0;0;0;0;1.0;1.0;0;0;0;0;0
710381;3.77;0.96;127.0;5450.0;30.75;81.75;36.75;23.92;28.79;14.39;0;0;2.31;153011.0;125.0;127.0;33.0;4515.0;1008.72;761.70;6.0;1.0;0;1.0;0;0;1.0;0;0;0;0;0;1.0;1.0;0;0;0;0;0
710953;4.13;0.97;128.0;5454.0;30.75;81.75;33.75;27.06;31.20;14.48;0;0;2.31;153011.0;125.0;129.0;33.0;4504.0;1008.76;781.24;6.0;1.0;0;1.0;0;0;1.0;0;0;0;0;0;1.0;1.0;0;0;0;0;0
711512;3.96;0.97;128.0;5448.0;30.75;81.75;36.75;25.10;29.87;14.39;1.97;0;2.31;153011.0;126.0;129.0;33.0;4502.0;1008.56;722.64;6.0;1.0;0;1.0;0;0;1.0;0;0;0;0;0;1.0;1.0;0;0;0;0;0
712044;3.66;0.95;128.0;5527.0;30.75;81.75;37.5;23.53;28.23;14.29;1.11;1.42;2.58;153011.0;126.0;129.0;33.0;4525.0;1008.52;722.64;6.0;1.0;0;1.0;0;0;1.0;0;0;0;0;0;1.0;1.0;0;0;0;0;0
712569;3.72;0.96;128.0;5400.0;30.75;81.75;36.75;23.53;28.72;14.29;0.23;0.29;2.58;153011.0;126.0;129.0;33.0;4505.0;1008.64;722.64;6.0;1.0;0;1.0;0;0;1.0;0;0;0;0;0;1.0;1.0;0;0;0;0;0
713116;3.76;0.96;128.0;5501.0;30.75;81.75;37.5;23.92;28.86;14.39;1.46;1.97;2.31;153011.0;126.0;129.0;33.0;4516.0;1008.56;703.11;6.0;1.0;0;1.0;0;0;1.0;0;0;0;0;0;1.0;1.0;0;0;0;0;0
713758;3.84;0.97;128.0;5368.0;30.75;81.75;36.0;23.92;29.22;14.29;0.82;1.05;2.58;153011.0;126.0;129.0;33.0;4528.0;1008.52;664.05;6.0;1.0;0;1.0;0;0;1.0;0;0;0;0;0;1.0;1.0;0;0;0;0;0
714278;3.81;0.97;128.0;5501.0;30.75;81.75;36.75;24.31;29.05;14.48;0.03;0.11;2.31;153011.0;126.0;129.0;33.0;4529.0;1008.56;703.11;6.0;1.0;0;1.0;0;0;1.0;0;0;0;0;0;1.0;1.0;0;0;0;0;0
714812;3.84;0.96;128.0;5347.0;30.75;81.75;36.0;24.31;29.36;14.39;0;0;2.31;153011.0;125.0;129.0;33.0;4509.0;1008.41;722.64;6.0;1.0;0;1.0;0;0;1.0;0;0;0;0;0;1.0;1.0;0;0;0;0;0
715331;3.84;0.96;128.0;5490.0;30.75;81.75;36.0;25.10;29.52;14.39;2.38;1.07;2.31;153011.0;125.0;128.0;33.0;4512.0;1008.41;781.24;6.0;1.0;0;1.0;0;0;1.0;0;0;0;0;0;1.0;1.0;0;0;0;0;0
715887;3.94;0.97;128.0;5351.0;30.75;81.75;36.0;25.10;29.97;14.39;0.58;0.23;2.31;153011.0;125.0;129.0;33.0;4522.0;1008.56;664.05;6.0;1.0;0;1.0;0;0;1.0;0;0;0;0;0;1.0;1.0;0;0;0;0;0
716412;3.63;0.93;128.0;5439.0;30.75;81.75;36.75;23.13;28.47;14.39;0.03;0;2.31;153011.0;125.0;128.0;33.0;4498.0;1008.64;683.58;6.0;1.0;0;1.0;0;0;1.0;0;0;0;0;0;1.0;1.0;0;0;0;0;0
716934;3.33;0.92;127.0;5348.0;30.75;81.75;39.75;20.78;26.84;14.39;0;0;2.31;153011.0;126.0;127.0;33.0;4525.0;1008.72;722.64;6.0;1.0;0;1.0;0;0;1.0;0;0;0;0;0;1.0;1.0;0;0;0;0;0
717454;3.64;0.95;127.0;5382.0;30.75;81.75;37.5;22.35;27.76;14.48;0;0;2.31;153011.0;124.0;127.0;33.0;4529.0;1008.76;800.77;6.0;1.0;0;1.0;0;0;1.0;0;0;0;0;0;1.0;1.0;0;0;0;0;0
717977;3.40;0.91;127.0;5307.0;30.75;81.75;39.0;21.57;27.39;14.39;0;0;2.31;153011.0;124.0;127.0;33.0;4507.0;1008.72;703.11;6.0;1.0;0;1.0;0;0;1.0;0;0;0;0;0;1.0;1.0;0;0;0;0;0
718509;3.42;0.93;126.0;5423.0;30.75;81.75;39.0;21.57;27.01;14.48;3.16;2.38;2.31;153011.0;124.0;127.0;33.0;4502.0;1008.60;761.70;6.0;1.0;0;1.0;0;0;1.0;0;0;0;0;0;1.0;1.0;0;0;0;0;0
719032;3.68;0.98;126.0;5309.0;30.75;81.75;37.5;21.96;27.73;14.29;0.62;0.42;2.58;153011.0;124.0;127.0;33.0;4529.0;1008.64;722.64;6.0;1.0;0;1.0;0;0;1.0;0;0;0;0;0;1.0;1.0;0;0;0;0;0
719556;3.54;0.95;126.0;5390.0;30.75;81.75;39.0;21.57;27.33;14.39;0.05;0;2.31;153011.0;123.0;127.0;33.0;4502.0;1008.60;312.49;6.0;1.0;0;1.0;0;0;1.0;0;0;0;0;0;1.0;1.0;0;0;0;0;0
720086;3.59;0.97;126.0;5273.0;30.75;81.75;39.0;21.17;27.37;14.48;0;0;2.31;153011.0;124.0;127.0;33.0;4519.0;1008.60;742.17;6.0;1.0;0;1.0;0;0;1.0;0;0;0;0;0;1.0;1.0;0;0;0;0;0
720612;3.92;0.97;126.0;5418.0;30.75;81.75;36.0;24.70;29.50;14.48;1.46;0;2.31;153011.0;123.0;126.0;33.0;4502.0;1008.60;742.17;6.0;1.0;0;1.0;0;0;1.0;0;0;0;0;0;1.0;1.0;0;0;0;0;0
721129;3.63;0.94;126.0;5260.0;30.75;81.75;37.5;22.35;28.16;14.48;0.23;0;2.31;153011.0;123.0;126.0;33.0;4516.0;1008.68;722.64;6.0;1.0;0;1.0;0;0;1.0;0;0;0;0;0;1.0;1.0;0;0;0;0;0
721653;3.67;0.95;126.0;5407.0;30.75;81.75;36.75;23.13;28.60;14.39;0;0;2.31;153011.0;124.0;126.0;33.0;4511.0;1008.64;761.70;6.0;1.0;0;1.0;0;0;1.0;0;0;0;0;0;1.0;1.0;0;0;0;0;0
722182;3.72;0.96;126.0;5389.0;30.75;81.75;36.75;23.13;28.63;14.39;0;0;2.31;153011.0;123.0;126.0;33.0;4505.0;1008.72;664.05;6.0;1.0;0;1.0;0;0;1.0;0;0;0;0;0;1.0;1.0;0;0;0;0;0
722716;3.59;0.93;126.0;5417.0;30.75;81.75;37.5;23.13;28.35;14.39;1.15;0.83;2.31;153011.0;124.0;127.0;33.0;4516.0;1008.60;703.11;6.0;1.0;0;1.0;0;0;1.0;0;0;0;0;0;1.0;1.0;0;0;0;0;0
723242;3.74;0.97;127.0;5318.0;30.75;81.75;36.75;22.74;28.43;14.39;0.15;0.07;2.31;153011.0;125.0;128.0;33.0;4518.0;1008.64;703.11;6.0;1.0;0;1.0;0;0;1.0;0;0;0;0;0;1.0;1.0;0;0;0;0;0
723832;3.50;0.94;126.0;5447.0;30.75;81.75;39.0;21.96;27.36;14.48;0;0;2.31;153011.0;125.0;127.0;33.0;4509.0;1008.68;703.11;6.0;1.0;0;1.0;0;0;1.0;0;0;0;0;0;1.0;1.0;0;0;0;0;0
724404;3.15;0.97;126.0;5346.0;30.75;81.75;42.0;17.64;24.17;14.48;1.97;0;2.31;153011.0;125.0;127.0;33.0;4513.0;1008.60;703.11;6.0;1.0;0;1.0;0;0;1.0;0;0;0;0;0;1.0;1.0;0;0;0;0;0
725000;3.19;0.95;126.0;5264.0;30.75;81.75;42.0;18.04;24.77;14.48;2.34;1.42;2.31;153011.0;125.0;126.0;33.0;4512.0;1008.60;527.33;6.0;1.0;0;1.0;0;0;1.0;0;0;0;0;0;1.0;1.0;0;0;0;0;0
725529;3.28;0.95;126.0;5259.0;30.75;81.75;40.5;18.82;25.51;14.48;0.41;0.23;2.31;153011.0;124.0;126.0;33.0;4511.0;1008.68;683.58;6.0;1.0;0;1.0;0;0;1.0;0;0;0;0;0;1.0;1.0;0;0;0;0;0
726037;3.35;0.97;126.0;5430.0;30.75;81.75;40.5;19.61;25.52;14.48;0;0;2.31;153011.0;123.0;126.0;33.0;4522.0;1008.60;722.64;6.0;1.0;0;1.0;0;0;1.0;0;0;0;0;0;1.0;1.0;0;0;0;0;0
726626;3.15;0.95;126.0;5357.0;30.75;81.75;42.0;18.04;24.60;14.39;1.97;0;2.31;153011.0;124.0;126.0;33.0;4504.0;1008.60;507.80;6.0;1.0;0;1.0;0;0;1.0;0;0;0;0;0;1.0;1.0;0;0;0;0;0
727152;3.21;0.96;126.0;5318.0;30.75;81.75;42.0;17.64;24.44;14.48;0.33;0;2.31;153011.0;122.0;126.0;33.0;4515.0;1008.56;624.99;6.0;1.0;0;1.0;0;0;1.0;0;0;0;0;0;1.0;1.0;0;0;0;0;0
727672;3.64;0.99;125.0;5229.0;30.75;81.75;39.0;20.78;27.34;14.39;0.76;0;2.31;153011.0;123.0;125.0;33.0;4524.0;1008.56;683.58;6.0;1.0;0;1.0;0;0;1.0;0;0;0;0;0;1.0;1.0;0;0;0;0;0
728229;3.64;0.97;125.0;5359.0;30.75;81.75;39.0;21.57;27.49;14.29;0.11;0.83;2.58;153011.0;122.0;125.0;33.0;4517.0;1008.60;742.17;6.0;1.0;0;1.0;0;0;1.0;0;0;0;0;0;1.0;1.0;0;0;0;0;0
728754;3.49;0.94;125.0;5248.0;30.75;81.75;38.25;21.17;27.39;14.29;0;0.85;2.58;153011.0;122.0;125.0;33.0;4518.0;1008.60;800.77;6.0;1.0;0;1.0;0;0;1.0;0;0;0;0;0;1.0;1.0;0;0;0;0;0
729303;3.78;0.95;125.0;5351.0;30.75;81.75;36.0;24.70;29.72;14.29;0.95;0.93;2.58;153011.0;122.0;125.0;33.0;4493.0;1008.68;761.70;6.0;1.0;0;1.0;0;0;1.0;0;0;0;0;0;1.0;1.0;0;0;0;0;0
729829;3.84;0.96;125.0;5255.0;30.75;81.75;35.25;23.53;29.18;14.39;0.87;2.71;2.31;153011.0;123.0;125.0;33.0;4500.0;1008.64;703.11;6.0;1.0;0;1.0;0;0;1.0;0;0;0;0;0;1.0;1.0;0;0;0;0;0
730394;3.58;0.94;125.0;5370.0;30.75;81.75;37.5;22.35;28.07;14.39;0.93;0.70;2.31;153011.0;122.0;125.0;33.0;4496.0;1008.72;683.58;6.0;1.0;0;1.0;0;0;1.0;0;0;0;0;0;1.0;1.0;0;0;0;0;0
730919;2.81;0.91;125.0;5216.0;30.75;81.75;43.5;15.68;23.05;14.48;2.71;0;2.31;153011.0;122.0;125.0;33.0;4523.0;1008.76;234.37;6.0;1.0;0;1.0;0;0;1.0;0;0;0;0;0;1.0;1.0;0;0;0;0;0
731433;2.68;0.94;123.0;5276.0;30.75;81.75;45.75;13.33;21.37;14.29;0.70;0;2.58;153011.0;122.0;124.0;33.0;4532.0;1008.76;781.24;6.0;1.0;0;1.0;0;0;1.0;0;0;0;0;0;1.0;1.0;0;0;0;0;0
731957;2.40;0.97;122.0;5113.0;30.75;81.75;47.25;9.80;18.72;14.39;0.09;0;2.31;153011.0;120.0;123.0;33.0;4530.0;1008.80;820.30;6.0;1.0;0;1.0;0;0;1.0;0;0;0;0;0;1.0;1.0;0;0;0;0;0
732493;2.76;0.90;121.0;5073.0;30.75;81.75;44.25;12.94;21.80;14.48;0;1.15;2.31;153011.0;119.0;121.0;33.0;4530.0;1008.64;78.12;6.0;1.0;0;1.0;0;0;1.0;0;0;0;0;0;1.0;1.0;0;0;0;0;0
733017;3.56;0.97;121.0;5140.0;30.75;81.75;38.25;20.39;26.90;14.48;0;0.19;2.31;153011.0;118.0;121.0;33.0;4520.0;1008.64;449.21;6.0;1.0;0;1.0;0;0;1.0;0;0;0;0;0;1.0;1.0;0;0;0;0;0
733541;4.34;0.99;121.0;5098.0;30.75;81.75;32.25;26.66;31.73;14.39;0;0;2.31;153011.0;118.0;122.0;33.0;4493.0;1008.64;644.52;6.0;1.0;0;1.0;0;0;1.0;0;0;0;0;0;1.0;1.0;0;0;0;0;0
734114;4.69;1.02;122.0;5144.0;30.75;81.75;30.0;28.63;33.37;14.39;1.46;0;2.31;153011.0;119.0;122.0;33.0;4504.0;1008.64;761.70;6.0;1.0;0;1.0;0;0;1.0;0;0;0;0;0;1.0;1.0;0;0;0;0;0
734678;4.28;0.97;122.0;5198.0;30.75;81.75;32.25;27.45;32.32;14.39;0.27;1.15;2.31;153011.0;120.0;123.0;33.0;4485.0;1008.56;800.77;6.0;1.0;0;1.0;0;0;1.0;0;0;0;0;0;1.0;1.0;0;0;0;0;0
735239;3.48;0.92;122.0;5269.0;30.75;81.75;36.75;21.96;27.80;14.48;0;1.11;2.31;153011.0;120.0;123.0;33.0;4512.0;1008.64;742.17;6.0;1.0;0;1.0;0;0;1.0;0;0;0;0;0;1.0;1.0;0;0;0;0;0
735764;3.60;0.94;122.0;5133.0;30.75;81.75;36.75;21.57;28.12;14.48;1.71;0.15;2.31;153011.0;120.0;122.0;33.0;4516.0;1008.56;722.64;6.0;1.0;0;1.0;0;0;1.0;0;0;0;0;0;1.0;1.0;0;0;0;0;0
736275;3.98;0.98;121.0;5201.0;30.75;81.75;35.25;24.31;29.94;14.48;1.26;1.15;2.31;153012.0;119.0;122.0;33.0;4524.0;1008.48;703.11;6.0;1.0;0;1.0;0;0;1.0;0;0;0;0;0;1.0;1.0;0;0;0;0;0
736799;3.84;0.96;122.0;5215.0;30.75;81.75;35.25;23.53;29.36;14.48;1.50;1.05;2.31;153012.0;118.0;123.0;33.0;4503.0;1008.52;624.99;6.0;1.0;0;1.0;0;0;1.0;0;0;0;0;0;1.0;1.0;0;0;0;0;0
737347;3.96;0.97;122.0;5081.0;30.75;81.75;35.25;23.92;29.87;14.39;0.87;0.13;2.31;153012.0;119.0;122.0;33.0;4501.0;1008.60;781.24;6.0;1.0;0;1.0;0;0;1.0;0;0;0;0;0;1.0;1.0;0;0;0;0;0
737867;4.05;0.96;121.0;5253.0;30.75;81.75;34.5;25.49;30.50;14.39;0.17;1.46;2.31;153012.0;119.0;122.0;33.0;4542.0;1008.68;761.70;6.0;1.0;0;1.0;0;0;1.0;0;0;0;0;0;1.0;1.0;0;0;0;0;0
738391;4.63;0.99;122.0;5221.0;30.75;81.75;29.25;30.19;34.03;14.29;1.46;0.35;2.58;153012.0;119.0;123.0;33.0;4499.0;1008.56;683.58;6.0;1.0;0;1.0;0;0;1.0;0;0;0;0;0;1.0;1.0;0;0;0;0;0
738958;4.72;0.99;122.0;5145.0;30.75;81.75;28.5;30.59;34.46;14.29;0.25;0;2.58;153012.0;120.0;123.0;33.0;4519.0;1008.68;781.24;6.0;1.0;0;1.0;0;0;1.0;0;0;0;0;0;1.0;1.0;0;0;0;0;0
739542;4.46;1.00;123.0;5272.0;30.75;81.75;31.5;28.23;32.67;14.48;0.97;0;2.31;153012.0;121.0;123.0;33.0;4500.0;1008.64;624.99;6.0;1.0;0;1.0;0;0;1.0;0;0;0;0;0;1.0;1.0;0;0;0;0;0
740066;4.0;0.95;125.0;5314.0;30.75;81.75;34.5;25.88;30.84;14.48;0.09;1.15;2.31;153012.0;121.0;125.0;33.0;4516.0;1008.72;683.58;6.0;1.0;0;1.0;0;0;1.0;0;0;0;0;0;1.0;1.0;0;0;0;0;0
740634;3.77;0.95;125.0;5219.0;30.75;81.75;36.0;23.53;29.45;14.39;0.89;0.25;2.31;153012.0;122.0;125.0;33.0;4513.0;1008.60;800.77;6.0;1.0;0;1.0;0;0;1.0;0;0;0;0;0;1.0;1.0;0;0;0;0;0
741157;3.34;0.94;123.0;5288.0;30.75;81.75;39.75;20.39;26.32;14.39;0.91;2.53;2.31;153012.0;121.0;124.0;33.0;4522.0;1008.56;722.64;6.0;1.0;0;1.0;0;0;1.0;0;0;0;0;0;1.0;1.0;0;0;0;0;0
741727;3.32;0.94;123.0;5175.0;30.75;81.75;39.75;19.21;25.56;14.48;1.69;0.66;2.31;153012.0;122.0;124.0;33.0;4540.0;1008.48;761.70;6.0;1.0;0;1.0;0;0;1.0;0;0;0;0;0;1.0;1.0;0;0;0;0;0
742318;3.66;0.98;123.0;5229.0;30.75;81.75;39.0;21.17;27.53;14.39;1.05;2.03;2.31;153012.0;121.0;124.0;33.0;4504.0;1008.48;703.11;6.0;1.0;0;1.0;0;0;1.0;0;0;0;0;0;1.0;1.0;0;0;0;0;0
742921;3.35;0.94;122.0;5283.0;30.75;81.75;39.0;20.00;26.25;14.39;0.13;1.36;2.31;153012.0;121.0;123.0;33.0;4510.0;1008.52;742.17;6.0;1.0;0;1.0;0;0;1.0;0;0;0;0;0;1.0;1.0;0;0;0;0;0
743443;3.67;0.97;122.0;5281.0;30.75;81.75;36.75;21.96;28.03;14.39;0;0.23;2.31;153012.0;121.0;123.0;33.0;4527.0;1008.48;742.17;6.0;1.0;0;1.0;0;0;1.0;0;0;0;0;0;1.0;1.0;0;0;0;0;0
743959;3.76;0.95;122.0;5198.0;30.75;81.75;35.25;23.53;29.14;14.39;0;0;2.31;153012.0;120.0;123.0;33.0;4508.0;1008.52;820.30;6.0;1.0;0;1.0;0;0;1.0;0;0;0;0;0;1.0;1.0;0;0;0;0;0
744486;4.32;0.99;122.0;5146.0;30.75;81.75;32.25;26.66;31.96;14.29;0;0;2.58;153012.0;120.0;123.0;33.0;4499.0;1008.56;800.77;6.0;1.0;0;1.0;0;0;1.0;0;0;0;0;0;1.0;1.0;0;0;0;0;0
745098;3.59;0.95;122.0;5241.0;30.75;81.75;36.75;21.57;27.80;14.29;0;1.46;2.58;153012.0;121.0;123.0;33.0;4521.0;1008.52;449.21;6.0;1.0;0;1.0;0;0;1.0;0;0;0;0;0;1.0;1.0;0;0;0;0;0
745607;4.12;0.98;122.0;5157.0;30.75;81.75;33.0;25.49;30.94;14.48;0;2.53;2.31;153012.0;120.0;122.0;33.0;4512.0;1008.60;781.24;6.0;1.0;0;1.0;0;0;1.0;0;0;0;0;0;1.0;1.0;0;0;0;0;0
746156;3.87;0.93;122.0;5270.0;30.75;81.75;35.25;25.49;30.33;14.29;0;3.71;2.58;153012.0;120.0;123.0;33.0;4494.0;1008.64;800.77;6.0;1.0;0;1.0;0;0;1.0;0;0;0;0;0;1.0;1.0;0;0;0;0;0
746668;3.85;0.97;122.0;5144.0;30.75;81.75;35.25;23.13;29.24;14.48;0;2.28;2.31;153012.0;120.0;123.0;33.0;4500.0;1008.60;761.70;6.0;1.0;0;1.0;0;0;1.0;0;0;0;0;0;1.0;1.0;0;0;0;0;0
747250;3.80;0.95;122.0;5258.0;30.75;81.75;35.25;23.53;29.25;14.48;0;2.89;2.31;153012.0;120.0;123.0;33.0;4528.0;1008.68;488.27;6.0;1.0;0;1.0;0;0;1.0;0;0;0;0;0;1.0;1.0;0;0;0;0;0
747782;3.88;0.95;122.0;5147.0;30.75;81.75;34.5;25.10;30.51;14.48;0;1.34;2.31;153012.0;120.0;123.0;33.0;4506.0;1008.60;781.24;6.0;1.0;0;1.0;0;0;1.0;0;0;0;0;0;1.0;1.0;0;0;0;0;0
748319;3.69;0.95;122.0;5286.0;30.75;81.75;36.0;23.53;28.86;14.48;0;0.99;2.31;153012.0;120.0;123.0;33.0;4529.0;1008.48;742.17;6.0;1.0;0;1.0;0;0;1.0;0;0;0;0;0;1.0;1.0;0;0;0;0;0
748942;3.69;0.94;122.0;5110.0;30.75;81.75;36.0;22.74;28.89;14.48;1.46;0.21;2.31;153012.0;120.0;123.0;33.0;4517.0;1008.45;468.74;6.0;1.0;0;1.0;0;0;1.0;0;0;0;0;0;1.0;1.0;0;0;0;0;0
749537;3.96;0.96;121.0;5093.0;30.75;81.75;34.5;24.70;30.24;14.39;0.27;0;2.31;153012.0;119.0;122.0;33.0;4508.0;1008.45;605.46;6.0;1.0;0;1.0;0;0;1.0;0;0;0;0;0;1.0;1.0;0;0;0;0;0
750063;4.32;1.00;122.0;5164.0;30.75;81.75;32.25;26.27;31.59;14.39;1.97;0;2.31;153012.0;119.0;122.0;33.0;4501.0;1008.45;781.24;6.0;1.0;0;1.0;0;0;1.0;0;0;0;0;0;1.0;1.0;0;0;0;0;0
750597;3.65;0.93;122.0;5099.0;30.75;81.75;36.0;22.35;28.92;14.39;0.48;1.97;2.31;153012.0;119.0;122.0;33.0;4513.0;1008.48;703.11;6.0;1.0;0;1.0;0;0;1.0;0;0;0;0;0;1.0;1.0;0;0;0;0;0
751156;3.31;0.93;121.0;5204.0;30.75;81.75;39.0;19.61;26.45;14.48;0;0.35;2.31;153012.0;119.0;121.0;33.0;4505.0;1008.41;722.64;6.0;1.0;0;1.0;0;0;1.0;0;0;0;0;0;1.0;1.0;0;0;0;0;0
751690;3.21;0.94;121.0;5073.0;30.75;81.75;40.5;18.43;25.32;14.48;0;0.82;2.31;153012.0;117.0;121.0;33.0;4521.0;1008.45;820.30;6.0;1.0;0;1.0;0;0;1.0;0;0;0;0;0;1.0;1.0;0;0;0;0;0
752214;3.87;0.92;121.0;5168.0;30.75;81.75;34.5;24.70;30.24;14.48;1.56;1.05;2.31;153012.0;119.0;121.0;33.0;4513.0;1008.45;468.74;6.0;1.0;0;1.0;0;0;1.0;0;0;0;0;0;1.0;1.0;0;0;0;0;0
752736;4.23;0.99;122.0;5154.0;30.75;81.75;33.0;25.88;31.35;14.39;0.35;1.11;2.31;153012.0;119.0;122.0;33.0;4507.0;1008.37;722.64;6.0;1.0;0;1.0;0;0;1.0;0;0;0;0;0;1.0;1.0;0;0;0;0;0
753314;4.08;0.95;122.0;5102.0;30.75;81.75;33.0;25.88;31.40;14.39;0.82;0.23;2.31;153012.0;119.0;123.0;33.0;4503.0;1008.29;800.77;6.0;1.0;0;1.0;0;0;1.0;0;0;0;0;0;1.0;1.0;0;0;0;0;0
753873;3.90;0.95;122.0;5190.0;30.75;81.75;34.5;25.10;30.38;14.39;2.07;0.54;2.31;153012.0;119.0;123.0;33.0;4515.0;1008.41;781.24;6.0;1.0;0;1.0;0;0;1.0;0;0;0;0;0;1.0;1.0;0;0;0;0;0
754412;3.92;0.95;122.0;5200.0;30.75;81.75;35.25;24.31;29.94;14.39;1.38;0;2.31;153012.0;120.0;123.0;33.0;4522.0;1008.41;351.55;6.0;1.0;0;1.0;0;0;1.0;0;0;0;0;0;1.0;1.0;0;0;0;0;0
754936;4.28;0.99;123.0;5258.0;30.75;81.75;33.0;27.06;31.73;14.39;0.31;0;2.31;153012.0;121.0;124.0;33.0;4497.0;1008.25;781.24;6.0;1.0;0;1.0;0;0;1.0;0;0;0;0;0;1.0;1.0;0;0;0;0;0
755462;3.78;0.93;123.0;5199.0;30.75;81.75;35.25;23.92;29.64;14.48;0;0;2.31;153012.0;122.0;124.0;33.0;4507.0;1008.33;761.70;6.0;1.0;0;1.0;0;0;1.0;0;0;0;0;0;1.0;1.0;0;0;0;0;0
755973;3.80;0.96;125.0;5319.0;30.75;81.75;36.0;23.92;29.27;14.48;0;0;2.31;153012.0;122.0;125.0;33.0;4523.0;1008.33;703.11;6.0;1.0;0;1.0;0;0;1.0;0;0;0;0;0;1.0;1.0;0;0;0;0;0
756496;3.73;0.94;123.0;5291.0;30.75;81.75;36.75;23.53;29.12;14.48;0.64;1.97;2.31;153012.0;122.0;124.0;33.0;4509.0;1008.25;781.24;6.0;1.0;0;1.0;0;0;1.0;0;0;0;0;0;1.0;1.0;0;0;0;0;0
757031;3.53;0.93;125.0;5246.0;30.75;81.75;36.75;22.35;28.17;14.39;0.07;2.49;2.31;153012.0;122.0;126.0;33.0;4510.0;1008.29;781.24;6.0;1.0;0;1.0;0;0;1.0;0;0;0;0;0;1.0;1.0;0;0;0;0;0
757656;3.45;0.94;125.0;5310.0;30.75;81.75;39.0;21.17;27.03;14.29;0;0.66;2.58;153012.0;122.0;125.0;33.0;4508.0;1008.41;507.80;6.0;1.0;0;1.0;0;0;1.0;0;0;0;0;0;1.0;1.0;0;0;0;0;0
758209;3.67;0.96;125.0;5309.0;30.75;81.75;37.5;22.74;28.25;14.48;2.49;0;2.31;153012.0;122.0;125.0;33.0;4506.0;1008.41;800.77;6.0;1.0;0;1.0;0;0;1.0;0;0;0;0;0;1.0;1.0;0;0;0;0;0
758731;3.35;0.95;125.0;5374.0;30.75;81.75;40.5;20.39;26.15;14.39;0.50;0.48;2.31;153012.0;123.0;126.0;33.0;4510.0;1008.33;664.05;6.0;1.0;0;1.0;0;0;1.0;0;0;0;0;0;1.0;1.0;0;0;0;0;0
759301;3.26;0.94;125.0;5324.0;30.75;81.75;40.5;19.21;25.68;14.39;0.82;0.99;2.31;153012.0;123.0;125.0;33.0;4509.0;1008.48;722.64;6.0;1.0;0;1.0;0;0;1.0;0;0;0;0;0;0;1.0;0;0;0;0;0
759839;3.22;0.93;126.0;5346.0;30.75;81.75;40.5;19.21;25.61;14.48;0.99;0.87;2.31;153012.0;123.0;126.0;33.0;4515.0;1008.41;703.11;6.0;1.0;0;1.0;0;0;1.0;0;0;0;0;0;1.0;1.0;0;0;0;0;0
760362;3.14;0.93;125.0;5243.0;30.75;81.75;40.5;18.43;25.20;14.39;1.11;0.15;2.31;153012.0;123.0;125.0;33.0;4520.0;1008.45;742.17;6.0;1.0;0;1.0;0;0;1.0;0;0;0;0;0;1.0;1.0;0;0;0;0;0
760873;3.06;0.94;125.0;5365.0;30.75;81.75;42.0;17.64;24.16;14.39;0.23;0;2.31;153012.0;122.0;125.0;33.0;4528.0;1008.48;761.70;6.0;1.0;0;1.0;0;0;1.0;0;0;0;0;0;1.0;1.0;0;0;0;0;0
761399;3.39;0.96;125.0;5263.0;30.75;81.75;40.5;19.61;25.89;14.48;0;0;2.31;153012.0;123.0;125.0;33.0;4529.0;1008.56;664.05;6.0;1.0;0;1.0;0;0;1.0;0;0;0;0;0;1.0;1.0;0;0;0;0;0
761934;3.35;0.94;123.0;5233.0;30.75;81.75;39.0;19.61;26.27;14.48;0;0.83;2.31;153012.0;122.0;124.0;33.0;4512.0;1008.56;722.64;6.0;1.0;0;1.0;0;0;1.0;0;0;0;0;0;1.0;1.0;0;0;0;0;0
762509;3.93;0.98;125.0;5297.0;30.75;81.75;36.0;23.92;29.18;14.39;0;1.17;2.31;153012.0;121.0;125.0;33.0;4501.0;1008.52;781.24;6.0;1.0;0;1.0;0;0;1.0;0;0;0;0;0;1.0;1.0;0;0;0;0;0
763032;3.70;0.96;125.0;5356.0;30.75;81.75;37.5;22.74;28.33;14.39;2.49;0.15;2.31;153012.0;122.0;125.0;33.0;4500.0;1008.41;449.21;6.0;1.0;0;1.0;0;0;1.0;0;0;0;0;0;1.0;1.0;0;0;0;0;0
763611;3.48;0.92;125.0;5324.0;30.75;81.75;37.5;22.35;27.96;14.39;2.65;0;2.31;153012.0;123.0;125.0;33.0;4511.0;1008.41;585.93;6.0;1.0;0;1.0;0;0;1.0;0;0;0;0;0;1.0;1.0;0;0;0;0;0
764134;3.47;0.94;125.0;5315.0;30.75;81.75;39.0;21.17;27.10;14.39;2.03;1.97;2.31;153012.0;122.0;125.0;33.0;4518.0;1008.48;683.58;6.0;1.0;0;1.0;0;0;1.0;0;0;0;0;0;1.0;1.0;0;0;0;0;0
764652;3.80;0.97;125.0;5183.0;30.75;81.75;36.75;22.74;28.83;14.48;2.03;2.51;2.31;153012.0;122.0;125.0;33.0;4506.0;1008.48;761.70;6.0;1.0;0;1.0;0;0;1.0;0;0;0;0;0;1.0;1.0;0;0;0;0;0
765234;3.94;0.96;125.0;5378.0;30.75;81.75;35.25;25.49;30.04;14.48;0.50;2.67;2.31;153013.0;122.0;125.0;33.0;4494.0;1008.45;761.70;6.0;1.0;0;1.0;0;0;1.0;0;0;0;0;0;1.0;1.0;0;0;0;0;0
765804;3.92;0.96;125.0;5245.0;30.75;81.75;34.5;24.70;29.98;14.48;1.97;2.03;2.31;153013.0;123.0;125.0;33.0;4509.0;1008.48;800.77;6.0;1.0;0;1.0;0;0;1.0;0;0;0;0;0;1.0;1.0;0;0;0;0;0
766328;3.65;0.95;126.0;5241.0;30.75;81.75;36.75;22.35;28.39;14.39;0.33;0.99;2.31;153013.0;123.0;126.0;33.0;4510.0;1008.45;664.05;6.0;1.0;0;1.0;0;0;1.0;0;0;0;0;0;1.0;1.0;0;0;0;0;0
766910;3.28;0.92;125.0;5360.0;30.75;81.75;39.75;20.39;26.29;14.39;0;0.19;2.31;153013.0;123.0;125.0;33.0;4522.0;1008.56;761.70;6.0;1.0;0;1.0;0;0;1.0;0;0;0;0;0;1.0;1.0;0;0;0;0;0
767422;3.69;0.96;125.0;5259.0;30.75;81.75;36.75;22.74;28.35;14.29;0.48;0;2.58;153013.0;122.0;125.0;33.0;4520.0;1008.56;703.11;6.0;1.0;0;1.0;0;0;1.0;0;0;0;0;0;1.0;1.0;0;0;0;0;0
767947;3.55;0.94;125.0;5366.0;30.75;81.75;37.5;22.35;27.80;14.39;0;0.64;2.31;153013.0;122.0;126.0;33.0;4508.0;1008.64;605.46;6.0;1.0;0;1.0;0;0;1.0;0;0;0;0;0;1.0;1.0;0;0;0;0;0
768486;3.36;0.92;125.0;5192.0;30.75;81.75;39.0;20.78;26.84;14.39;0.89;0.07;2.31;153013.0;122.0;125.0;33.0;4519.0;1008.72;761.70;6.0;1.0;0;1.0;0;0;1.0;0;0;0;0;0;1.0;1.0;0;0;0;0;0
769010;3.37;0.96;123.0;5326.0;30.75;81.75;40.5;19.61;25.92;14.39;0.85;1.97;2.31;153013.0;121.0;124.0;33.0;4524.0;1008.68;742.17;6.0;1.0;0;1.0;0;0;1.0;0;0;0;0;0;1.0;1.0;0;0;0;0;0
769542;3.64;0.95;123.0;5237.0;30.75;81.75;36.75;21.96;28.12;14.39;1.69;0.48;2.31;153013.0;121.0;123.0;33.0;4518.0;1008.64;781.24;6.0;1.0;0;1.0;0;0;1.0;0;0;0;0;0;1.0;1.0;0;0;0;0;0
770089;3.46;0.91;123.0;5246.0;30.75;81.75;36.75;21.96;27.89;14.39;1.42;1.26;2.31;153013.0;122.0;124.0;33.0;4521.0;1008.56;761.70;6.0;1.0;0;1.0;0;0;1.0;0;0;0;0;0;1.0;1.0;0;0;0;0;0
770626;3.67;0.97;123.0;5250.0;30.75;81.75;37.5;21.96;27.74;14.48;0.21;2.12;2.31;153013.0;121.0;124.0;33.0;4510.0;1008.64;722.64;6.0;1.0;0;1.0;0;0;1.0;0;0;0;0;0;1.0;1.0;0;0;0;0;0
771152;3.66;0.96;123.0;5183.0;30.75;81.75;36.75;21.96;28.00;14.48;2.92;0.54;2.31;153013.0;120.0;123.0;33.0;4518.0;1008.72;624.99;6.0;1.0;0;1.0;0;0;1.0;0;0;0;0;0;1.0;1.0;0;0;0;0;0
771736;3.60;0.94;123.0;5231.0;30.75;81.75;37.5;21.96;27.95;14.48;0.78;1.60;2.31;153013.0;121.0;124.0;33.0;4507.0;1008.76;761.70;6.0;1.0;0;1.0;0;0;1.0;0;0;0;0;0;1.0;1.0;0;0;0;0;0
772242;3.64;0.94;123.0;5292.0;30.75;81.75;36.0;23.13;28.53;14.39;0.05;1.05;2.31;153013.0;121.0;124.0;33.0;4528.0;1008.72;781.24;6.0;1.0;0;1.0;0;0;1.0;0;0;0;0;0;1.0;1.0;0;0;0;0;0
772767;4.07;0.98;123.0;5240.0;30.75;81.75;35.25;25.10;30.23;14.48;0;0.23;2.31;153013.0;121.0;124.0;33.0;4491.0;1008.68;781.24;6.0;1.0;0;1.0;0;0;1.0;0;0;0;0;0;1.0;1.0;0;0;0;0;0
773292;3.60;0.97;123.0;5153.0;30.75;81.75;38.25;20.78;27.36;14.48;1.15;0;2.31;153013.0;121.0;123.0;33.0;4530.0;1008.72;722.64;6.0;1.0;0;1.0;0;0;1.0;0;0;0;0;0;1.0;1.0;0;0;0;0;0
773861;4.08;1.00;122.0;5230.0;30.75;81.75;36.0;23.53;29.06;14.48;1.77;0;2.31;153013.0;121.0;122.0;33.0;4528.0;1008.76;781.24;6.0;1.0;0;1.0;0;0;1.0;0;0;0;0;0;1.0;1.0;0;0;0;0;0
774404;3.99;0.95;123.0;5130.0;30.75;81.75;33.75;25.49;30.89;14.39;2.61;0;2.31;153013.0;120.0;123.0;33.0;4493.0;1008.68;703.11;6.0;1.0;0;1.0;0;0;1.0;0;0;0;0;0;1.0;1.0;0;0;0;0;0
774926;3.98;0.96;123.0;5273.0;30.75;81.75;35.25;25.49;30.41;14.39;1.73;0;2.31;153013.0;121.0;124.0;33.0;4501.0;1008.64;722.64;6.0;1.0;0;1.0;0;0;1.0;0;0;0;0;0;1.0;1.0;0;0;0;0;0
775449;3.80;0.94;123.0;5169.0;30.75;81.75;35.25;23.92;29.85;14.39;0.41;1.46;2.31;153013.0;120.0;123.0;33.0;4522.0;1008.64;781.24;6.0;1.0;0;1.0;0;0;1.0;0;0;0;0;0;1.0;1.0;0;0;0;0;0
775987;3.50;0.90;123.0;5187.0;30.75;81.75;36.0;22.35;28.58;14.48;0;1.34;2.31;153013.0;120.0;124.0;33.0;4522.0;1008.64;683.58;6.0;1.0;0;1.0;0;0;1.0;0;0;0;0;0;1.0;1.0;0;0;0;0;0
776510;3.83;0.96;123.0;5221.0;30.75;81.75;36.0;23.53;29.41;14.39;1.77;0.21;2.31;153013.0;121.0;123.0;33.0;4510.0;1008.72;664.05;6.0;1.0;0;1.0;0;0;1.0;0;0;0;0;0;1.0;1.0;0;0;0;0;0
777033;3.79;0.94;122.0;5157.0;30.75;81.75;35.25;23.53;29.58;14.48;2.71;0;2.31;153013.0;121.0;123.0;33.0;4518.0;1008.76;175.77;6.0;1.0;0;1.0;0;0;1.0;0;0;0;0;0;1.0;1.0;0;0;0;0;0
777547;4.06;0.95;123.0;5292.0;30.75;81.75;33.0;26.66;31.26;14.48;0.76;1.15;2.31;153013.0;121.0;123.0;33.0;4519.0;1008.64;722.64;6.0;1.0;0;1.0;0;0;1.0;0;0;0;0;0;1.0;1.0;0;0;0;0;0
778071;4.27;0.98;123.0;5269.0;30.75;81.75;33.0;27.06;32.03;14.39;0.11;0.25;2.31;153013.0;121.0;124.0;33.0;4500.0;1008.60;800.77;6.0;1.0;0;1.0;0;0;1.0;0;0;0;0;0;1.0;1.0;0;0;0;0;0
778604;3.97;0.94;123.0;5190.0;30.75;81.75;33.0;25.88;31.20;14.48;1.97;0;2.31;153013.0;121.0;124.0;33.0;4516.0;1008.60;761.70;6.0;1.0;0;1.0;0;0;1.0;0;0;0;0;0;1.0;1.0;0;0;0;0;0
779122;3.52;0.92;123.0;5261.0;30.75;81.75;37.5;22.35;28.25;14.39;0.48;1.46;2.31;153013.0;122.0;124.0;33.0;4507.0;1008.68;742.17;6.0;1.0;0;1.0;0;0;1.0;0;0;0;0;0;1.0;1.0;0;0;0;0;0
779662;3.61;0.94;123.0;5189.0;30.75;81.75;36.75;21.96;28.23;14.39;0;0.33;2.31;153013.0;122.0;124.0;33.0;4522.0;1008.72;527.33;6.0;1.0;0;1.0;0;0;1.0;0;0;0;0;0;1.0;1.0;0;0;0;0;0
780199;3.45;0.93;123.0;5312.0;30.75;81.75;38.25;21.57;27.24;14.39;1.97;0.70;2.31;153013.0;121.0;124.0;33.0;4511.0;1008.76;742.17;6.0;1.0;0;1.0;0;0;1.0;0;0;0;0;0;1.0;1.0;0;0;0;0;0
780720;3.42;0.97;123.0;5162.0;30.75;81.75;39.0;19.61;26.21;14.48;0.48;0.09;2.31;153013.0;121.0;124.0;33.0;4510.0;1008.80;761.70;6.0;1.0;0;1.0;0;0;1.0;0;0;0;0;0;1.0;1.0;0;0;0;0;0
781223;3.68;0.96;122.0;5176.0;30.75;81.75;36.75;21.57;27.73;14.48;0;2.89;2.31;153013.0;120.0;123.0;33.0;4526.0;1008.80;527.33;6.0;1.0;0;1.0;0;0;1.0;0;0;0;0;0;1.0;1.0;0;0;0;0;0
781770;3.75;0.94;122.0;5287.0;30.75;81.75;36.0;23.53;29.11;14.39;0;0.76;2.31;153013.0;120.0;123.0;33.0;4501.0;1008.80;605.46;6.0;1.0;0;1.0;0;0;1.0;0;0;0;0;0;1.0;1.0;0;0;0;0;0
782329;3.92;0.96;122.0;5145.0;30.75;81.75;34.5;24.31;30.00;14.48;2.22;0.03;2.31;153013.0;120.0;123.0;33.0;4507.0;1008.76;722.64;6.0;1.0;0;1.0;0;0;1.0;0;0;0;0;0;1.0;1.0;0;0;0;0;0
782872;4.15;0.99;123.0;5210.0;30.75;81.75;34.5;25.49;30.81;14.39;3.59;0;2.31;153013.0;120.0;124.0;33.0;4510.0;1008.76;703.11;6.0;1.0;0;1.0;0;0;1.0;0;0;0;0;0;1.0;1.0;0;0;0;0;0
783431;3.88;0.96;123.0;5183.0;30.75;81.75;35.25;23.92;29.70;14.39;1.79;0;2.31;153013.0;122.0;124.0;33.0;4507.0;1008.72;781.24;6.0;1.0;0;1.0;0;0;1.0;0;0;0;0;0;1.0;1.0;0;0;0;0;0
783969;3.60;0.92;123.0;5229.0;30.75;81.75;36.0;23.53;29.25;14.39;0.42;0;2.31;153013.0;122.0;124.0;33.0;4518.0;1008.76;761.70;6.0;1.0;0;1.0;0;0;1.0;0;0;0;0;0;1.0;1.0;0;0;0;0;0
784529;3.80;0.95;123.0;5175.0;30.75;81.75;35.25;23.53;29.44;14.39;0;0;2.31;153013.0;121.0;124.0;33.0;4520.0;1008.72;761.70;6.0;1.0;0;1.0;0;0;1.0;0;0;0;0;0;1.0;1.0;0;0;0;0;0
785065;3.56;0.95;123.0;5261.0;30.75;81.75;37.5;21.57;27.73;14.39;0;0;2.31;153013.0;121.0;124.0;33.0;4511.0;1008.60;644.52;6.0;1.0;0;1.0;0;0;1.0;0;0;0;0;0;1.0;1.0;0;0;0;0;0
785589;3.36;0.91;123.0;5207.0;30.75;81.75;38.25;20.78;27.19;14.39;1.97;0;2.31;153013.0;120.0;124.0;33.0;4521.0;1008.68;800.77;6.0;1.0;0;1.0;0;0;1.0;0;0;0;0;0;1.0;1.0;0;0;0;0;0
786147;3.65;0.93;123.0;5282.0;30.75;81.75;36.0;23.53;29.18;14.48;0.48;0;2.31;153013.0;121.0;124.0;33.0;4501.0;1008.64;703.11;6.0;1.0;0;1.0;0;0;1.0;0;0;0;0;0;1.0;1.0;0;0;0;0;0
786743;3.84;0.96;123.0;5201.0;30.75;81.75;35.25;23.53;29.45;14.39;1.97;0.64;2.31;153013.0;121.0;124.0;33.0;4522.0;1008.72;703.11;6.0;1.0;0;1.0;0;0;1.0;0;0;0;0;0;1.0;1.0;0;0;0;0;0
787267;3.71;0.93;123.0;5187.0;30.75;81.75;35.25;23.53;29.18;14.48;0.35;0;2.31;153013.0;121.0;124.0;33.0;4496.0;1008.76;800.77;6.0;1.0;0;1.0;0;0;1.0;0;0;0;0;0;1.0;1.0;0;0;0;0;0
787784;3.08;0.92;123.0;5311.0;30.75;81.75;42.0;18.04;24.77;14.29;1.97;0.64;2.58;153013.0;121.0;123.0;33.0;4531.0;1008.80;722.64;6.0;1.0;0;1.0;0;0;1.0;0;0;0;0;0;1.0;1.0;0;0;0;0;0
788309;3.15;0.97;122.0;5209.0;30.75;81.75;42.0;17.25;24.20;14.39;1.77;0.09;2.31;153013.0;120.0;123.0;33.0;4531.0;1008.80;703.11;6.0;1.0;0;1.0;0;0;1.0;0;0;0;0;0;1.0;1.0;0;0;0;0;0
788848;3.13;0.93;121.0;5082.0;30.75;81.75;41.25;17.64;24.70;14.48;1.26;0;2.31;153013.0;120.0;122.0;33.0;4524.0;1008.80;742.17;6.0;1.0;0;1.0;0;0;1.0;0;0;0;0;0;1.0;1.0;0;0;0;0;0
789425;3.43;0.96;122.0;5228.0;30.75;81.75;39.0;20.00;26.48;14.48;0.19;0.48;2.31;153013.0;120.0;122.0;33.0;4505.0;1008.84;722.64;6.0;1.0;0;1.0;0;0;1.0;0;0;0;0;0;1.0;1.0;0;0;0;0;0
789983;3.90;0.97;121.0;5120.0;30.75;81.75;36.0;22.74;28.99;14.29;0;1.05;2.58;153013.0;119.0;122.0;33.0;4514.0;1008.84;722.64;6.0;1.0;0;1.0;0;0;1.0;0;0;0;0;0;1.0;1.0;0;0;0;0;0
790521;4.09;0.97;122.0;5204.0;30.75;81.75;33.0;25.49;30.93;14.39;0;0.13;2.31;153013.0;120.0;122.0;33.0;4497.0;1008.84;742.17;6.0;1.0;0;1.0;0;0;1.0;0;0;0;0;0;1.0;1.0;0;0;0;0;0
791022;4.12;0.98;122.0;5119.0;30.75;81.75;33.75;25.49;30.91;14.48;0;0;2.31;153013.0;120.0;123.0;33.0;4492.0;1008.84;800.77;6.0;1.0;0;1.0;0;0;1.0;0;0;0;0;0;1.0;1.0;0;0;0;0;0
791560;3.65;0.96;122.0;5245.0;30.75;81.75;36.75;21.96;28.25;14.39;1.46;0;2.31;153013.0;120.0;122.0;33.0;4496.0;1008.84;781.24;6.0;1.0;0;1.0;0;0;1.0;0;0;0;0;0;1.0;1.0;0;0;0;0;0
792083;3.24;0.94;122.0;5215.0;30.75;81.75;39.75;19.21;25.88;14.48;0.99;0;2.31;153013.0;120.0;123.0;33.0;4517.0;1008.84;781.24;6.0;1.0;0;1.0;0;0;1.0;0;0;0;0;0;1.0;1.0;0;0;0;0;0
792600;4.04;1.00;122.0;5129.0;30.75;81.75;36.0;22.35;28.36;14.48;0.21;1.46;2.31;153013.0;119.0;122.0;33.0;4534.0;1008.91;800.77;6.0;1.0;0;1.0;0;0;1.0;0;0;0;0;0;1.0;1.0;0;0;0;0;0
793151;4.13;0.98;122.0;5279.0;30.75;81.75;33.0;26.27;31.00;14.48;0;3.35;2.31;153013.0;120.0;123.0;33.0;4506.0;1008.88;781.24;6.0;1.0;0;1.0;0;0;1.0;0;0;0;0;0;1.0;1.0;0;0;0;0;0
793710;4.14;0.97;123.0;5167.0;30.75;81.75;33.75;25.10;30.77;14.29;0;2.71;2.58;153013.0;121.0;124.0;33.0;4512.0;1008.88;761.70;6.0;1.0;0;1.0;0;0;1.0;0;0;0;0;0;1.0;1.0;0;0;0;0;0
794237;3.60;0.94;123.0;5245.0;30.75;81.75;37.5;22.35;28.19;14.48;0;2.01;2.31;153014.0;122.0;124.0;33.0;4518.0;1008.88;722.64;6.0;1.0;0;1.0;0;0;1.0;0;0;0;0;0;1.0;1.0;0;0;0;0;0
794829;3.46;0.93;123.0;5164.0;30.75;81.75;38.25;20.78;27.46;14.39;1.46;0.99;2.31;153014.0;121.0;124.0;33.0;4518.0;1008.88;644.52;6.0;1.0;0;1.0;0;0;1.0;0;0;0;0;0;1.0;1.0;0;0;0;0;0
795371;3.33;0.95;123.0;5229.0;30.75;81.75;39.75;19.21;25.83;14.39;2.36;0.19;2.31;153014.0;121.0;123.0;33.0;4525.0;1008.88;800.77;6.0;1.0;0;1.0;0;0;1.0;0;0;0;0;0;1.0;1.0;0;0;0;0;0
795893;2.85;0.97;122.0;5183.0;30.75;81.75;44.25;13.72;22.02;14.29;0.46;0;2.58;153014.0;120.0;122.0;33.0;4538.0;1008.88;742.17;6.0;1.0;0;1.0;0;0;1.0;0;0;0;0;0;1.0;1.0;0;0;0;0;0
796422;3.52;0.99;122.0;5189.0;30.75;81.75;39.0;19.61;26.24;14.39;1.26;0;2.31;153014.0;120.0;123.0;33.0;4516.0;1008.88;761.70;6.0;1.0;0;1.0;0;0;1.0;0;0;0;0;0;1.0;1.0;0;0;0;0;0
796993;3.47;0.95;122.0;5132.0;30.75;81.75;39.0;20.00;26.83;14.48;0.29;0;2.31;153014.0;120.0;123.0;33.0;4511.0;1008.88;742.17;6.0;1.0;0;1.0;0;0;1.0;0;0;0;0;0;1.0;1.0;0;0;0;0;0
797592;3.02;0.93;122.0;5112.0;30.75;81.75;42.0;16.86;24.01;14.48;0;0.89;2.31;153014.0;120.0;123.0;33.0;4514.0;1008.88;742.17;6.0;1.0;0;1.0;0;0;1.0;0;0;0;0;0;1.0;1.0;0;0;0;0;0
798115;2.74;0.93;121.0;5224.0;30.75;81.75;45.0;14.11;22.03;14.48;1.97;0.17;2.31;153014.0;120.0;122.0;33.0;4534.0;1008.88;664.05;6.0;1.0;0;1.0;0;0;1.0;0;0;0;0;0;1.0;1.0;0;0;0;0;0
798639;2.88;0.97;121.0;5145.0;30.75;81.75;44.25;13.72;22.19;14.29;0.48;0;2.58;153014.0;120.0;121.0;33.0;4524.0;1008.88;351.55;6.0;1.0;0;1.0;0;0;1.0;0;0;0;0;0;1.0;1.0;0;0;0;0;0
799154;3.33;1.01;121.0;5078.0;30.75;81.75;41.25;16.86;24.53;14.48;2.83;1.15;2.31;153014.0;118.0;121.0;33.0;4517.0;1008.88;664.05;6.0;1.0;0;1.0;0;0;1.0;0;0;0;0;0;1.0;1.0;0;0;0;0;0
799701;2.73;0.92;120.0;5108.0;30.75;81.75;44.25;13.72;22.16;14.48;0.87;0.27;2.31;153014.0;118.0;121.0;33.0;4524.0;1008.88;117.18;6.0;1.0;0;1.0;0;0;1.0;0;0;0;0;0;0;1.0;0;0;0;0;0
800224;2.93;0.98;120.0;5084.0;30.75;81.75;43.5;13.72;22.26;14.48;1.38;2.79;2.31;153014.0;118.0;120.0;33.0;4516.0;1008.95;722.64;6.0;1.0;0;1.0;0;0;1.0;0;0;0;0;0;1.0;1.0;0;0;0;0;0
800737;3.14;0.98;120.0;4991.0;30.75;81.75;42.0;14.90;23.25;14.39;1.34;0.80;2.31;153014.0;117.0;120.0;33.0;4515.0;1008.95;781.24;6.0;1.0;0;1.0;0;0;1.0;0;0;0;0;0;1.0;1.0;0;0;0;0;0
801260;3.61;0.98;120.0;5027.0;30.75;81.75;38.25;19.61;27.08;14.39;1.05;0.07;2.31;153014.0;117.0;120.0;33.0;4506.0;1008.91;800.77;6.0;1.0;0;1.0;0;0;1.0;0;0;0;0;0;1.0;1.0;0;0;0;0;0
801795;3.90;0.98;120.0;5170.0;30.75;81.75;35.25;23.13;29.24;14.48;0.23;0;2.31;153014.0;117.0;120.0;33.0;4512.0;1008.91;761.70;6.0;1.0;0;1.0;0;0;1.0;0;0;0;0;0;1.0;1.0;0;0;0;0;0
802379;3.83;0.96;120.0;5123.0;30.75;81.75;35.25;23.13;29.21;14.48;0;0;2.31;153014.0;118.0;120.0;33.0;4485.0;1008.91;722.64;6.0;1.0;0;1.0;0;0;1.0;0;0;0;0;0;1.0;1.0;0;0;0;0;0
802930;3.43;0.95;120.0;5178.0;30.75;81.75;39.0;20.00;26.67;14.39;0;0;2.31;153014.0;118.0;121.0;33.0;4527.0;1008.88;742.17;6.0;1.0;0;1.0;0;0;1.0;0;0;0;0;0;1.0;1.0;0;0;0;0;0
803479;3.10;0.95;120.0;5047.0;30.75;81.75;41.25;16.47;24.40;14.48;0;0;2.31;153014.0;119.0;121.0;33.0;4518.0;1008.88;683.58;6.0;1.0;0;1.0;0;0;1.0;0;0;0;0;0;1.0;1.0;0;0;0;0;0
804003;3.00;0.96;120.0;5167.0;30.75;81.75;42.75;15.68;23.27;14.39;0;0;2.31;153014.0;118.0;121.0;33.0;4523.0;1008.88;722.64;6.0;1.0;0;1.0;0;0;1.0;0;0;0;0;0;1.0;1.0;0;0;0;0;0
804519;2.88;0.94;121.0;5098.0;30.75;81.75;43.5;14.90;22.78;14.48;0;0;2.31;153014.0;118.0;121.0;33.0;4515.0;1008.88;566.39;6.0;1.0;0;1.0;0;0;1.0;0;0;0;0;0;1.0;1.0;0;0;0;0;0
805087;3.43;0.98;120.0;5047.0;30.75;81.75;39.75;18.82;25.92;14.48;1.56;0.89;2.31;153014.0;118.0;121.0;33.0;4528.0;1008.95;722.64;6.0;1.0;0;1.0;0;0;1.0;0;0;0;0;0;1.0;1.0;0;0;0;0;0
805614;3.14;0.97;120.0;5129.0;30.75;81.75;41.25;16.86;24.24;14.29;0.37;0.19;2.58;153014.0;118.0;120.0;33.0;4514.0;1008.91;761.70;6.0;1.0;0;1.0;0;0;1.0;0;0;0;0;0;1.0;1.0;0;0;0;0;0
806137;3.00;0.97;120.0;5073.0;30.75;81.75;42.75;15.29;23.19;14.29;0;1.97;2.58;153014.0;118.0;120.0;33.0;4501.0;1008.99;761.70;6.0;1.0;0;1.0;0;0;1.0;0;0;0;0;0;1.0;1.0;0;0;0;0;0
806662;2.83;0.95;120.0;5002.0;30.75;81.75;42.75;13.33;22.39;14.48;0.68;0.37;2.31;153014.0;118.0;120.0;33.0;4524.0;1008.95;742.17;6.0;1.0;0;1.0;0;0;1.0;0;0;0;0;0;1.0;1.0;0;0;0;0;0
807199;2.78;0.95;118.0;5087.0;30.75;81.75;44.25;12.94;21.79;14.39;0.11;0;2.31;153014.0;117.0;119.0;33.0;4515.0;1008.91;175.77;6.0;1.0;0;1.0;0;0;1.0;0;0;0;0;0;1.0;1.0;0;0;0;0;0
807724;2.79;0.94;118.0;5000.0;30.75;81.75;44.25;12.94;22.21;14.39;0;0;2.31;153014.0;116.0;118.0;33.0;4521.0;1008.91;781.24;6.0;1.0;0;1.0;0;0;1.0;0;0;0;0;0;1.0;1.0;0;0;0;0;0
808258;2.38;0.92;117.0;4904.0;30.75;81.75;45.75;10.19;19.79;14.48;0.68;0;2.31;153014.0;116.0;118.0;33.0;4502.0;1008.95;820.30;6.0;1.0;0;1.0;0;0;1.0;0;0;0;0;0;1.0;1.0;0;0;0;0;0
808782;2.33;0.86;116.0;4853.0;30.75;81.75;44.25;10.98;20.57;14.48;1.42;0;2.31;153014.0;114.0;116.0;33.0;4517.0;1008.95;39.06;6.0;1.0;0;1.0;0;0;1.0;0;0;0;0;0;1.0;1.0;0;0;0;0;0
809359;2.76;0.95;115.0;4942.0;30.75;81.75;43.5;11.76;21.76;14.48;0.33;1.23;2.31;153014.0;114.0;115.0;33.0;4521.0;1008.99;781.24;6.0;1.0;0;1.0;0;0;1.0;0;0;0;0;0;1.0;1.0;0;0;0;0;0
809882;2.74;0.91;115.0;4906.0;30.75;81.75;42.75;12.94;22.31;14.48;1.26;0.21;2.31;153014.0;113.0;116.0;33.0;4510.0;1009.03;58.59;6.0;1.0;0;1.0;0;0;1.0;0;0;0;0;0;1.0;1.0;0;0;0;0;0
810406;3.16;1.00;115.0;4810.0;30.75;81.75;41.25;14.51;23.77;14.48;0.31;0;2.31;153014.0;113.0;116.0;33.0;4520.0;1008.99;800.77;6.0;1.0;0;1.0;0;0;1.0;0;0;0;0;0;1.0;1.0;0;0;0;0;0
810929;3.39;0.95;115.0;4813.0;30.75;81.75;39.75;16.08;24.82;14.39;0;1.79;2.31;153014.0;113.0;115.0;33.0;4511.0;1009.03;761.70;6.0;1.0;0;1.0;0;0;1.0;0;0;0;0;0;1.0;1.0;0;0;0;0;0
811453;3.53;0.97;115.0;4878.0;30.75;81.75;37.5;19.21;27.26;14.48;1.56;0.33;2.31;153014.0;114.0;116.0;33.0;4515.0;1009.07;742.17;6.0;1.0;0;1.0;0;0;1.0;0;0;0;0;0;1.0;1.0;0;0;0;0;0
811979;2.36;0.97;115.0;4930.0;30.75;81.75;45.75;9.41;19.69;14.39;0.44;1.97;2.31;153014.0;114.0;115.0;33.0;4488.0;1008.99;878.89;6.0;1.0;0;1.0;0;0;1.0;0;0;0;0;0;1.0;1.0;0;0;0;0;0
812504;3.60;1.00;113.0;4936.0;30.75;81.75;40.5;16.08;23.84;14.29;0;1.42;2.58;153014.0;112.0;114.0;33.0;4531.0;1008.95;820.30;6.0;1.0;0;1.0;0;0;1.0;0;0;0;0;0;1.0;1.0;0;0;0;0;0
813029;3.27;0.95;115.0;4848.0;30.75;81.75;39.0;16.86;25.52;14.39;0;0.35;2.31;153014.0;112.0;115.0;33.0;4536.0;1009.07;683.58;6.0;1.0;0;1.0;0;0;1.0;0;0;0;0;0;1.0;1.0;0;0;0;0;0
813563;3.16;0.97;115.0;4886.0;30.75;81.75;40.5;15.68;24.29;14.48;0;0;2.31;153014.0;112.0;115.0;33.0;4526.0;1008.99;703.11;6.0;1.0;0;1.0;0;0;1.0;0;0;0;0;0;1.0;1.0;0;0;0;0;0
814147;3.35;0.99;115.0;4794.0;30.75;81.75;39.75;16.08;25.03;14.48;0.95;0;2.31;153014.0;112.0;116.0;33.0;4512.0;1009.03;664.05;6.0;1.0;0;1.0;0;0;1.0;0;0;0;0;0;1.0;1.0;0;0;0;0;0
814664;3.38;0.97;115.0;4912.0;30.75;81.75;39.0;18.04;25.86;14.29;0.15;0;2.58;153014.0;112.0;115.0;33.0;4497.0;1008.99;761.70;6.0;1.0;0;1.0;0;0;1.0;0;0;0;0;0;1.0;1.0;0;0;0;0;0
815267;4.47;1.00;116.0;4959.0;30.75;81.75;31.5;25.49;31.67;14.48;0;0.95;2.31;153014.0;114.0;116.0;33.0;4506.0;1009.07;644.52;6.0;1.0;0;1.0;0;0;1.0;0;0;0;0;0;1.0;1.0;0;0;0;0;0
815788;4.59;1.01;117.0;4897.0;30.75;81.75;29.25;26.66;33.27;14.39;0.95;0.13;2.31;153014.0;115.0;117.0;33.0;4499.0;1009.07;488.27;6.0;1.0;0;1.0;0;0;1.0;0;0;0;0;0;1.0;1.0;0;0;0;0;0
816317;5.20;1.02;118.0;5084.0;30.75;81.75;27.0;32.16;35.64;14.48;2.20;0.93;2.31;153014.0;116.0;118.0;33.0;4508.0;1009.07;624.99;6.0;1.0;0;1.0;0;0;1.0;0;0;0;0;0;1.0;1.0;0;0;0;0;0
816842;3.91;1.00;118.0;5066.0;30.75;81.75;35.25;22.74;29.42;14.48;2.46;1.11;2.31;153014.0;116.0;119.0;33.0;4496.0;1008.99;800.77;6.0;1.0;0;1.0;0;0;1.0;0;0;0;0;0;1.0;1.0;0;0;0;0;0
817365;3.24;0.97;118.0;4963.0;30.75;81.75;41.25;16.86;24.77;14.39;2.69;1.26;2.31;153014.0;116.0;119.0;33.0;4523.0;1009.03;722.64;6.0;1.0;0;1.0;0;0;1.0;0;0;0;0;0;1.0;1.0;0;0;0;0;0
817890;2.50;0.92;118.0;4982.0;30.75;81.75;45.0;10.98;20.64;14.29;0.76;1.52;2.58;153014.0;116.0;118.0;33.0;4528.0;1008.99;703.11;6.0;1.0;0;1.0;0;0;1.0;0;0;0;0;0;1.0;1.0;0;0;0;0;0
818415;2.42;0.91;117.0;5039.0;30.75;81.75;45.75;10.98;19.97;14.39;0.15;0.39;2.31;153014.0;116.0;118.0;33.0;4517.0;1008.95;800.77;6.0;1.0;0;1.0;0;0;1.0;0;0;0;0;0;1.0;1.0;0;0;0;0;0
818939;3.23;1.00;117.0;4992.0;30.75;81.75;42.0;15.68;23.65;14.39;0;1.97;2.31;153014.0;115.0;118.0;33.0;4522.0;1008.99;761.70;6.0;1.0;0;1.0;0;0;1.0;0;0;0;0;0;1.0;1.0;0;0;0;0;0
819462;3.2;0.98;117.0;4925.0;30.75;81.75;40.5;16.08;24.44;14.39;0;0.52;2.31;153014.0;114.0;117.0;33.0;4512.0;1009.03;664.05;6.0;1.0;0;1.0;0;0;1.0;0;0;0;0;0;1.0;1.0;0;0;0;0;0
819999;3.88;0.98;116.0;4911.0;30.75;81.75;37.5;19.21;27.07;14.48;0;0.05;2.31;153014.0;114.0;117.0;33.0;4516.0;1009.07;214.84;6.0;1.0;0;1.0;0;0;1.0;0;0;0;0;0;1.0;1.0;0;0;0;0;0
820522;3.85;0.95;116.0;4999.0;30.75;81.75;34.5;22.35;29.31;14.39;0.89;0;2.31;153014.0;115.0;117.0;33.0;4515.0;1009.15;703.11;6.0;1.0;0;1.0;0;0;1.0;0;0;0;0;0;1.0;1.0;0;0;0;0;0
821058;3.85;0.96;117.0;5070.0;30.75;81.75;35.25;23.53;29.74;14.48;1.42;0;2.31;153014.0;115.0;118.0;33.0;4509.0;1009.11;742.17;6.0;1.0;0;1.0;0;0;1.0;0;0;0;0;0;1.0;1.0;0;0;0;0;0
821627;3.80;0.98;118.0;4977.0;30.75;81.75;35.25;21.57;28.76;14.48;0.33;0;2.31;153014.0;116.0;118.0;33.0;4506.0;1009.11;644.52;6.0;1.0;0;1.0;0;0;1.0;0;0;0;0;0;1.0;1.0;0;0;0;0;0
822208;3.58;0.95;118.0;5074.0;30.75;81.75;36.0;20.78;27.71;14.29;1.56;0;2.58;153014.0;116.0;118.0;33.0;4522.0;1009.07;683.58;6.0;1.0;0;1.0;0;0;1.0;0;0;0;0;0;1.0;1.0;0;0;0;0;0
822732;3.95;0.97;120.0;4993.0;30.75;81.75;35.25;22.74;29.72;14.39;2.38;0.89;2.31;153014.0;116.0;120.0;33.0;4494.0;1009.15;722.64;6.0;1.0;0;1.0;0;0;1.0;0;0;0;0;0;1.0;1.0;0;0;0;0;0
823254;3.53;0.96;118.0;5031.0;30.75;81.75;37.5;19.61;27.13;14.39;2.12;0.11;2.31;153014.0;117.0;119.0;33.0;4511.0;1009.07;722.64;6.0;1.0;0;1.0;0;0;1.0;0;0;0;0;0;1.0;1.0;0;0;0;0;0
823774;3.17;0.94;120.0;5145.0;30.75;81.75;40.5;18.04;25.12;14.39;2.20;0;2.31;153014.0;118.0;120.0;33.0;4511.0;1008.99;722.64;6.0;1.0;0;1.0;0;0;1.0;0;0;0;0;0;1.0;1.0;0;0;0;0;0
824297;3.16;0.97;120.0;5098.0;30.75;81.75;41.25;16.86;24.31;14.39;0.60;0.72;2.31;153015.0;118.0;120.0;33.0;4515.0;1009.11;605.46;6.0;1.0;0;1.0;0;0;1.0;0;0;0;0;0;1.0;1.0;0;0;0;0;0
824834;3.88;0.98;120.0;4989.0;30.75;81.75;36.0;21.17;28.42;14.39;0.05;0.13;2.31;153015.0;117.0;120.0;33.0;4514.0;1009.11;683.58;6.0;1.0;0;1.0;0;0;1.0;0;0;0;0;0;1.0;1.0;0;0;0;0;0
825418;3.76;0.98;120.0;5122.0;30.75;81.75;36.75;21.57;28.22;14.39;0.89;0;2.31;153015.0;117.0;120.0;33.0;4507.0;1009.11;742.17;6.0;1.0;0;1.0;0;0;1.0;0;0;0;0;0;1.0;1.0;0;0;0;0;0
825970;3.74;0.97;120.0;5015.0;30.75;81.75;36.0;21.57;28.55;14.39;0.11;0;2.31;153015.0;118.0;120.0;33.0;4497.0;1009.15;761.70;6.0;1.0;0;1.0;0;0;1.0;0;0;0;0;0;1.0;1.0;0;0;0;0;0
826519;3.58;0.97;120.0;5179.0;30.75;81.75;38.25;20.78;27.37;14.39;0;0;2.31;153015.0;118.0;121.0;33.0;4513.0;1009.07;722.64;6.0;1.0;0;1.0;0;0;1.0;0;0;0;0;0;1.0;1.0;0;0;0;0;0
827042;3.80;0.98;121.0;5053.0;30.75;81.75;36.0;21.96;28.72;14.48;0.89;0.52;2.31;153015.0;118.0;121.0;33.0;4507.0;1008.99;800.77;6.0;1.0;0;1.0;0;0;1.0;0;0;0;0;0;1.0;1.0;0;0;0;0;0
827560;3.49;0.99;121.0;5070.0;30.75;81.75;39.0;19.21;26.40;14.39;0.19;0.01;2.31;153015.0;118.0;121.0;33.0;4511.0;1008.95;761.70;6.0;1.0;0;1.0;0;0;1.0;0;0;0;0;0;1.0;1.0;0;0;0;0;0
828083;2.84;0.92;120.0;5142.0;30.75;81.75;42.75;14.90;22.92;14.29;0;0;2.58;153015.0;118.0;120.0;33.0;4522.0;1008.95;234.37;6.0;1.0;0;1.0;0;0;1.0;0;0;0;0;0;1.0;1.0;0;0;0;0;0
828617;2.93;0.97;120.0;5082.0;30.75;81.75;43.5;14.11;22.46;14.29;1.15;1.97;2.58;153015.0;117.0;120.0;33.0;4518.0;1008.91;781.24;6.0;1.0;0;1.0;0;0;1.0;0;0;0;0;0;1.0;1.0;0;0;0;0;0
829140;2.84;0.96;118.0;4975.0;30.75;81.75;42.75;12.94;22.28;14.39;0.99;0.37;2.31;153015.0;117.0;119.0;33.0;4509.0;1008.91;703.11;6.0;1.0;0;1.0;0;0;1.0;0;0;0;0;0;1.0;1.0;0;0;0;0;0
829702;3.38;1.00;117.0;4960.0;30.75;81.75;40.5;16.08;24.20;14.48;1.01;1.62;2.31;153015.0;116.0;118.0;33.0;4533.0;1008.95;761.70;6.0;1.0;0;1.0;0;0;1.0;0;0;0;0;0;1.0;1.0;0;0;0;0;0
830239;3.47;1.00;117.0;5022.0;30.75;81.75;39.75;18.43;25.74;14.48;0.93;0.31;2.31;153015.0;116.0;117.0;33.0;4508.0;1008.95;761.70;6.0;1.0;0;1.0;0;0;1.0;0;0;0;0;0;1.0;1.0;0;0;0;0;0
830767;3.4;0.98;117.0;4929.0;30.75;81.75;39.0;17.64;25.71;14.48;1.50;0;2.31;153015.0;116.0;117.0;33.0;4521.0;1008.99;781.24;6.0;1.0;0;1.0;0;0;1.0;0;0;0;0;0;1.0;1.0;0;0;0;0;0
831334;3.38;0.98;116.0;4988.0;30.75;81.75;39.75;17.64;25.43;14.39;2.38;0;2.31;153015.0;115.0;117.0;33.0;4507.0;1009.03;605.46;6.0;1.0;0;1.0;0;0;1.0;0;0;0;0;0;1.0;1.0;0;0;0;0;0
831857;2.86;0.95;116.0;4961.0;30.75;81.75;42.75;13.33;22.42;14.39;0.50;0;2.31;153015.0;114.0;117.0;33.0;4514.0;1008.99;624.99;6.0;1.0;0;1.0;0;0;1.0;0;0;0;0;0;1.0;1.0;0;0;0;0;0
832399;2.75;0.93;116.0;4870.0;30.75;81.75;43.5;12.15;22.15;14.48;0.03;0;2.31;153015.0;113.0;116.0;33.0;4504.0;1009.03;683.58;6.0;1.0;0;1.0;0;0;1.0;0;0;0;0;0;1.0;1.0;0;0;0;0;0
832983;2.96;0.96;115.0;4824.0;30.75;81.75;42.0;13.33;22.94;14.48;0;0;2.31;153015.0;113.0;115.0;33.0;4518.0;1008.99;156.24;6.0;1.0;0;1.0;0;0;1.0;0;0;0;0;0;1.0;1.0;0;0;0;0;0
833489;3.72;1.01;115.0;4911.0;30.75;81.75;37.5;19.21;27.31;14.48;1.56;0;2.31;153015.0;112.0;116.0;33.0;4527.0;1008.95;761.70;6.0;1.0;0;1.0;0;0;1.0;0;0;0;0;0;1.0;1.0;0;0;0;0;0
834398;3.70;1.00;115.0;4879.0;30.75;81.75;37.5;19.61;27.50;14.48;0.41;0;2.31;153015.0;113.0;116.0;33.0;4498.0;1009.03;761.70;6.0;1.0;0;1.0;0;0;1.0;0;0;0;0;0;1.0;1.0;0;0;0;0;0
834912;3.95;0.99;115.0;4929.0;30.75;81.75;34.5;21.96;29.25;14.29;0;2.48;2.58;153015.0;113.0;116.0;33.0;4507.0;1009.03;800.77;6.0;1.0;0;1.0;0;0;1.0;0;0;0;0;0;1.0;1.0;0;0;0;0;0
835445;3.37;0.95;116.0;4920.0;30.75;81.75;38.25;18.43;26.35;14.48;2.85;0.68;2.31;153015.0;113.0;116.0;33.0;4517.0;1008.99;722.64;6.0;1.0;0;1.0;0;0;1.0;0;0;0;0;0;1.0;1.0;0;0;0;0;0
836017;3.36;0.96;116.0;4908.0;30.75;81.75;38.25;18.04;26.18;14.48;0.87;3.74;2.31;153015.0;113.0;116.0;33.0;4515.0;1008.95;683.58;6.0;1.0;0;1.0;0;0;1.0;0;0;0;0;0;1.0;1.0;0;0;0;0;0
836541;3.19;0.97;116.0;4942.0;30.75;81.75;40.5;16.47;24.69;14.39;0.09;0.87;2.31;153015.0;114.0;116.0;33.0;4524.0;1008.91;742.17;6.0;1.0;0;1.0;0;0;1.0;0;0;0;0;0;1.0;1.0;0;0;0;0;0
837067;3.04;0.95;116.0;4963.0;30.75;81.75;41.25;15.68;23.96;14.48;0;0.19;2.31;153015.0;114.0;116.0;33.0;4512.0;1008.91;371.08;6.0;1.0;0;1.0;0;0;1.0;0;0;0;0;0;1.0;1.0;0;0;0;0;0
837608;3.17;0.96;116.0;4904.0;30.75;81.75;40.5;15.68;24.36;14.29;0;0;2.58;153015.0;114.0;116.0;33.0;4518.0;1008.95;703.11;6.0;1.0;0;1.0;0;0;1.0;0;0;0;0;0;1.0;1.0;0;0;0;0;0
838199;3.39;1.01;116.0;4839.0;30.75;81.75;39.75;16.47;24.98;14.29;0.72;0;2.58;153015.0;114.0;117.0;33.0;4498.0;1008.95;742.17;6.0;1.0;0;1.0;0;0;1.0;0;0;0;0;0;1.0;1.0;0;0;0;0;0
838755;3.12;0.97;116.0;4957.0;30.75;81.75;41.25;15.68;23.81;14.48;0.05;0.72;2.31;153015.0;114.0;116.0;33.0;4512.0;1008.91;761.70;6.0;1.0;0;1.0;0;0;1.0;0;0;0;0;0;1.0;1.0;0;0;0;0;0
839286;3.12;0.96;115.0;4859.0;30.75;81.75;41.25;15.29;23.91;14.39;0.76;0.13;2.31;153015.0;113.0;116.0;33.0;4511.0;1008.95;781.24;6.0;1.0;0;1.0;0;0;1.0;0;0;0;0;0;1.0;1.0;0;0;0;0;0
839795;3.2;0.98;115.0;4815.0;30.75;81.75;40.5;14.90;24.43;14.39;0.05;2.26;2.31;153015.0;112.0;115.0;33.0;4521.0;1008.95;742.17;6.0;1.0;0;1.0;0;0;1.0;0;0;0;0;0;1.0;1.0;0;0;0;0;0
840324;3.12;0.99;115.0;4811.0;30.75;81.75;42.0;14.11;23.48;14.39;0;0.66;2.31;153015.0;113.0;115.0;33.0;4511.0;1008.91;781.24;6.0;1.0;0;1.0;0;0;1.0;0;0;0;0;0;0;1.0;0;0;0;0;0
840847;3.50;0.99;115.0;4853.0;30.75;81.75;39.0;17.64;26.22;14.39;5.87;0.09;2.31;153015.0;112.0;115.0;33.0;4526.0;1008.91;722.64;6.0;1.0;0;1.0;0;0;1.0;0;0;0;0;0;1.0;1.0;0;0;0;0;0
841388;3.44;0.99;115.0;4905.0;30.75;81.75;39.0;17.64;25.78;14.48;1.50;0;2.31;153015.0;112.0;115.0;33.0;4519.0;1008.88;585.93;6.0;1.0;0;1.0;0;0;1.0;0;0;0;0;0;1.0;1.0;0;0;0;0;0
841910;3.28;0.96;115.0;4836.0;30.75;81.75;39.75;16.47;25.35;14.48;0.39;0;2.31;153015.0;112.0;115.0;33.0;4511.0;1008.88;722.64;6.0;1.0;0;1.0;0;0;1.0;0;0;0;0;0;1.0;1.0;0;0;0;0;0
842494;3.18;0.96;113.0;4856.0;30.75;81.75;40.5;15.68;24.60;14.39;0;0;2.31;153015.0;112.0;114.0;33.0;4520.0;1008.88;703.11;6.0;1.0;0;1.0;0;0;1.0;0;0;0;0;0;1.0;1.0;0;0;0;0;0
843006;3.32;0.99;113.0;4761.0;30.75;81.75;39.75;15.68;24.87;14.39;0;0.56;2.31;153015.0;111.0;114.0;33.0;4509.0;1008.88;664.05;6.0;1.0;0;1.0;0;0;1.0;0;0;0;0;0;1.0;1.0;0;0;0;0;0
843528;3.04;0.97;113.0;4791.0;30.75;81.75;41.25;13.72;23.63;14.48;0;0.09;2.31;153015.0;112.0;113.0;33.0;4511.0;1009.03;683.58;6.0;1.0;0;1.0;0;0;1.0;0;0;0;0;0;1.0;1.0;0;0;0;0;0
844054;2.71;0.94;112.0;4769.0;30.75;81.75;43.5;11.37;21.52;14.39;0;0;2.31;153015.0;111.0;112.0;33.0;4507.0;1009.11;800.77;6.0;1.0;0;1.0;0;0;1.0;0;0;0;0;0;1.0;1.0;0;0;0;0;0
844588;2.79;0.92;111.0;4787.0;30.75;81.75;43.5;11.76;21.43;14.48;0;2.26;2.31;153015.0;109.0;111.0;33.0;4500.0;1009.03;722.64;6.0;1.0;0;1.0;0;0;1.0;0;0;0;0;0;1.0;1.0;0;0;0;0;0
845105;3.41;0.97;111.0;4760.0;30.75;81.75;39.0;16.86;26.04;14.39;3.55;0.70;2.31;153015.0;108.0;112.0;33.0;4522.0;1009.07;468.74;6.0;1.0;0;1.0;0;0;1.0;0;0;0;0;0;1.0;1.0;0;0;0;0;0
845654;3.15;0.96;111.0;4759.0;30.75;81.75;40.5;14.90;24.60;14.29;1.19;0.13;2.58;153015.0;109.0;111.0;33.0;4510.0;1008.99;781.24;6.0;1.0;0;1.0;0;0;1.0;0;0;0;0;0;1.0;1.0;0;0;0;0;0
846160;2.88;0.92;111.0;4682.0;30.75;81.75;41.25;12.55;23.21;14.48;0.29;0.83;2.31;153015.0;109.0;111.0;33.0;4505.0;1008.95;117.18;6.0;1.0;0;1.0;0;0;1.0;0;0;0;0;0;1.0;1.0;0;0;0;0;0
846708;3.00;0.97;110.0;4688.0;30.75;81.75;42.0;12.55;23.05;14.48;1.60;2.12;2.31;153015.0;108.0;110.0;33.0;4515.0;1008.95;781.24;6.0;1.0;0;1.0;0;0;1.0;0;0;0;0;0;1.0;1.0;0;0;0;0;0
847232;2.87;0.94;110.0;4649.0;30.75;81.75;42.0;12.15;22.99;14.48;2.05;0.66;2.31;153015.0;108.0;110.0;33.0;4507.0;1008.91;761.70;6.0;1.0;0;1.0;0;0;1.0;0;0;0;0;0;1.0;1.0;0;0;0;0;0
847763;2.78;0.95;110.0;4611.0;30.75;81.75;42.75;11.37;22.08;14.48;0.46;0.05;2.31;153015.0;108.0;110.0;33.0;4504.0;1008.91;781.24;6.0;1.0;0;1.0;0;0;1.0;0;0;0;0;0;1.0;1.0;0;0;0;0;0
848308;2.32;0.89;108.0;4578.0;30.75;81.75;45.0;8.62;19.42;14.39;0.03;0;2.31;153015.0;107.0;108.0;33.0;4487.0;1008.88;800.77;6.0;1.0;0;1.0;0;0;1.0;0;0;0;0;0;1.0;1.0;0;0;0;0;0
848832;2.08;0.83;107.0;4533.0;30.75;81.75;45.75;8.62;18.92;14.39;0;0;2.31;153015.0;105.0;107.0;33.0;4497.0;1008.88;624.99;6.0;1.0;0;1.0;0;0;1.0;0;0;0;0;0;1.0;1.0;0;0;0;0;0
849348;3.48;1.00;106.0;4515.0;30.75;81.75;39.0;14.90;25.63;14.48;0.78;0;2.31;153015.0;105.0;107.0;33.0;4551.0;1008.88;781.24;6.0;1.0;0;1.0;0;0;1.0;0;0;0;0;0;1.0;1.0;0;0;0;0;0
849933;2.90;0.94;106.0;4515.0;30.75;81.75;41.25;12.15;23.73;14.39;0.21;0;2.31;153015.0;105.0;107.0;33.0;4530.0;1008.88;800.77;6.0;1.0;0;1.0;0;0;1.0;0;0;0;0;0;1.0;1.0;0;0;0;0;0
850498;2.60;0.89;106.0;4431.0;30.75;81.75;42.0;10.98;22.23;14.39;1.30;2.79;2.31;153015.0;104.0;107.0;33.0;4501.0;1008.88;722.64;6.0;1.0;0;1.0;0;0;1.0;0;0;0;0;0;1.0;1.0;0;0;0;0;0
851022;2.62;0.89;106.0;4404.0;30.75;81.75;42.0;10.98;22.15;14.48;1.17;2.14;2.31;153015.0;104.0;106.0;33.0;4494.0;1008.88;644.52;6.0;1.0;0;1.0;0;0;1.0;0;0;0;0;0;1.0;1.0;0;0;0;0;0
851579;2.60;0.91;105.0;4477.0;30.75;81.75;42.75;10.19;21.47;14.39;0.33;2.67;2.31;153015.0;103.0;105.0;33.0;4513.0;1008.88;742.17;6.0;1.0;0;1.0;0;0;1.0;0;0;0;0;0;1.0;1.0;0;0;0;0;0
852132;2.45;0.88;103.0;4342.0;30.75;81.75;42.75;9.80;20.97;14.48;1.67;0.70;2.31;153015.0;103.0;104.0;33.0;4516.0;1008.95;761.70;6.0;1.0;0;1.0;0;0;1.0;0;0;0;0;0;1.0;1.0;0;0;0;0;0
852694;2.35;0.87;103.0;4306.0;30.75;81.75;43.5;9.02;20.37;14.48;3.80;0.17;2.31;153015.0;101.0;104.0;33.0;4498.0;1008.95;703.11;6.0;1.0;0;1.0;0;0;1.0;0;0;0;0;0;1.0;1.0;0;0;0;0;0
853278;2.13;0.82;102.0;4307.0;30.75;81.75;44.25;8.62;19.64;14.48;1.05;1.30;2.31;153015.0;101.0;103.0;33.0;4501.0;1008.99;78.12;6.0;1.0;0;1.0;0;0;1.0;0;0;0;0;0;1.0;1.0;0;0;0;0;0
853808;1.95;0.84;101.0;4233.0;30.75;81.75;45.0;7.45;17.37;14.39;1.15;0.31;2.31;153015.0;100.0;101.0;33.0;4502.0;1009.03;820.30;6.0;1.0;0;1.0;0;0;1.0;0;0;0;0;0;1.0;1.0;0;0;0;0;0
854372;1.66;0.79;100.0;4251.0;30.75;81.75;45.75;6.66;15.80;14.48;0.33;1.69;2.31;153015.0;100.0;100.0;33.0;4476.0;1009.11;800.77;6.0;1.0;0;1.0;0;0;1.0;0;0;0;0;0;1.0;1.0;0;0;0;0;0
854994;1.49;0.75;98.0;4168.0;30.75;81.75;46.5;6.27;15.04;14.48;0;0.42;2.31;153015.0;98.0;99.0;33.0;4484.0;1009.03;800.77;6.0;1.0;0;1.0;0;0;1.0;0;0;0;0;0;1.0;1.0;0;0;0;0;0
855516;0.79;1.00;96.0;4022.0;30.75;81.75;46.5;1.56;5.61;14.48;0;1.71;2.31;153015.0;95.0;97.0;33.0;4481.0;1009.03;761.70;6.0;1.0;0;1.0;0;0;1.0;0;0;0;0;0;1.0;1.0;0;0;0;0;0
856036;0.62;1.00;92.0;4011.0;30.75;81.75;-30.0;0;0;14.48;1.38;0.62;2.31;153016.0;93.0;93.0;33.0;4501.0;1009.15;742.17;6.0;1.0;0;1.0;0;0;1.0;0;0;0;0;0;1.0;1.0;0;0;0;0;0
856629;0.6;1.00;90.0;3775.0;30.75;81.75;-30.0;0;0;14.48;1.54;0.15;2.31;153016.0;90.0;91.0;33.0;4500.0;1009.07;0;6.0;1.0;0;1.0;0;0;1.0;0;0;0;0;0;1.0;1.0;0;0;0;0;0
857170;0.64;1.00;86.0;3692.0;30.75;81.75;-30.0;0;0;14.48;2.55;1.05;2.31;153016.0;86.0;87.0;33.0;4515.0;1008.99;0;6.0;1.0;0;1.0;0;0;1.0;0;0;0;0;0;1.0;1.0;0;0;0;0;0
857694;0.63;1.00;81.0;3450.0;30.75;81.75;-30.0;0;0;14.48;0.87;0.31;2.31;153016.0;81.0;82.0;33.0;4533.0;1008.95;0;6.0;1.0;0;1.0;0;0;1.0;0;0;0;0;0;1.0;1.0;0;0;0;0;0
858271;0.64;1.00;77.0;3262.0;30.75;81.75;-30.0;0;0;14.48;1.50;1.95;2.31;153016.0;77.0;77.0;33.0;4548.0;1008.91;0;6.0;1.0;0;1.0;0;0;1.0;0;0;0;0;0;1.0;1.0;0;0;0;0;0
858838;0.68;1.00;72.0;3073.0;30.75;81.75;-30.0;0;0;14.48;0.54;2.16;2.31;153016.0;72.0;73.0;33.0;4522.0;1008.91;0;6.0;1.0;0;1.0;0;0;1.0;0;0;0;0;0;1.0;1.0;0;0;0;0;0
859414;0.72;1.00;68.0;2909.0;30.75;81.75;-30.0;0;0;14.58;1.26;0.87;2.31;153016.0;69.0;68.0;33.0;4540.0;1008.91;0;6.0;1.0;0;1.0;0;0;1.0;0;0;0;0;0;1.0;1.0;0;0;0;0;0
859950;0.74;1.00;65.0;2772.0;30.75;81.0;-30.0;0;0;14.48;0.58;0.35;2.31;153016.0;65.0;65.0;33.0;4559.0;1008.88;0;6.0;1.0;0;1.0;0;0;1.0;0;0;0;0;0;1.0;1.0;0;0;0;0;0
860474;1.27;1.00;60.0;2627.0;30.75;81.0;3.0;0;6.69;14.48;0.21;0.09;2.31;153016.0;61.0;61.0;33.0;4477.0;1008.95;0;6.0;1.0;0;1.0;0;0;1.0;0;0;0;0;0;0;1.0;0;0;0;0;0
861040;0.89;1.00;57.0;2441.0;30.75;81.0;15.0;0;9.80;14.39;2.14;2.34;2.31;153016.0;58.0;58.0;34.0;4219.0;1009.03;19.53;6.0;1.0;0;1.0;0;0;1.0;0;0;1.0;0;0;1.0;1.0;0;0;0;0;0
861649;0.95;1.00;53.0;2315.0;30.75;81.0;14.25;0;9.76;14.48;42.39;96.16;2.31;153016.0;54.0;54.0;27.0;4413.0;1009.03;664.05;6.0;1.0;0;1.0;0;0;1.0;0;0;1.0;0;0;1.0;1.0;0;0;0;0;0
862169;0.92;1.00;50.0;2154.0;30.75;81.0;12.75;0;9.74;14.39;134.07;197.68;2.31;153016.0;50.0;50.0;26.0;4512.0;1009.19;19.53;6.0;1.0;0;1.0;0;0;1.0;0;0;1.0;0;0;1.0;1.0;0;0;0;0;0
862693;0.97;1.00;47.0;2050.0;30.75;81.0;12.0;0;9.89;14.48;179.48;243.83;2.31;153016.0;47.0;47.0;27.0;4515.0;1009.15;19.53;6.0;1.0;0;1.0;0;0;1.0;0;0;1.0;0;0;1.0;1.0;0;0;0;0;0
863218;1.07;1.00;45.0;1907.0;30.75;81.0;12.75;0;9.83;14.48;236.91;285.68;2.31;153016.0;45.0;45.0;26.0;4511.0;1009.42;19.53;6.0;1.0;0;1.0;0;0;1.0;0;0;1.0;0;0;1.0;1.0;0;0;0;0;0
863755;1.17;1.00;41.0;1765.0;30.75;81.0;12.0;0;9.88;14.48;205.98;310.25;2.31;153016.0;41.0;42.0;27.0;4526.0;1009.62;781.24;6.0;1.0;0;1.0;0;0;1.0;0;0;1.0;0;0;1.0;1.0;0;0;0;0;0
864278;1.36;0.99;38.0;1568.0;30.75;81.0;12.75;0;10.01;14.39;189.75;235.98;2.31;153016.0;39.0;39.0;27.0;4524.0;1009.73;878.89;5.0;1.0;0;1.0;0;0;1.0;0;0;1.0;0;0;1.0;1.0;0;0;0;0;0
864855;2.36;0.98;36.0;1580.0;30.75;81.0;8.25;1.96;10.70;14.39;196.37;194.06;2.31;153016.0;37.0;37.0;33.0;4501.0;1009.85;878.89;5.0;1.0;0;1.0;0;0;1.0;0;0;1.0;0;0;1.0;1.0;0;0;0;0;0
865438;1.09;1.00;35.0;1838.0;30.75;81.0;12.0;0;9.88;14.48;164.32;148.79;2.31;153016.0;35.0;34.0;27.0;4510.0;1009.89;878.89;4.0;1.0;0;1.0;0;0;1.0;0;0;1.0;0;0;1.0;1.0;0;0;0;0;0
866011;1.43;0.98;31.0;1505.0;30.75;81.0;12.0;0.39;9.72;14.39;141.70;168.54;2.31;153016.0;32.0;32.0;28.0;4474.0;1009.97;859.36;4.0;1.0;0;1.0;0;0;1.0;0;0;1.0;0;0;1.0;1.0;0;0;0;0;0
866535;1.33;0.96;28.0;1399.0;30.75;81.0;12.75;0;9.91;14.48;124.32;168.81;2.31;153016.0;29.0;29.0;27.0;4524.0;1009.97;859.36;3.0;1.0;0;1.0;0;0;1.0;0;0;1.0;0;0;1.0;1.0;0;0;0;0;0
867058;1.17;0.95;26.0;1578.0;31.5;81.75;12.0;0;9.83;14.48;112.06;139.13;2.31;153016.0;27.0;27.0;26.0;4517.0;1010.01;839.83;3.0;1.0;0;1.0;0;0;1.0;0;0;1.0;0;0;1.0;1.0;0;0;0;0;0
867570;1.28;0.93;23.0;1463.0;31.5;81.75;12.0;0;9.70;14.29;101.26;146.96;2.58;153016.0;23.0;23.0;26.0;4493.0;1010.01;859.36;3.0;1.0;0;1.0;0;0;1.0;0;0;1.0;0;0;1.0;1.0;0;0;0;0;0
868098;1.44;0.92;20.0;1278.0;31.5;81.75;12.75;0;9.71;14.48;145.88;198.95;2.31;153016.0;20.0;20.0;26.0;4484.0;1010.05;820.30;3.0;1.0;0;1.0;0;0;1.0;0;0;1.0;0;0;1.0;1.0;0;0;0;0;0
868633;1.30;0.90;16.0;1278.0;31.5;81.75;12.0;0;9.66;14.48;205.37;218.75;2.31;153016.0;17.0;17.0;27.0;4501.0;1010.05;761.70;3.0;1.0;0;1.0;0;0;1.0;0;0;1.0;0;0;1.0;1.0;0;0;0;0;0
869164;1.41;0.88;13.0;1270.0;31.5;81.75;12.75;0;9.80;14.48;205.55;218.85;2.31;153016.0;14.0;14.0;27.0;4507.0;1010.05;624.99;3.0;1.0;0;1.0;0;0;1.0;0;0;1.0;0;0;1.0;1.0;0;0;0;0;0
869691;1.40;0.89;11.0;1286.0;31.5;81.75;12.0;0;9.70;14.48;253.16;219.43;2.31;153016.0;12.0;12.0;27.0;4513.0;1010.05;58.59;3.0;1.0;0;1.0;0;0;1.0;0;0;1.0;0;0;1.0;1.0;0;0;0;0;0
870214;1.30;0.90;11.0;1306.0;31.5;81.75;11.25;0;9.49;14.48;279.18;253.26;2.31;153016.0;11.0;11.0;27.0;4505.0;1010.05;39.06;3.0;1.0;0;1.0;0;0;1.0;0;0;1.0;0;0;1.0;1.0;0;0;0;0;0
870736;1.51;0.92;11.0;1253.0;31.5;81.75;13.5;0;9.98;14.39;299.18;280.11;2.31;153016.0;11.0;11.0;27.0;4510.0;1010.05;273.43;3.0;1.0;0;1.0;0;0;1.0;0;0;1.0;0;0;1.0;1.0;0;0;0;0;0
871259;1.28;0.94;11.0;1371.0;31.5;81.75;12.0;0;9.67;14.48;276.93;296.32;2.31;153016.0;11.0;11.0;26.0;4516.0;1010.05;624.99;3.0;1.0;0;1.0;0;0;1.0;0;0;1.0;0;0;1.0;1.0;0;0;0;0;0
871808;1.27;0.92;11.0;1341.0;31.5;81.75;12.0;0;9.54;14.48;308.82;299.64;2.31;153016.0;11.0;11.0;26.0;4512.0;1010.05;820.30;2.0;1.0;0;1.0;0;0;1.0;0;0;1.0;0;0;1.0;1.0;0;0;0;0;0
872323;1.33;0.90;11.0;1262.0;31.5;81.75;13.5;0;9.80;14.29;280.88;311.17;2.58;153016.0;11.0;11.0;27.0;4503.0;1010.05;703.11;2.0;1.0;0;1.0;0;0;1.0;0;0;1.0;0;0;1.0;1.0;0;0;0;0;0
872894;1.51;0.91;11.0;1220.0;31.5;81.75;17.25;0;10.39;14.39;280.48;285.84;2.31;153016.0;11.0;11.0;27.0;4514.0;1010.05;58.59;2.0;1.0;0;1.0;0;0;1.0;0;0;1.0;0;0;1.0;1.0;0;0;0;0;0
873418;1.48;0.92;11.0;1290.0;31.5;81.75;12.0;0;9.70;14.39;284.57;232.54;2.31;153016.0;11.0;11.0;27.0;4501.0;1010.05;78.12;2.0;1.0;0;1.0;0;0;1.0;0;0;1.0;0;0;1.0;1.0;0;0;0;0;0
873944;1.36;0.94;11.0;1276.0;31.5;82.5;12.0;0;9.68;14.39;303.47;261.40;2.31;153016.0;11.0;11.0;27.0;4524.0;1010.05;117.18;2.0;1.0;0;1.0;0;0;1.0;0;0;1.0;0;0;1.0;1.0;0;0;0;0;0
874493;1.48;0.96;11.0;1260.0;31.5;82.5;12.0;0;9.72;14.39;320.29;289.94;2.31;153016.0;11.0;11.0;27.0;4520.0;1010.05;703.11;2.0;1.0;0;1.0;0;0;1.0;0;0;1.0;0;0;1.0;1.0;0;0;0;0;0
875065;1.36;0.93;11.0;1316.0;31.5;82.5;10.5;0;9.29;14.39;329.52;300.35;2.31;153016.0;11.0;11.0;26.0;4508.0;1010.05;800.77;2.0;1.0;0;1.0;0;0;1.0;0;0;1.0;0;0;1.0;1.0;0;0;0;0;0
875589;1.30;0.92;11.0;1325.0;31.5;82.5;12.0;0;9.62;14.39;336.24;314.25;2.31;153016.0;11.0;11.0;26.0;4509.0;1010.05;722.64;2.0;1.0;0;1.0;0;0;1.0;0;0;1.0;0;0;1.0;1.0;0;0;0;0;0
876100;1.32;0.91;10.0;1332.0;31.5;82.5;12.0;0;9.61;14.48;323.04;305.85;2.31;153016.0;11.0;11.0;26.0;4508.0;1010.05;97.65;2.0;1.0;0;1.0;0;0;1.0;0;0;1.0;0;0;1.0;1.0;0;0;0;0;0
876649;1.27;0.92;10.0;1346.0;31.5;82.5;11.25;0;9.34;14.48;330.99;311.38;2.31;153016.0;10.0;10.0;26.0;4511.0;1010.05;214.84;1.0;1.0;0;1.0;0;0;1.0;0;0;1.0;0;0;1.0;1.0;0;0;0;0;0
877208;1.26;0.92;10.0;1351.0;31.5;82.5;12.75;0;9.67;14.48;321.58;321.52;2.31;153016.0;10.0;10.0;26.0;4505.0;1010.05;58.59;1.0;1.0;0;1.0;0;0;1.0;0;0;1.0;0;0;1.0;1.0;0;0;0;0;0
877743;1.34;0.93;7.0;1271.0;31.5;82.5;12.0;0;9.58;14.39;265.60;291.79;2.31;153016.0;7.0;7.0;26.0;4501.0;1010.05;234.37;1.0;1.0;0;1.0;0;0;1.0;0;0;1.0;0;0;1.0;1.0;0;0;0;0;0
878265;1.44;0.95;6.0;1246.0;31.5;83.25;13.5;0;9.82;14.48;263.26;272.93;2.31;153016.0;6.0;6.0;26.0;4511.0;1010.05;351.55;1.0;1.0;0;1.0;0;0;1.0;0;0;1.0;0;0;1.0;1.0;0;0;0;0;0
878786;1.34;0.96;2.0;1285.0;31.5;83.25;9.75;0;9.09;14.48;241.62;302.05;2.31;153016.0;3.0;3.0;26.0;4508.0;1010.05;742.17;1.0;1.0;0;1.0;0;0;1.0;0;0;1.0;0;0;1.0;1.0;0;0;0;0;0
879309;1.48;0.95;0;1252.0;31.5;83.25;12.0;0;9.50;14.39;204.53;260.10;2.31;153016.0;0;0;25.0;4508.0;1010.05;820.30;1.0;1.0;0;1.0;0;0;1.0;0;0;1.0;0;0;1.0;1.0;0;0;0;0;0
879859;1.36;0.94;0;1254.0;31.5;83.25;12.0;0;9.45;14.39;157.13;199.83;2.31;153016.0;0;0;25.0;4502.0;1010.05;839.83;1.0;1.0;0;1.0;0;0;1.0;0;0;1.0;0;0;1.0;1.0;0;0;0;0;0
880369;1.32;0.92;0;1257.0;31.5;83.25;12.0;0;9.43;14.39;137.47;138.15;2.31;153016.0;0;0;25.0;4511.0;1010.05;781.24;1.0;1.0;0;1.0;0;0;1.0;0;0;1.0;0;0;1.0;1.0;0;0;0;0;0
880893;1.29;0.92;0;1296.0;31.5;83.25;9.0;0;8.83;14.48;105.59;106.14;2.31;153016.0;0;0;25.0;4503.0;1010.05;97.65;1.0;1.0;0;1.0;0;0;1.0;0;0;1.0;0;0;1.0;1.0;0;0;0;0;0
881430;1.52;0.93;0;1231.0;31.5;83.25;14.25;0;9.78;14.29;81.10;81.53;2.58;153016.0;0;0;25.0;4517.0;1010.05;117.18;1.0;1.0;0;1.0;0;0;1.0;0;0;1.0;0;0;1.0;1.0;0;0;0;0;0
881956;1.29;0.94;0;1244.0;31.5;83.25;12.75;0;9.54;14.48;63.41;69.52;2.31;153016.0;0;0;25.0;4512.0;1010.05;722.64;1.0;1.0;0;1.0;0;0;1.0;0;0;1.0;0;0;1.0;1.0;0;0;0;0;0
882472;1.27;0.92;0;1246.0;31.5;83.25;13.5;0;9.63;14.48;48.68;53.39;2.31;153016.0;0;0;26.0;4512.0;1010.05;58.59;1.0;1.0;0;1.0;0;0;1.0;0;0;1.0;0;0;1.0;1.0;0;0;0;0;0
883023;1.28;0.94;0;1292.0;31.5;84.0;9.75;0;8.97;14.39;53.12;60.03;2.31;153016.0;0;0;26.0;4507.0;1010.05;39.06;1.0;1.0;0;1.0;0;0;1.0;0;0;1.0;0;0;1.0;1.0;0;0;0;0;0
883545;1.34;0.96;0;1286.0;31.5;84.0;10.5;0;9.10;14.48;53.47;69.72;2.31;153016.0;0;0;25.0;4507.0;1010.05;39.06;1.0;1.0;0;1.0;0;0;1.0;0;0;1.0;0;0;1.0;1.0;0;0;0;0;0
884059;1.38;0.97;0;1210.0;31.5;84.0;15.75;0;9.95;14.48;42.73;50.77;2.31;153016.0;0;0;26.0;4508.0;1010.05;78.12;1.0;1.0;0;1.0;0;0;1.0;0;0;1.0;0;0;1.0;1.0;0;0;0;0;0
884582;1.52;0.99;0;1257.0;31.5;84.0;12.0;0;9.45;14.39;31.11;54.74;2.31;153016.0;0;0;26.0;4515.0;1010.05;429.68;1.0;1.0;0;1.0;0;0;1.0;0;0;1.0;0;0;1.0;1.0;0;0;0;0;0
885120;1.39;0.98;0;1230.0;31.5;84.0;13.5;0;9.67;14.39;23.86;42.02;2.31;153016.0;0;0;25.0;4510.0;1010.05;742.17;1.0;1.0;0;1.0;0;0;1.0;0;0;1.0;0;0;1.0;1.0;0;0;0;0;0
885644;1.32;0.97;0;1245.0;31.5;84.0;12.0;0;9.41;14.48;20.29;30.58;2.31;153016.0;0;0;25.0;4502.0;1010.05;214.84;1.0;1.0;0;1.0;0;0;1.0;0;0;1.0;0;0;1.0;1.0;0;0;0;0;0
886166;1.36;0.98;0;1224.0;31.5;84.0;13.5;0;9.58;14.48;13.98;24.58;2.31;153016.0;0;0;24.0;4515.0;1010.05;58.59;1.0;1.0;0;1.0;0;0;1.0;0;0;1.0;0;0;1.0;1.0;0;0;0;0;0
886703;1.50;0.99;0;1232.0;31.5;84.0;13.5;0;9.57;14.48;10.70;22.65;2.31;153016.0;0;0;24.0;4511.0;1010.05;58.59;1.0;1.0;0;1.0;0;0;1.0;0;0;1.0;0;0;1.0;1.0;0;0;0;0;0
887228;1.44;1.00;0;1213.0;31.5;84.0;15.0;0;9.72;14.48;8.18;17.36;2.31;153016.0;0;0;24.0;4506.0;1010.05;761.70;1.0;1.0;0;1.0;0;0;1.0;0;0;1.0;0;0;1.0;1.0;0;0;0;0;0
887746;1.40;0.99;0;1252.0;31.5;84.0;12.0;0;9.28;14.39;5.89;11.97;2.31;153016.0;0;0;25.0;4515.0;1010.05;800.77;1.0;1.0;0;1.0;0;0;1.0;0;0;1.0;0;0;1.0;1.0;0;0;0;0;0
888276;2.19;0.97;0;1223.0;31.5;84.0;12.0;0.78;11.11;14.29;4.49;11.50;2.58;153016.0;0;0;34.0;4517.0;1010.05;839.83;1.0;1.0;0;1.0;0;0;1.0;0;0;1.0;0;0;1.0;1.0;0;0;0;0;0
888824;1.24;0.95;0;1446.0;31.5;84.0;12.0;0;9.67;14.39;17.57;11.95;2.31;153016.0;0;0;26.0;4512.0;1010.05;878.89;1.0;1.0;0;1.0;0;0;1.0;0;0;1.0;0;0;1.0;1.0;0;0;0;0;0
889329;1.48;0.94;0;1273.0;31.5;84.75;11.25;0;9.32;14.48;18.67;11.03;2.31;153016.0;0;0;26.0;4484.0;1010.05;800.77;1.0;1.0;0;1.0;0;0;1.0;0;0;1.0;0;0;1.0;1.0;0;0;0;0;0
889877;1.64;0.92;0;1261.0;31.5;84.75;12.75;0.39;10.89;14.39;27.16;9.47;2.31;153016.0;0;0;32.0;4545.0;1010.05;898.42;1.0;1.0;0;1.0;0;0;1.0;0;0;1.0;0;0;1.0;1.0;0;0;0;0;0
890450;1.80;0.91;0;1454.0;31.5;84.75;12.75;1.56;12.16;14.39;34.88;26.97;2.31;153016.0;0;0;31.0;4562.0;1010.05;859.36;1.0;1.0;0;1.0;0;0;1.0;0;0;1.0;0;0;1.0;1.0;0;0;0;0;0
890991;1.97;0.89;0;1586.0;31.5;84.75;13.5;1.96;14.01;14.48;33.55;73.84;2.31;153016.0;0;0;31.0;4530.0;1010.05;839.83;1.0;1.0;0;1.0;0;0;1.0;0;0;1.0;0;0;1.0;1.0;0;0;0;0;0
891519;0.80;0.87;5.0;1692.0;31.5;84.75;10.5;0;9.53;14.58;116.28;140.55;2.31;153016.0;5.0;4.0;26.0;4504.0;1010.05;820.30;1.0;1.0;0;1.0;0;0;1.0;0;0;1.0;0;0;1.0;1.0;0;0;0;0;0
892054;1.36;0.98;5.0;1298.0;31.5;84.75;12.0;0;9.44;14.39;91.28;110.83;2.31;153016.0;5.0;4.0;26.0;4467.0;1010.05;820.30;1.0;1.0;0;1.0;0;0;1.0;0;0;1.0;0;0;1.0;1.0;0;0;0;0;0
892650;2.28;0.97;5.0;1582.0;31.5;84.75;13.5;2.35;14.04;14.39;70.11;93.70;2.31;153016.0;5.0;5.0;31.0;4561.0;1010.05;878.89;1.0;1.0;0;1.0;0;0;1.0;0;0;1.0;0;0;1.0;1.0;0;0;0;0;0
893169;3.04;0.95;8.0;1439.0;31.5;84.75;12.0;3.92;19.58;14.48;132.58;154.09;2.31;153016.0;9.0;9.0;32.0;4509.0;1010.05;859.36;1.0;1.0;0;1.0;0;0;1.0;0;0;1.0;0;0;1.0;1.0;0;0;0;0;0
893693;4.44;1.00;13.0;1723.0;31.5;84.75;11.25;9.41;31.31;14.48;112.19;122.12;2.31;153016.0;14.0;14.0;31.0;4492.0;1010.05;859.36;1.0;1.0;0;1.0;0;0;1.0;0;0;1.0;0;0;1.0;1.0;0;0;0;0;0
894266;4.08;0.98;20.0;2292.0;31.5;84.75;18.75;12.15;30.15;14.39;104.40;125.59;2.31;153016.0;20.0;20.0;31.0;4383.0;1010.05;878.89;1.0;1.0;0;1.0;0;0;1.0;0;0;1.0;0;0;1.0;1.0;0;0;0;0;0
894804;3.64;0.93;26.0;2986.0;31.5;84.75;28.5;13.33;28.75;14.39;170.41;104.97;2.31;153016.0;26.0;27.0;31.0;4511.0;1010.05;781.24;1.0;1.0;0;1.0;0;0;1.0;0;0;1.0;0;0;1.0;1.0;0;0;0;0;0
895388;0.30;0.91;32.0;3655.0;31.5;84.75;41.25;4.70;27.04;14.48;223.79;155.36;2.31;153016.0;32.0;33.0;31.0;4604.0;1010.13;136.71;1.0;1.0;0;1.0;0;0;1.0;0;0;1.0;0;0;1.0;1.0;0;0;0;0;0
896031;4.87;1.00;36.0;2834.0;31.5;84.75;24.0;18.04;32.77;14.48;166.16;150.00;2.31;153016.0;36.0;37.0;31.0;4200.0;1010.09;859.36;2.0;1.0;0;1.0;0;0;1.0;0;0;1.0;0;0;1.0;1.0;0;0;0;0;0
896547;4.17;0.93;43.0;3380.0;31.5;84.75;25.5;19.61;32.82;14.39;190.63;173.01;2.31;153016.0;42.0;43.0;31.0;4376.0;1010.09;781.24;2.0;1.0;0;1.0;0;0;1.0;0;0;1.0;0;0;1.0;1.0;0;0;0;0;0
897095;5.49;1.00;50.0;3725.0;31.5;84.75;24.0;23.53;36.97;14.39;246.70;247.48;2.31;153016.0;47.0;50.0;31.0;4533.0;1010.09;859.36;2.0;1.0;0;1.0;0;0;1.0;0;0;1.0;0;0;1.0;1.0;0;0;0;0;0
897660;4.85;1.00;51.0;3158.0;31.5;84.75;24.0;20.78;34.09;14.39;303.63;300.15;2.31;153016.0;50.0;52.0;31.0;4460.0;1010.16;820.30;3.0;1.0;0;1.0;0;0;1.0;0;0;1.0;0;0;1.0;1.0;0;0;0;0;0
898198;5.88;1.00;56.0;3411.0;31.5;84.75;15.0;28.23;39.65;14.39;331.79;330.52;2.31;153016.0;55.0;57.0;31.0;4542.0;1010.13;820.30;3.0;1.0;0;1.0;0;0;1.0;0;0;1.0;0;0;1.0;1.0;0;0;0;0;0
898721;5.59;0.93;62.0;3793.0;31.5;84.0;17.25;30.59;42.02;14.39;342.06;338.10;2.31;153016.0;60.0;62.0;32.0;4596.0;1010.13;722.64;3.0;1.0;0;1.0;0;0;1.0;0;0;1.0;0;0;1.0;1.0;0;0;0;0;0
899231;4.81;0.97;66.0;4107.0;31.5;84.0;22.5;25.10;39.24;14.39;136.76;117.78;2.31;153016.0;64.0;67.0;32.0;4631.0;1010.16;820.30;3.0;1.0;0;1.0;0;0;1.0;0;0;1.0;0;0;1.0;1.0;0;0;0;0;0
899823;0.15;1.00;67.0;4230.0;31.5;84.0;42.0;0;4.17;14.48;52.90;48.00;2.31;153016.0;67.0;68.0;32.0;4347.0;1010.13;878.89;3.0;1.0;0;1.0;0;0;1.0;0;0;0;0;0;1.0;1.0;0;0;0;0;0
900346;3.34;0.95;71.0;3695.0;31.5;84.0;33.75;13.72;26.02;14.48;20.40;17.51;2.31;153016.0;69.0;71.0;32.0;4447.0;1010.20;839.83;4.0;1.0;0;1.0;0;0;1.0;0;0;0;0;0;1.0;1.0;0;0;0;0;0
900877;2.4;0.88;72.0;3733.0;31.5;84.0;39.0;9.02;21.56;14.48;8.67;8.96;2.31;153016.0;71.0;72.0;32.0;4485.0;1010.16;820.30;4.0;1.0;0;1.0;0;0;1.0;0;0;0;0;0;0;1.0;0;0;0;0;0
901409;2.04;0.82;72.0;3814.0;31.5;84.0;41.25;7.45;18.99;14.48;4.66;3.74;2.31;153016.0;71.0;73.0;32.0;4495.0;1010.13;761.70;4.0;1.0;0;1.0;0;0;1.0;0;0;0;0;0;1.0;1.0;0;0;0;0;0
901945;2.00;0.99;72.0;3846.0;31.5;84.0;42.75;5.49;15.64;14.48;2.85;1.26;2.31;153016.0;72.0;73.0;32.0;4505.0;1010.13;878.89;4.0;1.0;0;1.0;0;0;1.0;0;0;0;0;0;1.0;1.0;0;0;0;0;0
902469;1.50;0.96;71.0;3777.0;31.5;84.0;42.75;4.31;11.65;14.48;2.98;0.42;2.31;153016.0;72.0;72.0;32.0;4507.0;1010.13;878.89;4.0;1.0;0;1.0;0;0;1.0;0;0;0;0;0;1.0;1.0;0;0;0;0;0
903005;1.24;0.94;71.0;3725.0;31.5;84.0;42.75;3.52;9.93;14.48;1.19;0.11;2.31;153016.0;71.0;72.0;32.0;4529.0;1010.09;878.89;4.0;1.0;0;1.0;0;0;1.0;0;0;0;0;0;1.0;1.0;0;0;0;0;0
903530;1.04;0.93;70.0;3611.0;31.5;84.0;41.25;2.35;8.10;14.48;5.85;0;2.31;153016.0;70.0;70.0;32.0;4515.0;1010.09;878.89;4.0;1.0;0;1.0;0;0;1.0;0;0;0;0;0;1.0;1.0;0;0;0;0;0
904069;0.92;0.91;68.0;3573.0;31.5;84.0;40.5;1.96;7.28;14.48;3.10;0;2.31;153016.0;68.0;69.0;32.0;4517.0;1010.09;878.89;4.0;1.0;0;1.0;0;0;1.0;0;0;0;0;0;1.0;1.0;0;0;0;0;0
904589;0.60;1.00;67.0;3483.0;31.5;84.0;-30.0;0;0;14.48;5.93;0;2.31;153016.0;67.0;67.0;32.0;4569.0;1010.09;800.77;4.0;1.0;0;1.0;0;0;1.0;0;0;0;0;0;1.0;1.0;0;0;0;0;0
905115;0.61;1.00;65.0;3348.0;31.5;84.0;-30.0;0;0;14.48;2.73;1.75;2.31;153016.0;65.0;65.0;32.0;4606.0;1010.09;0;4.0;1.0;0;1.0;0;0;1.0;0;0;0;0;0;1.0;1.0;0;0;0;0;0
905632;0.62;1.00;63.0;3284.0;31.5;84.0;-30.0;0;0;14.48;2.16;2.26;2.31;153016.0;63.0;63.0;32.0;4604.0;1010.09;0;4.0;1.0;0;1.0;0;0;1.0;0;0;0;0;0;1.0;1.0;0;0;0;0;0
906180;0.61;1.00;61.0;3229.0;31.5;84.0;-30.0;0;0;14.48;0.99;2.38;2.31;153016.0;61.0;61.0;32.0;4588.0;1010.09;0;4.0;1.0;0;1.0;0;0;1.0;0;0;0;0;0;1.0;1.0;0;0;0;0;0
906704;0.65;1.00;58.0;3059.0;31.5;84.0;-30.0;0;0;14.58;0.39;1.11;2.31;153016.0;59.0;59.0;32.0;4586.0;1010.09;0;4.0;1.0;0;1.0;0;0;1.0;0;0;0;0;0;1.0;1.0;0;0;0;0;0
907217;0.67;1.00;57.0;2989.0;31.5;84.0;-30.0;0;0;14.48;0.11;0.50;2.31;153016.0;57.0;57.0;32.0;4592.0;1010.09;0;4.0;1.0;0;1.0;0;0;1.0;0;0;1.0;0;0;1.0;1.0;0;0;0;0;0
907766;0.70;1.00;55.0;2823.0;31.5;84.0;-30.0;0;0;14.29;2.20;0.13;2.58;153016.0;55.0;55.0;32.0;4602.0;1010.09;0;4.0;1.0;0;1.0;0;0;1.0;0;0;1.0;0;0;1.0;1.0;0;0;0;0;0
908284;0.72;1.00;52.0;2707.0;31.5;84.0;-30.0;0;0;14.48;1.07;0;2.31;153016.0;53.0;53.0;32.0;4620.0;1010.09;0;4.0;1.0;0;1.0;0;0;1.0;0;0;1.0;0;0;1.0;1.0;0;0;0;0;0
908809;0.74;1.00;50.0;2564.0;31.5;84.0;-30.0;0;0;14.39;2.75;0;2.31;153016.0;49.0;50.0;32.0;4588.0;1010.09;0;4.0;1.0;0;1.0;0;0;1.0;0;0;1.0;0;0;1.0;1.0;0;0;0;0;0
909334;0.90;1.00;47.0;2454.0;31.5;84.0;11.25;0;9.48;14.39;25.01;6.89;2.31;153016.0;47.0;47.0;31.0;4214.0;1010.09;19.53;4.0;1.0;0;1.0;0;0;1.0;0;0;1.0;0;0;1.0;1.0;0;0;0;0;0
909867;0.87;1.00;45.0;2358.0;31.5;84.0;13.5;0;9.50;14.48;58.49;47.43;2.31;153016.0;45.0;46.0;25.0;4321.0;1010.09;39.06;4.0;1.0;0;1.0;0;0;1.0;0;0;1.0;0;0;1.0;1.0;0;0;0;0;0
910391;0.88;1.00;43.0;2204.0;31.5;84.0;13.5;0;9.47;14.48;39.47;29.47;2.31;153016.0;43.0;43.0;25.0;4476.0;1010.09;39.06;4.0;1.0;0;1.0;0;0;1.0;0;0;1.0;0;0;1.0;1.0;0;0;0;0;0
910930;0.90;1.00;40.0;2113.0;31.5;84.0;12.75;0;9.59;14.48;23.24;19.82;2.31;153016.0;40.0;40.0;25.0;4524.0;1010.09;19.53;4.0;1.0;0;1.0;0;0;1.0;0;0;1.0;0;0;0;1.0;0;0;0;0;0
911454;1.00;1.00;36.0;1887.0;31.5;83.25;12.0;0;9.62;14.48;17.67;13.72;2.31;153016.0;36.0;36.0;26.0;4516.0;1010.09;39.06;4.0;1.0;0;1.0;0;0;1.0;0;0;1.0;0;0;1.0;1.0;0;0;0;0;0
912030;1.14;1.00;31.0;1676.0;31.5;83.25;11.25;0;9.53;14.48;25.05;13.24;2.31;153016.0;31.0;31.0;25.0;4513.0;1010.09;58.59;4.0;1.0;0;1.0;0;0;1.0;0;0;1.0;0;0;1.0;1.0;0;0;0;0;0
912554;1.26;1.01;26.0;1503.0;31.5;83.25;12.75;0;9.62;14.39;23.61;10.44;2.31;153016.0;26.0;27.0;26.0;4481.0;1010.09;878.89;4.0;1.0;0;1.0;0;0;1.0;0;0;1.0;0;0;1.0;1.0;0;0;0;0;0
913077;1.42;0.99;22.0;1326.0;31.5;83.25;11.25;0;9.38;14.39;18.10;43.23;2.31;153016.0;23.0;22.0;26.0;4486.0;1010.09;878.89;4.0;1.0;0;1.0;0;0;1.0;0;0;1.0;0;0;1.0;1.0;0;0;0;0;0
913615;1.34;0.98;20.0;1282.0;31.5;83.25;11.25;0;9.32;14.29;17.16;52.49;2.58;153016.0;20.0;20.0;26.0;4499.0;1010.09;820.30;4.0;1.0;0;1.0;0;0;1.0;0;0;1.0;0;0;1.0;1.0;0;0;0;0;0
914173;1.40;0.96;17.0;1264.0;31.5;83.25;12.0;0;9.55;14.39;18.47;104.66;2.31;153016.0;17.0;17.0;26.0;4510.0;1010.09;742.17;4.0;1.0;0;1.0;0;0;1.0;0;0;1.0;0;0;1.0;1.0;0;0;0;0;0
914710;1.42;0.96;12.0;1231.0;31.5;83.25;14.25;0;9.92;14.39;65.05;165.04;2.31;153016.0;12.0;12.0;26.0;4507.0;1010.09;78.12;4.0;1.0;0;1.0;0;0;1.0;0;0;1.0;0;0;1.0;1.0;0;0;0;0;0
915235;1.35;0.97;11.0;1249.0;31.5;83.25;12.75;0;9.70;14.39;157.66;194.88;2.31;153016.0;11.0;11.0;26.0;4523.0;1010.09;58.59;4.0;1.0;0;1.0;0;0;1.0;0;0;1.0;0;0;1.0;1.0;0;0;0;0;0
915754;1.35;0.99;10.0;1308.0;31.5;83.25;10.5;0;9.21;14.39;154.13;185.18;2.31;153016.0;10.0;10.0;26.0;4526.0;1010.09;58.59;4.0;1.0;0;1.0;0;0;1.0;0;0;1.0;0;0;1.0;1.0;0;0;0;0;0
916305;1.44;1.00;10.0;1247.0;31.5;83.25;12.75;0;9.65;14.29;166.49;186.45;2.58;153016.0;10.0;10.0;26.0;4514.0;1010.09;742.17;3.0;1.0;0;1.0;0;0;1.0;0;0;1.0;0;0;1.0;1.0;0;0;0;0;0
916902;3.72;1.00;10.0;1188.0;31.5;83.25;3.75;2.35;14.46;14.29;142.92;155.88;2.58;153016.0;10.0;10.0;37.0;4574.0;1010.09;898.42;2.0;1.0;0;1.0;0;0;1.0;0;0;1.0;0;0;1.0;1.0;0;0;0;0;0
917426;3.16;0.99;11.0;2017.0;31.5;83.25;12.0;5.88;19.86;14.48;94.89;91.98;2.31;153016.0;12.0;12.0;32.0;4548.0;1010.09;898.42;2.0;1.0;0;1.0;0;0;1.0;0;0;1.0;0;0;1.0;1.0;0;0;0;0;0
917949;3.17;0.96;15.0;1958.0;31.5;83.25;17.25;6.27;21.91;14.39;62.20;60.28;2.31;153016.0;14.0;15.0;32.0;4523.0;1010.09;878.89;2.0;1.0;0;1.0;0;0;1.0;0;0;1.0;0;0;1.0;1.0;0;0;0;0;0
918525;0.59;1.00;16.0;2270.0;31.5;83.25;13.5;0;9.75;14.29;40.99;42.80;2.58;153016.0;17.0;17.0;26.0;4532.0;1010.09;800.77;2.0;1.0;0;1.0;0;0;1.0;0;0;1.0;0;0;1.0;1.0;0;0;0;0;0
919051;1.92;1.01;16.0;1388.0;31.5;83.25;12.75;1.17;11.33;14.39;26.83;36.18;2.31;153016.0;17.0;17.0;33.0;4513.0;1010.09;78.12;2.0;1.0;0;1.0;0;0;1.0;0;0;1.0;0;0;1.0;1.0;0;0;0;0;0
919573;2.10;1.00;17.0;1466.0;31.5;83.25;12.75;1.56;13.02;14.48;19.51;29.93;2.31;153016.0;17.0;17.0;32.0;4535.0;1010.09;878.89;2.0;1.0;0;1.0;0;0;1.0;0;0;1.0;0;0;1.0;1.0;0;0;0;0;0
920107;2.38;0.99;18.0;1493.0;31.5;83.25;12.75;2.35;14.98;14.48;14.15;21.77;2.31;153016.0;18.0;19.0;32.0;4524.0;1010.09;878.89;2.0;1.0;0;1.0;0;0;1.0;0;0;1.0;0;0;1.0;1.0;0;0;0;0;0
920634;3.08;0.99;20.0;1848.0;31.5;83.25;15.0;4.31;20.08;14.39;10.93;14.21;2.31;153016.0;20.0;21.0;32.0;4498.0;1010.09;898.42;2.0;1.0;0;1.0;0;0;1.0;0;0;1.0;0;0;1.0;1.0;0;0;0;0;0
921170;1.33;0.99;20.0;1405.0;31.5;84.0;12.0;0;9.65;14.39;16.85;60.67;2.31;153016.0;21.0;20.0;26.0;4480.0;1010.09;664.05;2.0;1.0;0;1.0;0;0;1.0;0;0;1.0;0;0;1.0;1.0;0;0;0;0;0
921694;1.2;0.97;20.0;1466.0;31.5;84.0;12.0;0;9.52;14.29;98.74;106.73;2.58;153016.0;20.0;20.0;25.0;4499.0;1010.09;839.83;2.0;1.0;0;1.0;0;0;1.0;0;0;1.0;0;0;1.0;1.0;0;0;0;0;0
922270;2.08;0.96;18.0;1739.0;31.5;84.0;8.25;2.35;12.13;14.39;78.94;77.74;2.31;153016.0;19.0;19.0;32.0;4545.0;1010.09;839.83;2.0;1.0;0;1.0;0;0;1.0;0;0;1.0;0;0;1.0;1.0;0;0;0;0;0
922854;2.4;0.94;21.0;1641.0;31.5;84.0;12.75;2.74;16.04;14.48;51.73;50.95;2.31;153016.0;21.0;21.0;32.0;4529.0;1010.09;859.36;2.0;1.0;0;1.0;0;0;1.0;0;0;1.0;0;0;1.0;1.0;0;0;0;0;0
923376;1.21;0.99;21.0;1480.0;31.5;84.0;12.0;0;9.68;14.48;34.25;34.00;2.31;153016.0;21.0;22.0;26.0;4466.0;1010.09;839.83;2.0;1.0;0;1.0;0;0;1.0;0;0;1.0;0;0;1.0;1.0;0;0;0;0;0
923889;1.55;0.98;21.0;1752.0;31.5;84.0;13.5;1.17;9.90;14.39;24.93;24.72;2.31;153016.0;21.0;21.0;32.0;4527.0;1010.09;839.83;2.0;1.0;0;1.0;0;0;1.0;0;0;1.0;0;0;1.0;1.0;0;0;0;0;0
924470;1.95;0.96;21.0;1627.0;31.5;84.0;13.5;1.56;12.66;14.39;17.20;16.17;2.31;153016.0;21.0;20.0;32.0;4523.0;1010.09;839.83;2.0;1.0;0;1.0;0;0;1.0;0;0;1.0;0;0;1.0;1.0;0;0;0;0;0
925033;2.68;0.99;22.0;1732.0;31.5;84.0;13.5;3.52;16.75;14.29;11.22;10.52;2.58;153016.0;22.0;22.0;32.0;4514.0;1010.09;859.36;2.0;1.0;0;1.0;0;0;1.0;0;0;1.0;0;0;1.0;1.0;0;0;0;0;0
925579;1.15;1.00;22.0;1602.0;31.5;84.0;12.0;0;9.68;14.29;6.91;13.37;2.58;153016.0;23.0;23.0;26.0;4460.0;1010.09;839.83;2.0;1.0;0;1.0;0;0;1.0;0;0;1.0;0;0;1.0;1.0;0;0;0;0;0
926105;1.47;0.98;22.0;1553.0;31.5;84.0;12.75;0.39;10.34;14.48;10.87;9.70;2.31;153016.0;22.0;22.0;32.0;4545.0;1010.09;820.30;2.0;1.0;0;1.0;0;0;1.0;0;0;1.0;0;0;1.0;1.0;0;0;0;0;0
926629;1.58;0.96;21.0;1828.0;31.5;84.0;15.0;1.17;10.36;14.48;6.69;7.98;2.31;153016.0;22.0;22.0;32.0;4526.0;1010.09;839.83;2.0;1.0;0;1.0;0;0;1.0;0;0;1.0;0;0;1.0;1.0;0;0;0;0;0
927164;1.85;0.95;22.0;1695.0;31.5;84.0;13.5;1.96;12.25;14.29;4.58;5.19;2.58;153016.0;22.0;22.0;32.0;4520.0;1010.09;839.83;2.0;1.0;0;1.0;0;0;1.0;0;0;1.0;0;0;1.0;1.0;0;0;0;0;0
927699;2.23;0.93;22.0;1814.0;31.5;84.0;15.0;2.74;14.52;14.39;5.11;5.35;2.31;153016.0;23.0;23.0;32.0;4510.0;1010.09;839.83;2.0;1.0;0;1.0;0;0;1.0;0;0;1.0;0;0;1.0;1.0;0;0;0;0;0
928222;2.22;0.91;23.0;1922.0;31.5;84.0;16.5;3.52;16.02;14.48;4.84;5.37;2.31;153016.0;24.0;24.0;32.0;4517.0;1010.09;820.30;2.0;1.0;0;1.0;0;0;1.0;0;0;1.0;0;0;1.0;1.0;0;0;0;0;0
928757;2.12;0.90;26.0;2004.0;31.5;84.0;18.0;3.52;15.91;14.48;3.10;3.45;2.31;153016.0;26.0;26.0;32.0;4495.0;1010.09;800.77;2.0;1.0;0;1.0;0;0;1.0;0;0;1.0;0;0;1.0;1.0;0;0;0;0;0
929281;2.28;0.88;28.0;2202.0;31.5;84.0;19.5;4.31;17.60;14.48;1.85;2.07;2.31;153016.0;29.0;29.0;32.0;4483.0;1010.09;800.77;2.0;1.0;0;1.0;0;0;1.0;0;0;1.0;0;0;1.0;1.0;0;0;0;0;0
929814;2.67;0.85;28.0;2337.0;31.5;84.75;22.5;6.66;22.14;14.39;7.98;3.24;2.31;153016.0;29.0;29.0;31.0;4434.0;1010.09;800.77;2.0;1.0;0;1.0;0;0;1.0;0;0;1.0;0;0;1.0;1.0;0;0;0;0;0
930382;2.63;0.82;32.0;2528.0;31.5;84.75;25.5;8.23;23.81;14.29;153.29;19.49;2.58;153016.0;32.0;32.0;31.0;4466.0;1010.09;136.71;2.0;1.0;0;1.0;0;0;1.0;0;0;1.0;0;0;1.0;1.0;0;0;0;0;0
930907;2.18;0.85;35.0;2686.0;31.5;84.75;29.25;5.88;19.24;14.39;175.57;55.77;2.31;153016.0;35.0;35.0;31.0;4539.0;1010.09;781.24;2.0;1.0;0;1.0;0;0;1.0;0;0;1.0;0;0;1.0;1.0;0;0;0;0;0
931442;0.73;1.00;35.0;2620.0;31.5;84.75;12.75;0;9.50;14.48;133.58;82.45;2.31;153016.0;35.0;36.0;31.0;4557.0;1010.09;839.83;2.0;1.0;0;1.0;0;0;1.0;0;0;1.0;0;0;1.0;1.0;0;0;0;0;0
932015;0.80;1.00;33.0;2649.0;31.5;84.75;12.0;0;9.43;14.39;214.47;187.09;2.31;153016.0;34.0;34.0;31.0;4528.0;1010.09;19.53;2.0;1.0;0;1.0;0;0;1.0;0;0;1.0;0;0;1.0;1.0;0;0;0;0;0
932540;0.81;1.00;31.0;2447.0;31.5;84.75;13.5;0;9.40;14.39;252.52;218.34;2.31;153016.0;31.0;31.0;27.0;4506.0;1010.09;0;2.0;1.0;0;1.0;0;0;1.0;0;0;1.0;0;0;1.0;1.0;0;0;0;0;0
933125;2.88;1.00;30.0;2439.0;31.5;84.75;-3.0;6.27;11.08;14.39;281.83;175.22;2.31;153016.0;30.0;31.0;31.0;4456.0;1010.09;878.89;2.0;1.0;0;1.0;0;0;1.0;0;0;1.0;0;0;1.0;1.0;0;0;0;0;0
933654;2.85;0.97;31.0;2497.0;31.5;84.75;11.25;6.66;18.15;14.48;319.58;165.65;2.31;153016.0;32.0;32.0;31.0;4486.0;1010.09;859.36;2.0;1.0;0;1.0;0;0;1.0;0;0;1.0;0;0;1.0;1.0;0;0;0;0;0
934222;2.61;0.93;33.0;2683.0;31.5;84.75;25.5;6.66;20.44;14.39;328.90;185.00;2.31;153016.0;34.0;34.0;31.0;4518.0;1010.09;859.36;2.0;1.0;0;1.0;0;0;1.0;0;0;1.0;0;0;1.0;1.0;0;0;0;0;0
934745;2.32;0.90;36.0;2870.0;31.5;84.75;31.5;6.27;19.41;14.39;321.79;238.12;2.31;153016.0;36.0;36.0;31.0;4542.0;1010.09;839.83;2.0;1.0;0;1.0;0;0;1.0;0;0;1.0;0;0;1.0;1.0;0;0;0;0;0
935282;3.54;1.00;38.0;3050.0;31.5;84.75;31.5;11.37;26.31;14.39;322.08;251.33;2.31;153016.0;38.0;39.0;31.0;4518.0;1010.09;859.36;2.0;1.0;0;1.0;0;0;1.0;0;0;1.0;0;0;1.0;1.0;0;0;0;0;0
935805;2.41;1.00;41.0;3242.0;31.5;84.75;37.5;6.27;19.01;14.39;254.61;240.84;2.31;153016.0;41.0;42.0;31.0;4515.0;1010.09;878.89;2.0;1.0;0;1.0;0;0;1.0;0;0;1.0;0;0;1.0;1.0;0;0;0;0;0
936321;2.36;0.95;42.0;3359.0;31.5;84.75;39.0;6.27;18.91;14.39;237.58;198.63;2.31;153016.0;43.0;43.0;31.0;4513.0;1010.09;859.36;2.0;1.0;0;1.0;0;0;1.0;0;0;1.0;0;0;1.0;1.0;0;0;0;0;0
936871;2.21;0.91;45.0;3422.0;31.5;84.75;39.75;6.27;18.51;14.39;219.24;201.99;2.31;153016.0;44.0;45.0;31.0;4512.0;1010.09;859.36;2.0;1.0;0;1.0;0;0;1.0;0;0;1.0;0;0;1.0;1.0;0;0;0;0;0
937467;0;1.00;46.0;3709.0;31.5;84.75;41.25;0;5.83;14.39;175.16;176.43;2.31;153016.0;46.0;46.0;31.0;4615.0;1010.09;683.58;2.0;1.0;0;1.0;0;0;1.0;0;0;1.0;0;0;1.0;1.0;0;0;0;0;0
937997;4.24;1.00;48.0;2936.0;31.5;84.75;27.0;14.51;29.53;14.39;208.65;253.12;2.31;153016.0;47.0;49.0;31.0;4211.0;1010.09;820.30;3.0;1.0;0;1.0;0;0;1.0;0;0;1.0;0;0;1.0;1.0;0;0;0;0;0
938530;3.14;0.97;51.0;3098.0;31.5;84.75;33.0;9.02;23.94;14.39;253.40;288.14;2.31;153016.0;50.0;51.0;31.0;4318.0;1010.09;839.83;3.0;1.0;0;1.0;0;0;1.0;0;0;1.0;0;0;1.0;1.0;0;0;0;0;0
939065;2.84;0.92;52.0;3233.0;31.5;84.75;34.5;8.62;23.33;14.39;269.94;302.63;2.31;153016.0;52.0;53.0;31.0;4439.0;1010.09;839.83;3.0;1.0;0;1.0;0;0;1.0;0;0;1.0;0;0;1.0;1.0;0;0;0;0;0
939622;6.25;1.00;56.0;3407.0;31.5;84.75;17.25;25.49;37.89;14.39;316.62;321.60;2.31;153016.0;55.0;56.0;31.0;4502.0;1010.09;839.83;3.0;1.0;0;1.0;0;0;1.0;0;0;1.0;0;0;1.0;1.0;0;0;0;0;0
940158;5.82;0.97;62.0;3869.0;31.5;84.75;17.25;29.80;41.70;14.39;343.23;340.03;2.31;153016.0;60.0;62.0;31.0;4618.0;1010.09;781.24;3.0;1.0;0;1.0;0;0;1.0;0;0;1.0;0;0;1.0;1.0;0;0;0;0;0
940728;5.62;0.96;66.0;4125.0;31.5;84.75;19.5;29.80;42.14;14.39;344.07;338.94;2.31;153016.0;65.0;67.0;31.0;4642.0;1010.09;644.52;3.0;1.0;0;1.0;0;0;1.0;0;0;0;0;0;1.0;1.0;0;0;0;0;0
941264;3.53;1.00;68.0;3694.0;31.5;84.75;33.75;14.11;26.27;14.39;342.55;243.05;2.31;153016.0;68.0;69.0;31.0;4383.0;1010.16;820.30;4.0;1.0;0;1.0;0;0;1.0;0;0;0;0;0;0;1.0;0;0;0;0;0
941781;2.26;0.97;70.0;3659.0;31.5;84.75;40.5;7.05;18.93;14.29;331.36;229.24;2.58;153016.0;69.0;70.0;31.0;4448.0;1010.16;859.36;4.0;1.0;0;1.0;0;0;1.0;0;0;0;0;0;1.0;1.0;0;0;0;0;0
942302;0.90;1.00;68.0;3574.0;31.5;84.75;39.0;1.96;6.97;14.48;326.50;210.55;2.31;153016.0;69.0;68.0;31.0;4508.0;1010.13;859.36;4.0;1.0;0;1.0;0;0;1.0;0;0;0;0;0;1.0;1.0;0;0;0;0;0
942869;0.59;1.00;66.0;3424.0;31.5;84.75;-30.0;0;0;14.48;337.43;196.19;2.31;153016.0;66.0;65.0;31.0;4551.0;1010.13;78.12;4.0;1.0;0;1.0;0;0;1.0;0;0;0;0;0;1.0;1.0;0;0;0;0;0
943394;0.61;1.00;62.0;3250.0;31.5;84.75;-30.0;0;0;14.48;347.16;230.82;2.31;153016.0;63.0;63.0;31.0;4557.0;1010.09;0;4.0;1.0;0;1.0;0;0;1.0;0;0;0;0;0;1.0;1.0;0;0;0;0;0
943965;0.67;1.00;60.0;3066.0;31.5;84.75;-30.0;0;0;14.48;352.57;302.91;2.31;153016.0;59.0;60.0;31.0;4548.0;1010.09;0;4.0;1.0;0;1.0;0;0;1.0;0;0;0;0;0;1.0;1.0;0;0;0;0;0
944490;0.70;1.00;55.0;2896.0;31.5;84.75;-30.0;0;0;14.48;350.54;332.20;2.31;153016.0;55.0;55.0;31.0;4565.0;1010.09;0;4.0;1.0;0;1.0;0;0;1.0;0;0;1.0;0;0;1.0;1.0;0;0;0;0;0
945074;0.74;1.00;51.0;2657.0;31.5;84.75;-30.0;0;0;14.48;356.24;340.46;2.31;153016.0;51.0;51.0;31.0;4584.0;1010.09;0;4.0;1.0;0;1.0;0;0;1.0;0;0;1.0;0;0;1.0;1.0;0;0;0;0;0
945594;0.88;1.00;46.0;2447.0;31.5;84.75;14.25;0;9.39;14.39;337.75;345.40;2.31;153016.0;46.0;46.0;27.0;4222.0;1010.09;0;4.0;1.0;0;1.0;0;0;1.0;0;0;1.0;0;0;1.0;1.0;0;0;0;0;0
946117;0.94;1.00;41.0;2180.0;31.5;84.75;12.0;0;9.38;14.39;218.26;204.20;2.31;153016.0;41.0;41.0;24.0;4355.0;1010.09;19.53;4.0;1.0;0;1.0;0;0;1.0;0;0;1.0;0;0;1.0;1.0;0;0;0;0;0
946652;0.93;1.00;37.0;2023.0;31.5;84.75;12.75;0;9.64;14.39;175.51;159.40;2.31;153016.0;38.0;38.0;27.0;4436.0;1010.09;859.36;4.0;1.0;0;1.0;0;0;1.0;0;0;1.0;0;0;1.0;1.0;0;0;0;0;0
947175;0.93;1.00;35.0;2119.0;31.5;84.75;12.75;0;9.57;14.39;171.35;138.31;2.31;153016.0;34.0;35.0;25.0;4485.0;1010.09;820.30;3.0;1.0;0;1.0;0;0;1.0;0;0;1.0;0;0;1.0;1.0;0;0;0;0;0
947734;1.07;1.00;28.0;1872.0;31.5;84.75;12.0;0;9.50;14.48;101.10;86.01;2.31;153016.0;29.0;29.0;25.0;4514.0;1010.09;19.53;3.0;1.0;0;1.0;0;0;1.0;0;0;1.0;0;0;1.0;1.0;0;0;0;0;0
948261;1.35;1.01;22.0;1406.0;31.5;84.75;12.0;0;9.39;14.48;69.87;59.44;2.31;153016.0;22.0;22.0;25.0;4499.0;1010.09;800.77;3.0;1.0;0;1.0;0;0;1.0;0;0;1.0;0;0;1.0;1.0;0;0;0;0;0
948785;1.48;1.00;13.0;1264.0;31.5;84.75;12.0;0;9.39;14.39;53.64;43.27;2.31;153016.0;14.0;14.0;25.0;4500.0;1010.09;859.36;3.0;1.0;0;1.0;0;0;1.0;0;0;1.0;0;0;1.0;1.0;0;0;0;0;0
949330;1.46;0.98;11.0;1270.0;31.5;84.75;11.25;0;9.17;14.39;37.04;33.61;2.31;153016.0;11.0;11.0;25.0;4488.0;1010.09;839.83;2.0;1.0;0;1.0;0;0;1.0;0;0;1.0;0;0;1.0;1.0;0;0;0;0;0
949905;1.36;0.97;10.0;1351.0;31.5;84.75;12.0;0;9.43;14.48;44.35;31.01;2.31;153016.0;10.0;11.0;25.0;4525.0;1010.09;800.77;2.0;1.0;0;1.0;0;0;1.0;0;0;1.0;0;0;1.0;1.0;0;0;0;0;0
950422;1.36;0.95;10.0;1286.0;31.5;84.75;11.25;0;9.16;14.48;30.62;24.90;2.31;153016.0;10.0;10.0;25.0;4505.0;1010.09;761.70;1.0;1.0;0;1.0;0;0;1.0;0;0;1.0;0;0;1.0;1.0;0;0;0;0;0
951078;1.24;0.93;8.0;1357.0;31.5;84.75;12.0;0;9.39;14.29;23.47;18.10;2.58;153016.0;9.0;9.0;25.0;4512.0;1010.09;292.96;1.0;1.0;0;1.0;0;0;1.0;0;0;1.0;0;0;1.0;1.0;0;0;0;0;0
951614;1.38;0.94;5.0;1224.0;31.5;84.75;12.75;0;9.52;14.39;17.86;12.46;2.31;153016.0;5.0;5.0;25.0;4506.0;1010.09;58.59;1.0;1.0;0;1.0;0;0;1.0;0;0;1.0;0;0;1.0;1.0;0;0;0;0;0
952169;2.50;1.00;0;1407.0;31.5;84.75;12.75;1.96;14.84;14.39;12.98;9.53;2.31;153016.0;0;0;32.0;4585.0;1010.09;878.89;1.0;1.0;0;1.0;0;0;1.0;0;0;1.0;0;0;1.0;1.0;0;0;0;0;0
952717;2.19;0.99;0;2017.0;31.5;84.75;18.0;2.74;14.75;14.39;90.36;102.43;2.31;153016.0;0;0;31.0;4540.0;1010.09;878.89;1.0;1.0;0;1.0;0;0;1.0;0;0;1.0;0;0;1.0;1.0;0;0;0;0;0
953272;2.4;0.97;0;1872.0;31.5;84.75;15.75;3.13;16.03;14.48;159.16;148.34;2.31;153016.0;0;0;31.0;4520.0;1010.09;878.89;1.0;1.0;0;1.0;0;0;1.0;0;0;1.0;0;0;1.0;1.0;0;0;0;0;0
953820;1.07;1.00;5.0;1800.0;31.5;84.75;11.25;0;9.44;14.39;136.12;160.04;2.31;153016.0;5.0;5.0;26.0;4480.0;1010.09;839.83;1.0;1.0;0;1.0;0;0;1.0;0;0;1.0;0;0;1.0;1.0;0;0;0;0;0
954466;1.40;0.98;3.0;1353.0;31.5;84.75;7.5;0;8.59;14.39;106.18;132.04;2.31;153016.0;3.0;3.0;25.0;4479.0;1010.09;839.83;1.0;1.0;0;1.0;0;0;1.0;0;0;1.0;0;0;1.0;1.0;0;0;0;0;0
955007;1.40;0.96;0;1254.0;31.5;84.75;11.25;0;9.21;14.29;73.37;103.25;2.58;153016.0;0;0;24.0;4498.0;1010.09;781.24;1.0;1.0;0;1.0;0;0;1.0;0;0;1.0;0;0;1.0;1.0;0;0;0;0;0
955542;1.35;0.94;0;1245.0;31.5;84.75;12.0;0;9.39;14.29;66.98;75.21;2.58;153016.0;0;0;25.0;4508.0;1010.09;624.99;1.0;1.0;0;1.0;0;0;1.0;0;0;1.0;0;0;1.0;1.0;0;0;0;0;0
956106;2.16;0.95;0;1270.0;31.5;84.75;12.0;1.17;13.47;14.39;51.44;61.87;2.31;153016.0;0;0;34.0;4553.0;1010.09;820.30;1.0;1.0;0;1.0;0;0;1.0;0;0;1.0;0;0;1.0;1.0;0;0;0;0;0
956655;2.30;0.94;0;1682.0;31.5;84.75;13.5;2.74;15.53;14.29;52.59;61.92;2.58;153016.0;0;0;31.0;4545.0;1010.09;839.83;1.0;1.0;0;1.0;0;0;1.0;0;0;1.0;0;0;1.0;1.0;0;0;0;0;0
957169;1.96;0.92;0;1999.0;31.5;84.75;17.25;2.35;15.00;14.39;112.37;108.68;2.31;153016.0;0;0;31.0;4524.0;1010.09;839.83;1.0;1.0;0;1.0;0;0;1.0;0;0;1.0;0;0;1.0;1.0;0;0;0;0;0
957802;1.96;0.99;0;1659.0;31.5;84.75;13.5;1.56;12.41;14.39;146.96;181.16;2.31;153016.0;0;0;31.0;4532.0;1010.09;839.83;1.0;1.0;0;1.0;0;0;1.0;0;0;1.0;0;0;1.0;1.0;0;0;0;0;0
958325;1.29;0.97;0;1384.0;31.5;84.75;12.0;0;9.55;14.48;140.12;191.08;2.31;153016.0;0;0;26.0;4447.0;1010.09;839.83;1.0;1.0;0;1.0;0;0;1.0;0;0;1.0;0;0;1.0;1.0;0;0;0;0;0
958849;1.50;0.95;0;1245.0;31.5;84.75;12.75;0;9.50;14.39;108.43;145.92;2.31;153016.0;0;0;25.0;4484.0;1010.09;820.30;1.0;1.0;0;1.0;0;0;1.0;0;0;1.0;0;0;1.0;1.0;0;0;0;0;0
959392;2.80;0.93;0;1523.0;31.5;84.75;12.75;2.74;15.72;14.48;83.27;113.37;2.31;153016.0;0;0;31.0;4561.0;1010.09;859.36;1.0;1.0;0;1.0;0;0;1.0;0;0;1.0;0;0;1.0;1.0;0;0;0;0;0
959987;4.55;1.00;7.0;2542.0;31.5;84.75;22.5;15.68;31.73;14.39;75.91;183.85;2.31;153016.0;7.0;7.0;31.0;4405.0;1010.09;820.30;1.0;1.0;0;1.0;0;0;1.0;0;0;1.0;0;0;1.0;1.0;0;0;0;0;0
960511;4.65;0.97;16.0;2260.0;31.5;84.75;15.0;16.47;34.80;14.48;104.58;147.78;2.31;153016.0;15.0;16.0;31.0;4469.0;1010.09;820.30;1.0;1.0;0;1.0;0;0;1.0;0;0;1.0;0;0;1.0;1.0;0;0;0;0;0
961035;3.88;0.93;23.0;2665.0;31.5;84.75;23.25;16.86;31.67;14.29;124.40;214.67;2.58;153016.0;23.0;24.0;31.0;4557.0;1010.09;781.24;1.0;1.0;0;1.0;0;0;1.0;0;0;1.0;0;0;1.0;1.0;0;0;0;0;0
961557;3.74;0.92;31.0;3422.0;31.5;84.75;28.5;17.25;31.13;14.39;243.92;285.33;2.31;153016.0;30.0;31.0;31.0;4575.0;1010.09;683.58;1.0;1.0;0;1.0;0;0;1.0;0;0;1.0;0;0;1.0;1.0;0;0;0;0;0
962103;3.52;0.89;37.0;4105.0;31.5;84.75;33.75;16.47;30.12;14.39;310.35;326.97;2.31;153016.0;36.0;37.0;31.0;4663.0;1010.09;332.02;1.0;1.0;0;1.0;0;0;1.0;0;0;1.0;0;0;1.0;1.0;0;0;0;0;0
962625;4.51;1.00;41.0;4652.0;31.5;84.75;31.5;22.74;33.27;14.29;336.18;343.18;2.58;153016.0;41.0;42.0;31.0;4579.0;1010.24;722.64;1.0;1.0;0;1.0;0;0;1.0;0;0;1.0;0;0;1.0;1.0;0;0;0;0;0
963163;6.82;1.00;45.0;3558.0;31.5;84.75;18.75;26.27;38.61;14.39;309.15;288.67;2.31;153016.0;44.0;45.0;31.0;4392.0;1010.20;839.83;2.0;1.0;0;1.0;0;0;1.0;0;0;1.0;0;0;1.0;1.0;0;0;0;0;0
963698;6.41;1.00;52.0;4072.0;31.5;84.75;18.0;33.33;44.47;14.29;240.02;335.95;2.58;153016.0;50.0;53.0;31.0;4643.0;1010.16;781.24;2.0;1.0;0;1.0;0;0;1.0;0;0;1.0;0;0;1.0;1.0;0;0;0;0;0
964262;5.98;0.97;58.0;4577.0;31.5;84.75;18.75;37.65;43.89;14.39;237.15;342.57;2.31;153016.0;56.0;59.0;31.0;4562.0;1010.13;742.17;2.0;1.0;0;1.0;0;0;1.0;0;0;1.0;0;0;1.0;1.0;0;0;0;0;0
964782;4.60;1.02;66.0;5194.0;31.5;84.75;23.25;30.98;38.85;14.39;308.59;340.34;2.31;153016.0;63.0;66.0;31.0;4442.0;1010.13;566.39;2.0;1.0;0;1.0;0;0;1.0;0;0;1.0;0;0;1.0;1.0;0;0;0;0;0
965305;6.18;1.00;66.0;4123.0;31.5;84.75;20.25;28.63;41.32;14.39;329.52;289.92;2.31;153016.0;66.0;67.0;31.0;4561.0;1010.13;820.30;3.0;1.0;0;1.0;0;0;1.0;0;0;1.0;0;0;1.0;1.0;0;0;0;0;0
965848;4.41;1.00;70.0;4282.0;31.5;84.75;30.0;20.78;33.93;14.39;295.17;205.12;2.31;153016.0;68.0;70.0;31.0;4555.0;1010.09;820.30;3.0;1.0;0;1.0;0;0;1.0;0;0;1.0;0;0;1.0;1.0;0;0;0;0;0
966372;3.80;0.98;71.0;4314.0;31.5;84.75;35.25;16.47;29.16;14.39;247.40;198.83;2.31;153016.0;71.0;72.0;31.0;4510.0;1010.09;761.70;3.0;1.0;0;1.0;0;0;1.0;0;0;1.0;0;0;1.0;1.0;0;0;0;0;0
966890;2.90;0.88;72.0;4434.0;31.5;84.75;40.5;12.15;24.86;14.39;253.38;147.15;2.31;153016.0;71.0;73.0;31.0;4489.0;1010.09;664.05;3.0;1.0;0;1.0;0;0;1.0;0;0;1.0;0;0;1.0;1.0;0;0;0;0;0
967434;2.50;1.00;72.0;4525.0;31.5;84.75;45.75;8.23;18.56;14.39;302.65;238.89;2.31;153016.0;73.0;72.0;31.0;4455.0;1010.09;839.83;3.0;1.0;0;1.0;0;0;1.0;0;0;1.0;0;0;1.0;1.0;0;0;0;0;0
967957;2.33;0.96;72.0;4358.0;31.5;84.75;45.75;7.45;18.41;14.48;336.63;312.87;2.31;153017.0;72.0;72.0;31.0;4467.0;1010.09;839.83;3.0;1.0;0;1.0;0;0;1.0;0;0;1.0;0;0;1.0;1.0;0;0;0;0;0
968480;2.91;0.90;71.0;4339.0;31.5;84.75;42.0;10.19;22.66;14.48;335.87;339.93;2.31;153017.0;71.0;72.0;31.0;4509.0;1010.01;839.83;3.0;1.0;0;1.0;0;0;1.0;0;0;0;0;0;1.0;1.0;0;0;0;0;0
969028;1.52;1.00;70.0;3644.0;31.5;84.75;36.75;3.92;10.12;14.39;357.47;325.95;2.31;153017.0;70.0;71.0;31.0;4206.0;1010.05;859.36;4.0;1.0;0;1.0;0;0;1.0;0;0;0;0;0;1.0;1.0;0;0;0;0;0
969596;2.16;0.99;70.0;3591.0;31.5;84.75;40.5;5.88;15.78;14.48;305.37;346.95;2.31;153017.0;70.0;69.0;31.0;4279.0;1010.05;859.36;4.0;1.0;0;1.0;0;0;1.0;0;0;0;0;0;1.0;1.0;0;0;0;0;0
970119;2.80;0.98;70.0;3571.0;31.5;84.75;38.25;8.62;21.00;14.39;323.90;293.53;2.31;153017.0;69.0;70.0;31.0;4418.0;1009.89;839.83;4.0;1.0;0;1.0;0;0;1.0;0;0;0;0;0;1.0;1.0;0;0;0;0;0
970645;2.57;0.92;70.0;3632.0;31.5;84.75;38.25;8.62;21.07;14.39;330.70;280.72;2.31;153017.0;70.0;70.0;31.0;4530.0;1009.77;820.30;4.0;1.0;0;1.0;0;0;1.0;0;0;0;0;0;1.0;1.0;0;0;0;0;0
971182;3.06;0.85;73.0;3533.0;31.5;84.75;33.75;12.15;24.77;14.29;228.83;275.47;2.58;153017.0;66.0;73.0;31.0;4530.0;1009.77;820.30;4.0;1.0;0;1.0;0;0;1.0;0;0;0;0;0;1.0;1.0;0;0;0;0;0
971713;6.35;1.00;71.0;3720.0;31.5;84.75;18.75;27.06;38.01;14.39;172.76;292.69;2.31;153017.0;70.0;71.0;31.0;4558.0;1009.58;839.83;4.0;1.0;0;1.0;0;0;1.0;0;0;0;0;0;1.0;1.0;0;0;0;0;0
972227;6.05;0.97;75.0;3948.0;31.5;84.75;16.5;33.33;42.63;14.48;166.92;258.10;2.31;153017.0;73.0;76.0;31.0;4633.0;1009.50;605.46;4.0;1.0;0;1.0;0;0;1.0;0;0;0;0;0;1.0;1.0;0;0;0;0;0
972776;6.55;0.98;80.0;4127.0;31.5;84.75;14.25;38.82;45.05;14.39;141.00;267.91;2.31;153017.0;77.0;80.0;31.0;4600.0;1009.42;683.58;4.0;1.0;0;1.0;0;0;1.0;0;0;0;0;0;1.0;1.0;0;0;0;0;0
973334;6.71;1.00;83.0;4366.0;31.5;84.75;15.0;40.39;44.51;14.39;279.90;284.12;2.31;153017.0;81.0;84.0;31.0;4517.0;1009.27;742.17;4.0;1.0;0;1.0;0;0;1.0;0;0;0;0;0;1.0;1.0;0;0;0;0;0
973887;6.4;0.97;87.0;4466.0;31.5;84.75;15.75;40.39;44.23;14.29;275.70;316.42;2.58;153017.0;85.0;87.0;31.0;4526.0;1009.34;664.05;4.0;1.0;0;1.0;0;0;1.0;0;0;0;0;0;1.0;1.0;0;0;0;0;0
974432;0;1.00;88.0;4495.0;31.5;84.75;42.75;0;4.12;14.29;278.75;345.95;2.58;153017.0;86.0;89.0;31.0;4402.0;1009.30;820.30;4.0;1.0;0;1.0;0;0;1.0;0;0;0;0;0;1.0;1.0;0;0;0;0;0
974992;6.76;1.00;91.0;4217.0;31.5;84.75;18.0;34.12;43.19;14.39;322.12;341.54;2.31;153017.0;89.0;91.0;31.0;4575.0;1009.23;839.83;5.0;1.0;0;1.0;0;0;1.0;0;0;0;0;0;1.0;1.0;0;0;0;0;0
975518;5.84;0.98;93.0;4374.0;31.5;84.0;18.75;34.12;41.73;14.48;211.90;249.61;2.31;153017.0;92.0;94.0;32.0;4571.0;1009.11;664.05;5.0;1.0;0;1.0;0;0;1.0;0;0;0;0;0;1.0;1.0;0;0;0;0;0
976057;5.59;1.01;96.0;4453.0;31.5;84.0;21.75;30.98;39.39;14.39;85.36;91.63;2.31;153017.0;93.0;96.0;32.0;4518.0;1009.19;761.70;5.0;1.0;0;1.0;0;0;1.0;0;0;0;0;0;1.0;1.0;0;0;0;0;0
976585;4.20;1.00;98.0;4514.0;31.5;84.0;31.5;21.17;31.55;14.48;26.67;28.63;2.31;153017.0;92.0;98.0;32.0;4486.0;1009.15;820.30;5.0;1.0;0;1.0;0;0;1.0;0;0;0;0;0;1.0;1.0;0;0;0;0;0
977108;4.31;0.90;97.0;4545.0;31.5;84.0;28.5;24.31;33.77;14.48;9.68;12.67;2.31;153017.0;95.0;97.0;32.0;4512.0;1009.15;292.96;5.0;1.0;0;1.0;0;0;1.0;0;0;0;0;0;1.0;1.0;0;0;0;0;0
977649;4.48;0.95;97.0;4566.0;31.5;84.0;28.5;25.49;34.49;14.48;3.63;4.55;2.31;153017.0;96.0;98.0;32.0;4504.0;1009.07;703.11;5.0;1.0;0;1.0;0;0;1.0;0;0;0;0;0;1.0;1.0;0;0;0;0;0
978172;5.29;0.98;98.0;4569.0;31.5;84.0;23.25;30.98;38.42;14.48;2.38;1.21;2.31;153017.0;97.0;99.0;32.0;4519.0;1008.99;761.70;5.0;1.0;0;1.0;0;0;1.0;0;0;0;0;0;1.0;1.0;0;0;0;0;0
978708;5.35;1.01;100.0;4537.0;31.5;84.0;24.0;29.02;37.79;14.48;2.14;0.33;2.31;153017.0;99.0;101.0;32.0;4510.0;1008.95;624.99;5.0;1.0;0;1.0;0;0;1.0;0;0;0;0;0;1.0;1.0;0;0;0;0;0
979232;4.51;1.00;101.0;4686.0;31.5;84.0;28.5;25.49;33.93;14.39;2.61;0;2.31;153017.0;99.0;102.0;32.0;4525.0;1008.95;742.17;5.0;1.0;0;1.0;0;0;1.0;0;0;0;0;0;1.0;1.0;0;0;0;0;0
979812;4.39;0.97;103.0;4786.0;31.5;84.0;30.75;25.49;32.66;14.39;0.83;1.97;2.31;153017.0;98.0;103.0;32.0;4498.0;1008.84;781.24;5.0;1.0;0;1.0;0;0;1.0;0;0;0;0;0;1.0;1.0;0;0;0;0;0
980333;4.36;0.98;102.0;4718.0;31.5;84.0;30.75;24.31;32.67;14.48;3.74;0.44;2.31;153017.0;100.0;103.0;32.0;4509.0;1008.68;781.24;5.0;1.0;0;1.0;0;0;1.0;0;0;0;0;0;1.0;1.0;0;0;0;0;0
980888;5.32;1.00;103.0;4804.0;31.5;84.0;24.0;32.16;37.02;14.29;1.19;0.01;2.58;153017.0;101.0;104.0;32.0;4528.0;1008.68;664.05;5.0;1.0;0;1.0;0;0;1.0;0;0;0;0;0;1.0;1.0;0;0;0;0;0
981403;5.4;0.99;105.0;4876.0;31.5;84.0;23.25;34.12;38.29;14.39;0.23;3.88;2.31;153017.0;103.0;105.0;32.0;4494.0;1008.52;781.24;5.0;1.0;0;1.0;0;0;1.0;0;0;0;0;0;1.0;1.0;0;0;0;0;0
981952;4.16;1.00;103.0;4825.0;31.5;83.25;38.25;18.43;26.67;14.48;0;1.23;2.31;153017.0;103.0;104.0;32.0;4395.0;1008.52;839.83;6.0;1.0;0;1.0;0;0;1.0;0;0;0;0;0;1.0;1.0;0;0;0;0;0
982522;4.70;0.95;105.0;4506.0;31.5;83.25;26.25;26.27;35.67;14.48;0;0.25;2.31;153017.0;103.0;105.0;32.0;4554.0;1008.37;546.86;6.0;1.0;0;1.0;0;0;1.0;0;0;0;0;0;1.0;1.0;0;0;0;0;0
983047;4.81;0.98;106.0;4515.0;31.5;83.25;27.0;26.66;35.79;14.48;0;1.34;2.31;153017.0;104.0;106.0;32.0;4557.0;1008.17;664.05;6.0;1.0;0;1.0;0;0;1.0;0;0;0;0;0;1.0;1.0;0;0;0;0;0
983573;4.85;0.99;106.0;4547.0;31.5;83.25;27.0;26.66;35.55;14.39;0;0.27;2.31;153017.0;105.0;107.0;32.0;4517.0;1007.98;683.58;6.0;1.0;0;1.0;0;0;1.0;0;0;0;0;0;1.0;1.0;0;0;0;0;0
984113;5.42;0.97;107.0;4621.0;31.5;83.25;22.5;32.55;39.22;14.39;1.07;1.60;2.31;153017.0;105.0;108.0;32.0;4527.0;1007.94;644.52;6.0;1.0;0;1.0;0;0;1.0;0;0;0;0;0;1.0;1.0;0;0;0;0;0
984636;5.08;0.98;110.0;4712.0;31.5;83.25;22.5;32.94;39.14;14.48;0.29;2.08;2.31;153017.0;107.0;110.0;32.0;4509.0;1007.78;175.77;6.0;1.0;0;1.0;0;0;1.0;0;0;0;0;0;1.0;1.0;0;0;0;0;0
985169;4.91;0.99;110.0;4710.0;31.5;83.25;26.25;28.63;36.02;14.48;1.28;0.64;2.31;153017.0;108.0;110.0;32.0;4512.0;1007.74;624.99;6.0;1.0;0;1.0;0;0;1.0;0;0;0;0;0;1.0;1.0;0;0;0;0;0
985696;4.44;0.98;111.0;4750.0;31.5;83.25;29.25;25.49;33.21;14.29;0.27;0.97;2.58;153017.0;109.0;111.0;32.0;4509.0;1007.55;800.77;6.0;1.0;0;1.0;0;0;1.0;0;0;0;0;0;1.0;1.0;0;0;0;0;0
986213;5.49;1.00;112.0;4803.0;31.5;83.25;22.5;33.72;38.16;14.48;0.83;0.23;2.31;153017.0;108.0;112.0;32.0;4517.0;1007.51;605.46;6.0;1.0;0;1.0;0;0;1.0;0;0;0;0;0;1.0;1.0;0;0;0;0;0
986761;5.51;1.00;113.0;4846.0;31.5;83.25;22.5;34.51;38.47;14.48;0.21;0;2.31;153017.0;111.0;114.0;32.0;4502.0;1007.43;703.11;6.0;1.0;0;1.0;0;0;1.0;0;0;0;0;0;1.0;1.0;0;0;0;0;0
987320;4.06;0.99;113.0;4814.0;31.5;83.25;33.75;22.35;30.27;14.39;0;0;2.31;153017.0;112.0;114.0;32.0;4497.0;1007.51;644.52;6.0;1.0;0;1.0;0;0;1.0;0;0;0;0;0;1.0;1.0;0;0;0;0;0
987914;3.72;0.95;113.0;4774.0;31.5;83.25;35.25;20.39;28.83;14.39;0;0;2.31;153017.0;111.0;114.0;32.0;4506.0;1007.16;781.24;6.0;1.0;0;1.0;0;0;1.0;0;0;0;0;0;1.0;1.0;0;0;0;0;0
988437;3.83;0.99;113.0;4795.0;31.5;83.25;35.25;20.39;28.66;14.39;0;0;2.31;153017.0;110.0;113.0;32.0;4508.0;1006.88;683.58;6.0;1.0;0;1.0;0;0;1.0;0;0;0;0;0;1.0;1.0;0;0;0;0;0
988957;3.28;0.95;112.0;4818.0;31.5;83.25;39.0;16.86;25.72;14.48;0;0;2.31;153017.0;111.0;113.0;32.0;4506.0;1006.73;742.17;6.0;1.0;0;1.0;0;0;1.0;0;0;0;0;0;1.0;1.0;0;0;0;0;0
989505;3.32;0.97;112.0;4738.0;31.5;83.25;39.75;16.08;25.25;14.39;0;0;2.31;153017.0;110.0;112.0;32.0;4509.0;1006.61;683.58;6.0;1.0;0;1.0;0;0;1.0;0;0;0;0;0;1.0;1.0;0;0;0;0;0
990093;3.24;0.95;111.0;4684.0;31.5;83.25;39.75;15.68;25.46;14.39;0;0;2.31;153017.0;110.0;112.0;32.0;4522.0;1006.53;624.99;6.0;1.0;0;1.0;0;0;1.0;0;0;0;0;0;1.0;1.0;0;0;0;0;0
990618;3.10;0.95;111.0;4787.0;31.5;83.25;40.5;14.51;24.14;14.29;0;0.56;2.58;153017.0;109.0;112.0;32.0;4507.0;1006.41;566.39;6.0;1.0;0;1.0;0;0;1.0;0;0;0;0;0;1.0;1.0;0;0;0;0;0
991142;3.80;1.00;111.0;4722.0;31.5;83.25;36.0;18.82;27.99;14.48;1.56;0.09;2.31;153017.0;109.0;111.0;32.0;4516.0;1006.26;683.58;6.0;1.0;0;1.0;0;0;1.0;0;0;0;0;0;1.0;1.0;0;0;0;0;0
991680;3.27;0.95;110.0;4690.0;31.5;83.25;39.75;15.68;25.46;14.39;0.33;1.23;2.31;153017.0;108.0;110.0;32.0;4511.0;1006.14;742.17;6.0;1.0;0;1.0;0;0;1.0;0;0;0;0;0;0;1.0;0;0;0;0;0
992206;2.66;0.95;110.0;4643.0;31.5;83.25;43.5;10.19;21.09;14.39;2.51;0.33;2.31;153017.0;108.0;110.0;32.0;4481.0;1006.06;839.83;6.0;1.0;0;1.0;0;0;1.0;0;0;0;0;0;1.0;1.0;0;0;0;0;0
992731;2.28;0.89;107.0;4585.0;31.5;83.25;45.0;8.62;19.31;14.48;2.38;0.93;2.31;153017.0;106.0;108.0;32.0;4485.0;1005.95;800.77;6.0;1.0;0;1.0;0;0;1.0;0;0;0;0;0;1.0;1.0;0;0;0;0;0
993280;2.12;0.82;106.0;4531.0;31.5;82.5;45.0;8.62;19.45;14.48;0.62;1.05;2.31;153017.0;105.0;107.0;33.0;4493.0;1005.83;546.86;6.0;1.0;0;1.0;0;0;1.0;0;0;0;0;0;1.0;1.0;0;0;0;0;0
993832;2.12;0.84;105.0;4463.0;31.5;82.5;44.25;8.62;19.26;14.48;0.11;1.26;2.31;153017.0;104.0;105.0;33.0;4502.0;1005.83;214.84;6.0;1.0;0;1.0;0;0;1.0;0;0;0;0;0;1.0;1.0;0;0;0;0;0
994383;2.61;0.88;103.0;4368.0;31.5;82.5;42.0;10.98;22.36;14.48;0.66;0.25;2.31;153017.0;102.0;104.0;33.0;4544.0;1005.67;117.18;6.0;1.0;0;1.0;0;0;1.0;0;0;0;0;0;1.0;1.0;0;0;0;0;0
994957;2.73;0.89;102.0;4367.0;31.5;82.5;41.25;11.37;22.87;14.39;0.07;0;2.31;153017.0;101.0;103.0;33.0;4536.0;1005.52;624.99;6.0;1.0;0;1.0;0;0;1.0;0;0;0;0;0;1.0;1.0;0;0;0;0;0
995477;3.03;0.92;102.0;4339.0;31.5;82.5;39.75;13.33;24.77;14.48;0;0;2.31;153017.0;100.0;102.0;33.0;4546.0;1005.48;644.52;6.0;1.0;0;1.0;0;0;1.0;0;0;0;0;0;1.0;1.0;0;0;0;0;0
996000;3.09;0.93;101.0;4361.0;31.5;82.5;39.0;13.33;24.75;14.39;0.83;0;2.31;153017.0;100.0;102.0;33.0;4522.0;1005.36;664.05;6.0;1.0;0;1.0;0;0;1.0;0;0;0;0;0;1.0;1.0;0;0;0;0;0
996537;3.07;0.94;101.0;4298.0;31.5;82.5;39.0;12.94;24.56;14.48;1.17;0;2.31;153017.0;100.0;101.0;33.0;4521.0;1005.32;820.30;6.0;1.0;0;1.0;0;0;1.0;0;0;0;0;0;1.0;1.0;0;0;0;0;0
997062;3.57;0.94;101.0;4243.0;31.5;82.5;34.5;16.47;28.25;14.39;1.05;0.83;2.31;153017.0;99.0;101.0;33.0;4520.0;1005.24;683.58;6.0;1.0;0;1.0;0;0;1.0;0;0;0;0;0;1.0;1.0;0;0;0;0;0
997586;3.98;0.97;101.0;4328.0;31.5;82.5;33.0;19.21;30.59;14.48;1.46;1.24;2.31;153017.0;99.0;102.0;33.0;4532.0;1005.24;644.52;6.0;1.0;0;1.0;0;0;1.0;0;0;0;0;0;1.0;1.0;0;0;0;0;0
998128;4.10;0.96;101.0;4328.0;31.5;82.5;32.25;20.00;31.40;14.48;1.62;1.73;2.31;153017.0;100.0;102.0;33.0;4512.0;1005.01;624.99;6.0;1.0;0;1.0;0;0;1.0;0;0;0;0;0;1.0;1.0;0;0;0;0;0
998652;4.19;0.96;102.0;4343.0;31.5;82.5;30.75;21.17;32.25;14.48;1.75;1.62;2.31;153017.0;99.0;102.0;33.0;4505.0;1004.77;664.05;6.0;1.0;0;1.0;0;0;1.0;0;0;0;0;0;1.0;1.0;0;0;0;0;0
999188;4.08;0.94;102.0;4346.0;31.5;82.5;30.75;20.78;32.03;14.29;1.93;1.69;2.58;153017.0;100.0;102.0;33.0;4500.0;1004.66;624.99;6.0;1.0;0;1.0;0;0;1.0;0;0;0;0;0;1.0;1.0;0;0;0;0;0
999712;4.06;0.93;102.0;4337.0;31.5;82.5;30.75;20.78;31.96;14.39;0.62;0.54;2.31;153017.0;101.0;103.0;33.0;4502.0;1004.58;781.24;6.0;1.0;0;1.0;0;0;1.0;0;0;0;0;0;1.0;1.0;0;0;0;0;0
1000228;4.00;0.93;103.0;4276.0;31.5;82.5;30.0;20.78;32.38;14.48;0.13;0.09;2.31;153017.0;101.0;103.0;33.0;4501.0;1004.54;781.24;6.0;1.0;0;1.0;0;0;1.0;0;0;0;0;0;1.0;1.0;0;0;0;0;0
1000780;4.06;0.96;103.0;4425.0;31.5;82.5;32.25;20.78;31.10;14.48;0.68;0;2.31;153017.0;102.0;104.0;33.0;4504.0;1004.38;800.77;6.0;1.0;0;1.0;0;0;1.0;0;0;0;0;0;1.0;1.0;0;0;0;0;0
1001343;3.90;0.95;103.0;4411.0;31.5;82.5;33.0;19.61;30.41;14.48;0.17;3.02;2.31;153017.0;102.0;104.0;33.0;4507.0;1004.27;761.70;6.0;1.0;0;1.0;0;0;1.0;0;0;0;0;0;1.0;1.0;0;0;0;0;0
1001877;3.63;0.91;103.0;4461.0;31.5;82.5;33.75;19.21;29.50;14.39;0;3.92;2.31;153017.0;102.0;104.0;33.0;4500.0;1004.15;703.11;6.0;1.0;0;1.0;0;0;1.0;0;0;0;0;0;1.0;1.0;0;0;0;0;0
1002462;3.70;0.94;103.0;4435.0;31.5;82.5;33.75;18.43;29.18;14.48;0;2.79;2.31;153017.0;102.0;104.0;33.0;4508.0;1004.07;781.24;6.0;1.0;0;1.0;0;0;1.0;0;0;0;0;0;1.0;1.0;0;0;0;0;0
1002975;3.21;0.93;105.0;4340.0;31.5;82.5;38.25;14.51;25.95;14.48;3.02;0.74;2.31;153017.0;103.0;105.0;33.0;4497.0;1004.03;683.58;6.0;1.0;0;1.0;0;0;1.0;0;0;0;0;0;1.0;1.0;0;0;0;0;0
1003523;2.96;0.91;103.0;4403.0;31.5;82.5;39.75;12.94;24.33;14.48;2.42;0.19;2.31;153017.0;102.0;104.0;33.0;4509.0;1003.99;644.52;6.0;1.0;0;1.0;0;0;1.0;0;0;0;0;0;1.0;1.0;0;0;0;0;0
1004053;3.84;0.98;103.0;4420.0;31.5;82.5;34.5;18.04;28.89;14.39;2.79;0;2.31;153017.0;102.0;104.0;33.0;4540.0;1003.95;820.30;6.0;1.0;0;1.0;0;0;1.0;0;0;0;0;0;1.0;1.0;0;0;0;0;0
1004622;3.45;0.92;103.0;4428.0;31.5;82.5;35.25;17.25;28.00;14.48;3.74;0;2.31;153017.0;102.0;104.0;33.0;4515.0;1003.88;703.11;6.0;1.0;0;1.0;0;0;1.0;0;0;0;0;0;1.0;1.0;0;0;0;0;0
1005147;3.58;0.94;103.0;4400.0;31.5;82.5;35.25;17.25;28.26;14.48;3.74;0;2.31;153018.0;101.0;104.0;33.0;4513.0;1003.72;683.58;6.0;1.0;0;1.0;0;0;1.0;0;0;0;0;0;1.0;1.0;0;0;0;0;0
1005683;3.63;0.93;103.0;4441.0;31.5;82.5;34.5;18.04;28.85;14.39;1.26;0;2.31;153018.0;102.0;104.0;33.0;4522.0;1003.56;703.11;6.0;1.0;0;1.0;0;0;1.0;0;0;0;0;0;1.0;1.0;0;0;0;0;0
1006207;3.35;0.92;103.0;4442.0;31.5;82.5;36.75;16.47;27.41;14.48;0.35;0;2.31;153018.0;102.0;104.0;33.0;4498.0;1003.37;742.17;6.0;1.0;0;1.0;0;0;1.0;0;0;0;0;0;1.0;1.0;0;0;0;0;0
1006745;3.37;0.92;103.0;4391.0;31.5;82.5;36.75;16.08;27.26;14.48;0;0;2.31;153018.0;102.0;104.0;33.0;4501.0;1003.29;761.70;6.0;1.0;0;1.0;0;0;1.0;0;0;0;0;0;1.0;1.0;0;0;0;0;0
1007267;3.41;0.93;103.0;4381.0;31.5;82.5;36.75;16.08;27.08;14.39;1.66;0;2.31;153018.0;102.0;104.0;33.0;4500.0;1003.21;742.17;6.0;1.0;0;1.0;0;0;1.0;0;0;0;0;0;1.0;1.0;0;0;0;0;0
1007865;2.94;0.91;103.0;4316.0;31.5;82.5;39.0;12.55;24.37;14.48;1.60;0;2.31;153018.0;102.0;103.0;33.0;4497.0;1003.21;468.74;6.0;1.0;0;1.0;0;0;1.0;0;0;0;0;0;1.0;1.0;0;0;0;0;0
1008395;2.52;0.88;102.0;4312.0;31.5;82.5;42.0;10.19;21.39;14.48;0.39;1.30;2.31;153018.0;101.0;103.0;33.0;4478.0;1003.02;781.24;6.0;1.0;0;1.0;0;0;1.0;0;0;0;0;0;1.0;1.0;0;0;0;0;0
1008922;2.01;0.81;101.0;4224.0;31.5;82.5;44.25;8.23;18.63;14.48;0.01;1.34;2.31;153018.0;100.0;102.0;33.0;4475.0;1002.94;761.70;6.0;1.0;0;1.0;0;0;1.0;0;0;0;0;0;1.0;1.0;0;0;0;0;0
1009465;1.78;0.80;100.0;4257.0;31.5;82.5;45.75;7.05;16.75;14.48;0.83;1.11;2.31;153018.0;98.0;100.0;33.0;4485.0;1002.82;585.93;6.0;1.0;0;1.0;0;0;1.0;0;0;0;0;0;1.0;1.0;0;0;0;0;0
1009988;1.76;0.79;98.0;4207.0;31.5;82.5;45.75;7.05;16.85;14.48;0.25;0.31;2.31;153018.0;97.0;99.0;33.0;4493.0;1002.78;761.70;6.0;1.0;0;1.0;0;0;1.0;0;0;0;0;0;1.0;1.0;0;0;0;0;0
1010597;1.76;0.78;96.0;4100.0;31.5;82.5;44.25;7.05;17.11;14.48;0;0;2.31;153018.0;95.0;97.0;33.0;4498.0;1002.70;234.37;6.0;1.0;0;1.0;0;0;1.0;0;0;0;0;0;1.0;1.0;0;0;0;0;0
1010538;2.2;0.81;96.0;4079.0;31.5;82.5;42.0;9.02;20.54;14.48;0.89;1.99;2.31;153018.0;95.0;96.0;33.0;4517.0;1002.63;39.06;6.0;1.0;0;1.0;0;0;1.0;0;0;0;0;0;1.0;1.0;0;0;0;0;0
1011061;2.57;0.88;95.0;3986.0;31.5;82.5;39.75;10.19;22.06;14.48;0.23;0.54;2.31;153018.0;94.0;95.0;33.0;4530.0;1002.39;761.70;6.0;1.0;0;1.0;0;0;1.0;0;0;0;0;0;1.0;1.0;0;0;0;0;0
1011579;2.39;0.87;95.0;4022.0;31.5;82.5;41.25;9.41;21.13;14.29;0;1.34;2.58;153018.0;93.0;95.0;33.0;4497.0;1002.35;722.64;6.0;1.0;0;1.0;0;0;1.0;0;0;0;0;0;1.0;1.0;0;0;0;0;0
1012126;2.24;0.82;93.0;3953.0;31.5;82.5;41.25;9.02;20.70;14.48;0;0.42;2.31;153018.0;93.0;94.0;33.0;4504.0;1002.27;664.05;6.0;1.0;0;1.0;0;0;1.0;0;0;0;0;0;1.0;1.0;0;0;0;0;0
1012637;1.80;0.82;92.0;3925.0;31.5;82.5;44.25;6.66;16.63;14.39;0;1.50;2.31;153018.0;91.0;93.0;33.0;4483.0;1002.16;839.83;6.0;1.0;0;1.0;0;0;1.0;0;0;0;0;0;1.0;1.0;0;0;0;0;0
1013185;1.60;0.78;91.0;3885.0;31.5;82.5;42.75;6.27;15.43;14.39;0;0.54;2.31;153018.0;91.0;91.0;33.0;4484.0;1001.96;839.83;6.0;1.0;0;1.0;0;0;1.0;0;0;0;0;0;1.0;1.0;0;0;0;0;0
1013758;1.21;0.75;90.0;3749.0;31.5;82.5;44.25;4.31;12.07;14.48;1.38;0.13;2.31;153018.0;89.0;90.0;33.0;4500.0;1001.80;781.24;6.0;1.0;0;1.0;0;0;1.0;0;0;0;0;0;1.0;1.0;0;0;0;0;0
1014310;1.44;0.72;87.0;3782.0;31.5;82.5;43.5;5.88;15.30;14.48;0.41;0;2.31;153018.0;87.0;88.0;33.0;4522.0;1001.69;156.24;6.0;1.0;0;1.0;0;0;1.0;0;0;0;0;0;1.0;1.0;0;0;0;0;0
1014829;1.56;0.74;86.0;3635.0;31.5;82.5;41.25;6.27;15.75;14.39;0.01;1.01;2.31;153018.0;85.0;86.0;33.0;4514.0;1001.61;195.31;6.0;1.0;0;1.0;0;0;1.0;0;0;0;0;0;1.0;1.0;0;0;0;0;0
1015374;1.61;0.76;85.0;3644.0;31.5;82.5;41.25;6.27;16.28;14.48;4.57;0.35;2.31;153018.0;84.0;85.0;33.0;4513.0;1001.57;800.77;6.0;1.0;0;1.0;0;0;1.0;0;0;0;0;0;1.0;1.0;0;0;0;0;0
1015897;2.0;0.72;85.0;3610.0;31.5;82.5;39.0;8.62;20.61;14.48;6.75;0.05;2.31;153018.0;83.0;85.0;33.0;4513.0;1001.53;19.53;6.0;1.0;0;1.0;0;0;1.0;0;0;0;0;0;1.0;1.0;0;0;0;0;0
1016420;2.51;0.78;83.0;3566.0;31.5;82.5;35.25;10.98;23.28;14.39;5.42;0;2.31;153018.0;83.0;84.0;33.0;4512.0;1001.49;19.53;6.0;1.0;0;1.0;0;0;1.0;0;0;0;0;0;1.0;1.0;0;0;0;0;0
1016965;2.93;0.85;83.0;3621.0;31.5;82.5;33.75;13.72;25.79;14.48;1.99;0;2.31;153018.0;83.0;84.0;33.0;4520.0;1001.49;39.06;6.0;1.0;0;1.0;0;0;1.0;0;0;0;0;0;1.0;1.0;0;0;0;0;0
1017527;3.10;0.93;85.0;3596.0;31.5;82.5;34.5;12.94;25.22;14.48;0.85;2.08;2.31;153018.0;83.0;85.0;33.0;4517.0;1001.49;820.30;6.0;1.0;0;1.0;0;0;1.0;0;0;0;0;0;1.0;1.0;0;0;0;0;0
1018061;2.74;0.89;83.0;3611.0;31.5;82.5;36.0;10.98;23.37;14.48;0.23;1.64;2.31;153018.0;83.0;84.0;33.0;4513.0;1001.45;800.77;6.0;1.0;0;1.0;0;0;1.0;0;0;0;0;0;1.0;1.0;0;0;0;0;0
1018587;2.42;0.82;83.0;3590.0;31.5;82.5;37.5;9.80;22.31;14.48;0;0.64;2.31;153018.0;83.0;84.0;33.0;4509.0;1001.45;156.24;6.0;1.0;0;1.0;0;0;1.0;0;0;0;0;0;1.0;1.0;0;0;0;0;0
1019124;2.46;0.85;83.0;3465.0;31.5;82.5;37.5;9.02;21.70;14.39;0;0.21;2.31;153018.0;84.0;84.0;33.0;4514.0;1001.34;800.77;6.0;1.0;0;1.0;0;0;1.0;0;0;0;0;0;1.0;1.0;0;0;0;0;0
1019649;2.16;0.83;83.0;3569.0;31.5;82.5;39.0;7.84;19.92;14.48;4.57;0;2.31;153018.0;83.0;84.0;33.0;4520.0;1001.22;820.30;6.0;1.0;0;1.0;0;0;1.0;0;0;0;0;0;1.0;1.0;0;0;0;0;0
1020190;1.63;1.00;82.0;3520.0;31.5;82.5;40.5;4.70;13.72;14.48;1.95;0;2.31;153018.0;81.0;83.0;33.0;4517.0;1001.14;878.89;6.0;1.0;0;1.0;0;0;1.0;0;0;0;0;0;1.0;1.0;0;0;0;0;0
1020712;1.54;0.98;81.0;3406.0;31.5;82.5;39.75;3.92;11.86;14.29;0.83;1.23;2.58;153018.0;80.0;81.0;33.0;4521.0;1001.02;878.89;6.0;1.0;0;1.0;0;0;1.0;0;0;0;0;0;1.0;1.0;0;0;0;0;0
1021237;1.57;0.96;80.0;3346.0;31.5;82.5;38.25;4.31;12.30;14.48;1.42;2.18;2.31;153018.0;79.0;80.0;33.0;4514.0;1000.79;878.89;6.0;1.0;0;1.0;0;0;1.0;0;0;0;0;0;1.0;1.0;0;0;0;0;0
1021777;0.47;1.00;78.0;3286.0;31.5;82.5;33.0;0;9.75;14.48;1.95;0.95;2.31;153018.0;78.0;79.0;33.0;4633.0;1000.63;878.89;6.0;1.0;0;1.0;0;0;1.0;0;0;0;0;0;1.0;1.0;0;0;0;0;0
1022301;2.32;1.00;76.0;3574.0;31.5;82.5;34.5;6.27;14.96;14.39;0.95;0.41;2.31;153018.0;76.0;76.0;33.0;4202.0;1000.52;878.89;5.0;1.0;0;1.0;0;0;1.0;0;0;0;0;0;1.0;1.0;0;0;0;0;0
1022879;2.76;0.96;76.0;3518.0;31.5;82.5;38.25;8.62;20.81;14.48;0.27;0.03;2.31;153018.0;75.0;76.0;33.0;4282.0;1000.40;859.36;5.0;1.0;0;1.0;0;0;1.0;0;0;0;0;0;1.0;1.0;0;0;0;0;0
1023404;3.32;0.96;77.0;3545.0;31.5;82.5;34.5;12.94;25.36;14.48;0;0;2.31;153018.0;76.0;78.0;33.0;4438.0;1000.36;820.30;5.0;1.0;0;1.0;0;0;1.0;0;0;0;0;0;1.0;1.0;0;0;0;0;0
1023927;3.01;0.89;77.0;3505.0;31.5;82.5;33.75;13.33;25.42;14.39;0;3.86;2.31;153018.0;76.0;77.0;33.0;4498.0;1000.28;605.46;5.0;1.0;0;1.0;0;0;1.0;0;0;0;0;0;1.0;1.0;0;0;0;0;0
1024461;3.31;0.92;78.0;3591.0;31.5;82.5;32.25;15.29;27.00;14.48;0;2.75;2.31;153018.0;77.0;79.0;33.0;4519.0;1000.28;722.64;5.0;1.0;0;1.0;0;0;1.0;0;0;0;0;0;1.0;1.0;0;0;0;0;0
1024987;3.31;0.90;78.0;3702.0;31.5;82.5;32.25;15.68;27.14;14.29;0;6.60;2.58;153018.0;78.0;79.0;33.0;4510.0;1000.24;722.64;5.0;1.0;0;1.0;0;0;1.0;0;0;0;0;0;1.0;1.0;0;0;0;0;0
1025523;3.24;0.89;80.0;3731.0;31.5;82.5;33.0;15.68;27.26;14.20;0;3.98;2.58;153018.0;79.0;81.0;33.0;4545.0;1000.24;683.58;5.0;1.0;0;1.0;0;0;1.0;0;0;0;0;0;1.0;1.0;0;0;0;0;0
1026107;3.18;0.91;81.0;3802.0;31.5;82.5;33.75;14.90;26.42;14.48;1.23;1.34;2.31;153018.0;80.0;81.0;33.0;4527.0;1000.20;761.70;5.0;1.0;0;1.0;0;0;1.0;0;0;0;0;0;1.0;1.0;0;0;0;0;0
1026625;2.99;0.88;82.0;3788.0;31.5;82.5;34.5;13.72;25.53;14.39;2.12;1.42;2.31;153018.0;81.0;82.0;33.0;4506.0;1000.16;742.17;5.0;1.0;0;1.0;0;0;1.0;0;0;0;0;0;1.0;1.0;0;0;0;0;0
1027147;2.84;0.86;82.0;3849.0;31.5;82.5;36.0;12.94;24.95;14.39;0.82;2.08;2.31;153018.0;81.0;83.0;33.0;4506.0;1000.16;410.15;5.0;1.0;0;1.0;0;0;1.0;0;0;0;0;0;1.0;1.0;0;0;0;0;0
1027696;3.88;0.99;83.0;3887.0;31.5;82.5;32.25;17.64;29.02;14.48;1.30;2.73;2.31;153018.0;82.0;84.0;33.0;4546.0;1000.09;820.30;5.0;1.0;0;1.0;0;0;1.0;0;0;0;0;0;1.0;1.0;0;0;0;0;0
1028211;3.06;0.90;83.0;3857.0;31.5;82.5;36.0;13.72;25.53;14.48;1.26;0.82;2.31;153018.0;83.0;84.0;33.0;4524.0;999.89;644.52;5.0;1.0;0;1.0;0;0;1.0;0;0;0;0;0;1.0;1.0;0;0;0;0;0
1028735;2.92;0.89;85.0;3931.0;31.5;82.5;37.5;12.55;24.66;14.39;0.42;0.25;2.31;153018.0;84.0;85.0;33.0;4509.0;999.77;742.17;5.0;1.0;0;1.0;0;0;1.0;0;0;0;0;0;1.0;1.0;0;0;0;0;0
1029277;2.69;0.87;85.0;3955.0;31.5;82.5;38.25;11.37;23.32;14.39;0.05;0;2.31;153018.0;84.0;85.0;33.0;4510.0;999.54;800.77;5.0;1.0;0;1.0;0;0;1.0;0;0;0;0;0;1.0;1.0;0;0;0;0;0
1029847;2.05;0.82;85.0;3869.0;31.5;82.5;42.0;7.84;18.92;14.48;0;0;2.31;153018.0;84.0;85.0;33.0;4482.0;999.34;781.24;5.0;1.0;0;1.0;0;0;1.0;0;0;0;0;0;1.0;1.0;0;0;0;0;0
1030372;1.86;0.76;83.0;3867.0;31.5;82.5;42.0;7.84;18.43;14.48;0;0;2.31;153018.0;84.0;84.0;33.0;4490.0;999.23;234.37;5.0;1.0;0;1.0;0;0;1.0;0;0;0;0;0;1.0;1.0;0;0;0;0;0
1030914;2.68;0.81;83.0;3826.0;31.5;83.25;36.75;12.94;24.67;14.39;1.75;0;2.31;153018.0;83.0;84.0;32.0;4541.0;999.15;19.53;5.0;1.0;0;1.0;0;0;1.0;0;0;0;0;0;1.0;1.0;0;0;0;0;0
1031440;4.32;1.00;85.0;3952.0;31.5;83.25;30.75;19.61;31.22;14.39;0.48;0.78;2.31;153018.0;84.0;85.0;32.0;4565.0;999.07;839.83;5.0;1.0;0;1.0;0;0;1.0;0;0;0;0;0;0;1.0;0;0;0;0;0
1031960;5.15;0.95;87.0;3999.0;31.5;83.25;24.0;25.10;37.25;14.48;2.22;0.23;2.31;153018.0;86.0;87.0;32.0;4604.0;999.11;820.30;5.0;1.0;0;1.0;0;0;1.0;0;0;0;0;0;1.0;1.0;0;0;0;0;0
1032508;6.32;0.98;90.0;4103.0;31.5;83.25;16.5;35.69;43.50;14.29;0.80;1.67;2.58;153018.0;88.0;90.0;32.0;4580.0;999.15;683.58;5.0;1.0;0;1.0;0;0;1.0;0;0;0;0;0;1.0;1.0;0;0;0;0;0
1033025;6.21;0.99;92.0;4315.0;31.5;83.25;18.0;36.47;43.33;14.48;0.15;0.42;2.31;153018.0;91.0;93.0;32.0;4546.0;999.07;664.05;5.0;1.0;0;1.0;0;0;1.0;0;0;0;0;0;1.0;1.0;0;0;0;0;0
1033548;5.96;0.97;95.0;4449.0;31.5;83.25;18.0;36.47;42.20;14.48;1.66;0.03;2.31;153018.0;93.0;96.0;32.0;4514.0;999.03;683.58;5.0;1.0;0;1.0;0;0;1.0;0;0;0;0;0;1.0;1.0;0;0;0;0;0
1034097;5.72;0.96;97.0;4476.0;31.5;83.25;18.75;36.08;42.01;14.29;2.49;0;2.58;153018.0;96.0;98.0;32.0;4519.0;998.87;624.99;5.0;1.0;0;1.0;0;0;1.0;0;0;0;0;0;1.0;1.0;0;0;0;0;0
1034611;5.69;0.98;100.0;4635.0;31.5;83.25;21.0;35.69;40.91;14.48;0.62;0;2.31;153018.0;98.0;101.0;32.0;4502.0;998.68;761.70;5.0;1.0;0;1.0;0;0;1.0;0;0;0;0;0;1.0;1.0;0;0;0;0;0
1035136;5.73;1.00;102.0;4739.0;31.5;83.25;21.75;35.69;40.40;14.48;0.13;0.95;2.31;153018.0;101.0;103.0;32.0;4438.0;998.64;39.06;5.0;1.0;0;1.0;0;0;1.0;0;0;0;0;0;1.0;1.0;0;0;0;0;0
1035677;4.47;1.00;102.0;4376.0;31.5;83.25;33.0;20.00;30.70;14.39;0;0.27;2.31;153018.0;101.0;102.0;32.0;4503.0;998.45;859.36;6.0;1.0;0;1.0;0;0;1.0;0;0;0;0;0;1.0;1.0;0;0;0;0;0
1036203;4.86;0.96;103.0;4400.0;31.5;83.25;25.5;26.66;36.51;14.48;0;0;2.31;153018.0;101.0;103.0;32.0;4533.0;998.37;624.99;6.0;1.0;0;1.0;0;0;1.0;0;0;0;0;0;1.0;1.0;0;0;0;0;0
1036728;4.94;0.98;105.0;4430.0;31.5;83.25;24.75;27.06;36.67;14.48;0;0;2.31;153018.0;102.0;105.0;32.0;4504.0;998.29;761.70;6.0;1.0;0;1.0;0;0;1.0;0;0;0;0;0;1.0;1.0;0;0;0;0;0
1037263;4.71;0.96;106.0;4474.0;31.5;83.25;26.25;26.27;35.48;14.48;0;1.30;2.31;153018.0;104.0;106.0;32.0;4504.0;998.13;800.77;6.0;1.0;0;1.0;0;0;1.0;0;0;0;0;0;1.0;1.0;0;0;0;0;0
1037787;4.41;0.94;106.0;4430.0;31.5;83.25;28.5;24.31;34.34;14.48;0;0.35;2.31;153018.0;105.0;107.0;32.0;4511.0;998.17;488.27;6.0;1.0;0;1.0;0;0;1.0;0;0;0;0;0;1.0;1.0;0;0;0;0;0
1038328;4.20;0.93;108.0;4492.0;31.5;83.25;29.25;23.53;33.36;14.48;1.01;0.70;2.31;153018.0;105.0;108.0;32.0;4514.0;998.02;742.17;6.0;1.0;0;1.0;0;0;1.0;0;0;0;0;0;1.0;1.0;0;0;0;0;0
1038852;4.10;0.95;108.0;4560.0;31.5;83.25;31.5;22.35;31.65;14.48;1.34;2.14;2.31;153018.0;107.0;109.0;32.0;4506.0;997.94;742.17;6.0;1.0;0;1.0;0;0;1.0;0;0;0;0;0;1.0;1.0;0;0;0;0;0
1039392;3.71;0.94;108.0;4557.0;31.5;83.25;34.5;19.61;29.35;14.48;1.75;0.66;2.31;153018.0;107.0;109.0;32.0;4509.0;997.86;722.64;6.0;1.0;0;1.0;0;0;1.0;0;0;0;0;0;1.0;1.0;0;0;0;0;0
1039916;3.56;0.96;110.0;4592.0;31.5;83.25;36.0;17.64;27.63;14.48;0.35;0.05;2.31;153018.0;107.0;110.0;32.0;4510.0;997.74;683.58;6.0;1.0;0;1.0;0;0;1.0;0;0;0;0;0;1.0;1.0;0;0;0;0;0
1040553;3.14;0.95;110.0;4603.0;31.5;84.0;39.75;14.51;24.93;14.48;0;0;2.31;153018.0;108.0;110.0;32.0;4497.0;997.51;605.46;6.0;1.0;0;1.0;0;0;1.0;0;0;0;0;0;1.0;1.0;0;0;0;0;0
1041108;2.68;0.91;108.0;4651.0;31.5;84.0;42.75;11.76;22.13;14.39;0;0;2.31;153018.0;107.0;109.0;32.0;4496.0;997.43;234.37;6.0;1.0;0;1.0;0;0;1.0;0;0;0;0;0;1.0;1.0;0;0;0;0;0
1041656;2.80;0.94;108.0;4615.0;31.5;84.0;42.0;11.76;22.41;14.48;0.60;0;2.31;153018.0;107.0;109.0;32.0;4495.0;997.27;820.30;6.0;1.0;0;1.0;0;0;1.0;0;0;0;0;0;1.0;1.0;0;0;0;0;0
1042230;2.44;0.88;108.0;4540.0;31.5;84.0;44.25;10.19;20.74;14.48;0.11;0;2.31;153018.0;107.0;108.0;32.0;4506.0;997.12;683.58;6.0;1.0;0;1.0;0;0;1.0;0;0;0;0;0;1.0;1.0;0;0;0;0;0
1042752;2.50;0.85;107.0;4549.0;31.5;84.0;42.75;11.37;21.99;14.39;0;1.56;2.31;153018.0;106.0;108.0;32.0;4515.0;997.12;58.59;6.0;1.0;0;1.0;0;0;1.0;0;0;0;0;0;1.0;1.0;0;0;0;0;0
1043322;2.99;0.94;107.0;4614.0;31.5;84.0;41.25;12.94;23.57;14.39;0;1.71;2.31;153019.0;106.0;107.0;32.0;4518.0;996.96;742.17;6.0;1.0;0;1.0;0;0;1.0;0;0;0;0;0;1.0;1.0;0;0;0;0;0
1043871;3.08;0.92;107.0;4587.0;31.5;84.0;39.0;14.51;25.06;14.48;1.97;1.89;2.31;153019.0;106.0;107.0;32.0;4522.0;996.88;683.58;6.0;1.0;0;1.0;0;0;1.0;0;0;0;0;0;1.0;1.0;0;0;0;0;0
1044452;2.88;0.92;107.0;4556.0;31.5;84.0;41.25;12.94;23.51;14.39;2.16;0.42;2.31;153019.0;105.0;107.0;32.0;4512.0;996.88;742.17;6.0;1.0;0;1.0;0;0;1.0;0;0;0;0;0;1.0;1.0;0;0;0;0;0
1045103;2.92;0.93;107.0;4525.0;31.5;84.0;41.25;12.55;23.48;14.39;0.66;0.93;2.31;153019.0;106.0;107.0;32.0;4505.0;996.84;781.24;6.0;1.0;0;1.0;0;0;1.0;0;0;0;0;0;1.0;1.0;0;0;0;0;0
1045626;2.81;0.91;106.0;4566.0;31.5;84.0;41.25;12.15;23.40;14.39;0.93;0.70;2.31;153019.0;106.0;107.0;32.0;4506.0;996.69;781.24;6.0;1.0;0;1.0;0;0;1.0;0;0;0;0;0;1.0;1.0;0;0;0;0;0
1046440;2.74;0.88;107.0;4503.0;31.5;83.25;40.5;12.15;23.27;14.48;0.23;0.15;2.31;153019.0;105.0;107.0;32.0;4513.0;996.65;136.71;6.0;1.0;0;1.0;0;0;1.0;0;0;0;0;0;1.0;1.0;0;0;0;0;0
1046988;2.92;0.92;106.0;4467.0;31.5;83.25;41.25;12.55;23.76;14.48;0;0;2.31;153019.0;105.0;107.0;32.0;4516.0;996.61;117.18;6.0;1.0;0;1.0;0;0;1.0;0;0;0;0;0;1.0;1.0;0;0;0;0;0
1047501;3.19;0.96;106.0;4498.0;31.5;83.25;39.75;14.11;24.73;14.48;0;1.97;2.31;153019.0;105.0;107.0;32.0;4521.0;996.57;761.70;6.0;1.0;0;1.0;0;0;1.0;0;0;0;0;0;1.0;1.0;0;0;0;0;0
1048048;3.53;0.95;107.0;4482.0;31.5;83.25;36.75;17.25;27.53;14.48;1.01;0.60;2.31;153019.0;105.0;107.0;32.0;4530.0;996.53;624.99;6.0;1.0;0;1.0;0;0;1.0;0;0;0;0;0;1.0;1.0;0;0;0;0;0
1048562;3.31;0.93;107.0;4502.0;31.5;83.25;37.5;15.68;26.41;14.48;0.27;1.73;2.31;153019.0;106.0;107.0;32.0;4510.0;996.53;292.96;6.0;1.0;0;1.0;0;0;1.0;0;0;0;0;0;1.0;1.0;0;0;0;0;0
1049109;3.21;0.96;108.0;4501.0;31.5;83.25;39.0;14.51;25.06;14.39;0;2.16;2.31;153019.0;106.0;108.0;32.0;4509.0;996.53;624.99;6.0;1.0;0;1.0;0;0;1.0;0;0;0;0;0;1.0;1.0;0;0;0;0;0
1049723;2.88;0.93;108.0;4521.0;31.5;83.25;42.0;12.15;23.17;14.39;0;1.91;2.31;153019.0;107.0;108.0;32.0;4513.0;996.49;664.05;6.0;1.0;0;1.0;0;0;1.0;0;0;0;0;0;1.0;1.0;0;0;0;0;0
1050273;2.82;0.94;108.0;4631.0;31.5;83.25;42.0;11.76;22.49;14.48;2.57;0.42;2.31;153019.0;106.0;108.0;32.0;4510.0;996.49;761.70;6.0;1.0;0;1.0;0;0;1.0;0;0;0;0;0;1.0;1.0;0;0;0;0;0
1050797;2.81;0.93;108.0;4604.0;31.5;83.25;42.0;11.76;22.71;14.48;0.82;1.42;2.31;153019.0;107.0;108.0;32.0;4507.0;996.49;429.68;6.0;1.0;0;1.0;0;0;1.0;0;0;0;0;0;1.0;1.0;0;0;0;0;0
1051334;2.73;0.90;108.0;4593.0;31.5;83.25;42.0;11.76;22.72;14.48;0.11;1.42;2.31;153019.0;106.0;108.0;32.0;4504.0;996.49;468.74;6.0;1.0;0;1.0;0;0;1.0;0;0;0;0;0;1.0;1.0;0;0;0;0;0
1051857;2.82;0.91;108.0;4596.0;31.5;82.5;42.0;12.94;23.14;14.48;0;0.39;2.31;153019.0;106.0;109.0;33.0;4515.0;996.49;214.84;6.0;1.0;0;1.0;0;0;1.0;0;0;0;0;0;1.0;1.0;0;0;0;0;0
1052388;3.40;0.99;108.0;4623.0;31.5;82.5;39.0;16.08;25.59;14.39;0;0;2.31;153019.0;107.0;109.0;33.0;4519.0;996.49;761.70;6.0;1.0;0;1.0;0;0;1.0;0;0;0;0;0;1.0;1.0;0;0;0;0;0
1052982;3.09;0.95;108.0;4615.0;31.5;82.5;40.5;14.11;24.53;14.48;0;1.30;2.31;153019.0;107.0;109.0;33.0;4522.0;996.49;781.24;6.0;1.0;0;1.0;0;0;1.0;0;0;0;0;0;1.0;1.0;0;0;0;0;0
1053505;2.88;0.95;110.0;4551.0;31.5;82.5;42.0;11.76;22.85;14.48;0;0.25;2.31;153019.0;108.0;110.0;33.0;4501.0;996.49;800.77;6.0;1.0;0;1.0;0;0;1.0;0;0;0;0;0;1.0;1.0;0;0;0;0;0
1054082;2.52;0.91;110.0;4579.0;31.5;82.5;43.5;10.19;21.10;14.39;1.01;0;2.31;153019.0;108.0;110.0;33.0;4498.0;996.49;800.77;6.0;1.0;0;1.0;0;0;1.0;0;0;0;0;0;1.0;1.0;0;0;0;0;0
1054608;2.09;0.88;108.0;4595.0;31.5;82.5;46.5;8.23;17.99;14.48;1.54;0;2.31;153019.0;108.0;109.0;33.0;4479.0;996.49;722.64;6.0;1.0;0;1.0;0;0;1.0;0;0;0;0;0;1.0;1.0;0;0;0;0;0
1055143;1.95;0.82;107.0;4534.0;31.5;82.5;45.75;8.23;17.83;14.39;2.14;0.78;2.31;153019.0;106.0;108.0;33.0;4497.0;996.49;117.18;6.0;1.0;0;1.0;0;0;1.0;0;0;0;0;0;1.0;1.0;0;0;0;0;0
1055669;2.08;0.85;106.0;4486.0;31.5;82.5;45.0;8.23;18.55;14.39;2.38;0.21;2.31;153019.0;106.0;107.0;33.0;4507.0;996.49;800.77;6.0;1.0;0;1.0;0;0;1.0;0;0;0;0;0;1.0;1.0;0;0;0;0;0
1056241;2.07;0.82;106.0;4480.0;31.5;81.75;45.0;8.62;19.05;14.39;1.69;2.42;2.31;153019.0;104.0;106.0;33.0;4514.0;996.49;117.18;6.0;1.0;0;1.0;0;0;1.0;0;0;0;0;0;1.0;1.0;0;0;0;0;0
1056823;2.31;0.87;106.0;4476.0;31.5;81.75;43.5;9.41;20.00;14.48;3.41;2.14;2.31;153019.0;105.0;106.0;33.0;4514.0;996.49;156.24;6.0;1.0;0;1.0;0;0;1.0;0;0;0;0;0;1.0;1.0;0;0;0;0;0
1057347;2.56;0.91;105.0;4533.0;31.5;81.75;42.75;10.58;21.24;14.48;0.93;2.24;2.31;153019.0;104.0;106.0;33.0;4527.0;996.49;820.30;6.0;1.0;0;1.0;0;0;1.0;0;0;0;0;0;1.0;1.0;0;0;0;0;0
1057892;2.30;0.88;105.0;4508.0;31.5;81.75;44.25;9.02;19.72;14.29;0.25;0.70;2.58;153019.0;103.0;105.0;33.0;4492.0;996.49;781.24;6.0;1.0;0;1.0;0;0;1.0;0;0;0;0;0;1.0;1.0;0;0;0;0;0
1058416;2.12;0.82;105.0;4491.0;31.5;81.75;44.25;9.02;19.75;14.39;0;0.09;2.31;153019.0;104.0;105.0;33.0;4511.0;996.49;97.65;6.0;1.0;0;1.0;0;0;1.0;0;0;0;0;0;1.0;1.0;0;0;0;0;0
1058953;2.49;0.89;105.0;4459.0;31.5;81.75;42.75;10.19;21.11;14.48;0;1.01;2.31;153019.0;104.0;105.0;33.0;4520.0;996.49;742.17;6.0;1.0;0;1.0;0;0;1.0;0;0;0;0;0;1.0;1.0;0;0;0;0;0
1059477;2.68;0.88;105.0;4451.0;31.5;81.75;41.25;11.76;22.92;14.39;0;1.99;2.31;153019.0;104.0;106.0;33.0;4519.0;996.49;429.68;6.0;1.0;0;1.0;0;0;1.0;0;0;0;0;0;1.0;1.0;0;0;0;0;0
1060004;2.80;0.91;106.0;4433.0;31.5;81.75;41.25;11.76;22.78;14.39;0.64;0.46;2.31;153019.0;105.0;106.0;33.0;4525.0;996.49;781.24;6.0;1.0;0;1.0;0;0;1.0;0;0;0;0;0;1.0;1.0;0;0;0;0;0
1060543;2.65;0.92;106.0;4446.0;31.5;81.75;42.0;10.58;21.80;14.39;0.13;0.03;2.31;153019.0;105.0;106.0;33.0;4515.0;996.49;820.30;6.0;1.0;0;1.0;0;0;1.0;0;0;0;0;0;1.0;1.0;0;0;0;0;0
1061068;2.32;0.88;106.0;4445.0;31.5;81.75;44.25;9.02;19.91;14.48;0;0;2.31;153019.0;105.0;107.0;33.0;4494.0;996.49;800.77;6.0;1.0;0;1.0;0;0;1.0;0;0;0;0;0;1.0;1.0;0;0;0;0;0
1061603;1.83;0.82;106.0;4444.0;31.5;81.75;45.75;7.45;16.92;14.39;1.66;1.01;2.31;153019.0;105.0;107.0;33.0;4491.0;996.57;781.24;6.0;1.0;0;1.0;0;0;1.0;0;0;0;0;0;1.0;1.0;0;0;0;0;0
1062127;1.49;0.77;106.0;4424.0;31.5;81.75;47.25;6.27;14.42;14.48;0.48;1.17;2.31;153019.0;104.0;106.0;33.0;4470.0;996.61;781.24;6.0;1.0;0;1.0;0;0;1.0;0;0;0;0;0;1.0;1.0;0;0;0;0;0
1062754;1.39;0.73;105.0;4381.0;31.5;81.0;47.25;6.27;14.17;14.48;1.73;1.36;2.31;153019.0;104.0;105.0;33.0;4506.0;996.65;97.65;6.0;1.0;0;1.0;0;0;1.0;0;0;0;0;0;1.0;1.0;0;0;0;0;0
1063281;2.24;0.79;103.0;4401.0;31.5;81.0;42.75;10.58;21.57;14.48;3.61;0.41;2.31;153019.0;103.0;104.0;33.0;4556.0;996.65;19.53;6.0;1.0;0;1.0;0;0;1.0;0;0;0;0;0;1.0;1.0;0;0;0;0;0
1063806;2.79;0.87;105.0;4405.0;31.5;81.0;39.75;12.94;24.14;14.48;0.99;0;2.31;153019.0;103.0;105.0;33.0;4548.0;996.69;39.06;6.0;1.0;0;1.0;0;0;1.0;0;0;0;0;0;1.0;1.0;0;0;0;0;0
1064349;3.14;0.97;106.0;4409.0;31.5;81.0;39.75;13.33;24.47;14.48;0.27;0;2.31;153019.0;104.0;106.0;33.0;4525.0;996.69;820.30;6.0;1.0;0;1.0;0;0;1.0;0;0;0;0;0;1.0;1.0;0;0;0;0;0
1064873;2.93;0.91;106.0;4431.0;31.5;81.0;39.75;12.94;24.19;14.39;0;0;2.31;153019.0;104.0;107.0;33.0;4512.0;996.84;683.58;6.0;1.0;0;1.0;0;0;1.0;0;0;0;0;0;1.0;1.0;0;0;0;0;0
1065412;2.82;0.91;107.0;4507.0;31.5;81.0;41.25;12.15;23.19;14.39;0;0;2.31;153019.0;106.0;108.0;33.0;4511.0;996.88;507.80;6.0;1.0;0;1.0;0;0;1.0;0;0;0;0;0;1.0;1.0;0;0;0;0;0
1065934;2.78;0.92;108.0;4505.0;31.5;81.0;42.0;11.76;22.62;14.39;1.56;0;2.31;153019.0;106.0;108.0;33.0;4514.0;996.84;605.46;6.0;1.0;0;1.0;0;0;1.0;0;0;0;0;0;1.0;1.0;0;0;0;0;0
1066468;2.61;0.89;108.0;4573.0;31.5;81.0;42.75;11.37;21.96;14.48;2.05;0;2.31;153019.0;107.0;108.0;33.0;4505.0;996.84;78.12;6.0;1.0;0;1.0;0;0;1.0;0;0;0;0;0;1.0;1.0;0;0;0;0;0
1067038;2.73;0.94;108.0;4538.0;31.5;81.0;42.75;10.98;21.79;14.48;1.89;0;2.31;153019.0;106.0;109.0;33.0;4509.0;996.80;800.77;6.0;1.0;0;1.0;0;0;1.0;0;0;0;0;0;1.0;1.0;0;0;0;0;0
1067562;2.61;0.90;108.0;4565.0;31.5;81.0;42.75;10.98;21.88;14.39;2.14;0.78;2.31;153019.0;107.0;109.0;33.0;4512.0;996.84;78.12;6.0;1.0;0;1.0;0;0;1.0;0;0;0;0;0;1.0;1.0;0;0;0;0;0
1068098;2.84;0.96;108.0;4563.0;31.5;81.0;42.75;11.37;22.36;14.39;2.12;1.01;2.31;153019.0;108.0;109.0;33.0;4539.0;996.80;742.17;6.0;1.0;0;1.0;0;0;1.0;0;0;0;0;0;1.0;1.0;0;0;0;0;0
1068624;2.69;0.91;110.0;4592.0;31.5;81.0;42.75;11.76;22.33;14.48;2.67;1.34;2.31;153019.0;108.0;110.0;33.0;4521.0;996.80;605.46;6.0;1.0;0;1.0;0;0;1.0;0;0;0;0;0;1.0;1.0;0;0;0;0;0
1069166;2.76;0.94;110.0;4604.0;31.5;81.0;42.75;11.37;22.16;14.39;0.93;0.33;2.31;153019.0;109.0;110.0;33.0;4516.0;996.92;644.52;6.0;1.0;0;1.0;0;0;1.0;0;0;0;0;0;1.0;1.0;0;0;0;0;0
1069689;2.76;0.95;110.0;4625.0;31.5;81.0;42.75;11.37;21.93;14.48;0.15;0;2.31;153019.0;108.0;110.0;33.0;4520.0;996.92;820.30;6.0;1.0;0;1.0;0;0;1.0;0;0;0;0;0;1.0;1.0;0;0;0;0;0
1070214;2.67;0.92;110.0;4659.0;31.5;81.0;42.75;11.37;21.86;14.48;0;0;2.31;153019.0;108.0;110.0;33.0;4512.0;996.92;136.71;6.0;1.0;0;1.0;0;0;1.0;0;0;0;0;0;1.0;1.0;0;0;0;0;0
1070752;2.72;0.96;110.0;4681.0;31.5;81.0;43.5;10.98;21.37;14.48;0;0;2.31;153019.0;109.0;110.0;33.0;4511.0;996.92;781.24;6.0;1.0;0;1.0;0;0;1.0;0;0;0;0;0;1.0;1.0;0;0;0;0;0
1071277;2.56;0.92;111.0;4762.0;31.5;81.0;43.5;10.98;20.84;14.48;1.97;0;2.31;153019.0;110.0;111.0;33.0;4511.0;996.96;624.99;6.0;1.0;0;1.0;0;0;1.0;0;0;0;0;0;1.0;1.0;0;0;0;0;0
1071816;2.53;0.92;111.0;4753.0;31.5;81.0;44.25;10.58;20.68;14.39;0.44;3.55;2.31;153019.0;109.0;111.0;33.0;4510.0;997.00;136.71;6.0;1.0;0;1.0;0;0;1.0;0;0;0;0;0;1.0;1.0;0;0;0;0;0
1072339;2.62;0.96;111.0;4727.0;31.5;81.0;44.25;10.58;20.58;14.48;2.03;1.19;2.31;153019.0;109.0;111.0;33.0;4514.0;997.04;800.77;6.0;1.0;0;1.0;0;0;1.0;0;0;0;0;0;1.0;1.0;0;0;0;0;0
1072883;2.48;0.92;111.0;4746.0;31.5;81.0;44.25;10.58;20.50;14.48;0.46;2.20;2.31;153019.0;109.0;111.0;33.0;4506.0;997.20;546.86;6.0;1.0;0;1.0;0;0;1.0;0;0;0;0;0;1.0;1.0;0;0;0;0;0
1073416;2.55;0.93;111.0;4729.0;31.5;81.0;44.25;10.58;20.57;14.48;0.01;1.60;2.31;153019.0;110.0;111.0;33.0;4512.0;997.16;703.11;6.0;1.0;0;1.0;0;0;1.0;0;0;0;0;0;1.0;1.0;0;0;0;0;0
1073949;2.48;0.92;111.0;4728.0;31.5;81.0;44.25;10.19;20.33;14.39;2.26;0.42;2.31;153019.0;110.0;111.0;33.0;4512.0;997.16;214.84;6.0;1.0;0;1.0;0;0;1.0;0;0;0;0;0;1.0;1.0;0;0;0;0;0
1074496;2.47;0.93;111.0;4652.0;31.5;81.0;45.0;9.41;19.82;14.48;0.70;4.98;2.31;153019.0;109.0;112.0;33.0;4506.0;997.20;800.77;6.0;1.0;0;1.0;0;0;1.0;0;0;0;0;0;1.0;1.0;0;0;0;0;0
1075062;2.23;0.86;111.0;4667.0;31.5;81.0;45.0;9.02;19.47;14.48;0.05;1.34;2.31;153019.0;109.0;111.0;33.0;4507.0;997.27;273.43;6.0;1.0;0;1.0;0;0;1.0;0;0;0;0;0;1.0;1.0;0;0;0;0;0
1075652;2.28;0.90;111.0;4751.0;31.5;81.0;45.75;9.02;19.16;14.48;0;0.25;2.31;153019.0;110.0;111.0;33.0;4507.0;997.35;390.62;6.0;1.0;0;1.0;0;0;1.0;0;0;0;0;0;1.0;1.0;0;0;0;0;0
1076176;2.60;0.90;111.0;4691.0;31.5;81.0;43.5;11.37;21.33;14.48;1.23;0;2.31;153019.0;109.0;111.0;33.0;4517.0;997.39;117.18;6.0;1.0;0;1.0;0;0;1.0;0;0;0;0;0;1.0;1.0;0;0;0;0;0
1076709;2.98;0.98;111.0;4700.0;31.5;81.0;42.0;12.55;22.88;14.39;0.33;1.56;2.31;153020.0;110.0;112.0;33.0;4517.0;997.47;781.24;6.0;1.0;0;1.0;0;0;1.0;0;0;0;0;0;1.0;1.0;0;0;0;0;0
1077241;2.92;0.96;112.0;4666.0;31.5;81.0;42.0;12.15;22.82;14.48;0;0.44;2.31;153020.0;110.0;112.0;33.0;4524.0;997.47;683.58;6.0;1.0;0;1.0;0;0;1.0;0;0;0;0;0;1.0;1.0;0;0;0;0;0
1077765;2.76;0.95;112.0;4708.0;31.5;81.0;42.75;11.37;21.83;14.48;0.95;0.01;2.31;153020.0;111.0;112.0;33.0;4501.0;997.55;761.70;6.0;1.0;0;1.0;0;0;1.0;0;0;0;0;0;1.0;1.0;0;0;0;0;0
1078282;2.59;0.94;112.0;4685.0;31.5;81.0;44.25;10.58;20.77;14.48;0.17;0;2.31;153020.0;110.0;113.0;33.0;4512.0;997.66;761.70;6.0;1.0;0;1.0;0;0;1.0;0;0;0;0;0;1.0;1.0;0;0;0;0;0
1078825;2.47;0.92;112.0;4705.0;31.5;81.0;44.25;10.19;20.23;14.48;0;4.72;2.31;153020.0;111.0;113.0;33.0;4507.0;997.62;624.99;6.0;1.0;0;1.0;0;0;1.0;0;0;0;0;0;1.0;1.0;0;0;0;0;0
1079347;2.41;0.91;112.0;4783.0;31.5;81.0;45.0;10.19;19.90;14.48;0;1.50;2.31;153020.0;111.0;112.0;33.0;4506.0;997.62;312.49;6.0;1.0;0;1.0;0;0;1.0;0;0;0;0;0;1.0;1.0;0;0;0;0;0
1079878;2.40;0.91;112.0;4815.0;31.5;81.0;45.75;9.80;19.77;14.48;3.55;0.31;2.31;153020.0;110.0;112.0;33.0;4512.0;997.66;292.96;6.0;1.0;0;1.0;0;0;1.0;0;0;0;0;0;1.0;1.0;0;0;0;0;0
1080402;2.4;0.93;112.0;4817.0;31.5;81.0;45.75;9.80;19.55;14.48;1.97;0;2.31;153020.0;110.0;113.0;33.0;4508.0;997.66;664.05;6.0;1.0;0;1.0;0;0;1.0;0;0;0;0;0;1.0;1.0;0;0;0;0;0
1080957;2.29;0.88;112.0;4781.0;31.5;81.0;45.75;9.80;19.69;14.48;0.60;0;2.31;153020.0;111.0;112.0;33.0;4515.0;997.66;117.18;6.0;1.0;0;1.0;0;0;1.0;0;0;0;0;0;1.0;1.0;0;0;0;0;0
1081472;2.46;0.93;112.0;4684.0;31.5;81.0;45.0;9.80;19.79;14.39;0.01;0;2.31;153020.0;110.0;112.0;33.0;4505.0;997.70;800.77;6.0;1.0;0;1.0;0;0;1.0;0;0;0;0;0;1.0;1.0;0;0;0;0;0
1081997;2.36;0.90;111.0;4716.0;31.5;81.0;45.0;9.80;19.77;14.48;0;0;2.31;153020.0;110.0;112.0;33.0;4513.0;997.82;781.24;6.0;1.0;0;1.0;0;0;1.0;0;0;0;0;0;1.0;1.0;0;0;0;0;0
1082560;2.43;0.92;112.0;4692.0;31.5;81.0;45.0;9.80;19.95;14.48;0;0;2.31;153020.0;110.0;112.0;33.0;4520.0;997.94;703.11;6.0;1.0;0;1.0;0;0;1.0;0;0;0;0;0;1.0;1.0;0;0;0;0;0
1083480;2.56;0.93;112.0;4706.0;31.5;81.0;44.25;10.58;20.71;14.39;0;0;2.31;153020.0;110.0;112.0;33.0;4509.0;997.86;683.58;6.0;1.0;0;1.0;0;0;1.0;0;0;0;0;0;1.0;1.0;0;0;0;0;0
1084025;2.50;0.92;111.0;4716.0;31.5;81.0;44.25;10.19;20.38;14.39;0;0;2.31;153020.0;110.0;112.0;33.0;4513.0;997.98;585.93;6.0;1.0;0;1.0;0;0;1.0;0;0;0;0;0;1.0;1.0;0;0;0;0;0
1084562;2.43;0.92;111.0;4804.0;31.5;81.0;45.0;9.80;19.81;14.48;1.79;0;2.31;153020.0;110.0;112.0;33.0;4504.0;997.90;703.11;6.0;1.0;0;1.0;0;0;1.0;0;0;0;0;0;1.0;1.0;0;0;0;0;0
1085098;2.4;0.92;112.0;4746.0;31.5;81.0;45.75;9.80;19.57;14.39;0.39;3.55;2.31;153020.0;110.0;112.0;33.0;4506.0;998.02;800.77;6.0;1.0;0;1.0;0;0;1.0;0;0;0;0;0;1.0;1.0;0;0;0;0;0
1085618;2.19;0.87;112.0;4735.0;31.5;81.0;45.75;9.02;18.98;14.39;0;1.97;2.31;153020.0;111.0;112.0;33.0;4509.0;998.09;78.12;6.0;1.0;0;1.0;0;0;1.0;0;0;0;0;0;1.0;1.0;0;0;0;0;0
1086231;2.55;0.92;111.0;4769.0;31.5;81.0;43.5;10.98;21.04;14.39;4.84;0.60;2.31;153020.0;110.0;112.0;33.0;4518.0;998.05;410.15;6.0;1.0;0;1.0;0;0;1.0;0;0;0;0;0;1.0;1.0;0;0;0;0;0
1086752;2.70;0.96;111.0;4767.0;31.5;81.0;43.5;10.98;21.16;14.48;1.30;2.03;2.31;153020.0;111.0;112.0;33.0;4518.0;998.13;742.17;6.0;1.0;0;1.0;0;0;1.0;0;0;0;0;0;1.0;1.0;0;0;0;0;0
1087300;2.54;0.92;111.0;4780.0;31.5;81.0;44.25;10.98;20.77;14.48;0.25;0.42;2.31;153020.0;110.0;112.0;33.0;4508.0;998.21;820.30;6.0;1.0;0;1.0;0;0;1.0;0;0;0;0;0;1.0;1.0;0;0;0;0;0
1087818;2.43;0.90;112.0;4786.0;31.5;81.0;45.0;10.19;20.30;14.48;1.56;0.01;2.31;153020.0;110.0;112.0;33.0;4507.0;998.21;117.18;6.0;1.0;0;1.0;0;0;1.0;0;0;0;0;0;1.0;1.0;0;0;0;0;0
1088351;2.48;0.93;112.0;4768.0;31.5;81.0;45.0;9.80;20.04;14.39;0.41;0;2.31;153020.0;111.0;113.0;33.0;4520.0;998.21;722.64;6.0;1.0;0;1.0;0;0;1.0;0;0;0;0;0;1.0;1.0;0;0;0;0;0
1088905;2.28;0.89;111.0;4762.0;31.5;81.0;45.75;9.41;19.45;14.48;0;1.56;2.31;153020.0;111.0;112.0;33.0;4502.0;998.33;742.17;6.0;1.0;0;1.0;0;0;1.0;0;0;0;0;0;1.0;1.0;0;0;0;0;0
1089483;2.24;0.86;111.0;4681.0;31.5;81.0;45.0;9.41;19.62;14.48;0;0.41;2.31;153020.0;110.0;112.0;33.0;4514.0;998.21;781.24;6.0;1.0;0;1.0;0;0;1.0;0;0;0;0;0;1.0;1.0;0;0;0;0;0
1090011;1.85;0.85;111.0;4734.0;31.5;81.0;47.25;7.84;16.37;14.48;1.23;0;2.31;153020.0;110.0;111.0;33.0;4477.0;998.25;566.39;6.0;1.0;0;1.0;0;0;1.0;0;0;0;0;0;1.0;1.0;0;0;0;0;0
1090560;2.36;0.87;111.0;4759.0;31.5;81.0;44.25;10.19;20.37;14.39;0.33;1.97;2.31;153020.0;110.0;111.0;33.0;4530.0;998.37;39.06;6.0;1.0;0;1.0;0;0;1.0;0;0;0;0;0;1.0;1.0;0;0;0;0;0
1091128;2.62;0.96;111.0;4723.0;31.5;81.0;44.25;10.58;20.61;14.39;1.97;0.44;2.31;153020.0;110.0;112.0;33.0;4519.0;998.48;800.77;6.0;1.0;0;1.0;0;0;1.0;0;0;0;0;0;1.0;1.0;0;0;0;0;0
1091668;2.41;0.91;111.0;4709.0;31.5;81.0;45.0;9.80;19.95;14.39;1.50;0.01;2.31;153020.0;109.0;112.0;33.0;4511.0;998.60;683.58;6.0;1.0;0;1.0;0;0;1.0;0;0;0;0;0;1.0;1.0;0;0;0;0;0
1092191;2.25;0.89;111.0;4638.0;31.5;81.0;45.0;9.02;19.21;14.48;0.29;1.42;2.31;153020.0;109.0;111.0;33.0;4513.0;998.64;800.77;6.0;1.0;0;1.0;0;0;1.0;0;0;0;0;0;1.0;1.0;0;0;0;0;0
1092756;2.16;0.85;111.0;4623.0;31.5;81.0;45.0;9.02;19.22;14.39;1.05;0.39;2.31;153020.0;110.0;111.0;33.0;4511.0;998.68;78.12;6.0;1.0;0;1.0;0;0;1.0;0;0;0;0;0;1.0;1.0;0;0;0;0;0
1093304;2.19;0.88;110.0;4691.0;31.5;81.0;45.75;9.02;18.78;14.48;0.19;0;2.31;153020.0;109.0;111.0;33.0;4517.0;998.76;664.05;6.0;1.0;0;1.0;0;0;1.0;0;0;0;0;0;1.0;1.0;0;0;0;0;0
1093879;2.16;0.86;110.0;4738.0;31.5;81.0;45.75;9.02;19.01;14.48;0;0;2.31;153020.0;109.0;110.0;33.0;4518.0;998.80;97.65;6.0;1.0;0;1.0;0;0;1.0;0;0;0;0;0;1.0;1.0;0;0;0;0;0
1094474;2.60;0.92;110.0;4694.0;31.5;81.0;43.5;10.98;21.36;14.48;0;0;2.31;153020.0;108.0;110.0;33.0;4523.0;998.84;97.65;6.0;1.0;0;1.0;0;0;1.0;0;0;0;0;0;1.0;1.0;0;0;0;0;0
1095093;2.83;0.95;110.0;4684.0;31.5;81.0;42.75;11.76;22.36;14.48;0;0.95;2.31;153020.0;109.0;111.0;33.0;4525.0;998.87;800.77;6.0;1.0;0;1.0;0;0;1.0;0;0;0;0;0;1.0;1.0;0;0;0;0;0
1095721;2.80;0.96;111.0;4745.0;31.5;81.0;42.75;11.76;21.95;14.39;2.26;0.27;2.31;153020.0;110.0;111.0;33.0;4510.0;998.87;820.30;6.0;1.0;0;1.0;0;0;1.0;0;0;0;0;0;1.0;1.0;0;0;0;0;0
1096244;2.76;0.95;111.0;4781.0;31.5;81.0;42.75;11.76;21.83;14.48;0.54;1.24;2.31;153020.0;110.0;112.0;33.0;4513.0;998.87;742.17;6.0;1.0;0;1.0;0;0;1.0;0;0;0;0;0;1.0;1.0;0;0;0;0;0
1096767;3.09;0.94;111.0;4793.0;31.5;81.0;41.25;14.51;23.86;14.39;2.01;0.25;2.31;153020.0;110.0;112.0;33.0;4523.0;998.91;312.49;6.0;1.0;0;1.0;0;0;1.0;0;0;0;0;0;1.0;1.0;0;0;0;0;0
1097290;3.36;1.01;112.0;4842.0;31.5;81.0;40.5;16.08;24.70;14.48;0.58;0;2.31;153020.0;110.0;113.0;33.0;4520.0;998.91;761.70;6.0;1.0;0;1.0;0;0;1.0;0;0;0;0;0;1.0;1.0;0;0;0;0;0
1097840;3.04;0.99;113.0;4809.0;31.5;81.0;42.0;13.72;23.10;14.29;0.07;0;2.58;153020.0;111.0;114.0;33.0;4512.0;998.99;683.58;6.0;1.0;0;1.0;0;0;1.0;0;0;0;0;0;1.0;1.0;0;0;0;0;0
1098364;2.94;0.98;115.0;4761.0;31.5;81.0;42.75;12.55;22.54;14.39;0;0;2.31;153020.0;112.0;115.0;33.0;4501.0;999.19;800.77;6.0;1.0;0;1.0;0;0;1.0;0;0;0;0;0;1.0;1.0;0;0;0;0;0
1098999;2.72;0.91;113.0;4788.0;31.5;81.0;42.75;12.15;22.25;14.48;0;0;2.31;153020.0;112.0;114.0;33.0;4506.0;999.11;156.24;6.0;1.0;0;1.0;0;0;1.0;0;0;0;0;0;1.0;1.0;0;0;0;0;0
1099545;2.72;0.93;115.0;4787.0;31.5;81.0;43.5;11.76;21.80;14.39;1.97;0;2.31;153020.0;113.0;115.0;33.0;4515.0;999.07;468.74;6.0;1.0;0;1.0;0;0;1.0;0;0;0;0;0;1.0;1.0;0;0;0;0;0
1100081;2.62;0.94;115.0;4806.0;31.5;81.0;44.25;10.98;21.01;14.48;0.41;0;2.31;153020.0;113.0;115.0;33.0;4504.0;999.15;703.11;6.0;1.0;0;1.0;0;0;1.0;0;0;0;0;0;1.0;1.0;0;0;0;0;0
1100606;2.57;0.94;115.0;4831.0;31.5;81.0;45.0;10.98;20.67;14.48;0;0;2.31;153020.0;113.0;115.0;33.0;4516.0;999.11;722.64;6.0;1.0;0;1.0;0;0;1.0;0;0;0;0;0;1.0;1.0;0;0;0;0;0
1101185;2.43;0.92;115.0;4877.0;31.5;81.0;45.75;10.19;19.87;14.48;0;1.42;2.31;153020.0;112.0;115.0;33.0;4511.0;999.27;781.24;6.0;1.0;0;1.0;0;0;1.0;0;0;0;0;0;1.0;1.0;0;0;0;0;0
1101746;2.14;0.90;115.0;4793.0;31.5;81.0;47.25;8.23;17.93;14.48;0;0.35;2.31;153020.0;113.0;115.0;33.0;4496.0;999.15;839.83;6.0;1.0;0;1.0;0;0;1.0;0;0;0;0;0;1.0;1.0;0;0;0;0;0
1102269;1.88;0.84;113.0;4765.0;31.5;81.0;47.25;7.84;16.80;14.48;5.87;0;2.31;153020.0;112.0;114.0;33.0;4510.0;999.11;722.64;6.0;1.0;0;1.0;0;0;1.0;0;0;0;0;0;1.0;1.0;0;0;0;0;0
1102805;1.72;0.80;112.0;4776.0;31.5;81.0;47.25;7.84;16.27;14.39;8.78;0;2.31;153020.0;111.0;113.0;33.0;4493.0;999.07;97.65;6.0;1.0;0;1.0;0;0;1.0;0;0;0;0;0;0;1.0;0;0;0;0;0
1103330;2.34;0.85;112.0;4853.0;31.5;81.0;45.0;10.58;20.05;14.39;7.81;0;2.31;153020.0;110.0;112.0;33.0;4527.0;999.03;39.06;6.0;1.0;0;1.0;0;0;1.0;0;0;0;0;0;1.0;1.0;0;0;0;0;0
1103871;2.56;0.93;112.0;4805.0;31.5;81.0;45.0;10.98;20.74;14.39;2.05;0;2.31;153020.0;111.0;113.0;33.0;4540.0;999.23;722.64;6.0;1.0;0;1.0;0;0;1.0;0;0;0;0;0;1.0;1.0;0;0;0;0;0
1104395;2.56;0.93;112.0;4791.0;31.5;81.0;45.0;10.98;20.86;14.39;0.62;3.55;2.31;153020.0;111.0;113.0;33.0;4522.0;999.27;703.11;6.0;1.0;0;1.0;0;0;1.0;0;0;0;0;0;1.0;1.0;0;0;0;0;0
1104921;2.54;0.94;112.0;4759.0;31.5;81.0;45.0;10.19;20.30;14.39;0.09;1.11;2.31;153020.0;111.0;113.0;33.0;4506.0;999.27;800.77;6.0;1.0;0;1.0;0;0;1.0;0;0;0;0;0;1.0;1.0;0;0;0;0;0
1105460;2.43;0.91;112.0;4706.0;31.5;81.0;44.25;9.80;20.18;14.39;0;0.19;2.31;153020.0;111.0;113.0;33.0;4514.0;999.46;449.21;6.0;1.0;0;1.0;0;0;1.0;0;0;0;0;0;1.0;1.0;0;0;0;0;0
1105982;2.14;0.89;112.0;4706.0;31.5;81.0;46.5;8.62;18.22;14.39;1.56;0;2.31;153020.0;111.0;112.0;33.0;4497.0;999.42;800.77;6.0;1.0;0;1.0;0;0;1.0;0;0;0;0;0;1.0;1.0;0;0;0;0;0
1106508;1.98;0.83;111.0;4669.0;31.5;81.0;46.5;8.23;18.03;14.39;0.41;0;2.31;153020.0;110.0;112.0;33.0;4501.0;999.58;78.12;6.0;1.0;0;1.0;0;0;1.0;0;0;0;0;0;1.0;1.0;0;0;0;0;0
1107044;2.08;0.87;111.0;4670.0;31.5;81.0;46.5;8.23;18.03;14.48;0.01;2.85;2.31;153020.0;110.0;111.0;33.0;4515.0;999.66;800.77;6.0;1.0;0;1.0;0;0;1.0;0;0;0;0;0;1.0;1.0;0;0;0;0;0
1107570;1.88;0.84;111.0;4642.0;31.5;81.0;46.5;7.84;17.00;14.39;1.56;0.70;2.31;153020.0;110.0;111.0;33.0;4487.0;999.77;624.99;6.0;1.0;0;1.0;0;0;1.0;0;0;0;0;0;1.0;1.0;0;0;0;0;0
1108118;1.6;0.79;110.0;4663.0;31.5;81.0;48.0;7.05;15.28;14.39;0.44;3.06;2.31;153020.0;108.0;110.0;33.0;4480.0;999.89;585.93;6.0;1.0;0;1.0;0;0;1.0;0;0;0;0;0;1.0;1.0;0;0;0;0;0
1108643;1.71;0.78;108.0;4646.0;31.5;81.0;47.25;7.45;16.48;14.48;1.11;2.83;2.31;153020.0;108.0;109.0;33.0;4516.0;999.97;58.59;6.0;1.0;0;1.0;0;0;1.0;0;0;0;0;0;1.0;1.0;0;0;0;0;0
1109211;2.07;0.85;108.0;4617.0;31.5;81.0;45.75;8.62;18.53;14.39;0.29;0.93;2.31;153021.0;108.0;109.0;33.0;4533.0;999.97;78.12;6.0;1.0;0;1.0;0;0;1.0;0;0;0;0;0;1.0;1.0;0;0;0;0;0
1109768;1.92;0.87;107.0;4580.0;31.5;81.0;47.25;7.45;16.67;14.48;0;1.79;2.31;153021.0;106.0;108.0;33.0;4504.0;1000.05;839.83;6.0;1.0;0;1.0;0;0;1.0;0;0;0;0;0;1.0;1.0;0;0;0;0;0
1110293;1.61;0.83;107.0;4583.0;31.5;81.0;48.0;6.66;14.63;14.48;0;1.42;2.31;153021.0;106.0;108.0;33.0;4493.0;1000.01;839.83;6.0;1.0;0;1.0;0;0;1.0;0;0;0;0;0;1.0;1.0;0;0;0;0;0
1110886;1.44;0.79;107.0;4584.0;31.5;81.0;48.0;6.27;13.66;14.39;0;0.39;2.31;153021.0;105.0;107.0;33.0;4475.0;1000.05;800.77;6.0;1.0;0;1.0;0;0;1.0;0;0;0;0;0;1.0;1.0;0;0;0;0;0
1111410;1.38;0.75;105.0;4564.0;31.5;81.0;48.0;6.27;13.73;14.48;0;0;2.31;153021.0;105.0;106.0;33.0;4493.0;1000.09;742.17;6.0;1.0;0;1.0;0;0;1.0;0;0;0;0;0;1.0;1.0;0;0;0;0;0
1111929;1.6;0.74;105.0;4595.0;31.5;81.0;46.5;7.84;16.35;14.48;1.66;0;2.31;153021.0;104.0;105.0;33.0;4561.0;1000.12;175.77;6.0;1.0;0;1.0;0;0;1.0;0;0;0;0;0;1.0;1.0;0;0;0;0;0
1112478;2.79;0.98;105.0;4492.0;31.5;81.0;42.75;10.58;21.52;14.39;2.36;1.30;2.31;153021.0;104.0;105.0;33.0;4566.0;1000.12;820.30;6.0;1.0;0;1.0;0;0;1.0;0;0;0;0;0;1.0;1.0;0;0;0;0;0
1113013;2.60;0.90;105.0;4502.0;31.5;81.0;42.0;10.98;21.79;14.29;0.80;0.35;2.58;153021.0;104.0;105.0;33.0;4541.0;1000.12;624.99;6.0;1.0;0;1.0;0;0;1.0;0;0;0;0;0;1.0;1.0;0;0;0;0;0
1113536;2.64;0.91;106.0;4492.0;31.5;81.0;42.75;10.98;21.89;14.48;1.30;1.73;2.31;153021.0;105.0;106.0;33.0;4509.0;1000.16;800.77;6.0;1.0;0;1.0;0;0;1.0;0;0;0;0;0;1.0;1.0;0;0;0;0;0
1114060;2.51;0.88;106.0;4518.0;31.5;81.0;43.5;10.58;21.33;14.39;0.29;0.37;2.31;153021.0;104.0;107.0;33.0;4510.0;1000.16;703.11;6.0;1.0;0;1.0;0;0;1.0;0;0;0;0;0;1.0;1.0;0;0;0;0;0
1114641;2.44;0.92;106.0;4571.0;31.5;81.0;44.25;9.41;20.40;14.39;0;0;2.31;153021.0;105.0;107.0;33.0;4510.0;1000.16;820.30;6.0;1.0;0;1.0;0;0;1.0;0;0;0;0;0;1.0;1.0;0;0;0;0;0
1115168;2.14;0.85;106.0;4515.0;31.5;81.0;45.0;8.62;19.08;14.48;0;0;2.31;153021.0;105.0;107.0;33.0;4509.0;1000.20;253.90;6.0;1.0;0;1.0;0;0;1.0;0;0;0;0;0;1.0;1.0;0;0;0;0;0
1115769;3.33;0.95;107.0;4506.0;31.5;81.0;38.25;15.29;25.89;14.39;1.30;1.97;2.31;153021.0;106.0;107.0;33.0;4545.0;1000.20;761.70;6.0;1.0;0;1.0;0;0;1.0;0;0;0;0;0;1.0;1.0;0;0;0;0;0
1116304;3.52;0.97;108.0;4537.0;31.5;81.0;36.75;16.86;27.23;14.48;1.48;0.60;2.31;153021.0;107.0;108.0;33.0;4531.0;1000.20;761.70;6.0;1.0;0;1.0;0;0;1.0;0;0;0;0;0;1.0;1.0;0;0;0;0;0
1116826;3.50;0.97;108.0;4600.0;31.5;81.0;38.25;16.86;26.64;14.48;0.42;0.11;2.31;153021.0;107.0;109.0;33.0;4526.0;1000.20;761.70;6.0;1.0;0;1.0;0;0;1.0;0;0;0;0;0;1.0;1.0;0;0;0;0;0
1117374;3.00;0.94;110.0;4611.0;31.5;81.0;41.25;13.33;23.74;14.48;0;0;2.31;153021.0;108.0;110.0;33.0;4528.0;1000.28;253.90;6.0;1.0;0;1.0;0;0;1.0;0;0;0;0;0;1.0;1.0;0;0;0;0;0
1117896;2.93;0.98;110.0;4644.0;31.5;81.0;42.0;11.76;22.72;14.48;0;0.78;2.31;153021.0;109.0;111.0;33.0;4506.0;1000.32;781.24;6.0;1.0;0;1.0;0;0;1.0;0;0;0;0;0;1.0;1.0;0;0;0;0;0
1118475;2.66;0.93;111.0;4678.0;31.5;81.0;43.5;10.98;21.75;14.39;0.78;0.17;2.31;153021.0;109.0;111.0;33.0;4508.0;1000.44;781.24;6.0;1.0;0;1.0;0;0;1.0;0;0;0;0;0;1.0;1.0;0;0;0;0;0
1119003;2.41;0.90;110.0;4735.0;31.5;81.0;44.25;9.80;20.18;14.48;2.10;0.66;2.31;153021.0;109.0;111.0;33.0;4497.0;1000.44;97.65;6.0;1.0;0;1.0;0;0;1.0;0;0;0;0;0;1.0;1.0;0;0;0;0;0
1119539;2.78;0.96;111.0;4715.0;31.5;81.0;42.75;11.76;21.85;14.48;0.66;2.12;2.31;153021.0;109.0;111.0;33.0;4515.0;1000.44;800.77;6.0;1.0;0;1.0;0;0;1.0;0;0;0;0;0;1.0;1.0;0;0;0;0;0
1120065;2.66;0.91;111.0;4718.0;31.5;81.0;42.75;11.76;21.85;14.39;3.69;0.50;2.31;153021.0;109.0;111.0;33.0;4516.0;1000.44;78.12;6.0;1.0;0;1.0;0;0;1.0;0;0;0;0;0;1.0;1.0;0;0;0;0;0
1120589;2.78;0.97;111.0;4730.0;31.5;81.0;43.5;11.37;21.45;14.48;1.24;0.03;2.31;153021.0;109.0;111.0;33.0;4516.0;1000.44;800.77;6.0;1.0;0;1.0;0;0;1.0;0;0;0;0;0;1.0;1.0;0;0;0;0;0
1121126;2.36;0.91;111.0;4704.0;31.5;81.0;45.0;9.41;19.61;14.48;0.31;1.79;2.31;153021.0;109.0;111.0;33.0;4507.0;1000.52;800.77;6.0;1.0;0;1.0;0;0;1.0;0;0;0;0;0;1.0;1.0;0;0;0;0;0
1121650;2.23;0.87;111.0;4641.0;31.5;81.0;45.0;9.02;19.34;14.39;2.32;0.39;2.31;153021.0;110.0;112.0;33.0;4504.0;1000.55;781.24;6.0;1.0;0;1.0;0;0;1.0;0;0;0;0;0;1.0;1.0;0;0;0;0;0
1122191;2.17;0.85;111.0;4640.0;31.5;81.0;45.0;9.02;19.19;14.48;0.72;0;2.31;153021.0;109.0;111.0;33.0;4512.0;1000.44;781.24;6.0;1.0;0;1.0;0;0;1.0;0;0;0;0;0;1.0;1.0;0;0;0;0;0
1122717;2.10;0.83;111.0;4634.0;31.5;81.0;45.75;9.02;19.05;14.48;0.15;0;2.31;153021.0;109.0;111.0;33.0;4504.0;1000.44;312.49;6.0;1.0;0;1.0;0;0;1.0;0;0;0;0;0;1.0;1.0;0;0;0;0;0
1123254;2.10;0.83;110.0;4634.0;31.5;81.0;45.75;8.62;19.05;14.48;0;0;2.31;153021.0;108.0;110.0;33.0;4515.0;1000.55;78.12;6.0;1.0;0;1.0;0;0;1.0;0;0;0;0;0;1.0;1.0;0;0;0;0;0
1123779;2.19;0.89;110.0;4637.0;31.5;81.0;45.75;8.62;18.70;14.39;0;0;2.31;153021.0;108.0;110.0;33.0;4507.0;1000.67;800.77;6.0;1.0;0;1.0;0;0;1.0;0;0;0;0;0;1.0;1.0;0;0;0;0;0
1124303;2.08;0.84;110.0;4633.0;31.5;81.0;45.75;8.62;18.72;14.39;0;0;2.31;153021.0;108.0;110.0;33.0;4511.0;1000.67;195.31;6.0;1.0;0;1.0;0;0;1.0;0;0;0;0;0;1.0;1.0;0;0;0;0;0
1124846;2.15;0.87;108.0;4630.0;31.5;81.0;45.75;8.62;18.79;14.39;0.60;0;2.31;153021.0;108.0;109.0;33.0;4514.0;1000.67;761.70;6.0;1.0;0;1.0;0;0;1.0;0;0;0;0;0;1.0;1.0;0;0;0;0;0
1125371;2.22;0.86;108.0;4643.0;31.5;81.75;45.0;9.41;19.65;14.48;1.21;0;2.31;153021.0;108.0;109.0;33.0;4512.0;1000.67;39.06;6.0;1.0;0;1.0;0;0;1.0;0;0;0;0;0;1.0;1.0;0;0;0;0;0
1125909;2.37;0.90;108.0;4643.0;31.5;81.75;45.0;9.41;19.78;14.48;1.91;0;2.31;153021.0;107.0;109.0;33.0;4521.0;1000.75;703.11;6.0;1.0;0;1.0;0;0;1.0;0;0;0;0;0;1.0;1.0;0;0;0;0;0
1126433;2.31;0.89;108.0;4659.0;31.5;81.75;45.0;9.41;19.58;14.48;2.05;0.78;2.31;153021.0;107.0;109.0;33.0;4504.0;1000.71;800.77;6.0;1.0;0;1.0;0;0;1.0;0;0;0;0;0;1.0;1.0;0;0;0;0;0
1126959;2.24;0.86;108.0;4649.0;31.5;81.75;45.0;9.41;19.75;14.48;0.62;1.28;2.31;153021.0;107.0;109.0;33.0;4509.0;1000.71;175.77;6.0;1.0;0;1.0;0;0;1.0;0;0;0;0;0;1.0;1.0;0;0;0;0;0
1127497;2.39;0.91;108.0;4640.0;31.5;81.75;45.0;9.41;19.78;14.48;0.11;2.07;2.31;153021.0;108.0;109.0;33.0;4515.0;1000.83;800.77;6.0;1.0;0;1.0;0;0;1.0;0;0;0;0;0;1.0;1.0;0;0;0;0;0
1128081;2.28;0.88;108.0;4653.0;31.5;81.75;45.0;9.41;19.74;14.48;0;0.60;2.31;153021.0;107.0;109.0;33.0;4514.0;1000.79;761.70;6.0;1.0;0;1.0;0;0;1.0;0;0;0;0;0;1.0;1.0;0;0;0;0;0
1128596;2.2;0.86;108.0;4610.0;31.5;81.75;45.0;9.02;19.32;14.48;0;0.05;2.31;153021.0;108.0;109.0;33.0;4513.0;1000.91;585.93;6.0;1.0;0;1.0;0;0;1.0;0;0;0;0;0;1.0;1.0;0;0;0;0;0
1129144;2.12;0.86;108.0;4640.0;31.5;81.75;45.75;8.62;18.73;14.48;0;0;2.31;153021.0;106.0;109.0;33.0;4504.0;1000.98;800.77;6.0;1.0;0;1.0;0;0;1.0;0;0;0;0;0;1.0;1.0;0;0;0;0;0
1129663;1.95;0.83;107.0;4594.0;31.5;81.75;46.5;8.23;17.72;14.39;0;0;2.31;153021.0;107.0;108.0;33.0;4483.0;1001.14;156.24;6.0;1.0;0;1.0;0;0;1.0;0;0;0;0;0;1.0;1.0;0;0;0;0;0
1130187;2.00;0.86;107.0;4577.0;31.5;81.75;46.5;7.84;17.54;14.48;0;0;2.31;153021.0;106.0;108.0;33.0;4501.0;1001.22;820.30;6.0;1.0;0;1.0;0;0;1.0;0;0;0;0;0;1.0;1.0;0;0;0;0;0
1130738;1.87;0.83;107.0;4579.0;31.5;81.75;46.5;7.84;16.98;14.39;0;0;2.31;153021.0;106.0;108.0;33.0;4504.0;1001.26;781.24;6.0;1.0;0;1.0;0;0;1.0;0;0;0;0;0;1.0;1.0;0;0;0;0;0
1131339;1.64;0.78;107.0;4547.0;31.5;81.75;47.25;7.05;16.01;14.48;1.01;0.60;2.31;153021.0;106.0;107.0;33.0;4488.0;1001.34;273.43;6.0;1.0;0;1.0;0;0;1.0;0;0;0;0;0;1.0;1.0;0;0;0;0;0
1131862;1.67;0.79;106.0;4453.0;31.5;81.75;46.5;7.05;16.01;14.48;2.18;1.44;2.31;153021.0;105.0;106.0;33.0;4510.0;1001.34;742.17;6.0;1.0;0;1.0;0;0;1.0;0;0;0;0;0;1.0;1.0;0;0;0;0;0
1132397;1.62;0.76;106.0;4396.0;31.5;81.75;46.5;7.05;16.01;14.39;2.44;1.52;2.31;153021.0;104.0;106.0;33.0;4517.0;1001.38;156.24;6.0;1.0;0;1.0;0;0;1.0;0;0;0;0;0;1.0;1.0;0;0;0;0;0
1132920;1.71;0.79;105.0;4366.0;31.5;81.75;46.5;7.05;16.41;14.48;2.57;1.71;2.31;153021.0;104.0;105.0;33.0;4504.0;1001.38;761.70;6.0;1.0;0;1.0;0;0;1.0;0;0;0;0;0;1.0;1.0;0;0;0;0;0
1133459;2.11;0.82;103.0;4432.0;31.5;81.75;44.25;8.62;19.57;14.48;2.26;0.50;2.31;153021.0;103.0;104.0;33.0;4553.0;1001.41;78.12;6.0;1.0;0;1.0;0;0;1.0;0;0;0;0;0;1.0;1.0;0;0;0;0;0
1133980;2.24;0.85;105.0;4431.0;31.5;81.75;43.5;9.02;20.01;14.48;0.76;0.07;2.31;153021.0;103.0;105.0;33.0;4542.0;1001.41;683.58;6.0;1.0;0;1.0;0;0;1.0;0;0;0;0;0;1.0;1.0;0;0;0;0;0
1134655;2.21;0.84;103.0;4499.0;31.5;81.75;43.5;9.41;20.03;14.39;0.17;0;2.31;153021.0;103.0;104.0;33.0;4522.0;1001.41;58.59;6.0;1.0;0;1.0;0;0;1.0;0;0;0;0;0;1.0;1.0;0;0;0;0;0
1135196;2.35;0.88;105.0;4387.0;31.5;81.75;43.5;9.41;20.25;14.39;0;0;2.31;153021.0;104.0;105.0;33.0;4518.0;1001.41;664.05;6.0;1.0;0;1.0;0;0;1.0;0;0;0;0;0;1.0;1.0;0;0;0;0;0
1135799;2.33;0.86;105.0;4374.0;31.5;81.75;43.5;9.41;20.45;14.39;0;0.83;2.31;153021.0;103.0;105.0;33.0;4508.0;1001.41;742.17;6.0;1.0;0;1.0;0;0;1.0;0;0;0;0;0;1.0;1.0;0;0;0;0;0
1136329;2.34;0.87;105.0;4498.0;31.5;81.75;43.5;9.41;20.37;14.39;1.30;0.13;2.31;153021.0;104.0;105.0;33.0;4504.0;1001.41;761.70;6.0;1.0;0;1.0;0;0;1.0;0;0;0;0;0;1.0;1.0;0;0;0;0;0
1136857;2.36;0.88;105.0;4510.0;31.5;81.75;43.5;9.41;20.33;14.39;0.35;1.30;2.31;153021.0;104.0;105.0;33.0;4502.0;1001.41;800.77;6.0;1.0;0;1.0;0;0;1.0;0;0;0;0;0;1.0;1.0;0;0;0;0;0
1137394;2.30;0.85;105.0;4455.0;31.5;81.75;43.5;9.41;20.44;14.48;1.42;2.36;2.31;153021.0;104.0;105.0;33.0;4510.0;1001.41;214.84;6.0;1.0;0;1.0;0;0;1.0;0;0;0;0;0;1.0;1.0;0;0;0;0;0
1137912;2.40;0.89;105.0;4446.0;31.5;81.75;43.5;9.41;20.45;14.39;0.39;0.80;2.31;153021.0;104.0;106.0;33.0;4514.0;1001.41;742.17;6.0;1.0;0;1.0;0;0;1.0;0;0;0;0;0;1.0;1.0;0;0;0;0;0
1138436;2.40;0.89;105.0;4426.0;31.5;81.75;43.5;9.41;20.48;14.48;1.38;1.01;2.31;153021.0;105.0;106.0;33.0;4517.0;1001.49;800.77;6.0;1.0;0;1.0;0;0;1.0;0;0;0;0;0;1.0;1.0;0;0;0;0;0
1138986;2.36;0.87;106.0;4401.0;31.5;81.75;43.5;9.41;20.51;14.48;2.38;1.67;2.31;153021.0;104.0;106.0;33.0;4522.0;1001.45;468.74;6.0;1.0;0;1.0;0;0;1.0;0;0;0;0;0;1.0;1.0;0;0;0;0;0
1139509;2.40;0.89;106.0;4436.0;31.5;81.75;43.5;9.41;20.48;14.39;0.82;1.60;2.31;153021.0;105.0;106.0;33.0;4509.0;1001.45;820.30;6.0;1.0;0;1.0;0;0;1.0;0;0;0;0;0;1.0;1.0;0;0;0;0;0
1140049;2.36;0.87;106.0;4451.0;31.5;81.75;43.5;9.41;20.45;14.48;0.11;0.35;2.31;153021.0;105.0;106.0;33.0;4516.0;1001.53;605.46;6.0;1.0;0;1.0;0;0;1.0;0;0;0;0;0;1.0;1.0;0;0;0;0;0
1140573;2.28;0.86;106.0;4483.0;32.25;81.75;44.25;9.41;20.04;14.48;1.66;0;2.31;153021.0;104.0;106.0;33.0;4513.0;1001.49;761.70;6.0;1.0;0;1.0;0;0;1.0;0;0;0;0;0;1.0;1.0;0;0;0;0;0
1141103;2.20;0.84;106.0;4519.0;32.25;81.75;44.25;9.02;19.79;14.48;1.87;2.79;2.31;153021.0;105.0;106.0;33.0;4514.0;1001.49;761.70;6.0;1.0;0;1.0;0;0;1.0;0;0;0;0;0;1.0;1.0;0;0;0;0;0
1141639;1.92;0.82;106.0;4508.0;32.25;81.75;45.75;7.84;17.71;14.48;0.42;0.74;2.31;153021.0;104.0;106.0;33.0;4492.0;1001.57;781.24;6.0;1.0;0;1.0;0;0;1.0;0;0;0;0;0;1.0;1.0;0;0;0;0;0
1142163;1.65;0.81;105.0;4475.0;32.25;81.75;48.0;6.66;15.41;14.39;0.03;0.19;2.31;153022.0;104.0;106.0;33.0;4488.0;1001.65;820.30;6.0;1.0;0;1.0;0;0;1.0;0;0;0;0;0;1.0;1.0;0;0;0;0;0
1142699;1.48;0.77;105.0;4503.0;32.25;81.75;47.25;6.27;14.25;14.48;1.01;0;2.31;153022.0;104.0;105.0;33.0;4491.0;1001.69;800.77;6.0;1.0;0;1.0;0;0;1.0;0;0;0;0;0;1.0;1.0;0;0;0;0;0
1143267;1.48;0.73;103.0;4452.0;32.25;81.75;47.25;6.66;15.18;14.48;1.58;0;2.31;153022.0;102.0;104.0;33.0;4509.0;1001.73;39.06;6.0;1.0;0;1.0;0;0;1.0;0;0;0;0;0;1.0;1.0;0;0;0;0;0
1143800;1.88;0.79;103.0;4466.0;32.25;81.75;45.75;8.23;18.10;14.48;3.16;0;2.31;153022.0;102.0;104.0;33.0;4525.0;1001.77;19.53;6.0;1.0;0;1.0;0;0;1.0;0;0;0;0;0;1.0;1.0;0;0;0;0;0
1144325;2.16;0.85;103.0;4436.0;32.25;81.75;44.25;8.62;19.21;14.48;1.79;1.97;2.31;153022.0;102.0;104.0;33.0;4522.0;1001.88;742.17;6.0;1.0;0;1.0;0;0;1.0;0;0;0;0;0;1.0;1.0;0;0;0;0;0
1144873;2.19;0.83;103.0;4386.0;32.25;81.75;43.5;9.02;19.95;14.48;0.58;0.64;2.31;153022.0;102.0;104.0;33.0;4527.0;1001.80;78.12;6.0;1.0;0;1.0;0;0;1.0;0;0;0;0;0;1.0;1.0;0;0;0;0;0
1145444;2.32;0.88;103.0;4396.0;32.25;81.75;44.25;9.02;19.95;14.48;2.10;0.15;2.31;153022.0;103.0;104.0;33.0;4511.0;1001.84;742.17;6.0;1.0;0;1.0;0;0;1.0;0;0;0;0;0;1.0;1.0;0;0;0;0;0
1146026;2.23;0.85;103.0;4423.0;32.25;81.75;44.25;9.02;19.78;14.48;2.53;0;2.31;153022.0;103.0;104.0;33.0;4496.0;1002.00;820.30;6.0;1.0;0;1.0;0;0;1.0;0;0;0;0;0;1.0;1.0;0;0;0;0;0
1146549;2.2;0.85;103.0;4449.0;32.25;81.75;44.25;9.02;19.72;14.48;3.78;0;2.31;153022.0;103.0;104.0;33.0;4504.0;1002.08;781.24;6.0;1.0;0;1.0;0;0;1.0;0;0;0;0;0;1.0;1.0;0;0;0;0;0
1147104;2.13;0.82;103.0;4441.0;32.25;81.75;44.25;9.02;19.75;14.48;2.73;0;2.31;153022.0;103.0;104.0;33.0;4519.0;1002.20;58.59;6.0;1.0;0;1.0;0;0;1.0;0;0;0;0;0;1.0;1.0;0;0;0;0;0
1147707;2.2;0.85;103.0;4469.0;32.25;81.75;44.25;8.62;19.54;14.48;0.70;0;2.31;153022.0;103.0;104.0;33.0;4528.0;1002.20;800.77;6.0;1.0;0;1.0;0;0;1.0;0;0;0;0;0;1.0;1.0;0;0;0;0;0
1148234;2.05;1.00;103.0;4453.0;32.25;81.75;46.5;7.05;15.74;14.48;0.09;1.97;2.31;153022.0;103.0;104.0;33.0;4487.0;1002.08;878.89;6.0;1.0;0;1.0;0;0;1.0;0;0;0;0;0;1.0;1.0;0;0;0;0;0
1148763;2.00;0.97;103.0;4448.0;32.25;81.75;46.5;6.66;15.71;14.39;0;2.03;2.31;153022.0;103.0;104.0;33.0;4498.0;1002.04;878.89;6.0;1.0;0;1.0;0;0;1.0;0;0;0;0;0;1.0;1.0;0;0;0;0;0
1149307;1.82;0.92;102.0;4391.0;32.25;81.75;47.25;6.66;14.94;14.39;1.97;0.66;2.31;153022.0;102.0;103.0;33.0;4490.0;1002.12;878.89;6.0;1.0;0;1.0;0;0;1.0;0;0;0;0;0;1.0;1.0;0;0;0;0;0
1149841;1.54;0.89;102.0;4354.0;32.25;81.75;46.5;5.49;12.98;14.39;1.69;0.07;2.31;153022.0;101.0;103.0;33.0;4507.0;1002.31;859.36;6.0;1.0;0;1.0;0;0;1.0;0;0;0;0;0;1.0;1.0;0;0;0;0;0
1150413;1.36;0.86;102.0;4205.0;32.25;81.75;47.25;4.70;11.80;14.48;2.65;0.87;2.31;153022.0;101.0;102.0;33.0;4480.0;1002.39;859.36;6.0;1.0;0;1.0;0;0;1.0;0;0;0;0;0;1.0;1.0;0;0;0;0;0
1150934;0.88;0.85;100.0;4168.0;32.25;81.75;46.5;2.74;7.28;14.48;1.67;0.99;2.31;153022.0;99.0;101.0;33.0;4499.0;1002.47;878.89;6.0;1.0;0;1.0;0;0;1.0;0;0;0;0;0;1.0;1.0;0;0;0;0;0
1151481;0.60;1.00;98.0;4125.0;32.25;81.75;42.0;0;4.10;14.29;0.58;0.27;2.58;153022.0;98.0;99.0;33.0;4505.0;1002.47;859.36;6.0;1.0;0;1.0;0;0;1.0;0;0;0;0;0;1.0;1.0;0;0;0;0;0
1152005;0.61;1.00;96.0;4123.0;32.25;81.75;-30.0;0;0;14.48;0.05;0;2.31;153022.0;96.0;96.0;33.0;4490.0;1002.47;0;6.0;1.0;0;1.0;0;0;1.0;0;0;0;0;0;1.0;1.0;0;0;0;0;0
1152530;0.61;1.00;95.0;3974.0;32.25;81.75;-30.0;0;0;14.48;0.93;0;2.31;153022.0;94.0;95.0;33.0;4468.0;1002.51;0;6.0;1.0;0;1.0;0;0;1.0;0;0;0;0;0;1.0;1.0;0;0;0;0;0
1153064;0.62;1.00;92.0;3875.0;32.25;81.75;-30.0;0;0;14.48;0.29;0;2.31;153022.0;92.0;92.0;33.0;4447.0;1002.55;0;6.0;1.0;0;1.0;0;0;1.0;0;0;0;0;0;1.0;1.0;0;0;0;0;0
1153637;0.62;1.00;90.0;3874.0;32.25;81.75;-30.0;0;0;14.39;0;0.95;2.31;153022.0;90.0;90.0;33.0;4446.0;1002.55;0;6.0;1.0;0;1.0;0;0;1.0;0;0;0;0;0;1.0;1.0;0;0;0;0;0
1154255;2.46;1.00;88.0;3874.0;32.25;81.75;7.5;7.05;10.11;14.48;1.75;1.34;2.31;153022.0;88.0;89.0;33.0;4197.0;1002.59;898.42;6.0;1.0;0;1.0;0;0;1.0;0;0;0;0;0;1.0;1.0;0;0;0;0;0
1154815;1.74;0.95;88.0;3719.0;32.25;81.75;19.5;5.09;9.61;14.48;2.30;0.35;2.31;153022.0;88.0;89.0;33.0;4350.0;1002.59;898.42;6.0;1.0;0;1.0;0;0;1.0;0;0;0;0;0;1.0;1.0;0;0;0;0;0
1155350;1.34;0.93;87.0;3687.0;32.25;81.75;27.0;3.52;8.67;14.48;0.70;1.34;2.31;153022.0;87.0;88.0;33.0;4472.0;1002.63;898.42;6.0;1.0;0;1.0;0;0;1.0;0;0;0;0;0;1.0;1.0;0;0;0;0;0
1155874;0.98;0.91;86.0;3610.0;32.25;81.75;31.5;2.35;6.88;14.48;3.06;0.46;2.31;153022.0;86.0;87.0;33.0;4513.0;1002.63;878.89;6.0;1.0;0;1.0;0;0;1.0;0;0;0;0;0;1.0;1.0;0;0;0;0;0
1156423;0.60;1.00;85.0;3615.0;32.25;81.75;35.25;0;5.73;14.48;1.26;4.04;2.31;153022.0;85.0;86.0;33.0;4515.0;1002.63;839.83;6.0;1.0;0;1.0;0;0;1.0;0;0;0;0;0;1.0;1.0;0;0;0;0;0
1156937;0.61;1.00;83.0;3573.0;32.25;81.75;-30.0;0;0;14.48;0.39;1.42;2.31;153022.0;83.0;84.0;33.0;4558.0;1002.63;0;6.0;1.0;0;1.0;0;0;1.0;0;0;0;0;0;1.0;1.0;0;0;0;0;0
1157485;0.60;1.00;82.0;3432.0;32.25;81.75;-30.0;0;0;14.58;0.07;0.58;2.31;153022.0;81.0;82.0;33.0;4579.0;1002.63;0;6.0;1.0;0;1.0;0;0;1.0;0;0;0;0;0;1.0;1.0;0;0;0;0;0
1158001;0.60;1.00;80.0;3371.0;32.25;81.75;-30.0;0;0;14.48;0.93;1.91;2.31;153022.0;80.0;80.0;33.0;4591.0;1002.63;0;6.0;1.0;0;1.0;0;0;1.0;0;0;0;0;0;1.0;1.0;0;0;0;0;0
1158525;0.61;1.00;78.0;3389.0;32.25;81.75;-30.0;0;0;14.58;1.71;0.82;2.31;153022.0;78.0;78.0;33.0;4593.0;1002.63;0;6.0;1.0;0;1.0;0;0;1.0;0;0;0;0;0;1.0;1.0;0;0;0;0;0
1159067;0.61;1.00;77.0;3300.0;32.25;81.75;-30.0;0;0;14.48;2.10;2.20;2.31;153022.0;77.0;77.0;33.0;4573.0;1002.63;0;6.0;1.0;0;1.0;0;0;1.0;0;0;0;0;0;1.0;1.0;0;0;0;0;0
1159642;0.63;1.00;75.0;3182.0;32.25;81.75;-30.0;0;0;14.48;0.80;0.78;2.31;153022.0;75.0;75.0;33.0;4568.0;1002.63;0;6.0;1.0;0;1.0;0;0;1.0;0;0;0;0;0;1.0;1.0;0;0;0;0;0
1160165;0.67;1.00;72.0;3044.0;32.25;81.75;-30.0;0;0;14.48;2.20;2.40;2.31;153022.0;72.0;72.0;33.0;4578.0;1002.63;0;6.0;1.0;0;1.0;0;0;1.0;0;0;0;0;0;1.0;1.0;0;0;0;0;0
1160714;0.68;1.00;68.0;2910.0;32.25;81.75;-30.0;0;0;14.48;1.01;1.19;2.31;153022.0;69.0;69.0;33.0;4586.0;1002.63;0;6.0;1.0;0;1.0;0;0;1.0;0;0;0;0;0;1.0;1.0;0;0;0;0;0
1161236;0.69;1.00;66.0;2839.0;32.25;81.75;-30.0;0;0;14.58;2.10;0.42;2.31;153022.0;66.0;67.0;33.0;4590.0;1002.63;0;6.0;1.0;0;1.0;0;0;1.0;0;0;0;0;0;1.0;1.0;0;0;0;0;0
1161783;0.72;1.00;63.0;2719.0;32.25;81.75;-30.0;0;0;14.48;1.03;2.40;2.31;153022.0;64.0;64.0;33.0;4596.0;1002.63;0;6.0;1.0;0;1.0;0;0;1.0;0;0;0;0;0;1.0;1.0;0;0;0;0;0
1162307;0.72;1.00;61.0;2652.0;32.25;81.75;-30.0;0;0;14.48;0.42;1.11;2.31;153022.0;61.0;61.0;33.0;4594.0;1002.63;0;6.0;1.0;0;1.0;0;0;1.0;0;0;0;0;0;1.0;1.0;0;0;0;0;0
1162831;0.84;1.00;57.0;2407.0;32.25;81.75;15.0;0;9.81;14.48;2.40;2.77;2.31;153022.0;57.0;58.0;34.0;4210.0;1002.63;0;6.0;1.0;0;1.0;0;0;1.0;0;0;1.0;0;0;1.0;1.0;0;0;0;0;0
1163366;0.90;1.00;53.0;2261.0;32.25;81.75;13.5;0;9.76;14.48;19.37;18.29;2.31;153022.0;54.0;53.0;27.0;4331.0;1002.63;39.06;6.0;1.0;0;1.0;0;0;1.0;0;0;1.0;0;0;0;1.0;0;0;0;0;0
1163889;0.89;1.00;51.0;2193.0;32.25;81.75;12.75;0;9.75;14.39;77.37;79.68;2.31;153022.0;52.0;52.0;27.0;4461.0;1002.70;39.06;6.0;1.0;0;1.0;0;0;1.0;0;0;1.0;0;0;1.0;1.0;0;0;0;0;0
1164410;1.10;1.00;50.0;1672.0;32.25;81.75;12.0;0;9.80;14.39;62.69;66.49;2.31;153022.0;50.0;51.0;27.0;4512.0;1002.74;859.36;5.0;1.0;0;1.0;0;0;1.0;0;0;1.0;0;0;1.0;1.0;0;0;0;0;0
1164958;0.84;1.00;48.0;2294.0;32.25;81.75;14.25;0;9.75;14.39;79.70;78.94;2.31;153022.0;49.0;49.0;27.0;4498.0;1002.94;58.59;5.0;1.0;0;1.0;0;0;1.0;0;0;1.0;0;0;1.0;1.0;0;0;0;0;0
1165527;0.91;1.00;46.0;2129.0;32.25;81.75;12.75;0;9.68;14.39;137.21;149.77;2.31;153022.0;46.0;46.0;26.0;4530.0;1002.94;19.53;5.0;1.0;0;1.0;0;0;1.0;0;0;1.0;0;0;1.0;1.0;0;0;0;0;0
1166049;0.92;1.00;43.0;2065.0;32.25;81.75;12.0;0;9.81;14.39;230.68;202.56;2.31;153022.0;44.0;44.0;27.0;4522.0;1003.25;19.53;5.0;1.0;0;1.0;0;0;1.0;0;0;1.0;0;0;1.0;1.0;0;0;0;0;0
1166597;1.01;1.00;42.0;1870.0;32.25;81.75;12.0;0;9.93;14.48;245.00;204.83;2.31;153022.0;42.0;42.0;28.0;4529.0;1003.29;800.77;5.0;1.0;0;1.0;0;0;1.0;0;0;1.0;0;0;1.0;1.0;0;0;0;0;0
1167121;0.95;1.00;40.0;2054.0;32.25;81.75;12.0;0;9.86;14.39;211.66;208.48;2.31;153022.0;40.0;40.0;27.0;4514.0;1003.48;664.05;4.0;1.0;0;1.0;0;0;1.0;0;0;1.0;0;0;1.0;1.0;0;0;0;0;0
1167707;0.95;1.00;37.0;2007.0;32.25;81.75;12.0;0;9.75;14.39;243.83;247.60;2.31;153022.0;38.0;38.0;26.0;4515.0;1003.60;39.06;4.0;1.0;0;1.0;0;0;1.0;0;0;1.0;0;0;1.0;1.0;0;0;0;0;0
1168237;1.20;1.00;35.0;1644.0;32.25;81.75;10.5;0;9.81;14.48;210.18;239.02;2.31;153022.0;34.0;35.0;28.0;4487.0;1003.72;97.65;4.0;1.0;0;1.0;0;0;1.0;0;0;1.0;0;0;1.0;1.0;0;0;0;0;0
1168761;1.02;1.00;31.0;1862.0;32.25;81.75;12.0;0;9.75;14.48;160.92;204.63;2.31;153022.0;31.0;31.0;27.0;4520.0;1003.76;859.36;3.0;1.0;0;1.0;0;0;1.0;0;0;1.0;0;0;1.0;1.0;0;0;0;0;0
1169281;1.08;0.99;27.0;1716.0;32.25;81.75;12.75;0;9.67;14.39;160.69;244.43;2.31;153022.0;28.0;27.0;26.0;4522.0;1003.80;839.83;3.0;1.0;0;1.0;0;0;1.0;0;0;1.0;0;0;1.0;1.0;0;0;0;0;0
1169826;1.21;0.97;26.0;1577.0;32.25;81.75;12.0;0;9.84;14.48;119.48;250.10;2.31;153022.0;26.0;25.0;27.0;4501.0;1003.84;839.83;3.0;1.0;0;1.0;0;0;1.0;0;0;1.0;0;0;1.0;1.0;0;0;0;0;0
1170351;1.32;0.96;23.0;1369.0;32.25;81.75;12.75;0;9.75;14.39;116.90;260.47;2.31;153022.0;24.0;24.0;26.0;4476.0;1003.84;839.83;3.0;1.0;0;1.0;0;0;1.0;0;0;1.0;0;0;1.0;1.0;0;0;0;0;0
1170890;2.23;0.99;23.0;1228.0;32.25;81.75;12.75;0.78;10.61;14.48;126.86;248.48;2.31;153022.0;24.0;24.0;35.0;4562.0;1003.84;859.36;2.0;1.0;0;1.0;0;0;1.0;0;0;1.0;0;0;1.0;1.0;0;0;0;0;0
1171508;3.34;0.97;26.0;1880.0;32.25;81.75;15.0;3.92;17.71;14.48;84.85;193.58;2.31;153022.0;25.0;26.0;33.0;4522.0;1003.88;898.42;2.0;1.0;0;1.0;0;0;1.0;0;0;1.0;0;0;1.0;1.0;0;0;0;0;0
1172048;2.58;0.98;25.0;2283.0;32.25;81.75;22.5;4.70;18.14;14.39;50.01;116.16;2.31;153022.0;25.0;26.0;33.0;4468.0;1003.88;878.89;2.0;1.0;0;1.0;0;0;1.0;0;0;1.0;0;0;1.0;1.0;0;0;0;0;0
1172573;2.28;0.96;27.0;2367.0;32.25;82.5;24.0;4.31;17.36;14.39;31.46;72.22;2.31;153022.0;27.0;27.0;33.0;4504.0;1003.88;878.89;2.0;1.0;0;1.0;0;0;1.0;0;0;1.0;0;0;1.0;1.0;0;0;0;0;0
1173102;2.36;0.93;28.0;2444.0;32.25;82.5;24.75;5.09;18.31;14.39;16.62;38.31;2.31;153022.0;29.0;29.0;33.0;4526.0;1003.88;859.36;2.0;1.0;0;1.0;0;0;1.0;0;0;1.0;0;0;1.0;1.0;0;0;0;0;0
1173636;1.37;0.99;28.0;2025.0;32.25;82.5;17.25;1.17;9.30;14.29;12.36;24.64;2.58;153022.0;29.0;29.0;33.0;4560.0;1003.88;859.36;2.0;1.0;0;1.0;0;0;1.0;0;0;1.0;0;0;1.0;1.0;0;0;0;0;0
1174161;1.74;0.97;28.0;2408.0;32.25;82.5;24.0;2.74;12.13;14.48;7.61;15.25;2.31;153022.0;29.0;29.0;33.0;4507.0;1003.88;878.89;2.0;1.0;0;1.0;0;0;1.0;0;0;1.0;0;0;1.0;1.0;0;0;0;0;0
1174698;2.73;0.95;30.0;2411.0;32.25;82.5;24.0;6.27;20.30;14.48;6.17;8.43;2.31;153022.0;30.0;30.0;33.0;4441.0;1003.88;878.89;2.0;1.0;0;1.0;0;0;1.0;0;0;1.0;0;0;1.0;1.0;0;0;0;0;0
1175282;3.72;0.99;33.0;2590.0;32.25;82.5;26.25;11.37;27.52;14.29;5.19;4.66;2.58;153022.0;33.0;34.0;33.0;4491.0;1003.88;839.83;2.0;1.0;0;1.0;0;0;1.0;0;0;1.0;0;0;1.0;1.0;0;0;0;0;0
1175800;4.17;0.99;38.0;3073.0;32.25;82.5;26.25;16.86;31.17;14.48;2.26;2.14;2.31;153022.0;38.0;39.0;33.0;4519.0;1003.88;820.30;2.0;1.0;0;1.0;0;0;1.0;0;0;1.0;0;0;1.0;1.0;0;0;0;0;0
1176347;3.71;0.93;43.0;3469.0;32.25;82.5;29.25;16.86;30.62;14.39;1.05;2.24;2.31;153022.0;43.0;44.0;33.0;4565.0;1003.88;566.39;2.0;1.0;0;1.0;0;0;1.0;0;0;1.0;0;0;1.0;1.0;0;0;0;0;0
1176870;3.62;0.92;48.0;3858.0;32.25;82.5;31.5;17.25;30.12;14.39;1.50;0.93;2.31;153022.0;48.0;49.0;33.0;4571.0;1003.88;644.52;2.0;1.0;0;1.0;0;0;1.0;0;0;1.0;0;0;1.0;1.0;0;0;0;0;0
1177386;3.96;0.93;53.0;4070.0;32.25;82.5;30.0;16.47;33.05;14.39;2.98;0.21;2.31;153022.0;53.0;53.0;33.0;4534.0;1003.88;234.37;2.0;1.0;0;1.0;0;0;1.0;0;0;1.0;0;0;1.0;1.0;0;0;0;0;0
1177933;3.81;1.00;55.0;3380.0;32.25;82.5;27.75;11.76;25.87;14.39;1.26;0;2.31;153022.0;53.0;55.0;33.0;4207.0;1003.88;839.83;3.0;1.0;0;1.0;0;0;1.0;0;0;1.0;0;0;1.0;1.0;0;0;0;0;0
1178455;3.00;0.99;56.0;3518.0;32.25;82.5;37.5;8.62;22.64;14.39;0.50;2.08;2.31;153022.0;56.0;57.0;33.0;4323.0;1003.88;859.36;3.0;1.0;0;1.0;0;0;1.0;0;0;1.0;0;0;1.0;1.0;0;0;0;0;0
1178980;2.04;0.97;57.0;3584.0;32.25;82.5;41.25;5.09;15.72;14.39;2.24;0.89;2.31;153022.0;57.0;58.0;33.0;4438.0;1003.88;878.89;3.0;1.0;0;1.0;0;0;1.0;0;0;1.0;0;0;1.0;1.0;0;0;0;0;0
1179516;1.70;0.94;58.0;3614.0;32.25;82.5;41.25;4.31;13.30;14.39;2.85;0.25;2.31;153022.0;58.0;59.0;33.0;4497.0;1003.88;878.89;3.0;1.0;0;1.0;0;0;1.0;0;0;0;0;0;1.0;1.0;0;0;0;0;0
1180043;0.57;1.00;58.0;3470.0;32.25;82.5;-30.0;0;0;14.48;1.26;0;2.31;153022.0;58.0;58.0;33.0;4578.0;1003.88;820.30;3.0;1.0;0;1.0;0;0;1.0;0;0;0;0;0;1.0;1.0;0;0;0;0;0
1180591;0.6;1.00;56.0;3464.0;32.25;82.5;-30.0;0;0;14.48;0.46;0;2.31;153022.0;56.0;56.0;33.0;4605.0;1003.88;0;3.0;1.0;0;1.0;0;0;1.0;0;0;0;0;0;1.0;1.0;0;0;0;0;0
1181108;0.61;1.00;55.0;3304.0;32.25;82.5;-30.0;0;0;14.48;0.07;0;2.31;153022.0;55.0;55.0;33.0;4605.0;1003.88;0;3.0;1.0;0;1.0;0;0;1.0;0;0;1.0;0;0;1.0;1.0;0;0;0;0;0
1181633;2.29;1.00;53.0;3386.0;32.25;82.5;13.5;4.70;8.37;14.29;0;1.56;2.58;153022.0;54.0;54.0;33.0;4278.0;1003.88;898.42;3.0;1.0;0;1.0;0;0;1.0;0;0;1.0;0;0;1.0;1.0;0;0;0;0;0
1182171;2.55;0.99;53.0;3341.0;32.25;82.5;13.5;6.27;13.81;14.39;0;2.03;2.31;153022.0;54.0;54.0;33.0;4258.0;1003.88;898.42;3.0;1.0;0;1.0;0;0;1.0;0;0;1.0;0;0;1.0;1.0;0;0;0;0;0
1182695;1.77;0.95;55.0;3415.0;32.25;82.5;23.25;4.31;11.84;14.39;0;2.83;2.31;153022.0;55.0;55.0;33.0;4410.0;1003.88;898.42;3.0;1.0;0;1.0;0;0;1.0;0;0;1.0;0;0;1.0;1.0;0;0;0;0;0
1183243;0.6;1.00;55.0;3358.0;32.25;82.5;-30.0;0;0;14.39;0;3.37;2.31;153022.0;55.0;55.0;33.0;4532.0;1003.88;839.83;3.0;1.0;0;1.0;0;0;1.0;0;0;0;0;0;1.0;1.0;0;0;0;0;0
1183778;0.62;1.00;53.0;3261.0;32.25;82.5;-30.0;0;0;14.58;1.30;1.50;2.31;153022.0;53.0;54.0;33.0;4552.0;1003.88;0;3.0;1.0;0;1.0;0;0;1.0;0;0;0;0;0;1.0;1.0;0;0;0;0;0
1184304;0.67;1.00;50.0;3060.0;32.25;82.5;-30.0;0;0;14.58;0.44;4.04;2.31;153022.0;51.0;51.0;33.0;4549.0;1003.88;0;3.0;1.0;0;1.0;0;0;1.0;0;0;1.0;0;0;1.0;1.0;0;0;0;0;0
1184818;0.69;1.00;46.0;2882.0;32.25;82.5;-30.0;0;0;14.48;0.15;2.05;2.31;153022.0;46.0;46.0;33.0;4560.0;1003.88;0;3.0;1.0;0;1.0;0;0;1.0;0;0;1.0;0;0;1.0;1.0;0;0;0;0;0
1185366;0.74;1.00;43.0;2673.0;32.25;82.5;-30.0;0;0;14.48;1.52;0.99;2.31;153022.0;44.0;44.0;33.0;4564.0;1003.88;0;3.0;1.0;0;1.0;0;0;1.0;0;0;1.0;0;0;1.0;1.0;0;0;0;0;0
1185888;1.57;1.00;42.0;2662.0;32.25;82.5;21.0;1.96;9.06;14.48;0.66;0.39;2.31;153022.0;43.0;43.0;33.0;4265.0;1003.88;136.71;3.0;1.0;0;1.0;0;0;1.0;0;0;1.0;0;0;1.0;1.0;0;0;0;0;0
1186410;1.68;1.00;42.0;2615.0;32.25;82.5;21.75;2.35;10.68;14.48;0.29;0.15;2.31;153022.0;43.0;43.0;33.0;4258.0;1003.88;898.42;3.0;1.0;0;1.0;0;0;1.0;0;0;1.0;0;0;1.0;1.0;0;0;0;0;0
1186958;2.48;0.98;43.0;2732.0;32.25;82.5;30.0;5.49;18.08;14.48;0.05;0;2.31;153022.0;44.0;44.0;33.0;4382.0;1003.88;898.42;3.0;1.0;0;1.0;0;0;1.0;0;0;1.0;0;0;1.0;1.0;0;0;0;0;0
1187474;2.4;0.95;46.0;2859.0;32.25;82.5;31.5;5.88;18.81;14.39;0;0;2.31;153022.0;46.0;46.0;33.0;4479.0;1003.88;898.42;3.0;1.0;0;1.0;0;0;1.0;0;0;1.0;0;0;1.0;1.0;0;0;0;0;0
1188022;2.12;0.92;48.0;2995.0;32.25;82.5;33.0;5.09;17.43;14.39;0;1.23;2.31;153022.0;48.0;48.0;33.0;4503.0;1003.88;878.89;3.0;1.0;0;1.0;0;0;1.0;0;0;1.0;0;0;1.0;1.0;0;0;0;0;0
1188638;1.68;0.89;48.0;3041.0;32.25;82.5;34.5;3.92;14.01;14.39;0;0.52;2.31;153022.0;49.0;49.0;33.0;4526.0;1003.88;859.36;3.0;1.0;0;1.0;0;0;1.0;0;0;1.0;0;0;1.0;1.0;0;0;0;0;0
1189198;0.81;1.00;50.0;2640.0;32.25;82.5;-30.0;0;0;14.48;0;0.15;2.31;153022.0;50.0;50.0;33.0;4568.0;1003.88;292.96;3.0;1.0;0;1.0;0;0;1.0;0;0;1.0;0;0;1.0;1.0;0;0;0;0;0
1189723;1.34;1.00;48.0;3079.0;32.25;82.5;35.25;1.96;8.96;14.39;3.18;4.51;2.31;153022.0;49.0;49.0;33.0;4214.0;1003.91;878.89;3.0;1.0;0;1.0;0;0;1.0;0;0;1.0;0;0;1.0;1.0;0;0;0;0;0
1190267;2.18;0.99;48.0;3074.0;32.25;82.5;34.5;4.70;15.75;14.39;1.69;2.16;2.31;153022.0;49.0;49.0;33.0;4296.0;1004.03;878.89;3.0;1.0;0;1.0;0;0;1.0;0;0;1.0;0;0;1.0;1.0;0;0;0;0;0
1190793;2.13;0.96;50.0;3106.0;32.25;82.5;34.5;5.09;16.76;14.39;1.87;3.45;2.31;153022.0;50.0;50.0;33.0;4425.0;1004.11;878.89;3.0;1.0;0;1.0;0;0;1.0;0;0;1.0;0;0;1.0;1.0;0;0;0;0;0
1191336;2.09;0.93;51.0;3157.0;32.25;82.5;36.0;5.49;16.95;14.29;0.85;3.55;2.58;153022.0;51.0;51.0;33.0;4496.0;1004.27;859.36;3.0;1.0;0;1.0;0;0;1.0;0;0;1.0;0;0;1.0;1.0;0;0;0;0;0
1191885;3.51;1.00;52.0;3195.0;32.25;82.5;33.0;10.19;25.12;14.48;0.33;3.59;2.31;153022.0;53.0;53.0;33.0;4489.0;1004.34;859.36;3.0;1.0;0;1.0;0;0;1.0;0;0;1.0;0;0;1.0;1.0;0;0;0;0;0
1192405;3.31;0.95;56.0;3494.0;32.25;82.5;33.0;12.15;26.40;14.48;0;1.34;2.31;153022.0;56.0;56.0;33.0;4522.0;1004.34;800.77;3.0;1.0;0;1.0;0;0;1.0;0;0;1.0;0;0;1.0;1.0;0;0;0;0;0
1192952;2.67;0.89;58.0;3613.0;32.25;82.5;36.75;10.19;23.81;14.39;0;0.50;2.31;153022.0;58.0;59.0;33.0;4522.0;1004.50;781.24;3.0;1.0;0;1.0;0;0;1.0;0;0;1.0;0;0;1.0;1.0;0;0;0;0;0
1193477;1.86;0.99;60.0;3608.0;32.25;82.5;41.25;4.70;14.28;14.39;0;0.07;2.31;153022.0;59.0;60.0;33.0;4495.0;1004.58;859.36;3.0;1.0;0;1.0;0;0;1.0;0;0;1.0;0;0;1.0;1.0;0;0;0;0;0
1193998;3.80;1.00;61.0;3778.0;32.25;82.5;37.5;11.37;24.48;14.39;0;1.75;2.31;153022.0;60.0;61.0;33.0;4486.0;1004.66;839.83;3.0;1.0;0;1.0;0;0;1.0;0;0;1.0;0;0;1.0;1.0;0;0;0;0;0
1194637;4.66;0.99;65.0;4016.0;32.25;81.75;28.5;21.57;34.89;14.48;1.38;2.73;2.31;153022.0;64.0;65.0;33.0;4654.0;1004.66;800.77;3.0;1.0;0;1.0;0;0;1.0;0;0;1.0;0;0;1.0;1.0;0;0;0;0;0
1195156;5.10;0.98;70.0;4333.0;32.25;81.75;24.75;26.66;38.16;14.39;1.34;0.76;2.31;153022.0;69.0;71.0;33.0;4602.0;1004.50;624.99;3.0;1.0;0;1.0;0;0;1.0;0;0;1.0;0;0;1.0;1.0;0;0;0;0;0
1195690;5.52;1.00;73.0;4195.0;32.25;81.75;36.0;16.08;30.16;14.39;2.01;1.23;2.31;153022.0;72.0;74.0;33.0;4347.0;1004.66;859.36;4.0;1.0;0;1.0;0;0;1.0;0;0;0;0;0;1.0;1.0;0;0;0;0;0
1196220;4.76;0.97;77.0;4084.0;32.25;81.75;26.25;22.74;35.60;14.48;2.42;1.67;2.31;153022.0;76.0;78.0;33.0;4600.0;1004.66;820.30;4.0;1.0;0;1.0;0;0;1.0;0;0;0;0;0;1.0;1.0;0;0;0;0;0
1196741;4.24;0.88;81.0;4130.0;32.25;81.75;27.75;21.57;33.93;14.39;2.03;2.03;2.31;153022.0;80.0;81.0;33.0;4577.0;1004.66;507.80;4.0;1.0;0;1.0;0;0;1.0;0;0;0;0;0;1.0;1.0;0;0;0;0;0
1197288;3.58;1.00;82.0;3891.0;32.25;81.75;36.75;14.11;25.51;14.29;2.24;4.10;2.58;153023.0;81.0;83.0;33.0;4431.0;1004.73;839.83;5.0;1.0;0;1.0;0;0;1.0;0;0;0;0;0;1.0;1.0;0;0;0;0;0
1197815;2.85;0.99;85.0;3977.0;32.25;81.75;39.0;10.58;22.94;14.39;1.91;1.56;2.31;153023.0;84.0;86.0;33.0;4471.0;1004.85;839.83;5.0;1.0;0;1.0;0;0;1.0;0;0;0;0;0;1.0;1.0;0;0;0;0;0
1198341;2.40;0.95;87.0;3921.0;32.25;81.75;42.0;8.23;19.32;14.39;0.66;0.60;2.31;153023.0;86.0;87.0;33.0;4509.0;1004.85;839.83;5.0;1.0;0;1.0;0;0;1.0;0;0;0;0;0;1.0;1.0;0;0;0;0;0
1198887;2.2;0.89;87.0;4122.0;32.25;81.75;43.5;7.84;18.28;14.48;0.11;0.09;2.31;153023.0;88.0;88.0;33.0;4505.0;1004.89;839.83;5.0;1.0;0;1.0;0;0;1.0;0;0;0;0;0;1.0;1.0;0;0;0;0;0
1199483;4.42;1.00;91.0;4098.0;32.25;81.75;31.5;18.82;31.06;14.48;1.66;1.38;2.31;153023.0;90.0;91.0;33.0;4627.0;1004.97;800.77;5.0;1.0;0;1.0;0;0;1.0;0;0;0;0;0;1.0;1.0;0;0;0;0;0
1200002;0.35;1.00;92.0;3984.0;32.25;81.75;-30.0;0.39;0;14.48;0.41;2.42;2.31;153023.0;92.0;93.0;33.0;4291.0;1005.01;859.36;6.0;1.0;0;1.0;0;0;1.0;0;0;0;0;0;1.0;1.0;0;0;0;0;0
1200552;3.58;0.99;93.0;4010.0;32.25;81.75;36.0;14.11;26.08;14.48;2.73;2.30;2.31;153023.0;93.0;94.0;33.0;4291.0;1005.05;800.77;6.0;1.0;0;1.0;0;0;1.0;0;0;0;0;0;1.0;1.0;0;0;0;0;0
1201121;3.04;0.89;95.0;4020.0;32.25;81.75;37.5;12.94;25.19;14.39;3.55;0.66;2.31;153023.0;94.0;95.0;33.0;4450.0;1005.09;585.93;6.0;1.0;0;1.0;0;0;1.0;0;0;0;0;0;1.0;1.0;0;0;0;0;0
1201648;2.96;0.90;96.0;4040.0;32.25;81.75;38.25;12.15;24.47;14.48;1.34;1.60;2.31;153023.0;94.0;96.0;33.0;4524.0;1005.09;703.11;6.0;1.0;0;1.0;0;0;1.0;0;0;0;0;0;1.0;1.0;0;0;0;0;0
1202195;2.77;0.96;97.0;4149.0;32.25;81.75;40.5;9.80;21.66;14.48;1.34;0.42;2.31;153023.0;95.0;97.0;33.0;4504.0;1005.09;820.30;6.0;1.0;0;1.0;0;0;1.0;0;0;0;0;0;1.0;1.0;0;0;0;0;0
1202768;2.56;0.89;97.0;4136.0;32.25;81.75;40.5;9.80;21.63;14.48;1.42;1.24;2.31;153023.0;97.0;97.0;33.0;4518.0;1005.13;683.58;6.0;1.0;0;1.0;0;0;1.0;0;0;0;0;0;1.0;1.0;0;0;0;0;0
1203295;2.44;0.86;97.0;4117.0;32.25;81.75;41.25;9.80;21.36;14.39;3.24;3.90;2.31;153023.0;97.0;98.0;33.0;4524.0;1005.13;585.93;6.0;1.0;0;1.0;0;0;1.0;0;0;0;0;0;1.0;1.0;0;0;0;0;0
1203822;2.47;0.88;98.0;4125.0;32.25;81.75;41.25;9.41;21.32;14.39;1.19;1.40;2.31;153023.0;97.0;99.0;33.0;4527.0;1005.13;546.86;6.0;1.0;0;1.0;0;0;1.0;0;0;0;0;0;1.0;1.0;0;0;0;0;0
1204358;2.46;0.88;98.0;4192.0;32.25;81.75;42.0;9.41;21.01;14.48;0.33;0.46;2.31;153023.0;97.0;99.0;33.0;4524.0;1005.13;546.86;6.0;1.0;0;1.0;0;0;1.0;0;0;0;0;0;1.0;1.0;0;0;0;0;0
1204882;2.45;0.90;100.0;4275.0;32.25;81.75;42.75;9.41;20.70;14.48;0;0;2.31;153023.0;98.0;100.0;33.0;4515.0;1005.13;781.24;6.0;1.0;0;1.0;0;0;1.0;0;0;0;0;0;1.0;1.0;0;0;0;0;0
1205425;1.89;0.84;100.0;4174.0;32.25;81.75;44.25;7.05;16.98;14.48;0;0;2.31;153023.0;99.0;100.0;33.0;4481.0;1005.13;839.83;6.0;1.0;0;1.0;0;0;1.0;0;0;0;0;0;1.0;1.0;0;0;0;0;0
1205949;1.32;0.80;98.0;4147.0;32.25;81.75;45.75;5.09;12.19;14.39;0;0;2.31;153023.0;98.0;99.0;33.0;4459.0;1005.13;839.83;6.0;1.0;0;1.0;0;0;1.0;0;0;0;0;0;1.0;1.0;0;0;0;0;0
1206486;1.11;0.78;97.0;4143.0;32.25;81.75;46.5;4.31;10.43;14.39;0;0;2.31;153023.0;97.0;98.0;33.0;4471.0;1005.13;820.30;6.0;1.0;0;1.0;0;0;1.0;0;0;0;0;0;1.0;1.0;0;0;0;0;0
1207014;1.11;0.77;96.0;4063.0;32.25;81.75;46.5;4.31;10.64;14.39;1.07;0;2.31;153023.0;96.0;97.0;33.0;4478.0;1005.13;820.30;6.0;1.0;0;1.0;0;0;1.0;0;0;0;0;0;1.0;1.0;0;0;0;0;0
1207537;1.10;0.75;95.0;3966.0;32.25;81.75;45.75;4.31;10.85;14.39;2.03;1.38;2.31;153023.0;95.0;96.0;33.0;4508.0;1005.16;781.24;6.0;1.0;0;1.0;0;0;1.0;0;0;0;0;0;1.0;1.0;0;0;0;0;0
1208077;1.09;0.73;93.0;3910.0;32.25;81.75;45.0;4.31;11.02;14.48;1.60;3.73;2.31;153023.0;94.0;94.0;33.0;4487.0;1005.32;722.64;6.0;1.0;0;1.0;0;0;1.0;0;0;0;0;0;1.0;1.0;0;0;0;0;0
1208639;0.82;0.71;92.0;3878.0;32.25;81.75;43.5;3.13;9.52;14.39;2.69;1.42;2.31;153023.0;92.0;92.0;33.0;4519.0;1005.40;488.27;6.0;1.0;0;1.0;0;0;1.0;0;0;0;0;0;1.0;1.0;0;0;0;0;0
1209163;0.60;1.00;90.0;3763.0;32.25;81.75;-30.0;0;0;14.48;2.42;1.44;2.31;153023.0;89.0;90.0;33.0;4509.0;1005.32;0;6.0;1.0;0;1.0;0;0;1.0;0;0;0;0;0;1.0;1.0;0;0;0;0;0
1209688;0.61;1.00;87.0;3727.0;32.25;81.0;-30.0;0;0;14.58;3.04;0.52;2.31;153023.0;87.0;87.0;33.0;4513.0;1005.28;0;6.0;1.0;0;1.0;0;0;1.0;0;0;0;0;0;1.0;1.0;0;0;0;0;0
1210222;0.63;1.00;85.0;3596.0;32.25;81.0;-30.0;0;0;14.39;1.26;0.15;2.31;153023.0;84.0;85.0;33.0;4533.0;1005.40;0;6.0;1.0;0;1.0;0;0;1.0;0;0;0;0;0;1.0;1.0;0;0;0;0;0
1210757;0.60;1.00;81.0;3429.0;32.25;81.0;-30.0;0;0;14.48;2.48;0;2.31;153023.0;81.0;81.0;33.0;4560.0;1005.44;0;6.0;1.0;0;1.0;0;0;1.0;0;0;0;0;0;1.0;1.0;0;0;0;0;0
1211280;0.62;1.00;77.0;3258.0;32.25;81.0;-30.0;0;0;14.39;1.07;0;2.31;153023.0;77.0;78.0;33.0;4559.0;1005.44;0;6.0;1.0;0;1.0;0;0;1.0;0;0;0;0;0;1.0;1.0;0;0;0;0;0
1211825;0.66;1.00;73.0;3130.0;32.25;81.0;-30.0;0;0;14.39;2.36;0;2.31;153023.0;74.0;74.0;33.0;4548.0;1005.52;0;6.0;1.0;0;1.0;0;0;1.0;0;0;0;0;0;1.0;1.0;0;0;0;0;0
1212402;0.68;1.00;68.0;2958.0;32.25;81.0;-30.0;0;0;14.48;1.09;1.56;2.31;153023.0;68.0;68.0;33.0;4566.0;1005.59;0;6.0;1.0;0;1.0;0;0;1.0;0;0;0;0;0;1.0;1.0;0;0;0;0;0
1212944;0.75;1.00;62.0;2651.0;32.25;81.0;-30.0;0;0;14.39;0.42;4.08;2.31;153023.0;63.0;62.0;33.0;4561.0;1005.87;0;6.0;1.0;0;1.0;0;0;1.0;0;0;0;0;0;1.0;1.0;0;0;0;0;0
1213467;0.83;1.00;58.0;2520.0;32.25;81.0;15.0;0;9.84;14.48;1.34;3.57;2.31;153023.0;59.0;59.0;34.0;4240.0;1005.95;0;6.0;1.0;0;1.0;0;0;1.0;0;0;1.0;0;0;1.0;1.0;0;0;0;0;0
1213995;0.89;1.00;53.0;2317.0;32.25;81.0;14.25;0;9.84;14.39;39.66;46.24;2.31;153023.0;54.0;54.0;27.0;4313.0;1006.06;39.06;6.0;1.0;0;1.0;0;0;1.0;0;0;1.0;0;0;1.0;1.0;0;0;0;0;0
1214525;1.05;1.00;51.0;1845.0;32.25;81.0;13.5;0;9.88;14.48;44.58;97.45;2.31;153023.0;51.0;51.0;26.0;4453.0;1006.14;234.37;5.0;1.0;0;1.0;0;0;1.0;0;0;1.0;0;0;1.0;1.0;0;0;0;0;0
1215051;0.97;1.00;47.0;1971.0;32.25;81.0;12.0;0;9.83;14.39;34.93;86.10;2.31;153023.0;48.0;48.0;27.0;4503.0;1006.22;859.36;4.0;1.0;0;1.0;0;0;1.0;0;0;1.0;0;0;1.0;1.0;0;0;0;0;0
1215634;0.86;1.00;46.0;2340.0;32.25;81.0;14.25;0;9.92;14.39;65.48;79.36;2.31;153023.0;46.0;46.0;27.0;4484.0;1006.26;39.06;4.0;1.0;0;1.0;0;0;1.0;0;0;1.0;0;0;1.0;1.0;0;0;0;0;0
1216158;0.87;1.00;43.0;2271.0;32.25;81.0;13.5;0;9.78;14.39;71.49;67.37;2.31;153023.0;44.0;44.0;27.0;4510.0;1006.26;39.06;4.0;1.0;0;1.0;0;0;1.0;0;0;1.0;0;0;1.0;1.0;0;0;0;0;0
1216699;0.89;1.00;41.0;2146.0;32.25;81.0;12.75;0;9.77;14.48;116.49;86.12;2.31;153023.0;42.0;42.0;26.0;4556.0;1006.30;19.53;4.0;1.0;0;1.0;0;0;1.0;0;0;1.0;0;0;1.0;1.0;0;0;0;0;0
1217224;0.95;1.00;40.0;2030.0;32.25;81.0;12.0;0;9.72;14.39;146.33;76.28;2.31;153023.0;40.0;39.0;27.0;4526.0;1006.30;19.53;4.0;1.0;0;1.0;0;0;1.0;0;0;1.0;0;0;1.0;1.0;0;0;0;0;0
1217756;0.98;1.00;36.0;1921.0;32.25;81.0;12.75;0;9.75;14.39;236.05;188.83;2.31;153023.0;36.0;36.0;27.0;4516.0;1006.34;39.06;4.0;1.0;0;1.0;0;0;1.0;0;0;1.0;0;0;1.0;1.0;0;0;0;0;0
1218288;1.05;1.00;33.0;1820.0;32.25;81.0;12.0;0;9.77;14.48;257.85;249.57;2.31;153023.0;34.0;34.0;27.0;4513.0;1006.34;39.06;4.0;1.0;0;1.0;0;0;1.0;0;0;1.0;0;0;1.0;1.0;0;0;0;0;0
1218837;1.44;1.01;33.0;1761.0;32.25;81.0;12.75;0.39;9.82;14.39;278.55;248.28;2.31;153023.0;34.0;34.0;27.0;4497.0;1006.34;78.12;4.0;1.0;0;1.0;0;0;1.0;0;0;1.0;0;0;1.0;1.0;0;0;0;0;0
1219412;1.26;0.99;33.0;1520.0;32.25;81.0;12.75;0;9.86;14.39;211.27;187.85;2.31;153023.0;34.0;33.0;27.0;4507.0;1006.34;898.42;3.0;1.0;0;1.0;0;0;1.0;0;0;1.0;0;0;1.0;1.0;0;0;0;0;0
1219937;0.96;1.00;32.0;2020.0;32.25;81.0;12.0;0;9.86;14.39;238.10;144.07;2.31;153023.0;32.0;32.0;27.0;4514.0;1006.34;761.70;3.0;1.0;0;1.0;0;0;1.0;0;0;1.0;0;0;1.0;1.0;0;0;0;0;0
1220462;3.54;1.00;32.0;1981.0;32.25;81.0;-8.25;5.88;9.56;14.39;220.78;173.69;2.31;153023.0;32.0;32.0;33.0;4500.0;1006.34;917.95;3.0;1.0;0;1.0;0;0;1.0;0;0;1.0;0;0;1.0;1.0;0;0;0;0;0
1220998;3.15;0.98;32.0;2059.0;32.25;81.0;0.75;5.88;14.84;14.48;144.81;108.05;2.31;153023.0;33.0;33.0;33.0;4487.0;1006.49;878.89;3.0;1.0;0;1.0;0;0;1.0;0;0;1.0;0;0;1.0;1.0;0;0;0;0;0
1221521;2.92;0.96;35.0;2178.0;32.25;81.0;11.25;6.27;18.62;14.48;96.06;67.18;2.31;153023.0;34.0;35.0;33.0;4458.0;1006.53;878.89;3.0;1.0;0;1.0;0;0;1.0;0;0;1.0;0;0;1.0;1.0;0;0;0;0;0
1222066;2.79;0.93;37.0;2258.0;32.25;81.0;21.75;6.27;21.04;14.39;53.74;37.57;2.31;153023.0;37.0;37.0;33.0;4467.0;1006.61;878.89;3.0;1.0;0;1.0;0;0;1.0;0;0;1.0;0;0;1.0;1.0;0;0;0;0;0
1222648;2.69;0.90;40.0;2427.0;32.25;81.0;23.25;6.66;21.47;14.48;31.65;22.12;2.31;153023.0;39.0;40.0;33.0;4461.0;1006.61;859.36;3.0;1.0;0;1.0;0;0;1.0;0;0;1.0;0;0;1.0;1.0;0;0;0;0;0
1223185;2.47;0.87;42.0;2615.0;32.25;81.0;27.75;6.66;21.25;14.29;15.87;13.45;2.58;153023.0;42.0;43.0;33.0;4513.0;1006.73;820.30;3.0;1.0;0;1.0;0;0;1.0;0;0;1.0;0;0;1.0;1.0;0;0;0;0;0
1223708;2.26;0.83;45.0;2775.0;32.25;81.0;30.0;6.66;20.33;14.39;8.82;8.94;2.31;153023.0;44.0;45.0;33.0;4540.0;1006.92;722.64;3.0;1.0;0;1.0;0;0;1.0;0;0;1.0;0;0;1.0;1.0;0;0;0;0;0
1224233;2.16;0.81;46.0;2823.0;32.25;81.0;30.75;6.66;20.40;14.48;4.62;4.92;2.31;153023.0;45.0;46.0;33.0;4527.0;1007.12;312.49;3.0;1.0;0;1.0;0;0;1.0;0;0;1.0;0;0;1.0;1.0;0;0;0;0;0
1224763;2.16;0.81;47.0;2941.0;32.25;81.0;32.25;6.66;20.08;14.39;3.41;2.26;2.31;153023.0;47.0;47.0;33.0;4522.0;1007.27;839.83;3.0;1.0;0;1.0;0;0;1.0;0;0;1.0;0;0;1.0;1.0;0;0;0;0;0
1225307;3.64;0.98;53.0;3193.0;32.25;81.0;30.75;13.33;28.26;14.39;3.43;1.69;2.31;153023.0;52.0;54.0;33.0;4525.0;1007.39;820.30;3.0;1.0;0;1.0;0;0;1.0;0;0;1.0;0;0;1.0;1.0;0;0;0;0;0
1225876;3.21;0.92;56.0;3445.0;32.25;81.75;33.0;12.55;26.97;14.39;1.52;2.10;2.31;153023.0;55.0;56.0;33.0;4522.0;1007.43;703.11;3.0;1.0;0;1.0;0;0;1.0;0;0;1.0;0;0;1.0;1.0;0;0;0;0;0
1226399;3.04;0.88;58.0;3523.0;32.25;81.75;33.75;12.15;26.54;14.48;0.50;2.03;2.31;153023.0;58.0;58.0;33.0;4511.0;1007.51;722.64;3.0;1.0;0;1.0;0;0;1.0;0;0;1.0;0;0;1.0;1.0;0;0;0;0;0
1226948;2.29;0.99;60.0;3690.0;31.5;81.75;42.0;6.27;17.97;14.39;0.15;0.82;2.31;153023.0;59.0;60.0;33.0;4514.0;1007.47;878.89;3.0;1.0;0;1.0;0;0;1.0;0;0;0;0;0;1.0;1.0;0;0;0;0;0
1227472;0.56;1.00;58.0;3726.0;31.5;81.75;-30.0;0;0;14.48;0;0.27;2.31;153023.0;59.0;59.0;33.0;4581.0;1007.51;839.83;3.0;1.0;0;1.0;0;0;1.0;0;0;0;0;0;1.0;1.0;0;0;0;0;0
1227997;0.59;1.00;57.0;3484.0;31.5;81.75;-30.0;0;0;14.48;0;0;2.31;153023.0;57.0;57.0;33.0;4622.0;1007.51;0;3.0;1.0;0;1.0;0;0;1.0;0;0;0;0;0;1.0;1.0;0;0;0;0;0
1228545;0.62;1.00;52.0;3286.0;31.5;81.75;-30.0;0;0;14.48;0;0;2.31;153023.0;53.0;53.0;33.0;4614.0;1007.55;0;3.0;1.0;0;1.0;0;0;1.0;0;0;0;0;0;1.0;1.0;0;0;0;0;0
1229164;0.68;1.00;47.0;2920.0;31.5;81.75;-30.0;0;0;14.48;1.85;0;2.31;153023.0;47.0;47.0;33.0;4628.0;1007.55;0;3.0;1.0;0;1.0;0;0;1.0;0;0;1.0;0;0;1.0;1.0;0;0;0;0;0
1229748;0.75;1.00;42.0;2581.0;31.5;81.75;-30.0;0;0;14.48;0.68;2.79;2.31;153023.0;43.0;42.0;33.0;4621.0;1007.59;0;3.0;1.0;0;1.0;0;0;1.0;0;0;1.0;0;0;1.0;1.0;0;0;0;0;0
1230277;0.94;1.00;38.0;2384.0;31.5;81.75;12.0;0;9.73;14.48;6.83;7.40;2.31;153023.0;39.0;39.0;28.0;4201.0;1007.59;0;3.0;1.0;0;1.0;0;0;1.0;0;0;1.0;0;0;1.0;1.0;0;0;0;0;0
1230933;0.97;1.00;38.0;2055.0;31.5;81.75;12.0;0;9.86;14.48;13.72;4.29;2.31;153023.0;39.0;39.0;27.0;4385.0;1007.59;839.83;2.0;1.0;0;1.0;0;0;1.0;0;0;1.0;0;0;1.0;1.0;0;0;0;0;0
1231482;0.84;1.00;36.0;2798.0;31.5;81.75;14.25;0;9.75;14.48;26.13;25.19;2.31;153023.0;37.0;37.0;33.0;4451.0;1007.59;19.53;2.0;1.0;0;1.0;0;0;1.0;0;0;1.0;0;0;1.0;1.0;0;0;0;0;0
1232019;1.41;1.01;36.0;2790.0;31.5;81.75;27.75;1.96;9.50;14.20;13.80;15.56;2.58;153023.0;37.0;37.0;33.0;4481.0;1007.59;898.42;2.0;1.0;0;1.0;0;0;1.0;0;0;1.0;0;0;1.0;1.0;0;0;0;0;0
1232543;1.40;0.99;36.0;2816.0;31.5;81.75;31.5;2.35;10.11;14.39;7.24;8.20;2.31;153023.0;36.0;37.0;33.0;4500.0;1007.59;898.42;2.0;1.0;0;1.0;0;0;1.0;0;0;1.0;0;0;1.0;1.0;0;0;0;0;0
1233069;1.34;0.97;36.0;2834.0;31.5;81.75;31.5;2.35;9.84;14.48;5.48;4.27;2.31;153023.0;37.0;37.0;33.0;4513.0;1007.59;898.42;2.0;1.0;0;1.0;0;0;1.0;0;0;1.0;0;0;1.0;1.0;0;0;0;0;0
1233619;1.26;0.96;36.0;2842.0;31.5;81.75;31.5;1.96;9.41;14.48;4.29;3.12;2.31;153023.0;36.0;36.0;33.0;4521.0;1007.66;878.89;2.0;1.0;0;1.0;0;0;1.0;0;0;1.0;0;0;1.0;1.0;0;0;0;0;0
1234149;1.17;0.94;36.0;2792.0;31.5;81.75;30.75;1.56;8.79;14.39;2.30;1.58;2.31;153023.0;36.0;36.0;33.0;4520.0;1007.86;878.89;2.0;1.0;0;1.0;0;0;1.0;0;0;1.0;0;0;1.0;1.0;0;0;0;0;0
1234672;1.12;0.92;36.0;2746.0;32.25;81.75;30.0;1.56;8.47;14.39;0.99;1.81;2.31;153023.0;36.0;36.0;33.0;4519.0;1007.98;859.36;2.0;1.0;0;1.0;0;0;1.0;0;0;1.0;0;0;1.0;1.0;0;0;0;0;0
1235197;0.92;1.00;35.0;2684.0;32.25;81.75;28.5;0;10.95;14.39;0.42;4.31;2.31;153023.0;35.0;35.0;33.0;4499.0;1008.17;781.24;2.0;1.0;0;1.0;0;0;1.0;0;0;1.0;0;0;1.0;1.0;0;0;0;0;0
1235743;1.83;0.99;35.0;2794.0;32.25;81.75;30.75;3.52;13.33;14.39;3.33;2.18;2.31;153023.0;35.0;35.0;33.0;4493.0;1008.09;878.89;2.0;1.0;0;1.0;0;0;1.0;0;0;1.0;0;0;1.0;1.0;0;0;0;0;0
1236269;1.72;0.97;36.0;2861.0;32.25;81.75;31.5;3.52;13.02;14.48;1.50;0.95;2.31;153023.0;36.0;36.0;33.0;4550.0;1008.21;859.36;2.0;1.0;0;1.0;0;0;1.0;0;0;1.0;0;0;1.0;1.0;0;0;0;0;0
1236803;1.16;0.99;36.0;1566.0;32.25;81.75;17.25;0;10.59;14.48;18.51;7.44;2.31;153023.0;36.0;36.0;28.0;4525.0;1008.33;703.11;2.0;1.0;0;1.0;0;0;1.0;0;0;1.0;0;0;1.0;1.0;0;0;0;0;0
1237328;1.32;0.97;36.0;1369.0;32.25;81.75;11.25;0;9.60;14.48;29.37;12.59;2.31;153023.0;36.0;36.0;27.0;4534.0;1008.45;781.24;2.0;1.0;0;1.0;0;0;1.0;0;0;1.0;0;0;1.0;1.0;0;0;0;0;0
1237854;1.26;0.96;36.0;1378.0;32.25;81.75;12.0;0;9.66;14.48;61.20;18.04;2.31;153023.0;36.0;36.0;26.0;4500.0;1008.56;781.24;2.0;1.0;0;1.0;0;0;1.0;0;0;1.0;0;0;1.0;1.0;0;0;0;0;0
1238394;1.28;0.94;35.0;1283.0;32.25;81.75;12.0;0;9.61;14.39;90.85;44.33;2.31;153023.0;36.0;36.0;26.0;4508.0;1008.68;585.93;2.0;1.0;0;1.0;0;0;1.0;0;0;1.0;0;0;1.0;1.0;0;0;0;0;0
1238919;1.26;0.94;33.0;1334.0;32.25;81.75;12.0;0;9.69;14.48;78.66;92.31;2.31;153023.0;33.0;34.0;26.0;4506.0;1008.72;78.12;2.0;1.0;0;1.0;0;0;1.0;0;0;1.0;0;0;1.0;1.0;0;0;0;0;0
1239456;1.30;0.95;30.0;1362.0;32.25;81.75;12.75;0;9.72;14.48;82.24;106.82;2.31;153023.0;30.0;30.0;26.0;4534.0;1008.76;0;2.0;1.0;0;1.0;0;0;1.0;0;0;1.0;0;0;1.0;1.0;0;0;0;0;0
1239982;1.36;0.97;26.0;1292.0;32.25;81.75;12.0;0;9.59;14.39;68.60;124.62;2.31;153023.0;26.0;26.0;26.0;4500.0;1008.72;156.24;2.0;1.0;0;1.0;0;0;1.0;0;0;1.0;0;0;1.0;1.0;0;0;0;0;0
1240524;1.33;0.98;21.0;1386.0;32.25;81.75;12.75;0;9.71;14.48;91.55;189.87;2.31;153023.0;21.0;21.0;26.0;4545.0;1008.76;58.59;1.0;1.0;0;1.0;0;0;1.0;0;0;1.0;0;0;1.0;1.0;0;0;0;0;0
1241051;1.16;0.99;18.0;1568.0;32.25;81.75;12.0;0;9.66;14.39;176.04;218.69;2.31;153023.0;18.0;18.0;26.0;4531.0;1008.76;820.30;1.0;1.0;0;1.0;0;0;1.0;0;0;1.0;0;0;1.0;1.0;0;0;0;0;0
1241577;1.36;0.97;17.0;1317.0;32.25;81.75;11.25;0;9.38;14.39;234.45;225.21;2.31;153023.0;17.0;17.0;26.0;4489.0;1008.80;820.30;1.0;1.0;0;1.0;0;0;1.0;0;0;1.0;0;0;1.0;1.0;0;0;0;0;0
1242114;1.29;0.96;16.0;1379.0;32.25;81.75;12.75;0;9.71;14.39;227.77;226.13;2.31;153023.0;16.0;16.0;26.0;4509.0;1008.80;800.77;1.0;1.0;0;1.0;0;0;1.0;0;0;1.0;0;0;1.0;1.0;0;0;0;0;0
1242637;1.28;0.94;15.0;1355.0;32.25;81.75;12.75;0;9.69;14.39;226.99;262.07;2.31;153023.0;15.0;15.0;26.0;4500.0;1008.84;722.64;1.0;1.0;0;1.0;0;0;1.0;0;0;1.0;0;0;1.0;1.0;0;0;0;0;0
1243177;1.27;0.93;13.0;1356.0;32.25;81.75;12.75;0;9.71;14.39;216.64;271.33;2.31;153023.0;14.0;14.0;26.0;4508.0;1008.84;117.18;1.0;1.0;0;1.0;0;0;1.0;0;0;1.0;0;0;1.0;1.0;0;0;0;0;0
1243703;1.33;0.95;12.0;1333.0;32.25;81.75;12.0;0;9.57;14.39;196.41;307.67;2.31;153023.0;13.0;13.0;26.0;4512.0;1008.84;19.53;1.0;1.0;0;1.0;0;0;1.0;0;0;1.0;0;0;1.0;1.0;0;0;0;0;0
1244251;1.31;0.97;11.0;1306.0;32.25;81.75;12.0;0;9.57;14.39;238.53;244.18;2.31;153023.0;11.0;11.0;26.0;4499.0;1008.84;19.53;1.0;1.0;0;1.0;0;0;1.0;0;0;1.0;0;0;1.0;1.0;0;0;0;0;0
1244764;1.37;0.98;10.0;1301.0;32.25;81.75;12.0;0;9.59;14.39;196.08;270.17;2.31;153023.0;10.0;9.0;27.0;4507.0;1008.84;78.12;1.0;1.0;0;1.0;0;0;1.0;0;0;1.0;0;0;1.0;1.0;0;0;0;0;0
1245312;1.43;1.00;7.0;1294.0;32.25;82.5;11.25;0;9.38;14.48;157.68;285.15;2.31;153023.0;8.0;8.0;27.0;4512.0;1008.84;58.59;1.0;1.0;0;1.0;0;0;1.0;0;0;1.0;0;0;1.0;1.0;0;0;0;0;0
1245829;1.44;1.01;6.0;1285.0;32.25;82.5;10.5;0;9.22;14.39;159.61;268.20;2.31;153023.0;7.0;7.0;26.0;4508.0;1008.84;410.15;1.0;1.0;0;1.0;0;0;1.0;0;0;1.0;0;0;1.0;1.0;0;0;0;0;0
1246378;1.40;1.02;6.0;1261.0;32.25;82.5;12.0;0;9.54;14.39;180.10;302.10;2.31;153023.0;6.0;6.0;25.0;4510.0;1008.84;605.46;1.0;1.0;0;1.0;0;0;1.0;0;0;1.0;0;0;1.0;1.0;0;0;0;0;0
1247017;1.49;1.00;5.0;1175.0;32.25;82.5;20.25;0;10.58;14.39;131.08;249.16;2.31;153023.0;5.0;5.0;25.0;4508.0;1008.84;703.11;1.0;1.0;0;1.0;0;0;1.0;0;0;1.0;0;0;1.0;1.0;0;0;0;0;0
1247565;1.42;0.99;3.0;1276.0;32.25;82.5;12.0;0;9.47;14.48;100.71;191.43;2.31;153023.0;4.0;4.0;26.0;4510.0;1008.84;742.17;1.0;1.0;0;1.0;0;0;1.0;0;0;1.0;0;0;1.0;1.0;0;0;0;0;0
1248089;1.74;0.98;3.0;1278.0;32.25;82.5;12.75;0.39;11.03;14.48;121.98;170.69;2.31;153023.0;4.0;4.0;34.0;4513.0;1008.84;624.99;1.0;1.0;0;1.0;0;0;1.0;0;0;1.0;0;0;1.0;1.0;0;0;0;0;0
1248628;2.08;0.98;5.0;1693.0;32.25;82.5;13.5;1.96;13.22;14.48;134.07;154.54;2.31;153023.0;5.0;5.0;33.0;4591.0;1008.84;859.36;1.0;1.0;0;1.0;0;0;1.0;0;0;1.0;0;0;1.0;1.0;0;0;0;0;0
1249152;2.24;0.97;6.0;1677.0;32.25;82.5;13.5;2.35;14.80;14.48;92.66;106.84;2.31;153023.0;6.0;7.0;33.0;4537.0;1008.84;859.36;1.0;1.0;0;1.0;0;0;1.0;0;0;1.0;0;0;1.0;1.0;0;0;0;0;0
1249694;2.20;0.95;8.0;1687.0;32.25;83.25;13.5;2.74;14.63;14.39;60.73;66.44;2.31;153023.0;8.0;8.0;32.0;4522.0;1008.84;859.36;1.0;1.0;0;1.0;0;0;1.0;0;0;1.0;0;0;1.0;1.0;0;0;0;0;0
1250218;3.10;1.00;8.0;1634.0;32.25;83.25;13.5;3.52;17.75;14.39;50.52;54.03;2.31;153023.0;9.0;9.0;32.0;4490.0;1008.84;878.89;1.0;1.0;0;1.0;0;0;1.0;0;0;1.0;0;0;1.0;1.0;0;0;0;0;0
1250735;2.33;0.98;11.0;2195.0;32.25;83.25;21.0;3.92;16.45;14.48;31.40;35.38;2.31;153023.0;11.0;11.0;32.0;4505.0;1008.84;878.89;1.0;1.0;0;1.0;0;0;1.0;0;0;1.0;0;0;1.0;1.0;0;0;0;0;0
1251287;2.56;0.96;13.0;2161.0;32.25;83.25;20.25;4.70;18.32;14.39;17.51;19.74;2.31;153023.0;13.0;14.0;32.0;4533.0;1008.84;878.89;1.0;1.0;0;1.0;0;0;1.0;0;0;1.0;0;0;1.0;1.0;0;0;0;0;0
1251812;4.63;1.00;20.0;2216.0;32.25;83.25;16.5;13.72;32.80;14.39;10.81;12.24;2.31;153023.0;19.0;20.0;32.0;4401.0;1008.84;859.36;1.0;1.0;0;1.0;0;0;1.0;0;0;1.0;0;0;1.0;1.0;0;0;0;0;0
1252347;4.10;0.96;27.0;2948.0;32.25;83.25;24.75;17.25;31.79;14.48;6.32;6.79;2.31;153023.0;26.0;27.0;32.0;4519.0;1008.84;820.30;1.0;1.0;0;1.0;0;0;1.0;0;0;1.0;0;0;1.0;1.0;0;0;0;0;0
1252871;6.03;1.00;35.0;3937.0;32.25;83.25;19.5;28.23;40.19;14.39;6.38;2.67;2.31;153023.0;34.0;36.0;32.0;4643.0;1008.84;839.83;1.0;1.0;0;1.0;0;0;1.0;0;0;1.0;0;0;1.0;1.0;0;0;0;0;0
1253415;6.70;1.00;41.0;3275.0;32.25;83.25;21.0;24.31;36.37;14.29;3.96;4.08;2.58;153023.0;40.0;41.0;32.0;4432.0;1008.84;839.83;2.0;1.0;0;1.0;0;0;1.0;0;0;1.0;0;0;1.0;1.0;0;0;0;0;0
1253995;5.33;1.00;48.0;3777.0;32.25;84.0;19.5;26.27;38.94;14.20;5.72;1.83;2.58;153023.0;46.0;49.0;32.0;4594.0;1008.84;820.30;2.0;1.0;0;1.0;0;0;1.0;0;0;1.0;0;0;1.0;1.0;0;0;0;0;0
1254538;4.72;1.00;55.0;4271.0;32.25;84.0;27.0;23.53;36.65;14.39;4.68;1.99;2.31;153023.0;54.0;55.0;32.0;4638.0;1008.84;820.30;2.0;1.0;0;1.0;0;0;1.0;0;0;1.0;0;0;1.0;1.0;0;0;0;0;0
1255105;2.96;0.97;57.0;3527.0;32.25;84.0;37.5;9.41;23.10;14.39;2.73;0.54;2.31;153023.0;57.0;57.0;32.0;4359.0;1008.84;839.83;3.0;1.0;0;1.0;0;0;1.0;0;0;1.0;0;0;1.0;1.0;0;0;0;0;0
1255706;1.67;1.00;58.0;3529.0;31.5;84.0;39.75;3.92;12.58;14.39;3.24;0.17;2.31;153023.0;58.0;59.0;32.0;4479.0;1008.84;859.36;3.0;1.0;0;1.0;0;0;1.0;0;0;1.0;0;0;1.0;1.0;0;0;0;0;0
1256223;0.68;1.00;56.0;2817.0;31.5;84.0;-30.0;0;0;14.48;1.26;1.85;2.31;153023.0;56.0;56.0;32.0;4567.0;1008.84;0;3.0;1.0;0;1.0;0;0;1.0;0;0;0;0;0;1.0;1.0;0;0;0;0;0
1256796;0.61;1.00;53.0;3281.0;31.5;84.0;-30.0;0;0;14.48;0.54;0.83;2.31;153023.0;54.0;54.0;32.0;4571.0;1008.84;0;3.0;1.0;0;1.0;0;0;1.0;0;0;0;0;0;1.0;1.0;0;0;0;0;0
1257324;0.65;1.00;52.0;3136.0;31.5;84.0;-30.0;0;0;14.48;2.03;0.27;2.31;153023.0;52.0;52.0;32.0;4566.0;1008.84;0;3.0;1.0;0;1.0;0;0;1.0;0;0;0;0;0;1.0;1.0;0;0;0;0;0
1257848;0.66;1.00;50.0;3025.0;31.5;84.0;-30.0;0;0;14.48;2.38;0.01;2.31;153023.0;51.0;50.0;32.0;4560.0;1008.84;0;3.0;1.0;0;1.0;0;0;1.0;0;0;1.0;0;0;1.0;1.0;0;0;0;0;0
1258399;0.68;1.00;47.0;2934.0;31.5;84.0;-30.0;0;0;14.48;2.28;0;2.31;153023.0;48.0;48.0;32.0;4571.0;1008.84;0;3.0;1.0;0;1.0;0;0;1.0;0;0;1.0;0;0;1.0;1.0;0;0;0;0;0
1258968;0.72;1.00;45.0;2727.0;31.5;84.0;-30.0;0;0;14.39;1.11;1.23;2.31;153023.0;45.0;45.0;32.0;4564.0;1008.84;0;3.0;1.0;0;1.0;0;0;1.0;0;0;1.0;0;0;1.0;1.0;0;0;0;0;0
1259554;0.74;1.00;43.0;2589.0;31.5;84.0;-30.0;0;0;14.39;0.42;0.52;2.31;153023.0;43.0;43.0;32.0;4571.0;1008.84;0;3.0;1.0;0;1.0;0;0;1.0;0;0;1.0;0;0;1.0;1.0;0;0;0;0;0
1260089;0.90;1.00;41.0;2495.0;31.5;84.0;11.25;0;9.52;14.48;1.50;0.19;2.31;153023.0;40.0;41.0;31.0;4232.0;1008.84;0;3.0;1.0;0;1.0;0;0;1.0;0;0;1.0;0;0;1.0;1.0;0;0;0;0;0
1260613;1.26;1.00;38.0;2372.0;31.5;84.0;23.25;0.78;7.79;14.39;8.92;7.47;2.31;153023.0;39.0;39.0;32.0;4313.0;1008.84;742.17;3.0;1.0;0;1.0;0;0;1.0;0;0;1.0;0;0;1.0;1.0;0;0;0;0;0
1261132;1.78;0.99;38.0;2412.0;31.5;84.0;24.0;2.74;12.16;14.39;5.19;4.33;2.31;153023.0;39.0;39.0;32.0;4391.0;1008.84;917.95;3.0;1.0;0;1.0;0;0;1.0;0;0;1.0;0;0;1.0;1.0;0;0;0;0;0
1261679;2.2;0.97;38.0;2498.0;31.5;84.0;25.5;4.31;16.21;14.29;2.69;2.08;2.58;153023.0;39.0;39.0;32.0;4472.0;1008.84;898.42;3.0;1.0;0;1.0;0;0;1.0;0;0;1.0;0;0;1.0;1.0;0;0;0;0;0
1262204;1.27;0.99;40.0;1861.0;32.25;84.0;16.5;0.78;8.69;14.39;5.87;3.49;2.31;153023.0;40.0;40.0;32.0;4598.0;1008.84;839.83;3.0;1.0;0;1.0;0;0;1.0;0;0;1.0;0;0;1.0;1.0;0;0;0;0;0
1262743;1.37;0.98;38.0;2331.0;32.25;84.0;22.5;1.56;9.38;14.39;6.67;2.22;2.31;153023.0;38.0;38.0;32.0;4490.0;1008.84;898.42;3.0;1.0;0;1.0;0;0;1.0;0;0;1.0;0;0;1.0;1.0;0;0;0;0;0
1263268;2.38;0.96;37.0;2325.0;32.25;84.0;24.0;3.52;15.33;14.39;3.45;1.09;2.31;153023.0;38.0;38.0;32.0;4506.0;1008.84;878.89;3.0;1.0;0;1.0;0;0;1.0;0;0;1.0;0;0;1.0;1.0;0;0;0;0;0
1263810;2.2;0.94;38.0;2293.0;32.25;84.0;22.5;3.92;16.43;14.39;2.07;2.18;2.31;153023.0;38.0;38.0;32.0;4491.0;1008.84;859.36;3.0;1.0;0;1.0;0;0;1.0;0;0;1.0;0;0;0;1.0;0;0;0;0;0
1264333;2.02;0.92;38.0;2440.0;32.25;84.0;23.25;3.92;15.60;14.39;1.13;1.21;2.31;153023.0;39.0;39.0;32.0;4501.0;1008.84;859.36;3.0;1.0;0;1.0;0;0;1.0;0;0;1.0;0;0;1.0;1.0;0;0;0;0;0
1264872;1.97;0.89;40.0;2475.0;32.25;84.0;25.5;3.92;15.88;14.29;0.52;0.56;2.58;153023.0;40.0;40.0;32.0;4484.0;1008.84;839.83;3.0;1.0;0;1.0;0;0;1.0;0;0;1.0;0;0;1.0;1.0;0;0;0;0;0
1265395;2.08;0.99;40.0;1907.0;32.25;84.0;16.5;2.35;12.54;14.29;9.15;17.81;2.58;153023.0;40.0;40.0;32.0;4575.0;1008.84;839.83;3.0;1.0;0;1.0;0;0;1.0;0;0;1.0;0;0;1.0;1.0;0;0;0;0;0
1265920;1.72;0.98;40.0;2469.0;32.25;84.0;25.5;2.74;12.26;14.39;14.02;23.33;2.31;153023.0;40.0;40.0;32.0;4487.0;1008.84;878.89;3.0;1.0;0;1.0;0;0;1.0;0;0;1.0;0;0;1.0;1.0;0;0;0;0;0
1266463;1.76;0.97;40.0;2508.0;32.25;84.0;24.75;2.74;12.79;14.39;7.36;11.65;2.31;153023.0;40.0;40.0;32.0;4494.0;1008.84;859.36;3.0;1.0;0;1.0;0;0;1.0;0;0;1.0;0;0;1.0;1.0;0;0;0;0;0
1267045;2.61;0.94;41.0;2503.0;32.25;84.0;26.25;6.27;20.00;14.39;4.04;6.81;2.31;153023.0;41.0;42.0;32.0;4483.0;1008.84;839.83;3.0;1.0;0;1.0;0;0;1.0;0;0;1.0;0;0;1.0;1.0;0;0;0;0;0
1267584;2.48;0.91;42.0;2562.0;32.25;84.0;27.0;6.27;20.19;14.48;1.93;3.35;2.31;153023.0;42.0;43.0;32.0;4513.0;1008.84;820.30;3.0;1.0;0;1.0;0;0;1.0;0;0;1.0;0;0;1.0;1.0;0;0;0;0;0
1268107;2.33;0.88;45.0;2731.0;31.5;84.0;30.75;6.27;20.09;14.39;0.99;4.02;2.31;153023.0;44.0;45.0;32.0;4530.0;1008.84;800.77;3.0;1.0;0;1.0;0;0;1.0;0;0;1.0;0;0;1.0;1.0;0;0;0;0;0
1268639;1.76;0.99;45.0;2809.0;31.5;84.0;30.75;3.52;13.20;14.39;2.01;2.03;2.31;153024.0;45.0;45.0;32.0;4517.0;1008.84;859.36;3.0;1.0;0;1.0;0;0;1.0;0;0;1.0;0;0;1.0;1.0;0;0;0;0;0
1269173;1.74;0.97;46.0;2746.0;31.5;84.0;30.75;3.52;13.12;14.39;0.87;0.87;2.31;153024.0;46.0;46.0;32.0;4524.0;1008.84;859.36;3.0;1.0;0;1.0;0;0;1.0;0;0;1.0;0;0;1.0;1.0;0;0;0;0;0
1269758;1.66;0.95;46.0;2827.0;31.5;84.0;31.5;3.13;12.73;14.48;0.35;0.35;2.31;153024.0;46.0;46.0;32.0;4520.0;1008.84;839.83;3.0;1.0;0;1.0;0;0;1.0;0;0;1.0;0;0;1.0;1.0;0;0;0;0;0
1270272;1.56;0.94;47.0;2890.0;31.5;84.0;32.25;3.13;12.18;14.29;0.07;0.07;2.58;153024.0;46.0;47.0;32.0;4517.0;1008.84;839.83;3.0;1.0;0;1.0;0;0;1.0;0;0;1.0;0;0;1.0;1.0;0;0;0;0;0
1270819;1.56;0.92;47.0;2845.0;31.5;84.0;33.0;3.13;12.37;14.20;2.20;1.85;2.58;153024.0;47.0;47.0;32.0;4514.0;1008.84;839.83;3.0;1.0;0;1.0;0;0;1.0;0;0;1.0;0;0;1.0;1.0;0;0;0;0;0
1271337;1.50;0.90;47.0;2913.0;31.5;84.0;32.25;3.13;12.09;14.29;2.79;0.78;2.58;153024.0;47.0;48.0;32.0;4519.0;1008.84;839.83;3.0;1.0;0;1.0;0;0;1.0;0;0;1.0;0;0;1.0;1.0;0;0;0;0;0
1271885;1.22;0.88;47.0;2995.0;31.5;84.0;33.75;2.35;10.58;14.39;1.40;2.53;2.31;153024.0;47.0;48.0;32.0;4520.0;1008.84;820.30;3.0;1.0;0;1.0;0;0;1.0;0;0;1.0;0;0;1.0;1.0;0;0;0;0;0
1272409;1.17;0.87;47.0;2905.0;31.5;84.0;33.0;1.96;9.60;14.29;0.66;1.26;2.58;153024.0;47.0;47.0;32.0;4524.0;1008.84;820.30;3.0;1.0;0;1.0;0;0;1.0;0;0;1.0;0;0;1.0;1.0;0;0;0;0;0
1272948;1.17;0.85;47.0;2847.0;31.5;84.0;31.5;1.96;9.80;14.29;0.27;0.58;2.58;153024.0;47.0;47.0;32.0;4525.0;1008.84;820.30;3.0;1.0;0;1.0;0;0;1.0;0;0;1.0;0;0;1.0;1.0;0;0;0;0;0
1273472;1.13;0.83;46.0;2879.0;31.5;83.25;32.25;1.96;9.68;14.39;0;0.17;2.31;153024.0;46.0;46.0;32.0;4512.0;1008.84;820.30;3.0;1.0;0;1.0;0;0;1.0;0;0;1.0;0;0;1.0;1.0;0;0;0;0;0
1274014;1.13;0.82;46.0;2814.0;31.5;83.25;31.5;1.96;9.84;14.39;0;0;2.31;153024.0;45.0;46.0;32.0;4503.0;1008.84;800.77;3.0;1.0;0;1.0;0;0;1.0;0;0;1.0;0;0;1.0;1.0;0;0;0;0;0
1274537;1.12;0.80;45.0;2768.0;31.5;83.25;30.75;1.96;9.92;14.48;2.79;0;2.31;153024.0;45.0;45.0;32.0;4508.0;1008.84;800.77;3.0;1.0;0;1.0;0;0;1.0;0;0;1.0;0;0;1.0;1.0;0;0;0;0;0
1275057;1.10;0.78;45.0;2767.0;31.5;83.25;30.0;1.96;9.83;14.39;1.48;0;2.31;153024.0;45.0;45.0;32.0;4517.0;1008.84;800.77;3.0;1.0;0;1.0;0;0;1.0;0;0;1.0;0;0;1.0;1.0;0;0;0;0;0
1275608;1.08;0.77;45.0;2749.0;31.5;83.25;29.25;1.96;9.78;14.39;0.70;3.12;2.31;153024.0;44.0;45.0;32.0;4516.0;1008.84;781.24;3.0;1.0;0;1.0;0;0;1.0;0;0;1.0;0;0;1.0;1.0;0;0;0;0;0
1276132;1.08;0.75;43.0;2719.0;31.5;83.25;29.25;1.96;9.90;14.48;0.25;1.48;2.31;153024.0;44.0;44.0;32.0;4498.0;1008.84;761.70;3.0;1.0;0;1.0;0;0;1.0;0;0;1.0;0;0;1.0;1.0;0;0;0;0;0
1276667;0.97;0.74;43.0;2685.0;31.5;83.25;29.25;1.56;9.29;14.39;0.05;0.74;2.31;153024.0;43.0;43.0;32.0;4513.0;1008.84;449.21;3.0;1.0;0;1.0;0;0;1.0;0;0;1.0;0;0;1.0;1.0;0;0;0;0;0
1277194;0.84;1.00;42.0;2590.0;31.5;83.25;12.75;0;9.66;14.48;1.46;2.34;2.31;153024.0;43.0;43.0;32.0;4510.0;1008.84;0;3.0;1.0;0;1.0;0;0;1.0;0;0;1.0;0;0;1.0;1.0;0;0;0;0;0
1277736;0.85;1.00;41.0;2579.0;31.5;83.25;11.25;0;9.57;14.39;2.28;3.45;2.31;153024.0;42.0;42.0;32.0;4512.0;1008.84;0;3.0;1.0;0;1.0;0;0;1.0;0;0;1.0;0;0;1.0;1.0;0;0;0;0;0
1278260;0.84;1.00;40.0;2563.0;31.5;83.25;12.0;0;9.51;14.48;4.84;3.43;2.31;153024.0;41.0;41.0;32.0;4521.0;1008.84;0;3.0;1.0;0;1.0;0;0;1.0;0;0;1.0;0;0;1.0;1.0;0;0;0;0;0
1278785;0.85;1.00;40.0;2385.0;31.5;83.25;11.25;0;9.51;14.20;2.61;12.71;2.58;153024.0;40.0;39.0;26.0;4530.0;1008.84;0;3.0;1.0;0;1.0;0;0;1.0;0;0;1.0;0;0;1.0;1.0;0;0;0;0;0
1279323;0.84;1.00;37.0;2298.0;31.5;83.25;13.5;0;9.69;14.48;20.72;16.32;2.31;153024.0;38.0;38.0;26.0;4525.0;1008.84;19.53;3.0;1.0;0;1.0;0;0;1.0;0;0;1.0;0;0;1.0;1.0;0;0;0;0;0
1279845;0.88;1.00;37.0;2237.0;31.5;83.25;12.75;0;9.55;14.48;24.06;53.04;2.31;153024.0;37.0;37.0;25.0;4514.0;1008.84;19.53;3.0;1.0;0;1.0;0;0;1.0;0;0;1.0;0;0;1.0;1.0;0;0;0;0;0
1280414;0.85;1.00;36.0;2267.0;31.5;83.25;13.5;0;9.71;14.48;16.42;36.16;2.31;153024.0;35.0;36.0;25.0;4529.0;1008.84;19.53;3.0;1.0;0;1.0;0;0;1.0;0;0;1.0;0;0;1.0;1.0;0;0;0;0;0
1280941;0.89;1.00;35.0;2166.0;31.5;83.25;12.75;0;9.59;14.29;10.76;25.62;2.58;153024.0;35.0;35.0;25.0;4524.0;1008.84;19.53;3.0;1.0;0;1.0;0;0;1.0;0;0;1.0;0;0;1.0;1.0;0;0;0;0;0
1281484;0.92;1.00;33.0;2082.0;31.5;83.25;12.0;0;9.65;14.39;6.62;19.41;2.31;153024.0;34.0;34.0;25.0;4533.0;1008.84;19.53;3.0;1.0;0;1.0;0;0;1.0;0;0;1.0;0;0;1.0;1.0;0;0;0;0;0
1282008;1.37;1.00;32.0;2057.0;31.5;83.25;16.5;1.17;8.78;14.48;37.92;14.90;2.31;153024.0;33.0;33.0;32.0;4525.0;1008.84;58.59;3.0;1.0;0;1.0;0;0;1.0;0;0;1.0;0;0;1.0;1.0;0;0;0;0;0
1282534;1.12;0.99;31.0;1663.0;31.5;83.25;12.0;0;9.65;14.39;27.88;28.37;2.31;153024.0;31.0;31.0;26.0;4461.0;1008.84;859.36;2.0;1.0;0;1.0;0;0;1.0;0;0;1.0;0;0;1.0;1.0;0;0;0;0;0
1283073;0.84;1.00;28.0;2291.0;31.5;83.25;13.5;0;9.61;14.39;87.96;108.91;2.31;153024.0;29.0;29.0;25.0;4516.0;1008.84;39.06;2.0;1.0;0;1.0;0;0;1.0;0;0;1.0;0;0;1.0;1.0;0;0;0;0;0
1283596;0.92;1.00;26.0;2087.0;31.5;83.25;12.0;0;9.62;14.39;61.67;88.39;2.31;153024.0;27.0;26.0;25.0;4534.0;1008.84;19.53;2.0;1.0;0;1.0;0;0;1.0;0;0;1.0;0;0;1.0;1.0;0;0;0;0;0
1284136;1.04;1.00;23.0;1823.0;31.5;83.25;12.0;0;9.67;14.48;47.75;62.02;2.31;153024.0;23.0;23.0;26.0;4515.0;1008.84;19.53;2.0;1.0;0;1.0;0;0;1.0;0;0;1.0;0;0;1.0;1.0;0;0;0;0;0
1284663;1.11;1.00;21.0;1680.0;31.5;83.25;12.0;0;9.54;14.29;31.26;45.77;2.58;153024.0;22.0;21.0;26.0;4516.0;1008.84;78.12;2.0;1.0;0;1.0;0;0;1.0;0;0;1.0;0;0;1.0;1.0;0;0;0;0;0
1285255;1.38;1.02;20.0;1384.0;31.5;83.25;12.0;0;9.61;14.48;42.47;44.33;2.31;153024.0;20.0;20.0;26.0;4460.0;1008.84;800.77;2.0;1.0;0;1.0;0;0;1.0;0;0;1.0;0;0;1.0;1.0;0;0;0;0;0
1285783;1.32;1.00;18.0;1397.0;31.5;83.25;12.0;0;9.50;14.39;88.62;34.37;2.31;153024.0;19.0;18.0;25.0;4495.0;1008.84;859.36;2.0;1.0;0;1.0;0;0;1.0;0;0;1.0;0;0;1.0;1.0;0;0;0;0;0
1286308;1.27;0.99;16.0;1396.0;31.5;83.25;12.0;0;9.50;14.39;64.58;24.99;2.31;153024.0;17.0;16.0;25.0;4508.0;1008.84;859.36;2.0;1.0;0;1.0;0;0;1.0;0;0;1.0;0;0;1.0;1.0;0;0;0;0;0
1286851;1.33;0.97;15.0;1325.0;31.5;83.25;12.0;0;9.48;14.39;57.43;25.85;2.31;153024.0;16.0;15.0;26.0;4493.0;1008.84;820.30;2.0;1.0;0;1.0;0;0;1.0;0;0;1.0;0;0;1.0;1.0;0;0;0;0;0
1287370;1.38;0.95;15.0;1269.0;31.5;84.0;12.0;0;9.49;14.39;109.34;96.88;2.31;153024.0;15.0;15.0;26.0;4512.0;1008.84;117.18;2.0;1.0;0;1.0;0;0;1.0;0;0;1.0;0;0;1.0;1.0;0;0;0;0;0
1287946;1.33;0.97;13.0;1272.0;31.5;84.0;12.0;0;9.50;14.39;178.73;133.27;2.31;153024.0;14.0;14.0;26.0;4515.0;1008.84;39.06;2.0;1.0;0;1.0;0;0;1.0;0;0;1.0;0;0;1.0;1.0;0;0;0;0;0
1288495;1.45;0.99;13.0;1210.0;31.5;84.0;16.5;0;10.17;14.29;210.24;170.39;2.58;153024.0;14.0;13.0;27.0;4509.0;1008.84;58.59;2.0;1.0;0;1.0;0;0;1.0;0;0;1.0;0;0;1.0;1.0;0;0;0;0;0
1289021;1.36;1.00;13.0;1334.0;31.5;84.0;10.5;0;9.24;14.39;252.28;193.63;2.31;153024.0;14.0;14.0;26.0;4509.0;1008.84;585.93;2.0;1.0;0;1.0;0;0;1.0;0;0;1.0;0;0;1.0;1.0;0;0;0;0;0
1289560;2.09;0.99;15.0;1281.0;32.25;84.0;9.75;0.78;10.59;14.39;213.07;148.77;2.31;153024.0;15.0;15.0;33.0;4506.0;1008.84;683.58;2.0;1.0;0;1.0;0;0;1.0;0;0;1.0;0;0;1.0;1.0;0;0;0;0;0
1290143;1.99;0.98;15.0;1507.0;32.25;84.0;8.25;1.56;11.33;14.48;171.10;131.39;2.31;153024.0;16.0;16.0;32.0;4568.0;1008.84;878.89;2.0;1.0;0;1.0;0;0;1.0;0;0;1.0;0;0;1.0;1.0;0;0;0;0;0
1290693;2.64;0.96;17.0;1552.0;32.25;84.0;12.0;3.13;16.89;14.29;112.21;90.81;2.58;153024.0;17.0;17.0;32.0;4565.0;1008.84;878.89;2.0;1.0;0;1.0;0;0;1.0;0;0;1.0;0;0;1.0;1.0;0;0;0;0;0
1291216;2.92;0.94;20.0;1664.0;32.25;84.0;13.5;4.70;19.79;14.39;81.77;62.74;2.31;153024.0;20.0;20.0;32.0;4528.0;1008.84;859.36;2.0;1.0;0;1.0;0;0;1.0;0;0;1.0;0;0;1.0;1.0;0;0;0;0;0
1291818;0.79;1.00;22.0;1769.0;32.25;84.0;12.0;0;9.67;14.48;50.85;41.34;2.31;153024.0;23.0;23.0;25.0;4485.0;1008.84;839.83;2.0;1.0;0;1.0;0;0;1.0;0;0;1.0;0;0;1.0;1.0;0;0;0;0;0
1292376;2.54;0.99;23.0;2284.0;32.25;84.0;18.0;4.31;16.42;14.48;37.41;27.67;2.31;153024.0;23.0;23.0;32.0;4531.0;1008.91;878.89;2.0;1.0;0;1.0;0;0;1.0;0;0;1.0;0;0;1.0;1.0;0;0;0;0;0
1292925;2.52;0.97;26.0;2076.0;32.25;84.0;18.0;4.31;18.32;14.29;24.49;20.21;2.58;153024.0;26.0;26.0;32.0;4492.0;1008.95;859.36;2.0;1.0;0;1.0;0;0;1.0;0;0;1.0;0;0;1.0;1.0;0;0;0;0;0
1293461;2.33;0.95;27.0;2206.0;32.25;84.0;21.0;4.31;17.16;14.39;14.39;11.24;2.31;153024.0;28.0;28.0;32.0;4463.0;1009.07;859.36;2.0;1.0;0;1.0;0;0;1.0;0;0;1.0;0;0;1.0;1.0;0;0;0;0;0
1293984;2.04;0.93;28.0;2239.0;31.5;84.0;21.75;3.13;15.24;14.39;8.41;6.91;2.31;153024.0;29.0;29.0;32.0;4483.0;1009.03;859.36;2.0;1.0;0;1.0;0;0;1.0;0;0;1.0;0;0;1.0;1.0;0;0;0;0;0
1294505;1.58;0.99;30.0;2379.0;31.5;84.0;24.0;1.96;11.19;14.48;5.17;5.80;2.31;153024.0;30.0;29.0;32.0;4502.0;1009.03;878.89;2.0;1.0;0;1.0;0;0;1.0;0;0;1.0;0;0;1.0;1.0;0;0;0;0;0
1295053;2.05;0.97;30.0;2350.0;31.5;84.0;22.5;3.13;14.57;14.39;4.47;3.18;2.31;153024.0;29.0;30.0;32.0;4497.0;1009.11;859.36;2.0;1.0;0;1.0;0;0;1.0;0;0;1.0;0;0;1.0;1.0;0;0;0;0;0
1295593;2.33;0.95;31.0;2402.0;31.5;84.0;24.0;4.70;17.52;14.48;2.55;1.79;2.31;153024.0;31.0;31.0;32.0;4480.0;1009.27;839.83;2.0;1.0;0;1.0;0;0;1.0;0;0;1.0;0;0;1.0;1.0;0;0;0;0;0
1296115;2.25;0.92;32.0;2581.0;31.5;84.0;26.25;4.70;17.64;14.48;1.26;0.87;2.31;153024.0;32.0;33.0;32.0;4484.0;1009.38;839.83;2.0;1.0;0;1.0;0;0;1.0;0;0;1.0;0;0;1.0;1.0;0;0;0;0;0
1296641;2.12;0.90;33.0;2651.0;31.5;84.75;27.75;4.70;17.43;14.48;0.62;0.39;2.31;153024.0;33.0;34.0;31.0;4522.0;1009.38;820.30;2.0;1.0;0;1.0;0;0;1.0;0;0;1.0;0;0;1.0;1.0;0;0;0;0;0
1297183;1.64;0.87;35.0;2759.0;31.5;84.75;30.75;3.92;14.62;14.39;20.72;38.88;2.31;153024.0;35.0;35.0;31.0;4531.0;1009.50;820.30;2.0;1.0;0;1.0;0;0;1.0;0;0;1.0;0;0;1.0;1.0;0;0;0;0;0
1297709;1.59;0.85;36.0;2845.0;31.5;84.75;32.25;3.52;13.66;14.39;21.54;70.01;2.31;153024.0;36.0;36.0;31.0;4517.0;1009.46;820.30;2.0;1.0;0;1.0;0;0;1.0;0;0;1.0;0;0;1.0;1.0;0;0;0;0;0
1298243;1.95;0.83;37.0;2874.0;31.5;84.75;32.25;5.09;17.67;14.39;89.27;55.75;2.31;153024.0;37.0;37.0;31.0;4512.0;1009.54;800.77;2.0;1.0;0;1.0;0;0;1.0;0;0;1.0;0;0;1.0;1.0;0;0;0;0;0
1298769;1.86;0.79;38.0;2982.0;31.5;84.75;33.75;5.49;17.73;14.48;165.06;144.65;2.31;153024.0;39.0;39.0;31.0;4504.0;1009.50;761.70;2.0;1.0;0;1.0;0;0;1.0;0;0;1.0;0;0;1.0;1.0;0;0;0;0;0
1299296;1.48;0.77;40.0;3076.0;31.5;84.0;35.25;4.31;14.22;14.39;264.41;254.12;2.31;153024.0;39.0;40.0;32.0;4529.0;1009.50;644.52;2.0;1.0;0;1.0;0;0;1.0;0;0;1.0;0;0;1.0;1.0;0;0;0;0;0
1299836;1.20;0.75;40.0;3085.0;31.5;84.0;35.25;3.13;11.67;14.48;119.89;124.23;2.31;153024.0;40.0;40.0;32.0;4524.0;1009.50;703.11;2.0;1.0;0;1.0;0;0;1.0;0;0;1.0;0;0;1.0;1.0;0;0;0;0;0
1300371;1.10;0.74;40.0;3126.0;31.5;84.0;36.0;2.74;10.87;14.48;64.72;62.57;2.31;153024.0;39.0;40.0;32.0;4513.0;1009.38;449.21;2.0;1.0;0;1.0;0;0;1.0;0;0;1.0;0;0;1.0;1.0;0;0;0;0;0
1300895;1.11;0.74;38.0;3090.0;31.5;84.0;35.25;2.74;10.80;14.39;37.49;35.93;2.31;153024.0;39.0;39.0;32.0;4523.0;1009.50;136.71;2.0;1.0;0;1.0;0;0;1.0;0;0;1.0;0;0;1.0;1.0;0;0;0;0;0
1301443;1.01;0.74;38.0;2995.0;31.5;84.0;33.75;2.35;9.71;14.39;16.93;16.22;2.31;153024.0;39.0;39.0;32.0;4517.0;1009.34;761.70;2.0;1.0;0;1.0;0;0;1.0;0;0;1.0;0;0;1.0;1.0;0;0;0;0;0
1301969;0.94;0.73;38.0;2956.0;31.5;84.0;33.0;1.96;9.06;14.29;8.90;8.10;2.58;153024.0;38.0;38.0;32.0;4523.0;1009.23;585.93;2.0;1.0;0;1.0;0;0;1.0;0;0;1.0;0;0;1.0;1.0;0;0;0;0;0
1302493;0.96;0.73;37.0;2907.0;31.5;84.0;33.0;1.96;9.23;14.39;4.41;4.19;2.31;153024.0;37.0;38.0;32.0;4507.0;1009.38;0;2.0;1.0;0;1.0;0;0;1.0;0;0;1.0;0;0;1.0;1.0;0;0;0;0;0
1303041;0.98;0.74;36.0;2889.0;31.5;84.0;32.25;1.96;9.19;14.48;2.03;1.91;2.31;153024.0;37.0;37.0;32.0;4504.0;1009.34;97.65;2.0;1.0;0;1.0;0;0;1.0;0;0;1.0;0;0;1.0;1.0;0;0;0;0;0
1303570;1.04;0.76;36.0;2755.0;31.5;84.0;30.75;1.96;9.60;14.39;2.28;0.93;2.31;153024.0;36.0;36.0;32.0;4511.0;1009.42;781.24;2.0;1.0;0;1.0;0;0;1.0;0;0;1.0;0;0;1.0;1.0;0;0;0;0;0
1304096;1.03;0.74;35.0;2740.0;31.5;84.0;30.0;1.96;9.54;14.39;3.41;0.42;2.31;153024.0;35.0;35.0;32.0;4510.0;1009.38;722.64;2.0;1.0;0;1.0;0;0;1.0;0;0;1.0;0;0;0;1.0;0;0;0;0;0
1304639;0.88;1.00;33.0;2603.0;31.5;84.0;11.25;0;9.56;14.48;1.52;0.13;2.31;153024.0;34.0;34.0;32.0;4546.0;1009.27;0;2.0;1.0;0;1.0;0;0;1.0;0;0;1.0;0;0;1.0;1.0;0;0;0;0;0
1305163;0.95;1.00;32.0;2561.0;31.5;84.0;7.5;0;9.57;14.48;7.73;0;2.31;153024.0;32.0;32.0;33.0;4322.0;1009.42;0;2.0;1.0;0;1.0;0;0;1.0;0;0;1.0;0;0;1.0;1.0;0;0;0;0;0
1305689;0.86;1.00;30.0;2338.0;31.5;84.0;14.25;0;9.52;14.39;14.78;38.64;2.31;153024.0;30.0;30.0;25.0;4266.0;1009.50;19.53;2.0;1.0;0;1.0;0;0;1.0;0;0;1.0;0;0;1.0;1.0;0;0;0;0;0
1306234;0.89;1.00;28.0;2212.0;31.5;84.0;12.75;0;9.56;14.48;15.81;28.53;2.31;153024.0;29.0;29.0;25.0;4405.0;1009.54;19.53;2.0;1.0;0;1.0;0;0;1.0;0;0;1.0;0;0;1.0;1.0;0;0;0;0;0
1306760;1.96;1.00;27.0;2309.0;31.5;84.0;11.25;2.74;11.20;14.39;9.76;17.69;2.31;153024.0;28.0;28.0;32.0;4499.0;1009.42;898.42;2.0;1.0;0;1.0;0;0;1.0;0;0;1.0;0;0;1.0;1.0;0;0;0;0;0
1307298;2.09;0.98;28.0;2203.0;31.5;84.0;17.25;2.74;13.89;14.48;5.70;10.93;2.31;153024.0;28.0;28.0;32.0;4471.0;1009.46;878.89;2.0;1.0;0;1.0;0;0;1.0;0;0;1.0;0;0;1.0;1.0;0;0;0;0;0
1307825;2.16;0.97;28.0;2210.0;31.5;84.0;21.0;3.52;15.36;14.48;3.10;6.07;2.31;153024.0;29.0;29.0;32.0;4476.0;1009.54;878.89;2.0;1.0;0;1.0;0;0;1.0;0;0;1.0;0;0;1.0;1.0;0;0;0;0;0
1308364;2.11;0.94;30.0;2356.0;31.5;84.0;23.25;3.92;16.01;14.39;1.85;3.51;2.31;153024.0;30.0;30.0;32.0;4490.0;1009.54;859.36;2.0;1.0;0;1.0;0;0;1.0;0;0;1.0;0;0;1.0;1.0;0;0;0;0;0
1308889;2.08;0.92;31.0;2403.0;31.5;84.0;24.0;3.92;15.83;14.48;1.01;2.01;2.31;153024.0;32.0;32.0;32.0;4502.0;1009.62;859.36;2.0;1.0;0;1.0;0;0;1.0;0;0;1.0;0;0;1.0;1.0;0;0;0;0;0
1309418;1.90;0.90;32.0;2607.0;31.5;84.0;27.75;3.92;15.23;14.39;0.41;0.93;2.31;153024.0;32.0;33.0;32.0;4513.0;1009.54;839.83;2.0;1.0;0;1.0;0;0;1.0;0;0;1.0;0;0;1.0;1.0;0;0;0;0;0
1309953;0.68;1.00;33.0;2662.0;31.5;84.0;12.0;0;9.51;14.39;0.17;2.48;2.31;153024.0;34.0;34.0;32.0;4574.0;1009.54;839.83;2.0;1.0;0;1.0;0;0;1.0;0;0;1.0;0;0;1.0;1.0;0;0;0;0;0
1310499;0.92;1.00;32.0;2061.0;31.5;84.0;11.25;0;9.51;14.39;8.82;52.37;2.31;153024.0;32.0;32.0;26.0;4519.0;1009.62;0;2.0;1.0;0;1.0;0;0;1.0;0;0;1.0;0;0;1.0;1.0;0;0;0;0;0
1311018;0.83;1.00;30.0;2351.0;31.5;84.0;14.25;0;9.62;14.39;11.01;47.59;2.31;153024.0;30.0;30.0;25.0;4518.0;1009.66;0;2.0;1.0;0;1.0;0;0;1.0;0;0;1.0;0;0;1.0;1.0;0;0;0;0;0
1311566;0.85;1.00;27.0;2218.0;31.5;84.0;13.5;0;9.61;14.39;8.22;31.36;2.31;153024.0;27.0;28.0;25.0;4557.0;1009.58;0;2.0;1.0;0;1.0;0;0;1.0;0;0;1.0;0;0;1.0;1.0;0;0;0;0;0
1312090;0.98;1.00;23.0;1896.0;31.5;84.0;12.0;0;9.57;14.39;5.33;19.45;2.31;153024.0;24.0;24.0;25.0;4533.0;1009.62;0;2.0;1.0;0;1.0;0;0;1.0;0;0;1.0;0;0;1.0;1.0;0;0;0;0;0
1312623;1.13;1.00;20.0;1619.0;31.5;84.0;12.0;0;9.48;14.48;3.24;17.14;2.31;153024.0;20.0;20.0;26.0;4502.0;1009.62;58.59;2.0;1.0;0;1.0;0;0;1.0;0;0;1.0;0;0;1.0;1.0;0;0;0;0;0
1313148;1.29;1.01;17.0;1389.0;31.5;84.0;12.75;0;9.52;14.48;2.30;23.67;2.31;153024.0;18.0;18.0;25.0;4486.0;1009.66;839.83;2.0;1.0;0;1.0;0;0;1.0;0;0;1.0;0;0;1.0;1.0;0;0;0;0;0
1313693;1.36;0.99;15.0;1269.0;31.5;84.0;12.0;0;9.40;14.39;1.62;17.20;2.31;153024.0;15.0;16.0;25.0;4492.0;1009.70;839.83;2.0;1.0;0;1.0;0;0;1.0;0;0;1.0;0;0;1.0;1.0;0;0;0;0;0
1314278;1.38;0.98;12.0;1268.0;31.5;84.0;12.0;0;9.45;14.39;10.03;16.95;2.31;153024.0;12.0;12.0;26.0;4503.0;1009.73;605.46;2.0;1.0;0;1.0;0;0;1.0;0;0;1.0;0;0;1.0;1.0;0;0;0;0;0
1314856;1.41;0.98;8.0;1268.0;31.5;84.0;12.0;0;9.47;14.39;11.05;13.45;2.31;153024.0;9.0;9.0;26.0;4512.0;1009.70;39.06;2.0;1.0;0;1.0;0;0;1.0;0;0;1.0;0;0;1.0;1.0;0;0;0;0;0
1315383;1.38;1.00;7.0;1288.0;31.5;84.0;9.75;0;9.05;14.48;26.30;14.53;2.31;153024.0;7.0;7.0;26.0;4511.0;1009.73;58.59;2.0;1.0;0;1.0;0;0;1.0;0;0;1.0;0;0;1.0;1.0;0;0;0;0;0
1316035;1.38;1.02;6.0;1275.0;31.5;84.0;10.5;0;9.14;14.39;21.91;12.42;2.31;153024.0;7.0;7.0;25.0;4516.0;1009.85;58.59;0;1.0;0;1.0;0;0;1.0;0;0;1.0;0;0;1.0;1.0;0;0;0;0;0
1316556;2.03;1.00;7.0;1488.0;31.5;84.0;12.75;1.56;12.47;14.48;20.07;10.89;2.31;153024.0;8.0;7.0;33.0;4583.0;1009.85;898.42;1.0;1.0;0;1.0;0;0;1.0;0;0;1.0;0;0;1.0;1.0;0;0;0;0;0
1317105;2.23;0.99;8.0;1319.0;31.5;84.75;12.75;1.56;13.94;14.39;20.29;13.61;2.31;153024.0;9.0;9.0;32.0;4511.0;1009.89;878.89;1.0;1.0;0;1.0;0;0;1.0;0;0;1.0;0;0;1.0;1.0;0;0;0;0;0
1317643;2.21;0.98;11.0;1444.0;31.5;84.75;12.75;1.96;14.09;14.39;15.70;12.10;2.31;153024.0;11.0;11.0;32.0;4528.0;1009.81;878.89;1.0;1.0;0;1.0;0;0;1.0;0;0;1.0;0;0;1.0;1.0;0;0;0;0;0
1318397;1.33;0.99;11.0;1349.0;31.5;84.75;11.25;0;9.51;14.48;44.64;22.22;2.31;153024.0;12.0;12.0;25.0;4470.0;1009.89;859.36;1.0;1.0;0;1.0;0;0;1.0;0;0;1.0;0;0;1.0;1.0;0;0;0;0;0
1318941;1.46;0.97;11.0;1223.0;31.5;84.75;12.75;0;9.71;14.39;40.11;21.87;2.31;153024.0;11.0;11.0;26.0;4500.0;1009.97;449.21;1.0;1.0;0;1.0;0;0;1.0;0;0;1.0;0;0;1.0;1.0;0;0;0;0;0
1319483;1.38;0.98;11.0;1223.0;31.5;84.75;12.75;0;9.67;14.39;64.62;27.67;2.31;153024.0;11.0;11.0;25.0;4507.0;1009.97;19.53;1.0;1.0;0;1.0;0;0;1.0;0;0;1.0;0;0;1.0;1.0;0;0;0;0;0
1320051;1.40;0.99;10.0;1229.0;31.5;84.75;12.75;0;9.61;14.39;47.06;19.10;2.31;153024.0;11.0;11.0;25.0;4504.0;1009.93;19.53;1.0;1.0;0;1.0;0;0;1.0;0;0;1.0;0;0;1.0;1.0;0;0;0;0;0
1320651;1.39;1.01;10.0;1242.0;31.5;84.75;12.0;0;9.45;14.39;36.11;16.97;2.31;153024.0;10.0;10.0;25.0;4506.0;1009.97;58.59;1.0;1.0;0;1.0;0;0;1.0;0;0;1.0;0;0;1.0;1.0;0;0;0;0;0
1321224;1.40;1.03;8.0;1284.0;31.5;84.75;11.25;0;9.22;14.29;28.51;14.43;2.58;153024.0;9.0;9.0;26.0;4510.0;1010.01;273.43;1.0;1.0;0;1.0;0;0;1.0;0;0;1.0;0;0;1.0;1.0;0;0;0;0;0
1321759;1.40;1.03;7.0;1272.0;31.5;84.75;10.5;0;9.14;14.48;31.44;25.85;2.31;153024.0;8.0;8.0;25.0;4513.0;1010.01;800.77;1.0;1.0;0;1.0;0;0;1.0;0;0;1.0;0;0;1.0;1.0;0;0;0;0;0
1322323;1.40;1.01;6.0;1253.0;31.5;84.75;12.0;0;9.57;14.39;34.29;20.91;2.31;153024.0;6.0;7.0;25.0;4512.0;1010.01;800.77;1.0;1.0;0;1.0;0;0;1.0;0;0;1.0;0;0;1.0;1.0;0;0;0;0;0
1322861;1.44;0.99;6.0;1236.0;31.5;84.75;13.5;0;9.69;14.48;30.75;31.15;2.31;153024.0;6.0;6.0;26.0;4506.0;1010.05;742.17;1.0;1.0;0;1.0;0;0;1.0;0;0;1.0;0;0;1.0;1.0;0;0;0;0;0
1323404;1.39;0.98;6.0;1240.0;31.5;84.75;12.75;0;9.58;14.39;34.50;30.25;2.31;153024.0;6.0;6.0;26.0;4521.0;1010.05;136.71;1.0;1.0;0;1.0;0;0;1.0;0;0;1.0;0;0;1.0;1.0;0;0;0;0;0
1323936;1.52;0.99;6.0;1201.0;31.5;84.75;16.5;0;10.13;14.39;93.17;66.10;2.31;153024.0;6.0;6.0;26.0;4518.0;1010.05;39.06;1.0;1.0;0;1.0;0;0;1.0;0;0;1.0;0;0;1.0;1.0;0;0;0;0;0
1324460;1.69;1.01;6.0;1278.0;31.5;84.75;10.5;0.39;9.19;14.48;90.67;58.90;2.31;153024.0;6.0;6.0;26.0;4509.0;1010.05;390.62;1.0;1.0;0;1.0;0;0;1.0;0;0;1.0;0;0;1.0;1.0;0;0;0;0;0
1325004;1.76;1.01;6.0;1502.0;31.5;84.75;12.75;1.17;10.81;14.48;88.47;54.11;2.31;153024.0;6.0;6.0;31.0;4563.0;1010.05;859.36;1.0;1.0;0;1.0;0;0;1.0;0;0;1.0;0;0;1.0;1.0;0;0;0;0;0
1325581;1.84;0.99;6.0;1480.0;31.5;84.75;12.75;1.17;11.45;14.48;116.80;45.34;2.31;153024.0;7.0;7.0;31.0;4540.0;1010.05;878.89;1.0;1.0;0;1.0;0;0;1.0;0;0;1.0;0;0;1.0;1.0;0;0;0;0;0
1326104;1.12;0.97;7.0;1490.0;31.5;85.5;11.25;0;9.44;14.48;148.97;68.78;2.31;153024.0;8.0;8.0;26.0;4508.0;1010.05;859.36;1.0;1.0;0;1.0;0;0;1.0;0;0;1.0;0;0;1.0;1.0;0;0;0;0;0
1326645;1.30;0.96;7.0;1301.0;31.5;85.5;12.0;0;9.47;14.39;132.17;57.69;2.31;153024.0;7.0;7.0;25.0;4486.0;1010.05;820.30;1.0;1.0;0;1.0;0;0;1.0;0;0;1.0;0;0;1.0;1.0;0;0;0;0;0
1327191;1.32;0.94;7.0;1221.0;31.5;85.5;13.5;0;9.66;14.39;96.30;44.29;2.31;153024.0;7.0;7.0;25.0;4492.0;1010.05;312.49;1.0;1.0;0;1.0;0;0;1.0;0;0;1.0;0;0;1.0;1.0;0;0;0;0;0
1327745;1.32;0.95;7.0;1261.0;31.5;85.5;11.25;0;9.19;14.39;70.19;34.04;2.31;153024.0;7.0;7.0;25.0;4512.0;1010.05;19.53;1.0;1.0;0;1.0;0;0;1.0;0;0;1.0;0;0;1.0;1.0;0;0;0;0;0
1328293;1.34;0.97;6.0;1249.0;31.5;85.5;12.0;0;9.41;14.20;58.00;28.02;2.58;153024.0;7.0;7.0;26.0;4516.0;1010.05;19.53;1.0;1.0;0;1.0;0;0;1.0;0;0;1.0;0;0;1.0;1.0;0;0;0;0;0
1328814;1.36;0.98;6.0;1252.0;31.5;85.5;12.0;0;9.44;14.48;53.66;34.72;2.31;153024.0;7.0;7.0;26.0;4507.0;1010.05;39.06;1.0;1.0;0;1.0;0;0;1.0;0;0;1.0;0;0;1.0;1.0;0;0;0;0;0
1329362;1.50;1.00;6.0;1194.0;31.5;85.5;17.25;0;10.24;14.39;87.70;105.93;2.31;153024.0;7.0;7.0;27.0;4506.0;1010.05;39.06;1.0;1.0;0;1.0;0;0;1.0;0;0;1.0;0;0;1.0;1.0;0;0;0;0;0
1329885;1.43;1.02;6.0;1258.0;31.5;85.5;12.0;0;9.53;14.48;155.75;151.80;2.31;153024.0;6.0;7.0;26.0;4515.0;1010.05;117.18;1.0;1.0;0;1.0;0;0;1.0;0;0;1.0;0;0;1.0;1.0;0;0;0;0;0
1330461;1.48;1.03;6.0;1235.0;31.5;85.5;13.5;0;9.75;14.39;204.30;149.61;2.31;153024.0;7.0;6.0;26.0;4505.0;1010.05;800.77;1.0;1.0;0;1.0;0;0;1.0;0;0;1.0;0;0;1.0;1.0;0;0;0;0;0
1330985;1.39;1.01;5.0;1244.0;31.5;85.5;12.0;0;9.52;14.29;199.79;131.45;2.58;153024.0;5.0;5.0;26.0;4525.0;1010.05;781.24;1.0;1.0;0;1.0;0;0;1.0;0;0;1.0;0;0;1.0;1.0;0;0;0;0;0
1331525;1.42;0.99;3.0;1259.0;31.5;85.5;10.5;0;9.14;14.39;153.48;102.43;2.31;153024.0;4.0;4.0;25.0;4505.0;1010.05;722.64;1.0;1.0;0;1.0;0;0;1.0;0;0;1.0;0;0;1.0;1.0;0;0;0;0;0
1332053;1.44;0.98;3.0;1229.0;31.5;85.5;12.75;0;9.57;14.48;125.30;78.66;2.31;153024.0;3.0;3.0;25.0;4511.0;1010.05;175.77;1.0;1.0;0;1.0;0;0;1.0;0;0;1.0;0;0;1.0;1.0;0;0;0;0;0
1332604;1.56;0.99;2.0;1168.0;31.5;85.5;19.5;0;10.41;14.48;96.24;60.40;2.31;153024.0;3.0;3.0;25.0;4506.0;1010.05;19.53;1.0;1.0;0;1.0;0;0;1.0;0;0;1.0;0;0;1.0;1.0;0;0;0;0;0
1333139;1.48;1.01;3.0;1205.0;31.5;85.5;15.75;0;10.05;14.48;108.99;56.07;2.31;153024.0;3.0;3.0;27.0;4505.0;1010.05;761.70;1.0;1.0;0;1.0;0;0;1.0;0;0;1.0;0;0;1.0;1.0;0;0;0;0;0
1333663;3.36;1.00;5.0;1673.0;31.5;85.5;13.5;5.09;20.84;14.48;109.83;56.94;2.31;153024.0;6.0;6.0;31.0;4575.0;1010.05;898.42;1.0;1.0;0;1.0;0;0;1.0;0;0;1.0;0;0;1.0;1.0;0;0;0;0;0
1334243;3.08;0.98;8.0;1890.0;31.5;85.5;15.75;5.09;20.17;14.29;200.18;167.27;2.58;153024.0;9.0;9.0;31.0;4520.0;1010.05;878.89;1.0;1.0;0;1.0;0;0;1.0;0;0;1.0;0;0;1.0;1.0;0;0;0;0;0
1334782;2.79;0.96;13.0;2060.0;31.5;86.25;18.75;5.09;19.83;14.48;210.55;216.68;2.31;153024.0;14.0;13.0;30.0;4433.0;1010.05;859.36;1.0;1.0;0;1.0;0;0;1.0;0;0;1.0;0;0;1.0;1.0;0;0;0;0;0
1335301;1.36;1.00;16.0;2089.0;31.5;86.25;20.25;1.56;11.36;14.29;237.54;263.53;2.58;153024.0;16.0;16.0;30.0;4561.0;1010.05;839.83;1.0;1.0;0;1.0;0;0;1.0;0;0;1.0;0;0;1.0;1.0;0;0;0;0;0
1335848;1.28;0.99;15.0;1442.0;31.5;86.25;12.0;0;9.36;14.39;222.29;241.54;2.31;153024.0;16.0;16.0;25.0;4475.0;1010.05;859.36;1.0;1.0;0;1.0;0;0;1.0;0;0;1.0;0;0;1.0;1.0;0;0;0;0;0
1336377;2.36;0.98;15.0;1338.0;31.5;86.25;12.0;0.78;9.31;14.39;162.04;176.06;2.31;153024.0;15.0;15.0;27.0;4489.0;1010.05;839.83;1.0;1.0;0;1.0;0;0;1.0;0;0;1.0;0;0;1.0;1.0;0;0;0;0;0
1336897;2.64;0.99;13.0;1908.0;31.5;86.25;5.25;3.52;13.17;14.39;121.86;153.66;2.31;153024.0;14.0;14.0;30.0;4559.0;1010.05;859.36;1.0;1.0;0;1.0;0;0;1.0;0;0;1.0;0;0;1.0;1.0;0;0;0;0;0
1337446;2.73;0.97;16.0;1775.0;31.5;86.25;11.25;4.31;16.99;14.39;107.21;179.22;2.31;153024.0;16.0;16.0;30.0;4520.0;1010.05;839.83;1.0;1.0;0;1.0;0;0;1.0;0;0;1.0;0;0;1.0;1.0;0;0;0;0;0
1337959;2.50;0.95;17.0;2009.0;31.5;86.25;17.25;4.31;17.56;14.48;107.47;187.80;2.31;153024.0;18.0;18.0;30.0;4496.0;1010.05;839.83;1.0;1.0;0;1.0;0;0;1.0;0;0;1.0;0;0;1.0;1.0;0;0;0;0;0
1338509;2.24;0.93;20.0;2159.0;31.5;86.25;20.25;3.92;16.63;14.39;161.49;227.66;2.31;153024.0;19.0;20.0;30.0;4484.0;1010.05;839.83;1.0;1.0;0;1.0;0;0;1.0;0;0;1.0;0;0;1.0;1.0;0;0;0;0;0
1339039;2.09;0.91;21.0;2340.0;31.5;86.25;22.5;3.92;16.01;14.39;169.73;196.06;2.31;153024.0;21.0;21.0;30.0;4462.0;1010.05;839.83;1.0;1.0;0;1.0;0;0;1.0;0;0;1.0;0;0;1.0;1.0;0;0;0;0;0
1339591;1.08;0.99;21.0;1640.0;31.5;86.25;12.0;0;9.45;14.39;153.38;169.83;2.31;153024.0;21.0;21.0;24.0;4517.0;1010.05;703.11;1.0;1.0;0;1.0;0;0;1.0;0;0;1.0;0;0;1.0;1.0;0;0;0;0;0
1340129;1.31;0.98;18.0;1308.0;31.5;86.25;11.25;0;9.17;14.29;111.78;123.76;2.58;153024.0;19.0;19.0;25.0;4513.0;1010.05;781.24;1.0;1.0;0;1.0;0;0;1.0;0;0;1.0;0;0;1.0;1.0;0;0;0;0;0
1340669;1.42;0.96;17.0;1193.0;31.5;86.25;15.75;0;9.92;14.39;81.45;95.05;2.31;153024.0;17.0;17.0;25.0;4524.0;1010.05;468.74;1.0;1.0;0;1.0;0;0;1.0;0;0;1.0;0;0;1.0;1.0;0;0;0;0;0
1341243;1.26;0.97;15.0;1317.0;31.5;86.25;10.5;0;8.98;14.48;67.14;69.25;2.31;153024.0;15.0;15.0;24.0;4499.0;1009.97;117.18;1.0;1.0;0;1.0;0;0;1.0;0;0;1.0;0;0;1.0;1.0;0;0;0;0;0
1341765;1.84;0.98;13.0;1396.0;31.5;86.25;11.25;0.78;9.61;14.29;48.90;53.18;2.58;153024.0;14.0;14.0;30.0;4568.0;1009.97;156.24;1.0;1.0;0;1.0;0;0;1.0;0;0;1.0;0;0;1.0;1.0;0;0;0;0;0
1342312;2.0;0.98;13.0;1649.0;31.5;86.25;9.75;1.96;11.90;14.39;45.97;73.37;2.31;153024.0;14.0;14.0;30.0;4541.0;1009.93;859.36;1.0;1.0;0;1.0;0;0;1.0;0;0;1.0;0;0;1.0;1.0;0;0;0;0;0
1342836;1.99;0.97;13.0;1672.0;31.5;86.25;13.5;1.96;12.96;14.48;50.36;114.42;2.31;153024.0;14.0;14.0;30.0;4521.0;1009.97;859.36;1.0;1.0;0;1.0;0;0;1.0;0;0;1.0;0;0;1.0;1.0;0;0;0;0;0
1343382;0.97;1.00;15.0;1795.0;31.5;87.0;12.0;0;9.43;14.39;45.40;102.63;2.31;153024.0;15.0;15.0;24.0;4499.0;1009.97;839.83;1.0;1.0;0;1.0;0;0;1.0;0;0;1.0;0;0;1.0;1.0;0;0;0;0;0
1343905;1.31;0.98;13.0;1282.0;31.5;87.0;11.25;0;9.23;14.48;46.46;85.01;2.31;153024.0;14.0;14.0;24.0;4466.0;1009.93;800.77;1.0;1.0;0;1.0;0;0;1.0;0;0;1.0;0;0;1.0;1.0;0;0;0;0;0
1344522;1.24;0.96;12.0;1362.0;31.5;87.0;12.0;0;9.27;14.39;32.08;58.76;2.31;153024.0;12.0;12.0;24.0;4499.0;1009.97;761.70;1.0;1.0;0;1.0;0;0;1.0;0;0;1.0;0;0;0;1.0;0;0;0;0;0
1345074;1.27;0.94;10.0;1290.0;31.5;87.0;10.5;0;8.91;14.39;24.62;48.41;2.31;153024.0;10.0;10.0;24.0;4505.0;1010.01;58.59;1.0;1.0;0;1.0;0;0;1.0;0;0;1.0;0;0;1.0;1.0;0;0;0;0;0
1345642;1.32;0.96;8.0;1236.0;31.5;87.0;12.75;0;9.40;14.11;17.88;35.25;2.58;153024.0;8.0;9.0;25.0;4508.0;1009.93;0;1.0;1.0;0;1.0;0;0;1.0;0;0;1.0;0;0;1.0;1.0;0;0;0;0;0
1346264;1.44;0.98;8.0;1234.0;31.5;87.0;13.5;0;9.57;14.29;13.71;25.64;2.58;153024.0;9.0;9.0;25.0;4507.0;1009.97;0;1.0;1.0;0;1.0;0;0;1.0;0;0;1.0;0;0;1.0;1.0;0;0;0;0;0
1346933;1.51;1.00;8.0;1199.0;31.5;87.0;15.75;0;9.88;14.39;9.39;19.39;2.31;153024.0;8.0;7.0;25.0;4516.0;1009.97;19.53;1.0;1.0;0;1.0;0;0;1.0;0;0;1.0;0;0;1.0;1.0;0;0;0;0;0
1347521;1.54;1.02;6.0;1258.0;31.5;87.0;11.25;0;9.16;14.39;6.13;15.46;2.31;153024.0;7.0;5.0;25.0;4516.0;1009.85;136.71;1.0;1.0;0;1.0;0;0;1.0;0;0;1.0;0;0;1.0;1.0;0;0;0;0;0
1348155;1.56;1.02;5.0;1256.0;31.5;87.0;12.0;0;9.44;14.39;7.01;14.19;2.31;153024.0;6.0;6.0;26.0;4502.0;1009.89;859.36;1.0;1.0;0;1.0;0;0;1.0;0;0;1.0;0;0;1.0;1.0;0;0;0;0;0
1348799;1.44;1.00;3.0;1253.0;31.5;87.0;11.25;0;9.23;14.29;23.33;29.29;2.58;153024.0;3.0;3.0;25.0;4508.0;1009.89;800.77;1.0;1.0;0;1.0;0;0;1.0;0;0;1.0;0;0;1.0;1.0;0;0;0;0;0
1349431;1.94;0.98;3.0;1344.0;31.5;87.0;12.75;0.78;10.22;14.39;32.88;20.21;2.31;153024.0;0;4.0;30.0;4538.0;1009.93;839.83;1.0;1.0;0;1.0;0;0;1.0;0;0;1.0;0;0;1.0;1.0;0;0;0;0;0
1349957;1.77;0.96;0;1404.0;31.5;87.0;12.75;0.78;11.44;14.48;74.17;22.73;2.31;153024.0;0;0;30.0;4495.0;1009.97;859.36;1.0;1.0;0;1.0;0;0;1.0;0;0;1.0;0;0;1.0;1.0;0;0;0;0;0
1350561;1.39;1.00;3.0;1322.0;31.5;87.75;0;0;8.16;14.39;69.87;24.54;2.31;153024.0;4.0;0;26.0;4508.0;1010.01;839.83;1.0;1.0;0;1.0;0;0;1.0;0;0;1.0;0;0;1.0;1.0;0;0;0;0;0
1351147;2.96;0.98;5.0;1215.0;31.5;87.75;11.25;1.96;9.76;13.54;78.10;23.72;3.07;153024.0;5.0;5.0;29.0;4498.0;1009.97;878.89;1.0;1.0;0;1.0;0;0;1.0;0;0;1.0;0;0;1.0;1.0;0;0;0;0;0
1351749;1.08;1.00;7.0;1991.0;31.5;87.75;18.75;0.78;8.80;14.39;57.63;21.91;2.31;153024.0;8.0;7.0;29.0;4539.0;1009.97;859.36;1.0;1.0;0;1.0;0;0;1.0;0;0;1.0;0;0;1.0;1.0;0;0;0;0;0
1352431;1.26;0.98;6.0;1320.0;31.5;87.75;12.0;0;9.17;14.48;42.12;30.25;2.31;153024.0;7.0;7.0;24.0;4474.0;1009.93;839.83;1.0;1.0;0;1.0;0;0;1.0;0;0;1.0;0;0;1.0;1.0;0;0;0;0;0
1352957;1.41;0.96;6.0;1191.0;31.5;87.75;16.5;0;9.89;14.39;29.09;22.01;2.31;153024.0;6.0;6.0;24.0;4502.0;1009.97;605.46;1.0;1.0;0;1.0;0;0;1.0;0;0;1.0;0;0;1.0;1.0;0;0;0;0;0
1353537;1.34;0.96;6.0;1274.0;31.5;87.75;10.5;0;8.88;14.29;21.17;15.99;2.58;153024.0;6.0;6.0;24.0;4505.0;1009.93;19.53;1.0;1.0;0;1.0;0;0;1.0;0;0;1.0;0;0;1.0;1.0;0;0;0;0;0
1354086;1.37;0.98;3.0;1258.0;31.5;87.75;11.25;0;9.00;14.39;17.61;11.01;2.31;153024.0;4.0;3.0;24.0;4520.0;1009.97;19.53;1.0;1.0;0;1.0;0;0;1.0;0;0;1.0;0;0;1.0;1.0;0;0;0;0;0
1354598;1.35;1.00;0;1247.0;31.5;87.75;14.25;0;9.23;14.39;13.49;8.41;2.31;153024.0;0;0;24.0;4510.0;1009.85;39.06;1.0;1.0;0;1.0;0;0;1.0;0;0;1.0;0;0;0;1.0;0;0;0;0;0
1355146;1.42;1.01;0;1243.0;31.5;87.75;12.0;0;9.23;14.39;9.78;6.44;2.31;153024.0;0;0;23.0;4508.0;1009.93;664.05;1.0;1.0;0;1.0;0;0;1.0;0;0;1.0;0;0;1.0;1.0;0;0;0;0;0
1355680;1.34;1.00;0;1245.0;31.5;87.75;12.0;0;9.17;14.39;21.58;10.99;2.31;153024.0;0;0;23.0;4512.0;1009.97;371.08;1.0;1.0;0;1.0;0;0;1.0;0;0;1.0;0;0;1.0;1.0;0;0;0;0;0
1356214;1.33;1.02;0;1254.0;31.5;87.75;11.25;0;8.88;14.39;22.88;18.31;2.31;153024.0;0;0;22.0;4505.0;1009.97;19.53;1.0;1.0;0;1.0;0;0;1.0;0;0;1.0;0;0;1.0;1.0;0;0;1.0;0;0
1356740;1.42;1.03;0;1247.0;31.5;87.75;11.25;0;8.85;14.39;26.44;34.72;2.31;153024.0;0;0;23.0;4507.0;1009.93;175.77;0;1.0;0;1.0;0;0;1.0;0;0;1.0;0;0;1.0;1.0;0;0;1.0;0;0
1357275;1.43;1.04;0;1203.0;31.5;87.75;14.25;0;9.39;14.39;111.08;117.14;2.31;153024.0;0;0;22.0;4525.0;1009.85;761.70;0;1.0;0;1.0;0;0;1.0;0;0;1.0;0;0;1.0;1.0;0;0;1.0;0;0
1357801;1.32;1.02;0;1266.0;31.5;87.75;10.5;0;8.67;14.39;155.55;174.61;2.31;153024.0;0;0;22.0;4512.0;1009.89;800.77;0;1.0;0;1.0;0;0;1.0;0;0;1.0;0;0;1.0;1.0;0;0;1.0;0;0
1358341;1.32;1.00;0;1274.0;32.25;87.75;9.75;0;8.53;14.39;204.14;195.61;2.31;153024.0;0;0;22.0;4516.0;1009.93;332.02;0;1.0;0;1.0;0;0;1.0;0;0;1.0;0;0;1.0;1.0;0;0;1.0;0;0
1358875;1.58;1.00;0;1110.0;32.25;88.5;24.75;0;10.40;14.48;247.85;188.77;2.31;153024.0;0;0;22.0;4565.0;1009.81;722.64;0;1.0;0;1.0;0;1.0;0;0;0;0;0;0;0;0;0;1.0;0;0;0
1359400;2.32;1.00;0;0;32.25;88.5;4.5;0;57.23;13.25;235.12;178.09;3.07;153024.0;0;0;100.0;4606.0;1009.81;253.90;0;1.0;0;1.0;0;1.0;0;0;0;0;0;0;0;0;0;0;1.0;0;0
1359950;2.32;1.00;0;0;32.25;88.5;4.5;0;57.23;13.25;235.12;178.09;3.07;153024.0;0;0;100.0;4610.0;1009.73;195.31;0;1.0;0;1.0;0;0;0;0;0;0;0;0;0;0;0;0;1.0;0;0
1360672;2.32;1.00;0;0;32.25;88.5;4.5;0;57.23;13.16;235.12;178.09;3.24;153024.0;0;0;100.0;4607.0;1009.62;234.37;0;1.0;0;1.0;0;0;0;0;0;0;0;0;0;0;0;0;1.0;0;0
1361209;2.32;1.00;0;0;32.25;88.5;4.5;0;57.23;13.06;235.12;178.09;3.24;153024.0;0;0;100.0;4608.0;1009.42;253.90;0;0;1.0;0;0;0;0;0;0;0;0;0;0;0;0;0;1.0;0;0
1361732;2.32;1.00;0;0;32.25;88.5;4.5;0;57.23;13.06;235.12;178.09;3.24;153024.0;0;0;100.0;4610.0;1009.38;273.43;0;0;1.0;0;0;0;0;0;0;0;0;0;0;0;0;0;1.0;0;0
1362276;2.32;1.00;0;0;32.25;88.5;4.5;0;57.23;13.06;235.12;178.09;3.24;153024.0;0;0;100.0;4610.0;1009.23;273.43;0;0;1.0;0;0;0;0;0;0;0;0;0;0;0;0;0;1.0;0;0
1362794;2.32;1.00;0;0;32.25;88.5;4.5;0;57.23;13.06;235.12;178.09;3.24;153024.0;0;0;100.0;4614.0;1009.11;292.96;0;0;1.0;0;0;0;0;0;0;0;0;0;0;0;0;0;1.0;0;0
1363334;2.32;1.00;0;0;32.25;88.5;4.5;0;57.23;13.06;235.12;178.09;3.24;153024.0;0;0;100.0;4619.0;1009.03;312.49;0;0;1.0;0;0;0;0;0;0;0;0;0;0;0;0;0;1.0;0;0
1363866;2.32;1.00;0;0;32.25;88.5;4.5;0.39;57.23;13.06;235.12;178.09;3.24;153024.0;0;0;100.0;4622.0;1009.11;332.02;0;0;1.0;0;0;0;0;0;0;0;0;0;0;0;0;0;1.0;0;0
1364431;2.32;1.00;0;0;32.25;89.25;4.5;0;57.23;13.06;235.12;178.09;3.24;153024.0;0;0;100.0;4622.0;1009.11;351.55;0;0;1.0;0;0;0;0;0;0;0;0;0;0;0;0;0;1.0;0;0
1365009;2.32;1.00;0;0;32.25;89.25;4.5;0.39;57.23;13.06;235.12;178.09;3.24;153024.0;0;0;100.0;4622.0;1009.23;371.08;0;0;1.0;0;0;0;0;0;0;0;0;0;0;0;0;0;1.0;0;0
1365557;2.32;1.00;0;0;32.25;89.25;4.5;0.39;57.23;13.06;235.12;178.09;3.24;153024.0;0;0;100.0;4622.0;1009.19;390.62;0;0;1.0;0;0;0;0;0;0;0;0;0;0;0;0;0;1.0;0;0
1366106;2.32;1.00;0;0;32.25;89.25;4.5;0;57.23;13.06;235.12;178.09;3.24;153024.0;0;0;100.0;4622.0;1009.15;410.15;0;0;1.0;0;0;0;0;0;0;0;0;0;0;0;0;0;1.0;0;0
1366689;2.32;1.00;0;0;32.25;89.25;4.5;0;57.23;13.06;235.12;178.09;3.24;153024.0;0;0;100.0;4622.0;1009.15;429.68;0;0;1.0;0;0;0;0;0;0;0;0;0;0;0;0;0;1.0;0;0
1367256;2.32;1.00;0;0;32.25;89.25;4.5;0;57.23;13.06;235.12;178.09;3.24;153024.0;0;0;100.0;4622.0;1009.07;429.68;0;0;1.0;0;0;0;0;0;0;0;0;0;0;0;0;0;1.0;0;0
1367833;2.32;1.00;0;0;32.25;89.25;4.5;0;57.23;13.06;235.12;178.09;3.24;153024.0;0;0;100.0;4625.0;1008.99;429.68;0;0;1.0;0;0;0;0;0;0;0;0;0;0;0;0;0;1.0;0;0
1368373;2.32;1.00;0;0;32.25;90.0;4.5;0.39;57.23;12.97;235.12;178.09;3.24;153024.0;0;0;99.0;4627.0;1009.03;429.68;0;0;1.0;0;0;0;0;0;0;0;0;0;0;0;0;0;1.0;0;0
1368911;2.32;1.00;0;0;32.25;90.0;4.5;0;57.23;12.97;235.12;178.09;3.24;153024.0;0;0;99.0;4628.0;1009.03;429.68;0;0;1.0;0;0;0;0;0;0;0;0;0;0;0;0;0;1.0;0;0
1369474;2.32;1.00;0;0;32.25;90.0;4.5;0;57.23;12.97;235.12;178.09;3.24;153024.0;0;0;99.0;4628.0;1008.99;410.15;0;0;1.0;0;0;0;0;0;0;0;0;0;0;0;0;0;1.0;0;0
1370082;2.32;1.00;0;0;32.25;90.0;4.5;0;57.23;12.97;235.12;178.09;3.24;153024.0;0;0;99.0;4628.0;1008.95;390.62;0;0;1.0;0;0;0;0;0;0;0;0;0;0;0;0;0;1.0;0;0
1370649;2.32;1.00;0;0;32.25;90.0;4.5;0;57.23;12.97;235.12;178.09;3.24;153024.0;0;0;99.0;4629.0;1008.91;371.08;0;0;1.0;0;0;0;0;0;0;0;0;0;0;0;0;0;1.0;0;0
1371177;2.32;1.00;0;0;32.25;90.0;4.5;0;57.23;12.97;235.12;178.09;3.24;153024.0;0;0;99.0;4629.0;1008.99;351.55;0;0;1.0;0;0;0;0;0;0;0;0;0;0;0;0;0;1.0;0;0
1371761;2.32;1.00;0;0;32.25;90.0;4.5;0.39;57.23;12.97;235.12;178.09;3.24;153024.0;0;0;99.0;4629.0;1008.95;351.55;0;0;1.0;0;0;0;0;0;0;0;0;0;0;0;0;0;1.0;0;0
1372407;2.32;1.00;0;0;32.25;90.0;4.5;0;57.23;12.97;235.12;178.09;3.24;153024.0;0;0;99.0;4629.0;1008.91;332.02;0;0;1.0;0;0;0;0;0;0;0;0;0;0;0;0;0;1.0;0;0
1372946;2.32;1.00;0;0;32.25;90.0;4.5;0;57.23;12.97;235.12;178.09;3.24;153024.0;0;0;99.0;4630.0;1008.91;312.49;0;0;1.0;0;0;0;0;0;0;0;0;0;0;0;0;0;1.0;0;0
1373473;2.32;1.00;0;0;32.25;90.0;4.5;0.39;57.23;12.87;235.12;178.09;3.24;153024.0;0;0;99.0;4631.0;1008.91;312.49;0;0;1.0;0;0;0;0;0;0;0;0;0;0;0;0;0;1.0;0;0
1374107;2.32;1.00;0;0;32.25;90.0;4.5;0;57.23;12.87;235.12;178.09;3.24;153024.0;0;0;99.0;4634.0;1008.88;292.96;0;0;1.0;0;0;0;0;0;0;0;0;0;0;0;0;0;1.0;0;0
1374729;2.32;1.00;0;0;32.25;90.0;4.5;0;57.23;12.87;235.12;178.09;3.24;153024.0;0;0;99.0;4635.0;1008.88;292.96;0;0;1.0;0;0;0;0;0;0;0;0;0;0;0;0;0;1.0;0;0
1375363;2.32;1.00;0;0;32.25;90.0;4.5;0.39;57.23;12.87;235.12;178.09;3.24;153024.0;0;0;99.0;4635.0;1008.88;292.96;0;0;1.0;0;0;0;0;0;0;0;0;0;0;0;0;0;1.0;0;0
1375915;2.32;1.00;0;0;32.25;90.0;4.5;0.39;57.23;12.87;235.12;178.09;3.24;153024.0;0;0;99.0;4635.0;1008.88;273.43;0;0;1.0;0;0;0;0;0;0;0;0;0;0;0;0;0;1.0;0;0
1376474;2.32;1.00;0;0;32.25;90.0;4.5;0;57.23;12.87;235.12;178.09;3.24;153024.0;0;0;99.0;4635.0;1008.88;273.43;0;0;1.0;0;0;0;0;0;0;0;0;0;0;0;0;0;1.0;0;0
1377047;2.32;1.00;0;0;32.25;90.0;4.5;0;57.23;12.87;235.12;178.09;3.24;153024.0;0;0;99.0;4635.0;1008.88;273.43;0;0;1.0;0;0;0;0;0;0;0;0;0;0;0;0;0;1.0;0;0
1377667;2.32;1.00;0;0;32.25;90.0;4.5;0.39;57.23;12.87;235.12;178.09;3.24;153024.0;0;0;99.0;4635.0;1008.88;273.43;0;0;1.0;0;0;0;0;0;0;0;0;0;0;0;0;0;1.0;0;0
1378241;2.32;1.00;0;0;32.25;90.0;4.5;0.39;57.23;12.87;235.12;178.09;3.24;153024.0;0;0;99.0;4636.0;1008.88;273.43;0;0;1.0;0;0;0;0;0;0;0;0;0;0;0;0;0;1.0;0;0
1378824;2.32;1.00;0;0;32.25;90.0;4.5;0;57.23;12.87;235.12;178.09;3.24;153024.0;0;0;99.0;4640.0;1008.88;253.90;0;0;1.0;0;0;0;0;0;0;0;0;0;0;0;0;0;1.0;0;0
1379353;2.32;1.00;0;0;32.25;90.0;4.5;0.39;57.23;12.87;235.12;178.09;3.24;153024.0;0;0;99.0;4641.0;1008.88;253.90;0;0;1.0;0;0;0;0;0;0;0;0;0;0;0;0;0;1.0;0;0
1379918;2.32;1.00;0;0;32.25;90.0;4.5;0;57.23;12.87;235.12;178.09;3.24;153024.0;0;0;99.0;4641.0;1008.88;253.90;0;0;1.0;0;0;0;0;0;0;0;0;0;0;0;0;0;1.0;0;0
1380457;2.32;1.00;0;0;32.25;90.0;4.5;0;57.23;12.78;235.12;178.09;3.36;153024.0;0;0;99.0;4641.0;1008.88;253.90;0;0;1.0;0;0;0;0;0;0;0;0;0;0;0;0;0;1.0;0;0
