##;##
#2018-05-17 08:41:37
#GS-911 Android V1.1
#F800GS
#BMS-KP2
Time (ms);Injection time( ms);Lambda control factor;Speed( km/h);RPM;Intake air temperature( °C);Engine temperature( °C);Ignition angle( °KW);Throttle valve position (TPS)( %);Engine load( %);Battery voltage( V);Knock sensor 1( V);Knock sensor 2( V);Ignition dwell time( ms);Odometer( km);Front wheel speed( km/h);Rear wheel speed( km/h);Idle actuator position( steps);Fuel pressure( mbar);Ambient air pressure( mbar);Lambda sensor voltage( mV);Gear position;Sidestand switch 1;Sidestand switch 2;Sidestand switch calculated;Clutch switch;Kill switch;Oil pressure switch;Start switch;Tank venting valve (US only);Secondary air valve;Engine over-temperature light;Actuation of starter relay;Lambda sensor heating;Fuel pump;Fan motor;Engine safety cut-out (of BMSK);Starter function (of BMSK);Starter safety cut-out (of BMSK);Engine warning light (MIL)
85;0;1.00;0;0;21.0;21.0;-96.0;0;55.39;12.12;52.80;52.80;3.48;191612.0;0;0;204.0;4360.0;997.74;449.21;1.0;0;1.0;0;0;0;0;0;0;0;0;0;0;0;0;1.0;0;0;0
782;0;1.00;0;0;21.0;21.0;-96.0;0;55.39;12.12;52.80;52.80;3.48;191612.0;0;0;204.0;4355.0;997.74;449.21;1.0;0;1.0;0;0;0;0;0;0;0;0;0;0;0;0;1.0;0;0;0
1422;0;1.00;0;0;21.0;21.0;-96.0;0;55.39;12.12;52.80;52.80;3.48;191612.0;0;0;204.0;4348.0;997.82;449.21;1.0;0;1.0;0;0;0;0;1.0;0;0;0;0;0;0;0;1.0;0;0;0
1999;0;1.00;0;0;21.0;21.0;-96.0;0;55.39;12.12;52.80;52.80;3.48;191612.0;0;0;204.0;4344.0;997.82;449.21;1.0;0;1.0;0;0;0;0;0;0;0;0;0;0;0;0;1.0;0;0;0
2490;0;1.00;0;0;21.0;21.0;-96.0;0;55.39;12.12;52.80;52.80;3.48;191612.0;0;0;204.0;4340.0;997.78;449.21;1.0;0;1.0;0;1.0;0;0;0;0;0;0;0;0;0;0;1.0;0;0;0
3004;0;1.00;0;0;21.0;21.0;-96.0;0;55.39;12.12;52.80;52.80;3.48;191612.0;0;0;204.0;4336.0;997.78;449.21;1.0;0;1.0;0;1.0;0;0;0;0;0;0;0;0;0;0;1.0;0;0;0
3560;0;1.00;0;0;21.0;21.0;-96.0;0;55.39;12.12;52.80;52.80;3.48;191612.0;0;0;204.0;4330.0;997.74;449.21;0;0;1.0;0;1.0;0;0;0;0;0;0;0;0;0;0;0;1.0;0;0
4069;0;1.00;0;0;21.0;21.0;-96.0;0;55.39;12.12;52.80;52.80;3.48;191612.0;0;0;204.0;4329.0;997.74;449.21;0;0;1.0;0;0;0;0;0;0;0;0;0;0;0;0;0;1.0;0;0
4642;0;1.00;0;0;21.0;21.0;-96.0;0;55.39;12.12;52.80;52.80;3.48;191612.0;0;0;204.0;4324.0;997.82;449.21;0;0;1.0;0;0;0;0;0;0;0;0;0;0;0;0;0;1.0;0;0
5157;0;1.00;0;0;21.0;21.0;-96.0;0;55.39;9.18;52.80;52.80;6.00;191612.0;0;0;204.0;4321.0;997.86;449.21;0;0;1.0;0;0;0;0;1.0;0;0;0;1.0;0;1.0;0;0;1.0;0;0
5651;15.28;1.00;0;384.0;21.0;21.0;5.25;0;15.78;10.32;52.80;52.80;4.08;191612.0;0;0;204.0;4277.0;997.90;449.21;0;0;1.0;0;0;0;0;0;0;1.0;0;0;1.0;1.0;0;0;1.0;0;0
6422;3.63;1.00;0;1873.0;21.0;21.0;2.25;0;16.95;14.01;36.46;38.45;2.58;191612.0;0;0;204.0;4354.0;997.86;449.21;0;0;1.0;0;0;0;0;0;0;1.0;0;0;1.0;1.0;0;0;1.0;0;0
6988;3.28;1.00;0;1589.0;21.0;21.0;2.25;0;15.44;14.01;89.42;40.68;2.58;191612.0;0;0;150.0;4394.0;998.05;449.21;0;0;1.0;0;0;0;1.0;0;0;1.0;0;0;1.0;1.0;0;0;1.0;0;0
7534;3.06;1.00;0;1505.0;21.0;21.0;3.0;0;15.33;14.11;77.20;34.43;2.58;191612.0;0;0;132.0;4468.0;998.25;449.21;0;0;1.0;0;0;0;1.0;0;0;1.0;0;0;1.0;1.0;0;0;1.0;0;0
8080;2.83;1.00;0;1415.0;21.0;21.0;5.25;0;15.72;14.01;72.47;62.84;2.58;191612.0;0;0;125.0;4504.0;998.48;449.21;0;0;1.0;0;0;0;1.0;0;0;1.0;0;0;1.0;1.0;0;0;1.0;0;0
8663;2.95;1.00;0;1422.0;21.0;21.0;5.25;0;15.64;14.11;70.30;53.57;2.58;191612.0;0;0;121.0;4502.0;998.52;449.21;0;0;1.0;0;0;0;1.0;0;0;1.0;0;0;1.0;1.0;0;0;1.0;0;0
9230;2.65;1.00;0;1400.0;21.0;21.0;6.0;0;15.75;14.29;80.09;48.76;2.58;191612.0;0;0;120.0;4499.0;998.68;449.21;0;0;1.0;0;0;0;1.0;0;0;1.0;0;0;1.0;1.0;0;0;1.0;0;0
9746;2.56;1.00;0;1390.0;21.0;21.0;6.0;0;15.71;14.20;69.01;43.37;2.58;191612.0;0;0;119.0;4516.0;998.76;449.21;0;0;1.0;0;0;0;1.0;0;0;1.0;0;0;1.0;1.0;0;0;1.0;0;0
10309;2.66;1.00;0;1367.0;21.0;21.0;6.75;0;15.97;14.11;54.15;35.17;2.58;191612.0;0;0;119.0;4509.0;998.80;449.21;0;0;1.0;0;0;0;1.0;0;0;1.0;0;0;1.0;1.0;0;0;1.0;0;0
11123;2.72;1.00;0;1389.0;21.0;21.0;6.0;0;15.69;14.29;50.91;31.44;2.58;191612.0;0;0;118.0;4512.0;998.76;449.21;0;0;1.0;0;0;0;1.0;0;0;1.0;0;0;1.0;1.0;0;0;1.0;0;0
11715;2.41;1.00;0;1430.0;21.0;21.0;4.5;0;15.08;14.20;90.79;120.44;2.58;191612.0;0;0;118.0;4510.0;998.76;449.21;0;0;1.0;0;0;0;1.0;0;0;1.0;0;0;1.0;1.0;0;0;1.0;0;0
12259;2.46;1.00;0;1395.0;21.0;21.0;5.25;0;15.48;14.20;143.21;142.33;2.58;191612.0;0;0;116.0;4541.0;998.80;449.21;0;0;1.0;0;0;0;1.0;0;0;1.0;0;0;1.0;1.0;0;0;1.0;0;0
12786;2.42;1.00;0;1403.0;21.0;21.0;5.25;0;15.38;14.29;135.10;135.03;2.58;191612.0;0;0;117.0;4511.0;998.84;449.21;0;0;1.0;0;0;0;1.0;0;0;1.0;0;0;1.0;1.0;0;0;1.0;0;0
13298;2.53;1.00;0;1441.0;21.0;21.0;3.75;0;14.75;14.29;98.47;98.39;2.58;191612.0;0;0;116.0;4507.0;998.80;449.21;0;0;1.0;0;0;0;1.0;0;0;1.0;0;0;1.0;1.0;0;0;1.0;0;0
13832;2.36;1.00;0;1395.0;21.0;21.0;6.0;0;15.61;14.20;71.75;75.56;2.58;191612.0;0;0;117.0;4501.0;998.84;449.21;0;0;1.0;0;0;0;1.0;0;0;1.0;0;0;1.0;1.0;0;0;1.0;0;0
14448;2.51;1.00;0;1370.0;21.0;21.0;6.75;0;15.84;14.39;49.58;56.09;2.31;191612.0;0;0;116.0;4502.0;998.87;449.21;0;0;1.0;0;0;0;1.0;0;0;1.0;0;0;1.0;1.0;0;0;1.0;0;0
15012;2.58;1.00;0;1393.0;21.0;21.0;6.0;0;15.60;14.39;34.23;41.73;2.31;191612.0;0;0;118.0;4518.0;998.87;449.21;0;0;1.0;0;0;0;1.0;0;0;1.0;0;0;1.0;1.0;0;0;1.0;0;0
15642;2.32;1.00;0;1391.0;21.0;21.0;6.0;0;15.64;14.29;40.62;34.39;2.58;191612.0;0;0;117.0;4513.0;998.84;449.21;0;0;1.0;0;0;0;1.0;0;0;1.0;0;0;1.0;1.0;0;0;1.0;0;0
16405;2.56;1.00;0;1406.0;21.0;21.75;5.25;0;15.51;14.29;26.01;23.53;2.58;191612.0;0;0;118.0;4527.0;998.87;449.21;0;0;1.0;0;0;0;1.0;0;0;1.0;0;0;1.0;1.0;0;0;1.0;0;0
16986;2.34;1.00;0;1340.0;21.0;21.75;7.5;0;16.29;14.20;21.93;18.14;2.58;191612.0;0;0;119.0;4518.0;998.84;449.21;0;0;1.0;0;0;0;1.0;0;0;1.0;0;0;1.0;1.0;0;0;1.0;0;0
17540;2.29;1.00;0;1395.0;21.0;21.75;5.25;0;15.51;14.39;97.47;79.56;2.31;191612.0;0;0;118.0;4511.0;998.84;449.21;0;0;1.0;0;0;0;1.0;0;0;1.0;0;0;1.0;1.0;0;0;1.0;0;0
18065;2.41;1.00;0;1417.0;21.0;21.75;4.5;0;14.99;14.20;136.88;121.24;2.58;191612.0;0;0;118.0;4514.0;998.87;449.21;0;0;1.0;0;0;0;1.0;0;0;1.0;0;0;1.0;1.0;0;0;1.0;0;0
18585;2.44;1.00;0;1349.0;21.0;21.75;6.75;0;15.82;14.39;121.20;95.93;2.31;191612.0;0;0;115.0;4497.0;998.87;449.21;0;0;1.0;0;0;0;1.0;0;0;1.0;0;0;1.0;1.0;0;0;1.0;0;0
19137;2.36;1.00;0;1390.0;21.0;21.75;6.0;0;15.64;14.39;102.74;88.66;2.31;191612.0;0;0;119.0;4510.0;998.84;449.21;0;0;1.0;0;0;0;1.0;0;0;1.0;0;0;1.0;1.0;0;0;1.0;0;0
19674;2.28;1.00;0;1406.0;21.0;21.75;5.25;0;15.42;14.29;98.09;126.39;2.58;191612.0;0;0;116.0;4505.0;998.80;449.21;0;0;1.0;0;0;0;1.0;0;0;1.0;0;0;1.0;1.0;0;0;1.0;0;0
20208;2.2;1.00;0;1414.0;21.0;22.5;4.5;0;14.96;14.20;71.49;104.87;2.58;191612.0;0;0;118.0;4520.0;998.76;449.21;0;0;1.0;0;0;0;1.0;0;0;1.0;0;0;1.0;1.0;0;0;1.0;0;0
20709;2.34;1.00;0;1381.0;21.0;22.5;6.0;0;15.59;14.39;56.16;99.03;2.31;191612.0;0;0;115.0;4511.0;998.80;449.21;0;0;1.0;0;0;0;1.0;0;0;1.0;0;0;1.0;1.0;0;0;1.0;0;0
21462;2.22;1.00;0;1393.0;21.0;22.5;5.25;0;15.39;14.20;52.94;78.78;2.58;191612.0;0;0;114.0;4517.0;998.84;449.21;0;0;1.0;0;0;0;1.0;0;0;1.0;0;0;1.0;1.0;0;0;1.0;0;0
22003;2.14;1.00;0;1425.0;21.0;22.5;4.5;0;14.92;14.39;74.78;79.46;2.31;191612.0;0;0;116.0;4497.0;998.87;449.21;0;0;1.0;0;0;0;1.0;0;0;1.0;0;0;1.0;1.0;0;0;1.0;0;0
22638;2.36;1.00;0;1365.0;21.0;22.5;6.75;0;15.78;14.29;69.66;61.98;2.58;191612.0;0;0;114.0;4511.0;998.84;449.21;0;0;1.0;0;0;0;1.0;0;0;1.0;0;0;1.0;1.0;0;0;1.0;0;0
23262;2.52;1.00;0;1312.0;21.0;23.25;8.25;0;16.43;14.48;79.07;61.48;2.31;191612.0;0;0;115.0;4515.0;998.80;449.21;0;0;1.0;0;0;0;1.0;0;0;1.0;0;0;1.0;1.0;0;0;1.0;0;0
23990;2.18;1.00;0;1403.0;21.0;23.25;5.25;0;15.30;14.48;88.99;102.43;2.31;191612.0;0;0;114.0;4523.0;998.84;449.21;0;0;1.0;0;0;0;1.0;0;0;1.0;0;0;1.0;1.0;0;0;1.0;0;0
24556;2.28;1.00;0;1376.0;21.0;23.25;6.75;0;15.50;14.20;130.51;168.42;2.58;191612.0;0;0;115.0;4496.0;998.87;449.21;0;0;1.0;0;0;0;1.0;0;0;1.0;0;0;1.0;1.0;0;0;1.0;0;0
25116;2.18;1.00;0;1390.0;21.0;23.25;6.0;0;15.51;14.48;158.89;161.43;2.31;191612.0;0;0;114.0;4520.0;998.80;429.68;0;0;1.0;0;0;0;1.0;0;0;1.0;0;0;1.0;1.0;0;0;1.0;0;0
25640;2.39;1.00;0;1402.0;21.0;23.25;5.25;0;15.36;14.39;157.35;174.10;2.31;191612.0;0;0;115.0;4509.0;998.84;449.21;0;1.0;0;1.0;0;0;1.0;0;0;1.0;0;0;1.0;1.0;0;0;1.0;0;0
26538;2.32;1.00;0;1408.0;21.0;23.25;5.25;0;15.32;14.39;156.12;178.15;2.31;191612.0;0;0;115.0;4501.0;998.87;429.68;0;1.0;0;1.0;0;0;1.0;0;0;1.0;0;0;1.0;1.0;0;0;1.0;0;0
27264;2.14;1.00;0;1421.0;21.0;24.0;4.5;0;14.82;14.29;110.50;125.53;2.58;191612.0;0;0;113.0;4518.0;998.87;429.68;0;1.0;0;1.0;0;0;1.0;0;0;1.0;0;0;1.0;1.0;0;0;1.0;0;0
27844;2.2;1.00;0;1435.0;21.0;24.75;3.75;0;14.65;14.29;72.43;82.31;2.58;191612.0;0;0;114.0;4523.0;998.84;429.68;0;1.0;0;1.0;0;0;1.0;0;0;1.0;0;0;1.0;1.0;0;0;1.0;0;0
28372;2.02;1.00;0;1796.0;21.0;24.75;6.75;0;16.70;14.39;59.78;71.73;2.31;191612.0;0;0;138.0;4555.0;998.87;449.21;0;1.0;0;1.0;0;0;1.0;0;0;1.0;0;0;1.0;1.0;0;0;1.0;0;0
29009;1.99;1.00;0;1696.0;21.0;24.75;6.75;0;16.94;14.20;77.39;68.62;2.58;191612.0;0;0;145.0;4509.0;998.87;429.68;0;1.0;0;1.0;0;0;1.0;0;0;1.0;0;0;1.0;1.0;0;0;1.0;0;0
29632;2.2;1.00;0;1467.0;21.0;24.75;3.75;0;15.25;14.39;137.88;124.85;2.31;191612.0;0;0;127.0;4494.0;998.91;429.68;0;1.0;0;1.0;0;0;1.0;0;0;1.0;0;0;1.0;1.0;0;0;1.0;0;0
30178;2.37;1.00;0;1418.0;21.0;24.75;5.25;0;15.56;14.20;118.37;115.36;2.58;191612.0;0;0;122.0;4495.0;998.91;429.68;0;1.0;0;1.0;0;0;1.0;0;0;1.0;0;0;1.0;1.0;0;0;1.0;0;0
31104;2.20;1.00;0;1420.0;21.0;25.5;4.5;0;15.09;14.01;100.75;113.00;2.58;191612.0;0;0;118.0;4502.0;998.91;429.68;0;1.0;0;1.0;0;0;1.0;0;0;1.0;0;0;1.0;1.0;0;0;1.0;0;0
31652;2.20;1.00;0;1373.0;21.0;25.5;6.75;0;15.72;14.39;85.26;101.38;2.31;191612.0;0;0;114.0;4517.0;998.91;429.68;0;1.0;0;1.0;0;0;1.0;0;0;1.0;0;0;1.0;1.0;0;0;1.0;0;0
32210;2.28;1.00;0;1465.0;21.0;25.5;3.0;0;14.58;14.39;83.39;133.60;2.31;191612.0;0;0;114.0;4501.0;998.91;429.68;0;1.0;0;1.0;0;0;1.0;0;0;1.0;0;0;1.0;1.0;0;0;1.0;0;0
32822;2.2;1.00;0;1380.0;21.0;25.5;6.0;0;15.40;14.48;61.03;98.99;2.31;191612.0;0;0;112.0;4513.0;998.91;429.68;0;1.0;0;1.0;0;0;1.0;0;0;1.0;0;0;1.0;1.0;0;0;1.0;0;0
33362;2.22;1.00;0;1338.0;21.0;26.25;6.75;0;15.58;14.39;49.52;84.33;2.31;191612.0;0;0;110.0;4505.0;998.91;429.68;0;1.0;0;1.0;0;0;1.0;0;0;1.0;0;0;1.0;1.0;0;0;1.0;0;0
34000;2.35;1.00;0;1372.0;21.0;26.25;6.0;0;15.37;14.29;51.28;116.73;2.58;191612.0;0;0;110.0;4506.0;998.84;429.68;0;1.0;0;1.0;0;0;1.0;0;0;1.0;0;0;1.0;1.0;0;0;1.0;0;0
34583;2.29;1.00;0;1400.0;21.0;26.25;4.5;0;14.74;14.39;43.02;105.24;2.31;191612.0;0;0;108.0;4500.0;998.80;429.68;0;1.0;0;1.0;0;0;1.0;0;0;1.0;0;0;1.0;1.0;0;0;1.0;0;0
35199;2.2;1.00;0;1330.0;21.0;26.25;7.5;0;15.93;14.39;38.63;121.53;2.31;191612.0;0;0;109.0;4496.0;998.72;429.68;0;1.0;0;1.0;0;0;1.0;0;0;1.0;0;0;1.0;1.0;0;0;1.0;0;0
35842;2.4;1.00;0;1363.0;21.75;26.25;6.75;0;15.58;14.20;32.55;141.16;2.58;191612.0;0;0;111.0;4508.0;998.80;410.15;0;1.0;0;1.0;0;0;1.0;0;0;1.0;0;0;1.0;1.0;0;0;1.0;0;0
36735;2.08;1.00;0;1422.0;21.75;27.0;4.5;0;14.72;14.48;38.66;151.27;2.31;191612.0;0;0;109.0;4516.0;998.84;410.15;0;1.0;0;1.0;0;0;1.0;0;0;1.0;0;0;1.0;1.0;0;0;1.0;0;0
37368;2.28;1.00;0;1385.0;21.75;27.0;6.0;0;15.22;14.20;28.61;112.45;2.58;191612.0;0;0;110.0;4527.0;998.87;507.80;0;1.0;0;1.0;0;0;1.0;0;0;1.0;0;0;1.0;1.0;0;0;1.0;0;0
38000;2.18;1.00;0;1360.0;21.75;27.0;6.75;0;15.45;14.39;32.63;84.36;2.31;191612.0;0;0;108.0;4498.0;998.87;449.21;0;1.0;0;1.0;0;0;1.0;0;0;1.0;0;0;1.0;1.0;0;0;1.0;0;0
38569;2.17;1.00;0;1348.0;21.75;27.0;6.75;0;15.41;14.20;27.10;67.14;2.58;191612.0;0;0;109.0;4514.0;998.91;507.80;0;1.0;0;1.0;0;0;1.0;0;0;1.0;0;0;1.0;1.0;0;0;1.0;0;0
39160;2.34;1.00;0;1381.0;21.75;27.75;5.25;0;15.07;14.11;22.90;56.20;2.58;191612.0;0;0;108.0;4512.0;998.91;507.80;0;1.0;0;1.0;0;0;1.0;0;0;1.0;0;0;1.0;1.0;0;0;1.0;0;0
39920;2.28;1.00;0;1416.0;21.75;27.75;4.5;0;14.56;14.20;17.86;40.13;2.58;191612.0;0;0;109.0;4500.0;998.91;488.27;0;1.0;0;1.0;0;0;1.0;0;0;1.0;0;0;1.0;1.0;0;0;1.0;0;0
40779;2.24;1.00;0;1450.0;21.75;27.75;3.0;0;14.33;14.39;11.65;35.09;2.31;191612.0;0;0;108.0;4513.0;998.91;507.80;0;1.0;0;1.0;0;0;1.0;0;0;1.0;0;0;1.0;1.0;0;0;1.0;0;0
41492;2.28;1.00;0;1416.0;21.75;27.75;4.5;0;14.52;14.20;68.31;104.44;2.58;191612.0;0;0;107.0;4521.0;998.91;527.33;0;1.0;0;1.0;0;0;1.0;0;0;1.0;0;0;1.0;1.0;0;0;1.0;0;0
42218;2.11;1.00;0;1410.0;21.75;28.5;4.5;0;14.54;14.39;170.49;175.43;2.31;191612.0;0;0;106.0;4511.0;998.84;507.80;0;1.0;0;1.0;0;0;1.0;0;0;1.0;0;0;1.0;1.0;0;0;1.0;0;0
42752;2.10;1.00;0;1409.0;21.75;28.5;4.5;0;14.53;14.20;160.67;175.47;2.58;191612.0;0;0;106.0;4509.0;998.87;527.33;0;1.0;0;1.0;0;0;1.0;0;0;1.0;0;0;1.0;1.0;0;0;1.0;0;0
43299;2.30;1.00;0;1394.0;21.75;29.25;5.25;0;14.93;14.29;162.23;177.50;2.58;191612.0;0;0;107.0;4507.0;998.80;507.80;0;1.0;0;1.0;0;0;1.0;0;0;1.0;0;0;1.0;1.0;0;0;1.0;0;0
43835;2.33;1.00;0;1335.0;21.75;29.25;7.5;0;15.75;14.20;143.54;181.98;2.58;191612.0;0;0;107.0;4527.0;998.84;527.33;0;1.0;0;1.0;0;0;1.0;0;0;1.0;0;0;1.0;1.0;0;0;1.0;0;0
44433;2.08;1.00;3.0;1416.0;21.75;29.25;4.5;0;14.60;14.39;119.83;147.19;2.31;191612.0;4.0;3.0;108.0;4518.0;998.87;527.33;0;1.0;0;1.0;0;0;1.0;0;0;1.0;0;0;1.0;1.0;0;0;1.0;0;0
44977;2.35;1.00;5.0;1365.0;21.75;29.25;6.0;0;15.24;14.29;82.84;109.15;2.58;191612.0;5.0;4.0;108.0;4505.0;998.84;527.33;0;1.0;0;1.0;0;0;1.0;0;0;1.0;0;0;0;1.0;0;0;1.0;0;0
45509;2.08;1.00;5.0;1421.0;21.75;29.25;4.5;0;14.59;14.39;77.88;86.55;2.31;191612.0;5.0;4.0;109.0;4522.0;998.84;527.33;0;1.0;0;1.0;0;0;1.0;0;0;1.0;0;0;1.0;1.0;0;0;1.0;0;0
46350;2.08;0.98;2.0;1391.0;21.75;30.0;5.25;0;14.95;14.29;72.92;81.69;2.58;191612.0;3.0;0;106.0;4519.0;998.87;527.33;0;1.0;0;1.0;0;0;1.0;0;0;1.0;0;0;1.0;1.0;0;0;1.0;0;0
46906;2.07;0.96;0;1368.0;21.75;30.0;6.0;0;15.17;14.20;177.19;159.44;2.58;191612.0;0;0;106.0;4492.0;998.87;488.27;0;1.0;0;1.0;0;0;1.0;0;0;1.0;0;0;1.0;1.0;0;0;1.0;0;0
47473;2.15;0.96;0;1388.0;21.75;30.0;6.0;0;15.13;14.39;215.12;176.31;2.31;191612.0;0;0;107.0;4524.0;998.91;488.27;0;1.0;0;1.0;0;0;1.0;0;0;1.0;0;0;1.0;1.0;0;0;1.0;0;0
48049;2.07;0.96;0;1368.0;21.75;30.0;6.75;0;15.41;14.29;195.26;128.48;2.58;191612.0;0;0;108.0;4517.0;998.84;332.02;0;1.0;0;1.0;0;0;1.0;0;0;1.0;0;0;1.0;1.0;0;0;1.0;0;0
48599;2.23;0.97;0;1403.0;21.75;30.0;4.5;0;14.55;14.20;179.10;110.79;2.58;191612.0;0;0;106.0;4518.0;998.87;332.02;0;1.0;0;1.0;0;0;1.0;0;0;1.0;0;0;1.0;1.0;0;0;1.0;0;0
49082;2.08;0.99;0;1390.0;21.75;30.75;6.0;0;14.95;14.20;150.47;159.26;2.58;191612.0;0;0;105.0;4511.0;998.80;351.55;0;1.0;0;1.0;0;0;1.0;0;0;1.0;0;0;1.0;1.0;0;0;1.0;0;0
49789;2.12;1.00;0;1412.0;21.75;30.75;5.25;0;14.47;14.29;123.39;147.25;2.58;191612.0;0;0;104.0;4510.0;998.84;468.74;0;1.0;0;1.0;0;0;1.0;0;0;1.0;0;0;1.0;1.0;0;0;1.0;0;0
50532;2.08;0.99;0;1376.0;21.75;30.75;6.75;0;14.90;14.39;96.90;96.55;2.31;191612.0;0;0;104.0;4510.0;998.72;566.39;0;1.0;0;1.0;0;0;1.0;0;0;1.0;0;0;1.0;1.0;0;0;1.0;0;0
51427;2.0;0.98;0;1421.0;21.75;30.75;5.25;0;14.45;14.20;60.83;56.94;2.58;191612.0;0;0;105.0;4503.0;998.76;566.39;0;1.0;0;1.0;0;0;1.0;0;0;1.0;0;0;1.0;1.0;0;0;1.0;0;0
51934;2.02;0.96;0;1363.0;21.75;31.5;6.75;0;15.04;14.29;37.81;35.38;2.58;191612.0;0;0;103.0;4503.0;998.76;546.86;0;1.0;0;1.0;0;0;1.0;0;0;1.0;0;0;1.0;1.0;0;0;1.0;0;0
52494;2.13;0.95;0;1403.0;21.75;31.5;5.25;0;14.37;14.48;63.17;61.44;2.31;191612.0;0;0;104.0;4508.0;998.72;390.62;0;1.0;0;1.0;0;0;1.0;0;0;1.0;0;0;1.0;1.0;0;0;1.0;0;0
53064;2.0;0.96;0;1404.0;21.75;31.5;5.25;0;14.42;14.29;59.76;51.01;2.58;191612.0;0;0;102.0;4504.0;998.80;488.27;0;1.0;0;1.0;0;0;1.0;0;0;1.0;0;0;1.0;1.0;0;0;1.0;0;0
53572;2.18;0.97;0;1408.0;21.75;31.5;5.25;0;14.45;14.29;78.39;59.54;2.58;191612.0;0;0;104.0;4501.0;998.84;312.49;0;1.0;0;1.0;0;0;1.0;0;0;1.0;0;0;1.0;1.0;0;0;1.0;0;0
54115;2.21;0.98;0;1398.0;21.75;31.5;6.0;0;14.87;14.29;61.20;50.30;2.58;191612.0;0;0;104.0;4521.0;998.87;332.02;0;1.0;0;1.0;0;0;1.0;0;0;1.0;0;0;1.0;1.0;0;0;1.0;0;0
54608;2.07;0.99;0;1390.0;21.75;31.5;6.0;0;14.78;14.29;50.05;49.84;2.58;191612.0;0;0;103.0;4514.0;998.87;507.80;0;1.0;0;1.0;0;0;1.0;0;0;1.0;0;0;1.0;1.0;0;0;1.0;0;0
55115;2.17;0.98;0;1358.0;21.75;32.25;7.5;0;15.20;14.39;57.86;96.55;2.31;191612.0;0;0;102.0;4499.0;998.87;468.74;0;1.0;0;1.0;0;0;1.0;0;0;1.0;0;0;1.0;1.0;0;0;1.0;0;0
55659;2.22;0.98;0;1405.0;21.75;32.25;5.25;0;14.37;14.39;92.02;109.91;2.31;191612.0;0;0;103.0;4547.0;998.91;312.49;0;1.0;0;1.0;0;0;1.0;0;0;1.0;0;0;1.0;1.0;0;0;1.0;0;0
56524;2.04;1.00;0;1411.0;21.75;32.25;5.25;0;14.40;14.39;128.15;138.38;2.31;191612.0;0;0;103.0;4499.0;998.91;527.33;0;1.0;0;1.0;0;0;1.0;0;0;1.0;0;0;1.0;1.0;0;0;1.0;0;0
57126;2.05;0.99;0;1396.0;21.75;32.25;6.0;0;14.73;14.39;111.49;107.35;2.31;191612.0;0;0;101.0;4517.0;998.84;585.93;0;1.0;0;1.0;0;0;1.0;0;0;1.0;0;0;1.0;1.0;0;0;1.0;0;0
57638;2.02;0.98;0;1376.0;21.75;32.25;6.75;0;14.94;14.29;119.13;97.22;2.58;191612.0;0;0;102.0;4497.0;998.76;585.93;0;1.0;0;1.0;0;0;1.0;0;0;1.0;0;0;1.0;1.0;0;0;1.0;0;0
58174;2.14;0.97;0;1421.0;21.75;33.0;5.25;0;14.39;14.39;163.85;162.68;2.31;191612.0;0;0;102.0;4515.0;998.80;449.21;0;1.0;0;1.0;0;0;1.0;0;0;1.0;0;0;1.0;1.0;0;0;1.0;0;0
58741;2.01;0.97;0;1382.0;21.75;33.0;6.75;0;14.92;14.20;157.09;140.98;2.58;191612.0;0;0;102.0;4530.0;998.76;292.96;0;1.0;0;1.0;0;0;1.0;0;0;1.0;0;0;1.0;1.0;0;0;1.0;0;0
59319;2.23;0.99;0;1400.0;21.75;33.0;6.0;0;14.76;14.39;170.88;174.34;2.31;191612.0;0;0;102.0;4499.0;998.84;371.08;0;1.0;0;1.0;0;0;1.0;0;0;1.0;0;0;1.0;1.0;0;0;1.0;0;0
59906;2.29;1.00;0;1372.0;21.75;33.0;6.75;0;14.99;14.20;202.03;206.29;2.58;191612.0;0;0;103.0;4527.0;998.84;566.39;0;1.0;0;1.0;0;0;1.0;0;0;1.0;0;0;1.0;1.0;0;0;1.0;0;0
60801;2.05;0.98;0;1394.0;21.75;33.0;6.0;0;14.74;14.39;199.61;202.17;2.31;191612.0;0;0;103.0;4521.0;998.87;605.46;0;1.0;0;1.0;0;0;1.0;0;0;1.0;0;0;1.0;1.0;0;0;1.0;0;0
61311;2.14;0.96;0;1406.0;21.75;33.75;5.25;0;14.31;14.39;252.40;175.16;2.31;191612.0;0;0;102.0;4514.0;998.84;566.39;0;1.0;0;1.0;0;0;1.0;0;0;1.0;0;0;1.0;1.0;0;0;1.0;0;0
61807;2.12;0.94;0;1391.0;21.75;33.75;6.0;0;14.69;14.39;225.10;167.91;2.31;191612.0;0;0;101.0;4515.0;998.87;546.86;0;1.0;0;1.0;0;0;1.0;0;0;1.0;0;0;1.0;1.0;0;0;1.0;0;0
62362;1.97;0.95;0;1374.0;21.75;33.75;6.75;0;14.93;14.39;179.65;145.32;2.31;191612.0;0;0;102.0;4494.0;998.87;253.90;0;1.0;0;1.0;0;0;1.0;0;0;1.0;0;0;1.0;1.0;0;0;1.0;0;0
62900;2.08;0.96;0;1398.0;21.75;33.75;6.0;0;14.81;14.29;150.94;149.83;2.58;191612.0;0;0;103.0;4526.0;998.87;273.43;0;1.0;0;1.0;0;0;1.0;0;0;1.0;0;0;1.0;1.0;0;0;1.0;0;0
63450;2.2;0.98;0;1399.0;21.75;33.75;6.0;0;14.83;14.29;145.14;110.42;2.58;191612.0;0;0;103.0;4503.0;998.84;273.43;0;1.0;0;1.0;0;0;1.0;0;0;1.0;0;0;1.0;1.0;0;0;1.0;0;0
63952;2.06;0.98;0;1350.0;21.75;34.5;7.5;0;15.18;14.20;155.20;100.77;2.58;191612.0;0;0;102.0;4531.0;998.84;644.52;0;1.0;0;1.0;0;0;1.0;0;0;1.0;0;0;1.0;1.0;0;0;1.0;0;0
64523;2.02;0.97;0;1356.0;21.75;34.5;7.5;0;15.18;14.29;178.11;120.67;2.58;191612.0;0;0;104.0;4521.0;998.87;605.46;0;1.0;0;1.0;0;0;1.0;0;0;1.0;0;0;1.0;1.0;0;0;1.0;0;0
65070;2.15;0.96;0;1399.0;21.75;34.5;6.0;0;14.82;14.39;138.13;121.65;2.31;191612.0;0;0;104.0;4516.0;998.87;253.90;0;1.0;0;1.0;0;0;1.0;0;0;1.0;0;0;1.0;1.0;0;0;1.0;0;0
65611;2.01;0.98;0;1376.0;21.75;34.5;6.75;0;14.96;14.39;131.53;144.48;2.31;191612.0;0;0;102.0;4524.0;998.91;273.43;0;1.0;0;1.0;0;0;1.0;0;0;1.0;0;0;1.0;1.0;0;0;1.0;0;0
66395;1.99;0.99;0;1426.0;21.75;34.5;5.25;0;14.33;14.39;184.91;205.76;2.31;191612.0;0;0;103.0;4529.0;998.91;527.33;0;1.0;0;1.0;0;0;1.0;0;0;1.0;0;0;1.0;1.0;0;0;1.0;0;0
66922;2.26;0.99;0;1347.0;21.75;35.25;7.5;0;14.96;14.20;241.05;183.83;2.58;191612.0;0;0;101.0;4497.0;998.84;664.05;0;1.0;0;1.0;0;0;1.0;0;0;1.0;0;0;1.0;1.0;0;0;1.0;0;0
67461;2.18;0.98;0;1388.0;21.75;35.25;6.0;0;14.71;14.39;216.09;140.98;2.31;191612.0;0;0;101.0;4511.0;998.72;624.99;0;1.0;0;1.0;0;0;1.0;0;0;1.0;0;0;1.0;1.0;0;0;1.0;0;0
67985;2.00;0.96;0;1411.0;21.75;35.25;5.25;0;14.26;14.48;164.89;102.72;2.31;191612.0;0;0;100.0;4511.0;998.72;605.46;0;1.0;0;1.0;0;0;1.0;0;0;1.0;0;0;1.0;1.0;0;0;1.0;0;0
68542;2.16;0.95;0;1357.0;21.75;35.25;7.5;0;15.08;14.29;114.01;71.01;2.58;191612.0;0;0;102.0;4512.0;998.76;390.62;0;1.0;0;1.0;0;0;1.0;0;0;1.0;0;0;1.0;1.0;0;0;1.0;0;0
69064;1.90;0.96;0;1447.0;21.75;35.25;3.75;0;13.99;14.39;83.06;54.52;2.31;191612.0;0;0;100.0;4521.0;998.80;605.46;0;1.0;0;1.0;0;0;1.0;0;0;1.0;0;0;1.0;1.0;0;0;1.0;0;0
69563;2.03;0.94;0;1396.0;21.75;35.25;6.0;0;14.67;14.39;67.16;39.72;2.31;191612.0;0;0;101.0;4493.0;998.84;253.90;0;1.0;0;1.0;0;0;1.0;0;0;1.0;0;0;1.0;1.0;0;0;1.0;0;0
70107;1.96;0.96;0;1400.0;21.75;36.0;5.25;0;14.26;14.48;55.23;30.70;2.31;191612.0;0;0;101.0;4505.0;998.87;234.37;0;1.0;0;1.0;0;0;1.0;0;0;1.0;0;0;1.0;1.0;0;0;1.0;0;0
70912;2.04;0.98;0;1343.0;21.75;36.0;7.5;0;15.09;14.39;40.21;22.34;2.31;191612.0;0;0;101.0;4504.0;998.80;234.37;0;1.0;0;1.0;0;0;1.0;0;0;1.0;0;0;1.0;1.0;0;0;1.0;0;0
71567;2.00;0.99;0;1402.0;21.75;36.0;5.25;0;14.28;14.39;24.76;16.81;2.31;191612.0;0;0;102.0;4503.0;998.87;527.33;0;1.0;0;1.0;0;0;1.0;0;0;1.0;0;0;1.0;1.0;0;0;1.0;0;0
72122;2.0;0.99;0;1400.0;21.75;36.0;5.25;0;14.28;14.39;37.67;20.21;2.31;191612.0;0;0;100.0;4514.0;998.87;527.33;0;1.0;0;1.0;0;0;1.0;0;0;1.0;0;0;1.0;1.0;0;0;1.0;0;0
72723;2.2;0.98;0;1396.0;21.75;36.0;6.0;0;14.67;14.29;25.99;13.92;2.58;191612.0;0;0;100.0;4502.0;998.76;488.27;0;1.0;0;1.0;0;0;1.0;0;0;1.0;0;0;1.0;1.0;0;0;1.0;0;0
73237;2.14;0.96;0;1376.0;21.75;36.0;6.75;0;14.82;14.29;17.90;9.56;2.58;191612.0;0;0;102.0;4524.0;998.84;605.46;0;1.0;0;1.0;0;0;1.0;0;0;1.0;0;0;1.0;1.0;0;0;1.0;0;0
73774;1.97;0.95;0;1341.0;21.75;36.75;7.5;0;14.59;14.39;15.72;8.82;2.31;191612.0;0;0;99.0;4495.0;998.76;410.15;0;1.0;0;1.0;0;0;1.0;0;0;1.0;0;0;1.0;1.0;0;0;1.0;0;0
74338;1.96;0.96;0;1391.0;21.75;36.75;6.0;0;14.65;14.20;23.70;11.34;2.58;191612.0;0;0;101.0;4531.0;998.84;214.84;0;1.0;0;1.0;0;0;1.0;0;0;1.0;0;0;1.0;1.0;0;0;1.0;0;0
74882;2.2;0.97;0;1360.0;21.75;36.75;7.5;0;15.07;14.39;17.22;8.22;2.31;191612.0;0;0;100.0;4499.0;998.84;527.33;0;1.0;0;1.0;0;0;1.0;0;0;1.0;0;0;1.0;1.0;0;0;1.0;0;0
75472;2.20;0.97;0;1342.0;21.75;36.75;7.5;0;15.07;14.29;11.87;8.04;2.58;191612.0;0;0;100.0;4510.0;998.87;605.46;0;1.0;0;1.0;0;0;1.0;0;0;1.0;0;0;1.0;1.0;0;0;1.0;0;0
76262;2.12;0.97;0;1403.0;21.75;36.75;5.25;0;14.30;14.29;11.75;5.48;2.58;191612.0;0;0;101.0;4505.0;998.87;566.39;0;1.0;0;1.0;0;0;1.0;0;0;1.0;0;0;1.0;1.0;0;0;1.0;0;0
76815;2.10;0.95;0;1406.0;21.75;37.5;5.25;0;14.31;14.48;9.76;7.16;2.31;191612.0;0;0;101.0;4500.0;998.91;664.05;0;1.0;0;1.0;0;0;1.0;0;0;1.0;0;0;1.0;1.0;0;0;1.0;0;0
77364;1.91;0.94;0;1363.0;21.75;37.5;6.75;0;14.89;14.20;6.69;9.62;2.58;191612.0;0;0;100.0;4518.0;998.91;195.31;0;1.0;0;1.0;0;0;1.0;0;0;1.0;0;0;1.0;1.0;0;0;1.0;0;0
77918;2.10;0.96;0;1401.0;21.75;37.5;5.25;0;14.32;14.29;6.69;8.82;2.58;191612.0;0;0;101.0;4509.0;998.91;195.31;0;1.0;0;1.0;0;0;1.0;0;0;1.0;0;0;1.0;1.0;0;0;1.0;0;0
78465;2.02;0.97;0;1343.0;21.75;37.5;7.5;0;14.69;14.39;6.95;13.31;2.31;191612.0;0;0;101.0;4528.0;998.91;546.86;0;1.0;0;1.0;0;0;1.0;0;0;1.0;0;0;1.0;1.0;0;0;1.0;0;0
79069;1.94;0.96;0;1409.0;21.75;37.5;5.25;0;14.31;14.01;4.74;11.05;2.58;191612.0;0;0;101.0;4526.0;998.91;390.62;0;1.0;0;1.0;0;0;1.0;0;0;1.0;0;0;1.0;1.0;0;0;1.0;0;0
79563;1.97;0.98;0;1382.0;21.75;37.5;6.0;0;14.68;14.20;3.22;7.57;2.58;191612.0;0;0;100.0;4505.0;998.84;273.43;0;1.0;0;1.0;0;0;1.0;0;0;1.0;0;0;1.0;1.0;0;0;1.0;0;0
80079;2.04;1.00;0;1379.0;21.75;38.25;6.75;0;14.91;14.39;18.35;7.71;2.31;191612.0;0;0;102.0;4499.0;998.87;214.84;0;1.0;0;1.0;0;0;1.0;0;0;1.0;0;0;1.0;1.0;0;0;1.0;0;0
80610;2.05;1.01;0;1393.0;21.75;38.25;6.0;0;14.64;14.39;27.73;7.36;2.31;191612.0;0;0;100.0;4490.0;998.87;703.11;0;1.0;0;1.0;0;0;1.0;0;0;1.0;0;0;1.0;1.0;0;0;1.0;0;0
81609;2.04;0.99;0;1345.0;21.75;38.25;7.5;0;14.96;14.39;22.51;12.22;2.31;191612.0;0;0;99.0;4525.0;998.87;703.11;0;1.0;0;1.0;0;0;1.0;0;0;1.0;0;0;1.0;1.0;0;0;1.0;0;0
82305;2.10;0.96;0;1395.0;21.75;39.0;6.0;0;14.52;14.20;34.04;30.66;2.58;191612.0;0;0;99.0;4512.0;998.91;214.84;0;1.0;0;1.0;0;0;1.0;0;0;1.0;0;0;1.0;1.0;0;0;1.0;0;0
82852;2.17;0.99;0;1383.0;21.75;39.0;6.75;0;14.77;14.39;35.25;40.21;2.31;191612.0;0;0;100.0;4512.0;998.91;312.49;0;1.0;0;1.0;0;0;1.0;0;0;1.0;0;0;1.0;1.0;0;0;1.0;0;0
83497;1.99;0.99;0;1407.0;21.75;39.0;5.25;0;14.20;14.29;31.50;35.79;2.58;191612.0;0;0;100.0;4527.0;998.91;703.11;0;1.0;0;1.0;0;0;1.0;0;0;1.0;0;0;1.0;1.0;0;0;1.0;0;0
84136;2.13;0.98;0;1393.0;21.75;39.0;6.0;0;14.59;14.29;21.56;25.74;2.58;191612.0;0;0;99.0;4513.0;998.91;703.11;0;1.0;0;1.0;0;0;1.0;0;0;1.0;0;0;1.0;1.0;0;0;1.0;0;0
84791;1.88;0.96;0;1424.0;21.75;39.0;5.25;0;14.19;14.29;16.58;47.65;2.58;191612.0;0;0;100.0;4529.0;998.91;703.11;0;1.0;0;1.0;0;0;1.0;0;0;1.0;0;0;1.0;1.0;0;0;1.0;0;0
85410;2.12;0.94;0;1360.0;21.75;39.75;7.5;0;14.98;14.39;12.53;33.12;2.31;191612.0;0;0;99.0;4499.0;998.91;156.24;0;1.0;0;1.0;1.0;0;1.0;0;0;1.0;0;0;1.0;1.0;0;0;0;0;0
86322;7.49;0.96;0;1405.0;21.75;39.75;9.75;5.09;20.79;14.29;10.33;22.83;2.58;191612.0;0;0;115.0;4515.0;998.84;761.70;1.0;1.0;0;1.0;0;0;1.0;0;0;1.0;0;0;1.0;1.0;0;0;0;0;0
86856;4.01;1.00;0;1838.0;21.75;39.75;7.5;6.66;24.02;14.29;6.36;18.96;2.58;191612.0;0;0;112.0;4560.0;998.72;722.64;1.0;1.0;0;1.0;0;0;1.0;0;0;1.0;0;0;1.0;1.0;0;0;0;0;0
87435;4.03;0.98;0;1622.0;22.5;39.75;6.75;6.66;27.09;14.29;4.10;13.82;2.58;191612.0;0;0;112.0;4529.0;998.80;703.11;1.0;1.0;0;1.0;0;0;1.0;0;0;1.0;0;0;1.0;1.0;0;0;0;0;0
87967;1.69;0.96;12.0;1704.0;22.5;39.75;7.5;3.13;17.23;14.29;4.76;9.51;2.58;191612.0;12.0;12.0;112.0;4487.0;998.76;703.11;1.0;1.0;0;1.0;0;0;1.0;0;0;1.0;0;0;1.0;1.0;0;0;0;0;0
88512;2.02;0.99;12.0;1562.0;22.5;40.5;9.0;1.17;13.09;14.29;7.28;10.31;2.58;191612.0;13.0;13.0;112.0;4500.0;998.80;683.58;1.0;1.0;0;1.0;0;0;1.0;0;0;1.0;0;0;1.0;1.0;0;0;0;0;0
89131;2.44;0.98;13.0;1608.0;22.5;40.5;8.25;1.96;14.87;14.39;7.06;7.46;2.31;191612.0;14.0;14.0;112.0;4532.0;998.76;566.39;1.0;1.0;0;1.0;0;0;1.0;0;0;1.0;0;0;1.0;1.0;0;0;0;0;0
89707;2.30;0.96;16.0;1794.0;22.5;40.5;7.5;2.35;13.95;14.29;4.58;4.84;2.58;191612.0;16.0;16.0;112.0;4529.0;998.84;175.77;1.0;1.0;0;1.0;0;0;1.0;0;0;1.0;0;0;1.0;1.0;0;0;0;0;0
90589;1.87;1.00;16.0;1653.0;22.5;40.5;6.75;0;15.50;14.11;9.68;9.84;2.58;191612.0;16.0;16.0;118.0;4515.0;998.84;703.11;1.0;1.0;0;1.0;0;0;1.0;0;0;1.0;0;0;1.0;1.0;0;0;0;0;0
91225;1.80;0.97;15.0;1699.0;22.5;40.5;7.5;0;15.47;14.11;10.05;10.25;2.58;191612.0;15.0;15.0;115.0;4509.0;998.87;527.33;1.0;1.0;0;1.0;0;0;1.0;0;0;1.0;0;0;1.0;1.0;0;0;0;0;0
91812;1.91;0.97;15.0;1630.0;22.5;41.25;7.5;0;15.45;14.39;52.35;16.99;2.31;191612.0;15.0;15.0;115.0;4499.0;998.91;117.18;1.0;1.0;0;1.0;0;0;1.0;0;0;1.0;0;0;1.0;1.0;0;0;0;0;0
92497;2.02;0.99;13.0;1567.0;22.5;41.25;7.5;0;15.48;14.20;45.15;19.11;2.58;191612.0;13.0;13.0;116.0;4517.0;998.91;136.71;1.0;1.0;0;1.0;0;0;1.0;0;0;1.0;0;0;1.0;1.0;0;0;0;0;0
93141;2.13;1.01;8.0;1469.0;22.5;41.25;6.75;0;15.34;14.39;84.62;54.64;2.31;191612.0;9.0;9.0;116.0;4510.0;998.84;156.24;1.0;1.0;0;1.0;0;0;1.0;0;0;1.0;0;0;1.0;1.0;0;0;0;0;0
93772;2.03;1.03;5.0;1464.0;22.5;41.25;4.5;0;14.28;14.39;88.17;112.53;2.31;191612.0;5.0;5.0;105.0;4485.0;998.87;742.17;1.0;1.0;0;1.0;0;0;1.0;0;0;1.0;0;0;1.0;1.0;0;0;0;0;0
94332;2.14;1.01;3.0;1441.0;22.5;41.25;4.5;0;14.06;14.29;72.59;116.41;2.58;191612.0;4.0;4.0;101.0;4521.0;998.87;742.17;1.0;1.0;0;1.0;0;0;1.0;0;0;1.0;0;0;1.0;1.0;0;0;0;0;0
94877;1.94;0.99;0;1429.0;22.5;41.25;5.25;0;14.04;14.39;52.88;92.04;2.31;191612.0;0;0;100.0;4502.0;998.91;722.64;1.0;1.0;0;1.0;0;0;1.0;0;0;1.0;0;0;1.0;1.0;0;0;0;0;0
95425;2.52;0.98;0;1513.0;22.5;42.0;9.0;1.96;15.03;14.29;47.43;78.72;2.58;191612.0;0;0;110.0;4565.0;998.91;585.93;1.0;1.0;0;1.0;0;0;1.0;0;0;1.0;0;0;1.0;1.0;0;0;0;0;0
96362;2.60;0.98;5.0;1532.0;22.5;42.0;9.0;1.96;16.15;14.20;47.24;123.05;2.58;191612.0;5.0;5.0;110.0;4537.0;998.91;117.18;1.0;1.0;0;1.0;0;0;1.0;0;0;1.0;0;0;1.0;1.0;0;0;0;0;0
97044;3.48;1.01;10.0;1518.0;22.5;42.0;8.25;3.52;17.89;14.29;58.55;160.59;2.58;191612.0;10.0;9.0;110.0;4519.0;998.91;429.68;1.0;1.0;0;1.0;0;0;1.0;0;0;1.0;0;0;1.0;1.0;0;0;0;0;0
97688;3.96;0.99;12.0;1633.0;22.5;42.0;6.75;6.66;27.23;14.29;117.41;150.45;2.58;191612.0;13.0;13.0;110.0;4554.0;998.91;683.58;1.0;1.0;0;1.0;0;0;1.0;0;0;1.0;0;0;1.0;1.0;0;0;0;0;0
98245;3.72;0.96;17.0;1918.0;22.5;42.0;8.25;7.45;25.33;14.29;103.99;159.97;2.58;191612.0;17.0;17.0;110.0;4484.0;998.91;722.64;1.0;1.0;0;1.0;0;0;1.0;0;0;1.0;0;0;1.0;1.0;0;0;0;0;0
98750;3.35;0.94;20.0;2186.0;22.5;42.75;9.0;7.45;22.02;14.29;79.23;117.98;2.58;191612.0;19.0;20.0;109.0;4468.0;998.91;703.11;1.0;1.0;0;1.0;0;0;1.0;0;0;1.0;0;0;1.0;1.0;0;0;0;0;0
99305;3.11;0.91;21.0;2306.0;22.5;42.75;10.5;7.45;21.42;14.29;50.21;73.37;2.58;191612.0;21.0;21.0;109.0;4447.0;998.91;644.52;1.0;1.0;0;1.0;0;0;1.0;0;0;1.0;0;0;1.0;1.0;0;0;0;0;0
99833;2.61;0.89;21.0;2417.0;22.5;42.75;11.25;5.49;18.30;14.29;29.56;43.23;2.58;191612.0;22.0;22.0;109.0;4506.0;998.91;703.11;1.0;1.0;0;1.0;0;0;1.0;0;0;1.0;0;0;1.0;1.0;0;0;0;0;0
100333;2.16;0.86;21.0;2331.0;22.5;42.75;11.25;3.92;15.40;14.29;17.40;25.46;2.58;191612.0;21.0;21.0;109.0;4519.0;998.76;449.21;1.0;1.0;0;1.0;0;0;1.0;0;0;1.0;0;0;1.0;1.0;0;0;0;0;0
100877;2.21;0.87;21.0;2320.0;22.5;42.75;11.25;3.92;15.47;14.29;10.76;17.16;2.58;191612.0;21.0;21.0;109.0;4544.0;998.80;97.65;1.0;1.0;0;1.0;0;0;1.0;0;0;1.0;0;0;1.0;1.0;0;0;0;0;0
101570;2.26;0.90;20.0;2249.0;22.5;42.75;10.5;3.52;15.23;14.20;5.03;8.55;2.58;191612.0;20.0;20.0;109.0;4549.0;998.84;117.18;1.0;1.0;0;1.0;0;0;1.0;0;0;1.0;0;0;1.0;1.0;0;0;0;0;0
102147;2.28;0.92;18.0;2116.0;22.5;43.5;10.5;3.13;15.07;14.29;2.73;4.68;2.58;191612.0;19.0;19.0;108.0;4539.0;998.87;136.71;1.0;1.0;0;1.0;0;0;1.0;0;0;1.0;0;0;1.0;1.0;0;0;0;0;0
102693;1.74;1.00;18.0;1686.0;22.5;43.5;7.5;0;15.50;14.20;1.52;4.68;2.58;191612.0;19.0;18.0;114.0;4539.0;998.87;800.77;1.0;1.0;0;1.0;0;0;1.0;0;0;1.0;0;0;1.0;1.0;0;0;0;0;0
103238;1.73;0.98;16.0;1671.0;22.5;44.25;6.75;0;15.33;14.39;22.36;4.88;2.31;191612.0;16.0;17.0;114.0;4522.0;998.87;761.70;1.0;1.0;0;1.0;0;0;1.0;0;0;1.0;0;0;1.0;1.0;0;0;0;0;0
103767;1.80;0.96;16.0;1613.0;22.5;44.25;7.5;0;15.33;14.29;18.16;9.49;2.58;191612.0;16.0;16.0;109.0;4497.0;998.91;703.11;1.0;1.0;0;1.0;0;0;1.0;0;0;1.0;0;0;1.0;1.0;0;0;0;0;0
104310;1.91;0.95;13.0;1569.0;22.5;44.25;6.75;0;15.15;14.11;11.87;6.13;2.58;191612.0;14.0;14.0;112.0;4503.0;998.84;566.39;1.0;1.0;0;1.0;0;0;1.0;0;0;1.0;0;0;1.0;1.0;0;0;0;0;0
104828;1.89;0.94;12.0;1564.0;22.5;44.25;7.5;0;15.21;14.29;14.70;6.19;2.58;191612.0;12.0;12.0;111.0;4457.0;998.80;136.71;1.0;1.0;0;1.0;0;0;1.0;0;0;1.0;0;0;1.0;1.0;0;0;0;0;0
105382;1.96;0.96;10.0;1527.0;22.5;44.25;7.5;0;15.24;14.20;24.21;7.92;2.58;191612.0;10.0;10.0;110.0;4534.0;998.84;117.18;1.0;1.0;0;1.0;0;0;1.0;0;0;1.0;0;0;1.0;1.0;0;0;0;0;0
106137;1.77;0.98;7.0;1606.0;22.5;44.25;7.5;0;15.29;14.29;77.16;9.80;2.58;191612.0;8.0;8.0;110.0;4503.0;998.87;117.18;1.0;1.0;0;1.0;0;0;1.0;0;0;1.0;0;0;1.0;1.0;0;0;0;0;0
106746;1.93;0.99;2.0;1431.0;22.5;45.0;5.25;0;14.12;14.20;134.62;19.33;2.58;191612.0;3.0;3.0;101.0;4516.0;998.87;761.70;1.0;1.0;0;1.0;0;0;1.0;0;0;1.0;0;0;1.0;1.0;0;0;0;0;0
107244;3.84;0.97;0;1511.0;22.5;45.0;9.75;2.74;14.90;14.29;100.83;17.38;2.58;191612.0;0;0;107.0;4565.0;998.91;781.24;1.0;1.0;0;1.0;0;0;1.0;0;0;1.0;0;0;1.0;1.0;0;0;0;0;0
107762;2.85;0.99;0;2223.0;22.5;45.0;11.25;4.70;16.90;14.39;140.49;93.29;2.31;191612.0;0;0;107.0;4505.0;998.84;742.17;1.0;1.0;0;1.0;0;0;1.0;0;0;1.0;0;0;1.0;1.0;0;0;0;0;0
108354;4.05;0.99;0;1640.0;22.5;45.0;6.75;6.66;28.39;14.29;159.50;143.85;2.58;191612.0;0;0;107.0;4551.0;998.87;742.17;1.0;1.0;0;1.0;0;0;1.0;0;0;1.0;0;0;1.0;1.0;0;0;0;0;0
108897;3.84;0.97;10.0;1829.0;22.5;45.0;7.5;7.05;26.16;14.48;170.59;181.53;2.31;191612.0;10.0;9.0;107.0;4522.0;998.76;722.64;1.0;1.0;0;1.0;0;0;1.0;0;0;1.0;0;0;1.0;1.0;0;0;0;0;0
109392;3.84;0.95;13.0;1687.0;22.5;45.0;6.75;7.45;28.13;14.39;183.09;156.10;2.31;191612.0;14.0;13.0;107.0;4495.0;998.72;644.52;1.0;1.0;0;1.0;0;0;1.0;0;0;1.0;0;0;1.0;1.0;0;0;0;0;0
110016;3.44;0.93;17.0;1963.0;22.5;45.75;9.0;7.05;23.75;14.20;142.17;175.12;2.58;191612.0;17.0;17.0;106.0;4459.0;998.64;683.58;1.0;1.0;0;1.0;0;0;1.0;0;0;1.0;0;0;1.0;1.0;0;0;0;0;0
110529;0.2;1.00;20.0;2554.0;22.5;45.75;39.75;0;20.66;14.39;184.92;199.01;2.31;191612.0;20.0;20.0;106.0;4516.0;998.72;722.64;1.0;1.0;0;1.0;0;0;1.0;0;0;1.0;0;0;1.0;1.0;0;0;0;0;0
111412;2.09;0.99;18.0;2123.0;22.5;45.75;10.5;2.35;13.30;14.39;216.15;227.27;2.31;191612.0;19.0;19.0;106.0;4516.0;998.72;488.27;1.0;1.0;0;1.0;0;0;1.0;0;0;1.0;0;0;1.0;1.0;0;0;0;0;0
111924;1.91;0.98;17.0;1940.0;22.5;45.75;9.0;1.56;12.07;14.39;239.22;276.48;2.31;191612.0;18.0;18.0;106.0;4523.0;998.76;58.59;1.0;1.0;0;1.0;0;0;1.0;0;0;1.0;0;0;1.0;1.0;0;0;0;0;0
112548;2.09;1.00;16.0;1934.0;22.5;45.75;9.0;1.96;12.79;14.29;246.07;263.36;2.58;191612.0;17.0;17.0;106.0;4519.0;998.72;78.12;1.0;1.0;0;1.0;0;0;1.0;0;0;1.0;0;0;1.0;1.0;0;0;0;0;0
113064;2.11;1.01;16.0;1896.0;22.5;46.5;9.0;1.96;12.69;14.29;292.01;218.11;2.58;191612.0;17.0;17.0;105.0;4521.0;998.64;449.21;1.0;1.0;0;1.0;0;0;1.0;0;0;1.0;0;0;1.0;1.0;0;0;0;0;0
113609;1.76;0.99;16.0;1609.0;22.5;46.5;7.5;0;15.28;14.29;199.34;158.99;2.58;191612.0;16.0;16.0;109.0;4517.0;998.72;781.24;1.0;1.0;0;1.0;0;0;1.0;0;0;1.0;0;0;1.0;1.0;0;0;0;0;0
114103;1.84;0.97;15.0;1664.0;22.5;46.5;6.75;0;15.12;14.39;145.57;124.32;2.31;191612.0;15.0;15.0;112.0;4507.0;998.72;722.64;1.0;1.0;0;1.0;0;0;1.0;0;0;1.0;0;0;1.0;1.0;0;0;0;0;0
114654;1.69;0.96;13.0;1519.0;22.5;46.5;9.75;0.39;11.75;14.29;121.30;85.95;2.58;191612.0;14.0;14.0;105.0;4492.0;998.64;78.12;1.0;1.0;0;1.0;0;0;1.0;0;0;1.0;0;0;1.0;1.0;0;0;0;0;0
115158;2.00;0.97;13.0;1504.0;22.5;46.5;7.5;0;15.16;14.39;87.72;64.91;2.31;191612.0;14.0;14.0;105.0;4489.0;998.41;97.65;1.0;1.0;0;1.0;0;0;1.0;0;0;1.0;0;0;1.0;1.0;0;0;0;0;0
115722;1.80;0.98;13.0;1561.0;22.5;46.5;7.5;0;15.13;14.20;70.56;48.43;2.58;191612.0;13.0;13.0;107.0;4514.0;998.41;253.90;1.0;1.0;0;1.0;0;0;1.0;0;0;1.0;0;0;1.0;1.0;0;0;0;0;0
116553;2.68;0.99;12.0;1471.0;22.5;47.25;8.25;0.39;15.29;14.29;48.74;33.45;2.58;191612.0;13.0;13.0;104.0;4477.0;998.45;800.77;1.0;1.0;0;1.0;0;0;1.0;0;0;1.0;0;0;1.0;1.0;0;0;0;0;0
117117;1.84;0.96;12.0;1480.0;22.5;47.25;7.5;0;15.09;14.29;35.60;38.72;2.58;191612.0;13.0;13.0;106.0;4537.0;998.48;761.70;1.0;1.0;0;1.0;0;0;1.0;0;0;1.0;0;0;1.0;1.0;0;0;0;0;0
117623;1.81;0.94;11.0;1502.0;22.5;47.25;6.75;0;15.09;14.39;117.76;127.25;2.31;191612.0;12.0;12.0;105.0;4471.0;998.41;664.05;1.0;1.0;0;1.0;0;0;1.0;0;0;1.0;0;0;1.0;1.0;0;0;0;0;0
118114;3.02;0.93;11.0;1661.0;22.5;47.25;9.75;3.13;17.87;14.29;109.48;138.37;2.58;191612.0;12.0;12.0;104.0;4567.0;998.33;117.18;1.0;1.0;0;1.0;0;0;1.0;0;0;1.0;0;0;1.0;1.0;0;0;0;0;0
118617;4.46;1.00;15.0;2181.0;22.5;47.25;10.5;10.98;28.88;14.20;71.81;90.71;2.58;191612.0;14.0;15.0;104.0;4446.0;998.33;761.70;1.0;1.0;0;1.0;0;0;1.0;0;0;1.0;0;0;1.0;1.0;0;0;0;0;0
119151;4.12;0.98;18.0;2319.0;22.5;47.25;11.25;11.76;28.18;14.39;44.64;53.49;2.31;191612.0;18.0;19.0;104.0;4424.0;998.21;722.64;1.0;1.0;0;1.0;0;0;1.0;0;0;1.0;0;0;1.0;1.0;0;0;0;0;0
119657;3.43;0.98;21.0;2357.0;22.5;47.25;12.75;8.23;22.97;14.29;23.65;29.88;2.58;191613.0;22.0;22.0;104.0;4509.0;998.17;742.17;1.0;1.0;0;1.0;0;0;1.0;0;0;1.0;0;0;1.0;1.0;0;0;0;0;0
120205;4.32;1.00;25.0;2677.0;22.5;48.0;15.0;12.55;27.08;14.48;20.09;18.98;2.31;191613.0;24.0;25.0;103.0;4487.0;998.17;683.58;1.0;1.0;0;1.0;0;0;1.0;0;0;1.0;0;0;1.0;1.0;0;0;0;0;0
121047;2.99;1.00;28.0;3149.0;22.5;48.0;21.75;8.62;22.83;14.29;21.52;20.46;2.58;191613.0;28.0;29.0;103.0;4542.0;998.17;742.17;1.0;1.0;0;1.0;0;0;1.0;0;0;1.0;0;0;1.0;1.0;0;0;0;0;0
121595;1.36;0.99;28.0;2261.0;22.5;48.0;12.0;1.17;9.22;14.48;83.35;146.02;2.31;191613.0;29.0;29.0;103.0;4556.0;998.13;722.64;2.0;1.0;0;1.0;0;0;1.0;0;0;1.0;0;0;1.0;1.0;0;0;0;0;0
122163;1.68;0.97;27.0;2151.0;22.5;48.0;12.0;1.56;11.27;14.29;140.67;158.91;2.58;191613.0;27.0;27.0;103.0;4550.0;998.09;624.99;2.0;1.0;0;1.0;0;0;1.0;0;0;1.0;0;0;1.0;1.0;0;0;0;0;0
122733;1.96;0.97;26.0;2059.0;22.5;48.0;11.25;1.96;12.97;14.48;209.51;249.74;2.31;191613.0;26.0;26.0;103.0;4527.0;998.05;58.59;2.0;1.0;0;1.0;0;0;1.0;0;0;1.0;0;0;1.0;1.0;0;0;0;0;0
123265;2.58;1.00;25.0;2023.0;22.5;48.0;10.5;3.13;15.46;14.20;221.95;297.12;2.58;191613.0;25.0;25.0;103.0;4525.0;998.05;39.06;2.0;1.0;0;1.0;0;0;1.0;0;0;1.0;0;0;1.0;1.0;0;0;0;0;0
123823;2.59;1.01;25.0;2012.0;22.5;48.75;10.5;3.52;15.96;14.39;276.13;329.45;2.31;191613.0;25.0;26.0;102.0;4515.0;998.05;39.06;2.0;1.0;0;1.0;0;0;1.0;0;0;1.0;0;0;1.0;1.0;0;0;0;0;0
124330;2.61;1.02;25.0;2040.0;22.5;48.75;10.5;3.52;15.81;14.48;312.69;325.44;2.31;191613.0;25.0;26.0;102.0;4499.0;998.02;742.17;2.0;1.0;0;1.0;0;0;1.0;0;0;1.0;0;0;1.0;1.0;0;0;0;0;0
124880;2.56;1.01;26.0;2029.0;22.5;48.75;10.5;3.52;15.83;14.39;270.41;329.82;2.31;191613.0;26.0;26.0;102.0;4511.0;997.94;703.11;2.0;1.0;0;1.0;0;0;1.0;0;0;1.0;0;0;1.0;1.0;0;0;0;0;0
125747;2.48;0.99;26.0;2048.0;22.5;49.5;10.5;3.52;15.67;14.20;263.88;288.20;2.58;191613.0;26.0;26.0;101.0;4501.0;997.86;468.74;2.0;1.0;0;1.0;0;0;1.0;0;0;1.0;0;0;1.0;1.0;0;0;0;0;0
126278;2.46;0.98;26.0;2054.0;22.5;49.5;11.25;3.52;15.83;14.29;119.64;123.97;2.58;191613.0;26.0;26.0;101.0;4514.0;997.82;703.11;2.0;1.0;0;1.0;0;0;1.0;0;0;1.0;0;0;1.0;1.0;0;0;0;0;0
126788;2.4;0.97;25.0;1997.0;22.5;49.5;10.5;3.13;15.41;14.29;78.43;81.28;2.58;191613.0;25.0;25.0;101.0;4520.0;997.78;410.15;2.0;1.0;0;1.0;0;0;1.0;0;0;1.0;0;0;1.0;1.0;0;0;0;0;0
127368;2.00;0.99;25.0;2020.0;22.5;49.5;11.25;1.96;13.14;14.29;48.74;53.27;2.58;191613.0;25.0;25.0;101.0;4506.0;997.78;742.17;2.0;1.0;0;1.0;0;0;1.0;0;0;1.0;0;0;1.0;1.0;0;0;0;0;0
127902;1.93;0.98;25.0;1945.0;22.5;49.5;10.5;1.96;12.62;14.39;28.68;34.23;2.31;191613.0;25.0;25.0;101.0;4527.0;997.78;722.64;2.0;1.0;0;1.0;0;0;1.0;0;0;1.0;0;0;1.0;1.0;0;0;0;0;0
128456;2.56;0.96;25.0;1939.0;22.5;49.5;10.5;3.52;16.64;14.39;18.76;22.40;2.31;191613.0;25.0;25.0;101.0;4503.0;997.74;117.18;2.0;1.0;0;1.0;0;0;1.0;0;0;1.0;0;0;1.0;1.0;0;0;0;0;0
128992;2.68;0.98;25.0;1951.0;22.5;50.25;11.25;3.92;17.19;14.29;11.01;13.16;2.58;191613.0;25.0;25.0;101.0;4502.0;997.74;546.86;2.0;1.0;0;1.0;0;0;1.0;0;0;1.0;0;0;1.0;1.0;0;0;0;0;0
129525;2.64;0.97;26.0;2020.0;22.5;50.25;11.25;3.92;16.85;14.01;7.16;10.68;2.58;191613.0;26.0;26.0;101.0;4511.0;997.74;722.64;2.0;1.0;0;1.0;0;0;1.0;0;0;1.0;0;0;1.0;1.0;0;0;0;0;0
130097;2.52;0.95;26.0;2066.0;22.5;50.25;12.0;3.92;16.97;14.29;4.15;5.87;2.58;191613.0;26.0;26.0;101.0;4507.0;997.74;585.93;2.0;1.0;0;1.0;0;0;1.0;0;0;1.0;0;0;1.0;1.0;0;0;0;0;0
130925;1.60;1.00;26.0;1787.0;22.5;50.25;7.5;0;15.05;14.11;2.67;3.78;2.58;191613.0;26.0;26.0;106.0;4504.0;997.74;742.17;2.0;1.0;0;1.0;0;0;1.0;0;0;1.0;0;0;1.0;1.0;0;0;0;0;0
131493;2.01;0.97;25.0;1980.0;22.5;50.25;12.0;1.96;13.58;14.39;2.34;4.64;2.31;191613.0;25.0;25.0;101.0;4508.0;997.74;410.15;2.0;1.0;0;1.0;0;0;1.0;0;0;1.0;0;0;1.0;1.0;0;0;0;0;0
132038;2.02;0.98;26.0;2024.0;22.5;50.25;11.25;1.96;13.12;14.29;1.46;2.83;2.58;191613.0;26.0;26.0;101.0;4526.0;997.74;703.11;2.0;1.0;0;1.0;0;0;1.0;0;0;1.0;0;0;1.0;1.0;0;0;0;0;0
132533;2.32;0.98;26.0;2027.0;22.5;51.0;11.25;2.74;14.88;14.29;0.78;3.28;2.58;191613.0;26.0;26.0;100.0;4506.0;997.74;19.53;2.0;1.0;0;1.0;0;0;1.0;0;0;1.0;0;0;1.0;1.0;0;0;0;0;0
133091;4.14;1.00;26.0;2102.0;22.5;51.0;12.0;5.88;20.58;14.48;0.41;2.08;2.31;191613.0;27.0;27.0;100.0;4508.0;997.74;800.77;2.0;1.0;0;1.0;0;0;1.0;0;0;1.0;0;0;1.0;1.0;0;0;0;0;0
133642;3.13;0.98;28.0;2208.0;22.5;51.0;12.75;6.27;20.64;14.48;0.21;1.23;2.31;191613.0;28.0;28.0;100.0;4482.0;997.74;781.24;2.0;1.0;0;1.0;0;0;1.0;0;0;1.0;0;0;1.0;1.0;0;0;0;0;0
134153;2.91;0.95;30.0;2364.0;22.5;51.0;15.0;6.27;20.64;14.39;1.42;0.56;2.31;191613.0;30.0;30.0;100.0;4443.0;997.74;742.17;2.0;1.0;0;1.0;0;0;1.0;0;0;1.0;0;0;1.0;1.0;0;0;0;0;0
134653;2.76;0.92;31.0;2427.0;22.5;51.0;15.75;6.27;20.39;14.20;0.76;1.69;2.58;191613.0;31.0;31.0;100.0;4484.0;997.74;703.11;2.0;1.0;0;1.0;0;0;1.0;0;0;1.0;0;0;1.0;1.0;0;0;0;0;0
135199;2.51;0.89;31.0;2490.0;22.5;51.0;15.75;5.88;19.06;14.39;0.33;2.55;2.31;191613.0;31.0;32.0;100.0;4509.0;997.74;664.05;2.0;1.0;0;1.0;0;0;1.0;0;0;1.0;0;0;1.0;1.0;0;0;0;0;0
136002;2.42;0.88;32.0;2568.0;22.5;51.0;17.25;5.88;19.02;14.48;2.14;1.34;2.31;191613.0;33.0;33.0;100.0;4505.0;997.74;39.06;2.0;1.0;0;1.0;0;0;1.0;0;0;1.0;0;0;1.0;1.0;0;0;0;0;0
136503;2.48;0.92;33.0;2646.0;22.5;51.75;18.75;5.88;18.79;14.39;5.17;17.61;2.31;191613.0;34.0;34.0;99.0;4511.0;997.74;722.64;2.0;1.0;0;1.0;0;0;1.0;0;0;1.0;0;0;1.0;1.0;0;0;0;0;0
137022;2.40;0.90;35.0;2729.0;22.5;51.75;20.25;5.88;18.98;14.29;104.91;90.77;2.58;191613.0;34.0;35.0;99.0;4525.0;997.74;722.64;2.0;1.0;0;1.0;0;0;1.0;0;0;1.0;0;0;1.0;1.0;0;0;0;0;0
137530;2.29;0.87;36.0;2767.0;22.5;51.75;21.0;5.88;18.78;14.29;132.56;139.42;2.58;191613.0;35.0;36.0;99.0;4511.0;997.74;312.49;2.0;1.0;0;1.0;0;0;1.0;0;0;1.0;0;0;1.0;1.0;0;0;0;0;0
138068;2.32;0.88;36.0;2843.0;22.5;51.75;21.75;5.88;18.82;14.29;126.08;173.05;2.58;191613.0;36.0;36.0;99.0;4514.0;997.74;722.64;2.0;1.0;0;1.0;0;0;1.0;0;0;1.0;0;0;1.0;1.0;0;0;0;0;0
138582;2.16;0.85;37.0;2904.0;22.5;51.75;21.75;5.49;18.22;14.29;148.09;170.28;2.58;191613.0;37.0;37.0;99.0;4509.0;997.74;683.58;2.0;1.0;0;1.0;0;0;1.0;0;0;1.0;0;0;1.0;1.0;0;0;0;0;0
139135;2.09;0.81;37.0;2973.0;22.5;51.75;23.25;5.88;18.71;14.20;195.88;183.66;2.58;191613.0;38.0;38.0;99.0;4537.0;997.74;566.39;2.0;1.0;0;1.0;0;0;1.0;0;0;1.0;0;0;1.0;1.0;0;0;0;0;0
139678;3.00;0.83;38.0;3068.0;22.5;51.75;21.75;9.41;23.62;14.20;212.50;166.35;2.58;191613.0;39.0;39.0;99.0;4509.0;997.74;742.17;2.0;1.0;0;1.0;0;0;1.0;0;0;1.0;0;0;1.0;1.0;0;0;0;0;0
140232;2.90;0.83;41.0;3255.0;22.5;52.5;22.5;10.98;25.18;14.39;252.38;229.90;2.31;191613.0;41.0;42.0;98.0;4520.0;997.74;0;2.0;1.0;0;1.0;0;0;1.0;0;0;1.0;0;0;1.0;1.0;0;0;0;0;0
140752;0.04;1.00;43.0;3349.0;22.5;52.5;40.5;0;14.34;14.39;296.81;288.67;2.31;191613.0;43.0;44.0;98.0;4650.0;997.74;156.24;2.0;1.0;0;1.0;0;0;1.0;0;0;1.0;0;0;1.0;1.0;0;0;0;0;0
141588;3.47;1.00;43.0;2743.0;22.5;52.5;18.75;7.45;21.76;14.29;336.87;320.01;2.58;191613.0;44.0;44.0;98.0;4178.0;997.74;761.70;3.0;1.0;0;1.0;0;0;1.0;0;0;1.0;0;0;1.0;1.0;0;0;0;0;0
142099;3.07;0.94;47.0;2890.0;22.5;52.5;21.0;8.23;23.03;14.48;347.20;338.22;2.31;191613.0;46.0;47.0;98.0;4349.0;997.74;742.17;3.0;1.0;0;1.0;0;0;1.0;0;0;1.0;0;0;1.0;1.0;0;0;0;0;0
142635;2.69;0.90;48.0;3004.0;22.5;52.5;22.5;7.05;21.45;14.20;321.13;348.55;2.58;191613.0;48.0;49.0;98.0;4477.0;997.74;761.70;3.0;1.0;0;1.0;0;0;1.0;0;0;1.0;0;0;1.0;1.0;0;0;0;0;0
143179;2.11;0.99;50.0;3046.0;23.25;52.5;24.75;4.31;15.16;14.39;232.69;245.16;2.31;191613.0;49.0;50.0;98.0;4501.0;997.74;761.70;3.0;1.0;0;1.0;0;0;1.0;0;0;1.0;0;0;1.0;1.0;0;0;0;0;0
143688;1.69;0.96;50.0;3080.0;23.25;53.25;27.0;3.13;12.49;14.39;185.78;192.07;2.31;191613.0;50.0;50.0;97.0;4502.0;997.74;781.24;3.0;1.0;0;1.0;0;0;1.0;0;0;1.0;0;0;1.0;1.0;0;0;0;0;0
144191;1.60;0.94;50.0;3086.0;23.25;53.25;27.0;3.13;12.16;14.29;98.66;96.79;2.58;191613.0;50.0;50.0;97.0;4515.0;997.74;761.70;3.0;1.0;0;1.0;0;0;1.0;0;0;1.0;0;0;1.0;1.0;0;0;0;0;0
144733;1.53;0.93;51.0;3075.0;23.25;53.25;27.0;2.74;11.71;14.39;54.76;48.72;2.31;191613.0;50.0;51.0;97.0;4517.0;997.74;742.17;3.0;1.0;0;1.0;0;0;1.0;0;0;1.0;0;0;1.0;1.0;0;0;0;0;0
145259;0.95;1.00;50.0;3060.0;23.25;54.0;10.5;0;14.60;14.39;25.58;23.90;2.31;191613.0;50.0;50.0;96.0;4514.0;997.74;664.05;3.0;1.0;0;1.0;0;0;1.0;0;0;1.0;0;0;1.0;1.0;0;0;0;0;0
145882;0.96;1.00;48.0;2999.0;23.25;54.0;9.75;0;14.53;14.39;13.51;11.97;2.31;191613.0;49.0;49.0;96.0;4527.0;997.74;292.96;3.0;1.0;0;1.0;0;0;1.0;0;0;1.0;0;0;1.0;1.0;0;0;0;0;0
146698;0.96;1.00;47.0;2934.0;23.25;54.0;10.5;0;14.48;14.39;5.13;4.76;2.31;191613.0;47.0;47.0;96.0;4510.0;997.74;0;3.0;1.0;0;1.0;0;0;1.0;0;0;1.0;0;0;1.0;1.0;0;0;0;0;0
147242;1.00;1.00;46.0;2854.0;23.25;54.0;9.75;0;14.57;14.29;3.28;1.81;2.58;191613.0;46.0;46.0;96.0;4512.0;997.74;0;3.0;1.0;0;1.0;0;0;1.0;0;0;1.0;0;0;1.0;1.0;0;0;0;0;0
147751;2.22;1.00;46.0;2838.0;23.25;54.0;19.5;2.74;11.91;14.39;1.46;0.76;2.31;191613.0;46.0;46.0;96.0;4485.0;997.74;820.30;3.0;1.0;0;1.0;0;0;1.0;0;0;1.0;0;0;1.0;1.0;0;0;0;0;0
148310;1.54;0.99;46.0;2842.0;23.25;54.0;21.75;1.96;10.64;14.29;0.72;0.31;2.58;191613.0;47.0;46.0;96.0;4520.0;997.74;800.77;3.0;1.0;0;1.0;0;0;1.0;0;0;1.0;0;0;1.0;1.0;0;0;0;0;0
148902;1.04;0.97;47.0;2877.0;23.25;54.0;24.0;0.78;7.26;14.39;0.25;0.03;2.31;191613.0;47.0;47.0;96.0;4526.0;997.90;761.70;3.0;1.0;0;1.0;0;0;1.0;0;0;1.0;0;0;1.0;1.0;0;0;0;0;0
149406;1.07;1.00;46.0;2877.0;23.25;54.75;10.5;0;14.50;14.39;1.71;0;2.31;191613.0;47.0;47.0;96.0;4521.0;998.05;644.52;3.0;1.0;0;1.0;0;0;1.0;0;0;1.0;0;0;1.0;1.0;0;0;0;0;0
149904;1.0;1.00;46.0;2868.0;23.25;54.75;9.75;0;14.52;14.29;2.51;0;2.58;191613.0;47.0;47.0;96.0;4519.0;998.09;0;3.0;1.0;0;1.0;0;0;1.0;0;0;1.0;0;0;1.0;1.0;0;0;0;0;0
150422;1.00;1.00;46.0;2842.0;23.25;54.75;9.75;0;14.59;14.29;1.26;0;2.58;191613.0;46.0;46.0;96.0;4511.0;998.21;0;3.0;1.0;0;1.0;0;0;1.0;0;0;1.0;0;0;1.0;1.0;0;0;0;0;0
151240;1.01;1.00;46.0;2828.0;23.25;54.75;9.75;0;14.61;14.48;1.89;0;2.31;191613.0;46.0;46.0;96.0;4516.0;998.37;19.53;3.0;1.0;0;1.0;0;0;1.0;0;0;1.0;0;0;1.0;1.0;0;0;0;0;0
151820;1.02;1.00;45.0;2753.0;23.25;55.5;9.75;0;14.55;14.39;124.42;136.08;2.31;191613.0;45.0;45.0;95.0;4520.0;998.52;39.06;3.0;1.0;0;1.0;0;0;1.0;0;0;1.0;0;0;1.0;1.0;0;0;0;0;0
152369;1.07;1.00;45.0;2728.0;23.25;55.5;9.75;0;14.56;14.29;215.10;213.77;2.58;191613.0;44.0;45.0;95.0;4507.0;998.68;39.06;3.0;1.0;0;1.0;0;0;1.0;0;0;1.0;0;0;1.0;1.0;0;0;0;0;0
152940;1.04;1.00;43.0;2697.0;23.25;55.5;9.75;0;14.55;14.39;264.37;235.29;2.31;191613.0;44.0;44.0;95.0;4510.0;998.76;58.59;3.0;1.0;0;1.0;0;0;1.0;0;0;1.0;0;0;1.0;1.0;0;0;0;0;0
153476;1.05;1.00;43.0;2677.0;23.25;55.5;9.0;0;14.61;14.39;284.12;240.64;2.31;191613.0;44.0;44.0;95.0;4507.0;998.80;58.59;3.0;1.0;0;1.0;0;0;1.0;0;0;1.0;0;0;1.0;1.0;0;0;0;0;0
153985;1.06;1.00;42.0;2615.0;23.25;55.5;9.0;0;14.53;14.39;323.06;288.45;2.31;191613.0;43.0;43.0;95.0;4520.0;998.84;58.59;3.0;1.0;0;1.0;0;0;1.0;0;0;1.0;0;0;1.0;1.0;0;0;0;0;0
154538;1.07;1.00;42.0;2612.0;23.25;55.5;9.0;0;14.55;14.39;317.22;314.06;2.31;191613.0;43.0;42.0;95.0;4515.0;998.87;78.12;3.0;1.0;0;1.0;0;0;1.0;0;0;1.0;0;0;1.0;1.0;0;0;0;0;0
155046;1.08;1.00;42.0;2599.0;23.25;55.5;9.0;0;14.56;14.39;321.07;325.13;2.31;191613.0;42.0;42.0;95.0;4517.0;998.87;78.12;3.0;1.0;0;1.0;0;0;1.0;0;0;1.0;0;0;1.0;1.0;0;0;0;0;0
155643;1.08;1.00;41.0;2568.0;23.25;55.5;9.0;0;14.61;14.11;338.88;330.91;2.58;191613.0;42.0;42.0;95.0;4524.0;998.87;78.12;3.0;1.0;0;1.0;0;0;1.0;0;0;1.0;0;0;1.0;1.0;0;0;0;0;0
156542;1.15;1.00;40.0;2450.0;23.25;56.25;6.0;0;14.26;14.39;322.36;303.71;2.31;191613.0;40.0;40.0;101.0;4551.0;998.91;78.12;3.0;1.0;0;1.0;0;0;1.0;0;0;1.0;0;0;1.0;1.0;0;0;0;0;0
157076;1.25;1.00;36.0;2164.0;23.25;56.25;6.0;0;14.29;14.29;236.50;250.96;2.58;191613.0;36.0;34.0;102.0;4523.0;998.91;78.12;2.0;1.0;0;1.0;0;0;1.0;0;0;1.0;0;0;1.0;1.0;0;0;0;0;0
157588;1.06;1.00;33.0;2622.0;23.25;56.25;9.0;0;14.48;14.20;262.22;274.08;2.58;191613.0;33.0;33.0;94.0;4484.0;998.91;97.65;2.0;1.0;0;1.0;0;0;1.0;0;0;1.0;0;0;1.0;1.0;0;0;0;0;0
158099;1.16;1.00;31.0;2437.0;23.25;56.25;6.75;0;14.56;13.92;285.74;310.54;2.82;191613.0;31.0;31.0;102.0;4555.0;998.99;78.12;2.0;1.0;0;1.0;0;0;1.0;0;0;1.0;0;0;1.0;1.0;0;0;0;0;0
158659;1.21;1.00;28.0;2276.0;24.0;56.25;6.75;0;14.51;14.39;306.24;292.09;2.31;191613.0;29.0;29.0;101.0;4504.0;999.11;78.12;2.0;1.0;0;1.0;0;0;1.0;0;0;1.0;0;0;1.0;1.0;0;0;0;0;0
159151;2.18;1.01;28.0;2243.0;24.0;56.25;15.75;2.74;14.52;14.29;226.80;249.82;2.58;191613.0;28.0;28.0;94.0;4498.0;999.19;97.65;2.0;1.0;0;1.0;0;0;1.0;0;0;1.0;0;0;1.0;1.0;0;0;0;0;0
159663;2.27;1.03;28.0;2223.0;24.0;56.25;15.75;3.13;15.25;14.11;261.81;239.61;2.58;191613.0;29.0;29.0;94.0;4497.0;999.38;156.24;2.0;1.0;0;1.0;0;0;1.0;0;0;1.0;0;0;1.0;1.0;0;0;0;0;0
160160;2.21;1.03;28.0;2281.0;24.0;57.0;16.5;3.13;14.86;14.20;307.32;257.09;2.58;191613.0;29.0;29.0;93.0;4501.0;999.54;878.89;2.0;1.0;0;1.0;0;0;1.0;0;0;1.0;0;0;1.0;1.0;0;0;0;0;0
160989;2.23;1.01;28.0;2277.0;24.0;57.0;15.75;3.13;15.11;14.11;181.41;159.98;2.58;191613.0;29.0;29.0;93.0;4510.0;999.73;859.36;2.0;1.0;0;1.0;0;0;1.0;0;0;1.0;0;0;1.0;1.0;0;0;0;0;0
161573;2.13;0.98;30.0;2288.0;24.0;57.0;16.5;3.13;15.21;14.20;80.28;65.24;2.58;191613.0;30.0;30.0;93.0;4517.0;999.93;859.36;2.0;1.0;0;1.0;0;0;1.0;0;0;1.0;0;0;1.0;1.0;0;0;0;0;0
162102;4.16;0.99;30.0;2408.0;24.0;57.0;17.25;8.62;23.30;14.39;49.91;40.68;2.31;191613.0;30.0;31.0;93.0;4437.0;1000.01;878.89;2.0;1.0;0;1.0;0;0;1.0;0;0;1.0;0;0;1.0;1.0;0;0;0;0;0
162679;3.68;0.97;33.0;2626.0;24.0;57.0;19.5;11.76;26.90;14.29;25.07;25.97;2.58;191613.0;33.0;34.0;93.0;4460.0;1000.05;820.30;2.0;1.0;0;1.0;0;0;1.0;0;0;1.0;0;0;1.0;1.0;0;0;0;0;0
163262;3.95;0.98;38.0;3032.0;24.0;57.0;21.0;15.68;30.00;14.39;14.56;15.40;2.31;191613.0;38.0;39.0;93.0;4534.0;1000.09;449.21;2.0;1.0;0;1.0;0;0;1.0;0;0;1.0;0;0;1.0;1.0;0;0;0;0;0
163860;3.91;1.01;42.0;3367.0;24.0;57.0;24.0;15.68;29.44;14.39;6.48;6.50;2.31;191613.0;42.0;43.0;93.0;4528.0;1000.12;820.30;2.0;1.0;0;1.0;0;0;1.0;0;0;1.0;0;0;1.0;1.0;0;0;0;0;0
164504;0.48;1.00;46.0;3280.0;24.0;57.0;-30.0;0;0;14.39;3.71;2.53;2.31;191613.0;46.0;46.0;93.0;4496.0;1000.12;859.36;2.0;1.0;0;1.0;0;0;1.0;0;0;1.0;0;0;1.0;1.0;0;0;0;0;0
165062;2.95;0.99;46.0;2913.0;24.0;57.75;25.5;7.05;21.76;14.39;1.42;2.30;2.31;191613.0;46.0;47.0;92.0;4196.0;1000.16;820.30;3.0;1.0;0;1.0;0;0;1.0;0;0;1.0;0;0;1.0;1.0;0;0;0;0;0
165816;2.27;0.98;47.0;2896.0;24.0;57.75;26.25;4.70;16.87;14.39;0.66;1.11;2.31;191613.0;47.0;48.0;92.0;4349.0;1000.16;839.83;3.0;1.0;0;1.0;0;0;1.0;0;0;1.0;0;0;1.0;1.0;0;0;0;0;0
166409;2.13;0.93;50.0;3036.0;24.0;57.75;27.0;5.09;17.19;14.29;0.07;0.23;2.58;191613.0;46.0;50.0;92.0;4490.0;1000.16;800.77;3.0;1.0;0;1.0;0;0;1.0;0;0;1.0;0;0;1.0;1.0;0;0;0;0;0
166932;2.17;0.90;50.0;3048.0;24.0;57.75;27.75;5.49;18.19;14.48;0;0;2.31;191613.0;51.0;50.0;92.0;4548.0;1000.16;800.77;3.0;1.0;0;1.0;0;0;1.0;0;0;1.0;0;0;1.0;1.0;0;0;0;0;0
167477;1.16;0.99;47.0;2888.0;24.0;57.75;26.25;1.17;8.67;14.29;0;2.20;2.58;191613.0;47.0;48.0;92.0;4511.0;1000.16;820.30;3.0;1.0;0;1.0;0;0;1.0;0;0;1.0;0;0;1.0;1.0;0;0;0;0;0
167980;1.36;0.97;46.0;2857.0;24.0;57.75;24.75;1.56;10.09;14.39;0;1.01;2.31;191613.0;47.0;47.0;92.0;4499.0;1000.16;800.77;3.0;1.0;0;1.0;0;0;1.0;0;0;1.0;0;0;1.0;1.0;0;0;0;0;0
168475;1.30;0.96;46.0;2795.0;24.0;58.5;24.75;1.96;10.03;14.39;2.34;2.83;2.31;191613.0;45.0;46.0;91.0;4511.0;1000.16;800.77;3.0;1.0;0;1.0;0;0;1.0;0;0;1.0;0;0;1.0;1.0;0;0;0;0;0
169042;1.29;0.94;45.0;2778.0;24.0;58.5;24.75;1.56;10.08;14.20;123.41;125.16;2.58;191613.0;45.0;45.0;91.0;4528.0;1000.16;781.24;3.0;1.0;0;1.0;0;0;1.0;0;0;1.0;0;0;1.0;1.0;0;0;0;0;0
169552;1.33;0.92;43.0;2706.0;24.0;58.5;22.5;1.56;10.51;14.48;185.51;235.00;2.31;191613.0;44.0;44.0;91.0;4513.0;1000.16;742.17;3.0;1.0;0;1.0;0;0;1.0;0;0;1.0;0;0;1.0;1.0;0;0;0;0;0
170107;1.29;0.91;42.0;2633.0;24.0;58.5;21.75;1.96;10.38;14.39;264.63;267.67;2.31;191613.0;42.0;43.0;91.0;4527.0;1000.16;585.93;3.0;1.0;0;1.0;0;0;1.0;0;0;1.0;0;0;1.0;1.0;0;0;0;0;0
170610;1.35;0.89;41.0;2555.0;24.0;58.5;20.25;1.96;10.87;14.48;308.41;323.67;2.31;191613.0;42.0;42.0;91.0;4522.0;1000.16;214.84;3.0;1.0;0;1.0;0;0;1.0;0;0;1.0;0;0;1.0;1.0;0;0;0;0;0
171436;1.72;0.90;40.0;2427.0;24.0;58.5;19.5;2.74;13.82;14.39;326.77;334.37;2.31;191613.0;40.0;40.0;91.0;4511.0;1000.16;0;3.0;1.0;0;1.0;0;0;1.0;0;0;1.0;0;0;1.0;1.0;0;0;0;0;0
171951;2.04;0.94;40.0;2470.0;24.0;58.5;18.75;3.52;15.73;14.39;293.71;350.99;2.31;191613.0;40.0;40.0;91.0;4500.0;1000.16;0;3.0;1.0;0;1.0;0;0;1.0;0;0;1.0;0;0;1.0;1.0;0;0;0;0;0
172548;2.15;0.96;40.0;2502.0;24.0;58.5;18.75;3.92;15.89;14.29;296.03;334.86;2.58;191613.0;39.0;40.0;91.0;4519.0;1000.16;39.06;3.0;1.0;0;1.0;0;0;1.0;0;0;1.0;0;0;1.0;1.0;0;0;0;0;0
173085;2.96;0.99;41.0;2531.0;24.0;59.25;20.25;7.05;21.67;14.39;281.44;244.24;2.31;191613.0;41.0;42.0;91.0;4473.0;1000.16;820.30;3.0;1.0;0;1.0;0;0;1.0;0;0;1.0;0;0;1.0;1.0;0;0;0;0;0
173597;2.81;0.96;42.0;2625.0;24.0;59.25;21.75;7.05;21.46;14.29;300.48;215.22;2.58;191613.0;42.0;43.0;91.0;4481.0;1000.16;761.70;3.0;1.0;0;1.0;0;0;1.0;0;0;1.0;0;0;1.0;1.0;0;0;0;0;0
174100;2.62;0.92;45.0;2751.0;24.0;59.25;24.0;6.66;21.32;14.29;308.74;156.88;2.58;191613.0;44.0;45.0;91.0;4519.0;1000.16;800.77;3.0;1.0;0;1.0;0;0;1.0;0;0;1.0;0;0;1.0;1.0;0;0;0;0;0
174622;2.43;0.89;46.0;2782.0;24.0;59.25;24.75;6.27;20.81;14.39;323.24;241.44;2.31;191613.0;45.0;46.0;91.0;4536.0;1000.16;761.70;3.0;1.0;0;1.0;0;0;1.0;0;0;1.0;0;0;1.0;1.0;0;0;0;0;0
175224;2.12;0.98;46.0;2843.0;24.0;59.25;25.5;4.31;16.30;14.29;350.91;264.10;2.58;191613.0;46.0;46.0;91.0;4516.0;1000.16;800.77;3.0;1.0;0;1.0;0;0;1.0;0;0;1.0;0;0;1.0;1.0;0;0;0;0;0
176068;2.00;0.95;46.0;2875.0;24.0;59.25;25.5;4.31;15.67;14.39;358.49;247.23;2.31;191613.0;46.0;47.0;91.0;4520.0;1000.16;781.24;3.0;1.0;0;1.0;0;0;1.0;0;0;1.0;0;0;0;1.0;0;0;0;0;0
176575;1.31;0.91;47.0;2831.0;24.0;60.0;26.25;1.96;11.03;14.29;338.51;312.69;2.58;191613.0;47.0;47.0;90.0;4533.0;1000.16;800.77;3.0;1.0;0;1.0;0;0;1.0;0;0;1.0;0;0;1.0;1.0;0;0;0;0;0
177649;1.07;0.90;46.0;2898.0;24.0;60.0;27.75;0.39;11.42;14.01;347.96;313.20;2.58;191613.0;47.0;47.0;90.0;4531.0;1000.16;781.24;3.0;1.0;0;1.0;0;0;1.0;0;0;1.0;0;0;1.0;1.0;0;0;0;0;0
178163;1.29;0.88;46.0;2743.0;24.0;60.0;24.75;1.56;10.21;14.29;333.33;327.01;2.58;191613.0;46.0;44.0;90.0;4501.0;1000.16;761.70;3.0;1.0;0;1.0;0;0;1.0;0;0;1.0;0;0;1.0;1.0;0;0;0;0;0
178661;1.15;0.87;45.0;2752.0;24.0;60.0;24.75;1.56;9.76;14.39;346.65;338.49;2.31;191613.0;44.0;45.0;90.0;4510.0;1000.16;742.17;3.0;1.0;0;1.0;0;0;1.0;0;0;1.0;0;0;1.0;1.0;0;0;0;0;0
179222;0.89;0.85;43.0;2710.0;24.0;60.0;24.0;0.39;7.86;14.11;340.77;341.38;2.58;191613.0;44.0;44.0;90.0;4511.0;1000.16;292.96;3.0;1.0;0;1.0;0;0;1.0;0;0;1.0;0;0;1.0;1.0;0;0;0;0;0
179779;1.03;1.00;42.0;2607.0;24.0;60.0;9.0;0;14.35;14.39;320.99;343.78;2.31;191613.0;42.0;42.0;90.0;4503.0;1000.16;0;3.0;1.0;0;1.0;0;0;1.0;0;0;1.0;0;0;1.0;1.0;0;0;0;0;0
180284;1.05;1.00;41.0;2509.0;24.0;60.0;9.0;0;14.28;14.39;303.78;309.70;2.31;191613.0;41.0;41.0;90.0;4536.0;1000.16;0;3.0;1.0;0;1.0;0;0;1.0;0;0;1.0;0;0;1.0;1.0;0;0;0;0;0
180794;4.11;1.00;38.0;2389.0;24.0;60.75;0.75;5.09;12.72;14.48;296.83;266.40;2.31;191613.0;39.0;39.0;89.0;4504.0;1000.16;839.83;3.0;1.0;0;1.0;0;0;1.0;0;0;1.0;0;0;1.0;1.0;0;0;0;0;0
181561;2.80;0.98;38.0;2512.0;24.0;60.75;6.0;5.88;15.91;14.29;193.21;154.03;2.58;191613.0;39.0;39.0;89.0;4499.0;1000.16;761.70;3.0;1.0;0;1.0;0;0;1.0;0;0;1.0;0;0;1.0;1.0;0;0;0;0;0
182102;2.38;0.95;41.0;2551.0;24.0;60.75;20.25;5.09;18.09;14.39;83.10;73.25;2.31;191613.0;41.0;42.0;89.0;4491.0;1000.16;78.12;3.0;1.0;0;1.0;0;0;1.0;0;0;1.0;0;0;1.0;1.0;0;0;0;0;0
182640;1.88;0.96;42.0;2570.0;24.0;60.75;21.0;3.52;16.78;14.39;52.49;40.95;2.31;191613.0;41.0;42.0;89.0;4540.0;1000.16;781.24;3.0;1.0;0;1.0;0;0;1.0;0;0;1.0;0;0;1.0;1.0;0;0;0;0;0
183148;1.82;0.98;42.0;2622.0;24.0;60.75;24.75;2.74;13.91;14.39;26.36;23.47;2.31;191613.0;42.0;42.0;89.0;4534.0;1000.16;800.77;3.0;1.0;0;1.0;0;0;1.0;0;0;1.0;0;0;1.0;1.0;0;0;0;0;0
183646;1.04;1.00;41.0;2434.0;24.0;60.75;8.25;0;14.20;14.29;17.69;17.30;2.58;191613.0;41.0;41.0;89.0;4534.0;1000.16;781.24;3.0;1.0;0;1.0;0;0;1.0;0;0;1.0;0;0;1.0;1.0;0;0;0;0;0
184163;1.12;1.00;38.0;2395.0;24.0;60.75;6.0;0;14.02;14.39;22.16;17.90;2.31;191613.0;39.0;39.0;99.0;4522.0;1000.16;742.17;3.0;1.0;0;1.0;0;0;1.0;0;0;1.0;0;0;1.0;1.0;0;0;0;0;0
184717;1.20;1.00;37.0;2315.0;24.0;60.75;6.75;0;13.90;14.48;57.82;86.71;2.31;191613.0;37.0;38.0;97.0;4527.0;1000.16;644.52;3.0;1.0;0;1.0;0;0;1.0;0;0;1.0;0;0;1.0;1.0;0;0;0;0;0
185257;1.27;1.00;36.0;2244.0;24.0;61.5;6.0;0;14.04;14.39;44.95;78.92;2.31;191613.0;37.0;36.0;97.0;4505.0;1000.16;0;3.0;1.0;0;1.0;0;0;1.0;0;0;1.0;0;0;1.0;1.0;0;0;0;0;0
185969;1.34;1.00;33.0;2082.0;24.0;61.5;6.0;0;14.05;14.29;31.99;53.74;2.58;191613.0;34.0;34.0;97.0;4535.0;1000.16;0;3.0;1.0;0;1.0;0;0;1.0;0;0;1.0;0;0;1.0;1.0;0;0;0;0;0
186604;1.60;1.00;28.0;1610.0;24.0;61.5;6.75;0;14.19;14.29;23.84;31.03;2.58;191613.0;28.0;28.0;98.0;4478.0;1000.16;0;3.0;1.0;0;1.0;0;0;1.0;0;0;1.0;0;0;1.0;1.0;0;0;0;0;0
187126;1.72;1.02;26.0;1520.0;24.0;61.5;6.0;0;13.89;14.48;16.42;24.35;2.31;191613.0;26.0;26.0;96.0;4499.0;1000.16;19.53;3.0;1.0;0;1.0;0;0;1.0;0;0;1.0;0;0;1.0;1.0;0;0;0;0;0
187710;1.91;1.03;23.0;1534.0;24.0;61.5;6.0;0;13.97;14.48;11.93;17.71;2.31;191613.0;24.0;24.0;96.0;4487.0;1000.16;39.06;3.0;1.0;0;1.0;0;0;1.0;0;0;1.0;0;0;1.0;1.0;0;0;0;0;0
188271;1.92;1.05;22.0;1462.0;24.0;61.5;6.0;0;13.89;14.29;8.20;13.35;2.58;191613.0;22.0;22.0;96.0;4501.0;1000.16;58.59;3.0;1.0;0;1.0;0;0;1.0;0;0;1.0;0;0;1.0;1.0;0;0;0;0;0
188817;2.02;1.07;22.0;1469.0;24.0;61.5;6.0;0;13.88;14.39;5.31;11.19;2.31;191613.0;22.0;22.0;95.0;4513.0;1000.16;781.24;3.0;1.0;0;1.0;0;0;1.0;0;0;1.0;0;0;1.0;1.0;0;0;0;0;0
189349;1.82;1.06;22.0;1449.0;24.0;62.25;6.0;0;13.91;14.29;9.72;14.02;2.58;191613.0;22.0;22.0;95.0;4511.0;1000.16;781.24;3.0;1.0;0;1.0;0;0;1.0;0;0;1.0;0;0;1.0;1.0;0;0;0;0;0
189889;1.92;1.04;22.0;1493.0;24.0;62.25;6.0;0;13.88;14.29;10.80;17.47;2.58;191613.0;22.0;22.0;96.0;4530.0;1000.16;78.12;3.0;1.0;0;1.0;1.0;0;1.0;0;0;1.0;0;0;1.0;1.0;0;0;0;0;0
190438;1.80;1.05;21.0;1530.0;24.0;62.25;6.0;0;13.90;14.29;14.04;18.39;2.58;191613.0;21.0;21.0;95.0;4525.0;1000.16;39.06;2.0;1.0;0;1.0;0;0;1.0;0;0;1.0;0;0;1.0;1.0;0;0;0;0;0
190952;2.52;0.99;21.0;1814.0;24.0;62.25;12.75;3.13;17.05;14.39;53.92;48.66;2.31;191613.0;21.0;21.0;87.0;4527.0;1000.16;839.83;2.0;1.0;0;1.0;0;0;1.0;0;0;1.0;0;0;1.0;1.0;0;0;0;0;0
191751;1.98;0.97;22.0;1732.0;24.0;62.25;11.25;1.96;14.28;14.29;94.34;87.76;2.58;191613.0;22.0;22.0;87.0;4520.0;1000.16;410.15;2.0;1.0;0;1.0;0;0;1.0;0;0;1.0;0;0;1.0;1.0;0;0;0;0;0
192331;1.96;0.99;22.0;1769.0;24.0;62.25;12.0;1.96;13.71;14.48;108.72;141.14;2.31;191613.0;22.0;23.0;87.0;4532.0;1000.16;39.06;2.0;1.0;0;1.0;0;0;1.0;0;0;1.0;0;0;1.0;1.0;0;0;0;0;0
192838;1.93;1.00;22.0;1779.0;24.0;62.25;12.0;1.56;13.40;14.39;176.10;185.82;2.31;191613.0;23.0;23.0;87.0;4499.0;1000.16;39.06;2.0;1.0;0;1.0;0;0;1.0;0;0;1.0;0;0;1.0;1.0;0;0;0;0;0
193355;1.86;1.02;22.0;1813.0;24.0;62.25;12.75;1.56;12.83;14.48;211.27;216.93;2.31;191613.0;23.0;23.0;87.0;4502.0;1000.16;58.59;2.0;1.0;0;1.0;0;0;1.0;0;0;1.0;0;0;1.0;1.0;0;0;0;0;0
193908;1.92;1.04;23.0;1853.0;24.0;62.25;12.75;1.56;13.03;14.39;223.18;249.24;2.31;191613.0;23.0;23.0;87.0;4517.0;1000.16;703.11;2.0;1.0;0;1.0;0;0;1.0;0;0;1.0;0;0;1.0;1.0;0;0;0;0;0
194470;2.21;1.03;23.0;1863.0;24.0;62.25;13.5;2.35;15.35;14.39;272.13;265.25;2.31;191613.0;24.0;24.0;87.0;4513.0;1000.16;722.64;2.0;1.0;0;1.0;0;0;1.0;0;0;1.0;0;0;1.0;1.0;0;0;0;0;0
195062;2.20;1.02;25.0;1971.0;24.0;63.0;15.0;2.74;15.26;14.39;232.30;236.82;2.31;191613.0;25.0;25.0;84.0;4511.0;1000.16;820.30;2.0;1.0;0;1.0;0;0;1.0;0;0;1.0;0;0;1.0;1.0;0;0;0;0;0
195570;2.13;1.01;26.0;2053.0;24.0;63.0;15.75;2.35;15.07;14.48;130.08;139.77;2.31;191613.0;26.0;26.0;84.0;4515.0;1000.16;820.30;2.0;1.0;0;1.0;0;0;1.0;0;0;1.0;0;0;1.0;1.0;0;0;0;0;0
196328;1.97;0.99;27.0;2110.0;24.0;63.0;16.5;2.35;15.00;14.48;85.28;86.94;2.31;191613.0;27.0;27.0;84.0;4515.0;1000.20;800.77;2.0;1.0;0;1.0;0;0;1.0;0;0;1.0;0;0;1.0;1.0;0;0;0;0;0
196896;1.65;0.97;27.0;2179.0;24.0;63.0;17.25;2.74;13.76;14.29;38.59;41.52;2.58;191613.0;28.0;28.0;84.0;4515.0;1000.20;664.05;2.0;1.0;0;1.0;0;0;1.0;0;0;1.0;0;0;0;1.0;0;0;0;0;0
197444;2.2;0.99;28.0;2235.0;24.0;63.0;18.75;3.52;16.37;14.39;25.27;25.74;2.31;191613.0;28.0;28.0;84.0;4497.0;1000.32;761.70;2.0;1.0;0;1.0;0;0;1.0;0;0;1.0;0;0;1.0;1.0;0;0;0;0;0
198035;2.58;0.98;30.0;2353.0;24.0;63.0;18.75;5.49;19.08;14.39;14.08;13.61;2.31;191613.0;30.0;30.0;84.0;4448.0;1000.28;800.77;2.0;1.0;0;1.0;0;0;1.0;0;0;1.0;0;0;1.0;1.0;0;0;0;0;0
198542;2.53;0.97;31.0;2474.0;24.0;63.0;21.0;5.49;19.46;14.29;7.40;7.16;2.58;191613.0;31.0;32.0;84.0;4487.0;1000.32;820.30;2.0;1.0;0;1.0;0;0;1.0;0;0;1.0;0;0;1.0;1.0;0;0;0;0;0
199105;2.32;0.94;32.0;2563.0;24.0;63.75;23.25;5.09;18.45;14.48;10.97;8.49;2.31;191613.0;33.0;33.0;82.0;4495.0;1000.28;781.24;2.0;1.0;0;1.0;0;0;1.0;0;0;1.0;0;0;1.0;1.0;0;0;0;0;0
199686;1.88;0.91;35.0;2696.0;24.0;63.75;25.5;3.92;16.03;14.39;161.29;131.51;2.31;191613.0;34.0;35.0;82.0;4533.0;1000.32;800.77;2.0;1.0;0;1.0;0;0;1.0;0;0;1.0;0;0;1.0;1.0;0;0;0;0;0
200231;1.35;0.89;35.0;2720.0;24.0;63.75;25.5;2.35;11.61;14.39;247.03;216.62;2.31;191613.0;35.0;35.0;82.0;4536.0;1000.28;820.30;2.0;1.0;0;1.0;0;0;1.0;0;0;1.0;0;0;1.0;1.0;0;0;0;0;0
200751;1.85;0.87;35.0;2758.0;24.0;63.75;26.25;4.31;16.16;14.39;277.71;258.38;2.31;191613.0;35.0;35.0;82.0;4491.0;1000.24;312.49;2.0;1.0;0;1.0;0;0;1.0;0;0;1.0;0;0;1.0;1.0;0;0;0;0;0
201581;2.05;0.88;36.0;2808.0;24.0;63.75;27.0;5.09;17.85;14.39;310.40;243.96;2.31;191613.0;36.0;36.0;82.0;4504.0;1000.44;78.12;2.0;1.0;0;1.0;0;0;1.0;0;0;1.0;0;0;1.0;1.0;0;0;0;0;0
202093;2.35;0.90;38.0;2997.0;24.0;63.75;29.25;6.66;20.49;14.39;257.42;227.46;2.31;191613.0;38.0;39.0;82.0;4507.0;1000.59;781.24;2.0;1.0;0;1.0;0;0;1.0;0;0;1.0;0;0;1.0;1.0;0;0;0;0;0
202677;0;1.00;41.0;3185.0;24.0;63.75;32.25;0;6.69;14.48;234.67;214.36;2.31;191613.0;41.0;41.0;82.0;4632.0;1000.71;566.39;2.0;1.0;0;1.0;0;0;1.0;0;0;1.0;0;0;1.0;1.0;0;0;0;0;0
203190;2.28;1.00;41.0;2458.0;24.0;63.75;21.75;3.92;16.98;14.39;235.88;200.20;2.31;191613.0;41.0;41.0;82.0;4208.0;1000.63;722.64;3.0;1.0;0;1.0;0;0;1.0;0;0;1.0;0;0;1.0;1.0;0;0;0;0;0
203703;2.31;0.98;41.0;2524.0;24.0;63.75;22.5;4.31;17.16;14.48;210.22;200.12;2.31;191613.0;41.0;41.0;82.0;4236.0;1000.63;742.17;3.0;1.0;0;1.0;0;0;1.0;0;0;1.0;0;0;1.0;1.0;0;0;0;0;0
204215;1.88;0.96;41.0;2549.0;24.0;63.75;22.5;3.13;14.38;14.29;255.31;246.91;2.58;191613.0;41.0;42.0;82.0;4370.0;1000.67;781.24;3.0;1.0;0;1.0;0;0;1.0;0;0;1.0;0;0;1.0;1.0;0;0;0;0;0
204710;1.75;0.94;41.0;2541.0;24.0;64.5;22.5;2.74;13.73;14.39;301.01;285.84;2.31;191613.0;41.0;42.0;79.0;4480.0;1000.67;800.77;3.0;1.0;0;1.0;0;0;1.0;0;0;1.0;0;0;1.0;1.0;0;0;0;0;0
205223;1.54;0.92;41.0;2582.0;24.0;64.5;24.0;2.74;12.85;14.29;329.33;299.70;2.58;191613.0;41.0;42.0;79.0;4503.0;1000.59;781.24;3.0;1.0;0;1.0;0;0;1.0;0;0;1.0;0;0;1.0;1.0;0;0;0;0;0
205765;1.56;0.90;41.0;2515.0;24.0;64.5;22.5;2.35;12.95;14.48;322.86;315.35;2.31;191613.0;41.0;42.0;79.0;4500.0;1000.55;761.70;3.0;1.0;0;1.0;0;0;1.0;0;0;1.0;0;0;1.0;1.0;0;0;0;0;0
206609;1.55;0.88;41.0;2474.0;24.0;64.5;22.5;2.35;13.31;14.39;343.47;339.62;2.31;191613.0;41.0;41.0;79.0;4523.0;1000.55;722.64;3.0;1.0;0;1.0;0;0;1.0;0;0;1.0;0;0;1.0;1.0;0;0;0;0;0
207119;1.59;0.86;38.0;2460.0;24.0;64.5;21.75;2.74;13.80;14.39;284.74;347.06;2.31;191613.0;39.0;39.0;79.0;4524.0;1000.67;0;3.0;1.0;0;1.0;0;0;1.0;0;0;1.0;0;0;1.0;1.0;0;0;0;0;0
207679;1.74;0.88;38.0;2430.0;24.0;64.5;21.0;3.13;14.84;14.29;319.43;252.81;2.58;191613.0;39.0;39.0;79.0;4517.0;1000.55;0;3.0;1.0;0;1.0;0;0;1.0;0;0;1.0;0;0;1.0;1.0;0;0;0;0;0
208188;3.74;1.00;38.0;2422.0;24.0;64.5;21.0;8.62;25.04;14.29;338.80;235.64;2.58;191613.0;39.0;39.0;79.0;4459.0;1000.44;820.30;3.0;1.0;0;1.0;0;0;1.0;0;0;1.0;0;0;1.0;1.0;0;0;0;0;0
208691;2.74;0.97;40.0;2441.0;24.0;64.5;21.75;6.27;21.26;14.39;349.72;204.14;2.31;191613.0;39.0;40.0;79.0;4492.0;1000.52;781.24;3.0;1.0;0;1.0;0;0;1.0;0;0;1.0;0;0;1.0;1.0;0;0;0;0;0
209238;2.11;0.95;40.0;2448.0;24.0;65.25;22.5;4.31;17.24;14.29;243.42;172.93;2.58;191613.0;39.0;40.0;76.0;4544.0;1000.63;781.24;3.0;1.0;0;1.0;0;0;1.0;0;0;1.0;0;0;1.0;1.0;0;0;0;0;0
209756;1.49;0.93;38.0;2395.0;24.0;65.25;21.75;1.96;12.53;14.29;150.42;91.83;2.58;191613.0;39.0;39.0;76.0;4539.0;1000.48;800.77;3.0;1.0;0;1.0;0;0;1.0;0;0;1.0;0;0;1.0;1.0;0;0;0;0;0
210270;1.47;0.91;37.0;2316.0;24.0;65.25;20.25;1.96;12.24;14.29;88.76;54.15;2.58;191613.0;37.0;37.0;76.0;4526.0;1000.55;781.24;3.0;1.0;0;1.0;0;0;1.0;0;0;1.0;0;0;1.0;1.0;0;0;0;0;0
210783;1.50;0.89;36.0;2191.0;24.0;65.25;18.0;1.96;12.63;14.39;55.19;33.70;2.31;191613.0;35.0;36.0;76.0;4523.0;1000.52;722.64;3.0;1.0;0;1.0;0;0;1.0;0;0;1.0;0;0;1.0;1.0;0;0;0;0;0
211683;1.59;0.89;33.0;2140.0;24.0;65.25;18.0;1.96;13.28;14.39;34.29;22.94;2.31;191613.0;34.0;34.0;76.0;4511.0;1000.44;0;3.0;1.0;0;1.0;0;0;1.0;0;0;1.0;0;0;1.0;1.0;0;0;0;0;0
212330;1.57;0.99;31.0;1545.0;24.0;65.25;8.25;0;13.81;14.39;18.70;15.87;2.31;191613.0;31.0;32.0;79.0;4506.0;1000.32;781.24;3.0;1.0;0;1.0;1.0;0;1.0;0;0;1.0;0;0;1.0;1.0;0;0;1.0;0;0
212869;1.63;0.97;27.0;1439.0;24.0;65.25;9.0;0;14.02;14.29;32.43;17.85;2.58;191613.0;27.0;27.0;79.0;4516.0;1000.28;722.64;3.0;1.0;0;1.0;1.0;0;1.0;0;0;1.0;0;0;1.0;1.0;0;0;1.0;0;0
213387;1.54;0.96;23.0;1439.0;24.0;65.25;9.0;0;13.94;14.48;62.88;33.27;2.31;191613.0;24.0;24.0;78.0;4500.0;1000.24;0;2.0;1.0;0;1.0;1.0;0;1.0;0;0;1.0;0;0;1.0;1.0;0;0;1.0;0;0
213887;1.64;0.98;20.0;1432.0;24.0;65.25;9.0;0;13.96;14.29;61.83;64.42;2.58;191613.0;21.0;21.0;77.0;4506.0;1000.24;0;0;1.0;0;1.0;0;0;1.0;0;0;1.0;0;0;1.0;1.0;0;0;1.0;0;0
214411;1.61;1.00;17.0;1407.0;24.0;65.25;8.25;0;13.59;14.29;52.80;50.81;2.58;191613.0;17.0;17.0;78.0;4508.0;1000.24;19.53;0;1.0;0;1.0;0;0;1.0;0;0;1.0;0;0;1.0;1.0;0;0;1.0;0;0
214988;1.71;1.02;13.0;1407.0;24.0;65.25;8.25;0;13.64;14.39;47.32;73.47;2.31;191613.0;14.0;14.0;78.0;4507.0;1000.20;19.53;0;1.0;0;1.0;0;0;1.0;0;0;1.0;0;0;1.0;1.0;0;0;1.0;0;0
215512;1.60;1.03;8.0;1440.0;24.0;65.25;9.0;0;14.00;14.39;45.70;103.41;2.31;191613.0;8.0;8.0;78.0;4509.0;1000.20;39.06;0;1.0;0;1.0;0;0;1.0;0;0;1.0;0;0;1.0;1.0;0;0;1.0;0;0
216112;1.71;1.05;0;1335.0;24.0;66.0;9.0;0;13.65;14.48;41.36;124.44;2.31;191613.0;0;0;72.0;4491.0;1000.20;39.06;0;1.0;0;1.0;0;0;1.0;0;0;1.0;0;0;1.0;1.0;0;0;1.0;0;0
216876;1.77;1.08;0;1341.0;24.0;66.0;9.0;0;13.50;14.39;39.45;128.05;2.31;191613.0;0;0;70.0;4513.0;1000.20;410.15;0;1.0;0;1.0;0;0;1.0;0;0;1.0;0;0;1.0;1.0;0;0;1.0;0;0
217395;1.67;1.06;0;1346.0;24.0;66.0;9.0;0;13.43;14.48;60.40;104.13;2.31;191613.0;0;0;68.0;4514.0;1000.20;781.24;0;1.0;0;1.0;0;0;1.0;0;0;1.0;0;0;1.0;1.0;0;0;1.0;0;0
217896;1.61;1.04;0;1360.0;24.0;66.0;8.25;0;13.00;14.29;50.48;88.17;2.58;191613.0;0;0;68.0;4507.0;1000.20;703.11;0;1.0;0;1.0;0;0;1.0;0;0;1.0;0;0;1.0;1.0;0;0;1.0;0;0
218465;1.67;1.02;0;1331.0;24.0;66.0;9.75;0;13.54;14.29;45.32;71.61;2.58;191613.0;0;0;69.0;4519.0;1000.20;507.80;0;1.0;0;1.0;0;0;1.0;0;0;1.0;0;0;1.0;1.0;0;0;1.0;0;0
219011;1.66;1.04;0;1308.0;24.0;66.0;11.25;0;13.88;14.39;31.28;52.14;2.31;191613.0;0;0;69.0;4511.0;1000.20;19.53;0;1.0;0;1.0;0;0;1.0;0;0;1.0;0;0;1.0;1.0;0;0;1.0;0;0
219529;1.64;1.06;0;1341.0;24.0;66.0;9.0;0;13.39;14.39;28.98;43.33;2.31;191613.0;0;0;68.0;4510.0;1000.20;19.53;0;1.0;0;1.0;0;0;1.0;0;0;1.0;0;0;1.0;1.0;0;0;1.0;0;0
220026;1.80;1.07;0;1303.0;24.0;66.75;11.25;0;13.88;14.20;21.07;33.25;2.58;191613.0;0;0;67.0;4514.0;1000.20;703.11;0;1.0;0;1.0;0;0;1.0;0;0;1.0;0;0;1.0;1.0;0;0;1.0;0;0
220547;1.60;1.06;0;1314.0;24.0;66.75;11.25;0;13.74;14.48;22.04;26.54;2.31;191613.0;0;0;64.0;4506.0;1000.20;781.24;0;1.0;0;1.0;0;0;1.0;0;0;1.0;0;0;1.0;1.0;0;0;1.0;0;0
221364;1.58;1.04;0;1336.0;24.0;66.75;11.25;0;13.62;14.29;16.03;24.15;2.58;191613.0;0;0;64.0;4510.0;1000.20;97.65;0;1.0;0;1.0;0;0;1.0;0;0;1.0;0;0;1.0;1.0;0;0;1.0;0;0
221892;1.61;1.05;0;1314.0;24.0;66.75;12.0;0;13.96;14.48;16.83;30.87;2.31;191613.0;0;0;65.0;4508.0;1000.20;97.65;0;1.0;0;1.0;0;0;1.0;0;0;1.0;0;0;1.0;1.0;0;0;1.0;0;0
222434;1.65;1.06;0;1327.0;24.0;66.75;11.25;0;13.65;14.29;15.01;22.45;2.58;191613.0;0;0;64.0;4496.0;1000.20;742.17;0;1.0;0;1.0;0;0;1.0;0;0;1.0;0;0;1.0;1.0;0;0;1.0;0;0
222948;1.64;1.05;0;1350.0;24.0;66.75;10.5;0;13.52;14.20;44.21;20.77;2.58;191613.0;0;0;66.0;4518.0;1000.20;781.24;0;1.0;0;1.0;0;0;1.0;0;0;1.0;0;0;1.0;1.0;0;0;1.0;0;0
223457;1.72;1.04;0;1308.0;24.0;66.75;12.0;0;14.08;14.39;78.47;26.30;2.31;191613.0;0;0;66.0;4507.0;1000.20;664.05;0;1.0;0;1.0;0;0;1.0;0;0;1.0;0;0;1.0;1.0;0;0;1.0;0;0
224022;1.64;1.04;0;1311.0;24.0;66.75;12.0;0;14.05;14.29;75.46;27.04;2.58;191613.0;0;0;67.0;4522.0;1000.20;39.06;0;1.0;0;1.0;0;0;1.0;0;0;1.0;0;0;1.0;1.0;0;0;1.0;0;0
224580;1.65;1.04;0;1327.0;24.0;66.75;11.25;0;13.73;14.29;52.10;46.91;2.58;191613.0;0;0;66.0;4519.0;1000.20;703.11;0;1.0;0;1.0;0;0;1.0;0;0;1.0;0;0;1.0;1.0;0;0;1.0;0;0
225196;1.69;1.03;0;1329.0;24.0;66.75;11.25;0;13.69;14.48;42.24;48.49;2.31;191613.0;0;0;64.0;4507.0;1000.20;761.70;0;1.0;0;1.0;0;0;1.0;0;0;1.0;0;0;1.0;1.0;0;0;1.0;0;0
225719;1.67;1.01;0;1311.0;24.0;66.75;12.0;0;13.97;14.11;29.17;35.38;2.58;191613.0;0;0;64.0;4532.0;1000.20;351.55;0;1.0;0;1.0;0;0;1.0;0;0;1.0;0;0;1.0;1.0;0;0;1.0;0;0
226563;1.6;1.02;0;1303.0;24.0;66.75;12.0;0;14.01;14.48;21.85;25.74;2.31;191613.0;0;0;64.0;4511.0;1000.20;156.24;0;1.0;0;1.0;0;0;1.0;0;0;1.0;0;0;1.0;1.0;0;0;1.0;0;0
227079;1.67;1.02;0;1346.0;24.0;66.75;10.5;0;13.54;14.29;16.62;30.31;2.58;191613.0;0;0;66.0;4504.0;1000.20;19.53;0;1.0;0;1.0;0;0;1.0;0;0;1.0;0;0;1.0;1.0;0;0;1.0;0;0
227683;1.66;1.04;0;1356.0;24.0;66.75;9.75;0;13.37;14.29;39.29;26.05;2.58;191613.0;0;0;65.0;4518.0;1000.20;546.86;0;1.0;0;1.0;0;0;1.0;0;0;1.0;0;0;1.0;1.0;0;0;1.0;0;0
228234;1.63;1.03;0;1326.0;24.0;66.75;11.25;0;13.73;14.39;43.16;25.17;2.31;191613.0;0;0;66.0;4508.0;1000.20;605.46;0;1.0;0;1.0;0;0;1.0;0;0;1.0;0;0;1.0;1.0;0;0;1.0;0;0
228739;1.61;1.03;0;1328.0;24.0;66.75;11.25;0;13.77;14.39;49.23;30.03;2.31;191613.0;0;0;67.0;4522.0;1000.20;39.06;0;1.0;0;1.0;0;0;1.0;0;0;1.0;0;0;1.0;1.0;0;0;1.0;0;0
229241;1.64;1.05;0;1329.0;24.0;66.75;11.25;0;13.75;14.39;63.39;100.11;2.31;191613.0;0;0;66.0;4520.0;1000.20;39.06;0;1.0;0;1.0;0;0;1.0;0;0;1.0;0;0;1.0;1.0;0;0;1.0;0;0
229766;1.67;1.07;0;1331.0;24.0;66.75;11.25;0;13.78;14.39;125.73;126.74;2.31;191613.0;0;0;66.0;4513.0;1000.20;644.52;0;1.0;0;1.0;0;0;1.0;0;0;1.0;0;0;1.0;1.0;0;0;1.0;0;0
230273;1.63;1.05;0;1306.0;24.0;67.5;12.0;0;14.10;14.11;154.15;148.64;2.58;191613.0;0;0;64.0;4502.0;1000.20;761.70;0;1.0;0;1.0;0;0;1.0;0;0;1.0;0;0;1.0;1.0;0;0;1.0;0;0
230818;1.63;1.05;0;1320.0;24.0;67.5;12.0;0;13.99;14.29;150.75;124.30;2.58;191613.0;0;0;63.0;4501.0;1000.20;117.18;0;1.0;0;1.0;0;0;1.0;0;0;1.0;0;0;1.0;1.0;0;0;1.0;0;0
231699;1.68;1.05;0;1325.0;24.0;67.5;12.0;0;13.91;14.39;194.96;108.93;2.31;191613.0;0;0;62.0;4514.0;1000.20;800.77;0;1.0;0;1.0;0;0;1.0;0;0;1.0;0;0;1.0;1.0;0;0;1.0;0;0
232291;1.54;1.02;0;1320.0;24.0;67.5;12.75;0;14.02;14.48;182.99;114.83;2.31;191613.0;0;0;62.0;4505.0;1000.20;546.86;0;1.0;0;1.0;0;0;1.0;0;0;1.0;0;0;1.0;1.0;0;0;1.0;0;0
232829;1.55;1.02;0;1341.0;24.0;67.5;12.0;0;13.94;14.48;140.75;136.31;2.31;191613.0;0;0;63.0;4494.0;1000.20;39.06;0;1.0;0;1.0;0;0;1.0;0;0;1.0;0;0;1.0;1.0;0;0;1.0;0;0
233343;1.57;1.04;0;1314.0;24.0;67.5;12.75;0;14.11;14.39;123.23;121.84;2.31;191613.0;0;0;64.0;4513.0;1000.20;58.59;0;1.0;0;1.0;0;0;1.0;0;0;1.0;0;0;1.0;1.0;0;0;1.0;0;0
233910;1.55;1.05;0;1357.0;24.0;67.5;11.25;0;13.60;14.39;131.84;118.15;2.31;191613.0;0;0;62.0;4510.0;1000.20;527.33;0;1.0;0;1.0;0;0;1.0;0;0;1.0;0;0;1.0;1.0;0;0;1.0;0;0
234425;1.58;1.04;0;1326.0;24.0;67.5;12.0;0;13.90;14.39;167.97;173.52;2.31;191613.0;0;0;63.0;4511.0;1000.20;742.17;0;1.0;0;1.0;0;0;1.0;0;0;1.0;0;0;1.0;1.0;0;0;1.0;0;0
234976;1.56;1.03;0;1359.0;24.0;67.5;11.25;0;13.54;14.20;221.48;197.81;2.58;191613.0;0;0;63.0;4505.0;1000.20;820.30;0;1.0;0;1.0;0;0;1.0;0;0;1.0;0;0;1.0;1.0;0;0;1.0;0;0
235473;1.51;1.01;0;1343.0;24.0;67.5;12.0;0;13.87;14.39;242.36;173.48;2.31;191613.0;0;0;62.0;4519.0;1000.20;722.64;0;1.0;0;1.0;0;0;1.0;0;0;1.0;0;0;1.0;1.0;0;0;1.0;0;0
236303;1.56;1.00;0;1264.0;24.0;67.5;15.0;0;14.47;14.39;270.86;207.46;2.31;191613.0;0;0;62.0;4502.0;1000.20;78.12;0;1.0;0;1.0;0;0;1.0;0;0;1.0;0;0;1.0;1.0;0;0;1.0;0;0
236838;1.63;1.02;0;1291.0;24.0;68.25;15.0;0;14.37;14.39;237.28;182.05;2.31;191613.0;0;0;62.0;4519.0;1000.20;39.06;0;1.0;0;1.0;0;0;1.0;0;0;1.0;0;0;1.0;1.0;0;0;1.0;0;0
237343;1.64;1.03;0;1311.0;24.0;68.25;13.5;0;14.08;14.48;202.97;153.34;2.31;191613.0;0;0;61.0;4511.0;1000.20;410.15;0;1.0;0;1.0;0;0;1.0;0;0;1.0;0;0;1.0;1.0;0;0;1.0;0;0
237902;1.54;1.02;0;1310.0;24.0;68.25;14.25;0;14.18;14.29;147.93;111.75;2.58;191613.0;0;0;61.0;4508.0;1000.20;761.70;0;1.0;0;1.0;0;0;1.0;0;0;1.0;0;0;1.0;1.0;0;0;1.0;0;0
238462;1.52;1.00;0;1348.0;24.0;68.25;12.0;0;13.68;14.39;102.27;81.42;2.31;191613.0;0;0;60.0;4520.0;1000.20;722.64;0;1.0;0;1.0;0;0;1.0;0;0;1.0;0;0;1.0;1.0;0;0;1.0;0;0
239052;1.58;1.01;0;1336.0;24.0;68.25;12.75;0;13.79;14.39;85.95;59.31;2.31;191613.0;0;0;60.0;4495.0;1000.20;273.43;0;1.0;0;1.0;0;0;1.0;0;0;1.0;0;0;1.0;1.0;0;0;1.0;0;0
239557;1.52;1.01;0;1316.0;24.0;68.25;13.5;0;13.97;14.20;66.40;49.84;2.58;191613.0;0;0;61.0;4513.0;1000.20;58.59;0;1.0;0;1.0;0;0;1.0;0;0;1.0;0;0;1.0;1.0;0;0;1.0;0;0
240074;1.60;1.03;0;1340.0;24.0;68.25;12.75;0;13.84;14.20;50.99;36.30;2.58;191613.0;0;0;61.0;4510.0;1000.20;39.06;0;1.0;0;1.0;0;0;1.0;0;0;1.0;0;0;1.0;1.0;0;0;1.0;0;0
240643;1.61;1.04;0;1342.0;24.0;68.25;12.0;0;13.69;14.29;37.12;29.37;2.58;191613.0;0;0;61.0;4532.0;1000.20;507.80;0;1.0;0;1.0;0;0;1.0;0;0;1.0;0;0;1.0;1.0;0;0;1.0;0;0
241181;1.55;1.04;0;1344.0;24.0;68.25;12.0;0;13.68;14.20;27.34;20.23;2.58;191613.0;0;0;61.0;4506.0;1000.20;761.70;0;1.0;0;1.0;0;0;1.0;0;0;1.0;0;0;1.0;1.0;0;0;1.0;0;0
242023;1.57;1.02;0;1321.0;24.0;68.25;13.5;0;13.99;14.48;20.95;14.70;2.31;191613.0;0;0;60.0;4491.0;1000.20;195.31;0;1.0;0;1.0;0;0;1.0;0;0;1.0;0;0;1.0;1.0;0;0;1.0;0;0
242589;1.54;1.03;0;1312.0;24.0;68.25;14.25;0;14.22;14.20;14.41;10.60;2.58;191613.0;0;0;61.0;4511.0;1000.20;58.59;0;1.0;0;1.0;0;0;1.0;0;0;1.0;0;0;1.0;1.0;0;0;1.0;0;0
243193;1.60;1.05;0;1324.0;24.0;68.25;13.5;0;14.07;14.29;10.46;8.10;2.58;191613.0;0;0;61.0;4513.0;1000.20;624.99;0;1.0;0;1.0;0;0;1.0;0;0;1.0;0;0;1.0;1.0;0;0;1.0;0;0
243766;1.49;1.04;0;1348.0;24.0;69.0;12.0;0;13.72;14.39;9.39;5.21;2.31;191613.0;0;0;62.0;4508.0;1000.20;781.24;0;1.0;0;1.0;0;0;1.0;0;0;1.0;0;0;1.0;1.0;0;0;1.0;0;0
244323;1.48;1.02;0;1335.0;24.0;69.0;13.5;0;13.96;14.39;10.91;5.97;2.31;191613.0;0;0;59.0;4501.0;1000.20;742.17;0;1.0;0;1.0;0;0;1.0;0;0;1.0;0;0;1.0;1.0;0;0;1.0;0;0
244815;1.52;1.01;0;1336.0;24.0;69.0;13.5;0;13.88;14.39;14.41;86.45;2.31;191613.0;0;0;59.0;4506.0;1000.20;117.18;0;1.0;0;1.0;0;0;1.0;0;0;1.0;0;0;1.0;1.0;0;0;1.0;0;0
245332;1.52;1.03;0;1318.0;24.0;69.0;15.0;0;14.12;14.29;88.09;162.05;2.58;191613.0;0;0;59.0;4515.0;1000.20;39.06;0;1.0;0;1.0;0;0;1.0;0;0;1.0;0;0;1.0;1.0;0;0;1.0;0;0
245842;1.58;1.04;0;1350.0;24.0;69.0;12.75;0;13.75;14.39;91.08;132.70;2.31;191613.0;0;0;60.0;4517.0;1000.20;644.52;0;1.0;0;1.0;0;0;1.0;0;0;1.0;0;0;1.0;1.0;0;0;1.0;0;0
246700;1.56;1.03;0;1334.0;24.0;69.0;13.5;0;13.88;14.39;118.95;125.57;2.31;191613.0;0;0;59.0;4516.0;1000.20;800.77;0;1.0;0;1.0;0;0;1.0;0;0;1.0;0;0;1.0;1.0;0;0;1.0;0;0
247226;1.48;1.00;0;1323.0;24.0;69.0;15.0;0;14.10;14.29;182.23;116.57;2.58;191613.0;0;0;59.0;4510.0;1000.20;371.08;0;1.0;0;1.0;0;0;1.0;0;0;1.0;0;0;1.0;1.0;0;0;1.0;0;0
247720;1.55;1.01;0;1354.0;24.0;69.0;12.75;0;13.70;14.39;213.11;174.18;2.31;191613.0;0;0;59.0;4524.0;1000.20;156.24;0;1.0;0;1.0;0;0;1.0;0;0;1.0;0;0;1.0;1.0;0;0;1.0;0;0
248231;1.48;1.02;0;1354.0;24.0;69.0;12.75;0;13.71;14.29;209.57;159.50;2.58;191613.0;0;0;60.0;4510.0;1000.20;117.18;0;1.0;0;1.0;0;0;1.0;0;0;1.0;0;0;1.0;1.0;0;0;1.0;0;0
248740;1.53;1.04;0;1344.0;24.0;69.0;13.5;0;13.88;14.39;160.53;130.32;2.31;191613.0;0;0;59.0;4523.0;1000.20;781.24;0;1.0;0;1.0;0;0;1.0;0;0;1.0;0;0;1.0;1.0;0;0;1.0;0;0
249249;1.59;1.02;0;1306.0;24.0;69.0;15.0;0;14.05;14.39;170.22;110.53;2.31;191613.0;0;0;58.0;4506.0;1000.20;820.30;0;1.0;0;1.0;0;0;1.0;0;0;1.0;0;0;1.0;1.0;0;0;1.0;0;0
249772;1.43;1.01;0;1352.0;24.0;69.0;13.5;0;13.75;14.20;124.03;134.24;2.58;191613.0;0;0;58.0;4510.0;1000.20;800.77;0;1.0;0;1.0;0;0;1.0;0;0;1.0;0;0;1.0;1.0;0;0;1.0;0;0
250272;1.50;0.99;0;1270.0;24.0;69.0;18.0;0;14.69;14.39;112.66;129.91;2.31;191613.0;0;0;59.0;4517.0;1000.20;253.90;0;1.0;0;1.0;0;0;1.0;0;0;1.0;0;0;1.0;1.0;0;0;1.0;0;0
250792;1.44;1.00;0;1363.0;24.0;69.0;12.0;0;13.55;14.29;94.32;147.76;2.58;191613.0;0;0;59.0;4508.0;1000.20;39.06;0;1.0;0;1.0;0;0;1.0;0;0;1.0;0;0;1.0;1.0;0;0;1.0;0;0
251640;1.53;1.02;0;1343.0;24.0;69.0;13.5;0;13.87;14.48;113.56;173.34;2.31;191613.0;0;0;59.0;4507.0;1000.20;78.12;0;1.0;0;1.0;0;0;1.0;0;0;1.0;0;0;1.0;1.0;0;0;1.0;0;0
252171;1.48;1.02;0;1355.0;24.0;69.0;12.75;0;13.69;14.29;167.89;245.88;2.58;191613.0;0;0;59.0;4511.0;1000.20;703.11;0;1.0;0;1.0;0;0;1.0;0;0;1.0;0;0;1.0;1.0;0;0;1.0;0;0
252692;1.48;1.01;0;1344.0;24.0;69.0;13.5;0;13.90;14.39;154.40;241.72;2.31;191613.0;0;0;60.0;4509.0;1000.20;97.65;0;1.0;0;1.0;0;0;1.0;0;0;1.0;0;0;1.0;1.0;0;0;1.0;0;0
253196;1.6;1.03;0;1327.0;24.0;69.0;14.25;0;14.10;14.39;143.58;183.19;2.31;191613.0;0;0;59.0;4516.0;1000.20;78.12;0;1.0;0;1.0;0;0;1.0;0;0;1.0;0;0;1.0;1.0;0;0;1.0;0;0
253758;1.51;1.03;0;1340.0;24.0;69.0;13.5;0;13.92;14.39;148.03;163.09;2.31;191613.0;0;0;60.0;4522.0;1000.20;761.70;0;1.0;0;1.0;0;0;1.0;0;0;1.0;0;0;1.0;1.0;0;0;1.0;0;0
254312;1.54;1.02;0;1314.0;24.0;69.0;15.0;0;14.15;14.20;107.90;125.30;2.58;191613.0;0;0;59.0;4522.0;1000.20;742.17;0;1.0;0;1.0;0;0;1.0;0;0;1.0;0;0;1.0;1.0;0;0;1.0;0;0
254841;1.57;1.01;0;1338.0;24.0;69.0;13.5;0;13.90;14.48;100.71;107.68;2.31;191613.0;0;0;59.0;4502.0;1000.20;605.46;0;1.0;0;1.0;0;0;1.0;0;0;1.0;0;0;1.0;1.0;0;0;1.0;0;0
255368;1.57;1.03;0;1351.0;24.0;69.0;12.75;0;14.05;14.29;73.37;99.42;2.58;191613.0;0;0;59.0;4514.0;1000.20;410.15;0;1.0;0;1.0;0;0;1.0;0;0;1.0;0;0;1.0;1.0;0;0;1.0;0;0
256083;1.51;1.02;0;1316.0;24.0;69.0;15.0;0;14.05;14.39;125.01;76.36;2.31;191613.0;0;0;58.0;4509.0;1000.20;800.77;0;1.0;0;1.0;0;0;1.0;0;0;1.0;0;0;1.0;1.0;0;0;1.0;0;0
256688;1.49;1.01;0;1317.0;24.0;69.0;15.0;0;14.06;14.39;187.85;91.75;2.31;191613.0;0;0;59.0;4516.0;1000.20;78.12;0;1.0;0;1.0;0;0;1.0;0;0;1.0;0;0;1.0;1.0;0;0;1.0;0;0
257195;1.49;1.03;0;1329.0;24.0;69.0;14.25;0;14.27;14.39;242.64;176.14;2.31;191613.0;0;0;59.0;4520.0;1000.20;195.31;0;1.0;0;1.0;0;0;1.0;0;0;1.0;0;0;1.0;1.0;0;0;1.0;0;0
257712;1.50;1.03;0;1375.0;24.0;69.0;12.0;0;13.52;14.39;275.91;219.98;2.31;191613.0;0;0;58.0;4523.0;1000.20;781.24;0;1.0;0;1.0;0;0;1.0;0;0;1.0;0;0;1.0;1.0;0;0;1.0;0;0
258272;1.50;1.01;0;1311.0;24.0;69.0;15.0;0;14.04;14.29;256.44;259.41;2.58;191613.0;0;0;58.0;4516.0;1000.20;761.70;0;1.0;0;1.0;0;0;1.0;0;0;1.0;0;0;1.0;1.0;0;0;1.0;0;0
258859;1.55;0.99;0;1330.0;24.0;69.0;14.25;0;13.95;14.29;293.08;283.98;2.58;191613.0;0;0;60.0;4520.0;1000.20;253.90;0;1.0;0;1.0;0;0;1.0;0;0;1.0;0;0;1.0;1.0;0;0;1.0;0;0
259372;1.47;1.01;0;1337.0;24.0;69.75;13.5;0;13.79;14.48;221.41;235.74;2.31;191613.0;0;0;58.0;4508.0;1000.20;332.02;0;1.0;0;1.0;0;0;1.0;0;0;1.0;0;0;1.0;1.0;0;0;1.0;0;0
259893;1.44;1.00;0;1337.0;24.0;69.75;14.25;0;13.81;14.20;167.68;201.45;2.58;191613.0;0;0;56.0;4521.0;1000.20;58.59;0;1.0;0;1.0;0;0;1.0;0;0;1.0;0;0;1.0;1.0;0;0;1.0;0;0
260432;1.51;1.01;0;1345.0;24.0;69.75;14.25;0;13.75;14.39;115.93;146.82;2.31;191613.0;0;0;56.0;4517.0;1000.20;195.31;0;1.0;0;1.0;0;0;1.0;0;0;1.0;0;0;1.0;1.0;0;0;1.0;0;0
260979;1.50;1.01;0;1341.0;24.0;69.75;14.25;0;14.27;14.39;89.05;106.98;2.31;191613.0;0;0;56.0;4517.0;1000.20;722.64;0;1.0;0;1.0;0;0;1.0;0;0;1.0;0;0;1.0;1.0;0;0;1.0;0;0
261621;1.44;1.00;0;1328.0;24.0;69.75;15.0;0;13.80;14.29;61.55;85.32;2.58;191613.0;0;0;56.0;4511.0;1000.20;722.64;0;1.0;0;1.0;0;0;1.0;0;0;1.0;0;0;1.0;1.0;0;0;1.0;0;0
262308;1.50;0.99;0;1314.0;24.0;69.75;16.5;0;14.15;14.29;43.49;55.91;2.58;191613.0;0;0;57.0;4523.0;1000.20;19.53;0;1.0;0;1.0;0;0;1.0;0;0;1.0;0;0;1.0;1.0;0;0;1.0;0;0
262920;1.41;1.00;0;1381.0;24.0;69.75;12.75;0;13.44;14.39;31.65;38.63;2.31;191613.0;0;0;57.0;4510.0;1000.20;175.77;0;1.0;0;1.0;0;0;1.0;0;0;1.0;0;0;1.0;1.0;0;0;1.0;0;0
263532;1.43;1.01;0;1314.0;24.0;69.75;16.5;0;14.15;14.48;24.82;28.10;2.31;191613.0;0;0;56.0;4513.0;1000.20;136.71;0;1.0;0;1.0;0;0;1.0;0;0;1.0;0;0;1.0;1.0;0;0;1.0;0;0
264081;1.52;1.02;0;1341.0;24.0;69.75;15.0;0;13.85;14.48;17.10;19.39;2.31;191613.0;0;0;56.0;4533.0;1000.20;117.18;0;1.0;0;1.0;0;0;1.0;0;0;1.0;0;0;1.0;1.0;0;0;1.0;0;0
264701;1.44;1.02;0;1358.0;24.0;69.75;13.5;0;13.55;14.39;12.42;15.07;2.31;191613.0;0;0;56.0;4509.0;1000.20;800.77;0;1.0;0;1.0;0;0;1.0;0;0;1.0;0;0;1.0;1.0;0;0;1.0;0;0
265252;1.47;1.00;0;1337.0;24.0;69.75;15.0;0;13.82;14.29;8.55;10.93;2.58;191613.0;0;0;56.0;4514.0;1000.20;742.17;0;1.0;0;1.0;0;0;1.0;0;0;1.0;0;0;1.0;1.0;0;0;1.0;0;0
265811;1.44;0.99;0;1287.0;24.0;69.75;18.0;0;14.49;14.39;6.50;7.92;2.31;191613.0;0;0;57.0;4503.0;1000.20;195.31;0;1.0;0;1.0;0;0;1.0;0;0;1.0;0;0;1.0;1.0;0;0;1.0;0;0
266647;1.41;1.00;0;1320.0;24.0;69.75;16.5;0;14.15;14.29;4.43;5.44;2.58;191613.0;0;0;57.0;4515.0;1000.20;78.12;0;1.0;0;1.0;0;0;1.0;0;0;1.0;0;0;1.0;1.0;0;0;1.0;0;0
267212;1.49;1.03;0;1303.0;24.0;69.75;17.25;0;14.34;14.29;2.53;4.92;2.58;191613.0;0;0;57.0;4518.0;1000.20;703.11;0;1.0;0;1.0;0;0;1.0;0;0;1.0;0;0;1.0;1.0;0;0;1.0;0;0
267715;1.50;1.02;0;1355.0;24.0;69.75;14.25;0;13.78;14.48;1.79;3.74;2.31;191613.0;0;0;56.0;4498.0;1000.20;761.70;0;1.0;0;1.0;0;0;1.0;0;0;1.0;0;0;1.0;1.0;0;0;1.0;0;0
268219;1.43;1.00;0;1306.0;24.0;70.5;16.5;0;14.15;14.29;3.69;2.69;2.58;191613.0;0;0;56.0;4534.0;1000.20;761.70;0;1.0;0;1.0;1.0;0;1.0;0;0;1.0;0;0;1.0;1.0;0;0;1.0;0;0
268865;1.43;0.98;0;1338.0;24.0;70.5;15.0;0;13.69;14.29;53.53;17.94;2.58;191613.0;0;0;55.0;4515.0;1000.20;332.02;1.0;1.0;0;1.0;0;0;1.0;0;0;1.0;0;0;1.0;1.0;0;0;0;0;0
269383;3.44;1.00;0;2455.0;24.75;70.5;23.25;8.23;23.99;14.39;142.02;112.60;2.31;191613.0;0;0;57.0;4450.0;1000.20;878.89;1.0;1.0;0;1.0;0;0;1.0;0;0;1.0;0;0;1.0;1.0;0;0;0;0;0
269893;3.73;0.98;0;2101.0;24.75;70.5;17.25;10.19;29.32;14.48;83.80;71.53;2.31;191613.0;0;0;57.0;4554.0;1000.20;742.17;1.0;1.0;0;1.0;0;0;1.0;0;0;1.0;0;0;1.0;1.0;0;0;0;0;0
270452;4.00;0.98;10.0;1750.0;24.75;70.5;11.25;10.58;32.80;14.20;54.89;49.41;2.58;191613.0;10.0;10.0;57.0;4544.0;1000.20;39.06;1.0;1.0;0;1.0;0;0;1.0;0;0;1.0;0;0;1.0;1.0;0;0;0;0;0
271022;3.88;1.00;16.0;1982.0;24.75;70.5;15.0;10.19;30.77;14.29;38.80;32.36;2.58;191613.0;16.0;17.0;57.0;4501.0;1000.20;683.58;1.0;1.0;0;1.0;0;0;1.0;0;0;1.0;0;0;1.0;1.0;0;0;0;0;0
271812;3.36;0.99;22.0;2494.0;24.75;70.5;24.75;10.19;26.72;14.29;21.65;18.04;2.58;191613.0;22.0;23.0;57.0;4450.0;1000.20;820.30;1.0;1.0;0;1.0;0;0;1.0;0;0;1.0;0;0;1.0;1.0;0;0;0;0;0
272400;2.77;0.93;28.0;3131.0;24.75;70.5;33.0;9.41;24.49;14.39;8.28;6.50;2.31;191613.0;28.0;28.0;57.0;4523.0;1000.20;312.49;1.0;1.0;0;1.0;0;0;1.0;0;0;1.0;0;0;1.0;1.0;0;0;0;0;0
272957;3.12;0.95;32.0;3575.0;24.75;70.5;33.75;12.15;26.51;14.39;4.43;2.69;2.31;191613.0;31.0;33.0;57.0;4518.0;1000.20;800.77;1.0;1.0;0;1.0;0;0;1.0;0;0;1.0;0;0;1.0;1.0;0;0;0;0;0
273507;0.76;0.93;36.0;4037.0;24.75;70.5;43.5;7.45;28.25;14.20;1.79;1.05;2.58;191613.0;35.0;37.0;57.0;4617.0;1000.20;800.77;1.0;1.0;0;1.0;0;0;1.0;0;0;1.0;0;0;1.0;1.0;0;0;0;0;0
274041;5.08;1.00;37.0;3011.0;24.75;70.5;22.5;20.39;33.79;14.29;2.38;0.31;2.58;191613.0;37.0;38.0;57.0;4189.0;1000.28;253.90;2.0;1.0;0;1.0;0;0;1.0;0;0;1.0;0;0;1.0;1.0;0;0;0;0;0
274592;6.10;1.00;43.0;3430.0;24.75;70.5;15.0;31.37;41.76;14.39;1.05;0.05;2.31;191613.0;43.0;44.0;57.0;4315.0;1000.24;39.06;2.0;1.0;0;1.0;0;0;1.0;0;0;1.0;0;0;1.0;1.0;0;0;0;0;0
275109;6.19;1.06;51.0;3941.0;24.75;70.5;19.5;30.98;43.03;14.29;0.29;0;2.58;191613.0;49.0;51.0;57.0;4542.0;1000.24;839.83;2.0;1.0;0;1.0;0;0;1.0;0;0;1.0;0;0;1.0;1.0;0;0;0;0;0
275656;5.12;1.01;55.0;4337.0;24.75;70.5;24.0;27.45;39.28;14.39;0;1.38;2.31;191613.0;54.0;56.0;57.0;4593.0;1000.24;800.77;2.0;1.0;0;1.0;0;0;1.0;0;0;0;0;0;1.0;1.0;0;0;0;0;0
276170;5.35;1.00;57.0;3563.0;24.75;70.5;30.0;17.25;31.45;14.48;0;1.60;2.31;191614.0;58.0;58.0;57.0;4322.0;1000.32;878.89;3.0;1.0;0;1.0;0;0;1.0;0;0;1.0;0;0;1.0;1.0;0;0;0;0;0
276947;5.53;0.99;62.0;3809.0;24.75;70.5;20.25;27.45;41.08;14.39;0.89;0.46;2.31;191614.0;61.0;62.0;57.0;4571.0;1000.28;664.05;3.0;1.0;0;1.0;0;0;1.0;0;0;1.0;0;0;1.0;1.0;0;0;0;0;0
277463;3.82;0.96;66.0;4077.0;24.75;70.5;32.25;18.04;31.80;14.29;1.19;2.18;2.58;191614.0;65.0;67.0;57.0;4553.0;1000.32;761.70;3.0;1.0;0;1.0;0;0;1.0;0;0;1.0;0;0;1.0;1.0;0;0;0;0;0
277983;3.43;0.91;68.0;4184.0;24.75;70.5;33.75;16.47;30.05;14.29;0.27;0.60;2.58;191614.0;67.0;69.0;57.0;4541.0;1000.28;644.52;3.0;1.0;0;1.0;0;0;1.0;0;0;1.0;0;0;1.0;1.0;0;0;0;0;0
278585;3.12;0.97;70.0;4232.0;24.75;70.5;39.0;12.15;25.66;14.20;0;0.15;2.58;191614.0;69.0;70.0;57.0;4493.0;1000.24;839.83;3.0;1.0;0;1.0;0;0;1.0;0;0;1.0;0;0;1.0;1.0;0;0;0;0;0
279136;4.43;1.00;71.0;4325.0;24.75;70.5;31.5;20.39;32.97;14.29;1.66;0;2.58;191614.0;70.0;71.0;57.0;4576.0;1000.24;371.08;3.0;1.0;0;1.0;0;0;1.0;0;0;1.0;0;0;1.0;1.0;0;0;0;0;0
279662;2.97;1.00;72.0;3817.0;24.75;71.25;34.5;6.66;16.71;14.48;0.48;1.30;2.31;191614.0;71.0;72.0;56.0;4374.0;1000.24;878.89;3.0;1.0;0;1.0;0;0;1.0;0;0;0;0;0;1.0;1.0;0;0;0;0;0
280249;2.62;0.95;72.0;3756.0;24.75;71.25;38.25;9.41;21.95;14.29;1.32;0.35;2.58;191614.0;71.0;72.0;56.0;4449.0;1000.20;820.30;4.0;1.0;0;1.0;0;0;1.0;0;0;0;0;0;1.0;1.0;0;0;0;0;0
280772;1.42;0.99;71.0;3704.0;24.75;71.25;42.75;3.92;11.87;14.39;0.50;0.03;2.31;191614.0;71.0;72.0;56.0;4487.0;1000.20;878.89;4.0;1.0;0;1.0;0;0;1.0;0;0;0;0;0;1.0;1.0;0;0;0;0;0
281283;1.21;0.97;70.0;3595.0;24.75;72.0;41.25;3.13;10.28;14.48;0.07;3.86;2.31;191614.0;70.0;70.0;56.0;4505.0;1000.20;859.36;4.0;1.0;0;1.0;0;0;1.0;0;0;0;0;0;1.0;1.0;0;0;0;0;0
282107;1.28;0.95;68.0;3585.0;24.75;72.0;41.25;3.52;11.11;14.48;0;4.57;2.31;191614.0;68.0;68.0;56.0;4531.0;1000.20;839.83;4.0;1.0;0;1.0;0;0;1.0;0;0;0;0;0;1.0;1.0;0;0;0;0;0
282601;1.32;0.92;66.0;3441.0;24.75;72.0;39.75;3.52;11.75;14.48;2.08;1.21;2.31;191614.0;66.0;67.0;56.0;4513.0;1000.20;839.83;4.0;1.0;0;1.0;0;0;1.0;0;0;0;0;0;1.0;1.0;0;0;0;0;0
283121;1.29;0.91;66.0;3414.0;24.75;72.0;39.0;3.52;11.78;14.48;2.07;0.44;2.31;191614.0;66.0;66.0;56.0;4519.0;1000.20;820.30;4.0;1.0;0;1.0;0;0;1.0;0;0;0;0;0;1.0;1.0;0;0;0;0;0
283639;1.21;0.89;63.0;3321.0;24.75;72.0;38.25;3.13;11.15;14.20;0.89;0.13;2.58;191614.0;64.0;64.0;56.0;4512.0;1000.20;820.30;4.0;1.0;0;1.0;0;0;1.0;0;0;0;0;0;1.0;1.0;0;0;0;0;0
284191;1.2;0.87;62.0;3248.0;24.75;72.0;38.25;3.13;11.39;14.39;0.33;0;2.31;191614.0;63.0;63.0;56.0;4514.0;1000.20;781.24;4.0;1.0;0;1.0;0;0;1.0;0;0;0;0;0;1.0;1.0;0;0;0;0;0
284723;1.09;0.85;61.0;3248.0;24.75;72.0;37.5;3.13;10.71;14.39;1.11;0;2.31;191614.0;61.0;62.0;56.0;4512.0;1000.20;781.24;4.0;1.0;0;1.0;0;0;1.0;0;0;0;0;0;1.0;1.0;0;0;0;0;0
285235;0.85;0.83;60.0;3154.0;24.75;72.0;36.0;1.96;8.97;14.39;2.38;0;2.31;191614.0;60.0;60.0;56.0;4518.0;1000.20;781.24;4.0;1.0;0;1.0;0;0;1.0;0;0;0;0;0;1.0;1.0;0;0;0;0;0
285738;0.70;1.00;58.0;2835.0;24.75;72.75;27.0;0;13.73;14.39;3.45;8.47;2.31;191614.0;58.0;59.0;55.0;4535.0;1000.12;566.39;4.0;1.0;0;1.0;0;0;1.0;0;0;0;0;0;1.0;1.0;0;0;0;0;0
286590;0.85;1.00;56.0;2584.0;24.75;72.75;15.75;0;13.61;14.48;59.39;65.11;2.31;191614.0;56.0;56.0;69.0;4198.0;1000.16;0;4.0;1.0;0;1.0;0;0;1.0;0;0;1.0;0;0;1.0;1.0;0;0;0;0;0
287140;2.24;0.99;52.0;2785.0;24.75;72.75;4.5;4.70;11.25;14.20;199.55;213.93;2.58;191614.0;53.0;53.0;55.0;4332.0;1000.09;820.30;4.0;1.0;0;1.0;0;0;1.0;0;0;1.0;0;0;1.0;1.0;0;0;0;0;0
287689;0.81;1.00;51.0;2649.0;24.75;72.75;18.0;0;13.66;14.48;224.73;250.15;2.31;191614.0;51.0;51.0;55.0;4462.0;1000.09;605.46;4.0;1.0;0;1.0;0;0;1.0;0;0;1.0;0;0;0;1.0;0;0;0;0;0
288205;0.83;1.00;48.0;2543.0;24.75;72.75;16.5;0;13.60;14.39;230.82;300.76;2.31;191614.0;49.0;49.0;55.0;4520.0;1000.12;0;4.0;1.0;0;1.0;0;0;1.0;0;0;1.0;0;0;1.0;1.0;0;0;0;0;0
288723;0.84;1.00;46.0;2439.0;24.75;72.75;16.5;0;13.52;14.39;253.92;287.48;2.31;191614.0;47.0;47.0;54.0;4515.0;1000.12;19.53;4.0;1.0;0;1.0;0;0;1.0;0;0;1.0;0;0;1.0;1.0;0;0;0;0;0
289238;0.86;1.00;45.0;2356.0;24.75;72.75;16.5;0;13.54;14.39;195.06;308.43;2.31;191614.0;45.0;45.0;53.0;4530.0;1000.16;19.53;4.0;1.0;0;1.0;0;0;1.0;0;0;1.0;0;0;1.0;1.0;0;0;0;0;0
289792;0.95;1.00;42.0;2237.0;24.75;72.75;15.0;0;13.51;14.39;145.42;256.62;2.31;191614.0;43.0;43.0;52.0;4533.0;1000.16;19.53;4.0;1.0;0;1.0;0;0;1.0;0;0;1.0;0;0;1.0;1.0;0;0;0;0;0
290312;0.92;1.00;41.0;2150.0;24.75;72.75;15.0;0;13.47;14.39;113.09;165.65;2.31;191614.0;41.0;41.0;53.0;4517.0;1000.16;19.53;4.0;1.0;0;1.0;0;0;1.0;0;0;1.0;0;0;1.0;1.0;0;0;0;0;0
290858;2.07;1.00;38.0;2053.0;24.75;73.5;11.25;2.74;11.27;14.48;70.32;108.45;2.31;191614.0;39.0;39.0;55.0;4549.0;1000.16;878.89;4.0;1.0;0;1.0;0;0;1.0;0;0;1.0;0;0;1.0;1.0;0;0;0;0;0
291368;3.28;0.99;38.0;2057.0;24.75;73.5;-3.0;7.05;15.29;14.29;92.53;127.99;2.58;191614.0;39.0;39.0;55.0;4492.0;1000.16;859.36;4.0;1.0;0;1.0;0;0;1.0;0;0;1.0;0;0;1.0;1.0;0;0;0;0;0
292162;3.16;0.97;40.0;2089.0;24.75;73.5;9.75;7.45;21.60;14.29;163.15;217.62;2.58;191614.0;39.0;40.0;55.0;4474.0;1000.16;800.77;4.0;1.0;0;1.0;0;0;1.0;0;0;1.0;0;0;1.0;1.0;0;0;0;0;0
292684;2.68;0.93;41.0;2170.0;24.75;73.5;20.25;6.27;22.50;14.29;260.45;257.73;2.58;191614.0;41.0;42.0;55.0;4504.0;1000.16;664.05;4.0;1.0;0;1.0;0;0;1.0;0;0;1.0;0;0;1.0;1.0;0;0;0;0;0
293226;1.93;1.00;42.0;2192.0;24.75;73.5;21.0;3.13;15.93;14.39;296.73;267.09;2.31;191614.0;42.0;42.0;55.0;4534.0;1000.05;820.30;4.0;1.0;0;1.0;0;0;1.0;0;0;1.0;0;0;1.0;1.0;0;0;0;0;0
293750;1.96;0.99;42.0;2220.0;24.75;73.5;21.0;3.13;15.46;14.29;300.93;290.62;2.58;191614.0;42.0;43.0;55.0;4514.0;1000.09;859.36;4.0;1.0;0;1.0;0;0;1.0;0;0;1.0;0;0;1.0;1.0;0;0;0;0;0
294263;1.91;0.97;42.0;2186.0;24.75;73.5;21.0;3.13;15.33;14.29;328.45;314.41;2.58;191614.0;42.0;42.0;55.0;4524.0;1000.12;839.83;4.0;1.0;0;1.0;0;0;1.0;0;0;1.0;0;0;1.0;1.0;0;0;0;0;0
294771;2.23;0.95;42.0;2205.0;24.75;73.5;21.0;3.92;18.59;14.39;335.70;327.40;2.31;191614.0;42.0;43.0;55.0;4517.0;1000.12;781.24;4.0;1.0;0;1.0;0;0;1.0;0;0;1.0;0;0;1.0;1.0;0;0;0;0;0
295282;1.70;0.99;41.0;2089.0;24.75;73.5;17.25;2.35;13.32;14.48;255.64;302.40;2.31;191614.0;41.0;41.0;55.0;4455.0;1000.12;839.83;3.0;1.0;0;1.0;0;0;1.0;0;0;1.0;0;0;1.0;1.0;0;0;0;0;0
295793;2.23;0.97;41.0;2518.0;24.75;74.25;25.5;4.70;18.18;14.29;239.43;323.76;2.58;191614.0;40.0;41.0;54.0;4465.0;1000.16;800.77;3.0;1.0;0;1.0;0;0;1.0;0;0;1.0;0;0;1.0;1.0;0;0;0;0;0
296663;3.09;0.98;42.0;2612.0;24.75;74.25;27.0;8.62;24.80;14.39;227.32;331.85;2.31;191614.0;42.0;42.0;54.0;4454.0;1000.16;781.24;3.0;1.0;0;1.0;0;0;1.0;0;0;1.0;0;0;1.0;1.0;0;0;0;0;0
297191;2.96;0.99;46.0;2855.0;24.75;74.25;30.75;9.02;24.47;14.48;200.70;337.04;2.31;191614.0;46.0;46.0;54.0;4538.0;1000.09;781.24;3.0;1.0;0;1.0;0;0;1.0;0;0;1.0;0;0;1.0;1.0;0;0;0;0;0
297751;3.92;1.00;47.0;2952.0;24.75;74.25;30.0;11.37;26.76;14.48;265.97;350.36;2.31;191614.0;47.0;48.0;54.0;4499.0;1000.12;800.77;3.0;1.0;0;1.0;0;0;1.0;0;0;1.0;0;0;0;1.0;0;0;0;0;0
298301;3.48;0.97;51.0;3147.0;24.75;74.25;29.25;13.72;28.61;14.29;320.33;350.48;2.58;191614.0;50.0;51.0;54.0;4531.0;1000.12;722.64;3.0;1.0;0;1.0;0;0;1.0;0;0;1.0;0;0;1.0;1.0;0;0;0;0;0
298823;2.4;1.00;52.0;3238.0;24.75;74.25;36.75;6.66;20.53;14.48;320.27;351.85;2.31;191614.0;52.0;53.0;54.0;4532.0;1000.12;820.30;3.0;1.0;0;1.0;0;0;1.0;0;0;1.0;0;0;1.0;1.0;0;0;0;0;0
299366;0.74;0.99;52.0;3257.0;24.75;74.25;38.25;0.39;6.70;14.48;347.30;350.54;2.31;191614.0;52.0;52.0;54.0;4548.0;1000.16;722.64;3.0;1.0;0;1.0;0;0;1.0;0;0;1.0;0;0;1.0;1.0;0;0;0;0;0
299904;0.64;1.00;50.0;3060.0;24.75;74.25;-30.0;0;0;14.39;335.95;336.13;2.31;191614.0;50.0;50.0;54.0;4595.0;1000.16;0;3.0;1.0;0;1.0;0;0;1.0;0;0;1.0;0;0;1.0;1.0;0;0;0;0;0
300472;0.72;1.00;45.0;2744.0;24.75;74.25;-30.0;0;0;14.39;347.06;346.32;2.31;191614.0;45.0;45.0;54.0;4641.0;1000.16;0;3.0;1.0;0;1.0;0;0;1.0;0;0;1.0;0;0;1.0;1.0;0;0;0;0;0
301057;0.89;1.00;40.0;2447.0;24.75;74.25;13.5;0;13.41;14.48;311.93;308.88;2.31;191614.0;40.0;39.0;57.0;4350.0;1000.16;0;3.0;1.0;0;1.0;0;0;1.0;0;0;1.0;0;0;1.0;1.0;0;0;0;0;0
301866;1.01;1.00;35.0;2176.0;24.75;74.25;15.0;0;13.47;14.39;171.98;183.05;2.31;191614.0;35.0;35.0;53.0;4347.0;1000.16;19.53;3.0;1.0;0;1.0;0;0;1.0;0;0;1.0;0;0;1.0;1.0;0;0;0;0;0
302373;1.05;1.00;31.0;1913.0;24.75;75.0;15.75;0;13.27;14.48;104.50;125.94;2.31;191614.0;32.0;31.0;49.0;4444.0;1000.16;19.53;3.0;1.0;0;1.0;0;0;1.0;0;0;1.0;0;0;1.0;1.0;0;0;0;0;0
302883;1.14;1.00;28.0;1707.0;24.75;75.0;15.75;0;13.30;14.29;112.60;103.66;2.58;191614.0;28.0;29.0;49.0;4492.0;1000.16;39.06;3.0;1.0;0;1.0;0;0;1.0;0;0;1.0;0;0;1.0;1.0;0;0;0;0;0
303404;1.56;1.01;26.0;1256.0;24.75;75.0;21.0;0;14.31;14.20;106.61;97.84;2.58;191614.0;26.0;26.0;50.0;4479.0;1000.16;39.06;3.0;1.0;0;1.0;0;0;1.0;0;0;1.0;0;0;1.0;1.0;0;0;0;0;0
303951;1.37;1.03;23.0;1413.0;24.75;75.0;15.0;0;13.27;14.29;166.55;163.15;2.58;191614.0;24.0;23.0;50.0;4508.0;1000.16;761.70;3.0;1.0;0;1.0;0;0;1.0;0;0;1.0;0;0;1.0;1.0;0;0;0;0;0
304486;1.37;1.01;21.0;1368.0;24.75;75.0;14.25;0;13.10;14.39;207.74;194.75;2.31;191614.0;21.0;21.0;50.0;4511.0;1000.16;820.30;3.0;1.0;0;1.0;0;0;1.0;0;0;1.0;0;0;1.0;1.0;0;0;0;0;0
305085;1.45;1.00;20.0;1308.0;24.75;75.0;17.25;0;13.64;14.29;225.14;204.44;2.58;191614.0;20.0;20.0;52.0;4497.0;1000.16;761.70;3.0;1.0;0;1.0;0;0;1.0;0;0;1.0;0;0;1.0;1.0;0;0;0;0;0
305640;2.22;0.98;18.0;1177.0;24.75;75.0;6.0;1.56;14.53;14.39;193.85;207.81;2.31;191614.0;19.0;19.0;65.0;4516.0;1000.16;839.83;3.0;1.0;0;1.0;0;0;1.0;0;0;1.0;0;0;1.0;1.0;0;0;0;0;0
306151;2.23;1.00;18.0;1845.0;24.75;75.0;10.5;3.13;15.30;14.39;165.59;178.50;2.31;191614.0;19.0;19.0;54.0;4563.0;1000.16;820.30;3.0;1.0;0;1.0;0;0;1.0;0;0;1.0;0;0;1.0;1.0;0;0;0;0;0
306963;0.84;1.00;20.0;1898.0;24.75;75.0;14.25;0;13.37;14.29;207.07;197.72;2.58;191614.0;20.0;20.0;53.0;4504.0;1000.16;761.70;3.0;1.0;0;1.0;0;0;1.0;0;0;1.0;0;0;1.0;1.0;0;0;0;0;0
307527;1.43;0.98;20.0;1319.0;24.75;75.0;17.25;0;13.71;14.29;173.17;228.96;2.58;191614.0;20.0;20.0;52.0;4495.0;1000.16;761.70;3.0;1.0;0;1.0;0;0;1.0;0;0;1.0;0;0;1.0;1.0;0;0;0;0;0
308042;1.44;0.96;18.0;1304.0;24.75;75.0;17.25;0;13.71;14.39;140.83;175.08;2.31;191614.0;19.0;19.0;51.0;4498.0;1000.16;371.08;3.0;1.0;0;1.0;0;0;1.0;0;0;1.0;0;0;1.0;1.0;0;0;0;0;0
308575;1.45;0.97;18.0;1288.0;24.75;75.0;19.5;0;14.07;14.29;103.66;147.60;2.58;191614.0;18.0;18.0;52.0;4510.0;1000.16;0;3.0;1.0;0;1.0;0;0;1.0;0;0;1.0;0;0;1.0;1.0;0;0;0;0;0
309137;1.32;0.98;16.0;1312.0;25.5;75.0;17.25;0;13.81;14.39;79.60;107.57;2.31;191614.0;16.0;16.0;52.0;4521.0;1000.16;19.53;3.0;1.0;0;1.0;0;0;1.0;0;0;1.0;0;0;1.0;1.0;0;0;1.0;0;0
309699;1.42;1.00;15.0;1343.0;25.5;75.0;15.0;0;13.43;14.29;54.97;78.37;2.58;191614.0;15.0;15.0;53.0;4521.0;1000.16;39.06;3.0;1.0;0;1.0;1.0;0;1.0;0;0;1.0;0;0;1.0;1.0;0;0;1.0;0;0
310213;1.49;1.02;12.0;1308.0;25.5;75.0;17.25;0;13.84;14.39;42.22;57.08;2.31;191614.0;13.0;13.0;52.0;4507.0;1000.16;39.06;2.0;1.0;0;1.0;1.0;0;1.0;0;0;1.0;0;0;1.0;1.0;0;0;1.0;0;0
310712;1.56;1.03;11.0;1305.0;25.5;75.0;17.25;0;13.84;14.29;36.34;47.14;2.58;191614.0;11.0;11.0;52.0;4509.0;1000.16;488.27;2.0;1.0;0;1.0;1.0;0;1.0;0;0;1.0;0;0;1.0;1.0;0;0;1.0;0;0
311556;1.41;1.02;8.0;1306.0;25.5;75.0;18.0;0;13.51;14.29;29.99;54.09;2.58;191614.0;9.0;9.0;52.0;4524.0;1000.16;761.70;0;1.0;0;1.0;0;0;1.0;0;0;1.0;0;0;1.0;1.0;0;0;1.0;0;0
312072;1.33;1.00;3.0;1328.0;25.5;75.0;16.5;0;13.74;14.39;17.65;31.83;2.31;191614.0;4.0;4.0;52.0;4512.0;1000.16;527.33;0;1.0;0;1.0;0;0;1.0;0;0;1.0;0;0;1.0;1.0;0;0;1.0;0;0
312623;1.28;0.99;0;1357.0;25.5;75.0;14.25;0;13.84;14.39;14.94;24.41;2.31;191614.0;0;0;52.0;4519.0;1000.16;58.59;0;1.0;0;1.0;0;0;1.0;0;0;1.0;0;0;1.0;1.0;0;0;1.0;0;0
313139;1.36;1.01;0;1334.0;25.5;75.0;15.75;0;13.50;14.48;11.42;17.75;2.31;191614.0;0;0;52.0;4504.0;1000.16;58.59;0;1.0;0;1.0;0;0;1.0;0;0;1.0;0;0;1.0;1.0;0;0;1.0;0;0
313648;1.42;1.03;0;1311.0;25.5;75.0;17.25;0;13.77;14.39;14.39;15.95;2.31;191614.0;0;0;51.0;4517.0;1000.16;39.06;0;1.0;0;1.0;0;0;1.0;0;0;1.0;0;0;1.0;1.0;0;0;1.0;0;0
314173;1.36;1.04;0;1377.0;25.5;75.0;12.75;0;12.92;14.29;11.01;15.17;2.58;191614.0;0;0;51.0;4507.0;1000.16;97.65;0;1.0;0;1.0;0;0;1.0;0;0;1.0;0;0;1.0;1.0;0;0;1.0;0;0
314758;1.44;1.05;0;1332.0;25.5;75.0;15.75;0;13.35;14.48;10.31;61.92;2.31;191614.0;0;0;50.0;4522.0;1000.16;820.30;0;1.0;0;1.0;0;0;1.0;0;0;1.0;0;0;1.0;1.0;0;0;1.0;0;0
315375;1.50;1.03;0;1323.0;25.5;75.0;16.5;0;13.49;14.39;76.55;144.17;2.31;191614.0;0;0;50.0;4520.0;1000.16;839.83;0;1.0;0;1.0;0;0;1.0;0;0;1.0;0;0;1.0;1.0;0;0;1.0;0;0
316220;1.47;1.01;0;1312.0;25.5;75.0;17.25;0;13.60;14.29;110.28;153.36;2.58;191614.0;0;0;51.0;4502.0;1000.16;781.24;0;1.0;0;1.0;0;0;1.0;0;0;1.0;0;0;1.0;1.0;0;0;1.0;0;0
316752;1.41;0.98;0;1322.0;25.5;75.0;16.5;0;13.45;14.48;154.40;206.39;2.31;191614.0;0;0;50.0;4520.0;1000.16;781.24;0;1.0;0;1.0;0;0;1.0;0;0;1.0;0;0;1.0;1.0;0;0;1.0;0;0
317249;1.26;0.97;0;1329.0;25.5;75.0;16.5;0;13.45;14.29;182.91;230.37;2.58;191614.0;0;0;50.0;4520.0;1000.16;410.15;0;1.0;0;1.0;0;0;1.0;0;0;1.0;0;0;1.0;1.0;0;0;1.0;0;0
317758;1.32;0.98;0;1274.0;25.5;75.0;20.25;0;14.11;14.39;171.19;248.20;2.31;191614.0;0;0;51.0;4510.0;1000.16;39.06;0;1.0;0;1.0;0;0;1.0;0;0;1.0;0;0;1.0;1.0;0;0;1.0;0;0
318281;1.46;0.99;0;1323.0;25.5;75.0;16.5;0;13.68;14.39;147.17;220.00;2.31;191614.0;0;0;52.0;4503.0;1000.16;39.06;0;1.0;0;1.0;0;0;1.0;0;0;1.0;0;0;1.0;1.0;0;0;1.0;0;0
318797;1.40;1.01;0;1317.0;25.5;75.0;17.25;0;13.80;14.48;121.28;168.13;2.31;191614.0;0;0;52.0;4516.0;1000.16;39.06;0;1.0;0;1.0;0;0;1.0;0;0;1.0;0;0;1.0;1.0;0;0;1.0;0;0
319305;1.38;1.02;0;1315.0;25.5;75.0;17.25;0;13.81;14.39;88.39;129.17;2.31;191614.0;0;0;52.0;4515.0;1000.16;58.59;0;1.0;0;1.0;0;0;1.0;0;0;1.0;0;0;1.0;1.0;0;0;1.0;0;0
319862;1.40;1.04;0;1325.0;25.5;75.0;16.5;0;13.70;14.29;67.88;94.13;2.58;191614.0;0;0;52.0;4512.0;1000.16;683.58;0;1.0;0;1.0;0;0;1.0;0;0;1.0;0;0;1.0;1.0;0;0;1.0;0;0
320392;1.43;1.02;0;1339.0;25.5;75.75;15.0;0;13.31;14.20;46.89;76.77;2.58;191614.0;0;0;51.0;4513.0;1000.16;742.17;0;1.0;0;1.0;0;0;1.0;0;0;1.0;0;0;1.0;1.0;0;0;1.0;0;0
320883;1.40;1.01;0;1310.0;25.5;75.75;16.5;0;13.54;14.39;88.29;110.79;2.31;191614.0;0;0;50.0;4506.0;1000.16;722.64;0;1.0;0;1.0;0;0;1.0;0;0;1.0;0;0;1.0;1.0;0;0;1.0;0;0
321689;1.33;0.99;0;1287.0;25.5;75.75;18.0;0;13.83;14.29;137.60;150.98;2.58;191614.0;0;0;51.0;4514.0;1000.16;19.53;0;1.0;0;1.0;0;0;1.0;0;0;1.0;0;0;1.0;1.0;0;0;1.0;0;0
322203;1.41;1.02;0;1315.0;25.5;75.75;16.5;0;13.57;14.39;179.42;171.90;2.31;191614.0;0;0;52.0;4502.0;1000.16;39.06;0;1.0;0;1.0;0;0;1.0;0;0;1.0;0;0;1.0;1.0;0;0;1.0;0;0
322764;1.40;1.04;0;1329.0;25.5;75.75;15.0;0;13.32;14.29;130.73;132.06;2.58;191614.0;0;0;51.0;4521.0;1000.16;58.59;0;1.0;0;1.0;0;0;1.0;0;0;1.0;0;0;1.0;1.0;0;0;1.0;0;0
323317;1.47;1.05;0;1338.0;25.5;75.75;14.25;0;13.21;14.29;135.14;112.02;2.58;191614.0;0;0;51.0;4517.0;1000.16;703.11;0;1.0;0;1.0;0;0;1.0;0;0;1.0;0;0;1.0;1.0;0;0;1.0;0;0
323841;1.40;1.04;0;1296.0;25.5;75.75;17.25;0;13.67;14.39;98.48;144.67;2.31;191614.0;0;0;51.0;4506.0;1000.16;820.30;0;1.0;0;1.0;0;0;1.0;0;0;1.0;0;0;1.0;1.0;0;0;1.0;0;0
324342;1.36;1.02;0;1332.0;25.5;75.75;15.0;0;13.26;14.29;84.72;159.30;2.58;191614.0;0;0;52.0;4505.0;1000.16;175.77;0;1.0;0;1.0;0;0;1.0;0;0;1.0;0;0;1.0;1.0;0;0;1.0;0;0
324867;1.45;1.04;0;1311.0;25.5;75.75;16.5;0;13.59;14.29;68.70;144.17;2.58;191614.0;0;0;52.0;4514.0;1000.16;58.59;0;1.0;0;1.0;0;0;1.0;0;0;1.0;0;0;1.0;1.0;0;0;1.0;0;0
325423;1.48;1.04;0;1325.0;25.5;75.75;15.75;0;13.40;14.48;91.65;148.33;2.31;191614.0;0;0;51.0;4501.0;1000.16;820.30;0;1.0;0;1.0;0;0;1.0;0;0;1.0;0;0;1.0;1.0;0;0;1.0;0;0
326336;1.38;1.03;0;1301.0;25.5;75.75;17.25;0;13.70;14.39;122.62;157.54;2.31;191614.0;0;0;51.0;4514.0;1000.16;410.15;0;1.0;0;1.0;0;0;1.0;0;0;1.0;0;0;1.0;1.0;0;0;1.0;0;0
326906;1.44;1.04;0;1309.0;25.5;75.75;17.25;0;13.71;14.29;141.65;148.01;2.58;191614.0;0;0;51.0;4512.0;1000.16;58.59;0;1.0;0;1.0;0;0;1.0;0;0;1.0;0;0;1.0;1.0;0;0;1.0;0;0
327411;1.46;1.05;0;1344.0;25.5;75.75;14.25;0;13.17;14.29;185.86;199.73;2.58;191614.0;0;0;51.0;4505.0;1000.16;566.39;0;1.0;0;1.0;0;0;1.0;0;0;1.0;0;0;1.0;1.0;0;0;1.0;0;0
327992;1.42;1.05;0;1282.0;25.5;75.75;18.0;0;13.83;14.39;216.41;238.10;2.31;191614.0;0;0;51.0;4514.0;1000.16;781.24;0;1.0;0;1.0;0;0;1.0;0;0;1.0;0;0;1.0;1.0;0;0;1.0;0;0
328585;1.40;1.03;0;1295.0;25.5;75.75;17.25;0;13.73;14.48;219.32;241.78;2.31;191614.0;0;0;52.0;4513.0;1000.16;781.24;0;1.0;0;1.0;0;0;1.0;0;0;1.0;0;0;1.0;1.0;0;0;1.0;0;0
329103;1.36;1.01;0;1328.0;25.5;75.75;15.0;0;13.28;14.29;211.90;258.08;2.58;191614.0;0;0;52.0;4521.0;1000.16;722.64;0;1.0;0;1.0;0;0;1.0;0;0;1.0;0;0;1.0;1.0;0;0;1.0;0;0
329608;1.37;0.99;0;1315.0;25.5;75.75;16.5;0;13.60;14.48;185.74;216.90;2.31;191614.0;0;0;52.0;4500.0;1000.16;742.17;0;1.0;0;1.0;0;0;1.0;0;0;1.0;0;0;1.0;1.0;0;0;1.0;0;0
330149;1.36;0.99;0;1292.0;25.5;75.75;18.0;0;13.93;14.48;150.59;188.13;2.31;191614.0;0;0;52.0;4512.0;1000.16;39.06;0;1.0;0;1.0;0;0;1.0;0;0;1.0;0;0;1.0;1.0;0;0;1.0;0;0
330652;1.38;1.01;0;1251.0;25.5;75.75;21.0;0;14.40;14.39;109.75;155.34;2.31;191614.0;0;0;51.0;4517.0;1000.16;39.06;0;1.0;0;1.0;0;0;1.0;0;0;1.0;0;0;1.0;1.0;0;0;1.0;0;0
331440;1.44;1.02;0;1329.0;25.5;75.75;15.0;0;13.34;14.29;79.95;134.21;2.58;191614.0;0;0;52.0;4523.0;1000.16;351.55;0;1.0;0;1.0;0;0;1.0;0;0;1.0;0;0;1.0;1.0;0;0;1.0;0;0
331963;1.40;1.03;0;1324.0;25.5;75.75;15.75;0;13.47;14.39;56.07;91.28;2.31;191614.0;0;0;52.0;4511.0;1000.16;195.31;0;1.0;0;1.0;0;0;1.0;0;0;1.0;0;0;1.0;1.0;0;0;1.0;0;0
332495;1.38;1.04;0;1335.0;25.5;75.75;15.0;0;13.31;14.39;76.20;108.97;2.31;191614.0;0;0;52.0;4504.0;1000.16;683.58;0;1.0;0;1.0;0;0;1.0;0;0;1.0;0;0;1.0;1.0;0;0;1.0;0;0
333412;1.42;1.02;0;1328.0;25.5;75.75;15.0;0;13.32;14.39;62.73;93.84;2.31;191614.0;0;0;51.0;4519.0;1000.16;742.17;0;1.0;0;1.0;0;0;1.0;0;0;1.0;0;0;1.0;1.0;0;0;1.0;0;0
333920;1.43;1.00;0;1270.0;25.5;75.75;19.5;0;14.06;14.29;117.00;147.25;2.58;191614.0;0;0;52.0;4513.0;1000.16;292.96;0;1.0;0;1.0;0;0;1.0;0;0;1.0;0;0;1.0;1.0;0;0;1.0;0;0
334439;1.34;1.01;0;1309.0;25.5;75.75;17.25;0;14.08;14.39;100.44;127.90;2.31;191614.0;0;0;52.0;4523.0;1000.16;19.53;0;1.0;0;1.0;0;0;1.0;0;0;1.0;0;0;1.0;1.0;0;0;1.0;0;0
334953;1.42;1.02;0;1296.0;25.5;75.75;18.0;0;14.04;14.20;77.14;93.19;2.58;191614.0;0;0;52.0;4517.0;1000.16;39.06;0;1.0;0;1.0;0;0;1.0;0;0;1.0;0;0;1.0;1.0;0;0;1.0;0;0
335464;1.46;1.04;0;1318.0;25.5;75.75;16.5;0;13.72;14.39;59.23;71.57;2.31;191614.0;0;0;52.0;4511.0;1000.16;58.59;0;1.0;0;1.0;0;0;1.0;0;0;1.0;0;0;1.0;1.0;0;0;1.0;0;0
335977;1.38;1.04;0;1344.0;25.5;75.75;14.25;0;13.25;14.39;43.16;52.10;2.31;191614.0;0;0;51.0;4508.0;1000.16;820.30;0;1.0;0;1.0;0;0;1.0;0;0;1.0;0;0;1.0;1.0;0;0;1.0;0;0
336552;1.35;1.03;0;1333.0;25.5;75.75;15.0;0;13.30;14.39;31.42;46.93;2.31;191614.0;0;0;51.0;4505.0;1000.16;820.30;0;1.0;0;1.0;0;0;1.0;0;0;1.0;0;0;1.0;1.0;0;0;1.0;0;0
337092;1.40;1.01;0;1295.0;25.5;75.75;17.25;0;13.77;14.39;54.97;44.86;2.31;191614.0;0;0;52.0;4531.0;1000.16;410.15;0;1.0;0;1.0;0;0;1.0;0;0;1.0;0;0;1.0;1.0;0;0;1.0;0;0
337612;1.36;1.02;0;1338.0;25.5;75.75;14.25;0;13.23;14.39;40.05;34.43;2.31;191614.0;0;0;51.0;4510.0;1000.16;58.59;0;1.0;0;1.0;0;0;1.0;0;0;1.0;0;0;1.0;1.0;0;0;1.0;0;0
338118;1.51;1.03;0;1296.0;25.5;75.75;17.25;0;13.75;14.20;44.27;59.31;2.58;191614.0;0;0;52.0;4518.0;1000.16;429.68;0;1.0;0;1.0;0;0;1.0;0;0;1.0;0;0;0;1.0;0;0;1.0;0;0
338981;1.35;1.03;0;1346.0;25.5;75.75;14.25;0;13.19;14.39;38.43;63.06;2.31;191614.0;0;0;52.0;4513.0;1000.16;800.77;0;1.0;0;1.0;0;0;1.0;0;0;1.0;0;0;1.0;1.0;0;0;1.0;0;0
339497;1.40;1.00;0;1334.0;25.5;75.75;15.0;0;13.27;14.48;66.44;50.95;2.31;191614.0;0;0;51.0;4513.0;1000.16;468.74;0;1.0;0;1.0;0;0;1.0;0;0;1.0;0;0;1.0;1.0;0;0;1.0;0;0
340011;1.44;1.02;0;1305.0;25.5;76.5;16.5;0;13.03;14.20;121.67;85.58;2.58;191614.0;0;0;51.0;4523.0;1000.16;78.12;0;1.0;0;1.0;0;0;1.0;0;0;1.0;0;0;1.0;1.0;0;0;1.0;0;0
340570;1.37;1.03;0;1324.0;25.5;76.5;15.0;0;13.26;14.39;113.19;83.60;2.31;191614.0;0;0;50.0;4513.0;1000.16;78.12;0;1.0;0;1.0;0;0;1.0;0;0;1.0;0;0;1.0;1.0;0;0;1.0;0;0
341087;1.37;1.05;0;1316.0;25.5;76.5;15.0;0;13.23;14.29;113.09;103.62;2.58;191614.0;0;0;51.0;4501.0;1000.16;156.24;0;1.0;0;1.0;0;0;1.0;0;0;1.0;0;0;1.0;1.0;0;0;1.0;0;0
341590;1.43;1.07;0;1309.0;25.5;76.5;15.75;0;13.36;14.39;145.18;118.37;2.31;191614.0;0;0;50.0;4506.0;1000.16;253.90;0;1.0;0;1.0;0;0;1.0;0;0;1.0;0;0;1.0;1.0;0;0;1.0;0;0
342104;1.44;1.08;0;1306.0;25.5;76.5;15.75;0;13.37;14.29;127.10;151.12;2.58;191614.0;0;0;51.0;4510.0;1000.16;742.17;0;1.0;0;1.0;0;0;1.0;0;0;1.0;0;0;1.0;1.0;0;0;1.0;0;0
342619;1.46;1.06;0;1313.0;25.5;76.5;15.0;0;13.15;14.39;173.68;118.15;2.31;191614.0;0;0;49.0;4519.0;1000.16;859.36;0;1.0;0;1.0;0;0;1.0;0;0;1.0;0;0;1.0;1.0;0;0;1.0;0;0
343171;1.36;1.04;0;1314.0;25.5;76.5;15.0;0;13.12;14.29;149.52;106.75;2.58;191614.0;0;0;50.0;4525.0;1000.16;820.30;0;1.0;0;1.0;0;0;1.0;0;0;1.0;0;0;1.0;1.0;0;0;1.0;0;0
344025;1.35;1.03;0;1314.0;25.5;76.5;15.0;0;13.14;14.29;147.19;108.37;2.58;191614.0;0;0;50.0;4505.0;1000.16;761.70;0;1.0;0;1.0;0;0;1.0;0;0;1.0;0;0;1.0;1.0;0;0;1.0;0;0
344590;1.40;1.02;0;1286.0;25.5;76.5;17.25;0;13.59;14.39;160.26;102.25;2.31;191614.0;0;0;50.0;4510.0;1000.16;78.12;0;1.0;0;1.0;0;0;1.0;0;0;1.0;0;0;1.0;1.0;0;0;1.0;0;0
345097;1.42;1.03;0;1336.0;25.5;76.5;13.5;0;12.94;14.39;207.76;140.59;2.31;191614.0;0;0;50.0;4508.0;1000.16;78.12;0;1.0;0;1.0;0;0;1.0;0;0;1.0;0;0;1.0;1.0;0;0;1.0;0;0
345659;1.37;1.05;0;1305.0;25.5;76.5;15.75;0;13.30;14.29;256.38;201.53;2.58;191614.0;0;0;50.0;4525.0;1000.16;703.11;0;1.0;0;1.0;0;0;1.0;0;0;1.0;0;0;1.0;1.0;0;0;1.0;0;0
346158;1.41;1.03;0;1317.0;25.5;76.5;15.0;0;13.14;14.39;281.66;210.39;2.31;191614.0;0;0;49.0;4505.0;1000.16;820.30;0;1.0;0;1.0;0;0;1.0;0;0;1.0;0;0;1.0;1.0;0;0;1.0;0;0
346707;1.36;1.01;0;1279.0;25.5;76.5;18.0;0;13.74;14.29;285.45;246.31;2.58;191614.0;0;0;51.0;4522.0;1000.16;664.05;0;1.0;0;1.0;0;0;1.0;0;0;1.0;0;0;1.0;1.0;0;0;1.0;0;0
347266;1.43;1.02;0;1297.0;25.5;76.5;16.5;0;13.53;14.20;269.41;242.03;2.58;191614.0;0;0;51.0;4498.0;1000.16;39.06;0;1.0;0;1.0;0;0;1.0;0;0;1.0;0;0;1.0;1.0;0;0;1.0;0;0
347982;1.48;1.03;0;1265.0;25.5;76.5;19.5;0;14.00;14.48;299.70;229.06;2.31;191614.0;0;0;51.0;4500.0;1000.16;58.59;0;1.0;0;1.0;0;0;1.0;0;0;1.0;0;0;1.0;1.0;0;0;1.0;0;0
348586;1.48;1.05;0;1327.0;25.5;76.5;14.25;0;13.15;14.29;217.01;191.06;2.58;191614.0;0;0;50.0;4508.0;1000.16;742.17;0;1.0;0;1.0;0;0;1.0;0;0;1.0;0;0;1.0;1.0;0;0;1.0;0;0
349152;1.37;1.03;0;1291.0;25.5;76.5;16.5;0;13.49;14.39;182.35;208.77;2.31;191614.0;0;0;50.0;4512.0;1000.16;800.77;0;1.0;0;1.0;0;0;1.0;0;0;1.0;0;0;1.0;1.0;0;0;1.0;0;0
349660;1.36;1.02;0;1318.0;25.5;76.5;15.0;0;13.22;14.39;148.09;195.57;2.31;191614.0;0;0;51.0;4520.0;1000.16;58.59;0;1.0;0;1.0;0;0;1.0;0;0;1.0;0;0;1.0;1.0;0;0;1.0;0;0
350194;1.46;1.03;0;1302.0;25.5;76.5;16.5;0;13.52;14.39;179.42;214.53;2.31;191614.0;0;0;51.0;4506.0;1000.16;78.12;0;1.0;0;1.0;0;0;1.0;0;0;1.0;0;0;1.0;1.0;0;0;1.0;0;0
350752;1.43;1.05;0;1330.0;25.5;76.5;14.25;0;13.14;14.29;200.24;255.45;2.58;191614.0;0;0;50.0;4515.0;1000.16;507.80;0;1.0;0;1.0;0;0;1.0;0;0;1.0;0;0;1.0;1.0;0;0;1.0;0;0
351293;1.44;1.04;0;1310.0;25.5;76.5;15.0;0;13.19;14.39;193.21;281.72;2.31;191614.0;0;0;50.0;4513.0;1000.16;820.30;0;1.0;0;1.0;0;0;1.0;0;0;1.0;0;0;1.0;1.0;0;0;1.0;0;0
351825;1.39;1.03;0;1264.0;25.5;76.5;19.5;0;13.95;14.29;228.20;304.41;2.58;191614.0;0;0;50.0;4518.0;1000.16;722.64;0;1.0;0;1.0;0;0;1.0;0;0;1.0;0;0;1.0;1.0;0;0;1.0;0;0
352381;1.31;1.01;0;1363.0;25.5;76.5;12.75;0;12.81;14.29;222.64;317.94;2.58;191614.0;0;0;50.0;4526.0;1000.16;58.59;0;1.0;0;1.0;0;0;1.0;0;0;1.0;0;0;1.0;1.0;0;0;1.0;0;0
352895;1.36;1.03;0;1337.0;25.5;76.5;14.25;0;13.15;14.48;207.58;306.99;2.31;191614.0;0;0;51.0;4495.0;1000.16;39.06;0;1.0;0;1.0;0;0;1.0;0;0;1.0;0;0;1.0;1.0;0;0;1.0;0;0
353766;1.43;1.03;0;1338.0;25.5;76.5;14.25;0;13.14;14.29;192.80;335.29;2.58;191614.0;0;0;50.0;4511.0;1000.16;820.30;0;1.0;0;1.0;0;0;1.0;0;0;1.0;0;0;1.0;1.0;0;0;1.0;0;0
354368;1.32;1.01;0;1333.0;25.5;76.5;14.25;0;13.10;14.29;171.27;304.00;2.58;191614.0;0;0;51.0;4514.0;1000.16;117.18;0;1.0;0;1.0;0;0;1.0;0;0;1.0;0;0;1.0;1.0;0;0;1.0;0;0
354874;1.36;1.02;0;1320.0;25.5;76.5;15.0;0;13.22;14.48;153.36;280.76;2.31;191614.0;0;0;52.0;4523.0;1000.16;58.59;0;1.0;0;1.0;0;0;1.0;0;0;1.0;0;0;1.0;1.0;0;0;1.0;0;0
355382;1.39;1.04;0;1286.0;25.5;76.5;17.25;0;13.70;14.39;133.54;222.72;2.31;191614.0;0;0;51.0;4499.0;1000.16;371.08;0;1.0;0;1.0;0;0;1.0;0;0;1.0;0;0;1.0;1.0;0;0;1.0;0;0
355917;1.43;1.03;0;1347.0;25.5;76.5;13.5;0;12.97;14.20;131.45;249.37;2.58;191614.0;0;0;50.0;4534.0;1000.16;781.24;0;1.0;0;1.0;0;0;1.0;0;0;1.0;0;0;1.0;1.0;0;0;1.0;0;0
356441;1.36;1.02;0;1291.0;25.5;77.25;16.5;0;13.49;14.29;194.69;262.71;2.58;191614.0;0;0;50.0;4508.0;1000.16;781.24;0;1.0;0;1.0;0;0;1.0;0;0;1.0;0;0;1.0;1.0;0;0;1.0;0;0
356955;1.32;1.00;0;1329.0;25.5;77.25;14.25;0;13.09;14.29;234.24;290.56;2.58;191614.0;0;0;50.0;4512.0;1000.16;97.65;0;1.0;0;1.0;0;0;1.0;0;0;1.0;0;0;1.0;1.0;0;0;1.0;0;0
357476;1.42;1.02;0;1287.0;25.5;77.25;17.25;0;13.64;14.39;244.47;289.16;2.31;191614.0;0;0;51.0;4513.0;1000.16;39.06;0;1.0;0;1.0;0;0;1.0;0;0;1.0;0;0;1.0;1.0;0;0;1.0;0;0
358037;1.44;1.03;0;1290.0;25.5;77.25;17.25;0;13.64;14.29;260.94;314.70;2.58;191614.0;0;0;50.0;4519.0;1000.16;703.11;0;1.0;0;1.0;0;0;1.0;0;0;1.0;0;0;1.0;1.0;0;0;1.0;0;0
358856;1.40;1.02;0;1318.0;25.5;77.25;15.0;0;13.18;14.39;234.96;326.83;2.31;191614.0;0;0;50.0;4508.0;1000.16;781.24;0;1.0;0;1.0;0;0;1.0;0;0;1.0;0;0;1.0;1.0;0;0;1.0;0;0
359400;1.36;1.01;0;1266.0;25.5;77.25;19.5;0;13.94;14.39;192.21;301.85;2.31;191614.0;0;0;51.0;4516.0;1000.16;722.64;0;1.0;0;1.0;0;0;1.0;0;0;1.0;0;0;1.0;1.0;0;0;1.0;0;0
359913;1.40;1.02;0;1299.0;25.5;77.25;16.5;0;13.52;14.39;181.96;241.80;2.31;191614.0;0;0;52.0;4510.0;1000.16;39.06;0;1.0;0;1.0;0;0;1.0;0;0;1.0;0;0;1.0;1.0;0;0;1.0;0;0
360483;1.49;1.04;0;1290.0;25.5;77.25;17.25;0;13.69;14.39;163.29;223.97;2.31;191614.0;0;0;50.0;4524.0;1000.16;156.24;0;1.0;0;1.0;0;0;1.0;0;0;1.0;0;0;1.0;1.0;0;0;1.0;0;0
360988;1.40;1.04;0;1290.0;25.5;77.25;17.25;0;13.64;14.39;165.71;240.37;2.31;191614.0;0;0;49.0;4508.0;1000.16;800.77;0;1.0;0;1.0;0;0;1.0;0;0;1.0;0;0;1.0;1.0;0;0;1.0;0;0
361505;1.38;1.02;0;1291.0;25.5;77.25;16.5;0;13.46;14.29;180.24;240.57;2.58;191614.0;0;0;50.0;4518.0;1000.16;800.77;0;1.0;0;1.0;0;0;1.0;0;0;1.0;0;0;1.0;1.0;0;0;1.0;0;0
362053;1.31;1.01;0;1364.0;25.5;77.25;12.0;0;12.63;14.39;223.13;257.22;2.31;191614.0;0;0;50.0;4508.0;1000.16;78.12;0;1.0;0;1.0;0;0;1.0;0;0;1.0;0;0;1.0;1.0;0;0;1.0;0;0
362577;1.34;1.03;0;1331.0;25.5;77.25;14.25;0;13.09;14.20;242.60;282.28;2.58;191614.0;0;0;50.0;4515.0;1000.16;742.17;0;1.0;0;1.0;0;0;1.0;0;0;1.0;0;0;1.0;1.0;0;0;1.0;0;0
363093;1.38;1.01;0;1319.0;25.5;77.25;15.0;0;13.14;14.29;271.05;304.84;2.58;191614.0;0;0;50.0;4520.0;1000.16;703.11;0;1.0;0;1.0;1.0;0;1.0;0;0;1.0;0;0;1.0;1.0;0;0;1.0;0;0
363919;1.32;0.99;0;1294.0;25.5;77.25;16.5;0;13.45;14.48;293.08;317.92;2.31;191614.0;0;0;51.0;4509.0;1000.16;273.43;1.0;1.0;0;1.0;1.0;0;1.0;0;0;1.0;0;0;1.0;1.0;0;0;1.0;0;0
364568;1.50;1.02;0;1266.0;25.5;77.25;19.5;0;14.01;14.39;275.04;266.23;2.31;191614.0;0;0;52.0;4503.0;1000.16;39.06;1.0;1.0;0;1.0;0;0;1.0;0;0;1.0;0;0;1.0;1.0;0;0;0;0;0
365124;5.04;1.03;0;1198.0;25.5;77.25;10.5;5.09;23.36;14.29;214.38;202.23;2.58;191614.0;0;0;64.0;4554.0;1000.16;917.95;1.0;1.0;0;1.0;0;0;1.0;0;0;1.0;0;0;1.0;1.0;0;0;0;0;0
365682;4.48;1.00;0;2016.0;25.5;77.25;14.25;11.76;31.70;14.39;156.12;131.51;2.31;191614.0;0;0;52.0;4496.0;1000.16;878.89;1.0;1.0;0;1.0;0;0;1.0;0;0;1.0;0;0;1.0;1.0;0;0;0;0;0
366246;4.43;0.99;11.0;2050.0;25.5;77.25;12.75;13.72;34.43;14.29;98.74;73.64;2.58;191614.0;11.0;12.0;52.0;4480.0;1000.16;839.83;1.0;1.0;0;1.0;0;0;1.0;0;0;1.0;0;0;1.0;1.0;0;0;0;0;0
366755;4.51;0.95;20.0;2353.0;25.5;77.25;14.25;19.61;35.90;14.29;66.81;45.77;2.58;191614.0;19.0;20.0;52.0;4429.0;1000.16;332.02;1.0;1.0;0;1.0;0;0;1.0;0;0;1.0;0;0;1.0;1.0;0;0;0;0;0
367268;4.63;0.98;27.0;3089.0;25.5;77.25;18.75;23.92;36.25;14.48;37.34;25.56;2.31;191614.0;27.0;28.0;52.0;4561.0;1000.16;19.53;1.0;1.0;0;1.0;0;0;1.0;0;0;1.0;0;0;1.0;1.0;0;0;0;0;0
367833;0.08;1.00;33.0;3539.0;25.5;77.25;41.25;0;9.43;14.29;17.75;12.12;2.58;191614.0;32.0;34.0;52.0;4569.0;1000.16;898.42;1.0;1.0;0;1.0;0;0;1.0;0;0;1.0;0;0;1.0;1.0;0;0;0;0;0
368429;4.75;1.00;38.0;3062.0;25.5;77.25;20.25;22.74;35.66;14.39;7.55;7.63;2.31;191614.0;38.0;39.0;52.0;4507.0;1000.16;156.24;2.0;1.0;0;1.0;0;0;1.0;0;0;1.0;0;0;1.0;1.0;0;0;0;0;0
369203;5.87;1.03;48.0;3753.0;25.5;77.25;16.5;30.98;41.94;14.29;3.35;4.66;2.58;191614.0;46.0;49.0;52.0;4649.0;1000.16;820.30;2.0;1.0;0;1.0;0;0;1.0;0;0;1.0;0;0;1.0;1.0;0;0;0;0;0
369771;5.38;1.00;56.0;4369.0;25.5;77.25;22.5;30.98;41.21;14.20;1.87;1.19;2.58;191614.0;55.0;57.0;52.0;4566.0;1000.16;742.17;2.0;1.0;0;1.0;0;0;1.0;0;0;1.0;0;0;1.0;1.0;0;0;0;0;0
370294;6.60;1.00;60.0;3654.0;25.5;77.25;18.75;27.06;40.12;14.29;1.91;2.48;2.58;191614.0;59.0;60.0;52.0;4425.0;1000.16;839.83;3.0;1.0;0;1.0;0;0;1.0;0;0;1.0;0;0;1.0;1.0;0;0;0;0;0
370840;5.59;0.99;65.0;3965.0;25.5;77.25;18.0;30.98;42.90;14.29;0.58;2.75;2.58;191614.0;63.0;65.0;52.0;4593.0;1000.16;781.24;3.0;1.0;0;1.0;0;0;1.0;0;0;1.0;0;0;1.0;1.0;0;0;0;0;0
371402;4.59;0.94;70.0;4250.0;25.5;77.25;24.75;25.49;38.65;14.39;0.13;2.71;2.31;191614.0;68.0;70.0;52.0;4602.0;1000.16;195.31;3.0;1.0;0;1.0;0;0;1.0;0;0;1.0;0;0;1.0;1.0;0;0;0;0;0
371912;5.8;1.02;73.0;4551.0;25.5;77.25;21.0;34.90;42.71;14.20;0.87;2.71;2.58;191614.0;72.0;74.0;52.0;4439.0;1000.16;253.90;3.0;1.0;0;1.0;0;0;1.0;0;0;0;0;0;1.0;1.0;0;0;0;0;0
372439;6.36;1.00;76.0;3931.0;25.5;77.25;18.75;30.98;41.60;14.20;1.42;1.05;2.58;191614.0;74.0;76.0;52.0;4490.0;1000.16;859.36;4.0;1.0;0;1.0;0;0;1.0;0;0;0;0;0;1.0;1.0;0;0;0;0;0
372949;5.80;0.97;80.0;4131.0;25.5;77.25;17.25;34.12;43.35;14.20;2.61;0.31;2.58;191614.0;78.0;80.0;52.0;4584.0;1000.09;624.99;4.0;1.0;0;1.0;0;0;1.0;0;0;0;0;0;1.0;1.0;0;0;0;0;0
373797;5.04;0.99;82.0;4292.0;25.5;77.25;23.25;27.84;38.84;14.39;0.89;0;2.31;191614.0;81.0;83.0;52.0;4548.0;1000.12;624.99;4.0;1.0;0;1.0;0;0;1.0;0;0;0;0;0;1.0;1.0;0;0;0;0;0
374312;6.13;1.00;86.0;4030.0;25.5;78.0;24.75;25.10;37.63;14.39;0;0.37;2.31;191614.0;85.0;87.0;52.0;4391.0;1000.12;859.36;5.0;1.0;0;1.0;0;0;1.0;0;0;0;0;0;1.0;1.0;0;0;0;0;0
374909;6.29;1.00;90.0;4113.0;25.5;78.0;15.75;35.69;43.99;14.39;2.08;1.05;2.31;191614.0;88.0;90.0;52.0;4591.0;1000.09;781.24;5.0;1.0;0;1.0;0;0;1.0;0;0;0;0;0;1.0;1.0;0;0;0;0;0
375454;5.04;0.99;93.0;4301.0;25.5;78.0;22.5;27.84;38.67;14.39;0.56;1.05;2.31;191614.0;91.0;94.0;52.0;4564.0;999.77;683.58;5.0;1.0;0;1.0;0;0;1.0;0;0;0;0;0;1.0;1.0;0;0;0;0;0
375954;4.36;1.02;95.0;4368.0;25.5;78.0;28.5;23.53;34.57;14.39;1.26;1.26;2.31;191614.0;93.0;95.0;52.0;4534.0;999.89;546.86;5.0;1.0;0;1.0;0;0;1.0;0;0;0;0;0;1.0;1.0;0;0;0;0;0
376464;3.86;0.98;96.0;4422.0;25.5;78.0;32.25;20.39;31.04;14.29;0.33;1.34;2.58;191614.0;94.0;96.0;52.0;4509.0;999.89;781.24;5.0;1.0;0;1.0;0;0;1.0;0;0;0;0;0;1.0;1.0;0;0;0;0;0
376986;3.29;0.94;96.0;4443.0;25.5;78.0;35.25;16.47;27.63;14.39;0;0.35;2.31;191614.0;95.0;97.0;52.0;4502.0;999.85;664.05;5.0;1.0;0;1.0;0;0;1.0;0;0;0;0;0;1.0;1.0;0;0;0;0;0
377511;3.26;0.96;98.0;4515.0;25.5;78.0;36.75;16.08;26.90;14.39;0;0;2.31;191614.0;96.0;98.0;52.0;4516.0;999.81;742.17;5.0;1.0;0;1.0;0;0;1.0;0;0;0;0;0;1.0;1.0;0;0;0;0;0
378020;2.90;0.98;97.0;4455.0;25.5;78.75;40.5;13.33;24.79;14.48;49.35;42.14;2.31;191614.0;96.0;98.0;51.0;4502.0;999.85;781.24;5.0;1.0;0;1.0;0;0;1.0;0;0;0;0;0;1.0;1.0;0;0;0;0;0
378831;2.68;0.90;98.0;4510.0;25.5;78.75;40.5;12.55;23.87;14.29;35.38;88.04;2.58;191614.0;97.0;99.0;51.0;4492.0;999.81;761.70;5.0;1.0;0;1.0;0;0;1.0;0;0;0;0;0;1.0;1.0;0;0;0;0;0
379340;2.48;0.90;98.0;4503.0;25.5;78.75;42.75;10.58;22.26;14.39;172.15;159.97;2.31;191614.0;96.0;98.0;51.0;4501.0;999.70;117.18;5.0;1.0;0;1.0;0;0;1.0;0;0;0;0;0;1.0;1.0;0;0;0;0;0
379892;2.43;0.93;97.0;4502.0;25.5;78.75;43.5;9.80;20.74;14.39;270.06;264.18;2.31;191614.0;96.0;98.0;51.0;4489.0;999.77;781.24;5.0;1.0;0;1.0;0;0;1.0;0;0;0;0;0;1.0;1.0;0;0;0;0;0
380447;2.21;0.85;97.0;4491.0;25.5;78.75;42.75;9.41;20.88;14.39;313.00;333.68;2.31;191614.0;96.0;98.0;51.0;4492.0;999.73;234.37;5.0;1.0;0;1.0;0;0;1.0;0;0;0;0;0;1.0;1.0;0;0;0;0;0
381004;2.39;0.91;97.0;4462.0;25.5;78.75;42.75;9.80;21.07;14.29;306.52;344.37;2.58;191614.0;96.0;97.0;51.0;4516.0;999.66;156.24;5.0;1.0;0;1.0;0;0;1.0;0;0;0;0;0;1.0;1.0;0;0;0;0;0
381532;3.59;1.01;97.0;4457.0;25.5;78.75;34.5;17.64;28.43;14.48;320.60;331.67;2.31;191614.0;96.0;97.0;51.0;4567.0;999.70;136.71;5.0;1.0;0;1.0;0;0;1.0;0;0;0;0;0;1.0;1.0;0;0;0;0;0
382078;4.41;1.00;98.0;4562.0;25.5;79.5;30.0;24.31;33.79;14.39;323.61;342.88;2.31;191614.0;96.0;99.0;51.0;4545.0;999.77;19.53;5.0;1.0;0;1.0;0;0;1.0;0;0;0;0;0;1.0;1.0;0;0;0;0;0
382597;3.48;1.00;100.0;4598.0;25.5;79.5;36.0;17.64;27.82;14.29;312.83;318.71;2.58;191614.0;98.0;100.0;51.0;4521.0;999.85;234.37;5.0;1.0;0;1.0;0;0;1.0;0;0;0;0;0;1.0;1.0;0;0;0;0;0
383164;3.65;1.05;100.0;4599.0;25.5;79.5;37.5;17.25;27.54;14.48;333.29;333.65;2.31;191614.0;98.0;100.0;51.0;4492.0;999.93;800.77;5.0;1.0;0;1.0;0;0;1.0;0;0;0;0;0;1.0;1.0;0;0;0;0;0
384061;3.28;0.99;100.0;4602.0;25.5;79.5;39.0;15.68;26.08;14.39;336.20;334.93;2.31;191614.0;99.0;101.0;51.0;4500.0;999.85;761.70;5.0;1.0;0;1.0;0;0;1.0;0;0;0;0;0;1.0;1.0;0;0;0;0;0
384603;2.89;0.96;101.0;4629.0;25.5;79.5;41.25;12.94;23.94;14.39;314.92;308.78;2.31;191614.0;99.0;101.0;51.0;4496.0;1000.01;488.27;5.0;1.0;0;1.0;0;0;1.0;0;0;0;0;0;1.0;1.0;0;0;0;0;0
385156;2.78;0.98;100.0;4612.0;25.5;79.5;42.0;11.37;22.72;14.39;324.84;224.88;2.31;191614.0;99.0;101.0;51.0;4512.0;999.93;722.64;5.0;1.0;0;1.0;0;0;1.0;0;0;0;0;0;1.0;1.0;0;0;0;0;0
385721;2.24;0.88;100.0;4592.0;25.5;79.5;44.25;9.41;20.34;14.39;351.75;302.77;2.31;191614.0;99.0;100.0;51.0;4496.0;1000.01;820.30;5.0;1.0;0;1.0;0;0;1.0;0;0;0;0;0;1.0;1.0;0;0;0;0;0
386247;1.85;0.82;98.0;4568.0;25.5;79.5;46.5;8.23;18.27;14.39;354.56;342.61;2.31;191614.0;98.0;99.0;51.0;4476.0;999.97;527.33;5.0;1.0;0;1.0;0;0;1.0;0;0;0;0;0;1.0;1.0;0;0;0;0;0
386807;2.32;0.83;98.0;4544.0;25.5;79.5;43.5;9.80;21.11;14.39;355.95;346.30;2.31;191614.0;97.0;99.0;51.0;4521.0;999.89;664.05;5.0;1.0;0;1.0;0;0;1.0;0;0;0;0;0;1.0;1.0;0;0;0;0;0
387315;3.75;1.01;98.0;4572.0;25.5;79.5;34.5;19.61;29.38;14.39;337.71;349.43;2.31;191614.0;97.0;99.0;51.0;4591.0;999.89;78.12;5.0;1.0;0;1.0;0;0;1.0;0;0;0;0;0;1.0;1.0;0;0;0;0;0
387836;2.91;0.99;97.0;4420.0;25.5;79.5;32.25;10.58;21.03;14.39;348.12;313.41;2.31;191614.0;96.0;98.0;51.0;4412.0;999.97;859.36;6.0;1.0;0;1.0;0;0;1.0;0;0;0;0;0;1.0;1.0;0;0;0;0;0
388341;3.60;0.96;98.0;4171.0;25.5;79.5;33.0;16.86;29.35;14.48;304.84;331.46;2.31;191614.0;97.0;99.0;51.0;4567.0;1000.05;664.05;6.0;1.0;0;1.0;0;0;1.0;0;0;0;0;0;1.0;1.0;0;0;0;0;0
389133;3.51;0.97;100.0;4219.0;25.5;79.5;33.75;16.86;28.91;14.39;315.66;287.63;2.31;191614.0;97.0;100.0;51.0;4532.0;1000.09;742.17;6.0;1.0;0;1.0;0;0;1.0;0;0;0;0;0;1.0;1.0;0;0;0;0;0
389704;3.30;0.94;100.0;4215.0;25.5;79.5;34.5;15.68;27.93;14.29;261.15;289.45;2.58;191614.0;97.0;100.0;51.0;4505.0;1000.12;175.77;6.0;1.0;0;1.0;0;0;1.0;0;0;0;0;0;1.0;1.0;0;0;0;0;0
390226;3.16;0.95;100.0;4211.0;25.5;78.75;36.75;14.11;26.28;14.39;201.86;228.52;2.31;191614.0;98.0;100.0;51.0;4488.0;1000.05;683.58;6.0;1.0;0;1.0;0;0;1.0;0;0;0;0;0;1.0;1.0;0;0;0;0;0
390724;2.54;0.96;98.0;4159.0;25.5;78.75;42.0;9.41;21.19;14.39;215.88;248.75;2.31;191614.0;97.0;99.0;51.0;4462.0;1000.09;820.30;6.0;1.0;0;1.0;0;0;1.0;0;0;0;0;0;1.0;1.0;0;0;0;0;0
391257;2.32;0.89;98.0;4178.0;25.5;78.75;41.25;9.02;21.04;14.39;276.31;255.29;2.31;191615.0;97.0;99.0;51.0;4504.0;1000.05;781.24;6.0;1.0;0;1.0;0;0;1.0;0;0;0;0;0;1.0;1.0;0;0;0;0;0
391815;2.04;0.82;97.0;4155.0;25.5;78.75;42.0;8.62;20.12;14.39;325.38;323.78;2.31;191615.0;97.0;98.0;51.0;4503.0;1000.09;449.21;6.0;1.0;0;1.0;0;0;1.0;0;0;0;0;0;1.0;1.0;0;0;0;0;0
392332;1.99;0.84;97.0;4137.0;25.5;78.75;42.75;8.23;19.22;14.39;308.57;299.37;2.31;191615.0;96.0;98.0;51.0;4506.0;1000.09;800.77;6.0;1.0;0;1.0;0;0;1.0;0;0;0;0;0;1.0;1.0;0;0;0;0;0
392896;1.72;0.81;97.0;4099.0;25.5;78.75;44.25;7.05;17.30;14.48;292.81;333.47;2.31;191615.0;96.0;97.0;51.0;4514.0;1000.05;800.77;6.0;1.0;0;1.0;0;0;1.0;0;0;0;0;0;1.0;1.0;0;0;0;0;0
393440;1.61;0.75;95.0;4032.0;25.5;78.75;44.25;6.66;17.48;14.48;290.43;330.07;2.31;191615.0;95.0;96.0;51.0;4502.0;1000.09;683.58;6.0;1.0;0;1.0;0;0;1.0;0;0;0;0;0;1.0;1.0;0;0;0;0;0
394253;1.49;0.74;93.0;4022.0;25.5;78.75;45.0;6.27;16.37;14.39;334.82;249.63;2.31;191615.0;94.0;94.0;51.0;4505.0;1000.05;761.70;6.0;1.0;0;1.0;0;0;1.0;0;0;0;0;0;1.0;1.0;0;0;0;0;0
394793;1.61;0.77;93.0;3965.0;25.5;78.75;43.5;6.66;17.14;14.29;358.84;160.34;2.58;191615.0;92.0;93.0;51.0;4510.0;1000.09;136.71;6.0;1.0;0;1.0;0;0;1.0;0;0;0;0;0;1.0;1.0;0;0;0;0;0
395319;2.22;0.83;92.0;3955.0;25.5;78.75;40.5;9.80;21.53;14.39;215.66;266.52;2.31;191615.0;92.0;93.0;51.0;4530.0;1000.12;39.06;6.0;1.0;0;1.0;0;0;1.0;0;0;0;0;0;1.0;1.0;0;0;0;0;0
395828;2.48;0.91;92.0;3930.0;25.5;78.75;39.75;10.19;22.22;14.39;230.43;179.53;2.31;191615.0;92.0;93.0;51.0;4528.0;1000.12;722.64;6.0;1.0;0;1.0;0;0;1.0;0;0;0;0;0;1.0;1.0;0;0;0;0;0
396336;2.51;0.90;93.0;3956.0;25.5;78.75;39.0;10.19;22.58;14.29;156.66;239.02;2.58;191615.0;92.0;93.0;51.0;4512.0;1000.09;683.58;6.0;1.0;0;1.0;0;0;1.0;0;0;0;0;0;1.0;1.0;0;0;0;0;0
396870;2.51;0.91;93.0;3989.0;25.5;78.75;39.75;10.19;22.38;14.39;245.70;213.09;2.31;191615.0;92.0;94.0;51.0;4507.0;1000.12;781.24;6.0;1.0;0;1.0;0;0;1.0;0;0;0;0;0;1.0;1.0;0;0;0;0;0
397430;2.48;0.89;93.0;3966.0;25.5;78.75;39.0;10.19;22.41;14.39;321.52;266.46;2.31;191615.0;92.0;94.0;51.0;4522.0;1000.12;253.90;6.0;1.0;0;1.0;0;0;1.0;0;0;0;0;0;1.0;1.0;0;0;0;0;0
397992;2.50;0.92;93.0;3983.0;25.5;78.75;39.75;10.19;22.08;14.39;263.30;322.86;2.31;191615.0;92.0;94.0;51.0;4520.0;1000.12;800.77;6.0;1.0;0;1.0;0;0;1.0;0;0;0;0;0;1.0;1.0;0;0;0;0;0
398790;2.57;0.87;92.0;3948.0;25.5;78.75;37.5;11.76;24.01;14.39;327.92;261.81;2.31;191615.0;92.0;93.0;51.0;4521.0;1000.16;39.06;6.0;1.0;0;1.0;0;0;1.0;0;0;0;0;0;1.0;1.0;0;0;0;0;0
399311;2.99;0.99;93.0;3962.0;25.5;78.75;37.5;11.76;24.37;14.39;199.34;339.11;2.31;191615.0;92.0;94.0;51.0;4522.0;1000.09;839.83;6.0;1.0;0;1.0;0;0;1.0;0;0;0;0;0;1.0;1.0;0;0;0;0;0
399831;2.59;0.91;93.0;3979.0;25.5;78.0;39.0;10.58;22.89;14.39;148.31;216.68;2.31;191615.0;93.0;94.0;52.0;4514.0;1000.12;781.24;6.0;1.0;0;1.0;0;0;1.0;0;0;0;0;0;1.0;1.0;0;0;0;0;0
400352;2.44;0.89;93.0;3946.0;25.5;78.0;39.75;10.19;22.23;14.39;63.74;94.38;2.31;191615.0;92.0;94.0;52.0;4504.0;1000.12;742.17;6.0;1.0;0;1.0;0;0;1.0;0;0;0;0;0;1.0;1.0;0;0;0;0;0
400868;2.40;0.87;93.0;3951.0;25.5;78.0;39.75;10.19;22.21;14.39;23.35;34.58;2.31;191615.0;92.0;93.0;52.0;4505.0;1000.12;175.77;6.0;1.0;0;1.0;0;0;1.0;0;0;0;0;0;1.0;1.0;0;0;0;0;0
401385;2.44;0.89;93.0;3956.0;25.5;78.0;39.75;9.80;22.12;14.39;9.92;14.02;2.31;191615.0;92.0;94.0;52.0;4513.0;1000.16;683.58;6.0;1.0;0;1.0;0;0;1.0;0;0;0;0;0;1.0;1.0;0;0;0;0;0
401935;2.48;0.90;92.0;3933.0;25.5;78.0;39.75;9.80;22.15;14.39;3.96;5.91;2.31;191615.0;92.0;93.0;52.0;4503.0;1000.16;781.24;6.0;1.0;0;1.0;0;0;1.0;0;0;0;0;0;1.0;1.0;0;0;0;0;0
402443;2.50;0.87;92.0;3919.0;25.5;78.0;38.25;10.98;23.28;14.20;3.73;3.74;2.58;191615.0;91.0;93.0;52.0;4518.0;1000.16;136.71;6.0;1.0;0;1.0;0;0;1.0;0;0;0;0;0;1.0;1.0;0;0;0;0;0
402966;2.72;0.93;92.0;3885.0;25.5;78.0;38.25;10.98;23.38;14.39;1.42;1.50;2.31;191615.0;91.0;92.0;52.0;4502.0;1000.16;800.77;6.0;1.0;0;1.0;0;0;1.0;0;0;0;0;0;1.0;1.0;0;0;0;0;0
403481;2.43;0.86;91.0;3864.0;25.5;78.0;39.0;10.19;22.65;14.39;0.39;0.39;2.31;191615.0;90.0;91.0;52.0;4518.0;1000.16;253.90;6.0;1.0;0;1.0;0;0;1.0;0;0;0;0;0;1.0;1.0;0;0;0;0;0
404274;2.55;0.91;91.0;3834.0;25.5;78.0;38.25;10.19;22.62;14.39;2.16;1.52;2.31;191615.0;89.0;91.0;52.0;4509.0;1000.16;175.77;6.0;1.0;0;1.0;0;0;1.0;0;0;0;0;0;1.0;1.0;0;0;0;0;0
404803;2.98;0.92;90.0;3807.0;25.5;78.0;36.0;12.94;25.20;14.29;1.66;0.27;2.58;191615.0;89.0;90.0;52.0;4517.0;1000.16;136.71;6.0;1.0;0;1.0;0;0;1.0;0;0;0;0;0;1.0;1.0;0;0;0;0;0
405397;3.32;1.01;90.0;3817.0;25.5;78.0;34.5;14.51;26.48;14.39;1.83;2.08;2.31;191615.0;89.0;90.0;52.0;4522.0;1000.16;800.77;6.0;1.0;0;1.0;0;0;1.0;0;0;0;0;0;1.0;1.0;0;0;0;0;0
405916;3.02;0.94;90.0;3823.0;25.5;78.0;35.25;13.72;25.72;14.39;1.60;0.64;2.31;191615.0;89.0;91.0;52.0;4524.0;1000.16;351.55;6.0;1.0;0;1.0;0;0;1.0;0;0;0;0;0;1.0;1.0;0;0;0;0;0
406415;2.64;0.95;90.0;3862.0;25.5;78.0;37.5;10.19;23.43;14.39;1.81;0.19;2.31;191615.0;88.0;91.0;52.0;4499.0;1000.16;839.83;6.0;1.0;0;1.0;0;0;1.0;0;0;0;0;0;1.0;1.0;0;0;0;0;0
406950;2.52;0.95;88.0;3769.0;25.5;78.0;39.75;9.02;21.52;14.39;0.66;0;2.31;191615.0;88.0;89.0;52.0;4486.0;1000.16;839.83;6.0;1.0;0;1.0;0;0;1.0;0;0;0;0;0;1.0;1.0;0;0;0;0;0
407502;2.37;0.88;88.0;3751.0;25.5;78.0;39.0;9.41;21.72;14.48;0.15;0;2.31;191615.0;87.0;89.0;52.0;4497.0;1000.16;624.99;6.0;1.0;0;1.0;0;0;1.0;0;0;0;0;0;1.0;1.0;0;0;0;0;0
408333;2.84;0.90;88.0;3728.0;25.5;78.0;36.0;12.94;25.36;14.29;2.08;0.95;2.58;191615.0;87.0;88.0;52.0;4527.0;1000.16;39.06;6.0;1.0;0;1.0;0;0;1.0;0;0;0;0;0;1.0;1.0;0;0;0;0;0
408873;3.50;1.03;88.0;3781.0;25.5;78.0;33.75;15.68;27.44;14.48;0.44;0.13;2.31;191615.0;87.0;89.0;52.0;4509.0;1000.16;800.77;6.0;1.0;0;1.0;0;0;1.0;0;0;0;0;0;1.0;1.0;0;0;0;0;0
409416;3.32;0.96;90.0;3803.0;25.5;78.0;32.25;15.68;27.60;14.39;0.03;1.15;2.31;191615.0;88.0;90.0;52.0;4530.0;1000.16;156.24;6.0;1.0;0;1.0;0;0;1.0;0;0;0;0;0;1.0;1.0;0;0;0;0;0
409943;3.16;0.98;90.0;3803.0;25.5;78.0;35.25;13.72;25.85;14.20;0;2.22;2.58;191615.0;88.0;90.0;52.0;4507.0;1000.16;703.11;6.0;1.0;0;1.0;0;0;1.0;0;0;0;0;0;1.0;1.0;0;0;0;0;0
410549;4.31;1.00;90.0;3842.0;25.5;78.0;29.25;19.61;31.55;14.20;0;0.70;2.58;191615.0;88.0;90.0;52.0;4539.0;1000.16;703.11;6.0;1.0;0;1.0;0;0;1.0;0;0;0;0;0;1.0;1.0;0;0;0;0;0
411072;3.67;1.02;91.0;3877.0;25.5;78.75;32.25;16.86;28.85;14.48;2.89;0.13;2.31;191615.0;89.0;91.0;52.0;4516.0;1000.16;781.24;6.0;1.0;0;1.0;0;0;1.0;0;0;0;0;0;1.0;1.0;0;0;0;0;0
411622;3.24;0.97;91.0;3881.0;25.5;78.75;35.25;14.90;26.54;14.29;82.39;104.68;2.58;191615.0;90.0;91.0;51.0;4504.0;1000.16;781.24;6.0;1.0;0;1.0;0;0;1.0;0;0;0;0;0;1.0;1.0;0;0;0;0;0
412191;2.77;1.00;91.0;3881.0;25.5;78.75;38.25;10.58;22.79;14.29;138.60;169.24;2.58;191615.0;90.0;91.0;51.0;4481.0;1000.09;820.30;6.0;1.0;0;1.0;0;0;1.0;0;0;0;0;0;1.0;1.0;0;0;0;0;0
412701;2.52;0.92;90.0;3810.0;25.5;78.75;39.0;9.80;22.10;14.39;166.37;202.33;2.31;191615.0;89.0;90.0;51.0;4493.0;1000.12;800.77;6.0;1.0;0;1.0;0;0;1.0;0;0;0;0;0;1.0;1.0;0;0;0;0;0
413210;2.78;0.85;90.0;3850.0;25.5;78.75;36.0;12.94;25.23;14.20;168.87;164.63;2.58;191615.0;89.0;91.0;51.0;4516.0;1000.05;58.59;6.0;1.0;0;1.0;0;0;1.0;0;0;0;0;0;1.0;1.0;0;0;0;0;0
413984;2.91;0.92;90.0;3835.0;25.5;78.75;36.0;13.33;25.43;14.39;169.48;160.90;2.31;191615.0;89.0;90.0;51.0;4532.0;1000.09;683.58;6.0;1.0;0;1.0;0;0;1.0;0;0;0;0;0;1.0;1.0;0;0;0;0;0
414504;2.69;0.93;90.0;3832.0;25.5;78.75;37.5;10.98;23.45;14.39;270.17;259.69;2.31;191615.0;89.0;90.0;51.0;4518.0;999.97;781.24;6.0;1.0;0;1.0;0;0;1.0;0;0;0;0;0;1.0;1.0;0;0;0;0;0
415018;2.25;0.86;90.0;3791.0;25.5;78.75;39.75;9.02;21.43;14.48;324.45;319.94;2.31;191615.0;88.0;90.0;51.0;4495.0;999.81;703.11;6.0;1.0;0;1.0;0;0;1.0;0;0;0;0;0;1.0;1.0;0;0;0;0;0
415581;2.10;0.85;88.0;3771.0;25.5;78.75;40.5;8.23;20.33;14.48;340.23;340.64;2.31;191615.0;88.0;89.0;51.0;4508.0;999.77;703.11;6.0;1.0;0;1.0;0;0;1.0;0;0;0;0;0;1.0;1.0;0;0;0;0;0
416098;3.43;0.99;88.0;3758.0;25.5;78.75;34.5;14.90;26.47;14.39;348.27;315.09;2.31;191615.0;88.0;89.0;51.0;4514.0;999.70;644.52;6.0;1.0;0;1.0;0;0;1.0;0;0;0;0;0;1.0;1.0;0;0;0;0;0
416607;3.40;0.97;90.0;3811.0;25.5;78.75;32.25;16.08;27.96;14.39;337.30;289.43;2.31;191615.0;88.0;90.0;51.0;4552.0;999.77;742.17;6.0;1.0;0;1.0;0;0;1.0;0;0;0;0;0;1.0;1.0;0;0;0;0;0
417118;2.70;0.97;90.0;3790.0;25.5;78.75;38.25;10.19;22.62;14.39;337.22;311.28;2.31;191615.0;88.0;90.0;51.0;4483.0;999.73;820.30;6.0;1.0;0;1.0;0;0;1.0;0;0;0;0;0;1.0;1.0;0;0;0;0;0
417638;1.86;0.91;90.0;3783.0;25.5;78.75;42.0;6.66;18.43;14.39;302.51;308.12;2.31;191615.0;88.0;90.0;51.0;4522.0;999.77;839.83;6.0;1.0;0;1.0;0;0;1.0;0;0;0;0;0;1.0;1.0;0;0;0;0;0
418203;0.56;0.99;86.0;3672.0;25.5;78.75;42.0;0.78;5.26;14.39;311.05;279.41;2.31;191615.0;86.0;87.0;51.0;4527.0;999.77;742.17;6.0;1.0;0;1.0;0;0;1.0;0;0;0;0;0;1.0;1.0;0;0;0;0;0
419079;0.54;1.00;83.0;3536.0;25.5;78.75;-30.0;0;0;14.48;281.44;305.56;2.31;191615.0;83.0;83.0;51.0;4541.0;999.62;0;6.0;1.0;0;1.0;0;0;1.0;0;0;0;0;0;1.0;1.0;0;0;0;0;0
419605;0.57;1.00;78.0;3356.0;25.5;78.75;-30.0;0;0;14.48;328.14;346.48;2.31;191615.0;78.0;79.0;51.0;4548.0;999.58;0;6.0;1.0;0;1.0;0;0;1.0;0;0;0;0;0;1.0;1.0;0;0;0;0;0
420164;0.58;1.00;76.0;3219.0;25.5;78.75;-30.0;0;0;14.48;344.60;349.68;2.31;191615.0;75.0;76.0;51.0;4541.0;999.46;0;6.0;1.0;0;1.0;0;0;1.0;0;0;0;0;0;1.0;1.0;0;0;0;0;0
420691;0.66;1.00;71.0;3016.0;25.5;78.75;-30.0;0;0;14.48;357.82;353.90;2.31;191615.0;70.0;71.0;51.0;4515.0;999.34;0;6.0;1.0;0;1.0;0;0;1.0;0;0;0;0;0;1.0;1.0;0;0;0;0;0
421245;0.70;1.00;65.0;2791.0;25.5;79.5;-30.0;0;0;14.48;341.65;359.31;2.31;191615.0;65.0;66.0;51.0;4545.0;999.30;0;6.0;1.0;0;1.0;0;0;1.0;0;0;0;0;0;1.0;1.0;0;0;0;0;0
421806;0.74;1.00;61.0;2572.0;25.5;79.5;-30.0;0;0;14.48;336.79;352.77;2.31;191615.0;61.0;61.0;51.0;4537.0;999.23;0;6.0;1.0;0;1.0;0;0;1.0;0;0;1.0;0;0;1.0;1.0;0;0;0;0;0
422362;0.86;1.00;55.0;2314.0;25.5;79.5;16.5;0;12.83;14.39;261.31;286.17;2.31;191615.0;55.0;55.0;49.0;4219.0;999.15;19.53;6.0;1.0;0;1.0;0;0;1.0;0;0;1.0;0;0;1.0;1.0;0;0;0;0;0
422881;0.92;1.00;51.0;2196.0;25.5;79.5;15.75;0;12.86;14.39;152.41;198.46;2.31;191615.0;51.0;51.0;47.0;4330.0;999.23;19.53;6.0;1.0;0;1.0;0;0;1.0;0;0;1.0;0;0;1.0;1.0;0;0;0;0;0
423715;1.12;0.99;48.0;1724.0;25.5;79.5;14.25;0;13.04;14.29;168.01;220.64;2.58;191615.0;49.0;48.0;46.0;4449.0;999.27;58.59;5.0;1.0;0;1.0;0;0;1.0;0;0;1.0;0;0;1.0;1.0;0;0;0;0;0
424233;0.84;1.00;43.0;2499.0;25.5;79.5;15.0;0;13.02;14.39;158.38;204.90;2.31;191615.0;44.0;44.0;51.0;4516.0;999.27;839.83;5.0;1.0;0;1.0;0;0;1.0;0;0;1.0;0;0;1.0;1.0;0;0;0;0;0
424745;1.55;0.98;42.0;2223.0;25.5;79.5;21.0;1.96;11.56;14.29;152.74;161.04;2.58;191615.0;43.0;43.0;51.0;4515.0;999.30;878.89;4.0;1.0;0;1.0;0;0;1.0;0;0;1.0;0;0;1.0;1.0;0;0;0;0;0
425271;2.84;0.99;42.0;2253.0;25.5;79.5;21.75;6.27;21.75;14.39;170.37;141.33;2.31;191615.0;43.0;43.0;51.0;4485.0;999.42;878.89;4.0;1.0;0;1.0;0;0;1.0;0;0;1.0;0;0;1.0;1.0;0;0;0;0;0
425779;3.92;1.00;45.0;2359.0;26.25;79.5;20.25;12.55;30.46;14.39;225.20;205.35;2.31;191615.0;44.0;45.0;51.0;4417.0;999.42;839.83;4.0;1.0;0;1.0;0;0;1.0;0;0;1.0;0;0;1.0;1.0;0;0;0;0;0
426298;4.07;1.00;47.0;2491.0;26.25;79.5;21.0;15.68;32.12;14.39;282.65;219.94;2.31;191615.0;47.0;47.0;51.0;4460.0;999.50;742.17;4.0;1.0;0;1.0;0;0;1.0;0;0;1.0;0;0;1.0;1.0;0;0;0;0;0
426810;3.75;0.95;50.0;2618.0;26.25;79.5;23.25;16.47;31.68;14.39;316.34;262.60;2.31;191615.0;49.0;50.0;51.0;4513.0;999.54;117.18;4.0;1.0;0;1.0;0;0;1.0;0;0;1.0;0;0;1.0;1.0;0;0;0;0;0
427336;3.88;1.01;52.0;2768.0;26.25;79.5;24.75;16.47;31.38;14.20;335.50;301.71;2.58;191615.0;52.0;53.0;51.0;4543.0;999.66;78.12;4.0;1.0;0;1.0;0;0;1.0;0;0;1.0;0;0;1.0;1.0;0;0;0;0;0
427983;4.61;1.00;56.0;2909.0;26.25;79.5;22.5;20.00;34.20;14.29;351.14;328.98;2.58;191615.0;55.0;56.0;51.0;4546.0;999.70;156.24;4.0;1.0;0;1.0;0;0;1.0;0;0;1.0;0;0;1.0;1.0;0;0;0;0;0
428761;3.35;1.00;60.0;3105.0;26.25;79.5;29.25;13.33;28.46;14.29;295.86;296.68;2.58;191615.0;59.0;60.0;51.0;4530.0;999.81;859.36;4.0;1.0;0;1.0;0;0;1.0;0;0;0;0;0;1.0;1.0;0;0;0;0;0
429272;2.14;0.98;60.0;3146.0;26.25;79.5;36.0;6.27;18.40;14.48;314.31;292.28;2.31;191615.0;60.0;61.0;51.0;4514.0;999.73;878.89;4.0;1.0;0;1.0;0;0;1.0;0;0;0;0;0;1.0;1.0;0;0;0;0;0
429847;2.30;0.94;61.0;3175.0;26.25;79.5;35.25;7.45;20.25;14.48;283.39;322.12;2.31;191615.0;60.0;61.0;51.0;4501.0;999.58;839.83;4.0;1.0;0;1.0;0;0;1.0;0;0;0;0;0;1.0;1.0;0;0;0;0;0
430362;3.54;0.97;62.0;3247.0;26.25;79.5;28.5;15.29;27.80;14.39;312.44;314.58;2.31;191615.0;61.0;63.0;51.0;4520.0;999.58;234.37;4.0;1.0;0;1.0;0;0;1.0;0;0;0;0;0;1.0;1.0;0;0;0;0;0
430911;3.35;1.01;65.0;3371.0;26.25;79.5;30.75;14.11;26.95;14.39;325.79;187.60;2.31;191615.0;64.0;65.0;51.0;4524.0;999.38;839.83;4.0;1.0;0;1.0;0;0;1.0;0;0;0;0;0;1.0;1.0;0;0;0;0;0
431502;2.62;0.98;66.0;3427.0;26.25;79.5;36.0;9.02;21.99;14.29;304.84;172.54;2.58;191615.0;64.0;66.0;51.0;4502.0;999.34;839.83;4.0;1.0;0;1.0;0;0;1.0;0;0;0;0;0;1.0;1.0;0;0;0;0;0
432013;2.26;0.91;66.0;3456.0;26.25;79.5;37.5;7.84;20.34;14.48;326.22;245.33;2.31;191615.0;65.0;67.0;51.0;4515.0;999.30;820.30;4.0;1.0;0;1.0;0;0;1.0;0;0;0;0;0;1.0;1.0;0;0;0;0;0
432552;1.35;0.88;66.0;3412.0;26.25;79.5;39.0;4.31;13.27;14.39;349.41;307.98;2.31;191615.0;65.0;66.0;51.0;4533.0;999.19;859.36;4.0;1.0;0;1.0;0;0;1.0;0;0;0;0;0;1.0;1.0;0;0;0;0;0
433094;2.0;0.85;65.0;3388.0;26.25;79.5;39.0;6.27;17.64;14.39;353.45;338.25;2.31;191615.0;65.0;65.0;51.0;4499.0;999.11;761.70;4.0;1.0;0;1.0;0;0;1.0;0;0;0;0;0;1.0;1.0;0;0;0;0;0
433869;2.08;0.82;65.0;3416.0;26.25;79.5;36.75;8.23;20.91;14.39;350.66;348.31;2.31;191615.0;65.0;66.0;51.0;4510.0;999.07;39.06;4.0;1.0;0;1.0;0;0;1.0;0;0;0;0;0;1.0;1.0;0;0;0;0;0
434421;2.81;0.91;67.0;3499.0;26.25;79.5;33.0;11.76;25.02;14.29;361.10;334.78;2.58;191615.0;66.0;67.0;51.0;4515.0;999.07;39.06;4.0;1.0;0;1.0;0;0;1.0;0;0;0;0;0;1.0;1.0;0;0;0;0;0
434943;3.04;0.98;68.0;3567.0;26.25;79.5;33.75;12.55;25.32;14.48;350.77;322.44;2.31;191616.0;67.0;68.0;51.0;4501.0;999.03;761.70;4.0;1.0;0;1.0;0;0;1.0;0;0;0;0;0;1.0;1.0;0;0;0;0;0
435509;3.25;0.97;70.0;3640.0;26.25;79.5;32.25;14.90;26.90;14.39;345.46;340.73;2.31;191616.0;69.0;70.0;51.0;4521.0;998.99;195.31;4.0;1.0;0;1.0;0;0;1.0;0;0;0;0;0;1.0;1.0;0;0;0;0;0
436062;3.44;1.00;71.0;3729.0;26.25;79.5;31.5;15.68;27.76;14.29;334.64;278.40;2.58;191616.0;71.0;72.0;51.0;4560.0;998.99;644.52;4.0;1.0;0;1.0;0;0;1.0;0;0;0;0;0;1.0;1.0;0;0;0;0;0
436636;3.48;1.00;73.0;3819.0;26.25;79.5;33.0;16.47;27.95;14.29;303.80;216.29;2.58;191616.0;72.0;74.0;51.0;4539.0;998.99;800.77;4.0;1.0;0;1.0;0;0;1.0;0;0;0;0;0;1.0;1.0;0;0;0;0;0
437156;3.36;0.95;75.0;3920.0;26.25;79.5;33.0;16.47;28.12;14.39;216.66;216.76;2.31;191616.0;74.0;76.0;51.0;4553.0;998.95;273.43;4.0;1.0;0;1.0;0;0;1.0;0;0;0;0;0;1.0;1.0;0;0;0;0;0
437720;3.36;0.96;77.0;3980.0;26.25;79.5;33.75;16.08;28.00;14.29;235.80;209.63;2.58;191616.0;76.0;77.0;51.0;4546.0;998.95;781.24;4.0;1.0;0;1.0;0;0;1.0;0;0;0;0;0;1.0;1.0;0;0;0;0;0
438630;3.32;0.94;78.0;4085.0;26.25;79.5;34.5;15.68;28.19;14.39;286.79;261.56;2.31;191616.0;78.0;79.0;51.0;4554.0;999.03;664.05;4.0;1.0;0;1.0;0;0;1.0;0;0;0;0;0;1.0;1.0;0;0;0;0;0
439198;4.20;1.00;81.0;4213.0;26.25;79.5;31.5;19.21;31.23;14.39;305.78;333.92;2.31;191616.0;80.0;81.0;51.0;4555.0;999.11;234.37;4.0;1.0;0;1.0;0;0;1.0;0;0;0;0;0;1.0;1.0;0;0;0;0;0
439725;4.03;1.00;82.0;3975.0;26.25;79.5;37.5;12.15;24.53;14.39;339.58;327.06;2.31;191616.0;81.0;82.0;51.0;4355.0;999.07;839.83;5.0;1.0;0;1.0;0;0;1.0;0;0;0;0;0;1.0;1.0;0;0;0;0;0
440256;4.79;1.00;83.0;3826.0;26.25;79.5;26.25;21.57;33.62;14.39;322.83;316.54;2.31;191616.0;82.0;83.0;51.0;4497.0;999.03;742.17;5.0;1.0;0;1.0;0;0;1.0;0;0;0;0;0;1.0;1.0;0;0;0;0;0
440801;4.72;0.97;86.0;3941.0;26.25;79.5;24.0;24.70;37.55;14.20;259.78;315.01;2.58;191616.0;84.0;86.0;51.0;4588.0;998.99;546.86;5.0;1.0;0;1.0;0;0;1.0;0;0;0;0;0;1.0;1.0;0;0;0;0;0
441370;5.24;1.02;87.0;4002.0;26.25;79.5;22.5;27.06;39.46;14.39;323.35;160.10;2.31;191616.0;85.0;87.0;51.0;4578.0;998.99;722.64;5.0;1.0;0;1.0;0;0;1.0;0;0;0;0;0;1.0;1.0;0;0;0;0;0
441885;5.46;1.03;90.0;4151.0;26.25;79.5;21.0;28.23;40.20;14.29;252.71;155.61;2.58;191616.0;88.0;90.0;51.0;4556.0;999.03;683.58;5.0;1.0;0;1.0;0;0;1.0;0;0;0;0;0;1.0;1.0;0;0;0;0;0
442404;5.28;1.02;92.0;4219.0;26.25;79.5;21.75;28.23;39.39;14.39;251.68;172.48;2.31;191616.0;90.0;92.0;51.0;4540.0;998.99;664.05;5.0;1.0;0;1.0;0;0;1.0;0;0;0;0;0;1.0;1.0;0;0;0;0;0
442910;4.86;0.99;93.0;4388.0;26.25;79.5;24.0;27.45;37.66;14.39;219.10;165.51;2.31;191616.0;92.0;94.0;51.0;4509.0;998.99;585.93;5.0;1.0;0;1.0;0;0;1.0;0;0;0;0;0;1.0;1.0;0;0;0;0;0
443544;4.50;0.97;95.0;4383.0;26.25;79.5;27.0;25.49;36.18;14.29;249.61;211.17;2.58;191616.0;93.0;95.0;51.0;4528.0;998.99;195.31;5.0;1.0;0;1.0;0;0;1.0;0;0;0;0;0;1.0;1.0;0;0;0;0;0
444372;5.60;1.07;97.0;4509.0;26.25;79.5;22.5;31.37;39.19;14.39;336.77;302.10;2.31;191616.0;96.0;98.0;51.0;4500.0;998.95;683.58;5.0;1.0;0;1.0;0;0;1.0;0;0;0;0;0;1.0;1.0;0;0;0;0;0
444964;5.64;1.04;101.0;4613.0;26.25;79.5;22.5;34.12;40.44;14.20;354.70;341.59;2.58;191616.0;98.0;101.0;51.0;4492.0;998.95;722.64;5.0;1.0;0;1.0;0;0;1.0;0;0;0;0;0;1.0;1.0;0;0;0;0;0
445496;5.32;1.06;103.0;4769.0;26.25;79.5;24.75;32.55;38.14;14.29;351.81;349.89;2.58;191616.0;101.0;103.0;51.0;4502.0;998.91;664.05;5.0;1.0;0;1.0;0;0;1.0;0;0;0;0;0;1.0;1.0;0;0;0;0;0
446042;5.58;1.06;105.0;4847.0;26.25;79.5;22.5;34.90;38.98;14.39;347.65;350.05;2.31;191616.0;102.0;105.0;51.0;4465.0;998.91;136.71;5.0;1.0;0;1.0;0;0;1.0;0;0;0;0;0;1.0;1.0;0;0;0;0;0
446630;3.19;1.00;103.0;4404.0;26.25;79.5;32.25;12.55;23.02;14.39;308.94;223.38;2.31;191616.0;101.0;103.0;51.0;4473.0;998.84;820.30;6.0;1.0;0;1.0;0;0;1.0;0;0;0;0;0;1.0;1.0;0;0;0;0;0
447179;4.60;1.01;103.0;4387.0;26.25;79.5;27.0;25.10;35.76;14.29;241.60;234.75;2.58;191616.0;101.0;104.0;51.0;4601.0;998.72;214.84;6.0;1.0;0;1.0;0;0;1.0;0;0;0;0;0;1.0;1.0;0;0;0;0;0
447712;4.89;1.09;103.0;4400.0;26.25;79.5;27.75;24.31;35.16;14.20;218.81;230.62;2.58;191616.0;102.0;104.0;51.0;4531.0;998.64;781.24;6.0;1.0;0;1.0;0;0;1.0;0;0;0;0;0;1.0;1.0;0;0;0;0;0
448560;4.24;1.05;105.0;4435.0;26.25;79.5;31.5;21.17;31.93;14.29;197.72;197.15;2.58;191616.0;102.0;105.0;51.0;4522.0;998.48;703.11;6.0;1.0;0;1.0;0;0;1.0;0;0;0;0;0;1.0;1.0;0;0;0;0;0
449133;3.85;1.00;105.0;4440.0;26.25;79.5;33.0;19.61;30.38;14.39;251.48;206.86;2.31;191616.0;102.0;105.0;51.0;4508.0;998.29;566.39;6.0;1.0;0;1.0;0;0;1.0;0;0;0;0;0;0;1.0;0;0;0;0;0
449691;3.89;1.00;103.0;4400.0;26.25;79.5;32.25;20.00;30.80;14.48;284.74;262.01;2.31;191616.0;102.0;104.0;51.0;4507.0;998.17;800.77;6.0;1.0;0;1.0;0;0;1.0;0;0;0;0;0;1.0;1.0;0;0;0;0;0
450233;4.61;1.02;105.0;4450.0;26.25;79.5;27.75;25.10;35.03;14.20;302.53;321.85;2.58;191616.0;103.0;105.0;51.0;4524.0;998.21;781.24;6.0;1.0;0;1.0;0;0;1.0;0;0;0;0;0;1.0;1.0;0;0;0;0;0
450779;4.22;1.01;105.0;4445.0;26.25;79.5;30.0;22.35;32.69;14.39;332.04;346.16;2.31;191616.0;103.0;105.0;51.0;4514.0;998.13;644.52;6.0;1.0;0;1.0;0;0;1.0;0;0;0;0;0;1.0;1.0;0;0;0;0;0
451296;4.35;1.05;105.0;4458.0;26.25;79.5;30.0;22.35;32.59;14.39;339.43;306.32;2.31;191616.0;103.0;105.0;51.0;4509.0;998.02;781.24;6.0;1.0;0;1.0;0;0;1.0;0;0;0;0;0;1.0;1.0;0;0;0;0;0
451860;4.88;1.00;106.0;4465.0;26.25;79.5;24.75;27.84;37.59;14.39;345.72;340.48;2.31;191616.0;103.0;106.0;51.0;4521.0;997.86;39.06;6.0;1.0;0;1.0;0;0;1.0;0;0;0;0;0;1.0;1.0;0;0;0;0;0
452383;5.20;1.07;106.0;4541.0;27.0;79.5;24.75;28.63;36.91;14.29;342.22;325.23;2.58;191616.0;104.0;107.0;51.0;4512.0;997.82;761.70;6.0;1.0;0;1.0;0;0;1.0;0;0;0;0;0;1.0;1.0;0;0;0;0;0
452887;5.0;1.04;107.0;4544.0;27.0;79.5;25.5;28.23;37.01;14.29;342.12;340.52;2.58;191616.0;104.0;107.0;51.0;4510.0;997.70;722.64;6.0;1.0;0;1.0;0;0;1.0;0;0;0;0;0;1.0;1.0;0;0;0;0;0
453723;4.99;1.03;107.0;4519.0;27.0;79.5;25.5;28.23;37.35;14.39;306.69;340.70;2.31;191616.0;104.0;107.0;51.0;4524.0;997.66;664.05;6.0;1.0;0;1.0;0;0;1.0;0;0;0;0;0;1.0;1.0;0;0;0;0;0
454244;3.53;0.99;106.0;4498.0;27.0;79.5;35.25;18.43;28.82;14.48;207.48;319.23;2.31;191616.0;105.0;107.0;51.0;4483.0;997.51;839.83;6.0;1.0;0;1.0;0;0;1.0;0;0;0;0;0;1.0;1.0;0;0;0;0;0
454780;2.85;0.99;105.0;4451.0;27.0;79.5;40.5;11.76;23.32;14.48;107.12;235.45;2.31;191616.0;104.0;106.0;51.0;4476.0;997.27;839.83;6.0;1.0;0;1.0;0;0;1.0;0;0;0;0;0;1.0;1.0;0;0;0;0;0
455317;1.45;0.99;103.0;4366.0;27.0;79.5;47.25;5.49;13.38;14.39;152.29;281.77;2.31;191616.0;102.0;103.0;51.0;4415.0;997.20;878.89;6.0;1.0;0;1.0;0;0;1.0;0;0;0;0;0;1.0;1.0;0;0;0;0;0
455883;1.48;0.98;100.0;4230.0;27.0;79.5;46.5;5.09;12.25;14.29;260.74;331.87;2.58;191616.0;98.0;100.0;51.0;4443.0;997.00;878.89;6.0;1.0;0;1.0;0;0;1.0;0;0;0;0;0;1.0;1.0;0;0;0;0;0
456447;1.80;0.95;96.0;4111.0;27.0;79.5;45.75;6.27;15.50;14.29;301.52;347.45;2.58;191616.0;96.0;97.0;51.0;4496.0;996.88;839.83;6.0;1.0;0;1.0;0;0;1.0;0;0;0;0;0;1.0;1.0;0;0;0;0;0
457003;0.64;1.00;92.0;3696.0;27.0;79.5;42.0;0.78;5.24;14.39;345.75;329.04;2.31;191616.0;92.0;93.0;51.0;4419.0;996.73;703.11;5.0;1.0;0;1.0;0;0;1.0;0;0;0;0;0;1.0;1.0;0;0;0;0;0
457522;1.21;1.00;88.0;4111.0;27.0;79.5;46.5;3.52;9.51;14.29;305.99;290.80;2.58;191616.0;88.0;89.0;51.0;4226.0;996.65;878.89;5.0;1.0;0;1.0;0;0;1.0;0;0;0;0;0;1.0;1.0;0;0;0;0;0
458048;1.41;0.98;87.0;3980.0;27.0;79.5;45.75;4.31;11.51;14.39;249.61;277.75;2.31;191616.0;86.0;87.0;51.0;4334.0;996.61;859.36;5.0;1.0;0;1.0;0;0;1.0;0;0;0;0;0;1.0;1.0;0;0;0;0;0
458920;2.10;0.96;86.0;3982.0;27.0;79.5;45.0;6.27;15.36;14.39;101.82;325.23;2.31;191616.0;84.0;86.0;51.0;4442.0;996.57;820.30;5.0;1.0;0;1.0;0;0;1.0;0;0;0;0;0;1.0;1.0;0;0;0;0;0
459443;4.60;0.97;86.0;3963.0;27.0;79.5;29.25;21.57;32.85;14.39;149.07;270.31;2.31;191616.0;83.0;86.0;51.0;4540.0;996.53;761.70;5.0;1.0;0;1.0;0;0;1.0;0;0;0;0;0;1.0;1.0;0;0;0;0;0
460028;5.16;1.01;86.0;3995.0;27.0;79.5;21.75;26.66;39.10;14.39;232.89;165.82;2.31;191616.0;84.0;87.0;51.0;4591.0;996.45;488.27;5.0;1.0;0;1.0;0;0;1.0;0;0;0;0;0;1.0;1.0;0;0;0;0;0
460545;5.70;1.05;87.0;4044.0;27.0;79.5;20.25;29.02;40.53;14.29;319.25;192.58;2.58;191616.0;84.0;88.0;51.0;4551.0;996.30;722.64;5.0;1.0;0;1.0;0;0;1.0;0;0;0;0;0;1.0;1.0;0;0;0;0;0
461154;5.60;1.03;88.0;4087.0;27.0;79.5;20.25;29.80;40.97;14.39;279.39;256.58;2.31;191616.0;85.0;89.0;51.0;4533.0;996.18;742.17;5.0;1.0;0;1.0;0;0;1.0;0;0;0;0;0;1.0;1.0;0;0;0;0;0
461668;6.09;1.01;90.0;4155.0;27.0;79.5;16.5;35.29;43.46;14.39;332.32;302.77;2.31;191616.0;86.0;90.0;51.0;4523.0;995.98;527.33;5.0;1.0;0;1.0;0;0;1.0;0;0;0;0;0;1.0;1.0;0;0;0;0;0
462274;5.56;1.02;91.0;4194.0;27.0;79.5;20.25;30.19;40.98;14.48;346.13;324.86;2.31;191616.0;88.0;91.0;51.0;4528.0;996.10;605.46;5.0;1.0;0;1.0;0;0;1.0;0;0;0;0;0;1.0;1.0;0;0;0;0;0
462793;4.35;0.98;90.0;4164.0;27.0;79.5;27.0;22.35;34.87;14.39;333.94;330.95;2.31;191616.0;88.0;90.0;51.0;4508.0;996.06;449.21;5.0;1.0;0;1.0;0;0;1.0;0;0;0;0;0;1.0;1.0;0;0;0;0;0
463727;4.30;0.99;88.0;4095.0;27.0;79.5;27.75;21.96;34.26;14.39;302.75;310.74;2.31;191616.0;87.0;89.0;51.0;4509.0;995.95;683.58;5.0;1.0;0;1.0;0;0;1.0;0;0;0;0;0;1.0;1.0;0;0;0;0;0
464228;4.29;1.01;92.0;4250.0;27.0;79.5;28.5;21.57;33.24;14.39;279.80;287.93;2.31;191616.0;89.0;92.0;51.0;4500.0;995.59;761.70;5.0;1.0;0;1.0;0;0;1.0;0;0;0;0;0;1.0;1.0;0;0;0;0;0
464741;5.80;1.00;92.0;4257.0;27.0;79.5;22.5;29.80;40.08;14.20;313.18;272.56;2.58;191616.0;90.0;93.0;51.0;4520.0;995.52;781.24;5.0;1.0;0;1.0;0;0;1.0;0;0;0;0;0;1.0;1.0;0;0;0;0;0
465266;5.48;0.98;95.0;4340.0;27.0;79.5;20.25;32.94;41.50;14.39;262.85;277.52;2.31;191616.0;91.0;95.0;51.0;4547.0;995.44;468.74;5.0;1.0;0;1.0;0;0;1.0;0;0;0;0;0;1.0;1.0;0;0;0;0;0
465830;5.50;1.03;95.0;4394.0;27.0;79.5;22.5;30.98;40.00;14.39;258.12;259.18;2.31;191616.0;92.0;96.0;51.0;4510.0;995.28;722.64;5.0;1.0;0;1.0;0;0;1.0;0;0;0;0;0;1.0;1.0;0;0;0;0;0
466415;5.25;1.03;97.0;4452.0;27.0;79.5;23.25;29.80;38.90;14.48;245.86;233.12;2.31;191616.0;93.0;97.0;51.0;4515.0;995.09;761.70;5.0;1.0;0;1.0;0;0;1.0;0;0;0;0;0;1.0;1.0;0;0;0;0;0
466990;4.25;1.02;96.0;4425.0;27.0;79.5;30.0;21.96;32.88;14.39;294.64;279.98;2.31;191616.0;93.0;97.0;51.0;4504.0;994.97;624.99;5.0;1.0;0;1.0;0;0;1.0;0;0;0;0;0;1.0;1.0;0;0;0;0;0
467508;3.33;1.00;96.0;4402.0;27.0;79.5;35.25;16.86;28.12;14.48;319.80;333.29;2.31;191616.0;93.0;96.0;51.0;4491.0;994.73;839.83;5.0;1.0;0;1.0;0;0;1.0;0;0;0;0;0;1.0;1.0;0;0;0;0;0
468082;3.05;0.96;95.0;4370.0;27.0;79.5;39.0;13.72;25.18;14.39;346.22;327.36;2.31;191616.0;92.0;95.0;51.0;4450.0;994.66;820.30;5.0;1.0;0;1.0;0;0;1.0;0;0;0;0;0;1.0;1.0;0;0;0;0;0
468952;2.48;0.97;93.0;4278.0;27.0;79.5;42.75;9.02;20.41;14.48;334.70;294.62;2.31;191616.0;92.0;93.0;51.0;4463.0;994.62;859.36;5.0;1.0;0;1.0;0;0;1.0;0;0;0;0;0;1.0;1.0;0;0;0;0;0
469470;1.92;0.86;90.0;4114.0;27.0;79.5;44.25;7.45;18.17;14.39;298.24;269.86;2.31;191616.0;88.0;90.0;51.0;4479.0;994.34;820.30;5.0;1.0;0;1.0;0;0;1.0;0;0;0;0;0;1.0;1.0;0;0;0;0;0
469973;1.04;0.99;86.0;3792.0;27.0;79.5;44.25;2.74;8.87;14.48;311.11;193.75;2.31;191616.0;85.0;86.0;51.0;4480.0;994.27;878.89;5.0;1.0;0;1.0;0;0;1.0;0;0;0;0;0;1.0;1.0;0;0;0;0;0
470538;0.54;0.98;82.0;3786.0;27.0;79.5;43.5;0.39;5.15;14.39;262.17;201.78;2.31;191616.0;83.0;83.0;51.0;4540.0;994.19;820.30;5.0;1.0;0;1.0;0;0;1.0;0;0;0;0;0;1.0;1.0;0;0;0;0;0
471065;0.55;1.00;78.0;3635.0;27.0;79.5;-30.0;0;0;14.48;218.54;199.01;2.31;191616.0;78.0;79.0;51.0;4553.0;994.15;0;5.0;1.0;0;1.0;0;0;1.0;0;0;0;0;0;1.0;1.0;0;0;0;0;0
471625;0.54;1.00;75.0;3472.0;27.0;79.5;-30.0;0;0;14.48;201.25;196.02;2.31;191616.0;74.0;75.0;51.0;4548.0;994.11;0;5.0;1.0;0;1.0;0;0;1.0;0;0;0;0;0;1.0;1.0;0;0;0;0;0
472138;0.59;1.00;71.0;3289.0;27.0;79.5;-30.0;0;0;14.48;241.78;243.91;2.31;191616.0;71.0;71.0;51.0;4540.0;994.03;0;5.0;1.0;0;1.0;0;0;1.0;0;0;0;0;0;1.0;1.0;0;0;0;0;0
472656;0.64;1.00;67.0;3117.0;27.0;79.5;-30.0;0;0;14.58;296.54;304.19;2.31;191616.0;67.0;68.0;51.0;4534.0;993.95;0;5.0;1.0;0;1.0;0;0;1.0;0;0;0;0;0;1.0;1.0;0;0;0;0;0
473449;0.63;1.00;65.0;2968.0;27.0;80.25;-30.0;0;0;14.48;328.27;331.83;2.31;191616.0;64.0;65.0;51.0;4528.0;993.84;0;5.0;1.0;0;1.0;0;0;1.0;0;0;0;0;0;1.0;1.0;0;0;0;0;0
473954;0.70;1.00;58.0;2748.0;27.0;80.25;-30.0;0;0;14.58;324.97;337.82;2.31;191617.0;59.0;59.0;51.0;4543.0;993.45;0;5.0;1.0;0;1.0;0;0;1.0;0;0;0;0;0;1.0;1.0;0;0;0;0;0
474518;0.73;1.00;56.0;2588.0;27.0;80.25;-30.0;0;0;14.48;348.51;339.88;2.31;191617.0;56.0;56.0;51.0;4579.0;993.25;0;5.0;1.0;0;1.0;0;0;1.0;0;0;1.0;0;0;1.0;1.0;0;0;0;0;0
475082;0.84;1.00;52.0;2416.0;27.0;80.25;16.5;0;12.74;14.29;312.44;310.70;2.58;191617.0;52.0;53.0;48.0;4214.0;993.09;0;5.0;1.0;0;1.0;0;0;1.0;0;0;1.0;0;0;1.0;1.0;0;0;0;0;0
475616;0.92;1.00;47.0;2220.0;27.0;80.25;15.0;0;12.79;14.39;206.41;220.74;2.31;191617.0;48.0;48.0;47.0;4326.0;993.02;19.53;5.0;1.0;0;1.0;0;0;1.0;0;0;1.0;0;0;1.0;1.0;0;0;0;0;0
476209;0.96;1.00;42.0;1959.0;27.0;80.25;14.25;0;12.82;14.29;122.96;151.84;2.58;191617.0;42.0;43.0;48.0;4453.0;992.94;19.53;5.0;1.0;0;1.0;0;0;1.0;0;0;1.0;0;0;1.0;1.0;0;0;0;0;0
476767;1.33;1.01;35.0;1338.0;27.0;80.25;15.0;0;12.71;14.39;117.45;135.28;2.31;191617.0;35.0;35.0;46.0;4470.0;992.86;39.06;5.0;1.0;0;1.0;0;0;1.0;0;0;1.0;0;0;1.0;1.0;0;0;0;0;0
477294;1.35;1.01;27.0;1303.0;27.0;80.25;14.25;0;12.64;14.29;100.75;178.67;2.58;191617.0;28.0;28.0;47.0;4496.0;992.86;800.77;5.0;1.0;0;1.0;0;0;1.0;0;0;1.0;0;0;1.0;1.0;0;0;0;0;0
477918;1.44;0.99;21.0;1249.0;27.0;80.25;18.0;0;13.34;14.39;104.46;153.74;2.31;191617.0;21.0;21.0;47.0;4497.0;992.82;722.64;5.0;1.0;0;1.0;1.0;0;1.0;0;0;1.0;0;0;1.0;1.0;0;0;1.0;0;0
478732;1.51;0.97;17.0;1210.0;27.0;80.25;21.0;0;13.81;14.29;125.57;153.60;2.58;191617.0;17.0;17.0;48.0;4513.0;992.82;273.43;4.0;1.0;0;1.0;1.0;0;1.0;0;0;1.0;0;0;1.0;1.0;0;0;1.0;0;0
479234;1.29;0.98;13.0;1248.0;27.0;80.25;18.0;0;13.45;14.29;82.33;112.49;2.58;191617.0;14.0;14.0;49.0;4510.0;992.78;58.59;4.0;1.0;0;1.0;0;0;1.0;0;0;1.0;0;0;1.0;1.0;0;0;0;0;0
479759;1.47;0.99;11.0;1199.0;27.0;80.25;22.5;0;14.08;14.48;63.21;81.96;2.31;191617.0;12.0;12.0;50.0;4531.0;992.78;39.06;3.0;1.0;0;1.0;1.0;0;1.0;0;0;1.0;0;0;1.0;1.0;0;0;1.0;0;0
480316;1.38;1.00;10.0;1247.0;27.0;80.25;17.25;0;13.38;14.39;49.35;69.93;2.31;191617.0;10.0;10.0;48.0;4506.0;992.78;703.11;2.0;1.0;0;1.0;0;0;1.0;0;0;1.0;0;0;1.0;1.0;0;0;0;0;0
480837;3.96;1.00;8.0;1793.0;27.0;80.25;5.25;7.05;21.94;14.39;35.95;48.31;2.31;191617.0;9.0;9.0;51.0;4532.0;992.78;878.89;1.0;1.0;0;1.0;0;0;1.0;0;0;1.0;0;0;1.0;1.0;0;0;0;0;0
481401;4.44;1.00;12.0;2037.0;27.0;80.25;15.75;10.98;29.96;14.29;66.42;74.13;2.58;191617.0;12.0;12.0;51.0;4460.0;992.78;839.83;1.0;1.0;0;1.0;0;0;1.0;0;0;1.0;0;0;1.0;1.0;0;0;0;0;0
481908;4.46;0.99;18.0;2191.0;27.0;80.25;14.25;16.47;34.79;14.29;93.70;95.15;2.58;191617.0;18.0;19.0;51.0;4422.0;992.78;722.64;1.0;1.0;0;1.0;0;0;1.0;0;0;1.0;0;0;1.0;1.0;0;0;0;0;0
482443;4.80;1.00;25.0;2858.0;27.0;80.25;17.25;24.70;36.32;14.29;143.74;96.88;2.58;191617.0;25.0;26.0;51.0;4536.0;992.78;39.06;1.0;1.0;0;1.0;0;0;1.0;0;0;1.0;0;0;1.0;1.0;0;0;0;0;0
482966;5.85;1.06;33.0;3736.0;27.0;80.25;18.0;30.19;41.98;14.39;136.33;79.83;2.31;191617.0;33.0;34.0;51.0;4620.0;992.78;683.58;1.0;1.0;0;1.0;0;0;1.0;0;0;1.0;0;0;1.0;1.0;0;0;0;0;0
483832;5.88;1.04;42.0;4650.0;27.0;80.25;20.25;37.25;42.88;14.29;141.82;114.73;2.58;191617.0;40.0;42.0;51.0;4636.0;992.78;546.86;1.0;1.0;0;1.0;0;0;1.0;0;0;1.0;0;0;1.0;1.0;0;0;0;0;0
484403;7.88;1.00;50.0;3859.0;27.0;80.25;12.75;43.14;47.16;14.29;231.33;178.67;2.58;191617.0;48.0;50.0;51.0;4290.0;992.78;859.36;2.0;1.0;0;1.0;0;0;1.0;0;0;1.0;0;0;1.0;1.0;0;0;0;0;0
484932;5.44;1.00;57.0;4443.0;27.0;80.25;18.75;36.47;44.40;14.29;307.53;272.81;2.58;191617.0;55.0;57.0;51.0;4521.0;992.78;39.06;2.0;1.0;0;1.0;0;0;1.0;0;0;1.0;0;0;1.0;1.0;0;0;0;0;0
485468;6.17;1.02;62.0;4838.0;27.0;80.25;18.75;41.18;43.24;14.29;334.39;326.30;2.58;191617.0;61.0;63.0;51.0;4484.0;992.70;19.53;2.0;1.0;0;1.0;0;0;1.0;0;0;1.0;0;0;1.0;1.0;0;0;0;0;0
486018;5.78;1.02;66.0;5143.0;27.0;80.25;21.75;40.39;40.76;14.29;330.48;345.42;2.58;191617.0;65.0;67.0;51.0;4454.0;992.59;39.06;2.0;1.0;0;1.0;0;0;1.0;0;0;1.0;0;0;1.0;1.0;0;0;0;0;0
486536;6.60;1.00;68.0;4214.0;27.0;80.25;19.5;31.76;42.53;14.39;331.54;331.61;2.31;191617.0;67.0;69.0;51.0;4543.0;992.51;859.36;3.0;1.0;0;1.0;0;0;1.0;0;0;1.0;0;0;1.0;1.0;0;0;0;0;0
487106;6.34;1.00;72.0;4451.0;27.0;80.25;16.5;40.39;46.01;14.29;341.46;326.07;2.58;191617.0;71.0;73.0;51.0;4578.0;992.51;566.39;3.0;1.0;0;1.0;0;0;1.0;0;0;1.0;0;0;1.0;1.0;0;0;0;0;0
487702;4.76;1.00;76.0;4646.0;27.0;80.25;26.25;29.02;37.42;14.29;230.00;344.06;2.58;191617.0;74.0;76.0;51.0;4539.0;992.47;39.06;3.0;1.0;0;1.0;0;0;1.0;0;0;1.0;0;0;1.0;1.0;0;0;0;0;0
488505;5.65;1.02;80.0;4867.0;27.0;80.25;21.75;37.25;41.67;14.29;168.34;292.63;2.58;191617.0;77.0;80.0;51.0;4505.0;992.39;664.05;3.0;1.0;0;1.0;0;0;1.0;0;0;0;0;0;1.0;1.0;0;0;0;0;0
489010;5.76;1.00;81.0;4189.0;27.0;79.5;22.5;27.06;38.89;14.39;98.19;259.96;2.31;191617.0;79.0;81.0;51.0;4523.0;992.08;781.24;4.0;1.0;0;1.0;0;0;1.0;0;0;0;0;0;1.0;1.0;0;0;0;0;0
489530;3.93;0.99;82.0;4264.0;27.0;79.5;31.5;20.39;31.88;14.48;158.58;197.37;2.31;191617.0;81.0;82.0;51.0;4532.0;991.92;800.77;4.0;1.0;0;1.0;0;0;1.0;0;0;0;0;0;0;1.0;0;0;0;0;0
490042;3.00;0.93;82.0;4279.0;27.0;79.5;37.5;14.11;26.04;14.39;229.28;226.48;2.31;191617.0;81.0;83.0;51.0;4486.0;991.84;742.17;4.0;1.0;0;1.0;0;0;1.0;0;0;0;0;0;1.0;1.0;0;0;0;0;0
490619;2.88;0.91;82.0;4285.0;27.0;79.5;38.25;13.33;25.09;14.29;284.80;289.43;2.58;191617.0;81.0;83.0;51.0;4472.0;991.77;742.17;4.0;1.0;0;1.0;0;0;1.0;0;0;0;0;0;1.0;1.0;0;0;0;0;0
491127;2.42;0.92;82.0;4277.0;27.0;79.5;41.25;10.19;22.97;14.39;335.93;317.08;2.31;191617.0;82.0;83.0;51.0;4477.0;991.69;781.24;4.0;1.0;0;1.0;0;0;1.0;0;0;0;0;0;1.0;1.0;0;0;0;0;0
491657;2.23;0.85;82.0;4256.0;27.0;79.5;42.0;9.41;20.97;14.39;318.71;342.26;2.31;191617.0;81.0;82.0;51.0;4483.0;991.65;683.58;4.0;1.0;0;1.0;0;0;1.0;0;0;0;0;0;1.0;1.0;0;0;0;0;0
492222;2.21;0.88;81.0;4254.0;27.0;79.5;42.75;9.02;20.40;14.29;321.60;328.26;2.58;191617.0;81.0;82.0;51.0;4487.0;991.57;839.83;4.0;1.0;0;1.0;0;0;1.0;0;0;0;0;0;1.0;1.0;0;0;0;0;0
492718;1.78;0.85;81.0;4184.0;27.0;79.5;45.0;7.05;17.08;14.29;273.40;338.37;2.58;191617.0;80.0;81.0;51.0;4504.0;991.57;839.83;4.0;1.0;0;1.0;0;0;1.0;0;0;0;0;0;1.0;1.0;0;0;0;0;0
493499;1.63;0.80;80.0;4166.0;27.0;79.5;45.0;6.66;16.45;14.39;251.70;324.64;2.31;191617.0;79.0;80.0;51.0;4492.0;991.45;820.30;4.0;1.0;0;1.0;0;0;1.0;0;0;0;0;0;1.0;1.0;0;0;0;0;0
494111;1.45;0.72;78.0;4085.0;27.0;79.5;45.0;6.66;16.31;14.39;240.25;211.49;2.31;191617.0;77.0;79.0;51.0;4505.0;991.30;97.65;4.0;1.0;0;1.0;0;0;1.0;0;0;0;0;0;1.0;1.0;0;0;0;0;0
494631;1.55;0.77;77.0;4038.0;27.0;79.5;45.0;6.66;16.50;14.29;245.00;176.86;2.58;191617.0;77.0;78.0;51.0;4519.0;991.22;742.17;4.0;1.0;0;1.0;0;0;1.0;0;0;0;0;0;1.0;1.0;0;0;0;0;0
495147;1.56;0.77;77.0;3991.0;27.0;79.5;44.25;6.66;16.64;14.48;313.59;150.45;2.31;191617.0;76.0;77.0;51.0;4508.0;991.18;800.77;4.0;1.0;0;1.0;0;0;1.0;0;0;0;0;0;1.0;1.0;0;0;0;0;0
495655;1.51;0.74;76.0;3968.0;27.0;79.5;44.25;6.66;16.68;14.39;342.53;246.99;2.31;191617.0;75.0;77.0;51.0;4512.0;991.14;195.31;4.0;1.0;0;1.0;0;0;1.0;0;0;0;0;0;1.0;1.0;0;0;0;0;0
496170;2.10;0.80;76.0;3970.0;27.0;79.5;40.5;9.41;21.36;14.39;334.56;266.09;2.31;191617.0;75.0;77.0;51.0;4534.0;991.02;19.53;4.0;1.0;0;1.0;0;0;1.0;0;0;0;0;0;1.0;1.0;0;0;0;0;0
496681;2.44;0.87;77.0;3986.0;27.0;78.75;39.0;10.58;22.79;14.48;333.35;330.81;2.31;191617.0;75.0;77.0;51.0;4524.0;990.95;39.06;4.0;1.0;0;1.0;0;0;1.0;0;0;0;0;0;1.0;1.0;0;0;0;0;0
497221;2.32;0.92;77.0;4001.0;27.0;78.75;42.0;8.62;20.41;14.39;358.43;350.56;2.31;191617.0;76.0;77.0;51.0;4512.0;990.91;839.83;4.0;1.0;0;1.0;0;0;1.0;0;0;0;0;0;1.0;1.0;0;0;0;0;0
498028;1.21;0.86;76.0;3966.0;27.0;78.75;45.75;4.31;11.84;14.39;362.61;359.41;2.31;191617.0;76.0;77.0;51.0;4493.0;990.79;878.89;4.0;1.0;0;1.0;0;0;1.0;0;0;0;0;0;1.0;1.0;0;0;0;0;0
498716;0.78;0.83;73.0;3883.0;27.0;78.75;44.25;2.35;8.09;14.39;302.34;314.37;2.31;191617.0;74.0;74.0;51.0;4524.0;990.63;859.36;4.0;1.0;0;1.0;0;0;1.0;0;0;0;0;0;1.0;1.0;0;0;0;0;0
499235;0.46;0.81;71.0;3706.0;27.0;78.75;42.75;0.39;5.46;14.20;296.19;281.68;2.58;191617.0;72.0;71.0;51.0;4536.0;990.59;0;4.0;1.0;0;1.0;0;0;1.0;0;0;0;0;0;1.0;1.0;0;0;0;0;0
499754;0.56;1.00;70.0;3594.0;27.0;78.75;-30.0;0;0;14.48;313.45;324.80;2.31;191617.0;70.0;69.0;51.0;4504.0;990.52;0;4.0;1.0;0;1.0;0;0;1.0;0;0;0;0;0;1.0;1.0;0;0;0;0;0
500310;0.55;1.00;66.0;3449.0;27.0;78.75;-30.0;0;0;14.39;338.02;313.69;2.31;191617.0;66.0;67.0;51.0;4507.0;990.44;0;4.0;1.0;0;1.0;0;0;1.0;0;0;0;0;0;1.0;1.0;0;0;0;0;0
500823;0.57;1.00;63.0;3300.0;27.0;78.75;-30.0;0;0;14.48;335.60;339.91;2.31;191617.0;64.0;64.0;51.0;4513.0;990.40;0;4.0;1.0;0;1.0;0;0;1.0;0;0;0;0;0;1.0;1.0;0;0;0;0;0
501391;0.61;1.00;61.0;3190.0;27.0;78.75;-30.0;0;0;14.48;351.20;351.14;2.31;191617.0;61.0;61.0;51.0;4508.0;990.40;0;4.0;1.0;0;1.0;0;0;1.0;0;0;0;0;0;1.0;1.0;0;0;0;0;0
501937;0.66;1.00;57.0;2961.0;27.0;78.75;-30.0;0;0;14.48;353.29;351.40;2.31;191617.0;57.0;57.0;51.0;4483.0;990.36;0;4.0;1.0;0;1.0;0;0;1.0;0;0;1.0;0;0;1.0;1.0;0;0;0;0;0
502472;0.70;1.00;53.0;2758.0;27.0;78.75;-30.0;0;0;14.39;359.00;336.05;2.31;191617.0;53.0;53.0;51.0;4521.0;990.36;0;4.0;1.0;0;1.0;0;0;1.0;0;0;1.0;0;0;1.0;1.0;0;0;0;0;0
502970;0.73;1.00;48.0;2564.0;27.0;78.75;-30.0;0;0;14.39;362.22;351.75;2.31;191617.0;49.0;49.0;51.0;4526.0;990.32;0;4.0;1.0;0;1.0;0;0;1.0;0;0;1.0;0;0;1.0;1.0;0;0;0;0;0
503576;0.90;1.00;46.0;2410.0;27.0;78.75;16.5;0;12.93;14.39;284.92;294.33;2.31;191617.0;46.0;46.0;50.0;4192.0;990.32;19.53;4.0;1.0;0;1.0;0;0;1.0;0;0;1.0;0;0;1.0;1.0;0;0;0;0;0
504362;0.89;1.00;41.0;2134.0;27.0;78.75;15.75;0;12.94;14.39;190.31;172.56;2.31;191617.0;40.0;41.0;49.0;4419.0;990.32;19.53;4.0;1.0;0;1.0;0;0;1.0;0;0;1.0;0;0;1.0;1.0;0;0;0;0;0
504917;1.03;1.00;36.0;1845.0;27.0;78.75;15.0;0;12.89;14.39;106.47;97.06;2.31;191617.0;36.0;36.0;49.0;4482.0;990.32;19.53;4.0;1.0;0;1.0;0;0;1.0;0;0;1.0;0;0;1.0;1.0;0;0;0;0;0
505476;1.36;1.00;32.0;1353.0;27.0;78.75;13.5;0;12.70;14.48;73.60;73.72;2.31;191617.0;32.0;32.0;49.0;4469.0;990.32;546.86;4.0;1.0;0;1.0;0;0;1.0;0;0;1.0;0;0;1.0;1.0;0;0;0;0;0
506013;1.39;1.00;28.0;1365.0;27.0;78.75;14.25;0;12.76;14.39;50.85;50.93;2.31;191617.0;28.0;28.0;47.0;4484.0;990.32;878.89;4.0;1.0;0;1.0;0;0;1.0;0;0;1.0;0;0;1.0;1.0;0;0;0;0;0
506539;1.41;0.99;25.0;1332.0;27.0;78.75;14.25;0;12.79;14.48;44.89;44.05;2.31;191617.0;25.0;25.0;49.0;4500.0;990.32;859.36;4.0;1.0;0;1.0;1.0;0;1.0;0;0;1.0;0;0;1.0;1.0;0;0;1.0;0;0
507074;1.29;0.97;22.0;1343.0;27.0;78.75;13.5;0;12.66;14.39;32.69;33.82;2.31;191617.0;22.0;22.0;48.0;4503.0;990.32;800.77;4.0;1.0;0;1.0;0;0;1.0;0;0;1.0;0;0;1.0;1.0;0;0;0;0;0
507576;1.37;0.95;18.0;1312.0;27.0;78.75;14.25;0;12.82;14.39;26.13;23.35;2.31;191617.0;19.0;19.0;48.0;4518.0;990.32;781.24;3.0;1.0;0;1.0;1.0;0;1.0;0;0;1.0;0;0;1.0;1.0;0;0;1.0;0;0
508114;1.36;0.94;16.0;1298.0;27.0;78.75;15.0;0;12.88;14.39;19.00;17.88;2.31;191617.0;17.0;17.0;49.0;4525.0;990.32;624.99;3.0;1.0;0;1.0;0;0;1.0;0;0;1.0;0;0;1.0;1.0;0;0;0;0;0
509098;1.36;0.94;13.0;1289.0;27.0;78.75;15.75;0;13.05;14.39;13.80;12.30;2.31;191617.0;14.0;14.0;49.0;4516.0;990.32;39.06;2.0;1.0;0;1.0;1.0;0;1.0;0;0;1.0;0;0;1.0;1.0;0;0;1.0;0;0
509652;1.33;0.97;12.0;1299.0;27.0;78.75;15.0;0;12.83;14.29;8.08;7.57;2.58;191617.0;12.0;12.0;49.0;4518.0;990.32;117.18;0;1.0;0;1.0;1.0;0;1.0;0;0;1.0;0;0;1.0;1.0;0;0;1.0;0;0
510172;1.33;0.98;11.0;1287.0;27.0;78.75;16.5;0;13.20;14.48;5.80;5.19;2.31;191617.0;11.0;11.0;49.0;4507.0;990.40;722.64;1.0;1.0;0;1.0;0;0;1.0;0;0;1.0;0;0;1.0;1.0;0;0;0;0;0
510708;1.40;0.96;10.0;1300.0;27.0;78.75;15.0;0;12.89;14.39;6.09;3.96;2.31;191617.0;10.0;10.0;48.0;4514.0;990.36;781.24;1.0;1.0;0;1.0;1.0;0;1.0;0;0;1.0;0;0;1.0;1.0;0;0;1.0;0;0
511226;1.30;0.95;8.0;1292.0;27.0;78.75;15.75;0;13.02;14.39;4.62;2.85;2.31;191617.0;9.0;9.0;49.0;4523.0;990.36;703.11;1.0;1.0;0;1.0;1.0;0;1.0;0;0;1.0;0;0;1.0;1.0;0;0;1.0;0;0
511792;1.30;0.95;7.0;1302.0;27.0;78.75;15.0;0;12.89;14.39;5.33;4.49;2.31;191617.0;8.0;8.0;49.0;4534.0;990.36;39.06;1.0;1.0;0;1.0;0;0;1.0;0;0;1.0;0;0;1.0;1.0;0;0;1.0;0;0
512302;1.23;0.97;6.0;1318.0;27.0;79.5;13.5;0;12.62;14.29;6.17;3.04;2.58;191617.0;7.0;7.0;49.0;4502.0;990.32;39.06;0;1.0;0;1.0;0;0;1.0;0;0;1.0;0;0;1.0;1.0;0;0;1.0;0;0
512823;1.41;0.98;6.0;1289.0;27.0;79.5;14.25;0;12.78;14.39;4.68;2.28;2.31;191617.0;6.0;6.0;47.0;4515.0;990.32;58.59;0;1.0;0;1.0;0;0;1.0;0;0;1.0;0;0;1.0;1.0;0;0;1.0;0;0
513412;1.33;1.00;5.0;1323.0;27.0;79.5;12.0;0;12.25;14.29;54.25;52.61;2.58;191617.0;5.0;5.0;46.0;4510.0;990.48;761.70;0;1.0;0;1.0;0;0;1.0;0;0;1.0;0;0;1.0;1.0;0;0;1.0;0;0
514136;1.36;0.97;0;1277.0;27.75;79.5;15.0;0;12.71;14.20;150.22;134.42;2.58;191617.0;0;0;47.0;4503.0;990.48;781.24;0;1.0;0;1.0;0;0;1.0;0;0;1.0;0;0;1.0;1.0;0;0;1.0;0;0
514662;1.18;0.95;0;1315.0;27.75;79.5;13.5;0;12.47;14.39;141.80;160.45;2.31;191617.0;0;0;47.0;4506.0;990.52;566.39;0;1.0;0;1.0;0;0;1.0;0;0;1.0;0;0;1.0;1.0;0;0;1.0;0;0
515172;1.31;0.95;0;1252.0;27.75;79.5;17.25;0;13.11;14.29;167.19;194.61;2.58;191617.0;0;0;48.0;4516.0;990.44;39.06;0;1.0;0;1.0;0;0;1.0;0;0;1.0;0;0;1.0;1.0;0;0;1.0;0;0
515680;1.2;0.96;0;1312.0;27.75;79.5;13.5;0;12.47;14.29;128.44;173.69;2.58;191617.0;0;0;47.0;4500.0;990.48;39.06;0;1.0;0;1.0;0;0;1.0;0;0;1.0;0;0;1.0;1.0;0;0;1.0;0;0
516204;1.31;0.98;0;1257.0;27.75;79.5;17.25;0;13.16;14.29;155.61;165.26;2.58;191617.0;0;0;48.0;4516.0;990.55;19.53;0;1.0;0;1.0;0;0;1.0;0;0;1.0;0;0;1.0;1.0;0;0;1.0;0;0
516815;1.35;0.99;0;1264.0;27.75;79.5;16.5;0;13.03;14.39;119.56;128.64;2.31;191617.0;0;0;47.0;4513.0;990.55;39.06;0;1.0;0;1.0;0;0;1.0;0;0;1.0;0;0;1.0;1.0;0;0;1.0;0;0
517332;1.36;1.01;0;1295.0;27.75;79.5;14.25;0;12.63;14.39;104.11;146.37;2.31;191617.0;0;0;47.0;4512.0;990.63;58.59;0;1.0;0;1.0;0;0;1.0;0;0;1.0;0;0;1.0;1.0;0;0;1.0;0;0
517852;1.37;1.03;0;1265.0;27.75;79.5;16.5;0;12.96;14.39;122.27;135.42;2.31;191617.0;0;0;47.0;4523.0;990.63;97.65;0;1.0;0;1.0;0;0;1.0;0;0;1.0;0;0;1.0;1.0;0;0;1.0;0;0
518383;1.32;1.03;0;1282.0;27.75;79.5;15.0;0;12.66;14.48;141.69;115.12;2.31;191617.0;0;0;47.0;4502.0;990.59;781.24;0;1.0;0;1.0;0;0;1.0;0;0;1.0;0;0;1.0;1.0;0;0;1.0;0;0
519234;1.28;1.01;0;1262.0;27.75;80.25;16.5;0;12.92;14.29;180.30;156.53;2.58;191617.0;0;0;47.0;4527.0;990.67;195.31;0;1.0;0;1.0;0;0;1.0;0;0;1.0;0;0;1.0;1.0;0;0;1.0;0;0
519752;1.44;1.03;0;1212.0;27.75;80.25;20.25;0;13.49;14.29;243.96;193.58;2.58;191617.0;0;0;46.0;4508.0;990.59;58.59;0;1.0;0;1.0;0;0;1.0;0;0;1.0;0;0;0;1.0;0;0;1.0;0;0
520274;1.28;1.04;0;1321.0;27.75;80.25;12.75;0;12.25;14.29;246.85;205.08;2.58;191617.0;0;0;46.0;4517.0;990.48;585.93;0;1.0;0;1.0;0;0;1.0;0;0;1.0;0;0;1.0;1.0;0;0;1.0;0;0
520831;1.28;1.03;0;1315.0;27.75;80.25;12.75;0;12.21;14.48;220.43;246.74;2.31;191617.0;0;0;46.0;4512.0;990.44;781.24;0;1.0;0;1.0;0;0;1.0;0;0;1.0;0;0;1.0;1.0;0;0;1.0;0;0
521335;1.28;1.01;0;1281.0;27.75;80.25;15.0;0;12.53;14.39;213.56;204.77;2.31;191617.0;0;0;46.0;4511.0;990.55;781.24;0;1.0;0;1.0;0;0;1.0;0;0;1.0;0;0;1.0;1.0;0;0;1.0;0;0
521910;1.26;1.00;0;1271.0;27.75;80.25;16.5;0;12.80;14.39;176.33;186.94;2.31;191617.0;0;0;45.0;4509.0;990.63;800.77;0;1.0;0;1.0;0;0;1.0;0;0;1.0;0;0;1.0;1.0;0;0;1.0;0;0
522419;1.27;0.98;0;1263.0;27.75;80.25;16.5;0;12.80;14.39;150.73;158.11;2.31;191617.0;0;0;46.0;4517.0;990.59;800.77;0;1.0;0;1.0;0;0;1.0;0;0;1.0;0;0;1.0;1.0;0;0;1.0;0;0
523156;1.31;0.96;0;1234.0;27.75;80.25;19.5;0;13.21;14.39;115.79;134.75;2.31;191617.0;0;0;45.0;4505.0;990.52;722.64;0;1.0;0;1.0;0;0;1.0;0;0;1.0;0;0;1.0;1.0;0;0;1.0;0;0
523838;1.32;0.98;0;1220.0;27.75;80.25;21.0;0;13.55;14.39;96.55;131.04;2.31;191617.0;0;0;47.0;4512.0;990.59;39.06;0;1.0;0;1.0;0;0;1.0;0;0;1.0;0;0;1.0;1.0;0;0;1.0;0;0
524343;1.32;0.99;0;1299.0;27.75;80.25;15.0;0;12.60;14.39;80.81;109.91;2.31;191617.0;0;0;47.0;4507.0;990.71;39.06;0;1.0;0;1.0;0;0;1.0;0;0;1.0;0;0;1.0;1.0;0;0;1.0;0;0
524913;1.29;1.01;0;1254.0;27.75;80.25;17.25;0;13.07;14.01;111.47;138.74;2.58;191617.0;0;0;46.0;4545.0;990.79;78.12;0;1.0;0;1.0;0;0;1.0;0;0;1.0;0;0;1.0;1.0;0;0;1.0;0;0
525492;1.32;1.03;0;1262.0;27.75;81.0;15.75;0;12.76;14.29;170.28;161.68;2.58;191617.0;0;0;47.0;4507.0;990.67;97.65;0;1.0;0;1.0;0;0;1.0;0;0;1.0;0;0;1.0;1.0;0;0;1.0;0;0
525990;1.28;1.04;0;1319.0;27.75;81.0;12.0;0;12.09;14.29;164.59;197.54;2.58;191617.0;0;0;46.0;4519.0;990.67;449.21;0;1.0;0;1.0;0;0;1.0;0;0;1.0;0;0;1.0;1.0;0;0;1.0;0;0
526519;1.28;1.04;0;1309.0;27.75;81.0;12.75;0;12.17;14.39;140.14;199.87;2.31;191617.0;0;0;45.0;4508.0;990.79;820.30;0;1.0;0;1.0;0;0;1.0;0;0;1.0;0;0;1.0;1.0;0;0;1.0;0;0
527027;1.27;1.02;0;1276.0;27.75;81.0;14.25;0;12.43;14.39;115.42;145.63;2.31;191617.0;0;0;44.0;4524.0;990.67;820.30;0;1.0;0;1.0;0;0;1.0;0;0;1.0;0;0;1.0;1.0;0;0;1.0;0;0
527553;1.28;1.01;0;1255.0;27.75;81.0;16.5;0;12.78;14.48;88.66;111.88;2.31;191617.0;0;0;45.0;4509.0;990.63;761.70;0;1.0;0;1.0;0;0;1.0;0;0;1.0;0;0;1.0;1.0;0;0;1.0;0;0
528133;1.32;0.99;0;1264.0;27.75;81.0;15.75;0;12.64;14.48;61.30;88.92;2.31;191617.0;0;0;45.0;4511.0;990.71;468.74;0;1.0;0;1.0;0;0;1.0;0;0;1.0;0;0;1.0;1.0;0;0;1.0;0;0
528854;1.32;1.00;0;1271.0;27.75;81.0;15.75;0;12.66;14.29;52.77;72.57;2.58;191617.0;0;0;46.0;4515.0;990.63;39.06;0;1.0;0;1.0;0;0;1.0;0;0;1.0;0;0;1.0;1.0;0;0;1.0;0;0
529431;1.30;1.02;0;1289.0;27.75;81.0;14.25;0;12.48;14.48;88.49;98.99;2.31;191617.0;0;0;45.0;4503.0;990.63;78.12;0;1.0;0;1.0;0;0;1.0;0;0;1.0;0;0;1.0;1.0;0;0;1.0;0;0
529953;1.28;1.04;0;1282.0;27.75;81.0;15.0;0;12.54;14.48;72.65;83.82;2.31;191617.0;0;0;46.0;4509.0;990.71;507.80;0;1.0;0;1.0;0;0;1.0;0;0;1.0;0;0;1.0;1.0;0;0;1.0;0;0
530509;1.39;1.03;0;1246.0;27.75;81.0;17.25;0;13.00;14.39;72.04;103.07;2.31;191617.0;0;0;47.0;4527.0;990.63;664.05;0;1.0;0;1.0;1.0;0;1.0;0;0;1.0;0;0;1.0;1.0;0;0;1.0;0;0
531028;1.40;1.01;0;1224.0;27.75;81.0;18.0;0;13.15;14.39;113.62;155.40;2.31;191617.0;0;0;46.0;4500.0;990.59;683.58;0;1.0;0;1.0;1.0;0;1.0;0;0;1.0;0;0;1.0;1.0;0;0;1.0;0;0
531539;1.23;1.00;0;1318.0;27.75;81.0;12.0;0;12.04;14.48;150.88;169.26;2.31;191617.0;0;0;46.0;4523.0;990.67;585.93;0;1.0;0;1.0;0;0;1.0;0;0;1.0;0;0;1.0;1.0;0;0;1.0;0;0
532054;1.30;1.01;0;1303.0;27.75;81.0;13.5;0;12.29;14.29;139.58;161.16;2.58;191617.0;0;0;45.0;4508.0;990.59;605.46;0;1.0;0;1.0;0;0;1.0;0;0;1.0;0;0;1.0;1.0;0;0;1.0;0;0
532563;1.25;0.99;0;1263.0;27.75;81.0;15.75;0;12.64;14.39;113.85;117.45;2.31;191617.0;0;0;45.0;4513.0;990.52;390.62;0;1.0;0;1.0;0;0;1.0;0;0;1.0;0;0;1.0;1.0;0;0;1.0;0;0
533083;1.31;1.00;0;1268.0;27.75;81.75;15.0;0;12.50;14.29;102.63;112.45;2.58;191617.0;0;0;46.0;4505.0;990.52;0;0;1.0;0;1.0;0;0;1.0;0;0;1.0;0;0;1.0;1.0;0;0;1.0;0;0
533812;1.24;1.01;0;1276.0;27.75;81.75;14.25;0;12.43;14.39;133.07;127.27;2.31;191617.0;0;0;45.0;4500.0;990.55;39.06;0;1.0;0;1.0;0;0;1.0;0;0;1.0;0;0;1.0;1.0;0;0;1.0;0;0
534462;1.32;1.04;0;1233.0;27.75;81.75;17.25;0;12.88;14.29;128.31;98.31;2.58;191617.0;0;0;45.0;4501.0;990.67;527.33;0;1.0;0;1.0;1.0;0;1.0;0;0;1.0;0;0;1.0;1.0;0;0;1.0;0;0
534963;1.36;1.03;0;1268.0;27.75;81.75;15.0;0;12.46;14.39;103.07;78.64;2.31;191617.0;0;0;45.0;4511.0;990.55;761.70;0;1.0;0;1.0;1.0;0;1.0;0;0;1.0;0;0;1.0;1.0;0;0;1.0;0;0
535485;1.27;1.01;0;1242.0;27.75;81.75;16.5;0;12.73;14.39;79.17;60.40;2.31;191617.0;0;0;44.0;4520.0;990.55;781.24;1.0;1.0;0;1.0;1.0;0;1.0;0;0;1.0;0;0;1.0;1.0;0;0;1.0;0;0
536006;1.32;1.00;0;1214.0;27.75;81.75;19.5;0;13.16;14.39;68.99;46.38;2.31;191617.0;0;0;46.0;4498.0;990.59;781.24;1.0;1.0;0;1.0;1.0;0;1.0;0;0;1.0;0;0;1.0;1.0;0;0;1.0;0;0
536529;1.31;0.98;0;1272.0;27.75;81.75;15.0;0;12.45;14.39;64.78;43.06;2.31;191617.0;0;0;46.0;4502.0;990.52;332.02;1.0;1.0;0;1.0;1.0;0;1.0;0;0;1.0;0;0;1.0;1.0;0;0;1.0;0;0
537030;1.28;0.99;0;1216.0;27.75;81.75;19.5;0;13.20;14.48;68.86;63.23;2.31;191617.0;0;0;46.0;4504.0;990.67;39.06;1.0;1.0;0;1.0;1.0;0;1.0;0;0;1.0;0;0;1.0;1.0;0;0;0;0;0
537549;1.38;1.00;0;1240.0;27.75;81.75;17.25;0;12.93;14.29;121.69;73.97;2.58;191617.0;0;0;46.0;4516.0;990.63;39.06;1.0;1.0;0;1.0;0;0;1.0;0;0;1.0;0;0;1.0;1.0;0;0;0;0;0
538441;1.30;1.02;0;1279.0;27.75;81.75;14.25;0;12.44;14.20;159.36;125.77;2.58;191617.0;0;0;47.0;4512.0;990.59;97.65;1.0;1.0;0;1.0;0;0;1.0;0;0;1.0;0;0;1.0;1.0;0;0;0;0;0
538971;3.01;1.05;0;1239.0;27.75;81.75;12.75;2.74;13.97;14.20;155.55;127.98;2.58;191617.0;0;0;53.0;4514.0;990.55;898.42;1.0;1.0;0;1.0;0;0;1.0;0;0;1.0;0;0;1.0;1.0;0;0;0;0;0
539483;4.25;1.00;0;2403.0;27.75;81.75;21.75;14.11;31.31;14.39;148.05;141.76;2.31;191617.0;0;0;50.0;4443.0;990.63;898.42;1.0;1.0;0;1.0;0;0;1.0;0;0;1.0;0;0;1.0;1.0;0;0;0;0;0
540037;5.02;1.00;12.0;2213.0;27.75;81.75;11.25;20.78;37.50;14.39;185.82;144.34;2.31;191617.0;12.0;12.0;50.0;4446.0;990.75;839.83;1.0;1.0;0;1.0;0;0;1.0;0;0;1.0;0;0;1.0;1.0;0;0;0;0;0
540562;4.53;0.98;22.0;2534.0;27.75;81.75;15.75;23.13;36.09;14.39;128.21;203.58;2.31;191617.0;22.0;23.0;50.0;4526.0;990.95;97.65;1.0;1.0;0;1.0;0;0;1.0;0;0;1.0;0;0;1.0;1.0;0;0;0;0;0
541079;5.39;1.00;31.0;3539.0;27.75;81.75;16.5;29.02;40.28;14.29;122.23;219.81;2.58;191617.0;30.0;32.0;50.0;4630.0;990.98;136.71;1.0;1.0;0;1.0;0;0;1.0;0;0;1.0;0;0;1.0;1.0;0;0;0;0;0
541621;5.10;1.01;41.0;4535.0;27.75;81.75;23.25;30.98;39.06;14.29;105.85;177.44;2.58;191617.0;39.0;41.0;50.0;4623.0;990.79;78.12;1.0;1.0;0;1.0;0;0;1.0;0;0;1.0;0;0;1.0;1.0;0;0;0;0;0
542196;5.35;1.00;45.0;3541.0;27.75;81.75;21.0;24.31;36.98;14.20;167.60;216.04;2.58;191617.0;44.0;45.0;50.0;4472.0;990.87;859.36;2.0;1.0;0;1.0;0;0;1.0;0;0;1.0;0;0;1.0;1.0;0;0;0;0;0
542767;6.21;1.00;53.0;4172.0;27.75;81.75;16.5;36.47;44.83;14.29;237.64;295.62;2.58;191617.0;51.0;54.0;50.0;4634.0;990.91;722.64;2.0;1.0;0;1.0;0;0;1.0;0;0;1.0;0;0;1.0;1.0;0;0;0;0;0
543312;4.92;1.02;61.0;4770.0;27.75;81.0;26.25;31.37;37.78;14.39;320.23;341.91;2.31;191617.0;59.0;61.0;50.0;4550.0;990.75;546.86;2.0;1.0;0;1.0;0;0;1.0;0;0;0;0;0;1.0;1.0;0;0;0;0;0
544177;1.82;1.00;65.0;4593.0;27.75;81.0;48.75;6.66;11.26;14.39;345.93;348.80;2.31;191617.0;63.0;65.0;50.0;4419.0;990.79;878.89;2.0;1.0;0;1.0;0;0;1.0;0;0;1.0;0;0;1.0;1.0;0;0;0;0;0
544786;4.8;1.00;72.0;4431.0;27.0;81.0;27.0;26.27;37.39;14.39;329.49;345.56;2.31;191617.0;70.0;72.0;50.0;4552.0;990.75;273.43;3.0;1.0;0;1.0;0;0;1.0;0;0;1.0;0;0;1.0;1.0;0;0;0;0;0
545390;4.68;1.00;77.0;4768.0;27.0;80.25;27.0;29.41;36.68;14.39;341.67;329.17;2.31;191617.0;76.0;78.0;51.0;4492.0;990.71;624.99;3.0;1.0;0;1.0;0;0;1.0;0;0;1.0;0;0;1.0;1.0;0;0;0;0;0
545914;6.13;1.00;83.0;5138.0;27.0;80.25;21.75;40.78;41.47;14.39;331.42;322.88;2.31;191617.0;81.0;84.0;51.0;4493.0;990.67;273.43;3.0;1.0;0;1.0;0;0;1.0;0;0;1.0;0;0;1.0;1.0;0;0;0;0;0
546534;5.78;1.04;88.0;5422.0;27.0;80.25;23.25;41.18;40.65;14.20;345.62;278.90;2.58;191617.0;85.0;89.0;51.0;4486.0;990.71;722.64;3.0;1.0;0;1.0;0;0;1.0;0;0;1.0;0;0;1.0;1.0;0;0;0;0;0
547101;0;1.00;91.0;5557.0;27.0;80.25;44.25;0;3.94;14.39;261.23;196.82;2.31;191617.0;90.0;92.0;51.0;4554.0;990.79;800.77;3.0;1.0;0;1.0;0;0;1.0;0;0;0;0;0;1.0;1.0;0;0;0;0;0
547625;2.83;0.97;93.0;4854.0;27.0;80.25;42.0;14.11;23.37;14.39;199.18;135.77;2.31;191617.0;92.0;94.0;51.0;4553.0;990.87;78.12;4.0;1.0;0;1.0;0;0;1.0;0;0;0;0;0;1.0;1.0;0;0;0;0;0
548252;1.93;1.06;95.0;4896.0;27.0;80.25;47.25;8.23;16.91;14.29;239.37;198.89;2.58;191617.0;93.0;95.0;51.0;4454.0;990.75;761.70;4.0;1.0;0;1.0;0;0;1.0;0;0;0;0;0;1.0;1.0;0;0;0;0;0
548967;0.52;1.00;91.0;4694.0;27.0;79.5;-30.0;0;0;14.39;230.35;296.19;2.31;191617.0;90.0;91.0;51.0;4301.0;990.63;0;4.0;1.0;0;1.0;0;0;1.0;0;0;0;0;0;1.0;1.0;0;0;0;0;0
549492;0.52;1.00;83.0;4282.0;27.0;79.5;-30.0;0;0;14.39;299.76;321.79;2.31;191617.0;84.0;83.0;51.0;4280.0;990.59;0;4.0;1.0;0;1.0;0;0;1.0;0;0;0;0;0;1.0;1.0;0;0;0;0;0
550063;0.52;1.00;80.0;4187.0;27.0;79.5;-30.0;0;0;14.48;320.11;335.29;2.31;191617.0;80.0;81.0;51.0;4320.0;990.87;0;4.0;1.0;0;1.0;0;0;1.0;0;0;0;0;0;0;1.0;0;0;0;0;0
550568;2.52;1.00;80.0;4306.0;27.0;79.5;13.5;8.23;12.77;14.48;319.53;329.35;2.31;191617.0;78.0;80.0;51.0;4184.0;990.75;898.42;4.0;1.0;0;1.0;0;0;1.0;0;0;0;0;0;1.0;1.0;0;0;0;0;0
551096;2.26;0.95;81.0;4224.0;27.0;79.5;25.5;7.84;16.10;14.29;293.59;303.35;2.58;191617.0;80.0;81.0;51.0;4310.0;990.63;878.89;4.0;1.0;0;1.0;0;0;1.0;0;0;0;0;0;1.0;1.0;0;0;0;0;0
551603;2.0;0.89;81.0;4256.0;27.0;79.5;37.5;7.84;17.40;14.39;300.68;296.23;2.31;191617.0;80.0;82.0;51.0;4438.0;990.67;859.36;4.0;1.0;0;1.0;0;0;1.0;0;0;0;0;0;1.0;1.0;0;0;0;0;0
552185;1.64;0.84;82.0;4275.0;27.0;79.5;45.75;6.66;15.81;14.29;279.84;297.83;2.58;191617.0;81.0;82.0;51.0;4462.0;990.79;859.36;4.0;1.0;0;1.0;0;0;1.0;0;0;0;0;0;1.0;1.0;0;0;0;0;0
552684;1.41;0.80;82.0;4248.0;27.0;79.5;46.5;5.88;14.30;14.39;218.83;243.48;2.31;191617.0;80.0;82.0;51.0;4480.0;990.91;859.36;4.0;1.0;0;1.0;0;0;1.0;0;0;0;0;0;1.0;1.0;0;0;0;0;0
553250;1.38;0.77;80.0;4206.0;27.0;79.5;46.5;5.88;15.07;14.20;203.46;185.16;2.58;191617.0;79.0;81.0;51.0;4500.0;991.10;800.77;4.0;1.0;0;1.0;0;0;1.0;0;0;0;0;0;1.0;1.0;0;0;0;0;0
554028;2.60;1.00;81.0;4205.0;27.0;79.5;43.5;8.23;19.36;14.39;156.68;152.90;2.31;191617.0;79.0;81.0;51.0;4507.0;991.26;859.36;4.0;1.0;0;1.0;0;0;1.0;0;0;0;0;0;1.0;1.0;0;0;0;0;0
554570;2.03;0.91;82.0;4254.0;27.0;79.5;45.0;7.84;18.32;14.39;260.41;207.03;2.31;191617.0;80.0;82.0;51.0;4528.0;991.30;839.83;4.0;1.0;0;1.0;0;0;1.0;0;0;0;0;0;1.0;1.0;0;0;0;0;0
555125;1.44;0.86;81.0;4246.0;27.0;79.5;46.5;5.49;13.62;14.39;303.28;296.87;2.31;191617.0;80.0;82.0;51.0;4477.0;991.37;859.36;4.0;1.0;0;1.0;0;0;1.0;0;0;0;0;0;1.0;1.0;0;0;0;0;0
555647;1.32;0.83;81.0;4248.0;27.0;79.5;46.5;5.49;12.93;14.39;337.34;318.51;2.31;191617.0;81.0;82.0;51.0;4487.0;991.41;839.83;4.0;1.0;0;1.0;0;0;1.0;0;0;0;0;0;1.0;1.0;0;0;0;0;0
556252;1.72;0.79;82.0;4274.0;27.0;79.5;45.0;7.84;17.96;14.29;335.05;342.65;2.58;191617.0;81.0;82.0;51.0;4544.0;991.45;136.71;4.0;1.0;0;1.0;0;0;1.0;0;0;0;0;0;1.0;1.0;0;0;0;0;0
556753;2.14;0.83;82.0;4312.0;27.0;79.5;42.75;9.41;20.53;14.20;328.16;328.33;2.58;191617.0;81.0;83.0;51.0;4547.0;991.49;19.53;4.0;1.0;0;1.0;0;0;1.0;0;0;0;0;0;1.0;1.0;0;0;0;0;0
557293;2.60;0.90;83.0;4370.0;27.0;78.75;40.5;11.76;23.38;14.29;303.78;346.96;2.58;191617.0;82.0;84.0;51.0;4580.0;991.49;58.59;4.0;1.0;0;1.0;0;0;1.0;0;0;0;0;0;1.0;1.0;0;0;0;0;0
557792;1.48;1.00;83.0;3831.0;27.0;78.75;38.25;3.92;10.63;14.29;327.02;279.94;2.58;191617.0;83.0;83.0;51.0;4232.0;991.57;898.42;5.0;1.0;0;1.0;0;0;1.0;0;0;0;0;0;1.0;1.0;0;0;0;0;0
558651;1.82;0.99;83.0;3867.0;27.0;78.75;43.5;5.49;14.35;14.48;287.65;235.43;2.31;191617.0;83.0;84.0;51.0;4231.0;991.57;898.42;5.0;1.0;0;1.0;0;0;1.0;0;0;0;0;0;1.0;1.0;0;0;0;0;0
559161;1.98;0.93;86.0;3991.0;27.0;78.75;43.5;6.66;17.12;14.39;209.77;163.87;2.31;191617.0;85.0;86.0;51.0;4452.0;991.57;859.36;5.0;1.0;0;1.0;0;0;1.0;0;0;0;0;0;1.0;1.0;0;0;0;0;0
559676;2.93;0.99;87.0;3998.0;27.0;78.75;39.75;10.98;23.02;14.39;97.61;257.79;2.31;191617.0;85.0;87.0;51.0;4534.0;991.73;839.83;5.0;1.0;0;1.0;0;0;1.0;0;0;0;0;0;1.0;1.0;0;0;0;0;0
560195;2.62;0.91;87.0;4050.0;27.0;78.75;39.75;10.98;23.11;14.39;145.83;321.48;2.31;191617.0;86.0;88.0;51.0;4560.0;991.80;683.58;5.0;1.0;0;1.0;0;0;1.0;0;0;0;0;0;0;1.0;0;0;0;0;0
560745;2.51;0.88;88.0;4070.0;27.0;78.75;39.75;10.98;23.14;14.39;260.53;307.24;2.31;191617.0;87.0;89.0;51.0;4539.0;991.96;78.12;5.0;1.0;0;1.0;0;0;1.0;0;0;0;0;0;1.0;1.0;0;0;0;0;0
561306;2.70;0.94;90.0;4149.0;27.0;78.75;39.75;10.98;23.17;14.29;316.95;330.33;2.58;191617.0;89.0;91.0;51.0;4537.0;992.04;761.70;5.0;1.0;0;1.0;0;0;1.0;0;0;0;0;0;1.0;1.0;0;0;0;0;0
561829;2.58;0.92;92.0;4264.0;27.0;78.75;40.5;10.58;22.55;14.29;329.06;329.82;2.58;191618.0;91.0;92.0;51.0;4511.0;992.27;781.24;5.0;1.0;0;1.0;0;0;1.0;0;0;0;0;0;1.0;1.0;0;0;0;0;0
562526;2.14;0.92;93.0;4312.0;27.0;78.75;44.25;8.23;18.93;14.48;342.81;339.49;2.31;191618.0;92.0;93.0;51.0;4514.0;992.43;839.83;5.0;1.0;0;1.0;0;0;1.0;0;0;0;0;0;1.0;1.0;0;0;0;0;0
563487;3.16;1.00;95.0;4374.0;27.0;78.75;40.5;11.76;23.64;14.48;305.27;332.53;2.31;191618.0;93.0;95.0;51.0;4462.0;992.55;156.24;5.0;1.0;0;1.0;0;0;1.0;0;0;0;0;0;1.0;1.0;0;0;0;0;0
564482;0.93;1.00;93.0;3946.0;27.0;78.75;45.75;2.35;7.49;14.39;185.04;308.74;2.31;191618.0;92.0;93.0;51.0;4273.0;992.62;820.30;6.0;1.0;0;1.0;0;0;1.0;0;0;0;0;0;1.0;1.0;0;0;0;0;0
565314;0.49;1.00;91.0;3840.0;27.0;78.75;-30.0;0;0;14.39;205.94;228.09;2.31;191618.0;90.0;91.0;51.0;4408.0;992.70;0;6.0;1.0;0;1.0;0;0;1.0;0;0;0;0;0;1.0;1.0;0;0;0;0;0
565881;0.62;1.00;90.0;3830.0;27.0;78.75;44.25;0.78;5.20;14.29;243.44;293.90;2.58;191618.0;89.0;90.0;51.0;4194.0;992.78;0;6.0;1.0;0;1.0;0;0;1.0;0;0;0;0;0;1.0;1.0;0;0;0;0;0
566416;0.59;1.00;88.0;3770.0;27.0;78.75;42.75;0.39;5.22;14.39;288.37;331.11;2.31;191618.0;88.0;89.0;51.0;4287.0;992.78;58.59;6.0;1.0;0;1.0;0;0;1.0;0;0;0;0;0;1.0;1.0;0;0;0;0;0
566996;0.54;1.00;87.0;3705.0;27.0;78.75;-30.0;0;0;14.29;328.78;344.68;2.58;191618.0;87.0;88.0;51.0;4402.0;992.78;0;6.0;1.0;0;1.0;0;0;1.0;0;0;0;0;0;1.0;1.0;0;0;0;0;0
567566;0.55;1.00;86.0;3646.0;27.0;78.75;-30.0;0;0;14.48;324.29;349.66;2.31;191618.0;86.0;87.0;51.0;4408.0;993.05;0;6.0;1.0;0;1.0;0;0;1.0;0;0;0;0;0;1.0;1.0;0;0;0;0;0
568069;0.98;1.00;85.0;3630.0;27.0;78.75;39.75;1.96;7.62;14.48;344.97;330.58;2.31;191618.0;85.0;86.0;51.0;4193.0;993.33;878.89;6.0;1.0;0;1.0;0;0;1.0;0;0;0;0;0;1.0;1.0;0;0;0;0;0
568645;1.00;1.00;85.0;3608.0;27.0;78.75;41.25;2.35;8.06;14.39;345.97;345.62;2.31;191618.0;84.0;85.0;51.0;4315.0;993.52;898.42;6.0;1.0;0;1.0;0;0;1.0;0;0;0;0;0;1.0;1.0;0;0;0;0;0
569206;0.98;0.98;83.0;3566.0;27.0;78.75;40.5;2.35;8.15;14.39;346.05;295.13;2.31;191618.0;84.0;84.0;51.0;4453.0;993.68;898.42;6.0;1.0;0;1.0;0;0;1.0;0;0;0;0;0;1.0;1.0;0;0;0;0;0
569727;0.94;0.96;83.0;3508.0;27.0;78.75;40.5;1.96;8.03;14.39;343.22;310.25;2.31;191618.0;82.0;84.0;51.0;4492.0;993.80;878.89;6.0;1.0;0;1.0;0;0;1.0;0;0;0;0;0;1.0;1.0;0;0;0;0;0
570547;0.92;0.95;82.0;3509.0;27.0;78.75;39.75;1.96;7.94;14.29;340.95;313.41;2.58;191618.0;82.0;83.0;51.0;4518.0;993.84;878.89;6.0;1.0;0;1.0;0;0;1.0;0;0;0;0;0;1.0;1.0;0;0;0;0;0
571104;0.82;0.92;81.0;3450.0;27.0;78.75;39.0;1.56;7.36;14.48;316.95;339.27;2.31;191618.0;81.0;82.0;51.0;4519.0;993.91;820.30;6.0;1.0;0;1.0;0;0;1.0;0;0;0;0;0;1.0;1.0;0;0;0;0;0
571682;0.90;0.90;81.0;3429.0;27.0;78.75;39.75;2.35;8.31;14.48;349.84;334.91;2.31;191618.0;80.0;81.0;51.0;4502.0;993.95;859.36;6.0;1.0;0;1.0;0;0;1.0;0;0;0;0;0;1.0;1.0;0;0;0;0;0
572237;0.71;1.00;81.0;2724.0;27.0;78.75;-30.0;0;0;14.39;354.82;332.12;2.31;191618.0;80.0;81.0;51.0;4543.0;993.95;429.68;5.0;1.0;0;1.0;0;0;1.0;0;0;0;0;0;1.0;1.0;0;0;0;0;0
572779;0.54;1.00;78.0;3628.0;27.75;78.75;-30.0;0;0;14.39;353.82;352.36;2.31;191618.0;79.0;79.0;51.0;4559.0;994.15;0;5.0;1.0;0;1.0;0;0;1.0;0;0;0;0;0;1.0;1.0;0;0;0;0;0
573306;0.54;1.00;78.0;3581.0;27.75;78.75;-30.0;0;0;14.39;355.11;352.02;2.31;191618.0;78.0;78.0;51.0;4553.0;994.46;0;5.0;1.0;0;1.0;0;0;1.0;0;0;0;0;0;1.0;1.0;0;0;0;0;0
573807;0.58;1.00;77.0;3285.0;27.75;78.75;-30.0;0;0;14.29;330.64;328.84;2.58;191618.0;77.0;78.0;51.0;4409.0;994.70;644.52;4.0;1.0;0;1.0;0;0;1.0;0;0;0;0;0;1.0;1.0;0;0;0;0;0
574371;0.51;1.00;75.0;3903.0;27.75;78.75;-30.0;0;0;14.48;354.80;260.53;2.31;191618.0;75.0;76.0;51.0;4454.0;994.85;0;4.0;1.0;0;1.0;0;0;1.0;0;0;0;0;0;1.0;1.0;0;0;0;0;0
575259;0.48;1.00;73.0;3823.0;27.75;78.75;-30.0;0;0;14.48;292.07;253.16;2.31;191618.0;73.0;74.0;51.0;4454.0;994.97;0;4.0;1.0;0;1.0;0;0;1.0;0;0;0;0;0;1.0;1.0;0;0;0;0;0
575847;1.97;1.00;73.0;3865.0;27.75;78.0;15.75;5.49;10.20;14.39;102.94;82.98;2.31;191618.0;72.0;74.0;52.0;4191.0;995.09;898.42;4.0;1.0;0;1.0;0;0;1.0;0;0;0;0;0;1.0;1.0;0;0;0;0;0
576394;1.98;0.96;75.0;3893.0;27.75;78.0;24.75;6.27;13.77;14.39;38.33;32.51;2.31;191618.0;73.0;75.0;52.0;4315.0;995.12;878.89;4.0;1.0;0;1.0;0;0;1.0;0;0;0;0;0;1.0;1.0;0;0;0;0;0
576930;2.30;0.90;76.0;3977.0;27.75;78.0;36.75;9.02;20.34;14.29;15.05;12.65;2.58;191618.0;75.0;77.0;52.0;4491.0;995.16;800.77;4.0;1.0;0;1.0;0;0;1.0;0;0;0;0;0;1.0;1.0;0;0;0;0;0
577498;2.52;0.86;78.0;4062.0;27.75;78.0;39.0;11.37;23.37;14.29;7.51;5.35;2.58;191618.0;76.0;78.0;52.0;4556.0;995.16;39.06;4.0;1.0;0;1.0;0;0;1.0;0;0;0;0;0;1.0;1.0;0;0;0;0;0
578054;2.88;0.93;80.0;4133.0;27.75;78.0;37.5;12.94;25.06;14.29;3.35;1.62;2.58;191618.0;77.0;80.0;52.0;4573.0;995.32;97.65;4.0;1.0;0;1.0;0;0;1.0;0;0;0;0;0;1.0;1.0;0;0;0;0;0
578563;3.06;0.99;81.0;4263.0;27.75;78.0;39.0;12.94;24.67;14.29;2.38;1.54;2.58;191618.0;79.0;82.0;52.0;4539.0;995.32;761.70;4.0;1.0;0;1.0;0;0;1.0;0;0;0;0;0;1.0;1.0;0;0;0;0;0
579082;2.64;0.97;82.0;4309.0;27.75;78.0;41.25;10.58;21.95;14.29;2.16;3.35;2.58;191618.0;81.0;83.0;52.0;4495.0;995.59;761.70;4.0;1.0;0;1.0;0;0;1.0;0;0;0;0;0;1.0;1.0;0;0;0;0;0
579598;2.47;0.90;83.0;4395.0;27.75;78.0;42.0;10.58;22.05;14.39;2.71;2.89;2.31;191618.0;83.0;84.0;52.0;4529.0;995.71;58.59;4.0;1.0;0;1.0;0;0;1.0;0;0;0;0;0;1.0;1.0;0;0;0;0;0
580457;2.70;0.98;86.0;4478.0;27.75;78.0;42.0;10.98;22.05;14.48;1.81;0.76;2.31;191618.0;86.0;87.0;52.0;4523.0;995.91;722.64;4.0;1.0;0;1.0;0;0;1.0;0;0;0;0;0;1.0;1.0;0;0;0;0;0
580966;0;1.00;88.0;4702.0;27.75;78.0;42.75;0;4.16;14.39;0.23;0.58;2.31;191618.0;89.0;89.0;52.0;4491.0;996.14;19.53;4.0;1.0;0;1.0;0;0;1.0;0;0;0;0;0;1.0;1.0;0;0;0;0;0
581525;2.84;0.97;91.0;4174.0;27.75;78.0;36.0;10.98;22.81;14.29;0;0.11;2.58;191618.0;89.0;91.0;52.0;4495.0;996.22;820.30;5.0;1.0;0;1.0;0;0;1.0;0;0;0;0;0;1.0;1.0;0;0;0;0;0
582063;3.02;0.94;92.0;4251.0;27.0;78.0;38.25;13.72;25.71;14.39;0;0;2.31;191618.0;91.0;93.0;52.0;4548.0;996.30;97.65;5.0;1.0;0;1.0;0;0;1.0;0;0;0;0;0;1.0;1.0;0;0;0;0;0
582620;3.48;1.02;95.0;4376.0;27.0;78.0;36.75;16.08;26.98;14.29;0;1.97;2.58;191618.0;93.0;95.0;52.0;4551.0;996.34;781.24;5.0;1.0;0;1.0;0;0;1.0;0;0;0;0;0;1.0;1.0;0;0;0;0;0
583141;1.00;1.00;95.0;3666.0;27.0;78.0;41.25;2.35;7.97;14.39;2.08;0.56;2.31;191618.0;94.0;95.0;52.0;4230.0;996.37;859.36;6.0;1.0;0;1.0;0;0;1.0;0;0;0;0;0;1.0;1.0;0;0;0;0;0
583653;1.36;1.00;95.0;4019.0;27.0;78.0;46.5;3.92;10.79;14.29;2.03;0.13;2.58;191618.0;94.0;95.0;52.0;4251.0;996.41;898.42;6.0;1.0;0;1.0;0;0;1.0;0;0;0;0;0;1.0;1.0;0;0;0;0;0
584191;1.40;0.98;95.0;4029.0;27.0;78.0;46.5;4.31;11.51;14.39;2.83;2.65;2.31;191618.0;94.0;95.0;52.0;4386.0;996.49;878.89;6.0;1.0;0;1.0;0;0;1.0;0;0;0;0;0;1.0;1.0;0;0;0;0;0
584945;1.34;0.96;95.0;4043.0;27.0;78.0;46.5;4.31;11.46;14.39;2.12;2.28;2.31;191618.0;94.0;95.0;52.0;4465.0;996.65;878.89;6.0;1.0;0;1.0;0;0;1.0;0;0;0;0;0;1.0;1.0;0;0;0;0;0
585569;1.12;0.93;95.0;3999.0;27.0;78.0;45.75;3.52;10.00;14.39;3.73;0.99;2.31;191618.0;94.0;95.0;52.0;4513.0;996.77;878.89;6.0;1.0;0;1.0;0;0;1.0;0;0;0;0;0;1.0;1.0;0;0;0;0;0
586101;0.79;0.91;95.0;4010.0;27.0;78.0;45.75;1.96;7.19;14.39;1.42;0.29;2.31;191618.0;93.0;95.0;52.0;4524.0;996.88;859.36;6.0;1.0;0;1.0;0;0;1.0;0;0;0;0;0;1.0;1.0;0;0;0;0;0
586634;0.66;0.90;93.0;3939.0;27.0;78.0;45.0;1.17;6.08;14.39;0.35;0;2.31;191618.0;92.0;93.0;52.0;4519.0;996.96;781.24;6.0;1.0;0;1.0;0;0;1.0;0;0;0;0;0;1.0;1.0;0;0;0;0;0
587188;0.6;0.88;91.0;3876.0;27.0;78.0;44.25;1.17;5.71;14.39;2.14;0;2.31;191618.0;91.0;91.0;52.0;4510.0;996.96;722.64;6.0;1.0;0;1.0;0;0;1.0;0;0;0;0;0;1.0;1.0;0;0;0;0;0
587741;0.54;0.86;90.0;3793.0;27.0;78.0;43.5;0.78;5.34;14.29;0.66;0;2.58;191618.0;89.0;90.0;52.0;4517.0;997.23;644.52;6.0;1.0;0;1.0;0;0;1.0;0;0;0;0;0;1.0;1.0;0;0;0;0;0
588290;0.52;0.86;87.0;3691.0;27.0;78.0;42.75;0.78;5.29;14.39;2.30;0;2.31;191618.0;87.0;88.0;52.0;4517.0;997.35;0;6.0;1.0;0;1.0;0;0;1.0;0;0;0;0;0;1.0;1.0;0;0;0;0;0
588860;0.54;0.88;86.0;3627.0;27.0;78.0;42.0;0.39;5.33;14.39;0.76;2.08;2.31;191618.0;86.0;86.0;52.0;4509.0;997.47;0;6.0;1.0;0;1.0;0;0;1.0;0;0;0;0;0;1.0;1.0;0;0;0;0;0
589416;0.56;1.00;83.0;3537.0;27.0;78.0;-30.0;0;0;14.29;0.23;1.95;2.58;191618.0;84.0;84.0;52.0;4515.0;997.55;0;6.0;1.0;0;1.0;0;0;1.0;0;0;0;0;0;1.0;1.0;0;0;0;0;0
589990;0.55;1.00;82.0;3515.0;27.0;78.0;-30.0;0;0;14.39;0;3.96;2.31;191618.0;82.0;83.0;52.0;4529.0;997.74;0;6.0;1.0;0;1.0;0;0;1.0;0;0;0;0;0;1.0;1.0;0;0;0;0;0
590786;0.55;1.00;81.0;3458.0;27.0;78.75;-30.0;0;0;14.48;150.81;48.43;2.31;191618.0;81.0;81.0;51.0;4538.0;998.02;0;6.0;1.0;0;1.0;0;0;1.0;0;0;0;0;0;1.0;1.0;0;0;0;0;0
591343;0.56;1.00;78.0;3356.0;27.0;78.75;-30.0;0;0;14.29;231.29;181.21;2.58;191618.0;79.0;79.0;51.0;4547.0;998.29;0;6.0;1.0;0;1.0;0;0;1.0;0;0;0;0;0;1.0;1.0;0;0;0;0;0
591906;0.56;1.00;77.0;3288.0;27.75;78.75;-30.0;0;0;14.39;255.58;205.82;2.31;191618.0;77.0;78.0;51.0;4535.0;998.48;0;6.0;1.0;0;1.0;0;0;1.0;0;0;0;0;0;1.0;1.0;0;0;0;0;0
592450;0.56;1.00;76.0;3223.0;27.75;78.75;-30.0;0;0;14.48;237.58;222.19;2.31;191618.0;75.0;76.0;51.0;4534.0;998.60;0;6.0;1.0;0;1.0;0;0;1.0;0;0;0;0;0;1.0;1.0;0;0;0;0;0
592986;0.62;1.00;72.0;3096.0;27.75;78.75;-30.0;0;0;14.48;250.98;215.76;2.31;191618.0;73.0;73.0;51.0;4526.0;998.72;0;6.0;1.0;0;1.0;0;0;1.0;0;0;0;0;0;1.0;1.0;0;0;0;0;0
593512;0.63;1.00;71.0;3034.0;27.75;78.75;-30.0;0;0;14.48;204.86;182.97;2.31;191618.0;71.0;71.0;51.0;4511.0;998.76;19.53;6.0;1.0;0;1.0;0;0;1.0;0;0;0;0;0;1.0;1.0;0;0;0;0;0
594059;0.63;1.00;70.0;2964.0;27.75;78.75;-30.0;0;0;14.48;108.80;121.73;2.31;191618.0;70.0;70.0;51.0;4505.0;998.80;19.53;6.0;1.0;0;1.0;0;0;1.0;0;0;0;0;0;1.0;1.0;0;0;0;0;0
594569;0.64;1.00;67.0;2883.0;27.75;78.75;-30.0;0;0;14.48;198.85;235.92;2.31;191618.0;68.0;68.0;51.0;4520.0;998.84;19.53;6.0;1.0;0;1.0;0;0;1.0;0;0;0;0;0;1.0;1.0;0;0;0;0;0
595399;0.67;1.00;66.0;2788.0;27.75;78.75;-30.0;0;0;14.48;265.00;293.06;2.31;191618.0;66.0;66.0;51.0;4551.0;998.87;19.53;6.0;1.0;0;1.0;0;0;1.0;0;0;0;0;0;1.0;1.0;0;0;0;0;0
595903;0.68;1.00;62.0;2655.0;27.75;78.75;-30.0;0;0;14.48;325.56;337.77;2.31;191618.0;62.0;62.0;51.0;4581.0;998.87;19.53;6.0;1.0;0;1.0;0;0;1.0;0;0;0;0;0;1.0;1.0;0;0;0;0;0
596429;0.69;1.00;60.0;2578.0;27.75;78.75;-30.0;0;0;14.39;334.88;345.93;2.31;191618.0;60.0;61.0;51.0;4541.0;998.91;19.53;6.0;1.0;0;1.0;0;0;1.0;0;0;0;0;0;1.0;1.0;0;0;0;0;0
596952;0.76;1.00;58.0;2493.0;27.75;78.75;22.5;0;13.00;14.39;345.29;351.16;2.31;191618.0;59.0;59.0;52.0;4214.0;998.91;39.06;6.0;1.0;0;1.0;0;0;1.0;0;0;0;0;0;1.0;1.0;0;0;0;0;0
597508;0.85;1.00;57.0;2425.0;27.75;78.75;15.75;0;12.95;14.48;311.09;331.87;2.31;191618.0;57.0;57.0;62.0;4300.0;998.91;78.12;6.0;1.0;0;1.0;0;0;1.0;0;0;1.0;0;0;1.0;1.0;0;0;0;0;0
598079;0.88;1.00;55.0;2363.0;27.75;78.75;15.75;0;13.02;14.29;185.69;186.55;2.58;191618.0;55.0;56.0;49.0;4466.0;998.95;527.33;6.0;1.0;0;1.0;0;0;1.0;0;0;1.0;0;0;1.0;1.0;0;0;0;0;0
598598;1.09;1.00;53.0;1770.0;27.75;78.75;13.5;0;13.06;14.48;121.84;136.51;2.31;191618.0;54.0;54.0;50.0;4474.0;998.95;546.86;5.0;1.0;0;1.0;0;0;1.0;0;0;1.0;0;0;1.0;1.0;0;0;0;0;0
599133;0.83;1.00;51.0;2356.0;27.75;78.75;15.75;0;12.90;14.20;123.13;86.84;2.58;191618.0;51.0;51.0;49.0;4487.0;999.19;58.59;5.0;1.0;0;1.0;0;0;1.0;0;0;1.0;0;0;1.0;1.0;0;0;0;0;0
599649;0.90;1.00;48.0;2240.0;27.75;78.75;15.0;0;12.93;14.39;72.63;51.20;2.31;191618.0;49.0;49.0;49.0;4522.0;999.19;39.06;5.0;1.0;0;1.0;0;0;1.0;0;0;1.0;0;0;1.0;1.0;0;0;0;0;0
600446;1.54;1.00;46.0;2134.0;27.75;78.75;16.5;1.96;13.02;14.39;54.64;36.71;2.31;191618.0;47.0;47.0;51.0;4519.0;999.34;898.42;5.0;1.0;0;1.0;0;0;1.0;0;0;1.0;0;0;1.0;1.0;0;0;0;0;0
601017;0.80;1.00;45.0;2359.0;27.75;78.75;16.5;0;12.96;14.29;70.26;34.76;2.58;191618.0;45.0;45.0;49.0;4490.0;999.58;58.59;4.0;1.0;0;1.0;0;0;1.0;0;0;1.0;0;0;1.0;1.0;0;0;0;0;0
601532;2.85;1.00;45.0;2452.0;27.75;78.75;9.0;5.88;15.73;14.48;135.38;93.47;2.31;191618.0;44.0;45.0;51.0;4484.0;999.70;917.95;4.0;1.0;0;1.0;0;0;1.0;0;0;1.0;0;0;1.0;1.0;0;0;0;0;0
602057;3.52;1.00;46.0;2444.0;27.75;78.75;24.0;10.58;27.38;14.39;210.78;186.99;2.31;191618.0;46.0;47.0;51.0;4445.0;999.81;898.42;4.0;1.0;0;1.0;0;0;1.0;0;0;1.0;0;0;1.0;1.0;0;0;0;0;0
602637;4.52;1.00;50.0;2627.0;27.75;78.75;21.0;19.61;34.00;14.29;237.66;200.80;2.58;191618.0;50.0;51.0;51.0;4494.0;999.93;644.52;4.0;1.0;0;1.0;0;0;1.0;0;0;1.0;0;0;1.0;1.0;0;0;0;0;0
603192;4.28;1.01;55.0;2849.0;27.75;78.75;21.75;20.00;34.27;14.29;259.76;244.45;2.58;191618.0;54.0;55.0;51.0;4549.0;1000.01;97.65;4.0;1.0;0;1.0;0;0;1.0;0;0;1.0;0;0;1.0;1.0;0;0;0;0;0
603702;3.43;1.02;58.0;3034.0;27.75;78.75;29.25;13.33;28.43;14.29;273.86;249.41;2.58;191618.0;57.0;58.0;51.0;4522.0;1000.05;820.30;4.0;1.0;0;1.0;0;0;1.0;0;0;1.0;0;0;1.0;1.0;0;0;0;0;0
604233;2.17;1.00;60.0;3110.0;27.75;78.75;36.0;5.88;19.23;14.29;249.55;239.84;2.58;191618.0;59.0;60.0;51.0;4533.0;1000.09;898.42;4.0;1.0;0;1.0;0;0;1.0;0;0;0;0;0;1.0;1.0;0;0;0;0;0
605037;1.92;0.96;61.0;3176.0;27.75;78.75;36.75;5.49;16.80;14.39;243.83;236.93;2.31;191618.0;60.0;61.0;51.0;4518.0;1000.12;898.42;4.0;1.0;0;1.0;0;0;1.0;0;0;0;0;0;1.0;1.0;0;0;0;0;0
605616;1.6;0.91;62.0;3228.0;27.75;78.75;37.5;4.70;14.63;14.29;224.82;217.56;2.58;191618.0;61.0;62.0;51.0;4510.0;1000.12;878.89;4.0;1.0;0;1.0;0;0;1.0;0;0;0;0;0;1.0;1.0;0;0;0;0;0
606122;1.49;0.88;62.0;3249.0;27.75;78.75;37.5;4.70;13.93;14.39;219.90;236.82;2.31;191618.0;62.0;63.0;51.0;4512.0;1000.16;859.36;4.0;1.0;0;1.0;0;0;1.0;0;0;0;0;0;1.0;1.0;0;0;0;0;0
606652;1.32;0.86;62.0;3251.0;27.75;78.75;37.5;3.92;12.77;14.48;288.73;300.91;2.31;191618.0;62.0;63.0;51.0;4519.0;1000.16;859.36;4.0;1.0;0;1.0;0;0;1.0;0;0;0;0;0;1.0;1.0;0;0;0;0;0
607162;0.96;0.84;62.0;3256.0;27.75;78.75;37.5;2.74;9.69;14.39;328.74;327.02;2.31;191618.0;62.0;63.0;51.0;4524.0;1000.16;859.36;4.0;1.0;0;1.0;0;0;1.0;0;0;0;0;0;1.0;1.0;0;0;0;0;0
607691;0.89;0.82;62.0;3262.0;27.75;78.75;37.5;2.35;8.90;14.48;326.01;325.76;2.31;191618.0;62.0;62.0;51.0;4515.0;1000.16;859.36;4.0;1.0;0;1.0;0;0;1.0;0;0;0;0;0;1.0;1.0;0;0;0;0;0
608198;1.0;0.81;61.0;3235.0;27.75;78.75;36.0;3.13;10.18;14.39;328.27;345.93;2.31;191619.0;61.0;62.0;51.0;4514.0;1000.16;800.77;4.0;1.0;0;1.0;0;0;1.0;0;0;0;0;0;1.0;1.0;0;0;0;0;0
608737;1.12;0.79;61.0;3178.0;27.75;78.75;36.75;3.52;11.83;14.39;345.89;346.55;2.31;191619.0;61.0;61.0;51.0;4513.0;1000.16;644.52;4.0;1.0;0;1.0;0;0;1.0;0;0;0;0;0;1.0;1.0;0;0;0;0;0
609284;1.33;0.78;60.0;3248.0;27.75;78.75;36.75;4.70;14.22;14.39;313.84;331.89;2.31;191619.0;60.0;61.0;51.0;4504.0;1000.16;39.06;4.0;1.0;0;1.0;0;0;1.0;0;0;0;0;0;1.0;1.0;0;0;0;0;0
610102;1.78;0.81;61.0;3185.0;27.75;78.75;36.75;6.27;18.22;14.39;340.91;331.54;2.31;191619.0;61.0;61.0;51.0;4504.0;1000.16;39.06;4.0;1.0;0;1.0;0;0;1.0;0;0;0;0;0;1.0;1.0;0;0;0;0;0
610658;1.95;0.87;62.0;3244.0;27.75;79.5;36.75;6.27;18.38;14.39;315.54;340.34;2.31;191619.0;62.0;63.0;51.0;4499.0;1000.16;839.83;4.0;1.0;0;1.0;0;0;1.0;0;0;0;0;0;0;1.0;0;0;0;0;0
611166;1.50;0.83;63.0;3283.0;27.75;79.5;38.25;5.09;15.55;14.48;190.12;341.46;2.31;191619.0;63.0;64.0;51.0;4515.0;1000.16;839.83;4.0;1.0;0;1.0;0;0;1.0;0;0;0;0;0;1.0;1.0;0;0;0;0;0
611712;1.34;0.80;63.0;3303.0;27.75;79.5;38.25;4.70;13.81;14.39;161.45;318.72;2.31;191619.0;62.0;64.0;51.0;4520.0;1000.16;800.77;4.0;1.0;0;1.0;0;0;1.0;0;0;0;0;0;1.0;1.0;0;0;0;0;0
612245;1.03;0.78;62.0;3228.0;27.75;79.5;37.5;3.13;11.18;14.39;233.28;345.44;2.31;191619.0;63.0;63.0;51.0;4523.0;1000.16;507.80;4.0;1.0;0;1.0;0;0;1.0;0;0;0;0;0;1.0;1.0;0;0;0;0;0
612783;1.02;0.78;62.0;3280.0;27.75;79.5;38.25;3.13;10.71;14.39;267.79;352.16;2.31;191619.0;62.0;63.0;51.0;4518.0;1000.16;58.59;4.0;1.0;0;1.0;0;0;1.0;0;0;0;0;0;1.0;1.0;0;0;0;0;0
613301;1.34;0.80;62.0;3272.0;27.75;79.5;37.5;4.70;13.81;14.29;322.22;356.57;2.58;191619.0;62.0;62.0;51.0;4513.0;1000.16;97.65;4.0;1.0;0;1.0;0;0;1.0;0;0;0;0;0;1.0;1.0;0;0;0;0;0
613800;1.47;0.83;62.0;3196.0;27.75;79.5;36.75;4.70;14.57;14.39;335.62;343.23;2.31;191619.0;62.0;62.0;51.0;4502.0;1000.16;117.18;4.0;1.0;0;1.0;0;0;1.0;0;0;0;0;0;1.0;1.0;0;0;0;0;0
614398;1.53;0.84;62.0;3258.0;27.75;79.5;37.5;5.09;15.03;14.39;343.78;348.64;2.31;191619.0;62.0;63.0;51.0;4515.0;1000.16;859.36;4.0;1.0;0;1.0;0;0;1.0;0;0;0;0;0;1.0;1.0;0;0;0;0;0
615267;1.36;0.81;62.0;3266.0;27.75;79.5;37.5;4.70;13.84;14.39;326.63;356.93;2.31;191619.0;63.0;63.0;51.0;4515.0;1000.16;800.77;4.0;1.0;0;1.0;0;0;1.0;0;0;0;0;0;1.0;1.0;0;0;0;0;0
615789;0.91;0.77;61.0;3088.0;27.75;79.5;35.25;2.35;9.86;14.48;325.66;356.83;2.31;191619.0;62.0;62.0;51.0;4516.0;1000.16;800.77;4.0;1.0;0;1.0;0;0;1.0;0;0;0;0;0;1.0;1.0;0;0;0;0;0
616352;0.70;0.76;61.0;3176.0;27.75;79.5;36.0;1.56;7.88;14.39;250.10;323.96;2.31;191619.0;61.0;62.0;51.0;4520.0;1000.16;683.58;4.0;1.0;0;1.0;0;0;1.0;0;0;0;0;0;1.0;1.0;0;0;0;0;0
616870;0.67;1.00;60.0;2963.0;27.75;79.5;25.5;0;12.91;14.48;221.23;257.42;2.31;191619.0;60.0;60.0;51.0;4534.0;1000.16;0;4.0;1.0;0;1.0;0;0;1.0;0;0;0;0;0;1.0;1.0;0;0;0;0;0
617388;1.17;1.00;58.0;1639.0;27.75;80.25;14.25;0;12.94;14.29;201.13;211.93;2.58;191619.0;59.0;59.0;62.0;4322.0;1000.16;19.53;4.0;1.0;0;1.0;0;0;1.0;0;0;0;0;0;1.0;1.0;0;0;0;0;0
617912;0.66;1.00;57.0;3005.0;27.75;80.25;26.25;0;12.76;14.48;140.36;162.64;2.31;191619.0;57.0;58.0;51.0;4243.0;1000.16;605.46;4.0;1.0;0;1.0;0;0;1.0;0;0;0;0;0;1.0;1.0;0;0;0;0;0
618430;0.73;1.00;56.0;2920.0;27.75;80.25;18.0;0;12.73;14.29;219.14;191.86;2.58;191619.0;56.0;56.0;51.0;4350.0;1000.16;390.62;4.0;1.0;0;1.0;0;0;1.0;0;0;1.0;0;0;1.0;1.0;0;0;0;0;0
618952;0.74;1.00;55.0;2816.0;27.75;80.25;17.25;0;12.72;14.39;273.00;238.36;2.31;191619.0;55.0;55.0;51.0;4455.0;1000.16;0;4.0;1.0;0;1.0;0;0;1.0;0;0;1.0;0;0;1.0;1.0;0;0;0;0;0
619524;0.75;1.00;53.0;2762.0;27.75;80.25;16.5;0;12.79;14.29;310.83;294.19;2.58;191619.0;53.0;53.0;51.0;4509.0;1000.16;19.53;4.0;1.0;0;1.0;0;0;1.0;0;0;1.0;0;0;1.0;1.0;0;0;0;0;0
620078;0.75;1.00;51.0;2713.0;27.75;80.25;16.5;0;12.76;14.29;329.80;322.34;2.58;191619.0;52.0;52.0;51.0;4513.0;1000.16;19.53;4.0;1.0;0;1.0;0;0;1.0;0;0;1.0;0;0;1.0;1.0;0;0;0;0;0
620879;0.77;1.00;50.0;2638.0;27.75;80.25;15.75;0;12.79;14.29;228.71;340.72;2.58;191619.0;50.0;51.0;51.0;4506.0;1000.16;39.06;4.0;1.0;0;1.0;0;0;1.0;0;0;1.0;0;0;1.0;1.0;0;0;0;0;0
621437;2.04;0.99;48.0;2571.0;27.75;80.25;4.5;3.92;10.69;14.29;281.17;263.40;2.58;191619.0;49.0;49.0;51.0;4476.0;1000.16;878.89;4.0;1.0;0;1.0;0;0;1.0;0;0;1.0;0;0;1.0;1.0;0;0;0;0;0
621952;1.75;0.97;48.0;2515.0;27.75;80.25;12.0;3.13;11.95;14.29;270.09;293.75;2.58;191619.0;49.0;49.0;51.0;4527.0;1000.16;898.42;4.0;1.0;0;1.0;0;0;1.0;0;0;1.0;0;0;1.0;1.0;0;0;0;0;0
622478;1.59;0.95;50.0;2585.0;27.75;80.25;18.0;2.74;12.18;14.39;300.97;284.80;2.31;191619.0;49.0;50.0;51.0;4502.0;1000.16;898.42;4.0;1.0;0;1.0;0;0;1.0;0;0;1.0;0;0;1.0;1.0;0;0;0;0;0
622994;1.35;0.93;50.0;2591.0;27.75;80.25;24.0;2.35;11.39;14.20;226.45;276.34;2.58;191619.0;50.0;50.0;51.0;4522.0;1000.16;898.42;4.0;1.0;0;1.0;0;0;1.0;0;0;1.0;0;0;1.0;1.0;0;0;0;0;0
623556;1.27;0.92;50.0;2621.0;27.75;80.25;27.75;2.35;11.36;14.39;218.54;261.89;2.31;191619.0;51.0;51.0;51.0;4525.0;1000.16;878.89;4.0;1.0;0;1.0;0;0;1.0;0;0;1.0;0;0;1.0;1.0;0;0;0;0;0
624092;1.22;0.90;51.0;2663.0;27.75;80.25;28.5;2.35;11.19;14.39;291.36;276.66;2.31;191619.0;51.0;51.0;51.0;4515.0;1000.32;859.36;4.0;1.0;0;1.0;0;0;1.0;0;0;1.0;0;0;1.0;1.0;0;0;0;0;0
624597;1.13;0.88;51.0;2618.0;27.75;80.25;27.75;1.96;10.61;14.39;321.40;307.81;2.31;191619.0;51.0;52.0;51.0;4511.0;1000.40;859.36;4.0;1.0;0;1.0;0;0;1.0;0;0;1.0;0;0;1.0;1.0;0;0;0;0;0
625418;1.05;0.87;51.0;2702.0;27.75;80.25;28.5;1.96;9.96;14.39;333.94;314.39;2.31;191619.0;51.0;52.0;51.0;4529.0;1000.71;859.36;4.0;1.0;0;1.0;0;0;1.0;0;0;1.0;0;0;1.0;1.0;0;0;0;0;0
626012;0.94;0.84;51.0;2702.0;27.75;80.25;29.25;1.56;9.04;14.39;320.13;346.65;2.31;191619.0;52.0;52.0;51.0;4510.0;1001.02;683.58;4.0;1.0;0;1.0;0;0;1.0;0;0;1.0;0;0;1.0;1.0;0;0;0;0;0
626532;0.93;0.82;51.0;2667.0;27.75;80.25;29.25;1.56;9.25;14.48;333.00;347.71;2.31;191619.0;51.0;51.0;51.0;4512.0;1000.95;312.49;4.0;1.0;0;1.0;0;0;1.0;0;0;1.0;0;0;1.0;1.0;0;0;0;0;0
627052;0.93;0.83;51.0;2673.0;27.75;80.25;28.5;1.56;9.13;14.29;317.59;355.54;2.58;191619.0;51.0;51.0;51.0;4515.0;1001.02;78.12;4.0;1.0;0;1.0;0;0;1.0;0;0;1.0;0;0;1.0;1.0;0;0;0;0;0
627580;1.04;0.84;51.0;2648.0;27.75;80.25;27.75;1.96;10.07;14.39;331.34;338.53;2.31;191619.0;51.0;51.0;51.0;4512.0;1001.06;800.77;4.0;1.0;0;1.0;0;0;1.0;0;0;1.0;0;0;1.0;1.0;0;0;0;0;0
628097;1.14;0.83;51.0;2681.0;27.75;80.25;29.25;2.35;11.23;14.29;339.68;343.43;2.58;191619.0;51.0;51.0;51.0;4511.0;1001.10;820.30;4.0;1.0;0;1.0;0;0;1.0;0;0;1.0;0;0;1.0;1.0;0;0;0;0;0
628648;1.12;0.81;51.0;2653.0;27.75;80.25;28.5;2.35;11.23;14.39;328.72;319.88;2.31;191619.0;51.0;52.0;51.0;4505.0;1001.22;820.30;4.0;1.0;0;1.0;0;0;1.0;0;0;1.0;0;0;1.0;1.0;0;0;0;0;0
629167;1.12;0.80;52.0;2691.0;27.75;80.25;29.25;2.35;11.57;14.48;322.55;317.46;2.31;191619.0;52.0;52.0;51.0;4497.0;1001.26;664.05;4.0;1.0;0;1.0;0;0;1.0;0;0;1.0;0;0;1.0;1.0;0;0;0;0;0
629682;1.47;0.80;52.0;2733.0;27.75;80.25;29.25;3.52;14.98;14.48;349.93;332.75;2.31;191619.0;52.0;53.0;51.0;4502.0;1001.30;19.53;4.0;1.0;0;1.0;0;0;1.0;0;0;1.0;0;0;1.0;1.0;0;0;0;0;0
630579;1.53;0.82;53.0;2785.0;27.75;80.25;30.75;3.92;15.30;14.29;356.77;344.35;2.58;191619.0;53.0;54.0;51.0;4512.0;1001.34;273.43;4.0;1.0;0;1.0;0;0;1.0;0;0;1.0;0;0;1.0;1.0;0;0;0;0;0
631135;1.52;0.83;55.0;2864.0;27.75;80.25;32.25;3.92;14.94;14.29;356.87;340.52;2.58;191619.0;54.0;56.0;51.0;4508.0;1001.38;781.24;4.0;1.0;0;1.0;0;0;1.0;0;0;1.0;0;0;1.0;1.0;0;0;0;0;0
631642;1.41;0.81;56.0;2893.0;27.75;80.25;32.25;3.52;14.29;14.39;354.80;334.13;2.31;191619.0;55.0;56.0;51.0;4505.0;1001.38;781.24;4.0;1.0;0;1.0;0;0;1.0;0;0;1.0;0;0;1.0;1.0;0;0;0;0;0
632172;1.32;0.79;56.0;2919.0;27.75;80.25;33.0;3.52;13.88;14.39;306.26;327.34;2.31;191619.0;56.0;56.0;51.0;4508.0;1001.41;292.96;4.0;1.0;0;1.0;0;0;1.0;0;0;1.0;0;0;1.0;1.0;0;0;0;0;0
632694;1.26;0.80;56.0;2925.0;27.75;80.25;33.0;3.13;12.87;14.29;257.87;256.25;2.58;191619.0;56.0;57.0;51.0;4517.0;1001.41;781.24;4.0;1.0;0;1.0;0;0;1.0;0;0;1.0;0;0;1.0;1.0;0;0;0;0;0
633211;1.24;0.79;56.0;2929.0;27.75;80.25;33.0;3.13;12.85;14.29;255.56;258.67;2.58;191619.0;56.0;56.0;51.0;4515.0;1001.41;781.24;4.0;1.0;0;1.0;0;0;1.0;0;0;1.0;0;0;1.0;1.0;0;0;0;0;0
633732;1.21;0.77;56.0;2911.0;27.75;80.25;33.0;3.13;13.00;14.39;259.10;249.71;2.31;191619.0;56.0;56.0;51.0;4511.0;1001.41;175.77;4.0;1.0;0;1.0;0;0;1.0;0;0;1.0;0;0;1.0;1.0;0;0;0;0;0
634240;1.27;0.78;56.0;2881.0;27.75;80.25;32.25;3.13;13.35;14.39;223.09;206.97;2.31;191619.0;55.0;56.0;51.0;4517.0;1001.41;39.06;4.0;1.0;0;1.0;0;0;1.0;0;0;1.0;0;0;1.0;1.0;0;0;0;0;0
634790;1.32;0.80;56.0;2928.0;27.75;80.25;33.0;3.52;13.42;14.29;210.02;201.13;2.58;191619.0;55.0;56.0;51.0;4510.0;1001.41;214.84;4.0;1.0;0;1.0;0;0;1.0;0;0;1.0;0;0;1.0;1.0;0;0;0;0;0
635648;1.35;0.82;56.0;2920.0;27.75;80.25;32.25;3.52;13.45;14.29;215.98;230.49;2.58;191619.0;56.0;56.0;51.0;4510.0;1001.41;781.24;4.0;1.0;0;1.0;0;0;1.0;0;0;1.0;0;0;1.0;1.0;0;0;0;0;0
636205;1.69;0.82;56.0;2947.0;27.75;80.25;33.0;5.09;17.08;14.11;299.76;320.79;2.58;191619.0;56.0;57.0;51.0;4523.0;1001.41;39.06;4.0;1.0;0;1.0;0;0;1.0;0;0;1.0;0;0;1.0;1.0;0;0;0;0;0
636717;1.93;0.85;57.0;2982.0;27.75;80.25;33.75;5.88;18.75;14.39;321.07;338.20;2.31;191619.0;57.0;57.0;51.0;4505.0;1001.41;117.18;4.0;1.0;0;1.0;0;0;1.0;0;0;1.0;0;0;1.0;1.0;0;0;0;0;0
637249;1.99;0.87;58.0;3045.0;27.75;80.25;34.5;5.88;18.57;14.29;335.29;345.42;2.58;191619.0;58.0;59.0;51.0;4508.0;1001.41;839.83;4.0;1.0;0;1.0;0;0;1.0;0;0;1.0;0;0;1.0;1.0;0;0;0;0;0
637805;1.88;0.84;60.0;3104.0;27.75;80.25;36.0;5.88;18.67;14.39;331.77;335.54;2.31;191619.0;59.0;60.0;51.0;4510.0;1001.41;820.30;4.0;1.0;0;1.0;0;0;1.0;0;0;0;0;0;1.0;1.0;0;0;0;0;0
638327;1.56;0.80;61.0;3146.0;27.75;80.25;36.75;5.09;16.18;14.39;312.06;332.47;2.31;191619.0;60.0;61.0;51.0;4514.0;1001.41;703.11;4.0;1.0;0;1.0;0;0;1.0;0;0;0;0;0;1.0;1.0;0;0;0;0;0
638829;1.21;0.77;61.0;3191.0;27.75;80.25;36.75;3.92;13.10;14.20;320.54;306.73;2.58;191619.0;61.0;62.0;51.0;4519.0;1001.41;175.77;4.0;1.0;0;1.0;0;0;1.0;0;0;0;0;0;1.0;1.0;0;0;0;0;0
639412;1.04;0.79;61.0;3170.0;27.75;80.25;36.75;3.13;11.08;14.39;316.83;317.44;2.31;191619.0;61.0;62.0;51.0;4527.0;1001.41;820.30;4.0;1.0;0;1.0;0;0;1.0;0;0;0;0;0;1.0;1.0;0;0;0;0;0
640170;0.99;0.78;62.0;3197.0;27.75;80.25;36.75;2.74;10.41;14.39;289.04;316.99;2.31;191619.0;61.0;62.0;51.0;4510.0;1001.57;781.24;4.0;1.0;0;1.0;0;0;1.0;0;0;0;0;0;1.0;1.0;0;0;0;0;0
640768;0.99;0.77;61.0;3183.0;27.75;80.25;36.0;3.13;10.63;14.39;215.31;267.01;2.31;191619.0;61.0;62.0;51.0;4500.0;1001.49;19.53;4.0;1.0;0;1.0;0;0;1.0;0;0;0;0;0;1.0;1.0;0;0;0;0;0
641292;1.01;0.79;61.0;3219.0;27.75;80.25;37.5;3.13;10.56;14.39;206.47;313.45;2.31;191619.0;62.0;62.0;51.0;4521.0;1001.49;58.59;4.0;1.0;0;1.0;0;0;1.0;0;0;0;0;0;1.0;1.0;0;0;0;0;0
641808;1.01;0.81;61.0;3199.0;27.75;80.25;36.75;2.74;10.39;14.39;251.64;336.24;2.31;191619.0;61.0;62.0;51.0;4513.0;1001.49;605.46;4.0;1.0;0;1.0;0;0;1.0;0;0;0;0;0;1.0;1.0;0;0;0;0;0
642341;0.95;0.81;61.0;3246.0;27.75;80.25;36.75;2.74;9.63;14.39;289.31;346.20;2.31;191619.0;61.0;62.0;51.0;4522.0;1001.61;800.77;4.0;1.0;0;1.0;0;0;1.0;0;0;0;0;0;1.0;1.0;0;0;0;0;0
642912;0.86;0.79;61.0;3200.0;27.75;80.25;36.75;2.35;9.65;14.39;317.10;345.97;2.31;191619.0;61.0;62.0;51.0;4518.0;1001.77;781.24;4.0;1.0;0;1.0;0;0;1.0;0;0;0;0;0;1.0;1.0;0;0;0;0;0
643462;0.72;0.78;61.0;3179.0;27.75;80.25;36.75;1.56;7.68;14.39;324.35;333.18;2.31;191619.0;60.0;61.0;51.0;4514.0;1001.80;39.06;4.0;1.0;0;1.0;0;0;1.0;0;0;0;0;0;1.0;1.0;0;0;0;0;0
644028;0.64;1.00;60.0;3097.0;27.75;80.25;27.0;0;12.93;14.39;337.32;313.80;2.31;191619.0;60.0;60.0;51.0;4509.0;1001.96;19.53;4.0;1.0;0;1.0;0;0;1.0;0;0;0;0;0;1.0;1.0;0;0;0;0;0
644558;0.63;1.00;58.0;3053.0;27.75;80.25;-30.0;0;0;14.48;318.18;274.43;2.31;191619.0;58.0;59.0;51.0;4517.0;1002.08;0;4.0;1.0;0;1.0;0;0;1.0;0;0;0;0;0;1.0;1.0;0;0;0;0;0
645162;0.64;1.00;57.0;3004.0;27.75;80.25;-30.0;0;0;14.48;271.56;239.59;2.31;191619.0;57.0;58.0;51.0;4513.0;1002.27;0;4.0;1.0;0;1.0;0;0;1.0;0;0;0;0;0;1.0;1.0;0;0;0;0;0
645962;1.58;1.00;57.0;2957.0;27.75;80.25;14.25;3.13;9.13;14.39;267.03;222.72;2.31;191619.0;57.0;57.0;51.0;4216.0;1002.39;878.89;4.0;1.0;0;1.0;0;0;1.0;0;0;0;0;0;1.0;1.0;0;0;0;0;0
646532;1.66;0.98;57.0;2985.0;27.75;80.25;23.25;3.92;12.33;14.29;178.19;188.52;2.58;191619.0;57.0;57.0;51.0;4325.0;1002.43;878.89;4.0;1.0;0;1.0;0;0;1.0;0;0;0;0;0;1.0;1.0;0;0;0;0;0
647035;1.83;0.95;58.0;3040.0;27.75;80.25;33.0;5.09;15.47;14.39;224.61;220.57;2.31;191619.0;58.0;59.0;51.0;4443.0;1002.47;878.89;4.0;1.0;0;1.0;0;0;1.0;0;0;0;0;0;1.0;1.0;0;0;0;0;0
647592;1.91;0.92;60.0;3137.0;27.75;80.25;36.0;5.88;17.03;14.29;264.12;289.23;2.58;191619.0;59.0;60.0;51.0;4499.0;1002.55;859.36;4.0;1.0;0;1.0;0;0;1.0;0;0;0;0;0;1.0;1.0;0;0;0;0;0
648111;1.80;0.88;61.0;3219.0;27.75;80.25;36.75;5.88;16.87;14.48;314.37;320.93;2.31;191619.0;61.0;62.0;51.0;4505.0;1002.55;839.83;4.0;1.0;0;1.0;0;0;1.0;0;0;0;0;0;1.0;1.0;0;0;0;0;0
648621;1.63;0.84;62.0;3268.0;27.75;80.25;38.25;5.09;16.15;14.39;332.81;340.68;2.31;191619.0;62.0;63.0;51.0;4521.0;1002.59;820.30;4.0;1.0;0;1.0;0;0;1.0;0;0;0;0;0;1.0;1.0;0;0;0;0;0
649152;1.25;0.82;63.0;3304.0;27.75;80.25;38.25;3.92;12.82;14.29;324.88;346.20;2.58;191619.0;63.0;64.0;51.0;4529.0;1002.59;820.30;4.0;1.0;0;1.0;0;0;1.0;0;0;0;0;0;1.0;1.0;0;0;0;0;0
650023;1.20;0.80;63.0;3307.0;27.75;79.5;38.25;3.92;12.38;14.39;345.60;346.89;2.31;191619.0;64.0;64.0;51.0;4519.0;1002.59;761.70;4.0;1.0;0;1.0;0;0;1.0;0;0;0;0;0;1.0;1.0;0;0;0;0;0
650567;0.92;0.77;63.0;3355.0;27.75;79.5;38.25;2.74;9.76;14.39;329.02;329.99;2.31;191619.0;64.0;64.0;51.0;4515.0;1002.63;664.05;4.0;1.0;0;1.0;0;0;1.0;0;0;0;0;0;1.0;1.0;0;0;0;0;0
651132;0.86;0.75;63.0;3347.0;27.75;79.5;38.25;2.35;9.28;14.39;339.82;343.35;2.31;191619.0;64.0;64.0;51.0;4512.0;1002.63;644.52;4.0;1.0;0;1.0;0;0;1.0;0;0;0;0;0;1.0;1.0;0;0;0;0;0
651646;0.78;0.73;62.0;3275.0;27.75;79.5;37.5;1.96;8.63;14.48;308.65;314.70;2.31;191619.0;63.0;63.0;51.0;4511.0;1002.63;97.65;4.0;1.0;0;1.0;0;0;1.0;0;0;0;0;0;1.0;1.0;0;0;0;0;0
652153;0.61;0.75;62.0;3247.0;27.75;79.5;37.5;1.17;6.88;14.39;214.98;279.90;2.31;191619.0;63.0;63.0;51.0;4518.0;1002.63;0;4.0;1.0;0;1.0;0;0;1.0;0;0;0;0;0;1.0;1.0;0;0;0;0;0
652677;0.64;1.00;61.0;3157.0;27.75;79.5;-30.0;0;0;14.48;212.07;238.10;2.31;191619.0;61.0;61.0;51.0;4505.0;1002.63;0;4.0;1.0;0;1.0;0;0;1.0;0;0;0;0;0;1.0;1.0;0;0;0;0;0
653236;0.63;1.00;60.0;3103.0;27.75;79.5;-30.0;0;0;14.39;288.12;301.36;2.31;191619.0;60.0;60.0;51.0;4507.0;1002.63;0;4.0;1.0;0;1.0;0;0;1.0;0;0;0;0;0;1.0;1.0;0;0;0;0;0
653770;0.65;1.00;58.0;3064.0;27.75;79.5;-30.0;0;0;14.39;324.35;334.49;2.31;191619.0;59.0;59.0;51.0;4500.0;1002.66;0;4.0;1.0;0;1.0;0;0;1.0;0;0;0;0;0;1.0;1.0;0;0;0;0;0
654339;0.64;1.00;57.0;2961.0;27.75;79.5;-30.0;0;0;14.39;341.20;328.78;2.31;191619.0;58.0;57.0;51.0;4492.0;1002.66;0;4.0;1.0;0;1.0;0;0;1.0;0;0;1.0;0;0;1.0;1.0;0;0;0;0;0
655220;0.64;1.00;56.0;2934.0;27.75;79.5;-30.0;0;0;14.39;335.72;329.13;2.31;191619.0;56.0;56.0;51.0;4494.0;1002.82;19.53;4.0;1.0;0;1.0;0;0;1.0;0;0;1.0;0;0;1.0;1.0;0;0;0;0;0
655758;0.67;1.00;53.0;2807.0;27.75;79.5;-30.0;0;0;14.39;332.65;340.99;2.31;191619.0;54.0;54.0;51.0;4519.0;1003.02;19.53;4.0;1.0;0;1.0;0;0;1.0;0;0;1.0;0;0;1.0;1.0;0;0;0;0;0
656326;1.40;1.00;53.0;2819.0;27.75;79.5;22.5;2.35;9.79;14.39;338.08;323.37;2.31;191619.0;53.0;54.0;51.0;4190.0;1003.17;859.36;4.0;1.0;0;1.0;0;0;1.0;0;0;1.0;0;0;1.0;1.0;0;0;0;0;0
656824;1.53;1.00;53.0;2773.0;27.75;79.5;29.25;2.35;11.92;14.39;327.61;308.08;2.31;191619.0;54.0;54.0;51.0;4280.0;1003.37;917.95;4.0;1.0;0;1.0;0;0;1.0;0;0;1.0;0;0;1.0;1.0;0;0;0;0;0
657346;1.36;0.98;53.0;2787.0;27.75;79.5;30.75;2.35;11.24;14.39;320.81;224.00;2.31;191619.0;54.0;54.0;51.0;4411.0;1003.48;898.42;4.0;1.0;0;1.0;0;0;1.0;0;0;1.0;0;0;1.0;1.0;0;0;0;0;0
657927;0.70;1.00;53.0;2795.0;27.75;79.5;-30.0;0;0;14.29;339.64;164.69;2.58;191619.0;54.0;54.0;51.0;4518.0;1003.48;703.11;4.0;1.0;0;1.0;0;0;1.0;0;0;1.0;0;0;1.0;1.0;0;0;0;0;0
658438;1.01;1.00;52.0;2788.0;27.75;79.5;30.0;0.78;7.17;14.39;303.45;153.31;2.31;191619.0;53.0;53.0;51.0;4368.0;1003.52;0;4.0;1.0;0;1.0;0;0;1.0;0;0;1.0;0;0;1.0;1.0;0;0;0;0;0
658963;1.29;1.00;52.0;2748.0;27.75;79.5;30.0;1.96;10.25;14.39;329.33;228.77;2.31;191619.0;53.0;53.0;51.0;4220.0;1003.64;878.89;4.0;1.0;0;1.0;0;0;1.0;0;0;1.0;0;0;1.0;1.0;0;0;0;0;0
659525;1.31;0.99;52.0;2780.0;27.75;79.5;30.75;1.96;10.60;14.48;341.85;292.83;2.31;191619.0;53.0;53.0;51.0;4356.0;1003.72;878.89;4.0;1.0;0;1.0;0;0;1.0;0;0;1.0;0;0;1.0;1.0;0;0;0;0;0
660245;1.30;0.98;53.0;2811.0;27.75;79.5;31.5;2.35;10.92;14.39;354.19;328.16;2.31;191619.0;53.0;53.0;51.0;4455.0;1003.76;878.89;4.0;1.0;0;1.0;0;0;1.0;0;0;1.0;0;0;1.0;1.0;0;0;0;0;0
660881;1.56;0.95;53.0;2822.0;27.75;79.5;30.75;3.13;13.41;14.39;324.37;327.06;2.31;191619.0;54.0;54.0;51.0;4504.0;1003.80;859.36;4.0;1.0;0;1.0;0;0;1.0;0;0;1.0;0;0;1.0;1.0;0;0;0;0;0
661410;1.48;0.93;55.0;2868.0;27.75;79.5;32.25;3.13;13.06;14.29;326.79;347.16;2.58;191619.0;54.0;55.0;51.0;4513.0;1003.84;859.36;4.0;1.0;0;1.0;0;0;1.0;0;0;1.0;0;0;1.0;1.0;0;0;0;0;0
661939;1.43;0.91;55.0;2910.0;27.75;79.5;32.25;3.13;12.87;14.29;313.08;316.83;2.58;191619.0;55.0;56.0;51.0;4516.0;1003.84;839.83;4.0;1.0;0;1.0;0;0;1.0;0;0;1.0;0;0;1.0;1.0;0;0;0;0;0
662442;1.36;0.89;56.0;2926.0;27.75;79.5;33.0;3.13;12.52;14.29;291.64;276.97;2.58;191619.0;56.0;56.0;51.0;4522.0;1003.88;839.83;4.0;1.0;0;1.0;0;0;1.0;0;0;1.0;0;0;1.0;1.0;0;0;0;0;0
662959;1.14;0.87;56.0;2955.0;27.75;79.5;33.75;2.35;10.87;14.39;252.81;282.13;2.31;191619.0;56.0;56.0;51.0;4515.0;1003.88;820.30;4.0;1.0;0;1.0;0;0;1.0;0;0;1.0;0;0;1.0;1.0;0;0;0;0;0
663540;0.98;0.86;56.0;2883.0;27.75;79.5;32.25;1.56;9.45;14.48;258.30;298.28;2.31;191619.0;56.0;57.0;51.0;4517.0;1003.88;820.30;4.0;1.0;0;1.0;0;0;1.0;0;0;1.0;0;0;1.0;1.0;0;0;0;0;0
664050;0.86;0.84;55.0;2873.0;27.75;79.5;31.5;0.39;9.97;14.39;211.66;224.43;2.31;191619.0;56.0;56.0;51.0;4510.0;1003.88;722.64;4.0;1.0;0;1.0;0;0;1.0;0;0;1.0;0;0;1.0;1.0;0;0;0;0;0
664588;0.65;1.00;53.0;2829.0;27.75;79.5;-30.0;0;0;14.48;241.46;225.47;2.31;191619.0;54.0;54.0;51.0;4582.0;1003.88;0;4.0;1.0;0;1.0;0;0;1.0;0;0;1.0;0;0;1.0;1.0;0;0;0;0;0
665422;1.52;1.00;53.0;2850.0;27.75;79.5;21.75;2.35;9.94;14.48;296.54;286.03;2.31;191619.0;53.0;54.0;51.0;4196.0;1003.88;859.36;4.0;1.0;0;1.0;0;0;1.0;0;0;1.0;0;0;1.0;1.0;0;0;0;0;0
665945;1.66;0.99;53.0;2793.0;27.75;79.5;27.0;3.13;12.85;14.29;342.67;318.78;2.58;191619.0;54.0;54.0;51.0;4324.0;1003.88;859.36;4.0;1.0;0;1.0;0;0;1.0;0;0;1.0;0;0;1.0;1.0;0;0;0;0;0
666467;1.58;0.97;55.0;2862.0;27.75;79.5;31.5;3.13;13.08;14.29;353.35;326.22;2.58;191619.0;54.0;55.0;51.0;4426.0;1003.95;859.36;4.0;1.0;0;1.0;0;0;1.0;0;0;1.0;0;0;1.0;1.0;0;0;0;0;0
666969;1.36;0.95;56.0;2895.0;27.75;79.5;33.0;2.74;11.74;14.39;320.11;320.52;2.31;191619.0;55.0;56.0;51.0;4500.0;1003.99;839.83;4.0;1.0;0;1.0;0;0;1.0;0;0;1.0;0;0;1.0;1.0;0;0;0;0;0
667493;0.92;0.94;56.0;2973.0;27.75;79.5;33.75;1.17;8.48;14.39;267.26;335.42;2.31;191619.0;55.0;56.0;51.0;4519.0;1004.11;820.30;4.0;1.0;0;1.0;0;0;1.0;0;0;1.0;0;0;1.0;1.0;0;0;0;0;0
668016;0.83;0.92;56.0;2903.0;27.75;79.5;33.0;0.39;7.14;14.29;283.41;332.43;2.58;191619.0;55.0;56.0;51.0;4516.0;1004.27;703.11;4.0;1.0;0;1.0;0;0;1.0;0;0;1.0;0;0;1.0;1.0;0;0;0;0;0
668542;0.65;1.00;55.0;2844.0;27.75;79.5;-30.0;0;0;14.48;270.17;299.12;2.31;191619.0;55.0;55.0;51.0;4573.0;1004.54;0;4.0;1.0;0;1.0;0;0;1.0;0;0;1.0;0;0;1.0;1.0;0;0;0;0;0
669054;2.73;1.00;53.0;2867.0;27.75;79.5;5.25;4.70;10.25;14.39;223.48;292.91;2.31;191619.0;54.0;54.0;51.0;4275.0;1004.66;800.77;4.0;1.0;0;1.0;0;0;1.0;0;0;1.0;0;0;1.0;1.0;0;0;0;0;0
669572;2.20;1.00;55.0;2927.0;27.75;79.5;9.75;4.70;12.28;14.39;238.20;302.28;2.31;191619.0;55.0;55.0;51.0;4222.0;1004.73;839.83;4.0;1.0;0;1.0;0;0;1.0;0;0;1.0;0;0;1.0;1.0;0;0;0;0;0
670089;1.68;0.97;56.0;2908.0;27.75;79.5;17.25;3.52;11.35;14.11;230.74;255.31;2.58;191620.0;56.0;56.0;51.0;4374.0;1004.85;839.83;4.0;1.0;0;1.0;0;0;1.0;0;0;1.0;0;0;1.0;1.0;0;0;0;0;0
670980;1.10;0.95;57.0;2961.0;27.75;79.5;23.25;1.96;8.32;14.39;243.46;291.01;2.31;191620.0;56.0;57.0;51.0;4500.0;1004.93;781.24;4.0;1.0;0;1.0;0;0;1.0;0;0;1.0;0;0;1.0;1.0;0;0;0;0;0
671513;0.64;1.00;56.0;2913.0;27.75;79.5;-30.0;0;0;14.48;317.98;337.38;2.31;191620.0;56.0;56.0;51.0;4544.0;1005.01;0;4.0;1.0;0;1.0;0;0;1.0;0;0;1.0;0;0;1.0;1.0;0;0;0;0;0
672082;0.65;1.00;55.0;2836.0;27.75;79.5;-30.0;0;0;14.39;339.72;325.66;2.31;191620.0;55.0;55.0;51.0;4549.0;1005.05;0;4.0;1.0;0;1.0;0;0;1.0;0;0;1.0;0;0;1.0;1.0;0;0;0;0;0
672610;0.64;1.00;53.0;2833.0;27.75;79.5;-30.0;0;0;14.39;346.05;349.48;2.31;191620.0;54.0;54.0;51.0;4573.0;1005.09;0;4.0;1.0;0;1.0;0;0;1.0;0;0;1.0;0;0;1.0;1.0;0;0;0;0;0
673109;0.66;1.00;53.0;2792.0;27.75;79.5;-30.0;0;0;14.48;344.60;340.75;2.31;191620.0;53.0;54.0;51.0;4590.0;1005.09;0;4.0;1.0;0;1.0;0;0;1.0;0;0;1.0;0;0;1.0;1.0;0;0;0;0;0
673631;0.65;1.00;53.0;2771.0;27.75;79.5;-30.0;0;0;14.39;329.41;324.21;2.31;191620.0;53.0;53.0;51.0;4602.0;1005.09;19.53;4.0;1.0;0;1.0;0;0;1.0;0;0;1.0;0;0;1.0;1.0;0;0;0;0;0
674194;0.66;1.00;52.0;2752.0;27.75;79.5;-30.0;0;0;14.39;328.61;342.39;2.31;191620.0;53.0;53.0;51.0;4610.0;1005.13;19.53;4.0;1.0;0;1.0;0;0;1.0;0;0;1.0;0;0;1.0;1.0;0;0;0;0;0
674734;0.68;1.00;51.0;2680.0;27.75;79.5;-30.0;0;0;14.48;329.88;340.52;2.31;191620.0;52.0;52.0;51.0;4612.0;1005.13;19.53;4.0;1.0;0;1.0;0;0;1.0;0;0;1.0;0;0;1.0;1.0;0;0;0;0;0
675551;0.68;1.00;51.0;2666.0;27.75;79.5;-30.0;0;0;14.20;318.14;338.41;2.58;191620.0;51.0;51.0;51.0;4618.0;1005.13;39.06;4.0;1.0;0;1.0;0;0;1.0;0;0;1.0;0;0;1.0;1.0;0;0;0;0;0
676142;0.92;1.00;50.0;2610.0;27.75;79.5;15.0;0;12.90;14.39;263.34;340.03;2.31;191620.0;51.0;50.0;51.0;4272.0;1005.13;839.83;4.0;1.0;0;1.0;0;0;1.0;0;0;1.0;0;0;1.0;1.0;0;0;0;0;0
676677;0.72;1.00;50.0;2584.0;27.75;79.5;-30.0;0;0;14.48;302.69;347.00;2.31;191620.0;50.0;49.0;51.0;4347.0;1005.13;19.53;4.0;1.0;0;1.0;0;0;1.0;0;0;1.0;0;0;1.0;1.0;0;0;0;0;0
677248;0.87;1.00;48.0;2513.0;27.75;79.5;15.0;0;12.88;14.39;337.16;355.13;2.31;191620.0;49.0;49.0;51.0;4196.0;1005.13;39.06;4.0;1.0;0;1.0;0;0;1.0;0;0;1.0;0;0;1.0;1.0;0;0;0;0;0
677769;0.83;1.00;47.0;2458.0;27.75;79.5;16.5;0;12.89;14.20;341.67;357.65;2.58;191620.0;47.0;47.0;49.0;4344.0;1005.20;58.59;4.0;1.0;0;1.0;0;0;1.0;0;0;1.0;0;0;1.0;1.0;0;0;0;0;0
678283;0.83;1.00;45.0;2338.0;27.75;79.5;16.5;0;12.84;14.39;292.53;242.93;2.31;191620.0;44.0;45.0;48.0;4471.0;1005.16;58.59;4.0;1.0;0;1.0;0;0;1.0;0;0;1.0;0;0;1.0;1.0;0;0;0;0;0
678848;0.84;1.00;41.0;2188.0;27.75;79.5;15.75;0;12.74;14.11;203.58;149.38;2.58;191620.0;42.0;41.0;47.0;4523.0;1005.16;58.59;4.0;1.0;0;1.0;0;0;1.0;0;0;1.0;0;0;1.0;1.0;0;0;0;0;0
679364;0.96;1.00;37.0;1964.0;27.75;79.5;13.5;0;12.81;14.29;164.05;131.30;2.58;191620.0;38.0;38.0;47.0;4525.0;1005.16;58.59;4.0;1.0;0;1.0;0;0;1.0;0;0;1.0;0;0;1.0;1.0;0;0;0;0;0
679892;1.05;1.00;35.0;1862.0;27.75;79.5;13.5;0;12.84;14.39;157.33;99.77;2.31;191620.0;35.0;35.0;48.0;4512.0;1005.16;78.12;4.0;1.0;0;1.0;0;0;1.0;0;0;1.0;0;0;1.0;1.0;0;0;0;0;0
680572;1.24;1.01;32.0;1458.0;27.75;79.5;15.0;0;12.78;14.29;123.54;90.75;2.58;191620.0;33.0;33.0;47.0;4522.0;1005.52;97.65;4.0;1.0;0;1.0;0;0;1.0;0;0;1.0;0;0;1.0;1.0;0;0;0;0;0
681205;2.84;1.01;30.0;1567.0;27.75;79.5;5.25;2.74;13.22;14.39;141.12;79.23;2.31;191620.0;30.0;31.0;51.0;4542.0;1005.71;878.89;4.0;1.0;0;1.0;1.0;0;1.0;0;0;1.0;0;0;0;1.0;0;0;1.0;0;0
681740;1.21;0.99;30.0;1572.0;27.75;79.5;13.5;0;12.92;14.39;118.95;69.01;2.31;191620.0;30.0;30.0;49.0;4505.0;1005.79;898.42;3.0;1.0;0;1.0;0;0;1.0;0;0;1.0;0;0;1.0;1.0;0;0;0;0;0
682252;0.99;1.00;28.0;1835.0;27.75;79.5;15.0;0;12.82;14.39;111.18;61.91;2.31;191620.0;29.0;29.0;47.0;4504.0;1005.95;800.77;3.0;1.0;0;1.0;0;0;1.0;0;0;1.0;0;0;1.0;1.0;0;0;0;0;0
682772;1.07;0.98;28.0;1761.0;27.75;79.5;15.0;0;12.85;14.20;156.98;55.71;2.58;191620.0;28.0;28.0;47.0;4511.0;1006.06;703.11;3.0;1.0;0;1.0;0;0;1.0;0;0;1.0;0;0;1.0;1.0;0;0;0;0;0
683292;2.36;1.00;27.0;1882.0;27.75;79.5;0;0.39;11.67;14.20;198.09;144.38;2.58;191620.0;27.0;27.0;51.0;4484.0;1006.14;878.89;3.0;1.0;0;1.0;0;0;1.0;0;0;1.0;0;0;1.0;1.0;0;0;0;0;0
683848;1.14;0.99;25.0;1578.0;27.75;79.5;15.75;0;12.96;14.29;185.00;145.61;2.58;191620.0;25.0;25.0;46.0;4525.0;1006.18;859.36;2.0;1.0;0;1.0;0;0;1.0;0;0;1.0;0;0;1.0;1.0;0;0;0;0;0
684376;1.04;1.00;23.0;1850.0;27.75;79.5;15.75;0;12.87;14.39;210.76;156.80;2.31;191620.0;23.0;24.0;46.0;4511.0;1006.26;839.83;2.0;1.0;0;1.0;0;0;1.0;0;0;1.0;0;0;1.0;1.0;0;0;0;0;0
684951;2.32;1.00;22.0;1870.0;27.75;79.5;3.0;2.74;12.21;14.39;196.08;148.62;2.31;191620.0;23.0;23.0;51.0;4527.0;1006.26;859.36;2.0;1.0;0;1.0;0;0;1.0;0;0;1.0;0;0;1.0;1.0;0;0;0;0;0
685792;1.32;0.98;23.0;1820.0;27.75;79.5;8.25;1.17;9.47;14.48;197.23;197.72;2.31;191620.0;24.0;24.0;51.0;4506.0;1006.30;781.24;2.0;1.0;0;1.0;0;0;1.0;0;0;1.0;0;0;1.0;1.0;0;0;0;0;0
686328;1.92;0.95;23.0;1925.0;27.75;79.5;15.0;2.35;14.66;14.29;205.06;195.84;2.58;191620.0;24.0;24.0;51.0;4517.0;1006.30;820.30;2.0;1.0;0;1.0;0;0;1.0;0;0;1.0;0;0;1.0;1.0;0;0;0;0;0
686878;1.56;0.94;25.0;1960.0;27.75;79.5;17.25;1.96;12.92;14.29;209.75;230.31;2.58;191620.0;25.0;25.0;51.0;4512.0;1006.34;800.77;2.0;1.0;0;1.0;0;0;1.0;0;0;1.0;0;0;1.0;1.0;0;0;0;0;0
687452;1.52;0.92;25.0;1988.0;27.75;79.5;17.25;1.96;12.83;14.39;169.91;207.19;2.31;191620.0;25.0;25.0;51.0;4513.0;1006.34;800.77;2.0;1.0;0;1.0;0;0;1.0;0;0;1.0;0;0;1.0;1.0;0;0;0;0;0
688014;2.67;0.99;26.0;2109.0;27.75;79.5;19.5;5.09;19.95;14.39;233.67;255.66;2.31;191620.0;26.0;27.0;51.0;4481.0;1006.34;820.30;2.0;1.0;0;1.0;0;0;1.0;0;0;1.0;0;0;1.0;1.0;0;0;0;0;0
688550;2.92;0.96;28.0;2316.0;27.75;79.5;22.5;7.45;23.66;14.48;262.93;300.93;2.31;191620.0;29.0;29.0;51.0;4419.0;1006.34;800.77;2.0;1.0;0;1.0;0;0;1.0;0;0;1.0;0;0;1.0;1.0;0;0;0;0;0
689098;2.68;0.93;32.0;2562.0;27.75;79.5;26.25;7.84;23.22;14.29;287.26;321.20;2.58;191620.0;32.0;33.0;51.0;4465.0;1006.34;683.58;2.0;1.0;0;1.0;0;0;1.0;0;0;1.0;0;0;1.0;1.0;0;0;0;0;0
689613;2.38;0.89;36.0;2819.0;27.75;79.5;30.75;7.05;21.93;14.11;303.73;335.33;2.58;191620.0;35.0;36.0;51.0;4536.0;1006.34;722.64;2.0;1.0;0;1.0;0;0;1.0;0;0;1.0;0;0;1.0;1.0;0;0;0;0;0
690223;2.31;0.88;38.0;2970.0;27.75;79.5;33.75;7.05;21.68;14.39;337.84;346.77;2.31;191620.0;38.0;38.0;51.0;4511.0;1006.34;605.46;2.0;1.0;0;1.0;0;0;1.0;0;0;1.0;0;0;1.0;1.0;0;0;0;0;0
691030;1.54;1.00;42.0;3268.0;27.75;79.5;37.5;3.92;13.66;14.11;346.16;339.07;2.58;191620.0;41.0;42.0;51.0;4518.0;1006.34;820.30;2.0;1.0;0;1.0;0;0;1.0;0;0;1.0;0;0;1.0;1.0;0;0;0;0;0
691561;2.72;0.95;43.0;3379.0;27.75;79.5;36.0;8.62;23.19;14.39;331.50;337.98;2.31;191620.0;42.0;44.0;51.0;4499.0;1006.34;781.24;2.0;1.0;0;1.0;0;0;1.0;0;0;1.0;0;0;1.0;1.0;0;0;0;0;0
692089;2.53;0.90;46.0;3547.0;27.75;79.5;37.5;9.02;23.08;14.39;347.73;339.29;2.31;191620.0;45.0;46.0;51.0;4516.0;1006.34;644.52;2.0;1.0;0;1.0;0;0;1.0;0;0;1.0;0;0;1.0;1.0;0;0;0;0;0
692692;1.86;1.00;47.0;3686.0;27.75;79.5;42.0;5.09;15.70;14.39;330.17;325.54;2.31;191620.0;47.0;48.0;51.0;4522.0;1006.34;820.30;2.0;1.0;0;1.0;0;0;1.0;0;0;1.0;0;0;1.0;1.0;0;0;0;0;0
693272;1.87;0.96;47.0;3740.0;27.75;79.5;42.75;5.49;15.95;14.29;275.06;270.33;2.58;191620.0;48.0;48.0;51.0;4501.0;1006.34;800.77;2.0;1.0;0;1.0;0;0;1.0;0;0;0;0;0;1.0;1.0;0;0;0;0;0
693839;1.51;1.00;48.0;2965.0;27.75;80.25;35.25;1.56;7.48;14.48;314.70;296.30;2.31;191620.0;48.0;48.0;51.0;4454.0;1006.34;800.77;2.0;1.0;0;1.0;0;0;1.0;0;0;1.0;0;0;1.0;1.0;0;0;0;0;0
694366;2.16;1.00;48.0;3004.0;27.75;80.25;29.25;5.09;16.43;14.39;338.92;332.16;2.31;191620.0;49.0;49.0;51.0;4203.0;1006.34;800.77;3.0;1.0;0;1.0;0;0;1.0;0;0;1.0;0;0;1.0;1.0;0;0;0;0;0
695214;1.98;0.97;50.0;3065.0;27.75;80.25;35.25;4.70;16.51;14.39;352.08;335.68;2.31;191620.0;49.0;50.0;51.0;4330.0;1006.34;800.77;3.0;1.0;0;1.0;0;0;1.0;0;0;1.0;0;0;1.0;1.0;0;0;0;0;0
695729;1.33;0.93;50.0;3082.0;27.75;80.25;35.25;2.74;11.76;14.39;302.18;323.76;2.31;191620.0;50.0;50.0;51.0;4487.0;1006.34;800.77;3.0;1.0;0;1.0;0;0;1.0;0;0;1.0;0;0;1.0;1.0;0;0;0;0;0
696248;1.07;0.91;50.0;3013.0;27.75;80.25;34.5;1.96;9.80;14.39;277.57;280.23;2.31;191620.0;49.0;50.0;51.0;4518.0;1006.34;800.77;3.0;1.0;0;1.0;0;0;1.0;0;0;1.0;0;0;1.0;1.0;0;0;0;0;0
696779;0.92;0.90;48.0;3000.0;27.75;80.25;34.5;1.17;8.47;14.39;243.03;181.33;2.31;191620.0;49.0;49.0;51.0;4510.0;1006.34;781.24;3.0;1.0;0;1.0;0;0;1.0;0;0;1.0;0;0;1.0;1.0;0;0;0;0;0
697300;0.89;0.88;47.0;2933.0;27.75;80.25;33.0;1.17;8.27;14.29;217.09;156.00;2.58;191620.0;48.0;48.0;51.0;4513.0;1006.34;781.24;3.0;1.0;0;1.0;0;0;1.0;0;0;1.0;0;0;1.0;1.0;0;0;0;0;0
697814;0.93;0.86;47.0;2886.0;27.75;80.25;32.25;1.56;8.76;14.20;230.51;180.02;2.58;191620.0;47.0;47.0;51.0;4518.0;1006.34;742.17;3.0;1.0;0;1.0;0;0;1.0;0;0;1.0;0;0;1.0;1.0;0;0;0;0;0
698383;1.05;0.85;46.0;2827.0;27.75;80.25;31.5;1.96;10.53;14.39;212.56;163.15;2.31;191620.0;46.0;46.0;51.0;4511.0;1006.34;761.70;3.0;1.0;0;1.0;0;0;1.0;0;0;1.0;0;0;1.0;1.0;0;0;0;0;0
698898;1.08;0.83;45.0;2776.0;27.75;80.25;30.75;1.96;10.63;14.29;193.85;142.02;2.58;191620.0;45.0;45.0;51.0;4519.0;1006.34;761.70;3.0;1.0;0;1.0;0;0;1.0;0;0;1.0;0;0;1.0;1.0;0;0;0;0;0
699425;1.06;0.82;45.0;2753.0;27.75;80.25;30.0;1.96;10.71;14.29;225.72;217.58;2.58;191620.0;44.0;45.0;51.0;4521.0;1006.34;742.17;3.0;1.0;0;1.0;0;0;1.0;0;0;1.0;0;0;1.0;1.0;0;0;0;0;0
699957;0.91;1.00;43.0;2046.0;27.75;80.25;15.0;0;12.80;14.29;250.62;259.39;2.58;191620.0;44.0;44.0;46.0;4557.0;1006.34;78.12;3.0;1.0;0;1.0;0;0;1.0;0;0;1.0;0;0;1.0;1.0;0;0;0;0;0
700623;0.80;1.00;42.0;2569.0;27.75;80.25;15.0;0;12.86;14.48;220.25;236.97;2.31;191620.0;42.0;42.0;51.0;4502.0;1006.34;0;3.0;1.0;0;1.0;0;0;1.0;0;0;1.0;0;0;1.0;1.0;0;0;0;0;0
701268;1.32;1.01;40.0;2507.0;27.75;80.25;21.75;1.96;10.32;14.29;261.56;291.21;2.58;191620.0;40.0;40.0;51.0;4497.0;1006.34;820.30;3.0;1.0;0;1.0;0;0;1.0;0;0;1.0;0;0;1.0;1.0;0;0;0;0;0
701842;0.87;1.00;38.0;2151.0;27.75;80.25;15.75;0;12.87;14.29;268.04;260.92;2.58;191620.0;39.0;39.0;47.0;4509.0;1006.34;742.17;3.0;1.0;0;1.0;0;0;1.0;0;0;1.0;0;0;1.0;1.0;0;0;0;0;0
702355;0.83;1.00;37.0;2306.0;27.75;80.25;15.75;0;12.87;14.39;188.15;159.26;2.31;191620.0;38.0;38.0;48.0;4516.0;1006.34;0;3.0;1.0;0;1.0;0;0;1.0;0;0;1.0;0;0;1.0;1.0;0;0;0;0;0
702907;0.89;1.00;36.0;2193.0;27.75;80.25;15.0;0;12.79;14.39;131.49;108.78;2.31;191620.0;36.0;36.0;46.0;4533.0;1006.34;0;3.0;1.0;0;1.0;0;0;1.0;0;0;1.0;0;0;1.0;1.0;0;0;0;0;0
703457;0.88;1.00;33.0;2116.0;27.75;80.25;14.25;0;12.74;14.39;158.83;95.28;2.31;191620.0;34.0;34.0;47.0;4553.0;1006.34;0;3.0;1.0;0;1.0;0;0;1.0;0;0;1.0;0;0;1.0;1.0;0;0;0;0;0
704028;0.97;1.00;32.0;2009.0;27.75;80.25;14.25;0;12.86;14.48;177.99;107.35;2.31;191620.0;32.0;32.0;46.0;4522.0;1006.34;19.53;3.0;1.0;0;1.0;0;0;1.0;0;0;1.0;0;0;1.0;1.0;0;0;0;0;0
704562;2.49;0.99;31.0;2077.0;27.75;80.25;-2.25;3.92;10.93;14.39;211.88;159.14;2.31;191620.0;31.0;31.0;51.0;4524.0;1006.34;839.83;3.0;1.0;0;1.0;0;0;1.0;0;0;1.0;0;0;1.0;1.0;0;0;0;0;0
705441;2.43;0.97;31.0;1960.0;27.75;80.25;4.5;4.31;14.46;14.39;216.74;168.19;2.31;191620.0;32.0;32.0;51.0;4507.0;1006.34;820.30;3.0;1.0;0;1.0;0;0;1.0;0;0;1.0;0;0;1.0;1.0;0;0;0;0;0
705979;0.84;1.00;32.0;2010.0;27.75;80.25;14.25;0;11.97;14.39;297.98;247.81;2.31;191620.0;33.0;33.0;50.0;4509.0;1006.34;800.77;3.0;1.0;0;1.0;0;0;1.0;0;0;1.0;0;0;1.0;1.0;0;0;0;0;0
706485;1.27;0.98;32.0;1516.0;27.75;80.25;15.0;0;12.87;14.39;237.69;251.23;2.31;191620.0;32.0;32.0;47.0;4525.0;1006.34;820.30;3.0;1.0;0;1.0;0;0;1.0;0;0;1.0;0;0;1.0;1.0;0;0;0;0;0
707006;1.15;0.97;31.0;1571.0;27.75;80.25;14.25;0;12.79;14.48;248.46;249.67;2.31;191620.0;30.0;31.0;46.0;4514.0;1006.34;800.77;3.0;1.0;0;1.0;0;0;1.0;0;0;1.0;0;0;1.0;1.0;0;0;0;0;0
707533;1.09;0.95;28.0;1619.0;27.75;80.25;14.25;0;12.76;14.39;247.65;193.48;2.31;191620.0;28.0;28.0;45.0;4513.0;1006.34;781.24;3.0;1.0;0;1.0;0;0;1.0;0;0;1.0;0;0;1.0;1.0;0;0;0;0;0
708059;1.05;0.94;26.0;1630.0;27.75;80.25;15.0;0;12.76;14.39;246.85;156.22;2.31;191620.0;27.0;27.0;47.0;4505.0;1006.34;761.70;3.0;1.0;0;1.0;0;0;1.0;0;0;1.0;0;0;1.0;1.0;0;0;0;0;0
708585;1.10;0.92;25.0;1532.0;27.75;80.25;15.0;0;12.73;14.39;197.31;157.91;2.31;191620.0;25.0;25.0;46.0;4493.0;1006.34;703.11;3.0;1.0;0;1.0;0;0;1.0;0;0;1.0;0;0;1.0;1.0;0;0;0;0;0
709184;1.14;0.90;23.0;1514.0;27.75;80.25;15.0;0;12.76;14.29;175.08;162.00;2.58;191620.0;24.0;24.0;47.0;4491.0;1006.34;703.11;3.0;1.0;0;1.0;0;0;1.0;0;0;1.0;0;0;1.0;1.0;0;0;0;0;0
709708;1.12;0.89;23.0;1426.0;27.75;80.25;15.0;0;12.72;14.48;204.98;157.45;2.31;191620.0;24.0;23.0;46.0;4492.0;1006.34;703.11;3.0;1.0;0;1.0;0;0;1.0;0;0;1.0;0;0;1.0;1.0;0;0;0;0;0
710634;1.16;0.87;22.0;1288.0;27.75;80.25;15.75;0;12.81;14.39;180.88;170.47;2.31;191620.0;23.0;23.0;46.0;4517.0;1006.34;0;3.0;1.0;0;1.0;0;0;1.0;0;0;1.0;0;0;1.0;1.0;0;0;0;0;0
711151;1.16;0.90;22.0;1357.0;27.75;81.0;14.25;0;12.62;14.39;193.77;182.85;2.31;191620.0;23.0;23.0;46.0;4516.0;1006.34;0;3.0;1.0;0;1.0;0;0;1.0;0;0;1.0;0;0;1.0;1.0;0;0;0;0;0
711666;1.31;0.91;22.0;1269.0;27.75;81.0;15.75;0;12.83;14.39;196.97;203.11;2.31;191620.0;22.0;22.0;45.0;4522.0;1006.34;0;3.0;1.0;0;1.0;0;0;1.0;0;0;1.0;0;0;1.0;1.0;0;0;0;0;0
712248;1.60;0.93;22.0;1311.0;27.75;81.0;11.25;0.78;11.02;14.01;179.12;212.01;2.58;191620.0;22.0;22.0;51.0;4556.0;1006.34;19.53;3.0;1.0;0;1.0;0;0;1.0;0;0;1.0;0;0;1.0;1.0;0;0;0;0;0
712808;2.52;1.00;22.0;1520.0;27.75;81.0;8.25;3.13;16.39;14.39;233.07;241.97;2.31;191620.0;22.0;22.0;50.0;4540.0;1006.34;820.30;3.0;1.0;0;1.0;0;0;1.0;0;0;1.0;0;0;1.0;1.0;0;0;0;0;0
713369;2.80;0.98;23.0;1621.0;27.75;81.0;12.75;4.70;20.40;14.39;241.70;242.58;2.31;191620.0;24.0;24.0;50.0;4520.0;1006.34;820.30;3.0;1.0;0;1.0;0;0;1.0;0;0;1.0;0;0;1.0;1.0;0;0;0;0;0
713897;3.09;0.96;26.0;1753.0;27.75;81.0;13.5;5.88;23.68;14.29;217.72;269.37;2.58;191620.0;26.0;26.0;50.0;4517.0;1006.34;800.77;3.0;1.0;0;1.0;0;0;1.0;0;0;1.0;0;0;1.0;1.0;0;0;0;0;0
714446;2.97;0.93;28.0;1746.0;27.75;81.0;13.5;5.88;23.07;14.39;236.82;296.66;2.31;191620.0;28.0;29.0;50.0;4512.0;1006.34;722.64;3.0;1.0;0;1.0;0;0;1.0;0;0;1.0;0;0;1.0;1.0;0;0;0;0;0
715271;2.64;0.91;31.0;1907.0;27.75;81.0;15.75;5.49;21.03;14.39;240.55;245.37;2.31;191620.0;30.0;31.0;50.0;4501.0;1006.34;624.99;3.0;1.0;0;1.0;0;0;1.0;0;0;1.0;0;0;1.0;1.0;0;0;0;0;0
715797;1.50;0.92;33.0;2055.0;27.75;81.0;18.0;2.35;14.42;14.39;178.07;173.66;2.31;191620.0;33.0;33.0;50.0;4516.0;1006.34;19.53;3.0;1.0;0;1.0;0;0;1.0;0;0;1.0;0;0;1.0;1.0;0;0;0;0;0
716321;1.80;1.00;33.0;2090.0;27.75;81.0;18.75;2.35;14.05;14.39;185.90;151.06;2.31;191620.0;33.0;34.0;50.0;4515.0;1006.34;839.83;3.0;1.0;0;1.0;0;0;1.0;0;0;1.0;0;0;1.0;1.0;0;0;0;0;0
716846;2.07;0.98;33.0;2122.0;27.75;81.0;19.5;3.52;16.46;14.48;175.75;171.18;2.31;191620.0;34.0;34.0;50.0;4497.0;1006.34;800.77;3.0;1.0;0;1.0;0;0;1.0;0;0;1.0;0;0;1.0;1.0;0;0;0;0;0
717359;2.08;0.96;35.0;2143.0;27.75;81.0;20.25;3.52;16.84;14.29;244.22;244.49;2.58;191620.0;35.0;35.0;50.0;4491.0;1006.34;800.77;3.0;1.0;0;1.0;0;0;1.0;0;0;1.0;0;0;1.0;1.0;0;0;0;0;0
717887;2.04;0.94;36.0;2217.0;27.75;81.75;21.0;3.92;16.98;14.29;290.00;271.40;2.58;191620.0;36.0;36.0;50.0;4468.0;1006.34;800.77;3.0;1.0;0;1.0;0;0;1.0;0;0;1.0;0;0;1.0;1.0;0;0;0;0;0
718413;2.37;0.91;37.0;2281.0;27.75;81.75;21.75;5.49;20.16;14.39;318.78;296.13;2.31;191620.0;37.0;37.0;50.0;4468.0;1006.45;781.24;3.0;1.0;0;1.0;0;0;1.0;0;0;1.0;0;0;1.0;1.0;0;0;0;0;0
718913;2.73;0.88;38.0;2420.0;27.75;81.75;24.0;8.23;24.20;14.29;280.25;315.31;2.58;191620.0;39.0;39.0;50.0;4470.0;1006.45;742.17;3.0;1.0;0;1.0;0;0;1.0;0;0;1.0;0;0;1.0;1.0;0;0;0;0;0
719447;2.61;0.87;41.0;2562.0;27.75;81.75;26.25;8.23;24.06;14.39;281.15;332.71;2.31;191620.0;41.0;41.0;50.0;4509.0;1006.41;0;3.0;1.0;0;1.0;0;0;1.0;0;0;1.0;0;0;1.0;1.0;0;0;0;0;0
720233;2.66;0.91;43.0;2709.0;27.75;81.75;28.5;8.62;24.05;14.39;312.92;319.76;2.31;191620.0;44.0;44.0;50.0;4522.0;1006.49;742.17;3.0;1.0;0;1.0;0;0;1.0;0;0;1.0;0;0;1.0;1.0;0;0;0;0;0
720743;2.35;0.91;46.0;2883.0;27.75;81.75;32.25;6.66;21.39;14.48;299.04;308.41;2.31;191620.0;47.0;47.0;50.0;4525.0;1006.49;800.77;3.0;1.0;0;1.0;0;0;1.0;0;0;1.0;0;0;1.0;1.0;0;0;0;0;0
721304;2.05;0.87;48.0;2974.0;27.75;81.75;33.75;5.88;19.63;14.39;299.12;325.07;2.31;191620.0;48.0;48.0;50.0;4522.0;1006.45;781.24;3.0;1.0;0;1.0;0;0;1.0;0;0;1.0;0;0;1.0;1.0;0;0;0;0;0
721877;1.31;0.84;48.0;3013.0;27.75;81.75;34.5;3.52;13.52;14.29;174.55;186.35;2.58;191620.0;49.0;49.0;50.0;4534.0;1006.41;800.77;3.0;1.0;0;1.0;0;0;1.0;0;0;1.0;0;0;1.0;1.0;0;0;0;0;0
722398;1.04;0.82;48.0;2928.0;27.75;81.75;32.25;1.96;10.56;14.48;158.95;185.82;2.31;191620.0;48.0;49.0;50.0;4529.0;1006.49;800.77;3.0;1.0;0;1.0;0;0;1.0;0;0;1.0;0;0;1.0;1.0;0;0;0;0;0
722915;0.72;0.80;47.0;2905.0;27.75;81.75;33.0;0.78;7.14;14.29;242.56;267.30;2.58;191620.0;48.0;48.0;50.0;4511.0;1006.53;117.18;3.0;1.0;0;1.0;0;0;1.0;0;0;1.0;0;0;1.0;1.0;0;0;0;0;0
723486;0.8;0.81;46.0;2871.0;27.75;81.75;31.5;1.17;7.71;14.29;293.41;294.53;2.58;191620.0;46.0;46.0;50.0;4512.0;1006.53;0;3.0;1.0;0;1.0;0;0;1.0;0;0;1.0;0;0;1.0;1.0;0;0;0;0;0
724031;1.06;0.83;45.0;2792.0;27.75;81.0;30.75;1.96;10.57;14.29;313.39;335.09;2.58;191620.0;45.0;45.0;50.0;4512.0;1006.57;800.77;3.0;1.0;0;1.0;0;0;1.0;0;0;1.0;0;0;1.0;1.0;0;0;0;0;0
724584;1.24;0.81;45.0;2905.0;27.75;81.0;33.0;3.13;12.54;14.48;295.86;343.41;2.31;191620.0;45.0;45.0;50.0;4503.0;1006.65;800.77;3.0;1.0;0;1.0;0;0;1.0;0;0;1.0;0;0;1.0;1.0;0;0;0;0;0
725439;1.33;0.79;45.0;2782.0;27.75;81.0;30.75;3.13;13.68;14.29;327.32;352.34;2.58;191620.0;45.0;45.0;50.0;4517.0;1006.61;742.17;3.0;1.0;0;1.0;0;0;1.0;0;0;1.0;0;0;1.0;1.0;0;0;0;0;0
726008;1.28;0.76;45.0;2764.0;27.75;81.0;30.0;3.13;13.78;14.39;336.65;349.05;2.31;191620.0;45.0;45.0;50.0;4512.0;1006.53;585.93;3.0;1.0;0;1.0;0;0;1.0;0;0;1.0;0;0;1.0;1.0;0;0;0;0;0
726562;1.17;0.75;45.0;2734.0;27.75;81.0;30.0;2.74;12.87;14.29;305.54;343.72;2.58;191620.0;44.0;45.0;50.0;4513.0;1006.53;644.52;3.0;1.0;0;1.0;0;0;1.0;0;0;1.0;0;0;1.0;1.0;0;0;0;0;0
727082;1.12;0.75;45.0;2750.0;27.75;81.0;30.0;2.35;12.22;14.29;331.50;340.89;2.58;191620.0;44.0;45.0;50.0;4515.0;1006.53;468.74;3.0;1.0;0;1.0;0;0;1.0;0;0;1.0;0;0;1.0;1.0;0;0;0;0;0
727603;1.13;0.76;43.0;2673.0;27.75;81.0;29.25;2.35;12.11;14.39;315.80;324.90;2.31;191620.0;44.0;44.0;50.0;4501.0;1006.65;703.11;3.0;1.0;0;1.0;0;0;1.0;0;0;1.0;0;0;1.0;1.0;0;0;0;0;0
728128;1.11;0.75;43.0;2683.0;27.75;81.0;29.25;2.35;12.07;14.29;332.26;335.81;2.58;191620.0;43.0;44.0;50.0;4507.0;1006.57;683.58;3.0;1.0;0;1.0;0;0;1.0;0;0;1.0;0;0;1.0;1.0;0;0;0;0;0
728632;1.08;0.73;42.0;2677.0;27.75;80.25;29.25;2.35;12.08;14.39;341.95;341.09;2.31;191620.0;43.0;43.0;51.0;4510.0;1006.65;527.33;3.0;1.0;0;1.0;0;0;1.0;0;0;1.0;0;0;1.0;1.0;0;0;0;0;0
729235;1.10;0.74;42.0;2663.0;27.75;80.25;28.5;2.35;12.17;14.39;352.30;348.80;2.31;191620.0;43.0;43.0;51.0;4513.0;1006.61;0;3.0;1.0;0;1.0;0;0;1.0;0;0;1.0;0;0;1.0;1.0;0;0;0;0;0
729767;1.24;0.76;42.0;2569.0;27.75;80.25;27.0;2.74;13.30;14.39;352.90;354.23;2.31;191620.0;42.0;42.0;51.0;4519.0;1006.61;0;3.0;1.0;0;1.0;0;0;1.0;0;0;1.0;0;0;1.0;1.0;0;0;0;0;0
730609;1.29;0.78;41.0;2576.0;27.75;80.25;27.0;2.74;13.51;14.39;351.34;332.40;2.31;191620.0;42.0;42.0;51.0;4509.0;1006.65;761.70;3.0;1.0;0;1.0;0;0;1.0;0;0;1.0;0;0;1.0;1.0;0;0;0;0;0
731127;1.31;0.78;41.0;2543.0;27.75;80.25;26.25;2.74;13.55;14.29;298.53;350.79;2.58;191620.0;41.0;41.0;51.0;4521.0;1006.73;742.17;3.0;1.0;0;1.0;0;0;1.0;0;0;1.0;0;0;1.0;1.0;0;0;0;0;0
731636;1.31;0.76;41.0;2494.0;27.75;80.25;26.25;2.74;13.95;14.39;316.73;332.75;2.31;191620.0;41.0;41.0;51.0;4517.0;1006.69;117.18;3.0;1.0;0;1.0;0;0;1.0;0;0;1.0;0;0;1.0;1.0;0;0;0;0;0
732213;1.24;0.77;40.0;2509.0;27.75;80.25;25.5;2.35;12.95;14.11;327.32;333.14;2.58;191620.0;40.0;40.0;51.0;4515.0;1006.69;703.11;3.0;1.0;0;1.0;0;0;1.0;0;0;1.0;0;0;1.0;1.0;0;0;0;0;0
732779;1.17;0.77;40.0;2427.0;27.75;80.25;24.0;2.35;12.08;14.29;322.90;302.55;2.58;191620.0;40.0;40.0;51.0;4528.0;1006.65;605.46;3.0;1.0;0;1.0;0;0;1.0;0;0;1.0;0;0;1.0;1.0;0;0;0;0;0
733302;1.04;0.77;38.0;2426.0;27.75;80.25;24.75;1.96;11.06;14.29;324.10;283.84;2.58;191620.0;39.0;39.0;51.0;4519.0;1006.57;742.17;3.0;1.0;0;1.0;0;0;1.0;0;0;1.0;0;0;1.0;1.0;0;0;0;0;0
733819;1.06;0.76;37.0;2352.0;27.75;80.25;23.25;1.96;11.28;14.39;344.04;278.08;2.31;191620.0;38.0;38.0;51.0;4502.0;1006.57;722.64;3.0;1.0;0;1.0;0;0;1.0;0;0;1.0;0;0;1.0;1.0;0;0;0;0;0
734343;1.02;0.74;37.0;2294.0;27.75;80.25;22.5;1.96;11.11;14.29;292.98;228.50;2.58;191620.0;37.0;37.0;51.0;4505.0;1006.73;39.06;3.0;1.0;0;1.0;0;0;1.0;0;0;1.0;0;0;1.0;1.0;0;0;0;0;0
735220;1.05;0.75;36.0;2249.0;27.75;80.25;21.75;1.56;11.20;14.39;329.56;283.12;2.31;191620.0;36.0;36.0;51.0;4521.0;1006.73;0;3.0;1.0;0;1.0;0;0;1.0;0;0;1.0;0;0;1.0;1.0;0;0;0;0;0
735782;1.12;0.78;35.0;2195.0;27.75;80.25;20.25;1.56;11.36;14.39;345.36;331.61;2.31;191620.0;35.0;35.0;51.0;4528.0;1006.61;19.53;3.0;1.0;0;1.0;0;0;1.0;0;0;1.0;0;0;1.0;1.0;0;0;0;0;0
736311;1.21;0.80;33.0;2081.0;27.75;80.25;18.75;1.56;11.85;14.48;352.98;322.28;2.31;191620.0;34.0;34.0;51.0;4537.0;1006.53;19.53;3.0;1.0;0;1.0;0;0;1.0;0;0;1.0;0;0;1.0;1.0;0;0;0;0;0
736872;1.21;1.00;33.0;1588.0;27.75;80.25;15.0;0;12.74;14.29;335.33;293.43;2.58;191620.0;33.0;34.0;47.0;4520.0;1006.49;781.24;3.0;1.0;0;1.0;0;0;1.0;0;0;1.0;0;0;1.0;1.0;0;0;0;0;0
737392;1.00;1.00;31.0;1976.0;27.75;80.25;13.5;0;12.82;14.39;356.42;250.55;2.31;191620.0;32.0;32.0;47.0;4503.0;1006.45;624.99;3.0;1.0;0;1.0;0;0;1.0;0;0;1.0;0;0;1.0;1.0;0;0;0;0;0
737906;2.10;1.00;30.0;1904.0;28.5;80.25;4.5;2.74;12.01;14.29;350.25;253.59;2.58;191620.0;30.0;31.0;51.0;4527.0;1006.41;839.83;3.0;1.0;0;1.0;0;0;1.0;0;0;1.0;0;0;1.0;1.0;0;0;0;0;0
738469;1.93;0.98;30.0;1864.0;28.5;80.25;9.0;2.35;13.17;14.29;349.07;238.32;2.58;191620.0;30.0;30.0;51.0;4517.0;1006.41;839.83;3.0;1.0;0;1.0;0;0;1.0;0;0;1.0;0;0;1.0;1.0;0;0;0;0;0
738981;1.77;0.96;30.0;1891.0;28.5;80.25;13.5;2.35;13.72;14.29;311.01;235.31;2.58;191620.0;30.0;30.0;51.0;4508.0;1006.41;839.83;3.0;1.0;0;1.0;0;0;1.0;0;0;1.0;0;0;1.0;1.0;0;0;0;0;0
739494;1.76;0.95;30.0;1908.0;28.5;80.25;15.75;2.35;13.99;14.39;323.20;229.08;2.31;191620.0;31.0;31.0;51.0;4507.0;1006.38;820.30;3.0;1.0;0;1.0;0;0;1.0;0;0;1.0;0;0;1.0;1.0;0;0;0;0;0
740251;1.68;0.93;30.0;1880.0;28.5;80.25;15.75;2.35;13.71;14.29;298.35;223.95;2.58;191620.0;30.0;30.0;51.0;4517.0;1006.38;800.77;3.0;1.0;0;1.0;0;0;1.0;0;0;1.0;0;0;1.0;1.0;0;0;0;0;0
740773;1.64;0.91;31.0;1880.0;28.5;80.25;15.75;1.96;13.71;14.29;329.82;264.06;2.58;191620.0;31.0;31.0;51.0;4523.0;1006.38;781.24;3.0;1.0;0;1.0;0;0;1.0;0;0;1.0;0;0;1.0;1.0;0;0;0;0;0
741361;1.59;0.89;31.0;1937.0;28.5;80.25;16.5;2.35;13.57;14.39;339.23;308.67;2.31;191620.0;31.0;31.0;51.0;4512.0;1006.38;761.70;3.0;1.0;0;1.0;0;0;1.0;0;0;1.0;0;0;1.0;1.0;0;0;0;0;0
741863;1.57;0.87;31.0;1931.0;28.5;80.25;16.5;2.35;13.67;14.39;347.12;326.40;2.31;191620.0;31.0;31.0;51.0;4510.0;1006.38;742.17;3.0;1.0;0;1.0;0;0;1.0;0;0;1.0;0;0;1.0;1.0;0;0;0;0;0
742424;1.54;0.86;31.0;1932.0;28.5;80.25;16.5;2.35;13.67;14.39;316.69;319.37;2.31;191620.0;31.0;31.0;51.0;4503.0;1006.38;664.05;3.0;1.0;0;1.0;0;0;1.0;0;0;1.0;0;0;1.0;1.0;0;0;0;0;0
742962;1.51;0.84;31.0;1956.0;28.5;81.0;17.25;2.35;13.76;14.29;322.14;341.61;2.58;191620.0;31.0;32.0;50.0;4511.0;1006.38;273.43;3.0;1.0;0;1.0;0;0;1.0;0;0;1.0;0;0;1.0;1.0;0;0;0;0;0
743477;1.49;0.85;31.0;1971.0;28.5;81.0;17.25;2.35;13.65;14.48;336.87;331.67;2.31;191620.0;32.0;32.0;50.0;4512.0;1006.38;39.06;3.0;1.0;0;1.0;0;0;1.0;0;0;1.0;0;0;1.0;1.0;0;0;0;0;0
743995;1.52;0.86;32.0;1993.0;28.5;81.0;17.25;2.35;13.60;14.48;277.24;271.95;2.31;191620.0;32.0;32.0;50.0;4514.0;1006.38;644.52;3.0;1.0;0;1.0;0;0;1.0;0;0;1.0;0;0;1.0;1.0;0;0;0;0;0
744506;1.62;0.85;32.0;1951.0;28.5;81.0;18.0;2.35;14.39;14.29;277.73;274.27;2.58;191620.0;32.0;32.0;50.0;4507.0;1006.38;0;3.0;1.0;0;1.0;0;0;1.0;0;0;1.0;0;0;1.0;1.0;0;0;0;0;0
745252;1.68;0.87;32.0;1983.0;28.5;81.0;17.25;2.74;14.83;14.39;234.92;236.00;2.31;191620.0;32.0;32.0;50.0;4511.0;1006.38;0;3.0;1.0;0;1.0;0;0;1.0;0;0;1.0;0;0;1.0;1.0;0;0;0;0;0
745912;1.60;0.88;33.0;2059.0;28.5;81.0;18.0;2.74;14.16;14.39;230.20;227.09;2.31;191620.0;33.0;34.0;50.0;4518.0;1006.38;800.77;3.0;1.0;0;1.0;0;0;1.0;0;0;1.0;0;0;1.0;1.0;0;0;0;0;0
746489;1.56;0.86;33.0;2074.0;28.5;81.0;18.75;2.35;14.07;14.29;282.24;263.55;2.58;191620.0;33.0;34.0;50.0;4500.0;1006.38;781.24;3.0;1.0;0;1.0;0;0;1.0;0;0;1.0;0;0;1.0;1.0;0;0;0;0;0
747050;1.49;0.84;35.0;2151.0;28.5;81.0;19.5;2.35;13.70;14.39;318.82;283.67;2.31;191620.0;35.0;35.0;50.0;4499.0;1006.38;781.24;3.0;1.0;0;1.0;0;0;1.0;0;0;1.0;0;0;1.0;1.0;0;0;0;0;0
747563;1.44;0.82;36.0;2191.0;28.5;81.0;21.0;2.35;13.70;14.29;336.91;325.07;2.58;191620.0;36.0;36.0;50.0;4495.0;1006.38;781.24;3.0;1.0;0;1.0;0;0;1.0;0;0;1.0;0;0;1.0;1.0;0;0;0;0;0
748099;1.36;0.81;36.0;2281.0;28.5;81.0;21.75;2.35;13.26;14.48;344.50;335.66;2.31;191620.0;36.0;37.0;50.0;4514.0;1006.53;742.17;3.0;1.0;0;1.0;0;0;1.0;0;0;1.0;0;0;1.0;1.0;0;0;0;0;0
748663;1.30;0.79;36.0;2263.0;28.5;81.0;21.75;2.35;13.01;14.29;345.87;340.01;2.58;191620.0;36.0;37.0;50.0;4509.0;1006.49;449.21;3.0;1.0;0;1.0;0;0;1.0;0;0;1.0;0;0;1.0;1.0;0;0;0;0;0
749167;1.34;0.80;36.0;2243.0;28.5;81.0;21.75;2.35;13.27;14.48;343.72;323.80;2.31;191620.0;36.0;36.0;50.0;4522.0;1006.45;761.70;3.0;1.0;0;1.0;0;0;1.0;0;0;1.0;0;0;1.0;1.0;0;0;0;0;0
749739;1.27;0.78;36.0;2196.0;28.5;81.0;21.0;2.35;12.93;14.11;349.05;339.33;2.58;191620.0;36.0;36.0;50.0;4502.0;1006.41;39.06;3.0;1.0;0;1.0;0;0;1.0;0;0;1.0;0;0;1.0;1.0;0;0;0;0;0
750500;1.29;0.79;35.0;2181.0;28.5;81.75;20.25;2.35;12.81;14.29;342.75;328.27;2.58;191620.0;36.0;36.0;50.0;4514.0;1006.41;78.12;3.0;1.0;0;1.0;0;0;1.0;0;0;1.0;0;0;1.0;1.0;0;0;0;0;0
751025;1.35;0.82;35.0;2171.0;28.5;81.75;20.25;2.35;12.93;14.20;338.00;347.00;2.58;191620.0;35.0;35.0;50.0;4522.0;1006.41;156.24;3.0;1.0;0;1.0;0;0;1.0;0;0;1.0;0;0;1.0;1.0;0;0;0;0;0
751588;1.43;0.84;35.0;2178.0;28.5;81.75;20.25;2.35;13.34;14.39;335.85;326.13;2.31;191620.0;35.0;35.0;50.0;4517.0;1006.38;234.37;3.0;1.0;0;1.0;0;0;1.0;0;0;1.0;0;0;1.0;1.0;0;0;0;0;0
752136;1.42;0.84;35.0;2137.0;28.5;81.75;20.25;2.35;13.15;14.39;341.61;345.93;2.31;191620.0;34.0;35.0;50.0;4515.0;1006.49;683.58;3.0;1.0;0;1.0;0;0;1.0;0;0;1.0;0;0;1.0;1.0;0;0;0;0;0
752652;1.41;0.82;33.0;2104.0;28.5;81.75;19.5;2.35;13.34;14.39;347.45;353.31;2.31;191620.0;34.0;34.0;50.0;4520.0;1006.45;781.24;3.0;1.0;0;1.0;0;0;1.0;0;0;1.0;0;0;1.0;1.0;0;0;0;0;0
753182;1.34;0.81;33.0;2078.0;28.5;81.75;19.5;1.96;13.06;14.29;336.61;365.50;2.58;191620.0;34.0;34.0;50.0;4514.0;1006.41;156.24;3.0;1.0;0;1.0;0;0;1.0;0;0;1.0;0;0;1.0;1.0;0;0;0;0;0
753691;1.38;0.81;33.0;2118.0;28.5;81.75;19.5;2.35;13.27;14.39;334.33;365.67;2.31;191620.0;34.0;34.0;50.0;4525.0;1006.41;19.53;3.0;1.0;0;1.0;0;0;1.0;0;0;1.0;0;0;1.0;1.0;0;0;0;0;0
754282;1.57;0.83;33.0;2078.0;28.5;81.75;18.75;2.74;14.50;14.20;351.81;359.21;2.58;191620.0;34.0;34.0;50.0;4522.0;1006.41;19.53;3.0;1.0;0;1.0;0;0;1.0;0;0;1.0;0;0;1.0;1.0;0;0;0;0;0
754829;1.66;0.85;33.0;2104.0;28.5;81.75;19.5;2.74;15.21;14.11;351.09;352.30;2.58;191620.0;34.0;34.0;50.0;4502.0;1006.38;195.31;3.0;1.0;0;1.0;0;0;1.0;0;0;1.0;0;0;1.0;1.0;0;0;0;0;0
755689;1.72;0.87;35.0;2125.0;28.5;81.75;19.5;2.74;15.43;14.39;331.07;354.54;2.31;191620.0;35.0;35.0;50.0;4495.0;1006.38;800.77;3.0;1.0;0;1.0;0;0;1.0;0;0;1.0;0;0;1.0;1.0;0;0;0;0;0
756272;1.59;0.83;35.0;2152.0;28.5;81.75;20.25;2.74;14.77;14.39;324.97;348.21;2.31;191620.0;34.0;35.0;50.0;4513.0;1006.38;800.77;3.0;1.0;0;1.0;0;0;1.0;0;0;1.0;0;0;1.0;1.0;0;0;0;0;0
756800;1.52;0.82;35.0;2185.0;28.5;81.75;20.25;2.74;14.47;14.29;337.49;343.84;2.58;191620.0;35.0;35.0;50.0;4497.0;1006.38;703.11;3.0;1.0;0;1.0;0;0;1.0;0;0;1.0;0;0;1.0;1.0;0;0;0;0;0
757377;1.45;0.80;35.0;2180.0;28.5;81.75;20.25;2.74;14.15;14.29;281.09;342.84;2.58;191620.0;34.0;35.0;50.0;4519.0;1006.38;19.53;3.0;1.0;0;1.0;0;0;1.0;0;0;1.0;0;0;1.0;1.0;0;0;0;0;0
757890;1.55;0.81;35.0;2129.0;28.5;81.75;20.25;2.74;14.93;14.29;299.72;344.23;2.58;191620.0;35.0;35.0;50.0;4516.0;1006.38;19.53;3.0;1.0;0;1.0;0;0;1.0;0;0;1.0;0;0;1.0;1.0;0;0;0;0;0
758398;1.56;0.83;35.0;2186.0;28.5;81.75;20.25;2.74;14.47;14.39;324.54;352.28;2.31;191620.0;35.0;36.0;50.0;4508.0;1006.38;332.02;3.0;1.0;0;1.0;0;0;1.0;0;0;1.0;0;0;1.0;1.0;0;0;0;0;0
758947;1.41;0.83;35.0;2179.0;28.5;81.75;20.25;2.35;13.28;14.29;340.25;357.71;2.58;191620.0;35.0;36.0;50.0;4515.0;1006.38;800.77;3.0;1.0;0;1.0;0;0;1.0;0;0;1.0;0;0;1.0;1.0;0;0;0;0;0
759512;1.30;0.82;35.0;2181.0;28.5;81.75;20.25;1.96;12.52;14.39;346.05;360.89;2.31;191620.0;35.0;35.0;50.0;4516.0;1006.53;800.77;3.0;1.0;0;1.0;0;0;1.0;0;0;1.0;0;0;1.0;1.0;0;0;0;0;0
760044;1.27;0.80;35.0;2181.0;28.5;81.75;20.25;1.96;12.52;14.39;327.90;372.08;2.31;191620.0;35.0;35.0;50.0;4515.0;1006.49;781.24;3.0;1.0;0;1.0;0;0;1.0;0;0;1.0;0;0;1.0;1.0;0;0;0;0;0
760965;1.26;0.78;35.0;2149.0;28.5;81.75;20.25;1.96;12.71;14.39;349.21;360.77;2.31;191620.0;35.0;35.0;50.0;4509.0;1006.45;19.53;3.0;1.0;0;1.0;0;0;1.0;0;0;1.0;0;0;1.0;1.0;0;0;0;0;0
761483;1.76;1.01;33.0;2041.0;28.5;81.75;20.25;2.35;13.74;14.39;335.17;303.30;2.31;191620.0;34.0;34.0;50.0;4515.0;1006.45;859.36;3.0;1.0;0;1.0;0;0;1.0;0;0;1.0;0;0;1.0;1.0;0;0;0;0;0
762097;1.76;0.99;33.0;2119.0;28.5;81.75;19.5;2.35;14.01;13.73;274.70;313.88;2.82;191620.0;34.0;34.0;50.0;4506.0;1006.45;859.36;3.0;1.0;0;1.0;0;0;1.0;0;0;1.0;0;0;1.0;1.0;0;0;0;0;0
762629;1.81;0.97;35.0;2105.0;28.5;81.75;19.5;2.74;14.56;14.39;309.99;338.33;2.31;191620.0;34.0;35.0;50.0;4518.0;1006.49;839.83;3.0;1.0;0;1.0;0;0;1.0;0;0;1.0;0;0;1.0;1.0;0;0;0;0;0
763171;1.72;0.95;35.0;2153.0;28.5;81.75;20.25;2.74;14.39;14.39;296.11;289.10;2.31;191620.0;34.0;35.0;50.0;4507.0;1006.45;839.83;3.0;1.0;0;1.0;0;0;1.0;0;0;1.0;0;0;1.0;1.0;0;0;0;0;0
763692;1.70;0.93;35.0;2160.0;28.5;81.75;20.25;2.74;14.44;14.20;318.35;295.52;2.58;191620.0;35.0;35.0;50.0;4509.0;1006.49;839.83;3.0;1.0;0;1.0;0;0;1.0;0;0;1.0;0;0;1.0;1.0;0;0;0;0;0
764202;1.72;0.91;35.0;2144.0;28.5;81.75;20.25;2.74;14.81;14.39;333.12;303.16;2.31;191620.0;35.0;35.0;50.0;4521.0;1006.53;820.30;3.0;1.0;0;1.0;0;0;1.0;0;0;1.0;0;0;1.0;1.0;0;0;0;0;0
764741;3.01;1.00;36.0;2206.0;28.5;81.75;21.0;6.66;22.23;14.39;345.36;325.21;2.31;191621.0;35.0;36.0;50.0;4481.0;1006.49;820.30;3.0;1.0;0;1.0;0;0;1.0;0;0;1.0;0;0;1.0;1.0;0;0;0;0;0
765533;2.81;0.97;37.0;2306.0;28.5;81.75;22.5;6.66;22.49;14.39;351.63;339.15;2.31;191621.0;37.0;38.0;50.0;4437.0;1006.45;800.77;3.0;1.0;0;1.0;0;0;1.0;0;0;1.0;0;0;1.0;1.0;0;0;0;0;0
766082;2.32;0.93;40.0;2417.0;28.5;81.75;24.0;5.49;20.08;14.29;253.08;349.21;2.58;191621.0;39.0;40.0;50.0;4536.0;1006.41;781.24;3.0;1.0;0;1.0;0;0;1.0;0;0;1.0;0;0;1.0;1.0;0;0;0;0;0
766629;1.89;0.90;40.0;2477.0;28.5;81.75;24.75;4.31;17.01;14.39;277.83;314.78;2.31;191621.0;40.0;40.0;50.0;4520.0;1006.41;781.24;3.0;1.0;0;1.0;0;0;1.0;0;0;1.0;0;0;1.0;1.0;0;0;0;0;0
767192;1.6;0.88;40.0;2496.0;28.5;81.75;25.5;3.13;14.84;14.39;274.29;320.64;2.31;191621.0;40.0;40.0;50.0;4521.0;1006.49;800.77;3.0;1.0;0;1.0;0;0;1.0;0;0;1.0;0;0;1.0;1.0;0;0;0;0;0
767706;1.40;0.86;40.0;2470.0;28.5;81.75;25.5;2.35;13.30;14.29;244.00;303.96;2.58;191621.0;40.0;40.0;50.0;4511.0;1006.53;800.77;3.0;1.0;0;1.0;0;0;1.0;0;0;1.0;0;0;1.0;1.0;0;0;0;0;0
768232;1.28;0.84;40.0;2447.0;28.5;81.75;24.75;2.35;12.38;14.39;189.48;290.19;2.31;191621.0;39.0;40.0;50.0;4527.0;1006.49;781.24;3.0;1.0;0;1.0;0;0;1.0;0;0;1.0;0;0;1.0;1.0;0;0;0;0;0
768750;1.39;0.83;38.0;2399.0;28.5;81.75;24.0;2.74;13.46;14.29;209.75;236.68;2.58;191621.0;39.0;39.0;50.0;4535.0;1006.45;761.70;3.0;1.0;0;1.0;0;0;1.0;0;0;1.0;0;0;1.0;1.0;0;0;0;0;0
769270;1.63;0.81;38.0;2386.0;28.5;81.75;23.25;3.52;15.95;14.29;148.01;289.43;2.58;191621.0;39.0;39.0;50.0;4512.0;1006.41;546.86;3.0;1.0;0;1.0;0;0;1.0;0;0;1.0;0;0;1.0;1.0;0;0;0;0;0
769805;2.08;0.81;38.0;2417.0;28.5;81.75;24.0;5.49;20.18;14.39;231.21;320.58;2.31;191621.0;38.0;39.0;50.0;4496.0;1006.41;0;3.0;1.0;0;1.0;0;0;1.0;0;0;1.0;0;0;1.0;1.0;0;0;0;0;0
770675;2.47;0.84;40.0;2479.0;28.5;81.75;25.5;7.84;23.51;14.39;286.19;335.79;2.31;191621.0;40.0;41.0;50.0;4471.0;1006.41;0;3.0;1.0;0;1.0;0;0;1.0;0;0;1.0;0;0;1.0;1.0;0;0;0;0;0
771185;2.25;0.90;42.0;2605.0;28.5;81.75;27.75;6.27;20.42;14.29;324.97;334.31;2.58;191621.0;42.0;43.0;50.0;4515.0;1006.38;117.18;3.0;1.0;0;1.0;0;0;1.0;0;0;1.0;0;0;1.0;1.0;0;0;0;0;0
771720;1.36;1.00;42.0;2626.0;28.5;81.75;27.75;2.74;12.89;14.11;331.89;323.92;2.58;191621.0;43.0;43.0;50.0;4548.0;1006.38;859.36;3.0;1.0;0;1.0;0;0;1.0;0;0;1.0;0;0;1.0;1.0;0;0;0;0;0
772262;1.42;0.98;42.0;2591.0;28.5;81.75;27.0;2.35;11.82;14.39;304.84;343.22;2.31;191621.0;42.0;42.0;50.0;4526.0;1006.38;839.83;3.0;1.0;0;1.0;0;0;1.0;0;0;1.0;0;0;1.0;1.0;0;0;0;0;0
772823;1.14;0.96;40.0;2485.0;28.5;81.75;23.25;1.56;9.56;14.39;259.33;346.55;2.31;191621.0;40.0;40.0;50.0;4528.0;1006.38;839.83;3.0;1.0;0;1.0;0;0;1.0;0;0;1.0;0;0;1.0;1.0;0;0;0;0;0
773464;1.06;0.95;38.0;2355.0;28.5;81.75;23.25;0.78;8.94;14.39;243.05;317.06;2.31;191621.0;39.0;39.0;50.0;4531.0;1006.38;820.30;3.0;1.0;0;1.0;0;0;1.0;0;0;1.0;0;0;1.0;1.0;0;0;0;0;0
773990;1.01;0.93;36.0;2265.0;28.5;81.75;21.75;0.78;8.51;14.29;249.90;324.68;2.58;191621.0;37.0;37.0;50.0;4545.0;1006.38;820.30;3.0;1.0;0;1.0;0;0;1.0;0;0;1.0;0;0;1.0;1.0;0;0;0;0;0
774517;1.27;0.91;35.0;2170.0;28.5;81.75;21.0;1.56;11.17;14.29;210.00;286.46;2.58;191621.0;35.0;35.0;50.0;4520.0;1006.38;800.77;3.0;1.0;0;1.0;0;0;1.0;0;0;1.0;0;0;1.0;1.0;0;0;0;0;0
775306;2.16;0.89;33.0;2109.0;28.5;81.75;18.75;3.52;16.72;14.29;226.41;314.25;2.58;191621.0;34.0;34.0;50.0;4515.0;1006.38;800.77;3.0;1.0;0;1.0;0;0;1.0;0;0;1.0;0;0;1.0;1.0;0;0;0;0;0
775847;3.02;0.99;35.0;2174.0;28.5;81.75;21.0;7.05;23.16;14.39;291.58;339.64;2.31;191621.0;35.0;35.0;50.0;4471.0;1006.38;781.24;3.0;1.0;0;1.0;0;0;1.0;0;0;1.0;0;0;1.0;1.0;0;0;0;0;0
776405;1.88;0.96;36.0;2247.0;28.5;81.75;21.0;3.13;17.28;14.39;324.08;346.13;2.31;191621.0;36.0;36.0;50.0;4515.0;1006.38;761.70;3.0;1.0;0;1.0;0;0;1.0;0;0;1.0;0;0;1.0;1.0;0;0;0;0;0
776952;1.32;0.99;35.0;2218.0;28.5;81.75;21.0;1.56;10.80;14.39;333.78;350.70;2.31;191621.0;35.0;35.0;50.0;4546.0;1006.38;800.77;3.0;1.0;0;1.0;0;0;1.0;0;0;1.0;0;0;1.0;1.0;0;0;0;0;0
777471;1.52;0.97;33.0;2128.0;28.5;81.75;19.5;1.96;12.30;14.39;344.50;353.66;2.31;191621.0;34.0;34.0;50.0;4502.0;1006.38;781.24;3.0;1.0;0;1.0;0;0;1.0;0;0;1.0;0;0;1.0;1.0;0;0;0;0;0
777996;1.99;0.95;33.0;2064.0;28.5;81.75;18.75;3.52;15.98;14.48;349.07;313.92;2.31;191621.0;33.0;34.0;50.0;4528.0;1006.38;781.24;3.0;1.0;0;1.0;0;0;1.0;0;0;1.0;0;0;1.0;1.0;0;0;0;0;0
778550;3.56;1.00;35.0;2174.0;28.5;81.75;19.5;8.62;26.34;14.39;345.79;334.49;2.31;191621.0;34.0;35.0;50.0;4424.0;1006.38;781.24;3.0;1.0;0;1.0;0;0;1.0;0;0;1.0;0;0;1.0;1.0;0;0;0;0;0
779083;4.02;0.99;37.0;2322.0;28.5;81.75;18.75;13.72;31.65;14.29;306.19;336.42;2.58;191621.0;37.0;38.0;50.0;4408.0;1006.38;761.70;3.0;1.0;0;1.0;0;0;1.0;0;0;1.0;0;0;1.0;1.0;0;0;0;0;0
779649;4.07;0.97;41.0;2507.0;28.5;81.75;20.25;17.25;33.26;14.39;332.08;210.29;2.31;191621.0;40.0;41.0;50.0;4510.0;1006.38;546.86;3.0;1.0;0;1.0;0;0;1.0;0;0;1.0;0;0;1.0;1.0;0;0;0;0;0
780473;3.94;0.99;45.0;2796.0;28.5;81.75;23.25;18.04;32.77;14.39;318.18;181.35;2.31;191621.0;44.0;45.0;50.0;4537.0;1006.38;78.12;3.0;1.0;0;1.0;0;0;1.0;0;0;1.0;0;0;1.0;1.0;0;0;0;0;0
781041;4.56;1.06;52.0;3108.0;28.5;81.75;23.25;21.17;34.45;14.29;272.54;127.21;2.58;191621.0;49.0;52.0;50.0;4526.0;1006.38;683.58;3.0;1.0;0;1.0;0;0;1.0;0;0;1.0;0;0;1.0;1.0;0;0;0;0;0
781615;5.73;1.00;55.0;3424.0;28.5;81.75;15.75;28.63;40.09;14.20;325.48;253.61;2.58;191621.0;54.0;56.0;50.0;4538.0;1006.38;234.37;3.0;1.0;0;1.0;0;0;1.0;0;0;1.0;0;0;1.0;1.0;0;0;0;0;0
782173;5.49;1.03;61.0;3745.0;28.5;81.75;18.75;27.45;40.59;14.20;350.01;300.07;2.58;191621.0;59.0;61.0;50.0;4612.0;1006.38;683.58;3.0;1.0;0;1.0;0;0;1.0;0;0;1.0;0;0;0;1.0;0;0;0;0;0
782714;4.94;1.01;65.0;4066.0;28.5;81.75;24.0;25.10;38.87;14.39;338.00;321.75;2.31;191621.0;64.0;66.0;50.0;4590.0;1006.38;664.05;3.0;1.0;0;1.0;0;0;1.0;0;0;1.0;0;0;1.0;1.0;0;0;0;0;0
783270;5.18;1.01;70.0;4266.0;28.5;81.75;23.25;27.06;39.25;14.29;355.19;320.09;2.58;191621.0;68.0;70.0;50.0;4552.0;1006.38;703.11;3.0;1.0;0;1.0;0;0;1.0;0;0;1.0;0;0;1.0;1.0;0;0;0;0;0
783823;4.81;1.01;73.0;4552.0;28.5;81.75;27.0;27.06;37.36;14.29;337.06;336.30;2.58;191621.0;72.0;74.0;50.0;4523.0;1006.38;664.05;3.0;1.0;0;1.0;0;0;1.0;0;0;1.0;0;0;1.0;1.0;0;0;0;0;0
784350;4.82;1.03;77.0;4776.0;28.5;81.75;28.5;28.23;36.45;14.20;334.88;340.64;2.58;191621.0;75.0;78.0;50.0;4490.0;1006.38;703.11;3.0;1.0;0;1.0;0;0;1.0;0;0;1.0;0;0;1.0;1.0;0;0;0;0;0
785085;4.76;1.05;81.0;4994.0;28.5;81.75;29.25;29.02;35.33;14.29;344.19;347.26;2.58;191621.0;79.0;82.0;50.0;4495.0;1006.26;703.11;3.0;1.0;0;1.0;0;0;1.0;0;0;1.0;0;0;1.0;1.0;0;0;0;0;0
785692;0.01;1.00;85.0;4999.0;28.5;81.75;43.5;0;4.28;14.29;326.42;328.84;2.58;191621.0;84.0;86.0;50.0;4417.0;1006.22;800.77;3.0;1.0;0;1.0;0;0;1.0;0;0;0;0;0;1.0;1.0;0;0;0;0;0
786271;4.75;1.00;87.0;4518.0;28.5;81.75;29.25;24.70;34.11;14.29;314.14;303.45;2.58;191621.0;85.0;87.0;50.0;4568.0;1006.26;703.11;4.0;1.0;0;1.0;0;0;1.0;0;0;0;0;0;1.0;1.0;0;0;0;0;0
786839;4.48;1.02;90.0;4664.0;28.5;81.75;29.25;25.49;34.04;14.29;203.77;233.63;2.58;191621.0;88.0;90.0;50.0;4526.0;1006.14;742.17;4.0;1.0;0;1.0;0;0;1.0;0;0;0;0;0;1.0;1.0;0;0;0;0;0
787427;4.41;1.05;92.0;4769.0;28.5;81.75;30.75;25.49;32.76;14.20;222.34;238.16;2.58;191621.0;91.0;92.0;50.0;4505.0;1006.06;605.46;4.0;1.0;0;1.0;0;0;1.0;0;0;0;0;0;1.0;1.0;0;0;0;0;0
787944;4.16;1.04;95.0;4949.0;28.5;81.75;33.0;25.10;31.46;14.29;270.80;325.93;2.58;191621.0;93.0;95.0;50.0;4523.0;1005.91;683.58;4.0;1.0;0;1.0;0;0;1.0;0;0;0;0;0;1.0;1.0;0;0;0;0;0
788510;0;1.00;95.0;4893.0;28.5;81.75;42.75;0;4.15;14.29;327.30;340.25;2.58;191621.0;94.0;96.0;50.0;4395.0;1005.75;800.77;4.0;1.0;0;1.0;0;0;1.0;0;0;0;0;0;1.0;1.0;0;0;0;0;0
789082;4.68;1.01;97.0;4486.0;28.5;81.75;27.75;25.49;35.19;14.29;326.38;351.63;2.58;191621.0;95.0;98.0;50.0;4599.0;1005.71;546.86;5.0;1.0;0;1.0;0;0;1.0;0;0;0;0;0;1.0;1.0;0;0;0;0;0
789596;5.56;1.05;100.0;4598.0;28.5;81.75;24.75;30.19;37.54;14.39;344.68;330.36;2.31;191621.0;98.0;100.0;50.0;4528.0;1005.67;214.84;5.0;1.0;0;1.0;0;0;1.0;0;0;0;0;0;1.0;1.0;0;0;0;0;0
790130;5.25;1.07;102.0;4748.0;28.5;81.75;25.5;31.37;37.42;14.39;342.90;349.00;2.31;191621.0;100.0;103.0;50.0;4494.0;1005.59;664.05;5.0;1.0;0;1.0;0;0;1.0;0;0;0;0;0;1.0;1.0;0;0;0;0;0
790952;0;1.00;103.0;4989.0;28.5;81.75;42.75;0;4.04;14.29;318.65;354.97;2.58;191621.0;103.0;104.0;50.0;4451.0;1005.44;820.30;5.0;1.0;0;1.0;0;0;1.0;0;0;0;0;0;1.0;1.0;0;0;0;0;0
791473;3.80;0.97;105.0;4479.0;28.5;81.75;33.0;20.00;30.13;14.48;296.60;311.73;2.31;191621.0;103.0;105.0;50.0;4559.0;1005.32;644.52;6.0;1.0;0;1.0;0;0;1.0;0;0;0;0;0;1.0;1.0;0;0;0;0;0
791991;4.25;1.05;106.0;4525.0;28.5;81.75;31.5;21.96;31.85;14.29;293.18;271.95;2.58;191621.0;104.0;107.0;50.0;4527.0;1005.36;761.70;6.0;1.0;0;1.0;0;0;1.0;0;0;0;0;0;1.0;1.0;0;0;0;0;0
792518;3.53;0.97;108.0;4601.0;28.5;81.75;35.25;19.21;28.78;14.39;225.33;225.72;2.31;191621.0;106.0;108.0;50.0;4505.0;1005.28;742.17;6.0;1.0;0;1.0;0;0;1.0;0;0;0;0;0;1.0;1.0;0;0;0;0;0
793042;3.42;1.00;108.0;4602.0;28.5;81.75;37.5;16.86;27.10;14.20;211.39;203.95;2.58;191621.0;107.0;109.0;50.0;4500.0;1005.32;722.64;6.0;1.0;0;1.0;0;0;1.0;0;0;0;0;0;1.0;1.0;0;0;0;0;0
793572;3.27;0.99;110.0;4653.0;28.5;81.0;38.25;16.47;26.34;14.29;296.99;254.61;2.58;191621.0;107.0;110.0;50.0;4511.0;1005.32;624.99;6.0;1.0;0;1.0;0;0;1.0;0;0;0;0;0;1.0;1.0;0;0;0;0;0
794105;2.77;0.97;110.0;4671.0;28.5;81.0;42.0;12.15;22.94;14.39;334.80;313.28;2.31;191621.0;108.0;110.0;50.0;4513.0;1005.36;644.52;6.0;1.0;0;1.0;0;0;1.0;0;0;0;0;0;1.0;1.0;0;0;0;0;0
794629;2.74;0.97;110.0;4643.0;28.5;81.0;42.0;11.76;22.64;14.39;331.71;343.84;2.31;191621.0;108.0;110.0;50.0;4513.0;1005.28;761.70;6.0;1.0;0;1.0;0;0;1.0;0;0;0;0;0;1.0;1.0;0;0;0;0;0
795186;2.74;0.97;110.0;4652.0;28.5;81.0;42.0;11.76;22.65;14.39;347.41;347.77;2.31;191621.0;108.0;110.0;50.0;4511.0;1005.32;722.64;6.0;1.0;0;1.0;0;0;1.0;0;0;0;0;0;1.0;1.0;0;0;0;0;0
796012;2.72;0.96;110.0;4631.0;28.5;81.0;42.0;11.76;22.69;14.39;345.11;349.19;2.31;191621.0;108.0;110.0;50.0;4514.0;1005.28;742.17;6.0;1.0;0;1.0;0;0;1.0;0;0;0;0;0;1.0;1.0;0;0;0;0;0
796517;2.72;0.95;110.0;4630.0;28.5;81.0;42.0;11.76;22.71;14.29;343.27;311.81;2.58;191621.0;107.0;110.0;50.0;4500.0;1005.36;585.93;6.0;1.0;0;1.0;0;0;1.0;0;0;0;0;0;1.0;1.0;0;0;0;0;0
797044;2.72;0.96;108.0;4612.0;28.5;81.0;42.0;11.76;22.64;14.39;343.06;264.61;2.31;191621.0;107.0;109.0;50.0;4514.0;1005.36;742.17;6.0;1.0;0;1.0;0;0;1.0;0;0;0;0;0;1.0;1.0;0;0;0;0;0
797561;2.59;0.92;110.0;4627.0;28.5;81.0;42.0;11.37;22.46;14.39;258.88;219.06;2.31;191621.0;108.0;110.0;50.0;4510.0;1005.40;332.02;6.0;1.0;0;1.0;0;0;1.0;0;0;0;0;0;1.0;1.0;0;0;0;0;0
798073;2.64;0.95;108.0;4628.0;28.5;81.0;42.75;11.37;22.09;14.48;203.48;200.31;2.31;191621.0;107.0;109.0;50.0;4507.0;1005.48;800.77;6.0;1.0;0;1.0;0;0;1.0;0;0;0;0;0;1.0;1.0;0;0;0;0;0
798630;2.60;0.94;110.0;4630.0;28.5;81.0;42.75;11.37;21.99;14.39;112.66;229.18;2.31;191621.0;107.0;110.0;50.0;4504.0;1005.44;585.93;6.0;1.0;0;1.0;0;0;1.0;0;0;0;0;0;1.0;1.0;0;0;0;0;0
799209;3.88;1.00;110.0;4636.0;28.5;81.0;35.25;20.39;28.98;14.39;224.24;211.02;2.31;191621.0;107.0;110.0;50.0;4536.0;1005.52;566.39;6.0;1.0;0;1.0;0;0;1.0;0;0;0;0;0;1.0;1.0;0;0;0;0;0
799778;4.94;1.06;111.0;4722.0;28.5;80.25;27.0;28.63;35.71;14.20;260.76;315.54;2.58;191621.0;109.0;112.0;51.0;4499.0;1005.52;97.65;6.0;1.0;0;1.0;0;0;1.0;0;0;0;0;0;1.0;1.0;0;0;0;0;0
800587;4.14;1.05;112.0;4736.0;28.5;80.25;33.0;22.74;31.07;14.29;309.55;339.86;2.58;191621.0;110.0;112.0;51.0;4507.0;1005.63;683.58;6.0;1.0;0;1.0;0;0;1.0;0;0;0;0;0;1.0;1.0;0;0;0;0;0
801141;3.93;1.04;113.0;4799.0;28.5;80.25;34.5;21.57;29.80;14.39;356.14;317.75;2.31;191621.0;111.0;113.0;51.0;4517.0;1005.55;722.64;6.0;1.0;0;1.0;0;0;1.0;0;0;0;0;0;1.0;1.0;0;0;0;0;0
801672;3.84;1.04;113.0;4816.0;28.5;80.25;35.25;20.78;29.06;14.39;340.58;228.81;2.31;191621.0;112.0;114.0;51.0;4515.0;1005.48;664.05;6.0;1.0;0;1.0;0;0;1.0;0;0;0;0;0;1.0;1.0;0;0;0;0;0
802178;3.15;1.01;115.0;4867.0;28.5;80.25;40.5;15.68;24.70;14.39;337.30;255.04;2.31;191621.0;113.0;115.0;51.0;4527.0;1005.55;742.17;6.0;1.0;0;1.0;0;0;1.0;0;0;0;0;0;1.0;1.0;0;0;0;0;0
802735;3.08;1.03;115.0;4826.0;28.5;80.25;41.25;14.51;23.77;14.39;254.45;305.50;2.31;191621.0;112.0;115.0;51.0;4516.0;1005.71;624.99;6.0;1.0;0;1.0;0;0;1.0;0;0;0;0;0;1.0;1.0;0;0;0;0;0
803263;3.02;1.04;115.0;4844.0;28.5;80.25;42.0;13.33;23.12;14.29;197.56;217.54;2.58;191621.0;112.0;115.0;51.0;4521.0;1005.71;664.05;6.0;1.0;0;1.0;0;0;1.0;0;0;0;0;0;1.0;1.0;0;0;0;0;0
803860;2.74;1.01;113.0;4822.0;28.5;80.25;43.5;11.37;21.76;14.29;172.39;200.12;2.58;191621.0;113.0;114.0;51.0;4511.0;1005.91;781.24;6.0;1.0;0;1.0;0;0;1.0;0;0;0;0;0;1.0;1.0;0;0;0;0;0
804418;2.68;0.99;112.0;4804.0;28.5;80.25;43.5;11.37;21.65;14.29;227.19;137.94;2.58;191621.0;112.0;113.0;51.0;4513.0;1006.06;761.70;6.0;1.0;0;1.0;0;0;1.0;0;0;0;0;0;1.0;1.0;0;0;0;0;0
805292;2.65;0.96;112.0;4779.0;29.25;80.25;42.75;11.76;22.32;14.39;326.40;102.68;2.31;191621.0;111.0;113.0;51.0;4516.0;1006.14;234.37;6.0;1.0;0;1.0;0;0;1.0;0;0;0;0;0;1.0;1.0;0;0;0;0;0
805820;2.81;0.98;112.0;4754.0;29.25;80.25;42.0;12.55;22.88;14.39;347.90;275.37;2.31;191621.0;111.0;112.0;51.0;4510.0;1006.22;78.12;6.0;1.0;0;1.0;0;0;1.0;0;0;0;0;0;1.0;1.0;0;0;0;0;0
806360;2.99;1.04;112.0;4771.0;29.25;80.25;42.0;12.55;22.89;14.29;338.45;332.43;2.58;191621.0;110.0;112.0;51.0;4507.0;1006.10;742.17;6.0;1.0;0;1.0;0;0;1.0;0;0;0;0;0;1.0;1.0;0;0;0;0;0
806958;2.96;1.02;112.0;4754.0;29.25;80.25;42.0;12.94;23.18;14.29;352.14;347.04;2.58;191621.0;110.0;112.0;51.0;4519.0;1006.18;742.17;6.0;1.0;0;1.0;0;0;1.0;0;0;0;0;0;1.0;1.0;0;0;0;0;0
807495;3.00;1.03;111.0;4721.0;29.25;80.25;41.25;12.94;23.27;14.20;345.48;294.70;2.58;191621.0;109.0;112.0;51.0;4510.0;1006.10;546.86;6.0;1.0;0;1.0;0;0;1.0;0;0;0;0;0;1.0;1.0;0;0;0;0;0
808016;2.88;1.00;111.0;4725.0;29.25;79.5;42.0;12.55;22.91;14.39;312.92;332.02;2.31;191621.0;110.0;111.0;51.0;4500.0;1006.10;644.52;6.0;1.0;0;1.0;0;0;1.0;0;0;0;0;0;1.0;1.0;0;0;0;0;0
808529;2.89;1.01;111.0;4677.0;29.25;79.5;42.0;12.15;22.81;14.39;321.87;338.43;2.31;191621.0;109.0;111.0;51.0;4510.0;1006.18;761.70;6.0;1.0;0;1.0;0;0;1.0;0;0;0;0;0;1.0;1.0;0;0;0;0;0
809058;2.56;0.93;110.0;4668.0;29.25;79.5;42.75;10.98;21.86;14.39;334.33;324.02;2.31;191621.0;109.0;111.0;51.0;4493.0;1006.14;234.37;6.0;1.0;0;1.0;0;0;1.0;0;0;0;0;0;1.0;1.0;0;0;0;0;0
809577;2.67;0.98;110.0;4679.0;29.25;79.5;42.75;10.98;21.63;14.29;275.15;335.25;2.58;191621.0;109.0;110.0;51.0;4502.0;1006.22;703.11;6.0;1.0;0;1.0;0;0;1.0;0;0;0;0;0;1.0;1.0;0;0;0;0;0
810100;3.11;0.97;110.0;4660.0;29.25;79.5;40.5;14.11;24.50;14.39;320.76;319.70;2.31;191621.0;108.0;110.0;51.0;4517.0;1006.26;78.12;6.0;1.0;0;1.0;0;0;1.0;0;0;0;0;0;1.0;1.0;0;0;0;0;0
810921;3.67;1.05;110.0;4646.0;29.25;79.5;37.5;17.64;27.44;14.39;307.61;327.71;2.31;191621.0;108.0;110.0;51.0;4517.0;1006.26;683.58;6.0;1.0;0;1.0;0;0;1.0;0;0;0;0;0;1.0;1.0;0;0;0;0;0
811433;3.44;1.00;111.0;4676.0;29.25;79.5;37.5;17.64;27.10;14.39;347.20;351.57;2.31;191621.0;108.0;111.0;51.0;4524.0;1006.30;742.17;6.0;1.0;0;1.0;0;0;1.0;0;0;0;0;0;1.0;1.0;0;0;0;0;0
811945;3.32;1.00;111.0;4722.0;29.25;79.5;39.0;16.47;26.04;14.39;349.87;354.54;2.31;191622.0;109.0;112.0;51.0;4507.0;1006.30;703.11;6.0;1.0;0;1.0;0;0;1.0;0;0;0;0;0;1.0;1.0;0;0;0;0;0
812467;3.33;1.04;111.0;4715.0;29.25;79.5;39.75;15.68;25.46;14.39;349.58;336.01;2.31;191622.0;109.0;112.0;51.0;4507.0;1006.34;722.64;6.0;1.0;0;1.0;0;0;1.0;0;0;0;0;0;1.0;1.0;0;0;0;0;0
813007;3.38;1.03;111.0;4694.0;29.25;79.5;39.0;15.68;25.56;14.20;345.58;332.73;2.58;191622.0;108.0;111.0;51.0;4516.0;1006.34;664.05;6.0;1.0;0;1.0;0;0;1.0;0;0;0;0;0;1.0;1.0;0;0;0;0;0
813529;3.23;1.01;111.0;4702.0;29.25;79.5;39.75;15.68;25.36;14.29;331.34;342.47;2.58;191622.0;110.0;111.0;51.0;4505.0;1006.34;781.24;6.0;1.0;0;1.0;0;0;1.0;0;0;0;0;0;1.0;1.0;0;0;0;0;0
814139;3.27;1.02;111.0;4688.0;29.25;79.5;39.75;15.29;25.29;14.29;343.51;343.41;2.58;191622.0;109.0;111.0;51.0;4500.0;1006.34;683.58;6.0;1.0;0;1.0;0;0;1.0;0;0;0;0;0;1.0;1.0;0;0;0;0;0
814652;3.28;1.04;111.0;4712.0;29.25;79.5;39.75;14.90;24.89;14.39;338.96;339.41;2.31;191622.0;109.0;111.0;51.0;4511.0;1006.26;664.05;6.0;1.0;0;1.0;0;0;1.0;0;0;0;0;0;1.0;1.0;0;0;0;0;0
815602;3.2;1.03;110.0;4686.0;29.25;79.5;40.5;14.51;24.57;14.39;318.96;255.72;2.31;191622.0;109.0;111.0;51.0;4516.0;1006.30;761.70;6.0;1.0;0;1.0;0;0;1.0;0;0;0;0;0;1.0;1.0;0;0;0;0;0
816121;2.90;1.01;111.0;4668.0;29.25;79.5;42.0;12.15;22.87;14.39;246.37;191.74;2.31;191622.0;109.0;111.0;51.0;4515.0;1006.30;800.77;6.0;1.0;0;1.0;0;0;1.0;0;0;0;0;0;1.0;1.0;0;0;0;0;0
816646;2.62;0.93;110.0;4682.0;29.25;79.5;42.75;11.76;22.38;14.39;291.09;260.31;2.31;191622.0;109.0;111.0;51.0;4513.0;1006.34;527.33;6.0;1.0;0;1.0;0;0;1.0;0;0;0;0;0;1.0;1.0;0;0;0;0;0
817185;2.72;0.96;108.0;4629.0;29.25;79.5;42.0;11.76;22.59;14.29;335.25;321.15;2.58;191622.0;108.0;109.0;51.0;4506.0;1006.34;703.11;6.0;1.0;0;1.0;0;0;1.0;0;0;0;0;0;1.0;1.0;0;0;0;0;0
817739;3.14;0.96;110.0;4640.0;29.25;79.5;40.5;14.51;24.60;14.29;345.46;344.43;2.58;191622.0;107.0;110.0;51.0;4519.0;1006.34;507.80;6.0;1.0;0;1.0;0;0;1.0;0;0;0;0;0;1.0;1.0;0;0;0;0;0
818283;3.22;0.99;110.0;4634.0;29.25;79.5;39.0;15.29;25.69;14.39;326.46;350.66;2.31;191622.0;107.0;110.0;51.0;4522.0;1006.34;722.64;6.0;1.0;0;1.0;0;0;1.0;0;0;0;0;0;1.0;1.0;0;0;0;0;0
818833;3.12;1.00;110.0;4674.0;29.25;79.5;40.5;14.51;24.72;14.48;292.28;332.94;2.31;191622.0;108.0;110.0;51.0;4509.0;1006.34;742.17;6.0;1.0;0;1.0;0;0;1.0;0;0;0;0;0;1.0;1.0;0;0;0;0;0
819434;2.84;0.95;110.0;4633.0;30.0;79.5;41.25;12.55;23.50;14.39;325.15;342.02;2.31;191622.0;108.0;110.0;51.0;4500.0;1006.34;722.64;6.0;1.0;0;1.0;0;0;1.0;0;0;0;0;0;1.0;1.0;0;0;0;0;0
819994;3.56;0.98;110.0;4669.0;30.0;79.5;37.5;17.25;26.88;14.39;297.05;341.22;2.31;191622.0;108.0;110.0;51.0;4518.0;1006.34;78.12;6.0;1.0;0;1.0;0;0;1.0;0;0;0;0;0;1.0;1.0;0;0;0;0;0
820875;3.72;1.06;110.0;4683.0;30.0;79.5;36.0;18.43;27.64;14.39;303.28;339.90;2.31;191622.0;108.0;111.0;51.0;4528.0;1006.34;781.24;6.0;1.0;0;1.0;0;0;1.0;0;0;0;0;0;1.0;1.0;0;0;0;0;0
821401;3.24;1.01;111.0;4714.0;30.0;79.5;39.0;16.08;25.55;14.39;287.11;329.29;2.31;191622.0;109.0;111.0;51.0;4514.0;1006.26;722.64;6.0;1.0;0;1.0;0;0;1.0;0;0;0;0;0;1.0;1.0;0;0;0;0;0
821985;3.32;1.04;111.0;4718.0;30.0;79.5;39.75;15.68;25.28;14.39;225.14;266.58;2.31;191622.0;109.0;112.0;51.0;4523.0;1006.22;742.17;6.0;1.0;0;1.0;0;0;1.0;0;0;0;0;0;1.0;1.0;0;0;0;0;0
822533;3.20;1.04;111.0;4734.0;30.0;79.5;40.5;14.51;24.40;14.48;275.09;329.95;2.31;191622.0;109.0;111.0;51.0;4519.0;1006.26;683.58;6.0;1.0;0;1.0;0;0;1.0;0;0;0;0;0;0;1.0;0;0;0;0;0
823046;3.14;1.04;112.0;4739.0;30.0;79.5;40.5;14.11;24.13;14.20;309.43;343.57;2.58;191622.0;109.0;112.0;51.0;4517.0;1006.30;722.64;6.0;1.0;0;1.0;0;0;1.0;0;0;0;0;0;1.0;1.0;0;0;0;0;0
823617;3.14;1.02;111.0;4705.0;30.0;79.5;40.5;14.11;24.17;14.39;337.86;352.77;2.31;191622.0;110.0;111.0;51.0;4516.0;1006.30;761.70;6.0;1.0;0;1.0;0;0;1.0;0;0;0;0;0;1.0;1.0;0;0;0;0;0
824163;2.88;0.98;111.0;4722.0;30.0;79.5;41.25;12.94;23.31;14.20;346.61;322.03;2.58;191622.0;109.0;111.0;51.0;4511.0;1006.30;136.71;6.0;1.0;0;1.0;0;0;1.0;0;0;0;0;0;1.0;1.0;0;0;0;0;0
824731;3.14;1.04;111.0;4739.0;30.0;79.5;40.5;14.11;24.01;14.39;348.20;333.57;2.31;191622.0;109.0;112.0;51.0;4524.0;1006.34;683.58;6.0;1.0;0;1.0;0;0;1.0;0;0;0;0;0;1.0;1.0;0;0;0;0;0
825643;3.38;1.03;111.0;4735.0;30.0;79.5;39.0;16.47;25.81;14.39;347.41;324.25;2.31;191622.0;109.0;112.0;51.0;4520.0;1006.34;761.70;6.0;1.0;0;1.0;0;0;1.0;0;0;0;0;0;1.0;1.0;0;0;0;0;0
826159;3.37;1.03;112.0;4752.0;30.0;79.5;39.0;16.86;25.89;14.39;326.93;320.87;2.31;191622.0;110.0;112.0;51.0;4509.0;1006.26;683.58;6.0;1.0;0;1.0;0;0;1.0;0;0;0;0;0;1.0;1.0;0;0;0;0;0
826761;3.44;1.06;112.0;4766.0;30.0;79.5;39.0;16.47;25.63;14.39;342.24;335.68;2.31;191622.0;110.0;113.0;51.0;4514.0;1006.30;742.17;6.0;1.0;0;1.0;0;0;1.0;0;0;0;0;0;1.0;1.0;0;0;0;0;0
827321;3.24;1.02;112.0;4778.0;30.0;79.5;39.75;16.08;25.20;14.29;163.91;264.18;2.58;191622.0;111.0;113.0;51.0;4520.0;1006.30;781.24;6.0;1.0;0;1.0;0;0;1.0;0;0;0;0;0;1.0;1.0;0;0;0;0;0
827872;3.40;1.07;112.0;4774.0;30.0;80.25;39.75;16.08;25.09;14.29;177.97;279.55;2.58;191622.0;111.0;113.0;51.0;4506.0;1006.30;664.05;6.0;1.0;0;1.0;0;0;1.0;0;0;0;0;0;1.0;1.0;0;0;0;0;0
828423;3.33;1.05;113.0;4800.0;30.0;80.25;39.75;16.08;25.13;14.39;270.54;339.54;2.31;191622.0;111.0;113.0;51.0;4513.0;1006.34;781.24;6.0;1.0;0;1.0;0;0;1.0;0;0;0;0;0;1.0;1.0;0;0;0;0;0
828947;3.14;1.03;113.0;4822.0;30.0;80.25;40.5;14.90;24.17;14.39;330.50;279.12;2.31;191622.0;111.0;114.0;51.0;4533.0;1006.34;742.17;6.0;1.0;0;1.0;0;0;1.0;0;0;0;0;0;1.0;1.0;0;0;0;0;0
829518;3.01;1.03;115.0;4837.0;30.0;80.25;42.0;13.72;23.24;14.48;341.75;299.70;2.31;191622.0;112.0;115.0;51.0;4501.0;1006.34;664.05;6.0;1.0;0;1.0;0;0;1.0;0;0;0;0;0;1.0;1.0;0;0;0;0;0
830382;3.00;1.03;113.0;4824.0;30.0;80.25;42.0;13.33;23.10;14.48;354.84;329.43;2.31;191622.0;112.0;114.0;51.0;4512.0;1006.38;781.24;6.0;1.0;0;1.0;0;0;1.0;0;0;0;0;0;1.0;1.0;0;0;0;0;0
830909;3.05;1.02;113.0;4803.0;30.0;80.25;41.25;14.51;23.80;14.29;144.07;347.77;2.58;191622.0;111.0;114.0;51.0;4500.0;1006.38;117.18;6.0;1.0;0;1.0;0;0;1.0;0;0;0;0;0;1.0;1.0;0;0;0;0;0
831455;3.43;1.09;113.0;4843.0;30.0;80.25;39.75;16.08;24.83;14.39;194.08;320.38;2.31;191622.0;111.0;114.0;51.0;4521.0;1006.38;703.11;6.0;1.0;0;1.0;0;0;1.0;0;0;0;0;0;1.0;1.0;0;0;0;0;0
831971;3.30;1.06;113.0;4846.0;30.0;80.25;40.5;15.68;24.64;14.29;188.32;339.97;2.58;191622.0;112.0;114.0;51.0;4516.0;1006.38;742.17;6.0;1.0;0;1.0;0;0;1.0;0;0;0;0;0;1.0;1.0;0;0;0;0;0
832551;2.97;1.04;113.0;4831.0;30.0;80.25;42.75;12.94;22.74;14.29;189.92;335.44;2.58;191622.0;112.0;114.0;51.0;4516.0;1006.38;742.17;6.0;1.0;0;1.0;0;0;1.0;0;0;0;0;0;1.0;1.0;0;0;0;0;0
833059;2.58;0.95;113.0;4832.0;30.0;80.25;43.5;11.37;21.67;14.48;127.21;319.82;2.31;191622.0;112.0;113.0;51.0;4508.0;1006.38;195.31;6.0;1.0;0;1.0;0;0;1.0;0;0;0;0;0;1.0;1.0;0;0;0;0;0
833632;2.68;1.00;113.0;4784.0;30.0;80.25;44.25;10.98;21.45;14.39;232.71;314.27;2.31;191622.0;111.0;113.0;51.0;4509.0;1006.38;800.77;6.0;1.0;0;1.0;0;0;1.0;0;0;0;0;0;1.0;1.0;0;0;0;0;0
834161;2.49;0.94;112.0;4753.0;30.0;80.25;43.5;10.58;21.13;14.39;306.48;339.68;2.31;191622.0;111.0;113.0;51.0;4510.0;1006.38;253.90;6.0;1.0;0;1.0;0;0;1.0;0;0;0;0;0;1.0;1.0;0;0;0;0;0
834668;2.41;0.97;112.0;4751.0;30.0;80.25;44.25;9.41;20.03;14.39;339.13;337.69;2.31;191622.0;110.0;112.0;51.0;4500.0;1006.38;800.77;6.0;1.0;0;1.0;0;0;1.0;0;0;0;0;0;1.0;1.0;0;0;0;0;0
835495;1.54;0.90;111.0;4688.0;30.0;80.25;48.0;6.66;15.17;14.39;325.52;355.42;2.31;191622.0;109.0;111.0;51.0;4459.0;1006.38;839.83;6.0;1.0;0;1.0;0;0;1.0;0;0;0;0;0;1.0;1.0;0;0;0;0;0
836012;1.57;0.85;110.0;4626.0;30.0;80.25;48.0;6.66;14.94;14.39;343.76;335.13;2.31;191622.0;108.0;110.0;51.0;4474.0;1006.38;820.30;6.0;1.0;0;1.0;0;0;1.0;0;0;0;0;0;1.0;1.0;0;0;0;0;0
836537;1.52;0.81;108.0;4564.0;30.0;80.25;48.0;6.66;15.16;14.48;345.13;323.10;2.31;191622.0;106.0;108.0;51.0;4502.0;1006.38;800.77;6.0;1.0;0;1.0;0;0;1.0;0;0;0;0;0;1.0;1.0;0;0;0;0;0
837041;1.52;0.77;107.0;4508.0;30.0;80.25;46.5;6.66;15.74;14.39;345.27;329.93;2.31;191622.0;106.0;107.0;51.0;4501.0;1006.38;566.39;6.0;1.0;0;1.0;0;0;1.0;0;0;0;0;0;1.0;1.0;0;0;0;0;0
837625;1.92;0.79;105.0;4478.0;30.0;80.25;44.25;9.02;19.77;14.39;343.22;235.76;2.31;191622.0;104.0;106.0;51.0;4536.0;1006.38;0;6.0;1.0;0;1.0;0;0;1.0;0;0;0;0;0;1.0;1.0;0;0;0;0;0
838143;2.59;0.88;106.0;4468.0;30.0;80.25;40.5;12.15;23.67;14.39;329.90;200.10;2.31;191622.0;104.0;106.0;51.0;4567.0;1006.38;19.53;6.0;1.0;0;1.0;0;0;1.0;0;0;0;0;0;1.0;1.0;0;0;0;0;0
838725;3.08;0.98;106.0;4496.0;30.0;80.25;39.75;14.11;25.22;14.39;319.62;206.92;2.31;191622.0;104.0;106.0;51.0;4532.0;1006.38;97.65;6.0;1.0;0;1.0;0;0;1.0;0;0;0;0;0;1.0;1.0;0;0;0;0;0
839262;3.47;1.06;107.0;4525.0;30.0;80.25;39.0;15.29;26.05;14.39;238.73;198.38;2.31;191622.0;105.0;107.0;51.0;4523.0;1006.38;800.77;6.0;1.0;0;1.0;0;0;1.0;0;0;0;0;0;1.0;1.0;0;0;0;0;0
839946;2.31;0.95;107.0;4541.0;30.0;80.25;44.25;9.02;20.48;14.29;272.09;211.41;2.58;191622.0;106.0;108.0;51.0;4491.0;1006.38;839.83;6.0;1.0;0;1.0;0;0;1.0;0;0;0;0;0;1.0;1.0;0;0;0;0;0
840588;2.09;0.90;107.0;4509.0;30.0;80.25;45.0;8.23;18.58;14.20;341.03;307.20;2.58;191622.0;105.0;108.0;51.0;4495.0;1006.38;859.36;6.0;1.0;0;1.0;0;0;1.0;0;0;0;0;0;1.0;1.0;0;0;0;0;0
841105;1.54;0.86;106.0;4492.0;30.0;80.25;47.25;6.27;14.34;14.39;348.98;341.71;2.31;191622.0;104.0;106.0;51.0;4460.0;1006.38;859.36;6.0;1.0;0;1.0;0;0;1.0;0;0;0;0;0;1.0;1.0;0;0;0;0;0
841639;1.57;0.82;105.0;4445.0;30.0;80.25;47.25;6.66;15.47;14.39;347.49;328.18;2.31;191622.0;103.0;105.0;51.0;4506.0;1006.38;820.30;6.0;1.0;0;1.0;0;0;1.0;0;0;0;0;0;1.0;1.0;0;0;0;0;0
842150;1.52;0.78;103.0;4415.0;30.0;80.25;46.5;6.66;15.84;14.39;346.40;345.25;2.31;191622.0;103.0;104.0;51.0;4535.0;1006.38;761.70;6.0;1.0;0;1.0;0;0;1.0;0;0;0;0;0;1.0;1.0;0;0;0;0;0
842682;1.45;0.73;103.0;4372.0;30.0;80.25;46.5;6.66;15.96;14.39;346.91;344.64;2.31;191622.0;102.0;104.0;51.0;4502.0;1006.38;175.77;6.0;1.0;0;1.0;0;0;1.0;0;0;0;0;0;0;1.0;0;0;0;0;0
843198;1.52;0.77;102.0;4327.0;30.0;80.25;46.5;6.66;16.07;14.39;321.28;315.40;2.31;191622.0;101.0;102.0;51.0;4529.0;1006.38;292.96;6.0;1.0;0;1.0;0;0;1.0;0;0;0;0;0;1.0;1.0;0;0;0;0;0
843724;1.68;0.81;101.0;4322.0;30.0;80.25;45.75;7.05;16.85;14.39;302.14;307.49;2.31;191623.0;100.0;102.0;51.0;4537.0;1006.45;781.24;6.0;1.0;0;1.0;0;0;1.0;0;0;0;0;0;1.0;1.0;0;0;0;0;0
844247;1.55;0.79;101.0;4272.0;30.0;80.25;45.75;6.66;15.91;14.48;291.52;274.10;2.31;191623.0;100.0;102.0;51.0;4508.0;1006.49;820.30;6.0;1.0;0;1.0;0;0;1.0;0;0;0;0;0;1.0;1.0;0;0;0;0;0
844977;1.45;0.75;100.0;4277.0;30.0;80.25;45.75;6.27;15.67;14.48;259.59;272.32;2.31;191623.0;99.0;101.0;51.0;4496.0;1006.45;761.70;6.0;1.0;0;1.0;0;0;1.0;0;0;0;0;0;1.0;1.0;0;0;0;0;0
845596;1.17;0.70;98.0;4195.0;30.0;80.25;46.5;5.49;13.65;14.39;235.25;280.93;2.31;191623.0;98.0;99.0;51.0;4507.0;1006.41;566.39;6.0;1.0;0;1.0;0;0;1.0;0;0;0;0;0;1.0;1.0;0;0;0;0;0
846123;1.15;0.71;98.0;4156.0;30.0;80.25;45.75;5.09;13.22;14.39;302.65;313.65;2.31;191623.0;97.0;99.0;51.0;4492.0;1006.41;58.59;6.0;1.0;0;1.0;0;0;1.0;0;0;0;0;0;1.0;1.0;0;0;0;0;0
846643;1.2;0.73;97.0;4140.0;30.0;80.25;45.75;5.09;13.28;14.39;336.09;341.71;2.31;191623.0;96.0;97.0;51.0;4495.0;1006.49;781.24;6.0;1.0;0;1.0;0;0;1.0;0;0;0;0;0;1.0;1.0;0;0;0;0;0
847155;1.16;0.72;96.0;4072.0;30.0;80.25;45.75;5.09;13.17;14.39;338.94;332.92;2.31;191623.0;95.0;96.0;51.0;4506.0;1006.45;429.68;6.0;1.0;0;1.0;0;0;1.0;0;0;0;0;0;1.0;1.0;0;0;0;0;0
847673;1.10;0.73;95.0;4040.0;30.0;80.25;45.75;4.70;12.33;14.39;341.56;282.73;2.31;191623.0;94.0;95.0;51.0;4501.0;1006.49;781.24;6.0;1.0;0;1.0;0;0;1.0;0;0;0;0;0;1.0;1.0;0;0;0;0;0
848198;1.06;0.70;95.0;3977.0;30.0;80.25;45.0;4.70;12.19;14.39;354.43;330.76;2.31;191623.0;94.0;95.0;51.0;4516.0;1006.53;195.31;6.0;1.0;0;1.0;0;0;1.0;0;0;0;0;0;1.0;1.0;0;0;0;0;0
848743;1.04;0.71;93.0;3974.0;30.0;80.25;45.75;4.31;11.90;14.39;360.71;252.21;2.31;191623.0;93.0;94.0;51.0;4510.0;1006.49;624.99;6.0;1.0;0;1.0;0;0;1.0;0;0;0;0;0;1.0;1.0;0;0;0;0;0
849292;0.97;0.72;92.0;3914.0;30.0;80.25;45.0;3.92;10.95;14.39;250.80;254.33;2.31;191623.0;92.0;93.0;51.0;4520.0;1006.57;761.70;6.0;1.0;0;1.0;0;0;1.0;0;0;0;0;0;1.0;1.0;0;0;0;0;0
850179;0.92;0.70;90.0;3881.0;30.0;80.25;45.0;3.52;10.46;14.29;245.35;182.60;2.58;191623.0;90.0;91.0;51.0;4504.0;1006.65;136.71;6.0;1.0;0;1.0;0;0;1.0;0;0;0;0;0;1.0;1.0;0;0;0;0;0
850749;0.94;0.73;88.0;3753.0;30.0;80.25;42.75;3.52;10.41;14.39;155.47;200.26;2.31;191623.0;88.0;89.0;51.0;4505.0;1006.65;39.06;6.0;1.0;0;1.0;0;0;1.0;0;0;0;0;0;1.0;1.0;0;0;0;0;0
851289;0.90;0.74;87.0;3691.0;30.0;80.25;42.0;3.13;9.82;14.48;248.65;280.56;2.31;191623.0;87.0;87.0;51.0;4503.0;1006.53;820.30;6.0;1.0;0;1.0;0;0;1.0;0;0;0;0;0;1.0;1.0;0;0;0;0;0
851808;0.96;0.72;86.0;3652.0;30.75;80.25;42.0;3.52;10.64;14.39;279.61;320.87;2.31;191623.0;85.0;86.0;51.0;4504.0;1006.49;722.64;6.0;1.0;0;1.0;0;0;1.0;0;0;0;0;0;1.0;1.0;0;0;0;0;0
852330;1.19;0.72;85.0;3614.0;30.75;80.25;41.25;4.70;13.41;14.48;304.41;336.13;2.31;191623.0;85.0;85.0;51.0;4504.0;1006.45;39.06;6.0;1.0;0;1.0;0;0;1.0;0;0;0;0;0;1.0;1.0;0;0;0;0;0
852870;1.66;0.76;85.0;3589.0;30.75;80.25;41.25;6.66;18.06;14.39;333.25;325.23;2.31;191623.0;84.0;85.0;51.0;4508.0;1006.49;39.06;6.0;1.0;0;1.0;0;0;1.0;0;0;0;0;0;1.0;1.0;0;0;0;0;0
853371;2.24;0.82;85.0;3593.0;30.75;80.25;37.5;9.41;22.18;14.20;338.18;324.33;2.58;191623.0;84.0;85.0;51.0;4515.0;1006.65;19.53;6.0;1.0;0;1.0;0;0;1.0;0;0;0;0;0;1.0;1.0;0;0;0;0;0
853903;2.69;0.88;86.0;3644.0;30.75;80.25;35.25;11.76;24.72;14.39;339.50;345.46;2.31;191623.0;85.0;86.0;51.0;4545.0;1006.65;39.06;6.0;1.0;0;1.0;0;0;1.0;0;0;0;0;0;1.0;1.0;0;0;0;0;0
854421;3.01;0.96;87.0;3706.0;30.75;80.25;35.25;12.94;25.42;14.29;342.53;328.35;2.58;191623.0;86.0;87.0;51.0;4523.0;1006.69;546.86;6.0;1.0;0;1.0;0;0;1.0;0;0;0;0;0;1.0;1.0;0;0;0;0;0
854947;3.02;0.97;88.0;3781.0;30.75;80.25;35.25;12.55;25.06;14.39;313.47;299.08;2.31;191623.0;87.0;89.0;51.0;4507.0;1006.73;800.77;6.0;1.0;0;1.0;0;0;1.0;0;0;0;0;0;1.0;1.0;0;0;0;0;0
855613;2.32;0.89;90.0;3780.0;30.75;80.25;39.75;9.02;21.55;14.39;304.66;277.63;2.31;191623.0;88.0;90.0;51.0;4510.0;1006.69;800.77;6.0;1.0;0;1.0;0;0;1.0;0;0;0;0;0;1.0;1.0;0;0;0;0;0
856229;1.52;0.97;88.0;3779.0;30.75;80.25;43.5;4.70;13.11;14.39;243.61;154.79;2.31;191623.0;88.0;89.0;51.0;4488.0;1006.77;898.42;6.0;1.0;0;1.0;0;0;1.0;0;0;0;0;0;1.0;1.0;0;0;0;0;0
856797;1.45;0.94;88.0;3776.0;30.75;80.25;43.5;4.70;12.68;14.20;255.66;170.61;2.58;191623.0;88.0;89.0;51.0;4508.0;1006.73;898.42;6.0;1.0;0;1.0;0;0;1.0;0;0;0;0;0;1.0;1.0;0;0;0;0;0
857316;1.36;0.92;87.0;3730.0;30.75;80.25;42.75;4.31;12.09;14.39;310.91;242.60;2.31;191623.0;87.0;88.0;51.0;4510.0;1006.80;878.89;6.0;1.0;0;1.0;0;0;1.0;0;0;0;0;0;1.0;1.0;0;0;0;0;0
857912;1.32;0.90;87.0;3715.0;30.75;80.25;42.75;4.31;12.09;14.39;335.91;294.88;2.31;191623.0;87.0;88.0;51.0;4514.0;1006.80;859.36;6.0;1.0;0;1.0;0;0;1.0;0;0;0;0;0;1.0;1.0;0;0;0;0;0
858424;1.29;0.87;86.0;3691.0;30.75;80.25;42.0;4.31;12.18;14.39;354.02;328.35;2.31;191623.0;86.0;87.0;51.0;4511.0;1006.73;859.36;6.0;1.0;0;1.0;0;0;1.0;0;0;0;0;0;1.0;1.0;0;0;0;0;0
858951;1.33;0.85;86.0;3651.0;30.75;80.25;42.0;4.70;13.02;14.20;353.86;340.25;2.58;191623.0;86.0;87.0;51.0;4516.0;1006.73;859.36;6.0;1.0;0;1.0;0;0;1.0;0;0;0;0;0;1.0;1.0;0;0;0;0;0
859486;1.50;0.82;86.0;3645.0;30.75;81.0;42.0;5.49;15.07;14.39;334.47;345.54;2.31;191623.0;85.0;86.0;50.0;4519.0;1006.73;839.83;6.0;1.0;0;1.0;0;0;1.0;0;0;0;0;0;1.0;1.0;0;0;0;0;0
860280;1.44;0.78;86.0;3647.0;30.75;81.0;41.25;5.49;15.07;14.48;349.60;345.62;2.31;191623.0;85.0;86.0;50.0;4530.0;1006.61;820.30;6.0;1.0;0;1.0;0;0;1.0;0;0;0;0;0;1.0;1.0;0;0;0;0;0
860837;1.12;0.74;85.0;3600.0;30.75;81.0;41.25;4.31;12.51;14.29;350.62;343.72;2.58;191623.0;84.0;85.0;50.0;4520.0;1006.84;742.17;6.0;1.0;0;1.0;0;0;1.0;0;0;0;0;0;1.0;1.0;0;0;0;0;0
861349;1.21;0.71;83.0;3544.0;30.75;81.0;41.25;5.09;14.03;14.39;348.35;325.56;2.31;191623.0;84.0;84.0;50.0;4506.0;1006.92;585.93;6.0;1.0;0;1.0;0;0;1.0;0;0;0;0;0;1.0;1.0;0;0;0;0;0
861868;1.41;0.72;83.0;3557.0;30.75;81.0;40.5;5.88;16.27;14.20;330.17;283.65;2.58;191623.0;83.0;84.0;50.0;4519.0;1006.73;19.53;6.0;1.0;0;1.0;0;0;1.0;0;0;0;0;0;1.0;1.0;0;0;0;0;0
862440;1.99;0.76;85.0;3586.0;30.75;81.0;38.25;8.62;21.19;14.39;256.58;192.89;2.31;191623.0;83.0;85.0;50.0;4499.0;1006.77;0;6.0;1.0;0;1.0;0;0;1.0;0;0;0;0;0;1.0;1.0;0;0;0;0;0
862968;2.43;0.84;85.0;3598.0;30.75;81.0;36.0;10.58;23.34;14.39;315.62;259.92;2.31;191623.0;84.0;85.0;50.0;4521.0;1006.61;19.53;6.0;1.0;0;1.0;0;0;1.0;0;0;0;0;0;1.0;1.0;0;0;0;0;0
863487;2.58;0.90;85.0;3617.0;30.75;81.0;36.75;10.19;23.17;14.39;324.10;300.68;2.31;191623.0;84.0;86.0;50.0;4512.0;1006.53;136.71;6.0;1.0;0;1.0;0;0;1.0;0;0;0;0;0;1.0;1.0;0;0;0;0;0
864012;2.60;0.93;86.0;3682.0;30.75;81.0;37.5;10.19;22.78;14.39;353.41;333.20;2.31;191623.0;85.0;87.0;50.0;4517.0;1006.49;800.77;6.0;1.0;0;1.0;0;0;1.0;0;0;0;0;0;1.0;1.0;0;0;0;0;0
864533;2.38;0.88;87.0;3699.0;30.75;81.0;38.25;9.80;22.08;14.39;350.83;328.82;2.31;191623.0;86.0;87.0;50.0;4513.0;1006.45;156.24;6.0;1.0;0;1.0;0;0;1.0;0;0;0;0;0;1.0;1.0;0;0;0;0;0
865400;2.09;0.89;87.0;3719.0;30.75;81.0;41.25;7.45;19.16;14.29;348.02;352.86;2.58;191623.0;86.0;88.0;50.0;4512.0;1006.45;859.36;6.0;1.0;0;1.0;0;0;1.0;0;0;0;0;0;1.0;1.0;0;0;0;0;0
865916;1.45;0.82;86.0;3703.0;30.75;81.0;42.0;5.09;14.58;14.39;341.48;338.47;2.31;191623.0;86.0;87.0;50.0;4513.0;1006.41;859.36;6.0;1.0;0;1.0;0;0;1.0;0;0;0;0;0;1.0;1.0;0;0;0;0;0
866472;1.48;0.78;86.0;3682.0;30.75;81.0;41.25;5.49;15.44;14.39;345.09;308.78;2.31;191623.0;86.0;87.0;50.0;4513.0;1006.41;820.30;6.0;1.0;0;1.0;0;0;1.0;0;0;0;0;0;1.0;1.0;0;0;0;0;0
867029;1.42;0.74;86.0;3633.0;30.75;81.0;41.25;5.49;15.55;14.39;336.97;336.36;2.31;191623.0;85.0;86.0;50.0;4514.0;1006.38;722.64;6.0;1.0;0;1.0;0;0;1.0;0;0;0;0;0;1.0;1.0;0;0;0;0;0
867560;1.33;0.70;85.0;3637.0;30.75;81.0;41.25;5.49;15.53;14.39;294.35;291.09;2.31;191623.0;84.0;86.0;50.0;4515.0;1006.38;78.12;6.0;1.0;0;1.0;0;0;1.0;0;0;0;0;0;1.0;1.0;0;0;0;0;0
868065;1.45;0.75;85.0;3620.0;30.75;81.0;41.25;5.88;16.08;14.29;232.95;207.66;2.58;191623.0;84.0;85.0;50.0;4508.0;1006.49;58.59;6.0;1.0;0;1.0;0;0;1.0;0;0;0;0;0;1.0;1.0;0;0;0;0;0
868603;1.52;0.77;85.0;3598.0;30.75;81.0;41.25;5.88;16.18;14.39;272.30;247.99;2.31;191623.0;85.0;85.0;50.0;4516.0;1006.49;800.77;6.0;1.0;0;1.0;0;0;1.0;0;0;0;0;0;1.0;1.0;0;0;0;0;0
869179;1.43;0.73;85.0;3577.0;30.75;81.0;40.5;5.88;16.17;14.39;315.80;259.84;2.31;191623.0;84.0;85.0;50.0;4516.0;1006.53;234.37;6.0;1.0;0;1.0;0;0;1.0;0;0;0;0;0;1.0;1.0;0;0;0;0;0
869892;1.70;0.77;85.0;3593.0;30.75;81.0;40.5;6.66;18.36;14.20;339.29;302.44;2.58;191623.0;83.0;85.0;50.0;4511.0;1006.53;39.06;6.0;1.0;0;1.0;0;0;1.0;0;0;0;0;0;1.0;1.0;0;0;0;0;0
870566;2.37;0.85;85.0;3626.0;30.75;81.0;36.75;9.80;22.56;14.39;348.98;339.86;2.31;191623.0;84.0;85.0;50.0;4514.0;1006.45;39.06;6.0;1.0;0;1.0;0;0;1.0;0;0;0;0;0;1.0;1.0;0;0;0;0;0
871111;2.52;0.93;86.0;3666.0;30.75;81.0;38.25;9.80;22.16;14.29;353.18;349.35;2.58;191623.0;85.0;86.0;50.0;4503.0;1006.45;820.30;6.0;1.0;0;1.0;0;0;1.0;0;0;0;0;0;1.0;1.0;0;0;0;0;0
871722;2.37;0.88;86.0;3691.0;30.75;81.0;38.25;9.41;21.96;14.29;351.07;329.25;2.58;191623.0;85.0;87.0;50.0;4518.0;1006.53;664.05;6.0;1.0;0;1.0;0;0;1.0;0;0;0;0;0;1.0;1.0;0;0;0;0;0
872282;2.37;0.89;87.0;3690.0;30.75;81.0;38.25;9.02;21.60;14.39;316.13;308.82;2.31;191623.0;86.0;87.0;50.0;4507.0;1006.57;781.24;6.0;1.0;0;1.0;0;0;1.0;0;0;0;0;0;1.0;1.0;0;0;0;0;0
872793;1.96;0.83;87.0;3716.0;30.75;81.0;40.5;7.84;19.68;14.39;297.30;301.77;2.31;191623.0;87.0;88.0;50.0;4513.0;1006.57;800.77;6.0;1.0;0;1.0;0;0;1.0;0;0;0;0;0;1.0;1.0;0;0;0;0;0
873328;1.42;0.78;88.0;3717.0;30.75;81.0;42.75;5.49;14.83;14.39;319.62;258.06;2.31;191623.0;87.0;88.0;50.0;4514.0;1006.80;859.36;6.0;1.0;0;1.0;0;0;1.0;0;0;0;0;0;1.0;1.0;0;0;0;0;0
873858;1.21;0.75;86.0;3689.0;30.75;81.0;42.0;4.70;13.19;14.39;239.45;211.66;2.31;191623.0;86.0;87.0;50.0;4517.0;1006.69;820.30;6.0;1.0;0;1.0;0;0;1.0;0;0;0;0;0;1.0;1.0;0;0;0;0;0
874423;1.04;0.73;86.0;3636.0;30.75;81.75;42.0;3.92;11.58;14.39;223.85;236.25;2.31;191623.0;85.0;86.0;50.0;4528.0;1006.57;800.77;6.0;1.0;0;1.0;0;0;1.0;0;0;0;0;0;1.0;1.0;0;0;0;0;0
874940;1.0;0.71;85.0;3585.0;30.75;81.75;41.25;3.92;11.39;14.39;239.96;251.72;2.31;191623.0;84.0;85.0;50.0;4507.0;1006.65;644.52;6.0;1.0;0;1.0;0;0;1.0;0;0;0;0;0;1.0;1.0;0;0;0;0;0
875787;1.23;0.71;83.0;3566.0;30.75;81.75;41.25;5.09;14.32;14.39;316.83;319.15;2.31;191623.0;83.0;84.0;50.0;4517.0;1006.57;19.53;6.0;1.0;0;1.0;0;0;1.0;0;0;0;0;0;1.0;1.0;0;0;0;0;0
876361;2.13;0.79;83.0;3570.0;30.75;81.0;37.5;9.41;21.93;14.48;339.80;345.03;2.31;191623.0;83.0;84.0;50.0;4510.0;1006.65;0;6.0;1.0;0;1.0;0;0;1.0;0;0;0;0;0;1.0;1.0;0;0;0;0;0
876886;2.52;0.86;85.0;3614.0;30.75;81.0;35.25;10.98;23.78;14.39;348.08;350.19;2.31;191623.0;84.0;85.0;50.0;4519.0;1006.53;19.53;6.0;1.0;0;1.0;0;0;1.0;0;0;0;0;0;1.0;1.0;0;0;0;0;0
877413;2.64;0.93;85.0;3608.0;30.75;81.0;36.75;10.58;23.17;14.39;350.66;333.84;2.31;191623.0;84.0;85.0;50.0;4526.0;1006.49;624.99;6.0;1.0;0;1.0;0;0;1.0;0;0;0;0;0;1.0;1.0;0;0;0;0;0
877924;1.99;0.97;85.0;3618.0;30.75;81.0;41.25;6.27;16.95;14.39;319.49;332.69;2.31;191623.0;84.0;86.0;50.0;4508.0;1006.53;898.42;6.0;1.0;0;1.0;0;0;1.0;0;0;0;0;0;1.0;1.0;0;0;0;0;0
878457;1.80;0.93;85.0;3623.0;30.75;81.75;41.25;5.88;15.91;14.39;338.14;339.29;2.31;191623.0;84.0;85.0;50.0;4507.0;1006.57;898.42;6.0;1.0;0;1.0;0;0;1.0;0;0;0;0;0;1.0;1.0;0;0;0;0;0
878968;1.56;0.89;85.0;3588.0;30.75;81.75;41.25;5.09;14.56;14.48;339.25;262.52;2.31;191623.0;84.0;85.0;50.0;4517.0;1006.57;878.89;6.0;1.0;0;1.0;0;0;1.0;0;0;0;0;0;1.0;1.0;0;0;0;0;0
879513;1.52;0.86;85.0;3586.0;30.75;81.75;40.5;5.09;14.56;14.39;305.60;273.34;2.31;191623.0;83.0;85.0;50.0;4516.0;1006.49;859.36;6.0;1.0;0;1.0;0;0;1.0;0;0;0;0;0;1.0;1.0;0;0;0;0;0
880111;2.00;0.82;85.0;3579.0;30.75;81.0;39.0;7.84;20.12;14.29;220.68;308.80;2.58;191623.0;83.0;85.0;50.0;4525.0;1006.45;605.46;6.0;1.0;0;1.0;0;0;1.0;0;0;0;0;0;1.0;1.0;0;0;0;0;0
880992;2.07;0.83;85.0;3606.0;30.75;81.0;39.0;8.23;20.31;14.29;274.59;336.24;2.58;191623.0;83.0;85.0;50.0;4512.0;1006.53;781.24;6.0;1.0;0;1.0;0;0;1.0;0;0;0;0;0;1.0;1.0;0;0;0;0;0
881516;2.09;0.84;85.0;3631.0;30.75;81.0;39.75;8.23;20.50;14.39;301.69;349.56;2.31;191623.0;85.0;86.0;50.0;4519.0;1006.57;332.02;6.0;1.0;0;1.0;0;0;1.0;0;0;0;0;0;1.0;1.0;0;0;0;0;0
882119;2.55;0.86;86.0;3666.0;30.75;81.0;36.75;10.98;23.71;14.39;316.32;352.24;2.31;191623.0;85.0;87.0;50.0;4513.0;1006.57;58.59;6.0;1.0;0;1.0;0;0;1.0;0;0;0;0;0;1.0;1.0;0;0;0;0;0
882672;2.76;0.94;87.0;3726.0;30.75;81.0;36.75;10.98;23.60;14.48;319.84;365.48;2.31;191623.0;86.0;88.0;50.0;4508.0;1006.57;800.77;6.0;1.0;0;1.0;0;0;1.0;0;0;0;0;0;1.0;1.0;0;0;0;0;0
883230;2.17;0.89;87.0;3738.0;30.75;81.0;40.5;7.84;19.85;14.20;308.06;323.65;2.58;191623.0;87.0;88.0;50.0;4500.0;1006.65;859.36;6.0;1.0;0;1.0;0;0;1.0;0;0;0;0;0;1.0;1.0;0;0;0;0;0
883754;1.72;0.83;88.0;3745.0;30.75;81.0;42.0;6.27;16.91;14.39;294.82;298.84;2.31;191623.0;87.0;89.0;50.0;4503.0;1006.61;859.36;6.0;1.0;0;1.0;0;0;1.0;0;0;0;0;0;1.0;1.0;0;0;0;0;0
884272;1.56;0.79;87.0;3722.0;30.75;81.0;42.0;5.88;16.11;14.39;278.79;316.89;2.31;191623.0;87.0;88.0;50.0;4525.0;1006.77;839.83;6.0;1.0;0;1.0;0;0;1.0;0;0;0;0;0;1.0;1.0;0;0;0;0;0
885073;1.48;0.75;87.0;3736.0;30.75;81.0;42.0;5.88;16.11;14.39;296.01;264.27;2.31;191624.0;87.0;88.0;50.0;4516.0;1006.65;800.77;6.0;1.0;0;1.0;0;0;1.0;0;0;0;0;0;1.0;1.0;0;0;0;0;0
885643;1.61;0.71;87.0;3703.0;30.75;81.0;41.25;7.05;18.45;14.39;264.69;263.16;2.31;191624.0;86.0;88.0;50.0;4510.0;1006.65;0;6.0;1.0;0;1.0;0;0;1.0;0;0;0;0;0;1.0;1.0;0;0;0;0;0
886193;2.12;0.78;87.0;3740.0;30.75;81.0;38.25;9.80;22.15;14.29;317.69;301.42;2.58;191624.0;87.0;88.0;50.0;4525.0;1006.77;0;6.0;1.0;0;1.0;0;0;1.0;0;0;0;0;0;1.0;1.0;0;0;0;0;0
886776;2.54;0.85;88.0;3759.0;30.75;81.0;36.0;11.76;24.20;14.29;338.98;316.44;2.58;191624.0;88.0;89.0;50.0;4535.0;1006.88;19.53;6.0;1.0;0;1.0;0;0;1.0;0;0;0;0;0;1.0;1.0;0;0;0;0;0
887314;2.70;0.93;90.0;3828.0;30.75;81.0;37.5;10.98;23.48;14.29;347.77;343.41;2.58;191624.0;88.0;90.0;50.0;4515.0;1006.92;644.52;6.0;1.0;0;1.0;0;0;1.0;0;0;0;0;0;1.0;1.0;0;0;0;0;0
887851;3.30;0.98;91.0;3865.0;30.75;81.0;34.5;15.29;27.05;14.39;334.50;351.36;2.31;191624.0;90.0;91.0;50.0;4548.0;1006.84;78.12;6.0;1.0;0;1.0;0;0;1.0;0;0;0;0;0;1.0;1.0;0;0;0;0;0
888375;3.76;1.03;92.0;3934.0;30.75;81.0;33.0;17.25;28.98;14.29;306.30;333.68;2.58;191624.0;91.0;93.0;50.0;4570.0;1006.80;761.70;6.0;1.0;0;1.0;0;0;1.0;0;0;0;0;0;1.0;1.0;0;0;0;0;0
888922;3.73;1.00;95.0;4021.0;30.75;81.0;32.25;17.64;30.00;14.39;323.80;299.04;2.31;191624.0;93.0;95.0;50.0;4561.0;1006.80;703.11;6.0;1.0;0;1.0;0;0;1.0;0;0;0;0;0;1.0;1.0;0;0;0;0;0
889459;4.12;1.00;97.0;4117.0;30.75;81.0;29.25;20.00;32.72;14.29;281.01;326.30;2.58;191624.0;95.0;97.0;50.0;4564.0;1006.88;742.17;6.0;1.0;0;1.0;0;0;1.0;0;0;0;0;0;1.0;1.0;0;0;0;0;0
890130;4.0;0.97;98.0;4150.0;30.75;81.0;30.0;19.61;32.34;14.39;262.93;237.40;2.31;191624.0;96.0;98.0;50.0;4533.0;1006.73;761.70;6.0;1.0;0;1.0;0;0;1.0;0;0;0;0;0;1.0;1.0;0;0;0;0;0
890897;3.30;0.96;100.0;4248.0;30.75;81.0;36.75;15.29;27.33;14.48;178.91;202.56;2.31;191624.0;98.0;101.0;50.0;4517.0;1006.57;488.27;6.0;1.0;0;1.0;0;0;1.0;0;0;0;0;0;1.0;1.0;0;0;0;0;0
891448;3.76;1.00;102.0;4318.0;30.75;81.0;33.75;17.64;29.44;14.39;191.82;143.31;2.31;191624.0;100.0;102.0;50.0;4516.0;1006.65;644.52;6.0;1.0;0;1.0;0;0;1.0;0;0;0;0;0;1.0;1.0;0;0;0;0;0
892034;3.74;1.02;103.0;4362.0;30.75;81.0;34.5;17.64;29.08;14.20;230.23;132.94;2.58;191624.0;102.0;104.0;50.0;4520.0;1006.61;800.77;6.0;1.0;0;1.0;0;0;1.0;0;0;0;0;0;1.0;1.0;0;0;0;0;0
892648;3.63;1.02;105.0;4440.0;30.75;81.0;35.25;17.25;28.26;14.29;282.69;225.06;2.58;191624.0;103.0;105.0;50.0;4498.0;1006.73;800.77;6.0;1.0;0;1.0;0;0;1.0;0;0;0;0;0;1.0;1.0;0;0;0;0;0
893168;2.86;0.93;106.0;4466.0;30.75;81.0;39.75;12.94;24.37;14.39;334.72;286.66;2.31;191624.0;104.0;106.0;50.0;4494.0;1006.61;664.05;6.0;1.0;0;1.0;0;0;1.0;0;0;0;0;0;0;1.0;0;0;0;0;0
893686;2.78;0.92;106.0;4500.0;30.75;81.0;40.5;12.15;23.84;14.39;354.19;334.35;2.31;191624.0;104.0;106.0;50.0;4495.0;1006.69;820.30;6.0;1.0;0;1.0;0;0;1.0;0;0;0;0;0;1.0;1.0;0;0;0;0;0
894251;2.52;0.91;106.0;4510.0;30.75;81.0;42.0;10.58;22.05;14.39;354.44;299.55;2.31;191624.0;105.0;106.0;50.0;4502.0;1006.69;429.68;6.0;1.0;0;1.0;0;0;1.0;0;0;0;0;0;1.0;1.0;0;0;0;0;0
894806;2.17;0.92;107.0;4527.0;30.75;81.0;45.0;8.62;19.16;14.39;345.85;321.69;2.31;191624.0;105.0;107.0;50.0;4490.0;1006.65;800.77;6.0;1.0;0;1.0;0;0;1.0;0;0;0;0;0;1.0;1.0;0;0;0;0;0
895582;1.83;0.85;106.0;4500.0;30.75;81.0;45.75;7.45;17.27;14.39;346.42;322.22;2.31;191624.0;104.0;106.0;50.0;4497.0;1006.61;742.17;6.0;1.0;0;1.0;0;0;1.0;0;0;0;0;0;1.0;1.0;0;0;0;0;0
896146;1.77;0.80;105.0;4449.0;30.75;81.0;45.75;7.84;17.85;14.39;325.46;307.71;2.31;191624.0;104.0;105.0;50.0;4519.0;1006.61;253.90;6.0;1.0;0;1.0;0;0;1.0;0;0;0;0;0;1.0;1.0;0;0;0;0;0
896688;1.84;0.85;105.0;4448.0;30.75;81.0;45.75;7.84;17.55;14.39;323.76;292.73;2.31;191624.0;103.0;105.0;50.0;4503.0;1006.61;664.05;6.0;1.0;0;1.0;0;0;1.0;0;0;0;0;0;1.0;1.0;0;0;0;0;0
897194;2.16;0.85;105.0;4448.0;30.75;81.0;43.5;9.41;20.64;14.39;225.02;238.10;2.31;191624.0;103.0;105.0;50.0;4533.0;1006.61;39.06;6.0;1.0;0;1.0;0;0;1.0;0;0;0;0;0;1.0;1.0;0;0;0;0;0
897739;2.32;0.91;105.0;4419.0;30.75;81.0;43.5;9.41;20.68;14.39;245.31;237.40;2.31;191624.0;103.0;105.0;50.0;4548.0;1006.73;761.70;6.0;1.0;0;1.0;0;0;1.0;0;0;0;0;0;1.0;1.0;0;0;0;0;0
898269;2.36;0.89;105.0;4453.0;30.75;81.0;43.5;9.41;20.63;14.29;306.05;255.53;2.58;191624.0;103.0;105.0;50.0;4514.0;1006.69;234.37;6.0;1.0;0;1.0;0;0;1.0;0;0;0;0;0;1.0;1.0;0;0;0;0;0
898825;3.2;0.94;105.0;4468.0;30.75;81.0;37.5;15.29;26.47;14.39;339.54;314.56;2.31;191624.0;104.0;105.0;50.0;4547.0;1006.69;78.12;6.0;1.0;0;1.0;0;0;1.0;0;0;0;0;0;1.0;1.0;0;0;0;0;0
899340;4.28;1.05;106.0;4503.0;30.75;81.0;31.5;21.96;32.05;14.39;354.35;347.63;2.31;191624.0;104.0;107.0;50.0;4544.0;1006.65;781.24;6.0;1.0;0;1.0;0;0;1.0;0;0;0;0;0;1.0;1.0;0;0;0;0;0
899856;4.36;1.04;108.0;4594.0;30.75;81.0;30.75;23.53;32.94;14.39;350.62;351.46;2.31;191624.0;106.0;109.0;50.0;4506.0;1006.65;800.77;6.0;1.0;0;1.0;0;0;1.0;0;0;0;0;0;1.0;1.0;0;0;0;0;0
900690;3.49;0.97;110.0;4635.0;30.75;81.0;36.0;18.82;28.35;14.29;349.80;329.33;2.58;191624.0;107.0;110.0;50.0;4499.0;1006.73;507.80;6.0;1.0;0;1.0;0;0;1.0;0;0;0;0;0;1.0;1.0;0;0;0;0;0
901271;3.11;0.98;111.0;4716.0;30.75;81.0;39.75;15.29;25.29;14.29;347.28;321.13;2.58;191624.0;109.0;111.0;50.0;4508.0;1006.61;136.71;6.0;1.0;0;1.0;0;0;1.0;0;0;0;0;0;1.0;1.0;0;0;0;0;0
901800;3.05;1.01;111.0;4726.0;31.5;81.0;41.25;14.11;23.96;14.29;322.81;322.16;2.58;191624.0;109.0;112.0;50.0;4514.0;1006.73;410.15;6.0;1.0;0;1.0;0;0;1.0;0;0;0;0;0;1.0;1.0;0;0;0;0;0
902356;3.39;1.03;112.0;4759.0;31.5;81.0;39.0;16.86;26.02;14.39;338.47;341.63;2.31;191624.0;110.0;113.0;50.0;4512.0;1006.84;761.70;6.0;1.0;0;1.0;0;0;1.0;0;0;0;0;0;1.0;1.0;0;0;0;0;0
902899;3.90;1.03;113.0;4816.0;31.5;81.0;34.5;21.57;29.72;14.48;318.18;332.81;2.31;191624.0;111.0;114.0;50.0;4516.0;1006.69;781.24;6.0;1.0;0;1.0;0;0;1.0;0;0;0;0;0;1.0;1.0;0;0;0;0;0
903464;3.89;1.03;115.0;4848.0;31.5;81.0;34.5;21.96;29.61;14.39;336.03;338.78;2.31;191624.0;112.0;115.0;50.0;4497.0;1006.61;800.77;6.0;1.0;0;1.0;0;0;1.0;0;0;0;0;0;1.0;1.0;0;0;0;0;0
903984;3.72;1.02;115.0;4895.0;31.5;81.0;35.25;20.78;28.69;14.39;349.37;341.69;2.31;191624.0;113.0;115.0;50.0;4516.0;1006.61;820.30;6.0;1.0;0;1.0;0;0;1.0;0;0;0;0;0;1.0;1.0;0;0;0;0;0
904537;3.51;1.03;116.0;4950.0;31.5;81.0;37.5;19.21;26.87;14.29;354.97;349.02;2.58;191624.0;114.0;117.0;50.0;4515.0;1006.61;703.11;6.0;1.0;0;1.0;0;0;1.0;0;0;0;0;0;1.0;1.0;0;0;0;0;0
905141;3.47;1.05;117.0;4972.0;31.5;81.0;39.0;18.43;25.99;14.39;355.95;334.08;2.31;191624.0;115.0;117.0;50.0;4506.0;1006.53;683.58;6.0;1.0;0;1.0;0;0;1.0;0;0;0;0;0;1.0;1.0;0;0;0;0;0
906051;3.02;0.99;118.0;5008.0;31.5;81.0;41.25;16.08;24.13;14.39;334.29;348.33;2.31;191624.0;116.0;119.0;50.0;4518.0;1006.61;703.11;6.0;1.0;0;1.0;0;0;1.0;0;0;0;0;0;1.0;1.0;0;0;0;0;0
906617;2.93;1.00;118.0;4988.0;31.5;81.0;42.0;14.11;23.12;14.39;341.85;341.38;2.31;191624.0;115.0;119.0;50.0;4511.0;1006.65;781.24;6.0;1.0;0;1.0;0;0;1.0;0;0;0;0;0;1.0;1.0;0;0;0;0;0
907146;2.68;0.97;117.0;4988.0;31.5;81.0;44.25;12.55;21.95;14.48;337.90;325.25;2.31;191624.0;115.0;118.0;50.0;4505.0;1006.73;703.11;6.0;1.0;0;1.0;0;0;1.0;0;0;0;0;0;1.0;1.0;0;0;0;0;0
907684;2.43;0.96;117.0;4965.0;31.5;81.0;45.0;10.58;20.34;14.39;322.69;319.00;2.31;191624.0;115.0;117.0;50.0;4505.0;1006.61;781.24;6.0;1.0;0;1.0;0;0;1.0;0;0;0;0;0;1.0;1.0;0;0;0;0;0
908252;2.24;0.91;116.0;4938.0;31.5;81.0;45.75;10.19;19.94;14.39;336.91;336.38;2.31;191624.0;115.0;117.0;50.0;4527.0;1006.61;566.39;6.0;1.0;0;1.0;0;0;1.0;0;0;0;0;0;1.0;1.0;0;0;0;0;0
908796;2.35;0.93;116.0;4932.0;31.5;81.0;45.0;10.58;20.33;14.29;335.01;333.25;2.58;191624.0;114.0;116.0;50.0;4519.0;1006.61;156.24;6.0;1.0;0;1.0;0;0;1.0;0;0;0;0;0;1.0;1.0;0;0;0;0;0
909372;2.41;0.95;116.0;4912.0;31.5;81.0;45.0;10.58;20.37;14.39;302.22;316.17;2.31;191624.0;114.0;116.0;50.0;4515.0;1006.61;507.80;6.0;1.0;0;1.0;0;0;1.0;0;0;0;0;0;1.0;1.0;0;0;0;0;0
909930;2.76;0.97;115.0;4870.0;31.5;81.0;43.5;12.15;22.19;14.48;302.22;327.71;2.31;191624.0;113.0;115.0;50.0;4521.0;1006.53;58.59;6.0;1.0;0;1.0;0;0;1.0;0;0;0;0;0;1.0;1.0;0;0;0;0;0
910743;3.32;1.03;115.0;4922.0;31.5;81.0;39.75;16.86;25.38;14.39;342.65;350.81;2.31;191624.0;113.0;116.0;50.0;4513.0;1006.49;644.52;6.0;1.0;0;1.0;0;0;1.0;0;0;0;0;0;1.0;1.0;0;0;0;0;0
911291;3.23;1.03;116.0;4913.0;31.5;81.0;39.75;16.86;24.95;14.39;346.79;351.93;2.31;191624.0;114.0;116.0;50.0;4505.0;1006.57;742.17;6.0;1.0;0;1.0;0;0;1.0;0;0;0;0;0;1.0;1.0;0;0;0;0;0
911849;3.17;1.02;117.0;4928.0;31.5;81.0;40.5;16.08;24.47;14.39;351.96;345.97;2.31;191624.0;114.0;117.0;50.0;4508.0;1006.65;742.17;6.0;1.0;0;1.0;0;0;1.0;0;0;0;0;0;1.0;1.0;0;0;0;0;0
912393;3.12;1.03;116.0;4945.0;31.5;81.0;41.25;15.68;24.14;14.39;328.35;347.10;2.31;191624.0;114.0;116.0;50.0;4513.0;1006.61;761.70;6.0;1.0;0;1.0;0;0;1.0;0;0;0;0;0;1.0;1.0;0;0;0;0;0
912962;2.93;1.02;116.0;4929.0;31.5;81.0;42.75;13.33;22.81;14.29;356.48;344.80;2.58;191624.0;114.0;116.0;50.0;4512.0;1006.61;722.64;6.0;1.0;0;1.0;0;0;1.0;0;0;0;0;0;1.0;1.0;0;0;0;0;0
913502;2.77;0.99;117.0;4945.0;31.5;81.0;42.75;12.94;22.42;14.39;346.65;341.22;2.31;191624.0;114.0;117.0;50.0;4519.0;1006.53;624.99;6.0;1.0;0;1.0;0;0;1.0;0;0;0;0;0;1.0;1.0;0;0;0;0;0
914060;2.96;1.02;116.0;4946.0;31.5;81.0;42.0;14.51;23.24;14.39;340.50;282.01;2.31;191624.0;115.0;117.0;50.0;4508.0;1006.57;742.17;6.0;1.0;0;1.0;0;0;1.0;0;0;0;0;0;1.0;1.0;0;0;0;0;0
914634;2.97;1.00;116.0;4925.0;31.5;81.0;41.25;14.51;23.54;14.39;289.88;197.21;2.31;191624.0;114.0;117.0;50.0;4501.0;1006.49;781.24;6.0;1.0;0;1.0;0;0;1.0;0;0;0;0;0;1.0;1.0;0;0;0;0;0
915165;2.70;0.97;116.0;4948.0;31.5;81.0;43.5;12.55;22.12;14.29;234.55;178.91;2.58;191624.0;114.0;117.0;50.0;4505.0;1006.53;468.74;6.0;1.0;0;1.0;0;0;1.0;0;0;0;0;0;1.0;1.0;0;0;0;0;0
915945;2.77;1.00;116.0;4916.0;31.5;81.0;42.75;12.55;22.22;14.39;238.05;224.88;2.31;191624.0;114.0;117.0;50.0;4517.0;1006.53;156.24;6.0;1.0;0;1.0;0;0;1.0;0;0;0;0;0;1.0;1.0;0;0;0;0;0
916516;2.81;1.01;116.0;4937.0;31.5;81.0;43.5;12.55;22.18;14.39;306.23;337.79;2.31;191624.0;114.0;117.0;50.0;4516.0;1006.45;800.77;6.0;1.0;0;1.0;0;0;1.0;0;0;0;0;0;1.0;1.0;0;0;0;0;0
917082;2.70;0.97;116.0;4901.0;31.5;81.0;42.75;12.55;22.25;14.39;331.95;315.01;2.31;191624.0;113.0;116.0;50.0;4512.0;1006.45;781.24;6.0;1.0;0;1.0;0;0;1.0;0;0;0;0;0;1.0;1.0;0;0;0;0;0
917643;2.68;0.96;116.0;4919.0;31.5;81.0;43.5;12.55;22.22;14.20;324.66;343.33;2.58;191625.0;114.0;117.0;50.0;4511.0;1006.49;156.24;6.0;1.0;0;1.0;0;0;1.0;0;0;0;0;0;1.0;1.0;0;0;0;0;0
918171;2.76;0.99;115.0;4887.0;31.5;81.0;42.75;12.15;22.28;14.48;260.41;309.88;2.31;191625.0;114.0;116.0;50.0;4512.0;1006.53;683.58;6.0;1.0;0;1.0;0;0;1.0;0;0;0;0;0;1.0;1.0;0;0;0;0;0
918765;2.82;1.00;116.0;4910.0;31.5;81.0;42.75;12.94;22.36;14.29;314.08;282.30;2.58;191625.0;113.0;116.0;50.0;4511.0;1006.57;195.31;6.0;1.0;0;1.0;0;0;1.0;0;0;0;0;0;1.0;1.0;0;0;0;0;0
919283;3.27;1.07;116.0;4914.0;31.5;81.0;40.5;15.68;24.16;14.39;237.40;191.64;2.31;191625.0;113.0;116.0;50.0;4511.0;1006.57;781.24;6.0;1.0;0;1.0;0;0;1.0;0;0;0;0;0;1.0;1.0;0;0;0;0;0
919820;3.24;1.03;116.0;4920.0;31.5;81.0;39.75;16.47;24.87;14.39;183.07;210.53;2.31;191625.0;114.0;117.0;50.0;4506.0;1006.61;488.27;6.0;1.0;0;1.0;0;0;1.0;0;0;0;0;0;1.0;1.0;0;0;0;0;0
920639;3.21;1.03;117.0;4931.0;31.5;81.0;40.5;16.47;24.70;14.39;146.70;195.67;2.31;191625.0;114.0;117.0;50.0;4499.0;1006.53;683.58;6.0;1.0;0;1.0;0;0;1.0;0;0;0;0;0;1.0;1.0;0;0;0;0;0
921238;3.06;1.03;116.0;4955.0;31.5;81.0;41.25;14.90;23.58;14.39;167.41;233.59;2.31;191625.0;115.0;117.0;50.0;4499.0;1006.45;703.11;6.0;1.0;0;1.0;0;0;1.0;0;0;0;0;0;1.0;1.0;0;0;0;0;0
921798;3.03;1.04;117.0;4952.0;31.5;81.0;42.0;14.51;23.28;14.39;246.17;257.95;2.31;191625.0;115.0;117.0;50.0;4519.0;1006.41;761.70;6.0;1.0;0;1.0;0;0;1.0;0;0;0;0;0;1.0;1.0;0;0;0;0;0
922312;3.01;1.04;117.0;4973.0;31.5;81.0;42.0;14.51;23.07;14.20;323.04;322.01;2.58;191625.0;115.0;117.0;50.0;4510.0;1006.53;761.70;6.0;1.0;0;1.0;0;0;1.0;0;0;0;0;0;1.0;1.0;0;0;0;0;0
922892;3.52;1.07;118.0;4985.0;31.5;81.0;39.0;18.43;25.85;14.39;325.95;347.24;2.31;191625.0;115.0;118.0;50.0;4511.0;1006.57;742.17;6.0;1.0;0;1.0;0;0;1.0;0;0;0;0;0;1.0;1.0;0;0;0;0;0
923445;3.46;1.04;118.0;4993.0;31.5;81.0;39.0;18.82;26.28;14.39;321.01;285.47;2.31;191625.0;116.0;119.0;50.0;4503.0;1006.57;781.24;6.0;1.0;0;1.0;0;0;1.0;0;0;0;0;0;0;1.0;0;0;0;0;0
923975;3.34;1.01;118.0;5031.0;31.5;81.0;39.75;18.82;26.04;14.39;343.72;315.91;2.31;191625.0;116.0;118.0;50.0;4497.0;1006.49;742.17;6.0;1.0;0;1.0;0;0;1.0;0;0;0;0;0;1.0;1.0;0;0;0;0;0
924495;3.05;0.99;118.0;5052.0;31.5;81.0;41.25;16.47;24.30;14.20;345.42;317.73;2.58;191625.0;117.0;119.0;50.0;4505.0;1006.53;585.93;6.0;1.0;0;1.0;0;0;1.0;0;0;0;0;0;1.0;1.0;0;0;0;0;0
925026;2.26;1.00;118.0;5010.0;31.5;81.0;47.25;9.41;18.95;14.39;312.03;298.67;2.31;191625.0;117.0;118.0;50.0;4508.0;1006.61;839.83;6.0;1.0;0;1.0;0;0;1.0;0;0;0;0;0;1.0;1.0;0;0;0;0;0
925923;1.64;0.95;117.0;4977.0;31.5;81.0;48.75;6.66;14.06;14.39;334.33;323.43;2.31;191625.0;116.0;117.0;50.0;4508.0;1006.53;878.89;6.0;1.0;0;1.0;0;0;1.0;0;0;0;0;0;1.0;1.0;0;0;0;0;0
926504;1.48;0.90;115.0;4863.0;31.5;81.0;48.75;6.27;13.21;14.39;334.00;333.45;2.31;191625.0;113.0;115.0;50.0;4510.0;1006.45;839.83;6.0;1.0;0;1.0;0;0;1.0;0;0;0;0;0;1.0;1.0;0;0;0;0;0
927042;1.58;0.87;113.0;4789.0;31.5;81.0;48.75;6.66;14.68;14.20;351.07;314.92;2.58;191625.0;112.0;114.0;50.0;4516.0;1006.49;800.77;6.0;1.0;0;1.0;0;0;1.0;0;0;0;0;0;1.0;1.0;0;0;0;0;0
927613;2.55;0.97;112.0;4784.0;31.5;81.0;44.25;10.58;20.96;14.20;360.46;339.70;2.58;191625.0;111.0;113.0;50.0;4535.0;1006.61;722.64;6.0;1.0;0;1.0;0;0;1.0;0;0;0;0;0;1.0;1.0;0;0;0;0;0
928141;2.47;0.93;113.0;4780.0;31.5;81.0;43.5;10.98;21.30;14.39;353.90;345.36;2.31;191625.0;111.0;113.0;50.0;4525.0;1006.73;117.18;6.0;1.0;0;1.0;0;0;1.0;0;0;0;0;0;1.0;1.0;0;0;0;0;0
928661;2.62;0.99;112.0;4754.0;31.5;81.0;43.5;10.58;21.09;14.39;341.26;348.63;2.31;191625.0;111.0;112.0;50.0;4511.0;1006.61;800.77;6.0;1.0;0;1.0;0;0;1.0;0;0;0;0;0;1.0;1.0;0;0;0;0;0
929190;2.72;0.96;112.0;4761.0;31.5;81.0;42.0;12.15;22.62;14.39;353.39;349.23;2.31;191625.0;110.0;112.0;50.0;4516.0;1006.65;156.24;6.0;1.0;0;1.0;0;0;1.0;0;0;0;0;0;1.0;1.0;0;0;0;0;0
929753;3.2;1.06;112.0;4756.0;31.5;81.0;41.25;14.11;24.04;14.39;334.27;344.93;2.31;191625.0;110.0;112.0;50.0;4510.0;1006.61;742.17;6.0;1.0;0;1.0;0;0;1.0;0;0;0;0;0;1.0;1.0;0;0;0;0;0
930652;3.14;1.04;112.0;4762.0;31.5;81.0;41.25;14.11;24.01;14.39;347.71;329.97;2.31;191625.0;111.0;113.0;50.0;4506.0;1006.53;664.05;6.0;1.0;0;1.0;0;0;1.0;0;0;0;0;0;1.0;1.0;0;0;0;0;0
931155;2.89;0.99;112.0;4795.0;31.5;81.0;42.0;13.72;23.40;14.39;334.06;347.47;2.31;191625.0;111.0;113.0;50.0;4519.0;1006.61;722.64;6.0;1.0;0;1.0;0;0;1.0;0;0;0;0;0;1.0;1.0;0;0;0;0;0
931696;3.02;1.03;112.0;4773.0;31.5;81.0;42.0;13.33;23.34;14.39;344.41;224.51;2.31;191625.0;111.0;113.0;50.0;4527.0;1006.61;683.58;6.0;1.0;0;1.0;0;0;1.0;0;0;0;0;0;1.0;1.0;0;0;0;0;0
932270;2.96;1.03;112.0;4793.0;31.5;81.0;42.0;12.94;23.08;14.39;299.94;225.74;2.31;191625.0;111.0;113.0;50.0;4510.0;1006.53;800.77;6.0;1.0;0;1.0;0;0;1.0;0;0;0;0;0;1.0;1.0;0;0;0;0;0
932773;2.93;1.01;112.0;4786.0;31.5;81.0;42.0;12.94;23.11;14.39;152.54;268.81;2.31;191625.0;111.0;113.0;50.0;4514.0;1006.49;781.24;6.0;1.0;0;1.0;0;0;1.0;0;0;0;0;0;1.0;1.0;0;0;0;0;0
933302;2.84;0.99;113.0;4780.0;31.5;81.0;42.0;12.55;22.87;14.39;162.27;331.75;2.31;191625.0;111.0;113.0;50.0;4509.0;1006.45;566.39;6.0;1.0;0;1.0;0;0;1.0;0;0;0;0;0;1.0;1.0;0;0;0;0;0
933886;2.89;1.00;112.0;4777.0;31.5;81.0;42.0;12.94;22.91;14.29;236.72;353.27;2.58;191625.0;111.0;113.0;50.0;4509.0;1006.41;332.02;6.0;1.0;0;1.0;0;0;1.0;0;0;0;0;0;1.0;1.0;0;0;0;0;0
934392;2.88;0.99;113.0;4798.0;31.5;81.0;42.0;13.33;23.21;14.39;329.11;340.83;2.31;191625.0;111.0;114.0;50.0;4514.0;1006.41;546.86;6.0;1.0;0;1.0;0;0;1.0;0;0;0;0;0;1.0;1.0;0;0;0;0;0
934918;2.93;1.00;113.0;4792.0;31.5;81.0;42.0;13.33;23.30;14.39;352.80;336.34;2.31;191625.0;111.0;113.0;50.0;4507.0;1006.53;703.11;6.0;1.0;0;1.0;0;0;1.0;0;0;0;0;0;1.0;1.0;0;0;0;0;0
935741;3.05;1.03;113.0;4778.0;31.5;81.0;41.25;13.72;23.68;14.39;305.39;350.42;2.31;191625.0;111.0;113.0;50.0;4509.0;1006.77;664.05;6.0;1.0;0;1.0;0;0;1.0;0;0;0;0;0;1.0;1.0;0;0;0;0;0
936335;3.04;1.02;112.0;4811.0;31.5;81.0;41.25;14.11;23.73;14.39;276.40;246.35;2.31;191625.0;111.0;113.0;50.0;4508.0;1006.65;175.77;6.0;1.0;0;1.0;0;0;1.0;0;0;0;0;0;1.0;1.0;0;0;0;0;0
936888;3.23;1.07;113.0;4801.0;31.5;81.0;41.25;14.51;24.03;14.39;305.0;125.18;2.31;191625.0;111.0;114.0;50.0;4502.0;1006.57;703.11;6.0;1.0;0;1.0;0;0;1.0;0;0;0;0;0;1.0;1.0;0;0;0;0;0
937464;3.16;1.05;113.0;4799.0;31.5;81.0;41.25;14.51;24.03;14.39;309.57;212.95;2.31;191625.0;111.0;114.0;50.0;4515.0;1006.49;781.24;6.0;1.0;0;1.0;0;0;1.0;0;0;0;0;0;1.0;1.0;0;0;0;0;0
938052;3.05;1.02;112.0;4816.0;31.5;81.0;41.25;14.51;23.83;14.20;310.72;228.73;2.58;191625.0;111.0;113.0;50.0;4510.0;1006.45;761.70;6.0;1.0;0;1.0;0;0;1.0;0;0;0;0;0;1.0;1.0;0;0;0;0;0
938569;3.04;1.01;113.0;4812.0;31.5;81.0;41.25;14.51;23.93;14.20;311.15;154.50;2.58;191625.0;111.0;114.0;50.0;4513.0;1006.45;703.11;6.0;1.0;0;1.0;0;0;1.0;0;0;0;0;0;1.0;1.0;0;0;0;0;0
939146;3.16;1.06;112.0;4811.0;31.5;81.0;41.25;14.51;23.84;14.48;330.09;273.14;2.31;191625.0;111.0;113.0;50.0;4510.0;1006.41;761.70;6.0;1.0;0;1.0;0;0;1.0;0;0;0;0;0;1.0;1.0;0;0;0;0;0
939931;3.15;1.05;113.0;4796.0;31.5;81.0;41.25;14.51;24.06;14.39;348.78;262.19;2.31;191625.0;111.0;114.0;50.0;4517.0;1006.41;781.24;6.0;1.0;0;1.0;0;0;1.0;0;0;0;0;0;1.0;1.0;0;0;0;0;0
940579;2.96;1.04;113.0;4801.0;31.5;81.0;42.0;12.94;22.95;14.39;339.27;349.99;2.31;191625.0;111.0;113.0;50.0;4516.0;1006.38;800.77;6.0;1.0;0;1.0;0;0;1.0;0;0;0;0;0;1.0;1.0;0;0;0;0;0
941103;2.68;0.96;113.0;4786.0;31.5;81.0;43.5;11.76;22.33;14.39;305.0;345.87;2.31;191625.0;111.0;113.0;50.0;4505.0;1006.53;585.93;6.0;1.0;0;1.0;0;0;1.0;0;0;0;0;0;1.0;1.0;0;0;0;0;0
941651;2.68;0.95;112.0;4750.0;31.5;81.0;42.75;12.15;22.43;14.20;325.77;330.07;2.58;191625.0;110.0;112.0;50.0;4499.0;1006.53;117.18;6.0;1.0;0;1.0;0;0;1.0;0;0;0;0;0;1.0;1.0;0;0;0;0;0
942275;3.17;1.04;112.0;4754.0;31.5;81.0;40.5;14.51;24.01;14.39;319.27;335.01;2.31;191625.0;111.0;112.0;50.0;4510.0;1006.49;800.77;6.0;1.0;0;1.0;0;0;1.0;0;0;0;0;0;1.0;1.0;0;0;0;0;0
942803;3.08;1.02;112.0;4764.0;31.5;81.0;41.25;14.11;23.93;14.39;344.78;334.27;2.31;191625.0;110.0;113.0;50.0;4521.0;1006.53;761.70;6.0;1.0;0;1.0;0;0;1.0;0;0;0;0;0;1.0;1.0;0;0;0;0;0
943342;3.00;1.01;112.0;4790.0;31.5;81.0;41.25;13.72;23.71;14.39;334.00;340.81;2.31;191625.0;111.0;113.0;50.0;4529.0;1006.61;703.11;6.0;1.0;0;1.0;0;0;1.0;0;0;0;0;0;1.0;1.0;0;0;0;0;0
943884;2.96;1.01;113.0;4812.0;31.5;81.0;42.0;13.72;23.32;14.39;340.29;332.61;2.31;191625.0;111.0;114.0;50.0;4508.0;1006.53;761.70;6.0;1.0;0;1.0;0;0;1.0;0;0;0;0;0;1.0;1.0;0;0;0;0;0
944442;2.89;1.01;113.0;4804.0;31.5;81.0;42.75;12.55;22.78;14.39;344.29;357.65;2.31;191625.0;111.0;114.0;50.0;4500.0;1006.49;800.77;6.0;1.0;0;1.0;0;0;1.0;0;0;0;0;0;1.0;1.0;0;0;0;0;0
945172;2.27;0.93;113.0;4784.0;31.5;81.0;45.75;9.41;19.64;14.29;323.72;362.76;2.58;191625.0;111.0;113.0;50.0;4495.0;1006.45;624.99;6.0;1.0;0;1.0;0;0;1.0;0;0;0;0;0;1.0;1.0;0;0;0;0;0
945841;2.24;0.90;112.0;4759.0;31.5;81.0;44.25;9.80;20.12;14.39;353.41;325.58;2.31;191625.0;110.0;112.0;50.0;4513.0;1006.41;58.59;6.0;1.0;0;1.0;0;0;1.0;0;0;0;0;0;1.0;1.0;0;0;0;0;0
946375;2.43;0.96;111.0;4718.0;31.5;81.0;44.25;9.80;20.25;14.29;354.91;330.09;2.58;191625.0;110.0;112.0;50.0;4498.0;1006.45;781.24;6.0;1.0;0;1.0;0;0;1.0;0;0;0;0;0;1.0;1.0;0;0;0;0;0
946902;2.36;0.92;111.0;4731.0;31.5;81.0;44.25;10.19;20.57;14.20;351.01;349.45;2.58;191625.0;110.0;111.0;50.0;4521.0;1006.49;566.39;6.0;1.0;0;1.0;0;0;1.0;0;0;0;0;0;1.0;1.0;0;0;0;0;0
947427;2.95;0.98;111.0;4701.0;31.5;81.0;41.25;13.33;23.78;14.29;346.36;349.07;2.58;191625.0;109.0;112.0;50.0;4507.0;1006.45;664.05;6.0;1.0;0;1.0;0;0;1.0;0;0;0;0;0;1.0;1.0;0;0;0;0;0
947952;2.95;0.99;111.0;4718.0;31.5;81.0;41.25;13.72;23.77;14.39;329.52;342.77;2.31;191625.0;109.0;111.0;50.0;4510.0;1006.45;156.24;6.0;1.0;0;1.0;0;0;1.0;0;0;0;0;0;1.0;1.0;0;0;0;0;0
948481;2.92;0.99;111.0;4713.0;31.5;81.0;41.25;13.33;23.53;14.39;325.76;339.06;2.31;191625.0;109.0;111.0;50.0;4509.0;1006.41;332.02;6.0;1.0;0;1.0;0;0;1.0;0;0;0;0;0;1.0;1.0;0;0;0;0;0
949052;2.92;0.99;111.0;4736.0;31.5;81.0;41.25;12.94;23.24;14.39;337.26;337.28;2.31;191625.0;109.0;112.0;50.0;4521.0;1006.49;507.80;6.0;1.0;0;1.0;0;0;1.0;0;0;0;0;0;1.0;1.0;0;0;0;0;0
949725;2.88;0.99;111.0;4732.0;31.5;81.0;42.0;12.55;23.17;14.39;317.88;335.40;2.31;191626.0;110.0;111.0;50.0;4514.0;1006.45;683.58;6.0;1.0;0;1.0;0;0;1.0;0;0;0;0;0;1.0;1.0;0;0;0;0;0
950514;3.39;1.03;111.0;4718.0;31.5;81.0;39.0;16.08;25.53;14.39;304.45;280.60;2.31;191626.0;109.0;112.0;50.0;4520.0;1006.53;800.77;6.0;1.0;0;1.0;0;0;1.0;0;0;0;0;0;1.0;1.0;0;0;0;0;0
951040;3.28;1.02;112.0;4764.0;31.5;81.0;39.0;16.08;25.61;14.29;329.06;336.42;2.58;191626.0;110.0;113.0;50.0;4516.0;1006.61;781.24;6.0;1.0;0;1.0;0;0;1.0;0;0;0;0;0;1.0;1.0;0;0;0;0;0
951612;3.16;1.03;112.0;4783.0;31.5;81.0;40.5;14.90;24.40;14.39;339.29;351.59;2.31;191626.0;110.0;112.0;50.0;4529.0;1006.61;703.11;6.0;1.0;0;1.0;0;0;1.0;0;0;0;0;0;1.0;1.0;0;0;0;0;0
952150;2.90;1.00;112.0;4768.0;31.5;81.0;42.0;13.33;23.37;14.39;329.76;352.30;2.31;191626.0;110.0;113.0;50.0;4510.0;1006.53;761.70;6.0;1.0;0;1.0;0;0;1.0;0;0;0;0;0;1.0;1.0;0;0;0;0;0
952711;2.72;0.96;112.0;4782.0;31.5;81.0;42.75;12.15;22.43;14.39;354.99;327.65;2.31;191626.0;110.0;113.0;50.0;4514.0;1006.49;761.70;6.0;1.0;0;1.0;0;0;1.0;0;0;0;0;0;1.0;1.0;0;0;0;0;0
953272;2.56;0.93;112.0;4770.0;31.5;81.0;42.75;11.37;21.92;14.29;339.68;354.84;2.58;191626.0;110.0;113.0;50.0;4513.0;1006.53;117.18;6.0;1.0;0;1.0;0;0;1.0;0;0;0;0;0;1.0;1.0;0;0;0;0;0
953797;2.48;0.95;112.0;4739.0;31.5;81.0;44.25;10.58;20.96;14.39;286.13;332.22;2.31;191626.0;110.0;112.0;50.0;4505.0;1006.57;390.62;6.0;1.0;0;1.0;0;0;1.0;0;0;0;0;0;1.0;1.0;0;0;0;0;0
954317;2.42;0.92;112.0;4756.0;31.5;81.0;43.5;10.58;20.91;14.39;315.78;283.59;2.31;191626.0;111.0;113.0;50.0;4508.0;1006.61;156.24;6.0;1.0;0;1.0;0;0;1.0;0;0;0;0;0;1.0;1.0;0;0;0;0;0
954900;2.50;0.95;111.0;4723.0;31.5;81.0;43.5;10.58;21.01;14.39;315.23;191.72;2.31;191626.0;110.0;111.0;50.0;4509.0;1006.61;292.96;6.0;1.0;0;1.0;0;0;1.0;0;0;0;0;0;1.0;1.0;0;0;0;0;0
955718;2.55;0.97;112.0;4731.0;31.5;81.0;43.5;10.58;20.99;14.29;196.19;115.36;2.58;191626.0;110.0;112.0;50.0;4515.0;1006.61;800.77;6.0;1.0;0;1.0;0;0;1.0;0;0;0;0;0;1.0;1.0;0;0;0;0;0
956277;2.85;0.96;111.0;4706.0;31.5;81.0;41.25;12.94;23.38;14.48;241.58;175.02;2.31;191626.0;109.0;112.0;50.0;4516.0;1006.69;78.12;6.0;1.0;0;1.0;0;0;1.0;0;0;0;0;0;1.0;1.0;0;0;0;0;0
956802;2.93;1.02;112.0;4723.0;31.5;81.0;42.0;12.55;22.97;14.39;307.71;285.13;2.31;191626.0;110.0;112.0;50.0;4522.0;1006.69;761.70;6.0;1.0;0;1.0;0;0;1.0;0;0;0;0;0;1.0;1.0;0;0;0;0;0
957367;2.72;0.96;111.0;4739.0;31.5;81.0;42.0;12.15;22.61;14.39;344.27;331.63;2.31;191626.0;109.0;112.0;50.0;4504.0;1006.57;742.17;6.0;1.0;0;1.0;0;0;1.0;0;0;0;0;0;1.0;1.0;0;0;0;0;0
957912;2.69;0.95;111.0;4733.0;31.5;81.0;42.0;11.76;22.51;14.39;351.87;330.79;2.31;191626.0;109.0;112.0;50.0;4492.0;1006.65;605.46;6.0;1.0;0;1.0;0;0;1.0;0;0;0;0;0;1.0;1.0;0;0;0;0;0
958515;2.42;0.97;111.0;4715.0;31.5;81.0;44.25;9.41;20.01;14.39;349.43;325.52;2.31;191626.0;109.0;111.0;50.0;4509.0;1006.69;800.77;6.0;1.0;0;1.0;0;0;1.0;0;0;0;0;0;1.0;1.0;0;0;0;0;0
959047;2.07;0.89;110.0;4679.0;31.5;81.0;45.75;8.62;18.66;14.39;311.67;340.01;2.31;191626.0;108.0;111.0;50.0;4490.0;1006.57;781.24;6.0;1.0;0;1.0;0;0;1.0;0;0;0;0;0;1.0;1.0;0;0;0;0;0
959561;1.83;0.83;108.0;4644.0;31.5;81.0;46.5;8.23;17.61;14.39;311.67;288.26;2.31;191626.0;107.0;109.0;50.0;4488.0;1006.53;449.21;6.0;1.0;0;1.0;0;0;1.0;0;0;0;0;0;1.0;1.0;0;0;0;0;0
960162;1.87;0.85;108.0;4588.0;31.5;81.0;46.5;7.84;17.80;14.39;332.65;259.08;2.31;191626.0;106.0;109.0;50.0;4505.0;1006.53;761.70;6.0;1.0;0;1.0;0;0;1.0;0;0;0;0;0;1.0;1.0;0;0;0;0;0
960975;2.01;0.87;107.0;4535.0;31.5;81.0;45.75;8.23;18.86;14.20;296.79;289.88;2.58;191626.0;106.0;108.0;50.0;4510.0;1006.53;800.77;6.0;1.0;0;1.0;0;0;1.0;0;0;0;0;0;1.0;1.0;0;0;0;0;0
961503;2.01;0.82;106.0;4518.0;31.5;81.0;45.0;8.62;19.72;14.48;241.39;201.23;2.31;191626.0;106.0;107.0;50.0;4518.0;1006.61;58.59;6.0;1.0;0;1.0;0;0;1.0;0;0;0;0;0;1.0;1.0;0;0;0;0;0
962010;2.22;0.88;106.0;4493.0;31.5;81.0;43.5;9.02;20.31;14.48;231.87;228.05;2.31;191626.0;105.0;107.0;50.0;4528.0;1006.53;742.17;6.0;1.0;0;1.0;0;0;1.0;0;0;0;0;0;1.0;1.0;0;0;0;0;0
962592;2.12;0.84;106.0;4482.0;31.5;81.0;43.5;9.02;20.27;14.39;281.79;304.90;2.31;191626.0;104.0;106.0;50.0;4513.0;1006.69;78.12;6.0;1.0;0;1.0;0;0;1.0;0;0;0;0;0;1.0;1.0;0;0;0;0;0
963129;2.2;0.87;106.0;4506.0;31.5;81.0;43.5;9.02;20.30;14.20;334.19;346.48;2.58;191626.0;104.0;106.0;50.0;4530.0;1006.73;644.52;6.0;1.0;0;1.0;0;0;1.0;0;0;0;0;0;1.0;1.0;0;0;0;0;0
963749;2.24;0.87;105.0;4455.0;31.5;81.0;43.5;9.41;20.66;14.39;356.94;350.23;2.31;191626.0;104.0;105.0;50.0;4511.0;1006.69;273.43;6.0;1.0;0;1.0;0;0;1.0;0;0;0;0;0;1.0;1.0;0;0;0;0;0
964304;2.36;0.92;105.0;4442.0;31.5;81.0;43.5;9.41;20.76;14.39;347.92;346.20;2.31;191626.0;103.0;105.0;50.0;4523.0;1006.65;781.24;6.0;1.0;0;1.0;0;0;1.0;0;0;0;0;0;1.0;1.0;0;0;0;0;0
964826;2.30;0.90;105.0;4459.0;31.5;81.0;43.5;9.41;20.73;14.39;349.27;347.34;2.31;191626.0;103.0;105.0;50.0;4500.0;1006.69;761.70;6.0;1.0;0;1.0;0;0;1.0;0;0;0;0;0;1.0;1.0;0;0;0;0;0
965677;2.29;0.89;105.0;4428.0;31.5;81.0;43.5;9.41;20.70;14.20;346.67;313.53;2.58;191626.0;102.0;105.0;50.0;4525.0;1006.69;761.70;6.0;1.0;0;1.0;0;0;1.0;0;0;0;0;0;1.0;1.0;0;0;0;0;0
966228;1.55;0.85;102.0;4373.0;31.5;81.0;47.25;6.27;15.06;14.48;330.48;287.89;2.31;191626.0;102.0;103.0;50.0;4471.0;1006.65;859.36;6.0;1.0;0;1.0;0;0;1.0;0;0;0;0;0;1.0;1.0;0;0;0;0;0
966767;1.13;0.82;101.0;4277.0;31.5;81.0;47.25;4.31;11.20;14.48;311.97;267.17;2.31;191626.0;100.0;102.0;50.0;4457.0;1006.73;859.36;6.0;1.0;0;1.0;0;0;1.0;0;0;0;0;0;1.0;1.0;0;0;0;0;0
967299;1.22;0.80;98.0;4228.0;31.5;81.0;46.5;5.09;12.28;14.39;288.53;201.51;2.31;191626.0;99.0;99.0;50.0;4493.0;1006.73;839.83;6.0;1.0;0;1.0;0;0;1.0;0;0;0;0;0;1.0;1.0;0;0;0;0;0
967852;1.29;0.77;97.0;4190.0;31.5;81.0;45.75;5.49;13.48;14.39;288.90;265.58;2.31;191626.0;97.0;98.0;50.0;4521.0;1006.61;644.52;6.0;1.0;0;1.0;0;0;1.0;0;0;0;0;0;1.0;1.0;0;0;0;0;0
968371;1.61;0.75;97.0;4144.0;31.5;81.0;44.25;7.45;17.53;14.29;330.54;280.78;2.58;191626.0;96.0;98.0;50.0;4533.0;1006.69;19.53;6.0;1.0;0;1.0;0;0;1.0;0;0;0;0;0;1.0;1.0;0;0;0;0;0
968919;2.23;0.82;96.0;4120.0;31.5;81.0;40.5;10.19;22.05;14.39;349.37;325.19;2.31;191626.0;95.0;97.0;50.0;4549.0;1006.61;19.53;6.0;1.0;0;1.0;0;0;1.0;0;0;0;0;0;1.0;1.0;0;0;0;0;0
969432;2.84;0.91;97.0;4154.0;32.25;81.0;37.5;12.55;25.07;14.39;309.45;331.95;2.31;191626.0;96.0;98.0;50.0;4552.0;1006.65;78.12;6.0;1.0;0;1.0;0;0;1.0;0;0;0;0;0;1.0;1.0;0;0;0;0;0
969958;2.96;0.98;97.0;4163.0;32.25;81.0;38.25;11.76;24.13;14.39;333.29;337.49;2.31;191626.0;96.0;98.0;50.0;4540.0;1006.73;800.77;6.0;1.0;0;1.0;0;0;1.0;0;0;0;0;0;1.0;1.0;0;0;0;0;0
970824;2.27;0.97;97.0;4127.0;32.25;81.0;43.5;7.84;18.93;14.39;282.50;312.20;2.31;191626.0;96.0;98.0;50.0;4460.0;1006.69;859.36;6.0;1.0;0;1.0;0;0;1.0;0;0;0;0;0;1.0;1.0;0;0;0;0;0
971457;2.57;0.87;97.0;4145.0;32.25;81.0;40.5;10.19;21.20;14.39;294.35;257.05;2.31;191626.0;96.0;98.0;50.0;4498.0;1006.61;839.83;6.0;1.0;0;1.0;0;0;1.0;0;0;0;0;0;1.0;1.0;0;0;0;0;0
972002;2.74;0.91;97.0;4149.0;32.25;81.0;38.25;11.76;24.16;14.39;230.94;228.32;2.31;191626.0;96.0;98.0;50.0;4558.0;1006.53;664.05;6.0;1.0;0;1.0;0;0;1.0;0;0;0;0;0;1.0;1.0;0;0;0;0;0
972518;2.48;0.90;97.0;4167.0;32.25;81.0;41.25;10.19;22.13;14.39;220.76;170.43;2.31;191626.0;96.0;98.0;50.0;4510.0;1006.53;703.11;6.0;1.0;0;1.0;0;0;1.0;0;0;0;0;0;1.0;1.0;0;0;0;0;0
973130;2.40;0.88;98.0;4149.0;32.25;81.0;40.5;10.19;21.89;14.39;181.78;160.94;2.31;191626.0;97.0;98.0;50.0;4517.0;1006.69;195.31;6.0;1.0;0;1.0;0;0;1.0;0;0;0;0;0;1.0;1.0;0;0;0;0;0
973647;2.54;0.94;98.0;4172.0;32.25;81.0;41.25;9.80;21.82;14.39;204.34;224.12;2.31;191626.0;97.0;98.0;50.0;4517.0;1006.61;781.24;6.0;1.0;0;1.0;0;0;1.0;0;0;0;0;0;1.0;1.0;0;0;0;0;0
974228;2.36;0.87;98.0;4199.0;32.25;81.0;41.25;10.19;21.73;14.48;284.31;278.20;2.31;191626.0;97.0;99.0;50.0;4509.0;1006.53;78.12;6.0;1.0;0;1.0;0;0;1.0;0;0;0;0;0;1.0;1.0;0;0;0;0;0
974804;3.01;0.96;100.0;4252.0;32.25;81.0;38.25;13.33;25.23;14.20;294.62;326.28;2.58;191626.0;97.0;100.0;50.0;4564.0;1006.49;722.64;6.0;1.0;0;1.0;0;0;1.0;0;0;0;0;0;1.0;1.0;0;0;0;0;0
975679;2.88;0.95;100.0;4236.0;32.25;81.0;39.0;12.15;24.31;14.20;339.25;304.12;2.58;191626.0;99.0;100.0;50.0;4539.0;1006.45;644.52;6.0;1.0;0;1.0;0;0;1.0;0;0;0;0;0;1.0;1.0;0;0;0;0;0
976192;2.88;0.95;102.0;4314.0;32.25;81.0;39.0;12.15;24.14;14.39;343.35;344.13;2.31;191626.0;99.0;102.0;50.0;4524.0;1006.53;527.33;6.0;1.0;0;1.0;0;0;1.0;0;0;0;0;0;1.0;1.0;0;0;0;0;0
976782;2.90;0.98;102.0;4322.0;32.25;81.0;39.75;11.76;23.94;14.20;346.75;331.13;2.58;191626.0;100.0;102.0;50.0;4520.0;1006.53;781.24;6.0;1.0;0;1.0;0;0;1.0;0;0;0;0;0;1.0;1.0;0;0;0;0;0
977303;2.58;0.90;102.0;4330.0;32.25;81.0;41.25;10.98;22.79;14.39;329.00;300.46;2.31;191626.0;101.0;102.0;50.0;4502.0;1006.57;97.65;6.0;1.0;0;1.0;0;0;1.0;0;0;0;0;0;1.0;1.0;0;0;0;0;0
977830;2.68;0.95;102.0;4373.0;32.25;81.0;42.0;10.58;22.33;14.39;258.34;228.93;2.31;191626.0;101.0;103.0;50.0;4502.0;1006.57;800.77;6.0;1.0;0;1.0;0;0;1.0;0;0;0;0;0;1.0;1.0;0;0;0;0;0
978408;2.59;0.93;103.0;4388.0;32.25;81.0;42.0;10.58;22.31;14.39;181.72;152.93;2.31;191626.0;101.0;103.0;50.0;4505.0;1006.49;781.24;6.0;1.0;0;1.0;0;0;1.0;0;0;0;0;0;1.0;1.0;0;0;0;0;0
978990;2.54;0.92;103.0;4377.0;32.25;81.0;42.0;10.58;22.19;14.39;145.32;141.88;2.31;191626.0;102.0;104.0;50.0;4510.0;1006.53;214.84;6.0;1.0;0;1.0;0;0;1.0;0;0;0;0;0;1.0;1.0;0;0;0;0;0
979511;2.58;0.94;103.0;4433.0;32.25;81.0;42.0;10.58;21.91;14.39;179.38;205.65;2.31;191626.0;102.0;104.0;50.0;4504.0;1006.49;703.11;6.0;1.0;0;1.0;0;0;1.0;0;0;0;0;0;1.0;1.0;0;0;0;0;0
980098;2.50;0.93;105.0;4448.0;32.25;81.0;42.0;10.19;21.70;14.39;245.78;302.59;2.31;191626.0;103.0;105.0;50.0;4521.0;1006.45;781.24;6.0;1.0;0;1.0;0;0;1.0;0;0;0;0;0;1.0;1.0;0;0;0;0;0
980975;2.81;0.94;105.0;4464.0;32.25;81.0;39.75;12.55;23.93;14.29;296.05;336.40;2.58;191626.0;103.0;105.0;50.0;4525.0;1006.49;742.17;6.0;1.0;0;1.0;0;0;1.0;0;0;0;0;0;1.0;1.0;0;0;0;0;0
981513;2.81;0.93;106.0;4490.0;32.25;81.0;40.5;12.55;23.86;14.39;351.73;355.21;2.31;191626.0;105.0;106.0;50.0;4503.0;1006.49;312.49;6.0;1.0;0;1.0;0;0;1.0;0;0;0;0;0;1.0;1.0;0;0;0;0;0
982090;2.75;0.94;107.0;4490.0;32.25;81.0;40.5;11.76;23.24;14.39;333.00;350.38;2.31;191626.0;105.0;107.0;50.0;4520.0;1006.45;722.64;6.0;1.0;0;1.0;0;0;1.0;0;0;0;0;0;1.0;1.0;0;0;0;0;0
982627;2.42;0.91;107.0;4527.0;32.25;81.0;43.5;10.19;21.19;14.29;327.71;330.21;2.58;191626.0;106.0;107.0;50.0;4490.0;1006.57;566.39;6.0;1.0;0;1.0;0;0;1.0;0;0;0;0;0;1.0;1.0;0;0;0;0;0
983188;2.33;0.90;106.0;4533.0;32.25;81.0;44.25;9.41;20.60;14.39;327.02;336.42;2.31;191626.0;106.0;107.0;50.0;4485.0;1006.49;839.83;6.0;1.0;0;1.0;0;0;1.0;0;0;0;0;0;1.0;1.0;0;0;0;0;0
983695;2.08;0.96;106.0;4505.0;32.25;81.0;45.75;7.84;17.51;14.39;187.15;338.18;2.31;191627.0;105.0;107.0;50.0;4496.0;1006.53;859.36;6.0;1.0;0;1.0;0;0;1.0;0;0;0;0;0;1.0;1.0;0;0;0;0;0
984270;1.90;0.91;106.0;4504.0;32.25;81.0;45.75;7.45;17.00;14.20;115.36;325.89;2.58;191627.0;104.0;106.0;50.0;4521.0;1006.49;839.83;6.0;1.0;0;1.0;0;0;1.0;0;0;0;0;0;1.0;1.0;0;0;0;0;0
984800;1.64;0.85;105.0;4476.0;32.25;81.0;46.5;6.66;15.71;14.29;76.73;196.47;2.58;191627.0;104.0;106.0;50.0;4482.0;1006.53;839.83;6.0;1.0;0;1.0;0;0;1.0;0;0;0;0;0;1.0;1.0;0;0;0;0;0
985392;1.52;0.81;105.0;4450.0;32.25;81.0;47.25;6.27;15.18;14.39;117.43;251.31;2.31;191627.0;104.0;105.0;50.0;4485.0;1006.53;820.30;6.0;1.0;0;1.0;0;0;1.0;0;0;0;0;0;1.0;1.0;0;0;0;0;0
986216;1.28;0.98;102.0;4366.0;32.25;81.0;48.0;4.31;10.60;14.29;225.74;329.35;2.58;191627.0;102.0;103.0;50.0;4498.0;1006.61;878.89;6.0;1.0;0;1.0;0;0;1.0;0;0;0;0;0;1.0;1.0;0;0;0;0;0
986751;1.64;0.96;101.0;4286.0;32.25;81.0;46.5;5.88;13.57;14.39;301.62;299.16;2.31;191627.0;100.0;102.0;50.0;4531.0;1006.65;859.36;6.0;1.0;0;1.0;0;0;1.0;0;0;0;0;0;1.0;1.0;0;0;0;0;0
987274;2.60;0.98;102.0;4331.0;32.25;81.0;42.0;9.80;21.47;14.20;340.79;337.22;2.58;191627.0;100.0;102.0;50.0;4588.0;1006.69;800.77;6.0;1.0;0;1.0;0;0;1.0;0;0;0;0;0;1.0;1.0;0;0;0;0;0
987857;2.4;0.90;102.0;4357.0;32.25;81.0;42.0;10.19;21.57;14.39;327.81;343.80;2.31;191627.0;100.0;102.0;50.0;4559.0;1006.73;507.80;6.0;1.0;0;1.0;0;0;1.0;0;0;0;0;0;1.0;1.0;0;0;0;0;0
988392;2.47;0.93;102.0;4339.0;32.25;81.0;42.0;9.80;21.43;14.39;341.18;341.16;2.31;191627.0;101.0;102.0;50.0;4512.0;1006.69;136.71;6.0;1.0;0;1.0;0;0;1.0;0;0;0;0;0;1.0;1.0;0;0;0;0;0
988964;2.54;0.96;102.0;4344.0;32.25;81.0;42.75;9.80;21.23;14.39;298.08;319.86;2.31;191627.0;101.0;103.0;50.0;4501.0;1006.80;742.17;6.0;1.0;0;1.0;0;0;1.0;0;0;0;0;0;1.0;1.0;0;0;0;0;0
989469;2.26;0.87;102.0;4337.0;32.25;81.0;42.0;9.41;20.81;14.29;280.93;306.56;2.58;191627.0;101.0;103.0;50.0;4509.0;1006.88;136.71;6.0;1.0;0;1.0;0;0;1.0;0;0;0;0;0;1.0;1.0;0;0;0;0;0
990008;2.33;0.92;102.0;4339.0;32.25;81.0;43.5;9.02;20.53;14.39;284.43;275.54;2.31;191627.0;101.0;103.0;50.0;4518.0;1006.80;742.17;6.0;1.0;0;1.0;0;0;1.0;0;0;0;0;0;1.0;1.0;0;0;0;0;0
990832;2.2;0.87;102.0;4334.0;32.25;81.0;42.75;9.02;20.41;14.48;278.82;255.00;2.31;191627.0;102.0;102.0;50.0;4520.0;1006.88;742.17;6.0;1.0;0;1.0;0;0;1.0;0;0;0;0;0;1.0;1.0;0;0;0;0;0
991476;2.38;0.92;102.0;4360.0;32.25;81.0;42.75;9.41;20.93;14.39;259.55;217.11;2.31;191627.0;101.0;103.0;50.0;4518.0;1006.96;742.17;6.0;1.0;0;1.0;0;0;1.0;0;0;0;0;0;1.0;1.0;0;0;0;0;0
992003;2.28;0.90;103.0;4317.0;32.25;81.0;43.5;9.02;20.41;14.39;328.33;283.86;2.31;191627.0;101.0;104.0;50.0;4497.0;1007.04;683.58;6.0;1.0;0;1.0;0;0;1.0;0;0;0;0;0;1.0;1.0;0;0;0;0;0
992547;2.24;0.88;102.0;4358.0;32.25;81.0;42.75;9.02;20.40;14.48;308.76;322.38;2.31;191627.0;101.0;103.0;50.0;4494.0;1006.92;566.39;6.0;1.0;0;1.0;0;0;1.0;0;0;0;0;0;1.0;1.0;0;0;0;0;0
993137;2.68;0.89;102.0;4354.0;32.25;81.0;41.25;10.98;22.58;14.39;326.56;342.94;2.31;191627.0;101.0;103.0;50.0;4523.0;1007.00;117.18;6.0;1.0;0;1.0;0;0;1.0;0;0;0;0;0;1.0;1.0;0;0;0;0;0
993697;2.98;0.98;103.0;4370.0;32.25;81.0;39.75;12.55;24.24;14.39;349.74;328.72;2.31;191627.0;102.0;104.0;50.0;4541.0;1007.04;800.77;6.0;1.0;0;1.0;0;0;1.0;0;0;0;0;0;1.0;1.0;0;0;0;0;0
994227;2.83;0.95;103.0;4419.0;32.25;81.0;39.75;12.55;24.19;14.29;347.24;309.35;2.58;191627.0;102.0;104.0;50.0;4510.0;1007.20;722.64;6.0;1.0;0;1.0;0;0;1.0;0;0;0;0;0;1.0;1.0;0;0;0;0;0
994753;2.85;0.95;105.0;4456.0;32.25;81.0;40.5;12.55;23.99;14.48;332.06;322.22;2.31;191627.0;103.0;105.0;50.0;4508.0;1007.12;566.39;6.0;1.0;0;1.0;0;0;1.0;0;0;0;0;0;1.0;1.0;0;0;0;0;0
995657;2.95;0.98;105.0;4430.0;32.25;81.0;39.75;12.55;24.04;14.39;295.37;336.65;2.31;191627.0;104.0;105.0;50.0;4502.0;1007.08;566.39;6.0;1.0;0;1.0;0;0;1.0;0;0;0;0;0;1.0;1.0;0;0;0;0;0
996174;2.65;0.98;106.0;4479.0;32.25;81.0;42.0;10.19;21.69;14.39;230.88;253.57;2.31;191627.0;104.0;106.0;50.0;4502.0;1007.04;839.83;6.0;1.0;0;1.0;0;0;1.0;0;0;0;0;0;1.0;1.0;0;0;0;0;0
996709;1.68;0.92;105.0;4431.0;32.25;81.0;47.25;6.27;14.75;14.39;233.22;266.97;2.31;191627.0;104.0;105.0;50.0;4446.0;1007.08;878.89;6.0;1.0;0;1.0;0;0;1.0;0;0;0;0;0;1.0;1.0;0;0;0;0;0
997224;1.59;0.88;105.0;4428.0;32.25;81.0;47.25;6.27;14.49;14.39;256.85;312.65;2.31;191627.0;103.0;105.0;50.0;4476.0;1007.16;859.36;6.0;1.0;0;1.0;0;0;1.0;0;0;0;0;0;1.0;1.0;0;0;0;0;0
997767;1.56;0.84;103.0;4412.0;32.25;81.0;47.25;6.27;14.97;14.20;319.66;337.86;2.58;191627.0;102.0;104.0;50.0;4500.0;1007.16;859.36;6.0;1.0;0;1.0;0;0;1.0;0;0;0;0;0;1.0;1.0;0;0;0;0;0
998314;1.56;0.80;102.0;4358.0;32.25;81.0;46.5;6.66;15.73;14.39;343.04;321.95;2.31;191627.0;102.0;103.0;50.0;4506.0;1007.16;800.77;6.0;1.0;0;1.0;0;0;1.0;0;0;0;0;0;1.0;1.0;0;0;0;0;0
998853;1.84;0.76;102.0;4359.0;32.25;81.0;44.25;8.62;19.68;14.29;353.25;335.13;2.58;191627.0;101.0;103.0;50.0;4562.0;1007.20;0;6.0;1.0;0;1.0;0;0;1.0;0;0;0;0;0;1.0;1.0;0;0;0;0;0
999376;2.16;0.83;102.0;4344.0;32.25;81.0;42.75;9.41;20.96;14.39;335.03;332.83;2.31;191627.0;102.0;103.0;50.0;4546.0;1007.12;19.53;6.0;1.0;0;1.0;0;0;1.0;0;0;0;0;0;1.0;1.0;0;0;0;0;0
999892;2.36;0.91;102.0;4354.0;32.25;81.0;42.75;9.41;21.09;14.39;348.84;325.03;2.31;191627.0;102.0;103.0;50.0;4537.0;1007.20;566.39;6.0;1.0;0;1.0;0;0;1.0;0;0;0;0;0;1.0;1.0;0;0;0;0;0
1000642;2.38;0.93;103.0;4386.0;32.25;81.0;43.5;9.41;20.88;14.20;330.76;324.49;2.58;191627.0;102.0;104.0;50.0;4518.0;1007.16;820.30;6.0;1.0;0;1.0;0;0;1.0;0;0;0;0;0;1.0;1.0;0;0;0;0;0
1001252;1.88;0.81;103.0;4383.0;32.25;81.0;45.0;8.23;18.68;14.39;317.47;294.33;2.31;191627.0;101.0;104.0;50.0;4489.0;1007.31;683.58;6.0;1.0;0;1.0;0;0;1.0;0;0;0;0;0;1.0;1.0;0;0;0;0;0
1001803;1.61;0.81;102.0;4368.0;32.25;81.0;46.5;6.66;16.23;14.39;300.21;279.02;2.31;191627.0;102.0;103.0;50.0;4490.0;1007.23;800.77;6.0;1.0;0;1.0;0;0;1.0;0;0;0;0;0;1.0;1.0;0;0;0;0;0
1002377;1.52;0.76;102.0;4322.0;32.25;81.0;45.75;6.66;16.08;14.39;281.46;263.28;2.31;191627.0;101.0;102.0;50.0;4480.0;1007.35;644.52;6.0;1.0;0;1.0;0;0;1.0;0;0;0;0;0;1.0;1.0;0;0;0;0;0
1002913;1.48;0.74;102.0;4308.0;32.25;81.0;45.75;6.66;16.14;14.29;333.14;268.26;2.58;191627.0;101.0;102.0;50.0;4503.0;1007.43;58.59;6.0;1.0;0;1.0;0;0;1.0;0;0;0;0;0;1.0;1.0;0;0;0;0;0
1003453;0.95;0.78;101.0;4262.0;32.25;81.0;47.25;3.52;10.06;14.39;346.38;323.51;2.31;191627.0;100.0;101.0;50.0;4491.0;1007.39;878.89;6.0;1.0;0;1.0;0;0;1.0;0;0;0;0;0;1.0;1.0;0;0;0;0;0
1004068;0.76;0.77;100.0;4190.0;32.25;81.0;47.25;2.74;7.89;14.29;352.04;349.72;2.58;191627.0;99.0;100.0;50.0;4503.0;1007.39;859.36;6.0;1.0;0;1.0;0;0;1.0;0;0;0;0;0;1.0;1.0;0;0;0;0;0
1004591;0.73;0.75;97.0;4106.0;32.25;81.0;46.5;2.35;7.78;14.39;336.36;333.45;2.31;191627.0;97.0;97.0;50.0;4509.0;1007.31;800.77;6.0;1.0;0;1.0;0;0;1.0;0;0;0;0;0;1.0;1.0;0;0;0;0;0
1005131;0.73;0.74;95.0;4050.0;32.25;81.0;46.5;2.35;7.86;14.29;318.53;287.77;2.58;191627.0;95.0;96.0;50.0;4501.0;1007.39;781.24;6.0;1.0;0;1.0;0;0;1.0;0;0;0;0;0;1.0;1.0;0;0;0;0;0
1005994;0.75;0.72;93.0;4013.0;32.25;81.0;45.75;2.74;8.16;14.39;330.15;330.09;2.31;191627.0;93.0;94.0;50.0;4501.0;1007.47;175.77;6.0;1.0;0;1.0;0;0;1.0;0;0;0;0;0;1.0;1.0;0;0;0;0;0
1006543;1.03;0.73;91.0;3905.0;32.25;81.0;45.0;3.92;11.32;14.39;268.55;242.13;2.31;191627.0;91.0;92.0;50.0;4492.0;1007.43;19.53;6.0;1.0;0;1.0;0;0;1.0;0;0;0;0;0;1.0;1.0;0;0;0;0;0
1007115;1.84;0.76;91.0;3839.0;32.25;81.0;43.5;7.05;17.80;14.39;217.70;247.46;2.31;191627.0;90.0;92.0;50.0;4511.0;1007.43;39.06;6.0;1.0;0;1.0;0;0;1.0;0;0;0;0;0;1.0;1.0;0;0;0;0;0
1007663;2.08;0.82;91.0;3876.0;32.25;81.0;41.25;8.62;20.58;14.29;169.87;222.52;2.58;191627.0;90.0;92.0;50.0;4537.0;1007.39;39.06;6.0;1.0;0;1.0;0;0;1.0;0;0;0;0;0;1.0;1.0;0;0;0;0;0
1008181;2.24;0.89;92.0;3903.0;32.25;81.0;41.25;8.62;20.57;14.48;197.70;191.02;2.31;191627.0;91.0;92.0;50.0;4529.0;1007.39;820.30;6.0;1.0;0;1.0;0;0;1.0;0;0;0;0;0;1.0;1.0;0;0;0;0;0
1008727;2.12;0.83;92.0;3914.0;32.25;81.0;41.25;8.62;20.51;14.29;239.06;229.18;2.58;191627.0;91.0;93.0;50.0;4508.0;1007.43;175.77;6.0;1.0;0;1.0;0;0;1.0;0;0;0;0;0;1.0;1.0;0;0;0;0;0
1009247;2.22;0.89;93.0;3938.0;32.25;81.0;41.25;8.62;20.28;14.39;296.11;306.52;2.31;191627.0;92.0;94.0;50.0;4519.0;1007.43;839.83;6.0;1.0;0;1.0;0;0;1.0;0;0;0;0;0;1.0;1.0;0;0;0;0;0
1009768;0.42;0.84;93.0;3953.0;32.25;81.75;45.75;2.74;10.86;14.29;333.45;265.17;2.58;191627.0;92.0;94.0;50.0;4489.0;1007.55;839.83;6.0;1.0;0;1.0;0;0;1.0;0;0;0;0;0;1.0;1.0;0;0;0;0;0
1010628;1.12;0.98;92.0;3899.0;32.25;81.75;45.0;3.13;9.49;14.39;310.11;304.55;2.31;191627.0;92.0;93.0;50.0;4473.0;1007.55;878.89;6.0;1.0;0;1.0;0;0;1.0;0;0;0;0;0;1.0;1.0;0;0;0;0;0
1011153;1.78;0.94;91.0;3882.0;32.25;81.75;43.5;5.88;15.70;14.39;288.57;303.90;2.31;191627.0;90.0;92.0;50.0;4500.0;1007.59;859.36;6.0;1.0;0;1.0;0;0;1.0;0;0;0;0;0;1.0;1.0;0;0;0;0;0
1011680;1.92;0.89;91.0;3892.0;32.25;81.75;42.75;6.66;17.57;14.39;297.32;293.43;2.31;191627.0;90.0;92.0;50.0;4520.0;1007.59;839.83;6.0;1.0;0;1.0;0;0;1.0;0;0;0;0;0;1.0;1.0;0;0;0;0;0
1012228;1.90;0.84;92.0;3913.0;32.25;81.75;42.75;7.05;18.56;14.39;224.43;299.39;2.31;191627.0;91.0;92.0;50.0;4515.0;1007.70;781.24;6.0;1.0;0;1.0;0;0;1.0;0;0;0;0;0;1.0;1.0;0;0;0;0;0
1012795;1.92;0.77;92.0;3905.0;32.25;81.75;41.25;8.23;19.90;14.39;255.37;189.94;2.31;191627.0;91.0;92.0;50.0;4530.0;1007.66;78.12;6.0;1.0;0;1.0;0;0;1.0;0;0;0;0;0;1.0;1.0;0;0;0;0;0
1013333;2.51;0.86;93.0;3962.0;32.25;81.75;38.25;11.37;23.67;14.20;223.13;169.38;2.58;191627.0;92.0;93.0;50.0;4563.0;1007.74;19.53;6.0;1.0;0;1.0;0;0;1.0;0;0;0;0;0;1.0;1.0;0;0;0;0;0
1013860;2.86;0.94;93.0;3979.0;32.25;81.75;37.5;12.15;24.60;14.39;173.91;269.70;2.31;191627.0;93.0;94.0;50.0;4547.0;1007.70;703.11;6.0;1.0;0;1.0;0;0;1.0;0;0;0;0;0;1.0;1.0;0;0;0;0;0
1014380;2.46;0.93;95.0;4009.0;32.25;81.75;41.25;9.41;21.39;14.39;191.33;227.91;2.31;191627.0;94.0;95.0;50.0;4503.0;1007.66;839.83;6.0;1.0;0;1.0;0;0;1.0;0;0;0;0;0;1.0;1.0;0;0;0;0;0
1015338;2.16;0.87;95.0;4033.0;32.25;81.75;42.0;8.62;20.15;14.39;210.29;309.27;2.31;191627.0;94.0;95.0;50.0;4494.0;1007.74;761.70;6.0;1.0;0;1.0;0;0;1.0;0;0;0;0;0;1.0;1.0;0;0;0;0;0
1015867;1.80;0.80;95.0;4049.0;32.25;81.75;43.5;7.45;18.42;14.39;281.46;335.01;2.31;191627.0;94.0;96.0;50.0;4500.0;1007.66;312.49;6.0;1.0;0;1.0;0;0;1.0;0;0;0;0;0;1.0;1.0;0;0;0;0;0
1016442;1.86;0.82;95.0;4059.0;32.25;81.75;43.5;7.45;18.42;14.39;327.98;290.09;2.31;191627.0;94.0;96.0;50.0;4510.0;1007.66;781.24;6.0;1.0;0;1.0;0;0;1.0;0;0;0;0;0;1.0;1.0;0;0;0;0;0
1016950;1.79;0.81;96.0;4049.0;32.25;81.75;44.25;7.45;18.17;14.48;271.99;336.87;2.31;191627.0;94.0;96.0;50.0;4516.0;1007.66;781.24;6.0;1.0;0;1.0;0;0;1.0;0;0;0;0;0;1.0;1.0;0;0;0;0;0
1017481;1.78;0.78;95.0;4050.0;32.25;81.75;43.5;7.84;18.70;14.39;286.77;246.50;2.31;191627.0;94.0;96.0;50.0;4504.0;1007.63;39.06;6.0;1.0;0;1.0;0;0;1.0;0;0;0;0;0;1.0;1.0;0;0;0;0;0
1018113;2.2;0.85;95.0;4044.0;32.25;81.75;41.25;9.02;20.91;14.20;257.03;246.39;2.58;191627.0;94.0;96.0;50.0;4548.0;1007.63;39.06;6.0;1.0;0;1.0;0;0;1.0;0;0;0;0;0;1.0;1.0;0;0;0;0;0
1018632;2.80;0.94;96.0;4094.0;32.25;81.75;38.25;11.76;24.16;14.39;237.05;227.01;2.31;191628.0;95.0;97.0;50.0;4539.0;1007.63;761.70;6.0;1.0;0;1.0;0;0;1.0;0;0;0;0;0;1.0;1.0;0;0;0;0;0
1019232;2.62;0.88;97.0;4126.0;32.25;81.75;39.0;11.76;23.96;14.48;201.66;230.21;2.31;191628.0;96.0;97.0;50.0;4540.0;1007.63;58.59;6.0;1.0;0;1.0;0;0;1.0;0;0;0;0;0;1.0;1.0;0;0;0;0;0
1019845;2.81;0.95;98.0;4179.0;32.25;81.75;39.0;11.37;23.76;14.39;163.60;187.42;2.31;191628.0;96.0;99.0;50.0;4527.0;1007.63;820.30;6.0;1.0;0;1.0;0;0;1.0;0;0;0;0;0;1.0;1.0;0;0;0;0;0
1020681;2.55;0.88;98.0;4209.0;32.25;81.75;39.75;11.37;23.31;14.39;220.80;218.20;2.31;191628.0;98.0;99.0;50.0;4522.0;1007.70;58.59;6.0;1.0;0;1.0;0;0;1.0;0;0;0;0;0;1.0;1.0;0;0;0;0;0
1021215;3.36;1.00;100.0;4233.0;32.25;81.75;36.75;14.90;26.78;14.39;264.08;296.58;2.31;191628.0;99.0;100.0;50.0;4543.0;1007.66;800.77;6.0;1.0;0;1.0;0;0;1.0;0;0;0;0;0;1.0;1.0;0;0;0;0;0
1021728;3.49;0.99;101.0;4281.0;32.25;81.75;35.25;16.47;28.13;14.39;317.01;334.33;2.31;191628.0;100.0;101.0;50.0;4547.0;1007.66;683.58;6.0;1.0;0;1.0;0;0;1.0;0;0;0;0;0;1.0;1.0;0;0;0;0;0
1022267;3.63;1.03;102.0;4371.0;32.25;81.75;35.25;16.47;27.95;14.39;337.06;345.23;2.31;191628.0;101.0;103.0;50.0;4526.0;1007.63;703.11;6.0;1.0;0;1.0;0;0;1.0;0;0;0;0;0;1.0;1.0;0;0;0;0;0
1022837;3.51;1.01;103.0;4415.0;32.25;81.75;35.25;16.47;27.63;14.39;309.41;331.44;2.31;191628.0;102.0;104.0;50.0;4508.0;1007.63;781.24;6.0;1.0;0;1.0;0;0;1.0;0;0;0;0;0;1.0;1.0;0;0;0;0;0
1023373;3.37;0.99;105.0;4419.0;32.25;81.75;36.75;16.08;27.16;14.39;315.40;344.47;2.31;191628.0;103.0;105.0;50.0;4501.0;1007.63;761.70;6.0;1.0;0;1.0;0;0;1.0;0;0;0;0;0;1.0;1.0;0;0;0;0;0
1023913;3.31;0.98;106.0;4465.0;32.25;81.75;37.5;15.68;26.71;14.39;338.70;318.61;2.31;191628.0;104.0;106.0;50.0;4502.0;1007.63;683.58;6.0;1.0;0;1.0;0;0;1.0;0;0;0;0;0;1.0;1.0;0;0;0;0;0
1024424;3.34;1.01;107.0;4556.0;32.25;81.75;37.5;15.68;26.31;14.39;339.19;333.22;2.31;191628.0;105.0;107.0;50.0;4498.0;1007.63;664.05;6.0;1.0;0;1.0;0;0;1.0;0;0;0;0;0;1.0;1.0;0;0;0;0;0
1024966;2.92;0.97;107.0;4572.0;32.25;81.75;41.25;12.55;23.94;14.39;284.23;338.61;2.31;191628.0;106.0;108.0;50.0;4498.0;1007.63;800.77;6.0;1.0;0;1.0;0;0;1.0;0;0;0;0;0;1.0;1.0;0;0;0;0;0
1025623;2.24;0.89;107.0;4562.0;32.25;81.75;44.25;9.02;20.17;14.39;283.10;338.12;2.31;191628.0;105.0;107.0;50.0;4479.0;1007.63;781.24;6.0;1.0;0;1.0;0;0;1.0;0;0;0;0;0;1.0;1.0;0;0;0;0;0
1026243;3.35;0.96;108.0;4605.0;32.25;81.75;37.5;17.25;27.34;14.29;261.52;323.63;2.58;191628.0;106.0;109.0;50.0;4535.0;1007.55;136.71;6.0;1.0;0;1.0;0;0;1.0;0;0;0;0;0;1.0;1.0;0;0;0;0;0
1026782;3.55;1.00;108.0;4642.0;32.25;81.75;36.0;18.43;28.02;14.20;325.89;347.61;2.58;191628.0;107.0;109.0;50.0;4508.0;1007.59;566.39;6.0;1.0;0;1.0;0;0;1.0;0;0;0;0;0;1.0;1.0;0;0;0;0;0
1027345;3.44;0.97;110.0;4658.0;32.25;81.75;36.0;18.43;28.05;14.39;343.84;330.89;2.31;191628.0;108.0;111.0;50.0;4518.0;1007.47;683.58;6.0;1.0;0;1.0;0;0;1.0;0;0;0;0;0;1.0;1.0;0;0;0;0;0
1027875;3.30;1.00;111.0;4708.0;32.25;81.75;38.25;16.47;26.29;14.39;330.58;349.84;2.31;191628.0;109.0;112.0;50.0;4509.0;1007.51;683.58;6.0;1.0;0;1.0;0;0;1.0;0;0;0;0;0;1.0;1.0;0;0;0;0;0
1028407;3.2;1.02;111.0;4726.0;32.25;81.75;39.75;15.29;24.80;14.29;351.12;346.05;2.58;191628.0;109.0;112.0;50.0;4516.0;1007.55;683.58;6.0;1.0;0;1.0;0;0;1.0;0;0;0;0;0;1.0;1.0;0;0;0;0;0
1028913;3.12;1.01;112.0;4751.0;32.25;81.75;40.5;14.51;24.36;14.39;342.04;352.00;2.31;191628.0;111.0;113.0;50.0;4514.0;1007.43;585.93;6.0;1.0;0;1.0;0;0;1.0;0;0;0;0;0;1.0;1.0;0;0;0;0;0
1029529;2.99;1.01;112.0;4782.0;32.25;81.75;41.25;13.72;23.58;14.48;344.04;349.31;2.31;191628.0;110.0;112.0;50.0;4514.0;1007.47;253.90;6.0;1.0;0;1.0;0;0;1.0;0;0;0;0;0;1.0;1.0;0;0;0;0;0
1030084;2.86;1.01;112.0;4774.0;32.25;81.75;42.0;12.15;22.52;14.39;324.62;341.42;2.31;191628.0;111.0;113.0;50.0;4496.0;1007.23;800.77;6.0;1.0;0;1.0;0;0;1.0;0;0;0;0;0;1.0;1.0;0;0;0;0;0
1030897;2.45;0.92;112.0;4768.0;32.25;81.75;43.5;10.98;21.34;14.29;342.88;335.85;2.58;191628.0;110.0;113.0;50.0;4520.0;1007.27;781.24;6.0;1.0;0;1.0;0;0;1.0;0;0;0;0;0;1.0;1.0;0;0;0;0;0
1031425;2.32;0.93;111.0;4737.0;32.25;81.75;44.25;9.80;20.04;14.39;333.92;202.31;2.31;191628.0;110.0;112.0;50.0;4500.0;1007.16;703.11;6.0;1.0;0;1.0;0;0;1.0;0;0;0;0;0;1.0;1.0;0;0;0;0;0
1031991;2.16;0.88;111.0;4708.0;32.25;81.75;45.0;9.02;19.67;14.39;338.14;245.72;2.31;191628.0;110.0;112.0;50.0;4503.0;1007.16;761.70;6.0;1.0;0;1.0;0;0;1.0;0;0;0;0;0;1.0;1.0;0;0;0;0;0
1032527;2.04;0.86;111.0;4688.0;32.25;81.75;45.75;8.62;19.16;14.39;346.67;282.36;2.31;191628.0;109.0;111.0;50.0;4505.0;1007.23;585.93;6.0;1.0;0;1.0;0;0;1.0;0;0;0;0;0;1.0;1.0;0;0;0;0;0
1033094;2.00;0.88;110.0;4674.0;32.25;81.75;46.5;8.23;18.35;14.39;355.52;329.00;2.31;191628.0;108.0;110.0;50.0;4495.0;1007.20;839.83;6.0;1.0;0;1.0;0;0;1.0;0;0;0;0;0;1.0;1.0;0;0;0;0;0
1033625;1.72;0.85;108.0;4640.0;32.25;81.75;47.25;7.05;16.28;14.39;353.70;347.73;2.31;191628.0;108.0;109.0;50.0;4491.0;1007.20;800.77;6.0;1.0;0;1.0;0;0;1.0;0;0;0;0;0;1.0;1.0;0;0;0;0;0
1034195;1.56;0.81;108.0;4590.0;32.25;81.75;47.25;6.66;15.65;14.48;335.27;349.54;2.31;191628.0;107.0;109.0;50.0;4497.0;1007.12;781.24;6.0;1.0;0;1.0;0;0;1.0;0;0;0;0;0;1.0;1.0;0;0;0;0;0
1034963;1.48;0.76;107.0;4548.0;32.25;81.75;47.25;6.66;15.80;14.39;313.94;330.83;2.31;191628.0;106.0;107.0;50.0;4478.0;1007.20;624.99;6.0;1.0;0;1.0;0;0;1.0;0;0;0;0;0;1.0;1.0;0;0;0;0;0
1035616;2.43;0.83;107.0;4548.0;32.25;81.75;42.0;11.76;23.08;14.39;335.79;298.55;2.31;191628.0;106.0;108.0;50.0;4549.0;1007.04;19.53;6.0;1.0;0;1.0;0;0;1.0;0;0;0;0;0;1.0;1.0;0;0;0;0;0
1036136;2.77;0.93;107.0;4543.0;32.25;81.75;41.25;12.55;23.97;14.29;320.21;259.31;2.58;191628.0;106.0;107.0;50.0;4526.0;1006.92;78.12;6.0;1.0;0;1.0;0;0;1.0;0;0;0;0;0;1.0;1.0;0;0;0;0;0
1036660;3.01;1.00;108.0;4565.0;32.25;81.75;41.25;12.94;23.97;14.29;227.48;226.76;2.58;191628.0;106.0;108.0;50.0;4517.0;1006.96;800.77;6.0;1.0;0;1.0;0;0;1.0;0;0;0;0;0;1.0;1.0;0;0;0;0;0
1037176;2.77;0.93;108.0;4614.0;32.25;81.75;41.25;12.94;23.84;14.29;177.35;170.08;2.58;191628.0;107.0;109.0;50.0;4507.0;1007.00;78.12;6.0;1.0;0;1.0;0;0;1.0;0;0;0;0;0;1.0;1.0;0;0;0;0;0
1037754;2.94;0.99;110.0;4634.0;32.25;81.75;41.25;12.55;23.63;14.39;195.04;193.89;2.31;191628.0;108.0;110.0;50.0;4515.0;1007.04;683.58;6.0;1.0;0;1.0;0;0;1.0;0;0;0;0;0;1.0;1.0;0;0;0;0;0
1038322;2.76;0.95;110.0;4670.0;32.25;81.75;42.0;12.15;23.10;14.39;257.63;259.86;2.31;191628.0;108.0;110.0;50.0;4513.0;1007.08;624.99;6.0;1.0;0;1.0;0;0;1.0;0;0;0;0;0;1.0;1.0;0;0;0;0;0
1038855;2.69;0.97;110.0;4687.0;32.25;81.75;42.75;11.37;22.22;14.39;327.02;293.53;2.31;191628.0;109.0;111.0;50.0;4525.0;1007.20;742.17;6.0;1.0;0;1.0;0;0;1.0;0;0;0;0;0;1.0;1.0;0;0;0;0;0
1039371;2.28;0.89;110.0;4647.0;32.25;81.75;44.25;9.80;20.40;14.29;328.14;339.02;2.58;191628.0;108.0;110.0;50.0;4503.0;1007.31;546.86;6.0;1.0;0;1.0;0;0;1.0;0;0;0;0;0;1.0;1.0;0;0;0;0;0
1039900;2.12;0.88;110.0;4647.0;32.25;81.75;45.0;9.02;19.51;14.29;340.31;330.93;2.58;191628.0;108.0;110.0;50.0;4505.0;1007.39;292.96;6.0;1.0;0;1.0;0;0;1.0;0;0;0;0;0;1.0;1.0;0;0;0;0;0
1040712;2.30;0.90;110.0;4658.0;32.25;81.75;44.25;9.80;20.51;14.39;338.63;306.40;2.31;191628.0;108.0;110.0;50.0;4506.0;1007.39;781.24;6.0;1.0;0;1.0;0;0;1.0;0;0;0;0;0;1.0;1.0;0;0;0;0;0
1041293;2.23;0.88;110.0;4614.0;32.25;81.75;44.25;9.41;20.33;14.39;347.00;332.81;2.31;191628.0;107.0;110.0;50.0;4506.0;1007.31;839.83;6.0;1.0;0;1.0;0;0;1.0;0;0;0;0;0;1.0;1.0;0;0;0;0;0
1041831;1.84;0.86;108.0;4585.0;32.25;81.75;46.5;7.45;17.30;14.39;334.60;335.03;2.31;191628.0;107.0;109.0;50.0;4494.0;1007.43;839.83;6.0;1.0;0;1.0;0;0;1.0;0;0;0;0;0;1.0;1.0;0;0;0;0;0
1042397;1.21;0.82;106.0;4535.0;32.25;81.75;48.75;5.09;11.78;14.39;337.47;311.36;2.31;191628.0;106.0;107.0;50.0;4470.0;1007.35;859.36;6.0;1.0;0;1.0;0;0;1.0;0;0;0;0;0;1.0;1.0;0;0;0;0;0
1042905;1.12;0.80;106.0;4447.0;32.25;81.75;48.0;4.70;11.32;14.39;292.53;314.31;2.31;191628.0;104.0;106.0;50.0;4494.0;1007.20;839.83;6.0;1.0;0;1.0;0;0;1.0;0;0;0;0;0;1.0;1.0;0;0;0;0;0
1043448;0.88;0.79;103.0;4386.0;32.25;81.75;48.0;3.52;9.02;14.39;330.70;310.81;2.31;191628.0;103.0;104.0;50.0;4506.0;1007.23;839.83;6.0;1.0;0;1.0;0;0;1.0;0;0;0;0;0;1.0;1.0;0;0;0;0;0
1044013;0.64;0.77;102.0;4312.0;32.25;81.75;47.25;1.96;6.73;14.39;344.89;330.27;2.31;191628.0;101.0;102.0;50.0;4510.0;1007.35;761.70;6.0;1.0;0;1.0;0;0;1.0;0;0;0;0;0;1.0;1.0;0;0;0;0;0
1044601;0.52;1.00;98.0;4210.0;32.25;81.75;-30.0;0;0;14.39;340.27;327.83;2.31;191628.0;98.0;99.0;50.0;4533.0;1007.35;0;6.0;1.0;0;1.0;0;0;1.0;0;0;0;0;0;0;1.0;0;0;0;0;0
1045381;0.52;1.00;96.0;4048.0;32.25;81.75;-30.0;0;0;14.39;335.42;344.54;2.31;191628.0;95.0;96.0;50.0;4560.0;1007.39;0;6.0;1.0;0;1.0;0;0;1.0;0;0;0;0;0;1.0;1.0;0;0;0;0;0
1045953;0.51;1.00;92.0;3944.0;32.25;81.75;-30.0;0;0;14.48;356.55;227.66;2.31;191628.0;92.0;93.0;50.0;4543.0;1007.39;0;6.0;1.0;0;1.0;0;0;1.0;0;0;0;0;0;1.0;1.0;0;0;0;0;0
1046472;0.48;1.00;90.0;3799.0;32.25;81.75;-30.0;0;0;14.48;309.58;239.35;2.31;191628.0;90.0;90.0;50.0;4533.0;1007.31;0;6.0;1.0;0;1.0;0;0;1.0;0;0;0;0;0;1.0;1.0;0;0;0;0;0
1047068;0.49;1.00;88.0;3762.0;32.25;81.75;-30.0;0;0;14.48;302.46;221.23;2.31;191628.0;88.0;89.0;50.0;4477.0;1007.39;0;6.0;1.0;0;1.0;0;0;1.0;0;0;0;0;0;1.0;1.0;0;0;0;0;0
1047613;2.04;1.00;87.0;3805.0;32.25;81.75;20.25;5.88;12.20;14.39;293.34;221.93;2.31;191628.0;86.0;87.0;50.0;4209.0;1007.47;898.42;6.0;1.0;0;1.0;0;0;1.0;0;0;0;0;0;1.0;1.0;0;0;0;0;0
1048177;2.02;0.95;86.0;3662.0;32.25;81.75;30.75;5.88;15.67;14.48;269.90;236.15;2.31;191628.0;85.0;87.0;50.0;4345.0;1007.51;898.42;6.0;1.0;0;1.0;0;0;1.0;0;0;0;0;0;1.0;1.0;0;0;0;0;0
1048699;1.82;0.91;86.0;3654.0;32.25;81.75;40.5;5.88;16.22;14.39;282.79;192.40;2.31;191628.0;86.0;87.0;50.0;4450.0;1007.55;878.89;6.0;1.0;0;1.0;0;0;1.0;0;0;0;0;0;1.0;1.0;0;0;0;0;0
1049263;1.64;0.87;86.0;3677.0;32.25;81.75;41.25;5.49;15.53;14.39;229.34;221.89;2.31;191628.0;85.0;86.0;50.0;4513.0;1007.55;878.89;6.0;1.0;0;1.0;0;0;1.0;0;0;0;0;0;1.0;1.0;0;0;0;0;0
1049803;1.90;0.82;86.0;3659.0;32.25;81.75;40.5;7.05;18.78;14.29;296.11;274.78;2.58;191628.0;85.0;86.0;50.0;4512.0;1007.55;820.30;6.0;1.0;0;1.0;0;0;1.0;0;0;0;0;0;1.0;1.0;0;0;0;0;0
1050625;1.80;0.77;86.0;3642.0;32.25;81.0;40.5;7.45;19.19;14.39;335.27;325.21;2.31;191628.0;86.0;87.0;50.0;4531.0;1007.59;488.27;6.0;1.0;0;1.0;0;0;1.0;0;0;0;0;0;1.0;1.0;0;0;0;0;0
1051200;1.89;0.82;86.0;3661.0;32.25;81.0;40.5;7.05;18.95;14.39;352.32;344.91;2.31;191628.0;85.0;87.0;50.0;4509.0;1007.59;781.24;6.0;1.0;0;1.0;0;0;1.0;0;0;0;0;0;1.0;1.0;0;0;0;0;0
1051738;1.77;0.80;86.0;3664.0;32.25;81.0;41.25;6.66;18.33;14.29;353.62;347.65;2.58;191628.0;86.0;86.0;50.0;4504.0;1007.59;781.24;6.0;1.0;0;1.0;0;0;1.0;0;0;0;0;0;1.0;1.0;0;0;0;0;0
1052300;1.60;0.75;87.0;3683.0;32.25;81.0;41.25;6.27;17.61;14.39;349.68;346.13;2.31;191628.0;86.0;87.0;50.0;4521.0;1007.59;683.58;6.0;1.0;0;1.0;0;0;1.0;0;0;0;0;0;1.0;1.0;0;0;0;0;0
1052918;1.61;0.74;86.0;3669.0;32.25;81.0;42.0;6.66;18.09;14.39;329.23;347.41;2.31;191628.0;85.0;86.0;50.0;4501.0;1007.59;39.06;6.0;1.0;0;1.0;0;0;1.0;0;0;0;0;0;1.0;1.0;0;0;0;0;0
1053453;2.84;0.98;87.0;3694.0;32.25;81.0;37.5;10.58;23.15;14.39;245.35;342.59;2.31;191629.0;86.0;87.0;50.0;4521.0;1007.59;839.83;6.0;1.0;0;1.0;0;0;1.0;0;0;0;0;0;1.0;1.0;0;0;0;0;0
1053984;2.62;0.91;87.0;3732.0;32.25;81.0;37.5;10.58;23.19;14.29;205.86;316.85;2.58;191629.0;87.0;88.0;50.0;4530.0;1007.59;703.11;6.0;1.0;0;1.0;0;0;1.0;0;0;0;0;0;1.0;1.0;0;0;0;0;0
1054513;2.60;0.89;88.0;3761.0;32.25;81.0;37.5;11.37;23.70;14.39;181.04;239.76;2.31;191629.0;88.0;89.0;50.0;4528.0;1007.59;97.65;6.0;1.0;0;1.0;0;0;1.0;0;0;0;0;0;1.0;1.0;0;0;0;0;0
1055033;2.68;0.93;90.0;3844.0;32.25;81.0;38.25;10.58;23.02;14.20;176.59;256.13;2.58;191629.0;89.0;90.0;50.0;4520.0;1007.59;781.24;6.0;1.0;0;1.0;0;0;1.0;0;0;0;0;0;1.0;1.0;0;0;0;0;0
1055924;2.24;0.86;91.0;3868.0;32.25;81.0;39.75;8.62;21.01;14.29;220.37;328.98;2.58;191629.0;90.0;91.0;50.0;4496.0;1007.59;820.30;6.0;1.0;0;1.0;0;0;1.0;0;0;0;0;0;1.0;1.0;0;0;0;0;0
1056447;1.66;0.77;90.0;3822.0;32.25;81.0;42.75;6.66;17.53;14.48;315.70;334.11;2.31;191629.0;89.0;91.0;50.0;4506.0;1007.59;664.05;6.0;1.0;0;1.0;0;0;1.0;0;0;0;0;0;1.0;1.0;0;0;0;0;0
1056990;1.70;0.76;90.0;3847.0;32.25;81.0;42.0;7.05;18.47;14.20;339.06;319.23;2.58;191629.0;90.0;90.0;50.0;4511.0;1007.59;19.53;6.0;1.0;0;1.0;0;0;1.0;0;0;0;0;0;1.0;1.0;0;0;0;0;0
1057524;2.12;0.82;90.0;3844.0;32.25;81.0;39.75;8.62;20.94;14.39;302.16;331.22;2.31;191629.0;89.0;91.0;50.0;4532.0;1007.59;39.06;6.0;1.0;0;1.0;0;0;1.0;0;0;0;0;0;1.0;1.0;0;0;0;0;0
1058087;2.32;0.89;91.0;3849.0;32.25;81.0;39.75;9.02;21.32;14.39;308.84;319.08;2.31;191629.0;90.0;91.0;50.0;4517.0;1007.59;605.46;6.0;1.0;0;1.0;0;0;1.0;0;0;0;0;0;1.0;1.0;0;0;0;0;0
1058598;2.44;0.90;92.0;3907.0;32.25;81.0;39.75;9.80;21.86;14.39;294.51;274.63;2.31;191629.0;90.0;92.0;50.0;4532.0;1007.70;644.52;6.0;1.0;0;1.0;0;0;1.0;0;0;0;0;0;1.0;1.0;0;0;0;0;0
1059130;2.64;0.91;92.0;3900.0;32.25;81.0;38.25;10.98;23.40;14.39;208.52;251.74;2.31;191629.0;90.0;92.0;50.0;4535.0;1007.70;683.58;6.0;1.0;0;1.0;0;0;1.0;0;0;0;0;0;1.0;1.0;0;0;0;0;0
1059705;2.63;0.91;93.0;3951.0;32.25;81.0;38.25;10.98;23.24;14.39;178.50;243.94;2.31;191629.0;91.0;93.0;50.0;4526.0;1007.66;585.93;6.0;1.0;0;1.0;0;0;1.0;0;0;0;0;0;1.0;1.0;0;0;0;0;0
1060620;1.97;0.91;92.0;3918.0;32.25;81.0;42.75;7.45;18.69;14.39;166.49;187.68;2.31;191629.0;92.0;93.0;50.0;4480.0;1007.70;859.36;6.0;1.0;0;1.0;0;0;1.0;0;0;0;0;0;1.0;1.0;0;0;0;0;0
1061133;1.65;0.82;92.0;3900.0;32.25;81.0;43.5;6.27;16.48;14.39;217.38;226.64;2.31;191629.0;91.0;93.0;50.0;4504.0;1007.66;839.83;6.0;1.0;0;1.0;0;0;1.0;0;0;0;0;0;1.0;1.0;0;0;0;0;0
1061718;1.55;0.78;91.0;3890.0;32.25;81.0;43.5;6.27;16.27;14.39;269.72;245.51;2.31;191629.0;90.0;92.0;50.0;4497.0;1007.66;800.77;6.0;1.0;0;1.0;0;0;1.0;0;0;0;0;0;1.0;1.0;0;0;0;0;0
1062243;1.45;0.73;91.0;3877.0;32.25;81.0;43.5;6.27;16.28;14.39;333.25;250.74;2.31;191629.0;90.0;91.0;50.0;4501.0;1007.55;605.46;6.0;1.0;0;1.0;0;0;1.0;0;0;0;0;0;1.0;1.0;0;0;0;0;0
1062771;1.49;0.73;90.0;3853.0;32.25;81.0;43.5;6.27;16.63;14.20;343.23;305.93;2.58;191629.0;89.0;91.0;50.0;4507.0;1007.63;39.06;6.0;1.0;0;1.0;0;0;1.0;0;0;0;0;0;1.0;1.0;0;0;0;0;0
1063339;1.90;0.78;90.0;3861.0;32.25;81.0;41.25;8.23;19.72;14.39;292.14;338.29;2.31;191629.0;89.0;91.0;50.0;4516.0;1007.74;19.53;6.0;1.0;0;1.0;0;0;1.0;0;0;0;0;0;1.0;1.0;0;0;0;0;0
1063873;2.04;0.86;90.0;3835.0;32.25;81.0;40.5;8.23;20.07;14.39;287.67;321.38;2.31;191629.0;89.0;91.0;50.0;4524.0;1007.70;507.80;6.0;1.0;0;1.0;0;0;1.0;0;0;0;0;0;1.0;1.0;0;0;0;0;0
1064403;1.72;0.99;90.0;3830.0;32.25;81.0;43.5;5.09;14.30;14.29;304.94;288.59;2.58;191629.0;89.0;90.0;50.0;4481.0;1007.66;898.42;6.0;1.0;0;1.0;0;0;1.0;0;0;0;0;0;1.0;1.0;0;0;0;0;0
1064915;2.50;0.95;90.0;3818.0;32.25;81.0;40.5;8.62;20.30;14.29;289.51;214.41;2.58;191629.0;89.0;90.0;50.0;4506.0;1007.66;820.30;6.0;1.0;0;1.0;0;0;1.0;0;0;0;0;0;1.0;1.0;0;0;0;0;0
1065646;2.51;0.88;90.0;3847.0;32.25;81.0;38.25;10.58;22.85;14.39;263.69;219.55;2.31;191629.0;89.0;91.0;50.0;4551.0;1007.59;585.93;6.0;1.0;0;1.0;0;0;1.0;0;0;0;0;0;1.0;1.0;0;0;0;0;0
1066289;2.44;0.92;91.0;3866.0;32.25;81.0;39.75;9.41;21.53;14.39;205.63;204.51;2.31;191629.0;89.0;92.0;50.0;4512.0;1007.59;800.77;6.0;1.0;0;1.0;0;0;1.0;0;0;0;0;0;1.0;1.0;0;0;0;0;0
1066848;2.22;0.98;91.0;3860.0;32.25;81.0;42.0;7.05;18.46;14.39;245.12;237.79;2.31;191629.0;90.0;91.0;50.0;4484.0;1007.51;878.89;6.0;1.0;0;1.0;0;0;1.0;0;0;0;0;0;1.0;1.0;0;0;0;0;0
1067387;2.04;0.93;90.0;3820.0;32.25;81.0;42.75;6.66;17.80;14.39;297.26;292.30;2.31;191629.0;89.0;90.0;50.0;4494.0;1007.55;859.36;6.0;1.0;0;1.0;0;0;1.0;0;0;0;0;0;1.0;1.0;0;0;0;0;0
1067896;1.89;0.88;88.0;3787.0;32.25;81.0;42.75;6.66;17.74;14.39;337.69;328.59;2.31;191629.0;88.0;89.0;50.0;4506.0;1007.55;859.36;6.0;1.0;0;1.0;0;0;1.0;0;0;0;0;0;1.0;1.0;0;0;0;0;0
1068433;1.79;0.83;90.0;3791.0;32.25;81.0;42.0;6.66;17.62;14.29;348.00;341.16;2.58;191629.0;88.0;90.0;50.0;4507.0;1007.55;839.83;6.0;1.0;0;1.0;0;0;1.0;0;0;0;0;0;1.0;1.0;0;0;0;0;0
1068974;1.68;0.78;88.0;3756.0;32.25;81.0;42.0;6.66;17.80;14.29;349.76;346.22;2.58;191629.0;87.0;89.0;50.0;4516.0;1007.59;800.77;6.0;1.0;0;1.0;0;0;1.0;0;0;0;0;0;1.0;1.0;0;0;0;0;0
1069536;1.56;0.72;87.0;3723.0;32.25;81.0;42.0;6.66;17.53;14.39;332.24;347.59;2.31;191629.0;87.0;88.0;50.0;4512.0;1007.59;546.86;6.0;1.0;0;1.0;0;0;1.0;0;0;0;0;0;1.0;1.0;0;0;0;0;0
1070117;1.55;0.73;87.0;3705.0;32.25;81.0;42.0;6.27;17.30;14.39;340.11;352.45;2.31;191629.0;86.0;87.0;50.0;4508.0;1007.59;39.06;6.0;1.0;0;1.0;0;0;1.0;0;0;0;0;0;1.0;1.0;0;0;0;0;0
1070958;1.66;0.78;86.0;3647.0;32.25;81.0;41.25;6.27;17.53;14.39;348.51;307.83;2.31;191629.0;85.0;86.0;50.0;4513.0;1007.59;742.17;6.0;1.0;0;1.0;0;0;1.0;0;0;0;0;0;1.0;1.0;0;0;0;0;0
1071494;1.59;0.73;85.0;3616.0;32.25;81.0;41.25;6.66;17.77;14.29;317.28;288.20;2.58;191629.0;85.0;85.0;50.0;4520.0;1007.59;39.06;6.0;1.0;0;1.0;0;0;1.0;0;0;0;0;0;1.0;1.0;0;0;0;0;0
1072017;1.81;0.78;85.0;3643.0;32.25;81.0;40.5;7.05;19.02;14.39;256.87;306.87;2.31;191629.0;84.0;85.0;50.0;4510.0;1007.59;97.65;6.0;1.0;0;1.0;0;0;1.0;0;0;0;0;0;1.0;1.0;0;0;0;0;0
1072547;1.92;0.83;85.0;3606.0;32.25;81.0;40.5;7.05;18.95;14.20;255.72;343.53;2.58;191629.0;84.0;85.0;50.0;4508.0;1007.59;800.77;6.0;1.0;0;1.0;0;0;1.0;0;0;0;0;0;1.0;1.0;0;0;0;0;0
1073132;2.15;0.80;85.0;3625.0;32.25;81.0;37.5;9.41;21.82;14.39;310.97;344.97;2.31;191629.0;84.0;86.0;50.0;4519.0;1007.59;19.53;6.0;1.0;0;1.0;0;0;1.0;0;0;0;0;0;1.0;1.0;0;0;0;0;0
1073699;2.36;0.87;85.0;3630.0;32.25;81.0;37.5;9.41;22.10;14.39;337.26;350.62;2.31;191629.0;84.0;86.0;50.0;4514.0;1007.59;78.12;6.0;1.0;0;1.0;0;0;1.0;0;0;0;0;0;1.0;1.0;0;0;0;0;0
1074217;2.02;0.99;85.0;3617.0;32.25;81.0;41.25;6.27;16.97;14.48;346.24;355.28;2.31;191629.0;85.0;86.0;50.0;4518.0;1007.59;898.42;6.0;1.0;0;1.0;0;0;1.0;0;0;0;0;0;1.0;1.0;0;0;0;0;0
1074753;1.90;0.95;86.0;3619.0;32.25;81.0;41.25;5.88;16.47;14.39;332.67;349.87;2.31;191629.0;84.0;86.0;50.0;4503.0;1007.59;898.42;6.0;1.0;0;1.0;0;0;1.0;0;0;0;0;0;1.0;1.0;0;0;0;0;0
1075583;1.71;0.91;85.0;3612.0;32.25;81.0;41.25;5.49;15.43;14.48;350.19;348.49;2.31;191629.0;84.0;85.0;50.0;4499.0;1007.59;859.36;6.0;1.0;0;1.0;0;0;1.0;0;0;0;0;0;1.0;1.0;0;0;0;0;0
1076103;2.21;0.83;86.0;3645.0;32.25;81.0;37.5;9.02;21.76;14.29;328.68;345.30;2.58;191629.0;84.0;86.0;50.0;4519.0;1007.51;195.31;6.0;1.0;0;1.0;0;0;1.0;0;0;0;0;0;1.0;1.0;0;0;0;0;0
1076630;2.34;0.87;86.0;3672.0;32.25;81.0;38.25;9.41;21.86;14.39;298.02;327.57;2.31;191629.0;85.0;86.0;50.0;4532.0;1007.55;117.18;6.0;1.0;0;1.0;0;0;1.0;0;0;0;0;0;1.0;1.0;0;0;0;0;0
1077151;2.46;0.90;87.0;3720.0;32.25;81.0;38.25;9.41;22.10;14.39;300.50;328.39;2.31;191629.0;86.0;88.0;50.0;4520.0;1007.55;742.17;6.0;1.0;0;1.0;0;0;1.0;0;0;0;0;0;1.0;1.0;0;0;0;0;0
1077677;3.43;0.98;88.0;3743.0;32.25;81.0;31.5;16.08;27.57;14.20;297.81;287.61;2.58;191629.0;87.0;89.0;50.0;4569.0;1007.47;624.99;6.0;1.0;0;1.0;0;0;1.0;0;0;0;0;0;1.0;1.0;0;0;0;0;0
1078203;2.96;0.97;90.0;3827.0;32.25;81.0;36.75;12.15;24.72;14.39;275.54;295.17;2.31;191629.0;89.0;90.0;50.0;4527.0;1007.43;820.30;6.0;1.0;0;1.0;0;0;1.0;0;0;0;0;0;1.0;1.0;0;0;0;0;0
1078743;3.15;0.97;91.0;3894.0;32.25;81.0;35.25;15.29;26.81;14.39;320.68;313.96;2.31;191629.0;89.0;92.0;50.0;4563.0;1007.39;664.05;6.0;1.0;0;1.0;0;0;1.0;0;0;0;0;0;1.0;1.0;0;0;0;0;0
1079290;3.13;0.97;92.0;3931.0;32.25;81.0;36.0;14.11;26.08;14.20;326.46;344.00;2.58;191629.0;91.0;93.0;50.0;4543.0;1007.27;273.43;6.0;1.0;0;1.0;0;0;1.0;0;0;0;0;0;1.0;1.0;0;0;0;0;0
1079813;2.69;0.99;93.0;3948.0;32.25;81.0;39.75;10.19;22.22;14.29;346.14;306.62;2.58;191629.0;92.0;94.0;50.0;4501.0;1007.20;839.83;6.0;1.0;0;1.0;0;0;1.0;0;0;0;0;0;1.0;1.0;0;0;0;0;0
1080483;2.45;0.92;95.0;3991.0;32.25;81.0;40.5;9.41;21.53;14.39;357.57;271.89;2.31;191629.0;93.0;95.0;50.0;4490.0;1007.20;800.77;6.0;1.0;0;1.0;0;0;1.0;0;0;0;0;0;1.0;1.0;0;0;0;0;0
1081122;2.08;0.82;95.0;4026.0;32.25;81.0;42.0;9.02;20.71;14.39;363.49;342.90;2.31;191629.0;93.0;95.0;50.0;4506.0;1007.16;117.18;6.0;1.0;0;1.0;0;0;1.0;0;0;0;0;0;1.0;1.0;0;0;0;0;0
1081699;2.21;0.88;95.0;4002.0;32.25;81.0;41.25;8.62;20.34;14.20;364.66;148.03;2.58;191629.0;93.0;95.0;50.0;4507.0;1007.08;820.30;6.0;1.0;0;1.0;0;0;1.0;0;0;0;0;0;1.0;1.0;0;0;0;0;0
1082282;2.04;0.81;95.0;4008.0;32.25;81.0;42.0;8.62;20.17;14.39;365.19;229.78;2.31;191629.0;93.0;95.0;50.0;4497.0;1007.16;97.65;6.0;1.0;0;1.0;0;0;1.0;0;0;0;0;0;1.0;1.0;0;0;0;0;0
1082822;2.50;0.87;95.0;4026.0;32.25;81.0;40.5;10.58;22.32;14.39;138.48;318.16;2.31;191629.0;93.0;95.0;50.0;4530.0;1007.31;839.83;6.0;1.0;0;1.0;0;0;1.0;0;0;0;0;0;1.0;1.0;0;0;0;0;0
1083370;2.92;0.93;96.0;4080.0;32.25;81.0;37.5;12.55;25.10;14.39;244.08;180.82;2.31;191629.0;94.0;96.0;50.0;4548.0;1007.23;644.52;6.0;1.0;0;1.0;0;0;1.0;0;0;0;0;0;1.0;1.0;0;0;0;0;0
1083965;2.44;0.88;96.0;4052.0;32.25;81.0;40.5;10.19;22.32;14.39;197.56;181.51;2.31;191629.0;95.0;96.0;50.0;4504.0;1007.31;273.43;6.0;1.0;0;1.0;0;0;1.0;0;0;0;0;0;1.0;1.0;0;0;0;0;0
1084505;2.30;0.90;97.0;4112.0;32.25;81.0;42.0;8.62;20.43;14.29;215.80;238.53;2.58;191629.0;95.0;97.0;50.0;4494.0;1007.35;800.77;6.0;1.0;0;1.0;0;0;1.0;0;0;0;0;0;1.0;1.0;0;0;0;0;0
1085023;2.10;0.84;96.0;4095.0;32.25;81.0;42.0;8.62;20.23;14.39;260.60;281.52;2.31;191629.0;95.0;97.0;50.0;4509.0;1007.27;742.17;6.0;1.0;0;1.0;0;0;1.0;0;0;0;0;0;1.0;1.0;0;0;0;0;0
1085734;1.60;0.82;96.0;4087.0;32.25;81.0;45.0;6.27;15.83;14.20;303.69;329.10;2.58;191629.0;95.0;96.0;50.0;4479.0;1007.27;820.30;6.0;1.0;0;1.0;0;0;1.0;0;0;0;0;0;1.0;1.0;0;0;0;0;0
1086279;2.90;1.00;96.0;4067.0;32.25;81.0;39.75;10.98;23.15;14.39;316.50;316.26;2.31;191629.0;95.0;96.0;50.0;4562.0;1007.31;820.30;6.0;1.0;0;1.0;0;0;1.0;0;0;0;0;0;1.0;1.0;0;0;0;0;0
1086852;2.66;0.91;97.0;4120.0;32.25;81.0;39.0;11.37;23.53;14.48;318.47;293.51;2.31;191629.0;95.0;97.0;50.0;4548.0;1007.31;624.99;6.0;1.0;0;1.0;0;0;1.0;0;0;0;0;0;1.0;1.0;0;0;0;0;0
1087366;2.52;0.92;97.0;4138.0;32.25;81.0;40.5;9.80;22.05;14.39;283.94;305.44;2.31;191629.0;95.0;97.0;50.0;4515.0;1007.39;800.77;6.0;1.0;0;1.0;0;0;1.0;0;0;0;0;0;1.0;1.0;0;0;0;0;0
1087953;2.36;0.88;97.0;4122.0;32.25;81.0;40.5;9.80;21.70;14.39;250.92;243.24;2.31;191629.0;96.0;97.0;50.0;4521.0;1007.47;644.52;6.0;1.0;0;1.0;0;0;1.0;0;0;0;0;0;1.0;1.0;0;0;0;0;0
1088543;2.25;0.88;97.0;4113.0;32.25;81.0;42.0;9.02;20.61;14.39;197.05;204.90;2.31;191629.0;96.0;97.0;50.0;4510.0;1007.43;781.24;6.0;1.0;0;1.0;0;0;1.0;0;0;0;0;0;1.0;1.0;0;0;0;0;0
1089123;2.01;0.85;97.0;4136.0;32.25;81.0;42.75;7.84;19.64;14.39;233.48;180.94;2.31;191629.0;96.0;98.0;50.0;4503.0;1007.47;839.83;6.0;1.0;0;1.0;0;0;1.0;0;0;0;0;0;1.0;1.0;0;0;0;0;0
1089643;1.84;0.97;97.0;4092.0;32.25;81.0;45.0;6.27;15.57;14.39;169.14;210.43;2.31;191629.0;95.0;97.0;50.0;4481.0;1007.51;859.36;6.0;1.0;0;1.0;0;0;1.0;0;0;0;0;0;1.0;1.0;0;0;0;0;0
1090472;1.65;0.93;96.0;4071.0;32.25;81.0;45.75;5.88;14.59;14.39;221.97;203.77;2.31;191629.0;95.0;96.0;50.0;4499.0;1007.55;859.36;6.0;1.0;0;1.0;0;0;1.0;0;0;0;0;0;1.0;1.0;0;0;0;0;0
1091142;1.25;0.88;95.0;3996.0;32.25;81.0;46.5;4.31;11.80;14.39;199.49;323.67;2.31;191629.0;93.0;95.0;50.0;4508.0;1007.51;839.83;6.0;1.0;0;1.0;0;0;1.0;0;0;0;0;0;1.0;1.0;0;0;0;0;0
1091683;1.08;0.85;93.0;3932.0;32.25;81.0;45.75;3.52;10.38;14.29;211.29;350.11;2.58;191629.0;92.0;93.0;50.0;4501.0;1007.55;839.83;6.0;1.0;0;1.0;0;0;1.0;0;0;0;0;0;1.0;1.0;0;0;0;0;0
1092211;0.99;0.84;92.0;3874.0;32.25;81.0;44.25;3.13;9.64;14.39;274.45;302.87;2.31;191629.0;91.0;92.0;50.0;4509.0;1007.47;839.83;6.0;1.0;0;1.0;0;0;1.0;0;0;0;0;0;1.0;1.0;0;0;0;0;0
1092736;0.88;0.82;90.0;3804.0;32.25;81.0;43.5;2.74;8.60;14.48;249.67;301.69;2.31;191630.0;89.0;91.0;50.0;4515.0;1007.43;839.83;6.0;1.0;0;1.0;0;0;1.0;0;0;0;0;0;1.0;1.0;0;0;0;0;0
1093358;0.59;0.80;88.0;3756.0;32.25;81.0;42.75;1.56;6.22;14.48;243.65;290.02;2.31;191630.0;88.0;89.0;50.0;4512.0;1007.39;781.24;6.0;1.0;0;1.0;0;0;1.0;0;0;0;0;0;1.0;1.0;0;0;0;0;0
1093891;0.56;1.00;86.0;3627.0;32.25;81.0;-30.0;0;0;14.39;213.28;325.76;2.31;191630.0;86.0;86.0;50.0;4535.0;1007.47;0;6.0;1.0;0;1.0;0;0;1.0;0;0;0;0;0;1.0;1.0;0;0;0;0;0
1094452;0.54;1.00;83.0;3572.0;32.25;81.0;-30.0;0;0;14.29;178.75;311.93;2.58;191630.0;84.0;84.0;50.0;4548.0;1007.51;0;6.0;1.0;0;1.0;0;0;1.0;0;0;0;0;0;1.0;1.0;0;0;0;0;0
1095332;0.54;1.00;81.0;3459.0;32.25;81.0;-30.0;0;0;14.48;151.22;327.42;2.31;191630.0;81.0;82.0;50.0;4544.0;1007.55;0;6.0;1.0;0;1.0;0;0;1.0;0;0;0;0;0;1.0;1.0;0;0;0;0;0
1095852;0.58;1.00;78.0;3324.0;32.25;81.0;-30.0;0;0;14.39;221.72;272.87;2.31;191630.0;78.0;78.0;50.0;4550.0;1007.55;0;6.0;1.0;0;1.0;0;0;1.0;0;0;0;0;0;1.0;1.0;0;0;0;0;0
1096397;0.64;1.00;73.0;3131.0;32.25;81.0;-30.0;0;0;14.48;303.57;327.63;2.31;191630.0;73.0;74.0;50.0;4553.0;1007.55;0;6.0;1.0;0;1.0;0;0;1.0;0;0;0;0;0;1.0;1.0;0;0;0;0;0
1097018;0.66;1.00;68.0;2938.0;32.25;81.0;-30.0;0;0;14.39;267.58;289.68;2.31;191630.0;69.0;69.0;50.0;4519.0;1007.59;0;6.0;1.0;0;1.0;0;0;1.0;0;0;0;0;0;1.0;1.0;0;0;0;0;0
1097554;0.70;1.00;63.0;2725.0;32.25;81.0;-30.0;0;0;14.29;324.92;300.87;2.58;191630.0;64.0;64.0;50.0;4556.0;1007.59;0;6.0;1.0;0;1.0;0;0;1.0;0;0;0;0;0;1.0;1.0;0;0;0;0;0
1098120;0.72;1.00;60.0;2571.0;32.25;81.0;-30.0;0;0;14.48;335.99;326.56;2.31;191630.0;60.0;61.0;50.0;4531.0;1007.59;0;6.0;1.0;0;1.0;0;0;1.0;0;0;0;0;0;1.0;1.0;0;0;0;0;0
1098702;0.88;1.00;56.0;2414.0;32.25;81.0;15.0;0;12.72;14.39;302.79;337.04;2.31;191630.0;56.0;57.0;60.0;4192.0;1007.59;19.53;6.0;1.0;0;1.0;0;0;1.0;0;0;1.0;0;0;1.0;1.0;0;0;0;0;0
1099251;0.92;1.00;52.0;2241.0;32.25;81.0;15.0;0;12.77;14.48;304.94;327.14;2.31;191630.0;52.0;53.0;46.0;4339.0;1007.59;39.06;6.0;1.0;0;1.0;0;0;1.0;0;0;1.0;0;0;1.0;1.0;0;0;0;0;0
1099813;0.94;1.00;47.0;2029.0;32.25;81.0;15.75;0;12.68;14.29;262.26;236.58;2.58;191630.0;48.0;48.0;45.0;4485.0;1007.59;39.06;6.0;1.0;0;1.0;0;0;1.0;0;0;1.0;0;0;1.0;1.0;0;0;0;0;0
1100495;1.06;1.00;43.0;1884.0;32.25;81.0;15.0;0;12.75;14.29;222.07;184.03;2.58;191630.0;44.0;44.0;45.0;4503.0;1007.59;39.06;6.0;1.0;0;1.0;0;0;1.0;0;0;1.0;0;0;1.0;1.0;0;0;0;0;0
1101174;1.10;1.00;41.0;1727.0;32.25;81.0;14.25;0;12.69;14.48;144.48;140.88;2.31;191630.0;41.0;41.0;44.0;4515.0;1007.59;820.30;6.0;1.0;0;1.0;0;0;1.0;0;0;1.0;0;0;1.0;1.0;0;0;0;0;0
1101711;4.33;0.98;37.0;1383.0;32.25;81.0;3.0;4.31;13.90;14.29;102.12;105.09;2.58;191630.0;38.0;38.0;52.0;4519.0;1007.59;917.95;6.0;1.0;0;1.0;0;0;1.0;0;0;1.0;0;0;1.0;1.0;0;0;0;0;0
1102229;1.25;0.99;36.0;1533.0;32.25;81.0;14.25;0;12.87;14.39;83.21;81.24;2.31;191630.0;36.0;36.0;44.0;4480.0;1007.59;332.02;5.0;1.0;0;1.0;0;0;1.0;0;0;1.0;0;0;1.0;1.0;0;0;0;0;0
1102763;1.2;0.99;35.0;1513.0;32.25;81.0;14.25;0;12.68;14.39;83.84;77.31;2.31;191630.0;35.0;35.0;45.0;4506.0;1007.59;878.89;5.0;1.0;0;1.0;0;0;1.0;0;0;1.0;0;0;1.0;1.0;0;0;1.0;0;0
1103290;1.33;0.98;33.0;1379.0;32.25;81.0;15.0;0;12.62;14.29;54.93;59.72;2.58;191630.0;33.0;33.0;45.0;4505.0;1007.59;878.89;5.0;1.0;0;1.0;0;0;1.0;0;0;1.0;0;0;1.0;1.0;0;0;0;0;0
1103800;2.93;1.00;32.0;1713.0;32.25;81.0;0;3.52;12.59;14.29;40.01;47.59;2.58;191630.0;33.0;33.0;50.0;4534.0;1007.59;898.42;4.0;1.0;0;1.0;0;0;1.0;0;0;1.0;0;0;1.0;1.0;0;0;0;0;0
1104332;2.64;0.99;33.0;1745.0;32.25;81.0;3.0;4.31;14.97;14.39;73.43;101.53;2.31;191630.0;33.0;33.0;50.0;4536.0;1007.59;859.36;4.0;1.0;0;1.0;0;0;1.0;0;0;1.0;0;0;1.0;1.0;0;0;0;0;0
1104862;2.39;0.97;33.0;1796.0;32.25;81.0;9.0;3.92;16.52;14.48;124.73;151.96;2.31;191630.0;34.0;34.0;50.0;4500.0;1007.59;839.83;4.0;1.0;0;1.0;0;0;1.0;0;0;1.0;0;0;1.0;1.0;0;0;0;0;0
1105612;0.88;1.00;35.0;2199.0;32.25;81.0;14.25;0;12.77;14.39;144.05;188.30;2.31;191630.0;34.0;35.0;48.0;4526.0;1007.74;859.36;3.0;1.0;0;1.0;0;0;1.0;0;0;1.0;0;0;1.0;1.0;0;0;0;0;0
1106130;1.88;0.98;33.0;2113.0;32.25;81.0;19.5;2.74;14.97;14.39;180.82;197.13;2.31;191630.0;34.0;34.0;50.0;4528.0;1007.70;878.89;3.0;1.0;0;1.0;0;0;1.0;0;0;1.0;0;0;1.0;1.0;0;0;0;0;0
1106663;2.07;0.96;35.0;2148.0;32.25;81.0;19.5;3.52;16.84;14.29;165.20;211.02;2.58;191630.0;35.0;35.0;50.0;4504.0;1007.78;859.36;3.0;1.0;0;1.0;0;0;1.0;0;0;1.0;0;0;1.0;1.0;0;0;0;0;0
1107188;2.37;0.94;36.0;2223.0;32.25;81.0;21.0;5.09;19.57;14.39;133.35;200.78;2.31;191630.0;35.0;36.0;50.0;4464.0;1007.74;839.83;3.0;1.0;0;1.0;0;0;1.0;0;0;1.0;0;0;1.0;1.0;0;0;0;0;0
1107717;2.10;0.91;37.0;2316.0;32.25;81.0;22.5;4.70;18.07;14.39;171.78;249.43;2.31;191630.0;37.0;37.0;50.0;4491.0;1007.86;839.83;3.0;1.0;0;1.0;0;0;1.0;0;0;1.0;0;0;1.0;1.0;0;0;0;0;0
1108242;1.93;0.89;38.0;2372.0;32.25;81.0;23.25;4.31;17.14;14.29;194.67;284.98;2.58;191630.0;38.0;38.0;50.0;4524.0;1007.94;820.30;3.0;1.0;0;1.0;0;0;1.0;0;0;1.0;0;0;1.0;1.0;0;0;0;0;0
1108805;1.96;0.87;38.0;2437.0;32.25;81.0;24.0;4.70;18.12;14.29;274.66;305.64;2.58;191630.0;38.0;39.0;50.0;4524.0;1007.82;800.77;3.0;1.0;0;1.0;0;0;1.0;0;0;1.0;0;0;1.0;1.0;0;0;0;0;0
1109341;1.92;0.84;40.0;2468.0;32.25;81.0;25.5;4.70;18.49;14.39;303.16;293.18;2.31;191630.0;40.0;41.0;50.0;4487.0;1007.86;703.11;3.0;1.0;0;1.0;0;0;1.0;0;0;1.0;0;0;1.0;1.0;0;0;0;0;0
1110018;1.79;0.82;41.0;2536.0;32.25;81.75;26.25;4.70;17.56;14.29;326.42;320.44;2.58;191630.0;41.0;42.0;50.0;4516.0;1007.86;664.05;3.0;1.0;0;1.0;0;0;1.0;0;0;1.0;0;0;1.0;1.0;0;0;0;0;0
1110682;1.61;0.82;42.0;2627.0;32.25;81.75;27.75;3.92;15.96;14.29;336.15;334.84;2.58;191630.0;42.0;43.0;50.0;4538.0;1007.90;781.24;3.0;1.0;0;1.0;0;0;1.0;0;0;1.0;0;0;1.0;1.0;0;0;0;0;0
1111201;1.11;0.80;42.0;2620.0;32.25;81.75;27.75;2.35;11.45;14.29;339.99;322.92;2.58;191630.0;42.0;43.0;50.0;4525.0;1007.82;820.30;3.0;1.0;0;1.0;0;0;1.0;0;0;1.0;0;0;1.0;1.0;0;0;0;0;0
1111776;0.97;0.78;42.0;2630.0;32.25;81.75;28.5;1.56;10.25;14.39;323.31;323.43;2.31;191630.0;42.0;42.0;50.0;4520.0;1007.90;820.30;3.0;1.0;0;1.0;0;0;1.0;0;0;1.0;0;0;1.0;1.0;0;0;0;0;0
1112333;0.83;0.76;41.0;2544.0;32.25;81.75;26.25;0.78;8.61;14.39;263.81;300.58;2.31;191630.0;41.0;41.0;50.0;4519.0;1007.94;273.43;3.0;1.0;0;1.0;0;0;1.0;0;0;1.0;0;0;1.0;1.0;0;0;0;0;0
1112897;0.84;0.77;40.0;2459.0;32.25;81.75;24.75;0.78;8.41;14.29;224.06;275.82;2.58;191630.0;40.0;40.0;50.0;4500.0;1007.86;0;3.0;1.0;0;1.0;0;0;1.0;0;0;1.0;0;0;1.0;1.0;0;0;0;0;0
1113474;0.89;0.79;38.0;2401.0;32.25;81.75;24.0;1.17;8.87;14.29;255.04;315.70;2.58;191630.0;39.0;39.0;50.0;4505.0;1007.78;0;3.0;1.0;0;1.0;0;0;1.0;0;0;1.0;0;0;1.0;1.0;0;0;0;0;0
1114062;1.0;0.81;38.0;2408.0;32.25;81.75;24.0;1.56;9.96;14.39;306.79;339.00;2.31;191630.0;38.0;39.0;50.0;4528.0;1007.74;722.64;3.0;1.0;0;1.0;0;0;1.0;0;0;1.0;0;0;1.0;1.0;0;0;0;0;0
1114573;1.08;0.80;37.0;2330.0;32.25;81.75;22.5;1.56;10.85;14.39;313.65;345.50;2.31;191630.0;38.0;38.0;50.0;4524.0;1007.98;820.30;3.0;1.0;0;1.0;0;0;1.0;0;0;1.0;0;0;1.0;1.0;0;0;0;0;0
1115423;1.22;0.78;37.0;2410.0;32.25;81.75;24.0;2.35;12.57;14.39;332.02;350.32;2.31;191630.0;38.0;38.0;50.0;4482.0;1007.94;820.30;3.0;1.0;0;1.0;0;0;1.0;0;0;1.0;0;0;1.0;1.0;0;0;0;0;0
1116021;0.88;1.00;37.0;2322.0;32.25;82.5;39.75;0;15.41;14.29;191.74;198.52;2.58;191630.0;38.0;38.0;46.0;4546.0;1007.94;664.05;3.0;1.0;0;1.0;0;0;1.0;0;0;1.0;0;0;1.0;1.0;0;0;0;0;0
1116545;0.88;1.00;36.0;2222.0;32.25;82.5;15.0;0;12.71;14.29;107.33;144.61;2.58;191630.0;36.0;36.0;45.0;4550.0;1008.02;39.06;3.0;1.0;0;1.0;0;0;1.0;0;0;1.0;0;0;1.0;1.0;0;0;0;0;0
1117080;0.88;1.00;35.0;2150.0;32.25;82.5;15.0;0;12.53;14.39;72.14;85.34;2.31;191630.0;35.0;35.0;45.0;4534.0;1008.05;0;3.0;1.0;0;1.0;0;0;1.0;0;0;1.0;0;0;1.0;1.0;0;0;0;0;0
1117628;2.01;1.00;33.0;2056.0;32.25;82.5;8.25;2.35;11.51;14.39;44.84;74.38;2.31;191630.0;34.0;34.0;49.0;4528.0;1008.21;820.30;3.0;1.0;0;1.0;0;0;1.0;0;0;1.0;0;0;1.0;1.0;0;0;0;0;0
1118163;1.94;0.99;33.0;2106.0;32.25;82.5;10.5;2.74;13.00;14.29;26.40;41.57;2.58;191630.0;34.0;34.0;49.0;4508.0;1008.21;878.89;3.0;1.0;0;1.0;0;0;1.0;0;0;1.0;0;0;1.0;1.0;0;0;0;0;0
1118672;2.38;0.97;35.0;2140.0;32.25;82.5;17.25;4.70;17.97;14.20;16.34;27.36;2.58;191630.0;34.0;35.0;49.0;4491.0;1008.09;839.83;3.0;1.0;0;1.0;0;0;1.0;0;0;1.0;0;0;1.0;1.0;0;0;0;0;0
1119201;2.51;0.95;36.0;2226.0;32.25;82.5;21.0;5.49;20.55;14.29;11.83;16.95;2.58;191630.0;36.0;36.0;49.0;4451.0;1008.17;839.83;3.0;1.0;0;1.0;0;0;1.0;0;0;1.0;0;0;1.0;1.0;0;0;0;0;0
1119749;4.58;1.00;38.0;2353.0;32.25;82.5;20.25;13.33;31.15;14.39;6.89;10.46;2.31;191630.0;38.0;38.0;49.0;4450.0;1008.21;839.83;3.0;1.0;0;1.0;0;0;1.0;0;0;1.0;0;0;1.0;1.0;0;0;0;0;0
1120652;0.46;1.00;41.0;2385.0;32.25;82.5;15.0;0;12.61;14.29;3.55;5.48;2.58;191630.0;41.0;41.0;46.0;4713.0;1008.21;195.31;3.0;1.0;0;1.0;0;0;1.0;0;0;1.0;0;0;1.0;1.0;0;0;0;0;0
1121210;0.80;1.00;38.0;2387.0;32.25;82.5;16.5;0;12.58;14.39;24.31;12.44;2.31;191630.0;39.0;39.0;45.0;4479.0;1008.41;0;3.0;1.0;0;1.0;0;0;1.0;0;0;1.0;0;0;1.0;1.0;0;0;0;0;0
1121768;0.87;1.00;36.0;2202.0;32.25;82.5;15.0;0;12.57;14.20;20.21;7.67;2.58;191630.0;36.0;36.0;45.0;4553.0;1008.37;19.53;3.0;1.0;0;1.0;0;0;1.0;0;0;1.0;0;0;1.0;1.0;0;0;0;0;0
1122307;0.98;1.00;32.0;1950.0;32.25;82.5;13.5;0;12.53;14.39;13.14;6.11;2.31;191630.0;32.0;32.0;45.0;4531.0;1008.33;19.53;3.0;1.0;0;1.0;0;0;1.0;0;0;1.0;0;0;1.0;1.0;0;0;0;0;0
1122943;1.07;1.00;28.0;1727.0;32.25;82.5;14.25;0;12.49;14.29;11.01;11.58;2.58;191630.0;28.0;28.0;43.0;4516.0;1008.33;898.42;3.0;1.0;0;1.0;0;0;1.0;0;0;1.0;0;0;1.0;1.0;0;0;0;0;0
1123466;1.40;0.99;25.0;1974.0;32.25;82.5;18.0;2.35;9.70;14.29;12.65;15.03;2.58;191630.0;25.0;25.0;49.0;4528.0;1008.41;878.89;2.0;1.0;0;1.0;0;0;1.0;0;0;1.0;0;0;1.0;1.0;0;0;0;0;0
1124003;2.53;0.99;26.0;2039.0;32.25;82.5;18.0;4.70;18.79;14.39;8.24;9.80;2.31;191630.0;26.0;26.0;49.0;4510.0;1008.48;878.89;2.0;1.0;0;1.0;0;0;1.0;0;0;1.0;0;0;1.0;1.0;0;0;0;0;0
1124523;0.93;1.00;26.0;1950.0;32.25;82.5;14.25;0;12.62;14.39;5.05;8.39;2.31;191630.0;27.0;27.0;46.0;4526.0;1008.48;839.83;2.0;1.0;0;1.0;0;0;1.0;0;0;1.0;0;0;1.0;1.0;0;0;0;0;0
1125040;1.92;0.98;26.0;2228.0;32.25;82.5;20.25;3.13;15.05;14.29;12.16;8.59;2.58;191630.0;27.0;27.0;49.0;4465.0;1008.60;859.36;2.0;1.0;0;1.0;0;0;1.0;0;0;1.0;0;0;1.0;1.0;0;0;0;0;0
1125925;2.08;0.96;27.0;2144.0;32.25;82.5;19.5;3.52;16.64;14.29;7.51;5.25;2.58;191630.0;28.0;28.0;49.0;4508.0;1008.60;859.36;2.0;1.0;0;1.0;0;0;1.0;0;0;1.0;0;0;1.0;1.0;0;0;0;0;0
1126517;1.04;1.00;28.0;1811.0;32.25;82.5;14.25;0;12.66;14.29;11.42;9.82;2.58;191630.0;29.0;29.0;45.0;4541.0;1008.60;800.77;2.0;1.0;0;1.0;0;0;1.0;0;0;1.0;0;0;1.0;1.0;0;0;0;0;0
1127063;1.13;0.98;27.0;1658.0;32.25;82.5;14.25;0;12.56;14.29;13.04;10.15;2.58;191630.0;28.0;28.0;44.0;4533.0;1008.68;820.30;2.0;1.0;0;1.0;0;0;1.0;0;0;1.0;0;0;1.0;1.0;0;0;0;0;0
1127589;3.37;1.00;26.0;1894.0;32.25;83.25;-3.0;4.31;10.82;14.39;10.83;8.41;2.31;191630.0;26.0;26.0;49.0;4548.0;1008.72;859.36;2.0;1.0;0;1.0;0;0;1.0;0;0;1.0;0;0;1.0;1.0;0;0;0;0;0
1128169;2.73;0.99;26.0;2067.0;32.25;83.25;0.75;5.09;14.09;14.48;7.06;5.17;2.31;191630.0;26.0;26.0;49.0;4500.0;1008.60;820.30;2.0;1.0;0;1.0;0;0;1.0;0;0;1.0;0;0;1.0;1.0;0;0;0;0;0
1128705;2.75;0.96;27.0;2163.0;32.25;83.25;10.5;6.27;18.83;14.39;4.10;2.98;2.31;191630.0;27.0;28.0;49.0;4450.0;1008.52;820.30;2.0;1.0;0;1.0;0;0;1.0;0;0;1.0;0;0;1.0;1.0;0;0;0;0;0
1129229;2.59;0.94;30.0;2358.0;32.25;83.25;22.5;6.27;21.57;14.20;2.34;1.79;2.58;191630.0;30.0;30.0;49.0;4474.0;1008.56;800.77;2.0;1.0;0;1.0;0;0;1.0;0;0;1.0;0;0;1.0;1.0;0;0;0;0;0
1129800;2.24;0.98;31.0;2449.0;32.25;83.25;24.75;4.70;18.35;14.29;1.15;0.87;2.58;191630.0;31.0;31.0;49.0;4517.0;1008.60;839.83;2.0;1.0;0;1.0;0;0;1.0;0;0;1.0;0;0;1.0;1.0;0;0;0;0;0
1130720;2.11;0.96;32.0;2579.0;32.25;83.25;27.0;4.70;17.85;14.20;0.60;0.39;2.58;191630.0;32.0;33.0;49.0;4513.0;1008.52;820.30;2.0;1.0;0;1.0;0;0;1.0;0;0;1.0;0;0;1.0;1.0;0;0;0;0;0
1131333;1.08;0.99;32.0;2264.0;32.25;83.25;20.25;1.17;9.13;14.29;0.07;2.20;2.58;191630.0;33.0;33.0;49.0;4533.0;1008.60;820.30;2.0;1.0;0;1.0;0;0;1.0;0;0;1.0;0;0;1.0;1.0;0;0;0;0;0
1131892;1.25;0.97;32.0;2535.0;32.25;83.25;26.25;1.96;10.52;14.39;0;2.40;2.31;191630.0;32.0;33.0;49.0;4509.0;1008.60;839.83;2.0;1.0;0;1.0;0;0;1.0;0;0;1.0;0;0;1.0;1.0;0;0;0;0;0
1132421;1.21;0.96;32.0;2488.0;32.25;83.25;25.5;1.56;10.46;14.39;0;3.33;2.31;191630.0;32.0;32.0;49.0;4497.0;1008.68;820.30;2.0;1.0;0;1.0;0;0;1.0;0;0;1.0;0;0;1.0;1.0;0;0;0;0;0
1132971;3.59;1.00;32.0;2691.0;32.25;83.25;27.75;9.02;23.22;14.29;1.66;1.60;2.58;191630.0;32.0;33.0;49.0;4479.0;1008.72;820.30;2.0;1.0;0;1.0;0;0;1.0;0;0;1.0;0;0;1.0;1.0;0;0;0;0;0
1133509;3.44;0.98;36.0;2868.0;32.25;83.25;28.5;12.55;28.05;14.29;2.22;0.76;2.58;191630.0;36.0;37.0;49.0;4523.0;1008.76;761.70;2.0;1.0;0;1.0;0;0;1.0;0;0;1.0;0;0;1.0;1.0;0;0;0;0;0
1134056;3.05;0.93;40.0;3180.0;32.25;83.25;30.75;11.76;26.88;14.20;0.91;0.27;2.58;191630.0;39.0;41.0;49.0;4532.0;1008.72;566.39;2.0;1.0;0;1.0;0;0;1.0;0;0;1.0;0;0;1.0;1.0;0;0;0;0;0
1134629;2.76;0.93;43.0;3414.0;32.25;83.25;34.5;10.19;24.67;14.39;0.33;0.01;2.31;191630.0;43.0;44.0;49.0;4519.0;1008.68;722.64;2.0;1.0;0;1.0;0;0;1.0;0;0;1.0;0;0;1.0;1.0;0;0;0;0;0
1135365;2.20;0.86;46.0;3601.0;32.25;83.25;39.0;7.84;21.29;14.39;0.87;1.75;2.31;191630.0;46.0;47.0;49.0;4517.0;1008.76;800.77;2.0;1.0;0;1.0;0;0;1.0;0;0;1.0;0;0;0;1.0;0;0;0;0;0
1135898;5.48;1.00;52.0;4048.0;32.25;83.25;21.75;27.06;40.55;14.29;0.21;2.49;2.58;191630.0;50.0;52.0;49.0;4681.0;1008.68;742.17;2.0;1.0;0;1.0;0;0;1.0;0;0;1.0;0;0;1.0;1.0;0;0;0;0;0
1136461;4.96;0.97;57.0;4501.0;32.25;83.25;22.5;29.80;39.06;14.29;1.97;0.70;2.58;191630.0;56.0;58.0;49.0;4579.0;1008.48;117.18;2.0;1.0;0;1.0;0;0;1.0;0;0;1.0;0;0;1.0;1.0;0;0;0;0;0
1136993;0;1.00;63.0;4917.0;32.25;83.25;48.75;1.56;13.37;14.29;0.60;1.19;2.58;191630.0;62.0;64.0;49.0;4451.0;1008.29;742.17;2.0;1.0;0;1.0;0;0;1.0;0;0;1.0;0;0;1.0;1.0;0;0;0;0;0
1137521;4.56;1.00;66.0;4037.0;32.25;83.25;28.5;21.17;34.60;14.29;0.13;1.50;2.58;191630.0;64.0;66.0;49.0;4577.0;1008.17;800.77;3.0;1.0;0;1.0;0;0;1.0;0;0;1.0;0;0;1.0;1.0;0;0;0;0;0
1138033;3.80;0.99;68.0;4221.0;32.25;83.25;33.0;17.64;30.99;14.29;1.66;3.96;2.58;191630.0;67.0;69.0;49.0;4564.0;1008.25;703.11;3.0;1.0;0;1.0;0;0;1.0;0;0;1.0;0;0;1.0;1.0;0;0;0;0;0
1138632;2.60;1.00;70.0;4291.0;32.25;83.25;42.0;9.41;22.18;14.29;1.91;4.31;2.58;191630.0;69.0;70.0;49.0;4491.0;1008.29;820.30;3.0;1.0;0;1.0;0;0;1.0;0;0;1.0;0;0;1.0;1.0;0;0;0;0;0
1139193;2.04;0.97;70.0;4303.0;32.25;83.25;45.75;6.66;17.19;14.29;0.50;2.57;2.58;191630.0;70.0;71.0;49.0;4452.0;1008.21;839.83;3.0;1.0;0;1.0;0;0;1.0;0;0;1.0;0;0;1.0;1.0;0;0;0;0;0
1139774;1.84;0.93;70.0;4291.0;32.25;83.25;46.5;6.27;16.32;14.29;1.79;2.26;2.58;191630.0;69.0;70.0;49.0;4471.0;1008.21;820.30;3.0;1.0;0;1.0;0;0;1.0;0;0;1.0;0;0;1.0;1.0;0;0;0;0;0
1140623;0.45;1.00;68.0;3970.0;32.25;83.25;46.5;0;5.27;14.29;0.46;0.62;2.58;191630.0;69.0;69.0;49.0;4483.0;1008.02;722.64;3.0;1.0;0;1.0;0;0;1.0;0;0;0;0;0;1.0;1.0;0;0;0;0;0
1141180;0.51;1.00;65.0;3963.0;32.25;83.25;-30.0;0;0;14.39;0;0;2.31;191630.0;65.0;65.0;49.0;4508.0;1008.02;0;3.0;1.0;0;1.0;0;0;1.0;0;0;0;0;0;1.0;1.0;0;0;0;0;0
1141713;0.49;1.00;62.0;3774.0;32.25;83.25;-30.0;0;0;14.39;2.08;1.46;2.31;191630.0;62.0;62.0;49.0;4491.0;1008.05;0;3.0;1.0;0;1.0;0;0;1.0;0;0;0;0;0;1.0;1.0;0;0;0;0;0
1142282;0.55;1.00;58.0;3584.0;32.25;83.25;-30.0;0;0;14.39;0.64;1.77;2.31;191630.0;58.0;58.0;49.0;4500.0;1007.90;0;3.0;1.0;0;1.0;0;0;1.0;0;0;0;0;0;1.0;1.0;0;0;0;0;0
1142808;0.57;1.00;55.0;3382.0;32.25;83.25;-30.0;0;0;14.48;0.23;2.24;2.31;191630.0;55.0;55.0;49.0;4496.0;1007.82;0;3.0;1.0;0;1.0;0;0;1.0;0;0;1.0;0;0;1.0;1.0;0;0;0;0;0
1143341;2.45;1.00;53.0;3328.0;32.25;83.25;4.5;6.27;11.14;14.39;0;2.49;2.31;191630.0;54.0;54.0;49.0;4174.0;1007.90;898.42;3.0;1.0;0;1.0;0;0;1.0;0;0;1.0;0;0;1.0;1.0;0;0;0;0;0
1143899;2.33;0.97;53.0;3329.0;32.25;83.25;16.5;6.27;15.43;14.11;2.08;1.09;2.58;191630.0;53.0;54.0;49.0;4283.0;1007.82;878.89;3.0;1.0;0;1.0;0;0;1.0;0;0;1.0;0;0;1.0;1.0;0;0;0;0;0
1144407;2.00;0.92;55.0;3337.0;32.25;83.25;28.5;5.49;16.42;14.29;2.42;0.33;2.58;191630.0;54.0;55.0;49.0;4434.0;1007.90;859.36;3.0;1.0;0;1.0;0;0;1.0;0;0;1.0;0;0;1.0;1.0;0;0;0;0;0
1145392;1.85;0.89;55.0;3350.0;32.25;83.25;37.5;5.49;17.04;14.20;2.67;0.05;2.58;191630.0;55.0;55.0;49.0;4493.0;1007.90;839.83;3.0;1.0;0;1.0;0;0;1.0;0;0;1.0;0;0;1.0;1.0;0;0;0;0;0
1145953;3.48;1.00;57.0;3529.0;32.25;83.25;33.0;14.11;28.09;14.39;1.19;0.89;2.31;191630.0;56.0;58.0;49.0;4535.0;1007.90;761.70;3.0;1.0;0;1.0;0;0;1.0;0;0;1.0;0;0;1.0;1.0;0;0;0;0;0
1146480;3.62;0.97;61.0;3743.0;32.25;83.25;30.75;16.86;30.06;14.29;0.42;0.31;2.58;191630.0;59.0;61.0;49.0;4575.0;1007.90;644.52;3.0;1.0;0;1.0;0;0;1.0;0;0;1.0;0;0;1.0;1.0;0;0;0;0;0
1147071;1.42;1.00;63.0;3868.0;32.25;83.25;43.5;5.49;16.62;14.39;0.07;0;2.31;191630.0;62.0;64.0;49.0;4519.0;1007.82;839.83;3.0;1.0;0;1.0;0;0;1.0;0;0;1.0;0;0;1.0;1.0;0;0;0;0;0
1147672;0.79;0.99;61.0;3784.0;32.25;83.25;42.75;1.17;6.52;14.39;0;3.86;2.31;191630.0;61.0;61.0;49.0;4493.0;1007.74;761.70;3.0;1.0;0;1.0;0;0;1.0;0;0;0;0;0;1.0;1.0;0;0;0;0;0
1148215;0.55;1.00;58.0;3578.0;32.25;83.25;-30.0;0;0;14.48;1.46;1.28;2.31;191630.0;59.0;59.0;49.0;4542.0;1007.70;0;3.0;1.0;0;1.0;0;0;1.0;0;0;0;0;0;1.0;1.0;0;0;0;0;0
1148726;0.53;1.00;56.0;3472.0;32.25;83.25;-30.0;0;0;14.48;2.24;0.41;2.31;191630.0;56.0;57.0;49.0;4542.0;1007.66;0;3.0;1.0;0;1.0;0;0;1.0;0;0;0;0;0;1.0;1.0;0;0;0;0;0
1149254;0.56;1.00;53.0;3339.0;32.25;83.25;-30.0;0;0;14.48;0.99;1.73;2.31;191630.0;54.0;54.0;49.0;4545.0;1007.66;0;3.0;1.0;0;1.0;0;0;1.0;0;0;0;0;0;1.0;1.0;0;0;0;0;0
1149802;0.59;1.00;52.0;3184.0;32.25;83.25;-30.0;0;0;14.48;0.39;0.72;2.31;191630.0;53.0;52.0;49.0;4548.0;1007.66;0;3.0;1.0;0;1.0;0;0;1.0;0;0;0;0;0;1.0;1.0;0;0;0;0;0
1150553;0.64;1.00;51.0;3037.0;32.25;83.25;-30.0;0;0;14.39;1.97;3.04;2.31;191630.0;51.0;50.0;49.0;4548.0;1007.63;0;3.0;1.0;0;1.0;0;0;1.0;0;0;1.0;0;0;1.0;1.0;0;0;0;0;0
1151203;0.87;1.00;47.0;2693.0;32.25;83.25;15.75;0;12.57;14.29;2.44;0.99;2.58;191630.0;45.0;48.0;49.0;4198.0;1007.70;234.37;3.0;1.0;0;1.0;0;0;1.0;0;0;0;0;0;1.0;1.0;0;0;0;0;0
1151720;0.60;1.00;42.0;3343.0;32.25;83.25;-30.0;0;0;14.20;0.99;1.71;2.58;191630.0;43.0;43.0;49.0;4248.0;1007.66;0;2.0;1.0;0;1.0;0;0;1.0;0;0;0;0;0;1.0;1.0;0;0;0;0;0
1152264;0.67;1.00;40.0;3116.0;32.25;83.25;-30.0;0;0;14.39;0.39;0.70;2.31;191630.0;40.0;40.0;49.0;4258.0;1007.66;0;2.0;1.0;0;1.0;0;0;1.0;0;0;1.0;0;0;1.0;1.0;0;0;0;0;0
1152783;1.50;1.00;37.0;2939.0;32.25;83.25;33.0;1.17;7.03;14.39;1.58;0.29;2.31;191630.0;38.0;38.0;49.0;4156.0;1007.63;19.53;2.0;1.0;0;1.0;0;0;1.0;0;0;1.0;0;0;1.0;1.0;0;0;0;0;0
1153324;1.52;1.00;36.0;2900.0;32.25;82.5;15.75;2.74;9.49;14.29;0.74;0.03;2.58;191630.0;37.0;37.0;49.0;4218.0;1007.78;917.95;2.0;1.0;0;1.0;0;0;1.0;0;0;1.0;0;0;1.0;1.0;0;0;0;0;0
1153832;1.50;0.98;36.0;2854.0;32.25;82.5;21.75;2.74;10.72;14.39;1.79;0;2.31;191630.0;36.0;36.0;49.0;4359.0;1007.78;917.95;2.0;1.0;0;1.0;0;0;1.0;0;0;1.0;0;0;1.0;1.0;0;0;0;0;0
1154384;1.44;0.97;36.0;2853.0;32.25;82.5;27.75;2.74;11.61;14.29;0.87;1.23;2.58;191630.0;35.0;36.0;49.0;4452.0;1007.90;898.42;2.0;1.0;0;1.0;0;0;1.0;0;0;1.0;0;0;1.0;1.0;0;0;0;0;0
1155269;2.24;0.98;37.0;2857.0;32.25;82.5;32.25;5.49;18.80;14.39;0.35;2.44;2.31;191630.0;36.0;37.0;49.0;4500.0;1007.94;859.36;2.0;1.0;0;1.0;0;0;1.0;0;0;1.0;0;0;1.0;1.0;0;0;0;0;0
1155853;2.29;0.91;40.0;3049.0;32.25;82.5;34.5;6.66;20.77;14.29;0;1.73;2.58;191630.0;38.0;40.0;49.0;4512.0;1007.94;859.36;2.0;1.0;0;1.0;0;0;1.0;0;0;1.0;0;0;1.0;1.0;0;0;0;0;0
1156422;1.84;0.87;41.0;3160.0;32.25;82.5;36.0;5.49;17.50;14.29;1.15;2.14;2.58;191630.0;40.0;41.0;49.0;4511.0;1008.09;839.83;2.0;1.0;0;1.0;0;0;1.0;0;0;1.0;0;0;1.0;1.0;0;0;0;0;0
1156932;1.84;0.84;41.0;3254.0;32.25;82.5;37.5;5.88;18.26;14.39;3.06;0.82;2.31;191630.0;41.0;42.0;49.0;4511.0;1008.21;820.30;2.0;1.0;0;1.0;0;0;1.0;0;0;1.0;0;0;1.0;1.0;0;0;0;0;0
1157488;1.92;0.79;43.0;3379.0;32.25;82.5;38.25;6.66;20.04;14.29;3.45;1.91;2.58;191630.0;43.0;44.0;49.0;4502.0;1008.13;644.52;2.0;1.0;0;1.0;0;0;1.0;0;0;1.0;0;0;1.0;1.0;0;0;0;0;0
1158019;2.05;0.78;45.0;3512.0;32.25;82.5;38.25;7.84;21.66;14.29;3.39;0.66;2.58;191630.0;44.0;45.0;49.0;4522.0;1008.17;0;2.0;1.0;0;1.0;0;0;1.0;0;0;1.0;0;0;1.0;1.0;0;0;0;0;0
1158536;2.56;0.85;47.0;3697.0;32.25;82.5;36.75;10.98;24.91;14.39;1.42;0.21;2.31;191630.0;47.0;48.0;49.0;4548.0;1008.37;0;2.0;1.0;0;1.0;0;0;1.0;0;0;1.0;0;0;1.0;1.0;0;0;0;0;0
1159066;2.70;0.92;50.0;3934.0;32.25;82.5;39.0;10.58;24.30;14.20;1.73;2.08;2.58;191630.0;49.0;51.0;49.0;4565.0;1008.37;371.08;2.0;1.0;0;1.0;0;0;1.0;0;0;1.0;0;0;1.0;1.0;0;0;0;0;0
1159591;0.56;1.00;51.0;3879.0;32.25;82.5;41.25;2.74;4.60;14.39;4.00;0.72;2.31;191630.0;51.0;52.0;49.0;4431.0;1008.41;859.36;2.0;1.0;0;1.0;0;0;1.0;0;0;1.0;0;0;1.0;1.0;0;0;0;0;0
1160170;4.42;1.00;56.0;3415.0;32.25;82.5;25.5;20.39;33.67;14.29;1.42;2.32;2.58;191630.0;54.0;56.0;49.0;4496.0;1008.37;800.77;3.0;1.0;0;1.0;0;0;1.0;0;0;1.0;0;0;1.0;1.0;0;0;0;0;0
1161048;4.02;0.94;61.0;3728.0;32.25;82.5;26.25;20.78;34.06;14.29;5.85;0.78;2.58;191630.0;59.0;61.0;49.0;4589.0;1008.41;39.06;3.0;1.0;0;1.0;0;0;1.0;0;0;1.0;0;0;1.0;1.0;0;0;0;0;0
1161562;2.56;1.00;65.0;3950.0;32.25;82.5;41.25;8.62;21.89;14.20;1.34;1.11;2.58;191630.0;64.0;65.0;49.0;4488.0;1008.25;859.36;3.0;1.0;0;1.0;0;0;1.0;0;0;1.0;0;0;1.0;1.0;0;0;0;0;0
1162093;1.56;0.99;65.0;3957.0;32.25;82.5;45.0;4.70;13.15;14.39;1.69;2.05;2.31;191630.0;64.0;65.0;49.0;4442.0;1008.29;878.89;3.0;1.0;0;1.0;0;0;1.0;0;0;1.0;0;0;1.0;1.0;0;0;0;0;0
1162616;1.27;0.97;63.0;3866.0;32.25;82.5;44.25;3.52;10.74;14.39;1.91;2.73;2.31;191630.0;64.0;64.0;49.0;4467.0;1008.13;878.89;3.0;1.0;0;1.0;0;0;1.0;0;0;1.0;0;0;1.0;1.0;0;0;0;0;0
1163142;1.17;0.95;62.0;3855.0;32.25;82.5;44.25;3.13;10.01;14.20;1.93;3.16;2.58;191630.0;62.0;63.0;49.0;4490.0;1008.13;859.36;3.0;1.0;0;1.0;0;0;1.0;0;0;1.0;0;0;1.0;1.0;0;0;0;0;0
1163662;1.23;0.94;61.0;3774.0;32.25;82.5;43.5;3.13;10.74;14.11;2.30;1.26;2.58;191630.0;61.0;62.0;49.0;4494.0;1008.13;859.36;3.0;1.0;0;1.0;0;0;1.0;0;0;1.0;0;0;1.0;1.0;0;0;0;0;0
1164283;1.52;0.92;61.0;3674.0;32.25;82.5;42.0;4.31;13.56;14.29;0.87;0.42;2.58;191630.0;61.0;61.0;49.0;4494.0;1008.05;839.83;3.0;1.0;0;1.0;0;0;1.0;0;0;1.0;0;0;1.0;1.0;0;0;0;0;0
1164937;2.05;0.88;61.0;3733.0;32.25;82.5;42.0;6.66;19.30;14.29;0.15;1.34;2.58;191630.0;60.0;61.0;49.0;4520.0;1008.02;820.30;3.0;1.0;0;1.0;0;0;1.0;0;0;1.0;0;0;1.0;1.0;0;0;0;0;0
1166053;1.16;0.82;60.0;3694.0;32.25;82.5;42.75;3.52;11.80;14.39;1.05;0.35;2.31;191630.0;60.0;61.0;49.0;4540.0;1007.94;742.17;3.0;1.0;0;1.0;0;0;1.0;0;0;0;0;0;1.0;1.0;0;0;0;0;0
1167113;0.54;1.00;56.0;3436.0;32.25;82.5;-30.0;0;0;14.39;0;2.05;2.31;191631.0;56.0;56.0;49.0;4602.0;1007.94;0;3.0;1.0;0;1.0;0;0;1.0;0;0;0;0;0;1.0;1.0;0;0;0;0;0
1167770;0.65;1.00;47.0;2943.0;32.25;82.5;-30.0;0;0;14.39;0;1.75;2.31;191631.0;48.0;48.0;49.0;4585.0;1007.82;0;3.0;1.0;0;1.0;0;0;1.0;0;0;1.0;0;0;1.0;1.0;0;0;0;0;0
1168309;0.71;1.00;42.0;2614.0;32.25;82.5;-30.0;0;0;14.39;0;0.72;2.31;191631.0;43.0;43.0;49.0;4622.0;1007.74;0;3.0;1.0;0;1.0;0;0;1.0;0;0;1.0;0;0;1.0;1.0;0;0;0;0;0
1168834;1.08;1.00;36.0;1750.0;32.25;82.5;13.5;0;12.28;14.39;1.97;2.46;2.31;191631.0;37.0;37.0;43.0;4272.0;1007.70;19.53;3.0;1.0;0;1.0;0;0;1.0;0;0;1.0;0;0;1.0;1.0;0;0;0;0;0
1169369;1.15;1.00;31.0;1609.0;32.25;82.5;15.0;0;12.46;14.29;7.46;5.85;2.58;191631.0;31.0;31.0;43.0;4267.0;1007.70;722.64;3.0;1.0;0;1.0;0;0;1.0;0;0;1.0;0;0;1.0;1.0;0;0;1.0;0;0
1169906;1.36;0.98;26.0;1355.0;32.25;82.5;15.0;0;12.49;14.20;6.89;25.34;2.58;191631.0;26.0;26.0;44.0;4400.0;1007.66;820.30;3.0;1.0;0;1.0;0;0;1.0;0;0;1.0;0;0;1.0;1.0;0;0;0;0;0
1170439;1.29;0.96;22.0;1382.0;32.25;82.5;15.0;0;12.42;14.39;9.41;20.77;2.31;191631.0;23.0;23.0;43.0;4478.0;1007.66;839.83;3.0;1.0;0;1.0;0;0;1.0;0;0;1.0;0;0;1.0;1.0;0;0;0;0;0
1170974;1.2;0.95;18.0;1369.0;32.25;82.5;15.0;0;12.51;14.39;14.43;17.32;2.31;191631.0;19.0;19.0;44.0;4493.0;1007.63;820.30;3.0;1.0;0;1.0;0;0;1.0;0;0;1.0;0;0;1.0;1.0;0;0;0;0;0
1171498;1.28;0.93;16.0;1327.0;32.25;82.5;14.25;0;12.44;14.39;10.46;11.93;2.31;191631.0;16.0;16.0;44.0;4508.0;1007.63;761.70;3.0;1.0;0;1.0;0;0;1.0;0;0;1.0;0;0;1.0;1.0;0;0;0;0;0
1172031;1.32;0.92;13.0;1254.0;32.25;82.5;15.75;0;12.72;14.29;7.57;11.34;2.58;191631.0;14.0;14.0;44.0;4502.0;1007.63;566.39;3.0;1.0;0;1.0;1.0;0;1.0;0;0;1.0;0;0;1.0;1.0;0;0;1.0;0;0
1172623;1.29;0.92;12.0;1283.0;32.25;82.5;14.25;0;12.47;14.29;8.14;8.22;2.58;191631.0;13.0;13.0;45.0;4524.0;1007.63;19.53;3.0;1.0;0;1.0;0;0;1.0;0;0;1.0;0;0;1.0;1.0;0;0;0;0;0
1173394;1.20;0.94;11.0;1379.0;32.25;82.5;14.25;0;12.49;14.39;5.25;7.73;2.31;191631.0;11.0;11.0;44.0;4521.0;1007.63;78.12;2.0;1.0;0;1.0;0;0;1.0;0;0;1.0;0;0;1.0;1.0;0;0;0;0;0
1173954;3.85;1.00;10.0;1248.0;32.25;82.5;3.75;3.52;16.85;14.29;3.37;4.99;2.58;191631.0;10.0;10.0;54.0;4546.0;1007.63;878.89;1.0;1.0;0;1.0;0;0;1.0;0;0;1.0;0;0;1.0;1.0;0;0;0;0;0
1174500;3.94;1.00;12.0;1858.0;32.25;82.5;6.75;9.02;27.46;14.29;16.03;3.39;2.58;191631.0;12.0;13.0;49.0;4491.0;1007.63;859.36;1.0;1.0;0;1.0;0;0;1.0;0;0;1.0;0;0;1.0;1.0;0;0;0;0;0
1175074;3.70;0.98;18.0;2155.0;32.25;82.5;18.0;10.19;29.03;14.29;9.39;1.91;2.58;191631.0;18.0;19.0;49.0;4426.0;1007.63;859.36;1.0;1.0;0;1.0;0;0;1.0;0;0;1.0;0;0;1.0;1.0;0;0;0;0;0
1175600;3.96;0.99;25.0;2798.0;32.25;82.5;24.75;16.08;31.18;14.39;4.66;0.93;2.31;191631.0;24.0;25.0;49.0;4517.0;1007.70;800.77;1.0;1.0;0;1.0;0;0;1.0;0;0;0;0;0;1.0;1.0;0;0;1.0;0;0
1176121;0.52;1.00;28.0;2964.0;32.25;83.25;-30.0;0;0;14.48;2.26;0.35;2.31;191631.0;29.0;29.0;49.0;4608.0;1007.74;0;2.0;1.0;0;1.0;0;0;1.0;0;0;1.0;0;0;1.0;1.0;0;0;0;0;0
1176651;2.25;1.00;30.0;2328.0;32.25;83.25;21.75;3.92;16.93;14.39;3.06;0.15;2.31;191631.0;29.0;30.0;49.0;4196.0;1007.70;878.89;2.0;1.0;0;1.0;0;0;1.0;0;0;1.0;0;0;1.0;1.0;0;0;0;0;0
1177641;0.88;0.98;31.0;2389.0;32.25;83.25;23.25;1.17;8.88;14.39;1.71;0;2.31;191631.0;30.0;31.0;49.0;4308.0;1007.70;878.89;2.0;1.0;0;1.0;0;0;1.0;0;0;1.0;0;0;1.0;1.0;0;0;0;0;0
1178174;2.34;0.97;28.0;2351.0;32.25;83.25;23.25;4.31;16.53;14.29;2.30;0;2.58;191631.0;29.0;29.0;49.0;4445.0;1007.66;859.36;2.0;1.0;0;1.0;0;0;1.0;0;0;1.0;0;0;1.0;1.0;0;0;0;0;0
1178692;2.91;0.98;31.0;2408.0;32.25;83.25;24.0;7.05;22.64;14.20;1.11;0;2.58;191631.0;30.0;31.0;49.0;4472.0;1007.70;839.83;2.0;1.0;0;1.0;0;0;1.0;0;0;1.0;0;0;1.0;1.0;0;0;0;0;0
1179323;3.22;0.98;33.0;2635.0;32.25;83.25;26.25;10.58;26.31;14.39;2.57;0;2.31;191631.0;33.0;34.0;49.0;4510.0;1007.66;800.77;2.0;1.0;0;1.0;0;0;1.0;0;0;1.0;0;0;1.0;1.0;0;0;0;0;0
1179941;4.25;1.00;37.0;2947.0;32.25;83.25;24.75;17.64;31.86;14.39;2.85;1.23;2.31;191631.0;37.0;38.0;49.0;4530.0;1007.74;781.24;2.0;1.0;0;1.0;0;0;1.0;0;0;1.0;0;0;1.0;1.0;0;0;0;0;0
1180483;6.08;1.00;45.0;3461.0;32.25;83.25;15.75;28.23;40.06;14.39;1.11;2.36;2.31;191631.0;43.0;45.0;49.0;4546.0;1007.70;624.99;2.0;1.0;0;1.0;0;0;1.0;0;0;1.0;0;0;1.0;1.0;0;0;0;0;0
1181005;6.13;1.04;51.0;3971.0;32.25;83.25;17.25;33.72;44.46;14.29;1.26;0.74;2.58;191631.0;49.0;51.0;49.0;4676.0;1007.66;624.99;2.0;1.0;0;1.0;0;0;1.0;0;0;1.0;0;0;1.0;1.0;0;0;0;0;0
1181572;6.32;1.04;57.0;4485.0;32.25;83.25;17.25;38.43;44.51;14.39;0.35;0.21;2.31;191631.0;55.0;58.0;49.0;4561.0;1007.74;683.58;2.0;1.0;0;1.0;0;0;1.0;0;0;1.0;0;0;1.0;1.0;0;0;0;0;0
1182119;6.09;1.01;65.0;5046.0;32.25;83.25;19.5;43.92;43.19;14.39;0;0;2.31;191631.0;62.0;65.0;49.0;4477.0;1007.74;449.21;2.0;1.0;0;1.0;0;0;1.0;0;0;1.0;0;0;1.0;1.0;0;0;0;0;0
1182951;6.72;1.00;68.0;4307.0;32.25;84.0;23.25;27.06;39.39;14.39;0;0;2.31;191631.0;67.0;68.0;48.0;4542.0;1007.70;683.58;3.0;1.0;0;1.0;0;0;1.0;0;0;1.0;0;0;1.0;1.0;0;0;0;0;0
1183480;4.47;1.00;75.0;4541.0;32.25;84.0;27.0;25.88;36.46;14.39;0;0;2.31;191631.0;72.0;75.0;48.0;4505.0;1007.86;781.24;3.0;1.0;0;1.0;0;0;1.0;0;0;1.0;0;0;1.0;1.0;0;0;0;0;0
1184014;4.08;0.97;76.0;4717.0;32.25;84.0;31.5;23.53;32.86;14.39;1.23;0;2.31;191631.0;75.0;77.0;48.0;4500.0;1007.78;683.58;3.0;1.0;0;1.0;0;0;1.0;0;0;1.0;0;0;1.0;1.0;0;0;0;0;0
1184634;4.03;1.01;78.0;4835.0;32.25;84.0;33.75;22.74;31.28;14.39;0.33;2.26;2.31;191631.0;77.0;79.0;48.0;4482.0;1007.66;761.70;3.0;1.0;0;1.0;0;0;1.0;0;0;1.0;0;0;1.0;1.0;0;0;0;0;0
1185217;0;1.00;81.0;4857.0;32.25;84.0;42.75;0;4.23;14.29;0;2.87;2.58;191631.0;79.0;81.0;48.0;4412.0;1007.47;839.83;3.0;1.0;0;1.0;0;0;1.0;0;0;0;0;0;1.0;1.0;0;0;0;0;0
1185793;3.50;0.98;81.0;4212.0;32.25;84.0;34.5;16.47;28.27;14.39;0.68;0.58;2.31;191631.0;79.0;81.0;48.0;4593.0;1007.39;605.46;4.0;1.0;0;1.0;0;0;1.0;0;0;0;0;0;0;1.0;0;0;0;0;0
1186363;4.45;0.97;82.0;4260.0;32.25;84.0;27.75;22.74;34.40;14.48;0.17;0.13;2.31;191631.0;80.0;82.0;48.0;4573.0;1007.08;624.99;4.0;1.0;0;1.0;0;0;1.0;0;0;0;0;0;1.0;1.0;0;0;0;0;0
1186875;4.23;1.00;86.0;4361.0;32.25;84.0;29.25;21.17;33.35;14.39;0;0;2.31;191631.0;86.0;84.0;48.0;4477.0;1007.00;761.70;4.0;1.0;0;1.0;0;0;1.0;0;0;0;0;0;1.0;1.0;0;0;0;0;0
1187754;3.68;1.00;92.0;4966.0;32.25;84.0;34.5;22.35;29.47;14.29;0;0;2.58;191631.0;82.0;92.0;48.0;4491.0;1006.96;820.30;4.0;1.0;0;1.0;0;0;1.0;0;0;0;0;0;1.0;1.0;0;0;0;0;0
1188280;5.29;1.00;87.0;4615.0;32.25;84.0;21.75;32.94;39.81;14.29;1.56;1.01;2.58;191631.0;86.0;88.0;48.0;4506.0;1006.73;195.31;4.0;1.0;0;1.0;0;0;1.0;0;0;0;0;0;1.0;1.0;0;0;0;0;0
1188798;5.24;1.05;91.0;4710.0;32.25;84.0;24.75;30.98;37.37;14.39;0.48;0.27;2.31;191631.0;89.0;91.0;48.0;4504.0;1006.65;742.17;4.0;1.0;0;1.0;0;0;1.0;0;0;0;0;0;1.0;1.0;0;0;0;0;0
1189371;5.02;1.06;93.0;4827.0;32.25;84.0;25.5;30.98;36.09;14.39;0.91;0;2.31;191631.0;91.0;93.0;48.0;4498.0;1006.57;781.24;4.0;1.0;0;1.0;0;0;1.0;0;0;0;0;0;1.0;1.0;0;0;0;0;0
1189963;4.63;1.04;95.0;4953.0;32.25;84.0;28.5;29.02;34.70;14.29;2.03;0;2.58;191631.0;93.0;96.0;48.0;4500.0;1006.57;644.52;4.0;1.0;0;1.0;0;0;1.0;0;0;0;0;0;1.0;1.0;0;0;0;0;0
1190505;4.49;1.02;97.0;5044.0;32.25;84.0;29.25;29.02;33.91;14.29;2.03;0;2.58;191631.0;94.0;98.0;48.0;4483.0;1006.49;742.17;4.0;1.0;0;1.0;0;0;1.0;0;0;0;0;0;1.0;1.0;0;0;0;0;0
1191083;4.50;1.03;98.0;5121.0;32.25;84.0;30.0;29.41;33.79;14.29;0.50;0.68;2.58;191631.0;98.0;99.0;48.0;4487.0;1006.53;742.17;4.0;1.0;0;1.0;0;0;1.0;0;0;0;0;0;1.0;1.0;0;0;0;0;0
1191702;4.48;1.05;100.0;5194.0;32.25;84.0;30.0;28.63;33.16;14.29;0.82;1.28;2.58;191631.0;98.0;100.0;48.0;4486.0;1006.53;761.70;4.0;1.0;0;1.0;0;0;1.0;0;0;0;0;0;1.0;1.0;0;0;0;0;0
1192280;3.56;0.99;102.0;5274.0;32.25;84.0;36.75;22.35;28.17;14.39;0.03;2.05;2.31;191631.0;97.0;103.0;48.0;4502.0;1006.41;664.05;4.0;1.0;0;1.0;0;0;1.0;0;0;0;0;0;1.0;1.0;0;0;0;0;0
1193124;3.08;0.95;101.0;5262.0;32.25;84.0;39.75;18.82;25.63;14.11;0;0.35;2.58;191631.0;99.0;102.0;48.0;4517.0;1006.34;664.05;4.0;1.0;0;1.0;0;0;1.0;0;0;0;0;0;1.0;1.0;0;0;0;0;0
1193646;3.14;0.99;101.0;5247.0;32.25;84.0;40.5;18.43;25.12;14.39;0;0;2.31;191631.0;99.0;101.0;48.0;4524.0;1006.14;742.17;4.0;1.0;0;1.0;0;0;1.0;0;0;0;0;0;1.0;1.0;0;0;0;0;0
1194197;3.21;1.01;101.0;5214.0;32.25;84.0;40.5;18.43;25.09;14.39;0;1.15;2.31;191631.0;99.0;101.0;48.0;4521.0;1006.14;742.17;4.0;1.0;0;1.0;0;0;1.0;0;0;0;0;0;1.0;1.0;0;0;0;0;0
1194702;3.96;1.01;101.0;5264.0;32.25;84.0;34.5;25.88;30.84;14.29;0;0.19;2.58;191631.0;99.0;102.0;48.0;4502.0;1006.02;644.52;4.0;1.0;0;1.0;0;0;1.0;0;0;0;0;0;1.0;1.0;0;0;0;0;0
1195273;4.56;1.02;102.0;5324.0;32.25;83.25;30.0;30.98;34.51;14.29;1.15;0;2.58;191631.0;99.0;103.0;49.0;4496.0;1005.91;781.24;4.0;1.0;0;1.0;0;0;1.0;0;0;0;0;0;1.0;1.0;0;0;0;0;0
1195843;4.53;1.02;103.0;5388.0;32.25;83.25;30.0;30.98;34.24;14.39;0.25;0;2.31;191631.0;101.0;104.0;49.0;4498.0;1005.75;703.11;4.0;1.0;0;1.0;0;0;1.0;0;0;0;0;0;1.0;1.0;0;0;0;0;0
1196403;0;1.00;102.0;5455.0;32.25;83.25;44.25;0;4.02;14.39;0.64;0.44;2.31;191631.0;102.0;103.0;49.0;4523.0;1005.63;820.30;4.0;1.0;0;1.0;0;0;1.0;0;0;0;0;0;1.0;1.0;0;0;0;0;0
1196954;4.16;1.00;105.0;4833.0;32.25;83.25;31.5;24.70;31.89;14.20;0.11;0;2.58;191631.0;102.0;105.0;49.0;4571.0;1005.79;742.17;5.0;1.0;0;1.0;0;0;1.0;0;0;0;0;0;1.0;1.0;0;0;0;0;0
1197800;4.93;1.04;105.0;4830.0;32.25;83.25;25.5;30.98;35.98;14.20;0;0;2.58;191631.0;103.0;105.0;49.0;4526.0;1005.63;214.84;5.0;1.0;0;1.0;0;0;1.0;0;0;0;0;0;1.0;1.0;0;0;0;0;0
1198404;4.73;1.03;107.0;4969.0;32.25;83.25;27.0;30.59;35.13;14.39;0;1.79;2.31;191631.0;105.0;108.0;49.0;4511.0;1005.44;722.64;5.0;1.0;0;1.0;0;0;1.0;0;0;0;0;0;1.0;1.0;0;0;0;0;0
1198949;3.56;0.98;107.0;4971.0;32.25;83.25;35.25;21.17;28.52;14.39;0;0.33;2.31;191631.0;106.0;108.0;49.0;4514.0;1005.40;644.52;5.0;1.0;0;1.0;0;0;1.0;0;0;0;0;0;1.0;1.0;0;0;0;0;0
1199523;3.51;0.98;108.0;4971.0;32.25;83.25;36.0;20.78;28.10;14.39;0;1.97;2.31;191631.0;106.0;108.0;49.0;4515.0;1005.28;703.11;5.0;1.0;0;1.0;0;0;1.0;0;0;0;0;0;1.0;1.0;0;0;0;0;0
1200106;3.48;1.00;108.0;4994.0;32.25;83.25;37.5;20.00;27.41;14.39;0;0.52;2.31;191631.0;106.0;109.0;49.0;4503.0;1005.01;742.17;5.0;1.0;0;1.0;0;0;1.0;0;0;0;0;0;1.0;1.0;0;0;0;0;0
1200656;3.27;1.01;107.0;4988.0;32.25;83.25;39.0;18.04;25.52;14.29;0;0.82;2.58;191631.0;106.0;108.0;49.0;4517.0;1004.77;722.64;5.0;1.0;0;1.0;0;0;1.0;0;0;0;0;0;1.0;1.0;0;0;0;0;0
1201252;2.91;0.99;107.0;4940.0;32.25;83.25;42.0;14.51;23.27;14.39;0;1.15;2.31;191631.0;106.0;108.0;49.0;4535.0;1004.54;273.43;5.0;1.0;0;1.0;0;0;1.0;0;0;0;0;0;1.0;1.0;0;0;0;0;0
1201765;2.97;1.02;107.0;4938.0;32.25;83.25;42.0;14.11;23.08;14.20;0;1.79;2.58;191631.0;105.0;108.0;49.0;4521.0;1004.54;722.64;5.0;1.0;0;1.0;0;0;1.0;0;0;0;0;0;1.0;1.0;0;0;0;0;0
1202673;2.96;1.01;107.0;4896.0;32.25;83.25;42.0;14.11;23.24;14.39;2.85;0.46;2.31;191631.0;105.0;107.0;49.0;4518.0;1004.54;703.11;5.0;1.0;0;1.0;0;0;1.0;0;0;0;0;0;1.0;1.0;0;0;0;0;0
1203221;3.35;1.00;107.0;4947.0;32.25;83.25;37.5;19.61;27.16;14.39;2.24;0.58;2.31;191631.0;105.0;108.0;49.0;4515.0;1004.38;761.70;5.0;1.0;0;1.0;0;0;1.0;0;0;0;0;0;1.0;1.0;0;0;0;0;0
1203816;3.08;1.00;107.0;4917.0;32.25;83.25;40.5;16.08;24.62;14.39;0.62;2.08;2.31;191631.0;105.0;107.0;49.0;4502.0;1004.38;800.77;5.0;1.0;0;1.0;0;0;1.0;0;0;0;0;0;1.0;1.0;0;0;0;0;0
1204412;2.68;0.95;106.0;4873.0;32.25;83.25;42.75;12.55;22.55;14.39;2.03;0.41;2.31;191631.0;104.0;106.0;49.0;4523.0;1004.30;136.71;5.0;1.0;0;1.0;0;0;1.0;0;0;0;0;0;1.0;1.0;0;0;0;0;0
1205054;3.96;1.05;106.0;4860.0;32.25;83.25;35.25;20.39;28.40;14.29;0.42;0;2.58;191631.0;104.0;106.0;49.0;4517.0;1004.19;800.77;5.0;1.0;0;1.0;0;0;1.0;0;0;0;0;0;1.0;1.0;0;0;0;0;0
1205624;3.12;0.98;105.0;4856.0;32.25;83.25;39.75;16.86;25.32;14.29;0;0;2.58;191631.0;104.0;106.0;49.0;4495.0;1004.07;664.05;5.0;1.0;0;1.0;0;0;1.0;0;0;0;0;0;1.0;1.0;0;0;0;0;0
1206161;3.68;1.03;106.0;4896.0;32.25;83.25;37.5;19.21;27.07;14.39;1.23;0;2.31;191631.0;103.0;106.0;49.0;4521.0;1004.03;507.80;5.0;1.0;0;1.0;0;0;1.0;0;0;0;0;0;1.0;1.0;0;0;0;0;0
1206746;3.21;0.99;105.0;4829.0;32.25;83.25;39.0;16.86;25.55;14.39;0.23;0;2.31;191631.0;103.0;106.0;49.0;4517.0;1003.91;722.64;5.0;1.0;0;1.0;0;0;1.0;0;0;0;0;0;1.0;1.0;0;0;0;0;0
1207277;3.12;1.02;105.0;4852.0;32.25;83.25;40.5;15.29;24.26;14.39;0;0.60;2.31;191631.0;103.0;106.0;49.0;4507.0;1003.76;566.39;5.0;1.0;0;1.0;0;0;1.0;0;0;0;0;0;1.0;1.0;0;0;0;0;0
1208066;2.95;0.99;105.0;4818.0;32.25;83.25;41.25;14.11;23.48;14.39;1.97;0.09;2.31;191631.0;103.0;105.0;49.0;4516.0;1003.45;683.58;5.0;1.0;0;1.0;0;0;1.0;0;0;0;0;0;1.0;1.0;0;0;0;0;0
1208670;3.25;0.98;103.0;4794.0;32.25;83.25;39.75;16.08;25.07;14.39;1.23;0;2.31;191631.0;102.0;104.0;49.0;4527.0;1003.45;703.11;5.0;1.0;0;1.0;0;0;1.0;0;0;0;0;0;1.0;1.0;0;0;0;0;0
1209263;3.14;1.01;103.0;4771.0;32.25;83.25;40.5;15.29;24.55;14.39;0.23;0;2.31;191631.0;102.0;104.0;49.0;4510.0;1003.45;781.24;5.0;1.0;0;1.0;0;0;1.0;0;0;0;0;0;1.0;1.0;0;0;0;0;0
1209816;2.49;0.92;103.0;4767.0;32.25;82.5;43.5;11.37;21.98;14.39;3.55;0;2.31;191631.0;102.0;103.0;49.0;4502.0;1003.17;722.64;5.0;1.0;0;1.0;0;0;1.0;0;0;0;0;0;1.0;1.0;0;0;0;0;0
1210365;2.48;0.93;102.0;4701.0;32.25;82.5;43.5;10.58;21.20;14.39;1.97;0;2.31;191631.0;100.0;102.0;49.0;4504.0;1003.02;566.39;5.0;1.0;0;1.0;0;0;1.0;0;0;0;0;0;1.0;1.0;0;0;0;0;0
1210952;2.96;0.97;101.0;4676.0;32.25;82.5;40.5;14.11;24.33;14.39;0.44;0.95;2.31;191631.0;100.0;102.0;49.0;4517.0;1002.90;624.99;5.0;1.0;0;1.0;0;0;1.0;0;0;0;0;0;1.0;1.0;0;0;0;0;0
1211506;2.48;0.98;101.0;4660.0;32.25;82.5;44.25;9.80;20.38;14.39;0;0.17;2.31;191631.0;99.0;101.0;49.0;4504.0;1002.82;859.36;5.0;1.0;0;1.0;0;0;1.0;0;0;0;0;0;1.0;1.0;0;0;0;0;0
1212145;1.84;0.92;100.0;4591.0;32.25;82.5;47.25;7.05;16.12;14.39;0;0.85;2.31;191631.0;98.0;100.0;49.0;4484.0;1002.78;859.36;5.0;1.0;0;1.0;0;0;1.0;0;0;0;0;0;1.0;1.0;0;0;0;0;0
1212985;2.12;0.85;97.0;4462.0;32.25;82.5;43.5;9.02;20.10;14.29;0;0;2.58;191631.0;96.0;97.0;49.0;4556.0;1002.66;175.77;5.0;1.0;0;1.0;0;0;1.0;0;0;0;0;0;1.0;1.0;0;0;0;0;0
1213549;2.18;0.87;96.0;4444.0;32.25;82.5;43.5;9.02;20.23;14.39;0;1.97;2.31;191631.0;95.0;97.0;49.0;4534.0;1002.51;664.05;5.0;1.0;0;1.0;0;0;1.0;0;0;0;0;0;1.0;1.0;0;0;0;0;0
1214088;1.96;0.86;95.0;4364.0;32.25;82.5;45.0;8.23;18.75;14.39;0;2.49;2.31;191631.0;94.0;95.0;49.0;4502.0;1002.43;820.30;5.0;1.0;0;1.0;0;0;1.0;0;0;0;0;0;1.0;1.0;0;0;0;0;0
1214664;3.04;1.00;93.0;4345.0;32.25;82.5;40.5;10.98;22.45;14.39;0;2.24;2.31;191632.0;93.0;94.0;49.0;4525.0;1002.35;820.30;5.0;1.0;0;1.0;0;0;1.0;0;0;0;0;0;1.0;1.0;0;0;0;0;0
1215208;3.68;0.97;95.0;4355.0;32.25;82.5;34.5;18.04;29.09;14.39;0.83;1.79;2.31;191632.0;92.0;95.0;49.0;4555.0;1002.12;429.68;5.0;1.0;0;1.0;0;0;1.0;0;0;0;0;0;1.0;1.0;0;0;0;0;0
1215765;4.15;1.03;95.0;4360.0;32.25;82.5;30.75;20.78;31.93;14.29;1.17;1.77;2.58;191632.0;93.0;95.0;49.0;4550.0;1002.04;722.64;5.0;1.0;0;1.0;0;0;1.0;0;0;0;0;0;1.0;1.0;0;0;0;0;0
1216291;3.88;1.02;96.0;4416.0;32.25;82.5;33.0;19.21;30.03;14.39;0.25;0.42;2.31;191632.0;94.0;96.0;49.0;4515.0;1001.92;664.05;5.0;1.0;0;1.0;0;0;1.0;0;0;0;0;0;1.0;1.0;0;0;0;0;0
1216828;3.52;1.00;96.0;4437.0;32.25;82.5;35.25;17.25;28.29;14.48;0;0.01;2.31;191632.0;94.0;96.0;49.0;4512.0;1001.77;605.46;5.0;1.0;0;1.0;0;0;1.0;0;0;0;0;0;1.0;1.0;0;0;0;0;0
1217371;3.26;0.99;96.0;4428.0;32.25;82.5;37.5;15.29;26.18;14.39;0.83;0;2.31;191632.0;95.0;97.0;49.0;4514.0;1001.69;683.58;5.0;1.0;0;1.0;0;0;1.0;0;0;0;0;0;1.0;1.0;0;0;0;0;0
1218305;2.92;0.96;96.0;4427.0;32.25;82.5;39.75;12.94;24.29;14.39;0.21;0.83;2.31;191632.0;95.0;97.0;49.0;4491.0;1001.61;527.33;5.0;1.0;0;1.0;0;0;1.0;0;0;0;0;0;1.0;1.0;0;0;0;0;0
1218836;2.4;0.92;95.0;4402.0;32.25;82.5;42.75;9.80;20.86;14.39;0.31;3.12;2.31;191632.0;94.0;96.0;49.0;4498.0;1001.53;781.24;5.0;1.0;0;1.0;0;0;1.0;0;0;0;0;0;1.0;1.0;0;0;0;0;0
1219403;1.95;0.98;93.0;4341.0;32.25;82.5;45.75;6.66;16.15;14.39;0;2.08;2.31;191632.0;93.0;94.0;49.0;4464.0;1001.41;859.36;5.0;1.0;0;1.0;0;0;1.0;0;0;0;0;0;1.0;1.0;0;0;0;0;0
1219919;1.88;0.93;92.0;4287.0;32.25;82.5;45.75;6.66;16.35;14.29;0.83;2.79;2.58;191632.0;92.0;93.0;49.0;4489.0;1001.41;859.36;5.0;1.0;0;1.0;0;0;1.0;0;0;0;0;0;1.0;1.0;0;0;0;0;0
1220451;1.81;0.89;91.0;4224.0;32.25;82.5;45.75;6.66;16.51;14.39;0.97;0.74;2.31;191632.0;91.0;92.0;49.0;4496.0;1001.41;839.83;5.0;1.0;0;1.0;0;0;1.0;0;0;0;0;0;1.0;1.0;0;0;0;0;0
1220976;1.72;0.84;90.0;4173.0;32.25;82.5;45.0;6.66;16.67;14.39;0.29;0.21;2.31;191632.0;89.0;91.0;49.0;4493.0;1001.38;839.83;5.0;1.0;0;1.0;0;0;1.0;0;0;0;0;0;1.0;1.0;0;0;0;0;0
1221505;1.40;0.79;88.0;4089.0;32.25;82.5;45.75;5.88;14.38;14.39;1.69;3.53;2.31;191632.0;88.0;89.0;49.0;4494.0;1001.22;839.83;5.0;1.0;0;1.0;0;0;1.0;0;0;0;0;0;1.0;1.0;0;0;0;0;0
1222125;0.65;0.77;86.0;3964.0;32.25;82.5;45.75;1.96;6.96;14.20;0.58;1.34;2.58;191632.0;86.0;86.0;49.0;4504.0;1001.14;820.30;5.0;1.0;0;1.0;0;0;1.0;0;0;0;0;0;1.0;1.0;0;0;0;0;0
1222951;0.48;1.00;82.0;3794.0;32.25;82.5;41.25;0;4.76;14.48;0;0.21;2.31;191632.0;82.0;82.0;49.0;4541.0;1000.95;0;5.0;1.0;0;1.0;0;0;1.0;0;0;0;0;0;1.0;1.0;0;0;0;0;0
1223484;1.25;1.00;78.0;3639.0;32.25;82.5;37.5;3.13;9.25;14.20;1.46;0;2.58;191632.0;78.0;79.0;49.0;4185.0;1000.79;878.89;5.0;1.0;0;1.0;0;0;1.0;0;0;0;0;0;1.0;1.0;0;0;0;0;0
1224061;1.84;0.99;77.0;3601.0;32.25;82.5;41.25;5.09;14.72;14.39;0.56;0;2.31;191632.0;77.0;77.0;49.0;4286.0;1000.59;878.89;5.0;1.0;0;1.0;0;0;1.0;0;0;0;0;0;1.0;1.0;0;0;0;0;0
1224611;3.40;1.00;77.0;3565.0;32.25;82.5;33.75;13.33;25.53;14.39;0.11;0;2.31;191632.0;76.0;77.0;49.0;4454.0;1000.48;781.24;5.0;1.0;0;1.0;0;0;1.0;0;0;0;0;0;1.0;1.0;0;0;0;0;0
1225167;3.16;0.94;77.0;3592.0;32.25;82.5;32.25;15.29;26.87;14.29;2.01;0;2.58;191632.0;77.0;78.0;49.0;4528.0;1000.40;546.86;5.0;1.0;0;1.0;0;0;1.0;0;0;0;0;0;1.0;1.0;0;0;0;0;0
1225758;3.32;1.00;78.0;3651.0;32.25;82.5;32.25;15.29;26.87;14.39;4.70;0;2.31;191632.0;78.0;79.0;49.0;4515.0;1000.32;703.11;5.0;1.0;0;1.0;0;0;1.0;0;0;0;0;0;1.0;1.0;0;0;0;0;0
1226267;1.92;1.00;76.0;4104.0;32.25;82.5;35.25;5.88;12.95;14.39;3.74;3.86;2.31;191632.0;77.0;77.0;49.0;4233.0;1000.28;859.36;4.0;1.0;0;1.0;0;0;1.0;0;0;0;0;0;0;1.0;0;0;0;0;0
1226807;3.78;0.98;77.0;4062.0;32.25;82.5;34.5;16.47;28.35;14.39;2.69;3.92;2.31;191632.0;76.0;78.0;49.0;4343.0;1000.28;683.58;4.0;1.0;0;1.0;0;0;1.0;0;0;0;0;0;1.0;1.0;0;0;0;0;0
1227348;3.06;0.96;78.0;4084.0;32.25;82.5;37.5;12.94;25.03;14.39;2.46;4.21;2.31;191632.0;77.0;79.0;49.0;4439.0;1000.24;761.70;4.0;1.0;0;1.0;0;0;1.0;0;0;0;0;0;1.0;1.0;0;0;0;0;0
1228177;2.92;0.94;78.0;4091.0;32.25;82.5;37.5;12.55;24.89;14.39;2.57;1.60;2.31;191632.0;78.0;79.0;49.0;4488.0;1000.24;820.30;4.0;1.0;0;1.0;0;0;1.0;0;0;0;0;0;1.0;1.0;0;0;0;0;0
1228766;3.17;1.00;80.0;4150.0;32.25;82.5;37.5;12.94;25.05;14.39;1.91;0.25;2.31;191632.0;78.0;80.0;49.0;4527.0;1000.20;781.24;4.0;1.0;0;1.0;0;0;1.0;0;0;0;0;0;1.0;1.0;0;0;0;0;0
1229351;3.28;0.93;81.0;4181.0;32.25;82.5;34.5;15.68;27.67;14.39;0.50;2.08;2.31;191632.0;79.0;81.0;49.0;4571.0;1000.20;234.37;4.0;1.0;0;1.0;0;0;1.0;0;0;0;0;0;1.0;1.0;0;0;0;0;0
1229882;3.4;0.98;81.0;4212.0;32.25;82.5;36.0;15.68;27.53;14.39;0.87;1.58;2.31;191632.0;80.0;81.0;49.0;4532.0;1000.12;664.05;4.0;1.0;0;1.0;0;0;1.0;0;0;0;0;0;1.0;1.0;0;0;0;0;0
1230409;3.29;1.00;82.0;4291.0;32.25;82.5;37.5;14.90;26.51;14.29;1.60;3.39;2.58;191632.0;81.0;83.0;49.0;4507.0;1000.16;781.24;4.0;1.0;0;1.0;0;0;1.0;0;0;0;0;0;1.0;1.0;0;0;0;0;0
1231003;2.91;0.93;83.0;4311.0;32.25;82.5;39.0;12.94;24.93;14.39;2.12;2.90;2.31;191632.0;82.0;83.0;49.0;4496.0;999.89;742.17;4.0;1.0;0;1.0;0;0;1.0;0;0;0;0;0;1.0;1.0;0;0;0;0;0
1231564;2.45;0.98;82.0;4303.0;32.25;82.5;42.75;9.02;20.25;14.39;0.54;2.53;2.31;191632.0;82.0;83.0;49.0;4493.0;999.73;839.83;4.0;1.0;0;1.0;0;0;1.0;0;0;0;0;0;1.0;1.0;0;0;0;0;0
1232107;2.26;0.92;82.0;4260.0;32.25;82.5;44.25;8.23;17.97;14.39;2.22;0.87;2.31;191632.0;81.0;82.0;49.0;4470.0;999.50;800.77;4.0;1.0;0;1.0;0;0;1.0;0;0;0;0;0;1.0;1.0;0;0;0;0;0
1232872;2.46;0.88;81.0;4241.0;32.25;82.5;40.5;10.58;22.49;14.39;1.50;0.99;2.31;191632.0;80.0;82.0;49.0;4521.0;999.50;97.65;4.0;1.0;0;1.0;0;0;1.0;0;0;0;0;0;1.0;1.0;0;0;0;0;0
1233682;2.98;0.95;82.0;4290.0;32.25;82.5;38.25;13.33;25.20;14.39;1.38;0.05;2.31;191632.0;81.0;83.0;49.0;4521.0;999.27;820.30;4.0;1.0;0;1.0;0;0;1.0;0;0;0;0;0;1.0;1.0;0;0;0;0;0
1234198;2.15;0.92;82.0;4279.0;32.25;82.5;43.5;8.62;19.62;14.39;0.25;0;2.31;191632.0;81.0;83.0;49.0;4501.0;999.15;820.30;4.0;1.0;0;1.0;0;0;1.0;0;0;0;0;0;1.0;1.0;0;0;0;0;0
1234747;2.12;0.86;81.0;4257.0;32.25;82.5;43.5;8.62;19.68;14.39;0;0;2.31;191632.0;81.0;82.0;49.0;4481.0;999.11;644.52;4.0;1.0;0;1.0;0;0;1.0;0;0;0;0;0;1.0;1.0;0;0;0;0;0
1235292;2.44;0.91;82.0;4282.0;32.25;82.5;41.25;10.19;21.91;14.48;0;2.08;2.31;191632.0;80.0;82.0;49.0;4524.0;999.03;761.70;4.0;1.0;0;1.0;0;0;1.0;0;0;0;0;0;1.0;1.0;0;0;0;0;0
1235898;3.93;1.00;82.0;4287.0;32.25;82.5;33.75;18.43;29.82;14.39;0;0.72;2.31;191632.0;80.0;83.0;49.0;4572.0;999.03;839.83;4.0;1.0;0;1.0;0;0;1.0;0;0;0;0;0;1.0;1.0;0;0;0;0;0
1236449;5.67;1.00;85.0;4385.0;32.25;82.5;20.25;33.33;41.03;14.20;0;1.26;2.58;191632.0;83.0;85.0;49.0;4568.0;998.99;39.06;4.0;1.0;0;1.0;0;0;1.0;0;0;0;0;0;1.0;1.0;0;0;0;0;0
1237019;6.41;1.04;88.0;4604.0;32.25;82.5;18.0;41.18;44.10;14.29;1.97;1.71;2.58;191632.0;86.0;89.0;49.0;4479.0;998.91;820.30;4.0;1.0;0;1.0;0;0;1.0;0;0;0;0;0;1.0;1.0;0;0;0;0;0
1237543;5.13;1.00;92.0;4792.0;32.25;82.5;22.5;34.12;38.25;14.39;0.44;1.42;2.31;191632.0;90.0;93.0;49.0;4495.0;998.91;234.37;4.0;1.0;0;1.0;0;0;1.0;0;0;0;0;0;1.0;1.0;0;0;0;0;0
1238213;4.92;1.02;95.0;4911.0;32.25;82.5;24.75;32.55;36.83;14.39;0.01;0.35;2.31;191632.0;92.0;95.0;49.0;4494.0;998.68;800.77;4.0;1.0;0;1.0;0;0;1.0;0;0;0;0;0;1.0;1.0;0;0;0;0;0
1238997;4.93;1.06;98.0;5097.0;32.25;82.5;27.0;32.55;35.65;14.39;1.56;1.11;2.31;191632.0;95.0;98.0;49.0;4481.0;998.52;761.70;4.0;1.0;0;1.0;0;0;1.0;0;0;0;0;0;1.0;1.0;0;0;0;0;0
1239567;5.45;1.04;101.0;5272.0;32.25;82.5;24.0;38.82;38.81;14.39;0.70;0.42;2.31;191632.0;98.0;101.0;49.0;4492.0;998.37;761.70;4.0;1.0;0;1.0;0;0;1.0;0;0;0;0;0;1.0;1.0;0;0;0;0;0
1240229;5.74;1.04;105.0;5453.0;32.25;82.5;21.75;42.74;40.29;14.29;0.09;0;2.58;191632.0;101.0;105.0;49.0;4512.0;998.41;722.64;4.0;1.0;0;1.0;0;0;1.0;0;0;0;0;0;1.0;1.0;0;0;0;0;0
1240754;5.94;1.06;107.0;5654.0;31.5;82.5;22.5;44.31;40.71;14.29;0;0;2.58;191632.0;105.0;108.0;49.0;4482.0;998.33;742.17;4.0;1.0;0;1.0;0;0;1.0;0;0;0;0;0;1.0;1.0;0;0;0;0;0
1241302;5.96;1.05;111.0;5863.0;31.5;82.5;22.5;45.88;40.70;14.29;0;0;2.58;191632.0;107.0;112.0;49.0;4468.0;998.17;19.53;4.0;1.0;0;1.0;0;0;1.0;0;0;0;0;0;1.0;1.0;0;0;0;0;0
1241937;3.35;1.00;110.0;5051.0;31.5;82.5;40.5;18.43;24.89;14.29;0.89;0;2.58;191632.0;108.0;110.0;49.0;4575.0;997.78;761.70;5.0;1.0;0;1.0;0;0;1.0;0;0;0;0;0;1.0;1.0;0;0;0;0;0
1242491;4.81;1.03;111.0;5152.0;31.5;82.5;27.0;32.55;35.61;14.11;0.09;0;2.58;191632.0;109.0;111.0;49.0;4516.0;997.62;722.64;5.0;1.0;0;1.0;0;0;1.0;0;0;0;0;0;1.0;1.0;0;0;0;0;0
1243218;4.72;1.02;112.0;5205.0;31.5;82.5;27.0;32.94;35.95;14.29;0;2.89;2.58;191632.0;110.0;113.0;49.0;4474.0;997.39;683.58;5.0;1.0;0;1.0;0;0;1.0;0;0;0;0;0;1.0;1.0;0;0;0;0;0
1243947;4.57;1.00;115.0;5269.0;31.5;83.25;27.75;32.55;34.96;14.29;0;2.14;2.58;191632.0;111.0;115.0;49.0;4492.0;997.12;761.70;5.0;1.0;0;1.0;0;0;1.0;0;0;0;0;0;1.0;1.0;0;0;0;0;0
1244587;3.37;0.96;113.0;5284.0;31.5;83.25;37.5;21.96;27.69;14.39;0.64;3.06;2.31;191632.0;112.0;114.0;49.0;4516.0;996.92;644.52;5.0;1.0;0;1.0;0;0;1.0;0;0;0;0;0;1.0;1.0;0;0;0;0;0
1245107;3.10;0.97;115.0;5224.0;31.5;83.25;40.5;19.21;25.38;14.39;1.26;0.62;2.31;191632.0;112.0;115.0;49.0;4535.0;996.77;703.11;5.0;1.0;0;1.0;0;0;1.0;0;0;0;0;0;1.0;1.0;0;0;0;0;0
1245637;3.07;1.00;112.0;5232.0;31.5;83.25;41.25;17.64;24.40;14.29;0.19;0;2.58;191632.0;112.0;113.0;49.0;4524.0;996.69;644.52;5.0;1.0;0;1.0;0;0;1.0;0;0;0;0;0;1.0;1.0;0;0;0;0;0
1246159;2.86;0.96;113.0;5195.0;31.5;83.25;42.75;16.47;23.71;14.29;0;0;2.58;191632.0;111.0;113.0;49.0;4512.0;996.49;605.46;5.0;1.0;0;1.0;0;0;1.0;0;0;0;0;0;1.0;1.0;0;0;0;0;0
1246715;2.76;0.97;112.0;5164.0;31.5;83.25;44.25;14.90;22.64;14.39;0;0;2.31;191632.0;110.0;112.0;49.0;4526.0;996.41;468.74;5.0;1.0;0;1.0;0;0;1.0;0;0;0;0;0;1.0;1.0;0;0;0;0;0
1247286;3.93;0.98;112.0;5163.0;31.5;83.25;35.25;24.70;29.95;14.39;0.89;0;2.31;191632.0;110.0;112.0;49.0;4509.0;996.26;214.84;5.0;1.0;0;1.0;0;0;1.0;0;0;0;0;0;1.0;1.0;0;0;0;0;0
1247817;3.84;0.99;112.0;5192.0;31.5;83.25;34.5;25.10;30.28;14.29;0.19;1.97;2.58;191632.0;110.0;113.0;49.0;4489.0;996.10;722.64;5.0;1.0;0;1.0;0;0;1.0;0;0;0;0;0;1.0;1.0;0;0;0;0;0
1248460;3.17;1.00;112.0;5202.0;31.5;83.25;40.5;18.82;25.41;14.20;0;3.35;2.58;191632.0;111.0;113.0;49.0;4513.0;995.95;761.70;5.0;1.0;0;1.0;0;0;1.0;0;0;0;0;0;1.0;1.0;0;0;0;0;0
1249179;3.48;0.97;112.0;5181.0;31.5;83.25;39.75;20.00;26.11;14.20;0;2.81;2.58;191632.0;110.0;113.0;49.0;4515.0;995.79;800.77;5.0;1.0;0;1.0;0;0;1.0;0;0;0;0;0;1.0;1.0;0;0;0;0;0
1249707;3.69;1.01;113.0;5227.0;31.5;83.25;36.0;23.53;28.85;14.29;0;2.89;2.58;191632.0;111.0;114.0;49.0;4495.0;995.75;800.77;5.0;1.0;0;1.0;0;0;1.0;0;0;0;0;0;1.0;1.0;0;0;0;0;0
1250254;2.86;0.94;113.0;5198.0;31.5;83.25;42.0;17.25;24.23;14.29;2.89;0.58;2.58;191632.0;111.0;113.0;49.0;4512.0;995.59;761.70;5.0;1.0;0;1.0;0;0;1.0;0;0;0;0;0;1.0;1.0;0;0;0;0;0
1250878;2.72;0.95;113.0;5193.0;31.5;83.25;43.5;15.29;22.84;14.39;2.03;0.05;2.31;191632.0;111.0;114.0;49.0;4519.0;995.48;761.70;5.0;1.0;0;1.0;0;0;1.0;0;0;0;0;0;1.0;1.0;0;0;0;0;0
1251402;2.78;0.98;112.0;5187.0;31.5;83.25;43.5;15.29;22.72;14.39;2.24;0;2.31;191632.0;111.0;113.0;49.0;4520.0;995.48;761.70;5.0;1.0;0;1.0;0;0;1.0;0;0;0;0;0;1.0;1.0;0;0;0;0;0
1252007;2.65;0.96;112.0;5187.0;31.5;83.25;44.25;14.11;22.08;14.39;1.05;0;2.31;191632.0;110.0;113.0;49.0;4516.0;995.40;449.21;5.0;1.0;0;1.0;0;0;1.0;0;0;0;0;0;1.0;1.0;0;0;0;0;0
1252532;2.90;0.99;112.0;5147.0;31.5;83.25;42.75;15.68;22.94;14.29;0.13;0.89;2.58;191633.0;110.0;113.0;49.0;4517.0;995.28;742.17;5.0;1.0;0;1.0;0;0;1.0;0;0;0;0;0;1.0;1.0;0;0;0;0;0
1253047;3.29;0.96;112.0;5166.0;31.5;83.25;39.0;20.39;26.77;14.29;0.93;0.17;2.58;191633.0;110.0;112.0;49.0;4507.0;995.20;742.17;5.0;1.0;0;1.0;0;0;1.0;0;0;0;0;0;1.0;1.0;0;0;0;0;0
1253569;3.24;0.97;112.0;5164.0;31.5;83.25;39.0;20.00;26.40;14.39;0.19;0.93;2.31;191633.0;110.0;113.0;49.0;4500.0;995.16;703.11;5.0;1.0;0;1.0;0;0;1.0;0;0;0;0;0;1.0;1.0;0;0;0;0;0
1254411;2.85;0.98;112.0;5189.0;31.5;83.25;42.75;15.68;23.17;14.39;2.90;0.17;2.31;191633.0;110.0;113.0;49.0;4512.0;995.01;742.17;5.0;1.0;0;1.0;0;0;1.0;0;0;0;0;0;1.0;1.0;0;0;0;0;0
1254941;2.36;0.91;112.0;5130.0;31.5;83.25;45.75;11.76;20.76;14.29;0.23;0.68;2.58;191633.0;110.0;112.0;49.0;4515.0;994.77;781.24;5.0;1.0;0;1.0;0;0;1.0;0;0;0;0;0;1.0;1.0;0;0;0;0;0
1255478;2.33;0.90;111.0;5115.0;31.5;83.25;45.0;11.76;20.79;14.39;2.77;1.34;2.31;191633.0;109.0;111.0;49.0;4523.0;994.70;214.84;5.0;1.0;0;1.0;0;0;1.0;0;0;0;0;0;1.0;1.0;0;0;0;0;0
1256023;2.45;0.93;111.0;5081.0;31.5;83.25;45.0;11.76;21.09;14.39;2.42;1.34;2.31;191633.0;109.0;111.0;49.0;4508.0;994.58;664.05;5.0;1.0;0;1.0;0;0;1.0;0;0;0;0;0;1.0;1.0;0;0;0;0;0
1256587;2.44;0.92;110.0;5046.0;31.5;82.5;45.0;11.76;21.03;14.29;1.48;2.49;2.58;191633.0;108.0;110.0;49.0;4516.0;994.58;624.99;5.0;1.0;0;1.0;0;0;1.0;0;0;0;0;0;1.0;1.0;0;0;0;0;0
1257107;2.44;0.93;108.0;5030.0;31.5;82.5;45.0;11.76;20.94;14.29;0.27;0.50;2.58;191633.0;108.0;109.0;49.0;4527.0;994.54;761.70;5.0;1.0;0;1.0;0;0;1.0;0;0;0;0;0;1.0;1.0;0;0;0;0;0
1257639;2.44;0.93;110.0;5027.0;31.5;82.5;45.0;11.76;21.07;14.29;0;0.01;2.58;191633.0;107.0;110.0;49.0;4534.0;994.54;683.58;5.0;1.0;0;1.0;0;0;1.0;0;0;0;0;0;1.0;1.0;0;0;0;0;0
1258458;2.48;0.94;110.0;5016.0;31.5;82.5;44.25;11.76;21.11;14.20;0;0;2.58;191633.0;107.0;110.0;49.0;4516.0;994.46;664.05;5.0;1.0;0;1.0;0;0;1.0;0;0;0;0;0;1.0;1.0;0;0;0;0;0
1259064;2.36;0.94;108.0;4993.0;31.5;82.5;45.0;10.98;20.27;14.29;1.50;0.52;2.58;191633.0;107.0;109.0;49.0;4517.0;994.42;781.24;5.0;1.0;0;1.0;0;0;1.0;0;0;0;0;0;1.0;1.0;0;0;0;0;0
1259612;2.49;0.94;107.0;4969.0;31.5;82.5;44.25;11.76;21.06;14.20;2.01;0.87;2.58;191633.0;106.0;108.0;49.0;4514.0;994.46;312.49;5.0;1.0;0;1.0;0;0;1.0;0;0;0;0;0;1.0;1.0;0;0;0;0;0
1260207;2.89;1.01;108.0;4996.0;31.5;82.5;42.0;14.51;22.92;14.39;0.42;1.11;2.31;191633.0;107.0;109.0;49.0;4522.0;994.38;800.77;5.0;1.0;0;1.0;0;0;1.0;0;0;0;0;0;1.0;1.0;0;0;0;0;0
1260793;1.0;1.00;106.0;4198.0;31.5;82.5;46.5;2.74;7.61;14.39;0;1.50;2.31;191633.0;105.0;107.0;49.0;4264.0;994.27;859.36;6.0;1.0;0;1.0;0;0;1.0;0;0;0;0;0;1.0;1.0;0;0;0;0;0
1261340;2.54;0.99;105.0;4476.0;31.5;82.5;46.5;7.84;17.28;14.29;0;0.33;2.58;191633.0;103.0;106.0;49.0;4337.0;994.19;878.89;6.0;1.0;0;1.0;0;0;1.0;0;0;0;0;0;1.0;1.0;0;0;0;0;0
1261888;2.48;0.94;105.0;4463.0;31.5;82.5;43.5;9.80;20.76;14.20;1.01;1.71;2.58;191633.0;103.0;105.0;49.0;4485.0;994.15;781.24;6.0;1.0;0;1.0;0;0;1.0;0;0;0;0;0;1.0;1.0;0;0;0;0;0
1262406;2.88;0.93;105.0;4434.0;31.5;82.5;39.0;13.72;24.82;14.39;1.58;1.34;2.31;191633.0;103.0;105.0;49.0;4532.0;994.11;97.65;6.0;1.0;0;1.0;0;0;1.0;0;0;0;0;0;1.0;1.0;0;0;0;0;0
1263073;3.17;1.00;105.0;4459.0;31.5;82.5;39.0;14.11;25.20;14.20;0.50;0.35;2.58;191633.0;103.0;105.0;49.0;4515.0;994.07;644.52;6.0;1.0;0;1.0;0;0;1.0;0;0;0;0;0;1.0;1.0;0;0;0;0;0
1263755;3.12;0.99;106.0;4492.0;31.5;82.5;39.0;14.51;25.20;14.39;0;0.42;2.31;191633.0;104.0;106.0;49.0;4502.0;994.07;761.70;6.0;1.0;0;1.0;0;0;1.0;0;0;0;0;0;1.0;1.0;0;0;0;0;0
1264371;2.95;0.95;107.0;4550.0;31.5;82.5;39.75;14.11;24.87;14.39;0;0.01;2.31;191633.0;105.0;107.0;49.0;4509.0;994.03;292.96;6.0;1.0;0;1.0;0;0;1.0;0;0;0;0;0;1.0;1.0;0;0;0;0;0
1264895;2.95;0.97;107.0;4566.0;31.5;82.5;40.5;13.72;24.14;14.39;0;0;2.31;191633.0;106.0;108.0;49.0;4510.0;994.03;644.52;6.0;1.0;0;1.0;0;0;1.0;0;0;0;0;0;1.0;1.0;0;0;0;0;0
1265518;2.86;0.97;108.0;4583.0;31.5;82.5;41.25;12.94;23.63;14.20;0;1.01;2.58;191633.0;105.0;109.0;49.0;4508.0;994.03;703.11;6.0;1.0;0;1.0;0;0;1.0;0;0;0;0;0;1.0;1.0;0;0;0;0;0
1266096;2.87;0.96;108.0;4547.0;31.5;82.5;41.25;12.94;23.80;14.39;0;0.19;2.31;191633.0;107.0;108.0;49.0;4522.0;994.03;722.64;6.0;1.0;0;1.0;0;0;1.0;0;0;0;0;0;1.0;1.0;0;0;0;0;0
1266632;2.65;0.93;108.0;4584.0;31.5;81.75;42.0;11.76;22.76;14.29;1.56;0.82;2.58;191633.0;107.0;109.0;50.0;4513.0;994.03;761.70;6.0;1.0;0;1.0;0;0;1.0;0;0;0;0;0;0;1.0;0;0;0;0;0
1267146;2.69;0.96;108.0;4625.0;31.5;81.75;42.0;11.76;22.43;14.39;133.97;147.17;2.31;191633.0;107.0;109.0;50.0;4504.0;994.03;761.70;6.0;1.0;0;1.0;0;0;1.0;0;0;0;0;0;1.0;1.0;0;0;0;0;0
1267702;2.59;0.94;108.0;4633.0;31.5;81.75;42.75;11.76;22.15;14.39;212.72;224.49;2.31;191633.0;107.0;109.0;50.0;4502.0;994.03;781.24;6.0;1.0;0;1.0;0;0;1.0;0;0;0;0;0;1.0;1.0;0;0;0;0;0
1268262;2.50;0.91;110.0;4616.0;31.5;81.75;42.75;11.37;22.06;14.39;252.52;278.40;2.31;191633.0;107.0;110.0;50.0;4509.0;994.03;585.93;6.0;1.0;0;1.0;0;0;1.0;0;0;0;0;0;1.0;1.0;0;0;0;0;0
1269069;2.55;0.94;110.0;4619.0;31.5;81.75;42.75;10.98;21.88;14.39;216.27;273.84;2.31;191633.0;107.0;110.0;50.0;4509.0;994.03;722.64;6.0;1.0;0;1.0;0;0;1.0;0;0;0;0;0;1.0;1.0;0;0;0;0;0
1269670;2.60;0.97;110.0;4632.0;31.5;81.75;43.5;10.98;21.52;14.39;214.81;233.20;2.31;191633.0;108.0;110.0;50.0;4512.0;994.03;781.24;6.0;1.0;0;1.0;0;0;1.0;0;0;0;0;0;1.0;1.0;0;0;0;0;0
1270206;2.29;0.89;110.0;4635.0;31.5;81.75;44.25;10.19;20.74;14.39;165.45;183.28;2.31;191633.0;108.0;110.0;50.0;4501.0;994.03;664.05;6.0;1.0;0;1.0;0;0;1.0;0;0;0;0;0;1.0;1.0;0;0;0;0;0
1270737;2.26;0.88;108.0;4623.0;31.5;81.75;44.25;10.19;20.61;14.29;206.06;215.90;2.58;191633.0;107.0;109.0;50.0;4515.0;994.03;195.31;6.0;1.0;0;1.0;0;0;1.0;0;0;0;0;0;1.0;1.0;0;0;0;0;0
1271287;2.32;0.91;108.0;4606.0;31.5;81.75;44.25;9.80;20.54;14.39;262.60;230.43;2.31;191633.0;107.0;109.0;50.0;4512.0;994.11;742.17;6.0;1.0;0;1.0;0;0;1.0;0;0;0;0;0;1.0;1.0;0;0;0;0;0
1271822;2.15;0.87;108.0;4597.0;31.5;81.75;44.25;9.41;19.95;14.39;328.55;305.60;2.31;191633.0;107.0;108.0;50.0;4505.0;994.15;175.77;6.0;1.0;0;1.0;0;0;1.0;0;0;0;0;0;1.0;1.0;0;0;0;0;0
1272430;2.20;0.89;107.0;4579.0;31.5;81.75;45.0;9.41;19.92;14.39;344.31;332.38;2.31;191633.0;106.0;108.0;50.0;4518.0;994.19;761.70;6.0;1.0;0;1.0;0;0;1.0;0;0;0;0;0;1.0;1.0;0;0;0;0;0
1273120;2.08;0.87;107.0;4624.0;31.5;81.75;45.0;9.02;19.74;14.29;346.77;346.22;2.58;191633.0;107.0;108.0;50.0;4510.0;994.15;859.36;6.0;1.0;0;1.0;0;0;1.0;0;0;0;0;0;1.0;1.0;0;0;0;0;0
1273835;2.05;0.92;107.0;4535.0;31.5;81.75;46.5;8.23;18.09;14.20;327.40;337.18;2.58;191633.0;106.0;107.0;50.0;4520.0;994.27;839.83;6.0;1.0;0;1.0;0;0;1.0;0;0;0;0;0;1.0;1.0;0;0;0;0;0
1274413;1.88;0.85;107.0;4551.0;31.5;81.75;46.5;8.23;18.33;14.39;344.27;215.90;2.31;191633.0;105.0;108.0;50.0;4499.0;994.27;761.70;6.0;1.0;0;1.0;0;0;1.0;0;0;0;0;0;1.0;1.0;0;0;0;0;0
1275013;1.78;0.79;107.0;4532.0;31.5;81.75;46.5;8.23;18.32;14.39;340.52;225.37;2.31;191633.0;105.0;107.0;50.0;4511.0;994.34;117.18;6.0;1.0;0;1.0;0;0;1.0;0;0;0;0;0;1.0;1.0;0;0;0;0;0
1275537;1.90;0.84;106.0;4516.0;31.5;81.75;45.75;8.23;18.25;14.29;302.48;179.94;2.58;191633.0;105.0;107.0;50.0;4522.0;994.38;781.24;6.0;1.0;0;1.0;0;0;1.0;0;0;0;0;0;1.0;1.0;0;0;0;0;0
1276063;1.82;0.81;106.0;4499.0;31.5;81.0;45.0;8.23;18.40;14.39;215.96;185.53;2.31;191633.0;105.0;107.0;50.0;4513.0;994.34;97.65;6.0;1.0;0;1.0;0;0;1.0;0;0;0;0;0;1.0;1.0;0;0;0;0;0
1276597;1.79;0.86;106.0;4506.0;31.5;81.0;45.75;7.45;16.98;14.39;229.34;171.35;2.31;191633.0;105.0;106.0;50.0;4501.0;994.38;839.83;6.0;1.0;0;1.0;0;0;1.0;0;0;0;0;0;1.0;1.0;0;0;0;0;0
1277127;1.32;0.81;105.0;4464.0;31.5;81.0;47.25;5.88;13.25;14.39;200.59;182.91;2.31;191633.0;104.0;105.0;50.0;4475.0;994.46;859.36;6.0;1.0;0;1.0;0;0;1.0;0;0;0;0;0;1.0;1.0;0;0;0;0;0
1277651;1.20;0.78;103.0;4437.0;31.5;81.0;47.25;5.49;12.35;14.48;275.70;283.55;2.31;191633.0;103.0;104.0;50.0;4499.0;994.42;839.83;6.0;1.0;0;1.0;0;0;1.0;0;0;0;0;0;1.0;1.0;0;0;0;0;0
1278227;1.74;0.77;103.0;4413.0;31.5;81.0;45.0;8.23;18.59;14.39;321.87;328.90;2.31;191633.0;103.0;104.0;50.0;4564.0;994.38;39.06;6.0;1.0;0;1.0;0;0;1.0;0;0;0;0;0;1.0;1.0;0;0;0;0;0
1278957;1.99;0.84;105.0;4401.0;31.5;81.0;44.25;8.62;19.39;14.39;344.66;345.58;2.31;191633.0;102.0;105.0;50.0;4552.0;994.46;117.18;6.0;1.0;0;1.0;0;0;1.0;0;0;0;0;0;1.0;1.0;0;0;0;0;0
1279626;2.01;0.84;103.0;4423.0;31.5;81.0;44.25;8.62;19.39;14.29;345.72;348.02;2.58;191633.0;103.0;104.0;50.0;4521.0;994.50;195.31;6.0;1.0;0;1.0;0;0;1.0;0;0;0;0;0;1.0;1.0;0;0;0;0;0
1280155;2.08;0.87;105.0;4416.0;31.5;81.0;44.25;8.62;19.38;14.39;341.34;347.12;2.31;191633.0;103.0;105.0;50.0;4517.0;994.62;820.30;6.0;1.0;0;1.0;0;0;1.0;0;0;0;0;0;1.0;1.0;0;0;0;0;0
1280689;2.04;0.84;105.0;4440.0;31.5;81.0;44.25;8.62;19.55;14.29;342.41;328.27;2.58;191633.0;103.0;105.0;50.0;4514.0;994.66;703.11;6.0;1.0;0;1.0;0;0;1.0;0;0;0;0;0;1.0;1.0;0;0;0;0;0
1281302;2.08;0.85;105.0;4441.0;31.5;81.0;44.25;9.02;19.84;14.20;318.43;310.48;2.58;191633.0;103.0;105.0;50.0;4512.0;994.77;605.46;6.0;1.0;0;1.0;0;0;1.0;0;0;0;0;0;1.0;1.0;0;0;0;0;0
1281879;2.08;0.85;105.0;4455.0;31.5;81.0;44.25;9.02;19.78;14.39;259.41;235.94;2.31;191633.0;103.0;105.0;50.0;4503.0;994.77;136.71;6.0;1.0;0;1.0;0;0;1.0;0;0;0;0;0;1.0;1.0;0;0;0;0;0
1282407;2.18;0.88;105.0;4459.0;31.5;81.0;44.25;9.02;19.94;14.39;239.61;210.78;2.31;191633.0;103.0;106.0;50.0;4520.0;994.93;742.17;6.0;1.0;0;1.0;0;0;1.0;0;0;0;0;0;1.0;1.0;0;0;0;0;0
1282935;2.02;0.83;106.0;4458.0;31.5;81.0;44.25;9.02;19.94;14.48;237.64;282.28;2.31;191633.0;104.0;106.0;50.0;4528.0;995.01;78.12;6.0;1.0;0;1.0;0;0;1.0;0;0;0;0;0;1.0;1.0;0;0;0;0;0
1283834;2.20;0.89;106.0;4473.0;31.5;81.0;44.25;9.02;19.91;14.29;300.85;331.85;2.58;191633.0;104.0;106.0;50.0;4520.0;995.05;761.70;6.0;1.0;0;1.0;0;0;1.0;0;0;0;0;0;1.0;1.0;0;0;0;0;0
1284367;2.09;0.86;105.0;4467.0;31.5;81.0;44.25;9.02;19.77;14.39;343.16;348.10;2.31;191633.0;104.0;105.0;50.0;4506.0;995.12;566.39;6.0;1.0;0;1.0;0;0;1.0;0;0;0;0;0;1.0;1.0;0;0;0;0;0
1284893;2.13;0.87;106.0;4479.0;31.5;81.0;44.25;9.02;19.90;14.39;348.02;348.08;2.31;191633.0;105.0;106.0;50.0;4505.0;995.16;253.90;6.0;1.0;0;1.0;0;0;1.0;0;0;0;0;0;1.0;1.0;0;0;0;0;0
1285424;2.29;0.89;106.0;4505.0;31.5;81.0;43.5;9.80;20.68;14.29;348.37;350.85;2.58;191634.0;104.0;107.0;50.0;4525.0;995.09;156.24;6.0;1.0;0;1.0;0;0;1.0;0;0;0;0;0;1.0;1.0;0;0;0;0;0
1285939;2.35;0.92;106.0;4512.0;31.5;81.0;43.5;9.80;20.53;14.39;353.62;359.82;2.31;191634.0;105.0;107.0;50.0;4511.0;995.12;761.70;6.0;1.0;0;1.0;0;0;1.0;0;0;0;0;0;1.0;1.0;0;0;0;0;0
1286613;2.19;0.88;107.0;4519.0;31.5;81.0;43.5;9.41;20.11;14.39;295.97;332.10;2.31;191634.0;105.0;107.0;50.0;4497.0;995.16;781.24;6.0;1.0;0;1.0;0;0;1.0;0;0;0;0;0;1.0;1.0;0;0;0;0;0
1287171;1.81;0.85;106.0;4520.0;31.5;81.0;45.75;7.45;17.24;14.39;320.29;315.29;2.31;191634.0;105.0;107.0;50.0;4493.0;995.16;878.89;6.0;1.0;0;1.0;0;0;1.0;0;0;0;0;0;1.0;1.0;0;0;0;0;0
1287738;0.49;1.00;105.0;4417.0;31.5;81.0;42.0;0;4.26;14.29;212.77;231.00;2.58;191634.0;104.0;105.0;50.0;4452.0;995.20;800.77;6.0;1.0;0;1.0;0;0;1.0;0;0;0;0;0;1.0;1.0;0;0;0;0;0
1288296;0.51;1.00;101.0;4328.0;31.5;81.0;-30.0;0;0;14.29;216.58;223.77;2.58;191634.0;102.0;102.0;50.0;4423.0;995.20;0;6.0;1.0;0;1.0;0;0;1.0;0;0;0;0;0;1.0;1.0;0;0;0;0;0
1289052;1.17;1.00;100.0;4261.0;31.5;81.0;40.5;2.74;7.03;14.39;295.84;288.82;2.31;191634.0;99.0;100.0;50.0;4217.0;995.20;878.89;6.0;1.0;0;1.0;0;0;1.0;0;0;0;0;0;1.0;1.0;0;0;0;0;0
1289636;2.74;0.97;100.0;4268.0;31.5;81.0;37.5;10.19;21.72;14.39;344.84;344.50;2.31;191634.0;99.0;100.0;50.0;4378.0;995.20;761.70;6.0;1.0;0;1.0;0;0;1.0;0;0;0;0;0;1.0;1.0;0;0;0;0;0
1290164;2.88;0.92;101.0;4294.0;31.5;81.0;39.0;12.55;24.30;14.39;346.77;332.26;2.31;191634.0;100.0;101.0;50.0;4494.0;995.20;78.12;6.0;1.0;0;1.0;0;0;1.0;0;0;0;0;0;1.0;1.0;0;0;0;0;0
1290694;3.16;0.98;102.0;4346.0;31.5;81.0;38.25;14.51;25.63;14.39;346.48;333.57;2.31;191634.0;101.0;102.0;50.0;4522.0;995.20;390.62;6.0;1.0;0;1.0;0;0;1.0;0;0;0;0;0;1.0;1.0;0;0;0;0;0
1291240;3.62;1.06;103.0;4401.0;31.5;81.0;36.75;16.08;27.28;14.39;329.56;337.63;2.31;191634.0;102.0;104.0;50.0;4537.0;995.20;800.77;6.0;1.0;0;1.0;0;0;1.0;0;0;0;0;0;1.0;1.0;0;0;0;0;0
1291809;2.92;0.96;105.0;4432.0;31.5;81.0;39.75;12.94;24.43;14.39;325.03;342.98;2.31;191634.0;103.0;105.0;50.0;4495.0;995.20;800.77;6.0;1.0;0;1.0;0;0;1.0;0;0;0;0;0;1.0;1.0;0;0;0;0;0
1292331;2.68;0.92;105.0;4482.0;31.5;81.0;41.25;11.76;23.11;14.48;302.16;342.49;2.31;191634.0;104.0;106.0;50.0;4484.0;995.20;429.68;6.0;1.0;0;1.0;0;0;1.0;0;0;0;0;0;1.0;1.0;0;0;0;0;0
1292896;2.71;0.95;106.0;4526.0;31.5;81.0;41.25;11.76;22.79;14.48;332.02;325.74;2.31;191634.0;104.0;107.0;50.0;4500.0;995.20;429.68;6.0;1.0;0;1.0;0;0;1.0;0;0;0;0;0;1.0;1.0;0;0;0;0;0
1293429;2.52;0.91;107.0;4565.0;31.5;81.0;42.75;10.98;22.13;14.39;290.05;270.64;2.31;191634.0;106.0;108.0;50.0;4502.0;995.20;683.58;6.0;1.0;0;1.0;0;0;1.0;0;0;0;0;0;1.0;1.0;0;0;0;0;0
1294343;2.53;0.91;107.0;4568.0;31.5;81.0;42.75;10.98;22.12;14.39;304.10;252.89;2.31;191634.0;106.0;108.0;50.0;4509.0;995.20;800.77;6.0;1.0;0;1.0;0;0;1.0;0;0;0;0;0;1.0;1.0;0;0;0;0;0
1294889;2.52;0.92;108.0;4587.0;31.5;81.0;42.75;10.98;22.02;14.20;316.56;333.08;2.58;191634.0;107.0;108.0;50.0;4515.0;995.20;117.18;6.0;1.0;0;1.0;0;0;1.0;0;0;0;0;0;1.0;1.0;0;0;0;0;0
1295457;2.58;0.96;110.0;4637.0;31.5;81.0;43.5;10.98;21.53;14.39;341.28;352.55;2.31;191634.0;107.0;110.0;50.0;4520.0;995.20;781.24;6.0;1.0;0;1.0;0;0;1.0;0;0;0;0;0;1.0;1.0;0;0;0;0;0
1295992;2.47;0.92;110.0;4649.0;31.5;81.0;43.5;10.98;21.47;14.29;349.46;351.71;2.58;191634.0;108.0;110.0;50.0;4507.0;995.32;117.18;6.0;1.0;0;1.0;0;0;1.0;0;0;0;0;0;1.0;1.0;0;0;0;0;0
1296540;2.52;0.94;110.0;4656.0;31.5;81.0;43.5;10.98;21.49;14.20;347.59;352.55;2.58;191634.0;108.0;110.0;50.0;4506.0;995.40;585.93;6.0;1.0;0;1.0;0;0;1.0;0;0;0;0;0;1.0;1.0;0;0;0;0;0
1297104;2.51;0.95;110.0;4682.0;31.5;81.0;43.5;10.58;21.07;14.20;345.48;345.64;2.58;191634.0;108.0;111.0;50.0;4519.0;995.48;761.70;6.0;1.0;0;1.0;0;0;1.0;0;0;0;0;0;1.0;1.0;0;0;0;0;0
1297637;2.41;0.93;110.0;4682.0;31.5;81.0;43.5;10.19;20.79;14.48;344.02;342.00;2.31;191634.0;109.0;111.0;50.0;4520.0;995.48;820.30;6.0;1.0;0;1.0;0;0;1.0;0;0;0;0;0;1.0;1.0;0;0;0;0;0
1298289;2.32;0.90;111.0;4683.0;31.5;81.0;44.25;10.19;20.61;14.39;340.46;342.86;2.31;191634.0;109.0;111.0;50.0;4511.0;995.63;117.18;6.0;1.0;0;1.0;0;0;1.0;0;0;0;0;0;1.0;1.0;0;0;0;0;0
1299015;2.32;0.91;111.0;4700.0;31.5;81.0;44.25;10.19;20.45;14.39;322.03;322.47;2.31;191634.0;109.0;111.0;50.0;4511.0;995.59;156.24;6.0;1.0;0;1.0;0;0;1.0;0;0;0;0;0;1.0;1.0;0;0;0;0;0
1299641;2.38;0.95;111.0;4711.0;31.5;81.0;44.25;9.80;20.04;14.29;319.37;333.35;2.58;191634.0;109.0;112.0;50.0;4512.0;995.59;820.30;6.0;1.0;0;1.0;0;0;1.0;0;0;0;0;0;1.0;1.0;0;0;0;0;0
1300232;2.18;0.89;112.0;4726.0;31.5;81.0;45.0;9.41;19.75;14.39;346.93;347.24;2.31;191634.0;110.0;112.0;50.0;4500.0;995.63;761.70;6.0;1.0;0;1.0;0;0;1.0;0;0;0;0;0;1.0;1.0;0;0;0;0;0
1300757;2.07;0.86;111.0;4733.0;31.5;81.0;45.0;9.02;19.32;14.39;355.46;353.47;2.31;191634.0;109.0;111.0;50.0;4514.0;995.67;664.05;6.0;1.0;0;1.0;0;0;1.0;0;0;0;0;0;1.0;1.0;0;0;0;0;0
1301298;2.04;0.86;111.0;4708.0;31.5;81.0;45.75;8.62;19.14;14.39;351.73;354.68;2.31;191634.0;110.0;112.0;50.0;4519.0;995.75;800.77;6.0;1.0;0;1.0;0;0;1.0;0;0;0;0;0;1.0;1.0;0;0;0;0;0
1301853;1.99;0.85;111.0;4719.0;31.5;81.0;45.75;8.62;18.79;14.20;356.22;355.89;2.58;191634.0;109.0;111.0;50.0;4511.0;995.75;742.17;6.0;1.0;0;1.0;0;0;1.0;0;0;0;0;0;1.0;1.0;0;0;0;0;0
1302390;1.96;0.85;110.0;4693.0;31.5;81.0;45.75;8.62;18.63;14.39;351.50;352.82;2.31;191634.0;109.0;111.0;50.0;4513.0;995.87;703.11;6.0;1.0;0;1.0;0;0;1.0;0;0;0;0;0;1.0;1.0;0;0;0;0;0
1302911;1.92;1.00;111.0;4679.0;31.5;81.0;47.25;7.05;15.94;14.29;331.91;348.66;2.58;191634.0;109.0;111.0;50.0;4489.0;996.02;878.89;6.0;1.0;0;1.0;0;0;1.0;0;0;0;0;0;1.0;1.0;0;0;0;0;0
1303698;1.87;0.97;110.0;4672.0;31.5;81.0;47.25;7.05;15.71;14.39;348.74;303.20;2.31;191634.0;109.0;110.0;50.0;4501.0;996.14;878.89;6.0;1.0;0;1.0;0;0;1.0;0;0;0;0;0;1.0;1.0;0;0;0;0;0
1304225;1.72;0.90;110.0;4637.0;31.5;81.0;47.25;7.05;15.58;14.39;343.08;322.14;2.31;191634.0;108.0;110.0;50.0;4499.0;996.30;859.36;6.0;1.0;0;1.0;0;0;1.0;0;0;0;0;0;1.0;1.0;0;0;0;0;0
1304770;0.8;0.87;108.0;4425.0;31.5;81.0;48.0;2.35;7.56;14.39;291.05;337.55;2.31;191634.0;107.0;109.0;50.0;4461.0;996.34;859.36;6.0;1.0;0;1.0;0;0;1.0;0;0;0;0;0;1.0;1.0;0;0;0;0;0
1305337;0.52;1.00;106.0;4477.0;31.5;81.0;-30.0;0;0;14.39;283.61;313.69;2.31;191634.0;105.0;106.0;50.0;4482.0;996.37;664.05;6.0;1.0;0;1.0;0;0;1.0;0;0;0;0;0;1.0;1.0;0;0;0;0;0
1305882;0.52;1.00;103.0;4390.0;31.5;81.0;-30.0;0;0;14.39;290.00;304.27;2.31;191634.0;103.0;104.0;50.0;4481.0;996.41;0;6.0;1.0;0;1.0;0;0;1.0;0;0;0;0;0;1.0;1.0;0;0;0;0;0
1306428;0.52;1.00;101.0;4306.0;31.5;81.0;-30.0;0;0;14.39;336.89;338.53;2.31;191634.0;101.0;102.0;50.0;4466.0;996.41;0;6.0;1.0;0;1.0;0;0;1.0;0;0;0;0;0;1.0;1.0;0;0;0;0;0
1306973;0.51;1.00;100.0;4211.0;31.5;81.0;-30.0;0;0;14.39;332.20;360.13;2.31;191634.0;99.0;100.0;50.0;4485.0;996.41;0;6.0;1.0;0;1.0;0;0;1.0;0;0;0;0;0;0;1.0;0;0;0;0;0
1307487;0.50;1.00;97.0;4108.0;31.5;81.0;-30.0;0;0;14.39;344.72;322.94;2.31;191634.0;97.0;97.0;50.0;4511.0;996.45;0;6.0;1.0;0;1.0;0;0;1.0;0;0;0;0;0;1.0;1.0;0;0;0;0;0
1308028;0.51;1.00;95.0;4012.0;31.5;81.0;-30.0;0;0;14.48;328.63;255.08;2.31;191634.0;95.0;95.0;50.0;4518.0;996.45;0;6.0;1.0;0;1.0;0;0;1.0;0;0;0;0;0;1.0;1.0;0;0;0;0;0
1308906;0.51;1.00;93.0;3968.0;31.5;81.0;-30.0;0;0;14.39;350.42;310.85;2.31;191634.0;93.0;94.0;50.0;4509.0;996.45;0;6.0;1.0;0;1.0;0;0;1.0;0;0;0;0;0;1.0;1.0;0;0;0;0;0
1309436;0.48;1.00;90.0;3802.0;31.5;81.0;-30.0;0;0;14.48;289.23;237.69;2.31;191634.0;90.0;90.0;50.0;4494.0;996.45;0;6.0;1.0;0;1.0;0;0;1.0;0;0;0;0;0;1.0;1.0;0;0;0;0;0
1309997;0.50;1.00;88.0;3768.0;31.5;80.25;-30.0;0;0;14.48;245.43;234.36;2.31;191634.0;88.0;89.0;51.0;4489.0;996.45;0;6.0;1.0;0;1.0;0;0;1.0;0;0;0;0;0;1.0;1.0;0;0;0;0;0
1310553;0.88;1.00;86.0;3665.0;31.5;80.25;42.0;1.56;6.93;14.39;214.40;233.03;2.31;191634.0;87.0;87.0;51.0;4208.0;996.45;39.06;6.0;1.0;0;1.0;0;0;1.0;0;0;0;0;0;1.0;1.0;0;0;0;0;0
1311128;1.26;1.00;86.0;3637.0;31.5;80.25;42.0;3.52;9.91;14.39;200.88;193.44;2.31;191634.0;85.0;86.0;51.0;4263.0;996.45;937.48;6.0;1.0;0;1.0;0;0;1.0;0;0;0;0;0;1.0;1.0;0;0;0;0;0
1311696;1.53;0.98;86.0;3613.0;31.5;80.25;42.0;4.31;12.63;14.39;229.04;246.70;2.31;191634.0;85.0;86.0;51.0;4398.0;996.45;917.95;6.0;1.0;0;1.0;0;0;1.0;0;0;0;0;0;1.0;1.0;0;0;0;0;0
1312207;1.69;0.95;85.0;3611.0;31.5;80.25;41.25;5.09;14.68;14.48;278.63;284.47;2.31;191634.0;84.0;86.0;51.0;4478.0;996.45;898.42;6.0;1.0;0;1.0;0;0;1.0;0;0;0;0;0;1.0;1.0;0;0;0;0;0
1312771;2.38;0.98;86.0;3661.0;31.5;80.25;39.75;7.84;19.78;14.39;320.78;322.77;2.31;191634.0;85.0;86.0;51.0;4514.0;996.45;878.89;6.0;1.0;0;1.0;0;0;1.0;0;0;0;0;0;1.0;1.0;0;0;0;0;0
1313531;2.24;0.92;87.0;3705.0;31.5;80.25;40.5;8.23;19.92;14.39;326.60;340.11;2.31;191634.0;86.0;87.0;51.0;4511.0;996.45;859.36;6.0;1.0;0;1.0;0;0;1.0;0;0;0;0;0;1.0;1.0;0;0;0;0;0
1314143;1.96;0.82;88.0;3731.0;31.5;80.25;40.5;7.84;19.41;14.29;349.04;347.96;2.58;191634.0;87.0;88.0;51.0;4520.0;996.45;742.17;6.0;1.0;0;1.0;0;0;1.0;0;0;0;0;0;1.0;1.0;0;0;0;0;0
1314683;1.79;0.77;88.0;3749.0;31.5;80.25;42.0;7.45;19.11;14.39;320.13;287.81;2.31;191634.0;87.0;89.0;51.0;4508.0;996.45;292.96;6.0;1.0;0;1.0;0;0;1.0;0;0;0;0;0;1.0;1.0;0;0;0;0;0
1315257;1.85;0.81;88.0;3777.0;31.5;80.25;42.0;7.45;18.88;14.39;310.52;300.64;2.31;191634.0;88.0;89.0;51.0;4505.0;996.49;527.33;6.0;1.0;0;1.0;0;0;1.0;0;0;0;0;0;1.0;1.0;0;0;0;0;0
1315785;1.84;0.81;90.0;3807.0;31.5;80.25;42.0;7.45;18.56;14.39;298.69;270.04;2.31;191634.0;88.0;90.0;51.0;4512.0;996.57;781.24;6.0;1.0;0;1.0;0;0;1.0;0;0;0;0;0;1.0;1.0;0;0;0;0;0
1316326;1.75;0.78;90.0;3804.0;31.5;80.25;42.0;7.05;18.43;14.29;219.24;256.54;2.58;191634.0;89.0;90.0;51.0;4520.0;996.69;410.15;6.0;1.0;0;1.0;0;0;1.0;0;0;0;0;0;1.0;1.0;0;0;0;0;0
1316937;1.72;0.78;90.0;3831.0;31.5;80.25;42.75;7.05;18.14;14.39;218.61;163.81;2.31;191634.0;89.0;91.0;51.0;4521.0;996.88;742.17;6.0;1.0;0;1.0;0;0;1.0;0;0;0;0;0;1.0;1.0;0;0;0;0;0
1317528;1.46;0.72;90.0;3835.0;31.5;80.25;42.75;6.27;16.50;14.39;201.80;170.53;2.31;191634.0;89.0;91.0;51.0;4515.0;996.96;761.70;6.0;1.0;0;1.0;0;0;1.0;0;0;0;0;0;1.0;1.0;0;0;0;0;0
1318105;1.28;0.71;90.0;3829.0;31.5;80.25;43.5;5.49;14.71;14.29;263.75;257.22;2.58;191634.0;89.0;90.0;51.0;4507.0;997.08;546.86;6.0;1.0;0;1.0;0;0;1.0;0;0;0;0;0;1.0;1.0;0;0;0;0;0
1318704;1.36;0.73;90.0;3824.0;31.5;80.25;43.5;5.88;15.27;14.39;328.78;302.03;2.31;191634.0;89.0;90.0;51.0;4511.0;997.20;136.71;6.0;1.0;0;1.0;0;0;1.0;0;0;0;0;0;1.0;1.0;0;0;0;0;0
1319535;1.47;0.74;90.0;3824.0;31.5;80.25;42.75;6.27;16.20;14.39;344.09;307.57;2.31;191634.0;89.0;90.0;51.0;4523.0;997.20;195.31;6.0;1.0;0;1.0;0;0;1.0;0;0;0;0;0;1.0;1.0;0;0;0;0;0
1320101;1.41;0.77;90.0;3797.0;31.5;80.25;43.5;5.49;15.18;14.39;329.29;318.61;2.31;191634.0;89.0;90.0;51.0;4498.0;997.35;839.83;6.0;1.0;0;1.0;0;0;1.0;0;0;0;0;0;1.0;1.0;0;0;0;0;0
1320659;1.13;0.74;90.0;3770.0;31.5;80.25;43.5;4.70;12.60;14.29;332.08;290.21;2.58;191635.0;89.0;90.0;51.0;4509.0;997.47;820.30;6.0;1.0;0;1.0;0;0;1.0;0;0;0;0;0;1.0;1.0;0;0;0;0;0
1321196;0.80;0.72;88.0;3728.0;31.5;80.25;43.5;2.74;8.97;14.39;291.64;279.18;2.31;191635.0;88.0;89.0;51.0;4518.0;997.55;820.30;6.0;1.0;0;1.0;0;0;1.0;0;0;0;0;0;1.0;1.0;0;0;0;0;0
1321719;0.75;0.70;87.0;3725.0;31.5;80.25;42.75;2.74;8.59;14.39;195.02;177.21;2.31;191635.0;86.0;88.0;51.0;4517.0;997.59;19.53;6.0;1.0;0;1.0;0;0;1.0;0;0;0;0;0;1.0;1.0;0;0;0;0;0
1322237;1.01;0.72;86.0;3656.0;31.5;80.25;42.0;3.92;11.15;14.39;178.34;175.75;2.31;191635.0;86.0;86.0;51.0;4505.0;997.62;703.11;6.0;1.0;0;1.0;0;0;1.0;0;0;0;0;0;1.0;1.0;0;0;0;0;0
1322812;1.15;0.73;86.0;3652.0;31.5;80.25;41.25;4.70;12.72;14.39;140.01;131.45;2.31;191635.0;85.0;86.0;51.0;4516.0;997.66;683.58;6.0;1.0;0;1.0;0;0;1.0;0;0;0;0;0;1.0;1.0;0;0;0;0;0
1323644;1.10;0.73;85.0;3602.0;31.5;80.25;41.25;3.92;12.27;14.29;157.90;215.31;2.58;191635.0;85.0;86.0;51.0;4519.0;997.66;761.70;6.0;1.0;0;1.0;0;0;1.0;0;0;0;0;0;1.0;1.0;0;0;0;0;0
1324248;0.96;0.70;83.0;3576.0;31.5;80.25;41.25;3.52;11.19;14.39;294.12;321.05;2.31;191635.0;83.0;84.0;51.0;4518.0;997.70;78.12;6.0;1.0;0;1.0;0;0;1.0;0;0;0;0;0;1.0;1.0;0;0;0;0;0
1324797;1.35;0.72;83.0;3527.0;31.5;80.25;40.5;5.49;15.31;14.29;327.45;324.45;2.58;191635.0;83.0;83.0;51.0;4499.0;997.70;39.06;6.0;1.0;0;1.0;0;0;1.0;0;0;0;0;0;1.0;1.0;0;0;0;0;0
1325359;1.52;0.76;83.0;3546.0;31.5;80.25;40.5;5.88;16.48;14.39;322.49;346.77;2.31;191635.0;82.0;84.0;51.0;4522.0;997.70;722.64;6.0;1.0;0;1.0;0;0;1.0;0;0;0;0;0;1.0;1.0;0;0;0;0;0
1325882;1.49;0.76;83.0;3545.0;31.5;80.25;40.5;5.88;16.21;14.39;322.45;340.25;2.31;191635.0;83.0;84.0;51.0;4512.0;997.70;800.77;6.0;1.0;0;1.0;0;0;1.0;0;0;0;0;0;1.0;1.0;0;0;0;0;0
1326411;1.42;0.72;83.0;3550.0;31.5;80.25;40.5;5.49;16.18;14.39;342.63;345.89;2.31;191635.0;83.0;84.0;51.0;4525.0;997.70;78.12;6.0;1.0;0;1.0;0;0;1.0;0;0;0;0;0;1.0;1.0;0;0;0;0;0
1327038;2.84;1.00;85.0;3573.0;31.5;81.0;36.75;10.19;22.58;14.39;325.36;335.91;2.31;191635.0;84.0;85.0;50.0;4501.0;997.70;839.83;6.0;1.0;0;1.0;0;0;1.0;0;0;0;0;0;1.0;1.0;0;0;0;0;0
1327575;2.76;0.92;86.0;3660.0;31.5;81.0;36.0;11.76;24.13;14.39;307.87;287.96;2.31;191635.0;85.0;86.0;50.0;4534.0;997.70;742.17;6.0;1.0;0;1.0;0;0;1.0;0;0;0;0;0;1.0;1.0;0;0;0;0;0
1328130;2.70;0.90;87.0;3745.0;31.5;81.0;36.0;12.15;24.41;14.29;300.50;280.58;2.58;191635.0;87.0;88.0;50.0;4530.0;997.70;97.65;6.0;1.0;0;1.0;0;0;1.0;0;0;0;0;0;1.0;1.0;0;0;0;0;0
1329017;2.99;0.97;90.0;3804.0;31.5;81.0;36.0;12.94;24.92;14.29;303.76;254.43;2.58;191635.0;87.0;90.0;50.0;4536.0;997.70;410.15;6.0;1.0;0;1.0;0;0;1.0;0;0;0;0;0;1.0;1.0;0;0;0;0;0
1329561;3.43;1.01;91.0;3904.0;31.5;81.0;34.5;15.68;27.33;14.39;338.76;233.07;2.31;191635.0;90.0;92.0;50.0;4567.0;997.70;644.52;6.0;1.0;0;1.0;0;0;1.0;0;0;0;0;0;1.0;1.0;0;0;0;0;0
1330098;3.57;1.00;93.0;4001.0;31.5;81.0;33.0;16.86;28.53;14.29;339.25;304.66;2.58;191635.0;92.0;94.0;50.0;4572.0;997.74;605.46;6.0;1.0;0;1.0;0;0;1.0;0;0;0;0;0;1.0;1.0;0;0;0;0;0
1330668;3.55;1.01;96.0;4036.0;31.5;81.0;34.5;16.08;28.27;14.39;362.24;340.64;2.31;191635.0;94.0;96.0;50.0;4546.0;997.82;664.05;6.0;1.0;0;1.0;0;0;1.0;0;0;0;0;0;1.0;1.0;0;0;0;0;0
1331194;3.28;0.97;97.0;4137.0;31.5;81.0;36.0;14.90;26.94;14.39;265.97;341.48;2.31;191635.0;95.0;97.0;50.0;4527.0;997.82;781.24;6.0;1.0;0;1.0;0;0;1.0;0;0;0;0;0;1.0;1.0;0;0;0;0;0
1331723;2.86;0.92;98.0;4173.0;31.5;81.0;38.25;12.55;24.63;14.39;296.11;325.42;2.31;191635.0;97.0;99.0;50.0;4509.0;997.86;429.68;6.0;1.0;0;1.0;0;0;1.0;0;0;0;0;0;1.0;1.0;0;0;0;0;0
1332294;2.76;0.94;98.0;4220.0;31.5;81.0;39.75;11.37;23.53;14.39;297.44;271.23;2.31;191635.0;98.0;99.0;50.0;4496.0;997.86;664.05;6.0;1.0;0;1.0;0;0;1.0;0;0;0;0;0;1.0;1.0;0;0;0;0;0
1332879;2.55;0.93;100.0;4223.0;31.5;81.0;41.25;10.19;22.02;14.39;306.09;291.17;2.31;191635.0;98.0;100.0;50.0;4503.0;997.98;800.77;6.0;1.0;0;1.0;0;0;1.0;0;0;0;0;0;1.0;1.0;0;0;0;0;0
1333420;2.39;0.89;101.0;4284.0;31.5;81.0;42.0;10.19;21.53;14.39;270.23;292.40;2.31;191635.0;99.0;101.0;50.0;4511.0;997.90;156.24;6.0;1.0;0;1.0;0;0;1.0;0;0;0;0;0;1.0;1.0;0;0;0;0;0
1334317;2.56;0.96;101.0;4278.0;31.5;81.0;42.0;10.19;21.50;14.39;274.82;235.82;2.31;191635.0;99.0;101.0;50.0;4524.0;997.86;136.71;6.0;1.0;0;1.0;0;0;1.0;0;0;0;0;0;1.0;1.0;0;0;0;0;0
1334898;3.36;1.00;103.0;4358.0;31.5;81.0;36.75;15.68;26.87;14.20;304.86;188.95;2.58;191635.0;101.0;103.0;50.0;4549.0;997.78;624.99;6.0;1.0;0;1.0;0;0;1.0;0;0;0;0;0;1.0;1.0;0;0;0;0;0
1335430;3.53;1.00;105.0;4425.0;31.5;81.0;35.25;17.25;28.32;14.29;333.65;246.52;2.58;191635.0;102.0;105.0;50.0;4517.0;997.78;664.05;6.0;1.0;0;1.0;0;0;1.0;0;0;0;0;0;1.0;1.0;0;0;0;0;0
1335975;3.40;0.98;106.0;4481.0;31.5;81.0;36.75;16.86;27.40;14.39;346.61;318.22;2.31;191635.0;104.0;106.0;50.0;4512.0;997.78;624.99;6.0;1.0;0;1.0;0;0;1.0;0;0;0;0;0;1.0;1.0;0;0;0;0;0
1336537;3.12;0.99;107.0;4535.0;31.5;81.0;39.0;13.72;24.83;14.20;349.33;317.77;2.58;191635.0;105.0;107.0;50.0;4496.0;997.74;722.64;6.0;1.0;0;1.0;0;0;1.0;0;0;0;0;0;1.0;1.0;0;0;0;0;0
1337063;2.74;0.94;107.0;4548.0;31.5;81.0;42.0;12.15;23.12;14.39;346.61;346.50;2.31;191635.0;106.0;108.0;50.0;4498.0;997.82;742.17;6.0;1.0;0;1.0;0;0;1.0;0;0;0;0;0;1.0;1.0;0;0;0;0;0
1337595;2.53;0.93;108.0;4589.0;31.5;81.0;42.75;10.98;21.93;14.39;347.12;289.14;2.31;191635.0;107.0;108.0;50.0;4509.0;997.90;781.24;6.0;1.0;0;1.0;0;0;1.0;0;0;0;0;0;1.0;1.0;0;0;0;0;0
1338115;2.39;0.91;107.0;4593.0;31.5;81.0;43.5;10.19;20.97;14.39;348.98;327.51;2.31;191635.0;106.0;108.0;50.0;4504.0;997.82;703.11;6.0;1.0;0;1.0;0;0;1.0;0;0;0;0;0;1.0;1.0;0;0;0;0;0
1338857;2.12;0.85;107.0;4581.0;31.5;81.0;44.25;9.41;20.12;14.39;329.15;319.29;2.31;191635.0;107.0;108.0;50.0;4504.0;997.82;97.65;6.0;1.0;0;1.0;0;0;1.0;0;0;0;0;0;1.0;1.0;0;0;0;0;0
1339510;2.12;0.88;107.0;4594.0;31.5;81.0;45.0;9.02;19.57;14.39;335.74;322.71;2.31;191635.0;107.0;108.0;50.0;4507.0;997.90;800.77;6.0;1.0;0;1.0;0;0;1.0;0;0;0;0;0;1.0;1.0;0;0;0;0;0
1340074;1.70;0.81;107.0;4571.0;31.5;81.0;47.25;7.45;16.87;14.29;319.92;258.77;2.58;191635.0;106.0;108.0;50.0;4485.0;997.86;761.70;6.0;1.0;0;1.0;0;0;1.0;0;0;0;0;0;1.0;1.0;0;0;0;0;0
1340614;1.71;0.79;107.0;4538.0;31.5;81.0;46.5;7.84;17.51;14.39;302.01;218.38;2.31;191635.0;106.0;108.0;50.0;4510.0;997.94;58.59;6.0;1.0;0;1.0;0;0;1.0;0;0;0;0;0;1.0;1.0;0;0;0;0;0
1341147;1.95;0.85;106.0;4545.0;31.5;81.0;45.75;8.62;18.65;14.39;319.35;301.83;2.31;191635.0;105.0;107.0;50.0;4521.0;997.94;449.21;6.0;1.0;0;1.0;0;0;1.0;0;0;0;0;0;1.0;1.0;0;0;0;0;0
1341668;2.04;0.86;106.0;4526.0;31.5;81.0;45.0;8.62;19.21;14.39;339.21;340.38;2.31;191635.0;105.0;107.0;50.0;4525.0;998.02;800.77;6.0;1.0;0;1.0;0;0;1.0;0;0;0;0;0;1.0;1.0;0;0;0;0;0
1342184;1.92;0.81;106.0;4510.0;31.5;81.0;44.25;8.62;19.14;14.39;235.43;344.41;2.31;191635.0;105.0;106.0;50.0;4520.0;998.09;58.59;6.0;1.0;0;1.0;0;0;1.0;0;0;0;0;0;1.0;1.0;0;0;0;0;0
1342713;2.08;0.87;106.0;4507.0;31.5;81.0;44.25;8.62;19.14;14.39;308.10;354.46;2.31;191635.0;105.0;106.0;50.0;4506.0;998.13;820.30;6.0;1.0;0;1.0;0;0;1.0;0;0;0;0;0;1.0;1.0;0;0;0;0;0
1343248;2.0;0.84;106.0;4502.0;31.5;81.0;44.25;8.62;19.17;14.29;335.54;332.67;2.58;191635.0;105.0;106.0;50.0;4508.0;997.98;605.46;6.0;1.0;0;1.0;0;0;1.0;0;0;0;0;0;1.0;1.0;0;0;0;0;0
1344043;2.09;0.85;106.0;4502.0;31.5;81.0;44.25;9.02;19.95;14.39;339.66;343.25;2.31;191635.0;105.0;106.0;50.0;4522.0;998.13;39.06;6.0;1.0;0;1.0;0;0;1.0;0;0;0;0;0;1.0;1.0;0;0;0;0;0
1344588;2.60;0.96;107.0;4541.0;31.5;81.0;42.0;10.58;21.82;14.48;332.79;321.60;2.31;191635.0;105.0;108.0;50.0;4527.0;998.13;703.11;6.0;1.0;0;1.0;0;0;1.0;0;0;0;0;0;1.0;1.0;0;0;0;0;0
1345104;2.36;0.89;107.0;4549.0;31.5;81.0;43.5;10.58;21.39;14.39;343.92;332.01;2.31;191635.0;106.0;107.0;50.0;4501.0;998.17;175.77;6.0;1.0;0;1.0;0;0;1.0;0;0;0;0;0;1.0;1.0;0;0;0;0;0
1345687;2.51;0.94;107.0;4574.0;31.5;81.0;43.5;10.19;21.23;14.39;298.94;336.13;2.31;191635.0;106.0;108.0;50.0;4505.0;998.17;566.39;6.0;1.0;0;1.0;0;0;1.0;0;0;0;0;0;1.0;1.0;0;0;0;0;0
1346235;2.49;0.95;107.0;4589.0;31.5;81.0;43.5;10.58;21.16;14.39;255.17;294.96;2.31;191635.0;106.0;108.0;50.0;4520.0;998.25;800.77;6.0;1.0;0;1.0;0;0;1.0;0;0;0;0;0;1.0;1.0;0;0;0;0;0
1346789;2.44;0.92;108.0;4589.0;31.5;81.0;43.5;10.58;21.29;14.39;255.15;318.26;2.31;191635.0;106.0;109.0;50.0;4509.0;998.21;722.64;6.0;1.0;0;1.0;0;0;1.0;0;0;0;0;0;1.0;1.0;0;0;0;0;0
1347337;2.44;0.93;108.0;4595.0;31.5;81.0;43.5;10.19;21.13;14.39;274.90;341.57;2.31;191635.0;107.0;109.0;50.0;4505.0;998.29;781.24;6.0;1.0;0;1.0;0;0;1.0;0;0;0;0;0;0;1.0;0;0;0;0;0
1347852;2.2;0.87;108.0;4619.0;31.5;81.0;44.25;9.80;20.58;14.39;322.61;316.26;2.31;191635.0;107.0;109.0;50.0;4505.0;998.29;800.77;6.0;1.0;0;1.0;0;0;1.0;0;0;0;0;0;1.0;1.0;0;0;0;0;0
1348395;2.05;0.86;108.0;4608.0;31.5;81.0;45.75;8.62;19.16;14.48;328.92;348.47;2.31;191635.0;107.0;108.0;50.0;4505.0;998.29;781.24;6.0;1.0;0;1.0;0;0;1.0;0;0;0;0;0;1.0;1.0;0;0;0;0;0
1349283;1.96;0.83;108.0;4608.0;31.5;81.0;45.75;8.62;19.02;14.39;345.32;331.28;2.31;191635.0;107.0;109.0;50.0;4500.0;998.29;585.93;6.0;1.0;0;1.0;0;0;1.0;0;0;0;0;0;1.0;1.0;0;0;0;0;0
1349808;2.36;0.90;108.0;4578.0;31.5;81.0;43.5;10.19;21.04;14.39;345.40;328.98;2.31;191635.0;107.0;109.0;50.0;4530.0;998.25;449.21;6.0;1.0;0;1.0;0;0;1.0;0;0;0;0;0;1.0;1.0;0;0;0;0;0
1350344;2.35;0.92;110.0;4624.0;31.5;81.0;44.25;9.80;20.41;14.20;345.11;293.63;2.58;191635.0;107.0;110.0;50.0;4519.0;998.33;781.24;6.0;1.0;0;1.0;0;0;1.0;0;0;0;0;0;1.0;1.0;0;0;0;0;0
1350880;1.95;0.85;108.0;4615.0;31.5;81.0;45.75;8.62;18.42;14.29;338.04;335.42;2.58;191635.0;107.0;109.0;50.0;4502.0;998.37;761.70;6.0;1.0;0;1.0;0;0;1.0;0;0;0;0;0;1.0;1.0;0;0;0;0;0
1351416;1.62;0.79;108.0;4593.0;31.5;81.0;47.25;7.45;16.54;14.29;308.24;319.94;2.58;191635.0;107.0;109.0;50.0;4500.0;998.41;800.77;6.0;1.0;0;1.0;0;0;1.0;0;0;0;0;0;1.0;1.0;0;0;0;0;0
1351968;1.51;0.74;108.0;4579.0;31.5;81.0;47.25;7.05;16.37;14.39;294.98;288.65;2.31;191635.0;107.0;108.0;50.0;4514.0;998.41;488.27;6.0;1.0;0;1.0;0;0;1.0;0;0;0;0;0;1.0;1.0;0;0;0;0;0
1352485;1.51;0.76;107.0;4541.0;31.5;81.0;47.25;7.05;16.21;14.29;334.49;295.50;2.58;191635.0;106.0;107.0;50.0;4516.0;998.45;78.12;6.0;1.0;0;1.0;0;0;1.0;0;0;0;0;0;1.0;1.0;0;0;0;0;0
1353044;2.01;0.81;107.0;4523.0;31.5;81.0;44.25;9.02;20.04;14.39;344.64;321.99;2.31;191635.0;106.0;107.0;50.0;4530.0;998.52;19.53;6.0;1.0;0;1.0;0;0;1.0;0;0;0;0;0;1.0;1.0;0;0;0;0;0
1353917;2.34;0.90;107.0;4560.0;31.5;81.0;43.5;10.19;21.13;14.39;353.02;350.19;2.31;191635.0;105.0;107.0;50.0;4528.0;998.64;781.24;6.0;1.0;0;1.0;0;0;1.0;0;0;0;0;0;1.0;1.0;0;0;0;0;0
1354433;2.50;0.91;108.0;4564.0;31.5;81.0;42.75;10.98;21.88;14.29;356.75;333.10;2.58;191635.0;107.0;108.0;50.0;4520.0;998.76;175.77;6.0;1.0;0;1.0;0;0;1.0;0;0;0;0;0;1.0;1.0;0;0;0;0;0
1355080;2.60;0.96;107.0;4576.0;31.5;81.0;42.75;10.98;21.82;14.39;332.40;327.92;2.31;191635.0;106.0;108.0;50.0;4517.0;998.80;839.83;6.0;1.0;0;1.0;0;0;1.0;0;0;0;0;0;1.0;1.0;0;0;0;0;0
1355608;2.33;0.90;108.0;4624.0;31.5;81.0;43.5;10.19;20.87;14.39;325.66;322.44;2.31;191635.0;107.0;109.0;50.0;4499.0;998.84;410.15;6.0;1.0;0;1.0;0;0;1.0;0;0;0;0;0;1.0;1.0;0;0;0;0;0
1356131;2.32;0.90;108.0;4591.0;31.5;81.0;44.25;9.80;20.55;14.29;323.74;337.36;2.58;191635.0;107.0;108.0;50.0;4501.0;998.87;742.17;6.0;1.0;0;1.0;0;0;1.0;0;0;0;0;0;1.0;1.0;0;0;0;0;0
1356663;2.23;0.89;108.0;4613.0;31.5;81.0;44.25;9.80;20.33;14.29;337.59;340.25;2.58;191636.0;107.0;109.0;50.0;4515.0;998.87;97.65;6.0;1.0;0;1.0;0;0;1.0;0;0;0;0;0;1.0;1.0;0;0;0;0;0
1357183;2.32;0.91;110.0;4611.0;31.5;81.0;44.25;9.80;20.47;14.39;289.64;337.81;2.31;191636.0;107.0;110.0;50.0;4500.0;998.87;664.05;6.0;1.0;0;1.0;0;0;1.0;0;0;0;0;0;1.0;1.0;0;0;0;0;0
1357732;2.69;0.92;110.0;4635.0;31.5;81.0;42.0;12.15;22.81;14.39;152.37;335.38;2.31;191636.0;107.0;110.0;50.0;4521.0;998.91;97.65;6.0;1.0;0;1.0;0;0;1.0;0;0;0;0;0;1.0;1.0;0;0;0;0;0
1358252;2.92;1.00;110.0;4652.0;31.5;81.0;41.25;12.55;23.24;14.29;171.35;282.85;2.58;191636.0;108.0;110.0;50.0;4523.0;998.91;820.30;6.0;1.0;0;1.0;0;0;1.0;0;0;0;0;0;1.0;1.0;0;0;0;0;0
1359044;2.46;0.91;111.0;4679.0;31.5;81.0;42.75;10.98;21.63;14.48;254.63;306.32;2.31;191636.0;109.0;111.0;50.0;4498.0;998.91;781.24;6.0;1.0;0;1.0;0;0;1.0;0;0;0;0;0;1.0;1.0;0;0;0;0;0
1359572;2.18;0.88;110.0;4655.0;31.5;81.0;45.0;9.41;19.90;14.20;338.43;349.19;2.58;191636.0;108.0;110.0;50.0;4507.0;998.95;781.24;6.0;1.0;0;1.0;0;0;1.0;0;0;0;0;0;1.0;1.0;0;0;0;0;0
1360105;1.96;0.84;111.0;4681.0;31.5;81.0;45.75;8.62;18.73;14.39;348.78;351.28;2.31;191636.0;109.0;111.0;50.0;4508.0;999.07;781.24;6.0;1.0;0;1.0;0;0;1.0;0;0;0;0;0;1.0;1.0;0;0;0;0;0
1360635;1.30;0.80;108.0;4624.0;31.5;81.0;48.0;5.88;13.18;14.39;329.31;352.30;2.31;191636.0;108.0;109.0;50.0;4460.0;999.03;859.36;6.0;1.0;0;1.0;0;0;1.0;0;0;0;0;0;1.0;1.0;0;0;0;0;0
1361180;1.28;0.77;108.0;4581.0;31.5;81.0;48.0;5.88;13.33;14.39;350.13;345.03;2.31;191636.0;107.0;109.0;50.0;4486.0;998.99;800.77;6.0;1.0;0;1.0;0;0;1.0;0;0;0;0;0;1.0;1.0;0;0;0;0;0
1361703;1.52;0.73;107.0;4557.0;31.5;81.0;47.25;7.45;16.67;14.39;347.96;343.04;2.31;191636.0;106.0;108.0;50.0;4525.0;998.99;39.06;6.0;1.0;0;1.0;0;0;1.0;0;0;0;0;0;1.0;1.0;0;0;0;0;0
1362237;1.72;0.79;107.0;4548.0;31.5;81.0;46.5;7.84;17.74;14.29;324.31;343.84;2.58;191636.0;105.0;107.0;50.0;4536.0;998.95;39.06;6.0;1.0;0;1.0;0;0;1.0;0;0;0;0;0;1.0;1.0;0;0;0;0;0
1362767;1.72;0.84;106.0;4508.0;31.5;81.0;46.5;7.05;16.80;14.39;340.79;303.73;2.31;191636.0;105.0;107.0;50.0;4517.0;999.03;839.83;6.0;1.0;0;1.0;0;0;1.0;0;0;0;0;0;1.0;1.0;0;0;0;0;0
1363337;1.20;0.81;105.0;4473.0;31.5;81.0;48.0;5.09;11.86;14.39;341.11;332.61;2.31;191636.0;104.0;105.0;50.0;4454.0;998.99;859.36;6.0;1.0;0;1.0;0;0;1.0;0;0;0;0;0;1.0;1.0;0;0;0;0;0
1364197;0.97;0.79;105.0;4402.0;31.5;81.0;48.0;3.92;9.95;14.39;335.40;249.16;2.31;191636.0;103.0;105.0;50.0;4494.0;999.07;859.36;6.0;1.0;0;1.0;0;0;1.0;0;0;0;0;0;1.0;1.0;0;0;0;0;0
1364723;0.75;0.77;102.0;4356.0;31.5;81.0;47.25;2.35;8.49;14.39;354.13;257.03;2.31;191636.0;101.0;103.0;50.0;4498.0;999.07;800.77;6.0;1.0;0;1.0;0;0;1.0;0;0;0;0;0;1.0;1.0;0;0;0;0;0
1365262;0.41;0.77;100.0;4242.0;31.5;81.0;47.25;0.39;4.83;14.39;358.49;297.77;2.31;191636.0;99.0;100.0;50.0;4499.0;999.11;0;6.0;1.0;0;1.0;0;0;1.0;0;0;0;0;0;1.0;1.0;0;0;0;0;0
1365772;0.51;1.00;97.0;4120.0;31.5;81.0;-30.0;0;0;14.39;339.66;338.51;2.31;191636.0;97.0;98.0;50.0;4519.0;999.07;0;6.0;1.0;0;1.0;0;0;1.0;0;0;0;0;0;1.0;1.0;0;0;0;0;0
1366300;0.65;1.00;96.0;4043.0;31.5;81.0;-30.0;1.56;0;14.48;343.92;333.61;2.31;191636.0;95.0;96.0;50.0;4350.0;999.11;859.36;6.0;1.0;0;1.0;0;0;1.0;0;0;0;0;0;1.0;1.0;0;0;0;0;0
1366884;2.66;0.97;96.0;4078.0;31.5;81.0;14.25;9.02;15.72;14.39;344.84;241.70;2.31;191636.0;95.0;97.0;50.0;4253.0;999.27;859.36;6.0;1.0;0;1.0;0;0;1.0;0;0;0;0;0;1.0;1.0;0;0;0;0;0
1367409;0.71;0.99;95.0;4007.0;31.5;81.0;22.5;1.56;3.71;14.29;200.94;322.32;2.58;191636.0;94.0;95.0;50.0;4359.0;999.34;800.77;6.0;1.0;0;1.0;0;0;1.0;0;0;0;0;0;1.0;1.0;0;0;0;0;0
1368003;0.68;0.98;92.0;3943.0;31.5;81.0;24.75;1.17;4.03;14.39;124.03;343.55;2.31;191636.0;92.0;93.0;50.0;4458.0;999.38;742.17;6.0;1.0;0;1.0;0;0;1.0;0;0;0;0;0;1.0;1.0;0;0;0;0;0
1368799;0.60;0.96;91.0;3819.0;31.5;81.0;28.5;1.17;4.21;14.39;192.83;242.85;2.31;191636.0;90.0;91.0;50.0;4511.0;999.38;624.99;6.0;1.0;0;1.0;0;0;1.0;0;0;0;0;0;1.0;1.0;0;0;0;0;0
1369386;0.52;1.00;87.0;3734.0;31.5;81.0;-30.0;0;0;14.48;169.40;200.14;2.31;191636.0;87.0;88.0;50.0;4537.0;999.42;0;6.0;1.0;0;1.0;0;0;1.0;0;0;0;0;0;1.0;1.0;0;0;0;0;0
1369893;0.55;1.00;86.0;3621.0;31.5;81.0;-30.0;0;0;14.48;281.95;222.72;2.31;191636.0;85.0;86.0;50.0;4550.0;999.58;0;6.0;1.0;0;1.0;0;0;1.0;0;0;0;0;0;1.0;1.0;0;0;0;0;0
1370436;0.54;1.00;83.0;3564.0;31.5;81.0;-30.0;0;0;14.48;307.87;258.83;2.31;191636.0;84.0;84.0;50.0;4561.0;999.73;0;6.0;1.0;0;1.0;0;0;1.0;0;0;0;0;0;1.0;1.0;0;0;0;0;0
1370972;0.55;1.00;82.0;3487.0;31.5;81.0;-30.0;0;0;14.39;336.61;311.71;2.31;191636.0;82.0;82.0;50.0;4569.0;999.77;0;6.0;1.0;0;1.0;0;0;1.0;0;0;0;0;0;1.0;1.0;0;0;0;0;0
1371485;0.56;1.00;80.0;3396.0;31.5;81.0;-30.0;0;0;14.39;346.52;316.79;2.31;191636.0;80.0;80.0;50.0;4558.0;999.81;0;6.0;1.0;0;1.0;0;0;1.0;0;0;0;0;0;1.0;1.0;0;0;0;0;0
1372049;0.56;1.00;78.0;3330.0;31.5;81.0;-30.0;0;0;14.39;341.61;344.52;2.31;191636.0;79.0;79.0;50.0;4559.0;999.93;0;6.0;1.0;0;1.0;0;0;1.0;0;0;0;0;0;1.0;1.0;0;0;0;0;0
1372601;0.58;1.00;77.0;3282.0;31.5;81.0;-30.0;0;0;14.39;351.46;347.47;2.31;191636.0;77.0;77.0;50.0;4562.0;1000.01;0;6.0;1.0;0;1.0;0;0;1.0;0;0;0;0;0;1.0;1.0;0;0;0;0;0
1373227;0.58;1.00;76.0;3210.0;31.5;81.0;-30.0;0;0;14.39;346.57;348.39;2.31;191636.0;75.0;76.0;50.0;4551.0;1000.05;0;6.0;1.0;0;1.0;0;0;1.0;0;0;0;0;0;1.0;1.0;0;0;0;0;0
1374051;1.05;1.00;73.0;3141.0;31.5;81.0;36.0;1.96;8.59;14.39;337.12;258.06;2.31;191636.0;74.0;74.0;50.0;4234.0;1000.09;898.42;6.0;1.0;0;1.0;0;0;1.0;0;0;0;0;0;1.0;1.0;0;0;0;0;0
1374603;1.06;0.99;72.0;3095.0;31.5;81.0;36.0;1.96;9.00;14.39;266.54;220.02;2.31;191636.0;73.0;73.0;50.0;4384.0;1000.12;898.42;6.0;1.0;0;1.0;0;0;1.0;0;0;0;0;0;1.0;1.0;0;0;0;0;0
1375181;1.04;0.97;72.0;3064.0;31.5;81.0;34.5;1.96;8.98;14.39;209.32;176.18;2.31;191636.0;72.0;72.0;50.0;4473.0;1000.12;898.42;6.0;1.0;0;1.0;0;0;1.0;0;0;0;0;0;1.0;1.0;0;0;0;0;0
1375714;0.64;0.95;71.0;3040.0;31.5;81.0;34.5;0.39;6.31;14.11;267.87;258.77;2.58;191636.0;71.0;71.0;50.0;4534.0;1000.16;898.42;6.0;1.0;0;1.0;0;0;1.0;0;0;0;0;0;1.0;1.0;0;0;0;0;0
1376278;0.64;1.00;70.0;2977.0;31.5;81.0;-30.0;0;0;14.39;241.39;255.66;2.31;191636.0;70.0;70.0;50.0;4578.0;1000.16;0;6.0;1.0;0;1.0;0;0;1.0;0;0;0;0;0;1.0;1.0;0;0;0;0;0
1376830;0.65;1.00;68.0;2908.0;31.5;81.0;-30.0;0;0;14.48;286.15;311.93;2.31;191636.0;69.0;69.0;50.0;4570.0;1000.16;0;6.0;1.0;0;1.0;0;0;1.0;0;0;0;0;0;1.0;1.0;0;0;0;0;0
1377366;0.66;1.00;67.0;2867.0;31.5;81.0;-30.0;0;0;14.48;296.19;334.00;2.31;191636.0;68.0;67.0;50.0;4568.0;1000.16;0;6.0;1.0;0;1.0;0;0;1.0;0;0;0;0;0;1.0;1.0;0;0;0;0;0
1377907;0.68;1.00;65.0;2747.0;31.5;81.0;-30.0;0;0;14.48;328.55;343.20;2.31;191636.0;64.0;65.0;50.0;4603.0;1000.16;0;6.0;1.0;0;1.0;0;0;1.0;0;0;0;0;0;1.0;1.0;0;0;0;0;0
1378725;1.32;1.00;60.0;2543.0;31.5;81.0;3.0;0;8.57;14.48;336.28;349.76;2.31;191636.0;60.0;60.0;50.0;4398.0;1000.16;0;6.0;1.0;0;1.0;0;0;1.0;0;0;0;0;0;1.0;1.0;0;0;0;0;0
1379257;0.89;1.00;56.0;2405.0;31.5;81.0;15.75;0;12.65;14.39;286.29;224.34;2.31;191636.0;56.0;56.0;60.0;4211.0;1000.16;156.24;6.0;1.0;0;1.0;0;0;1.0;0;0;1.0;0;0;1.0;1.0;0;0;0;0;0
1379794;0.88;1.00;53.0;2294.0;31.5;81.0;15.75;0;12.70;14.39;215.78;158.56;2.31;191636.0;54.0;54.0;48.0;4397.0;1000.16;742.17;6.0;1.0;0;1.0;0;0;1.0;0;0;1.0;0;0;1.0;1.0;0;0;0;0;0
1380334;0.87;1.00;52.0;2308.0;31.5;81.0;15.75;0;12.86;14.39;156.41;117.33;2.31;191636.0;52.0;52.0;48.0;4432.0;1000.16;859.36;5.0;1.0;0;1.0;0;0;1.0;0;0;1.0;0;0;1.0;1.0;0;0;0;0;0
1380926;0.84;1.00;50.0;2154.0;31.5;81.0;18.75;0;12.24;14.39;105.11;82.45;2.31;191636.0;51.0;50.0;47.0;4509.0;1000.16;878.89;4.0;1.0;0;1.0;0;0;1.0;0;0;1.0;0;0;1.0;1.0;0;0;0;0;0
1381457;0.85;1.00;47.0;2487.0;31.5;81.0;15.0;0;12.88;14.20;116.26;95.52;2.58;191636.0;48.0;48.0;49.0;4470.0;1000.20;761.70;4.0;1.0;0;1.0;0;0;1.0;0;0;1.0;0;0;1.0;1.0;0;0;0;0;0
1381986;1.20;1.00;46.0;2453.0;31.5;81.0;24.75;1.96;7.98;14.39;114.60;98.80;2.31;191636.0;46.0;47.0;50.0;4462.0;1000.20;898.42;4.0;1.0;0;1.0;0;0;1.0;0;0;1.0;0;0;1.0;1.0;0;0;0;0;0
1382536;2.89;0.98;47.0;2462.0;31.5;81.0;0.75;7.45;15.66;14.39;192.01;160.79;2.31;191636.0;47.0;47.0;50.0;4474.0;1000.28;859.36;4.0;1.0;0;1.0;0;0;1.0;0;0;1.0;0;0;1.0;1.0;0;0;0;0;0
1383144;2.01;0.95;47.0;2494.0;31.5;81.0;13.5;4.31;14.80;14.39;228.79;193.62;2.31;191636.0;47.0;48.0;50.0;4516.0;1000.28;878.89;4.0;1.0;0;1.0;0;0;1.0;0;0;1.0;0;0;1.0;1.0;0;0;0;0;0
1384017;1.53;0.93;48.0;2520.0;31.5;81.0;21.75;2.74;13.02;14.39;276.81;177.56;2.31;191636.0;49.0;49.0;50.0;4538.0;1000.24;878.89;4.0;1.0;0;1.0;0;0;1.0;0;0;1.0;0;0;1.0;1.0;0;0;0;0;0
1384551;1.10;0.90;48.0;2474.0;31.5;81.0;25.5;1.56;10.04;14.29;302.09;262.03;2.58;191636.0;48.0;48.0;50.0;4523.0;1000.36;859.36;4.0;1.0;0;1.0;0;0;1.0;0;0;1.0;0;0;1.0;1.0;0;0;0;0;0
1385075;1.05;0.88;47.0;2487.0;31.5;81.0;25.5;1.56;9.74;14.39;325.76;257.44;2.31;191636.0;48.0;48.0;50.0;4516.0;1000.44;859.36;4.0;1.0;0;1.0;0;0;1.0;0;0;1.0;0;0;1.0;1.0;0;0;0;0;0
1385611;1.04;0.87;47.0;2468.0;31.5;81.0;25.5;1.56;9.81;14.39;276.05;235.68;2.31;191636.0;47.0;47.0;50.0;4503.0;1000.55;839.83;4.0;1.0;0;1.0;0;0;1.0;0;0;1.0;0;0;1.0;1.0;0;0;0;0;0
1386150;1.02;0.85;47.0;2441.0;31.5;81.0;24.75;1.56;9.74;14.39;280.35;192.80;2.31;191636.0;47.0;47.0;50.0;4512.0;1000.75;820.30;4.0;1.0;0;1.0;0;0;1.0;0;0;1.0;0;0;1.0;1.0;0;0;0;0;0
1386727;1.32;0.83;46.0;2505.0;31.5;81.0;25.5;2.35;12.50;14.29;240.06;170.92;2.58;191636.0;47.0;47.0;50.0;4512.0;1000.87;839.83;4.0;1.0;0;1.0;0;0;1.0;0;0;1.0;0;0;1.0;1.0;0;0;0;0;0
1387301;2.05;0.81;47.0;2479.0;31.5;81.0;25.5;5.88;20.12;14.20;204.59;230.14;2.58;191636.0;47.0;48.0;50.0;4497.0;1000.98;58.59;4.0;1.0;0;1.0;0;0;1.0;0;0;1.0;0;0;1.0;1.0;0;0;0;0;0
1387823;2.22;0.83;48.0;2574.0;31.5;81.0;27.0;6.66;21.54;14.39;280.60;297.22;2.31;191636.0;48.0;49.0;50.0;4518.0;1000.98;0;4.0;1.0;0;1.0;0;0;1.0;0;0;1.0;0;0;1.0;1.0;0;0;0;0;0
1388684;1.94;0.86;50.0;2621.0;31.5;81.0;27.75;5.09;18.50;14.39;312.34;320.64;2.31;191636.0;50.0;51.0;50.0;4541.0;1001.06;820.30;4.0;1.0;0;1.0;0;0;1.0;0;0;1.0;0;0;1.0;1.0;0;0;0;0;0
1389233;1.63;0.85;51.0;2689.0;31.5;81.0;29.25;3.92;15.76;14.29;250.78;338.12;2.58;191636.0;51.0;52.0;50.0;4523.0;1001.22;839.83;4.0;1.0;0;1.0;0;0;1.0;0;0;1.0;0;0;1.0;1.0;0;0;0;0;0
1389753;1.72;0.82;52.0;2750.0;31.5;81.0;30.0;4.70;17.41;14.29;239.82;344.48;2.58;191636.0;52.0;53.0;50.0;4519.0;1001.30;156.24;4.0;1.0;0;1.0;0;0;1.0;0;0;1.0;0;0;1.0;1.0;0;0;0;0;0
1390295;1.41;0.83;53.0;2777.0;31.5;81.0;30.75;3.13;13.94;14.29;243.05;330.50;2.58;191636.0;53.0;53.0;50.0;4530.0;1001.30;859.36;4.0;1.0;0;1.0;0;0;1.0;0;0;1.0;0;0;1.0;1.0;0;0;0;0;0
1390807;0.83;1.00;52.0;2547.0;31.5;81.0;15.0;0;12.76;14.29;248.81;330.46;2.58;191636.0;53.0;53.0;50.0;4529.0;1001.34;781.24;4.0;1.0;0;1.0;0;0;1.0;0;0;1.0;0;0;1.0;1.0;0;0;0;0;0
1391354;0.79;1.00;51.0;2668.0;31.5;81.0;16.5;0;12.86;14.39;219.69;342.22;2.31;191636.0;51.0;52.0;50.0;4518.0;1001.38;19.53;4.0;1.0;0;1.0;0;0;1.0;0;0;1.0;0;0;1.0;1.0;0;0;0;0;0
1391923;0.8;1.00;50.0;2615.0;31.5;81.75;16.5;0;12.70;14.20;220.06;327.85;2.58;191636.0;50.0;51.0;50.0;4518.0;1001.38;19.53;4.0;1.0;0;1.0;0;0;1.0;0;0;1.0;0;0;1.0;1.0;0;0;0;0;0
1392461;0.82;1.00;48.0;2551.0;31.5;81.75;15.75;0;12.67;14.39;198.73;306.58;2.31;191636.0;49.0;49.0;50.0;4500.0;1001.41;19.53;4.0;1.0;0;1.0;0;0;1.0;0;0;1.0;0;0;1.0;1.0;0;0;0;0;0
1392978;0.84;1.00;47.0;2489.0;31.5;81.75;14.25;0;12.71;14.39;196.80;217.66;2.31;191636.0;48.0;48.0;50.0;4507.0;1001.41;39.06;4.0;1.0;0;1.0;0;0;1.0;0;0;1.0;0;0;1.0;1.0;0;0;0;0;0
1393604;0.84;1.00;46.0;2390.0;31.5;81.75;16.5;0;12.66;14.29;219.06;226.19;2.58;191636.0;46.0;46.0;47.0;4498.0;1001.41;39.06;4.0;1.0;0;1.0;0;0;1.0;0;0;1.0;0;0;1.0;1.0;0;0;0;0;0
1394474;0.88;1.00;42.0;2222.0;31.5;81.75;15.0;0;12.71;14.39;270.45;257.83;2.31;191636.0;43.0;43.0;47.0;4541.0;1001.41;39.06;4.0;1.0;0;1.0;0;0;1.0;0;0;1.0;0;0;1.0;1.0;0;0;0;0;0
1395016;0.85;1.00;40.0;2129.0;31.5;81.75;15.75;0;12.74;14.39;298.55;270.74;2.31;191636.0;40.0;40.0;48.0;4517.0;1001.41;878.89;3.0;1.0;0;1.0;0;0;1.0;0;0;1.0;0;0;1.0;1.0;0;0;0;0;0
1395598;2.14;0.99;40.0;2522.0;31.5;81.75;21.75;4.70;16.22;14.39;325.21;304.76;2.31;191636.0;40.0;40.0;50.0;4459.0;1001.41;898.42;3.0;1.0;0;1.0;0;0;1.0;0;0;1.0;0;0;1.0;1.0;0;0;0;0;0
1396126;2.68;0.98;42.0;2579.0;31.5;81.75;27.0;7.05;21.64;14.29;339.00;324.47;2.58;191636.0;41.0;42.0;50.0;4497.0;1001.41;878.89;3.0;1.0;0;1.0;0;0;1.0;0;0;1.0;0;0;1.0;1.0;0;0;0;0;0
1396655;3.03;0.99;43.0;2722.0;31.5;81.75;28.5;9.41;24.50;14.11;294.72;318.94;2.58;191636.0;43.0;44.0;50.0;4490.0;1001.41;859.36;3.0;1.0;0;1.0;0;0;1.0;0;0;1.0;0;0;1.0;1.0;0;0;0;0;0
1397233;2.85;0.95;47.0;2862.0;31.5;81.75;30.75;9.41;24.61;14.29;278.32;312.96;2.58;191636.0;46.0;47.0;50.0;4520.0;1001.41;800.77;3.0;1.0;0;1.0;0;0;1.0;0;0;1.0;0;0;1.0;1.0;0;0;0;0;0
1397802;2.60;0.90;50.0;3047.0;31.5;81.75;33.0;9.02;24.00;14.29;200.43;220.76;2.58;191636.0;49.0;50.0;50.0;4549.0;1001.41;742.17;3.0;1.0;0;1.0;0;0;1.0;0;0;1.0;0;0;0;1.0;0;0;0;0;0
1398714;0.68;1.00;50.0;2753.0;31.5;81.75;17.25;0;12.80;14.39;138.44;153.27;2.31;191636.0;50.0;50.0;50.0;4524.0;1001.41;0;3.0;1.0;0;1.0;0;0;1.0;0;0;1.0;0;0;1.0;1.0;0;0;0;0;0
1399284;0.96;1.00;47.0;2945.0;31.5;82.5;33.0;0.39;9.74;14.39;70.17;89.74;2.31;191636.0;48.0;48.0;49.0;4237.0;1001.41;624.99;3.0;1.0;0;1.0;0;0;1.0;0;0;1.0;0;0;1.0;1.0;0;0;0;0;0
1399820;0.93;0.99;46.0;2871.0;31.5;82.5;32.25;0.78;7.44;14.29;31.75;46.95;2.58;191636.0;47.0;47.0;49.0;4356.0;1001.41;800.77;3.0;1.0;0;1.0;0;0;1.0;0;0;1.0;0;0;1.0;1.0;0;0;0;0;0
1400356;1.69;0.97;46.0;3025.0;31.5;82.5;34.5;3.92;14.02;14.39;18.12;24.90;2.31;191636.0;46.0;47.0;49.0;4445.0;1001.41;878.89;3.0;1.0;0;1.0;0;0;1.0;0;0;1.0;0;0;1.0;1.0;0;0;0;0;0
1400904;2.31;0.95;47.0;2957.0;31.5;82.5;33.0;6.27;19.43;14.29;9.23;12.51;2.58;191636.0;47.0;48.0;49.0;4489.0;1001.41;859.36;3.0;1.0;0;1.0;0;0;1.0;0;0;1.0;0;0;1.0;1.0;0;0;0;0;0
1401459;3.53;0.99;51.0;3158.0;31.5;82.5;30.0;14.11;28.49;14.39;4.84;6.19;2.31;191636.0;50.0;52.0;49.0;4524.0;1001.41;781.24;3.0;1.0;0;1.0;0;0;1.0;0;0;1.0;0;0;1.0;1.0;0;0;0;0;0
1401979;3.12;0.92;55.0;3387.0;31.5;82.5;31.5;12.94;27.50;14.39;3.86;2.55;2.31;191636.0;54.0;55.0;49.0;4515.0;1001.41;566.39;3.0;1.0;0;1.0;0;0;1.0;0;0;1.0;0;0;1.0;1.0;0;0;0;0;0
1402524;3.13;1.00;56.0;2935.0;31.5;82.5;12.75;7.05;17.72;14.20;1.73;2.30;2.58;191636.0;56.0;56.0;49.0;4255.0;1001.41;859.36;4.0;1.0;0;1.0;0;0;1.0;0;0;1.0;0;0;1.0;1.0;0;0;0;0;0
1403047;4.20;1.00;60.0;3106.0;31.5;82.5;27.0;16.08;30.26;14.39;2.69;4.78;2.31;191636.0;58.0;60.0;49.0;4227.0;1001.41;820.30;4.0;1.0;0;1.0;0;0;1.0;0;0;0;0;0;1.0;1.0;0;0;0;0;0
1403777;3.76;0.97;63.0;3294.0;31.5;82.5;27.0;17.64;29.99;14.29;1.05;2.05;2.58;191636.0;62.0;63.0;49.0;4399.0;1001.41;97.65;4.0;1.0;0;1.0;0;0;1.0;0;0;0;0;0;1.0;1.0;0;0;0;0;0
1404432;1.99;0.97;67.0;3484.0;31.5;82.5;39.0;6.27;18.34;14.20;2.73;0.46;2.58;191636.0;66.0;68.0;49.0;4521.0;1001.41;859.36;4.0;1.0;0;1.0;0;0;1.0;0;0;0;0;0;1.0;1.0;0;0;0;0;0
1404963;0.52;1.00;66.0;3461.0;31.5;82.5;40.5;0;9.56;14.39;1.19;1.66;2.31;191636.0;67.0;67.0;49.0;4549.0;1001.41;820.30;4.0;1.0;0;1.0;0;0;1.0;0;0;0;0;0;1.0;1.0;0;0;0;0;0
1405589;0.8;1.00;65.0;3410.0;31.5;82.5;39.0;1.17;5.89;14.29;1.56;0.60;2.58;191636.0;65.0;66.0;49.0;4428.0;1001.41;0;4.0;1.0;0;1.0;0;0;1.0;0;0;0;0;0;1.0;1.0;0;0;0;0;0
1406145;0.60;1.00;63.0;3342.0;31.5;82.5;-30.0;0;0;14.39;1.91;2.26;2.31;191636.0;62.0;64.0;49.0;4208.0;1001.41;644.52;4.0;1.0;0;1.0;0;0;1.0;0;0;1.0;0;0;1.0;1.0;0;0;0;0;0
1406660;0.72;1.00;53.0;2788.0;31.5;82.5;-30.0;0;0;14.39;2.05;0.93;2.31;191636.0;54.0;54.0;49.0;4212.0;1001.41;0;4.0;1.0;0;1.0;0;0;1.0;0;0;1.0;0;0;1.0;1.0;0;0;0;0;0
1407230;1.08;1.00;43.0;2242.0;31.5;82.5;8.25;0;12.50;14.39;3.16;4.92;2.31;191637.0;44.0;43.0;61.0;4175.0;1001.41;0;4.0;1.0;0;1.0;0;0;1.0;0;0;1.0;0;0;1.0;1.0;0;0;0;0;0
1407787;1.10;1.00;35.0;1711.0;31.5;82.5;15.0;0;12.46;14.29;9.78;4.68;2.58;191637.0;35.0;35.0;45.0;4304.0;1001.41;449.21;4.0;1.0;0;1.0;1.0;0;1.0;0;0;1.0;0;0;1.0;1.0;0;0;1.0;0;0
1408737;1.30;0.99;32.0;1452.0;31.5;82.5;15.0;0;12.54;14.29;12.30;3.18;2.58;191637.0;33.0;33.0;44.0;4488.0;1001.41;820.30;3.0;1.0;0;1.0;0;0;1.0;0;0;1.0;0;0;1.0;1.0;0;0;0;0;0
1409273;0.67;1.00;26.0;2107.0;31.5;82.5;16.5;0;12.69;14.29;15.89;1.60;2.58;191637.0;26.0;26.0;49.0;4518.0;1001.41;839.83;3.0;1.0;0;1.0;0;0;1.0;0;0;1.0;0;0;1.0;1.0;0;0;0;0;0
1409878;1.32;1.00;20.0;1431.0;31.5;82.5;15.0;0;12.58;14.29;12.49;7.16;2.58;191637.0;20.0;19.0;45.0;4480.0;1001.41;820.30;2.0;1.0;0;1.0;1.0;0;1.0;0;0;1.0;0;0;1.0;1.0;0;0;1.0;0;0
1410370;1.23;0.99;11.0;1390.0;31.5;82.5;15.0;0;12.49;14.29;8.59;4.90;2.58;191637.0;12.0;11.0;45.0;4504.0;1001.41;839.83;0;1.0;0;1.0;0;0;1.0;0;0;1.0;0;0;1.0;1.0;0;0;1.0;0;0
1410910;1.39;0.96;0;1295.0;31.5;82.5;12.75;0;11.99;14.11;15.62;34.80;2.58;191637.0;0;0;42.0;4504.0;1001.41;761.70;0;1.0;0;1.0;0;0;1.0;0;0;1.0;0;0;1.0;1.0;0;0;1.0;0;0
1411450;1.20;0.94;0;1294.0;31.5;82.5;12.75;0;11.92;14.29;40.01;98.43;2.58;191637.0;0;0;41.0;4519.0;1001.41;527.33;0;1.0;0;1.0;0;0;1.0;0;0;1.0;0;0;1.0;1.0;0;0;1.0;0;0
1412052;1.19;0.95;0;1254.0;31.5;82.5;15.0;0;12.21;14.29;35.17;90.99;2.58;191637.0;0;0;41.0;4507.0;1001.45;39.06;0;1.0;0;1.0;0;0;1.0;0;0;1.0;0;0;1.0;1.0;0;0;1.0;0;0
1412595;1.22;0.97;0;1276.0;31.5;82.5;14.25;0;12.08;14.39;27.47;75.34;2.31;191637.0;0;0;42.0;4516.0;1001.53;19.53;0;1.0;0;1.0;0;0;1.0;0;0;1.0;0;0;1.0;1.0;0;0;1.0;0;0
1413411;1.20;0.99;0;1268.0;31.5;82.5;14.25;0;12.08;14.39;31.01;110.18;2.31;191637.0;0;0;42.0;4528.0;1001.65;19.53;0;1.0;0;1.0;0;0;1.0;0;0;1.0;0;0;1.0;1.0;0;0;1.0;0;0
1413978;1.20;1.01;0;1273.0;31.5;82.5;14.25;0;12.09;14.29;25.64;109.07;2.58;191637.0;0;0;40.0;4514.0;1002.00;39.06;0;1.0;0;1.0;0;0;1.0;0;0;1.0;0;0;1.0;1.0;0;0;1.0;0;0
1414503;1.31;1.03;0;1234.0;31.5;83.25;16.5;0;12.40;14.20;21.65;79.46;2.58;191637.0;0;0;41.0;4512.0;1002.12;39.06;0;1.0;0;1.0;0;0;1.0;0;0;1.0;0;0;1.0;1.0;0;0;1.0;0;0
1415061;1.25;1.04;0;1248.0;31.5;83.25;15.0;0;12.08;14.29;15.74;57.88;2.58;191637.0;0;0;40.0;4515.0;1002.23;58.59;0;1.0;0;1.0;0;0;1.0;0;0;1.0;0;0;1.0;1.0;0;0;1.0;0;0
1415585;1.25;1.06;0;1265.0;31.5;83.25;13.5;0;11.80;14.29;18.31;52.57;2.58;191637.0;0;0;39.0;4502.0;1002.27;644.52;0;1.0;0;1.0;0;0;1.0;0;0;1.0;0;0;1.0;1.0;0;0;1.0;0;0
1416109;1.26;1.04;0;1236.0;31.5;83.25;15.75;0;12.09;14.29;91.10;90.87;2.58;191637.0;0;0;39.0;4515.0;1002.31;800.77;0;1.0;0;1.0;0;0;1.0;0;0;1.0;0;0;1.0;1.0;0;0;1.0;0;0
1416657;1.22;1.03;0;1263.0;31.5;83.25;13.5;0;11.68;14.20;165.45;91.61;2.58;191637.0;0;0;38.0;4502.0;1002.43;781.24;0;1.0;0;1.0;0;0;1.0;0;0;1.0;0;0;1.0;1.0;0;0;1.0;0;0
1417176;1.20;1.01;0;1248.0;31.5;83.25;15.0;0;11.86;14.39;195.18;136.24;2.31;191637.0;0;0;38.0;4514.0;1002.43;781.24;0;1.0;0;1.0;0;0;1.0;0;0;1.0;0;0;1.0;1.0;0;0;1.0;0;0
1418099;1.2;0.99;0;1234.0;31.5;83.25;15.0;0;11.84;14.29;181.16;181.70;2.58;191637.0;0;0;37.0;4499.0;1002.47;664.05;0;1.0;0;1.0;0;0;1.0;0;0;1.0;0;0;1.0;1.0;0;0;1.0;0;0
1418676;1.26;0.99;0;1202.0;31.5;83.25;18.0;0;12.36;14.29;157.33;171.02;2.58;191637.0;0;0;38.0;4498.0;1002.43;19.53;0;1.0;0;1.0;0;0;1.0;0;0;1.0;0;0;1.0;1.0;0;0;1.0;0;0
1419198;1.25;1.01;0;1204.0;31.5;83.25;19.5;0;12.51;14.39;151.65;154.57;2.31;191637.0;0;0;38.0;4506.0;1002.51;273.43;0;1.0;0;1.0;0;0;1.0;0;0;1.0;0;0;1.0;1.0;0;0;1.0;0;0
1419794;1.18;1.01;0;1246.0;31.5;84.0;15.0;0;11.83;14.29;185.45;150.69;2.58;191637.0;0;0;38.0;4530.0;1002.55;566.39;0;1.0;0;1.0;0;0;1.0;0;0;1.0;0;0;1.0;1.0;0;0;1.0;0;0
1420314;1.28;1.00;0;1222.0;31.5;84.0;17.25;0;12.25;14.29;157.60;139.03;2.58;191637.0;0;0;40.0;4522.0;1002.59;0;0;1.0;0;1.0;0;0;1.0;0;0;1.0;0;0;1.0;1.0;0;0;1.0;0;0
1420850;1.27;1.02;0;1233.0;31.5;84.0;16.5;0;12.14;14.29;136.67;121.96;2.58;191637.0;0;0;39.0;4514.0;1002.59;19.53;0;1.0;0;1.0;0;0;1.0;0;0;1.0;0;0;1.0;1.0;0;0;1.0;0;0
1421440;1.28;1.04;0;1277.0;31.5;84.0;13.5;0;11.67;14.39;149.48;119.99;2.31;191637.0;0;0;40.0;4515.0;1002.59;39.06;0;1.0;0;1.0;0;0;1.0;0;0;1.0;0;0;1.0;1.0;0;0;1.0;0;0
1421970;1.32;1.05;0;1246.0;31.5;84.0;14.25;0;11.80;14.29;187.21;139.44;2.58;191637.0;0;0;38.0;4514.0;1002.55;761.70;0;1.0;0;1.0;0;0;1.0;0;0;1.0;0;0;1.0;1.0;0;0;1.0;0;0
1422522;1.28;1.03;0;1207.0;31.5;84.0;17.25;0;12.26;14.29;228.46;191.76;2.58;191637.0;0;0;38.0;4511.0;1002.55;800.77;0;1.0;0;1.0;0;0;1.0;0;0;1.0;0;0;1.0;1.0;0;0;1.0;0;0
1423370;1.21;1.01;0;1256.0;31.5;84.0;14.25;0;11.74;14.39;265.58;205.31;2.31;191637.0;0;0;38.0;4504.0;1002.51;781.24;0;1.0;0;1.0;0;0;1.0;0;0;1.0;0;0;1.0;1.0;0;0;1.0;0;0
1423903;1.20;1.00;0;1284.0;31.5;84.0;12.75;0;11.48;14.29;297.05;211.90;2.58;191637.0;0;0;38.0;4508.0;1002.55;58.59;0;1.0;0;1.0;0;0;1.0;0;0;1.0;0;0;1.0;1.0;0;0;1.0;0;0
1424471;1.27;1.02;0;1235.0;31.5;84.0;16.5;0;12.09;14.39;318.16;182.50;2.31;191637.0;0;0;38.0;4526.0;1002.59;78.12;0;1.0;0;1.0;0;0;1.0;0;0;1.0;0;0;1.0;1.0;0;0;1.0;0;0
1425062;1.19;1.03;0;1261.0;31.5;84.75;12.75;0;11.46;14.39;322.03;180.14;2.31;191637.0;0;0;38.0;4511.0;1002.59;449.21;0;1.0;0;1.0;0;0;1.0;0;0;1.0;0;0;1.0;1.0;0;0;1.0;0;0
1425649;1.26;1.03;0;1231.0;31.5;84.75;15.0;0;11.79;14.39;314.86;179.96;2.31;191637.0;0;0;39.0;4521.0;1002.63;585.93;0;1.0;0;1.0;0;0;1.0;0;0;1.0;0;0;1.0;1.0;0;0;1.0;0;0
1426203;1.28;1.02;0;1243.0;31.5;84.75;14.25;0;11.71;14.39;291.54;175.90;2.31;191637.0;0;0;38.0;4510.0;1002.63;78.12;0;1.0;0;1.0;0;0;1.0;0;0;1.0;0;0;1.0;1.0;0;0;1.0;0;0
1426738;1.2;1.04;0;1259.0;31.5;84.75;13.5;0;11.54;14.29;245.94;140.81;2.58;191637.0;0;0;37.0;4516.0;1002.63;605.46;0;1.0;0;1.0;0;0;1.0;0;0;1.0;0;0;1.0;1.0;0;0;1.0;0;0
1427281;1.16;1.02;0;1257.0;31.5;84.75;13.5;0;11.51;14.39;179.24;115.55;2.31;191637.0;0;0;37.0;4523.0;1002.55;761.70;0;1.0;0;1.0;0;0;1.0;0;0;1.0;0;0;1.0;1.0;0;0;1.0;0;0
1428105;1.17;1.00;0;1243.0;31.5;84.75;15.0;0;11.69;14.39;154.85;100.18;2.31;191637.0;0;0;39.0;4516.0;1002.59;58.59;0;1.0;0;1.0;0;0;1.0;0;0;1.0;0;0;1.0;1.0;0;0;1.0;0;0
1428689;1.17;1.02;0;1279.0;31.5;84.75;12.75;0;11.39;14.29;176.29;124.24;2.58;191637.0;0;0;38.0;4503.0;1002.59;58.59;0;1.0;0;1.0;0;0;1.0;0;0;1.0;0;0;1.0;1.0;0;0;1.0;0;0
1429209;1.18;1.04;0;1301.0;31.5;84.75;12.0;0;11.29;14.29;207.38;163.81;2.58;191637.0;0;0;38.0;4506.0;1002.55;488.27;0;1.0;0;1.0;0;0;1.0;0;0;1.0;0;0;1.0;1.0;0;0;1.0;0;0
1429750;1.28;1.03;0;1242.0;31.5;84.75;15.0;0;11.77;14.29;189.69;133.87;2.58;191637.0;0;0;38.0;4514.0;1002.55;820.30;0;1.0;0;1.0;0;0;1.0;0;0;1.0;0;0;1.0;1.0;0;0;1.0;0;0
1430374;1.2;1.01;0;1260.0;31.5;84.75;13.5;0;11.55;14.29;159.75;111.04;2.58;191637.0;0;0;38.0;4517.0;1002.59;781.24;0;1.0;0;1.0;0;0;1.0;0;0;1.0;0;0;1.0;1.0;0;0;1.0;0;0
1430890;1.20;0.99;0;1222.0;31.5;84.75;16.5;0;12.03;14.39;124.54;89.95;2.31;191637.0;0;0;38.0;4506.0;1002.59;585.93;0;1.0;0;1.0;0;0;1.0;0;0;1.0;0;0;1.0;1.0;0;0;1.0;0;0
1431445;1.20;1.00;0;1245.0;31.5;84.75;15.0;0;11.77;14.39;135.55;100.54;2.31;191637.0;0;0;39.0;4506.0;1002.55;58.59;0;1.0;0;1.0;0;0;1.0;0;0;1.0;0;0;1.0;1.0;0;0;1.0;0;0
1431963;1.27;1.01;0;1239.0;31.5;85.5;14.25;0;11.72;14.39;136.65;111.30;2.31;191637.0;0;0;37.0;4502.0;1002.55;58.59;0;1.0;0;1.0;0;0;1.0;0;0;1.0;0;0;1.0;1.0;0;0;1.0;0;0
1432821;1.17;1.03;0;1285.0;31.5;85.5;12.0;0;11.29;14.39;129.73;110.05;2.31;191637.0;0;0;38.0;4510.0;1002.59;624.99;0;1.0;0;1.0;0;0;1.0;0;0;1.0;0;0;1.0;1.0;0;0;1.0;0;0
1433400;1.20;1.01;0;1235.0;31.5;85.5;15.0;0;11.76;14.39;116.96;129.62;2.31;191637.0;0;0;38.0;4516.0;1002.59;781.24;0;1.0;0;1.0;0;0;1.0;0;0;1.0;0;0;1.0;1.0;0;0;1.0;0;0
1433909;1.13;0.99;0;1234.0;31.5;85.5;15.75;0;11.90;14.39;177.11;158.32;2.31;191637.0;0;0;38.0;4517.0;1002.63;39.06;0;1.0;0;1.0;0;0;1.0;0;0;1.0;0;0;1.0;1.0;0;0;1.0;0;0
1434440;1.30;1.00;0;1162.0;31.5;85.5;21.0;0;12.74;14.39;220.72;206.29;2.31;191637.0;0;0;38.0;4506.0;1002.55;39.06;0;1.0;0;1.0;0;0;1.0;0;0;1.0;0;0;1.0;1.0;0;0;1.0;0;0
1435021;1.33;1.02;0;1213.0;31.5;85.5;16.5;0;12.05;14.39;254.24;212.54;2.31;191637.0;0;0;37.0;4512.0;1002.55;58.59;0;1.0;0;1.0;0;0;1.0;0;0;1.0;0;0;1.0;1.0;0;0;1.0;0;0
1435603;1.32;1.04;0;1230.0;31.5;85.5;15.0;0;11.75;14.39;224.67;197.13;2.31;191637.0;0;0;37.0;4523.0;1002.59;605.46;0;1.0;0;1.0;0;0;1.0;0;0;1.0;0;0;1.0;1.0;0;0;1.0;0;0
1436160;1.26;1.03;0;1230.0;31.5;85.5;15.75;0;11.84;14.20;155.34;151.45;2.58;191637.0;0;0;37.0;4507.0;1002.59;820.30;0;1.0;0;1.0;0;0;1.0;0;0;1.0;0;0;1.0;1.0;0;0;1.0;0;0
1436712;1.19;1.01;0;1247.0;31.5;85.5;14.25;0;11.64;14.29;119.30;122.64;2.58;191637.0;0;0;38.0;4516.0;1002.55;781.24;0;1.0;0;1.0;0;0;1.0;0;0;1.0;0;0;1.0;1.0;0;0;1.0;0;0
1437304;1.19;0.99;0;1246.0;31.5;85.5;14.25;0;11.54;14.39;134.15;148.01;2.31;191637.0;0;0;38.0;4517.0;1002.59;117.18;0;1.0;0;1.0;0;0;1.0;0;0;1.0;0;0;1.0;1.0;0;0;1.0;0;0
1437835;1.22;1.01;0;1244.0;31.5;85.5;15.0;0;11.77;14.39;156.04;193.03;2.31;191637.0;0;0;38.0;4512.0;1002.59;58.59;0;1.0;0;1.0;0;0;1.0;0;0;1.0;0;0;1.0;1.0;0;0;1.0;0;0
1438646;1.26;1.03;0;1276.0;31.5;86.25;12.75;0;11.43;14.39;135.92;212.81;2.31;191637.0;0;0;38.0;4508.0;1002.59;722.64;0;1.0;0;1.0;0;0;1.0;0;0;1.0;0;0;1.0;1.0;0;0;1.0;0;0
1439207;1.16;1.01;0;1258.0;31.5;86.25;13.5;0;11.50;14.39;107.27;165.53;2.31;191637.0;0;0;37.0;4506.0;1002.63;820.30;0;1.0;0;1.0;0;0;1.0;0;0;1.0;0;0;1.0;1.0;0;0;1.0;0;0
1439802;1.21;1.00;0;1237.0;31.5;86.25;15.0;0;11.69;14.29;86.36;128.83;2.58;191637.0;0;0;37.0;4512.0;1002.63;703.11;0;1.0;0;1.0;0;0;1.0;0;0;1.0;0;0;1.0;1.0;0;0;1.0;0;0
1440340;1.24;0.98;0;1205.0;31.5;86.25;18.0;0;11.66;14.39;87.39;183.58;2.31;191637.0;0;0;38.0;4502.0;1002.63;136.71;0;1.0;0;1.0;0;0;1.0;0;0;1.0;0;0;1.0;1.0;0;0;1.0;0;0
1440888;1.22;0.99;0;1222.0;31.5;86.25;16.5;0;12.03;14.39;151.76;195.53;2.31;191637.0;0;0;37.0;4530.0;1002.63;39.06;0;1.0;0;1.0;0;0;1.0;0;0;1.0;0;0;1.0;1.0;0;0;1.0;0;0
1441423;1.18;1.01;0;1282.0;31.5;86.25;12.75;0;11.40;14.39;190.90;224.38;2.31;191637.0;0;0;38.0;4528.0;1002.63;58.59;0;1.0;0;1.0;0;0;1.0;0;0;1.0;0;0;1.0;1.0;0;0;1.0;0;0
1442005;1.26;1.02;0;1253.0;31.5;86.25;14.25;0;11.71;14.20;191.53;202.74;2.58;191637.0;0;0;38.0;4502.0;1002.63;703.11;0;1.0;0;1.0;0;0;1.0;0;0;1.0;0;0;1.0;1.0;0;0;1.0;0;0
1442565;1.24;1.00;0;1220.0;31.5;86.25;17.25;0;12.19;14.29;189.71;209.47;2.58;191637.0;0;0;39.0;4517.0;1002.63;800.77;0;1.0;0;1.0;0;0;1.0;0;0;1.0;0;0;1.0;1.0;0;0;1.0;0;0
1443491;1.21;0.99;0;1225.0;31.5;86.25;16.5;0;12.07;14.39;169.11;198.40;2.31;191637.0;0;0;38.0;4503.0;1002.63;58.59;0;1.0;0;1.0;0;0;1.0;0;0;1.0;0;0;1.0;1.0;0;0;1.0;0;0
1444029;1.18;1.01;0;1272.0;31.5;86.25;12.75;0;11.49;14.39;177.01;166.29;2.31;191637.0;0;0;39.0;4509.0;1002.55;58.59;0;1.0;0;1.0;0;0;1.0;0;0;1.0;0;0;1.0;1.0;0;0;1.0;0;0
1444592;1.32;1.02;0;1216.0;31.5;86.25;16.5;0;12.11;14.39;167.17;135.53;2.31;191637.0;0;0;39.0;4504.0;1002.51;58.59;0;1.0;0;1.0;0;0;1.0;0;0;1.0;0;0;1.0;1.0;0;0;1.0;0;0
1445135;1.24;1.04;0;1284.0;31.5;87.0;12.0;0;11.32;14.39;181.25;144.36;2.31;191637.0;0;0;37.0;4530.0;1002.55;683.58;0;1.0;0;1.0;0;0;1.0;0;0;1.0;0;0;1.0;1.0;0;0;1.0;0;0
1445660;1.20;1.02;0;1254.0;31.5;87.0;13.5;0;11.55;14.39;139.24;110.89;2.31;191637.0;0;0;37.0;4512.0;1002.55;820.30;0;1.0;0;1.0;0;0;1.0;0;0;1.0;0;0;1.0;1.0;0;0;1.0;0;0
1446191;1.2;1.01;0;1237.0;31.5;87.0;15.0;0;11.71;14.29;115.16;85.17;2.58;191637.0;0;0;38.0;4521.0;1002.51;800.77;0;1.0;0;1.0;0;0;1.0;0;0;1.0;0;0;1.0;1.0;0;0;1.0;0;0
1446784;1.16;0.99;0;1252.0;31.5;87.0;14.25;0;11.65;14.29;115.12;66.24;2.58;191637.0;0;0;38.0;4518.0;1002.55;664.05;0;1.0;0;1.0;0;0;1.0;0;0;1.0;0;0;1.0;1.0;0;0;1.0;0;0
1447304;1.16;0.99;0;1260.0;31.5;87.0;13.5;0;11.54;14.39;139.75;119.79;2.31;191637.0;0;0;38.0;4517.0;1002.59;78.12;0;1.0;0;1.0;0;0;1.0;0;0;1.0;0;0;1.0;1.0;0;0;1.0;0;0
1448226;1.28;1.01;0;1209.0;31.5;87.0;17.25;0;12.12;14.20;139.19;115.65;2.58;191637.0;0;0;37.0;4504.0;1002.59;566.39;0;1.0;0;1.0;0;0;1.0;0;0;1.0;0;0;1.0;1.0;0;0;1.0;0;0
1448774;1.24;0.99;0;1192.0;31.5;87.0;19.5;0;12.42;14.29;96.63;92.45;2.58;191637.0;0;0;38.0;4523.0;1002.63;722.64;0;1.0;0;1.0;0;0;1.0;0;0;1.0;0;0;1.0;1.0;0;0;1.0;0;0
1449330;1.26;0.99;0;1154.0;31.5;87.0;22.5;0;12.80;14.29;84.29;107.51;2.58;191637.0;0;0;38.0;4506.0;1002.63;58.59;0;1.0;0;1.0;0;0;1.0;0;0;1.0;0;0;1.0;1.0;0;0;1.0;0;0
1449879;1.2;1.01;0;1235.0;31.5;87.0;15.75;0;11.89;14.39;80.32;93.15;2.31;191637.0;0;0;38.0;4518.0;1002.63;39.06;0;1.0;0;1.0;0;0;1.0;0;0;1.0;0;0;1.0;1.0;0;0;1.0;0;0
1450412;1.24;1.02;0;1225.0;31.5;87.75;15.75;0;11.87;14.39;78.64;74.87;2.31;191637.0;0;0;37.0;4504.0;1002.63;624.99;0;1.0;0;1.0;0;0;1.0;0;0;1.0;0;0;1.0;1.0;0;0;1.0;0;0
1451068;1.24;1.01;0;1270.0;31.5;87.75;12.75;0;11.37;14.29;64.31;57.51;2.58;191637.0;0;0;37.0;4516.0;1002.63;820.30;0;1.0;0;1.0;0;0;1.0;0;0;1.0;0;0;1.0;1.0;0;0;1.0;0;0
1451609;1.14;0.99;0;1257.0;31.5;87.75;13.5;0;11.47;14.29;44.41;39.72;2.58;191637.0;0;0;37.0;4510.0;1002.63;800.77;0;1.0;0;1.0;0;0;1.0;0;0;1.0;0;0;1.0;1.0;0;0;1.0;0;0
1452145;1.2;0.98;0;1206.0;31.5;87.75;17.25;0;12.07;14.29;34.09;30.48;2.58;191637.0;0;0;37.0;4518.0;1002.63;58.59;0;1.0;0;1.0;0;0;1.0;0;0;1.0;0;0;1.0;1.0;0;0;1.0;0;0
1452930;1.23;1.00;0;1210.0;31.5;87.75;17.25;0;12.08;14.39;32.40;28.41;2.31;191637.0;0;0;37.0;4511.0;1002.63;58.59;0;1.0;0;1.0;0;0;1.0;0;0;1.0;0;0;1.0;1.0;0;0;1.0;0;0
1453565;1.29;1.02;0;1232.0;31.5;87.75;15.75;0;11.82;14.29;23.82;21.22;2.58;191637.0;0;0;37.0;4507.0;1002.63;507.80;0;1.0;0;1.0;0;0;1.0;0;0;1.0;0;0;1.0;1.0;0;0;1.0;0;0
1454090;1.24;1.01;0;1266.0;31.5;87.75;13.5;0;11.50;14.39;32.34;17.65;2.31;191637.0;0;0;38.0;4507.0;1002.63;820.30;0;1.0;0;1.0;0;0;1.0;0;0;1.0;0;0;1.0;1.0;0;0;1.0;0;0
1454634;1.2;1.00;0;1245.0;31.5;87.75;15.0;0;11.72;14.29;53.84;22.34;2.58;191637.0;0;0;38.0;4513.0;1002.63;800.77;0;1.0;0;1.0;0;0;1.0;0;0;1.0;0;0;1.0;1.0;0;0;1.0;0;0
1455160;1.25;0.98;0;1188.0;31.5;87.75;19.5;0;12.42;14.39;43.66;21.13;2.31;191637.0;0;0;38.0;4514.0;1002.55;527.33;0;1.0;0;1.0;0;0;1.0;0;0;1.0;0;0;1.0;1.0;0;0;1.0;0;0
1455683;1.22;0.99;0;1220.0;31.5;87.75;16.5;0;12.01;14.39;56.81;22.90;2.31;191637.0;0;0;38.0;4511.0;1002.59;136.71;0;1.0;0;1.0;0;0;1.0;0;0;1.0;0;0;1.0;1.0;0;0;1.0;0;0
1456221;1.17;0.98;0;1223.0;31.5;88.5;16.5;0;12.03;14.39;68.51;28.45;2.31;191637.0;0;0;38.0;4508.0;1002.59;136.71;0;1.0;0;1.0;0;0;1.0;0;0;1.0;0;0;1.0;1.0;0;0;1.0;0;0
1456751;1.23;1.00;0;1254.0;31.5;88.5;13.5;0;11.55;14.39;92.08;43.25;2.31;191637.0;0;0;37.0;4523.0;1002.59;39.06;0;1.0;0;1.0;0;0;1.0;0;0;1.0;0;0;1.0;1.0;0;0;1.0;0;0
1457380;1.16;1.02;0;1251.0;31.5;88.5;14.25;0;11.66;14.20;71.03;49.80;2.58;191637.0;0;0;37.0;4526.0;1002.63;332.02;0;1.0;0;1.0;0;0;1.0;0;0;1.0;0;0;1.0;1.0;0;0;1.0;0;0
1458167;1.19;1.01;0;1250.0;31.5;88.5;14.25;0;11.68;14.29;57.22;50.32;2.58;191637.0;0;0;38.0;4523.0;1002.63;332.02;0;1.0;0;1.0;0;0;1.0;0;0;1.0;0;0;1.0;1.0;0;0;1.0;0;0
1458736;1.20;1.01;0;1221.0;31.5;89.25;16.5;0;12.01;14.29;81.34;62.84;2.58;191637.0;0;0;37.0;4508.0;1002.55;195.31;0;1.0;0;1.0;1.0;0;1.0;0;0;1.0;0;0;1.0;1.0;0;0;1.0;0;0
1459263;1.28;1.02;0;1227.0;31.5;89.25;15.75;0;11.86;14.39;90.93;79.31;2.31;191637.0;0;0;37.0;4512.0;1002.55;624.99;0;1.0;0;1.0;1.0;0;1.0;0;0;1.0;0;0;1.0;1.0;0;0;1.0;0;0
1459806;1.18;1.01;0;1246.0;31.5;89.25;14.25;0;11.66;14.29;78.45;69.78;2.58;191637.0;0;0;37.0;4513.0;1002.59;800.77;1.0;1.0;0;1.0;1.0;0;1.0;0;0;1.0;0;0;1.0;1.0;0;0;1.0;0;0
1460340;1.30;1.00;0;1214.0;31.5;89.25;16.5;0;12.00;14.29;64.74;57.28;2.58;191637.0;0;0;37.0;4514.0;1002.59;820.30;1.0;1.0;0;1.0;0;0;1.0;0;0;1.0;0;0;1.0;1.0;0;0;0;0;0
1460857;1.29;0.98;0;1131.0;31.5;89.25;24.75;0;13.08;14.39;49.70;46.36;2.31;191637.0;0;0;38.0;4512.0;1002.63;761.70;1.0;1.0;0;1.0;0;0;1.0;0;0;1.0;0;0;1.0;1.0;0;0;0;0;0
1461398;1.16;0.96;0;1236.0;31.5;89.25;15.75;0;11.90;14.29;43.20;37.88;2.58;191637.0;0;0;39.0;4513.0;1002.63;78.12;1.0;1.0;0;1.0;0;0;1.0;0;0;1.0;0;0;1.0;1.0;0;0;0;0;0
1461916;1.18;0.98;0;1256.0;31.5;89.25;14.25;0;11.76;14.29;39.04;31.07;2.58;191637.0;0;0;39.0;4508.0;1002.63;58.59;1.0;1.0;0;1.0;1.0;0;1.0;0;0;1.0;0;0;1.0;1.0;0;0;1.0;0;0
1462446;1.17;1.00;0;1253.0;31.5;89.25;14.25;0;11.78;14.29;45.89;38.53;2.58;191637.0;0;0;39.0;4516.0;1002.55;39.06;1.0;1.0;0;1.0;0;0;1.0;0;0;1.0;0;0;1.0;1.0;0;0;0;0;0
1463263;3.90;1.00;0;2289.0;31.5;90.0;19.5;8.62;25.55;14.20;119.87;114.23;2.58;191637.0;0;0;44.0;4476.0;1002.55;898.42;1.0;1.0;0;1.0;0;0;1.0;0;0;1.0;0;0;1.0;1.0;0;0;0;0;0
1463775;4.72;1.00;12.0;2199.0;31.5;90.0;12.75;16.86;35.40;14.39;53.10;49.07;2.31;191637.0;12.0;12.0;44.0;4447.0;1002.59;878.89;1.0;1.0;0;1.0;0;0;1.0;0;0;1.0;0;0;1.0;1.0;0;0;0;0;0
1464306;4.12;0.97;21.0;2437.0;32.25;90.0;18.0;17.25;33.78;14.20;32.96;28.90;2.58;191637.0;21.0;22.0;44.0;4533.0;1002.59;742.17;1.0;1.0;0;1.0;0;0;1.0;0;0;1.0;0;0;1.0;1.0;0;0;0;0;0
1464889;3.70;0.96;30.0;3321.0;31.5;90.0;27.0;17.64;31.71;14.39;17.45;16.09;2.31;191637.0;29.0;30.0;44.0;4565.0;1002.63;761.70;1.0;1.0;0;1.0;0;0;1.0;0;0;0;0;0;1.0;1.0;0;0;0;0;0
1465426;0.36;1.00;35.0;3633.0;31.5;90.0;-30.0;1.56;0;14.48;8.74;5.80;2.31;191637.0;35.0;35.0;44.0;4365.0;1002.47;898.42;1.0;1.0;0;1.0;0;0;1.0;0;0;1.0;0;0;1.0;1.0;0;0;0;0;0
1466000;4.37;1.00;40.0;3130.0;31.5;90.0;24.75;18.82;32.85;14.39;4.33;2.85;2.31;191637.0;39.0;41.0;44.0;4215.0;1002.39;800.77;2.0;1.0;0;1.0;0;0;1.0;0;0;1.0;0;0;1.0;1.0;0;0;0;0;0
1466590;5.39;1.00;47.0;3695.0;31.5;90.0;21.0;24.70;37.96;14.39;1.66;1.11;2.31;191637.0;46.0;48.0;44.0;4469.0;1002.39;839.83;2.0;1.0;0;1.0;0;0;1.0;0;0;1.0;0;0;1.0;1.0;0;0;0;0;0
1467114;5.00;0.96;55.0;4244.0;31.5;90.0;21.0;27.84;39.65;14.39;0.48;0.27;2.31;191637.0;52.0;55.0;44.0;4585.0;1002.47;585.93;2.0;1.0;0;1.0;0;0;1.0;0;0;1.0;0;0;1.0;1.0;0;0;0;0;0
1467677;0.57;1.00;57.0;4290.0;31.5;90.0;32.25;3.92;4.26;14.48;2.07;0;2.31;191637.0;57.0;58.0;44.0;4369.0;1002.51;859.36;2.0;1.0;0;1.0;0;0;1.0;0;0;1.0;0;0;1.0;1.0;0;0;0;0;0
1468488;6.07;1.00;62.0;3862.0;31.5;90.0;18.75;29.41;41.34;14.29;0.64;0.95;2.58;191637.0;61.0;63.0;44.0;4593.0;1002.55;136.71;3.0;1.0;0;1.0;0;0;1.0;0;0;1.0;0;0;1.0;1.0;0;0;0;0;0
1469027;4.36;0.99;71.0;4316.0;31.5;90.0;27.75;23.13;35.81;14.29;0;0.09;2.58;191637.0;69.0;71.0;44.0;4563.0;1002.39;566.39;3.0;1.0;0;1.0;0;0;1.0;0;0;1.0;0;0;1.0;1.0;0;0;0;0;0
1469580;4.34;1.00;75.0;4582.0;31.5;90.75;29.25;24.31;34.22;14.39;1.97;0;2.31;191637.0;72.0;75.0;44.0;4500.0;1002.31;820.30;3.0;1.0;0;1.0;0;0;1.0;0;0;1.0;0;0;1.0;1.0;0;0;0;0;0
1470140;4.31;0.97;78.0;4821.0;31.5;90.75;29.25;27.06;34.53;14.29;0.44;0.78;2.58;191637.0;77.0;79.0;44.0;4453.0;1002.43;136.71;3.0;1.0;0;1.0;0;0;1.0;0;0;0;0;0;1.0;1.0;0;0;0;0;0
1470745;4.93;1.00;81.0;4244.0;31.5;90.75;27.0;22.35;34.26;14.39;0;2.24;2.31;191637.0;79.0;82.0;44.0;4566.0;1002.35;800.77;4.0;1.0;0;1.0;0;0;1.0;0;0;0;0;0;1.0;1.0;0;0;0;0;0
1471331;4.20;1.00;85.0;4453.0;31.5;90.75;28.5;23.13;33.52;14.39;2.79;1.52;2.31;191637.0;83.0;86.0;44.0;4537.0;1002.31;820.30;4.0;1.0;0;1.0;0;0;1.0;0;0;0;0;0;1.0;1.0;0;0;0;0;0
1471860;3.54;1.01;88.0;4554.0;31.5;90.75;37.5;17.25;27.51;14.29;2.28;2.44;2.58;191637.0;86.0;88.0;44.0;4497.0;1002.27;761.70;4.0;1.0;0;1.0;0;0;1.0;0;0;0;0;0;1.0;1.0;0;0;0;0;0
1472408;3.16;0.99;90.0;4694.0;31.5;90.75;39.75;15.29;25.12;14.39;0.54;0.58;2.31;191637.0;89.0;91.0;44.0;4485.0;1002.31;488.27;4.0;1.0;0;1.0;0;0;1.0;0;0;0;0;0;1.0;1.0;0;0;0;0;0
1473270;0;1.00;92.0;4868.0;31.5;90.75;42.75;0;4.04;14.29;0.05;0.07;2.58;191637.0;91.0;92.0;44.0;4430.0;1002.27;859.36;4.0;1.0;0;1.0;0;0;1.0;0;0;0;0;0;1.0;1.0;0;0;0;0;0
1473829;3.58;1.00;96.0;4437.0;31.5;90.0;33.75;18.43;29.18;14.39;0;0;2.31;191637.0;94.0;96.0;44.0;4580.0;1002.12;644.52;5.0;1.0;0;1.0;0;0;1.0;0;0;0;0;0;1.0;1.0;0;0;0;0;0
1474357;3.39;1.02;98.0;4550.0;31.5;90.0;38.25;16.08;26.51;14.39;0;0;2.31;191637.0;97.0;99.0;44.0;4508.0;1002.12;742.17;5.0;1.0;0;1.0;0;0;1.0;0;0;0;0;0;1.0;1.0;0;0;0;0;0
1474879;3.15;0.98;101.0;4667.0;31.5;90.0;39.75;15.29;25.26;14.29;0;0;2.58;191637.0;98.0;101.0;44.0;4493.0;1002.16;800.77;5.0;1.0;0;1.0;0;0;1.0;0;0;0;0;0;1.0;1.0;0;0;0;0;0
1475411;2.76;0.96;102.0;4694.0;31.5;90.0;42.0;12.15;22.82;14.39;0;0;2.31;191637.0;100.0;102.0;44.0;4488.0;1002.20;644.52;5.0;1.0;0;1.0;0;0;1.0;0;0;0;0;0;1.0;1.0;0;0;0;0;0
1475956;2.38;0.99;102.0;4723.0;31.5;90.0;45.0;9.02;19.51;14.39;1.56;0;2.31;191637.0;102.0;103.0;44.0;4478.0;1002.31;839.83;5.0;1.0;0;1.0;0;0;1.0;0;0;0;0;0;1.0;1.0;0;0;0;0;0
1476541;1.68;0.92;102.0;4701.0;31.5;90.0;47.25;7.05;15.58;14.39;0.33;1.97;2.31;191637.0;101.0;103.0;44.0;4489.0;1002.43;859.36;5.0;1.0;0;1.0;0;0;1.0;0;0;0;0;0;1.0;1.0;0;0;0;0;0
1477085;1.40;0.89;102.0;4684.0;31.5;89.25;48.0;5.88;12.58;14.39;1.97;1.19;2.31;191637.0;101.0;102.0;45.0;4478.0;1002.51;839.83;5.0;1.0;0;1.0;0;0;1.0;0;0;0;0;0;1.0;1.0;0;0;0;0;0
1477654;1.27;0.86;101.0;4636.0;31.5;88.5;48.75;5.09;11.86;14.29;0.60;0.31;2.58;191637.0;100.0;101.0;45.0;4482.0;1002.55;839.83;5.0;1.0;0;1.0;0;0;1.0;0;0;0;0;0;1.0;1.0;0;0;0;0;0
1478491;1.08;0.84;101.0;4595.0;31.5;88.5;48.75;4.31;10.31;14.39;0;0;2.31;191637.0;102.0;99.0;45.0;4484.0;1002.59;839.83;5.0;1.0;0;1.0;0;0;1.0;0;0;0;0;0;1.0;1.0;0;0;0;0;0
1479021;1.07;0.82;98.0;4532.0;31.5;87.75;48.75;4.31;10.46;14.29;6.89;2.20;2.58;191637.0;98.0;99.0;46.0;4521.0;1002.59;839.83;5.0;1.0;0;1.0;0;0;1.0;0;0;0;0;0;1.0;1.0;0;0;0;0;0
1479539;1.03;0.80;97.0;4514.0;31.5;87.75;48.0;4.31;10.25;14.39;27.84;99.31;2.31;191637.0;97.0;97.0;46.0;4497.0;1002.59;820.30;5.0;1.0;0;1.0;0;0;1.0;0;0;0;0;0;1.0;1.0;0;0;0;0;0
1480103;1.02;0.79;96.0;4435.0;31.5;87.75;48.0;4.31;10.35;14.39;41.03;153.38;2.31;191637.0;97.0;97.0;46.0;4513.0;1002.70;800.77;5.0;1.0;0;1.0;0;0;1.0;0;0;0;0;0;1.0;1.0;0;0;0;0;0
1480659;1.0;0.77;95.0;4375.0;31.5;87.75;48.0;4.31;10.49;14.39;133.21;260.92;2.31;191637.0;95.0;96.0;46.0;4520.0;1002.66;781.24;5.0;1.0;0;1.0;0;0;1.0;0;0;0;0;0;1.0;1.0;0;0;0;0;0
1481202;0.99;0.75;95.0;4362.0;31.5;87.0;47.25;4.31;10.52;14.39;255.70;331.05;2.31;191637.0;94.0;95.0;46.0;4511.0;1002.82;742.17;5.0;1.0;0;1.0;0;0;1.0;0;0;0;0;0;1.0;1.0;0;0;0;0;0
1481736;0.98;0.74;93.0;4273.0;31.5;87.0;47.25;4.31;10.67;14.20;320.37;344.60;2.58;191637.0;93.0;93.0;46.0;4497.0;1002.86;429.68;5.0;1.0;0;1.0;0;0;1.0;0;0;0;0;0;1.0;1.0;0;0;0;0;0
1482260;0.99;0.75;92.0;4186.0;31.5;87.0;47.25;3.92;10.56;14.29;342.04;344.09;2.58;191637.0;91.0;92.0;46.0;4504.0;1002.78;527.33;5.0;1.0;0;1.0;0;0;1.0;0;0;0;0;0;1.0;1.0;0;0;0;0;0
1483160;0.92;0.75;91.0;4208.0;31.5;87.0;47.25;3.92;9.96;14.39;314.41;330.07;2.31;191637.0;90.0;91.0;46.0;4524.0;1002.74;97.65;5.0;1.0;0;1.0;0;0;1.0;0;0;0;0;0;1.0;1.0;0;0;0;0;0
1483675;0.96;0.77;88.0;4122.0;31.5;86.25;46.5;3.92;10.07;14.39;296.95;201.66;2.31;191637.0;88.0;89.0;47.0;4508.0;1002.78;781.24;5.0;1.0;0;1.0;0;0;1.0;0;0;0;0;0;1.0;1.0;0;0;0;0;0
1484210;0.95;0.77;87.0;4050.0;31.5;86.25;46.5;3.52;9.98;14.39;247.44;226.84;2.31;191637.0;87.0;88.0;47.0;4514.0;1002.82;761.70;5.0;1.0;0;1.0;0;0;1.0;0;0;0;0;0;1.0;1.0;0;0;0;0;0
1484757;0.50;1.00;85.0;3916.0;31.5;86.25;-30.0;0;0;14.48;314.64;97.59;2.31;191637.0;85.0;85.0;47.0;4541.0;1002.94;0;5.0;1.0;0;1.0;0;0;1.0;0;0;0;0;0;1.0;1.0;0;0;0;0;0
1485296;0.49;1.00;83.0;3855.0;31.5;85.5;-30.0;0;0;14.48;214.41;160.65;2.31;191637.0;83.0;84.0;47.0;4524.0;1003.05;0;5.0;1.0;0;1.0;0;0;1.0;0;0;0;0;0;1.0;1.0;0;0;0;0;0
1485841;0.52;1.00;81.0;3722.0;31.5;85.5;-30.0;0;0;14.48;267.52;227.73;2.31;191637.0;81.0;81.0;47.0;4530.0;1003.13;0;5.0;1.0;0;1.0;0;0;1.0;0;0;0;0;0;1.0;1.0;0;0;0;0;0
1486368;0.53;1.00;78.0;3611.0;31.5;85.5;-30.0;0;0;14.48;327.53;228.95;2.31;191637.0;78.0;79.0;47.0;4537.0;1003.33;0;5.0;1.0;0;1.0;0;0;1.0;0;0;0;0;0;1.0;1.0;0;0;0;0;0
1486943;0.54;1.00;72.0;3361.0;31.5;85.5;-30.0;0;0;14.29;292.81;287.09;2.58;191637.0;73.0;73.0;47.0;4547.0;1003.48;0;5.0;1.0;0;1.0;0;0;1.0;0;0;0;0;0;1.0;1.0;0;0;0;0;0
1487490;0.60;1.00;67.0;3081.0;31.5;85.5;-30.0;0;0;14.48;323.24;326.32;2.31;191637.0;67.0;67.0;47.0;4539.0;1003.60;0;5.0;1.0;0;1.0;0;0;1.0;0;0;0;0;0;1.0;1.0;0;0;0;0;0
1488164;0.74;1.00;62.0;2860.0;31.5;84.75;-30.0;0.39;0;14.39;325.95;328.67;2.31;191637.0;62.0;62.0;48.0;4448.0;1003.68;0;5.0;1.0;0;1.0;0;0;1.0;0;0;0;0;0;1.0;1.0;0;0;0;0;0
1488776;0.64;1.00;56.0;2937.0;31.5;84.75;-30.0;0;0;14.20;140.75;134.63;2.58;191637.0;56.0;56.0;48.0;4257.0;1003.76;19.53;4.0;1.0;0;1.0;0;0;1.0;0;0;1.0;0;0;1.0;1.0;0;0;0;0;0
1489368;0.67;1.00;53.0;2771.0;31.5;84.75;-30.0;0;0;14.39;74.74;71.49;2.31;191637.0;54.0;54.0;48.0;4289.0;1003.80;0;4.0;1.0;0;1.0;0;0;1.0;0;0;1.0;0;0;1.0;1.0;0;0;0;0;0
1489907;0.75;1.00;50.0;2530.0;31.5;84.75;17.25;0;12.45;14.39;39.82;37.90;2.31;191637.0;50.0;50.0;43.0;4201.0;1003.84;410.15;3.0;1.0;0;1.0;0;0;1.0;0;0;1.0;0;0;1.0;1.0;0;0;0;0;0
1490453;0.72;1.00;47.0;2893.0;31.5;84.75;17.25;0;12.30;14.39;21.05;21.44;2.31;191637.0;47.0;47.0;48.0;4315.0;1003.84;19.53;3.0;1.0;0;1.0;0;0;1.0;0;0;1.0;0;0;1.0;1.0;0;0;0;0;0
1490988;0.73;1.00;45.0;2746.0;31.5;84.75;16.5;0;12.39;14.39;9.94;12.38;2.31;191637.0;44.0;45.0;48.0;4466.0;1003.84;19.53;3.0;1.0;0;1.0;0;0;1.0;0;0;1.0;0;0;1.0;1.0;0;0;0;0;0
1491514;0.78;1.00;41.0;2569.0;31.5;84.75;15.0;0;12.38;14.39;5.48;6.85;2.31;191637.0;42.0;42.0;48.0;4489.0;1003.88;39.06;3.0;1.0;0;1.0;0;0;1.0;0;0;1.0;0;0;1.0;1.0;0;0;0;0;0
1492060;0.77;1.00;40.0;2467.0;31.5;84.75;15.75;0;12.33;14.39;7.01;6.09;2.31;191637.0;40.0;40.0;45.0;4491.0;1003.88;39.06;3.0;1.0;0;1.0;0;0;1.0;0;0;1.0;0;0;1.0;1.0;0;0;0;0;0
1492591;0.80;1.00;37.0;2306.0;31.5;84.75;15.0;0;12.33;14.29;29.08;38.63;2.58;191637.0;38.0;38.0;43.0;4542.0;1003.88;39.06;3.0;1.0;0;1.0;0;0;1.0;0;0;1.0;0;0;1.0;1.0;0;0;0;0;0
1493355;0.84;1.00;35.0;2144.0;31.5;84.75;14.25;0;12.26;14.29;126.24;86.84;2.58;191637.0;35.0;35.0;42.0;4544.0;1003.88;39.06;3.0;1.0;0;1.0;0;0;1.0;0;0;1.0;0;0;1.0;1.0;0;0;0;0;0
1493900;0.91;1.00;32.0;1979.0;31.5;84.0;14.25;0;12.40;14.48;189.16;192.21;2.31;191637.0;32.0;33.0;43.0;4527.0;1003.88;58.59;3.0;1.0;0;1.0;0;0;1.0;0;0;1.0;0;0;1.0;1.0;0;0;0;0;0
1494415;0.92;1.00;31.0;1921.0;31.5;84.0;14.25;0;12.30;14.39;217.17;198.36;2.31;191637.0;32.0;31.0;43.0;4516.0;1003.88;58.59;3.0;1.0;0;1.0;0;0;1.0;0;0;1.0;0;0;1.0;1.0;0;0;0;0;0
1494956;0.92;1.00;30.0;1880.0;31.5;84.0;14.25;0;12.35;14.39;210.53;201.60;2.31;191637.0;30.0;30.0;42.0;4510.0;1003.91;58.59;3.0;1.0;0;1.0;0;0;1.0;0;0;1.0;0;0;1.0;1.0;0;0;0;0;0
1495493;1.05;1.00;28.0;1721.0;31.5;84.0;15.0;0;12.29;14.29;232.13;207.46;2.58;191637.0;29.0;29.0;43.0;4519.0;1004.15;78.12;3.0;1.0;0;1.0;1.0;0;1.0;0;0;1.0;0;0;1.0;1.0;0;0;1.0;0;0
1496048;0.94;1.00;28.0;1897.0;31.5;84.0;14.25;0;12.47;14.39;173.11;162.74;2.31;191637.0;29.0;29.0;44.0;4511.0;1004.30;917.95;3.0;1.0;0;1.0;0;0;1.0;0;0;1.0;0;0;1.0;1.0;0;0;0;0;0
1496629;1.28;0.98;27.0;1757.0;31.5;84.0;13.5;0.78;11.62;14.29;155.30;128.50;2.58;191637.0;28.0;28.0;48.0;4524.0;1004.42;859.36;3.0;1.0;0;1.0;0;0;1.0;0;0;1.0;0;0;1.0;1.0;0;0;0;0;0
1497163;1.76;0.96;27.0;1708.0;31.5;84.0;10.5;1.96;12.92;14.29;101.82;79.91;2.58;191637.0;28.0;28.0;48.0;4528.0;1004.66;878.89;3.0;1.0;0;1.0;0;0;1.0;0;0;1.0;0;0;1.0;1.0;0;0;0;0;0
1497729;0.75;1.00;28.0;2005.0;31.5;84.0;13.5;0;12.51;14.29;66.77;55.23;2.58;191637.0;28.0;28.0;44.0;4504.0;1004.81;859.36;3.0;1.0;0;1.0;1.0;0;1.0;0;0;1.0;0;0;1.0;1.0;0;0;1.0;0;0
1498457;1.53;0.98;28.0;1548.0;31.5;84.0;12.75;1.17;11.99;14.39;49.23;51.59;2.31;191637.0;28.0;28.0;48.0;4486.0;1004.93;839.83;2.0;1.0;0;1.0;0;0;1.0;0;0;1.0;0;0;1.0;1.0;0;0;0;0;0
1499004;1.22;0.96;27.0;2139.0;31.5;84.0;20.25;1.17;10.19;14.29;27.47;30.40;2.58;191637.0;28.0;28.0;48.0;4498.0;1005.01;878.89;2.0;1.0;0;1.0;0;0;1.0;0;0;1.0;0;0;1.0;1.0;0;0;0;0;0
1499535;1.16;0.94;27.0;2150.0;31.5;84.0;20.25;1.17;9.87;14.39;17.03;20.58;2.31;191637.0;27.0;27.0;48.0;4520.0;1004.97;878.89;2.0;1.0;0;1.0;0;0;1.0;0;0;1.0;0;0;1.0;1.0;0;0;0;0;0
1500056;1.00;0.99;26.0;1711.0;32.25;84.75;15.0;0;12.40;14.39;28.68;31.79;2.31;191637.0;27.0;27.0;43.0;4527.0;1005.01;664.05;2.0;1.0;0;1.0;0;0;1.0;0;0;1.0;0;0;1.0;1.0;0;0;0;0;0
1500678;1.07;0.98;26.0;1594.0;32.25;84.75;14.25;0;12.15;14.39;35.99;38.82;2.31;191637.0;26.0;26.0;42.0;4533.0;1005.05;761.70;2.0;1.0;0;1.0;0;0;1.0;0;0;1.0;0;0;1.0;1.0;0;0;0;0;0
1501275;0.92;1.00;25.0;1926.0;32.25;84.75;14.25;0;12.29;14.29;60.89;36.54;2.58;191637.0;25.0;25.0;43.0;4513.0;1005.01;39.06;2.0;1.0;0;1.0;0;0;1.0;0;0;1.0;0;0;1.0;1.0;0;0;0;0;0
1501805;0.94;1.00;23.0;1847.0;32.25;84.75;13.5;0;12.23;14.39;112.29;50.21;2.31;191637.0;23.0;23.0;43.0;4510.0;1005.05;19.53;2.0;1.0;0;1.0;0;0;1.0;0;0;1.0;0;0;1.0;1.0;0;0;0;0;0
1502330;1.00;1.00;22.0;1775.0;32.25;84.75;14.25;0;12.36;14.29;101.06;45.29;2.58;191637.0;22.0;22.0;42.0;4527.0;1005.09;19.53;2.0;1.0;0;1.0;0;0;1.0;0;0;1.0;0;0;1.0;1.0;0;0;0;0;0
1503169;3.00;1.00;22.0;2045.0;32.25;84.75;-5.25;5.88;11.74;14.29;74.72;33.45;2.58;191637.0;23.0;23.0;48.0;4516.0;1005.09;878.89;2.0;1.0;0;1.0;0;0;1.0;0;0;1.0;0;0;1.0;1.0;0;0;0;0;0
1503712;1.24;0.99;23.0;1391.0;32.25;84.75;15.0;0;12.34;14.29;59.31;28.06;2.58;191637.0;23.0;24.0;43.0;4469.0;1005.13;839.83;2.0;1.0;0;1.0;0;0;1.0;0;0;1.0;0;0;1.0;1.0;0;0;0;0;0
1504248;1.21;0.97;23.0;1376.0;32.25;84.75;14.25;0;12.28;14.39;101.41;95.87;2.31;191637.0;24.0;24.0;42.0;4493.0;1005.13;781.24;2.0;1.0;0;1.0;0;0;1.0;0;0;1.0;0;0;1.0;1.0;0;0;0;0;0
1504775;1.12;0.95;23.0;1356.0;32.25;84.75;14.25;0;12.25;14.29;129.73;123.52;2.58;191637.0;23.0;23.0;42.0;4518.0;1005.13;742.17;2.0;1.0;0;1.0;0;0;1.0;0;0;1.0;0;0;1.0;1.0;0;0;0;0;0
1505298;1.23;0.95;23.0;1272.0;32.25;84.75;13.5;0;12.08;14.29;124.48;148.29;2.58;191637.0;23.0;23.0;43.0;4509.0;1005.13;19.53;2.0;1.0;0;1.0;0;0;1.0;0;0;1.0;0;0;1.0;1.0;0;0;0;0;0
1505847;1.27;0.97;22.0;1323.0;32.25;84.75;13.5;0;12.12;14.39;189.79;137.08;2.31;191637.0;23.0;23.0;43.0;4512.0;1005.13;39.06;2.0;1.0;0;1.0;0;0;1.0;0;0;1.0;0;0;1.0;1.0;0;0;0;0;0
1506418;1.22;0.98;22.0;1374.0;32.25;84.75;15.0;0;12.29;14.29;181.10;161.55;2.58;191637.0;22.0;23.0;43.0;4507.0;1005.13;136.71;2.0;1.0;0;1.0;0;0;1.0;0;0;1.0;0;0;1.0;1.0;0;0;0;0;0
1506950;1.16;0.99;22.0;1474.0;32.25;84.75;15.0;0;12.22;14.29;154.48;126.08;2.58;191637.0;22.0;22.0;41.0;4548.0;1005.13;781.24;2.0;1.0;0;1.0;0;0;1.0;0;0;1.0;0;0;1.0;1.0;0;0;0;0;0
1507601;2.41;0.99;22.0;1732.0;32.25;84.75;5.25;3.52;14.43;14.39;106.80;95.32;2.31;191637.0;22.0;22.0;48.0;4528.0;1005.13;839.83;2.0;1.0;0;1.0;0;0;1.0;0;0;1.0;0;0;1.0;1.0;0;0;0;0;0
1508335;2.20;0.96;25.0;1945.0;32.25;84.75;13.5;3.52;16.37;14.39;64.62;59.62;2.31;191637.0;24.0;25.0;48.0;4462.0;1005.13;839.83;2.0;1.0;0;1.0;1.0;0;1.0;0;0;1.0;0;0;1.0;1.0;0;0;1.0;0;0
1508859;1.21;0.99;25.0;1376.0;32.25;84.75;18.0;0;12.91;14.29;42.80;35.66;2.58;191637.0;24.0;25.0;42.0;4479.0;1005.13;820.30;2.0;1.0;0;1.0;0;0;1.0;0;0;1.0;0;0;1.0;1.0;0;0;0;0;0
1509412;1.25;0.97;23.0;1321.0;32.25;84.75;12.75;0;12.01;14.11;34.86;33.57;2.58;191637.0;24.0;24.0;44.0;4500.0;1005.13;781.24;2.0;1.0;0;1.0;0;0;1.0;0;0;1.0;0;0;1.0;1.0;0;0;0;0;0
1509950;1.2;0.96;23.0;1398.0;32.25;84.75;14.25;0;12.28;14.39;59.62;57.02;2.31;191637.0;24.0;24.0;42.0;4525.0;1005.13;97.65;2.0;1.0;0;1.0;0;0;1.0;0;0;1.0;0;0;1.0;1.0;0;0;0;0;0
1510488;1.12;0.97;23.0;1419.0;32.25;84.75;15.0;0;12.23;14.39;73.02;49.11;2.31;191637.0;24.0;24.0;41.0;4510.0;1005.13;78.12;2.0;1.0;0;1.0;0;0;1.0;0;0;1.0;0;0;1.0;1.0;0;0;0;0;0
1511019;1.20;0.98;22.0;1435.0;32.25;84.75;15.0;0;12.19;14.29;53.19;37.94;2.58;191637.0;23.0;23.0;42.0;4502.0;1005.13;742.17;2.0;1.0;0;1.0;0;0;1.0;0;0;1.0;0;0;1.0;1.0;0;0;0;0;0
1511602;1.10;0.97;22.0;1493.0;32.25;84.75;14.25;0;12.28;14.39;47.22;28.00;2.31;191637.0;23.0;23.0;42.0;4539.0;1005.13;800.77;2.0;1.0;0;1.0;0;0;1.0;0;0;1.0;0;0;1.0;1.0;0;0;0;0;0
1512145;1.08;0.95;21.0;1440.0;32.25;84.75;15.0;0;12.25;14.29;45.54;20.36;2.58;191637.0;22.0;22.0;41.0;4510.0;1005.13;761.70;2.0;1.0;0;1.0;0;0;1.0;0;0;1.0;0;0;1.0;1.0;0;0;0;0;0
1513034;1.29;0.93;20.0;1326.0;32.25;84.75;13.5;0;12.05;14.39;42.36;30.87;2.31;191637.0;21.0;21.0;42.0;4494.0;1005.13;507.80;2.0;1.0;0;1.0;0;0;1.0;0;0;1.0;0;0;1.0;1.0;0;0;0;0;0
1513586;2.43;0.95;21.0;1707.0;32.25;84.75;10.5;3.52;16.50;14.29;42.28;34.43;2.58;191637.0;21.0;21.0;48.0;4523.0;1005.13;820.30;2.0;1.0;0;1.0;0;0;1.0;0;0;1.0;0;0;1.0;1.0;0;0;0;0;0
1514174;2.48;0.93;23.0;1888.0;32.25;84.75;15.75;4.70;19.41;14.39;27.69;23.74;2.31;191637.0;23.0;24.0;48.0;4503.0;1005.13;781.24;2.0;1.0;0;1.0;0;0;1.0;0;0;1.0;0;0;1.0;1.0;0;0;0;0;0
1514704;0.63;1.00;26.0;2005.0;32.25;84.75;14.25;0;12.32;14.39;16.28;13.94;2.31;191637.0;26.0;26.0;44.0;4513.0;1005.13;234.37;2.0;1.0;0;1.0;0;0;1.0;0;0;1.0;0;0;1.0;1.0;0;0;0;0;0
1515234;1.25;1.00;25.0;1400.0;32.25;84.75;15.0;0;12.35;14.29;50.48;30.52;2.58;191637.0;26.0;26.0;43.0;4516.0;1005.13;78.12;2.0;1.0;0;1.0;0;0;1.0;0;0;1.0;0;0;1.0;1.0;0;0;0;0;0
1515759;1.2;1.01;23.0;1463.0;32.25;84.75;15.0;0;12.27;14.29;117.06;80.50;2.58;191637.0;24.0;24.0;41.0;4540.0;1005.13;820.30;2.0;1.0;0;1.0;0;0;1.0;0;0;1.0;0;0;1.0;1.0;0;0;0;0;0
1516285;2.92;1.00;23.0;1697.0;32.25;84.75;0.75;3.52;12.81;14.39;100.89;66.83;2.31;191637.0;23.0;23.0;48.0;4535.0;1005.13;859.36;2.0;1.0;0;1.0;0;0;1.0;0;0;1.0;0;0;1.0;1.0;0;0;0;0;0
1516826;2.52;0.98;25.0;1929.0;32.25;84.75;4.5;4.70;14.84;14.20;66.10;43.80;2.58;191637.0;24.0;25.0;48.0;4519.0;1005.13;839.83;2.0;1.0;0;1.0;0;0;1.0;0;0;1.0;0;0;1.0;1.0;0;0;0;0;0
1517359;2.44;0.96;26.0;2082.0;32.25;84.75;12.0;4.70;17.26;14.29;41.81;25.76;2.58;191637.0;26.0;26.0;48.0;4475.0;1005.13;820.30;2.0;1.0;0;1.0;0;0;1.0;0;0;1.0;0;0;1.0;1.0;0;0;0;0;0
1518243;2.28;0.94;28.0;2205.0;32.25;84.75;19.5;4.70;18.35;14.29;25.99;15.97;2.58;191637.0;29.0;28.0;48.0;4467.0;1005.13;820.30;2.0;1.0;0;1.0;0;0;1.0;0;0;1.0;0;0;1.0;1.0;0;0;0;0;0
1518809;2.05;0.90;31.0;2491.0;32.25;84.75;25.5;5.09;18.47;14.29;9.92;6.44;2.58;191637.0;31.0;32.0;48.0;4496.0;1005.13;820.30;2.0;1.0;0;1.0;0;0;1.0;0;0;1.0;0;0;1.0;1.0;0;0;0;0;0
1519349;1.91;0.87;33.0;2647.0;32.25;84.75;28.5;5.09;18.03;14.39;6.28;3.16;2.31;191637.0;33.0;34.0;48.0;4537.0;1005.13;800.77;2.0;1.0;0;1.0;0;0;1.0;0;0;1.0;0;0;1.0;1.0;0;0;0;0;0
1519878;1.75;0.84;36.0;2794.0;32.25;84.75;30.75;4.70;17.08;14.48;3.43;3.49;2.31;191637.0;35.0;36.0;48.0;4536.0;1005.13;800.77;2.0;1.0;0;1.0;0;0;1.0;0;0;1.0;0;0;1.0;1.0;0;0;0;0;0
1520412;0.64;1.00;37.0;2965.0;32.25;84.75;39.75;0;15.17;14.39;1.71;4.10;2.31;191637.0;37.0;37.0;48.0;4541.0;1005.13;761.70;2.0;1.0;0;1.0;0;0;1.0;0;0;1.0;0;0;1.0;1.0;0;0;0;0;0
1520934;1.15;0.99;37.0;1461.0;32.25;84.75;22.5;0;13.75;14.48;3.22;18.02;2.31;191637.0;37.0;37.0;45.0;4532.0;1005.13;117.18;2.0;1.0;0;1.0;0;0;1.0;0;0;1.0;0;0;1.0;1.0;0;0;0;0;0
1521468;1.26;1.00;37.0;1300.0;32.25;84.75;13.5;0;12.27;14.29;16.63;36.69;2.58;191637.0;37.0;37.0;43.0;4503.0;1005.13;136.71;2.0;1.0;0;1.0;0;0;1.0;0;0;1.0;0;0;1.0;1.0;0;0;0;0;0
1522010;1.16;1.02;36.0;1442.0;32.25;84.75;14.25;0;12.23;14.29;45.95;60.30;2.58;191637.0;36.0;36.0;42.0;4544.0;1005.13;156.24;2.0;1.0;0;1.0;0;0;1.0;0;0;1.0;0;0;1.0;1.0;0;0;0;0;0
1522608;1.18;1.02;36.0;1480.0;32.25;84.75;15.0;0;12.25;14.29;79.44;57.08;2.58;191637.0;36.0;36.0;41.0;4545.0;1005.13;800.77;2.0;1.0;0;1.0;0;0;1.0;0;0;1.0;0;0;1.0;1.0;0;0;0;0;0
1523325;1.12;1.00;35.0;1484.0;32.25;84.75;15.0;0;12.25;14.29;78.19;80.11;2.58;191637.0;36.0;36.0;43.0;4518.0;1005.13;800.77;2.0;1.0;0;1.0;0;0;1.0;0;0;1.0;0;0;1.0;1.0;0;0;0;0;0
1523875;0.91;1.00;33.0;1948.0;32.25;84.75;13.5;0;12.33;14.39;122.23;107.00;2.31;191637.0;34.0;34.0;41.0;4480.0;1005.13;781.24;2.0;1.0;0;1.0;0;0;1.0;0;0;1.0;0;0;1.0;1.0;0;0;0;0;0
1524390;0.79;1.00;32.0;2545.0;32.25;84.75;15.0;0;12.41;14.39;78.41;94.95;2.31;191637.0;32.0;32.0;48.0;4489.0;1005.13;0;2.0;1.0;0;1.0;0;0;1.0;0;0;1.0;0;0;1.0;1.0;0;0;0;0;0
1524935;0.76;1.00;31.0;2418.0;32.25;84.75;16.5;0;12.28;14.39;51.65;89.19;2.31;191637.0;31.0;31.0;43.0;4504.0;1005.13;0;2.0;1.0;0;1.0;0;0;1.0;0;0;1.0;0;0;1.0;1.0;0;0;0;0;0
1525473;0.79;1.00;28.0;2303.0;32.25;84.75;15.75;0;12.31;14.39;57.78;70.17;2.31;191637.0;29.0;29.0;43.0;4528.0;1005.13;19.53;2.0;1.0;0;1.0;0;0;1.0;0;0;1.0;0;0;1.0;1.0;0;0;0;0;0
1525993;0.82;1.00;27.0;2198.0;32.25;84.75;15.0;0;12.28;14.48;52.12;54.46;2.31;191637.0;28.0;28.0;42.0;4518.0;1005.13;19.53;2.0;1.0;0;1.0;0;0;1.0;0;0;1.0;0;0;1.0;1.0;0;0;0;0;0
1526522;0.83;1.00;27.0;2139.0;32.25;84.75;15.0;0;12.24;14.29;45.36;119.23;2.58;191637.0;27.0;27.0;41.0;4545.0;1005.13;19.53;2.0;1.0;0;1.0;0;0;1.0;0;0;1.0;0;0;1.0;1.0;0;0;0;0;0
1527148;0.90;1.00;25.0;1989.0;32.25;84.75;14.25;0;12.24;14.29;112.10;168.93;2.58;191637.0;26.0;25.0;43.0;4521.0;1005.13;19.53;2.0;1.0;0;1.0;0;0;1.0;0;0;1.0;0;0;1.0;1.0;0;0;0;0;0
1527789;0.95;1.00;23.0;1844.0;32.25;84.75;14.25;0;12.29;14.29;169.36;225.92;2.58;191637.0;24.0;24.0;41.0;4516.0;1005.13;39.06;2.0;1.0;0;1.0;0;0;1.0;0;0;1.0;0;0;1.0;1.0;0;0;0;0;0
1528758;1.02;1.00;21.0;1711.0;32.25;84.75;13.5;0;12.24;14.39;173.89;217.68;2.31;191637.0;22.0;22.0;43.0;4513.0;1005.13;624.99;2.0;1.0;0;1.0;0;0;1.0;0;0;1.0;0;0;1.0;1.0;0;0;0;0;0
1529337;1.22;1.01;18.0;1329.0;32.25;84.75;15.0;0;12.22;14.20;127.19;225.49;2.58;191637.0;19.0;19.0;41.0;4486.0;1005.13;859.36;2.0;1.0;0;1.0;0;0;1.0;0;0;1.0;0;0;1.0;1.0;0;0;0;0;0
1530100;1.27;0.99;16.0;1353.0;32.25;84.75;15.0;0;12.29;14.39;110.01;208.58;2.31;191637.0;17.0;17.0;43.0;4498.0;1005.13;859.36;2.0;1.0;0;1.0;0;0;1.0;0;0;1.0;0;0;1.0;1.0;0;0;0;0;0
1530677;1.16;0.97;15.0;1358.0;32.25;84.75;14.25;0;12.24;14.29;103.58;230.92;2.58;191637.0;15.0;15.0;43.0;4503.0;1005.13;683.58;2.0;1.0;0;1.0;0;0;1.0;0;0;1.0;0;0;1.0;1.0;0;0;0;0;0
1531307;1.19;0.96;13.0;1242.0;32.25;84.75;15.0;0;12.31;14.29;147.37;242.03;2.58;191637.0;14.0;14.0;43.0;4506.0;1005.13;39.06;2.0;1.0;0;1.0;1.0;0;1.0;0;0;1.0;0;0;1.0;1.0;0;0;1.0;0;0
1531901;1.28;0.98;13.0;1275.0;32.25;84.75;13.5;0;12.07;14.29;148.11;247.13;2.58;191637.0;13.0;14.0;42.0;4506.0;1005.13;39.06;2.0;1.0;0;1.0;0;0;1.0;0;0;1.0;0;0;1.0;1.0;0;0;0;0;0
1532475;2.47;1.00;13.0;1561.0;32.25;84.75;3.75;2.74;13.40;14.39;155.38;225.00;2.31;191637.0;13.0;13.0;48.0;4581.0;1005.13;859.36;1.0;1.0;0;1.0;0;0;1.0;0;0;1.0;0;0;1.0;1.0;0;0;0;0;0
1533169;2.51;0.99;15.0;1946.0;32.25;84.75;7.5;4.31;15.68;14.39;107.39;147.58;2.31;191637.0;15.0;15.0;48.0;4529.0;1005.13;878.89;1.0;1.0;0;1.0;0;0;1.0;0;0;1.0;0;0;1.0;1.0;0;0;0;0;0
1534023;2.47;0.96;18.0;2149.0;32.25;84.75;18.75;5.09;19.23;14.39;48.66;66.89;2.31;191637.0;19.0;19.0;48.0;4425.0;1005.20;859.36;1.0;1.0;0;1.0;0;0;1.0;0;0;1.0;0;0;1.0;1.0;0;0;0;0;0
1534614;0.83;1.00;22.0;2114.0;32.25;84.75;13.5;0;12.35;14.29;29.70;35.85;2.58;191637.0;22.0;22.0;44.0;4585.0;1005.16;683.58;1.0;1.0;0;1.0;0;0;1.0;0;0;1.0;0;0;1.0;1.0;0;0;0;0;0
1535167;1.31;1.00;21.0;1347.0;32.25;84.75;13.5;0;12.27;14.39;22.59;23.45;2.31;191637.0;22.0;22.0;45.0;4512.0;1005.16;58.59;1.0;1.0;0;1.0;0;0;1.0;0;0;1.0;0;0;1.0;1.0;0;0;0;0;0
1535721;1.29;1.00;20.0;1308.0;32.25;84.75;12.75;0;12.07;14.39;16.42;20.33;2.31;191637.0;21.0;21.0;43.0;4508.0;1005.16;664.05;1.0;1.0;0;1.0;0;0;1.0;0;0;1.0;0;0;1.0;1.0;0;0;0;0;0
1536303;1.27;0.99;18.0;1333.0;32.25;84.75;14.25;0;12.27;14.39;93.66;39.82;2.31;191637.0;19.0;19.0;43.0;4522.0;1005.16;683.58;1.0;1.0;0;1.0;0;0;1.0;0;0;1.0;0;0;1.0;1.0;0;0;0;0;0
1536840;1.18;0.97;15.0;1355.0;32.25;85.5;13.5;0;12.15;14.29;130.75;61.34;2.58;191637.0;15.0;15.0;43.0;4503.0;1005.16;488.27;1.0;1.0;0;1.0;0;0;1.0;0;0;1.0;0;0;1.0;1.0;0;0;0;0;0
1537462;1.16;0.97;13.0;1332.0;32.25;85.5;14.25;0;12.23;14.29;107.90;108.52;2.58;191637.0;13.0;13.0;42.0;4512.0;1005.24;0;1.0;1.0;0;1.0;0;0;1.0;0;0;1.0;0;0;1.0;1.0;0;0;0;0;0
1538092;1.19;0.99;12.0;1344.0;32.25;85.5;14.25;0;12.21;14.29;153.01;88.70;2.58;191637.0;12.0;12.0;42.0;4539.0;1005.20;19.53;1.0;1.0;0;1.0;0;0;1.0;0;0;1.0;0;0;1.0;1.0;0;0;0;0;0
1538863;1.25;1.01;11.0;1266.0;32.25;85.5;13.5;0;12.07;14.39;153.29;85.28;2.31;191637.0;12.0;12.0;42.0;4525.0;1005.20;566.39;1.0;1.0;0;1.0;0;0;1.0;0;0;1.0;0;0;1.0;1.0;0;0;0;0;0
1539394;1.20;1.02;11.0;1318.0;32.25;85.5;13.5;0;12.03;14.39;176.74;117.76;2.31;191637.0;11.0;11.0;42.0;4512.0;1005.24;761.70;1.0;1.0;0;1.0;0;0;1.0;0;0;1.0;0;0;1.0;1.0;0;0;0;0;0
1539930;1.22;1.00;11.0;1272.0;32.25;85.5;13.5;0;12.00;14.39;176.18;140.67;2.31;191638.0;11.0;11.0;42.0;4513.0;1005.24;722.64;1.0;1.0;0;1.0;0;0;1.0;0;0;1.0;0;0;1.0;1.0;0;0;0;0;0
1540499;1.21;0.99;11.0;1319.0;32.25;85.5;13.5;0;12.02;14.20;209.34;185.10;2.58;191638.0;11.0;11.0;42.0;4521.0;1005.20;410.15;1.0;1.0;0;1.0;0;0;1.0;0;0;1.0;0;0;1.0;1.0;0;0;0;0;0
1541031;1.30;1.01;10.0;1251.0;32.25;85.5;14.25;0;12.17;14.39;251.62;215.24;2.31;191638.0;10.0;10.0;42.0;4499.0;1005.20;19.53;1.0;1.0;0;1.0;1.0;0;1.0;0;0;1.0;0;0;1.0;1.0;0;0;1.0;0;0
1541561;1.29;1.02;10.0;1291.0;32.25;85.5;13.5;0;12.03;14.39;259.22;216.80;2.31;191638.0;11.0;11.0;42.0;4516.0;1005.40;19.53;1.0;1.0;0;1.0;0;0;1.0;0;0;1.0;0;0;1.0;1.0;0;0;0;0;0
1542095;1.24;1.04;11.0;1309.0;32.25;85.5;13.5;0;12.03;14.20;291.91;213.75;2.58;191638.0;11.0;11.0;42.0;4500.0;1005.32;332.02;1.0;1.0;0;1.0;0;0;1.0;0;0;1.0;0;0;1.0;1.0;0;0;0;0;0
1542921;3.16;1.00;11.0;1781.0;32.25;85.5;-3.75;5.09;12.65;14.29;275.27;168.87;2.58;191638.0;11.0;11.0;47.0;4557.0;1005.67;878.89;1.0;1.0;0;1.0;0;0;1.0;0;0;1.0;0;0;1.0;1.0;0;0;0;0;0
1543518;2.72;0.97;15.0;2034.0;32.25;85.5;6.75;5.49;17.14;14.29;271.58;165.57;2.58;191638.0;15.0;15.0;47.0;4480.0;1005.83;839.83;1.0;1.0;0;1.0;0;0;1.0;0;0;1.0;0;0;1.0;1.0;0;0;0;0;0
1544072;2.48;0.95;18.0;2160.0;32.25;85.5;15.75;5.49;19.12;14.39;239.14;190.41;2.31;191638.0;18.0;19.0;47.0;4448.0;1005.67;839.83;1.0;1.0;0;1.0;0;0;1.0;0;0;1.0;0;0;1.0;1.0;0;0;0;0;0
1544608;2.25;0.92;21.0;2387.0;32.25;86.25;23.25;5.09;19.30;14.29;286.85;243.34;2.58;191638.0;21.0;21.0;47.0;4467.0;1005.79;859.36;1.0;1.0;0;1.0;0;0;1.0;0;0;1.0;0;0;1.0;1.0;0;0;0;0;0
1545138;1.95;0.89;23.0;2744.0;32.25;86.25;29.25;5.09;17.76;14.39;325.85;299.25;2.31;191638.0;24.0;24.0;47.0;4546.0;1005.98;820.30;1.0;1.0;0;1.0;1.0;0;1.0;0;0;1.0;0;0;1.0;1.0;0;0;1.0;0;0
1545734;1.50;1.00;23.0;1624.0;32.25;86.25;4.5;0;12.44;14.48;324.11;269.65;2.31;191638.0;23.0;24.0;73.0;4438.0;1005.95;0;1.0;1.0;0;1.0;0;0;1.0;0;0;1.0;0;0;1.0;1.0;0;0;0;0;0
1546259;1.31;1.00;23.0;1329.0;32.25;86.25;12.75;0;11.79;14.39;231.50;186.45;2.31;191638.0;23.0;23.0;41.0;4210.0;1005.95;781.24;1.0;1.0;0;1.0;0;0;1.0;0;0;1.0;0;0;1.0;1.0;0;0;0;0;0
1546801;1.28;0.99;22.0;1341.0;32.25;86.25;14.25;0;12.15;14.39;224.82;166.20;2.31;191638.0;23.0;23.0;41.0;4339.0;1005.87;800.77;1.0;1.0;0;1.0;0;0;1.0;0;0;1.0;0;0;1.0;1.0;0;0;0;0;0
1547371;1.27;0.98;22.0;1339.0;32.25;86.25;14.25;0;12.12;14.39;155.43;114.89;2.31;191638.0;23.0;23.0;42.0;4449.0;1005.98;800.77;1.0;1.0;0;1.0;0;0;1.0;0;0;1.0;0;0;1.0;1.0;0;0;0;0;0
1548248;1.25;0.96;22.0;1303.0;32.25;86.25;13.5;0;12.00;14.39;133.85;103.09;2.31;191638.0;23.0;22.0;42.0;4487.0;1005.95;97.65;1.0;1.0;0;1.0;0;0;1.0;0;0;1.0;0;0;1.0;1.0;0;0;0;0;0
1548850;1.21;0.98;21.0;1339.0;32.25;86.25;14.25;0;12.11;14.39;84.09;65.93;2.31;191638.0;21.0;21.0;41.0;4523.0;1006.10;39.06;1.0;1.0;0;1.0;0;0;1.0;0;0;1.0;0;0;1.0;1.0;0;0;0;0;0
1549388;1.24;0.99;18.0;1394.0;32.25;86.25;14.25;0;12.15;14.39;64.07;52.12;2.31;191638.0;19.0;19.0;41.0;4513.0;1006.06;664.05;1.0;1.0;0;1.0;0;0;1.0;0;0;1.0;0;0;1.0;1.0;0;0;0;0;0
1549922;1.21;0.98;17.0;1375.0;32.25;86.25;14.25;0;12.09;14.39;47.41;38.23;2.31;191638.0;18.0;18.0;41.0;4508.0;1006.06;820.30;1.0;1.0;0;1.0;0;0;1.0;0;0;1.0;0;0;1.0;1.0;0;0;0;0;0
1550473;1.20;0.97;16.0;1379.0;32.25;86.25;14.25;0;12.12;14.39;42.96;32.04;2.31;191638.0;16.0;16.0;41.0;4514.0;1006.14;781.24;1.0;1.0;0;1.0;0;0;1.0;0;0;1.0;0;0;1.0;1.0;0;0;0;0;0
1551013;1.13;0.95;13.0;1365.0;32.25;86.25;14.25;0;12.13;14.39;46.57;38.16;2.31;191638.0;14.0;14.0;41.0;4498.0;1006.14;761.70;1.0;1.0;0;1.0;1.0;0;1.0;0;0;1.0;0;0;1.0;1.0;0;0;1.0;0;0
1551540;1.14;0.93;12.0;1335.0;32.25;86.25;14.25;0;12.11;14.39;33.90;31.48;2.31;191638.0;13.0;13.0;41.0;4519.0;1006.06;39.06;1.0;1.0;0;1.0;0;0;1.0;0;0;1.0;0;0;1.0;1.0;0;0;0;0;0
1552087;1.24;0.95;12.0;1245.0;32.25;86.25;15.0;0;11.97;14.39;28.10;39.27;2.31;191638.0;12.0;12.0;41.0;4498.0;1006.14;19.53;1.0;1.0;0;1.0;0;0;1.0;0;0;1.0;0;0;1.0;1.0;0;0;0;0;0
1552944;1.16;0.97;11.0;1263.0;32.25;86.25;13.5;0;11.96;14.29;24.23;35.91;2.58;191638.0;11.0;11.0;41.0;4507.0;1006.06;39.06;1.0;1.0;0;1.0;0;0;1.0;0;0;1.0;0;0;1.0;1.0;0;0;0;0;0
1553618;1.28;0.99;10.0;1290.0;32.25;87.0;12.75;0;11.80;14.29;15.70;24.39;2.58;191638.0;10.0;9.0;41.0;4513.0;1006.06;39.06;1.0;1.0;0;1.0;0;0;1.0;0;0;1.0;0;0;1.0;1.0;0;0;1.0;0;0
1554204;1.25;1.01;8.0;1238.0;32.25;87.0;15.0;0;12.11;14.29;11.36;17.73;2.58;191638.0;8.0;8.0;41.0;4508.0;1006.06;58.59;1.0;1.0;0;1.0;1.0;0;1.0;0;0;1.0;0;0;1.0;1.0;0;0;1.0;0;0
1554739;1.23;1.03;7.0;1293.0;32.25;87.0;12.0;0;11.58;14.39;10.25;12.22;2.31;191638.0;7.0;7.0;40.0;4512.0;1006.18;78.12;1.0;1.0;0;1.0;1.0;0;1.0;0;0;1.0;0;0;1.0;1.0;0;0;1.0;0;0
1555280;1.36;1.05;3.0;1254.0;32.25;87.0;14.25;0;11.95;14.29;16.75;16.26;2.58;191638.0;4.0;4.0;39.0;4520.0;1006.22;566.39;1.0;1.0;0;1.0;1.0;0;1.0;0;0;1.0;0;0;1.0;1.0;0;0;0;0;0
1555809;1.33;1.03;0;1214.0;32.25;87.0;17.25;0;12.37;14.39;29.35;47.47;2.31;191638.0;0;0;38.0;4520.0;1006.18;800.77;1.0;1.0;0;1.0;0;0;1.0;0;0;1.0;0;0;1.0;1.0;0;0;0;0;0
1556334;1.22;1.02;0;1250.0;32.25;87.0;14.25;0;11.87;14.29;88.43;102.31;2.58;191638.0;0;0;40.0;4511.0;1006.22;800.77;1.0;1.0;0;1.0;0;0;1.0;0;0;1.0;0;0;1.0;1.0;0;0;0;0;0
1556873;1.19;1.00;0;1248.0;32.25;87.0;15.0;0;11.94;14.29;76.12;86.81;2.58;191638.0;0;0;40.0;4522.0;1006.18;644.52;1.0;1.0;0;1.0;1.0;0;1.0;0;0;1.0;0;0;1.0;1.0;0;0;1.0;0;0
1557398;1.23;0.98;0;1248.0;32.25;87.0;15.0;0;11.95;14.29;71.49;75.22;2.58;191638.0;0;0;40.0;4512.0;1006.26;722.64;1.0;1.0;0;1.0;0;0;1.0;0;0;1.0;0;0;1.0;1.0;0;0;0;0;0
1558249;1.21;0.98;0;1215.0;32.25;87.0;17.25;0;12.39;14.29;75.05;68.97;2.58;191638.0;0;0;40.0;4507.0;1006.18;58.59;1.0;1.0;0;1.0;0;0;1.0;0;0;1.0;0;0;1.0;1.0;0;0;0;0;0
1558890;1.21;1.00;0;1258.0;32.25;87.0;14.25;0;11.92;14.29;44.23;42.86;2.58;191638.0;0;0;40.0;4512.0;1006.18;39.06;1.0;1.0;0;1.0;0;0;1.0;0;0;1.0;0;0;1.0;1.0;0;0;0;0;0
1559420;1.22;1.02;0;1240.0;32.25;87.75;15.75;0;12.13;14.29;34.52;31.18;2.58;191638.0;0;0;40.0;4508.0;1006.06;175.77;1.0;1.0;0;1.0;0;0;1.0;0;0;1.0;0;0;1.0;1.0;0;0;0;0;0
1559943;1.25;1.02;0;1237.0;32.25;87.75;15.0;0;11.98;14.39;26.48;24.68;2.31;191638.0;0;0;39.0;4510.0;1006.14;136.71;1.0;1.0;0;1.0;0;0;1.0;0;0;1.0;0;0;1.0;1.0;0;0;0;0;0
1560471;1.36;1.03;0;1228.0;32.25;87.75;16.5;0;12.25;14.39;34.64;24.84;2.31;191638.0;0;0;40.0;4515.0;1005.98;58.59;1.0;1.0;0;1.0;0;0;1.0;0;0;1.0;0;0;1.0;1.0;0;0;0;0;0
1561004;1.28;1.05;0;1234.0;32.25;87.75;15.75;0;12.11;14.29;25.21;20.19;2.58;191638.0;0;0;40.0;4507.0;1005.98;527.33;1.0;1.0;0;1.0;1.0;0;1.0;0;0;1.0;0;0;1.0;1.0;0;0;1.0;0;0
1561539;1.35;1.03;0;1229.0;32.25;87.75;15.75;0;12.11;14.39;22.47;15.46;2.31;191638.0;0;0;39.0;4527.0;1006.02;781.24;1.0;1.0;0;1.0;0;0;1.0;0;0;1.0;0;0;1.0;1.0;0;0;0;0;0
1562080;1.24;1.02;0;1242.0;32.25;87.75;15.0;0;11.96;14.39;23.37;13.72;2.31;191638.0;0;0;39.0;4502.0;1006.10;781.24;1.0;1.0;0;1.0;0;0;1.0;0;0;1.0;0;0;1.0;1.0;0;0;0;0;0
1562608;1.19;1.00;0;1271.0;32.25;87.75;13.5;0;11.72;14.29;50.85;49.82;2.58;191638.0;0;0;40.0;4515.0;1006.06;58.59;1.0;1.0;0;1.0;0;0;1.0;0;0;1.0;0;0;1.0;1.0;0;0;0;0;0
1563231;1.30;1.02;0;1213.0;32.25;87.75;17.25;0;12.37;14.39;42.73;36.28;2.31;191638.0;0;0;40.0;4517.0;1006.02;78.12;1.0;1.0;0;1.0;0;0;1.0;0;0;1.0;0;0;1.0;1.0;0;0;0;0;0
1564034;1.30;1.05;0;1252.0;32.25;87.75;14.25;0;11.89;14.39;31.85;25.01;2.31;191638.0;0;0;40.0;4505.0;1006.02;742.17;1.0;1.0;0;1.0;0;0;1.0;0;0;1.0;0;0;1.0;1.0;0;0;0;0;0
1564580;1.26;1.02;0;1222.0;32.25;87.75;16.5;0;12.25;14.39;29.74;20.95;2.31;191638.0;0;0;38.0;4505.0;1006.02;800.77;1.0;1.0;0;1.0;0;0;1.0;0;0;1.0;0;0;1.0;1.0;0;0;0;0;0
1565160;1.28;1.01;0;1216.0;32.25;87.75;17.25;0;12.36;14.29;87.70;82.26;2.58;191638.0;0;0;40.0;4525.0;1006.10;664.05;1.0;1.0;0;1.0;0;0;1.0;0;0;1.0;0;0;1.0;1.0;0;0;0;0;0
1565680;1.16;1.00;0;1262.0;32.25;87.75;14.25;0;11.87;14.39;67.88;82.33;2.31;191638.0;0;0;39.0;4513.0;1006.14;39.06;1.0;1.0;0;1.0;1.0;0;1.0;0;0;1.0;0;0;1.0;1.0;0;0;1.0;0;0
1566215;1.28;1.01;0;1232.0;32.25;87.75;15.75;0;12.13;14.29;66.14;66.28;2.58;191638.0;0;0;40.0;4519.0;1006.06;39.06;1.0;1.0;0;1.0;1.0;0;1.0;0;0;1.0;0;0;1.0;1.0;0;0;1.0;0;0
1566756;1.31;1.03;0;1254.0;32.25;88.5;14.25;0;11.95;14.39;50.79;50.89;2.31;191638.0;0;0;40.0;4522.0;1006.02;58.59;1.0;1.0;0;1.0;0;0;1.0;0;0;1.0;0;0;1.0;1.0;0;0;0;0;0
1567281;1.25;1.05;0;1262.0;32.25;88.5;12.75;0;11.62;14.29;68.94;52.98;2.58;191638.0;0;0;39.0;4510.0;1006.06;585.93;1.0;1.0;0;1.0;0;0;1.0;0;0;1.0;0;0;1.0;1.0;0;0;0;0;0
1567940;1.27;1.03;0;1240.0;32.25;88.5;14.25;0;11.85;14.39;110.42;125.34;2.31;191638.0;0;0;38.0;4509.0;1006.06;800.77;1.0;1.0;0;1.0;0;0;1.0;0;0;1.0;0;0;1.0;1.0;0;0;0;0;0
1568777;1.18;1.01;0;1282.0;32.25;88.5;12.0;0;11.40;14.39;145.86;180.63;2.31;191638.0;0;0;39.0;4509.0;1006.18;78.12;1.0;1.0;0;1.0;0;0;1.0;0;0;1.0;0;0;0;1.0;0;0;0;0;0
1569296;1.22;1.02;0;1244.0;32.25;89.25;15.0;0;11.87;14.29;214.90;183.17;2.58;191638.0;0;0;39.0;4493.0;1006.10;78.12;1.0;1.0;0;1.0;1.0;0;1.0;0;0;1.0;0;0;1.0;1.0;0;0;1.0;0;0
1569826;1.28;1.04;0;1255.0;32.25;89.25;13.5;0;11.64;14.39;249.76;157.62;2.31;191638.0;0;0;38.0;4503.0;1006.02;761.70;1.0;1.0;0;1.0;1.0;0;1.0;0;0;1.0;0;0;1.0;1.0;0;0;1.0;0;0
1570380;1.2;1.02;0;1272.0;32.25;89.25;12.75;0;11.46;14.29;245.68;180.08;2.58;191638.0;0;0;38.0;4512.0;1006.06;839.83;1.0;1.0;0;1.0;0;0;1.0;0;0;1.0;0;0;1.0;1.0;0;0;0;0;0
1570911;1.18;1.00;0;1240.0;32.25;89.25;15.0;0;11.79;14.39;260.04;182.52;2.31;191638.0;0;0;39.0;4510.0;1006.14;781.24;1.0;1.0;0;1.0;0;0;1.0;0;0;1.0;0;0;1.0;1.0;0;0;0;0;0
1571438;1.22;0.99;0;1228.0;32.25;89.25;16.5;0;12.08;14.29;247.54;200.43;2.58;191638.0;0;0;39.0;4519.0;1006.06;97.65;1.0;1.0;0;1.0;0;0;1.0;0;0;1.0;0;0;1.0;1.0;0;0;0;0;0
1571980;1.27;1.01;0;1233.0;32.25;89.25;16.5;0;12.14;14.20;213.15;167.99;2.58;191638.0;0;0;40.0;4522.0;1006.14;58.59;1.0;1.0;0;1.0;0;0;1.0;0;0;1.0;0;0;1.0;1.0;0;0;0;0;0
1572596;1.20;1.02;0;1288.0;33.0;89.25;12.0;0;11.42;14.39;155.34;122.43;2.31;191638.0;0;0;39.0;4501.0;1006.14;58.59;1.0;1.0;0;1.0;0;0;1.0;0;0;1.0;0;0;1.0;1.0;0;0;0;0;0
1573449;1.33;1.03;0;1211.0;33.0;89.25;17.25;0;12.29;14.39;140.53;132.62;2.31;191638.0;0;0;39.0;4539.0;1006.02;800.77;1.0;1.0;0;1.0;0;0;1.0;0;0;1.0;0;0;1.0;1.0;0;0;0;0;0
1573972;1.23;1.00;0;1232.0;33.0;90.0;15.75;0;12.04;14.39;105.12;99.95;2.31;191638.0;0;0;40.0;4502.0;1006.10;605.46;1.0;1.0;0;1.0;0;0;1.0;0;0;1.0;0;0;1.0;1.0;0;0;0;0;0
1574504;1.29;1.00;0;1206.0;33.0;90.0;18.0;0;12.49;14.29;80.75;76.75;2.58;191638.0;0;0;40.0;4518.0;1006.10;58.59;1.0;1.0;0;1.0;0;0;1.0;0;0;1.0;0;0;1.0;1.0;0;0;0;0;0
1575030;1.2;1.02;0;1293.0;33.0;90.0;12.0;0;11.47;14.20;62.00;58.92;2.58;191638.0;0;0;41.0;4508.0;1006.02;39.06;1.0;1.0;0;1.0;0;0;1.0;0;0;1.0;0;0;1.0;1.0;0;0;0;0;0
1575567;1.24;1.04;0;1262.0;33.0;90.0;14.25;0;11.91;14.39;51.11;42.90;2.31;191638.0;0;0;41.0;4519.0;1006.06;117.18;1.0;1.0;0;1.0;0;0;1.0;0;0;1.0;0;0;1.0;1.0;0;0;0;0;0
1576095;1.28;1.05;0;1237.0;33.0;90.0;15.75;0;12.11;14.39;37.20;31.22;2.31;191638.0;0;0;40.0;4518.0;1005.95;644.52;1.0;1.0;0;1.0;1.0;0;1.0;0;0;1.0;0;0;1.0;1.0;0;0;1.0;0;0
1576622;1.27;1.04;0;1249.0;33.0;90.0;14.25;0;11.88;14.29;33.98;26.30;2.58;191638.0;0;0;40.0;4510.0;1005.95;820.30;1.0;1.0;0;1.0;0;0;1.0;0;0;1.0;0;0;1.0;1.0;0;0;0;0;0
1577167;1.20;1.02;0;1249.0;33.0;90.0;14.25;0;11.87;14.29;26.05;23.96;2.58;191638.0;0;0;39.0;4516.0;1005.98;800.77;1.0;1.0;0;1.0;0;0;1.0;0;0;1.0;0;0;1.0;1.0;0;0;0;0;0
1577704;1.26;1.00;0;1214.0;33.0;90.0;17.25;0;12.37;14.29;18.94;19.21;2.58;191638.0;0;0;40.0;4505.0;1006.10;664.05;1.0;1.0;0;1.0;0;0;1.0;0;0;1.0;0;0;1.0;1.0;0;0;0;0;0
1578390;1.21;1.01;0;1270.0;33.0;90.0;13.5;0;11.72;14.39;18.96;13.96;2.31;191638.0;0;0;40.0;4528.0;1006.10;58.59;1.0;1.0;0;1.0;0;0;1.0;0;0;1.0;0;0;1.0;1.0;0;0;0;0;0
1579017;1.21;1.03;0;1282.0;33.0;90.0;12.0;0;11.45;14.39;12.36;13.55;2.31;191638.0;0;0;40.0;4512.0;1006.18;351.55;1.0;1.0;0;1.0;0;0;1.0;0;0;1.0;0;0;1.0;1.0;0;0;0;0;0
1579648;1.22;1.03;0;1265.0;33.0;90.0;13.5;0;11.74;14.39;8.96;12.59;2.31;191638.0;0;0;39.0;4504.0;1006.18;820.30;1.0;1.0;0;1.0;1.0;0;1.0;0;0;1.0;0;0;1.0;1.0;0;0;1.0;0;0
1580180;1.21;1.01;0;1246.0;33.0;90.75;14.25;0;11.84;14.29;47.41;14.54;2.58;191638.0;0;0;39.0;4520.0;1006.14;683.58;1.0;1.0;0;1.0;0;0;1.0;0;0;1.0;0;0;1.0;1.0;0;0;0;0;0
1580695;1.25;1.01;0;1226.0;33.0;90.75;16.5;0;12.16;14.39;102.27;21.48;2.31;191638.0;0;0;39.0;4512.0;1006.06;58.59;1.0;1.0;0;1.0;0;0;1.0;0;0;1.0;0;0;1.0;1.0;0;0;0;0;0
1581250;1.23;1.02;0;1262.0;33.0;90.75;13.5;0;11.66;14.39;128.44;96.26;2.31;191638.0;0;0;39.0;4521.0;1006.10;78.12;1.0;1.0;0;1.0;0;0;1.0;0;0;1.0;0;0;1.0;1.0;0;0;0;0;0
1581809;1.25;1.04;0;1259.0;33.0;90.75;13.5;0;11.66;14.29;116.22;70.15;2.58;191638.0;0;0;39.0;4520.0;1005.91;722.64;1.0;1.0;0;1.0;0;0;1.0;0;0;1.0;0;0;1.0;1.0;0;0;0;0;0
1582403;1.30;1.03;0;1247.0;33.0;90.75;14.25;0;11.80;14.39;168.03;81.69;2.31;191638.0;0;0;40.0;4510.0;1005.95;839.83;1.0;1.0;0;1.0;0;0;1.0;0;0;1.0;0;0;1.0;1.0;0;0;0;0;0
1583205;1.25;1.01;0;1208.0;33.0;90.75;17.25;0;12.26;14.39;160.51;63.51;2.31;191638.0;0;0;40.0;4505.0;1006.02;800.77;1.0;1.0;0;1.0;0;0;1.0;0;0;1.0;0;0;1.0;1.0;0;0;0;0;0
1583789;1.2;1.01;0;1255.0;33.0;90.75;14.25;0;11.84;14.39;99.87;42.14;2.31;191638.0;0;0;41.0;4511.0;1006.02;58.59;1.0;1.0;0;1.0;0;0;1.0;0;0;1.0;0;0;1.0;1.0;0;0;0;0;0
1584321;1.28;1.02;0;1216.0;33.0;90.75;17.25;0;12.34;14.39;76.71;30.68;2.31;191638.0;0;0;40.0;4513.0;1006.10;78.12;1.0;1.0;0;1.0;0;0;1.0;0;0;1.0;0;0;1.0;1.0;0;0;0;0;0
1584843;1.30;1.04;0;1263.0;33.0;90.75;13.5;0;11.71;14.39;58.90;23.53;2.31;191638.0;0;0;40.0;4513.0;1006.10;292.96;1.0;1.0;0;1.0;0;0;1.0;0;0;1.0;0;0;1.0;1.0;0;0;0;0;0
1585393;1.26;1.04;0;1267.0;33.0;90.75;12.75;0;11.58;14.29;44.02;25.36;2.58;191638.0;0;0;39.0;4516.0;1006.18;781.24;1.0;1.0;0;1.0;0;0;1.0;0;0;1.0;0;0;1.0;1.0;0;0;0;0;0
1585956;1.21;1.02;0;1239.0;33.0;90.75;15.0;0;11.91;14.39;40.36;53.33;2.31;191638.0;0;0;39.0;4515.0;1006.14;800.77;1.0;1.0;0;1.0;0;0;1.0;0;0;1.0;0;0;1.0;1.0;0;0;0;0;0
1586500;1.21;1.00;0;1229.0;33.0;91.5;15.75;0;12.04;14.39;91.30;119.15;2.31;191638.0;0;0;38.0;4504.0;1006.22;664.05;1.0;1.0;0;1.0;0;0;1.0;0;0;1.0;0;0;1.0;1.0;0;0;0;0;0
1587080;1.27;1.00;0;1222.0;33.0;91.5;16.5;0;12.15;14.39;128.42;151.51;2.31;191638.0;0;0;39.0;4518.0;1006.10;117.18;1.0;1.0;0;1.0;0;0;1.0;0;0;1.0;0;0;1.0;1.0;0;0;0;0;0
1587660;1.21;1.01;0;1253.0;33.0;91.5;14.25;0;11.80;14.39;100.22;150.92;2.31;191638.0;0;0;39.0;4514.0;1006.14;468.74;1.0;1.0;0;1.0;0;0;1.0;0;0;1.0;0;0;1.0;1.0;0;0;1.0;0;0
1588472;1.19;1.00;0;1255.0;33.0;91.5;13.5;0;11.64;14.29;107.55;163.68;2.58;191638.0;0;0;38.0;4532.0;1006.22;742.17;1.0;1.0;0;1.0;1.0;0;1.0;0;0;1.0;0;0;1.0;1.0;0;0;1.0;0;0
1589015;1.24;0.97;0;1210.0;33.0;91.5;17.25;0;12.29;14.20;87.51;156.43;2.58;191638.0;0;0;40.0;4505.0;1006.26;39.06;1.0;1.0;0;1.0;1.0;0;1.0;0;0;1.0;0;0;0;1.0;0;0;1.0;0;0
1589540;1.19;0.99;0;1305.0;33.0;91.5;12.0;0;11.44;14.39;67.20;120.20;2.31;191638.0;0;0;41.0;4512.0;1006.30;39.06;1.0;1.0;0;1.0;0;0;1.0;0;0;1.0;0;0;1.0;1.0;0;0;0;0;0
1590089;1.27;1.01;0;1220.0;33.0;91.5;16.5;0;12.23;14.39;52.84;83.08;2.31;191638.0;0;0;40.0;4511.0;1006.30;39.06;1.0;1.0;0;1.0;0;0;1.0;0;0;1.0;0;0;1.0;1.0;0;0;0;0;0
1590720;1.25;1.03;0;1239.0;33.0;91.5;15.0;0;11.95;14.29;40.58;63.80;2.58;191638.0;0;0;41.0;4514.0;1006.30;78.12;1.0;1.0;0;1.0;0;0;1.0;0;0;1.0;0;0;1.0;1.0;0;0;0;0;0
1591293;1.26;1.05;0;1240.0;33.0;91.5;14.25;0;11.89;14.29;28.02;46.48;2.58;191638.0;0;0;39.0;4515.0;1006.34;683.58;1.0;1.0;0;1.0;0;0;1.0;0;0;1.0;0;0;1.0;1.0;0;0;0;0;0
1591829;1.24;1.03;0;1250.0;33.0;91.5;14.25;0;11.84;14.39;38.12;53.88;2.31;191638.0;0;0;40.0;4518.0;1006.26;820.30;1.0;1.0;0;1.0;0;0;1.0;0;0;1.0;0;0;1.0;1.0;0;0;0;0;0
1592370;1.20;1.01;0;1276.0;33.0;91.5;12.75;0;11.54;14.29;89.44;43.70;2.58;191638.0;0;0;39.0;4511.0;1006.30;722.64;1.0;1.0;0;1.0;0;0;1.0;0;0;1.0;0;0;1.0;1.0;0;0;0;0;0
1593329;1.16;1.00;0;1286.0;33.0;91.5;12.75;0;11.52;14.29;77.63;31.83;2.58;191638.0;0;0;41.0;4516.0;1006.22;39.06;1.0;1.0;0;1.0;0;0;1.0;0;0;1.0;0;0;1.0;1.0;0;0;1.0;0;0
1593899;1.22;1.03;0;1246.0;33.0;92.25;14.25;0;11.84;14.39;48.25;20.60;2.31;191638.0;0;0;39.0;4511.0;1006.30;722.64;1.0;1.0;0;1.0;0;0;1.0;0;0;1.0;0;0;1.0;1.0;0;0;0;0;0
1594495;1.19;1.01;0;1246.0;33.0;92.25;14.25;0;11.78;14.29;67.18;21.32;2.58;191638.0;0;0;38.0;4512.0;1006.30;820.30;1.0;1.0;0;1.0;0;0;1.0;0;0;1.0;0;0;1.0;1.0;0;0;0;0;0
1595034;1.26;1.00;0;1193.0;33.0;92.25;19.5;0;12.53;14.29;77.24;39.19;2.58;191638.0;0;0;39.0;4520.0;1006.30;566.39;1.0;1.0;0;1.0;0;0;1.0;0;0;1.0;0;0;1.0;1.0;0;0;0;0;0
1595568;1.21;1.00;0;1233.0;33.0;92.25;16.5;0;12.09;14.39;104.91;101.79;2.31;191638.0;0;0;39.0;4509.0;1006.34;58.59;1.0;1.0;0;1.0;0;0;1.0;0;0;1.0;0;0;1.0;1.0;0;0;0;0;0
1596168;1.22;1.02;0;1256.0;33.0;92.25;14.25;0;11.74;14.39;119.99;124.03;2.31;191638.0;0;0;40.0;4509.0;1006.26;58.59;1.0;1.0;0;1.0;0;0;1.0;0;0;1.0;0;0;1.0;1.0;0;0;0;0;0
1596689;1.25;1.04;0;1227.0;33.0;92.25;16.5;0;12.11;14.39;103.04;115.22;2.31;191638.0;0;0;39.0;4514.0;1006.26;78.12;1.0;1.0;0;1.0;0;0;1.0;0;0;1.0;0;0;1.0;1.0;0;0;0;0;0
1597223;1.31;1.05;0;1266.0;33.0;92.25;13.5;0;11.64;14.39;110.65;119.71;2.31;191638.0;0;0;39.0;4514.0;1006.22;781.24;1.0;1.0;0;1.0;0;0;1.0;0;0;1.0;0;0;1.0;1.0;0;0;0;0;0
1597929;1.24;1.03;0;1238.0;33.0;92.25;15.0;0;11.86;14.29;139.52;115.22;2.58;191638.0;0;0;39.0;4517.0;1006.26;839.83;1.0;1.0;0;1.0;0;0;1.0;0;0;1.0;0;0;1.0;1.0;0;0;0;0;0
1598579;1.27;1.01;0;1222.0;33.0;92.25;16.5;0;12.15;14.39;156.98;141.33;2.31;191638.0;0;0;39.0;4515.0;1006.30;722.64;1.0;1.0;0;1.0;0;0;1.0;0;0;1.0;0;0;1.0;1.0;0;0;0;0;0
1599142;1.25;0.99;0;1209.0;33.0;92.25;18.0;0;12.44;14.39;114.40;104.34;2.31;191638.0;0;0;40.0;4522.0;1006.30;410.15;1.0;1.0;0;1.0;1.0;0;1.0;0;0;1.0;0;0;0;1.0;0;0;1.0;0;0
1599681;1.25;1.00;0;1220.0;33.0;92.25;17.25;0;12.34;14.39;83.35;76.04;2.31;191638.0;0;0;40.0;4504.0;1006.26;39.06;1.0;1.0;0;1.0;1.0;0;1.0;0;0;1.0;0;0;1.0;1.0;0;0;1.0;0;0
1600210;1.32;1.02;0;1229.0;33.0;92.25;15.0;0;11.92;14.29;64.01;58.41;2.58;191638.0;0;0;39.0;4511.0;1006.26;78.12;1.0;1.0;0;1.0;1.0;0;1.0;0;0;1.0;0;0;1.0;1.0;0;0;1.0;0;0
1600730;1.24;1.03;0;1261.0;33.0;92.25;13.5;0;11.70;14.29;54.76;52.04;2.58;191638.0;0;0;39.0;4510.0;1006.22;624.99;1.0;1.0;0;1.0;1.0;0;1.0;0;0;1.0;0;0;1.0;1.0;0;0;1.0;0;0
1601340;1.27;1.02;0;1254.0;33.0;92.25;14.25;0;11.78;14.39;73.72;53.12;2.31;191638.0;0;0;40.0;4509.0;1006.26;820.30;1.0;1.0;0;1.0;1.0;0;1.0;0;0;1.0;0;0;1.0;1.0;0;0;1.0;0;0
1601909;1.26;1.01;0;1218.0;33.0;93.0;16.5;0;12.14;14.29;62.28;42.51;2.58;191638.0;0;0;40.0;4498.0;1006.18;78.12;1.0;1.0;0;1.0;1.0;0;1.0;0;0;1.0;0;0;1.0;1.0;0;0;1.0;0;0
1602434;1.27;1.02;0;1265.0;33.0;93.0;13.5;0;11.64;14.39;51.91;34.86;2.31;191638.0;0;0;39.0;4507.0;1006.14;58.59;1.0;1.0;0;1.0;1.0;0;1.0;0;0;1.0;0;0;1.0;1.0;0;0;1.0;0;0
1603210;1.27;1.03;0;1227.0;33.0;93.0;15.0;0;11.86;14.39;73.90;92.41;2.31;191638.0;0;0;38.0;4504.0;1006.18;800.77;1.0;1.0;0;1.0;1.0;0;1.0;0;0;1.0;0;0;1.0;1.0;0;0;1.0;0;0
1603810;1.25;1.01;0;1196.0;33.0;93.0;18.0;0;12.35;14.29;122.41;153.38;2.58;191638.0;0;0;38.0;4517.0;1006.18;781.24;1.0;1.0;0;1.0;1.0;0;1.0;0;0;1.0;0;0;1.0;1.0;0;0;1.0;0;0
1604400;1.20;0.99;0;1261.0;33.0;93.0;13.5;0;11.58;14.29;181.04;210.84;2.58;191638.0;0;0;39.0;4509.0;1006.22;234.37;1.0;1.0;0;1.0;1.0;0;1.0;0;0;1.0;0;0;1.0;1.0;0;0;1.0;0;0
1605000;1.26;1.00;0;1225.0;33.0;93.0;17.25;0;12.22;14.29;190.24;221.97;2.58;191638.0;0;0;40.0;4514.0;1006.26;39.06;1.0;1.0;0;1.0;1.0;0;1.0;0;0;1.0;0;0;1.0;1.0;0;0;1.0;0;0
1605570;1.28;1.02;0;1262.0;33.0;93.0;14.25;0;11.76;14.29;160.41;195.92;2.58;191638.0;0;0;39.0;4506.0;1006.22;253.90;1.0;1.0;0;1.0;1.0;0;1.0;0;0;1.0;0;0;1.0;1.0;0;0;1.0;0;0
1606110;1.28;1.02;0;1268.0;33.0;93.0;13.5;0;11.64;14.29;148.40;238.16;2.58;191638.0;0;0;39.0;4515.0;1006.18;761.70;1.0;1.0;0;1.0;1.0;0;1.0;0;0;1.0;0;0;1.0;1.0;0;0;1.0;0;0
1606711;1.21;1.00;0;1253.0;33.0;93.0;13.5;0;11.67;14.39;154.26;229.36;2.31;191638.0;0;0;38.0;4503.0;1006.22;820.30;1.0;1.0;0;1.0;1.0;0;1.0;0;0;1.0;0;0;1.0;1.0;0;0;1.0;0;0
1607240;1.21;0.98;0;1217.0;33.0;93.0;16.5;0;12.11;14.39;150.40;196.02;2.31;191638.0;0;0;39.0;4509.0;1006.26;371.08;1.0;1.0;0;1.0;1.0;0;1.0;0;0;1.0;0;0;1.0;1.0;0;0;1.0;0;0
1607762;1.32;0.99;0;1169.0;33.0;93.75;21.0;0;12.37;14.39;172.09;163.32;2.31;191638.0;0;0;39.0;4513.0;1006.22;39.06;1.0;1.0;0;1.0;1.0;0;1.0;0;0;1.0;0;0;1.0;1.0;0;0;1.0;0;0
1608596;1.16;1.01;0;1276.0;33.0;93.75;12.75;0;11.49;14.29;155.61;146.96;2.58;191638.0;0;0;39.0;4525.0;1006.26;58.59;1.0;1.0;0;1.0;1.0;0;1.0;0;0;1.0;0;0;1.0;1.0;0;0;1.0;0;0
1609116;1.24;1.04;0;1255.0;33.0;93.75;13.5;0;11.64;14.48;157.31;213.61;2.31;191638.0;0;0;39.0;4503.0;1006.22;624.99;1.0;1.0;0;1.0;1.0;0;1.0;0;0;1.0;0;0;0;1.0;0;0;1.0;0;0
1609688;1.23;1.02;0;1263.0;33.0;93.75;13.5;0;11.62;14.39;213.71;236.64;2.31;191638.0;0;0;39.0;4513.0;1006.26;781.24;1.0;1.0;0;1.0;1.0;0;1.0;0;0;1.0;0;0;1.0;1.0;0;0;1.0;0;0
1610211;1.24;1.00;0;1216.0;33.0;93.75;17.25;0;12.22;14.39;230.72;266.46;2.31;191638.0;0;0;39.0;4513.0;1006.30;624.99;1.0;1.0;0;1.0;0;0;1.0;0;0;1.0;0;0;1.0;1.0;0;0;0;0;0
1610749;1.27;0.98;0;1183.0;33.0;93.75;19.5;0;12.50;14.29;223.65;289.57;2.58;191638.0;0;0;39.0;4533.0;1006.30;371.08;1.0;1.0;0;1.0;0;0;1.0;0;0;1.0;0;0;1.0;1.0;0;0;0;0;0
1611275;1.17;1.00;0;1285.0;33.0;93.75;12.75;0;11.46;14.39;242.97;286.05;2.31;191638.0;0;0;39.0;4506.0;1006.30;78.12;1.0;1.0;0;1.0;0;0;1.0;0;0;1.0;0;0;1.0;1.0;0;0;0;0;0
1611814;4.63;1.00;0;2703.0;33.0;94.5;21.75;15.68;30.08;14.39;190.39;300.91;2.31;191638.0;0;0;50.0;4493.0;1006.34;878.89;1.0;1.0;0;1.0;0;0;1.0;0;0;1.0;0;0;1.0;1.0;0;0;0;0;0
1612339;4.05;0.98;0;3118.0;33.0;94.5;25.5;18.43;32.36;14.29;177.85;247.11;2.58;191638.0;0;0;42.0;4498.0;1006.34;781.24;1.0;1.0;0;1.0;0;0;1.0;0;0;1.0;0;0;1.0;1.0;0;0;0;0;0
1612931;4.54;0.96;16.0;2363.0;33.0;94.5;14.25;21.17;36.75;14.39;170.77;196.39;2.31;191638.0;16.0;16.0;42.0;4447.0;1006.34;820.30;1.0;1.0;0;1.0;0;0;1.0;0;0;1.0;0;0;1.0;1.0;0;0;0;0;0
1613770;4.66;0.98;33.0;3254.0;33.0;94.5;17.25;24.31;36.39;14.39;147.56;202.97;2.31;191638.0;26.0;34.0;42.0;4599.0;1006.34;820.30;1.0;1.0;0;1.0;0;0;1.0;0;0;1.0;0;0;1.0;1.0;0;0;0;0;0
1614347;0;1.00;37.0;4466.0;33.0;94.5;42.75;0;4.32;14.29;181.88;236.56;2.58;191638.0;38.0;38.0;42.0;4497.0;1006.14;898.42;1.0;1.0;0;1.0;0;0;1.0;0;0;1.0;0;0;1.0;1.0;0;0;0;0;0
1614957;6.64;1.00;45.0;3454.0;33.0;94.5;13.5;32.55;41.64;14.20;264.12;288.20;2.58;191638.0;42.0;45.0;42.0;4255.0;1006.14;800.77;2.0;1.0;0;1.0;0;0;1.0;0;0;1.0;0;0;1.0;1.0;0;0;0;0;0
1615553;6.03;0.99;52.0;4066.0;33.0;94.5;17.25;33.33;43.52;14.20;322.65;266.46;2.58;191638.0;51.0;52.0;42.0;4492.0;1006.06;781.24;2.0;1.0;0;1.0;0;0;1.0;0;0;1.0;0;0;1.0;1.0;0;0;0;0;0
1616086;5.34;1.03;60.0;4637.0;33.0;94.5;23.25;32.16;39.29;14.39;339.04;317.32;2.31;191638.0;58.0;60.0;42.0;4497.0;1006.02;644.52;2.0;1.0;0;1.0;0;0;1.0;0;0;0;0;0;1.0;1.0;0;0;0;0;0
1616609;4.55;1.00;62.0;4206.0;33.0;94.5;34.5;16.47;30.58;14.39;354.72;337.10;2.31;191638.0;61.0;63.0;42.0;4355.0;1005.98;839.83;3.0;1.0;0;1.0;0;0;1.0;0;0;1.0;0;0;1.0;1.0;0;0;0;0;0
1617220;3.85;1.00;65.0;4021.0;33.0;94.5;32.25;18.82;31.71;14.29;316.01;273.79;2.58;191638.0;65.0;66.0;42.0;4591.0;1005.95;722.64;3.0;1.0;0;1.0;0;0;1.0;0;0;1.0;0;0;1.0;1.0;0;0;0;0;0
1618040;3.68;0.95;68.0;4207.0;33.0;94.5;33.0;18.04;31.10;14.01;270.43;239.24;2.58;191638.0;67.0;69.0;42.0;4579.0;1005.79;761.70;3.0;1.0;0;1.0;0;0;1.0;0;0;1.0;0;0;1.0;1.0;0;0;0;0;0
1618669;2.48;0.97;71.0;4327.0;33.0;94.5;42.75;9.02;21.38;14.39;256.11;224.77;2.31;191638.0;70.0;71.0;42.0;4498.0;1005.67;859.36;3.0;1.0;0;1.0;0;0;1.0;0;0;1.0;0;0;1.0;1.0;0;0;0;0;0
1619200;2.06;0.93;71.0;4364.0;33.0;94.5;45.75;7.45;18.06;14.29;198.40;225.72;2.58;191638.0;71.0;72.0;42.0;4485.0;1005.63;820.30;3.0;1.0;0;1.0;0;0;1.0;0;0;1.0;0;0;1.0;1.0;0;0;0;0;0
1619749;1.87;0.88;71.0;4378.0;33.0;94.5;46.5;7.05;17.41;14.29;236.02;206.82;2.58;191638.0;70.0;72.0;42.0;4501.0;1005.63;820.30;3.0;1.0;0;1.0;0;0;1.0;0;0;1.0;0;0;1.0;1.0;0;0;0;0;0
1620310;1.28;0.84;71.0;4327.0;33.0;94.5;47.25;4.70;12.45;14.29;215.59;261.25;2.58;191638.0;70.0;71.0;42.0;4449.0;1005.55;839.83;3.0;1.0;0;1.0;0;0;1.0;0;0;1.0;0;0;1.0;1.0;0;0;0;0;0
1620843;0.49;1.00;68.0;4224.0;33.0;93.75;42.0;0;4.71;14.29;309.39;324.97;2.58;191638.0;69.0;69.0;42.0;4456.0;1005.59;585.93;3.0;1.0;0;1.0;0;0;1.0;0;0;0;0;0;1.0;1.0;0;0;0;0;0
1621362;0.50;1.00;67.0;4104.0;33.0;93.75;-30.0;0;0;14.39;316.73;333.47;2.31;191638.0;68.0;67.0;43.0;4533.0;1005.71;0;3.0;1.0;0;1.0;0;0;1.0;0;0;0;0;0;1.0;1.0;0;0;0;0;0
1621920;0.49;1.00;65.0;3930.0;33.0;93.0;-30.0;0;0;14.39;343.16;301.15;2.31;191638.0;65.0;65.0;43.0;4535.0;1005.63;0;3.0;1.0;0;1.0;0;0;1.0;0;0;0;0;0;1.0;1.0;0;0;0;0;0
1622626;0.48;1.00;62.0;3853.0;33.0;93.0;-30.0;0;0;14.39;339.29;259.94;2.31;191638.0;63.0;63.0;43.0;4514.0;1005.48;0;3.0;1.0;0;1.0;0;0;1.0;0;0;0;0;0;1.0;1.0;0;0;0;0;0
1623271;0.52;1.00;60.0;3654.0;33.0;93.0;-30.0;0;0;14.39;311.48;317.71;2.31;191638.0;60.0;60.0;43.0;4511.0;1005.40;0;3.0;1.0;0;1.0;0;0;1.0;0;0;0;0;0;1.0;1.0;0;0;0;0;0
1623807;0.52;1.00;56.0;3436.0;33.0;92.25;-30.0;0;0;14.39;255.53;242.60;2.31;191638.0;57.0;57.0;44.0;4524.0;1005.32;0;3.0;1.0;0;1.0;0;0;1.0;0;0;0;0;0;1.0;1.0;0;0;0;0;0
1624350;0.55;1.00;53.0;3338.0;33.0;92.25;-30.0;0;0;14.39;110.53;98.97;2.31;191638.0;54.0;54.0;44.0;4508.0;1005.36;19.53;3.0;1.0;0;1.0;0;0;1.0;0;0;0;0;0;1.0;1.0;0;0;0;0;0
1624924;2.88;1.00;52.0;3198.0;33.0;92.25;7.5;5.49;9.39;14.39;55.62;47.28;2.31;191638.0;52.0;53.0;44.0;4271.0;1005.28;957.01;3.0;1.0;0;1.0;0;0;1.0;0;0;1.0;0;0;1.0;1.0;0;0;0;0;0
1625456;2.53;0.98;52.0;3131.0;33.0;92.25;9.75;6.66;14.69;14.29;23.82;20.23;2.58;191638.0;52.0;52.0;44.0;4234.0;1005.32;937.48;3.0;1.0;0;1.0;0;0;1.0;0;0;1.0;0;0;1.0;1.0;0;0;0;0;0
1626002;2.36;0.94;52.0;3205.0;33.0;92.25;23.25;6.66;18.27;14.29;11.30;10.11;2.58;191638.0;52.0;53.0;44.0;4384.0;1005.28;898.42;3.0;1.0;0;1.0;0;0;1.0;0;0;1.0;0;0;1.0;1.0;0;0;0;0;0
1626530;2.16;0.89;52.0;3242.0;33.0;91.5;36.75;6.66;19.79;14.29;7.22;4.99;2.58;191638.0;52.0;53.0;44.0;4461.0;1005.32;878.89;3.0;1.0;0;1.0;0;0;1.0;0;0;1.0;0;0;1.0;1.0;0;0;0;0;0
1627055;1.11;1.00;55.0;3308.0;33.0;91.5;38.25;2.35;9.91;14.20;4.31;1.91;2.58;191638.0;55.0;53.0;44.0;4527.0;1005.24;878.89;3.0;1.0;0;1.0;0;0;1.0;0;0;1.0;0;0;1.0;1.0;0;0;0;0;0
1627613;1.28;0.98;52.0;3274.0;33.0;91.5;37.5;2.74;10.87;14.29;1.95;0.87;2.58;191638.0;53.0;53.0;44.0;4516.0;1005.28;878.89;3.0;1.0;0;1.0;0;0;1.0;0;0;1.0;0;0;1.0;1.0;0;0;0;0;0
1628514;0.52;1.00;52.0;3237.0;33.75;91.5;34.5;0;11.71;14.39;2.34;0.27;2.31;191638.0;52.0;53.0;44.0;4575.0;1005.52;39.06;3.0;1.0;0;1.0;0;0;1.0;0;0;0;0;0;1.0;1.0;0;0;0;0;0
1629081;0.59;1.00;50.0;3061.0;33.75;90.75;-30.0;0;0;14.39;0.56;1.85;2.31;191638.0;50.0;50.0;44.0;4580.0;1005.55;0;3.0;1.0;0;1.0;0;0;1.0;0;0;0;0;0;1.0;1.0;0;0;0;0;0
1629615;0.60;1.00;48.0;2948.0;33.75;90.75;-30.0;0;0;14.39;0.21;0.83;2.31;191638.0;48.0;49.0;44.0;4569.0;1005.44;0;3.0;1.0;0;1.0;0;0;1.0;0;0;1.0;0;0;1.0;1.0;0;0;0;0;0
1630168;0.64;1.00;45.0;2773.0;33.75;90.75;-30.0;0;0;14.39;1.52;0.31;2.31;191638.0;45.0;46.0;44.0;4591.0;1005.59;0;3.0;1.0;0;1.0;0;0;1.0;0;0;1.0;0;0;1.0;1.0;0;0;0;0;0
1630712;3.83;1.00;42.0;2480.0;33.75;90.75;-6.0;6.66;9.85;14.39;0.70;3.71;2.31;191638.0;42.0;42.0;44.0;4251.0;1005.55;898.42;3.0;1.0;0;1.0;0;0;1.0;0;0;1.0;0;0;1.0;1.0;0;0;0;0;0
1631289;0.69;1.00;38.0;3065.0;33.75;90.75;18.75;0;11.95;14.39;0.29;5.80;2.31;191638.0;39.0;39.0;44.0;4250.0;1005.67;39.06;2.0;1.0;0;1.0;0;0;1.0;0;0;1.0;0;0;1.0;1.0;0;0;0;0;0
1631864;0.68;1.00;35.0;2764.0;33.75;90.0;-30.0;0;0;14.29;2.28;3.00;2.58;191638.0;36.0;35.0;45.0;4250.0;1005.79;19.53;2.0;1.0;0;1.0;0;0;1.0;0;0;1.0;0;0;1.0;1.0;0;0;0;0;0
1632632;1.16;1.00;30.0;2404.0;33.75;90.0;3.0;0;10.58;14.29;1.05;1.42;2.58;191638.0;31.0;31.0;72.0;4180.0;1005.98;19.53;2.0;1.0;0;1.0;0;0;1.0;0;0;1.0;0;0;1.0;1.0;0;0;0;0;0
1633276;0.87;1.00;27.0;2115.0;33.75;90.0;14.25;0;11.86;14.29;13.43;93.52;2.58;191638.0;27.0;27.0;39.0;4374.0;1006.10;58.59;2.0;1.0;0;1.0;0;0;1.0;0;0;1.0;0;0;1.0;1.0;0;0;0;0;0
1633797;1.27;1.00;25.0;1696.0;33.75;90.0;13.5;0.78;9.90;14.20;44.93;113.76;2.58;191638.0;25.0;25.0;45.0;4490.0;1006.18;312.49;2.0;1.0;0;1.0;0;0;1.0;0;0;1.0;0;0;1.0;1.0;0;0;0;0;0
1634338;1.24;1.00;25.0;1881.0;33.75;90.0;15.75;1.17;9.99;14.20;26.46;70.77;2.58;191638.0;25.0;24.0;45.0;4508.0;1006.22;898.42;2.0;1.0;0;1.0;0;0;1.0;0;0;1.0;0;0;1.0;1.0;0;0;0;0;0
1634870;0.91;1.00;23.0;1898.0;33.75;90.0;14.25;0;11.95;14.48;17.30;46.38;2.31;191638.0;24.0;24.0;39.0;4498.0;1006.26;878.89;2.0;1.0;0;1.0;0;0;1.0;0;0;1.0;0;0;1.0;1.0;0;0;0;0;0
1635403;0.96;1.00;23.0;1819.0;33.75;90.0;14.25;0;11.85;14.39;59.19;57.51;2.31;191638.0;24.0;24.0;38.0;4511.0;1006.30;136.71;2.0;1.0;0;1.0;0;0;1.0;0;0;1.0;0;0;1.0;1.0;0;0;0;0;0
1635943;1.04;1.00;22.0;1811.0;33.75;90.0;13.5;0;11.76;14.20;83.51;44.56;2.58;191638.0;23.0;23.0;38.0;4515.0;1006.30;58.59;2.0;1.0;0;1.0;0;0;1.0;0;0;1.0;0;0;1.0;1.0;0;0;0;0;0
1636466;1.92;1.00;22.0;1870.0;33.75;90.0;6.75;2.35;12.22;14.20;74.89;30.97;2.58;191638.0;22.0;23.0;45.0;4514.0;1006.30;898.42;2.0;1.0;0;1.0;0;0;1.0;0;0;1.0;0;0;1.0;1.0;0;0;0;0;0
1637015;2.58;0.98;23.0;1889.0;33.75;90.0;12.75;4.70;18.32;14.29;49.07;21.34;2.58;191638.0;24.0;24.0;45.0;4499.0;1006.34;898.42;2.0;1.0;0;1.0;0;0;1.0;0;0;1.0;0;0;1.0;1.0;0;0;0;0;0
1637549;2.60;0.96;26.0;2040.0;33.75;90.0;18.75;5.09;20.49;14.39;28.90;12.53;2.31;191638.0;26.0;26.0;45.0;4470.0;1006.34;878.89;2.0;1.0;0;1.0;0;0;1.0;0;0;1.0;0;0;1.0;1.0;0;0;0;0;0
1638467;2.4;0.94;28.0;2252.0;33.75;90.0;21.0;5.49;19.54;14.39;17.90;7.73;2.31;191638.0;29.0;29.0;45.0;4459.0;1006.34;859.36;2.0;1.0;0;1.0;0;0;1.0;0;0;1.0;0;0;1.0;1.0;0;0;0;0;0
1639003;2.12;0.89;32.0;2516.0;33.75;90.0;25.5;5.09;18.96;14.39;6.81;6.26;2.31;191638.0;32.0;32.0;45.0;4495.0;1006.34;839.83;2.0;1.0;0;1.0;0;0;1.0;0;0;1.0;0;0;1.0;1.0;0;0;0;0;0
1639513;1.96;0.86;33.0;2670.0;33.75;90.0;28.5;5.09;18.56;14.39;3.35;3.24;2.31;191638.0;34.0;34.0;45.0;4537.0;1006.34;820.30;2.0;1.0;0;1.0;0;0;1.0;0;0;1.0;0;0;1.0;1.0;0;0;0;0;0
1640161;1.99;0.84;36.0;2787.0;33.75;90.0;30.75;6.27;19.60;14.39;1.79;1.71;2.31;191638.0;36.0;36.0;45.0;4517.0;1006.34;507.80;2.0;1.0;0;1.0;0;0;1.0;0;0;1.0;0;0;1.0;1.0;0;0;0;0;0
1640733;2.11;0.84;38.0;3010.0;33.75;90.0;33.75;6.66;20.90;14.29;0.76;0.66;2.58;191638.0;38.0;38.0;45.0;4523.0;1006.34;742.17;2.0;1.0;0;1.0;0;0;1.0;0;0;1.0;0;0;1.0;1.0;0;0;0;0;0
1641271;2.02;0.82;40.0;3156.0;33.75;89.25;36.0;6.66;20.57;14.39;0.23;0.21;2.31;191638.0;40.0;41.0;45.0;4522.0;1006.34;722.64;2.0;1.0;0;1.0;0;0;1.0;0;0;1.0;0;0;1.0;1.0;0;0;0;0;0
1641795;1.96;0.81;41.0;3271.0;33.75;88.5;36.75;6.66;19.99;14.39;2.34;1.89;2.31;191638.0;41.0;42.0;46.0;4506.0;1006.34;644.52;2.0;1.0;0;1.0;0;0;1.0;0;0;1.0;0;0;1.0;1.0;0;0;0;0;0
1642443;1.82;0.77;43.0;3396.0;33.75;88.5;39.0;6.66;19.50;14.29;23.49;14.84;2.58;191638.0;43.0;43.0;46.0;4513.0;1006.34;312.49;2.0;1.0;0;1.0;0;0;1.0;0;0;1.0;0;0;1.0;1.0;0;0;0;0;0
1643158;1.68;0.77;45.0;3508.0;33.75;88.5;39.75;5.88;18.23;14.39;80.87;77.41;2.31;191638.0;45.0;45.0;46.0;4507.0;1006.34;761.70;2.0;1.0;0;1.0;0;0;1.0;0;0;0;0;0;1.0;1.0;0;0;0;0;0
1643786;1.88;1.00;45.0;2900.0;33.75;88.5;24.75;3.52;12.88;14.39;258.03;198.56;2.31;191638.0;45.0;46.0;46.0;4268.0;1006.34;878.89;3.0;1.0;0;1.0;0;0;1.0;0;0;1.0;0;0;1.0;1.0;0;0;0;0;0
1644313;2.01;1.00;46.0;2821.0;33.75;88.5;31.5;4.31;15.76;14.29;292.73;240.80;2.58;191638.0;45.0;46.0;46.0;4230.0;1006.34;859.36;3.0;1.0;0;1.0;0;0;1.0;0;0;1.0;0;0;1.0;1.0;0;0;0;0;0
1644868;1.90;0.97;46.0;2865.0;33.75;88.5;31.5;4.31;16.04;14.39;328.90;275.25;2.31;191638.0;46.0;47.0;46.0;4373.0;1006.34;859.36;3.0;1.0;0;1.0;0;0;1.0;0;0;1.0;0;0;1.0;1.0;0;0;0;0;0
1645434;1.78;0.95;47.0;2902.0;33.75;88.5;32.25;4.31;15.32;14.29;340.40;314.15;2.58;191638.0;47.0;47.0;46.0;4466.0;1006.34;839.83;3.0;1.0;0;1.0;0;0;1.0;0;0;1.0;0;0;1.0;1.0;0;0;0;0;0
1645986;1.58;0.92;47.0;2885.0;33.75;88.5;32.25;3.52;14.05;14.29;321.44;318.41;2.58;191638.0;47.0;47.0;46.0;4503.0;1006.34;839.83;3.0;1.0;0;1.0;0;0;1.0;0;0;1.0;0;0;1.0;1.0;0;0;0;0;0
1646511;1.38;0.90;47.0;2909.0;33.75;88.5;32.25;3.13;12.66;14.29;255.39;288.86;2.58;191638.0;47.0;47.0;46.0;4513.0;1006.34;820.30;3.0;1.0;0;1.0;0;0;1.0;0;0;1.0;0;0;1.0;1.0;0;0;0;0;0
1647040;1.24;0.88;47.0;2916.0;33.75;88.5;32.25;2.74;11.60;14.29;242.69;300.97;2.58;191638.0;47.0;48.0;46.0;4516.0;1006.34;820.30;3.0;1.0;0;1.0;0;0;1.0;0;0;1.0;0;0;1.0;1.0;0;0;0;0;0
1647567;1.17;0.87;47.0;2881.0;33.75;88.5;32.25;2.35;11.11;14.20;248.48;284.78;2.58;191638.0;47.0;47.0;46.0;4519.0;1006.34;820.30;3.0;1.0;0;1.0;0;0;1.0;0;0;1.0;0;0;1.0;1.0;0;0;0;0;0
1648264;1.07;0.85;46.0;2771.0;33.75;88.5;30.75;1.96;10.43;14.29;225.82;226.58;2.58;191638.0;46.0;47.0;46.0;4512.0;1006.34;820.30;3.0;1.0;0;1.0;0;0;1.0;0;0;1.0;0;0;1.0;1.0;0;0;0;0;0
1648896;0.8;1.00;46.0;2785.0;33.75;88.5;30.75;0;12.55;14.29;236.33;249.88;2.58;191638.0;46.0;45.0;46.0;4520.0;1006.34;742.17;3.0;1.0;0;1.0;0;0;1.0;0;0;1.0;0;0;1.0;1.0;0;0;0;0;0
1649475;0.67;1.00;43.0;2682.0;33.75;88.5;-30.0;0;0;14.39;303.69;284.92;2.31;191638.0;44.0;43.0;46.0;4610.0;1006.34;0;3.0;1.0;0;1.0;0;0;1.0;0;0;1.0;0;0;1.0;1.0;0;0;0;0;0
1650041;1.35;1.00;41.0;2525.0;33.75;88.5;3.0;0;8.69;14.39;330.85;309.74;2.31;191638.0;41.0;41.0;46.0;4434.0;1006.34;0;3.0;1.0;0;1.0;0;0;1.0;0;0;1.0;0;0;1.0;1.0;0;0;0;0;0
1650620;0.83;1.00;40.0;2453.0;33.75;88.5;15.0;0;12.02;14.20;307.34;326.83;2.58;191638.0;40.0;40.0;42.0;4217.0;1006.34;0;3.0;1.0;0;1.0;0;0;1.0;0;0;1.0;0;0;1.0;1.0;0;0;0;0;0
1651160;0.84;1.00;38.0;2323.0;33.75;88.5;15.0;0;12.01;14.39;237.03;219.43;2.31;191638.0;39.0;38.0;42.0;4361.0;1006.34;19.53;3.0;1.0;0;1.0;0;0;1.0;0;0;1.0;0;0;1.0;1.0;0;0;0;0;0
1651702;0.85;1.00;36.0;2252.0;33.75;88.5;15.0;0;11.89;14.39;159.52;178.71;2.31;191638.0;37.0;37.0;42.0;4447.0;1006.34;19.53;3.0;1.0;0;1.0;0;0;1.0;0;0;1.0;0;0;1.0;1.0;0;0;0;0;0
1652316;0.84;1.00;36.0;2210.0;33.75;88.5;14.25;0;11.91;14.29;100.38;100.03;2.58;191638.0;36.0;36.0;41.0;4500.0;1006.34;19.53;3.0;1.0;0;1.0;0;0;1.0;0;0;1.0;0;0;1.0;1.0;0;0;0;0;0
1653252;0.88;1.00;33.0;2102.0;33.75;88.5;13.5;0;11.89;14.11;68.19;65.32;2.58;191638.0;34.0;34.0;41.0;4532.0;1006.34;39.06;3.0;1.0;0;1.0;0;0;1.0;0;0;1.0;0;0;1.0;1.0;0;0;0;0;0
1653776;0.91;1.00;31.0;1917.0;33.75;88.5;14.25;0;11.92;14.29;50.93;77.84;2.58;191638.0;31.0;31.0;41.0;4517.0;1006.34;39.06;3.0;1.0;0;1.0;0;0;1.0;0;0;1.0;0;0;1.0;1.0;0;0;0;0;0
1654360;0.96;1.00;30.0;1825.0;33.75;88.5;13.5;0;11.97;14.39;51.91;69.64;2.31;191638.0;29.0;30.0;39.0;4505.0;1006.34;39.06;3.0;1.0;0;1.0;0;0;1.0;0;0;1.0;0;0;1.0;1.0;0;0;0;0;0
1654907;1.22;1.01;28.0;1355.0;33.75;88.5;15.0;0;11.95;14.39;39.58;58.35;2.31;191638.0;28.0;28.0;40.0;4511.0;1006.34;78.12;3.0;1.0;0;1.0;0;0;1.0;0;0;1.0;0;0;1.0;1.0;0;0;0;0;0
1655435;1.04;1.02;27.0;1702.0;33.75;88.5;13.5;0;11.88;14.39;32.77;48.20;2.31;191638.0;27.0;27.0;40.0;4530.0;1006.34;820.30;3.0;1.0;0;1.0;0;0;1.0;0;0;1.0;0;0;1.0;1.0;0;0;0;0;0
1655964;1.68;1.00;26.0;1581.0;33.75;88.5;8.25;1.56;11.21;14.29;23.82;37.63;2.58;191638.0;27.0;27.0;46.0;4530.0;1006.34;878.89;3.0;1.0;0;1.0;0;0;1.0;0;0;1.0;0;0;1.0;1.0;0;0;0;0;0
1656557;1.59;0.99;26.0;1661.0;33.75;88.5;12.0;1.56;12.20;14.29;41.87;97.49;2.58;191638.0;26.0;26.0;46.0;4516.0;1006.34;878.89;3.0;1.0;0;1.0;0;0;1.0;0;0;1.0;0;0;1.0;1.0;0;0;0;0;0
1657089;1.67;0.97;26.0;1664.0;33.75;88.5;13.5;1.56;13.15;14.39;118.95;159.93;2.31;191638.0;26.0;27.0;46.0;4507.0;1006.34;859.36;3.0;1.0;0;1.0;0;0;1.0;0;0;1.0;0;0;1.0;1.0;0;0;0;0;0
1657605;1.64;0.95;26.0;1646.0;33.75;88.5;13.5;1.56;13.18;14.29;179.26;181.39;2.58;191638.0;27.0;27.0;46.0;4535.0;1006.34;859.36;3.0;1.0;0;1.0;0;0;1.0;0;0;1.0;0;0;1.0;1.0;0;0;0;0;0
1658479;1.62;0.94;26.0;1664.0;33.75;88.5;13.5;1.56;13.02;14.39;215.78;202.23;2.31;191638.0;27.0;27.0;46.0;4514.0;1006.34;839.83;3.0;1.0;0;1.0;0;0;1.0;0;0;1.0;0;0;1.0;1.0;0;0;0;0;0
1659024;1.12;0.91;25.0;1397.0;33.75;88.5;14.25;0;12.03;14.39;203.52;208.03;2.31;191638.0;26.0;26.0;40.0;4467.0;1006.34;800.77;3.0;1.0;0;1.0;0;0;1.0;0;0;1.0;0;0;1.0;1.0;0;0;0;0;0
1659606;1.16;0.89;25.0;1245.0;33.75;88.5;14.25;0;11.99;14.39;156.35;151.63;2.31;191638.0;25.0;25.0;41.0;4504.0;1006.34;410.15;3.0;1.0;0;1.0;0;0;1.0;0;0;1.0;0;0;0;1.0;0;0;0;0;0
1660135;1.24;0.90;23.0;1260.0;33.75;88.5;13.5;0;11.82;14.29;113.95;110.50;2.58;191638.0;24.0;24.0;41.0;4509.0;1006.34;19.53;3.0;1.0;0;1.0;0;0;1.0;0;0;1.0;0;0;1.0;1.0;0;0;0;0;0
1660675;1.12;0.92;22.0;1315.0;33.75;88.5;13.5;0;11.78;14.39;83.04;92.65;2.31;191638.0;23.0;23.0;40.0;4527.0;1006.34;19.53;3.0;1.0;0;1.0;0;0;1.0;0;0;1.0;0;0;1.0;1.0;0;0;0;0;0
1661202;1.25;0.93;22.0;1268.0;33.75;88.5;13.5;0;11.78;14.20;60.48;64.03;2.58;191638.0;22.0;22.0;40.0;4518.0;1006.34;39.06;3.0;1.0;0;1.0;0;0;1.0;0;0;1.0;0;0;1.0;1.0;0;0;0;0;0
1661799;1.30;0.95;21.0;1279.0;33.75;88.5;13.5;0;11.75;14.39;44.05;53.25;2.31;191638.0;21.0;21.0;41.0;4520.0;1006.34;58.59;3.0;1.0;0;1.0;1.0;0;1.0;0;0;1.0;0;0;1.0;1.0;0;0;0;0;0
1662366;1.28;0.97;18.0;1292.0;33.75;88.5;13.5;0;11.76;13.63;32.08;38.78;2.82;191638.0;18.0;19.0;40.0;4550.0;1006.34;58.59;3.0;1.0;0;1.0;0;0;1.0;0;0;1.0;0;0;1.0;1.0;0;0;0;0;0
1663248;3.35;1.00;18.0;1933.0;33.75;89.25;5.25;5.88;17.51;14.20;24.62;35.15;2.58;191638.0;19.0;19.0;45.0;4521.0;1006.34;917.95;3.0;1.0;0;1.0;0;0;1.0;0;0;1.0;0;0;1.0;1.0;0;0;0;0;0
1663781;2.88;0.97;21.0;1977.0;33.75;89.25;17.25;5.88;21.78;14.39;11.05;29.80;2.31;191638.0;21.0;22.0;45.0;4503.0;1006.34;859.36;3.0;1.0;0;1.0;0;0;1.0;0;0;1.0;0;0;1.0;1.0;0;0;0;0;0
1664326;0.70;1.00;22.0;2326.0;33.75;89.25;14.25;0;12.01;14.29;6.13;17.51;2.58;191638.0;22.0;22.0;42.0;4585.0;1006.34;292.96;3.0;1.0;0;1.0;0;0;1.0;0;0;1.0;0;0;1.0;1.0;0;0;0;0;0
1664870;2.26;1.00;21.0;2000.0;33.75;89.25;9.75;3.52;14.44;14.39;16.22;19.99;2.31;191638.0;20.0;21.0;45.0;4523.0;1006.34;878.89;2.0;1.0;0;1.0;0;0;1.0;0;0;1.0;0;0;1.0;1.0;0;0;0;0;0
1665403;2.41;0.99;21.0;1718.0;33.75;89.25;13.5;3.52;17.71;14.29;10.03;12.36;2.58;191638.0;22.0;22.0;45.0;4521.0;1006.34;859.36;2.0;1.0;0;1.0;0;0;1.0;0;0;1.0;0;0;1.0;1.0;0;0;0;0;0
1665944;2.27;0.97;22.0;1798.0;33.75;89.25;14.25;3.52;17.12;14.29;9.17;8.49;2.58;191638.0;23.0;23.0;45.0;4509.0;1006.34;839.83;2.0;1.0;0;1.0;0;0;1.0;0;0;1.0;0;0;1.0;1.0;0;0;0;0;0
1666466;0.74;1.00;22.0;2264.0;33.75;89.25;15.0;0;12.00;14.39;5.95;5.19;2.31;191638.0;22.0;22.0;42.0;4523.0;1006.34;820.30;2.0;1.0;0;1.0;1.0;0;1.0;0;0;1.0;0;0;1.0;1.0;0;0;1.0;0;0
1667011;1.24;0.98;21.0;1362.0;33.75;89.25;13.5;0;12.00;14.29;10.09;11.40;2.58;191638.0;22.0;21.0;42.0;4491.0;1006.34;781.24;2.0;1.0;0;1.0;0;0;1.0;0;0;1.0;0;0;1.0;1.0;0;0;0;0;0
1667555;1.2;0.97;20.0;1293.0;33.75;88.5;12.75;0;11.82;14.39;18.49;20.54;2.31;191638.0;20.0;21.0;40.0;4504.0;1006.34;761.70;2.0;1.0;0;1.0;1.0;0;1.0;0;0;1.0;0;0;1.0;1.0;0;0;1.0;0;0
1668176;1.24;0.95;20.0;1303.0;33.75;88.5;13.5;0;11.86;14.39;16.26;14.92;2.31;191638.0;20.0;20.0;40.0;4504.0;1006.34;351.55;2.0;1.0;0;1.0;0;0;1.0;0;0;1.0;0;0;1.0;1.0;0;0;0;0;0
1668970;1.16;0.96;18.0;1312.0;33.75;88.5;13.5;0;11.79;14.20;10.05;11.83;2.58;191638.0;19.0;19.0;40.0;4523.0;1006.34;39.06;2.0;1.0;0;1.0;1.0;0;1.0;0;0;1.0;0;0;1.0;1.0;0;0;1.0;0;0
1669544;1.21;0.98;15.0;1298.0;33.75;88.5;12.75;0;11.61;14.39;6.87;7.69;2.31;191638.0;16.0;16.0;40.0;4509.0;1006.34;722.64;0;1.0;0;1.0;0;0;1.0;0;0;1.0;0;0;1.0;1.0;0;0;0;0;0
1670075;1.18;0.96;12.0;1325.0;33.75;88.5;13.5;0;11.75;14.29;4.94;5.83;2.58;191638.0;13.0;13.0;40.0;4510.0;1006.34;566.39;1.0;1.0;0;1.0;0;0;1.0;0;0;1.0;0;0;1.0;1.0;0;0;0;0;0
1670623;1.23;0.94;10.0;1235.0;33.75;88.5;15.75;0;12.11;13.82;3.55;3.96;2.82;191638.0;11.0;11.0;40.0;4556.0;1006.34;527.33;1.0;1.0;0;1.0;0;0;1.0;0;0;1.0;0;0;1.0;1.0;0;0;0;0;0
1671225;1.32;0.95;8.0;1234.0;33.75;88.5;15.75;0;12.11;14.11;2.69;3.00;2.58;191638.0;9.0;9.0;40.0;4468.0;1006.34;0;1.0;1.0;0;1.0;0;0;1.0;0;0;1.0;0;0;1.0;1.0;0;0;0;0;0
1671789;1.31;0.97;8.0;1248.0;33.75;88.5;15.0;0;11.98;14.20;1.79;2.14;2.58;191638.0;9.0;8.0;41.0;4526.0;1006.34;19.53;1.0;1.0;0;1.0;0;0;1.0;0;0;1.0;0;0;1.0;1.0;0;0;0;0;0
1672320;1.37;0.99;7.0;1214.0;33.75;88.5;18.0;0;12.53;14.29;1.26;1.50;2.58;191638.0;8.0;7.0;41.0;4505.0;1006.34;58.59;1.0;1.0;0;1.0;0;0;1.0;0;0;1.0;0;0;1.0;1.0;0;0;0;0;0
1673081;1.66;1.00;6.0;1174.0;33.75;88.5;14.25;0.39;12.91;14.20;3.28;1.11;2.58;191638.0;6.0;5.0;55.0;4522.0;1006.34;820.30;1.0;1.0;0;1.0;0;0;1.0;0;0;1.0;0;0;1.0;1.0;0;0;0;0;0
1673640;1.86;0.99;7.0;1199.0;33.75;89.25;13.5;1.17;15.22;14.29;88.02;10.64;2.58;191638.0;8.0;5.0;52.0;4557.0;1006.34;58.59;1.0;1.0;0;1.0;0;0;1.0;0;0;1.0;0;0;1.0;1.0;0;0;0;0;0
1674216;1.38;1.00;3.0;1240.0;33.75;89.25;15.0;0;12.07;14.39;78.54;9.21;2.31;191638.0;4.0;4.0;40.0;4487.0;1006.34;78.12;1.0;1.0;0;1.0;0;0;1.0;0;0;1.0;0;0;1.0;1.0;0;0;0;0;0
1674751;1.32;1.00;3.0;1232.0;33.75;89.25;15.75;0;12.20;14.39;71.28;13.24;2.31;191638.0;0;3.0;41.0;4501.0;1006.34;839.83;1.0;1.0;0;1.0;0;0;1.0;0;0;1.0;0;0;1.0;1.0;0;0;0;0;0
1675273;1.59;0.99;0;1508.0;33.75;89.25;12.75;1.17;12.31;14.29;51.93;12.14;2.58;191638.0;0;0;45.0;4561.0;1006.34;839.83;1.0;1.0;0;1.0;0;0;1.0;0;0;1.0;0;0;1.0;1.0;0;0;0;0;0
1675810;1.21;0.99;0;1462.0;33.75;89.25;14.25;0;12.00;14.29;42.08;10.35;2.58;191638.0;0;0;41.0;4508.0;1006.34;820.30;1.0;1.0;0;1.0;0;0;1.0;0;0;1.0;0;0;1.0;1.0;0;0;0;0;0
1676349;1.31;0.98;0;1261.0;33.75;89.25;13.5;0;11.82;14.29;34.29;7.49;2.58;191638.0;0;0;40.0;4485.0;1006.34;820.30;1.0;1.0;0;1.0;0;0;1.0;0;0;1.0;0;0;1.0;1.0;0;0;0;0;0
1676918;1.21;0.96;0;1263.0;33.75;89.25;12.75;0;11.64;14.39;24.93;5.74;2.31;191638.0;0;0;39.0;4504.0;1006.34;722.64;1.0;1.0;0;1.0;0;0;1.0;0;0;1.0;0;0;1.0;1.0;0;0;0;0;0
1677449;1.18;0.94;0;1251.0;33.75;89.25;14.25;0;11.88;14.39;26.36;15.03;2.31;191638.0;0;0;40.0;4508.0;1006.34;664.05;1.0;1.0;0;1.0;0;0;1.0;0;0;1.0;0;0;1.0;1.0;0;0;0;0;0
1677997;1.22;0.94;0;1211.0;33.75;90.0;16.5;0;12.20;14.29;20.21;19.11;2.58;191638.0;0;0;39.0;4504.0;1006.34;19.53;1.0;1.0;0;1.0;0;0;1.0;0;0;1.0;0;0;1.0;1.0;0;0;0;0;0
1678889;1.16;0.96;0;1245.0;33.75;90.0;15.0;0;11.95;14.29;20.27;14.95;2.58;191638.0;0;0;41.0;4497.0;1006.34;19.53;1.0;1.0;0;1.0;0;0;1.0;0;0;1.0;0;0;1.0;1.0;0;0;0;0;0
1679479;1.64;0.99;0;1463.0;33.75;90.0;12.75;1.17;12.68;14.29;18.80;19.94;2.58;191638.0;0;0;45.0;4567.0;1006.34;19.53;1.0;1.0;0;1.0;0;0;1.0;0;0;1.0;0;0;1.0;1.0;0;0;0;0;0
1679999;1.72;1.00;0;1426.0;33.75;90.0;12.75;1.56;13.39;14.48;12.96;15.35;2.31;191638.0;0;0;46.0;4497.0;1006.34;683.58;1.0;1.0;0;1.0;0;0;1.0;0;0;1.0;0;0;1.0;1.0;0;0;0;0;0
1680551;1.78;0.99;0;1505.0;33.75;90.0;12.75;1.56;13.62;14.39;14.99;22.34;2.31;191638.0;0;0;45.0;4538.0;1006.34;820.30;1.0;1.0;0;1.0;0;0;1.0;0;0;1.0;0;0;1.0;1.0;0;0;0;0;0
1681063;1.06;0.98;2.0;1514.0;33.75;90.0;15.0;0;11.89;14.39;10.31;16.24;2.31;191638.0;3.0;0;40.0;4448.0;1006.34;820.30;1.0;1.0;0;1.0;0;0;1.0;0;0;1.0;0;0;1.0;1.0;0;0;0;0;0
1681609;1.18;0.96;2.0;1248.0;33.75;90.0;14.25;0;11.88;14.20;9.45;12.90;2.58;191638.0;3.0;0;40.0;4500.0;1006.34;800.77;1.0;1.0;0;1.0;0;0;1.0;0;0;1.0;0;0;1.0;1.0;0;0;0;0;0
1682139;1.27;0.95;2.0;1231.0;33.75;90.0;16.5;0;12.25;14.39;7.20;9.88;2.31;191638.0;3.0;0;41.0;4503.0;1006.34;39.06;1.0;1.0;0;1.0;0;0;1.0;0;0;1.0;0;0;1.0;1.0;0;0;0;0;0
1682669;1.23;0.97;2.0;1209.0;33.75;90.0;18.0;0;12.57;14.39;9.64;7.55;2.31;191638.0;3.0;0;42.0;4519.0;1006.34;39.06;1.0;1.0;0;1.0;0;0;1.0;0;0;1.0;0;0;1.0;1.0;0;0;0;0;0
1683507;1.37;0.99;0;1206.0;33.75;90.0;18.0;0;12.67;14.29;60.44;23.78;2.58;191638.0;0;0;43.0;4512.0;1006.34;39.06;1.0;1.0;0;1.0;0;0;1.0;0;0;1.0;0;0;1.0;1.0;0;0;0;0;0
1684029;1.21;1.01;0;1278.0;33.75;90.0;12.75;0;11.77;14.29;61.05;35.25;2.58;191638.0;0;0;42.0;4524.0;1006.34;58.59;1.0;1.0;0;1.0;0;0;1.0;0;0;1.0;0;0;1.0;1.0;0;0;0;0;0
1684628;1.28;1.03;0;1269.0;33.75;90.0;12.75;0;11.78;14.29;66.49;105.96;2.58;191638.0;0;0;40.0;4510.0;1006.34;78.12;1.0;1.0;0;1.0;0;0;1.0;0;0;1.0;0;0;1.0;1.0;0;0;0;0;0
1685158;1.22;1.05;0;1282.0;33.75;90.0;12.0;0;11.52;14.39;81.30;119.25;2.31;191638.0;0;0;40.0;4507.0;1006.34;312.49;1.0;1.0;0;1.0;0;0;1.0;0;0;1.0;0;0;1.0;1.0;0;0;0;0;0
1685730;1.30;1.04;0;1275.0;33.75;90.0;12.0;0;11.48;14.48;63.33;95.09;2.31;191638.0;0;0;39.0;4504.0;1006.34;703.11;1.0;1.0;0;1.0;0;0;1.0;0;0;1.0;0;0;1.0;1.0;0;0;0;0;0
1686329;1.38;1.03;0;1258.0;33.75;90.0;13.5;0;11.70;14.39;60.69;109.42;2.31;191638.0;0;0;38.0;4524.0;1006.34;195.31;1.0;1.0;0;1.0;0;0;1.0;0;0;1.0;0;0;1.0;1.0;0;0;0;0;0
1686895;1.37;1.04;0;1402.0;33.75;90.75;12.75;0.39;11.71;14.48;86.81;86.94;2.31;191638.0;0;0;45.0;4534.0;1006.34;820.30;1.0;1.0;0;1.0;0;0;1.0;0;0;1.0;0;0;1.0;1.0;0;0;0;0;0
1687432;1.28;1.02;0;1283.0;33.75;90.75;13.5;0;11.80;14.29;67.76;60.09;2.58;191638.0;0;0;39.0;4497.0;1006.34;839.83;1.0;1.0;0;1.0;0;0;1.0;0;0;1.0;0;0;1.0;1.0;0;0;0;0;0
1687958;1.25;1.00;0;1210.0;33.75;90.75;17.25;0;12.36;14.39;76.53;67.28;2.31;191638.0;0;0;40.0;4504.0;1006.34;800.77;1.0;1.0;0;1.0;0;0;1.0;0;0;1.0;0;0;1.0;1.0;0;0;0;0;0
1688771;1.24;0.99;0;1230.0;33.75;90.75;16.5;0;12.18;14.39;70.19;66.53;2.31;191638.0;0;0;40.0;4528.0;1006.34;761.70;1.0;1.0;0;1.0;0;0;1.0;0;0;1.0;0;0;1.0;1.0;0;0;0;0;0
1689300;1.16;0.98;0;1265.0;33.75;90.75;13.5;0;11.75;14.29;45.99;43.59;2.58;191638.0;0;0;40.0;4519.0;1006.34;19.53;1.0;1.0;0;1.0;0;0;1.0;0;0;1.0;0;0;1.0;1.0;0;0;0;0;0
1689881;1.24;1.00;0;1250.0;33.75;90.75;14.25;0;11.89;14.39;35.31;33.45;2.31;191638.0;0;0;40.0;4520.0;1006.34;58.59;1.0;1.0;0;1.0;0;0;1.0;0;0;1.0;0;0;0;1.0;0;0;0;0;0
1690426;1.32;1.02;0;1228.0;33.75;90.75;16.5;0;12.25;14.29;24.35;24.33;2.58;191638.0;0;0;40.0;4516.0;1006.34;58.59;1.0;1.0;0;1.0;0;0;1.0;0;0;1.0;0;0;1.0;1.0;0;0;0;0;0
1690948;1.30;1.03;0;1204.0;33.75;90.75;18.0;0;12.51;14.39;21.03;20.56;2.31;191638.0;0;0;41.0;4507.0;1006.34;58.59;1.0;1.0;0;1.0;0;0;1.0;0;0;1.0;0;0;1.0;1.0;0;0;0;0;0
1691500;1.31;1.05;0;1254.0;33.75;90.75;15.0;0;12.00;14.29;17.61;17.26;2.58;191638.0;0;0;42.0;4515.0;1006.34;97.65;1.0;1.0;0;1.0;0;0;1.0;0;0;1.0;0;0;1.0;1.0;0;0;0;0;0
1692057;1.36;1.05;0;1219.0;33.75;90.75;18.0;0;12.81;14.39;59.97;59.70;2.31;191638.0;0;0;44.0;4511.0;1006.34;800.77;1.0;1.0;0;1.0;0;0;1.0;0;0;1.0;0;0;1.0;1.0;0;0;0;0;0
1692602;1.27;1.03;0;1274.0;33.75;90.75;13.5;0;11.95;14.39;108.91;55.89;2.31;191638.0;0;0;43.0;4524.0;1006.34;624.99;1.0;1.0;0;1.0;0;0;1.0;0;0;1.0;0;0;1.0;1.0;0;0;0;0;0
1693517;1.31;1.03;0;1217.0;33.75;91.5;16.5;0;12.45;14.39;141.14;105.38;2.31;191638.0;0;0;43.0;4536.0;1006.34;78.12;1.0;1.0;0;1.0;1.0;0;1.0;0;0;1.0;0;0;1.0;1.0;0;0;1.0;0;0
1694076;1.29;1.05;0;1231.0;33.75;91.5;15.0;0;12.07;14.39;128.46;77.84;2.31;191638.0;0;0;40.0;4508.0;1006.34;722.64;1.0;1.0;0;1.0;1.0;0;1.0;0;0;1.0;0;0;1.0;1.0;0;0;1.0;0;0
1694618;1.22;1.03;0;1235.0;33.75;91.5;15.0;0;12.00;14.39;101.38;65.28;2.31;191638.0;0;0;39.0;4528.0;1006.34;390.62;0;1.0;0;1.0;0;0;1.0;0;0;1.0;0;0;1.0;1.0;0;0;1.0;0;0
1695158;1.31;1.04;0;1264.0;33.75;91.5;13.5;0;11.72;14.39;101.14;60.26;2.31;191638.0;0;0;39.0;4522.0;1006.34;449.21;0;1.0;0;1.0;0;0;1.0;0;0;1.0;0;0;1.0;1.0;0;0;1.0;0;0
1695693;1.22;1.03;0;1244.0;33.75;91.5;14.25;0;11.80;14.39;141.78;109.13;2.31;191638.0;0;0;38.0;4498.0;1006.34;761.70;0;1.0;0;1.0;0;1.0;1.0;0;0;1.0;0;0;1.0;1.0;0;1.0;0;0;0
1696218;1.62;1.00;0;695.0;33.75;91.5;12.75;0;12.14;13.92;169.12;168.46;2.82;191638.0;0;0;52.0;4566.0;1006.34;39.06;0;1.0;0;1.0;0;1.0;0;0;0;0;0;0;0;1.0;0;1.0;0;0;0
1696740;1.62;1.00;0;67.0;33.75;92.25;12.75;0;60.29;13.44;169.12;168.46;3.07;191638.0;0;0;115.0;4590.0;1006.34;39.06;0;1.0;0;1.0;0;0;0;0;0;0;0;0;0;1.0;0;0;1.0;0;0
1697280;1.62;1.00;0;0;33.75;92.25;12.75;0;60.29;13.35;169.12;168.46;3.07;191638.0;0;0;115.0;4592.0;1006.34;58.59;0;1.0;0;1.0;0;0;0;0;0;0;0;0;0;0;0;0;1.0;0;0
1698186;1.62;1.00;0;0;33.75;92.25;12.75;0;60.29;13.25;169.12;168.46;3.07;191638.0;0;0;115.0;4593.0;1006.34;78.12;0;1.0;0;1.0;0;0;0;0;0;0;0;0;0;0;0;0;1.0;0;0
1698724;1.62;1.00;0;0;33.75;92.25;12.75;0;60.29;13.16;169.12;168.46;3.24;191638.0;0;0;115.0;4597.0;1006.34;78.12;0;1.0;0;1.0;0;0;0;0;0;0;0;0;0;0;0;0;1.0;0;0
1699248;1.62;1.00;0;0;33.75;92.25;12.75;0;60.29;13.06;169.12;168.46;3.24;191638.0;0;0;115.0;4598.0;1006.34;78.12;0;1.0;0;1.0;0;0;0;0;0;0;0;0;0;0;0;0;1.0;0;0
1699783;1.62;1.00;0;0;33.75;92.25;12.75;0;60.29;13.25;169.12;168.46;3.07;191638.0;0;0;115.0;4598.0;1006.34;97.65;0;1.0;0;1.0;0;0;0;0;0;0;0;0;0;0;0;0;1.0;0;0
1700328;1.62;1.00;0;0;33.75;92.25;12.75;0;60.29;13.16;169.12;168.46;3.24;191638.0;0;0;115.0;4598.0;1006.34;97.65;0;1.0;0;1.0;0;0;0;0;0;0;0;0;0;0;0;0;1.0;0;0
1700857;1.62;1.00;0;0;33.75;92.25;12.75;0;60.29;13.16;169.12;168.46;3.24;191638.0;0;0;115.0;4601.0;1006.34;97.65;0;1.0;0;1.0;0;0;0;0;0;0;0;0;0;0;0;0;1.0;0;0
1701394;1.62;1.00;0;0;33.75;92.25;12.75;0;60.29;13.16;169.12;168.46;3.24;191638.0;0;0;115.0;4604.0;1006.34;97.65;0;1.0;0;1.0;0;0;0;0;0;0;0;0;0;0;0;0;1.0;0;0
1701913;1.62;1.00;0;0;33.75;92.25;12.75;0;60.29;13.16;169.12;168.46;3.24;191638.0;0;0;115.0;4604.0;1006.34;117.18;0;1.0;0;1.0;0;0;0;0;0;0;0;0;0;0;0;0;1.0;0;0
1702443;1.62;1.00;0;0;33.75;92.25;12.75;0;60.29;13.16;169.12;168.46;3.24;191638.0;0;0;115.0;4604.0;1006.34;117.18;0;1.0;0;1.0;0;0;0;0;0;0;0;0;0;0;0;0;1.0;0;0
1703213;1.62;1.00;0;0;33.75;92.25;12.75;0;60.29;13.06;169.12;168.46;3.24;191638.0;0;0;115.0;4604.0;1006.34;117.18;0;1.0;0;1.0;0;0;0;0;0;0;0;0;0;0;0;0;1.0;0;0
